{"baseBpm":200,"musics":[{"id":1,"baseBeats":0.25,"scores":["(c.F-2)[MN],f[MN],(c.F-2)[MN],(c.C-1)[M],f[M],(F-2.f)[MN],g[MN],(F-1.a)[MN],A-2[M],U,(F-2.a)[L],f[L],(F-2.c)[L],(C-2.a)[M],a[M],(F-2.a)[LM],c[M],c[M],(F-2.c)[LM],A-2[M],U, (F-2.c)[L],(C-1.c)[L],"]},{"id":2,"baseBeats":0.25,"scores":["(F-1.a)[L],(C-1.a)[M],c[M],(F-2.c)[L],c[L],(F-2.a)[LM],WW,A-2[M],WW,(F-2.a)[L],(C-1.f)[L],(F-2.c)[L],(C-1.a)[M],a[M],(F-2.a)[L],(#A-2.g)[L],(F-2.f)[LM],A-2[MN],W,F-2[M],WW,A-3[MN],W;"]},{"id":3,"baseBeats":0.25,"scores":["(c.F-2)[MN],f[MN],(c.F-2)[MN],(c.C-1)[M],f[M],(F-2.f)[L],g[MN],(F-1.a)[MN],A-2[M],U,(F-2.a)[L],f[L],(F-2.c)[MN],(C-2.a)[M],a[M],(F-2.a)[LM],c[M],c[M],(F-2.c)[LM],A-2[M],U, (F-2.c)[L],(C-1.c)[L],(F-1.a)[L],(C-1.a)[M],c[M],(F-2.c)[L],c[L],(F-2.a)[LM],WW,A-2[M],WW,(F-2.a)[L],(C-1.f)[L],(F-2.c)[L],(C-1.a)[M],a[M],(F-2.a)[L],(#A-2.g)[L],(F-2.f)[LM],A-2[MN],WW,F-2[M],WW,A-3[MN],"]}]}