{"baseBpm":19950619,"musics":[{"id":1,"baseBeats":0.25,"scores":["(g.c1.e1.C-2.C-1)[M],(e4.C-1)[M],(c4.G-1)[M],(g3.c)[M],(c3.e)[M],(e3.c)[M],(c3.g)[M],(g2.c1)[M],(c2.e1)[M],(g2.c1)[M],(c3.g1)[M],(e3.c2)[M],(c3.e2)[M],(g2.c2)[M],(c2.g1)[M],(e2.c1)[M],(c2.e1)[M],(g1.c1)[M],(c1.g)[M],(e1.c)[M],(c1.e)[M],(g.c)[M],(e.G-1)[M],(c.C-1.c)[M],(a.c1.f1.F-2.F-1)[M],(f4.C-1)[M],(c4.A-1)[M],(a3.c)[M],(c3.f)[M],(f3.c)[M],(c3.a)[M],(a2.c1)[M],(c2.f1)[M],(a2.c1)[M],(c3.a1)[M],(e3.c2)[M],(c3.e2)[M],(a2.c2)[M],(c2.a1)[M],(e2.c1)[M],(c2.e1)[M],(a1.c1)[M],(c1.a)[M],(e1.e1.c)[M],(d1.#F-2.#F-1)[M],c1[M],a[M],d[M],(g.b.d1.G-2.G-1)[M],(d4.B-2)[M],(b3.G-1)[M],(g3.B-1)[M],(b2.d)[M],(d3.B-1)[M],(b2.g)[M],(#f2.b)[M],(b1.d1)[M],(e2.b)[M],(g2.g1)[M],(d3.b1)[M],(a2.d2)[M],(#f2.a1)[M],(c2.#f1)[M],(d2.c1)[M],(a1.d1)[M],(#f1.a)[M],(c1.#f)[M],(d1.c)[M],(a.D-1.d)[M],#f[M],c[M],d[M],(f.#g.c1.d1.G-2.G-1)[M],(d4.C-1)[M],(#g3.F-1)[M],(f3.#G-1)[M],(c3.d)[M],(d3.c)[M],(#g2.f)[M],(f2.#g)[M],(c2.d1)[M],(f2.c1)[M],(#g2.f1)[M],(d3.#g1)[M],(g2.d2)[M],(f2.g1)[M],(b1.f1)[M],(d2.b)[M],(g1.d1)[M],(f1.g)[M],(b.f)[M],(#d1.B-1)[M],(b.G-2.G-1)[M],g[M],f[M],B-1[M],(g.c1.e1.C-2.C-1)[M],(e4.C-1)[M],(c4.G-1)[M],(g3.c)[M],(c3.e)[M],(e3.c)[M],(c3.g)[M],(g2.c1)[M],(c2.e1)[M],(g2.c1)[M],(c3.g1)[M],(e3.c2)[M],(c3.e2)[M],(g2.c2)[M],(c2.g1)[M],(e2.c1)[M],(c2.e1)[M],(g1.c1)[M],(c1.g)[M],(e1.c)[M],(c1.e)[M],(g.c)[M],(e.G-1)[M],(c.C-1.c)[M],(a.c1.f1.A-2.A-1)[M],(f4.C-1)[M],(c4.F-1)[M],(a3.c)[M],(c3.f)[M],(f3.c)[M],(c3.f)[M],(a2.c1)[M],(c2.f1)[M],(a2.c1)[M],(c3.f1)[M],(e3.c2)[M],(a2.e2)[M],(#f2.c2)[M],(c2.#f1)[M],(e2.c1)[M],(a1.e1)[M],(#f1.c1)[M],(c1.#f)[M],(e1.c)[M],(a.e)[M],(#f.c)[M],(e.#F-1)[M],(c.C-1.c)[M],(g.c1.d1.G-2.G-1)[M],(d4.C-1)[M],(c4.G-1)[M],(g3.c)[M],(c3.d)[M],(d3.c)[M],(c3.g)[M],(g2.c1)[M],(c2.d1)[M],(g2.c1)[M],(c3.g1)[M],(d3.c2)[M],(b2.d2)[M],(g2.b1)[M],(b1.g1)[M],(d2.b)[M],(b1.d1)[M],(g1.b)[M],(b.g)[M],(d1.B-1)[M],(b.d)[M],(g.B-1)[M],(d.G-1)[M],(B-2.B-1)[M],(g.d1.e1.C-2.C-1)[M],(e4.D-1)[M],(d4.G-1)[M],(g3.d)[M],(d3.e)[M],(e3.d)[M],(d3.g)[M],(g2.d1)[M],(d2.e1)[M],(g2.d1)[M],(d3.g1)[M],(e3.c2)[M],(c3.e2)[M],(g2.c2)[M],(c2.g1)[M],(e2.c1)[M],(c2.e1)[M],(g1.c1)[M],(c1.g)[M],(e1.e1.c)[M],(c1.e)[M],(g.c)[M],(e.G-1)[M],(C-1.c)[M],(c1.e1.A-2.A-1)[M],(f4.E-1)[M],(e4.c)[M],(c4.e)[M],(e3.f)[M],(f3.e)[M],(e3.c1)[M],(c3.e1)[M],(e2.f1)[M],(c3.e1)[M],(e3.c2)[M],(f3.e2)[M],(d3.f2)[M],(b2.d2)[M],(d2.b1)[M],(f2.d1)[M],(d2.f1)[M],(b1.d1)[M],(d1.b)[M],(f1.d)[M],(d1.A-2.A-1)[M],b[M],f[M],d[M],(e.b.e1.#G-2.#G-1)[M],(e4.D-1)[M],(d4.B-1)[M],(b3.d)[M],(d3.e)[M],(e3.d)[M],(d3.b)[M],(b2.d1)[M],(d2.e1)[M],(b2.d1)[M],(d3.b1)[M],(e3.d2)[M],(c3.e2)[M],(a2.c2)[M],(c2.a1)[M],(e2.c1)[M],(c2.e1)[M],(a1.c1)[M],(c1.a)[M],(e1.c)[M],(c1.G-2.G-1)[M],a[M],e[M],c[M],(a.c1.a1.F-2.F-1)[M],(e4.C-1)[M],(c4.A-1)[M],(a3.c)[M],(c3.e)[M],(e3.c)[M],(c3.a)[M],(a2.c1)[M],(c2.e1)[M],(a2.c1)[M],(c3.a1)[M],(#d3.c2)[M],(b2.#d2)[M],(a2.b1)[M],(b1.a1)[M],(#d2.b)[M],(b1.#d1)[M],(a1.b)[M],(b.a)[M],(#d1.B-1)[M],(b.F-2.F-1)[M],a[M],#d[M],B-1[M],(e.a.b.e1.E-2.E-1)[M],(e4.B-2)[M],(b3.A-1)[M],(a3.B-1)[M],(b2.e)[M],(e3.B-1)[M],(b2.a)[M],(a2.b)[M],(b1.e1)[M],(a2.b)[M],(b2.a1)[M],(e3.b1)[M],(b2.e2)[M],(#g2.b1)[M],(b1.#g1)[M],(e2.b)[M],(b1.e1)[M],(#g1.b)[M],(b.#g)[M],(e1.B-1)[M],(b.E-2.E-1)[M],#g[M],e[M],B-1[M],(a.#c1.g1.A-2.A-1)[M],(g4.E-1)[M],(#c4.A-1)[M],(a3.#c)[M],(e3.g)[M],(g3.e)[M],(#c3.a)[M],(a2.#c1)[M],(e2.g1)[M],(a2.e1)[M],(#c3.a1)[M],(g3.#c2)[M],(#c3.g2)[M],(a2.#c2)[M],(e2.a1)[M],(g2.e1)[M],(#c2.g1)[M],(a1.#c1)[M],(e1.a)[M],(g1.e)[M],(#f1.D-2.D-1)[M],c1[M],a[M],d[M],(g.c1.f1.G-2.G-1)[M],(f4.D-1)[M],(c4.G-1)[M],(g3.c)[M],(d3.f)[M],(f3.d)[M],(c3.g)[M],(g2.c1)[M],(d2.f1)[M],(g2.d1)[M],(c3.g1)[M],(f3.c2)[M],(b2.f2)[M],(g2.b1)[M],(d2.g1)[M],(f2.d1)[M],(b1.f1)[M],(g1.b)[M],(d1.g)[M],(f1.d)[M],"]},{"id":2,"baseBeats":0.25,"scores":["(e1.C-2.C-1)[M],b[M],g[M],c[M],(g.#a.e1.C-1.c)[M],(e4.C-1)[M],(#a3.G-1)[M],(g3.#A-1)[M],(c3.e)[M],(e3.c)[M],(#a2.g)[M],(g2.#a)[M],(c2.e1)[M],(g2.c1)[M],(#a2.g1)[M],(#d3.#a1)[M],(#a2.#d2)[M],(#f2.#a1)[M],(c2.e1)[M],(#d2.c1)[M],(#a1.#d1)[M],(#f1.#a)[M],(c1.#d)[M],(#d1.c)[M],(#a.#F-2.#F-1)[M],#d[M],c[M],#A-1[M],(#d.a.#d1.F-2.F-1)[M],(#d4.C-1)[M],(a3.#D-1)[M],(#d3.A-1)[M],(c3.#d)[M],(#d3.c)[M],(a2.#d)[M],(#d2.a)[M],(c2.#d1)[M],(#d2.c1)[M],(a2.#d1)[M],(#d3.a1)[M],(#g2.#d2)[M],(#d2.#g1)[M],(b1.#d1)[M],(#d2.b)[M],(#g1.#d1)[M],(#d1.#g)[M],(b.#d)[M],(#d1.B-1)[M],(b.F-2.F-1)[M],#g[M],#d[M],B-1[M],(d.#g.d1.#A-2.#A-1)[M],(d4.#A-2)[M],(#g3.F-1)[M],(f3.#G-1)[M],(#a2.d)[M],(d3.#A-1)[M],(#g2.f)[M],(f2.#g)[M],(#a1.d1)[M],(f2.#a)[M],(#g2.f1)[M],(d3.#g1)[M],(#g2.d2)[M],(e2.#g1)[M],(#a1.e1)[M],(d2.#a)[M],(#g1.d1)[M],(e1.#g)[M],(#a.e)[M],(d1.#A-1)[M],(#g.d)[M],(e.#G-1)[M],(d.E-1)[M],(#A-1.#A-2.#A-1)[M],(d.e.a.d1.A-2.A-1)[M],(d4.A-2)[M],(a3.E-1)[M],(e3.G-1)[M],(a2.d)[M],(d3.A-1)[M],(a2.e)[M],(e2.a)[M],(a1.d1)[M],(e2.a)[M],(a2.e1)[M],(#c3.a1)[M],(a2.#c2)[M],(e2.a1)[M],(a1.e1)[M],(#c2.a)[M],(a1.#c1)[M],(e1.a)[M],(a.e)[M],(#c1.A-1)[M],(a.#c)[M],(e.A-1)[M],(#c.E-1)[M],(A-1.A-2.A-1)[M],(c1.#f1.c2.D-2.D-1)[M],(c3.c4.A-2)[M],(#f3.D-1)[M],(d3.#F-1)[M],(a2.c)[M],(c3.A-1)[M],(#f2.d)[M],(d2.#f)[M],(a1.c1)[M],(d2.a)[M],(#f2.d1)[M],(c3.#f1)[M],(f2.c2)[M],(d2.f1)[M],(a1.d1)[M],(c2.a)[M],(b1.b2.c1)[M],(a1.a2.f)[M],(g1.g2.d)[M],(f1.f2.A-1)[M],(e1.e2.B-1)[M],(d1.d2.F-1)[M],(c1.c2.D-1)[M],(b.b1.G-2)[M],(b.e1.b1.C-2.C-1)[M],(b2.b3.G-2)[M],(e3.C-1)[M],(c3.E-1)[M],(g2.B-1)[M],(b2.G-1)[M],(e2.c)[M],(c2.e)[M],(g1.b)[M],(c2.g)[M],(e2.c1)[M],(b2.e1)[M],(e2.b1)[M],(c2.e1)[M],(f1.c1)[M],(b1.f)[M],(a1.a2.b)[M],(g1.g2.e)[M],(f1.f2.c)[M],(e1.e2.F-1)[M],(d1.d2.A-1)[M],(c1.c2.E-1)[M],(b.b1.C-1)[M],(a.a1.F-2)[M],(a.d1.a1.B-3.B-2)[M],(a2.a3.F-1)[M],(d3.B-1)[M],(b2.d)[M],(f1.f2.a)[M],(g1.g2.g)[M],(a1.a2.f)[M],(b1.b2.e)[M],(c2.c3.d)[M],(d2.d3.c)[M],(e2.e3.B-1)[M],(f2.f3.A-1)[M],(g3.g2.E-1)[M],(d3.B-1)[M],(b2.d)[M],(e2.g)[M],(g2.e)[M],(d2.b)[M],(b1.d1)[M],(e1.g1)[M],(a1.c1)[M],(c2.a)[M],(g2.e)[M],(e2.g)[M],(f3.f2.D-1)[M],(c3.A-1)[M],(a2.c)[M],(d2.f)[M],(f2.d)[M],(c2.a)[M],(a1.c1)[M],(d1.f1)[M],(g1.b)[M],(b1.g)[M],(f2.d)[M],(d2.f)[M],(e3.e2.C-1)[M],(b2.G-1)[M],(g2.B-1)[M],(c2.e)[M],(e2.c)[M],(b1.g)[M],(g1.b)[M],(c1.e1)[M],(f1.a)[M],(a1.f)[M],(e2.c)[M],(c2.e)[M],(d3.d2.B-2)[M],(a2.F-1)[M],(f2.A-1)[M],(b1.d)[M],(d2.B-1)[M],(a1.f)[M],(f1.a)[M],(b.d1)[M],(f1.a)[M],(a1.f)[M],(d2.B-1)[M],(b1.d)[M],(#d3.#d2.B-2)[M],(a2.#F-1)[M],(#f2.A-1)[M],(b1.#d)[M],(#d2.B-1)[M],(a1.#f)[M],(#f1.a)[M],(b.#d1)[M],(#f1.a)[M],(a1.#f)[M],(#d2.B-1)[M],(b1.#d)[M],(e3.e2.E-2)[M],(#g2.B-2)[M],(e2.E-1)[M],(b1.#G-1)[M],(e2.E-1)[M],(#g1.B-1)[M],(e1.e)[M],(b.#g)[M],(e1.e)[M],(#g1.b)[M],(b1.e1)[M],(e2.#g1)[M],(#g2.b2.e1)[M],(e3.b1)[M],(#g3.e2)[M],(b3.#g2)[M],(e3.#g3.e4.e2.b2)[K],(g.b.f1.g1.D-1.G-1.d)[L],(G-2.G-1)[L],(e1.g1.c2.e2.C-2.E-2.G-2.C-1)[M],(e4.C-1)[M],(c4.G-1)[M],(g3.c)[M],(c3.e)[M],(e3.c)[M],(c3.g)[M],(g2.c1)[M],(c2.e1)[M],(g2.c1)[M],(c3.g1)[M],(e3.c2)[M],(c3.e2)[M],(g2.c2)[M],(c2.g1)[M],(e2.c1)[M],(e2.e3.e1)[M],(d2.c1)[M],(c2.g)[M],(b1.c)[M],(a1.e)[M],(g1.c)[M],(f1.G-1)[M],(e1.C-1.c)[M],(f1.a1.c2.f2.C-2.F-2.A-2.C-1)[M],(f4.C-1)[M],(c4.A-1)[M],(a3.c)[M],(c3.f)[M],(f3.c)[M],(c3.a)[M],(a2.c1)[M],(c2.f1)[M],(a2.c1)[M],(c3.a1)[M],(e3.c2)[M],(a2.e2)[M],(#f2.c2)[M],(c2.a1)[M],(d2.c1)[M],(e2.e3.e1)[M],(d2.c1)[M],(c2.a)[M],(b1.c)[M],(a1.e)[M],(g1.c)[M],(#f1.A-1)[M],(e1.C-1)[M],(d1.g1.b1.d2.G-2.B-2.D-1.G-1)[M],(d4.B-2)[M],(b3.G-1)[M],(g3.B-1)[M],(b2.d)[M],(d3.B-1)[M],(b2.g)[M],(#f2.b)[M],(b1.d1)[M],(e2.b)[M],(g2.g1)[M],(d3.b1)[M],(a2.d2)[M],(#f2.a1)[M],(c2.#f1)[M],(d2.c1)[M],(d2.d3.d1)[M],(c2.a)[M],(b1.#f)[M],(a1.c)[M],(g1.d)[M],(#f1.A-1)[M],(e1.#F-1)[M],(d1.C-1)[M],"]},{"id":3,"baseBeats":0.25,"scores":["(c1.d1.f1.#g1.d2.G-2.C-1.D-1.G-1)[M],(d4.C-1)[M],(#g3.F-1)[M],(f3.#G-1)[M],(c3.d)[M],(d3.c)[M],(#g2.f)[M],(f2.#g)[M],(c2.d1)[M],(f2.c1)[M],(#g2.f1)[M],(d3.#g1)[M],(g2.d2)[M],(f2.g1)[M],(b1.f1)[M],(c2.b)[M],(d2.d3.d1)[M],(c2.g)[M],(b1.f)[M],(a1.B-1)[M],(g1.d)[M],(f1.G-1)[M],(e1.F-1)[M],(d1.B-2)[M],(e1.g1.c2.e2.C-2.E-2.G-2.C-1)[M],(e4.C-1)[M],(c4.G-1)[M],(g3.c)[M],(c3.e)[M],(e3.c)[M],(c3.g)[M],(g2.c1)[M],(c2.e1)[M],(g2.c1)[M],(c3.g1)[M],(e3.c2)[M],(c3.e2)[M],(g2.c2)[M],(c2.g1)[M],(d2.c1)[M],(e2.e1)[M],(d2.c1)[M],(c2.g)[M],(b1.c)[M],(a1.e)[M],(g1.c)[M],(f1.G-1)[M],(e1.C-1)[M],(f1.a1.c2.f2.A-2.C-1.F-1.A-1)[M],(f4.C-1)[M],(c4.F-1)[M],(a3.c)[M],(c3.f)[M],(f3.c)[M],(c3.f)[M],(a2.c1)[M],(c2.f1)[M],(a2.c1)[M],(c3.f1)[M],(e3.c2)[M],(a2.e2)[M],(#f2.c2)[M],(c2.#f1)[M],(e2.c1)[M],(a1.e1)[M],(#f1.c1)[M],(c1.#f)[M],(d1.c)[M],(#d1.#G-2.C-1.#G-1)[M],c1[M],#f[M],c[M],(G-2.C-1.D-1.G-1)[M],(d4.C-1)[M],(c4.G-1)[M],(g3.c)[M],(c3.d)[M],(d3.c)[M],(c3.g)[M],(g2.c1)[M],(c2.d1)[M],(g2.c1)[M],(c3.g1)[M],(d3.c2)[M],(b2.d2)[M],(g2.b1)[M],(b1.g1)[M],(c2.b)[M],(d2.d1)[M],(e1.e2.b)[M],(f1.f2.g)[M],(g1.g2.B-1)[M],(a1.a2.d)[M],(b1.b2.B-1)[M],(c2.c3.G-1)[M],(d2.d3.B-2)[M],(G-2.C-1.D-1.G-1)[M],(d4.C-1)[M],(c4.A-1)[M],(a3.c)[M],(c3.d)[M],(d3.c)[M],(c3.a)[M],(a2.c1)[M],(c2.d1)[M],(a2.c1)[M],(c3.a1)[M],(#d3.c2)[M],(c3.#d2)[M],(a2.c2)[M],(c2.a1)[M],(d2.c1)[M],(#d2.#d1)[M],(e1.e2.b)[M],(#f1.#f2.a)[M],(#g1.#g2.B-1)[M],(a1.a2.#d)[M],(b1.b2.B-1)[M],(#c2.#c3.A-1)[M],(#d2.#d3.B-2)[M],(e2.#g2.b2.e3.E-2.#G-2.B-2.E-1)[M],(e4.B-2)[M],(b3.#G-1)[M],(#g3.B-1)[M],(b2.e)[M],(e3.B-1)[M],(b2.#g)[M],(#g2.b)[M],(b1.e1)[M],(#g2.b)[M],(b2.#g1)[M],(e3.b1)[M],(b2.e2)[M],(#g2.b1)[M],(e2.#g1)[M],(#f2.b)[M],(#g1.#g2.e1)[M],(a1.a2.b)[M],(b1.b2.#g)[M],(c2.c3.B-1)[M],(d2.d3.e)[M],(e2.e3.B-1)[M],(#f2.#f3.#G-1)[M],(#g2.#g3.B-2)[M],(a2.d3.f3.a3.D-2.A-2.C-1.D-1)[M],(f4.D-1)[M],(c4.A-1)[M],(a3.c)[M],(d3.f)[M],(f3.c)[M],(c3.a)[M],(a2.c1)[M],(d2.f1)[M],(a2.d1)[M],(c3.a1)[M],(f3.c2)[M],5<(b2.f2)[N],c3[N]>,5<(b2.b1)[N],c3[N]>,5<(b2.g1)[N],c3[N]>,5<(b2.d1)[N],c3[N]>,5<(b2.f1)[N],c3[N]>,5<(b2.b)[N],c3[N]>,5<(b2.g)[N],c3[N]>,5<(b2.d)[N],c3[N]>,5<(b2.f.b)[N],c3[N]>,5<(b2.B-1)[N],c3[N]>,5<(c3.G-1)[N],b2[N]>,5<(a2.G-2)[N],b2[N]>,(c2.e2.c3.C-2.E-2.G-2.C-1)[M],(e4.C-1)[M],(c4.G-1)[M],(g3.c)[M],(c3.e)[M],(e3.c)[M],(c3.g)[M],(g2.c1)[M],(c2.e1)[M],(#a2.c1)[M],(g3.#a1)[M],(#f3.c2)[M],(c3.#f2)[M],(a2.c2)[M],(#d2.a1)[M],(#f2.#d1)[M],(c2.#f1)[M],(a1.c1)[M],(#d1.a)[M],(f2.#d)[M],(b1.f1)[M],(#g1.b)[M],(d1.#g)[M],(f2.d)[M],(C-2.C-1)[M],(e4.C-1)[M],(c4.G-1)[M],(g3.c)[M],(c3.e)[M],(e3.c)[M],(c3.g)[M],(g2.c1)[M],(c2.e1)[M],(g2.c1)[M],(c3.g1)[M],(#d3.c2)[M],(a2.#d2)[M],(#f2.a1)[M],(c2.#f1)[M],(#d2.#d2.c1)[M],(a1.#d1)[M],(#f1.a)[M],(c1.#f)[M],(d2.c)[M],(#g1.d1)[M],(f1.#g)[M],(b.f)[M],(d2.B-1)[M],(G-2.G-1)[M],(#c4.#A-2)[M],(g3.E-1)[M],(e3.G-1)[M],(#a2.#c)[M],(e3.#A-1)[M],(g2.e)[M],(e2.g)[M],(#a1.#c1)[M],(e2.#a)[M],(g2.e1)[M],(#c3.g1)[M],(#f2.#c2)[M],(#d2.#f1)[M],(a1.#d1)[M],(#c2.#c2.a)[M],(#f1.d1)[M],(#d1.#f)[M],(a.#d)[M],(#c2.A-1)[M],(#f1.c1)[M],(#d1.#f)[M],(a.#d)[M],(c2.A-1)[M],(G-2.G-1)[M],(c4.#G-2)[M],(f3.D-1)[M],(d3.F-1)[M],(#g2.c)[M],(c3.#G-1)[M],(f2.d)[M],(d2.f)[M],(#g1.c1)[M],(d2.#g)[M],(f2.d1)[M],(c3.f1)[M],(f2.c2)[M],(d2.f1)[M],(#g1.d1)[M],(c2.c2.#g)[M],(f1.c1)[M],(d1.f)[M],(#g.d)[M],(b1.#G-1)[M],(f1.b)[M],(d1.f)[M],(g.d)[M],(b1.G-1)[M],(C-2.C-1)[M],(c4.G-2)[M],(g3.E-1)[M],(e3.G-1)[M],(g2.c)[M],(c3.G-1)[M],(g2.e)[M],(e2.g)[M],(g1.c1)[M],(e2.g)[M],(g2.e1)[M],(c3.g1)[M],(g2.c2)[M],(e2.g1)[M],(g1.e1)[M],(c2.g)[M],(g1.c1)[M],(e1.g)[M],(g.e)[M],(c1.G-1)[M],(g.c)[M],(e.G-1)[M],(G-1.E-1)[M],(c.G-2)[M],(C-2.C-1)[IJ],S,"]}]}