{"baseBpm":19950619,"musics":[{"id":1,"baseBeats":0.5,"scores":["(E-2.E-1)[H],e2[J],e2[K],e2[K],g2[JK],g2[K],b2[K],b2[K],b2[K],g2[K],e2[I],e2[J],e2[K],e2[K],g2[JK],g2[K],b2[K],b2[K],b2[K],g2[K],e2[K],(e2.g2.b2.e3)[K],(e3.g3.b3.e4)[J],5<e1[M],g1[M]>,5<a1[M],b1[M]>,5<e2[M],b1[M]>,5<a1[M],g1[M]>,5<e1[M],g1[M]>,5<a1[M],b1[M]>,5<e2[M],b1[M]>,5<a1[M],g1[M]>,5<e1[M],g1[M]>,5<a1[M],b1[M]>,5<e2[M],g2[M]>,5<a2[M],b2[M]>,5<e3[M],b2[M]>,5<a2[M],g2[M]>,5<e2[M],b1[M]>,5<a1[M],g1[M]>,5<e1[M],g1[M]>,5<a1[M],b1[M]>,5<e2[M],b1[M]>,5<a1[M],g1[M]>,5<e1[M],g1[M]>,5<a1[M],b1[M]>,5<e2[M],b1[M]>,5<a1[M],g1[M]>,5<e1[M],g1[M]>,5<a1[M],b1[M]>,5<e2[M],g2[M]>,5<a2[M],b2[M]>,5<e3[M],b2[M]>,5<a2[M],g2[M]>,5<e2[M],b1[M]>,5<a1[M],g1[M]>,5<e1[M],g1[M]>,5<a1[M],b1[M]>,5<e2[M],b1[M]>,5<a1[M],g1[M]>,5<e1[M],g1[M]>,5<a1[M],b1[M]>,5<e2[M],b1[M]>,5<a1[M],g1[M]>,5<e1[M],g1[M]>,5<a1[M],b1[M]>,5<e2[M],g2[M]>,5<a2[M],b2[M]>,5<e3[M],b2[M]>,5<a2[M],g2[M]>,5<e2[M],b1[M]>,5<a1[M],g1[M]>,5<e1[M],g1[M]>,5<a1[M],b1[M]>,5<e2[M],b1[M]>,5<a1[M],g1[M]>,5<e1[M],g1[M]>,5<a1[M],b1[M]>,5<e2[M],b1[M]>,5<a1[M],g1[M]>,5<e1[M],g1[M]>,5<a1[M],b1[M]>,5<e2[M],g2[M]>,5<a2[M],b2[M]>,5<e3[M],b2[M]>,5<a2[M],g2[M]>,5<e2[M],b1[M]>,5<a1[M],g1[M]>,5<e1[M],g1[M]>,5<a1[M],b1[M]>,5<e2[M],b1[M]>,5<a1[M],g1[M]>,5<e1[M],g1[M]>,5<a1[M],b1[M]>,5<e2[M],b1[M]>,5<a1[M],g1[M]>,5<e1[M],g1[M]>,5<a1[M],b1[M]>,5<e2[M],g2[M]>,5<a2[M],b2[M]>,5<e3[M],b2[M]>,5<a2[M],g2[M]>,5<e2[M],b1[M]>,5<a1[M],g1[M]>,5<e1[M],g1[M]>,5<a1[M],b1[M]>,5<e2[M],b1[M]>,5<a1[M],g1[M]>,5<e1[M],g1[M]>,5<a1[M],b1[M]>,5<e2[M],b1[M]>,5<a1[M],g1[M]>,5<e1[M],g1[M]>,5<a1[M],b1[M]>,5<e2[M],g2[M]>,5<a2[M],b2[M]>,5<e3[M],b2[M]>,5<a2[M],g2[M]>,5<e2[M],b1[M]>,5<a1[M],g1[M]>,5<e1[M],g1[M]>,5<a1[M],b1[M]>,5<e2[M],b1[M]>,5<a1[M],g1[M]>,5<e1[M],g1[M]>,5<a1[M],b1[M]>,5<e2[M],b1[M]>,5<a1[M],g1[M]>,5<e1[M],g1[M]>,5<a1[M],b1[M]>,5<e2[M],g2[M]>,5<a2[M],b2[M]>,5<e3[M],b2[M]>,5<a2[M],g2[M]>,5<e2[M],b1[M]>,5<a1[M],g1[M]>,5<e1[M],g1[M]>,5<a1[M],b1[M]>,5<e2[M],b1[M]>,5<a1[M],g1[M]>,5<e1[M],g1[M]>,5<a1[M],b1[M]>,5<e2[M],b1[M]>,5<a1[M],g1[M]>,5<e1[M],g1[M]>,5<a1[M],b1[M]>,5<e2[M],g2[M]>,5<a2[M],b2[M]>,5<a2[M],g2[M]>,5<e2[M],b1[M]>,5<a1[M],g1[M]>,5<e1[M],b[M]>,5<e1[M],g1[M]>,5<a1[M],g1[M]>,5<b1[M],g1[M]>,5<a1[M],g1[M]>,5<e1[M],g1[M]>,5<a1[M],g1[M]>,5<b1[M],g1[M]>,5<a1[M],g1[M]>,5<e1[M],g1[M]>,5<a1[M],g1[M]>,5<b1[M],g1[M]>,5<a1[M],g1[M]>,5<e1[M],g1[M]>,5<a1[M],g1[M]>,5<b1[M],g1[M]>,5<a1[M],g1[M]>,5<a[M],c1[M]>,5<d1[M],c1[M]>,5<e1[M],c1[M]>,5<d1[M],c1[M]>,5<a[M],c1[M]>,5<d1[M],c1[M]>,5<e1[M],c1[M]>,5<d1[M],c1[M]>,5<b[M],#d1[M]>,5<e1[M],#d1[M]>,5<#f1[M],#d1[M]>,5<e1[M],#d1[M]>,5<b[M],#d1[M]>,5<e1[M],#d1[M]>,5<#f1[M],#d1[M]>,5<e1[M],#d1[M]>,5<e1[M],g1[M]>,5<a1[M],g1[M]>,5<b1[M],g1[M]>,5<a1[M],g1[M]>,5<e1[M],g1[M]>,5<a1[M],g1[M]>,5<b1[M],g1[M]>,5<a1[M],g1[M]>,5<e1[M],g1[M]>,5<a1[M],g1[M]>,5<b1[M],g1[M]>,5<a1[M],g1[M]>,5<e1[M],g1[M]>,5<a1[M],g1[M]>,5<b1[M],g1[M]>,5<a1[M],g1[M]>,5<a[M],c1[M]>,5<d1[M],c1[M]>,5<e1[M],c1[M]>,5<d1[M],c1[M]>,5<a[M],c1[M]>,5<d1[M],c1[M]>,5<e1[M],c1[M]>,5<d1[M],c1[M]>,5<b[M],#d1[M]>,5<e1[M],#d1[M]>,5<#f1[M],#d1[M]>,5<e1[M],#d1[M]>,5<b[M],#d1[M]>,5<e1[M],#d1[M]>,5<#f1[M],#d1[M]>,5<e1[M],#d1[M]>,5<e1[M],g1[M]>,5<a1[M],g1[M]>,5<b1[M],g1[M]>,5<a1[M],g1[M]>,5<e1[M],g1[M]>,5<a1[M],g1[M]>,5<b1[M],g1[M]>,5<a1[M],g1[M]>,5<e1[M],g1[M]>,5<a1[M],g1[M]>,5<b1[M],g1[M]>,5<a1[M],g1[M]>,5<e1[M],g1[M]>,5<a1[M],g1[M]>,5<b1[M],g1[M]>,5<a1[M],g1[M]>,5<a[M],c1[M]>,5<d1[M],c1[M]>,5<e1[M],c1[M]>,5<d1[M],c1[M]>,5<a[M],c1[M]>,5<d1[M],c1[M]>,5<e1[M],c1[M]>,5<d1[M],c1[M]>,5<b[M],#d1[M]>,5<e1[M],#d1[M]>,5<#f1[M],#d1[M]>,5<e1[M],#d1[M]>,5<b[M],#d1[M]>,5<e1[M],#d1[M]>,5<#f1[M],#d1[M]>,5<e1[M],#d1[M]>,5<e1[M],g1[M]>,5<a1[M],g1[M]>,5<b1[M],g1[M]>,5<a1[M],g1[M]>,5<e1[M],g1[M]>,5<a1[M],g1[M]>,5<b1[M],g1[M]>,5<a1[M],g1[M]>,5<e1[M],g1[M]>,5<a1[M],g1[M]>,5<b1[M],g1[M]>,5<a1[M],g1[M]>,5<e1[M],g1[M]>,5<a1[M],g1[M]>,5<b1[M],g1[M]>,5<a1[M],g1[M]>,5<a[M],c1[M]>,5<d1[M],c1[M]>,5<e1[M],c1[M]>,5<d1[M],c1[M]>,5<a[M],c1[M]>,5<d1[M],c1[M]>,5<e1[M],c1[M]>,5<d1[M],c1[M]>,5<b[M],#d1[M]>,5<e1[M],#d1[M]>,5<#f1[M],#d1[M]>,5<e1[M],#d1[M]>,5<b[M],#d1[M]>,5<e1[M],#d1[M]>,5<#f1[M],#d1[M]>,5<e1[M],#d1[M]>,5<e1[M],g1[M]>,5<a1[M],g1[M]>,5<b1[M],g1[M]>,5<a1[M],g1[M]>,5<(e1.e2)[M],g1[M]>,5<a1[M],(g1.d2)[M]>,5<b1[M],g1[M]>,5<(a1.b1)[M],g1[M]>,5<(e1.e2)[M],g1[M]>,5<a1[M],(g1.d2)[M]>,5<b1[M],g1[M]>,5<(a1.b1)[M],g1[M]>,5<(e1.e2)[M],g1[M]>,5<a1[M],g1[M]>,5<b1[M],g1[M]>,5<(a1.e2)[M],g1[M]>,5<e1[M],g1[M]>,5<a1[M],g1[M]>,5<b1[M],g1[M]>,5<(a1.b1)[M],g1[M]>,5<(e1.e2)[M],g1[M]>,5<a1[M],(g1.d2)[M]>,5<b1[M],g1[M]>,5<(a1.b1)[M],g1[M]>,5<(e1.e2)[M],g1[M]>,5<a1[M],(g1.d2)[M]>,5<b1[M],g1[M]>,5<(a1.b1)[M],g1[M]>,5<(e1.e2)[M],g1[M]>,5<a1[M],g1[M]>,5<b1[M],g1[M]>,5<(a1.e2)[M],g1[M]>,5<a[M],c1[M]>,5<d1[M],c1[M]>,5<e1[M],c1[M]>,5<d1[M],c1[M]>,5<(a.e2)[M],c1[M]>,5<d1[M],(c1.d2)[M]>,5<e1[M],c1[M]>,5<(d1.b1)[M],c1[M]>,5<(a.e2)[M],c1[M]>,5<d1[M],(c1.d2)[M]>,5<e1[M],c1[M]>,5<(d1.b1)[M],c1[M]>,5<(a.e2)[M],c1[M]>,5<d1[M],c1[M]>,5<e1[M],c1[M]>,5<(d1.e2)[M],c1[M]>,5<b[M],#d1[M]>,5<e1[M],#d1[M]>,5<#f1[M],#d1[M]>,5<(e1.b1)[M],#d1[M]>,5<(b.e2)[M],#d1[M]>,5<e1[M],(#d1.d2)[M]>,5<#f1[M],#d1[M]>,5<(e1.b1)[M],#d1[M]>,5<(b.e2)[M],#d1[M]>,5<e1[M],(#d1.d2)[M]>,5<#f1[M],#d1[M]>,5<(e1.b1)[M],#d1[M]>,5<(b.e2)[M],#d1[M]>,5<e1[M],#d1[M]>,5<#f1[M],#d1[M]>,5<(e1.e2)[M],#d1[M]>,5<e1[M],g1[M]>,5<a1[M],g1[M]>,5<(b1.e2)[M],g1[M]>,5<a1[M],g1[M]>,5<(e1.e2.b2)[M],g1[M]>,5<a1[M],g1[M]>,5<b1[M],g1[M]>,5<(a1.e2.b2)[M],g1[M]>,5<e1[M],g1[M]>,5<a1[M],g1[M]>,5<(b1.e2)[M],g1[M]>,5<a1[M],g1[M]>,5<(e1.e2.b2)[M],g1[M]>,5<a1[M],g1[M]>,5<b1[M],g1[M]>,5<(a1.e2.b2)[M],g1[M]>,5<e1[M],g1[M]>,5<a1[M],g1[M]>,5<(b1.e2)[M],g1[M]>,5<a1[M],g1[M]>,5<(e1.e2.b2)[M],g1[M]>,5<a1[M],g1[M]>,5<b1[M],g1[M]>,5<(a1.e2.b2)[M],g1[M]>,5<e1[M],g1[M]>,5<a1[M],g1[M]>,5<(b1.e2)[M],g1[M]>,5<a1[M],g1[M]>,5<(e1.e2.b2)[M],g1[M]>,5<a1[M],g1[M]>,5<b1[M],g1[M]>,5<(a1.e2.b2)[M],g1[M]>,5<a[M],c1[M]>,5<d1[M],c1[M]>,5<(e1.e2)[M],c1[M]>,5<d1[M],c1[M]>,5<(a.e2.b2)[M],c1[M]>,5<d1[M],c1[M]>,5<e1[M],c1[M]>,5<(d1.e2.b2)[M],c1[M]>,5<a[M],c1[M]>,5<d1[M],c1[M]>,5<(e1.e2)[M],c1[M]>,5<d1[M],c1[M]>,5<(a.e2.b2)[M],c1[M]>,5<d1[M],c1[M]>,5<e1[M],c1[M]>,5<(d1.e2.b2)[M],c1[M]>,5<b[M],#d1[M]>,5<e1[M],#d1[M]>,5<(#f1.e2)[M],#d1[M]>,5<e1[M],#d1[M]>,5<(b.e2.b2)[M],#d1[M]>,5<e1[M],#d1[M]>,5<#f1[M],#d1[M]>,5<(e1.e2.b2)[M],#d1[M]>,5<b[M],#d1[M]>,5<e1[M],#d1[M]>,5<(#f1.e2)[M],#d1[M]>,5<e1[M],#d1[M]>,5<(b.e2.b2)[M],#d1[M]>,5<e1[M],#f1[M]>,5<b1[M],#d2[M]>,5<(b1.e2.b2)[M],#f1[M]>,5<c1[M],d1[M]>,5<e1[M],g1[M]>,5<c2[M],g1[M]>,5<e1[M],d1[M]>,5<c1[M],d1[M]>,5<e1[M],g1[M]>,5<c2[M],g1[M]>,5<e1[M],d1[M]>,5<c1[M],d1[M]>,5<e1[M],g1[M]>,5<c2[M],g1[M]>,5<e1[M],d1[M]>,5<c1[M],d1[M]>,5<e1[M],g1[M]>,5<c2[M],g1[M]>,5<e1[M],d1[M]>,5<d1[M],e1[M]>,5<#f1[M],a1[M]>,5<d2[M],a1[M]>,5<#f1[M],e1[M]>,5<d1[M],e1[M]>,5<#f1[M],a1[M]>,5<d2[M],a1[M]>,5<#f1[M],e1[M]>,5<d1[M],e1[M]>,5<#f1[M],a1[M]>,5<d2[M],a1[M]>,5<#f1[M],e1[M]>,5<d1[M],e1[M]>,5<#f1[M],a1[M]>,5<d2[M],a1[M]>,5<#f1[M],e1[M]>,5<e1[M],#f1[M]>,5<g1[M],b1[M]>,5<e2[M],b1[M]>,5<g1[M],#f1[M]>,5<e1[M],#f1[M]>,5<g1[M],b1[M]>,5<e2[M],b1[M]>,5<g1[M],#f1[M]>,5<e1[M],#f1[M]>,5<g1[M],b1[M]>,5<e2[M],b1[M]>,5<g1[M],#f1[M]>,5<e1[M],#f1[M]>,5<g1[M],b1[M]>,5<e2[M],b1[M]>,5<g1[M],#f1[M]>,5<d1[M],e1[M]>,5<#f1[M],a1[M]>,5<d2[M],a1[M]>,5<#f1[M],e1[M]>,5<d1[M],e1[M]>,5<#f1[M],a1[M]>,5<d2[M],a1[M]>,5<#f1[M],e1[M]>,5<d1[M],e1[M]>,5<#f1[M],a1[M]>,5<d2[M],a1[M]>,5<#f1[M],e1[M]>,5<d1[M],e1[M]>,5<#f1[M],a1[M]>,5<d2[M],a1[M]>,5<#f1[M],e1[M]>,5<c1[M],d1[M]>,5<e1[M],g1[M]>,5<c2[M],g1[M]>,5<e1[M],d1[M]>,5<c1[M],d1[M]>,5<e1[M],g1[M]>,5<c2[M],g1[M]>,5<e1[M],d1[M]>,5<c1[M],d1[M]>,5<e1[M],g1[M]>,5<c2[M],g1[M]>,5<e1[M],d1[M]>,5<c1[M],d1[M]>,5<e1[M],g1[M]>,5<c2[M],g1[M]>,5<e1[M],d1[M]>,5<d1[M],e1[M]>,5<#f1[M],a1[M]>,5<d2[M],a1[M]>,5<#f1[M],e1[M]>,5<d1[M],e1[M]>,5<#f1[M],a1[M]>,5<d2[M],a1[M]>,5<#f1[M],e1[M]>,5<d1[M],e1[M]>,5<#f1[M],a1[M]>,5<d2[M],a1[M]>,5<#f1[M],e1[M]>,5<d1[M],e1[M]>,5<#f1[M],a1[M]>,5<d2[M],a1[M]>,5<#f1[M],e1[M]>,5<e1[M],#f1[M]>,5<g1[M],b1[M]>,5<e2[M],b1[M]>,5<g1[M],#f1[M]>,5<e1[M],#f1[M]>,5<g1[M],b1[M]>,5<e2[M],b1[M]>,5<g1[M],#f1[M]>,5<e1[M],#f1[M]>,5<g1[M],b1[M]>,5<e2[M],b1[M]>,5<g1[M],#f1[M]>,5<e1[M],#f1[M]>,5<g1[M],b1[M]>,5<e2[M],b1[M]>,5<g1[M],#f1[M]>,5<d1[M],e1[M]>,5<#f1[M],a1[M]>,5<d2[M],a1[M]>,5<#f1[M],e1[M]>,5<d1[M],e1[M]>,5<#f1[M],a1[M]>,5<d2[M],a1[M]>,5<#f1[M],e1[M]>,5<d1[M],e1[M]>,5<#f1[M],a1[M]>,5<d2[M],a1[M]>,5<#f1[M],e1[M]>,5<d1[M],e1[M]>,5<#f1[M],a1[M]>,5<d2[M],a1[M]>,5<#f1[M],e1[M]>,5<c1[M],d1[M]>,5<e1[M],g1[M]>,5<c2[M],g1[M]>,5<e1[M],d1[M]>,5<c1[M],d1[M]>,5<e1[M],g1[M]>,5<c2[M],g1[M]>,5<e1[M],d1[M]>,5<c1[M],d1[M]>,5<e1[M],g1[M]>,5<c2[M],g1[M]>,5<e1[M],d1[M]>,5<c1[M],d1[M]>,5<e1[M],g1[M]>,5<c2[M],g1[M]>,5<e1[M],d1[M]>,5<d1[M],e1[M]>,5<#f1[M],a1[M]>,5<d2[M],a1[M]>,5<#f1[M],e1[M]>,5<d1[M],e1[M]>,5<#f1[M],a1[M]>,5<d2[M],a1[M]>,5<#f1[M],e1[M]>,5<d1[M],e1[M]>,5<#f1[M],a1[M]>,5<d2[M],a1[M]>,5<#f1[M],e1[M]>,5<d1[M],e1[M]>,5<#f1[M],a1[M]>,5<d2[M],a1[M]>,5<#f1[M],e1[M]>,5<e1[M],#f1[M]>,5<g1[M],b1[M]>,5<e2[M],b1[M]>,5<g1[M],#f1[M]>,5<e1[M],#f1[M]>,5<g1[M],b1[M]>,5<e2[M],b1[M]>,5<g1[M],#f1[M]>,5<e1[M],#f1[M]>,5<g1[M],b1[M]>,5<e2[M],b1[M]>,5<g1[M],#f1[M]>,5<e1[M],#f1[M]>,5<g1[M],b1[M]>,5<e2[M],b1[M]>,5<g1[M],#f1[M]>,5<d1[M],e1[M]>,5<#f1[M],a1[M]>,5<d2[M],a1[M]>,5<#f1[M],e1[M]>,5<d1[M],e1[M]>,5<#f1[M],a1[M]>,5<d2[M],a1[M]>,5<#f1[M],e1[M]>,5<d1[M],e1[M]>,5<#f1[M],a1[M]>,5<d2[M],a1[M]>,5<#f1[M],e1[M]>,5<d1[M],e1[M]>,5<#f1[M],a1[M]>,5<d2[M],a1[M]>,5<#f1[M],e1[M]>,5<c1[M],d1[M]>,5<e1[M],g1[M]>,5<c2[M],g1[M]>,5<e1[M],d1[M]>,5<c1[M],d1[M]>,5<e1[M],g1[M]>,5<c2[M],g1[M]>,5<e1[M],d1[M]>,5<c1[M],d1[M]>,5<e1[M],g1[M]>,5<c2[M],g1[M]>,5<e1[M],d1[M]>,5<c1[M],d1[M]>,5<e1[M],g1[M]>,5<c2[M],g1[M]>,5<e1[M],d1[M]>,5<d1[M],e1[M]>,5<#f1[M],a1[M]>,5<d2[M],a1[M]>,5<#f1[M],e1[M]>,5<d1[M],e1[M]>,5<#f1[M],a1[M]>,5<d2[M],a1[M]>,5<#f1[M],e1[M]>,5<d1[M],e1[M]>,5<#f1[M],a1[M]>,5<d2[M],a1[M]>,5<#f1[M],e1[M]>,5<d1[M],e1[M]>,5<#f1[M],a1[M]>,5<d2[M],a1[M]>,5<#f1[M],e1[M]>,5<c1[M],d1[M]>,5<e1[M],g1[M]>,5<c2[M],g1[M]>,5<e1[M],d1[M]>,5<c1[M],d1[M]>,5<e1[M],g1[M]>,5<c2[M],g1[M]>,5<e1[M],d1[M]>,5<c1[M],d1[M]>,5<e1[M],g1[M]>,5<c2[M],g1[M]>,5<e1[M],d1[M]>,5<c1[M],d1[M]>,5<e1[M],g1[M]>,5<c2[M],g1[M]>,5<e1[M],d1[M]>,5<b[M],#c1[M]>,5<#d1[M],#f1[M]>,5<b1[M],#f1[M]>,5<#d1[M],#c1[M]>,5<b[M],#c1[M]>,5<#d1[M],#f1[M]>,5<b1[M],#c2[M]>,5<#d2[M],#f2[M]>,5<(b1.#d2.g2.b2.b3)[M],(b1.#d2.g2)[M]>,TU,5<(b1.#d2.#f2)[M],(b1.#d2.#f2)[M]>,TU,5<e1[M],g1[M]>,5<a1[M],b1[M]>,5<e2[M],b1[M]>,5<a1[M],g1[M]>,5<e1[M],g1[M]>,5<a1[M],b1[M]>,5<e2[M],b1[M]>,5<a1[M],g1[M]>,5<e1[M],g1[M]>,5<a1[M],b1[M]>,5<e2[M],g2[M]>,5<a2[M],b2[M]>,5<e3[M],b2[M]>,5<a2[M],g2[M]>,5<e2[M],b1[M]>,5<a1[M],g1[M]>,5<e1[M],g1[M]>,5<a1[M],b1[M]>,5<e2[M],b1[M]>,5<a1[M],g1[M]>,5<e1[M],g1[M]>,5<a1[M],b1[M]>,5<e2[M],b1[M]>,5<a1[M],g1[M]>,5<e1[M],g1[M]>,5<a1[M],b1[M]>,5<e2[M],g2[M]>,5<a2[M],b2[M]>,5<e3[M],b2[M]>,5<a2[M],g2[M]>,5<e2[M],b1[M]>,5<a1[M],g1[M]>,5<e1[M],g1[M]>,5<a1[M],b1[M]>,5<e2[M],b1[M]>,5<a1[M],g1[M]>,5<e1[M],g1[M]>,5<a1[M],b1[M]>,5<e2[M],b1[M]>,5<a1[M],g1[M]>,5<e1[M],g1[M]>,5<a1[M],b1[M]>,5<e2[M],g2[M]>,5<a2[M],b2[M]>,5<e3[M],b2[M]>,5<a2[M],g2[M]>,5<e2[M],b1[M]>,5<a1[M],g1[M]>,5<e1[M],g1[M]>,5<a1[M],b1[M]>,5<e2[M],b1[M]>,5<a1[M],g1[M]>,5<e1[M],g1[M]>,5<a1[M],b1[M]>,5<e2[M],b1[M]>,5<a1[M],g1[M]>,5<e1[M],g1[M]>,5<a1[M],b1[M]>,5<e2[M],g2[M]>,5<a2[M],b2[M]>,5<e3[M],b2[M]>,5<a2[M],g2[M]>,5<e2[M],b1[M]>,5<a1[M],g1[M]>,5<e1[M],g1[M]>,5<a1[M],b1[M]>,5<e2[M],b1[M]>,5<a1[M],g1[M]>,5<e1[M],g1[M]>,5<a1[M],b1[M]>,5<e2[M],b1[M]>,5<a1[M],g1[M]>,5<e1[M],g1[M]>,5<a1[M],b1[M]>,5<e2[M],g2[M]>,5<a2[M],b2[M]>,5<e3[M],b2[M]>,5<a2[M],g2[M]>,5<e2[M],b1[M]>,5<a1[M],g1[M]>,5<e1[M],g1[M]>,5<a1[M],b1[M]>,5<e2[M],b1[M]>,5<a1[M],g1[M]>,5<e1[M],g1[M]>,5<a1[M],b1[M]>,5<e2[M],b1[M]>,5<a1[M],g1[M]>,5<e1[M],g1[M]>,5<a1[M],b1[M]>,5<e2[M],g2[M]>,5<a2[M],b2[M]>,5<e3[M],b2[M]>,5<a2[M],g2[M]>,5<e2[M],b1[M]>,5<a1[M],g1[M]>,5<e1[M],g1[M]>,5<a1[M],b1[M]>,5<e2[M],b1[M]>,5<a1[M],g1[M]>,5<e1[M],g1[M]>,5<a1[M],b1[M]>,5<e2[M],b1[M]>,5<a1[M],g1[M]>,5<e1[M],g1[M]>,5<a1[M],b1[M]>,5<e2[M],g2[M]>,5<a2[M],b2[M]>,5<e3[M],b2[M]>,5<a2[M],g2[M]>,5<e2[M],b1[M]>,5<a1[M],g1[M]>,5<e1[M],g1[M]>,5<a1[M],b1[M]>,5<e2[M],b1[M]>,5<a1[M],g1[M]>,5<e1[M],g1[M]>,5<a1[M],b1[M]>,5<e2[M],b1[M]>,5<a1[M],g1[M]>,5<e1[M],g1[M]>,5<a1[M],b1[M]>,5<e2[M],g2[M]>,5<a2[M],b2[M]>,5<a2[M],g2[M]>,5<e2[M],b1[M]>,5<a1[M],g1[M]>,5<e1[M],b[M]>,(e.e1.g1.b1.g2)[K],(e.e1.g1.b1.g2)[K],(e.e1.g1.b1.g2)[K],(e.e1.g1.b1.g2)[K],(e.e1.g1.b1.g2)[K],(e.e1.g1.b1.g2)[K],(e.e1.g1.b1.g2)[K],(e.e1.g1.b1.g2)[K],(B-1.#d1.#f1.b1.g2)[K],(B-1.#d1.#f1.b1.g2)[K],(B-1.#d1.#f1.b1.g2)[K],(B-1.#d1.#f1.b1.g2)[K],T,(e2.g2.b2.e3)[K],5<(e2.g2.b2.e3.g3.b3.e4.b2)[N],#a2[N],a2[N],#g2[N]>,5<g2[N],#f2[N],f2[N],e2[N]>,5<#d2[N],d2[N],#c2[N],c2[N]>,5<b1[N],#a1[N],a1[N],#g1[N]>,5<e1[M],g1[M]>,5<a1[M],g1[M]>,5<b1[M],g1[M]>,5<a1[M],g1[M]>,5<(e1.b1.e2)[M],g1[M]>,5<(a1.b1.e2)[M],g1[M]>,5<(b1.b1.e2)[M],g1[M]>,5<(a1.b1.e2)[M],g1[M]>,5<(e1.b1.e2)[M],g1[M]>,5<(a1.b1.e2)[M],g1[M]>,5<(b1.b1.e2)[M],g1[M]>,5<(a1.b1.e2)[M],g1[M]>,5<(e1.b1.e2)[M],g1[M]>,5<(a1.b1.e2)[M],g1[M]>,5<b1[M],g1[M]>,5<a1[M],g1[M]>,5<e1[M],g1[M]>,5<a1[M],g1[M]>,5<(b1.b1.e2)[M],g1[M]>,5<a1[M],g1[M]>,5<(e1.b1.e2)[M],g1[M]>,5<a1[M],g1[M]>,5<(b1.b1.e2)[M],g1[M]>,5<a1[M],g1[M]>,5<(e1.b1.e2)[M],g1[M]>,5<a1[M],g1[M]>,5<(b1.b1.e2)[M],g1[M]>,5<a1[M],g1[M]>,5<(e1.b1.e2)[M],g1[M]>,5<(a1.b1.e2)[M],g1[M]>,5<b1[M],g1[M]>,5<a1[M],g1[M]>,5<a[M],c1[M]>,5<d1[M],c1[M]>,5<(e1.b1.e2)[M],c1[M]>,5<d1[M],c1[M]>,5<(a.b1.e2)[M],c1[M]>,5<d1[M],c1[M]>,5<(e1.b1.e2)[M],c1[M]>,5<d1[M],c1[M]>,5<(a.b1.e2)[M],c1[M]>,5<(d1.b1.e2)[M],c1[M]>,5<(e1.b1.e2)[M],c1[M]>,5<(d1.b1.e2)[M],c1[M]>,5<(a.b1.e2)[M],c1[M]>,5<(d1.b1.e2)[M],c1[M]>,5<(e1.b1.e2)[M],c1[M]>,5<(d1.b1.e2)[M],c1[M]>,5<(b.b1.e2)[M],#d1[M]>,5<e1[M],#d1[M]>,5<(#f1.b1.e2)[M],#d1[M]>,5<e1[M],#d1[M]>,5<(b.b1.e2)[M],#d1[M]>,5<e1[M],#d1[M]>,5<(#f1.b1.e2)[M],#d1[M]>,5<e1[M],#d1[M]>,5<(b.b1.e2)[M],#d1[M]>,5<e1[M],#d1[M]>,5<#f1[M],#d1[M]>,5<e1[M],#d1[M]>,5<(b.b1)[M],#d1[M]>,5<(e1.b1)[M],#d1[M]>,5<#f1[M],#d1[M]>,5<e1[M],#d1[M]>,5<(e1.b1.g2)[M],g1[M]>,5<a1[M],g1[M]>,5<(b1.b1.#f2)[M],g1[M]>,5<a1[M],g1[M]>,5<(e1.b1.e2)[M],g1[M]>,5<(a1.b1.e2)[M],g1[M]>,5<(b1.b1.d2)[M],g1[M]>,5<(a1.b1.d2)[M],g1[M]>,5<(e1.b1)[M],g1[M]>,5<a1[M],g1[M]>,5<(b1.b1)[M],g1[M]>,5<a1[M],g1[M]>,5<(e1.b1)[M],g1[M]>,5<(a1.b1)[M],g1[M]>,5<(b1.b1)[M],g1[M]>,5<(a1.b1)[M],g1[M]>,5<(e1.e1.b1)[M],g1[M]>,5<(a1.e1.b1)[M],g1[M]>,5<(b1.e1.b1)[M],g1[M]>,5<(a1.e1.b1)[M],g1[M]>,5<(e1.e1.b1)[M],g1[M]>,5<a1[M],g1[M]>,5<(b1.e1.b1)[M],g1[M]>,5<a1[M],g1[M]>,5<(e1.e1.b1)[M],g1[M]>,5<a1[M],g1[M]>,5<b1[M],g1[M]>,5<a1[M],g1[M]>,5<(e1.e1.b1)[M],g1[M]>,5<a1[M],g1[M]>,5<b1[M],g1[M]>,5<a1[M],g1[M]>,5<(a.b1.g2)[M],c1[M]>,5<d1[M],c1[M]>,5<(e1.b1.#f2)[M],c1[M]>,5<d1[M],c1[M]>,5<(a.b1.e2)[M],c1[M]>,5<(d1.b1.e2)[M],c1[M]>,5<(e1.b1.d2)[M],c1[M]>,5<(d1.b1.d2)[M],c1[M]>,5<(a.b1)[M],c1[M]>,5<d1[M],c1[M]>,5<(e1.b1)[M],c1[M]>,5<d1[M],c1[M]>,5<(a.b1)[M],c1[M]>,5<(d1.b1)[M],c1[M]>,5<(e1.b1)[M],c1[M]>,5<(d1.b1)[M],c1[M]>,5<(b.e1.b1)[M],#d1[M]>,5<(e1.e1.b1)[M],#d1[M]>,5<(#f1.e1.b1)[M],#d1[M]>,5<(e1.e1.b1)[M],#d1[M]>,5<(b.e1.b1)[M],#d1[M]>,5<e1[M],#d1[M]>,5<(#f1.e1.b1)[M],#d1[M]>,5<e1[M],#d1[M]>,5<(b.e1.b1)[M],#d1[M]>,5<e1[M],#d1[M]>,5<#f1[M],#d1[M]>,5<e1[M],#d1[M]>,5<(b.e1.b1)[M],#d1[M]>,5<e1[M],#f1[M]>,5<b1[M],#d2[M]>,5<b1[M],#f1[M]>,","QQQQQ,(e2.e3)[J],(e2.e3)[K],(e2.e3)[K],(g2.g3)[JK],(g2.g3)[L],(a2.a3)[L],(b2.b3)[K],(#a2.#a3)[K],(b2.b3)[K],(g2.g3)[K],(e2.e3)[K],(g2.g3)[K],(g2.g3)[K],(g2.g3)[K],(e2.e3)[J],(e2.e3)[K],(e2.e3)[K],(g2.g3)[JK],(g2.g3)[L],(a2.a3)[L],(b2.b3)[K],(#a2.#a3)[K],(b2.b3)[K],(g2.g3)[K],(e2.e3)[K],(e2.g2.b2.e3)[K],(e3.g3.b3.e4)[J],(e2.e3)[J],(e2.e3)[K],(e2.e3)[K],(g2.g3)[JK],(g2.g3)[L],(a2.a3)[L],(b2.b3)[K],(#a2.#a3)[K],(b2.b3)[K],(g2.g3)[K],(e2.e3)[K],(g2.g3)[K],(g2.g3)[K],(g2.g3)[K],(e2.e3)[J],(e2.e3)[K],(e2.e3)[K],(g2.g3)[JK],(g2.g3)[L],(a2.a3)[L],(b2.b3)[K],(#a2.#a3)[K],(b2.b3)[K],(g2.g3)[K],(e2.e3)[J],(e1.g1.b1.e2)[J],S,(b1.e2)[K],(b1.e2)[K],(g1.b1)[K],(g1.b1)[K],(g1.b1)[K],(g1.b1)[K],(b.e1)[K],(b.e1)[K],(g1.b1)[K],(g1.b1)[K],(a1.c2)[K],(g1.b1)[J],(g1.b1)[K],(b1.e2)[K],(b1.e2)[K],(g1.b1)[K],(g1.b1)[K],(b.e1)[K],(b.e1)[K],(g1.b1)[K],(g1.b1)[K],(b.e1)[K],(b.e1)[K],(g1.b1)[K],(g1.b1)[K],(a1.c2)[K],(g1.b1)[J],T,(b1.e2)[K],(b1.e2)[K],(g1.b1)[K],(g1.b1)[K],(b.e1)[K],(b.e1)[K],(g1.b1)[K],(g1.b1)[K],(b.e1)[K],(b.e1)[K],(e1.b1)[K],(e1.b1)[K],(a1.c2)[K],(g1.b1)[J],T,(b1.e2)[J],(g1.b1)[K],(g1.b1)[K],(b.e1)[J],(e1.b1)[K],(e1.b1)[K],(b.e1)[K],(b.e1)[K],(e1.b1)[K],(e1.b1)[K],(a1.c2)[K],(e1.b1)[J],T,(e.g)[KL],(e.g)[KL],(e.g)[KL],(e.g)[KL],(e.g)[KL],(e.g)[KL],(e.g)[KL],(e.g)[KL],(e.g)[KL],(e.g)[KL],(e.g)[KL],(A-1.c)[KL],(A-1.c)[KL],(A-1.c)[KL],(A-1.c)[KL],(A-1.c)[KL],(B-1.#d)[KL],(B-1.#d)[KL],(B-1.#d)[KL],(B-1.#d)[KL],(B-1.#d)[KL],(B-1.#d)[KL],(e.g)[KL],(e.g)[KL],(e.g)[KL],(e.g)[KL],(e.g)[KL],(e.g)[KL],(e.g)[KL],(e.g)[KL],(e.g)[KL],(e.g)[KL],(A-1.c)[KL],(A-1.c)[KL],(A-1.c)[KL],(A-1.c)[KL],(A-1.c)[KL],(A-1.c)[KL],(B-1.#d)[KL],(B-1.#d)[KL],(B-1.#d)[KL],(B-1.#d)[KL],(B-1.#d)[K],R,(e2.b2)[K],a2[K],g2[K],e2[K],(c2.e2.a2)[IJ],g2[K],a2[K],(e2.b2)[KL],(e2.b2)[KL],(e2.b2)[J],(d2.a2)[K],(d2.a2)[K],(e2.b2)[K],(a2.c3)[KL],(a2.c3)[KL],(a2.c3)[K],(a2.c3)[KL],(g2.b2)[KL],(g2.b2)[K],R,(e2.b2)[K],a2[K],g2[K],e2[K],(c2.e2.a2)[IJ],g2[K],a2[K],(e2.b2)[KL],(e2.b2)[KL],(e2.b2)[J],(d2.a2)[K],(d2.a2)[K],(e2.b2)[K],(a2.c3)[KL],(a2.c3)[KL],(a2.c3)[JL],(c2.a2)[L],(c2.a2)[J],R,(b1.a2)[KL],(b1.a2)[KL],(b1.d2.g2)[K],(c2.a2)[KL],(c2.a2)[KL],(c2.g2)[K],(c2.a2)[L],(c2.e2)[K],(c2.e2)[KL],(c2.e2)[K],(b1.a2)[KL],(b1.a2)[KL],(b1.g2)[K],(b1.a2)[L],(b1.e2)[K],(b1.e2)[KL],(b1.e2)[K],(e2.b2)[K],(e2.a2)[K],(e2.a2)[K],(e2.g2)[K],(e2.a2)[J],(b1.e2)[J],R,(d2.a2)[KL],(d2.a2)[KL],(d2.g2)[K],(d2.a2)[KL],(d2.a2)[KL],(d2.g2)[K],(d2.a2)[KL],(d2.b2)[KL],(d2.g2.b2)[K],(c2.g2.e3)[J],(c2.g2.d3)[J],(c2.g2.b2)[J],(c2.g2.b2)[J],(b1.#d2.g2)[K],(b1.#d2.g2)[K],(b1.#d2.g2)[K],(b1.#d2.g2)[K],(b1.#d2.g2)[K],ST,(e2.e3)[J],(e2.e3)[K],(e2.e3)[K],(g2.g3)[JK],(g2.g3)[L],(a2.a3)[L],(b2.b3)[K],(#a2.#a3)[K],(b2.b3)[K],(g2.g3)[K],(e2.e3)[K],(g2.g3)[K],(g2.g3)[K],(g2.g3)[K],(e2.e3)[J],(e2.e3)[K],(e2.e3)[K],(g2.g3)[JK],(g2.g3)[L],(a2.a3)[L],(b2.b3.g2.g3)[K],(#a2.#a3.g2.g3)[K],(b2.b3.g2.g3)[K],(g2.g3)[K],(e2.e3.g2.g3)[K],(e2.g2.b2.e3)[K],(e3.g3.b3.e4.#f2.#f3)[J],(e2.e3)[J],(e2.e3)[K],(e2.e3)[K],(g2.g3)[JK],(g2.g3)[L],(a2.a3)[L],(b2.b3)[K],(#a2.#a3)[K],(b2.b3)[K],(g2.g3)[K],(e2.e3)[K],(g2.g3)[K],(g2.g3)[K],(a2.a3)[K],(e2.a2.e3.a3)[KL],(g2.g3)[L],(e2.e3)[K],(e2.e3)[K],(g2.g3)[JK],(g1.g2.g3)[L],(a1.a2.a3)[L],(b1.b2.b3)[K],(#a1.#a2.#a3)[K],(b1.b2.b3)[K],(g1.g2.g3)[K],(e1.e2.e3)[J],(e.e1.g1.b1.e2)[J],QQ,(e.g)[KL],(e.g)[KL],(e.g)[KL],(e.g)[KL],(e.g)[KL],(e.g)[KL],(e.g)[KL],(e.g)[KL],(e.g)[KL],(e.g)[KL],(e.g)[KL],(A-1.c)[KL],(A-1.c)[KL],(A-1.c)[KL],(A-1.c)[KL],(A-1.c)[KL],(B-1.#d)[KL],(B-1.#d)[KL],(B-1.#d)[KL],(B-1.#d)[KL],(B-1.#d)[KL],(B-1.#d)[KL],(e.g)[KL],(e.g)[KL],(e.g)[KL],(e.g)[KL],(e.g)[KL],(e.g)[KL],(e.g)[KL],(e.g)[KL],(e.g)[KL],(e.g)[KL],(A-1.c)[KL],(A-1.c)[KL],(A-1.c)[KL],(A-1.c)[KL],(A-1.c)[KL],(A-1.c)[KL],(B-1.#d)[KL],(B-1.#d)[KL],(B-1.#d)[KL],(B-1.#d)[KL],(B-1.#d)[K],","Q,E-1[K],e[K],g[K],b[J],e[K],g[K],b[K],E-1[K],e[K],g[K],b[J],e[K],g[K],b[K],E-1[K],e[K],g[K],b[J],e[K],g[K],b[K],E-1[K],e[K],g[K],b[K],E-1[K],(E-2.E-1)[K],(#A-3.#A-2)[J],(E-2.E-1)[K],E-1[K],E-1[K],(E-2.E-1)[K],E-1[K],E-1[K],(E-2.E-1)[K],E-1[K],(E-2.E-1)[K],E-1[K],E-1[K],(E-2.E-1)[K],E-1[K],E-1[K],(E-2.E-1)[K],E-1[K],(E-2.E-1)[K],E-1[K],E-1[K],(E-2.E-1)[K],E-1[K],E-1[K],(E-2.E-1)[K],E-1[K],(E-2.E-1)[K],E-1[K],E-1[K],(E-2.E-1)[K],E-1[K],E-1[K],(#A-3.#A-2)[J],(E-2.E-1)[K],E-1[K],E-1[K],(E-2.E-1)[K],E-1[K],E-1[K],(E-2.E-1)[K],E-1[K],(E-2.E-1)[K],E-1[K],E-1[K],(E-2.E-1)[K],E-1[K],E-1[K],(E-2.E-1)[K],E-1[K],(E-2.E-1)[K],E-1[K],E-1[K],(E-2.E-1)[K],E-1[K],E-1[K],(E-2.E-1)[K],E-1[K],(E-2.E-1)[K],E-1[K],E-1[K],(E-2.E-1)[K],E-1[K],E-1[K],(E-2.E-1)[K],E-1[K],(E-2.E-1)[K],E-1[K],E-1[K],(E-2.E-1)[K],E-1[K],E-1[K],(E-2.E-1)[K],E-1[K],(A-3.A-2)[K],A-2[K],A-2[K],(A-3.A-2)[K],B-2[K],B-2[K],(B-3.B-2)[K],B-2[K],(E-2.E-1)[K],E-1[K],E-1[K],(E-2.E-1)[K],E-1[K],E-1[K],(E-2.E-1)[K],E-1[K],(A-3.A-2)[K],A-2[K],A-2[K],(A-3.A-2)[K],B-2[K],B-2[K],(B-3.B-2)[K],B-2[K],(E-2.E-1)[K],E-1[K],E-1[K],(E-2.E-1)[K],E-1[K],E-1[K],(E-2.E-1)[K],E-1[K],(A-3.A-2)[K],A-2[K],A-2[K],(A-3.A-2)[K],B-2[K],B-2[K],(B-3.B-2)[K],B-2[K],(E-2.E-1)[K],E-1[K],E-1[K],(E-2.E-1)[K],E-1[K],E-1[K],(E-2.E-1)[K],E-1[K],(A-3.A-2)[K],A-2[K],A-2[K],(A-3.A-2)[K],B-2[K],B-2[K],(B-3.B-2)[K],B-2[K],(E-2.E-1)[K],E-1[K],E-1[K],(E-2.E-1)[K],E-1[K],E-1[K],(E-2.E-1)[K],E-1[K],E-1[K],(E-2.E-1)[K],E-1[K],E-1[K],(E-2.E-1)[K],E-1[K],E-1[K],(E-2.E-1)[K],A-2[K],A-2[K],(A-3.A-2)[K],A-2[K],A-2[K],(A-3.A-2)[K],A-2[K],A-2[K],(B-3.B-2)[K],B-2[K],B-2[K],(B-3.B-2)[K],B-2[K],B-2[K],(B-3.B-2)[K],B-2[K],E-1[K],(E-2.E-1)[K],E-1[K],E-1[K],(E-2.E-1)[K],E-1[K],E-1[K],(E-2.E-1)[K],E-1[K],E-1[K],(E-2.E-1)[K],E-1[K],E-1[K],(E-2.E-1)[K],E-1[K],E-1[K],(A-3.A-2)[K],A-2[K],A-2[K],(A-3.A-2)[K],A-2[K],A-2[K],(A-3.A-2)[K],A-2[K],B-2[K],(B-3.B-2)[K],B-2[K],B-2[K],(B-3.B-2)[K],B-2[K],B-2[K],(B-3.B-2)[K],(C-1.c)[J],(C-1.c)[J],(C-1.c)[J],(C-1.c)[J],(D-1.d)[J],(D-1.d)[J],(D-1.d)[J],(D-1.d)[J],(E-1.e)[J],(E-1.e)[J],(E-1.e)[J],(E-1.e)[J],(D-1.d)[J],(D-1.d)[J],(D-1.d)[J],(D-1.d)[J],(C-1.c)[J],(C-1.c)[J],(C-1.c)[J],(C-1.c)[J],(D-1.d)[J],(D-1.d)[J],(D-1.d)[J],(D-1.d)[J],(E-1.e)[J],(E-1.e)[J],(E-1.e)[J],(E-1.e)[J],(D-1.d)[J],(D-1.d)[J],(D-1.d)[J],(D-1.d)[J],(C-1.c)[J],(C-1.c)[J],(C-1.c)[J],(C-1.c)[J],(D-1.d)[J],(D-1.d)[J],(D-1.d)[J],(D-1.d)[J],(E-1.e)[J],(E-1.e)[J],(E-1.e)[J],(E-1.e)[J],(D-1.d)[J],(D-1.d)[J],(D-1.d)[J],(D-1.d)[J],(C-1.c)[J],(C-1.c)[J],(C-1.c)[J],(C-1.c)[J],(D-1.d)[J],(D-1.d)[J],(D-1.d)[J],(D-1.d)[J],(C-1.c)[J],(C-1.c)[J],(C-1.c)[J],(C-1.c)[J],(B-2.B-1)[K],(B-2.B-1)[K],(B-2.B-1)[K],(B-2.B-1)[K],(B-3.B-2)[J],(B-3.B-2)[J],(E-2.E-1)[K],E-1[K],E-1[K],(E-2.E-1)[K],E-1[K],E-1[K],(E-2.E-1)[K],E-1[K],(E-2.E-1)[K],E-1[K],E-1[K],(E-2.E-1)[K],E-1[K],E-1[K],(E-2.E-1)[K],E-1[K],(E-2.E-1)[K],E-1[K],E-1[K],(E-2.E-1)[K],E-1[K],E-1[K],(E-2.E-1)[K],E-1[K],(E-2.E-1)[K],E-1[K],E-1[K],(E-2.E-1)[K],E-1[K],E-1[K],(#A-3.#A-2)[J],(E-2.E-1)[K],E-1[K],E-1[K],(E-2.E-1)[K],E-1[K],E-1[K],(E-2.E-1)[K],E-1[K],(E-2.E-1)[K],E-1[K],E-1[K],(E-2.E-1)[K],E-1[K],E-1[K],(E-2.E-1)[K],E-1[K],(E-2.E-1)[K],E-1[K],E-1[K],(E-2.E-1)[K],E-1[K],E-1[K],(E-2.E-1)[K],E-1[K],(E-2.E-1)[K],E-1[K],E-1[K],(E-2.E-1)[K],E-1[K],E-1[K],(E-2.E-1)[K],E-1[K],(E-1.e)[KL],(E-1.e)[KL],(E-1.e)[KL],(E-1.e)[KL],(E-1.e)[K],(E-1.e)[K],(B-2.B-1)[KL],(B-2.B-1)[KL],(B-2.B-1)[K],(B-3.B-2.B-1)[I],(E-2.E-1)[K],E-1[K],E-1[K],(E-2.E-1)[K],E-1[K],E-1[K],(E-2.E-1)[K],E-1[K],E-1[K],(E-2.E-1)[K],E-1[K],E-1[K],(E-2.E-1)[K],E-1[K],E-1[K],(E-2.E-1)[K],A-2[K],A-2[K],(A-3.A-2)[K],A-2[K],A-2[K],(A-3.A-2)[K],A-2[K],A-2[K],(B-3.B-2)[K],B-2[K],B-2[K],(B-3.B-2)[K],B-2[K],B-2[K],(B-3.B-2)[K],B-2[K],E-1[K],(E-2.E-1)[K],E-1[K],E-1[K],(E-2.E-1)[K],E-1[K],E-1[K],(E-2.E-1)[K],E-1[K],E-1[K],(E-2.E-1)[K],E-1[K],E-1[K],(E-2.E-1)[K],E-1[K],E-1[K],(A-3.A-2)[K],A-2[K],A-2[K],(A-3.A-2)[K],A-2[K],A-2[K],(A-3.A-2)[K],A-2[K],B-2[K],(B-3.B-2)[K],B-2[K],B-2[K],(B-3.B-2)[K],B-2[K],B-2[K],(B-3.B-2)[K],"]},{"id":2,"baseBeats":0.5,"scores":["5<c1[M],d1[M]>,5<e1[M],g1[M]>,5<c2[M],g1[M]>,5<e1[M],d1[M]>,5<c1[M],d1[M]>,5<e1[M],g1[M]>,5<c2[M],g1[M]>,5<e1[M],d1[M]>,5<c1[M],d1[M]>,5<e1[M],g1[M]>,5<c2[M],g1[M]>,5<e1[M],d1[M]>,5<c1[M],d1[M]>,5<e1[M],g1[M]>,5<c2[M],g1[M]>,5<e1[M],d1[M]>,5<d1[M],e1[M]>,5<#f1[M],a1[M]>,5<d2[M],a1[M]>,5<#f1[M],e1[M]>,5<d1[M],e1[M]>,5<#f1[M],a1[M]>,5<d2[M],a1[M]>,5<#f1[M],e1[M]>,5<d1[M],e1[M]>,5<#f1[M],a1[M]>,5<d2[M],a1[M]>,5<#f1[M],e1[M]>,5<d1[M],e1[M]>,5<#f1[M],a1[M]>,5<d2[M],a1[M]>,5<#f1[M],e1[M]>,5<e1[M],#f1[M]>,5<g1[M],b1[M]>,5<e2[M],b1[M]>,5<g1[M],#f1[M]>,5<e1[M],#f1[M]>,5<g1[M],b1[M]>,5<e2[M],b1[M]>,5<g1[M],#f1[M]>,5<e1[M],#f1[M]>,5<g1[M],b1[M]>,5<e2[M],b1[M]>,5<g1[M],#f1[M]>,5<e1[M],#f1[M]>,5<g1[M],b1[M]>,5<e2[M],b1[M]>,5<g1[M],#f1[M]>,5<d1[M],e1[M]>,5<#f1[M],a1[M]>,5<d2[M],a1[M]>,5<#f1[M],e1[M]>,5<d1[M],e1[M]>,5<#f1[M],a1[M]>,5<d2[M],a1[M]>,5<#f1[M],e1[M]>,5<d1[M],e1[M]>,5<#f1[M],a1[M]>,5<d2[M],a1[M]>,5<#f1[M],e1[M]>,5<d1[M],e1[M]>,5<#f1[M],a1[M]>,5<d2[M],a1[M]>,5<#f1[M],e1[M]>,5<c1[M],d1[M]>,5<e1[M],g1[M]>,5<c2[M],g1[M]>,5<e1[M],d1[M]>,5<c1[M],d1[M]>,5<e1[M],g1[M]>,5<c2[M],g1[M]>,5<e1[M],d1[M]>,5<c1[M],d1[M]>,5<e1[M],g1[M]>,5<c2[M],g1[M]>,5<e1[M],d1[M]>,5<c1[M],d1[M]>,5<e1[M],g1[M]>,5<c2[M],g1[M]>,5<e1[M],d1[M]>,5<d1[M],e1[M]>,5<#f1[M],a1[M]>,5<d2[M],a1[M]>,5<#f1[M],e1[M]>,5<d1[M],e1[M]>,5<#f1[M],a1[M]>,5<d2[M],a1[M]>,5<#f1[M],e1[M]>,5<d1[M],e1[M]>,5<#f1[M],a1[M]>,5<d2[M],a1[M]>,5<#f1[M],e1[M]>,5<d1[M],e1[M]>,5<#f1[M],a1[M]>,5<d2[M],a1[M]>,5<#f1[M],e1[M]>,5<e1[M],#f1[M]>,5<g1[M],b1[M]>,5<e2[M],b1[M]>,5<g1[M],#f1[M]>,5<e1[M],#f1[M]>,5<g1[M],b1[M]>,5<e2[M],b1[M]>,5<g1[M],#f1[M]>,5<e1[M],#f1[M]>,5<g1[M],b1[M]>,5<e2[M],b1[M]>,5<g1[M],#f1[M]>,5<e1[M],#f1[M]>,5<g1[M],b1[M]>,5<e2[M],b1[M]>,5<g1[M],#f1[M]>,5<d1[M],e1[M]>,5<#f1[M],a1[M]>,5<d2[M],a1[M]>,5<#f1[M],e1[M]>,5<d1[M],e1[M]>,5<#f1[M],a1[M]>,5<d2[M],a1[M]>,5<#f1[M],e1[M]>,5<d1[M],e1[M]>,5<#f1[M],a1[M]>,5<d2[M],a1[M]>,5<#f1[M],e1[M]>,5<d1[M],e1[M]>,5<#f1[M],a1[M]>,5<d2[M],a1[M]>,5<#f1[M],e1[M]>,5<c1[M],d1[M]>,5<e1[M],g1[M]>,5<c2[M],g1[M]>,5<e1[M],d1[M]>,5<c1[M],d1[M]>,5<e1[M],g1[M]>,5<c2[M],g1[M]>,5<e1[M],d1[M]>,5<c1[M],d1[M]>,5<e1[M],g1[M]>,5<c2[M],g1[M]>,5<e1[M],d1[M]>,5<c1[M],d1[M]>,5<e1[M],g1[M]>,5<c2[M],g1[M]>,5<e1[M],d1[M]>,5<d1[M],e1[M]>,5<#f1[M],a1[M]>,5<d2[M],a1[M]>,5<#f1[M],e1[M]>,5<d1[M],e1[M]>,5<#f1[M],a1[M]>,5<d2[M],a1[M]>,5<#f1[M],e1[M]>,5<d1[M],e1[M]>,5<#f1[M],a1[M]>,5<d2[M],a1[M]>,5<#f1[M],e1[M]>,5<d1[M],e1[M]>,5<#f1[M],a1[M]>,5<d2[M],a1[M]>,5<#f1[M],e1[M]>,5<e1[M],#f1[M]>,5<g1[M],b1[M]>,5<e2[M],b1[M]>,5<g1[M],#f1[M]>,5<e1[M],#f1[M]>,5<g1[M],b1[M]>,5<e2[M],b1[M]>,5<g1[M],#f1[M]>,5<e1[M],#f1[M]>,5<g1[M],b1[M]>,5<e2[M],b1[M]>,5<g1[M],#f1[M]>,5<e1[M],#f1[M]>,5<g1[M],b1[M]>,5<e2[M],b1[M]>,5<g1[M],#f1[M]>,5<d1[M],e1[M]>,5<#f1[M],a1[M]>,5<d2[M],a1[M]>,5<#f1[M],e1[M]>,5<d1[M],e1[M]>,5<#f1[M],a1[M]>,5<d2[M],a1[M]>,5<#f1[M],e1[M]>,5<d1[M],e1[M]>,5<#f1[M],a1[M]>,5<d2[M],a1[M]>,5<#f1[M],e1[M]>,5<d1[M],e1[M]>,5<#f1[M],a1[M]>,5<d2[M],a1[M]>,5<#f1[M],e1[M]>,5<c1[M],d1[M]>,5<e1[M],g1[M]>,5<c2[M],g1[M]>,5<e1[M],d1[M]>,5<c1[M],d1[M]>,5<e1[M],g1[M]>,5<c2[M],g1[M]>,5<e1[M],d1[M]>,5<c1[M],d1[M]>,5<e1[M],g1[M]>,5<c2[M],g1[M]>,5<e1[M],d1[M]>,5<c1[M],d1[M]>,5<e1[M],g1[M]>,5<c2[M],g1[M]>,5<e1[M],d1[M]>,5<d1[M],e1[M]>,5<#f1[M],a1[M]>,5<d2[M],a1[M]>,5<#f1[M],e1[M]>,5<d1[M],e1[M]>,5<#f1[M],a1[M]>,5<d2[M],a1[M]>,5<#f1[M],e1[M]>,5<d1[M],e1[M]>,5<#f1[M],a1[M]>,5<d2[M],a1[M]>,5<#f1[M],e1[M]>,5<d1[M],e1[M]>,5<#f1[M],a1[M]>,5<d2[M],a1[M]>,5<#f1[M],e1[M]>,5<c1[M],d1[M]>,5<e1[M],g1[M]>,5<c2[M],g1[M]>,5<e1[M],d1[M]>,5<c1[M],d1[M]>,5<e1[M],g1[M]>,5<c2[M],g1[M]>,5<e1[M],d1[M]>,5<c1[M],d1[M]>,5<e1[M],g1[M]>,5<c2[M],g1[M]>,5<e1[M],d1[M]>,5<c1[M],d1[M]>,5<e1[M],g1[M]>,5<c2[M],g1[M]>,5<e1[M],d1[M]>,5<b[M],#c1[M]>,5<#d1[M],#f1[M]>,5<b1[M],#f1[M]>,5<#d1[M],#c1[M]>,5<b[M],#c1[M]>,5<#d1[M],#f1[M]>,5<b1[M],#c2[M]>,5<#d2[M],#f2[M]>,5<(b1.#d2.g2.b2.b3)[M],(b1.#d2.g2)[M]>,TU,5<(b1.#d2.#f2)[M],(b1.#d2.#f2)[M]>,TU,5<e1[M],g1[M]>,5<a1[M],b1[M]>,5<e2[M],b1[M]>,5<a1[M],g1[M]>,5<e1[M],g1[M]>,5<a1[M],b1[M]>,5<e2[M],b1[M]>,5<a1[M],g1[M]>,5<e1[M],g1[M]>,5<a1[M],b1[M]>,5<e2[M],g2[M]>,5<a2[M],b2[M]>,5<e3[M],b2[M]>,5<a2[M],g2[M]>,5<e2[M],b1[M]>,5<a1[M],g1[M]>,5<e1[M],g1[M]>,5<a1[M],b1[M]>,5<e2[M],b1[M]>,5<a1[M],g1[M]>,5<e1[M],g1[M]>,5<a1[M],b1[M]>,5<e2[M],b1[M]>,5<a1[M],g1[M]>,5<e1[M],g1[M]>,5<a1[M],b1[M]>,5<e2[M],g2[M]>,5<a2[M],b2[M]>,5<e3[M],b2[M]>,5<a2[M],g2[M]>,5<e2[M],b1[M]>,5<a1[M],g1[M]>,5<e1[M],g1[M]>,5<a1[M],b1[M]>,5<e2[M],b1[M]>,5<a1[M],g1[M]>,5<e1[M],g1[M]>,5<a1[M],b1[M]>,5<e2[M],b1[M]>,5<a1[M],g1[M]>,5<e1[M],g1[M]>,5<a1[M],b1[M]>,5<e2[M],g2[M]>,5<a2[M],b2[M]>,5<e3[M],b2[M]>,5<a2[M],g2[M]>,5<e2[M],b1[M]>,5<a1[M],g1[M]>,5<e1[M],g1[M]>,5<a1[M],b1[M]>,5<e2[M],b1[M]>,5<a1[M],g1[M]>,5<e1[M],g1[M]>,5<a1[M],b1[M]>,5<e2[M],b1[M]>,5<a1[M],g1[M]>,5<e1[M],g1[M]>,5<a1[M],b1[M]>,5<e2[M],g2[M]>,5<a2[M],b2[M]>,5<e3[M],b2[M]>,5<a2[M],g2[M]>,5<e2[M],b1[M]>,5<a1[M],g1[M]>,5<e1[M],g1[M]>,5<a1[M],b1[M]>,5<e2[M],b1[M]>,5<a1[M],g1[M]>,5<e1[M],g1[M]>,5<a1[M],b1[M]>,5<e2[M],b1[M]>,5<a1[M],g1[M]>,5<e1[M],g1[M]>,5<a1[M],b1[M]>,5<e2[M],g2[M]>,5<a2[M],b2[M]>,5<e3[M],b2[M]>,5<a2[M],g2[M]>,5<e2[M],b1[M]>,5<a1[M],g1[M]>,5<e1[M],g1[M]>,5<a1[M],b1[M]>,5<e2[M],b1[M]>,5<a1[M],g1[M]>,5<e1[M],g1[M]>,5<a1[M],b1[M]>,5<e2[M],b1[M]>,5<a1[M],g1[M]>,5<e1[M],g1[M]>,5<a1[M],b1[M]>,5<e2[M],g2[M]>,5<a2[M],b2[M]>,5<e3[M],b2[M]>,5<a2[M],g2[M]>,5<e2[M],b1[M]>,5<a1[M],g1[M]>,5<e1[M],g1[M]>,5<a1[M],b1[M]>,5<e2[M],b1[M]>,5<a1[M],g1[M]>,5<e1[M],g1[M]>,5<a1[M],b1[M]>,5<e2[M],b1[M]>,5<a1[M],g1[M]>,5<e1[M],g1[M]>,5<a1[M],b1[M]>,5<e2[M],g2[M]>,5<a2[M],b2[M]>,5<e3[M],b2[M]>,5<a2[M],g2[M]>,5<e2[M],b1[M]>,5<a1[M],g1[M]>,5<e1[M],g1[M]>,5<a1[M],b1[M]>,5<e2[M],b1[M]>,5<a1[M],g1[M]>,5<e1[M],g1[M]>,5<a1[M],b1[M]>,5<e2[M],b1[M]>,5<a1[M],g1[M]>,5<e1[M],g1[M]>,5<a1[M],b1[M]>,5<e2[M],g2[M]>,5<a2[M],b2[M]>,5<a2[M],g2[M]>,5<e2[M],b1[M]>,5<a1[M],g1[M]>,5<e1[M],b[M]>,5<(c1.c2.e2)[M],e1[M]>,5<g1[M],c2[M]>,5<(e2.c2.e2)[M],c2[M]>,5<g1[M],e1[M]>,5<(c1.c2.e2)[M],e1[M]>,5<g1[M],c2[M]>,5<(e2.c2.e2)[M],c2[M]>,5<g1[M],e1[M]>,5<(c1.c2.e2)[M],e1[M]>,5<g1[M],c2[M]>,5<e2[M],c2[M]>,5<g1[M],e1[M]>,5<(c1.b1)[M],e1[M]>,5<g1[M],c2[M]>,5<(e2.b1)[M],c2[M]>,5<g1[M],e1[M]>,5<(c1.c2)[M],e1[M]>,5<g1[M],c2[M]>,5<e2[M],c2[M]>,5<(g1.c2)[M],e1[M]>,5<c1[M],e1[M]>,5<g1[M],c2[M]>,5<(e2.d2)[M],c2[M]>,5<g1[M],e1[M]>,5<(c1.c2)[M],e1[M]>,5<g1[M],c2[M]>,5<e2[M],c2[M]>,5<(g1.b1)[M],e1[M]>,5<c1[M],e1[M]>,5<g1[M],c2[M]>,5<(e2.b1)[M],c2[M]>,5<g1[M],e1[M]>,5<(e1.b1)[M],g1[M]>,5<b1[M],e2[M]>,5<g2[M],e2[M]>,5<b1[M],g1[M]>,5<e1[M],g1[M]>,5<b1[M],e2[M]>,5<g2[M],e2[M]>,5<b1[M],g1[M]>,5<e1[M],g1[M]>,5<b1[M],e2[M]>,5<g2[M],e2[M]>,5<b1[M],g1[M]>,5<e1[M],g1[M]>,5<b1[M],e2[M]>,5<(g2.c2)[M],e2[M]>,5<b1[M],g1[M]>,5<(e1.b1)[M],g1[M]>,5<b1[M],e2[M]>,5<g2[M],e2[M]>,5<b1[M],g1[M]>,5<e1[M],g1[M]>,5<b1[M],e2[M]>,5<g2[M],e2[M]>,5<b1[M],g1[M]>,5<e1[M],g1[M]>,5<b1[M],e2[M]>,5<g2[M],e2[M]>,5<b1[M],g1[M]>,5<e1[M],g1[M]>,5<b1[M],e2[M]>,5<g2[M],e2[M]>,5<b1[M],g1[M]>,5<(c1.c2.e2)[M],e1[M]>,5<g1[M],c2[M]>,5<(e2.c2.e2)[M],c2[M]>,5<g1[M],e1[M]>,5<(c1.c2.e2)[M],e1[M]>,5<g1[M],c2[M]>,5<(e2.c2.e2)[M],c2[M]>,5<g1[M],e1[M]>,5<(c1.c2.e2)[M],e1[M]>,5<g1[M],c2[M]>,5<e2[M],c2[M]>,5<g1[M],e1[M]>,5<(c1.b1)[M],e1[M]>,5<g1[M],c2[M]>,5<(e2.b1)[M],c2[M]>,5<g1[M],e1[M]>,5<(c1.c2)[M],e1[M]>,5<g1[M],c2[M]>,5<e2[M],c2[M]>,5<(g1.c2)[M],e1[M]>,5<c1[M],e1[M]>,5<g1[M],c2[M]>,5<(e2.d2)[M],c2[M]>,5<g1[M],e1[M]>,5<(c1.c2)[M],e1[M]>,5<g1[M],c2[M]>,5<e2[M],c2[M]>,5<(g1.b1)[M],e1[M]>,5<c1[M],e1[M]>,5<g1[M],c2[M]>,5<(e2.b1)[M],c2[M]>,5<g1[M],e1[M]>,5<(e1.b1)[M],g1[M]>,5<b1[M],e2[M]>,5<g2[M],e2[M]>,5<b1[M],g1[M]>,5<e1[M],g1[M]>,5<b1[M],e2[M]>,5<g2[M],e2[M]>,5<b1[M],g1[M]>,5<e1[M],g1[M]>,5<b1[M],e2[M]>,5<g2[M],e2[M]>,5<b1[M],g1[M]>,5<e1[M],g1[M]>,5<b1[M],e2[M]>,5<(g2.c2)[M],e2[M]>,5<b1[M],g1[M]>,5<(e1.b1)[M],g1[M]>,5<b1[M],e2[M]>,5<(g2.e2.g2)[M],(e2.b1)[M]>,5<(b1.e2.g2)[M],(g1.b1)[M]>,5<(e1.e2.g2)[M],g1[M]>,5<b1[M],e2[M]>,5<(g2.e2.g2)[M],(e2.b1)[M]>,5<(b1.e2.g2)[M],(g1.b1)[M]>,5<(e1.e2.g2)[M],g1[M]>,5<b1[M],e2[M]>,5<(g2.e2.g2)[M],(e2.b1)[M]>,5<(b1.e2.g2)[M],(g1.b1)[M]>,5<(e1.e2.g2)[M],g1[M]>,5<b1[M],e2[M]>,5<(g2.#d2.#f2)[M],(e2.b1)[M]>,5<(b1.#d2.#f2)[M],(g1.b1)[M]>,5<(c1.c2.e2)[M],e1[M]>,5<g1[M],c2[M]>,5<e2[M],c2[M]>,5<g1[M],e1[M]>,5<c1[M],(e1.e2)[M]>,5<(g1.#f2)[M],(c2.g2)[M]>,5<(e2.a2)[M],(c2.b2)[M]>,5<(g1.c3)[M],(e1.d3)[M]>,5<(c1.e3)[M],e1[M]>,5<g1[M],c2[M]>,5<e2[M],c2[M]>,5<g1[M],e1[M]>,5<c1[M],e1[M]>,5<g1[M],c2[M]>,5<(e2.g2)[M],c2[M]>,5<(g1.#a2)[M],e1[M]>,5<(c1.b2)[M],e1[M]>,5<g1[M],c2[M]>,5<(e2.#a2)[M],c2[M]>,5<g1[M],e1[M]>,5<(c1.b2)[M],e1[M]>,5<g1[M],c2[M]>,5<(e2.g2)[M],c2[M]>,5<g1[M],e1[M]>,5<(c1.e2)[M],e1[M]>,5<g1[M],c2[M]>,5<e2[M],c2[M]>,5<g1[M],e1[M]>,5<c1[M],e1[M]>,5<g1[M],c2[M]>,5<(e2.g2)[M],c2[M]>,5<(g1.#a2)[M],e1[M]>,5<(e1.b2)[M],g1[M]>,5<b1[M],e2[M]>,5<(g2.#a2)[M],e2[M]>,5<b1[M],g1[M]>,5<(e1.b2)[M],g1[M]>,5<b1[M],e2[M]>,5<(g2.g2)[M],e2[M]>,5<b1[M],g1[M]>,5<(e1.e2)[M],g1[M]>,5<b1[M],e2[M]>,5<g2[M],e2[M]>,5<b1[M],g1[M]>,5<e1[M],g1[M]>,5<b1[M],e2[M]>,5<(g2.g2)[M],e2[M]>,5<(b1.#a2)[M],g1[M]>,5<(e1.b1.b2)[M],g1[M]>,5<b1[M],e2[M]>,5<(g2.e2.g2.#a2)[M],(e2.b1)[M]>,5<(b1.e2.g2)[M],(g1.b1)[M]>,5<(e1.e2.g2.b2)[M],g1[M]>,5<b1[M],e2[M]>,5<(g2.e2.g2)[M],(e2.b1)[M]>,5<(b1.e2.g2)[M],(g1.b1)[M]>,5<(e1.e2.g2)[M],g1[M]>,5<b1[M],e2[M]>,5<(g2.e2.g2)[M],(e2.b1)[M]>,5<(b1.e2.g2)[M],(g1.b1)[M]>,5<(e1.e2.g2)[M],g1[M]>,5<b1[M],e2[M]>,5<(g2.#d2.#f2)[M],(e2.b1)[M]>,5<(b1.#d2.#f2)[M],(g1.b1)[M]>,5<(c1.c2.e2)[M],e1[M]>,5<g1[M],c2[M]>,5<e2[M],c2[M]>,5<g1[M],e1[M]>,5<c1[M],(e1.e2)[M]>,5<(g1.#f2)[M],(c2.g2)[M]>,5<(e2.a2)[M],(c2.b2)[M]>,5<(g1.c3)[M],(e1.d3)[M]>,5<(c1.e3)[M],e1[M]>,5<g1[M],c2[M]>,5<e2[M],c2[M]>,5<g1[M],e1[M]>,5<c1[M],e1[M]>,5<g1[M],c2[M]>,5<(e2.g2)[M],c2[M]>,5<(g1.#a2)[M],e1[M]>,5<(c1.b2)[M],e1[M]>,5<g1[M],c2[M]>,5<(e2.#a2)[M],c2[M]>,5<g1[M],e1[M]>,5<(c1.b2)[M],e1[M]>,5<g1[M],c2[M]>,5<(e2.g2)[M],c2[M]>,5<g1[M],e1[M]>,5<(c1.e2)[M],e1[M]>,5<g1[M],c2[M]>,5<e2[M],c2[M]>,5<g1[M],e1[M]>,5<c1[M],e1[M]>,5<g1[M],c2[M]>,5<(e2.g2)[M],c2[M]>,5<(g1.#a2)[M],e1[M]>,5<(e1.b2)[M],g1[M]>,5<b1[M],e2[M]>,5<(g2.#a2)[M],e2[M]>,5<b1[M],g1[M]>,5<(e1.b2)[M],g1[M]>,5<b1[M],e2[M]>,5<(g2.g2)[M],e2[M]>,5<b1[M],g1[M]>,5<(e1.e2)[M],g1[M]>,5<b1[M],e2[M]>,5<g2[M],e2[M]>,5<b1[M],g1[M]>,5<e1[M],g1[M]>,5<b1[M],e2[M]>,5<(g2.g2)[M],e2[M]>,5<(b1.#a2)[M],g1[M]>,5<(e1.b2)[M],g1[M]>,5<b1[M],e2[M]>,5<(g2.#a2)[M],e2[M]>,5<b1[M],g1[M]>,5<(e1.b2)[M],g1[M]>,5<b1[M],e2[M]>,5<(g2.g2)[M],e2[M]>,5<b1[M],g1[M]>,(b.e2)[K],(b2.#d3.#f3.b3)[K],(b2.#d3.#f3.b3.#d4.#f4.b4)[J],5<(e1.b1.e2)[M],(b.g1)[M]>,5<(e1.b1.e2)[M],(b.g1)[M]>,5<(e1.b1.e2)[M],(b.g1)[M]>,5<(e1.b1.e2)[M],(b.g1)[M]>,5<(e1.b1.e2)[M],(b.g1)[M]>,5<(e1.b1.e2)[M],(b.g1)[M]>,5<(e1.b1.e2)[M],(b.g1)[M]>,5<(e1.b1.e2)[M],(b.g1)[M]>,5<(e1.b1.e2)[M],(b.g1)[M]>,5<(e1.b1.e2)[M],(b.g1)[M]>,5<(e1.b1.e2)[M],(b.g1)[M]>,5<(e1.b1.e2)[M],(b.g1)[M]>,5<(e1.b1.e2)[M],(b.g1)[M]>,5<(e1.b1.e2)[M],(b.g1)[M]>,5<(e1.b1.e2)[M],(b.g1)[M]>,5<(e1.b1.e2)[M],(b.g1)[M]>,5<(e1.b1.e2)[M],(b.g1)[M]>,5<(e1.b1.e2)[M],(b.g1)[M]>,5<(e1.b1.e2)[M],(b.g1)[M]>,5<(e1.b1.e2)[M],(b.g1)[M]>,5<(e1.b1.e2)[M],(b.g1)[M]>,5<(e1.b1.e2)[M],(b.g1)[M]>,5<(e1.b1.e2)[M],(b.g1)[M]>,5<(e1.b1.e2)[M],(b.g1)[M]>,5<(e1.b1.e2)[M],(b.g1)[M]>,5<(e1.b1.e2)[M],(b.g1)[M]>,5<(e1.b1.e2)[M],(b.g1)[M]>,5<(e1.b1.e2)[M],(b.g1)[M]>,5<(e1.b1.e2)[M],(b.g1)[M]>,5<(e1.b1.e2)[M],(b.g1)[M]>,5<(e1.b1.e2)[M],(b.g1)[M]>,5<(e1.b1.e2)[M],(b.g1)[M]>,5<(a.e1.a1)[M],(e.c1)[M]>,5<(a.e1.a1)[M],(e.c1)[M]>,5<(a.e1.a1)[M],(e.c1)[M]>,5<(a.e1.a1)[M],(e.c1)[M]>,5<(a.e1.a1)[M],(e.c1)[M]>,5<(a.e1.a1)[M],(e.c1)[M]>,5<(a.e1.a1)[M],(e.c1)[M]>,5<(a.e1.a1)[M],(e.c1)[M]>,5<(a.e1.a1)[M],(e.c1)[M]>,5<(a.e1.a1)[M],(e.c1)[M]>,5<(a.e1.a1)[M],(e.c1)[M]>,5<(a.e1.a1)[M],(e.c1)[M]>,5<(a.e1.a1)[M],(e.c1)[M]>,5<(a.e1.a1)[M],(e.c1)[M]>,5<(a.e1.a1)[M],(e.c1)[M]>,5<(a.e1.a1)[M],(e.c1)[M]>,5<(b.#f1.b1)[M],(#f.#d1)[M]>,5<(b.#f1.b1)[M],(#f.#d1)[M]>,5<(b.#f1.b1)[M],(#f.#d1)[M]>,5<(b.#f1.b1)[M],(#f.#d1)[M]>,5<(b.#f1.b1)[M],(#f.#d1)[M]>,5<(b.#f1.b1)[M],(#f.#d1)[M]>,5<(b.#f1.b1)[M],(#f.#d1)[M]>,5<(b.#f1.b1)[M],(#f.#d1)[M]>,5<(b.#f1.b1)[M],(#f.#d1)[M]>,5<(b.#f1.b1)[M],(#f.#d1)[M]>,5<(b.#f1.b1)[M],(#f.#d1)[M]>,5<(b.#f1.b1)[M],(#f.#d1)[M]>,5<(b.#f1.b1)[M],(#f.#d1)[M]>,5<(b.#f1.b1)[M],(#f.#d1)[M]>,5<(b.#f1.b1)[M],(#f.#d1)[M]>,5<(b.#f1.b1)[M],(#f.#d1)[M]>,5<(e1.b1.e2)[M],(b.g1)[M]>,5<(e1.b1.e2)[M],(b.g1)[M]>,5<(e1.b1.e2)[M],(b.g1)[M]>,5<(e1.b1.e2)[M],(b.g1)[M]>,5<(e1.b1.e2)[M],(b.g1)[M]>,5<(e1.b1.e2)[M],(b.g1)[M]>,5<(e1.b1.e2)[M],(b.g1)[M]>,5<(e1.b1.e2)[M],(b.g1)[M]>,5<(e1.b1.e2)[M],(b.g1)[M]>,5<(e1.b1.e2)[M],(b.g1)[M]>,5<(e1.b1.e2)[M],(b.g1)[M]>,5<(e1.b1.e2)[M],(b.g1)[M]>,5<(e1.b1.e2)[M],(b.g1)[M]>,5<(e1.b1.e2)[M],(b.g1)[M]>,5<(e1.b1.e2)[M],(b.g1)[M]>,5<(e1.b1.e2)[M],(b.g1)[M]>,5<(e1.b1.e2)[M],(b.g1)[M]>,5<(e1.b1.e2)[M],(b.g1)[M]>,5<(e1.b1.e2)[M],(b.g1)[M]>,5<(e1.b1.e2)[M],(b.g1)[M]>,5<(e1.b1.e2)[M],(b.g1)[M]>,5<(e1.b1.e2)[M],(b.g1)[M]>,5<(e1.b1.e2)[M],(b.g1)[M]>,5<(e1.b1.e2)[M],(b.g1)[M]>,5<(e1.b1.e2)[M],(b.g1)[M]>,5<(e1.b1.e2)[M],(b.g1)[M]>,5<(e1.b1.e2)[M],(b.g1)[M]>,5<(e1.b1.e2)[M],(b.g1)[M]>,5<(e1.b1.e2)[M],(b.g1)[M]>,5<(e1.b1.e2)[M],(b.g1)[M]>,5<(e1.b1.e2)[M],(b.g1)[M]>,5<(e1.b1.e2)[M],(b.g1)[M]>,5<(a.e1.a1)[M],(e.c1)[M]>,5<(a.e1.a1)[M],(e.c1)[M]>,5<(a.e1.a1)[M],(e.c1)[M]>,5<(a.e1.a1)[M],(e.c1)[M]>,5<(a.e1.a1)[M],(e.c1)[M]>,5<(a.e1.a1)[M],(e.c1)[M]>,5<(a.e1.a1)[M],(e.c1)[M]>,5<(a.e1.a1)[M],(e.c1)[M]>,5<(a.e1.a1)[M],(e.c1)[M]>,5<(a.e1.a1)[M],(e.c1)[M]>,5<(a.e1.a1)[M],(e.c1)[M]>,5<(a.e1.a1)[M],(e.c1)[M]>,5<(a.e1.a1)[M],(e.c1)[M]>,5<(a.e1.a1)[M],(e.c1)[M]>,5<(a.e1.a1)[M],(e.c1)[M]>,5<(a.e1.a1)[M],(e.c1)[M]>,5<(b.#f1.b1)[M],(#f.#d1)[M]>,5<(b.#f1.b1)[M],(#f.#d1)[M]>,5<(b.#f1.b1)[M],(#f.#d1)[M]>,5<(b.#f1.b1)[M],(#f.#d1)[M]>,5<(b.#f1.b1)[M],(#f.#d1)[M]>,5<(b.#f1.b1)[M],(#f.#d1)[M]>,5<(b.#f1.b1)[M],(#f.#d1)[M]>,5<(b.#f1.b1)[M],(#f.#d1)[M]>,5<(b.#f1.b1)[M],(#f.#d1)[M]>,5<(b.#f1.b1)[M],(#f.#d1)[M]>,5<(b.#f1.b1)[M],(#f.#d1)[M]>,5<(b.#f1.b1)[M],(#f.#d1)[M]>,5<(b.#f1.b1)[M],(#f.#d1)[M]>,5<(b.#f1.b1)[M],(#f.#d1)[M]>,5<(b.#f1.b1)[M],(#f.#d1)[M]>,5<(b.#f1.b1)[M],(#f.#d1)[M]>,5<(e1.b1.e2.e2.b2.e3)[M],(b.g1)[M]>,5<(e1.b1.e2)[M],(b.g1)[M]>,5<(e1.b1.e2)[M],(b.g1)[M]>,5<(e1.b1.e2)[M],(b.g1)[M]>,5<(e1.b1.e2)[M],(b.g1)[M]>,5<(e1.b1.e2)[M],(b.g1)[M]>,5<(e1.b1.e2.d3.d4)[M],(b.g1)[M]>,5<(e1.b1.e2)[M],(b.g1)[M]>,5<(e1.b1.e2.e3.e4)[M],(b.g1)[M]>,5<(e1.b1.e2)[M],(b.g1)[M]>,5<(e1.b1.e2)[M],(b.g1)[M]>,5<(e1.b1.e2)[M],(b.g1)[M]>,5<(e1.b1.e2)[M],(b.g1)[M]>,5<(e1.b1.e2)[M],(b.g1)[M]>,5<(e1.b1.e2)[M],(b.g1)[M]>,5<(e1.b1.e2)[M],(b.g1)[M]>,5<(e1.b1.e2)[M],(b.g1)[M]>,5<(e1.b1.e2)[M],(b.g1)[M]>,5<(e1.b1.e2)[M],(b.g1)[M]>,5<(e1.b1.e2)[M],(b.g1)[M]>,5<(e1.b1.e2)[M],(b.g1)[M]>,5<(e1.b1.e2)[M],(b.g1)[M]>,5<(e1.b1.e2)[M],(b.g1)[M]>,5<(e1.b1.e2)[M],(b.g1)[M]>,5<(e1.b1.e2)[M],(b.g1)[M]>,5<(e1.b1.e2)[M],(b.g1)[M]>,5<(e1.b1.e2)[M],(b.g1)[M]>,5<(e1.b1.e2)[M],(b.g1)[M]>,5<(e1.b1.e2)[M],(b.g1)[M]>,5<(e1.b1.e2)[M],(b.g1)[M]>,5<(e1.b1.e2)[M],(b.g1)[M]>,5<(e1.b1.e2)[M],(b.g1)[M]>,5<(a.e1.a1)[M],(e.c1)[M]>,5<(a.e1.a1)[M],(e.c1)[M]>,5<(a.e1.a1)[M],(e.c1)[M]>,5<(a.e1.a1)[M],(e.c1)[M]>,5<(a.e1.a1)[M],(e.c1)[M]>,5<(a.e1.a1)[M],(e.c1)[M]>,5<(a.e1.a1)[M],(e.c1)[M]>,5<(a.e1.a1)[M],(e.c1)[M]>,5<(a.e1.a1)[M],(e.c1)[M]>,5<(a.e1.a1)[M],(e.c1)[M]>,5<(a.e1.a1)[M],(e.c1)[M]>,5<(a.e1.a1)[M],(e.c1)[M]>,5<(a.e1.a1)[M],(e.c1)[M]>,5<(a.e1.a1)[M],(e.c1)[M]>,5<(a.e1.a1)[M],(e.c1)[M]>,5<(a.e1.a1)[M],(e.c1)[M]>,5<(b.#f1.b1.g2.g3)[M],(#f.#d1)[M]>,5<(b.#f1.b1)[M],(#f.#d1)[M]>,5<(b.#f1.b1.g2.g3)[M],(#f.#d1)[M]>,5<(b.#f1.b1.g2.g3)[M],(#f.#d1)[M]>,5<(b.#f1.b1.g2.g3)[M],(#f.#d1)[M]>,5<(b.#f1.b1)[M],(#f.#d1)[M]>,5<(b.#f1.b1.g2.g3)[M],(#f.#d1)[M]>,5<(b.#f1.b1.g2.g3)[M],(#f.#d1)[M]>,5<(b.#f1.b1.g2.g3)[M],(#f.#d1)[M]>,5<(b.#f1.b1)[M],(#f.#d1)[M]>,5<(b.#f1.b1.g2.g3)[M],(#f.#d1)[M]>,5<(b.#f1.b1.g2.g3)[M],(#f.#d1)[M]>,5<(b.#f1.b1.#f2.#f3)[M],(#f.#d1)[M]>,5<(b.#f1.b1)[M],(#f.#d1)[M]>,5<(b.#f1.b1.#f2.#f3)[M],(#f.#d1)[M]>,5<(b.#f1.b1)[M],(#f.#d1)[M]>,5<(e1.b1.e2.e2.b2.e3)[M],(b.g1)[M]>,5<(e1.b1.e2)[M],(b.g1)[M]>,5<(e1.b1.e2)[M],(b.g1)[M]>,5<(e1.b1.e2)[M],(b.g1)[M]>,5<(e1.b1.e2)[M],(b.g1)[M]>,5<(e1.b1.e2)[M],(b.g1)[M]>,5<(e1.b1.e2.d3.d4)[M],(b.g1)[M]>,5<(e1.b1.e2)[M],(b.g1)[M]>,5<(e1.b1.e2.e3.e4)[M],(b.g1)[M]>,5<(e1.b1.e2)[M],(b.g1)[M]>,5<(e1.b1.e2)[M],(b.g1)[M]>,5<(e1.b1.e2)[M],(b.g1)[M]>,5<(e1.b1.e2)[M],(b.g1)[M]>,5<(e1.b1.e2)[M],(b.g1)[M]>,5<(e1.b1.e2)[M],(b.g1)[M]>,5<(e1.b1.e2)[M],(b.g1)[M]>,5<(e1.b1.e2)[M],(b.g1)[M]>,5<(e1.b1.e2)[M],(b.g1)[M]>,5<(e1.b1.e2)[M],(b.g1)[M]>,5<(e1.b1.e2)[M],(b.g1)[M]>,5<(e1.b1.e2)[M],(b.g1)[M]>,5<(e1.b1.e2)[M],(b.g1)[M]>,5<(e1.b1.e2)[M],(b.g1)[M]>,5<(e1.b1.e2)[M],(b.g1)[M]>,5<(e1.b1.e2)[M],(b.g1)[M]>,5<(e1.b1.e2)[M],(b.g1)[M]>,5<(e1.b1.e2)[M],(b.g1)[M]>,5<(e1.b1.e2)[M],(b.g1)[M]>,5<(e1.b1.e2)[M],(b.g1)[M]>,5<(e1.b1.e2)[M],(b.g1)[M]>,5<(e1.b1.e2)[M],(b.g1)[M]>,5<(e1.b1.e2)[M],(b.g1)[M]>,5<(a.e1.a1)[M],(e.c1)[M]>,5<(a.e1.a1)[M],(e.c1)[M]>,5<(a.e1.a1)[M],(e.c1)[M]>,5<(a.e1.a1)[M],(e.c1)[M]>,5<(a.e1.a1)[M],(e.c1)[M]>,5<(a.e1.a1)[M],(e.c1)[M]>,5<(a.e1.a1)[M],(e.c1)[M]>,5<(a.e1.a1)[M],(e.c1)[M]>,5<(a.e1.a1)[M],(e.c1)[M]>,5<(a.e1.a1)[M],(e.c1)[M]>,5<(a.e1.a1)[M],(e.c1)[M]>,5<(a.e1.a1)[M],(e.c1)[M]>,5<(a.e1.a1)[M],(e.c1)[M]>,5<(a.e1.a1)[M],(e.c1)[M]>,5<(a.e1.a1)[M],(e.c1)[M]>,5<(a.e1.a1)[M],(e.c1)[M]>,5<(b.#f1.b1.b2.#d3.g3.b3.#d4.g4)[M],(#f.#d1)[M]>,5<(b.#f1.b1)[M],(#f.#d1)[M]>,5<(b.#f1.b1.b2.#d3.g3.b3.#d4.g4)[M],(#f.#d1)[M]>,5<(b.#f1.b1)[M],(#f.#d1)[M]>,5<(b.#f1.b1.b2.#d3.g3.b3.#d4.g4)[M],(#f.#d1)[M]>,5<(b.#f1.b1)[M],(#f.#d1)[M]>,5<(b.#f1.b1.b2.#d3.g3.b3.g4)[M],(#f.#d1)[M]>,5<(b.#f1.b1)[M],(#f.#d1)[M]>,5<(b.#f1.b1.b2.#d3.g3.b3.#d4.g4)[M],(#f.#d1.b2.#d3.g3.b3.#d4.g4)[M]>,5<(b.#f1.b1)[M],(#f.#d1)[M]>,5<(b.#f1.b1)[M],(#f.#d1)[M]>,5<(b.#f1.b1)[M],(#f.#d1)[M]>,5<(b.#f1.b1.b2.#d3.#f3.b3.#d4.#f4)[M],(#f.#d1.b2.#d3.#f3.b3.#d4.#f4)[M]>,5<(b.#f1.b1)[M],(#f.#d1)[M]>,5<(b.#f1.b1)[M],(#f.#d1)[M]>,5<(b.#f1.b1)[M],(#f.#d1)[M]>,5<(b2.#d3.g3.b3.#d4.g4.B-3.B-2)[M],(b2.#d3.g3.b3.#d4.g4.B-3.B-2)[M]>,TU,5<(b2.#d3.#f3.b3.#d4.#f4.B-3.B-2)[M],(b2.#d3.#f3.b3.#d4.#f4.B-3.B-2)[M]>,TU,5<(b2.#d3.g3.b3.#d4.g4.B-3.B-2)[M],(b2.#d3.g3.b3.#d4.g4.B-3.B-2)[M]>,TU,5<(b2.#d3.#f3.b3.#d4.#f4.B-3.B-2)[M],(b2.#d3.#f3.b3.#d4.#f4.B-3.B-2)[M]>,TU,(b2.#d3.g3.b3.#d4.g4.B-3.B-2)[L],(b2.#d3.g3.b3.#d4.g4.B-3.B-2)[L],RS,(b2.#d3.#f3.b3.#d4.#f4.B-3.B-2)[LMN],(b2.#d3.#f3.b3.#d4.#f4.B-3.B-2)[HHLM],T,","R,(e2.b2)[K],a2[K],g2[K],e2[K],(c2.e2.a2)[IJ],g2[K],a2[K],(e2.b2)[KL],(e2.b2)[KL],(e2.b2)[J],(d2.a2)[K],(d2.a2)[K],(e2.b2)[K],(a2.c3)[KL],(a2.c3)[KL],(a2.c3)[K],(a2.c3)[KL],(g2.b2)[KL],(g2.b2)[K],R,(e2.b2)[K],a2[K],g2[K],e2[K],(c2.e2.a2)[IJ],g2[K],a2[K],(e2.b2)[KL],(e2.b2)[KL],(e2.b2)[J],(d2.a2)[K],(d2.a2)[K],(e2.b2)[K],(a2.c3)[KL],(a2.c3)[KL],(a2.c3)[JL],(c2.a2)[L],(c2.a2)[J],R,(b1.a2)[KL],(b1.a2)[KL],(b1.d2.g2)[K],(c2.a2)[KL],(c2.a2)[KL],(c2.g2)[K],(c2.a2)[L],(c2.e2)[K],(c2.e2)[KL],(c2.e2)[K],(b1.a2)[KL],(b1.a2)[KL],(b1.g2)[K],(b1.a2)[L],(b1.e2)[K],(b1.e2)[KL],(b1.e2)[K],(e2.b2)[K],(e2.a2)[K],(e2.a2)[K],(e2.g2)[K],(e2.a2)[J],(b1.e2)[J],R,(d2.a2)[KL],(d2.a2)[KL],(d2.g2)[K],(d2.a2)[KL],(d2.a2)[KL],(d2.g2)[K],(d2.a2)[KL],(d2.b2)[KL],(d2.g2.b2)[K],(c2.g2.e3)[J],(c2.g2.d3)[J],(c2.g2.b2)[J],(c2.g2.b2)[J],(b1.#d2.g2)[K],(b1.#d2.g2)[K],(b1.#d2.g2)[K],(b1.#d2.g2)[K],(b1.#d2.g2)[K],ST,(e2.e3)[J],(e2.e3)[K],(e2.e3)[K],(g2.g3)[JK],(g2.g3)[L],(a2.a3)[L],(b2.b3)[K],(#a2.#a3)[K],(b2.b3)[K],(g2.g3)[K],(e2.e3)[K],(g2.g3)[K],(g2.g3)[K],(g2.g3)[K],(e2.e3)[J],(e2.e3)[K],(e2.e3)[K],(g2.g3)[JK],(g2.g3)[L],(a2.a3)[L],(b2.b3.g2.g3)[K],(#a2.#a3.g2.g3)[K],(b2.b3.g2.g3)[K],(g2.g3)[K],(e2.e3.g2.g3)[K],(e2.g2.b2.e3)[K],(e3.g3.b3.e4.#f2.#f3)[J],(e2.e3)[J],(e2.e3)[K],(e2.e3)[K],(g2.g3)[JK],(g2.g3)[L],(a2.a3)[L],(b2.b3)[K],(#a2.#a3)[K],(b2.b3)[K],(g2.g3)[K],(e2.e3)[K],(g2.g3)[K],(g2.g3)[K],(a2.a3)[K],(e2.a2.e3.a3)[KL],(g2.g3)[L],(e2.e3)[K],(e2.e3)[K],(g2.g3)[JK],(g1.g2.g3)[L],(a1.a2.a3)[L],(b1.b2.b3)[K],(#a1.#a2.#a3)[K],(b1.b2.b3)[K],(g1.g2.g3)[K],(e1.e2.e3)[J],(e.e1.g1.b1.e2)[J],(c.e.g)[J],(c.e.g)[J],(c.e.g)[J],(c.e.g)[J],(c.e.g)[J],(c.e.g)[J],(c.e.g)[J],(c.e.g)[J],(e.g.b)[J],(e.g.b)[J],(e.g.b)[J],(e.g.b)[J],(e.g.b)[J],(e.g.b)[J],(e.g.b)[J],(e.g.b)[J],(c.e.g)[J],(c.e.g)[J],(c.e.g)[J],(c.e.g)[J],(c.e.g)[J],(c.e.g)[J],(c.e.g)[J],(c.e.g)[J],(e.g.b)[J],(e.g.b)[J],(e.g.b)[J],(e.g.b)[J],(e.g.b)[J],(e.g.b)[J],(e.g.b)[J],(e.g.b)[J],(c.e.g)[J],(c.e.g)[J],(c.e.g)[J],(c.e.g)[J],(c.e.g)[J],(c.e.g)[J],(c.e.g)[J],(c.e.g)[J],(e.g.b)[J],(e.g.b)[J],(e.g.b)[J],(e.g.b)[J],(e.g.b)[J],(e.g.b)[J],(e.g.b)[J],(e.g.b)[J],(c.e.g)[J],(c.e.g)[J],(c.e.g)[J],(c.e.g)[J],(c.e.g)[J],(c.e.g)[J],(c.e.g)[J],(c.e.g)[J],(e.g.b)[J],(e.g.b)[J],(e.g.b)[J],(e.g.b)[J],(e.g.b)[J],(e.g.b)[J],(B-1.#d.#f)[I],(e2.b2.e3)[J],(e2.b2.e3)[K],(e2.b2.e3)[K],(f2.b2.f3)[K],(e2.b2.e3)[K],(e2.b2.e3)[K],(f2.b2.f3)[K],(e2.b2.e3)[K],(e2.b2.e3)[K],(e2.b2.e3)[K],(e2.b2.e3)[K],(f2.b2.f3)[K],(e2.e3)[K],(e2.g2.b2.e3.g3.b3.e4.g4.b4)[K],(g2.b2.g3.b3)[K],(e2.b2.e3)[J],(e2.b2.e3)[K],(e2.b2.e3)[K],(f2.b2.f3)[K],(e2.b2.e3)[K],(e2.b2.e3)[K],(f2.g2.b2.f3.g3)[L],(#a2.#a3)[L],(e2.b2.e3.b3)[K],(e2.#a2.b2.e3.#a3)[K],(e2.b2.e3.b3)[K],(e2.b2.c3.e3.c4)[K],(f2.b2.f3.b3)[K],(e2.#a2.e3.#a3)[K],(e2.g2.b2.e3.g3.b3.e4.g4.b4)[K],(g2.c3.g3.c4)[K],(g2.g3)[K],(b2.b3)[L],(g2.g3)[L],(e2.e3)[K],(b2.b3)[L],(g2.g3)[L],(b2.b3)[L],(g2.g3)[L],(e2.e3)[K],(e2.e3)[K],(#f2.#f3)[K],(g2.g3)[K],(b2.b3)[L],(g2.g3)[L],(e2.e3)[K],(b2.b3)[L],(g2.g3)[L],(b2.b3)[L],(g2.g3)[L],(e2.e3)[K],(e2.e3)[K],(#f2.#f3)[K],(g2.g3)[K],(b2.b3)[L],(g2.g3)[L],(e2.e3)[K],(b2.b3)[L],(g2.g3)[L],(b2.b3)[L],(g2.g3)[L],(e2.e3)[K],(e2.e3)[K],(#f2.#f3)[K],(g2.g3)[K],(g2.g3)[L],(g2.g3)[L],(g2.g3)[K],(g2.g3)[L],(g2.g3)[L],(g2.g3)[K],(g2.g3)[L],(g2.g3)[L],(#f2.#f3)[K],(#f2.#f3)[K],(e1.b1.e2)[J],(e1.b1.e2)[K],(e1.b1.e2)[K],(f1.b1.f2)[K],(e1.b1.e2)[K],(e1.b1.e2)[K],(f1.b1.f2)[K],(e1.b1.e2)[K],(e1.b1.e2)[K],(e1.b1.e2)[K],(e1.b1.e2)[K],(f1.b1.f2)[K],(e1.e2)[K],(e1.g1.b1.e2.g2.b2.e3.g3.b3)[K],(b1.b2)[K],(e1.b1.e2)[J],(e1.b1.e2)[K],(e1.b1.e2)[K],(f1.b1.f2)[K],(e1.b1.e2)[K],(e1.b1.e2)[K],(f1.b1.f2)[K],(e1.b1.e2)[K],(e1.b1.e2)[K],(e1.b1.e2)[K],(e1.b1.e2)[K],(f1.b1.f2)[K],(e1.e2)[K],(e1.g1.b1.e2.g2.b2.e3.g3.b3)[K],(b1.b2)[K],","(C-1.c)[J],(C-1.c)[J],(C-1.c)[J],(C-1.c)[J],(D-1.d)[J],(D-1.d)[J],(D-1.d)[J],(D-1.d)[J],(E-1.e)[J],(E-1.e)[J],(E-1.e)[J],(E-1.e)[J],(D-1.d)[J],(D-1.d)[J],(D-1.d)[J],(D-1.d)[J],(C-1.c)[J],(C-1.c)[J],(C-1.c)[J],(C-1.c)[J],(D-1.d)[J],(D-1.d)[J],(D-1.d)[J],(D-1.d)[J],(E-1.e)[J],(E-1.e)[J],(E-1.e)[J],(E-1.e)[J],(D-1.d)[J],(D-1.d)[J],(D-1.d)[J],(D-1.d)[J],(C-1.c)[J],(C-1.c)[J],(C-1.c)[J],(C-1.c)[J],(D-1.d)[J],(D-1.d)[J],(D-1.d)[J],(D-1.d)[J],(E-1.e)[J],(E-1.e)[J],(E-1.e)[J],(E-1.e)[J],(D-1.d)[J],(D-1.d)[J],(D-1.d)[J],(D-1.d)[J],(C-1.c)[J],(C-1.c)[J],(C-1.c)[J],(C-1.c)[J],(D-1.d)[J],(D-1.d)[J],(D-1.d)[J],(D-1.d)[J],(C-1.c)[J],(C-1.c)[J],(C-1.c)[J],(C-1.c)[J],(B-2.B-1)[K],(B-2.B-1)[K],(B-2.B-1)[K],(B-2.B-1)[K],(B-3.B-2)[J],(B-3.B-2)[J],(E-2.E-1)[K],E-1[K],E-1[K],(E-2.E-1)[K],E-1[K],E-1[K],(E-2.E-1)[K],E-1[K],(E-2.E-1)[K],E-1[K],E-1[K],(E-2.E-1)[K],E-1[K],E-1[K],(E-2.E-1)[K],E-1[K],(E-2.E-1)[K],E-1[K],E-1[K],(E-2.E-1)[K],E-1[K],E-1[K],(E-2.E-1)[K],E-1[K],(E-2.E-1)[K],E-1[K],E-1[K],(E-2.E-1)[K],E-1[K],E-1[K],(#A-3.#A-2)[J],(E-2.E-1)[K],E-1[K],E-1[K],(E-2.E-1)[K],E-1[K],E-1[K],(E-2.E-1)[K],E-1[K],(E-2.E-1)[K],E-1[K],E-1[K],(E-2.E-1)[K],E-1[K],E-1[K],(E-2.E-1)[K],E-1[K],(E-2.E-1)[K],E-1[K],E-1[K],(E-2.E-1)[K],E-1[K],E-1[K],(E-2.E-1)[K],E-1[K],(E-2.E-1)[K],E-1[K],E-1[K],(E-2.E-1)[K],E-1[K],E-1[K],(E-2.E-1)[K],E-1[K],(C-2.C-1)[J],(C-2.C-1)[J],(C-2.C-1)[J],(C-2.C-1)[J],(C-2.C-1)[J],(C-2.C-1)[J],(C-2.C-1)[J],(C-2.C-1)[J],(E-2.E-1)[J],(E-2.E-1)[J],(E-2.E-1)[J],(E-2.E-1)[J],(E-2.E-1)[J],(E-2.E-1)[J],(E-2.E-1)[J],(E-2.E-1)[J],(C-2.C-1)[J],(C-2.C-1)[J],(C-2.C-1)[J],(C-2.C-1)[J],(C-2.C-1)[J],(C-2.C-1)[J],(C-2.C-1)[J],(C-2.C-1)[J],(E-2.E-1)[J],(E-2.E-1)[J],(E-2.E-1)[J],(E-2.E-1)[J],(E-2.E-1)[J],(E-2.E-1)[J],(E-2.E-1)[J],(E-2.E-1)[J],(C-2.C-1)[J],(C-2.C-1)[J],(C-2.C-1)[J],(C-2.C-1)[J],(C-2.C-1)[J],(C-2.C-1)[J],(C-2.C-1)[J],(C-2.C-1)[J],(E-2.E-1)[J],(E-2.E-1)[J],(E-2.E-1)[J],(E-2.E-1)[J],(E-2.E-1)[J],(E-2.E-1)[J],(E-2.E-1)[J],(E-2.E-1)[J],(C-2.C-1)[J],(C-2.C-1)[J],(C-2.C-1)[J],(C-2.C-1)[J],(C-2.C-1)[J],(C-2.C-1)[J],(C-2.C-1)[J],(C-2.C-1)[J],(E-2.E-1)[J],(E-2.E-1)[J],(E-2.E-1)[J],(E-2.E-1)[J],(E-2.E-1)[J],(E-2.E-1)[J],(B-3.B-2)[I],(E-2.E-1)[K],(E-2.E-1)[K],(E-2.E-1)[K],(E-2.E-1)[K],(E-2.E-1)[K],(E-2.E-1)[K],(E-2.E-1)[K],(E-2.E-1)[K],(E-2.E-1)[K],(E-2.E-1)[K],(E-2.E-1)[K],(E-2.E-1)[K],(E-2.E-1)[K],(E-2.E-1)[K],(E-2.E-1)[K],(E-2.E-1)[K],(A-3.A-2)[K],(A-3.A-2)[K],(A-3.A-2)[K],(A-3.A-2)[K],(A-3.A-2)[K],(A-3.A-2)[K],(A-3.A-2)[K],(A-3.A-2)[K],(B-3.B-2)[K],(B-3.B-2)[K],(B-3.B-2)[K],(B-3.B-2)[K],(B-3.B-2)[K],(B-3.B-2)[K],(B-3.B-2)[K],(B-3.B-2)[K],(E-2.E-1)[K],(E-2.E-1)[K],(E-2.E-1)[K],(E-2.E-1)[K],(E-2.E-1)[K],(E-2.E-1)[K],(E-2.E-1)[K],(E-2.E-1)[K],(E-2.E-1)[K],(E-2.E-1)[K],(E-2.E-1)[K],(E-2.E-1)[K],(E-2.E-1)[K],(E-2.E-1)[K],(E-2.E-1)[K],(E-2.E-1)[K],(A-3.A-2)[K],(A-3.A-2)[K],(A-3.A-2)[K],(A-3.A-2)[K],(A-3.A-2)[K],(A-3.A-2)[K],(A-3.A-2)[K],(A-3.A-2)[K],(B-3.B-2)[K],(B-3.B-2)[K],(B-3.B-2)[K],(B-3.B-2)[K],(B-3.B-2)[K],(B-3.B-2)[K],(B-3.B-2)[K],(B-3.B-2)[K],(E-2.E-1)[K],(E-2.E-1)[K],(E-2.E-1)[K],(E-2.E-1)[K],(E-2.E-1)[K],(E-2.E-1)[K],(E-2.E-1)[K],(E-2.E-1)[K],(E-2.E-1)[K],(E-2.E-1)[K],(E-2.E-1)[K],(E-2.E-1)[K],(E-2.E-1)[K],(E-2.E-1)[K],(E-2.E-1)[K],(E-2.E-1)[K],(A-3.A-2)[K],(A-3.A-2)[K],(A-3.A-2)[K],(A-3.A-2)[K],(A-3.A-2)[K],(A-3.A-2)[K],(A-3.A-2)[K],(A-3.A-2)[K],(B-3.B-2)[K],(B-3.B-2)[K],(B-3.B-2)[K],(B-3.B-2)[K],(B-3.B-2)[K],(B-3.B-2)[K],(B-3.B-2)[K],(B-3.B-2)[K],(E-2.E-1)[K],(E-2.E-1)[K],(E-2.E-1)[K],(E-2.E-1)[K],(E-2.E-1)[K],(E-2.E-1)[K],(E-2.E-1)[K],(E-2.E-1)[K],(E-2.E-1)[K],(E-2.E-1)[K],(E-2.E-1)[K],(E-2.E-1)[K],(E-2.E-1)[K],(E-2.E-1)[K],(E-2.E-1)[K],(E-2.E-1)[K],(A-3.A-2)[K],(A-3.A-2)[K],(A-3.A-2)[K],(A-3.A-2)[K],(A-3.A-2)[K],(A-3.A-2)[K],(A-3.A-2)[K],(A-3.A-2)[K],(B-3.B-2)[K],(B-3.B-2)[K],(B-3.B-2)[K],(B-3.B-2)[K],(B-3.B-2)[K],(B-3.B-2)[K],(B-3.B-2)[K],(B-3.B-2)[K],"]},{"id":3,"baseBeats":0.5,"scores":["5<e1[M],g1[M]>,5<a1[M],b1[M]>,5<e2[M],b1[M]>,5<a1[M],g1[M]>,5<e1[M],g1[M]>,5<a1[M],b1[M]>,5<e2[M],b1[M]>,5<a1[M],g1[M]>,5<e1[M],g1[M]>,5<a1[M],b1[M]>,5<e2[M],g2[M]>,5<a2[M],b2[M]>,5<e3[M],b2[M]>,5<a2[M],g2[M]>,5<e2[M],b1[M]>,5<a1[M],g1[M]>,5<d1[M],#f1[M]>,5<g1[M],a1[M]>,5<d2[M],a1[M]>,5<g1[M],#f1[M]>,5<d1[M],#f1[M]>,5<g1[M],a1[M]>,5<d2[M],a1[M]>,5<g1[M],#f1[M]>,5<d1[M],#f1[M]>,5<g1[M],a1[M]>,5<d2[M],#f2[M]>,5<g2[M],a2[M]>,5<d3[M],a2[M]>,5<g2[M],#f2[M]>,5<d2[M],a1[M]>,5<g1[M],#f1[M]>,5<c1[M],e1[M]>,5<#f1[M],g1[M]>,5<c2[M],g1[M]>,5<#f1[M],e1[M]>,5<c1[M],e1[M]>,5<#f1[M],g1[M]>,5<c2[M],g1[M]>,5<#f1[M],e1[M]>,5<c1[M],e1[M]>,5<#f1[M],g1[M]>,5<c2[M],e2[M]>,5<#f2[M],g2[M]>,5<c3[M],g2[M]>,5<#f2[M],e2[M]>,5<c2[M],g1[M]>,5<#f1[M],e1[M]>,5<b[M],#d1[M]>,5<e1[M],#f1[M]>,5<b1[M],#f1[M]>,5<e1[M],#d1[M]>,5<b[M],#d1[M]>,5<e1[M],#f1[M]>,5<b1[M],#f1[M]>,5<e1[M],#d1[M]>,5<b[M],#d1[M]>,5<e1[M],#f1[M]>,5<b1[M],#d2[M]>,5<e2[M],#f2[M]>,5<b2[M],#f2[M]>,5<e2[M],#d2[M]>,5<b1[M],#f1[M]>,5<e1[M],#d1[M]>,5<e1[M],g1[M]>,5<a1[M],b1[M]>,5<e2[M],b1[M]>,5<a1[M],g1[M]>,5<e1[M],g1[M]>,5<a1[M],b1[M]>,5<e2[M],b1[M]>,5<a1[M],g1[M]>,5<e1[M],g1[M]>,5<a1[M],b1[M]>,5<e2[M],g2[M]>,5<a2[M],b2[M]>,5<e3[M],b2[M]>,5<a2[M],g2[M]>,5<e2[M],b1[M]>,5<a1[M],g1[M]>,5<d1[M],#f1[M]>,5<g1[M],a1[M]>,5<d2[M],a1[M]>,5<g1[M],#f1[M]>,5<d1[M],#f1[M]>,5<g1[M],a1[M]>,5<d2[M],a1[M]>,5<g1[M],#f1[M]>,5<d1[M],#f1[M]>,5<g1[M],a1[M]>,5<d2[M],#f2[M]>,5<g2[M],a2[M]>,5<d3[M],a2[M]>,5<g2[M],#f2[M]>,5<d2[M],a1[M]>,5<g1[M],#f1[M]>,5<c1[M],e1[M]>,5<#f1[M],g1[M]>,5<c2[M],g1[M]>,5<#f1[M],e1[M]>,5<c1[M],e1[M]>,5<#f1[M],g1[M]>,5<c2[M],g1[M]>,5<#f1[M],e1[M]>,5<c1[M],e1[M]>,5<#f1[M],g1[M]>,5<c2[M],e2[M]>,5<#f2[M],g2[M]>,5<c3[M],g2[M]>,5<#f2[M],e2[M]>,5<c2[M],g1[M]>,5<#f1[M],e1[M]>,5<b[M],#d1[M]>,5<e1[M],#f1[M]>,5<b1[M],#f1[M]>,5<e1[M],#d1[M]>,5<b[M],#d1[M]>,5<e1[M],#f1[M]>,5<b1[M],#f1[M]>,5<e1[M],#d1[M]>,5<b[M],#d1[M]>,5<e1[M],#f1[M]>,5<b1[M],#d2[M]>,5<e2[M],#f2[M]>,5<b2[M],#f2[M]>,5<e2[M],#d2[M]>,5<b1[M],#f1[M]>,5<e1[M],#d1[M]>,5<(e1.e2)[M],g1[M]>,5<a1[M],(b1.d2)[M]>,5<e2[M],b1[M]>,5<(a1.b1)[M],g1[M]>,5<(e1.e2)[M],g1[M]>,5<a1[M],(b1.d2)[M]>,5<e2[M],b1[M]>,5<(a1.b1)[M],g1[M]>,5<(e1.e2)[M],g1[M]>,5<a1[M],(b1.d2)[M]>,5<e2[M],g2[M]>,5<(a2.b1)[M],b2[M]>,5<(e3.e2)[M],b2[M]>,5<a2[M],(g2.d2)[M]>,5<e2[M],b1[M]>,5<(a1.b1)[M],g1[M]>,5<(d1.e2)[M],#f1[M]>,5<g1[M],(a1.d2)[M]>,5<d2[M],a1[M]>,5<(g1.b1)[M],#f1[M]>,5<(d1.e2)[M],#f1[M]>,5<g1[M],(a1.d2)[M]>,5<d2[M],a1[M]>,5<(g1.b1)[M],#f1[M]>,5<(d1.e2)[M],#f1[M]>,5<g1[M],(a1.d2)[M]>,5<d2[M],#f2[M]>,5<(g2.b1)[M],a2[M]>,5<(d3.e2)[M],a2[M]>,5<g2[M],(#f2.d2)[M]>,5<d2[M],a1[M]>,5<(g1.b1)[M],#f1[M]>,5<(c1.e2)[M],e1[M]>,5<#f1[M],(g1.d2)[M]>,5<c2[M],g1[M]>,5<(#f1.b1)[M],e1[M]>,5<(c1.e2)[M],e1[M]>,5<#f1[M],(g1.d2)[M]>,5<c2[M],g1[M]>,5<(#f1.b1)[M],e1[M]>,5<(c1.e2)[M],e1[M]>,5<#f1[M],(g1.d2)[M]>,5<c2[M],e2[M]>,5<(#f2.b1)[M],g2[M]>,5<(c3.e2)[M],g2[M]>,5<#f2[M],(e2.d2)[M]>,5<c2[M],g1[M]>,5<(#f1.b1)[M],e1[M]>,5<(b.e2)[M],#d1[M]>,5<e1[M],(#f1.d2)[M]>,5<b1[M],#f1[M]>,5<(e1.b1)[M],#d1[M]>,5<(b.e2)[M],#d1[M]>,5<e1[M],(#f1.d2)[M]>,5<b1[M],#f1[M]>,5<(e1.b1)[M],#d1[M]>,5<(b.e2)[M],#d1[M]>,5<e1[M],(#f1.d2)[M]>,5<b1[M],#d2[M]>,5<(e2.b1)[M],#f2[M]>,5<(b2.e2)[M],#f2[M]>,5<e2[M],(#d2.d2)[M]>,5<b1[M],#f1[M]>,5<(e1.b1)[M],#d1[M]>,5<(e1.e2)[M],g1[M]>,5<a1[M],(b1.d2)[M]>,5<e2[M],b1[M]>,5<(a1.b1)[M],g1[M]>,5<(e1.e2)[M],g1[M]>,5<a1[M],(b1.d2)[M]>,5<e2[M],b1[M]>,5<(a1.b1)[M],g1[M]>,5<(e1.e2)[M],g1[M]>,5<a1[M],(b1.d2)[M]>,5<e2[M],g2[M]>,5<(a2.b1)[M],b2[M]>,5<(e3.e2)[M],b2[M]>,5<a2[M],(g2.d2)[M]>,5<e2[M],b1[M]>,5<(a1.b1)[M],g1[M]>,5<(d1.e2)[M],#f1[M]>,5<g1[M],(a1.d2)[M]>,5<d2[M],a1[M]>,5<(g1.b1)[M],#f1[M]>,5<(d1.e2)[M],#f1[M]>,5<g1[M],(a1.d2)[M]>,5<d2[M],a1[M]>,5<(g1.b1)[M],#f1[M]>,5<(d1.e2)[M],#f1[M]>,5<g1[M],(a1.d2)[M]>,5<d2[M],#f2[M]>,5<(g2.b1)[M],a2[M]>,5<(d3.e2)[M],a2[M]>,5<g2[M],(#f2.d2)[M]>,5<d2[M],a1[M]>,5<(g1.b1)[M],#f1[M]>,5<(c1.e2)[M],e1[M]>,5<#f1[M],(g1.d2)[M]>,5<c2[M],g1[M]>,5<(#f1.b1)[M],e1[M]>,5<(c1.e2)[M],e1[M]>,5<#f1[M],(g1.d2)[M]>,5<c2[M],g1[M]>,5<(#f1.b1)[M],e1[M]>,5<(c1.e2)[M],e1[M]>,5<#f1[M],(g1.d2)[M]>,5<c2[M],e2[M]>,5<(#f2.b1)[M],g2[M]>,5<(c3.e2)[M],g2[M]>,5<#f2[M],(e2.d2)[M]>,5<c2[M],g1[M]>,5<(#f1.b1)[M],e1[M]>,5<(b.e2)[M],#d1[M]>,5<e1[M],(#f1.d2)[M]>,5<b1[M],#f1[M]>,5<(e1.b1)[M],#d1[M]>,5<(b.e2)[M],#d1[M]>,5<e1[M],(#f1.d2)[M]>,5<b1[M],#f1[M]>,5<(e1.b1)[M],#d1[M]>,5<(b.e2)[M],#d1[M]>,5<e1[M],(#f1.d2)[M]>,5<b1[M],#d2[M]>,5<(e2.b1)[M],#f2[M]>,5<(b2.e2)[M],#f2[M]>,5<e2[M],(#d2.d2)[M]>,5<b1[M],#f1[M]>,5<(e1.b1)[M],#d1[M]>,5<e1[M],g1[M]>,5<a1[M],b1[M]>,5<e2[M],b1[M]>,5<a1[M],g1[M]>,5<(e1.b1.e2)[M],g1[M]>,5<(a1.b1.e2)[M],b1[M]>,5<(e2.b1.e2)[M],b1[M]>,5<(a1.b1.e2)[M],g1[M]>,5<(e1.b1.e2)[M],g1[M]>,5<(a1.b1.e2)[M],b1[M]>,5<(e2.b1.e2)[M],g2[M]>,5<(a2.b1.e2)[M],b2[M]>,5<(e3.b1.e2)[M],b2[M]>,5<(a2.b1.e2)[M],g2[M]>,5<e2[M],b1[M]>,5<a1[M],g1[M]>,5<d1[M],#f1[M]>,5<g1[M],a1[M]>,5<(d2.b1.e2)[M],a1[M]>,5<g1[M],#f1[M]>,5<(d1.b1.e2)[M],#f1[M]>,5<g1[M],a1[M]>,5<(d2.b1.e2)[M],a1[M]>,5<g1[M],#f1[M]>,5<(d1.b1.e2)[M],#f1[M]>,5<g1[M],a1[M]>,5<(d2.b1.e2)[M],#f2[M]>,5<g2[M],a2[M]>,5<(d3.b1.e2)[M],a2[M]>,5<(g2.b1.e2)[M],#f2[M]>,5<d2[M],a1[M]>,5<g1[M],#f1[M]>,5<c1[M],e1[M]>,5<#f1[M],g1[M]>,5<(c2.b1.e2)[M],g1[M]>,5<#f1[M],e1[M]>,5<(c1.b1.e2)[M],e1[M]>,5<#f1[M],g1[M]>,5<(c2.b1.e2)[M],g1[M]>,5<#f1[M],e1[M]>,5<(c1.b1.e2)[M],e1[M]>,5<(#f1.b1.e2)[M],g1[M]>,5<(c2.b1.e2)[M],e2[M]>,5<(#f2.b1.e2)[M],g2[M]>,5<(c3.b1.e2)[M],g2[M]>,5<(#f2.b1.e2)[M],e2[M]>,5<(c2.b1.e2)[M],g1[M]>,5<(#f1.b1.e2)[M],e1[M]>,5<(b.b1.e2)[M],#d1[M]>,5<e1[M],#f1[M]>,5<(b1.b1.e2)[M],#f1[M]>,5<e1[M],#d1[M]>,5<(b.b1.e2)[M],#d1[M]>,5<e1[M],#f1[M]>,5<(b1.b1.e2)[M],#f1[M]>,5<e1[M],#d1[M]>,5<(b.b1.e2)[M],#d1[M]>,5<e1[M],#f1[M]>,5<b1[M],#d2[M]>,5<e2[M],#f2[M]>,5<(b2.b1)[M],#f2[M]>,5<(e2.b1)[M],#d2[M]>,5<b1[M],#f1[M]>,5<e1[M],#d1[M]>,5<(e1.b1.g2)[M],g1[M]>,5<a1[M],b1[M]>,5<(e2.b1.#f2)[M],b1[M]>,5<a1[M],g1[M]>,5<(e1.b1.e2)[M],g1[M]>,5<(a1.b1.e2)[M],b1[M]>,5<(e2.b1.d2)[M],b1[M]>,5<(a1.b1.d2)[M],g1[M]>,5<(e1.b1)[M],g1[M]>,5<a1[M],b1[M]>,5<(e2.b1)[M],g2[M]>,5<a2[M],b2[M]>,5<(e3.b1)[M],b2[M]>,5<(a2.b1)[M],g2[M]>,5<(e2.b1)[M],b1[M]>,5<(a1.b1)[M],g1[M]>,5<(d1.e1.b1)[M],#f1[M]>,5<(g1.e1.b1)[M],a1[M]>,5<(d2.e1.b1)[M],a1[M]>,5<(g1.e1.b1)[M],#f1[M]>,5<(d1.e1.b1)[M],#f1[M]>,5<g1[M],a1[M]>,5<(d2.e1.b1)[M],a1[M]>,5<g1[M],#f1[M]>,5<(d1.e1.b1)[M],#f1[M]>,5<g1[M],a1[M]>,5<d2[M],#f2[M]>,5<g2[M],a2[M]>,5<(d3.e1.b1)[M],a2[M]>,5<g2[M],#f2[M]>,5<d2[M],a1[M]>,5<g1[M],#f1[M]>,5<(c1.b1.g2)[M],e1[M]>,5<#f1[M],g1[M]>,5<(c2.b1.#f2)[M],g1[M]>,5<#f1[M],e1[M]>,5<(c1.b1.e2)[M],e1[M]>,5<(#f1.b1.e2)[M],g1[M]>,5<(c2.b1.d2)[M],g1[M]>,5<(#f1.b1.d2)[M],e1[M]>,5<(c1.b1)[M],e1[M]>,5<#f1[M],g1[M]>,5<(c2.b1)[M],e2[M]>,5<#f2[M],g2[M]>,5<(c3.b1)[M],g2[M]>,5<(#f2.b1)[M],e2[M]>,5<(c2.b1)[M],g1[M]>,5<(#f1.b1)[M],e1[M]>,5<(b.e1.b1)[M],#d1[M]>,5<(e1.e1.b1)[M],#f1[M]>,5<(b1.e1.b1)[M],#f1[M]>,5<(e1.e1.b1)[M],#d1[M]>,5<(b.e1.b1)[M],#d1[M]>,5<e1[M],#f1[M]>,5<(b1.e1.b1)[M],#f1[M]>,5<e1[M],#d1[M]>,5<(b.e1.b1)[M],#d1[M]>,5<e1[M],#f1[M]>,5<b1[M],#d2[M]>,5<e2[M],#f2[M]>,5<(b2.e1.b1)[M],#f2[M]>,5<e2[M],#d2[M]>,5<b1[M],#f1[M]>,5<e1[M],#d1[M]>,5<e1[M],g1[M]>,5<a1[M],b1[M]>,5<e2[M],b1[M]>,5<a1[M],g1[M]>,5<e1[M],g1[M]>,5<a1[M],b1[M]>,5<e2[M],b1[M]>,5<a1[M],g1[M]>,5<e1[M],g1[M]>,5<a1[M],b1[M]>,5<e2[M],g2[M]>,5<a2[M],b2[M]>,5<e3[M],b2[M]>,5<a2[M],g2[M]>,5<e2[M],b1[M]>,5<a1[M],g1[M]>,5<d1[M],#f1[M]>,5<g1[M],a1[M]>,5<d2[M],a1[M]>,5<g1[M],#f1[M]>,5<d1[M],#f1[M]>,5<g1[M],a1[M]>,5<d2[M],a1[M]>,5<g1[M],#f1[M]>,5<d1[M],#f1[M]>,5<g1[M],a1[M]>,5<d2[M],#f2[M]>,5<g2[M],a2[M]>,5<d3[M],a2[M]>,5<g2[M],#f2[M]>,5<d2[M],a1[M]>,5<g1[M],#f1[M]>,5<c1[M],e1[M]>,5<#f1[M],g1[M]>,5<c2[M],g1[M]>,5<#f1[M],e1[M]>,5<c1[M],e1[M]>,5<#f1[M],g1[M]>,5<c2[M],g1[M]>,5<#f1[M],e1[M]>,5<c1[M],e1[M]>,5<#f1[M],g1[M]>,5<c2[M],e2[M]>,5<#f2[M],g2[M]>,5<c3[M],g2[M]>,5<#f2[M],e2[M]>,5<c2[M],g1[M]>,5<#f1[M],e1[M]>,5<b[M],#d1[M]>,5<e1[M],#f1[M]>,5<b1[M],#f1[M]>,5<e1[M],#d1[M]>,5<b[M],#d1[M]>,5<e1[M],#f1[M]>,5<b1[M],#f1[M]>,5<e1[M],#d1[M]>,5<b[M],#d1[M]>,5<e1[M],#f1[M]>,5<b1[M],#d2[M]>,5<e2[M],#f2[M]>,5<b2[M],#f2[M]>,5<e2[M],#d2[M]>,5<b1[M],#f1[M]>,5<e1[M],#d1[M]>,5<e1[M],g1[M]>,5<a1[M],b1[M]>,5<e2[M],b1[M]>,5<a1[M],g1[M]>,5<e1[M],g1[M]>,5<a1[M],b1[M]>,5<e2[M],b1[M]>,5<a1[M],g1[M]>,5<e1[M],g1[M]>,5<a1[M],b1[M]>,5<e2[M],g2[M]>,5<a2[M],b2[M]>,5<e3[M],b2[M]>,5<a2[M],g2[M]>,5<e2[M],b1[M]>,5<a1[M],g1[M]>,5<d1[M],#f1[M]>,5<g1[M],a1[M]>,5<d2[M],a1[M]>,5<g1[M],#f1[M]>,5<d1[M],#f1[M]>,5<g1[M],a1[M]>,5<d2[M],a1[M]>,5<g1[M],#f1[M]>,5<d1[M],#f1[M]>,5<g1[M],a1[M]>,5<d2[M],#f2[M]>,5<g2[M],a2[M]>,5<d3[M],a2[M]>,5<g2[M],#f2[M]>,5<d2[M],a1[M]>,5<g1[M],#f1[M]>,5<c1[M],e1[M]>,5<#f1[M],g1[M]>,5<c2[M],g1[M]>,5<#f1[M],e1[M]>,5<c1[M],e1[M]>,5<#f1[M],g1[M]>,5<c2[M],g1[M]>,5<#f1[M],e1[M]>,5<c1[M],e1[M]>,5<#f1[M],g1[M]>,5<c2[M],e2[M]>,5<#f2[M],g2[M]>,5<c3[M],g2[M]>,5<#f2[M],e2[M]>,5<c2[M],g1[M]>,5<#f1[M],e1[M]>,5<b[M],#d1[M]>,5<e1[M],#f1[M]>,5<b1[M],#f1[M]>,5<e1[M],#d1[M]>,5<b[M],#d1[M]>,5<e1[M],#f1[M]>,5<b1[M],#f1[M]>,5<e1[M],#d1[M]>,5<b[M],#d1[M]>,5<e1[M],#f1[M]>,5<b1[M],#d2[M]>,5<e2[M],#f2[M]>,5<b2[M],#f2[M]>,5<e2[M],#d2[M]>,5<b1[M],#f1[M]>,5<e1[M],#d1[M]>,(e2.b2.e3)[JK],5<(a2.a3)[M],(b2.b3)[M]>,5<(c3.c4)[M],(d3.d4)[M]>,(e3.g3.b3.e4.E-2.B-2.E-1.B-1.e)[HI],R;","(e2.e3)[J],(e2.e3)[K],(e2.e3)[K],(g2.g3)[JK],(g2.g3)[L],(a2.a3)[L],(b2.b3)[K],(#a2.#a3)[K],(b2.b3)[K],(g2.g3)[K],(e2.e3)[I],(e2.e3)[J],(e2.e3)[K],(e2.e3)[K],(g2.g3)[JK],(g2.g3)[L],(a2.a3)[L],(b2.b3)[K],(#a2.#a3)[K],(b2.b3)[K],(c3.c4)[K],(b2.b3)[K],(#a2.#a3)[K],(b2.b3)[K],(c3.c4)[K],(e2.e3)[J],(e2.e3)[K],(e2.e3)[K],(g2.g3)[JK],(g2.g3)[L],(a2.a3)[L],(b2.b3)[K],(#a2.#a3)[K],(b2.b3)[K],(g2.g3)[K],(e2.e3)[I],(e2.e3)[J],(e2.e3)[K],(e2.e3)[K],(g2.g3)[JK],(g2.g3)[L],(a2.a3)[L],(b2.b3)[K],(#a2.#a3)[K],(b2.b3)[K],(c3.c4)[K],(b2.b3)[K],(#a2.#a3)[K],(b2.b3)[K],(c3.c4)[K],S,(b2.e3)[K],(b2.e3)[K],(g2.b2)[K],(g2.b2)[K],(g2.b2)[K],(g2.b2)[K],(b1.e2)[K],(b1.e2)[K],(g2.b2)[K],(g2.b2)[K],(a2.c3)[K],(g2.b2)[J],(g2.b2)[K],(b2.e3)[K],(b2.e3)[K],(g2.b2)[K],(g2.b2)[K],(b1.e2)[K],(b1.e2)[K],(g2.b2)[K],(g2.b2)[K],(b1.e2)[K],(b1.e2)[K],(g2.b2)[K],(g2.b2)[K],(a2.c3)[K],(g2.b2)[J],T,(b2.e3)[K],(b2.e3)[K],(g2.b2)[K],(g2.b2)[K],(b1.e2)[K],(b1.e2)[K],(g2.b2)[K],(g2.b2)[K],(b1.e2)[K],(b1.e2)[K],(e2.b2)[K],(e2.b2)[K],(a2.c3)[K],(g2.b2)[J],T,(b2.e3)[J],(g2.b2)[K],(g2.b2)[K],(b1.e2)[J],(e2.b2)[K],(e2.b2)[K],(b1.e2)[K],(b1.e2)[K],(e2.b2)[K],(e2.b2)[K],(a2.c3)[K],(e2.b2)[J],QQQQQQQQT,(e2.b2.e3)[J],(e2.b2.e3)[K],(e2.b2.e3)[K],(f2.b2.f3)[K],(e2.b2.e3)[K],(e2.b2.e3)[K],(f2.b2.f3)[K],(e2.b2.e3)[K],(e2.b2.e3)[K],(e2.b2.e3)[K],(e2.b2.e3)[K],(f2.b2.f3)[K],(e2.e3)[K],(e2.g2.b2.e3.g3.b3.e4.g4.b4)[K],(g2.b2.g3.b3)[K],(e2.b2.e3)[J],(e2.b2.e3)[K],(e2.b2.e3)[K],(f2.b2.f3)[K],(e2.b2.e3)[K],(e2.b2.e3)[K],(f2.g2.b2.f3.g3)[L],(#a2.#a3)[L],(e2.b2.e3.b3)[K],(e2.#a2.b2.e3.#a3)[K],(e2.b2.e3.b3)[K],(e2.b2.c3.e3.c4)[K],(f2.b2.f3.b3)[K],(e2.#a2.e3.#a3)[K],(e2.g2.b2.e3.g3.b3.e4.g4.b4)[K],(g2.c3.g3.c4)[K],(g2.g3)[K],(b2.b3)[L],(g2.g3)[L],(e2.e3)[K],(b2.b3)[L],(g2.g3)[L],(b2.b3)[L],(g2.g3)[L],(e2.e3)[K],(e2.e3)[K],(#f2.#f3)[K],(g2.g3)[K],(b2.b3)[L],(g2.g3)[L],(e2.e3)[K],(b2.b3)[L],(g2.g3)[L],(b2.b3)[L],(g2.g3)[L],(e2.e3)[K],(e2.e3)[K],(#f2.#f3)[K],(g2.g3)[K],(b2.b3)[L],(g2.g3)[L],(e2.e3)[K],(b2.b3)[L],(g2.g3)[L],(b2.b3)[L],(g2.g3)[L],(e2.e3)[K],(e2.e3)[K],(#f2.#f3)[K],(g2.g3)[K],(g2.g3)[L],(g2.g3)[L],(g2.g3)[K],(g2.g3)[L],(g2.g3)[L],(g2.g3)[K],(g2.g3)[L],(g2.g3)[L],(#f2.#f3)[K],(#f2.#f3)[K],","(E-2.E-1)[K],B-2[K],(E-2.E-1)[K],B-2[K],(E-2.E-1)[K],B-2[K],(E-2.E-1)[K],B-2[K],(D-2.D-1)[K],A-2[K],(D-2.D-1)[K],A-2[K],(D-2.D-1)[K],A-2[K],(D-2.D-1)[K],A-2[K],(C-2.C-1)[K],G-2[K],(C-2.C-1)[K],G-2[K],(C-2.C-1)[K],G-2[K],(C-2.C-1)[K],G-2[K],(B-3.B-2)[K],#F-2[K],(B-3.B-2)[K],#F-2[K],(B-3.B-2)[K],#F-2[K],(B-3.B-2)[K],#F-2[K],(E-2.E-1)[K],B-2[K],(E-2.E-1)[K],B-2[K],(E-2.E-1)[K],B-2[K],(E-2.E-1)[K],B-2[K],(D-2.D-1)[K],A-2[K],(D-2.D-1)[K],A-2[K],(D-2.D-1)[K],A-2[K],(D-2.D-1)[K],A-2[K],(C-2.C-1)[K],G-2[K],(C-2.C-1)[K],G-2[K],(C-2.C-1)[K],G-2[K],(C-2.C-1)[K],G-2[K],(B-3.B-2)[K],#F-2[K],(B-3.B-2)[K],#F-2[K],(B-3.B-2)[K],#F-2[K],(B-3.B-2)[K],#F-2[K],(E-2.E-1)[K],B-2[K],(E-2.E-1)[K],B-2[K],(E-2.E-1)[K],B-2[K],(E-2.E-1)[K],B-2[K],(D-2.D-1)[K],A-2[K],(D-2.D-1)[K],A-2[K],(D-2.D-1)[K],A-2[K],(D-2.D-1)[K],A-2[K],(C-2.C-1)[K],G-2[K],(C-2.C-1)[K],G-2[K],(C-2.C-1)[K],G-2[K],(C-2.C-1)[K],G-2[K],(B-3.B-2)[K],#F-2[K],(B-3.B-2)[K],#F-2[K],(B-3.B-2)[K],#F-2[K],(B-3.B-2)[K],#F-2[K],(E-2.E-1)[K],B-2[K],(E-2.E-1)[K],B-2[K],(E-2.E-1)[K],B-2[K],(E-2.E-1)[K],B-2[K],(D-2.D-1)[K],A-2[K],(D-2.D-1)[K],A-2[K],(D-2.D-1)[K],A-2[K],(D-2.D-1)[K],A-2[K],(C-2.C-1)[K],G-2[K],(C-2.C-1)[K],G-2[K],(C-2.C-1)[K],G-2[K],(C-2.C-1)[K],G-2[K],(B-3.B-2)[K],#F-2[K],(B-3.B-2)[K],#F-2[K],(B-3.B-2)[K],#F-2[K],(B-3.B-2)[K],#F-2[K],(E-2.E-1)[K],B-2[K],(E-2.E-1)[K],B-2[K],(E-2.E-1)[K],B-2[K],(E-2.E-1)[K],B-2[K],(D-2.D-1)[K],A-2[K],(D-2.D-1)[K],A-2[K],(D-2.D-1)[K],A-2[K],(D-2.D-1)[K],A-2[K],(C-2.C-1)[K],G-2[K],(C-2.C-1)[K],G-2[K],(C-2.C-1)[K],G-2[K],(C-2.C-1)[K],G-2[K],(B-3.B-2)[K],#F-2[K],(B-3.B-2)[K],#F-2[K],(B-3.B-2)[K],#F-2[K],(B-3.B-2)[K],#F-2[K],(E-2.E-1)[K],B-2[K],(E-2.E-1)[K],B-2[K],(E-2.E-1)[K],B-2[K],(E-2.E-1)[K],B-2[K],(D-2.D-1)[K],A-2[K],(D-2.D-1)[K],A-2[K],(D-2.D-1)[K],A-2[K],(D-2.D-1)[K],A-2[K],(C-2.C-1)[K],G-2[K],(C-2.C-1)[K],G-2[K],(C-2.C-1)[K],G-2[K],(C-2.C-1)[K],G-2[K],(B-3.B-2)[K],#F-2[K],(B-3.B-2)[K],#F-2[K],(B-3.B-2)[K],#F-2[K],(B-3.B-2)[K],#F-2[K],(E-2.E-1)[K],B-2[K],(E-2.E-1)[K],B-2[K],(E-2.E-1)[K],B-2[K],(E-2.E-1)[K],B-2[K],(D-2.D-1)[K],A-2[K],(D-2.D-1)[K],A-2[K],(D-2.D-1)[K],A-2[K],(D-2.D-1)[K],A-2[K],(C-2.C-1)[K],G-2[K],(C-2.C-1)[K],G-2[K],(C-2.C-1)[K],G-2[K],(C-2.C-1)[K],G-2[K],(B-3.B-2)[K],#F-2[K],(B-3.B-2)[K],#F-2[K],(B-3.B-2)[K],#F-2[K],(B-3.B-2)[K],#F-2[K],(E-2.E-1)[K],B-2[K],(E-2.E-1)[K],B-2[K],(E-2.E-1)[K],B-2[K],(E-2.E-1)[K],B-2[K],(D-2.D-1)[K],A-2[K],(D-2.D-1)[K],A-2[K],(D-2.D-1)[K],A-2[K],(D-2.D-1)[K],A-2[K],(C-2.C-1)[K],G-2[K],(C-2.C-1)[K],G-2[K],(C-2.C-1)[K],G-2[K],(C-2.C-1)[K],G-2[K],(B-3.B-2)[K],#F-2[K],(B-3.B-2)[K],#F-2[K],(B-3.B-2)[K],#F-2[K],(B-3.B-2)[K],#F-2[K],"]}]}