{"baseBpm":60,"musics":[{"id":1,"baseBeats":0.25,"scores":["d2[L],#A-2[L],(#d.b)[L],F-2[L],b1[L],B-3[L],10<(a1.b1.c1)[K],a1[N],c2[N],b1[N],g1[N],C-2[N],B-3[N],A-3[N]>,a1[L],5<a1[M],b1[M]>,5<a1[M],b1[M]>;5<d1[M],e1[M]>,5<#f1[M],e1[M]>,d1[M],5<d1[M],e1[M]>,5<#f1[M],e1[M]>,d1[M],5<d1[M],e1[M]>,5<d1[M],e1[M]>,5<d1[M],e1[M]>,5<#f1[M],e1[M]>,d1[M],5<d1[M],e1[M]>,5<#f1[M],e1[M]>,5<(#a.#c1.#f1)[M],#c[M]>,f3[L],8<(#d4~#c4~#g3~f3~#d3~#c3)[KLMN],(c5~b4~a4~g4~f4~e4~d4~c4~b3~a3~g3~f3~e3~d3~c3~b2~a2~g2~f2~e2~d2~c2~b1~a1~g1~f1~e1~d1~c1~b~a~g~f~e~d~c)[LM]>,3<(F-2.B-1.d)[N],(D-1.#g)[N],(F-2.B-1.d)[N],(D-1.#g)[N],(F-2.B-1.d)[N],(D-1.#g)[N],(F-2.B-1.d)[N],(D-1.#g)[N],(F-2.B-1.d)[N],(D-1.#g)[N],(F-2.B-1.d)[N],(D-1.#g)[N],(F-2.B-1.d)[N],(D-1.#g)[N],(F-2.B-1.d)[N],(D-1.#g)[N],(F-2.B-1.d)[N],(D-1.#g)[N],(F-2.B-1.d)[N],(D-1.#g)[N],(F-2.B-1.d)[N],(D-1.#g)[N],(F-2.B-1.d)[N],(D-1.#g)[N],(F-2.B-1.d)[N],(D-1.#g)[N],(F-2.B-1.d)[N],(D-1.#g)[N],(F-2.B-1.d)[N],(D-1.#g)[N],(F-2.B-1.d)[N],(D-1.#g)[N],(F-2.B-1.d)[N],(D-1.#g)[N],(F-2.B-1.d)[N],(D-1.#g)[N],(F-2.B-1.d)[N],(D-1.#g)[N],(F-2.B-1.d)[N],(D-1.#g)[N],(F-2.B-1.d)[N],(D-1.#g)[N],(E-2.#C-1.#A-1.#c.g)[M]>,c3[L],5<(#a.#c1.#f1)[M],#c[M]>,5<(#a.#c1.#f1)[M],#c[M]>,5<(#a.#c1.#f1)[M],#c[M]>,5<(#a.#c1.#f1)[M],#c[M]>,5<(#a.#c1.#f1)[M],#c[M]>,U,#c[M],5<(#a.#c1.#f1)[M],#c[M]>,5<(#a.#c1.#f1)[M],#c[M]>,5<(#a.#c1.#f1)[M],#c[M]>,5<(#a.#c1.#f1)[M],#c[M]>,5<(#a.#c1.#f1)[M],#c[M]>,5<(#a.#c1.#f1)[M],#c[M]>"]},{"id":2,"baseBeats":0.25,"scores":["f2[L],7<f3[M],a2[M]>,f2[L],5<f3[M],f2[M]>,c3[L],8<(e2~f2~c2.#g2~#a1.#f2~#f1.#d2~#d1.c2~c1.#g1~#a.#f1~#f.#d1~#d.c1~#f.#d1~#a.#f1~c1.#g1~#d1.c2~#f1.#d2~#a1.#f2~c2.#g2~#d2.c3~#f2.#d3~#a2.#f3~c3.#g3~#a2.#f3~#f2.#d3~#d2.c3~c2.#g2~#a1.#f2~#f1.#d2~#d1.c2~#f1.#d2~#a1.#f2~c2.#g2~#d2.c3~#f2.#d3~#a2.#f3~c3.#g3~#a2.#f3~#f2.#d3~#d2.c3~c2.#g2~#a1.#f2~#f1.#d2~#d1.c2~#f1.#d2~#a1.#f2~c2.#g2~#d2.c3~#f2.#d3~#a2.#f3~c3.#g3~#a2.#f3~#f2.#d3~#d2.c3~c2.#g2~#a1.#f2~#f1.#d2~#d1.c2~#f1.#d2~#a1.#f2~c2.#g2~#d2.c3~#f2.#d3~#a2.#f3~c3.#g3~#d3.c4)[IJK]>,7<(#d1~g1~#a1~#d2~g2~#a2~#d3)[JL]>,8<b4[P],a4[P],g4[P],f4[P],e4[P],d4[P],c4[P],b3[P],a3[P],g3[P],f3[P],e3[P],d3[P],c3[P],b2[P],a2[P],g2[P],f2[P],e2[P],d2[P],c2[P],b1[P],a1[P],g1[P],f1[P],e1[P],d1[P],c1[P],b[P],a[P],g[P],f[P],e[P],d[P],c[P],B-1[P],A-1[P],G-1[P],F-1[P],E-1[P],D-1[P],C-1[P],B-2[P],A-2[P],G-2[P],F-2[P],E-2[P],D-2[P],C-2[P],B-3[MNOP]>;d3[L],5<f3[M],d3[M]>,#a2[L],7<f3[M],#a2[M]>,f2[L],5<f3[M],f2[M]>,c3[L],3<a1[M]>,3<a1[M]>,3<a1[M]>,3<a1[M]>,3<a1[M]>,3<a1[M]>,3<a1[M]>,3<a1[M]>,3<a1[M]>,3<a1[M]>,3<A-3[O],A-2[O],C-1[O],E-1[O],A-1[O],E-1[O],A-1[O],c[O],e[O],c[O],e[O],a[O],c1[O],a[O],c1[O],e1[O],a1[O],e1[O],a1[O],c2[O],e2[O],c2[O],e2[O],a2[O],e2[O],a2[N],c3[N],e3[N],c3[N],e3[N],a3[N],c4[N],a3[N],c4[N],e4[N],a4[NO]>"]},{"id":3,"baseBeats":0.25,"scores":["5<W,#d3[N]>,5<e3[N],#d3[N]>,5<W,#d4[N]>,5<e4[N],#d4[N]>,5<W,#d4[N]>,5<e4[N],#d4[N]>,5<W,#c4[N]>,5<#d4[N],#c4[N]>,5<W,b3[N]>,5<#c4[N],b3[N]>;5<W,b3[N]>,5<#c4[N],b3[N]>,5<W,#a3[N]>,5<b3[N],#a3[N]>,5<W,#g3[N]>,5<#a3[N],#g3[N]>,5<W,g3[N]>,5<#g3[N],g3[N]>,5<W,#g3[N]>,5<#a3[N],#g3[N]>,5<W,#a3[N]>,5<b3[N],#a3[N]>,5<W,#d3[N]>,5<e3[N],#d3[N]>,5<W,#d3[N]>,5<e3[N],#d3[N]>;5<W,e3[N]>,5<#f3[N],e3[N]>,5<W,#d3[N]>,5<e3[N],#d3[N]>,5<W,#c3[N]>,5<#d3[N],#c3[N]>,5<W,b2[N]>,5<#c3[N],b2[N]>,5<W,b2[N]>,5<#c3[N],b2[N]>,5<W,#a2[N]>,5<b2[N],#a2[N]>,3<d1[M],#f1[M],b1[M],d2[M],#c2[M],b1[M],#a1[M],(#d1.b1)[M],g1[M],c2[M],#d2[M],d2[M],c2[M],b1[M],(d1.c2)[M],#f1[M],b1[M],d2[M],#c2[M],b1[M],#a1[M]>,5<#f2[N],f2[N]>,5<#d2[N],f2[N]>,5<#a1[N],#d2[N]>,5<f2[N],#d2[N]>,5<#f2[N],f2[N]>,5<#d2[N],f2[N]>,5<#a1[N],#d2[N]>,5<f2[N],#d2[N]>,5<#f2[N],f2[N]>,5<#f2[N],#a2[N]>,5<#d3[N],#c3[N]>,5<#a2[N],#g2[N]>,5<#a2[N],#g2[N]>,5<#f2[N],f2[N]>;5<#a1[N],#d2[N]>,5<f2[N],#d2[N]>,5<#f2[N],f2[N]>,5<#d2[N],f2[N]>,5<#a1[N],#d2[N]>,5<f2[N],#d2[N]>,5<#f2[N],f2[N]>,5<#d2[N],f2[N]>,5<#a1[N],#d2[N]>,5<f2[N],#d2[N]>,5<#f2[N],f2[N]>,5<#f2[N],#a2[N]>,5<#d3[N],#c3[N]>,5<#a2[N],#g2[N]>,5<#a2[N],#g2[N]>,3<#a1[M],(#f2.#a2)[M],(b1.b2)[M],(c2.c3)[M],#c2[M],(#g2.#c3)[M],(#d2.#d3)[M],(#c2.#c3)[M],#f1[M],(#d2.#f2)[M],(#g1.#g2)[M],(a1.a2)[M],#a1[M],(f2.#a2)[M],(b1.b2)[M],(#a1.#a2)[M];#d1[M],(b1.#d2)[M],(e1.e2)[M],(f1.f2)[M],#f1[M],(#c2.#f2)[M],(f1.f2)[M],(#f1.#f2)[M],#g1[M],(#d2.#g2)[M],(#a1.#a2)[M],(#g1.#g2)[M],#g1[M],(f2.#g2)[M],(#a1.#a2)[M],(b1.b2)[M];(#f2.#a2)[M],#a1[M],(b1.b2)[M],(c2.c3)[M],#c2[M],(#g2.#c3)[M],(#d2.#d3)[M],(#c2.#c3)[M],(#d2.#f2)[M],#f1[M],(#g1.#g2)[M],(a1.a2)[M],#a1[M],(f2.#a2)[M],(b1.b2)[M],(#a1.#a2)[M];(b1.#d2)[M],#d1[M],(e1.e2)[M],(f1.f2)[M],#f1[M],(#c2.#f2)[M],(f1.f2)[M],(#f1.#f2)[M],#g1[M],(#f2.#g2)[M],(#a1.f2.#a2)[M],(#g1.#g2)[M],#f1[M],(#c2.#f2)[M],(f1.f2)[M],(#f1.#f2)[M];#g1[M],(f2.#g2)[M],(#a1.#a2)[M],(#g1.#g2)[M],#g1[M],(#f2.#g2)[M],(c2.c3)[M],(#c2.#c3)[M],#d2[M],(#g2.#d3)[M],(d2.d3)[M],(#d2.#d3)[M],e2[M],(#g2.e3)[M],f2[M],(#c2.f3)[M];#d2[M],(#a2.#d3)[M],(#c2.#c3)[M],(#a1.#a2)[M],#g1[M],(#c2.#g2)[M],(g1.g2)[M],(#g1.#g2)[M],#a1[M],(c2.#a2)[M],(#g1.#g2)[M],(#f1.#f2)[M],e1[M],(#c2.e2)[M],f1[M],(#c2.f2)[M];(#c2.f2)[M],f1[M],(#f1.#f2)[M],(g1.g2)[M],#g1[M],(#d2.#g2)[M],(#a1.#a2)[M],(c2.c3)[M],(g2.#c3)[M],#c2[M]>,5<(#d1.#d3)[N],(f.f2)[N]>,5<(c1.c3)[N],(#d1.#d3)[N]>,5<(f2.f4)[N],(e2.e4)[N]>,5<(#d2.#d4)[N],(d2.d4)[N]>,5<(c2.c4)[N],(#a1.#a3)[N]>,5<(a1.a3)[N],(g1.g3)[N]>,5<(f1.f3)[N],(e1.e3)[N]>,5<(#d1.#d3)[N],(d1.d3)[N]>,5<(c1.c3)[N],(#a.#a2)[N]>,5<(a.a2)[N],(g.g2)[N]>,5<(f.f2)[N],(e.e2)[N]>,5<(#d.#d2)[N],(d.d2)[N]>,5<(c.c2)[N],(#A-1.#a1)[N]>,5<(A-1.a1)[N],(G-1.g1)[N]>,5<(F-1.f1)[N],(E-1.e1)[N]>,5<(#D-1.#d1)[N],(D-1.d1)[N]>,5<(C-1.c1)[N],(#A-2.#a)[N]>,5<(A-2.a)[N],(G-2.g)[N]>,5<(F-2.f)[N],(#D-2.#d)[N]>,5<(D-2.d)[N],(C-2.c)[N]>,f3[L],8<(#g2~a2~#a2)[L]>,(b1.b2)[L];T,8<(#g3~a3~#a3)[L]>,(b2.b3)[L];T,V,8<(#g1~a1~#a1)[M]>,(d.f.#g.b.d1.b1)[M],8<(#g2~a2~#a2)[M]>;(d1.f1.#g1.b1.d2.b2)[M],8<(#g3~a3~#a3)[M]>,(d2.f2.#g2.b2.d3.b3)[M],8<(#g4~a4~#a4)[M]>,(d3.f3.#g3.b3.d4.b4)[M],8<(#g3~a3~#a3)[M]>,(d2.f2.#g2.b2.d3.b3)[M],8<(#g2~a2~#a2)[M]>;(d1.f1.#g1.b1.d2.b2)[M],8<(#g1~a1~#a1)[M]>,(d.f.#g.b.d1.b1)[L],8<(B-1~c~d~e~f~g~a~b~c1~d1~e1~f1~g1~a1~b1~c2~d2~e2~f2~g2)[L]>,8<(c5~b4~a4~g4~f4~e4~d4~c4~b3~a3~g3~f3~e3~d3~c3~b2~a2~g2~f2~e2)[K]>,8<(c5~b4~a4~g4~f4~e4~d4~c4~b3~a3~g3~f3~e3~d3~c3~b2~a2~g2~f2~e2)[K]>,8<(c5~b4~a4~g4~f4~e4~d4~c4~b3~a3~g3~f3~e3~d3~c3~b2~a2~g2~f2~e2)[K]>,8<(c5~b4~a4~g4~f4~e4~d4~c4~b3~a3~g3~f3~e3~d3~c3~b2~a2~g2~f2~e2)[K]>,8<(c5~b4~a4~g4~f4~e4~d4~c4~b3~a3~g3~f3~e3~d3~c3~b2~a2~g2~f2~e2)[K]>,8<(c5~b4~a4~g4~f4~e4~d4~c4~b3~a3~g3~f3~e3~d3~c3~b2~a2~g2~f2~e2)[K]>,8<(c5~b4~a4~g4~f4~e4~d4~c4~b3~a3~g3~f3~e3~d3~c3~b2~a2~g2~f2~e2)[K]>,3<#a2[M],#a2[M];#a2[M],f2[M],f2[M],#a2[M],#a2[M],f2[M],f2[M],#a2[M],a2[M],f2[M],f2[M],a2[M],a2[M],f2[M],f2[M],a2[M];#a2[M],f2[M],f2[M],#a2[M],#a2[M],f2[M],f2[M],#a2[M],c3[M],f2[M],f2[M],c3[M],c3[M],f2[M],f2[M],c3[M];#c3[M],f2[M],f2[M],#c3[M],#c3[M],f2[M],f2[M],#c3[M],c3[M],f2[M],f2[M],c3[M],c3[M],f2[M],f2[M],c3[M];#a2[M],f2[M],#c2[M],f2[M],#a1[M],c2[M],#c2[M],c2[M],#a1[M],f1[M],#c1[M],f1[M],#a[M],d1[M],f1[M],#a1[M];#g1[M],g1[M],#g1[M],c2[M],#d2[M],c2[M],#g1[M],#f1[M],f1[M],e1[M],f1[M],#a1[M],#c2[M],c2[M],#c2[M],#a1[M];#g1[M],g1[M],#g1[M],c2[M],#d2[M],#f2[M],f2[M],#d2[M],#c2[M],c2[M],#c2[M],#d2[M],f2[M],d2[M],#a1[M],#a2[M];#f2[M],f2[M],#d2[M],f2[M],#f2[M],#g2[M],#a2[M],#f2[M],f2[M],#d2[M],#c2[M],#d2[M],f2[M],#c2[M],#a1[M],f1[M];f1[M],g1[M],a1[M],#a1[M],c2[M],#c2[M],#d2[M],f2[M],#a1[M],f[M],#a[M],#c1[M],(a3.c4.f4)[N],(#a3.#d4.#f4)[N],(a3.c4.f4)[N],(#a3.#d4.#f4)[N],(a3.c4.f4)[N],(#a3.#d4.#f4)[N],(a3.c4.f4)[N],(#a3.#d4.#f4)[N],(a3.c4.f4)[N],(#a3.#d4.#f4)[N],(a3.c4.f4)[N],(#a3.#d4.#f4)[N],(a3.c4.f4)[N],(#a3.#d4.#f4)[N],(a3.c4.f4)[N],(#a3.#d4.#f4)[N],(a3.c4.f4)[N],(#a3.#d4.#f4)[N],(a3.c4.f4)[N],(#a3.#d4.#f4)[N],(a3.c4.f4)[N],(#a3.#d4.#f4)[N],(a3.c4.f4)[N],(#a3.#d4.#f4)[N],(a3.c4.f4)[N],(#a3.#d4.#f4)[N],(a3.c4.f4)[N],(#a3.#d4.#f4)[N],(a3.c4.f4)[N],(#a3.#d4.#f4)[N],(a3.c4.f4)[N],(#a3.#d4.#f4)[N],(a3.c4.f4)[N],(#a3.#d4.#f4)[N]>,10<(a.d1.b2)[K],C-2[N],#A-3[N],B-2[N],C-1[N],G-1[N],g4[N],b3[N],c2[N],b[N],B-1[N],c[N],a1[N],#a[N]>,(d1@#A-1)[IJKL];",";"]}],"audition":{"start":[0,1],"end":[2,0]}}