{"baseBpm":113,"musics":[{"bpm":113,"baseBeats":0.5,"scores":["(a1.e2.a3)[K],e3[K],a3[K],c4[L],5<b3[M],c4[M]>,(e1.b1.b3)[L],5<V,a3[M]>,#g3[L],5<V,a3[M]>,b3[K],e3[L],5<b3[M],c4[M]>,(e1.b1.b3)[K],e3[K],b3[K],d4[L],5<b3[M],c4[M]>,(e1.b1.b3)[L],5<V,e3[M]>,c4[L],5<V,b3[M]>,(a.e1.c3.a3)[L];"],"id":1},{"bpm":115,"baseBeats":0.5,"scores":["5<V,a1[M]>,b1[L],5<V,c2[M]>,(D-1.f1.d2)[L],5<V,e2[M]>,(f.a.d2)[L],5<V,c2[M]>,(F-1.a1.d2)[L],5<V,e2[M]>,(f.a.d2)[L],5<V,c2[M]>,(E-1.#g1.e2)[L],5<V,e2[M]>,(#g.b.e2)[L],5<V,e2[M]>,(A-1.e2)[L],5<V,a1[M]>,(c1.e1.b1)[L],5<V,c2[M]>,(F-1.a1.d2)[L],5<V,e2[M]>,(a.c1.d2)[L],5<V,c2[M]>,(E-1.e2)[L],5<V,d2[M]>,(#g.b.c2)[L],5<V,b1[M]>,(A-1.c2)[L],5<V,c2[M]>,(c1.e1.c2)[L],5<V,c2[M]>,(E-1.c2)[L],5<V,a1[M]>;"],"id":2},{"bpm":117,"baseBeats":0.5,"scores":["(A-1.b1)[L],5<V,c2[M]>,(D-1.f1.d2)[L],5<V,e2[M]>,(f.a.d2)[L],5<V,c2[M]>,(F-1.a1.d2)[L],5<V,e2[M]>,(f.a.d2)[L],5<V,c2[M]>,(E-1.#g1.e2)[L],5<V,e2[M]>,(#g.b.e2)[L],5<V,e2[M]>,(A-1.e2)[L],5<V,a1[M]>,(c1.e1.b1)[L],5<V,c2[M]>,(F-1.a1.d2)[K],(a.c1.e2)[K],(D-1.a1.f2)[K],(f.a.a1.d2.g2)[K],(E-1.#g1.e2)[K],(#g.b)[K],B-2[L],5<V,e2[M]>,(#g.b.f2)[L],5<V,g2[M]>,5<(E-1.e2)[M],f2[M]>,5<e2[M],f2[M]>,5<(D-1.d2)[M],e2[M]>,5<d2[M],e2[M]>,5<(C-1.c2)[M],d2[M]>,5<c2[M],d2[M]>,5<(B-2.b1)[M],c2[M]>,5<b1[M],c2[M]>,(A-2.e1.a1)[K],(E-1.d1.e1.#g1)[K],(A-2.c1.e1.a1)[J],T"],"id":3}],"audition":{"start":[0,4],"end":[0,22]}}