{"baseBpm":1000,"musics":[{"id":1,"baseBeats":0.5,"scores":["(F-1.f1.a1.e2.b2)[L],(A-1.c3)[L],c[L],(f.f1.a1.e2)[L],c[L],A-1[L];(F-1.f1.d2)[K],(f1.c2)[J];(c.c1.g1.d2.b2)[L],(e.c3)[L],g[L],(c1.g1)[L],g[L],e[L];(c.c1.a1)[K],(c1.g1)[K],c2[L],g2[L];(F-1.c1.g1.e2)[L],A-1[L],(c.f1)[L],(f.e1)[L],c[L],(A-1.e1)[L];(c.c1.e1.d2)[L],(e.e2)[L],(g.g1)[L],c1[L],g[L],e[L];(#G-1.#g1.c2.#d2)[L],c[L],#d[L],#g[L],#d[L],c[L];(G-1.g1.b1.d2)[L],B-1[L],d[L],f[L],g[L],(b.g2~c3~d3)[L];(d1.g1.g3)[JL],c2[L];(c.c2.g2)[L],e[L],g[L],c1[L],(g.f2)[L],(e.e2)[L];(G-1.g1.b1.d2)[L],d[L],g[L],(b.c2)[L],(g.d2)[L],(d.e2)[L];(c.c1.g1.c2)[L],e[L],g[L],c1[L],g[L],e[L];c[J],U,5<c2[M],c2[M]>;(F-1.a1.c2)[L],(c.a1)[L],(f.c2)[L],(a.e2)[L],f[L],c[L];(E-1.g1.c2)[L],(c.a1)[L],(e.c2)[L],(g.e2)[L],e[L],c[L];(F-1.a1.f2)[L],c[L],(f.e2)[L],(a.d2)[K],c2[L];(G-1.d2)[L],d[L],g[L],b[K],c2[L];(c.c2.g2)[L],g[L],c1[L],e1[L],e2[L],g2[L];(e.d2.e2.#g2)[L],b[L],(e1.e2)[L],(#g1.d2)[KL];(A-1.a1.c2)[L],e[L],(a.c2)[L],(c1.c2)[L],e[L],(a.e2)[L];d2[KL],c2[L],d2[L],e2[L];(A-1.a.e1.c2)[L],c[L],e[L],a[L],e[L],c[L];c[L],e[L],g[L],(c1.c2)[L],(g.d2)[L],(e.e2)[L];(D-1.#f1.a1.d2)[L],A-1[L],d[L],#f[L],d[L],A-1[L];(G-1.d.g.c2@c3)[KL],(d2@d3)[KL];(F-1.f1.a1.e2)[L],c[L],f[L],a[L],f[L],(c.c2)[L];F-1[L],c[L],f[L],(a.c2)[L],(f.d2)[L],c[L];(c.c2.e2)[L],g[L],(c1.e2)[L],(e1.e2)[L],c1[L],(g.g2)[L];(c.c2.e2)[L],(g.d2)[L],(c1.c2)[L],e1[L],b1[L],c2[L];(A-1.a.a1)[KL],(B-1.b.b1)[KL];(c.g.c1.c2)[KL],U,c2[L],c2[L];(F-1.c2.g2)[L],c[L],(f.f2)[L],(a.e2)[L],f[L],(c.f2)[L];(G-1.d.g.c2.e2)[L],(b1.d2)[JL];(F-1.f1.c2.g2)[L],A-1[L],c[L],a[L],(c.e2)[L],(A-1.f2)[L];(F-1.c2.g2)[L],A-1[L],(c.e2)[L],(a.g2)[L],c[L],(A-1.a2)[L];(c.g2)[L],e[L],(g.e2)[L],e1[L],c1[L],(c1.e1.g1.c2.g2)[L];e2[L],d2[L],c2[K],b1[L],c2[L];(F-1.f1.a1.e2)[L],(A-1.a1.e2)[L],(c.a1.e2)[L],f[L],c[L],(A-1.a)[L];"]},{"id":2,"baseBeats":0.5,"scores":["(F-1.c.a.a1.e2)[L],e2[L],e2[L],e2[L],d2[L],c2[L];(G-1.g1.d2)[L],c[L],d[L],g[L],c1[L],d1[L];(g.c1.d1.g1.c2.d2.g2)[KL],(g2.c3.d3.g3)[K],c2[L];(F-1.f1.c2.g2)[L],(A-1.c2.g2)[L],(c.c2.g2)[L],f[L],(c.c2.g2)[L],(A-1.c2.g2)[L];(E-1.e1.b1.#g2)[L],B-1[L],(e.b1.#g2)[L],(#g.a2)[L],e[L],(B-1.b2)[L];(A-1.a1.e2.b2)[L],c[L],(e.a2)[L],(c1.e2)[L],a[L],(e.d2)[L];(A-1.a1.c2)[KL],U,b1[L],c2[L];(F-1.a1)[L],c[L],a[L],(G-1.b1)[L],d[L],b[L];(c.c2)[L],g[L],c1[L],e1[L],(c1.c2)[L],(g.c2)[L];(F-1.c2.f2)[L],A-1[L],(c.c2.f2)[L],f[L],c[L],(A-1.g2)[L];(c.f.a.e2)[L],d2[L],c2[L],T,b1[L];(#F-1.#f1.a1.e2)[L],A-1[L],c[L],#f[L],c[L],(A-1.f1.f2)[L];(G-1.g1.e2)[L],d[L],(g.d1.d2)[L],b[L],g[L],d[L];(G-1.b.g1.d2)[L],d[L],g[L],b[L],g[L],(d.e1.e2)[L];(A-1.g1.d2)[L],e[L],(a.c1.c2)[L],c1[L],a[L],e[L];(F-1.a1.c2)[L],c[L],(f.c2)[L],(a.c2)[L],f[L],(c.b1)[L];(c1.c2)[L],f[L],(c.b1)[L],(a.c2)[L],f[L],(c.d2)[L];(c.c1.g1.f2)[L],g[L],b[L],e1[L],b[L],(g.g2)[L];(G-1.e1.#a1.e2)[L],d[L],g[L],(d1.d2)[L],g[L],d[L];(#F-1.#f1.a1.e2)[L],A-1[L],c[L],#f[L],c[L],(A-1.f1.f2)[L];(G-1.g1.e2)[L],d[L],(g.d1.d2)[L],b[L],g[L],d[L];(C-1.c1.g1.d2)[L],G-1[L],(c.g1.d2)[L],(e.g1.d2)[L],g[L],(c1.g1.g2)[L];(e1.e2)[L],(c1.d2)[L],(g.c2)[L],e[L],(c.b1)[L],(G-1.c2)[L];(F-1.c1.a1.f2)[L],A-1[L],c[L],f[L],c[L],A-1[L];F-1[L],A-1[L],c[L],(f.f2)[L],(A-1.e2)[L],(A-1.c2)[L];(G-1.c1.g1.d2)[L],c[L],d[L],g[L],d[L],c[L];(G-1.d.b)[JL],c2[L];(c.c2.g2)[L],e[L],g[L],c1[L],(g.f2)[L],(e.e2)[L];(G-1.g1.b1.d2)[L],d[L],g[L],(b.c2)[L],(g.d2)[L],(d.e2)[L];(c.c1.g1.c2)[L],e[L],g[L],c1[L],g[L],e[L];c[J],U,5<c2[M],c2[M]>;(F-1.a1.c2)[L],(c.a1)[L],(f.c2)[L],(a.e2)[L],f[L],5<(c.c2)[M],c2[M]>;(E-1.g1.c2)[L],(c.a1)[L],(e.c2)[L],(g.e2)[L],e[L],c[L];(F-1.a1.f2)[L],c[L],(f.e2)[L],(a.d2)[K],c2[L];(G-1.d2)[L],d[L],g[L],b[K],c2[L];(c.c2.g2)[L],g[L],c1[L],e1[L],e2[L],g2[L];(e.d2.e2.#g2)[L],b[L],(e1.e2)[L],(#g1.d2)[KL];(A-1.a1.c2)[L],e[L],(a.c2)[L],(c1.c2)[L],e[L],(a.e2)[L];d2[KL],c2[L],d2[L],e2[L];(A-1.a.e1.c2)[L],c[L],e[L],a[L],e[L],c[L];"]},{"id":3,"baseBeats":0.5,"scores":["c[L],e[L],g[L],(c1.c2)[L],(g.d2)[L],(e.e2)[L];(D-1.#f1.a1.d2)[L],A-1[L],d[L],#f[L],d[L],A-1[L];(G-1.d.g.c2)[KL],d2[KL];(F-1.f1.a1.e2)[L],c[L],f[L],a[L],f[L],(c.c2)[L];F-1[L],c[L],f[L],(a.c2)[L],(f.d2)[L],c[L];(c.c2.e2)[L],g[L],(c1.e2)[L],(e1.e2)[L],c1[L],(g.g2)[L];(c.c2.e2)[L],(g.d2)[L],(c1.c2)[L],e1[L],b1[L],c2[L];(A-1.a.a1)[KL],(B-1.b.b1)[KL];(c.g.c1.c2)[KL],U,c2[L],c2[L];(F-1.c2.g2)[L],c[L],(f.f2)[L],(a.e2)[L],f[L],(c.f2)[L];(G-1.d.g.f1.#a1.e2)[L],d2[JL];(F-1.f1.c2.g2)[L],A-1[L],c[L],a[L],(c.e2)[L],(A-1.f2)[L];(F-1.c2.g2)[L],A-1[L],(c.e2)[L],(a.g2)[L],c[L],(A-1.a2)[L];(c.g2)[L],e[L],(g.e2)[L],e1[L],c1[L],(c1.e1.g1.c2.g2)[L];e2[L],d2[L],c2[K],b1[L],c2[L];(F-1.f1.a1.e2)[L],(A-1.a1.e2)[L],(c.a1.e2)[L],f[L],c[L],(A-1.a)[L];(F-1.c.a.a1.e2)[L],e2[L],e2[L],e2[L],d2[L],c2[L];(G-1.g1.c2.d2.g3)[L],c[L],(d.g3)[L],(g.g2)[L],(c1.g3)[L],(d1.g2)[L];(g.c1.d1.g3)[J],U,c2[L];(F-1.f1.c2.g2)[L],(A-1.c2.g2)[L],(c.c2.g2)[L],f[L],(c.c2.g2)[L],(A-1.c2.g2)[L];(E-1.e1.b1.#g2)[L],B-1[L],(e.b1.#g2)[L],(#g.a2)[L],e[L],(B-1.b2)[L];(A-1.a1.e2.b2)[L],c[L],(e.a2)[L],(c1.e2)[L],a[L],(e.d2)[L];(A-1.a1.c2)[KL],U,b1[L],c2[L];(F-1.a1)[L],c[L],a[L],(G-1.b1)[L],d[L],b[L];(c.c2)[L],g[L],c1[L],e1[L],(c1.c2)[L],(g.c2)[L];(F-1.c2.f2)[L],A-1[L],(c.c2.f2)[L],f[L],c[L],(A-1.g2)[L];(c.f.a.e2)[L],d2[L],c2[L],T,b1[L];(#F-1.#f.#f1.a1.e2)[JK];(F-1.f.f1.#g1.d2)[KL],c2[KL];(C-1.c.c1.g1.d2)[JK];(A-2.A-1.c1.e1.a1)[KL],g1[KL];(F-2.F-1.c1.f1.a1)[IL];e2[KL];(G-2.G-1.g1.c2.e2)[JKM];5<(d.g1)[M],(g.d2)[M]>,5<(d1.g2)[M],(g.d2)[M]>,5<(d1.g2)[M],(g1.d3)[M]>,5<(d2.g3)[M],(g1.d3)[M]>,5<(d2.g3)[M],(g2.d4)[M]>,5<(d3.g4)[M],(g2.d4)[M]>;(d2.g3.g4)[JL];(C-2.c1.g1.d2)[LN],C-1[LN],(E-1.c1.c2)[LN],(G-1.b.b1)[LN],(c.g.g1)[LN],(e.d.d1)[LM],(c.g.b.e1)[I];C-2[HKM],S;"]}],"audition":{"start":[0,0],"end":[0,20]}}