{"baseBpm":90,"musics":[{"bpm":90,"baseBeats":0.5,"scores":["a1[L],a1[L],a1[L],a1[L],a1[L],a1[L],a1[L],a1[L],a1[L],a1[L],a1[L],a1[L],a1[L],a1[L],a1[L],a1[L],a1[L],a1[L],a1[L],a1[L],a1[L],a1[L],a1[L],a1[L],a1[L],a1[L],a1[L],a1[L],a1[L],a1[L],a1[L],a1[L],a1[L],a1[L],a1[L],a1[L],a1[L],a1[L],a1[L],a1[L],a1[L],a1[L],a1[L],a1[L],a1[L],a1[L],a1[L],a1[L],a1[L],a1[L],a1[L],a1[L],a1[L],a1[L],a1[L],a1[L],a1[L],a1[L],a1[L],a1[L],a1[L],a1[L],a1[L],a1[L],a1[L],a1[L],a1[L],a1[L],a1[L],a1[L],a1[L],a1[L],a1[L],a1[L],a1[L],a1[L],a1[L],a1[L],a1[L],a1[L],a1[L],a1[L],a1[L],a1[L],a1[L],a1[L],a1[L],a1[L],a1[L],a1[L],a1[L],a1[L],a1[L],a1[L],a1[L],a1[L],a1[L],a1[L],a1[L],a1[L],a1[L],a1[L],a1[L],a1[L],a1[L],a1[L],a1[L],a1[L],a1[L],a1[L],a1[L],a1[L],a1[L],a1[L],a1[L],a1[L],a1[L],a1[L],a1[L],a1[L],a1[L],a1[L],a1[L],a1[L],a1[L],a1[L],a1[L],a1[L],a1[L],a1[L],a1[L],a1[L],a1[L],a1[L],a1[L],a1[L],a1[L],a1[L],a1[L],a1[L],a1[L],a1[L],a1[L],a1[L],a1[L],a1[L],a1[L],a1[L],a1[L],a1[L],a1[L],a1[L],a1[L],a1[L],a1[L],a1[L],a1[L],a1[L],a1[L],a1[L],a1[L],a1[L],a1[L],a1[L],a1[L],a1[L],a1[L],a1[L],a1[L],a1[L],a1[L],a1[L],a1[L],a1[L],a1[L],a1[L],a1[L],a1[L],a1[L],a1[L],a1[L],a1[L],a1[L],a1[L],a1[L],a1[L],a1[L],a1[L],a1[L],a1[L],a1[L],a1[L],a1[L],a1[L],a1[L],a1[L],a1[L],a1[L],a1[L],a1[L],a1[L],a1[L],a1[L],a1[L],a1[L],a1[L],a1[L],a1[L],a1[L],a1[L],a1[L],a1[L],a1[L],a1[L],a1[L],a1[L],a1[L],a1[L],a1[L],a1[L],a1[L],a1[L],a1[L],a1[L],a1[L],a1[L],a1[L],a1[L],a1[L],a1[L],a1[L],a1[L],a1[L],a1[L],a1[L],a1[L],a1[L],a1[L],a1[L],a1[L],a1[L],a1[L],a1[L],a1[L],a1[L],a1[L],a1[L],a1[L],a1[L],a1[L],a1[L],a1[L],a1[L],a1[L],a1[L],a1[L],a1[L],a1[L],a1[L],a1[L],a1[L],a1[L],a1[L],a1[L],a1[L],a1[L],a1[L],a1[L],a1[L],a1[L],a1[L],a1[L],a1[L],a1[L],a1[L],a1[L],a1[L],a1[L],a1[L],a1[L],a1[L],a1[L],a1[L],a1[L],a1[L],a1[L],a1[L],a1[L],a1[L],a1[L],a1[L],a1[L],a1[L],a1[L],a1[L],a1[L],a1[L],a1[L],a1[L],a1[L],a1[L],a1[L],a1[L],a1[L],a1[L],a1[L],a1[L],a1[L],a1[L],a1[L],a1[L],a1[L],a1[L],a1[L],a1[L],a1[L],a1[L],a1[L],a1[L],a1[L],a1[L],a1[L],a1[L],a1[L],a1[L],a1[L],a1[L],a1[L],a1[L],a1[L],a1[L],a1[L],a1[L],a1[L],a1[L],a1[L],a1[L],a1[L],a1[L],a1[L],a1[L],a1[L],a1[L],a1[L],a1[L],a1[L],a1[L],a1[L],a1[L],a1[L],a1[L],a1[L],a1[L],a1[L],a1[L],a1[L],a1[L],a1[L],a1[L],a1[L],a1[L],a1[L],a1[L],a1[L],a1[L],a1[L],a1[L],a1[L],a1[L],a1[L],a1[L],a1[L],a1[L],a1[L],a1[L],a1[L],a1[L],a1[L],a1[L],a1[L],a1[L],a1[L],a1[L],a1[L],a1[L],a1[L],a1[L],a1[L],a1[L],a1[L],a1[L],a1[L],a1[L],a1[L],a1[L],a1[L],a1[L],a1[L],a1[L],a1[L],a1[L],a1[L],a1[L],a1[L],a1[L],a1[L],a1[L],a1[L],a1[L],a1[L],a1[L],a1[L],a1[L],a1[L],a1[L],a1[L],a1[L],a1[L],a1[L],a1[L],a1[L],a1[L],a1[L],a1[L],a1[L],a1[L],a1[L],a1[L],a1[L],a1[L],a1[L],a1[L],a1[L],a1[L],a1[L],a1[L],a1[L],a1[L],a1[L],a1[L],a1[L],a1[L],a1[L],a1[L],a1[L],a1[L],a1[L],a1[L],a1[L],a1[L],a1[L],a1[L],a1[L],a1[L],a1[L],a1[L],a1[L],a1[L],a1[L],a1[L],a1[L],a1[L],a1[L],a1[L],a1[L],a1[L],a1[L],a1[L],a1[L],a1[L],a1[L],a1[L],a1[L],a1[L],a1[L],a1[L],a1[L],a1[L],a1[L],a1[L],a1[L],a1[L],a1[L],a1[L],a1[L],a1[L],a1[L],a1[L],a1[L],a1[L],a1[L],a1[L],a1[L],a1[L],a1[L],a1[L],a1[L],a1[L],a1[L],a1[L],a1[L],a1[L],a1[L],a1[L],a1[L],a1[L],a1[L],a1[L],a1[L],a1[L],a1[L],a1[L],a1[L],a1[L],a1[L],a1[L],a1[L],a1[L],a1[L],a1[L],a1[L],a1[L],a1[L],a1[L],a1[L],a1[L],a1[L],a1[L],a1[L],a1[L],a1[L],a1[L],a1[L],a1[L],a1[L],a1[L],a1[L],a1[L],a1[L],a1[L],a1[L],a1[L],a1[L],a1[L],a1[L],a1[L],a1[L],a1[L],a1[L],a1[L],a1[L],a1[L],a1[L],a1[L],a1[L],a1[L],a1[L],a1[L],a1[L],a1[L],a1[L],a1[L],a1[L],a1[L],a1[L],a1[L],a1[L],a1[L],a1[L],a1[L],a1[L],a1[L],a1[L],a1[L],a1[L],a1[L],a1[L],a1[L],a1[L],a1[L],a1[L],a1[L],a1[L],a1[L],a1[L],a1[L],a1[L],a1[L],a1[L],a1[L],a1[L],a1[L],a1[L],a1[L],a1[L],a1[L],a1[L],a1[L],a1[L],a1[L],a1[L],a1[L],a1[L],a1[L],a1[L],a1[L],a1[L],a1[L],a1[L],a1[L],a1[L],a1[L],a1[L],a1[L],a1[L],a1[L],a1[L],a1[L],a1[L],a1[L],a1[L],a1[L],a1[L],a1[L],a1[L],a1[L],a1[L],a1[L],a1[L],a1[L],a1[L],a1[L],a1[L],a1[L],a1[L],a1[L],a1[L],a1[L],a1[L],a1[L],a1[L],a1[L],a1[L],a1[L],a1[L],a1[L],a1[L],a1[L],a1[L],a1[L],a1[L],a1[L],a1[L],a1[L],a1[L],a1[L],a1[L],a1[L],a1[L],a1[L],a1[L],a1[L],a1[L],a1[L],a1[L],a1[L],a1[L],a1[L],a1[L],a1[L],a1[L],a1[L],a1[L],a1[L],a1[L],a1[L],a1[L],a1[L],a1[L],a1[L],a1[L],a1[L],a1[L],a1[L],a1[L],a1[L],a1[L],a1[L],a1[L],a1[L],a1[L],a1[L],a1[L],a1[L],a1[L],a1[L],a1[L],a1[L],a1[L],a1[L],a1[L],a1[L],a1[L],a1[L],a1[L],a1[L],a1[L],a1[L],a1[L],a1[L],a1[L],a1[L],a1[L],a1[L],a1[L],a1[L],a1[L],a1[L],a1[L],a1[L],a1[L],a1[L],a1[L],a1[L],a1[L],a1[L],a1[L],a1[L],a1[L],a1[L],a1[L],a1[L],a1[L],a1[L],a1[L],a1[L],a1[L],a1[L],a1[L],a1[L],a1[L],a1[L],a1[L],a1[L],a1[L],a1[L],a1[L],a1[L],a1[L],a1[L],a1[L],a1[L],a1[L],a1[L],a1[L],a1[L],a1[L],a1[L],a1[L],a1[L],a1[L],a1[L],a1[L],a1[L],a1[L],a1[L],a1[L],a1[L],a1[L],a1[L],a1[L],a1[L],a1[L],a1[L],a1[L],a1[L],a1[L],a1[L],a1[L],a1[L],a1[L],a1[L],a1[L],a1[L],a1[L],a1[L],a1[L],a1[L],a1[L],a1[L],a1[L],a1[L],a1[L],a1[L],a1[L],a1[L],a1[L],a1[L],a1[L],a1[L],a1[L],a1[L],a1[L],a1[L],a1[L],a1[L],a1[L],a1[L],a1[L],a1[L],a1[L],a1[L],a1[L],a1[L],a1[L],a1[L],a1[L],a1[L],a1[L],a1[L],a1[L],a1[L],a1[L],a1[L],a1[L],a1[L],a1[L],a1[L],a1[L],a1[L],a1[L],a1[L],a1[L],a1[L],a1[L],a1[L],a1[L],a1[L],a1[L],a1[L],a1[L],a1[L],a1[L],a1[L],a1[L],a1[L],a1[L],a1[L],a1[L],a1[L],a1[L],a1[L],a1[L],a1[L],a1[L],a1[L],a1[L],a1[L],a1[L],a1[L],a1[L],a1[L],a1[L],a1[L],a1[L],a1[L],a1[L],a1[L],a1[L],a1[L],a1[L],a1[L],a1[L],a1[L],a1[L],a1[L],a1[L],a1[L],a1[L],a1[L],a1[L],a1[L],a1[L],a1[L],a1[L],a1[L],a1[L],a1[L],a1[L],a1[L],a1[L],a1[L],a1[L],a1[L],a1[L],a1[L],a1[L],a1[L],a1[L],a1[L],a1[L],a1[L],a1[L],a1[L],a1[L],a1[L],a1[L],a1[L],a1[L],a1[L],a1[L],a1[L],a1[L],a1[L],a1[L],a1[L],a1[L],a1[L],a1[L],a1[L],a1[L],a1[L],a1[L],a1[L],a1[L],a1[L],a1[L],a1[L],a1[L],a1[L],a1[L],a1[L],a1[L],a1[L],a1[L],a1[L],a1[L],a1[L],a1[L],a1[L],a1[L],a1[L],a1[L],a1[L],a1[L],a1[L],a1[L],a1[L],a1[L],a1[L],a1[L],a1[L],a1[L],a1[L],a1[L],a1[L],a1[L],a1[L],a1[L],a1[L],a1[L],a1[L],a1[L],a1[L],a1[L],a1[L],a1[L],a1[L],a1[L],a1[L],a1[L],a1[L],a1[L],a1[L],a1[L],a1[L],a1[L],a1[L],a1[L],a1[L],a1[L],a1[L],a1[L],a1[L],a1[L],a1[L],a1[L],a1[L],a1[L],a1[L],a1[L],a1[L],a1[L],a1[L],a1[L],a1[L],a1[L],a1[L],a1[L],a1[L],a1[L],a1[L],a1[L],a1[L],a1[L],a1[L],a1[L],a1[L],a1[L],a1[L],a1[L],a1[L],a1[L],a1[L],a1[L],a1[L],a1[L],a1[L],a1[L],a1[L],a1[L],a1[L],a1[L],a1[L],a1[L],a1[L],a1[L],a1[L],a1[L],a1[L],a1[L],a1[L],a1[L],a1[L],a1[L],a1[L],a1[L],a1[L],a1[L],a1[L],a1[L],a1[L],a1[L],a1[L],a1[L],a1[L],a1[L],a1[L],a1[L],a1[L],a1[L],a1[L],a1[L],a1[L],a1[L],a1[L],a1[L],a1[L],a1[L],a1[L],a1[L],a1[L],a1[L],a1[L],a1[L],a1[L],a1[L],a1[L],a1[L],a1[L],a1[L],a1[L],a1[L],a1[L],a1[L],a1[L],a1[L],a1[L],a1[L],a1[L],a1[L],a1[L],a1[L],a1[L],a1[L],a1[L],a1[L],a1[L],a1[L],a1[L],a1[L],a1[L],a1[L],a1[L],a1[L],a1[L],a1[L],a1[L],a1[L],a1[L],a1[L],a1[L],a1[L],a1[L],a1[L],a1[L],a1[L],a1[L],a1[L],a1[L],a1[L],a1[L],a1[L],a1[L],a1[L],a1[L],a1[L],a1[L],a1[L],a1[L],a1[L],a1[L],a1[L],a1[L],a1[L],a1[L],a1[L],a1[L],a1[L],a1[L],a1[L],a1[L],a1[L],a1[L],a1[L],a1[L],a1[L],a1[L],a1[L],a1[L],a1[L],a1[L],a1[L],a1[L],a1[L],a1[L],a1[L],a1[L],a1[L],a1[L],a1[L],a1[L],a1[L],a1[L],a1[L],a1[L],a1[L],a1[L],a1[L],a1[L],a1[L],a1[L],a1[L],a1[L],a1[L],a1[L],a1[L],a1[L],a1[L],a1[L],a1[L],a1[L],a1[L],a1[L],a1[L],a1[L],a1[L],a1[L],a1[L],a1[L],a1[L],a1[L],a1[L],a1[L],a1[L],a1[L],a1[L],a1[L],a1[L],a1[L],a1[L],a1[L],a1[L],a1[L],a1[L],a1[L],a1[L],a1[L],a1[L],a1[L],a1[L],a1[L],a1[L],a1[L],a1[L],a1[L],a1[L],a1[L],a1[L],a1[L],a1[L],a1[L],a1[L],a1[L],a1[L],a1[L],a1[L],a1[L],a1[L],a1[L],a1[L],a1[L],a1[L],a1[L],a1[L],a1[L],a1[L],a1[L],a1[L],a1[L],a1[L],a1[L],a1[L],a1[L],a1[L],a1[L],a1[L],a1[L],a1[L],a1[L],a1[L],a1[L],a1[L],a1[L],a1[L],a1[L],a1[L],a1[L],a1[L],a1[L],a1[L],a1[L],a1[L],a1[L],a1[L],a1[L],a1[L],a1[L],a1[L],a1[L],a1[L],a1[L],a1[L],a1[L],a1[L],a1[L],a1[L],a1[L],a1[L],a1[L],a1[L],a1[L],a1[L],a1[L],a1[L],a1[L],a1[L],a1[L],a1[L],a1[L],a1[L],a1[L],a1[L],a1[L],a1[L],a1[L],a1[L],a1[L],a1[L],a1[L],a1[L],a1[L],a1[L],a1[L],a1[L],a1[L],a1[L],a1[L],a1[L],a1[L],a1[L],a1[L],a1[L],a1[L],a1[L],a1[L],a1[L],a1[L],a1[L],a1[L],a1[L],a1[L],a1[L],a1[L],a1[L],a1[L],a1[L],a1[L],a1[L],a1[L],a1[L],a1[L],a1[L],a1[L],a1[L],a1[L],a1[L],a1[L],a1[L],a1[L],a1[L],a1[L],a1[L],a1[L],a1[L],a1[L],a1[L],a1[L],a1[L],a1[L],a1[L],a1[L],a1[L],a1[L],a1[L],a1[L],a1[L],a1[L],a1[L],a1[L],a1[L],a1[L],a1[L],a1[L],a1[L],a1[L],a1[L],a1[L],a1[L],a1[L],a1[L],a1[L],a1[L],a1[L],a1[L],a1[L],a1[L],a1[L],a1[L],a1[L],a1[L],a1[L],a1[L],a1[L],a1[L],a1[L],a1[L],a1[L],a1[L],a1[L],a1[L],a1[L],a1[L],a1[L],a1[L],a1[L],a1[L],a1[L],a1[L],a1[L],a1[L],a1[L],a1[L],a1[L],a1[L],a1[L],a1[L],a1[L],a1[L],a1[L],a1[L],a1[L],a1[L],a1[L],a1[L],a1[L],a1[L],a1[L],a1[L],a1[L],a1[L],a1[L],a1[L],a1[L],a1[L],a1[L],a1[L],a1[L],a1[L],a1[L],a1[L],a1[L],a1[L],a1[L],a1[L],a1[L],a1[L],a1[L],a1[L],a1[L],a1[L],a1[L],a1[L],a1[L],a1[L],a1[L],a1[L],a1[L],a1[L],a1[L],a1[L],a1[L],a1[L],a1[L],a1[L],a1[L],a1[L],a1[L],a1[L],a1[L],a1[L],a1[L],a1[L],a1[L],a1[L],a1[L],a1[L],a1[L],a1[L],a1[L],a1[L],a1[L],a1[L],a1[L],a1[L],a1[L],a1[L],a1[L],a1[L],a1[L],a1[L],a1[L],a1[L],a1[L],a1[L],a1[L],a1[L],a1[L],a1[L],a1[L],a1[L],a1[L],a1[L],a1[L],a1[L],a1[L],a1[L],a1[L],a1[L],a1[L],a1[L],a1[L],a1[L],a1[L],a1[L],a1[L],a1[L],a1[L],a1[L],a1[L],a1[L],a1[L],a1[L],a1[L],a1[L],a1[L],a1[L],a1[L],a1[L],a1[L],a1[L],a1[L],a1[L],a1[L],a1[L],a1[L],a1[L],a1[L],a1[L],a1[L],a1[L],a1[L],a1[L],a1[L],a1[L],a1[L],a1[L],a1[L],a1[L],a1[L],a1[L],a1[L],a1[L],a1[L],a1[L],a1[L],a1[L],a1[L],a1[L],a1[L],a1[L],a1[L],a1[L],a1[L],a1[L],a1[L],a1[L],a1[L],a1[L],a1[L],a1[L],a1[L],a1[L],a1[L],a1[L],a1[L],a1[L],a1[L],a1[L],a1[L],a1[L],a1[L],a1[L],a1[L],a1[L],a1[L],a1[L],a1[L],a1[L],a1[L],a1[L],a1[L],a1[L],a1[L],a1[L],a1[L],a1[L],a1[L],a1[L],a1[L],a1[L],a1[L],a1[L],a1[L],a1[L],a1[L],a1[L],a1[L],a1[L],a1[L],a1[L],a1[L],a1[L],a1[L],a1[L],a1[L],a1[L],a1[L],a1[L],a1[L],a1[L],a1[L],a1[L],a1[L],a1[L],a1[L],a1[L],a1[L],a1[L],a1[L],a1[L],a1[L],a1[L],a1[L],a1[L],a1[L],a1[L],a1[L],a1[L],a1[L],a1[L],a1[L],a1[L],a1[L],a1[L],a1[L],a1[L],a1[L],a1[L],a1[L],a1[L],a1[L],a1[L],a1[L],a1[L],a1[L],a1[L],a1[L],a1[L],a1[L],a1[L],a1[L],a1[L],a1[L],a1[L],a1[L],a1[L],a1[L],a1[L],a1[L],a1[L],a1[L],a1[L],a1[L],a1[L],a1[L],a1[L],a1[L],a1[L],a1[L],a1[L],a1[L],a1[L],a1[L],a1[L],a1[L],a1[L],a1[L],a1[L],a1[L],a1[L],a1[L],a1[L],a1[L],a1[L],a1[L],a1[L],a1[L],a1[L],a1[L],a1[L],a1[L],a1[L],a1[L],a1[L],a1[L],a1[L],a1[L],a1[L],a1[L],a1[L],a1[L],a1[L],a1[L],a1[L],a1[L],a1[L],a1[L],a1[L],a1[L],a1[L],a1[L],a1[L],a1[L],a1[L],a1[L],a1[L],a1[L],a1[L],a1[L],a1[L],a1[L],a1[L],a1[L],a1[L],a1[L],a1[L],a1[L],a1[L],a1[L],a1[L],a1[L],a1[L],a1[L],a1[L],a1[L],a1[L],a1[L],a1[L],a1[L],a1[L],a1[L],a1[L],a1[L],a1[L],a1[L],a1[L],a1[L],a1[L],a1[L],a1[L],a1[L],a1[L],a1[L],a1[L],a1[L],a1[L],a1[L],a1[L],a1[L],a1[L],a1[L],a1[L],a1[L],a1[L],a1[L],a1[L],a1[L],a1[L],a1[L],a1[L],a1[L],a1[L],a1[L],a1[L],a1[L],a1[L],a1[L],a1[L],a1[L],a1[L],a1[L],a1[L],a1[L],a1[L],a1[L],a1[L],a1[L],a1[L],a1[L],a1[L],a1[L],a1[L],a1[L],a1[L],a1[L],a1[L],a1[L],a1[L],a1[L],a1[L],a1[L],a1[L],a1[L],a1[L],a1[L],a1[L],a1[L],a1[L],a1[L],a1[L],a1[L],a1[L],a1[L],a1[L],a1[L],a1[L],a1[L],a1[L],a1[L],a1[L],a1[L],a1[L],a1[L],a1[L],a1[L],a1[L],a1[L],a1[L],a1[L],a1[L],a1[L],a1[L],a1[L],a1[L],a1[L],a1[L],a1[L],a1[L],a1[L],a1[L],a1[L],a1[L],a1[L],a1[L],a1[L],a1[L],a1[L],a1[L],a1[L],a1[L],a1[L],a1[L],a1[L],a1[L],a1[L],a1[L],a1[L],a1[L],a1[L],a1[L],a1[L],a1[L],a1[L],a1[L],a1[L],a1[L],a1[L],a1[L],a1[L],a1[L],a1[L],a1[L],a1[L],a1[L],a1[L],a1[L],a1[L],a1[L],a1[L],a1[L],a1[L],a1[L],a1[L],a1[L],a1[L],a1[L],a1[L],a1[L],a1[L],a1[L],a1[L],a1[L],a1[L],a1[L],a1[L],a1[L],a1[L],a1[L],a1[L],a1[L],a1[L],a1[L],a1[L],a1[L],a1[L],a1[L],a1[L],a1[L],a1[L],a1[L],a1[L],a1[L],a1[L],a1[L],a1[L],a1[L],a1[L],a1[L],a1[L],a1[L],a1[L],a1[L],a1[L],a1[L],a1[L],a1[L],a1[L],a1[L],a1[L],a1[L],a1[L],a1[L],a1[L],a1[L],a1[L],a1[L],a1[L],a1[L],a1[L],a1[L],a1[L],a1[L],a1[L],a1[L],a1[L],a1[L],a1[L],a1[L],a1[L],a1[L],a1[L],a1[L],a1[L],a1[L],a1[L],a1[L],a1[L],a1[L],a1[L],a1[L],a1[L],a1[L],a1[L],a1[L],a1[L],a1[L],a1[L],a1[L],a1[L],a1[L],a1[L],a1[L],a1[L],a1[L],a1[L],a1[L],a1[L],a1[L],a1[L],a1[L],a1[L],a1[L],a1[L],a1[L],a1[L],a1[L],a1[L],a1[L],a1[L],a1[L],a1[L],a1[L],a1[L],a1[L],a1[L],a1[L],a1[L],a1[L],a1[L],a1[L],a1[L],a1[L],a1[L],a1[L],a1[L],a1[L],a1[L],a1[L],a1[L],a1[L],a1[L],a1[L],a1[L],a1[L],a1[L],a1[L],a1[L],a1[L],a1[L],a1[L],a1[L],a1[L],a1[L],a1[L],a1[L],a1[L],a1[L],a1[L],a1[L],a1[L],a1[L],a1[L],a1[L],a1[L],a1[L],a1[L],a1[L],a1[L],a1[L],"],"id":1},{"bpm":95,"baseBeats":0.5,"scores":["a1[L],a1[L],a1[L],a1[L],a1[L],a1[L],a1[L],a1[L],a1[L],a1[L],a1[L],a1[L],a1[L],a1[L],a1[L],a1[L],a1[L],a1[L],a1[L],a1[L],a1[L],a1[L],a1[L],a1[L],a1[L],a1[L],a1[L],a1[L],a1[L],a1[L],a1[L],a1[L],a1[L],a1[L],a1[L],a1[L],a1[L],a1[L],a1[L],a1[L],a1[L],a1[L],a1[L],a1[L],a1[L],a1[L],a1[L],a1[L],a1[L],a1[L],a1[L],a1[L],a1[L],a1[L],a1[L],a1[L],a1[L],a1[L],a1[L],a1[L],a1[L],a1[L],a1[L],a1[L],a1[L],a1[L],a1[L],a1[L],a1[L],a1[L],a1[L],a1[L],a1[L],a1[L],a1[L],a1[L],a1[L],a1[L],a1[L],a1[L],a1[L],a1[L],a1[L],a1[L],a1[L],a1[L],a1[L],a1[L],a1[L],a1[L],a1[L],a1[L],a1[L],a1[L],a1[L],a1[L],a1[L],a1[L],a1[L],a1[L],a1[L],a1[L],a1[L],a1[L],a1[L],a1[L],a1[L],a1[L],a1[L],a1[L],a1[L],a1[L],a1[L],a1[L],a1[L],a1[L],a1[L],a1[L],a1[L],a1[L],a1[L],a1[L],a1[L],a1[L],a1[L],a1[L],a1[L],a1[L],a1[L],a1[L],a1[L],a1[L],a1[L],a1[L],a1[L],a1[L],a1[L],a1[L],a1[L],a1[L],a1[L],a1[L],a1[L],a1[L],a1[L],a1[L],a1[L],a1[L],a1[L],a1[L],a1[L],a1[L],a1[L],a1[L],a1[L],a1[L],a1[L],a1[L],a1[L],a1[L],a1[L],a1[L],a1[L],a1[L],a1[L],a1[L],a1[L],a1[L],a1[L],a1[L],a1[L],a1[L],a1[L],a1[L],a1[L],a1[L],a1[L],a1[L],a1[L],a1[L],a1[L],a1[L],a1[L],a1[L],a1[L],a1[L],a1[L],a1[L],a1[L],a1[L],a1[L],a1[L],a1[L],a1[L],a1[L],a1[L],a1[L],a1[L],a1[L],a1[L],a1[L],a1[L],a1[L],a1[L],a1[L],a1[L],a1[L],a1[L],a1[L],a1[L],a1[L],a1[L],a1[L],a1[L],a1[L],a1[L],a1[L],a1[L],a1[L],a1[L],a1[L],a1[L],a1[L],a1[L],a1[L],a1[L],a1[L],a1[L],a1[L],a1[L],a1[L],a1[L],a1[L],a1[L],a1[L],a1[L],a1[L],a1[L],a1[L],a1[L],a1[L],a1[L],a1[L],a1[L],a1[L],a1[L],a1[L],a1[L],a1[L],a1[L],a1[L],a1[L],a1[L],a1[L],a1[L],a1[L],a1[L],a1[L],a1[L],a1[L],a1[L],a1[L],a1[L],a1[L],a1[L],a1[L],a1[L],a1[L],a1[L],a1[L],a1[L],a1[L],a1[L],a1[L],a1[L],a1[L],a1[L],a1[L],a1[L],a1[L],a1[L],a1[L],a1[L],a1[L],a1[L],a1[L],a1[L],a1[L],a1[L],a1[L],a1[L],a1[L],a1[L],a1[L],a1[L],a1[L],a1[L],a1[L],a1[L],a1[L],a1[L],a1[L],a1[L],a1[L],a1[L],a1[L],a1[L],a1[L],a1[L],a1[L],a1[L],a1[L],a1[L],a1[L],a1[L],a1[L],a1[L],a1[L],a1[L],a1[L],a1[L],a1[L],a1[L],a1[L],a1[L],a1[L],a1[L],a1[L],a1[L],a1[L],a1[L],a1[L],a1[L],a1[L],a1[L],a1[L],a1[L],a1[L],a1[L],a1[L],a1[L],a1[L],a1[L],a1[L],a1[L],a1[L],a1[L],a1[L],a1[L],a1[L],a1[L],a1[L],a1[L],a1[L],a1[L],a1[L],a1[L],a1[L],a1[L],a1[L],a1[L],a1[L],a1[L],a1[L],a1[L],a1[L],a1[L],a1[L],a1[L],a1[L],a1[L],a1[L],a1[L],a1[L],a1[L],a1[L],a1[L],a1[L],a1[L],a1[L],a1[L],a1[L],a1[L],a1[L],a1[L],a1[L],a1[L],a1[L],a1[L],a1[L],a1[L],a1[L],a1[L],a1[L],a1[L],a1[L],a1[L],a1[L],a1[L],a1[L],a1[L],a1[L],a1[L],a1[L],a1[L],a1[L],a1[L],a1[L],a1[L],a1[L],a1[L],a1[L],a1[L],a1[L],a1[L],a1[L],a1[L],a1[L],a1[L],a1[L],a1[L],a1[L],a1[L],a1[L],a1[L],a1[L],a1[L],a1[L],a1[L],a1[L],a1[L],a1[L],a1[L],a1[L],a1[L],a1[L],a1[L],a1[L],a1[L],a1[L],a1[L],a1[L],a1[L],a1[L],a1[L],a1[L],a1[L],a1[L],a1[L],a1[L],a1[L],a1[L],a1[L],a1[L],a1[L],a1[L],a1[L],a1[L],a1[L],a1[L],a1[L],a1[L],a1[L],a1[L],a1[L],a1[L],a1[L],a1[L],a1[L],a1[L],a1[L],a1[L],a1[L],a1[L],a1[L],a1[L],a1[L],a1[L],a1[L],a1[L],a1[L],a1[L],a1[L],a1[L],a1[L],a1[L],a1[L],a1[L],a1[L],a1[L],a1[L],a1[L],a1[L],a1[L],a1[L],a1[L],a1[L],a1[L],a1[L],a1[L],a1[L],a1[L],a1[L],a1[L],a1[L],a1[L],a1[L],a1[L],a1[L],a1[L],a1[L],a1[L],a1[L],a1[L],a1[L],a1[L],a1[L],a1[L],a1[L],a1[L],a1[L],a1[L],a1[L],a1[L],a1[L],a1[L],a1[L],a1[L],a1[L],a1[L],a1[L],a1[L],a1[L],a1[L],a1[L],a1[L],a1[L],a1[L],a1[L],a1[L],a1[L],a1[L],a1[L],a1[L],a1[L],a1[L],a1[L],a1[L],a1[L],a1[L],a1[L],a1[L],a1[L],a1[L],a1[L],a1[L],a1[L],a1[L],a1[L],a1[L],a1[L],a1[L],a1[L],a1[L],a1[L],a1[L],a1[L],a1[L],a1[L],a1[L],a1[L],a1[L],a1[L],a1[L],a1[L],a1[L],a1[L],a1[L],a1[L],a1[L],a1[L],a1[L],a1[L],a1[L],a1[L],a1[L],a1[L],a1[L],a1[L],a1[L],a1[L],a1[L],a1[L],a1[L],a1[L],a1[L],a1[L],a1[L],a1[L],a1[L],a1[L],a1[L],a1[L],a1[L],a1[L],a1[L],a1[L],a1[L],a1[L],a1[L],a1[L],a1[L],a1[L],a1[L],a1[L],a1[L],a1[L],a1[L],a1[L],a1[L],a1[L],a1[L],a1[L],a1[L],a1[L],a1[L],a1[L],a1[L],a1[L],a1[L],a1[L],a1[L],a1[L],a1[L],a1[L],a1[L],a1[L],a1[L],a1[L],a1[L],a1[L],a1[L],a1[L],a1[L],a1[L],a1[L],a1[L],a1[L],a1[L],a1[L],a1[L],a1[L],a1[L],a1[L],a1[L],a1[L],a1[L],a1[L],a1[L],a1[L],a1[L],a1[L],a1[L],a1[L],a1[L],a1[L],a1[L],a1[L],a1[L],a1[L],a1[L],a1[L],a1[L],a1[L],a1[L],a1[L],a1[L],a1[L],a1[L],a1[L],a1[L],a1[L],a1[L],a1[L],a1[L],a1[L],a1[L],a1[L],a1[L],a1[L],a1[L],a1[L],a1[L],a1[L],a1[L],a1[L],a1[L],a1[L],a1[L],a1[L],a1[L],a1[L],a1[L],a1[L],a1[L],a1[L],a1[L],a1[L],a1[L],a1[L],a1[L],a1[L],a1[L],a1[L],a1[L],a1[L],a1[L],a1[L],a1[L],a1[L],a1[L],a1[L],a1[L],a1[L],a1[L],a1[L],a1[L],a1[L],a1[L],a1[L],a1[L],a1[L],a1[L],a1[L],a1[L],a1[L],a1[L],a1[L],a1[L],a1[L],a1[L],a1[L],a1[L],a1[L],a1[L],a1[L],a1[L],a1[L],a1[L],a1[L],a1[L],a1[L],a1[L],a1[L],a1[L],a1[L],a1[L],a1[L],a1[L],a1[L],a1[L],a1[L],a1[L],a1[L],a1[L],a1[L],a1[L],a1[L],a1[L],a1[L],a1[L],a1[L],a1[L],a1[L],a1[L],a1[L],a1[L],a1[L],a1[L],a1[L],a1[L],a1[L],a1[L],a1[L],a1[L],a1[L],a1[L],a1[L],a1[L],a1[L],a1[L],a1[L],a1[L],a1[L],a1[L],a1[L],a1[L],a1[L],a1[L],a1[L],a1[L],a1[L],a1[L],a1[L],a1[L],a1[L],a1[L],a1[L],a1[L],a1[L],a1[L],a1[L],a1[L],a1[L],a1[L],a1[L],a1[L],a1[L],a1[L],a1[L],a1[L],a1[L],a1[L],a1[L],a1[L],a1[L],a1[L],a1[L],a1[L],a1[L],a1[L],a1[L],a1[L],a1[L],a1[L],a1[L],a1[L],a1[L],a1[L],a1[L],a1[L],a1[L],a1[L],a1[L],a1[L],a1[L],a1[L],a1[L],a1[L],a1[L],a1[L],a1[L],a1[L],a1[L],a1[L],a1[L],a1[L],a1[L],a1[L],a1[L],a1[L],a1[L],a1[L],a1[L],a1[L],a1[L],a1[L],a1[L],a1[L],a1[L],a1[L],a1[L],a1[L],a1[L],a1[L],a1[L],a1[L],a1[L],a1[L],a1[L],a1[L],a1[L],a1[L],a1[L],a1[L],a1[L],a1[L],a1[L],a1[L],a1[L],a1[L],a1[L],a1[L],a1[L],a1[L],a1[L],a1[L],a1[L],a1[L],a1[L],a1[L],a1[L],a1[L],a1[L],a1[L],a1[L],a1[L],a1[L],a1[L],a1[L],a1[L],a1[L],a1[L],a1[L],a1[L],a1[L],a1[L],a1[L],a1[L],a1[L],a1[L],a1[L],a1[L],a1[L],a1[L],a1[L],a1[L],a1[L],a1[L],a1[L],a1[L],a1[L],a1[L],a1[L],a1[L],a1[L],a1[L],a1[L],a1[L],a1[L],a1[L],a1[L],a1[L],a1[L],a1[L],a1[L],a1[L],a1[L],a1[L],a1[L],a1[L],a1[L],a1[L],a1[L],a1[L],a1[L],a1[L],a1[L],a1[L],a1[L],a1[L],a1[L],a1[L],a1[L],a1[L],a1[L],a1[L],a1[L],a1[L],a1[L],a1[L],a1[L],a1[L],a1[L],a1[L],a1[L],a1[L],a1[L],a1[L],a1[L],a1[L],a1[L],a1[L],a1[L],a1[L],a1[L],a1[L],a1[L],a1[L],a1[L],a1[L],a1[L],a1[L],a1[L],a1[L],a1[L],a1[L],a1[L],a1[L],a1[L],a1[L],a1[L],a1[L],a1[L],a1[L],a1[L],a1[L],a1[L],a1[L],a1[L],a1[L],a1[L],a1[L],a1[L],a1[L],a1[L],a1[L],a1[L],a1[L],a1[L],a1[L],a1[L],a1[L],a1[L],a1[L],a1[L],a1[L],a1[L],a1[L],a1[L],a1[L],a1[L],a1[L],a1[L],a1[L],a1[L],a1[L],a1[L],a1[L],a1[L],a1[L],a1[L],a1[L],a1[L],a1[L],a1[L],a1[L],a1[L],a1[L],a1[L],a1[L],a1[L],a1[L],a1[L],a1[L],a1[L],a1[L],a1[L],a1[L],a1[L],a1[L],a1[L],a1[L],a1[L],a1[L],a1[L],a1[L],a1[L],a1[L],a1[L],a1[L],a1[L],a1[L],a1[L],a1[L],a1[L],a1[L],a1[L],a1[L],a1[L],a1[L],a1[L],a1[L],a1[L],a1[L],a1[L],a1[L],a1[L],a1[L],a1[L],a1[L],a1[L],a1[L],a1[L],a1[L],a1[L],a1[L],a1[L],a1[L],a1[L],a1[L],a1[L],a1[L],a1[L],a1[L],a1[L],a1[L],a1[L],a1[L],a1[L],a1[L],a1[L],a1[L],a1[L],a1[L],a1[L],a1[L],a1[L],a1[L],a1[L],a1[L],a1[L],a1[L],a1[L],a1[L],a1[L],a1[L],a1[L],a1[L],a1[L],a1[L],a1[L],a1[L],a1[L],a1[L],a1[L],a1[L],a1[L],a1[L],a1[L],a1[L],a1[L],a1[L],a1[L],a1[L],a1[L],a1[L],a1[L],a1[L],a1[L],a1[L],a1[L],a1[L],a1[L],a1[L],a1[L],a1[L],a1[L],a1[L],a1[L],a1[L],a1[L],a1[L],a1[L],a1[L],a1[L],a1[L],a1[L],a1[L],a1[L],a1[L],a1[L],a1[L],a1[L],a1[L],a1[L],a1[L],a1[L],a1[L],a1[L],a1[L],a1[L],a1[L],a1[L],a1[L],a1[L],a1[L],a1[L],a1[L],a1[L],a1[L],a1[L],a1[L],a1[L],a1[L],a1[L],a1[L],a1[L],a1[L],a1[L],a1[L],a1[L],a1[L],a1[L],a1[L],a1[L],a1[L],a1[L],a1[L],a1[L],a1[L],a1[L],a1[L],a1[L],a1[L],a1[L],a1[L],a1[L],a1[L],a1[L],a1[L],a1[L],a1[L],a1[L],a1[L],a1[L],a1[L],a1[L],a1[L],a1[L],a1[L],a1[L],a1[L],a1[L],a1[L],a1[L],a1[L],a1[L],a1[L],a1[L],a1[L],a1[L],a1[L],a1[L],a1[L],a1[L],a1[L],a1[L],a1[L],a1[L],a1[L],a1[L],a1[L],a1[L],a1[L],a1[L],a1[L],a1[L],a1[L],a1[L],a1[L],a1[L],a1[L],a1[L],a1[L],a1[L],a1[L],a1[L],a1[L],a1[L],a1[L],a1[L],a1[L],a1[L],a1[L],a1[L],a1[L],a1[L],a1[L],a1[L],a1[L],a1[L],a1[L],a1[L],a1[L],a1[L],a1[L],a1[L],a1[L],a1[L],a1[L],a1[L],a1[L],a1[L],a1[L],a1[L],a1[L],a1[L],a1[L],a1[L],a1[L],a1[L],a1[L],a1[L],a1[L],a1[L],a1[L],a1[L],a1[L],a1[L],a1[L],a1[L],a1[L],a1[L],a1[L],a1[L],a1[L],a1[L],a1[L],a1[L],a1[L],a1[L],a1[L],a1[L],a1[L],a1[L],a1[L],a1[L],a1[L],a1[L],a1[L],a1[L],a1[L],a1[L],a1[L],a1[L],a1[L],a1[L],a1[L],a1[L],a1[L],a1[L],a1[L],a1[L],a1[L],a1[L],a1[L],a1[L],a1[L],a1[L],a1[L],a1[L],a1[L],a1[L],a1[L],a1[L],a1[L],a1[L],a1[L],a1[L],a1[L],a1[L],a1[L],a1[L],a1[L],a1[L],a1[L],a1[L],a1[L],a1[L],a1[L],a1[L],a1[L],a1[L],a1[L],a1[L],a1[L],a1[L],a1[L],a1[L],a1[L],a1[L],a1[L],a1[L],a1[L],a1[L],a1[L],a1[L],a1[L],a1[L],a1[L],a1[L],a1[L],a1[L],a1[L],a1[L],a1[L],a1[L],a1[L],a1[L],a1[L],a1[L],a1[L],a1[L],a1[L],a1[L],a1[L],a1[L],a1[L],a1[L],a1[L],a1[L],a1[L],a1[L],a1[L],a1[L],a1[L],a1[L],a1[L],a1[L],a1[L],a1[L],a1[L],a1[L],a1[L],a1[L],a1[L],a1[L],a1[L],a1[L],a1[L],a1[L],a1[L],a1[L],a1[L],a1[L],a1[L],a1[L],a1[L],a1[L],a1[L],a1[L],a1[L],a1[L],a1[L],a1[L],a1[L],a1[L],a1[L],a1[L],a1[L],a1[L],a1[L],a1[L],a1[L],a1[L],a1[L],a1[L],a1[L],a1[L],a1[L],a1[L],a1[L],a1[L],a1[L],a1[L],a1[L],a1[L],a1[L],a1[L],a1[L],a1[L],a1[L],a1[L],a1[L],a1[L],a1[L],a1[L],a1[L],a1[L],a1[L],a1[L],a1[L],a1[L],a1[L],a1[L],a1[L],a1[L],a1[L],a1[L],a1[L],a1[L],a1[L],a1[L],a1[L],a1[L],a1[L],a1[L],a1[L],a1[L],a1[L],a1[L],a1[L],a1[L],a1[L],a1[L],a1[L],a1[L],a1[L],a1[L],a1[L],a1[L],a1[L],a1[L],a1[L],a1[L],a1[L],a1[L],a1[L],a1[L],a1[L],a1[L],a1[L],a1[L],a1[L],a1[L],a1[L],a1[L],a1[L],a1[L],a1[L],a1[L],a1[L],a1[L],a1[L],a1[L],a1[L],a1[L],a1[L],a1[L],a1[L],a1[L],a1[L],a1[L],a1[L],a1[L],a1[L],a1[L],a1[L],a1[L],a1[L],a1[L],a1[L],a1[L],a1[L],a1[L],a1[L],a1[L],a1[L],a1[L],a1[L],a1[L],a1[L],a1[L],a1[L],a1[L],a1[L],a1[L],a1[L],a1[L],a1[L],a1[L],a1[L],a1[L],a1[L],a1[L],a1[L],a1[L],a1[L],a1[L],a1[L],a1[L],a1[L],a1[L],a1[L],a1[L],a1[L],a1[L],a1[L],a1[L],a1[L],a1[L],a1[L],a1[L],a1[L],a1[L],a1[L],a1[L],a1[L],a1[L],a1[L],a1[L],a1[L],a1[L],a1[L],a1[L],a1[L],a1[L],a1[L],a1[L],a1[L],a1[L],a1[L],a1[L],a1[L],a1[L],a1[L],a1[L],a1[L],a1[L],a1[L],a1[L],a1[L],a1[L],a1[L],a1[L],a1[L],a1[L],a1[L],a1[L],a1[L],a1[L],a1[L],a1[L],a1[L],a1[L],a1[L],a1[L],a1[L],a1[L],a1[L],a1[L],a1[L],a1[L],a1[L],a1[L],a1[L],a1[L],a1[L],a1[L],a1[L],a1[L],a1[L],a1[L],a1[L],a1[L],a1[L],a1[L],a1[L],a1[L],a1[L],a1[L],a1[L],a1[L],a1[L],a1[L],a1[L],a1[L],a1[L],a1[L],a1[L],a1[L],a1[L],a1[L],a1[L],a1[L],a1[L],a1[L],a1[L],a1[L],a1[L],a1[L],a1[L],a1[L],a1[L],a1[L],a1[L],a1[L],a1[L],a1[L],a1[L],a1[L],a1[L],a1[L],a1[L],a1[L],a1[L],a1[L],a1[L],a1[L],a1[L],a1[L],a1[L],a1[L],a1[L],a1[L],a1[L],a1[L],a1[L],a1[L],a1[L],a1[L],a1[L],a1[L],a1[L],a1[L],a1[L],a1[L],a1[L],a1[L],a1[L],a1[L],a1[L],a1[L],a1[L],a1[L],a1[L],a1[L],a1[L],a1[L],a1[L],a1[L],a1[L],a1[L],a1[L],a1[L],a1[L],a1[L],a1[L],a1[L],a1[L],a1[L],a1[L],a1[L],a1[L],a1[L],a1[L],a1[L],a1[L],a1[L],a1[L],a1[L],a1[L],a1[L],a1[L],a1[L],a1[L],a1[L],a1[L],a1[L],a1[L],a1[L],a1[L],a1[L],a1[L],a1[L],a1[L],a1[L],a1[L],a1[L],a1[L],a1[L],a1[L],a1[L],a1[L],a1[L],a1[L],a1[L],a1[L],a1[L],a1[L],a1[L],a1[L],a1[L],a1[L],a1[L],a1[L],a1[L],a1[L],a1[L],a1[L],a1[L],a1[L],a1[L],a1[L],a1[L],a1[L],a1[L],a1[L],a1[L],a1[L],a1[L],a1[L],a1[L],a1[L],a1[L],a1[L],a1[L],a1[L],a1[L],a1[L],a1[L],a1[L],a1[L],a1[L],a1[L],a1[L],a1[L],a1[L],a1[L],a1[L],a1[L],a1[L],a1[L],a1[L],a1[L],a1[L],a1[L],a1[L],a1[L],a1[L],a1[L],a1[L],a1[L],a1[L],a1[L],a1[L],a1[L],a1[L],a1[L],a1[L],a1[L],a1[L],a1[L],a1[L],a1[L],a1[L],a1[L],a1[L],a1[L],a1[L],a1[L],a1[L],a1[L],a1[L],a1[L],a1[L],a1[L],a1[L],a1[L],a1[L],a1[L],a1[L],a1[L],a1[L],a1[L],a1[L],a1[L],a1[L],a1[L],a1[L],a1[L],a1[L],a1[L],a1[L],a1[L],a1[L],a1[L],a1[L],a1[L],a1[L],a1[L],a1[L],a1[L],a1[L],a1[L],a1[L],a1[L],a1[L],a1[L],a1[L],a1[L],a1[L],a1[L],a1[L],a1[L],a1[L],a1[L],a1[L],a1[L],a1[L],a1[L],a1[L],a1[L],a1[L],a1[L],a1[L],a1[L],a1[L],a1[L],a1[L],a1[L],a1[L],a1[L],a1[L],a1[L],a1[L],a1[L],a1[L],a1[L],a1[L],a1[L],a1[L],a1[L],a1[L],a1[L],a1[L],a1[L],a1[L],a1[L],a1[L],a1[L],a1[L],a1[L],a1[L],a1[L],a1[L],a1[L],a1[L],a1[L],a1[L],a1[L],a1[L],a1[L],a1[L],a1[L],a1[L],a1[L],a1[L],a1[L],a1[L],a1[L],a1[L],a1[L],a1[L],a1[L],a1[L],a1[L],a1[L],a1[L],a1[L],a1[L],a1[L],a1[L],a1[L],a1[L],a1[L],a1[L],a1[L],a1[L],a1[L],a1[L],a1[L],a1[L],a1[L],a1[L],a1[L],a1[L],a1[L],a1[L],a1[L],a1[L],a1[L],a1[L],a1[L],a1[L],a1[L],a1[L],a1[L],a1[L],a1[L],a1[L],a1[L],a1[L],a1[L],a1[L],a1[L],a1[L],a1[L],a1[L],a1[L],a1[L],a1[L],a1[L],a1[L],a1[L],a1[L],a1[L],a1[L],a1[L],a1[L],a1[L],a1[L],a1[L],a1[L],a1[L],a1[L],a1[L],a1[L],a1[L],a1[L],a1[L],a1[L],a1[L],a1[L],a1[L],a1[L],a1[L],a1[L],a1[L],"],"id":2},{"bpm":100,"baseBeats":0.5,"scores":["a1[L],a1[L],a1[L],a1[L],a1[L],a1[L],a1[L],a1[L],a1[L],a1[L],a1[L],a1[L],a1[L],a1[L],a1[L],a1[L],a1[L],a1[L],a1[L],a1[L],a1[L],a1[L],a1[L],a1[L],a1[L],a1[L],a1[L],a1[L],a1[L],a1[L],a1[L],a1[L],a1[L],a1[L],a1[L],a1[L],a1[L],a1[L],a1[L],a1[L],a1[L],a1[L],a1[L],a1[L],a1[L],a1[L],a1[L],a1[L],a1[L],a1[L],a1[L],a1[L],a1[L],a1[L],a1[L],a1[L],a1[L],a1[L],a1[L],a1[L],a1[L],a1[L],a1[L],a1[L],a1[L],a1[L],a1[L],a1[L],a1[L],a1[L],a1[L],a1[L],a1[L],a1[L],a1[L],a1[L],a1[L],a1[L],a1[L],a1[L],a1[L],a1[L],a1[L],a1[L],a1[L],a1[L],a1[L],a1[L],a1[L],a1[L],a1[L],a1[L],a1[L],a1[L],a1[L],a1[L],a1[L],a1[L],a1[L],a1[L],a1[L],a1[L],a1[L],a1[L],a1[L],a1[L],a1[L],a1[L],a1[L],a1[L],a1[L],a1[L],a1[L],a1[L],a1[L],a1[L],a1[L],a1[L],a1[L],a1[L],a1[L],a1[L],a1[L],a1[L],a1[L],a1[L],a1[L],a1[L],a1[L],a1[L],a1[L],a1[L],a1[L],a1[L],a1[L],a1[L],a1[L],a1[L],a1[L],a1[L],a1[L],a1[L],a1[L],a1[L],a1[L],a1[L],a1[L],a1[L],a1[L],a1[L],a1[L],a1[L],a1[L],a1[L],a1[L],a1[L],a1[L],a1[L],a1[L],a1[L],a1[L],a1[L],a1[L],a1[L],a1[L],a1[L],a1[L],a1[L],a1[L],a1[L],a1[L],a1[L],a1[L],a1[L],a1[L],a1[L],a1[L],a1[L],a1[L],a1[L],a1[L],a1[L],a1[L],a1[L],a1[L],a1[L],a1[L],a1[L],a1[L],a1[L],a1[L],a1[L],a1[L],a1[L],a1[L],a1[L],a1[L],a1[L],a1[L],a1[L],a1[L],a1[L],a1[L],a1[L],a1[L],a1[L],a1[L],a1[L],a1[L],a1[L],a1[L],a1[L],a1[L],a1[L],a1[L],a1[L],a1[L],a1[L],a1[L],a1[L],a1[L],a1[L],a1[L],a1[L],a1[L],a1[L],a1[L],a1[L],a1[L],a1[L],a1[L],a1[L],a1[L],a1[L],a1[L],a1[L],a1[L],a1[L],a1[L],a1[L],a1[L],a1[L],a1[L],a1[L],a1[L],a1[L],a1[L],a1[L],a1[L],a1[L],a1[L],a1[L],a1[L],a1[L],a1[L],a1[L],a1[L],a1[L],a1[L],a1[L],a1[L],a1[L],a1[L],a1[L],a1[L],a1[L],a1[L],a1[L],a1[L],a1[L],a1[L],a1[L],a1[L],a1[L],a1[L],a1[L],a1[L],a1[L],a1[L],a1[L],a1[L],a1[L],a1[L],a1[L],a1[L],a1[L],a1[L],a1[L],a1[L],a1[L],a1[L],a1[L],a1[L],a1[L],a1[L],a1[L],a1[L],a1[L],a1[L],a1[L],a1[L],a1[L],a1[L],a1[L],a1[L],a1[L],a1[L],a1[L],a1[L],a1[L],a1[L],a1[L],a1[L],a1[L],a1[L],a1[L],a1[L],a1[L],a1[L],a1[L],a1[L],a1[L],a1[L],a1[L],a1[L],a1[L],a1[L],a1[L],a1[L],a1[L],a1[L],a1[L],a1[L],a1[L],a1[L],a1[L],a1[L],a1[L],a1[L],a1[L],a1[L],a1[L],a1[L],a1[L],a1[L],a1[L],a1[L],a1[L],a1[L],a1[L],a1[L],a1[L],a1[L],a1[L],a1[L],a1[L],a1[L],a1[L],a1[L],a1[L],a1[L],a1[L],a1[L],a1[L],a1[L],a1[L],a1[L],a1[L],a1[L],a1[L],a1[L],a1[L],a1[L],a1[L],a1[L],a1[L],a1[L],a1[L],a1[L],a1[L],a1[L],a1[L],a1[L],a1[L],a1[L],a1[L],a1[L],a1[L],a1[L],a1[L],a1[L],a1[L],a1[L],a1[L],a1[L],a1[L],a1[L],a1[L],a1[L],a1[L],a1[L],a1[L],a1[L],a1[L],a1[L],a1[L],a1[L],a1[L],a1[L],a1[L],a1[L],a1[L],a1[L],a1[L],a1[L],a1[L],a1[L],a1[L],a1[L],a1[L],a1[L],a1[L],a1[L],a1[L],a1[L],a1[L],a1[L],a1[L],a1[L],a1[L],a1[L],a1[L],a1[L],a1[L],a1[L],a1[L],a1[L],a1[L],a1[L],a1[L],a1[L],a1[L],a1[L],a1[L],a1[L],a1[L],a1[L],a1[L],a1[L],a1[L],a1[L],a1[L],a1[L],a1[L],a1[L],a1[L],a1[L],a1[L],a1[L],a1[L],a1[L],a1[L],a1[L],a1[L],a1[L],a1[L],a1[L],a1[L],a1[L],a1[L],a1[L],a1[L],a1[L],a1[L],a1[L],a1[L],a1[L],a1[L],a1[L],a1[L],a1[L],a1[L],a1[L],a1[L],a1[L],a1[L],a1[L],a1[L],a1[L],a1[L],a1[L],a1[L],a1[L],a1[L],a1[L],a1[L],a1[L],a1[L],a1[L],a1[L],a1[L],a1[L],a1[L],a1[L],a1[L],a1[L],a1[L],a1[L],a1[L],a1[L],a1[L],a1[L],a1[L],a1[L],a1[L],a1[L],a1[L],a1[L],a1[L],a1[L],a1[L],a1[L],a1[L],a1[L],a1[L],a1[L],a1[L],a1[L],a1[L],a1[L],a1[L],a1[L],a1[L],a1[L],a1[L],a1[L],a1[L],a1[L],a1[L],a1[L],a1[L],a1[L],a1[L],a1[L],a1[L],a1[L],a1[L],a1[L],a1[L],a1[L],a1[L],a1[L],a1[L],a1[L],a1[L],a1[L],a1[L],a1[L],a1[L],a1[L],a1[L],a1[L],a1[L],a1[L],a1[L],a1[L],a1[L],a1[L],a1[L],a1[L],a1[L],a1[L],a1[L],a1[L],a1[L],a1[L],a1[L],a1[L],a1[L],a1[L],a1[L],a1[L],a1[L],a1[L],a1[L],a1[L],a1[L],a1[L],a1[L],a1[L],a1[L],a1[L],a1[L],a1[L],a1[L],a1[L],a1[L],a1[L],a1[L],a1[L],a1[L],a1[L],a1[L],a1[L],a1[L],a1[L],a1[L],a1[L],a1[L],a1[L],a1[L],a1[L],a1[L],a1[L],a1[L],a1[L],a1[L],a1[L],a1[L],a1[L],a1[L],a1[L],a1[L],a1[L],a1[L],a1[L],a1[L],a1[L],a1[L],a1[L],a1[L],a1[L],a1[L],a1[L],a1[L],a1[L],a1[L],a1[L],a1[L],a1[L],a1[L],a1[L],a1[L],a1[L],a1[L],a1[L],a1[L],a1[L],a1[L],a1[L],a1[L],a1[L],a1[L],a1[L],a1[L],a1[L],a1[L],a1[L],a1[L],a1[L],a1[L],a1[L],a1[L],a1[L],a1[L],a1[L],a1[L],a1[L],a1[L],a1[L],a1[L],a1[L],a1[L],a1[L],a1[L],a1[L],a1[L],a1[L],a1[L],a1[L],a1[L],a1[L],a1[L],a1[L],a1[L],a1[L],a1[L],a1[L],a1[L],a1[L],a1[L],a1[L],a1[L],a1[L],a1[L],a1[L],a1[L],a1[L],a1[L],a1[L],a1[L],a1[L],a1[L],a1[L],a1[L],a1[L],a1[L],a1[L],a1[L],a1[L],a1[L],a1[L],a1[L],a1[L],a1[L],a1[L],a1[L],a1[L],a1[L],a1[L],a1[L],a1[L],a1[L],a1[L],a1[L],a1[L],a1[L],a1[L],a1[L],a1[L],a1[L],a1[L],a1[L],a1[L],a1[L],a1[L],a1[L],a1[L],a1[L],a1[L],a1[L],a1[L],a1[L],a1[L],a1[L],a1[L],a1[L],a1[L],a1[L],a1[L],a1[L],a1[L],a1[L],a1[L],a1[L],a1[L],a1[L],a1[L],a1[L],a1[L],a1[L],a1[L],a1[L],a1[L],a1[L],a1[L],a1[L],a1[L],a1[L],a1[L],a1[L],a1[L],a1[L],a1[L],a1[L],a1[L],a1[L],a1[L],a1[L],a1[L],a1[L],a1[L],a1[L],a1[L],a1[L],a1[L],a1[L],a1[L],a1[L],a1[L],a1[L],a1[L],a1[L],a1[L],a1[L],a1[L],a1[L],a1[L],a1[L],a1[L],a1[L],a1[L],a1[L],a1[L],a1[L],a1[L],a1[L],a1[L],a1[L],a1[L],a1[L],a1[L],a1[L],a1[L],a1[L],a1[L],a1[L],a1[L],a1[L],a1[L],a1[L],a1[L],a1[L],a1[L],a1[L],a1[L],a1[L],a1[L],a1[L],a1[L],a1[L],a1[L],a1[L],a1[L],a1[L],a1[L],a1[L],a1[L],a1[L],a1[L],a1[L],a1[L],a1[L],a1[L],a1[L],a1[L],a1[L],a1[L],a1[L],a1[L],a1[L],a1[L],a1[L],a1[L],a1[L],a1[L],a1[L],a1[L],a1[L],a1[L],a1[L],a1[L],a1[L],a1[L],a1[L],a1[L],a1[L],a1[L],a1[L],a1[L],a1[L],a1[L],a1[L],a1[L],a1[L],a1[L],a1[L],a1[L],a1[L],a1[L],a1[L],a1[L],a1[L],a1[L],a1[L],a1[L],a1[L],a1[L],a1[L],a1[L],a1[L],a1[L],a1[L],a1[L],a1[L],a1[L],a1[L],a1[L],a1[L],a1[L],a1[L],a1[L],a1[L],a1[L],a1[L],a1[L],a1[L],a1[L],a1[L],a1[L],a1[L],a1[L],a1[L],a1[L],a1[L],a1[L],a1[L],a1[L],a1[L],a1[L],a1[L],a1[L],a1[L],a1[L],a1[L],a1[L],a1[L],a1[L],a1[L],a1[L],a1[L],a1[L],a1[L],a1[L],a1[L],a1[L],a1[L],a1[L],a1[L],a1[L],a1[L],a1[L],a1[L],a1[L],a1[L],a1[L],a1[L],a1[L],a1[L],a1[L],a1[L],a1[L],a1[L],a1[L],a1[L],a1[L],a1[L],a1[L],a1[L],a1[L],a1[L],a1[L],a1[L],a1[L],a1[L],a1[L],a1[L],a1[L],a1[L],a1[L],a1[L],a1[L],a1[L],a1[L],a1[L],a1[L],a1[L],a1[L],a1[L],a1[L],a1[L],a1[L],a1[L],a1[L],a1[L],a1[L],a1[L],a1[L],a1[L],a1[L],a1[L],a1[L],a1[L],a1[L],a1[L],a1[L],a1[L],a1[L],a1[L],a1[L],a1[L],a1[L],a1[L],a1[L],a1[L],a1[L],a1[L],a1[L],a1[L],a1[L],a1[L],a1[L],a1[L],a1[L],a1[L],a1[L],a1[L],a1[L],a1[L],a1[L],a1[L],a1[L],a1[L],a1[L],a1[L],a1[L],a1[L],a1[L],a1[L],a1[L],a1[L],a1[L],a1[L],a1[L],a1[L],a1[L],a1[L],a1[L],a1[L],a1[L],a1[L],a1[L],a1[L],a1[L],a1[L],a1[L],a1[L],a1[L],a1[L],a1[L],a1[L],a1[L],a1[L],a1[L],a1[L],a1[L],a1[L],a1[L],a1[L],a1[L],a1[L],a1[L],a1[L],a1[L],a1[L],a1[L],a1[L],a1[L],a1[L],a1[L],a1[L],a1[L],a1[L],a1[L],a1[L],a1[L],a1[L],a1[L],a1[L],a1[L],a1[L],a1[L],a1[L],a1[L],a1[L],a1[L],a1[L],a1[L],a1[L],a1[L],a1[L],a1[L],a1[L],a1[L],a1[L],a1[L],a1[L],a1[L],a1[L],a1[L],a1[L],a1[L],a1[L],a1[L],a1[L],a1[L],a1[L],a1[L],a1[L],a1[L],a1[L],a1[L],a1[L],a1[L],a1[L],a1[L],a1[L],a1[L],a1[L],a1[L],a1[L],a1[L],a1[L],a1[L],a1[L],a1[L],a1[L],a1[L],a1[L],a1[L],a1[L],a1[L],a1[L],a1[L],a1[L],a1[L],a1[L],a1[L],a1[L],a1[L],a1[L],a1[L],a1[L],a1[L],a1[L],a1[L],a1[L],a1[L],a1[L],a1[L],a1[L],a1[L],a1[L],a1[L],a1[L],a1[L],a1[L],a1[L],a1[L],a1[L],a1[L],a1[L],a1[L],a1[L],a1[L],a1[L],a1[L],a1[L],a1[L],a1[L],a1[L],a1[L],a1[L],a1[L],a1[L],a1[L],a1[L],a1[L],a1[L],a1[L],a1[L],a1[L],a1[L],a1[L],a1[L],a1[L],a1[L],a1[L],a1[L],a1[L],a1[L],a1[L],a1[L],a1[L],a1[L],a1[L],a1[L],a1[L],a1[L],a1[L],a1[L],a1[L],a1[L],a1[L],a1[L],a1[L],a1[L],a1[L],a1[L],a1[L],a1[L],a1[L],a1[L],a1[L],a1[L],a1[L],a1[L],a1[L],a1[L],a1[L],a1[L],a1[L],a1[L],a1[L],a1[L],a1[L],a1[L],a1[L],a1[L],a1[L],a1[L],a1[L],a1[L],a1[L],a1[L],a1[L],a1[L],a1[L],a1[L],a1[L],a1[L],a1[L],a1[L],a1[L],a1[L],a1[L],a1[L],a1[L],a1[L],a1[L],a1[L],a1[L],a1[L],a1[L],a1[L],a1[L],a1[L],a1[L],a1[L],a1[L],a1[L],a1[L],a1[L],a1[L],a1[L],a1[L],a1[L],a1[L],a1[L],a1[L],a1[L],a1[L],a1[L],a1[L],a1[L],a1[L],a1[L],a1[L],a1[L],a1[L],a1[L],a1[L],a1[L],a1[L],a1[L],a1[L],a1[L],a1[L],a1[L],a1[L],a1[L],a1[L],a1[L],a1[L],a1[L],a1[L],a1[L],a1[L],a1[L],a1[L],a1[L],a1[L],a1[L],a1[L],a1[L],a1[L],a1[L],a1[L],a1[L],a1[L],a1[L],a1[L],a1[L],a1[L],a1[L],a1[L],a1[L],a1[L],a1[L],a1[L],a1[L],a1[L],a1[L],a1[L],a1[L],a1[L],a1[L],a1[L],a1[L],a1[L],a1[L],a1[L],a1[L],a1[L],a1[L],a1[L],a1[L],a1[L],a1[L],a1[L],a1[L],a1[L],a1[L],a1[L],a1[L],a1[L],a1[L],a1[L],a1[L],a1[L],a1[L],a1[L],a1[L],a1[L],a1[L],a1[L],a1[L],a1[L],a1[L],a1[L],a1[L],a1[L],a1[L],a1[L],a1[L],a1[L],a1[L],a1[L],a1[L],a1[L],a1[L],a1[L],a1[L],a1[L],a1[L],a1[L],a1[L],a1[L],a1[L],a1[L],a1[L],a1[L],a1[L],a1[L],a1[L],a1[L],a1[L],a1[L],a1[L],a1[L],a1[L],a1[L],a1[L],a1[L],a1[L],a1[L],a1[L],a1[L],a1[L],a1[L],a1[L],a1[L],a1[L],a1[L],a1[L],a1[L],a1[L],a1[L],a1[L],a1[L],a1[L],a1[L],a1[L],a1[L],a1[L],a1[L],a1[L],a1[L],a1[L],a1[L],a1[L],a1[L],a1[L],a1[L],a1[L],a1[L],a1[L],a1[L],a1[L],a1[L],a1[L],a1[L],a1[L],a1[L],a1[L],a1[L],a1[L],a1[L],a1[L],a1[L],a1[L],a1[L],a1[L],a1[L],a1[L],a1[L],a1[L],a1[L],a1[L],a1[L],a1[L],a1[L],a1[L],a1[L],a1[L],a1[L],a1[L],a1[L],a1[L],a1[L],a1[L],a1[L],a1[L],a1[L],a1[L],a1[L],a1[L],a1[L],a1[L],a1[L],a1[L],a1[L],a1[L],a1[L],a1[L],a1[L],a1[L],a1[L],a1[L],a1[L],a1[L],a1[L],a1[L],a1[L],a1[L],a1[L],a1[L],a1[L],a1[L],a1[L],a1[L],a1[L],a1[L],a1[L],a1[L],a1[L],a1[L],a1[L],a1[L],a1[L],a1[L],a1[L],a1[L],a1[L],a1[L],a1[L],a1[L],a1[L],a1[L],a1[L],a1[L],a1[L],a1[L],a1[L],a1[L],a1[L],a1[L],a1[L],a1[L],a1[L],a1[L],a1[L],a1[L],a1[L],a1[L],a1[L],a1[L],a1[L],a1[L],a1[L],a1[L],a1[L],a1[L],a1[L],a1[L],a1[L],a1[L],a1[L],a1[L],a1[L],a1[L],a1[L],a1[L],a1[L],a1[L],a1[L],a1[L],a1[L],a1[L],a1[L],a1[L],a1[L],a1[L],a1[L],a1[L],a1[L],a1[L],a1[L],a1[L],a1[L],a1[L],a1[L],a1[L],a1[L],a1[L],a1[L],a1[L],a1[L],a1[L],a1[L],a1[L],a1[L],a1[L],a1[L],a1[L],a1[L],a1[L],a1[L],a1[L],a1[L],a1[L],a1[L],a1[L],a1[L],a1[L],a1[L],a1[L],a1[L],a1[L],a1[L],a1[L],a1[L],a1[L],a1[L],a1[L],a1[L],a1[L],a1[L],a1[L],a1[L],a1[L],a1[L],a1[L],a1[L],a1[L],a1[L],a1[L],a1[L],a1[L],a1[L],a1[L],a1[L],a1[L],a1[L],a1[L],a1[L],a1[L],a1[L],a1[L],a1[L],a1[L],a1[L],a1[L],a1[L],a1[L],a1[L],a1[L],a1[L],a1[L],a1[L],a1[L],a1[L],a1[L],a1[L],a1[L],a1[L],a1[L],a1[L],a1[L],a1[L],a1[L],a1[L],a1[L],a1[L],a1[L],a1[L],a1[L],a1[L],a1[L],a1[L],a1[L],a1[L],a1[L],a1[L],a1[L],a1[L],a1[L],a1[L],a1[L],a1[L],a1[L],a1[L],a1[L],a1[L],a1[L],a1[L],a1[L],a1[L],a1[L],a1[L],a1[L],a1[L],a1[L],a1[L],a1[L],a1[L],a1[L],a1[L],a1[L],a1[L],a1[L],a1[L],a1[L],a1[L],a1[L],a1[L],a1[L],a1[L],a1[L],a1[L],a1[L],a1[L],a1[L],a1[L],a1[L],a1[L],a1[L],a1[L],a1[L],a1[L],a1[L],a1[L],a1[L],a1[L],a1[L],a1[L],a1[L],a1[L],a1[L],a1[L],a1[L],a1[L],a1[L],a1[L],a1[L],a1[L],a1[L],a1[L],a1[L],a1[L],a1[L],a1[L],a1[L],a1[L],a1[L],a1[L],a1[L],a1[L],a1[L],a1[L],a1[L],a1[L],a1[L],a1[L],a1[L],a1[L],a1[L],a1[L],a1[L],a1[L],a1[L],a1[L],a1[L],a1[L],a1[L],a1[L],a1[L],a1[L],a1[L],a1[L],a1[L],a1[L],a1[L],a1[L],a1[L],a1[L],a1[L],a1[L],a1[L],a1[L],a1[L],a1[L],a1[L],a1[L],a1[L],a1[L],a1[L],a1[L],a1[L],a1[L],a1[L],a1[L],a1[L],a1[L],a1[L],a1[L],a1[L],a1[L],a1[L],a1[L],a1[L],a1[L],a1[L],a1[L],a1[L],a1[L],a1[L],a1[L],a1[L],a1[L],a1[L],a1[L],a1[L],a1[L],a1[L],a1[L],a1[L],a1[L],a1[L],a1[L],a1[L],a1[L],a1[L],a1[L],a1[L],a1[L],a1[L],a1[L],a1[L],a1[L],a1[L],a1[L],a1[L],a1[L],a1[L],a1[L],a1[L],a1[L],a1[L],a1[L],a1[L],a1[L],a1[L],a1[L],a1[L],a1[L],a1[L],a1[L],a1[L],a1[L],a1[L],a1[L],a1[L],a1[L],a1[L],a1[L],a1[L],a1[L],a1[L],a1[L],a1[L],a1[L],a1[L],a1[L],a1[L],a1[L],a1[L],a1[L],a1[L],a1[L],a1[L],a1[L],a1[L],a1[L],a1[L],a1[L],a1[L],a1[L],a1[L],a1[L],a1[L],a1[L],a1[L],a1[L],a1[L],a1[L],a1[L],a1[L],a1[L],a1[L],a1[L],a1[L],a1[L],a1[L],a1[L],a1[L],a1[L],a1[L],a1[L],a1[L],a1[L],a1[L],a1[L],a1[L],a1[L],a1[L],a1[L],a1[L],a1[L],a1[L],a1[L],a1[L],a1[L],a1[L],a1[L],a1[L],a1[L],a1[L],a1[L],a1[L],a1[L],a1[L],a1[L],a1[L],a1[L],a1[L],a1[L],a1[L],a1[L],a1[L],a1[L],a1[L],a1[L],a1[L],a1[L],a1[L],a1[L],a1[L],a1[L],a1[L],a1[L],a1[L],a1[L],a1[L],a1[L],a1[L],a1[L],a1[L],a1[L],a1[L],a1[L],a1[L],a1[L],a1[L],a1[L],a1[L],a1[L],a1[L],a1[L],a1[L],a1[L],a1[L],a1[L],a1[L],a1[L],a1[L],a1[L],a1[L],a1[L],a1[L],a1[L],a1[L],a1[L],a1[L],a1[L],a1[L],a1[L],a1[L],a1[L],a1[L],a1[L],a1[L],a1[L],a1[L],a1[L],a1[L],a1[L],a1[L],a1[L],a1[L],a1[L],a1[L],a1[L],a1[L],a1[L],a1[L],a1[L],a1[L],a1[L],a1[L],a1[L],a1[L],a1[L],a1[L],a1[L],a1[L],a1[L],a1[L],a1[L],a1[L],a1[L],a1[L],a1[L],a1[L],a1[L],a1[L],a1[L],a1[L],a1[L],a1[L],a1[L],a1[L],a1[L],a1[L],a1[L],a1[L],a1[L],a1[L],a1[L],a1[L],a1[L],a1[L],a1[L],a1[L],a1[L],a1[L],a1[L],a1[L],a1[L],a1[L],a1[L],a1[L],a1[L],a1[L],a1[L],a1[L],a1[L],a1[L],a1[L],a1[L],"],"id":3}],"audition":{"end":[0,27],"start":[0,0]}}
