{"baseBpm":237,"musics":[{"bpm":237,"baseBeats":0.75,"scores":["TUV,S,mute[LM],TUV,S,mute[LM],TUV,SUV,TU,SV,mute[LM],TUV,S,mute[LM],TUV,S,mute[LM],TU,5<UV>,TU,mute[LM],TU,mute[LM],mute[LM],mute[LM],mute[LM],mute[LM],T,S,mute[LM],TUV,S,mute[LM],TUV,SUV,TU,SV,mute[LM],TUV,S,mute[LM],TU,mute[LM],mute[LM],mute[LM],mute[LM],mute[LM],mute[LM],5<UV>,TU,mute[LM],TU,TU,mute[LM],mute[LM],mute[LM],T,S,mute[LM],TUV,S,mute[LM],TUV,SUV,TU,SV,mute[LM],TUV,S,mute[LM],TUV,S,mute[LM],TU,5<UV>,TU,mute[LM],TU,mute[LM],mute[LM],mute[LM],mute[LM],mute[LM],T,S,mute[LM],TUV,S,mute[LM],","g1[KL],(c.#d.g.g1)[M],c2[J],c1[LM],(c.#d.g.#d1)[KL],(c.#d.g.#d1)[M],g1[J],c2[LM],(c.#d.g.#d2)[KL],(c.#d.g.#d2)[M],g2[JLM],(c.#d.g)[KL],(c.#d.g)[JM],#d2[LM],(c.#d.g.c2)[KL],(B-1.d.g.f2)[M],g2[J],f2[LM],(B-1.d.g.d2)[KL],(c.#d.g.#d2)[M],g2[J],#d2[LM],(c.#d.g.c2)[KL],(d.f.g.b1)[MN],c2[MN],b1[KL],c2[LM],(B-1.d.g.d2)[KL],(#g.g1)[LM],g[LM],f[LM],#d[LM],(d.g1)[LM],g[LM],(c.#d.g.g1)[M],c2[J],c1[LM],(c.#d.g.#d1)[KL],(c.#d.g.#d1)[M],g1[J],c2[LM],(c.#d.g.#d2)[KL],(c.#d.g.#d2)[M],g2[JLM],(c.#d.g)[KL],(c.#d.g)[JM],#d2[LM],(c.#d.g.c2)[KL],(c.#d.a.c2)[M],#d2[J],c2[LM],(c.#d.a.a1)[KL],(d.#f1)[LM],e[LM],#f[LM],(d.a1)[LM],(e.d2)[LM],#f[LM],(g.g1)[MN],(a.a1)[MN],(g.g1)[KL],(#f.#f1)[LM],(g.g1)[KL],(G-1.g)[KL],g[LM],f[LM],(#d.g1)[LM],d[LM],(c.#d.g.g1)[M],c2[J],c1[LM],(c.#d.g.#d1)[KL],(c.#d.g.#d1)[M],g1[J],c2[LM],(c.#d.g.#d2)[KL],(c.#d.g.#d2)[M],g2[JLM],(c.#d.g)[KL],(c.#d.g)[JM],#d2[LM],(c.#d.g.c2)[KL],(B-1.d.g.f2)[M],g2[J],f2[LM],(B-1.d.g.d2)[KL],(c.#d.g.#d2)[M],g2[J],#d2[LM],(c.#d.g.c2)[KL],(d.f.g.b1)[MN],c2[MN],b1[KL],c2[LM],(B-1.d.g.d2)[KL],(#g.g1)[LM],g[LM],f[LM],#d[LM],(d.g1)[LM],g[LM],(c.#d.g.g1)[M],c2[J],c1[LM],(c.#d.g.#d1)[KL],(c.#d.g.#d1)[M],g1[J],c2[LM],"],"id":1},{"bpm":237,"baseBeats":0.75,"scores":["TUV,SUV,TU,SV,mute[LM],TUV,S,mute[LM],TU,mute[LM],mute[LM],mute[LM],mute[LM],mute[LM],mute[LM],5<UV>,TU,mute[LM],TU,TU,mute[LM],mute[LM],mute[LM],mute[LM],5<UV>,SV,TU,ST,TU,5<UV>,TU,mute[LM],TU,TU,mute[LM],mute[LM],mute[LM],mute[LM],5<UV>,SV,TU,ST,TU,5<UV>,TU,mute[LM],TU,TU,mute[LM],mute[LM],mute[LM],T,S,mute[LM],TUV,S,mute[LM],TUV,SUV,TU,TU,mute[LM],mute[LM],TU,SV,mute[LM],TU,SV,mute[LM],TU,5<UV>,TU,mute[LM],TU,mute[LM],mute[LM],mute[LM],mute[LM],mute[LM],mute[LM],5<UV>,SV,TU,ST,TU,5<UV>,TU,","(c.#d.g.#d2)[KL],(c.#d.g.#d2)[M],g2[JLM],(c.#d.g)[KL],(c.#d.g)[JM],#d2[LM],(c.#d.g.c2)[KL],(c.#d.a.c2)[M],#d2[J],c2[LM],(c.#d.a.a1)[KL],(d.#f1)[LM],e[LM],#f[LM],(d.a1)[LM],(e.d2)[LM],#f[LM],(g.g1)[MN],(a.a1)[MN],(g.g1)[KL],(#f.#f1)[LM],(g.g1)[KL],(G-1.g)[KL],#a[LM],#g[LM],(g.g2)[LM],f[LM],(e.g.#a.g2)[MN],#g2[MN],#a2[JM],(e.g.#a.c1)[KL],(e.g.#a.c1)[JK],(e.g.c1.g2)[KL],(f.#g.c1.#g2)[MN],#a2[MN],#g2[KL],g2[LM],(f.#g.c1.#g2)[KL],(f.#g.f2)[KL],f[LM],#d[LM],(d.f2)[LM],c[LM],(B-1.d.f.d2)[MN],#d2[MN],f2[JM],(B-1.d.f.g)[KL],(d.B-1.f.g)[JK],(B-1.d.g.d2)[KL],(c.#d.g.#d2)[MN],f2[MN],#d2[KL],d2[LM],(c.#d.g.#d2)[KL],(#g.c2)[KL],g[LM],f[LM],(#d.g1)[LM],d[LM],(c.#d.g.g1)[M],c2[J],c1[LM],(c.#d.g.#d1)[KL],(c.#d.g.#d1)[M],g1[J],c2[LM],(c.#d.g.#d2)[KL],(c.#d.a.#d2)[M],g2[JLM],(d.f.b)[KL],(d.f.b)[KL],(#d.g.c1)[LM],#d2[LM],(e.g.c1.c2)[KL],(f.#g.c1.#g2.c2)[JM],f2[LM],(f.#g.#c1.#c2)[KL],(g.b.b1)[JM],d2[LM],(g.b.g2)[KL],(c1.c2)[MN],(d1.d2)[MN],(c1.c2)[KL],(b.b1)[LM],(c1.c2)[KL],(c.c1)[LM],c1[LM],#a[LM],#g[LM],(g.#a1.g2)[LM],f[LM],(e.g.#a.g2)[MN],#g2[MN],#a2[JM],(e.g.#a.c1)[KL],(e.g.#a.c1)[JK],(e.g.c1.g2)[KL],(f.#g.c1.#g2)[MN],#a2[MN],#g2[KL],"],"id":2},{"bpm":237,"baseBeats":0.75,"scores":["UV,TU,TU,mute[LM],mute[LM],mute[LM],mute[LM],5<UV>,SV,TU,ST,TU,5<UV>,TU,mute[LM],TU,TU,mute[LM],mute[LM],mute[LM],T,S,mute[LM],TUV,S,mute[LM],TUV,SUV,TU,TU,mute[LM],mute[LM],TU,SV,mute[LM],TU,SV,mute[LM],TU,5<UV>,TUV,mute[LM],TU,RT,5<UV>,TUV,T,TUV,RTU,5<UV>,TUV,T,TUV,QRUV,mute[LM],mute[LM],mute[LM],mute[LM],5<UV>,SV,TUW,STW,TUV,5<UV>,TU,mute[LM],TUW,SUVW,5<UV>,TW,STW,TUW,STW,TUW,5<UV>,TUV,mute[LM],TUW,STV,TUW,5<UV>,TUW,T,TUV,STVW,TUVW,5<UV>,TUV,T,SV,5<UV>,SV,T,SV,RV,","g2[LM],(f.#g.c1.#g2)[KL],(f.#g.f2)[KL],f[LM],#d[LM],(d.f2)[LM],c[LM],(B-1.d.f.d2)[MN],#d2[MN],f2[JM],(B-1.d.f.g)[KL],(d.B-1.f.g)[JK],(B-1.d.g.d2)[KL],(c.#d.g.#d2)[MN],f2[MN],#d2[KL],d2[LM],(c.#d.g.#d2)[KL],(#g.c2)[KL],g[LM],f[LM],(#d.g1)[LM],d[LM],(c.#d.g.g1)[M],c2[J],c1[LM],(c.#d.g.#d1)[KL],(c.#d.g.#d1)[M],g1[J],c2[LM],(c.#d.g.#d2)[KL],(c.#d.a.#d2)[M],g2[JLM],(d.f.b)[KL],(d.f.b)[KL],(#d.g.c1)[LM],#d2[LM],(e.g.c1.c2)[KL],(f.#g.c1.#g2.c2)[JM],f2[LM],(f.#g.#c1.#c2)[KL],(g.b.b1)[JM],d2[LM],(g.b.g2)[KL],(c1.c2)[MN],(d1.d2)[MN],(c1.c2)[KLN],(b.b1)[LMN],(c1.c2)[KL],(c.c1)[IK],(#g.c1.f2)[MN],g2[MN],f2[KLM],#d2[K],(#g.c1.f2)[KLM],(#g.c1.f1)[IKL],(f.c1.f1.#g2)[MN],#a2[MN],#g2[KLM],g2[K],(f.c1.f1.#g2)[KLM],(f.c1.f1.#g1)[HIMN],f1[LMN],#d1[LM],(d1.f3)[LMN],c1[LM],(b.d1.g1.d3)[MN],#d3[L],f3[JM],(b.d1.f1.g1)[KLN],(b.d1.g1)[JKN],(b.d1.g1.d3)[KLN],(c1.#d1.g1.#d3)[MN],f3[L],#d3[KL],d3[LM],(c1.#d1.g1.#d3)[KLN],(c1.#d1.g1.c3)[JKN],(#d.c2)[L],(d.d2)[LN],(c.#d2)[L],(B-1.#g1.d2.f2)[JKN],(B-1.d.f.g)[KLN],(B-1.d.f.g)[JKN],(B-1.d.g.d2)[KLN],(c.#d.g.#d2)[MN],f2[MN],#d2[KLN],d2[LMN],(c.#d.g.#d2)[KLN],(c.#d.g.c2)[JKM],(B-1.d.g.g2)[KLN],(c.#d.g.#d2)[MN],f2[MN],#d2[KLN],d2[K],(c.#d.g.#d2)[KLM],(c.#d.g.c2)[JKMN],(B-1.d.g.g3)[KLM],(c.#d.g.#d3)[L],f3[MN],#d3[KLM],d3[K],(c.#d.g.#d3)[J],(c1.c3)[L],(d1.d3)[L],(c1.c3)[JM],(b.b2)[K],(c1.c3)[JM],(c.c2)[IM],"],"id":3}],"audition":{"start":[0,0],"end":[1,0]}}