{"baseBpm":330,"musics":[{"bpm":330,"baseBeats":0.75,"scores":["(C-1.e1.g1)[JM],a1[LM],(c.g1)[JK],(E-1.c1.#g1)[JK],(F-1.a1)[JK],(f.d1)[JK],(d.#F-1.#a1)[JK],(G-1.b1)[JM],e1[LM],f1[JK],(A-1.#c2)[KL],#A-1[KL],(B-1.d2)[KL],e[KL],(G-1.f)[KL],g[KL],(g.c.e1.c2)[JK],e2[JM],#f1[LM],g1[JM],a[LM],(b.B-1.d2)[JK],(d.#f2)[JM],#f1[LM],(#d.g1)[JM],c1[LM],(b.e.g2)[JK],(c1.c.e2)[KL],#f1[KL],(g1.e1)[KL],#g1[KL],(B-1.d2)[JKN],(A-1.a1.d2)[KLN],(c.c2.e1)[KLM],(a.d.#f1)[KLN],(#f.a1)[KLMN],(g.d1.b.g1)[JKLN],(C-1.e1.g1)[JMN],a1[LM],(c.g1)[JK],(E-1.c1.#g1)[JK],(F-1.a1)[JK],(f.d1)[JK],(d.#F-1.#a1)[JK],(G-1.b1)[JM],e1[LM],f1[JK],(A-1.#c2)[KL],#A-1[KL],(B-1.d2)[KL],e[KL],(G-1.f)[KL],g[KL],(g.c.e1.c2)[JK],e2[JM],#f1[LM],g1[JM],a[LM],(b.B-1.d2)[JK],(d.#f2)[JM],#f1[LM],(#d.g1)[JM],"],"id":1},{"bpm":330,"baseBeats":0.75,"scores":["c1[LM],(b.e.g2)[JK],(c1.c.e2)[KL],#f1[KL],(g1.e1)[KL],#g1[KL],(B-1.d2)[JKM],(A-1.a1.d2)[KLN],(c.c2.e1)[KLN],(a.d.#f1)[KLM],(#f.a1)[J],(g.d1.b.g1)[JKLM],(#a.#a1)[HK],(#a.d1.d2)[JK],(#a.d1.f2)[JK],(#a.d1.d2.f1)[JK],(a.c1.c2)[JK],d2[JK],(g.#a.d1.#a1)[JK],e1[JK],(e.g)[JK],(f.a.f1.a1)[KL],(B-1.#g.f1.d2)[KL],(#g.B-1.f1.d2)[IL],g[KL],d[KL],e[KL],(f.#g2)[IL],g2[KL],(c.e.c2)[KL],e2[KL],(a.g1)[IL],g[KL],d[KL],e[KL],(f.a2)[JK],d[KL],g2[KL],(c.#d.#f2)[KL],g2[KL],(c.e.g2)[KL],(d.f)[KL],(e.g.g1)[KL],(f.a.f2)[KL],(g.b.e2)[KL],(a.c1)[KL],(b.d1.e2)[KL],(c1.e1)[KL],(d1.f1.g1)[KL],(e1.g1.c2)[KL],(d1.g1.f1)[KL],(#c1.e1)[KL],(d1.g1)[KL],a1[KL],(g.b1)[KL],(e1.g1.a1)[KL],(g.d1.f1.b1)[KL],(c1.e1.c2)[KL],(g.b.d2)[KL],(a.e2)[KL],"],"id":2},{"bpm":330,"baseBeats":0.75,"scores":["(G-1.g.d2.f2)[KL],(f.d1.b1)[KLN],(e.c.c2.c1)[JKMN],(#a.#a1)[HK],(#a.d1.d2)[JK],(#a.d1.f2)[JK],(#a.d1.d2.f1)[JK],(a.c1.c2)[JK],d2[JK],(g.#a.d1.#a1)[JK],e1[JK],(e.g)[JK],(f.a.f1.a1)[KL],(B-1.#g.f1.d2)[KL],(#g.B-1.f1.d2)[IL],g[KL],d[KL],e[KL],(f.#g2)[IL],g2[KL],(c.e.c2)[KL],e2[KL],(a.g1)[IL],g[KL],d[KL],e[KL],(f.a2)[JK],d[KL],g2[KL],(c.#d.#f2)[KL],g2[KL],(c.e.g2)[KL],(d.f)[KL],(e.g.g1)[KL],(f.a.f2)[KL],(g.b.e2)[KL],(a.c1)[KL],(b.d1.e2)[KL],(c1.e1)[KL],(d1.f1.g1)[KL],(e1.g1.c2)[KL],(d1.g1.f1)[KL],(#c1.e1)[KL],(d1.g1)[KL],a1[KL],(g.b1)[KL],(e1.g1.a1)[KL],(g.d1.f1.b1)[KL],(c1.e1.c2)[KL],(g.b.d2)[KLN],(a.e2)[KLN],(G-1.g.d2.f2)[KLMN],(f.d1.b1)[JMN],(e.c.c2.c1)[ILN],"],"id":3}],"audition":{"start":[0,0],"end":[1,0]}}