{"baseBpm":450,"musics":[{"bpm":450,"baseBeats":0.75,"scores":["A-1[KL],b[KL],(a1.c1.a)[KL],e1[KL],(c2.c1.a)[KL],a1[KL],(e2.A-1)[KL],c2[KL],(a2.c1.a)[KL],e2[KL],(c3.c1.a)[JK],d[JK],(f2.d1.#a)[JK],(#a2.d1.#a)[JK],(a2.b1.d2.e)[JK],(d1.b)[JK],(#g2.d1.b)[JK],A-1[KL],b[KL],(a1.c1.a)[KL],e1[KL],(c2.c1.a)[KL],a1[KL],(e2.A-1)[KL],c2[KL],(a2.c1.a)[KL],e2[KL],(c3.c1.a)[JK],d[JK],(#a2.d1.#a)[JK],(b1.d2.#g2.e.d1.b)[JK],(a1.c2.a2.A-1.a)[HK],A-1[KL],b[KL],(a1.c1.a)[KL],e1[KL],(c2.c1.a)[KL],a1[KL],(e2.A-1)[KL],c2[KL],(a2.c1.a)[KL],e2[KL],(c3.c1.a)[JK],d[JK],(f2.d1.#a)[JK],(#a2.d1.#a)[JK],(a2.b1.d2.e)[JK],(d1.b)[JK],(#g2.d1.b)[JK],A-1[KL],b[KL],(a1.c1.a)[KL],e1[KL],(c2.c1.a)[KL],a1[KL],(e2.A-1)[KL],c2[KL],(a2.c1.a)[KL],e2[KL],(c3.c1.a)[JK],d[JK],(#a2.d1.#a)[JKN],(b1.d2.#g2.e.d1.b)[JKN],"],"id":1},{"bpm":450,"baseBeats":0.75,"scores":["(a1.c2.a2.A-1.a)[HKLM],e[KL],e2[KL],(b2.b.#g)[KL],#g2[KL],(e3.b.#g)[JK],e[KL],e2[KL],(c3.c1.a)[KL],a2[KL],(e3.c1.a)[JK],e[KL],e2[KL],(b2.b.#g)[KLN],#g2[KL],(e3.b.#g)[JKN],e[KLN],e2[KLN],(c3.c1.a)[KLM],a2[KLM],(e3.#g.b)[HIJK],A-1[KLM],b[KL],(a1.c1.a)[KL],e1[KL],(c2.c1.a)[KL],a1[KL],(e2.A-1)[KL],c2[KL],(a2.c1.a)[KL],e2[KL],(c3.c1.a)[JK],d[JK],(f2.d1.#a)[JK],(#a2.d1.#a)[JK],(a2.b1.d2.e)[JK],(d1.b)[JK],(#g2.d1.b)[JK],A-1[KL],b[KL],(a1.c1.a)[KL],e1[KL],(c2.c1.a)[KL],a1[KL],(e2.A-1)[KL],c2[KL],(a2.c1.a)[KL],e2[KL],(c3.c1.a)[JK],d[JK],(#a2.d1.#a)[JKN],(b1.d2.#g2.e.d1.b)[JKM],"],"id":2},{"bpm":450,"baseBeats":0.75,"scores":["(a1.c2.a2.A-1.a)[HKLN],e[KL],e2[KL],(b2.b.#g)[KL],#g2[KL],(e3.b.#g)[JK],e[KL],e2[KL],(c3.c1.a)[KL],a2[KL],(e3.c1.a)[JK],e[KL],e2[KLN],(b2.b.#g)[KL],#g2[KLN],(e3.b.#g)[JK],e[KLN],e2[KLN],(c3.c1.a)[KLM],a2[KLMN],(e3.#g.b)[HIJK],A-1[KLN],b[KLN],(a1.c1.a)[KL],e1[KL],(c2.c1.a)[KL],a1[KL],(e2.A-1)[KL],c2[KL],(a2.c1.a)[KL],e2[KL],(c3.c1.a)[JK],d[JK],(f2.d1.#a)[JK],(#a2.d1.#a)[JK],(a2.b1.d2.e)[JK],(d1.b)[JK],(#g2.d1.b)[JK],A-1[KL],b[KL],(a1.c1.a)[KL],e1[KL],(c2.c1.a)[KL],a1[KL],(e2.A-1)[KL],c2[KL],(a2.c1.a)[KL],e2[KL],(c3.c1.a)[JK],d[JK],(#a2.d1.#a)[JKMN],(b1.d2.#g2.e.d1.b)[IL],(a1.c2.a2.A-1.a)[HK],"],"id":3}],"audition":{"start":[0,0],"end":[1,0]}}