{"baseBpm":630,"musics":[{"bpm":630,"baseBeats":1.5,"scores":["e2[KL],c2[KL],(c.d.f.b1)[KL],d2[KL],f2[KL],a2[KL],g2[KL],f2[KL],(c.e.g.e2)[KL],g2[KL],f2[KL],e2[KL],d2[KL],c2[KL],(c.f.g.b1)[KL],a1[KL],g1[KL],f1[KL],e1[KL],d1[KL],(c.e.g.c1)[KL],e1[KL],g1[KL],c2[KL],e2[KL],c2[KL],(c.d.f.b1)[KL],d2[KL],f2[KL],a2[KL],g2[KL],f2[KL],(c.e.g.e2)[KL],g2[KL],f2[KL],e2[KL],d2[KL],c2[KL],(c.f.g.b1)[KL],a1[KL],g1[KL],f1[KL],e1[KL],d1[KL],(c.e.g.c1)[IJ],e2[KL],c2[KL],(c.d.f.b1)[KL],d2[KL],f2[KL],a2[KL],g2[KL],f2[KL],(c.e.g.e2)[KL],g2[KL],f2[KL],e2[KL],d2[KL],c2[KL],(c.f.g.b1)[KL],a1[KL],g1[KL],f1[KL],e1[KL],d1[KL],(c.e.g.c1)[KL],e1[KL],g1[KL],c2[KL],e2[KL],c2[KL],(c.d.f.b1)[KL],d2[KL],f2[KL],a2[KL],g2[KL],f2[KL],(c.e.g.e2)[KL],g2[KL],f2[KL],e2[KL],d2[KL],c2[KL],(c.f.g.b1)[KL],a1[KL],g1[KL],f1[KLN],e1[KLN],d1[KLM],(c.e.g.c1)[IJLN],g1[KL],#f1[KL],(d.B-1.g.g1)[KL],b1[KL],(d.B-1.g.d2)[KL],b1[KL],g1[KL],#f1[KL],(c.e.g.g1)[KL],c2[KL],(c.e.g.e2)[KL],c2[KL],b1[KL],#a1[KL],(d.f.b.b1)[KL],d2[KL],(d.f.b.f2)[KL],d2[KL],c2[KL],b1[KL],(e.g.c1.c2)[KL],e2[KL],(e.g.c1.g2)[KL],e2[KL],(f.a.c1.c2)[KL],a2[KL],(f.a.c1.c2)[KL],a2[KL],(f.b.d1.d2)[KL],b2[KL],(#d1.c1.#f.#d2)[KL],c3[KL],(#d1.c1.#f.b2)[KL],c3[KL],(#d1.c1.#f.b2)[KL],c3[KL],(#d1.c1.#f.b2)[KL],c3[KL],(e1.c1.g.b2)[KL],c3[KL],(e1.c1.g.b2)[KL],c3[KL],(f1.d1.g.d3)[KL],b2[KL],(e1.c1.c3)[IJ],g1[KL],#f1[KL],(d.B-1.g.g1)[KL],b1[KL],(d.B-1.g.d2)[KL],b1[KL],g1[KL],#f1[KL],(c.e.g.g1)[KL],c2[KL],(c.e.g.e2)[KL],c2[KL],b1[KL],#a1[KL],(d.f.b.b1)[KL],d2[KL],(d.f.b.f2)[KL],d2[KL],c2[KL],b1[KL],(e.g.c1.c2)[KL],e2[KL],(e.g.c1.g2)[KL],e2[KL],(f.a.c1.c2)[KL],a2[KL],(f.a.c1.c2)[KL],a2[KL],(f.b.d1.d2)[KL],"],"id":1},{"bpm":630,"baseBeats":1.5,"scores":["b2[KL],(#d1.c1.#f.#d2)[KL],c3[KL],(#d1.c1.#f.b2)[KL],c3[KL],(#d1.c1.#f.b2)[KL],c3[KL],(#d1.c1.#f.b2)[KL],c3[KL],(e1.c1.g.b2)[KL],c3[KL],(e1.c1.g.b2)[KL],c3[KLN],(f1.d1.g.d3)[KLN],b2[KLN],(e1.c1.c3)[IJLM],(c.c1)[JK],(B-1.b)[JK],(c.c1)[JK],(A-1.a)[JKN],(G-1.g)[IJM],(c.c1)[JKN],(B-1.b)[KL],(c.c1)[KL],(d.d1)[KL],(c.c1)[KL],(B-1.b)[KLN],(A-1.a)[KLN],(G-1.g)[IJ],g2[JK],(g.f2.g2)[JK],(a.f2.g2)[JK],(b.f2.g2)[JK],(c1.g2.e2)[JK],d1[KL],(d2.f2)[KL],(e1.c2.e2)[JK],(f.f1.a1.d2)[JK],f2[KL],d2[KLN],(d1.g.f1.b1)[JKN],(c.c1.e1.c2)[IJM],(c.c1)[JK],(B-1.b)[JK],(c.c1)[JK],(A-1.a)[JKM],(G-1.g)[IJM],(c.c1)[JK],(B-1.b)[KL],(c.c1)[KL],(d.d1)[KL],(c.c1)[KL],(B-1.b)[KL],(A-1.a)[KLN],(G-1.g)[IJMN],g2[JK],(g.f2.g2)[JK],(a.f2.g2)[JK],(b.f2.g2)[JK],(c1.g2.e2)[JK],d1[KL],(d2.f2)[KL],(e1.c2.e2)[JK],(f.f1.a1.d2)[JK],f2[KL],d2[KLN],(d1.g.f1.b1)[JKM],(c.c1.e1.c2)[IJLN],(G-1.G-2.g)[KL],g1[KL],(#G-1.#G-2.#g)[KL],#g1[KL],#g[KL],#g1[KL],(G-1.G-2.g)[KL],g1[KL],(#G-1.#G-2.#g)[KL],#g1[KL],#g[KL],#g1[KL],(G-1.G-2.g)[KL],g1[KL],(#G-1.#G-2.#g)[KL],#g1[KL],#g[KL],#g1[KL],(G-1.G-2.g)[KL],g1[KL],(#G-1.#G-2.#g)[KL],#g1[KL],(c.c1)[KL],c2[KL],(#F-1.#f1)[JK],(G-1.g1)[JK],(f1.d1.d2)[KL],b1[KL],(f1.d1.g1)[JK],(g.c2)[JK],(e1.c1.e2)[JK],(c1.e1.g2)[JK],(g.b1)[JK],(f1.d1.d2)[KL],b1[KL],(f1.d1.g1)[JK],(c1.e1.c2)[IJ],(G-1.G-2.g)[KL],g1[KL],(#G-1.#G-2.#g)[KL],#g1[KL],#g[KL],#g1[KL],(G-1.G-2.g)[KL],g1[KL],(#G-1.#G-2.#g)[KL],#g1[KL],#g[KL],#g1[KL],(G-1.G-2.g)[KL],g1[KL],(#G-1.#G-2.#g)[KL],#g1[KL],#g[KL],#g1[KL],(G-1.G-2.g)[KL],g1[KL],(#G-1.#G-2.#g)[KL],#g1[KL],(c.c1)[KL],c2[KL],(#F-1.#f1)[JK],(G-1.g1)[JK],"],"id":2},{"bpm":630,"baseBeats":1.5,"scores":["(f1.d1.d2)[KL],b1[KL],(f1.d1.g1)[JK],(g.c2)[JK],(e1.c1.e2)[JK],(c1.e1.g2)[JK],(g.b1)[JKM],(f1.d1.d2)[KLN],b1[KLN],(f1.d1.g1)[JKL],(c1.e1.c2)[IJK],e2[KL],c2[KL],(c.d.f.b1)[KL],d2[KL],f2[KL],a2[KL],g2[KL],f2[KL],(c.e.g.e2)[KL],g2[KL],f2[KL],e2[KL],d2[KL],c2[KL],(c.f.g.b1)[KL],a1[KL],g1[KL],f1[KL],e1[KL],d1[KL],(c.e.g.c1)[KL],e1[KL],g1[KL],c2[KL],e2[KL],c2[KL],(c.d.f.b1)[KL],d2[KL],f2[KL],a2[KL],g2[KL],f2[KL],(c.e.g.e2)[KL],g2[KL],f2[KL],e2[KL],d2[KL],c2[KL],(c.f.g.b1)[KL],a1[KL],g1[KL],f1[KL],e1[KL],d1[KL],(c.e.g.c1)[IJ],g1[KL],#f1[KL],(d.B-1.g.g1)[KL],b1[KL],(d.B-1.g.d2)[KL],b1[KL],g1[KL],#f1[KL],(c.e.g.g1)[KL],c2[KL],(c.e.g.e2)[KL],c2[KL],b1[KL],#a1[KL],(d.f.b.b1)[KL],d2[KL],(d.f.b.f2)[KL],d2[KL],c2[KL],b1[KL],(e.g.c1.c2)[KL],e2[KL],(e.g.c1.g2)[KL],e2[KL],(f.a.c1.c2)[KL],a2[KL],(f.a.c1.c2)[KL],a2[KL],(f.b.d1.d2)[KL],b2[KL],(#d1.c1.#f.#d2)[KL],c3[KL],(#d1.c1.#f.b2)[KL],c3[KL],(#d1.c1.#f.b2)[KL],c3[KL],(#d1.c1.#f.b2)[KL],c3[KL],(e1.c1.g.b2)[KL],c3[KL],(e1.c1.g.b2)[KL],c3[KL],(f1.d1.g.d3)[KL],b2[KL],(e1.c1.c3)[IJ],g1[KL],#f1[KL],(d.B-1.g.g1)[KL],b1[KL],(d.B-1.g.d2)[KL],b1[KL],g1[KL],#f1[KL],(c.e.g.g1)[KL],c2[KL],(c.e.g.e2)[KL],c2[KL],b1[KL],#a1[KL],(d.f.b.b1)[KL],d2[KL],(d.f.b.f2)[KL],d2[KL],c2[KL],b1[KL],(e.g.c1.c2)[KL],e2[KL],(e.g.c1.g2)[KL],e2[KL],(f.a.c1.c2)[KL],a2[KL],(f.a.c1.c2)[KL],a2[KL],(f.b.d1.d2)[KL],b2[KL],(#d1.c1.#f.#d2)[KL],c3[KL],(#d1.c1.#f.b2)[KL],c3[KL],(#d1.c1.#f.b2)[KL],c3[KL],(#d1.c1.#f.b2)[KL],c3[KLN],(e1.c1.g.b2)[KLN],c3[KLM],(e1.c1.g.b2)[KLM],c3[KLM],(f1.d1.g.d3)[J],b2[JM],(e1.c1.c3)[HLMN],"],"id":3}],"audition":{"start":[0,0],"end":[1,0]}}