{"baseBpm":540,"musics":[{"bpm":540,"baseBeats":1.5,"scores":["ST,ST,ST,ST,ST,mute[KL],mute[KL],ST,ST,ST,ST,ST,ST,ST,ST,ST,ST,ST,mute[KL],mute[KL],STW,mute[KL],mute[KL],mute[KL],mute[KL],mute[KL],mute[KL],STV,STV,STV,ST,ST,ST,ST,mute[KL],mute[KL],ST,ST,ST,ST,ST,ST,ST,ST,ST,ST,ST,mute[KL],mute[KL],STV,mute[KL],mute[KL],mute[KL],mute[KL],mute[KL],mute[KL],STVW,STVW,mute[KL],mute[KL],mute[KL],mute[KL],mute[KL],mute[KL],mute[KL],mute[KL],mute[KL],mute[KL],mute[KL],mute[KL],mute[KL],mute[KL],mute[KL],mute[KL],mute[KL],mute[KL],mute[KL],mute[KL],mute[KL],mute[KL],mute[KL],mute[KL],mute[KL],mute[KL],mute[KL],mute[KL],mute[KL],mute[KL],mute[KL],mute[KL],mute[KL],mute[KL],mute[KL],mute[KL],mute[KL],mute[KL],mute[KL],mute[KL],mute[KL],mute[KL],mute[KL],mute[KL],RS,mute[KL],mute[KL],mute[KL],mute[KL],mute[KL],mute[KL],mute[KL],mute[KL],mute[KL],mute[KL],mute[KL],mute[KL],","e1[JK],(a1.a.#c1.e1)[JK],(#c2.a.#c1.e1)[JK],(e2.a.#c1.e1)[JK],(a2.a.#c1.e1)[JK],(b2.a.#c1.e1)[MN],a2[KN],#g2[KL],(a2.a.#c1.e1)[JK],(#c3.a.#c1.e1)[JK],(b2.a.#c1.e1)[JK],(a2.a.#c1.e1)[JK],(#g2.e.b.e1)[JK],(e2.e.b.e1)[JK],e1[JK],(a1.a.#c1.e1)[JK],(#c2.a.#c1.e1)[JK],(e2.a.#c1.e1)[JK],(a2.a.#c1.e1)[JK],(b2.a.#c1.e1)[MN],a2[KN],#g2[KL],(a2.a.#c1.e1)[JK],(#c3.a.#f1.#c1)[KL],b2[KL],(a2.a.#f1.#c1)[KL],#g2[KL],(#f2.a.#f1.#c1)[KL],e2[KLN],(a1.#d2.b)[JKM],(e2.#g1.e)[JKM],e1[JKM],(a1.a.#c1.e1)[JK],(#c2.a.#c1.e1)[JK],(e2.a.#c1.e1)[JK],(a2.a.#c1.e1)[JK],(b2.a.#c1.e1)[MN],a2[KN],#g2[KL],(a2.a.#c1.e1)[JK],(#c3.a.#c1.e1)[JK],(b2.a.#c1.e1)[JK],(a2.a.#c1.e1)[JK],(#g2.e.b.e1)[JK],(e2.e.b.e1)[JK],e1[JK],(a1.a.#c1.e1)[JK],(#c2.a.#c1.e1)[JK],(e2.a.#c1.e1)[JK],(a2.a.#c1.e1)[JK],(b2.a.#c1.e1)[MN],a2[KN],#g2[KL],(a2.a.#c1.e1)[JK],(#c3.a.#f1.#c1)[KL],b2[KL],(a2.a.#f1.#c1)[KL],#g2[KL],(#f2.a.#f1.#c1)[KLN],e2[KLN],(a1.#d2.b)[JKMN],(e2.#g1.e)[JKMN],#d2[KL],e2[KL],(#f2.#g)[KL],e2[KL],(d2.b)[KL],b1[KL],(#d2.e1)[KL],e2[KL],(#f2.a)[KL],e2[KL],(#c2.#c1)[KL],a1[KL],(#d2.e1)[KL],e2[KL],(#f2.#g)[KL],e2[KL],(d2.b)[KL],b1[KL],(#d2.e1)[KL],e2[KL],(#f2.a)[KL],e2[KL],(#c2.#c1)[KL],a1[KL],(f2.#c)[KL],#f2[KL],(#g2.b.#f.d)[KL],#f2[KL],(e2.d.#f.b)[KL],d2[KL],#c2[KL],d2[KL],(e2.b.#f.d)[KL],d2[KL],(#c2.d.#f.b)[KL],b1[KL],#a1[KL],b1[KL],(#c2.e.b.d1)[KL],b1[KL],(a1.d1.b.e)[KL],#g1[KL],(#f1.e.b.d1)[KL],e1[KL],(a1.#c1.a)[IJ],#d2[KL],e2[KL],(#f2.#g)[KL],e2[KL],(d2.b)[KL],b1[KL],(#d2.e1)[KL],e2[KL],(#f2.a)[KL],e2[KL],(#c2.#c1)[KL],a1[KL],"],"id":1},{"bpm":540,"baseBeats":1.5,"scores":["(#d2.e1)[KL],e2[KL],(#f2.#g)[KL],e2[KL],(d2.b)[KL],b1[KL],(#d2.e1)[KL],e2[KL],(#f2.a)[KL],e2[KL],(#c2.#c1)[KL],a1[KL],(f2.#c)[KL],#f2[KL],(#g2.b.#f.d)[KL],#f2[KL],(e2.d.#f.b)[KL],d2[KL],#c2[KL],d2[KL],(e2.b.#f.d)[KL],d2[KL],(#c2.d.#f.b)[KL],b1[KL],#a1[KL],b1[KL],(#c2.e.b.d1)[KL],b1[KL],(a1.d1.b.e)[KLN],#g1[KL],(#f1.e.b.d1)[KLM],e1[KLN],(a1.#c1.a)[IJLM],(#c2.e2)[JK],(a1.#c2.a)[KL],#g[KL],a[KL],#g[KL],(b1.d2.a)[KL],#g[KL],(#c2.e2.a)[KL],#g[KL],(d2.#f2.a)[KL],#g[KL],(e2.#g2.a)[KL],#g[KL],(a2.#f2.a)[KL],#g[KL],(#f2.a2.a)[KL],#g[KL],(d2.#f2.a)[KL],#g[KL],(#c2.e2.a)[KL],#g[KL],a[KL],b[KL],#c1[KL],d1[KL],e1[JK],(b1.d2)[JK],(#g1.e2)[JK],a[JK],(a1.#c2)[JK],e2[JK],e[JK],(#g1.b1)[JK],e2[JK],(a1.A-1.a)[IJ],(#c2.e2)[JK],(a1.#c2.a)[KL],#g[KL],a[KL],#g[KL],(b1.d2.a)[KL],#g[KL],(#c2.e2.a)[KL],#g[KL],(d2.#f2.a)[KL],#g[KL],(e2.#g2.a)[KL],#g[KL],(a2.#f2.a)[KL],#g[KL],(#f2.a2.a)[KL],#g[KL],(d2.#f2.a)[KL],#g[KL],(#c2.e2.a)[KL],#g[KL],a[KL],b[KL],#c1[KL],d1[KL],e1[JK],(b1.d2)[JK],(#g1.e2)[JK],a[JK],(a1.#c2)[JK],e2[JK],e[JKN],(#g1.b1)[JKN],e2[JKMN],(a1.A-1.a)[IJLM],(#g1.b1)[JK],(a1.#c2.a)[JK],(d2.#f2.#g)[JK],(#c2.e2.a)[JK],(#g1.b1.e)[KL],#c2[KL],d2[KL],#c2[KL],d2[KL],b1[KL],(a1.#c2.a)[JK],(d2.#f2.#g)[JK],(#c2.e2.a)[JK],(#g1.b1.e)[KL],#c2[KL],d2[KL],#c2[KL],d2[KL],b1[KL],(#c2.a)[JK],(a1.#c2)[JK],e2[JK],d[JK],(b1.d2)[JK],#f2[JK],e[JK],(#g1.b1)[JKM],e2[JKM],(a1.A-1.a)[IJLM],(#g1.b1)[JK],(a1.#c2.a)[JK],(d2.#f2.#g)[JK],(#c2.e2.a)[JK],(#g1.b1.e)[KL],#c2[KL],d2[KL],#c2[KL],d2[KL],b1[KL],(a1.#c2.a)[JK],(d2.#f2.#g)[JK],"],"id":2},{"bpm":540,"baseBeats":1.5,"scores":["ST,mute[KL],mute[KL],mute[KL],mute[KL],mute[KL],mute[KL],ST,ST,ST,ST,ST,ST,STV,STV,STV,RSUV,ST,ST,ST,ST,ST,5<TU>,mute[KL],ST,ST,ST,ST,ST,ST,ST,ST,ST,ST,ST,5<TU>,mute[KL],STV,mute[KL],mute[KL],mute[KL],mute[KL],mute[KL],mute[KL],STV,STV,mute[KL],mute[KL],mute[KL],mute[KL],mute[KL],mute[KL],mute[KL],mute[KL],mute[KL],mute[KL],mute[KL],mute[KL],mute[KL],mute[KL],mute[KL],mute[KL],mute[KL],mute[KL],mute[KL],mute[KL],mute[KL],mute[KL],mute[KL],mute[KL],mute[KL],mute[KL],mute[KL],mute[KL],mute[KL],mute[KL],mute[KL],mute[KL],mute[KL],mute[KL],mute[KL],mute[KL],mute[KL],mute[KL],mute[KL],mute[KL],mute[KL],mute[KL],mute[KL],mute[KL],RSU,mute[KL],mute[KL],mute[KL],mute[KL],mute[KL],mute[KL],mute[KL],mute[KL],mute[KL],mute[KL],mute[KL],mute[KL],mute[KL],mute[KL],mute[KL],mute[KL],mute[KL],mute[KL],mute[KL],mute[KL],mute[KL],mute[KL],mute[KL],mute[KL],mute[KL],mute[KL],mute[KL],mute[KL],mute[KL],mute[KL],mute[KL],mute[KL],mute[KL],mute[KL],mute[KL],mute[KL],mute[KL],mute[KL],mute[KL],mute[KL],mute[KL],mute[KL],SW,mute[KL],RSTW,","(#c2.e2.a)[JK],(#g1.b1.e)[KL],#c2[KL],d2[KL],#c2[KL],d2[KL],b1[KL],(#c2.a)[JK],(a1.#c2)[JK],e2[JK],d[JK],(b1.d2)[JK],#f2[JK],e[JKM],(#g1.b1)[JKM],e2[JKM],(a1.A-1.a)[IJLM],e1[JK],(a1.a.#c1.e1)[JK],(#c2.a.#c1.e1)[JK],(e2.a.#c1.e1)[JK],(a2.a.#c1.e1)[JK],(b2.a.#c1.e1)[L],a2[K],#g2[KL],(a2.a.#c1.e1)[JK],(#c3.a.#c1.e1)[JK],(b2.a.#c1.e1)[JK],(a2.a.#c1.e1)[JK],(#g2.e.b.e1)[JK],(e2.e.b.e1)[JK],e1[JK],(a1.a.#c1.e1)[JK],(#c2.a.#c1.e1)[JK],(e2.a.#c1.e1)[JK],(a2.a.#c1.e1)[JK],(b2.a.#c1.e1)[L],a2[K],#g2[KL],(a2.a.#c1.e1)[JK],(#c3.a.#f1.#c1)[KL],b2[KL],(a2.a.#f1.#c1)[KL],#g2[KL],(#f2.a.#f1.#c1)[KLN],e2[KLN],(a1.#d2.b)[JKM],(e2.#g1.e)[JKM],#d2[KL],e2[KL],(#f2.#g)[KL],e2[KL],(d2.b)[KL],b1[KL],(#d2.e1)[KL],e2[KL],(#f2.a)[KL],e2[KL],(#c2.#c1)[KL],a1[KL],(#d2.e1)[KL],e2[KL],(#f2.#g)[KL],e2[KL],(d2.b)[KL],b1[KL],(#d2.e1)[KL],e2[KL],(#f2.a)[KL],e2[KL],(#c2.#c1)[KL],a1[KL],(f2.#c)[KL],#f2[KL],(#g2.b.#f.d)[KL],#f2[KL],(e2.d.#f.b)[KL],d2[KL],#c2[KL],d2[KL],(e2.b.#f.d)[KL],d2[KL],(#c2.d.#f.b)[KL],b1[KL],#a1[KL],b1[KL],(#c2.e.b.d1)[KL],b1[KL],(a1.d1.b.e)[KL],#g1[KL],(#f1.e.b.d1)[KL],e1[KL],(a1.#c1.a)[IJ],#d2[KL],e2[KL],(#f2.#g)[KL],e2[KL],(d2.b)[KL],b1[KL],(#d2.e1)[KL],e2[KL],(#f2.a)[KL],e2[KL],(#c2.#c1)[KL],a1[KL],(#d2.e1)[KL],e2[KL],(#f2.#g)[KL],e2[KL],(d2.b)[KL],b1[KL],(#d2.e1)[KL],e2[KL],(#f2.a)[KL],e2[KL],(#c2.#c1)[KL],a1[KL],(f2.#c)[KL],#f2[KL],(#g2.b.#f.d)[KL],#f2[KL],(e2.d.#f.b)[KL],d2[KL],#c2[KL],d2[KL],(e2.b.#f.d)[KL],d2[KL],(#c2.d.#f.b)[KL],b1[KL],#a1[KL],b1[KL],(#c2.e.b.d1)[KLN],b1[KLN],(a1.d1.b.e)[KLN],#g1[KLN],(#f1.e.b.d1)[KLMN],e1[KLM],(a1.#c1.a)[IJKN],"],"id":3}],"audition":{"start":[0,0],"end":[1,0]}}