{"baseBpm":720,"musics":[{"bpm":720,"baseBeats":1.5,"scores":["g1[JK],(c.e1.g1.c2)[JK],e[JK],c[JK],(g.b1.f1.g1)[JK],d2[JK],b1[JK],(c.e1.g1.c2)[JK],e[JK],c[JK],(g.f1.g1.b1)[JK],b1[KL],c2[KL],d2[KL],b1[KL],(c.c2)[JK],(c1.c2)[KL],d2[KL],(c1.e2)[KL],c2[KL],(d.g1.b1)[JK],(d1.b1)[KL],c2[KL],(d1.d2)[KL],b1[KL],(d.#f1.a1)[JK],(d1.a1)[KL],b1[KL],(d1.c2)[KL],a1[KL],(g.g1)[IJ],g1[JK],(c.e1.g1.c2)[JK],e[JK],c[JK],(g.b1.f1.g1)[JK],d2[JK],b1[JK],(c.e1.g1.c2)[JK],e[JK],c[JK],(g.f1.g1.b1)[JK],b1[KL],c2[KL],d2[KL],b1[KL],(c.c2)[JK],(c1.c2)[KL],d2[KL],(c1.e2)[KL],c2[KL],(d.g1.b1)[JK],(d1.b1)[KL],c2[KL],(d1.d2)[KL],b1[KL],(d.#f1.a1)[JK],(d1.a1)[KL],b1[KLN],(d1.c2)[KLN],a1[KLN],(g.g1)[IJLN],d2[JK],(g.b1.d2.g2)[JK],b[JK],g[JK],(d1.#f2.c2.d2)[JK],a2[JK],#f2[JK],(g.b1.d2.g2)[JK],d1[JK],b[JK],(g.b1.d2.f2)[JK],f2[KL],g2[KL],a2[KL],f2[KL],(c1.c2.e2)[JK],(c.e2)[KL],f2[KL],(e.g2)[KL],e2[KL],(f.a1.d2)[JK],(d.d2)[KL],e2[KL],(f.f2)[KL],d2[KL],(g.f1.b1)[JK],(G-1.b1)[KL],c2[KL],(g.d2)[KL],b1[KL],(c.e1.c2)[IJ],d2[JK],(g.b1.d2.g2)[JK],b[JK],g[JK],(d1.#f2.c2.d2)[JK],a2[JK],#f2[JK],(g.b1.d2.g2)[JK],d1[JK],b[JK],(g.b1.d2.f2)[JK],f2[KL],g2[KL],a2[KL],f2[KL],(c1.c2.e2)[JK],(c.e2)[KL],f2[KL],(e.g2)[KL],e2[KL],(f.a1.d2)[JK],(d.d2)[KL],e2[KL],(f.f2)[KL],d2[KL],(g.f1.b1)[JK],"],"id":1},{"bpm":720,"baseBeats":1.5,"scores":["(G-1.b1)[KL],c2[KL],(g.d2)[KLM],b1[KLN],(c.e1.c2)[IJLN],g1[JK],(e.c.c2)[JK],g[JK],(f.b1)[KL],d2[KL],(e.c.c2)[JK],g[JK],(f.b1)[KL],d2[KL],(e.c.c2)[KL],e2[KL],(g.c2)[KL],e2[KL],(f.b1)[KL],d2[KL],(e.c.c2)[KL],e2[KL],(g.c2)[KL],e2[KL],(f.b1)[KL],d2[KL],(e.c.c2)[JK],(g.c2)[KL],e2[KL],(f.g2)[KL],e2[KL],(e.c.c2)[JK],(g.c2)[KL],e2[KL],(f.g2)[KL],e2[KL],(e.c.c2)[JKM],(g.c2)[KL],e2[KL],(f.g2)[KLN],e2[KLN],(c.e.c2)[IJM],g1[JK],(e.c.c2)[JK],g[JK],(f.b1)[KL],d2[KL],(e.c.c2)[JK],g[JK],(f.b1)[KL],d2[KL],(e.c.c2)[KL],e2[KL],(g.c2)[KL],e2[KL],(f.b1)[KL],d2[KL],(e.c.c2)[KL],e2[KL],(g.c2)[KL],e2[KL],(f.b1)[KL],d2[KL],(e.c.c2)[JK],(g.c2)[KL],e2[KL],(f.g2)[KL],e2[KL],(e.c.c2)[JK],(g.c2)[KL],e2[KL],(f.g2)[KL],e2[KL],(e.c.c2)[JKN],(g.c2)[KLN],e2[KLN],(f.g2)[KLN],e2[KLN],(c.e.c2)[IJLN],d2[JK],(b.g.g2)[JK],d1[JK],(c1.#f2)[KL],a2[KL],(b.g.g2)[JK],d1[JK],(c1.#f2)[KL],a2[KL],(b.g.g2)[KL],b2[KL],(d1.g2)[KL],b2[KL],(c1.#f2)[KL],a2[KL],(b.g.g2)[KL],b2[KL],(d1.g2)[KL],b2[KL],(c1.#f2)[KL],a2[KL],(b.g.g2)[JK],(d1.g2)[KL],b2[KL],(f1.d3)[KL],b2[KL],(b.g.g2)[JK],(d1.g2)[KL],b2[KL],(f1.d3)[KL],b2[KL],(b.g.g2)[KL],a2[KL],(d1.b2)[KL],c3[KL],(f1.d3)[KLN],b2[KLN],(c1.e1.c3)[IJM],d2[JK],(b.g.g2)[JK],d1[JK],(c1.#f2)[KL],a2[KL],(b.g.g2)[JK],d1[JK],(c1.#f2)[KL],"],"id":2},{"bpm":720,"baseBeats":1.5,"scores":["a2[KL],(b.g.g2)[KL],b2[KL],(d1.g2)[KL],b2[KL],(c1.#f2)[KL],a2[KL],(b.g.g2)[KL],b2[KL],(d1.g2)[KL],b2[KL],(c1.#f2)[KL],a2[KL],(b.g.g2)[JK],(d1.g2)[KL],b2[KL],(f1.d3)[KL],b2[KL],(b.g.g2)[JK],(d1.g2)[KL],b2[KL],(f1.d3)[KL],b2[KL],(b.g.g2)[KL],a2[KL],(d1.b2)[KL],c3[KLN],(f1.d3)[KLN],b2[KLN],(c1.e1.c3)[IJL],g1[JK],(c.e1.g1.c2)[JK],e[JK],c[JK],(g.b1.f1.g1)[JK],d2[JK],b1[JK],(c.e1.g1.c2)[JK],e[JK],c[JK],(g.f1.g1.b1)[JK],b1[KL],c2[KL],d2[KL],b1[KL],(c.c2)[JK],(c1.c2)[KL],d2[KL],(c1.e2)[KL],c2[KL],(d.g1.b1)[JK],(d1.b1)[KL],c2[KL],(d1.d2)[KL],b1[KL],(d.#f1.a1)[JK],(d1.a1)[KLN],b1[KL],(d1.c2)[KLM],a1[KL],(g.g1)[IJLN],d2[JK],(g.b1.d2.g2)[JK],b[JK],g[JK],(d1.#f2.c2.d2)[JK],a2[JK],#f2[JK],(g.b1.d2.g2)[JK],d1[JK],b[JK],(g.b1.d2.f2)[JK],f2[KL],g2[KL],a2[KL],f2[KL],(c1.c2.e2)[JK],(c.e2)[KL],f2[KL],(e.g2)[KL],e2[KL],(f.a1.d2)[JK],(d.d2)[KL],e2[KL],(f.f2)[KL],d2[KL],(g.f1.b1)[JK],(G-1.b1)[KL],c2[KLN],(g.d2)[KLN],b1[KLN],(c.e1.c2)[IJL],d2[JK],(g.b1.d2.g2)[JK],b[JK],g[JK],(d1.#f2.c2.d2)[JK],a2[JK],#f2[JK],(g.b1.d2.g2)[JK],d1[JK],b[JK],(g.b1.d2.f2)[JK],f2[KL],g2[KL],a2[KL],f2[KL],(c1.c2.e2)[JK],(c.e2)[KL],f2[KL],(e.g2)[KL],e2[KL],(f.a1.d2)[JK],(d.d2)[KL],e2[KL],(f.f2)[KLN],d2[KLN],(g.f1.b1)[JKM],(G-1.b1)[KLM],c2[KLM],(g.d2)[J],b1[JM],(c.e1.c2)[HK],"],"id":3}],"audition":{"start":[0,0],"end":[1,0]}}