{"baseBpm":140,"musics":[{"bpm":140,"baseBeats":0.5,"scores":["f2[L],g2[L],a2[L],g2[L],f2[L],e2[L],d2[L],c2[L];#a1[L],a1[L],g1[L],f1[L],e1[L],d1[L],c1[K];(g2.#a2)[K],(e2.g2)[K],(f2.a2)[K],T;f2[L],g2[L],a2[L],g2[L],f2[L],e2[L],d2[L],c2[L];#a1[L],a1[L],g1[L],f1[L],e1[L],d1[L],c1[K];(#a1.g2)[K],(g1.e2)[K],(a1.f2)[K],T;a1[L],b1[L],c2[K],T,a1[L],b1[L];c2[K],T,d2[L],e2[L],f2[K];T,d2[L],e2[L],f2[K],T;f2[L],g2[L],a2[L],g2[L],f2[L],e2[L],d2[L],c2[L];#a1[L],a1[L],g1[L],f1[L],e1[L],d1[L],c1[K];(#a1.g2)[K],(g1.e2)[K],(a1.f2)[K],T;c1[K],f1[K],","T,T,ST;ST;T,(c.c1)[K],(c.c1)[K],(f.c1)[K];T,T,ST;ST;T,(c.c1)[K],(c.c1)[K],(f.c1)[K];T,(f.a)[L],b[L],e[K],c[K];(f.a)[L],b[L],e[K],c[K],(#a.d1)[L],e1[L];a[K],f[K],(#a.d1)[L],e1[L],a[K];f[K],T,T,(F-1.f)[K];(G-1.f)[K],(A-1.f)[K],(#A-1.f)[K],(B-1.f)[K];c[K],c[K],c[K],(F-1.f)[K];T,T,"],"id":1},{"bpm":144,"baseBeats":0.5,"scores":["a1[L],U,c2[L],U,d2[L],U,U,U;f2[L],U,c2[L],U,U,U,f2[L],U;c2[L],U,#a1[L],U,(g1.g2)[L],U,(f1.f2)[L],U;(a1.a2)[L],U,(c2.c3)[L],U,(d2.d3)[L],U,U,U;(f2.f3)[L],U,(g1.g2)[L],U,U,U,(c2.c3)[L],U;(f1.f2)[K],T,c2[K],b1[K];c2[L],U,g1[L],U,#a1[L],U,a1[L],U;(c2.c3)[L],U,(b1.b2)[L],U,(c2.c3)[L],U,(g1.g2)[L],U;(#a1.#a2)[L],U,(a1.a2)[L],U,f2[L],U,e2[L],U;f2[L],U,c2[L],U,#c2[L],U,d2[L],U;#a1[L],U,g1[L],U,U,U,c2[L],U;f1[K],T,f2[L],g2[L],a2[L],g2[L];f2[L],e2[L],d2[L],c2[L],#a1[L],a1[L],g1[L],f1[L];e1[L],d1[L],c1[K],(g2.#a2)[K],(e2.g2)[K];(f2.a2)[K],T,","(f.a)[L],c1[L],f1[L],c1[L],f1[L],c1[L],#a[L],d1[L];f1[L],d1[L],f1[L],d1[L],a[L],c1[L],f1[L],c1[L];f1[L],c1[L],c[L],#a[L],c1[L],#a[L],c1[L],#a[L];f[L],a[L],c1[L],a[L],c1[L],a[L],#A-1[L],f[L];#a[L],f[L],#a[L],f[L],c[L],e[L],#a[L],e[L];#a[L],e[L],(f.a)[K],T,T;c[L],c1[L],d[L],c1[L],e[L],c1[L],f[L],c1[L];g[L],c1[L],a[L],c1[L],c[L],c1[L],d[L],c1[L];e[L],c1[L],f[L],c1[L],a[L],c1[L],a[L],c1[L];f[L],a[L],c1[L],a[L],c1[L],a[L],#A-1[L],d[L];g[L],d[L],g[L],d[L],c[L],e[L],#a[L],e[L];#a[L],e[L],(f.a)[K],T,T;ST,ST;T,(c.c1)[K];(c.c1)[K],(f.c1)[K],"],"id":2},{"bpm":148,"baseBeats":0.5,"scores":["f2[L],g2[L],a2[L],g2[L],f2[L],e2[L],d2[L],c2[L];#a1[L],a1[L],g1[L],f1[L],e1[L],d1[L],c1[K];(#a1.g2)[K],(g1.e2)[K],(a1.f2)[K],T;a1[L],b1[L],c2[K],T,a1[L],b1[L];c2[K],T,d2[L],e2[L],f2[K];T,d2[L],e2[L],f2[K],T;f2[L],g2[L],a2[L],g2[L],f2[L],e2[L],d2[L],c2[L];#a1[L],a1[L],g1[L],f1[L],e1[L],d1[L],c1[K];(#a1.g2)[K],(g1.e2)[K],(a1.f2)[K],T;","T,T,ST;ST;T,(c.c1)[K],(c.c1)[K],(f.c1)[K];T,(f.a)[L],b[L],e[K],c[K];(f.a)[L],b[L],e[K],c[K],(#a.d1)[L],e1[L];a[K],f[K],(#a.d1)[L],e1[L],a[K];f[K],T,T,(F-1.f)[K];(G-1.f)[K],(A-1.f)[K],(#A-1.f)[K],(B-1.f)[K];c[K],c[K],c[K],(F-1.f)[K];T,"],"id":3}],"audition":{"start":[0,0],"end":[0,18]}}