{"baseBpm":720,"musics":[{"bpm":720,"baseBeats":1.5,"scores":["#a[JK],(#d.#a.g1)[JK],(#d.#a.g1)[JK],(#d.#a.g1)[JK],(c.#d.#g1)[JK],#g1[KL],#a1[KL],c2[JK],(d.#a.f1)[JK],(d.#a.f1)[JK],(d.#a.f1)[JK],(#d.g.g1)[JK],g1[KL],#g1[KL],#a1[JK],(c.g.#d1)[JK],(c.g.#d1)[KL],f1[KL],(c.g.g1)[JK],(#G-1.#g.f1.c1)[JK],(#G-1.#g.f1.c1)[KL],g1[KL],(#G-1.#g.#g1.c1)[JK],(#A-1.#g.#a)[JK],(#A-1.#g.#a)[KL],c1[KLN],(#A-1.#g.d1)[JKN],(#d.g.#d1)[IJM],#a[JK],(#d.#a.g1)[JK],(#d.#a.g1)[JK],(#d.#a.g1)[JK],(c.#d.#g1)[JK],#g1[KL],#a1[KL],c2[JK],(d.#a.f1)[JK],(d.#a.f1)[JK],(d.#a.f1)[JK],(#d.g.g1)[JK],g1[KL],#g1[KL],#a1[JK],(c.g.#d1)[JK],(c.g.#d1)[KL],f1[KL],(c.g.g1)[JK],(#G-1.#g.f1.c1)[JK],(#G-1.#g.f1.c1)[KL],g1[KL],(#G-1.#g.#g1.c1)[JK],(#A-1.#g.#a)[JK],(#A-1.#g.#a)[KL],c1[KLN],(#A-1.#g.d1)[JKM],(#d.g.#d1)[IJLN],#a1[JK],(d.d1.#a1.f1)[JK],(d.d1.#a1.f1)[KL],c2[KL],(d.d1.#a1.f1)[JK],(e.c1.#a1.g1)[JK],(e.c1.#a1.g1)[KL],c2[KL],(e.c1.#a1.g1)[JK],(f.c1.#g1.g1)[JK],(f.c1.#g1.g1)[KL],#a1[KL],(f.c1.#g1.g1)[JK],(d.#a.#g1.f1)[JK],(d.#a.#g1.f1)[KL],#a1[KL],(d.#a.#g1.f1)[JK],(#d.#a.f1.g1)[JK],(#d.#a.g1.f1)[KL],#g1[KL],(#d.#a.g1.#d1)[JK],(c.c1.g1.#d1)[JK],(c.c1.g1.#d1)[KL],#g1[KL],(c.c1.g1.#d1)[JK],(#G-1.#g.f1.#d1)[JK],(#G-1.#g.f1.#d1)[KL],g1[KLN],(#G-1.#g.f1.#d1)[JKN],(#d.g.#d1)[IJM],#a1[JK],(d.d1.#a1.f1)[JK],(d.d1.#a1.f1)[KL],c2[KL],(d.d1.#a1.f1)[JK],(e.c1.#a1.g1)[JK],(e.c1.#a1.g1)[KL],c2[KL],(e.c1.#a1.g1)[JK],(f.c1.#g1.g1)[JK],(f.c1.#g1.g1)[KL],#a1[KL],(f.c1.#g1.g1)[JK],(d.#a.#g1.f1)[JK],(d.#a.#g1.f1)[KL],#a1[KL],(d.#a.#g1.f1)[JK],(#d.#a.f1.g1)[JK],(#d.#a.g1.f1)[KL],#g1[KL],(#d.#a.g1.#d1)[JK],(c.c1.g1.#d1)[JK],(c.c1.g1.#d1)[KL],#g1[KL],(c.c1.g1.#d1)[JK],"],"id":1},{"bpm":720,"baseBeats":1.5,"scores":["STW,mute[KL],mute[KL],STV,RSUW,STV,mute[KL],mute[KL],mute[KL],mute[KL],mute[KL],mute[KL],mute[KL],mute[KL],mute[KL],mute[KL],mute[KL],mute[KL],5<TU>,mute[KL],mute[KL],mute[KL],mute[KL],mute[KL],5<TU>,mute[KL],mute[KL],mute[KL],mute[KL],mute[KL],mute[KL],mute[KL],mute[KL],mute[KL],mute[KL],mute[KL],mute[KL],mute[KL],mute[KL],mute[KL],mute[KL],mute[KL],mute[KL],mute[KL],mute[KL],mute[KL],mute[KL],mute[KL],RSV,ST,mute[KL],mute[KL],mute[KL],mute[KL],mute[KL],mute[KL],mute[KL],mute[KL],mute[KL],mute[KL],mute[KL],mute[KL],5<TU>,mute[KL],mute[KL],mute[KL],mute[KL],SW,5<TU>,mute[KL],mute[KL],mute[KL],mute[KL],mute[KL],mute[KL],mute[KL],mute[KL],mute[KL],mute[KL],mute[KL],mute[KL],mute[KL],mute[KL],mute[KL],mute[KL],mute[KL],mute[KL],mute[KL],mute[KL],mute[KL],mute[KL],mute[KL],RSU,STVW,mute[KL],mute[KL],mute[KL],mute[KL],mute[KL],mute[KL],5<TU>,mute[KL],mute[KL],mute[KL],mute[KL],mute[KL],mute[KL],mute[KL],mute[KL],mute[KL],mute[KL],mute[KL],5<TU>,mute[KL],mute[KL],mute[KL],mute[KL],mute[KL],mute[KL],mute[KL],mute[KL],mute[KL],mute[KL],mute[KL],mute[KL],mute[KL],mute[KL],mute[KL],mute[KL],mute[KL],mute[KL],mute[KL],mute[KL],mute[KL],mute[KL],mute[KL],RSV,ST,mute[KL],mute[KL],mute[KL],mute[KL],mute[KL],mute[KL],5<TU>,mute[KL],mute[KL],mute[KL],mute[KL],mute[KL],mute[KL],mute[KL],mute[KL],mute[KL],","(#G-1.#g.f1.#d1)[JK],(#G-1.#g.f1.#d1)[KL],g1[KLN],(#G-1.#g.f1.#d1)[JKM],(#d.g.#d1)[IJLN],#a1[JK],(#d1.g2)[KL],#a1[KL],g1[KL],#a1[KL],#d1[KL],#a1[KL],(d1.#g2)[KL],#a1[KL],f1[KL],#a1[KL],d1[KL],#a1[KL],(#d1.#g2)[LM],g2[LM],#a1[KL],g1[KL],(#a1.f2)[KL],(#d1.#d2)[KL],#a1[KL],(f1.#d2)[LM],d2[LM],#a1[KL],#g1[KL],(#a1.c2)[KL],(f1.#a1)[KL],#a1[KL],(#d1.g2)[KL],#a1[KL],g1[KL],#a1[KL],#d1[KL],#a1[KL],(d1.#g2)[KL],#a1[KL],f1[KL],#a1[KL],d1[KL],#a1[KL],(#d1.g2)[KL],#a1[KL],g1[KLN],(#a1.#g2)[KLN],(#d1.f2)[KL],#a1[KL],(#d1.#d2)[IJM],#a1[JK],(#d1.g2)[KL],#a1[KL],g1[KL],#a1[KL],#d1[KL],#a1[KL],(d1.#g2)[KL],#a1[KL],f1[KL],#a1[KL],d1[KL],#a1[KL],(#d1.#g2)[LM],g2[LM],#a1[KL],g1[KL],(#a1.f2)[KL],(#d1.#d2)[KL],#a1[KL],(f1.#d2)[LM],d2[LM],#a1[KL],#g1[KL],(#a1.c2)[KL],(f1.#a1)[KL],#a1[KL],(#d1.g2)[KL],#a1[KL],g1[KL],#a1[KL],#d1[KL],#a1[KL],(d1.#g2)[KL],#a1[KL],f1[KL],#a1[KL],d1[KL],#a1[KL],(#d1.g2)[KLN],#a1[KLN],g1[KL],(#a1.#g2)[KLN],(#d1.f2)[KLN],#a1[KLN],(#d1.#d2)[IJL],g2[JK],(e1.c3)[KL],c2[KL],g1[KL],c2[KL],(e1.c3)[KL],c2[KL],(f1.#a2)[LM],#g2[LM],c2[KL],#g1[KL],(c2.g2)[KL],(f1.f2)[KL],c2[KL],(d1.#a2)[KL],#a1[KL],f1[KL],#a1[KL],(d1.#a2)[KL],#a1[KL],(#d1.#g2)[LM],g2[LM],c2[KL],g1[KL],(c2.f2)[KL],(#d1.#d2)[KL],c2[KL],(g.#d2)[KL],#d1[KL],d1[KL],#d1[KL],(g.f2)[KL],#d1[KL],(#a.g2)[KL],#d1[KL],d1[KL],#d1[KL],(c1.#g2)[KL],#d1[KL],(#a.f2)[KLN],#g1[KL],d1[KLN],(#g1.g2)[KL],(#a.f2)[KLN],#g1[KL],(#d1.g1.#d2)[IJM],g2[JK],(e1.c3)[KL],c2[KL],g1[KL],c2[KL],(e1.c3)[KL],c2[KL],(f1.#a2)[LM],#g2[LM],c2[KL],#g1[KL],(c2.g2)[KL],(f1.f2)[KL],c2[KL],(d1.#a2)[KL],#a1[KL],f1[KL],#a1[KL],"],"id":2},{"bpm":720,"baseBeats":1.5,"scores":["TU,SW,5<TU>,mute[KL],mute[KL],mute[KL],mute[KL],mute[KL],mute[KL],mute[KL],mute[KL],mute[KL],mute[KL],mute[KL],mute[KL],mute[KL],mute[KL],mute[KL],mute[KL],mute[KL],mute[KL],mute[KL],mute[KL],mute[KL],mute[KL],mute[KL],RSU,ST,ST,ST,ST,ST,mute[KL],mute[KL],ST,ST,ST,ST,ST,mute[KL],mute[KL],ST,ST,mute[KL],mute[KL],ST,ST,mute[KL],mute[KL],ST,STW,mute[KL],mute[KL],STV,RSUW,ST,ST,mute[KL],mute[KL],ST,ST,mute[KL],mute[KL],ST,ST,mute[KL],mute[KL],ST,ST,mute[KL],mute[KL],ST,ST,mute[KL],mute[KL],ST,ST,mute[KL],mute[KL],ST,STW,mute[KL],mute[KL],STW,RSV,ST,ST,mute[KL],mute[KL],ST,ST,mute[KL],mute[KL],ST,ST,mute[KL],mute[KL],ST,ST,mute[KL],mute[KL],ST,ST,mute[KL],mute[KL],ST,ST,mute[KL],mute[KL],STW,STU,mute[KL],TUVW,R,RSTUVW,","(d1.#a2)[KL],#a1[KL],(#d1.#g2)[LM],g2[LM],c2[KL],g1[KL],(c2.f2)[KL],(#d1.#d2)[KL],c2[KL],(g.#d2)[KL],#d1[KL],d1[KL],#d1[KL],(g.f2)[KL],#d1[KL],(#a.g2)[KL],#d1[KL],d1[KL],#d1[KL],(c1.#g2)[KL],#d1[KL],(#a.f2)[KLN],#g1[KLN],d1[KL],(#g1.g2)[KL],(#a.f2)[KLM],#g1[KLN],(#d1.g1.#d2)[IJL],#a[JK],(#d.#a.g1)[JK],(#d.#a.g1)[JK],(#d.#a.g1)[JK],(c.#d.#g1)[JK],#g1[KL],#a1[KL],c2[JK],(d.#a.f1)[JK],(d.#a.f1)[JK],(d.#a.f1)[JK],(#d.g.g1)[JK],g1[KL],#g1[KL],#a1[JK],(c.g.#d1)[JK],(c.g.#d1)[KL],f1[KL],(c.g.g1)[JK],(#G-1.#g.f1.c1)[JK],(#G-1.#g.f1.c1)[KL],g1[KL],(#G-1.#g.#g1.c1)[JK],(#A-1.#g.#a)[JK],(#A-1.#g.#a)[KLN],c1[KL],(#A-1.#g.d1)[JKM],(#d.g.#d1)[IJLN],#a1[JK],(d.d1.#a1.f1)[JK],(d.d1.#a1.f1)[KL],c2[KL],(d.d1.#a1.f1)[JK],(e.c1.#a1.g1)[JK],(e.c1.#a1.g1)[KL],c2[KL],(e.c1.#a1.g1)[JK],(f.c1.#g1.g1)[JK],(f.c1.#g1.g1)[KL],#a1[KL],(f.c1.#g1.g1)[JK],(d.#a.#g1.f1)[JK],(d.#a.#g1.f1)[KL],#a1[KL],(d.#a.#g1.f1)[JK],(#d.#a.f1.g1)[JK],(#d.#a.g1.f1)[KL],#g1[KL],(#d.#a.g1.#d1)[JK],(c.c1.g1.#d1)[JK],(c.c1.g1.#d1)[KL],#g1[KL],(c.c1.g1.#d1)[JK],(#G-1.#g.f1.#d1)[JK],(#G-1.#g.f1.#d1)[KL],g1[KLN],(#G-1.#g.f1.#d1)[JKN],(#d.g.#d1)[IJM],#a1[JK],(d.d1.#a1.f1)[JK],(d.d1.#a1.f1)[KL],c2[KL],(d.d1.#a1.f1)[JK],(e.c1.#a1.g1)[JK],(e.c1.#a1.g1)[KL],c2[KL],(e.c1.#a1.g1)[JK],(f.c1.#g1.g1)[JK],(f.c1.#g1.g1)[KL],#a1[KL],(f.c1.#g1.g1)[JK],(d.#a.#g1.f1)[JK],(d.#a.#g1.f1)[KL],#a1[KL],(d.#a.#g1.f1)[JK],(#d.#a.f1.g1)[JK],(#d.#a.g1.f1)[KL],#g1[KL],(#d.#a.g1.#d1)[JK],(c.c1.g1.#d1)[JK],(c.c1.g1.#d1)[KL],#g1[KL],(c.c1.g1.#d1)[JKN],(#G-1.#g.f1.#d1)[JKM],(#G-1.#g.f1.#d1)[KLM],g1[KLMN],(#G-1.#g.f1.#d1)[I],(#d.g.#d1)[IJKLMN],"],"id":3}],"audition":{"start":[0,0],"end":[1,0]}}