{"baseBpm":480,"musics":[{"bpm":480,"baseBeats":1.5,"scores":["g1[JK],(c1.g1)[JK],(g1.e1.c2)[JK],(g1.e1)[JK],(c1.b1)[KL],c2[KL],(g1.e1.d2)[KL],c2[KL],(g1.e1.e2)[KL],c2[KL],(b.g1)[JK],(g1.f1.d2)[JK],(g1.f1)[JK],(b.#c2)[KL],d2[KL],(g1.f1.e2)[KL],d2[KL],(g1.f1.f2)[KL],d2[KL],(c1.e2)[JK],(g1.e1.e2)[KL],f2[KL],(e1.g1.g2)[KL],e2[KL],(g.d2)[JK],(f1.d1.d2)[KL],e2[KL],(d1.f1.f2)[KL],d2[KL],(g.c2)[KL],b1[KL],(f1.d1.a1)[KL],g1[KL],(d1.f1.a1)[KL],b1[KL],(e1.c1.c2)[IJ],g1[JK],(c1.g1)[JK],(g1.e1.c2)[JK],(g1.e1)[JK],(c1.b1)[KL],c2[KL],(g1.e1.d2)[KL],c2[KL],"],"id":1},{"bpm":480,"baseBeats":1.5,"scores":["(g1.e1.e2)[KL],c2[KL],(b.g1)[JK],(g1.f1.d2)[JK],(g1.f1)[JK],(b.#c2)[KL],d2[KL],(g1.f1.e2)[KL],d2[KL],(g1.f1.f2)[KL],d2[KL],(c1.e2)[JK],(g1.e1.e2)[KL],f2[KL],(e1.g1.g2)[KL],e2[KL],(g.d2)[JK],(f1.d1.d2)[KL],e2[KL],(d1.f1.f2)[KL],d2[KL],(g.c2)[KL],b1[KL],(f1.d1.a1)[KL],g1[KL],(d1.f1.a1)[KL],b1[KL],(e1.c1.c2)[IJ],g1[JK],g1[KL],a1[KL],b1[KL],c2[KL],d2[KL],e2[KL],(G-1.B-1.d.g.d2.f2)[IJ],(b1.d2)[JK],g1[KL],b1[KL],c2[KL],d2[KL],e2[KL],f2[KL],(c.e.g.c1.e2.g2)[IJ],(c2.e2)[JK],(f.a1)[KL],#c2[KL],"],"id":2},{"bpm":480,"baseBeats":1.5,"scores":["(f1.d2)[KL],e2[KL],(f1.f2)[KL],g2[KL],(f.a2)[JK],(f1.a2)[JK],(f1.a2)[JK],(g.d1.f1.b2)[JK],(f1.d1.g.b2)[KL],c3[KL],(g.d1.f1.d3)[KL],b2[KL],(c1.e1.c3)[IJ],g1[JK],g1[KL],a1[KL],b1[KL],c2[KL],d2[KL],e2[KL],(G-1.B-1.d.g.d2.f2)[IJ],(b1.d2)[JK],g1[KL],b1[KL],c2[KL],d2[KL],e2[KL],f2[KL],(c.e.g.c1.e2.g2)[IJ],(c2.e2)[JK],(f.a1)[KL],#c2[KL],(f1.d2)[KL],e2[KL],(f1.f2)[KL],g2[KL],(f.a2)[JK],(f1.a2)[JK],(f1.a2)[JK],(g.d1.f1.b2)[JK],(f1.d1.g.b2)[KLN],c3[KLN],(g.d1.f1.d3)[KLN],b2[J],(c1.e1.c3)[I],"],"id":3}],"audition":{"start":[0,0],"end":[1,0]}}