{"baseBpm":372,"musics":[{"bpm":372,"baseBeats":0.75,"scores":["(#a.d1.f1)[KL],(f1.#a1)[KL],(#d1.c1.#a1)[KL],(f1.a1)[KL],(f.a1)[KL],(f1.c2)[KL],(c1.#d1.#d2)[KL],(f1.c2)[KL],(d1.c2)[KL],(f1.#a1)[KL],(#a.#a1)[KL],(f1.d2)[KL],(d1.f2)[KL],(f1.#a2)[KL],(#d1.a2)[KL],(g1.g2)[KL],(#a.g2)[KL],(g1.a2)[KL],(#d1.#a2)[KL],(g1.g2)[KL],(d1.f2)[KL],f1[KL],#a[KL],f1[KL],(d1.#a.f2)[KL],(f1.d2)[KL],(a.c1.d2)[KL],(f1.c2)[KL],(f.a.c2)[KL],(f1.e2)[KL],(d1.#a.f2)[KL],(f1.d2)[KL],(a.c1.d2)[KL],(f1.c2)[KL],(f.a.c2)[KL],(c1.#c2)[KL],(e.g1.d2)[KL],(c1.#a1)[KL],(f.f1.#a1)[KL],(c1.a1)[KL],(A-1.f1.a1)[KL],(a.c2)[KLN],(c.e1.#a1)[KLN],(c1.g1)[KL],(f.f1)[IJL],(#a.d1.f1)[KL],(f1.#a1)[KL],(#d1.c1.#a1)[KL],(f1.a1)[KL],(f.a1)[KL],(f1.c2)[KL],(c1.#d1.#d2)[KL],(f1.c2)[KL],(d1.c2)[KL],(f1.#a1)[KL],(#a.#a1)[KL],(f1.d2)[KL],(d1.f2)[KL],(f1.#a2)[KL],(#d1.a2)[KL],(g1.g2)[KL],(#a.g2)[KL],(g1.a2)[KL],(#d1.#a2)[KL],(g1.g2)[KL],(d1.f2)[KL],f1[KL],#a[KL],f1[KL],(d1.#a.f2)[KL],(f1.d2)[KL],(a.c1.d2)[KL],(f1.c2)[KL],(f.a.c2)[KL],(f1.e2)[KL],(d1.#a.f2)[KL],(f1.d2)[KL],(a.c1.d2)[KL],(f1.c2)[KL],(f.a.c2)[KL],(c1.#c2)[KL],(e.g1.d2)[KL],(c1.#a1)[KL],(f.f1.#a1)[KL],(c1.a1)[KL],(A-1.f1.a1)[KL],(a.c2)[KL],(c.e1.#a1)[KLN],(c1.g1)[KLN],(f.f1)[IJL],(d1.#a.f1.f2)[KL],#a1[KL],(#d1.c1.#a1.f2)[KL],a1[KL],a1[KL],(c1.#d1.f1.a2)[KL],(c1.#d1.f1.a2)[KL],(#a.d1.f1.#a2)[KL],(f1.c1.a.c3)[LM],#a2[LM],a2[LM],g2[LM],f2[JK],(d1.#a.f1.f2)[KL],#a1[KL],(#d1.c1.#a1.f2)[KL],a1[KL],a1[KL],(c1.#d1.f1.a2)[KL],(c1.#d1.f1.a2)[KL],(#a.d1.f1.#a2)[KL],(f1.c1.a.c3)[LM],#a2[LM],a2[LM],g2[LM],f2[JK],(g.#a2)[KL],(#a.#d2)[KL],(#g.#d2)[KL],(#a.d2)[KL],(f.#a2)[KL],(#a.d2)[KL],(g.f2)[KL],(#a.#d2)[KL],(#g.#d2)[KL],(#a.d2)[KL],(f.#a2)[KL],(#a.d2)[KL],(g.#a.#d2)[KL],(f.#g.f2)[KL],(#d.g.g2)[KL],(d.f.b1)[KL],(c.#d.c2)[KL],d2[KL],(F-1.f.#d2)[KL],a1[KLM],(#A-1.d1.#a1)[IJMN],(d1.#a.f1.f2)[KL],#a1[KL],(#d1.c1.#a1.f2)[KL],a1[KL],a1[KL],(c1.#d1.f1.a2)[KL],(c1.#d1.f1.a2)[KL],(#a.d1.f1.#a2)[KL],(f1.c1.a.c3)[LM],#a2[LM],a2[LM],g2[LM],f2[JK],(d1.#a.f1.f2)[KL],#a1[KL],(#d1.c1.#a1.f2)[KL],a1[KL],"],"id":1},{"bpm":372,"baseBeats":0.75,"scores":["a1[KL],(c1.#d1.f1.a2)[KL],(c1.#d1.f1.a2)[KL],(#a.d1.f1.#a2)[KL],(f1.c1.a.c3)[LM],#a2[LM],a2[LM],g2[LM],f2[JKN],(g.#a2)[KL],(#a.#d2)[KL],(#g.#d2)[KL],(#a.d2)[KL],(f.#a2)[KL],(#a.d2)[KL],(g.f2)[KL],(#a.#d2)[KL],(#g.#d2)[KL],(#a.d2)[KL],(f.#a2)[KL],(#a.d2)[KL],(g.#a.#d2)[KL],(f.#g.f2)[KL],(#d.g.g2)[KL],(d.f.b1)[KL],(c.#d.c2)[KLN],d2[KL],(F-1.f.#d2)[KLN],a1[KLN],(#A-1.d1.#a1)[IJMN],f1[K],#a1[K],d2[K],(#A-1.d.f.#a.f2)[K],f2[K],f2[K],f2[JK],(d1.#a)[JK],(#d1.c1.f2)[K],f2[K],f2[K],f2[JK],(f.c1)[JK],(d1.#a.f2)[K],f2[K],f2[K],(f1.d1.f2)[K],f2[K],f2[K],(d1.#a.f2)[K],f2[K],f2[K],(c1.a.f.f2)[JK],F-1[JK],f1[K],#a1[K],d2[K],(#A-1.d.f.#a.f2)[K],f2[K],f2[K],f2[JK],(#a1.d2.d3.#a2)[JK],(a1.c2.f2.c3.a2)[K],f2[K],f2[K],f2[JK],(a.c1.c3)[K],a2[K],f2[K],(g.#a.e2)[K],g2[K],f2[K],(c.g.#a.e2)[K],d2[KN],c2[K],(c.g.#a.#a1)[K],a1[KN],g1[K],(f.a.f1)[JKM],F-1[JKM],f1[K],#a1[K],d2[K],(#A-1.d.f.#a.f2)[K],f2[K],f2[K],f2[JK],(d1.#a)[JK],(#d1.c1.f2)[K],f2[K],f2[K],f2[JK],(f.c1)[JK],(d1.#a.f2)[K],f2[K],f2[K],(f1.d1.f2)[K],f2[K],f2[K],(d1.#a.f2)[K],f2[K],f2[K],(c1.a.f.f2)[JK],F-1[JK],f1[K],#a1[K],d2[K],(#A-1.d.f.#a.f2)[K],f2[K],f2[K],f2[JK],(#a1.d2.d3.#a2)[JK],(a1.c2.f2.c3.a2)[K],f2[K],f2[K],f2[JK],(a.c1.c3)[K],a2[K],f2[K],(g.#a.e2)[K],g2[K],f2[K],(c.g.#a.e2)[K],d2[K],c2[K],(c.g.#a.#a1)[KN],a1[KN],g1[K],(f.a.f1)[JKM],F-1[JKN],#a1[K],d2[K],f2[K],#a2[K],#a2[K],#a2[K],(d1.f1.#g1.#a2)[JK],(#d1.g1)[JK],g2[K],g2[K],g2[K],(b.d1.f1.g2)[JK],(c1.#d1)[JK],f2[K],f2[K],f2[K],(#d1.c1.a.f2)[K],f2[K],f2[K],(#a.d1.f2)[K],f2[K],f2[K],(f.a.c1.f2)[K],e2[K],g2[K],f2[KN],e2[K],g2[K],f2[KN],#d2[K],c2[KN],#a1[K],#a1[K],#a1[K],(d1.#f2.#a1)[JK],(#d1.g2)[JK],#a1[K],#a1[K],#a1[K],(f1.#g2.#a1)[JK],(#d1.g2)[JK],f1[K],#a1[K],d2[K],(f.#a.d1.f2)[K],f2[K],f2[K],(c1.a.f.f2)[KN],f2[K],f2[KN],(#A-1.#a.#a1)[IJMN],#a1[K],d2[K],f2[K],#a2[K],#a2[K],#a2[K],(d1.f1.#g1.#a2)[JK],(#d1.g1)[JK],g2[K],g2[K],g2[K],(b.d1.f1.g2)[JK],(c1.#d1)[JK],f2[K],f2[K],f2[K],(#d1.c1.a.f2)[K],f2[K],f2[K],(#a.d1.f2)[K],f2[K],f2[K],(f.a.c1.f2)[K],e2[K],g2[K],f2[K],e2[KN],g2[K],f2[K],"],"id":2},{"bpm":372,"baseBeats":0.75,"scores":["#d2[KN],c2[KN],#a1[K],#a1[K],#a1[K],(d1.#f2.#a1)[JK],(#d1.g2)[JK],#a1[K],#a1[K],#a1[K],(f1.#g2.#a1)[JK],(#d1.g2)[JK],f1[K],#a1[K],d2[K],(f.#a.d1.f2)[K],f2[K],f2[KN],(c1.a.f.f2)[K],f2[KN],f2[KN],(#A-1.#a.#a1)[IJLM],(#a.d1.f1)[KL],(f1.#a1)[KL],(#d1.c1.#a1)[KL],(f1.a1)[KL],(f.a1)[KL],(f1.c2)[KL],(c1.#d1.#d2)[KL],(f1.c2)[KL],(d1.c2)[KL],(f1.#a1)[KL],(#a.#a1)[KL],(f1.d2)[KL],(d1.f2)[KL],(f1.#a2)[KL],(#d1.a2)[KL],(g1.g2)[KL],(#a.g2)[KL],(g1.a2)[KL],(#d1.#a2)[KL],(g1.g2)[KL],(d1.f2)[KL],f1[KL],#a[KL],f1[KL],(d1.#a.f2)[KL],(f1.d2)[KL],(a.c1.d2)[KL],(f1.c2)[KL],(f.a.c2)[KL],(f1.e2)[KL],(d1.#a.f2)[KL],(f1.d2)[KL],(a.c1.d2)[KL],(f1.c2)[KL],(f.a.c2)[KL],(c1.#c2)[KL],(e.g1.d2)[KL],(c1.#a1)[KL],(f.f1.#a1)[KL],(c1.a1)[KL],(A-1.f1.a1)[KLN],(a.c2)[KL],(c.e1.#a1)[KL],(c1.g1)[KLN],(f.f1)[IJMN],(d1.#a.f1.f2)[KL],#a1[KL],(#d1.c1.#a1.f2)[KL],a1[KL],a1[KL],(c1.#d1.f1.a2)[KL],(c1.#d1.f1.a2)[KL],(#a.d1.f1.#a2)[KL],(f1.c1.a.c3)[LM],#a2[LM],a2[LM],g2[LM],f2[JK],(d1.#a.f1.f2)[KL],#a1[KL],(#d1.c1.#a1.f2)[KL],a1[KL],a1[KL],(c1.#d1.f1.a2)[KL],(c1.#d1.f1.a2)[KL],(#a.d1.f1.#a2)[KL],(f1.c1.a.c3)[LM],#a2[LM],a2[LM],g2[LM],f2[JKM],(g.#a2)[KL],(#a.#d2)[KL],(#g.#d2)[KL],(#a.d2)[KL],(f.#a2)[KL],(#a.d2)[KL],(g.f2)[KL],(#a.#d2)[KL],(#g.#d2)[KL],(#a.d2)[KL],(f.#a2)[KL],(#a.d2)[KL],(g.#a.#d2)[KL],(f.#g.f2)[KL],(#d.g.g2)[KL],(d.f.b1)[KL],(c.#d.c2)[KL],d2[KL],(F-1.f.#d2)[KL],a1[KLM],(#A-1.d1.#a1)[IJMN],(d1.#a.f1.f2)[KL],#a1[KL],(#d1.c1.#a1.f2)[KL],a1[KL],a1[KL],(c1.#d1.f1.a2)[KL],(c1.#d1.f1.a2)[KL],(#a.d1.f1.#a2)[KL],(f1.c1.a.c3)[LM],#a2[LM],a2[LM],g2[LM],f2[JK],(d1.#a.f1.f2)[KL],#a1[KL],(#d1.c1.#a1.f2)[KL],a1[KL],a1[KL],(c1.#d1.f1.a2)[KL],(c1.#d1.f1.a2)[KL],(#a.d1.f1.#a2)[KL],(f1.c1.a.c3)[LM],#a2[LM],a2[LM],g2[LMN],f2[JKM],(g.#a2)[KL],(#a.#d2)[KL],(#g.#d2)[KL],(#a.d2)[KL],(f.#a2)[KL],(#a.d2)[KL],(g.f2)[KL],(#a.#d2)[KL],(#g.#d2)[KL],(#a.d2)[KL],(f.#a2)[KL],(#a.d2)[KL],(g.#a.#d2)[KL],(f.#g.f2)[KLN],(#d.g.g2)[KLN],(d.f.b1)[KL],(c.#d.c2)[KL],d2[KLM],(F-1.f.#d2)[KLN],a1[KLMN],(#A-1.d1.#a1)[JKLN],"],"id":3}],"audition":{"start":[0,0],"end":[1,0]}}