{"baseBpm":372,"musics":[{"bpm":372,"baseBeats":0.75,"scores":["UV,SV,mute[LM],SV,mute[LM],SV,mute[LM],SV,ST,ST,SV,mute[LM],ST,ST,ST,ST,ST,SV,mute[LM],ST,SV,mute[LM],SV,mute[LM],ST,SV,mute[LM],SV,mute[LM],ST,STW,STW,STV,STV,mute[LM],SV,mute[LM],SV,mute[LM],SV,mute[LM],SV,ST,ST,SV,mute[LM],ST,ST,ST,ST,ST,SV,mute[LM],ST,SV,mute[LM],SV,mute[LM],ST,SV,mute[LM],SV,mute[LM],ST,ST,STV,STV,STV,TU,TU,TU,TU,TU,TU,TU,TU,TU,TU,TU,TU,TU,TU,TU,TU,TU,TU,TU,TU,TU,TUW,TUW,TUW,SV,mute[LM],ST,SV,mute[LM],SV,mute[LM],ST,SV,TU,5<UV>,mute[LM],mute[LM],SV,mute[LM],ST,ST,ST,ST,TU,TU,TU,TU,TU,TU,TU,TU,TU,TU,TU,TU,TU,TU,TU,TU,TU,TU,TU,TUW,TU,TU,TUW,TUW,SV,mute[LM],ST,SV,mute[LM],SV,mute[LM],ST,SV,TU,5<UV>,mute[LM],mute[LM],SV,mute[LM],ST,ST,ST,ST,TU,TU,TU,TU,TU,TU,TU,TU,TU,TU,TU,TU,TU,TU,TU,TU,TU,TU,TU,TU,TU,TU,TU,TU,TU,TU,TU,TU,TU,TU,TU,","#a2[LM],g2[JM],g2[LM],#d2[JM],#d2[LM],#a1[JM],#a1[LM],g1[JM],(#d.#D-1.#d1)[JK],#d[JK],(#c1.#c.f1.#d1)[JM],g1[LM],(c1.c.#d1.#g1)[JK],(#a.#A-1.#d2.g1.#d1)[JK],(#g.#G-1.#d1.c2.#d2)[JK],(g.G-1.#d2.#a1.#d1)[JK],(f.F-1.g1)[JK],(g1.#d2)[JM],(f1.d2)[LM],(f1.d2)[JK],a[JM],#a[LM],(#a.#d2.g2)[JM],(d2.f2)[LM],(d2.f2)[JK],a[JM],#a[LM],(#a.#c2.e2)[JM],(d2.f2)[LM],(#a.d2.f2)[JK],(#d.#d2.g2)[JKN],(f.c2.#d2.a2)[JKN],(#A-1.d2.#a2)[JKM],#a[JKM],#a2[LM],g2[JM],g2[LM],#d2[JM],#d2[LM],#a1[JM],#a1[LM],g1[JM],(#d.#D-1.#d1)[JK],#d[JK],(#c1.#c.f1.#d1)[JM],g1[LM],(c1.c.#d1.#g1)[JK],(#a.#A-1.#d2.g1.#d1)[JK],(#g.#G-1.#d1.c2.#d2)[JK],(g.G-1.#d2.#a1.#d1)[JK],(f.F-1.g1)[JK],(g1.#d2)[JM],(f1.d2)[LM],(f1.d2)[JK],a[JM],#a[LM],(#a.#d2.g2)[JM],(d2.f2)[LM],(d2.f2)[JK],a[JM],#a[LM],(#a.#c2.e2)[JM],(d2.f2)[LM],(#a.d2.f2)[JK],(#d.#d2.g2)[JK],(f.c2.#d2.a2)[JKM],(#A-1.d2.#a2)[JKM],#a[JKM],a2[KL],#a2[KL],(#a.c3)[KL],#a2[KL],(#a.#g2)[KL],(g1.#d1.g2)[KL],(#g1.f1.f2)[KL],(#a1.g1.#d2)[KL],(#g1.f1.#a2)[KL],#g2[KL],(#a.g2)[KL],(f1.d1.f2)[KL],(g1.#d1.#d2)[KL],(f1.#g1.d2)[KL],(g1.#d1.f2)[KL],#d2[KL],(#a.d2)[KL],(c1.#d1.c2)[KL],(d1.f1.#a1)[KL],(#d1.#f1.a1)[KL],(f1.d1.c2)[KL],#a1[KLN],a1[KLN],#a1[KLN],(g.#a.#d2.#d1)[JM],d2[LM],(#a.#g.d2.f1)[JK],b[JM],#a[LM],(g.#a.#d2.#d1)[JM],d2[LM],(#g.#a.d1.d2)[JK],c1[JM],#a[LM],(g.#a.#c1.e2)[L],f2[L],e2[L],d2[LM],e2[LM],(#g.c1.f2)[JM],g2[LM],#g2[JK],(#A-1.#a.f1.#g1.d2)[JK],(#D-1.#d.g1.#d2)[JK],#d1[JK],a2[KL],#a2[KL],(#a.c3)[KL],#a2[KL],(#a.#g2)[KL],(g1.#d1.g2)[KL],(#g1.f1.f2)[KL],(#a1.g1.#d2)[KL],(#g1.f1.#a2)[KL],#g2[KL],(#a.g2)[KL],(f1.d1.f2)[KL],(g1.#d1.#d2)[KL],(f1.#g1.d2)[KL],(g1.#d1.f2)[KL],#d2[KL],(#a.d2)[KL],(c1.#d1.c2)[KL],(d1.f1.#a1)[KL],(#d1.#f1.a1)[KLN],(f1.d1.c2)[KL],#a1[KL],a1[KLN],#a1[KLN],(g.#a.#d2.#d1)[JM],d2[LM],(#a.#g.d2.f1)[JK],b[JM],#a[LM],(g.#a.#d2.#d1)[JM],d2[LM],(#g.#a.d1.d2)[JK],c1[JM],#a[LM],(g.#a.#c1.e2)[L],f2[L],e2[L],d2[LM],e2[LM],(#g.c1.f2)[JM],g2[LM],#g2[JK],(#A-1.#a.f1.#g1.d2)[JK],(#D-1.#d.g1.#d2)[JK],#d1[JK],(g.#d1)[KL],(#g.f1)[KL],(g1.#d1.#a2)[KL],#a2[KL],(#d1.g1.#a2)[KL],#a2[KL],(g1.#d1.#a2)[KL],#a2[KL],(g1.#d1.#a2)[KL],#a2[KL],#a2[KL],(#g1.f1.#a2)[KL],(#a1.g1.#a2)[KL],#a2[KL],(#a1.g1.#a2)[KL],a2[KL],#a2[KL],a2[KL],#a2[KL],a2[KL],(g1.#d1.#a2)[KL],a2[KL],#a2[KL],g2[KL],(#d.g.f2)[KL],(#a.#d2)[KL],(#A-1.#g.#d2)[KL],(#a.d2)[KL],(d.#g.c2)[KL],(#a.#a1)[KL],(#A-1.#g.#g1)[KL],"],"id":1},{"bpm":372,"baseBeats":0.75,"scores":["(#a.f1)[KL],(#d.#d1)[KL],(#a.g1)[KL],(g.#a1)[KL],(#a.#d2)[KL],(#d.g2)[KL],(#a.#d2)[KL],(#A-1.#g.#d2)[KL],(#a.d2)[KL],(d.#g.c2)[KL],(#a.#a1)[KLN],(#A-1.#g.#g1)[KL],(#a.f1)[KLN],(#d.g.#d1)[IJMN],(g.#d1)[KL],(#g.f1)[KL],(g1.#d1.#a2)[KL],#a2[KL],(#d1.g1.#a2)[KL],#a2[KL],(g1.#d1.#a2)[KL],#a2[KL],(g1.#d1.#a2)[KL],#a2[KL],#a2[KL],(#g1.f1.#a2)[KL],(#a1.g1.#a2)[KL],#a2[KL],(#a1.g1.#a2)[KL],a2[KL],#a2[KL],a2[KL],#a2[KL],a2[KL],(g1.#d1.#a2)[KL],a2[KL],#a2[KL],g2[KL],(#d.g.f2)[KL],(#a.#d2)[KL],(#A-1.#g.#d2)[KL],(#a.d2)[KL],(d.#g.c2)[KL],(#a.#a1)[KL],(#A-1.#g.#g1)[KL],(#a.f1)[KL],(#d.#d1)[KL],(#a.g1)[KL],(g.#a1)[KL],(#a.#d2)[KL],(#d.g2)[KL],(#a.#d2)[KL],(#A-1.#g.#d2)[KL],(#a.d2)[KL],(d.#g.c2)[KLN],(#a.#a1)[KL],(#A-1.#g.#g1)[KL],(#a.f1)[KLN],(#d.g.#d1)[IJMN],(d1.#a.f1)[KL],(f1.#a1)[KL],(#d1.c1.#a1)[KL],(f1.a1)[KL],(f.g1)[KL],f1[KL],(a.c2)[KL],(f1.#d2)[KL],(#a.#d2)[KL],(f1.d2)[KL],(d1.c2)[KL],(f1.#a1)[KL],(#a.d2.f2)[KL],(f1.#a2)[KL],(c1.#a2.#d2)[KL],(f1.a2)[KL],(f.g2)[KL],(f1.f2)[KL],(c1.#d3.#d2)[KL],(f1.a2)[KL],(#a.c3.d2)[KL],(f1.#a2)[KL],(d1.a2)[KL],(f1.#a2)[KL],(f.c1.#d3.#d2)[KL],(f1.a2)[KL],(#a.c3.d2)[KL],(f1.#a2)[KL],(d1.a2)[KL],(f1.#a2)[KL],(f.c1.#d3.#d2)[KL],(f1.a2)[KL],(#a.d1.#a2.d2)[KL],a2[KL],(d1.#a.#a2)[KL],a2[KL],(#a.d1.#a2)[KLN],a2[KLN],(d1.#a.#a2)[KL],a2[KL],(#d1.c1.#a2)[KLN],b2[KLN],(f1.d1.c3)[KLM],#g2[KLN],(#d1.g1.#d2.g2)[JK],(#d1.g1.#d2.g2)[JKN],(#d1.g1.#d2.g2)[JK],(#d1.g1.#d2.g2)[ILN],(f1.#g1.f2.#g2)[KL],(g1.#a1.g2.#a2)[JK],(g1.#a1.g2.#a2)[HKN],(g1.#d1.#d2.g2)[KLN],#d1[KL],g1[KL],#a1[KL],#d2[KL],g2[KL],(#a1.g1.#a2)[KL],a2[KL],#a2[KL],a2[KL],#a2[KL],a2[KL],(g1.#d1.#a2)[KL],a2[KL],#a2[KL],g2[KL],(#d.g.f2)[KL],(#a.#d2)[KL],(#A-1.#g.#d2)[KL],(#a.d2)[KL],(d.#g.c2)[KL],(#a.#a1)[KL],(#A-1.#g.#g1)[KL],(#a.f1)[KL],(#d.#d1)[KL],(#a.g1)[KL],(g.#a1)[KL],(#a.#d2)[KL],(#d.g2)[KL],(#a.#d2)[KL],(#A-1.#g.#d2)[KL],(#a.d2)[KL],(d.#g.c2)[KL],(#a.#a1)[KLN],(#A-1.#g.#g1)[KL],(#a.f1)[KLN],(#d.g.#d1)[IJMN],(d1.#a.f1)[KL],(f1.#a1)[KL],(#d1.c1.#a1)[KL],(f1.a1)[KL],(f.g1)[KL],f1[KL],(a.c2)[KL],(f1.#d2)[KL],(#a.#d2)[KL],(f1.d2)[KL],(d1.c2)[KL],(f1.#a1)[KL],(#a.d2.f2)[KL],(f1.#a2)[KL],(c1.#a2.#d2)[KL],(f1.a2)[KL],(f.g2)[KL],(f1.f2)[KL],(c1.#d2.#d3)[KL],(f1.a2)[KL],(#a.c3.d2)[KL],(f1.#a2)[KL],(d1.a2)[KL],(f1.#a2)[KL],(f.c1.#d2.#d3)[KL],(f1.a2)[KL],(#a.c3.d2)[KL],(f1.#a2)[KL],(d1.a2)[KL],(f1.#a2)[KL],(f.c1.#d2.#d3)[KL],"],"id":2},{"bpm":372,"baseBeats":0.75,"scores":["TU,TU,TU,TU,TU,TUW,TU,TUW,TU,TUW,TUW,TU,TUV,ST,STW,ST,RUW,TU,ST,QTV,TU,TU,TU,TU,TU,TU,TU,TU,TU,TU,TU,TU,TU,TU,TU,TU,TU,TU,TU,TU,TU,TU,TU,TU,TU,TU,TU,TU,TU,TU,TU,TU,TU,TU,TUV,TU,RSU,mute[LM],SV,mute[LM],SV,mute[LM],SV,mute[LM],SV,ST,ST,SV,mute[LM],ST,ST,ST,ST,ST,SV,mute[LM],ST,SV,mute[LM],SV,mute[LM],ST,SV,mute[LM],SV,mute[LM],ST,ST,STV,STV,STW,TU,TU,TU,TU,TU,TU,TU,TU,TU,TU,TU,TU,TU,TU,TU,TU,TU,TU,TUW,TU,TU,TUW,TUW,TU,SV,mute[LM],ST,SV,mute[LM],SV,mute[LM],ST,SV,TU,5<UV>,mute[LM],mute[LM],SV,mute[LM],ST,ST,ST,ST,TU,TU,TU,TU,TU,TU,TU,TU,TU,TU,TU,TU,TU,TU,TU,TU,TU,TU,TU,TU,TU,TU,TU,TU,SV,mute[LM],ST,SV,mute[LM],SV,mute[LM],ST,SV,TU,5<UV>,mute[LM],mute[LM],SVW,mute[LM],STVW,STUV,STUV,STUV,","(f1.a2)[KL],(#a.d1.#a2.d2)[KL],a2[KL],(d1.#a.#a2)[KL],a2[KL],(#a.d1.#a2)[KLN],a2[KL],(d1.#a.#a2)[KLN],a2[KL],(#d1.c1.#a2)[KLN],b2[KLN],(f1.d1.c3)[KL],#g2[KLM],(#d1.g1.#d2.g2)[JK],(#d1.g1.#d2.g2)[JKN],(#d1.g1.#d2.g2)[JK],(#d1.g1.#d2.g2)[ILN],(f1.#g1.f2.#g2)[KL],(g1.#a1.g2.#a2)[JK],(g1.#a1.g2.#a2)[HKM],(g1.#d1.#d2.g2)[KL],#d1[KL],g1[KL],#a1[KL],#d2[KL],g2[KL],(#a1.g1.#a2)[KL],a2[KL],#a2[KL],a2[KL],#a2[KL],a2[KL],(g1.#d1.#a2)[KL],a2[KL],#a2[KL],g2[KL],(#d.g.f2)[KL],(#a.#d2)[KL],(#A-1.#g.#d2)[KL],(#a.d2)[KL],(d.#g.c2)[KL],(#a.#a1)[KL],(#A-1.#g.#g1)[KL],(#a.f1)[KL],(#d.#d1)[KL],(#a.g1)[KL],(g.#a1)[KL],(#a.#d2)[KL],(#d.g2)[KL],(#a.#d2)[KL],(#A-1.#g.#d2)[KL],(#a.d2)[KL],(d.#g.c2)[KL],(#a.#a1)[KL],(#A-1.#g.#g1)[KLM],(#a.f1)[KL],(#d.g.#d1)[IJL],#a2[LM],g2[JM],g2[LM],#d2[JM],#d2[LM],#a1[JM],#a1[LM],g1[JM],(#d.#D-1.#d1)[JK],#d[JK],(#c1.#c.f1.#d1)[JM],g1[LM],(c1.c.#d1.#g1)[JK],(#a.#A-1.#d2.g1.#d1)[JK],(#g.#G-1.#d1.c2.#d2)[JK],(g.G-1.#d2.#a1.#d1)[JK],(f.F-1.g1)[JK],(g1.#d2)[JM],(f1.d2)[LM],(f1.d2)[JK],a[JM],#a[LM],(#a.#d2.g2)[JM],(d2.f2)[LM],(d2.f2)[JK],a[JM],#a[LM],(#a.#c2.e2)[JM],(d2.f2)[LM],(#a.d2.f2)[JK],(#d.#d2.g2)[JK],(f.c2.#d2.a2)[JKM],(#A-1.d2.#a2)[JKM],#a[JKN],a2[KL],#a2[KL],(#a.c3)[KL],#a2[KL],(#a.#g2)[KL],(g1.#d1.g2)[KL],(#g1.f1.f2)[KL],(#a1.g1.#d2)[KL],(#g1.f1.#a2)[KL],#g2[KL],(#a.g2)[KL],(f1.d1.f2)[KL],(g1.#d1.#d2)[KL],(f1.#g1.d2)[KL],(g1.#d1.f2)[KL],#d2[KL],(#a.d2)[KL],(c1.#d1.c2)[KL],(d1.f1.#a1)[KLN],(#d1.#f1.a1)[KL],(f1.d1.c2)[KL],#a1[KLN],a1[KLN],#a1[KL],(g.#a.#d2.#d1)[JM],d2[LM],(#a.#g.d2.f1)[JK],b[JM],#a[LM],(g.#a.#d2.#d1)[JM],d2[LM],(#g.#a.d1.d2)[JK],c1[JM],#a[LM],(g.#a.#c1.e2)[L],f2[L],e2[L],d2[LM],e2[LM],(#g.c1.f2)[JM],g2[LM],#g2[JK],(#A-1.#a.f1.#g1.d2)[JK],(#D-1.#d.g1.#d2)[JK],#d1[JK],a2[KL],#a2[KL],(#a.c3)[KL],#a2[KL],(#a.#g2)[KL],(g1.#d1.g2)[KL],(#g1.f1.f2)[KL],(#a1.g1.#d2)[KL],(#g1.f1.#a2)[KL],#g2[KL],(#a.g2)[KL],(f1.d1.f2)[KL],(g1.#d1.#d2)[KL],(f1.#g1.d2)[KL],(g1.#d1.f2)[KL],#d2[KL],(#a.d2)[KL],(c1.#d1.c2)[KL],(d1.f1.#a1)[KL],(#d1.#f1.a1)[KL],(f1.d1.c2)[KL],#a1[KL],a1[KL],#a1[KL],(g.#a.#d2.#d1)[JM],d2[LM],(#a.#g.d2.f1)[JK],b[JM],#a[LM],(g.#a.#d2.#d1)[JM],d2[LM],(#g.#a.d1.d2)[JK],c1[JM],#a[LM],(g.#a.#c1.e2)[L],f2[L],e2[L],d2[LM],e2[LM],(#g.c1.f2)[JMN],g2[LM],#g2[JKMN],(#A-1.#a.f1.#g1.d2)[JKLM],(#D-1.#d.g1.#d2)[JKLM],#d1[JKLM],"],"id":3}],"audition":{"start":[0,0],"end":[1,0]}}