{"baseBpm":384,"musics":[{"bpm":384,"baseBeats":0.75,"scores":["SV,mute[LM],ST,ST,SV,mute[LM],ST,ST,SV,mute[LM],ST,STW,SVW,mute[LM],RUVW,mute[LM],mute[LM],mute[LM],mute[LM],mute[LM],mute[LM],ST,TU,mute[LM],mute[LM],mute[LM],mute[LM],mute[LM],mute[LM],ST,TU,mute[LM],mute[LM],mute[LM],mute[LM],mute[LM],mute[LM],ST,STW,STW,RSVW,SV,mute[LM],ST,ST,SV,mute[LM],ST,ST,SV,mute[LM],ST,STW,SVW,mute[LM],RUVW,mute[LM],mute[LM],mute[LM],mute[LM],mute[LM],mute[LM],ST,TU,mute[LM],mute[LM],mute[LM],mute[LM],mute[LM],mute[LM],ST,TU,mute[LM],mute[LM],mute[LM],mute[LM],mute[LM],mute[LM],ST,STW,STW,RSVW,SV,mute[LM],SV,mute[LM],SV,mute[LM],SV,mute[LM],SV,mute[LM],SV,mute[LM],SV,mute[LM],SV,mute[LM],SV,mute[LM],SV,mute[LM],SV,mute[LM],SV,TU,5<UV>,mute[LM],mute[LM],ST,TU,mute[LM],mute[LM],mute[LM],mute[LM],mute[LM],mute[LM],ST,TU,mute[LM],mute[LM],mute[LM],mute[LM],mute[LM],mute[LM],ST,ST,ST,ST,ST,SV,mute[LM],SV,mute[LM],SV,mute[LM],SV,mute[LM],SV,mute[LM],SV,mute[LM],SV,mute[LM],SV,mute[LM],SV,mute[LM],SV,mute[LM],SV,mute[LM],SV,TU,5<UV>,mute[LM],mute[LM],ST,TU,mute[LM],mute[LM],mute[LM],mute[LM],mute[LM],mute[LM],","(A-1.A-2.a1.a)[JM],(A-1.A-2.a1.a)[LM],(d.D-1.d2.d1)[JK],(A-1.A-2.a1.a)[JK],(d.D-1.d2.d1)[JM],(d.D-1.d2.d1)[LM],(e.E-1.e2.e1)[JK],(A-1.A-2.a1.a)[JK],(#d.#D-1.#d2.#d1)[JM],(#d.#D-1.#d2.#d1)[LM],(e.E-1.e2.e1)[JK],(A-1.A-2.a1.a)[JKN],(#f.#F-1.#f2.#f1)[JMN],(#f.#F-1.#f2.#f1)[LM],(g.G-1.g2.g1)[ILMN],b2[LM],a2[LM],g2[LM],#f2[LM],e2[LM],d2[LM],(A-1.#c.#c2)[JK],(B-1.d)[KL],e2[LM],d2[LM],(#c.e.#c2)[LM],b1[LM],a1[LM],g1[LM],(d.#f.#f1)[JK],(e.g)[KL],d3[LM],#c3[LM],(#f.a.b2)[LM],a2[LM],g2[LM],#f2[LM],(g.e2)[JK],(E-1.e.g1.b1.g2)[JKN],(A-1.a.e1.g1.#c2)[JKN],(D-1.d.#f1.d2)[IJMN],(A-1.A-2.a1.a)[JM],(A-1.A-2.a1.a)[LM],(d.D-1.d2.d1)[JK],(A-1.A-2.a1.a)[JK],(d.D-1.d2.d1)[JM],(d.D-1.d2.d1)[LM],(e.E-1.e2.e1)[JK],(A-1.A-2.a1.a)[JK],(#d.#D-1.#d2.#d1)[JM],(#d.#D-1.#d2.#d1)[LM],(e.E-1.e2.e1)[JK],(A-1.A-2.a1.a)[JKN],(#f.#F-1.#f2.#f1)[JMN],(#f.#F-1.#f2.#f1)[LM],(g.G-1.g2.g1)[ILMN],b2[LM],a2[LM],g2[LM],#f2[LM],e2[LM],d2[LM],(A-1.#c.#c2)[JK],(B-1.d)[KL],e2[LM],d2[LM],(#c.e.#c2)[LM],b1[LM],a1[LM],g1[LM],(d.#f.#f1)[JK],(e.g)[KL],d3[LM],#c3[LM],(#f.a.b2)[LM],a2[LM],g2[LM],#f2[LM],(g.e2)[JK],(E-1.e.g1.b1.g2)[JKN],(A-1.a.e1.g1.#c2)[JKN],(D-1.d.#f1.d2)[IJMN],#f2[JM],#f2[LM],(d1.b.b2.d2)[JM],#f1[LM],d1[JM],#f1[LM],(e1.b.#c2.#a2)[JM],g1[LM],(d1.b.d2.b2)[JM],#f1[LM],d1[JM],#f1[LM],(e1.b.#a2.#c2)[JM],(g1.#c3)[LM],(d1.b.b2.d2)[JM],#f1[LM],(d1.b.b2.d2)[JM],(#f1.#c3)[LM],(e1.b.#a2.#c2)[JM],(g1.#c3)[LM],(d1.b.b2.d2)[JM],#f1[LM],d1[JM],#f1[LM],(f1.d1.b.#g2)[L],a2[L],#g2[L],#f2[LM],#g2[LM],(#f1.d1.a.a2)[JK],(a.d1.#f1)[KL],b2[LM],a2[LM],g2[LM],#f2[LM],e2[LM],d2[LM],(g1.e1.a.#c2)[JK],(a.e1.g1)[KL],g2[LM],#f2[LM],e2[LM],d2[LM],#c2[LM],b1[LM],(#c1.a.g1.a1)[JK],(d1.a.g1.b1)[JK],(A-1.a.e1.g1.#c2)[JK],(D-1.d.#f1.d2)[JK],d1[JK],#f2[JM],#f2[LM],(d1.b.b2.d2)[JM],#f1[LM],d1[JM],#f1[LM],(e1.b.#c2.#a2)[JM],g1[LM],(d1.b.d2.b2)[JM],#f1[LM],d1[JM],#f1[LM],(e1.b.#a2.#c2)[JM],(g1.#c3)[LM],(d1.b.b2.d2)[JM],#f1[LM],(d1.b.b2.d2)[JM],(#f1.#c3)[LM],(e1.b.#a2.#c2)[JM],(g1.#c3)[LM],(d1.b.b2.d2)[JM],#f1[LM],d1[JM],#f1[LM],(f1.d1.b.#g2)[L],a2[L],#g2[L],#f2[LM],#g2[LM],(#f1.d1.a.a2)[JK],(a.d1.#f1)[KL],b2[LM],a2[LM],g2[LM],#f2[LM],e2[LM],d2[LM],"],"id":1},{"bpm":384,"baseBeats":0.75,"scores":["ST,TU,mute[LM],mute[LM],mute[LM],mute[LM],mute[LM],mute[LM],ST,STW,STV,STW,STV,SV,mute[LM],TU,TU,TU,TU,TU,TU,TU,TU,TU,TU,TU,TU,TU,TU,TU,TU,TU,TU,TU,TU,TU,TU,TU,TU,TU,TU,TU,TU,TU,TU,TU,TU,TU,TU,TU,TU,TU,TU,TU,TU,TU,TUW,STW,ST,SV,mute[LM],TU,TU,TU,TU,TU,TU,TU,TU,TU,TU,TU,TU,TU,TU,TU,TU,TU,TU,TU,TU,TU,TU,TU,TU,TU,TU,TU,TU,TU,TU,TU,TU,TU,TU,TU,TU,TU,TU,TU,TU,TUW,TU,STW,STW,5<UV>,mute[LM],mute[LM],mute[LM],TU,TU,TU,TU,TU,TU,TU,TU,TU,TU,TU,TU,TU,TU,TU,TU,TU,TU,TU,TU,TU,TUW,TU,TUV,TUW,TU,TU,TU,TU,TU,TU,TU,TU,TU,TU,TU,TU,TU,TU,TU,TU,TU,ST,ST,5<UV>,mute[LM],mute[LM],mute[LM],TU,TU,TU,TU,TU,TU,","(g1.e1.a.#c2)[JK],(a.e1.g1)[KL],g2[LM],#f2[LM],e2[LM],d2[LM],#c2[LM],b1[LM],(#c1.a.g1.a1)[JK],(d1.a.g1.b1)[JKN],(A-1.a.e1.g1.#c2)[JKM],(D-1.d.#f1.d2)[JKN],d1[JKM],a1[JM],a1[LM],(d.#f.d2)[KL],(#f.a)[KL],(d.#f)[KL],(#f.a.a1)[KL],(d.#f.d2)[KL],(#f.a.a1)[KL],(d.#f.d2)[KL],(#f.a)[KL],(d.#f)[KL],(#f.a.a1)[KL],(d.#f.d2)[KL],(#f.a.a1)[KL],(d.#f.d2)[KL],a1[KL],#f2[KL],d2[KL],a2[KL],g2[KL],#f2[KL],(g1.e2)[KL],(#f1.d2)[KL],(e1.#c2)[KL],(d1.b1)[KL],(#c1.a1)[KL],(e.b.#g1)[KL],d1[KL],e1[KL],(d1.e2)[KL],(b.b1)[KL],(d1.e2)[KL],(a.#c2)[KL],#c1[KL],e1[KL],(#c1.e2)[KL],(a.#c2)[KL],(#c1.e2)[KL],(e.b1)[KL],#g[KL],d1[KL],(#g.e2)[KL],(d1.b1)[KL],(#g.e2)[KLN],(#c1.a.a1)[JKN],A-1[JK],a1[JM],a1[LM],(d.#f.d2)[KL],(#f.a)[KL],(d.#f)[KL],(#f.a.a1)[KL],(d.#f.d2)[KL],(#f.a.a1)[KL],(d.#f.d2)[KL],(#f.a)[KL],(d.#f)[KL],(#f.a.a1)[KL],(d.#f.d2)[KL],(#f.a.a1)[KL],(d.#f.d2)[KL],a1[KL],#f2[KL],d2[KL],a2[KL],g2[KL],#f2[KL],(g1.e2)[KL],(#f1.d2)[KL],(e1.#c2)[KL],(d1.b1)[KL],(#c1.a1)[KL],(e.b.#g1)[KL],d1[KL],e1[KL],(d1.e2)[KL],(b.b1)[KL],(d1.e2)[KL],(a.#c2)[KL],#c1[KL],e1[KL],(#c1.e2)[KL],(a.#c2)[KL],(#c1.e2)[KL],(e.b1)[KL],#g[KL],d1[KL],(#g.e2)[KL],(d1.b1)[KLN],(#g.e2)[KL],(#c1.a.a1)[JKN],A-1[JKN],b2[MN],a2[MN],#g2[LM],a2[LM],b2[LM],(a.c3)[KL],(#d1.#f1.c3.a2)[KL],(#d1.#f1.c3.a2)[KL],(#d1.#f1.c3.a2)[KL],(#d1.#f1.c3.a2)[KL],(#d1.#f1.c3.a2)[KL],(a.#d1.#f1.c3.a2)[KL],(e1.g1.g2.b2)[KL],(e1.g1.g2.b2)[KL],(e1.g1.g2.b2)[KL],(e1.g1.g2.b2)[KL],(e1.g1.g2.b2)[KL],a[KL],(#c1.e1.g2.#a2)[KL],(#c1.e1.g2.#a2)[KL],(#c1.e1.g2.#a2)[KL],(#c1.e1.g2.#a2)[KL],(#c1.e1.g2.#a2)[KL],(a.#c1.e1.#a2.g2)[KL],(d1.#f1.#f2.a2)[KL],(d1.#f1.#f2.a2)[KL],(d1.#f1.#f2.a2)[KLN],(d1.#f1.#f2.a2)[KL],(d1.#f1.#f2.a2)[KLM],(d1.b.f2.#g2)[KLN],(f1.d1)[KL],(d1.b)[KL],(f1.d1.f2.#g2.d3)[KL],(d1.b.f2.#g2.d3)[KL],(f1.d1.f2.#g2.d3)[KL],(d1.b.f2.#g2)[KL],(f1.d1)[KL],(d1.b)[KL],(f1.d1.f2.#g2.d3)[KL],(d1.b.f2.#g2.d3)[KL],(f1.d1.f2.#g2.d3)[KL],(a.#f2.a2)[KL],a1[KL],a[KL],(a1.d2.#f2)[KL],(a.e2.g2)[KL],(a1.#c2.e2)[KL],(d1.d2)[JK],d[JK],b2[MN],a2[MN],#g2[LM],a2[LM],b2[LM],(a.c3)[KL],(#d1.#f1.c3.a2)[KL],(#d1.#f1.c3.a2)[KL],(#d1.#f1.c3.a2)[KL],(#d1.#f1.c3.a2)[KL],(#d1.#f1.c3.a2)[KL],"],"id":2},{"bpm":384,"baseBeats":0.75,"scores":["TU,TU,TU,TU,TU,TU,TU,TU,TU,TU,TU,TU,TU,TU,TU,TUW,TU,TUV,TUW,TU,TU,TU,TU,TU,TU,TU,TU,TU,TU,TU,TU,TU,TU,TU,TU,TU,ST,ST,SV,mute[LM],ST,ST,SV,mute[LM],ST,ST,SV,mute[LM],ST,STW,SVW,mute[LM],RUVW,mute[LM],mute[LM],mute[LM],mute[LM],mute[LM],mute[LM],ST,TU,mute[LM],mute[LM],mute[LM],mute[LM],mute[LM],mute[LM],ST,TU,mute[LM],mute[LM],mute[LM],mute[LM],mute[LM],mute[LM],ST,ST,STV,RSVW,SV,mute[LM],SV,mute[LM],SV,mute[LM],SV,mute[LM],SV,mute[LM],SV,mute[LM],SV,mute[LM],SV,mute[LM],SV,mute[LM],SV,mute[LM],SV,mute[LM],SV,TU,5<UV>,mute[LM],mute[LM],ST,TU,mute[LM],mute[LM],mute[LM],mute[LM],mute[LM],mute[LM],ST,TU,mute[LM],mute[LM],mute[LM],mute[LM],mute[LM],mute[LM],ST,ST,ST,ST,ST,SV,mute[LM],SV,mute[LM],SV,mute[LM],SV,mute[LM],SV,mute[LM],SV,mute[LM],SV,mute[LM],SV,mute[LM],SV,mute[LM],SV,mute[LM],SV,mute[LM],SV,TU,5<UV>,mute[LM],mute[LM],ST,TU,mute[LM],mute[LM],mute[LM],mute[LM],mute[LM],mute[LM],ST,TU,mute[LM],mute[LM],mute[LM],mute[LM],mute[LM],mute[LM],STW,STV,STU,STU,STVW,","(a.#d1.#f1.c3.a2)[KL],(e1.g1.g2.b2)[KL],(e1.g1.g2.b2)[KL],(e1.g1.g2.b2)[KL],(e1.g1.g2.b2)[KL],(e1.g1.g2.b2)[KL],a[KL],(#c1.e1.g2.#a2)[KL],(#c1.e1.g2.#a2)[KL],(#c1.e1.g2.#a2)[KL],(#c1.e1.g2.#a2)[KL],(#c1.e1.g2.#a2)[KL],(a.#c1.e1.#a2.g2)[KL],(d1.#f1.#f2.a2)[KL],(d1.#f1.#f2.a2)[KL],(d1.#f1.#f2.a2)[KLN],(d1.#f1.#f2.a2)[KL],(d1.#f1.#f2.a2)[KLM],(d1.b.f2.#g2)[KLN],(f1.d1)[KL],(d1.b)[KL],(f1.d1.f2.#g2.d3)[KL],(d1.b.f2.#g2.d3)[KL],(f1.d1.f2.#g2.d3)[KL],(d1.b.f2.#g2)[KL],(f1.d1)[KL],(d1.b)[KL],(f1.d1.f2.#g2.d3)[KL],(d1.b.f2.#g2.d3)[KL],(f1.d1.f2.#g2.d3)[KL],(a.#f2.a2)[KL],a1[KL],a[KL],(a1.d2.#f2)[KL],(a.e2.g2)[KL],(a1.#c2.e2)[KL],(d1.d2)[JK],d[JK],(A-1.A-2.a1.a)[JM],(A-1.A-2.a1.a)[LM],(d.D-1.d2.d1)[JK],(A-1.A-2.a1.a)[JK],(d.D-1.d2.d1)[JM],(d.D-1.d2.d1)[LM],(e.E-1.e2.e1)[JK],(A-1.A-2.a1.a)[JK],(#d.#D-1.#d2.#d1)[JM],(#d.#D-1.#d2.#d1)[LM],(e.E-1.e2.e1)[JK],(A-1.A-2.a1.a)[JKN],(#f.#F-1.#f2.#f1)[JMN],(#f.#F-1.#f2.#f1)[LM],(g.G-1.g2.g1)[ILMN],b2[LM],a2[LM],g2[LM],#f2[LM],e2[LM],d2[LM],(A-1.#c.#c2)[JK],(B-1.d)[KL],e2[LM],d2[LM],(#c.e.#c2)[LM],b1[LM],a1[LM],g1[LM],(d.#f.#f1)[JK],(e.g)[KL],d3[LM],#c3[LM],(#f.a.b2)[LM],a2[LM],g2[LM],#f2[LM],(g.e2)[JK],(E-1.e.g1.b1.g2)[JK],(A-1.a.e1.g1.#c2)[JKM],(D-1.d.#f1.d2)[IJMN],#f2[JM],#f2[LM],(d1.b.b2.d2)[JM],#f1[LM],d1[JM],#f1[LM],(e1.b.#c2.#a2)[JM],g1[LM],(d1.b.d2.b2)[JM],#f1[LM],d1[JM],#f1[LM],(e1.b.#a2.#c2)[JM],(g1.#c3)[LM],(d1.b.b2.d2)[JM],#f1[LM],(d1.b.b2.d2)[JM],(#f1.#c3)[LM],(e1.b.#a2.#c2)[JM],(g1.#c3)[LM],(d1.b.b2.d2)[JM],#f1[LM],d1[JM],#f1[LM],(f1.d1.b.#g2)[L],a2[L],#g2[L],#f2[LM],#g2[LM],(#f1.d1.a.a2)[JK],(a.d1.#f1)[KL],b2[LM],a2[LM],g2[LM],#f2[LM],e2[LM],d2[LM],(g1.e1.a.#c2)[JK],(a.e1.g1)[KL],g2[LM],#f2[LM],e2[LM],d2[LM],#c2[LM],b1[LM],(#c1.a.g1.a1)[JK],(d1.a.g1.b1)[JK],(A-1.a.e1.g1.#c2)[JK],(D-1.d.#f1.d2)[JK],d1[JK],#f2[JM],#f2[LM],(d1.b.b2.d2)[JM],#f1[LM],d1[JM],#f1[LM],(e1.b.#c2.#a2)[JM],g1[LM],(d1.b.d2.b2)[JM],#f1[LM],d1[JM],#f1[LM],(e1.b.#a2.#c2)[JM],(g1.#c3)[LM],(d1.b.b2.d2)[JM],#f1[LM],(d1.b.b2.d2)[JM],(#f1.#c3)[LM],(e1.b.#a2.#c2)[JM],(g1.#c3)[LM],(d1.b.b2.d2)[JM],#f1[LM],d1[JM],#f1[LM],(f1.d1.b.#g2)[L],a2[L],#g2[L],#f2[LM],#g2[LM],(#f1.d1.a.a2)[JK],(a.d1.#f1)[KL],b2[LM],a2[LM],g2[LM],#f2[LM],e2[LM],d2[LM],(g1.e1.a.#c2)[JK],(a.e1.g1)[KL],g2[LM],#f2[LM],e2[LM],d2[LM],#c2[LM],b1[LM],(#c1.a.g1.a1)[JKN],(d1.a.g1.b1)[JKM],(A-1.a.e1.g1.#c2)[JKL],(D-1.d.#f1.d2)[JKL],d1[JKMN],"],"id":3}],"audition":{"start":[0,0],"end":[1,0]}}