{"baseBpm":384,"musics":[{"bpm":384,"baseBeats":0.75,"scores":["(#d1.#d2)[JK],(#a.#a1.#d)[KL],g[KL],#d[KL],g[KL],(g.g1.#d)[KL],g[LM],#d1[LM],(#d1.f)[KL],#g[KL],(d1.f)[KL],#d[KL],(#g2.#g1.d)[KL],c[KL],(f1.f2.#A-1)[KL],d[KL],#A-1[KL],d[KL],(d1.d2.#A-1)[KL],d[LM],#a1[LM],(#g1.#d)[JK],g1[JK],(#d1.g1.#d.g)[KL],(#g1.f1.#g.f)[KL],(g1.#a1.g.#a)[KL],(#g1.c2.#g.c1)[KL],(#a1.d2.#a.d1)[KL],(c2.#d2.c1.#d1)[KL],(d2.f2.d1.f1)[KL],(#d2.g2.#d1.g1)[KL],(f2.#g2.f1.#g1)[KL],(g2.#a2.g1.#a1)[KL],(#g2.c3.#g1.c2)[KL],(g2.#a2.g1.#a1)[KL],(f2.#g2.f1.#g1)[KL],(#d2.g2.#d1.g1)[KL],(d2.f2.#a.f1)[JK],(#a1.f1.d2.f2.#A-1.#a)[JK],(g1.#a1.#d2.g2.#d1.#d)[JK],(f1.#a1.d2.f2.#A-1.#a)[IJ],(#d1.#d2)[JK],(#a.#a1.#d)[KL],g[KL],#d[KL],g[KL],(g.g1.#d)[KL],g[LM],#d1[LM],(#d1.f)[KL],#g[KL],(d1.f)[KL],#d[KL],(#g2.#g1.d)[KL],c[KL],(f1.f2.#A-1)[KL],d[KL],#A-1[KL],d[KL],(d1.d2.#A-1)[KL],d[LM],#a1[LM],(#g1.#d)[JK],g1[JK],(#d1.g1.#d.g)[KL],(#g1.f1.#g.f)[KL],(g1.#a1.g.#a)[KL],(#g1.c2.#g.c1)[KL],(#a1.d2.#a.d1)[KL],(c2.#d2.c1.#d1)[KL],(d2.f2.d1.f1)[KL],(#d2.g2.#d1.g1)[KL],(f2.#g2.f1.#g1)[KL],(g2.#a2.g1.#a1)[KL],(#g2.c3.#g1.c2)[KL],(g2.#a2.g1.#a1)[KL],(f2.#g2.f1.#g1)[KL],(#d2.g2.#d1.g1)[KL],(d2.f2.#a.f1)[JK],(#a1.f1.d2.f2.#A-1.#a)[JKN],(g1.#a1.#d2.g2.#d1.#d)[JKN],(f1.#a1.d2.f2.#A-1.#a)[IJL],#d2[JK],(#d3.#d2.g)[KL],#a[KL],g[KL],#a[KL],(#c2.#c3.g)[KL],#d[LM],#a2[LM],(b2.b1.#g)[KL],c1[KL],(c3.c2.#a)[KL],#g[KL],(c2.g)[KL],f[KL],(c3.c2.e)[KL],g[KL],e[KL],g[KL],(#a1.#a2.e)[KL],c[LM],g2[LM],(#a1.#a2.f)[KL],e[KL],(#g1.#g2.f)[KL],g[KL],(f2.#g2.#g)[KL],(#d2.g2.a)[KL],(d2.f2.#A-1.#a)[KL],(c2.#d2)[KL],(#a1.d2.#A-1.#a)[KL],(d2.f2)[KL],(f2.#g2)[KL],(#d2.g2)[KL],(d2.f2.#A-1.#a)[KL],(c2.#d2)[KL],(#a1.d2.#A-1.#a)[KL],(c2.#d2)[KL],(#a1.d2)[KL],(#g1.c2)[KL],(g1.#a1.#A-2.#A-1)[KL],(#g1.c2)[KL],(g1.#a1.#A-2.#A-1)[KL],(f1.#g1)[KL],(#d1.g1.#A-2.#A-1)[KL],(#g.f1)[KL],(g.#d1.#D-1.#d)[IJ],#d2[JK],(#d3.#d2.g)[KL],#a[KL],g[KL],#a[KL],(#c2.#c3.g)[KL],#d[LM],#a2[LM],(b2.b1.#g)[KL],c1[KL],(c3.c2.#a)[KL],#g[KL],(c2.g)[KL],f[KL],(c3.c2.e)[KL],g[KL],e[KL],g[KL],(#a1.#a2.e)[KL],c[LM],g2[LM],(#a1.#a2.f)[KL],e[KL],(#g1.#g2.f)[KL],g[KL],(f2.#g2.#g)[KL],(#d2.g2.a)[KL],(d2.f2.#A-1.#a)[KL],(c2.#d2)[KL],(#a1.d2.#A-1.#a)[KL],(d2.f2)[KL],"],"id":1},{"bpm":384,"baseBeats":0.75,"scores":["TU,TU,TU,TU,TU,TU,TU,TU,TU,TU,TU,TUW,TUW,TU,RSU,ST,mute[LM],mute[LM],mute[LM],mute[LM],mute[LM],mute[LM],mute[LM],mute[LM],mute[LM],mute[LM],mute[LM],mute[LM],ST,ST,STV,mute[LM],mute[LM],mute[LM],mute[LM],mute[LM],mute[LM],mute[LM],mute[LM],mute[LM],mute[LM],mute[LM],mute[LM],ST,STW,STW,TU,TU,TU,TU,TU,TU,TU,TU,TU,TU,TU,TU,TU,TU,TUW,TU,TUW,TUW,STW,STV,ST,mute[LM],mute[LM],mute[LM],mute[LM],mute[LM],mute[LM],mute[LM],mute[LM],mute[LM],mute[LM],mute[LM],mute[LM],ST,STW,STW,mute[LM],mute[LM],mute[LM],mute[LM],mute[LM],mute[LM],mute[LM],mute[LM],mute[LM],mute[LM],mute[LM],mute[LM],ST,STW,STV,TU,TU,TU,TU,TU,TU,TU,TU,TU,TU,TU,TU,TU,TU,TU,TUW,TU,TUW,STV,STW,ST,ST,STW,STV,mute[LM],mute[LM],mute[LM],mute[LM],mute[LM],mute[LM],mute[LM],mute[LM],mute[LM],mute[LM],mute[LM],T,SUV,STW,STW,TU,TU,TU,TU,TUW,TU,mute[LM],mute[LM],mute[LM],mute[LM],mute[LM],mute[LM],mute[LM],mute[LM],mute[LM],mute[LM],mute[LM],mute[LM],TU,TU,TU,TU,TU,TU,TU,TU,TUW,TU,TUW,TUW,STW,STV,ST,ST,STW,STW,mute[LM],mute[LM],mute[LM],mute[LM],mute[LM],mute[LM],mute[LM],mute[LM],mute[LM],mute[LM],mute[LM],","(f2.#g2)[KL],(#d2.g2)[KL],(d2.f2.#A-1.#a)[KL],(c2.#d2)[KL],(#a1.d2.#A-1.#a)[KL],(c2.#d2)[KL],(#a1.d2)[KL],(#g1.c2)[KL],(g1.#a1.#A-2.#A-1)[KL],(#g1.c2)[KL],(g1.#a1.#A-2.#A-1)[KL],(f1.#g1)[KLN],(#d1.g1.#A-2.#A-1)[KLN],(#g.f1)[KL],(g.#d1.#D-1.#d)[IJL],#a1[JK],(#a2.#d.g)[LM],#g2[LM],g2[LM],f2[LM],#d2[LM],d2[LM],c2[LM],#a1[LM],#g1[LM],g1[LM],f1[LM],#d1[LM],(d1.#A-1.f.#g)[JK],(d1.#A-1.f.#g)[JK],(d1.#A-1.f.#g)[JKM],(#d1.#d.g)[LM],f1[LM],g1[LM],#g1[LM],#a1[LM],c2[LM],d2[LM],#d2[LM],f2[LM],g2[LM],#g2[LM],#a2[LM],(d2.#g2.#a.f1)[JK],(d2.#g2.#a.f1)[JKN],(d2.#g2.#a.f1)[JKN],(#d2.g2.#d1.g1)[KL],g2[KL],(g2.b.d1)[KL],f2[KL],(f2.#d1.c1)[KL],#d2[KL],(c1.a)[KL],f2[KL],(f2.a.f)[KL],#d2[KL],(#d2.d1.#a)[KL],d2[KL],(d2.#d.g)[KL],c2[KL],f2[KLN],#d2[KL],(c2.#d1.c1.f)[KLN],a1[KLN],(c2.#a.#d1)[JKN],(#a1.d1)[JKM],#a1[JK],(#a2.#d.g)[LM],#g2[LM],g2[LM],f2[LM],#d2[LM],d2[LM],c2[LM],#a1[LM],#g1[LM],g1[LM],f1[LM],#d1[LM],(d1.#A-1.f.#g)[JK],(d1.#A-1.f.#g)[JKN],(d1.#A-1.f.#g)[JKN],(#d1.#d.g)[LM],f1[LM],g1[LM],#g1[LM],#a1[LM],c2[LM],d2[LM],#d2[LM],f2[LM],g2[LM],#g2[LM],#a2[LM],(d2.#g2.#a.f1)[JK],(d2.#g2.#a.f1)[JKN],(d2.#g2.#a.f1)[JKM],(#d2.g2.#d1.g1)[KL],g2[KL],(g2.b.d1)[KL],f2[KL],(f2.#d1.c1)[KL],#d2[KL],(c1.a)[KL],f2[KL],(f2.a.f)[KL],#d2[KL],(#d2.d1.#a)[KL],d2[KL],(d2.#d.g)[KL],c2[KL],f2[KL],#d2[KLN],(c2.#d1.c1.f)[KL],a1[KLN],(c2.#a.#d1)[JKM],(#a1.d1)[JKN],#a1[JK],(f1.d2.#A-1.#g)[JK],(f1.d2.#A-1.#g)[JKN],(f1.d2.#A-1.#g)[JKM],(f1.#d2.#g.B-1)[LM],g[LM],#g[LM],g[LM],(#g2.#g)[LM],g[LM],#g[LM],g[LM],#g[LM],(g2.g)[LM],(f2.#g)[LM],(#d2.g)[LM],(#d2.f1.#A-1.#g)[M],d2[JLM],(f1.d2.#A-1.#g)[JKN],(f1.d2.#A-1.#g)[JKN],(f1.d2.#A-1.#g)[KL],#d2[KL],f2[KL],g2[KL],#g2[KLN],a2[KL],#a2[LM],#g2[LM],(g2.g)[LM],f2[LM],(#d2.#a)[LM],d2[LM],(c2.#d1)[LM],#a1[LM],(#g1.#a)[LM],g1[LM],(f1.g)[LM],#d1[LM],c2[KL],(e2.#g)[KL],(f2.c1)[KL],(g2.f1)[KL],(#g2.c1)[KL],(c3.#g)[KL],(g1.#d2)[KL],#a[KL],g[KLN],#d[KL],(g2.#g1.d2.#a)[KLN],(f2.#A-1)[KLN],(g1.#d2.#d)[JKN],#D-1[JKM],#a1[JK],(f1.d2.#A-1.#g)[JK],(f1.d2.#A-1.#g)[JKN],(f1.d2.#A-1.#g)[JKN],(f1.#d2.#g.B-1)[LM],g[LM],#g[LM],g[LM],(#g2.#g)[LM],g[LM],#g[LM],g[LM],#g[LM],(g2.g)[LM],(f2.#g)[LM],"],"id":2},{"bpm":384,"baseBeats":0.75,"scores":["T,SUV,STW,ST,TUW,TU,TU,TUW,TUW,TUW,mute[LM],mute[LM],mute[LM],mute[LM],mute[LM],mute[LM],mute[LM],mute[LM],mute[LM],mute[LM],mute[LM],mute[LM],TU,TU,TU,TU,TU,TU,TU,TU,TU,TUW,TU,TUW,STV,STW,ST,TU,TU,TU,TU,TU,mute[LM],mute[LM],TU,TU,TU,TU,TU,TU,TU,TU,TU,TU,TU,mute[LM],mute[LM],ST,ST,TU,TU,TU,TU,TU,TU,TU,TU,TU,TU,TU,TU,TU,TU,ST,STW,STV,RSVW,ST,TU,TU,TU,TU,TU,mute[LM],mute[LM],TU,TU,TU,TU,TU,TU,TU,TU,TU,TU,TU,mute[LM],mute[LM],TU,TU,TU,TU,TU,TU,TU,TU,TU,TU,TU,TU,TU,TU,TU,TU,TU,TU,TU,TU,TU,TU,TUV,TU,RSU,ST,TU,TU,TU,TU,TU,mute[LM],mute[LM],TU,TU,TU,TU,TU,TU,TU,TU,TU,TU,TU,mute[LM],mute[LM],TU,TU,TU,TU,TU,TU,TU,TU,TU,TU,TU,TU,TU,TU,TU,TU,TU,TU,TU,TUW,TUW,TU,TUV,S,STUV,","(#d2.g)[LM],(#d2.f1.#A-1.#g)[M],d2[JLM],(f1.d2.#A-1.#g)[JKN],(f1.d2.#A-1.#g)[JK],(f1.d2.#A-1.#g)[KLN],#d2[KL],f2[KL],g2[KLN],#g2[KLN],a2[KLN],#a2[LM],#g2[LM],(g2.g)[LM],f2[LM],(#d2.#a)[LM],d2[LM],(c2.#d1)[LM],#a1[LM],(#g1.#a)[LM],g1[LM],(f1.g)[LM],#d1[LM],c2[KL],(e2.#g)[KL],(f2.c1)[KL],(g2.f1)[KL],(#g2.c1)[KL],(c3.#g)[KL],(g1.#d2)[KL],#a[KL],g[KL],#d[KLN],(g2.#g1.d2.#a)[KL],(f2.#A-1)[KLN],(g1.#d2.#d)[JKM],#D-1[JKN],(#d1.#d2)[JK],(#a.#a1.#d)[KL],g[KL],#d[KL],g[KL],(g.g1.#d)[KL],g[LM],#d1[LM],(#d1.f)[KL],#g[KL],(d1.f)[KL],#d[KL],(#g2.#g1.d)[KL],c[KL],(f1.f2.#A-1)[KL],d[KL],#A-1[KL],d[KL],(d1.d2.#A-1)[KL],d[LM],#a1[LM],(#g1.#d)[JK],g1[JK],(#d1.g1.#d.g)[KL],(#g1.f1.#g.f)[KL],(g1.#a1.g.#a)[KL],(#g1.c2.#g.c1)[KL],(#a1.d2.#a.d1)[KL],(c2.#d2.c1.#d1)[KL],(d2.f2.d1.f1)[KL],(#d2.g2.#d1.g1)[KL],(f2.#g2.f1.#g1)[KL],(g2.#a2.g1.#a1)[KL],(#g2.c3.#g1.c2)[KL],(g2.#a2.g1.#a1)[KL],(f2.#g2.f1.#g1)[KL],(#d2.g2.#d1.g1)[KL],(d2.f2.#a.f1)[JK],(#a1.f1.d2.f2.#A-1.#a)[JKN],(g1.#a1.#d2.g2.#d1.#d)[JKM],(f1.#a1.d2.f2.#A-1.#a)[IJMN],#d2[JK],(#d3.#d2.g)[KL],#a[KL],g[KL],#a[KL],(#c2.#c3.g)[KL],#d[LM],#a2[LM],(b2.b1.#g)[KL],c1[KL],(c3.c2.#a)[KL],#g[KL],(c2.g)[KL],f[KL],(c3.c2.e)[KL],g[KL],e[KL],g[KL],(#a1.#a2.e)[KL],c[LM],g2[LM],(#a1.#a2.f)[KL],e[KL],(#g1.#g2.f)[KL],g[KL],(f2.#g2.#g)[KL],(#d2.g2.a)[KL],(d2.f2.#A-1.#a)[KL],(c2.#d2)[KL],(#a1.d2.#A-1.#a)[KL],(d2.f2)[KL],(f2.#g2)[KL],(#d2.g2)[KL],(d2.f2.#A-1.#a)[KL],(c2.#d2)[KL],(#a1.d2.#A-1.#a)[KL],(c2.#d2)[KL],(#a1.d2)[KL],(#g1.c2)[KL],(g1.#a1.#A-2.#A-1)[KL],(#g1.c2)[KL],(g1.#a1.#A-2.#A-1)[KL],(f1.#g1)[KL],(#d1.g1.#A-2.#A-1)[KLM],(#g.f1)[KL],(g.#d1.#D-1.#d)[IJL],#d2[JK],(#d3.#d2.g)[KL],#a[KL],g[KL],#a[KL],(#c2.#c3.g)[KL],#d[LM],#a2[LM],(b2.b1.#g)[KL],c1[KL],(c3.c2.#a)[KL],#g[KL],(c2.g)[KL],f[KL],(c3.c2.e)[KL],g[KL],e[KL],g[KL],(#a1.#a2.e)[KL],c[LM],g2[LM],(#a1.#a2.f)[KL],e[KL],(#g1.#g2.f)[KL],g[KL],(f2.#g2.#g)[KL],(#d2.g2.a)[KL],(d2.f2.#A-1.#a)[KL],(c2.#d2)[KL],(#a1.d2.#A-1.#a)[KL],(d2.f2)[KL],(f2.#g2)[KL],(#d2.g2)[KL],(d2.f2.#A-1.#a)[KL],(c2.#d2)[KL],(#a1.d2.#A-1.#a)[KL],(c2.#d2)[KL],(#a1.d2)[KL],(#g1.c2)[KL],(g1.#a1.#A-2.#A-1)[KL],(#g1.c2)[KLN],(g1.#a1.#A-2.#A-1)[KLN],(f1.#g1)[KL],(#d1.g1.#A-2.#A-1)[KLM],(#g.f1)[J],(g.#d1.#D-1.#d)[JKLM],"],"id":3}],"audition":{"start":[0,0],"end":[1,0]}}