{"baseBpm":384,"musics":[{"bpm":384,"baseBeats":0.75,"scores":["UV,mute[LM],mute[LM],mute[LM],ST,ST,mute[LM],mute[LM],mute[LM],mute[LM],ST,ST,mute[LM],mute[LM],mute[LM],mute[LM],ST,ST,ST,ST,ST,mute[LM],mute[LM],mute[LM],mute[LM],ST,ST,mute[LM],mute[LM],mute[LM],mute[LM],ST,ST,5<UV>,5<UV>,mute[LM],mute[LM],ST,ST,ST,RS,mute[LM],mute[LM],mute[LM],mute[LM],ST,ST,mute[LM],mute[LM],mute[LM],mute[LM],ST,ST,mute[LM],mute[LM],mute[LM],mute[LM],ST,ST,ST,ST,ST,mute[LM],mute[LM],mute[LM],mute[LM],ST,ST,mute[LM],mute[LM],mute[LM],mute[LM],ST,ST,5<UV>,5<UV>,mute[LM],mute[LM],ST,STW,STW,RSU,ST,ST,ST,ST,ST,ST,ST,ST,ST,5<UV>,mute[LM],mute[LM],mute[LM],ST,ST,5<UV>,mute[LM],mute[LM],mute[LM],ST,ST,mute[LM],mute[LM],mute[LM],mute[LM],ST,ST,mute[LM],mute[LM],mute[LM],mute[LM],ST,ST,ST,RS,ST,ST,ST,ST,ST,ST,ST,ST,ST,5<UV>,mute[LM],mute[LM],mute[LM],ST,ST,5<UV>,mute[LM],mute[LM],mute[LM],ST,ST,mute[LM],mute[LM],mute[LM],mute[LM],ST,ST,mute[LM],mute[LM],mute[LM],mute[LM],ST,ST,STV,","g[LM],c1[LM],e1[LM],g1[LM],c2[JK],(c.e.g.c1)[JK],c1[LM],e1[LM],g1[LM],c2[LM],e2[JK],(c.e.g.c1)[JK],e1[LM],g1[LM],c2[LM],e2[LM],(g1.g2)[JK],(e1.e)[JK],(d1.d.g1.b1.f2)[JK],(c1.c.g1.c2.e2)[JK],(g.G-1.g1.b1.d2)[JK],d1[LM],f1[LM],b1[LM],d2[LM],f2[JK],(G-1.B-1.d.f)[JK],f1[LM],b1[LM],d2[LM],f2[LM],b2[JK],(#G-1.B-1.d.f)[JK],b2[L],c3[L],b2[L],a2[LM],b2[LM],(a.A-1.c3)[JK],(f.F-1.c2.a2)[JK],(g.G-1.f1.b1)[JK],(c.C-1.e1.c2)[IJ],g[LM],c1[LM],e1[LM],g1[LM],c2[JK],(c.e.g.c1)[JK],c1[LM],e1[LM],g1[LM],c2[LM],e2[JK],(c.e.g.c1)[JK],e1[LM],g1[LM],c2[LM],e2[LM],(g1.g2)[JK],(e1.e)[JK],(d1.d.g1.b1.f2)[JK],(c1.c.g1.c2.e2)[JK],(g.G-1.g1.b1.d2)[JK],d1[LM],f1[LM],b1[LM],d2[LM],f2[JK],(G-1.B-1.d.f)[JK],f1[LM],b1[LM],d2[LM],f2[LM],b2[JK],(#G-1.B-1.d.f)[JK],b2[L],c3[L],b2[L],a2[LM],b2[LM],(a.A-1.c3)[JK],(f.F-1.c2.a2)[JKN],(g.G-1.f1.b1)[JKN],(c.C-1.e1.c2)[IJL],(G-1.g)[JK],(#G-1.c.#d.#g)[JK],c1[JK],#d1[JK],#g1[JK],c2[JK],#d2[JK],(#G-1.c.#d.#f.#d2)[JK],(#G-1.c.#d.#f)[JK],d2[M],c2[L],b1[LM],c2[LM],d2[LM],(#G-1.c.#d.#f.#d2)[JK],(#G-1.c.#d.#f)[JK],d2[M],c2[L],b1[LM],c2[LM],d2[LM],(G-1.c.e.g.e2)[JK],(G-1.c.e.g)[JK],e1[LM],g1[LM],c2[LM],e2[LM],(g.c1.e1.e2)[JK],(g.c1.e1)[JK],e1[LM],g1[LM],c2[LM],e2[LM],(g.b.d1.f1.g2)[JK],(g.b.d1.f1.b1.d2.f2.g2.b2)[JK],(g.b.d1.f1.b1.d2.f2.g2.b2)[JK],(c.e.g.c1.c2.e2.g2.c3)[IJ],(G-1.g)[JK],(#G-1.c.#d.#g)[JK],c1[JK],#d1[JK],#g1[JK],c2[JK],#d2[JK],(#G-1.c.#d.#f.#d2)[JK],(#G-1.c.#d.#f)[JK],d2[M],c2[L],b1[LM],c2[LM],d2[LM],(#G-1.c.#d.#f.#d2)[JK],(#G-1.c.#d.#f)[JK],d2[M],c2[L],b1[LM],c2[LM],d2[LM],(G-1.c.e.g.e2)[JK],(G-1.c.e.g)[JK],e1[LM],g1[LM],c2[LM],e2[LM],(g.c1.e1.e2)[JK],(g.c1.e1)[JK],e1[LM],g1[LM],c2[LM],e2[LM],(g.b.d1.f1.g2)[JK],(g.b.d1.f1.b1.d2.f2.g2.b2)[JK],(g.b.d1.f1.b1.d2.f2.g2.b2)[JKM],"],"id":1},{"bpm":384,"baseBeats":0.75,"scores":["RSVW,TU,TU,TU,TU,TU,TU,TU,TU,TU,TU,TU,TU,TU,TU,TU,TU,TU,TU,5<UV>,5<UV>,mute[LM],mute[LM],TU,TU,TU,TU,TU,TU,TU,TU,TU,TU,TU,TU,TU,TU,TU,TU,TU,TU,TU,TU,TU,TU,TU,TU,RS,TU,TU,TU,TU,TU,TU,TU,TU,TU,TU,TU,TU,TU,TU,TU,TU,TU,TU,5<UV>,5<UV>,mute[LM],mute[LM],TU,TU,TU,TU,TU,TU,TU,TU,TU,TU,TU,TU,TU,TU,TU,TU,TU,TU,TU,TU,TUW,TU,TU,TUV,RSV,TU,TU,mute[LM],mute[LM],mute[LM],mute[LM],TU,TU,TU,TU,mute[LM],mute[LM],mute[LM],mute[LM],TU,TU,TU,TU,mute[LM],mute[LM],mute[LM],mute[LM],mute[LM],mute[LM],mute[LM],mute[LM],mute[LM],mute[LM],mute[LM],mute[LM],TU,TU,TU,TU,TU,TU,TU,TU,TU,TU,TU,TU,TU,TU,TU,TU,TU,TU,TU,TU,TU,TU,TU,TU,RS,TU,TU,mute[LM],mute[LM],mute[LM],mute[LM],TU,TU,","(c.e.g.c1.c2.e2.g2.c3)[IJMN],(e2.c3)[KL],g2[KL],(d2.b2)[KL],f2[KL],(c2.a2)[KL],e2[KL],(b1.g2)[KL],d2[KL],(a1.f2)[KL],c2[KL],(g1.e2)[KL],b1[KL],(f1.d2)[KL],a1[KL],(e1.c2)[KL],g1[KL],(d1.b1)[KL],f1[KL],(c1.c2)[L],d2[L],c2[L],(e1.b1)[LM],c2[LM],(g.b.d2)[KL],d2[KL],d2[KL],d2[KL],(g1.d1.b.d2)[KL],d2[KL],(#f1.c1.a.d2)[KL],d2[KL],(e1.b.g.d2)[KL],d2[KL],(d1.a.#f.d2)[KL],d2[KL],(c1.g.e.d2)[KL],#f2[KL],(b.#f.d.e2)[KL],g2[KL],(a.e.c.#f2)[KL],a2[KL],(g.d.B-1.g2)[KL],b2[KL],(a.e.c.a2)[KL],c3[KL],(c1.a.d.#f2)[KL],a2[KL],(g.b.g2)[IJ],(e2.c3)[KL],g2[KL],(d2.b2)[KL],f2[KL],(c2.a2)[KL],e2[KL],(b1.g2)[KL],d2[KL],(a1.f2)[KL],c2[KL],(g1.e2)[KL],b1[KL],(f1.d2)[KL],a1[KL],(e1.c2)[KL],g1[KL],(d1.b1)[KL],f1[KL],(c1.c2)[L],d2[L],c2[L],(e1.b1)[LM],c2[LM],(g.b.d2)[KL],d2[KL],d2[KL],d2[KL],(g1.d1.b.d2)[KL],d2[KL],(#f1.c1.a.d2)[KL],d2[KL],(e1.b.g.d2)[KL],d2[KL],(d1.a.#f.d2)[KL],d2[KL],(c1.g.e.d2)[KL],#f2[KL],(b.#f.d.e2)[KL],g2[KL],(a.e.c.#f2)[KL],a2[KL],(g.d.B-1.g2)[KL],b2[KL],(a.e.c.a2)[KLN],c3[KL],(c1.a.d.#f2)[KL],a2[KLM],(g.b.g2)[IJM],(b1.g2)[KL],d2[KL],(G-1.a1.f2)[LM],g[LM],(G-1.c2)[LM],g[LM],(G-1.g1.e2)[KL],b1[KL],(f1.d2)[KL],a1[KL],(G-1.e1.c2)[LM],g[LM],(G-1.g1)[LM],g[LM],(G-1.d1.b1)[KL],f1[KL],(d1.d2)[KL],f1[KL],(G-2.c1.c2)[LM],G-1[LM],(G-2.e1)[LM],G-1[LM],(G-2.c1.a1)[LM],G-1[LM],(G-2.#d1)[LM],G-1[LM],(G-2.c1.#f1)[LM],G-1[LM],(G-2.#d1)[LM],G-1[LM],(G-2.b.d1.g1)[KL],g2[KL],g2[KL],g2[KL],(e1.g1.c2.g2)[KL],g2[KL],(f1.d1.b1.g2)[KL],g2[KL],(c1.e1.a1.g2)[KL],g2[KL],(b.d1.g1.g2)[KL],g2[KL],(a.c1.f1.g2)[KL],b2[KL],(g.b.e1.a2)[KL],c3[KL],(f.a.d1.b2)[KL],d3[KL],(e.g.c1.c3)[KL],e3[KL],(f.a.d1.d3)[KL],f3[KL],(g.d1.f1.b2)[KL],d3[KL],(c1.e1.c3)[IJ],(b1.g2)[KL],d2[KL],(G-1.a1.f2)[LM],g[LM],(G-1.c2)[LM],g[LM],(G-1.g1.e2)[KL],b1[KL],"],"id":2},{"bpm":384,"baseBeats":0.75,"scores":["TU,TU,mute[LM],mute[LM],mute[LM],mute[LM],TU,TU,TU,TU,mute[LM],mute[LM],mute[LM],mute[LM],mute[LM],mute[LM],mute[LM],mute[LM],mute[LM],mute[LM],mute[LM],mute[LM],TU,TU,TU,TU,TU,TU,TU,TU,TU,TU,TU,TU,TU,TU,TU,TU,TU,TU,TU,TU,TUW,TU,TUW,TUW,RSVW,mute[LM],mute[LM],mute[LM],mute[LM],ST,ST,mute[LM],mute[LM],mute[LM],mute[LM],ST,ST,mute[LM],mute[LM],mute[LM],mute[LM],ST,ST,ST,ST,ST,mute[LM],mute[LM],mute[LM],mute[LM],ST,ST,mute[LM],mute[LM],mute[LM],mute[LM],ST,ST,5<UV>,5<UV>,mute[LM],mute[LM],ST,STW,STW,RSU,ST,ST,ST,ST,ST,ST,ST,ST,ST,5<UV>,mute[LM],mute[LM],mute[LM],ST,STV,5<UV>,mute[LM],mute[LM],mute[LM],ST,ST,mute[LM],mute[LM],mute[LM],mute[LM],ST,ST,mute[LM],mute[LM],mute[LM],mute[LM],ST,ST,STV,RSVW,ST,ST,ST,ST,ST,ST,ST,ST,ST,5<UV>,mute[LM],mute[LM],mute[LM],ST,STVW,5<UV>,mute[LM],mute[LM],mute[LM],ST,ST,mute[LM],mute[LM],mute[LM],mute[LM],ST,ST,mute[LM],mute[LM],mute[LM],mute[LM],ST,STV,STU,RST,","(f1.d2)[KL],a1[KL],(G-1.e1.c2)[LM],g[LM],(G-1.g1)[LM],g[LM],(G-1.d1.b1)[KL],f1[KL],(d1.d2)[KL],f1[KL],(G-2.c1.c2)[LM],G-1[LM],(G-2.e1)[LM],G-1[LM],(G-2.c1.a1)[LM],G-1[LM],(G-2.#d1)[LM],G-1[LM],(G-2.c1.#f1)[LM],G-1[LM],(G-2.#d1)[LM],G-1[LM],(G-2.b.d1.g1)[KL],g2[KL],g2[KL],g2[KL],(e1.g1.c2.g2)[KL],g2[KL],(f1.d1.b1.g2)[KL],g2[KL],(c1.e1.a1.g2)[KL],g2[KL],(b.d1.g1.g2)[KL],g2[KL],(a.c1.f1.g2)[KL],b2[KL],(g.b.e1.a2)[KL],c3[KL],(f.a.d1.b2)[KL],d3[KL],(e.g.c1.c3)[KL],e3[KL],(f.a.d1.d3)[KLN],f3[KL],(g.d1.f1.b2)[KLN],d3[KLN],(c1.e1.c3)[IJMN],g[LM],c1[LM],e1[LM],g1[LM],c2[JK],(c.e.g.c1)[JK],c1[LM],e1[LM],g1[LM],c2[LM],e2[JK],(c.e.g.c1)[JK],e1[LM],g1[LM],c2[LM],e2[LM],(g1.g2)[JK],(e1.e)[JK],(d1.d.g1.b1.f2)[JK],(c1.c.g1.c2.e2)[JK],(g.G-1.g1.b1.d2)[JK],d1[LM],f1[LM],b1[LM],d2[LM],f2[JK],(G-1.B-1.d.f)[JK],f1[LM],b1[LM],d2[LM],f2[LM],b2[JK],(#G-1.B-1.d.f)[JK],b2[L],c3[L],b2[L],a2[LM],b2[LM],(a.A-1.c3)[JK],(f.F-1.c2.a2)[JKN],(g.G-1.f1.b1)[JKN],(c.C-1.e1.c2)[IJL],(G-1.g)[JK],(#G-1.c.#d.#g)[JK],c1[JK],#d1[JK],#g1[JK],c2[JK],#d2[JK],(#G-1.c.#d.#f.#d2)[JK],(#G-1.c.#d.#f)[JK],d2[M],c2[L],b1[LM],c2[LM],d2[LM],(#G-1.c.#d.#f.#d2)[JK],(#G-1.c.#d.#f)[JKN],d2[M],c2[L],b1[LM],c2[LMN],d2[LM],(G-1.c.e.g.e2)[JK],(G-1.c.e.g)[JK],e1[LM],g1[LM],c2[LM],e2[LM],(g.c1.e1.e2)[JK],(g.c1.e1)[JK],e1[LM],g1[LM],c2[LM],e2[LM],(g.b.d1.f1.g2)[JK],(g.b.d1.f1.b1.d2.f2.g2.b2)[JK],(g.b.d1.f1.b1.d2.f2.g2.b2)[JKM],(c.e.g.c1.c2.e2.g2.c3)[IJMN],(G-1.g)[JK],(#G-1.c.#d.#g)[JK],c1[JK],#d1[JK],#g1[JK],c2[JK],#d2[JK],(#G-1.c.#d.#f.#d2)[JK],(#G-1.c.#d.#f)[JK],d2[M],c2[L],b1[LM],c2[LM],d2[LM],(#G-1.c.#d.#f.#d2)[JK],(#G-1.c.#d.#f)[JKN],d2[M],c2[L],b1[LMN],c2[LM],d2[LMN],(G-1.c.e.g.e2)[JK],(G-1.c.e.g)[JK],e1[LM],g1[LM],c2[LM],e2[LM],(g.c1.e1.e2)[JK],(g.c1.e1)[JK],e1[LM],g1[LM],c2[LM],e2[LM],(g.b.d1.f1.g2)[JK],(g.b.d1.f1.b1.d2.f2.g2.b2)[JKM],(g.b.d1.f1.b1.d2.f2.g2.b2)[JKL],(c.e.g.c1.c2.e2.g2.c3)[IJK],"],"id":3}],"audition":{"start":[0,0],"end":[1,0]}}