{"baseBpm":40,"musics":[{"id":1,"baseBeats":0.25,"scores":["e[M],(g.b)[M],(g.b)[M],e[M],(g.b)[M],(g.b)[M],d[M],(g.b)[M],(g.b)[M],d[M],(g.b)[M],(g.b)[M];c[M],(g.b)[M],(g.b)[M],c[M],(g.b)[M],(g.b)[M],c[M],(g.b)[M],(g.b)[M],c[M],(g.b)[M],(g.b)[M];e[M],(g.b)[M],(g.b)[M],e[M],(g.b)[M],(g.b)[M],d[M],(g.b)[M],(g.b)[M],d[M],(g.b)[M],(g.b)[M];c[M],(g.b)[M],(g.b)[M],c[M],(g.b)[M],(g.b)[M],c[M],(g.b)[M],(g.b)[M],c[M],(g.b)[M],(g.b)[M];e[M],(g.b)[M],(g.b)[M],e[M],(g.b)[M],(g.b)[M],d[M],(g.b)[M],(g.b)[M],d[M],(g.b)[M],(g.b)[M];c[M],(g.b)[M],(g.b)[M],c[M],(g.b)[M],(g.b)[M],c[M],(g.b)[M],(g.b)[M],c[M],(g.b)[M],(g.b)[M];e[M],(g.b)[M],(g.b)[M],e[M],(g.b)[M],(g.b)[M],d[M],(g.b)[M],(g.b)[M],d[M],(g.b)[M],(g.b)[M];c[M],(g.b)[M],(g.b)[M],c[M],(g.b)[M],(g.b)[M],c[M],(g.b)[M],(g.b)[M],c[M],(g.b)[M],(g.b)[M];e[M],(g.b)[M],(g.b)[M],e[M],(g.b)[M],(g.b)[M],d[M],(g.b)[M],(g.b)[M],d[M],(g.b)[M],(g.b)[M];c[M],(g.b)[M],(g.b)[M],c[M],(g.b)[M],(g.b)[M],c[M],(g.b)[M],(g.b)[M],c[M],(g.b)[M],(g.b)[M];5<V>,5<V>,5<V>,5<V>,5<V>,5<V>,5<V>,5<V>,5<V>,5<V>,5<V>,5<V>;5<V>,5<V>,5<V>,5<V>,5<V>,5<V>,5<V>,5<V>,5<V>,5<V>,5<V>,5<V>;","ST;ST;b1[KL],a1[KL];g1[JK];b1[KL],a1[KL];g1[JK];e2[K],d2[M],e2[M],#f2[L],e2[L],d2[L];b1[JK];b1[K],a1[M],b1[M],d2[L],c2[L],b1[L];g1[JK];e[M],(g.b)[M],(g.b)[M],e[M],(g.b)[M],(g.b)[M],d[M],(g.b)[M],(g.b)[M],d[M],(g.b)[M],(g.b)[M];c[M],(g.b)[M],(g.b)[M],c[M],(g.b)[M],(g.b)[M],c[M],(g.b)[M],(g.b)[M],c[M],(g.b)[M],(g.b)[M];","ST;ST;ST;ST;ST;ST;ST;ST;ST;ST;b2[N],g2[N],e2[N],b1[N],e2[N],g2[N],b2[N],g2[N],e2[N],b1[N],e2[N],g2[N],b2[N],g2[N],d2[N],b1[N],d2[N],g2[N],b2[N],g2[N],d2[N],b1[NO],d2[NO];b2[N],e2[N],c2[N],b1[N],c2[N],e2[N],b2[N],e2[N],c2[N],b1[N],c2[N],e2[N],b2[N],e2[N],c2[N],b1[N],c2[N],e2[N],b2[N],e2[N],c2[N],b1[N],c2[N],e2[N];"]},{"id":2,"baseBeats":0.25,"scores":["5<V>,5<V>,5<V>,5<V>,5<V>,5<V>,5<V>,5<V>,5<V>,5<V>,5<V>,5<V>;5<V>,5<V>,5<V>,5<V>,5<V>,5<V>,5<V>,5<V>,5<V>,c[M],(g.b)[M],(g.b)[M];e[M],(g.b)[M],(g.b)[M],e[M],(g.b)[M],(g.b)[M],d[M],(g.b)[M],(g.b)[M],d[M],(g.b)[M],(g.b)[M];c[M],(g.b)[M],(g.b)[M],c[M],(g.b)[M],(g.b)[M],c[M],(g.b)[M],(g.b)[M],c[M],(g.b)[M],(g.b)[M];e[M],(g.b)[M],(g.b)[M],e[M],(g.b)[M],(g.b)[M],d[M],(g.b)[M],(g.b)[M],d[M],(g.b)[M],(g.b)[M];c[M],(g.b)[M],(g.b)[M],c[M],(g.b)[M],(g.b)[M],c[M],(g.b)[M],(g.b)[M],c[M],(g.b)[M],(g.b)[M];e[M],(g.b)[M],(g.b)[M],e[M],(g.b)[M],(g.b)[M],d[M],(g.b)[M],(g.b)[M],d[M],(g.b)[M],(g.b)[M];c[M],(g.b)[M],(g.b)[M],c[M],(g.b)[M],(g.b)[M],c[M],(g.b)[M],(g.b)[M],c[M],(g.b)[M],(g.b)[M];e[M],(g.b)[M],(g.b)[M],e[M],(g.b)[M],(g.b)[M],d[M],(g.b)[M],(g.b)[M],d[M],(g.b)[M],(g.b)[M];c[M],(g.b)[M],(g.b)[M],c[M],(g.b)[M],(g.b)[M],c[M],(g.b)[M],(g.b)[M],c[M],(g.b)[M],(g.b)[M];5<V>,5<V>,5<V>,5<V>,5<V>,5<V>,5<V>,5<V>,5<V>,5<V>,5<V>,5<V>;5<V>,5<V>,5<V>,5<V>,5<V>,5<V>,5<V>,5<V>,5<V>,5<V>,5<V>,5<V>;5<V>,5<V>,5<V>,5<V>,5<V>,5<V>,5<V>,5<V>,5<V>,5<V>,5<V>,5<V>;5<V>,5<V>,5<V>,5<V>,5<V>,5<V>,5<V>,5<V>,5<V>,5<V>,5<V>,5<V>;","e[M],(g.b)[M],(g.b)[M],e[M],(g.b)[M],(g.b)[M],d[M],(g.b)[M],(g.b)[M],d[M],(g.b)[M],(g.b)[M];c[M],(g.b)[M],(g.b)[M],c[M],(g.b)[M],(g.b)[M],c[M],(g.b)[M],(g.b)[M],b2[LM];b2[K],a2[M],b2[M],d3[L],c3[L],b2[L];g2[JK];b2[K],b2[M],c3[M],d3[L],c3[L],b2[L];g2[JK];(e2.e3)[K],(d2.d3)[M],(e2.e3)[M],(#f2.#f3)[L],(e2.e3)[L],(d2.d3)[L];(b1.b2)[JK];b1[K],a1[M],b1[M],d2[L],c2[L],b1[L];g1[JK];e[M],(g.b)[M],(g.b)[M],e[M],(g.b)[M],(g.b)[M],d[M],(g.b)[M],(g.b)[M],d[M],(g.b)[M],(g.b)[M];c[M],(g.b)[M],(g.b)[M],c[M],(g.b)[M],(g.b)[M],c[M],(g.b)[M],(g.b)[M],c[M],(g.b)[M],(g.b)[M];e[M],(g.b)[M],(g.b)[M],e[M],(g.b)[M],(g.b)[M],d[M],(g.b)[M],(g.b)[M],d[M],(g.b)[M],(g.b)[M];c[M],(g.b)[M],(g.b)[M],c[M],(g.b)[M],(g.b)[M],c[M],(g.b)[M],(g.b)[M],c[M],(g.b)[M],(g.b)[M];","b2[N],g2[N],e2[N],b1[N],e2[N],g2[N],b2[N],g2[N],e2[N],b1[N],e2[N],g2[N],b2[N],g2[N],d2[N],b1[N],d2[N],g2[N],b2[N],g2[N],d2[N],b1[N],d2[N],g2[N];b2[N],e2[N],c2[N],b1[N],c2[N],e2[N],b2[N],e2[N],c2[N],b1[N],c2[N],e2[N],b2[N],e2[N],c2[N],b1[N],c2[N],e2[N],UV;ST;ST;ST;ST;ST;ST;ST;ST;b2[N],g2[N],e2[N],b1[N],e2[N],g2[N],b2[N],g2[N],e2[N],b1[N],e2[N],g2[N],b2[N],g2[N],d2[N],b1[N],d2[N],g2[N],b2[N],g2[N],d2[N],b1[N],d2[N],g2[N];b2[N],e2[N],c2[N],b1[N],c2[N],e2[N],b2[N],e2[N],c2[N],b1[N],c2[N],e2[N],b2[N],e2[N],c2[N],b1[N],c2[N],e2[N],b2[N],e2[N],c2[N],b1[N],c2[N],e2[N];b2[N],g2[N],e2[N],b1[N],e2[N],g2[N],b2[N],g2[N],e2[N],b1[N],e2[N],g2[N],b2[N],g2[N],d2[N],b1[N],d2[N],g2[N],b2[N],g2[N],d2[N],b1[N],d2[N],g2[N];b2[N],e2[N],c2[N],b1[N],c2[N],e2[N],b2[N],e2[N],c2[N],b1[N],c2[N],e2[N],b2[N],e2[N],c2[N],b1[N],c2[N],e2[N],b2[N],e2[N],c2[N],b1[NO],c2[NO];"]},{"id":3,"baseBeats":0.25,"scores":["5<V>,5<V>,5<V>,5<V>,5<V>,5<V>,5<V>,5<V>,5<V>,5<V>,5<V>,5<V>;5<V>,5<V>,5<V>,5<V>,5<V>,5<V>,5<V>,5<V>,5<V>,5<V>,5<V>,5<V>;5<V>,5<V>,5<V>,5<V>,5<V>,5<V>,5<V>,5<V>,5<V>,5<V>,5<V>,5<V>;5<V>,5<V>,5<V>,5<V>,5<V>,5<V>,5<V>,5<V>,5<V>,5<V>,5<V>,5<V>;5<V>,5<V>,5<V>,5<V>,5<V>,5<V>,5<V>,5<V>,5<V>,5<V>,5<V>,5<V>;5<V>,5<V>,5<V>,5<V>,5<V>,5<V>,5<V>,5<V>,5<V>,5<V>,5<V>,5<V>;5<V>,5<V>,5<V>,5<V>,5<V>,5<V>,5<V>,5<V>,5<V>,5<V>,5<V>,5<V>;5<V>,5<V>,5<V>,5<V>,5<V>,5<V>,5<V>,5<V>,5<V>,5<V>,5<V>,5<V>;5<V>,5<V>,5<V>,5<V>,5<V>,5<V>,5<V>,5<V>,5<V>,5<V>,5<V>,5<V>;e[M],(g.b)[M],(g.b)[M],e[M],(g.b)[M],(g.b)[M],d[M],(g.b)[M],(g.b)[M],d[M],(g.b)[M],(g.b)[M];c[M],(g.b)[M],(g.b)[M],c[M],(g.b)[M],(g.b)[M],c[M],(g.b)[M],(g.b)[M],c[M],(g.b)[M],(g.b)[M];e[M],(g.b)[M],(g.b)[M],e[M],(g.b)[M],(g.b)[M],d[M],(g.b)[M],(g.b)[M],d[M],(g.b)[M],(g.b)[M];(c.g1.g2)[JK];","G-1[M],(d.g)[M],(d.g)[M],G-1[M],(d.g)[M],(d.g)[M],#F-1[M],(d.#f)[M],(d.#f)[M],#F-1[M],(d.#f)[M],(d.#f)[M];E-1[M],(B-1.e)[M],(B-1.e)[M],E-1[M],(B-1.e)[M],(B-1.e)[M],E-1[M],(B-1.e)[M],(B-1.e)[M],E-1[M],(B-1.e)[M],(B-1.e)[M];G-1[M],(d.g)[M],(d.g)[M],G-1[M],(d.g)[M],(d.g)[M],#F-1[M],(d.#f)[M],(d.#f)[M],#F-1[M],(d.#f)[M],(d.#f)[M];E-1[M],(B-1.e)[M],(B-1.e)[M],E-1[M],(B-1.e)[M],(B-1.e)[M],E-1[M],(B-1.e)[M],(B-1.e)[M],E-1[M],(B-1.e)[M],(B-1.e)[M];(G-1.g)[M],(d.b)[M],(d.b)[M],G-1[M],(d.b)[M],(d.b)[M],#F-1[M],(d.b)[M],(d.b)[M],#F-1[M],(d.b)[M],(d.b)[M];E-1[M],(e.b)[M],(e.b)[M],E-1[M],(e.b)[M],(e.b)[M],E-1[M],(e.b)[M],(e.b)[M],E-1[M],(e.b)[M],(e.b)[M];(G-1.g)[M],(d.b)[M],(d.b)[M],G-1[M],(d.b)[M],(d.b)[M],#F-1[M],(d.b)[M],(d.b)[M],#F-1[M],(d.b)[M],(d.b)[M];E-1[M],(e.b)[M],(e.b)[M],E-1[M],(e.b)[M],(e.b)[M],E-1[M],(e.b)[M],(e.b)[M],E-1[M],(e.b)[M],(e.b)[M];(G-1.g)[M],(d.b)[M],(d.b)[M],G-1[M],(d.b)[M],(d.b)[M],#F-1[M],(d.b)[M],(d.b)[M],#F-1[M],(d.b)[M],(d.b)[M];b2[K],a2[M],b2[M],d3[L],c3[L],b2[L];g2[JK],(b1.b2)[K],(a1.a2)[M],(b1.b2)[M],(d2.d3)[L],(c2.c3)[L],(a1.a2)[L];ST;","b2[N],g2[N],d2[N],b1[N],d2[N],g2[N],b2[N],g2[N],d2[N],b1[N],d2[N],g2[N],b2[N],#f2[N],d2[N],b1[N],d2[N],#f2[N],b2[N],#f2[N],d2[N],b1[N],d2[N],#f2[N];b2[N],g2[N],e2[N],b1[N],e2[N],g2[N],b2[N],g2[N],e2[N],b1[N],e2[N],g2[N],b2[N],g2[N],e2[N],b1[N],e2[N],g2[N],b2[N],g2[N],e2[N],b1[N],e2[N],g2[N];b2[N],g2[N],d2[N],b1[N],d2[N],g2[N],b2[N],g2[N],d2[N],b1[N],d2[N],g2[N],b2[N],#f2[N],d2[N],b1[N],d2[N],#f2[N],b2[N],#f2[N],d2[N],b1[N],d2[N],#f2[N];b2[N],g2[N],e2[N],b1[N],e2[N],g2[N],b2[N],g2[N],e2[N],b1[N],e2[N],g2[N],b2[N],g2[N],e2[N],b1[N],e2[N],g2[N],b2[N],g2[N],e2[N],b1[N],e2[N],g2[N];(b1.b2)[N],g2[N],d2[N],b1[N],d2[N],g2[N],b2[N],b1[N],a2[N],b1[NO],b2[NO],d3[N],d2[N],#f2[N],d2[N],#f2[N],d2[N],d3[N],d2[N],#f2[N],c3[N],d2[N],#f2[N];(b1.b2)[N],g2[N],e2[N],b1[N],e2[N],g2[N],b2[N],g2[N],e2[N],b1[N],e2[N],g2[N],b2[N],g2[N],e2[N],b1[N],e2[N],g2[N],b2[N],g2[N],e2[N],b1[N],e2[N],g2[N];(b1.b2)[N],g2[N],d2[N],b1[N],d2[N],g2[N],b2[N],b1[N],a2[N],b1[N],b2[N],b1[N],(d2.d3)[N],d2[N],#f2[N],d2[N],#f2[N],d2[N],d3[N],d2[N],#f2[N],c3[N],d2[N],#f2[N];(b1.b2)[N],g2[N],e2[N],b1[N],e2[N],g2[N],b2[N],g2[N],e2[N],b1[N],e2[N],g2[N],b2[N],g2[N],e2[N],b1[N],e2[N],g2[N],b2[N],g2[N],e2[N],b1[N],e2[N],g2[N];(b1.b2)[N],g2[N],d2[N],b1[N],d2[N],g2[N],b2[N],b1[N],a2[N],b1[N],b2[N],b1[N],(d2.d3)[N],d2[N],#f2[N],d2[N],#f2[N],d2[N],d3[N],d2[N],#f2[N],c3[N],d2[N],#f2[N];ST;ST;ST;ST;"]}]}