{"baseBpm":140,"musics":[{"id":1,"baseBeats":0.25,"scores":["(d2.d3)[M],V,(d2.d3)[M],a2[M],(d2.d3)[M],V,(d2.d3)[M],g2[M],d3[M],a2[M],d3[M],#f3[M],U,(d2.d3)[M],a2[M];(d2.d3)[M],V,(d2.d3)[M],a2[M],(d2.d3)[M],V,(d2.d3)[M],g2[M],d3[M],a2[M],d3[M],#f3[M],U,d3[M],#f3[M];a3[M],a2[M],a3[M],a2[M],#f3[M],a2[M],d3[M],a2[M],a3[M],a2[M],a3[M],a2[M],#f3[M],a2[M],d3[M],a2[M];d4[M],d3[M],d4[M],d3[M],a3[M],a2[M],#f3[M],a2[M],d4[M],d3[M],d4[M],d3[M],a3[M],a2[M],#f3[M],#f2[M];(d2.d3)[M],V,(d2.d3)[M],a2[M],(d2.d3)[M],V,(d2.d3)[M],g2[M],d3[M],a2[M],d3[M],#f3[M],U,(d2.d3)[M],a2[M];(d2.d3)[M],V,(d2.d3)[M],a2[M],(d2.d3)[M],V,(d2.d3)[M],g2[M],d3[M],a2[M],d3[M],#f3[M],U,d3[M],#f3[M];a3[M],a2[M],a3[M],a2[M],#f3[M],a2[M],d3[M],a2[M],a3[M],a2[M],a3[M],a2[M],#f3[M],a2[M],d3[M],a2[M];d4[M],d3[M],d4[M],d3[M],a3[M],a2[M],#f3[M],a2[M],d4[M],d3[M],d4[M],d3[M],a3[M],a2[M],#f3[M],#f2[M];(d2.d3)[M],V,(d2.d3)[M],a2[M],U,(#c2.#c3)[M],#f2[M],(b1.b2)[M],V,(b1.b2)[M],g2[M],U,(g2.g3)[M],b2[M];(e2.e3)[M],V,(e2.e3)[M],b2[M],U,(d2.d3)[M],g2[M],(#c2.#c3)[M],V,(#c2.#c3)[M],a2[M],U,a3[M],a2[M];(C-1.c)[K],(B-2.B-1)[K],e3[L],V,d3[M],#c3[M],b2[M],a2[M],e3[M];d3[M],V,d3[M],a2[M],d3[M],V,(d2.d3)[M],a2[M];(d2.d3)[M],V,(d2.d3)[M],a2[M],U,(#c2.#c3)[M],#f2[M],(b1.b2)[M],V,(b1.b2)[M],g2[M],U,(g2.g3)[M],b2[M];(e2.e3)[M],V,(e2.e3)[M],b2[M],U,(d2.d3)[M],g2[M],(#c2.#c3)[M],V,(#c2.#c3)[M],a2[M],U,a3[M],a2[M];(C-1.c)[K],(B-2.B-1)[K],e3[L],V,d3[M],#c3[M],b2[M],a2[M],e3[M];d3[M],V,d3[M],a2[M],d3[M],UV;","#f1[M],d1[M],#f1[L],g1[M],e1[M],g1[L],a1[M],#f1[M],a1[L],(#f1.a1)[K],#f1[M],d1[M],#f1[L],g1[M],e1[M],g1[L],a1[M],#f1[M],a1[L],(#f1.a1)[K],(d1.#f1)[L],(d1.#f1)[L],(#f1.a1)[L],(e1.g1)[M],(d1.#f1)[M],(#c1.e1)[L],(#c1.e1)[L],d1[K],(#f1.a1)[L],(e1.g1)[M],(d1.#f1)[M],(#c1.e1)[L],(#c1.#f1)[L],(a.d1)[L],(a.d1)[L],(a.d1)[K],#f1[M],d1[M],#f1[L],g1[M],e1[M],g1[L],a1[M],#f1[M],a1[L],(#f1.a1)[K],#f1[M],d1[M],#f1[L],g1[M],e1[M],g1[L],a1[M],#f1[M],a1[L],(#f1.a1)[K],(d1.#f1)[L],(d1.#f1)[L],(#f1.a1)[L],(e1.g1)[M],(d1.#f1)[M],(#c1.e1)[L],(#c1.e1)[L],d1[K],(#f1.a1)[L],(e1.g1)[M],(d1.#f1)[M],(#c1.e1)[L],(#c1.#f1)[L],(a.d1)[L],(a.d1)[L],(a.d1)[K],(d1.#f1)[M],e1[M],#f1[M],g1[M],(#f1.a1)[K],(d1.a1)[M],g1[M],g1[M],#f1[M],(d1.e1)[K],(d1.g1)[M],#f1[M],g1[M],(#f1.a1)[M],(g1.b1)[L],(g1.b1)[L],(e1.b1)[M],a1[M],a1[M],g1[M],(d1.#f1)[K],(d1.#f1.a1)[K],(a1.#d2.#f2)[K],(b1.e2.g2)[LM],b1[M],a1[L],#c2[L],(#f1.d2)[L],(#f1.d2)[L],(#f1.d2)[K],(d1.#f1)[M],e1[M],#f1[M],g1[M],(#f1.a1)[K],(d1.a1)[M],g1[M],g1[M],#f1[M],(d1.e1)[K],(d1.g1)[M],#f1[M],g1[M],(#f1.a1)[M],(g1.b1)[L],(g1.b1)[L],(e1.b1)[M],a1[M],a1[M],g1[M],(d1.#f1)[K],(d1.#f1.a1)[K],(a1.#d2.#f2)[K],(b1.e2.g2)[LM],b1[M],a1[L],#c2[L],(#f1.d2)[L],(#f1.d2)[L],(#f1.d2)[K],","(d.#f)[L],(d.#f)[L],(e.g)[L],(e.g)[L],(#f.a)[L],(#f.a)[L],(#f.a)[K],(d.#f)[L],(d.#f)[L],(e.g)[L],(e.g)[L],(#f.a)[L],(#f.a)[L],(#f.a)[K],(d.#f)[L],(d.#f)[L],(#f.a)[K],(A-1.e)[L],(A-1.e)[L],(d.#f)[K],(d.#f)[L],(d.#f)[L],(A-1.a)[K],(d.#f)[L],(d.#f)[L],(d.#f)[K],(d.#f)[L],(d.#f)[L],(e.g)[L],(e.g)[L],(#f.a)[L],(#f.a)[L],(#f.a)[K],(d.#f)[L],(d.#f)[L],(e.g)[L],(e.g)[L],(#f.a)[L],(#f.a)[L],(#f.a)[K],(d.#f)[L],(d.#f)[L],(#f.a)[K],(A-1.e)[L],(A-1.e)[L],(d.#f)[K],(d.#f)[L],(d.#f)[L],(A-1.a)[K],(d.#f)[L],(d.#f)[L],(d.#f)[K],(d.#f)[K],(#f.a)[K],(d.g)[L],#f[L],(d.e)[K],(d.g)[K],(d.b)[K],(d.a)[L],g[L],(d.#f)[K],(d.#f.a)[K],(a.#d1.#f1)[K],(g.e1.g1)[LM],b[M],(g.a)[L],#c1[L],(#f.d1)[L],(#f.d1)[L],(#f.d1)[K],(d.#f)[K],(#f.a)[K],(d.g)[L],#f[L],(d.e)[K],(d.g)[K],(d.b)[K],(d.a)[L],g[L],(d.#f)[K],(d.#f.a)[K],(a.#d1.#f1)[K],(g.e1.g1)[LM],b[M],(g.a)[L],#c1[L],(#f.d1)[L],(#f.d1)[L],(#f.d1)[K],","U,(D-2.D-1)[K],(D-2.D-1)[K],(D-2.D-1)[L],d3[L],(D-2.D-1)[K],(D-2.D-1)[K],(D-2.D-1)[K],(D-2.D-1)[L],d3[M],a2[M],(D-2.D-1)[K],(D-2.D-1)[K],(D-2.D-1)[K],(D-2.D-1)[K],(D-2.D-1)[K],(D-2.D-1)[K],(D-2.D-1)[K],(D-2.D-1)[K],(D-2.D-1)[K],(D-2.D-1)[K],(D-2.D-1)[K],(D-2.D-1)[L],d3[L],(D-2.D-1)[K],(D-2.D-1)[K],(D-2.D-1)[K],(D-2.D-1)[L],d3[M],a2[M],(D-2.D-1)[K],(D-2.D-1)[K],(D-2.D-1)[K],(D-2.D-1)[K],(D-2.D-1)[K],(D-2.D-1)[K],(D-2.D-1)[K],(D-2.D-1)[K],(D-2.D-1)[K],(D-2.D-1)[L],(#c2.#c3)[L],(D-2.D-1)[K],(D-2.D-1)[L],(g2.g3)[L],(D-2.D-1)[K],(D-2.D-1)[L],(d2.d3)[L],(D-2.D-1)[K],(D-2.D-1)[L],(a2.a3)[L],(D-2.D-1)[L],#f3[L],#f3[M],a2[M],#d3[L],#d3[M],a2[M],(E-2.E-1)[K],(A-2.A-1)[K],D-1[L],D-2[L],D-1[KL],(D-2.D-1)[L],(#c2.#c3)[L],(D-2.D-1)[K],(D-2.D-1)[L],(g2.g3)[L],(D-2.D-1)[K],(D-2.D-1)[L],(d2.d3)[L],(D-2.D-1)[K],(D-2.D-1)[L],(a2.a3)[L],(D-2.D-1)[L],#f3[L],#f3[M],a2[M],#d3[L],#d3[M],a2[M],(E-2.E-1)[K],(A-2.A-1)[K],D-1[L],D-2[L],D-1[K],"]},{"id":2,"baseBeats":0.25,"scores":["(b2.d3.#f3)[KL],b2[L],(b2.#c3)[K],(#a2.d3)[L],e3[M],#f3[M];(b2.e3)[L],d3[M],5<(d2.d3)[N],(e2.e3)[N]>,d3[L],#c3[M],5<(#c2.#c3)[N],(d2.d3)[N]>,#c3[L],b2[L],b2[L],b3[L];(b2.e3.g3.b3)[KL],e3[L],(e3.#f3)[K],(#d3.g3)[L],a3[M],b3[M];(e3.a3)[L],g3[M],5<(g2.g3)[N],(a2.a3)[N]>,g3[L],#f3[M],5<(#f2.#f3)[N],(g2.g3)[N]>,#f3[L],e3[L],e3[L],f3[L];(#f2.#a2.#c3.#f3)[KL],#c3[L],#f3[L],e3[L],e3[L],#f3[L];e3[L],d3[M],5<(d2.d3)[N],(e2.e3)[N]>,d3[L],#c3[M],5<(#c2.#c3)[N],(d2.d3)[N]>,#c3[L],#a2[L],#c3[L],b2[L];a2[KL],b2[L],#c3[KM],d3[M],d3[M],#d3[M];e3[L],a3[M],5<(g2.g3)[N],(a2.a3)[N]>,g3[LM],#f3[M],#f3[KL],#f2[L];(#f2.#a2.#c3.#f3)[KL],#c3[L],#f3[L],e3[L],e3[L],#f3[L];e3[L],d3[M],5<(d2.d3)[N],(e2.e3)[N]>,d3[L],#c3[M],5<(#c2.#c3)[N],(d2.d3)[N]>,#c3[L],#a2[L],b2[L],f2[L];#f2[KM],(e3.g3)[M],(e3.g3)[M],(d3.#f3)[M],(d3.#f3)[M],(#c3.e3)[M],(#c3.e3)[M],(b2.d3)[M],(b2.d3)[M],(#a2.#c3)[M],(#a2.#c3)[M],(#c3.e3)[M];(b2.d3)[M],V,(#f2.b2.d3)[M],V,(e2.#f2.#a2.#c3)[K],(d2.#f2.b2)[KM],#a2[M],b2[M],#c3[M];d3[M],a2[M],d2[M],a1[M],d3[M],g2[M],d2[M],g1[M],d3[M],a2[M],d2[M],a1[M],#f3[M],d3[M],a2[M],#f2[M];d3[M],a2[M],d2[M],a1[M],d3[M],g2[M],d2[M],g1[M],d3[M],a2[M],d2[M],a1[M],a3[M],#f3[M],a2[M],#f2[M];(d3.#f3)[M],V,(d3.#f3)[M],V,(#f3.a3)[L],(e3.g3)[M],(d3.#f3)[M],(#c3.e3)[M],V,(#c3.e3)[M],V,d3[K],(#f3.a3)[L],(e3.g3)[M],(d3.#f3)[M],(#c3.e3)[MO],VX,(#c3.#f3)[MO],VX,(d2.d3)[MN],VW,(d2.d3)[MN],a2[MN],(d2.d3)[MNO],VWX,(d2.d3)[L],a2[L];","(#f1.b1.d2)[KL],b1[L],(b1.#c2)[K],(#a1.d2)[L],e2[M],#f2[M],(b1.e2)[L],d2[L],d2[L],#c2[L],#c2[L],b1[L],b1[L],b2[L],(b1.e2.g2)[KL],e2[L],(e2.#f2)[K],(#d2.g2)[L],a2[M],b2[M],(e2.a2)[L],g2[L],g2[L],#f2[L],#f2[L],e2[L],e2[L],f2[L],(#f1.#a1.#c2)[KL],#c2[L],#f2[L],e2[L],e2[L],#f2[L],e2[L],d2[L],d2[L],#c2[L],#c2[L],#a1[L],#c2[L],b1[L],a1[KL],b1[L],#c2[KM],d2[M],d2[M],#d2[M],e2[L],a2[L],g2[LM],#f2[M],#f2[KL],#f1[L],(#f1.#a1.#c2)[KL],#c2[L],#f2[L],e2[L],e2[L],#f2[L],e2[L],d2[L],d2[L],#c2[L],#c2[L],#a1[L],b1[L],f1[L],#f1[KM],(e2.g2)[M],(e2.g2)[M],(d2.#f2)[M],(d2.#f2)[M],(#c2.e2)[M],(#c2.e2)[M],(b1.d2)[M],(b1.d2)[M],(#a1.#c2)[M],(#a1.#c2)[M],(#c2.e2)[M],(b1.d2)[L],(#f1.b1.d2)[L],(e1.#f1.#a1.#c2)[K],(d1.#f1.b1)[KM],#a1[M],b1[M],#c2[HM],(d2.#f2)[L],(d2.#f2)[L],(#f2.a2)[L],(e2.g2)[M],(d2.#f2)[M],(#c2.e2)[L],(#c2.e2)[L],d2[K],(#f2.a2)[L],(e2.g2)[M],(d2.#f2)[M],(#c2.e2)[LN],(#c2.#f2)[MO],","d1[M],b[M],#f[M],d[M],B-1[M],#F-1[M],D-1[M],B-2[M],g1[M],e1[M],b[M],g[M],#f1[M],d1[M],#a[M],#f[M],#f1[M],d1[M],b[M],#f[M],#f1[M],e1[M],#a[M],#f[M],#f1[M],d1[M],b[M],#f[M],a1[M],#f1[M],#d1[M],a[M],g1[M],e1[M],b[M],g[M],e[M],B-1[M],G-1[M],E-1[M],c1[M],a[M],#f[M],#f1[M],#d1[M],b[M],g[M],g1[M],e1[M],c1[M],g[M],g1[M],c2[M],a1[M],#f1[M],c1[M],b1[M],g1[M],e1[M],b[M],b[M],g[M],d[M],B-1[M],#F-2[M],#A-2[M],#C-1[M],#F-1[M],#A-1[M],#c[M],#f[M],#a[L],B-1[M],#f[M],b[L],#c[M],#f[M],#c1[L],d[M],#f[M],b[L],e[M],#a[M],e1[L],#f[M],#a[M],#c1[M],d[M],f[M],b[M],d1[L],#c[M],e[M],a[M],#c1[M],e[M],d1[M],f[L],e[M],a[M],#c1[M],e1[M],a[M],a1[M],a[L],g1[M],e1[M],g[L],e1[M],#c1[M],g[L],#f1[M],d1[M],a[M],#f[M],d[M],A-1[M],#F-1[M],#F-2[M],#A-2[M],#C-1[M],#F-1[M],#A-1[M],#c[M],#f[M],#a[L],B-1[M],#f[M],b[L],#c[M],#f[M],#c1[L],d[M],#f[M],b[L],e[M],#a[M],e1[L],#f[M],#a[M],#c1[M],d[M],f[M],b[M],d1[M],#f[M],#a[M],#c1[M],e1[M],d1[M],b[M],g[M],d[M],(#f.#a)[LM],b[M],(#f.#c1)[LM],#a[M],(#f.#f1)[L],(d.d1)[L],(#f.#a)[K],(d.#f.b)[J],(d.#f)[M],#c[M],d[L],(d.g)[M],#c[M],d[L],(d.a)[M],#c[M],d[LM],d1[M],#f1[M],d1[M],(d.#f)[M],#c[M],d[L],(d.g)[M],#c[M],d[L],(d.a)[M],#c[M],d[LM],d1[M],#f1[M],d1[M],a1[M],a[M],a1[M],a[M],#f1[M],a[M],d1[M],a[M],a1[M],a[M],a1[M],a[M],#f1[M],a[M],d1[M],a[M],d2[M],d1[M],a1[M],a[M],a1[MO],a[MO],#f1[MO],a[MO],a1[MN],a[MN],#f1[MN],a[MN],#f1[MNO],a[MNO],d1[L],a[L],","B-2[J],E-1[L],E-2[L],#F-1[L],#F-2[L],B-1[L],B-2[L],#c[L],#C-1[L],d[L],D-1[L],(#D-1.#d)[L],(B-2.B-1)[L],(E-2.E-1)[J],A-1[L],A-2[L],B-1[L],B-2[L],c[L],C-1[L],#D-1[L],#D-2[L],(G-1.g)[K],(G-2.G-1)[JK],(#G-2.#G-1)[K],(#A-2.#A-1)[K],(B-2.B-1)[K],(#C-1.#c)[K],(D-1.d)[K],(#G-2.#G-1)[K],A-1[KL],#G-1[L],G-1[KL],#F-1[L],(#C-1.#c)[K],(A-2.A-1)[K],D-1[I],(#G-2.#G-1)[K],(#A-2.#A-1)[K],(B-2.B-1)[K],(#C-1.#c)[K],(D-1.d)[K],(#G-2.#G-1)[K],(D-1.d)[K],(G-2.G-1)[K],(#F-2.#F-1)[LM],(#G-2.#G-1)[M],(#A-2.#A-1)[LM],#F-1[M],(D-1.d)[L],(B-2.B-1)[L],(#F-2.#F-1)[K],(B-2.B-1)[K],(B-3.B-2)[K],D-1[L],A-1[L],B-2[L],B-1[L],#F-2[L],#F-1[L],D-2[L],D-1[L],D-1[L],A-1[L],B-2[L],B-1[L],#F-2[L],#F-1[L],D-2[L],D-1[K],D-1[K],D-1[K],D-1[K],D-1[K],D-1[KN],D-1[KMN],D-1[KLN],D-1[L],"]},{"id":3,"baseBeats":0.25,"scores":["(d2.d3)[M],V,(d2.d3)[M],a2[M],(d2.d3)[M],V,(d2.d3)[M],g2[M],d3[M],a2[M],d3[M],#f3[M],U,(d2.d3)[M],a2[M];(d2.d3)[M],V,(d2.d3)[M],a2[M],(d2.d3)[M],V,(d2.d3)[M],g2[M],d3[M],a2[M],d3[M],#f3[M],U,d3[M],#f3[M];a3[M],a2[M],a3[M],a2[M],#f3[M],a2[M],d3[M],a2[M],a3[M],a2[M],a3[M],a2[M],#f3[M],a2[M],d3[M],a2[M];d4[M],d3[M],d4[M],d3[M],a3[M],a2[M],#f3[M],a2[M],d4[M],d3[M],d4[M],d3[M],a3[M],a2[M],#f3[M],#f2[M];(d2.d3)[M],V,(d2.d3)[M],a2[M],U,(#c2.#c3)[M],#f2[M],(b1.b2)[M],V,(b1.b2)[M],g2[M],U,(g2.g3)[M],b2[M];(e2.e3)[M],V,(e2.e3)[M],b2[M],U,(d2.d3)[M],g2[M],(#c2.#c3)[M],V,(#c2.#c3)[M],a2[M],U,a3[M],a2[M];(C-1.c)[K],(B-2.B-1)[K],e3[L],V,d3[M],#c3[M],b2[M],a2[M],e3[M];d3[M],V,d3[M],a2[M],d3[M],V,V,V;#f3[M],e3[M],#f3[M],g3[M],(a2.#f3.a3)[K],a3[M],g3[M],g3[M],#f3[M],e3[K];g3[M],#f3[M],g3[M],a3[M],(#g3.b3)[K],b3[M],a3[M],a3[M],g3[M],#f3[K];(d2.#f2.a2)[K],(a2.#d3.#f3)[K],(g.b.e1)[LM],b2[M],(g2.a2)[L],#c3[L];(#f2.d3)[M],#c3[M],d3[M],e3[M],#f3[M],e3[M],#f3[M],a3[M],g3[M],#f3[M],e3[M],d3[M],#c3[M],b2[M],a2[M],e3[M];d3[L],(d.d1)[M],a[M],(d.d1)[M],V,(d.d1)[M],a[M],(d.d1)[M],V,(d.d1)[M],a[M],(d.d1)[M],V,(d.d1)[M],a[M],d2[I];","#f1[M],d1[M],#f1[L],g1[M],e1[M],g1[L],a1[M],#f1[M],a1[L],(#f1.a1)[K],#f1[M],d1[M],#f1[L],g1[M],e1[M],g1[L],a1[M],#f1[M],a1[L],(#f1.a1)[K],(d1.#f1)[L],(d1.#f1)[L],(#f1.a1)[L],(e1.g1)[M],(d1.#f1)[M],(#c1.e1)[L],(#c1.e1)[L],d1[K],(#f1.a1)[L],(e1.g1)[M],(d1.#f1)[M],(#c1.e1)[L],(#c1.#f1)[L],(a.d1)[L],(a.d1)[L],(a.d1)[K],(d1.#f1)[M],e1[M],#f1[M],g1[M],(#f1.a1)[K],(d1.a1)[M],g1[M],g1[M],#f1[M],(d1.e1)[K],(d1.g1)[M],#f1[M],g1[M],(#f1.a1)[M],(g1.b1)[L],(g1.b1)[L],(e1.b1)[M],a1[M],a1[M],g1[M],(d1.#f1)[K],(d1.#f1.a1)[K],(a1.#d2.#f2)[K],(b1.e2.g2)[LM],b1[M],a1[L],#c2[L],(#f1.d2)[L],(#f1.d2)[L],(#f1.d2)[K],#f1[K],a1[K],a2[M],g2[M],g2[M],#f2[M],e2[K],g1[K],(#g1.b1)[K],b2[M],a2[M],a2[M],g2[M],#f2[K],a1[K],(a1.#d2.#f2)[K],(g1.b1.e2)[LM],b1[M],(g1.a1)[L],#c2[L],(#f1.d2)[M],#c2[M],d2[M],e2[M],#f2[M],e2[M],#f2[M],a2[M],g2[M],#f2[M],e2[M],d2[M],#c2[M],b1[M],a1[M],e2[M],d2[K],(a1.d2.#f2)[J],(a1.d2.#f2)[K],(#f1.a1.d2)[I],","(d.#f)[L],(d.#f)[L],(e.g)[L],(e.g)[L],(#f.a)[L],(#f.a)[L],(#f.a)[K],(d.#f)[L],(d.#f)[L],(e.g)[L],(e.g)[L],(#f.a)[L],(#f.a)[L],(#f.a)[K],(d.#f)[L],(d.#f)[L],(#f.a)[K],(A-1.e)[L],(A-1.e)[L],(d.#f)[K],(d.#f)[L],(d.#f)[L],(A-1.a)[K],(d.#f)[L],(d.#f)[L],(d.#f)[K],(d.#f)[K],(#f.a)[K],(d.g)[L],#f[L],(d.e)[K],(d.g)[K],(d.b)[K],(d.a)[L],g[L],(d.#f)[K],(d.#f.a)[K],(a.#d1.#f1)[K],(g.e1.g1)[LM],b[M],(g.a)[L],#c1[L],(#f.d1)[L],(#f.d1)[L],(#f.d1)[L],d1[M],a[M],d1[L],d1[M],a[M],(c1.#d1)[L],(c1.#d1)[M],a[M],(b.e1)[L],(b.e1)[M],g[M],(#a.d1.g1)[L],(#a.d1.g1)[M],g[M],e1[L],e1[M],c1[M],(d1.f1)[L],(d1.f1)[M],c1[M],(#c1.#f1)[L],(#c1.#f1)[M],a[M],(d1.#f1.a1)[L],(d1.#f1.a1)[M],a[M],(d1.#f1)[L],(d1.#f1)[M],a[M],(a.#d1)[L],(a.#d1)[M],#f[M],(g2.e3.g3)[LM],d1[M],#c1[M],b[M],a[M],e1[M],(#f.a)[K],(a.#d1.#f1)[K],(g.e1.g1)[LM],b[M],(g.a)[L],#c1[L],(#f.d1)[K],(a2.d3.#f3)[J],(a2.d3.#f3)[K],(d.#f.a.d1)[I],","U,(D-2.D-1)[K],(D-2.D-1)[K],(D-2.D-1)[L],d3[L],(D-2.D-1)[K],(D-2.D-1)[K],(D-2.D-1)[K],(D-2.D-1)[L],d3[M],a2[M],(D-2.D-1)[K],(D-2.D-1)[K],(D-2.D-1)[K],(D-2.D-1)[K],(D-2.D-1)[K],(D-2.D-1)[K],(D-2.D-1)[K],(D-2.D-1)[K],(D-2.D-1)[K],(D-2.D-1)[L],(#c2.#c3)[L],(D-2.D-1)[K],(D-2.D-1)[L],(g2.g3)[L],(D-2.D-1)[K],(D-2.D-1)[L],(d2.d3)[L],(D-2.D-1)[K],(D-2.D-1)[L],(a2.a3)[L],(D-2.D-1)[L],#f3[L],#f3[M],a2[M],#d3[L],#d3[M],a2[M],(E-2.E-1)[K],(A-2.A-1)[K],D-1[L],D-2[L],D-1[KL],D-1[K],D-1[K],D-1[K],D-1[K],D-1[K],D-1[K],D-1[K],D-1[L],(C-1.c)[K],(B-2.B-1)[K],(E-2.E-1)[K],(A-2.A-1)[K],(D-1.d)[L],(C-1.c)[K],(B-2.B-1)[L],(E-2.E-1)[K],(A-2.A-1)[K],(D-2.D-1)[K],(D-2.D-1)[J],(D-2.D-1)[K],(D-2.D-1)[I],"]}],"audition":{"start":[1,0],"end":[1,103]}}