{"baseBpm":360,"musics":[{"bpm":360,"baseBeats":0.5,"scores":["5<(c.e.g)[N],(c.e.g)[N],(c.e.g)[N],(c.e.g)[N]>,5<(c.e.g)[N],(c.e.g)[N],(c.e.g)[N],(c.e.g)[N]>,5<(c.e.g)[N],(c.e.g)[N],(c.e.g)[N],(c.e.g)[N]>,5<(c.e.g)[N],(c.e.g)[N],(c.e.g)[N],(c.e.g)[N]>,5<(c.e.g)[N],(c.e.g)[N],(c.e.g)[N],(c.e.g)[N]>,5<(c.e.g)[N],(c.e.g)[N],(c.e.g)[N],(c.e.g)[N]>,5<(c.e.g)[N],(c.e.g)[N],(c.e.g)[N],(c.e.g)[N]>,5<(c.e.g)[N],(c.e.g)[N],(c.e.g)[N],(c.e.g)[N]>,5<(c.e.g)[N],(c.e.g)[N],(c.e.g)[N],(c.e.g)[N]>,5<(c.e.g)[N],(c.e.g)[N],(c.e.g)[N],(c.e.g)[N]>,5<(c.e.g)[N],(c.e.g)[N],(c.e.g)[N],(c.e.g)[N]>,5<(c.e.g)[N],(c.e.g)[N],(c.e.g)[N],(c.e.g)[N]>,5<(c.e.g)[N],(c.e.g)[N],(c.e.g)[N],(c.e.g)[N]>,5<(c.e.g)[N],(c.e.g)[N],(c.e.g)[N],(c.e.g)[N]>,5<(c.e.g)[N],(c.e.g)[N],(c.e.g)[N],(c.e.g)[N]>,5<(c.e.g)[N],(c.e.g)[N],(c.e.g)[N],(c.e.g)[N]>,5<(c.e.g)[N],(c.e.g)[N],(c.e.g)[N],(c.e.g)[N]>,5<(c.e.g)[N],(c.e.g)[N],(c.e.g)[N],(c.e.g)[N]>,5<(c.e.g)[N],(c.e.g)[N],(c.e.g)[N],(c.e.g)[N]>,5<(c.e.g)[N],(c.e.g)[N],(c.e.g)[N],(c.e.g)[N]>,5<(c.e.g)[N],(c.e.g)[N],(c.e.g)[N],(c.e.g)[N]>,5<(c.e.g)[N],(c.e.g)[N],(c.e.g)[N],(c.e.g)[N]>,5<(c.e.g)[N],(c.e.g)[N],(c.e.g)[N],(c.e.g)[N]>,5<(c.e.g)[N],(c.e.g)[N],(c.e.g)[N],(c.e.g)[N]>,5<(c.e.g)[N],(c.e.g)[N],(c.e.g)[N],(c.e.g)[N]>,5<(c.e.g)[N],(c.e.g)[N],(c.e.g)[N],(c.e.g)[N]>,5<(c.e.g)[N],(c.e.g)[N],(c.e.g)[N],(c.e.g)[N]>,5<(c.e.g)[N],(c.e.g)[N],(c.e.g)[N],(c.e.g)[N]>,5<(c.e.g)[N],(c.e.g)[N],(c.e.g)[N],(c.e.g)[N]>,5<(c.e.g)[N],(c.e.g)[N],(c.e.g)[N],(c.e.g)[N]>,5<(c.e.g)[N],(c.e.g)[N],(c.e.g)[N],(c.e.g)[N]>,5<(c.e.g)[N],(c.e.g)[N],(c.e.g)[N],(c.e.g)[N]>,5<(c.e.g)[N],(c.e.g)[N],(c.e.g)[N],(c.e.g)[N]>,5<(c.e.g)[N],(c.e.g)[N],(c.e.g)[N],(c.e.g)[N]>,5<(c.e.g)[N],(c.e.g)[N],(c.e.g)[N],(c.e.g)[N]>,5<(c.e.g)[N],(c.e.g)[N],(c.e.g)[N],(c.e.g)[N]>,5<(c.e.g)[N],(c.e.g)[N],(c.e.g)[N],(c.e.g)[N]>,5<(c.e.g)[N],(c.e.g)[N],(c.e.g)[N],(c.e.g)[N]>,5<(c.e.g)[N],(c.e.g)[N],(c.e.g)[N],(c.e.g)[N]>,5<(c.e.g)[N],(c.e.g)[N],(c.e.g)[N],(c.e.g)[N]>,5<(c.e.g)[N],(c.e.g)[N],(c.e.g)[N],(c.e.g)[N]>,5<(c.e.g)[N],(c.e.g)[N],(c.e.g)[N],(c.e.g)[N]>,5<(c.e.g)[N],(c.e.g)[N],(c.e.g)[N],(c.e.g)[N]>,5<(c.e.g)[N],(c.e.g)[N],(c.e.g)[N],(c.e.g)[N]>,5<(c.e.g)[N],(c.e.g)[N],(c.e.g)[N],(c.e.g)[N]>,5<(c.e.g)[N],(c.e.g)[N],(c.e.g)[N],(c.e.g)[N]>,5<(c.e.g)[N],(c.e.g)[N],(c.e.g)[N],(c.e.g)[N]>,5<(c.e.g)[N],(c.e.g)[N],(c.e.g)[N],(c.e.g)[N]>,5<(c.e.g)[N],(c.e.g)[N],(c.e.g)[N],(c.e.g)[N]>,5<(c.e.g)[N],(c.e.g)[N],(c.e.g)[N],(c.e.g)[N]>,5<(c.e.g)[N],(c.e.g)[N],(c.e.g)[N],(c.e.g)[N]>,5<(c.e.g)[N],(c.e.g)[N],(c.e.g)[N],(c.e.g)[N]>,5<(c.e.g)[N],(c.e.g)[N],(c.e.g)[N],(c.e.g)[N]>,5<(c.e.g)[N],(c.e.g)[N],(c.e.g)[N],(c.e.g)[N]>,5<(c.e.g)[N],(c.e.g)[N],(c.e.g)[N],(c.e.g)[N]>,5<(c.e.g)[N],(c.e.g)[N],(c.e.g)[N],(c.e.g)[N]>,5<(c.e.g)[N],(c.e.g)[N],(c.e.g)[N],(c.e.g)[N]>,5<(c.e.g)[N],(c.e.g)[N],(c.e.g)[N],(c.e.g)[N]>,5<(c.e.g)[N],(c.e.g)[N],(c.e.g)[N],(c.e.g)[N]>,5<(c.e.g)[N],(c.e.g)[N],(c.e.g)[N],(c.e.g)[N]>,5<(c.e.g)[N],(c.e.g)[N],(c.e.g)[N],(c.e.g)[N]>,5<(c.e.g)[N],(c.e.g)[N],(c.e.g)[N],(c.e.g)[N]>,5<(c.e.g)[N],(c.e.g)[N],(c.e.g)[N],(c.e.g)[N]>,5<(c.e.g)[N],(c.e.g)[N],(c.e.g)[N],(c.e.g)[N]>,5<(c.e.g)[N],(c.e.g)[N],(c.e.g)[N],(c.e.g)[N]>,5<(c.e.g)[N],(c.e.g)[N],(c.e.g)[N],(c.e.g)[N]>,5<(c.e.g)[N],(c.e.g)[N],(c.e.g)[N],(c.e.g)[N]>,5<(c.e.g)[N],(c.e.g)[N],(c.e.g)[N],(c.e.g)[N]>,5<(c.e.g)[N],(c.e.g)[N],(c.e.g)[N],(c.e.g)[N]>,5<(c.e.g)[N],(c.e.g)[N],(c.e.g)[N],(c.e.g)[N]>,5<(c.e.g)[N],(c.e.g)[N],(c.e.g)[N],(c.e.g)[N]>,5<(c.e.g)[N],(c.e.g)[N],(c.e.g)[N],(c.e.g)[N]>,5<(c.e.g)[N],(c.e.g)[N],(c.e.g)[N],(c.e.g)[N]>,5<(c.e.g)[N],(c.e.g)[N],(c.e.g)[N],(c.e.g)[N]>,5<(c.e.g)[N],(c.e.g)[N],(c.e.g)[N],(c.e.g)[N]>,5<(c.e.g)[N],(c.e.g)[N],(c.e.g)[N],(c.e.g)[N]>,5<(c.e.g)[N],(c.e.g)[N],(c.e.g)[N],(c.e.g)[N]>,5<(c.e.g)[N],(c.e.g)[N],(c.e.g)[N],(c.e.g)[N]>,5<(c.e.g)[N],(c.e.g)[N],(c.e.g)[N],(c.e.g)[N]>,5<(c.e.g)[N],(c.e.g)[N],(c.e.g)[N],(c.e.g)[N]>,5<(c.e.g)[N],(c.e.g)[N],(c.e.g)[N],(c.e.g)[N]>,5<(c.e.g)[N],(c.e.g)[N],(c.e.g)[N],(c.e.g)[N]>,5<(c.e.g)[N],(c.e.g)[N],(c.e.g)[N],(c.e.g)[N]>,5<(c.e.g)[N],(c.e.g)[N],(c.e.g)[N],(c.e.g)[N]>,5<(c.e.g)[N],(c.e.g)[N],(c.e.g)[N],(c.e.g)[N]>,5<(c.e.g)[N],(c.e.g)[N],(c.e.g)[N],(c.e.g)[N]>,5<(c.e.g)[N],(c.e.g)[N],(c.e.g)[N],(c.e.g)[N]>,5<(c.e.g)[N],(c.e.g)[N],(c.e.g)[N],(c.e.g)[N]>,5<(c.e.g)[N],(c.e.g)[N],(c.e.g)[N],(c.e.g)[N]>,5<(c.e.g)[N],(c.e.g)[N],(c.e.g)[N],(c.e.g)[N]>,5<(c.e.g)[N],(c.e.g)[N],(c.e.g)[N],(c.e.g)[N]>,5<(c.e.g)[N],(c.e.g)[N],(c.e.g)[N],(c.e.g)[N]>,5<(c.e.g)[N],(c.e.g)[N],(c.e.g)[N],(c.e.g)[N]>,5<(c.e.g)[N],(c.e.g)[N],(c.e.g)[N],(c.e.g)[N]>,5<(c.e.g)[N],(c.e.g)[N],(c.e.g)[N],(c.e.g)[N]>,5<(c.e.g)[N],(c.e.g)[N],(c.e.g)[N],(c.e.g)[N]>,5<(c.e.g)[N],(c.e.g)[N],(c.e.g)[N],(c.e.g)[N]>,5<(c.e.g)[N],(c.e.g)[N],(c.e.g)[N],(c.e.g)[N]>,5<(c.e.g)[N],(c.e.g)[N],(c.e.g)[N],(c.e.g)[N]>,5<(c.e.g)[N],(c.e.g)[N],(c.e.g)[N],(c.e.g)[N]>,5<(c.e.g)[N],(c.e.g)[N],(c.e.g)[N],(c.e.g)[N]>,5<(c.e.g)[N],(c.e.g)[N],(c.e.g)[N],(c.e.g)[N]>,5<(c.e.g)[N],(c.e.g)[N],(c.e.g)[N],(c.e.g)[N]>,5<(c.e.g)[N],(c.e.g)[N],(c.e.g)[N],(c.e.g)[N]>,5<(c.e.g)[N],(c.e.g)[N],(c.e.g)[N],(c.e.g)[N]>,5<(c.e.g)[N],(c.e.g)[N],(c.e.g)[N],(c.e.g)[N]>,5<(c.e.g)[N],(c.e.g)[N],(c.e.g)[N],(c.e.g)[N]>,5<(c.e.g)[N],(c.e.g)[N],(c.e.g)[N],(c.e.g)[N]>,5<(c.e.g)[N],(c.e.g)[N],(c.e.g)[N],(c.e.g)[N]>,5<(c.e.g)[N],(c.e.g)[N],(c.e.g)[N],(c.e.g)[N]>,5<(c.e.g)[N],(c.e.g)[N],(c.e.g)[N],(c.e.g)[N]>,5<(c.e.g)[N],(c.e.g)[N],(c.e.g)[N],(c.e.g)[N]>,5<(c.e.g)[N],(c.e.g)[N],(c.e.g)[N],(c.e.g)[N]>,5<(c.e.g)[N],(c.e.g)[N],(c.e.g)[N],(c.e.g)[N]>,5<(c.e.g)[N],(c.e.g)[N],(c.e.g)[N],(c.e.g)[N]>,5<(c.e.g)[N],(c.e.g)[N],(c.e.g)[N],(c.e.g)[N]>,5<(c.e.g)[N],(c.e.g)[N],(c.e.g)[N],(c.e.g)[N]>,5<(c.e.g)[N],(c.e.g)[N],(c.e.g)[N],(c.e.g)[N]>,5<(c.e.g)[N],(c.e.g)[N],(c.e.g)[N],(c.e.g)[N]>,5<(c.e.g)[N],(c.e.g)[N],(c.e.g)[N],(c.e.g)[N]>,5<(c.e.g)[N],(c.e.g)[N],(c.e.g)[N],(c.e.g)[N]>,5<(c.e.g)[N],(c.e.g)[N],(c.e.g)[N],(c.e.g)[N]>,5<(c.e.g)[N],(c.e.g)[N],(c.e.g)[N],(c.e.g)[N]>,5<(c.e.g)[N],(c.e.g)[N],(c.e.g)[N],(c.e.g)[N]>,5<(c.e.g)[N],(c.e.g)[N],(c.e.g)[N],(c.e.g)[N]>,5<(c.e.g)[N],(c.e.g)[N],(c.e.g)[N],(c.e.g)[N]>,5<(c.e.g)[N],(c.e.g)[N],(c.e.g)[N],(c.e.g)[N]>,5<(c.e.g)[N],(c.e.g)[N],(c.e.g)[N],(c.e.g)[N]>,5<(c.e.g)[N],(c.e.g)[N],(c.e.g)[N],(c.e.g)[N]>,5<(c.e.g)[N],(c.e.g)[N],(c.e.g)[N],(c.e.g)[N]>,5<(c.e.g)[N],(c.e.g)[N],(c.e.g)[N],(c.e.g)[N]>,5<(c.e.g)[N],(c.e.g)[N],(c.e.g)[N],(c.e.g)[N]>,5<(c.e.g)[N],(c.e.g)[N],(c.e.g)[N],(c.e.g)[N]>,5<(c.e.g)[N],(c.e.g)[N],(c.e.g)[N],(c.e.g)[N]>,5<(c.e.g)[N],(c.e.g)[N],(c.e.g)[N],(c.e.g)[N]>,5<(c.e.g)[N],(c.e.g)[N],(c.e.g)[N],(c.e.g)[N]>,5<(c.e.g)[N],(c.e.g)[N],(c.e.g)[N],(c.e.g)[N]>,5<(c.e.g)[N],(c.e.g)[N],(c.e.g)[N],(c.e.g)[N]>,5<(c.e.g)[N],(c.e.g)[N],(c.e.g)[N],(c.e.g)[N]>,5<(c.e.g)[N],(c.e.g)[N],(c.e.g)[N],(c.e.g)[N]>,5<(c.e.g)[N],(c.e.g)[N],(c.e.g)[N],(c.e.g)[N]>,5<(c.e.g)[N],(c.e.g)[N],(c.e.g)[N],(c.e.g)[N]>,5<(c.e.g)[N],(c.e.g)[N],(c.e.g)[N],(c.e.g)[N]>,5<(c.e.g)[N],(c.e.g)[N],(c.e.g)[N],(c.e.g)[N]>,5<(c.e.g)[N],(c.e.g)[N],(c.e.g)[N],(c.e.g)[N]>,5<(c.e.g)[N],(c.e.g)[N],(c.e.g)[N],(c.e.g)[N]>,5<(c.e.g)[N],(c.e.g)[N],(c.e.g)[N],(c.e.g)[N]>,5<(c.e.g)[N],(c.e.g)[N],(c.e.g)[N],(c.e.g)[N]>,5<(c.e.g)[N],(c.e.g)[N],(c.e.g)[N],(c.e.g)[N]>,5<(c.e.g)[N],(c.e.g)[N],(c.e.g)[N],(c.e.g)[N]>,5<(c.e.g)[N],(c.e.g)[N],(c.e.g)[N],(c.e.g)[N]>,5<(c.e.g)[N],(c.e.g)[N],(c.e.g)[N],(c.e.g)[N]>,5<(c.e.g)[N],(c.e.g)[N],(c.e.g)[N],(c.e.g)[N]>,5<(c.e.g)[N],(c.e.g)[N],(c.e.g)[N],(c.e.g)[N]>,5<(c.e.g)[N],(c.e.g)[N],(c.e.g)[N],(c.e.g)[N]>,5<(c.e.g)[N],(c.e.g)[N],(c.e.g)[N],(c.e.g)[N]>,5<(c.e.g)[N],(c.e.g)[N],(c.e.g)[N],(c.e.g)[N]>,5<(c.e.g)[N],(c.e.g)[N],(c.e.g)[N],(c.e.g)[N]>,5<(c.e.g)[N],(c.e.g)[N],(c.e.g)[N],(c.e.g)[N]>,5<(c.e.g)[N],(c.e.g)[N],(c.e.g)[N],(c.e.g)[N]>,5<(c.e.g)[N],(c.e.g)[N],(c.e.g)[N],(c.e.g)[N]>,5<(c.e.g)[N],(c.e.g)[N],(c.e.g)[N],(c.e.g)[N]>,5<(c.e.g)[N],(c.e.g)[N],(c.e.g)[N],(c.e.g)[N]>,5<(c.e.g)[N],(c.e.g)[N],(c.e.g)[N],(c.e.g)[N]>,5<(c.e.g)[N],(c.e.g)[N],(c.e.g)[N],(c.e.g)[N]>,5<(c.e.g)[N],(c.e.g)[N],(c.e.g)[N],(c.e.g)[N]>,5<(c.e.g)[N],(c.e.g)[N],(c.e.g)[N],(c.e.g)[N]>,5<(c.e.g)[N],(c.e.g)[N],(c.e.g)[N],(c.e.g)[N]>,5<(c.e.g)[N],(c.e.g)[N],(c.e.g)[N],(c.e.g)[N]>,5<(c.e.g)[N],(c.e.g)[N],(c.e.g)[N],(c.e.g)[N]>,5<(c.e.g)[N],(c.e.g)[N],(c.e.g)[N],(c.e.g)[N]>,5<(c.e.g)[N],(c.e.g)[N],(c.e.g)[N],(c.e.g)[N]>,5<(c.e.g)[N],(c.e.g)[N],(c.e.g)[N],(c.e.g)[N]>,5<(c.e.g)[N],(c.e.g)[N],(c.e.g)[N],(c.e.g)[N]>,5<(c.e.g)[N],(c.e.g)[N],(c.e.g)[N],(c.e.g)[N]>,5<(c.e.g)[N],(c.e.g)[N],(c.e.g)[N],(c.e.g)[N]>,5<(c.e.g)[N],(c.e.g)[N],(c.e.g)[N],(c.e.g)[N]>,5<(c.e.g)[N],(c.e.g)[N],(c.e.g)[N],(c.e.g)[N]>,5<(c.e.g)[N],(c.e.g)[N],(c.e.g)[N],(c.e.g)[N]>,5<(c.e.g)[N],(c.e.g)[N],(c.e.g)[N],(c.e.g)[N]>,5<(c.e.g)[N],(c.e.g)[N],(c.e.g)[N],(c.e.g)[N]>,5<(c.e.g)[N],(c.e.g)[N],(c.e.g)[N],(c.e.g)[N]>,5<(c.e.g)[N],(c.e.g)[N],(c.e.g)[N],(c.e.g)[N]>,5<(c.e.g)[N],(c.e.g)[N],(c.e.g)[N],(c.e.g)[N]>,5<(c.e.g)[N],(c.e.g)[N],(c.e.g)[N],(c.e.g)[N]>,5<(c.e.g)[N],(c.e.g)[N],(c.e.g)[N],(c.e.g)[N]>,5<(c.e.g)[N],(c.e.g)[N],(c.e.g)[N],(c.e.g)[N]>,5<(c.e.g)[N],(c.e.g)[N],(c.e.g)[N],(c.e.g)[N]>,5<(c.e.g)[N],(c.e.g)[N],(c.e.g)[N],(c.e.g)[N]>,5<(c.e.g)[N],(c.e.g)[N],(c.e.g)[N],(c.e.g)[N]>,5<(c.e.g)[N],(c.e.g)[N],(c.e.g)[N],(c.e.g)[N]>,5<(c.e.g)[N],(c.e.g)[N],(c.e.g)[N],(c.e.g)[N]>,5<(c.e.g)[N],(c.e.g)[N],(c.e.g)[N],(c.e.g)[N]>,5<(c.e.g)[N],(c.e.g)[N],(c.e.g)[N],(c.e.g)[N]>,5<(c.e.g)[N],(c.e.g)[N],(c.e.g)[N],(c.e.g)[N]>,5<(c.e.g)[N],(c.e.g)[N],(c.e.g)[N],(c.e.g)[N]>,5<(c.e.g)[N],(c.e.g)[N],(c.e.g)[N],(c.e.g)[N]>,5<(c.e.g)[N],(c.e.g)[N],(c.e.g)[N],(c.e.g)[N]>,5<(c.e.g)[N],(c.e.g)[N],(c.e.g)[N],(c.e.g)[N]>,5<(c.e.g)[N],(c.e.g)[N],(c.e.g)[N],(c.e.g)[N]>,5<(c.e.g)[N],(c.e.g)[N],(c.e.g)[N],(c.e.g)[N]>,5<(c.e.g)[N],(c.e.g)[N],(c.e.g)[N],(c.e.g)[N]>,5<(c.e.g)[N],(c.e.g)[N],(c.e.g)[N],(c.e.g)[N]>,5<(c.e.g)[N],(c.e.g)[N],(c.e.g)[N],(c.e.g)[N]>,5<(c.e.g)[N],(c.e.g)[N],(c.e.g)[N],(c.e.g)[N]>,5<(c.e.g)[N],(c.e.g)[N],(c.e.g)[N],(c.e.g)[N]>,5<(c.e.g)[N],(c.e.g)[N],(c.e.g)[N],(c.e.g)[N]>,5<(c.e.g)[N],(c.e.g)[N],(c.e.g)[N],(c.e.g)[N]>,5<(c.e.g)[N],(c.e.g)[N],(c.e.g)[N],(c.e.g)[N]>,5<(c.e.g)[N],(c.e.g)[N],(c.e.g)[N],(c.e.g)[N]>,5<(c.e.g)[N],(c.e.g)[N],(c.e.g)[N],(c.e.g)[N]>,5<(c.e.g)[N],(c.e.g)[N],(c.e.g)[N],(c.e.g)[N]>,5<(c.e.g)[N],(c.e.g)[N],(c.e.g)[N],(c.e.g)[N]>;"],"id":1,"instruments":["piano","piano"],"alternatives":["",""]},{"bpm":360,"baseBeats":0.5,"scores":["5<(c.e.g)[N],(c.e.g)[N],(c.e.g)[N],(c.e.g)[N]>,5<(c.e.g)[N],(c.e.g)[N],(c.e.g)[N],(c.e.g)[N]>,5<(c.e.g)[N],(c.e.g)[N],(c.e.g)[N],(c.e.g)[N]>,5<(c.e.g)[N],(c.e.g)[N],(c.e.g)[N],(c.e.g)[N]>,5<(c.e.g)[N],(c.e.g)[N],(c.e.g)[N],(c.e.g)[N]>,5<(c.e.g)[N],(c.e.g)[N],(c.e.g)[N],(c.e.g)[N]>,5<(c.e.g)[N],(c.e.g)[N],(c.e.g)[N],(c.e.g)[N]>,5<(c.e.g)[N],(c.e.g)[N],(c.e.g)[N],(c.e.g)[N]>,5<(c.e.g)[N],(c.e.g)[N],(c.e.g)[N],(c.e.g)[N]>,5<(c.e.g)[N],(c.e.g)[N],(c.e.g)[N],(c.e.g)[N]>,5<(c.e.g)[N],(c.e.g)[N],(c.e.g)[N],(c.e.g)[N]>,5<(c.e.g)[N],(c.e.g)[N],(c.e.g)[N],(c.e.g)[N]>,5<(c.e.g)[N],(c.e.g)[N],(c.e.g)[N],(c.e.g)[N]>,5<(c.e.g)[N],(c.e.g)[N],(c.e.g)[N],(c.e.g)[N]>,5<(c.e.g)[N],(c.e.g)[N],(c.e.g)[N],(c.e.g)[N]>,5<(c.e.g)[N],(c.e.g)[N],(c.e.g)[N],(c.e.g)[N]>,5<(c.e.g)[N],(c.e.g)[N],(c.e.g)[N],(c.e.g)[N]>,5<(c.e.g)[N],(c.e.g)[N],(c.e.g)[N],(c.e.g)[N]>,5<(c.e.g)[N],(c.e.g)[N],(c.e.g)[N],(c.e.g)[N]>,5<(c.e.g)[N],(c.e.g)[N],(c.e.g)[N],(c.e.g)[N]>,5<(c.e.g)[N],(c.e.g)[N],(c.e.g)[N],(c.e.g)[N]>,5<(c.e.g)[N],(c.e.g)[N],(c.e.g)[N],(c.e.g)[N]>,5<(c.e.g)[N],(c.e.g)[N],(c.e.g)[N],(c.e.g)[N]>,5<(c.e.g)[N],(c.e.g)[N],(c.e.g)[N],(c.e.g)[N]>,5<(c.e.g)[N],(c.e.g)[N],(c.e.g)[N],(c.e.g)[N]>,5<(c.e.g)[N],(c.e.g)[N],(c.e.g)[N],(c.e.g)[N]>,5<(c.e.g)[N],(c.e.g)[N],(c.e.g)[N],(c.e.g)[N]>,5<(c.e.g)[N],(c.e.g)[N],(c.e.g)[N],(c.e.g)[N]>,5<(c.e.g)[N],(c.e.g)[N],(c.e.g)[N],(c.e.g)[N]>,5<(c.e.g)[N],(c.e.g)[N],(c.e.g)[N],(c.e.g)[N]>,5<(c.e.g)[N],(c.e.g)[N],(c.e.g)[N],(c.e.g)[N]>,5<(c.e.g)[N],(c.e.g)[N],(c.e.g)[N],(c.e.g)[N]>,5<(c.e.g)[N],(c.e.g)[N],(c.e.g)[N],(c.e.g)[N]>,5<(c.e.g)[N],(c.e.g)[N],(c.e.g)[N],(c.e.g)[N]>,5<(c.e.g)[N],(c.e.g)[N],(c.e.g)[N],(c.e.g)[N]>,5<(c.e.g)[N],(c.e.g)[N],(c.e.g)[N],(c.e.g)[N]>,5<(c.e.g)[N],(c.e.g)[N],(c.e.g)[N],(c.e.g)[N]>,5<(c.e.g)[N],(c.e.g)[N],(c.e.g)[N],(c.e.g)[N]>,5<(c.e.g)[N],(c.e.g)[N],(c.e.g)[N],(c.e.g)[N]>,5<(c.e.g)[N],(c.e.g)[N],(c.e.g)[N],(c.e.g)[N]>,5<(c.e.g)[N],(c.e.g)[N],(c.e.g)[N],(c.e.g)[N]>,5<(c.e.g)[N],(c.e.g)[N],(c.e.g)[N],(c.e.g)[N]>,5<(c.e.g)[N],(c.e.g)[N],(c.e.g)[N],(c.e.g)[N]>,5<(c.e.g)[N],(c.e.g)[N],(c.e.g)[N],(c.e.g)[N]>,5<(c.e.g)[N],(c.e.g)[N],(c.e.g)[N],(c.e.g)[N]>,5<(c.e.g)[N],(c.e.g)[N],(c.e.g)[N],(c.e.g)[N]>,5<(c.e.g)[N],(c.e.g)[N],(c.e.g)[N],(c.e.g)[N]>,5<(c.e.g)[N],(c.e.g)[N],(c.e.g)[N],(c.e.g)[N]>,5<(c.e.g)[N],(c.e.g)[N],(c.e.g)[N],(c.e.g)[N]>,5<(c.e.g)[N],(c.e.g)[N],(c.e.g)[N],(c.e.g)[N]>,5<(c.e.g)[N],(c.e.g)[N],(c.e.g)[N],(c.e.g)[N]>,5<(c.e.g)[N],(c.e.g)[N],(c.e.g)[N],(c.e.g)[N]>,5<(c.e.g)[N],(c.e.g)[N],(c.e.g)[N],(c.e.g)[N]>,5<(c.e.g)[N],(c.e.g)[N],(c.e.g)[N],(c.e.g)[N]>,5<(c.e.g)[N],(c.e.g)[N],(c.e.g)[N],(c.e.g)[N]>,5<(c.e.g)[N],(c.e.g)[N],(c.e.g)[N],(c.e.g)[N]>,5<(c.e.g)[N],(c.e.g)[N],(c.e.g)[N],(c.e.g)[N]>,5<(c.e.g)[N],(c.e.g)[N],(c.e.g)[N],(c.e.g)[N]>,5<(c.e.g)[N],(c.e.g)[N],(c.e.g)[N],(c.e.g)[N]>,5<(c.e.g)[N],(c.e.g)[N],(c.e.g)[N],(c.e.g)[N]>,5<(c.e.g)[N],(c.e.g)[N],(c.e.g)[N],(c.e.g)[N]>,5<(c.e.g)[N],(c.e.g)[N],(c.e.g)[N],(c.e.g)[N]>,5<(c.e.g)[N],(c.e.g)[N],(c.e.g)[N],(c.e.g)[N]>,5<(c.e.g)[N],(c.e.g)[N],(c.e.g)[N],(c.e.g)[N]>,5<(c.e.g)[N],(c.e.g)[N],(c.e.g)[N],(c.e.g)[N]>,5<(c.e.g)[N],(c.e.g)[N],(c.e.g)[N],(c.e.g)[N]>,5<(c.e.g)[N],(c.e.g)[N],(c.e.g)[N],(c.e.g)[N]>,5<(c.e.g)[N],(c.e.g)[N],(c.e.g)[N],(c.e.g)[N]>,5<(c.e.g)[N],(c.e.g)[N],(c.e.g)[N],(c.e.g)[N]>,5<(c.e.g)[N],(c.e.g)[N],(c.e.g)[N],(c.e.g)[N]>,5<(c.e.g)[N],(c.e.g)[N],(c.e.g)[N],(c.e.g)[N]>,5<(c.e.g)[N],(c.e.g)[N],(c.e.g)[N],(c.e.g)[N]>,5<(c.e.g)[N],(c.e.g)[N],(c.e.g)[N],(c.e.g)[N]>,5<(c.e.g)[N],(c.e.g)[N],(c.e.g)[N],(c.e.g)[N]>,5<(c.e.g)[N],(c.e.g)[N],(c.e.g)[N],(c.e.g)[N]>,5<(c.e.g)[N],(c.e.g)[N],(c.e.g)[N],(c.e.g)[N]>,5<(c.e.g)[N],(c.e.g)[N],(c.e.g)[N],(c.e.g)[N]>,5<(c.e.g)[N],(c.e.g)[N],(c.e.g)[N],(c.e.g)[N]>,5<(c.e.g)[N],(c.e.g)[N],(c.e.g)[N],(c.e.g)[N]>,5<(c.e.g)[N],(c.e.g)[N],(c.e.g)[N],(c.e.g)[N]>,5<(c.e.g)[N],(c.e.g)[N],(c.e.g)[N],(c.e.g)[N]>,5<(c.e.g)[N],(c.e.g)[N],(c.e.g)[N],(c.e.g)[N]>,5<(c.e.g)[N],(c.e.g)[N],(c.e.g)[N],(c.e.g)[N]>,5<(c.e.g)[N],(c.e.g)[N],(c.e.g)[N],(c.e.g)[N]>,5<(c.e.g)[N],(c.e.g)[N],(c.e.g)[N],(c.e.g)[N]>,5<(c.e.g)[N],(c.e.g)[N],(c.e.g)[N],(c.e.g)[N]>,5<(c.e.g)[N],(c.e.g)[N],(c.e.g)[N],(c.e.g)[N]>,5<(c.e.g)[N],(c.e.g)[N],(c.e.g)[N],(c.e.g)[N]>,5<(c.e.g)[N],(c.e.g)[N],(c.e.g)[N],(c.e.g)[N]>,5<(c.e.g)[N],(c.e.g)[N],(c.e.g)[N],(c.e.g)[N]>,5<(c.e.g)[N],(c.e.g)[N],(c.e.g)[N],(c.e.g)[N]>,5<(c.e.g)[N],(c.e.g)[N],(c.e.g)[N],(c.e.g)[N]>,5<(c.e.g)[N],(c.e.g)[N],(c.e.g)[N],(c.e.g)[N]>,5<(c.e.g)[N],(c.e.g)[N],(c.e.g)[N],(c.e.g)[N]>,5<(c.e.g)[N],(c.e.g)[N],(c.e.g)[N],(c.e.g)[N]>,5<(c.e.g)[N],(c.e.g)[N],(c.e.g)[N],(c.e.g)[N]>,5<(c.e.g)[N],(c.e.g)[N],(c.e.g)[N],(c.e.g)[N]>,5<(c.e.g)[N],(c.e.g)[N],(c.e.g)[N],(c.e.g)[N]>,5<(c.e.g)[N],(c.e.g)[N],(c.e.g)[N],(c.e.g)[N]>,5<(c.e.g)[N],(c.e.g)[N],(c.e.g)[N],(c.e.g)[N]>,5<(c.e.g)[N],(c.e.g)[N],(c.e.g)[N],(c.e.g)[N]>,5<(c.e.g)[N],(c.e.g)[N],(c.e.g)[N],(c.e.g)[N]>,5<(c.e.g)[N],(c.e.g)[N],(c.e.g)[N],(c.e.g)[N]>,5<(c.e.g)[N],(c.e.g)[N],(c.e.g)[N],(c.e.g)[N]>,5<(c.e.g)[N],(c.e.g)[N],(c.e.g)[N],(c.e.g)[N]>,5<(c.e.g)[N],(c.e.g)[N],(c.e.g)[N],(c.e.g)[N]>,5<(c.e.g)[N],(c.e.g)[N],(c.e.g)[N],(c.e.g)[N]>,5<(c.e.g)[N],(c.e.g)[N],(c.e.g)[N],(c.e.g)[N]>,5<(c.e.g)[N],(c.e.g)[N],(c.e.g)[N],(c.e.g)[N]>,5<(c.e.g)[N],(c.e.g)[N],(c.e.g)[N],(c.e.g)[N]>,5<(c.e.g)[N],(c.e.g)[N],(c.e.g)[N],(c.e.g)[N]>,5<(c.e.g)[N],(c.e.g)[N],(c.e.g)[N],(c.e.g)[N]>,5<(c.e.g)[N],(c.e.g)[N],(c.e.g)[N],(c.e.g)[N]>,5<(c.e.g)[N],(c.e.g)[N],(c.e.g)[N],(c.e.g)[N]>,5<(c.e.g)[N],(c.e.g)[N],(c.e.g)[N],(c.e.g)[N]>,5<(c.e.g)[N],(c.e.g)[N],(c.e.g)[N],(c.e.g)[N]>,5<(c.e.g)[N],(c.e.g)[N],(c.e.g)[N],(c.e.g)[N]>,5<(c.e.g)[N],(c.e.g)[N],(c.e.g)[N],(c.e.g)[N]>,5<(c.e.g)[N],(c.e.g)[N],(c.e.g)[N],(c.e.g)[N]>,5<(c.e.g)[N],(c.e.g)[N],(c.e.g)[N],(c.e.g)[N]>,5<(c.e.g)[N],(c.e.g)[N],(c.e.g)[N],(c.e.g)[N]>,5<(c.e.g)[N],(c.e.g)[N],(c.e.g)[N],(c.e.g)[N]>,5<(c.e.g)[N],(c.e.g)[N],(c.e.g)[N],(c.e.g)[N]>,5<(c.e.g)[N],(c.e.g)[N],(c.e.g)[N],(c.e.g)[N]>,5<(c.e.g)[N],(c.e.g)[N],(c.e.g)[N],(c.e.g)[N]>,5<(c.e.g)[N],(c.e.g)[N],(c.e.g)[N],(c.e.g)[N]>,5<(c.e.g)[N],(c.e.g)[N],(c.e.g)[N],(c.e.g)[N]>,5<(c.e.g)[N],(c.e.g)[N],(c.e.g)[N],(c.e.g)[N]>,5<(c.e.g)[N],(c.e.g)[N],(c.e.g)[N],(c.e.g)[N]>,5<(c.e.g)[N],(c.e.g)[N],(c.e.g)[N],(c.e.g)[N]>,5<(c.e.g)[N],(c.e.g)[N],(c.e.g)[N],(c.e.g)[N]>,5<(c.e.g)[N],(c.e.g)[N],(c.e.g)[N],(c.e.g)[N]>,5<(c.e.g)[N],(c.e.g)[N],(c.e.g)[N],(c.e.g)[N]>,5<(c.e.g)[N],(c.e.g)[N],(c.e.g)[N],(c.e.g)[N]>,5<(c.e.g)[N],(c.e.g)[N],(c.e.g)[N],(c.e.g)[N]>,5<(c.e.g)[N],(c.e.g)[N],(c.e.g)[N],(c.e.g)[N]>,5<(c.e.g)[N],(c.e.g)[N],(c.e.g)[N],(c.e.g)[N]>,5<(c.e.g)[N],(c.e.g)[N],(c.e.g)[N],(c.e.g)[N]>,5<(c.e.g)[N],(c.e.g)[N],(c.e.g)[N],(c.e.g)[N]>,5<(c.e.g)[N],(c.e.g)[N],(c.e.g)[N],(c.e.g)[N]>,5<(c.e.g)[N],(c.e.g)[N],(c.e.g)[N],(c.e.g)[N]>,5<(c.e.g)[N],(c.e.g)[N],(c.e.g)[N],(c.e.g)[N]>,5<(c.e.g)[N],(c.e.g)[N],(c.e.g)[N],(c.e.g)[N]>,5<(c.e.g)[N],(c.e.g)[N],(c.e.g)[N],(c.e.g)[N]>,5<(c.e.g)[N],(c.e.g)[N],(c.e.g)[N],(c.e.g)[N]>,5<(c.e.g)[N],(c.e.g)[N],(c.e.g)[N],(c.e.g)[N]>,5<(c.e.g)[N],(c.e.g)[N],(c.e.g)[N],(c.e.g)[N]>,5<(c.e.g)[N],(c.e.g)[N],(c.e.g)[N],(c.e.g)[N]>,5<(c.e.g)[N],(c.e.g)[N],(c.e.g)[N],(c.e.g)[N]>,5<(c.e.g)[N],(c.e.g)[N],(c.e.g)[N],(c.e.g)[N]>,5<(c.e.g)[N],(c.e.g)[N],(c.e.g)[N],(c.e.g)[N]>,5<(c.e.g)[N],(c.e.g)[N],(c.e.g)[N],(c.e.g)[N]>,5<(c.e.g)[N],(c.e.g)[N],(c.e.g)[N],(c.e.g)[N]>,5<(c.e.g)[N],(c.e.g)[N],(c.e.g)[N],(c.e.g)[N]>,5<(c.e.g)[N],(c.e.g)[N],(c.e.g)[N],(c.e.g)[N]>,5<(c.e.g)[N],(c.e.g)[N],(c.e.g)[N],(c.e.g)[N]>,5<(c.e.g)[N],(c.e.g)[N],(c.e.g)[N],(c.e.g)[N]>,5<(c.e.g)[N],(c.e.g)[N],(c.e.g)[N],(c.e.g)[N]>,5<(c.e.g)[N],(c.e.g)[N],(c.e.g)[N],(c.e.g)[N]>,5<(c.e.g)[N],(c.e.g)[N],(c.e.g)[N],(c.e.g)[N]>,5<(c.e.g)[N],(c.e.g)[N],(c.e.g)[N],(c.e.g)[N]>,5<(c.e.g)[N],(c.e.g)[N],(c.e.g)[N],(c.e.g)[N]>,5<(c.e.g)[N],(c.e.g)[N],(c.e.g)[N],(c.e.g)[N]>,5<(c.e.g)[N],(c.e.g)[N],(c.e.g)[N],(c.e.g)[N]>,5<(c.e.g)[N],(c.e.g)[N],(c.e.g)[N],(c.e.g)[N]>,5<(c.e.g)[N],(c.e.g)[N],(c.e.g)[N],(c.e.g)[N]>,5<(c.e.g)[N],(c.e.g)[N],(c.e.g)[N],(c.e.g)[N]>,5<(c.e.g)[N],(c.e.g)[N],(c.e.g)[N],(c.e.g)[N]>,5<(c.e.g)[N],(c.e.g)[N],(c.e.g)[N],(c.e.g)[N]>,5<(c.e.g)[N],(c.e.g)[N],(c.e.g)[N],(c.e.g)[N]>,5<(c.e.g)[N],(c.e.g)[N],(c.e.g)[N],(c.e.g)[N]>,5<(c.e.g)[N],(c.e.g)[N],(c.e.g)[N],(c.e.g)[N]>,5<(c.e.g)[N],(c.e.g)[N],(c.e.g)[N],(c.e.g)[N]>,5<(c.e.g)[N],(c.e.g)[N],(c.e.g)[N],(c.e.g)[N]>,5<(c.e.g)[N],(c.e.g)[N],(c.e.g)[N],(c.e.g)[N]>,5<(c.e.g)[N],(c.e.g)[N],(c.e.g)[N],(c.e.g)[N]>,5<(c.e.g)[N],(c.e.g)[N],(c.e.g)[N],(c.e.g)[N]>,5<(c.e.g)[N],(c.e.g)[N],(c.e.g)[N],(c.e.g)[N]>,5<(c.e.g)[N],(c.e.g)[N],(c.e.g)[N],(c.e.g)[N]>,5<(c.e.g)[N],(c.e.g)[N],(c.e.g)[N],(c.e.g)[N]>,5<(c.e.g)[N],(c.e.g)[N],(c.e.g)[N],(c.e.g)[N]>,5<(c.e.g)[N],(c.e.g)[N],(c.e.g)[N],(c.e.g)[N]>,5<(c.e.g)[N],(c.e.g)[N],(c.e.g)[N],(c.e.g)[N]>,5<(c.e.g)[N],(c.e.g)[N],(c.e.g)[N],(c.e.g)[N]>,5<(c.e.g)[N],(c.e.g)[N],(c.e.g)[N],(c.e.g)[N]>,5<(c.e.g)[N],(c.e.g)[N],(c.e.g)[N],(c.e.g)[N]>,5<(c.e.g)[N],(c.e.g)[N],(c.e.g)[N],(c.e.g)[N]>,5<(c.e.g)[N],(c.e.g)[N],(c.e.g)[N],(c.e.g)[N]>,5<(c.e.g)[N],(c.e.g)[N],(c.e.g)[N],(c.e.g)[N]>,5<(c.e.g)[N],(c.e.g)[N],(c.e.g)[N],(c.e.g)[N]>,5<(c.e.g)[N],(c.e.g)[N],(c.e.g)[N],(c.e.g)[N]>,5<(c.e.g)[N],(c.e.g)[N],(c.e.g)[N],(c.e.g)[N]>,5<(c.e.g)[N],(c.e.g)[N],(c.e.g)[N],(c.e.g)[N]>,5<(c.e.g)[N],(c.e.g)[N],(c.e.g)[N],(c.e.g)[N]>,5<(c.e.g)[N],(c.e.g)[N],(c.e.g)[N],(c.e.g)[N]>,5<(c.e.g)[N],(c.e.g)[N],(c.e.g)[N],(c.e.g)[N]>,5<(c.e.g)[N],(c.e.g)[N],(c.e.g)[N],(c.e.g)[N]>,5<(c.e.g)[N],(c.e.g)[N],(c.e.g)[N],(c.e.g)[N]>,5<(c.e.g)[N],(c.e.g)[N],(c.e.g)[N],(c.e.g)[N]>,5<(c.e.g)[N],(c.e.g)[N],(c.e.g)[N],(c.e.g)[N]>,5<(c.e.g)[N],(c.e.g)[N],(c.e.g)[N],(c.e.g)[N]>,5<(c.e.g)[N],(c.e.g)[N],(c.e.g)[N],(c.e.g)[N]>,5<(c.e.g)[N],(c.e.g)[N],(c.e.g)[N],(c.e.g)[N]>,5<(c.e.g)[N],(c.e.g)[N],(c.e.g)[N],(c.e.g)[N]>,5<(c.e.g)[N],(c.e.g)[N],(c.e.g)[N],(c.e.g)[N]>,5<(c.e.g)[N],(c.e.g)[N],(c.e.g)[N],(c.e.g)[N]>,5<(c.e.g)[N],(c.e.g)[N],(c.e.g)[N],(c.e.g)[N]>,5<(c.e.g)[N],(c.e.g)[N],(c.e.g)[N],(c.e.g)[N]>,5<(c.e.g)[N],(c.e.g)[N],(c.e.g)[N],(c.e.g)[N]>,5<(c.e.g)[N],(c.e.g)[N],(c.e.g)[N],(c.e.g)[N]>;"],"id":2,"instruments":["piano","piano"],"alternatives":["",""]},{"bpm":360,"baseBeats":0.5,"scores":["5<(c.e.g)[N],(c.e.g)[N],(c.e.g)[N],(c.e.g)[N]>,5<(c.e.g)[N],(c.e.g)[N],(c.e.g)[N],(c.e.g)[N]>,5<(c.e.g)[N],(c.e.g)[N],(c.e.g)[N],(c.e.g)[N]>,5<(c.e.g)[N],(c.e.g)[N],(c.e.g)[N],(c.e.g)[N]>,5<(c.e.g)[N],(c.e.g)[N],(c.e.g)[N],(c.e.g)[N]>,5<(c.e.g)[N],(c.e.g)[N],(c.e.g)[N],(c.e.g)[N]>,5<(c.e.g)[N],(c.e.g)[N],(c.e.g)[N],(c.e.g)[N]>,5<(c.e.g)[N],(c.e.g)[N],(c.e.g)[N],(c.e.g)[N]>,5<(c.e.g)[N],(c.e.g)[N],(c.e.g)[N],(c.e.g)[N]>,5<(c.e.g)[N],(c.e.g)[N],(c.e.g)[N],(c.e.g)[N]>,5<(c.e.g)[N],(c.e.g)[N],(c.e.g)[N],(c.e.g)[N]>,5<(c.e.g)[N],(c.e.g)[N],(c.e.g)[N],(c.e.g)[N]>,5<(c.e.g)[N],(c.e.g)[N],(c.e.g)[N],(c.e.g)[N]>,5<(c.e.g)[N],(c.e.g)[N],(c.e.g)[N],(c.e.g)[N]>,5<(c.e.g)[N],(c.e.g)[N],(c.e.g)[N],(c.e.g)[N]>,5<(c.e.g)[N],(c.e.g)[N],(c.e.g)[N],(c.e.g)[N]>,5<(c.e.g)[N],(c.e.g)[N],(c.e.g)[N],(c.e.g)[N]>,5<(c.e.g)[N],(c.e.g)[N],(c.e.g)[N],(c.e.g)[N]>,5<(c.e.g)[N],(c.e.g)[N],(c.e.g)[N],(c.e.g)[N]>,5<(c.e.g)[N],(c.e.g)[N],(c.e.g)[N],(c.e.g)[N]>,5<(c.e.g)[N],(c.e.g)[N],(c.e.g)[N],(c.e.g)[N]>,5<(c.e.g)[N],(c.e.g)[N],(c.e.g)[N],(c.e.g)[N]>,5<(c.e.g)[N],(c.e.g)[N],(c.e.g)[N],(c.e.g)[N]>,5<(c.e.g)[N],(c.e.g)[N],(c.e.g)[N],(c.e.g)[N]>,5<(c.e.g)[N],(c.e.g)[N],(c.e.g)[N],(c.e.g)[N]>,5<(c.e.g)[N],(c.e.g)[N],(c.e.g)[N],(c.e.g)[N]>,5<(c.e.g)[N],(c.e.g)[N],(c.e.g)[N],(c.e.g)[N]>,5<(c.e.g)[N],(c.e.g)[N],(c.e.g)[N],(c.e.g)[N]>,5<(c.e.g)[N],(c.e.g)[N],(c.e.g)[N],(c.e.g)[N]>,5<(c.e.g)[N],(c.e.g)[N],(c.e.g)[N],(c.e.g)[N]>,5<(c.e.g)[N],(c.e.g)[N],(c.e.g)[N],(c.e.g)[N]>,5<(c.e.g)[N],(c.e.g)[N],(c.e.g)[N],(c.e.g)[N]>,5<(c.e.g)[N],(c.e.g)[N],(c.e.g)[N],(c.e.g)[N]>,5<(c.e.g)[N],(c.e.g)[N],(c.e.g)[N],(c.e.g)[N]>,5<(c.e.g)[N],(c.e.g)[N],(c.e.g)[N],(c.e.g)[N]>,5<(c.e.g)[N],(c.e.g)[N],(c.e.g)[N],(c.e.g)[N]>,5<(c.e.g)[N],(c.e.g)[N],(c.e.g)[N],(c.e.g)[N]>,5<(c.e.g)[N],(c.e.g)[N],(c.e.g)[N],(c.e.g)[N]>,5<(c.e.g)[N],(c.e.g)[N],(c.e.g)[N],(c.e.g)[N]>,5<(c.e.g)[N],(c.e.g)[N],(c.e.g)[N],(c.e.g)[N]>,5<(c.e.g)[N],(c.e.g)[N],(c.e.g)[N],(c.e.g)[N]>,5<(c.e.g)[N],(c.e.g)[N],(c.e.g)[N],(c.e.g)[N]>,5<(c.e.g)[N],(c.e.g)[N],(c.e.g)[N],(c.e.g)[N]>,5<(c.e.g)[N],(c.e.g)[N],(c.e.g)[N],(c.e.g)[N]>,5<(c.e.g)[N],(c.e.g)[N],(c.e.g)[N],(c.e.g)[N]>,5<(c.e.g)[N],(c.e.g)[N],(c.e.g)[N],(c.e.g)[N]>,5<(c.e.g)[N],(c.e.g)[N],(c.e.g)[N],(c.e.g)[N]>,5<(c.e.g)[N],(c.e.g)[N],(c.e.g)[N],(c.e.g)[N]>,5<(c.e.g)[N],(c.e.g)[N],(c.e.g)[N],(c.e.g)[N]>,5<(c.e.g)[N],(c.e.g)[N],(c.e.g)[N],(c.e.g)[N]>,5<(c.e.g)[N],(c.e.g)[N],(c.e.g)[N],(c.e.g)[N]>,5<(c.e.g)[N],(c.e.g)[N],(c.e.g)[N],(c.e.g)[N]>,5<(c.e.g)[N],(c.e.g)[N],(c.e.g)[N],(c.e.g)[N]>,5<(c.e.g)[N],(c.e.g)[N],(c.e.g)[N],(c.e.g)[N]>,5<(c.e.g)[N],(c.e.g)[N],(c.e.g)[N],(c.e.g)[N]>,5<(c.e.g)[N],(c.e.g)[N],(c.e.g)[N],(c.e.g)[N]>,5<(c.e.g)[N],(c.e.g)[N],(c.e.g)[N],(c.e.g)[N]>,5<(c.e.g)[N],(c.e.g)[N],(c.e.g)[N],(c.e.g)[N]>,5<(c.e.g)[N],(c.e.g)[N],(c.e.g)[N],(c.e.g)[N]>,5<(c.e.g)[N],(c.e.g)[N],(c.e.g)[N],(c.e.g)[N]>,5<(c.e.g)[N],(c.e.g)[N],(c.e.g)[N],(c.e.g)[N]>,5<(c.e.g)[N],(c.e.g)[N],(c.e.g)[N],(c.e.g)[N]>,5<(c.e.g)[N],(c.e.g)[N],(c.e.g)[N],(c.e.g)[N]>,5<(c.e.g)[N],(c.e.g)[N],(c.e.g)[N],(c.e.g)[N]>,5<(c.e.g)[N],(c.e.g)[N],(c.e.g)[N],(c.e.g)[N]>,5<(c.e.g)[N],(c.e.g)[N],(c.e.g)[N],(c.e.g)[N]>,5<(c.e.g)[N],(c.e.g)[N],(c.e.g)[N],(c.e.g)[N]>,5<(c.e.g)[N],(c.e.g)[N],(c.e.g)[N],(c.e.g)[N]>,5<(c.e.g)[N],(c.e.g)[N],(c.e.g)[N],(c.e.g)[N]>,5<(c.e.g)[N],(c.e.g)[N],(c.e.g)[N],(c.e.g)[N]>,5<(c.e.g)[N],(c.e.g)[N],(c.e.g)[N],(c.e.g)[N]>,5<(c.e.g)[N],(c.e.g)[N],(c.e.g)[N],(c.e.g)[N]>,5<(c.e.g)[N],(c.e.g)[N],(c.e.g)[N],(c.e.g)[N]>,5<(c.e.g)[N],(c.e.g)[N],(c.e.g)[N],(c.e.g)[N]>,5<(c.e.g)[N],(c.e.g)[N],(c.e.g)[N],(c.e.g)[N]>,5<(c.e.g)[N],(c.e.g)[N],(c.e.g)[N],(c.e.g)[N]>,5<(c.e.g)[N],(c.e.g)[N],(c.e.g)[N],(c.e.g)[N]>,5<(c.e.g)[N],(c.e.g)[N],(c.e.g)[N],(c.e.g)[N]>,5<(c.e.g)[N],(c.e.g)[N],(c.e.g)[N],(c.e.g)[N]>,5<(c.e.g)[N],(c.e.g)[N],(c.e.g)[N],(c.e.g)[N]>,5<(c.e.g)[N],(c.e.g)[N],(c.e.g)[N],(c.e.g)[N]>,5<(c.e.g)[N],(c.e.g)[N],(c.e.g)[N],(c.e.g)[N]>,5<(c.e.g)[N],(c.e.g)[N],(c.e.g)[N],(c.e.g)[N]>,5<(c.e.g)[N],(c.e.g)[N],(c.e.g)[N],(c.e.g)[N]>,5<(c.e.g)[N],(c.e.g)[N],(c.e.g)[N],(c.e.g)[N]>,5<(c.e.g)[N],(c.e.g)[N],(c.e.g)[N],(c.e.g)[N]>,5<(c.e.g)[N],(c.e.g)[N],(c.e.g)[N],(c.e.g)[N]>,5<(c.e.g)[N],(c.e.g)[N],(c.e.g)[N],(c.e.g)[N]>,5<(c.e.g)[N],(c.e.g)[N],(c.e.g)[N],(c.e.g)[N]>,5<(c.e.g)[N],(c.e.g)[N],(c.e.g)[N],(c.e.g)[N]>,5<(c.e.g)[N],(c.e.g)[N],(c.e.g)[N],(c.e.g)[N]>,5<(c.e.g)[N],(c.e.g)[N],(c.e.g)[N],(c.e.g)[N]>,5<(c.e.g)[N],(c.e.g)[N],(c.e.g)[N],(c.e.g)[N]>,5<(c.e.g)[N],(c.e.g)[N],(c.e.g)[N],(c.e.g)[N]>,5<(c.e.g)[N],(c.e.g)[N],(c.e.g)[N],(c.e.g)[N]>,5<(c.e.g)[N],(c.e.g)[N],(c.e.g)[N],(c.e.g)[N]>,5<(c.e.g)[N],(c.e.g)[N],(c.e.g)[N],(c.e.g)[N]>,5<(c.e.g)[N],(c.e.g)[N],(c.e.g)[N],(c.e.g)[N]>,5<(c.e.g)[N],(c.e.g)[N],(c.e.g)[N],(c.e.g)[N]>,5<(c.e.g)[N],(c.e.g)[N],(c.e.g)[N],(c.e.g)[N]>,5<(c.e.g)[N],(c.e.g)[N],(c.e.g)[N],(c.e.g)[N]>,5<(c.e.g)[N],(c.e.g)[N],(c.e.g)[N],(c.e.g)[N]>,5<(c.e.g)[N],(c.e.g)[N],(c.e.g)[N],(c.e.g)[N]>,5<(c.e.g)[N],(c.e.g)[N],(c.e.g)[N],(c.e.g)[N]>,5<(c.e.g)[N],(c.e.g)[N],(c.e.g)[N],(c.e.g)[N]>,5<(c.e.g)[N],(c.e.g)[N],(c.e.g)[N],(c.e.g)[N]>,5<(c.e.g)[N],(c.e.g)[N],(c.e.g)[N],(c.e.g)[N]>,5<(c.e.g)[N],(c.e.g)[N],(c.e.g)[N],(c.e.g)[N]>,5<(c.e.g)[N],(c.e.g)[N],(c.e.g)[N],(c.e.g)[N]>,5<(c.e.g)[N],(c.e.g)[N],(c.e.g)[N],(c.e.g)[N]>,5<(c.e.g)[N],(c.e.g)[N],(c.e.g)[N],(c.e.g)[N]>,5<(c.e.g)[N],(c.e.g)[N],(c.e.g)[N],(c.e.g)[N]>,5<(c.e.g)[N],(c.e.g)[N],(c.e.g)[N],(c.e.g)[N]>,5<(c.e.g)[N],(c.e.g)[N],(c.e.g)[N],(c.e.g)[N]>,5<(c.e.g)[N],(c.e.g)[N],(c.e.g)[N],(c.e.g)[N]>,5<(c.e.g)[N],(c.e.g)[N],(c.e.g)[N],(c.e.g)[N]>,5<(c.e.g)[N],(c.e.g)[N],(c.e.g)[N],(c.e.g)[N]>,5<(c.e.g)[N],(c.e.g)[N],(c.e.g)[N],(c.e.g)[N]>,5<(c.e.g)[N],(c.e.g)[N],(c.e.g)[N],(c.e.g)[N]>,5<(c.e.g)[N],(c.e.g)[N],(c.e.g)[N],(c.e.g)[N]>,5<(c.e.g)[N],(c.e.g)[N],(c.e.g)[N],(c.e.g)[N]>,5<(c.e.g)[N],(c.e.g)[N],(c.e.g)[N],(c.e.g)[N]>,5<(c.e.g)[N],(c.e.g)[N],(c.e.g)[N],(c.e.g)[N]>,5<(c.e.g)[N],(c.e.g)[N],(c.e.g)[N],(c.e.g)[N]>,5<(c.e.g)[N],(c.e.g)[N],(c.e.g)[N],(c.e.g)[N]>,5<(c.e.g)[N],(c.e.g)[N],(c.e.g)[N],(c.e.g)[N]>,5<(c.e.g)[N],(c.e.g)[N],(c.e.g)[N],(c.e.g)[N]>,5<(c.e.g)[N],(c.e.g)[N],(c.e.g)[N],(c.e.g)[N]>,5<(c.e.g)[N],(c.e.g)[N],(c.e.g)[N],(c.e.g)[N]>,5<(c.e.g)[N],(c.e.g)[N],(c.e.g)[N],(c.e.g)[N]>,5<(c.e.g)[N],(c.e.g)[N],(c.e.g)[N],(c.e.g)[N]>,5<(c.e.g)[N],(c.e.g)[N],(c.e.g)[N],(c.e.g)[N]>,5<(c.e.g)[N],(c.e.g)[N],(c.e.g)[N],(c.e.g)[N]>,5<(c.e.g)[N],(c.e.g)[N],(c.e.g)[N],(c.e.g)[N]>,5<(c.e.g)[N],(c.e.g)[N],(c.e.g)[N],(c.e.g)[N]>,5<(c.e.g)[N],(c.e.g)[N],(c.e.g)[N],(c.e.g)[N]>,5<(c.e.g)[N],(c.e.g)[N],(c.e.g)[N],(c.e.g)[N]>,5<(c.e.g)[N],(c.e.g)[N],(c.e.g)[N],(c.e.g)[N]>,5<(c.e.g)[N],(c.e.g)[N],(c.e.g)[N],(c.e.g)[N]>,5<(c.e.g)[N],(c.e.g)[N],(c.e.g)[N],(c.e.g)[N]>,5<(c.e.g)[N],(c.e.g)[N],(c.e.g)[N],(c.e.g)[N]>,5<(c.e.g)[N],(c.e.g)[N],(c.e.g)[N],(c.e.g)[N]>,5<(c.e.g)[N],(c.e.g)[N],(c.e.g)[N],(c.e.g)[N]>,5<(c.e.g)[N],(c.e.g)[N],(c.e.g)[N],(c.e.g)[N]>,5<(c.e.g)[N],(c.e.g)[N],(c.e.g)[N],(c.e.g)[N]>,5<(c.e.g)[N],(c.e.g)[N],(c.e.g)[N],(c.e.g)[N]>,5<(c.e.g)[N],(c.e.g)[N],(c.e.g)[N],(c.e.g)[N]>,5<(c.e.g)[N],(c.e.g)[N],(c.e.g)[N],(c.e.g)[N]>,5<(c.e.g)[N],(c.e.g)[N],(c.e.g)[N],(c.e.g)[N]>,5<(c.e.g)[N],(c.e.g)[N],(c.e.g)[N],(c.e.g)[N]>,5<(c.e.g)[N],(c.e.g)[N],(c.e.g)[N],(c.e.g)[N]>,5<(c.e.g)[N],(c.e.g)[N],(c.e.g)[N],(c.e.g)[N]>,5<(c.e.g)[N],(c.e.g)[N],(c.e.g)[N],(c.e.g)[N]>,5<(c.e.g)[N],(c.e.g)[N],(c.e.g)[N],(c.e.g)[N]>,5<(c.e.g)[N],(c.e.g)[N],(c.e.g)[N],(c.e.g)[N]>,5<(c.e.g)[N],(c.e.g)[N],(c.e.g)[N],(c.e.g)[N]>,5<(c.e.g)[N],(c.e.g)[N],(c.e.g)[N],(c.e.g)[N]>,5<(c.e.g)[N],(c.e.g)[N],(c.e.g)[N],(c.e.g)[N]>,5<(c.e.g)[N],(c.e.g)[N],(c.e.g)[N],(c.e.g)[N]>,5<(c.e.g)[N],(c.e.g)[N],(c.e.g)[N],(c.e.g)[N]>,5<(c.e.g)[N],(c.e.g)[N],(c.e.g)[N],(c.e.g)[N]>,5<(c.e.g)[N],(c.e.g)[N],(c.e.g)[N],(c.e.g)[N]>,5<(c.e.g)[N],(c.e.g)[N],(c.e.g)[N],(c.e.g)[N]>,5<(c.e.g)[N],(c.e.g)[N],(c.e.g)[N],(c.e.g)[N]>,5<(c.e.g)[N],(c.e.g)[N],(c.e.g)[N],(c.e.g)[N]>,5<(c.e.g)[N],(c.e.g)[N],(c.e.g)[N],(c.e.g)[N]>,5<(c.e.g)[N],(c.e.g)[N],(c.e.g)[N],(c.e.g)[N]>,5<(c.e.g)[N],(c.e.g)[N],(c.e.g)[N],(c.e.g)[N]>,5<(c.e.g)[N],(c.e.g)[N],(c.e.g)[N],(c.e.g)[N]>,5<(c.e.g)[N],(c.e.g)[N],(c.e.g)[N],(c.e.g)[N]>,5<(c.e.g)[N],(c.e.g)[N],(c.e.g)[N],(c.e.g)[N]>,5<(c.e.g)[N],(c.e.g)[N],(c.e.g)[N],(c.e.g)[N]>,5<(c.e.g)[N],(c.e.g)[N],(c.e.g)[N],(c.e.g)[N]>,5<(c.e.g)[N],(c.e.g)[N],(c.e.g)[N],(c.e.g)[N]>,5<(c.e.g)[N],(c.e.g)[N],(c.e.g)[N],(c.e.g)[N]>,5<(c.e.g)[N],(c.e.g)[N],(c.e.g)[N],(c.e.g)[N]>,5<(c.e.g)[N],(c.e.g)[N],(c.e.g)[N],(c.e.g)[N]>,5<(c.e.g)[N],(c.e.g)[N],(c.e.g)[N],(c.e.g)[N]>,5<(c.e.g)[N],(c.e.g)[N],(c.e.g)[N],(c.e.g)[N]>,5<(c.e.g)[N],(c.e.g)[N],(c.e.g)[N],(c.e.g)[N]>,5<(c.e.g)[N],(c.e.g)[N],(c.e.g)[N],(c.e.g)[N]>,5<(c.e.g)[N],(c.e.g)[N],(c.e.g)[N],(c.e.g)[N]>,5<(c.e.g)[N],(c.e.g)[N],(c.e.g)[N],(c.e.g)[N]>,5<(c.e.g)[N],(c.e.g)[N],(c.e.g)[N],(c.e.g)[N]>,5<(c.e.g)[N],(c.e.g)[N],(c.e.g)[N],(c.e.g)[N]>,5<(c.e.g)[N],(c.e.g)[N],(c.e.g)[N],(c.e.g)[N]>,5<(c.e.g)[N],(c.e.g)[N],(c.e.g)[N],(c.e.g)[N]>,5<(c.e.g)[N],(c.e.g)[N],(c.e.g)[N],(c.e.g)[N]>,5<(c.e.g)[N],(c.e.g)[N],(c.e.g)[N],(c.e.g)[N]>,5<(c.e.g)[N],(c.e.g)[N],(c.e.g)[N],(c.e.g)[N]>,5<(c.e.g)[N],(c.e.g)[N],(c.e.g)[N],(c.e.g)[N]>,5<(c.e.g)[N],(c.e.g)[N],(c.e.g)[N],(c.e.g)[N]>,5<(c.e.g)[N],(c.e.g)[N],(c.e.g)[N],(c.e.g)[N]>,5<(c.e.g)[N],(c.e.g)[N],(c.e.g)[N],(c.e.g)[N]>,5<(c.e.g)[N],(c.e.g)[N],(c.e.g)[N],(c.e.g)[N]>,5<(c.e.g)[N],(c.e.g)[N],(c.e.g)[N],(c.e.g)[N]>,5<(c.e.g)[N],(c.e.g)[N],(c.e.g)[N],(c.e.g)[N]>,5<(c.e.g)[N],(c.e.g)[N],(c.e.g)[N],(c.e.g)[N]>,5<(c.e.g)[N],(c.e.g)[N],(c.e.g)[N],(c.e.g)[N]>,5<(c.e.g)[N],(c.e.g)[N],(c.e.g)[N],(c.e.g)[N]>,5<(c.e.g)[N],(c.e.g)[N],(c.e.g)[N],(c.e.g)[N]>,5<(c.e.g)[N],(c.e.g)[N],(c.e.g)[N],(c.e.g)[N]>,5<(c.e.g)[N],(c.e.g)[N],(c.e.g)[N],(c.e.g)[N]>,5<(c.e.g)[N],(c.e.g)[N],(c.e.g)[N],(c.e.g)[N]>,5<(c.e.g)[N],(c.e.g)[N],(c.e.g)[N],(c.e.g)[N]>,5<(c.e.g)[N],(c.e.g)[N],(c.e.g)[N],(c.e.g)[N]>,5<(c.e.g)[N],(c.e.g)[N],(c.e.g)[N],(c.e.g)[N]>,5<(c.e.g)[N],(c.e.g)[N],(c.e.g)[N],(c.e.g)[N]>,5<(c.e.g)[N],(c.e.g)[N],(c.e.g)[N],(c.e.g)[N]>,5<(c.e.g)[N],(c.e.g)[N],(c.e.g)[N],(c.e.g)[N]>,5<(c.e.g)[N],(c.e.g)[N],(c.e.g)[N],(c.e.g)[N]>,5<(c.e.g)[N],(c.e.g)[N],(c.e.g)[N],(c.e.g)[N]>,5<(c.e.g)[N],(c.e.g)[N],(c.e.g)[N],(c.e.g)[N]>,5<(c.e.g)[N],(c.e.g)[N],(c.e.g)[N],(c.e.g)[N]>,5<(c.e.g)[N],(c.e.g)[N],(c.e.g)[N],(c.e.g)[N]>,5<(c.e.g)[N],(c.e.g)[N],(c.e.g)[N],(c.e.g)[N]>,5<(c.e.g)[N],(c.e.g)[N],(c.e.g)[N],(c.e.g)[N]>,5<(c.e.g)[N],(c.e.g)[N],(c.e.g)[N],(c.e.g)[N]>;"],"id":3,"instruments":["piano","piano"],"alternatives":["",""]}],"audition":{"start":[0,0],"end":[0,10]}}