{"baseBpm":90,"musics":[{"bpm":90,"baseBeats":0.5,"scores":["g[K],(g.a)[K],g[K],(g.a)[K],g[K],(g.a)[K],g[K],(g.a)[K],g[K],(g.a)[K],g[K],(g.a)[K],g[K],(g.a)[K],g[K],(g.a)[K],g[K],(g.a)[K],g[K],(g.a)[K],g[K],(g.a)[K],g[K],(g.a)[K],g[K],(g.a)[K],g[K],(g.a)[K],g[K],(g.a)[K],g[K],(g.a)[K],g[K],(g.a)[K],g[K],(g.a)[K],g[K],(g.a)[K],g[K],(g.a)[K],g[K],(g.a)[K],g[K],(g.a)[K],g[K],(g.a)[K],g[K],(g.a)[K],g[K],(g.a)[K],A-3[IJ],5<A-3[M],A-3[M]>,5<A-3[M],A-3[M]>,5<A-3[M],A-3[M]>,5<A-3[M],A-3[M]>,g3[K],g4[JK],3<g[M],c2[M],#c2[M],#c2[M],A-3[M],A-3[M],A-3[M],A-3[M],A-3[M],A-3[M],A-3[M],A-3[M],A-3[M],A-3[M],A-3[M],A-3[M],A-3[M],A-3[M],A-3[M],A-3[M],g[M],c2[M],#c2[M],#c2[M],A-3[M],A-3[M],A-3[M],A-3[M],A-3[M],A-3[M],A-3[M],A-3[M],A-3[M],A-3[M],A-3[M],A-3[M],A-3[M],A-3[M],A-3[M],A-3[M],g[M],c2[M],#c2[M],#c2[M],A-3[M],A-3[M],A-3[M],A-3[M],A-3[M],A-3[M],A-3[M],A-3[M],A-3[M],A-3[M],A-3[M],A-3[M],A-3[M],A-3[M],A-3[M],A-3[M],g[M],c2[M],#c2[M],#c2[M],A-3[M],A-3[M],A-3[M],A-3[M],A-3[M],A-3[M],A-3[M],A-3[M],A-3[M],A-3[M],A-3[M],A-3[M],A-3[M],A-3[M],A-3[M],A-3[M],g[M],c2[M],#c2[M],#c2[M],A-3[M],A-3[M],A-3[M],A-3[M],A-3[M],A-3[M],A-3[M],A-3[M],A-3[M],A-3[M],A-3[M],A-3[M],A-3[M],A-3[M],A-3[M],A-3[M],g[M],c2[M],#c2[M],#c2[M],A-3[M],A-3[M],A-3[M],A-3[M],A-3[M],A-3[M],A-3[M],A-3[M],A-3[M],A-3[M],A-3[M],A-3[M],A-3[M],A-3[M],A-3[M],A-3[M]>,10<(g3.g4)[J],A-3[M],G-2[M],c3[M]>,g3[J],c2[K],c2[I],b1[I],a1[I],(F-1.F-2)[KL];"],"id":1},{"bpm":95,"baseBeats":0.5,"scores":["10<(f1.f2)[K],g1[M],g2[M],g4[M],g4[M],G-1[M],G-2[M],A-3[M],#A-3[M]>,(B-1.B-2)[JK],(G-2.A-3)[IL],g4[J],(B-1.B-2)[JK],(G-2.A-3)[IL],g4[J],G-2[I],3<#a1[M],b2[M],c3[M],#c3[M],d3[M],b3[M],#f3[M],a3[M],g3[M],b2[M],c3[M],#c3[M],d3[M],#f3[M],e3[M],c3[M];a2[M],g2[M],#f2[M],e2[M],d2[M],c3[M],d2[M],#d2[M],e2[M],c3[M],#f2[M],c3[M],c3[M],b2[M],g2[M],d2[M];b1[M],b2[M],c3[M],#c3[M],d3[M],b3[M],#f3[M],a3[M],g3[M],b2[M],c3[M],#c3[M],d3[M],#f3[M],e3[M]>,c2[KL],d4[JK],8<A-3[M],g4[M]>,d4[JK],8<A-3[M],g4[M]>,d4[JK],8<A-3[M],g4[M]>,d4[JK],8<A-3[M],g4[M]>,d4[JK],8<A-3[M],g4[M]>,G-2[I];"],"id":2},{"bpm":100,"baseBeats":0.5,"scores":["b2[K],a2[K],e2[J],b2[K],a2[K],e2[J],b2[JK],a2[K],e2[JK],a2[K],g2[K],e2[JL],a2[K],g2[K],e2[JL],a2[JK],g2[K],e2[JL],g2[K],f2[K],d2[JK],g2[K],f2[K],d2[JK],g2[JL],f2[K],d2[JKL],f2[K],e2[K],b1[J],f2[K],e2[K],b1[J],f2[JK],e2[K],b1[K],c2[K],d2[K],a2[I],g[L],f[L],g[L],(#g.a)[L],g1[J],g4[K],g[L],f[L],g[L],(#g.a)[L],g1[J],g4[K],g[L],f[L],g[L],(#g.a)[L],g1[J],g4[K],g[L],f[L],g[L],(#g.a)[L],g1[J],g4[K],G-2[L],A-3[L],G-2[L],A-3[L],G-2[L],A-3[L],G-2[L],A-3[L],G-2[L],A-3[L],G-2[L],A-3[L],G-2[L],A-3[L],G-2[L],A-3[L],g2[J],c2[I],(c.e1)[J];"],"id":3}],"audition":{"end":[1,10],"start":[0,0]}}