{"baseBpm":960,"musics":[{"id":1,"baseBeats":0.25,"scores":["f3[M],f3[M],f3[M],f3[M],f3[M],f3[M],f3[M],f3[M],f3[M],f3[M],f3[M],f3[M],f3[M],f3[M],f3[M],f3[M],f3[M],f3[M],f3[M],f3[M],f3[M],f3[M],f3[M],f3[M],f3[M],f3[M],f3[M],f3[M],f3[M],f3[M],f3[M],f3[M],f3[M],f3[M],f3[M],f3[M],f3[M],f3[M],f3[M],f3[M],f3[M],f3[M],f3[M],f3[M],f3[M],f3[M],f3[M],f3[M],f3[M],f3[M],f3[M],f3[M],f3[M],f3[M],f3[M],f3[M],f3[M],f3[M],f3[M],f3[M],f3[M],f3[M],f3[M],f3[M],f3[M],f3[M],f3[M],f3[M],f3[M],f3[M],f3[M],f3[M],f3[M],f3[M],f3[M],f3[M],f3[M],f3[M],f3[M],f3[M],f3[M],f3[M],f3[M],f3[M],f3[M],f3[M],f3[M],f3[M],f3[M],f3[M],f3[M],f3[M],f3[M],f3[M],f3[M],f3[M],f3[M],f3[M],f3[M],f3[M],f3[M],f3[M],f3[M],f3[M],f3[M],f3[M],f3[M],f3[M],f3[M],f3[M],f3[M],f3[M],f3[M],f3[M],f3[M],f3[M],f3[M],f3[M],f3[M],f3[M],f3[M],f3[M],f3[M],f3[M],f3[M],f3[M],f3[M],f3[M],f3[M],f3[M],f3[M],f3[M],f3[M],f3[M],f3[M],f3[M],f3[M],f3[M],f3[M],f3[M],f3[M],f3[M],f3[M],f3[M],f3[M],f3[M],f3[M],f3[M],f3[M],f3[M],f3[M],f3[M],f3[M],f3[M],f3[M],f3[M],f3[M],f3[M],f3[M],f3[M],f3[M],f3[M],f3[M],f3[M],f3[M],f3[M],f3[M],f3[M],f3[M],f3[M],f3[M],f3[M],f3[M],f3[M],f3[M],f3[M],f3[M],f3[M],f3[M],f3[M],f3[M],f3[M],f3[M],f3[M],f3[M],f3[M],f3[M],f3[M],f3[M],f3[M],f3[M],f3[M],f3[M],f3[M],f3[M],f3[M],f3[M],f3[M],f3[M],f3[M],f3[M],f3[M],f3[M],f3[M],f3[M],f3[M],f3[M],f3[M],f3[M],f3[M],f3[M],f3[M],f3[M],f3[M],f3[M],f3[M],f3[M],f3[M],f3[M],f3[M],f3[M],f3[M],f3[M],f3[M],f3[M],f3[M],f3[M],f3[M],f3[M],f3[M],f3[M],f3[M],f3[M],f3[M],f3[M],f3[M],f3[M],f3[M],f3[M],f3[M],f3[M],f3[M],f3[M],f3[M],f3[M],f3[M],f3[M],f3[M],f3[M],f3[M],f3[M],f3[M],f3[M],f3[M],f3[M],f3[M],f3[M],f3[M],f3[M],f3[M],f3[M],f3[M],f3[M],f3[M],f3[M],f3[M],f3[M],f3[M],f3[M],f3[M],f3[M],f3[M],f3[M],f3[M],f3[M],f3[M],f3[M],f3[M],f3[M],f3[M],f3[M],f3[M],f3[M],f3[M],f3[M],f3[M],f3[M],f3[M],f3[M],f3[M],f3[M],f3[M],f3[M],f3[M],f3[M],f3[M],f3[M],f3[M],f3[M],f3[M],f3[M],f3[M],f3[M],f3[M],f3[M],f3[M],f3[M],f3[M],f3[M],f3[M],f3[M],f3[M],f3[M],f3[M],f3[M],f3[M],f3[M],f3[M],f3[M],f3[M],f3[M],f3[M],f3[M],f3[M],f3[M],f3[M],f3[M],f3[M],f3[M],f3[M],f3[M],f3[M],f3[M],f3[M],f3[M],f3[M],f3[M],f3[M],f3[M],f3[M],f3[M],f3[M],f3[M],f3[M],f3[M],f3[M],f3[M],f3[M],f3[M],f3[M],f3[M],f3[M],f3[M],f3[M],f3[M],f3[M],f3[M],f3[M],f3[M],f3[M],f3[M],f3[M],f3[M],f3[M],f3[M],f3[M],f3[M],f3[M],f3[M],f3[M],f3[M],f3[M],f3[M],f3[M],f3[M],f3[M],f3[M],f3[M],f3[M],f3[M],f3[M],f3[M],f3[M],f3[M],f3[M],f3[M],f3[M],f3[M],f3[M],f3[M],f3[M],f3[M],f3[M],f3[M],f3[M],f3[M],f3[M],f3[M],f3[M],f3[M],f3[M],f3[M],f3[M],f3[M],f3[M],f3[M],f3[M],f3[M],f3[M],f3[M],f3[M],f3[M],f3[M],f3[M],f3[M],f3[M],f3[M],f3[M],f3[M],f3[M],f3[M],f3[M],f3[M],f3[M],f3[M],f3[M],f3[M],f3[M],f3[M],f3[M],f3[M],f3[M],f3[M],f3[M],f3[M],f3[M],f3[M],f3[M],f3[M],f3[M],f3[M],f3[M],f3[M],f3[M],f3[M],f3[M],f3[M],f3[M],f3[M],f3[M],f3[M],f3[M],f3[M],f3[M],f3[M],f3[M],f3[M],f3[M],f3[M],f3[M],f3[M],f3[M],f3[M],f3[M],f3[M],f3[M],f3[M],f3[M],f3[M],f3[M],f3[M],f3[M],f3[M],f3[M],f3[M],f3[M],f3[M],f3[M],f3[M],f3[M],f3[M],f3[M],f3[M],f3[M],f3[M],f3[M],f3[M],f3[M],f3[M],f3[M],f3[M],f3[M],f3[M],f3[M],f3[M],f3[M],f3[M],f3[M],f3[M],f3[M],f3[M],f3[M],f3[M],f3[M],f3[M],f3[M],f3[M],f3[M],f3[M],f3[M],f3[M],f3[M],f3[M],f3[M],f3[M],f3[M],f3[M],f3[M],f3[M],f3[M],f3[M],f3[M],f3[M],f3[M],f3[M],f3[M],f3[M],f3[M],f3[M],f3[M],f3[M],f3[M],f3[M],f3[M],f3[M],f3[M],f3[M],f3[M],f3[M],f3[M],f3[M],f3[M],f3[M],f3[M],f3[M],f3[M],f3[M],f3[M],f3[M],f3[M],f3[M],f3[M],f3[M],f3[M],f3[M],f3[M],f3[M],f3[M],f3[M],f3[M],f3[M],f3[M],f3[M],f3[M],f3[M],f3[M],f3[M],f3[M],f3[M],f3[M],f3[M],f3[M],f3[M],f3[M],f3[M],f3[M],f3[M],f3[M],f3[M],f3[M],f3[M],f3[M],f3[M],f3[M],f3[M],f3[M],f3[M],f3[M],f3[M],f3[M],f3[M],f3[M],f3[M],f3[M],f3[M],f3[M],f3[M],f3[M],f3[M],f3[M],f3[M],f3[M],f3[M],f3[M],f3[M],f3[M],f3[M],f3[M],f3[M],f3[M],f3[M],f3[M],f3[M],f3[M],f3[M],f3[M],f3[M],f3[M],f3[M],f3[M],f3[M],f3[M],f3[M],f3[M],f3[M],f3[M],f3[M],f3[M],f3[M],f3[M],f3[M],f3[M],f3[M],f3[M],f3[M],f3[M],f3[M],f3[M],f3[M],f3[M],f3[M],f3[M],f3[M],f3[M],f3[M],f3[M],f3[M],f3[M],f3[M],f3[M],f3[M],f3[M],f3[M],f3[M],f3[M],f3[M],f3[M],f3[M],f3[M],f3[M],f3[M],f3[M],f3[M],f3[M],f3[M],f3[M],f3[M],f3[M],f3[M],f3[M],f3[M],f3[M],f3[M],f3[M],f3[M],f3[M],f3[M],f3[M],f3[M],f3[M],f3[M],f3[M],f3[M],f3[M],f3[M],f3[M],f3[M],f3[M],f3[M],f3[M],f3[M],f3[M],f3[M],f3[M],f3[M],f3[M],f3[M],f3[M],f3[M],f3[M],f3[M],f3[M],f3[M],f3[M],f3[M],f3[M],f3[M],f3[M],f3[M],f3[M],f3[M],f3[M],f3[M],f3[M],f3[M],f3[M],f3[M],f3[M],f3[M],f3[M],f3[M],f3[M],f3[M],f3[M],f3[M],f3[M],f3[M],f3[M],f3[M],f3[M],f3[M],f3[M],f3[M],f3[M],f3[M],f3[M],f3[M],f3[M],f3[M],f3[M],f3[M],f3[M],f3[M],f3[M],f3[M],f3[M],f3[M],f3[M],f3[M],f3[M],f3[M],f3[M],f3[M],f3[M],f3[M],f3[M],f3[M],f3[M],f3[M],f3[M],f3[M],f3[M],f3[M],f3[M],f3[M],f3[M],f3[M],f3[M],f3[M],f3[M],f3[M],f3[M],f3[M],f3[M],f3[M],f3[M],f3[M],f3[M],f3[M],f3[M],f3[M],f3[M],f3[M],f3[M],f3[M],f3[M],f3[M],f3[M],f3[M],f3[M],f3[M],f3[M],f3[M],f3[M],f3[M],f3[M],f3[M],f3[M],f3[M],f3[M],f3[M],f3[M],f3[M],f3[M],f3[M],f3[M],f3[M],f3[M],f3[M],f3[M],f3[M],f3[M],f3[M],f3[M],f3[M],f3[M],f3[M],f3[M],f3[M],f3[M],f3[M],f3[M],f3[M],f3[M],f3[M],f3[M],f3[M],f3[M],f3[M],f3[M],f3[M],f3[M],f3[M],f3[M],f3[M],f3[M],f3[M],f3[M],f3[M],f3[M],f3[M],f3[M],f3[M],f3[M],f3[M],f3[M],f3[M],f3[M],f3[M],f3[M],f3[M],f3[M],f3[M],f3[M],f3[M],f3[M],f3[M],f3[M],f3[M],f3[M],f3[M],f3[M],f3[M],f3[M],f3[M],f3[M],f3[M],f3[M],f3[M],f3[M],f3[M],f3[M],f3[M],f3[M],f3[M],f3[M],f3[M],f3[M],f3[M],f3[M],f3[M],f3[M],f3[M],f3[M],f3[M],f3[M],f3[M],f3[M],f3[M],f3[M],f3[M],f3[M],f3[M],f3[M],f3[M],f3[M],f3[M],f3[M],f3[M],f3[M],f3[M],f3[M],f3[M],f3[M],f3[M],f3[M],f3[M],f3[M],f3[M],f3[M],f3[M],f3[M],f3[M],f3[M],f3[M],f3[M],f3[M],f3[M],f3[M],f3[M],f3[M],f3[M],f3[M],f3[M],f3[M],f3[M],f3[M],f3[M],f3[M],f3[M],f3[M],f3[M],f3[M],f3[M],f3[M],f3[M],f3[M],f3[M],f3[M],f3[M],f3[M],f3[M],f3[M],f3[M],f3[M],f3[M],f3[M],f3[M],f3[M],f3[M],f3[M],f3[M],f3[M],f3[M],f3[M],f3[M],f3[M],f3[M],f3[M],f3[M],f3[M],f3[M],f3[M],f3[M],f3[M],f3[M],f3[M],f3[M],f3[M],f3[M],f3[M],f3[M],f3[M],f3[M],f3[M],f3[M],f3[M],f3[M],f3[M],f3[M],f3[M],f3[M],f3[M],f3[M],f3[M],f3[M],f3[M],f3[M],f3[M],f3[M],f3[M],f3[M],f3[M],f3[M],f3[M],f3[M],f3[M],f3[M],f3[M],f3[M],f3[M],f3[M],f3[M],f3[M],f3[M],f3[M],f3[M],f3[M],f3[M],f3[M],f3[M],f3[M],f3[M],f3[M],f3[M],f3[M],f3[M],f3[M],f3[M],f3[M],f3[M],f3[M],f3[M],f3[M],f3[M],f3[M],f3[M],f3[M],f3[M],f3[M],f3[M],f3[M],f3[M],f3[M],f3[M],f3[M],f3[M],f3[M],f3[M],f3[M],f3[M],f3[M],f3[M],f3[M],f3[M],f3[M],f3[M],f3[M],f3[M],f3[M],f3[M],f3[M],f3[M],f3[M],f3[M],f3[M],f3[M],f3[M],f3[M],f3[M],f3[M],f3[M],f3[M],f3[M],f3[M],f3[M],f3[M],f3[M],f3[M],f3[M],f3[M],f3[M],f3[M],f3[M],f3[M],f3[M],f3[M],f3[M],f3[M],f3[M],f3[M],f3[M],f3[M],f3[M],f3[M],f3[M],f3[M],f3[M],f3[M],f3[M],f3[M],f3[M],f3[M],f3[M],f3[M],f3[M],f3[M],f3[M],f3[M],f3[M],f3[M],f3[M],f3[M],f3[M],f3[M],f3[M],f3[M],f3[M],f3[M],f3[M],f3[M],f3[M],f3[M],f3[M],f3[M],f3[M],f3[M],f3[M],f3[M],f3[M],f3[M],f3[M],f3[M],f3[M],f3[M],f3[M],f3[M],f3[M],f3[M],f3[M],f3[M],f3[M],f3[M],f3[M],f3[M],f3[M],f3[M],f3[M],f3[M],f3[M],f3[M],f3[M],f3[M],f3[M],f3[M],f3[M],f3[M],f3[M],f3[M],f3[M],f3[M],f3[M],f3[M],f3[M],f3[M],f3[M],f3[M],f3[M],f3[M],f3[M],f3[M],f3[M],f3[M],f3[M],f3[M],f3[M],f3[M],f3[M],f3[M],f3[M],f3[M],f3[M],f3[M],f3[M],f3[M],f3[M],f3[M],f3[M],f3[M],f3[M],f3[M],f3[M],f3[M],f3[M],f3[M],f3[M],f3[M],f3[M],f3[M],f3[M],f3[M],f3[M],f3[M],f3[M],f3[M],f3[M],f3[M],f3[M],f3[M],f3[M],f3[M],f3[M],f3[M],f3[M],f3[M],f3[M],f3[M],f3[M],f3[M],f3[M],f3[M],f3[M],f3[M],f3[M],f3[M],f3[M],f3[M],f3[M],f3[M],f3[M],f3[M],f3[M],f3[M],f3[M],f3[M],f3[M],f3[M],f3[M],f3[M],f3[M],f3[M],f3[M],f3[M],f3[M],f3[M],f3[M],f3[M],f3[M],f3[M],f3[M],f3[M],f3[M],f3[M],f3[M],f3[M],f3[M],f3[M],f3[M],f3[M],f3[M],f3[M],f3[M],f3[M],f3[M],f3[M],f3[M],f3[M],f3[M],f3[M],f3[M],f3[M],f3[M],f3[M],f3[M],f3[M],f3[M],f3[M],f3[M],f3[M],f3[M],f3[M],f3[M],f3[M],f3[M],f3[M],f3[M],f3[M],f3[M],f3[M],f3[M],f3[M],f3[M],f3[M],f3[M],f3[M],f3[M],f3[M],f3[M],f3[M],f3[M],f3[M],f3[M],f3[M],f3[M],f3[M],f3[M],f3[M],f3[M],f3[M],f3[M],f3[M],f3[M],f3[M],f3[M],f3[M],f3[M],f3[M],f3[M],f3[M],f3[M],f3[M],f3[M],f3[M],f3[M],f3[M],f3[M],f3[M],f3[M],f3[M],f3[M],f3[M],f3[M],f3[M],f3[M],f3[M],f3[M],f3[M],f3[M],f3[M],f3[M],f3[M],f3[M],f3[M],f3[M],f3[M],f3[M],f3[M],f3[M],f3[M],f3[M],f3[M],f3[M],f3[M],f3[M],f3[M],f3[M],f3[M],f3[M],f3[M],f3[M],f3[M],f3[M],f3[M],f3[M],f3[M],f3[M],f3[M],f3[M],f3[M],f3[M],f3[M],f3[M],f3[M],f3[M],f3[M],f3[M],f3[M],f3[M],f3[M],f3[M],f3[M],f3[M],f3[M],f3[M],f3[M],f3[M],f3[M],f3[M],f3[M],f3[M],f3[M],f3[M],f3[M],f3[M],f3[M],f3[M],f3[M],f3[M],f3[M],f3[M],f3[M],f3[M],f3[M],f3[M],f3[M],f3[M],f3[M],f3[M],f3[M],f3[M],f3[M],f3[M],f3[M],f3[M],f3[M],f3[M],f3[M],f3[M],f3[M],f3[M],f3[M],f3[M],f3[M],f3[M],f3[M],f3[M],f3[M],f3[M],f3[M],f3[M],f3[M],f3[M],f3[M],f3[M],f3[M],f3[M],f3[M],f3[M],f3[M],f3[M],f3[M],f3[M],f3[M],f3[M],f3[M],f3[M],f3[M],f3[M],f3[M],f3[M],f3[M],f3[M],f3[M],f3[M],f3[M],f3[M],f3[M],f3[M],f3[M],f3[M],f3[M],f3[M],f3[M],f3[M],f3[M],f3[M],f3[M],f3[M],f3[M],f3[M],f3[M],f3[M],f3[M],f3[M],f3[M],f3[M],f3[M],f3[M],f3[M],f3[M],f3[M],f3[M],f3[M],f3[M],f3[M],f3[M],f3[M],f3[M],f3[M],f3[M],f3[M],f3[M],f3[M],f3[M],f3[M],f3[M],f3[M],f3[M],f3[M],f3[M],f3[M],f3[M],f3[M],f3[M],f3[M],f3[M],f3[M],f3[M],f3[M],f3[M],f3[M],f3[M],f3[M],f3[M],f3[M],f3[M],f3[M],f3[M],f3[M],f3[M],f3[M],f3[M],f3[M],f3[M],f3[M],f3[M],f3[M],f3[M],f3[M],f3[M],f3[M],f3[M],f3[M],f3[M],f3[M],f3[M],f3[M],f3[M],f3[M],f3[M],f3[M],f3[M],f3[M],f3[M],f3[M],f3[M],f3[M],f3[M],f3[M],f3[M],f3[M],f3[M],f3[M],f3[M],f3[M],f3[M],f3[M],f3[M],f3[M],f3[M],f3[M],f3[M],f3[M],f3[M],f3[M],f3[M],f3[M],f3[M],f3[M],f3[M],f3[M],f3[M],f3[M],f3[M],f3[M],f3[M],f3[M],f3[M],f3[M],f3[M],f3[M],f3[M],f3[M],f3[M],f3[M],f3[M],f3[M],f3[M],f3[M],f3[M],f3[M],f3[M],f3[M],f3[M],f3[M],f3[M],f3[M],f3[M],f3[M],f3[M],f3[M],f3[M],f3[M],f3[M],f3[M],f3[M],f3[M],f3[M],f3[M],f3[M],f3[M],f3[M],f3[M],f3[M],f3[M],f3[M],f3[M],f3[M],f3[M],f3[M],f3[M],f3[M],f3[M],f3[M],f3[M],f3[M],f3[M],f3[M],f3[M],f3[M],f3[M],f3[M],f3[M],f3[M],f3[M],f3[M],f3[M],f3[M],f3[M],f3[M],f3[M],f3[M],f3[M],f3[M],f3[M],f3[M],f3[M],f3[M],f3[M],f3[M],f3[M],f3[M],f3[M],f3[M],f3[M],f3[M],f3[M],f3[M],f3[M],f3[M],f3[M],f3[M],f3[M],f3[M],f3[M],f3[M],f3[M],f3[M],f3[M],f3[M],f3[M],f3[M],f3[M],f3[M],f3[M],f3[M],f3[M],f3[M],f3[M],f3[M],f3[M],f3[M],f3[M],f3[M],f3[M],f3[M],f3[M],f3[M],f3[M],f3[M],(F-2.F-1.f.f1.f2.f3.f4)[HHHHH],C-1[LM],C-1[LN],C-1[LNO],C-1[LO],C-2[MN],C-2[MN],C-2[MN],C-2[MN],C-2[MN],C-2[MN],C-2[MN],C-2[MN],C-2[MN],C-2[MN],C-2[MN],C-2[MN],C-2[MN],C-2[MN],C-2[MN],C-2[MN],C-2[MN],C-2[MN],C-2[MN],C-2[MN],C-2[LP],C-2[LP],C-2[LP],C-2[LP],C-2[LP],C-2[LP],C-2[LP],C-2[LP],C-2[LP],C-2[LP],C-2[LP],C-2[LP],C-2[LP],C-2[LP],C-2[LP],C-2[MN],C-2[L],C-1[LN],C-1[L],C-1[K],C-2[I],(C-2.C-1.c.c2.c3.c4)[HHH],RS;5<c1[N],c1[N]>,c1[M],c1[M],c1[M],c1[M],c1[M],c1[M],c1[M],c1[M],c1[LO],5<c1[N],c2[N]>,5<c1[N],c2[N]>,5<c1[N],c2[N]>,5<c1[N],c2[N]>,5<c1[N],c2[N]>,5<c1[N],c2[N]>,5<c1[N],c2[N]>,5<c1[N],c2[N]>,5<c1[N],c2[N]>,5<c1[N],c2[N]>,5<c1[N],c2[N]>,5<c1[N],c2[N]>,5<c1[N],c2[N]>,5<c1[N],c2[N]>,5<c1[N],c2[N]>,5<c1[N],c2[N]>,5<c1[N],c2[N]>,5<c1[N],c2[N]>,5<c1[N],c2[N]>,5<c1[N],c2[N]>,5<c1[N],c2[N]>,5<c1[N],c2[N]>,5<c1[N],c2[N]>,5<c1[N],c2[N]>,5<c1[N],c2[N]>,5<c1[N],c2[N]>,5<c1[N],c2[N]>,b2[KL],b2[KM],b2[KNO],b2[M],b2[KL],b2[KM],b2[KNO],b2[M],b2[KL],b2[KM],b2[KNO],b2[M],b2[KL],b2[KM],b2[KNO],b2[M],b2[KL],b2[KM],b2[KNO],b2[M],b2[KL],b2[KM],b2[KNO],b2[M],b2[KL],b2[KM],b2[KNO],b2[M],b2[KL],b2[KM],b2[KNO],b2[M],b2[KL],b2[KM],b2[KNO],b2[M],b2[KL],b2[KM],b2[KNO],b2[M],b2[KL],b2[KM],b2[KNO],b2[M],b2[KL],b2[KM],b2[KNO],b2[M],b2[KL],b2[KM],b2[KNO],b2[M],b2[KL],b2[KM],b2[KNO],b2[M],b2[KL],b2[KM],b2[KNO],R;A-3[H];"]},{"id":2,"baseBeats":0.25,"scores":["b2[KL],b2[KM],b2[KNO],b2[KL],b2[KM],b2[KNO],b2[KL],b2[KM],b2[KNO],b2[KL],b2[KM],b2[KNO],b2[KL],b2[KM],b2[KNO],b2[KL],b2[KM],b2[KNO],b2[KL],b2[KM],b2[KNO],b2[KL],b2[KM],b2[KNO],b2[KL],b2[KM],b2[KNO],b2[KL],b2[KM],b2[KNO],b2[KL],b2[KM],b2[KNO],b2[KL],b2[KM],b2[KNO],b2[KL],b2[KM],b2[KNO],b2[KL],b2[KM],b2[KNO],b2[KL],b2[KM],b2[KNO],b2[KL],b2[KM],b2[KNO],b2[KL],b2[KM],b2[KNO],b2[KL],b2[KM],b2[KNO],b2[KL],b2[KM],b2[KNO],5<c1[N],c2[N]>,5<c1[N],c2[N]>,5<c1[N],c2[N]>,5<c1[N],c2[N]>,5<c1[N],c2[N]>,b2[KL],b2[KM],b2[KNO],5<c1[N],c2[N]>,b2[KL],b2[KM],b2[KNO],b2[KL],b2[KM],b2[KNO],b2[KL],b2[KM],b2[KNO],b2[KL],b2[KM],b2[KNO],b2[KL],b2[KM],b2[KNO],b2[KL],b2[KM],b2[KNO],b2[KL],b2[KM],b2[KNO],b2[KL],b2[KM],b2[KNO],b2[KL],b2[KM],b2[KNO],b2[M],b2[M],b2[M],b2[M],b2[M],b2[M],b2[M],b2[M],b2[M],b2[M],b2[M],b2[M],b2[M],b2[M],b2[M],b2[M],b2[M],b2[M],b2[M],b2[M],5<c1[N],c2[N]>,b2[M],5<c1[N],c2[N]>,b2[M],b2[M],b2[M],b2[M],b2[M],b2[M],b2[M],b2[M],b2[M],b2[M],b2[M],b2[M],b2[M],b2[M],5<c1[N],c2[N]>,5<c1[N],c2[N]>,5<c1[N],c2[N]>,5<c1[N],c2[N]>,5<c1[N],c2[N]>,5<c1[N],c2[N]>,b2[M],b2[M],b2[M],b2[M],b2[M],b2[M],b2[M],b2[M],b2[M],b2[M],b2[M],b2[M],b2[M],b2[M],b2[M],b2[M],b2[M],5<c1[N],c2[N]>,b2[M],b2[M],5<c1[N],c2[N]>,b2[M],5<c1[N],c2[N]>,5<c1[N],c2[N]>,5<c1[N],c2[N]>,5<c1[N],c2[N]>,b2[M],b2[M],b2[M],b2[M],b2[M],b2[M],b2[M],b2[M],b2[M],b2[M],b2[M],b2[M],b2[M],b2[M],b2[M],b2[M],b2[M],b2[M],b2[M],b2[M],b2[M],b2[M],6<c[O],d[O],e[O],f[O],g[O],a[O],b[O],c1[O]>,T;5<(#A-2.#D-1.#A-1)[N],(#D-1.#G-1.#d)[N]>;5<(d.G-1.D-1)[N],(#A-2.#A-1.#D-1)[N]>;5<(F-1.#A-1.f)[N],(d.G-1.D-1)[N]>;5<(#D-1.#G-1.#d)[N],mute[N]>,5<(g.#A-1.G-1)[N],(#a.#A-1.#d)[N]>,5<(G-1.c.g)[N],(A-1.d.a)[N]>,5<(F-1.f.#A-1)[N],(#G-1.#d.#D-1)[N]>,5<(D-1.G-1.d)[N],(C-1.F-1.c)[N]>,5<(#D-1.#G-1.#d)[N],(D-1.d.G-1)[N]>,5<(A-1.d.a)[N],(G-1.c.g)[N]>,5<(#A-1.F-1.f)[N],(#A-1.#d.#a)[N]>,5<(a.d.A-1)[N],(#d.#G-1.#D-1)[N]>,5<(#A-1.F-1.f)[N],(g.c.G-1)[N]>;5<(F-1.c.C-1)[N],(#D-1.#G-1.#d)[N]>,5<(d.G-1.D-1)[N],(#A-2.#D-1.#A-1)[N]>,5<(C-1.F-1.c)[N],(D-1.G-1.d)[N]>,5<(#D-1.#A-1.#a)[N],(D-1.A-1.a)[N]>;5<(F-1.c1.c)[N],(#D-1.#A-1.#a)[N]>,5<(G-1.d.d1)[N],(F-1.c.c1)[N]>;5<(#G-1.#d.#d1)[N],(G-1.d.d1)[N]>,5<(#A-1.f.f1)[N],(#G-1.#d.#d1)[N]>,5<(c.g.g1)[N],(#A-1.f.f1)[N]>,5<(d.a.a1)[N],(c.g.g1)[N]>,5<(#d.#a.#a1)[N],(d.a.a1)[N]>;5<(f.c2.c1)[N],(#d.#a.#a1)[N]>,5<(g.d1.d2)[N],(f.c2.c1)[N]>;5<(#g.#d2.#d1)[N],(g.d2.d1)[N]>,5<(#a.f2.f1)[N],(#g.#d2.#d1)[N]>,5<(c1.g2.g1)[N],(#a.f2.f1)[N]>,5<(d1.a2.a1)[N],(c1.g2.g1)[N]>,T,U,V,7<(#A-3.#A-1~d.D-2~f.F-2~#A-2.#a)[MN]>,7<(C-2.c~#D-2.#d~g.G-2~c1.C-1)[MN]>,7<(D-2.d~F-2.f~A-2.a~#c1.#C-1)[MN]>,7<(#D-2.#d~G-2.g~#A-2.#a~#d1.#D-1)[MN]>,7<(F-2.f~A-2.a~c1.C-1~f1.F-1)[MN]>,7<(G-2.g~#A-2.#a~D-1.d1~G-1.g1)[MN]>,7<(A-2.a~C-1.c1~#D-1.#d1~A-1.a1)[MN]>,7<(#A-2.#a~d1.D-1~f1.F-1~#A-1.#a1)[MN]>,7<(C-1.c1~#D-1.#d1~g1.G-1~c2.c)[MN]>,7<(D-1.d1~F-1.f1~A-1.a1~#c2.#c)[MN]>,7<(#D-1.#d1~G-1.g1~#A-1.#a1~#d2.#d)[MN]>,7<(F-1.f1~A-1.a1~c2.c~f2.f)[MN]>,7<(G-1.g1~#A-1.#a1~d.d2~g.g2)[MN]>,7<(A-1.a1~c.c2~#d.#d2~a.a2)[MN]>,7<(#A-1.#a~d2.d~f2.f~#a.#a2)[MN]>,7<(C-2.c2~#d.#d2~g2.g~c3.c)[MN]>,7<(d.d2~f.f2~a.a2~#c3.#c)[MN]>,7<(#d.#d2~g.g2~#a.#a2~#d3.#d)[MN]>,7<(f.f2~a.a2~c3.c~f3.f)[MN]>,7<(g.g2~#a.#a2~d.d3~g.g3)[MN]>,7<(a.a2~c.c3~#d.#d3~a.a3)[MN]>,ST,5<e2[N],f2[N]>,5<#g2[N],a2[N]>,5<f2[N],a2[N]>,5<#g2[N],f2[N]>,5<e2[N],f2[N]>,5<#g2[N],a2[N]>,5<b2[N],c3[N]>,5<a2[N],b2[N]>,5<f2[N],a2[N]>,5<#g2[N],f2[N]>,5<e2[N],f2[N]>,5<e2[N],d2[N]>,5<c2[N],d2[N]>,5<c2[N],b1[N]>,5<a1[N],b1[N]>,5<a1[N],#g1[N]>,5<(d1.b1)[N],e1[N]>,5<f1[N],#g1[N]>,5<b1[N],d2[N]>,5<f2[N],#g2[N]>,5<a2[N],#g2[N]>,5<a2[N],b2[N]>,5<c3[N],b2[N]>,5<c3[N],f3[N]>,5<(e2.e3)[N],f3[N]>,5<d3[N],f3[N]>,5<e3[N],f3[N]>,5<d3[N],f3[N]>,5<e3[N],d3[N]>,5<c3[N],b2[N]>,5<a2[N],#g2[N]>,5<f2[N],e2[N]>,8<f3[O],#g3[O],a3[O],#g3[O],f3[O],e3[O],d3[O],c3[O],b2[O],a2[O],#g2[O],a2[O],b2[O],a2[O],#g2[O],f2[O],e2[O],d2[O],e2[O],c3[O],b2[O],a2[O],#g2[O],f2[O],e2[O],b1[O],a1[O],#g1[O],f1[O],e1[O],f1[O],a1[O];b1[O],c2[O],d2[O],c2[O],b1[O],a1[O],#g1[O],f1[O],e1[O],f1[O],e1[O],d1[O],e1[O],f1[O],#g1[O],b1[O],d2[O],f2[O],#g2[O],b2[O],d3[O],f3[O],e3[O],f3[O],d3[O],f3[O],e3[O],f3[O],d3[O],f3[O],e3[O],d3[O],e3[O],f3[O],e3[O],f3[O],e3[O],f3[O],e3[O],f3[O],e3[O],d3[O],b2[O],a2[O],f2[O],#g2[O],f2[O],e2[O],d2[O],c2[O],b1[O],a1[O],#g1[O],f1[O],e1[O],d1[O],c1[O],b[O],a[O],#g[O],f[O],e[O],d[O],e[O]>,#f2[K],#c2[MN],c2[MN],#c2[MN],d2[K],#c2[K],(B-3.F-2.B-2.F-1.B-1.f.b.f1.b1.f2.b2.f3.b3.f4)[K],(#A-3.#F-2.#A-2.#F-1.#A-1.#f.#a.#f1.#a1.#f2.#a2.#f3.#a3.#f4)[HIJKLMNOP],TUV;3<(#A-2.#D-1.#A-1)[OP],(#D-1.#G-1.#d)[OP];(d.G-1.D-1)[OP],(#A-2.#A-1.#D-1)[OP];(F-1.#A-1.f)[OP],(d.G-1.D-1)[OP];(#D-1.#G-1.#d)[OP],mute[OP],(g.#A-1.G-1)[OP],(#a.#A-1.#d)[OP],(G-1.c.g)[OP],(A-1.d.a)[OP],(F-1.f.#A-1)[OP],(#G-1.#d.#D-1)[OP],(D-1.G-1.d)[OP],(C-1.F-1.c)[OP],(#D-1.#G-1.#d)[OP],(D-1.d.G-1)[OP],(A-1.d.a)[OP],(G-1.c.g)[OP],(#A-1.F-1.f)[OP],(#A-1.#d.#a)[OP],(a.d.A-1)[OP],(#d.#G-1.#D-1)[OP],(#A-1.F-1.f)[OP],(g.c.G-1)[OP];(F-1.c.C-1)[OP],(#D-1.#G-1.#d)[OP],(d.G-1.D-1)[OP],(#A-2.#D-1.#A-1)[OP],(C-1.F-1.c)[OP],(D-1.G-1.d)[OP],(#D-1.#A-1.#a)[OP],(D-1.A-1.a)[OP];(F-1.c1.c)[OP],(#D-1.#A-1.#a)[OP],(G-1.d.d1)[OP],(F-1.c.c1)[OP];(#G-1.#d.#d1)[OP],(G-1.d.d1)[OP],(#A-1.f.f1)[OP],(#G-1.#d.#d1)[OP],(c.g.g1)[OP],(#A-1.f.f1)[OP],(d.a.a1)[OP],(c.g.g1)[OP],(#d.#a.#a1)[OP],(d.a.a1)[OP];(f.c2.c1)[OP],(#d.#a.#a1)[OP],(g.d1.d2)[OP],(f.c2.c1)[OP];(#g.#d2.#d1)[OP],(g.d2.d1)[OP],(#a.f2.f1)[OP],(#g.#d2.#d1)[OP],(c1.g2.g1)[OP],(#a.f2.f1)[OP],(d1.a2.a1)[OP],(c1.g2.g1)[OP]>,T,U,V,7<(#A-3.#A-1~d.D-2~f.F-2~#A-2.#a)[M]>,7<(C-2.c~#D-2.#d~g.G-2~c1.C-1)[M]>,7<(D-2.d~F-2.f~A-2.a~#c1.#C-1)[M]>,7<(#D-2.#d~G-2.g~#A-2.#a~#d1.#D-1)[M]>,7<(F-2.f~A-2.a~c1.C-1~f1.F-1)[M]>,7<(G-2.g~#A-2.#a~D-1.d1~G-1.g1)[M]>,7<(A-2.a~C-1.c1~#D-1.#d1~A-1.a1)[M]>,7<(#A-2.#a~d1.D-1~f1.F-1~#A-1.#a1)[M]>,7<(C-1.c1~#D-1.#d1~g1.G-1~c2.c)[M]>,7<(D-1.d1~F-1.f1~A-1.a1~#c2.#c)[M]>,7<(#D-1.#d1~G-1.g1~#A-1.#a1~#d2.#d)[M]>,7<(F-1.f1~A-1.a1~c2.c~f2.f)[M]>,7<(G-1.g1~#A-1.#a1~d.d2~g.g2)[M]>,7<(A-1.a1~c.c2~#d.#d2~a.a2)[M]>,7<(#A-1.#a~d2.d~f2.f~#a.#a2)[M]>,7<(C-2.c2~#d.#d2~g2.g~c3.c)[M]>,7<(d.d2~f.f2~a.a2~#c3.#c)[M]>,7<(#d.#d2~g.g2~#a.#a2~#d3.#d)[M]>,7<(f.f2~a.a2~c3.c~f3.f)[M]>,7<(g.g2~#a.#a2~d.d3~g.g3)[M]>,7<(a.a2~c.c3~#d.#d3~a.a3)[M]>,ST,3<e2[OP],f2[OP],#g2[OP],a2[OP],f2[OP],a2[OP],#g2[OP],f2[OP],e2[OP],f2[OP],#g2[OP],a2[OP],b2[OP],c3[OP],a2[OP],b2[OP],f2[OP],a2[OP],#g2[OP],f2[OP],e2[OP],f2[OP],e2[OP],d2[OP],c2[OP],d2[OP],c2[OP],b1[OP],a1[OP],b1[OP],a1[OP],#g1[OP],(d1.b1)[OP],e1[OP],f1[OP],#g1[OP],b1[OP],d2[OP],f2[OP],#g2[OP],a2[OP],#g2[OP],a2[OP],b2[OP],c3[OP],b2[OP],c3[OP],f3[OP],(e2.e3)[OP],f3[OP]>,6<d3[OP],f3[OP],e3[OP],f3[OP],d3[OP],f3[OP],e3[OP],d3[OP],c3[OP],b2[OP],a2[OP],#g2[OP],f2[OP],e2[OP]>,8<f3[O],#g3[O],a3[O],#g3[O],f3[O],e3[O],d3[O],c3[O],b2[O],a2[O],#g2[O],a2[O],b2[O],a2[O],#g2[O],f2[O],e2[O],d2[O],e2[O],c3[O],b2[O],a2[O],#g2[O],f2[O],e2[O],b1[O],a1[O],#g1[O],f1[O],e1[O],f1[O],a1[O];b1[O],c2[O],d2[O],c2[O],b1[O],a1[O],#g1[O],f1[O],e1[O],f1[O],e1[O],d1[O],e1[O],f1[O],#g1[O],b1[O],d2[O],f2[O],#g2[O],b2[O],d3[O],f3[O],e3[O],f3[O],d3[O],f3[O],e3[O],f3[O],d3[O],f3[O],e3[O],d3[O],e3[O],f3[O],e3[O],f3[O],e3[O],f3[O],e3[O],f3[O],e3[O],d3[O],b2[O],a2[O],f2[O],#g2[O],f2[O],e2[O],d2[O],c2[O],b1[O],a1[O],#g1[O],f1[O],e1[O],d1[O],c1[O],b[O],a[O],#g[O],f[O],e[O],d[O],e[O]>,#f2[LM],#c2[M],c2[M],#c2[M],d2[LM],#c2[LM],(B-3.F-2.B-2.F-1.B-1.f.b.f1.b1.f2.b2.f3.b3.f4)[LM],(#A-3.#F-2.#A-2.#F-1.#A-1.#f.#a.#f1.#a1.#f2.#a2.#f3.#a3.#f4)[IJKLOOP],#A-3[KNO],(c1.a2)[KLNOP],c3[JNO],c4[IJO],d1[H],d2[HKNOP],(d.d2.d3.d4)[HHHNOP],(a.a4)[IJ],Q;(f2.f1.G-1.G-2)[KL],(f2.f1.g)[KL],(#f2.#f1.b)[KL],(#f2.g1.#f1)[KL],(g2.g1.G-1.G-2)[KL],g[KL],b[KL],g1[KL],(G-1.G-2)[KL],(b2.b1.g)[KL],b[KL],(d2.g1.d1)[KL],(g2.g1.G-1.G-2)[KL],g[KL],b[KL],g1[KL],(f2.f1.G-1.G-2)[KL],(f2.f1.g)[KL],(#f2.#f1.b)[KL],(#f2.g1.#f1)[KL],(g2.g1.G-1.G-2)[KL],g[KL],b[KL],g1[KL],(G-1.G-2)[KL],(b2.b1.g)[KL],b[KL],(d2.g1.d1)[KL],(g2.g1.G-1.G-2)[KL],g[KL],b[KL],g1[KL],(f2.f1.#D-1.#D-2)[KL],(f2.b1.f1.#d)[KL],(#f2.c2.#f1.#a)[KL],(#f2.#c2.#f1.#d1)[KL],(g2.g1.#D-1.#D-2)[KL],(g2.#c2.g1.#d)[KL],(#g2.d2.#g1.#a)[KL],(#g2.#d2.#g1.#d1)[KL],(a2.a1.#D-1.#D-2)[KL],(a2.#d2.a1.#d)[KL],(#a2.e2.#a1.#a)[KL],(#a2.f2.#a1.#d1)[KL],(b2.b1.#D-1.#D-2)[KL],(b2.f2.b1.#d)[KL],(c3.#f2.c2.#a)[KL],(c3.g2.c2.#d1)[KL],(#c3.#c2.#D-1.#D-2)[KL],(#c3.g2.#c2.#d)[KL],(d3.#g2.d2.#a)[KL],(d3.a2.d2.#d1)[KL],(#d3.#d2.#D-1.#D-2)[KL],(#d3.a2.#d2.#d)[KL],(e3.#a2.e2.#a)[KL],(e3.b2.e2.#d1)[KL],(f3.f2.D-1.D-2)[KL],(f3.b2.f2.d)[KL],(#f3.c3.#f2.a)[KL],(#f3.#c3.#f2.d1)[KL],(g3.d3.g2.D-1.D-2)[KL],(#g3.#d3.#g2.d)[KL],(a3.e3.a2.a)[KL],(#a3.f3.#a2.d1)[KL];V;5<e2[M],e2[M]>,5<e2[M],e2[M]>,5<e2[M],e2[M]>,5<e2[M],e2[M]>,5<e2[M],e2[M]>,5<e2[M],e2[M]>,5<e2[M],e2[M]>,5<e2[M],e2[M]>;5<d2[M],d2[M]>,5<d2[M],d2[M]>,5<d2[M],d2[M]>,5<d2[M],d2[M]>,5<d2[M],d2[M]>,5<d2[M],d2[M]>,5<d2[M],d2[M]>,5<d2[M],d2[M]>;5<c2[M],c2[M]>,5<c2[M],c2[M]>,5<c2[M],c2[M]>,5<c2[M],c2[M]>,5<c2[M],c2[M]>,5<c2[M],c2[M]>,5<c2[M],c2[M]>,5<c2[M],c2[M]>;5<b1[M],b1[M]>,5<b1[M],b1[M]>,5<b1[M],b1[M]>,5<b1[M],b1[M]>,5<b1[M],b1[M]>,5<b1[M],b1[M]>,5<b1[M],b1[M]>,5<b1[M],b1[M]>;5<a1[M],a1[M]>,5<a1[M],a1[M]>,5<a1[M],a1[M]>,5<a1[M],a1[M]>,5<a1[M],a1[M]>,5<a1[M],a1[M]>,5<a1[M],a1[M]>,5<a1[M],a1[M]>;5<g1[M],g1[M]>,5<g1[M],g1[M]>,5<g1[M],g1[M]>,5<g1[M],g1[M]>,5<g1[M],g1[M]>,5<g1[M],g1[M]>,5<g1[M],g1[M]>,5<g1[M],g1[M]>;5<a1[M],a1[M]>,5<a1[M],a1[M]>,5<a1[M],a1[M]>,5<a1[M],a1[M]>,5<a1[M],a1[M]>,5<a1[M],a1[M]>,5<a1[M],a1[M]>,5<a1[M],a1[M]>;5<b1[M],b1[M]>,5<b1[M],b1[M]>,5<b1[M],b1[M]>,5<b1[M],b1[M]>,5<b1[M],b1[M]>,5<b1[M],b1[M]>,5<b1[M],b1[M]>,5<b1[M],b1[M]>;5<e2[M],e2[M]>,5<e2[M],e2[M]>,5<e2[M],e2[M]>,5<e2[M],e2[M]>,5<e2[M],e2[M]>,5<e2[M],e2[M]>,5<e2[M],e2[M]>,5<e2[M],e2[M]>;5<d2[M],d2[M]>,5<d2[M],d2[M]>,5<d2[M],d2[M]>,5<d2[M],d2[M]>,5<d2[M],d2[M]>,5<d2[M],d2[M]>,5<d2[M],d2[M]>,5<d2[M],d2[M]>;5<c2[M],c2[M]>,5<c2[M],c2[M]>,5<c2[M],c2[M]>,5<c2[M],c2[M]>,5<c2[M],c2[M]>,5<c2[M],c2[M]>,5<c2[M],c2[M]>,5<c2[M],c2[M]>;5<b1[M],b1[M]>,5<b1[M],b1[M]>,5<b1[M],b1[M]>,5<b1[M],b1[M]>,5<b1[M],b1[M]>,5<b1[M],b1[M]>,5<b1[M],b1[M]>,5<b1[M],b1[M]>;5<a1[M],a1[M]>,5<a1[M],a1[M]>,5<a1[M],a1[M]>,5<a1[M],a1[M]>,5<a1[M],a1[M]>,5<a1[M],a1[M]>,5<a1[M],a1[M]>,5<a1[M],a1[M]>;5<g1[M],g1[M]>,5<g1[M],g1[M]>,5<g1[M],g1[M]>,5<g1[M],g1[M]>,5<g1[M],g1[M]>,5<g1[M],g1[M]>,5<g1[M],g1[M]>,5<g1[M],g1[M]>;5<a1[M],a1[M]>,5<a1[M],a1[M]>,5<a1[M],a1[M]>,5<a1[M],a1[M]>,5<a1[M],a1[M]>,5<a1[M],a1[M]>,5<a1[M],a1[M]>,5<a1[M],a1[M]>;5<b1[M],b1[M]>,5<b1[M],b1[M]>,5<b1[M],b1[M]>,5<b1[M],b1[M]>,5<b1[M],b1[M]>,5<b1[M],b1[M]>,5<b1[M],b1[M]>,b1[L];(c2.e1)[IJKL];"]},{"id":3,"baseBeats":0.25,"scores":["5<(c.c1.c2.c3.c4.c5)[N],(c.c1.c2.c3.c4.c5)[N]>,5<(c.c1.c2.c3.c4.c5)[N],(c.c1.c2.c3.c4.c5)[N]>,5<(c.c1.c2.c3.c4.c5)[N],(c.c1.c2.c3.c4.c5)[N]>,5<(c.c1.c2.c3.c4.c5)[N],(c.c1.c2.c3.c4.c5)[N]>,5<(c.c1.c2.c3.c4.c5)[N],(c.c1.c2.c3.c4.c5)[N]>,5<(c.c1.c2.c3.c4.c5)[N],(c.c1.c2.c3.c4.c5)[N]>,5<(c.c1.c2.c3.c4.c5)[N],(c.c1.c2.c3.c4.c5)[N]>,5<(c.c1.c2.c3.c4.c5)[N],(c.c1.c2.c3.c4.c5)[N]>,5<(c.c1.c2.c3.c4.c5)[N],(c.c1.c2.c3.c4.c5)[N]>,5<(c.c1.c2.c3.c4.c5)[N],(c.c1.c2.c3.c4.c5)[N]>,5<(c.c1.c2.c3.c4.c5)[N],(c.c1.c2.c3.c4.c5)[N]>,5<(c.c1.c2.c3.c4.c5)[N],(c.c1.c2.c3.c4.c5)[N]>,5<(c.c1.c2.c3.c4.c5)[N],(c.c1.c2.c3.c4.c5)[N]>,5<(c.c1.c2.c3.c4.c5)[N],(c.c1.c2.c3.c4.c5)[N]>,5<(c.c1.c2.c3.c4.c5)[N],(c.c1.c2.c3.c4.c5)[N]>,5<(c.c1.c2.c3.c4.c5)[N],(c.c1.c2.c3.c4.c5)[N]>,5<(c.c1.c2.c3.c4.c5)[N],(c.c1.c2.c3.c4.c5)[N]>,5<(c.c1.c2.c3.c4.c5)[N],(c.c1.c2.c3.c4.c5)[N]>,5<(c.c1.c2.c3.c4.c5)[N],(c.c1.c2.c3.c4.c5)[N]>,5<(c.c1.c2.c3.c4.c5)[N],(c.c1.c2.c3.c4.c5)[N]>,5<(c.c1.c2.c3.c4.c5)[N],(c.c1.c2.c3.c4.c5)[N]>,5<(c.c1.c2.c3.c4.c5)[N],(c.c1.c2.c3.c4.c5)[N]>,5<(c.c1.c2.c3.c4.c5)[N],(c.c1.c2.c3.c4.c5)[N]>,5<(c.c1.c2.c3.c4.c5)[N],(c.c1.c2.c3.c4.c5)[N]>,5<(c.c1.c2.c3.c4.c5)[N],(c.c1.c2.c3.c4.c5)[N]>,5<(c.c1.c2.c3.c4.c5)[N],(c.c1.c2.c3.c4.c5)[N]>,5<(c.c1.c2.c3.c4.c5)[N],(c.c1.c2.c3.c4.c5)[N]>,5<(c.c1.c2.c3.c4.c5)[N],(c.c1.c2.c3.c4.c5)[N]>,5<(c.c1.c2.c3.c4.c5)[N],(c.c1.c2.c3.c4.c5)[N]>,5<(c.c1.c2.c3.c4.c5)[N],(c.c1.c2.c3.c4.c5)[N]>,5<(c.c1.c2.c3.c4.c5)[N],(c.c1.c2.c3.c4.c5)[N]>,5<(c.c1.c2.c3.c4.c5)[N],(c.c1.c2.c3.c4.c5)[N]>,5<(c.c1.c2.c3.c4.c5)[N],(c.c1.c2.c3.c4.c5)[N]>,5<(c.c1.c2.c3.c4.c5)[N],(c.c1.c2.c3.c4.c5)[N]>,5<(c.c1.c2.c3.c4.c5)[N],(c.c1.c2.c3.c4.c5)[N]>,5<(c.c1.c2.c3.c4.c5)[N],(c.c1.c2.c3.c4.c5)[N]>,5<(c.c1.c2.c3.c4.c5)[N],(c.c1.c2.c3.c4.c5)[N]>,5<(c.c1.c2.c3.c4.c5)[N],(c.c1.c2.c3.c4.c5)[N]>,5<(c.c1.c2.c3.c4.c5)[N],(c.c1.c2.c3.c4.c5)[N]>,5<(c.c1.c2.c3.c4.c5)[N],(c.c1.c2.c3.c4.c5)[N]>,5<(c.c1.c2.c3.c4.c5)[N],(c.c1.c2.c3.c4.c5)[N]>,5<(c.c1.c2.c3.c4.c5)[N],(c.c1.c2.c3.c4.c5)[N]>,5<(c.c1.c2.c3.c4.c5)[N],(c.c1.c2.c3.c4.c5)[N]>,5<(c.c1.c2.c3.c4.c5)[N],(c.c1.c2.c3.c4.c5)[N]>,5<(c.c1.c2.c3.c4.c5)[N],(c.c1.c2.c3.c4.c5)[N]>,5<(c.c1.c2.c3.c4.c5)[N],(c.c1.c2.c3.c4.c5)[N]>,5<(c.c1.c2.c3.c4.c5)[N],(c.c1.c2.c3.c4.c5)[N]>,5<(c.c1.c2.c3.c4.c5)[N],(c.c1.c2.c3.c4.c5)[N]>,5<(c.c1.c2.c3.c4.c5)[N],(c.c1.c2.c3.c4.c5)[N]>,5<(c.c1.c2.c3.c4.c5)[N],(c.c1.c2.c3.c4.c5)[N]>,5<(c.c1.c2.c3.c4.c5)[N],(c.c1.c2.c3.c4.c5)[N]>,5<(c.c1.c2.c3.c4.c5)[N],(c.c1.c2.c3.c4.c5)[N]>,5<(c.c1.c2.c3.c4.c5)[N],(c.c1.c2.c3.c4.c5)[N]>,5<(c.c1.c2.c3.c4.c5)[N],(c.c1.c2.c3.c4.c5)[N]>,5<(c.c1.c2.c3.c4.c5)[N],(c.c1.c2.c3.c4.c5)[N]>,5<(c.c1.c2.c3.c4.c5)[N],(c.c1.c2.c3.c4.c5)[N]>,5<(c.c1.c2.c3.c4.c5)[N],(c.c1.c2.c3.c4.c5)[N]>,5<(c.c1.c2.c3.c4.c5)[N],(c.c1.c2.c3.c4.c5)[N]>,5<(c.c1.c2.c3.c4.c5)[N],(c.c1.c2.c3.c4.c5)[N]>,5<(c.c1.c2.c3.c4.c5)[N],(c.c1.c2.c3.c4.c5)[N]>,5<(c.c1.c2.c3.c4.c5)[N],(c.c1.c2.c3.c4.c5)[N]>,5<(c.c1.c2.c3.c4.c5)[N],(c.c1.c2.c3.c4.c5)[N]>,5<(c.c1.c2.c3.c4.c5)[N],(c.c1.c2.c3.c4.c5)[N]>,5<(c.c1.c2.c3.c4.c5)[N],(c.c1.c2.c3.c4.c5)[N]>,5<(c.c1.c2.c3.c4.c5)[N],(c.c1.c2.c3.c4.c5)[N]>,5<(c.c1.c2.c3.c4.c5)[N],(c.c1.c2.c3.c4.c5)[N]>,5<(c.c1.c2.c3.c4.c5)[N],(c.c1.c2.c3.c4.c5)[N]>,5<(c.c1.c2.c3.c4.c5)[N],(c.c1.c2.c3.c4.c5)[N]>,5<(c.c1.c2.c3.c4.c5)[N],(c.c1.c2.c3.c4.c5)[N]>,5<(c.c1.c2.c3.c4.c5)[N],(c.c1.c2.c3.c4.c5)[N]>,5<(c.c1.c2.c3.c4.c5)[N],(c.c1.c2.c3.c4.c5)[N]>,5<(c.c1.c2.c3.c4.c5)[N],(c.c1.c2.c3.c4.c5)[N]>,5<(c.c1.c2.c3.c4.c5)[N],(c.c1.c2.c3.c4.c5)[N]>,5<(c.c1.c2.c3.c4.c5)[N],(c.c1.c2.c3.c4.c5)[N]>,5<(c.c1.c2.c3.c4.c5)[N],(c.c1.c2.c3.c4.c5)[N]>,5<(c.c1.c2.c3.c4.c5)[N],(c.c1.c2.c3.c4.c5)[N]>,5<(c.c1.c2.c3.c4.c5)[N],(c.c1.c2.c3.c4.c5)[N]>,5<(c.c1.c2.c3.c4.c5)[N],(c.c1.c2.c3.c4.c5)[N]>,5<(c.c1.c2.c3.c4.c5)[N],(c.c1.c2.c3.c4.c5)[N]>,5<(c.c1.c2.c3.c4.c5)[N],(c.c1.c2.c3.c4.c5)[N]>,5<(c.c1.c2.c3.c4.c5)[N],(c.c1.c2.c3.c4.c5)[N]>,5<(c.c1.c2.c3.c4.c5)[N],(c.c1.c2.c3.c4.c5)[N]>,5<(c.c1.c2.c3.c4.c5)[N],(c.c1.c2.c3.c4.c5)[N]>,5<(c.c1.c2.c3.c4.c5)[N],(c.c1.c2.c3.c4.c5)[N]>,5<(c.c1.c2.c3.c4.c5)[N],(c.c1.c2.c3.c4.c5)[N]>,5<(c.c1.c2.c3.c4.c5)[N],(c.c1.c2.c3.c4.c5)[N]>,5<(c.c1.c2.c3.c4.c5)[N],(c.c1.c2.c3.c4.c5)[N]>,5<(c.c1.c2.c3.c4.c5)[N],(c.c1.c2.c3.c4.c5)[N]>,5<(c.c1.c2.c3.c4.c5)[N],(c.c1.c2.c3.c4.c5)[N]>,5<(c.c1.c2.c3.c4.c5)[N],(c.c1.c2.c3.c4.c5)[N]>,5<(c.c1.c2.c3.c4.c5)[N],(c.c1.c2.c3.c4.c5)[N]>,5<(c.c1.c2.c3.c4.c5)[N],(c.c1.c2.c3.c4.c5)[N]>,5<(c.c1.c2.c3.c4.c5)[N],(c.c1.c2.c3.c4.c5)[N]>,5<(c.c1.c2.c3.c4.c5)[N],(c.c1.c2.c3.c4.c5)[N]>,5<(c.c1.c2.c3.c4.c5)[N],(c.c1.c2.c3.c4.c5)[N]>,5<(c.c1.c2.c3.c4.c5)[N],(c.c1.c2.c3.c4.c5)[N]>,5<(c.c1.c2.c3.c4.c5)[N],(c.c1.c2.c3.c4.c5)[N]>,5<(c.c1.c2.c3.c4.c5)[N],(c.c1.c2.c3.c4.c5)[N]>,5<(c.c1.c2.c3.c4.c5)[N],(c.c1.c2.c3.c4.c5)[N]>,5<(c.c1.c2.c3.c4.c5)[N],(c.c1.c2.c3.c4.c5)[N]>,5<(c.c1.c2.c3.c4.c5)[N],(c.c1.c2.c3.c4.c5)[N]>,5<(c.c1.c2.c3.c4.c5)[N],(c.c1.c2.c3.c4.c5)[N]>,5<(c.c1.c2.c3.c4.c5)[N],(c.c1.c2.c3.c4.c5)[N]>,5<(c.c1.c2.c3.c4.c5)[N],(c.c1.c2.c3.c4.c5)[N]>,5<(c.c1.c2.c3.c4.c5)[N],(c.c1.c2.c3.c4.c5)[N]>,5<(c.c1.c2.c3.c4.c5)[N],(c.c1.c2.c3.c4.c5)[N]>,5<(c.c1.c2.c3.c4.c5)[N],(c.c1.c2.c3.c4.c5)[N]>,5<(c.c1.c2.c3.c4.c5)[N],(c.c1.c2.c3.c4.c5)[N]>,5<(c.c1.c2.c3.c4.c5)[N],(c.c1.c2.c3.c4.c5)[N]>,5<(c.c1.c2.c3.c4.c5)[N],(c.c1.c2.c3.c4.c5)[N]>,5<(c.c1.c2.c3.c4.c5)[N],(c.c1.c2.c3.c4.c5)[N]>,5<(c.c1.c2.c3.c4.c5)[N],(c.c1.c2.c3.c4.c5)[N]>,5<(c.c1.c2.c3.c4.c5)[N],(c.c1.c2.c3.c4.c5)[N]>,5<(c.c1.c2.c3.c4.c5)[N],(c.c1.c2.c3.c4.c5)[N]>,5<(c.c1.c2.c3.c4.c5)[N],(c.c1.c2.c3.c4.c5)[N]>,5<(c.c1.c2.c3.c4.c5)[N],(c.c1.c2.c3.c4.c5)[N]>,5<(c.c1.c2.c3.c4.c5)[N],(c.c1.c2.c3.c4.c5)[N]>,5<(c.c1.c2.c3.c4.c5)[N],(c.c1.c2.c3.c4.c5)[N]>,5<(c.c1.c2.c3.c4.c5)[N],(c.c1.c2.c3.c4.c5)[N]>,5<(c.c1.c2.c3.c4.c5)[N],(c.c1.c2.c3.c4.c5)[N]>,5<(c.c1.c2.c3.c4.c5)[N],(c.c1.c2.c3.c4.c5)[N]>,5<(c.c1.c2.c3.c4.c5)[N],(c.c1.c2.c3.c4.c5)[N]>,5<(c.c1.c2.c3.c4.c5)[N],(c.c1.c2.c3.c4.c5)[N]>,5<(c.c1.c2.c3.c4.c5)[N],(c.c1.c2.c3.c4.c5)[N]>,5<(c.c1.c2.c3.c4.c5)[N],(c.c1.c2.c3.c4.c5)[N]>,5<(c.c1.c2.c3.c4.c5)[N],(c.c1.c2.c3.c4.c5)[N]>,5<(c.c1.c2.c3.c4.c5)[N],(c.c1.c2.c3.c4.c5)[N]>,5<(c.c1.c2.c3.c4.c5)[N],(c.c1.c2.c3.c4.c5)[N]>,5<(c.c1.c2.c3.c4.c5)[N],(c.c1.c2.c3.c4.c5)[N]>,5<(c.c1.c2.c3.c4.c5)[N],(c.c1.c2.c3.c4.c5)[N]>,5<(c.c1.c2.c3.c4.c5)[N],(c.c1.c2.c3.c4.c5)[N]>,5<(c.c1.c2.c3.c4.c5)[N],(c.c1.c2.c3.c4.c5)[N]>,5<(c.c1.c2.c3.c4.c5)[N],(c.c1.c2.c3.c4.c5)[N]>,5<(c.c1.c2.c3.c4.c5)[N],(c.c1.c2.c3.c4.c5)[N]>,5<(c.c1.c2.c3.c4.c5)[N],(c.c1.c2.c3.c4.c5)[N]>,5<(c.c1.c2.c3.c4.c5)[N],(c.c1.c2.c3.c4.c5)[N]>,5<(c.c1.c2.c3.c4.c5)[N],(c.c1.c2.c3.c4.c5)[N]>,5<(c.c1.c2.c3.c4.c5)[N],(c.c1.c2.c3.c4.c5)[N]>,5<(c.c1.c2.c3.c4.c5)[N],(c.c1.c2.c3.c4.c5)[N]>,5<(c.c1.c2.c3.c4.c5)[N],(c.c1.c2.c3.c4.c5)[N]>,5<(c.c1.c2.c3.c4.c5)[N],(c.c1.c2.c3.c4.c5)[N]>,5<(c.c1.c2.c3.c4.c5)[N],(c.c1.c2.c3.c4.c5)[N]>,5<(c.c1.c2.c3.c4.c5)[N],(c.c1.c2.c3.c4.c5)[N]>,5<(c.c1.c2.c3.c4.c5)[N],(c.c1.c2.c3.c4.c5)[N]>,5<(c.c1.c2.c3.c4.c5)[N],(c.c1.c2.c3.c4.c5)[N]>,5<(c.c1.c2.c3.c4.c5)[N],(c.c1.c2.c3.c4.c5)[N]>,5<(c.c1.c2.c3.c4.c5)[N],(c.c1.c2.c3.c4.c5)[N]>,5<(c.c1.c2.c3.c4.c5)[N],(c.c1.c2.c3.c4.c5)[N]>,5<(c.c1.c2.c3.c4.c5)[N],(c.c1.c2.c3.c4.c5)[N]>,5<(c.c1.c2.c3.c4.c5)[N],(c.c1.c2.c3.c4.c5)[N]>,5<(c.c1.c2.c3.c4.c5)[N],(c.c1.c2.c3.c4.c5)[N]>,5<(c.c1.c2.c3.c4.c5)[N],(c.c1.c2.c3.c4.c5)[N]>,5<(c.c1.c2.c3.c4.c5)[N],(c.c1.c2.c3.c4.c5)[N]>,5<(c.c1.c2.c3.c4.c5)[N],(c.c1.c2.c3.c4.c5)[N]>,5<(c.c1.c2.c3.c4.c5)[N],(c.c1.c2.c3.c4.c5)[N]>,5<(c.c1.c2.c3.c4.c5)[N],(c.c1.c2.c3.c4.c5)[N]>,5<(c.c1.c2.c3.c4.c5)[N],(c.c1.c2.c3.c4.c5)[N]>,5<(c.c1.c2.c3.c4.c5)[N],(c.c1.c2.c3.c4.c5)[N]>,5<(c.c1.c2.c3.c4.c5)[N],(c.c1.c2.c3.c4.c5)[N]>,5<(c.c1.c2.c3.c4.c5)[N],(c.c1.c2.c3.c4.c5)[N]>,5<(c.c1.c2.c3.c4.c5)[N],(c.c1.c2.c3.c4.c5)[N]>,5<(c.c1.c2.c3.c4.c5)[N],(c.c1.c2.c3.c4.c5)[N]>,5<(c.c1.c2.c3.c4.c5)[N],(c.c1.c2.c3.c4.c5)[N]>,5<(c.c1.c2.c3.c4.c5)[N],(c.c1.c2.c3.c4.c5)[N]>,5<(c.c1.c2.c3.c4.c5)[N],(c.c1.c2.c3.c4.c5)[N]>,5<(c.c1.c2.c3.c4.c5)[N],(c.c1.c2.c3.c4.c5)[N]>,5<(c.c1.c2.c3.c4.c5)[N],(c.c1.c2.c3.c4.c5)[N]>,5<(c.c1.c2.c3.c4.c5)[N],(c.c1.c2.c3.c4.c5)[N]>,5<(c.c1.c2.c3.c4.c5)[N],(c.c1.c2.c3.c4.c5)[N]>,5<(c.c1.c2.c3.c4.c5)[N],(c.c1.c2.c3.c4.c5)[N]>,5<(c.c1.c2.c3.c4.c5)[N],(c.c1.c2.c3.c4.c5)[N]>,5<(c.c1.c2.c3.c4.c5)[N],(c.c1.c2.c3.c4.c5)[N]>,5<(c.c1.c2.c3.c4.c5)[N],(c.c1.c2.c3.c4.c5)[N]>,5<(c.c1.c2.c3.c4.c5)[N],(c.c1.c2.c3.c4.c5)[N]>,5<(c.c1.c2.c3.c4.c5)[N],(c.c1.c2.c3.c4.c5)[N]>,5<(c.c1.c2.c3.c4.c5)[N],(c.c1.c2.c3.c4.c5)[N]>,5<(c.c1.c2.c3.c4.c5)[N],(c.c1.c2.c3.c4.c5)[N]>,5<(c.c1.c2.c3.c4.c5)[N],(c.c1.c2.c3.c4.c5)[N]>,5<(c.c1.c2.c3.c4.c5)[N],(c.c1.c2.c3.c4.c5)[N]>,5<(c.c1.c2.c3.c4.c5)[N],(c.c1.c2.c3.c4.c5)[N]>,5<(c.c1.c2.c3.c4.c5)[N],(c.c1.c2.c3.c4.c5)[N]>,5<(c.c1.c2.c3.c4.c5)[N],(c.c1.c2.c3.c4.c5)[N]>,5<(c.c1.c2.c3.c4.c5)[N],(c.c1.c2.c3.c4.c5)[N]>,5<(c.c1.c2.c3.c4.c5)[N],(c.c1.c2.c3.c4.c5)[N]>,5<(c.c1.c2.c3.c4.c5)[N],(c.c1.c2.c3.c4.c5)[N]>,5<(c.c1.c2.c3.c4.c5)[N],(c.c1.c2.c3.c4.c5)[N]>,5<(c.c1.c2.c3.c4.c5)[N],(c.c1.c2.c3.c4.c5)[N]>,5<(c.c1.c2.c3.c4.c5)[N],(c.c1.c2.c3.c4.c5)[N]>,5<(c.c1.c2.c3.c4.c5)[N],(c.c1.c2.c3.c4.c5)[N]>,5<(c.c1.c2.c3.c4.c5)[N],(c.c1.c2.c3.c4.c5)[N]>,QQQQQQQQQQQ;5<V,c2[M]>,(d2.G-1.g)[L],5<V,c2[M]>,(c2.e2.c)[L],5<V,c1[M]>,(c2.e2.c)[L],5<V,c1[M]>,(d2.c)[L],5<V,(c2.c1)[M]>,c[L],5<V,(d2.c1)[M]>,G-1[L],5<V,g[M]>,(b1.d2.g2.G-1)[L],5<V,(b1.d2.g2.g)[M]>,G-1[L],5<V,(b1.d2.g)[M]>,(e2.G-1)[L],5<V,(d2.g)[M]>,(c2.f2.F-1)[L],5<V,f[M]>,(c2.f2.F-1)[L],5<V,f[M]>,(c2.g2.F-1)[L],5<V,(c2.a2.f)[M]>,F-1[L],5<V,(g2.f)[M]>,G-1[L],5<V,g[M]>,G-1[L],5<V,g[M]>,G-1[L],U;c3[M],c3[M],c3[M],c3[M],c3[M],c3[M],c3[M],c3[M],c3[M],c3[M],c3[M],c3[M],c3[M],c3[M],c3[M],c3[M],c3[M],c3[M],c3[M],c3[M],c3[M],c3[M],c3[M],c3[M],c3[M],c3[M],c3[M],c3[M],c3[M],c3[M],c3[M],c3[M],c3[M],c3[M],c3[M],c3[M],c3[M],c3[M],c3[M],c3[M],c3[M],c3[M],c3[M],c3[M],c3[M],c3[M],c3[M],c3[M],c3[M],c3[M],c3[M],c3[M],c3[M],c3[M],c3[M],c3[M],c3[M],c3[M],c3[M],c3[M],c3[M],c3[M],c3[M],c3[M],c3[M],c3[M],c3[M],c3[M],c3[M],c3[M],c3[M],c3[M],c3[M],c3[M],c3[M],c3[M],c3[M],c3[M],c3[M],c3[M],c3[M],c3[M],c3[M],c3[M],c3[M],c3[M],c3[M],c3[M],c3[M],c3[M],c3[M],c3[M],c3[M],c3[M],c3[M],c3[M],c3[M],c3[M],c3[M],c3[M],c3[M],c3[M],c3[M],c3[M],c3[M],c3[M],c3[M],c3[M],c3[M],c3[M],c3[M],c3[M],c3[M],c3[M],c3[M],c3[M],c3[M],c3[M],c3[M],c3[M],Q;(C-2.C-1.c.c1.c2.c3.c4.c5)[IKLMNOP],(C-2.C-1.c.c1.c2.c3.c4.c5)[IKLMNOP],(C-2.C-1.c.c1.c2.c3.c4.c5)[IKLMNOP],(C-2.C-1.c.c1.c2.c3.c4.c5)[IKLMNOP],(C-2.C-1.c.c1.c2.c3.c4.c5)[IKLMNOP],(C-2.C-1.c.c1.c2.c3.c4.c5)[IKLMNOP],(C-2.C-1.c.c1.c2.c3.c4.c5)[IKLMNOP],(C-2.C-1.c.c1.c2.c3.c4.c5)[IKLMNOP],(C-2.C-1.c.c1.c2.c3.c4.c5)[IKLMNOP],(C-2.C-1.c.c1.c2.c3.c4.c5)[IKLMNOP],(C-2.C-1.c.c1.c2.c3.c4.c5)[IKLMNOP],(C-2.C-1.c.c1.c2.c3.c4.c5)[IKLMNOP],(C-2.C-1.c.c1.c2.c3.c4.c5)[IKLMNOP],(C-2.C-1.c.c1.c2.c3.c4.c5)[IKLMNOP],(C-2.C-1.c.c1.c2.c3.c4.c5)[IKLMNOP],(C-2.C-1.c.c1.c2.c3.c4.c5)[IKLMNOP],(C-2.C-1.c.c1.c2.c3.c4.c5)[IKLMNOP],(C-2.C-1.c.c1.c2.c3.c4.c5)[IKLMNOP],(C-2.C-1.c.c1.c2.c3.c4.c5)[IKLMNOP],(C-2.C-1.c.c1.c2.c3.c4.c5)[IKLMNOP],(C-2.C-1.c.c1.c2.c3.c4.c5)[IKLMNOP],(C-2.C-1.c.c1.c2.c3.c4.c5)[IKLMNOP],(C-2.C-1.c.c1.c2.c3.c4.c5)[IKLMNOP],(C-2.C-1.c.c1.c2.c3.c4.c5)[IKLMNOP],(C-2.C-1.c.c1.c2.c3.c4.c5)[IKLMNOP],(C-2.C-1.c.c1.c2.c3.c4.c5)[IKLMNOP],(C-2.C-1.c.c1.c2.c3.c4.c5)[IKLMNOP],(C-2.C-1.c.c1.c2.c3.c4.c5)[IKLMNOP],(C-2.C-1.c.c1.c2.c3.c4.c5)[IKLMNOP],(C-2.C-1.c.c1.c2.c3.c4.c5)[IKLMNOP],(C-2.C-1.c.c1.c2.c3.c4.c5)[IKLMNOP],(C-2.C-1.c.c1.c2.c3.c4.c5)[IKLMNOP],(C-2.C-1.c.c1.c2.c3.c4.c5)[IKLMNOP],(C-2.C-1.c.c1.c2.c3.c4.c5)[IKLMNOP],(C-2.C-1.c.c1.c2.c3.c4.c5)[IKLMNOP],(C-2.C-1.c.c1.c2.c3.c4.c5)[IKLMNOP],(C-2.C-1.c.c1.c2.c3.c4.c5)[IKLMNOP],Q;c3[M],U;c4[L],U;c2[M],UV;E-1[H],UVW;F-1[MNO],Q;(E-1.G-1.c)[KLMNOP],Q;C-2[J],QRS;5<(#a.#c1.f1.#a1.#c2.f2)[N],(#a.#c1.f1.#a1.#c2.f2)[N]>,5<(#a.#c1.f1.#a1.#c2.f2.f3~f3)[N],(#a.#c1.f1.#a1.#c2.f2.f3~f3)[N]>,5<(#a.#c1.f1.#a1.#c2.f2.f3~f3)[N],(#a.#c1.f1.#a1.#c2.f2.f3~f3)[N]>,5<(#a.#c1.f1.#a1.#c2.f2.f3.f4~f3.f4)[N],(#a.#c1.f1.#a1.#c2.f2.f3.f4~f3.f4)[N]>,5<(#a.#c1.f1.#a1.#c2.f2.f3.f4~f3.f4)[N],(#a.#c1.f1.#a1.#c2.f2.f3.f4~f3.f4)[N]>,5<(#a.#c1.f1.#a1.#c2.f2.f3.f4)[N],(#a.#d1.#f1.#a1.#d2.#f2)[N]>,5<(#a.#c1.f1.#a1.#c2.f2)[N],(#a.c1.e1.#a1.c2.e2)[N]>,(b.d1.f1.b1.d2.f2)[M],5<(#c1.f1.#a1.#c2.f2.#a2)[N],(#f1.b1.#c2.#f2.b2.#c3)[N]>,(#a1.#c2.f2.#a2.#c3.f3)[M],(#c2.f2.#a2.#c3.f3.#a3)[M],(f2.#a2.#c3.f3.#a3.#c4)[L],5<(#f2.c3.#d3.#f3.c4.#d4)[N],(f2.#a2.#c3.f3.#a3.#c4)[N]>,5<(#d2.a2.c3.#d3.a3.c4)[N],(#f2.#a2.#d3.#f3.#a3.#d4)[N]>,5<(f2.#a2.#c3.f3.#a3.#c4)[N],(#d2.f2.#a2.#d3.e3.#a3)[N]>,5<(#c2.f2.#a2.#c3.f3.#a3)[N],(f2.#a2.#c3.f3.#a3.#c4)[N]>,5<(#d2.a2.c3.#d3.a3.c4)[N],(#c2.f2.#a2.#c3.f3.#a3)[N]>,5<(c2.#d2.a2.c3.#d3.a3)[N],(#d2.a2.c3.#d3.a3.c4)[N]>,5<(#c2.f2.#a2.#c3.f3.#a3)[N],(#a1.#c2.f2.#a2.#c3.f3)[N]>,5<(#f1.b1.d2.#f2.b2.d3)[N],(#c1.f1.#a1.#c2.f2.#a2)[N]>,5<(#a1.#d2.#f2.#a2.#d3.#f3)[N],(#a1.#c2.f2.#a2.#c3.f3)[N]>,5<(g1.b1.e2.g2.b2.e3)[N],(#f1.b1.d2.#f2.b2.d3)[N]>,5<(#d1.f1.c2.#d2.f2.c3)[N],(#c1.f1.#a1.#c2.f2.#a2)[N]>,5<(c1.f1.a1.c2.f2.a2)[N],(#d1.f1.c2.#d2.f2.c3)[N]>,(#c1.f1.#a1.#c2.f2.#a2)[M],UV,5<#d2[N],#c2[N]>,5<c2[N],#d2[N]>,5<#c2[N],c2[N]>,5<#a1[N],#c2[N]>,5<c2[N],#a1[N]>,5<a1[N],c2[N]>,5<#a1[N],f1[N]>,5<#c1[N],#a[N]>,5<(C-1.c.c1.#f.#f1.#f2.#f3.#f4)[N],(f.f1.f2.f3.f4)[N]>,5<(#A-2.#A-1.#a.#d.#d1.#d2.#d3.#d4)[N],(#c.#c1.#c2.#c3.#c4)[N]>,5<(A-2.A-1.a.c.c1.c2.c3.c4)[N],(#A-1.#a.#a1.#a2.#a3)[N]>,5<(C-1.c.c1.A-1.a.a1.a2.a3)[N],(c.c1.c2.c3.c4)[N]>,(#A-2.#A-1.#a.#a1.#a2.#a3)[M],V,(#A-2.#A-1.#a.#c1.f1.#a1.#c2.f2.#a2.#a3.#a4)[J],T;


































