{"baseBpm":210,"musics":[{"bpm":210,"baseBeats":0.5,"scores":["mute[KMNOP],mute[LNOP],mute[KMNOP],mute[LNOP],mute[IMN],mute[KMNOP],mute[LNOP],mute[KMNOP],mute[LNOP],mute[IMN],mute[KMNOP],mute[LNOP],mute[KMNOP],mute[LNOP],mute[KMNOP],mute[LNOP],mute[KMNOP],mute[LNOP],mute[KMNOP],mute[LNOP],mute[KM],mute[LN],mute[KO],mute[L],mute[L],mute[L],mute[LN],mute[L],mute[L],mute[L],mute[L],5<U>,mute[L],mute[L],mute[L],mute[L],mute[L],5<U>,mute[L],mute[L],5<U>,mute[L],mute[L],mute[L],mute[L],mute[L],mute[L],mute[L],mute[L],mute[L],mute[L],mute[L],mute[L],mute[L],mute[L],5<U>,mute[L],mute[L],mute[L],mute[L],mute[L],5<U>,mute[L],mute[L],5<U>,mute[L],mute[L],mute[L],mute[L],mute[L],mute[L],mute[L],mute[L],mute[L],mute[LMP],mute[LOP],mute[LOP],mute[LOP],mute[LOP],mute[LOP],mute[LOP],mute[LOP],mute[LOP],mute[LOP],mute[LOP],mute[LOP],mute[LOP],mute[LOP],mute[LOP],mute[LOP],mute[LOP],mute[LOP],mute[LOP],mute[IJ],","(#a1.#d1)[KOP],(#a1.#d1)[MN],(#a1.#d1)[LNOP],(c2.#g1)[KOP],(#a1.#d1)[MN],(#g1.c1)[LNOP],(#d1.#a1.#d2)[IMN],(#d1.#a1)[KOP],(#d1.#a1)[MN],(#d1.#a1)[LNOP],(c2.#g1)[KOP],(#a1.#d1)[MN],(#g1.c1)[LNOP],(#d1.#a1.#d2)[IMN],(#d1.#a1)[KOP],(#d1.#a1)[MN],(#d1.#a1)[LNOP],(c2.#g1)[KOP],(#a1.#d1)[MN],(#g1.c1)[LNOP],(#d1.#a1)[KOP],(#d1.#a1)[MN],(#d1.#a1)[LNOP],(c2.#g1)[KOP],(#a1.#d1)[MN],(#g1.c1)[LNOP],(#d.#a.g1.#d1.#c1.#a1)[KMNOP],(#a.#d.#c1.#d1.#a1.g1)[LNOP],(#d.#a.#c1.#d1.#a1.g1)[KM],(#d.#a.#c1.#d1.g1.#a1)[LN],(#D-1.#d.g1.#d1.#c1.#a1)[KO],(#D-1.#d.#c1.#d1.g1.b1)[LP],(#d.#D-1.g1.#c1.#d1.c2)[LP],(#D-1.#d)[LP],(#d.#D-1.#c1.#d1.g1.#a1)[LP],(#G-1.c1.#g1)[L],#g[L],(#d.#d1)[L],(#G-1.c1)[L],(#g.#d1)[M],#d1[M],(#d.#d1)[L],(#G-1.c1)[L],(#g.f1)[L],(#d.#d1)[L],(#G-1.c1)[L],(#g.#d1)[M],#d1[M],(#d.#d1)[L],(#G-1.c1)[L],(#g.#d1)[M],#d1[M],(#d.#d1)[L],(#G-1.#g1.c1)[L],(#g.#d1)[L],(#d.c2)[L],(#G-1.#c1.#a1)[L],(g.#d1)[L],(#d.#d2)[L],(#G-1.#d1.c2.#d2)[L],#g[L],(#d.#d1)[L],(#G-1.c1)[L],(#g.f1)[L],(#d.#d1)[L],(#G-1.c1)[L],(#g.#d1)[M],#d1[M],(#d.#d1)[L],(#G-1.c1)[L],(#g.f1)[L],(#d.#d1)[L],(#G-1.c1)[L],(#g.#d1)[M],#d1[M],(#d.#d1)[L],(#G-1.c1)[L],(#g.#d1)[M],#d1[M],(#d.#d1)[L],(#G-1.c1.#g1)[LP],(#g.#d1)[LP],(#d.c2)[LP],(#G-1.#c1.#a1)[LP],(#g.#d1)[LP],(#d.c2)[LP],(#G-1.#a1.#c1)[LP],(#g.#d1)[LP],(#d.c2)[LP],(#g1.#G-1.c1)[LOP],(#g.#d1)[LOP],(#g1.#d.c2)[LOP],(g1.#c.#c1.#g1)[LOP],(#g.f1)[LOP],(f1.f.#c2)[LOP],(#a1.#A-1.#c1)[LOP],(#a.f1)[LOP],(#a1.f.#c2)[LOP],(#g1.#d.#d1.#a1)[LOP],(#a.g1)[LOP],(g1.g.#d2)[LOP],(c2.c.#d1)[LOP],(c1.g1)[LOP],(c2.g.#d2)[LOP],(#a1.f.f1.c2)[LOP],(c1.#g1)[LOP],(#g1.#g.f2)[LOP],(#c2.#A-1.#c1.e.#g.#a1.#g1.e2.e1)[IJ],"],"id":1,"instruments":["piano","piano"],"alternatives":["",""]},{"bpm":210,"baseBeats":0.5,"scores":["mute[LOP],mute[LOP],mute[LOP],mute[LOP],mute[LOP],mute[LOP],mute[LOP],mute[LOP],mute[LOP],mute[LOP],mute[LOP],mute[LOP],mute[LOP],mute[LOP],mute[LOP],mute[LOP],mute[LOP],mute[LOP],mute[LOP],mute[LOP],mute[LOP],mute[LOP],mute[LOP],mute[LOP],mute[LOP],mute[LOP],mute[LOP],mute[LOP],mute[LOP],mute[LOP],mute[LOP],mute[LOP],mute[LOP],mute[LOP],mute[LOP],mute[LOP],mute[LOP],mute[LOP],mute[LOP],mute[LOP],mute[LOP],mute[LOP],mute[LOP],mute[LOP],mute[LOP],mute[LOP],mute[LOP],mute[LOP],mute[LOP],mute[LOP],mute[LOP],mute[LOP],mute[LOP],mute[LOP],mute[LOP],mute[LOP],mute[LOP],mute[LO],5<U>,mute[L],mute[L],mute[L],mute[L],mute[LM],5<U>,mute[L],mute[LOP],5<U>,mute[L],mute[L],mute[L],mute[L],mute[L],mute[L],mute[L],mute[L],mute[L],mute[L],mute[L],mute[L],mute[L],mute[LMNOP],5<U>,mute[L],mute[L],mute[L],mute[L],mute[LNO],5<U>,mute[L],mute[LN],5<U>,mute[L],mute[L],mute[L],mute[L],mute[L],mute[L],mute[L],mute[L],mute[L],mute[L],mute[L],mute[LOP],mute[LOP],mute[LOP],mute[LOP],mute[LOP],mute[LOP],mute[LOP],mute[LOP],mute[LOP],mute[L],mute[L],mute[L],mute[L],mute[L],mute[L],mute[L],mute[L],mute[L],mute[LO],mute[IJ],mute[LOP],mute[LOP],mute[LOP],mute[LOP],mute[LOP],mute[LOP],mute[LOP],mute[LOP],mute[LOP],mute[LOP],mute[LOP],mute[LOP],mute[LOP],mute[LOP],mute[LOP],mute[LOP],mute[LOP],mute[LOP],mute[LOP],mute[LOP],mute[LOP],mute[LOP],mute[LOP],mute[LOP],mute[LOP],mute[LOP],mute[LOP],mute[LOP],mute[LOP],mute[LOP],mute[LOP],mute[LOP],mute[LOP],mute[LOP],mute[LOP],mute[LOP],mute[LOP],mute[LOP],mute[LOP],mute[LOP],mute[LOP],mute[LOP],mute[LOP],mute[LOP],mute[LOP],mute[LOP],mute[LOP],mute[LOP],mute[LOP],mute[LOP],mute[LOP],mute[LOP],mute[LOP],mute[LOP],mute[LOP],mute[LOP],mute[LOP],mute[LO],5<U>,mute[L],mute[L],mute[L],mute[L],mute[LM],5<U>,mute[L],mute[LOP],5<U>,mute[L],mute[L],mute[L],mute[L],mute[L],mute[L],mute[L],mute[L],mute[L],mute[L],mute[L],mute[L],mute[L],mute[LMNOP],5<U>,mute[L],mute[L],mute[L],mute[L],mute[LNO],5<U>,mute[L],mute[LOP],5<U>,mute[L],mute[L],mute[L],mute[L],mute[L],mute[L],mute[L],mute[L],mute[L],mute[L],mute[LP],mute[LOP],mute[LOP],mute[LOP],mute[LOP],mute[LOP],mute[LOP],mute[LOP],mute[LOP],mute[LOP],mute[L],mute[L],mute[L],mute[L],mute[L],mute[L],mute[L],mute[L],mute[L],mute[LO],mute[IJ],","(#a1.#d)[LOP],(g1.#d2.#a1)[LOP],(#a1.#d1)[LOP],(c2.#g)[LOP],(c2.#f1.#g1)[LOP],(c2.#d1)[LOP],(#c2.#c)[LOP],(f1.#c2.#g1)[LOP],(f1.#c1)[LOP],(c2.#c)[LOP],(#c2.e1.#a1)[LOP],(#a1.#c1)[LOP],(#g1.#d)[LOP],(g1.#g1.c2.#d1)[LOP],(#g1.c1)[LOP],(a1.#d)[LOP],(#a1.g1.#d1)[LOP],(#a1.#a)[LOP],(f2.d.D-1)[LOP],(d.#a.#a1.f1.#g1)[LOP],(d.#a.f1.#g1.#a1)[LOP],(d.#a.#g1.f1.#a1)[LOP],(#a.d.#a1.f1.#g1)[LOP],(d.#a.#a1.#g1.f1)[LOP],(#a1.#d)[LOP],(#a1.g1.#d1)[LOP],(#a1.#c1)[LOP],(c2.#G-1)[LOP],(#f1.#g1.c2)[LOP],(c2.#d1)[LOP],(#c2.#c)[LOP],(#c2.#g1.f1)[LOP],(f1.#c1)[LOP],(c2.#c)[LOP],(#g1.e1.#c2)[LOP],(#a1.#c1)[LOP],(#g1.#d)[LOP],(g1.#g1.c2.#d1)[LOP],(#g1.c1)[LOP],(c2.#d)[LOP],(c2.g1.#d1)[LOP],(#a1.#c1)[LOP],(#d2.#d.#d1.c1.#g1)[LOP],(#d.c1.#g1.#d1)[LOP],(#d.c1.#d1.#g1)[LOP],(#d.#f1.a1.c1.#d1)[LOP],(#d.#f1.c1.#d1.a1)[LOP],(#d.#d1.a1.c1.#f1)[LOP],(f2.#D-1.#d.#c1.#d1.g1.#a1)[LOP],(#d.#D-1.#d1.#a1.#c1.g1)[LOP],(#d2.#D-1.#d.#c1.g1.#d1.#a1)[LOP],(#c2.#D-1.#d.g1.#a1.#d1.#c1)[LOP],(c2.#D-1.#d.#c1.#d1.g1.#a1)[LOP],(#a1.#D-1.#d.g1.#d1.#c1)[LOP],(#g1.#G-1.c1)[LOP],#g[LOP],(#d.#d1)[LOP],(#G-1.c1)[LO],(#g.#d1~#d1)[LO],(#d.#d1)[LO],(#G-1.c1)[LP],(#g.f1)[LP],(#d.#d1)[LP],(#G-1.c1)[LP],(#g.#d1~#d1)[LP],(#d.#d1)[LP],(#G-1.c1)[LP],(#g.#d1~#d1)[LP],(#d.#d1)[LP],(#G-1.#g1.c1)[LP],(#g.#d1)[LP],(#d.c2)[LP],(#G-1.#a1.#c1)[LP],(g.#d1)[LP],(#d.#d2)[LP],(#G-1.#d1.c2.#d2)[LP],#g[LP],(#d.#d1)[LP],(#G-1.c1)[LP],(#g.f1)[LP],(#d.#d1)[LP],(#G-1.c1)[LP],(#g.#d1~#d1)[LP],(#d.#d1)[LP],(#G-1.c1)[LP],(#g.f1)[LP],(#d.#d1)[LP],(#G-1.c1)[LP],(#g.#d1~#d1)[LP],(#d.#d1)[LP],(#G-1.c1)[LP],(#g.#d1~#d1)[LP],(#d.#d1)[LP],(#G-1.c1.#g1)[LP],(#g.#d1)[LP],(#d.c2)[LP],(#G-1.#a1.#c1)[LO],(#g.#d1)[LO],(#d.c2)[LO],(#G-1.#a1.#c1)[LO],(#g.#d1)[LO],(#d.c2)[LO],(#g1.#G-1.c1)[LOP],(#g.#d1)[LOP],(#g1.#d.c2)[LOP],(g1.#c.#c1.#g1)[LOP],(#g.f1)[LOP],(f1.f.#c2)[LOP],(#a1.#A-1.#c1)[LOP],(#a.f1)[LOP],(#a1.f.#c2)[LOP],(#g1.#d.#d1.#a1)[LO],(#a.g1)[LO],(g1.g.#d2)[LO],(c2.c.#d1)[LO],(c1.g1)[LO],(c2.g.#d2)[LO],(#a1.f.f1.c2)[LO],(c1.#g1)[LO],(#g1.#g.f2)[LO],(#c2.#A-1.#c1.e.#g.#a1.#g1.e2.e1)[IJ],(#a1.#d)[LOP],(g1.#d2.#a1)[LOP],(#a1.#d1)[LOP],(c2.#g)[LOP],(c2.#f1.#g1)[LOP],(c2.#d1)[LOP],(#c2.#c)[LOP],(f1.#c2.#g1)[LOP],(f1.#c1)[LOP],(c2.#c)[LOP],(#c2.e1.#a1)[LOP],(#a1.#c1)[LOP],(#g1.#d)[LOP],(g1.#g1.c2.#d1)[LOP],(#g1.c1)[LOP],(a1.#d)[LOP],(#a1.g1.#d1)[LOP],(#a1.#a)[LOP],(f2.d.D-1)[LOP],(d.#a.#a1.f1.#g1)[LOP],(d.#a.f1.#g1.#a1)[LOP],(d.#a.#g1.f1.#a1)[LOP],(#a.d.#a1.f1.#g1)[LOP],(d.#a.#a1.#g1.f1)[LOP],(#a1.#d)[LOP],(#a1.g1.#d1)[LOP],(#a1.#c1)[LOP],(c2.#G-1)[LOP],(#f1.#g1.c2)[LOP],(c2.#d1)[LOP],(#c2.#c)[LOP],(#c2.#g1.f1)[LOP],(f1.#c1)[LOP],(c2.#c)[LOP],(#g1.e1.#c2)[LOP],(#a1.#c1)[LOP],(#g1.#d)[LOP],(g1.#g1.c2.#d1)[LOP],(#g1.c1)[LOP],(c2.#d)[LOP],(c2.g1.#d1)[LOP],(#a1.#c1)[LOP],(#d2.#d.#d1.c1.#g1)[LOP],(#d.c1.#g1.#d1)[LOP],(#d.c1.#d1.#g1)[LOP],(#d.#f1.a1.c1.#d1)[LOP],(#d.#f1.c1.#d1.a1)[LOP],(#d.#d1.a1.c1.#f1)[LOP],(f2.#D-1.#d.#c1.#d1.g1.#a1)[LOP],(#d.#D-1.#d1.#a1.#c1.g1)[LOP],(#d2.#D-1.#d.#c1.g1.#d1.#a1)[LOP],(#c2.#D-1.#d.g1.#a1.#d1.#c1)[LOP],(c2.#D-1.#d.#c1.#d1.g1.#a1)[LOP],(#a1.#D-1.#d.g1.#d1.#c1)[LOP],(#g1.#G-1.c1)[LOP],#g[LOP],(#d.#d1)[LOP],(#G-1.c1)[LO],(#g.#d1~#d1)[LO],(#d.#d1)[LO],(#G-1.c1)[LP],(#g.f1)[LP],(#d.#d1)[LP],(#G-1.c1)[LP],(#g.#d1~#d1)[LP],(#d.#d1)[LP],(#G-1.c1)[LP],(#g.#d1~#d1)[LP],(#d.#d1)[LP],(#G-1.#g1.c1)[LP],(#g.#d1)[LP],(#d.c2)[LP],(#G-1.#a1.#c1)[LP],(g.#d1)[LP],(#d.#d2)[LP],(#G-1.#d1.c2.#d2)[LP],#g[LP],(#d.#d1)[LP],(#G-1.c1)[LP],(#g.f1)[LP],(#d.#d1)[LP],(#G-1.c1)[LP],(#g.#d1~#d1)[LP],(#d.#d1)[LP],(#G-1.c1)[LP],(#g.f1)[LP],(#d.#d1)[LP],(#G-1.c1)[LP],(#g.#d1~#d1)[LP],(#d.#d1)[LP],(#G-1.c1)[LP],(#g.#d1~#d1)[LP],(#d.#d1)[LP],(#G-1.c1.#g1)[LP],(#g.#d1)[LP],(#d.c2)[LP],(#G-1.#a1.#c1)[LO],(#g.#d1)[LO],(#d.c2)[LO],(#G-1.#a1.#c1)[LO],(#g.#d1)[LO],(#d.c2)[LO],(#g1.#G-1.c1)[LOP],(#g.#d1)[LOP],(#g1.#d.c2)[LOP],(g1.#c.#c1.#g1)[LOP],(#g.f1)[LOP],(f1.f.#c2)[LOP],(#a1.#A-1.#c1)[LOP],(#a.f1)[LOP],(#a1.f.#c2)[LOP],(#g1.#d.#d1.#a1)[LO],(#a.g1)[LO],(g1.g.#d2)[LO],(c2.c.#d1)[LO],(c1.g1)[LO],(c2.g.#d2)[LO],(#a1.f.f1.c2)[LO],(c1.#g1)[LO],(#g1.#g.f2)[LO],(#c2.#A-1.#c1.e.#g.#a1.#g1.e2.e1)[IJ],"],"id":2,"instruments":["piano","piano"],"alternatives":["",""]},{"bpm":210,"baseBeats":0.5,"scores":["mute[LOP],mute[LOP],mute[LOP],mute[LOP],mute[LOP],mute[LOP],mute[LOP],mute[LOP],mute[LOP],mute[LOP],mute[LOP],mute[LOP],mute[LOP],mute[LOP],mute[LOP],mute[LOP],mute[LOP],mute[LOP],mute[LOP],mute[LOP],mute[LOP],mute[LOP],mute[LOP],mute[LOP],mute[LOP],mute[LOP],mute[LOP],mute[LOP],mute[LOP],mute[LOP],mute[LOP],mute[LOP],mute[LOP],mute[LOP],mute[LOP],mute[LOP],mute[LOP],mute[LOP],mute[LOP],mute[LOP],mute[LOP],mute[LOP],mute[LOP],mute[LOP],mute[LOP],mute[LOP],mute[LOP],mute[LOP],mute[LOP],mute[LOP],mute[LOP],mute[LOP],mute[LOP],mute[LOP],mute[LOP],mute[LOP],mute[LOP],mute[LO],5<U>,mute[L],mute[L],mute[L],mute[L],mute[LM],5<U>,mute[L],mute[LOP],5<U>,mute[L],mute[L],mute[L],mute[L],mute[L],mute[L],mute[L],mute[L],mute[L],mute[L],mute[L],mute[L],mute[L],mute[LMNOP],5<U>,mute[L],mute[L],mute[L],mute[L],mute[LNO],5<U>,mute[L],mute[LN],5<U>,mute[L],mute[L],mute[L],mute[L],mute[L],mute[L],mute[L],mute[L],mute[L],mute[L],mute[L],mute[LOP],mute[LOP],mute[LOP],mute[LOP],mute[LOP],mute[LOP],mute[LOP],mute[LOP],mute[LOP],mute[L],mute[L],mute[L],mute[L],mute[L],mute[L],mute[L],mute[L],mute[L],mute[LO],mute[IJ],mute[LOP],mute[ILNP],mute[KNP],mute[LOP],mute[L],mute[L],mute[L],mute[L],mute[L],mute[L],mute[L],mute[L],mute[L],mute[L],mute[L],mute[L],mute[L],mute[L],mute[L],mute[L],mute[L],mute[L],mute[L],mute[L],mute[L],mute[L],mute[L],mute[L],mute[L],mute[L],mute[L],mute[L],mute[L],mute[L],mute[L],mute[L],mute[L],mute[L],mute[L],mute[L],mute[L],mute[L],mute[L],mute[L],mute[L],mute[L],mute[L],mute[L],mute[L],mute[L],mute[LN],mute[LOP],mute[LOP],mute[LOP],mute[LO],5<U>,mute[L],mute[L],mute[L],mute[L],mute[LM],5<U>,mute[L],mute[LO],5<U>,mute[L],mute[L],mute[L],mute[L],mute[L],mute[L],mute[L],mute[L],mute[L],mute[L],mute[L],mute[L],mute[L],mute[LMNO],5<U>,mute[L],mute[L],mute[L],mute[L],mute[LNP],5<U>,mute[L],mute[LO],5<U>,mute[L],mute[L],mute[L],mute[L],mute[L],mute[L],mute[LNOP],mute[L],mute[L],mute[L],mute[L],mute[L],mute[L],mute[L],mute[L],mute[L],mute[L],mute[L],mute[L],mute[L],mute[L],mute[L],mute[L],mute[L],mute[L],mute[L],mute[L],mute[L],mute[L],mute[L],mute[L],mute[L],mute[L],mute[L],mute[L],mute[L],mute[L],mute[L],mute[L],mute[L],mute[L],mute[L],mute[L],mute[L],mute[L],mute[L],mute[L],mute[L],mute[L],mute[L],mute[L],mute[L],mute[L],mute[L],mute[L],mute[L],mute[L],mute[L],mute[J],S,","(#a1.#d)[LOP],(g1.#d2.#a1)[LOP],(#a1.#d1)[LOP],(c2.#g)[LOP],(c2.#f1.#g1)[LOP],(c2.#d1)[LOP],(#c2.#c)[LOP],(f1.#c2.#g1)[LOP],(f1.#c1)[LOP],(c2.#c)[LOP],(#c2.e1.#a1)[LOP],(#a1.#c1)[LOP],(#g1.#d)[LOP],(g1.#g1.c2.#d1)[LOP],(#g1.c1)[LOP],(a1.#d)[LOP],(#a1.g1.#d1)[LOP],(#a1.#a)[LOP],(f2.d.D-1)[LOP],(d.#a.#a1.f1.#g1)[LOP],(d.#a.f1.#g1.#a1)[LOP],(d.#a.#g1.f1.#a1)[LOP],(#a.d.#a1.f1.#g1)[LOP],(d.#a.#a1.#g1.f1)[LOP],(#a1.#d)[LOP],(#a1.g1.#d1)[LOP],(#a1.#c1)[LOP],(c2.#G-1)[LOP],(#f1.#g1.c2)[LOP],(c2.#d1)[LOP],(#c2.#c)[LOP],(#c2.#g1.f1)[LOP],(f1.#c1)[LOP],(c2.#c)[LOP],(#g1.e1.#c2)[LOP],(#a1.#c1)[LOP],(#g1.#d)[LOP],(g1.#g1.c2.#d1)[LOP],(#g1.c1)[LOP],(c2.#d)[LOP],(c2.g1.#d1)[LOP],(#a1.#c1)[LOP],(#d2.#d.#d1.c1.#g1)[LOP],(#d.c1.#g1.#d1)[LOP],(#d.c1.#d1.#g1)[LOP],(#d.#f1.a1.c1.#d1)[LOP],(#d.#f1.c1.#d1.a1)[LOP],(#d.#d1.a1.c1.#f1)[LOP],(f2.#D-1.#d.#c1.#d1.g1.#a1)[LOP],(#d.#D-1.#d1.#a1.#c1.g1)[LOP],(#d2.#D-1.#d.#c1.g1.#d1.#a1)[LOP],(#c2.#D-1.#d.g1.#a1.#d1.#c1)[LOP],(c2.#D-1.#d.#c1.#d1.g1.#a1)[LOP],(#a1.#D-1.#d.g1.#d1.#c1)[LOP],(#g1.#G-1.c1)[LOP],#g[LOP],(#d.#d1)[LOP],(#G-1.c1)[LO],(#g.#d1~#d1)[LO],(#d.#d1)[LO],(#G-1.c1)[LP],(#g.f1)[LP],(#d.#d1)[LP],(#G-1.c1)[LP],(#g.#d1~#d1)[LP],(#d.#d1)[LP],(#G-1.c1)[LP],(#g.#d1~#d1)[LP],(#d.#d1)[LP],(#G-1.#g1.c1)[LP],(#g.#d1)[LP],(#d.c2)[LP],(#G-1.#a1.#c1)[LP],(g.#d1)[LP],(#d.#d2)[LP],(#G-1.#d1.c2.#d2)[LP],#g[LP],(#d.#d1)[LP],(#G-1.c1)[LP],(#g.f1)[LP],(#d.#d1)[LP],(#G-1.c1)[LP],(#g.#d1~#d1)[LP],(#d.#d1)[LP],(#G-1.c1)[LP],(#g.f1)[LP],(#d.#d1)[LP],(#G-1.c1)[LP],(#g.#d1~#d1)[LP],(#d.#d1)[LP],(#G-1.c1)[LP],(#g.#d1~#d1)[LP],(#d.#d1)[LP],(#G-1.c1.#g1)[LP],(#g.#d1)[LP],(#d.c2)[LP],(#G-1.#a1.#c1)[LO],(#g.#d1)[LO],(#d.c2)[LO],(#G-1.#a1.#c1)[LO],(#g.#d1)[LO],(#d.c2)[LO],(#g1.#G-1.c1)[LOP],(#g.#d1)[LOP],(#g1.#d.c2)[LOP],(g1.#c.#c1.#g1)[LOP],(#g.f1)[LOP],(f1.f.#c2)[LOP],(#a1.#A-1.#c1)[LOP],(#a.f1)[LOP],(#a1.f.#c2)[LOP],(#g1.#d.#d1.#a1)[LO],(#a.g1)[LO],(g1.g.#d2)[LO],(c2.c.#d1)[LO],(c1.g1)[LO],(c2.g.#d2)[LO],(#a1.f.f1.c2)[LO],(c1.#g1)[LO],(#g1.#g.f2)[LO],(#c2.#A-1.#c1.e.#g.#a1.#g1.e2.e1)[IJ],(c2.#D-1.#d.g1.#a1.#c2.#c1)[LOP],#a1[ILNP],(c2.e.E-1.g1.c1)[KNP],c2[LOP],(c2.F-1.f1.a1)[LO],(a.c1)[LO],(c2.c.f1.a1)[LO],(c2.F-1.a1.f1)[LO],(a.c1)[LO],(c2.c.a1.f1)[LO],(c2.F-1.a1.f1)[LO],(a.c1)[LO],(c2.c.a1.f1)[LO],(c2.F-1.a1.f1)[LO],(a.c1)[LO],(c2.c.a1.f1)[LO],(f2.F-1.a1.f1.c2)[LO],(a.c1)[LO],(c.c2.a1.f1)[LO],(F-1.a1.f1.c2)[LO],(a.c1)[LO],(c.a1.f1.c2)[LO],(c2.F-1.a1.f1)[LO],(a.c1)[LO],(c2.c.a1.f1)[LO],(c2.F-1.a1.f1)[LO],(a.c1)[LO],(c2.c.f1.a1)[LO],(f2.F-1.a1.f1.c2)[LO],(a.c1)[LO],(c.c2.a1.f1)[LO],(F-1.a1.f1.c2)[LO],(a.c1)[LO],(c.a1.f1.c2)[LO],(F-1.#g1.f1.c2)[LO],(#g.c1)[LO],(c.#g1.c2.f1)[LO],(F-1.#a1.#g1.d2)[LO],(#g.c1)[LO],(#A-1.#g1.#a1.d2)[LO],(#D-1.c2.#d2.#g1)[LO],(c1.#d1)[LO],(#d2.#d.c2.#g1)[LO],(#d2.#D-1.#a1.g1.#c2)[LO],(#c2.#c1.#d1)[LO],(#a1.#d.g1.#d2.#c2)[LO],(#g1.#G-1.c1)[LOP],#g[LOP],(#d.#d1)[LOP],(#G-1.c1)[LO],(#g.#d1~#d1)[LO],(#d.#d1)[LO],(#G-1.c1)[LP],(#g.f1)[LP],(#d.#d1)[LP],(#G-1.c1)[LP],(#g.#d1)[M],#d1[M],(#d.#d1)[LP],(#G-1.c1)[LP],(#g.#d1)[M],#d1[M],(#d.#d1)[LP],(#G-1.#g1.c1)[LP],(#g.#d1)[LP],(#d.c2)[LP],(#G-1.#a1.#c1)[LP],(g.#d1)[LP],(#d.#d2)[LP],(#G-1.#d1.c2.#d2)[LP],#g[LP],(#d.#d1)[LP],(#G-1.c1)[LP],(#g.f1)[LP],(#d.#d1)[LP],(#G-1.c1)[LP],(#g.#d1)[M],#d1[M],(#d.#d1)[LP],(#G-1.c1)[LP],(#g.f1)[LP],(#d.#d1)[LP],(#G-1.c1)[LP],(#g.#d1)[M],#d1[M],(#d.#d1)[LP],(#G-1.c1)[LP],(#g.#d1)[M],#d1[M],(#d.#d1)[LP],(#G-1.c1.#g1)[LP],(#g.#d1)[LP],(#d.c2)[LP],(#G-1.e1.#a1)[LP],(g.g1)[LP],(e.e2)[LP],(#G-1.e1.e2)[L],#a[L],(e.#c1.g1)[L],(#G-1.c1.#g1)[L],(#g.#d1)[L],(#d.e2)[L],(#G-1.e1.e2)[L],#a[L],(e.#c1.g1)[L],(#G-1.c1.#g1)[L],(#g.#d1)[L],(#d.e2)[L],(#G-1.e2.e1)[L],#a[L],(e.#c1.g1)[L],(#G-1.c1.#g1)[L],(#g.#d1)[L],(#d.e2)[L],(#G-1.e2.e1)[L],#a[L],(e.#c1.g1)[L],(#G-1.c1.#g1)[L],(#g.#d1)[L],(#d.e2)[L],(#G-1.e2.e1)[L],#a[L],(e.#c1.g1)[L],(#G-1.c1.#g1)[L],(#g.#d1)[L],(#d.c2)[L],(#c.#g1.#c1)[L],(#g.e1)[L],(e.#c2)[L],(#G-1.#g1.c1)[L],(#g.#d1)[L],(#d.c2)[L],(#c.#g1.#c1)[L],(#g.e1)[L],(e.#c2)[L],(#G-1.#g1.c1)[L],(#g.#d1)[L],(#d.c2)[L],(#c.#g1.#c1)[L],(#g.e1)[L],(e.#c2)[L],(#G-1.#g1.c1)[L],(#g.#d1)[L],(#d.c2)[L],(#c.#g1.#c1)[L],(#g.e1)[L],(e.#c2)[L],(#G-1.#G-2.#g2.#d2.c2.#g1)[J],S,"],"id":3,"instruments":["piano","piano"],"alternatives":["",""]}],"audition":{"start":[0,0],"end":[1,0]}}