{"baseBpm":162,"musics":[{"bpm":162,"baseBeats":0.75,"scores":["(#g1.d2.b.e)[KL],(#c1.#a1.g1)[LM],(#g1.b1.d1)[KL],(g1.#c2.#a)[LM],(b.d2.#g1)[KL],(g1.#a1.#c1)[LM],(b1.#g1.d1)[KL],5<(#c2.g1.#a)[LN],e2[N]>,(e.b.d2.#g1)[HK],(a1.A-1.A-2.e)[LM],#c1[LM],(b1.a1)[LM],(#c2.A-1.A-2.e)[LM],(#d1.#c1)[LM],(e1.a1)[LM],(#g1.A-1.A-2.#d)[LM],c1[LM],(#f1.a1)[LM],(e1.e.A-1.A-2)[LM],#c1[LM],a1[LM],(b1.e.A-2.A-1)[LM],(#f1.d1)[LM],(a1.#g1)[LM],(#g1.A-2.A-1.e)[LM],(#f1.d1)[LM],(e1.#g1)[LM],(e2.A-2.A-1.e)[LM],#c1[LM],a1[LM],(e.A-1.A-2)[LM],#c1[LM],(#c2.a1)[LM],(e2.e.A-1.A-2)[LM],(a1.#c1)[LM],(b1.a1)[LM],(#c2.A-2.A-1.e)[LM],(#d1.#c1)[LM],(e1.a1)[LM],(#g1.A-2.A-1.#d)[LM],c1[LM],(#f1.a1)[LM],(e1.A-2.A-1.e)[LM],(#g1.#c1)[LM],a1[LM],(#c2.a.#F-1)[LM],#c1[LM],(b1.a1)[LM],(a1.a)[LM],(#g1.#c1)[LM],(#f1.a1)[LM],(f1.#g.#c.#C-1)[LM],#c1[LMNO],(#g1.f1)[KP],#g1[JLP],"],"id":1,"instruments":["piano"],"alternatives":[""]},{"bpm":162,"baseBeats":0.75,"scores":["5<UV>,UV,5<UV>,5<UV>,UV,5<UV>,5<UV>,UV,UV,5<UV>,UV,UV,5<UV>,UV,UV,5<UV>,UV,5<UV>,5<UV>,UV,UV,5<UV>,UV,UV,RW,","VW,e1[MN],e1[LM],VW,e1[MN],(#g1.e)[MN],#f1[MN],(e1.#g1.d1)[LM],(d1.#g1)[MN],e2[MN],(#d2.e)[MN],e2[MN],(b1.#g1.d1)[LM],(e2.d1.#g1)[LM],(#c2.a)[MN],b1[MN],(a1.#c1.e1)[LM],(#c2.e1.a1.#c1)[LM],(c2.A-1)[MN],#c2[MN],(a1.#f1.a.#c1)[LM],(#f1.#c1.a)[LM],(#d1.B-1)[MN],#f1[MN],(#a1.b.a1.#d1)[LM],(#d1.a1.b)[MN],b1[MN],(#c2.B-1)[MN],b1[MN],(#a1.a1.b.#d1)[LM],(b1.#d1.b.a1)[LM],(#g1.e)[MN],a1[MN],(b1.#g1.d1.b)[LM],e1[LM],f1[IN],"],"id":2,"instruments":["piano","piano"],"alternatives":["",""]},{"bpm":162,"baseBeats":0.75,"scores":["5<UV>,5<UV>,UV,UV,UV,UV,UV,UV,UV,UV,UV,UV,UV,UV,UV,UV,UV,UV,UV,UV,UV,UV,UV,UV,UV,UV,UV,UV,UV,UV,UV,UV,UV,UV,UV,UV,UV,UV,UV,UV,UV,UV,UV,UV,UV,UV,UV,5<UV>,5<UV>,5<UV>,UV,5<UV>,5<UV>,UV,5<UV>,5<UV>,UV,UV,5<UV>,5<UV>,5<UV>,5<UV>,UV,5<UV>,5<UV>,UV,5<UV>,5<UV>,UV,UV,UV,SV,","VW,e1[MN],#d1[MN],e1[MN],(e2.A-1.A-2.e)[LM],(a1.#c1)[LM],(b1.a1)[LM],(#c2.A-2.A-1.e)[LM],(#d1.#c1)[LM],(e1.a1)[LM],(#g1.A-2.A-1.#d)[LM],c1[LM],(#f1.a1)[LM],(e1.A-2.A-1.e)[LM],(#g1.#c1)[LM],a1[LM],(b1.A-2.A-1.e)[LM],(#f1.d1)[LM],(a1.#g1)[LM],(#g1.A-2.A-1.e)[LM],(#f1.d1)[LM],(e1.#g1)[LM],(e1.A-1.e)[LM],#c1[LM],a1[LM],(e.A-1)[LM],(a1.#c1)[LM],(#c2.a1)[LM],(e2.A-1.e)[LM],(a1.#c1)[LM],(b1.a1)[LM],(#c2.e.A-1)[LM],(#d1.#c1)[LM],(e1.a1)[LM],(#g1.A-1.#d)[LM],c1[LM],(#f1.a1)[LM],(e1.A-1.e)[LM],(#g1.#c1)[LM],a1[LM],(b1.b.d)[LM],(#c2.#f1)[LM],(b1.a1)[LM],(#g1.e.b)[LM],(#f1.d1)[LM],#g1[LM],(b1.#c1.A-1)[LM],e1[LM],a1[LM],(A-1.e2)[MN],#f2[MN],(#g2.e)[MN],a2[MN],(b2.#c1)[MN],#c3[MN],(#a2.#c1.e.g)[LM],(b2.d1.#f.d)[N],#c3[N],b2[N],a2[MN],#g2[MN],#f2[MN],(e.f2)[LM],(#g.#f2)[N],#g2[N],#f2[N],e2[MN],(d1.d2)[MN],b1[MN],(a1.A-1)[LM],e[LM],(#c2.#c1)[MN],d2[MN],(e2.A-1)[MN],#f2[MN],(#g2.e)[MN],a2[MN],(b2.#c1)[MN],#c3[MN],(#a2.#c1.e.g)[LM],(b2.d1.#f.d)[N],#c3[N],b2[N],a2[MN],#g2[MN],#f2[MN],(e.f2)[LM],(#f2.#g)[N],#g2[N],#f2[N],e2[MN],(d1.d2)[MN],b1[MN],(a1.A-1)[LM],e[LM],#c1[LM],A-1[JM],"],"id":3,"instruments":["piano","piano"],"alternatives":["",""]}],"audition":{"start":[0,0],"end":[1,0]}}