{"baseBpm":138,"musics":[{"bpm":138,"baseBeats":0.75,"scores":["mute[LM],mute[LM],mute[LM],mute[LM],mute[LM],mute[LM],mute[LM],mute[LM],mute[IL],mute[KL],mute[LM],mute[LM],mute[LM],mute[LM],mute[LM],mute[LM],mute[LM],mute[LM],mute[IL],mute[KL],mute[JK],mute[KL],mute[KL],mute[IL],mute[KL],mute[KL],mute[KL],mute[KL],mute[KL],5<UV>,5<UV>,5<UV>,5<UV>,5<UV>,5<UV>,mute[LM],mute[LM],mute[JK],mute[JM],mute[LM],mute[KL],mute[KL],mute[KL],mute[KL],mute[KL],mute[KL],mute[KL],mute[KL],mute[IL],mute[KL],","(b.G-1.d)[LM],d1[LM],g1[LM],(a.#f1)[LM],(a1.c1)[LM],(b.g1)[LM],(e1.c2)[LM],(b1.d1)[LM],(#f1.a1.a.D-1.d)[IL],f1[KL],(a.F-1.c)[LM],c1[LM],f1[LM],(g.e1)[LM],(g1.#a)[LM],(a.f1)[LM],(d1.#a1)[LM],(a1.c1)[LM],(g.e1.g1.C-1.c)[IL],(a.e1.#f1)[KL],(c2.a1.#d1.a.B-2.B-1)[JK],b1[KL],#a1[KL],b1[IL],#f1[KL],(g1.e1.b.B-1.B-2)[KL],a1[KL],b1[KL],#c2[KL],(B-2.B-1.a.#f1.#d2~e2~#d2~e2~#d2~e2~#d2)[KL],(e2~#d2~e2~#d2~e2~#d2~e2)[KL],(#d2~e2~#d2~e2~#d2~e2~#d2)[KL],#c2[LM],#d2[LM],(e2.C-1.c.e1.g)[JK],d2[JM],c2[LM],b1[KL],c2[KL],g1[KL],(a1.c.#f.e1)[KL],(b1.#g1.e1.B-1.b)[KL],#a1[KL],a1[KL],#g1[KL],(#g1.#d1.b.B-1.a)[IL],#f1[KL],"],"id":1,"instruments":["piano","piano"],"alternatives":["",""]},{"bpm":138,"baseBeats":0.75,"scores":["mute[K],mute[K],mute[K],mute[KM],5<UV>,mute[K],mute[K],mute[K],mute[K],mute[KM],5<UV>,mute[K],mute[K],mute[K],mute[K],mute[KM],5<UV>,mute[K],mute[K],mute[K],mute[K],mute[KM],5<UV>,mute[K],mute[K],mute[K],mute[K],mute[KM],5<UV>,mute[K],mute[KM],5<UV>,mute[K],mute[KM],5<UV>,mute[K],mute[K],mute[K],mute[K],mute[KM],5<UV>,mute[K],mute[KM],5<UV>,mute[K],mute[KM],5<UV>,mute[K],mute[K],mute[K],mute[K],mute[KM],5<UV>,mute[K],mute[K],mute[K],mute[K],mute[KM],5<UV>,mute[K],mute[K],mute[K],mute[K],mute[K],5<UV>,mute[KM],mute[K],mute[K],mute[K],mute[KM],5<UV>,mute[K],mute[JK],","(e1.b.#g.E-1)[K],(b.#g)[K],(b.#g)[K],(b.#g.B-1)[K],(b.#g)[L],E-1[L],(#g.b)[K],(b.#g.B-1)[K],(b.#g)[K],(#g.b)[K],(b.#g.E-1)[K],(b.#g)[L],B-1[L],(#g.b)[K],(b.#g.#D-1)[K],(b.#g)[K],(b.#g)[K],(b.#g.B-1)[K],(b.#g)[L],(#g1.#D-1)[L],(b.#g)[K],(#g1.b.#g.B-1)[K],(b.#g)[K],(#g.b)[K],(b.#g.D-1)[K],(b.#g)[L],(#a1.d)[L],(b.#g)[K],(c2.c1.#d1.#g.#d)[K],(c1.#d1.#g)[K],(c1.#d1.#g)[K],(#d.#g.#d1.c1)[K],(#g.#d1.c1)[L],(#c2.#D-1)[L],(#g.#d1.c1)[K],(f2.#d.g.#d1.#c1)[K],(g.#d1.#c1)[L],#d2[L],(#c1.#d1.g)[K],(#c2.#c1.#d1.g.#D-1)[K],(#c1.#d1.g)[L],(#a1.#d)[L],(#c1.#d1.g)[K],(#a1.#c1.g1.#G-1)[K],(#c1.g1)[K],(#c1.g1)[K],(#c1.g1.#d)[K],(#c1.g1)[L],(c2.#G-1)[L],(#c1.g1)[K],(#g1.#G-1.c1)[K],(#g1.c1)[L],g1[L],(c1.#g1)[K],(#g1.#d.c1)[K],(#g1.c1)[L],(g1.#G-1)[L],(c1.#g1)[K],(f1.#c1.#g.#C-1)[K],(#c1.f1.#g)[K],(#c1.f1.#g)[K],(g1.#c1.f1.#g.#G-1)[K],(#c1.f1.#g)[L],(#g1.#C-1)[L],(#c1.f1.#g)[K],(#a1.#c1.e1.#g.#G-1)[K],(#c1.e1.#g)[K],(#c1.e1.#g)[K],(#g1.#C-1.#g.e1.#c1)[K],(#g.e1.#c1)[L],(#a1.#G-1)[L],(#g.e1.#c1)[K],(c2.C-1.#g.e1.c1)[K],(g.e1.c1)[K],(c1.e1.g)[K],(c.g.e1.c1)[K],(g.e1.c1)[L],(#a1.C-1)[L],(g.e1.c1)[M],#g1[LM],(g1.c1.e1.g.c)[K],(c1.e1.g)[K],(c1.e1.g)[K],(C-1.g.e1.c1)[K],(g.e1.c1)[L],c[L],(g.e1.c1)[K],(g1.B-1.B-2.e1.b.g)[JK],"],"id":2,"instruments":["piano","piano"],"alternatives":["",""]},{"bpm":138,"baseBeats":0.75,"scores":["mute[KL],mute[KL],mute[IL],mute[KL],mute[KL],mute[KL],mute[KL],mute[KL],mute[JK],mute[JK],mute[JK],mute[KL],mute[KL],mute[IL],mute[KL],mute[KL],mute[KL],mute[KL],mute[KL],mute[JK],mute[IJ],mute[JK],mute[KL],mute[KL],mute[KL],mute[KL],mute[KL],mute[KL],mute[KL],mute[KL],mute[KL],mute[KL],mute[KL],mute[KL],mute[KL],mute[KL],mute[IJ],mute[KL],mute[KL],mute[KL],mute[KL],mute[IJ],mute[JK],mute[JK],mute[JK],mute[JK],mute[JK],mute[JK],mute[JK],mute[KL],mute[KL],mute[KL],mute[KL],mute[KL],mute[KL],mute[LM],mute[LM],mute[LM],mute[LM],mute[LM],mute[LM],mute[LM],mute[LM],mute[IJ],mute[IJ],","#f1[KL],e1[KL],b1[IL],a1[KL],a1[KL],g1[KL],#f1[KL],e1[KL],(#f1.A-1.A-2.#f.c1.e1)[JK],g1[JK],g1[JK],#f1[KL],e1[KL],(b1.B-1.B-2.g.b.e1)[IL],a1[KL],a1[KL],g1[KL],#f1[KL],e1[KL],(e2.#c.#C-1.e1.g1.#a)[JK],e1[IJ],(b1.g1.e1.b.g.B-2.B-1)[JK],c2[KL],b1[KL],g2[KL],#f2[KL],e2[KL],b1[KL],b1[KL],#f1[KL],g1[KL],e1[KL],(#d1.a.B-1.B-2)[KL],c2[KL],b1[KL],#d1[KL],(g.c1.e1.#A-1.#A-2)[IJ],e1[KL],d2[KL],c2[KL],e1[KL],(f.c1.f1.#G-1.#G-2)[IJ],(f1.#g.#c1.#C-1.#c)[JK],(c.C-1.d1)[JK],(#d1.B-2.B-1.a.#f1)[JK],c2[JK],b1[JK],#d1[JK],#f1[JK],f1[KL],#f1[KL],g1[KL],#f1[KL],a1[KL],g1[KL],(e1.g.B-1.E-1)[LM],b[LM],(e1.g)[LM],(#d1.#f)[LM],(#f1.a)[LM],(e1.g)[LM],(a1.c1)[LM],(g1.b)[LM],(#d1.#f1.b.a.B-2.B-1)[IJ],(e1.b.g.E-1.B-1)[IJ],"],"id":3,"instruments":["piano","piano"],"alternatives":["",""]}],"audition":{"start":[0,0],"end":[1,0]}}