{"baseBpm":160,"musics":[{"bpm":160,"baseBeats":0.25,"scores":["(d.D-1)[M],(#c.#C-1)[M],(D-1.d)[M],(#D-1.#d)[M],(e.E-1)[M],(f.F-1)[M],(#F-1.#f)[M],(G-1.g)[M],(#g.#G-1)[M],(g.G-1)[M],(#F-1.#f)[M],(F-1.f)[M],(e.E-1)[M],(#d.#D-1)[M],(D-1.d)[M],(#C-1.#c)[M],(d.D-1)[M],(#d.#D-1)[M],(E-1.e)[M],(F-1.f)[M],(#f.#F-1)[M],(g.G-1)[M],(#G-1.#g)[M],(A-1.a)[M],(#a.#A-1)[M],(b.B-1)[M],(c1.c)[M],(#c1.#c)[M],(d.d1)[M],(#d.#d1)[M],(e.e1)[M],(f.f1)[M],(#f1.#f)[M],(f1.f)[M],(e.e1)[M],(#d.#d1)[M],(e1.e)[M],(#d1.#d)[M],(d.d1)[M],(#c.#c1)[M],(d1.d)[M],(#c1.#c)[M],(c.c1)[M],(B-1.b)[M],(c1.c)[M],(b.B-1)[M],(#A-1.#a)[M],(A-1.a)[M],(#a.#A-1)[M],(a.A-1)[M],(#G-1.#g)[M],(G-1.g)[M],(a.A-1)[M],(#g.#G-1)[M],(G-1.g)[M],(#F-1.#f)[M],(#g.#G-1)[MO],(g.G-1)[MO],(#f.#F-1)[MO],(f.F-1)[MO],(G-1.g)[MOP],(F-1.f)[MOP],(#D-1.#d)[MOP],(D-1.d)[MOP],(#d1.C-1)[LM],(#d1.C-1.#g.#g1)[LM],(d1.#d1)[LM],(c1.c.#g.#g1)[LM],(d1.c.f1)[LM],(d1.c.#g.#g1)[LM],(d1.f1)[LM],(d1.c.#g.#g1)[LM],(#d1.C-1)[LM],(#d1.C-1.#g.#g1)[LM],(d1.#d1)[LM],(c1.c.#g.#g1)[LM],(d1.c.f1)[LM],(c.#g.#g1)[LM],(d1.f1)[LM],(#g1.#g.c)[LM],(g1.B-1.B-2.g.f1.d1)[LM],g1[LM],(c2.#A-1.c1.g1.#d1)[LM],c2[LM],(c2.A-1)[LM],(c2.f1.c1)[LM],(c1.#G-1)[LM],(d1.#d1.c1.#f1)[LM],(#d1.G-1)[LM],(#d1.g1.c1)[LM],(d1.g)[LM],(g1.d1.b.f1)[LM],(f1.#g)[LM],(c1.f1)[LM],(#d1.#G-1)[LM],(#d1.c1)[LM],(g1.d1.f1.g.B-1)[LM],g1[LM],(g1.#A-1)[LM],(g1.e1.c1)[LM],(c2.A-1)[LM],(c2.f1.c1)[LM],(c2.#G-1)[I],(#f1.#d1.#d2.c2)[LM],(g1.c2.#d2.#d1.G-1)[LM],(g1.#d1)[LM],(f1.d1)[LM],(#d1.c1)[LM],(d1.b.g.G-2)[LM],d[LM],(a.#f.D-1)[LM],d[LM],(d1.b.g.G-1)[LM],d[LM],(a.#f.D-1)[LM],d[LM],(d1.G-1.g.b)[MN],#F-1[MN],G-1[MN],#F-1[MN],G-1[MN],#F-1[MN],G-1[MN],#F-1[MN],G-1[MN],#F-1[MN],G-1[MN],#F-1[MN],G-1[MN],F-1[MN],E-1[MN],#D-1[MN],(d.D-1)[M],(#c.#C-1)[M],(D-1.d)[M],(#D-1.#d)[M],(e.E-1)[M],(f.F-1)[M],(#F-1.#f)[M],(G-1.g)[M],(#g.#G-1)[M],(g.G-1)[M],(#F-1.#f)[M],(F-1.f)[M],(e.E-1)[M],(#d.#D-1)[M],(D-1.d)[M],(#C-1.#c)[M],(d.D-1)[M],(#d.#D-1)[M],(E-1.e)[M],(F-1.f)[M],(#f.#F-1)[M],(g.G-1)[M],(#G-1.#g)[M],(A-1.a)[M],(#a.#A-1)[M],(b.B-1)[M],(c1.c)[M],(#c1.#c)[M],(d.d1)[M],(#d.#d1)[M],(e.e1)[M],(f.f1)[M],(#f1.#f)[M],(f1.f)[M],(e.e1)[M],(#d.#d1)[M],(e1.e)[M],(#d1.#d)[M],(d.d1)[M],(#c.#c1)[M],(d1.d)[M],(#c1.#c)[M],(c.c1)[M],(B-1.b)[M],(c1.c)[M],(b.B-1)[M],(#A-1.#a)[M],(A-1.a)[M],(#a.#A-1)[M],(a.A-1)[M],(#G-1.#g)[M],(G-1.g)[M],(a.A-1)[M],(#g.#G-1)[M],(G-1.g)[M],(#F-1.#f)[M],(#g.#G-1)[MO],(g.G-1)[MO],(#f.#F-1)[MO],(f.F-1)[MO],(G-1.g)[MOP],(F-1.f)[MOP],(#D-1.#d)[MOP],(D-1.d)[MOP],"],"id":1,"instruments":["piano"],"alternatives":[""]},{"bpm":160,"baseBeats":0.25,"scores":["(#d1.C-1)[LM],(#d1.C-1.#g.#g1)[LM],(d1.#d1)[LM],(c1.c.#g.#g1)[LM],(d1.c.f1)[LM],(d1.c.#g.#g1)[LM],(d1.f1)[LM],(d1.c.#g.#g1)[LM],(#d1.C-1)[LM],(#d1.C-1.#g.#g1)[LM],(d1.#d1)[LM],(c1.c.#g.#g1)[LM],(d1.c.f1)[LM],(c.#g.#g1)[LM],(d1.f1)[LM],(#g1.#g.c)[LM],(g1.B-1.B-2.g.f1.d1)[LM],g1[LM],(c2.#A-1.c1.g1.#d1)[LM],c2[LM],(c2.A-1)[LM],(c2.f1.c1)[LM],(c1.#G-1)[LM],(d1.#d1.c1.#f1)[LM],(#d1.G-1)[LM],(#d1.g1.c1)[LM],(d1.g)[LM],(g1.d1.b.f1)[LM],(f1.#g)[LM],(c1.f1)[LM],(#d1.#G-1)[LM],(#d1.c1)[LM],(g1.d1.f1.g.B-1)[LM],g1[LM],(g1.#A-1)[LM],(g1.e1.c1)[LM],(c2.A-1)[LM],(c2.f1.c1)[LM],(c2.#G-1)[I],(#f1.#d1.#d2.c2)[LM],(g1.c2.#d2.#d1.G-1)[LM],(g1.#d1)[LM],(f1.d1)[LM],(#d1.c1)[LM],(d1.b.g.G-2)[LM],d[LM],(a.#f.D-1)[LM],d[LM],(d1.b.g.G-1)[LM],d[LM],(a.#f.D-1)[LM],d[LM],(d1.G-1.g.b)[MN],#F-1[MN],G-1[MN],#F-1[MN],G-1[MN],#F-1[MN],G-1[MN],#F-1[MN],G-1[MN],#F-1[MN],G-1[MN],#F-1[MN],G-1[MN],F-1[MN],E-1[MN],#D-1[MN],(d.D-1)[M],(#c.#C-1)[M],(D-1.d)[M],(#D-1.#d)[M],(e.E-1)[M],(f.F-1)[M],(#F-1.#f)[M],(G-1.g)[M],(#g.#G-1)[M],(g.G-1)[M],(#F-1.#f)[M],(F-1.f)[M],(e.E-1)[M],(#d.#D-1)[M],(D-1.d)[M],(#C-1.#c)[M],(d.D-1)[M],(#d.#D-1)[M],(E-1.e)[M],(F-1.f)[M],(#f.#F-1)[M],(g.G-1)[M],(#G-1.#g)[M],(A-1.a)[M],(#a.#A-1)[M],(b.B-1)[M],(c1.c)[M],(#c1.#c)[M],(d.d1)[M],(#d.#d1)[M],(e.e1)[M],(f.f1)[M],(#f1.#f)[M],(f1.f)[M],(e.e1)[M],(#d.#d1)[M],(e1.e)[M],(#d1.#d)[M],(d.d1)[M],(#c.#c1)[M],(d1.d)[M],(#c1.#c)[M],(c.c1)[M],(B-1.b)[M],(c1.c)[M],(b.B-1)[M],(#A-1.#a)[M],(A-1.a)[M],(#a.#A-1)[M],(a.A-1)[M],(#G-1.#g)[M],(G-1.g)[M],(a.A-1)[M],(#g.#G-1)[M],(G-1.g)[M],(#F-1.#f)[M],(#g.#G-1)[MO],(g.G-1)[MO],(#f.#F-1)[MO],(f.F-1)[MO],(G-1.g)[MOP],(F-1.f)[MOP],(#D-1.#d)[MOP],(D-1.d)[MOP],(#d1.C-1)[LM],(#d1.C-1.#g.#g1)[LM],(d1.#d1)[LM],(c1.c.#g.#g1)[LM],(d1.c.f1)[LM],(d1.c.#g.#g1)[LM],(d1.f1)[LM],(d1.c.#g.#g1)[LM],(#d1.C-1)[LM],(#d1.C-1.#g.#g1)[LM],(d1.#d1)[LM],(c1.c.#g.#g1)[LM],(d1.c.f1)[LM],(c.#g.#g1)[LM],(d1.f1)[LM],(#g1.#g.c)[LM],(g1.B-1.B-2.g.f1.d1)[LM],g1[LM],(c2.#A-1.c1.g1.#d1)[LM],c2[LM],(c2.A-1)[LM],(c2.f1.c1)[LM],(c1.#G-1)[LM],(d1.#d1.c1.#f1)[LM],(#d1.G-1)[LM],(#d1.g1.c1)[LM],(d1.g)[LM],(g1.d1.b.f1)[LM],(f1.#g)[LM],(c1.f1)[LM],(#d1.#G-1)[LM],(#d1.c1)[LM],(g1.d1.f1.g.B-1)[LM],g1[LM],(g1.#A-1)[LM],(g1.e1.c1)[LM],(c2.A-1)[LM],(c2.f1.c1)[LM],(c2.#G-1)[I],(#f1.#d1.#d2.c2)[LM],(g1.c2.#d2.#d1.G-1)[LM],(g1.#d1)[LM],(f1.d1)[LM],(#d1.c1)[LM],(d1.b.g.G-2)[LM],d[LM],(a.#f.D-1)[LM],d[LM],(d1.b.g.G-1)[LM],d[LM],(a.#f.D-1)[LM],d[LM],(d1.G-1.g.b)[MN],#F-1[MN],G-1[MN],#F-1[MN],G-1[MN],#F-1[MN],G-1[MN],#F-1[MN],G-1[MN],#F-1[MN],G-1[MN],#F-1[MN],G-1[MN],F-1[MN],E-1[MN],#D-1[MN],(d.D-1)[M],(#c.#C-1)[M],(D-1.d)[M],(#D-1.#d)[M],(e.E-1)[M],(f.F-1)[M],(#F-1.#f)[M],(G-1.g)[M],(#g.#G-1)[M],(g.G-1)[M],(#F-1.#f)[M],(F-1.f)[M],(e.E-1)[M],(#d.#D-1)[M],(D-1.d)[M],(#C-1.#c)[M],(d.D-1)[M],(#d.#D-1)[M],(E-1.e)[M],(F-1.f)[M],(#f.#F-1)[M],(g.G-1)[M],(#G-1.#g)[M],(A-1.a)[M],(#a.#A-1)[M],(b.B-1)[M],(c1.c)[M],(#c1.#c)[M],(d.d1)[M],(#d.#d1)[M],(e.e1)[M],(f.f1)[M],(#f1.#f)[M],(f1.f)[M],(e.e1)[M],(#d.#d1)[M],(e1.e)[M],(#d1.#d)[M],(d.d1)[M],(#c.#c1)[M],(d1.d)[M],(#c1.#c)[M],(c.c1)[M],(B-1.b)[M],(c1.c)[M],(b.B-1)[M],(#A-1.#a)[M],(A-1.a)[M],(#a.#A-1)[M],(a.A-1)[M],(#G-1.#g)[M],(G-1.g)[M],(a.A-1)[M],(#g.#G-1)[M],(G-1.g)[M],(#F-1.#f)[M],(#g.#G-1)[MO],(g.G-1)[MO],(#f.#F-1)[MO],(f.F-1)[MO],(G-1.g)[MOP],(F-1.f)[MOP],(#D-1.#d)[MOP],(D-1.d)[MOP],"],"id":2,"instruments":["piano"],"alternatives":[""]},{"bpm":160,"baseBeats":0.25,"scores":["(#d1.C-1)[LM],(#d1.C-1.#g.#g1)[LM],(d1.#d1)[LM],(c1.c.#g.#g1)[LM],(d1.c.f1)[LM],(d1.c.#g.#g1)[LM],(d1.f1)[LM],(d1.c.#g.#g1)[LM],(#d1.C-1)[LM],(#d1.C-1.#g.#g1)[LM],(d1.#d1)[LM],(c1.c.#g.#g1)[LM],(d1.c.f1)[LM],(c.#g.#g1)[LM],(d1.f1)[LM],(#g1.#g.c)[LM],(g1.B-1.B-2.g.f1.d1)[LM],g1[LM],(c2.#A-1.c1.g1.#d1)[LM],c2[LM],(c2.A-1)[LM],(c2.f1.c1)[LM],(c1.#G-1)[LM],(d1.#d1.c1.#f1)[LM],(#d1.G-1)[LM],(#d1.g1.c1)[LM],(d1.g)[LM],(g1.d1.b.f1)[LM],(f1.#g)[LM],(c1.f1)[LM],(#d1.#G-1)[LM],(#d1.c1)[LM],(g1.d1.f1.g.B-1)[LM],g1[LM],(g1.#A-1)[LM],(g1.e1.c1)[LM],(c2.A-1)[LM],(c2.f1.c1)[LM],(c2.#G-1)[I],(#f1.#d1.#d2.c2)[LM],(g1.c2.#d2.#d1.G-1)[LM],(g1.#d1)[LM],(f1.d1)[LM],(#d1.c1)[LM],(d1.b.g.G-2)[LM],d[LM],(a.#f.D-1)[LM],d[LM],(d1.b.g.G-1)[LM],d[LM],(a.#f.D-1)[LM],d[LM],(d1.G-1.g.b)[MN],#F-1[MN],G-1[MN],#F-1[MN],G-1[MN],#F-1[MN],G-1[MN],#F-1[MN],G-1[MN],#F-1[MN],G-1[MN],#F-1[MN],G-1[MN],F-1[MN],E-1[MN],#D-1[MN],(d.D-1)[M],(#c.#C-1)[M],(D-1.d)[M],(#D-1.#d)[M],(e.E-1)[M],(f.F-1)[M],(#F-1.#f)[M],(G-1.g)[M],(#g.#G-1)[M],(g.G-1)[M],(#F-1.#f)[M],(F-1.f)[M],(e.E-1)[M],(#d.#D-1)[M],(D-1.d)[M],(#C-1.#c)[M],(d.D-1)[M],(#d.#D-1)[M],(E-1.e)[M],(F-1.f)[M],(#f.#F-1)[M],(g.G-1)[M],(#G-1.#g)[M],(A-1.a)[M],(#a.#A-1)[M],(b.B-1)[M],(c1.c)[M],(#c1.#c)[M],(d.d1)[M],(#d.#d1)[M],(e.e1)[M],(f.f1)[M],(#f1.#f)[M],(f1.f)[M],(e.e1)[M],(#d.#d1)[M],(e1.e)[M],(#d1.#d)[M],(d.d1)[M],(#c.#c1)[M],(d1.d)[M],(#c1.#c)[M],(c.c1)[M],(B-1.b)[M],(c1.c)[M],(b.B-1)[M],(#A-1.#a)[M],(A-1.a)[M],(#a.#A-1)[M],(a.A-1)[M],(#G-1.#g)[M],(G-1.g)[M],(a.A-1)[M],(#g.#G-1)[M],(G-1.g)[M],(#F-1.#f)[M],(#g.#G-1)[MO],(g.G-1)[MO],(#f.#F-1)[MO],(f.F-1)[MO],(G-1.g)[MOP],(F-1.f)[MOP],(#D-1.#d)[MOP],(D-1.d)[MOP],(#d1.C-1)[LM],(#d1.C-1.#g.#g1)[LM],(d1.#d1)[LM],(c1.c.#g.#g1)[LM],(d1.c.f1)[LM],(d1.c.#g.#g1)[LM],(d1.f1)[LM],(d1.c.#g.#g1)[LM],(#d1.C-1)[LM],(#d1.C-1.#g.#g1)[LM],(d1.#d1)[LM],(c1.c.#g.#g1)[LM],(d1.c.f1)[LM],(c.#g.#g1)[LM],(d1.f1)[LM],(#g1.#g.c)[LM],(g1.B-1.B-2.g.f1.d1)[LM],g1[LM],(c2.#A-1.c1.g1.#d1)[LM],c2[LM],(c2.A-1)[LM],(c2.f1.c1)[LM],(c1.#G-1)[LM],(d1.#d1.c1.#f1)[LM],(#d1.G-1)[LM],(#d1.g1.c1)[LM],(d1.g)[LM],(g1.d1.b.f1)[LM],(f1.#g)[LM],(c1.f1)[LM],(#d1.#G-1)[LM],(#d1.c1)[LM],(g1.d1.f1.g.B-1)[LM],g1[LM],(g1.#A-1)[LM],(g1.e1.c1)[LM],(c2.A-1)[LM],(c2.f1.c1)[LM],(c2.#G-1)[I],(#f1.c2.#d2.#d1)[LM],(g1.G-1.#d1.#d2.c2)[LM],(g1.#d1)[LM],(f1.d1)[LM],(#d1.c1)[LM],(#g1.F-1.d1.c1)[LMO],#g[LMO],(b.f1.f.G-1)[LMO],g[LMO],(c1.G-1.C-1.#d)[MNO],#F-1[MNO],G-1[MNO],#F-1[MNO],(F-1.b.#g.d)[MNO],#D-1[MNO],(D-1.g)[MNO],#C-1[MNO],(#d.c1)[MNO],#C-1[MNO],D-1[MNO],#D-1[MNO],(E-1.b.#g.d)[MNO],F-1[MNO],(G-1.g)[MNO],#G-1[MNO],(G-1.#d.c1)[L],#F-1[L],G-1[L],#F-1[L],(F-1.b.#g.d)[LO],#D-1[LO],(D-1.g)[LO],#C-1[LO],(#d.c1)[LNP],#C-1[LNP],D-1[LNP],#D-1[LNP],(E-1.b.#g.d)[K],F-1[K],(G-1.g)[KMOP],#G-1[KMOP],(G-1.C-1.e.c1)[H],"],"id":3,"instruments":["piano"],"alternatives":[""]}],"audition":{"start":[0,0],"end":[1,0]}}