{"baseBpm":144,"musics":[{"bpm":144,"baseBeats":0.75,"scores":["mute[KL],mute[LM],mute[LM],mute[LM],mute[LM],mute[LM],mute[LM],mute[LM],mute[LM],mute[LM],mute[LM],mute[LM],mute[LM],mute[LM],5<UV>,mute[LM],mute[LM],mute[LM],mute[LM],mute[KL],mute[KL],mute[KL],mute[LM],5<UV>,mute[KL],mute[KL],mute[KL],mute[KL],mute[LM],mute[LM],mute[LM],mute[LM],mute[KL],mute[LM],mute[LM],5<UV>,5<UV>,mute[KL],mute[LM],mute[LM],mute[LM],5<UV>,mute[KL],mute[KL],mute[LM],mute[LM],mute[JK],","a1[KL],(b2.A-1)[LM],a2[LM],(g2.a.e1.g1)[LM],#c2[LM],(#A-1.#f2.g1)[LM],e2[LM],(B-1.d2)[LM],#f1[LM],(#c2.d1.b)[LM],b1[LM],(a1.f1)[LM],#g1[LM],(A-1.b1.#f1)[LM],a1[M],b1[M],a1[M],(#f1.d1.a.#g1)[LM],a1[LM],(#c1.a.e2.g1)[LM],(a1.#f2)[LM],(d2.#f1.d)[KL],a[KL],(a.#f1)[KL],(#f1.d)[KN],f1[MN],(#f1.d1.a)[KL],(g1.#f1.d1.a)[KL],(a1.#c)[KL],(b1.a.e1)[KL],(a.e1.a1)[LM],a1[LM],(a1.c.a.#f1.e1)[LM],(c2.c1.A-1)[LM],(b1.B-1)[KL],(a.#d1.a1)[LM],#f1[LM],(a1.E-1)[L],b1[L],a1[L],(g1.e.b.e1)[KL],(e.#a.e1.g1)[LM],#f1[LM],(e1.A-1)[KN],a1[NO],#c2[NO],(b1.g1.#c1.a.e)[KL],(a1.g1.#c1.a.e)[KL],(#g1.A-1)[LM],a1[LM],(d2.#f1.d1.a)[JK],"],"id":1,"instruments":["piano","piano"],"alternatives":["",""]},{"bpm":144,"baseBeats":0.75,"scores":["mute[LM],5<UV>,mute[KL],mute[KL],mute[LM],mute[LM],mute[KL],mute[KL],mute[LM],mute[LM],mute[KL],mute[KL],mute[LM],mute[LM],mute[IL],mute[LM],mute[LM],mute[LM],mute[LM],mute[LM],mute[LM],mute[LM],mute[LM],mute[KL],mute[KL],5<UV>,5<UV>,mute[KL],mute[KL],mute[KL],mute[KL],mute[LM],mute[LM],mute[LM],mute[LM],mute[KL],mute[LM],mute[LM],mute[KL],mute[LM],mute[LM],mute[LM],mute[LM],mute[LM],5<UV>,mute[KL],mute[KL],mute[LM],mute[LM],mute[JK],","(#f1.A-1)[KN],g1[MN],(a1.a.#f1.d1)[KL],(b1.#g.f1.d1.A-1)[KL],(a1.A-1.#c1.e1.g)[LM],e1[LM],(#f1.D-1.#f.d1)[KL],(a.a1)[KL],(a1.#c.#C-1)[LM],a1[LM],(b1.e1.g1.a)[KL],(a1.g1.e1.a)[KL],(#g1.D-1.d)[LM],a1[LM],(#f2.a.#f1.d1.a1)[IL],A-1[LM],e2[LM],(d2.a.#f1.d1)[LM],#f1[LM],(#c2.a.d1.#f1)[LM],b1[LM],(a1.A-1.a.#c1.g1)[LM],#c1[LM],(d1.a.#f1.d)[KL],B-1[KL],(b1.e)[L],#c2[L],b1[L],(a1.e1.d1)[KL],(b1.e1.d1)[KL],(#c2.A-1)[KL],(a1.e.#c1.e1)[KL],(#c1.e1)[LM],e1[LM],(b1.E-1)[LM],b1[LM],(a1.#f.e1.d1)[KL],(d1.e1.#g)[LM],b1[LM],(#c2.A-1.A-2)[KL],(a1.a.#c1.e1.e)[LM],#g1[LM],g1[LM],#f1[LM],(e1.#c)[KN],a1[NO],#c2[NO],(b1.e1.g1.a)[KL],(a1.e1.g1.a)[KL],(#g1.d)[LM],a1[LM],(d2.d1.#f1.a)[JK],"],"id":2,"instruments":["piano","piano"],"alternatives":["",""]},{"bpm":144,"baseBeats":0.75,"scores":["mute[LM],5<UV>,mute[KL],mute[KL],mute[LM],mute[LM],mute[KL],mute[KL],mute[LM],mute[LM],mute[KL],mute[KL],mute[LM],mute[LM],mute[KL],mute[KL],mute[LM],mute[LM],mute[LM],mute[LM],mute[LM],mute[LM],mute[LM],mute[LM],mute[IJ],","(#f1.A-1)[KN],g1[MN],(a1.a.#f1.d1)[KL],(b1.#g.A-1.f1.d1)[KL],(a1.#c1.e1.A-1.g)[LM],e1[LM],(#f1.#c1.e1.#A-1.#f)[KL],(b.d1.B-1.#f)[KL],(a1.#C-1.#c)[LM],a1[LM],(b1.a1.e1.g1.a)[KL],(a1.a.e1.g1)[KL],(#g1.C-1.c)[LM],a1[LM],(#f2.a1.e1.#f1.a)[KL],(b1.#f1.#d1.a.b.B-2.B-1)[KL],(#g1.d1.b.E-1.B-1)[LM],e2[LM],(d2.a1.d1.a.#F-1)[LM],#f1[LM],(#c2.g1.e1.b.G-1)[LM],b1[LM],(a1.A-1.g1.#c1.a)[LM],#c1[LM],(d1.D-1.d.#f1.a)[IJ],"],"id":3,"instruments":["piano","piano"],"alternatives":["",""]}],"audition":{"start":[0,0],"end":[1,0]}}