{"baseBpm":300,"musics":[{"bpm":300,"baseBeats":0.75,"scores":["TU,TU,TU,TU,TU,TU,TU,TU,TU,5<UV>,5<UV>,TU,mute[LM],mute[LM],TU,TU,TU,TU,TU,TU,TU,mute[LM],mute[LM],TU,TU,TU,mute[LM],mute[LM],mute[LM],mute[LM],mute[LM],mute[LM],mute[LM],mute[LM],mute[LM],mute[LM],TUW,TUW,TU,TUV,TV,TU,TU,TU,TU,TU,TU,TU,TU,5<UV>,5<UV>,TU,mute[LM],mute[LM],TU,TU,TU,TU,TU,TU,mute[LM],mute[LM],mute[LM],mute[LM],mute[LM],mute[LM],mute[LM],mute[LM],mute[LM],mute[LM],mute[LM],mute[LM],TU,5<UV>,5<UV>,TU,TUW,TU,TUW,TU,TUW,TUW,TU,TU,TU,TU,mute[LM],mute[LM],TU,TU,TU,TU,TU,TU,TU,mute[LM],mute[LM],TU,TU,TU,mute[LM],mute[LM],mute[LM],mute[LM],mute[LM],mute[LM],mute[LM],mute[LM],mute[LM],mute[LM],TU,TU,TUW,mute[LM],mute[LM],mute[LM],mute[LM],mute[LM],mute[LM],mute[LM],mute[LM],mute[LM],mute[LM],mute[LM],mute[LM],mute[LM],mute[LM],mute[LM],mute[LM],mute[LM],mute[LM],mute[LM],mute[LM],mute[LM],mute[LM],mute[LM],mute[LM],mute[LM],mute[LM],mute[LM],mute[LM],mute[LM],TW,TUV,TU,TU,TU,TU,TU,TU,TU,TU,5<UV>,5<UV>,TU,mute[LM],mute[LM],TU,TU,TU,TU,TU,TU,mute[LM],mute[LM],mute[LM],mute[LM],mute[LM],mute[LM],mute[LM],mute[LM],mute[LM],mute[LM],mute[LM],mute[LM],TU,5<UV>,5<UV>,TU,TU,mute[LM],mute[LM],mute[LM],mute[LM],mute[LM],mute[LM],mute[LM],mute[LM],mute[LM],mute[LM],mute[LM],mute[LM],mute[LM],mute[LM],mute[LM],mute[LM],mute[LM],mute[LM],mute[LM],mute[LM],mute[LM],mute[LM],mute[LM],mute[LM],TU,5<UV>,5<UV>,TU,TU,mute[LM],mute[LM],mute[LM],mute[LM],mute[LM],mute[LM],mute[LM],mute[LM],mute[LM],mute[LM],mute[LM],mute[LM],mute[LM],mute[LM],mute[LM],mute[LM],mute[LM],mute[LM],mute[LM],mute[LM],mute[LM],mute[LM],mute[LM],mute[LM],TU,5<UV>,5<UV>,TU,TU,TU,mute[LM],mute[LM],TU,TUW,mute[LM],mute[LM],mute[LM],mute[LM],mute[LM],mute[LM],mute[LM],mute[LM],mute[LM],mute[LM],mute[LM],mute[LM],mute[LM],mute[LM],mute[LM],mute[LM],mute[LM],mute[LM],mute[LM],mute[LM],mute[LM],mute[LM],mute[LM],mute[LM],mute[LM],mute[LM],mute[LM],mute[LM],mute[LM],mute[LM],mute[LM],mute[LM],mute[LM],5<UV>,mute[LM],mute[LM],TW,5<UV>,5<UV>,mute[LM],mute[LM],mute[LM],mute[LM],mute[LM],mute[LM],mute[LM],mute[LM],mute[LM],mute[LM],mute[LM],mute[LM],mute[LM],mute[LM],mute[LM],mute[LM],mute[LM],mute[LM],mute[LM],mute[LM],mute[LM],mute[LM],mute[LM],mute[LM],mute[LM],mute[LM],mute[LM],mute[LM],mute[LM],mute[LM],mute[LM],mute[LM],mute[LM],mute[LM],mute[LM],mute[LM],mute[LM],mute[LM],mute[LM],mute[LM],mute[LM],mute[LM],mute[LM],mute[LM],mute[LM],mute[LM],mute[LM],mute[LM],mute[LM],mute[LM],mute[LM],mute[LM],mute[LM],mute[LM],mute[LM],mute[LM],mute[LM],mute[LM],mute[LM],mute[LM],mute[LM],mute[LM],mute[LM],mute[LM],mute[LM],mute[LM],mute[LM],mute[LM],mute[LM],mute[LM],mute[LM],mute[LM],mute[LM],mute[LM],mute[LM],mute[LM],mute[LM],mute[LM],mute[LM],mute[LM],mute[LM],mute[LM],mute[LM],mute[LM],mute[LM],mute[LM],mute[LM],mute[LM],mute[LM],mute[LM],mute[LM],mute[LM],mute[LM],mute[LM],mute[LM],mute[LM],mute[LM],mute[LM],mute[LM],mute[LM],mute[LM],mute[LM],mute[LM],mute[LM],mute[LM],mute[LM],mute[LM],mute[LM],mute[LM],mute[LM],mute[LM],mute[LM],mute[LM],mute[LM],mute[LM],mute[LM],mute[LM],mute[LM],mute[LM],mute[LM],mute[LM],mute[LM],mute[LM],mute[LM],mute[LM],mute[LM],mute[LM],mute[LM],mute[LM],mute[LM],mute[LM],mute[LM],mute[LM],mute[LM],mute[LM],mute[LM],mute[LM],mute[LM],mute[LM],mute[LM],mute[LM],mute[LM],mute[LM],mute[LM],mute[LM],mute[LM],mute[LM],mute[LM],mute[LM],mute[LM],mute[LM],mute[LM],mute[LM],mute[LM],mute[LM],mute[LM],mute[LM],mute[LM],mute[LM],mute[LM],mute[LM],TU,TU,TU,TU,TU,TU,TU,TU,TU,TU,TU,TU,TU,TU,TU,mute[LM],mute[LM],TU,TU,TU,TU,TU,TU,TU,TU,TU,TU,TU,TU,TU,TU,TU,mute[LM],mute[LM],TU,TU,TU,TU,TU,TU,TU,TU,TU,TU,TU,TU,TU,TU,TU,TU,TU,TU,TU,TU,TU,TU,TU,TU,TU,TU,TU,TU,TU,TU,TU,TU,TU,TU,TU,TU,TU,TU,TU,TUW,TUW,TUV,TUVW,TUVW,TUVW,TU,TU,TU,TU,TU,TU,TU,TU,5<UV>,5<UV>,TU,","(c2.e1.c1)[KL],g1[KL],(c2.e1.c1)[KL],g1[KL],(c2.f1.d1)[KL],(b1.g1)[KL],(a1.f1.d1)[KL],(b1.g1)[KL],(c2.e1.c1)[KL],(d2.g1)[L],c2[L],b1[L],(c2.e1.c1)[KL],g1[LM],e2[LM],(g2.d1.b)[KL],g1[KL],(d1.b)[KL],g1[KL],(f2.c1.a)[KL],(a2.f1)[KL],(d1.b)[KL],(g2.g1)[LM],f2[LM],(e2.c1)[KL],(g2.e1)[KL],(e.g)[KL],(f2.c1)[LM],e2[LM],(d2.f)[LM],e2[LM],(f2.a)[LM],e2[LM],(g2.d1)[LM],f2[LM],(e2.f1)[LM],d2[LM],(c2.g)[KLN],e1[KLN],(b1.d1)[KL],g1[KL],(g1.e1.c1)[M],c2[KM],g1[KL],(c2.e1.c1)[KL],g1[KL],(c2.f1.d1)[KL],(b1.g1)[KL],(a1.f1.d1)[KL],(b1.g1)[KL],(c2.e1.c1)[KL],(d2.g1)[L],c2[L],b1[L],(c2.e1.c1)[KL],g1[LM],e2[LM],(g2.d1.b)[KL],g1[KL],(d1.b)[KL],g1[KL],(f2.c1.a)[KL],f1[KL],(d1.b)[LM],a2[LM],(g2.g1)[LM],f2[LM],(e2.e1.c1)[LM],g2[LM],(f2.g1)[LM],e2[LM],(d2.f)[LM],f2[LM],(e2.f1)[LM],d2[LM],(c2.g)[KL],(d2.e1)[M],c2[L],b1[M],c2[L],(e2.g)[KL],(d2.f1)[KLN],(e1.c2.c)[KL],g[KLN],g[KL],g[KLN],(c1.e)[KLN],(g1.g)[KL],(c2.g)[KL],(e2.g)[KL],(f2.b.d)[KL],g[LM],d2[LM],(b1.g)[KL],g[KL],(d1.f)[KL],(g1.g)[KL],(b1.g)[KL],(d2.g)[KL],(e2.c1.e)[KL],g[LM],c2[LM],(g1.g)[KL],g[KL],(c.e)[KL],(g1.g)[LM],a1[LM],(b1.g)[LM],c2[LM],(d2.g)[LM],e2[LM],(g2.d.f)[LM],f2[LM],(e2.g)[LM],d2[LM],(c2.g)[KL],(b1.g)[KL],(B-1.f)[KL],(g2.g)[LM],a2[LM],(b2.g)[LM],c3[LM],(d3.g)[LM],#d3[LM],(e3.c.e)[LM],#d3[LM],f3[LM],e3[LM],d3[LM],c3[LM],b2[LM],a2[LM],g2[LM],e3[LM],d3[LM],c3[LM],b2[LM],a2[LM],g2[LM],f2[LM],e2[LM],c3[LM],b2[LM],a2[LM],g2[LM],f2[LM],e2[LMN],d2[KN],(c2.e1.c1)[KLM],g1[KL],(c2.e1.c1)[KL],g1[KL],(c2.f1.d1)[KL],(b1.g1)[KL],(a1.f1.d1)[KL],(b1.g1)[KL],(c2.e1.c1)[KL],(d2.g1)[L],c2[L],b1[L],(c2.e1.c1)[KL],g1[LM],e2[LM],(g2.d1.b)[KL],g1[KL],(d1.b)[KL],g1[KL],(f2.c1.a)[KL],f1[KL],(d1.b)[LM],a2[LM],(g2.g1)[LM],f2[LM],(e2.e1.c1)[LM],g2[LM],(f2.g1)[LM],e2[LM],(d2.f)[LM],f2[LM],(e2.f1)[LM],d2[LM],(c2.g)[KL],(d2.e1)[MN],c2[MN],b1[MN],c2[MN],(e2.g)[KL],(d2.f1)[KL],(e1.c2)[LM],c[LM],e[LM],g[LM],c1[LM],g[LM],e[LM],g[LM],c[LM],c2[LM],d2[LM],e2[LM],f2[LM],g2[LM],a2[LM],b2[LM],c3[LM],A-1[LM],c[LM],#f[LM],a[LM],#f[LM],(a2.c)[LM],#f[LM],(#f2.A-1)[KL],d2[MN],c2[MN],b1[MN],c2[MN],d2[KL],a1[KL],c2[LM],G-1[LM],B-1[LM],d[LM],(b1.g)[LM],d[LM],B-1[LM],d[LM],G-1[LM],g1[LM],a1[LM],b1[LM],c2[LM],d2[LM],e2[LM],#f2[LM],g2[LM],e[LM],g[LM],#c1[LM],e1[LM],#c1[LM],(e2.g)[LM],#c1[LM],(#c2.e)[KL],a1[MN],g1[MN],f1[MN],g1[MN],a1[KL],e1[KL],(g1.d)[KL],a[LM],#f1[LM],(d2.#f)[KL],a[KL],e[LM],#c2[LM],(e2.a)[LM],d2[LM],(#c2.A-1)[LM],b1[LM],(a1.a)[LM],g1[LM],(#f1.d)[LM],g1[LM],(a1.a)[LM],b1[LM],(a1.#f)[LM],b1[LM],(#c2.a)[LM],d2[LM],(#c2.e)[LM],d2[LM],(e2.a)[LM],d2[LM],(#c2.A-1)[LM],b1[LM],(a1.a)[LM],g1[LM],(#f1.d)[LM],g1[LM],(a1.a)[LM],b1[LM],(#c2.#f)[LM],d2[LM],(e2.a)[LM],#f2[LM],(g2.e)[LM],a2[M],g2[M],#f2[M],(g2.a)[LM],a2[LM],(b2.A-1.g)[LM],#c3[M],b2[M],a2[M],a[M],b2[L],#c3[LM],(d3.d.#f)[LM],#c3[LM],e3[LM],d3[LM],a2[LM],#g2[LM],b2[LM],a2[LM],#f2[LM],f2[LM],g2[LM],#f2[LM],d2[LM],#c2[LM],e2[LM],d2[LM],(d1.#f1)[LM],(d2.c2)[LM],(e1.g1)[LM],(d2.c2)[LM],(#f1.a1)[LM],(c2.d2)[LM],(e1.g1)[LM],(c2.d2)[LM],(#f1.a1)[LM],(d2.c2)[LM],(e1.g1)[LM],(d2.c2)[LM],(#f1.a1)[LM],(c2.d2)[LM],(d1.#f1)[LM],(c2.d2)[LM],(b1.g1)[LM],d2[LM],#c2[LM],d2[LM],(g2.b1.g1)[LM],d2[LM],b2[LM],d2[LM],d3[LM],d2[LM],b2[LM],d2[LM],a2[LM],d2[LM],g2[LM],d2[LM],(d1.#f1)[LM],(d2.c2)[LM],(e1.g1)[LM],(d2.c2)[LM],(#f1.a1)[LM],(c2.d2)[LM],(e1.g1)[LM],(c2.d2)[LM],(#f1.a1)[LM],(d2.c2)[LM],(e1.g1)[LM],(d2.c2)[LM],(#f1.a1)[LM],(c2.d2)[LM],(d1.#f1)[LM],(c2.d2)[LM],(b1.g1)[LM],d2[LM],#c2[LM],d2[LM],(g2.b1.g1)[LM],d2[LM],b2[LM],d2[LM],d3[LM],d2[LM],b2[LM],d2[LM],a2[LM],d2[LM],g2[LM],d2[LM],(b1.#g1)[LM],(e2.d2)[LM],(a1.#f1)[LM],(e2.d2)[LM],(#g1.e1)[LM],(e2.d2)[LM],(a1.#f1)[LM],(e2.d2)[LM],(b1.#g1)[LM],(e2.d2)[LM],(a1.#f1)[LM],(e2.d2)[LM],(b1.#g1)[LM],(e2.d2)[LM],(#g1.e1)[LM],(e2.d2)[LM],(c2.a1)[LM],e2[LM],#f2[LM],#g2[LM],(a2.a1.c2)[LM],b2[LM],c3[LM],d3[LM],e3[LM],#d3[LM],f3[LM],e3[LM],(d3.#f1)[LM],c3[LM],b2[LM],#a2[LM],(c3.g1)[LM],b2[LM],e3[LM],d3[LM],(c3.e1)[LM],b2[LM],a2[LM],g2[LM],(b2.c1)[LM],a2[LM],d3[LM],c3[LM],(b2.d1)[LM],a2[LMN],g2[LMN],#f2[LMN],(g2.b)[LMN],#g2[LM],a2[LM],#a2[LM],(b2.#g)[LM],f2[LM],e2[LM],d2[LM],(#c2.a)[LM],e2[LM],#f2[LM],#g2[LM],(a2.#f)[LM],e2[LM],d2[LM],c2[LM],(#a1.g)[LM],b1[LM],e2[LM],d2[LM],(c2.e)[LM],b1[LM],a1[LM],g1[LM],(b1.c)[LM],a1[LM],d2[LM],c2[LM],(b1.d)[LM],a1[LM],g1[LM],#f1[LM],(g1.G-1)[KL],B-1[KL],d[KL],c[KL],(b.d1.g1.B-1)[KL],A-1[KL],(b.d1.g1.B-1)[KL],G-1[KL],(#f1.a.#d1.c)[KL],G-1[KL],c[KL],(g1.G-1)[KL],(#d1.#f1.a1.c)[KL],G-1[KL],(a1.#d1.#f1.c)[KL],G-1[LM],b1[LM],(d1.g1.G-1)[KL],B-1[KL],d[KL],c[KL],(b.d1.g1.B-1)[KL],A-1[KL],(b.d1.g1.B-1)[KL],G-1[KL],(#f1.a.#d1.c)[KL],G-1[KL],c[KL],(g1.G-1)[KL],(#d1.#f1.a1.c)[KL],G-1[KL],(a1.#d1.#f1.c)[KL],G-1[LM],b1[LM],(d1.g1.B-1)[KL],G-1[KL],B-1[KL],G-1[KL],(#d1.#f1.a1.c)[KL],G-1[KL],c[KL],G-1[KL],(f1.#g1.b1.d)[KL],G-1[KL],d[KL],G-1[KL],(g1.c2.e)[KL],G-1[KL],e[KL],G-1[KL],(d2.b1.f)[KL],G-1[KL],#f[KL],G-1[KL],g[KL],G-1[KL],(b2.d2.b1.#g)[KL],G-1[KL],(b1.d2.b2.g)[KL],G-1[KL],#f[KL],G-1[KL],g[KL],G-1[KL],(d3.b2.#g)[KL],G-1[KL],(b2.d3.g)[KL],G-1[KL],f[KL],G-1[KL],g[KL],G-1[KL],a[KL],G-1[KLN],g[KLN],G-1[KLM],f[KLMN],G-1[KLMN],(c2.e.c)[KLMN],g[KL],(c2.e1.c1)[KL],g1[KL],(c2.f1.d1)[KL],(b1.g1)[KL],(a1.f1.d1)[KL],(b1.g1)[KL],(c2.e1.c1)[KL],(d2.g1)[L],c2[L],b1[L],(c2.e1.c1)[KL],"],"id":1},{"bpm":300,"baseBeats":0.75,"scores":["UV,mute[LM],TU,TU,TU,TU,TU,TU,TU,mute[LM],mute[LM],TU,TU,TU,mute[LM],mute[LM],mute[LM],mute[LM],mute[LM],mute[LM],mute[LM],mute[LM],mute[LM],mute[LM],TU,TU,TU,TUV,TV,TU,TU,TU,TU,TU,TU,TU,TU,5<UV>,5<UV>,mute[LM],mute[LM],mute[LM],mute[LM],TU,TU,TU,TU,5<UV>,5<UV>,TU,TU,mute[LM],TU,5<UV>,5<UV>,5<UV>,5<UV>,5<UV>,5<UV>,5<UV>,TU,5<UV>,5<UV>,TU,TUW,TUW,TUW,TUVW,TUVW,TU,ST,mute[LM],TU,5<UV>,5<UV>,5<UV>,5<UV>,5<UV>,5<UV>,5<UV>,TU,ST,mute[LM],TU,5<UV>,5<UV>,5<UV>,5<UV>,5<UV>,5<UV>,5<UV>,TU,STU,mute[LM],mute[LM],mute[LM],mute[LM],mute[LM],mute[LM],mute[LM],mute[LM],mute[LM],mute[LM],mute[LM],mute[LM],mute[LM],mute[LM],mute[LM],mute[LM],mute[LM],mute[LM],mute[LM],mute[LM],mute[LM],mute[LM],mute[LM],mute[LM],mute[LM],T,TUVW,ST,mute[LM],TU,5<UV>,5<UV>,5<UV>,5<UV>,5<UV>,5<UV>,5<UV>,TU,ST,mute[LM],TU,5<UV>,5<UV>,5<UV>,5<UV>,5<UV>,5<UV>,5<UV>,TU,5<UV>,5<UV>,5<UV>,5<UV>,5<UV>,5<UV>,TU,5<UV>,5<UV>,5<UV>,5<UV>,5<UV>,5<UV>,TUW,TUV,TUV,SW,mute[LM],mute[LM],mute[LM],mute[LM],mute[LM],mute[LM],mute[LM],mute[LM],mute[LM],mute[LM],mute[LM],mute[LM],mute[LM],mute[LM],mute[LM],mute[LM],mute[LM],mute[LM],mute[LM],mute[LM],mute[LM],mute[LM],mute[LM],mute[LM],mute[LM],mute[LM],mute[LM],mute[LM],mute[LM],mute[LM],mute[LM],TU,mute[LM],mute[LM],mute[LM],mute[LM],mute[LM],mute[LM],mute[LM],mute[LM],mute[LM],mute[LM],mute[LM],mute[LM],mute[LM],mute[LM],mute[LM],mute[LM],mute[LM],mute[LM],mute[LM],mute[LM],mute[LM],mute[LM],mute[LM],mute[LM],mute[LM],mute[LM],mute[LM],mute[LM],mute[LM],mute[LM],TU,mute[LM],mute[LM],mute[LM],mute[LM],mute[LM],mute[LM],mute[LM],mute[LM],mute[LM],mute[LM],mute[LM],mute[LM],mute[LM],mute[LM],TU,mute[LM],mute[LM],mute[LM],mute[LM],mute[LM],mute[LM],mute[LM],mute[LM],mute[LM],mute[LM],mute[LM],mute[LM],mute[LM],mute[LM],mute[LM],mute[LM],mute[LM],mute[LM],mute[LM],mute[LM],mute[LM],mute[LM],mute[LM],mute[LM],mute[LM],mute[LM],mute[LM],mute[LM],mute[LM],mute[LM],TU,5<UV>,5<UV>,5<UV>,5<UV>,5<UV>,5<UV>,5<UV>,TU,ST,mute[LM],TU,5<UV>,5<UV>,5<UV>,5<UV>,5<UV>,5<UV>,5<UV>,TU,ST,mute[LM],TU,5<UV>,5<UV>,5<UV>,5<UV>,5<UV>,5<UV>,5<UV>,TU,ST,mute[LM],mute[LM],TU,mute[LM],mute[LM],TU,mute[LM],mute[LM],TU,mute[LM],mute[LM],TU,mute[LM],mute[LM],mute[LM],mute[LM],mute[LM],mute[LM],mute[LM],mute[LM],mute[LM],mute[LM],TU,ST,mute[LM],mute[LM],mute[LM],mute[LM],mute[LM],mute[LM],mute[LM],mute[LM],mute[LM],mute[LM],mute[LM],mute[LM],mute[LM],mute[LM],mute[LM],mute[LM],mute[LM],mute[LM],T,T,T,T,T,T,T,T,T,T,T,T,T,T,T,T,T,T,T,T,T,T,T,T,T,T,T,T,T,T,T,T,T,T,T,TUV,mute[LM],mute[LM],mute[LM],mute[LM],mute[LM],mute[LM],mute[LM],TU,TU,TU,TU,TU,TU,TU,TU,TU,5<UV>,5<UV>,TU,mute[LM],mute[LM],TU,TU,TU,TU,TU,TU,TU,mute[LM],mute[LM],TU,TU,TU,mute[LM],mute[LM],mute[LM],mute[LM],mute[LM],mute[LM],mute[LM],mute[LM],mute[LM],mute[LM],TU,TU,TU,TU,TV,5<UV>,T,TV,5<UV>,T,TV,5<UV>,T,TV,5<UV>,T,TV,5<UV>,T,TV,5<UV>,T,TU,TU,TU,TU,TU,TU,TU,mute[LM],mute[LM],TU,TU,TU,5<UV>,5<UV>,TU,TU,TU,TU,mute[LM],mute[LM],mute[LM],mute[LM],mute[LM],mute[LM],mute[LM],mute[LM],mute[LM],mute[LM],mute[LM],mute[LM],mute[LM],mute[LM],mute[LM],mute[LM],mute[LM],mute[LM],mute[LM],mute[LM],mute[LM],mute[LM],mute[LM],mute[LM],mute[LM],mute[LM],mute[LM],mute[LM],mute[LM],mute[LM],mute[LM],mute[LM],mute[LM],5<UV>,5<UV>,mute[LM],mute[LM],mute[LM],mute[LM],mute[LM],mute[LM],mute[LM],mute[LM],mute[LM],mute[LM],mute[LM],mute[LM],mute[LM],mute[LM],mute[LM],mute[LM],mute[LM],mute[LM],mute[LM],mute[LM],mute[LM],mute[LM],mute[LM],mute[LM],mute[LM],mute[LM],mute[LM],mute[LM],mute[LM],mute[LM],5<UV>,5<UV>,mute[LM],mute[LM],mute[LM],mute[LM],mute[LM],mute[LM],mute[LM],mute[LM],mute[LM],mute[LM],mute[LM],mute[LM],TU,5<UV>,5<UV>,5<UV>,5<UV>,5<UV>,5<UV>,5<UV>,5<UV>,5<UV>,5<UV>,5<UV>,5<UV>,5<UV>,5<UV>,5<UV>,5<UV>,5<UV>,5<UV>,5<UV>,5<UV>,5<UV>,5<UV>,5<UV>,T,T,T,T,T,T,T,T,T,T,T,T,T,T,T,T,T,T,T,TW,TW,TW,TV,TV,TUVW,TU,TU,TU,TU,","g1[LM],e2[LM],(g2.d1.b)[KL],g1[KL],(d1.b)[KL],g1[KL],(f2.c1.a)[KL],(a2.f1)[KL],(d1.b)[KL],(g2.g1)[LM],f2[LM],(e2.c1)[KL],(g2.e1)[KL],(e.g)[KL],(f2.c1)[LM],e2[LM],(d2.f)[LM],e2[LM],(f2.a)[LM],e2[LM],(g2.d1)[LM],f2[LM],(e2.f1)[LM],d2[LM],(c2.g)[KL],e1[KL],(b1.d1)[KL],g1[KL],(g1.e1.c1)[M],c2[KM],g1[KL],(c2.e1.c1)[KL],g1[KL],(c2.f1.d1)[KL],(b1.g1)[KL],(a1.f1.d1)[KL],(b1.g1)[KL],(c2.e1.c1)[KL],(d2.g1)[L],c2[L],b1[L],(c2.e1.c1)[LM],d2[LM],(e2.g1)[LM],f2[LM],(#f2.d1.b)[KL],(g2.g1)[KL],(d1.b)[KL],(g2.g1)[KL],(f2.c1.a)[M],g2[M],f2[MN],e2[M],f2[MN],(a2.f1)[KL],(d1.b)[KL],(g2.g1)[LM],f2[LM],(e2.e1.c1)[L],#d2[L],e2[L],(g2.g1)[L],f2[L],e2[L],(d2.f)[L],#c2[L],d2[L],(f2.f1)[L],e2[L],d2[L],(c2.g)[KL],(d2.e1)[MN],c2[MN],b1[MN],c2[MN],(e2.g)[KL],(d2.f1)[KLN],(e1.c2.c)[KLN],c1[KLN],c[KLMN],g1[KLMN],(#d1.#d2.c.g)[KL],(#d1.#d2.g.c)[JK],(d2.d)[LM],(c2.#d)[LM],d[L],f[L],#g[L],d1[L],f1[L],b1[L],d1[L],f1[L],#g1[L],b1[L],d2[L],f2[L],(f1.f2.d.b)[KL],(f2.f1.b.d)[JK],(#d2.#d)[LM],(d2.f)[LM],#d[L],g[L],c1[L],#d1[L],g1[L],c2[L],#d1[L],g1[L],c2[L],#d2[L],g2[L],c3[L],(#c3.#c2.g1.#d1)[KL],(#c3.#c2.g1.#d1)[JK],(c3.#g1.f1)[LM],(#a2.#a1.g1)[LM],(#a2.#g1.f1)[LM],#g2[LM],#g2[LM],g2[LM],g2[LM],f2[LM],f2[LM],#d2[LM],(#d2.f.#g)[LM],d2[LM],d2[LM],#d2[LM],(#d2.#f.a)[LM],d2[LM],d2[LM],c2[LM],(c2.d1.g)[LM],b1[LMN],a1[LM],g1[LMN],#f1[LM],g1[LMN],#g1[LMN],g1[K],(#d1.#d2.c.g)[KLMN],(#d1.#d2.g.c)[JK],(d2.d)[LM],(c2.#d)[LM],d[L],f[L],#a[L],d1[L],f1[L],#a1[L],d1[L],f1[L],#a1[L],d2[L],f2[L],#g2[L],(c3.#g2.#A-1.#a)[KL],(c3.#g2.#A-1.#a)[JK],(#a2.g2.c)[LM],(#g2.f2.d)[LM],#d[L],g[L],#a[L],g1[L],#a1[L],#d2[L],#d1[L],g1[L],#a1[L],g2[L],#a2[L],#d3[L],(#d1.#a.g)[KL],#d3[L],d3[L],c3[L],#a2[L],#g2[L],g2[L],f2[L],#d2[L],d2[L],(c2.f1.#d1.c1.#g)[KL],c3[L],#a2[L],#g2[L],g2[L],f2[L],#d2[L],d2[L],#d2[L],c2[L],(#a1.g1.#d1.#a)[KLN],(#a2.g2.#d2.#a1)[KLM],(#A-1.#a)[KLM],(f1.#g1.#a1.d2)[J],(g1.#a1.#d2.#d)[LMN],#a[LM],g[LM],#a[LM],#A-1[LM],#a[LM],g[LM],#a[LM],#d[LM],#a[LM],(g2.g)[LM],#a[LM],(g2.#A-1)[LM],#a[LM],(g2.g)[LM],#a[LM],(#a2.f)[LM],#a[LM],#g[LM],(#g2.#a)[LM],(f2.#A-1)[LM],#a[LM],#g[LM],#a[LM],d[LM],#a[LM],(#a1.#g)[LM],#a[LM],(#a1.#A-1)[LM],#a[LM],(#a1.#g)[LM],#a[LM],(#a1.#d)[M],f2[L],#a[LM],g[LM],#a[LM],(#d2.#A-1)[LM],#a[LM],g[LM],#a[LM],#d[LM],(g2.#a)[LM],(#f2.g)[LM],(g2.#a)[LM],(#f2.#A-1)[LM],(g2.#a)[LM],(#g2.g)[LM],(g2.#a)[LM],(#a2.f)[LM],#a[LM],#g[LM],(#g2.#a)[LM],(f2.#A-1)[LM],#a[LM],#g[LM],#a[LM],d[LM],(#a1.#a)[LM],(a1.#g)[LM],(#a1.#a)[LM],(a1.#A-1)[LM],(#a1.#a)[LM],(a1.#g)[LM],(#a1.#a)[LM],(#a1.#c)[M],f2[L],#a[LM],g[LM],#a[LM],(e2.c)[LM],#a[LM],g[LM],#a[LM],e[LM],(c2.#a)[LM],(b1.g)[LM],(c2.#a)[LM],(b1.c)[LM],(c2.#a)[LM],(b1.g)[LM],(c2.#a)[LM],(c2.#d)[M],g2[L],c1[LM],a[LM],c1[LM],(#f2.d)[LM],c1[LM],a[LM],c1[LM],#f[LM],(d2.c1)[LM],(#c2.a)[LM],(d2.c1)[LM],(#c2.d)[LM],(d2.c1)[LM],(#c2.a)[LM],(d2.c1)[LM],(a2.g)[LM],d1[LM],(g2.b)[LM],d1[LM],f[LM],d1[LM],(a2.b)[LM],(b2.d1)[LM],(c3.#d)[LM],(d3.c1)[LM],(#d3.g)[LM],(d3.c1)[LM],(f3.c)[LM],(#d3.c1)[LM],(d3.g)[LM],(c3.c1)[LM],(b2.G-1.B-1.d.g)[L],d3[L],c3[L],b2[L],a2[L],g2[L],f2[L],#g2[L],g2[L],f2[L],#d2[L],d2[L],(#d1.#d2.c.g)[KL],(#d1.#d2.g.c)[JK],(d2.d)[LM],(c2.#d)[LM],d[L],f[L],#g[L],d1[L],f1[L],b1[L],d1[L],f1[L],#g1[L],b1[L],d2[L],f2[L],(f1.f2.d.b)[KL],(f2.f1.b.d)[JK],(#d2.#d)[LM],(d2.f)[LM],#d[L],g[L],c1[L],#d1[L],g1[L],c2[L],#d1[L],g1[L],c2[L],#d2[L],g2[L],c3[L],(#c3.#c2.g1.#d1)[KL],(#c3.#c2.g1.#d1)[JK],(c3.#g1.f1)[LM],(#a2.#a1.g1)[LM],(#g1.f1)[KL],#g2[LM],c3[LM],f1[KL],d2[LM],f2[LM],g1[KL],#d2[LM],g2[LM],(g.f1)[KL],b1[LM],d2[LM],(#d1.#g)[LM],c2[LM],b1[LM],c2[LM],b1[LM],c2[LM],b1[LM],c2[LM],(#c1.#c2.e.g)[KL],(#c1.#c2.e.g)[JK],(c2.f.#g)[LM],(#a1.g.#a)[LM],(f.#g)[LM],#g1[LM],#a1[LM],b1[LM],(c2.f)[LM],(d1.c2)[LM],f1[LM],#g1[LM],g[LM],#d1[LM],g1[LM],c1[LM],G-1[LM],d1[LM],f1[LM],b[LM],c[K],c1[K],#c1[K],d1[K],#d1[K],e1[K],f1[K],#f1[K],g1[K],#g1[K],a1[K],#a1[K],b1[K],c2[K],c2[K],c2[K],c2[K],c2[K],c2[K],c2[K],c2[K],b1[K],c2[K],c2[K],c2[K],#c2[K],#c2[K],#c2[K],#c2[K],#c2[K],#c2[K],d2[K],d2[K],d2[K],d2[K],d2[K],d2[LM],#d2[LM],f2[LM],#d2[LM],#c2[LN],c2[L],#d2[LN],#c2[LN],#a1[LN],(#g1.c1.#g)[KL],#d1[KL],(#g1.c1.#g)[KL],#d1[KL],(#g1.#c1.#a)[KL],(g1.#d1)[KL],(f1.#c1.#a)[KL],(g1.#d1)[KL],(#g1.c1.#g)[KL],(#a1.#d1)[L],#g1[L],g1[L],(#g1.c1.#g)[KL],#d1[LM],c2[LM],(#d2.#a.g)[KL],#d1[KL],(#a.g)[KL],#d1[KL],(#c2.#g.f)[KL],(f3.#c1)[KL],(#a.g)[KL],(#d3.#d1)[LM],#c3[LM],(c3.#g)[KL],(#d3.c1)[KL],#d1[KL],(#c3.#g1)[LM],c3[LM],(#a2.#c1)[LM],c3[LM],(#c3.f1)[LM],c3[LM],(#d3.#a1)[LM],#c3[LM],(c3.#c2)[LM],#a2[LM],(#g2.#d1)[KL],c2[KL],(g2.#a1)[KL],#d1[KL],(#d1.c1.#g)[K],#g1[L],#d1[L],#g1[K],(#g1.c1.#g)[K],#g1[L],#d1[L],#g1[K],(#g1.#c1.#a)[K],g1[L],#d1[L],f1[K],(#d1.#c1.#a)[K],f1[L],#d1[L],g1[K],(#g1.c1.#g)[K],#a1[L],#d1[L],b1[K],(c2.c1.#g)[K],#c2[L],#d1[L],d2[K],(f2.#a.g)[KL],(#d2.#d1)[KL],(g.#a)[KL],(#d2.#d1)[KL],(#c2.f.#g)[KL],(f3.#c1)[KL],(#a.g)[KL],(#d3.#d1)[LM],#c3[LM],(c3.#g)[KL],#d1[KL],g[KL],(d3.#d1)[MN],c3[MN],b2[MN],c3[MN],(f3.#f)[KL],(#d3.a)[KL],(d3.#F-1)[KL],(c3.#f)[KL],(b2.G-1)[LM],g[LM],B-1[LM],g[LM],d[LM],g[LM],B-1[LM],g[LM],G-1[LM],g[LM],(g2.B-1)[LM],g[LM],(g2.d)[LM],g[LM],(g2.B-1)[LM],g[LM],(g2.G-1)[LM],g[LM],c[LM],(#d2.g)[LM],(c2.#d)[LM],g[LM],c[LM],g[LM],G-1[LM],g[LM],(#d3.c)[LM],g[LM],(d3.#d)[LM],g[LM],(c3.c)[LM],g[LM],(b2.G-1)[LM],(c3.g)[MN],b2[MN],(a2.B-1)[MN],b2[MN],(c3.g)[LM],(d3.d)[LM],g[LM],B-1[LM],g[LM],G-1[LM],(g2.g)[LM],(#f2.B-1)[LM],(g2.g)[LM],(#g2.d)[LM],(g2.g)[LM],(f2.B-1)[LM],(d2.g)[LM],(#d2.G-1)[LM],(f2.g)[LM],(#f2.c)[LM],(g2.g)[LM],(c2.#d)[LM],g[LM],c[LM],g[LM],G-1[LM],g[LM],(#d2.c)[LM],(d2.g)[LM],(f2.#d)[LM],(#d2.g)[LM],(d2.c)[LM],(c2.g)[LM],(b1.G-1)[LM],(c2.g)[MN],b1[MN],(a1.B-1)[MN],b1[MN],(c2.g)[LM],(d2.d)[LM],g[LM],B-1[LM],g[LM],G-1[LM],g[LM],(#d1.c)[LM],(d1.g)[LM],(f1.G-1)[LM],(#d1.g)[LM],(d1.#d)[LM],(c1.g)[LM],G-1[L],#f[L],g[L],#g[L],a[L],#a[L],b[L],c1[L],#c1[L],d1[L],#d1[L],e1[L],f1[L],#f1[L],g1[L],#g1[L],a1[L],#a1[L],b1[L],c2[L],#c2[L],d2[L],#d2[L],e2[L],f2[L],#f2[L],g2[L],#g2[L],a2[L],#a2[L],b2[L],c3[L],#c3[L],d3[L],#d3[L],e3[L],f3[K],e3[K],#d3[K],d3[K],#c3[K],c3[K],b2[K],#a2[K],a2[K],#g2[K],g2[K],#f2[K],f2[K],e2[K],#d2[K],d2[K],#c2[K],c2[K],b1[K],#a1[KN],a1[KN],g1[KN],a1[KM],b1[KM],(c2.e1.c1)[KLMN],g1[KL],(c2.e1.c1)[KL],g1[KL],(c2.f1.d1)[KL],"],"id":2},{"bpm":300,"baseBeats":0.75,"scores":["TU,TU,TU,TU,5<UV>,5<UV>,TU,mute[LM],mute[LM],TU,TU,TU,TU,TU,TU,TU,mute[LM],mute[LM],TU,TU,TU,mute[LM],mute[LM],mute[LM],mute[LM],mute[LM],mute[LM],mute[LM],mute[LM],mute[LM],mute[LM],TU,TU,TU,TU,TV,5<UV>,T,TV,5<UV>,T,TV,5<UV>,T,TV,5<UV>,T,mute[LM],mute[LM],mute[LM],mute[LM],mute[LM],mute[LM],mute[LM],mute[LM],TU,TU,TU,TU,5<UV>,5<UV>,TU,TU,mute[LM],TU,5<UV>,5<UV>,5<UV>,5<UV>,5<UV>,5<UV>,5<UV>,TU,5<UV>,5<UV>,TU,TU,TU,TU,TU,TU,TU,TU,TU,TU,TU,mute[LM],mute[LM],TU,TU,TU,TU,TU,TU,TU,mute[LM],mute[LM],TU,TU,TU,mute[LM],mute[LM],mute[LM],mute[LM],mute[LM],mute[LM],mute[LM],mute[LM],mute[LM],mute[LM],TU,TU,TU,mute[LM],mute[LM],mute[LM],mute[LM],mute[LM],mute[LM],mute[LM],mute[LM],mute[LM],mute[LM],mute[LM],mute[LM],mute[LM],mute[LM],mute[LM],mute[LM],mute[LM],mute[LM],mute[LM],mute[LM],mute[LM],mute[LM],mute[LM],mute[LM],mute[LM],mute[LM],mute[LM],mute[LM],mute[LM],mute[LM],TU,TU,TU,TU,TU,SV,ST,QSTV,TU,TU,TU,TUV,TV,SV,ST,QSTV,TU,TU,TU,TU,TU,TU,TU,TU,TU,TU,TU,TU,TU,TU,TU,TU,TU,TU,TU,TU,TU,TU,TU,TU,TU,TU,TU,S,mute[LM],mute[LM],mute[LM],mute[LM],mute[LM],mute[LM],mute[LM],mute[LM],mute[LM],mute[LM],mute[LM],mute[LM],mute[LM],mute[LM],mute[LM],mute[LM],mute[LM],mute[LM],mute[LM],mute[LM],mute[LM],mute[LM],mute[LM],mute[LM],mute[LM],mute[LM],mute[LM],mute[LM],mute[LM],mute[LM],mute[LM],mute[LM],mute[LM],mute[LM],mute[LM],mute[LM],mute[LM],mute[LM],mute[LM],mute[LM],mute[LM],mute[LM],mute[LM],mute[LM],mute[LM],mute[LM],mute[LM],mute[LM],mute[LM],mute[LM],mute[LM],mute[LM],mute[LM],mute[LM],mute[LM],mute[LM],mute[LM],mute[LM],mute[LM],mute[LM],mute[LM],mute[LM],mute[LM],mute[LM],mute[LM],mute[LM],mute[LM],mute[LM],mute[LM],mute[LM],mute[LM],mute[LM],mute[LM],mute[LM],mute[LM],mute[LM],mute[LM],mute[LM],mute[LM],mute[LM],mute[LM],mute[LM],mute[LM],mute[LM],mute[LM],mute[LM],mute[LM],mute[LM],mute[LM],mute[LM],mute[LM],mute[LM],mute[LM],mute[LM],T,TV,TUV,TU,TU,TU,TU,TU,TU,TU,TU,TU,TU,TU,TU,TU,TU,TU,T,T,T,TV,5<UV>,T,TU,TU,TU,TU,TU,TU,TU,TU,TU,TU,TU,TU,mute[LM],mute[LM],mute[LM],mute[LM],mute[LM],mute[LM],mute[LM],mute[LM],mute[LM],mute[LM],mute[LM],mute[LM],mute[LM],mute[LM],mute[LM],mute[LM],mute[LM],mute[LM],mute[LM],mute[LM],mute[LM],mute[LM],mute[LM],mute[LM],mute[LM],mute[LM],mute[LM],mute[LM],mute[LM],mute[LM],mute[LM],mute[LM],mute[LM],mute[LM],mute[LM],mute[LM],mute[LM],mute[LM],mute[LM],mute[LM],mute[LM],mute[LM],mute[LM],mute[LM],mute[LM],mute[LM],mute[LM],TU,mute[LM],mute[LM],mute[LM],mute[LM],mute[LM],mute[LM],mute[LM],mute[LM],mute[LM],mute[LM],mute[LM],mute[LM],mute[LM],mute[LM],TU,mute[LM],mute[LM],mute[LM],mute[LM],mute[LM],mute[LM],mute[LM],mute[LM],mute[LM],mute[LM],mute[LM],mute[LM],mute[LM],mute[LM],mute[LM],mute[LM],mute[LM],mute[LM],mute[LM],mute[LM],mute[LM],mute[LM],mute[LM],mute[LM],mute[LM],mute[LM],mute[LM],mute[LM],mute[LM],mute[LM],mute[LM],mute[LM],mute[LM],mute[LM],mute[LM],mute[LM],mute[LM],mute[LM],mute[LM],mute[LM],mute[LM],mute[LM],mute[LM],mute[LM],mute[LM],mute[LM],TU,5<UV>,5<UV>,5<UV>,5<UV>,5<UV>,5<UV>,5<UV>,5<UV>,5<UV>,5<UV>,5<UV>,5<UV>,5<UV>,5<UV>,5<UV>,5<UV>,5<UV>,5<UV>,5<UV>,TU,TU,TU,TU,TU,TU,TU,TU,TU,TU,TU,TU,TUW,TUVW,TUVW,TUVW,TUVW,TUVW,TUVW,TUVW,TUVW,TUVW,RSUV,mute[LM],STW,SU,mute[LM],TU,TUW,TUW,TUV,ST,SVW,mute[LM],TU,TUW,TU,TUW,STW,STV,TUV,TUV,TUV,TUV,STUV,RTUW,QQUVW,","(b1.g1)[KL],(a1.f1.d1)[KL],(b1.g1)[KL],(c2.e1.c1)[KL],(d2.g1)[L],c2[L],b1[L],(c2.e1.c1)[KL],g1[LM],e2[LM],(g2.d1.b)[KL],g1[KL],(d1.b)[KL],g1[KL],(f2.c1.a)[KL],(a2.f1)[KL],(d1.b)[KL],(g2.g1)[LM],f2[LM],(e2.c1)[KL],(g2.e1)[KL],(e.g)[KL],(f2.c1)[LM],e2[LM],(d2.f)[LM],e2[LM],(f2.a)[LM],e2[LM],(g2.d1)[LM],f2[LM],(e2.f1)[LM],d2[LM],(c2.g)[KL],e1[KL],(b1.d1)[KL],g1[KL],(g1.e1.c1)[K],c2[L],g1[L],c2[K],(c2.e1.c1)[K],c2[L],g1[L],c2[K],(c2.f1.d1)[K],b1[L],g1[L],a1[K],(g1.f1.d1)[K],a1[L],g1[L],b1[K],(e1.c1)[LM],c2[LM],(#c2.g1)[LM],d2[LM],(#d2.e1.c1)[LM],e2[LM],(f2.g1)[LM],#f2[LM],(a2.d1.b)[KL],(g2.g1)[KL],(d1.b)[KL],(g2.g1)[KL],(f2.c1.a)[M],g2[M],f2[MN],e2[M],f2[MN],(a2.f1)[KL],(d1.b)[KL],(g2.g1)[LM],f2[LM],(e2.e1.c1)[L],g2[L],b2[L],(c3.g1)[L],g2[L],e2[L],(d2.f)[L],f2[L],#g2[L],(a2.f1)[L],f2[L],d2[L],(c2.g)[KL],(d2.e1)[MN],c2[MN],b1[MN],c2[MN],(e2.g)[KL],(d2.f1)[KL],(e1.c2.c)[KL],g[KL],g[KL],g[KL],(c1.e)[KL],(g1.g)[KL],(c2.g)[KL],(e2.g)[KL],(f2.b.d)[KL],g[LM],d2[LM],(b1.g)[KL],g[KL],(d1.f)[KL],(g1.g)[KL],(b1.g)[KL],(d2.g)[KL],(e2.c1.e)[KL],g[LM],c2[LM],(g1.g)[KL],g[KL],(c.e)[KL],(g1.g)[LM],a1[LM],(b1.g)[LM],c2[LM],(d2.g)[LM],e2[LM],(g2.d.f)[LM],f2[LM],(e2.g)[LM],d2[LM],(c2.g)[KL],(b1.g)[KL],(B-1.f)[KL],(g2.g)[LM],a2[LM],(b2.g)[LM],c3[LM],(d3.g)[LM],#d3[LM],(e3.c.e)[LM],#d3[LM],f3[LM],e3[LM],d3[LM],c3[LM],b2[LM],a2[LM],g2[LM],c3[LM],b2[LM],a2[LM],#g2[LM],g2[LM],#f2[LM],f2[LM],e2[LM],a2[LM],g2[LM],#f2[LM],f2[LM],e2[LM],#d2[LM],d2[LM],(c2.e1.c1)[KL],g1[KL],(c2.e1.c1)[KL],g1[KL],(c2.g1.f1.d1)[KL],b1[JM],#a1[JK],b1[HJKM],(b1.f1.d1)[KL],#g1[KL],(b1.f1.d1)[KL],#g1[KL],(b1.g1.#d1)[M],d2[KM],c2[JM],b1[JK],c2[HJKM],(c2.#f1)[KL],#g1[KL],(c2.#f1)[KL],#g1[KL],(#d2.f1)[KL],(#c2.#g1)[KL],(c2.f1)[KL],(#c2.#g1)[KL],(#f2.c1)[KL],#g1[KL],(#f2.c1)[KL],#g1[KL],(#f2.#c1)[KL],(f2.#g1)[KL],(#d2.#c1)[KL],(#c2.#g1)[KL],(#g1.c2.#f.#d1)[KL],#g[KL],(#g1.c2.#f.#d1)[KL],#g[KL],(#g1.#d2.#c1.f)[KL],(#c2.#g)[KL],(c2.f)[KL],(#c2.#g)[KL],(#f2.#d2.#g1.#f1.c1.c)[KL],#g[KL],(#f2.#d2.#g1.#f1.c1.c)[KL],#g[KL],#c[LM],f[LM],#g[LM],#c1[LM],f1[LM],#g1[LM],#c2[LM],f2[LM],#f[LM],#g[LM],c1[LM],#d1[LM],#d1[LM],#g1[LM],c2[LM],#d2[LM],f[LM],#g[LM],#c1[LM],f1[LM],#g1[LM],#c2[LM],f2[LM],#g2[LM],#d[LM],#g[LM],c1[LM],#d1[LM],#f1[LM],#g1[LM],c2[LM],#f2[LM],#c[LM],f[LM],#g[LM],#c1[LM],f1[LM],#g1[LM],#c2[LM],f2[LM],c[LM],f[LM],#g[LM],c1[LM],f1[LM],#g1[LM],c2[LM],f2[LM],B-1[LM],f[LM],#g[LM],b[LM],f1[LM],#g1[LM],d2[LM],f2[LM],c[LM],#d[LM],g[LM],c1[LM],#d1[LM],g1[LM],c2[LM],#d2[LM],F-1[LM],#G-1[LM],c[LM],f[LM],d1[LM],#g1[LM],c2[LM],d2[LM],G-1[LM],#A-1[LM],c[LM],g[LM],e1[LM],#a1[LM],c2[LM],e2[LM],#G-1[LM],c[LM],f[LM],#g[LM],f1[LM],#g1[LM],c2[LM],f2[LM],A-1[LM],c[LMN],#d[LM],a[LMN],#f1[LMN],c2[LMN],#d2[K],#f2[KM],(g1.c2.e2.g2.G-1)[KLM],g[KL],g[KL],(d2.f2.g)[KL],(c2.e2.g)[KL],(g1.e2.g)[KL],(f1.a1.d2.g)[KL],(#d1.#f1.a1.c2.g)[KL],(e1.g1.c2.G-1)[KL],g[KL],G-1[KL],(e1.g1.c2.g)[KL],(d1.f1.c2.G-1)[KL],(b1.g)[KL],(d1.f1.a1.G-1)[KL],(g1.g)[KL],(e2.g2.G-1)[K],c[K],e[K],g[K],c1[L],(d2.f2)[L],e1[K],(c2.e2.g1)[KL],(g1.e2.g)[KL],(f1.a1.d2.g)[KL],(#d1.#f1.a1.c2.g)[KL],(e1.g1.c2.G-1)[KL],g[KL],G-1[KL],(e1.g1.c2.g)[KL],(d1.f1.c2.G-1)[KL],(b1.g)[KL],(d1.f1.a1.G-1)[KL],(g1.g)[KL],(e1.c2.c)[LM],c1[LM],g[LM],c1[LM],e[LM],c1[LM],(c.g)[LM],c1[LM],(c.f)[LM],d1[LM],(B-1.g)[LM],d1[LM],(A-1.f)[LM],d1[LM],(B-1.g)[LM],d1[LM],(c.e)[LM],c1[LM],g[LM],c1[LM],(G-1.e)[LM],c1[LM],(c2.g)[LM],c1[LM],(c2.f)[LM],d1[LM],(b1.g)[LM],d1[LM],(a1.f)[LM],d1[LM],(b1.g)[LM],d1[LM],(c2.e)[LM],c1[LM],g[LM],c1[LM],(g1.e)[LM],c1[LM],g[LM],(c.c1)[LM],(c.f)[LM],(B-1.d1)[LM],(e.g)[LM],(d.d1)[LM],(c.f)[LM],(B-1.d1)[LM],(A-1.g)[LM],(G-1.d1)[LM],(G-1.e)[M],c[L],c1[LM],g[LM],c1[LM],(G-1.e)[LM],c1[LM],g[LM],(c2.c1)[LM],(c2.f)[LM],(b1.d1)[LM],(e2.g)[LM],(d2.d1)[LM],(c2.f)[LM],(b1.d1)[LM],(a1.g)[LM],(g1.d1)[LM],(g1.e)[M],c2[L],c1[LM],g[LM],c1[LM],(g1.e)[LM],c1[LM],g[LM],(c.c1)[LM],(c.f)[LM],(B-1.d1)[LM],(e.g)[LM],(d.d1)[LM],(c.f)[LM],(B-1.d1)[LM],(A-1.g)[LM],(G-1.d1)[LM],(c.e)[LM],c1[LM],g[LM],c1[LM],(#c.e)[LM],#a[LM],g[LM],#a[LM],(d.f)[LM],a[LM],#g[LM],a[LM],(#d.#f)[LM],a[LM],b[LM],a[LM],(e.g)[LM],b[LM],a[LM],b[LM],(e.g)[LM],#a[LM],c1[LM],#a[LM],(f.a)[LM],c1[LM],b[LM],c1[LM],(#f.a)[LM],c1[LM],d1[LM],c1[LM],(g.e1.c1)[L],#g[L],a[L],#a[L],b[L],c1[L],#c1[L],d1[L],#d1[L],e1[L],f1[L],#f1[L],g1[L],#g1[L],a1[L],#a1[L],b1[L],c2[L],#c2[L],d2[L],#d2[L],e2[L],f2[L],#f2[L],g2[M],#g2[MN],a2[M],#a2[MN],b2[MN],c3[M],#c3[MN],d3[MN],#d3[MN],e3[KL],d3[KL],c3[KL],b2[KL],a2[KL],g2[KL],f2[KL],e2[KL],d2[KL],c2[KL],b1[KL],a1[KL],g1[KLN],#f1[KLMN],(g1.G-1.c.e)[KLMN],c2[KLMN],e2[KLMN],g2[KLMN],(G-1.d.f)[KLMN],f2[KLMN],d2[KLMN],b1[KLMN],(c2.c.e)[IJLN],g[LMN],(e1.c1)[JKN],(e1.c1)[JMN],g1[LMN],(g2.e1.c1)[KL],(d1.b)[KLN],(#c1.#a)[KLN],(d1.b)[KL],g[M],(d1.f1)[JK],(d1.f1)[JM],g1[LMN],(g2.d1.f1)[KL],(c1.e1)[KLN],(b.#d1)[KL],(c1.e1)[KLN],(#a1.g2.e.#c1)[JKN],(#a1.g2.e.#c1)[JKM],(a1.g2.#c1.f)[KLM],(f2.d1)[KLM],(e2.e1)[KLM],(d2.f1)[KLM],(g1.c2.g.e1)[JKLM],(d1.f1.g1.b1.G-1.g)[IKLN],(e1.g1.c2.c.C-1)[HHLMN],"],"id":3}],"audition":{"start":[0,0],"end":[1,0]}}