{"baseBpm":100,"musics":[{"id":1,"baseBeats":0.25,"scores":["(#A-3.#A-2.#A-1)[L],(#A-3.#A-2.#A-1)[KL],(#A-3.#A-2.#A-1)[L],(#A-3.#A-2.#A-1)[KL],6<(#A-3.#A-2.#A-1)[N],(#A-3.#A-2.#A-1)[N],(#A-3.#A-2.#A-1)[N],(#A-3.#A-2.#A-1)[N],(#A-3.#A-2.#A-1)[N],(#A-3.#A-2.#A-1)[N],(#A-3.#A-2.#A-1)[N],(#A-3.#A-2.#A-1)[N],(#A-3.#A-2.#A-1)[N],(#A-3.#A-2.#A-1)[N],(#A-3.#A-2.#A-1)[N],(#A-3.#A-2.#A-1)[N],(#A-3.#A-2.#A-1)[N],(#A-3.#A-2.#A-1)[N],(#A-3.#A-2.#A-1)[N],(#A-3.#A-2.#A-1)[N]>,(#A-3.#A-2.#A-1)[L],(#A-3.#A-2.#A-1)[KL],(#A-1.f.#a.d1.f1.#a1.d2.f2)[L],5<(#A-1.f.#a.d1.f1.#a1.d2.f2)[N],(#A-1.f.#a.d1.f1.#a1.d2.f2)[N]>,(#A-1.f.#a.d1.f1.#a1.d2.f2)[LM];"]},{"id":2,"baseBeats":0.25,"scores":["(B-1.#f.b.#d1.#f1.b1.#d2.#f2)[M],(#A-1.f.#a.d1.f1.#a1.d2.f2)[M],(B-1.#f.b.#d1.#f1.b1.#d2.#f2)[M],(#A-1.f.#a.d1.f1.#a1.d2.f2)[M],(B-1.#f.b.#d1.#f1.b1.#d2.#f2)[M],(#A-1.f.#a.d1.f1.#a1.d2.f2)[L],5<(#A-1.f.#a.d1.f1.#a1.d2.f2)[N],(#A-1.f.#a.d1.f1.#a1.d2.f2)[N]>,(#A-1.f.#a.d1.f1.#a1.d2.f2)[M],(#A-1.f.#a.d1.f1.#a1.d2.f2)[M],(#A-1.f.#a.d1.f1.#a1.d2.f2)[M],(#A-1.f.#a.d1.f1.#a1.d2.f2)[M],(#A-1.f.#a.d1.f1.#a1.d2.f2)[M],(#A-1.f.#a.d1.f1.#a1.d2.f2)[M],(#A-1.f.#a.d1.f1.#a1.d2.f2)[M],(F-1.d.f.#a.d1.#a1.d2)[M],(A-1.#a.c1.#d1.#a1.#d2)[M],(#A-1.f.#a.d1.f1.#a1.d2.f2)[M],VW,5<(#A-1.f.#a.d1.f1.#a1.d2.f2)[N],(#A-1.f.#a.d1.f1.#a1.d2.f2)[N]>,(#A-1.f.#a.d1.f1.#a1.d2.f2)[KM],(#A-1.#a.#a1)[M],(d.d1.d2)[M],(f.f1.f2)[M],(g.g1.g2)[LM],(c.g.c1.#d1.g1.c2.#d2)[L],5<(c.g.c1.#d1.g1.c2.#d2)[N],(c.g.c1.#d1.g1.c2.#d2)[N]>,(c.g.c1.#d1.g1.c2.#d2)[LM],(c.c1.c2)[M],(#d.#d1.#d2)[M],(g.g1.g2)[M],(#a.#a1.#a2)[LM],(F-1.#d.g.#a.#d1.g1.#a1.#d2)[L],5<(F-1.#d.g.#a.#d1.g1.#a1.#d2)[N],(F-1.#d.g.#a.#d1.g1.#a1.#d2)[N]>,(F-1.f.a.c1.#d1.f1.a1.#d2)[LM];"]},{"id":3,"baseBeats":0.25,"scores":["(c.c1.c2)[M],(#d.#d1.#d2)[M],(#f.#f1.#f2)[M],(#a.#a1.#a2)[LM],(F-1.f.#a.d1.f1.#a1.d2.f2)[M],(F-1.d.f.#a.d1.f1.#a1.d2)[M],(F-1.#d.a.c1.#d1.a1.c2.#d2)[M],(#A-2.#A-1.f.#a.d1.f1.#a1.d2.f2)[JL];"]}],"audition":{"start":[1,0],"end":[2,11]}}