{"baseBpm":91,"musics":[{"id":1,"baseBeats":0.25,"scores":["b1[M],a1[M],#g1[M],a1[M],c2[L],U,d2[M],c2[M],b1[M],c2[M],e2[L],U;f2[M],e2[M],#d2[M],e2[M],b2[M],a2[M],#g2[M],a2[M],b2[M],a2[M],#g2[M],a2[M],c3[K];a2[L],c3[L],(g2%a2%b2)[L],(#f2.a2)[L],(e2.g2)[L],(#f2.a2)[L],(g2%a2%b2)[L],(#f2.a2)[L];(e2.g2)[L],(#f2.a2)[L],(g2%a2%b2)[L],(#f2.a2)[L],(e2.g2)[L],(#d2.#f2)[L],e2[K];(c2.e2)[L],(d2.f2)[L],(e2.g2)[L],(e2.g2)[L],a2[M],g2[M],f2[M],e2[M],(b1.d2)[L],g1[L];(c2.e2)[L],(d2.f2)[L],(e2.g2)[L],(e2.g2)[L],a2[M],g2[M],f2[M],e2[M],(b1.d2)[K];(a1.c2)[L],(b1.d2)[L],(c2.e2)[L],(c2.e2)[L],f2[M],e2[M],d2[M],c2[M],(#g1.b1)[L],e1[L];(a1.c2)[L],(b1.d2)[L],(c2.e2)[L],(c2.e2)[L],f2[M],e2[M],d2[M],c2[M],(#g1.b1)[K];b1[M],a1[M],#g1[M],a1[M],c2[L],U,d2[M],c2[M],b1[M],c2[M],e2[L],U;f2[M],e2[M],#d2[M],e2[M],b2[M],a2[M],#g2[M],a2[M],b2[M],a2[M],#g2[M],a2[M],c3[K];a2[L],b2[L],c3[L],b2[L],a2[L],#g2[L],a2[L],e2[L];f2[L],d2[L],c2[K],b1[LM],5<a1[N],b1[N]>,a1[K];(a1.a2)[L],(b1.b2)[L],(#c2.#c3)[K],(a1.a2)[L],(b1.b2)[L],(#c2.#c3)[L],(b1.b2)[L];(a1.a2)[L],(#g1.#g2)[L],(#f1.#f2)[L],(#g1.#g2)[L],(a1.a2)[L],(b1.b2)[L],(#g1.#g2)[L],(e1.e2)[L];(a1.a2)[L],(b1.b2)[L],(#c2.#c3)[K],(a1.a2)[L],(b1.b2)[L],(#c2.#c3)[L],(b1.b2)[L];(a1.a2)[L],(#g1.#g2)[L],(#f1.#f2)[L],(b1.b2)[L],(#g1.#g2)[L],(e1.e2)[L],","T,a[L],(c1.e1)[L],(c1.e1)[L],(c1.e1)[L],a[L],(c1.e1)[L];(c1.e1)[L],(c1.e1)[L],a[L],(c1.e1)[L],a[L],(c1.e1)[L],a[L],(c1.e1)[L];(c1.e1)[L],(c1.e1)[L],e[L],(b.e1)[L],(b.e1)[L],(b.e1)[L],e[L],(b.e1)[L];(b.e1)[L],(b.e1)[L],e[L],(b.e1)[L],B-1[L],b[L],e[K];T,c[L],c1[L],e[L],e1[L],g[K];T,c[L],c1[L],e[L],e1[L],g[K];T,A-1[L],a[L],c[L],c1[L],e[K];T,A-1[L],a[L],c[L],c1[L],e[K];T,a[L],(c1.e1)[L],(c1.e1)[L],(c1.e1)[L],a[L],(c1.e1)[L];(c1.e1)[L],(c1.e1)[L],a[L],(c1.e1)[L],a[L],(c1.e1)[L],f[L],(a.#d1)[L];(a.#d1)[L],(a.#d1)[L],e[L],(a.e1)[L],d[L],(f.b)[L],c[L],(e.a)[L];d[L],(f.b)[L],(e.a)[L],(e.a)[L],(e.#g)[L],(e.#g)[L],(A-1.a)[K];T,(A-1%#c%e%a)[L],a[L],a[L],a[L],(A-1%#c%e%a)[L],a[L];a[L],a[L],(D-1%#F-1%A-1%d)[L],d[L],(#D-1%#F-1%A-1%#d)[L],#d[L],(E-1%#G-1%B-1%e)[L],e[L];e[L],e[L],(A-1%#c%e%a)[L],a[L],a[L],a[L],(A-1%#c%e%a)[L],a[L];a[L],a[L],(D-1%#F-1%A-1%d)[L],d[L],(E-1%#G-1%B-1%e)[L],e[L],"],"instruments":["piano","piano"],"alternatives":["",""]},{"id":2,"baseBeats":0.25,"scores":["(a1.a2)[K],3<#c3[M],d3[M],#c3[M],b2[M],a2[M],b2[M],a2[M],#g2[M],#f2[M],a2[M],#g2[M],#f2[M];f2[M],#f2[M],#g2[M],f2[M],#c2[M],#d2[M],f2[M],#c2[M],#f2[M],f2[M],#f2[M],#g2[M],a2[M],#g2[M],a2[M],b2[M];#c3[M],c3[M],#c3[M],c3[M],#c3[M],d3[M],#c3[M],b2[M],a2[M],b2[M],a2[M],#g2[M],#f2[M],a2[M],#g2[M],#f2[M];e2[M],#f2[M],#g2[M],e2[M],#c2[M],#d2[M],e2[M],#c2[M],#d2[M],e2[M],#f2[M],#d2[M],c2[M],#c2[M],#d2[M],c2[M]>;#c2[K],3<e2[M],d2[M],#c2[M],b1[M],a1[M],b1[M],#c2[M],d2[M],e2[M],#f2[M],#g2[M],a2[M];a2[M],#g2[M],#f2[M],e2[M],e2[M],d2[M],#c2[M],b1[M],a1[M],b1[M],#c2[M],d2[M],e2[M],#f2[M],#g2[M],a2[M]>;#a2[L],b2[L],3<e2[M],d2[M],#c2[M],b1[M],a1[M],b1[M],#c2[M],d2[M],e2[M],#f2[M],#g2[M],a2[M];a2[M],#g2[M],#f2[M],e2[M],e2[M],d2[M],#c2[M],b1[M],#c2[M],e2[M],a1[M],#c2[M],b1[M],d2[M],#g1[M],b1[M]>;a1[K],3<#c3[M],d3[M],#c3[M],b2[M],a2[M],b2[M],a2[M],#g2[M],#f2[M],a2[M],#g2[M],#f2[M];f2[M],#f2[M],#g2[M],f2[M],#c2[M],#d2[M],f2[M],#c2[M],#f2[M],f2[M],#f2[M],#g2[M],a2[M],#g2[M],a2[M],b2[M];#c3[M],c3[M],#c3[M],c3[M],#c3[M],c3[M],#c3[M],#a2[M],d3[M],#c3[M],d3[M],#c3[M],d3[M],#c3[M],d3[M],#c3[M];d3[M],#c3[M],b2[M],a2[M],#g2[M],a2[M],b2[M],#g2[M],a2[M],b2[M],#c3[M],#f2[M],f2[M],#f2[M],#g2[M],f2[M]>;#f2[K],(a1.a2)[L],(b1.b2)[L],(#c2.#c3)[K],(a1.a2)[L],(b1.b2)[L];(#c2.#c3)[L],(b1.b2)[L],(a1.a2)[L],(#g1.#g2)[L],(#f1.#f2)[L],(#g1.#g2)[L],(a1.a2)[L],(b1.b2)[L];(#g1.#g2)[L],(e1.e2)[L],(a1.a2)[L],(b1.b2)[L],(#c2.#c3)[K],(a1.a2)[L],(b1.b2)[L];(#c2.#c3)[L],(b1.b2)[L],(a1.a2)[L],(#g1.#g2)[L],(#f1.#f2)[L],(b1.b2)[L],(#g1.#g2)[L],(e1.e2)[L];","A-1[K],T,#f[L],(a.#c1)[L],(a.#c1)[L],(a.#c1)[L];#g[L],(b.#c1)[L],(b.#c1)[L],(b.#c1)[L],#f[L],(a.#c1)[L],(a.#c1)[L],(a.#c1)[L];f[L],(#g.#c1)[L],(#g.#c1)[L],(#g.#c1)[L],#f[L],(a.#c1)[L],(a.#c1)[L],(a.#c1)[L];#g[L],(#c1.e1)[L],(#c1.e1)[L],(#c1.e1)[L],#g[L],(#d1.#f1)[L],(#d1.#f1)[L],(#d1.#f1)[L];(#c1.e1)[K],T,a[L],(#c1.e1)[L],(#c1.e1)[L],(#c1.e1)[L];b[L],(d1.e1)[L],#g[L],(d1.e1)[L],a[L],(#c1.e1)[L],(#c1.e1)[L],(#c1.e1)[L];e[L],(#g.d1)[L],(#g.d1)[L],(#g.d1)[L],a[L],(#c1.e1)[L],(#c1.e1)[L],(#c1.e1)[L];b[L],(d1.e1)[L],#g[L],(d1.e1)[L],a[L],#f[L],d[L],e[L];A-1[L],a[L],T,#f[L],(a.#c1)[L],(a.#c1)[L],(a.#c1)[L];#g[L],(b.#c1)[L],(b.#c1)[L],(b.#c1)[L],#f[L],(a.#c1)[L],(a.#c1)[L],(a.#c1)[L];#c[L],(#g.#c1)[L],(g.#c1)[L],(#f.#c1)[L],B-1[L],(#f.b)[L],(#f.b)[L],(#f.b)[L];B-1[L],(#g.b)[L],(#g.b)[L],(#g.b)[L],#c[L],(#f.a)[L],#c[L],(#g.b)[L];(#f.a)[K],T,(A-1%#c%e%a)[L],a[L],a[L],a[L];(A-1%#c%e%a)[L],a[L],a[L],a[L],(D-1%#F-1%A-1%d)[L],d[L],(#D-1%#F-1%A-1%#d)[L],#d[L];(E-1%#G-1%B-1%e)[L],e[L],e[L],e[L],(A-1%#c%e%a)[L],a[L],a[L],a[L];(A-1%#c%e%a)[L],a[L],a[L],a[L],(D-1%#F-1%A-1%d)[L],d[L],(E-1%#G-1%B-1%e)[L],e[L];"],"instruments":["piano","piano"],"alternatives":["",""]},{"id":3,"baseBeats":0.25,"scores":["(a1.a2)[K],b1[M],a1[M],#g1[M],a1[M],c2[L],U,d2[M],c2[M],b1[M],c2[M];e2[L],U,f2[M],e2[M],#d2[M],e2[M],b2[M],a2[M],#g2[M],a2[M],b2[M],a2[M],#g2[M],a2[M];c3[K],a2[L],c3[L],(g2%a2%b2)[L],(#f2.a2)[L],(e2.g2)[L],(#f2.a2)[L];(g2%a2%b2)[L],(#f2.a2)[L],(e2.g2)[L],(#f2.a2)[L],(g2%a2%b2)[L],(#f2.a2)[L],(e2.g2)[L],(#d2.#f2)[L];e2[K],(c2.e2)[L],(d2.f2)[L],(e2.g2)[L],(e2.g2)[L],a2[M],g2[M],f2[M],e2[M];(b1.d2)[L],g1[L],(c2.e2)[L],(d2.f2)[L],(e2.g2)[L],(e2.g2)[L],a2[M],g2[M],f2[M],e2[M];(b1.d2)[K],(a1.c2)[L],(b1.d2)[L],(c2.e2)[L],(c2.e2)[L],f2[M],e2[M],d2[M],c2[M];(#g1.b1)[L],e1[L],(a1.c2)[L],(b1.d2)[L],(c2.e2)[L],(c2.e2)[L],f2[M],e2[M],d2[M],c2[M];(#g1.b1)[K],b1[M],a1[M],#g1[M],a1[M],c2[L],U,d2[M],c2[M],b1[M],c2[M];e2[L],U,f2[M],e2[M],#d2[M],e2[M],b2[M],a2[M],#g2[M],a2[M],b2[M],a2[M],#g2[M],a2[M];c3[K],a2[L],b2[L],c3[L],b2[L],a2[L],#g2[L];a2[L],e2[L],f2[L],d2[L],c2[K],b1[LM],5<a1[N],b1[N]>;a1[K],3<a1[M],a2[M],b1[M],b2[M],#c2[M],#c3[M],U,a1[M],a2[M],b1[M],b2[M];#c2[M],#c3[M],b1[M],b2[M],a1[M],a2[M],#g1[M],#g2[M],#f1[M],#f2[M],#g1[M],#g2[M],a1[M],a2[M],b1[M],b2[M];#g1[M],#g2[M],e1[M],e2[M],a1[M],a2[M],b1[M],b2[M],#c2[M],#c3[M]>,U,3<a1[M],a2[M],b1[M],b2[M];#c2[M],#c3[M],b1[M],b2[M],a1[M],a2[M],#g1[M],#g2[M],#f1[M],#f2[M],b1[M],b2[M],#g1[M],#g2[M],e1[M],e2[M]>;(a1.a2)[K],(#c2.#c3)[LM],#c3[M],(#c2@e2@a2@#c3)[J];(#c2@e2@a2@#c3)[J],d3[M],#c3[M],b2[M],#c3[M],d3[M],#c3[M],b2[M],#c3[M];(#f2.a2.d3)[J],(e2.a2.#c3)[L],(e2.a2.#c3)[L],(e2.a2.#c3)[L],(e2.a2.#c3)[L];(e2.#g2.b2)[KL],e3[L],(#c2@e2@a2@#c3)[J];(#c2@e2@a2@#c3)[J],d3[M],#c3[M],b2[M],#c3[M],d3[M],#c3[M],b2[M],#c3[M];(#f2.a2.d3)[J],(e2.a2.#c3)[J];(e2.#g2.b2)[L],(e2.#g2.b2)[L],(e2.#g2.b2)[L],(e2.#g2.b2)[L],a2[K],(e2%a2%#c3)[LM],#c3[M];(e2%a2%#c3)[J],(e2%a2%#c3)[J];d3[M],#c3[M],b2[M],#c3[M],d3[M],#c3[M],b2[M],#c3[M],d3[J];#c3[L],#c3[L],#c3[L],#c3[L],b2[KL],e3[L];(#c2@e2@a2@#c3)[J],(#c2@e2@a2@#c3)[J];d3[M],#c3[M],b2[M],#c3[M],d3[M],#c3[M],b2[M],#c3[M],(#f2.a2.d3)[J];(e2.a2.#c3)[J],(e2.#g2.b2)[L],(e2.#g2.b2)[L],(e2.#g2.b2)[L],(e2.#g2.b2)[L];(a1.#c2.e2.a2)[KL],(#c2.#c3)[L],(a1.a2)[KL],(e2.e3)[L];(a1.a2)[KL],(#c2.#c3)[L],(a1.a2)[L],(#c2.#c3)[L],(a1.a2)[L],(e2.e3)[L];(a1.a2)[K],(a1.#c2.e2.a2)[K],(a1.#c2.e2.a2)[K],","A-1[K],T,a[L],(c1.e1)[L],(c1.e1)[L],(c1.e1)[L];a[L],(c1.e1)[L],(c1.e1)[L],(c1.e1)[L],a[L],(c1.e1)[L],a[L],(c1.e1)[L];a[L],(c1.e1)[L],(c1.e1)[L],(c1.e1)[L],e[L],(b.e1)[L],(b.e1)[L],(b.e1)[L];e[L],(b.e1)[L],(b.e1)[L],(b.e1)[L],e[L],(b.e1)[L],B-1[L],b[L];e[K],T,c[L],c1[L],e[L],e1[L];g[K],T,c[L],c1[L],e[L],e1[L];g[K],T,A-1[L],a[L],c[L],c1[L];e[K],T,A-1[L],a[L],c[L],c1[L];e[K],T,a[L],(c1.e1)[L],(c1.e1)[L],(c1.e1)[L];a[L],(c1.e1)[L],(c1.e1)[L],(c1.e1)[L],a[L],(c1.e1)[L],a[L],(c1.e1)[L];f[L],(a.#d1)[L],(a.#d1)[L],(a.#d1)[L],e[L],(a.e1)[L],d[L],(f.b)[L];c[L],(e.a)[L],d[L],(f.b)[L],(e.a)[L],(e.a)[L],(e.#g)[L],(e.#g)[L];(A-1.a)[K],T,(A-1%#c%e%a)[L],a[L],a[L],a[L];(A-1%#c%e%a)[L],a[L],a[L],a[L],(D-1%#F-1%A-1%d)[L],d[L],(#D-1%#F-1%A-1%#d)[L],#d[L];(E-1%#G-1%B-1%e)[L],e[L],e[L],e[L],(A-1%#c%e%a)[L],a[L],a[L],a[L];(A-1%#c%e%a)[L],a[L],a[L],a[L],(D-1%#F-1%A-1%d)[L],d[L],(E-1%#G-1%B-1%e)[L],e[L];(A-1%#c%e%a)[L],a[L],a[L],a[L],(A-1%#c%e%a)[L],a[L],a[L],a[L];(A-1%#c%e%a)[L],a[L],a[L],a[L],(A-1%#c%e%a)[L],a[L],a[L],a[L];(D-1%#F-1%A-1%d)[L],d[L],d[L],d[L],(A-1%#c%e%a)[L],a[L],a[L],a[L];(E-1%#G-1%B-1%e)[L],e[L],e[L],e[L],(A-1%#c%e%a)[L],a[L],a[L],a[L];(A-1%#c%e%a)[L],a[L],a[L],a[L],(A-1%#c%e%a)[L],a[L],a[L],a[L];(D-1%#F-1%A-1%d)[L],d[L],d[L],d[L],(A-1%#c%e%a)[L],a[L],a[L],a[L];(E-1%#G-1%B-1%e)[L],e[L],e[L],e[L],a[M],e1[M],#c1[M],e1[M],a[M],e1[M],#c1[M],e1[M];a[M],e1[M],#c1[M],e1[M],a[M],e1[M],#c1[M],e1[M],a[M],e1[M],#c1[M],e1[M],a[M],e1[M],#c1[M],e1[M];a[M],e1[M],#c1[M],e1[M],a[M],e1[M],#c1[M],e1[M],a[M],#f1[M],d1[M],#f[M],a[M],#f1[M],d1[M],#f[M];a[M],e1[M],#c1[M],e1[M],a[M],e1[M],#c1[M],e1[M],e[M],e1[M],#g[M],e1[M],e[M],e1[M],#g[M],e1[M];(A-1%#c%e%a)[L],a[L],a[L],a[L],(A-1%#c%e%a)[L],a[L],a[L],a[L];(A-1%#c%e%a)[L],a[L],a[L],a[L],(D-1%#F-1%A-1%d)[L],d[L],d[L],d[L];(A-1%#c%e%a)[L],a[L],a[L],a[L],(E-1%#G-1%B-1%e)[L],e[L],e[L],e[L];(A-1%#c%e%a)[L],a[L],a[L],a[L],(A-1%#c%e%a)[L],a[L],a[L],a[L];(A-1%#c%e%a)[L],a[L],a[L],a[L],(A-1%#c%e%a)[L],a[L],(A-1%#c%e%a)[L],a[L];A-1[K],(A-1.#c.e.a)[K],(A-1.#c.e.a)[K],"],"instruments":["piano","piano"],"alternatives":["",""]}],"audition":{"start":[0,0],"end":[0,39]}}