{"baseBpm":110,"musics":[{"id":1,"baseBeats":0.25,"scores":["(g~a)[M],(b~d1)[M],(g1~d1)[M],(b~g)[M],(g~a)[M],(b~d1)[M],(g1~d1)[M],(b~g)[M];(g~a)[M],(b~d1)[M],(g1~d1)[M],(b~g)[M],(g~a)[M],(b~d1)[M],(g1~d1)[M],(b~g)[M];(g~a)[M],(b~d1)[M],(g1~d1)[M],(b~g)[M],(g~a)[M],(b~d1)[M],(g1~d1)[M],(b~g)[M];(g~a)[M],(b~d1)[M],(g1~d1)[M],(b~g)[M],(g~b)[M],5<d1[N],#f1[N]>,5<g1[N],a1[N]>,5<#f1[N],g1[N]>;(g~a)[M],(b~d1)[M],(g1~d1)[M],(b~g)[M],(g~a)[M],(b~d1)[M],(g1~d1)[M],(b~g)[M];(g~a)[M],(b~d1)[M],(g1~d1)[M],(b~g)[M],(g~a)[M],(b~d1)[M],(g1~d1)[M],(b~g)[M];(g~a)[M],(b~d1)[M],(g1~d1)[M],(b~g)[M],(g~a)[M],(b~d1)[M],(g1~d1)[M],(b~g)[M];(g~a)[M],(b~d1)[M],(g1~d1)[M],(b~g)[M],5<(g.g1)[N],(b.b1)[N]>,5<(d1.d2)[N],(#f1.#f2)[N]>,5<(g1.g2)[N],(a1.a2)[N]>,5<(#f1.#f2)[N],(g1.g2)[N]>;(g~a)[M],(b~d1)[M],(g1~d1)[M],(b~g)[M],(g~a)[M],(b~d1)[M],(g1~d1)[M],(b~g)[M];(g~a)[M],(b~d1)[M],(g1~d1)[M],(b~g)[M],(g~a)[M],(b~d1)[M],(g1~d1)[M],(b~g)[M];(g~a)[M],(b~d1)[M],(g1~d1)[M],(b~g)[M],(g~a)[M],(b~d1)[M],(g1~d1)[M],(b~g)[M];(g~a)[M],(b~d1)[M],(g1~d1)[M],(b~g)[M],(g~b)[M],5<d1[N],#f1[N]>,5<g1[N],a1[N]>,5<#f1[N],g1[N]>;(g~a)[M],(b~d1)[M],(g1~d1)[M],(b~g)[M],(g~a)[M],(b~d1)[M],(g1~d1)[M],(b~g)[M];(g~a)[M],(b~d1)[M],(g1~d1)[M],(b~g)[M],(g~a)[M],(b~d1)[M],(g1~d1)[M],(b~g)[M];(g~a)[M],(b~d1)[M],(g1~d1)[M],(b~g)[M],(g~a)[M],(b~d1)[M],(g1~d1)[M],(b~g)[M];(g~a)[M],(b~d1)[M],(g1~d1)[M],(b~g)[M],5<(g.g1)[N],(b.b1)[N]>,5<(d1.d2)[N],(#f1.#f2)[N]>,5<(g1.g2)[N],(a1.a2)[N]>,5<(#f1.#f2)[N],(g1.g2)[N]>;(g~a)[M],(b~d1)[M],(g1~d1)[M],(b~g)[M],(g~a)[M],(b~d1)[M],(g1~d1)[M],(b~g)[M];(g~a)[M],(b~d1)[M],(g1~d1)[M],(b~g)[M],(g~a)[M],(b~d1)[M],(g1~d1)[M],(b~g)[M];(g~a)[M],(b~d1)[M],(g1~d1)[M],(b~g)[M],(g~a)[M],(b~d1)[M],(g1~d1)[M],(b~g)[M];(g~a)[M],(b~d1)[M],(g1~d1)[M],(b~g)[M],(g~b)[M],5<d1[N],#f1[N]>,5<g1[N],a1[N]>,5<#f1[N],g1[N]>;(g~a)[M],(b~d1)[M],(g1~d1)[M],(b~g)[M],(g~a)[M],(b~d1)[M],(g1~d1)[M],(b~g)[M];(g~a)[M],(b~d1)[M],(g1~d1)[M],(b~g)[M],(g~a)[M],(b~d1)[M],(g1~d1)[M],(b~g)[M];(D-1.d.d1)[L],(D-1.#f.#f1)[L],(D-1.a.a1)[L],(D-1.c1.c2)[L];(D-1.d1.d2)[L],(D-1.#f1.#f2)[L],(D-1.a1.a2)[L],(D-1.c2.c3)[L];5<d3[N],b2[N]>,5<g2[N],d3[N]>,5<b2[N],g2[N]>,5<d3[N],b2[N]>,5<g2[N],c3[N]>,(g2~g2)[M],5<c3[N],g2[N]>,5<c3[N],g2[N]>,5<b2[N],g2[N]>,5<d2[N],b2[N]>,5<g2[N],d2[N]>,5<b2[N],g2[N]>,5<d2[N],#f2[N]>,(d2~d2)[M],5<#f2[N],d2[N]>,5<#f2[N],d2[N]>;5<a2[N],e2[N]>,5<b1[N],a2[N]>,5<e2[N],b1[N]>,5<a2[N],e2[N]>,5<b1[N],g2[N]>,(b1~b1)[M],5<g2[N],b1[N]>,5<g2[N],b1[N]>;5<#f2[N],e2[N]>,5<b1[N],#f2[N]>,5<e2[N],b1[N]>,5<g2[N],e2[N]>,(a2%d2)[M],(b2%d2)[M],(c3%d2)[M],(d3%d2)[M];5<e3[N],c3[N]>,5<g2[N],e3[N]>,5<c3[N],g2[N]>,5<e3[N],c3[N]>,5<#f3[N],c3[N]>,#f3[M],5<g3[N],c3[N]>,g3[M];5<a3[N],c3[N]>,a3[M],5<g3[N],c3[N]>,g3[M],5<#f3[N],c3[N]>,#f3[M],5<e3[N],c3[N]>,e3[M];5<e3[N],b2[N]>,e3[M],5<d3[N],b2[N]>,d3[M],5<#c3[N],b2[N]>,#c3[M],5<e3[N],b2[N]>,e3[M];5<d3[N],b2[N]>,5<g2[N],d3[N]>,5<b2[N],g2[N]>,5<d3[N],b2[N]>,5<g2[N],b2[N]>,(g2~g2)[M],5<b2[N],g2[N]>,5<b2[N],g2[N]>;5<c3[N],g2[N]>,c3[M],5<d3[N],g2[N]>,d3[M],5<e3[N],g2[N]>,e3[M],5<g3[N],g2[N]>,g3[M];5<#f3[N],g3[N]>,#f3[M],e3[L],5<d3[N],g2[N]>,d3[M],5<b2[N],g2[N]>,c3[M];5<b2[N],#d2[N]>,b2[M],5<#d3[N],#d2[N]>,#d3[M],5<#f3[N],#d2[N]>,#f3[M],5<b2[N],#d2[N]>,b2[M];5<a3[N],e3[N]>,a3[M],5<g3[N],e3[N]>,g3[M],5<#f3[N],e3[N]>,#f3[M],5<g3[N],e3[N]>,g3[M];5<b3[N],g3[N]>,5<e3[N],b3[N]>,5<g3[N],e3[N]>,5<b3[N],g3[N]>,5<e3[N],g3[N]>,(e3~e3)[M],5<g3[N],e3[N]>,5<g3[N],a3[N]>;5<b3[N],g3[N]>,5<b3[N],g3[N]>,5<e3[N],#c3[N]>,5<e3[N],#c3[N]>,5<b3[N],g3[N]>,5<e3[N],c4[N]>,5<g3[N],e3[N]>,5<g3[N],e3[N]>;5<b3[N],g3[N]>,5<d3[N],b3[N]>,5<g3[N],d3[N]>,5<b3[N],g3[N]>,5<d3[N],a3[N]>,5<#f3[N],d3[N]>,5<b3[N],#f3[N]>,5<a3[N],#f3[N]>;5<d4[N],g3[N]>,d4[M],5<c4[N],g3[N]>,c4[M],5<b3[N],g3[N]>,b3[M],5<a3[N],g3[N]>,a3[M];(d1.d2)[L],(#f1.#f2)[L],(a1.a2)[L],(c2.c3)[L];(d2.d3)[L],(#f2.#f3)[L],(a2.a3)[L],(c3.c4)[L];(G-1.b1.d2)[M],g[M],(G-1.b1.d2)[M],g[M],(G-1.c2.e2)[M],g[M],(G-1.b1.d2)[M],g[M];(D-1.a1.c2)[M],d[M],(D-1.g1.b1)[M],d[M],(#D-1.#f1.a1)[M],#d[M],(#D-1.d1.#f1)[M],#d[M];(E-1.g1.b1)[M],e[M],(E-1.b1.e2)[M],e[M],(E-1.e2.g2)[M],e[M],(E-1.e2.g2)[M],e[M];(B-1.#f2.a2)[M],b[M],(B-1.e2.g2)[M],b[M],(B-1.d2.#f2)[M],b[M],(B-1.b1.d2)[M],b[M];(c.c2.e2)[M],c1[M],(c.d2.#f2)[M],c1[M],(c.e2.g2)[M],c1[M],(c.c2.e2)[M],c1[M];(G-1.b1.d2)[M],g[M],(G-1.#f2.a2)[M],g[M],(G-1.e2.g2)[M],g[M],(G-1.b1.d2)[M],g[M];(c.a1.c2)[M],c1[M],(c.b1.d2)[M],c1[M],(#c.c2.e2)[M],#c1[M],(#c.e2.g2)[M],#c1[M];(d.g2.b2)[M],d1[M],(d.#f2.a2)[M],d1[M],(d.e2.g2)[M],d1[M],(d.#f2.a2)[M],d1[M];(G-1.b1.d2)[M],g[M],(G-1.b1.d2)[M],g[M],(G-1.c2.e2)[M],g[M],(G-1.b1.d2)[M],g[M];(D-1.a1.c2)[M],d[M],(D-1.g1.b1)[M],d[M],(#D-1.#f1.a1)[M],#d[M],(#D-1.d1.#f1)[M],#d[M];(E-1.g1.b1)[M],e[M],(E-1.b1.e2)[M],e[M],(E-1.e2.g2)[M],e[M],(E-1.e2.g2)[M],e[M];(B-1.#f2.a2)[M],b[M],(B-1.e2.g2)[M],b[M],(B-1.d2.#f2)[M],b[M],(B-1.b1.d2)[M],b[M];(c.c2.e2)[M],c1[M],(c.d2.#f2)[M],c1[M],(c.e2.g2)[M],c1[M],(c.c2.e2)[M],c1[M];(G-1.b1.d2)[M],g[M],(G-1.#f2.a2)[M],g[M],(G-1.e2.g2)[M],g[M],(G-1.b1.d2)[M],g[M];(c.c1.c2)[M],(c1.d1.d2)[M],(c.e1.e2)[M],(c1.#f1.#f2)[M],(#c.g1.g2)[M],(c1.#c1.c2)[M],(#c.e1.e2)[M],(#c1.g1.g2)[M];(d.a1.a2)[M],(d1.d2)[M],(d.#f1.#f2)[M],(d1.a1.a2)[M],(d.d2.d3)[M],(d1.c2.c3)[M],(d.b1.b2)[M],(d1.a1.a2)[M];5<d3[N],b2[N]>,5<g2[N],d3[N]>,5<b2[N],g2[N]>,5<d3[N],b2[N]>,5<g2[N],c3[N]>,(g2~g2)[M],5<c3[N],g2[N]>,5<c3[N],g2[N]>,5<b2[N],g2[N]>,5<d2[N],b2[N]>,5<g2[N],d2[N]>,5<b2[N],g2[N]>,5<d2[N],#f2[N]>,(d2~d2)[M],5<#f2[N],d2[N]>,5<#f2[N],d2[N]>;5<a2[N],e2[N]>,5<b1[N],a2[N]>,5<e2[N],b1[N]>,5<a2[N],e2[N]>,5<b1[N],g2[N]>,(b1~b1)[M],5<g2[N],b1[N]>,5<g2[N],b1[N]>;5<#f2[N],e2[N]>,5<b1[N],#f2[N]>,5<e2[N],b1[N]>,5<g2[N],e2[N]>,(a2%d2)[M],(b2%d2)[M],(c3%d2)[M],(d3%d2)[M];5<e3[N],c3[N]>,5<g2[N],e3[N]>,5<c3[N],g2[N]>,5<e3[N],c3[N]>,5<#f3[N],c3[N]>,#f3[M],5<g3[N],c3[N]>,g3[M];5<a3[N],c3[N]>,a3[M],5<g3[N],c3[N]>,g3[M],5<#f3[N],c3[N]>,#f3[M],5<e3[N],c3[N]>,e3[M];5<e3[N],b2[N]>,e3[M],5<d3[N],b2[N]>,d3[M],5<#c3[N],b2[N]>,#c3[M],5<e3[N],b2[N]>,e3[M];5<d3[N],b2[N]>,5<g2[N],d3[N]>,5<b2[N],g2[N]>,5<d3[N],b2[N]>,5<g2[N],b2[N]>,(g2~g2)[M],5<b2[N],g2[N]>,5<b2[N],g2[N]>;5<c3[N],g2[N]>,c3[M],5<d3[N],g2[N]>,d3[M],5<e3[N],g2[N]>,e3[M],5<g3[N],g2[N]>,g3[M];5<#f3[N],g3[N]>,#f3[M],e3[L],5<d3[N],g2[N]>,d3[M],5<b2[N],g2[N]>,c3[M];5<b2[N],#d2[N]>,b2[M],5<#d3[N],#d2[N]>,#d3[M],5<#f3[N],#d2[N]>,#f3[M],5<b2[N],#d2[N]>,b2[M];5<a3[N],e3[N]>,a3[M],5<g3[N],e3[N]>,g3[M],5<#f3[N],e3[N]>,#f3[M],5<g3[N],e3[N]>,g3[M];5<b3[N],g3[N]>,5<e3[N],b3[N]>,5<g3[N],e3[N]>,5<b3[N],g3[N]>,5<e3[N],g3[N]>,(e3~e3)[M],5<g3[N],e3[N]>,5<g3[N],a3[N]>;5<b3[N],g3[N]>,5<b3[N],g3[N]>,5<e3[N],#c3[N]>,5<e3[N],#c3[N]>,5<b3[N],g3[N]>,5<e3[N],c4[N]>,5<g3[N],e3[N]>,5<g3[N],e3[N]>;5<b3[N],g3[N]>,5<d3[N],b3[N]>,5<g3[N],d3[N]>,5<b3[N],g3[N]>,5<d3[N],a3[N]>,5<#f3[N],d3[N]>,5<b3[N],#f3[N]>,a3[M];5<d4[N],g3[N]>,d4[M],5<c4[N],g3[N]>,c4[M],5<b3[N],g3[N]>,b3[M],5<a3[N],g3[N]>,a3[M];","G-1[M],(d.g)[M],G-1[M],(d.g)[M],G-1[M],(d.g)[M],G-1[M],(d.g)[M];G-1[M],(d.g)[M],G-1[M],(d.g)[M],G-1[M],(d.g)[M],G-1[M],(d.g)[M];G-1[M],(d.g)[M],G-1[M],(d.g)[M],G-1[M],(d.g)[M],G-1[M],(d.g)[M];G-1[M],(d.g)[M],G-1[M],(d.g)[M],G-1[M],(d.g)[M],G-1[M],(d.g)[M];G-1[M],(d.g)[M],G-1[M],(d.g)[M],G-1[M],(d.g)[M],G-1[M],(d.g)[M];G-1[M],(d.g)[M],G-1[M],(d.g)[M],G-1[M],(d.g)[M],G-1[M],(d.g)[M];G-1[M],(d.g)[M],G-1[M],(d.g)[M],G-1[M],(d.g)[M],G-1[M],(d.g)[M];G-1[M],(d.g)[M],G-1[M],(d.g)[M],G-1[M],(d.g)[M],G-1[M],(d.g)[M];G-1[M],(d.g)[M],G-1[M],(d.g)[M],G-1[M],(d.g)[M],G-1[M],(d.g)[M];G-1[M],(d.g)[M],G-1[M],(d.g)[M],G-1[M],(d.g)[M],G-1[M],(d.g)[M];G-1[M],(d.g)[M],G-1[M],(d.g)[M],G-1[M],(d.g)[M],G-1[M],(d.g)[M];G-1[M],(d.g)[M],G-1[M],(d.g)[M],G-1[M],(d.g)[M],G-1[M],(d.g)[M];G-1[M],(d.g)[M],G-1[M],(d.g)[M],G-1[M],(d.g)[M],G-1[M],(d.g)[M];G-1[M],(d.g)[M],G-1[M],(d.g)[M],G-1[M],(d.g)[M],G-1[M],(d.g)[M];G-1[M],(d.g)[M],G-1[M],(d.g)[M],G-1[M],(d.g)[M],G-1[M],(d.g)[M];G-1[M],(d.g)[M],G-1[M],(d.g)[M],G-1[M],(d.g)[M],G-1[M],(d.g)[M];G-1[M],(d.g)[M],G-1[M],(d.g)[M],G-1[M],(d.g)[M],G-1[M],(d.g)[M];G-1[M],(d.g)[M],G-1[M],(d.g)[M],G-1[M],(d.g)[M],G-1[M],(d.g)[M];G-1[M],(d.g)[M],G-1[M],(d.g)[M],G-1[M],(d.g)[M],G-1[M],(d.g)[M];G-1[M],(d.g)[M],G-1[M],(d.g)[M],G-1[M],(d.g)[M],G-1[M],(d.g)[M];G-1[M],(d.g)[M],G-1[M],(d.g)[M],G-1[M],(d.g)[M],G-1[M],(d.g)[M];G-1[M],(d.g)[M],G-1[M],(d.g)[M],G-1[M],(d.g)[M],G-1[M],(d.g)[M];R;(G-1.g)[I];(E-1.e)[J];(e.e1)[K],(d.d1)[K];(c.c1)[J];(d.d1)[K],(c.c1)[K];(B-1.b)[J];(E-1.e)[J];(c.c1)[J];(d.d1)[K],(c.c1)[K];(B-1.b)[K],(#d.#d1)[K];(e.e1)[K],(d.d1)[K];(c.c1)[J];(#c.#c1)[K],(A-1.a)[K];(d.d1)[J];(D-1.d)[J];(D-1.d)[I];Q;Q;Q;Q;G-1[M],g[M],G-1[M],g[M],G-1[M],g[M],G-1[M],g[M];G-1[M],g[M],G-1[M],g[M],G-1[M],g[M],G-1[M],g[M];E-1[M],e[M],E-1[M],e[M],E-1[M],e[M],E-1[M],e[M];e[M],e1[M],e[M],e1[M],d[M],d1[M],d[M],d1[M];c[M],c1[M],c[M],c1[M],c[M],c1[M],c[M],c1[M];d[M],d1[M],d[M],d1[M],c[M],c1[M],c[M],c1[M];B-1[M],b[M],B-1[M],b[M],B-1[M],b[M],B-1[M],b[M];E-1[M],e[M],E-1[M],e[M],E-1[M],e[M],E-1[M],e[M];c[M],c1[M],c[M],c1[M],c[M],c1[M],c[M],c1[M];d[M],d1[M],d[M],d1[M],c[M],c1[M],c[M],c1[M];B-1[M],b[M],B-1[M],b[M],#d[M],#d1[M],#d[M],#d1[M];e[M],e1[M],e[M],e1[M],d[M],d1[M],d[M],d1[M];c[M],c1[M],c[M],c1[M],c[M],c1[M],c[M],c1[M];#c[M],#c1[M],#c[M],#c1[M],A-1[M],a[M],A-1[M],a[M];d[M],d1[M],d[M],d1[M],d[M],d1[M],d[M],d1[M];d[M],d1[M],c[M],c1[M],B-1[M],b[M],A-1[M],a[M];","Q,Q,Q,Q,Q,Q,Q,Q,Q,Q,Q,Q,Q,Q,Q,(g1.g2)[I],Q,Q,QR;"]},{"id":2,"baseBeats":0.25,"scores":["(e1.e2)[M],(b.b1)[M],(e1.e2)[M],(#f1.#f2)[M],(g1.g2)[M],(#f1.#f2)[M],(g1.g2)[M],(e1.e2)[M];(a1.a2)[M],(g1.g2)[M],(a1.a2)[M],(c2.c3)[M],(b1.b2)[M],(c2.c3)[M],(b1.b2)[M],(#f1.#f2)[M];(g1.g2)[M],(#f1.#f2)[M],(e1.e2)[M],(#f1.#f2)[M],(g1.g2)[M],(#f1.#f2)[M],(g1.g2)[M],(b1.b2)[M];(#f1.#f2)[M],(a1.a2)[M],(d2.d3)[M],(#f2.#f3)[M],(g2.g3)[M],(#f2.#f3)[M],(d2.d3)[M],(b1.b2)[M];(e1.e2)[M],(b.b1)[M],(e1.e2)[M],(#f1.#f2)[M],(g1.g2)[M],(#f1.#f2)[M],(g1.g2)[M],(e1.e2)[M];(a1.a2)[M],(g1.g2)[M],(a1.a2)[M],(c2.c3)[M],(b1.b2)[M],(c2.c3)[M],(b1.b2)[M],(#f1.#f2)[M];(g1.g2)[M],(#f1.#f2)[M],(e1.e2)[M],(#f1.#f2)[M],(g1.g2)[M],(a1.a2)[M],(b1.b2)[M],(c2.c3)[M];(d2.d3)[M],(a1.a2)[M],(#f1.#f2)[M],(a1.a2)[M],(g1.g2)[L],(#f1.#f2)[L];(e1.e2)[M],(b.b1)[M],(e1.e2)[M],(#f1.#f2)[M],(g1.g2)[M],(#f1.#f2)[M],(g1.g2)[M],(e1.e2)[M];(a1.a2)[M],(g1.g2)[M],(a1.a2)[M],(c2.c3)[M],(b1.b2)[M],(c2.c3)[M],(b1.b2)[M],(#f1.#f2)[M];(g1.g2)[M],(#f1.#f2)[M],(e1.e2)[M],(#f1.#f2)[M],(g1.g2)[M],(#f1.#f2)[M],(g1.g2)[M],(b1.b2)[M];(#f1.#f2)[M],(a1.a2)[M],(d2.d3)[M],(#f2.#f3)[M],(g2.g3)[M],(#f2.#f3)[M],(d2.d3)[M],(b1.b2)[M];(#f1.#f2)[M],(#c1.#c2)[M],(#f1.#f2)[M],(#g1.#g2)[M],(a1.a2)[M],(#g1.#g2)[M],(a1.a2)[M],(#f1.#f2)[M];(b1.b2)[M],(a1.a2)[M],(b1.b2)[M],(d2.d3)[M],(#c2.#c3)[M],(d2.d3)[M],(#c2.#c3)[M],(b1.b2)[M];(a1.a2)[M],(#g1.#g2)[M],(#f1.#f2)[M],(#g1.#g2)[M],(a1.a2)[M],(b1.b2)[M],(#c2.#c3)[M],(d2.d3)[M];(e2.e3)[J];(#g2.#g3)[L],(#g2.#g3)[M],(#g2.#g3)[M],(#g2.#g3)[M],(#g2.#g3)[M],(#g2.#g3)[M],(#g2.#g3)[M];(b2.b3)[M],(b2.b3)[M],(b2.b3)[M],(b2.b3)[M],(b2.b3)[M],(b2.b3)[M],(b2.b3)[M],(b2.b3)[M];(d3.d4)[M],(d3.d4)[M],(d3.d4)[M],(d3.d4)[M],(d3.d4)[M],(d3.d4)[M],(d3.d4)[M],(d3.d4)[M];(e3.e4)[M],(e3.e4)[M],(e3.e4)[M],(e3.e4)[M],(e3.e4)[M],(e3.e4)[M],(e3.e4)[M],(e3.e4)[M];(#g3.#g4)[M],(#g3.#g4)[M],(#g3.#g4)[M],(#g3.#g4)[M],(#g3.#g4)[M],(#g3.#g4)[M],(#g3.#g4)[M],(#g3.#g4)[M];(b3.b4)[M],(b3.b4)[M],(b3.b4)[M],(b3.b4)[M],(b3.b4)[M],(b3.b4)[M],(b3.b4)[M],(b3.b4)[M];d4[M],d4[M],d4[M],d4[M],#d4[M],#d4[M],#d4[M],#d4[M];(E-1.e.e4)[KL],5<e2[N],#g2[N]>,5<b2[N],d3[N]>;5<e3[N],#c3[N]>,5<a2[N],e3[N]>,5<#c3[N],a2[N]>,5<e3[N],#c3[N]>,5<a2[N],d3[N]>,(a2~a2)[M],5<d3[N],a2[N]>,5<d3[N],a2[N]>;5<#c3[N],a2[N]>,5<e2[N],#c3[N]>,5<a2[N],e2[N]>,5<#c3[N],a2[N]>,5<e2[N],#g2[N]>,(e2~e2)[M],5<#g2[N],e2[N]>,5<#g2[N],e2[N]>;5<b2[N],#f2[N]>,5<#c2[N],b2[N]>,5<#f2[N],#c2[N]>,5<b2[N],#f2[N]>,5<#c2[N],a2[N]>,(#c2~#c2)[M],5<a2[N],#c2[N]>,5<a2[N],#c2[N]>;5<#g2[N],#f2[N]>,5<#c2[N],#g2[N]>,5<#f2[N],#c2[N]>,5<a2[N],#f2[N]>,(b2%e2)[M],(#c3%e2)[M],(d3%e2)[M],(e3%e2)[M];5<#f3[N],d3[N]>,5<a2[N],#f3[N]>,5<d3[N],a2[N]>,5<#f3[N],d3[N]>,5<#g3[N],d3[N]>,#g3[M],5<a3[N],d3[N]>,a3[M];5<b3[N],d3[N]>,b3[M],5<a3[N],d3[N]>,a3[M],5<#g3[N],d3[N]>,#g3[M],5<#f3[N],d3[N]>,#f3[M];5<#f3[N],#c3[N]>,#f3[M],5<e3[N],#c3[N]>,e3[M],5<#d3[N],#c3[N]>,#d3[M],5<#f3[N],#c3[N]>,#f3[M];5<e3[N],#c3[N]>,5<a2[N],e3[N]>,5<#c3[N],a2[N]>,5<e3[N],#c3[N]>,5<a2[N],#c3[N]>,(a2~a2)[M],5<#c3[N],a2[N]>,5<#c3[N],a2[N]>;5<d3[N],a2[N]>,d3[M],5<e3[N],a2[N]>,e3[M],5<#f3[N],a2[N]>,#f3[M],5<a3[N],a2[N]>,a3[M];5<#g3[N],a3[N]>,#g3[M],#f3[L],5<e3[N],a2[N]>,e3[M],5<#c3[N],a2[N]>,d3[M];5<#c3[N],f2[N]>,#c3[M],5<f3[N],f2[N]>,f3[M],5<#g3[N],f2[N]>,#g3[M],5<#c3[N],f2[N]>,#c3[M];5<b3[N],#f3[N]>,b3[M],5<a3[N],#f3[N]>,a3[M],5<#g3[N],#f3[N]>,#g3[M],5<a3[N],#f3[N]>,a3[M];5<#c4[N],a3[N]>,5<#f3[N],#c4[N]>,5<a3[N],#f3[N]>,5<#c4[N],a3[N]>,5<#f3[N],a3[N]>,(#f3~#f3)[M],5<a3[N],#f3[N]>,5<a3[N],b3[N]>;5<#c4[N],a3[N]>,5<#c4[N],a3[N]>,5<#f3[N],#d3[N]>,5<#f3[N],#d3[N]>,5<#c4[N],a3[N]>,5<#f3[N],d4[N]>,5<a3[N],#f3[N]>,5<a3[N],#f3[N]>;5<#c4[N],a3[N]>,5<e3[N],#c4[N]>,5<a3[N],e3[N]>,5<#c4[N],a3[N]>,5<e3[N],b3[N]>,5<#g3[N],e3[N]>,5<#c4[N],#g3[N]>,b3[M];5<e4[N],a3[N]>,e4[M],5<d4[N],a3[N]>,d4[M],5<#c4[N],a3[N]>,#c4[M],5<b3[N],a3[N]>,b3[M];5<e3[N],#c3[N]>,5<a2[N],e3[N]>,5<#c3[N],a2[N]>,5<e3[N],#c3[N]>,5<a2[N],d3[N]>,(a2~a2)[M],5<d3[N],a2[N]>,5<d3[N],a2[N]>;5<#c3[N],a2[N]>,5<e2[N],#c3[N]>,5<a2[N],e2[N]>,5<#c3[N],a2[N]>,5<e2[N],#g2[N]>,(e2~e2)[M],5<#g2[N],e2[N]>,5<#g2[N],e2[N]>;5<b2[N],#f2[N]>,5<#c2[N],b2[N]>,5<#f2[N],#c2[N]>,5<b2[N],#f2[N]>,5<#c2[N],a2[N]>,(#c2~#c2)[M],5<a2[N],#c2[N]>,5<a2[N],#c2[N]>;5<#g2[N],#f2[N]>,5<#c2[N],#g2[N]>,5<#f2[N],#c2[N]>,5<a2[N],#f2[N]>,(b2%e2)[M],(#c3%e2)[M],(d3%e2)[M],(e3%e2)[M];5<#f3[N],d3[N]>,5<a2[N],#f3[N]>,5<d3[N],a2[N]>,5<#f3[N],d3[N]>,5<#g3[N],d3[N]>,#g3[M],5<a3[N],d3[N]>,a3[M];5<b3[N],d3[N]>,b3[M],5<a3[N],d3[N]>,a3[M],5<#g3[N],d3[N]>,#g3[M],5<#f3[N],d3[N]>,#f3[M];5<#f3[N],#c3[N]>,#f3[M],5<e3[N],#c3[N]>,e3[M],5<#d3[N],#c3[N]>,#d3[M],5<#f3[N],#c3[N]>,#f3[M];5<e3[N],#c3[N]>,5<a2[N],e3[N]>,5<#c3[N],a2[N]>,5<e3[N],#c3[N]>,5<a2[N],#c3[N]>,(a2~a2)[M],5<#c3[N],a2[N]>,5<#c3[N],a2[N]>;5<d3[N],a2[N]>,d3[M],5<e3[N],a2[N]>,e3[M],5<#f3[N],a2[N]>,#f3[M],5<a3[N],a2[N]>,a3[M];5<#g3[N],a3[N]>,#g3[M],#f3[L],5<e3[N],a2[N]>,e3[M],5<#c3[N],a2[N]>,d3[M];5<#c3[N],f2[N]>,#c3[M],5<f3[N],f2[N]>,f3[M],5<#g3[N],f2[N]>,#g3[M],5<#c3[N],f2[N]>,#c3[M];5<b3[N],#f3[N]>,b3[M],5<a3[N],#f3[N]>,a3[M],5<#g3[N],#f3[N]>,#g3[M],5<a3[N],#f3[N]>,a3[M];5<#c4[N],a3[N]>,5<#f3[N],#c4[N]>,5<a3[N],#f3[N]>,5<#c4[N],a3[N]>,5<#f3[N],a3[N]>,(#f3~#f3)[M],5<a3[N],#f3[N]>,5<a3[N],b3[N]>;5<#c4[N],a3[N]>,5<#c4[N],a3[N]>,5<#f3[N],#d3[N]>,5<#f3[N],#d3[N]>,5<#c4[N],a3[N]>,5<#f3[N],d4[N]>,5<a3[N],#f3[N]>,5<a3[N],#f3[N]>;5<#c4[N],a3[N]>,5<e3[N],#c4[N]>,5<a3[N],e3[N]>,5<#c4[N],a3[N]>,5<e3[N],b3[N]>,5<#g3[N],e3[N]>,5<#c4[N],#g3[N]>,b3[M];5<e4[N],a3[N]>,e4[M],5<d4[N],a3[N]>,d4[M],5<#c4[N],a3[N]>,#c4[M],5<b3[N],a3[N]>,b3[M];(e1.e2)[L],(#g1.#g2)[L],(b1.b2)[L],(d2.d3)[L];(e1.e2)[L],(#g1.#g2)[L],(b1.b2)[L],(d2.d3)[L];(#g1.#g2.e3)[L],(b1.b2)[L],(e2.e3)[L],(#f2.#f3)[L];(#g2.#g3)[L],(b2.b3)[L],(e3.e4)[L],(#f3.#f4)[L];(a1~b1)[M],(#c2~e2)[M],(a2~e2)[M],(#c2~a1)[M],(a1~b1)[M],(#c2~e2)[M],(a2~e2)[M],(#c2~a1)[M];(a1~b1)[M],(#c2~e2)[M],(a2~e2)[M],(#c2~a1)[M],(a1~b1)[M],(#c2~e2)[M],(a2~e2)[M],(#c2~a1)[M];(a1~b1)[M],(#c2~e2)[M],(a2~e2)[M],(#c2~a1)[M],(a1~b1)[M],(#c2~e2)[M],(a2~e2)[M],(#c2~a1)[M];(a1~b1)[M],(#c2~e2)[M],(a2~e2)[M],(#c2~a1)[M],(a1~#c2)[M],5<e2[N],#g2[N]>,5<a2[N],b2[N]>,5<#g2[N],a2[N]>;(a1~b1)[M],(#c2~e2)[M],(a2~e2)[M],(#c2~a1)[M],(a1~b1)[M],(#c2~e2)[M],(a2~e2)[M],(#c2~a1)[M];(a1~b1)[M],(#c2~e2)[M],(a2~e2)[M],(#c2~a1)[M],(a1~b1)[M],(#c2~e2)[M],(a2~e2)[M],(#c2~a1)[M];(a1~b1)[M],(#c2~e2)[M],(a2~e2)[M],(#c2~a1)[M],(a1~b1)[M],(#c2~e2)[M],(a2~e2)[M],(#c2~a1)[M];(a1~b1)[M],(#c2~e2)[M],(a2~e2)[M],(#c2~a1)[M],5<(a1.a2)[N],(#c2.#c3)[N]>,5<(e2.e3)[N],(#g2.#g3)[N]>,5<(a2.a3)[N],(b2.b3)[N]>,5<(#g2.#g3)[N],(a2.a3)[N]>;(a1~b1)[M],(#c2~e2)[M],(a2~e2)[M],(#c2~a1)[M],(a1~b1)[M],(#c2~e2)[M],(a2~e2)[M],(#c2~a1)[M];(a1~b1)[M],(#c2~e2)[M],(a2~e2)[M],(#c2~a1)[M],(a1~b1)[M],(#c2~e2)[M],(a2~e2)[M],(#c2~a1)[M];(a1~b1)[M],(#c2~e2)[M],(a2~e2)[M],(#c2~a1)[M],(a1~b1)[M],(#c2~e2)[M],(a2~e2)[M],(#c2~a1)[M];(a1~b1)[M],(#c2~e2)[M],(a2~e2)[M],(#c2~a1)[M],(a1~#c2)[M],5<e2[N],#g2[N]>,5<a2[N],b2[N]>,5<#g2[N],a2[N]>;(a1~b1)[M],(#c2~e2)[M],(a2~e2)[M],(#c2~a1)[M],(a1~b1)[M],(#c2~e2)[M],(a2~e2)[M],(#c2~a1)[M];(a1~b1)[M],(#c2~e2)[M],(a2~e2)[M],(#c2~a1)[M],(a1~b1)[M],(#c2~e2)[M],(a2~e2)[M],(#c2~a1)[M];(e.e1)[L],(#g.#g1)[L],(b.b1)[L],(d1.d2)[L];(e1.e2)[L],(#g1.#g2)[L],(b1.b2)[L],(d2.d3)[L];5<a1[N],#f1[N]>,5<a1[N],b1[N]>,5<#c2[N],a1[N]>,5<#c2[N],d2[N]>,5<e2[N],#c2[N]>,5<e2[N],#g2[N]>,5<b2[N],#g2[N]>,d[M];D-1[M],d[M],D-1[M],d[M],D-1[M],d[M],D-1[M],d[M];5<#g2[N],e2[N]>,5<b1[N],#g1[N]>,5<#g2[N],e2[N]>,5<b1[N],#g1[N]>,5<#g2[N],(e2~b1)[N]>,5<#g2[N],(e2~b1)[N]>,5<#g2[N],(e2~b1)[N]>,d[M];D-1[M],d[M],D-1[M],d[M],D-1[M],d[M],D-1[M],d[M];(e1.#g1)[L],V,(e1.#g1)[L],V,5<e2[N],#f2[N]>,5<#g2[N],a2[N]>;5<b2[N],a2[N]>,5<#g2[N],a2[N]>,5<b2[N],a2[N]>,5<#g2[N],a2[N]>,5<b2[N],d3[N]>,5<#d3[N],e3[N]>,5<#g3[N],e3[N]>,5<#g3[N],a3[N]>;5<b3[N],#f3[N]>,5<#c3[N],a2[N]>,(#f3.a3)[L],#F-1[M],#f[M],#F-1[M],#f[M];#F-1[M],#f[M],#F-1[M],#f[M],#F-1[M],#f[M],#F-1[M],#f[M];","e[K],c[K];d[K],g[L],#f[L];e[K],c[K];d[L],d[M],#f[M],(g~#f~d)[K];e[K],c[K];d[K],g[L],#f[L];e[K],c[K];d[L],d[M],#f[M],(g~#f~d)[K];e[K],c[K];d[K],g[L],#f[L];e[K],c[K];d[L],d[M],#f[M],(g~#f~d)[K];#f[K],d[K];e[K],a[K];#f[K],d[K];E-1[M],e[M],E-1[M],e[M],E-1[M],e[M],E-1[M],e[M];E-1[M],e[M],E-1[M],e[M],E-1[M],e[M],E-1[M],e[M];E-1[M],e[M],E-1[M],e[M],E-1[M],e[M],E-1[M],e[M];E-1[M],e[M],E-1[M],e[M],E-1[M],e[M],E-1[M],e[M];E-1[M],e[M],E-1[M],e[M],E-1[M],e[M],E-1[M],e[M];E-1[M],e[M],E-1[M],e[M],E-1[M],e[M],E-1[M],e[M];E-1[M],e[M],E-1[M],e[M],E-1[M],e[M],E-1[M],e[M];E-1[M],e[M],E-1[M],e[M],E-1[M],e[M],E-1[M],e[M];TU,(E-1.e.e4)[L];A-1[M],a[M],A-1[M],a[M],A-1[M],a[M],A-1[M],a[M];A-1[M],a[M],A-1[M],a[M],A-1[M],a[M],A-1[M],a[M];#F-1[M],#f[M],#F-1[M],#f[M],#F-1[M],#f[M],#F-1[M],#f[M];#f[M],#f1[M],#f[M],#f1[M],e[M],e1[M],e[M],e1[M];d[M],d1[M],d[M],d1[M],d[M],d1[M],d[M],d1[M];e[M],e1[M],e[M],e1[M],d[M],d1[M],d[M],d1[M];#c[M],#c1[M],#c[M],#c1[M],#c[M],#c1[M],#c[M],#c1[M];#F-1[M],#f[M],#F-1[M],#f[M],#F-1[M],#f[M],#F-1[M],#f[M];d[M],d1[M],d[M],d1[M],d[M],d1[M],d[M],d1[M];e[M],e1[M],e[M],e1[M],d[M],d1[M],d[M],d1[M];#c[M],#c1[M],#c[M],#c1[M],f[M],f1[M],f[M],f1[M];#f[M],#f1[M],#f[M],#f1[M],e[M],e1[M],e[M],e1[M];d[M],d1[M],d[M],d1[M],d[M],d1[M],d[M],d1[M];#d[M],#d1[M],#d[M],#d1[M],B-1[M],b[M],B-1[M],b[M];e[M],e1[M],e[M],e1[M],e[M],e1[M],e[M],e1[M];e[M],e1[M],d[M],d1[M],#c[M],#c1[M],B-1[M],b[M];A-1[M],a[M],A-1[M],a[M],A-1[M],a[M],A-1[M],a[M];A-1[M],a[M],A-1[M],a[M],A-1[M],a[M],A-1[M],a[M];#F-1[M],#f[M],#F-1[M],#f[M],#F-1[M],#f[M],#F-1[M],#f[M];#f[M],#f1[M],#f[M],#f1[M],e[M],e1[M],e[M],e1[M];d[M],d1[M],d[M],d1[M],d[M],d1[M],d[M],d1[M];e[M],e1[M],e[M],e1[M],d[M],d1[M],d[M],d1[M];#c[M],#c1[M],#c[M],#c1[M],#c[M],#c1[M],#c[M],#c1[M];#F-1[M],#f[M],#F-1[M],#f[M],#F-1[M],#f[M],#F-1[M],#f[M];d[M],d1[M],d[M],d1[M],d[M],d1[M],d[M],d1[M];e[M],e1[M],e[M],e1[M],d[M],d1[M],d[M],d1[M];#c[M],#c1[M],#c[M],#c1[M],f[M],f1[M],f[M],f1[M];#f[M],#f1[M],#f[M],#f1[M],e[M],e1[M],e[M],e1[M];d[M],d1[M],d[M],d1[M],d[M],d1[M],d[M],d1[M];#d[M],#d1[M],#d[M],#d1[M],B-1[M],b[M],B-1[M],b[M];e[M],e1[M],e[M],e1[M],e[M],e1[M],e[M],e1[M];e[M],e1[M],d[M],d1[M],#c[M],#c1[M],B-1[M],b[M];E-1[M],e[M],E-1[M],e[M],E-1[M],e[M],E-1[M],e[M];E-1[M],e[M],E-1[M],e[M],E-1[M],e[M],E-1[M],e[M];E-1[M],e[M],E-1[M],e[M],E-1[M],e[M],E-1[M],e[M];E-1[M],e[M],E-1[M],e[M],E-1[M],e[M],E-1[M],e[M];A-1[M],a[M],A-1[M],a[M],A-1[M],a[M],A-1[M],a[M];A-1[M],a[M],A-1[M],a[M],A-1[M],a[M],A-1[M],a[M];A-1[M],a[M],A-1[M],a[M],A-1[M],a[M],A-1[M],a[M];A-1[M],a[M],A-1[M],a[M],A-1[M],a[M],A-1[M],a[M];A-1[M],a[M],A-1[M],a[M],A-1[M],a[M],A-1[M],a[M];A-1[M],a[M],A-1[M],a[M],A-1[M],a[M],A-1[M],a[M];A-1[M],a[M],A-1[M],a[M],A-1[M],a[M],A-1[M],a[M];A-1[M],a[M],A-1[M],a[M],A-1[M],a[M],A-1[M],a[M];A-1[M],a[M],A-1[M],a[M],A-1[M],a[M],A-1[M],a[M];A-1[M],a[M],A-1[M],a[M],A-1[M],a[M],A-1[M],a[M];A-1[M],a[M],A-1[M],a[M],A-1[M],a[M],A-1[M],a[M];A-1[M],a[M],A-1[M],a[M],A-1[M],a[M],A-1[M],a[M];A-1[M],a[M],A-1[M],a[M],A-1[M],a[M],A-1[M],a[M];A-1[M],a[M],A-1[M],a[M],A-1[M],a[M],A-1[M],a[M];E-1[M],e[M],E-1[M],e[M],E-1[M],e[M],E-1[M],e[M];E-1[M],e[M],E-1[M],e[M],E-1[M],e[M],E-1[M],e[M];D-1[M],d[M],D-1[M],d[M],D-1[M],d[M],D-1[M],(a2~#c3)[N],(b2.d3~#g2.e3~#f2.d3)[KN],(#f2.#c3~e2.e3)[LM],(#c2.a2)[M];D-1[M],d[M],D-1[M],d[M],D-1[M],d[M],D-1[M],(#g2@#f2.a2)[L],(#f2.b2)[M],(#f2.a2)[MN],W,(#c2.#g2~mute~a1.#g2~mute~#f1.e2)[K];#C-1[M],#c[M],#C-1[M],#c[M],#C-1[M],#c[M],#C-1[M],#c[M];#C-1[M],#c[M],#C-1[M],#c[M],#C-1[M],#c[M],#C-1[M],#c[M];#F-1[M],#f[M],#F-1[M],#f[M],(e3.#g3~#f3.a3)[LM],(a2.#c3~e3.#g3)[LM],(#g2.b2~e2.#g2)[LM],(b1.#g2~#g1.#g2)[LM];","g3[J];Q;Q;Q;Q;Q;Q;Q;Q;Q;Q;Q;Q;Q;QRS;(a3.a4)[IJ];Q;Q;Q;Q;QS;"]},{"id":3,"baseBeats":0.25,"scores":["5<#f1[N],d1[N]>,5<#f1[N],#g1[N]>,5<a1[N],#f1[N]>,5<a1[N],b1[N]>,5<#c2[N],a1[N]>,5<#c2[N],d2[N]>,(#c2.e2)[M],(d2.#f2)[L],#f1[M],b1[M],#c2[M],5<d2[N],#f1[N]>,5<b1[N],d2[N]>,5<b2[N],#f2[N]>,5<d2[N],b1[N]>;5<e1[N],b[N]>,5<e1[N],#f1[N]>,5<#g1[N],e1[N]>,5<#g1[N],a1[N]>,5<e2[N],b1[N]>,5<d2[N],e2[N]>,(d2.#f2)[M],(e2.#g2)[L],e1[M],b1[M],d2[M],5<e2[N],b1[N]>,5<d2[N],e2[N]>,5<e3[N],b2[N]>,5<#g2[N],e2[N]>;5<(#g2.d3)[N],(e2.b2)[N]>,5<(b1.#g2)[N],e2[N]>,5<d2[N],b1[N]>,5<(#g2.d3)[N],(e2.b2)[N]>,5<(b1.#g2)[N],e2[N]>,5<d2[N],b1[N]>,5<(#g2.d3)[N],(e2.b2)[N]>,5<(b1.#g2)[N],e2[N]>;5<d2[N],b1[N]>,5<(#g2.d3~e2.b2)[N],(b1.#g2)[N]>,5<(#g2.d3)[N],(e2.b2)[N]>,5<#g2[N],(b1.e2)[N]>,5<(#g2.d3)[N],(e2.b2)[N]>,5<#g2[N],(b1.e2)[N]>,e3[M],d3[M];(f1~f1)[M],5<#g1[N],f1[N]>,5<#g1[N],f1[N]>,(f1~#g1)[M],5<f2[N],#c2[N]>,5<#g1[N],#c2[N]>,5<#g2[N],f2[N]>,5<#c2[N],#g2[N]>;(f2~f2)[M],5<b2[N],#c3[N]>,5<f2[N],#g2[N]>,5<#c3[N],#g3[N]>,5<#c4[N],#g3[N]>,5<f3[N],#c3[N]>,5<#g3[N],f3[N]>,5<#c3[N],#g2[N]>;5<(#c1.#f1)[N],(#f1.a1)[N]>,5<(a1.#c2)[N],(#c2.#f2)[N]>,(#f2.a2)[M],(#c1.#f1)[L],(#f2.b2)[L],(#f2.#c3)[M];5<#f1[N],a1[N]>,5<#c2[N],#f2[N]>,5<a2[N],#c3[N]>,5<#f3[N],a3[N]>,5<#c4[N],a3[N]>,5<#f3[N],#c3[N]>,5<a3[N],#f3[N]>,5<#c3[N],a2[N]>;5<(#c1.f1)[N],(f1.#g1)[N]>,5<(#g1.b1)[N],(b1.f2)[N]>,(f2.#g2)[M],(#c1.f1)[L],(f2.b2)[L],(f2.#c3)[M];5<f1[N],#g1[N]>,5<b1[N],f2[N]>,5<#g2[N],b2[N]>,5<f3[N],#g3[N]>,5<#c4[N],#g3[N]>,5<f3[N],#c3[N]>,5<f3[N],f2[N]>,5<#c3[N],#c2[N]>;5<(#c1.e1)[N],(e1.#g1)[N]>,5<(#g1.#c2)[N],(#c2.e2)[N]>,(e2.#g2)[L],E-1[M],e[M],E-1[M],e[M];E-1[M],e[M],E-1[M],e[M],E-1[M],a3[M],5<a3[N],#g3[N]>,5<a3[N],b3[N]>;5<#c4[N],a3[N]>,5<#f3[N],#c3[N]>,5<a3[N],#f3[N]>,5<#c3[N],a2[N]>,5<#f3[N],#c3[N]>,5<a2[N],#f2[N]>,5<#c3[N],a2[N]>,5<#f2[N],#c2[N]>;(#c2~#f3.a3)[M],(#f3.a3~#c2)[M],(#c3.#f3~#c3.#f3)[M],(#c2~a2.#c3)[M],(a2.#c3~#c2)[M],(#f2.a2~#f2.a2)[M],(#c2~#c2.#f2)[M],(#c2.#f2)[M];5<(#c2.e2)[N],#f1[N]>,5<a1[N],b1[N]>,5<#c2[N],a1[N]>,5<#c2[N],d2[N]>,5<e2[N],#c2[N]>,5<d2[N],#d2[N]>,5<e2[N],a2[N]>,5<#c3[N],d3[N]>;5<e3[N],d3[N]>,5<#c3[N],d3[N]>,5<e3[N],d3[N]>,5<#c3[N],d3[N]>,5<e3[N],d3[N]>,5<#c3[N],d3[N]>,5<e3[N],a3[N]>,(#g3@a3)[L];(#c3.b3)[M],(#c3.a3)[M],V,#C-1[M],#c[M],#C-1[M],#c[M];5<e4[N],a3[N]>,5<e3[N],#c3[N]>,5<d4[N],a3[N]>,5<e3[N],#c3[N]>,5<#c4[N],a3[N]>,5<e3[N],#c3[N]>,5<d4[N],a3[N]>,5<e3[N],#c3[N]>;5<d3[N],#c3[N]>,5<a3[N],b3[N]>,a3[M],5<d3[N],#f3[N]>,5<a3[N],b3[N]>,a3[M],5<d2[N],#f2[N]>,5<a2[N],b2[N]>;a2[M],5<d2[N],#f2[N]>,5<a2[N],b2[N]>,5<d3[N],a2[N]>,5<d3[N],a2[N]>,5<#c3[N],d3[N]>,5<a3[N],#g3[N]>,5<a3[N],b3[N]>;5<e[N],#g[N]>,5<b[N],d1[N]>,5<#g[N],b[N]>,5<d1[N],e1[N]>,5<b[N],d1[N]>,5<e1[N],#g1[N]>,5<d1[N],e1[N]>,5<#g1[N],b1[N]>;5<e1[N],#g1[N]>,5<b1[N],d2[N]>,5<#g2[N],e2[N]>,5<#g2[N],b2[N]>,(e2.b2.e3)[M],5<e1[N],#g1[N]>,5<b1[N],#g1[N]>,5<b1[N],d2[N]>;5<f[N],a[N]>,5<c1[N],#d1[N]>,5<a[N],c1[N]>,5<#d1[N],f1[N]>,5<c1[N],#d1[N]>,5<f1[N],a1[N]>,5<#d1[N],f1[N]>,5<a1[N],c2[N]>;5<f1[N],a1[N]>,5<c2[N],#d2[N]>,5<f2[N],a2[N]>,5<c3[N],#d3[N]>,(f2.c3.f3)[M],5<f1[N],a1[N]>,5<c2[N],a1[N]>,5<c2[N],#d2[N]>;5<f3[N],d3[N]>,5<#a2[N],f3[N]>,5<d3[N],#a2[N]>,5<f3[N],d3[N]>,5<#a2[N],#d3[N]>,(#a2~#a2)[M],5<#d3[N],#a2[N]>,5<#d3[N],#a2[N]>;5<d3[N],#a2[N]>,5<f2[N],d3[N]>,5<#a2[N],f2[N]>,5<d3[N],#a2[N]>,5<f2[N],a2[N]>,(f2~f2)[M],5<a2[N],f2[N]>,5<a2[N],f2[N]>;5<c3[N],g2[N]>,5<d2[N],c3[N]>,5<g2[N],d2[N]>,5<c3[N],g2[N]>,5<d2[N],#a2[N]>,(d2~d2)[M],5<#a2[N],d2[N]>,5<#a2[N],d2[N]>;5<a2[N],g2[N]>,5<d2[N],a2[N]>,5<g2[N],d2[N]>,5<#a2[N],g2[N]>,(c3%f2)[M],(d3%f2)[M],(#d3%f2)[M],(f3%f2)[M];5<g3[N],#d3[N]>,5<#a2[N],g3[N]>,5<#d3[N],#a2[N]>,5<g3[N],#d3[N]>,5<a3[N],#d3[N]>,a3[M],5<#a3[N],#d3[N]>,#a3[M];5<c4[N],#d3[N]>,c4[M],5<#a3[N],#d3[N]>,#a3[M],5<a3[N],#d3[N]>,a3[M],5<g3[N],#d3[N]>,g3[M];5<g3[N],d3[N]>,g3[M],5<f3[N],d3[N]>,f3[M],5<e3[N],d3[N]>,e3[M],5<g3[N],d3[N]>,g3[M];5<f3[N],d3[N]>,5<#a2[N],f3[N]>,5<d3[N],#a2[N]>,5<f3[N],d3[N]>,5<#a2[N],d3[N]>,(#a2~#a2)[M],5<d3[N],#a2[N]>,5<d3[N],#a2[N]>;5<#d3[N],#a2[N]>,#d3[M],5<f3[N],#a2[N]>,f3[M],5<g3[N],#a2[N]>,g3[M],5<#a3[N],#a2[N]>,#a3[M];5<a3[N],#a3[N]>,a3[M],g3[L],5<f3[N],#a2[N]>,f3[M],5<d3[N],#a2[N]>,#d3[M];5<d3[N],#f2[N]>,d3[M],5<#f3[N],#f2[N]>,#f3[M],5<a3[N],#f2[N]>,a3[M],5<d3[N],#f2[N]>,d3[M];5<c4[N],g3[N]>,c4[M],5<#a3[N],g3[N]>,#a3[M],5<a3[N],g3[N]>,a3[M],5<#a3[N],g3[N]>,#a3[M];5<d4[N],#a3[N]>,5<g3[N],d4[N]>,5<#a3[N],g3[N]>,5<d4[N],#a3[N]>,5<g3[N],#a3[N]>,(g3~g3)[M],5<#a3[N],g3[N]>,5<#a3[N],c4[N]>;5<d4[N],#a3[N]>,5<d4[N],#a3[N]>,5<g3[N],e3[N]>,5<g3[N],e3[N]>,5<d4[N],#a3[N]>,5<g3[N],#d4[N]>,5<#a3[N],g3[N]>,5<#a3[N],g3[N]>;5<d4[N],#a3[N]>,5<f3[N],d4[N]>,5<#a3[N],f3[N]>,5<d4[N],#a3[N]>,5<f3[N],c4[N]>,5<a3[N],f3[N]>,5<d4[N],a3[N]>,c4[M];5<f4[N],#a3[N]>,f4[M],5<#d4[N],#a3[N]>,#d4[M],5<d4[N],#a3[N]>,d4[M],5<c4[N],#a3[N]>,c4[M];5<#f3[N],#d3[N]>,5<b2[N],#f3[N]>,5<#d3[N],b2[N]>,5<#f3[N],#d3[N]>,5<b2[N],e3[N]>,(b2~b2)[M],5<e3[N],b2[N]>,5<e3[N],b2[N]>;5<#d3[N],b2[N]>,5<#f2[N],#d3[N]>,5<b2[N],#f2[N]>,5<#d3[N],b2[N]>,5<#f2[N],#a2[N]>,(#f2~#f2)[M],5<#a2[N],#f2[N]>,5<#a2[N],#f2[N]>;5<#c3[N],#g2[N]>,5<#d2[N],#c3[N]>,5<#g2[N],#d2[N]>,5<#c3[N],#g2[N]>,5<#d2[N],b2[N]>,(#d2~#d2)[M],5<b2[N],#d2[N]>,5<b2[N],#d2[N]>;5<#a2[N],#g2[N]>,5<#d2[N],#a2[N]>,5<#g2[N],#d2[N]>,5<b2[N],#g2[N]>,(#c3%#f2)[M],(#d3%#f2)[M],(e3%#f2)[M],(#f3%#f2)[M];5<#g3[N],e3[N]>,5<b2[N],#g3[N]>,5<e3[N],b2[N]>,5<#g3[N],e3[N]>,5<#a3[N],e3[N]>,#a3[M],5<b3[N],e3[N]>,b3[M];5<#c4[N],e3[N]>,#c4[M],5<b3[N],e3[N]>,b3[M],5<#a3[N],e3[N]>,#a3[M],5<#g3[N],e3[N]>,#g3[M];5<#g3[N],#d3[N]>,#g3[M],5<#f3[N],#d3[N]>,#f3[M],5<f3[N],#d3[N]>,f3[M],5<#g3[N],#d3[N]>,#g3[M];5<#f3[N],#d3[N]>,5<b2[N],#f3[N]>,5<#d3[N],b2[N]>,5<#f3[N],#d3[N]>,5<b2[N],#d3[N]>,(b2~b2)[M],5<#d3[N],b2[N]>,5<#d3[N],b2[N]>;5<e3[N],b2[N]>,e3[M],5<#f3[N],b2[N]>,#f3[M],5<#g3[N],b2[N]>,#g3[M],5<b3[N],b2[N]>,b3[M];5<#a3[N],b3[N]>,#a3[M],#g3[L],5<#f3[N],b2[N]>,#f3[M],5<#d3[N],b2[N]>,e3[M];5<#d3[N],g2[N]>,#d3[M],5<g3[N],g2[N]>,g3[M],5<#a3[N],g2[N]>,#a3[M],5<#d3[N],g2[N]>,#d3[M];5<#c4[N],#g3[N]>,#c4[M],5<b3[N],#g3[N]>,b3[M],5<#a3[N],#g3[N]>,#a3[M],5<b3[N],#g3[N]>,b3[M];5<#d4[N],b3[N]>,5<#g3[N],#d4[N]>,5<b3[N],#g3[N]>,5<#d4[N],b3[N]>,5<#g3[N],b3[N]>,(#g3~#g3)[M],5<b3[N],#g3[N]>,5<b3[N],#c4[N]>;5<#d4[N],b3[N]>,5<#d4[N],b3[N]>,5<#g3[N],f3[N]>,5<#g3[N],f3[N]>,5<#d4[N],b3[N]>,5<#g3[N],e4[N]>,5<b3[N],#g3[N]>,5<b3[N],#g3[N]>;5<#d4[N],b3[N]>,5<#f3[N],#d4[N]>,5<b3[N],#f3[N]>,5<#d4[N],b3[N]>,5<#f3[N],#c4[N]>,5<#a3[N],#f3[N]>,5<#d4[N],#a3[N]>,#c4[M];5<#f4[N],b3[N]>,#f4[M],5<e4[N],b3[N]>,e4[M],5<#d4[N],b3[N]>,#d4[M],5<#c4[N],b3[N]>,#c4[M];5<#g3[N],f3[N]>,5<#c3[N],#g3[N]>,5<f3[N],#c3[N]>,5<#g3[N],f3[N]>,5<#c3[N],#f3[N]>,(#c3~#c3)[M],5<#f3[N],#c3[N]>,5<#f3[N],#c3[N]>;5<f3[N],#c3[N]>,5<#g2[N],f3[N]>,5<#c3[N],#g2[N]>,5<f3[N],#c3[N]>,5<#g2[N],c3[N]>,(#g2~#g2)[M],5<c3[N],#g2[N]>,5<c3[N],#g2[N]>;5<#d3[N],#a2[N]>,5<f2[N],#d3[N]>,5<#a2[N],f2[N]>,5<#d3[N],#a2[N]>,5<f2[N],#c3[N]>,(f2~f2)[M],5<#c3[N],f2[N]>,5<#c3[N],f2[N]>;5<c3[N],#a2[N]>,5<f2[N],c3[N]>,5<#a2[N],f2[N]>,5<#c3[N],#a2[N]>,(#d3%#g2)[M],(f3%#g2)[M],(#f3%#g2)[M],(#g3%#g2)[M];5<#a3[N],#f3[N]>,5<#c3[N],#a3[N]>,5<#f3[N],#c3[N]>,5<#a3[N],#f3[N]>,5<c4[N],#f3[N]>,c4[M],5<#c4[N],#f3[N]>,#c4[M];5<#d4[N],#f3[N]>,#d4[M],5<#c4[N],#f3[N]>,#c4[M],5<c4[N],#f3[N]>,c4[M],5<#a3[N],#f3[N]>,#a3[M];5<#a3[N],f3[N]>,#a3[M],5<#g3[N],f3[N]>,#g3[M],5<g3[N],f3[N]>,g3[M],5<#a3[N],f3[N]>,#a3[M];5<#g3[N],f3[N]>,5<#c3[N],#g3[N]>,5<f3[N],#c3[N]>,5<#g3[N],f3[N]>,5<#c3[N],f3[N]>,(#c3~#c3)[M],5<f3[N],#c3[N]>,5<f3[N],#c3[N]>;5<#f3[N],#c3[N]>,#f3[M],5<#g3[N],#c3[N]>,#g3[M],5<#a3[N],#c3[N]>,#a3[M],5<#c4[N],#c3[N]>,#c4[M];5<c4[N],#c4[N]>,c4[M],#a3[L],5<#g3[N],#c3[N]>,#g3[M],5<f3[N],#c3[N]>,#f3[M];5<f3[N],a2[N]>,f3[M],5<a3[N],a2[N]>,a3[M],5<c4[N],a2[N]>,c4[M],5<f3[N],a2[N]>,f3[M];5<#d4[N],#a3[N]>,#d4[M],5<#c4[N],#a3[N]>,#c4[M],5<c4[N],#a3[N]>,c4[M],5<#c4[N],#a3[N]>,#c4[M];5<f4[N],#c4[N]>,5<#a3[N],f4[N]>,5<#c4[N],#a3[N]>,5<f4[N],#c4[N]>,5<#a3[N],#c4[N]>,(#a3~#a3)[M],5<#c4[N],#a3[N]>,5<#c4[N],#d4[N]>;5<f4[N],#c4[N]>,5<f4[N],#c4[N]>,5<#a3[N],g3[N]>,5<#a3[N],g3[N]>,5<f4[N],#c4[N]>,5<#a3[N],#f4[N]>,5<#c4[N],#a3[N]>,5<#c4[N],#a3[N]>;5<f4[N],#c4[N]>,5<#g3[N],f4[N]>,5<#c4[N],#g3[N]>,5<f4[N],#c4[N]>,5<#g3[N],#d4[N]>,5<c4[N],#g3[N]>,5<f4[N],c4[N]>,#d4[M];5<#g4[N],#c4[N]>,#g4[M],5<#f4[N],#c4[N]>,#f4[M],5<f4[N],#c4[N]>,f4[M],5<#d4[N],#c4[N]>,#d4[M];(#g1.#g2)[L],(c2.c3)[L],(#d2.#d3)[L],(#f2.#f3)[L];(#g1.#g2)[L],(c2.c3)[L],(#d2.#d3)[L],(#f2.#f3)[L];(c2.c3.#g3)[L],(#d2.#d3)[L],(#g2.#g3)[L],(#a2.#a3)[L];(c3.c4)[L],(#d3.#d4)[L],(#g3.#g4)[L],(c4.c5)[L];(#c.#c1.#c4)[I];","D-1[M],d[M],D-1[M],d[M],D-1[M],d[M],D-1[M],d[M];D-1[M],d[M],D-1[M],d[M],D-1[M],d[M],D-1[M],d[M];E-1[M],e[M],E-1[M],e[M],E-1[M],e[M],E-1[M],e[M];E-1[M],e[M],E-1[M],e[M],E-1[M],e[M],E-1[M],e[M];A-1[M],a[M],A-1[M],a[M],A-1[M],a[M],A-1[M],a[M];A-1[M],a[M],A-1[M],a[M],A-1[M],a[M],A-1[M],a[M];(#G-1.f2.#c3)[M],#g[M],#G-1[M],#g[M],#G-1[M],#g[M],#G-1[M],#g[M];#G-1[M],#g[M],#G-1[M],#g[M],#G-1[M],#g[M],#G-1[M],#g[M];#F-1[M],#f[M],#F-1[M],#f[M],#F-1[M],#f[M],#F-1[M],#f[M];#F-1[M],#f[M],#F-1[M],#f[M],#F-1[M],#f[M],#F-1[M],#f[M];F-1[M],f[M],F-1[M],f[M],F-1[M],f[M],F-1[M],f[M];F-1[M],f[M],F-1[M],f[M],F-1[M],f[M],F-1[M],f[M];E-1[M],e[M],E-1[M],e[M],(#g2.b2~mute~#g2.#c3~mute~#g2.#d3)[K];(mute~#g2.e3~mute~#g2.#f3~mute~#g2.#g3~mute)[KM],e[M],E-1[M],e[M];#D-1[M],#d[M],#D-1[M],#d[M],#D-1[M],#d[M],#D-1[M],#d[M];#D-1[M],#d[M],#D-1[M],#d[M],#D-1[M],#d[M],#D-1[M],#d[M];B-2[M],B-1[M],B-2[M],B-1[M],B-2[M],B-1[M],B-2[M],B-1[M];B-2[M],B-1[M],B-2[M],B-1[M],B-2[M],B-1[M],B-2[M],B-1[M];#C-1[M],#c[M],#C-1[M],#c[M],(#c3.#g3~mute~#c3.a3~mute~#c3.e3)[K];#C-1[M],#c[M],#C-1[M],#c[M],#C-1[M],#c[M],#C-1[M],#c[M];D-1[M],d[M],D-1[M],d[M],D-1[M],d[M],D-1[M],d[M];D-1[M],d[M],D-1[M],d[M],D-1[M],d[M],D-1[M],d[M];E-1[M],e[M],E-1[M],e[M],E-1[M],e[M],E-1[M],e[M];E-1[M],e[M],E-1[M],e[M],E-1[M],e[M],E-1[M],e[M];F-1[M],f[M],F-1[M],f[M],F-1[M],f[M],F-1[M],f[M];F-1[M],f[M],F-1[M],f[M],F-1[M],f[M],F-1[M],f[M];#A-1[M],#a[M],#A-1[M],#a[M],#A-1[M],#a[M],#A-1[M],#a[M];#A-1[M],#a[M],#A-1[M],#a[M],#A-1[M],#a[M],#A-1[M],#a[M];G-1[M],g[M],G-1[M],g[M],G-1[M],g[M],G-1[M],g[M];g[M],g1[M],g[M],g1[M],f[M],f1[M],f[M],f1[M];#d[M],#d1[M],#d[M],#d1[M],#d[M],#d1[M],#d[M],#d1[M];f[M],f1[M],f[M],f1[M],#d[M],#d1[M],#d[M],#d1[M];d[M],d1[M],d[M],d1[M],d[M],d1[M],d[M],d1[M];G-1[M],g[M],G-1[M],g[M],G-1[M],g[M],G-1[M],g[M];#d[M],#d1[M],#d[M],#d1[M],#d[M],#d1[M],#d[M],#d1[M];f[M],f1[M],f[M],f1[M],#d[M],#d1[M],#d[M],#d1[M];d[M],d1[M],d[M],d1[M],#f[M],#f1[M],#f[M],#f1[M];g[M],g1[M],g[M],g1[M],f[M],f1[M],f[M],f1[M];#d[M],#d1[M],#d[M],#d1[M],#d[M],#d1[M],#d[M],#d1[M];e[M],e1[M],e[M],e1[M],c[M],c1[M],c[M],c1[M];f[M],f1[M],f[M],f1[M],f[M],f1[M],f[M],f1[M];f[M],f1[M],#d[M],#d1[M],d[M],d1[M],c[M],c1[M];B-1[M],b[M],B-1[M],b[M],B-1[M],b[M],B-1[M],b[M];B-1[M],b[M],B-1[M],b[M],B-1[M],b[M],B-1[M],b[M];#G-1[M],#g[M],#G-1[M],#g[M],#G-1[M],#g[M],#G-1[M],#g[M];#g[M],#g1[M],#g[M],#g1[M],#f[M],#f1[M],#f[M],#f1[M];e[M],e1[M],e[M],e1[M],e[M],e1[M],e[M],e1[M];#f[M],#f1[M],#f[M],#f1[M],e[M],e1[M],e[M],e1[M];#d[M],#d1[M],#d[M],#d1[M],#d[M],#d1[M],#d[M],#d1[M];#G-1[M],#g[M],#G-1[M],#g[M],#G-1[M],#g[M],#G-1[M],#g[M];e[M],e1[M],e[M],e1[M],e[M],e1[M],e[M],e1[M];#f[M],#f1[M],#f[M],#f1[M],e[M],e1[M],e[M],e1[M];#d[M],#d1[M],#d[M],#d1[M],g[M],g1[M],g[M],g1[M];#g[M],#g1[M],#g[M],#g1[M],#f[M],#f1[M],#f[M],#f1[M];e[M],e1[M],e[M],e1[M],e[M],e1[M],e[M],e1[M];f[M],f1[M],f[M],f1[M],#c[M],#c1[M],#c[M],#c1[M];#f[M],#f1[M],#f[M],#f1[M],#f[M],#f1[M],#f[M],#f1[M];#f[M],#f1[M],e[M],e1[M],#d[M],#d1[M],#c[M],#c1[M];#c[M],#c1[M],#c[M],#c1[M],#c[M],#c1[M],#c[M],#c1[M];#c[M],#c1[M],#c[M],#c1[M],#c[M],#c1[M],#c[M],#c1[M];#A-1[M],#a[M],#A-1[M],#a[M],#A-1[M],#a[M],#A-1[M],#a[M];#a[M],#a1[M],#a[M],#a1[M],#g[M],#g1[M],#g[M],#g1[M];#f[M],#f1[M],#f[M],#f1[M],#f[M],#f1[M],#f[M],#f1[M];#g[M],#g1[M],#g[M],#g1[M],#f[M],#f1[M],#f[M],#f1[M];f[M],f1[M],f[M],f1[M],f[M],f1[M],f[M],f1[M];#A-1[M],#a[M],#A-1[M],#a[M],#A-1[M],#a[M],#A-1[M],#a[M];#f[M],#f1[M],#f[M],#f1[M],#f[M],#f1[M],#f[M],#f1[M];#g[M],#g1[M],#g[M],#g1[M],#f[M],#f1[M],#f[M],#f1[M];f[M],f1[M],f[M],f1[M],a[M],a1[M],a[M],a1[M];#a[M],#a1[M],#a[M],#a1[M],#g[M],#g1[M],#g[M],#g1[M];#f[M],#f1[M],#f[M],#f1[M],#f[M],#f1[M],#f[M],#f1[M];g[M],g1[M],g[M],g1[M],#d[M],#d1[M],#d[M],#d1[M];#g[M],#g1[M],#g[M],#g1[M],#g[M],#g1[M],#g[M],#g1[M];#g[M],#g1[M],#f[M],#f1[M],f[M],f1[M],#d[M],#d1[M];#G-1[M],#g[M],#G-1[M],#g[M],#G-1[M],#g[M],#G-1[M],#g[M];#G-1[M],#g[M],#G-1[M],#g[M],#G-1[M],#g[M],#G-1[M],#g[M];#G-1[M],#g[M],#G-1[M],#g[M],#G-1[M],#g[M],#G-1[M],#g[M];#G-1[M],#g[M],#G-1[M],#g[M],#G-1[M],#g[M],#G-1[M],#g[M];R;"]}],"audition":{"start":[0,193],"end":[0,423]}}