{"baseBpm":280,"musics":[{"bpm":280,"baseBeats":0.5,"scores":["#c1[L]{4},#c1[ILM],(f.#g.#C-1.#G-1)[L],(#G-1.#C-1.#g.f)[IJKP],#c1[L],b[L],#c1[L],b[ILM],(d.#f.#G-2.#G-1)[L],(d.#f.#G-2.#G-1)[IJKL],#c1[L],e1[L],d1[L],#c1[L],#c1[ILM],(f.#g.#C-1.#G-1)[L],(f.#g.#C-1.#G-1)[IJKP],#c1[L],b[L],#c1[L],b[ILM],(#G-1.#G-2.#f.d)[L],mute[IJKLMOP],mute[L],mute[L],mute[L],mute[L],mute[L],#g[ILM],(#G-1.#C-1.#c.f)[L],(#C-1.#G-1.f.#c)[IJKN],#g[L],#g[ILM],(#G-1.E-1.#c.e)[L],(E-1.#G-1.e.#c)[IKMP],a[LN],#g[LN],b[LN],a[LM],#g[L],#g[ILN],(#G-1.#c.#d)[LN],(#G-1.#d.#c)[HKMOP],(c.#d.#f)[JMOP],A-1[KNP],#G-1[KNP],B-1[KLO],A-1[KLO],#G-1[KLO],#F-1[KLO],E-1[JMOP],#F-1[JMOP],#D-1[JMOP],A-1[JKMNOP],#G-1[KNP],#C-1[JK],#G-1[K],#c[I],#C-1[JK],#G-1[K],#c[JK],#g[L],#g[L],(#C-1.#c1)[JK],#G-1[K],(#c.#g.e.#c1)[I],#C-1[K],c1[K],#c1[K],#d1[L],5<(A-1~#c~#f)[L]>,(a.e1)[K],a[K],e1[K],#d1[K],(#C-1.#c1)[JKLNP],5<U>,(#c.#g.e.#c1)[JK],c1[K],(#C-1.#c1)[JK],#G-1[K],(#c.#g.e)[JK],#d1[K],(B-2.e1)[JK],B-1[K],(e.b.#g.e1)[I],B-2[K],#d1[K],e1[K],(B-1.#f1)[K],(#d.b.a.#g1)[K],#d1[K],#g1[K],#f1[K],(E-1.e1)[JKLNP],5<U>,(e.b.#g.e1)[JK],#d1[K],(E-1.e1)[JK],B-1[K],(c.#G-2.e1.#g1.c1.#g.#f)[JK],#d1[K],5<#g[M],#c1[M]>,5<e1[M],#g1[M]>,(#C-1.#c2)[JK],#G-1[K],(#c.e.#g1.e1.#c2.#c1)[I],(#F-2.a1.#f1)[K],(c1.c2)[K],(#c2.#c1)[K],(#c.#d1.#d2)[K],(a.#f.e2.e1)[K],a1[K],(e1.e2)[K],(#d1.#d2)[K],(#C-2.#c2.#c1)[JKLNP],5<U>,(#c.e.#g1.#c2.#c1)[JK],(c1.c2)[K],(#C-1.#c2.#c1)[JK],#G-1[K],(#c.#g.#g1.e1)[JK],(d.D-1.e1.#g1.b1.e2)[K],(#d.#D-1.#g2.b1.#g1)[JK],(#g.#d)[K],(#d1.b.#g1)[IM],mute[L],mute[L],5<U>,5<U>,5<U>,5<U>,5<U>,5<U>,5<U>,5<U>,5<U>,5<U>,5<U>,5<U>,5<U>,5<U>,5<U>,5<U>,5<U>,5<U>,5<U>,5<U>,5<U>,5<U>,5<U>,5<U>,5<U>,5<U>,5<U>,5<U>,5<U>,5<U>,5<U>,5<U>,mute[L],mute[L],mute[L],mute[L],mute[L],b1[KLO],b1[KNP],b1[LOP],b1[LOP],b1[LOP],b1[LOP],b1[LNO],b1[LMP],b1[LMOP],b1[IJNOP],#a1[KNP],(#G-1.#G-2.#g1)[INP],5<U>,(#g1.b.#d1.#d.#g)[JK],g1[K],(#G-1.#G-2.#g1)[JK],(#d.#G-1)[K],(#d.#g.#d1.b)[HIKLNO],#g1[L],#g1[L],(e.E-1.#g2.e2)[JK],(e1.b.#g)[L],5<(mute~b1~e2)[L]>,(#g2.#g1.e1.b)[I],(e.E-1)[K],(#d2.#f2)[K],(#g2.e2)[K],(#g.b.e1.#f2.a2)[K],(#g1.e1.b.b2.#g2)[K],(e2.b1)[K],(#f2.a2)[K],(e2.#g2)[K],(B-1.B-2.#f2.#d2)[JK],5<U>,5<U>,(#f1.#d1.b.#f2.#d2)[JK],(d2.f2)[L],(B-1.#f2.#d2)[JK],(#f.b.#d1)[K],(c.#g2.#d2.#g1)[JK],(#g.#d1.#g1)[K],(#C-1.#c.e2.#c2)[JK],5<U>,5<U>,(e2.#g.#c1.e1)[I],(E-1.e)[K],(c2.#d2)[K],(e2.#c2)[K],5<U>,5<U>,(e2.#g2.#c1.e1.#g1)[KLM],(#g1.#c2)[L],(#d2.#f2)[K],(#c2.e2)[K],(#G-1.#d2.c2)[JK],5<U>,5<U>,(c2.#d2.#d1.c1.#g)[JKM],(#a1.#c2)[L],(#G-1.#d2.c2)[JK],(#g.c1.#d1)[K],(#g1.#d1.c1)[I],6<#d2[LO],#d2[MO],#g2[MN]>,(#G-2.#d2.#g2)[JLN],5<U>,5<U>,(c1.c2.#g2)[JLN],5<U>,5<U>,(#G-1.#d2.#g2)[JLN],5<U>,5<U>,(#d1.e2.#g2)[JLN],5<U>,5<U>,(#G-2.#c2.#g2)[JLN],5<U>,5<U>,(#c1.#c2.#g2)[JLN],5<U>,5<U>,(#G-1.e2.#g2)[JLN],5<U>,5<U>,(e1.#f2.#g2)[JLN],5<U>,5<U>,(#G-2.#d2.#g2)[KLP],5<W,#g1[NO],#g2[NO]>,6<(#g1.#g2)[LMO],#d[LNOP]>,5<W,(#g.c2)[NO],(#d1.#g2)[NO]>,(c1.c2.#g2)[KLP],5<W,#c2[NO],#g2[NO]>,(#c2.#g2)[KLP],5<W,#d2[NO],#g2[NO]>,(#G-1.#d2.#g2)[KLP],5<W,#f2[NO],#g2[NO]>,6<(#f2.#g2)[LMO],#g[LNOP]>,5<W,(c1.e2)[NO],(#g1.#g2)[NO]>,(#d1.e2.#g2)[KLP],5<W,#d2[NO],#g2[NO]>,(#g2.#d2)[J],mute[L],mute[L],mute[L],mute[L],mute[L],mute[L],mute[L],mute[L],mute[L],mute[L],mute[L],mute[L],mute[L],mute[L],mute[L],mute[L],mute[L],mute[L],mute[L],mute[L],mute[L],mute[L],mute[L],mute[L],mute[L],mute[L],mute[L],mute[L],mute[L],mute[L],mute[L],mute[L],mute[L],mute[L],mute[L],mute[L],mute[L],mute[L],mute[L],mute[L],mute[L],mute[L],mute[L],mute[L],mute[L],mute[L],mute[L],mute[L],mute[L],mute[L],mute[L],mute[L],mute[L],mute[L],mute[L],mute[L],mute[L],mute[L],mute[L],mute[L],mute[L],mute[L],mute[L],mute[L],mute[L],mute[L],mute[L],mute[L],mute[L],mute[L],mute[L],mute[L],mute[L],mute[L],mute[L],mute[L],mute[L],mute[L],mute[L],mute[L],mute[L],mute[L],mute[L],mute[L],mute[L],mute[L],mute[L],mute[L],mute[L],mute[L],mute[L],mute[L],mute[L],mute[L],mute[L],mute[L],(#G-2.#d3~#g3~a3~#g3~#d3)[J],(#g2~#g3~#g.a3~c1.#g3~#g1.#g2)[J],(#d1.c3~#g3~a3~#g3~#g2)[J],(#c3~#g3~a3~#g3~#g2)[J],(#G-1.#d3~#g3~a3~#g3~#g2)[J],(#f3~#g3~a3.#d1~#g3.c2~#g2.#d2)[J],(#g1.e3~#g3~a3~#g3~#g2)[J],(#d3~#g3~a3~#g3~#g2)[J],6<(#G-2.#c3.#g3)[L],a3[L],#g3[L],a3[L],#g3[L],a3[L]>,(#g3.#g~mute~#c1~a3~#g1~mute)[K],6<(e1.#c3.#g3)[L],a3[L],#g3[L],a3[L],#g3[L],a3[L]>,6<(#g3.c3)[L],a3[L]>,6<(#G-1.#c3.#g3)[L],a3[L],#g3[L],a3[L],#g3[L],a3[L]>,mute[L],mute[L],5<U>,5<U>,5<U>,5<U>,5<U>,5<U>,#g2[L],e2[L],(#G-1.#d2)[K],#d[L],e2[L],(#f.#f2)[K],c1[L],#g2[L],(#d1.a2)[K],#g1[L],#g2[L],(#d1.b2)[K],#g1[L],a2[L],(#G-1.#g2)[K],#d[K],(#f.#g1~#g2.#g1~mute)[K],c1[K],(#d1.#a1~#g2.#a1~mute)[K],#g1[K],(#d1.c2~#g2.c2~mute)[K],#g1[L],5<(mute~#c2~#d2)[L]>,(#G-1.#c2)[K],e[L],c2[L],(#g.#c2)[K],#c1[L],5<(#d2~e2~#f2)[L]>,(e1.e2)[K],#g1[L],#d2[L],(e1.e2)[K],#g1[L],#f2[L],(#G-1.g2)[K],e[L],#g2[L],(#g.a2)[K],#c1[L],#g2[L],(#f2.e1)[K],#g1[L],e2[L],(e1.#g2.#d2)[K],#g1[L],#c2[L],6<(#G-1.c2~#d3~mute)[L],U>,#d[L],e3[L],(#f.#f3)[K],c1[L],#g3[L],(#d1.a3)[K],#g1[L],#g3[L],(#d1.b3)[K],#g1[L],a3[L],(#G-1.#g3)[K],#d[K],(#f.#g1~#g2~mute)[K],c1[K],(#d1.#a1~#a2.#g2~mute)[K],#g1[K],(#d1.c2~#g2.c3~mute)[K],5<U>,5<U>,(#C-1.#c3)[L],#d3[L],(#G-1.#c3)[L],#d3[L],(f.#c3)[L],#d3[L],(#g.#c3)[L],#d3[L],(#c1.#c3)[L],#d3[L],mute[L],mute[L],mute[L],mute[L],mute[L],mute[L],mute[L],mute[L],mute[L],mute[L],mute[L],mute[L],mute[L],mute[L],mute[L],mute[L],mute[L],mute[L],mute[L],mute[L],mute[L],mute[L],mute[L],mute[L],mute[L],mute[L],mute[L],mute[L],mute[L],mute[L],mute[L],mute[L],mute[L],mute[L],mute[L],mute[L],mute[L],mute[L],mute[L],5<U>,5<U>,5<U>,5<U>,5<U>,5<U>,5<U>,5<U>,5<U>,5<U>,5<U>,5<U>,5<U>,5<U>,5<U>,5<U>,5<U>,5<U>,5<U>,5<U>,5<U>,5<U>,5<U>,5<U>,5<U>,5<U>,5<U>,5<U>,5<U>,5<U>,5<U>,5<U>,5<U>,5<U>,5<U>,5<U>,5<U>,5<U>,5<U>,5<U>,mute[L],mute[L],mute[L],f1[LMN],#d1[LMN],#c1[LMN],#c1[ILM],(f.#g.#C-1.#G-1.#c)[L],(#c.#G-1.#C-1.#g.f)[IL],SU,(#c1.#c)[L],(b.B-1)[L],(#c1.#c)[L],(b.B-1)[ILM],(d.#f.D-1.#F-1.B-1)[L],(d.#f.D-1.#F-1.B-1)[IL],ST,(#c1.#c)[L],(e1.e)[L],(d1.d)[L],(#c1.#c)[L],(#c1.#c)[ILM],(#c.#G-1.#C-1.#g.f)[L],(f.#g.#C-1.#G-1.#c)[IL],SU,(#c1.#c)[L],(b.B-1)[L],(#c1.#c)[L],(b.B-1)[ILM],(B-1.#F-1.D-1.#f.d)[L],(B-1.#F-1.D-1.#f.d)[IL],SUWY,5<U>,mute[L],mute[L],mute[L],mute[L],mute[L],(#G-1.#g)[ILM],(f.#c.#G-1.#C-1)[L],(#c.f.#G-1.#C-1)[IJKP],(a.A-1)[LOP],(#g.#G-1)[LOP],(b.B-1)[LOP],(a.A-1)[LOP],(#G-1.#g)[LOP],(#G-1.#g)[ILM],(#G-1.E-1.#c.e)[L],(#G-1.E-1.e.#c)[IKLMOP],(a.A-1)[KNP],(#g.#G-1)[KNP],(b.B-1)[KNP],(a.A-1)[KLMOP],(#g.#G-1)[L],(#g.#G-1)[ILNP],(#G-1.#c.#d)[K],(#G-1.#d.#c)[HKMOP],(#G-1.#f.#d.c)[I],QSY,#G-2[JMOP],A-2[IJKP],B-2[KNP],#C-1[ILNO],#C-1[L],(#c.e1.#c1.#g.e)[ILNP],#F-2[KNP],c[KNP],#c[KNP],#d[KNP],(e.a1.#f1.#c1.a)[KNP],A-1[KNP],e[KNP],#d[KNP],#c[I],5<#C-1[M],#G-1[M]>,5<#c[M],#d[M]>,(#c.e1.#c1.#g.e)[JKMNOP],c[KNP],(#C-1.#c)[ILNP],(e1.#c1.#g.e)[JKMNOP],#d[KNP],6<B-2[NO],e[IMNOP]>,(e.#g1.e1.b.#g)[ILNP],B-2[KNP],#d[KNP],e[KNP],#f[KNP],(#g.b1.#d1.b.a)[KNP],B-1[KNP],#g[KNP],#f[KNP],e[I],5<E-1[M],B-1[M]>,5<e[M],#f[M]>,(e.#g1.e1.b.#g)[JKMNOP],#d[KNP],e[ILNP],(e.#G-1.e1.#g1.c1.#g.#f)[JKMNOP],(#d.#d1)[KNOP],5<#C-1[M],#c[M]>,#c1[ILNP],(#c.#c1.#c2.#g1.e1)[ILNP],(#F-2.a1.#f1)[KNP],(c.c1)[KNP],(#c.#c1)[KNP],(#d.#d1)[KNP],(e.e1)[KNP],(A-1.a)[KNP],(e.e1)[KNP],(#d.#d1)[KNP],(#c.#c1)[IO],5<#c1[M],#d1[M]>,(#c.#c2.#g1.e1.#c1)[JKMNOP],(c.c1)[KNP],(#c.#c1)[ILNP],(#A-1.e.g.#c1.e1.g1.#c2.e2)[JMOP],A-1[JMOP],5<(#G-1~e~#g)[L]>,(e1.#g1.#c2.#g2)[IO],#G-2[IK],5<(#f1~c2~#d2)[L]>,a2[KL],G-2[LOP],#G-2[LOP],A-2[LOP],C-1[LOP],#C-1[LOP],#D-1[LOP],E-1[LOP],#F-1[LOP],#G-1[LOP],B-1[LOP],A-1[LOP],#G-1[LOP],G-1[LMN],mute[L],mute[L],mute[L],mute[L],mute[L],mute[L],mute[L],mute[L],mute[L],mute[L],mute[L],mute[L],mute[L],mute[L],mute[L],mute[L],mute[L],mute[L],5<U>,5<U>,5<U>,5<U>,5<U>,5<U>,5<U>,5<U>,5<U>,5<U>,5<U>,5<U>,5<U>,5<U>,5<U>,5<U>,5<U>,5<U>,5<U>,5<U>,5<U>,5<U>,5<U>,5<U>,5<U>,5<U>,5<U>,5<U>,5<U>,5<U>,5<U>,5<U>,5<U>,5<U>,5<U>,5<U>,5<U>,5<U>,5<U>,5<U>,5<U>,5<U>,5<U>,5<U>,5<U>,5<U>,5<U>,5<U>,5<U>,5<U>,5<U>,5<U>,5<U>,5<U>,#g2[LN],g2[LN],#g2[LMP],a2[LMP],#a2[LMP],b2[LMP],c3[LMP],(A-1.#c3)[JK],(a1.e1.#c1)[L],5<e2[M],a2[M]>,(#c2.a1.e1.#c3)[I],A-1[K],(#g2.c3)[K],(#c3.a2)[K],(#c1.e1.a1.b2.#d3)[K],(e1.a1.#c2.e3.#c3)[K],(a2.e2)[K],(b2.#d3)[K],(a2.#c3)[K],(E-1.b2.#g2)[JK],(b2.b.e1.#g1)[L],#c3[L],(e1.#g1.b1.b2.#g2)[JK],(#a2.g2)[K],(b2.#g2)[I],(#g1.#c1.f.#c3.#g2.#c2)[I],(#F-1.a2.#f2)[JK],(#f1.#c1.a)[K],(a1.#f1.#c1.a2.#f2.#c2)[I],A-1[K],(f2.#g2)[K],(a2.#f2)[K],(#f1.#c1.a.#g2.b2)[K],(#c1.#f1.a1.#c3.a2)[K],(#f2.#c2)[K],(#g2.b2)[K],(#f2.a2)[K],(#c.#g2.e2)[I],(#g2.e1.#c1.#g)[L],a2[L],(#c1.e1.#g1.#g2.e2)[JK],(g2.#d2)[K],(#g2.e2)[IJKP],5<U>,5<U>,#F-1[I],5<U>,5<U>,(#f1.d1.a.#f.a1.#f2.d2)[JK],(f2.#c2)[K],(#f2.d2)[IJKP],5<U>,5<U>,#G-1[I],5<U>,5<U>,(d1.c1.a.#f.a1.d2.#f1)[JK],(#c2.f1)[K],(d2.#f1)[IJ],(e1.#c2)[K],(A-1.#c2.e1)[I],(e.a.#c1.#c2.a1.e1)[I],#c[K],(c2.#g1)[K],(a1.#c2)[K],(b1.#d2)[K],(e.a.#c1.e2.#c2)[K],(a1.e1)[K],(b1.#d2)[K],(a1.#c2)[K],(E-1.b1.#g1)[I],5<U>,(b.#g.e.b1.#g1)[JK],(#a1.g1)[K],(b1.#g1)[I],(F-1.#c.#g.#c2.#g1.#c1)[I],(#F-1.a1.#f1.#c1)[I],(a.#f.#c.a1.#f1.#c1)[I],A-1[K],(#g1.f1)[K],(a1.#f1)[K],(b1.#g1)[L],5<(#f1.a1)[M],(#g1.b1)[M]>,(a.#f.#c.#c2.a1)[K],(#f1.#c1)[K],(#g1.b1)[K],(#f1.a1)[K],(#C-1.#g1.e1)[JKL],5<U>,(#g.e.#c.#g1.e1)[JK],(g1.#d1)[K],(#g1.e1)[IJKP],5<U>,5<U>,#F-2[I],5<U>,5<U>,(#f.d.A-1.#F-1.a.#f1.d1)[JKMNOP],(f1.#c1)[KNP],(#f1.d1)[HNO],6<(D-1~E-1~#F-1)[KNP],#G-2[ILNP]>,(d.c.A-1.#F-1.a.#f)[INO],(#g.f)[KMNP],(a.#f)[HHLMOP],(#g.#f.d.c)[INO],6<#G-2[MNOP],A-2[MNOP],C-1[MNOP],#C-1[IKLN]>,(#g.f.#c)[IKLN],#C-1[LN],B-2[LN],#C-1[LN],B-2[IKLN],(#g.#f.d)[IJMN],#C-1[LMP],E-1[LMP],D-1[LMP],#C-1[LMP],#C-1[IKLN],(#g.f.#c)[IKLN],#C-1[LMOP],B-2[LMOP],#C-1[LMOP],B-2[IKLN],(#g.#f.d)[IJLN],A-2[K],#G-2[K],B-2[K],A-2[K],#G-2[K],#G-2[IJKP],(#g.f.#c)[IJKP],#G-2[H],(#g.#f.#d.c)[H],(#C-1.#G-2.#C-2.#g.f.#c.#G-1)[HHHHHH]{5},","QQQQQQX,(#G-1.#G-2.#f.d)[IJKLP],a[LO],#g[LO],b[LO],a[LO],#g[LO],QQQQQQQQQQQQSUVXY,(mute~#G-1.#c1~#d1)[K],QQQRSTWY,(mute~B-1.e1~#f1)[K],QQQQWY,(mute~#G-1.#c2~#d2)[K],QQR,#g1[MNO],g1[MNO],#g1[MNO],(#d.#D-1.g1)[MP],e1[MP],g1[MP],#g1[MP],#a1[MP],b1[MP],#c2[MP],#d2[MP],e2[MP],g2[MP],#g2[MP],#a2[MP],b2[MP],#c3[MP],#d3[MP],e3[MP],g3[MP],#g3[MP],(#a.#d.#a3)[MP],b3[MP],#c4[MP],#d4[MP],e4[MP],#d4[MP],#c4[MP],(#c1.#d1.b3)[MP],#a3[MP],#g3[MP],g3[MP],b3[MP],#a3[MP],#g3[MP],g3[MP],e3[MP],#d3[MP],#c3[MP],e3[MP],#d3[MP],#c3[MP],b2[MP],#a2[MP],#g2[MP],g2[MP],b2[MP],#a2[MP],#g2[MP],g2[MP],e2[MP],#d2[MP],#c2[MP],e2[MP],#d2[MP],#c2[MP],b1[MP],#a1[MP],#g1[MP],g1[LP],#g1[LP],g1[LP],e1[LP],g1[LO],QQSVWX,(mute~#g1.#d.#G-1~#a1)[K],QQQQQTUWX,(#d1.b.#f.#f2~#f2~#g2)[K],QRSU,(e.#g.#c1~#g1~#c2)[K],RST,(#g.#c1.e1.#d2.#f2~#c2.e2~#f2.#d2)[K],RSTV,(#d2.#d.#g.c1~#d2~e2)[K],QRSTUW,(#d.#g1~#g.c2~#d1.#g2)[K],SUW,(#c2~#d2~#g2)[K],SUW,(#g.#f2~c1.e2~#g1.#g2)[K],SUW,(#d2~#c2~#g2)[K],SUW,(e.#g1~#g.#c2~e1.#g2)[K],SUW,(#d2~e2~#g2)[K],SUW,(#g.#g2~#c1.#f2~#g1.#g2)[K],SUW,(e2~#d2~#g2)[K],QQWXY,(#G-2.#c2.#g2)[L],a2[L],#g2[L],a2[L],#g2[L],a2[L],(e.#g2~mute~#g~a2~e1~mute)[K],(#c1.#c2.#g2)[L],a2[L],#g2[L],a2[L],#g2[L],a2[L],(#g2.#d2)[L],a2[L],(#G-1.e2.#g2)[L],a2[L],#g2[L],a2[L],#g2[L],a2[L],(#g2.#g~mute~#c1~a2~#g1~mute)[K],(e1.#c3.#g2)[L],a2[L],#g2[L],a2[L],(#g2.e3)[L],a2[L],#g2[L],a2[L],(#G-2.#g2~#d3~#g3~#d3~#g2)[J],#g2[L],#g2[L],(#g.#g3~mute~c1~#g2~#g1~mute)[K],(#d1.c3)[L],#g3[L],c3[L],#g2[L],#c3[L],#g3[L],#c3[L],#g2[L],(#G-1.#d3)[L],#g3[L],#d3[L],#g2[L],#f3[L],#g3[L],(#f3.#d1~mute~c2~#g2~#d2~mute)[K],(#g1.e3)[L],#g3[L],e3[L],#g2[L],#d3[L],#g3[L],#d3[L],#g2[L],(#G-2.#g2~#c3~#g3~#c3~#g2)[J],#g2[L],#g2[L],(#g.#g3~mute~#c1~#g2~#g1~mute)[K],(e1.#c3)[L],#g3[L],#c3[L],#g2[L],#d3[L],#g3[L],#d3[L],#g2[L],(#G-1.e3)[L],#g3[L],e3[L],#g2[L],#g3[L],#g2[L],(e1.#g3~mute~#c2~#g2~e2~mute)[K],(#g1.#f3)[L],#g3[L],#f3[L],#g2[L],e3[L],#g3[L],e3[L],#g2[L],QQQST,(#g3.e1~mute~#c2~a3~e2~mute)[K],(#g1.e3~#g3~e4)[K],(#d4~#c4~#g3)[K],(e3~#d3~#c3)[K],QQQQQQ,(#g1~#c2~#g2)[K],RT,(#g1.#c3)[MNOP],#d3[MNOP],(#c1.#c3)[MNOP],#d3[MNOP],(#g1.#c3)[MNOP],#d3[MNOP],(#c.#c3)[MNOP],#d3[MNOP],(#g.#c3)[MNOP],#d3[MNOP],(f1.#c3)[MNOP],#d3[MNOP],(#g1.#c3)[MNO],#d3[MNO],(#c2.#c3)[MNO],#d3[MNO],(#g2.#c3)[MNO],#d3[MNO],(#c2.#c3)[MNO],#d3[MNO],(#g2.#c3)[MNO],#d3[MNO],(#c2.#c3.f2)[MNO],(#g2.#d3)[MNO],(#c2.#c3.f2)[MNP],(#g2.#d3)[MNP],(#c2.#c3.f2)[MNP],(#g2.#d3)[MNP],(#c2.#c3.f2)[MN],(#g2.#d3)[MN],(#c2.#c3.f2)[MN],(#g2.#d3)[MN],(#c2.#c3.f2)[MN],(#g2.#d3)[MN],(#c2.#c3.f2)[MN],(#g2.#d3)[MN],(#c2.#c3.f2)[MN],(#g2.#d3)[MN],(#c2.#c3.f2)[MN],(#g2.#d3)[MN],(f2.#c3.#c2)[MN],(#g2.#d3)[MN],(f2.#c3.#c2)[MN],(#g2.#d3)[MN],(f2.#c3.#c2)[MN],(#g2.#d3)[MN],(f2.#c3.#c2)[MN],(#g2.#d3)[MN],(f2.#c3.#c2)[MOP],(#g2.#d3)[MOP],(f2.#c3.#c2)[MOP],(#g2.#d3)[MOP],(#c3.f2.#c2)[MOP],(#g2.#d3)[MOP],(f2.#c3.#c2)[MOP],(#g2.c3)[MOP],#d3[MOP],#c3[MOP],f3[MOP],#d3[MOP],#c3[MOP],#g2[MOP],f2[MOP],#d2[MOP],#c2[MOP],#g1[MOP],f1[MOP],#g1[MOP],#c2[MOP],#d2[MOP],f2[MOP],#g2[MOP],#c3[MOP],#d3[MOP],f3[MOP],#g3[MOP],#c4[MOP],#g3[MOP],#d4[MOP],#c4[MOP],f4[MO],#d4[MO],#c4[MO],#g3[MO],f3[MO],#c4[MO],#g3[MO],f3[MO],#d3[MO],#c3[MO],f3[MO],#d3[MO],#c3[MO],#g2[MO],f2[MO],#c3[MO],#g2[MO],f2[MO],#d2[MO],#c2[MO],f2[MO],#d2[MO],#c2[MO],#g1[MO],f1[MO],#c2[MOP],#g1[MOP],f1[L],#d1[L],#c1[L],QQQQQQQTUW,(a.A-1)[LP],(#G-1.#g)[LP],(b.B-1)[LP],(A-1.a)[LP],(#g.#G-1)[LP],QQQQQQQQQQQQQQQQQQQQQQQQQRW,#G-1[MNOP],A-1[MNOP],c[MNOP],#c[MNOP],#d[MNOP],e[MNOP],#f[MNOP],g[MNOP],#g[MNOP],b[MNOP],a[MNOP],#g[MN],a[MN],c1[MN],#c1[MN],#d1[MN],e1[MN],#f1[MN],g1[MN],#g1[MN],b1[MN],a1[MN],#g1[MP],a1[MP],c2[MP],#c2[MP],#d2[MP],e2[MP],#f2[MP],g2[MP],#g2[MP],b2[MP],a2[MP],#g2[MO],a2[MO],#g2[MO],a2[MO],#g2[MO],a2[MO],#g2[MO],a2[MO],#g2[MO],a2[MO],#g2[MO],a2[MO],#g2[MO],a2[MO],#g2[MO],a2[MO],#g2[MP],a2[MP],#g2[MP],a2[MP],#g2[MP],a2[MP],#g2[MP],a2[MP],#g2[MP],a2[MP],#g2[MP],a2[MP],#g2[MP],a2[MP],#g2[MP],a2[MP],#g2[MP],a2[MP],#g2[MP],a2[MP],#g2[MP],a2[MP],#g2[MP],a2[MP],#g2[MP],a2[MP],#g2[MP],a2[MP],#g2[MP],a2[MP],#g2[MP],a2[MP],#g2[MP],a2[MP],#g2[MP],a2[MP],#g2[MP],a2[MP],#g2[MP],a2[MP],#g2[MP],a2[MP],#g2[MP],a2[MP],#g2[MP],a2[MP],#g2[MP],a2[MP],#g2[MP],a2[MP],#g2[MP],a2[MP],#g2[MP],a2[MP],#g2[MP],a2[MO],#g2[MO],a2[MO],#g2[MO],a2[MO],#g2[MO],a2[MO],#g2[MO],a2[MO],#g2[MO],a2[MO],QQQQQQQQRTWX,(#C-1~#D-1~E-1)[K],R,(a1~d2~#g2)[K],QSTY,(D-1~E-1~#F-1)[K],R,(#f1~a1~e2)[K],QQQRSU,(mute~b1~#c2)[K],QQQRST,(mute~#g1~a1)[K],QSTY,(#C-1~#D-1~E-1)[K],R,(a~d1~#f1)[K],"],"id":1,"instruments":["piano","piano"],"alternatives":["",""]},{"bpm":270,"baseBeats":0.5,"scores":["5<(#c2~#g2~#c3)[L]{2}>,#g2[KL]{2},#c2[L]{2},#g2[KL]{2},a2[L]{2},5<(#c2~#g2~#c3)[L]{2}>,#g2[KL]{2},b2[L]{2},a2[KL]{2},#g2[L]{2},5<(#c2~#f2~#c3)[L]{2}>,#f2[KL]{2},#c2[L]{2},#f2[KL]{2},#g2[L]{2},5<(#c2~a2~#c3)[L]{2}>,a2[KL]{2},#c3[L]{2},b2[KL]{2},a2[L]{2},5<(#c2~#g2~#c3)[L]{2}>,#g2[KL]{2},#c2[L]{2},#g2[KL]{2},a2[L]{2},5<(#c2~#g2~#c3)[L]{2}>,#g2[KL]{2},b2[L]{2},a2[KL]{2},#g2[L]{2},5<(#c2~#f2~#c3)[L]{2}>,#f2[KL]{2},#c2[L]{2},#f2[KL]{2},#g2[L]{2},5<(#c2~#f2~#c3)[L]{2}>,#f2[KL]{2},#c2[L]{2},a2[KL]{2},#c2[L]{2},5<(#c2~#g2~#c3)[L]{2}>,#g2[KL]{2},5<(#g1.#c2)[M]{2},f2[M]{2}>,(#g1.#g2)[KL]{2},a2[L]{2},5<(#c2~#g2~#c3)[L]{2}>,#g2[KL]{2},5<(#g3.b2)[M]{2},#c4[M]{2}>,(#g3.a2)[KL]{2},#g2[L]{2},5<(#c2~#f2~#c3)[L]{2}>,#f2[KL]{2},5<(#c1.#c2)[M]{2},a1[M]{2}>,(#c1.#f2)[KL]{2},#g2[L]{2},5<(#c2~a2~#c3)[L]{2}>,a2[KL]{2},5<(#f3.#c3)[M]{2},#c4[M]{2}>,(#f3.b2)[KL]{2},a2[L]{2},5<(#c2~#g2~#c3)[L]{2}>,#g2[KL]{2},5<(#g1.#c2)[M]{2},f2[M]{2}>,(#g1.#g2)[KL]{2},a2[L]{2},5<(#c2~#g2~#c3)[L]{2}>,#g2[KL]{2},5<(#g3.b2)[M]{2},#c4[M]{2}>,(#g3.a2)[KL]{2},#g2[L]{2},5<(#c2~#f2~#c3)[L]{2}>,#f2[KL]{2},5<(#c1.#c2)[M]{2},a1[M]{2}>,(#c1.#f2)[KL]{2},#g2[L]{2},5<(#c2~#f2~#c3)[L]{2}>,#f2[KL]{2},5<(#f3.#c2)[M]{2},#c4[M]{2}>,(#f3.a2)[KM]{2},5<V,#c2[M]{2}>,5<#g2[M]{2},#c3[M]{2}>,#g2[KL]{2},5<(#g1.#c2)[M]{2},f2[M]{2}>,(#g1.#c3)[KM]{2},5<V,#c2[M]{2}>,5<#g2[M]{2},#c3[M]{2}>,#g2[KL]{2},5<(#g3.#c2)[M]{2},#c4[M]{2}>,(#g3.#c3)[KM]{2},5<V,#c2[M]{2}>,5<#f2[M]{2},#c3[M]{2}>,#f2[KL]{2},5<(#c1.#c2)[M]{2},a1[M]{2}>,(#c1.#c3)[KM]{2},5<V,#c2[M]{2}>,5<a2[M]{2},#c3[M]{2}>,a2[KL]{2},5<(#f3.#c2)[M]{2},#c4[M]{2}>,(#f3.#c3)[KM]{2},5<V,#c2[M]{2}>,5<#g2[M]{2},#c3[M]{2}>,#g2[KL]{2},5<(#g1.#c2)[M]{2},f2[M]{2}>,(#g1.#c3)[KM]{2},5<V,#c2[M]{2}>,5<#g2[M]{2},#c3[M]{2}>,#g2[KL]{2},5<(#g3.#c2)[M]{2},#c4[M]{2}>,(#g3.#c3)[KM]{2},5<V,#c2[M]{2}>,5<#f2[M]{2},#c3[M]{2}>,#f2[KL]{2},5<(#c1.#c2)[M]{2},a1[M]{2}>,(#c1.#c3)[KM]{2},5<V,#c2[M]{2}>,5<a2[M]{2},#c3[M]{2}>,a2[KL]{2},5<(#f3.#c2)[M]{2},#c4[M]{2}>,(#f3.#c3)[KL]{2},#c2[L]{2},#g1[L]{2},#c2[L]{2},(#c.#c2)[L]{2},#c2[L]{2},(b.#c2)[L]{2},#c2[L]{2},(f1.#c2)[L]{2},#c2[L]{2},a1[L]{2},#c2[L]{2},(#c1.#c2)[L]{2},#c2[L]{2},#g1[L]{2},#c2[L]{2},(#c1.#c2)[L]{2},#c2[L]{2},#f1[L]{2},#c2[L]{2},(#c.#c2)[L]{2},#c2[L]{2},(a.#c2)[L]{2},#c2[L]{2},(#c1.#c2)[L]{2},#g1[L]{2},a1[L]{2},#c2[L]{2},(#c1.#c2)[L]{2},#c2[L]{2},#f1[L]{2},#c2[L]{2},(#c1.#c2)[L]{2},#c2[L]{2},#g1[L]{2},#c2[L]{2},(#c.#c2)[L]{2},#c2[L]{2},(b.#c2)[L]{2},#c2[L]{2},(f1.#c2)[L]{2},b1[L]{2},a1[L]{2},#c2[L]{2},(#c1.#c2)[L]{2},#c2[L]{2},#g1[L]{2},#c2[L]{2},(#c1.#c2)[L]{2},#c2[L]{2},#f1[L]{2},#c2[L]{2},(#c.#c2)[L]{2},#c2[L]{2},(a.#c2)[L]{2},#c2[L]{2},(#c1.#c2)[L]{2},#g1[L]{2},a1[L]{2},#c2[L]{2},(#c1.#c2)[L]{2},#c2[L]{2},#f1[L]{2},#c2[L]{2},(#c1.#c2)[L]{2},#c2[L]{2},(#g1.#g2)[L]{2},#c2[L]{2},(#c.#c2)[L]{2},#c2[L]{2},(b.#c2)[L]{2},#c2[L]{2},(f1.#c2)[L]{2},#c2[L]{2},(a1.a2)[L]{2},#c2[L]{2},(f1.#c2)[L]{2},#c2[L]{2},(b.#g1.#g2)[L]{2},#c2[L]{2},(#c.#c2)[L]{2},#c2[L]{2},(#f1.#f2)[L]{2},#c2[L]{2},(#c.#c2)[L]{2},#c2[L]{2},(a.#c2)[L]{2},#c2[L]{2},(#f1.#c2)[L]{2},(#g2.#g1)[L]{2},(a1.a2)[L]{2},#c2[L]{2},#c2[L]{2},#c2[L]{2},(a.#f1.#f2)[L]{2},#c2[L]{2},(#c.#c2)[L]{2},#c2[L]{2},(#g1.#g2)[L]{2},#c2[L]{2},(#c.#c2)[L]{2},#c2[L]{2},(b.#c2)[L]{2},#c2[L]{2},(f1.b2.b1)[L]{2},#c2[L]{2},(a1.a2)[L]{2},#c2[L]{2},(f1.#c2)[L]{2},#c2[L]{2},(b.#g1.#g2)[L]{2},#c2[L]{2},(#c.#c2)[L]{2},#c2[L]{2},(#f1.#f2)[L]{2},#c2[L]{2},(#c.#c2)[L]{2},#c2[L]{2},(a.#c2)[L]{2},#c2[L]{2},(#f1.#c2)[L]{2},(#g2.#g1)[L]{2},(a1.a2)[L]{2},#c2[L]{2},#c2[L]{2},#c2[L]{2},(a.#f1.#f2)[L]{2},#c2[L]{2},(#c.#c2)[L]{2},#c2[L]{2},(#g.#c3)[L]{2},#c2[L]{2},#c2[L]{2},#c2[L]{2},(#c1.f1.b1.#c3)[L]{2},#c2[L]{2},#c2[L]{2},#c2[L]{2},(#c.#c3)[L]{2},#c2[L]{2},(#c1.f1.a1.#c2)[L]{2},#c2[L]{2},(b.#c3)[L]{2},#c2[L]{2},(#c1.f1.#g1.#c2)[L]{2},#c2[L]{2},(#f.#c3)[L]{2},#c2[L]{2},#c2[L]{2},#c2[L]{2},(#c1.#f1.a1.#c3)[L]{2},#c2[L]{2},#c2[L]{2},#c2[L]{2},(#c.#c3)[L]{2},#c2[L]{2},(a.#c1.#g1.#c2)[L]{2},#c2[L]{2},(#f.#c3)[L]{2},#c2[L]{2},(a.#c1.#f1.#c2)[L]{2},#c2[L]{2},(#g.#c3)[L]{2},#c2[L]{2},#c2[L]{2},#c2[L]{2},(#c1.f1.b1.#c3)[L]{2},#c2[L]{2},#c2[L]{2},#c2[L]{2},(#c.#c3)[L]{2},#c2[L]{2},(#c1.f1.a1.#c2)[L]{2},#c2[L]{2},(b.#c3)[L]{2},#c2[L]{2},(#c1.f1.#g1.#c2)[L]{2},#c2[L]{2},mute[L],mute[L],mute[L],mute[L],mute[L],mute[L],mute[L],mute[L],mute[L],mute[L],mute[L],mute[L],mute[L],mute[L],mute[L],mute[L],mute[L],mute[L],mute[L],mute[L],mute[L],mute[L],mute[L],mute[L],mute[L],mute[L],mute[L],mute[L],mute[L],mute[L],mute[L],mute[L],mute[L],mute[L],mute[L],mute[L],mute[L],mute[L],mute[L],mute[L],mute[L],mute[L],mute[L],mute[L],mute[L],mute[L],mute[L],mute[L],mute[L],mute[L],mute[L],mute[L],mute[L],mute[L],mute[L],mute[L],mute[L],mute[L],mute[L],mute[L],mute[L],mute[L],mute[L],mute[L],mute[L],mute[L],mute[L],mute[L],mute[L],mute[L],mute[L],mute[L],mute[L],mute[L],mute[L],mute[L],mute[L],mute[L],mute[L],mute[L],mute[L],mute[L],mute[L],mute[L],mute[L],mute[L],mute[L],mute[L],mute[L],mute[L],mute[L],mute[L],mute[L],mute[L],mute[L],mute[L],mute[L],mute[L],#c2[JKMOP]{2},","QQQQQQQQQQQQQQQQQQQQQQQQS,(#f.#c3)[MNOP]{2},#c2[MNOP]{2},#c2[MNOP]{2},#c2[MNOP]{2},(#c1.#f1.a1.#c3)[MNOP]{2},#c2[MNOP]{2},#c2[MNOP]{2},#c2[MNOP]{2},(#c.#c3)[MNOP]{2},#c2[MNOP]{2},(a.#c1.#g1.#c2)[MNOP]{2},#c2[MNOP]{2},(#f.#c3)[MNOP]{2},#c2[MNOP]{2},(a.#c1.#f1.#c2)[MNOP]{2},#c2[MNOP]{2},(#g.#c3)[MNOP]{2},#c2[MNOP]{2},#c3[MNOP]{2},#c3[MNOP]{2},(#c1.f1.b1.#c4)[MNOP]{2},#c3[MNOP]{2},#c3[MNOP]{2},#c2[MNOP]{2},(#c.#c3)[MNOP]{2},#c2[MNOP]{2},#c2[MNOP]{2},#c2[MNOP]{2},(#c1.f1.b1.#c3)[MNOP]{2},#c2[MNOP]{2},#c2[MNOP]{2},#c2[MNOP]{2},(#f.#c3)[MNOP]{2},#c2[MNOP]{2},#c3[MNOP]{2},#c3[MNOP]{2},(#c1.#f1.#a1.#c4)[MNOP]{2},#c3[MNOP]{2},#c3[MNOP]{2},#c2[MNOP]{2},(#c.#c3)[MNOP]{2},#c2[MNOP]{2},#c2[MNOP]{2},#c2[MNOP]{2},(#c1.#f1.#a1.#c3)[MNOP]{2},#c2[MNOP]{2},#c2[MNOP]{2},#c2[MNOP]{2},(#g.#c3)[MNOP]{2},#c2[MNOP]{2},(b1.f1.#c1.#c3)[MNOP]{2},#c3[MNOP]{2},(#c.#c4)[MNOP]{2},#c3[MNOP]{2},(b1.f1.#c1.#c3)[MNOP]{2},#c2[MNOP]{2},(#g.#c3)[MNOP]{2},#c2[MNOP]{2},(b1.f1.#c1.#c2)[MNOP]{2},#c2[MNOP]{2},(#c.#c3)[MNOP]{2},#c2[MNOP]{2},(b1.f1.#c1.#c2)[MNOP]{2},#c2[MNOP]{2},(#f.#c3)[MNO]{2},#c2[MNO]{2},(#a1.#f1.#c1.#c3)[MNO]{2},#c3[MNO]{2},(#f.#c4)[MNO]{2},#c3[MNO]{2},(#a1.#f1.#c1.#c3)[MNO]{2},#c2[MNO]{2},(#f.#c3)[MNO]{2},#c2[MNO]{2},(#a1.#f1.#c1.#c2)[MNO]{2},#c2[MNO]{2},(#f.#c3)[MNO]{2},#c2[MNO]{2},(#a1.#f1.#c1.#c2)[MNP]{2},#c2[MNP]{2},(#g.#c3)[MNP]{2},#c2[MNP]{2},(#c1.f1.b1.#c3)[MNP]{2},#c3[MNP]{2},(#c.#c4)[MNP]{2},#c3[MNP]{2},(b1.f1.#c1.#c3)[MNP]{2},#c2[MNP]{2},(#g.#c3)[MNP]{2},#c2[MNP]{2},(#c1.f1.b1.#c3)[MNP]{2},#c3[MNP]{2},(#c.#c4)[MNP]{2},#c3[MNP]{2},(b1.f1.#c1.#c3)[MN]{2},#c2[MN]{2},(#f.#c3)[MN]{2},#c2[MN]{2},(#c1.#f1.#a1.#c3)[MN]{2},#c3[MN]{2},(#f.#c4)[MN]{2},#c3[MN]{2},(#a1.#f1.#c1.#c3)[MN]{2},#c2[MN]{2},(#f.#c3)[MN]{2},#c2[MN]{2},(#c1.#f1.#a1.#c3)[MN]{2},#c3[MN]{2},(#f.#c4)[MN]{2},#c3[MN]{2},(#a1.#f1.#c1.#c3)[MN]{2},"],"id":2,"instruments":["piano","piano"],"alternatives":["",""]},{"bpm":300,"baseBeats":0.5,"scores":["(#g.#G-1.c2.f2.c3)[J]{3},(#g.#c1.f1.#c2.#g2.#c3)[KLMP]{3},(#C-1.#c.b1.f2.b2)[KLP]{3},(f1.#c1.#g)[LNO]{3},(#c2.#c3)[LNO]{3},(#G-1.#g.c2.f2.c3)[KMP]{3},(#g.#c1.f1.#c2.#g2.#c3)[KNO]{3},(#C-1.#c.b1.f2.b2)[KNP]{3},(f1.#c1.#g~#c2.#c3)[KNP]{3},(#F-1.#f.c2.a2.c3)[KNP]{3},(#a.#c1.#f1.#c2.#a2.#c3)[KNP]{3},(#C-1.#c.#a1.#f2.#a2)[KO]{3},(#f1.#c1.#a~#c2.#c3)[KO]{3},(#F-1.#f.c2.a2.c3)[KO]{3},(#a.#c1.#f1.#c2.#a2.#c3)[KO]{3},(#C-1.#c.#a1.#f2.#a2)[KO]{3},(#f1.#c1.#a~#c2.#c3)[KO]{3},(#G-1.#g.c2.c3)[KO]{3},(b.#c1.f1.#c2.#g2.#c3)[KO]{3},(#C-1.#c.#d2.b2.#d3)[KO]{3},(f1.#c1.b~#c2.#g2.#c3)[KO]{3},(#G-1.#g.c2.c3)[KO]{3},(b.#c1.f1.#c2.#g2.#c3)[KO]{3},(#C-1.#c.#d2.b2.#d3)[KO]{3},(f1.#c1.b~#c2.#g2.#c3)[KO]{3},(#F-1.#f.c2.a2.c3)[K]{3},(#a.#c1.#f1.#c2.#a2.#c3)[K]{3},(#C-1.#c.#f2.#a2.#f3)[K]{3},(#f1.#c1.#a)[L]{3},(#c2.#c3)[L]{3},(#F-1.#f.c2.a2.c3)[K]{3},(#a.#c1.#f1.#c2.#a2.#c3)[K]{3},(#C-1.#c.#f2.#a2.#f3)[K]{3},(#f1.#c1.#a)[L]{3},(#c2.#c3)[L]{3},(#g.c2.f2.c3)[KO]{3},(#c1.f1.#c2.#c3)[KO]{3},(#c.b1.f2.b2)[KO]{3},(f1.#c1.#g~#c2.#c3)[KO]{3},(#G-1.c2.f2.c3)[KO]{3},(#g.#c1.f1.#c2.#c3)[KO]{3},(#C-1.b1.f2.b2)[KO]{3},(f1.#c1.#g~#c2.#c3)[KO]{3},(#f.c2.a2.c3)[K]{3},(#a.#c1.#f1.#c2.#a2.#c3)[K]{3},(#c.#a1.#f2.#a2)[K]{3},(#f1.#c1.#a)[L]{3},(#c2.#c3)[L]{3},(#F-1.c2.a2.c3)[K]{3},(#a.#c1.#f1.#c2.#a2.#c3)[K]{3},(#C-1.#a1.#f2.#a2)[K]{3},(#a.#c1.#f1)[L]{3},(#c2.#c3)[L]{3},(#g.c2.c3)[K]{3},(f1.#c1.#c2.#g2.#c3)[K]{3},(#c.#d2.b2.#d3)[K]{3},(f1.#c1.#g)[L]{3},(#c2.#g2.#c3)[L]{3},(#G-1.c2.c3)[K]{3},(f1.#c1.#g.#c2.#g2.#c3)[K]{3},(#C-1.#d2.b2.#d3)[K]{3},(f1.#c1.#g)[L]{3},(#c2.#g2.#c3)[L]{3},(#f.c2.a2.c3)[K]{3},(#f1.#c1.#a.#c2.#a2.#c3)[K]{3},(#c.#f2.#a2.#f3)[K]{3},(#f1.#c1.#a)[L]{3},(#c2.#c3)[L]{3},(#F-1.c2.a2.c3)[K]{3},(#a.#c1.#f1.#c2.#a2.#c3)[K]{3},(#C-1.#f2.#a2.#f3)[K]{3},(#f1.#c1.#a)[L]{3},(#c2.#c3)[L]{3},(#f.#d2.b2.#d3)[K]{3},(#d1.b.#f2.b2)[K]{3},(#c.#d2.#f2)[K]{3},(#f1.#d1.b1.#d2)[K]{3},(#f.#d2.#f2)[K]{3},(#d1.b.#f2.b2)[K]{3},(#c.b2.#d3)[K]{3},(#f1.#d1.#d3.#f3)[K]{3},(#f.#c2.#a2.#c3)[K]{3},(#c1.#a.#f2.#a2)[K]{3},(#c.#c2.#f2)[K]{3},(#f1.#c1.#a1.#c2)[K]{3},(#f.#c2.#f2)[K]{3},(#c1.#a.#f2.#a2)[K]{3},(#c.#c2.#f2.#a2.#c3)[K]{3},(#c1.#f1)[L]{3},5<W,#d2[N]{3},#f2[N]{3},b2[N]{3}>,(#f.#d3)[K]{3},(#d1.b.#f2.b2)[K]{3},(#c.#d2.#f2)[K]{3},(#f1.#d1.b1.#d2)[K]{3},(#f.#d2.#f2)[K]{3},(#d1.b.#f2.b2)[K]{3},(#c.b2.#d3)[K]{3},(#f1.#d1.#d3.#f3)[K]{3},(#f.#a2.#c3)[K]{3},(#c1.#a.#f2.#a2)[K]{3},(#c.#c2.#f2)[K]{3},(#f1.#c1.#a1.#c2)[K]{3},(#f.#c2.#f2)[K]{3},(#c1.#a.#f2.#a2)[K]{3},(#c.#c2.#f2.#a2.#c3)[K]{3},(#f1.#c1)[K]{3},(#g.c3)[L]{3},#c4[L]{3},(#c1.f1.#c3)[L]{3},#c4[L]{3},(#c.b2)[L]{3},#c4[L]{3},(#c1.f1.#c3)[L]{3},#c4[L]{3},(#g1.c3)[L]{3},#c4[L]{3},(#c2.f2.#c3)[L]{3},#c4[L]{3},(#c1.b2)[L]{3},#c4[L]{3},(#c2.f2.#c3)[L]{3},#c4[L]{3},(#f.c3)[L]{3},#c4[L]{3},(#a.#c1.#f1.#c3)[L]{3},#c4[L]{3},(#c.#a2)[L]{3},#c4[L]{3},(#a.#c1.#f1.#c3)[L]{3},#c4[L]{3},(#a1.c3)[L]{3},#c4[L]{3},(#c2.#f2.#c3)[L]{3},#c4[L]{3},(#f1.#a2)[L]{3},#c4[L]{3},(#c2.#f2.#c3)[L]{3},#c4[L]{3},(#g.c3)[L]{3},#c4[L]{3},(#c1.f1.#c3)[L]{3},#c4[L]{3},(#c.b2.f3)[L]{3},#c4[L]{3},(#c1.f1.#c3)[L]{3},#c4[L]{3},(#g1.c3)[L]{3},#c4[L]{3},(#c2.f2.#c3)[L]{3},#c4[L]{3},(#c1.b2.f3)[L]{3},#c4[L]{3},(#c2.f2.#c3)[L]{3},#c4[L]{3},(#f.#a2)[L]{3},#c4[L]{3},(#a.#c1.#f1.#c3)[L]{3},#c4[L]{3},(#c.#a2.#f3)[L]{3},#c4[L]{3},(#a.#c1.#f1.#c3)[L]{3},#c4[L]{3},(#a1.#a2)[L]{3},#c4[L]{3},(#c2.#f2.#c3)[L]{3},#c4[L]{3},(#f1.#a2.#f3)[L]{3},#c4[L]{3},(#c2.#f2.#c3)[L]{3},#c4[L]{3},(#f1.#d3)[L]{3},#c4[L]{3},(b1.#d2.b2)[L]{3},#c4[L]{3},(#c1.#a2)[L]{3},#c4[L]{3},(#d2.#f2.b2)[L]{3},#c4[L]{3},(#f1.#d3)[L]{3},#c4[L]{3},(#d2.#f2.b2)[L]{3},#c4[L]{3},(b1.#f3)[L]{3},#c4[L]{3},(#d2.#f2.#d3)[L]{3},#c4[L]{3},(#f1.#c3)[L]{3},#c4[L]{3},(#a1.#c2.#a2)[L]{3},#c4[L]{3},(#c1.a2)[L]{3},#c4[L]{3},(#c2.#f2.#a2)[L]{3},#c4[L]{3},(#f1.#c3)[L]{3},#c4[L]{3},(#c2.#f2.#a2)[L]{3},#c4[L]{3},(#a1.#f3)[L]{3},#c4[L]{3},(#c2.#f2.#c3)[L]{3},#c4[L]{3},(#f1.#d3)[L]{3},#c4[L]{3},(b1.#d2.b2)[L]{3},#c4[L]{3},(#c1.#a2)[L]{3},#c4[L]{3},(#d2.#f2.b2)[L]{3},#c4[L]{3},(#f1.#d3)[L]{3},#c4[L]{3},(#d2.#f2.b2)[L]{3},#c4[L]{3},(b1.#f3)[L]{3},#c4[L]{3},(#d2.#f2.#d3)[L]{3},#c4[L]{3},(#f1.#c3)[L]{3},#c4[L]{3},(#a1.#c2.#a2)[L]{3},#c4[L]{3},(#c1.a2)[L]{3},#c4[L]{3},(#c2.#f2.#a2)[L]{3},#c4[L]{3},(#f1.#c3)[L]{3},#c4[L]{3},(#c2.#f2.#a2)[L]{3},#c4[L]{3},(#a1.#f3)[L]{3},#c4[L]{3},(#c2.#f2.#c3)[L]{3},#c4[L]{3},(b2.f3)[L]{3},5<#c4[M]{3},c1[M]{3}>,(#c1.#c3.#g3)[L]{3},#c4[L]{3},(b2.f3)[L]{3},5<#c4[M]{3},e1[M]{3}>,(f1.#c3.#g3)[L]{3},#c4[L]{3},(b2.f3)[L]{3},5<#c4[M]{3},a1[M]{3}>,(#a1.#c3.#g3)[L]{3},#c4[L]{3},(b2.f3)[L]{3},5<#c4[M]{3},g1[M]{3}>,(#g1.#c3.#g3)[L]{3},#c4[L]{3},(#a2.#f3)[L]{3},5<#c4[M]{3},f1[M]{3}>,(#f1.#a3.#c3)[L]{3},5<#c4[M]{3},e1[M]{3}>,(f1.#f3.#a2)[L]{3},5<#c4[M]{3},#d1[M]{3}>,(e1.#c3.#a3)[L]{3},#c4[L]{3},(#a2.#f3)[L]{3},5<#c4[M]{3},d1[M]{3}>,(#d1.#a3.#c3)[L]{3},5<#c4[M]{3},#c1[M]{3}>,(d1.#f3.#a2)[L]{3},5<#c4[M]{3},c1[M]{3}>,(#c1.#c3.#a3)[L]{3},#c4[L]{3},(b2.f3)[L]{3},5<#c4[M]{3},c1[M]{3}>,(#c1.#c3.#g3)[L]{3},#c4[L]{3},(b2.f3)[L]{3},5<#c4[M]{3},e1[M]{3}>,(f1.#c3.#g3)[L]{3},#c4[L]{3},(b2.f3)[L]{3},5<#c4[M]{3},a1[M]{3}>,(#a1.#c3.#g3)[L]{3},#c4[L]{3},(b2.f3)[L]{3},5<#c4[M]{3},g1[M]{3}>,(#g1.#c3.#g3)[L]{3},#c4[L]{3},(#a2.#f3)[L]{3},5<#c4[M]{3},f1[M]{3}>,(#f1.#a3.#c3)[L]{3},5<#c4[M]{3},e1[M]{3}>,(f1.#f3.#a2)[L]{3},5<#c4[M]{3},#d1[M]{3}>,(e1.#c3.#a3)[L]{3},#c4[L]{3},(#a2.#f3)[L]{3},5<#c4[M]{3},d1[M]{3}>,(#d1.#a3.#c3)[L]{3},5<#c4[M]{3},#c1[M]{3}>,(d1.#f3.#a2)[L]{3},5<#c4[M]{3},c1[M]{3}>,(#c1.#a3.#c3)[L]{3},#c4[L]{3},(#g.b2.f3)[L]{3},#c4[L]{3},(f1.#c1.#c3.#g3)[L]{3},#c4[L]{3},(#c.b2.f3)[L]{3},#c4[L]{3},(#c1.f1.#c3.#g3)[L]{3},#c4[L]{3},(c2.#g1.b2.f3)[L]{3},#c4[L]{3},(#c2.f1.#c3.#g3)[L]{3},#c4[L]{3},(#g1.b1.f3.#c3.f2)[KL]{3},(f1.#c2)[L]{3},(#f.#a2.#f3)[L]{3},#c4[L]{3},(#c1.#f1.#c3.#a3)[L]{3},#c4[L]{3},(#c.#a2.#f3)[L]{3},#c4[L]{3},(#f1.#c1.#c3.#a3)[L]{3},#c4[L]{3},(c2.a1.#a2.#f3)[L]{3},#c4[L]{3},(#a1.#c2.#c3.#a3)[L]{3},#c4[L]{3},(#f1.#a1.#f3.#c3.#f2)[KL]{3},#c2[L]{3},(#g.b2.f3)[L]{3},#c4[L]{3},(f1.#c1.#c3.#g3)[L]{3},#c4[L]{3},(#c.b2.f3)[L]{3},#c4[L]{3},(f1.#c1.#c3.#g3)[L]{3},#c4[L]{3},(#g1.c2.b2.f3)[L]{3},#c4[L]{3},(f1.#c2.#c3.#g3)[L]{3},#c4[L]{3},(#g1.b1.f3.#c3.f2)[KL]{3},(#c2.f1)[L]{3},(#f.#a2.#f3)[L]{3},#c4[L]{3},(#f1.#c1.#c3.#a3)[L]{3},#c4[L]{3},(#c.#a2.#f3)[L]{3},#c4[L]{3},(#f1.#c1.#c3.#a3)[L]{3},#c4[L]{3},(a1.c2.#a2.#f3)[L]{3},#c4[L]{3},(#c2.#a1.#c3.#a3)[L]{3},#c4[L]{3},(#a1.#f1.#f3.#c3.#f2)[KLM]{3},6<#c2[MP]{3},b2[MP]{3},(#d4.#g)[KMN]{3}>,(#c1.f1.b1)[KMN]{3},(#c.#g2)[KNP]{3},(#c1.f1.b1)[KNP]{3},#g[KNP]{3},(b1.f1.#c1.#a2)[KO]{3},(#c.b2)[KO]{3},(b1.f1.#c1.#g2)[LMP]{3},6<#a2[MP]{3},(#f.#c4)[KO]{3}>,(#c1.#f1.#a1)[KO]{3},(#c.#f2)[KO]{3},(#c1.#f1.#a1)[KO]{3},#f[KO]{3},(#a1.#f1.#c1.#g2)[K]{3},(#c.#a2)[K]{3},(#a1.#f1.#c1.#f2)[K]{3},(#g.f2)[K]{3},(b1.f1.#c1.#f2)[K]{3},(#c.#g2)[K]{3},(b1.f1.#c1.#a2)[K]{3},(#g.b2)[LMNO]{3},(#c1.f1.b1.#c3)[LMNO]{3},(#c.#d3)[LMNO]{3},(b1.f1.#c1.f3)[L]{3},5<#f3[M]{3},#g3[M]{3}>,(#f.#f3)[LMNO]{3},(#a1.#f1.#c1.f3)[LMNO]{3},(#c.#f3)[LMNO]{3},(#c1.#f1.#a1.#g3)[LMNO]{3},(#f.#a3)[LMNO]{3},(#c1.#f1.#a1.#g3)[LMNO]{3},(#c.#a3)[LMNO]{3},(#c1.#f1.#a1.#f3)[L]{3},5<(b2~f3~#g3)[L]{3}>,(#g.#d4)[LMNO]{3},(#c1.f1.b1)[LMNO]{3},(#c.f2.#g2)[LMNO]{3},(b1.f1.#c1)[LMNO]{3},#g[LMNO]{3},(b1.f1.#c1.#f2.#a2)[LMNO]{3},(#c.#g2.b2)[LMNO]{3},(b1.f1.#c1.f2.#g2)[L]{3},5<(#a2~#c3~#f3)[L]{3}>,(#f.#c4)[LMNO]{3},(#c1.#f1.#a1)[LMNO]{3},(#c.#a1.#f2)[LMNO]{3},(#c1.#f1.#a1)[LMNO]{3},#f[LMNO]{3},(#c1.#f1.#a1.b1.#g2)[LMNO]{3},(#c.#c2.#a2)[LMNO]{3},(#a1.#f1.#c1.#f2)[LMNO]{3},(#g.#g1.f2)[LMNO]{3},(b.#c1.f1.#a1.#f2)[LMNO]{3},(#c.b1.#g2)[LMNO]{3},(b.#c1.f1.#c2.#a2)[LMNO]{3},(#g.#d2.b2)[LMNO]{3},(f1.#c1.b.f2.#c3)[LMNO]{3},(#c.#f2.#d3)[LMNO]{3},(f1.#c1.b.#g2.f3)[LMNO]{3},(#f.#a2.#f3)[LMNO]{3},(#a.#c1.#f1.#g2.f3)[LMNO]{3},(#c.#a2.#f3)[LMNO]{3},(#a.#c1.#f1.b2.#g3)[LMNO]{3},(#f.#c3.#a3)[LMNO]{3},(#a.#c1.#f1.b2.#g3)[LMNO]{3},(#c.#c3.#a3)[LMNO]{3},(#a.#c1.#f1.#a2.#f3)[L]{3},5<#d3[M]{3},#a3[M]{3}>,(#d.#f4)[LMNO]{3},(#g.c1.#f1)[LMNO]{3},(#G-1.#f1.#d2)[LMNO]{3},(#g.c1)[LMNO]{3},#d[LMNO]{3},(c1.#g.#g1.f2)[LMNO]{3},(#G-1.#a1.#f2)[LMNO]{3},(#g.c1.#f1.#d2)[L]{3},5<#c3[M]{3},#g3[M]{3}>,(#c.f4)[LMNO]{3},(#g.#c1.f1)[LMNO]{3},(#G-1.f1.#c2)[LMNO]{3},(#g.#c1)[LMNO]{3},#c[LMNO]{3},(#c1.#g.#f1.#d2)[LMNO]{3},(#G-1.#g1.f2)[LMNO]{3},(#g.#c1.f1.#c2)[LMNO]{3},(#d.#d1.c2)[LMNO]{3},(#f.#g.c1.f1.#c2)[LMNO]{3},(#G-1.#f1.#d2)[LMNO]{3},(#f.#g.c1.#g1.f2)[LMNO]{3},(#d.#a1.#f2)[LMNO]{3},(#g.c1.#f1.c2.#g2)[LMNO]{3},(#G-1.#c2.#a2)[LMNO]{3},(#g.c1.#d2.c3)[LMNO]{3},(f2.#c.#g.#c1.#c2.#c3)[LMNO]{3},(d.d1.c2.c3)[LMNO]{3},(c.c1.d2.d3)[LMNO]{3},(#c.#c1.#c2.#c3)[LMNO]{3},(B-1.b.#d2.#d3)[LMOP]{3},(c.c1.d2.d3)[LMOP]{3},(#A-1.#a.e2.e3)[LMOP]{3},(B-1.b.#d2.#d3)[LMOP]{3},(A-1.a.f2.f3)[LMO]{3},(#A-1.#a.e2.e3)[LMO]{3},(#G-1.#g.#f2.#f3)[LMO]{3},(A-1.a.f2.f3)[LMO]{3},(G-1.g.g2.g3)[LMP]{3},(#G-1.#g.#f2.#f3)[LMP]{3},(#F-1.#f.#g2.#g3)[LMP]{3},(G-1.g.g2.g3)[LMP]{3},(F-1.f.a2.a3)[LM]{3},(#F-1.#f.#g2.#g3)[LM]{3},(E-1.e.#a2.#a3)[LM]{3},(F-1.f.a2.a3)[LM]{3},(#d.#D-1.b2.b3)[LM]{3},(e.E-1.#a2.#a3)[LM]{3},(D-1.d.b2.b3)[LM]{3},(#D-1.#d.c3.c4)[LM]{3},(#c.#C-1.#c3.#c4)[LM]{3},(d.D-1.c3.c4)[LM]{3},(#c.#G-1.#C-1.#c3.f3.#c4)[LM]{3},(d.D-1.c3.#f3.c4)[LM]{3},(#c.#G-1.#C-1.#c3.f3.#c4)[LMO]{3},(d.D-1.c3.#f3.c4)[LMO]{3},(#c.#G-1.#C-1.#c3.f3.#c4)[LMO]{3},(d.D-1.c3.#f3.c4)[LMO]{3},(#C-1.#G-1.#c.#c3.f3.#c4)[LMOP]{3},(c1.c.c2.c3)[LMOP]{3},(#c1.#c.#c2.#c3)[LMOP]{3},(c1.c.c2.c3)[LMOP]{3},(#c1.#c.#c2.#c3)[LMNO]{3},(c1.c.c2)[LMNO]{3},(#c1.#c.#c2)[LMNO]{3},(c.c1.c2)[LMNO]{3},(#c.#C-1.#c1.#c2)[K]{3},(f.#g.f1.#g1)[K]{3},(f.F-1.f1.f2)[K]{3},(#g.#c1.#g1.#c2)[K]{3},(#a.#A-1.#a1.#a2)[K]{3},(#c1.f1.#c2.f2)[K]{3},(f1.#c1.#c2.f2)[K]{3},(#G-1.#g.#g1.#g2)[K]{3},(#f.#c.#A-1.#F-1.#f1.#a1.#c2.#f2)[K]{3},(F-1.f.f1.f2)[K]{3},(e.E-1.e1.e2)[LM]{3},5<W,(#d1.#D-1)[N]{3},(#f1.#F-1)[N]{3},(#a1.#A-1)[N]{3}>,(#d.#d2)[LM]{3},(D-1.d.d1.d2)[LM]{3},5<W,(#C-1.#c1)[N]{3},(#F-1.#f1)[N]{3},(#A-1.#a1)[N]{3}>,(#c.#c2)[LM]{3},(C-1.c.c1.c2)[LM]{3},5<W,(#c1.#C-1)[N]{3},(#f1.#F-1)[N]{3},(#a1.#A-1)[N]{3}>,(#c.#c2)[LM]{3},(#C-1.#c.#c1.#c2)[K]{3},(f.#g.f1.#g1)[K]{3},(f.F-1.f1.f2)[K]{3},(#g.#c1.#g1.#c2)[K]{3},(#a.#A-1.#a1.#a2)[K]{3},(#c1.f1.#c2.f2)[K]{3},(f1.#c1.#c2.f2)[K]{3},(#G-1.#g.#g1.#g2)[K]{3},(#f.#c.#A-1.#F-1.#f1.#a1.#c2.#f2)[K]{3},(F-1.f.f1.f2)[K]{3},(#d.#D-1.#d1.#d2)[K]{3},(#C-1.#F-1.#A-1.#c.#c1.#f1.#a1.#c2)[K]{3},(#f.#c.#A-1.#F-1.#f2.#c2.#a1.#f1)[J]{3},(#a.#f.#c.#A-1.#a2.#f2.#c2.#a1)[J]{3},(#C-1.#c.b2.f3)[L]{3},#c4[L]{3},(#c.#c1.#c3.#g3)[L]{3},#c4[L]{3},(#G-1.#g.c3.f3)[L]{3},#c4[L]{3},(f.f1.#c3.#g3)[L]{3},#c4[L]{3},(#c.#c1.b2.f3)[L]{3},#c4[L]{3},(#a.#a1.#g3.#c3)[L]{3},#c4[L]{3},(c3.f3)[L]{3},#c4[L]{3},(#g1.#g.#c3.#g3)[L]{3},#c4[L]{3},(#f1.#f.#a2.#f3)[L]{3},#c4[L]{3},(f1.f.#c3.#a3)[L]{3},#c4[L]{3},(e1.e.c3.#f3)[L]{3},#c4[L]{3},(#d1.#d.#c3.#a3)[L]{3},#c4[L]{3},(d1.d.#a2.#f3)[L]{3},#c4[L]{3},(#c1.#c.#c3.#a3)[L]{3},#c4[L]{3},(#a.#A-1.c3.#f3)[L]{3},#c4[L]{3},(#F-1.#f.#c3.#a3)[L]{3},#c4[L]{3},(#C-1.#c.b2.f3)[L]{3},#c4[L]{3},(#c.#c1.#c3.#g3)[L]{3},#c4[L]{3},(#g.#G-1.c3.f3)[L]{3},#c4[L]{3},(f.f1.#c3.#g3)[L]{3},#c4[L]{3},(#c1.#c.b2.f3)[L]{3},#c4[L]{3},(#a1.#a.#g3.#c3)[L]{3},#c4[L]{3},(c3.f3)[L]{3},#c4[L]{3},(#g1.#g.#c3.#g3)[L]{3},#c4[L]{3},(#f1.#f.#a2.#f3)[L]{3},#c4[L]{3},(f1.f.#c3.#a3)[L]{3},#c4[L]{3},(e.e1.c3.#f3)[L]{3},#c4[L]{3},(#d1.#d.#c3.#a3)[L]{3},#c4[L]{3},(d.d1.#a2.#f3)[L]{3},#c4[L]{3},(#c.#c1.#c3.#a3)[L]{3},#c4[L]{3},(c.c1.#a2.#f3)[L]{3},#c4[L]{3},(#c.#c1.#c3.#a3)[L]{3},#c4[L]{3},(#g.b2.f3)[L]{3},#c4[L]{3},(#c1.f1.b1.#c3.#g3)[L]{3},#c4[L]{3},(#c.b2.f3)[L]{3},#c4[L]{3},(#c1.f1.b1.#c3.#g3)[L]{3},#c4[L]{3},(c2.#g1.b2.f3)[L]{3},#c4[L]{3},(#c2.f1.#c3.#g3)[L]{3},#c4[L]{3},(b1.#g1.f3.#c3.f2)[KL]{3},(f1.#c2)[L]{3},(#f.#a2.#f3)[L]{3},#c4[L]{3},(#a1.#f1.#c1.#c3.#a3)[L]{3},#c4[L]{3},(#c.#a2.#f3)[L]{3},#c4[L]{3},(#a1.#f1.#c1.#c3.#a3)[L]{3},#c4[L]{3},(a1.c2.#a2.#f3)[L]{3},#c4[L]{3},(#a1.#c2.#c3.#a3)[L]{3},#c4[L]{3},(#a1.#f1.#f3.#c3.#f2)[KL]{3},#c2[L]{3},(#g.b2.f3)[L]{3},#c4[L]{3},(#c1.f1.b1.#c3.#g3)[L]{3},#c4[L]{3},(#c.b2.f3)[L]{3},#c4[L]{3},(#c1.f1.b1.#c3.#g3)[L]{3},#c4[L]{3},(#g1.c2.b2.f3)[L]{3},#c4[L]{3},(f1.#c2.#c3.#g3)[L]{3},#c4[L]{3},(#g1.b1.f3.#c3.f2)[KL]{3},(f1.#c2)[L]{3},(#f.#a2.#f3)[L]{3},#c4[L]{3},(#a1.#f1.#c1.#c3.#a3)[L]{3},#c4[L]{3},(#c.#a2.#f3)[L]{3},#c4[L]{3},(#a1.#f1.#c1.#c3.#a3)[L]{3},#c4[L]{3},(c2.a1.#a2.#f3)[L]{3},#c4[L]{3},(#c2.#a1.#c3.#a3)[L]{3},#c4[L]{3},(#f1.#a1.#f3.#c3.#f2)[KL]{3},#c2[L]{3},(#f1.#d3)[L]{3},#c4[L]{3},(#d2.b1.b2)[L]{3},#c4[L]{3},(#c1.#a2)[L]{3},#c4[L]{3},(#f2.#d2.b2)[L]{3},#c4[L]{3},(#f1.#d3)[L]{3},#c4[L]{3},(#d2.#f2.b2)[L]{3},#c4[L]{3},(b1.#f3)[L]{3},#c4[L]{3},(#d2.#f2.#d3)[L]{3},#c4[L]{3},mute[L]{3},mute[L]{3},mute[L]{3},mute[L]{3},mute[L]{3},mute[L]{3},mute[L]{3},mute[L]{3},mute[L]{3},mute[L]{3},mute[L]{3},mute[L]{3},mute[L]{3},mute[L]{3},mute[L]{3},mute[L]{3},mute[L]{3},mute[L]{3},mute[L]{3},mute[L]{3},mute[L]{3},mute[L]{3},mute[L]{3},mute[L]{3},mute[L]{3},mute[L]{3},mute[L]{3},mute[L]{3},mute[L]{3},mute[L]{3},mute[L]{3},mute[L]{3},mute[L]{3},mute[L]{3},mute[L]{3},mute[L]{3},mute[L]{3},mute[L]{3},mute[L]{3},mute[L]{3},mute[L]{3},mute[L]{3},mute[L]{3},(#f2.#c2)[LMOP]{3},(#g.#c)[LMOP]{3},(f1.b1.#d)[LMOP]{3},(#c1.f)[LMOP]{3},(f1.b1.#f)[LNP]{3},6<#a[NOP]{3},#g[LMOP]{3}>,(b1.f1.g)[LMOP]{3},(#c1.#g)[LMOP]{3},(f1.b1.f)[LMOP]{3},(#a.#f)[LMOP]{3},(#f1.#a1.#g)[LMOP]{3},(#c1.#a)[LMOP]{3},(#f1.#a1.b)[LNP]{3},6<(#a.#d1)[NOP]{3},#c1[LMOP]{3}>,(c1.#a1.#f1)[LMOP]{3},#c1[LMOP]{3},(#f1.#a1.#a)[LMOP]{3},(#g.b)[LNP]{3},6<d1[NOP]{3},(#d1.b1.f1)[LMOP]{3}>,(#c1.#g)[LNP]{3},6<#a[NOP]{3},(b.b1.f1)[LMOP]{3}>,(#g.f)[LNP]{3},6<g[NOP]{3},(#g.b1.f1)[LMOP]{3}>,(#c1.#c)[LNP]{3},6<e[NOP]{3},(f.b1.f1)[LMOP]{3}>,(#a.#f)[LNP]{3},6<a[NOP]{3},(#a.#a1.#f1)[LMOP]{3}>,(#c1.#c)[LNP]{3},6<f[NOP]{3},(#f.#f1.#a1)[LMOP]{3}>,(#a.#A-1)[LNP]{3},6<c[NOP]{3},(#c.#a1.#f1)[LMOP]{3}>,(#c1.#F-1)[LMOP]{3},(#f1.#a1)[LMOP]{3},(#g.#c1.#c2)[LMOP]{3},(b.f1.#d1.#d2)[LMOP]{3},(#c.f1.f2)[LMOP]{3},(b.#c1.#f1.#f2)[LNP]{3},6<(#a2.#g)[NOP]{3},(#g2.#g1)[LMOP]{3}>,(f1.b.g1.g2)[LMOP]{3},(#c.#g1.#g2)[LMOP]{3},(b.#c1.f1.f2)[LMOP]{3},(#f.#f1.#f2)[LMOP]{3},(#a.#f1.#g1.#g2)[LMOP]{3},(#c.#a1.#a2)[LMOP]{3},(#a.#c1.b1.b2)[LNP]{3},6<(#d3.#f)[NOP]{3},(#c2.#c3)[LMOP]{3}>,(#f1.#a.c2.c3)[LMOP]{3},(#c.#c2.#c3)[LMOP]{3},(#a.#c1.#a1.#a2)[LMOP]{3},(#g.b2.#d2)[LNP]{3},6<(d3.f1.b)[NOP]{3},#d3[LMOP]{3}>,(#c.#g2.b1)[LNP]{3},6<(#a2.#c1.b)[NOP]{3},b2[LMOP]{3}>,(#g.f2.#g1)[LNP]{3},6<(g2.b.f1)[NOP]{3},#g2[LMOP]{3}>,(#c.#c2.f1)[LNP]{3},6<(e2.#c1.b)[NOP]{3},f2[LMOP]{3}>,(#f2.#f.#a1)[LNP]{3},6<(#f1.#a.a2)[NOP]{3},#a2[LMOP]{3}>,(#c.#c2.#f1)[LNP]{3},6<(f2.#a.#c1)[NOP]{3},#f2[LMOP]{3}>,(#f.#a1.#c1)[LNP]{3},6<(c2.#f1.#a)[NOP]{3},#c2[LMOP]{3}>,(#c.#a.#f1)[LMOP]{3},(#a.#c1)[LMOP]{3},(#d.#G-1)[LMOP]{3},(c1.#f1.#A-1)[LMOP]{3},(#g.c)[LMOP]{3},(c1.#f1.#c)[LNP]{3},6<f[NOP]{3},#d[LMOP]{3}>,(c1.#f1.d)[LMOP]{3},(#g.#d)[LMOP]{3},(#f1.c1.c)[LMOP]{3},(f.#c)[LMOP]{3},(f1.#c1.#d)[LMOP]{3},(#g.f)[LMOP]{3},(f1.#c1.#f)[LNP]{3},6<(f.#a)[NOP]{3},#g[LMOP]{3}>,(f1.#c1.g)[LMOP]{3},#g[LMOP]{3},(#c1.f1.f)[LMOP]{3},(#d.#f)[LNP]{3},6<a[NOP]{3},(#a.c1.#f1)[LMOP]{3}>,(#g.#d)[LNP]{3},6<f[NOP]{3},(#f.c1.#f1)[LMOP]{3}>,(#d.c)[LNP]{3},6<d[NOP]{3},(#d.c1.#f1)[LMOP]{3}>,(#g.#G-1)[LNP]{3},6<B-1[NOP]{3},(c.c1.#f1)[LMOP]{3}>,(f.#c)[LNP]{3},6<e[NOP]{3},(f.#c1.f1)[LMOP]{3}>,(#g.#G-1)[LNP]{3},6<c[NOP]{3},(#c.#c1.f1)[LMOP]{3}>,(f.F-1)[LNP]{3},6<G-1[NOP]{3},(#G-1.#c1.f1)[LMOP]{3}>,(#g.#C-1)[LMOP]{3},(#c1.f1)[LMOP]{3},(#d.#g1.c2.#g2)[LMOP]{3},(#g.c1.#f1.#a1.#c2.#a2)[LMOP]{3},(#G-1.c2.#d2.c3)[LMOP]{3},(#g.c1.#f1.#c2.f2.#c3)[LMOP]{3},(#d.#d2.#f2.#d3)[LMOP]{3},(#g.c1.#f1.d2.f2.d3)[LMOP]{3},(#G-1.#d2.#f2.#d3)[LMOP]{3},(#g.c1.#f1.c2.#d2.c3)[LMOP]{3},(#c.#c2.f2.#c3)[LMOP]{3},(#g.#c1.f1.#d2.#g2.#d3)[LMOP]{3},(#G-1.f2.#c3.f3)[LMOP]{3},(#g.#c1.f1.#f2.#d3.#f3)[LMOP]{3},(#c.#g2.f3.#g3)[LMOP]{3},(#g.#c1.f1.g2.e3.g3)[LMOP]{3},(#G-1.#g2.f3.#g3)[LMOP]{3},(#g.#c1.f1.f2.#c3.f3)[LMOP]{3},(#d.#f3.#a2)[LNP]{3},6<a3[NOP]{3},(#a3.#f1.c1.#g)[LMOP]{3}>,(#G-1.#d3.#f2)[LNP]{3},6<f3[NOP]{3},(#f3.#f1.c1.#g)[LMOP]{3}>,(#d.c3.#d2)[LNP]{3},6<d3[NOP]{3},(#d3.#f1.c1.#g)[LMOP]{3}>,(#G-1.#g2.c2)[LNP]{3},6<b2[NOP]{3},(c3.#f1.c1.#g)[LMOP]{3}>,(#c.#c3.f2)[LNP]{3},6<e3[NOP]{3},(f3.#g.#c1.f1)[LMOP]{3}>,(#G-1.#g2.#c2)[LNP]{3},6<c3[NOP]{3},(#c3.f1.#c1.#g)[LMOP]{3}>,(#c.f2.#g1)[LNP]{3},6<g2[NOP]{3},(#g2.f1.#c1.#g)[LMOP]{3}>,(#G-1.#c2.f1)[LMOP]{3},(f1.#c1.#g)[LMOP]{3},(#d.#g2.c3.#g3)[LMOP]{3},(#g.c1.#f1.#a2.#c3.#a3)[LMOP]{3},(#G-1.c3.#d3.c4)[LMOP]{3},(#g.c1.#f1.#c3.f3.#c4)[LMOP]{3},(#d.#d3.#f3.#d4)[LMOP]{3},(#f1.c1.#g.d3.f3.d4)[LMOP]{3},(#G-1.#d3.#f3.#d4)[LMOP]{3},(#g.c1.#f1.c3.#d3.c4)[LMOP]{3},(#c.#c3.f3.#c4)[LMOP]{3},(#g.#c1.f1.#d3.#g3.#d4)[LMOP]{3},(#G-1.f3.#c4.f4)[LMOP]{3},(#g.#c1.f1.#f3.#d4.#f4)[LMOP]{3},(#c.#g3.f4.#g4)[LMOP]{3},(#g.#c1.f1.g3.e4.g4)[LMOP]{3},(#G-1.#g3.f4.#g4)[LMOP]{3},(#g.#c1.f1.f3.#c4.f4)[LNP]{3},6<a3[NOP]{3},(#d.#f4.#a3)[LMOP]{3}>,(#g.c1.#f1.#f3)[LNP]{3},6<f3[NOP]{3},(#G-1.#d4.#f3)[LMOP]{3}>,(#f3.#f1.c1.#g)[LNP]{3},6<d3[NOP]{3},(#d.c4.#d3)[LMOP]{3}>,(#g.c1.#f1.c3)[LNP]{3},6<b2[NOP]{3},(#G-1.#g3.c3)[LMOP]{3}>,(#f1.c1.#g.#g2)[LMOP]{3},(#c.#c1.#c2.f2.#c3)[LMOP]{3},(c.c1.d2.#f2.d3)[LMOP]{3},(B-1.b.#d2.g2.#d3)[LMOP]{3},(#A-1.#a.e2.#g2.e3)[LMOP]{3},(A-1.a.f2.a2.f3)[LMO]{3},(#A-1.#a.e2.#g2.e3)[LMO]{3},(B-1.b.#d2.g2.#d3)[LMO]{3},(c.c1.d2.#f2.d3)[LMO]{3},(B-1.b.#d2.g2.#d3)[LMO]{3},(#A-1.#a.e2.#g2.e3)[LMO]{3},(A-1.a.f2.a2.f3)[LMO]{3},(#G-1.#g.#f2.#a2.#f3)[LMO]{3},(G-1.g.g2.b2.g3)[LMP]{3},(#G-1.#g.#f2.#a2.#f3)[LMP]{3},(A-1.a.f2.a2.f3)[LMP]{3},(#g2.#A-1.#a.e2.e3)[LMP]{3},(A-1.a.f2.a2.f3)[LMP]{3},(#G-1.#g.#f2.#a2.#f3)[LMP]{3},(G-1.g.g2.b2.g3)[LMP]{3},(#F-1.#f.#g2.c3.#g3)[LMP]{3},(F-1.f.a2.#c3.a3)[LM]{3},(#F-1.#f.#g2.c3.#g3)[LM]{3},(G-1.g.g2.b2.g3)[LM]{3},(#G-1.#g.#f2.#a2.#f3)[LM]{3},(G-1.g.g2.b2.g3)[LM]{3},(#F-1.#f.#g2.c3.#g3)[LM]{3},(F-1.f.a2.#c3.a3)[LM]{3},(E-1.e.#a2.d3.#a3)[LM]{3},(#D-1.#d.b2.#d3.b3)[LM]{3},(D-1.d.c3.e3.c4)[LM]{3},(#C-1.#c.#c3.f3.#c4)[LM]{3},(C-1.c.d3.#f3.d4)[LM]{3},(B-2.B-1.#d3.g3.#d4)[LM]{3},(#A-2.#A-1.e3.#g3.e4)[LM]{3},(A-2.A-1.f3.a3.f4)[LM]{3},(#A-2.#A-1.e3.#g3.e4)[LM]{3},(B-2.B-1.#d3.g3.#d4)[LM]{3},(C-1.c.d3.#f3.d4)[LM]{3},(#C-1.#c.#c3.f3.#c4)[LM]{3},(D-1.d.c3.e3.c4)[LM]{3},(#D-1.#d.b2.#d3.b3)[LM]{3},(E-1.e.#a2.d3.#a3)[LM]{3},(F-1.f.a2.#c3.a3)[LM]{3},(E-1.e.#a2.d3.#a3)[LM]{3},(#D-1.#d.b2.#d3.b3)[LM]{3},(D-1.d.c3.e3.c4)[LM]{3},(#C-1.#c.#c3.f3.#c4)[LM]{3},(C-1.c.d3.#f3.d4)[LM]{3},(B-1.B-2.#d3.g3.#d4)[LM]{3},(#A-1.#A-2.e3.#g3.e4)[LM]{3},(A-2.A-1.f3.a3.f4)[LM]{3},(#A-2.#A-1.e3.#g3.e4)[LM]{3},(B-1.B-2.#d3.g3.#d4)[LM]{3},(c.C-1.d3.#f3.d4)[LM]{3},(#c.#C-1.#c3.f3.#c4)[LM]{3},(d.D-1.c3.#f3.c4)[LM]{3},(#c.#G-1.#C-1.#c3.f3.#c4)[LM]{3},(d.D-1.c3.#f3.c4)[LM]{3},(#c.#G-1.#C-1.#c3.f3.#c4)[LM]{3},(d.D-1.c3.#f3.c4)[LM]{3},(#C-1.#G-1.#c.#c3.f3.#c4)[LM]{3},(c1.c.c2.c3)[LMO]{3},(#c1.#c.#c2.#c3)[LMO]{3},(c1.c.c2.c3)[LMOP]{3},(#c1.#c.#c2.#c3)[LMO]{3},(#c.#C-1.#c1.#c2)[K]{3},(d.D-1.d1.d2)[K]{3},(#D-1.#d.#d1.#d2)[KO]{3},(e.E-1.e1.e2)[K]{3},(#g.b.#g1.b1)[K]{3},(#g.#G-1.#g1.#g2)[K]{3},(b.e1.b1.e2)[K]{3},(#c1.#c.#c2.#c3)[K]{3},(e1.#g1.e2.#g2)[K]{3},(#g1.e1.e2.#g2)[K]{3},(B-1.b.b1.b2)[K]{3},(a.e.#c.A-1.a1.#c2.e2.a2)[K]{3},(#G-1.#g.#g1.#g2)[K]{3},(g.G-1.g1.g2)[K]{3},5<(#f1.#F-1)[N]{3},(a1.A-1)[N]{3},(#c2.#c)[N]{3},(#f.#f2)[N]{3}>,U,(F-1.f.f1.f2)[K]{3},5<(e1.E-1)[N]{3},(a1.A-1)[N]{3},(#c2.#c)[N]{3},(e.e2)[N]{3}>,U,(#D-1.#d.#d1.#d2)[K]{3},5<(e1.E-1)[N]{3},(a1.A-1)[N]{3},(#c2.#c)[N]{3},(e.e2)[N]{3}>,U,(E-1.e.e1.e2)[K]{3},(#g.b.#g1.b1)[K]{3},(#g.#G-1.#g1.#g2)[K]{3},(b.e1.b1.e2)[K]{3},(#c1.#c.#c2.#c3)[K]{3},(e1.#g1.e2.#g2)[K]{3},(#g1.e1.e2.#g2)[K]{3},(B-1.b.b1.b2)[K]{3},(a.e.#c.A-1.a1.#c2.e2.a2)[K]{3},(#G-1.#g.#g1.#g2)[K]{3},(#f.#F-1.#f1.#f2)[K]{3},(E-1.A-1.#c.e.e1.a1.#c2.e2)[K]{3},(a.e.#c.A-1.a2.e2.#c2.a1)[J]{3},(#c1.a.e.#c.#c3.a2.e2.#c2)[J]{3},(E-1.e.d3.#g3)[L]{3},e4[L]{3},(e.e1.e3.b3)[L]{3},e4[L]{3},(B-1.b.d3.#g3)[L]{3},e4[L]{3},(#g.#g1.e3.b3)[L]{3},e4[L]{3},(e.e1.d3.#g3)[L]{3},e4[L]{3},(#c1.#c2.b3.e3)[L]{3},e4[L]{3},(d3.#g3)[L]{3},e4[L]{3},(b.b1.e3.b3)[L]{3},e4[L]{3},(a.a1.#c3.a3)[L]{3},e4[L]{3},(#g.#g1.e3.#c4)[L]{3},e4[L]{3},(g1.g.#c3.a3)[L]{3},e4[L]{3},(#f1.#f.e3.#c4)[L]{3},e4[L]{3},(f1.f.#c3.a3)[L]{3},e4[L]{3},(e1.e.e3.#c4)[L]{3},e4[L]{3},(#c1.#c.#c3.a3)[L]{3},e4[L]{3},(a.A-1.e3.#c4)[L]{3},e4[L]{3},(E-1.e.d3.#g3)[L]{3},e4[L]{3},(e.e1.e3.b3)[L]{3},e4[L]{3},(B-1.b.d3.#g3)[L]{3},e4[L]{3},(#g.#g1.e3.b3)[L]{3},e4[L]{3},(e1.e.d3.#g3)[L]{3},e4[L]{3},(#c1.#c2.b3.e3)[L]{3},e4[L]{3},(d3.#g3)[L]{3},e4[L]{3},(b1.b.e3.b3)[L]{3},e4[L]{3},(a.a1.#c3.a3)[L]{3},e4[L]{3},(#g1.#g.e3.#c4)[L]{3},e4[L]{3},(g.g1.#c3.a3)[L]{3},e4[L]{3},(#f1.#f.e3.#c4)[L]{3},e4[L]{3},(f.f1.#c3.a3)[L]{3},e4[L]{3},(e1.e.e3.#c4)[L]{3},e4[L]{3},(#d1.#d.#c3.a3)[L]{3},e4[L]{3},(e.e1.e3.#c4)[L]{3},e4[L]{3},5<(#g.d1.e1.#f3.d4)[M]{3},e4[M]{3}>,#f4[L]{3},e[K]{3},5<(#g.d1.e1.d3.b3)[M]{3},#c4[M]{3}>,d4[L]{3},B-1[K]{3},5<(e1.d1.#g.b2.#g3)[M]{3},a3[M]{3}>,b3[L]{3},E-1[K]{3},5<(#g.d1.e1.#g2.e3)[M]{3},#f3[M]{3}>,#g3[L]{3},B-1[K]{3},5<(a.#c1.e1.a1)[M]{3},b1[M]{3}>,5<#c2[M]{3},d2[M]{3}>,5<e[M]{3},e2[M]{3}>,5<#f2[M]{3},#g2[M]{3}>,5<(e1.#c1.a.a2)[M]{3},b2[M]{3}>,5<#c3[M]{3},d3[M]{3}>,5<#c[M]{3},e3[M]{3}>,5<#f3[M]{3},#g3[M]{3}>,5<(a.#c1.e1.a3)[M]{3},b3[M]{3}>,5<#c4[M]{3},d4[M]{3}>,5<E-1[M]{3},e4[M]{3}>,5<#f4[M]{3},#g4[M]{3}>,(a.#c1.e1.a4)[K]{3},(#c.a3.#c4)[K]{3},5<(e1.d1.#g.#f3.d4)[M]{3},e4[M]{3}>,#f4[L]{3},e[K]{3},5<(#g.d1.e1.d3.b3)[M]{3},#c4[M]{3}>,d4[L]{3},B-1[K]{3},5<(e1.d1.#g.b2.#g3)[M]{3},a3[M]{3}>,b3[L]{3},E-1[K]{3},5<(#g.d1.e1.#g2.e3)[M]{3},#f3[M]{3}>,#g3[L]{3},B-1[K]{3},5<(a.#c1.e1.a1)[M]{3},b1[M]{3}>,5<#c2[M]{3},d2[M]{3}>,5<e[M]{3},e2[M]{3}>,5<#f2[M]{3},#g2[M]{3}>,5<(e1.#c1.a.a2)[M]{3},b2[M]{3}>,5<#c3[M]{3},d3[M]{3}>,5<#c[M]{3},e3[M]{3}>,5<#f3[M]{3},#g3[M]{3}>,5<(a.#c1.e1.a3)[M]{3},b3[M]{3}>,5<#c4[M]{3},d4[M]{3}>,5<E-1[M]{3},e4[M]{3}>,5<#f4[M]{3},#g4[M]{3}>,(a.#c1.e1.a4)[K]{3},#c[K]{3},5<(#g.#c1.f1.#d3.b3)[M]{3},#c4[M]{3}>,#d4[L]{3},#c[K]{3},5<(#g.#c1.f1.b2.#g3)[M]{3},#a3[M]{3}>,b3[L]{3},#G-1[K]{3},5<(f1.#c1.#g.#g2.f3)[M]{3},#f3[M]{3}>,#g3[L]{3},#C-1[K]{3},5<(#g.#c1.f1.f2.#c3)[M]{3},#d3[M]{3}>,f3[L]{3},#c[K]{3},5<(#c1.#a.#f1)[M]{3},#g1[M]{3}>,5<#a1[M]{3},b1[M]{3}>,5<#c[M]{3},#c2[M]{3}>,5<#d2[M]{3},f2[M]{3}>,5<(#f1.#c1.#a.#f2)[M]{3},#g2[M]{3}>,5<#a2[M]{3},b2[M]{3}>,5<#A-1[M]{3},#c3[M]{3}>,5<#d3[M]{3},f3[M]{3}>,5<(#a.#c1.#f1.#f3)[M]{3},#g3[M]{3}>,5<#a3[M]{3},b3[M]{3}>,5<#C-1[M]{3},#c4[M]{3}>,5<#d4[M]{3},f4[M]{3}>,(#a.#c1.#f1.#f4)[K]{3},(#c.#f3.#a3)[K]{3},5<(f1.#c1.#g.#d3.b3)[M]{3},#c4[M]{3}>,#d4[L]{3},#c[K]{3},5<(#g.#c1.f1.b2.#g3)[M]{3},#a3[M]{3}>,b3[L]{3},#G-1[K]{3},5<(#g.#c1.f1.#g2.f3)[M]{3},#f3[M]{3}>,#g3[L]{3},#C-1[K]{3},5<(#g.#c1.f1.f2.#c3)[M]{3},#d3[M]{3}>,f3[L]{3},#c[K]{3},5<(#a.#c1.#f1)[M]{3},#g1[M]{3}>,5<#a1[M]{3},b1[M]{3}>,5<#c[M]{3},#c2[M]{3}>,5<#d2[M]{3},f2[M]{3}>,5<(#f1.#c1.#a.#f2)[M]{3},#g2[M]{3}>,5<#a2[M]{3},b2[M]{3}>,5<#A-1[M]{3},#c3[M]{3}>,5<#d3[M]{3},f3[M]{3}>,5<U>,5<U>,5<U>,5<U>,5<U>,5<U>,5<U>,5<U>,(#g.f4)[L]{3},#c4[L]{3},(#c1.f1.b1.#c4)[L]{3},#c4[L]{3},(#c.f3)[L]{3},#c4[L]{3},(#c1.f1.b1.#c4)[L]{3},#c4[L]{3},(#g1.c2.f4)[L]{3},#c4[L]{3},(f1.#c2.#c4)[L]{3},#c4[L]{3},(b1.#g1.f3)[L]{3},#c4[L]{3},#c4[L]{3},(#c2.#c4)[L]{3},(#f.#f4)[L]{3},#c4[L]{3},(#c1.#f1.#a1.#c4)[L]{3},#c4[L]{3},(#c.#f3)[L]{3},#c4[L]{3},(#c1.#f1.#a1.#c4)[L]{3},#c4[L]{3},(a1.c2.#f4)[L]{3},#c4[L]{3},(#a1.#c2.#c4)[L]{3},#c4[L]{3},(#a1.#f1.#f3)[L]{3},#c4[L]{3},#c4[L]{3},(#c2.#c4)[L]{3},(#g.f4)[L]{3},#c4[L]{3},(#c1.f1.b1.#c4)[L]{3},#c4[L]{3},(#c.f3)[L]{3},#c4[L]{3},(#c1.f1.b1.#c4)[L]{3},#c4[L]{3},(#g1.c2.f4)[L]{3},#c4[L]{3},(f1.#c2.#c4)[L]{3},#c4[L]{3},(b1.#g1.f3)[L]{3},#c4[L]{3},#c4[L]{3},(#c2.#c4)[L]{3},(#f.#f4)[L]{3},#c4[L]{3},(#c1.#f1.#a1.#c4)[L]{3},#c4[L]{3},(#c.#f3)[L]{3},#c4[L]{3},(#c1.#f1.#a1.#c4)[L]{3},#c4[L]{3},(a1.c2.#f4)[L]{3},#c4[L]{3},(#a1.#c2.#c4)[L]{3},#c4[L]{3},(#a1.#f1.#f3)[L]{3},#c4[L]{3},#c4[L]{3},(#c2.#c4)[L]{3},(#g.f4)[L]{3},#c4[L]{3},(b1.f1.#c1.#c4)[L]{3},#c4[L]{3},(#c.f3)[L]{3},#c4[L]{3},(#c1.f1.b1.#c4)[L]{3},#c4[L]{3},(#g1.c2.f4)[L]{3},#c4[L]{3},(#c2.f1.#c4)[L]{3},#c4[L]{3},(#g1.b1.f3)[L]{3},#c4[L]{3},#c4[L]{3},(#c2.#c4)[L]{3},(c3.#g2.f4)[L]{3},#c4[L]{3},(f2.#c3.#c4)[L]{3},#c4[L]{3},(#g2.b2.f3)[L]{3},#c4[L]{3},#c4[L]{3},(#c3.#c4)[L]{3},(#g2.c3.f4)[L]{3},#c4[L]{3},(f2.#c3.#c4)[L]{3},#c4[L]{3},(#d3.b2.f3)[L]{3},#c4[L]{3},#c4[L]{3},(#g2.#c3.#c4)[L]{3},f4[L]{3},#c4[L]{3},#c4[L]{3},#c4[L]{3},f3[L]{3},mute[L]{3},mute[L]{3},mute[L]{3},mute[L]{3},mute[L]{3},mute[L]{3},mute[L]{3},mute[L]{3},mute[L]{3},mute[L]{3},mute[L]{3},mute[L]{3},mute[L]{3},mute[L]{3},mute[L]{3},mute[L]{3},mute[L]{3},mute[L]{3},mute[L]{3},mute[L]{3},mute[L]{3},mute[L]{3},mute[L]{3},mute[L]{3},mute[L]{3},mute[L]{3},mute[L]{3},mute[L]{3},mute[L]{3},mute[L]{3},mute[L]{3},mute[L]{3},mute[L]{3},(#f.#f4)[KLNO]{3},(#c1.#f1.#a1)[KLNO]{3},(#c.#f2)[KMN]{3},(#a1.#f1.#c1)[KMN]{3},(#f.a2)[KNP]{3},(#c1.#f1.a1)[KNP]{3},#c[KNP]{3},(#c1.#f1.a1)[KNP]{3},(#g.#g2)[KNP]{3},(b1.f1.#c1~a2)[KNP]{3},(#c.b2)[KNP]{3},(b1.f1.#c1~d3)[KNP]{3},(#g.#c3)[KNP]{3},(b1.f1.#c1~#c2)[KNP]{3},(#c.#d2)[KNP]{3},6<(b1.f1.#c1)[LOP]{3},f2[NO]{3},#f2[NO]{3},#g2[NO]{3}>,(#f.#f2)[KNP]{3},(#c1.#f1.#a1~f2)[KNP]{3},(#c.#f2)[KNP]{3},(#a1.#f1.#c1~#g2)[KNP]{3},(#f.a2)[KNP]{3},(a1.#f1.#c1)[KNP]{3},#c[KNP]{3},(a1.#f1.#c1)[KNP]{3},(#g.#g2)[KNP]{3},(b1.f1.#c1~a2)[KNP]{3},(#c.b2)[KNP]{3},(b1.f1.#c1~d3)[KNP]{3},(#g.#c3)[KNP]{3},(b1.f1.#c1~#c2)[KNP]{3},(#c.#d2)[KNP]{3},6<(b1.f1.#c1)[LOP]{3},f2[NO]{3},#f2[NO]{3},#g2[NO]{3}>,(#f.#f2)[KNP]{3},(#a1.#f1.#c1~f2)[KNP]{3},(#c.#f2)[KNP]{3},6<(#c1.#f1.#a1)[LOP]{3},#g2[NO]{3},#f2[NO]{3},#g2[NO]{3}>,(#f.a2)[KNP]{3},(#c1.#f1.a1)[KNP]{3},(#c.a2)[KNP]{3},(a1.#f1.#c1)[KNP]{3},(#g.#g2)[KM]{3},(#c1.f1.b1)[LN]{3},a2[LN]{3},(#c.b2)[KMN]{3},(#c1.f1.b1)[LNO]{3},d3[INOP]{3},mute[L]{3},mute[L]{3},mute[L]{3},mute[L]{3},mute[L]{3},mute[L]{3},mute[L]{3},mute[L]{3},mute[L]{3},mute[L]{3},mute[L]{3},mute[L]{3},mute[L]{3},mute[L]{3},mute[L]{3},mute[L]{3},mute[L]{3},mute[L]{3},mute[L]{3},mute[L]{3},mute[L]{3},mute[L]{3},mute[L]{3},mute[L]{3},mute[L]{3},mute[L]{3},mute[L]{3},mute[L]{3},mute[L]{3},mute[L]{3},mute[L]{3},mute[L]{3},mute[L]{3},mute[L]{3},mute[L]{3},mute[L]{3},mute[L]{3},mute[L]{3},mute[L]{3},mute[L]{3},mute[L]{3},mute[L]{3},mute[L]{3},mute[L]{3},mute[L]{3},mute[L]{3},mute[L]{3},mute[L]{3},mute[L]{3},mute[L]{3},mute[L]{3},mute[L]{3},mute[L]{3},mute[L]{3},mute[L]{3},mute[L]{3},mute[L]{3},mute[L]{3},mute[L]{3},mute[L]{3},mute[L]{3},mute[L]{3},mute[L]{3},mute[L]{3},mute[L]{3},mute[L]{3},mute[L]{3},mute[L]{3},mute[L]{3},mute[L]{3},mute[L]{3},mute[L]{3},mute[L]{3},5<U>,5<U>,5<U>,5<U>,5<U>,5<U>,5<U>,5<U>,5<U>,5<U>,5<U>,5<U>,5<U>,5<U>,5<U>,5<U>,5<U>,5<U>,5<U>,5<U>,5<U>,5<U>,5<U>,5<U>,5<U>,5<U>,(c.C-1.c1)[LMOP]{3},(#c.#C-1.#c1)[LMOP]{3},(B-1.B-2.b)[KMP]{3},(#c.#C-1.#c1)[L]{3},(c.C-1.c1)[KO]{3},(#c.#C-1.#c1)[KO]{3},(#A-1.#A-2.#a)[KLNP]{3},(#c.#C-1.#c1)[L]{3},(c.C-1.c1)[KL]{3},(#c.#C-1.#c1)[KLMN]{3},(A-1.A-2.a)[IKLN]{3},(#c.#C-1.#c1)[KLMN]{3},(A-1.A-2.a)[JL]{3},(#G-1.#G-2.#g)[JKLM]{3},mute[L]{3},mute[L]{3},mute[L]{3},mute[L]{3},mute[L]{3},mute[L]{3},mute[L]{3},mute[L]{3},mute[L]{3},mute[L]{3},mute[L]{3},mute[L]{3},mute[L]{3},mute[L]{3},mute[L]{3},mute[L]{3},mute[L]{3},mute[L]{3},mute[L]{3},mute[L]{3},mute[L]{3},mute[L]{3},mute[L]{3},mute[L]{3},mute[L]{3},mute[L]{3},mute[L]{3},mute[L]{3},mute[L]{3},mute[L]{3},mute[L]{3},mute[L]{3},mute[L]{3},mute[L]{3},mute[L]{3},mute[L]{3},mute[L]{3},mute[L]{3},mute[L]{3},mute[L]{3},mute[L]{3},mute[L]{3},mute[L]{3},mute[L]{3},mute[L]{3},mute[L]{3},mute[L]{3},mute[L]{3},mute[L]{3},mute[L]{3},mute[L]{3},mute[L]{3},mute[L]{3},mute[L]{3},mute[L]{3},mute[L]{3},mute[L]{3},mute[L]{3},mute[L]{3},mute[L]{3},mute[L]{3},mute[L]{3},mute[L]{3},mute[L]{3},mute[L]{3},mute[L]{3},mute[L]{3},mute[L]{3},mute[L]{3},mute[L]{3},mute[L]{3},mute[L]{3},mute[L]{3},mute[L]{3},mute[L]{3},mute[L]{3},mute[L]{3},mute[L]{3},mute[L]{3},mute[L]{3},mute[L]{3},mute[L]{3},mute[L]{3},mute[L]{3},mute[L]{3},mute[L]{3},mute[L]{3},mute[L]{3},mute[L]{3},mute[L]{3},mute[L]{3},mute[L]{3},mute[L]{3},mute[L]{3},mute[L]{3},mute[L]{3},mute[L]{3},mute[L]{3},mute[L]{3},mute[L]{3},mute[L]{3},mute[L]{3},mute[L]{3},mute[L]{3},mute[L]{3},mute[L]{3},mute[L]{3},mute[L]{3},mute[L]{3},mute[L]{3},mute[L]{3},mute[L]{3},mute[L]{3},mute[L]{3},mute[L]{3},mute[L]{3},mute[L]{3},mute[L]{3},mute[L]{3},mute[L]{3},mute[L]{3},mute[L]{3},mute[L]{3},mute[L]{3},mute[L]{3},mute[L]{3},mute[L]{3},mute[L]{3},mute[L]{3},mute[L]{3},mute[L]{3},mute[L]{3},mute[L]{3},mute[L]{3},mute[L]{3},mute[L]{3},mute[L]{3},mute[L]{3},(B-2.B-1)[IL]{3},(B-2.B-1.#d1.b1.#d2)[LM]{3},(#d.#f.b.#d2.b1.#d1)[JL]{3},(#C-1.#c.f1.#g1.b1.f2)[LM]{3},(#c.f.#g.#c1.f2.b1.#g1.f1)[JL]{3},(#F-2.#F-1.#f1.#a1.#c2.#f2)[LM]{3},(#c.#f.#a.#c1.#f2.#c2.#a1.#f1)[IK]{3},(#c1.#f1.#a1.#c2.#f3.#c3.#a2.#f2)[KLNO]{3},(#c3.#a2.#f2.#c2.#f4.#c4.#a3.#f3)[JOP]{3},(#F-2.#F-1.#f1.#f)[L]{3},QR,","QQQQQQQQQQQQQQQQQQQQQQQQQQQQQQQQQQQQQQQQQQQQQQQQQQQQQQQQRW,(#f1.#c3)[MNOP],#c4[MNOP],(#a1.#c2.#a2)[MNOP],#c4[MNOP],(#c1.a2)[MNOP],#c4[MNOP],(#f2.#c2.#a2)[MNOP],#c4[MNOP],(#f1.#c3)[MNOP],#c4[MNOP],(#f2.#c2.#a2)[MNOP],#c4[MNOP],(#a1.#f3)[MNOP],#c4[MNOP],(#c2.#f2.#c3)[MNOP],#c4[MNOP],(#f1.#d3)[MNOP],#c4[MNOP],(#d2.b1.b2)[MNOP],#c4[MNOP],(#c1.#a2)[MNOP],#c4[MNOP],(#d2.#f2.b2)[MNOP],#c4[MNOP],(#f1.#d3)[MNOP],#c4[MNOP],(#d2.#f2.b2)[MNOP],#c4[MNOP],(b1.#f3)[MNOP],#c4[MNOP],(#f2.#d2.#d3)[MNOP],#c4[MNOP],(#f1.#c3)[MNOP],#c4[MNOP],(#c2.#a1.#a2)[MNOP],#c4[MNOP],(#c1.a2)[MNOP],#c4[MNOP],(#c2.#f2.#a2)[MNOP],#c4[MNOP],(#f1.#c3)[MNOP],#c4[MNOP],(#c2.#f2.#a2)[MNOP],#c4[MNOP],(#a1.#f3)[MNO],#c4[MNO],QQQQQQQQQQQQQQQQQQQQQQQQQQQQQQQQQQQQQQSTU,(#a.#c1.#f1.#f3~mute~#g3~mute~#a3)[K],(#C-1~b3~mute~#c4~mute)[K],(#a.#c1.#f1.#d4~mute~#c4~mute~c4)[K],(#c~#c4~mute~#d4~mute)[K],QQQQQQSU,#c4[LP],#c4[LP],#c4[LP],f4[LP],#c4[LO],#c4[LO],#c4[LO],f3[LO],#c4[LO],#c4[LOP],#c4[LOP],f4[LOP],#c4[LN],#c4[LN],#c4[LN],f3[LN],#c4[LN],#c4[LN],#c4[LNP],f4[LNP],#c4[LNP],#c4[LNP],#c4[LNP],f3[LNP],#c4[LNO],#c4[LNO],#c4[LNOP],QQQQQQQVWXY,#c3[LN],d3[LN],#c3[LN],d3[LN],#c3[LOP],d3[LOP],#c3[LO],d3[LO],#c3[LP],d3[LP],#c3[LP],d3[LP],#c3[L],d3[L],#c3[L],d3[L],(#c3.f2)[L],(d3.a2)[L],(#c3.#g2)[L],(d3.a2)[L],(#c3.f2)[MNOP],(d3.a2)[MNOP],(#c3.#g2)[MNOP],(d3.a2)[MNOP],(#c3.f2)[MNOP],(d3.a2)[MNOP],(#c3.#g2)[MNOP],(d3.a2)[MNOP],(#c3.f2)[MNOP],(d3.a2)[MNOP],(#c3.#g2)[MNOP],(d3.a2)[MNOP],(#c3.f2)[MNO],(d3.a2)[MNO],(#c3.#g2)[MNO],(d3.a2)[MNO],(#c3.f2)[MNP],(d3.a2)[MNP],(#c3.#g2)[MNP],(d3.a2)[MNP],(#c3.f2)[MNP],(f3.d3.a2)[MNP],(#c3.#g2)[MNP],(f3.d3.a2)[MNP],(#c3.f2)[MN],(f3.d3.a2)[MN],(#c3.#g2)[MN],(f3.d3.a2)[MN],(#c3.f2)[MN],(g3.d3.a2)[MN],(#c3.#g2)[MN],(g3.d3.a2)[MN],(#c3.f2)[MN],(g3.d3.a2)[MN],(#c3.#g2)[MN],(g3.d3.a2)[MN],(#c3.f2)[MN],(a3.d3.a2)[MN],(#c3.#g2)[MN],(a3.d3.a2)[MN],(#c3.f2)[MN],(a3.d3.a2)[MN],(#c3.#g2)[MN],(a3.d3.a2)[MN],(#c3.f2)[MN],(#c4.#g3.d3)[MN],(#c3.#g2)[MN],(#c4.#g3.d3)[MN],(#c3.f2)[MN],(d4.#g3.d3)[MN],(#c3.#g2)[MN],(d4.#g3.d3)[MN],(#c3.#g2.f2)[MN],(#c4.#g3.d3)[MN],(#c3.#g2.f2)[MN],(#c4.#g3.d3)[MN],(#c3.#g2.f2)[MN],(d4.#g3.d3)[MN],(#c3.#g2.f2)[MN],(d4.#g3.d3)[MN],(#c3.#g2.f2)[MN],(#c4.#g3.d3)[MN],(#c3.#g2.f2)[MN],(#d4.#g3.d3)[MN],(#c3.#g2.f2)[MOP],(#d4.#d3)[MOP],(#c3.#g2.f2)[MOP],(e4.e3)[MOP],(#c3.#g2.f2)[MO],(f4.f3)[MO],(#c3.#g2.f2)[MO],(#f4.#f3)[MO],(#c3.#g2.f2)[MP],(g4.g3)[MP],(#c3.#g2.f2)[MP],(#g4.#g3)[MP],a4[MP],#g4[MP],a3[MP],#g3[MP],d4[MP],#c4[MP],d3[MP],#c3[MP],a3[MP],#g3[MP],a2[MP],#g2[MP],d3[MP],#c3[MP],d2[MP],#c2[MP],a2[MP],#g2[MP],a1[MP],#g1[MP],d2[MP],#c2[MP],d1[MP],#c1[MP],a1[MO],#g1[MO],a[MO],#g[MO],d1[MO],#c1[MO],d[MO],#c[MO],QQQUVW,#C-1[MN],(#c1.#c)[MN],#D-1[MN],(#d1.#d)[MN],F-1[MN],(f1.f)[MN],#F-1[MN],(#f1.#f)[MN],(#c.#G-1)[MN],(#g1.#c1.#g)[MN],G-1[MN],(g1.g)[MN],#G-1[MN],(#g1.#g)[MN],F-1[MN],(f1.f)[MN],#F-1[MN],(#f1.#f)[MN],#G-1[MN],(#g1.#g)[MN],#A-1[MN],(#a1.#a)[MN],B-1[MN],(b1.b)[MN],(#f.#c)[MN],(#c2.#f1.#c1)[MN],c[MN],(c2.c1)[MN],#c[MN],(#c2.#c1)[MN],#A-1[MN],(#a1.#a)[MN],B-1[MN],(b1.b)[MN],#d[MN],(#d2.#d1)[MN],#G-1[MN],(#g1.#g)[MN],B-1[MN],(b1.b)[MN],F-1[MN],(f.f1)[MN],#G-1[MN],(#g1.#g)[MN],#C-1[MN],(#c.#c1)[MN],F-1[MN],(f1.f)[MN],#F-1[MN],(#f.#f1)[MN],#A-1[MN],(#a1.#a)[MN],#C-1[MN],(#c.#c1)[MN],#F-1[MN],(#f1.#f)[MN],#A-2[MN],(#A-1.#a)[MN],#C-1[MN],(#c1.#c)[MN],(#F-2.#F-1)[MN],(#f.#f1)[MN],(#A-1.#A-2)[MN],(#a1.#a)[MN],(#C-1.F-1.#G-1.#c)[MN],(#c1.f1.#g1.#c2)[MN],(#d.#D-1)[MN],(#d2.#d1)[MN],(F-1.f)[MN],(f1.f2)[MN],(#f.#F-1)[MN],(#f2.#f1)[MN],(#G-1.#c.#g)[MN],(#g1.#c2.#g2)[MN],(G-1.g)[MN],(g1.g2)[MN],(#G-1.d.#g)[MN],(#g1.#c2.#g2)[MN],(F-1.f)[MN],(f1.f2)[MN],(#F-1.#A-1.#c.#f)[MN],(#f1.#a1.#c2.#f2)[MN],(#G-1.#g)[MN],(#g1.#g2)[MN],(#A-1.#a)[MN],(#a1.#a2)[MN],(B-1.b)[MN],(b1.b2)[MN],(#c.#f.#c1)[MN],(#c2.#f2.#c3)[MN],(c.c1)[MN],(c2.c3)[MN],(#c.#f.#c1)[MN],(#c2.#f2.#c3)[MN],(#A-1.#a)[MN],(#a1.#a2)[MN],(#c.f.#g.#c1)[MN],(#c2.f2.#g2.#c3)[MN],(#d.#d1)[MN],(#d2.#d3)[MN],(f.f1)[MN],(f2.f3)[MN],(#f.#f1)[MN],(#f2.#f3)[MN],(#g.#c1.#g1)[MN],(#g2.#c3.#g3)[MN],(g1.g)[MN],(g2.g3)[MN],(#g.#c1.#g1)[MN],(#g2.#c3.#g3)[MN],(f1.f)[MN],(f2.f3)[MN],(#f.#a.#c1.#f1)[MN],(#f2.#a2.#c3.#f3)[MN],(#g1.#g)[MN],(#g2.#g3)[MN],(#a.#a1)[MN],(#a2.#a3)[MN],(b1.b)[MN],(b2.b3)[MN],(#c1.#f1.#c2)[MN],(#c3.#f3.#c4)[MN],(c1.c2)[MN],(c3.c4)[MN],(#c2.#f1.#c1)[MN],(#c3.#f3.#c4)[MN],(#a.#a1)[MN],(#a3.#a2)[MN],(b1.b)[MN],(b1.b2.b3)[MN],(#d2.#d1)[MN],(#d2.#d3.#d4)[MN],(#g1.#g)[MN],(#g2.#g1.#g3)[MN],(b.b1)[MN],(b2.b1.b3)[MN],(f.f1)[MN],(f3.f2)[MN],(#g.#g1)[MN],(#g2.#g3)[MN],(#c.#c1)[MN],(#c3.#c2)[MN],(f1.f)[MN],(f2.f3)[MN],(#A-1.#a)[MN],(#a1.#a2)[MN],(#c.#c1)[MN],(#c2.#c3)[MN],(#F-1.#f)[MN],(#f1.#f2)[MN],(#A-1.#a)[MN],(#a2.#a1)[MN],(#d.#D-1)[MN],(#d2.#d1)[MN],(#f.#F-1)[MN],(#f1.#f2)[MN],(B-2.B-1)[MN],(b.b1)[MN],(#D-1.#d)[MN],(#d2.#d1)[MN],(#G-1.#G-2)[MN],(#g1.#g)[MN],(B-1.B-2)[MN],(b1.b)[MN],(F-1.F-2)[MN],(f1.f)[MN],(#G-1.#G-2)[MN],(#g1.#g)[MN],#C-1[MN],(#c1.#c)[MN],F-1[MN],(f1.f)[MN],#A-2[MN],(#a.#A-1)[MN],#C-1[MN],(#c1.#c)[MN],(#F-1.#F-2)[MN],#f[MN],(#A-1.#A-2)[MN],#a[MN],#D-1[MN],#d[MN],#F-1[MN],#f[MN],"],"id":3,"instruments":["piano","piano"],"alternatives":["",""]}],"audition":{"start":[0,0],"end":[0,20]}}