{"baseBpm":112,"musics":[{"bpm":77,"baseBeats":0.25,"scores":["(#A-1.f2)[L],(#A-1.f2)[M],(#A-1.f2)[M],(#A-1.f2)[KMOP],(#A-1.#f2)[M],(#A-1.f2)[M],(#A-1.#f2)[M],(#A-1.f2)[M],(#A-1.#f2)[M],(#A-1.f2)[L],f2[M],f2[M],(#A-1.f2)[MN],(f2)[MN],(f2)[MN],(#A-1.f2)[MN],(#A-1.f2)[MN],(f2.#A-1)[MN],(#A-1.f2)[MN],"],"id":1,"instruments":["piano","piano","piano","piano"],"alternatives":["","","",""]},{"bpm":77,"baseBeats":0.25,"scores":["(#A-1.d2)[MN],(#d2.#A-1)[MN],(f2.#A-1)[L],f2[M],f2[M],(f2.#A-1)[K],#A-2[K],#a[MN],d1[MN],f1[MN],g1[K],(C-1.g1)[L],(C-1.g1)[M],(C-1.g1)[M],(g1.C-1)[K],c1[MN],#d1[MN],g1[MN],#a1[K],(C-1.#a1)[L],(C-1.#a1)[M],(#D-1.#a1)[M],(#a1.C-1)[K],"],"id":2,"instruments":["piano","piano","piano","piano"],"alternatives":["","","",""]},{"bpm":77,"baseBeats":0.25,"scores":["c1[MN],#d1[MN],#f1[MN],#a1[K],(#A-1.f1)[MN],(#A-1.d1)[MN],(#d1.#A-1)[MN],(#A-1.f1)[I],"],"id":3,"instruments":["piano","piano","piano","piano"],"alternatives":["","","",""]}],"audition":{"start":[0,0],"end":[1,0]}}