{"baseBpm":75,"musics":[{"id":1,"baseBeats":0.25,"scores":["(#A-3.#A-2.#A-1)[K],(#A-3.#A-2.#A-1)[K],T,T,(#A-3.#A-2.#A-1)[K],(#A-3.#A-2.#A-1)[K],T,T,(#A-3.#A-2.#A-1)[M],(#A-3.#A-2.#A-1)[M],(#A-3.#A-2.#A-1)[M],(#A-3.#A-2.#A-1)[M],(#A-3.#A-2.#A-1)[M],(#A-3.#A-2.#A-1)[M],(#A-3.#A-2.#A-1)[M],(#A-3.#A-2.#A-1)[M],(#A-3.#A-2.#A-1)[M],(#A-3.#A-2.#A-1)[M],(#A-3.#A-2.#A-1)[M],(#A-3.#A-2.#A-1)[M],(#A-3.#A-2.#A-1)[M],(#A-3.#A-2.#A-1)[M],(#A-3.#A-2.#A-1)[M],(#A-3.#A-2.#A-1)[M],(#A-3.#A-2.#A-1)[K],(#A-3.#A-2.#A-1)[K],T,T,"]},{"id":2,"baseBeats":0.25,"scores":["(#a1.d2.f2)[K],(d2.f2)[M],(d2.f2)[M],(#a1.d2.f2)[KL],V,(#A-2.#A-1)[KL],(f1.d2.f2)[L],(f1.#d2.#f2)[L],(f1.d2.f2)[L],(#a1.d2.f2)[K],(#a1.d2.f2)[M],(#a1.d2.f2)[M],(f1.#a1.d2.f2)[L],(#a1.d2.f2)[L],(#a1.d2.f2)[L],(#a1.d2.f2)[L],(f1.#a1.d2.f2)[L],(#a1.d2.f2)[L],(#a1.d2.f2)[L],(f1.#a1.d2)[L],(f1.a1.#d2)[L], (#a1.d2.f2)[K],(#a1.d2.f2)[L],(#a1.d2.f2)[KLM],(#A-3.#A-2.#A-1)[K],T,","(#A-1.#a)[JK],V,T,#f2[L],(F-1.f)[KL],(#A-1.#a)[KL],(F-1.f)[KL],(#A-1.#a)[KL],(F-1.f)[KL],(#A-2.#A-1.#a)[JKM],T,U,"]},{"id":3,"baseBeats":0.25,"scores":["#a1[L],d2[L],f2[L],g2[KL],V, (g.c1.#d1)[K],(g.c1.#d1)[L],(g.c1.#d1)[KL],V,c2[L],#d2[L],g2[L],#a2[KL],V,(g.c1.#d1)[K],(g.c1.#d1)[L],(f.a.#d1)[KL],c2[L],#d1[L],#f1[L],(#a.d1.f1)[L],(f.#a.d1)[L],(f.a.c1.#d1)[L], (#A-3.#A-2.#A-1)[M],(#A-3.#A-2.#A-1)[M],(#A-3.#A-2.#A-1)[M],(#A-3.#A-2.#A-1)[M],(#A-3.#A-2.#A-1)[M],(#A-3.#A-2.#A-1)[M],(#A-3.#A-2.#A-1)[M],(#A-3.#A-2.#A-1)[M],(#A-3.#A-2.#A-1)[M],(#A-3.#A-2.#A-1)[M],(#A-3.#A-2.#A-1)[M],(#A-3.#A-2.#A-1)[M],(#A-3.#A-2.#A-1)[M],(#A-3.#A-2.#A-1)[M],(#A-3.#A-2.#A-1)[M],(#A-3.#A-2.#A-1)[M],(#A-3.#A-2.#A-1)[M],(#A-3.#A-2.#A-1)[M],(#A-3.#A-2.#A-1)[M],(#A-3.#A-2.#A-1)[M],(#A-3.#A-2.#A-1)[M],(#A-3.#A-2.#A-1)[M],(#A-3.#A-2.#A-1)[M],(#A-3.#A-2.#A-1)[M],(#A-3.#A-2.#A-1)[M],(#A-3.#A-2.#A-1)[M],(#A-3.#A-2.#A-1)[M],(#A-3.#A-2.#A-1)[M],(#A-3.#A-2.#A-1)[M],(#A-3.#A-2.#A-1)[M],(#A-3.#A-2.#A-1)[M],(#A-3.#A-2.#A-1)[M],(#A-3.#A-2.#A-1)[I],","T,T,T,V,(C-1.c)[KL],(C-1.c)[KL],T,T,T,V,(C-1.c)[KL],(F-2.F-1)[JLM],T,T,T,U,(f.#a.d1.f1)[I],"]}],"audition":{"start":[1,0],"end":[2,0]}}