{"baseBpm":150,"musics":[{"bpm":150,"baseBeats":1,"scores":["(e1.g1.c2)[K],(f1.g1.b1)[K],(e1.g1.c2)[K],(d1.g1.d2)[J];T,(f1.g1.d2)[K],(f1.g1.c2)[K];(f1.g1.d2)[K],(e1.g1.e2)[J],T;(c2.e2)[K],f2[K],e2[K],(c2.#d2)[K];(b1.d2)[K],g2[K],(g1.c2)[K],(a1.d2)[K];(f1.b1)[K],(e1.c2)[J],T;(e1.g1.c2)[K],(f1.g1.b1)[K],(e1.g1.c2)[K],(d1.g1.d2)[J];T,(f1.g1.d2)[K],(f1.g1.c2)[K];(f1.g1.d2)[K],(e1.g1.e2)[J],T;(c2.e2)[K],f2[K],e2[K],(c2.#d2)[K];(b1.d2)[K],g2[K],(g1.c2)[K],(a1.d2)[K];(f1.b1)[K],(e1.c2)[J],T;","c1[K],d1[K],c1[K],b[J];T,b[K],a[K];g[K],c1[J],T;(c1.g1)[K],a1[K],g1[K],#f1[K];f1[J],(c1.e1)[K],(f.f1)[K];(g.d1)[K],(c.c1)[J],T;c1[K],d1[K],c1[K],b[J];T,b[K],a[K];g[K],c1[J],T;(c1.g1)[K],a1[K],g1[K],#f1[K];f1[J],(c1.e1)[K],(f.f1)[K];(g.d1)[K],(c.c1)[J],T;"],"id":1},{"bpm":152,"baseBeats":1,"scores":["(g1.d2)[K],c2[K],d2[K],(g1.e2)[J];c2[K],(b1.f2)[J];d2[K],(c2.g2)[J],e2[K];(g1.c2)[K],(f1.g1.b1)[K],(e1.g1.c2)[K],(d1.g1.d2)[J];(g1.c2.e2)[K],(a1.c2)[K],(a1.d2.f2)[K];(f1.b1.d2)[K],(e1.c2)[J],T;(g1.d2)[K],c2[K],d2[K],(g1.e2)[J];c2[K],(b1.f2)[J];d2[K],(c2.g2)[J],e2[K];(g1.c2)[K],(f1.g1.b1)[K],(e1.g1.c2)[K],(d1.g1.d2)[J];(g1.c2.e2)[K],(a1.c2)[K],(a1.d2.f2)[K];(f1.b1.d2)[K],(e1.c2)[J],g1[K];","(g.b)[K],a[K],b[K],(g.c1)[J];e1[K],(g.d1)[J];f1[K],(c1.e1)[J],g1[K];e1[K],d1[K],c1[K],b[J];c1[K],a[K],f[K];g[K],c[J],T;(g.b)[K],a[K],b[K],(g.c1)[J];e1[K],(g.d1)[J];f1[K],(c1.e1)[J],g1[K];e1[K],d1[K],c1[K],b[J];c1[K],a[K],f[K];g[K],c[J],T;"],"id":2},{"bpm":154,"baseBeats":1,"scores":["5<c2[L],#d2[L]>,5<g2[L],c3[L]>,5<#d3[L],c3[L]>,5<b2[L],U>;5<d3[L],U>,5<f2[L],U>,5<#g2[L],U>,5<U,U>;5<g2[L],f2[L]>,5<#d2[L],U>,5<c2[L],U>,5<g1[L],U>;5<c2[L],#d2[L]>,5<g2[L],c3[L]>,5<#d3[L],U>,5<U,U>;5<d3[L],U>,5<c3[L],U>,5<U,U>,5<b2[L],U>;5<a2[L],d3[L]>,g2[K],T,#a2[K];5<U,g2[L]>,5<e2[L],#c2[L]>,5<c2[L],#a1[L]>,5<#g1[L],U>;5<#g2[L],g2[L]>,5<f2[L],#d2[L]>,5<d2[L],U>,5<f2[L],#d2[L]>;5<d2[L],c2[L]>,5<b1[L],g1[L]>,5<#f1[L],g1[L]>,5<a1[L],b1[L]>;5<c2[L],#d2[L]>,5<g2[L],c3[L]>,5<#d3[L],c3[L]>,5<b2[L],U>;5<d3[L],U>,5<f2[L],U>,5<#g2[L],U>,5<U,U>;5<g2[L],f2[L]>,5<#d2[L],U>,5<c2[L],U>,5<g1[L],U>;5<#g2[L],U>,5<U,U>,5<g2[L],f2[L]>,5<#d2[L],U>;5<c2[L],U>,5<c2[L],U>,5<#g2[L],U>,5<U,U>;5<g2[L],f2[L]>,5<f2[L],U>,5<#d2[L],U>,5<d2[L],U>;5<d2[L],U>,5<c2[L],U>,5<b1[L],U>,c2[K];T,","c[L],g[L],#d[L],g[L],c[L],g[L],d[L],g[L];f[L],g[L],d[L],g[L],B-1[L],g[L],d[L],g[L];B-1[L],g[L],c[L],g[L],#d[L],g[L],c[L],g[L];c[L],g[L],#d[L],g[L],A-1[L],#f[L],#A-1[L],g[L];#A-1[L],g[L],c[L],a[L],d[L],g[L],d[L],g[L];d[L],#f[L],G-1[K],g[K],T;e[L],c1[L],g[L],c1[L],e[L],c1[L],f[L],c1[L];f[L],c1[L],g[L],c1[L],#g[L],c1[L],#g[L],c1[L];#f[L],d1[L],g[J],T;c[L],g[L],#d[L],g[L],c[L],g[L],d[L],g[L];f[L],g[L],d[L],g[L],B-1[L],g[L],d[L],g[L];B-1[L],g[L],c[L],g[L],#d[L],g[L],c[L],g[L];B-1[L],g[L],d[L],g[L],B-1[L],g[L],c[L],g[L];#d[L],g[L],c[L],g[L],B-1[L],g[L],d[L],g[L];B-1[L],g[L],c[L],g[L],c[L],g[L],F-1[L],f[L];G-1[L],#d[L],G-1[L],#d[L],G-1[L],d[L],C-1[K];c[K],"],"id":3}],"audition":{"end":[2,22],"start":[2,0]}}