{"baseBpm":480,"musics":[{"bpm":480,"baseBeats":0.75,"scores":["mute[JKM],mute[ILM],mute[KLN],mute[H],mute[HJMN],mute[JLM],5<UV>,5<UV>,mute[K],mute[JKM],mute[KN],mute[HKLN],mute[HKL],mute[JKM],mute[IJ],mute[J],mute[KLMN],mute[KLMN],mute[KLMN],mute[KLN],mute[KLN],mute[KLN],mute[KM],mute[KMN],mute[KMN],mute[KM],mute[KMN],mute[JLN],mute[HH],mute[I],mute[LM],mute[KMN],mute[JKLMN],mute[J],mute[KLN],mute[KLN],mute[KL],mute[KMN],mute[KMN],mute[KM],mute[KMN],mute[KMN],mute[JLN],mute[H],mute[JMN],mute[KLN],mute[KLN],mute[KLN],mute[KLN],mute[KL],mute[KLN],mute[KLN],mute[KLN],mute[KLN],mute[JM],mute[JM],mute[JM],mute[JM],mute[JLN],mute[JLMN],mute[JKN],mute[JKLN],mute[LM],mute[LM],mute[LM],mute[LM],mute[LM],mute[LM],mute[LM],mute[LM],mute[LM],mute[LM],mute[LM],mute[LM],mute[LM],mute[LM],mute[LM],mute[K],mute[K],mute[KM],mute[KN],mute[KL],mute[KMN],mute[KLMN],mute[KLMN],mute[LM],mute[KM],mute[JN],mute[JN],mute[JK],mute[IM],mute[KLMN],mute[JKL],mute[JKLN],mute[JLMN],mute[JLMN],mute[KLMN],mute[KLMN],mute[KL],mute[JL],mute[LM],mute[LM],mute[KLN],mute[HIJKM],mute[KMN],mute[KM],mute[KMN],mute[K],mute[K],mute[K],mute[LM],mute[LM],mute[LM],mute[LM],mute[LM],mute[LM],mute[LM],mute[LM],mute[KMN],mute[KM],mute[KN],mute[KL],mute[KM],mute[JLM],mute[JLN],mute[JLM],mute[LM],mute[LM],mute[LM],mute[LM],mute[LM],mute[LM],mute[LM],mute[LM],mute[LM],mute[LM],mute[LM],mute[LM],mute[LM],mute[LM],mute[LM],mute[LM],mute[LM],mute[LM],mute[LM],mute[LM],mute[LM],mute[LM],mute[LM],mute[LM],mute[LM],mute[LM],mute[LM],mute[LM],mute[LM],mute[LM],mute[JKMN],mute[ILMN],mute[IKM],mute[JLM],mute[KL],mute[JKM],mute[JKM],mute[JKN],mute[JKM],mute[JKN],mute[JKM],mute[JKM],mute[KL],mute[KLN],mute[JKM],mute[JKN],mute[JKM],mute[JKM],mute[JKN],mute[JKM],mute[KM],mute[KLMN],mute[KLN],mute[KLN],mute[JKM],mute[JKN],mute[JKM],mute[JKLN],mute[JLM],mute[JKM],mute[JKN],mute[JKM],mute[JKN],mute[JKM],mute[JKM],mute[JKN],mute[JKM],mute[JKN],mute[KMN],mute[KLMN],mute[KLN],mute[KLN],mute[JKN],mute[JKMN],mute[LM],mute[JM],mute[JKM],mute[JKM],mute[JKM],mute[LM],mute[JMN],mute[KLN],mute[KL],mute[JKM],mute[JKM],mute[LM],mute[JMN],mute[JKM],mute[JKN],mute[JKMN],mute[LM],mute[JMN],mute[KL],mute[KLN],mute[JKM],mute[JKN],mute[JKM],mute[JKM],mute[I],mute[I],mute[I],mute[LM],mute[JMN],mute[JKM],mute[JKN],mute[JKM],mute[JKM],mute[JKN],mute[JKM],mute[JKN],mute[KLN],mute[KLN],mute[JKM],mute[JKM],mute[LM],mute[JMN],mute[JKN],mute[KLN],mute[KLN],mute[KLN],mute[KLN],mute[KL],mute[KLN],mute[KLN],mute[KLN],mute[JKN],mute[JKM],mute[JKM],mute[JKN],mute[JKM],mute[JKN],mute[LM],mute[KM],mute[KM],mute[KLN],mute[KLN],mute[JKN],mute[JKM],mute[JKN],mute[JKM],mute[KLN],mute[KLN],mute[KL],mute[KLN],mute[KLN],mute[KLN],mute[KLN],mute[KL],mute[JKM],mute[JKM],mute[JKN],mute[JKM],mute[JKN],mute[JKLMN],mute[JLN],mute[KL],mute[KLN],mute[JKM],mute[JKN],mute[KMN],mute[KLMN],mute[JKM],mute[KL],mute[KLN],mute[KLN],mute[KLN],mute[KLN],mute[KL],mute[KLN],mute[KLN],mute[JKM],mute[JKN],mute[JKM],mute[JKN],mute[JKM],mute[JKLMN],mute[KM],mute[KM],mute[KLN],mute[KLN],mute[JKN],mute[JKM],mute[JKM],mute[JKN],mute[KLN],mute[KL],mute[KL],mute[KL],mute[KL],mute[KL],mute[KL],mute[KL],mute[JK],mute[JK],mute[JK],mute[JK],mute[KL],mute[KL],mute[KMN],mute[KMN],mute[KMN],mute[KL],mute[KMN],mute[KMN],mute[JLMN],mute[JLM],mute[JLMN],mute[JKLM],mute[J],mute[J],mute[KN],mute[LM],mute[K],mute[LM],mute[LM],mute[LM],mute[LM],mute[K],mute[KN],mute[KN],mute[LM],mute[LM],mute[LM],mute[K],mute[KN],mute[KN],mute[KN],mute[HK],mute[KLN],mute[JKM],mute[JKN],mute[JKM],mute[JKN],mute[JKM],mute[JKM],mute[JKN],mute[KLN],mute[KLN],mute[JKN],mute[JKM],mute[JKM],mute[JKN],mute[JKM],mute[JKN],mute[JKM],mute[KLN],mute[KLN],mute[JKN],mute[JKM],mute[JKN],mute[JKM],mute[JKM],mute[JKN],mute[JKM],mute[KLN],mute[KL],mute[JKM],mute[JKM],mute[JKN],mute[JKM],mute[JKN],mute[JKM],mute[JKM],mute[JKN],mute[JKM],mute[JKN],mute[JKM],mute[JKM],mute[JKN],mute[JKM],mute[JKN],mute[KLN],mute[KLN],mute[JK],mute[JK],mute[JK],mute[JK],mute[JK],mute[JLM],5<UV>,mute[JL],mute[KL],mute[KL],mute[JLMN],mute[JLM],mute[JLMN],mute[JLM],mute[KN],mute[KLM],mute[JLMN],mute[JLM],mute[JLMN],mute[JLMN],mute[JLM],mute[JLM],mute[JLMN],mute[IJKN],mute[I],mute[I],mute[H],mute[I],mute[I],mute[JKMN],mute[JKMN],mute[JKL],mute[JKLMN],mute[JL],mute[KL],mute[KL],mute[JK],mute[JK],mute[JK],mute[JK],mute[JK],mute[JK],mute[JK],mute[JK],mute[JK],mute[JK],mute[JK],mute[JK],mute[JK],mute[JK],mute[JK],mute[KL],mute[KL],mute[JK],mute[JK],mute[JK],mute[JK],mute[JK],mute[JK],mute[JK],mute[KL],mute[KL],mute[JK],mute[JK],mute[JK],mute[JK],mute[JK],mute[JK],mute[JK],mute[KL],mute[KL],mute[JK],mute[JK],mute[JK],mute[JK],mute[JK],mute[JK],mute[JK],mute[JK],mute[JK],mute[JK],mute[JK],mute[JK],mute[JK],mute[JK],mute[JK],mute[KL],mute[KL],mute[JK],mute[JK],mute[JK],mute[JK],mute[JK],mute[JK],mute[JK],mute[JK],mute[JK],mute[JK],mute[JK],mute[IJ],mute[JKLN],mute[JMN],mute[JK],mute[JK],mute[JK],mute[JK],mute[IJ],mute[JK],mute[JK],mute[JK],mute[JK],mute[JK],mute[JK],mute[IK],mute[K],mute[K],mute[J],mute[J],mute[K],mute[K],mute[J],mute[JK],mute[JK],mute[KN],mute[JLMN],mute[IN],mute[LM],mute[LM],mute[KMN],mute[JK],mute[HIJ],mute[J],mute[J],mute[KLN],mute[KLN],mute[KLN],mute[KM],mute[KMN],mute[KLN],mute[J],mute[JLN],mute[I],mute[HHIKMN],","#D-1[JKM],(#c1.#g.f)[ILM],(c1.#g.#d)[KLN],(c1.#g.#d)[H],(#a.f.#c)[HJMN],#D-1[JKM],#c[M],#g[L],#a[M],f1[K],(#c1.#g.f)[JKM],(c1.#g.#d)[KN],(c1.#g.#d)[HKLN],(b.#g.f.d)[HKL],#D-1[JKM],(b1.f1.d1.#g)[IJ],(#c1.g.#a1.e1)[J],(#c1.g.#a1.e1)[KLMN],(c1.#f.a1.#d1)[KLMN],(f1.b.d2.#g1)[KLMN],(f1.b.d2.#g1)[KLN],(e1.#a.#c2.g1)[KLN],(a1.#d1.#f2.c2)[KLN],(a1.#d1.#f2.c2)[KM],(#g1.d1.f2.b1)[KMN],(#c2.g1.#a2.e2)[KMN],(#c2.g1.#a2.e2)[KM],(b1.#f1.a2.#d2)[KMN],(f2.b1.d3.#g2)[JLN],(f2.b1.d3.#g2)[HH],#D-1[I],(#d.#c2)[LM],(#a.g2)[LN],(#c1.#a2)[LM],(g1.f3)[JKLMN],(g2.#c2.e3.#a2)[J],(g2.#c2.e3.#a2)[KLN],(#f2.c2.#d3.a2)[KLN],(f2.b1.#g3.d3)[KL],(f2.b1.#g3.d3)[KMN],(e2.#a1.g3.#c3)[KMN],(#d2.a1.c4.#f3)[KM],(#d2.a1.c4.#f3)[KMN],(d2.#g1.b3.f3)[KMN],(#c2.g1.e4.#a3)[JLN],(#c2.g1.e4.#a3)[H],(c2.#f1.#d4.a3)[JMN],(e2.b1.d4.#g3)[KLN],(e2.#a1.#c4.g3)[KLN],(a2.#d2.c4.#f3)[KLN],(#g2.d2.b3.f3)[KLN],(#c3.g2.#a3.e3)[KL],(c3.#f2.a3.#d3)[KLN],(b2.f2.#g3.d3)[KLN],(#a2.e2.g3.#c3)[KLN],(a2.#d2.#f3.c3)[KLN],(#g2.d2.f3.b2)[JM],(g2.#c2.e3.#a2)[JM],(#f2.c2.#d3.a2)[JM],(f2.b1.d3.#g2)[JM],(e2.#a1.#c3.g2)[JLN],(e2.a1.#c3.g2)[JLMN],(e2.#g1.#c3.#g2)[JKN],(e2.#f1.#c3.a2)[JKLN],(e2.#f1.#c3.#a2)[LM],(#d4.b3)[LM],(#c3.#a2)[LN],(#d4.b3)[LM],(#c3.#a2)[LM],(#d4.b3)[LN],(#c3.#a2)[LM],(#d4.b3)[LM],(#c3.#a2)[LN],(#d4.b3)[LM],(#c3.#a2)[LN],(#d4.b3)[LM],(#c3.#a2)[LM],(#d4.b3)[LM],(#c3.#a2)[LN],(#d4.b3)[LM],c3[LMN],#c3[K],a2[KM],#a2[KN],b2[KL],c3[KMN],#c3[KLMN],d3[KLM],(#c1.#g2.#d3)[LMN],#a1[KM],e3[JN],#d3[JN],#f3[JK],e3[IM],e3[KLMN],e3[JKL],e3[JKLN],e3[JLMN],e3[JLMN],e3[KLMN],e3[KLMN],e3[KL],e3[JMN],e3[LM],#d1[LMN],#a1[K],(#c2.g2)[LN],e3[HIJKM],f3[KMN],c3[KM],#c3[KMN],a2[K],#a2[K],#f2[K],g2[LM],e2[LMN],f2[LM],c2[LM],#c2[LMN],a1[LMN],#a1[LMN],#f1[LMN],g1[LM],e1[KM],f1[KN],d1[KL],#d1[KM],d1[JLM],#d1[JLN],f1[JLN],#d1[LM],f1[LN],#d1[LM],f1[LM],#d1[LN],f1[LM],#d1[LM],f1[LN],#d1[LM],f1[LM],#d1[LN],f1[LM],#d1[LN],f1[LM],#d1[LM],f1[LM],#d1[LN],f1[LM],#d1[LN],f1[LM],#d1[LM],f1[LN],#d1[LM],f1[LM],#d1[LN],f1[LM],#d1[LM],f1[LM],#d1[LN],f1[LN],#d1[LM],f1[LM],d1[JKMN],#d1[ILMN],(#d1.#c2)[IKM],(#g.#d1)[JLM],c2[KL],(f.c2)[JKM],(#G-1.d1)[JKM],(d1.b1.f1)[JKN],(#g.f2)[JKM],(#d.#c1)[JKN],(#G-1.#d1)[JKM],(#c1.c2)[JKM],(g.#d1)[KL],#a1[KLN],(#d.#a1)[JKM],(#G-1.c1)[JKN],(c1.#g1.#d1)[JKM],(#g.#d2)[JKM],(F-1.#g)[JKN],(d.b)[JKM],(D-1.b)[KM],g1[KLMN],(B-1.#g)[KLN],f1[KLN],(#D-1.f1.#c1)[JKM],(#A-1.g)[JKN],(#d.#c1)[JKM],(#A-1.#d1)[JKN],(#D-1.c2.#d1)[L],#d1[JLM],(#d.#c1)[JKM],(g.#d1)[JKN],(#d.#a1)[JKM],#g1[JKN],(#d.#d1)[JKM],(#G-1.c1)[JKM],(#d.#d1)[JKN],(#g.c1)[JKM],(#d.#d1)[JKN],#g[KMN],#c1[KLMN],#d[KLN],c1[KLN],c1[JKN],#G-1[JKM],d[LMN],(f.b)[JM],f1[JKM],#a[JKM],f[JKN],#c[LN],c1[M],g[JMN],#d[KLN],#a[KL],#a[JKM],#G-1[JKM],c[LM],(#d.#g)[JMN],#d1[JKM],#g[JKN],#d[JKM],B-1[LN],g[M],d[JMN],#G-1[KL],f[KLN],f[JKM],G-1[JKN],(c.#d)[JKM],G-1[JKM],#g[I],G-1[I],(f.B-1)[I],G-1[LM],g[JMN],g[JKM],C-1[JKN],G-1[JKM],c[JKM],#d[JKN],g[JKM],(c.#d1.g.#d2)[JKN],(g1.c1)[KLN],#c2[KLN],#c2[JKM],(#g.f1)[JKN],(f1.#g1)[LMN],#g2[JMN],(#c1.#c2)[JKN],c[KLN],g2[KLN],(#c1.#g)[KLN],f2[KLN],(#g1.f1)[KL],#d2[KLN],(f1.#g)[KLN],b1[KLN],b1[JKN],(C-1.g1.#d1)[JKM],(G-1.c2)[JKM],(c.#d1.c1)[JKN],#d[JKM],g[JKN],c[LM],g[KM],#d1[KM],#d[KLN],#c1[KLN],#c1[JKN],B-1[JKM],(#g.f.#g1)[JKN],#c1[JKM],#A-1[KLN],g1[KLN],(#g.f)[KL],f1[KLN],#a[KLN],#c1[KLN],(#g.f)[KLN],d1[KL],d1[JKM],(#D-1.#a)[JKM],(#A-1.g.#d1)[JKN],(#d.#a)[JKM],g[JKN],#a[JKM],(#d.g1.#f2)[L],g1[N],#a[JLN],(#d1.#a1)[KL],e2[KLN],(#d.e2)[JKM],(b.#g1)[JKN],(#g1.b1)[KMN],b2[KLMN],(e1.e2)[JKM],#d[KL],#a2[KLN],(e1.b)[KLN],#g2[KLN],(b1.#g1)[KLN],#f2[KL],(#g1.b)[KLN],d2[KLN],d2[JKM],(#D-1.#a1.g1)[JKN],(#A-1.#d2)[JKM],(#d.g1.#d1)[JKN],g[JKM],#a[JKM],#d[LN],#a[KM],#f1[KM],g[KLN],e1[KLN],e1[JKN],d[JKM],(b.#g.b1)[JKM],e1[JKN],d[KLN],a1[KL],e1[KL],#g1[KL],(b.#g)[KL],#f1[KL],d[KL],e1[KL],e1[JK],#c[JK],(#c1.a.#c2)[JK],e1[JK],#c[KL],b1[KL],e1[KMN],a1[KMN],(#c1.a)[KMN],#g1[KL],#c[KMN],#f1[KMN],#f1[JLMN],(B-1.e1)[JLM],(d1.#g.d2)[JLMN],e1[JKLM],#a1[J],b1[J],#f2[K],e2[LMN],d2[K],b1[LM],#g1[LMN],d2[LM],b1[LMN],#g1[LM],#d1[KN],e1[KN],f1[LMN],g1[LM],#f1[LMN],e1[LM],#a[KN],b[KN],#f1[KN],e1[HK],c1[KLN],c1[JKM],e[JKN],(A-1.#c1)[JKM],(e.e1)[JKN],(a.#c1)[JKM],(e.e1)[JKM],(d1.d2)[JKN],(a.e.a1.e1)[KLN],(#c1.#c2)[KLN],(#c1.#c2)[JKN],(#f.A-1.#f1.#d1)[JKM],(c1.c2)[JKM],(#f1.#f2)[JKN],(c1.c2)[JKM],(#f.A-1.#f1.#d1)[JKN],(#c1.#c2)[JKM],(#g.f.A-1.f1.d1)[KLN],(b.b1)[KLN],(b.b1)[JKN],(e.A-1.e1.#c1)[JKM],(a.a1)[JKN],(e1.e2)[JKM],(a.a1)[JKM],(e.A-1.e1.#c1)[JKN],(#g.#g1)[JKM],(c.#D-1.c1.a)[KLN],(#f.#f1)[KL],(#f.#f1)[JKM],(B-1.E-1.d1.#g)[JKM],(f.f1)[JKN],(e.e1)[JKM],(#c1.#c2)[JKN],(#g.e.e1.d1)[JKM],(E-1.#g)[JKM],(b.b1)[JKN],(a.a1)[JKM],(e.#c1.a)[JKN],(A-1.e1)[JKM],(e.#c1.a)[JKM],(e.#c1.a)[JKN],(a.e1)[JKM],(d1.d2)[JKN],(a.e.a1.e1)[KLN],(#c1.#c2)[KLN],(#c1.#c2)[JK],(#f.A-1.#f1.#d1)[JK],(c1.c2)[JK],(#f1.#f2)[JK],(c1.c2)[JK],(#f.A-1.#f1.#d1)[JK],(c1.c2)[L],(e1.e2)[JL],(#f.#G-1.#f1.c1)[KL],(#d1.#d2)[KL],(#d1.#d2)[JLMN],(e.#G-1.#g1.#c1)[JLM],(#c1.#c2)[JLMN],(#g.e.#g1.#c1)[JLM],(#c1.#c2)[L],(#c1.#c2)[LN],(#f1.#f2)[KLM],(#c.#a1.g1)[JLMN],(#a.g.g1.e1)[JLM],(e1.e2)[JLMN],(e1.e2)[JLMN],(b.g.d.b1.g1)[JLM],(d1.d2)[JLM],(b.g.d.b1.g1.d1)[JLMN],(b1.b2)[IJKN],(c1.#f.d.c2.#f1.d1)[I],D-1[I],(a1.a2)[H],(g1.g2)[I],d[I],(G-1.b)[JKMN],(d.d1)[JKMN],(g.b)[JKL],(d.d1)[JKMN],(d1.g1)[L],c2[JL],(g.d1)[KL],b1[KL],b1[JK],(e.e1.#c1)[JK],(G-1.#a1)[JK],(e.e1.#c1)[JK],(#a.#a1)[JK],(e.e1.#c1)[JK],(#c1.#a1)[JK],(g.e1.#c1)[JK],e2[JK],(d.g1.b)[JK],(G-1.d2)[JK],(d.g1.b)[JK],b[JK],(d.g1.b)[JK],(d1.c2)[JK],(g.g1.d1)[KL],b1[KL],b1[JK],(e.e1.#c1)[JK],(G-1.a1)[JK],(a.e.e1.#c1)[JK],b1[JK],(#f.#d.#d1.c1)[JK],(G-1.c2)[JK],(a.#f.#d1.c1)[KL],#f1[KL],a1[JK],(d.d1.b)[JK],(G-1.g1)[JK],(d.d1.b)[JK],g[JK],(d.d1.b)[JK],(d1.c2)[JK],(g.g1.d1)[KL],b1[KL],b1[JK],(e.e1.#c1)[JK],(G-1.#a1)[JK],(e.e1.#c1)[JK],(#a.#a1)[JK],(e.e1.#c1)[JK],(#c1.#a1)[JK],(g.e1.#c1)[JK],e2[JK],(d.g1.b)[JK],(G-1.d2)[JK],(d.g1.b)[JK],b[JK],(d.g1.b)[JK],(d1.e2.c2)[JK],(g.g1.d1)[KL],(d2.b1)[KL],(d2.b1)[JK],(G-1.e1.#c1)[JK],(#a.#c2.#a1)[JK],(e.e1.#c1)[JK],(#F-1.#c2.#a1)[JK],(#a.#f1.#c1)[JK],(#F-1.#c2.#a1)[JK],(#a.g1.#c1)[JK],(g2.e2)[JK],D-1[JK],(#f1.b.#f2.d2)[JK],(d1.#f)[IJ],(E-1.e2.c2)[JK],(e1.g.g2)[LN],(#f2.d2)[JMN],(c1.e.e2.c2)[JK],(e2.c2)[JK],#F-1[JK],(d1.#f.d2.b1)[JK],(b.d)[IJ],(E-1.#c2.#a1)[JK],(#c1.#f.d2.b1)[JK],(#f1.#a.e2.#c2)[JK],(g2.e2)[JK],(D-1.#f2.d2)[JK],(#f1.b.a2.#f2)[JK],(d1.#f)[IK],(g2.e2)[K],E-1[K],(#f2.d2)[J],(e1.g.g2.e2)[J],(#f2.d2)[K],(c1.e)[K],(e2.c2)[J],(e2.c2)[JK],(#F-1.d2.b1)[JK],(d1.#f.e2.c2)[LN],(d2.b1)[L],(#c2.#a1)[JLMN],(b.d.d2.b1)[I],(#F-1.e1)[LMN],(#c.#a1)[LM],(#a.#f2)[KMN],(#c2.e1)[JK],(e2.g1)[HIJ],(#d2.#f1)[J],(d2.f1)[J],(#c2.e1)[KLN],(c2.#d1)[KLN],(b1.d1)[KLN],(#a1.#c1)[KM],(a1.c1)[KMN],(#g1.b)[KLN],(g1.#a)[J],(#f1.a)[JLN],(f1.#g)[I],(e1.g)[HHIKMN],"],"id":1,"instruments":["piano","piano"],"alternatives":["",""]},{"bpm":480,"baseBeats":0.75,"scores":["mute[H],mute[JN],mute[JN],mute[JN],mute[JN],mute[JN],mute[JN],mute[JN],mute[JN],mute[JM],mute[JLN],mute[JLN],mute[HI],mute[JN],mute[JN],mute[JN],mute[JN],mute[JN],mute[JN],mute[JN],mute[JN],mute[JN],mute[JLN],mute[JLM],mute[HI],mute[J],mute[JM],mute[JN],mute[JN],mute[JN],mute[JN],mute[JN],mute[JN],mute[JN],mute[JN],mute[JN],mute[JN],mute[JM],mute[K],mute[ILM],mute[JKM],mute[JN],mute[JN],mute[JN],mute[JKM],mute[JKN],mute[HJLM],mute[KM],mute[KMN],mute[KMN],mute[KM],mute[KMN],mute[KMN],mute[KM],mute[KMN],mute[KMN],mute[KM],mute[K],mute[KM],mute[JMN],mute[JM],mute[JMN],mute[JM],mute[JM],mute[IJLMN],mute[KM],mute[KMN],mute[KMN],mute[KM],mute[KMN],mute[KMN],mute[KM],mute[KMN],mute[KMN],mute[KM],mute[JMN],mute[JM],mute[JM],mute[JM],mute[JMN],mute[JM],mute[IJLMN],mute[KN],mute[KN],mute[KN],mute[KN],mute[KM],mute[K],mute[KM],mute[KN],mute[KN],mute[KN],mute[JM],mute[JMN],mute[JM],mute[JM],mute[JM],mute[JMN],mute[JM],mute[JM],mute[JMN],mute[JM],mute[JM],mute[JM],mute[JMN],mute[JM],mute[JM],mute[JMN],mute[JM],mute[JM],mute[JM],mute[JMN],mute[JM],mute[JM],mute[JMN],mute[JM],mute[JM],mute[KN],mute[KN],mute[JMN],mute[JM],mute[KN],mute[KN],mute[JMN],mute[JM],mute[KN],mute[KN],mute[JM],mute[JMN],mute[KN],mute[KN],mute[JM],mute[JMN],mute[JM],mute[JM],mute[JM],mute[JMN],mute[JM],mute[JM],mute[JMN],mute[JMN],mute[LM],mute[LM],mute[LM],mute[HIM],mute[IJMN],mute[ILN],mute[KLN],mute[ILM],mute[HIJMN],mute[JKM],mute[KM],mute[KLMN],mute[JKM],mute[JKM],mute[J],mute[JM],mute[JN],mute[JN],mute[JN],mute[JN],mute[JN],mute[JN],mute[JN],mute[JN],mute[JN],mute[JN],mute[JN],mute[JN],mute[JM],mute[J],mute[KN],mute[KN],mute[JN],mute[JN],mute[JLN],mute[KLN],mute[JN],mute[JN],mute[JN],mute[JN],mute[JN],mute[JN],mute[JN],mute[JN],mute[JM],mute[J],mute[JM],mute[JN],mute[JN],mute[JN],mute[JN],mute[JN],mute[JN],mute[JN],mute[JN],mute[KN],mute[K],mute[JN],mute[JN],mute[JLM],mute[KLN],mute[J],mute[JM],mute[JN],mute[JN],mute[JN],mute[JN],mute[JN],mute[JN],mute[JN],mute[JN],mute[JN],mute[JN],mute[JN],mute[JN],mute[JM],mute[J],mute[JM],mute[JN],mute[JN],mute[K],mute[KN],mute[JN],mute[JN],mute[JLN],mute[KLN],mute[JN],mute[JN],mute[JN],mute[JN],mute[JN],mute[JM],mute[J],mute[JM],mute[JN],mute[JN],mute[JN],mute[JN],mute[JN],mute[JN],mute[JN],mute[JN],mute[JN],mute[JN],mute[JN],mute[KN],mute[K],mute[JM],mute[J],mute[KN],mute[KN],mute[JN],mute[JN],mute[JN],mute[JN],mute[JN],mute[JN],mute[JN],mute[JN],mute[KN],mute[K],mute[JN],mute[JN],mute[KN],mute[K],mute[JM],mute[J],mute[KN],mute[KN],mute[JN],mute[JN],mute[JN],mute[JN],mute[IJK],mute[JL],mute[KN],mute[LM],mute[LM],mute[LM],mute[LM],mute[LM],mute[LM],mute[KN],mute[K],mute[K],mute[K],mute[K],mute[K],mute[K],mute[KL],mute[KL],mute[K],mute[K],mute[K],mute[K],mute[KM],mute[J],mute[KMN],mute[J],mute[KLN],mute[J],mute[KLN],mute[JLN],mute[JLM],mute[J],mute[JM],mute[J],mute[JM],mute[JN],mute[JN],mute[JN],mute[JN],mute[JN],mute[JN],mute[JN],mute[KN],mute[K],mute[JN],mute[JN],mute[JM],mute[J],mute[JM],mute[J],mute[JM],mute[JN],mute[JN],mute[JN],mute[JN],mute[K],mute[KLN],mute[KLN],mute[K],mute[KN],mute[JN],mute[JN],mute[JN],mute[JM],mute[IJKMN],mute[J],mute[J],mute[KMN],mute[KM],mute[KMN],mute[KMN],mute[KM],mute[J],mute[KMN],mute[KMN],mute[K],mute[K],mute[K],mute[K],mute[K],mute[K],mute[K],mute[K],mute[KM],mute[KMN],mute[KMN],mute[KM],mute[KMN],mute[KMN],mute[KM],mute[KLN],mute[KLN],mute[KLN],mute[KLN],mute[J],mute[J],mute[J],mute[J],mute[I],mute[H],mute[JM],mute[JM],mute[JM],mute[JMN],mute[JM],mute[JM],mute[JMN],mute[KN],mute[KN],mute[JM],mute[JM],mute[KM],mute[KN],mute[JM],mute[JM],mute[JMN],mute[JM],mute[JM],mute[JLMN],mute[KLM],mute[JM],mute[JM],mute[JMN],mute[JM],mute[KN],mute[KN],mute[JM],mute[JMN],mute[JM],mute[JM],mute[JMN],mute[JM],mute[JM],mute[JM],mute[KM],mute[KN],mute[JM],mute[JM],mute[KN],mute[KM],mute[JM],mute[JM],mute[JM],mute[JMN],mute[JM],mute[JLMN],mute[KLM],mute[JM],mute[JM],mute[JM],mute[JMN],mute[KN],mute[KN],mute[JM],mute[JMN],mute[JM],mute[JM],mute[JM],mute[JMN],mute[JM],mute[JM],mute[KN],mute[KM],mute[JM],mute[JM],mute[KN],mute[KN],mute[JMN],mute[JM],mute[JM],mute[JMN],mute[JM],mute[JLMN],mute[KLN],mute[JMN],mute[KN],mute[KN],mute[JM],mute[JMN],mute[KN],mute[KN],mute[JM],mute[JM],mute[JMN],mute[JM],mute[JM],mute[JLMN],mute[KLM],mute[JM],mute[KN],mute[KN],mute[JMN],mute[JM],mute[JLMN],mute[KLM],mute[JM],mute[JM],mute[JN],mute[JN],mute[JN],mute[JN],mute[JN],mute[KN],mute[K],mute[JN],mute[JN],mute[KN],mute[K],mute[JN],mute[JN],mute[KN],mute[K],mute[JM],mute[J],mute[KN],mute[KN],mute[JN],mute[J],mute[K],mute[K],mute[J],mute[J],mute[K],mute[K],mute[J],mute[J],mute[K],mute[K],mute[J],mute[J],mute[K],mute[K],mute[J],mute[J],mute[K],mute[K],mute[J],mute[J],mute[K],mute[K],mute[J],mute[J],mute[J],mute[J],mute[J],mute[J],mute[J],mute[J],mute[K],mute[K],mute[J],mute[J],mute[K],mute[K],mute[J],mute[J],mute[K],mute[K],mute[J],mute[J],mute[K],mute[K],mute[J],mute[J],mute[K],mute[K],mute[J],mute[J],mute[K],mute[K],mute[J],mute[J],mute[K],mute[K],mute[J],mute[J],mute[K],mute[K],mute[J],mute[J],mute[J],mute[J],mute[J],mute[J],mute[K],mute[K],mute[J],mute[K],mute[K],mute[J],mute[J],mute[K],mute[K],mute[J],mute[J],mute[J],mute[J],mute[J],mute[J],mute[K],mute[K],mute[JLM],mute[JLM],mute[JLM],mute[JLM],mute[JLM],mute[JLM],mute[IN],mute[KMN],mute[JMN],mute[JL],mute[JKL],mute[KM],mute[JMN],mute[JMN],mute[JKLN],mute[KM],mute[JL],mute[JL],mute[JLN],mute[JL],mute[JL],mute[JL],mute[JKLM],mute[KM],mute[JMN],mute[JM],mute[JKMN],mute[KM],mute[JM],mute[JM],mute[JKL],mute[KN],mute[JL],mute[JL],mute[JLN],mute[JL],mute[JL],mute[JL],mute[JL],mute[JL],mute[JK],mute[JK],mute[JK],mute[JK],mute[JKL],mute[JKMN],mute[ILMN],mute[HI],mute[J],mute[J],mute[J],mute[J],mute[J],mute[J],mute[J],mute[J],mute[J],mute[J],mute[J],mute[J],mute[J],mute[J],mute[J],mute[J],mute[J],mute[J],mute[J],mute[J],mute[J],mute[J],mute[J],mute[J],mute[J],mute[J],mute[J],mute[J],mute[J],mute[J],mute[J],mute[J],mute[J],mute[KLM],mute[KLMN],mute[KLMN],mute[KLMN],mute[KLMN],mute[KLM],mute[KLMN],mute[KLMN],mute[KLMN],mute[KLMN],mute[KLM],mute[JKLM],mute[HJK],mute[KLMN],mute[JKLN],mute[KMN],mute[KMN],mute[KL],mute[HJKLM],","(#d1.#f)[H],(g.e1)[JN],#a[JN],(b.#d1.#f)[JN],(#d1.#f)[JN],#g[JN],B-1[JN],(d1.f)[JN],(#g1.b)[JN],(d2.f1)[JM],(#g2.b1)[JLN],(d3.f2)[JLN],(#g3.b2)[HI],(#d1.#f)[JN],(#a.g)[JN],(#c1.e)[JN],(#c1.e)[JN],#f[JN],B-1[JN],(b.#d)[JN],(#f1.#f)[JN],(b1.#d1)[JN],(#f2.#f1)[JLN],(b2.#d2)[JLM],(#f3.#f2)[HI],(#a.#c)[J],d[JM],(#g.B-1.F-1)[JN],(#g.e)[JN],#F-1[JN],B-1[JN],(#f.#d)[JN],B-1[JN],#F-1[JN],(#d1.#a.#f)[JN],#F-1[JN],e[JN],#a[JM],#f1[K],(#c1.e)[ILM],(b.#d)[JKM],B-2[JN],#F-1[JN],B-1[JN],#f[JKM],b[JKN],#f1[HJLM],(f1.b1.d2)[KM],(d3.f2)[KMN],(#f1.b1.#d2)[KMN],(#d3.#f2)[KM],(#a1.b1.#f2)[KMN],(#f3.#a2)[KMN],(#g1.e2)[KM],(e3.#g2)[KMN],(#f1.b1.#d2)[KMN],(#d3.#f2)[KM],#d2[K],#d3[KM],(B-2.#g2.f2)[JMN],(B-1.#g2.f2)[JM],(#g.f.d3.d2.#g2.f2)[JMN],(d1.#g.#g2.f2)[JM],(f1.d1.#g2.f2)[JM],(#g1.f1.#g2.f2)[IJLMN],(e1.#a1.#c2)[KM],(#c3.e2)[KMN],(#f1.#a1.#d2)[KMN],(#d3.#f2)[KM],(#f2.a1.#a1)[KMN],(#f3.a2)[KMN],(g1.e2)[KM],(e3.g2)[KMN],(e1.#g1.#c2)[KMN],(#c3.e2)[KM],(#c3.#c2)[JMN],(B-2.#f2.#d2)[JM],(B-1.#f2.#d2)[JM],(#f.#d.b2.b1.#f2.#d2)[JM],(b.#f.#f2.#d2)[JMN],(#d1.b.#f2.#d2)[JM],(#f1.#d1.#f2.#d2)[IJLMN],(d1.#a1)[KN],(#a2.d2)[KN],(#d1.b1)[KN],(b2.#d2)[KN],(#g.e1.#c2)[KM],(#c3.e2)[K],(#d1.b1)[KM],(b2.#d2)[KN],(b.#g1)[KN],(#g2.b1)[KN],(g2.g1)[JM],(b.g.#A-1.#d2.b1)[JMN],(b.g.#A-1.#d2.b1)[JM],(#f2.#f1)[JM],(#a.#f.#A-1.#d2.#a1)[JM],(#a.#f.#A-1.#d2.#a1)[JMN],(b2.b1)[JM],(#g1.f1.d1.#a.f2.d2)[JM],(#g1.f1.d1.#a.f2.d2)[JMN],(#g1.f1.d1.#a.f2.d2)[JM],(#g1.f1.d1.#a.f2.d2)[JM],(#a2.#a1)[JM],(#g2.#g1)[JMN],(b.#g.#A-1.#d2.b1)[JM],(b.#g.#A-1.#d2.b1)[JM],(#f2.#f1)[JMN],(#a.#f.#A-1.#d2.#a1)[JM],(#a.#f.#A-1.#d2.#a1)[JM],(#c3.#c2)[JM],(#g1.f1.d1.#a.#g2.f2)[JMN],(#g1.f1.d1.#a.#g2.f2)[JM],(#g1.f1.d1.#a.b2.b1.#g2.f2)[JM],(#g1.f1.d1.#a.#g2.f2)[JMN],(#a2.#a1)[JM],(#g2.#g1)[JM],(#a.#f.#A-1.#d2.#a1)[KN],(#f2.#f1)[KN],(#a.#f.#A-1.#d2.#a1)[JMN],(#g3.#g2)[JM],(#d1.#a.#f.#d3.#a2)[KN],(#f3.#f2)[KN],(#d1.#a.#f.#d3.#a2)[JMN],(#d1.#a.#f.f3.f2)[JM],(f1.#d1.#a.#f.#a2.#f2)[KN],(#d3.#d2)[KN],(f1.#d1.#a.#f.#a2.#f2)[JM],(f1.#d1.#a.#f.a2.a1)[JMN],(#f1.#d1.#a.#f.#f2.#d2)[KN],(#a2.#a1)[KN],(#f1.#d1.#a.#f.#f2.#d2)[JM],(#c3.#c2)[JMN],(#A-1.#A-2.#g2.f2.#d2)[JM],(#g1.f1.#d1.b.#g.#g2.f2.#d2)[JM],(#g1.f1.#d1.b.#g.#g2.f2.#d2)[JM],(#g1.f1.#d1.b.#g.#g2.f2.#d2)[JMN],(#g1.f1.#d1.b.#g.#g2.f2.#d2)[JM],(#g1.f1.#d1.b.#g.#g2.f2.#d2)[JM],(#g1.f1.#d1.b.#g.#g2.f2.#d2)[JMN],(#g1.f1.#d1.b.#g.#g2.f2.#d2)[JM],(#g.b1)[LN],(b.#d2)[LN],(#d1.f2)[L],(f1.#g2)[LN],(#g1.b2)[HIM],#g1[IJMN],#a1[ILN],(#A-1.d1)[KM],(f.#g1)[MN],#c2[ILM],b1[HIJMN],#a1[JKM],g[KM],#d1[KM],#a1[LN],#D-1[JKM],#A-1[JKM],(#d.#d1)[J],g[JM],#a[JN],g1[JN],#d1[JN],#a[JN],(g.#d1)[JN],#d[JN],#A-1[JN],e1[JN],#D-1[JN],B-1[JN],(e.b1)[JN],#g[JN],b[JM],#a1[J],e1[KN],#g1[KN],b[JN],(#g.#f1)[JN],e[JN],B-1[L],d1[KLN],d1[JN],#D-1[JN],#A-1[JN],(#d.#d1)[JN],g[JN],#a[JN],g1[JN],#d1[JN],#a[JM],(g.#d3.#d2)[J],#d[JM],#A-1[JN],(e3.e2)[JN],D-1[JN],B-1[JN],(e.b3.b2)[JN],#g[JN],(e1.b)[JN],(#a3.#a2)[JN],#C-1[KN],(#g3.#g2)[K],B-1[JN],(f.#d3.#d2)[JN],#g[JN],(f1.b)[LN],(f3.f2)[KLN],(f3.f2)[J],#F-1[JM],#c[JN],(#f.#f3.#f2)[JN],#a[JN],#c1[JN],#a1[JN],#f1[JN],#c1[JN],(#a.#f1)[JN],#f[JN],#c[JN],g1[JN],#F-1[JN],d[JM],(g.d2)[J],b[JM],d1[JN],c2[JN],g1[K],b1[KN],d1[JN],(b.a1)[JN],g[JN],d[L],f1[KLN],f1[JN],#F-1[JN],#c[JN],(#f.#f1)[JN],#a[JN],#c1[JM],#a1[J],#f1[JM],#c1[JN],(#a.#f3.#f2)[JN],#f[JN],#c[JN],(g3.g2)[JN],F-1[JN],d[JN],(g.d4.d3)[JN],b[JN],d1[JN],(b1.c4.c3)[JN],g1[KN],(b3.b2)[K],d1[JM],(b.#g3.#g2)[J],g[KN],(g3.g2)[KN],d[JN],(g3.g2)[JN],#D-1[JN],#d[JN],(g.#d4.#d3)[JN],c1[JN],#d1[JN],(c2.d4.d3)[JN],g1[KN],(c4.c3)[K],#d1[JN],(c1.#a3.#a2)[JN],g[KN],(#g3.#g2)[K],#d[JM],(#g3.#g2)[J],D-1[KN],(g3.g2)[KN],B-1[JN],(g.f4.f3)[JN],b[JN],f1[JN],d2[IJK],d4[JL],b3[KN],#g3[LMN],g3[LM],#f3[LM],f3[LM],d3[LMN],b2[LMN],#g2[LM],g2[K],g2[K],#g2[K],g2[K],#f2[K],g2[K],#a2[KL],#g2[KL],g2[K],#f2[K],f2[K],d2[K],b1[KM],#g1[J],b1[KMN],g1[J],b1[KLN],#f1[J],b1[KLN],f1[JLN],b1[JLM],e1[J],d[JM],#g[J],(e1.b1)[JM],#g1[JN],e2[JN],(b2.a1)[JN],e2[JN],#g1[JN],f1[JN],#g[JN],d[KN],e1[K],e1[JN],c[JN],a[JM],(e1.c2)[J],a1[JM],e2[J],(c3.b1)[JM],e2[JN],a1[JN],f1[JN],a[JN],c[K],e1[KN],g1[L],f1[KLN],B-1[K],e1[KN],#g[JN],(e1.d2)[JN],#g1[JN],e2[JM],d3[IJKMN],#a1[J],b1[J],f2[KMN],e2[KM],d2[KMN],b1[KMN],#g1[KM],b1[J],d1[KMN],#d1[KMN],e1[K],g1[K],f1[K],e1[K],d1[K],b[K],#g[K],b[K],d[KM],#d[KMN],e[KMN],g[KM],f[KMN],e[KMN],d[KM],B-1[KLN],#G-1[KLN],#D-1[KLN],E-1[KLN],G-1[J],#F-1[J],F-1[J],E-1[J],#D-1[I],D-1[H],(F-2.#C-1)[JM],(#c1.b)[JM],(#c1.b)[JM],(#G-1.#c)[JMN],(#c1.b)[JM],(#c1.b)[JM],(#F-2.#F-1.d)[JMN],(#c1.b)[KN],F-1[KN],(#c1.b)[JM],(D-1.#f)[JM],(#c1.b)[KM],#C-1[KN],(#c1.b)[JM],(#G-2.#C-1.#f)[JM],(#c1.b)[JMN],(#c1.b)[JM],(d2.f)[JM],(#c1.b)[JM],(#c1.b)[LN],#c2[KLM],(#c2.a)[JM],(#c1.b)[JM],(#c1.b)[JMN],#g[JM],(#c1.b)[KN],(F-2.#C-1)[KN],(#c1.b)[JM],(#F-2.D-1)[JMN],(d1.c1)[JM],(d1.c1)[JM],(A-1.d)[JMN],(d1.c1)[JM],(d1.c1)[JM],(G-2.G-1.#d)[JM],(d1.c1)[KM],#F-1[KN],(d1.c1)[JM],(#D-1.g)[JM],(d1.c1)[KN],D-1[KM],(d1.c1)[JM],(A-2.D-1.g)[JM],(d1.c1)[JM],(d1.c1)[JMN],(#d2.#f)[JM],(d1.c1)[JM],(d1.c1)[LN],d2[KLM],(d2.#a)[JM],(d1.c1)[JM],(d1.c1)[JM],a[JMN],(d1.c1)[KN],(#F-2.D-1)[KN],(d1.c1)[JM],(G-2.#D-1)[JMN],(#d1.#c1)[JM],(#d1.#c1)[JM],(#A-1.#d)[JM],(#d1.#c1)[JMN],(#d1.#c1)[JM],(#G-2.#G-1.e)[JM],(#d1.#c1)[KN],G-1[KM],(#d1.#c1)[JM],(E-1.#g)[JM],(#d1.#c1)[KN],#D-1[KN],(#d1.#c1)[JMN],(#A-2.#D-1.#g)[JM],(#d1.#c1)[JM],(#d1.#c1)[JMN],(g.#a1.e2)[JM],(#d1.#c1)[JM],(#d1.#c1)[LN],#d2[KLN],(b.#d2.#g1)[JMN],(#d1.#c1)[KN],(#a.g1)[KN],(#d1.#c1)[JM],(#g.e1.#c1)[JMN],(#d1.#c1)[KN],(#D-1.#A-2.g.#d1)[KN],#c1[JM],(#A-1.#D-1.#A-2.#d1.g.#c1)[JM],(#d1.#c1)[JMN],(#d1.#c1)[JM],(f2.#c2.#d1.#c1)[JM],(#d1.#c1)[JMN],(#d1.#c1)[L],#d2[KLM],(#d2.c2.#d1.#c1)[JM],(#d1.#c1)[KN],#a1[KN],(#d1.#c1)[JMN],(#g1.#d1.#c1)[JM],(#d1.#c1)[JLMN],(#A-1.#D-1.#A-2.g1.#d1.#c1.g)[KLM],(#A-1.#D-1.#A-2.g1.#d1.#c1.g)[JM],(f1.#c1.g)[JM],(f1.#c1.g)[JN],(f1.#c1.g.f3.f2)[JN],(f1.#c1.g)[JN],(f1.#c1.g)[JN],(f1.#c1.g)[JN],(f1.#c1.g)[KN],(#d3.#d2)[K],(f1.#c1.g)[JN],(c.C-1.#c3.#c2)[JN],(#d1.a.#f)[KN],(c3.c2)[K],(#d1.a.#f)[JN],(#c.#C-1.c3.c2)[JN],(#c1.#a.f)[KN],(#a2.#a1)[K],(#c1.#a.f)[JM],(#c1.#a.f.#g2.#g1)[J],(#c1.#a.f)[KN],(g2.g1)[KN],(#c1.#a.f)[JN],(d.D-1.g2.g1)[J],(b.#g)[K],(f2.f1)[K],(b.#g)[J],(f.F-1.#c2.#c1)[J],(b.#g)[K],(d2.d1)[K],(b.#g)[J],(#d.#D-1.f2.f1)[J],(c1.#g)[K],(#d2.#d1)[K],(c1.#g)[J],(c1.#g.d2.d1)[J],(c1.#g)[K],(#d2.#d1)[K],(c1.#g)[J],(#d.#D-1.f2.f1)[J],(#c1.g)[K],(#d2.#d1)[K],(#c1.g)[J],(#c.#C-1.c3.c2)[J],(#d1.#a.g)[K],(#a2.#a1)[K],(#d1.#a.g)[J],(c.C-1)[J],(#f1.#d1.a.#f)[J],(#f1.#d1.a.#f)[J],(#f1.#d1.a.#f.f4.f3)[J],(#f1.#d1.a.#f)[J],(#f1.#d1.a.#f)[J],(#f1.#d1.a.#f)[J],(#f1.#d1.a.#f)[K],(#d4.#d3)[K],(#f1.#d1.a.#f)[J],(#d.#D-1.#c4.#c3)[J],(a1.#f1.c1.a)[K],(c4.c3)[K],(a1.#f1.c1.a)[J],(#c.#C-1.c4.c3)[J],(#a1.f1.#c1.#a)[K],(#a3.#a2)[K],(#a1.f1.#c1.#a)[J],(#a1.f1.#c1.#a.#g3.#g2)[J],(#a1.f1.#c1.#a)[K],(g3.g2)[K],(#a1.f1.#c1.#a)[J],(d.D-1.g3.g2)[J],(b1.#g1.f1.b)[K],(f3.f2)[K],(b1.#g1.f1.b)[J],(f.F-1.#c3.#c2)[J],(b1.#g1.d1.b)[K],(d3.d2)[K],(b1.#g1.d1.b)[J],(#d.#D-1.f3.f2)[J],(c2.#g1.#d1.c1)[K],(#d3.#d2)[K],(c2.#g1.#d1.c1)[J],(c2.#g1.#d1.c1.d3.d2)[J],(c2.#g1.#d1.c1)[K],(#d3.#d2)[K],(c2.#g1.#d1.c1)[J],(c2.#g1.#d1.c1.f3.f2)[J],(c2.#g1.#d1.c1.#d3.#d2)[J],(c2.#g1.#d1.c1.#a3.#a2)[J],(#d.#D-1.a3.a2)[J],(c2.a1.#f1.c1.#c4.#c3)[J],(c2.a1.#f1.c1)[K],(c4.c3)[K],(#d.#D-1.c4.c3)[J],(#c2.#a1.f1.#c1)[K],(#a3.#a2)[K],(#c2.#a1.f1.#c1)[J],(#c2.#a1.f1.#c1.a3.a2)[J],(#c2.#a1.f1.#c1)[K],(#a3.#a2)[K],(#c2.#a1.f1.#c1)[J],(#d.#D-1.#c4.#c3)[J],(d2.#g1.f1.d1.b3.b2)[J],(d2.#g1.f1.d1.#d4.#d3)[J],(#d.#D-1.d4.d3)[J],(b1.#g1.d1.b.g4.g3)[J],(b1.#g1.d1.b)[K],(f4.f3)[K],(#d.#D-1.f4.f3)[JLM],(#d1.#c1.g.#d.#d3.#c3.g2.#d2)[JLM],(d1.#c1.g.#d.d3.#c3.g2.d2)[JLM],(#d1.#c1.g.#d.#d3.#c3.g2.#d2)[JLM],(f1.#c1.g.#d.f3.#c3.g2.f2)[JLM],(#d1.#c1.g.#d.#d3.#c3.g2.#d2)[JLM],(c2.g1.#d1.c4.#d3.c3)[IN],(#a1.g1.#c1.#a3.#d3.#a2)[KMN],(#a1.#f1.c1.#a3.#d3.#a2)[JMN],(a1.#f1.c1.a3.#d3.a2)[JL],(a1.f1.b.a3.d3.a2)[JKL],(#g1.f1.b.#g3.d3.#g2)[KM],(#g1.e1.#a.#g3.#c3.#g2)[JMN],(g1.e1.#a.g3.#c3.g2)[JMN],(g1.d1.#g.g3.b2.g2)[JKLN],(f1.d1.#g.f3.b2.f2)[KM],(#d.#D-1.f3.#c3.g2.f2)[JL],(#d1.#c1.g.#d.#d3.#c3.g2.#d2)[JL],(d1.#c1.g.#d.d3.#c3.g2.d2)[JLN],(#d1.#c1.g.#d.#d3.#c3.g2.#d2)[JL],(f1.#c1.g.#d.f3.#c3.g2.f2)[JL],(#d1.#c1.g.#d.#d3.#c3.g2.#d2)[JL],(c2.g1.#d1.c4.#d3.c3)[JKLM],(#a1.g1.#c1.#a3.#d3.#a2)[KM],(#a1.#f1.c1.#a3.#d3.#a2)[JMN],(a1.#f1.c1.a3.#d3.a2)[JM],(a1.f1.b.a3.d3.a2)[JKMN],(#g1.f1.b.#g3.d3.#g2)[KM],(#g1.e1.#a.#g3.#c3.#g2)[JM],(g1.e1.#a.g3.#c3.g2)[JM],(g1.d1.#g.g3.b2.g2)[JKL],(f1.d1.#g.f3.b2.f2)[KN],(#d.#D-1.f3.#c3.g2.f2)[JL],(#d1.#c1.g.#d.#d3.#c3.g2.#d2)[JL],(d1.#c1.g.#d.d3.#c3.g2.d2)[JLN],(#d1.#c1.g.#d.#d3.#c3.g2.#d2)[JL],(f1.#c1.g.#d.f3.#c3.g2.f2)[JL],(#d1.#c1.g.#d.#d3.#c3.g2.#d2)[JL],(#c.#C-1.c4.#d3.c3)[JL],(g1.#d1.#a.g.#a3.#d3.#a2)[JL],(B-1.B-2.#c4.#g3.e3.#c3)[JK],(#g1.e1.b.#g.b3.#g3.e3.b2)[JK],(#g1.e1.#a.#g.#a3.#g3.e3.#a2)[JK],(#g1.e1.b.#g.b3.#g3.e3.b2)[JK],(B-1.B-2.#c4.a3.#d3.#c3)[JKL],(a1.#d1.b.a.b3.#d3.b2)[JKMN],(A-1.A-2.#g4.b3.#g3)[ILMN],(#d1.b.#f.#d.#f4.b3.#f3)[HI],(G-1.G-2)[J],(#g2.#d2.c2.#g1)[J],(#d1.c1.g.#d)[J],(g2.#d2.c2.g1)[J],(#d1.c1.#f.#d)[J],(#f2.#d2.c2.#f1)[J],(#d1.c1.g.#d)[J],(g2.#d2.c2.g1)[J],(#d1.b.#g.f)[J],(#g2.b1.#g1)[J],(#d1.b.g.f)[J],(g2.b1.g1)[J],(#d1.b.#g.f)[J],(#d3.#g2.#d2)[J],(d1.b.#g.f)[J],(d3.#g2.d2)[J],(G-1.G-2)[J],(#g2.#d2.c2.#g1)[J],(#d1.c1.g.#d)[J],(g2.#d2.c2.g1)[J],(#d1.c1.#f.#d)[J],(#f2.#d2.c2.#f1)[J],(#d1.c1.g.#d)[J],(g2.#d2.c2.g1)[J],(F-1.F-2)[J],(#g2.d2.b1.#g1)[J],(d1.b.g.f)[J],(g2.d2.b1.g1)[J],(#d1.b.#g.f)[J],(#d3.b2.#g2.#d2)[J],(d1.b.#g.f)[J],(d3.b2.#g2.d2)[J],(#D-1.#D-2)[J],(f3.c3.#g2.f2)[KLM],(#d1.c1.#g.#d)[KLMN],(#d3.c3.#g2.#d2)[KLMN],(d1.c1.#g.#d)[KLMN],(d3.c3.#g2.d2)[KLMN],(#d1.c1.#g.#d)[KLM],(#d3.c3.#g2.#d2)[KLMN],(f1.#c1.g.#d)[KLMN],(f3.#c3.g2.f2)[KLMN],(#d1.#c1.g.#d)[KLMN],(#d3.#c3.g2.#d2)[KLM],(c2.g1.#d1)[JKLM],(c4.#d3.c3)[HJK],(#a1.g1.#c1)[KLMN],(#a3.#d3.#a2)[JKLN],(#G-1.#g3.#d3.#g2)[KMN],#d[KMN],c1[KL],f1[HJKLM],"],"id":2,"instruments":["piano","piano"],"alternatives":["",""]},{"bpm":480,"baseBeats":0.75,"scores":["mute[KLN],mute[KLN],mute[KL],mute[KLN],mute[KLN],mute[KLN],mute[KLN],mute[KL],mute[KLN],mute[KLN],mute[KLN],mute[KLN],mute[KL],mute[KLN],mute[KLN],mute[KLN],mute[KLN],mute[KL],mute[KLN],mute[KLN],mute[KLN],mute[KLN],mute[KL],mute[KLN],mute[KLN],mute[KLN],mute[KLN],mute[KL],mute[KLN],mute[KLN],mute[KLN],mute[KLN],mute[KL],mute[KLN],mute[KLN],mute[KLN],mute[KLN],mute[KL],mute[KLN],mute[KLN],mute[KLN],mute[KLN],mute[KL],mute[KLN],mute[KLN],mute[KLN],mute[KLN],mute[KL],mute[KLN],mute[KLN],mute[KLN],mute[KLN],mute[KL],mute[KLN],mute[KLN],mute[KLN],mute[KLN],mute[JN],mute[K],mute[KLN],mute[KLN],mute[KLN],mute[KL],mute[KLN],mute[KLN],mute[KLN],mute[KLN],mute[KL],mute[KLN],mute[KLN],mute[KLN],mute[KLN],mute[KL],mute[KLN],mute[KLN],mute[KLN],mute[KLN],mute[KL],mute[KLN],mute[KLN],mute[KLN],mute[KLN],mute[KL],mute[KLN],mute[KLN],mute[KLN],mute[KLN],mute[KL],mute[KLN],mute[KLN],mute[KLN],mute[KLN],mute[KL],mute[KLN],mute[KLN],mute[KLN],mute[KLN],mute[KL],mute[KLN],mute[KLN],mute[KLN],mute[KLN],mute[KL],mute[KLN],mute[KLN],mute[KLN],mute[KLN],mute[KL],mute[KLN],mute[KLN],mute[KLN],mute[KLN],mute[KL],mute[KLN],mute[KLN],mute[KLN],mute[KLM],mute[KLN],mute[KLM],mute[KLM],mute[KLM],mute[JMN],mute[JMN],mute[JMN],mute[KL],mute[KL],mute[KL],mute[KL],mute[KL],mute[KL],mute[KL],mute[KL],mute[KL],mute[KL],mute[KL],mute[KL],mute[KL],mute[KL],mute[KL],mute[KL],mute[KL],mute[KL],mute[KL],mute[KL],mute[KL],mute[KL],mute[KL],mute[KL],mute[KL],mute[KL],mute[KL],mute[KL],mute[J],mute[J],mute[J],mute[J],mute[KL],mute[KL],mute[KL],mute[KL],mute[KL],mute[KL],mute[KL],mute[KL],mute[KL],mute[KL],mute[KL],mute[KL],mute[KL],mute[KL],mute[KL],mute[KL],mute[KL],mute[KL],mute[KL],mute[KL],mute[KL],mute[KL],mute[KL],mute[KL],mute[KL],mute[KL],mute[KL],mute[KL],mute[KL],mute[KL],mute[KL],mute[KL],mute[KL],mute[KL],mute[KL],mute[KL],mute[KL],mute[KL],mute[KL],mute[KL],mute[KL],mute[KL],mute[KL],mute[KL],mute[KL],mute[KL],mute[KL],mute[KL],mute[KL],mute[KL],mute[KL],mute[KL],mute[KL],mute[KL],mute[KL],mute[KL],mute[KL],mute[KL],mute[KL],mute[KL],mute[KL],mute[KL],mute[KL],mute[KL],mute[KL],mute[KL],mute[KL],mute[KL],mute[KL],mute[KL],mute[KL],mute[KL],mute[KL],mute[KL],mute[KL],mute[KL],mute[KL],mute[KL],mute[KL],mute[KL],mute[KL],mute[KL],mute[KL],mute[KL],mute[KL],mute[KL],mute[KL],mute[KL],mute[KL],mute[KL],mute[KL],mute[KL],mute[KL],mute[KL],mute[KL],mute[KL],mute[KL],mute[KL],mute[KL],mute[KL],mute[KL],mute[KL],mute[KL],mute[KL],mute[KL],mute[KL],mute[KL],mute[KL],mute[KL],mute[KL],mute[KL],mute[KL],mute[KL],mute[KL],mute[KL],mute[KL],mute[KL],mute[KL],mute[KL],mute[KL],mute[KL],mute[KL],mute[KL],mute[J],mute[K],mute[KL],mute[KL],mute[KL],mute[KL],mute[KL],mute[KL],mute[KL],mute[KL],mute[KL],mute[KL],mute[KL],mute[KL],mute[KL],mute[KL],mute[KL],mute[KL],mute[KL],mute[KL],mute[KL],mute[KL],mute[KL],mute[KL],mute[KL],mute[KL],mute[KL],mute[KL],mute[KL],mute[J],mute[J],mute[J],mute[J],mute[K],mute[LM],5<UV>,mute[KL],mute[KL],mute[KL],mute[KL],mute[KL],mute[KL],mute[KL],mute[KL],mute[KLN],mute[LM],mute[LM],mute[KMN],mute[KL],mute[KL],mute[IL],mute[IL],mute[IL],mute[JM],mute[JKLN],mute[JK],mute[KL],mute[KL],mute[KL],mute[KL],mute[KL],mute[KL],mute[KL],mute[KL],mute[KL],mute[KL],mute[KL],mute[KL],mute[KL],mute[KL],mute[KL],mute[KL],mute[KL],mute[KL],mute[KL],mute[KL],mute[KL],mute[KL],mute[KL],mute[KL],mute[KL],mute[KL],mute[KL],mute[KL],mute[KL],mute[KL],mute[LM],mute[LM],mute[KMN],mute[KM],mute[KM],mute[KM],mute[KM],mute[KM],mute[KM],mute[KMN],mute[KM],mute[KM],mute[KM],mute[KM],mute[KLM],mute[KLN],mute[JMN],mute[KN],mute[KL],mute[KL],mute[J],mute[K],mute[KL],mute[KL],mute[KL],mute[KL],mute[KL],mute[KL],mute[KL],mute[KL],mute[KL],mute[KL],mute[KL],mute[LM],mute[LM],mute[KM],mute[KM],mute[KM],mute[KM],mute[KM],mute[KM],mute[KMN],mute[KM],mute[KM],mute[KM],mute[KM],mute[KM],mute[KLM],mute[KLN],mute[KLM],mute[LM],mute[K],mute[KL],mute[KL],mute[KL],mute[KL],mute[KL],mute[KL],mute[KL],mute[KL],mute[KL],mute[KL],mute[KL],mute[KL],mute[KL],mute[KL],mute[KL],mute[LM],mute[LM],mute[KM],mute[KM],mute[KM],mute[KM],mute[KM],mute[KMN],mute[KM],mute[KM],mute[KM],mute[KM],mute[KM],mute[KM],mute[KLM],mute[KLM],mute[KLN],mute[KLM],mute[KL],mute[KL],mute[KL],mute[KL],mute[KL],mute[KL],mute[KL],mute[KL],mute[KL],mute[KL],mute[KL],mute[KL],mute[KL],mute[KL],mute[KL],mute[LM],mute[LM],mute[KM],mute[KM],mute[KM],mute[KM],mute[KMN],mute[KM],mute[KM],mute[KM],mute[KM],mute[KM],mute[KM],mute[KM],mute[KLM],mute[KLM],mute[KLN],mute[KLM],mute[KLM],mute[KLN],mute[KLM],mute[KLM],mute[KLM],mute[KLN],mute[KL],mute[KL],mute[KL],mute[KL],mute[KL],mute[KL],mute[KL],mute[KL],mute[KL],mute[KL],mute[KMN],mute[KMN],mute[KM],mute[KMN],mute[KMN],mute[KM],mute[KMN],mute[KMN],mute[KM],mute[KMN],mute[KMN],mute[KM],mute[KLM],mute[KLM],mute[KLN],mute[KLM],mute[KLM],mute[KLM],mute[KLN],mute[KLM],mute[KLM],mute[KLN],mute[KL],mute[KL],mute[KL],mute[KL],mute[KL],mute[KL],mute[KL],mute[KL],mute[KL],mute[KL],mute[KMN],mute[KMN],mute[KM],mute[KMN],mute[KMN],mute[KM],mute[KMN],mute[KMN],mute[KL],mute[KL],mute[KL],mute[KL],mute[KL],mute[KL],mute[KL],mute[KL],mute[KLM],mute[KLN],mute[KLM],mute[KLM],mute[KLN],mute[KLM],mute[KL],mute[KL],mute[KL],mute[KL],mute[KL],mute[KL],mute[KL],mute[KL],mute[KL],mute[KL],mute[KMN],mute[KMN],mute[KM],mute[KMN],mute[KMN],mute[KM],mute[KMN],mute[KMN],mute[KM],mute[KMN],mute[KMN],mute[KM],mute[KMN],mute[KMN],mute[KM],mute[KMN],mute[KLN],mute[KLM],mute[KLM],mute[KLM],mute[KLN],mute[KLM],mute[KL],mute[KL],mute[KL],mute[KL],mute[KL],mute[KL],mute[KL],mute[KL],mute[KL],mute[KL],mute[J],mute[J],mute[J],mute[J],mute[J],mute[J],mute[KLM],mute[KLN],mute[KLM],mute[KLM],mute[KLM],mute[KLN],mute[KLM],mute[KLM],mute[KLN],mute[J],mute[LM],5<UV>,mute[LM],mute[JM],mute[IJ],mute[HILMN],mute[JLN],mute[JLM],mute[J],mute[J],mute[J],mute[KLM],mute[KLM],mute[KLM],mute[JM],mute[JMN],mute[JM],mute[JKMN],mute[JKL],mute[JKL],mute[JKMN],mute[IJ],mute[H],mute[HHH],mute[H],mute[I],mute[I],mute[JKMN],mute[JKL],mute[JKMN],mute[JKMN],mute[KN],mute[JMN],mute[KLM],mute[KLM],mute[JKMN],mute[JKMN],mute[JKL],mute[JKMN],mute[JKMN],mute[JKL],mute[JKL],mute[JKMN],mute[JKMN],mute[JKL],mute[JKMN],mute[JKMN],mute[JKL],mute[JKL],mute[JKMN],mute[KLN],mute[KLM],mute[JKL],mute[JKMN],mute[JKMN],mute[JKL],mute[JKL],mute[JKMN],mute[JKMN],mute[KLM],mute[KLM],mute[JKMN],mute[JKMN],mute[JKL],mute[JKL],mute[JKMN],mute[JKMN],mute[JKL],mute[KLM],mute[KLN],mute[JKMN],mute[JKL],mute[JKL],mute[JKMN],mute[JKMN],mute[JKL],mute[JKMN],mute[JKMN],mute[JKL],mute[JKL],mute[JKMN],mute[JKMN],mute[JKL],mute[JKMN],mute[JKMN],mute[KLM],mute[KLM],mute[JKL],mute[JKMN],mute[JKMN],mute[JKL],mute[JKMN],mute[JKMN],mute[JKL],mute[JKL],mute[JKMN],mute[JKMN],mute[JKL],mute[KLM],mute[KLN],mute[JKMN],mute[JKL],mute[JKL],mute[JKMN],mute[JKMN],mute[JKL],mute[JKMN],mute[KLM],mute[KLN],mute[JKL],mute[JKL],mute[JKMN],mute[JKMN],mute[LM],mute[KN],mute[KLN],mute[JKMN],mute[HI],mute[JMN],mute[JLM],mute[JLN],mute[KLM],mute[KLM],mute[KL],mute[KMN],mute[KL],mute[KL],mute[KL],mute[KMN],mute[KL],mute[JLN],mute[HI],mute[I],mute[LM],mute[KMN],mute[IKLMN],mute[JMN],mute[JLN],mute[JLM],mute[KLM],mute[KLM],mute[KL],mute[KL],mute[KMN],mute[KL],mute[JLN],mute[H],mute[JK],mute[J],mute[J],mute[J],mute[KLM],mute[KLMN],mute[KLM],mute[KLM],mute[KLM],mute[KLMN],mute[KLM],mute[KLM],mute[KLM],mute[J],mute[J],mute[J],mute[JM],mute[JMN],mute[JM],mute[JM],mute[JMN],mute[JM],mute[JL],mute[JMN],mute[JLMN],mute[JK],mute[JKL],mute[JKLN],mute[LM],mute[LM],mute[LM],mute[KN],mute[HHIKL],mute[JKL],mute[JKL],mute[JKLN],mute[JKLN],mute[JKL],mute[JKL],mute[JKLN],mute[JKL],mute[IKMN],mute[JLN],mute[JLN],mute[IKMN],mute[HJLN],mute[HH],mute[IKMN],mute[JLN],mute[JLM],mute[IKM],mute[HJLM],mute[HH],mute[H],mute[JLN],mute[HJLN],mute[HJLM],mute[KMN],mute[HKM],mute[IKMN],mute[IKM],mute[HH],mute[IKMN],mute[HJLN],mute[H],mute[JLM],mute[HJLN],mute[IKMN],mute[IKM],mute[HJLM],mute[H],mute[JLN],mute[HJLN],mute[IKMN],mute[IKMN],mute[HJLN],mute[H],mute[JLN],mute[IJ],mute[IJ],mute[HK],mute[JK],mute[IJK],mute[IJLM],mute[HI],mute[ILMN],mute[LM],mute[LM],mute[LM],mute[LM],mute[LM],mute[LM],mute[LM],mute[LM],mute[LM],mute[LM],mute[LM],mute[LM],mute[LM],mute[LM],mute[LM],mute[LM],mute[LM],mute[LM],mute[LM],mute[LM],mute[LM],mute[LM],mute[LM],mute[LM],mute[LM],mute[LM],mute[LM],mute[LM],mute[LM],mute[LM],mute[LM],mute[LM],mute[LM],mute[LM],mute[LM],mute[LM],mute[LM],mute[LM],mute[LM],mute[LM],mute[LM],mute[LM],mute[LM],mute[LM],mute[LM],mute[LM],mute[LM],mute[LM],mute[LM],mute[LM],mute[LM],mute[LM],mute[LM],mute[LM],mute[LM],mute[LM],mute[LM],mute[LM],mute[LM],mute[LM],mute[LM],mute[LM],mute[LM],mute[LM],mute[LM],mute[LM],mute[LM],mute[LM],mute[LM],mute[LM],mute[LM],mute[LM],mute[LM],mute[LM],mute[LM],mute[LM],mute[LM],mute[LM],mute[LM],mute[LM],mute[LM],mute[LM],mute[LM],mute[LM],mute[LM],mute[LM],mute[LM],mute[LM],mute[LM],mute[LM],mute[LM],mute[LM],mute[LM],mute[LM],mute[LM],mute[LM],mute[LM],mute[LM],mute[K],5<UV>,mute[LM],mute[LM],mute[JMN],mute[JL],mute[JMN],mute[JMN],mute[J],mute[J],mute[J],mute[J],mute[KLM],mute[KLN],mute[KLM],mute[KLM],mute[KLN],mute[KLM],mute[KLM],mute[K],5<UV>,mute[HHH],","(#d.c1)[KLN],(#G-1.#d1)[KLN],(#d.c1)[KL],(#G-1.#d1)[KLN],(#d.c1)[KLN],(#g.#d1)[KLN],(#d.c1)[KLN],(#g.#d1)[KL],(#d1.#c2)[KLN],(#g.c1)[KLN],(#G-1.#d1)[KLN],(#d.c2)[KLN],(d1.c2)[KL],(f.d1)[KLN],(#G-1.f1)[KLN],(f.c2)[KLN],(d1.b1)[KLN],(f1.d2)[KL],(b1.b2)[KLN],(f2.f3)[KLN],(b1.b2)[KLN],(f1.d2)[KLN],(d1.b1)[KL],(f.f1)[KLN],(#c1.c2)[KLN],(g.#c1)[KLN],(#G-1.#d1)[KLN],(#d.#a1)[KL],(c1.#a1)[KLN],(#d.c1)[KLN],(#G-1.#d1)[KLN],(#d.#a1)[KLN],(c1.#g1)[KL],(#d1.c2)[KLN],(#g1.#g2)[KLN],(#d2.#d3)[KLN],(#g1.#g2)[KLN],(#d1.c2)[KL],(c1.#g1)[KLN],(#d.#d1)[KLN],(B-1.g1)[KLN],(d.#g)[KLN],(D-1.b)[KL],(B-1.f1)[KLN],(#D-1.f1.#c1)[KLN],(#A-1.g)[KLN],(#d.#c1)[KLN],(g.f1)[KL],(#a.#d1)[KLN],(#d1.g1)[KLN],(g1.f2.#c2)[KLN],#d2[KLN],(#D-1.c2)[KL],(#d.#c1)[KLN],(g.#d1)[KLN],(#c1.c2)[KLN],(#d1.#a1)[KLN],(g1.#c2)[KL],(#c2.#d2)[LN],c3[K],#a2[KLN],#g1[KLN],(#G-1.c1)[KLN],(#d.#g1)[KL],(c1.f2)[KLN],(#d1.#d2)[KLN],(#g.c2)[KLN],(#d1.#g2)[KLN],(c2.f3)[KL],(#d2.#d3)[KLN],(c2.#g2)[KLN],(#d1.c2)[KLN],(#g.#d1)[KLN],(#d1.#c2)[KL],(#g.c1)[KLN],(#G-1.#d1)[KLN],(#d.c2)[KLN],(d1.c2)[KLN],(f.d1)[KL],(#G-1.f1)[KLN],(f.c2)[KLN],(d1.b1)[KLN],(f1.d2)[KLN],(b1.b2)[KL],(f2.f3)[KLN],(b1.b2)[KLN],(f1.d2)[KLN],(d1.b1)[KLN],(f.f1)[KL],(b.c2)[KLN],(f.#c1)[KLN],(G-1.#d1)[KLN],(f.#a1)[KLN],d2[KL],(c.#d1)[KLN],(g.g1)[KLN],(c1.d2)[KLN],(#d1.c2)[KLN],(g1.#d2)[KL],(c2.g2)[KLN],(#d2.c3)[KLN],f2[KLN],(c.#f1)[KLN],(#f.a1)[KL],(a.f2)[KLN],#d1[KLN],(#f1.#f2)[KLN],(#d2.a2)[KLN],(a1.#d3)[KL],#d2[KLN],(#c.#f1)[KLN],(#f.#a1)[KLN],(#a.#d2)[KLN],(#c1.#c2)[KL],(#f1.#f2)[KLN],(#a1.#a2)[KLN],(#c2.#c3)[KLN],(#a1.#a2)[KLM],(f1.#c3)[KLN],(b.f3)[KLM],(#c.#c4)[KLM],f3[KLM],(#g1.#c3)[JMN],(f1.#g2)[JMN],(b.#c3)[JMN],#F-1[KL],#c[KL],#a[KL],#f1[KL],#f[KL],#c1[KL],#a1[KL],#f2[KL],#f1[KL],#c2[KL],#a2[KL],#f3[KL],#f2[KL],#c3[KL],#a3[KL],#f4[KL],#f1[KL],#c2[KL],#a2[KL],#f3[KL],#f[KL],#c1[KL],#a1[KL],#f2[KL],#F-1[KL],#c[KL],#a[KL],#f1[KL],(#f.b1)[J],#c1[J],#c1[J],(#f1.#a1)[J],(#F-1.#a1)[KL],#d[KL],c1[KL],#d1[KL],(#f.a1)[KL],#d1[KL],c1[KL],#d1[KL],(a2.a1)[KL],#d2[KL],c1[KL],#d1[KL],(#f.a1)[KL],#d1[KL],c1[KL],#d1[KL],(#F-1.#d2)[KL],#c[KL],#a[KL],#f1[KL],(#f.#c2)[KL],#c1[KL],#a[KL],#f1[KL],#c3[KL],#f2[KL],#a[KL],#f1[KL],(#f.b1)[KL],#c1[KL],#c1[KL],(#f1.#a1)[KL],(#F-1.#a1)[KL],#d[KL],c1[KL],#d1[KL],(#g2.#g1)[KL],(#d2.c2)[KL],c1[KL],#d1[KL],(#F-1.#a1)[KL],(f.d)[KL],b[KL],d1[KL],(b2.b1)[KL],(f2.d2)[KL],b[KL],(d1.f1)[KL],(#F-1.#g1)[KL],#c[KL],#a[KL],#c1[KL],(#f.#f1)[KL],#c1[KL],#a1[KL],#f2[KL],#f1[KL],#c2[KL],#a2[KL],#f3[KL],(#f.b1)[KL],#c1[KL],#c1[KL],(#f1.#a1)[KL],(#F-1.#a1)[KL],#d[KL],c1[KL],#d1[KL],(#f.a1)[KL],#d1[KL],c1[KL],#d1[KL],(a2.a1)[KL],#d2[KL],c1[KL],#d1[KL],(#f.a1)[KL],#d1[KL],c1[KL],#d1[KL],(#F-1.#d2)[KL],#a[KL],#c1[KL],#f1[KL],(#f.#c2.#a1)[KL],#c1[KL],#c1[KL],#f1[KL],#c3[KL],#f2[KL],#c1[KL],#f1[KL],(#f.#d2.b1)[KL],#c1[KL],#c1[KL],(#f1.#c2.#a1)[KL],(#F-1.#c2.#a1)[KL],#d[KL],c1[KL],#d1[KL],(c3.a2.c2.a1)[KL],#d2[KL],c1[KL],#d1[KL],(F-1.c2.a1)[KL],a[KL],c1[KL],f1[KL],(#D-1.c2.a1)[KL],a[KL],c1[KL],#f1[KL],(#C-1.#f2.#d2)[KL],#a[KL],f1[KL],#a1[KL],(f3.#c3.f2.#c2)[KL],#a2[KL],f1[KL],#a1[KL],#D-1[KL],#f[KL],(#d1.#d2.b1)[KL],#f1[KL],(#d3.b2.#f2.#d2)[L],(f2.#c2)[K],#f2[KL],(#d1.#d2.b1)[KL],#f1[KL],(F-1.#d2.b1)[KL],f[KL],#c1[KL],f1[KL],(#c3.#a2.#c2.#a1)[KL],f2[KL],#c1[KL],f1[KL],#D-1[KL],f[KL],(c1.c2.a1)[KL],f1[KL],(c3.a2.#c2.#a1)[KL],f2[KL],(f1.#d2.c2)[KL],#g1[KL],(#C-1.#f2.#d2)[KL],#c[KL],(f1.f2.#c2)[KL],#a1[KL],(#g3.f3.#g2.f2)[KL],(#c3.#a2)[KL],f1[KL],#a1[KL],#D-1[KL],#f[L],(#f2.#d2)[J],(f2.#c2)[J],(#f3.#d3.#f2.#d2)[KL],(b2.#f2)[L],(f2.#c2)[K],#d1[K],(#d2.b1)[L],#f1[KL],(F-1.#d2.b1)[KL],f[KL],(#c1.#c2.#a1)[KL],f1[KL],(#c3.#a2.c2.a1)[KL],f2[KL],(#c1.#c2.#a1)[KL],f1[KL],(F-1.#d1)[LMN],a1[LN],#d[N],f2[KMN],(a.c2.#d1)[KL],#d1[KL],(a1.#d2.#f1)[IL],f2[IL],a2[IL],f3[JM],(#c2.f1)[JKLN],#A-2[JK],f[KL],(f1.d1)[KL],#a1[KL],f[KL],#a[KL],(f1.d1)[KL],#a1[KL],f1[KL],#a1[KL],(f2.d2)[KL],#a2[KL],f2[KL],#a2[KL],(f3.d3)[KL],#a3[KL],f1[KL],#a1[KL],(f2.d2)[KL],#a2[KL],f[KL],#a[KL],(f1.d1)[KL],#a1[KL],#A-1[KL],(#a.f)[KL],(f1.d1)[KL],#a1[KL],(F-1.#d3.#d2)[KL],(#a.f)[KL],(f1.d1)[KL],#a1[LM],(d3.d2)[LM],(#A-2.d3.d2)[KMN],(d1.g)[KM],e1[KM],g1[MN],d2[LMN],(e.#c3.#c2)[KM],(#c1.g)[KM],e1[KM],g1[L],#c2[LMN],(#A-1.#c3.#c2)[KM],(#c1.g)[KM],e1[KM],g1[MN],#c2[LMN],(E-1.#c3.#c2)[KLM],(#c1.g)[KLN],e1[KLM],g1[LN],#c2[KN],(#A-2.g3.g2)[KL],(g1.d1)[KL],#a1[KL],d2[L],g2[K],(f.f3.f2)[KL],(f1.d1)[KL],#a1[KL],(f2.d2)[KL],#A-1[KL],(d1.#a)[KL],f1[KL],(f2.#a1)[KL],(F-1.#d3.#d2)[KL],(d1.#a)[KL],f1[KL],(d2.#a1)[LM],(d3.d2)[LM],(#A-2.d3.d2)[KM],(d1.g)[KM],e1[KM],(d2.g1)[KM],(e.c3.c2)[KM],(c1.g)[KM],e1[KMN],(c2.g1)[KM],(#A-1.d3.d2)[KM],(d1.a.#f)[KM],#d1[KM],(d2.#f1)[KM],(#F-1.#d3.#d2)[KLM],(#d1.a.#f)[KLN],#d1[KLM],(#d2.#f1)[LMN],(a2.a1)[LMN],(#A-2.c3.c2)[KL],(c1.f)[KL],d1[KL],(c2.f1)[KL],(d.#a2.#a1)[KL],(#a.f)[KL],d1[KL],(#a1.f1)[KL],#A-1[KL],(#a.f)[KL],d1[KL],(#a1.f1)[KL],(F-1.#d3.#d2)[KL],(#a.f)[KL],d1[KL],(#a1.f1)[LM],(d3.d2)[LM],(#A-2.d3.d2)[KM],(d1.g)[KM],e1[KM],(d2.g1)[KM],(e.#c3.#c2)[KM],(#c1.g)[KMN],e1[KM],(#c2.g1)[KM],(#A-1.#c3.#c2)[KM],(#c1.g)[KM],e1[KM],(#c2.g1)[KM],(E-1.#c3.#c2)[KLM],(#c1.g)[KLM],e1[KLN],(#c2.g1)[KLM],(#A-2.g3.g2)[KL],(g1.d1)[KL],#a1[KL],(g2.d2)[KL],(f.f3.f2)[KL],(f1.d1)[KL],#a1[KL],(f2.d2)[KL],d[KL],(f1.d1)[KL],#a1[KL],(f2.d2)[KL],(#A-1.g3.g2)[KL],(d1.#a)[KL],f1[KL],(d2.#a1)[LM],(f3.f2)[LM],(#A-1.#A-2.f3.f2)[KM],(f1.#c1)[KM],g1[KM],(f2.#c2)[KM],(g.e3.e2)[KMN],(e1.#c1)[KM],g1[KM],(e2.#c2)[KM],(A-1.e3.e2)[KM],(e1.#c1)[KM],a1[KM],(e2.#c2)[KM],(G-1.e3.e2)[KLM],(e1.#c1)[KLM],#a1[KLN],(e2.#c2)[KLM],(F-1.#a3.#a2)[KLM],(#a1.f1)[KLN],d2[KLM],(#a2.f2)[KLM],(d1.a3.a2)[KLM],(a1.f1)[KLN],d2[KL],(a2.f2)[KL],(g.G-1)[KL],(a1.#d1)[KL],#a1[KL],(a2.#d2)[KL],(#a.g3.g2)[KL],(g1.#d1)[KL],#a1[KL],(g2.#d2)[KL],(a.A-1.g3.g2)[KMN],(g1.d1)[KMN],a1[KM],(g2.d2)[KMN],(a.f3.f2)[KMN],(f1.d1)[KM],a1[KMN],(f2.d2)[KMN],(a.A-1.f3.f2)[KM],(f1.#c1)[KMN],#a1[KMN],(f2.#c2)[KM],(#a.e3.e2)[KLM],(e1.#c1)[KLM],#a1[KLN],(e2.#c2)[KLM],(f.F-1.#a3.#a2)[KLM],(#a1.f1)[KLM],d2[KLN],(#a2.f2)[KLM],(d1.a3.a2)[KLM],(a1.f1)[KLN],d2[KL],(a2.f2)[KL],(g.G-1)[KL],(a1.#d1)[KL],#a1[KL],(a2.#d2)[KL],(#a.g3.g2)[KL],(g1.#d1)[KL],#a1[KL],(g2.#d2)[KL],(a.A-1.g3.g2)[KMN],(g1.d1)[KMN],a1[KM],(g2.d2)[KMN],(a.f3.f2)[KMN],(f1.d1)[KM],a1[KMN],(f2.d2)[KMN],(#A-1.f3.f2)[KL],(f1.#c1)[KL],g1[KL],(f2.#c2)[KL],(g.e3.e2)[KL],(e1.#c1)[KL],g1[KL],(e2.#c2)[KL],(B-1.B-2.e3.e2)[KLM],(e1.b)[KLN],#g1[KLM],(e2.b1)[KLM],(#g.#d3.#d2)[KLN],(#d1.b)[KLM],#g1[KL],(#d2.b1)[KL],(e.E-1)[KL],(#d1.#g)[KL],e1[KL],(#d2.#g1)[KL],(e.#c3.#c2)[KL],(#c1.#g)[KL],e1[KL],(#c2.#g1)[KL],(#d.#D-1.#c3.#c2)[KMN],(#c1.#g)[KMN],#d1[KM],(#c2.#g1)[KMN],(#d.b2.b1)[KMN],(b.#g)[KM],#d1[KMN],(b1.#g1)[KMN],(#c.#C-1.b2.b1)[KM],(b.g)[KMN],#d1[KMN],(b1.g1)[KM],(#c.#a2.#a1)[KMN],(#a.g)[KMN],#d1[KM],(#a1.g1)[KMN],(B-1.B-2.e3.e2)[KLN],(e1.b)[KLM],#g1[KLM],(e2.b1)[KLM],(#g.#d3.#d2)[KLN],(#d1.b)[KLM],#g1[KL],(#d2.b1)[KL],(#c.#C-1)[KL],(#d1.a)[KL],e1[KL],(#d2.a1)[KL],(e.#c3.#c2)[KL],(#c1.a)[KL],e1[KL],(#c2.a1)[KL],(#d.#D-1.#c3.#c2)[J],(#c1.#g)[J],#d1[J],(#c2.#g1)[J],(#d.b2.b1)[J],(b.#g)[J],#d1[KLM],(b1.#g1)[KLN],#D-1[KLM],B-1[KLM],(#d.b2.#g2.b1)[KLM],#g[KLN],(b.#a2.g2.#a1)[KLM],#d1[KLM],(#g1.b2.#g2.b1)[KLN],#d2[KLM],(#d.#c2)[LMN],#a[MN],g2[L],#c1[LM],(g1.#d3)[JM],(g1.e1.#a2.#c2)[IJ],(#a1.g1.#c3.e2)[HILMN],(a1.#f1.c3.#d2)[JLN],(#g1.f1.b2.d2)[JLM],(g1.e1.#a2.#c2)[J],(#f1.#d1.a2.c2)[J],(f1.d1.#g2.b1)[J],(e1.#c1.g2.#a1)[KLM],(#d1.c1.#f2.a1)[KLM],(d1.b.f2.#g1)[KLM],(#c1.#a.e2.g1)[JM],(c1.a.#d2.#f1)[JMN],(b.#g.d2.f1)[JM],(#a.g.#c2.e1)[JKMN],(a.#f.c2.#d1)[JKL],(#g.f.b1.d1)[JKL],(g.e.#a1.#c1)[JKMN],(#d.#f.a1.c1)[IJ],(g.#a1.#c1)[H],(#D-1.g.#c2.f1)[HHH],(c2.#d1)[H],(#G-2.#g1.c1)[I],(#d.#d1)[I],(#G-1.c1)[JKMN],(#d.#d1)[JKL],(#g.c1)[JKMN],(#d.#d1)[JKMN],(#d1.#c2.c1)[LN],#g1[L],(#g1.c1)[JMN],#g[KLM],c2[KLM],c2[JKMN],(f.f1.d1)[JKMN],(#G-1.b1)[JKL],(f.f1.d1)[JKMN],(b.b1)[JKMN],(f.f1.d1)[JKL],(d1.b1)[JKL],(#g.f1.d1)[JKMN],f2[JKMN],(#d.#g1.c1)[JKL],(#G-1.#d2)[JKMN],(#d.#g1.c1)[JKMN],#g[JKL],(#d.#g1.c1)[JKL],(#d1.#c2)[JKMN],(#g.#g1.#d1)[KLN],c2[KLM],c2[JKL],(f.f1.d1)[JKMN],(#G-1.#a1)[JKMN],(#a.f.f1.d1)[JKL],c2[JKL],(g.e.e1.#c1)[JKMN],(#G-1.#c2)[JKMN],(#a.g.e1.#c1)[KLM],g1[KLM],#a1[JKMN],(#d.#d1.c1)[JKMN],(#G-1.#g1)[JKL],(#d.#d1.c1)[JKL],#g[JKMN],(#d.#d1.c1)[JKMN],(#d1.#c2)[JKL],(#g.#g1.c1)[KLM],c2[KLN],c2[JKMN],(f.f1.d1)[JKL],(#G-1.b1)[JKL],(f.f1.d1)[JKMN],(b.b1)[JKMN],(f.f1.d1)[JKL],(d1.b1)[JKMN],(#g.f1.d1)[JKMN],#g2[JKL],(#f.b1.#d1)[JKL],(#F-1.#f2)[JKMN],(#f.b1.#d1)[JKMN],b[JKL],(#f.b1.#d1)[JKMN],(#f1.e2)[JKMN],(b.b1.#d1)[KLM],#d2[KLM],#d2[JKL],(#F-1.#a1.e1)[JKMN],(e.#c2)[JKMN],(#a.#a1.e1)[JKL],#c2[JKMN],(a.E-1.a1.#c1)[JKMN],#c2[JKL],(#g.E-1.#g1.#c1)[JKL],#c2[JKMN],(#D-1.#g1.f1.#c1)[JKMN],(#c1.#g.f.#g1.f1)[JKL],(#g1.f1)[KLM],(c1.#g.#d)[KLN],(c1.#g.#d.#g1.f1)[JKMN],(#g1.f1)[JKL],(#a.f.#c.#c2)[JKL],(#g1.f1.#c1)[JKMN],f2[JKMN],(#D-1.#c2.#g1.f1)[JKL],(f1.#c1.#g.#c2.#g1)[JKMN],(#c2.#g1.f1)[KLM],(#c1.#g.f)[KLN],(#c1.#g.f.#c2.#g1.f1)[JKL],(c1.#g.#d.#c2.#g1.f1)[JKL],f2[JKMN],(#a.f.#c.#c2.#g1.f1)[JKMN],f1[LN],b1[LN],d2[LN],#g2[KLN],#D-1[JKMN],(b1.f1.d1.#g)[HI],(#c1.g.#a1.e1)[JMN],(#c1.g.#a1.e1)[JLM],(c1.#f.a1.#d1)[JLN],(f1.b.d2.#g1)[KLM],(f1.b.d2.#g1)[KLM],(e1.#a.#c2.g1)[KL],(a1.#d1.#f2.c2)[KMN],(a1.#d1.#f2.c2)[KL],(#g1.d1.f2.b1)[KL],(#c2.g1.#a2.e2)[KL],(#c2.g1.#a2.e2)[KMN],(c2.#f1.a2.#d2)[KL],(f2.b1.d3.#g2)[JLN],(f2.b1.d3.#g2)[HI],#D-1[I],(#d.#c2)[LM],(#a.g2)[LN],(#c1.#a2)[LM],(g1.f3)[IKLMN],(g2.#c2.e3.#a2)[JMN],(g2.#c2.e3.#a2)[JLN],(#f2.c2.#d3.a2)[JLM],(f2.b1.#g3.d3)[KLM],(f2.b1.#g3.d3)[KLM],(e2.#a1.g3.#c3)[KL],(#d2.a1.c4.#f3)[KL],(#d2.a1.c4.#f3)[KMN],(d2.#g1.b3.f3)[KL],(#c2.g1.e4.#a3)[JLN],(#c2.g1.e4.#a3)[H],(c2.#f1.#d4.a3)[JK],(f2.b1.d4.#g3)[J],(e2.#a1.#c4.g3)[J],(a2.#d2.c4.#f3)[J],(#g2.d2.b3.f3)[KLM],(#c3.g2.#a3.e3)[KLMN],(c3.#f2.a3.#d3)[KLM],(b2.f2.#g3.d3)[KLM],(#a2.e2.g3.#c3)[KLM],(a2.#d2.#f3.c3)[KLMN],(#g2.d2.f3.b2)[KLM],(g2.#c2.e3.#a2)[KLM],(#f2.c2.#d3.a2)[KLM],(f2.b1.d3.#g2)[J],(e2.#a1.#c3.g2)[J],(#d2.a1.c3.#f2)[J],(d2.#g1.b2.f2)[JM],(#c2.g1.#a2.e2)[JMN],(c2.#f1.a2.#d2)[JM],(b1.f1.#g2.d2)[JM],(#a1.e1.g2.#c2)[JMN],(a1.#d1.#f2.c2)[JM],(#g1.d1.f2.b1)[JL],(#f1.#c1.e2.#a1)[JMN],(#f1.c1.e2.#a1)[JLMN],(#f1.b.e2.b1)[JK],(#f1.#a.e2.c2)[JKL],(#f1.a.e2.#c2)[JKLN],#d[LMN],#c1[LM],g1[LMN],#a1[LMN],g2[HHIKL],f2[JKL],#d2[JKL],#c2[JKLN],c2[JKLN],#a1[JKL],#g1[JKL],g1[JKLN],f1[JKL],f1[IKMN],(#f.#G-1.#g1.c1)[JLN],#d1[JLN],#d1[IKMN],(f.#G-1.#g1.b)[HJLN],d1[HH],#d1[IKMN],(e.#G-1.#g1.#a)[JLN],#c1[JLM],#c1[IKM],(#d.#G-1.#g1.#g)[HJLM],c1[HH],(c.C-1.c2.g1.e1.c1)[H],#a[JLN],(c.F-1.#a.c2.#g1.f1)[HJLN],#g[HJLM],(#d.#D-1.c2.f1.#c1)[KMN],g1[HKM],#d1[IKMN],#a1[IKM],(#d.#G-1.#g1.#d1.c1)[HH],#g[IKMN],#g[HJLN],(#G-1.#C-1.#g1.#g.g1.#d1)[H],(f1.#c1)[JLM],(#G-1.#G-2.#g1.#g.f1.#c1)[HJLN],(#d1.c1)[IKMN],#g[IKM],#g[HJLM],(#G-1.#C-1.#g.#d1.g)[H],(#c1.f)[JLN],(#G-1.#G-2.#g.#c1.f)[HJLN],(c1.#d)[IKMN],#G-1[IKMN],#G-1[HJLN],(G-1.#g.#c)[H],F-1[JLN],(F-1.#g.c)[IJ],#D-1[IJ],(#D-1.#g.f)[HK],#C-1[JK],(#C-1.#g.#d)[IJK],C-1[IJLM],(C-1.#g.#c)[HI],#A-2[ILMN],(#G-2.#A-2.c1.#g.#d.c)[L],#A-2[LN],#G-2[LN],#A-2[LN],#G-2[L],#A-2[LN],#G-2[LN],#A-2[LN],#G-2[LN],#A-2[L],#G-2[LN],#A-2[LN],#G-2[LN],#A-2[LN],#G-2[L],#A-2[LM],#G-2[L],#A-2[LN],#G-2[LN],#A-2[L],#G-2[LN],#A-2[LN],#G-2[LN],#A-2[LN],#G-2[L],#A-2[LN],#G-2[LN],#A-2[LN],#G-2[LN],#A-2[L],#G-2[LN],#A-2[LN],#G-2[LN],#A-2[LN],#G-2[L],#A-2[LN],#G-2[LN],#A-2[LN],#G-2[LN],#A-2[LN],#G-2[L],#A-2[LN],#G-2[LN],#A-2[LN],#G-2[L],#A-2[LN],#G-2[LN],#A-2[LN],#G-2[LN],#A-2[L],#G-2[LN],#A-2[LN],#G-2[LN],#A-2[LN],#G-2[L],#A-2[LM],#G-2[L],#A-2[LN],#G-2[LN],#A-2[L],#G-2[LN],#A-2[LN],#G-2[LN],#A-2[LN],(#G-2.c1.#g.#d.c)[L],#A-2[LN],#G-2[LN],#A-2[LN],#G-2[LN],#A-2[L],#G-2[LN],#A-2[LN],#G-2[LN],#A-2[LN],#G-2[L],#A-2[LN],#G-2[LN],#A-2[LN],#G-2[LN],#A-2[LN],#G-2[L],#A-2[LN],#G-2[LN],#A-2[LN],#G-2[L],#A-2[LN],#G-2[LN],#A-2[LN],#G-2[LN],#A-2[L],#G-2[LN],#A-2[LN],#G-2[LN],#A-2[LN],#G-2[L],#A-2[LM],(#G-2.c1.#g.#d.c)[L],#A-2[LN],#G-2[LN],#A-2[L],#G-2[LN],#A-2[LN],#G-2[LN],#A-2[LN],#G-2[L],#A-2[LN],#G-2[LN],#A-2[LN],#G-2[LN],#A-2[L],#G-2[LN],#A-2[LN],#G-2[LN],#A-2[LN],#G-2[L],#A-2[LN],#G-2[LN],#A-2[LN],#G-2[LN],#A-2[LN],(G-2.#G-2)[L],#A-2[LN],#G-2[L],#G-2[N],#A-2[LN],#G-2[L],#A-2[M],#A-2[MN],#G-2[LN],#A-2[LN],#G-2[JMN],#D-1[JL],#G-1[JMN],c[JMN],#d[J],#g[J],c1[J],#d1[J],#g1[KLM],c2[KLN],#d2[KLM],#g2[KLM],c3[KLN],#d3[KLM],#g3[KLM],(#g.#g2)[LN],#d1[M],#d3[MN],#g1[L],(c2.c4)[HHH],"],"id":3,"instruments":["piano","piano"],"alternatives":["",""]}],"audition":{"start":[0,0],"end":[1,0]}}