{"baseBpm":150,"musics":[{"bpm":150,"baseBeats":0.25,"scores":["b1[MNOP],c2[MNOP],(G-1.d2)[M],e2[M],d2[M],(b.d.b2)[LM],(#d.c2)[M],d2[M],c2[M],(#f.c1.a2)[LM],(e.b1)[M],c2[M],b1[M],(b.g.g2)[LM],(c.a1)[MN],e2[MN],(e1.a.a2)[MN],e3[MN],(d.d2)[MN],g2[MN],(d1.b2)[MN],d3[MN],(b1.d2.g3)[MN],b3[MN],(d1.e4)[MN],d4[MN],(a1.c2.#c4)[MN],c4[MN],(d1.e3)[MN],#f3[MN],(g1.b1.a3)[MN],g3[MN],d3[MN],b2[MN],(G-1.d2)[M],e2[M],d2[M],(b.d.b2)[LM],(#d.c2)[M],d2[M],c2[M],(c1.#f.a2)[LM],(e.b1)[M],c2[M],b1[M],(b.g.g2)[LM],(c.a1)[MN],e2[MN],(e1.a.a2)[MN],e3[MN],(d.d2)[MN],g2[MN],(d1.b2)[MN],d3[MN],(d2.g1.b1.g3)[MN],b3[MN],(d1.e4)[MN],d4[MN],(a1.c2.c4)[MN],a3[MN],(d1.e3)[MN],#f3[MN],(g1.b1.g3)[LM],"],"id":1,"instruments":["piano"],"alternatives":[""]},{"bpm":150,"baseBeats":0.25,"scores":["b1[MNOP],c2[MNOP],(G-1.d2)[M],e2[M],d2[M],(b.d.b2)[LM],(#d.c2)[M],d2[M],c2[M],(#f.c1.a2)[LM],(e.b1)[M],c2[M],b1[M],(b.g.g2)[LM],(c.a1)[MN],e2[MN],(e1.a.a2)[MN],e3[MN],(d.d2)[MN],g2[MN],(d1.b2)[MN],d3[MN],(b1.d2.g3)[MN],b3[MN],(d1.e4)[MN],d4[MN],(a1.c2.#c4)[MN],c4[MN],(d1.e3)[MN],#f3[MN],(g1.b1.a3)[MN],g3[MN],d3[MN],b2[MN],(G-1.d2)[M],e2[M],d2[M],(b.d.b2)[LM],(#d.c2)[M],d2[M],c2[M],(c1.#f.a2)[LM],(e.b1)[M],c2[M],b1[M],(b.g.g2)[LM],(c.a1)[MN],e2[MN],(e1.a.a2)[MN],e3[MN],(d.d2)[MN],g2[MN],(d1.b2)[MN],d3[MN],(d2.g1.b1.g3)[MN],b3[MN],(d1.e4)[MN],d4[MN],(a1.c2.c4)[MN],a3[MN],(d1.e3)[MN],#f3[MN],(g1.b1.g3)[LM],b1[LM],(B-1.b2.b1.#f2.#d2)[MN],b[MN],#A-1[MN],B-1[MN],(#c.#a1.#a2.e2.#f2)[MN],#c1[MN],c[MN],#c[MN],(#d.a2.a1.#f2.e2)[MN],#d1[MN],#c[MN],#d[MN],(e.g1.g2.b1.e2)[MN],e1[MN],#d[MN],e[MN],(#f.a1.#f2.b1.#d2)[MN],#f1[MN],f[MN],#f[MN],(g.g1.b1.e2)[MN],g1[MN],#f[MN],g[MN],(c1.#f1.#a1.e1)[LMO],d1[MNP],c1[MNP],(b.#f1.#d1.b1)[MNOP],#f[MNOP],#d[L],B-1[L],"],"id":2,"instruments":["piano"],"alternatives":[""]},{"bpm":150,"baseBeats":0.25,"scores":["(G-1.d2)[M],e2[M],d2[M],(b.d.b2)[LM],(#d.c2)[M],d2[M],c2[M],(c1.#f.a2)[LM],(e.b1)[M],c2[M],b1[M],(b.g.g2)[LM],(c.a1)[MN],e2[MN],(e1.a.a2)[MN],e3[MN],(d.d2)[MN],g2[MN],(d1.b2)[MN],d3[MN],(d2.g1.b1.g3)[MN],b3[MN],(d1.e4)[MN],d4[MN],(a1.c2.c4)[MN],a3[MN],(d1.e3)[MN],#f3[MN],(g1.b1.g3)[LM],b1[LM],(B-1.b2.b1.#f2.#d2)[MN],b[MN],#A-1[MN],B-1[MN],(#c.#a1.#a2.e2.#f2)[MN],#c1[MN],c[MN],#c[MN],(#d.a2.a1.#f2.e2)[MN],#d1[MN],#c[MN],#d[MN],(e.g1.g2.b1.e2)[MN],e1[MN],#d[MN],e[MN],(#f.a1.#f2.b1.#d2)[MN],#f1[MN],f[MN],#f[MN],(g.g1.b1.e2)[MN],g1[MN],#f[MN],g[MN],(c1.#f1.#a1.e1)[LMO],d1[MNP],c1[MNP],(b.#f1.#d1.b1)[MNOP],#f[MNOP],#d[L],B-1[L],(G-1.d2)[M],e2[M],d2[M],(b.d.b2)[LM],(#d.c2)[M],d2[M],c2[M],(c1.#f.a2)[LM],(e.b1)[M],c2[M],b1[M],(b.g.g2)[LM],(c.a1)[MN],e2[MN],(e1.a.a2)[MN],e3[MN],(d.d2)[MN],g2[MN],(d1.b2)[MN],d3[MN],(d2.g1.b1.g3)[MN],b3[MN],(d1.e4)[MN],d4[MN],(a1.c2.c4)[MNP],a3[MNP],(d1.e3)[L],#f3[L],(g1.b1.g3)[K],"],"id":3,"instruments":["piano"],"alternatives":[""]}],"audition":{"start":[0,0],"end":[1,0]}}