{"baseBpm":60,"musics":[{"bpm":60,"baseBeats":0.25,"scores":["(e1.#g1)[M],(#g1.b1)[M],(#g1.b1)[M],(#f1.a1)[M],(#f1.a1)[M],(e1.#g1)[M],(e1.#g1)[M],(#g1.b1)[M],(#g1.b1)[M],(#g1.e2)[M],(#g1.e2)[M],(#f1.#d2)[M],(#f1.#d2)[M],(#g1.e2)[M],(#g1.e2)[M],(b1.#g2)[M];(b1.#g2)[M],(a1.#f2)[M],(a1.#f2)[M],V,U,(a1.#g2)[L],V,(a1.#f2)[M],(a1.#f2)[L],U,(#d1.b1)[M],a1[M];V,(e1.#g1)[M],(e1.#g1)[M],(#g1.b1)[M],(#g1.b1)[M],(#f1.a1)[M],(#f1.a1)[M],(e1.#g1)[M],(e1.#g1)[M],(#g1.b1)[M],(#g1.b1)[M],(#f1.#d2)[M],(#f1.#d2)[M],(#g1.e2)[M],(#g1.e2)[M],(b1.#g2)[M];(b1.#g2)[M],(a1.#f2)[M],(a1.#f2)[L],U,(a1.#d2)[L],(#g1.e2)[M],(b1.#g2)[M],(#g1.e2)[L],U,U;(e1.#g1)[M],(#g1.b1)[M],(#g1.b1)[M],(#f1.a1)[M],(#f1.a1)[M],(e1.#g1)[M],(e1.#g1)[M],(#g1.b1)[M],(#g1.b1)[M],(#g1.e2)[M],(#g1.e2)[M],(#f1.#d2)[M],(#f1.#d2)[M],(#g1.e2)[M],(#g1.e2)[M],(b1.#g2)[M];(b1.#g2)[M],(a1.#f2)[M],(a1.#f2)[M],V,U,(a1.#g2)[L],V,(a1.#f2)[M],(a1.#f2)[L],U,(#d1.b1)[M],a1[M];V,(e1.#g1)[M],(e1.#g1)[M],(#g1.b1)[M],(#g1.b1)[M],(#f1.a1)[M],(#f1.a1)[M],(e1.#g1)[M],(e1.#g1)[M],(#g1.b1)[M],(#g1.b1)[M],(#f1.#d2)[M],(#f1.#d2)[M],(#g1.e2)[M],(#g1.e2)[M],(b1.#g2)[M];(b1.#g2)[M],(a1.#f2)[M],(a1.#f2)[L],U,(a1.#d2)[L],(#g1.e2)[M],(b1.#g2)[M],(#g1.e2)[L],U,(g1.e2)[L];","e[L],(#g.b)[L],(#g.b)[L],(#g.b)[L],E-1[L],(#g.e1)[L],(#g.e1)[L],(#g.e1)[L];B-2[L],#d1[M],#c1[M],b[L],B-1[L],B-2[L],b[N],#d1[N],#c1[M],b[L],B-1[L];E-1[L],(#g.b)[L],(#g.b)[L],(#g.b)[L],e[L],(#g.e1)[L],(#g.e1)[L],(#g.e1)[L];B-1[L],(c1.#d1)[L],b[L],B-1[L],E-1[L],(#g.e1)[L],(#g.e1)[L],(#g.e1)[L];e[L],(#g.b)[L],(#g.b)[L],(#g.b)[L],E-1[L],(#g.e1)[L],(#g.e1)[L],(#g.e1)[L];B-2[L],#d1[M],#c1[M],b[L],B-1[L],B-2[L],b[N],#d1[N],#c1[M],b[L],B-1[L];E-1[L],(#g.b)[L],(#g.b)[L],(#g.b)[L],e[L],(#g.e1)[L],(#g.e1)[L],(#g.e1)[L];B-1[L],(c1.#d1)[L],b[L],B-1[L],E-1[L],(#g.e1)[L],(#g.e1)[L],U;"],"id":1,"instruments":["piano","piano"],"alternatives":["",""]},{"bpm":62,"baseBeats":0.25,"scores":["V,(f1.d2)[M],(f1.d2)[L],V,f2[M],(f1.d2)[L],V,(e1.c2)[M],(e1.c2)[L],V,e2[M],(e1.g1.c2)[L];b1[M],(d1.f1)[M],(d1.f1)[L],V,a1[M],(b.f1)[L],b1[M],(e1.c2)[M],(e1.c2)[M],(c1.e1)[M],(c1.e1)[M],(e1.g1)[M],(e1.g1)[M],(g1.e2)[M];V,(f1.d2)[M],(f1.d2)[L],V,f2[M],(f1.d2)[L],V,(e1.c2)[M],(e1.c2)[L],V,e2[M],(e1.g1.c2)[L];b1[M],(d1.f1)[M],(d1.f1)[L],V,a1[M],(b.f1)[L],V,(e1.#a1)[M],(e1.#a1)[L],V,g1[M],e1[L];(#a.#a1)[M],(b.#g1.b1)[M],(#g1.b1)[M],(#f1.a1)[M],(#f1.a1)[M],(e1.#g1)[M],(e1.#g1)[M],(#g1.b1)[M],(#g1.b1)[M],(#g1.e2)[M],(#g1.e2)[M],(#f1.#d2)[M],(#f1.#d2)[M],(#g1.e2)[M],(#g1.e2)[M],(b1.#g2)[M];(b1.#g2)[M],(a1.#f2)[M],5<(a1.#f2)[N],W>,V,U,(b1.#g2)[M],(a1.#f2)[M],(a1.#f2)[L],5<W,W>,V,U,(#d1.b1)[M],a1[M];V,(e1.#g1)[M],(e1.#g1)[M],(#g1.b1)[M],(#g1.b1)[M],(#f1.a1)[M],(#f1.a1)[M],(e1.#g1)[M],(e1.#g1)[M],(e1.#c2)[M],(e1.#c2)[M],(#f1.#d2)[M],(#f1.#d2)[M],(#g1.e2)[M],(#g1.e2)[M],(#a1.e2.#g2)[M];(a1.#g2)[M],#f2[M],5<#f2[N],W>,V,U,a1[L],(#g1.e2)[M],(b1.#g2)[M],(#g1.e2)[K],(g1.e2)[L];","G-1[L],a[N],b[N],a[M],g[L],G-1[L],G-1[L],a[N],b[N],a[M],g[L],G-1[L];G-1[L],a[N],b[N],a[M],g[L],G-1[L],G-1[M],#a[M],b[M],#g[M],#g[M],g[M],g[M],G-1[M];G-1[L],#g[N],#a[N],#g[M],g[L],G-1[L],G-1[L],#g[N],#a[N],#g[M],g[L],G-1[L];G-1[L],#g[N],#a[N],#g[M],g[L],G-1[L],C-1[L],#c[N],#d[N],#c[M],c[L],C-1[L];B-2[L],(#g.b)[L],(#g.b)[L],(#g.b)[L],B-1[L],(#g.e1)[L],(#g.e1)[L],(#g.e1)[L];B-1[L],(c1.#d1)[N],d1[N],c1[M],b[L],B-1[L],B-2[L],(c1.#d1)[N],d1[N],c1[M],b[L],B-1[L];E-1[K],#D-1[K],#C-1[K],A-1[K];B-2[L],c1[N],d1[N],c1[M],b[L],B-1[L],E-1[J];"],"id":2},{"bpm":64,"baseBeats":0.25,"scores":["V,(f1.d2)[M],(f1.d2)[L],V,f2[M],(f1.d2)[L],V,(e1.c2)[M],(e1.c2)[L],V,e2[M],(e1.g1.c2)[L];b1[M],(d1.f1)[M],(d1.f1)[L],V,a1[M],(b.f1)[L],b1[M],(e1.c2)[M],(e1.c2)[M],(c1.e1)[M],(c1.e1)[M],(e1.g1)[M],(e1.g1)[M],(g1.e2)[M];V,(f1.d2)[M],(f1.d2)[L],V,f2[M],(f1.d2)[L],V,(e1.c2)[M],(e1.c2)[L],V,e2[M],(e1.g1.c2)[L];b1[M],(d1.f1)[M],(d1.f1)[L],V,a1[M],(b.f1)[L],V,(e1.#a1)[M],(e1.#a1)[L],V,g1[M],e1[L];(#a.#a1)[M],(b.#g1.b1)[M],(#g1.b1)[M],(#f1.a1)[M],(#f1.a1)[M],(e1.#g1)[M],(e1.#g1)[M],(#g1.b1)[M],(#g1.b1)[M],(#g1.e2)[M],(#g1.e2)[M],(#f1.#d2)[M],(#f1.#d2)[M],(#g1.e2)[M],(#g1.e2)[M],(b1.#g2)[M];(b1.#g2)[M],(a1.#f2)[M],5<(a1.#f2)[N],W>,V,U,(b1.#g2)[M],(a1.#f2)[M],(a1.#f2)[L],5<W,W>,V,U,(#d1.b1)[M],a1[M];V,(e1.#g1)[M],(e1.#g1)[M],(#g1.b1)[M],(#g1.b1)[M],(#f1.a1)[M],(#f1.a1)[M],(e1.#g1)[M],(e1.#g1)[M],(e1.#c2)[M],(e1.#c2)[M],(#f1.#d2)[M],(#f1.#d2)[M],(#g1.e2)[M],(#g1.e2)[M],(#a1.e2.#g2)[M];(a1.#g2)[M],#f2[M],5<#f2[N],W>,V,U,a1[L],(#g1.e2)[M],(b1.#g2)[M],(#g1.e2)[KL];","G-1[L],a[N],b[N],a[M],g[L],G-1[L],G-1[L],a[N],b[N],a[M],g[L],G-1[L];G-1[L],a[N],b[N],a[M],g[L],G-1[L],G-1[M],#a[M],b[M],#g[M],#g[M],g[M],g[M],G-1[M];G-1[L],#g[N],#a[N],#g[M],g[L],G-1[L],G-1[L],#g[N],#a[N],#g[M],g[L],G-1[L];G-1[L],#g[N],#a[N],#g[M],g[L],G-1[L],C-1[L],#c[N],#d[N],#c[M],c[L],C-1[L];B-2[L],(#g.b)[L],(#g.b)[L],(#g.b)[L],B-1[L],(#g.e1)[L],(#g.e1)[L],(#g.e1)[L];B-1[L],(c1.#d1)[N],d1[N],c1[M],b[L],B-1[L],B-2[L],(c1.#d1)[N],d1[N],c1[M],b[L],B-1[L];E-1[K],#D-1[K],#C-1[K],A-1[K];B-2[L],c1[N],d1[N],c1[M],b[L],B-1[L],E-1[J];"],"id":3}],"audition":{"start":[0,0],"end":[0,24]}}