{"baseBpm":75,"musics":[{"bpm":75,"baseBeats":0.25,"scores":["mute[LM],5<V>,mute[M],mute[M],mute[M],mute[M],mute[M],mute[M],mute[M],mute[M],mute[LM],mute[M],mute[M],mute[M],mute[M],mute[M],mute[MN],mute[MN],mute[M],mute[LM],5<V>,mute[M],5<V>,mute[L],mute[L],mute[M],5<V>,mute[MN],mute[MN],mute[M],mute[M],mute[M],mute[M],mute[M],mute[LM],mute[M],mute[M],mute[M],mute[M],mute[M],mute[M],5<V>,5<V>,5<V>,mute[LM],5<V>,5<V>,mute[M],mute[M],5<V>,mute[M],mute[L],5<V>,mute[M],mute[M],mute[M],mute[M],mute[M],mute[M],mute[M],mute[M],mute[L],mute[M],mute[M],mute[M],mute[M],mute[M],mute[M],mute[M],5<V>,mute[M],mute[M],mute[M],mute[L],5<V>,mute[M],5<V>,mute[M],mute[M],mute[M],mute[M],mute[M],5<V>,mute[M],5<V>,mute[M],mute[M],mute[M],mute[M],mute[M],mute[M],mute[L],mute[M],mute[M],mute[M],mute[M],mute[M],mute[M],mute[M],5<V>,5<V>,5<V>,mute[M],mute[L],mute[M],mute[L],mute[M],mute[M],5<V>,5<V>,mute[M],mute[M],5<V>,mute[M],5<V>,5<V>,5<V>,5<V>,mute[M],5<V>,5<V>,5<V>,mute[M],5<V>,5<V>,5<V>,mute[M],5<V>,mute[M],5<V>,5<V>,5<V>,5<V>,5<V>,5<V>,5<V>,5<V>,mute[M],mute[M],mute[M],5<V>,5<V>,mute[M],5<V>,5<V>,mute[M],mute[M],mute[M],mute[M],mute[M],mute[M],mute[M],mute[M],mute[M],5<V>,mute[M],mute[M],mute[M],mute[M],mute[M],mute[M],mute[M],5<V>,5<V>,mute[M],mute[M],mute[M],mute[M],mute[M],mute[M],5<V>,5<V>,T,","(#f.B-1.b)[LM],#c1[N],d1[N],#f1[M],b[M],d1[M],#f1[M],(g.B-1.g1)[M],b[M],#c1[M],g1[M],(#f.B-1.#f1)[LM],#f1[M],(f.#G-1.f1)[M],b[M],#c1[M],f1[M],(e.G-1.e1)[MN],d1[MN],#c1[M],(#c.#A-1.#a)[LM],#c1[N],d1[N],(#c.#C-1.#f1)[M],e1[N],#f1[N],(#f.#A-1.#a)[L],(#f.B-1.b)[L],#c1[M],d1[N],#c1[N],b[MN],d1[MN],#f1[M],(g.B-1.g1)[M],a1[M],(#c1.b1)[M],g1[M],(#f.B-1.d1.#f1)[LM],#f1[M],(f.#G-1.f1)[M],#c1[M],(e.#g)[M],#c1[M],(#c.F-1.b1)[M],f1[N],#g1[N],(#c.#G-1.b1)[N],d2[N],f1[N],b1[N],(#f.#A-1.#c2)[LM],b1[N],#c2[N],(#c.#A-1.b1)[N],#a1[N],#f1[M],(#f.#A-1)[M],d1[N],#c1[N],(#f.B-1.b)[M],(#f.B-1)[L],(#f.B-1.#c2)[N],d2[N],(#f.B-1.#f2)[M],b1[M],(#f.B-1.d2)[M],(#f.B-1.#f2)[M],(g.B-1.g2)[M],(g.B-1.b1)[M],#c2[M],(g.B-1.g2)[M],(#f.B-1.#f2)[L],(#f.B-1)[M],(#f.B-1.#f2)[M],(f.#G-1.f2)[M],(f.#G-1.b1)[M],#c2[M],(f.#G-1.f2)[M],(e.G-1.e2)[MN],d2[N],(e.G-1)[M],(e.G-1.#c2)[M],(#c.#A-1.#a1)[M],(#c.#A-1)[L],(#c.#A-1.#c2)[N],d2[N],(#c.#A-1.#f2)[M],e2[N],#f2[N],(#f.#A-1.#a1)[M],(#f.#A-1)[M],(#f.B-1.b1)[M],(#f.B-1)[M],#c2[M],(#f.B-1.d2)[N],#c2[N],(#f.B-1.b1)[MN],d2[N],(#f.B-1)[M],(#f.B-1.#f2)[M],(g.B-1.g2)[M],(g.B-1.a2)[M],b2[M],(g.B-1.g2)[M],(#f.B-1.#f2)[L],(#f.B-1)[M],(#f.B-1.#f2)[M],(#G-1.#C-1.f2)[M],(#c.#c2)[M],(#G-1.#C-1.#g2)[M],(#c.#c2)[M],(A-1.D-1.b2)[M],(d.f2)[N],#g2[N],(#G-1.#C-1.b2)[N],d3[N],(#c.f2)[N],b2[N],(#f.#A-1.#a.#c3)[M],(#f.#A-1)[L],(#f.#A-1)[M],(#f.#A-1)[L],(#f.#A-1.#f1)[M],(#f.#A-1)[M],(B-2.B-1)[N],#f[N],(#F-1.d)[N],e[N],(B-1.#f)[M],(#F-1.b)[M],(B-2.#c1)[N],d1[N],(#F-1.#f1)[M],(B-1.d1)[N],e1[N],(#F-1.#f1)[O],b1[O],#c2[O],d2[O],(B-2.d2)[NO],#f1[O],#F-1[O],d2[NO],(B-1.#c2)[M],(#F-1.#f1)[N],e1[N],(A-1.d1)[N],a1[N],(A-2.d1)[N],#c1[N],E-1[M],(A-2.e)[N],#c1[N],(B-2.d1)[NO],#f[O],#F-1[O],d1[NO],(B-1.#c1)[M],#F-1[N],a[N],B-2[M],(#F-1.B-1)[N],B-1[N],(B-1.#c)[N],#f[N],(#F-1.d)[N],#f[N],(B-2.b)[N],#f[N],(#F-1.d1)[N],#c1[N],(B-1.#f)[N],d[N],(#F-1.d1)[N],b[N],(E-1.#c1)[N],d1[N],(B-2.#f1)[M],(#C-1.a)[M],A-2[M],(G-2.b)[N],#f[N],D-1[N],e[N],(G-1.b)[NO],#c1[O],D-1[N],d1[N],(G-2.d1)[N],b[N],(D-1.g)[M],(G-1.#c1)[M],(D-1.b)[M],G-2[M],D-1[M],G-1[M],D-1[M],(G-1.G-2)[M],D-1[M],(G-1.#c1)[N],e1[N],(D-1.a1)[M],(#A-2.#a1.e1)[M],#F-1[M],#A-1[M],(#F-1.#a1.e1)[M],#A-2[M],#F-1[M],(#A-1.#a)[N],e1[N],(#F-1.#c2)[N],e2[N],(#A-2.e2.#a1)[M],E-1[M],#c[M],(E-1.e2.#a1)[M],(#A-1.E-1)[M],#c[M],(#A-1.E-1.#a1)[N],b1[N],(#c.#c2)[N],e2[N],T,"],"id":1,"instruments":["piano","piano"],"alternatives":["",""]},{"bpm":77,"baseBeats":0.25,"scores":["mute[M],mute[M],mute[M],mute[M],mute[M],mute[M],mute[M],mute[M],mute[M],mute[M],mute[M],mute[M],mute[M],mute[M],mute[M],mute[M],mute[M],mute[M],mute[M],mute[M],mute[M],mute[M],mute[M],mute[M],mute[M],mute[M],mute[M],mute[M],mute[M],mute[M],mute[M],mute[M],mute[M],mute[M],mute[M],mute[M],mute[M],mute[M],mute[M],mute[M],mute[M],mute[M],mute[M],mute[M],mute[M],mute[M],mute[M],mute[M],mute[M],mute[M],mute[M],mute[M],mute[M],mute[M],mute[M],mute[M],mute[M],mute[M],mute[M],mute[M],mute[M],mute[M],mute[M],mute[M],mute[M],mute[M],mute[M],mute[M],mute[M],mute[M],mute[M],mute[M],mute[M],mute[M],mute[M],mute[M],mute[M],mute[M],mute[M],mute[M],mute[M],mute[M],mute[M],mute[M],mute[M],mute[M],mute[M],mute[M],mute[M],mute[M],mute[M],mute[M],mute[M],mute[M],mute[M],mute[M],mute[M],mute[M],mute[M],mute[M],mute[M],mute[M],mute[M],mute[M],mute[M],mute[M],mute[M],mute[M],mute[M],mute[M],mute[M],mute[M],mute[M],mute[M],mute[M],mute[M],mute[M],mute[M],mute[M],mute[M],mute[M],mute[M],mute[M],mute[M],mute[M],mute[M],mute[M],mute[M],mute[J],mute[K],mute[K],mute[M],mute[L],5<V>,mute[M],mute[M],mute[M],mute[M],mute[M],mute[M],mute[M],mute[M],mute[L],mute[M],mute[M],mute[M],mute[M],mute[M],mute[M],mute[M],5<V>,mute[M],mute[M],mute[M],mute[L],5<V>,mute[M],5<V>,mute[M],mute[M],mute[M],mute[M],mute[M],5<V>,mute[M],5<V>,mute[M],mute[M],mute[M],mute[M],mute[M],mute[M],mute[L],mute[M],mute[M],mute[M],mute[M],mute[M],mute[M],mute[M],5<V>,5<V>,5<V>,","(B-1.d2.#f2)[M],#f[M],d[M],#f[M],(B-1.b1)[M],#f[M],(d.#f2)[M],#f[M],(#G-1.#c2.f2)[M],f[M],#c[M],f[M],(#G-1.#g)[M],f[M],(#g.#c2)[M],(f.d2)[M],(G-1.b1.e2)[M],e[M],(#c.#f2)[M],(e.e2)[M],(G-1.d2)[M],e[M],(#c.#c2)[M],e[M],(#F-1.b1.d2)[M],d[M],B-1[M],d[M],(#F-1.#f.b1)[M],d[M],#f[M],(d.#f1)[M],(E-1.g1)[M],B-1[M],(G-1.#f1)[M],(B-1.g1)[M],E-1[M],B-1[M],(G-1.b1)[M],B-1[M],(#F-1.#a1)[M],#c[M],(#A-1.b1)[M],(#c.#c2)[M],(#F-1.#f)[M],#A-1[M],(#c.#a1)[M],#A-1[M],(G-1.b1)[M],d[M],(B-1.#c2)[M],(d.d2)[M],G-1[M],d[M],(B-1.e2)[M],d[M],(G-1.#f2.b1)[M],d[M],B-1[M],d[M],(#A-1.#f.#f2.#a1)[M],#c[M],#f[M],#c[M],(B-1.b1.d2)[M],#f[M],d[M],#f[M],(B-1.#f2)[M],#f[M],d[M],#f[M],(#G-1.#c2.f2)[M],f[M],#c[M],f[M],(#G-1.#g)[M],f[M],(#g.#c2)[M],(f.d2)[M],(G-1.b1.e2)[M],e[M],(#c.#f2)[M],(e.e2)[M],(G-1.d2)[M],e[M],(#c.#c2)[M],e[M],(#F-1.b1.d2)[M],d[M],B-1[M],d[M],(#F-1.#f.b1)[M],d[M],#f[M],(d.#f1)[M],(E-1.g1)[M],B-1[M],(G-1.#f1)[M],(B-1.g1)[M],E-1[M],B-1[M],(G-1.b1)[M],B-1[M],(#F-1.#a1)[M],#c[M],(#A-1.b1)[M],(#c.#c2)[M],(#F-1.#f)[M],#A-1[M],(#c.#a1)[M],#A-1[M],(G-1.b1)[M],d[M],(B-1.#c2)[M],(d.d2)[M],G-1[M],d[M],(B-1.e2)[M],d[M],(G-1.#f2.b1)[M],d[M],B-1[M],d[M],(#A-1.#f.#f2.#a1)[M],#c[M],#f[M],#c[M],(#f.B-1.b1.#f1)[J],(#f.B-1)[K],(#f.B-1)[K],(g.c.c2.g1)[M],(g.c)[L],(g.c.d2)[N],#d2[N],(g.c.g2)[M],(c2.g1)[M],(g.c.#d2.c2)[M],(g.c.g2.#d2)[M],(#g.c.#g2.#d2)[M],(#g.c.c2.#g1)[M],d2[M],(#g.c.#g2.#d2)[M],(g.c.g2.#d2)[L],(g.c)[M],(g.c.g2.#d2)[M],(#f.A-1.#f2.d2)[M],(#f.A-1.c2.a1)[M],d2[M],(#f.A-1.#f2.d2)[M],(f.#G-1.f2.d2)[MN],(#d2.b1)[N],(f.#G-1)[M],(f.#G-1.d2.#g1)[M],(g.B-1.b1.g1)[M],(g.B-1)[L],(g.B-1.d2)[N],#d2[N],(g.B-1.g2)[M],f2[N],g2[N],(g.B-1.b1.g1)[M],(g.B-1)[M],(g.c.c2.g1)[M],(g.c)[M],(d2.#a1)[M],(g.c.#d2)[N],d2[N],(g.c.c2.g1)[MN],(#d2.c2)[N],(g.c)[M],(g.c.g2.c2)[M],(#g.c.#g2.#d2)[M],(#g.c.#a2.f2)[M],(c3.g2)[M],(#g.c.#g2.d2)[M],(g.c.g2.#d2)[L],(g.c)[M],(g.c.g2.#d2)[M],(A-1.D-1.#f2.d2)[M],(d.d2)[M],(A-1.D-1.a2.c2)[M],(d.d2)[M],(#A-1.#D-1.c3.a2)[M],(#d.#f2)[N],a2[N],(A-1.D-1.c3)[N],#d3[N],(d.#f2)[N],c3[N],"],"id":2,"instruments":["piano","piano"],"alternatives":["",""]},{"bpm":77,"baseBeats":0.25,"scores":["mute[M],mute[L],5<V>,5<V>,mute[M],mute[M],5<V>,mute[M],mute[L],5<V>,mute[M],mute[M],mute[M],mute[M],mute[M],mute[M],mute[M],mute[M],mute[L],mute[M],mute[M],mute[M],mute[M],mute[M],mute[M],mute[M],5<V>,mute[M],mute[M],mute[M],mute[L],5<V>,mute[M],5<V>,mute[M],mute[M],mute[M],mute[M],mute[M],5<V>,mute[M],5<V>,mute[M],mute[M],mute[M],mute[M],mute[M],mute[M],mute[L],mute[M],mute[M],mute[M],mute[M],mute[M],mute[M],mute[M],5<V>,5<V>,5<V>,mute[M],mute[L],mute[M],mute[L],mute[M],mute[M],mute[M],mute[M],mute[M],mute[M],mute[M],mute[M],mute[M],mute[M],mute[M],mute[M],mute[M],mute[M],mute[M],mute[M],mute[M],mute[M],mute[M],mute[M],mute[M],mute[M],mute[M],mute[M],mute[M],mute[M],mute[M],mute[M],mute[M],mute[M],mute[M],mute[M],mute[M],mute[M],mute[M],mute[M],mute[M],mute[M],mute[M],mute[M],mute[M],mute[M],mute[M],mute[M],mute[M],mute[M],mute[M],mute[M],mute[M],mute[M],mute[M],mute[M],mute[M],mute[M],mute[M],mute[M],mute[M],mute[M],mute[M],mute[M],mute[M],mute[M],mute[M],mute[M],mute[M],mute[M],mute[M],mute[M],mute[M],mute[M],mute[M],mute[M],mute[M],mute[M],mute[M],mute[M],mute[M],mute[M],mute[M],mute[M],mute[M],mute[M],mute[M],mute[M],mute[M],mute[M],mute[M],mute[M],mute[M],mute[M],mute[M],mute[M],mute[M],mute[M],mute[M],mute[M],mute[M],mute[M],mute[M],mute[M],mute[M],mute[M],mute[M],mute[M],mute[M],mute[M],mute[M],mute[M],mute[M],mute[M],mute[M],mute[M],mute[M],mute[M],mute[M],mute[M],mute[M],mute[M],mute[M],mute[M],mute[M],mute[M],mute[M],mute[M],mute[M],mute[M],mute[M],mute[M],mute[M],mute[M],mute[J],mute[M],TUV,","(g.B-1.d3.b2)[M],(g.B-1)[L],(g.B-1.c3)[N],d3[N],(g.B-1.c3)[N],b2[N],g2[M],(g.B-1)[M],(g.B-1.#d2)[N],d2[N],(g.c.c2.g1)[M],(g.c)[L],(g.c.d2)[N],#d2[N],(g.c.g2)[M],(c2.g1)[M],(g.c.#d2.c2)[M],(g.c.g2.#d2)[M],(#g.c.#g2.#d2)[M],(#g.c.c2.#g1)[M],d2[M],(#g.c.#g2.#d2)[M],(g.c.g2.#d2)[L],(g.c)[M],(g.c.g2.#d2)[M],(#f.A-1.#f2.d2)[M],(#f.A-1.c2.a1)[M],d2[M],(#f.A-1.#f2.d2)[M],(f.#G-1.f2.d2)[MN],(#d2.b1)[N],(f.#G-1)[M],(f.#G-1.d2.#g1)[M],(g.B-1.b1.g1)[M],(g.B-1)[L],(g.B-1.d2)[N],#d2[N],(g.B-1.g2)[M],f2[N],g2[N],(g.B-1.b1.g1)[M],(g.B-1)[M],(g.c.c2.g1)[M],(g.c)[M],(d2.#a1)[M],(g.c.#d2)[N],d2[N],(g.c.c2.g1)[MN],(#d2.c2)[N],(g.c)[M],(g.c.g2.c2)[M],(#g.c.#g2.#d2)[M],(#g.c.#a2.f2)[M],(c3.g2)[M],(#g.c.#g2.d2)[M],(g.c.g2.#d2)[L],(g.c)[M],(g.c.g2.#d2)[M],(A-1.D-1.#f2.d2)[M],(d.d2)[M],(A-1.D-1.a2.c2)[M],(d.d2)[M],(#A-1.#D-1.c3.a2)[M],(#d.#f2)[N],a2[N],(A-1.D-1.c3)[N],#d3[N],(d.#f2)[N],c3[N],(g.B-1.d3.b2)[M],(g.B-1)[L],(g.B-1)[M],(g.B-1)[L],(g.B-1.g2.g1)[M],(g.B-1)[M],(c.#d3.g2.#d2)[M],g[M],#d[M],g[M],(c.g2.c2.g1)[M],g[M],(#d.#d3.g2.#d2)[M],g[M],(A-1.d3.#f2.d2)[M],#f[M],d[M],#f[M],(A-1.a)[M],#f[M],(a.b2.d2.b1)[M],(#f.c3.#d2.c2)[M],(#G-1.d3.f2.d2)[M],f[M],(d.#d3.g2.#d2)[M],(f.d3.f2.d2)[M],(#G-1.c3.#d2.c2)[M],f[M],(d.b2.d2.b1)[M],f[M],(G-1.c3.#d2.c2)[M],#d[M],c[M],#d[M],(G-1.g.c2)[M],#d[M],g[M],(#d.g2.d2.g1)[M],(F-1.#g2.f2.#g1)[M],c[M],(#G-1.g2.#d2.g1)[M],(c.#g2.f2.#g1)[M],F-1[M],c[M],(#G-1.c3.#g2.c2)[M],c[M],(G-1.b2.g2.b1)[M],d[M],(B-1.c3.#g2.c2)[M],(d.d3.b2.d2)[M],(G-1.g)[M],B-1[M],(d.b2.g2.b1)[M],B-1[M],(#G-1.c3.#g2.c2)[M],#d[M],(c.d3.b2.d2)[M],(#d.#d3.c3.#d2)[M],#G-1[M],#d[M],(c.f3.d3.f2)[M],#d[M],(#G-1.g3.#d3.g2)[M],#d[M],c[M],#d[M],(B-1.g.b2.g2.b1)[M],d[M],g[M],d[M],(c.g2.c2.g1)[M],g[M],#d[M],g[M],(c.#d3.g2.#d2)[M],g[M],#d[M],g[M],(A-1.d3.#f2.d2)[M],#f[M],d[M],#f[M],(A-1.a)[M],#f[M],(a.b2.d2.b1)[M],(#f.c3.#d2.c2)[M],(#G-1.d3.f2.d2)[M],f[M],(d.#d3.g2.#d2)[M],(f.d3.f2.d2)[M],(#G-1.c3.#d2.c2)[M],f[M],(d.b2.d2.b1)[M],f[M],(G-1.c3.#d2.c2)[M],#d[M],c[M],#d[M],(G-1.g.g2.c2.g1)[M],#d[M],g[M],(#d.g2.c2.g1)[M],(F-1.#g2.f2.#g1)[M],c[M],(#G-1.g2.#d2.g1)[M],(c.#g2.f2.#g1)[M],F-1[M],c[M],(#G-1.c3.#g2.c2)[M],c[M],(G-1.b2.g2.b1)[M],d[M],(B-1.c3.#g2.c2)[M],(d.d3.b2.d2)[M],(G-1.g)[M],B-1[M],(d.b2.g2.b1)[M],B-1[M],(#G-1.c3.#g2.c2)[M],#d[M],(c.d3.b2.d2)[M],(#d.#d3.c3.#d2)[M],#G-1[M],#d[M],(c.f3.d3.f2)[M],#d[M],(#G-1.g3.#d3.g2)[M],#d[M],c[M],#d[M],(B-1.g.b2.g2.b1)[M],d[M],g[M],d[M],(g.c.c3.g2.c2)[J],(g.c)[M],TUV,"],"id":3,"instruments":["piano","piano"],"alternatives":["",""]}],"audition":{"start":[0,0],"end":[0,20]}}