{"baseBpm":480,"musics":[{"bpm":480,"baseBeats":0.75,"scores":["mute[KL],mute[KL],mute[KL],mute[KL],mute[KL],mute[KL],mute[KL],mute[KL],mute[KL],mute[KL],mute[KL],mute[KL],mute[KL],mute[KL],mute[KL],mute[KL],mute[KL],mute[KL],mute[KL],mute[KL],mute[KL],mute[KL],mute[KL],mute[KL],mute[KL],mute[KL],mute[KL],mute[KL],mute[KL],mute[KL],mute[KL],mute[KL],mute[KL],mute[KL],mute[KL],mute[KL],mute[KL],mute[KL],mute[KL],mute[KL],mute[KL],mute[KL],mute[KL],mute[KL],mute[KL],mute[KL],mute[KL],mute[KL],mute[KL],mute[KL],mute[KL],mute[KL],mute[KL],mute[KL],mute[KL],mute[KL],mute[KL],mute[KL],mute[KL],mute[KL],mute[KL],mute[KL],mute[KL],mute[KL],mute[HHJ],mute[IJ],mute[KL],mute[KL],mute[KL],mute[KL],mute[KL],mute[KL],mute[KL],mute[KL],mute[KL],mute[KL],mute[KL],mute[KL],mute[KL],mute[KL],mute[KL],mute[KL],mute[KL],mute[KL],mute[KL],mute[KL],mute[KL],mute[KL],mute[KL],mute[KL],mute[KL],mute[KL],mute[KL],mute[KL],mute[KL],mute[KL],mute[KL],mute[KL],mute[KL],mute[KL],mute[KL],mute[KL],mute[KL],mute[KL],mute[KL],mute[KL],mute[KL],mute[KL],mute[KL],mute[KL],mute[KL],mute[KL],mute[KL],mute[KL],mute[KL],mute[KL],mute[KL],mute[KL],mute[KL],mute[KL],mute[KL],mute[KL],mute[KL],mute[KL],mute[KL],mute[KL],mute[KL],mute[KL],mute[KL],mute[KL],mute[LM],mute[LM],mute[LM],mute[LM],mute[LM],mute[LM],mute[LM],mute[LM],mute[LM],mute[LM],mute[LM],mute[LM],mute[LM],mute[LM],mute[LM],mute[LM],mute[KL],mute[KL],mute[KL],mute[KL],mute[KL],mute[KL],mute[KL],mute[KL],mute[KL],mute[KL],mute[KL],mute[KL],mute[KL],mute[KL],mute[KL],mute[KL],mute[KL],mute[KL],mute[KL],mute[KL],mute[KL],mute[KL],mute[KL],mute[KL],mute[KL],mute[KL],mute[KL],mute[KL],mute[KL],mute[KL],mute[KL],mute[KL],mute[KL],mute[KL],mute[KL],mute[KL],mute[KL],mute[KL],mute[KL],mute[KL],mute[KL],mute[KL],mute[KL],mute[KL],mute[KL],mute[KL],mute[KL],mute[KL],mute[KL],mute[KL],mute[KL],mute[KL],mute[KL],mute[KL],mute[KL],mute[KL],mute[KL],mute[KL],mute[KL],mute[KL],mute[LM],mute[LM],mute[LM],mute[LM],mute[LM],mute[LM],mute[LM],mute[LM],mute[KL],mute[KL],mute[KL],mute[KL],mute[KL],mute[KL],mute[KL],mute[KL],mute[KL],mute[KL],mute[KL],mute[KL],mute[KL],mute[KL],mute[KL],mute[KL],mute[KL],mute[KL],mute[KL],mute[KL],mute[KL],mute[KL],mute[KL],mute[KL],mute[KL],mute[KL],mute[KL],mute[KL],mute[LM],mute[LM],mute[LM],mute[LM],mute[LM],mute[LM],mute[LM],mute[LM],mute[KL],mute[KL],mute[KL],mute[KL],mute[KL],mute[KL],mute[KL],mute[KL],mute[KL],mute[KL],mute[KL],mute[KL],mute[KL],mute[KL],mute[KL],mute[KL],mute[KL],mute[KL],mute[KL],mute[KL],mute[KL],mute[KL],mute[KL],mute[KL],mute[KL],mute[KL],mute[KL],mute[KL],mute[KL],mute[JK],mute[KL],mute[KL],mute[KL],mute[KL],mute[KL],mute[KL],mute[KL],mute[KL],mute[KL],mute[KL],mute[KL],mute[KL];(c.C-1.c3.g2.e2)[KL],(c.C-1)[KL],(d.D-1)[KL],(e.E-1)[KL],(F-1.c3.f2.c2)[KL],c[LM],(f.a1.f1)[LM],F-1[KL],(f.c2)[LM],c2[LM],(F-1.c3.f2)[KL],(c.c2)[LM],(f.#a2.f2)[LM],F-1[LM],c2[LM],(f.a2)[KL],(A-2.g2.e2)[KL],(E-1.#a1)[LM],(A-1.d2)[LM],(A-2.#a2.g2)[KL],(A-1.#a1)[KL],(#C-1.a2.e2.#c2)[KL],(#c.a1)[LM],#c2[LM],(#C-1.e2.#c2)[KL],(#c.a1)[KL],(D-1.f2.d2.f1)[KL],A-1[LM],(d.a1.f1)[LM],D-1[KL],(d.f2)[LM],f2[LM],(D-1.f2.d2)[KL],(A-1.a1)[LM],(d.f2.d2)[LM],D-1[LM],d2[LM],(d.d3.a2)[KL],(c.C-1.d3.a2.f2)[JK],(c.C-1.c3.a2.f2)[JK],(B-1.B-2.a2.f2)[JK],(B-1.B-2.f2)[JK],#A-2[LM],F-1[LM],(#A-1.f2.d2)[KL],(#A-2.f2.d2)[KL],(#A-1.#a1)[LM],g2[LM],(#A-2.a2)[LM],(F-1.d2)[LM],(#A-1.f2)[KL],(#A-2.d2)[LM],#a1[LM],(#A-1.f2)[KL],A-2[LM],E-1[LM],(A-1.f2.c2)[KL],(A-2.f2.c2)[KL],A-1[LM],g2[LM],(D-1.c3)[LM],(A-1.d2)[LM],(d.f2)[KL],(D-1.d2)[LM],a1[LM],(d.f2)[KL],(G-1.G-2.d2.#a1)[JK],(A-1.A-2.e2.c2)[JK],(#A-1.#A-2.f2.d2)[JM],c3[JM],(c.C-1)[JK],(c3.g2.e2)[KL],(c3.g2.e2)[JM],(c3.g2.e2)[LM],(c3.g2.e2)[KL],a2[KL],#a2[KL],b2[KL],(G-2.f2.c2.c3)[LM],D-1[LM],G-1[KL],G-2[KL],(G-1.d2)[KL],(C-1.f2.c2)[LM],G-1[LM],c[KL],C-1[KL],(c.d2)[KL],(A-2.f2.d2)[LM],E-1[LM],(A-1.a1)[LM],(f2.d2)[LM],A-2[LM],a1[LM],(A-1.g2.e2)[KL],(D-1.a2.f2)[LM],A-1[LM],(d.c2)[KL],(D-1.d2)[KL],(d.f2)[KL],(G-1.G-2.c3.g2.f2)[KL],G-2[LM],(G-1.c3.g2.f2)[JM],(c.C-1.c3.g2.f2)[JK],c2[KL],(c.C-1.d2)[KL],f2[KL],(A-1.A-2.c3.g2.e2)[KL],A-2[LM],(A-1.c3.g2.e2)[JM],(d.D-1.c3.a2.f2)[JK],D-1[KL],A-1[LM],D-1[LM],d[KL],(G-2.f2.d2)[LM],D-1[LM],G-1[KL],G-2[KL],(G-1.d2)[KL],(C-1.f2.c2)[LM],G-1[LM],c[KL],C-1[KL],(c.d2)[KL],(A-2.f2.c2)[LM],E-1[LM],(A-1.a1)[LM],(f2.d2)[LM],A-2[LM],a1[LM],(A-1.g2.e2)[KL],(D-1.a2.f2)[LM],A-1[LM],d[KL],D-1[KL],(d.a2)[LM],#a2[LM],(G-1.G-2.c3.f2.d2)[KL],G-2[LM],G-1[LM],(f2.d2)[KL],(G-1.G-2)[KL],(c.C-1.f2.c2)[KL],C-1[LM],c[LM],e2[KL],(c.C-1)[KL],(A-1.A-2.g2.c2)[KL],(A-2.f2)[LM],(A-1.f2)[JM],(A-1.A-2)[KL],D-1[KL],d[KL],D-1[LM],#F-1[LM],(A-1.a2)[LM],(d.#a2)[LM],(G-1.G-2.c3.f2.d2)[JK],(G-1.G-2.f2.d2)[JK],(c.C-1.f2.c2)[JM],g2[JM],(c.C-1)[JK],(f.F-1.f2.c2.#a1)[JM],(f.F-1.f2.c2.#a1)[JM],(f.F-1.f2.c2.a1)[IKLM],Q,(D-1.D-2.a2.d2.a1)[JK],(d1.a.d.a2.d2.a1)[J],(a2.d2.a1)[K],(D-1.d3.a2.d2)[JK],(d1.a.d.d2.a1.d1)[J],(d2.a1.d1)[K],(D-1.D-2.d2.a1.d1)[JK],(d1.a.d.e2.a1.e1)[JK],(D-1.f2.a1.f1)[JK],(d1.a.d.g2.a1.g1)[JK],(D-1.D-2.a2.d2.a1)[JK],(d1.a.d.a2.d2.a1)[J],(a2.d2.a1)[K],(D-1.d3.a2.d2)[JK],(D-1.A-2.D-2.d2.a1.d1)[JK],(#A-2.f2.d2)[LM],(f2.d2)[LM],(f2.d2)[KL],(d1.f)[JK],(#A-1.f2.d2)[LM],(f2.d2)[LM],(f2.d2)[KL],(d1.f)[JK],(G-2.e2.c2)[LM],(e2.c2)[LM],(e2.c2)[KL],(#a.d)[JK],(G-1.e2.c2)[LM],(e2.c2)[LM],(e2.c2)[KL],(#a.d)[KL],(d2.a1)[KL],(D-1.d2.a1)[JK],(f1.a.d3.a2)[JK],d[JK],(f1.a)[KL],(e2.c2)[KL],(D-1.f2.d2)[JK],(f1.a)[KL],(g2.e2)[KL],(d.a2.f2)[JK],(f1.a)[JK],(#A-2.f2.d2)[LM],(f2.d2)[LM],(f2.d2)[KL],(d1.f)[JK],(#A-1.f2.d2)[LM],(f2.d2)[LM],(f2.d2)[KL],(d1.f)[JK],(G-2.e2.c2)[LM],(e2.c2)[LM],(e2.c2)[KL],(#a.d)[JK],(G-1.e2.c2)[LM],(e2.c2)[LM],(e2.c2)[KL],(#a.d)[KL],(d2.a1)[KL],(D-1.d2.a1)[JK],(f1.a.d3.a2)[JK],d[JK],(f1.a)[KL],(f2.d2)[KL],(D-1.f2.d2)[JK],(f1.a)[KL],(g2.e2)[KL],(d.a2.f2)[KL],(f2.d2.f1)[KL],(F-1.F-2.f2.d2.f1)[KL],(c3.f2.c2)[KL],(#A-2.#A-3.#a2.f2.#a1)[JK],(f1.d1.f)[JK],(#A-1.#A-2)[KL],(#a2.f2.#a1)[KL],(f1.d1.f.#a2.f2.#a1)[KL],(#a2.f2.#a1)[KL],(G-2.A-3.#a2.f2.#a1)[KL],(#a2.f2.#a1)[KL],(f1.d1.f.a2.f2.a1)[JK],(#A-1.#A-2.g2.f2.g1)[JK],(f1.d1.f.f2.d2.f1)[JK],(D-1.D-2.d3.f2.d2)[JK],(a1.f1.a.a2.d2.a1)[KL],(a2.d2.a1)[KL],(d.D-1)[JK],(a1.f1.a)[JK],(D-1.D-2.d3.a2.d2)[KL],(d3.a2.d2)[KL],(a1.f1.a.c3.a2.c2)[KL],(c3.a2.c2)[KL],(d.D-1.#a2.g2.#a1)[JK],(a1.f1.a.a2.c2.a1)[KL],(c3.a2.c2)[KL],(#A-2.#A-3)[KL],(#a2.g2.#a1)[KL],(f1.d1.f)[JK],(#A-1.#A-2)[KL],(g2.#a1.g1)[KL],(f1.d1.f.g2.#a1.g1)[KL],(a2.#a1.a1)[KL],(G-2.A-3.#a2.d2.#a1)[JK],(f1.d1.f.a2.d2.a1)[JK],(#A-1.#A-2.g2.d2.g1)[JK],(f1.d1.f.f2.d2.f1)[JK],(D-1.D-2.g2.d2.g1)[JK],(a1.f1.a)[KL],(a2.d2.a1)[KL],(d.D-1)[KL],(a2.d2.a1)[KL],(a1.f1.a)[KL],(a2.d2.a1)[KL],(D-1.D-2.A-3)[JK],(a2.d2.a1)[JK],(a2.d2.a1)[JK],(d2.a1.d1)[JK],","c2[KL],g2[KL],c2[KL],g2[KL],c2[KL],g2[KL],c2[KL],g2[KL],g1[KL],d2[KL],g1[KL],d2[KL],g1[KL],d2[KL],g1[KL],d2[KL],a1[KL],e2[KL],a1[KL],e2[KL],a1[KL],e2[KL],a1[KL],e2[KL],f1[KL],c2[KL],f1[KL],c2[KL],f1[KL],c2[KL],f1[KL],c2[KL],c2[KL],g2[KL],c2[KL],g2[KL],c2[KL],g2[KL],c2[KL],g2[KL],g1[KL],d2[KL],g1[KL],d2[KL],g1[KL],d2[KL],g1[KL],d2[KL],a1[KL],e2[KL],a1[KL],e2[KL],a1[KL],e2[KL],a1[KL],e2[KL],f1[KL],c2[KL],f1[KL],c2[KL],f1[KL],c2[KL],f1[KL],c2[KL],f1[M],c2[N],f2[HHKLN],F-2[IJ],(C-1.c3.c2)[KL],(c1.c3.g2)[KL],c2[KL],(c.c3.g2)[KL],(c1.c2)[KL],g2[KL],(c.c2)[KL],(c1.g2)[KL],(G-2.b2.g1)[KL],(g.b2.d2)[KL],g1[KL],(G-1.b2.d2)[KL],(g.g1)[KL],d2[KL],(G-1.g1)[KL],(g.d2)[KL],(A-2.c3.a1)[KL],(a.c3.e2)[KL],a1[KL],(A-1.c3.e2)[KL],(a.a1)[KL],e2[KL],(A-1.a1)[KL],(a.e2)[KL],(F-2.c3.f1)[KL],(f.d3.c2)[KL],f1[KL],(F-1.d3.c2)[KL],(f.f1)[KL],c2[KL],(F-1.f1)[KL],(f.c2)[KL],(C-1.c3.c2)[KL],(c1.c3.g2)[KL],c2[KL],(c.c3.g2)[KL],(c1.c2)[KL],g2[KL],(c.c2)[KL],(c1.g2)[KL],(G-2.b2.g1)[KL],(g.b2.d2)[KL],g1[KL],(G-1.b2.d2)[KL],(g.g1)[KL],d2[KL],(G-1.g1)[KL],(g.d2)[KL],(A-2.c3.a1)[KL],(a.c3.e2)[KL],a1[KL],(A-1.c3.e2)[KL],(a.a1)[KL],e2[KL],(A-1.a1)[KL],(a.e2)[KL],(F-2.c3.f1)[KL],(f.d3.c2)[KL],f1[KL],(F-1.d3.c2)[KL],(f.f1)[KL],c2[KL],(F-1.f1)[KL],(f.c2)[KL],(F-1.f1)[LN],#f1[LN],g1[LN],#g1[LN],a1[LN],#a1[LN],b1[LN],c2[LN],#c2[LN],d2[LN],#d2[LN],e2[LN],f2[LM],#f2[L],g2[LM],#g2[L],a2[LM],#a2[LN],b2[LN],(c.c1.c3.c2)[KL],(g.g1.c3.c2)[KL],c1[KL],(g.g1.c3.c2)[KL],c1[KL],(g1.c3.c2)[KL],c1[KL],(g1.c3.c2)[KL],(G-1.g.b2.b1)[KL],(d.d1.b2.b1)[KL],g[KL],(d.d1.b2.b1)[KL],g[KL],(d1.b2.b1)[KL],g[KL],(d1.b2.b1)[KL],(A-1.a.c3.c2)[KL],(e.e1.c3.c2)[KL],a[KL],(e.e1.c3.c2)[KL],a[KL],(e1.c3.c2)[KL],a[KL],(e1.c3.c2)[KL],(F-1.f.c3.c2)[KL],(c.c1.d3.d2)[KL],f[KL],(c.c1.d3.d2)[KL],f[KL],(c1.d3.d2)[KL],f[KL],(c1.d3.d2)[KL],(c.c1.c3.c2)[KL],(g.g1.c3.c2)[KL],c1[KL],(g.g1.c3.c2)[KL],c1[KL],(g1.c3.c2)[KL],c1[KL],(g1.c3.c2)[KL],(G-1.g.b2.b1)[KL],(d.d1.b2.b1)[KL],g[KL],(d.d1.b2.b1)[KL],g[KL],(d1.b2.b1)[KL],g[KL],(d1.b2.b1)[KL],(A-1.a.c3.c2)[KL],(e.e1.c3.c2)[KL],a[KL],(e.e1.c3.c2)[KL],a[KL],(e1.c3.c2)[KL],a[KL],(e1.c3.c2)[KL],(F-1.f.c3.c2)[KL],(c.c1.d3.d2)[KL],f[KL],(c.c1.d3.d2)[KL],f[LMN],#f[LN],(d3.d2)[M],g[LM],#g[LMN],a[LMN],#a[M],(d3.d2)[LN],b[LMN],(c.c1.e3.e2)[KL],(g.g1.c3.c2)[KL],c1[KL],(g.g1.c3.c2)[KL],c1[KL],(g1.c3.c2)[KL],c1[KL],(g1.d3.d2)[KL],(G-1.g.b2.b1)[KL],(d.d1.b2.b1)[KL],g[KL],(d.d1.b2.b1)[KL],g[KL],(a.b2.b1)[KL],b[KL],(g.b2.b1)[KL],(A-1.a.c3.c2)[KL],(e.e1.c3.c2)[KL],a[KL],(e.e1.c3.c2)[KL],a[KL],(e1.c3.c2)[KL],a[KL],(e1.c3.c2)[KL],(F-1.f.c3.c2)[KL],(c.c1.d3.d2)[KL],f[KL],(c.c1.d3.d2)[KL],f[LMN],#f[LN],(d3.d2)[M],g[LM],#g[LMN],a[LMN],#a[M],(d3.d2)[LN],b[LMN],(c.c1.c3.c2)[KL],(g.g1.c3.c2)[KL],c1[KL],(g.g1.c3.c2)[KL],c1[KL],(g1.c3.c2)[KL],c1[KL],(g1.c3.c2)[KL],(G-1.g.b2.b1)[KL],(d.d1.b2.b1)[KL],g[KL],(d.d1.b2.b1)[KL],g[KL],(d1.b2.b1)[KL],g[KL],(d1.b2.b1)[KL],(A-1.a.c3.c2)[KL],(e.e1.c3.c2)[KL],a[KL],(e.e1.c3.c2)[KL],a[KL],(e1.c3.c2)[KL],a[KL],(e1.c3.c2)[KL],(F-1.f.c3.c2)[KL],(c.c1.d3.d2)[KL],f[KL],(c.c1.d3.d2)[KL],f[KL],(d3.d2)[JK],(d3.d2)[KL],(c.C-1.c2)[KL],c[KL],c[KL],(c.C-1.c2)[KL],c[KL],c[KL],(c.c2)[KL],c[KL],(G-1.G-2.b1)[KL],G-1[KL],G-1[KL];"],"id":1,"instruments":["piano","piano"],"alternatives":["",""]},{"bpm":480,"baseBeats":0.25,"scores":["6<(c.g2)[N],(b2)[N]>,(e3)[L],V,(g.b.b2)[L],(g3)[L],(c)[L],U,(b.e1)[L],U,(c)[L],U,(g.b)[L],U,(c)[L],(e3)[M],(#f3)[M],(b.e1.g3)[L],(#f3)[L],(B-1.d3)[K],(#f.a.b2)[L],(#f2)[L],(B-1)[L],U,(a.d1)[L],U,(B-1)[L],U,(#f.a)[L],U,(B-1)[L],VW,7<(d3)[NO],(e3)[NO]>,(a.d1.#f3)[L],(e3)[L],(A-1.d3)[K],(e.g.c3)[L],V,(c3)[M],(A-1)[L],U,(g.c1)[L],(g3)[L],(B-1.#f3)[L],U,(#f.b.g3)[L],(#f3)[L],(B-1)[L],U,(A-1.#d1)[L],(b2)[L],(e.e3)[K],(b)[N],UW,(g1)[N],W,(#f1)[M],U,(e2)[N],W,(#f2)[M],U,(g2)[N],W,(e.a2)[M],U,(g2)[N],W,(e1.#f2)[M],U,(e2)[N],W,(e.b1)[M],U,(a1)[N],W,(b.g1)[M],U,(#f1)[N],W,c[LM],b3[M],(g.b.b3)[M],U,(g3)[N],W,(c.g3)[M],U,(e3)[N],W,(g.e1.e3)[M],U,(b2)[N],W,(c)[M],U,(b3)[N],W,(g.b.b3)[M],U,(g3)[N],W,(c.g3)[M],U,(e3)[N],W,(g.e1.e3)[M],U,(b2)[N],W,(B-1)[M],U,(a3)[N],W,(#f.a.a3)[M],U,(#f3)[N],W,(B-1.#f3)[M],U,(d3)[N],W,(a.d1.d3)[M],U,(a2)[N],W,(B-1)[M],U,(a3)[N],W,(#f.a.a3)[M],U,(#f3)[N],W,(B-1.#f3)[M],U,(d3)[N],W,(a.d1.d3)[M],U,(a2)[N],W,(A-1)[M],U,(g3)[N],W,(e.g.g3)[M],U,(e3)[N],W,(A-1.e3)[M],U,(c3)[N],W,(g.c1.c3)[M],U,(g2)[N],W,(A-1)[M],U,(g3)[N],W,(e.g.g3)[M],U,(e3)[N],W,(A-1.e3)[M],U,(c3)[N],W,(g.c1.c3)[M],U,(g2)[N],W,(G-1)[M],U,(#f3)[N],W,(d.#f.#f3)[M],U,(d3)[N],W,(G-1.d3)[M],U,(b2)[N],W,(#f.b.b2)[M],U,(#f2)[N],W,(G-1)[M],U,(#f3)[N],W,(d.#f.#f3)[M],U,(d3)[N],W,(G-1.d3)[M],U,(b2)[N],W,(#f.b.b2)[M],U,(#f2)[N],W,c[LM],(b3)[N],W,(g.b.b3)[M],U,(g3)[N],W,(c.g3)[M],U,(e3)[N],W,(g.e1.e3)[M],U,(b2)[N],W,(c.b2)[M],U,(g2)[N],W,(g.b.g2)[M],U,(e2)[N],W,(c.e2)[M],U,(b1)[N],W,(b1.b.e1)[M],U,(g1)[N],W,B-1[M],U,a3[N],W,(#f.a.a3)[M],U,#f3[N],W,(B-1.#f3)[M],U,d3[N],W,(a.d1.d3)[M],U,a2[N],W,(B-1.a2)[M],U,#f2[N],W,(#f.a.#f2)[M],U,d2[N],W,(B-1.d2)[M],U,a1[N],W,(a.d1.a1)[M],U,#f1[N],W,(A-1)[M],U,(g3)[N],W,(e.g.g3)[M],U,(e3)[N],W,(A-1.e3)[M],U,(c3)[N],W,(g.c1.c3)[M],U,(a2)[N],W,(A-1)[M],U,(g3)[N],W,(e.g.g3)[M],U,(e3)[N],W,(A-1.g3)[M],U,(e3)[N],W,(g1.c1.g3)[M],U,(e3)[N],W,(B-1.#f3)[M],V,#f[M],V,b[M],V,#d1[M],V,#f1[M],V,(#f.#d1)[M],V,(b.b1)[M],V,#d1[M],V,(B-1.#d2)[M],V,#f[M],V,(b.#d1)[K],(#d1.#f1)[M],V,#f[M],V,10<(c.e.g)[K]>,(b.g1)[K],(e.#f2)[M],V,(b)[M],V,(e1.e2)[M],V,(b.b1)[M],V,(#f1)[M],V,(b)[M],V,(g1)[M],V,(b)[M],V,(e)[M],V,(b)[M],V,(#f1)[M],V,(b)[M],V,(g1.e2)[M],V,(b.#f2)[M],V,(#f1.g2)[M],V,(b.#f2)[M],V,(d.e2)[M],V,(b)[M],V,(d1.#f2)[M],V,(b.b1)[M],V,(#f1)[M],V,(b)[M],V,(g1)[M],V,(b)[M],V,(d)[M],V,(b)[M],V,(#f1)[M],V,(b)[M],V,(g1)[M],V,(b)[M],V,(b1)[K],8<(c.g1)[N],(b1)[N]>,(e2)[M],(g)[M],V,(b.b1)[M],V,(g.g1)[M],V,(e1)[M],V,(g)[M],V,(c1)[M],V,(g)[M],V,(c)[M],V,(g)[M],V,(b)[M],V,(g)[M],V,(e1.e2)[M],V,(g.#f2)[M],V,(c1.g2)[M],V,(d2)[M],V,(G-1)[M],V,(d.b1)[M],V,(#f1)[M],V,(b)[M],V,(d1)[M],V,(d.#f1)[M],V,(#f.b)[M],V,(d2)[M],V,(G-1.c3)[M],V,(d)[M],V,(#f.b2)[M],V,(d)[M],V,(#f2)[M],V,(d)[M],V,(d2)[K],(A-1.a1)[M],V,(e)[M],V,(a.c2)[M],V,(c1.c2)[M],V,(e1)[M],V,(c1)[M],V,(a.d2)[M],V,(e2)[M],V,(A-1)[M],V,(e)[M],V,(a)[M],V,(c1)[M],V,(e1)[M],V,(c1.b2)[M],(a2)[M],(a.g2)[M],V,(#f2)[M],V,(e.g2)[M],V,(b)[M],V,(e1.#f2)[M],V,(#f1.e2)[M],V,(g1)[M],V,(#f1)[M],V,(b1)[M],V,(e2)[M],V,(e)[M],V,(b)[M],V,(e1)[M],V,(#f1)[M],V,(g1)[M],V,(b)[M],V,(e)[K],7<(c.e2)[N],(g2)[N],(b2)[N],(e3)[N]>,(g)[M],V,(d1)[M],V,(e1)[M],V,(g1)[M],V,(g)[M],V,(c1)[K],8<(d.#f2)[N],(a2)[N]>,(#f3)[M],(a)[M],V,(e1)[M],V,(#f1)[M],V,(a1)[M],V,(a)[M],V,(d1)[K],7<(e.e2)[N],(g2)[N],(b2)[N],(e3)[N]>,(b)[M],V,(#f1)[M],V,(g1)[M],V,(b1)[M],V,(b)[M],V,(e1)[M],V,(g1)[M],V,(e.g2)[M],V,(b)[M],V,(e1)[M],V,(#f1.#f2)[M],V,(g1.e2)[M],V,(#f1)[M],V,(d1)[K],7<(c.e2)[N],(g2)[N],(b2)[N],(e3)[N]>,(g)[M],V,(b)[M],V,(e1)[M],V,(g1)[M],V,(g)[M],V,(c.b1)[K],7<(B-1.d2)[N],(#f2)[N],(a2)[N],(d3)[N]>,(#f)[M],V,(a)[M],V,(#f.g2)[M],V,(d1.#f2)[M],V,(#f)[M],V,(a.b1)[K],7<(E-1.b1)[N],(d2)[N]>,(e2)[M],(B-1)[M],V,(e)[M],V,(#f)[M],V,(g)[M],V,(b)[M],V,(e1)[M],V,(#f1)[M],V,(g1)[I],(E-2)[II],3<c3[M]>,S,8<(a1~a2~a3~a4)[L]>,X,8<(b1~b2~b3~b4)[L]>,X,8<(c1~c2~c3~c4~c5)[L]>,X,8<(a1~a2~a3~a4)[L]>,X,8<(b1~b2~b3~b4)[L]>,X,8<(c1~c2~c3~c4~c5)[L]>,X,8<(a1~a2~a3~a4)[L]>,X,8<(b1~b2~b3~b4)[L]>,X,8<(c1~c2~c3~c4~c5)[L]>,X,8<(a1~a2~a3~a4)[L]>,X,8<(b1~b2~b3~b4)[L]>,X,8<(c1~c2~c3~c4~c5)[L]>,X,8<(a1~a2~a3~a4)[L]>,X,8<(b1~b2~b3~b4)[L]>,X,8<(c1~c2~c3~c4~c5)[L]>,X,8<(a1~a2~a3~a4)[L]>,X,8<(b1~b2~b3~b4)[L]>,X,8<(c1~c2~c3~c4~c5)[L]>,X,8<(a1~a2~a3~a4)[L]>,X,8<(b1~b2~b3~b4)[L]>,X,8<(c1~c2~c3~c4~c5)[L]>,X,8<(a1~a2~a3~a4)[L]>,X,8<(b1~b2~b3~b4)[L]>,X,8<(c1~c2~c3~c4~c5)[L]>,X,8<(a1~a2~a3~a4)[L]>,X,8<(b1~b2~b3~b4)[L]>,X,8<(c1~c2~c3~c4~c5)[L]>,X,8<(a1~a2~a3~a4)[L]>,X,8<(b1~b2~b3~b4)[L]>,X,8<(c1~c2~c3~c4~c5)[L]>,ST,(#G-2.#G-1.#g.#g1)[MP],(#G-2.#G-1.#g.#g1)[MP],(#G-2.#G-1.#g.#g1)[MP],(A-2.A-1.a.a1)[MP],(A-2.A-1.a.a1)[MP],(A-2.A-1.a.a1)[MP],(#A-2.#A-1.#a.#a1)[MP],(#A-2.#A-1.#a.#a1)[MP],(#A-2.#A-1.#a.#a1)[MP],(B-2.B-1.b.b1)[MP],(B-2.B-1.b.b1)[MP],(B-2.B-1.b.b1)[MP],(C-1.c.c1.c2)[MP],(C-1.c.c1.c2)[MP],(C-1.c.c1.c2)[MP],(#C-1.#c.#c1.#c2)[MP],(#C-1.#c.#c1.#c2)[MP],(#C-1.#c.#c1.#c2)[MP],(D-1.d.d1.d2)[MP],(D-1.d.d1.d2)[MP],(D-1.d.d1.d2)[MP],(#D-1.#d.#d1.#d2)[MP],(#D-1.#d.#d1.#d2)[MP],(#D-1.#d.#d1.#d2)[MP],(E-1.e.e1.e2)[MP],(E-1.e.e1.e2)[MP],(E-1.e.e1.e2)[MP],(F-1.f.f1.f2)[MP],(F-1.f.f1.f2)[MP],(F-1.f.f1.f2)[MP],(#F-1.#f.#f1.#f2)[MP],(#F-1.#f.#f1.#f2)[MP],(#F-1.#f.#f1.#f2)[MP],(G-1.g.g1.g2)[MP],(G-1.g.g1.g2)[MP],(G-1.g.g1.g2)[MP],(#G-1.#g.#g1.#g2)[MP],(#G-1.#g.#g1.#g2)[MP],(#G-1.#g.#g1.#g2)[MP],(#G-1.#g.#g1.#g2)[MP],(#G-1.#g.#g1.#g2)[MP],(#G-1.#g.#g1.#g2)[MP],(#G-2.#G-1.#g.#g1)[MP],(#G-2.#G-1.#g.#g1)[MP],(#G-2.#G-1.#g.#g1)[MP],(A-2.A-1.a.a1)[MP],(A-2.A-1.a.a1)[MP],(A-2.A-1.a.a1)[MP],(#A-2.#A-1.#a.#a1)[MP],(#A-2.#A-1.#a.#a1)[MP],(#A-2.#A-1.#a.#a1)[MP],(B-2.B-1.b.b1)[MP],(B-2.B-1.b.b1)[MP],(B-2.B-1.b.b1)[MP],(C-1.c.c1.c2)[MP],(C-1.c.c1.c2)[MP],(C-1.c.c1.c2)[MP],(#C-1.#c.#c1.#c2)[MP],(#C-1.#c.#c1.#c2)[MP],(#C-1.#c.#c1.#c2)[MP],(D-1.d.d1.d2)[MP],(D-1.d.d1.d2)[MP],(D-1.d.d1.d2)[MP],(#D-1.#d.#d1.#d2)[MP],(#D-1.#d.#d1.#d2)[MP],(#D-1.#d.#d1.#d2)[MP],(E-1.e.e1.e2)[MP],(E-1.e.e1.e2)[MP],(E-1.e.e1.e2)[MP],(F-1.f.f1.f2)[MP],(F-1.f.f1.f2)[MP],(F-1.f.f1.f2)[MP],(#F-1.#f.#f1.#f2)[MP],(#F-1.#f.#f1.#f2)[MP],(#F-1.#f.#f1.#f2)[MP],(G-1.g.g1.g2)[MP],(G-1.g.g1.g2)[MP],(G-1.g.g1.g2)[MP],(#G-1.#g.#g1.#g2)[MP],(#G-1.#g.#g1.#g2)[MP],(#G-1.#g.#g1.#g2)[MP],(#G-1.#g.#g1.#g2)[MP],(#G-1.#g.#g1.#g2)[MP],(#G-1.#g.#g1.#g2)[MP],ST,"],"id":2,"instruments":["piano","piano"],"alternatives":["",""]},{"bpm":480,"baseBeats":0.75,"scores":["mute[KL],mute[KL],mute[LM],mute[KL],mute[IKM],mute[KL],mute[KL],mute[KL],mute[LM],mute[LM],mute[LM],mute[IKM],mute[KL],mute[KL],mute[KL],mute[LM],mute[KL],mute[JKLM],mute[KL],mute[KL],mute[LM],mute[KL],mute[KL],mute[LM],mute[KL],mute[IL],mute[KL],mute[KL],mute[KL],mute[LM],mute[KL],mute[IKM],mute[KL],mute[KL],mute[KL],mute[LM],mute[LM],mute[LM],mute[IKM],mute[KL],mute[KL],mute[KL],mute[LM],mute[KL],mute[JKLM],mute[KL],mute[KL],mute[LM],mute[KL],mute[KL],mute[LM],mute[KL],mute[JK],mute[LM],mute[LM],mute[KL],mute[JK],mute[LM],mute[KL],mute[JKLM],mute[LM],mute[LM],mute[KL],mute[KL],mute[KL],mute[LM],mute[LM],mute[LM],mute[JKLM],mute[LM],mute[LM],mute[KL],mute[JK],mute[LM],mute[KL],mute[JKLM],mute[LM],mute[LM],mute[KL],mute[KL],mute[KL],mute[LM],mute[LM],mute[LM],mute[JKLM],mute[LM],mute[LM],mute[KL],mute[JK],mute[JM],mute[JM],mute[JK],mute[LM],mute[LM],mute[LM],mute[LM],mute[JK],mute[LM],mute[LM],mute[LM],mute[JKLM],mute[LM],mute[LM],mute[IL],mute[LM],mute[KL],mute[JM],mute[LM],mute[LM],mute[KL],mute[LM],mute[LM],mute[KL],mute[LM],mute[LM],mute[LM],mute[LM],mute[LM],mute[LM],mute[LM],mute[LM],mute[JK];TU,ST,mute[LM],mute[LM],TU,RU,TU,ST,mute[LM],mute[LM],ST,T,T,T,TU,ST,mute[LM],mute[LM],TU,QQU,TU,ST,mute[LM],mute[LM],mute[LM],mute[LM],mute[LM],mute[LM],mute[LM],mute[LM],mute[LM],mute[LM],mute[LM],mute[LM],mute[LM],mute[LM],mute[LM],mute[LM],mute[LM],mute[LM],mute[LM],mute[LM],mute[LM],mute[LM],mute[LM],mute[LM],mute[LM],mute[LM],TU,ST,mute[LM],mute[LM],mute[LM],mute[LM],mute[LM],mute[LM],mute[LM],mute[LM],mute[LM],mute[LM],mute[LM],mute[LM],mute[LM],mute[LM],mute[LM],mute[LM],mute[LM],mute[LM],mute[LM],mute[LM],mute[LM],mute[LM],TU,5<UV>,mute[LM],mute[LM],mute[LM],mute[LM],mute[LM],mute[LM],mute[LM],mute[LM],mute[LM],TU,TU,ST,mute[LM],mute[LM],mute[LM],mute[LM],mute[LM],mute[LM],mute[LM],mute[LM],mute[LM],mute[LM],mute[LM],mute[LM],T,T,T,TU,ST,mute[LM],mute[LM],mute[LM],mute[LM],mute[LM],mute[LM],mute[LM],mute[LM],mute[LM],mute[LM],mute[LM],mute[LM],mute[LM],mute[LM],mute[LM],mute[LM],mute[LM],mute[LM],mute[LM],mute[LM],mute[LM],mute[LM],mute[LM],mute[LM],mute[LM],mute[LM],TU,ST,mute[LM],mute[LM],TU,TU,TU,TU,TU,ST,mute[LM],mute[LM],TU,TU,TU,TU,TU,TU,TU,mute[LM],mute[LM],TU,TU,TU,TU,TU,ST,mute[LM],mute[LM],ST,TV,5<UV>,T,mute[LM],mute[LM],mute[LM],mute[LM],mute[LM],mute[LM],mute[LM],mute[LM],mute[LM],mute[LM],mute[LM],mute[LM],mute[LM],mute[LM],mute[LM],mute[LM],TU,ST,mute[LM],mute[LM],TU,TU,TU,TU,TU,ST,mute[LM],mute[LM],TU,TU,TU,TU,TU,TU,TU,mute[LM],mute[LM],TU,TU,TV,5<UV>,T,TU,ST,mute[LM],mute[LM],TU,TU,TU,TU,TU,ST,mute[LM],mute[LM],TU,TU,TU,TU,TU,ST,mute[LM],mute[LM],TU,TU,TU,TU,TU,ST,mute[LM],mute[LM],TU,TU,mute[LM],mute[LM],TU,TU,TU,TU,mute[LM],mute[LM],TU,TU,TU,TU,TU,TU,TU,mute[LM],mute[LM],TU,TU,TU,TU,TU,TU,TU,mute[LM],mute[LM],TU,TU,TU,TU,TU,TU,TU,mute[LM],mute[LM],TU,TU,TU,TU,TU,ST,mute[LM],mute[LM],TU,TU,ST,TU,ST,mute[LM],mute[LM],mute[LM],mute[LM],mute[LM],mute[LM],ST,TU,ST,mute[LM],mute[LM],TU,TU,ST,TU,ST,mute[LM],mute[LM],(E-1.E-2.e.a4)[KL],3<(e3.a2.e2.e4.a3)[KL]>,3<(E-1.E-2.e.d3.a2.d2.d4.a3)[KL]>,3<(#c3.a2.#c2.#c4.a3)[KL]>,3<(#F-1.#F-2.#c3.a2.#c2.#c4.a3)[KL]>,3<(#f1.a.#c)[KL]>,3<(#c.#C-1.#c3.a2.#c2.#c4.a3)[KL]>,3<(#f1.a.#c.#c3.a2.#c2.#c4.a3)[KL]>,3<(#F-1.#F-2.a2.#f2.a1.a3.#f3)[KL]>,3<(#f1.a.#c.b2.#f2.b1.b3.#f3)[KL]>,3<(#c.#C-1.#c3.#f2.#c2.#c4.#f3)[KL]>,3<(#f1.a.#c.b2.#f2.b1.b3.#f3)[KL]>,3<(B-2.B-3)[KL]>,3<(#d1.#f.B-1.#c3.#f2.#c2.#c4.#f3)[KL]>,3<(#F-1.#F-2)[KL]>,3<(#d1.#f.B-1)[KL]>,3<(B-2.B-3.d3.#f2.d2.d4.#f3)[KL]>,3<(#d1.#f.B-1.#c3.#f2.#c2.#c4.#f3)[KL]>,3<(#F-1.#F-2.b2.#f2.b1.b3.#f3)[KL]>,3<(#d1.#f.B-1.a2.#f2.a1.a3.#f3)[KL]>,3<(E-1.E-2.#c3.e2.#c2.#c4.e3)[KL]>,3<(#g1.b.e.a2.e2.a1.a3.e3)[KL]>,3<(B-1.B-2)[KL]>,3<(#g1.b.e.#c3.e2.#c2.#c4.e3)[KL]>,3<(E-1.E-2.a2.e2.a1.a3.e3)[KL]>,3<(#g1.b.e)[KL]>,3<(B-1.B-2.#c3.e2.#c2.#c4.e3)[KL]>,3<(#g1.b.e.a2.e2.a1.a3.e3)[KL]>,3<(A-2.A-3)[KL]>,3<(e1.a.#c.b2.e2.b1.b3.e3)[KL]>,3<(E-1.E-2)[KL]>,3<(e1.a.#c)[KL]>,3<(A-2.A-3)[KL]>,3<(e1.a.#c.e3.a2.e2.e4.a3)[KL]>,3<(E-1.E-2.d3.a2.d2.d4.a3)[KL]>,3<(e1.a.#c.#c3.a2.#c2.#c4.a3)[KL]>,3<(#F-1.#F-2.#c3.a2.#c2.#c4.a3)[KL]>,3<(#f1.a.#c)[KL]>,3<(#c.#C-1.#c3.a2.#c2.#c4.a3)[KL]>,3<(#f1.a.#c.#c3.a2.#c2.#c4.a3)[KL]>,3<(#F-1.#F-2.a2.#f2.a1.a3.#f3)[KL]>,3<(#f1.a.#c.b2.#f2.b1.b3.#f3)[KL]>,3<(#c.#C-1.#c3.#f2.#c2.#c4.#f3)[KL]>,3<(#f1.a.#c.b2.#f2.b1.b3.#f3)[KL]>,3<(B-2.B-3)[KL]>,3<(#d1.#f.B-1.#c3.#f2.#c2.#c4.#f3)[KL]>,3<(#F-1.#F-2)[KL]>,3<(#d1.#f.B-1)[KL]>,3<(B-2.B-3.d3.#f2.d2.d4.#f3)[KL]>,3<(#d1.#f.B-1.#c3.#f2.#c2.#c4.#f3)[KL]>,3<(#F-1.#F-2.b2.#f2.b1.b3.#f3)[KL]>,3<(#d1.#f.B-1.a2.#f2.a1.a3.#f3)[KL]>,3<(F-1.F-2.#c3.a2.#c2.#c4.a3)[KL]>,3<(a1.c1.f.a2.f2.a3.f3)[KL]>,3<(c.C-1)[KL]>,3<(a1.c1.f.#c3.a2.#c2.#c4.a3)[KL]>,3<(F-1.F-2.a2.f2.a1.a3.f3)[KL]>,3<(a1.c1.f)[KL]>,3<(c.C-1.#c3.a2.#c2.#c4.a3)[KL]>,3<(a1.c1.f.a2.f2.a3.f3)[KL]>,3<(G-1.G-2)[KL]>,3<(b1.d1.#c3.g2.#c2.#c4.g3)[KL]>,3<(b1.d1.#c3.g2.#c2.#c4.g3)[KL]>,3<(b1.d1.#c3.g2.#c2.#c4.g3)[KL]>,3<(b1.d1.#c3.g2.#c2.#c4.g3)[KL]>,3<(b1.d1.g.#c3.g2.#c2.#c4.g3)[KL]>,3<(b1.d1.g.#c3.g2.#c2.#c4.g3)[KL]>,3<(b1.d1.g.a2.e2.a1.a3.e3)[KL]>,3<(#c2.e1.a)[KL]>,UV,UV,TU,RS,TU,TU,TU,TU,TU,TU,TU,TU,TU,TU,TU,TU,TU,TU,TU,TU,TU,TU,TU,TU,TU,TU,TU,TU,TU,TU,TU,TU,TU,TU,TU,TU,TU,TU,TU,TU,UV,UV,TU,TU,TU,TU,TU,TU,TU,TU,TU,TU,TU,TU,TU,TU,TU,TU,TU,TU,TU,TU,TU,TU,TU,TU,TU,TU,TU,TU,SV,UV,TU,TU,TU,UV,UV,TU,TU,TU,UV,UV,TU,TU,TU,TU,TU,TU,SV,UV,TU,TU,TU,UV,UV,TU,TU,TU,UV,UV,TU,TU,UV,UV,UV,UV,TU,TU,SV,UV,TU,TU,TU,UV,UV,TU,TU,TU,UV,UV,TU,TU,TU,TU,TU,TU,SV,UV,TU,TU,TU,UV,UV,TU,TU,TU,UV,UV,TU,TU,UV,UV,UV,UV,TU,TU,TU,TU,TU,TU,TU,3<(e3.a2.e2.e4.a3)[KL]>,3<(E-1.E-2.e.d3.a2.d2.d4.a3)[KL]>,3<(#c3.a2.#c2.#c4.a3)[KL]>,3<(#F-1.#F-2.#c3.a2.#c2.#c4.a3)[KL]>,3<(#f1.a.#c)[KL]>,3<(#c.#C-1.#c3.a2.#c2.#c4.a3)[KL]>,3<(#f1.a.#c.#c3.a2.#c2.#c4.a3)[KL]>,3<(#F-1.#F-2.a2.#f2.a1.a3.#f3)[KL]>,3<(#f1.a.#c.b2.#f2.b1.b3.#f3)[KL]>,3<(#c.#C-1.#c3.#f2.#c2.#c4.#f3)[KL]>,3<(#f1.a.#c.b2.#f2.b1.b3.#f3)[KL]>,3<(B-2.B-3)[KL]>,3<(#d1.#f.B-1.#c3.#f2.#c2.#c4.#f3)[KL]>,3<(#F-1.#F-2)[KL]>,3<(#d1.#f.B-1)[KL]>,3<(B-2.B-3.d3.#f2.d2.d4.#f3)[KL]>,3<(#d1.#f.B-1.#c3.#f2.#c2.#c4.#f3)[KL]>,3<(#F-1.#F-2.b2.#f2.b1.b3.#f3)[KL]>,3<(#d1.#f.B-1.a2.#f2.a1.a3.#f3)[KL]>,3<(E-1.E-2.#c3.e2.#c2.#c4.e3)[KL]>,3<(#g1.b.e.a2.e2.a1.a3.e3)[KL]>,3<(B-1.B-2)[KL]>,3<(#g1.b.e.#c3.e2.#c2.#c4.e3)[KL]>,3<(E-1.E-2.a2.e2.a1.a3.e3)[KL]>,3<(#g1.b.e)[KL]>,3<(B-1.B-2.#c3.e2.#c2.#c4.e3)[KL]>,3<(#g1.b.e.a2.e2.a1.a3.e3)[KL]>,3<(A-2.A-3)[KL]>,3<(e1.a.#c.b2.e2.b1.b3.e3)[KL]>,3<(E-1.E-2)[KL]>,3<(e1.a.#c)[KL]>,3<(A-2.A-3)[KL]>,3<(e1.a.#c.e3.a2.e2.e4.a3)[KL]>,3<(E-1.E-2.d3.a2.d2.d4.a3)[KL]>,3<(e1.a.#c.#c3.a2.#c2.#c4.a3)[KL]>,3<(#F-1.#F-2.#c3.a2.#c2.#c4.a3)[KL]>,3<(#f1.a.#c)[KL]>,3<(#c.#C-1.#c3.a2.#c2.#c4.a3)[KL]>,3<(#f1.a.#c.#c3.a2.#c2.#c4.a3)[KL]>,3<(#F-1.#F-2.a2.#f2.a1.a3.#f3)[KL]>,3<(#f1.a.#c.b2.#f2.b1.b3.#f3)[KL]>,3<(#c.#C-1.#c3.#f2.#c2.#c4.#f3)[KL]>,3<(#f1.a.#c.b2.#f2.b1.b3.#f3)[KL]>,3<(B-2.B-3)[KL]>,3<(#d1.#f.B-1.#c3.#f2.#c2.#c4.#f3)[KL]>,3<(#F-1.#F-2)[KL]>,3<(#d1.#f.B-1)[KL]>,3<(B-2.B-3.d3.#f2.d2.d4.#f3)[KL]>,3<(#d1.#f.B-1.#c3.#f2.#c2.#c4.#f3)[KL]>,3<(#F-1.#F-2.b2.#f2.b1.b3.#f3)[KL]>,3<(#d1.#f.B-1.a2.#f2.a1.a3.#f3)[KL]>,3<(F-1.F-2.#c3.a2.#c2.#c4.a3)[KL]>,3<(a1.c1.f.a2.f2.a3.f3)[KL]>,3<(c.C-1)[KL]>,3<(a1.c1.f.#c3.a2.#c2.#c4.a3)[KL]>,3<(F-1.F-2.a2.f2.a1.a3.f3)[KL]>,3<(a1.c1.f)[KL]>,3<(c.C-1.#c3.a2.#c2.#c4.a3)[KL]>,3<(a1.c1.f.a2.f2.a3.f3)[KL]>,3<(G-1.G-2)[KL]>,3<(b1.d1.#c3.g2.#c2.#c4.g3)[KL]>,3<(b1.d1.#c3.g2.#c2.#c4.g3)[KL]>,3<(b1.d1.#c3.g2.#c2.#c4.g3)[KL]>,3<(b1.d1.#c3.g2.#c2.#c4.g3)[KL]>,3<(b1.d1.g.#c3.g2.#c2.#c4.g3)[KL]>,3<(b1.d1.g.#c3.g2.#c2.#c4.g3)[KL]>,3<(b1.d1.g.a2.e2.a1.a3.e3)[KL]>,3<(#c2.e1.a)[KL]>,UV,UV,TU,ST,TU,TU,TU,SV,SV,TU,TU,TU,TU,TU,SV,UV,TU,TU,TU,TU,TU,TU,SV,SV,TU,TU,TU,TU,TU,TU,UV,UV,TU,TU,UV,UV,TU,TU,TU,SV,SV,TU,TU,TU,TU,TU,SV,UV,TU,TU,TU,TU,TU,TU,SV,SV,TU,TU,TU,TU,TU,TU,UV,UV,TU,UV,UV,UV,UV,TU,TU,TU,QT,QQR,R,(c1.a.e2.e1)[K],e[K],(e.e2.e1)[K],e[K],(c1.a.e2.e1)[K],e[K],(A-1.g2.g1)[K],6<(f2.f1)[L],(e2.e1)[L]>,(c1.a.f2.f1)[K],(e.g2.g1)[K],(e.a2.a1)[K],6<(e.g2.g1)[L],(f2.f1)[L]>,(c1.a.e2.e1)[K],e[K],3<(A-1.e2)[L],f2[L],d2[L],f2[L],(f.d.e2)[L],f2[L],(A-1.d2)[L],f2[L],(A-1.c2)[L],d2[L],(A-1.b1)[L],c2[L],(f.d.a1)[L],#g1[L],(A-1.f1)[L],d1[L],(D-1.e1)[L],f1[L],a1[L],c2[L],(#g.e.b1)[L],c2[L],(B-1.b1)[L],#g1[L],(B-1.b1)[L],c2[L],(B-1.b1)[L],f1[L],(#g.e.b1)[L],c2[L],(B-1.b1)[L],f1[L]>,(A-1.a1.a)[J],(c1.a.e2.e1)[K],e[K],e[K],e[K],(c1.a)[K],e[K],(A-1.a1.a)[J],(c1.a.f2.f1)[K],e[K],e[K],e[K],(c1.a)[K],e[K],(A-1.a1.a)[J],(f.d.g2.g1)[K],A-1[K],A-1[K],A-1[K],(f.d)[K],A-1[K],(D-1.a1.a)[J],(#g.e.#g2.#g1)[K],B-1[K],B-1[K],B-1[K],(#g.e)[K],B-1[K],3<(A-1.e2)[L],f2[L],#g2[L],a2[L],(c1.a.f2)[L],a2[L],(e.#g2)[L],f2[L],(e.e2)[L],f2[L],(e.#g2)[L],a2[L],(c1.a.b2)[L],c3[L],(e.a2)[L],b2[L],(A-1.f2)[L],a2[L],#g2[L],f2[L],(c1.a.e2)[L],f2[L],(e.e2)[L],d2[L],(e.c2)[L],d2[L],(e.c2)[L],b1[L],(c1.a.a1)[L],b1[L],(e.a1)[L],#g1[L],(A-1.b1)[L],d1[L],e1[L],#g1[L],(f.d.b1)[L],d2[L],(A-1.f2)[L],#g2[L],(A-1.a2)[L],#g2[L],(A-1.a2)[L],b2[L],(f.d.c3)[L],b2[L],(A-1.c3)[L],f3[L],(D-1.e3.e2)[L],f3[L],d3[L],f3[L],(#g.e.e3)[L],f3[L],(B-1.d3)[L],f3[L],(B-1.e3)[L],d3[L],(B-1.c3)[L],b2[L],(#g.e.a2)[L],#g2[L],(B-1.f2)[L],e2[L]>,8<(E-1.E-2.f3)[M],#g3[M],a3[M],#g3[M],f3[M],e3[M],d3[M],c3[M],b2[M],a2[M],#g2[M],a2[M],b2[M],a2[M],#g2[M],f2[M],e2[M],d2[M],e2[M],c3[M],b2[M],a2[M],#g2[M],f2[M],e2[M],b1[M],a1[M],#g1[M],f1[M],e1[M],f1[M],a1[M],b1[M],c2[M],d2[M],c2[M],b1[M],a1[M],#g1[M],f1[M],e1[M],f1[M],e1[M],d1[M]>,3<e1[M],f1[M],#g1[M],b1[M],d2[M],f2[M],#g2[M],b2[M],d3[M],f3[M],e3[M],f3[M],d3[M],f3[M],e3[M],f3[M],d3[M],f3[M],e3[M],d3[M],(e.E-1.e3)[M],f3[M],e3[M],f3[M],e3[M],f3[M],e3[M],f3[M],e3[M],d3[M],b2[M],a2[M],f2[M],#g2[M],f2[M],e2[M],d2[M],c2[M],b1[M],a1[M],#g1[M],f1[M],e1[M],d1[M],c1[M],b[M],a[M],#g[M],f[M],e[M],d[M],e[M]>,(E-1.E-2)[HI],8<(A-1.#g1)[MN],f1[MN]>,e1[LM],e[JK],e[KL],f[JK],e[JK],A-1[KL],(e.e1)[KL],f1[KL],(e.#g1)[KL],(f.a1)[KL],5<#g[L]>,#g1[K],f[K],5<f1[L]>,e[KL],8<(#G-1.#g1)[MN],f1[MN]>,e1[LM],e[JK],e[KL],f[JK],e[JK],#G-1[KL],(e.e1)[KL],f1[KL],(e.#g1)[KL],(f.b1)[KL],(#g.a1)[KL],(f.f1)[KL],(e.e1)[KL],8<(A-1.#g1)[MN],f1[MN]>,e1[LM],e[KL],d1[KL],e[KL],f[KL],c1[KL],(e.d1)[KL],e1[KL],(A-1.e1)[KL],5<e[L]>,f1[J],5<e1[L]>,e[KL],(f.e1)[KL],5<#g[L]>,d1[K],f[K],5<c1[L]>,e[KL],(#F-1.e1)[KL],e[KL],a[KL],e[KL],f[JK],e[JK],(#F-1.a)[KL],(e.b)[KL],c1[KL],(e.d1)[KL],(f.f1)[KL],5<#g[L]>,e1[K],f[K],5<c1[L]>,e[KL],(F-1.b1)[KL],c[JK],c[KL],e[JK],c[JK],F-1[KL],(c.a1)[KL],b1[KL],(c.c2)[KL],(e.#d2)[KL],5<f[L]>,e2[K],e[K],5<c2[L]>,c[KL],(F-1.b1)[KL],c[JK],c[KL],g[JK],a[JK],3<(E-1.f3)[L],g3[L],d3[L],(B-1.f3)[L],b2[L],d3[L],#g2[L],b2[L],f2[L],(B-1.#g2)[L],d2[L],f2[L],(f.b1)[L],d2[L],b1[L],(#g.a1)[L],#g1[L],a1[L]>,(f.f1)[K],8<e1[L],e[L]>,d1[K],8<(A-1.#g1)[MN],f1[MN]>,e1[LM],e[JK],e[KL],f[JK],e[JK],A-1[KL],(e.e1)[KL],f1[KL],(e.#g1)[KL],(f.a1)[KL],5<#g[L]>,#g1[K],f[K],5<f1[L]>,e[KL],8<(#G-1.#g1)[MN],f1[MN]>,e1[LM],e[JK],e[KL],f[JK],e[JK],#G-1[KL],(e.f1)[KL],a1[KL],(e.#g1)[KL],(f.b1)[KL],(#g.a1)[KL],(f.b1)[KL],(e.c2)[KL],8<(G-1.#d2)[MN],c2[MN]>,b1[LM],e[KL],a1[KL],e[KL],f[KL],a1[KL],(e.b1)[KL],c2[KL],(#F-1.e2)[KL],e[KL],d2[KL],e[KL],f[KL],(#g.a1)[KL],(f.b1)[KL],(e.c2)[KL],(F-1.e2)[KL],e[KL],d2[KL],e[KL],f[KL],a1[KL],(e.b1)[KL],c2[KL],(E-1.f2)[KL],B-1[KL],e2[KL],B-1[KL],e[KL],#g[KL],e[KL],d[KL],(E-1.E-2)[IJKL],e2[KL],c2[KL],b1[KL],(A-1.a1)[KLM],e[JKLN],e[KLMN],f[JKL],e[JKLN],A-1[JM],e[IL],e[JM],f[JM],e[JM],c[JM],E-1[JM],(A-1.A-2)[HHKN],3<a[M],c5[M]>,","(#c1.#c)[KL],(c1.c)[KL],(b.B-1)[LM],(a.A-1)[KL],(#f.#F-1)[IKM],(#f.#F-1)[KL],(#c.#C-1)[KL],(#c.#C-1)[KL],(#c.#C-1)[LM],(#c.#C-1)[LM],(e.E-1)[LM],(#f.#F-1)[IKM],(#f.#F-1)[KL],(#c1.#c)[KL],(c1.c)[KL],(b.B-1)[LM],(a.A-1)[KL],(b.B-1)[JKLM],(a.A-1)[KL],(#f.#F-1)[KL],(e.E-1)[LM],(#f.#F-1)[KL],(#f.#F-1)[KL],(#f.#F-1)[LM],(e.E-1)[KL],(#f.#F-1)[IL],(#f.#F-1)[KL],(#c1.#c)[KL],(c1.c)[KL],(b.B-1)[LM],(a.A-1)[KL],(#f.#F-1)[IKM],(#f.#F-1)[KL],(#c.#C-1)[KL],(#c.#C-1)[KL],(#c.#C-1)[LM],(#c.#C-1)[LM],(e.E-1)[LM],(#f.#F-1)[IKM],(#f.#F-1)[KL],(#c1.#c)[KL],(c1.c)[KL],(b.B-1)[LM],(a.A-1)[KL],(b.B-1)[JKLM],(a.A-1)[KL],(#f.#F-1)[KL],(e.E-1)[LM],(#f.#F-1)[KL],(#f.#F-1)[KL],(#f.#F-1)[LM],(e.E-1)[KL],(#f.#F-1)[JK],(#f1.#f)[LM],(a1.a)[LM],(b1.b)[KL],(c2.c1)[JK],(b1.b)[LM],(a1.a)[KL],(#f1.#f)[JKLM],(#f1.#f)[LM],(a1.a)[LM],(c2.c1)[KL],(b1.b)[KL],(b1.b)[KL],(b1.b)[LM],(a1.a)[LM],(e1.e)[LM],(#f1.#f)[JKLM],(#f1.#f)[LM],(a1.a)[LM],(#c2.#c1)[KL],(#f2.#f1)[JK],(#c2.#c1)[LM],(a1.a)[KL],(#f1.#f)[JKLM],(#f1.#f)[LM],(a1.a)[LM],(#c2.#c1)[KL],(e1.e)[KL],(e1.e)[KL],(e1.e)[LM],(#c1.#c)[LM],(e1.e)[LM],(#f1.#f)[JKLM],(#f1.#f)[LM],(a1.a)[LM],(b1.b)[KL],(c2.c1)[JK],(b1.b)[JM],(a1.a)[JM],(#f1.#f)[JK],(#f1.#f)[LM],(a1.a)[LM],(#c2.#c1)[LM],(b1.b)[LM],(a1.a)[JK],(#c2.e)[LM],(b1.#c)[LM],(e1.e)[LM],(#f1.#f)[JKLM],(#f1.#f)[LM],(a1.a)[LM],(c2.c1)[IL],(b1.b)[LM],(a1.a)[KL],(#f1.#f)[JM],(#f1.#f)[LM],(a1.a)[LM],(c2.c1)[KL],(#c2.#c1)[LM],(b1.b)[LM],(a1.a)[KL],(b1.e)[LM],a1[LM],(e1.e)[LM],(#c1.#c)[LM],(e1.e)[LM],(#c1.#c)[LM],(e1.e)[LM],(#f1.d1.#f)[LM],(#f1.a.#f)[JK];(A-1.A-2)[KL],(A-1.A-2)[JK],(A-1.A-2)[LM],(A-1.A-2)[LM],(A-1.A-2)[KL],(A-1.A-2)[IL],(A-1.A-2)[KL],(A-1.A-2)[JK],(A-1.A-2)[LM],(A-1.A-2)[LM],(A-1.A-2)[JK],(A-1.A-2)[K],(A-1.A-2)[K],(A-1.A-2)[K],(A-1.A-2)[KL],(A-1.A-2)[JK],(A-1.A-2)[LM],(A-1.A-2)[LM],(A-1.A-2)[KL],(A-1.A-2)[HHL],(A-1.A-2.e2)[KL],(A-1.A-2.e2)[JK],(A-1.A-2.a1)[LM],(A-1.A-2.a1)[LM],(A-1.A-2)[LM],a1[LM],(A-1.A-2.e2)[LM],c3[LM],c3[LM],a2[LM],e3[LM],c3[LM],(A-1.A-2.a)[LM],c1[LM],(A-1.A-2.e1)[LM],a1[LM],c2[LM],e2[LM],(A-1.A-2.a2)[LM],(A-1.A-2.c3)[LM],(A-1.A-2.e3)[LM],a[LM],(A-1.A-2.c1)[LM],e1[LM],a1[LM],c2[LM],e2[LM],a2[LM],(A-1.A-2.e2)[KL],(A-1.A-2.e2)[JK],(A-1.A-2.e2)[LM],(A-1.A-2.e2)[LM],(A-1.A-2)[LM],c3[LM],(A-1.A-2.a2)[LM],e2[LM],c2[LM],a1[LM],e1[LM],e1[LM],(A-1.A-2.a)[LM],c1[LM],(A-1.A-2.e1)[LM],a1[LM],c2[LM],e2[LM],(A-1.A-2.a2)[LM],(A-1.A-2.c3)[LM],(A-1.A-2.e3)[LM],a[LM],c1[LM],e1[LM],(A-1.A-2.a1)[LM],c2[M],(A-1.A-2)[L],e2[L],(A-1.A-2)[M],a2[LM],(A-1.A-2.a)[LM],(c.c1)[LM],(A-1.A-2.e.e1)[LM],(a.a1)[LM],(c1.c2)[LM],(e1.e2)[LM],(A-1.A-2.a1.a2)[LM],(A-1.A-2.c2.c3)[LM],(A-1.A-2.e2.e3)[KL],(A-1.A-2)[KL],(a.a1)[JK],(A-1.A-2.a)[LM],c1[LM],(A-1.A-2.e1)[LM],a1[LM],c2[LM],e2[LM],(A-1.A-2.a2)[LM],(A-1.A-2.c3)[LM],(A-1.A-2.e3)[LM],a[LM],c1[LM],e1[LM],(A-1.A-2.c2)[K],(A-1.A-2.e2)[K],(A-1.A-2.a2)[K],(A-1.A-2.e2)[KL],(A-1.A-2.e2)[JK],(A-1.A-2.a1)[LM],(A-1.A-2.a1)[LM],(A-1.A-2)[LM],a1[LM],(A-1.A-2.e2)[LM],c3[LM],c3[LM],a2[LM],e3[LM],c3[LM],a[LM],c1[LM],e1[LM],a1[LM],c2[LM],e2[LM],a2[LM],c3[LM],e3[LM],a[LM],c1[LM],e1[LM],a1[LM],c2[LM],e2[LM],a2[LM],(A-1.A-2.e2)[KL],(A-1.A-2.e2)[JK],(A-1.A-2.e2)[LM],(A-1.A-2.e2)[LM],(A-1.A-2.f2)[KL],(A-1.A-2.e2)[KL],a1[KL],a2[KL],(A-1.A-2.e2)[KL],(A-1.A-2.e2)[JK],(A-1.A-2.e2)[LM],(A-1.A-2.e2)[LM],(A-1.A-2.c3)[KL],(A-1.A-2)[KL],c3[KL],a2[KL],(A-1.A-2.e2)[KL],(A-1.A-2.e1)[KL],e2[KL],(A-1.A-2.e1)[LM],(A-1.A-2)[LM],(A-1.A-2.a2)[KL],(A-1.A-2.e2)[KL],c3[KL],b2[KL],(A-1.A-2.e2)[KL],(A-1.A-2.e2)[JK],(A-1.A-2.e2)[LM],(A-1.A-2.e2)[LM],(A-1.A-2.c3)[JK],(A-1.A-2.c3)[K],(A-1.A-2)[L],a2[L],(A-1.A-2)[K],(A-1.A-2.a.e2)[LM],c1[LM],(A-1.A-2.e1.e2)[LM],a1[LM],c2[LM],e2[LM],(A-1.A-2.a2.e2)[LM],(A-1.A-2.c3.e2)[LM],(A-1.A-2.e3.f2)[LM],a[LM],(A-1.A-2.c1.e2)[LM],e1[LM],a1[LM],c2[LM],(e2.a2)[LM],a2[LM],(A-1.A-2.e2)[KL],(A-1.A-2.e2)[JK],(A-1.A-2.e2)[LM],(A-1.A-2.e2)[LM],(A-1.A-2.c3)[KL],(A-1.A-2)[KL],c3[KL],a2[KL],(A-1.A-2.e2)[KL],(A-1.A-2.e2)[JK],(A-1.A-2.e2)[LM],(A-1.A-2.e2)[LM],(A-1.A-2.f2)[KL],(A-1.A-2.e2)[KL],a1[KL],a2[KL],(A-1.A-2.e2)[KL],(A-1.A-2.e1)[KL],e2[KL],(A-1.A-2.e1)[LM],(A-1.A-2)[LM],(A-1.A-2.a2)[KL],e2[KL],(A-1.A-2.c3)[K],(A-1.A-2)[L],b2[L],(A-1.A-2)[K],(A-1.A-2.e2)[KL],(A-1.A-2.e2)[JK],(A-1.A-2.e2)[LM],(A-1.A-2.e2)[LM],(A-1.A-2.a2.f2)[KL],(A-1.A-2.e2)[KL],(d2.a1)[KL],a2[KL],(c.C-1.e2.g2)[KL],(c.C-1.g2)[JK],(c.C-1.f2)[LM],(c.C-1.f2)[LM],(c.C-1.a2.f2)[KL],(c.C-1.e2)[KL],(d2.g2)[KL],e2[KL],(A-1.A-2.e2.a2)[KL],(A-1.A-2.e2)[JK],(A-1.A-2.e2)[LM],(A-1.A-2.e2)[LM],(A-1.A-2.a2.f2)[KL],(A-1.A-2.e2)[KL],(d2.a1)[KL],a2[KL],(d.D-1.e2.d2.d1)[KL],(d.D-1.d2.d1)[JK],(c.C-1.c2.c1)[LM],(c.C-1.c2.c1)[LM],(c.C-1.a2.c2.c1)[KL],(c.C-1.c2.c1)[KL],(c1.c.d2.c3.c2)[LM],(c1.c.c3.c2)[LM],(a.A-1.a2.a1)[KL],(A-1.A-2.e2.c3.c2)[KL],(A-1.A-2.e2)[KL],e2[KL],(A-1.A-2)[LM],(A-1.A-2)[LM],(A-1.A-2.a2)[KL],(A-1.A-2.f2)[KL],(d2.e2)[KL],a1[KL],(F-1.F-2.e2.a2)[KL],(F-1.F-2.g2)[KL],g2[KL],(F-1.F-2.e2)[LM],(F-1.F-2)[LM],(F-1.F-2.a2)[KL],(F-1.F-2.f2)[KL],(d2.e2)[KL],g2[KL],(A-1.A-2.e2)[KL],(A-1.A-2.a2)[KL],e2[KL],(A-1.A-2)[LM],(A-1.A-2)[LM],(A-1.A-2.a2)[KL],(A-1.A-2.f2)[KL],(d2.e2)[KL],a1[KL],(c.C-1.e2.a2)[KL],(c.C-1.d2)[KL],d2[KL],(c.C-1)[LM],(c.C-1)[LM],(c.C-1.a2)[KL],(c.C-1.c2)[KL],(d2.c2)[KL],e2[KL],(A-1.A-2.e3.e2)[KL],(A-1.A-2.e3.e2)[JK],(A-1.A-2.e3.e2)[LM],(A-1.A-2)[LM],(A-1.A-2.f3.f2)[KL],(A-1.A-2.e3.e2)[KL],(f3.f2)[JK],(A-1.A-2.e3.e2)[KL],(A-1.A-2.e3.e2)[JK],(A-1.A-2.e3.e2)[LM],(A-1.A-2.f3.f2)[LM],(A-1.A-2.g3.g2)[LM],(f3.f2)[LM],(A-1.A-2.e3.e2)[LM],(d3.d2)[LM],(f3.f2)[JK],(A-1.A-2.e3.e2)[KL],(A-1.A-2.e3.e2)[JK],(A-1.A-2.e3.e2)[LM],(A-1.A-2)[LM],(A-1.A-2.f3.f2)[KL],(A-1.A-2.e3.e2)[KL],(f3.f2)[JK],(A-1.A-2.c3.c2)[KL],(A-1.A-2.c3.c2)[JK],(A-1.A-2.e3.e2)[LM],(A-1.A-2.f3.f2)[LM],QQQQQQQQQQQQRSTU,(A-1.A-2)[LM],(A-1.A-2)[LM],(A-1.A-2)[KL],(A-2.A-3)[IJ],a1[KL],(B-2.a2)[KL],(#f.a2)[KL],(b.#f2)[KL],(d1.#f2)[KL],(#f1.e2)[KL],b[KL],(#f.e2)[KL],(B-1.#c2)[KL],(D-1.e2)[KL],(a.#c2)[KL],d1[KL],(#f1.e2)[KL],(a1.#c2)[KL],d1[KL],a[KL],(d.a1)[KL],(A-2.a2)[KL],(e.a2)[KL],(a.#f2)[KL],(#c1.#f2)[KL],(e1.e2)[KL],a[KL],(e.e2)[KL],(A-1.#c2)[KL],(A-2.e2)[KL],(e.#c2)[KL],a[KL],(#c1.e2)[KL],(e1.#c2)[KL],a[KL],(e.e2)[KL],A-1[KL],(B-2.#c2.a1)[KL],#f[KL],b[KL],(d1.a1.#f1)[LM],(a1.#f1)[LM],(#f1.e2.#c2)[KL],(b.e2.#c2)[KL],(#f.#f2.#c2)[KL],B-1[KL],D-1[KL],a[KL],(d1.#c2.a1)[KL],(#f1.#c2.a1)[KL],(a1.e2.#c2)[KL],(d1.e2.#c2)[KL],(a.#f2.d2)[KL],d[KL],(A-2.e2.#c2)[KL],e[KL],a[KL],(#c1.a2.e2.#c2)[KL],(e1.a2.e2.#c2)[KL],(a.a2.e2.#c2)[KL],e[KL],(A-1.b2.e2.b1)[KL],E-2[KL],(B-1.b2.e2.b1)[KL],b[KL],e1[KL],b1[KL],#g[KL],E-1[KL],B-3[KL],(#F-1.#F-2)[JM],(#f.#c.#F-1)[LM],(a2.#f2.a1.a3.#f3)[KL],(#f.#c.#F-1.a2.#f2.a1.a3.#f3)[KL],(#f.#F-1.#f1.#c1.a2.#f2.a1.a3.#f3)[KL],#f[LM],(#c3.#f2.#c2.#c4.#f3)[LM],(#f.#c)[KL],#F-1[KL],(#F-1.#F-2)[KL],(#c3.#f2.#c2.#c4.#f3)[LM],(#f.#c.#F-1)[LM],(a2.#f2.a1.a3.#f3)[KL],(#f.#c.#F-1.e2.#c2.e1.e3.#c3)[KL],(#f.#F-1.#f1.#c1.e2.#c2.e1.e3.#c3)[KL],#f[KL],(#f.#c)[KL],#F-1[KL],(#F-1.#F-2)[JM],(#f.#c.#F-1)[LM],(a2.#f2.a1.a3.#f3)[KL],(#f.#c.#F-1.a2.#f2.a1.a3.#f3)[KL],(#f.#F-1.#f1.#c1.a2.#f2.a1.a3.#f3)[KL],#f[LM],(#c3.#f2.#c2.#c4.#f3)[LM],(#f.#c)[KL],#F-1[KL],(A-2.A-3)[KL],(A-1.E-1.#c3.#f2.#c2.#c4.#f3)[LM],(A-1.E-1)[LM],(A-1.E-1.a2.#c2.a1.a3.#c3)[KL],(A-2.A-3.#c3.#f2.#c2.#c4.#f3)[KL],(A-1.E-1.e3.a2.e2.e4.a3)[LM],(A-1.E-1)[LM],(A-1.E-1)[LM],(e2.a1.e1.e3.a2)[LM],(B-2.B-3)[KL],(B-1.E-1)[KL],(#F-1.#F-2)[JM],(#f.#c.#F-1)[LM],(a2.#f2.a1.a3.#f3)[KL],(#f.#c.#F-1.a2.#f2.a1.a3.#f3)[KL],(#f.#F-1.#f1.#c1.a2.#f2.a1.a3.#f3)[KL],#f[LM],(#c3.#f2.#c2.#c4.#f3)[LM],(#f.#c)[KL],#F-1[KL],(#F-1.#F-2)[KL],(#c3.#f2.#c2.#c4.#f3)[LM],(#f.#c.#F-1)[LM],(a2.#f2.a1.a3.#f3)[KL],(#f.#c.#F-1.e2.#c2.e1.e3.#c3)[KL],(#f.#F-1.#f1.#c1.e2.#c2.e1.e3.#c3)[KL],#f[KL],(#f.#c)[KL],#F-1[KL],(#F-1.#F-2)[JM],(#f.#c.#F-1)[LM],(a2.#f2.a1.a3.#f3)[KL],(#f.#c.#F-1.a2.#f2.a1.a3.#f3)[KL],(#f.#F-1.#f1.#c1.a2.#f2.a1.a3.#f3)[KL],#f[LM],(#c3.#f2.#c2.#c4.#f3)[LM],(#f.#c)[KL],#F-1[KL],(A-2.A-3)[KL],(A-1.E-1.#c3.#f2.#c2.#c4.#f3)[LM],(A-1.E-1)[LM],(A-1.E-1.a2.#c2.a1.a3.#c3)[KL],(A-2.A-3.#c3.#f2.#c2.#c4.#f3)[KL],(A-1.E-1.e3.a2.e2.e4.a3)[LM],(A-1.E-1)[LM],(A-1.E-1)[LM],(e2.a1.e1.e3.a2)[LM],(B-2.B-3)[KL],(B-1.E-1)[KL],(#F-2.A-3)[KL],(a.#c)[KL],(a.#c)[KL],(a.#c)[KL],(a.#c)[KL],QQQQQQQQQQQQRS,(A-1.A-2)[LM],(A-1.A-2)[LM],(A-1.A-2)[KL],(A-2.A-3)[JK],(A-1.A-2.a2.e2.a1.a3.e3)[KL],(A-1.A-2.a2.e2.a1.a3.e3)[KL],(a2.e2.a1.a3.e3)[KL],(#F-1.#F-2.a2.e2.a1.a3.e3)[JM],(#f.#c.#F-1)[JM],(#f.#c.#F-1)[KL],(#f.#F-1.#f1.#c1)[KL],(#f.e2.a1.e1.e3.a2)[KL],(#f.#c.e2.a1.e1.e3.a2)[KL],(#F-1.e2.a1.e1.e3.a2)[KL],(#F-1.#F-2.e2.#c2.e1.e3.#c3)[JM],(#f.#c.#F-1)[LM],(#c2.e1.#c1.#c3.e2)[KL],(#f.#c.#F-1.e2.#c2.e1.e3.#c3)[KL],(#f.#F-1.#f1.#c1)[KL],(#f.#c2.e1.#c1.#c3.e2)[KL],(#f.#c.#c2.e1.#c1.#c3.e2)[KL],#F-1[KL],(#F-1.#F-2)[JM],(#f.#c.#F-1)[JM],(#f.#c.#F-1)[KL],(#f.#F-1.#f1.#c1)[KL],#f[KL],(#f.#c.e2.a3.e3)[KL],(#F-1.#c2.e3.#c3)[KL],(A-2.A-3.e2.a3.e3)[KL],(A-1.E-1)[LM],(A-1.E-1)[LM],(A-1.E-1.#c2.e3.#c3)[KL],(A-2.A-3)[KL],(A-1.E-1)[LM],(A-1.E-1)[LM],(A-1.E-1.a2.e2.a1.a3.e3)[KL],(B-2.B-3.a2.e2.a1.a3.e3)[KL],(B-1.E-1.a2.e2.a1.a3.e3)[KL],(#F-1.#F-2.a2.e2.a1.a3.e3)[JM],(#f.#c.#F-1)[JM],(#f.#c.#F-1)[KL],(#f.#F-1.#f1.#c1)[KL],(#f.e2.a1.e1.e3.a2)[KL],(#f.#c.e2.a1.e1.e3.a2)[KL],(#F-1.e2.a1.e1.e3.a2)[KL],(#F-1.#F-2.e2.#c2.e1.e3.#c3)[JM],(#f.#c.#F-1)[LM],(#c2.e1.#c1.#c3.e2)[KL],(#f.#c.#F-1.e2.#c2.e1.e3.#c3)[KL],(#f.#F-1.#f1.#c1)[KL],(#f.#c2.e1.#c1.#c3.e2)[KL],(#f.#c.#c2.e1.#c1.#c3.e2)[KL],#F-1[KL],(#F-1.#F-2)[JM],(#f.#c.#F-1)[JM],(#f.#c.#F-1)[KL],(#f.#F-1.#f1.#c1)[KL],(#f.a1.e2.#c2)[KL],(#f.#c.a1.e2.#c2)[KL],(#F-1.a1.e2.#c2)[KL],(A-2.A-3.a1.e2.#c2)[KL],(A-1.E-1)[LM],(A-1.E-1)[LM],(A-1.E-1.e1.#c2.a1)[KL],(A-2.A-3.a1.e2.#c2)[LM],(a1.e2)[LM],(A-1.E-1.a1.e2)[LM],(A-1.E-1.a1.e2.#c2)[LM],(A-1.E-1.e1.#c2.a1)[KL],(B-2.B-3.e1.#c2.a1)[KL],(B-1.E-1)[KL],(#F-2.A-3)[HK],(a4.e4.a3.#c3.#f2)[HHI],R,"],"id":3,"instruments":["piano","piano"],"alternatives":["",""]}],"audition":{"start":[0,0],"end":[2,260]}}