{"baseBpm":148,"musics":[{"bpm":148,"baseBeats":0.0625,"scores":["mute[H],mute[H],mute[M],mute[M],mute[M],mute[M],mute[M],mute[M],mute[M],mute[M],mute[M],mute[M],mute[M],mute[M],mute[M],mute[M],mute[M],mute[M],mute[M],mute[M],mute[M],mute[M],mute[M],mute[M],mute[M],mute[M],mute[M],mute[M],mute[M],mute[M],mute[M],mute[M],mute[M],mute[M],mute[M],mute[M],mute[M],mute[M],mute[M],mute[M],mute[M],mute[M],mute[M],mute[M],mute[M],mute[M],mute[M],mute[M],mute[M],mute[M],mute[M],mute[M],mute[M],mute[M],mute[M],mute[M],mute[M],mute[M],mute[M],mute[M],mute[M],mute[M],mute[M],mute[M],mute[M],mute[M],mute[M],mute[M],mute[M],mute[L],mute[L],5<V>,mute[M],mute[M],mute[M],mute[M],mute[M],mute[M],mute[M],mute[L],mute[M],mute[M],mute[L],mute[M],mute[M],mute[M],mute[K],mute[L],mute[L],5<V>,mute[M],mute[M],mute[M],mute[M],mute[M],mute[L],mute[L],mute[L],mute[M],mute[M],mute[M],mute[M],mute[M],mute[M],mute[M],mute[M],mute[M],mute[M],mute[M],mute[M],mute[M],mute[M],mute[M],mute[M],mute[M],mute[M],mute[M],mute[M],mute[M],mute[M],mute[L],mute[M],mute[M],mute[M],mute[M],mute[M],mute[M],mute[M],mute[M],mute[M],mute[M],mute[L],mute[M],mute[M],mute[M],mute[M],mute[M],mute[M],mute[M],mute[M],mute[M],mute[M],mute[M],mute[M],mute[M],mute[M],mute[M],mute[M],mute[M],mute[M],mute[M],mute[M],mute[L],mute[L],5<V>,mute[M],mute[M],mute[M],mute[M],mute[M],mute[M],mute[M],mute[M],mute[M],mute[M],mute[M],5<V>,mute[M],mute[M],mute[M],mute[L],mute[M],mute[M],mute[K],5<V>,mute[M],mute[M],mute[M],mute[L],mute[L],5<V>,mute[L],mute[L],mute[M],mute[M],mute[M],mute[M],mute[L],mute[L],mute[L],mute[L],mute[L],mute[M],mute[M],mute[M],mute[M],mute[M],mute[M],mute[M],mute[M],mute[L],mute[L],mute[M],mute[M],mute[M],mute[M],mute[M],mute[M],mute[M],mute[M],mute[L],5<V>,mute[M],mute[M],mute[M],mute[M],mute[M],mute[M],mute[M],mute[M],mute[M],mute[L],5<V>,5<V>,mute[M],mute[M],mute[M],mute[M],mute[M],mute[M],mute[M],mute[M],mute[L],5<V>,mute[M],mute[M],mute[M],mute[M],mute[M],mute[M],mute[M],mute[M],mute[M],mute[L],5<V>,mute[M],mute[M],5<V>,mute[M],mute[M],mute[M],mute[M],mute[M],mute[M],mute[M],mute[M],5<V>,mute[M],mute[M],mute[M],mute[M],mute[M],mute[M],mute[M],mute[M],mute[M],mute[M],mute[M],mute[M],mute[M],mute[L],mute[M],mute[M],mute[M],mute[M],mute[M],mute[M],mute[M],mute[M],mute[LP],mute[M],mute[M],mute[M],mute[M],mute[M],mute[M],mute[M],mute[M],mute[M],mute[M],mute[M],mute[M],mute[M],mute[M],mute[M],mute[M],mute[M],mute[M],mute[M],mute[M],mute[M],mute[M],mute[M],mute[M],mute[M],mute[M],mute[M],mute[M],mute[M],mute[M],mute[M],mute[M],mute[M],mute[M],mute[M],mute[M],mute[M],mute[M],mute[M],mute[M],mute[M],mute[M],mute[M],mute[M],mute[M],mute[M],mute[M],mute[M],mute[M],mute[M],mute[M],mute[M],mute[M],mute[M],mute[M],mute[M],mute[M],mute[M],mute[M],mute[M],mute[M],mute[M],mute[M],mute[M],mute[M],mute[M],mute[M],mute[M],mute[M],mute[M],mute[M],mute[M],mute[M],mute[M],mute[M],mute[M],mute[M],mute[M],mute[M],mute[M],mute[M],mute[M],mute[M],mute[M],mute[M],mute[M],mute[M],mute[M],mute[M],mute[M],mute[M],mute[M],mute[M],mute[M],mute[M],mute[M],mute[M],mute[M],mute[M],mute[M],mute[M],mute[M],mute[M],mute[M],mute[M],mute[M],mute[M],mute[M],mute[M],mute[M],mute[M],mute[M],mute[M],mute[M],mute[M],mute[M],mute[M],mute[M],mute[M],mute[M],mute[M],mute[M],mute[M],mute[M],mute[M],mute[M],mute[M],mute[M],mute[M],mute[M],mute[M],mute[M],mute[M],mute[M];","(G-2)[H],G-2[H],(G-1)[M],(B-1)[M],(d)[M],(g)[M],(b)[M],(d1)[M],(g1)[M],(b1)[M],(d2)[M],(g2)[M],(b2)[M],(G-1)[M],(d)[M],(g)[M],(b)[M],(d1)[M],(g1)[M],(b1)[M],(d2)[M],(g2)[M],(b2)[M],(d3)[M],(g3)[M],(G-1.g1)[M],(d)[M],(g)[M],(b)[M],(d1.d2)[M],(g1)[M],(b1)[M],(d2)[M],(g2)[M],(b2)[M],(d3.g1)[M],(g3)[M],(B-1.#f1)[M],(#f)[M],(b)[M],(d1)[M],(#f1.d2)[M],(b1)[M],(d2)[M],(#f2)[M],(b2)[M],(d3)[M],(d2.#f3)[M],(b3)[M],(C-1.e2)[M],(G-1)[M],(c)[M],(e)[M],(g.d2)[M],(c1)[M],(e1)[M],(g1)[M],(c2)[M],(e2)[M],(g2)[M],(c3)[M],(B-1.d2)[M],(d)[M],(g)[M],(b)[M],(d1)[M],(g1)[M],(a1)[M],(g1)[M],(#f1.e2)[L],(#f2)[L],8<(g1.c.e1~d2~e2)[M]>,(g2.g)[M],(d1)[M],(g)[M],(d1.#f1.d2.#f2)[M],(g)[M],(d1)[M],(g)[M],(e1.g1.c2.e2)[L],(c1)[M],(g)[M],(B-1.d1.g1.d2)[L],(g)[M],(b)[M],(g2)[M],(b)[K],(g1)[L],(a1)[L],5<(E-1.d1)[N],(g1)[N]>,(B-1.b1)[M],(e)[M],(g)[M],(b)[M],(d1)[M],(e2)[L],(#c.b1)[L],(g1)[L],(D-1.a.d1.g1.a1)[M],(A-1)[M],(d)[M],(a)[M],(#f.#f1)[M],(a)[M],(c1)[M],(d1)[M],(#f1)[M],(a1)[M],(c2)[M],(#f2)[M],(G-1.b1.g2)[M],(d)[M],(g)[M],(b)[M],(d1.d3)[M],(g1)[M],(b1)[M],(d2)[M],(g2)[M],(g1)[M],(#f2)[L],(B-1.#f2)[M],(#f)[M],(b)[M],(d1)[M],(#f1.d3)[M],(b1)[M],(d2)[M],(#f2)[M],(b2)[M],(#f1)[M],(#f2.d3)[L],(C-1.g2.e3)[M],(c)[M],(e)[M],(g)[M],(c1.#f2.d3)[M],(e1)[M],(g1)[M],(c2)[M],(e2.c3)[M],(c2)[M],(#f2)[M],(c2)[M],(b.g2.d3)[M],(g1)[M],(b1)[M],(d2)[M],(a2)[M],(g2)[M],(d2)[M],(g2)[M],(#f2.e3)[L],(#f3)[L],8<(c1.e2.g2~c3~e3)[M]>,(g1.g3)[M],(e2)[M],(g1)[M],(d2.#f2.d3.#f3)[M],(g1)[M],(d2)[M],(g1)[M],(c2.e2.c3.e3)[M],(g1)[M],(c2)[M],(g1)[M],8<(b.d2~g2~a2)[M]>,(g1.d3)[M],(b1)[M],(d2)[M],(g3)[L],(g2)[M],(b2)[M],(b3)[K],8<(a1.c3~e3~g3)[M]>,(c2.c4)[M],(e2)[M],(g2)[M],(c3.e3)[L],(#f3)[L],8<(d.b2~c3~e3)[M]>,(a.b3)[L],(a2.a3)[L],(G-1.g2.g3)[M],(d)[M],(g)[M],(b)[M],(d1)[L],(d1)[L],(g1)[L],(b1)[L],(D-1.d1.#f1.a1)[L],(A-1)[M],(d)[M],(d1.#f1.a1)[M],(d)[M],(A-1)[M],(d)[M],(a)[M],(d)[M],(D-1.d1)[L],(G-2.b1)[L],(G-1)[M],(d)[M],(d1)[M],(g)[M],(b)[M],(g)[M],(d)[M],D-1[M],(b1)[L],8<(C-1.c1~e1~g1)[M]>,(c.c1)[M],(e)[M],(g1)[M],(c2)[M],(c1)[M],(d1)[M],(c1)[M],(d1.b1)[M],(g)[M],(c2)[L],7<(G-1.d1~g1~b1~d2)[L]>,(d)[M],(g)[M],(d1.g1)[M],(b)[M],(d1)[M],(g)[M],(d1.g1)[M],(b)[M],(d1.d2)[L],8<(#F-1.e.#f1.#a1~d1.d2)[M]>,(#c)[M],(#c1.#c2)[M],(#a)[M],(#c1.#c2.e1.#a1)[M],(#a)[M],(e)[M],(#f)[M],(d1.#a.d2)[M],(#f)[M],(#F-1.e1.e2)[L],8<(B-1.e1~#f1~a1)[M]>,(#f.e2)[M],(a)[M],5<(#f2)[N],(e2)[N]>,(a1.d2)[M],(d1)[M],(a)[M],(d1)[M],(d1.#f1.a1.d2)[M],(a)[M],(e1.e2)[M],(B-1)[M],8<(B-2.f1~a1~d2)[M]>,(f2)[M],(B-1)[M],(f)[M],(e1.f1.a1.e2)[M],(f)[M],(a)[M],(e1)[M],(d1.d2)[M],(a1)[M],(e1)[M],(d1)[M],(E-1.e1.#g.c2)[M],(B-1)[M],(e1)[L],(#g1.b1)[M],(#g)[M],(B-1)[M],(e)[M],(#g.c2)[M],(e)[M],(E-1.d1.e1.#g.d2)[M],(E-2)[M],(A-3.A-2.e1.g1.b1.e2)[LP],C-2[M],C-2[M],C-2[M],C-2[M],C-2[M],C-2[M],C-2[M],C-2[M],C-2[M],C-2[M],C-2[M],C-2[M],C-2[M],C-2[M],C-2[M],C-2[M],C-2[M],C-2[M],C-2[M],C-2[M],C-2[M],C-2[M],C-2[M],C-2[M],C-2[M],C-2[M],C-2[M],C-2[M],C-2[M],C-2[M],C-2[M],C-2[M],C-2[M],C-2[M],C-2[M],C-2[M],C-2[M],C-2[M],C-2[M],C-2[M],C-2[M],C-2[M],C-2[M],C-2[M],C-2[M],C-2[M],C-2[M],C-2[M],C-2[M],C-2[M],C-2[M],C-2[M],C-2[M],C-2[M],C-2[M],C-2[M],C-2[M],C-2[M],C-2[M],C-2[M],C-2[M],C-2[M],C-2[M],C-2[M],C-2[M],C-2[M],C-2[M],C-2[M],C-2[M],C-2[M],C-2[M],C-2[M],C-2[M],C-2[M],C-2[M],C-2[M],C-2[M],C-2[M],C-2[M],C-2[M],C-2[M],C-2[M],C-2[M],C-2[M],C-2[M],C-2[M],C-2[M],C-2[M],C-2[M],C-2[M],C-2[M],C-2[M],C-2[M],C-2[M],C-2[M],C-2[M],C-2[M],C-2[M],C-2[M],C-2[M],C-2[M],C-2[M],C-2[M],C-2[M],C-2[M],C-2[M],C-2[M],C-2[M],C-2[M],C-2[M],C-2[M],C-2[M],C-2[M],C-2[M],C-2[M],C-2[M],C-2[M],C-2[M],C-2[M],C-2[M],C-2[M],C-2[M],C-2[M],C-2[M],C-2[M],C-2[M],C-2[M],C-2[M],C-2[M],C-2[M],C-2[M],C-2[M],C-2[M],C-2[M];"],"id":1,"instruments":["piano","piano"],"alternatives":["",""]},{"bpm":148,"baseBeats":0.0625,"scores":["mute[M],mute[M],mute[M],mute[M],mute[M],mute[M],mute[M],mute[M],mute[M],mute[M],mute[M],mute[M],mute[M],mute[M],mute[M],mute[M],mute[M],mute[M],mute[M],mute[M],mute[M],mute[M],mute[M],mute[M],mute[M],mute[M],mute[M],mute[M],mute[M],mute[M],mute[M],mute[M],mute[M],mute[M],mute[M],mute[M],mute[M],mute[M],mute[M],mute[M],mute[M],mute[M],mute[M],mute[M],mute[M],mute[M],mute[M],mute[M],mute[M],mute[M],mute[M],mute[M],mute[M],mute[M],mute[M],mute[M],mute[M],mute[M],mute[M],mute[M],mute[M],mute[M],mute[M],mute[M],mute[M],mute[M],mute[M],mute[M],mute[M],mute[M],mute[M],mute[M],mute[M],mute[M],mute[M],mute[M],mute[M],mute[M],mute[L],mute[IJKL],mute[L],mute[IJKL],mute[L],mute[IJKL],mute[L],mute[JKL],mute[L],mute[JL],mute[K],mute[L],mute[L],mute[K],mute[L],mute[L],mute[K],mute[K],mute[L],mute[K],mute[L],mute[L],mute[L],mute[L],mute[L],mute[K],mute[L],mute[L],mute[K],mute[K],mute[L],mute[K],mute[L],mute[L],mute[L],mute[L],mute[L],mute[K],mute[M],mute[M],mute[M],mute[M],mute[M],V,V,V,mute[M],mute[M],mute[M],mute[M],mute[M],V,V,V,mute[M],mute[M],mute[M],mute[M],mute[M],V,V,V,T,V,V,V,V,mute[M],mute[M],mute[M],mute[M],mute[M],V,V,V,mute[M],mute[M],mute[M],mute[M],mute[M],V,V,V,mute[M],mute[M],mute[M],mute[M],mute[M],V,V,V,T,V,V,V,V,mute[M],mute[M],mute[M],mute[M],mute[M],V,V,mute[M],mute[M],mute[M],mute[M],mute[M],mute[M],V,V,V,mute[M],mute[M],mute[M],mute[M],mute[M],V,V,mute[M],mute[M],mute[M],mute[M],mute[M],mute[M],V,V,V,mute[M],mute[M],mute[M],mute[M],mute[M],V,V,mute[M],mute[M],mute[M],mute[M],mute[M],mute[M],V,V,V,mute[M],mute[M],mute[M],mute[M],mute[M],V,V,V,V,V,V,V,T,mute[M],mute[M],mute[M],mute[M],mute[K],mute[M],mute[M],mute[M],mute[M],mute[K],mute[M],mute[M],mute[M],mute[M],mute[K],mute[M],mute[M],mute[M],mute[M],mute[K],mute[M],mute[M],mute[M],mute[M],mute[K],mute[M],mute[M],mute[M],mute[M],mute[K],mute[M],mute[M],mute[M],mute[M],mute[K],mute[M],mute[M],mute[M],mute[M],mute[K],mute[M],mute[M],mute[M],mute[M],mute[K],mute[M],mute[M],mute[M],mute[M],mute[K],mute[M],mute[M],mute[M],mute[M],mute[K],mute[M],mute[M],mute[M],mute[M],mute[K],mute[M],mute[M],mute[M],mute[M],mute[K],mute[M],mute[KL],mute[KL],mute[KL],mute[M],U,mute[M],mute[M],U,mute[M],mute[M],U,mute[M],mute[M],U,mute[M],mute[K],mute[M],U,mute[M],mute[M],U,mute[M],mute[K],mute[M],U,mute[M],mute[M],U,mute[M],mute[M],U,mute[M],mute[M],U,mute[M],mute[K],mute[M],U,mute[M],mute[M],U,mute[M],mute[K],mute[M],U,mute[M],mute[M],U,mute[M],mute[M],U,mute[M],mute[M],U,mute[M],mute[M],U,mute[M],mute[K],mute[M],U,mute[M],mute[K],mute[M],U,mute[M],mute[M],U,mute[M],mute[M],U,mute[M],mute[M],U,mute[M],mute[M],U,mute[M],mute[M],U,mute[M],mute[M],U,mute[M],mute[K],mute[M],U,mute[M],mute[M],U,mute[M],mute[M],U,mute[M],mute[M],U,mute[M],mute[K],mute[M],U,mute[M],mute[M],U,mute[M],mute[K],mute[M],U,mute[M],mute[M],U,mute[M],mute[M],U,mute[M];","C-2[M],C-2[M],C-2[M],C-2[M],C-2[M],C-2[M],C-2[M],C-2[M],C-2[M],C-2[M],C-2[M],C-2[M],C-2[M],C-2[M],C-2[M],C-2[M],C-2[M],C-2[M],C-2[M],C-2[M],C-2[M],C-2[M],C-2[M],C-2[M],C-2[M],C-2[M],C-2[M],C-2[M],C-2[M],C-2[M],C-2[M],C-2[M],C-2[M],C-2[M],C-2[M],C-2[M],C-2[M],C-2[M],C-2[M],C-2[M],C-2[M],C-2[M],C-2[M],C-2[M],C-2[M],C-2[M],C-2[M],C-2[M],C-2[M],C-2[M],C-2[M],C-2[M],C-2[M],C-2[M],C-2[M],C-2[M],C-2[M],C-2[M],C-2[M],C-2[M],C-2[M],C-2[M],C-2[M],C-2[M],C-2[M],C-2[M],C-2[M],C-2[M],C-2[M],C-2[M],C-2[M],C-2[M],C-2[M],C-2[M],C-2[M],C-2[M],C-2[M],C-2[M],e3[L],g3[IJKL],e3[L],g3[IJKL],e3[L],d3[IJKL],e3[L],g3[JKL],e3[L],g3[JL],d3[K],g2[L],g2[L],#f2[K],#f2[L],g2[L],#f2[K],e2[K],e2[L],e2[K],e2[L],e2[L],d2[L],g2[L],g2[L],#f2[K],#f2[L],g2[L],#f2[K],e2[K],e2[L],e2[K],e2[L],e2[L],d2[L],g2[L],g2[L],#f2[K],c2[M],d2[M],#d2[M],g2[M],c3[M],V,V,V,c2[M],d2[M],#d2[M],g2[M],c3[M],V,V,V,f3[M],#d3[M],d3[M],#d3[M],c3[M],V,V,V,T,V,V,V,V,c2[M],d2[M],#d2[M],g2[M],c3[M],V,V,V,c2[M],d2[M],#d2[M],g2[M],c3[M],V,V,V,f3[M],#d3[M],d3[M],#d3[M],c3[M],V,V,V,T,V,V,V,V,g2[M],#a2[M],c3[M],g3[M],f3[M],V,V,g3[M],f3[M],g3[M],f3[M],#d3[M],f3[M],V,V,V,f3[M],g3[M],#a3[M],g3[M],#a2[M],V,V,g2[M],#a2[M],g2[M],#a2[M],f3[M],#d3[M],V,V,V,c2[M],d2[M],#d2[M],g2[M],c3[M],V,V,g3[M],(c3.g3)[M],f3[M],g3[M],f3[M],d3[M],V,V,V,f3[M],#d3[M],d3[M],#d3[M],c3[M],V,V,V,V,V,V,V,T,#G-1[M],#d[M],#a[M],c1[M],#d1[K],#A-1[M],f[M],c1[M],d1[M],f1[K],c[M],g[M],#a[M],c1[M],#d1[K],c[M],g[M],#a[M],c1[M],#d1[K],#G-1[M],#d[M],#a[M],c1[M],#d1[K],#A-1[M],f[M],c1[M],d1[M],f1[K],c[M],g[M],#a[M],#d1[M],g1[K],c[M],g[M],#a[M],c1[M],#d1[K],#G-1[M],#d[M],#a[M],c1[M],#d1[K],#A-1[M],f[M],c1[M],d1[M],f1[K],G-1[M],d[M],g[M],#a[M],d1[K],c[M],g[M],#a[M],c1[M],#d1[K],#G-1[M],#d[M],#a[M],c1[M],#d1[K],#A-1[M],(#d2)[KL],(#g2)[KL],(#a2)[KL],(#G-1.b2)[M],U,(#a2)[M],(#g.b2)[M],U,(#a2)[M],(#G-1.b2)[M],U,(#a2)[M],(#g.#g2)[M],U,(#d2)[M],(#c.e2)[K],(#g.b.b2)[M],U,(b2)[M],(#c)[M],U,(e1)[M],(#g1)[K],(#F-1.#c2.#a2)[M],U,(#c2.#g2)[M],(#f.#a2)[M],U,(#g2)[M],(#F-1.#a2)[M],U,(#g2)[M],(#f.#f2)[M],U,(#c2)[M],(B-1.#d2)[K],(#f.#a.#a2)[M],U,(#a2)[M],(B-1)[M],U,(#d1)[M],(#f1)[K],(E-1.#g2)[M],U,(#f2)[M],(e.#g2)[M],U,(#f2)[M],(E-1.#g2)[M],U,(#f2)[M],(e.#g2)[M],U,(#d3)[M],(#c.#c3)[M],U,(b2)[M],(b.#c3)[K],(e1)[M],U,(#g1)[M],(#g.#c2)[K],(#A-1.#c3)[M],U,(b2)[M],(e.#a2)[M],U,(b2)[M],(#A-1.#c3)[M],U,(#d3)[M],(e.#g.#c3)[M],U,(#g2)[M],(#D-1.#a2)[M],U,(#a)[M],(#d.g.#d1)[M],U,(f1)[M],(#D-1.g1)[M],U,(#g1)[M],(#a1)[K],(#G-1.b1)[M],U,(#a1)[M],(#g.b1)[M],U,(#a1)[M],(#G-1.b1)[M],U,(#a1)[M],(#g.#g1)[M],U,(#d1)[M],(#c.e1)[K],(#g.b1)[M],U,(b1)[M],(#c)[M],U,(#c1)[M],(#g.#d1)[K],(#F-1.#a1)[M],U,(#g1)[M],(#f.#a1)[M],U,(#g1)[M],(#F-1.#a1)[M],U,(#g1)[M];"],"id":2,"instruments":["piano","piano"],"alternatives":["",""]},{"bpm":148,"baseBeats":0.0625,"scores":["mute[M],mute[M],mute[K],mute[M],mute[M],mute[M],mute[M],mute[M],mute[M],mute[M],mute[M],mute[M],mute[M],mute[M],mute[M],mute[M],mute[M],mute[M],mute[M],mute[L],mute[L],mute[L],mute[L],mute[IJ],5<V>,5<V>,5<V>,5<V>,5<V>,5<V>,5<V>,5<V>,5<V>,5<V>,5<V>,5<V>,5<V>,5<V>,5<V>,5<V>,5<V>,5<V>,5<V>,5<V>,5<V>,5<V>,5<V>,5<V>,5<V>,5<V>,5<V>,5<V>,5<V>,5<V>,5<V>,5<V>,5<V>,5<V>,5<V>,5<V>,5<V>,5<V>,5<V>,5<V>,5<V>,5<V>,5<V>,5<V>,TU,TU,mute[M],mute[M],TU,TU,mute[M],mute[M],TU,mute[L],mute[L],mute[L],mute[L],mute[L],mute[L],mute[L],mute[L],mute[L],mute[L],mute[L],mute[L],mute[L],mute[L],mute[L],mute[L],mute[L],mute[L],mute[L],mute[L],mute[L],mute[L],mute[L],mute[L],mute[L],mute[L],mute[L],mute[L],mute[L],mute[L],mute[L],mute[L],mute[L],mute[L],mute[L],mute[L],mute[L],mute[L],mute[L],mute[L],mute[L],mute[L],mute[L],mute[L],mute[L],mute[L],mute[L],mute[L],mute[L],mute[L],mute[L],mute[L],mute[L],mute[L],mute[L],mute[L],mute[L],mute[L],mute[L],mute[L],mute[L],mute[L],mute[L],mute[L],mute[L],mute[L],mute[L],mute[L],mute[L],mute[L],mute[L],mute[L],mute[L],mute[L],mute[L],mute[L],mute[L],mute[L],mute[L],mute[L],mute[L],mute[L],mute[L],mute[L],mute[L],mute[L],mute[L],mute[L],QQQQQQQQQQQQQQQQQQ,mute[M],mute[M],mute[M],mute[M],mute[M],mute[M],mute[K],mute[M],mute[M],mute[M],mute[M],mute[M],mute[M],mute[M],mute[M],mute[M],mute[M],mute[M],mute[M],mute[K],mute[M],mute[M],mute[M],mute[M],mute[M],mute[M],mute[M],mute[M],mute[M],mute[M],mute[M],mute[M],mute[K],mute[M],mute[M],mute[M],mute[M],mute[M],mute[M],mute[M],mute[M],mute[M],mute[M],mute[M],mute[M],mute[K],mute[M],mute[M],mute[M],mute[M],mute[M],mute[M],mute[M],mute[M],mute[M],mute[M],mute[M],mute[M],mute[M],mute[M],mute[M],mute[M],mute[M],mute[M],mute[M],mute[M],mute[M],mute[M],mute[M],mute[M],mute[M],mute[M],mute[L],mute[K],mute[M],mute[M],mute[M],mute[M],mute[M],mute[M],mute[M],mute[M],mute[M],mute[M],mute[M],mute[M],mute[M],mute[M],mute[M],mute[M],mute[M],mute[M],mute[M],mute[M],mute[M],mute[M],mute[M],mute[M],mute[M],mute[M],mute[L],mute[K],mute[M],mute[M],mute[M],mute[M],mute[M],mute[M],mute[M],mute[M],mute[M],mute[M],mute[M],mute[M],mute[K],mute[M],mute[M],mute[M],mute[M],mute[M],mute[M],mute[M],mute[M],mute[M],mute[M],mute[M],mute[M],mute[K],mute[M],mute[M],mute[M],mute[M],mute[M],mute[M],mute[M],mute[M],mute[M],mute[M],mute[M],mute[M],mute[K],mute[M],mute[M],mute[M],mute[M],mute[M],mute[M],mute[M],mute[M],mute[M],mute[M],mute[M],mute[M],mute[K],mute[M],mute[M],mute[M],mute[M],mute[M],mute[M],mute[M],mute[M],mute[M],mute[M],mute[M],mute[M],mute[K],mute[M],mute[M],mute[M],mute[M],mute[M],mute[M],mute[M],mute[M],mute[M],mute[M],mute[M],mute[M],mute[K],mute[M],mute[M],mute[M],mute[M],mute[M],mute[M],mute[M],mute[M],mute[M],mute[M],mute[M],mute[M],mute[K],mute[M],mute[M],mute[M],mute[M],mute[M],mute[M],mute[M],mute[M],mute[M],mute[M],mute[M],mute[M],mute[K],mute[M],mute[M],mute[M],mute[M],mute[M],mute[M],mute[M],mute[M],mute[M],mute[M],mute[M],mute[M],mute[K],mute[M],mute[M],mute[M],mute[M],mute[M],mute[M],mute[M],mute[M],mute[M],mute[M],mute[M],mute[M],mute[K],mute[M],mute[M],mute[M],mute[M],mute[M],mute[M],mute[M],mute[M],mute[M],mute[M],mute[M],mute[M],mute[K],mute[M],mute[M],mute[M],mute[M],mute[M],mute[M],mute[M],mute[M],mute[M],mute[M],mute[M],mute[M],mute[HHHHHHHHIJKLMNOP];","(#f.#f1)[M],(#c1)[M],(B-1.#d1)[K],3<#d2[M],c2[M],#d2[M],g2[M],c3[M],#d3[M],d3[M],c3[M],d3[M],c3[M],b2[M],a2[M],g2[M],f2[M],#d2[M],d2[M]>,(a.a1)[L],(b.b1)[L],(c1.c2)[L],(e1.e2)[L],(a1.a2)[IJ],3<A-3[N],#A-3[N],B-3[N],C-2[N],C-2[N],D-2[N],#D-2[N],E-2[N],F-2[N],#F-2[N],G-2[N]>,3<#G-2[N],A-2[N],#A-2[N],B-2[N],C-1[N],#C-1[N],D-1[N],#D-1[N],E-1[N],F-1[N],#F-1[N]>,3<G-1[N],#G-1[N],A-1[N],#A-1[N],B-1[N],c[N],#c[N],d[N],#d[N],e[N],f[N]>,3<#f[N],g[N],#g[N],a[N],#a[N],b[N],c1[N],#c1[N],d1[N],#d1[N],e1[N]>,3<f1[N],#f1[N],g1[N],#g1[N],a1[N],#a1[N],b1[N],c2[N],#c2[N],d2[N],#d2[N]>,8<e2[N],f2[N],#f2[N],g2[N],#g2[N],a2[N],#a2[N],b2[N],c3[N],#c3[N],d3[N]>,3<#d3[N],e3[N],f3[N],#f3[N],g3[N],#g3[N],a3[N],#a3[N],b3[N],c4[N],#c4[N]>,3<d4[N],#d4[N],e4[N],f4[N],#f4[N],g4[N],#g4[N],a4[N],#a4[N],b4[N],c5[N]>,TU,TU,3<(d2.d3)[M]>,3<(f2.d3)[M]>,TU,TU,3<(d.#a)[M]>,3<(f.#a)[M]>,TU,E-1[L],e[L],#G-1[L],e[L],B-1[L],e[L],#G-1[L],e[L],A-1[L],a[L],c[L],a[L],e[L],a[L],c[L],a[L],e[L],e1[L],#g[L],e1[L],b[L],e1[L],#g[L],e1[L],a[L],e1[L],e[L],c1[L],c[L],a[L],A-1[L],a[L],D-1[L],f[L],A-1[L],f[L],d[L],f[L],A-1[L],f[L],A-1[L],a[L],c[L],a[L],e[L],a[L],c[L],a[L],E-1[L],e[L],#G-1[L],e[L],B-1[L],e[L],#G-1[L],e[L],A-1[L],a[L],c[L],a[L],e[L],a[L],c[L],a[L],b[L],f1[L],d1[L],f1[L],b[L],f1[L],d1[L],f1[L],#g[L],d1[L],b[L],d1[L],#g[L],d1[L],b[L],d1[L],f[L],d1[L],b[L],d1[L],d[L],d1[L],#d[L],#d1[L],QQQQQQQQQQQQQQQQQQ,5<E-1[M],B-2[M]>,5<G-1[M],E-1[M]>,5<B-2[M],G-2[M]>,(#D-2.#D-1)[K],5<b[M],#f[M]>,5<#d[M],B-1[M]>,5<#f[M],#d[M]>,5<B-1[M],#F-1[M]>,5<#d[M],B-1[M]>,5<#F-1[M],#D-1[M]>,(D-2.D-1)[K],5<d[M],A-1[M]>,5<#F-1[M],D-1[M]>,5<A-1[M],#F-1[M]>,5<D-1[M],A-2[M]>,5<#F-1[M],D-1[M]>,5<A-2[M],#F-2[M]>,(#C-2.#C-1)[K],5<a[M],e[M]>,5<#c[M],A-1[M]>,5<e[M],#c[M]>,5<A-1[M],E-1[M]>,5<#c[M],A-1[M]>,5<E-1[M],#C-1[M]>,(C-2.C-1)[K],5<c[M],G-1[M]>,5<E-1[M],C-1[M]>,5<G-1[M],E-1[M]>,5<C-1[M],G-2[M]>,5<E-1[M],C-1[M]>,5<G-2[M],E-2[M]>,5<G-2[M],C-1[M]>,5<E-1[M],G-1[M]>,5<c[M],e[M]>,5<g[M],e[M]>,5<c[M],G-1[M]>,5<E-1[M],C-1[M]>,5<G-2[M],E-2[M]>,C-2[L],(B-3.B-2)[K],5<B-1[M],#F-1[M]>,5<#D-1[M],B-2[M]>,5<#F-1[M],#D-1[M]>,5<B-2[M],#F-2[M]>,5<#D-1[M],B-2[M]>,5<#F-2[M],#D-2[M]>,5<#F-2[M],B-2[M]>,5<#D-1[M],#F-1[M]>,5<B-1[M],#d[M]>,5<#f[M],#d[M]>,5<B-1[M],#F-1[M]>,5<#D-1[M],B-2[M]>,5<#F-2[M],#D-2[M]>,B-3[L],(E-2.E-1)[K],5<e1[M],b[M]>,5<g[M],e[M]>,5<b[M],g[M]>,5<e[M],B-1[M]>,5<g[M],e[M]>,5<B-1[M],G-1[M]>,(A-2.A-1)[K],5<a[M],e[M]>,5<c[M],A-1[M]>,5<e[M],c[M]>,5<A-1[M],E-1[M]>,5<c[M],A-1[M]>,5<E-1[M],C-1[M]>,(E-2.E-1)[K],5<e1[M],b[M]>,5<g[M],e[M]>,5<b[M],g[M]>,5<e[M],B-1[M]>,5<g[M],e[M]>,5<B-1[M],G-1[M]>,(A-2.A-1)[K],5<a[M],e[M]>,5<c[M],A-1[M]>,5<e[M],c[M]>,5<A-1[M],E-1[M]>,5<c[M],A-1[M]>,5<E-1[M],C-1[M]>,(E-2.E-1)[K],5<e1[M],b[M]>,5<g[M],e[M]>,5<b[M],g[M]>,5<e[M],B-1[M]>,5<g[M],e[M]>,5<B-1[M],G-1[M]>,(A-2.A-1)[K],5<a[M],e[M]>,5<c[M],A-1[M]>,5<e[M],c[M]>,5<A-1[M],E-1[M]>,5<c[M],A-1[M]>,5<E-1[M],C-1[M]>,(C-2.C-1)[K],5<c1[M],g[M]>,5<e[M],c[M]>,5<g[M],e[M]>,5<c[M],G-1[M]>,5<e[M],c[M]>,5<G-1[M],E-1[M]>,(B-3.B-2)[K],5<b[M],#f[M]>,5<#d[M],B-1[M]>,5<#f[M],#d[M]>,5<B-1[M],#F-1[M]>,5<#d[M],B-1[M]>,5<#F-1[M],#D-1[M]>,(E-2.E-1)[K],5<e1[M],b[M]>,5<g[M],e[M]>,5<b[M],g[M]>,5<e[M],B-1[M]>,5<g[M],e[M]>,5<B-1[M],G-1[M]>,(A-2.A-1)[K],5<a[M],e[M]>,5<c[M],A-1[M]>,5<e[M],c[M]>,5<A-1[M],E-1[M]>,5<c[M],A-1[M]>,5<E-1[M],C-1[M]>,(E-2.E-1)[K],5<e1[M],b[M]>,5<g[M],e[M]>,5<b[M],g[M]>,5<e[M],B-1[M]>,5<g[M],e[M]>,5<B-1[M],G-1[M]>,(A-2.A-1)[K],5<a[M],e[M]>,5<c[M],A-1[M]>,5<e[M],c[M]>,5<A-1[M],E-1[M]>,5<c[M],A-1[M]>,5<E-1[M],C-1[M]>,G-2[HHHHHHHHIJKLMNOP];"],"id":3,"instruments":["piano","piano"],"alternatives":["",""]}],"audition":{"start":[0,0],"end":[1,0]}}