{"baseBpm":360,"musics":[{"bpm":360,"baseBeats":0.75,"scores":["#a[KL],d1[KL],f1[KL],(d1.f1.#a1.#a.#A-1)[JK],(f.F-1)[JK],(#a.#A-1)[JK],(d2.#d1.f1.a.A-1)[KL],c2[KL],(c2.f.F-1)[K],b1[K],c2[K],(f1.a.A-1)[JK],(f1.#a1.d2.#a.#A-1)[JK],(f.F-1)[JK],(#a.#A-1)[JK],(f2.f1.a1.c1.c)[KL],#d2[KL],(f1.a1.c2.f.F-1)[IJ],(c1.f1.a1)[JK],f[JK],#d[JK],(d1.f1.#a1.d)[JK],(#d1.a1.c2.c)[JK],(f1.#a1.d2.#A-1)[JK],(g1.#d)[JK],(#d1.g1.c2.c)[JK],(#d1.a1.f)[JK],(d1.#a1.#A-1)[IL],#a[KL],d1[KL],f1[KL],(d1.f1.#a1.#a.#A-1)[JK],(f.F-1)[JK],(#a.#A-1)[JK],(d2.#d1.f1.a.A-1)[KL],c2[KL],(c2.f.F-1)[K],b1[K],c2[K],(f1.a.A-1)[JK],(f1.#a1.d2.#a.#A-1)[JK],(f.F-1)[JK],(#a.#A-1)[JK],(f2.f1.a1.c1.c)[KL],#d2[KL],(f1.a1.c2.f.F-1)[IJ],(c1.f1.a1)[JK],f[JK],#d[JK],(d1.f1.#a1.d)[JK],(#d1.a1.c2.c)[JK],(f1.#a1.d2.#A-1)[JK],(g1.#d)[JK],(#d1.g1.c2.c)[JKN],(#d1.a1.f)[JKN],(d1.#a1.#A-1)[ILMN],f1[KL],a1[KL],c2[KL],(f2.f.a.c1)[JK],(f.a.c1)[JK],(f.a.c1)[JK],(f2.f.g.#a)[KL],e2[KL],(e2.f.g.#a)[K],d2[K],e2[K],(c2.f.g.#a)[JK],(f2.f.a.c1)[JK],(f.a.c1)[JK],(f.a.c1)[JK],(f2.f.a.c1)[KL],(#d2.#d1)[KL],(#d2.#d1)[KL],(d2.d1)[KL],(#d2.#d1)[KL],(c2.c1)[KL],(d1.f1.#a1.#a.#A-1)[JK],(f.F-1)[JK],(#a.#A-1)[JK],(d2.#d1.f1.a.A-1)[KL],c2[KL],(c2.f.F-1)[K],b1[K],c2[K],(f1.a.A-1)[JK],(f1.#a.#A-1)[KL],d2[KL],(#d1.c2.#d.#D-1)[KL],(g1.d2)[KL],(c1.a1.f.F-1)[KL],(#d1.c2)[KL],(c2.#A-1)[JK],(d1.#a1)[KL],f1[KL],a1[KL],c2[KL],(f2.f.a.c1)[JK],(f.a.c1)[JK],(f.a.c1)[JK],(f2.f.g.#a)[KL],e2[KL],(e2.f.g.#a)[K],d2[K],e2[K],(c2.f.g.#a)[JK],(f2.f.a.c1)[JK],(f.a.c1)[JK],(f.a.c1)[JKN],(f2.f.a.c1)[KL],(#d2.#d1)[KL],(#d2.#d1)[KL],(d2.d1)[KL],(#d2.#d1)[KLN],(c2.c1)[KLN],(d1.f1.#a1.#a.#A-1)[JK],(f.F-1)[JK],(#a.#A-1)[JK],(d2.#d1.f1.a.A-1)[KL],c2[KL],(c2.f.F-1)[K],b1[K],c2[K],(f1.a.A-1)[JK],"],"id":1},{"bpm":360,"baseBeats":0.75,"scores":["(f1.#a.#A-1)[KL],d2[KL],(#d1.c2.#d.#D-1)[KL],(g1.d2)[KL],(c1.a1.f.F-1)[KLM],(#d1.c2)[KL],(c2.#A-1)[JKM],(d1.#a1)[JKM],f1[JK],#A-1[KL],#d1[KL],(d1.d)[KL],c1[KL],(#a.#a1.f)[JK],G-1[KL],a1[KL],(g1.#A-1)[KL],f1[KL],(#d1.#d2.#d)[JK],F-1[KL],d2[KL],(c2.c)[KL],#a1[KL],(a1.f2.#d)[JK],(#a1.d)[KL],#d2[KL],(d2.#A-1)[KL],c2[KL],(d3.#a2)[JK],c[KL],(a2.c3)[KL],(g2.#a2.c1)[KL],(f2.a2)[KL],(e2.g2.c2.#a)[JK],(a2.f2.a)[KL],#a1[KL],(a1.f)[KL],g1[KL],(f2.a2.a1)[KL],(c3.a2)[KL],(c3.a2.#a)[KL],(g2.#a2)[KL],(g2.#a2.c1)[KL],(f2.a2)[KL],(f2.a2.c)[KL],(e2.g2)[KL],(f2.f)[JK],F-1[JK],f1[JK],#A-1[KL],#d1[KL],(d1.d)[KL],c1[KL],(#a.#a1.f)[JK],G-1[KL],a1[KL],(g1.#A-1)[KL],f1[KL],(#d1.#d2.#d)[JK],F-1[KL],d2[KL],(c2.c)[KL],#a1[KL],(a1.f2.#d)[JK],(#a1.d)[KL],#d2[KL],(d2.#A-1)[KL],c2[KL],(d3.#a2)[JK],c[KL],(a2.c3)[KL],(g2.#a2.c1)[KL],(f2.a2)[KL],(e2.g2.c2.#a)[JK],(a2.f2.a)[KL],#a1[KL],(a1.f)[KL],g1[KL],(f2.a2.a1)[KL],(c3.a2)[KL],(c3.a2.#a)[KL],(g2.#a2)[KL],(g2.#a2.c1)[KL],(f2.a2)[KL],(f2.a2.c)[KLM],(e2.g2)[KL],(f2.f)[JKM],F-1[JKM],f1[JK],G-1[KL],#d1[KL],(d1.g)[KL],c1[KL],(g2.b.f)[JK],(#d.c1)[KL],f2[KL],(#d2.c)[KL],d2[KL],(c2.#d1)[JK],F-1[KL],d1[KL],(c1.f)[KL],#a[KL],(f2.a.#d)[JK],(d.#a)[KL],#d2[KL],(d2.#A-1)[KL],c2[KL],(d3.f2)[JK],#A-1[KL],(#d2.c3)[KL],(d2.#a2.#a)[KL],(c2.a2)[KL],(f3.d3)[JK],#A-1[KL],(#d3.c3)[KL],(d3.#a2.#a)[KL],(c3.a2)[KL],(d3.#a2)[KL],(f3.d3)[KL],(f3.d3.#d)[KL],(#d3.c3)[KL],(#d3.c3.f)[KL],(d3.#a2)[KL],(d3.#a2.F-1)[KL],(a2.c3)[KL],(#a2.#A-1)[JK],#a[JK],f1[JK],G-1[KL],#d1[KL],(d1.g)[KL],c1[KL],(g2.b.f)[JK],(#d.c1)[KL],f2[KL],(#d2.c)[KL],d2[KL],(c2.#d1)[JK],F-1[KL],d1[KL],(c1.f)[KL],#a[KL],(f2.a.#d)[JK],(d.#a)[KL],#d2[KL],(d2.#A-1)[KL],"],"id":2},{"bpm":360,"baseBeats":0.75,"scores":["c2[KL],(d3.f2)[JK],#A-1[KL],(#d2.c3)[KL],(d2.#a2.#a)[KL],(c2.a2)[KL],(f3.d3)[JK],#A-1[KL],(#d3.c3)[KL],(d3.#a2.#a)[KL],(c3.a2)[KL],(d3.#a2)[KL],(f3.d3)[KL],(f3.d3.#d)[KL],(#d3.c3)[KL],(#d3.c3.f)[KLN],(d3.#a2)[KLN],(d3.#a2.F-1)[KLM],(a2.c3)[KLM],(#a2.#A-1)[JKM],#a[KLM],#a[KLM],d1[KLN],f1[KLM],(d1.f1.#a1.#a.#A-1)[JKMN],(f.F-1)[JKM],(#a.#A-1)[JK],(d2.#d1.f1.a.A-1)[KL],c2[KL],(c2.f.F-1)[K],b1[K],c2[K],(f1.a.A-1)[JK],(f1.#a1.d2.#a.#A-1)[JK],(f.F-1)[JK],(#a.#A-1)[JK],(f2.f1.a1.c1.c)[KL],#d2[KL],(f1.a1.c2.f.F-1)[IJ],(c1.f1.a1)[JK],f[JK],#d[JK],(d1.f1.#a1.d)[JK],(#d1.a1.c2.c)[JK],(f1.#a1.d2.#A-1)[JK],(g1.#d)[JK],(#d1.g1.c2.c)[JK],(#d1.a1.f)[JKM],(d1.#a1.#A-1)[ILMN],f1[KL],a1[KL],c2[KL],(f2.f.a.c1)[JK],(f.a.c1)[JK],(f.a.c1)[JK],(f2.f.g.#a)[KL],e2[KL],(e2.f.g.#a)[K],d2[K],e2[K],(c2.f.g.#a)[JK],(f2.f.a.c1)[JK],(f.a.c1)[JK],(f.a.c1)[JK],(f2.f.a.c1)[KL],(#d2.#d1)[KL],(#d2.#d1)[KL],(d2.d1)[KL],(#d2.#d1)[KLN],(c2.c1)[KLN],(d1.f1.#a1.#a.#A-1)[JK],(f.F-1)[JK],(#a.#A-1)[JK],(d2.#d1.f1.a.A-1)[KL],c2[KL],(c2.f.F-1)[K],b1[K],c2[K],(f1.a.A-1)[JK],(f1.#a.#A-1)[KL],d2[KL],(#d1.c2.#d.#D-1)[KLN],(g1.d2)[KL],(c1.a1.f.F-1)[KL],(#d1.c2)[KLN],(c2.#A-1)[JKN],(d1.#a1)[KL],f1[KL],a1[KL],c2[KL],(f2.f.a.c1)[JK],(f.a.c1)[JK],(f.a.c1)[JK],(f2.f.g.#a)[KL],e2[KL],(e2.f.g.#a)[K],d2[K],e2[K],(c2.f.g.#a)[JK],(f2.f.a.c1)[JK],(f.a.c1)[JK],(f.a.c1)[JKN],(f2.f.a.c1)[KL],(#d2.#d1)[KL],(#d2.#d1)[KL],(d2.d1)[KLN],(#d2.#d1)[KL],(c2.c1)[KLM],(d1.f1.#a1.#a.#A-1)[JK],(f.F-1)[JK],(#a.#A-1)[JK],(d2.#d1.f1.a.A-1)[KL],c2[KL],(c2.f.F-1)[K],b1[K],c2[K],(f1.a.A-1)[JKN],(f1.#a.#A-1)[KLN],d2[KL],(#d1.c2.#d.#D-1)[KLN],(g1.d2)[KLN],(c1.a1.f.F-1)[KLM],(#d1.c2)[KLMN],(c2.#A-1)[JKLN],(d1.#a1)[HHN],"],"id":3}],"audition":{"start":[0,0],"end":[1,0]}}