{"baseBpm":372,"musics":[{"bpm":372,"baseBeats":0.75,"scores":["g2[JM],c3[LM],(e2.g2.e3.c.c1)[JK],(c1.c2)[JK],(d2.f2.d3.c1.c2)[JK],(c3.e2.c1.c2)[JK],(c3.c2.c1.g1.b1)[JK],(c3.c2.c1.f1.a1)[JK],(c3.c2.c1.e1.g1)[JK],(b2.b1.d1.f1.g1)[JK],(d3.c1.e1.g1)[LM],c3[LM],b2[LM],c3[LM],(g2.d3.d2.b.d1.g1)[JK],g[JK],g2[JM],c3[LM],(e3.e2.c1.c)[JK],(c1.e1.g1)[JK],(e3.e2.b.d1.e1.#g1)[JK],(e3.e2.a.c1.e1.a1)[JK],(d3.d2.b.d1.e1.#g1)[JK],(c3.c2.c1.e1.a1)[JK],(b2.b1.d1.g1)[JK],(c3.c2.a1)[JK],(a2.a1.d1.#f1)[JKM],(g2.g1.g)[JKN],G-1[JKN],g2[JM],c3[LM],(e2.g2.e3.c.c1)[JK],(c1.c2)[JK],(d2.f2.d3.c1.c2)[JK],(c3.e2.c1.c2)[JK],(c3.c2.c1.g1.b1)[JK],(c3.c2.c1.f1.a1)[JK],(c3.c2.c1.e1.g1)[JK],(b2.b1.d1.f1.g1)[JK],(d3.c1.e1.g1)[LM],c3[LM],b2[LM],c3[LMN],(g2.d3.d2.b.d1.g1)[JKN],g[JK],g2[JM],c3[LM],(e3.e2.c1.c)[JK],(c1.e1.g1)[JK],(e3.e2.b.d1.e1.#g1)[JK],(e3.e2.a.c1.e1.a1)[JK],(d3.d2.b.d1.e1.#g1)[JK],(c3.c2.c1.e1.a1)[JK],(b2.b1.d1.g1)[JK],(c3.c2.a1)[JKN],(a2.a1.d1.#f1)[JKM],(g2.g1.g)[JKN],G-1[JKM],g2[JM],d3[LM],(f3.f2.d1.b)[KL],g[KL],(f3.f2.d1.b)[KL],(e3.e2.g)[KL],(d3.d2.e1.c1)[KL],(c3.c2.g)[KL],(c3.c2.f1.d1)[KL],g[KL],(b2.b1.d1.f1)[KL],g[KL],(c3.c2.c1.e1)[KL],(g3.g2.g)[KL],(g3.g2.d1.b)[KL],(f3.f2.g)[KL],(f3.f2.d1.b)[KL],(e3.e2.g)[KL],(d3.d2.e1.c1)[KL],(c3.c2.g)[KL],(c3.c2.d1.f1)[KL],(#c1.e1)[KL],(b2.b1.d1.f1)[KL],(#c1.e1)[KL],(g2.f1.d1)[KL],(b.d1)[LM],c3[LM],(e3.g2.e2.c1.c)[JK],(c1.c)[JK],(d2.f2.d3.c1.c)[JK],(c3.e2.c2.c1.c)[JK],(c3.e2.c2.#g.#G-1)[JK],(c2.e2.c3.a.A-1)[JK],(c3.a2.c2.f.F-1)[JK],(d3.a2.f2.d.D-1)[JK],(d2.f2.b2.g.G-1)[JKN],(c3.e2.c2.c.C-1)[JKN],(c1.c)[JKN],g2[JM],d3[LM],(f3.f2.d1.b)[KL],g[KL],(f3.f2.d1.b)[KL],(e3.e2.g)[KL],(d3.d2.e1.c1)[KL],(c3.c2.g)[KL],(c3.c2.f1.d1)[KL],g[KL],(b2.b1.d1.f1)[KL],g[KL],(c3.c2.c1.e1)[KL],(g3.g2.g)[KL],(g3.g2.d1.b)[KL],(f3.f2.g)[KL],(f3.f2.d1.b)[KL],(e3.e2.g)[KL],(d3.d2.e1.c1)[KL],(c3.c2.g)[KL],(c3.c2.d1.f1)[KL],(#c1.e1)[KL],(b2.b1.d1.f1)[KL],(#c1.e1)[KL],(g2.f1.d1)[KL],(b.d1)[LM],c3[LM],(e3.g2.e2.c1.c)[JK],(c1.c)[JK],(d2.f2.d3.c1.c)[JK],(c3.e2.c2.c1.c)[JK],"],"id":1},{"bpm":372,"baseBeats":0.75,"scores":["(c3.e2.c2.#g.#G-1)[JK],(c2.e2.c3.a.A-1)[JK],(c3.a2.c2.f.F-1)[JK],(d3.a2.f2.d.D-1)[JKN],(d2.f2.b2.g.G-1)[JKN],(c3.e2.c2.c.C-1)[JKM],(c1.c)[JKM],(g.G-1)[JM],(g.G-1)[LM],(c1.c)[JK],(c2.g1.c1.e)[JK],(g1.c2.e.c1)[JM],(g1.c2.e.c1)[LM],(b1.d2.d1.g)[JK],(g1.c2.e.c1)[JK],(g.G-1)[JM],(g.G-1)[LM],(c1.c)[JK],(c2.e2.e1.c1)[JK],(c2.e2.c1.e1)[JM],(c2.e2.e1.c1)[LM],(f2.b1.g.d1)[JK],(c2.e2.e1.c1)[JK],(c2.c1)[JM],(c2.c1)[LM],(a1.a)[JK],(c3.a2.e2)[JK],(c3.a2.d2.#f1.#f)[JM],(#f1.#f)[LM],(g1.g)[JK],(b2.g2.d2)[JK],(g2.b1.#c1.#c)[JM],(#c1.#c)[LM],(d1.d)[JK],(b1.d2.g2)[JK],(#f2.d2.c2.a1.d1.d)[JM],(d1.d)[LM],(g1.b1.d2.g2.g.G-1)[IJ],(g.G-1)[JM],(g.G-1)[LM],(c1.c)[JK],(c2.g1.c1.e)[JK],(g1.c2.e.c1)[JM],(g1.c2.e.c1)[LM],(b1.d2.d1.g)[JK],(g1.c2.e.c1)[JK],(g.G-1)[JM],(g.G-1)[LM],(c1.c)[JK],(c2.e2.e1.c1)[JK],(c2.e2.c1.e1)[JM],(c2.e2.e1.c1)[LM],(f2.b1.g.d1)[JK],(c2.e2.e1.c1)[JK],(c2.c1)[JM],(c2.c1)[LM],(a1.a)[JK],(c3.a2.e2)[JK],(c3.a2.d2.#f1.#f)[JM],(#f1.#f)[LM],(g1.g)[JK],(b2.g2.d2)[JK],(g2.b1.#c1.#c)[JM],(#c1.#c)[LM],(d1.d)[JK],(b1.d2.g2)[JK],(#f2.d2.c2.a1.d1.d)[JMN],(d1.d)[LM],(g1.b1.d2.g2.g.G-1)[IJMN],(g.G-1)[JM],(g.G-1)[LM],(#g.#G-1)[JK],(g.G-1)[JK],(b1.g2.g.d1)[JM],(b1.g2.g.d1)[LM],(c2.#f2.#g.c1)[JK],(b1.g2.g.d1)[JK],(g.G-1)[JM],(g.G-1)[LM],(#f.#F-1)[JK],(g.G-1)[JK],(b1.g2.d1.g)[JM],(b1.g2.g.d1)[LM],(a2.c2.#d1.#f)[JK],(b1.g2.g.d1)[JK],(g1.g)[JM],(g1.g)[LM],(c2.c1)[JK],(c2.e2.c3)[JK],(c3.e2.c2.a1.a)[JM],(a1.a)[LM],(f1.f)[JK],(c2.d2.a2.c3)[JK],(c2.#d2.a2.c3.#f1.#f)[JM],(#f1.#f)[LM],(g1.g)[JK],(e2.c2.g2.c3)[JKN],(d2.f2.g2.b2.g.G-1)[JM],(g.G-1)[LMN],(c2.e2.g2.c3.c.C-1)[IJM],(g.G-1)[JM],(g.G-1)[LM],(#g.#G-1)[JK],(g.G-1)[JK],(b1.g2.g.d1)[JM],(b1.g2.g.d1)[LM],(c2.#f2.#g.c1)[JK],(b1.g2.g.d1)[JK],(g.G-1)[JM],(g.G-1)[LM],(#f.#F-1)[JK],(g.G-1)[JK],(b1.g2.d1.g)[JM],(b1.g2.g.d1)[LM],(a2.c2.#d1.#f)[JK],(b1.g2.g.d1)[JK],"],"id":2},{"bpm":372,"baseBeats":0.75,"scores":["(g1.g)[JM],(g1.g)[LM],(c2.c1)[JK],(c2.e2.c3)[JK],(c3.e2.c2.a1.a)[JM],(a1.a)[LM],(f1.f)[JK],(c2.d2.a2.c3)[JK],(c2.#d2.a2.c3.#f1.#f)[JM],(#f1.#f)[LM],(g1.g)[JK],(e2.c2.g2.c3)[JKN],(d2.f2.g2.b2.g.G-1)[JMN],(g.G-1)[LMN],(c2.e2.g2.c3.c.C-1)[IJMN],g2[JM],c3[LM],(e2.g2.e3.c.c1)[JK],(c1.c2)[JK],(d2.f2.d3.c1.c2)[JK],(c3.e2.c1.c2)[JK],(c3.c2.c1.g1.b1)[JK],(c3.c2.c1.f1.a1)[JK],(c3.c2.c1.e1.g1)[JK],(b2.b1.d1.f1.g1)[JK],(d3.c1.e1.g1)[LM],c3[LM],b2[LM],c3[LM],(g2.d3.d2.b.d1.g1)[JK],g[JK],g2[JM],c3[LM],(e3.e2.c1.c)[JK],(c1.e1.g1)[JK],(e3.e2.b.d1.e1.#g1)[JK],(e3.e2.a.c1.e1.a1)[JK],(d3.d2.b.d1.e1.#g1)[JK],(c3.c2.c1.e1.a1)[JK],(b2.b1.d1.g1)[JK],(c3.c2.a1)[JKN],(a2.a1.d1.#f1)[JKN],(g2.g1.g)[JKN],G-1[JKN],g2[JM],d3[LM],(f3.f2.d1.b)[KL],g[KL],(f3.f2.d1.b)[KL],(e3.e2.g)[KL],(d3.d2.e1.c1)[KL],(c3.c2.g)[KL],(c3.c2.f1.d1)[KL],g[KL],(b2.b1.d1.f1)[KL],g[KL],(c3.c2.c1.e1)[KL],(g3.g2.g)[KL],(g3.g2.d1.b)[KL],(f3.f2.g)[KL],(f3.f2.d1.b)[KL],(e3.e2.g)[KL],(d3.d2.e1.c1)[KL],(c3.c2.g)[KL],(c3.c2.d1.f1)[KL],(#c1.e1)[KL],(b2.b1.d1.f1)[KL],(#c1.e1)[KL],(g2.f1.d1)[KL],(b.d1)[LM],c3[LM],(e3.g2.e2.c1.c)[JK],(c1.c)[JK],(d2.f2.d3.c1.c)[JK],(c3.e2.c2.c1.c)[JK],(c3.e2.c2.#g.#G-1)[JK],(c2.e2.c3.a.A-1)[JK],(c3.a2.c2.f.F-1)[JK],(d3.a2.f2.d.D-1)[JKN],(d2.f2.b2.g.G-1)[JKN],(c3.e2.c2.c.C-1)[JKN],(c1.c)[JKM],g2[JM],d3[LM],(f3.f2.d1.b)[KL],g[KL],(f3.f2.d1.b)[KL],(e3.e2.g)[KL],(d3.d2.e1.c1)[KL],(c3.c2.g)[KL],(c3.c2.f1.d1)[KL],g[KL],(b2.b1.d1.f1)[KL],g[KL],(c3.c2.c1.e1)[KL],(g3.g2.g)[KL],(g3.g2.d1.b)[KL],(f3.f2.g)[KL],(f3.f2.d1.b)[KL],(e3.e2.g)[KL],(d3.d2.e1.c1)[KL],(c3.c2.g)[KL],(c3.c2.d1.f1)[KL],(#c1.e1)[KL],(b2.b1.d1.f1)[KL],(#c1.e1)[KL],(g2.f1.d1)[KL],(b.d1)[LM],c3[LM],(e3.g2.e2.c1.c)[JK],(c1.c)[JK],(d2.f2.d3.c1.c)[JK],(c3.e2.c2.c1.c)[JK],(c3.e2.c2.#g.#G-1)[JK],(c2.e2.c3.a.A-1)[JK],(c3.a2.c2.f.F-1)[JKN],(d3.a2.f2.d.D-1)[JKMN],(d2.f2.b2.g.G-1)[JKLM],(c3.e2.c2.c.C-1)[JKLM],(c1.c)[HHJKMNOP],"],"id":3}],"audition":{"start":[0,0],"end":[1,0]}}