{"baseBpm":360,"musics":[{"bpm":360,"baseBeats":0.75,"scores":["#a1[JM],#d2[LM],(#d.g.#d1.#d2)[JM],(#d.g)[LM],(#d.g)[JK],#a1[JM],g2[LM],(#d.g.g1.g2)[JM],(#d.g)[LM],(#d.g)[JK],#a1[JM],#a2[LM],(#d.g.#a2)[JM],(#d.g)[LM],(#d.g)[JM],(#d.g)[LM],(#d.g.#g2)[LM],g2[LM],f2[LM],(#d.g.#d2)[LM],(f.#g.#d2)[JK],d2[JK],#a1[JM],#g2[LM],(#A-2.#A-1.#g2)[JK],(#A-1.#a)[KL],f2[KL],d2[KL],#a1[KL],#g1[KL],f1[KL],d1[KL],(#A-1.#a)[KL],(#d.#d1)[KL],(g.g1)[KL],(#a.g1.#a1)[JM],(f1.#g1)[LM],(#d1.g1)[JK],(#A-1.#g.d1.f1)[JK],(#d.g.#d1)[JK],#D-1[JK],#a1[JM],#d2[LM],(#d.g.#d1.#d2)[JM],(#d.g)[LM],(#d.g)[JK],#a1[JM],g2[LM],(#d.g.g1.g2)[JM],(#d.g)[LM],(#d.g)[JK],#a1[JM],#a2[LM],(#d.g.#a2)[JM],(#d.g)[LM],(#d.g)[JM],(#d.g)[LM],(#d.g.#g2)[LM],g2[LM],f2[LM],(#d.g.#d2)[LM],(f.#g.#d2)[JK],d2[JK],#a1[JM],#g2[LM],(#A-2.#A-1.#g2)[JK],(#A-1.#a)[KL],f2[KL],d2[KL],#a1[KL],#g1[KL],f1[KL],d1[KL],(#A-1.#a)[KL],(#d.#d1)[KL],(g.g1)[KL],(#a.g1.#a1)[JM],(f1.#g1)[LM],(#d1.g1)[JKN],(#A-1.#g.d1.f1)[JKN],(#d.g.#d1)[JKM],#D-1[JKM],#d1[JM],#d2[LM],(c.#d1.#d2)[KL],#d[KL],(#A-1.#d1.d2)[KL],#d[KL],(#G-1.#d1.c2)[KL],#d[KL],(G-1.#d1.#a1)[KL],#d[KL],#d[KL],#d[KL],(#d.#d1)[KL],#d[LM],#d2[LM],(c.#d1.#d2)[KL],#d[KL],(#A-1.#d1.d2)[KL],#d[KL],(#G-1.#d1.c2)[KL],#d[KL],(G-1.#d1.#a1)[KL],#a[KL],#g[KL],g[KL],(f.#a1)[KL],#d[LM],#g2[LM],(d.f.#g.#a.#g1.#g2)[JK],(d.f.#g.#a)[KL],f2[KL],d2[KL],#a1[KL],#g1[KL],f1[KL],d1[KL],(#g.#a)[KL],(g.#d1)[KL],(#d.g1)[KL],(#a.g1.#a1)[JM],(f1.#g1)[LM],(#d1.g1)[JK],(#A-1.#g.d1.f1)[JK],(#d.g.#d1)[JK],#D-1[JK],#d1[JM],#d2[LM],(c.#d1.#d2)[KL],#d[KL],(#A-1.#d1.d2)[KL],#d[KL],(#G-1.#d1.c2)[KL],#d[KL],(G-1.#d1.#a1)[KL],#d[KL],#d[KL],#d[KL],(#d.#d1)[KL],#d[LM],#d2[LM],(c.#d1.#d2)[KL],#d[KL],(#A-1.#d1.d2)[KL],#d[KL],(#G-1.#d1.c2)[KL],#d[KL],(G-1.#d1.#a1)[KL],#a[KL],#g[KL],g[KL],(f.#a1)[KL],#d[LM],#g2[LM],(d.f.#g.#a.#g1.#g2)[JK],(d.f.#g.#a)[KL],f2[KL],d2[KL],#a1[KL],#g1[KL],f1[KL],d1[KL],(#g.#a)[KL],"],"id":1},{"bpm":360,"baseBeats":0.75,"scores":["TU,TU,SV,mute[LM],STW,STV,STV,STV,ST,TU,TU,TU,TU,TU,TU,TU,TU,TU,TU,TU,TU,TU,TU,TU,TU,TU,mute[LM],mute[LM],TU,TU,TU,TU,TU,TU,TU,TU,TU,TU,TU,TU,TU,TU,TU,TU,TU,TU,TU,TU,TU,TU,TU,TU,TU,TU,TU,TU,TU,TU,TU,TU,TU,TU,TU,TU,TU,TU,TU,TU,TU,TU,TU,TU,TU,TU,TU,mute[LM],mute[LM],TU,TU,TU,TU,TU,TU,TU,TU,TU,TU,TU,TU,TU,TU,TU,TU,TU,TU,TU,TU,TU,TU,TU,TU,TU,TU,TUW,TU,TUW,TUW,TU,TU,TU,TU,TU,TU,TU,TU,TU,TU,TU,TU,TU,TU,TU,TU,TU,TU,TU,TU,TU,TU,TU,TU,TU,TU,TU,TU,mute[LM],mute[LM],mute[LM],mute[LM],TU,TU,TU,TU,TU,TU,TU,TU,TU,TU,TU,TU,TU,TU,TU,TU,TU,TU,TU,TU,TU,TU,TU,TU,TU,","(g.#d1)[KL],(#d.g1)[KL],(#a.g1.#a1)[JM],(f1.#g1)[LM],(#d1.g1)[JKN],(#A-1.#g.d1.f1)[JKM],(#d.g.#d1)[JKM],#D-1[JKM],#a[JK],(g.#d.#d1)[KL],#a[KL],(g.d)[KL],#a[KL],(g.c)[KL],#a[KL],(#g.#A-1.f1)[KL],#a[KN],g1[MN],(#g.f1)[KL],(#a.#d1)[KL],(#g.f1)[KL],(#a.g1)[KL],(g.#d.#d1)[KL],#a[KL],(g.d)[KL],#a[KL],(g.c.f1)[KL],#a[LM],g1[LM],(d.#A-1.#g1)[KL],#a[KN],#a1[MN],(d.#g1)[KL],(#a.g1)[KL],(d.#g1)[KL],(#a.#a1)[KL],(#d.g1)[KL],#d1[KL],(d.g2)[KL],d1[KL],(c.g2)[KL],c1[KL],(B-1.g2)[KL],b[KL],B-1[KL],(b.f2)[KL],(c.e2)[KL],(c1.#d2)[KL],(f.d2)[KL],(#a.#d2)[KL],(f.c2)[KL],(#a.d2)[KL],(f.#d2)[KL],(a.f2)[KL],(#A-1.#a1)[KL],#a[KL],a[KL],#a[KL],#g[KL],#a[KL],(g.#d.#d1)[KL],#a[KL],(g.d)[KL],#a[KL],(g.c)[KL],#a[KL],(#g.#A-1.f1)[KL],#a[KN],g1[MN],(#g.f1)[KL],(#a.#d1)[KL],(#g.f1)[KL],(#a.g1)[KL],(g.#d.#d1)[KL],#a[KL],(g.d)[KL],#a[KL],(g.c.f1)[KL],#a[LM],g1[LM],(d.#A-1.#g1)[KL],#a[KN],#a1[MN],(d.#g1)[KL],(#a.g1)[KL],(d.#g1)[KL],(#a.#a1)[KL],(#d.g1)[KL],#d1[KL],(d.g2)[KL],d1[KL],(c.g2)[KL],c1[KL],(B-1.g2)[KL],b[KL],B-1[KL],(b.f2)[KL],(c.e2)[KL],(c1.#d2)[KL],(f.d2)[KL],(#a.#d2)[KL],(f.c2)[KL],(#a.d2)[KL],(f.#d2)[KL],(a.f2)[KL],(#A-1.#a1)[KL],#a[KL],#a[KLN],#a[KL],#a[KLN],(#a.#a1)[KLN],(a.a1)[KL],(#a.#a1)[KL],(a.a1)[KL],(#a.#a1)[KL],(g.f2)[KL],(#a.#d2)[KL],(f.#d2)[KL],#a[KL],(#a.d2)[KL],#a[KL],#a[KL],(#a.#a1)[KL],(g.a1)[KL],(#a.#a1)[KL],(f.a1)[KL],(#a.#a1)[KL],(#d.d2.#f2)[KL],(#a.#d2.g2)[KL],(#A-1.#d2.g2)[KL],#a[KL],(#a.d2.f2)[KL],#a[KL],a[KL],(#a.#a1)[KL],(g.#d.#d2)[KL],#a[KL],(g.d)[KL],#a[KL],(g.c.f2)[LM],#d2[LM],(#a.d2)[LM],#d2[LM],(#g.#A-1.f2)[KL],#a[KL],#g[KL],(#a.g2)[KL],(#g.f.#g2)[KL],(#a.d2)[KL],(g.#d.#d2)[KL],(#a.e2)[KL],(#g.#A-1.f2)[KL],(#a.g2)[KL],(#g.#A-1.#g2)[KL],(#a.d2)[KL],(#d.g.#d2)[KL],#a[KL],#a[KL],#a[KL],#a[KL],#a[KL],(a.a1)[KL],(#a.#a1)[KL],(a.a1)[KL],(#a.#a1)[KL],(g.f2)[KL],(#a.#d2)[KL],(f.#d2)[KL],"],"id":2},{"bpm":360,"baseBeats":0.75,"scores":["#a[KL],(#a.d2)[KL],#a[KL],#a[KL],(#a.#a1)[KL],(g.a1)[KL],(#a.#a1)[KL],(f.a1)[KL],(#a.#a1)[KL],(#d.d2.#f2)[KL],(#a.#d2.g2)[KL],(#A-1.#d2.g2)[KL],#a[KL],(#a.d2.f2)[KL],#a[KL],a[KL],(#a.#a1)[KL],(g.#d.#d2)[KL],#a[KL],(g.d)[KL],#a[KL],(g.c.f2)[LM],#d2[LM],(#a.d2)[LM],#d2[LM],(#g.#A-1.f2)[KL],#a[KL],#g[KL],(#a.g2)[KL],(#g.f.#g2)[KL],(#a.d2)[KL],(g.#d.#d2)[KL],(#a.e2)[KL],(#g.#A-1.f2)[KLN],(#a.g2)[KL],(#g.#A-1.#g2)[KLN],(#a.d2)[KLN],(#d.g.#d2)[IJLN],#a1[JM],#d2[LM],(#d.g.#d1.#d2)[JM],(#d.g)[LM],(#d.g)[JK],#a1[JM],g2[LM],(#d.g.g1.g2)[JM],(#d.g)[LM],(#d.g)[JK],#a1[JM],#a2[LM],(#d.g.#a2)[JM],(#d.g)[LM],(#d.g)[JM],(#d.g)[LM],(#d.g.#g2)[LM],g2[LM],f2[LM],(#d.g.#d2)[LM],(f.#g.#d2)[JK],d2[JK],#a1[JM],#g2[LM],(#A-2.#A-1.#g2)[JK],(#A-1.#a)[KL],f2[KL],d2[KL],#a1[KL],#g1[KL],f1[KL],d1[KL],(#A-1.#a)[KL],(#d.#d1)[KL],(g.g1)[KL],(#a.g1.#a1)[JM],(f1.#g1)[LM],(#d1.g1)[JK],(#A-1.#g.d1.f1)[JKM],(#d.g.#d1)[JKM],#D-1[JKM],#d1[JM],#d2[LM],(c.#d1.#d2)[KL],#d[KL],(#A-1.#d1.d2)[KL],#d[KL],(#G-1.#d1.c2)[KL],#d[KL],(G-1.#d1.#a1)[KL],#d[KL],#d[KL],#d[KL],(#d.#d1)[KL],#d[LM],#d2[LM],(c.#d1.#d2)[KL],#d[KL],(#A-1.#d1.d2)[KL],#d[KL],(#G-1.#d1.c2)[KL],#d[KL],(G-1.#d1.#a1)[KL],#a[KL],#g[KL],g[KL],(f.#a1)[KL],#d[LM],#g2[LM],(d.f.#g.#a.#g1.#g2)[JK],(d.f.#g.#a)[KL],f2[KL],d2[KL],#a1[KL],#g1[KL],f1[KL],d1[KL],(#g.#a)[KL],(g.#d1)[KL],(#d.g1)[KL],(#a.g1.#a1)[JM],(f1.#g1)[LM],(#d1.g1)[JK],(#A-1.#g.d1.f1)[JK],(#d.g.#d1)[JK],#D-1[JK],#d1[JM],#d2[LM],(c.#d1.#d2)[KL],#d[KL],(#A-1.#d1.d2)[KL],#d[KL],(#G-1.#d1.c2)[KL],#d[KL],(G-1.#d1.#a1)[KL],#d[KL],#d[KL],#d[KL],(#d.#d1)[KL],#d[LM],#d2[LM],(c.#d1.#d2)[KL],#d[KL],(#A-1.#d1.d2)[KL],#d[KL],(#G-1.#d1.c2)[KL],#d[KL],(G-1.#d1.#a1)[KL],#a[KL],#g[KL],g[KL],(f.#a1)[KL],#d[LM],#g2[LM],(d.f.#g.#a.#g1.#g2)[JK],(d.f.#g.#a)[KL],f2[KL],d2[KL],#a1[KL],#g1[KL],f1[KL],d1[KL],(#g.#a)[KL],(g.#d1)[KL],(#d.g1)[KL],(#a.g1.#a1)[JMN],(f1.#g1)[LM],(#d1.g1)[JKMN],(#A-1.#g.d1.f1)[JKL],(#d.g.#d1)[JKLN],#D-1[HHN],"],"id":3}],"audition":{"start":[0,0],"end":[1,0]}}