{"baseBpm":360,"musics":[{"bpm":360,"baseBeats":0.75,"scores":["(d1.d2.D-1.d)[JK],(d1.d)[IL],(#c1.#c)[LM],(d1.d)[LM],(e1.e)[LM],(d1.d)[LM],(#c1.#c)[LM],(b.B-1)[LM],(a.A-1)[IJ],(a.A-1.A-2)[JM],(a.A-1.A-2)[LM],(g1.g.G-1)[IL],(#f1.#f)[LM],(g1.g)[LM],(a1.a)[LM],(g1.g)[LM],(#f1.#f)[LM],(e1.e)[LM],(d1.d)[IJ],a1[JK],(#f1.a1.d2.#f2.D-1.d)[JK],(d.d1)[KL],e2[LM],#f2[LM],g2[LM],#f2[LM],e2[LM],d2[LM],d2[LM],#c2[LM],b1[LM],a1[LM],a1[LM],g1[LM],#f1[LM],e1[LM],e1[LM],d1[LM],#c1[LM],b[LM],(a.A-1)[JM],e1[LM],(a.e1.g1.#c)[JK],(a.d1.#f1.d)[JK],(a.#c1.e1.A-1)[IJ],(d1.d2.D-1.d)[JK],(d1.d)[IL],(#c1.#c)[LM],(d1.d)[LM],(e1.e)[LM],(d1.d)[LM],(#c1.#c)[LM],(b.B-1)[LM],(a.A-1)[IJ],(a.A-2.A-1)[JM],(a.A-2.A-1)[LM],(g1.G-1.g)[IL],(#f1.#f)[LM],(g1.g)[LM],(a1.a)[LM],(g1.g)[LM],(#f1.#f)[LM],(e1.e)[LM],(d1.d)[IJ],a1[JK],(#f1.a1.d2.#f2.D-1.d)[JK],(d.d1)[KL],e2[LM],#f2[LM],g2[LM],#f2[LM],e2[LM],d2[LM],d2[LM],#c2[LM],b1[LM],a1[LM],a1[LM],g1[LM],#f1[LM],e1[LM],e1[LM],d1[LM],#c1[LM],b[LM],(a.A-1)[JM],e1[LM],(a.e1.g1.#c)[JKN],(a.d1.#f1.d)[JKM],(a.#c1.e1.A-1)[IJL],a2[JK],(a1.A-1)[LM],#c[LM],e[LM],a[LM],A-1[LM],#c[LM],(#g1.e)[LM],(a1.a)[LM],(b1.A-1)[LM],(a1.#c)[LM],(#g1.e)[LM],(a1.a)[LM],(#c2.A-1)[LM],d[LM],f[LM],#g[LM],(b1.A-1)[LM],d[LM],(#a1.f)[LM],(b1.#g)[LM],(#c2.A-1)[LM],(b1.d)[LM],(#a1.f)[LM],(b1.#g)[LM],(d2.A-1)[LM],e[LM],g[LM],a[LM],(#c2.A-1)[LM],e[LM],g[LM],a[LM],(e2.A-1)[LM],e[LM],g[LM],a[LM],(g2.A-1)[LM],e[LM],g[LM],a[LM],A-1[LM],#c[LM],e[LM],a[LM],(a2.G-1)[LM],#c[LM],e[LM],g[LM],(d2.#f2.a2.d3.#F-1.A-1.d)[JK],(#f.a.d1)[KL],#c3[LM],d3[LM],e3[LM],d3[LM],#c3[LM],b2[LM],b2[LM],a2[LM],g2[LM],#f2[LM],#f2[LM],e2[LM],d2[LM],#c2[LM],#c2[LM],b1[LM],a1[LM],#g1[LM],a1[JM],d2[LM],(a1.d2.#f2.a)[JK],(g1.#c2.e2.A-1)[JK],(#f1.d2.d)[IJ],a2[JK],(a1.A-1)[LM],#c[LM],e[LM],a[LM],A-1[LM],#c[LM],(#g1.e)[LM],(a1.a)[LM],(b1.A-1)[LM],(a1.#c)[LM],(#g1.e)[LM],(a1.a)[LM],(#c2.A-1)[LM],d[LM],f[LM],#g[LM],(b1.A-1)[LM],d[LM],(#a1.f)[LM],(b1.#g)[LM],(#c2.A-1)[LM],(b1.d)[LM],(#a1.f)[LM],(b1.#g)[LM],(d2.A-1)[LM],e[LM],g[LM],a[LM],(#c2.A-1)[LM],e[LM],g[LM],a[LM],(e2.A-1)[LM],e[LM],g[LM],a[LM],(g2.A-1)[LM],"],"id":1},{"bpm":360,"baseBeats":0.75,"scores":["e[LM],g[LM],a[LM],A-1[LM],#c[LM],e[LM],a[LM],(a2.G-1)[LM],#c[LM],e[LM],g[LM],(d2.#f2.a2.d3.#F-1.A-1.d)[JK],(#f.a.d1)[KL],#c3[LM],d3[LM],e3[LM],d3[LM],#c3[LM],b2[LM],b2[LM],a2[LM],g2[LM],#f2[LM],#f2[LM],e2[LM],d2[LM],#c2[LM],#c2[LM],b1[LM],a1[LM],#g1[LM],a1[JM],d2[LM],(a1.d2.#f2.a)[JKN],(g1.#c2.e2.A-1)[JKM],(#f1.d2.d)[IJL],(d2.d1)[JM],(#f2.#f1)[LM],(a2.#f1.a1)[JK],(e2.g2.e1.g1)[JK],(d2.#f2.d1.#f1)[JK],(#c2.e2.a.e1)[JK],(a1.d2.a.d1)[JK],(#c2.e2.a.e1)[JK],(d2.#f2.d1.#f1)[JK],(e2.g2.a2.#c1.g1.e1)[JK],(d2.#f2.a2.d1.#f1)[JK],(#c2.e2.a2.a.e1)[JK],A-1[JK],(a2.a)[JM],(#c3.#c1)[LM],(e3.#c1.e1)[JK],(b2.d3.b.d1)[JK],(a2.#c3.a.#c1)[JK],(#g2.b2.e.b)[JK],(e2.a2.#c.a)[JK],(#g2.b2.e.b)[JK],(#c3.a2.#c1.a)[JK],(b2.d3.e3.b.d1)[JK],(#g2.d3.b2.e3.e.b)[JK],(a2.a)[JK],A-1[JK],(d2.d1)[JM],(#f2.#f1)[LM],(a2.#f1.a1)[JK],(e2.g2.e1.g1)[JK],(d2.#f2.d1.#f1)[JK],(#c2.e2.a.e1)[JK],(a1.d2.a.d1)[JK],(#c2.e2.a.e1)[JK],(d2.#f2.d1.#f1)[JK],(e2.g2.a2.#c1.g1.e1)[JK],(d2.#f2.a2.d1.#f1)[JK],(#c2.e2.a2.a.e1)[JK],A-1[JK],(a2.a)[JM],(#c3.#c1)[LM],(e3.#c1.e1)[JK],(b2.d3.b.d1)[JK],(a2.#c3.a.#c1)[JK],(#g2.b2.e.b)[JK],(e2.a2.#c.a)[JK],(#g2.b2.e.b)[JK],(#c3.a2.#c1.a)[JK],(b2.d3.e3.b.d1)[JKM],(#g2.d3.b2.e3.e.b)[JKM],(a2.a)[JKM],A-1[JKM],d2[JM],#f2[LM],(e2.g2.a2.#c1.e1.g1)[JK],(d2.#f2.d1.#f1)[JK],e2[JM],g2[LM],(#f2.a2.b2.#d1.#f1.a1)[JK],(e2.g2.e1.g1)[JK],(g2.g1)[JM],(b2.b1)[LM],(a2.c3.d3.#f1.a1.c2)[JK],(b2.g2.b1.g1)[JK],(e3.g2.e1)[JK],(#f2.d3.a1)[JK],(#c3.e2.a)[JK],(d2.d)[JM],(#f2.#f)[LM],(a2.#f.a)[JK],(e2.g2.e.g)[JK],(d2.#f2.d.#f)[JK],(#c2.e2.A-1.e)[JK],(a1.d2.A-1.d)[JK],(#c2.e2.A-1.e)[JK],(d2.#f2.d.#f)[JK],(e2.g2.a2.g.e)[JK],(#c2.e2.a2.A-1.e)[JK],(d2.d)[JK],D-1[JK],d2[JM],#f2[LM],(e2.g2.a2.#c1.e1.g1)[JK],(d2.#f2.d1.#f1)[JK],e2[JM],g2[LM],(#f2.a2.b2.#d1.#f1.a1)[JK],(e2.g2.e1.g1)[JK],(g2.g1)[JM],(b2.b1)[LM],(a2.c3.d3.#f1.a1.c2)[JK],(b2.g2.b1.g1)[JKN],(e3.g2.e1)[JKM],(#f2.d3.a1)[JKM],(#c3.e2.a)[JKM],(d2.d)[JM],(#f2.#f)[LM],(a2.#f.a)[JK],(e2.g2.e.g)[JK],(d2.#f2.d.#f)[JK],(#c2.e2.A-1.e)[JK],(a1.d2.A-1.d)[JK],"],"id":2},{"bpm":360,"baseBeats":0.75,"scores":["(#c2.e2.A-1.e)[JK],(d2.#f2.d.#f)[JK],(e2.g2.a2.g.e)[JKN],(#c2.e2.a2.A-1.e)[JKM],(d2.d)[JKM],D-1[JKMN],(d1.d2.D-1.d)[JK],(d1.d)[IL],(#c1.#c)[LM],(d1.d)[LM],(e1.e)[LM],(d1.d)[LM],(#c1.#c)[LM],(b.B-1)[LM],(a.A-1)[IJ],(a.A-2.A-1)[JM],(a.A-2.A-1)[LM],(g1.G-1.g)[IL],(#f1.#f)[LM],(g1.g)[LM],(a1.a)[LM],(g1.g)[LM],(#f1.#f)[LM],(e1.e)[LM],(d1.d)[IJ],a1[JK],(#f1.a1.d2.#f2.D-1.d)[JK],(d.d1)[KL],e2[LM],#f2[LM],g2[LM],#f2[LM],e2[LM],d2[LM],d2[LM],#c2[LM],b1[LM],a1[LM],a1[LM],g1[LM],#f1[LM],e1[LM],e1[LM],d1[LM],#c1[LM],b[LM],(a.A-1)[JM],e1[LM],(a.e1.g1.#c)[JKN],(a.d1.#f1.d)[JKM],(a.#c1.e1.A-1)[IJL],a2[JK],(a1.A-1)[LM],#c[LM],e[LM],a[LM],A-1[LM],#c[LM],(#g1.e)[LM],(a1.a)[LM],(b1.A-1)[LM],(a1.#c)[LM],(#g1.e)[LM],(a1.a)[LM],(#c2.A-1)[LM],d[LM],f[LM],#g[LM],(b1.A-1)[LM],d[LM],(#a1.f)[LM],(b1.#g)[LM],(#c2.A-1)[LM],(b1.d)[LM],(#a1.f)[LM],(b1.#g)[LM],(d2.A-1)[LM],e[LM],g[LM],a[LM],(#c2.A-1)[LM],e[LM],g[LM],a[LM],(e2.A-1)[LM],e[LM],g[LM],a[LM],(g2.A-1)[LM],e[LM],g[LM],a[LM],A-1[LM],#c[LM],e[LM],a[LM],(a2.G-1)[LM],#c[LM],e[LM],g[LM],(d2.#f2.a2.d3.#F-1.A-1.d)[JK],(#f.a.d1)[KL],#c3[LM],d3[LM],e3[LM],d3[LM],#c3[LM],b2[LM],b2[LM],a2[LM],g2[LM],#f2[LM],#f2[LM],e2[LM],d2[LM],#c2[LM],#c2[LM],b1[LM],a1[LM],#g1[LM],a1[JM],d2[LM],(a1.d2.#f2.a)[JK],(g1.#c2.e2.A-1)[JK],(#f1.d2.d)[IJ],a2[JK],(a1.A-1)[LM],#c[LM],e[LM],a[LM],A-1[LM],#c[LM],(#g1.e)[LM],(a1.a)[LM],(b1.A-1)[LM],(a1.#c)[LM],(#g1.e)[LM],(a1.a)[LM],(#c2.A-1)[LM],d[LM],f[LM],#g[LM],(b1.A-1)[LM],d[LM],(#a1.f)[LM],(b1.#g)[LM],(#c2.A-1)[LM],(b1.d)[LM],(#a1.f)[LM],(b1.#g)[LM],(d2.A-1)[LM],e[LM],g[LM],a[LM],(#c2.A-1)[LM],e[LM],g[LM],a[LM],(e2.A-1)[LM],e[LM],g[LM],a[LM],(g2.A-1)[LM],e[LM],g[LM],a[LM],A-1[LM],#c[LM],e[LM],a[LM],(a2.G-1)[LM],#c[LM],e[LM],g[LM],(d2.#f2.a2.d3.#F-1.A-1.d)[JK],(#f.a.d1)[KL],#c3[LM],d3[LM],e3[LM],d3[LM],#c3[LM],b2[LM],b2[LM],a2[LM],g2[LM],#f2[LM],#f2[LM],e2[LM],d2[LM],#c2[LM],#c2[LM],b1[LM],a1[LMN],#g1[LM],a1[JMN],d2[LM],(a1.d2.#f2.a)[JKM],(g1.#c2.e2.A-1)[JKLN],(#f1.d2.d)[HHJLMN],"],"id":3}],"audition":{"start":[0,0],"end":[1,0]}}