{"baseBpm":333,"musics":[{"bpm":333,"baseBeats":0.75,"scores":["mute[JLN],mute[LM],mute[LM],mute[KMOP],mute[KLMNO],mute[LM],mute[IKN],mute[JLMN],mute[JMNOP],mute[K],mute[K],mute[LMN],mute[LM],mute[K],mute[K],mute[KL],mute[LM],mute[LM],mute[KLN],mute[KLN],mute[JKM],mute[KLN],mute[LM],mute[LM],mute[KLN],mute[KLN],mute[KL],mute[KMNO],mute[K],mute[KMNP],mute[LMNOP],mute[KL],mute[LMNOP],mute[JKLN],mute[J],mute[JNO],mute[KLN],mute[LMN],mute[KLMOP],mute[LMNP],mute[JKM],mute[JMP],mute[KP],mute[K],mute[KMNP],mute[K],mute[K],mute[KMN],mute[LM],mute[LM],mute[KLM],mute[KL],mute[JKM],mute[KLN],mute[LM],mute[LMN],mute[KL],mute[KL],mute[KLN],mute[KLN],mute[KMN],mute[LMNO],mute[KMN],mute[LMNP],mute[KMNOP],mute[LMO],mute[KO],mute[LMNOP],mute[JKLMNOP],mute[J],mute[JMOP],mute[LMNOP],mute[K],mute[LM],mute[LMO],mute[K],mute[KN],mute[KM],mute[KN],mute[LM],mute[KMOP],mute[KM],mute[JKNP],mute[KNP],mute[KM],5<UV>,mute[KMP],mute[KN],mute[KNO],mute[KLM],mute[JMNO],5<UV>,mute[KNO],mute[KN],mute[JKMNOP],mute[JLN],mute[LM],mute[LM],mute[LMN],mute[KNOP],mute[KM],mute[JNO],mute[LMO],mute[K],mute[LMOP],mute[KO],mute[KLP],mute[LMNO],mute[K],mute[LMN],mute[KN],mute[KMNP],mute[K],mute[K],mute[LMN],mute[KN],mute[KMNOP],mute[JN],mute[HKLMNOP],mute[KMO],mute[LM],mute[KL],mute[KO],mute[KLOP],mute[JN],mute[LM],mute[KLP],mute[KLMNOP],,mute[KLM],mute[KN],mute[KMNO],5<UV>,mute[K],mute[KN],mute[KP],mute[KLN],mute[KLN],mute[KL],mute[KLN],mute[KN],mute[JNP],mute[KO],mute[K],mute[K],mute[KLMOP],mute[K],mute[JMP],mute[LM],mute[KM],mute[K],mute[JP],mute[LM],mute[JMN],mute[LMN],mute[KN],mute[K],mute[KLNP],mute[KLP],mute[LM],mute[LMN],mute[KL],mute[KLN],mute[JKN],mute[KLN],mute[LM],mute[LMN],mute[KL],mute[KLN],mute[KLN],mute[KL],mute[KL],mute[KL],mute[KL],mute[KL],mute[KLN],mute[KLN],mute[KL],mute[KLM],mute[IKMNOP],mute[J],mute[JMNO],mute[K],mute[K],mute[LM],mute[KP],mute[K],mute[LMNOP],mute[KN],mute[KMP],mute[KN],mute[KN],mute[JLNOP],mute[KP],mute[KN],mute[KMO],5<UV>,mute[KN],mute[LMNP],mute[KLM],mute[JNP],mute[LM],mute[LM],mute[LMOP],mute[K],mute[JKMNOP],mute[LM],mute[LMNOP],mute[K],mute[LM],mute[KMN],mute[KNO],mute[JLNOP],mute[LMOP],mute[K],mute[LMNO],mute[KMNO],mute[LMO],mute[KLOP],mute[LM],mute[LM],mute[KMO],mute[KM],mute[KMNO],mute[KP],mute[K],mute[LMN],mute[KN],mute[KMN],mute[JO],mute[HKLMNOP],mute[KMNOP],mute[JNP],mute[KLN],mute[KLP],mute[LM],mute[KMNP],mute[JOP],mute[KLMP],mute[KN],mute[KMO],5<UV>,mute[K],mute[KNOP],mute[LM],mute[LM],mute[KN],mute[KLN],mute[KL],mute[KLN],mute[KLN],mute[KOP],mute[JMNP],mute[LMNOP],mute[K],mute[K],mute[JP],mute[LMN],mute[JMP],mute[KP],mute[K],mute[K],mute[KLMNP],mute[LMN],mute[JMN],mute[KP],mute[K],mute[K],mute[KLNP],mute[K],mute[KLN],mute[LM],mute[LM],mute[KLN],mute[KLN],mute[JKN],mute[KLN],mute[LM],mute[LMN],mute[KLN],mute[KL],mute[KLN],mute[KL],mute[KL],mute[KLN],mute[KL],mute[KL],mute[KL],mute[KLN],mute[KLN],mute[KLM],mute[IKMN],mute[J],mute[KMNO],mute[K],mute[K],mute[K],mute[K],mute[LMNO],mute[LMNOP],mute[KN],mute[KM],mute[K],mute[K],mute[K],mute[K],mute[KMO],mute[K],mute[K],mute[K],mute[KN],mute[LMNO],mute[KLM],mute[KMOP],mute[K],mute[JNOP],mute[JMOP],mute[JM],mute[KNO],mute[K],mute[K],mute[K],mute[K],mute[KNP],mute[KMNO],mute[K],mute[K],mute[K],mute[K],mute[KNO],mute[KO],mute[KLM],mute[LM],mute[KLMN],mute[KLMOP],mute[LMN],mute[JLOP],mute[KLMP],mute[LMN],mute[JMNO],mute[KMO],mute[K],mute[K],mute[K],mute[K],mute[KMP],mute[KM],mute[K],mute[K],mute[K],mute[K],mute[KMNP],mute[K],mute[K],mute[K],mute[K],mute[LMNP],mute[KLM],mute[KLNP],mute[LMN],mute[JL],mute[LMP],mute[KLM],mute[JMN],mute[KM],mute[K],mute[K],mute[K],mute[K],mute[KNP],mute[KNP],mute[K],mute[K],mute[K],mute[K],mute[KL],mute[K],mute[KO],mute[KLM],mute[LMNP],mute[KLMNP],mute[LMN];","(g1.g)[JLN],(a1.a)[MN],(g1.g)[LNOP],(e1.e)[LMN],(c1.c)[LMN],(g1.g)[KLMNO],(e2.e1)[LM],(e2.e1)[IKN],(c2.c1)[JLMN],g1[JMNOP],f1[MN],e1[LN],c1[K],g[K],c1[LN],e1[K],g1[K],(g1.e1.g.G-1)[KL],(g.d1.f1.A-1)[LM],B-1[LM],(e1.c1.g.c)[KLN],(d1.g.b.G-1)[KLN],(c1.e1.g.c)[JKM],(g1.#d1.g.G-1)[KLN],(d1.g.f1.A-1)[LM],B-1[LM],(#d1.c1.g.c)[KLN],(b.g.d1.G-1)[KLN],(#d1.c1.g.c)[KL],(d1.#a.f1.#A-1)[O],(f1.d1.#a.#A-1)[KMN],(g1.#a.#d1.#d)[K],(#d1.g1.#a.#d)[KMNP],(a1.#f1.d1.d)[LMOP],(d1.#f1.a1.d)[O],(#a1.g1.d1.g)[O],(g1.d1.#a1.g)[KL],(b1.g1.d1.f.g.G-1)[LMNOP],(b1.d1.g1.g.G-1.f)[JKLN],(b1.f2.f1.g.G-1.d)[J],(e2.c2.e1.c.g)[O],(g1.g)[JN],(a1.a)[P],(g1.g)[LOP],(e1.e)[K],(c1.c)[LMN],(g1.g)[KLMOP],(e2.e1)[LMN],(e2.e1)[P],(c2.c1)[JKM],g1[JMP],f1[MN],e1[LNP],c1[K],g[LMN],c1[LP],e1[K],g1[K],(g1.e1.g.G-1)[KMN],(f1.d1.g.A-1)[LM],B-1[LM],(e1.c1.g.c)[KLM],(d1.b.g.G-1)[KL],(e1.c1.g.c)[JKM],(g1.#d1.g.G-1)[KLN],(f1.d1.g.A-1)[LM],B-1[LMN],(#d1.c1.g.c)[KL],(d1.b.g.G-1)[KL],(#d1.c1.g.c)[KLN],(f1.d1.#a.#A-1)[KLN],(f1.d1.#a.#A-1)[KMN],(g1.#d1.#a.#d)[LMNO],(g1.#d1.#a.#d)[KMN],(a1.#f1.d1.d)[LMNP],(a1.#f1.d1.d)[KMNOP],(#a1.g1.d1.g)[LMO],(#a1.g1.d1.g)[KO],(b1.g1.d1.g.f.G-1)[LMNOP],(b1.g1.d1.g.f.G-1)[JKLMNOP],(f2.b1.f1.g.d.G-1)[J],(e2.c2.e1.g.c)[O],e2[JMP],f2[MN],e2[LOP],c2[K],a1[LN],d2[MN],c2[LO],a1[K],e1[KN],(c2.a1.e1.e)[KM],(b1.#g1)[KN],f[MN],(b1.e1.#g1.e)[LOP],B-1[LN],(a1.e1.#f1)[L],E-1[KM],(b1.#g1.e1.e)[JKNP],(c2.g1.e1.e)[KNP],b1[KM],f[MN],(b1.g1.e1.e)[LP],g[LN],(c2.g1.e1)[L],c1[KN],(b1.g1.d1.f1)[KNO],f2[KLM],(e2.c1.e1)[JMNO],d2[MN],(c2.d1.#f1)[MNO],b1[LN],(d1.#f1)[L],a1[KN],(b1.g1.g.d1)[JKMNOP],(b1.b)[JLN],(c2.c1)[MN],(b1.b)[LNP],(g1.g)[LMN],(e1.e)[MNOP],(g2.g1)[KNOP],(e2.e1)[KM],(b1.b)[JNO],(c2.c1)[M],(b1.b)[LO],(g1.g)[K],(e1.e)[LMOP],(g2.g1)[KO],(e2.e1)[P],(#f2.#d2.b2.B-1)[KL],(b1.b)[LNO],(a2.#d1)[M],(g2.e1)[K],(#f2.#f1)[LMN],(e2.g1)[KN],(#f2.#d2.b2.B-1)[KMNP],(b1.b)[LM],(a2.#d1)[M],(g2.e1)[K],(#f2.#f1)[LMN],(e2.g1)[KN],(#f2.#d2.b2.B-1)[KMNOP],(b1.b)[LNP],(b3.B-2)[KMNOP],(b2.B-1)[HKLMNOP],(g2.e1)[KMOP],(e2.g1)[LNOP],(g2.e1)[KL],(e2.g1)[KO],(g2.e1)[KLOP],(e2.g1)[LN],(g2.e1)[KL],(e2.g1)[LM],(g2.e1)[KLP],(e2.g1)[LN],(g2.e1)[KMOP],(e2.g1)[MNOP],(e2.g2.g)[KMP],g1[KN],a[MN],(g2.e2.g)[LMO],e[L],g1[L],c[K],(g2.e2.g)[KN],g1[LM],e1[O],(g2.e2.e1)[NOP],g1[KLN],(g2.e2)[KLN],g1[KL],(g2.e2.c1)[KLN],g1[KN],g1[JNP],a1[MN],g1[LNO],e1[K],c1[K],g1[KLMOP],e2[K],(e2.g)[JMP],a[L],g[LN],e[LMN],c[K],(c2.g)[JP],e1[LM],(g2.e1)[JMN],f2[M],e2[LN],c2[KN],g1[K],(c2.c1)[LNP],e2[K],g2[P],(g2.e2.g1.G-1)[KL],(f2.d2.g1.A-1)[LM],B-1[LMN],(e2.c2.g1.c)[KL],(d2.b1.g1.G-1)[KLN],(e2.c2.g1.c)[JKN],(g1.g.#d)[KLN],(a1.g.f.d)[LMN],b1[LM],(c2.g.#d.c)[KL],(g1.g.d.B-1)[KLN],(c2.g.#d.c)[KLN],(#a2.#a1.#a.f.d)[KL],(#a2.#a1.#a.#g.f)[KL],(#d2.#d3.#a.g.#d)[KL],(#d2.#d3.#a.g.#d)[KL],(d2.d3.d1.a.#f)[KL],(d3.d2.d1.c1.a)[KLN],(g2.g3.d1.#a.g)[KLN],(g3.g2.d1.#a.g)[KL],(f2.f3.b.d.G-1)[KLM],(f2.f3.b.d.G-1)[IKMNOP],(b2.b1.g.g1.f1)[J],(c2.c3.c1.e1.g1)[O],e2[JMN],f2[MN],e2[LN],c2[K],a1[LM],d2[MN],c2[LNP],a1[K],e1[P],(c2.a1.e1.e)[LMNO],(b1.#g1)[KN],f[MN],(b1.e1.#g1.e)[LMNP],B-1[L],(a1.e1.#f1)[LN],E-1[KN],(b1.#g1.e1.e)[JLNOP],(c2.g1.e1.e)[KP],b1[KN],f[MN],(b1.g1.e1.e)[LNO],g[L],(c2.g1.e1)[L],c1[KN],(b1.g1.d1.f1)[LMNP],f2[KLM],(e2.c1.e1)[JNP],d2[L],(c2.d1.#f1)[LOP],b1[LN],(d1.#f1)[LN],a1[K],(b1.g1.g.d1)[JKMNOP],(b1.b)[LOP],(c2.c1)[M],(b1.b)[LMN],(g1.g)[K],(e1.e)[LM],(g2.g1)[KMN],(e2.e1)[KNO],(b1.b)[JLNOP],(c2.c1)[M],(b1.b)[LOP],(g1.g)[K],(e1.e)[LMNO],(g2.g1)[KMNO],(e2.e1)[LMO],(#f2.#d2.b2.B-1)[KLOP],(b1.b)[LNO],(a2.#d1)[MN],(g2.e1)[LMN],(#f2.#f1)[LMN],(e2.g1)[KM],(#f2.#d2.b2.B-1)[KMNO],(b1.b)[LMP],(a2.#d1)[M],(g2.e1)[K],(#f2.#f1)[LMN],(e2.g1)[KN],(#f2.#d2.b2.B-1)[KMN],(b1.b)[LN],(b3.B-2)[KMNO],(b2.B-1)[HKLMNOP],(g2.e1)[KMNOP],(e2.g1)[LNO],(g2.e1)[KMNOP],(e2.g1)[N],(g2.e1)[KL],(e2.g1)[P],(g2.e1)[KL],(e2.g1)[LM],(g2.e1)[KMNP],(e2.g1)[LN],(g2.e1)[KMNOP],(e2.g1)[L],(e2.g2.g)[KMP],g1[KN],a[MN],(g2.e2.g)[LNO],e[L],g1[L],c[K],(g2.e2.g)[KNOP],g1[LMN],e1[LMN],(g2.e2.e1)[LMN],g1[KLN],(g2.e2)[KL],g1[KLN],(g2.e2.c1)[KLN],g1[KOP],g1[JMNP],a1[MN],g1[LOP],e1[K],c1[K],g1[JP],e2[LMN],(e2.g)[JMP],a[MN],g[LNP],e[K],c[K],(c2.g)[KLMNP],e1[LMN],(g2.e1)[JMN],f2[MN],e2[LNP],c2[K],g1[K],(c2.c1)[LNP],e2[K],g2[K],(g2.e2.g1.G-1)[KLN],(f2.d2.g1.A-1)[LM],B-1[LM],(e2.c2.g1.c)[KLN],(d2.b1.g1.G-1)[KLN],(e2.c2.g1.c)[JKN],(g1.g.#d)[KLN],(a1.g.f.d)[LMN],b1[LM],(c2.g.#d.c)[KLN],(g1.g.d.B-1)[KL],(c2.g.#d.c)[KLN],(#a2.#a1.#a.f.d)[KL],(#a2.#a1.#a.#g.f)[KL],(#d2.#d3.#a.g.#d)[KLN],(#d2.#d3.#a.g.#d)[KL],(d2.d3.d1.a.#f)[KL],(d3.d2.d1.c1.a)[KL],(g2.g3.d1.#a.g)[KLN],(g3.g2.d1.#a.g)[KLN],(f2.f3.b.d.G-1)[KLM],(f2.f3.b.d.G-1)[IKMN],(b2.b1.g.g1.f1)[J],(c2.c3.c1.e1.g1)[P],(g1.G-1.B-1)[MNP],(d1.d)[K],(b.g)[K],(g1.B-1)[K],(d1.d)[K],(b.g)[K],(#f1.A-1)[LMNO],(d1.d)[LMNOP],(a.#f)[KN],(a1.G-1.c)[M],(d1.d)[K],(c1.a)[K],(a1.c)[K],(d1.d)[K],(c1.a)[K],(g1.B-1)[MO],(d1.d)[K],(b.g)[K],(g1.B-1)[K],(d1.d)[K],(b.g)[KN],(a1.#f1.d1.a.#f.d)[LMNO],(b1.g1.d1.b.g.d)[KLM],(c2.a1.d1.c1.a.d)[KMOP],(b1.g1.d1.b.g.d)[K],(b1.g1.d1.b.g.d)[JNOP],(a1.#f1.d1.a.#f.d)[LOP],(g1.e1.d1.g.e.d)[KLM],(a1.#f1.d1.a.#f.d)[JM],(g1.d2.G-1.B-1)[NO],(d1.d)[K],(b1.g)[K],(g1.B-1)[K],(d1.d)[K],(b1.g)[K],(#f1.A-1)[NP],(d1.d)[K],(a1.#f)[P],(a1.d2.G-1.c)[MNP],(d1.d)[K],(c2.a)[K],(a1.c)[K],(d1.d)[K],(c2.a)[K],(g1.B-1)[NO],(d1.d)[K],(b1.g)[P],(d1.G-1.B-1.d)[KP],d2[KLM],(e2.e1.e.c.G-1)[LM],(#f2.#f1.#f.A-1.G-1)[KLMN],(g2.g1.B-1.g.G-1)[KLMOP],(b1.g1.d1.b.g.d)[LMN],(d2.b1.d1.b.d)[JLOP],(c2.#f1.d1.c1.a.d)[KLMP],(b1.g1.d1.b.g)[LMN],(b1.g1.d1.b.g)[JMNO],(g1.G-1.B-1)[MO],(d1.d)[K],(b.g)[K],(g1.B-1)[K],(d1.d)[K],(b.g)[K],(#f1.A-1)[MP],(d1.d)[K],(a.#f)[P],(a1.G-1.c)[NOP],(d1.d)[K],(c1.a)[K],(a1.c)[K],(d1.d)[K],(c1.a)[K],(g1.B-1)[MNP],(d1.d)[K],(b.g)[K],(g1.B-1)[K],(d1.d)[K],(b.g)[K],(a1.#f1.d1.a.#f.d)[LMNP],(b1.g1.d1.b.g.d)[KLM],(c2.a1.d1.c1.a.d)[KLNP],(b1.g1.d1.b.g.d)[LMN],(b1.g1.d1.b.g.d)[JL],(a1.#f1.d1.a.#f.d)[LMP],(g1.e1.d1.g.e.d)[KLM],(a1.#f1.d1.a.#f.d)[JMN],(g1.d2.G-1.B-1)[M],(d1.d)[K],(b1.g)[K],(g1.B-1)[K],(d1.d)[K],(b1.g)[K],(#f1.A-1)[P],(d1.d)[KN],(a1.#f)[O],(a1.d2.G-1.c)[OP],(d1.d)[K],(c2.a)[K],(a1.c)[K],(d1.d)[K],(c2.a)[K],(g1.B-1)[L],(d1.d)[K],(b1.g)[K],(d1.G-1.B-1.d)[KO],d2[KLM],(e2.e1.e.c.G-1)[LMNP],(#f2.#f1.#f.A-1.G-1)[P],(g2.g1.B-1.g.G-1)[KLMN],(b1.g1.d1.b.g.d)[LMN];"],"id":1,"instruments":["piano","piano"],"alternatives":["",""]},{"bpm":333,"baseBeats":0.75,"scores":["mute[JLMO],mute[KLOP],mute[LMN],mute[JLM],mute[KLP],mute[K],mute[KLO],mute[KMNP],mute[K],mute[KLNOP],mute[LM],mute[LMP],mute[KN],mute[KLO],mute[K],mute[KLN],mute[K],mute[KL],mute[KMP],mute[KN],mute[KN],mute[KLNP],mute[KMN],mute[KN],mute[KLNO],mute[KMN],mute[KN],mute[KMNP],mute[KN],mute[KMNO],mute[KN],5<UV>,mute[LMP],mute[KN],mute[KL],mute[KN],mute[LM],mute[LMNO],mute[KN],mute[LMOP],5<UV>,mute[KM],mute[KM],mute[KN],mute[K],mute[KN],mute[KN],mute[KMNP],mute[K],mute[KMNO],mute[KMNOP],mute[KN],mute[KLP],mute[KN],mute[KMN],mute[KMN],mute[KN],mute[KN],mute[KL],mute[K],mute[KL],mute[KMNO],mute[KM],mute[KN],mute[KLP],mute[KN],mute[KMNO],mute[LM],mute[LMN],mute[KN],mute[KN],mute[KMP],mute[KLOP],mute[KMN],mute[KN],mute[KN],mute[K],mute[K],mute[K],mute[KN],mute[K],mute[KN],mute[K],mute[K],mute[KMNO],mute[K],mute[K],mute[K],mute[K],mute[KMNP],mute[KN],mute[KL],mute[K],mute[K],mute[K],mute[K],mute[KL],mute[K],mute[K],mute[K],mute[KN],mute[KP],mute[KLM],mute[J],mute[LMN],mute[JLNOP],mute[LMOP],mute[KLM],mute[JMOP],mute[KMOP],mute[K],mute[K],mute[K],mute[K],mute[KNP],mute[KN],mute[KMN],mute[K],mute[K],mute[K],mute[K],mute[KL],mute[K],mute[LMNO],mute[KLM],mute[KP],mute[KLMN],mute[KLMNOP],mute[LM],mute[JLNOP],mute[KLMNP],mute[K],mute[JLNP],mute[KMNOP],mute[KN],mute[KLOP],mute[LM],mute[LMO],mute[KN],mute[KLP],mute[LM],mute[LMNO],mute[K],mute[KN],mute[KLOP],mute[KL],mute[K],mute[KLP],mute[LM],mute[LMO],mute[KN],mute[KN],mute[KMNP],mute[LM],mute[LMO],mute[KN],mute[K],mute[KMNP],mute[KMP],mute[KN],5<UV>,mute[LMO],mute[KN],mute[KMNOP],mute[KNP],5<UV>,5<UV>,mute[KM],mute[KLP],mute[K],mute[LM],mute[LMNOP],mute[KN],mute[KMNP],mute[KN],mute[KOP],mute[KN],mute[KN],mute[KN],mute[KLN],mute[KN],mute[KL],mute[LM],mute[LMP],mute[K],mute[KN],mute[KMN],mute[KN],mute[KMN],mute[LM],mute[LMNO],mute[K],mute[KMNO],mute[KN],mute[KLO],mute[KLMO],mute[KN],mute[KMNO],mute[KN],mute[KLO],mute[LM],mute[KP],mute[KN],mute[KM],mute[KL],mute[KN],mute[KLM],mute[LM],mute[KP],mute[K],mute[KN],mute[KN],mute[K],mute[K],mute[K],mute[KN],mute[K],mute[KN],mute[K],mute[K],mute[KMNP],mute[K],mute[K],mute[K],mute[K],mute[KLOP],mute[K],mute[KMNO],mute[K],mute[K],mute[K],mute[K],mute[KMNP],mute[K],mute[K],mute[KN],mute[K],mute[KMOP];","(d2.b1.d1.b.d)[JLMO],(c2.#f1.d1.c1.a.d)[KLOP],(b1.g1.d1.b.g)[LMN],(b1.g1.d1.b.g)[JLM],(a1.#f1.a.D-1)[MNP],A-1[KN],D-1[K],(g1.e1.a.A-2)[MNO],D-1[KN],A-2[M],(#f1.d1.a)[LM],(#f1.d1.a.D-1)[MNP],A-1[K],D-1[P],(d2.#f1.A-2)[LO],D-1[KN],A-2[M],(e2.g1)[LMN],(d2.#f1.D-1)[MNP],A-1[KN],D-1[P],(e2.a1.A-2)[MNP],#C-1[KN],A-2[K],(b1.g1.a.#C-1)[LN],A-1[K],#C-1[K],(a1.#f1.a.A-2)[MN],#C-1[KN],A-2[M],(g1.e1.a)[LM],(g1.e1.a.#C-1)[MP],A-1[KN],#C-1[KN],(e2.a1.A-2)[LP],#C-1[KN],A-2[M],(#f2.d2)[LM],(e2.a1.#C-1)[MN],A-1[KN],#C-1[P],(#f2.d2.A-2)[LP],D-1[KN],A-2[P],(d2.#f1.D-1)[NOP],A-1[KN],D-1[KN],(#c2.a1.A-2)[MP],D-1[LN],(b1.g1)[L],A-2[KN],(a1.#f1.a.D-1)[MNO],A-1[K],D-1[KN],(g1.e1.a.A-2)[MNP],D-1[L],(#f1.d1.a)[LN],A-2[KN],(b1.g1.a.#C-1)[MN],A-1[KN],#C-1[KN],(a1.#f1.a.A-2)[LO],#C-1[L],(g1.e1.a)[LN],A-2[KN],(#f1.d1.D-1)[LOP],A-1[L],(e1.a)[L],D-1[KM],(d1.#f.A-2)[N],D-1[KN],A-2[KN],D-1[K],A-1[KN],D-1[KN],(a1.#f1.a.A-2)[MP],D-1[KN],A-2[K],(g1.e1.a.B-2)[MNO],D-1[K],C-1[MN],(#f1.d1.a)[LM],(#f1.d1.a.C-1)[MOP],D-1[KN],C-1[P],(a1.#f1.a.A-2)[MN],D-1[KN],A-2[KN],(g1.e1.a.B-2)[M],D-1[KN],C-1[M],(#f1.d1.a)[LM],(#f1.d1.a.C-1)[MN],D-1[KN],C-1[KN],(#f1.d1.c2.A-2)[MN],D-1[KN],A-2[K],(b1.d1.g1.B-2)[MN],D-1[KN],C-1[MN],(#f1.d1.a1)[LM],(#f1.d1.a1.C-1)[MO],D-1[KM],C-1[KN],(e2.c2.d1.D-1)[MNP],d[KN],D-1[KN],(d2.b1.d1.E-1)[MO],d[KN],#F-1[M],(c2.a1.d1)[LMN],(a1.c2.d1.#F-1)[L],d[KN],#F-1[KN],(c2.d1.a.#F-1)[MP],d[K],#F-1[P],(b1.d1.b.d)[MNO],#F-1[KN],d[M],(a1.d1.c1)[LMN],(a1.d1.c1.#F-1)[M],d[KN],#F-1[KN],d[K],#F-1[K],d[K],#F-1[KN],d[K],#F-1[KN],d[K],#F-1[K],d[P],(g1.G-1.#A-1)[MNP],(d1.d)[K],(#a.g)[K],(g1.#A-1)[K],(d1.d)[K],(#a.g)[K],(#f1.A-1)[MNP],(d1.d)[K],(a.#f)[KN],(a1.G-1.c)[L],(d1.d)[K],(c1.a)[K],(a1.c)[K],(d1.d)[K],(c1.a)[K],(g1.#A-1)[L],(d1.d)[K],(#a.g)[K],(g1.#A-1)[K],(d1.d)[K],(#a.g)[KN],(a1.#f1.d1.a.#f.d)[KP],(#a1.g1.d1.#a.g.d)[KLM],(c2.a1.d1.c1.a.d)[J],(#a1.g1.d1.#a.g.d)[LMN],(#a1.g1.d1.#a.g.d)[JLNOP],(a1.#f1.d1.a.#f.d)[LMOP],(g1.e1.d1.g.e.d)[KLM],(a1.#f1.d1.a.#f.d)[JMOP],(g1.d2.G-1.B-1)[MOP],(d1.d)[K],(b1.g)[K],(g1.B-1)[K],(d1.d)[K],(b1.g)[K],(#f1.A-1)[NP],(d1.d)[K],(a1.#f)[KN],(a1.d2.G-1.c)[MN],(d1.d)[K],(c2.a)[K],(a1.c)[K],(d1.d)[K],(c2.a)[K],(g1.B-1)[MN],(d1.d)[KN],(b1.g)[K],(d1.G-1.B-1.d)[LMNO],d2[KLM],(e2.e1.e.c.G-1)[KP],(#f2.#f1.#f.A-1.G-1)[KLMN],(g2.g1.B-1.g.G-1)[KLMNOP],(b1.g1.d1.b.g.d)[LM],(d2.b1.d1.b.d)[JLNOP],(c2.#f1.d1.c1.a.d)[KLMNP],(b1.g1.d1.b.g)[K],(b1.g1.d1.b.g)[JLNP],(a1.#f1.a.D-1)[MOP],A-1[KN],D-1[KN],(g1.e1.a.A-2)[MNOP],D-1[KN],A-2[M],(#f1.d1.a)[LMN],(#f1.d1.a.D-1)[MNO],A-1[KN],D-1[O],(d2.#f1.A-2)[MNOP],D-1[K],A-2[MN],(e2.g1)[LM],(d2.#f1.D-1)[LO],A-1[K],D-1[KN],(e2.a1.A-2)[LOP],#C-1[K],A-2[P],(b1.g1.a.#C-1)[MOP],A-1[KN],#C-1[K],(a1.#f1.a.A-2)[MNP],#C-1[KN],A-2[M],(g1.e1.a)[LMN],(g1.e1.a.#C-1)[MNO],A-1[KN],#C-1[KN],(e2.a1.A-2)[MP],#C-1[KN],A-2[M],(#f2.d2)[LMN],(e2.a1.#C-1)[MNO],A-1[KN],#C-1[K],(#f2.d2.A-2)[MNP],D-1[K],A-2[O],(d2.#f1.D-1)[NOP],A-1[K],D-1[KN],(#c2.a1.A-2)[MNO],D-1[L],(b1.g1)[LN],A-2[KN],(a1.#f1.a.D-1)[MOP],A-1[KN],D-1[KN],(g1.e1.a.A-2)[LP],D-1[L],(#f1.d1.a)[L],A-2[KM],(b1.g1.a.#C-1)[MP],A-1[KM],#C-1[K],(a1.#f1.a.A-2)[LOP],#C-1[L],(g1.e1.a)[LN],A-2[KN],(#f1.d1.D-1)[MP],A-1[LN],(e1.a)[L],D-1[KN],(d1.#f.A-2)[OP],D-1[K],A-2[KN],D-1[KN],A-1[KN],D-1[P],(a1.#f1.a.A-2)[MNOP],D-1[KN],A-2[KN],(g1.e1.a.B-2)[MN],D-1[KN],C-1[M],(#f1.d1.a)[LMN],(#f1.d1.a.C-1)[MNP],D-1[K],C-1[KN],(a1.#f1.a.A-2)[MN],D-1[K],A-2[KN],(g1.e1.a.B-2)[MN],D-1[K],C-1[M],(#f1.d1.a)[LMN],(#f1.d1.a.C-1)[LO],D-1[K],C-1[P],(#f1.d1.c2.A-2)[MP],D-1[KN],A-2[KN],(b1.d1.g1.B-2)[MNO],D-1[KN],C-1[M],(#f1.d1.a1)[P],(#f1.d1.a1.C-1)[MNP],D-1[KN],C-1[KN],(e2.c2.d1.D-1)[MO],d[KN],D-1[KN],(d2.b1.d1.E-1)[MNO],d[KN],#F-1[MN],(c2.a1.d1)[LMN],(a1.c2.d1.#F-1)[LP],d[KN],#F-1[KM],(c2.d1.a.#F-1)[MN],d[KN],#F-1[KN],(b1.d1.b.d)[L],#F-1[KM],d[M],(a1.d1.c1)[LMN],(a1.d1.c1.#F-1)[LNP],d[K],#F-1[KN],d[KN],#F-1[K],d[K],#F-1[K],d[KN],#F-1[K],d[KN],#F-1[K],d[K],(g1.G-1.#A-1)[MNP],(d1.d)[K],(#a.g)[K],(g1.#A-1)[K],(d1.d)[K],(#a.g)[K],(#f1.A-1)[MNOP],(d1.d)[KN],(a.#f)[K],(a1.G-1.c)[MNO],(d1.d)[K],(c1.a)[K],(a1.c)[K],(d1.d)[K],(c1.a)[K],(g1.#A-1)[MNP],(d1.d)[K],(#a.g)[K],(g1.#A-1)[K],(d1.d)[KN],(#a.g)[K],(a1.#f1.d1.a.#f.d)[KMOP];"],"id":2,"instruments":["piano","piano"],"alternatives":["",""]},{"bpm":333,"baseBeats":0.75,"scores":["mute[KLM],mute[KLMNOP],mute[LM],mute[JLNP],mute[LMN],mute[KLM],mute[KMNOP],mute[K],mute[K],mute[K],mute[K],mute[KMOP],mute[K],mute[KNO],mute[K],mute[K],mute[K],mute[K],mute[KMN],mute[KN],mute[LMNOP],mute[KLM],mute[K],mute[KLM],mute[KLMP],mute[LMN],mute[JK],mute[KLMNOP],mute[LM],mute[LM],mute[KN],mute[K],mute[KMNP],mute[LM],mute[LM],mute[K],mute[KN],mute[KL],mute[KN],mute[KMNO],mute[KMN],mute[KN],mute[KN],mute[KMNO],mute[KN],mute[KLP],mute[LM],mute[LMP],mute[KN],mute[K],mute[KMN],mute[K],mute[KLNP],mute[KMOP],mute[KN],mute[K],mute[KLOP],mute[KN],mute[KLOP],mute[LM],mute[LMP],mute[KN],mute[K],mute[KLN],mute[KN],mute[KMNP],mute[KMN],mute[KN],mute[KN],mute[KLNP],mute[KM],mute[KM],mute[KM],mute[KM],mute[LM],mute[KO],mute[KLN],mute[LMO],mute[HKM],mute[JN],mute[KNP],mute[K],mute[LMN],mute[J],mute[LMN],mute[ILMP],mute[JKM],mute[JMNP],mute[KNO],mute[K],mute[K],mute[LM],mute[LM],mute[K],mute[KLOP],mute[LM],mute[LM],mute[KLN],mute[KLN],mute[JKM],mute[KL],mute[LM],mute[LMN],mute[KL],mute[KLN],mute[KLN],mute[KL],mute[KL],mute[KNOP],mute[KMNOP],mute[KOP],mute[KLOP],mute[KMN],mute[JKLMNOP],mute[J],mute[JMNOP],5<UV>,mute[K],mute[LM],mute[KO],mute[K],mute[KNO],mute[KN],mute[LM],mute[KMNOP],mute[KN],mute[JKMP],mute[KLN],mute[KN],mute[KMNOP],5<UV>,mute[KN],mute[KMP],mute[KLN],mute[JMN],mute[LM],mute[KNO],mute[K],mute[JKMNP],mute[KMNOP],mute[K],mute[KLMNO],mute[K],mute[KLOP],mute[LM],mute[LMNO],mute[KMOP],mute[LMOP],mute[KL],mute[LMNO],mute[K],mute[LMN],mute[KN],mute[KMNOP],mute[LM],mute[KNO],mute[K],mute[K],mute[KMNO],mute[JN],mute[HKLMNOP],mute[KMOP],mute[LMO],mute[KMNOP],mute[KO],mute[KLOP],mute[KLP],mute[LMP],mute[KMNO],mute[JP],mute[KLMO],mute[KN],mute[KMP],5<UV>,mute[K],mute[KOP],mute[LM],mute[LM],mute[LMP],mute[KLN],mute[KLN],mute[KL],mute[KLN],mute[KNP],mute[JMO],mute[KO],mute[K],mute[LMN],mute[KLMNP],mute[LMN],mute[JMO],mute[LMNOP],mute[K],mute[K],mute[KLMN],mute[LMN],mute[JM],mute[K],mute[K],mute[K],mute[KLNOP],mute[K],mute[KLN],mute[LM],mute[LM],mute[KL],mute[KLN],mute[JKM],mute[KLN],mute[LM],mute[LM],mute[KLN],mute[KLN],mute[KL],mute[KLN],mute[KMN],mute[KLN],mute[KLN],mute[KL],mute[KLN],mute[KLN],mute[KLN],mute[KLM],mute[IJ],mute[IJKMNOP];","(#a1.g1.d1.#a.g.d)[KLM],(c2.a1.d1.c1.a.d)[KLMNOP],(#a1.g1.d1.#a.g.d)[LM],(#a1.g1.d1.#a.g.d)[JLNP],(a1.#f1.d1.a.#f.d)[LMN],(g1.e1.d1.g.e.d)[KLM],(a1.#f1.d1.a.#f.d)[O],(g1.d2.G-1.B-1)[MNP],(d1.d)[K],(b1.g)[K],(g1.B-1)[K],(d1.d)[K],(b1.g)[K],(#f1.A-1)[MOP],(d1.d)[K],(a1.#f)[K],(a1.d2.G-1.c)[NO],(d1.d)[K],(c2.a)[K],(a1.c)[K],(d1.d)[K],(c2.a)[K],(g1.B-1)[MN],(d1.d)[K],(b1.g)[KN],(d1.G-1.B-1.d)[LMNOP],d2[KLM],(e2.e1.e.c.G-1)[K],(#f2.#f1.#f.A-1.G-1)[KLM],(g2.g1.B-1.g.G-1)[KLMP],(b1.g1.d1.b.g.d)[LMN],(d2.b1.b.d1.d)[JK],(c2.#f1.d1.c1.a.d)[KLMNOP],(b1.g1.d1.b.g)[LMN],(b1.g1.d1.b.g)[O],(c2.g1.e1.G-1)[LO],g[KN],G-1[K],(b1.g1.d1.g)[MNP],G-1[K],g[MN],(a1.g1.c1)[LM],(a1.g1.c1.G-1)[MN],g[K],G-1[KN],(b1.d1.G-1)[L],g[K],G-1[KN],(a1.d1.c1.g)[MO],G-1[KN],g[M],(g1.d1.b)[LM],(g1.d1.b.G-1)[MN],g[KN],G-1[KN],(a1.d1.c1.G-2)[MNO],G-1[K],G-2[KN],(g1.d1.b.G-1)[LP],G-2[K],G-1[M],(#f1.c1.a)[LMN],(#f1.c1.a.G-2)[MNP],G-1[KN],G-2[K],(g1.b.G-2)[M],G-1[KN],G-2[K],(d1.a.G-1)[LP],G-2[KN],G-1[M],(b.g)[LM],(b.g.G-2)[MOP],G-1[KN],G-2[K],(f1.d1.g.G-2)[MNOP],G-1[KN],G-2[KN],(e1.c1.g.G-1)[MNOP],G-2[KN],G-1[M],(d1.b.g)[LMN],(d1.b.g.G-2)[MNP],G-1[KN],G-2[K],(f1.a1.b.G-2)[L],G-1[KN],G-2[KN],(e1.g1.b.G-1)[MP],G-2[KN],G-1[M],(f1.b.d1)[LM],(d1.b.f1.G-2)[MN],G-1[KN],G-2[KN],(f1.b.a1.G-2)[LP],G-1[KN],G-2[KM],G-1[KM],G-2[L],#g1[LM],G-1[KM],(g1.G-2)[MNO],G-1[LN],a1[LM],G-2[KLN],(f1.b.a1.d.G-1)[LMO],g1[HKM],(g1.g)[JN],(a1.a)[MN],(g1.g)[LMP],(e1.e)[K],(c1.c)[LMN],(g1.g)[J],(e2.e1)[LMN],(e2.e1)[ILMP],(c2.c1)[JKM],g1[JMNP],f1[L],e1[LNO],c1[K],g[K],c1[LN],e1[LMN],g1[K],(g1.e1.g.G-1)[KLOP],(f1.d1.g.A-1)[LM],B-1[LM],(e1.c1.g.c)[KLN],(d1.b.g.G-1)[KLN],(e1.c1.g.c)[JKM],(g1.#d1.g.G-1)[KL],(f1.d1.g.A-1)[LM],B-1[LMN],(#d1.c1.g.c)[KL],(d1.b.g.G-1)[KLN],(#d1.c1.g.c)[KLN],(f1.d1.#a.#A-1)[KL],(f1.d1.#a.#A-1)[KL],(g1.#d1.#a.#d)[P],(g1.#d1.#a.#d)[P],(a1.#f1.d1.d)[KNP],(a1.#f1.d1.d)[KMNOP],(#a1.g1.d1.g)[KOP],(#a1.g1.d1.g)[KLOP],(b1.g1.d1.g.f.G-1)[KMN],(b1.g1.d1.g.f.G-1)[JKLMNOP],(f2.b1.f1.g.d.G-1)[J],(e2.c2.e1.g.c)[O],e2[JMP],f2[MN],e2[L],c2[K],a1[LM],d2[MN],c2[LNO],a1[K],e1[P],(c2.a1.e1.e)[KNP],(b1.#g1)[KN],f[MN],(b1.e1.#g1.e)[LNOP],B-1[L],(a1.e1.#f1)[LN],E-1[KN],(b1.#g1.e1.e)[JKMP],(c2.g1.e1.e)[KLN],b1[KN],f[MN],(b1.g1.e1.e)[LMOP],g[L],(c2.g1.e1)[L],c1[KN],(b1.g1.d1.f1)[KMP],f2[KLN],(e2.c1.e1)[JMN],d2[P],(c2.d1.#f1)[LNP],b1[LN],(d1.#f1)[LN],a1[K],(b1.g1.g.d1)[JKMNP],(b1.b)[MOP],(c2.c1)[M],(b1.b)[LMN],(g1.g)[K],(e1.e)[LP],(g2.g1)[KMNP],(e2.e1)[K],(b1.b)[NOP],(c2.c1)[MN],(b1.b)[K],(g1.g)[LMN],(e1.e)[LMO],(g2.g1)[KMOP],(e2.e1)[LMOP],(#f2.#d2.b2.B-1)[KL],(b1.b)[LNO],(a2.#d1)[M],(g2.e1)[K],(#f2.#f1)[LMN],(e2.g1)[KN],(#f2.#d2.b2.B-1)[KMNOP],(b1.b)[LNO],(a2.#d1)[MN],(g2.e1)[LMN],(#f2.#f1)[K],(e2.g1)[K],(#f2.#d2.b2.B-1)[KMNO],(b1.b)[LNP],(b3.B-2)[KMNOP],(b2.B-1)[HKLMNOP],(g2.e1)[KMOP],(e2.g1)[LMO],(g2.e1)[KMNOP],(e2.g1)[KO],(g2.e1)[KLOP],(e2.g1)[P],(g2.e1)[KL],(e2.g1)[LMP],(g2.e1)[KMNO],(e2.g1)[LNP],(g2.e1)[KMN],(e2.g1)[L],(e2.g2.g)[KMO],g1[KN],a[MN],(g2.e2.g)[LNP],e[L],g1[L],c[K],(g2.e2.g)[KOP],g1[LM],e1[LMN],(g2.e2.e1)[LNP],g1[KLN],(g2.e2)[KLN],g1[KL],(g2.e2.c1)[KLN],g1[KNP],g1[JMO],a1[MN],g1[LNO],e1[K],c1[LMN],g1[KLMNP],e2[LMN],(e2.g)[JMO],a[MN],g[LOP],e[K],c[K],(c2.g)[KLMN],e1[LMN],(g2.e1)[JM],f2[MN],e2[LN],c2[K],g1[K],(c2.c1)[LNOP],e2[K],g2[K],(g2.e2.g1.G-1)[KLN],(f2.d2.g1.A-1)[LM],B-1[LM],(e2.c2.g1.c)[KL],(d2.b1.g1.G-1)[KLN],(e2.c2.g1.c)[JKM],(g1.g.#d)[KLN],(a1.g.f.d)[LM],b1[LM],(c2.g.#d.c)[KLN],(g1.g.d.B-1)[KLN],(c2.g.#d.c)[KL],(#a2.#a1.#a.f.d)[KLN],(#a2.#a1.#a.#g.f)[KMN],(#d2.#d3.#a.g.#d)[KLN],(#d2.#d3.#a.g.#d)[KLN],(d2.d3.d1.a.#f)[KL],(d3.d2.d1.c1.a)[KLN],(g2.g3.d1.#a.g)[KLN],(g3.g2.d1.#a.g)[KLN],(f2.f3.b.d.G-1)[KLM],(f2.f3.b.d.G-1)[IJ],(b2.b1.g.g1.f1)[P],(c2.c3.c1.e1.g1)[IJKMNO];"],"id":3,"instruments":["piano","piano"],"alternatives":["",""]}],"audition":{"start":[0,0],"end":[2,252]}}