{"baseBpm":450,"musics":[{"bpm":450,"baseBeats":0.75,"scores":["mute[JM],mute[JM],mute[JM],mute[JM],mute[JM],mute[JM],mute[JM],mute[JM],mute[KN],mute[KN],mute[KN],mute[KN],mute[JM],mute[JM],mute[JM],mute[JM],mute[JM],mute[JM],mute[JM],mute[JM],mute[JM],mute[JM],mute[JM],mute[JM],mute[JM],mute[JM],mute[KN],mute[KN],mute[KN],mute[KN],mute[JM],mute[JM],mute[IL],mute[IL],mute[JM],mute[JM],mute[JM],mute[JM],mute[JM],mute[JM],mute[JM],mute[JM],mute[KN],mute[KN],mute[KN],mute[KN],mute[JM],mute[JM],mute[JM],mute[JM],mute[JM],mute[JM],mute[JM],mute[JM],mute[JM],mute[JM],mute[JM],mute[JM],mute[JM],mute[JM],mute[KN],mute[KN],mute[KN],mute[KN],mute[JM],mute[JM],mute[HK],mute[JM],mute[JM],mute[JM],mute[JM],mute[JM],mute[JM],mute[JM],mute[JM],mute[JM],mute[JM],mute[JM],mute[JM],mute[JM],mute[JM],mute[JM],mute[JM],mute[JM],mute[JM],mute[JM],mute[JM],mute[JM],mute[JM],mute[JM],mute[JM],mute[KN],mute[KN],mute[KN],mute[KN],mute[JM],mute[JM],mute[HK],mute[JM],mute[JM],mute[JM],mute[JM],mute[JM],mute[JM],mute[JM],mute[JM],mute[JM],mute[JM],mute[JM],mute[JM],mute[JM],mute[JM],mute[JM],mute[JM],mute[JM],mute[JM],mute[JM],mute[JM],mute[JM],mute[JM],mute[JM],mute[JM],mute[KN],mute[KN],mute[KN],mute[KN],mute[JM],mute[JL],mute[HJ],mute[KNO],mute[KN],mute[KN],mute[KN],mute[KN],mute[KN],mute[KN],mute[KN],mute[KN],mute[KN],mute[KN],mute[KN],mute[KN],mute[KN],mute[KN],mute[KN],mute[KN],mute[KN],mute[KN],mute[KN],mute[KN],mute[KN],mute[KN],mute[KN],mute[KN],mute[KN],mute[KN],mute[KN],mute[KN],mute[KN],mute[KN],mute[KN],mute[KN],mute[KN],mute[KN],mute[KN],mute[KN],mute[KN],mute[KN],mute[KN],mute[KN],mute[KN],mute[KN],mute[KN],mute[KN],mute[KN],mute[KN],mute[KN],mute[KN],mute[KN],mute[KN],mute[KN],mute[KN],mute[KN],mute[KN],mute[KN],mute[KN],mute[KN],mute[KN],mute[KN],mute[KN],mute[KN],mute[KN],mute[KN],mute[KN],mute[KN],mute[KN],mute[KN],mute[KN],mute[KN],mute[KN],mute[KN],mute[KN],mute[KN],mute[KN],mute[KN],mute[KN],mute[KN],mute[KN],mute[KN],mute[KN],mute[KN],mute[KN],mute[KN],mute[KN],mute[KN],mute[KN],mute[KN],mute[KN],mute[KN],mute[KN],mute[KN],mute[KN],mute[KN],mute[KN],mute[KN],mute[KN],mute[KN],mute[KN],mute[KN],mute[KN],mute[KN],mute[KN],mute[KN],mute[KN],mute[KN],mute[KN],mute[KN],mute[KN],mute[KN],mute[KN],mute[KN],mute[KN],mute[KN],mute[KN],mute[KN],mute[KN],mute[KN],mute[KN],mute[KN],mute[KN],mute[KN],mute[KN],mute[KN],mute[KN],mute[KN],mute[KN],mute[KN],mute[KN],mute[KN],mute[KN],mute[KN],mute[KN],mute[KN],mute[KN],mute[KN],mute[KN],mute[KN],mute[KN],mute[KN],mute[KN],mute[KN],mute[KN],mute[KN],mute[KN],mute[KN],mute[KN],mute[KN],mute[KN],mute[KN],mute[KN],mute[KN],mute[KN],mute[KN],mute[KN],mute[KN],mute[KN],mute[KN],mute[KN],mute[KN],mute[KN],mute[KN],mute[KN],mute[KN],mute[KN],mute[KN],mute[KN],mute[KN],mute[KN],mute[KN],mute[KN],mute[KN],mute[KN],mute[KN],mute[KN],mute[KN],mute[KN],mute[KN],mute[KN],mute[KN],mute[KN],mute[KN],mute[KN],mute[KN],mute[KN],mute[KN],mute[KN],mute[KN],mute[KN],mute[KN],mute[KN],mute[KN],mute[KN],mute[KN],mute[KN],mute[KN],mute[KN],mute[KN],mute[KN],mute[KN],mute[KN],mute[KN],mute[KN],mute[KN],mute[KN],mute[KN],mute[KN],mute[KN],mute[KN],mute[KN],mute[KN],mute[KN],mute[KN],mute[KN],mute[KN],mute[KN],mute[KN],mute[KN],mute[KN],mute[KN],mute[KN],mute[KN],mute[KN],mute[KN],mute[KN],mute[KN],mute[KN],mute[KN],mute[KN],mute[KN],mute[KN],mute[KN],mute[KN],mute[KN],mute[KN],mute[KN],mute[KN],mute[KN],mute[KN],mute[KN],mute[KN],mute[KN],mute[KN],mute[KN],mute[KN],mute[KN],mute[KN],mute[KN],mute[KN],mute[KN],mute[KN],mute[KN],mute[KN],mute[KN],mute[KN],mute[KN],mute[KN],mute[KN],mute[KN],mute[KN],mute[JM],mute[JM],mute[KN],mute[KN],mute[KN],mute[KN],mute[JM],mute[JM],mute[KN],mute[KN],mute[KN],mute[KN],mute[KN],mute[KN],mute[KN],mute[KN],mute[KN],mute[KN],mute[KN],mute[KN],mute[KN],mute[KN],mute[KN],mute[KN],mute[KN],mute[KN],mute[KN],mute[KN],mute[JM],mute[JM],mute[KN],mute[KN],mute[KN],mute[KN],mute[JM],mute[JM],mute[KN],mute[KN],mute[KN],mute[KN],mute[KN],mute[KN],mute[KN],mute[KN],mute[KN],mute[KN],mute[KN],mute[KN],mute[KN],mute[KN],mute[KN],mute[KN],mute[KN],mute[KN],mute[KN],mute[KN],mute[JM],mute[JM],mute[KN],mute[KN],mute[KN],mute[KN],mute[JM],mute[JM],mute[KN],mute[KN],mute[KN],mute[KN],mute[KN],mute[KN],mute[KN],mute[KN],mute[KN],mute[KN],mute[KN],mute[KN],mute[KN],mute[KN],mute[KN],mute[KN],mute[KN],mute[KN],mute[KN],mute[KN],mute[JM],mute[JM],mute[KN],mute[KN],mute[KN],mute[KN],mute[JM],mute[JM],mute[KN],mute[KN],mute[KN],mute[KN],mute[KN],mute[KN],mute[KN],mute[KN],mute[KN],mute[KN],mute[KN],mute[KN],mute[KN],mute[KN],mute[KN],mute[KN],mute[KN],mute[KN],mute[KN],mute[KN],mute[JM],mute[JM],mute[KN],mute[KN],mute[KN],mute[KN],mute[JM],mute[JM],mute[KN],mute[KN],mute[KN],mute[KN],mute[KN],mute[KN],mute[KN],mute[KN],mute[KN],mute[KN],mute[KN],mute[KN],mute[KN],mute[KN],mute[KN],mute[KN],mute[KN],mute[KN],mute[KN],mute[KN],mute[JM],mute[JM],mute[KN],mute[KN],mute[KN],mute[KN],mute[JM],mute[JM],mute[KN],mute[KN],mute[KN],mute[KN],mute[KN],mute[KN],mute[KN],mute[KN],mute[KN],mute[KN],mute[KN],mute[KN],mute[JM],mute[JM],mute[KN],mute[KN],mute[KN],mute[KN],mute[JM],mute[JM],mute[KN],mute[KN],mute[KN],mute[KN],mute[JM],mute[JM],mute[KN],mute[KN],mute[KN],mute[KN],mute[KN],mute[KN],mute[KN],mute[KN],mute[KN],mute[KN],mute[KN];","(D-1.d.a1.#f1)[JM],(d.#f1.d1)[JM],(d.#f1.d1)[JM],(d.#f1.d1)[JM],(D-1.d.a1.#f1)[JM],(d.#f1.d1)[JM],(d.#f1.d1)[JM],(d.d2.#f2)[JM],(D-1.d.e2.#c2)[KN],(d2.b1)[KN],(d.#c2.a1)[KN],(b1.g1)[KN],(d.a1.#f1)[JM],(d.g1.e1)[JM],(D-1.d.#f1.d1)[JM],(d.g1.e1)[JM],(d.a1.#f1)[JM],d[JM],(D-1.d.a1.#f1)[JM],(d.#f1.d1)[JM],(d.#f1.d1)[JM],(d.#f1.d1)[JM],(D-1.d.a1.#f1)[JM],(d.#f1.d1)[JM],(d.#f1.d1)[JM],(d.d2.#f2)[JM],(D-1.d.e2.#c2)[KN],(d2.b1)[KN],(d.#c2.a1)[KN],(b1.g1)[KN],(d.a1.#f1)[JM],(#f.#F-1.#a1.e1.#c1)[JM],(B-1.B-2.b1.d1.b)[IL],(#c.#C-1.a1.e1.a)[IL],(D-1.d.a1.#f1)[JM],(d.#f1.d1)[JM],(d.#f1.d1)[JM],(d.#f1.d1)[JM],(D-1.d.a1.#f1)[JM],(d.#f1.d1)[JM],(d.#f1.d1)[JM],(d.d2.#f2)[JM],(D-1.d.e2.#c2)[KN],(d2.b1)[KN],(d.#c2.a1)[KN],(b1.g1)[KN],(d.a1.#f1)[JM],(d.g1.e1)[JM],(D-1.d.#f1.d1)[JM],(d.g1.e1)[JM],(d.a1.#f1)[JM],d[JM],(D-1.d.a1.#f1)[JM],(d.#f1.d1)[JM],(d.#f1.d1)[JM],(d.#f1.d1)[JM],(D-1.d.a1.#f1)[JM],(d.#f1.d1)[JM],(d.#f1.d1)[JM],(d.d2.#f2)[JM],(D-1.d.e2.#c2)[KN],(d2.b1)[KN],(d.#c2.a1)[KN],(b1.g1)[KN],(d.a1.#f1)[JM],(#f.#F-1.#a1.e1.#c1)[JM],(B-1.B-2.b1.d1.b)[HK],(B-2.B-1.d2.#f1)[JM],(B-1.b1.d1)[JM],(B-1.b1.d1)[JM],(B-1.b1.d1)[JM],(A-2.A-1.e2.g1)[JM],(A-1.#c2.e1)[JM],(A-1.#c2.e1)[JM],(A-1.#c2.e1)[JM],(A-2.A-1.e2.g1.e1)[JM],(A-1.#c2)[JM],(A-2.A-1.e2.g1.e1)[JM],(A-1.#c2)[JM],(D-1.d.#f2.a1.#f1)[JM],(d.d2)[JM],(D-1.d.#f2.a1.#f1)[JM],(d.d2)[JM],(D-1.d.a1.#f1)[JM],(d.#f1.d1)[JM],(d.#f1.d1)[JM],(d.#f1.d1)[JM],(D-1.d.a1.#f1)[JM],(d.#f1.d1)[JM],(d.#f1.d1)[JM],(d.d2.#f2)[JM],(D-1.d.e2.#c2)[KN],(d2.b1)[KN],(d.#c2.a1)[KN],(b1.g1)[KN],(d.a1.#f1)[JM],(A-1.A-2.#c2.g1.e1)[JM],(d.D-1.d2.#f1.d1)[HK],(B-2.B-1.d2.#f1)[JM],(B-1.b1.d1)[JM],(B-1.b1.d1)[JM],(B-1.b1.d1)[JM],(A-2.A-1.e2.g1)[JM],(A-1.#c2.e1)[JM],(A-1.#c2.e1)[JM],(A-1.#c2.e1)[JM],(A-2.A-1.e2.g1.e1)[JM],(A-1.#c2)[JM],(A-2.A-1.e2.g1.e1)[JM],(A-1.#c2)[JM],(D-1.d.#f2.a1.#f1)[JM],(d.d2)[JM],(D-1.d.#f2.a1.#f1)[JM],(d.d2)[JM],(D-1.d.a1.#f1)[JM],(d.#f1.d1)[JM],(d.#f1.d1)[JM],(d.#f1.d1)[JM],(D-1.d.a1.#f1)[JM],(d.#f1.d1)[JM],(d.#f1.d1)[JM],(d.d2.#f2)[JM],(D-1.d.e2.#c2)[KN],(d2.b1)[KN],(d.#c2.a1)[KN],(b1.g1)[KN],(d.a1.#f1)[JM],(A-1.A-2.#c2.g1.e1)[JL],(d.D-1.d2.#f1.d1)[HJ],(#f1.a2)[KNO],(a1.b2)[KN],(d1.a2)[KN],(a1.g2)[KN],(d1.#f2)[KN],(a1.g2)[KN],(#f1.a2)[KN],(a1.#g2)[KN],(#f1.a2)[KN],(a1.b2)[KN],(d1.a2)[KN],(a1.g2)[KN],(d1.#f2)[KN],(d2.#f3)[KN],(#c2.e3)[KN],(b1.d3)[KN],(a1.#c3)[KN],(d2.c3)[KN],(g1.b2)[KN],(d2.d3)[KN],(#f1.a2)[KN],(a1.#g2)[KN],(e1.g2)[KN],(a1.a2)[KN],(d1.g2)[KN],(a1.#f2)[KN],(e1.a2)[KN],(a1.g2)[KN],(e1.a2)[KN],(a1.g2)[KN],(f1.a2)[KN],(a1.#g2)[KN],(#f1.a2)[KN],(a1.b2)[KN],(d1.a2)[KN],(a1.g2)[KN],(d1.#f2)[KN],(a1.g2)[KN],(#f1.a2)[KN],(a1.#g2)[KN],(#f1.a2)[KN],(a1.b2)[KN],(d1.a2)[KN],(a1.g2)[KN],(d1.#f2)[KN],(d2.#f3)[KN],(#c2.e3)[KN],(b1.d3)[KN],(a1.#c3)[KN],(d2.c3)[KN],(g1.b2)[KN],(d2.d3)[KN],(#f1.a2)[KN],(a1.#g2)[KN],(#f1.a2)[KN],(e2.#a2)[KN],(b1.b2)[KN],(d2.#c3)[KN],(#c2.#a2)[KN],(e2.b2)[KN],(#c2.#a2)[KN],(e2.g2)[KN],(d1.#f2)[KN],(e1.g2)[KN],(#f1.a2)[KN],(a1.b2)[KN],(d1.a2)[KN],(a1.g2)[KN],(d1.#f2)[KN],(a1.g2)[KN],(#f1.a2)[KN],(a1.#g2)[KN],(#f1.a2)[KN],(a1.b2)[KN],(d1.a2)[KN],(a1.g2)[KN],(d1.#f2)[KN],(d2.#f3)[KN],(#c2.e3)[KN],(b1.d3)[KN],(a1.#c3)[KN],(d2.c3)[KN],(g1.b2)[KN],(d2.d3)[KN],(#f1.a2)[KN],(a1.#g2)[KN],(e1.g2)[KN],(a1.a2)[KN],(d1.g2)[KN],(a1.#f2)[KN],(e1.a2)[KN],(a1.g2)[KN],(e1.a2)[KN],(a1.g2)[KN],(f1.a2)[KN],(a1.#g2)[KN],(#f1.a2)[KN],(a1.b2)[KN],(d1.a2)[KN],(a1.g2)[KN],(d1.#f2)[KN],(a1.g2)[KN],(#f1.a2)[KN],(a1.#g2)[KN],(#f1.a2)[KN],(a1.b2)[KN],(d1.a2)[KN],(a1.g2)[KN],(d1.#f2)[KN],(d2.#f3)[KN],(#c2.e3)[KN],(b1.d3)[KN],(a1.#c3)[KN],(d2.c3)[KN],(g1.b2)[KN],(d2.d3)[KN],(#f1.a2)[KN],(a1.#g2)[KN],(#f1.a2)[KN],(e2.#a2)[KN],(b1.b2)[KN],(d2.#c3)[KN],(#f1.b2)[KN],(b1.#a2)[KN],(d1.b2)[KN],(#f1.#a2)[KN],(d1.b2)[KN],(#c1.#c3)[KN],(b.d3)[KN],(d1.e3)[KN],(#a.d3)[KN],(d1.#c3)[KN],(b.#c3)[KN],(d1.b2)[KN],(e1.#c3)[KN],(d1.d3)[KN],(#c1.a.e3)[KN],(e1.#f3)[KN],(#c1.#g.e3)[KN],(e1.d3)[KN],(#c1.a.d3)[KN],(e1.#c3)[KN],(#c1.d3)[KN],(e1.e3)[KN],(#c1.a.e3)[KN],(e1.#f3)[KN],(#c1.#g.e3)[KN],(e1.d3)[KN],(#c1.a.d3)[KN],(e1.#c3)[KN],(#c1.d3)[KN],(e1.e3)[KN],(#f1.d1.#f3)[KN],(a1.g3)[KN],(#f1.#c1.#f3)[KN],(a1.e3)[KN],(#f1.d1.e3)[KN],(a1.d3)[KN],(#f1.e3)[KN],(a1.#f3)[KN],(#f1.a2)[KN],(a1.b2)[KN],(d1.a2)[KN],(a1.g2)[KN],(d1.#f2)[KN],(a1.g2)[KN],(#f1.a2)[KN],(a1.#g2)[KN],(#f1.a2)[KN],(a1.b2)[KN],(d1.a2)[KN],(a1.g2)[KN],(d1.#f2)[KN],(d2.#f3)[KN],(#c2.e3)[KN],(b1.d3)[KN],(a1.#c3)[KN],(d2.c3)[KN],(g1.b2)[KN],(d2.d3)[KN],(#f1.a2)[KN],(a1.d3)[KN],(e1.a.g2.#c3)[KN],(a1.a2)[KN],(d1.d3.#f2)[KN],(#f1.e3)[KN],(d1.d3)[KN],(#f1.#c3)[KN],(d1.b2)[KN],(#f1.a2)[KN],(#c1.b2)[KN],(#f1.#c3)[KN],(b.d3)[KN],(d1.e3)[KN],(#a.d3)[KN],(d1.#c3)[KN],(b.#c3)[KN],(d1.b2)[KN],(e1.#c3)[KN],(d1.d3)[KN],(#c1.a.e3)[KN],(e1.#f3)[KN],(#c1.#g.e3)[KN],(e1.d3)[KN],(#c1.a.d3)[KN],(e1.#c3)[KN],(#c1.d3)[KN],(e1.e3)[KN],(#c1.a.e3)[KN],(e1.#f3)[KN],(#c1.#g.e3)[KN],(e1.d3)[KN],(#c1.a.d3)[KN],(e1.#c3)[KN],(#c1.d3)[KN],(e1.e3)[KN],(#f1.d1.#f3)[KN],(a1.g3)[KN],(#f1.#c1.#f3)[KN],(a1.e3)[KN],(#f1.d1.e3)[KN],(a1.d3)[KN],(#f1.e3)[KN],(a1.#f3)[KN],(#f1.a2)[KN],(a1.b2)[KN],(d1.a2)[KN],(a1.g2)[KN],(d1.#f2)[KN],(a1.g2)[KN],(#f1.a2)[KN],(a1.#g2)[KN],(#f1.a2)[KN],(a1.b2)[KN],(d1.a2)[KN],(a1.g2)[KN],(d1.#f2)[KN],(d2.#f3)[KN],(#c2.e3)[KN],(b1.d3)[KN],(a1.#c3)[KN],(d2.c3)[KN],(g1.b2)[KN],(d2.d3)[KN],(#f1.a2)[KN],(a1.d3)[KN],(e1.a.g2.#c3)[KN],(a1.a2)[KN],(#f1.d1.d3.#f2)[KN],e3[KN],d3[KN],#c3[KN],(D-1.d3)[KN],E-1[KN],D-1[KN],#C-1[KN],(D-1.a1.#f1)[KN],a[KN],(D-1.d.#f1.d1)[KN],a[KN],(#f2.d2)[JM],(#f1.d1)[JM],(a1.#f1)[KN],a[KN],(D-1.d.#f1.d1)[KN],a[KN],(#f2.d2)[JM],(#f1.d1)[JM],e1[KN],e[KN],d1[KN],d[KN],#c1[KN],#c[KN],b[KN],B-1[KN],a[KN],A-1[KN],g[KN],G-1[KN],#f[KN],#F-1[KN],e[KN],E-1[KN],(a1.#f1)[KN],a[KN],(D-1.d.#f1.d1)[KN],a[KN],(#f2.d2)[JM],(#f1.d1)[JM],(a1.#f1)[KN],a[KN],(D-1.d.#f1.d1)[KN],a[KN],(#f2.d2)[JM],(#f1.d1)[JM],e1[KN],e[KN],d1[KN],d[KN],#c1[KN],#c[KN],b[KN],B-1[KN],a[KN],A-1[KN],#a[KN],#A-1[KN],b[KN],B-1[KN],#c1[KN],#c[KN],(D-1.a1.#f1)[KN],a[KN],(D-1.d.#f1.d1)[KN],a[KN],(#f2.d2)[JM],(#f1.d1)[JM],(a1.#f1)[KN],a[KN],(D-1.d.#f1.d1)[KN],a[KN],(#f2.d2)[JM],(#f1.d1)[JM],e1[KN],e[KN],d1[KN],d[KN],#c1[KN],#c[KN],b[KN],B-1[KN],a[KN],A-1[KN],g[KN],G-1[KN],#f[KN],#F-1[KN],e[KN],E-1[KN],(a1.#f1)[KN],a[KN],(D-1.d.#f1.d1)[KN],a[KN],(#f2.d2)[JM],(#f1.d1)[JM],(a1.#f1)[KN],a[KN],(D-1.d.#f1.d1)[KN],a[KN],(#f2.d2)[JM],(#f1.d1)[JM],e1[KN],e[KN],d1[KN],d[KN],#c1[KN],#c[KN],b[KN],B-1[KN],a[KN],A-1[KN],#a[KN],#A-1[KN],b[KN],B-1[KN],#c1[KN],#c[KN],(d1.b)[KN],#f[KN],(B-1.B-2.b)[KN],#f[KN],(d2.b1)[JM],(d1.b)[JM],(e1.#c1)[KN],a[KN],(A-1.A-2.#c1)[KN],a[KN],(e2.#c2)[JM],(e1.#c1)[JM],(e1.#c1)[KN],a[KN],(e.#c)[KN],A-1[KN],(e2.#c2)[KN],a1[KN],(e1.#c1)[KN],a[KN],(#f1.d1)[KN],a[KN],(a.#f)[KN],d[KN],(#f2.d2)[KN],a1[KN],(#f1.a1)[KN],d1[KN],(a1.#f1)[KN],a[KN],(D-1.d.#f1.d1)[KN],a[KN],(#f2.d2)[JM],(#f1.d1)[JM],(a2.#f2)[KN],a1[KN],(d.d1.#f2.d2)[KN],a1[KN],(#f3.d3)[JM],(#f2.d2)[JM],(e3.e2)[KN],(e.e1)[KN],(d3.d2)[KN],(d1.d)[KN],(#c3.#c2)[KN],(#c1.#c)[KN],(b2.b1)[KN],(b.B-1)[KN],(a2.a1)[KN],(a.A-1)[KN],(#c3.e2.#c2)[KN],A-1[KN],(d3.#f2.d2)[JM],(d.D-1)[JM],(d1.b)[KN],#f[KN],(B-1.B-2.b)[KN],#f[KN],(d2.b1)[JM],(d1.b)[JM],(e1.#c1)[KN],a[KN],(A-1.A-2.#c1)[KN],a[KN],(e2.#c2)[JM],(e1.#c1)[JM],(e1.#c1)[KN],a[KN],(e.#c)[KN],A-1[KN],(e2.#c2)[KN],a1[KN],(e1.#c1)[KN],a[KN],(#f1.d1)[KN],a[KN],(a.#f)[KN];"],"id":1,"instruments":["piano","piano"],"alternatives":["",""]},{"bpm":450,"baseBeats":0.75,"scores":["mute[KN],mute[KN],mute[KN],mute[KN],mute[KN],mute[KN],mute[KN],mute[KN],mute[KN],mute[JM],mute[JM],mute[KN],mute[KN],mute[KN],mute[KN],mute[JM],mute[JM],mute[KN],mute[KN],mute[KN],mute[KN],mute[KN],mute[KN],mute[KN],mute[KN],mute[KN],mute[KN],mute[KNO],mute[KNO],mute[JLMO],mute[IKLN],mute[KL],mute[KL],mute[KL],5<UV>,5<UV>,mute[KL],mute[KL],mute[KL],mute[KL],mute[KL],mute[KL],mute[KL],mute[KL],mute[KL],mute[KL],mute[KL],mute[KL],mute[KL],mute[KL],mute[KL],mute[KL],mute[KL],mute[KL],mute[KL],mute[KL],mute[KL],mute[KL],mute[KL],5<UV>,5<UV>,mute[KL],mute[KL],mute[KL],mute[KL],mute[KL],mute[KL],mute[KL],mute[KL],mute[KL],mute[KL],mute[KL],mute[KL],mute[KL],mute[KL],mute[KL],mute[KL],mute[KL],mute[KL],mute[KL],mute[KL],mute[KL],mute[KL],mute[KL],5<UV>,5<UV>,mute[KL],mute[KL],mute[KL],mute[KL],mute[KL],mute[KL],mute[KL],mute[KL],mute[KL],mute[KL],mute[KL],mute[KL],mute[KL],mute[KL],mute[KL],mute[KL],mute[KL],mute[KL],mute[KL],mute[KL],mute[KL],mute[KL],mute[KL],5<UV>,5<UV>,mute[KL],mute[KL],mute[KL],mute[KL],mute[KL],mute[KL],mute[KL],mute[KL],mute[KL],mute[KL],mute[KL],mute[KL],mute[KL],mute[KL],mute[KL],mute[KL],mute[KL],mute[KL],mute[KL],mute[KL],mute[KL],mute[KL],mute[KL],mute[KL],mute[KL],mute[KL],mute[KL],mute[KL],mute[KL],5<UV>,5<UV>,mute[KL],mute[KL],mute[KL],mute[KL],mute[KL],5<UV>,5<UV>,mute[KL],mute[KL],mute[KL],mute[KL],mute[KL],mute[KL],mute[KL],mute[KL],mute[KL],mute[KL],mute[KL],mute[KL],mute[KL],mute[KL],mute[KL],mute[KL],mute[KL],mute[KL],mute[KL],mute[KL],mute[KL],mute[KL],mute[KL],mute[KL],mute[KL],mute[KL],mute[KLO],mute[KLO],mute[KLO],mute[KLN],mute[KLNO],mute[KLN],mute[KLO],mute[KLO],mute[KL],mute[KL],mute[KL],mute[KL],mute[KL],mute[KL],mute[KL],5<UV>,5<UV>,mute[KL],mute[KL],mute[KL],mute[KL],mute[KL],5<UV>,5<UV>,mute[KL],mute[KL],mute[KLO],mute[KLO],mute[KLN],mute[KLO],mute[KLN],mute[KLO],mute[KLN],mute[KL],mute[KL],mute[KL],mute[KL],mute[KL],mute[KL],mute[KL],mute[KL],mute[KL],mute[KL],mute[KL],mute[KL],mute[KL],mute[KL],mute[KL],mute[KL],mute[KL],mute[KLO],mute[KLN],mute[KLNO],mute[IKNOP],mute[JM],mute[JM],mute[JM],mute[JM],mute[KN],mute[KN],mute[KN],mute[KN],mute[KN],mute[KN],mute[LM],mute[LM],mute[LM],mute[LM],mute[LM],mute[LM],mute[LM],mute[LM],mute[LM],mute[LM],mute[LM],mute[LM],mute[LM],mute[LM],mute[LM],mute[JM],mute[JM],mute[IK],mute[JM],mute[JM],mute[JM],mute[JM],mute[KN],mute[KN],mute[KN],mute[KN],mute[KN],mute[KN],mute[LM],mute[LM],mute[LM],mute[LM],mute[LM],mute[LM],mute[LM],mute[LM],mute[LM],mute[LM],mute[LM],mute[LM],mute[LM],mute[LM],mute[LM],mute[JM],mute[JM],mute[IK],mute[JM],mute[JM],mute[JM],mute[JM],mute[KN],mute[KN],mute[KN],mute[KN],mute[KN],mute[KN],mute[LM],mute[LM],mute[LM],mute[LM],mute[LM],mute[LM],mute[LM],mute[LM],mute[LM],mute[LM],mute[LM],mute[LM],mute[LM],mute[LM],mute[LM],mute[JM],mute[JM],mute[IK],mute[JM],mute[JM],mute[JM],mute[JM],mute[KN],mute[KN],mute[KN],mute[KN],mute[KN],mute[KN],mute[LM],mute[LM],mute[LM],mute[LM],mute[LM],mute[LM],mute[LM],mute[LM],mute[LM],mute[LM],mute[LM],mute[LM],mute[LM],mute[LM],mute[LMO],mute[JMNO],mute[JL],mute[IKLN],mute[JL],mute[JM],mute[JM],mute[JM],mute[JM],mute[JM],mute[JM],mute[JM],mute[KN],mute[KN],mute[KN],mute[KN],mute[KN],mute[KN],mute[KN],mute[KN],mute[KN],mute[KN],mute[KN],mute[KN],mute[KN],mute[KN],mute[KN],mute[KN],mute[JM],mute[JM],mute[JM],mute[JM],mute[KN],mute[KN],mute[KN],mute[KN],mute[KN],mute[KN],mute[LM],mute[LM],mute[LM],mute[LM],mute[LM],mute[LM],mute[LM],mute[LM],mute[LM],mute[LM],mute[LM],mute[LM],mute[LM],mute[LM],mute[LM],mute[JM],mute[JM],mute[ILNO],mute[JMN],mute[JM],mute[JM],mute[JM],mute[JM],mute[JM],mute[JM],mute[JM],mute[KN],mute[KN],mute[KN],mute[KN],mute[KN],mute[KN],mute[KN],mute[KN],mute[KN],mute[KN],mute[KN],mute[KN],mute[KN],mute[KN],mute[KNO],mute[KM],mute[JL],mute[JM],mute[JM],mute[JM],mute[KN],mute[KN],mute[KN],mute[KN],mute[KN],mute[KN],mute[LM],mute[LM],mute[LM],mute[LM],mute[LM],mute[LM],mute[LM],mute[LM],mute[LM],mute[LM],mute[LM],mute[LM],mute[LM],mute[LM],mute[LM],mute[JMN],mute[JL],mute[IJKL],mute[KM],mute[KNO],mute[KN],mute[KN],mute[KN],mute[KN],mute[KN],mute[KN],mute[KN],mute[KN],mute[KN],mute[KN],mute[KN],mute[KN],mute[KN],mute[KN],mute[KN],mute[KN],mute[KN],mute[KN],mute[KN],mute[KN],mute[KN],mute[KN],mute[KN],mute[KN],mute[KN],mute[KN],mute[KN],mute[KN],mute[KN],mute[KN],mute[KN],mute[KN],mute[KN],mute[KN],mute[KN],mute[KN],mute[KN],mute[KN],mute[KN],mute[KN],mute[KN],mute[KN],mute[KN],mute[KN],mute[KN],mute[KN],mute[KN],mute[KN],mute[KN],mute[KN],mute[KN],mute[KN],mute[KN],mute[KN],mute[KN],mute[KN],mute[KN],mute[KN],mute[KN],mute[KN],mute[KN],mute[KN],mute[KN],mute[KN],mute[KN],mute[KN],mute[KN],mute[KN],mute[KN],mute[KN],mute[KN],mute[KN],mute[KN],mute[KN],mute[KN],mute[KN],mute[KN],mute[KN],mute[KN],mute[KN],mute[KN],mute[KN],mute[KN],mute[KN],mute[KN],mute[KN],mute[KN],mute[KN],mute[KN],mute[KN],mute[KN],mute[KN],mute[KN],mute[KN],mute[KN],mute[KN],mute[KN],mute[KN],mute[KN],mute[KN],mute[KN],mute[KN],mute[KN],mute[KN],mute[KN],mute[KN],mute[KN],mute[KN],mute[KN],mute[KN],mute[KN],mute[KN],mute[KN],mute[KN],mute[KN],mute[KN],mute[KN],mute[KN],mute[KN],mute[KN],mute[KN],mute[KN],mute[KN],mute[KN],mute[KN],mute[KN],mute[KN],mute[KN],mute[KN],mute[KN],mute[KN],mute[KN],mute[KN],mute[KN],mute[KN],mute[KN],mute[KN],mute[KN],mute[KN],mute[KN],mute[KN],mute[KN],mute[KN],mute[KN],mute[KN],mute[KN],mute[KN],mute[KN],mute[KN],mute[KN],mute[KN],mute[KN],mute[KN],mute[KN],mute[KN],mute[KN],mute[KN],mute[KN],mute[KN],mute[KN],mute[KN],mute[KN],mute[KN],mute[KN],mute[KN],mute[KN],mute[KN],mute[KN],mute[KN],mute[KN],mute[KN],mute[KN],mute[KN],mute[KN],mute[KN],mute[KN],mute[KN],mute[KN],mute[KN],mute[KN],mute[KN],mute[KN],mute[KN],mute[KN],mute[KN],mute[KN],mute[KN],mute[KN],mute[KN],mute[KN],mute[KN],mute[KN],mute[KN],mute[KN],mute[KN],mute[KN],mute[KN],mute[KN],mute[KN],mute[KN],mute[KN],mute[KN],mute[KN],mute[KN],mute[KN],mute[KN],mute[KN],mute[KN],mute[KN],mute[KN],mute[KN],mute[KN],mute[KN],mute[KN],mute[KN],mute[KN],mute[KN],mute[KN],mute[KN],mute[KN],mute[KN],mute[KN],mute[KN],mute[KN],mute[KN],mute[KN],mute[KN],mute[KN],mute[KN],mute[KN],mute[KN],mute[KN],mute[KN],mute[KN],mute[KN],mute[KN],mute[KN],mute[KN],mute[KN],mute[KN],mute[KN],mute[KN],mute[KN],mute[KN],mute[KN],mute[KN],mute[KNO],mute[KNO],mute[KM],mute[KM];","d[KN],(#f2.d2)[KN],a1[KN],(#f1.a1)[KN],d1[KN],(a1.#f1)[KN],a[KN],(D-1.d.#f1.d1)[KN],a[KN],(#f2.d2)[JM],(#f1.d1)[JM],(a2.#f2)[KN],a1[KN],(d.d1.#f2.d2)[KN],a1[KN],(#f3.d3)[JM],(#f2.d2)[JM],(e3.e2)[KN],(e.e1)[KN],(d3.d2)[KN],(d1.d)[KN],(#c3.#c2)[KN],(#c1.#c)[KN],(b2.b1)[KN],(b.B-1)[KN],(a2.a1)[KN],(a.A-1)[KN],(#c3.e2.#c2)[KNO],A-1[KNO],(d3.#f2.d2)[JLMO],(d.D-1)[IKLN],(#f.d.a2.#f2)[KL],(d1.g2.e2)[KL],(a.#f2.d2)[KL],(#f.d.d2.#f2)[MN],g2[MN],#f2[MN],e2[MN],(d1.#f2.d2)[KL],(a.g2.e2)[KL],(#f.d.a2.#f2)[KL],(d1.g2.e2)[KL],(a.#f2.d2)[KL],(d.#f2.d2)[KL],(e.#f3.d3)[KL],(#f.e3.#c3)[KL],(d.g.d3.b2)[KL],(a.#c3.a2)[KL],(b.b2.g2)[KL],(#c1.d.a2.#f2)[KL],(#c1.d.b2.g2)[KL],(#c1.d.g2.e2)[KL],(d1.d.#f2.d2)[KL],(d1.d.g2.e2)[KL],(d1.d.#g2.f2)[KL],(d1.d.b2.g2)[KL],(d1.d.a2.#f2)[KL],(d1.d.a2.#f2)[KL],(#f.d.a2.#f2)[KL],(d1.g2.e2)[KL],(a.#f2.d2)[KL],(#f.d.d2.#f2)[MN],g2[MN],#f2[MN],e2[MN],(d1.#f2.d2)[KL],(a.g2.e2)[KL],(#f.d.a2.#f2)[KL],(d1.g2.e2)[KL],(a.#f2.d2)[KL],(d.#f2.d2)[KL],(e.#f3.d3)[KL],(#f.e3.#c3)[KL],(g.b2.d3)[KL],(#f.#c3.e2)[KL],(g.b2.d2)[KL],(e.b2.d2)[KL],(#c.#c3.e2)[KL],(#f.#a2.#c2)[KL],(B-1.#c3.e2)[KL],b[KL],(#f.b2.d2)[KL],#c[KL],#c1[KL],(a.a2.e2.a1)[KL],(#f.d.a2.#f2)[KL],(d1.g2.e2)[KL],(a.#f2.d2)[KL],(#f.d.d2.#f2)[MN],g2[MN],#f2[MN],e2[MN],(d1.#f2.d2)[KL],(a.g2.e2)[KL],(#f.d.a2.#f2)[KL],(d1.g2.e2)[KL],(a.#f2.d2)[KL],(d.#f2.d2)[KL],(e.#f3.d3)[KL],(#f.e3.#c3)[KL],(d.g.d3.b2)[KL],(a.#c3.a2)[KL],(b.b2.g2)[KL],(#c1.d.a2.#f2)[KL],(#c1.d.b2.g2)[KL],(#c1.d.g2.e2)[KL],(d1.d.#f2.d2)[KL],(d1.d.g2.e2)[KL],(d1.d.#g2.f2)[KL],(d1.d.b2.g2)[KL],(d1.d.a2.#f2)[KL],(d1.d.a2.#f2)[KL],(#f.d.a2.#f2)[KL],(d1.g2.e2)[KL],(a.#f2.d2)[KL],(#f.d.d2.#f2)[MN],g2[MN],#f2[MN],e2[MN],(d1.#f2.d2)[KL],(a.g2.e2)[KL],(#f.d.a2.#f2)[KL],(d1.g2.e2)[KL],(a.#f2.d2)[KL],(d.#f2.d2)[KL],(e.#f3.d3)[KL],(#f.e3.#c3)[KL],(g.b2.d3)[KL],(#f1.#c3.e2)[KL],(g1.b2.d2)[KL],(e1.b2.d2)[KL],(#c1.#c3.e2)[KL],(#f1.#a2.#c2)[KL],(b.d1.#c3.e2)[KL],b1[KL],(#f1.b2.d2)[KL],(b.d1)[KL],(b1.b2.d2)[KL],(#f1.#c3.e2)[KL],(b.d1.d3.#f2)[KL],(b1.#c3.e2)[KL],(#f1.b2.d2)[KL],(b.d1.b2.d2)[KL],(b1.b2.d2)[KL],(#f1.#c3.e2)[KL],(b.d1.d3.#f2)[KL],(b1.#c3.e2)[KL],(#f1.b2.d2)[KL],(b.d1.d2.b2)[MN],d3[MN],#c3[MN],b2[MN],(b1.#c3.e2)[KL],(#f1.d3.#f2)[KL],(#c1.a.e3.g2)[KL],(g1.d3.#f2)[KL],(e1.#c3.e2)[KL],(#c1.a.e2.#c3)[MN],d3[MN],#c3[MN],b2[MN],(g1.#c3.e2)[KL],(e1.d3.#f2)[KL],(a.#c1.e3.g2)[KL],(g1.d3.#f2)[KL],(e1.#c3.e2)[KL],(#c1.a.#c3.e2)[KL],(a.#f2.d2)[KL],(g.g2.e2)[KL],(#f.d.a2.#f2)[KL],(d1.g2.e2)[KL],(a.#f2.d2)[KL],(#f.d.#f2.d2)[KL],(d1.d3.#f2)[KL],(a.e3.g2)[KL],(#f.d.#f3.a2)[KL],(d1.e3.g2)[KL],(a.d3.#f2)[KL],(d.d3.#f2)[KL],(e.#f3.d3)[KL],(#f.e3.#c3)[KL],(g.d3.b2)[KL],(b.#c3.a2)[KL],(e1.b2.g2)[KL],(a.a2.#f2)[KL],(g1.b2.g2)[KL],(e1.#c3.e2)[KL],(d.e3.g2)[KLO],#c1[KLO],(d1.d.d3.#f2)[KLO],(d1.d)[KLN],(#f1.d1.b2.d2)[KLNO],(e1.#c1.#c3.e2)[KLN],(b.d1.d3.#f2)[KLO],(b1.#c3.e2)[KLO],(#f1.b2.d2)[KL],(b.d1.b2.d2)[KL],(b1.b2.d2)[KL],(#f1.#c3.e2)[KL],(b.d1.d3.#f2)[KL],(b1.#c3.e2)[KL],(#f1.b2.d2)[KL],(b.d1.d2.b2)[MN],d3[MN],#c3[MN],b2[MN],(b1.#c3.e2)[KL],(#f1.d3.#f2)[KL],(#c1.a.e3.g2)[KL],(g1.d3.#f2)[KL],(e1.#c3.e2)[KL],(#c1.a.e2.#c3)[MN],d3[MN],#c3[MN],b2[MN],(g1.#c3.e2)[KL],(e1.d3.#f2)[KL],(a.#c1.e3.g2)[KLO],(g1.d3.#f2)[KLO],(e1.#c3.e2)[KLN],(#c1.a.#c3.e2)[KLO],(a.#f2.d2)[KLN],(g.g2.e2)[KLO],(#f.d.a2.#f2)[KLN],(d1.g2.e2)[KL],(a.#f2.d2)[KL],(#f.d.#f2.d2)[KL],(d1.d3.#f2)[KL],(a.e3.g2)[KL],(#f.d.#f3.a2)[KL],(d1.e3.g2)[KL],(a.d3.#f2)[KL],(d.d3.#f2)[KL],(e.#f3.d3)[KL],(#f.e3.#c3)[KL],(g.d3.b2)[KL],(b.#c3.a2)[KL],(e1.b2.g2)[KL],(a.a2.#f2)[KL],(g1.b2.g2)[KL],(e1.#c3.e2)[KL],(d.e3.g2)[KLO],#c1[KLN],(d1.d.d3.#f2)[KLNO],(d1.d.d3.#f2)[IKNOP],(#C-1.a1.e1)[JM],(D-1.#f1.d1)[JM],(#C-1.a1.e1)[JM],(D-1.#f1.d1)[JM],(#C-1.a1.e1)[KN],(D-1.#f1.d1)[KN],(#C-1.a1.e1)[KN],(D-1.#f1.d1)[KN],(#C-1.a1.e1)[KN],(D-1.#f1.d1)[KN],#f3[LM],e3[LM],d3[LM],(g1.e1.a.#c3)[LM],b2[LM],a2[LM],(g1.e1.a.g2)[LM],#f2[LM],e2[LM],(g1.e1.a.d2)[LM],#c2[LM],b1[LM],(g1.e1.a.a1)[LM],b1[LM],#c2[LM],(#f1.d1.d2)[JM],(g1.a.e2.#c2)[JM],(#f1.d1.#f2.d2)[IK],(#C-1.a1.e1)[JM],(D-1.#f1.d1)[JM],(#C-1.a1.e1)[JM],(D-1.#f1.d1)[JM],(#C-1.a1.e1)[KN],(D-1.#f1.d1)[KN],(#C-1.a1.e1)[KN],(D-1.#f1.d1)[KN],(#C-1.a1.e1)[KN],(D-1.#f1.d1)[KN],g3[LM],#f3[LM],e3[LM],(#f1.d1.d3)[LM],#c3[LM],b2[LM],(#f1.d1.a2)[LO],g2[LO],#f2[LO],e2[LO],(#f1.d1.d2)[LM],#c2[LM],b1[LM],(e1.#c1.#f.#a1)[LM],#f2[LM],#a1[LM],(d1.b.b1)[JM],(d1.b.b1)[JM],(d1.b.b1)[IK],(#C-1.a1.e1)[JM],(D-1.#f1.d1)[JM],(#C-1.a1.e1)[JM],(D-1.#f1.d1)[JM],(#C-1.a1.e1)[KN],(D-1.#f1.d1)[KN],(#C-1.a1.e1)[KN],(D-1.#f1.d1)[KN],(#C-1.a1.e1)[KN],(D-1.#f1.d1)[KN],#f3[LM],e3[LM],d3[LM],(g1.e1.a.#c3)[LM],b2[LM],a2[LM],(g1.e1.a.g2)[LM],#f2[LM],e2[LM],(g1.e1.a.d2)[LM],#c2[LM],b1[LM],(g1.e1.a.a1)[LM],b1[LM],#c2[LM],(#f1.d1.d2)[JM],(g1.a.e2.#c2)[JM],(#f1.d1.#f2.d2)[IK],(#C-1.a1.e1)[JM],(D-1.#f1.d1)[JM],(#C-1.a1.e1)[JM],(D-1.#f1.d1)[JM],(#C-1.a1.e1)[KN],(D-1.#f1.d1)[KN],(#C-1.a1.e1)[KN],(D-1.#f1.d1)[KN],(#C-1.a1.e1)[KN],(D-1.#f1.d1)[KN],g3[LM],#f3[LM],e3[LM],(#f1.d1.d3)[LM],#c3[LM],b2[LM],(#f1.d1.a2)[LO],g2[LO],#f2[LO],e2[LO],(#f1.d1.d2)[LM],#c2[LM],b1[LM],(e1.#c1.#f.#a1)[LM],#f2[LMO],#a1[LM],(d1.b.b1)[JMNO],(d1.b.b1)[JL],(d1.b.b1)[IKLN],(#A-2.d1.#f)[JL],(B-2.b)[JM],(#A-2.d1.#f)[JM],(B-2.b)[JM],(#G-2.e1.b)[JM],(A-2.#c1.a)[JM],(#G-2.e1.b)[JM],(A-2.#c1.a)[JM],(#G-2.e1.b)[KN],(A-2.#c1.a)[KN],(#G-2.e1.b)[KN],(A-2.#c1.a)[KN],(#G-2.e1.b)[KN],(A-2.#c1.a)[KN],(#G-2.e1.b)[KN],(A-2.#c1.a)[KN],(#C-1.#f1.a)[KN],(D-1.d1)[KN],(#C-1.#f1.a)[KN],(D-1.d1)[KN],(#C-1.#f1.a)[KN],(D-1.d1)[KN],(#C-1.#f1.a)[KN],(D-1.d1)[KN],(#C-1.a1.e1)[JM],(D-1.#f1.d1)[JM],(#C-1.a1.e1)[JM],(D-1.#f1.d1)[JM],(#C-1.a1.e1)[KN],(D-1.#f1.d1)[KN],(#C-1.a1.e1)[KN],(D-1.#f1.d1)[KN],(#C-1.a1.e1)[KN],(D-1.#f1.d1)[KN],(#f2.d2.#f3)[LM],e3[LM],d3[LM],(g2.e2.#c3)[LM],b2[LM],a2[LM],(g1.e1.a.g2)[LM],#f2[LM],e2[LM],(g1.e1.a.d2)[LM],#c2[LM],b1[LM],(g1.e1.a.a1)[LM],b1[LM],#c2[LM],(#f1.d1.d2)[JM],(#f1.d1.d2)[JM],(#f1.d1.d2)[ILNO],(#A-2.d1.#f)[JMN],(B-2.b)[JM],(#A-2.d1.#f)[JM],(B-2.b)[JM],(#G-2.e1.b)[JM],(A-2.#c1.a)[JM],(#G-2.e1.b)[JM],(A-2.#c1.a)[JM],(#G-2.e1.b)[KN],(A-2.#c1.a)[KN],(#G-2.e1.b)[KN],(A-2.#c1.a)[KN],(#G-2.e1.b)[KN],(A-2.#c1.a)[KN],(#G-2.e1.b)[KN],(A-2.#c1.a)[KN],(#C-1.#f1.a)[KN],(D-1.d1)[KN],(#C-1.#f1.a)[KN],(D-1.d1)[KN],(#C-1.#f1.a)[KN],(D-1.d1)[KN],(#C-1.#f1.a)[KNO],(D-1.d1)[KM],(#C-1.a1.e1)[JL],(D-1.#f1.d1)[JM],(#C-1.a1.e1)[JM],(D-1.#f1.d1)[JM],(#C-1.a1.e1)[KN],(D-1.#f1.d1)[KN],(#C-1.a1.e1)[KN],(D-1.#f1.d1)[KN],(#C-1.a1.e1)[KN],(D-1.#f1.d1)[KN],(#f2.d2.#f3)[LM],e3[LM],d3[LM],(g2.e2.#c3)[LM],b2[LM],a2[LM],(g1.e1.a.g2)[LM],#f2[LM],e2[LM],(g1.e1.a.d2)[LM],#c2[LM],b1[LM],(g1.e1.a.a1)[LM],b1[LM],#c2[LM],(#f1.d1.d2)[JMN],(#f1.d1.d2)[JL],(#f1.d1.d2)[IJKL],(a.d1)[KM],(#f.#f1)[KNO],(d.a1)[KN],(#f.#f1)[KN],(d.a1)[KN],(#f.#f1)[KN],(d.a1)[KN],(A-1.d2)[KN],(a.d1)[KN],(#f.#f1)[KN],(d.a1)[KN],(#f.#f1)[KN],(d.a1)[KN],(#f.#f1)[KN],(d.a1)[KN],(A-1.d2)[KN],(a.e1)[KN],(g.g1)[KN],(e.a1.#c1)[KN],(g.g1)[KN],(e.a1)[KN],(g.g1)[KN],(e.a1.#c1)[KN],(A-1.#c2)[KN],(a.d1)[KN],(#f.#f1)[KN],(d.a1)[KN],(#f.#f1)[KN],(d.a1)[KN],(#f.#f1)[KN],(d.a1)[KN],(A-1.d2)[KN],(a.d1)[KN],(#f.#f1)[KN],(d.a1)[KN],(#f.#f1)[KN],(d.a1)[KN],(#f.#f1)[KN],(d.a1)[KN],(A-1.d2)[KN],(a.d1)[KN],(#f.#f1)[KN],(d.a1)[KN],(#f.#f1)[KN],(d.a1)[KN],(#f.#f1)[KN],(d.a1)[KN],(A-1.d2)[KN],(a.e1)[KN],(g.g1)[KN],(e.a1.#c1)[KN],(g.g1)[KN],(e.a1)[KN],(g.g1)[KN],(e.#a1.#c1)[KN],(A-1.g1)[KN],(#g.d1)[KN],(f.#g1)[KN],(d.b1)[KN],(f.#g1)[KN],(a.d1)[KN],(#f.#f1)[KN],(d.a1)[KN],(#f.#f1)[KN],(a.d1)[KN],(#f.#f1)[KN],(d.a1)[KN],(#f.#f1)[KN],(d.a1)[KN],(#f.#f1)[KN],(d.a1)[KN],(A-1.d2)[KN],(a.d1)[KN],(#f.#f1)[KN],(d.a1)[KN],(#f.#f1)[KN],(d.a1)[KN],(#f.#f1)[KN],(d.a1)[KN],(A-1.d2)[KN],(a.e1)[KN],(g.g1)[KN],(e.a1.#c1)[KN],(g.g1)[KN],(e.a1)[KN],(g.g1)[KN],(e.a1.#c1)[KN],(A-1.#c2)[KN],(a.d1)[KN],(#f.#f1)[KN],(d.a1)[KN],(#f.#f1)[KN],(d.a1)[KN],(#f.#f1)[KN],(d.a1)[KN],(A-1.d2)[KN],(a.d1)[KN],(#f.#f1)[KN],(d.a1)[KN],(#f.#f1)[KN],(d.a1)[KN],(#f.#f1)[KN],(d.a1)[KN],(A-1.d2)[KN],(a.d1)[KN],(#f.#f1)[KN],(d.a1)[KN],(#f.#f1)[KN],(d.a1)[KN],(#f.#f1)[KN],(d.a1)[KN],(A-1.d2)[KN],(a.e1)[KN],(g.g1)[KN],(e.a1.#c1)[KN],(g.g1)[KN],(e.a1)[KN],(g.g1)[KN],(e.#a1.#c1)[KN],(A-1.g1)[KN],(#g.d1)[KN],(e.#g1)[KN],(d.b1)[KN],(f.#g1)[KN],(b.d1)[KN],(f.#g1)[KN],(d.b1)[KN],(f.#g1)[KN],(b.d1)[KN],(f.#g1)[KN],(d.b1)[KN],(f.#g1)[KN],(d.b1)[KN],(f.#g1)[KN],(d.b1)[KN],(A-1.d2)[KN],(#c1.e1)[KN],(g.g1)[KN],(e.#c2)[KN],(g.g1)[KN],(e.#c2)[KN],(g.g1)[KN],(e.#c2)[KN],(A-1.e2)[KN],(#c1.e1)[KN],(g.g1)[KN],(e.#c2)[KN],(g.g1)[KN],(e.#c2)[KN],(g.g1)[KN],(e.#c2)[KN],(A-1.e2)[KN],(d1.#f1)[KN],(a.a1)[KN],(#f.d2)[KN],(a.a1)[KN],(#f.d2)[KN],(a.a1)[KN],(#f.d2)[KN],(A-1.#f2)[KN],(a.d2)[KN],(#f.#f2)[KN],(d.a2)[KN],(#f.#f2)[KN],(d.a2)[KN],(#f.#f2)[KN],(d.a2)[KN],(A-1.d3)[KN],(a.d2)[KN],(#f.#f2)[KN],(d.a2)[KN],(#f.#f2)[KN],(d.a2)[KN],(#f.#f2)[KN],(d.a2)[KN],(A-1.d3)[KN],(a.e2)[KN],(g.g2)[KN],(e.a2.#c2)[KN],(g.g2)[KN],(e.a2)[KN],(g.g2)[KN],(e.a2.#c2)[KN],(A-1.#c3)[KN],(a.d2)[KN],(#f.#f2)[KN],(d.a2)[KN],(#f.#f2)[KN],(b.d2)[KN],(f.#g2)[KN],(d.b2)[KN],(f.#g2)[KN],(b.d1)[KN],(f.#g1)[KN],(d.b1)[KN],(f.#g1)[KN],(d.b1)[KN],(f.#g1)[KN],(d.b1)[KN],(A-1.d2)[KN],(#c1.e1)[KN],(g.g1)[KN],(e.#c2)[KN],(g.g1)[KN],(e.#c2)[KN],(g.g1)[KN],(e.#c2)[KN],(A-1.e2)[KN],(#c1.e1)[KN],(g.g1)[KN],(e.#c2)[KN],(g.g1)[KN],(e.#c2)[KN],(g.g1)[KN],(e.#c2)[KN],(A-1.e2)[KN],(d1.#f1)[KN],(a.a1)[KN],(#f.d2)[KN],(a.a1)[KN],(#f.d2)[KN],(a.a1)[KN],(#f.d2)[KN],(A-1.#f2)[KN],(a.d2)[KN],(#f.#f2)[KN],(d.a2)[KN],(#f.#f2)[KN],(d.a2)[KN],(#f.#f2)[KN],(d.a2)[KN],(A-1.d3)[KN],(a.d2)[KN],(#f.#f2)[KN],(d.a2)[KN],(#f.#f2)[KN],(d.a2)[KN],(#f.#f2)[KN],(d.a2)[KN],(A-1.d3)[KN],(a.e2)[KN],(g.g2)[KN],(e.a2.#c2)[KN],(g.g2)[KN],(e.a2)[KN],(g.g2)[KN],(e.a2.#c2)[KN],(A-1.#c3)[KN],(#f.d2)[KNO],(d.#f2)[KNO],(A-1.a2)[KM],(d.#f2)[KM];"],"id":2,"instruments":["piano","piano"],"alternatives":["",""]},{"bpm":450,"baseBeats":0.75,"scores":["mute[KMN],mute[KLM],mute[JM],mute[JKLM],mute[KLN],mute[KMN],mute[KLM],5<UV>,mute[KM],mute[KM],mute[KM],mute[KM],mute[KM],mute[KM],mute[KM],mute[KM],mute[KM],mute[KM],mute[KM],mute[KM],mute[KM],mute[KM],mute[KM],mute[KM],mute[KM],mute[KM],mute[KM],mute[KM],mute[KM],mute[KM],mute[KLM],5<UV>,mute[KM],mute[KM],mute[KM],mute[KM],mute[KM],mute[KM],mute[KM],mute[KM],mute[KM],mute[KM],mute[KM],mute[KM],mute[KM],mute[KM],mute[KM],mute[KM],mute[JL],mute[KM],mute[KM],mute[KM],mute[KM],mute[KM],mute[KM],mute[KM],mute[KM],mute[KM],mute[KM],mute[KM],mute[KM],mute[KM],mute[KM],mute[KM],mute[KM],mute[KM],mute[KM],mute[KM],mute[KM],mute[KM],mute[KM],mute[KM],mute[KM],mute[KM],mute[KM],mute[KM],mute[KM],mute[KLM],5<UV>,mute[KM],mute[KM],mute[KM],mute[KM],mute[KM],mute[KM],mute[KM],mute[KM],mute[KM],mute[KM],mute[KM],mute[KM],mute[KM],mute[KM],mute[KM],mute[KM],mute[JL],mute[KM],mute[KM],mute[KM],mute[KM],mute[KM],mute[KM],mute[KM],mute[KM],mute[KM],mute[KM],mute[KM],mute[KM],mute[KM],mute[KM],mute[KM],mute[KM],mute[KM],mute[KM],mute[KM],mute[KM],mute[KM],mute[KM],mute[KM],mute[KM],mute[KM],mute[KM],mute[KM],mute[KM],mute[KLM],5<UV>,mute[KM],mute[KM],mute[KM],mute[KM],mute[KM],mute[KM],mute[KM],mute[KM],mute[KM],mute[KM],mute[KM],mute[KM],mute[KM],mute[KM],mute[KMN],mute[KM],mute[JLNO],mute[KMO],mute[KMO],mute[KMO],mute[KMN],mute[KMO],mute[KMO],mute[KMO],mute[KMO],mute[KMN],mute[KMO],mute[KMO],mute[KMO],mute[KMO],mute[KMN],mute[KM],mute[KMN],mute[KMO],mute[KMO],mute[KMO],mute[KMO],mute[KMNO],mute[KMNO],mute[KLMN],mute[JKLM],mute[KLO],mute[KMNO],mute[KM],mute[KM],mute[KM],mute[KM],mute[KM],mute[KM],mute[KM],mute[KM],mute[KM],mute[KM],mute[KM],mute[KM],mute[KM],mute[KM],mute[KM],mute[KM],mute[KM],mute[KM],mute[KM],mute[KM],mute[KM],mute[KM],mute[KM],mute[KM],mute[KM],mute[KM],mute[KM],mute[KM],mute[KM],mute[KM],mute[KM],mute[KM],mute[KM],mute[KM],mute[KM],mute[KM],mute[KM],mute[KM],mute[KMO],mute[KMO],mute[KMN],mute[KLN],mute[LM],mute[LM],mute[LM],mute[LM],mute[LM],mute[LM],mute[LM],mute[LM],mute[LM],mute[LM],mute[LM],mute[LM],mute[LM],mute[LM],mute[LM],mute[LM],mute[LM],mute[LM],mute[LM],mute[LM],mute[LM],mute[LM],mute[LM],mute[LM],mute[LM],mute[LM],mute[LM],mute[LM],mute[LM],mute[LM],mute[LM],mute[LM],mute[LM],mute[LM],mute[LM],mute[LM],mute[LM],mute[LM],mute[LM],mute[LM],mute[LM],mute[LM],mute[LM],mute[LM],mute[LM],mute[LM],mute[LM],mute[LM],mute[LM],mute[LM],mute[LM],mute[LM],mute[LM],mute[LM],mute[LM],mute[LM],mute[LM],mute[LM],mute[LM],mute[LM],mute[LM],mute[LM],mute[LM],mute[LM],mute[LM],mute[LM],mute[LM],mute[LM],mute[LM],mute[LM],mute[LM],mute[LM],mute[LM],mute[LM],mute[LM],mute[LM],mute[LM],mute[LM],mute[LM],mute[LM],mute[LM],mute[LM],mute[LM],mute[LM],mute[LM],mute[LM],mute[LM],mute[LM],mute[LM],mute[LM],mute[LM],mute[LM],mute[LM],mute[LM],mute[LM],mute[LM],mute[LM],mute[LM],mute[LM],mute[LM],mute[LM],mute[LM],mute[LM],mute[LM],mute[LM],mute[KMNO],5<UV>,mute[LM],mute[LM],mute[LM],mute[LM],mute[LM],mute[LM],mute[LM],mute[LM],mute[LM],mute[LM],mute[LM],mute[LM],mute[LM],mute[LM],mute[LM],mute[LM],mute[LM],mute[LM],mute[LM],mute[LM],mute[LM],mute[LM],mute[LM],mute[LM],mute[LM],mute[LM],mute[LM],mute[LM],mute[LM],mute[LM],mute[LM],mute[LM],mute[LM],mute[LM],mute[LM],mute[LM],mute[LM],mute[LM],mute[LM],5<UV>,mute[LM],mute[LM],mute[LM],mute[LM],mute[LM],mute[LM],mute[LM],mute[LM],mute[LM],mute[LM],mute[LM],mute[LM],mute[LM],mute[LM],mute[LM],mute[LM],mute[LM],mute[LM],mute[LM],mute[LM],mute[LM],mute[LM],mute[LM],mute[LM],mute[LM],mute[LM],mute[LM],mute[LM],mute[LM],mute[LM],mute[LM],mute[LM],mute[LM],mute[LM],mute[LM],mute[LM],mute[LM],mute[LM],mute[LM],mute[LM],mute[LM],mute[LM],mute[LM],mute[LM],mute[LM],mute[LM],mute[LM],mute[LM],mute[LM],mute[LM],mute[LM],mute[LM],mute[LM],mute[LM],mute[LM],mute[LM],mute[LM],mute[LM],mute[LM],mute[LM],mute[LM],mute[LM],mute[LM],mute[LM],mute[LM],mute[LM],mute[LM],mute[LM],mute[LM],mute[LM],mute[LM],mute[LM],mute[LM],mute[LM],mute[LM],mute[LM],mute[LM],mute[LM],mute[LM],5<UV>,mute[LM],mute[LM],mute[LM],mute[LM],mute[LM],mute[LM],mute[LM],mute[LM],mute[LM],mute[LM],mute[LM],mute[LM],mute[LM],mute[LM],mute[LM],mute[LM],mute[LM],mute[LM],mute[LM],mute[LM],mute[LM],mute[LM],mute[LM],mute[LM],mute[LM],mute[LM],mute[LM],mute[LM],mute[LM],mute[LM],mute[LM],mute[LM],mute[LM],mute[LM],mute[LM],mute[LM],mute[LM],mute[LM],mute[LM],mute[LM],mute[LM],mute[LM],mute[LM],mute[LM],mute[LM],mute[LM],mute[LM],mute[LM],mute[LM],mute[LM],mute[LM],mute[LM],mute[LM],mute[LM],mute[LM],mute[LM],mute[LM],mute[LM],mute[LM],mute[LM],mute[LM],mute[LM],mute[LM],mute[LM],mute[LM],mute[LM],mute[LM],mute[LM],mute[LM],mute[LM],mute[LM],mute[LM],mute[LM],mute[LM],mute[LM],mute[LM],mute[LM],mute[LM],mute[LM],5<UV>,mute[LM],mute[LM],mute[LM],mute[LM],mute[LM],mute[LM],mute[LM],mute[LM],mute[LM],mute[LM],mute[LM],mute[LM],mute[LM],mute[LM],mute[LM],mute[LM],mute[LM],mute[LM],mute[LM],mute[LM],mute[LM],mute[LM],mute[LM],mute[KNO],mute[IKLN],mute[KMN],mute[KMNO],mute[KMNO],mute[KMN],mute[KL],mute[KL],mute[KLN],mute[KLMN],mute[IJKL],mute[HJKM],mute[HJKM],mute[JKLM],mute[JM],mute[JM],mute[JM],mute[JM],mute[JM],mute[JM],mute[JM],mute[JM],mute[KN],mute[KN],mute[KN],mute[KN],mute[JM],mute[JM],mute[JM],mute[JM],mute[JM],mute[JLMO],mute[KLNO],mute[JM],mute[JM],mute[JLMO],mute[KLNO],mute[JM],mute[JM],mute[JM],mute[KN],mute[KN],mute[KN],mute[KN],mute[JM],mute[JM],mute[HK],mute[JM],mute[JM],mute[JM],mute[JM],mute[JM],mute[JM],mute[JM],mute[JM],mute[JM],mute[JM],mute[JM],mute[JM],mute[JM],mute[JM],mute[JM],mute[JLN],mute[KLMN],mute[JM],mute[JM],mute[JLN],mute[KLMN],mute[JM],mute[JM],mute[JM],mute[KN],mute[KN],mute[KN],mute[KN],mute[JM],mute[JM],mute[IJLM],mute[JM],mute[KN],mute[KN],mute[KN],mute[KN],mute[JM],mute[JM],mute[IJLM],mute[JM],mute[KN],mute[KN],mute[KN],mute[KN],mute[JM],mute[JM],mute[IJLM],mute[JM],mute[KN],mute[KN],mute[KN],mute[KN],mute[JL],mute[JLNO],mute[HM],mute[JLMO],mute[KMN],mute[KMNO],mute[KMN],mute[KMNO],mute[JLMO],mute[JKNO],mute[IJMNO],mute[HKLN],mute[HHH],ST;","(#F-1.a2)[KMN],(A-1.#f2)[KLM],(#F-1.a2)[JM],(D-1.d3)[JKLM],(d.a2.#f2)[KLN],(d1.a.#f)[KMN],(d.#f2.d2)[KM],(d1.a.#f)[MO],g2[MO],#f2[MO],e2[MO],(d.#f2.d2)[KM],(d1.a.#f)[LN],(g2.e2)[LN],(d.a2.#f2)[KM],(d1.a.#f)[KM],(d.#f2.d2)[KM],(d1.a.#f)[KM],(d.#f3.d3)[KM],(d1.a.#f)[KM],(d.e3.#c3)[KM],(d1.b.g.d3.b2)[KM],(d.#c3.a2)[KM],(d1.b.g.b2.g2)[KM],(d.a2.#f2)[KM],(d1.b.g.g2.e2)[KM],(d.#f2.d2)[KM],(d1.a.#f.g2.e2)[KM],(d.a2.#f2)[KM],(d1.a.#f.g2.e2)[KM],(d.#f2.d2)[KM],(d1.a.#f.g2.e2)[KM],(d.a2.#f2)[KM],(d1.a.#f)[KM],(d.#f2.d2)[KM],(d1.a.#f)[MO],g2[MO],#f2[MO],e2[MO],(d.#f2.d2)[KM],(d1.a.#f)[LN],(g2.e2)[LN],(d.a2.#f2)[KM],(d1.a.#f)[KM],(d.#f2.d2)[KM],(d1.a.#f)[KM],(d.#f3.#f2)[KM],d1[KM],(#c1.#c.e3.e2)[KM],(d1.d.d3.d2)[KM],(e1.e.#c3.#c2)[KM],(f1.f.b2.b1)[KM],(#f1.#f.#f2.d2)[KM],(#f.#F-1.#a2.e2.#c2)[KM],(b.B-1.b2.d2.b1)[KM],(#f.#F-1.#a2.#c2.#a1)[KM],(b.B-1.b2.d2.b1)[JL],(B-1.b2.d2.b1)[KM],(b.#f.d)[LN],(#c3.e2.#c2)[LN],(B-1.d3.#f2.d2)[KM],(b.#f.d)[KM],(B-1.b2.d2.b1)[KM],(b.#f.d)[KM],(A-1.#c3.e2.#c2)[KM],(g.e.#c)[LN],(d3.#f2.d2)[LN],(A-1.e3.g2.e2)[KM],(g.e.#c)[KM],(A-1.#c3.e2.#c2)[KM],(g.e.#c)[KM],(A-1.#c3.e2.#c2)[KM],(g.e.#c)[LN],(d3.#f2.d2)[LN],(d.e3.g2.e2)[KM],(d1.a.#f.d3.#f2.d2)[KM],(d.e3.g2.e2)[KM],(d1.a.#f.#c3.e2.#c2)[KM],(d.d3.#f2.d2)[KM],(d1.a.#f.e3.g2.e2)[KM],(d.#f3.a2.#f2)[KM],(d1.a.#f.e3.g2.e2)[KM],(d.d3.#f2.d2)[KM],(d1.a.#f.e3.g2.e2)[KM],(d.#f3.a2.#f2)[KM],(d1.#f3.a2.#f2)[KM],(d.a2.#f2.#f3)[KM],(d1.a.#f)[KM],(d.#f2.d2.d3)[KM],(d1.a.#f)[MO],g2[MO],#f2[MO],e2[MO],(d.#f2.d2)[KM],(d1.a.#f)[LN],(g2.e2)[LN],(d.#f2.a2)[KM],(d1.a.#f)[KM],(d.#f2.d2)[KM],(d1.a.#f)[KM],(d.#f3.#f2)[KM],d1[KM],(#c1.#c.e3.e2)[KM],(d1.d.d3.d2)[KM],(e1.e.#c3.#c2)[KM],(f1.f.b2.b1)[KM],(#f1.#f.a2.a1)[KM],(a.A-1.e2.#c2.#c3)[KM],(d1.d.d3.#f2.d2)[KM],(#f.#F-1.#a2.#c2.#a1.e2)[KM],(b.B-1.b2.d2.b1)[JL],(B-1.b2.d2.b1)[KM],(b.#f.d)[LN],(#c3.e2.#c2)[LN],(B-1.d3.#f2.d2)[KM],(b.#f.d)[KM],(B-1.b2.d2.b1)[KM],(b.#f.d)[KM],(A-1.#c3.e2.#c2)[KM],(g.e.#c)[LN],(d3.#f2.d2)[LN],(A-1.e3.g2.e2)[KM],(g.e.#c)[KM],(A-1.#c3.e2.#c2)[KM],(g.e.#c)[KM],(A-1.#c3.e2.#c2)[KM],(g.e.#c)[LN],(d3.#f2.d2)[LN],(d.e3.g2.e2)[KM],(d1.a.#f.d3.#f2.d2)[KM],(d.e3.g2.e2)[KM],(d1.a.#f.#c3.e2.#c2)[KM],(d.d3.#f2.d2)[KM],(d1.a.#f.e3.g2.e2)[KM],(d.#f3.a2.#f2)[KM],(d1.a.#f.e3.g2.e2)[KM],(d.d3.#f2.d2)[KM],(d1.a.#f.e3.g2.e2)[KM],(d.#f3.a2.#f2)[KM],(d1.#f3.a2.#f2)[KM],(d.a2.#f2.#f3)[KM],(d1.a.#f)[KM],(d.#f2.d2.d3)[KM],(d1.a.#f)[MO],g2[MO],#f2[MO],e2[MO],(d.#f2.d2)[KM],(d1.a.#f)[LN],(g2.e2)[LN],(d.#f2.a2)[KM],(d1.a.#f)[KM],(d.#f2.d2)[KM],(d1.a.#f)[KM],(d.#f3.#f2)[KM],d1[KM],(#c1.#c.e3.e2)[KM],(d1.d.d3.d2)[KM],(e1.e.#c3.#c2)[KM],(f1.f.b2.b1)[KM],(#f1.#f.a2.a1)[KM],(a.A-1.e2.#c2.#c3)[KM],(d1.d.d3.#f2.d2)[KMN],(a.A-1.#c3.e2.#c2)[KM],(d1.d.d3.#f2.d2)[JLNO],(D-1.d)[KMO],(E-1.e)[KMO],(F-1.f.d1.d2)[KMO],(D-1.d.e1.e2)[KMN],(f1.f2)[KMO],(d1.d2)[KMO],(G-1.g)[KMO],(A-1.a)[KMO],(#A-1.#a.g1.g2)[KMN],(G-1.g.a1.a2)[KMO],(#a1.#a2)[KMO],(g1.g2)[KMO],(C-1.c)[KMO],(D-1.d)[KMN],(E-1.e.c1.c2)[KM],(C-1.c.d1.d2)[KMN],(e1.e2)[KMO],(c1.c2)[KMO],(F-1.f)[KMO],(G-1.g)[KMO],(A-1.a.f1.f2)[KMNO],(F-1.f.g1.g2)[KMNO],(a1.a2)[KLMN],(f1.f2)[JKLM],a1[KLO],#c2[KMNO],(#a.g.c.c2)[MN],#a1[LMN],a1[KM],(#a.g.c.#a1)[KM],g1[KM],(#a.g.c.c2)[KM],#a1[KM],(a.f.c.a1)[KM],c2[KM],(a.f.c.f2)[KM],c2[KM],(a.f.c.f2)[KM],a2[KM],(#a.g.c.e2)[KM],g2[KM],(#a.g.c.c3)[KM],#a2[KM],(#a.g.c.a2)[KM],g2[KM],(a.f.c.f2)[KM],a2[KM],(a.f.c.f2)[KM],c2[KM],(a.f.c.a1)[KM],c2[KM],(#a.g.c.c2)[MN],#a1[LMN],a1[KM],(#a.g.c.#a1)[KM],g1[KM],(#a.g.c.c2)[KM],#a1[KM],(a.f.c.a1)[KM],c2[KM],(a.f.c.f2)[KM],c2[KM],(a.f.c.f2)[KM],a2[KM],(#a.g.c.e2)[KM],g2[KM],(#a.g.c.c3)[KMO],#a2[KMO],(#a.g.c.a2)[KMN],g2[KLN],(f.f2)[LM],#g[LNO],f[LN],#g[LNO],f[LN],#g[LN],f[LN],#g[LN],(f.f1)[LN],#g[LN],f[LN],(#g.g1)[LN],(#c.#g1)[LN],f[LN],#c[LN],f[LN],(#c.f1)[LN],f[LN],#c[LN],f[LN],(#c.#a1)[LN],f[LN],#c[LN],(f.c2)[LN],(#A-1.#c2)[LN],#c[LN],#A-1[LN],#c[LN],(#A-1.#a1)[LN],#c[LN],#A-1[LN],#c[LN],(#A-1.#a1)[LN],#c[LN],#A-1[LN],(#c.b1)[LN],(#F-1.#c2)[LN],#A-1[LN],#F-1[LN],#A-1[LN],(#F-1.#a1)[LN],#A-1[LN],#F-1[LN],#A-1[LN],(#F-1.b1)[LN],#A-1[LN],#F-1[LN],(#A-1.#c2)[LN],(B-1.d2)[LN],d[LN],B-1[LN],d[LN],(B-1.b1)[LN],d[LN],B-1[LN],d[LN],(B-1.#c2)[LN],d[LN],B-1[LN],(d.d2)[LN],(A-1.e2)[LN],#c[LN],A-1[LN],#c[LN],(A-1.#c2)[LN],#c[LN],A-1[LN],#c[LN],(A-1.e2)[LN],#c[LN],A-1[LN],(#c.#f2)[LN],(A-1.g2)[LN],e[LN],A-1[LN],e[LN],(A-1.e2)[LN],e[LN],A-1[LN],e[LN],(A-1.#c3.e2)[LN],e[LN],(A-1.d3.#f2)[LN],e[LN],(A-1.e3.g2)[LN],a[LN],(A-1.d3.#f2)[LN],a[LN],(A-1.#c3.e2)[LN],a[LN],(A-1.d3.#f2)[LN],a[LN],(A-1.e3.g2)[LN],a[LN],(A-1.d3.#f2)[LN],a[LN],(A-1.#c3.e2)[LN],a[LN],(A-1.d3.#f2)[LN],a[LN],(A-1.e3.g2)[LN],a[LN],(A-1.d3.#f2)[LN],a[LN],(A-1.#c3.e2)[LN],a[LN],(A-1.d3.#f2)[LN],a[LN],(A-1.#c3.e2)[LN],a[LN],(A-1.d3.#f2)[LN],a[LN],(A-1.e3.g2)[LN],a[LNO],(d.#f3.a2.#f2)[LNO],(d1.a.#f)[LN],(d.#f3.a2.#f2)[LM],(d1.a.#f)[LNO],(d.#f3.a2.#f2)[LMO],(d1.a.#f)[LM],(d.a2.#f2.#f3)[LMO],#f[LMO],a[LM],d1[LNO],(d.#f2.d2.d3)[LN],#f[LN],a[MO],g2[MO],(d1.#f2)[MO],e2[MO],(d.#f2.d2)[LN],#f[LN],a[LN],(d1.g2.e2)[LN],(d.#f2.a2)[LN],#f[LN],a[LN],d1[LN],(d.#f2.d2)[LN],#f[LN],a[LN],d1[LN],(d.#f3.d3)[LN],#f[LN],a[LN],d1[LN],(d.e3.#c3)[LN],g[LN],(b.d3.b2)[LN],d1[LN],(d.#c3.a2)[LN],g[LN],(b.b2.g2)[LN],d1[LN],(d.a2.#f2)[LN],g[LN],(b.g2.e2)[LN],d1[LN],(d.#f2.d2)[LN],#f[LN],(a.g2.e2)[LN],d1[LN],(d.a2.#f2)[LN],#f[LN],(a.d3.#f2.d2)[LN],d1[LN],(d.d3.#f2.d2)[LN],#f[LN],(a.e3.g2.e2)[LN],d1[LN],(d.#f3.a2.#f2)[LN],#f[LN],(a.d3.d2.#f2)[LN],d1[LN],(d.#f2.d2.d3)[LN],#f[LN],(a.d3.d2.#f2)[MO],g2[MO],(d1.#f2)[MO],e2[MO],(d.#f2.d2)[LN],#f[LN],a[LN],(d1.g2.e2)[LN],(d.#f2.a2)[LN],#f[LN],(a.#f2.d2)[LN],d1[LN],(d.#f2.d2)[LN],#f[LN],(a.#f2.d2)[LN],d1[LN],(d.d3.#f2.d2)[LN],d1[LN],(d.#f3.#f2)[LN],d1[LN],(#c.e3.e2)[LN],#c1[LN],(d.d3.d2)[LN],d1[LN],(e.#c3.#c2)[LN],e1[LN],(f.b2.b1)[LN],f1[LN],(#f.#f2.#f1)[LN],#f1[LN],(#F-1.#a2.e2.#c2.#a1)[LN],#f[LN],(B-1.b2.d2.b1)[LN],b[LN],(#F-1.#a2.#c2.#a1)[LN],#f[LN],(B-1.b2.d2.b1)[LN],d[LN],#f[LN],b[LN],(B-1.b1.b2.d2)[LN],d[LN],(#f.#c2.#c3.e2)[LN],b[LN],(B-1.d2.d3.#f2)[LN],d[LN],(#f.#c2.#c3.e2)[LN],b[LN],(B-1.d2.d3.#f2)[LN],d[LN],(#f.b1.b2.d2)[LN],b[LN],(A-1.#c2.#c3.e2)[LN],#c[LN],(e.d2.d3.#f2)[LN],g[LN],(A-1.e2.e3.g2)[LN],#c[LN],(e.d2.d3.#f2)[LN],g[LN],(A-1.e2.e3.g2)[LN],#c[LN],(e.#c2.#c3.e2)[LN],g[LN],(A-1.d2.d3.#f2)[LN],#c[LN],(e.e2.e3.g2)[LN],g[LN],(A-1.e2.e3.g2)[LN],#c[LN],(e.d2.d3.#f2)[LN],g[LN],(A-1.e2.e3.g2)[LN],#c[LN],(e.#c2.#c3.e2)[LN],g[LN],(A-1.d2.d3.#f2)[LN],#c[LN],(e.e2.e3.g2)[LN],g[LN],(D-1.#f2.#f3.a2)[LN],#F-1[LN],(A-1.e2.e3.g2)[LN],d[LN],(D-1.#f2.#f3.a2)[LN],#F-1[LN],(A-1.d2.d3.#f2)[LN],d[LN],(D-1.e2.e3.g2)[LN],#F-1[LN],(A-1.#f2.#f3.a2)[LN],d[LN],(D-1.#f3.a2.#f2)[LN],#F-1[LN],(A-1.d3.d2.#f2)[LN],d[LN],(D-1.#f2.d2.d3)[LN],#F-1[LN],(A-1.d3.d2.#f2)[MO],g2[MO],(d.#f2)[MO],e2[MO],(D-1.#f2.d2)[LN],#F-1[LN],A-1[LN],(d.g2.e2)[LN],(D-1.#f2.a2)[LN],#F-1[LN],(A-1.#f2.d2)[LN],d[LN],(D-1.#f2.d2)[LN],#F-1[LN],(A-1.#f2.d2)[LN],d[LN],(D-1.d3.#f2.d2)[LN],d[LN],(D-1.#f3.#f2)[LN],d[LN],(E-1.e3.e2)[LN],e[LN],(G-1.d3.d2)[LN],#f[LN],(G-1.#c3.#c2)[LN],g[LN],(#G-1.b2.b1)[LN],#g[LN],(A-1.#f2.#f1)[LN],a[LN],(A-1.e2.#c2.#c3)[LN],a[LN],(B-1.d2.d3.#f2)[LN],b[LN],(#F-1.#a2.#c2.#a1.e2)[LN],#f[LN],(B-1.b2.d2.b1)[LN],d[LN],#f[LN],b[LN],(B-1.b1.b2.d2)[LN],d[LN],(#f.#c2.#c3.e2)[LN],b[LN],(B-1.d2.d3.#f2)[LN],d[LN],(#f.#c2.#c3.e2)[LN],b[LN],(B-1.d2.d3.#f2)[LN],d[LN],(#f.b1.b2.d2)[LN],b[LN],(A-1.#c2.#c3.e2)[LN],#c[LN],(e.d2.d3.#f2)[LN],g[LN],(A-1.e2.e3.g2)[LN],#c[LN],(e.d2.d3.#f2)[LN],g[LN],(A-1.e2.e3.g2)[LN],#c[LN],(e.#c2.#c3.e2)[LN],g[LN],(A-1.d2.d3.#f2)[LN],#c[LN],(e.e2.e3.g2)[LN],g[LN],(A-1.e2.e3.g2)[LN],#c[LN],(e.d2.d3.#f2)[LN],g[LN],(A-1.e2.e3.g2)[LN],#c[LN],(e.#c2.#c3.e2)[LN],g[LN],(A-1.d2.d3.#f2)[LN],#c[LN],(e.e2.e3.g2)[LN],g[LN],(D-1.#f2.#f3.a2)[LN],#F-1[LN],(A-1.e2.e3.g2)[LN],d[LN],(D-1.#f2.#f3.a2)[LN],#F-1[LN],(A-1.d2.d3.#f2)[LN],d[LN],(D-1.e2.e3.g2)[LN],#F-1[LN],(A-1.#f2.#f3.a2)[LN],d[LN],(D-1.#f3.a2.#f2)[LN],#F-1[LN],(A-1.d3.d2.#f2)[LN],d[LN],(D-1.#f2.d2.d3)[LN],#F-1[LN],(A-1.d3.d2.#f2)[MO],g2[MO],(d.#f2)[MO],e2[MO],(D-1.#f2.d2)[LN],#F-1[LN],A-1[LN],(d.g2.e2)[LN],(D-1.#f2.a2)[LN],#F-1[LN],(A-1.#f2.d2)[LN],d[LN],(D-1.#f2.d2)[LN],#F-1[LN],(A-1.#f2.d2)[LN],d[LN],(D-1.d3.#f2.d2)[LN],d[LN],(D-1.#f3.#f2)[LN],d[LN],(E-1.e3.e2)[LN],e[LN],(G-1.d3.d2)[LN],#f[LN],(G-1.#c3.#c2)[LN],g[LNO],(#G-1.b2.b1)[LN],#g[LNO],(A-1.#f2.#f1)[LNO],a[LM],(A-1.e2.#c2.#c3)[LNO],a[LNO],(d.D-1.d3.#f2.d2)[IKLN],(d.d2.a1.#f1)[KMN],(d.#f2.a1)[KMNO],(e.e2.g1)[KMNO],(#f.d2.#f1)[KMN],(g.#c2.e1)[KL],(#g.b1.d1)[KL],(a.a1.#c1)[KLN],(A-1.#c2.g1.e1)[KLMN],(d.d2.#f1.d1)[IJKL],(#f1.#f.#f3.#f2)[HJKM],#f1[HJKM],#f1[JKLM],(D-1.d.a1.#f1)[JM],(d.#f1.d1)[JM],(d.#f1.d1)[JM],(d.#f1.d1)[JM],(D-1.d.a1.#f1)[JM],(d.#f1.d1)[JM],(d.#f1.d1)[JM],(d.d2.#f2)[JM],(D-1.d.e2.#c2)[KN],(d2.b1)[KN],(d.#c2.a1)[KN],(b1.g1)[KN],(d.a1.#f1)[JM],(d.g1.e1)[JM],(D-1.d.#f1.d1)[JM],(d.g1.e1)[JM],(d.a1.#f1)[JM],d[JM],(D-1.d.#f1)[LO],a1[KLNO],(d.#f1.d1)[JM],(d.#f1.d1)[JM],(d.#f1.d1)[JM],(D-1.d.#f1)[LO],a1[KLNO],(d.#f1.d1)[JM],(d.#f1.d1)[JM],(d.d2.#f2)[JM],(D-1.d.e2.#c2)[KN],(d2.b1)[KN],(d.#c2.a1)[KN],(b1.g1)[KN],(d.a1.#f1)[JM],(#f.#F-1.#a1.e1.#c1)[JM],(B-1.B-2.b1.d1.b)[HK],(B-2.B-1.d2.#f1)[JM],(B-1.b1.d1)[JM],(B-1.b1.d1)[JM],(B-1.b1.d1)[JM],(A-2.A-1.e2.g1)[JM],(A-1.#c2.e1)[JM],(A-1.#c2.e1)[JM],(A-1.#c2.e1)[JM],(A-2.A-1.e2.g1.e1)[JM],(A-1.#c2)[JM],(A-2.A-1.e2.g1.e1)[JM],(A-1.#c2)[JM],(D-1.d.#f2.a1.#f1)[JM],(d.d2)[JM],(D-1.d.#f2.a1.#f1)[JM],(d.d2)[JM],(a.#f.d.#f2)[MN],a2[KLMN],(#f.d.#f2.d2)[JM],(#f.d.#f2.d2)[JM],(#f.d.#f2.d2)[JM],(a.#f.d.#f2)[MN],a2[KLMN],(#f.d.#f2.d2)[JM],(#f.d.#f2.d2)[JM],(#f1.d1.d3.#f3)[JM],(#f1.d1.e3.#c3)[KN],(d3.b2)[KN],(g1.e1.g.#c3.a2)[KN],(b2.g2)[KN],(#f1.d1.a.a2.#f2)[JM],(a.e.#c.A-1.#c3.g2.e2.a2)[JM],(d.A-1.#F-1.D-1.d3.#f2.d2.a2)[IJLM],(#f.#f1)[JM],(e.e1)[KN],(d.d1)[KN],(#c.#c1)[KN],(B-1.b)[KN],(A-1.a)[JM],(A-1.a)[JM],(A-1.a)[IJLM],(#f2.#f3)[JM],(e2.e3)[KN],(d2.d3)[KN],(#c2.#c3)[KN],(b1.b2)[KN],(a1.a2)[JM],(a1.g2.e2.#c3)[JM],(#f2.d2.d3)[IJLM],(#f.#f1)[JM],(e.e1)[KN],(d.d1)[KN],(#c.#c1)[KN],(B-1.b)[KN],(A-1.a)[JL],(A-1.a)[JLNO],(A-1.a)[HM],(#f.d.#f2)[JLMO],(g.e.A-1.e2)[KMN],d2[KMNO],(g.e.A-1.#c2)[KMN],b1[KMNO],(g.e.A-1.a1)[JLMO],(g.e.A-1.#c2.a1.g1.e1)[JKNO],(#f.d.d2.a1.#f1.d1)[IJMNO],(d.A-1.#F-1.D-1.d2.a1.#f1.d1)[HKLN],(d.B-1.#F-1.D-1.a1.#f1.d1.d2)[HHH],ST;"],"id":3,"instruments":["piano","piano"],"alternatives":["",""]}],"audition":{"start":[0,0],"end":[2,653]}}