{"baseBpm":390,"musics":[{"bpm":390,"baseBeats":0.75,"scores":["TU,TU,TU,TU,TU,TU,TU,TU,TU,TU,TU,TU,TU,TU,TUV,TV,TU,TU,TU,TU,TU,TU,TU,TU,TU,TU,TU,TU,TU,TU,TU,TU,TU,TU,TU,TU,TU,TU,TUV,TV,TU,TU,TU,TU,TU,TU,TU,TU,TU,TU,TU,TU,TU,TU,TU,TU,TU,TU,TU,TU,TU,TU,TUV,TV,TU,TU,TU,TU,TU,TU,TU,TU,TU,TU,TU,TU,TU,TU,TU,TU,TU,TU,TU,TU,TU,TU,TUV,TV,TU,TU,TU,TU,TU,TU,TU,TU,TU,TU,TU,TU,TU,TU,TU,TU,TU,TU,TU,TU,TU,TU,TU,TU,TU,TU,TU,TU,TU,TU,TU,TU,TU,TU,TU,TU,TU,TU,TU,TU,TU,TU,TU,TU,TU,TU,TUV,TV,TU,TU,TU,TU,TU,TU,TU,TU,TU,TU,TU,TU,TU,TU,TU,TU,TU,TU,TU,TU,TU,TU,TU,TU,TU,TU,TU,TU,TU,TU,TU,TU,TU,TU,TU,TU,TU,TU,TU,TU,TU,TU,TU,TU,TU,TU,TUV,TV,TU,TU,TU,TU,TU,TU,TUW,TU,TUW,TU,TUW,TUW,TUW,TUV,TUV,TU,TUV,TV,TU,","(a.f.c2)[KL],c1[KL],(f1.c2)[KL],(a.f2)[KL],c1[KL],f1[KL],(a.f.c2)[KL],c1[KL],(f1.c2)[KL],(a.a1)[KL],c1[KL],f1[KL],(f.f1)[KL],c1[KL],(a.f1)[KL],(c.a1)[M],g1[KM],(c1.f1)[KL],(#a.g1)[KL],(f.a1)[KL],a[KL],c1[KL],(f.f1)[KL],a[KL],c1[KL],(d.#f.d2)[KL],a[KL],(d1.d2)[KL],(#f.a2)[KL],a[KL],d1[KL],(d.#f.d2)[KL],a[KL],(d1.d2)[KL],(#f.a1)[KL],a[KL],d1[KL],(d.#f.d2)[KL],a[KL],(d1.d2)[KL],(d.g.#f2)[M],e2[KM],(a.d2)[KL],(#c1.e2)[KL],(d.#f.d2)[KL],a[KL],f[KL],(e.g)[KL],(f.a.c2)[KL],(g.#a.c2)[KL],(a.f.c2)[KL],c1[KL],(f1.c2)[KL],(a.f2)[KL],c1[KL],f1[KL],(a.f.c2)[KL],c1[KL],(f1.c2)[KL],(a.a1)[KL],c1[KL],f1[KL],(f.f1)[KL],c1[KL],(a.f1)[KL],(c.a1)[M],g1[KM],(c1.f1)[KL],(#a.g1)[KL],(f.a1)[KL],a[KL],c1[KL],(f.f1)[KL],a[KL],c1[KL],(d.#f.d2)[KL],a[KL],(d1.d2)[KL],(#f.a2)[KL],a[KL],d1[KL],(d.#f.d2)[KL],a[KL],(d1.d2)[KL],(#f.a1)[KL],a[KL],d1[KL],(d.#f.d2)[KL],a[KL],(d1.d2)[KL],(d.g.#f2)[M],e2[KM],(a.d2)[KL],(#c1.e2)[KL],(#f.d.d2)[KL],a[KL],f[KL],f[KL],(g.e.d2)[KL],(a.f.d2)[KL],(e.g.c2)[KL],#a[KL],(c1.c2)[KL],(g.c3)[KL],#a[KL],c1[KL],(a.f)[KL],c1[KL],(#a.c3)[KL],(a.c2)[KL],g[KL],f[KL],(e.g)[KL],#a[KL],(c1.c2)[KL],(g.c3)[KL],#a[KL],c1[KL],(f.a)[KL],c1[KL],(a.c3)[KL],(f.c2)[KL],c[KL],(A-1.c3)[KL],(F-1.c2)[KL],c1[KL],(f1.c2)[KL],(a.f.f2)[KL],c1[KL],f1[KL],(a.c2)[KL],c1[KL],(f1.c2)[KL],(a.a1)[KL],c1[KL],f1[KL],(f.f1)[KL],c1[KL],(a.f1)[KL],(c.a1)[M],g1[KM],(c1.f1)[KL],(#a.g1)[KL],(a.f.f1)[KL],c1[KL],#a[KL],a[KL],g[KL],f[KL],(e.g.c2)[KL],#a[KL],(c1.c2)[KL],(g.c3)[KL],#a[KL],c1[KL],(a.f)[KL],c1[KL],(#a.c3)[KL],(a.c2)[KL],g[KL],f[KL],(e.g)[KL],#a[KL],(c1.c2)[KL],(g.c3)[KL],#a[KL],c1[KL],(f.a)[KL],c1[KL],(a.c3)[KL],(f.c2)[KL],c[KL],(A-1.c3)[KL],(F-1.c2)[KL],c1[KL],(f1.c2)[KL],(a.f.f2)[KL],c1[KL],f1[KL],(a.c2)[KL],c1[KL],(f1.c2)[KL],(a.a1)[KL],c1[KL],f1[KL],(f.f1)[KL],c1[KL],(a.f1)[KL],(c.a1)[M],g1[KM],(c1.f1)[KL],(#a.g1)[KL],(a.f.f1)[KL],f[KL],f[KL],(F-1.#a1.d1)[KL],f[KLN],f[KL],(F-1.a1.c1)[KLN],f[KL],f[KLN],(F-1.g1.#a)[KLN],f[KLN],f[KLM],(F-1.f1.a)[KLM],(a.f1)[KL],(f.f1)[KL],(d.g1)[M],f1[KM],(f.e1)[KL],"],"id":1},{"bpm":390,"baseBeats":0.75,"scores":["TU,TU,TU,TU,TU,TU,TU,TU,TU,TU,TU,TU,TU,TU,TU,TU,TU,TU,TU,TU,TU,TUV,TV,TU,TU,TU,TU,TUV,TV,TU,TU,TU,TU,TUV,TV,TU,TU,TU,TU,TUV,TV,TU,TU,TU,TU,TUV,TV,TU,TU,TU,TU,TU,TU,TU,TU,TU,TU,TUV,TV,TU,TU,TU,TU,TU,TU,TU,TU,TU,TU,TU,TU,TU,TU,TUW,TU,TU,TUV,TUW,SV,TVW,TU,TU,TU,TU,TUV,TV,TU,TU,TU,TU,TUV,TV,TU,TUV,TV,TU,TU,TU,TU,TU,TU,TU,TU,TU,TU,TU,TU,TU,TU,TU,TU,TU,TU,TU,TU,TU,TU,TUV,TV,TU,TU,TU,TU,TU,TU,TU,TU,TU,TU,TU,TU,TU,TU,TU,TU,TU,TU,TU,TU,TU,TU,TU,TU,TU,TU,TU,TU,TU,TU,TU,TU,TU,TU,TU,TU,TU,TU,TU,TU,TU,TU,TU,TU,TU,TU,TUV,TV,TU,TU,TU,TU,TU,TU,","(d.f1)[KL],(#A-1.g1)[KL],(d.g1)[KL],(#A-1.g1)[KL],(c.g1)[KL],(e.a1)[KL],(c.g1)[KL],(F-1.f1)[KL],f[KL],f[KL],(d1.c2)[KL],(f.#a1)[KL],(f.#a1)[KL],(c1.#a1)[KL],(f.a1)[KL],(f.a1)[KL],(#a.a1)[KL],(f.g1)[KL],(f.g1)[KL],(a.f1)[KL],(f.f1)[KL],(f.f1)[KL],(d.g1)[M],f1[KM],(f.e1)[KL],(d.f1)[KL],(#A-1.g1)[KL],(d.g1)[KL],(#A-1.g1)[KL],(c.a1)[M],g1[KM],(e.f1)[KL],(c.g1)[KL],(F-1.a1)[KL],(f.a1)[KL],(e.a1)[KL],(f.#a1)[M],a1[KM],(e.g1)[KL],(f.a1)[KL],(d.b1)[KL],(e.b1)[KL],(f.b1)[KL],(g.c2)[M],b1[KM],(f.a1)[KL],(g.b1)[KL],(e.c2)[KL],(e1.c2)[KL],(c1.c2)[KL],(a.d2)[M],c2[KM],(c1.b1)[KL],(a.c2)[KL],(f.d2)[KL],(a.d2)[KL],(f.d2)[KL],(g.d2)[KL],(b.e2)[KL],(g.d2)[KL],(c.c2)[KL],(e.c3)[KL],(c.c3)[KL],(A-1.d3)[M],c3[KM],(c.b2)[KL],(A-1.c3)[KL],(F-1.d3)[KL],(A-1.d3)[KL],(F-1.d3)[KL],(G-1.d3)[KL],(B-1.e3)[KL],(G-1.d3)[KL],(c.c3)[KL],c2[KL],c2[KL],b1[KL],c2[KL],c2[KL],b1[KLN],c2[KL],c2[KL],b1[KLM],c2[KLN],c2[J],(a.f.b1)[M],c2[KMN],c1[KL],(f1.c2)[KL],(a.f2)[KL],c1[KL],f1[KL],(a.f.b1)[M],c2[KM],c1[KL],(f1.c2)[KL],(a.a1)[KL],c1[KL],f1[KL],(f.e1)[M],f1[KM],c1[KL],(a.f1)[KL],(c.a1)[M],g1[KM],(c1.f1)[KL],(#a.g1)[KL],(f.a1)[KL],a[KL],c1[KL],(f.f1)[KL],a[KL],c1[KL],(d.#f.d2.#c2)[KL],a[KL],(d1.d2)[KL],(#f.a2)[KL],a[KL],d1[KL],(d.#f.d2.#c2)[KL],a[KL],(d1.d2)[KL],(#f.a1)[KL],a[KL],d1[KL],(d.#f.d2.#c2)[KL],a[KL],(d1.d2)[KL],(d.g.#f2)[M],e2[KM],(a.d2)[KL],(#c1.e2)[KL],(d.#f.d2)[KL],a[KL],f[KL],(e.g)[KL],(f.a.c2)[KL],(g.#a.c2)[KL],(a.f.b1)[KL],(c1.c2)[KL],(f1.c2)[KL],(a.f2)[KL],c1[KL],f1[KL],(a.f.b1)[KL],(c1.c2)[KL],(f1.c2)[KL],(a.f1)[KL],c1[KL],f1[KL],(f.e1)[KL],(c1.f1)[KL],(a.f1)[KL],(c.#f1)[KL],(c1.g1)[KL],(#a.g1)[KL],(f.#g1)[KL],(a.a1)[KL],(c1.a1)[KL],(f.f1)[KL],a[KL],c1[KL],(d.#f.#c2)[KL],(a.d2)[KL],(d1.d2)[KL],(#f.a2)[KL],a[KL],d1[KL],(d.#f.#c2)[KL],(a.d2)[KL],(d1.d2)[KL],(#f.a1)[KL],a[KL],d1[KL],(d.#f.#c2)[KL],(a.d2)[KL],(d1.d2)[KL],(d.g.#f2)[M],e2[KM],(a.d2)[KL],(#c1.e2)[KL],(#f.d.d2)[KL],a[KL],f[KL],f[KL],"],"id":2},{"bpm":390,"baseBeats":0.75,"scores":["TU,TU,TU,TU,TU,TU,TU,TU,TU,TU,TU,TU,TU,TU,TU,TU,TU,TU,TU,TU,TU,TU,TU,TU,TU,TUV,TV,TU,TU,TU,TU,TUV,TV,TU,TU,TU,TU,TU,TU,TU,TUV,TV,TU,TU,TU,TU,TU,TU,TU,TU,TU,TU,TU,TU,TU,TU,TU,TU,TU,TU,TU,TU,TU,TU,TU,TU,TU,TU,TU,TU,TU,TU,TU,TU,TU,TU,TU,TU,TU,TU,TU,TU,TU,TU,TU,TU,TU,TU,TUV,TV,TU,TUW,TUVW,TUV,TU,TU,TU,TU,TU,TU,TU,TU,TU,TU,TU,TU,TUV,TV,TU,TU,TU,TU,TU,TU,TU,TU,TU,TU,TU,TU,TU,TU,TU,TU,TU,TU,TU,TU,TU,TU,TUV,TV,TU,TU,TU,TU,TU,TU,TU,TU,TUW,TUW,TUW,TUW,TUW,TUW,TUW,TUW,TUW,TUV,TUV,SW,SV,SW,SW,SV,SVW,STV,QQQQQQRSV,","(g.e.d2)[KL],(a.f.d2)[KL],(e.g.c2)[KL],#a[KL],(c1.c2)[KL],(g.c3)[KL],#a[KL],c1[KL],(a.f)[KL],c1[KL],(#a.c3)[KL],(a.c2)[KL],g[KL],f[KL],(e.g)[KL],#a[KL],(c1.c2)[KL],(g.c3)[KL],#a[KL],c1[KL],(f.a)[KL],c1[KL],(a.c3)[KL],(f.c2)[KL],c[KL],(A-1.c3)[KL],(F-1.b1)[M],c2[KM],c1[KL],(f1.c2)[KL],(a.f.f2)[KL],c1[KL],f1[KL],(a.b1)[M],c2[KM],c1[KL],(f1.c2)[KL],(a.a1)[KL],c1[KL],f1[KL],(f.f1)[KL],c1[KL],(a.f1)[KL],(c.a1)[M],g1[KM],(c1.f1)[KL],(#a.g1)[KL],(a.f.f1)[KL],c1[KL],#a[KL],a[KL],g[KL],f[KL],(e.g.b1)[KL],(#a.c2)[KL],(c1.c2)[KL],(g.c3)[KL],#a[KL],c1[KL],(a.f.b2)[KL],(c1.c3)[KL],(#a.c3)[KL],(a.c2)[KL],g[KL],f[KL],(e.g.b1)[KL],(#a.c2)[KL],(c1.c2)[KL],(g.b2)[KL],(#a.c3)[KL],(c1.c3)[KL],(f.a.b2)[KL],(c1.c3)[KL],(a.c3)[KL],(f.b1)[KL],(c.c2)[KL],(A-1.c2)[KL],(F-1.b1)[KL],(c1.c2)[KL],(f1.c2)[KL],(a.f.f2)[KL],c1[KL],f1[KL],(a.b1)[KL],(c1.c2)[KL],(f1.c2)[KL],(a.f1)[KL],c1[KL],f1[KL],(c.e1)[KL],(c1.f1)[KL],(a.f1)[KL],(c.a1)[M],g1[KM],(c1.f1)[KL],(#a.g1)[KLN],(a.f.f1)[KLMN],c1[KLM],#a[KL],(F-1.#a1.d1)[KL],f[KL],f[KL],(F-1.a1.c1)[KL],f[KL],f[KL],(F-1.g1.#a)[KL],f[KL],f[KL],(F-1.f1.a)[KL],(a.f1)[KL],(f.f1)[KL],(d.g1)[M],f1[KM],(f.e1)[KL],(d.f1)[KL],(#A-1.g1)[KL],(d.g1)[KL],(#A-1.g1)[KL],(c.g1)[KL],(e.a1)[KL],(c.g1)[KL],(F-1.f1)[KL],f[KL],f[KL],(d1.c2)[KL],(f.#a1)[KL],(f.#a1)[KL],(c1.#a1)[KL],(f.a1)[KL],(f.a1)[KL],(#a.a1)[KL],(f.g1)[KL],(f.g1)[KL],(a.f1)[KL],(f.f2)[KL],(f.f2)[KL],(d.g2)[M],f2[KM],(f.e2)[KL],(d.f2)[KL],(#A-1.g2)[KL],(d.g2)[KL],(#A-1.g2)[KL],(c.g2)[KL],(e.a2)[KL],(c.g2)[KL],(F-1.f2)[KLN],(A-1.f3)[KLN],(F-1.f3)[KLN],(D-1.a2)[KLN],(F-1.f3)[KLN],(D-1.f3)[KLN],(#A-2.g2)[KLN],(D-1.f3)[KLN],(#A-2.f3)[KLN],(C-1.g2)[KLM],(#A-2.e3)[KLM],(C-1.e3)[JN],(F-2.f3)[JM],A-2[JN],C-1[JN],(F-2.f1.c1.a)[JM],A-2[JMN],C-1[JKM],(F-2.f)[HHHHHHIJM],"],"id":3}],"audition":{"start":[0,0],"end":[1,0]}}