{"baseBpm":810,"musics":[{"bpm":810,"baseBeats":1.25,"scores":["(#G-1.c)[IJ],(c.#G-1)[JK],(c.#G-1)[JK],(c.#G-1)[JK],(c.#G-1)[JK],(c.#G-1)[JK],(c.#G-1)[JK],(c.#G-1)[JK],(c.#G-1)[JK],(c.#G-1)[JK],(#g1.c.#G-1)[JK],(#c.#A-1.#D-1)[JK],(g1.#c.#A-1.#D-1)[JK],(f2.#c.#A-1.#D-1)[KL],#d2[KL],(#g1.c.#G-1)[JK],(c.#G-1)[JK],(#g2.c.#G-1)[JK],(#c.#A-1.#D-1)[JK],(g2.#c.#A-1.#D-1)[JK],(f3.#c.#A-1.#D-1)[KL],#d3[KL],(#g2.c.#G-1)[HK],(#G-1.c)[IJ],(c.#G-1)[JK],(c.#G-1)[JK],(c.#G-1)[JK],(c.#G-1)[JK],(c.#G-1)[JK],(c.#G-1)[JK],(c.#G-1)[JK],(c.#G-1)[JK],(c.#G-1)[JK],(#g1.c.#G-1)[JK],(#c.#A-1.#D-1)[JK],(g1.#c.#A-1.#D-1)[JK],(f2.#c.#A-1.#D-1)[KL],#d2[KL],(#g1.c.#G-1)[JK],(c.#G-1)[JK],(#g2.c.#G-1)[JK],(#c.#A-1.#D-1)[JK],(g2.#c.#A-1.#D-1)[JKN],(f3.#c.#A-1.#D-1)[KLN],#d3[KLN],(#g2.c.#G-1)[HKLN],(f.#c)[IJ],(f.#c)[JK],(f.#c)[JK],(f.#c)[JK],(f.#c)[JK],(f.#c)[JK],(#c.f)[JK],(f.#c)[JK],(f.#c)[JK],(f.#c)[JK],(#c2.f.#c)[JK],(#f.#d.#G-1)[JK],(c2.#f.#d.#G-1)[JK],(#a2.#f.#d.#G-1)[KL],#g2[KL],(f.#c)[JK],(#c2.f.#c)[JK],(#a2.f.#c)[KL],#g2[KL],(#f.#d.#G-1)[JK],(c2.#f.#d.#G-1)[JK],(#a2.#f.#d.#G-1)[KL],#g2[KL],(f.#c)[JK],(#c2.f.#c)[JK],(#a2.f.#c)[KL],#g2[KL],(#c1.#a.#d)[JK],(g2.#c1.#a.#d)[JK],(f3.#c1.#a.#d)[KL],#d3[KL],(c1.#g)[JK],(#g2.c1.#g)[JK],(f3.c1.#g)[KL],#d3[KL],(#c1.#a.#d)[JK],(g2.#c1.#a.#d)[JK],(f3.#c1.#a.#d)[KL],#d3[KL],(#g2.c1.#g)[HK],(f.#c)[IJ],(f.#c)[JK],(f.#c)[JK],(f.#c)[JK],(f.#c)[JK],(f.#c)[JK],(#c.f)[JK],(f.#c)[JK],(f.#c)[JK],(f.#c)[JK],(#c2.f.#c)[JK],(#f.#d.#G-1)[JK],(c2.#f.#d.#G-1)[JK],(#a2.#f.#d.#G-1)[KL],#g2[KL],(f.#c)[JK],(#c2.f.#c)[JK],(#a2.f.#c)[KL],#g2[KL],(#f.#d.#G-1)[JK],(c2.#f.#d.#G-1)[JK],(#a2.#f.#d.#G-1)[KL],#g2[KL],(f.#c)[JK],(#c2.f.#c)[JK],(#a2.f.#c)[KL],#g2[KL],(#c1.#a.#d)[JK],(g2.#c1.#a.#d)[JK],(f3.#c1.#a.#d)[KL],#d3[KL],(c1.#g)[JK],(#g2.c1.#g)[JK],(f3.c1.#g)[KL],#d3[KL],(#c1.#a.#d)[JK],(g2.#c1.#a.#d)[JKM],(f3.#c1.#a.#d)[KLN],#d3[KLN],(#g2.c1.#g)[HJM],#G-2[IJ],(c1.#G-1)[JK],(#d1.c)[JK],(#g1.#d)[JK],(c2.#g)[JK],(#d2.c1)[JK],(#g2.#d1)[JK],(c3.#g1)[JK],(#g2.#d1)[JK],(#d2.c1)[JK],(c2.#g)[JK],(#c2.#a)[JK],(g2.#c1)[JK],(#a2.g1)[JK],(c2.#g)[JK],(#d2.c1)[JK],(#g2.#d1)[JK],(#a1.#d)[JK],(#c2.#a)[JK],(g2.#c1)[JK],(#g2.c1.#g)[JK],#d2[JK],c2[JK],#G-2[IJ],(c1.#G-1)[JK],(#d1.c)[JK],(#g1.#d)[JK],(c2.#g)[JK],(#d2.c1)[JK],(#g2.#d1)[JK],(c3.#g1)[JK],(#g2.#d1)[JK],(#d2.c1)[JK],(c2.#g)[JK],(#c2.#a)[JK],(g2.#c1)[JK],(#a2.g1)[JK],(c2.#g)[JK],(#d2.c1)[JK],(#g2.#d1)[JK],(#a1.#d)[JK],(#c2.#a)[JK],(g2.#c1)[JK],(#g2.c1.#g)[JKM],c2[JKMN],#g1[IN],#D-1[IJ],(#c1.#A-1)[JK],(g1.#c)[JK],(#a1.g)[JK],(#c2.#a)[JK],(g2.#c1)[JK],(#a2.g1)[JK],(#c3.#a1)[JK],(#d2.c1)[JK],(#g2.#d1)[JK],(c3.#g1)[JK],(#c2.#a)[JK],(g2.#c1)[JK],(#a2.g1)[JK],(c2.#g)[JK],(#d2.c1)[JK],(#g2.#d1)[JK],(#a1.#d)[JK],(#c2.#a)[JK],(g2.#c1)[JK],(#g2.c1.#g)[JK],#d2[JK],c2[JK],#D-1[IJ],(#c1.#A-1)[JK],(g1.#c)[JK],(#a1.g)[JK],(#c2.#a)[JK],(g2.#c1)[JK],(#a2.g1)[JK],(#c3.#a1)[JK],(#d2.c1)[JK],(#g2.#d1)[JK],(c3.#g1)[JK],(#c2.#a)[JK],(g2.#c1)[JK],(#a2.g1)[JK],(c2.#g)[JK],(#d2.c1)[JK],(#g2.#d1)[JK],(#a1.#d)[JK],(#c2.#a)[JKM],(g2.#c1)[JKM],(#g2.c1.#g)[JKL],c2[I],#g1[IKLM],(#G-1.c)[IJM],(c.#G-1)[JK],(c.#G-1)[JK],(c.#G-1)[JK],(c.#G-1)[JK],(c.#G-1)[JK],(c.#G-1)[JK],(c.#G-1)[JK],(c.#G-1)[JK],(c.#G-1)[JK],(#g1.c.#G-1)[JK],"],"id":1},{"bpm":810,"baseBeats":1.25,"scores":["(#c.#A-1.#D-1)[JK],(g1.#c.#A-1.#D-1)[JK],(f2.#c.#A-1.#D-1)[KL],#d2[KL],(#g1.c.#G-1)[JK],(c.#G-1)[JK],(#g2.c.#G-1)[JK],(#c.#A-1.#D-1)[JK],(g2.#c.#A-1.#D-1)[JK],(f3.#c.#A-1.#D-1)[KL],#d3[KL],(#g2.c.#G-1)[HK],(c.#G-1.#D-1.#G-2)[IL],B-1[KL],(c.#G-1.#D-1.#G-2)[KL],B-1[KL],(c.#G-1.#D-1.#G-2)[KL],B-1[KL],(c.#G-1.#D-1.#G-2)[KL],B-1[KL],(c.#G-1.#D-1.#G-2)[KL],B-1[KL],(c.#G-1.#D-1.#G-2)[KL],B-1[KL],(c.#G-1.#D-1.#G-2)[KL],B-1[KL],(c.#G-1.#D-1.#G-2)[KL],B-1[KL],(c.#G-1.#D-1.#G-2)[KL],B-1[KL],(c.#G-1.#D-1.#G-2)[JK],(#g1.#G-1.c)[JK],(#c.#A-1.#D-1)[KL],g1[KL],(#f1.#c.#A-1.#D-1)[KL],g1[KL],(f2.#c.#A-1.#D-1)[KL],#d2[KL],(#g1.c.#G-1)[JK],(c.#G-1)[JK],(#g2.c.#G-1)[JK],(#c.#A-1.#D-1)[KL],g2[KLN],(#f2.#c.#A-1.#D-1)[KLN],g2[KLN],(f3.#c.#A-1.#D-1)[KLM],#d3[KLM],(#g2.c.#G-1)[HJLN],(f.#c)[IJN],(f.#c)[JK],(f.#c)[JK],(f.#c)[JK],(f.#c)[JK],(f.#c)[JK],(#c.f)[JK],(f.#c)[JK],(f.#c)[JK],(f.#c)[JK],(#c2.f.#c)[JK],(#f.#d.#G-1)[JK],(c2.#f.#d.#G-1)[JK],(#a2.#f.#d.#G-1)[KL],#g2[KL],(f.#c)[JK],(#c2.f.#c)[JK],(#a2.f.#c)[KL],#g2[KL],(#f.#d.#G-1)[JK],(c2.#f.#d.#G-1)[JK],(#a2.#f.#d.#G-1)[KL],#g2[KL],(f.#c)[JK],(#c2.f.#c)[JK],(#a2.f.#c)[KL],#g2[KL],(#c1.#a.#d)[JK],(g2.#c1.#a.#d)[JK],(f3.#c1.#a.#d)[KL],#d3[KL],(c1.#g)[JK],(#g2.c1.#g)[JK],(f3.c1.#g)[KL],#d3[KL],(#c1.#a.#d)[JKN],(g2.#c1.#a.#d)[JKM],(f3.#c1.#a.#d)[KLM],#d3[KLM],(#g2.c1.#g)[HJKN],(f.#c)[ILN],e[KL],(f.#c)[KL],e[KL],(f.#c)[KL],e[KL],(f.#c)[KL],e[KL],(f.#c)[KL],e[KL],(f.#c)[KL],e[KL],(f.#c)[KL],e[KL],(f.#c)[KL],e[KL],(f.#c)[KL],e[KL],(f.#c)[JK],(#c2.f.#c)[JK],(#f.#d.#G-1)[KL],c2[KL],(b1.#f.#d.#G-1)[KL],c2[KL],(#a2.#f.#d.#G-1)[KL],#g2[KL],(f.#c)[KL],#c2[KL],(c2.f.#c)[KL],#c2[KL],(#a2.f.#c)[KL],#g2[KL],(#f.#d.#G-1)[KL],c2[KL],(b1.#f.#d.#G-1)[KL],c2[KL],(#a2.#f.#d.#G-1)[KL],#g2[KL],(f.#c)[KL],#c2[KL],(c2.f.#c)[KL],#c2[KL],(#a2.f.#c)[KL],#g2[KL],(#c1.#a.#d)[KL],g2[KL],(#f2.#c1.#a.#d)[KL],g2[KL],(f3.#c1.#a.#d)[KL],#d3[KL],(c1.#g)[KL],#g2[KL],(g2.c1.#g)[KL],#g2[KL],(f3.c1.#g)[KL],#d3[KL],(#c1.#a.#d)[KLM],g2[KL],(#f2.#c1.#a.#d)[KLM],g2[KLM],(f3.#c1.#a.#d)[J],#d3[JLN],(#g2.c1.#g)[HHM],#G-2[IJ],(c1.#G-1)[JK],(#d1.c)[JK],(#g1.#d)[JK],(c2.#g)[JK],(#d2.c1)[JK],(#g2.#d1)[JK],(c3.#g1)[JK],(#g2.#d1)[JK],(#d2.c1)[JK],(c2.#g)[JK],(#c2.#a)[JK],(g2.#c1)[JK],(#a2.g1)[JK],(c2.#g)[JK],(#d2.c1)[JK],(#g2.#d1)[JK],(#a1.#d)[JK],(#c2.#a)[JK],(g2.#c1)[JK],(#g2.c1.#g)[JK],#d2[JK],c2[JK],#G-2[IJ],(c1.#G-1)[JK],(#d1.c)[JK],(#g1.#d)[JK],(c2.#g)[JK],(#d2.c1)[JK],(#g2.#d1)[JK],(c3.#g1)[JK],(#g2.#d1)[JK],(#d2.c1)[JK],(c2.#g)[JK],(#c2.#a)[JK],(g2.#c1)[JK],(#a2.g1)[JK],(c2.#g)[JK],(#d2.c1)[JK],(#g2.#d1)[JK],(#a1.#d)[JK],(#c2.#a)[JK],(g2.#c1)[JK],(#g2.c1.#g)[JKN],c2[JKM],#g1[JKMN],#D-1[IJN],(#c1.#A-1)[JK],(g1.#c)[JK],(#a1.g)[JK],(#c2.#a)[JK],(g2.#c1)[JK],(#a2.g1)[JK],(#c3.#a1)[JK],(#d2.c1)[JK],(#g2.#d1)[JK],(c3.#g1)[JK],(#c2.#a)[JK],(g2.#c1)[JK],(#a2.g1)[JK],(c2.#g)[JK],(#d2.c1)[JK],(#g2.#d1)[JK],(#a1.#d)[JK],(#c2.#a)[JK],(g2.#c1)[JK],(#g2.c1.#g)[JK],#d2[JK],c2[JK],#D-1[IJ],(#c1.#A-1)[JK],(g1.#c)[JK],(#a1.g)[JK],(#c2.#a)[JK],(g2.#c1)[JK],(#a2.g1)[JK],(#c3.#a1)[JK],(#d2.c1)[JK],(#g2.#d1)[JK],(c3.#g1)[JK],(#c2.#a)[JK],(g2.#c1)[JK],(#a2.g1)[JK],(c2.#g)[JK],(#d2.c1)[JK],(#g2.#d1)[JK],(#a1.#d)[JKM],"],"id":2},{"bpm":810,"baseBeats":1.25,"scores":["(#c2.#a)[JKM],(g2.#c1)[JKM],(#g2.c1.#g)[JKLN],c2[I],#g1[IKLM],(#G-1.c)[IJMN],(c.#G-1)[JK],(c.#G-1)[JK],(c.#G-1)[JK],(c.#G-1)[JK],(c.#G-1)[JK],(c.#G-1)[JK],(c.#G-1)[JK],(c.#G-1)[JK],(c.#G-1)[JK],(#g1.c.#G-1)[JK],(#c.#A-1.#D-1)[JK],(g1.#c.#A-1.#D-1)[JK],(f2.#c.#A-1.#D-1)[KL],#d2[KL],(#g1.c.#G-1)[JK],(c.#G-1)[JK],(#g2.c.#G-1)[JK],(#c.#A-1.#D-1)[JK],(g2.#c.#A-1.#D-1)[JK],(f3.#c.#A-1.#D-1)[KL],#d3[KL],(#g2.c.#G-1)[HK],(c.#D-1.#G-2)[KL],#G-1[KL],(#D-1.#G-2)[KL],(B-1.#G-1)[KL],(c.#D-1.#G-2)[KL],(B-1.#G-1)[KL],(c.#D-1.#G-2)[KL],(B-1.#G-1)[KL],(c.#D-1.#G-2)[KL],(B-1.#G-1)[KL],(c.#D-1.#G-2)[KL],(B-1.#G-1)[KL],(c.#D-1.#G-2)[KL],(B-1.#G-1)[KL],(c.#D-1.#G-2)[KL],(B-1.#G-1)[KL],(c.#D-1.#G-2)[KL],(B-1.#G-1)[KL],(c.#D-1.#G-2)[KL],(B-1.#G-1)[KL],(c.#D-1.#G-2)[KL],#G-1[KL],(#g1.#G-1.c)[JK],(#c.#A-1.#D-1)[KL],g1[KL],(#f1.#c.#A-1.#D-1)[KL],g1[KL],(f2.#c.#A-1.#D-1)[KL],#d2[KL],(#g1.c.#G-1)[JK],(c.#G-1)[JK],(#g2.c.#G-1)[JK],(#c.#A-1.#D-1)[KL],g2[KLN],(#f2.#c.#A-1.#D-1)[KLN],g2[KLN],(f3.#c.#A-1.#D-1)[KLN],#d3[JN],(#g2.c.#G-1)[IJKLN],(c.#G-1)[KLN],(#c.#A-1)[KLN],(#d.c)[KL],(f.#c)[JK],f1[JK],(f.#c)[JK],(f.#c)[JK],(f2.f.#c)[JK],(f.#c)[JK],(f.#c)[JK],(f3.#c.f)[JK],(f.#c)[JK],(f.#c)[JK],(f.#c)[JK],(#c2.f.#c)[JK],(#f.#d.#G-1)[JK],(c2.#f.#d.#G-1)[JK],(#a2.#f.#d.#G-1)[KL],#g2[KL],(f.#c)[JK],(#c2.f.#c)[JK],(#a2.f.#c)[KL],#g2[KL],(#f.#d.#G-1)[JK],(c2.#f.#d.#G-1)[JK],(#a2.#f.#d.#G-1)[KL],#g2[KL],(f.#c)[JK],(#c2.f.#c)[JK],(#a2.f.#c)[KL],#g2[KL],(#c1.#a.#d)[JK],(g2.#c1.#a.#d)[JK],(f3.#c1.#a.#d)[KL],#d3[KL],(c1.#g)[JKN],(#g2.c1.#g)[JKN],(f3.c1.#g)[KLN],#d3[KLN],(#c1.#a.#d)[JKM],(g2.#c1.#a.#d)[JKLN],(f3.#c1.#a.#d)[KLMN],#d3[KLM],(#g2.c1.#g)[HJK],(f.#G-1.#C-1)[KLN],#c[KLN],(#G-1.#C-1)[KL],(e.#c)[KL],(f.#G-1.#C-1)[KL],(e.#c)[KL],(f.#G-1.#C-1)[KL],(e.#c)[KL],(f.#G-1.#C-1)[KL],(e.#c)[KL],(f.#G-1.#C-1)[KL],(e.#c)[KL],(f.#G-1.#C-1)[KL],(e.#c)[KL],(f.#G-1.#C-1)[KL],(e.#c)[KL],(f.#G-1.#C-1)[KL],(e.#c)[KL],(f.#G-1.#C-1)[KL],(e.#c)[KL],(f.#G-1.#C-1)[KL],#c[KL],(#c2.f.#c)[JK],(#f.#d.#G-1)[KL],c2[KL],(b1.#f.#d.#G-1)[KL],c2[KL],(#a2.#f.#d.#G-1)[KL],#g2[KL],(f.#c)[KL],#c2[KL],(c2.f.#c)[KL],#c2[KL],(#a2.f.#c)[KL],#g2[KL],(#f.#d.#G-1)[KL],c2[KL],(b1.#f.#d.#G-1)[KL],c2[KL],(#a2.#f.#d.#G-1)[KL],#g2[KL],(f.#c)[KL],#c2[KL],(c2.f.#c)[KL],#c2[KL],(#a2.f.#c)[KL],#g2[KL],(#c1.#a.#d)[KL],g2[KL],(#f2.#c1.#a.#d)[KL],g2[KL],(f3.#c1.#a.#d)[KL],#d3[KL],(c1.#g)[KL],#g2[KL],(g2.c1.#g)[KL],#g2[KL],(f3.c1.#g)[KL],#d3[KL],(#c1.#a.#d)[KLM],g2[KL],(#f2.#c1.#a.#d)[KLM],g2[KLM],(f3.#c1.#a.#d)[KLM],#d3[J],(#g2.c1.#g)[HIM],(c2.#g1.#d1.c1.#g.#d.c.#G-1)[IJLM],(c2.#g1.#d1.c1.#g.#d.c.#G-1)[JK],(c2.#g1.#d1.c1.#g.#d.c.#G-1)[JKN],(c2.#g1.#d1.c1.#g.#d.c.#G-1)[JKN],(c2.#g1.#d1.c1.#g.#d.c.#G-1)[JKN],(c2.#g1.#d1.c1.#g.#d.c.#G-1)[JKN],(c2.#g1.#d1.c1.#g.#d.c.#G-1)[JKN],(c2.#g1.#d1.c1.#g.#d.c.#G-1)[JKN],(c2.#g1.#d1.c1.#g.#d.c.#G-1)[JKN],(c2.#g1.#d1.c1.#g.#d.c.#G-1)[JKN],(c2.#g1.#d1.c1.#g.#d.c.#G-1)[JKN],(#c2.#a1.#d1.#c1.#G-1)[JKN],G-1[JK],f[KLN],#d[KLN],(c2.#g1.#d1.c1)[JK],#G-1[JKN],f[KLN],#d[KL],(#c2.#a1.#d1.#c1)[JKN],G-1[JKMN],f[KLMN],#d[J],(c2.#g1.#d1.c1.#G-1)[HIN],(#d2.c2.#g1.#d1.#G-1.#D-1.C-1.#G-2)[IJLM],(#d2.c2.#g1.#d1.#G-1.#D-1.C-1.#G-2)[JKM],(#d2.c2.#g1.#d1.#G-1.#D-1.C-1.#G-2)[JKN],(#d2.c2.#g1.#d1.#G-1.#D-1.C-1.#G-2)[JKN],(#d2.c2.#g1.#d1.#G-1.#D-1.C-1.#G-2)[JKM],(#d2.c2.#g1.#d1.#G-1.#D-1.C-1.#G-2)[JKM],(#d2.c2.#g1.#d1.#G-1.#D-1.C-1.#G-2)[JKN],(#d2.c2.#g1.#d1.#G-1.#D-1.C-1.#G-2)[JKN],(#d2.c2.#g1.#d1.#G-1.#D-1.C-1.#G-2)[JKM],(#d2.c2.#g1.#d1.#G-1.#D-1.C-1.#G-2)[JKN],(#d2.c2.#g1.#d1.#G-1.#D-1.C-1.#G-2)[JKN],(#d2.#c2.#a1.#d1.#G-1)[KLN],G-1[KLN],#F-1[KL],G-1[KLN],f[KLN],#d[KLN],(#d2.c2.#g1.#d1)[KLN],#G-1[KL],G-1[KLN],#G-1[KLN],f[KL],#d[KLN],(#c2.#d2.#a1.#d1)[KLN],G-1[KL],#F-1[KLM],G-1[KLN],f[KLN],#d[KLN],(#d2.c2.#g1.#d1)[KLN],#G-1[KLM],G-1[KLN],#G-1[KLN],c[KLN],#G-1[KLN],#D-1[KLM],g1[KLN],#f1[KLN],g1[KLM],f2[KLN],#d2[KLN],(#g1.#G-1)[KLN],#g[KLN],g[KLM],#g[KLN],c1[KLN],#g[KLN],#d[KLMN],g2[KLMN],#f2[KLMN],g2[KLM],(f3.#d1.#a1.#c2)[KLMN],#d3[KLMN],(g2.#c2.#a1.#d1)[KLM],f3[KLM],(#d3.#c2.#a1.#d1)[KLN],g2[KLM],(f3.#c2.#a1.#d1)[KLN],#d3[KLN],(g2.#c2.#a1.#d1)[KLN],f3[KLN],(#d3.#c2.#a1.#d1)[KLN],g2[KL],(f3.#c2.#a1.#d1)[KLM],#d3[KL],(g2.#c2.#a1.#d1)[KLM],f3[KL],(#d3.#c2.#a1.#d1)[KLM],g2[KLM],(f3.#c2.#a1.#d1)[KLM],#d3[J],(#g2.#g1.c2)[HK],(g2.#c2.g1.#d1)[IL],(#g1.c2.#g2.#g)[HJM],(g1.#c1.g.#d.#D-1)[IKLM],(#g1.c1.#g.#G-1.#G-2)[HHIJLM],"],"id":3}],"audition":{"start":[0,0],"end":[1,0]}}