{"baseBpm":372,"musics":[{"bpm":372,"baseBeats":0.75,"scores":["(C-1.c.c1)[KL],(G-2.G-1)[KL],(C-1.c.c3)[KL],(G-2.G-1)[KL],(C-1.c)[LM],b2[LM],(G-2.G-1.a2)[LM],g2[LM],(C-1.c.c3)[KL],(G-2.G-1.g2)[KL],(C-1.c.c2.c3)[KL],(G-2.G-1.g1.g2)[KL],(C-1.c.c2.c3)[KL],(G-2.G-1.g1.g2)[KL],(C-1.c.c2.c3)[KL],(G-2.G-1.g1.g2)[KL],(C-1.c.c2.c3)[KL],(G-2.G-1.g1.g2)[KLN],(c.e.e3.e2)[LMN],g[LM],(c.e.c3)[LM],g[LM],(c.e.g2)[LM],g[LM],(c.e.e2)[LM],g[LM],(f.a.a1.a2)[LM],d1[LM],(f.a.f2)[LM],d1[LM],(f.a.d2)[LM],d1[LM],(f.a.a1)[LM],d1[LM],(g.d1.b1.f2)[LM],f1[LM],(g.d1.d2)[LM],f1[LM],(g.d1.b1)[LM],f1[LM],(g.d1.g1)[LM],f1[LM],(c1.e1.c2)[JK],c1[JK],(C-1.c.c1)[KL],(G-2.G-1)[KL],(C-1.c.c3)[KL],(G-2.G-1)[KL],(C-1.c)[LM],b2[LM],(G-2.G-1.a2)[LM],g2[LM],(C-1.c.c3)[KL],(G-2.G-1.g2)[KL],(C-1.c.c2.c3)[KL],(G-2.G-1.g1.g2)[KL],(C-1.c.c2.c3)[KL],(G-2.G-1.g1.g2)[KL],(C-1.c.c2.c3)[KL],(G-2.G-1.g1.g2)[KL],(C-1.c.c2.c3)[KLN],(G-2.G-1.g1.g2)[KLN],(c.e.e3.e2)[LM],g[LM],(c.e.c3)[LM],g[LM],(c.e.g2)[LM],g[LM],(c.e.e2)[LM],g[LM],(f.a.a1.a2)[LM],d1[LM],(f.a.f2)[LM],d1[LM],(f.a.d2)[LM],d1[LM],(f.a.a1)[LM],d1[LM],(g.d1.b1.f2)[LM],f1[LM],(g.d1.d2)[LM],f1[LM],(g.d1.b1)[LMN],f1[LM],(g.d1.g1)[LMN],f1[LM],(c1.e1.c2)[JKM],c1[JKM],(G-1.d.g.b1.d2.g2)[IL],(D-1.d.c2.#f2)[LM],a2[LM],(G-1.g.b1.g2)[IL],(D-1.d.c2.#f2)[LM],a2[LM],(G-1.g.b1.g2)[KL],(D-1.d.c2.#f2)[LM],a2[LM],(G-1.g.b1.g2)[KL],(D-1.d.c2.#f2)[LM],a2[LM],(G-1.g.b1.g2)[KL],(a.d.c2.#f2)[LM],a2[LM],(g.g2)[LM],f2[LM],(G-1.e2)[LM],d2[LM],(c.e.g1.c2)[LM],e2[LM],(e.c.d2)[LM],c2[LM],(G-1.d.f.g1.b1)[LM],d2[LM],(f.d.G-1.c2)[LM],b1[LM],(c.e.g1.c2)[LM],e2[LM],(e.c.d2)[LM],c2[LM],(G-1.d.f.g1.b1)[LM],d2[LM],(f.d.G-1.c2)[LM],b1[LM],(c.e.g1.c2)[LM],e2[LM],(e.c.d2)[LM],c2[LM],(G-1.d.f.g1.b1)[LM],d2[LM],(f.d.G-1.c2)[LM],b1[LM],(c.e.c2)[LM],d2[LM],c2[LM],b1[LM],c2[LM],d2[LM],e2[LM],"],"id":1},{"bpm":372,"baseBeats":0.75,"scores":["#f2[LM],(G-1.d.g.b1.d2.g2)[IL],(D-1.d.c2.#f2)[LM],a2[LM],(G-1.g.b1.g2)[IL],(D-1.d.c2.#f2)[LM],a2[LM],(G-1.g.b1.g2)[KL],(D-1.d.c2.#f2)[LM],a2[LM],(G-1.g.b1.g2)[KL],(D-1.d.c2.#f2)[LM],a2[LM],(G-1.g.b1.g2)[KL],(a.d.c2.#f2)[LM],a2[LM],(g.g2)[LM],f2[LM],(G-1.e2)[LM],d2[LM],(c.e.g1.c2)[LM],e2[LM],(e.c.d2)[LM],c2[LM],(G-1.d.f.g1.b1)[LM],d2[LM],(f.d.G-1.c2)[LM],b1[LM],(c.e.g1.c2)[LM],e2[LM],(e.c.d2)[LM],c2[LM],(G-1.d.f.g1.b1)[LM],d2[LM],(f.d.G-1.c2)[LM],b1[LM],(c.e.g1.c2)[LM],e2[LM],(e.c.d2)[LM],c2[LM],(G-1.d.f.g1.b1)[LM],d2[LMN],(f.d.G-1.c2)[LM],b1[LM],(c.e.c2)[JKN],c1[KL],(g.g1)[KLN],(e.c1.e1.c2)[KL],(e.c1.e1.c2)[KL],(e.c1.e1.c2)[KL],(g.d1.g1.d2)[KL],(c1.e1.g2.c2.e2)[LM],#f2[LM],g2[LM],#f2[LM],g2[LM],#f2[LM],(e.c1.g2.c2)[LM],#f2[LM],(f1.d1.g2.d2.f2)[KL],(f1.d1.d2.f2)[KL],(f1.d1.d2.f2)[KL],(c1.e1.c2.e2)[KL],(g.d1.g2.b1.d2)[LM],#f2[LM],g2[LM],#f2[LM],g2[LM],#f2[LM],(g.d1.g2.b1.d2)[LM],f2[LM],(c1.e1.c2.e2)[KL],(c1.e1.c2.e2)[KL],(c1.e1.c2.e2)[KL],(g1.e1.e2.g2)[KL],(c1.e1.c2.e2)[KL],(c1.e1.c2.e2)[KL],(c1.e1.c2.e2)[KL],(g1.e1.e2.g2)[KL],(f1.d1)[KL],(f1.d1.d2)[LM],e2[LM],(g.d1.f2)[LM],g2[LM],(g.d1.a2)[LM],b2[LM],(e.c1.c3)[IL],(g.g1)[KL],(e.c1.e1.c2)[KL],(e.c1.e1.c2)[KL],(e.c1.e1.c2)[KL],(g.d1.g1.d2)[KL],(c1.e1.g2.c2.e2)[LM],#f2[LM],g2[LM],#f2[LM],g2[LM],#f2[LM],(e.c1.g2.c2)[LM],#f2[LM],(f1.d1.g2.d2.f2)[KL],(f1.d1.d2.f2)[KL],(f1.d1.d2.f2)[KL],(c1.e1.c2.e2)[KL],(g.d1.g2.b1.d2)[LM],#f2[LM],g2[LM],#f2[LM],g2[LM],#f2[LM],(g.d1.g2.b1.d2)[LMN],f2[LM],(c1.e1.c2.e2)[KLN],(c1.e1.c2.e2)[KL],(c1.e1.c2.e2)[KL],(g1.e1.e2.g2)[KL],(c1.e1.c2.e2)[KL],(c1.e1.c2.e2)[KL],(c1.e1.c2.e2)[KL],(g1.e1.e2.g2)[KL],(f1.d1)[KL],(f1.d1.d2)[LM],e2[LMN],(g.d1.f2)[LM],g2[LM],(g.d1.a2)[LMN],b2[LMN],(c.c1.c3)[IJLM],(C-1.c.c1)[KL],(G-2.G-1)[KL],"],"id":2},{"bpm":372,"baseBeats":0.75,"scores":["(C-1.c.c3)[KL],(G-2.G-1)[KL],(C-1.c)[LM],b2[LM],(G-2.G-1.a2)[LM],g2[LM],(C-1.c.c3)[KL],(G-2.G-1.g2)[KL],(C-1.c.c2.c3)[KL],(G-2.G-1.g1.g2)[KL],(C-1.c.c2.c3)[KL],(G-2.G-1.g1.g2)[KL],(C-1.c.c2.c3)[KL],(G-2.G-1.g1.g2)[KL],(C-1.c.c2.c3)[KL],(G-2.G-1.g1.g2)[KLN],(c.e.e3.e2)[LM],g[LM],(c.e.c3)[LM],g[LM],(c.e.g2)[LM],g[LM],(c.e.e2)[LM],g[LM],(f.a.a1.a2)[LM],d1[LM],(f.a.f2)[LM],d1[LM],(f.a.d2)[LM],d1[LM],(f.a.a1)[LM],d1[LM],(g.d1.b1.f2)[LM],f1[LM],(g.d1.d2)[LM],f1[LM],(g.d1.b1)[LMN],f1[LM],(g.d1.g1)[LM],f1[LM],(c1.e1.c2)[JKM],c1[JKM],(G-1.d.g.b1.d2.g2)[IL],(D-1.d.c2.#f2)[LM],a2[LM],(G-1.g.b1.g2)[IL],(D-1.d.c2.#f2)[LM],a2[LM],(G-1.g.b1.g2)[KL],(D-1.d.c2.#f2)[LM],a2[LM],(G-1.g.b1.g2)[KL],(D-1.d.c2.#f2)[LM],a2[LM],(G-1.g.b1.g2)[KL],(a.d.c2.#f2)[LM],a2[LM],(g.g2)[LM],f2[LM],(G-1.e2)[LM],d2[LM],(c.e.g1.c2)[LM],e2[LM],(e.c.d2)[LM],c2[LM],(G-1.d.f.g1.b1)[LM],d2[LM],(f.d.G-1.c2)[LM],b1[LM],(c.e.g1.c2)[LM],e2[LM],(e.c.d2)[LM],c2[LM],(G-1.d.f.g1.b1)[LM],d2[LM],(f.d.G-1.c2)[LM],b1[LM],(c.e.g1.c2)[LM],e2[LM],(e.c.d2)[LM],c2[LM],(G-1.d.f.g1.b1)[LM],d2[LM],(f.d.G-1.c2)[LM],b1[LM],(c.e.c2)[LM],d2[LM],c2[LM],b1[LM],c2[LM],d2[LM],e2[LM],#f2[LM],(G-1.d.g.b1.d2.g2)[IL],(D-1.d.c2.#f2)[LM],a2[LM],(G-1.g.b1.g2)[IL],(D-1.d.c2.#f2)[LM],a2[LM],(G-1.g.b1.g2)[KL],(D-1.d.c2.#f2)[LM],a2[LM],(G-1.g.b1.g2)[KL],(D-1.d.c2.#f2)[LM],a2[LM],(G-1.g.b1.g2)[KL],(a.d.c2.#f2)[LM],a2[LM],(g.g2)[LM],f2[LM],(G-1.e2)[LM],d2[LM],(c.e.g1.c2)[LM],e2[LM],(e.c.d2)[LM],c2[LM],(G-1.d.f.g1.b1)[LM],d2[LM],(f.d.G-1.c2)[LM],b1[LM],(c.e.g1.c2)[LM],e2[LM],(e.c.d2)[LM],c2[LM],(G-1.d.f.g1.b1)[LM],d2[LM],(f.d.G-1.c2)[LM],b1[LM],(c.e.g1.c2)[LM],e2[LM],(e.c.d2)[LM],c2[LM],(G-1.d.f.g1.b1)[LMN],d2[LMN],(f.d.G-1.c2)[LM],b1[K],(c.e.c2)[JKLM],c1[JKLN],"],"id":3}],"audition":{"start":[0,0],"end":[1,0]}}