{"baseBpm":170,"musics":[{"bpm":170,"baseBeats":0.5,"scores":["a1[L],b1[L],#c2[L],d2[L],U,U,#c2[L],d2[L];e2[L],#f2[L],U,U,#f2[L],g2[L],a2[L],a2[L];g2[L],g2[L],a2[L],b2[L],g2[L],e2[L],U,U;e2[L],#f2[L],g2[L],#c2[L],U,U,#c2[L],d2[L];e2[L],a1[L],U,U,a1[L],b1[L],#c2[L],d2[L];#f2[L],a2[L],#f2[L],g2[L],e2[L],d2[L],U,U;a1[L],b1[L],#c2[L],d2[L],U,U,#c2[L],d2[L];e2[L],","TU,d[L],a[L],#f[L],a[L],d[L];a[L],d[L],a[L],#f[L],a[L],d[L],a[L],A-1[L];a[L],e[L],a[L],A-1[L],a[L],A-1[L],a[L],e[L];a[L],A-1[L],a[L],A-1[L],g[L],e[L],g[L],A-1[L];g[L],A-1[L],g[L],e[L],g[L],A-1[L],g[L],d[L];a[L],#f[L],a[L],A-1[L],g[L],(d.#f)[K],U;U,T,d[L],a[L],#f[L],a[L],d[L];a[L],"],"id":1,"instruments":["piano","piano"],"alternatives":["",""]},{"bpm":174,"baseBeats":0.5,"scores":["#f2[L],U,U,#f2[L],g2[L],a2[L];a2[L],g2[L],g2[L],a2[L],b2[L],g2[L];e2[L],U,U,e2[L],#f2[L],g2[L];#c2[L],U,U,#c2[L],d2[L],e2[L];a1[L],U,U,a1[L],b1[L],#c2[L];d2[L],#f2[L],a2[L],#f2[L],g2[L],e2[L];d2[L],U,U,d2[L],#f2[L],a2[L];#g2[L],U,U,#g2[L],b2[L],d3[L];#g2[L],U,U,b2[L],d3[L],b2[L];#g2[L],b2[L],d3[L],b2[L],#g2[L],b2[L];a2[L],#c3[L],e3[L],#c3[L],a2[L],#c3[L];#g2[L],U,U,#g2[L],b2[L],d3[L];","d[L],a[L],#f[L],a[L],d[L],a[L];(A-1)[L],a[L],e[L],a[L],(A-1)[L],a[L];(A-1)[L],a[L],e[L],a[L],(A-1)[L],a[L];(A-1)[L],g[L],e[L],g[L],(A-1)[L],g[L];(A-1)[L],g[L],e[L],g[L],(A-1)[L],g[L];d[L],a[L],#f[L],a[L],(A-1)[L],g[L];(d.#f)[K],U,U,T;e[L],d1[L],b[L],d1[L],e[L],d1[L];e[L],d1[L],b[L],d1[L],e[L],d1[L];e[L],d1[L],b[L],d1[L],e[L],d1[L];a[L],e1[L],#c1[L],e1[L],a[L],e1[L];e[L],d1[L],b[L],d1[L],e[L],d1[L];"],"id":2},{"bpm":178,"baseBeats":0.5,"scores":["#g2[L],U,U,b2[L],d3[L],b2[L];#g2[L],b2[L],d3[L],b2[L],#g2[L],b2[L];a2[L],#g2[L],a2[L],a1[L],b1[L],#c2[L];d2[L],U,U,#c2[L],d2[L],e2[L];#f2[L],U,U,#f2[L],g2[L],a2[L];a2[L],g2[L],g2[L],a2[L],b2[L],g2[L];e2[L],U,U,e2[L],#f2[L],g2[L];#c2[L],U,U,#c2[L],d2[L],e2[L];a1[L],U,U,a1[L],b1[L],#c2[L];d2[L],#f2[L],a2[L],#f2[L],g2[L],e2[L];d2[KL],a1[L],b1[L],#c2[L];d2[L],U,U,#c2[L],d2[L],e2[L];#f2[L],U,U,#f2[L],g2[L],a2[L];a2[L],g2[L],g2[L],a2[L],b2[L],g2[L];e2[L],U,U,e2[L],#f2[L],g2[L];#c2[L],U,U,#c2[L],d2[L],e2[L];a1[L],U,U,a1[L],b1[L],#c2[L];d2[L],#f2[L],a2[L],#f2[L],g2[L],e2[L];d2[L],#f2[L],a2[L],#f2[L],g2[L],e2[L];d2[K];","e[L],d1[L],b[L],d1[L],e[L],d1[L];e[L],d1[L],b[L],d1[L],e[L],d1[L];(a.#c1)[K],U,U,T;d[L],a[L],#f[L],a[L],d[L],a[L];d[L],a[L],#f[L],a[L],d[L],a[L];(A-1)[L],a[L],e[L],a[L],(A-1)[L],a[L];(A-1)[L],a[L],e[L],a[L],(A-1)[L],a[L];(A-1)[L],g[L],e[L],g[L],(A-1)[L],g[L];(A-1)[L],g[L],e[L],g[L],(A-1)[L],g[L];d[L],a[L],#f[L],a[L],(A-1)[L],g[L];(d.#f)[KL],U,T;d[L],a[L],#f[L],a[L],d[L],a[L];d[L],a[L],#f[L],a[L],d[L],a[L];(A-1)[L],a[L],e[L],a[L],(A-1)[L],a[L];(A-1)[L],a[L],e[L],a[L],(A-1)[L],a[L];(A-1)[L],g[L],e[L],g[L],(A-1)[L],g[L];(A-1)[L],g[L],e[L],g[L],(A-1)[L],g[L];d[L],a[L],#f[L],a[L],(A-1)[L],g[L];d[L],a[L],#f[L],a[L],(A-1)[L],g[L];(d.#f)[K];"],"id":3}],"audition":{"start":[0,0],"end":[0,45]}}