{"baseBpm":140,"musics":[{"bpm":140,"baseBeats":0.5,"scores":["#g2[L],a2[L],#f2[L],d2[L],a1[L],d2[L],#g2[L],a2[L];#f2[L],d2[L],a1[L],d2[L],#g2[L],a2[L],e2[L],#c2[L];a1[L],#c2[L],e2[L],g2[L],#f2[L],d2[L],a1[L],d2[L];#g2[L],a2[L],#f2[L],d2[L],a1[L],d2[L],#g2[L],a2[L];#f2[L],d2[L],a1[L],d2[L],#g2[L],a2[L],e2[L],#c2[L];a1[L],#c2[L],g2[L],e2[L],d2[L],U,U,U;#g2[L],a2[L],#f2[L],d2[L],a1[L],d2[L],#g2[L],a2[L];#f2[L],d2[L],a1[L],d2[L],#g2[L],a2[L],e2[L],#c2[L];a1[L],#c2[L],e2[L],g2[L],","T,d[L],a[L],#f[L],a[L],A-1[L],a[L];d[L],a[L],#f[L],a[L],A-1[L],a[L],e[L],a[L];g[L],a[L],A-1[L],a[L],d[L],a[L],#f[L],a[L];A-1[L],a[L],d[L],a[L],#f[L],a[L],A-1[L],a[L];d[L],a[L],#f[L],a[L],A-1[L],a[L],e[L],a[L];A-1[L],a[L],g[L],a[L],d[L],a[L],#f[L],a[L];A-1[L],a[L],d[L],a[L],#f[L],a[L],A-1[L],a[L];d[L],a[L],#f[L],a[L],A-1[L],a[L],e[L],a[L];g[L],a[L],A-1[L],a[L],"],"id":1,"instruments":["piano","piano"],"alternatives":["",""]},{"bpm":144,"baseBeats":0.5,"scores":["#f2[L],d2[L],a1[L],d2[L],#g2[L],a2[L],#f2[L],d2[L];a1[L],d2[L],#g2[L],a2[L],#f2[L],d2[L],a1[L],d2[L];#g2[L],a2[L],e2[L],#c2[L],a1[L],#c2[L],g2[L],e2[L];d2[L],U,U,U,#f2[L],a2[L],b2[L],g2[L];g2[L],b2[L],b2[L],d3[L],d3[L],a2[L],a2[L],#f2[L];#f2[L],a2[L],a2[L],g2[L],g2[L],e2[L],e2[L],g2[L];g2[L],#f2[L],#f2[L],d2[L],#f2[L],a2[L],b2[L],g2[L];g2[L],b2[L],b2[L],d3[L],d3[L],a2[L],a2[L],#f2[L];#f2[L],a2[L],a2[L],g2[L],g2[L],e2[L],e2[L],#f2[L];d2[L],U,U,U,#f2[L],a2[L],b2[L],g2[L];g2[L],b2[L],b2[L],d3[L],d3[L],a2[L],a2[L],#f2[L];#f2[L],a2[L],a2[L],g2[L],g2[L],e2[L],e2[L],g2[L];","d[L],a[L],#f[L],a[L],A-1[L],a[L],d[L],a[L];#f[L],a[L],A-1[L],a[L],d[L],a[L],#f[L],a[L];A-1[L],a[L],e[L],a[L],A-1[L],a[L],g[L],a[L];d[L],d1[L],#f[L],d1[L],a[L],d1[L],d[L],d1[L];g[L],d1[L],b[L],d1[L],d[L],d1[L],#f[L],d1[L];a[L],d1[L],d[L],#c1[L],e[L],#c1[L],g[L],#c1[L];d[L],d1[L],#f[L],d1[L],a[L],d1[L],d[L],d1[L];g[L],d1[L],b[L],d1[L],d[L],d1[L],#f[L],d1[L];a[L],d1[L],d[L],#c1[L],e[L],#c1[L],g[L],#c1[L];d[L],d1[L],#f[L],d1[L],a[L],d1[L],d[L],d1[L];g[L],d1[L],b[L],d1[L],d[L],d1[L],#f[L],d1[L];a[L],d1[L],d[L],#c1[L],e[L],#c1[L],g[L],#c1[L];"],"id":2,"instruments":["piano","piano"],"alternatives":["",""]},{"bpm":148,"baseBeats":0.5,"scores":["g2[L],#f2[L],#f2[L],d2[L],#f2[L],a2[L],b2[L],g2[L];g2[L],b2[L],b2[L],d3[L],d3[L],a2[L],a2[L],#f2[L];#f2[L],a2[L],a2[L],g2[L],g2[L],e2[L],e2[L],#f2[L];d2[J],#g2[L],a2[L],#f2[L],d2[L];a1[L],d2[L],#g2[L],a2[L],#f2[L],d2[L],a1[L],d2[L];#g2[L],a2[L],e2[L],#c2[L],a1[L],#c2[L],e2[L],g2[L];#f2[L],d2[L],a1[L],d2[L],#g2[L],a2[L],#f2[L],d2[L];a1[L],d2[L],#g2[L],a2[L],#f2[L],d2[L],a1[L],d2[L];#g2[L],a2[L],e2[L],#c2[L],a1[L],#c2[L],g2[L],e2[L];d2[L],U,U,U,#g2[L],a2[L],#f2[L],d2[L];a1[L],d2[L],#g2[L],a2[L],#f2[L],d2[L],a1[L],d2[L];#g2[L],a2[L],e2[L],#c2[L],a1[L],#c2[L],e2[L],g2[L];#f2[L],d2[L],a1[L],d2[L],#g2[L],a2[L],#f2[L],d2[L];a1[L],d2[L],#g2[L],a2[L],#f2[L],d2[L],a1[L],d2[L];#g2[L],a2[L],e2[L],#c2[L],a1[L],#c2[L],g2[L],e2[L];d2[JK],","d[L],d1[L],#f[L],d1[L],a[L],d1[L],d[L],d1[L];g[L],d1[L],b[L],d1[L],d[L],d1[L],#f[L],d1[L];a[L],d1[L],d[L],#c1[L],e[L],#c1[L],g[L],#c1[L];(d.#f)[J],T,d[L],a[L];#f[L],a[L],A-1[L],a[L],d[L],a[L],#f[L],a[L];A-1[L],a[L],e[L],a[L],g[L],a[L],A-1[L],a[L];d[L],a[L],#f[L],a[L],A-1[L],a[L],d[L],a[L];#f[L],a[L],A-1[L],a[L],d[L],a[L],#f[L],a[L];A-1[L],a[L],e[L],a[L],A-1[L],a[L],g[L],a[L];d[L],a[L],#f[L],a[L],A-1[L],a[L],d[L],a[L];#f[L],a[L],A-1[L],a[L],d[L],a[L],#f[L],a[L];A-1[L],a[L],e[L],a[L],g[L],a[L],A-1[L],a[L];d[L],a[L],#f[L],a[L],A-1[L],a[L],d[L],a[L];#f[L],a[L],A-1[L],a[L],d[L],a[L],#f[L],a[L];A-1[L],a[L],e[L],a[L],A-1[L],a[L],g[L],a[L];(d.#f)[JK],"],"id":3,"instruments":["piano","piano"],"alternatives":["",""]}],"audition":{"start":[0,0],"end":[0,44]}}