{"baseBpm":160,"musics":[{"bpm":160,"baseBeats":0.25,"scores":["(d.d2)[L],(a.#f2)[L],(#f.a2)[L],a[L],d[L],a[L],(d.d2)[L],(a.#f2)[L],(#f.a2)[L],a[L],d[L],a[L],(A-1.g2)[L],(g.#f2)[L],(e.e2)[L],(g.d2)[L],(A-1.#c2)[L],(g.b1)[L],(A-1.a1)[L],(g.g1)[L],(e.#f1)[L],(g.e1)[L],(A-1.d1)[L],(g.#c1)[L],(d.d1)[L],(a.#f1)[L],(#f.a1)[L],a[L],d[L],a[L],(d.#f1)[L],(a.a1)[L],(#f.d2)[L],a[L],d[L],a[L],(A-1.#c2)[L],(g.e2)[L],(e.g2)[L],(g.e2)[L],(A-1.#c2)[L],(g.e2)[L],(d.d2)[L],a[L],(#f.d2)[L],a[L],d[L],a[L],(d.d2)[L],(a.#f2)[L],(#f.a2)[L],a[L],d[L],a[L],(d.d2)[L],(a.#f2)[L],(#f.a2)[L],a[L],"],"id":1},{"bpm":160,"baseBeats":0.25,"scores":["d[L],a[L],(A-1.g2)[L],(g.#f2)[L],(e.e2)[L],(g.d2)[L],(A-1.#c2)[L],(g.b1)[L],(A-1.a1)[L],(g.g1)[L],(e.#f1)[L],(g.e1)[L],(A-1.d1)[L],(g.#c1)[L],(d.d1)[L],(a.#f1)[L],(#f.a1)[L],a[L],d[L],a[L],(d.#f1)[L],(a.a1)[L],(#f.d2)[L],a[L],d[L],a[L],(A-1.#c2)[L],(g.e2)[L],(e.g2)[L],(g.e2)[L],(A-1.#c2)[L],(g.e2)[L],(d.d2)[L],a[L],(#f.d2)[L],a[L],d[L],a[LO],#a2[LO],b2[L],(g.d1.g2)[L],d2[L],(d1.#f.#g2)[L],a2[L],#a2[L],b2[L],(g.d1.g2)[L],d2[L],(d1.#f.#g2)[L],a2[L],#f2[L],g2[L],(a.e1.e2)[L],#c2[L],(a.e1.a1)[L],e2[L],(d1.#f1.#f2)[L],"],"id":2},{"bpm":160,"baseBeats":0.25,"scores":["d2[L],e2[L],#f2[L],g2[L],a2[L],#a2[L],b2[L],(g.d1.g2)[L],d2[L],(d1.#f.#g2)[L],a2[L],#a2[L],b2[L],(g.d1.g2)[L],d2[L],(d1.#f.#g2)[L],a2[L],#f2[L],g2[L],(a.e1.e2)[L],#c2[L],(a.e1.a1)[L],#f2[L],(d.d1.d2)[K],d2[J],#a2[L],b2[L],(g.d1.g2)[L],d2[L],(d1.#f.#g2)[L],a2[L],#a2[L],b2[L],(g.d1.g2)[L],d2[L],(d1.#f.#g2)[L],a2[L],#f2[L],g2[L],(a.e1.e2)[L],#c2[L],(a.e1.a1)[L],e2[L],(d1.#f1.#f2)[L],d2[L],e2[L],#f2[L],g2[L],a2[L],#a2[L],b2[L],(g.d1.g2)[L],d2[L],(d1.#f.#g2)[L],a2[L],#a2[L],b2[L],(g.d1.g2)[L],d2[L],(d1.#f.#g2)[L],a2[L],#f2[L],g2[L],(a.e1.e2)[L],#c2[L],(a.e1.a1)[LO],#f2[LO],(d.d1.d2)[KO],"],"id":3}],"audition":{"start":[0,0],"end":[1,0]}}