{"baseBpm":160,"musics":[{"bpm":160,"baseBeats":0.25,"scores":["a1[L],b1[L],#c2[L],(d.d2)[L],a[L],#f[L],(a.#c2)[L],(d.d2)[L],(a.e2)[L],(d.#f2)[L],a[L],#f[L],(a.#f2)[L],(d.g2)[L],(a.a2)[L],(A-1.a2)[L],(a.g2)[L],(e.g2)[L],(a.a2)[L],(A-1.b2)[L],(a.g2)[L],(A-1.e2)[L],a[L],e[L],(a.e2)[L],(A-1.#f2)[L],(a.g2)[L],(A-1.#c2)[L],g[L],e[L],(g.#c2)[L],(A-1.d2)[L],(g.e2)[L],(A-1.a1)[L],g[L],e[L],(g.a1)[L],(A-1.b1)[L],(g.#c2)[L],(d.d2)[L],(a.#f2)[L],(#f.a2)[L],(a.#f2)[L],(A-1.g2)[L],(g.e2)[L],(d.#f.d2)[KL],a1[L],b1[L],#c2[L],(d.d2)[L],a[L],#f[L],(a.#c2)[L],(d.d2)[L],(a.e2)[L],(d.#f2)[L],a[L],#f[L],(a.#f2)[L],(d.g2)[L],(a.a2)[L],"],"id":1},{"bpm":160,"baseBeats":0.25,"scores":["(A-1.a2)[L],(a.g2)[L],(e.g2)[L],(a.a2)[L],(A-1.b2)[L],(a.g2)[L],(A-1.e2)[L],a[L],e[L],(a.e2)[L],(A-1.#f2)[L],(a.g2)[L],(A-1.#c2)[L],g[L],e[L],(g.#c2)[L],(A-1.d2)[L],(g.e2)[L],(A-1.a1)[L],g[L],e[L],(g.a1)[L],(A-1.b1)[L],(g.#c2)[L],(d.d2)[L],(a.#f2)[L],(#f.a2)[L],(a.#f2)[LO],(A-1.g2)[L],(g.e2)[LO],(d.#f.d2)[KLN],d2[L],#f2[L],a2[L],(e.#g2)[L],d1[L],b[L],(d1.#g2)[L],(e.b2)[L],(d1.d3)[L],(e.#g2)[L],d1[L],b[L],(d1.b2)[L],(e.d3)[L],(d1.b2)[L],(e.#g2)[L],(d1.b2)[L],(b.d3)[L],(d1.b2)[L],(e.#g2)[L],(d1.b2)[L],(a.a2)[L],(e1.#c3)[L],(#c1.e3)[L],(e1.#c3)[L],(a.a2)[L],"],"id":2},{"bpm":160,"baseBeats":0.25,"scores":["(e1.#c3)[L],(e.#g2)[L],d1[L],b[L],(d1.#g2)[L],(e.b2)[L],(d1.d3)[L],(e.#g2)[L],d1[L],b[L],(d1.b2)[L],(e.d3)[L],(d1.b2)[L],(e.#g2)[L],(d1.b2)[L],(b.d3)[L],(d1.b2)[L],(e.#g2)[L],(d1.b2)[L],(a.#c1.a2)[L],#g2[L],a2[L],a1[L],b1[L],#c2[L],(d.d2)[L],a[L],#f[L],(a.#c2)[L],(d.d2)[L],(a.e2)[L],(d.#f2)[L],a[L],#f[L],(a.#f2)[L],(d.g2)[L],(a.a2)[L],(A-1.a2)[L],(a.g2)[L],(e.g2)[L],(a.a2)[L],(A-1.b2)[L],(a.g2)[L],(A-1.e2)[L],a[L],e[L],(a.e2)[L],(A-1.#f2)[L],(a.g2)[L],(A-1.#c2)[L],g[L],e[L],(g.#c2)[L],(A-1.d2)[L],(g.e2)[L],(A-1.a1)[L],g[L],e[L],(g.a1)[L],(A-1.b1)[L],(g.#c2)[L],(d.d2)[L],(a.#f2)[L],(#f.a2)[LO],(a.#f2)[LO],(A-1.g2)[LO],(g.e2)[LO],(d.#f.d2)[KN],"],"id":3}],"audition":{"start":[0,0],"end":[1,0]}}