{"baseBpm":90,"musics":[{"id":1,"baseBeats":0.25,"scores":["#a2[MN],a2[MN],g2[MN],f2[MN];d2[LM],f2[LM],d2[LM],f2[LM];d2[LM],f2[LM],#a2[MN],a2[MN],g2[MN],f2[MN];d2[LM],f2[LM],d2[LM],f2[LM];d2[LM],f2[LM],#a2[MN],a2[MN],g2[MN],f2[MN];d2[LM],f2[LM],d2[LM],f2[LM];d2[LM],f2[LM],#a2[MN],a2[MN],g2[MN],f2[MN];d2[LM],f2[LM],d2[LM],f2[LM];d2[KL],#a2[MN],a2[MN],g2[MN],f2[MN];g2[LM],f2[L],f2[M],d2[L],f2[M],c2[LM];#a1[LM],g1[LM],d2[L],f2[M],c2[LM];#a1[LM],g1[LM],d2[L],c2[M],c2[L],c2[M],c2[L],c2[M],c2[L],#a1[M];d2[LM],c2[L],#a1[M];g2[LM],f2[L],f2[M],d2[L],f2[M],c2[LM];#a1[KL],#a2[MN],a2[MN],g2[MN],f2[MN];d2[LM],f2[LM],d2[LM],f2[LM];d2[JK];","TU,g[JK],#a[JK],#d[IL],f[KL],g[JK],#a[JK],#d[IJ],g[JK],#a[JK],#d[IL],f[KL],g[JK],#a[JK],#d[IJ],"]},{"id":2,"baseBeats":0.25,"scores":["U,#a1[M],#a1[L],c2[M],d2[LM],c2[L],#a1[LM];#a1[M],#a1[L],c2[M],d2[L],f2[M],c2[L],#a1[LM];#a1[M],#a1[L],c2[M],d2[L],c2[M],#a1[L],c2[M],d2[L],c2[M],#a1[L],c2[M],d2[L],f2[M],c2[L],#a1[K];#a1[L],c2[M],d2[L],c2[M],#a1[L],c2[M],d2[L],c2[M],#a1[L],c2[M],d2[L],f2[M],c2[L],#a1[K];#a1[L],c2[M],d2[L],c2[M],#a1[L],c2[M],d2[L],c2[M],#a1[L],c2[M],d2[L],f2[M],c2[L],#a1[M];g2[L],f2[M],f2[L],f2[M],d2[L],f2[M],c2[LM];#a1[LM],g1[LM],d2[L],f2[M],c2[LM];#a1[LM],g1[LM],d2[L],c2[M],c2[L],c2[M],c2[L],c2[M],c2[L],#a1[M];d2[LM],c2[L],#a1[M];g2[L],f2[M],f2[L],f2[M],d2[L],f2[M],c2[LM];#a[JK];#d[JK];#d[KL],f[KL];","g[JK],#a[JK],#d[IL],f[KL],g[JK],#a[JK],#d[IJ],g[JK],#a[JK],#d[IL],f[KL],g[JK],#a1[HK],"]},{"id":3,"baseBeats":0.25,"scores":["U,#a1[M],#a1[L],c2[M],d2[LM],c2[L],#a1[LM];#a1[M],#a1[L],c2[M],d2[L],f2[M],c2[L],#a1[LM];#a1[M],#a1[L],c2[M],d2[L],c2[M],#a1[L],c2[M],d2[L],c2[M],#a1[L],c2[M],d2[L],f2[M],c2[L],#a1[K];#a1[L],c2[M],d2[L],c2[M],#a1[L],c2[M],d2[L],c2[M],#a1[L],c2[M],d2[L],f2[M],c2[L],#a1[K];#a1[L],c2[M],d2[L],c2[M],#a1[L],c2[M],d2[L],c2[M],#a1[L],c2[M],d2[L],f2[M],c2[L],#a1[M];g2[LM],f2[L],f2[M],d2[L],f2[M],c2[LM];#a1[LM],g1[LM],d2[L],f2[M],c2[LM];#a1[LM],g1[LM],d2[L],c2[M],c2[L],c2[M],c2[L],c2[M],c2[L],#a1[M];d2[LM],c2[L],#a1[M];g2[LM],f2[L],f2[M],d2[L],f2[M],c2[LM];#a1[KL],#a2[MN],a2[MN],g2[MN],f2[MN];d2[LM],f2[LM],d2[LM],f2[LM];d2[JK];","g[KL],g[KL],#a[KL],#a[KL],#d[KL],#d[KL],#d[KL],f[KL],g[KL],g[KL],#a[KL],#a[KL],#d[KL],#d[KL],#d[KL],f[KL],g[KL],g[KL],#a[KL],#a[KL],#d[KL],#d[KL],#d[KL],f[KL],g[KL],g[KL],#a[KL],#a[KL],#d[KL],#d[KL],#d[JK],"]}],"audition":{"start":[0,0],"end":[0,38]}}