{"baseBpm":100,"musics":[{"id":1,"baseBeats":0.25,"scores":["V,d[M],g[M],#a[M],d1[M],#d1[M],d1[M],c1[M],#a[M],c1[M],#a[M],a[M],g[M],a[M],#a[M],g[M];V,d[M],g[M],#a[M],d1[M],#d1[M],d1[M],c1[M],#a[M],c1[M],#a[M],a[M],g[M],a[M],#a[M],g[M];V,#d[M],#g[M],c1[M],#d1[M],f1[M],#d1[M],d1[M],c1[M],d1[M],c1[M],#a[M],#g[M],#a[M],#g[M],g[M];#f[M],g[M],a[M],#f[M],g[M],a[M],#a[M],g[M],a[M],#a[M],c1[M],a[M],#f[M],g[M],a[M],#f[M];V,V,V,V,V,V,V,(#a1.d2)[M],#a[M],c1[M],#a[M],a[M],g[M],a[M],#a[M],g[M];g1[M],V,V,V,V,V,V,(#a1.d2)[M],(#a1.d2)[M],V,V,V,(g1.#a1)[L],V,V;c1[M],V,V,V,V,V,V,(c2.#d2)[M],c1[M],d1[M],c1[M],#a[M],#g[M],#a[M],#g[M],g[M];#f[M],g[M],a[M],#f[M],g[M],a[M],#a[M],g[M],a[M],#a[M],c1[M],a[M],#f[M],g[M],a[M],#f[M];g[M],d1[M],g1[M],#a1[M],d2[M],d1[M],g1[M],#a1[M],V,d1[M],g1[M],#a1[M],d2[M],d1[M],g1[M],#a1[M];","G-1[K],T,T,U,V,V;G-1[K],T,T,U,V,g[M];c[K],T,T,U,V,#d[M];d[L],U,#d[L],U,c[L],U,d[L],U;g[M],d[M],g[M],#a[M],d1[M],#d1[M],d1[M],c1[M],(#a1.d2)[K],(g1.#a1)[L],U;V,d[M],g[M],#a[M],d1[M],#d1[M],d1[M],c1[M],#a[M],c1[M],#a[M],a[M],g[M],a[M],#a[M],g[M];V,#d[M],#g[M],c1[M],#d1[M],f1[M],#d1[M],d1[M],(c2.#d2)[J];U,(D-1.d)[L],U,(#D-1.#d)[L],U,(C-1.c)[L],U,(D-1.d)[L];(G-2.G-1)[K],U,V,(g.#a)[M],(g.#a)[K],U,V,(g.#a)[M],"]},{"id":2,"baseBeats":0.125,"scores":["a1[L],a1[M],W,b2[N],a2[M],W,g1[N],a1[M],W,b2[N],a2[M],W,#f1[N],a1[M],W,b2[N],a2[M],W,#f1[N],a1[M],W,e3[N];d3[M],W,#c3[N],b2[M],W,#a2[N],b2[M],W,#d2[N],e2[M],W,#f2[N],g2[M],W,#a2[N],b2[M],W,e2[N],e2[M],W,#f2[N],e2[M],W,#f2[N];g2[M],W,#g2[N],a2[M],W,b3[N],a3[M],W,g2[N],a2[M],W,b3[N],a3[M],W,#f2[N],a2[M],W,b3[N],a3[M],W,#f2[N],a2[M],W,e4[N];d4[M],W,#c4[N],b3[M],W,a3[N],g3[M],W,#f3[N],e3[M],W,d3[N],#c3[M],W,b2[N],a2[M],W,g2[N],#f2[M],W,e2[N],d2[M],W,b2[N];a2[M],W,#f1[N],a1[M],W,b2[N],a2[M],W,g1[N],a1[M],W,b2[N],a2[M],W,#f1[N],a1[M],W,b2[N],a2[M],W,#f1[N],a1[M],W,e3[N];d3[M],W,#c3[N],b2[M],W,#a2[N],b2[M],W,#d2[N],e2[M],W,#f2[N],g2[M],W,#a2[N],","U,(d.#f.d1)[L],a[L],(#c.g.e1)[L],a[L],(d.#f.d1)[L],a[L],#F-1[L];(#f.a.d1)[L],G-1[L],(g.b.#d1)[L],(g.b.e1)[L],U,(g.b.e1)[L],(#g.b.d1.e1)[L],(a.#c1.e1)[L];U,(d.d1)[L],(a.a1)[L],(#c1.g1.a1)[L],(a.a1)[L],(d1.#f1.a1)[L],(a.a1)[L],(d1.#f1.a1)[L];U,G-1[L],(g.b.#d1)[L],e1[L],U,A-1[L],(a.#c1.g1)[L],(d1.#f1)[L];U,(d.#f.d1)[L],a[L],(#c.g.e1)[L],a[L],(d.#f.d1)[L],a[L],#F-1[L];(#f.a.d1)[L],G-1[L],(g.b.#d1)[L],(g.b.e1)[L],U;"]},{"id":3,"baseBeats":0.25,"scores":["(A-1.e2)[M],e1[M],(a.c1.a1)[M],e2[M],(c.e2)[M],e1[M],(a.c1.a1)[M],e2[M];(B-1.e2)[M],e1[M],(#g.d1.b1)[M],c2[M],(E-1.d2)[M],c2[M],(#g.d1.b1)[M],e1[M];(A-1.e2)[M],e1[M],(a.c1.a1)[M],e2[M],(c.e2)[M],e1[M],(a.c1.a1)[M],e2[M];(B-1.e2)[M],e1[M],(#g.d1.b1)[M],c2[M],(E-1.d2)[M],c2[M],(#g.d1.b1)[M],e1[M];(A-1.e2)[M],e1[M],(a.c1.a1)[M],e2[M],(d.f2)[M],f1[M],(a.d1.a1)[M],f2[M];(G-1.g2)[M],g1[M],(g.b.b1)[M],g2[M],(c.e2)[M],e1[M],(g.c1.g1)[M],e2[M];(d.d2)[M],d1[M],(b.f1)[M],d2[M],(#d.c2)[M],c1[M],(a.#f1)[M],c2[M];b1[M],b[M],e1[M],#g1[M],b1[M],e1[M],#g1[M],b1[M];(A-1.e2)[M],e1[M],(a.c1.a1)[M],e2[M],(c.e2)[M],e1[M],(a.c1.a1)[M],e2[M];(B-1.e2)[M],e1[M],(#g.d1.b1)[M],c2[M],(E-1.d2)[M],c2[M],(#g.d1.b1)[M],e1[M];(A-1.e2)[M],e1[M],(a.c1.a1)[M],e2[M],(c.e2)[M],e1[M],(a.c1.a1)[M],e2[M];(B-1.e2)[M],e1[M],(#g.d1.b1)[M],c2[M],(E-1.d2)[M],c2[M],(#g.d1.b1)[M],e1[M];(A-1.e2)[M],e1[M],(a.c1.a1)[M],e2[M],(d.f2)[M],f1[M],(a.d1.a1)[M],f2[M];(G-1.g2)[M],g1[M],(g.b.b1)[M],g2[M],(c.e2)[M],e1[M],(g.c1.g1)[M],e2[M];(d.d2)[M],d1[M],(b.f1)[M],d2[M],(#d.c2)[M],c1[M],(a.#f1)[M],c2[M];(e.b1)[M],d1[M],(#g.e1)[M],#g1[M],(A-1.e.c1.a1)[L],U;","QRS;(e.#g)[K];"]},{"id":4,"baseBeats":0.25,"scores":["D-1[L],V,A-1[M],f[L],A-1[L],D-1[L],V,A-1[M],f[L],A-1[L];D-1[L],V,A-1[M],f[L],A-1[L],D-1[L],V,A-1[M],(d1.f1.d2)[L],(d1.f1.#c2)[L];(d1.f1.c2)[L],c2[M],c2[M],(d1.f1.b1)[L],(d1.f1.#a1)[L],(d1.f1.a1)[L],a1[M],a1[M],(a.d1.#g1)[L],(a.d1.g1)[L];(a.d1.f1)[L],5<g1[N],f1[N]>,5<e1[N],f1[N]>,g1[L],f1[L],(#a.d1.e1)[L],V,#A-1[M],(d1.e1.d2)[L],(d1.e1.#c2)[L];(d1.e1.c2)[L],c2[M],c2[M],(d1.e1.b1)[L],(d1.e1.#a1)[L],(d1.e1.a1)[M],a1[M],V,a1[M],(#a.d1.g1)[L],(#a.d1.f1)[L];(g.#c1.e1)[L],5<f1[N],d1[N]>,5<d1[N],e1[N]>,(#c1.f1)[L],(g.#c1.e1)[L],D-1[L],V,A-1[M],(d1.f1.d2)[L],(d1.f1.#c2)[L];(d1.f1.c2)[L],c2[M],c2[M],(d1.f1.b1)[L],(d1.f1.#a1)[L],(d1.f1.a1)[M],a1[M],V,a1[M],(a.d1.#g1)[L],(a.d1.g1)[L];(a.d1.f1)[L],5<g1[N],f1[N]>,5<e1[N],f1[N]>,(a.d1.g1)[L],(a.d1.f1)[L],D-1[L],V,#A-1[M],(d1.e1.d2)[L],(d1.e1.#c2)[L];(e1.f1.c2)[L],c2[M],c2[M],(e1.f1.b1)[L],(e1.f1.#a1)[L],(d1.e1.a1)[M],a1[M],V,a1[M],(#a.d1.g1)[L],(#a.d1.f1)[L];(g.#c1.e1)[L],5<f1[N],d1[N]>,5<d1[N],e1[N]>,(#c1.f1)[L],(g.#c1.e1)[L],(f.d1)[K],","T,T,T,T;T,T,T,f[L],A-1[L];D-1[L],V,A-1[M],f[L],A-1[L],D-1[L],V,A-1[M],f[L],A-1[L];D-1[L],V,A-1[M],f[L],A-1[L],D-1[L],U,g[L],#A-1[L];D-1[L],V,#A-1[M],g[L],#A-1[L],D-1[L],V,A-1[M],g[L],A-1[L];D-1[L],V,A-1[M],f[L],A-1[L],(f.d1)[K],f[L],A-1[L];D-1[L],V,A-1[M],f[L],A-1[L],D-1[L],V,A-1[M],f[L],A-1[L];D-1[L],V,A-1[M],f[L],A-1[L],(#a.d1.e1)[K],g[L],#A-1[L];D-1[L],V,#A-1[M],g[L],#A-1[L],D-1[L],V,#A-1[M],g[L],#A-1[L];D-1[L],V,A-1[M],g[L],A-1[L],D-1[K],"]},{"id":5,"baseBeats":0.0625,"scores":["c1[O],c1[O],(a.c1)[N],e[NO],D-1[OP],(d.f)[O],A-1[O],A-1[N],X,c1[O],c1[O],(a.c1)[N],e[NO],D-1[OP],(d.f)[O],A-1[O],A-1[N],X,c1[O],c1[O],(a.c1)[N],e[NO],D-1[OP],(d.f)[O],A-1[O],A-1[N],X,c1[O],c1[O],(a.c1)[N],e[NO],D-1[OP],(d.f)[O],A-1[O],A-1[N],X,c1[O],c1[O],(a.c1)[N],e[NO],D-1[OP],(d.f)[O],A-1[O],A-1[N],X,c1[O],c1[O],(a.c1)[N],e[NO],D-1[OP],(d.f)[O],A-1[O],A-1[N],X,(#d3.d4.b3.b4.D-1.E-2.#f4.#d1)[NO],(b2.e3.#c3.c3.B-1.E-2.b1.#A-3)[NO],(#f2.#g2.d3.d.D-1.#c.c4.#C-1.#F-2.e1)[NO],(b2.#F-1.#d.#G-2.C-1)[NO],(E-1.D-1.G-1.f.B-2)[NO],(F-1.F-2.C-1.D-1.#a4.e3.d3.#a)[NO],(G-2.B-1.C-2.B-2.#d.b3.#A-1.#d4.g4.#a2.#F-1.#D-2)[NO],(#f.c4.#c.#D-1.c.B-1.C-1)[NO],(f3.B-1.E-1.F-2.#f.B-2.e3.e2.e1.#D-2.#d1)[NO],(#g.#g1.f2.#C-1.#a)[NO],(c.e1.a1.g2.C-2.#C-1)[NO],(#d3.E-1.#f.#D-1.G-2.a2.#a3.g.c.G-1.b4.e1.#G-1)[NO],(a4.b4.#A-2.G-2.#G-2.a.#c3.#c2.e4.C-2.d.#c1.A-1.#G-1.B-2)[NO],(F-1.#g1.E-1.f)[NO],(#d2.#g4.f1.d2.#A-2.D-2.#C-2.#c.G-1.C-2.G-2.E-1.d3.#f1.#c2.a2)[NO],(#a2.#c1.#f1.#g3.g4.B-1.c3.c4.G-1.A-2.B-2)[NO],(#c3.#d1.e3.#C-1)[NO],(A-1.f4.f.C-2.#G-1.#d1.d3.C-1.#g2.E-1.f1.a)[NO],(#C-2.a1.d2.#a1.A-3.#d.#A-1.c1.a.C-2.#C-1.c)[NO],(E-1.#a.#f4.#F-1.b1.#a1.#c1.E-2.G-1.A-3.#A-3.g1.e3.#a2.#c)[NO],(g2.#c4.F-1.#d.#D-1.G-2.E-2.#F-1.#d2.B-2.D-2.d.B-1)[NO],(#f1.c4.#G-2.B-1)[NO],(G-2.#d4.#A-2.d.e.#C-1.a2)[NO],(#D-1.A-1.c.#A-2.d)[NO],(b1.#d3.#A-3.#c.e3.a2.E-2.A-1.B-1)[NO],(#a2.c2.f2.c4.B-3.F-1.b4.#d1.e3.d.#d4.#G-1.#f1.g3.#c4.a2.#g1.a1.#f)[NO],(#C-1.#d2.#g4.D-2.#A-2.f2.g1.B-1.#A-1.#F-1)[NO],(#F-1.#f.a.f1.d3.F-1.D-1.D-2.e2.#c2.C-2.#D-2.#a.#D-1.B-2.E-1)[NO],(G-2.#g3.g4.#a4.d3.#A-1.#A-2.a)[NO],(b2.#f2.e2.#D-2.#d1.F-1.d3.G-2.f1)[NO],(c1.d2.#C-2.f.#D-1.F-2.#d2.G-2.e3.D-2)[NO],(#c4.d3.#A-1.#f.B-1.#c3.D-1.F-1.G-1.D-2)[NO],(D-1.#c4.#F-1.d4.F-1.b2.f)[NO],(c1.d.#g1.#f.G-1.e1.#d4.E-2.D-2.e.A-1.A-2.#A-2)[NO],(a3.g4.C-1.e1.E-1.#f1.#c1.#g3.f1.#F-1.#c.#D-1.a.f3.#a3.g3.F-2.#G-2)[NO];"]},{"id":6,"baseBeats":0.25,"scores":["g1[L],(#a.g1)[KL],d1[L],(b.g1)[KL],(d1.f1)[L],(d1.f1)[L],(c1.#d1)[I],(F-2.a.f1)[KL],c1[L],(a.f1)[L],g1[K],f1[L],(f.#d1)[L],d1[JKL],#f1[LM],(g.#a)[M],(a.c1)[M],(#a.d1)[KL],#a[M],a[M],g[M],d1[M],c1[L],(g.a.#d1)[JL],(a.c1)[M],(g.#a)[M],(D-2.#f.a)[KL],g[M],#g[M],(a.c1)[KL],d1[M],#a[M],a[L],g[I],(b.#d1)[L],(b.#g)[K],(#c1.#a)[L],(b.#d1)[KL],e1[L],(e1.#c2)[LM],(b1.#d1)[LM],(#c1.a1)[LM],(e1.#c2)[LM],(b1.#d1)[LM],(#c1.a1)[LM],(#a.f1)[L],#c1[K],(#a.#c1)[L],(#c1.e1)[KL],(b.#d1)[L],(#a.#c1)[M],(b.#g)[I],#d1[KL],b[M],#a[M],#g[KL],#f[L],#f1[L],e1[I],#c1[M],b[M],(#D-2.#a)[KL],#a[M],b[M],#c1[K],g[L],#a[L],#g[I],#g1[L],(b.#g1)[KL],#d1[L],(c1.#g1)[KL],(#d1.#f1)[L],(#d1.#f1)[L],(#c1.e1)[I],(#F-2.#a.#f1)[KL],#c1[L],(#a.#f1)[L],#g1[K],#f1[L],(#f.e1)[L],#d1[JKL],g1[LM],(#g.b)[M],(#a.#c1)[M],(b.#d1)[KL],b[M],#a[M],#g[M],#d1[M],#c1[L],(#g.#a.e1)[JL],(#a.#c1)[M],(#g.b)[M],(#D-2.g.#a)[KL],#g[M],a[M],(#a.#c1)[KL],#d1[M],b[M],#a[L],#g[I],"]},{"id":7,"baseBeats":0.5,"scores":["5<g1[M],g1[M]>,5<g1[M],g1[M]>,c[JKL],U,U,(C-2.D-2.E-2.F-2.G-2.A-2.B-2)[JK],(C-1.D-1.E-1.F-1.G-1.A-1.B-1)[JK],(c.d.e.f.g.a.b)[JK],(c1.d1.e1.f1.g1.a1.b1)[JK],(c2.d2.e2.f2.g2.a2.b2)[JK],(c3.d3.e3.f3.g3.a3.b3)[JK],(c4.d4.e4.f4.g4.a4.b4)[JK],U,U,(c4.e4.g4)[J],U,(d4.f4.a4)[J],(e4.g4.b4)[I],U,U,g1[L],g1[L],G-1[IJ],U,8<(c.d.e.f.g.a.b~c.d.e.f.g.a.b)[L]>,U,U,8<(c.d.e.f.g.a.b~c.d.e.f.g.a.b)[L]>,U,U,(c1.c2.c3.c4)[I];"]}]}