{"baseBpm":180,"musics":[{"id":1,"baseBeats":0.25,"scores":["#f2[L],b2[L],b2[L],5<b2[M],#c3[M]>,d3[L],b2[L],b2[L],5<d3[M],d3[M]>;#c3[L],a2[L],a2[L],5<a2[M],#c3[M]>,d3[L],b2[L],b2[L],U;#f2[L],b2[L],b2[L],5<b2[M],#c3[M]>,d3[L],b2[L],b2[L],5<d3[M],d3[M]>;5<#f3[M],#f3[M]>,5<#f3[M],e3[M]>,d3[L],#c3[L],d3[L],b2[L],b2[L],5<b2[M],d3[M]>;#f3[L],#f3[L],e3[L],d3[L],#c3[L],a2[L],a2[L],#c3[L];5<e3[M],e3[M]>,5<e3[M],e3[M]>,d3[L],#c3[L],d3[L],b2[L],b2[L],d3[L];5<#f3[M],#f3[M]>,5<#f3[M],#f3[M]>,e3[L],d3[L],#c3[L],a2[L],a2[L],#c3[L];5<e3[M],e3[M]>,5<e3[M],e3[M]>,d3[L],#c3[L],d3[L],d2[L],5<d2[M],d2[M]>,5<e2[M],e2[M]>;","b[L],(#f1.b1.d2)[L],#f[L],(#f1.b1.d2)[L],b[L],(#f1.b1.d2)[L],#f[L],(#f1.b1.d2)[L];#f[L],(#f1.a1.#c2)[L],a[L],(#f1.a1.#c2)[L],b[L],(#f1.b1.d2)[L],#f[L],(#f1.b1.d2)[L];b[L],(#f1.b1.d2)[L],#f[L],(#f1.b1.d2)[L],b[L],(#f1.b1.d2)[L],#f[L],(#f1.b1.d2)[L];#f[L],(#f1.a1.#c2)[L],a[L],(#f1.a1.#c2)[L],b[L],(#f1.b1.d2)[L],#f[L],(#f1.b1.d2)[L];b[L],(#f1.b1.d2)[L],#f[L],(#f1.b1.d2)[L],#f[L],(#f1.a1.#c2)[L],a[L],(#f1.a1.#c2)[L];a[L],(e1.a1.#c2)[L],e[L],(e1.a1.#c2)[L],b[L],(#f1.b1.d2)[L],#f[L],(#f1.b1.d2)[L];b[L],(#f1.b1.d2)[L],#f[L],(#f1.b1.d2)[L],#f[L],(#f1.a1.#c2)[L],a[L],(#f1.a1.#c2)[L];a[L],(e1.a1.#c2)[L],e[L],(e1.a1.#c2)[L],b[L],(#f1.b1.d2)[L],#f[L],(#f1.a1.#c2)[L];"]},{"id":2,"baseBeats":0.25,"scores":["d2[M],d3[M],V,#a2[M],V,a2[M],V,f2[M],e2[M],d2[M],V,#c2[M],d2[M],V,V,V;5<d2[N],e2[N]>,5<f2[N],e2[N]>,5<d2[N],e2[N]>,5<f2[N],e2[N]>,5<d2[N],e2[N]>,5<f2[N],e2[N]>,5<d2[N],e2[N]>,5<f2[N],d2[N]>,f2[M],e2[M],V,#d2[M],e2[M],V,V,V;5<g2[N],a2[N]>,5<#a2[N],a2[N]>,5<g2[N],a2[N]>,5<#a2[N],a2[N]>,5<g2[N],a2[N]>,5<#a2[N],a2[N]>,5<g2[N],#a2[N]>,5<a2[N],g2[N]>,5<f2[N],g2[N]>,5<a2[N],g2[N]>,5<f2[N],g2[N]>,5<a2[N],g2[N]>,5<f2[N],g2[N]>,5<a2[N],g2[N]>,5<f2[N],a2[N]>,5<g2[N],f2[N]>;5<a1[N],b1[N]>,5<#c2[N],d2[N]>,5<e2[N],f2[N]>,5<g2[N],a2[N]>,5<#a2[N],a2[N]>,5<g2[N],f2[N]>,5<e2[N],d2[N]>,5<#c2[N],e2[N]>,e2[M],d2[L],#c2[M],d2[K];5<c2[N],b1[N]>,5<c2[N],e2[N]>,5<g2[N],#a2[N]>,5<g2[N],e2[N]>,5<c2[N],b1[N]>,5<c2[N],e2[N]>,5<g2[N],#a2[N]>,5<g2[N],e2[N]>,5<c2[N],a1[N]>,5<#a1[N],c2[N]>,5<d2[N],e2[N]>,5<f2[N],g2[N]>,a2[M],V,V,V;5<a1[N],#g1[N]>,5<a1[N],#c2[N]>,5<e2[N],g2[N]>,5<e2[N],#c2[N]>,5<a1[N],#g1[N]>,5<a1[N],#c2[N]>,5<e2[N],g2[N]>,5<e2[N],#c2[N]>,5<a1[N],#g1[N]>,5<a1[N],b1[N]>,5<#c2[N],d2[N]>,5<e2[N],d2[N]>,f2[M],V,V,V;5<#a2[N],a2[N]>,5<g2[N],a2[N]>,5<#a2[N],a2[N]>,5<g2[N],a2[N]>,5<#a2[N],a2[N]>,5<g2[N],a2[N]>,5<#a2[N],a2[N]>,5<g2[N],#a2[N]>,5<a2[N],g2[N]>,5<f2[N],g2[N]>,5<a2[N],g2[N]>,5<f2[N],g2[N]>,5<a2[N],g2[N]>,5<f2[N],g2[N]>,5<a2[N],g2[N]>,5<f2[N],a2[N]>;5<a1[N],b1[N]>,5<#c2[N],d2[N]>,5<e2[N],f2[N]>,5<g2[N],a2[N]>,5<#a2[N],a2[N]>,5<g2[N],f2[N]>,5<e2[N],d2[N]>,5<#c2[N],e2[N]>,e2[M],d2[M],V,#c2[M],d2[K];","d[M],(f.a)[M],A-1[M],(f.d1)[M],d[M],(f.a)[M],A-1[M],(f.d1)[M],d[M],(f.a)[M],A-1[M],(f.d1)[M],d[M],(f.a)[M],A-1[M],(f.d1)[M];d[M],(f.a)[M],A-1[M],(f.d1)[M],d[M],(f.a)[M],A-1[M],(f.d1)[M],G-1[M],(d1.g1)[M],#A-1[M],(#a.g1)[M],G-1[M],(d1.g1)[M],E-1[M],(#a.g1)[M];E-1[M],(#a.g1)[M],E-1[M],(#a.g1)[M],E-1[M],(#a.g1)[M],E-1[M],(#a.g1)[M],D-1[M],(a.f1)[M],F-1[M],(a.d1)[M],D-1[M],(a.f1)[M],F-1[M],(a.d1)[M];#C-1[M],(e.a)[M],E-1[M],(a.g1)[M],#C-1[M],(e.a)[M],E-1[M],(a.g1)[M],D-1[M],(f.d1)[L],(a.d1)[M],(f.a)[K];e[M],(g.c1)[M],c[M],(#a.g1)[M],e[M],(g.c1)[M],c[M],(#a.e1)[M],f[M],(a.c1)[M],c[M],(a.f1)[M],a[M],(c1.f1)[M],f[M],(a.c1)[M];#c[M],(e.a)[M],A-1[M],(#c.e)[M],#c[M],(e.a)[M],A-1[M],(#c.e)[M],d[M],(f.a)[M],A-1[M],(f.d1)[M],d[M],(f.a)[M],A-1[M],(f.d1)[M];G-1[M],(#a.d1)[M],E-1[M],(#a.g1)[M],G-1[M],(#a.d1)[M],G-2[M],(#a.d1)[M],A-1[M],(d1.f1)[M],D-1[M],(a.f1)[M],F-1[M],(a.d1)[M],A-1[M],(d1.f1)[M];#C-1[M],(g.#c1.e1)[M],A-2[M],(g.#c1.e1)[M],E-1[M],(g.#c1.e1)[M],A-2[M],(g.#c1.e1)[M],D-1[M],(a.d1.f1)[M],A-2[M],(a.d1.f1)[M],(f.a.d1)[K];"]},{"id":3,"baseBeats":0.75,"scores":["(f2.F-1.f.#g2.f1.c1.#g1.c2)[KL],(c2.#g1.F-1)[KL],(c2.f.#g2.f2)[KL],(c2.F-1.#g1)[KL],(f2.f.#g2.c2)[KL],(c2.#g1.F-1)[KL],(c2.f.#g2.f2)[KL],(c2.F-1.#g1)[KL],(f2.#A-2.#A-1.#c2.#c1.#g1.f1)[KL],(#c2.f2)[LM],(#c2.f2)[LM],(#c2.f2)[LM],(#c2.f2)[LM],(#c2.f2)[LM],(#c2.f2)[LM],(#c2.f2)[KL],(#c2.f2)[KL],(f2.#c2)[KL],(#c2.f2)[KL],(#D-1.#d.g2.#c1.#a.g1.#a1.#d2)[KL],(#c2.#D-1.g1.#a1)[KL],(#d2.#d.g2.#a1)[KL],(#c2.#a1.#D-1.g1)[KL],(#d.g2.#a1.#d2)[KL],(#c2.#D-1.g1.#a1)[KL],(#d2.#d.g2.#a1)[KL],(#c2.#a1.#D-1.g1)[KL],(#G-2.#G-1.c2.c1.g1.#d1.#d2)[KL],(c2.#d2)[LM],(c2.#d2)[LM],(c2.#d2)[LM],(c2.#d2)[LM],(c2.#d2)[LM],(c2.#d2)[LM],(#d2.c2)[KL],(c2.#d2)[KL],(c2.#d2)[KL],(c2.#d2)[KL],(#c2.#c.f2.c1.#g.f1.#C-1.#g1)[KL],(c2.#g1.#C-1.f1)[KL],(#c.f2.#g1.#c2)[KL],(c2.#C-1.f1.#g1)[KL],(#c2.#c.f2.#g1)[KL],(c2.#g1.#C-1.f1)[KL],(#c.f2.#g1.#c2)[KL],(c2.#C-1.f1.#g1)[KL],(#c2.#c1.f1.G-1.#a.#a1.G-2)[KL],(#a1.#c2)[LM],(#a1.#c2)[LM],(#a1.#c2)[LM],(#a1.#c2)[LM],(#a1.#c2)[LM],(#a1.#c2)[LM],(#a1.#c2)[KL],(#a1.#c2)[KL],(#c2.#a1)[KL],(#a1.#c2)[KL],(c.e1.g.c1.e2.C-1.g1.c2)[KL],(#a1.C-1.e1.g1)[KL],(c2.e2.c.g1)[KL],(#a1.g1.C-1.e1)[KL],(c.e2.g1.c2)[KL],(#a1.C-1.e1.g1)[KL],(c2.c.e2.g1)[KL],(#a1.g1.C-1.e1)[KL],(f2.f.f1.#g.c1.F-1.#g1)[LM],e2[LM],f2[LM],g2[LM],(f2.f)[LM],g2[LM],e2[LM],f2[LM],(e.c1.g1.g2)[LM],f2[LM],g2[LM],#g2[LM],(g2.e)[LM],#g2[LM],f2[LM],g2[LM],(#g2.f1.f.c1)[LM],g2[LM],#g2[LM],#a2[LM],(f.#g2)[LM],#a2[LM],g2[LM],#g2[LM],(g.#a1.#a2)[LM],#g2[LM],#a2[LM],c3[LM],(g.#a2)[LM],c3[LM],#g2[LM],#a2[LM],(#g.f1.c2.c3)[JK],#g[LM],c3[LM],#c3[LM],#d3[LM],(#g.f3)[LM],c3[LM],#c3[LM],#d3[LM],(f3.#g)[LM],c3[LM],#c3[LM],#d3[LM],(f3.c2.#g.f1.f2)[LM],#d3[LM],#c3[LM],c3[LM],(f3.#g)[LM],#d3[LM],#c3[LM],c3[LM],(f3.#g)[LM],#d3[LM],#c3[LM],c3[LM],(#g.f3)[LM],#d3[LM],#c3[LM],c3[LM],(f2.c2.#g.f1)[LM],g2[LM],#g2[LM],#a2[LM],(c3.#g)[LM],#c3[LM],#d3[LM],f3[LM],(#g.f2)[LM],g2[LM],#g2[LM],#a2[LM],(#g.c3)[LM],#c3[LM],#d3[LM],f3[LM],(#a.f1.#c2.#c3)[JK],#a[LM],#a2[LM],c3[LM],#c3[LM],(#d3.#d2.g.#a1)[LM],#a2[LM],c3[LM],#c3[LM],(g.#d3)[LM],#a2[LM],c3[LM],#c3[LM],(g.#a1.#d2.#d3)[LM],#c3[LM],c3[LM],#a2[LM],(g.#d3)[LM],#c3[LM],c3[LM],#a2[LM],(g.#a1.#d2.#d3)[LM],#c3[LM],c3[LM],#a2[LM],(#d3.g)[LM],#c3[LM],c3[LM],#a2[LM],(#d2.g.#a1)[LM],f2[LM],g2[LM],#g2[LM],(g.#a2)[LM],c3[LM],#c3[LM],#d3[LM],(#d2.g)[LM],f2[LM],g2[LM],#g2[LM],(g.#a2)[LM],c3[LM],#c3[LM],#d3[LM],(#g.c2.c3)[JK],#g[LM],#g2[LM],#a2[LM],c3[LM],(f.#g1.#c2.#c3)[LM],#g2[LM],#a2[LM],c3[LM],(#c3.f)[LM],#g2[LM],#a2[LM],c3[LM],(f.#g1.#c2.#c3)[LM],c3[LM],#a2[LM],#g2[LM],(f.#c3)[LM],c3[LM],#a2[LM],#g2[LM],(#c3.#c2.f)[LM],c3[LM],#a2[LM],#g2[LM],(f.#c3)[LM],c3[LM],#a2[LM],#g2[LM],(g2.e.g1)[LM],#a2[LM],#g2[LM],g2[LM],(c3.#d.c2)[LM],#a2[LM],#g2[LM],g2[LM],(d.f1.f2)[LM],#g2[LM],g2[LM],f2[LM],(#c.#a1.#a2)[LM],#g2[LM],g2[LM],f2[LM],(c.e1.#a1.e2)[LM],c2[LM],#a1[LM],c2[LM],(c.d.e.f.g.a.b)[K],"]},{"id":4,"baseBeats":0.25,"scores":["5<#d1[N],#f1[N]>,5<b1[N],#d2[N]>;B-2[M],5<B-1[N],(#F-1.d2.f2)[N]>,(#d2.#f2)[LM],5<B-1[N],(#F-1.d2.f2)[N]>,(#d2.#f2)[LM],5<B-1[N],(#F-1.#d2.#f2)[N]>,#C-1[M],5<(#c.#g.b.e1.#g1)[N],(#G-1.#f2.#a2)[N]>,(#c2.e2)[LM];5<(#c1.e1.#f1)[N],(c2.#d2)[N]>,(#c2.e2)[LM],5<(#c1.e1.#f1)[N],(c2.#d2)[N]>,(#c2.e2)[LM],5<(#c1.e1.#f1)[N],(c2.#d2)[N]>,(#c2.e2)[M],5<W,(#c2.e2)[N]>,(#f2.#a2)[M],5<W,(e2.#g2)[N]>,(b1.#d2)[LM],#d2[M];#c2[M],5<#d2[N],#c2[N]>,(b1.#d2)[M],5<(#c2.#d2)[N],b1[N]>,#a1[LM],#d2[M],5<b1[N],b1[N]>,5<#c2[N],b1[N]>,5<(#a1.#d2)[N],#a1[N]>,5<(b1.#d2)[N],#a1[N]>,#g1[LM],#d2[M];#c2[M],5<#d2[N],#c2[N]>,(b1.#d2)[M],5<(#c2.#d2)[N],b1[N]>,#a1[LM],#d2[M],5<b1[N],b1[N]>,5<#c2[N],b1[N]>,5<(#a1.#d2)[N],#a1[N]>,5<(b1.#d2)[N],#a1[N]>,#g1[LM],#d3[M];5<e3[N],#a3[N]>,5<e3[N],#d3[N]>,5<#c3[N],b2[N]>,#a2[M],5<e3[N],#a3[N]>,5<e3[N],#d3[N]>,5<#c3[N],b2[N]>,#a2[M],5<b2[N],#d3[N]>,5<#c3[N],b2[N]>,5<#a2[N],#c3[N]>,5<b2[N],#a2[N]>,#g2[LM],#d3[M];5<e3[N],#a3[N]>,5<e3[N],#d3[N]>,5<#c3[N],b2[N]>,#a2[M],5<e3[N],#a3[N]>,5<e3[N],#d3[N]>,5<#c3[N],b2[N]>,#a2[M],5<b2[N],#d3[N]>,5<#c3[N],b2[N]>,5<#a2[N],#c3[N]>,5<b2[N],#a2[N]>,5<#g2[N],b2[N]>,5<#a2[N],#g2[N]>,5<b2[N],#a2[N]>,5<#g2[N],b2[N]>,5<#a2[N],#g2[N]>,5<b2[N],#a2[N]>,5<b2[N],#c3[N]>,5<#d3[N],e3[N]>;","U,(#d2.#f2)[L],#D-1[M],#d[N],#F-1[N],B-2[L],#D-1[M],#d[N],#F-1[N],B-2[L],(#g2.b2)[L],#F-1[M],#f[N],#c[N],#c[M],#a[N],#f[N],#A-1[M],#f[N],#c[N],#F-1[M],#f[N],#c[N],#A-1[M],#f[N],#c[N],#c[M],#a[N],#f[N],#A-1[M],#f[N],#c[N],#F-1[M],#f[N],#c[N],B-1[M],b[N],#f[N],#d[M],b[N],#f[KN],#d3[L],#d2[KL],#d3[L],#d2[KL],#d3[L],#d2[KL],#d3[L],#d2[HKL],(#d1.#f1.#d2.#f2.#d3.#f3)[L],#D-1[M],#d[N],#F-1[N],B-2[L],#D-1[M],#d[N],#F-1[N],B-2[L],(#g2.b2.#g3.b3)[L],#F-1[M],#f[N],#c[N],#c[M],#a[N],#f[N],#A-1[M],#f[N],#c[N],#F-1[M],#f[N],#c[N],#A-1[M],#f[N],#c[N],#c[M],#a[N],#f[N],#A-1[M],#f[N],#c[N],#F-1[M],#f[N],#c[N],B-1[M],#f[N],#d[N],#d[M],b[N],#f[N],B-1[M],#f[N],#d[N],b[M],#f[N],#d[N],#A-1[M],#f[N],#c[N],a[M],#f[N],#c[N],#G-1[M],#d[N],c[N],C-1[M],c[N],#G-1[N],#C-1[M],#c[N],#G-1[N],E-1[M],e[N],#c[N],#C-1[M],#c[N],#G-1[N],E-1[M],e[N],#c[N],G-1[M],g[N],e[N],E-1[M],e[N],B-1[N],#F-1[M],#f[N],#d[N],B-1[M],#f[N],#d[N],#F-1[M],#f[N],#c[N],#A-1[M],#f[N],#c[N],(B-2.B-1)[LM],B-1[M],(A-2.A-1)[LM],A-1[M],(G-2.G-1)[LM],G-1[M],(#F-2.#F-1)[LM],#F-1[M],(E-2.E-1)[LM],(E-1.e)[M],(D-1.d)[LM],d[M],(C-1.c)[LM],c[M],(A-2.A-1)[LM],A-1[M],D-1[LM],d[M],D-1[LM],d[M],G-1[M],(d.g)[L],(d.g)[M],#F-1[M],(B-1.#f)[L],(B-1.#f)[L],b[M],(#g.#c1)[M],#d1[M],e1[M],#f1[M],(c1.g1)[M],#g1[M],(f1.#c2)[K],#a1[L],(#g1.c2)[M],(#f1.#a1)[M],(#G-1~f~#c)[L],(#g~#c~f)[L],(#G-1~#d~c)[L],(#g~#d~#f)[L],#C-1[M],f[N],#c[N],#G-1[M],f[N],#c[N],#C-1[M],f[N],#c[N],#G-1[M],f[N],#c[N],#C-1[M],e[N],#c[N],#G-1[M],e[N],#c[N],#C-1[M],e[N],#c[N],#G-1[M],#C-1[M],(#F-1.e.#a.#c1)[LM],(#F-2.#F-1.#f.#a.#c1.e1)[M],(#F-2.#F-1.e.#a.#c1)[LM],(#F-2.#F-1.#f.#a.#c1.e1)[M],(#F-2.#F-1.#f.#a.#c1.e1)[J],(#d2.#f2.#d3.#f3)[L],#D-1[M],#d[N],#F-1[N],B-2[L],#D-1[M],#d[N],#F-1[N],B-2[L],(#g2.b2.#g3.b3)[L],#F-1[M],#f[N],#c[N],#c[M],#a[N],#f[N],#A-1[M],#f[N],#c[N],#F-1[M],#f[N],#c[N],#A-1[M],#f[N],#c[N],#c[M],#a[N],#f[N],#A-1[M],#f[N],#c[N],#F-1[M],#f[N],#c[N],B-1[M],#f[N],#d[N],#d[M],b[N],#f[N],B-1[M],#f[N],#d[N],b[M],#f[N],#d[N],#A-1[M],#f[N],#c[N],a[M],#f[N],#c[N],#G-1[M],#d[N],c[N],C-1[M],c[N],#G-1[N],#C-1[M],#c[N],#G-1[N],E-1[M],e[N],#c[N],#C-1[M],#c[N],#G-1[N],E-1[M],e[N],#c[N],G-1[M],g[N],e[N],E-1[M],e[N],B-1[N],#F-1[M],#f[N],#d[N],B-1[M],#f[N],#d[N],#F-1[M],#f[N],#c[N],#A-1[M],#f[N],#c[N],(#f.b.#d1)[MN],(#f.b.#d1)[N],(#f.#a.#d1)[M],(e.#a.#c1)[M],(#d.#f.b)[MN],(#f.b.#d1)[N],(#f.#a.#d1)[M],(e.#a.#c1)[M],(#d.#f.b)[MN],(#f.b.#d1)[N],(#f.#a.#d1)[M],(e.#a.#c1)[M],(#d.#f.b)[MN],(#f.b.#d1)[N],(#f.#a.#d1)[M],(e.#a.#c1)[M],(B-2.B-1.#d.#f.b)[K],(#D-1.B-1.#d.#f.a.b)[K],(E-1.B-1.e.g.b)[K],(G-1.e.g.b)[K],#f[M],(#a.#c1.#f1)[M],(#F-1.#a)[M],(#c1.#f1)[M],#f[M],(#a.#c1.#f1)[M],(#F-1.#a)[M],(#c1.#f1)[M],(B-1.#f)[M],(b.d1.#f1)[M],(#F-1.#f)[M],(#a.#c1.#f1)[M],(B-1.#f)[M],(b.d1.#f1)[M],(#F-1.#f)[M],(#a.#c1.#f1)[M],#d1[M],#f1[N],#d1[N],#c1[M],#f1[N],#c1[N],#d1[M],#f1[N],#d1[N],#c1[M],#f1[N],#c1[N],#d1[M],#f1[N],#d1[N],#c1[M],#f1[N],#c1[N],#d1[M],#f1[N],#d1[N],#c1[M],#f1[N],#c1[N],(B-2.#F-1.B-1.b1.#d2.#f2.#d3)[K],(B-2.#F-1.B-1.b1.#d2.#f2.#d3)[K],","UV,(#f.b.#d1.#f1)[L],(#f.b.#d1.#f1)[L],(#f.b.#d1.#f1)[L],(#f.b.#d1.#f1)[L],(b.#d1.#f1.b1)[K],(#a.#c1.e1.#f1)[L],(#c1.e1.#f1)[K],(#c1.e1.#f1)[K],(#c1.e1.#f1)[K],(#a.#c1.e1.#f1)[L],(#d1.#f1)[L],(#d1.#f1)[M],g[L],#d[L],g[LMN],#d[N],#g[L],#d[L],#g[LMN],#d[N],g[L],#d[L],g[LMN],#d[N],#g[L],#d[L],#g[K],g1[L],#d1[L],g1[L],#d1[L],#g1[L],#d1[L],#g1[L],#d1[L],g1[L],#d1[L],g1[L],#d1[L],#g1[L],#d1[L],#g1[KN],#g[N],b[N],#a[N],b[N],#c1[N],#d1[N],e1[MN],(#f.b.#d1.#f1)[L],(#f.b.#d1.#f1)[L],(#f.b.#d1.#f1)[L],(#f.b.#d1.#f1)[L],(b.#d1.#f1.b1)[K],(#a.#c1.e1.#f1)[L],(#c1.e1.#f1)[K],(#a.#c1.e1.#f1)[K],(#c1.e1.#f1)[K],(#a.#c1.e1.#f1)[L],(b.#d1.#f1)[L],(#d1.#f1)[L],(b.#d1)[L],(b.#d1)[L],(#c1.#d1)[L],(#c1.#d1)[L],(c1.#d1)[L],(#g.#d1.#f1)[L],(#g.#c1.e1)[L],(#g.#c1.e1)[L],(#g.#c1.e1)[L],(g.b.e1)[L],(b.#c1.e1)[L],(g.b.#c1)[L],(b.#d1)[L],(b.#d1)[L],(#a.#c1.e1)[L],#c1[IM],(b1.b2)[J],(c2.c3)[IJ],E-1[M],(B-1.e)[L],(B-1.e)[M],E-1[M],(B-1.#g)[M],#D-1[M],(c.#f.#g)[M],(#C-1~#c~#G-1)[L],(f~#G-1~#c)[L],(#F-1~#f~#c)[L],(#a~#c~#f)[L];(f1.#g1)[M],(f1.#g1)[M],#c2[M],(#c1.f1)[M],(f1.#g1)[M],(#d1.#f1)[M],(c1.f1)[M],#d1[L],(#g.#c1)[L],(#g.#c1)[L],(#g.#c1)[L],(#g.#c1)[L],(#g.#c1)[L],(#g.#c1)[L],(#g.#c1)[L],(e.#c1)[IL],(#f.b.#d1.#f1)[L],(#f.b.#d1.#f1)[L],(#f.b.#d1.#f1)[L],(#f.b.#d1.#f1)[L],(b.#d1.#f1.b1)[K],(#a.#c1.e1.#f1)[L],(#c1.e1.#f1)[K],(#a.#c1.e1.#f1)[K],(#c1.e1.#f1)[K],(#a.#c1.e1.#f1)[L],(b.#d1.#f1)[L],(#d1.#f1)[L],(b.#d1)[L],(b.#d1)[L],(#c1.#d1)[L],(#c1.#d1)[L],(c1.#d1)[L],(#g.#d1.#f1)[L],(#g.#c1.e1)[L],(#g.#c1.e1)[L],(#g.#c1.e1)[L],(g.b.e1)[L],(b.#c1.e1)[L],(g.b.#c1)[L],(b.#d1)[L],(b.#d1)[L],(#a.#c1.e1)[L],#c1[N],#c[N],B-1[L],(#F-2.#F-1)[L],(B-2.B-1)[L],(#F-2.#F-1)[L],(B-2.B-1)[L],(#F-2.#F-1)[L],(B-2.B-1)[L],(#F-2.#F-1)[IL],#a1[L],#c2[L],#a1[L],#f2[L],b1[M],d2[M],#c2[M],#f2[M],b1[M],d2[M],#c2[M],#f2[M],B-2[K],B-2[K],B-2[K],B-2[K];"]},{"id":5,"baseBeats":0.5,"scores":["a2[KL],b2[L],c3[L],b2[L],7<a2[M],g2[M],f2[M],e2[M]>;d2[KL],f2[L],a2[K],b2[L],a2[L];e2[KL],f2[L],e2[L],d2[L],b1[L],c2[L];a1[L],e1[L],e1[L],f1[L],e1[L],d1[L],U,e2[L];a2[KL],a2[L],a2[L],a2[L],#g2[L],a2[L];b2[KL],#g2[L],e2[KL],e2[L];c3[K],a2[K],c2[L],c2[L],d2[L],#d2[L];e2[K],U,U,U,U,U,e2[L];a2[KL],b2[L],c3[L],b2[L],7<a2[M],g2[M],f2[M],e2[M]>;d2[KL],f2[L],a2[K],b2[L],a2[L];e2[KL],f2[L],e2[L],d2[L],b1[L],c2[L];a1[KL],b2[L],c3[L],b2[L],7<a2[M],g2[M],f2[M],e2[M]>;d2[KL],f2[L],a2[K],b2[L],a2[L];e2[KL],f2[L],e2[L],d2[L],b1[L],c2[L];a1[L],e1[L],e1[L],f1[L],e1[L],d1[L],U,e2[L];a2[KL],a2[L],a2[L],a2[L],#g2[L],a2[L];b2[KL],#g2[L],e2[KL],e2[L];c3[K],a2[K],c2[L],c2[L],d2[L],#d2[L],5<a2[M],e2[M]>,5<a2[M],e2[M]>,5<a2[M],e2[M]>,5<a2[M],e2[M]>,5<a2[M],e2[M]>;","(A-1.a)[L],(c1.e1.a1)[L],(c1.e1.a1)[L],(c1.e1.a1)[L],(C-1.c)[L],(c1.e1.a1)[L],(c1.e1.a1)[L],(c1.e1.a1)[L];(D-1.d)[L],(d1.f1.a1)[L],(d1.f1.a1)[L],(d1.f1.a1)[L],(F-1.f)[L],(b.d1.a1)[L],(b.d1.a1)[L],(b.d1.a1)[L];(E-1.e)[L],(c1.e1.a1)[L],(c1.e1.a1)[L],(c1.e1.a1)[L],(E-1.e)[L],(b.d1.e1.#g1)[L],(b.d1.e1.#g1)[L],(b.d1.e1.#g1)[L];(A-1.a)[L],c1[L],c1[L],f[L],e[L],d[L],(c.c1)[L],(B-1.b)[L];(A-1.a)[L],(c1.e1.a1)[L],(c1.e1.a1)[L],(c1.e1.a1)[L],(A-1.a)[L],(c1.e1.a1)[L],(c1.e1.a1)[L],(c1.e1.a1)[L];(#G-1.#g)[L],(d1.e1.b1)[L],(d1.e1.b1)[L],(d1.e1.b1)[L],(E-1.e)[L],(d1.e1.#g1.b1)[L],(d1.e1.#g1.b1)[L],(d1.e1.#g1.b1)[L];(A-1.a)[L],(c1.e1.a1)[L],(c1.e1.a1)[L],(c1.e1.a1)[L],(F-1.f)[L],(a.c1.a1)[L],(a.d1.a1)[L],(a.#d1.a1)[L];(E-1.e)[L],(b.e1.#g1)[L],(b.e1.#g1)[L],(b.e1.#g1)[L],e[L],(d.d1.e1.#g1)[L],(c.d1.e1.#g1)[L],(B-1.d1.e1.#g1)[L];(A-1.f)[L],(c1.e1.a1)[L],(c1.e1.a1)[L],(c1.e1.a1)[L],(C-1.c)[L],(c1.e1.a1)[L],(c1.e1.a1)[L],(c1.e1.a1)[L];(D-1.d)[L],(d1.f1.a1)[L],(d1.f1.a1)[L],(d1.f1.a1)[L],(F-1.f)[L],(d1.f1.a1)[L],(d1.f1.a1)[L],(d1.f1.a1)[L];(E-1.e)[L],(c1.e1.a1)[L],(c1.e1.a1)[L],(c1.e1.a1)[L],(E-1.e)[L],(d1.e1.#g1)[L],(d1.e1.#g1)[L],(d1.e1.#g1)[L];(A-1.a.a1)[L],(c1.e1.a1)[L],(c1.e1.a1)[L],(c1.e1.a1)[L],(C-1.c)[L],(c1.e1.a1)[L],(c1.e1.a1)[L],(c1.e1.a1)[L];(D-1.d)[L],(d1.f1.a1)[L],(d1.f1.a1)[L],(d1.f1.a1)[L],(F-1.f)[L],(b.d1.a1)[L],(b.d1.a1)[L],(b.d1.a1)[L];(E-1.e)[L],(c1.e1.a1)[L],(c1.e1.a1)[L],(c1.e1.a1)[L],(E-1.e)[L],(b.d1.e1.#g1)[L],(b.d1.e1.#g1)[L],(b.d1.e1.#g1)[L];(A-1.a)[L],c1[L],c1[L],f[L],e[L],d[L],(c.c1)[L],(B-1.b)[L];(A-1.a)[L],(c1.e1.a1)[L],(c1.e1.a1)[L],(c1.e1.a1)[L],(A-1.a)[L],(c1.e1.a1)[L],(c1.e1.a1)[L],(c1.e1.a1)[L];(#G-1.#g)[L],(d1.e1.b1)[L],(d1.e1.b1)[L],(d1.e1.b1)[L],(E-1.e)[L],(d1.e1.#g1.b1)[L],(d1.e1.#g1.b1)[L],(d1.e1.#g1.b1)[L];(A-1.a)[L],(c1.e1.a1)[L],(c1.e1.a1)[L],(c1.e1.a1)[L],(F-1.f)[L],(a.c1.a1)[L],(a.d1.a1)[L],(a.#d1.a1)[L],"]},{"id":6,"baseBeats":1,"scores":["#d2[KL],7<a2[M],#a2[M],c3[M],#a2[M],a2[M],#a2[M]>,#d3[K],(c2.#g2)[K],(#a1.g2)[K];(#g1.f2)[KL],7<a2[M],#a2[M],c3[M],#a2[M],a2[M],#a2[M]>,f3[K],(#a1.g2)[K],(#g1.d2)[K];(g1.#d2)[KL],7<a2[M],#a2[M],c3[M],#a2[M],a2[M],#a2[M]>,#d3[K],(c2.#g2)[K],(#a1.g2)[K];(#g1.f2)[KL],7<a2[M],#a2[M],c3[M],#a2[M],a2[M],#a2[M]>,f3[K],(#a1.g2)[K],(#g1.d2)[K];(g1.#d2)[KL],7<a2[M],#a2[M],c3[M],#a2[M],a2[M],#a2[M]>,#d3[K],T,(#a1.g2)[K];(g1.#d2)[KL],7<a2[M],#a2[M],c3[M],#a2[M],a2[M],#a2[M]>,#d3[K],T,(#a1.g2)[K];(g1.#d2)[K],7<c3[M],#a2[M],c3[M],#a2[M],c3[M],#a2[M],a2[M],#a2[M]>,#d3[K],7<c3[M],#a2[M],c3[M],#a2[M],c3[M],#a2[M],a2[M],#a2[M]>;#d3[K],3<#a1[M],c2[M],d2[M],#d2[M],f2[M],g2[M],#g2[M],#a2[M],c3[M],d3[M],#d3[M],f3[M],g3[M],#g3[M],a3[M],#a3[M],c4[M],#a3[M],a3[M],#a3[M]>;#d4[JK],(#a1.d2.#a2)[JK];(g.#a.#d1)[IK];","#d[K],#a[K],#d1[K],g1[K],#d1[K],#a[K];(#A-1.#a)[K],#a[K],d1[K],#g1[K],d1[K],#a[K];(#D-1.#d)[K],#a[K],#d1[K],g1[K],#d1[K],#a[K];(#A-1.#a)[K],#a[K],d1[K],#g1[K],d1[K],#a[K];(#D-1.#d)[K],#a[K],#d1[K],g1[K],#d1[K],#a[K];#d[K],#a[K],#d1[K],g1[K],#d1[K],#a[K];#d[J],(#a1.g2)[K],(g1.#d2)[J],(#a1.g2)[K];(g1.#d2)[JK],(#a.f1.#g1)[JK];(#d1.g1)[JK],(#a.f1.#g1)[JK];(#D-1.#d)[IK],"]}]}