{"baseBpm":90,"musics":[{"bpm":90,"baseBeats":0.5,"scores":["mute[L],mute[L],mute[L],mute[L],mute[L],mute[L],mute[L],mute[L],mute[L],mute[L],mute[L],mute[L],mute[L],mute[L],mute[L],mute[L],mute[K],mute[L],mute[L],mute[L],mute[L],mute[K],mute[K],mute[L],mute[L],mute[K],mute[L],mute[L],mute[K],mute[L],mute[L],mute[L],mute[L],mute[K],mute[K],mute[L],mute[L],mute[L],mute[L],mute[K],mute[K],mute[L],mute[L],mute[L],mute[L],mute[K],mute[K],mute[L],mute[L],mute[K],mute[L],mute[L],mute[K],mute[L],mute[L],mute[L],mute[L],mute[K],mute[K],mute[K],mute[KL],mute[K],mute[L],mute[L],mute[L],mute[L],mute[K];","#c1[L],#g1[L],#f1[L],e1[L],#f1[L],e1[L],#f1[L],#g1[L],b1[L],#g1[L],#f1[L],e1[L],#f1[L],e1[L],#f1[L],#g1[L],(#c1.#c)[K],(#c1.e)[L],#d1[L],(#c.e1)[L],#d1[L],(#c1.e)[K],(#f1.#f)[K],(#f1.a)[L],#g1[L],(#f.a1)[K],(a.#g1)[L],#f1[L],(e1.e)[K],(e1.#g)[L],#d1[L],(e1.e)[L],#d1[L],(#g.#c1)[K],(#g.#g1)[K],(#g1.b)[L],b1[L],(#g1.#g)[L],#f1[L],(#g1.b)[K],(#c1.#c)[K],(e.#c1)[L],#d1[L],(e1.#c)[L],#d1[L],(e.#c1)[K],(#f1.#f)[K],(#f1.a)[L],#g1[L],(a1.#f)[K],(a.#g1)[L],#f1[L],(e1.e)[K],(e1.#g)[L],#d1[L],(e1.e)[L],#d1[L],(#c1.#g)[K],(B-1.#d.#d1)[K],(b.B-1)[K],(#c1.e.#c)[KL],(#c.#c3)[K],(#g.e.#c3.#g2.#c2.e2)[L],#d3[L],(e3.#c)[L],#d3[L],(#c3.#c2.e2.e.#g.#g2)[K];"],"id":1,"instruments":["piano","piano"],"alternatives":["",""]},{"bpm":90,"baseBeats":0.5,"scores":["mute[K],mute[L],mute[L],mute[K],mute[L],mute[L],mute[K],mute[L],mute[L],mute[L],mute[L],mute[K],mute[K],mute[L],mute[L],mute[L],mute[L],mute[K],mute[K],mute[L],mute[L],mute[L],mute[L],mute[K],mute[K],mute[L],mute[L],mute[K],mute[L],mute[L],mute[K],mute[L],mute[L],mute[L],mute[L],mute[K],mute[K],mute[K],mute[JL],mute[L],mute[L],mute[L],mute[L],mute[L],mute[L],mute[L],mute[L],mute[L],mute[L],mute[L],mute[L],mute[L],mute[L],mute[L],mute[L],mute[K],mute[L],mute[L],mute[L],mute[L],mute[K],mute[K],mute[L],mute[L],mute[K],mute[L],mute[L],mute[K];","(#c.#f3)[K],(a.a2.#f3.#c2.#f.#f2)[L],#g3[L],(#c.a3)[K],(#c2.a2.#g3.#f2.a.#f)[L],#f3[L],(e3.#c)[K],(e2.e.#c2.#g.#g2.e3)[L],#d3[L],(e3.#c)[L],#d3[L],(#c2.e2.#c3.e.#g.#g2)[K],(#g3.#d)[K],(#g2.#g.B-1.#g3.#d2.b1)[L],b3[L],(#g3.#d)[L],#f3[L],(#g3.#d2.b1.B-1.#g.#g2)[K],(#c.#c3)[K],(#c2.#g2.e2.#g.#c3.e)[L],#d3[L],(e3.#c)[L],#d3[L],(#g2.#c3.#c2.e2.#g.e)[K],(#f3.#c)[K],(#f.a2.#c2.#f2.#f3.a)[L],#g3[L],(#c.a3)[K],(a2.a.#c2.#f2.#f.#g3)[L],#f3[L],(#c.e3)[K],(#g.#c2.e3.#g2.e.e2)[L],#d3[L],(#c.e3)[L],#d3[L],(#c2.e2.#g2.#g.e.#c3)[K],(#d.#d3.#d1.B-1.#d2)[K],(B-1.b.b1.b2)[K],(#c3.#c2.#c.e.#c1)[JL],#c1[L],#g1[L],#f1[L],e1[L],#f1[L],e1[L],#f1[L],#g1[L],b1[L],#g1[L],#f1[L],e1[L],#f1[L],e1[L],#f1[L],#g1[L],(#c.#c1)[K],(#c1.e)[L],#d1[L],(e1.#c)[L],#d1[L],(e.#c1)[K],(#f1.#f)[K],(#f1.a)[L],#g1[L],(#f.a1)[K],(a.#g1)[L],#f1[L],(e1.e)[K];"],"id":2,"instruments":["piano","piano"],"alternatives":["",""]},{"bpm":90,"baseBeats":0.5,"scores":["mute[L],mute[L],mute[L],mute[L],mute[K],mute[K],mute[L],mute[L],mute[L],mute[L],mute[K],mute[K],mute[L],mute[L],mute[L],mute[L],mute[K],mute[K],mute[L],mute[L],mute[K],mute[L],mute[L],mute[K],mute[L],mute[L],mute[L],mute[L],mute[K],mute[K],mute[K],mute[KL],mute[K],mute[L],mute[L],mute[L],mute[L],mute[K],mute[K],mute[L],mute[L],mute[K],mute[L],mute[L],mute[K],mute[L],mute[L],mute[L],mute[L],mute[K],mute[K],mute[L],mute[L],mute[L],mute[L],mute[K],mute[K],mute[L],mute[L],mute[L],mute[L],mute[K],mute[K],mute[L],mute[L],mute[K],mute[L],mute[L],mute[K],mute[L],mute[L],mute[L],mute[L],mute[K],mute[K],mute[K],mute[JKL];","(#g.e1)[L],#d1[L],(e1.e)[L],#d1[L],(#c1.#g)[K],(#g1.#g)[K],(b.#g1)[L],b1[L],(#g1.#g)[L],#f1[L],(#g1.b)[K],(#c1.#c)[K],(e.#c1)[L],#d1[L],(#c.e1)[L],#d1[L],(e.#c1)[K],(#f.#f1)[K],(#f1.a)[L],#g1[L],(#f.a1)[K],(#g1.a)[L],#f1[L],(e.e1)[K],(#g.e1)[L],#d1[L],(e1.e)[L],#d1[L],(#g.#c1)[K],(B-1.#d1.#d)[K],(b.B-1)[K],(#c.e.#c1)[KL],(#c.#c3)[K],(e2.e.#g.#c2.#g2.#c3)[L],#d3[L],(#c.e3)[L],#d3[L],(e2.#c3.#g2.#c2.#g.e)[K],(#c.#f3)[K],(#c2.#f2.a2.#f3.#f.a)[L],#g3[L],(#c.a3)[K],(#f2.a2.#g3.#f.a.#c2)[L],#f3[L],(#c.e3)[K],(e2.#g.#c2.e.#g2.e3)[L],#d3[L],(e3.#c)[L],#d3[L],(#g.#c2.e2.#g2.e.#c3)[K],(#g3.#d)[K],(#d2.#g.B-1.#g2.#g3.b1)[L],b3[L],(#g3.#d)[L],#f3[L],(#g.b1.#g2.#g3.B-1.#d2)[K],(#c.#c3)[K],(#g.#c2.#g2.#c3.e.e2)[L],#d3[L],(#c.e3)[L],#d3[L],(e.e2.#c2.#g2.#g.#c3)[K],(#c.#f3)[K],(#f2.#f3.#f.a.#c2.a2)[L],#g3[L],(a3.#c)[K],(#f2.a2.#f.#g3.#c2.a)[L],#f3[L],(e3.#c)[K],(#c2.e.e2.#g2.#g.e3)[L],#d3[L],(e3.#c)[L],#d3[L],(e.e2.#g.#c3.#c2.#g2)[K],(#d3.B-1.#d.#d2.#d1)[K],(B-1.b.b2.b1)[K],(#c2.#c.e.#c1.#c3)[JKL];"],"id":3,"instruments":["piano","piano"],"alternatives":["",""]}],"audition":{"start":[0,0],"end":[2,76]}}