{"baseBpm":360,"musics":[{"bpm":360,"baseBeats":0.75,"scores":["#d2[JK],(g1.c1)[JM],(e1.g2.#a)[LM],(c2.f1.a)[JM],(d2.b)[LMN],(f1.#d2.c1)[HK],#d2[JK],(a1.c1)[JM],(c2.f2.a)[LM],(f1.d2.#a)[JM],(g1.c2.e)[LMN],(f1.f)[HK],(f1.f)[IJ],(#d1.#d)[JM],(f1.f)[LM],(#f1.#f)[LM],(f1.f)[LM],(#d1.#d)[LM],(#c1.#c)[LM],(c1.c)[JK],(#g1.#g)[JK],(f1.#c)[JKM],(f1.#g1.f2.#c.#c1)[HK],(#a1.#a2.#F-1.#f)[HKLM],(#d3.#d2.#f2.C-1.#G-1.c)[HHMN],#d2[LM],c2[LM],#g1[LM],#a1[LM],#g1[LM],#a1[LM],#g1[LM],#a1[LM],#g1[JK],(#g2.#d1)[LM],c1[LM],#g[LM],#a[LM],c1[LM],#c1[LM],c1[LM],#c1[LM],c1[JK],(#f1.#d2.#f2.C-1)[LM],#D-1[LM],#G-1[LM],#A-1[LM],#G-1[LM],#A-1[LM],#G-1[LM],#A-1[LM],#G-1[JK],(f1.#c2.f2.#C-1)[LM],F-1[LM],#G-1[LM],#A-1[LM],"],"id":1},{"bpm":360,"baseBeats":0.75,"scores":["#G-1[LM],#A-1[LM],#G-1[LM],#A-1[LM],#G-1[JK],#g2[KL],f[KL],(#a1.#f2.#f.#c1)[JK],(#a1.g.#d1)[JK],(c2.#d1.#g)[JK],(#f1.a)[JKN],(#c2.f1.#a)[JKN],(f2.#g.#c1)[JK],#g1[JK],(#d2.#f1.a.c1)[JKN],(#f1.#d2.#g.c1)[JKM],(f1.#c2.#c.#c1)[IJL],(#g1.f1)[IJ],(#f1.#d1)[JK],(#a2.#f1.#d1)[JK],(d1.f1)[JK],#g2[JK],(#g2.#d)[JK],#f2[JK],d[JK],(#f2.d)[JK],#c[JK],(#f2.d)[JK],(a2.#d.G-1)[JK],(g2.e)[JK],(b1.g)[JK],(#c2.A-1)[JK],g[JK],(d2.#f)[KL],#f1[KL],(a1.#f2)[KL],a[KL],#g[KL],a[KL],(g1.e2.b)[KL],#c1[KL],(g1.e2.#c1.d)[JKN],(#f1.d2.d1)[JKN],(f1.d2.d1)[JKM],#d2[JKN],(#d1.c1)[JM],(e1.g2.#a)[LM],(f1.c2.a)[JM],(d2.b)[LM],(#d2.c1)[JM],"],"id":2},{"bpm":360,"baseBeats":0.75,"scores":["g[LM],c[JMN],d[LMN],#d[JKM],#d2[JK],(#f1.c1)[JM],(f1.f2.a)[LM],(d2.f1.#a)[JM],(g1.c2.e)[LM],(f1.f)[JM],f[LM],d[JL],c[LMN],F-1[JKM],#A-1[IJL],A-1[JL],#A-1[LM],(#d1.c)[LMN],#A-1[LM],A-1[LMN],G-1[LM],F-1[JL],g[LM],(d1.f)[JL],(#d1.#d)[LMN],(f1.d)[LM],#d1[LM],d1[LM],c1[LMN],b[JM],#g[LM],(#d1.g)[JMN],(f1.f)[LM],(g1.#d)[LM],f1[LMN],#d1[LM],d1[LM],c1[JKM],(#d2.c.c1)[IJL],(#d2.a2.c3.#d3.F-1.c)[HHL],f2[IKM],#a2[LM],(d2.#a1)[JM],#f2[LMN],g2[JM],#d1[LM],c1[JL],d1[LMN],#d1[JKM],#d2[IKL],g2[LM],(a1.c2.f)[JMN],f2[LM],(d2.#a1)[JMN],#a[LM],d[JMN],(g1.g)[LMN],(c1.c)[JLM],(f1.f)[LMN],(#a.#A-1)[JKLN],(a1.#d2.F-1.f)[HJLM],(#a1.d2.#A-2.#A-1)[HHJLMN],"],"id":3}],"audition":{"start":[0,0],"end":[1,0]}}