{"baseBpm":225,"musics":[{"id":1,"baseBeats":0.5,"scores":["mute[L],mute[L],mute[L],mute[L],mute[L],mute[L],mute[L],mute[L],mute[L],mute[L],mute[L],mute[L],mute[L],mute[L],mute[L],mute[L],mute[L],mute[L],mute[L],mute[L],mute[L],mute[L],mute[L],mute[L],mute[L],mute[L],mute[L],mute[L],mute[L],mute[L],mute[L],mute[L],mute[L],mute[L],mute[L],mute[L],mute[L],mute[L],mute[L],mute[L],mute[L],mute[L],mute[L],mute[L],mute[L],mute[L],mute[L],mute[L],mute[L],mute[L],mute[L],mute[L],mute[L],mute[L],mute[L],mute[L],mute[L],mute[L],mute[L],mute[L],mute[L],mute[L],mute[L],mute[L],mute[L],mute[L],mute[L],mute[L],mute[L],mute[L],mute[L],mute[L],mute[L],mute[L],mute[L],mute[L],mute[L],mute[L],mute[L],mute[L],mute[L],mute[L],mute[L],mute[L],mute[L],mute[L],mute[L],mute[L],mute[L],mute[L],mute[L],mute[L],mute[L],mute[L],mute[L],mute[L],mute[L],mute[L],mute[L],mute[L],mute[L],mute[L],mute[L],mute[L],mute[L],mute[L],mute[L],mute[L],mute[L],mute[L],mute[L],mute[L],mute[L],mute[L],mute[L],mute[L],mute[L],mute[L],mute[L],mute[L],mute[L],mute[L],mute[L],mute[L],mute[L],mute[L],mute[L],mute[L],mute[L],mute[L],mute[L],mute[L],mute[L],mute[L],mute[L],mute[L],mute[L],mute[L],mute[L],mute[L],mute[L],mute[L],mute[L],mute[L],mute[L],mute[L],mute[L],mute[L],mute[L],mute[L],mute[L],mute[L],mute[JK],mute[JK],mute[IJ],mute[JK],mute[JK],mute[IJ],mute[JK],mute[JK],mute[IJ],mute[JK],mute[JK],mute[IJ];","d2[MN],a2[MN],d2[MN],g2[MN],f2[MN],e2[MN],d2[MN],a2[MN],d2[MN],g2[MN],e2[MN],d2[MN],c2[MN],g2[MN],c3[MN],a2[MN],d2[MN],e2[MN],f2[MN],d2[MN],a2[MN],g2[MN],f2[MN],g2[MN],a2[MN],d2[MN],g2[MN],d2[MN],f2[MN],d2[MN],e2[MN],d2[MN],d2[MN],a2[MN],d2[MN],g2[MN],f2[MN],e2[MN],d2[MN],a2[MN],d2[MN],g2[MN],e2[MN],d2[MN],c2[MN],g2[MN],c3[MN],a2[MN],d2[MN],e2[MN],f2[MN],d2[MN],a2[MN],g2[MN],f2[MN],g2[MN],a2[MN],d2[MN],g2[MN],d2[MN],f2[MN],d2[MN],e2[MN],d2[MN],(d.a.d2)[MN],a2[MN],d2[MN],g2[MN],f2[MN],e2[MN],d2[MN],a2[MN],d2[MN],g2[MN],e2[MN],d2[MN],c2[MN],g2[MN],c3[MN],a2[MN],(c.g.d2)[MN],e2[MN],f2[MN],d2[MN],a2[MN],g2[MN],f2[MN],g2[MN],a2[MN],d2[MN],g2[MN],d2[MN],f2[MN],d2[MN],e2[MN],d2[MN],(#A-1.f.d2)[MN],a2[MN],d2[MN],g2[MN],f2[MN],e2[MN],d2[MN],a2[MN],d2[MN],g2[MN],e2[MN],d2[MN],c2[MN],g2[MN],c3[MN],a2[MN],(c.g.d2)[MN],e2[MN],f2[MN],d2[MN],a2[MN],g2[MN],f2[MN],g2[MN],a2[MN],d2[MN],g2[MN],d2[MN],f2[MN],d2[MN],e2[MN],d2[MN],(d.f.d2)[MN],a2[MN],d2[MN],g2[MN],f2[MN],e2[MN],d2[MN],a2[MN],d2[MN],g2[MN],e2[MN],d2[MN],c2[MN],g2[MN],c3[MN],a2[MN],(c.g.d2)[MN],e2[MN],f2[MN],d2[MN],a2[MN],g2[MN],f2[MN],g2[MN],a2[MN],d2[MN],g2[MN],d2[MN],f2[MN],d2[MN],e2[MN],d2[MN],(f.c1.d2)[MN],a2[MN],d2[MN],g2[MN],f2[MNO],e2[MNO],d2[MNO],a2[MNO],d2[MNO],g2[MNO],e2[MNO],d2[MNO],c2[L],g2[L],c3[L],a2[L],d2[L],e2[L],f2[LO],d2[LO],a2[LO],g2[LO],f2[LO],g2[LO],a2[LO],d2[LO],g2[LO],d2[LO],f2[LO],d2[LO],e2[LN],d2[LN],(#A-1.f.d2)[JK],(c.g.e2)[JK],(d.a.f2)[IJ],(c.g.e2)[JK],g2[JK],(#A-1.f.f2)[IJ],(c.g.e2)[JK],g2[JK],(d.f.f2)[IJ],(c.g.e2)[JK],g2[JK],(f.c1.c2)[IJ];"]},{"id":2,"baseBeats":0.5,"scores":["mute[LM],mute[LM],mute[LM],mute[LM],mute[LM],mute[LM],mute[LM],mute[LM],mute[LM],mute[LM],mute[LM],mute[LM],mute[LM],mute[LM],mute[LM],mute[LM],mute[LM],mute[LM],mute[LM],mute[LM],mute[LM],mute[LM],mute[LM],mute[LM],mute[LM],mute[LM],mute[LM],mute[LM],mute[LM],mute[LM],mute[LM],mute[LM],mute[LM],mute[LM],mute[LM],mute[LM],mute[LM],mute[LM],mute[LM],mute[LM],mute[LM],mute[LM],mute[LM],mute[LM],mute[LM],mute[LM],mute[LM],mute[LM],mute[LM],mute[LM],mute[LM],mute[LM],mute[LM],mute[LM],mute[LM],mute[LM],mute[LM],mute[LM],mute[LM],mute[LM],mute[LM],mute[LM],mute[LM],mute[LM],mute[LM],mute[LM],mute[LM],mute[LM],mute[LM],mute[LM],mute[LM],mute[L],mute[L],mute[L],mute[L],mute[L],mute[L],mute[L],mute[L],mute[L],mute[L],mute[L],mute[L],mute[L],mute[L],mute[L],mute[L],mute[L],mute[L],mute[L],mute[L],mute[L],mute[L],mute[L],mute[L],mute[L],mute[L],mute[L],mute[L],mute[L],mute[L],mute[L],mute[L],mute[L],mute[L],mute[L],mute[L],mute[L],mute[L],mute[L],mute[L],mute[L],mute[L],mute[L],mute[L],mute[L],mute[L],mute[L],mute[L],mute[L],mute[L],mute[L],mute[L],mute[L],mute[L],mute[L],mute[L],mute[L],mute[L],mute[L],mute[L],mute[L],mute[L],mute[L],mute[L],mute[L],mute[L],mute[L],mute[L],mute[L],mute[L],mute[L],mute[L],mute[L],mute[L],mute[L],mute[L],mute[L],mute[L],mute[L],mute[L],mute[L],mute[L],mute[L],mute[L],mute[L],mute[L],mute[L],mute[L],mute[L],mute[L],mute[L],mute[L],mute[L],mute[L],mute[L],mute[L],mute[L],mute[L],mute[L],mute[L],mute[L],mute[L],mute[L],mute[L],mute[L],mute[L],mute[L],mute[L],mute[L],mute[L],mute[L],mute[L],mute[L],mute[L],mute[L],mute[L],mute[L],mute[L],mute[L],mute[L],mute[L],mute[L],mute[L],mute[L],mute[L],mute[L],mute[L],mute[L],mute[L],mute[L],mute[L],mute[L],mute[L],mute[L],mute[L],mute[L],mute[L],mute[L],mute[L],mute[KN];","(#A-1.#a1.d2)[LM],d[LM],f[LM],#a[LM],(c.c2.e2)[LM],e[LM],g[LM],c1[LM],(d.d2.f2)[LM],a[LM],d[LM],a[LM],d[LM],a[LM],d[LM],a[LM],(c.c2.e2)[LM],g[LM],c[LM],g[LM],(c.e2.g2)[LM],g[LM],c[LM],g[LM],(#A-1.d2.f2)[LM],f[LM],#A-1[LM],f[LM],#A-1[LM],f[LM],#A-1[LM],f[LM],(c.c2.e2)[LM],g[LM],c[LM],g[LM],(c.e2.g2)[LM],g[LM],c[LM],g[LM],(#A-1.d2.f2)[LM],f[LM],#A-1[LM],f[LM],#A-1[LM],f[LM],#A-1[LM],f[LM],(c.c2.e2)[LM],g[LM],c[LM],g[LM],(c.e2.g2)[LM],g[LM],c[LM],g[LM],(f.g1.c2)[LM],c1[LM],f[LM],c1[LM],f[LM],c1[LM],f[LM],c1[LM],(#A-1.f2.a2)[LM],f[LM],#A-1[LM],f[LM],(c.e2.g2)[LM],g[LM],c1[LM],g[LM],#d2[MN],#a2[MN],#d2[MN],#g2[MN],#f2[MN],f2[MN],#d2[MN],#a2[MN],#d2[MN],#g2[MN],#f2[MN],f2[MN],#c2[MN],#g2[MN],#f2[MN],#c3[MN],#a2[MN],#d2[MN],f2[MN],#f2[MN],#d2[MN],#a2[MN],#g2[MN],#f2[MN],#g2[MN],#a2[MN],#d2[MN],#g2[MN],#d2[MN],#f2[MN],#d2[MN],f2[MN],#d2[MN],#a2[MN],#d2[MN],#g2[MN],#f2[MN],f2[MN],#d2[MN],#a2[MN],#d2[MN],#g2[MN],#f2[MN],f2[MN],#c2[MN],#g2[MN],#f2[MN],#c3[MN],#a2[MN],#d2[MN],f2[MN],#f2[MN],#d2[MN],#a2[MN],#g2[MN],#f2[MN],#g2[MN],#a2[MN],#d2[MN],#g2[MN],#d2[MN],#f2[MN],#d2[MN],f2[MN],(#d.#a.#d2)[MN],#a2[MN],#d2[MN],#g2[MN],#f2[MN],f2[MN],#d2[MN],#a2[MN],#d2[MN],#g2[MN],#f2[MN],f2[MN],#c2[MN],#g2[MN],#f2[MN],#c3[MN],#a2[MN],#d2[MN],f2[MN],#f2[MN],#d2[MN],#a2[MN],#g2[MN],#f2[MN],#g2[MN],#a2[MN],#d2[MN],#g2[MN],#d2[MN],#f2[MN],#d2[MN],f2[MN],(b.#d1.#d2)[MN],#a2[MN],#d2[MN],#g2[MN],#f2[MN],f2[MN],#d2[MN],#a2[MN],#d2[MN],#g2[MN],#f2[MN],f2[MN],#c2[MN],#g2[MN],#f2[MN],#c3[MN],#a2[MN],#d2[MN],f2[MN],#f2[MN],#d2[MN],#a2[MN],#g2[MN],#f2[MN],#g2[MN],#a2[MN],#d2[MN],#g2[MN],#d2[MN],#f2[MN],#d2[MN],f2[MN],(#c1.f1.#d2)[MN],#a2[MN],#d2[MN],#g2[MN],#f2[MN],f2[MN],#d2[MN],#a2[MN],#d2[MN],#g2[MN],#f2[MN],f2[MN],#c2[MN],#g2[MN],#f2[MN],#c3[MN],#a2[MN],#d2[MN],f2[MN],#f2[MN],#d2[MN],#a2[MN],#g2[MN],#f2[MN],#g2[MN],#a2[MN],#d2[MN],#g2[MN],#d2[MN],#f2[MN],#d2[MN],f2[MN],(#d.#a.#d2)[MN],#a2[MN],#d2[MN],#g2[MN],#f2[MN],f2[MN],#d2[MN],#a2[MN],#d2[MN],#g2[MN],#f2[MN],f2[MN],#c2[MN],#g2[MN],#f2[MN],#c3[MN],#d2[MN],f2[MN],#f2[MN],#d2[MN],#g2[MN],#f2[MNO],f2[MNO],#d2[KN];"]},{"id":3,"baseBeats":0.5,"scores":["mute[LM],mute[LM],mute[LM],mute[LM],mute[LM],mute[LM],mute[LM],mute[LM],mute[LM],mute[LM],mute[LM],mute[LM],mute[LM],mute[LM],mute[LM],mute[LM],mute[LM],mute[LM],mute[LM],mute[LM],mute[LM],mute[LM],mute[LM],mute[LM],mute[LM],mute[LM],mute[LM],mute[LM],mute[LM],mute[LM],mute[LM],mute[LM],mute[LM],mute[LM],mute[LM],mute[LM],mute[LM],mute[LM],mute[LM],mute[LM],mute[LM],mute[LM],mute[LM],mute[LM],mute[LM],mute[LM],mute[LM],mute[LM],mute[LM],mute[LM],mute[LM],mute[LM],mute[LM],mute[LM],mute[LM],mute[LM],mute[LM],mute[LM],mute[LM],mute[LM],mute[LM],mute[LM],mute[LM],mute[LM],mute[LM],mute[LM],mute[LM],mute[LM],mute[LM],mute[LM],mute[LM],mute[LM],mute[LM],mute[LM],mute[LM],mute[LM],mute[LM],mute[LM],mute[LM],mute[LM],mute[LM],mute[LM],mute[LM],mute[LM],mute[LM],mute[LM],mute[LM],mute[LM],mute[LM],mute[LM],mute[LM],mute[LM],mute[LM],mute[LM],mute[LM],mute[LM],mute[LM],mute[LM],mute[LM],mute[LM],mute[LM],mute[LM],mute[LM],mute[LM],mute[LM],mute[LM],mute[LM],mute[LM],mute[LM],mute[LM],mute[LM],mute[LM],mute[LM],mute[LM],mute[LM],mute[LM],mute[LM],mute[LM],mute[LM],mute[LM],mute[LM],mute[LM],mute[LM],mute[LM],mute[LM],mute[LM],mute[LM],mute[LM],mute[LM],mute[LM],mute[LM],mute[L],mute[L],mute[L],mute[L],mute[L],mute[L],mute[L],mute[L],mute[L],mute[L],mute[L],mute[L],mute[L],mute[L],mute[L],mute[L],mute[L],mute[L],mute[L],mute[L],mute[L],mute[L],mute[L],mute[L],mute[L],mute[L],mute[L],mute[L],mute[L],mute[L],mute[L],mute[L],mute[L],mute[L],mute[L],mute[L],mute[L],mute[L],mute[L],mute[L],mute[L],mute[L],mute[L],mute[L],mute[L],mute[L],mute[L],mute[L];","#a1[LM],#d2[LM],f2[LM],(#d.#A-1.#f2)[LM],(#a.f2)[LM],(#d.#d2)[LM],(#a.#g2)[LM],(#d.#f2)[LM],(#a.f2)[LM],(#d.#d2)[LM],(#a.#c2)[LM],(#c.#G-1.#d2)[LM],(#g.#a1)[LM],(#c.f2)[LM],(#g.#f2)[LM],#c[LM],(#g.#a1)[LM],(#c.#d2)[LM],(#g.f2)[LM],(B-1.#F-1.#f2)[LM],(#f.f2)[LM],(B-1.#d2)[LM],(#f.#g2)[LM],(B-1.#f2)[LM],(#f.f2)[LM],(B-1.#d2)[LM],(#f.#a1)[LM],(#c.#G-1.f2)[LM],(#g.#f2)[LM],(#c.#g2)[LM],(#g.#a2)[LM],#c[LM],(#g.#a1)[LM],(#c.#d2)[LM],(#g.f2)[LM],(#d.#A-1.#f2)[LM],(#f.f2)[LM],(#d.#d2)[LM],(#f.#a1)[LM],(#d.#g2)[LM],(#f.#f2)[LM],(#d.f2)[LM],(#f.#f2)[LM],(#c.#G-1.#f2)[LM],(#g.f2)[LM],(#c.#g2)[LM],(#g.#a2)[LM],#c[LM],(#g.#a2)[LM],(#c.#g2)[LM],(#g.#f2)[LM],(#f.#c.#f2)[LM],(#c1.f2)[LM],(#f.#d2)[LM],(#c1.#a1)[LM],(#f.#g2)[LM],(#c1.#f2)[LM],(#f.f2)[LM],(#c1.#d2)[LM],(B-1.#F-1.#d2)[LM],(#f.#a1)[LM],(B-1.f2)[LM],(#f.#f2)[LM],(#c.#G-1)[LM],(#g.#a1)[LM],(#c.#d2)[LM],(#g.f2)[LM],(#d.#A-1.#f2)[LM],(#a.f2)[LM],(#d.#d2)[LM],(#a.#g2)[LM],(#d.#f2)[LM],(#a.f2)[LM],(#d.#d2)[LM],(#a.#c2)[LM],(#c.#G-1.#d2)[LM],(#g.#a1)[LM],(#c.f2)[LM],(#g.#f2)[LM],#c[LM],(#g.#a1)[LM],(#c.#d2)[LM],(#g.f2)[LM],(B-1.#F-1.#f2)[LM],(#f.f2)[LM],(B-1.#d2)[LM],(#f.#g2)[LM],(B-1.#f2)[LM],(#f.f2)[LM],(B-1.#d2)[LM],(#f.#a1)[LM],(#c.#G-1.f2)[LM],(#g.#f2)[LM],(#c.#g2)[LM],(#g.#a2)[LM],#c[LM],(#g.#a1)[LM],(#c.#d2)[LM],(#g.f2)[LM],(#d.#A-1.#f2)[LM],(#f.f2)[LM],(#d.#d2)[LM],(#f.#a1)[LM],(#d.#g2)[LM],(#f.#f2)[LM],(#d.f2)[LM],(#f.#f2)[LM],(#c.#G-1.#f2)[LM],(#g.f2)[LM],(#c.#g2)[LM],(#g.#a2)[LM],#c[LM],(#g.#a2)[LM],(#c.#g2)[LM],(#g.#f2)[LM],(#f.#c.#f2)[LM],(#c1.f2)[LM],(#f.#d2)[LM],(#c1.#a1)[LM],(#f.#g2)[LM],(#c1.#f2)[LM],(#f.f2)[LM],(#c1.#d2)[LM],(B-1.#F-1.#d2)[LM],(#f.#a1)[LM],(B-1.f2)[LM],(#f.#f2)[LM],(#c.#G-1)[LM],(#g.#a1)[LM],(#c.#d2)[LM],(#g.f2)[LM],d2[MN],a2[MN],d2[MN],g2[MN],f2[MN],e2[MN],d2[MN],a2[MN],d2[MN],g2[MN],e2[MN],d2[MN],c2[MN],g2[MN],c3[MN],a2[MN],d2[MN],e2[MN],f2[MN],d2[MN],a2[MN],g2[MN],f2[MN],g2[MN],a2[MN],d2[MN],g2[MN],d2[MN],f2[MN],d2[MN],e2[MN],d2[MN],d2[MN],a2[MN],d2[MN],g2[MN],f2[MN],e2[MN],d2[MN],a2[MN],d2[MN],g2[MN],e2[MN],d2[MN],c2[MN],g2[MN],c3[MN],a2[MN],d2[MN],e2[MN],f2[MN],d2[MN],a2[MN],g2[MN],f2[MN],g2[MN],a2[MN],d2[MN],g2[MN],d2[MN],f2[MN],d2[MN],e2[MN],d2[MN];"]}]}