{"baseBpm":140,"musics":[{"bpm":140,"id":1,"measureBeats":6,"baseBeats":0.5,"scores":["e3[JK];b2[JK];a2[KL],b2[L],c3[K];g3[JK];e3[JK];b2[JK];a2[KL],b2[L],c3[K];b3[JK];e3[JK];c3[K],g3[K],a3[K];a2[KL],b2[L],c3[K];a3[K],g3[K],f3[K];e3[KL],f3[L],e3[K];d3[J],c3[K];c3[JK];ST;(c2.e2)[J],d2[K];e2[KL],f2[L],g2[K];(a2.c3)[JK];T,(g2.b2)[K],(a2.c3)[K];(g2.b2)[J],a2[K];g2[J],f2[K];e2[KL],f2[L],e2[K];(b1.d2)[J],(e2.c3)[K];(a1.c2)[J],b1[K];c2[KL],d2[L],e2[K];b2[J],a2[K];(c2.e2)[J],c2[K];c2[JK];T,e2[K],c2[K];(g1.e2)[KL],f2[L],e2[K];(f1.d2)[JK];","c2[K],(c2.e2.g2)[K],(c2.e2.g2)[K],c2[K],(c2.e2.g2)[K],(c2.e2.g2)[K],c2[K],(f2.g2)[K],(f2.g2)[K],c2[K],(f2.g2)[K],(f2.g2)[K],c2[K],(c2.e2.g2)[K],(c2.e2.g2)[K],c2[K],(c2.e2.g2)[K],(c2.e2.g2)[K],c2[K],(f2.g2)[K],(f2.g2)[K],c2[K],(f2.g2)[K],(f2.g2)[K],c2[K],(c2.e2.g2)[K],(c2.e2.g2)[K],c2[K],(c2.e2.g2)[K],(c2.e2.g2)[K],c2[K],(f2.g2)[K],(f2.g2)[K],(f2.a2)[K],(e2.g2)[K],(d2.f2)[K],(c2.f2)[JK],(d2.g2)[I],g2[K],f2[K],e2[JK],c[K],(c1.e1.g1)[K],(c1.e1.g1)[K],B-1[K],(b.e1.g1)[K],(b.e1.g1)[K],A-1[K],(a.c1.e1)[K],(a.c1.e1)[K],G-1[K],(g.b.d1)[K],(g.b.d1)[K],F-1[K],(c.f.a)[K],(c.f.a)[K],E-1[K],(e.g)[K],(e.g)[K],D-1[K],(d.g)[K],D-1[K],G-1[J],#G-1[K],A-1[K],(e.g)[K],(e.g)[K],#G-1[K],(f.g)[K],(f.g)[K],G-1[K],(d.g)[K],G-1[K],#F-1[JK],F-1[JK],#F-1[K],#f[K],#F-1[K],G-1[JK],G-1[K],g[K],d[K],"]},{"bpm":140,"id":2,"measureBeats":6,"baseBeats":0.5,"scores":["(e2.e3)[J],(d2.d3)[K];(e2.e3)[KL],(f2.f3)[L],(g2.g3)[K];(c3.c4)[JK];T,(b2.b3)[K],(c3.c4)[K];(b2.b3)[J],(a2.a3)[K];(g2.g3)[J],(f2.f3)[K];(e2.e3)[KL],(f2.f3)[L],(e2.e3)[K];(d2.d3)[J],(e2.e3)[K];(c2.c3)[J],(b1.b2)[K];(c2.c3)[KL],(d2.d3)[L],(e2.e3)[K];(b2.b3)[J],(a2.a3)[K];(e2.e3)[J],c2[K];c2[JK];T,b1[K],c2[K];e2[KL],f2[L],e2[K];d2[J],e3[L],b2[L];c3[J],g2[K];e3[KL],f3[L],d3[L],c3[L];c3[JK];T,T,e3[L],d3[L];(a2.c3)[J],g2[K];e3[KL],f3[L],d3[L],c3[L];(f2@a2@c3)[K],c4[K],b3[K];g3[K],e3[K],d3[K];c3[J],g2[K];e3[KL],f3[L],d3[L],c3[L];c3[K],c4[K],d4[K];e4[K],f4[K],g4[K];(a2.c3)[J],g2[K];e3[KL],f3[L],d3[L],c3[L];c3[J],g2[K];e3[KL],d3[L],c3[L],e3[L];(b2.d3)[JK];","c[K],(c1.e1.g1)[K],(c1.e1.g1)[K];B-1[K],(b.e1.g1)[K],(b.e1.g1)[K];A-1[K],(a.c1.e1)[K],(a.c1.e1)[K];G-1[K],(g.b.d1)[K],(g.b.d1)[K];F-1[K],(c.f.a)[K],(c.f.a)[K];E-1[K],(e.g)[K],(e.g)[K];D-1[K],(d.g)[K],D-1[K];G-1[J],#G-1[K];A-1[K],(e.g)[K],(e.g)[K];#G-1[K],(f.g)[K],(f.g)[K];G-1[K],(d.g)[K],G-1[K];#F-1[JK];F-1[JK];#F-1[K],#f[K],#F-1[K];G-1[JK];G-1[K],g[K],d[K];a[K],c1[K],e1[K];g[K],c1[K],e1[K];f[K],c1[K],e1[K];f[K],c1[K],e1[K];a[K],c1[K],e1[K];g[K],c1[K],e1[K];f[K],c1[K],e1[K];f[K],c1[K],e1[K];a[K],c1[K],e1[K];g[K],c1[K],e1[K];f[K],c1[K],e1[K];f[K],c1[K],e1[K];a[K],c1[K],e1[K];g[K],c1[K],e1[K];d[K],#f[K],c1[K];#f[K],c1[K],e1[K];g[K],c1[K],d1[K];"]},{"bpm":140,"id":3,"measureBeats":6,"baseBeats":0.5,"scores":["g4[J],(c3.e3)[K];f3[KL],g3[L],a3[K];(d3.g3)[JK];T,(b1@d2@g2)[K],g2[K];g2[KL],f2[L],e2[L],f2[L];g2[J],c3[K];g2[JK];T,(b1@d2@g2)[K],g2[K];g2[KL],f2[L],e2[L],f2[L];g2[K],d2[K],b1[K];c2[JK];T,(b1@d2@g2)[K],g2[K];g2[KL],f2[L],e2[L],f2[L];g2[J],c3[K];g2[J],c2[L],d2[L];f2[K],e2[K],c2[K];g1[K],c2[KL],b1[L];c2[K],e3[L],d3[L],c3[L],d3[L];e3[J],c3[L],d3[L];f3[K],e3[K],c3[K];g2[K],c3[KL],b2[L];c3[JK];ST;","g[JK],d[K],g[K],c1[K],b[K],c1[K],d1[K],e[K],g[K],c1[K],d1[JK],f[K],g[K],c1[K],d1[JK],e[K],g[K],c1[K],d1[JK],f[K],c1[K],d1[K],(a.c1.e1)[JK],e[K],g[K],c1[K],d1[JK],f[K],g[K],c1[K],g1[JK],d[K],f[K],a[K],g[JK],a[K],e1[K],a[K],g[JK],f1[IJ],(c1.c2)[JK],"]}],"audition":{"start":[0,29],"end":[0,45]}}