{"baseBpm":228,"musics":[{"bpm":228,"baseBeats":0.75,"scores":["TU,mute[LM],mute[LM],mute[LM],mute[LM],mute[LM],mute[LM],TU,TU,TU,TU,TU,TU,TU,mute[LM],SV,TU,TU,TU,TU,mute[LM],mute[LM],mute[LM],mute[LM],mute[LM],SV,TU,TU,TU,TU,TU,TU,mute[LM],SV,TU,TU,TU,TU,mute[LM],mute[LM],mute[LM],mute[LM],mute[LM],mute[LM],TU,TU,TU,TU,TU,TU,TU,mute[LM],SV,TU,TU,TU,TU,mute[LM],mute[LM],mute[LM],mute[LM],mute[LM],mute[LM],TU,TU,TU,TU,TU,TU,TU,mute[LM],SV,TU,TU,TU,TU,mute[LM],mute[LM],mute[LM],mute[LM],mute[LM],mute[LM],TU,TU,TU,mute[LM],mute[LM],mute[LM],mute[LM],mute[LM],mute[LM],TU,mute[LM],SV,TU,TU,TU,TU,mute[LM],mute[LM],mute[LM],mute[LM],mute[LM],mute[LM],TU,TU,TU,mute[LM],mute[LM],mute[LM],mute[LM],mute[LM],mute[LM],TU,mute[LM],STUV,TU,TU,TU,mute[LM],mute[LM],mute[LM],mute[LM],mute[LM],mute[LM],TU,TU,TU,mute[LM],mute[LM],mute[LM],mute[LM],mute[LM],mute[LM],SV,mute[LM],mute[LM],mute[LM],mute[LM],mute[LM],TUW,5<UV>,TW,TU,T,TU,mute[LM],SV,TU,TU,TUV,TU,TU,QUV,TU,mute[LM],mute[LM],mute[LM],mute[LM],mute[LM],mute[LM],TU,TU,ST,TU,mute[LM],mute[LM],mute[LM],mute[LM],mute[LM],mute[LM],TU,TU,TU,TU,TU,mute[LM],mute[LM],mute[LM],mute[LM],mute[LM],mute[LM],TU,","(#g2.b)[KL],(#d1.#g2)[LM],#f2[LM],(#f1.#g2)[LM],#f2[LM],(#c3.#d1)[LM],(#g1.f1.#f2)[LM],#c3[KL],(#f1.#c3)[KL],#c2[KL],#a1[KL],b[KL],#d1[KL],#f1[KL],#d1[LM],(#g1.f1)[JM],#f1[KL],#c2[KL],#a1[KL],(#g2.#a)[KL],(#c1.#g2)[LM],#f2[LM],(#f1.#g2)[LM],#f2[LM],#c1[LM],(#g1.f1.#f2)[JM],#f1[KL],#c2[KL],#a1[KL],#a[KL],#c1[KL],#f1[KL],#c1[LM],(#g1.f1)[JM],#f1[KL],#c2[KL],(#a1.#c2)[KL],(#g2.b.#c2)[KL],(#d1.#g2)[LM],#f2[LM],(#f1.#g2)[LM],#f2[LM],(#c3.#d1)[LM],(#g1.f1.#f2)[LM],#c3[KL],(#f1.#c3)[KL],#c2[KL],#a1[KL],b[KL],#d1[KL],#f1[KL],#d1[LM],(#g1.f1)[JM],#f1[KL],#c2[KL],(#a1.#c2)[KL],(#g2.#a.#c2)[KL],(#c1.#g2)[LM],#f2[LM],(#f1.#g2)[LM],#f2[LM],(#c2.#c1)[LM],(#g1.f1.#f2)[LM],#c2[KL],(#f1.#c2)[KL],#c2[KL],#a1[KL],#a[KL],#c1[KL],#g1[KL],#f1[LM],(#c2.#a1)[JM],#f1[KL],#c2[KL],(e2.#c2)[KL],(#f2.d1.#c2.e2)[KL],(#f1.e2.#f2)[LM],#c3[LM],(a1.#f2)[LM],#c3[LM],(#c3.#f1)[LM],(#c2.a1.#c3)[LM],#c3[KL],(b2.a1.#c3)[KL],(a2.e2.#c2.b2)[KL],(e3.#c2.b2.a2)[LM],#c3[LM],(d1.a2.e3)[LM],#c3[LM],(#f1.e3)[LM],#c3[LM],a1[KL],#f1[LM],(#c2.a1)[JM],a1[KL],(e2.#c2)[KL],(#c2.e2)[KL],(#f2.#c1.e2)[KL],(e1.#f2)[LM],#c3[LM],(a1.#f2)[LM],#c3[LM],(#c3.e1)[LM],(b1.#g1.#c3)[LM],#c3[KL],(b2.a1.#c3)[KL],(a2.e2.#c2.b2)[KL],(e3.#c2.b2.a2)[LM],#c3[LM],(#c1.a2.e3)[LM],#c3[LM],(e1.e3)[LM],#c3[LM],(b1.#g1)[KL],a1[LM],(e2.#c2)[JKLM],d2[KL],(f2.d2)[KL],(g2.#d1.d2.f2)[KL],(g1.f2.g2)[LM],d3[LM],(#a1.g2)[LM],d3[LM],(d3.g1)[LM],d3[LM],(f1.d3)[KL],(c3.a1.d3)[KL],(#a2.c2.c3)[KL],(f3.a1.c3.#a2)[LM],d3[LM],(d1.#a2.f3)[LM],d3[LM],(f1.f3)[LM],d3[LM],c2[KL],a1[LM],d3[LM],g1[LM],d3[LN],c3[N],(c3.#a1)[LM],d3[LN],(#a2.c3)[N],(#a2.d2)[KMN],(c3.#a2)[N],(c3.#a1)[L],#a2[M],#a2[LN],#a2[N],(c3.#d1)[L],#a2[K],(c3.g1)[L],#a2[K],#a1[KL],g1[LM],(d2.g1.#a1)[JM],#a1[KL],(d2.#a1.g1)[KL],g2[KL],(f2.c2.a1.f1.g2)[M],f2[KM],g2[M],f2[KL],f2[HLM],(c3.#a1)[KL],(d2.c3)[LM],#a2[LM],(f2.c3)[LM],#a2[LM],f3[LM],#a2[LM],(a1.f3)[KL],(c2.f3)[KL],f2[JK],(c3.g1)[KL],(#a1.c3)[LM],#a2[LM],(d2.c3)[LM],#a2[LM],f2[LM],#a2[LM],(f1.f2)[KL],(#a1.f2)[KL],d2[KL],f2[KL],(g2.#d1.f2)[KL],(g1.f2.g2)[LM],d3[LM],(#a1.g2)[LM],d3[LM],d3[LM],d3[LM],(d1.d3)[KL],"],"id":1},{"bpm":228,"baseBeats":0.75,"scores":["(c3.f1.d3)[KL],(#a2.#a1.c3)[KL],(f3.c3.#a2)[LM],d3[LM],(c1.#a2.f3)[LM],d3[LM],(e1.f3)[LM],d3[LM],g1[JK],(c3.c2.a1.f1)[KL],c3[KL],c3[JK],(c3.#a1)[KL],(d2.c3)[LM],#a2[LM],(f2.c3)[LM],#a2[LM],f3[LM],#a2[LM],(a1.f3)[KL],(c2.f3)[KL],f2[JK],(c3.g1)[KL],(#a1.c3)[LM],#a2[LM],(d2.c3)[LM],#a2[LM],f2[LM],#a2[LM],(f1.f2)[KL],(#g1.f2)[KL],d2[KL],f2[KL],(g2.#d1.f2)[KL],(g1.f2.g2)[LM],d3[LM],(#a1.g2)[LM],d3[LM],d3[LM],d3[LM],(f1.d3)[KL],(c3.a1.d3)[KL],(#a2.c2.c3)[KL],(c3.#a2)[LM],#a2[LM],(#a1.#a2.c3)[LM],#a2[LM],(#a.c3)[LM],#a2[LM],d1[KL],f1[LM],(g1.d1.#a1)[JKLM],d3[KL],(f3.d3)[LM],g3[LM],(#d1.d3.f3)[LM],g3[LM],(g1.f3)[LM],g3[LM],#a1[KL],(#a3.g1)[LM],a3[LM],(f1.#a3)[LM],a3[LM],(g3.a1.#a3)[LM],a3[LM],(f3.c2.g3)[KL],(g3.a1.f3)[LM],d3[LM],(g1.f3.g3)[LM],d3[LM],(#a1.g3)[LM],d3[LM],d2[KL],#a1[KL],(c2.f2.a1.f1)[KL],d2[KL],(g2.#g1.f1.d1)[KL],(#a2.#a1.g2)[LM],c3[LM],(#d1.g2.#a2)[LM],c3[LM],(g1.#a2)[LM],c3[LM],#a1[KL],(#a2.g1)[LM],c3[LM],(f1.#a2)[LM],c3[LM],(#a2.a1)[LM],c3[LM],(c3.c2.#a2)[KL],(f3.a1.#a2.c3)[LM],d3[LM],(g1.c3.f3)[LM],d3[LM],(#a1.f3)[LM],d3[LM],c2[KL],#a1[KL],(f2.c2.#g1.f1)[JK],(d3.d2.#g1.f1.d1)[KL],(f3.d3)[LM],g3[LM],(#d1.d3.f3)[LM],g3[LM],(g1.f3)[LM],g3[LM],#a1[KL],(#a3.g1)[LM],a3[LM],(f1.#a3)[LM],a3[LM],(g3.a1.#a3)[LM],a3[LM],(f3.c2.g3)[KL],(g3.a1.f3)[LM],d3[LM],(g1.f3.g3)[LM],d3[LM],(#a1.g3)[LM],d3[LM],c2[KL],#a1[KL],(f2.c2.#g1.f1.d1)[JK],g2[KL],(#a2.g2)[LM],c3[LM],(#c1.g2.#a2)[LM],c3[LM],(#g1.#a2)[LM],c3[LM],#c2[KL],#g1[LM],(f2.#g1.#c2.#a1)[JM],#c2[KL],(#a1.f2.#c2.#g1)[KL],#g2[KL],(g2.#d2.c2.c1)[IKM],c3[KL],c3[LM],#a2[LM],c3[LM],(c3.#a2)[KL],(d3.#a2.c3)[LM],#a2[LM],(g1.c3.d3)[LM],#a2[LM],(#a1.d3)[LM],#a2[LM],d2[KL],#a1[KL],#f1[KL],#a1[KL],d2[KL],#a1[KL],f1[KL],#a1[KL],d2[KL],#a1[LM],c3[LM],e1[LM],c3[LM],(#a2.#a1)[LM],c3[LM],(c3.d2.#a2)[KL],(d3.#a1.#a2.c3)[LM],#a2[LM],(#d1.c3.d3)[LM],#a2[LM],(g1.d3)[LM],#a2[LM],#a1[KL],g1[LM],(d2.g1.#a1)[JM],#a1[KL],(d2.#a1.g1)[KL],g2[KL],(f2.c2.a1.f1.g2)[KL],(g2.f2)[KLM],f2[HLM],(c3.#a1)[KL],(d2.c3)[LM],#a2[LM],(f2.c3)[LM],#a2[LM],f3[LM],#a2[LM],(a1.f3)[KL],(c2.f3)[KL],f2[JK],(c3.g1)[KL],(#a1.c3)[LM],#a2[LM],(d2.c3)[LM],#a2[LM],"],"id":2},{"bpm":228,"baseBeats":0.75,"scores":["f2[LM],#a2[LM],(f1.f2)[KL],(#a1.f2)[KL],d2[KL],f2[KL],(g2.#d1.f2)[KL],(g1.f2.g2)[LM],d3[LM],(#a1.g2)[LM],d3[LM],d3[LM],d3[LM],(d1.d3)[KL],(c3.f1.d3)[KL],(#a2.#a1.c3)[KL],(f3.c3.#a2)[LM],d3[LM],(c1.#a2.f3)[LM],d3[LM],(e1.f3)[LM],d3[LM],g1[JK],(c3.c2.a1.f1)[KL],c3[KL],c3[JK],(c3.#a1)[KL],(d2.c3)[LM],#a2[LM],(f2.c3)[LM],#a2[LM],f3[LM],#a2[LM],(a1.f3)[KL],(c2.f3)[KL],f2[JK],(c3.g1)[KL],(#a1.c3)[LM],#a2[LM],(d2.c3)[LM],#a2[LM],f2[LM],#a2[LM],(f1.f2)[KL],(#g1.f2)[KL],d2[KL],f2[KL],(g2.#d1.f2)[KL],(g1.f2.g2)[LM],d3[LM],(#a1.g2)[LM],d3[LM],d3[LM],d3[LM],(f1.d3)[KL],(c3.a1.d3)[KL],(#a2.c2.c3)[KL],(c3.#a2)[LM],#a2[LM],(#a1.#a2.c3)[LM],#a2[LM],(#a.c3)[LM],#a2[LM],d1[KL],f1[LM],(g1.d1.#a1)[JKLM],d3[KL],(f3.d3)[LM],g3[LM],(#d1.d3.f3)[LM],g3[LM],(g1.f3)[LM],g3[LM],#a1[KL],(#a3.g1)[LM],a3[LM],(f1.#a3)[LM],a3[LM],(g3.a1.#a3)[LM],a3[LM],(f3.c2.g3)[KL],(g3.a1.f3)[LM],d3[LM],(g1.f3.g3)[LM],d3[LM],(#a1.g3)[LM],d3[LM],d2[KL],#a1[KL],(c2.f2.a1.f1)[KL],d2[KL],(g2.#g1.f1.d1)[KL],(#a2.#a1.g2)[LM],c3[LM],(#d1.g2.#a2)[LM],c3[LM],(g1.#a2)[LM],c3[LM],#a1[KL],(#a2.g1)[LM],c3[LM],(f1.#a2)[LM],c3[LM],(#a2.a1)[LM],c3[LM],(c3.c2.#a2)[KL],(f3.a1.#a2.c3)[LM],d3[LM],(g1.c3.f3)[LM],d3[LM],(#a1.f3)[LM],d3[LM],c2[KL],#a1[KL],(f2.c2.#g1.f1)[JK],(d3.d2.#g1.f1.d1)[KL],(f3.d3)[LM],g3[LM],(#d1.d3.f3)[LM],g3[LM],(g1.f3)[LM],g3[LM],#a1[KL],(#a3.g1)[LM],a3[LM],(f1.#a3)[LM],a3[LM],(g3.a1.#a3)[LM],a3[LM],(f3.c2.g3)[KL],(g3.a1.f3)[LM],d3[LM],(g1.f3.g3)[LM],d3[LM],(#a1.g3)[LM],d3[LM],c2[KL],#a1[KL],(f2.c2.#g1.f1.d1)[JK],g2[KL],(#a2.g2)[LM],c3[LM],(#c1.g2.#a2)[LM],c3[LM],(#g1.#a2)[LM],c3[LM],#c2[KL],#g1[LM],(f2.#g1.#c2.#a1)[JM],#c2[KL],(#a1.f2.#c2.#g1)[KL],#g2[KL],(g2.#d2.c2.c1)[IKM],c3[KL],c3[LM],#a2[LM],c3[LM],(c3.#a2)[KL],(d3.#a2.c3)[LM],#a2[LM],(g1.c3.d3)[LM],#a2[LM],(#a1.d3)[LM],#a2[LM],d2[KL],#a1[KL],#f1[KL],#a1[KL],d2[KL],#a1[KL],f1[KL],#a1[KL],d2[KL],#a1[LM],c3[LM],e1[LM],c3[LM],(#a2.#a1)[LM],c3[LM],(c3.d2.#a2)[KL],(d3.#a1.#a2.c3)[LM],#a2[LM],(#d1.c3.d3)[LM],#a2[LM],(g1.d3)[LM],#a2[LM],#a1[KL],g1[LM],(d2.g1.#a1)[JM],#a1[KL],(d2.#a1.g1)[KL],g2[KL],(f2.c2.a1.f1.g2)[KL],(g2.f2)[KLM],f2[HN],"],"id":3}],"audition":{"start":[0,0],"end":[1,0]}}