{"baseBpm":130,"musics":[{"id":1,"baseBeats":0.5,"scores":["mute[J],mute[K],mute[K],mute[K],mute[K],mute[JK],mute[K],mute[K],mute[K],mute[K],mute[K],mute[JK],mute[K],mute[K],mute[K],mute[K],mute[K],mute[J],mute[KL],mute[L],mute[K],mute[K],mute[K],mute[K],mute[J],mute[J],mute[K],mute[K],mute[K],mute[K],mute[JK],mute[K],mute[K],mute[K],mute[K],mute[K],mute[JK],mute[K],mute[K],mute[K],mute[K],mute[K],mute[J],mute[KL],mute[L],mute[K],mute[K],mute[K],mute[K],mute[J],mute[J],mute[K],mute[K],mute[K],mute[K],mute[JK],mute[K],mute[K],mute[K],mute[K],mute[K],mute[JK],mute[K],mute[K],mute[K],mute[K],mute[K],mute[K],mute[K],mute[K],mute[K],mute[K],mute[K],mute[K],mute[L],mute[L],mute[I],mute[K],mute[K],mute[K],mute[K],mute[K],mute[K],mute[K],mute[K],mute[K],mute[K],mute[K],mute[K],mute[K],mute[K],mute[K],mute[K],mute[K],mute[K],mute[K],mute[K],mute[K],mute[K],mute[K],mute[K],mute[K],mute[K],mute[K],mute[K],mute[IM],mute[K],mute[L],mute[L],mute[K],mute[K],mute[L],mute[L],mute[L],mute[L],mute[L],mute[L],mute[L],mute[L],mute[L],mute[L],mute[L],mute[L],mute[K],mute[L],mute[L],mute[K],mute[K],mute[K],mute[K],mute[L],mute[L],mute[L],mute[L],mute[K],mute[L],mute[L],mute[K],mute[K],mute[K],mute[K],mute[K],mute[K],mute[K],mute[K],mute[K],mute[K],mute[K],mute[K],mute[K],mute[L],mute[L],mute[L],mute[L],mute[L],mute[L],mute[L],mute[L],mute[L],mute[L],mute[L],mute[L],mute[L],mute[L],mute[K],mute[K],mute[K],mute[L],mute[L],mute[K],mute[K],mute[K],mute[K];","#f1[J],(#F-1.a2)[K],#c[K],#f[K],(b.#g2)[K],(#c1.#f2)[JK],e2[K],(#F-1.#c2)[K],B-1[K],#f[K],b[K],e1[JK],(#G-1.#f1)[K],(D-1.a2)[K],(#G-1.#g2)[K],(B-1.a2)[K],(d.b2)[K],(#g.#c3)[J],#c3[KL],d3[L],(E-1.#c3)[K],B-1[K],#c[K],#f[K],(b.#c1.#c3)[J],#f1[J],(#F-1.a2)[K],#c[K],#f[K],(b.#g2)[K],(#c1.#f2)[JK],e2[K],(#F-1.#f2)[K],#c[K],(#f.#c2)[K],b[K],d1[JK],(#C-1.#f1)[K],(D-1.a2)[K],(#G-1.#g2)[K],(B-1.a2)[K],(d.b2)[K],(a.#c3)[J],d3[KL],e3[L],(E-1.#c3)[K],B-1[K],d[K],#f[K],(b.#f1.#f2)[J],#c2[J],(#F-1.#c2)[K],#c[K],#f[K],(b.#f1)[K],(e1.a1)[JK],#f1[K],(B-2.#c1)[K],#F-1[K],B-1[K],e[K],#g[JK],e1[K],(E-1.#f1)[K],(B-1.e1)[K],(e.d1)[K],(a.a1)[K],(#c1.#c2)[K],#f1[K],b1[K],#c2[K],(B-2.e2)[K],#F-1[K],B-1[K],d[L],#f2[L],(#f.#c3)[I],(D-1.a2)[K],(#G-1.#g2)[K],(B-1.e3)[K],(d.a2)[K],#g[K],(#c1.#g2)[K],a[K],(e.e3)[K],(A-2.#f2)[K],(D-1.e2)[K],(#G-1.e3)[K],(#c.e2)[K],d[K],(e.d2)[K],d[K],(B-1.b2)[K],(#C-1.d2)[K],(#F-1.#c3)[K],(#c.d2)[K],(e.b2)[K],a[K],(#c1.a2)[K],(f.#g2)[K],(B-1.#f2)[K],(F-1.f2)[K],#c[K],f[K],#g[K],#c1[IM],(#F-1.#f2)[K],#c[L],f2[L],(#f.#f2)[K],b[K],#c1[L],f2[L],(b.#f2)[L],#g2[L],(#f.a2)[L],#g2[L],(#c.a2)[L],b2[L],(#C-1.#c3)[L],d3[L],(#G-1.#c3)[L],b2[L],(#c.#c3)[K],#f[L],#f3[L],(#g.#c3)[K],#f[K],#c[K],#G-1[K],(E-1.#c3)[L],d3[L],(B-1.#c3)[L],b2[L],(e.#c3)[K],a[L],#g3[L],(b.#f3)[K],(a.#c3)[K],e[K],(B-1.a2)[K],(B-2.#g2)[K],#F-1[K],B-1[K],e[K],#g[K],e[K],B-1[K],#G-1[K],(#F-1.a2)[K],#c[L],#f2[L],(#f.#f2)[L],#c2[L],(#c1.#f2)[L],#g2[L],(d1.a2)[L],#f2[L],(#c1.a2)[L],#g3[L],(#f.b2)[L],#g2[L],(B-1.b2)[L],a3[L],(E-1.#c3)[K],#c[K],#f[K],b[L],#f2[L],(#c1.#c3)[K],b[K],#f[K],#c[K];"]},{"id":2,"baseBeats":0.5,"scores":["mute[L],mute[L],mute[K],mute[L],mute[L],mute[L],mute[L],mute[K],mute[K],mute[K],mute[K],mute[K],mute[K],mute[K],mute[K],mute[K],mute[K],mute[K],mute[K],mute[K],mute[K],mute[K],mute[K],mute[K],mute[K],mute[K],mute[K],mute[K],mute[K],mute[K],mute[K],mute[K],mute[K],mute[K],mute[K],mute[K],mute[K],mute[K],mute[K],mute[K],mute[K],mute[K],mute[K],mute[K],mute[K],mute[K],mute[K],mute[IJK],mute[K],mute[K],mute[K],mute[K],mute[K],mute[K],mute[K],mute[K],mute[K],mute[K],mute[K],mute[K],mute[K],mute[K],mute[K],mute[K],mute[K],mute[K],mute[K],mute[K],mute[K],mute[K],mute[K],mute[K],mute[K],mute[K],mute[K],mute[K],mute[K],mute[K],mute[K],mute[K],mute[K],mute[K],mute[K],mute[K],mute[K],mute[K],mute[K],mute[K],mute[K],mute[K],mute[K],mute[K],mute[K],mute[K],mute[K],mute[K],mute[K],mute[JK],mute[K],mute[K],mute[K],mute[K],mute[K],mute[K],mute[K],mute[K],mute[K],mute[KO],mute[KNO],mute[IJL],5<mute[M],mute[M]>,5<mute[M],mute[M]>,5<mute[M],mute[M]>,5<mute[M],mute[M]>,mute[LMN],mute[LMN],mute[K],mute[K],mute[K],mute[K],mute[K],mute[K],mute[K],mute[K],mute[K],mute[K],mute[K],mute[K],mute[K],mute[J],mute[K],mute[K],mute[K],mute[K],mute[K],mute[K],mute[K],mute[K],mute[L],mute[L],mute[K],mute[K],mute[K],mute[K],mute[J],mute[K],mute[K],mute[K],mute[K],mute[K],mute[K],mute[K],mute[K],mute[K],mute[K],mute[K],mute[K],mute[K],mute[K],mute[K],mute[K],mute[K];","(B-2.a2)[L],#f2[L],(#F-1.a2)[K],B-1[L],#f2[L],(d.#g2)[L],(#f2.a2)[L],(#f.e2.b2)[K],d[K],(#c.d2.#c3)[K],A-1[K],(E-1.e2.b2)[K],B-1[K],d[K],#f[K],(F-1.f2.#c3)[K],#c[K],f[K],#g[K],(#F-1.#f2)[K],(A-1.e2)[K],(d.#f2)[K],(a.#g2)[K],(e.a2)[K],(#g.#f2)[K],(b.#g2)[K],(d1.a2)[K],(E-1.#c3)[K],#G-1[K],#c[K],#g[K],(d.b3)[K],#f[K],(a.#c4)[K],#c1[K],(D-1.#f2)[K],(#F-1.e2)[K],(B-1.#f2)[K],(#f.#g2)[K],(#c.a2)[K],(A-1.#f2)[K],(#C-1.#g2)[K],(#G-2.F-1.f2)[K],(#F-2.#F-1.#f1.#f2)[K],#C-1[K],A-1[K],#c[K],#f[IJK],a1[K],(A-1.#c3)[K],e[K],b[K],(#c1.b2)[K],(b.a2)[K],#g[K],e[K],(A-1.#g2)[K],(D-1.a2)[K],A-1[K],(e.#c2)[N],e2[N],#c2[LM],#f[K],e[K],d[K],A-1[K],D-1[K],(E-1.b2)[K],B-1[K],e[K],(#g.a2)[K],(b.#g2)[K],e[K],B-1[K],(E-1.#f2)[K],(#C-1.#g2)[N],#f2[N],e2[LM],#G-1[K],#c[K],e[K],#g[K],e[K],A-1[K],#C-1[K],(B-2.#c1.a1.#c2)[K],E-1[K],(A-1.e1.#g1.e2)[K],#c[K],(#C-1.#g1.b1.#g2)[K],#F-1[K],(B-1.b1.e2.b2)[K],e[K],(#F-1.d2.#f2.d3)[K],B-1[K],d[K],#f[K],(#G-2.e2.#g2.a2.e3)[K],#C-1[K],E-1[K],A-1[K],(B-2.B-1.d2.d3)[JK],(e2.#c3)[K],(#C-1.#c.a1.a2)[K],(#g1.e2)[K],(a1.d2)[K],(b1.#c2)[K],(D-1.e1.b1)[K],A-1[K],#f[K],b[K],E-1[KO],B-1[KNO],#g[IJL],(#c2~b1)[L],(a1~#g1)[L],(#f1~e1)[L],(d1~#c1)[L],(A-1.#g)[M],#G-1[O],#c1[N],#F-1[N],#f1[O],E-1[M],(D-1.a1)[M],#C-1[O],#c2[N],B-2[N],#f2[O],A-2[M],(#F-2.a1.a2)[K],#F-1[K],#c[K],(e.#g1.#g2)[K],(b.#f1.#f2)[K],#c1[K],e[K],(#G-1.e1.e2)[K],(E-2.#c1.#c2)[K],B-1[K],#f[K],b[K],e1[K],(A-1.#f.a)[J],(#G-2.#G-1.#f1)[K],(D-2.a1.a2)[K],(D-1.#g1.#g2)[K],(#G-1.a1.a2)[K],(B-1.b1.b2)[K],(d.#c2.#c3)[K],#g[K],(e.#c2.#c3)[K],B-1[L],(e2.e3)[L],(E-2.#c2.#c3)[K],B-1[K],#c[K],#f[K],(#c.b.#c1.#c2.#c3)[J],(d.b.d1.#f1.d2)[K],(#G-1.e.#g)[K],(#F-2.#F-1.a1.a2)[K],#F-1[K],#c[K],(e.#g1.#g2)[K],(b.#f1.#f2)[K],#c1[K],e[K],(#G-1.e1.e2)[K],(E-2.E-1.#f1.#f2)[K],B-1[K],(#f.#c2.#c3)[K],b[K],e1[K],a1[K],#c2[K];"]},{"id":3,"baseBeats":0.5,"scores":["mute[K],mute[K],mute[K],mute[K],mute[K],mute[K],mute[K],mute[K],mute[L],mute[L],mute[K],mute[K],mute[K],mute[K],mute[K],mute[K],mute[K],mute[K],mute[K],mute[K],mute[K],mute[K],mute[K],mute[K],mute[K],mute[K],mute[K],mute[K],mute[K],mute[K],mute[K],mute[K],mute[K],mute[K],mute[K],mute[K],mute[K],mute[K],mute[K],mute[K],mute[K],mute[K],mute[K],mute[K],mute[K],mute[L],mute[L],mute[K],mute[K],mute[K],mute[K],mute[K],mute[K],mute[K],mute[K],mute[K],mute[K],mute[K],mute[K],mute[K],mute[K],mute[K],mute[K],mute[K],mute[K],mute[K],mute[K],mute[K],mute[K],mute[K],mute[K],mute[K],mute[K],mute[K],mute[K],mute[K],mute[K],mute[K],mute[K],mute[K],mute[K],mute[K],5<mute[M],mute[M]>,5<mute[M],mute[M]>,mute[L],mute[L],mute[L],mute[L],mute[K],mute[LM],mute[KM],mute[K],mute[K],mute[K],5<mute[M],mute[M]>,5<mute[M],mute[M]>,5<mute[M],mute[M]>,5<mute[M],mute[M]>,mute[K],mute[K],mute[K],mute[K],mute[K],mute[LM],5<mute[M],mute[M]>,mute[LM],mute[K],mute[K],mute[K],mute[K],mute[K],mute[K],mute[K],5<mute[M],mute[M]>,5<mute[M],mute[M]>,5<mute[M],mute[M]>,5<mute[M],mute[M]>,5<mute[M],mute[M]>,5<mute[M],mute[M]>,5<mute[M],mute[M]>,5<mute[M],mute[M]>,mute[K],mute[K],mute[K],mute[K],mute[K],mute[L],5<mute[M],mute[M]>,mute[LNO],mute[LN],mute[LNO],mute[K],mute[K],mute[K],mute[K],mute[K],mute[K],mute[K],mute[L],5<mute[M],mute[M]>,mute[K],mute[K],mute[K],5<mute[M],mute[M]>,5<mute[M],mute[M]>,mute[L],mute[L],mute[L],mute[L],mute[L],mute[L],mute[L],mute[L],mute[L],mute[L],mute[L],mute[L],mute[L],mute[L],mute[L],mute[IIILMN],mute[JLN],mute[KMO],mute[KMO],mute[JLMN],mute[KLN],mute[KLN],mute[KLN],mute[LMO],mute[LMO],mute[LMO],mute[LMO],mute[LMO],mute[LMO],mute[LMNO],mute[LMNO],mute[LMNO],mute[K],mute[K],mute[K],mute[KNO],mute[KMN],mute[IIN],mute[JNO],mute[KO],mute[IIKN];","(#C-2.#C-1.#f1)[K],(D-2.D-1.a1.a2)[K],(#G-1.#g1.#g2)[K],(B-1.a1.a2)[K],(d.b1.b2)[K],(a.#c2.#c3)[K],d[K],(A-1.d2.d3)[K],#F-1[L],(e2.e3)[L],(E-2.E-1.#g2.#c3.#g3)[K],B-1[K],d[K],#f[K],(e.b.d1.#f1.#f2)[K],(B-1.#f.a)[K],(#c.e.#c1.#c2)[K],(F-1.#c)[K],(#F-2.#F-1.#c2.#c3)[K],#c[K],#f[K],(b.#f1.#f2)[K],(e1.a1.a2)[K],b[K],#f[K],(#c.#f1.#f2)[K],(B-3.B-2.#c1.#c2)[K],#F-1[K],B-1[K],e[K],#g[K],e[K],B-1[K],(#G-1.e1.e2)[K],(E-2.E-1.#f1.#f2)[K],(B-1.e1.e2)[K],(e.d1.d2)[K],(a.a1.a2)[K],(#c1.#c2.#c3)[K],(b.#f1.#f2)[K],(#f.b1.b2)[K],(d.#c2.#c3)[K],(B-3.B-2.e2.e3)[K],#F-1[K],B-1[K],d[L],(#f2.#f3)[L],(#f.#c3.#c4)[K],a[K],#c1[K],E-1[K],(D-2.D-1.a2.a3)[K],(#G-1.#g2.#g3)[K],(B-1.e3.e4)[K],(d.a2.a3)[K],#g[K],(#c1.#g2.#g3)[K],a[K],(e.e3.e4)[K],(A-3.A-2.#f2.#f3)[K],(D-1.e2.e3)[K],(#G-1.e3.e4)[K],(#c.e2.e3)[K],d[K],(e.d2.d3)[K],d[K],(B-1.b1.b2)[K],(#C-2.#C-1.d2.d3)[K],(#F-1.#c3.#c4)[K],(#c.d2.d3)[K],(e.b2.b3)[K],a[K],(#c1.a2.a3)[K],(f.#g2.#g3)[K],(B-1.#f2.#f3)[K],(F-2.F-1.f2.f3)[K],#c[K],f[K],#g[K],#c1[K],#g[K],f[K],(B-1.#f2~A-1.#g2)[L],(#G-1.a2~#F-1.b2)[L],(D-2.D-1.#c2.#c3)[L],(d2.d3)[L],(A-2.#c2.#c3)[L],(b1.b2)[L],(D-1.#c2.#c3)[K],#F-1[LM],(#g2.#g3)[M],(A-1.#f2.#f3)[K],(#F-1.#c2.#c3)[K],D-1[K],A-2[LM],B-2[N],A-2[N],(E-2.E-1.#c3~d3~#c3)[K],(B-2.b2~a2~b2)[K],(E-1.#c2.#c3)[K],B-1[K],(#g.b1.b2)[K],e[K],B-1[K],#G-1[LM],(E-1~D-1~#C-1.e1.e2~mute)[L],#C-2[LM],#G-2[K],#C-1[K],E-1[K],(#G-1.#f1.#f2)[K],E-1[K],(#C-1.#g1.#g2)[K],#G-2[LM],#f2[N],#g2[N],(#F-2.#F-1.a1.a2~#f2~d2)[K],(B-2.#c2~d2~#f2)[K],(#F-1.a2~#c3~e3)[K],(#c.#g3~a3~#g3)[K],(e.#f2.#f3)[K],#c[K],(A-1.#g2.#g3)[K],#F-1[K],(E-2.E-1.e2.e3)[K],B-2[L],(e2.e3~d2.d3)[L],(E-1.e2.e3)[LNO],(#g2.#g3)[MO],#G-1[MO],(e2.e3)[LNO],(#c.#c2.#c3)[K],#G-1[K],D-1[K],A-2[K],(D-2.D-1.#g1.#g2)[K],A-2[K],D-1[K],#F-1[L],(#f2~#g2)[L],(A-1.a1.a2)[K],#F-1[K],D-1[K],(A-2.a2~b2)[L],(#c3~d3)[L],(E-2.E-1.e2.e3)[L],B-2[L],D-1[L],(#G-1.#c2.#c3)[L],A-1[L],#G-1[L],(D-1.#g1.#g2)[L],B-2[L],(F-2.F-1.e2.e3)[L],#C-1[L],(F-1.a2.a3)[L],A-1[L],(#c.#g2.#g3)[L],A-1[L],(f.f2.f3)[L],#c1[IIILMN],(B-2.#f1)[JLN],(B-1.d.#f.#c1)[KMO],a[KMO],(#G-2.e1)[JLMN],(#G-1.B-1.f)[KLN],(#c1.f1)[KLN],(#F-2.#F-1.a.#f1)[KLN],A-1[LMO],#c[LMO],#f[LMO],a[LMO],#c1[LMO],#f1[LMO],a1[LMNO],#c2[LMNO],#f2[LMNO],a2[K],#c3[K],e3[K],#f3[KNO],#g3[KMN],#f3[N],#g3[N],#f3[IJKLMN],#F-2[JNO],#c1[KO],a1[IIKN];"]}]}