{"baseBpm":85,"musics":[{"bpm":85,"baseBeats":0.25,"scores":["5<(E-1~G-1~A-1~e~#c)[MN]>,(#F-1.#f)[MN],(G-1.g)[MN],5<(G-1~A-1~c~g)[MN]>,(#F-1.#f)[MN],(E-1.e)[MN],5<(E-1~G-1~A-1~e~#c)[MN]>,(#F-1.#f)[MN],(G-1.g)[MN],5<(G-1~A-1~c~g)[MN]>,(#F-1.#f)[MN],(E-1.e)[MN],5<(E-1~G-1~A-1~e~#c)[MN]>,(#F-1.#f)[MN],(G-1.g)[MN],5<(G-1~B-1~d~g)[MN]>,(A-1.a)[MN],(B-1.b)[MN],5<(c~#d~g~c)[MN]>,(d.d1)[MN],(#d.#d1)[MN],(#d.#d1)[MN],(d.d1)[MN],(c.c1)[MN],(G-1.g)[MN],(#D-1.#d)[MN],(C-1.c)[MN],(B-2.A-1.B-1.#F-1)[MN],(B-2.B-1.E-1.G-1)[MN],(B-2.B-1.#C-1.E-1)[MN],(B-2.B-1.#D-1.#F-1)[K],V,V,V,V,5<(E-1~#A-1~#c~e.g.#a.#c1.e1)[M]>,(#f.#f1)[MN],(g.g1)[MN],5<(E-1~A-1~c~g.a.#c1.g1)[M]>,(#f.#f1)[MN],(e.e1)[MN],5<(E-1~#A-1~#c~e.g.#a.#c1.e1)[M]>,(#f.#f1)[MN],(g.g1)[MN],5<(E-1~A-1~c~g.a.#c1.g1)[M]>,(#f.#f1)[MN],(e.e1)[MN],5<(E-1~#A-1~#c~e.g.#a.#c1.e1)[M]>,(#f.#f1)[MN],(g.g1)[MN],5<(G-1~B-1~d~g.b.d1.f1.g1)[M]>,(a.a1)[MN],(b.b1)[MN],5<(c~#d~c1~#d1.g1.c2)[M]>,(d.d1.d2)[MN],(#d.#d1.#d2)[MN],(#d.#d1.#d2)[MN],(d.d1.d2)[MN],(c.c1.c2)[MN],(G-1.g.g1)[MN],(#d.#D-1)[MN],(C-1.c.c1)[MN],(D-1.d.g.b)[MN],(E-1.G-1.a.c1)[MN],(D-1.d.b.d1)[MN],(D-1.d.b.d1)[MN],(#D-1.G-1.a.c1)[MN],(D-1.d.b.g)[MN],(D-1.d.e.g)[MN],(E-1.G-1.#f.a)[MN],(D-1.d.g.b)[MN],(D-1.d.b.d1)[LM],(g.b)[L],(d.g.b.b1.b2.g2)[MN],(a.c1.c2.c3.a2)[MN],(b.d1.d2.d3.b2)[MN],(b.d1.d2.d3.b2)[MN],(a.c1.c2.c3.a2)[MN],(g.b.b1.b2.g2)[MN],(e.g.g1.e2.g2)[MN],(#f.a.a1.#f2.a2)[MN],(g.b.b1.g2.b2)[MN],(d.d1.d2.d3.b.b2)[LM],(g.b.b1.b2.g2)[MN],(#F-1.#f.b.d1)[MN],(G-1.B-1.#c1.e1)[MN],(#f.#F-1.d1.#f1)[MN],(#f.#F-1.#f1.d1)[MN],(g.b.e1.#c1)[MN],(#f.#F-1.d1.b)[MN],(#F-1.#f.#g.b)[MN],(g.b.#a.#c1)[MN],(#f.#F-1.b.d1)[MN],(#f.#F-1.d1.#f1)[LM],(b.d1)[MN],(#f.b.d1.d2.b2.d3)[MN],(#c1.e1.e2.e3.#c3)[MN],(d1.#f1.d3.#f2.#f3)[MN],(d1.d3.#f1.#f3.#f2)[MN],(#c1.e1.e2.#c3.e3)[MN],(b.d1.d2.b2.d3)[MN],(#g.b.b1.b2.#g2)[MN],(#a.#c1.#c2.#c3.#a2)[MN],(b.d1.d2.d3.b2)[MN],(#f3.#f2.d3.#f1.d1)[LM],5<#c[MN]>,(#c1.#f3.#f2.d3.#f1.d1)[K],5<c[MN]>,(c1.#f3.#f2.d3.#f1.d1)[K],5<B-1[MN]>,(b.#f3.#f2.d3.#f1.d1)[K],5<B-1[MN]>,(#a.#d1.#f1.#f2.#d3.#f3)[K],(#A-2~#A-1.#f.#a.#c1)[MN],(#A-2~#A-1.#f.#a.f1)[MN],(#A-2~#A-1.#f.#a.#f1)[MN],(#A-2~#A-1.#g.b.#f1)[MN],(A-2~A-1.#g.b.#f1)[MN],(A-2~A-1.#g.b.f1)[MN],(A-2.A-1.#d1.b.#g)[MN],(f.#g.b.b1.d2.b2)[LM],(#a.#a1.#a2)[MN],(#a.#d1.g1.g2.#d3.g3)[L],V,V,(#A-2~#A-1.g.#a.#c1)[MN],(#A-2~#A-1.g.#a.f1)[MN],(#A-2~#A-1.g.#a.#f1)[MN],(#A-2~#A-1.#g.b.#f1)[MN],(A-2~A-1.#g.b.#f1)[MN],(A-2~A-1.#g.b.f1)[MN],(A-2~A-1.#d1.b.#g)[MN],(f.#g.b.b1.b2.d2)[LM],(#a.#a1.#a2)[MN],(#a.#c1.e1.g1.g2.#c3.e3.g3)[L],V,V,V,(#A-2.#A-1.g.e1.#c1)[MN],(B-2.B-1)[MN],(#C-1.#c)[MN],(b.e1.g1.g2.b2.e3.g3)[MN],V,V,(B-1.B-2.g.b.e1)[MN],(#D-1.#d)[MN],(E-1.e)[MN],(D-1.d.#A-1.e1.g1)[MN],(#F-1.#f)[MN],(G-1.g)[MN],(D-1.d.g.#a.d1.g1)[MN],(A-1.a)[MN],(#A-1.#a)[MN],(#D-1.#d.#a.#c1.g1.#a1)[MN],(c.c1)[MN],(#c.#c1)[MN],(D-1.d)[M],V,V,V,V,(#a.#c1.g1.g2.g3.#a2.#c3)[K],V,V,V,V,V,V,V,V,V,5<(G-1~#A-1~#c~#d~e)[MN]>,5<(e~#f~f)[MN]>,5<(#f~g~g)[MN]>,V,5<(A-1~c~g)[MN]>,5<(#f~f)[MN]>,5<e[MN]>,V,5<(G-1~#A-1~#c~#d~e)[MN]>,5<(e~#f~f)[MN]>,5<(#f~g~g)[MN]>,V,5<(A-1~c~g)[MN]>,5<(#f~f)[MN]>,5<e[MN]>,V,5<(G-1~#A-1~#c~#d~e)[MN]>,5<(e~#f~f)[MN]>,5<(#f~g~g)[MN]>,V,5<(B-1~d~f~g.G-1.B-1.d.f)[MN]>,5<(#G-1~A-1.a)[MN]>,5<(#A-1~B-1.b)[MN]>,V,5<(#d~g~c1)[MN]>,5<(c~#c.c1)[MN]>,5<(d.d1~#d.#d1)[MN]>,V,5<(#d~d.d1)[MN]>,5<(#c~c.c1)[MM]>,g[MN],5<(G-1~#F-1.g)[MN]>,5<(F-1~E-1.e)[MN]>,#d[MN],5<(#D-1~D-1.d)[MN]>,5<(#C-1~C-1.c)[MN]>,V,5<(B-2~#A-2.#F-1.A-1.B-1)[MN]>,5<(B-2~#A-2)[M]>,5<(B-2~#A-2)[M]>,5<(B-2~#A-2.E-1.G-1.B-1)[M]>,5<(B-2~#A-2)[M]>,5<(B-2~#A-2.#C-1.E-1.B-1)[M]>,5<(B-2~#A-2.#D-1.#F-1.B-1)[M]>,(B-2~#A-2)[MN],(B-2~#A-2)[MN],(C-1~#D-1~#F-1)[L],(G-1~B-1~#c)[L],(#d~#f~g)[L],(b~c1~#d1)[L],(#f1~g1~b1)[L],(#c2~#d2~#f2)[L],(g2~b2~c3)[L],(#d3~#f3~g3)[L],(b3~#c4~#d4)[L],(#f4~#d4~#c4)[L],(b3~g3~#f3)[L],(#d3~c3~b2)[L],(g2~#f2~#d2)[L],(c2~b1~g1)[L],(#f1~#d1~c1)[L],(b~g~#f)[L],5<(E-1~#A-1~#c~e.g.#a.#c1.e1)[M]>,(#f~#f1)[MN],(g~g1)[MN],5<(E-1~A-1~c~g.a.#c1.g1)[M]>,(#f~#f1)[MN],(e~e1)[MN],5<(E-1~#A-1~#c~e.g.#a.#c1.e1)[M]>,(#f~#f1)[MN],(g~g1)[MN],5<(E-1~A-1~c~g.a.#c1.g1)[M]>,(#f~#f1)[MN],(e~e1)[MN],5<(E-1~#A-1~#c~e.g.#a.#c1.e1)[M]>,(#f~#f1)[MN],(g~g1)[MN],5<(G-1~B-1~d~g.b.d1.f1.g1)[M]>,(a~a1)[MN],(b~b1)[MN],5<(c~#d~c1~#d1.g1.c2)[M]>,d1[M],(g1.d1)[M],#d1[M],(c2.#d2)[M],#d1[M],(c2.#f2)[M],d1[M],(#d2.g2)[M],c1[M],(#d2.b2)[M],b[M],(g2.c3)[M],#a[M],(g2.d3)[M],#g[M],(c3.#d3)[M],g[M],(c3.#f3)[M],f[M],(#d3.g3)[M],#d[M],(c3.#d3.a3)[M],(D-1.b2.g3.b3)[M],(d~d1.b2.g3.b3)[MN],(#d~g.c3.a3.c4)[MN],(d~d1.d3.d4.b3)[MN],(d~d1.d4.d3.b3)[MN],(#d~g.c3.a3.c4)[MN],(d~d1.b2.g3.b3)[MN],(d~d1.g2.e3.g3)[MN],(e~g.a2.#f3.a3)[MN],(d~d1.b2.g3.b3)[MN],5<(b3.d4~#a3)[MN]>,5<(a3~g3)[MN]>,5<(g3.b3~#f3)[MN]>,5<(f3.d1.g1.b1~e1)[MN]>,5<(#d3.g3.a1.c2~d3)[MN]>,5<(#c3.b1.d2~c3)[MN]>,5<(b2.d3.b1.d2~#a2)[MN]>,5<(a2.a1.c2~g2)[MN]>,5<(g1.b1.g2.b2~#f2)[MN]>,5<(e1.g1.f2~e2)[MN]>,5<(#f1.a1.e2.g2~#d2)[MN]>,5<(g1.b1.d2~#c2)[MN]>,(d1~g1~b1~d2)[MN],V,V,V,(B-2~B-1.g2.e3.g3)[MN],(C-1~E-1.a2.#f3.a3)[MN],(B-2~B-1.b2.g3.b3)[MN],(B-2~B-1.b2.g3.b3)[MN];(C-1~E-1.a2.#f3.a3)[MN],(B-2~B-1.g2.g3.e3)[MN],(B-2~B-1.e2.e3.#c3)[MN],(C-1~E-1.#f2.#d3.#f3)[MN],(B-2~B-1.g2.e3.g3)[MN],5<(g3.b3~#f3)[MN]>,5<(f3~e3)[MN]>,5<(e3.g3~#d3)[MN]>,5<(d3.b.e1.g1~c3)[MN]>,5<(c3.e3.#f1.a1~b2)[MN]>,5<(#a2.g1.b1~a2)[MN]>,5<(d3.g2.g1.b1~#f2)[MN]>,5<(#f1.a1.f2~e2)[MN]>,5<(e1.g1.e2.g2~#d2)[MN]>,5<(#c1.e1.d2~#c2)[MN]>,5<(#c2.e2.#d1.#f1~c2)[MN]>,5<(e1.g1.b1~#a1)[MN]>,(b1.g1)[M],V,V,V,5<(#a2~#a1)[MN]>,5<(#a2~b2.#f1.g1.b1)[MN]>,5<(b3~b2)[MN]>,5<(#a2~#a1)[MN]>,5<(#a2~b2.f1.g1.b1.A-1)[MN]>;"],"id":1,"instruments":["piano"],"alternatives":[""]},{"bpm":87,"baseBeats":0.25,"scores":["5<(b3~b2)[MN]>,5<(#a2~#a1)[MN]>,5<(#a2~b2.g1.b1.e1.G-2)[MN]>,5<(b3~b2)[MN]>,5<(#a2~#a1)[MN]>,5<(#a2~b2.#F-2.#d1.#f1.b1)[MN]>,b3[LM],V,(#D-1~#d.b.#d1.#g1)[MN],(#D-1~#d.b.#d1.#a1)[MN],(#D-1~#d.b.#d1.b1)[MN],(#D-1~e.#c1.e1.b1)[MN],(#D-1~e.#c1.e1.#a1)[MN],(#D-1~e.#c1.e1.#g1)[MN],(G-1.#A-1.#c.e.e2.g2.e3)[LM],(#d.#d2.#d3)[MN],(b.#d1.#f1.b1.b2.#d3.#f3.b3)[LM],(#D-1~#d.b.#d1.#g1)[MN],(#D-1~#d.b.#d1.#a1)[MN],(#D-1~#d.b.#d1.b1)[MN],(#D-1~e.#c1.e1.b1)[MN],(#D-1~e.#c1.e1.#a1)[MN],(#D-1~e.#c1.e1.#g1)[MN],(G-1.#A-1.#c.e.e2.g2.e3)[LM],(#d.#d2.#d3)[MN],(b.e1.#g1.b1.b2.e3.#g3.b3)[LM],(B-2~B-1.#g.e1)[MN],(B-2~B-1.#g.e1.#f1)[MN],(B-2~B-1.#g.e1.#g1)[MN],(B-2~c.a.e.#g1)[MN],(B-2~c.a.e.#f1)[MN],(B-2~c.a.e)[MN],(#f.a.c1.c2.#d2.c3)[LM],(b.b1.b2)[MN],(b.b1.b2.b3.d1.#g1.d3.#g3)[LM],(B-2~B-1.#g.e1)[MN],(B-2~B-1.#g.e1.#f1)[MN],(B-2~B-1.#g.e1.#g1)[MN],(B-2~c.a.e.#g1)[MN],(B-2~c.a.e.#f1)[MN],(B-2~c.a.e)[MN],(#f.a.c1.c2.#d2.c3)[MN],B-1[MN],(b.b1.b2)[MN],(f.#g.d1.d2.d3.f2)[MN],B-1[MN],(#c2.#c3)[MN],(g.#a.#c1.e1.e2.g2.e3)[MN],B-1[MN],(#d2.#d3)[MN],(#g.b.d1.f1.f2.#g2.f3)[MN],B-1[MN],(e2.e3)[MN],(#a.#c1.e1.g1.g2.g3.#a2)[MN],B-1[MN],(#f2.#f3)[MN],(c1.c2.c3.c4.#d1.#f1.#d3.#f3)[MN],(b.b1.b2.b3)[MN],(a.a1.a2.a3)[MN],(g1.g2.g3.g4)[MN],(#f1.#f2.#f3.#f4)[MN],(e1.e2.e3.e4)[MN],(c1.c2.c3.c4.#d1.#f1.#d3.#f3)[MN],(b.b1.b2.b3)[MN],(a.a1.a2.a3)[MN],(g1.g2.g3.g4)[MN],(#f1.#f2.#f3.#f4)[MN],(e1.e2.e3.e4)[MN],(c1.c2.c3.c4.#d1.#f1.#f3.#d3)[MN],(b.b1.b2.b3)[MN],(a.a1.a2.a3)[MN],(g.g1.g2.g.#a.#c1.#a1.#c2)[MN],(#f.#f1.#f2.#f3)[MN],(e.e1.e2.e3)[MN],(d.d1.d2.d3.f.#g.f2.#g2)[MN],(#c.#c1.#c2.#c3)[MN],(B-1.b.b1.b2)[MN],(A-1.a.a1.a2.c.#d.c2.#d2)[MN],(#G-1.#g.#g1.#g2)[MN],(#f.#f1.#f2.#F-1)[MN],(E-1.e.e1.e2.G-1.#A-1.#g1.#a1)[MN],(D-1.d.d1.d2)[MN],(#c.#c2.#C-1.#c1)[MN],(C-1.c.c1.c2.#D-1.#F-1.#d1.#f1)[MN],(B-2.B-1.b.b1)[MN],(A-2.A-1.a.a1)[MN],(A-2.A-1.a.a1)[L],(#G-1.#g.#g1)[L],(G-1.g.g1)[L],(#F-1.#f.#f1)[L],(F-1.f.f1)[L],(E-1.e.e1)[L],(#D-1.#d.#d1)[L],(D-1.d.d1.d2)[L],(#C-1.#c.#c1)[L],(C-1.c.c1)[L],(B-2.B-1.b)[L],(#A-2.#A-1.#a)[L],V,V,V,V,V,V,V,V,V,V,V,V,(A-2.A-1.a)[MN],(#G-2.#G-1.#g)[MN],(G-2.G-1.g)[MN],(#F-2.#F-1.#f)[MN],(F-2.F-1.f)[MN],(E-2.E-1.e)[MN],V,V,V,V,V,V,V,V,(#D-1.#d)[MN],(D-1.d)[MN],(#C-1.#c)[MN],(#G-2.c.C-1.c1.#g)[MN],d[MN],#d[MN],#d[MN],d[MN],c[MN],c[MN],d[MN],#d[MN],#d[MN],d[MN],c[MN],(c.F-2.#F-1.#D-1.a.c1)[MN],d[MN],#d[MN],#d[MN],d[MN],c[MN],c[MN],d[MN],#d[MN],#d[MN],d[MN],c[MN],(c.#G-2.C-1.#g.c1)[MN],d[MN],#d[MN],#d[MN],d[MN],c[MN],c[MN],d[MN],#d[MN],#d[MN],d[MN],c[MN],(c.F-2.#D-1.#F-1.a.c1)[MN],d[MN],#d[MN],#d[MN],d[MN],c[MN],c[MN],d[MN],#d[MN],#d[MN],d[MN],c[MN],(c.E-2.#F-1.a.c1)[MN],c[MN],d[MN],e[MN],e[MN],d[MN],(c.E-2.#F-1.a.c1)[MN],c[MN],d[MN],e[MN],e[MN],d[MN],c[MN],(#D-2.#F-1.a.b.B-1)[MN],c[MN],d[MN],d[MN],c[MN],B-1[MN],A-1[L],B-1[L],c[L],c[L],B-1[L],A-1[MN],V,V,V,V,V,V,V,V,V,#F-1[MN],G-1[MN],A-1[MN],A-1[L],G-1[L],#F-1[LM],V,V,V,V,V,V,V,V,V,V,V,V,V,V,V,V,V,V,V,V,E-1[MP],B-1[MP],e[MP],#f[MP],#g[MP],b[MP],e1[MP],#f1[MP],#g1[MP],#f1[MP],e1[MP],b[MP],#f[MP],e[MP],B-1[MP],E-1[MP],E-1[MP],B-1[MP],e[MP],#f[MP],#g[MP],b[MP],e1[MP],#f1[MP],(#g1.b1.e2.#g2)[MP],#f1[MP],e1[MP],b[MP],#f[MP],e[MP],B-1[MP],(E-1.#a1.#c2.#g2)[MP],#c[MP],e[MP],#g[MP],#a[MP],#c1[MP],e1[MP],#f1[MP],#g1[MP],#f1[MP],e1[MP],#c1[MP],#a[MP],#g[MP],e[MP],#c[MP],(E-1.a1)[MP],(c.c2)[MP],(e.#g2)[MP],#f[MP],a[MP],c1[MP],e1[MP],#f1[MP],(#g1.#f2)[MP],#f1[MP],e1[MP],c1[MP],a[MP],#f[MP],e[MP],c[MP],(E-1.#g1)[L],(B-1.e2)[MN],(e.b2)[MP],#f[MP],#g[MP],b[MP],e1[MP],#f1[MP],#g1[MP],#f1[MP],e1[MP],b[MP],#g[MP],#f[MP],e[MP],B-1[MP],E-1[MP],B-1[MP],(e.b2)[MP],#f[MP],#g[MP],b[MP],e1[MP],#f1[MP],(#g1.b1.e2.#g2)[MP],#f1[MP],e1[MP],b[MP],#g[MP],#f[MP],e[MP],B-1[MP],(#C-1.e1.#g1.e2)[MN],#G-1[MP],#c[MP],#d[MP],e[MP],#g[MP],#c1[MP],#d1[MP],(e1.#d2)[MP],#d1[MP],#c1[MP],#g[MP],(e.#c2)[MP],#d[MP],#c[MP],#G-1[MP],(A-2.c1.e1.c2)[MN],E-1[MP],A-1[MP],B-1[MP],(c.#f1)[MP],e[MP],a[MP],b[MP],c1[MP],b[MP],a[MP],e[MP],(c.g1)[MP],B-1[MP],A-1[MP],E-1[MP],(E-2.b.e1.#g1)[L],E-1[MN],#F-1[MP],#G-1[MP],B-1[MP],e[MP],#f[MP],#g[MP],b[MP],e1[MP],#f1[MP],#g1[MP],b1[MP],e2[MP],#f2[MP],#g2[MP],b2[MP],e3[MP],#f3[MP],g3[MP],a3[MP],#f3[MP];"],"id":2,"instruments":["piano"],"alternatives":[""]},{"bpm":89,"baseBeats":0.25,"scores":["#d3[MP],b2[MP],(#g2.E-1)[L],(#f2.B-1)[MN],(e2.#g)[MP],b1[MP],#g1[MP],#f1[MP],e1[MP],b[MP],E-1[L],#A-1[M],#a[M],#c[MP],(#g.#c1)[MP],e1[MP],#f1[MP],#g1[MP],#a1[MP],#c2[MP],e2[MP],#f2[MP],#g2[MP],#a2[MP],#c3[MP],e3[MP],#f3[MP],g3[MN],(#g3.E-1)[L],(#f3.A-1)[MN],(e3.c)[MP],(c3.#g)[MP],a2[MP],#g2[MP],#f2[MP],e2[MP],(#f.c2)[MP],a1[MP],#g1[MP],#f1[MP],e1[MP],c1[MP],a[MP],e[MP],#G-1[MN],e[MN],b[LO],b3[L],g3[MN],#f3[MP],e3[MP],b2[MP],#g2[MP],#f2[MP],e2[MP],b1[MP],#g1[MP],#f1[MP],e1[MP],b[MN],e1[MP],#f1[MP],#g1[MP],(#g.b1)[MP],e2[MP],#f2[MP],#g2[MP],(#f.b2)[MP],e3[MP],#f3[MP],#g3[MP],(e.#g2)[M],e3[MP],b3[MN],V,V,#C-1[M],#G-1[M],#g[M],e[MN],#c1[MP],#d1[MP],e1[MP],#g1[MP],#c2[MP],#d2[MP],(#d.e2)[MP],#g2[MP],#c3[MP],#d3[MP],(#c.e3)[MP],#g3[MP],#c4[MP],e4[MP],A-2[M],E-1[M],#g[M],c[MN],a[MP],b[MP],(c1.F-1)[MP],e1[MP],a1[MP],b1[MP],(c2.#F-1)[MP],e2[MP],a2[MP],b2[MP],(c3.G-1)[MP],e3[MN],a3[MN],c4[MN],(E-2.E-1.#G-1)[M],#c[M],(#F-2.#F-1.#G-1)[M],#g[M],(G-2.G-1.B-1.e)[M],(G-2.G-1.B-1)[M],e[M],(#A-2.#A-1.#d)[M],b[M],(B-2.B-1.#d.#g)[M],(B-2.B-1.d)[M],#g[M],(C-1.c.#f)[M],d1[M],(D-1.d.#f.b)[M],(D-1.d.#f)[M],b[M],(E-1.e.a)[M],#f1[M],(#F-1.#f.a.d1)[M],(#F-1.#f.a)[M],d1[M],(G-1.g.#c1)[M],a1[M],(A-1.a.#c1.#f1)[M],(A-1.a.c1)[M],#f1[M],(B-1.b.e1)[M],c2[M],(c.c1.e1.a1)[M],(c.e.g.c1.e1.c2.e2)[LM],(B-1.d.#f.b.#f1.#a1.e2.#f2)[MN],(B-1.d.#g.b.#g1.b1.e2.#f2)[MN],V,V,(B-2.B-1.b1.#d2.#f2.b2)[L],(e.E-1.#g)[M],#c1[M],(#f.#F-1.#g)[M],#g1[M],(g.G-1.b.e1)[M],(g.G-1.b)[M],e1[M],(#a.#A-1.#d1)[M],b1[M],(b.B-1.#d1.#g1)[M],(b.B-1.d1)[M],#g1[M],(c1.c.#f1)[M],d2[M],(D-1.d.#f.b)[M],(D-1.d.#f)[M],b[M],(e1.e.a1)[M],#f2[M],(#f1.#f.a1.d2)[M],(#f1.#f.a1)[M],d2[M],(g1.g.#c2)[M],a2[M],(a1.a.#c2.#f2)[M],(a1.a.c2)[M],#f2[M],(b1.b.e2)[M],c3[M],(c2.c1.e2.a2)[M],(c1.e1.g1.c2.e2.c3.e3)[LM],(c1.e1.#f1.c2.#f2.#a2.e3.#f3)[MN],(c1.e1.#g1.c2.#g2.b2.e3.#g3)[MN],V,V,(B-1.#d.#f.b.b2.#d3.#f3.b3)[LO],(E-1.#g.e.e3.e4.c4~b3)[M],(#g3~e3)[L],(c3.e3~b2)[L],(e.#g.e1.#g2~e2)[L],(c2.e2~b1)[L],(#g1~e1)[L],(b2.b3.a2.#g2.#d3.#g3~#f2)[L],(#d2~b1.a2.b3.b2.#d3.#g3)[L],(#g1.a2.b2.b3.#d3.#g3~#f1)[L],(#d1.a2.b2.b3.#d3.#g3~b)[L],(a2.b2.#c3.#f3.b3.#g~#f)[L],(b2.b3.a2.#c3.#f3.#d~B-1)[L],(E-1.#g.e.e3.e4.c4~b3)[L],(g3~e3)[L],(c3.e3~b2)[L],(e.#g.e1.#g2~e2)[L],(c2.e2~b1)[L],(#g1~e1)[L],(b2.b3.a2.#g2.#d3.#g3~#f2)[L],(#d2~b1.a2.b3.b2.#d3.#g3~#g1.a2.b2.b3.#d3.#g3)[L],(#f1~#d1.a2.b2.b3.#d3.#g3)[L],(b~a2.b2.#c3.#f3.b3.#g)[L],(#f~b2.b3.a2.#c3.#f3.#d)[L],(B-1~E-1.#g.e.e3.e4.c4)[L],(b3~#g3)[L],(e3~c3.e3)[L],(b2~e.#g.e1.#g2)[L],(e2~c2.e2)[L],(b1~#g1)[L],(e1~c1.c2.e2)[L],(b.b1~#g.#g1)[L],(e.e1~c.c1)[L],(B-1.b~#G-1.#g)[L],(E-1.e~#g.#G-1)[L],(B-1.b~c.#c1)[L],(e.e1~g.#g1)[L],(b.b1~c1.c2)[L],(e1.e2~#g2.c1)[L],(b2.b~g.c3)[L],(e3.e~c.#g3)[L],(B-1.b3~c4.G-1)[L],(e4.E-1~E-1.e.e3.e4)[MN],V,V,V,(#C-1.E-1.#G-1.#c.e.#g.#c1.e1)[KM],(A-2.A-1.#C-1.E-1.e.e1.a.#c1)[KM],(D-1.d.F-1.A-1.f.a.d1.f1)[KM],(#A-2.D-1.F-1.#A-1.d.f.#a.d1)[KM],(G-2.D-1.G-1.B-1.d.g.b.d1)[KM],(C-1.c.E-1.G-1.e.g.c1.e1)[KM],(A-2.A-1.C-1.E-1.c.e.a.c1)[KM],(B-2.E-1.#F-1.A-1.B-1.e.#f.b)[MN],C-1[MN],D-1[MN],D-1[MN],C-1[MN],B-2[MN],(#D-1.#F-1.A-1.B-1.#d.#f.b.B-2)[MN],A-2[MN],G-2[L],G-2[L],#F-2[LO],E-2[LO],(E-1.E-2.#G-2.B-2.B-1.e.#g.b)[J],ST,V,V,V;"],"id":3,"instruments":["piano"],"alternatives":[""]}],"audition":{"start":[1,14],"end":[1,29]}}