{"baseBpm":120,"musics":[{"bpm":150,"baseBeats":0.25,"scores":["d1[J],c1[J],f1[J],#a[I],a[J],f[J],e[J],d[J],e[JK],e1[K],f1[K],g1[K],f1[J],c1[K],a[IJ],#a[KL],c1[K],d1[L],c1[HK],g[K],a[K],#a[K],a[K],c1[K],e[K],f[K],d[IJ],f[J],g[IJ],e1[J],f1[J],g1[J],a1[KL],c1[L],a[IJK],#a[K],c1[KL],d1[L],e1[IJKL],e1[L],c1[KL],g[L],a[K],#a[K],a[K],c1[K],e[K],f[K],d[IJ],f[J],g[HJ],#a[L],a[L],g[L],f[L],c1[K],f[H],d[L],f[L],#a[L],a[L],g[L],f[KL],c[H],d[L],f[L],#a[L],a[L],g[L],f[L],c1[L],c1[L],a[K],f[IJK],d[L],f[L],#a[L],a[L],g[K],f[K],c[IK],e1[J],f1[J],g1[J],f1[J],c1[K],a[IJ],#a[KL],c1[K],d1[L],c1[HK],g[K],a[K],#a[K],a[K],c1[K],e[K],f[K],d[IJ],f[J],g[IJ],e1[J],f1[J],g1[J],a1[KL],c1[L],a[IJK],#a[K],c1[KL],d1[M],5<d[N],W>,e1[IJKL],e1[L],c1[KL],g[L],a[K],#a[K],a[K],c1[K],e[K],f[K],d[IJ],f[J],g[H],8<(d3~c3~b2~a2~g2~f2~e2~d2~c2~b1~a1~g1~f1~e1~d1~c1~b~a~g~f~e~d~c)[J]>,#a[L],a[L],g[L],f[L],","#A-1[J],A-1[J],d[H],c[HI],F-1[K],c[IK],d[K],f[JK],f[J],C-1[K],G-1[HJK],F-1[K],c[JK],#A-1[K],c[K],d[IK],c[K],c[K],G-1[K],e[K],c[JK],#a[K],c1[K],a[K],c1[K],g[K],c1[K],F-1[K],c[K],f[J],c1[J],a[K],#a[K],d1[J],f[J],c[K],g[K],c1[K],g[JK],#a[J],c1[J],e[J],F-1[K],f[K],G-1[K],A-1[K],#A-1[K],c[K],d[I],d[J],c[HI],F-1[HI],F-1[HI],F-1[HI],C-1[JK],e[J],g[K],c[K],c1[K],#a[K],c1[K],g[K],f1[K],F-1[K],c[IK],d[K],f[JK],f[J],C-1[K],G-1[HJK],F-1[K],c[JK],#A-1[K],c[K],d[IK],c[K],c[K],G-1[K],e[K],c[JK],#a[K],c1[K],a[K],c1[K],g[K],c1[K],F-1[K],c[K],f[J],c1[J],a[K],#a[K],d1[J],f[J],c[K],g[K],c1[K],g[JK],#a[J],c1[J],e[J],F-1[K],f[K],G-1[K],A-1[K],#A-1[K],c[K],d[I],d[J],c[HI],"],"id":1,"instruments":["piano","piano"],"alternatives":["",""]},{"bpm":150,"baseBeats":0.25,"scores":["c1[K],f[H],d[L],f[L],#a[L],a[M],5<A-1[N],W>,5<g[N],W>,G-1[M],f[KL],c[H],d[L],f[L],#a[L],a[L],g[L],f[L],c1[L],c1[L],a[K],f[IJK],d[L],f[L],#a[L],a[L],g[K],f[K],c[H],c2[K],c2[K],c2[L],c2[L],c2[L],c2[HL],c2[KL],c2[L],#a1[L],a1[L],(#a1)[M],(c2)[HLM],c2[K],c2[K],#a1[L],a1[L],c2[L],#a1[JKL],#a1[K],c2[L],#a1[L],#a1[L],a1[JKL],a1[L],g1[K],f1[L],g1[HK],c2[L],c2[L],c2[K],a1[L],#a1[L],c2[L],c2[HL],c2[K],c2[L],#a1[K],a1[L],(#a1)[M],(c2)[HLM],c2[K],c2[K],#a1[L],a1[L],c2[L],#a1[JKL],#a1[K],c2[L],#a1[L],#a1[L],a1[JKL],a1[M],5<a[N],W>,g1[K],f1[L],g1[IJ],e1[J],f1[J],g1[J],a1[KL],c1[L],a[IJK],#a[K],c1[KL],d1[L],e1[IJK],d1[K],c1[K],g[L],a[KL],#a[K],a[K],c1[K],e[K],f[K],d[IJ],f[J],g[HJ],#a[L],a[L],g[L],f[L],c1[K],f[H],d[L],f[L],#a[L],a[L],g[L],f[KL],c[H],d[L],f[L],#a[L],a[L],g[L],f[L],c1[L],c1[L],a[K],f[IJK],d[L],f[L],#a[L],a[L],g[K],f[K],c[HK],#a1[L],a1[L],g1[L],f1[L],c2[K],f1[HI],8<(d3~c3~b2~a2~g2~f2~e2~d2~c2~b1~a1~g1~f1~e1~d1~c1~b~a~g~f~e~d~c)[J]>,c2[K],c2[L],#a1[K],a1[L],(#a1)[M],(c2)[JLM],c2[K],c2[K],c2[L],c2[L],c2[L],c2[HL],c2[KL],c2[L],#a1[L],a1[L],","F-1[HI],F-1[HI],F-1[HI],C-1[K],C-1[JK],c[K],C-1[K],C-1[J],c[K],c[K],c[K],c[K],F-1[I],F-1[K],A-1[K],#A-1[I],#A-1[K],c[K],F-1[I],F-1[K],A-1[K],#A-1[IJ],#A-1[IJ],F-1[I],d[J],c[IJK],c[L],d[L],c[J],A-1[L],G-1[L],F-1[K],F-1[I],F-1[K],A-1[K],#A-1[I],#A-1[K],c[K],F-1[I],F-1[K],A-1[K],#A-1[IJ],#A-1[IJ],F-1[I],d[J],c[IJ],c[K],c[K],c[K],c[K],c[K],c[K],F-1[I],f[K],e[K],d[I],#A-1[J],c[I],c[J],#A-1[J],A-1[J],G-1[J],F-1[J],G-1[K],A-1[K],#A-1[K],c[K],d[I],#A-1[J],c[IJ],c1[IJ],F-1[HI],F-1[HI],F-1[HI],C-1[IJ],c[J],c[J],c[J],#A-1[J],A-1[J],d[IJ],D-1[J],C-1[J],C-1[J],C-1[J],c[K],c[K],c[K],c[K],c[K],c[K],F-1[I],F-1[K],A-1[K],#A-1[I],#A-1[K],c[K],"],"id":2,"instruments":["piano","piano"],"alternatives":["",""]},{"bpm":150,"baseBeats":0.25,"scores":["(#a1)[M],(c2)[HLM],c2[K],c2[K],#a1[L],a1[L],c2[L],#a1[JKL],#a1[K],c2[L],#a1[L],#a1[L],a1[JKL],a1[L],g1[K],f1[L],g1[HK],c2[L],c2[L],c2[K],a1[L],#a1[L],c2[L],c2[HL],c2[K],c2[L],#a1[K],a1[L],(#a1)[M],(c2)[HLM],c2[K],c2[K],#a1[L],a1[L],c2[L],#a1[JKL],#a1[K],c2[L],#a1[L],#a1[L],a1[JKL],a1[L],g1[K],f1[L],g1[IJ],e1[J],f1[J],g1[J],a1[KL],c1[L],a[HI],#a1[L],a1[L],g1[L],f1[L],c2[K],f1[I],c2[K],c2[K],#a1[L],a1[L],c2[L],#a1[JKL],#a1[K],c2[L],#a1[L],#a1[L],a1[JKL],a1[L],g1[K],f1[L],g1[IJ],e1[J],f1[J],g1[J],a1[KL],c1[L],a[IJK],#a[K],c1[KL],d1[L],e1[IJK],d1[K],c1[K],g[L],a[KL],#a[K],a[K],c1[K],e[K],f[K],d[IJK],f[K],g[HJ],#a[L],a[L],g[L],f[L],c1[K],f[IK],#a1[I],a1[J],g1[K],g[K],c1[K],f1[K],g1[K],f1[K],c2[K],f1[K],g1[IK],c1[K],a1[K],f1[J],a[K],#a[K],c1[K],f1[J],5<#a2[M]>,#a1[M],a2[L],g2[L],f2[L],c3[K],f2[IL],","F-1[I],F-1[K],A-1[K],#A-1[IJ],#A-1[IJ],F-1[I],d[J],c[IJ],c[K],c[L],d[L],c[J],A-1[L],G-1[L],F-1[K],F-1[I],F-1[K],A-1[K],#A-1[I],#A-1[K],c[K],F-1[I],F-1[K],A-1[K],#A-1[IJ],#A-1[IJ],F-1[I],d[J],c[IJK],c[L],d[L],c[J],A-1[L],G-1[L],F-1[K],F-1[IK],A-1[K],#A-1[IK],c[K],F-1[IK],A-1[K],#A-1[IJ],#A-1[IJ],F-1[I],d[J],c[IJ],c[IJ],F-1[K],c[IK],d[K],f[JK],f[J],C-1[K],c[IK],#A-1[IJ],F-1[J],G-1[K],A-1[K],#A-1[K],c[K],d[J],D-1[J],#A-1[J],g[HI],#A-1[J],A-1[J],d[IJ],d[J],c[HJ],f[J],f[HI],f[IKL],"],"id":3,"instruments":["piano","piano"],"alternatives":["",""]}]}