{"baseBpm":240,"musics":[{"bpm":240,"baseBeats":0.75,"scores":["RS,TU,TU,TU,TU,RS,TU,TU,TU,TU,RS,TU,TU,TU,TU,TU,TU,STW,STVW,RSUV,TU,TU,TU,TU,TU,UV,UV,TU,UV,UV,TU,UV,UV,TU,UV,UV,TU,UV,5<UV>,TU,UV,UV,TU,TU,TU,TU,TU,UV,UV,","f1[IJ],(c1.a)[KL],(b.g)[KL],(c1.a.e1)[KL],(b.g)[KL],d1[IJ],(a.f)[KL],(g.e)[KL],(a.f.c1)[KL],(g.e)[KL],b[IJ],(a.f)[KL],(g.e)[KL],(a.f)[KL],(g.e)[KL],(a.f)[KL],(g.e)[KL],(a.f)[JKN],(g.e)[JKMN],e1[IJLM],(e.A-1.a1.c1)[KL],(g.B-1.g1.d1)[KL],(e.A-1.a1.c1)[KL],(g.B-1.g1.d1)[KL],(c1.A-1.f2.g1)[KL],(g.B-1.e2.g1)[LM],(d2.f1)[LM],(g.c.e2.e1)[KL],(c2.a1)[LM],(b1.g1)[LM],(a1.f1)[KL],(g1.e1)[LM],(f1.d1)[LM],(g1.e1)[KL],c1[LM],b[LM],a[KL],g[KMO],b[NO],a[KL],g[LM],f[LM],(e.A-1.a1.c1)[KL],(g.B-1.g1.d1)[KL],(e.A-1.a1.c1)[KL],(g.B-1.g1.d1)[KL],(c1.A-1.f2.g1)[KL],(g.B-1.e2.g1)[LM],(d2.f1)[LM],"],"id":1,"instruments":["piano","piano"],"alternatives":["",""]},{"bpm":240,"baseBeats":0.75,"scores":["mute[KL],mute[LM],mute[LM],mute[KL],mute[LM],mute[LM],mute[KL],mute[LM],mute[LM],mute[KL],mute[LM],5<UV>,mute[KL],mute[LM],mute[LM],mute[JM],mute[LM],mute[KL],mute[LM],mute[LM],mute[KL],mute[LM],mute[LM],mute[KL],mute[KL],mute[JM],mute[LM],mute[KL],mute[LM],mute[LM],mute[KL],mute[LM],mute[LM],mute[KL],mute[LM],mute[LM],mute[KL],mute[LM],5<UV>,mute[KL],mute[LM],mute[LM],mute[JM],mute[LM],mute[LM],mute[LM],mute[LM],mute[LM],mute[KLMNOP],mute[KLMNOP],mute[JLP],mute[KM],mute[KM],mute[JM],mute[LM],mute[LM],mute[LM],mute[LM],mute[LM],mute[KL],mute[LM],mute[LM],mute[KL],mute[LM],mute[LM],mute[JM],mute[LM],mute[KL],mute[KL],mute[KL],mute[LM],mute[LM],mute[KL],mute[LM],mute[LM],mute[JM],mute[LM],mute[KL],mute[KL],mute[JM],mute[LM],mute[KL],mute[LM],mute[LM],mute[KL],mute[LM],mute[LM],mute[KL],mute[KL],mute[JM],mute[LM],mute[KL],mute[LM],mute[LM],mute[IL],mute[LM],mute[LM],mute[KL],mute[LM],5<UV>,mute[KL],mute[LM],mute[LM],mute[JM],mute[LM],mute[LM],mute[LM],mute[LM],mute[LM],mute[KLNO],mute[KLNOP],mute[KLMNOP],mute[LMNOP],mute[LMNOP],","(g.c.e2.e1)[KL],(c2.a1)[LM],(b1.g1)[LM],(a1.f1)[KL],(g1.e1)[LM],(f1.d1)[LM],(g1.e1)[KL],c1[LM],b[LM],a[KL],g[KMO],b[NO],a[KL],g[LM],f[LM],(a.c1.c2.f1)[JM],g[LM],(f.d1.f2.a1)[KL],(d.g2.g1)[LM],(c1.f2.f1)[LM],(e.b.e2.g1)[KL],g[LM],f[LM],e[KL],(g.e1.b1.g1)[KL],(a.c1.c2.f1)[JM],g[LM],(f.d1.f2.a1)[KL],(d.g2.g1)[LM],(c1.f2.f1)[LM],(e.b.e2.g1)[KL],g[LM],f[LM],e[KL],(c.a.a1.e1)[LM],c2[LM],(f.F-1.a1.d2.d1)[KL],(a.A-1.e1.c1.a1)[KN],c2[MN],(g.G-1.g1.d1.#a1)[KL],(#a.#A-1.d1.a1)[LM],g1[LM],(e.A-1.a.a1.e1.c1)[JM],g[LM],a[LM],g1[LM],a1[LM],c2[LM],(f.F-1.a1.d2.d1)[KLMNOP],(a.A-1.e1.c1.a1)[KMNOP],c2[L],(g.G-1.g1.d1.#a1)[JLP],(#a.#A-1.d1.a1)[KM],g1[KM],(e.A-1.a.a1.e1.c1)[JM],g[LM],a[LM],g1[LM],a1[LM],c2[LM],(f.F-1.d2.a1.d1)[KL],(d1.a.f.a1.f1)[LM],(f2.d2)[LM],(e2.c2)[KL],(d2.b1)[LM],(c2.a1)[LM],(b1.g1)[JM],(a1.f1)[LM],(b.g.g1.e1)[KL],(d1.f.a1.f1)[KL],(f.F-1.d2.a1.d1)[KL],(d1.a.f.a1.f1)[LM],(f2.d2)[LM],(e2.c2)[KL],(d2.b1)[LM],(c2.a1)[LM],(b1.g1)[JM],(a1.f1)[LM],(b.g.g1.e1)[KL],(d1.f.a1.f1)[KL],(a.c1.c2.f1)[JM],g[LM],(f.d1.f2.a1)[KL],(d.g2.b1)[LM],(c1.f2.a1)[LM],(e.b.e2.g1)[KL],g[LM],f[LM],e[KL],(e1.g.b1.g1)[KL],(a.c1.c2.f1)[JM],g[LM],(f.d1.f2.a1)[KL],(d.g2.b1)[LM],(c1.f2.a1)[LM],(b.e2.g1)[IL],(a1.e1)[LM],c2[LM],(f.F-1.a1.d2.d1)[KL],(a.A-1.e1.c1.a1)[KN],c2[MN],(g.G-1.g1.d1.#a1)[KL],(#a.#A-1.d1.a1)[LM],g1[LM],(e.A-1.a.a1.e1.c1)[JM],g[LM],a[LM],g1[LM],a1[LM],c2[LM],(f.F-1.a1.d2.d1)[KLNO],(a.A-1.e1.c1.a1)[KMP],c2[MNO],(g.G-1.g1.d1.#a1)[KLMNOP],(#a.#A-1.d1.a1)[LMNOP],g1[LMNOP],"],"id":2,"instruments":["piano","piano"],"alternatives":["",""]},{"bpm":240,"baseBeats":0.75,"scores":["STUWY,TWXY,UV,UV,UV,UV,SV,UV,UV,UV,UV,UV,UV,UV,UV,UV,UV,UV,UV,UV,UV,UV,UV,UV,UV,UV,UV,UV,UV,UV,UV,UV,UV,UV,UV,UV,TU,TU,TU,TU,TU,TU,TU,TU,TU,TU,TU,TU,TU,TU,TU,TU,ST,RS,TU,TU,ST,RS,TU,TU,RS,RS,ST,RS,","(e.A-1.a.a1.e1.c1)[JKLNP],g[KNOP],a[LM],g1[LM],a1[LM],c2[LM],(e.A-1.a.a1.e1.c1)[JM],g[LM],a[LM],g1[LM],a1[LM],c2[LM],a1[LM],g1[LM],a1[LM],c2[LM],c2[LM],b1[LM],c2[LM],e2[LM],c2[LM],b1[LM],c2[LM],e2[LM],e2[LM],d2[LM],e2[LM],g2[LM],e2[LM],d2[LM],e2[LM],a2[LM],e2[LM],d2[LM],e2[LM],g2[LM],(a2.e2.c2.a1)[KL],(g2.d2.b1)[KL],(a2.e2.c2.a1)[KL],(g2.d2.b1)[KL],(c3.e2.c2.a1)[KL],(b2.g2.e2.g1)[KL],(c3.e2.c2.a1)[KL],(b2.g2.e2.g1)[KL],(a2.e2.c2.a1)[KL],(g2.d2.b1)[KL],(a2.e2.c2.a1)[KL],(g2.d2.b1)[KL],(c3.e2.c2.a1)[KL],(b2.g2.e2.g1)[KL],(c3.e2.c2.a1)[KL],(b2.g2.e2.g1)[KL],(c3.e2.c2.a1)[JK],(d3.g2.d2.#a1)[IJ],(f2.d3.d2.#a1)[KL],g2[KL],(c3.a2.e2.a1)[JK],(d3.g2.d2.#a1)[IJ],(f2.d3.d2.#a1)[KL],g2[KL],(c3.a2.e2.a1)[IJ],(d3.g2.d2.#a1)[IJ],(a1.e2.a2.c3)[JK],(c2.e3)[IJ],"],"id":3,"instruments":["piano","piano"],"alternatives":["",""]}],"audition":{"start":[0,0],"end":[1,0]}}