{"baseBpm":110,"musics":[{"bpm":110,"baseBeats":0.25,"scores":["mute[M],mute[M],mute[M],mute[L],mute[LM],mute[L],mute[L],mute[L],mute[L],mute[L],mute[LM],mute[LM],mute[L],mute[L],mute[L],mute[L],mute[L],mute[LM],mute[LM],mute[JL],mute[LM],mute[LM],mute[K],mute[L],mute[L],mute[M],mute[M],mute[M],mute[L],mute[LM],mute[L],mute[L],mute[L],mute[L],mute[L],mute[LM],mute[LM],mute[L],mute[L],mute[L],mute[L],mute[L],mute[LM],mute[LM],mute[J],5<mute[N],mute[N]>,5<mute[N],mute[N]>,mute[LM],mute[LM],mute[K],mute[LM],mute[MN],mute[MN],mute[M],mute[M],mute[M],mute[M],mute[L],mute[M],mute[M],mute[M],mute[M],mute[M],mute[M],mute[L],mute[M],mute[M],mute[M],mute[M],mute[M],mute[M],mute[L],mute[M],mute[M],mute[M],mute[M],mute[M],mute[M],mute[L],mute[L],mute[M],mute[M],mute[M],mute[M],mute[L],mute[M],mute[M],mute[M],mute[M],mute[M],mute[M],mute[L],mute[L],mute[M];","#g2[M],a2[M],(b.#g.e.b2)[M],a2[L],(b.#g.e.#g2)[LM],(b.#g.e.e2)[L],#c2[L],(a.e.#c)[L],(a.e.#c)[L],e2[L],(a.#f.#c.#c2)[LM],(a.#f.#c.#c2)[LM],(a.#f.#c.e2)[L],#g2[N],a2[MN],(a.e.#c.#g2)[L],(a.#f.#d.#f2)[L],#d2[L],(b.#g.e.#d2)[N],e2[LN],(b.#g.e.e2)[LM],(b.#g.e.e2)[JL],(b.#g.e.e2.#f1.e1)[LM],(b.#g.e.e2.#f1.e1)[LM],(b.#g.e.e2.#g1.e1)[K],B-1[L],#c[L],(#d.#g2)[M],a2[M],(b.#g.e.b2)[M],a2[L],(b.#g.e.#g2)[LM],(b.#g.e.e2)[L],#c2[L],(a.e.#c)[L],(a.e.#c)[L],e2[L],(a.#f.#c.#c2)[LM],(a.#f.#c.#c2)[LM],(a.#f.#c.e2)[L],#g2[N],a2[MN],(a.e.#c.#g2)[L],(a.#f.#d.#f2)[L],b2[L],(b.#g.e.#d2)[N],e2[LN],(b.#g.e.e2)[LM],(b.#g.e.e2)[J],(mute~b2)[M],(#c3~#d3)[M],(b.#g.e.e3.e2)[LM],(b.#g.e.e3.e2)[LM],(b.#g.e.e3.e2)[K],(b.#g.e)[LM],(b.#g.d)[M],#d2[N],e2[MN],(A-1.#c2)[M],e[M],#g[M],a[M],(e1.#c1)[L],e2[M],b2[M],d[M],#f[M],(a.a2)[M],c1[M],(e1.a.#g2)[L],b2[M],#g2[M],#G-1[M],#d[M],#f[M],#g[M],(#d1.b.e2)[L],#f2[M],e2[M],G-1[M],#c[M],e[M],#f[M],(#a.g)[L],e2[L],(#F-1.#c2)[M],#c[M],e[M],#f[M],(#c1.a.#d2)[L],e2[M],c2[M],#G-1[M],#d[M],(#f.#d2)[M],#g[M],(#d1.c1.e2)[L],#f2[L],(#c.#f2)[M];"],"id":1,"instruments":["piano","piano"],"alternatives":["",""]},{"bpm":110,"baseBeats":0.25,"scores":["mute[M],mute[M],mute[M],mute[L],mute[M],mute[M],mute[M],mute[M],mute[M],mute[M],mute[M],mute[M],mute[M],mute[M],mute[M],mute[M],mute[M],mute[M],mute[L],mute[M],mute[M],mute[M],mute[M],mute[M],mute[M],mute[L],mute[L],mute[M],mute[M],mute[M],mute[M],mute[L],mute[M],mute[M],mute[M],mute[M],mute[M],mute[M],mute[M],mute[M],mute[L],mute[M],mute[M],mute[M],mute[M],mute[L],mute[L],mute[K],mute[K],mute[L],mute[M],mute[L],mute[L],mute[M],mute[M],mute[M],mute[M],mute[M],mute[M],mute[M],mute[M],mute[M],mute[M],mute[L],mute[LM],mute[L],mute[L],mute[L],mute[L],mute[L],mute[LM],mute[LM],mute[L],mute[L],mute[L],mute[L],mute[L],mute[LM],mute[LM],mute[JL],mute[LM],mute[LM],mute[K],mute[L],mute[L],mute[M],mute[M],mute[M],mute[L],mute[LM],mute[L],mute[L],mute[L],mute[L],mute[L],mute[LM],mute[LM];","#g[M],b[M],#c1[M],(#g1.e1.e2)[L],#f2[M],#g2[M],e1[M],b[M],#g[M],e[M],#g[M],e[M],B-1[M],e[M],(A-1.e2)[M],e[M],#g[M],a[M],(e1.#c1.#c2)[L],e2[M],b2[M],#F-1[M],B-1[M],(#d.a2)[M],#f[M],(b.a.#g2)[L],e3[L],(#G-1.#d3)[M],#d[M],(#f.b2)[M],#g[M],(#d1.b.#g2)[L],b2[M],e2[M],b[M],#g[M],e[M],B-1[M],e[M],B-1[M],(#G-1.e2)[L],(A-1.#c2)[M],e[M],#g[M],a[M],(e1.#c1)[L],e2[L],(a.#f.#d2)[N],e2[LMN],(a.B-1.#f2)[K],(#g.e.e2)[L],b1[M],e1[L],b1[L],a1[M],e[M],#g1[M],a1[M],#g1[M],#f1[M],b[M],#g2[M],a2[M],(b.#g.e.b2)[M],a2[L],(b.#g.e.#g2)[LM],(b.#g.e.e2)[L],#c2[L],(a.e.#c)[L],(a.e.#c)[L],e2[L],(a.#f.#c.#c2)[LM],(a.#f.#c.#c2)[LM],(a.#f.#c.e2)[L],#g2[N],a2[MN],(a.e.#c.#g2)[L],(a.#f.#d.#f2)[L],#d2[L],(b.#g.e.#d2)[N],e2[LN],(b.#g.e.e2)[LM],(b.#g.e.e2)[JL],(b.#g.e.e2.#f1.e1)[LM],(b.#g.e.e2.#f1.e1)[LM],(b.#g.e.e2.#g1.e1)[K],B-1[L],#c[L],(#d.#g2)[M],a2[M],(b.#g.e.b2)[M],a2[L],(b.#g.e.#g2)[LM],(b.#g.e.e2)[L],#c2[L],(a.e.#c)[L],(a.e.#c)[L],e2[L],(a.#f.#c.#c2)[LM],(a.#f.#c.#c2)[LM];"],"id":2,"instruments":["piano","piano"],"alternatives":["",""]},{"bpm":110,"baseBeats":0.25,"scores":["mute[L],mute[L],mute[L],mute[L],mute[L],mute[LM],mute[LM],mute[J],5<mute[N],mute[N]>,5<mute[N],mute[N]>,mute[LM],mute[LM],mute[K],mute[LM],mute[MN],mute[MN],mute[M],mute[M],mute[M],mute[M],mute[L],mute[M],mute[M],mute[M],mute[M],mute[M],mute[M],mute[L],mute[M],mute[M],mute[M],mute[M],mute[M],mute[M],mute[L],mute[M],mute[M],mute[M],mute[M],mute[M],mute[M],mute[L],mute[L],mute[M],mute[M],mute[M],mute[M],mute[L],mute[M],mute[M],mute[M],mute[M],mute[M],mute[M],mute[L],mute[L],mute[M],mute[M],mute[M],mute[M],mute[L],mute[M],mute[M],mute[M],mute[M],mute[M],mute[M],mute[M],mute[M],mute[M],mute[M],mute[M],mute[M],mute[M],mute[M],mute[L],mute[M],mute[M],mute[M],mute[M],mute[M],mute[M],mute[L],mute[L],mute[M],mute[M],mute[M],mute[M],mute[L],mute[M],mute[M],mute[M],mute[M],mute[M],mute[M],mute[M],mute[M],mute[L],mute[M],mute[M],mute[M],mute[M],mute[L],mute[L],mute[K],mute[K],mute[J],mute[KLMN];","(a.#f.#c.e2)[L],#g2[N],a2[MN],(a.e.#c.#g2)[L],(a.#f.#d.#f2)[L],b2[L],(b.#g.e.#d2)[N],e2[LN],(b.#g.e.e2)[LM],(b.#g.e.e2)[J],(mute~b2)[M],(#c3~#d3)[M],(b.#g.e.e3.e2)[LM],(b.#g.e.e3.e2)[LM],(b.#g.e.e3.e2)[K],(b.#g.e)[LM],(b.#g.d)[M],#d2[N],e2[MN],(A-1.#c2)[M],e[M],#g[M],a[M],(e1.#c1)[L],e2[M],b2[M],d[M],#f[M],(a.a2)[M],c1[M],(e1.a.#g2)[L],b2[M],#g2[M],#G-1[M],#d[M],#f[M],#g[M],(#d1.b.e2)[L],#f2[M],e2[M],G-1[M],#c[M],e[M],#f[M],(#a.g)[L],e2[L],(#F-1.#c2)[M],#c[M],e[M],#f[M],(#c1.a.#d2)[L],e2[M],c2[M],#G-1[M],#d[M],(#f.#d2)[M],#g[M],(#d1.c1.e2)[L],#f2[L],(#c.#f2)[M],#g[M],b[M],#c1[M],(#g1.e1.e2)[L],#f2[M],#g2[M],e1[M],b[M],#g[M],e[M],#g[M],e[M],B-1[M],e[M],(A-1.e2)[M],e[M],#g[M],a[M],(e1.#c1.#c2)[L],e2[M],b2[M],#F-1[M],B-1[M],(#d.a2)[M],#f[M],(b.a.#g2)[L],e3[L],(#G-1.#d3)[M],#d[M],(#f.b2)[M],#g[M],(#d1.b.#g2)[L],b2[M],e2[M],b[M],#g[M],e[M],B-1[M],e[M],B-1[M],(#G-1.e2)[L],(A-1.#c2)[M],e[M],#g[M],a[M],(e1.#c1)[L],e2[L],(a.#f.#d2)[N],e2[LMN],(a.B-1.#f2)[K],(#g.e.B-1.e2.b1.#g1)[J],E-1[KLMN];"],"id":3,"instruments":["piano","piano"],"alternatives":["",""]}]}