{"baseBpm":210,"musics":[{"id":1,"baseBeats":0.5,"scores":["mute[K],mute[L],mute[K],mute[L],mute[K],mute[L],mute[K],mute[L],mute[K],mute[L],mute[K],mute[L],mute[K],mute[L],mute[K],mute[L],mute[K],mute[L],mute[K],mute[L],mute[K],mute[L],mute[K],mute[L],mute[K],mute[L],mute[K],mute[L],mute[K],mute[L],mute[K],mute[L],mute[K],mute[L],mute[K],mute[L],mute[K],mute[L],mute[K],mute[L],mute[K],mute[L],mute[K],mute[L],mute[K],mute[L],mute[K],mute[L],mute[K],mute[L],mute[K],mute[L],mute[K],mute[L],mute[K],mute[L],mute[K],mute[L],mute[K],mute[L],mute[K],mute[L],mute[K],mute[L],mute[K],mute[L],mute[K],mute[L],mute[K],mute[L],mute[K],mute[L],mute[K],mute[L],mute[K],mute[L],mute[K],mute[L],mute[K],mute[L],mute[K],mute[L],mute[K],mute[L],mute[K],mute[L],mute[K],mute[L],mute[K],mute[L],mute[K],mute[L],mute[K],mute[L],mute[K],mute[L],mute[K],mute[L],mute[K],mute[L],mute[K],mute[L],mute[K],mute[L],mute[K],mute[L],mute[K],mute[L],mute[K],mute[L],mute[K],mute[L],mute[K],mute[L],mute[K],mute[L],mute[K],mute[L],mute[K],mute[L],mute[K],mute[L],mute[K],mute[L],mute[K],mute[L],mute[K],mute[L],mute[K],mute[L],mute[K],mute[L],mute[K],mute[L],mute[L],mute[L],mute[L],mute[K],mute[L],mute[K],mute[L],mute[K],mute[L],mute[K],mute[L],mute[K],mute[L],mute[K],mute[L],mute[K],mute[L],mute[K],mute[L],mute[K],mute[L],mute[K],mute[L],mute[K],mute[L],mute[K],mute[L],mute[K],mute[L],mute[K],mute[L],mute[K],mute[L],mute[K],mute[L],mute[K],mute[L],mute[K],mute[L],mute[K],mute[L],mute[K],mute[L],mute[K],mute[L],mute[K],mute[L],mute[K],mute[L],mute[K],mute[L],mute[K],mute[L],mute[K],mute[L],mute[K],mute[L],mute[K],mute[L],mute[K],mute[L],mute[K],mute[L],mute[K],mute[L],mute[K],mute[L],mute[K],mute[L],mute[K],mute[L],mute[K],mute[L],mute[K],mute[L],mute[K],mute[L],mute[K],mute[L],mute[K],mute[L],mute[K],mute[L],mute[K],mute[L],mute[K],mute[L],mute[K],mute[L],mute[K],mute[L],mute[K],mute[L],mute[K],mute[L],mute[K],mute[L],mute[K],mute[L],mute[K],mute[L],mute[K],mute[L],mute[K],mute[L],mute[K],mute[L],mute[K],mute[L],mute[K],mute[L],mute[K],mute[L],mute[K],mute[L],mute[K],mute[L],mute[K],mute[L],mute[K],mute[L],mute[K],mute[L],mute[K],mute[L],mute[K],mute[L],mute[K],mute[L],mute[K],mute[L],mute[K],mute[L],mute[K],mute[L],mute[K],mute[L],mute[K],mute[L],mute[K],mute[L],mute[K],mute[L],mute[K],mute[L],mute[K],mute[L],mute[K],mute[L],mute[K],mute[L],mute[K],mute[L],mute[K],mute[L],mute[K],mute[L],mute[K],mute[L],mute[K],mute[L],mute[K],mute[L],mute[K],mute[L],mute[K],mute[L],mute[K],mute[L],mute[K],mute[L],mute[K],mute[L],mute[K],mute[L],mute[K],mute[L],mute[K],mute[L],mute[K],mute[L],mute[K],mute[L],mute[K],mute[L],mute[K],mute[L],mute[K],mute[L],mute[K],mute[L],mute[K],mute[L],mute[K],mute[L],mute[K],mute[L],mute[K],mute[L],mute[K],mute[L],mute[K],mute[L],mute[K],mute[L],mute[K],mute[L],mute[K],mute[L],mute[K],mute[L],mute[K],mute[L],mute[K],mute[L],mute[K],mute[L],mute[K],mute[L],mute[K],mute[L],mute[K],mute[L],mute[K],mute[L],mute[K],mute[L],mute[K],mute[L],mute[K],mute[L],mute[K],mute[L],mute[K],mute[L],mute[K],mute[L],mute[K],mute[L],mute[K],mute[L],mute[K],mute[L],mute[K],mute[L],mute[K],mute[L],mute[K],mute[L],mute[K],mute[L],mute[K],mute[L],mute[K],mute[L],mute[K],mute[L],mute[K],mute[L],mute[K],mute[L],mute[K],mute[L],mute[K],mute[L],mute[K],mute[L],mute[K],mute[L],mute[K],mute[L],mute[K],mute[L],mute[K],mute[L],mute[K],mute[L],mute[K],mute[L],mute[K],mute[L],mute[K],mute[L],mute[K],mute[L],mute[K],mute[L],mute[K],mute[L],mute[K],mute[L],mute[K],mute[L],mute[K],mute[L],mute[K],mute[L],mute[K],mute[L],mute[K],mute[L],mute[K],mute[L],mute[K],mute[L],mute[K],mute[L],mute[K],mute[L],mute[K],mute[L],mute[K],mute[L],mute[K],mute[L],mute[K],mute[L],mute[K],mute[L],mute[K],mute[L],mute[K],mute[L],mute[K],mute[L],mute[K],mute[L],mute[K],mute[L],mute[K],mute[L],mute[K],mute[L],mute[K],mute[L],mute[K],mute[L],mute[K],mute[L],mute[K],mute[L],mute[K],mute[L],mute[K],mute[L],mute[K],mute[L],mute[K],mute[L],mute[K],mute[L],mute[K],mute[L],mute[K],mute[L],mute[K],mute[L],mute[K],mute[L],mute[K],mute[L],mute[K],mute[L],mute[K],mute[L],mute[K],mute[L],mute[K],mute[L],mute[K],mute[L],mute[K],mute[L],mute[K],mute[L],mute[K],mute[L],mute[K],mute[L];","g[K],b[L],g[K],b[L],g[K],a[L],g[K],a[L],g[K],a[L],g[K],a[L],g[K],a[L],g[K],a[L],#f[K],b[L],#f[K],b[L],#f[K],a[L],#f[K],a[L],#f[K],a[L],#f[K],a[L],#f[K],a[L],#f[K],a[L],e[K],b[L],e[K],b[L],e[K],a[L],e[K],a[L],e[K],a[L],e[K],a[L],e[K],a[L],e[K],a[L],c[K],a[L],c[K],a[L],c[K],a[L],c[K],a[L],c[K],g[L],c[K],g[L],c[K],g[L],(d1.c)[K],(b1.g)[L],g[K],b[L],g[K],b[L],g[K],a[L],g[K],(d1.a)[L],(b1.g)[K],(a1.a)[L],g[K],(b1.a)[L],g[K],a[L],(a1.g)[K],(b1.a)[L],#f[K],b[L],(b1.#f)[K],(c2.b)[L],#f[K],a[L],#f[K],(a1.a)[L],#f[K],a[L],#f[K],a[L],#f[K],a[L],(e1.#f)[K],(b1.a)[L],e[K],b[L],e[K],b[L],e[K],a[L],e[K],(e1.a)[L],(b1.e)[K],(a1.a)[L],e[K],(a1.a)[L],e[K],a[L],(g1.e)[K],(g1.a)[L],c[K],a[L],c[K],a[L],c[K],a[L],c[K],a[L],c[K],g[L],c[K],g[L],c[K],g[L],(d1.c)[K],(g1.g)[L],g[K],b[L],(d1.g)[K],(b1.b)[L],g[K],(b1.a)[L],g[L],b1[L],a[L],(b1.g)[K],(b1.a)[L],g[K],(b1.a)[L],g[K],a[L],(b1.g)[K],(b1.a)[L],#f[K],(b1.b)[L],#f[K],(b1.b)[L],#f[K],(b1.a)[L],(c2.#f)[K],a[L],#f[K],(a1.a)[L],#f[K],a[L],#f[K],a[L],(e1.#f)[K],(b1.a)[L],e[K],b[L],e[K],b[L],e[K],a[L],e[K],(e1.a)[L],(b1.e)[K],(a1.a)[L],e[K],(a1.a)[L],e[K],a[L],(g1.e)[K],(g1.a)[L],c[K],a[L],c[K],a[L],c[K],a[L],c[K],a[L],c[K],g[L],c[K],g[L],c[K],g[L],(d1.c)[K],(g1.g)[L],(G-1.g)[K],b[L],(G-1.g)[K],b[L],(G-1.g)[K],a[L],(g.G-1)[K],a[L],g[K],a[L],(G-1.g)[K],a[L],(G-1.g)[K],a[L],(G-1.g)[K],a[L],(#F-1.#f)[K],b[L],(#F-1.#f)[K],b[L],(#F-1.#f)[K],a[L],(#f.#F-1)[K],(e1.a)[L],(b1.#f)[K],(a1.a)[L],(#F-1.#f)[K],(a1.a)[L],(#F-1.#f)[K],a[L],(g1.#F-1.#f)[K],(g1.a)[L],(E-1.e)[K],b[L],(E-1.e)[K],b[L],(E-1.e)[K],a[L],(e.E-1)[K],a[L],e[K],a[L],(E-1.e)[K],a[L],(E-1.e)[K],a[L],(e1.E-1.e)[K],(g1.a)[L],(C-1.c)[K],a[L],(C-1.c)[K],a[L],(C-1.c)[K],a[L],(c.C-1)[K],(e1.a)[L],(b1.c)[K],(a1.g)[L],(C-1.c)[K],(a1.g)[L],(C-1.c)[K],g[L],(a1.C-1.c)[K],(a1.g)[L],(G-1.g)[K],b[L],(G-1.g)[K],b[L],(G-1.g)[K],a[L],(g.G-1)[K],a[L],g[K],a[L],(G-1.g)[K],a[L],(G-1.g)[K],a[L],(G-1.g)[K],a[L],(#F-1.#f)[K],b[L],(#F-1.#f)[K],b[L],(#F-1.#f)[K],a[L],(#f.#F-1)[K],(b1.a)[L],(b1.#f)[K],(a1.a)[L],(#F-1.#f)[K],(a1.a)[L],(#F-1.#f)[K],a[L],(a1.#F-1.#f)[K],(a1.a)[L],(E-1.e)[K],b[L],(E-1.e)[K],b[L],(E-1.e)[K],a[L],(e.E-1)[K],a[L],e[K],a[L],(E-1.e)[K],a[L],(E-1.e)[K],a[L],(E-1.e)[K],a[L],(g1.C-1.c)[K],a[L],(C-1.c)[K],a[L],(C-1.c)[K],a[L],(c.C-1)[K],a[L],c[K],g[L],(C-1.c)[K],g[L],(C-1.c)[K],g[L],(d1.C-1.c)[K],(a1.g)[L],(G-1.g)[K],(b.g1)[L],(G-1.g)[K],(b.g1)[L],(G-1.g)[K],(a.g1)[L],(G-1.g)[K],(a.g1)[L],(G-1.g)[K],(a.g1)[L],(G-1.g)[K],(a.g1)[L],(G-1.g)[K],(a.g1)[L],(G-1.g)[K],(a.g1)[L],(#F-1.#f)[K],(b.g1)[L],(#F-1.#f)[K],(b.g1)[L],(#F-1.#f)[K],(a.a1)[L],(#F-1.#f)[K],(a.a1)[L],(#F-1.#f)[K],(a.a1)[L],(#F-1.#f)[K],(a.a1)[L],(#F-1.#f)[K],(a.a1)[L],(#F-1.#f)[K],(a.a1)[L],(E-1.e)[K],(b.g1)[L],(E-1.e)[K],(b.g1)[L],(E-1.e)[K],(a.g1)[L],(E-1.e)[K],(a.g1)[L],(E-1.e)[K],(a.g1)[L],(E-1.e)[K],(a.g1)[L],(E-1.e)[K],(a.g1)[L],(E-1.e)[K],(a.g1)[L],(C-1.c)[K],(a.g1)[L],(C-1.c)[K],(a.g1)[L],(C-1.c)[K],(a.g1)[L],(C-1.c)[K],(a.g1)[L],(a2.C-1.c)[K],(g.g1)[L],(C-1.c)[K],(g.g1)[L],(C-1.c)[K],(g.g1)[L],(C-1.c)[K],(g.g1)[L],(G-1.g)[K],b[L],(G-1.g)[K],b[L],(G-1.g)[K],a[L],(G-1.g)[K],a[L],(G-1.g)[K],a[L],(G-1.g)[K],a[L],(G-1.g)[K],a[L],(G-1.g)[K],a[L],(g2.#F-1.#f)[K],b[L],(#F-1.#f)[K],b[L],(#F-1.#f)[K],a[L],(#F-1.#f)[K],a[L],(#F-1.#f)[K],a[L],(#F-1.#f)[K],a[L],(#F-1.#f)[K],a[L],(#F-1.#f)[K],a[L],(E-1.e)[K],b[L],(E-1.e)[K],b[L],(E-1.e)[K],a[L],(E-1.e)[K],a[L],(E-1.e)[K],a[L],(E-1.e)[K],a[L],(E-1.e)[K],a[L],(E-1.e)[K],a[L],(#f2.C-1.c)[K],(g2.a)[L],(C-1.c)[K],a[L],(C-1.c)[K],a[L],(C-1.c)[K],a[L],(C-1.c)[K],g[L],(C-1.c)[K],g[L],(C-1.c)[K],g[L],(C-1.c)[K],g[L],(G-1.g)[K],(b.g1)[L],(G-1.g)[K],(b.g1)[L],(G-1.g)[K],(a.g1)[L],(G-1.g)[K],(a.g1)[L],(G-1.g)[K],(a.g1)[L],(G-1.g)[K],(a.g1)[L],(G-1.g)[K],(a.g1)[L],(G-1.g)[K],(a.g1)[L],(#F-1.#f)[K],(b.g1)[L],(#F-1.#f)[K],(b.g1)[L],(#F-1.#f)[K],(a.a1)[L],(#F-1.#f)[K],(a.a1)[L],(#F-1.#f)[K],(a.a1)[L],(#F-1.#f)[K],(a.a1)[L],(#F-1.#f)[K],(a.a1)[L],(#F-1.#f)[K],(a.a1)[L],(E-1.e)[K],(b.g1)[L],(E-1.e)[K],(b.g1)[L],(E-1.e)[K],(a.g1)[L],(E-1.e)[K],(a.g1)[L],(E-1.e)[K],(a.g1)[L],(E-1.e)[K],(a.g1)[L],(E-1.e)[K],(a.g1)[L],(E-1.e)[K],(a.g1)[L],(C-1.c)[K],(a.g1)[L],(C-1.c)[K],(a.g1)[L],(C-1.c)[K],(a.g1)[L],(C-1.c)[K],(a.g1)[L],(C-1.c)[K],(g.g1)[L],(C-1.c)[K],(g.g1)[L],(C-1.c)[K],(g.g1)[L],(C-1.c)[K],(g.g1)[L];"]},{"id":2,"baseBeats":0.5,"scores":["mute[K],mute[L],mute[K],mute[L],mute[K],mute[L],mute[K],mute[L],mute[K],mute[L],mute[K],mute[L],mute[K],mute[L],mute[K],mute[L],mute[K],mute[L],mute[K],mute[L],mute[K],mute[L],mute[K],mute[L],mute[K],mute[L],mute[K],mute[L],mute[K],mute[L],mute[K],mute[L],mute[K],mute[L],mute[K],mute[L],mute[K],mute[L],mute[K],mute[L],mute[K],mute[L],mute[K],mute[L],mute[K],mute[L],mute[K],mute[L],mute[K],mute[L],mute[K],mute[L],mute[K],mute[L],mute[K],mute[L],mute[K],mute[L],mute[K],mute[L],mute[K],mute[L],mute[K],mute[L],mute[K],mute[L],mute[K],mute[L],mute[K],mute[L],mute[K],mute[L],mute[K],mute[L],mute[K],mute[L],mute[K],mute[L],mute[K],mute[L],mute[K],mute[L],mute[K],mute[L],mute[K],mute[L],mute[K],mute[L],mute[K],mute[L],mute[K],mute[L],mute[K],mute[L],mute[K],mute[L],mute[K],mute[L],mute[K],mute[L],mute[K],mute[L],mute[K],mute[L],mute[K],mute[L],mute[K],mute[L],mute[K],mute[L],mute[K],mute[L],mute[K],mute[L],mute[K],mute[L],mute[K],mute[L],mute[K],mute[L],mute[K],mute[L],mute[K],mute[L],mute[K],mute[L],mute[K],mute[L],mute[K],mute[L],mute[K],mute[L],mute[K],mute[L],mute[K],mute[L],mute[K],mute[L],mute[K],mute[L],mute[K],mute[L],mute[K],mute[L],mute[K],mute[L],mute[K],mute[L],mute[K],mute[L],mute[K],mute[L],mute[K],mute[L],mute[K],mute[L],mute[K],mute[L],mute[K],mute[L],mute[K],mute[L],mute[K],mute[L],mute[K],mute[L],mute[K],mute[L],mute[K],mute[L],mute[K],mute[L],mute[K],mute[L],mute[K],mute[L],mute[K],mute[L],mute[K],mute[L],mute[K],mute[L],mute[K],mute[L],mute[K],mute[L],mute[K],mute[L],mute[K],mute[L],mute[K],mute[L],mute[K],mute[L],mute[K],mute[L],mute[K],mute[L],mute[K],mute[L],mute[K],mute[L],mute[K],mute[L],mute[K],mute[L],mute[K],mute[L],mute[K],mute[L],mute[K],mute[L],mute[K],mute[L],mute[K],mute[L],mute[K],mute[L],mute[K],mute[L],mute[K],mute[L],mute[K],mute[L],mute[K],mute[L],mute[K],mute[L],mute[K],mute[L],mute[K],mute[L],mute[K],mute[L],mute[K],mute[L],mute[K],mute[L],mute[K],mute[L],mute[K],mute[L],mute[K],mute[L],mute[K],mute[L],mute[K],mute[L],mute[K],mute[L],mute[K],mute[L],mute[K],mute[L],mute[K],mute[L],mute[K],mute[L],mute[K],mute[L],mute[K],mute[L],mute[K],mute[L],mute[K],mute[L],mute[K],mute[L],mute[K],mute[L],mute[K],mute[L],mute[K],mute[L],mute[K],mute[L],mute[K],mute[L],mute[K],mute[L],mute[K],mute[L],mute[K],mute[L],mute[K],mute[L],mute[K],mute[L],mute[K],mute[L],mute[K],mute[L],mute[K],mute[L],mute[K],mute[L],mute[K],mute[L],mute[K],mute[L],mute[K],mute[L],mute[K],mute[L],mute[K],mute[L],mute[K],mute[L],mute[K],mute[L],mute[K],mute[L],mute[K],mute[L],mute[K],mute[L],mute[K],mute[L],mute[K],mute[L],mute[K],mute[L],mute[K],mute[L],mute[K],mute[L],mute[K],mute[L],mute[K],mute[L],mute[K],mute[L],mute[K],mute[L],mute[L],mute[L],mute[L],mute[K],mute[L],mute[K],mute[L],mute[K],mute[L],mute[K],mute[L],mute[K],mute[L],mute[K],mute[L],mute[K],mute[L],mute[K],mute[L],mute[K],mute[L],mute[K],mute[L],mute[K],mute[L],mute[K],mute[L],mute[K],mute[L],mute[K],mute[L],mute[K],mute[L],mute[K],mute[L],mute[K],mute[L],mute[K],mute[L],mute[K],mute[L],mute[K],mute[L],mute[K],mute[L],mute[K],mute[L],mute[K],mute[L];","g[K],b[L],g[K],b[L],g[K],a[L],g[K],a[L],g[K],a[L],g[K],a[L],g[K],a[L],g[K],a[L],#f[K],b[L],#f[K],b[L],#f[K],a[L],#f[K],a[L],#f[K],a[L],#f[K],a[L],#f[K],a[L],#f[K],a[L],e[K],b[L],e[K],b[L],e[K],a[L],e[K],a[L],e[K],a[L],e[K],a[L],e[K],a[L],e[K],a[L],c[K],a[L],c[K],a[L],c[K],a[L],c[K],a[L],c[K],g[L],c[K],g[L],c[K],g[L],c[K],g[L],g[K],b[L],g[K],b[L],g[K],a[L],g[K],a[L],g[K],a[L],g[K],a[L],g[K],a[L],g[K],a[L],#f[K],b[L],#f[K],b[L],#f[K],a[L],#f[K],a[L],#f[K],a[L],#f[K],a[L],#f[K],a[L],#f[K],a[L],e[K],b[L],e[K],b[L],e[K],a[L],e[K],a[L],e[K],a[L],e[K],a[L],e[K],a[L],e[K],a[L],c[K],a[L],c[K],a[L],c[K],a[L],c[K],a[L],c[K],g[L],c[K],g[L],c[K],g[L],c[K],g[L],g[K],b[L],g[K],b[L],g[K],a[L],g[K],a[L],g[K],a[L],g[K],a[L],g[K],a[L],g[K],a[L],#f[K],b[L],#f[K],b[L],#f[K],a[L],#f[K],a[L],#f[K],a[L],#f[K],a[L],#f[K],a[L],#f[K],a[L],e[K],b[L],e[K],b[L],e[K],a[L],e[K],a[L],e[K],a[L],e[K],a[L],e[K],a[L],e[K],a[L],c[K],a[L],c[K],a[L],c[K],a[L],c[K],a[L],c[K],g[L],c[K],g[L],c[K],g[L],c[K],g[L],g[K],b[L],g[K],b[L],g[K],a[L],g[K],a[L],g[K],a[L],g[K],a[L],g[K],a[L],g[K],a[L],#f[K],b[L],#f[K],b[L],#f[K],a[L],#f[K],a[L],#f[K],a[L],#f[K],a[L],#f[K],a[L],#f[K],a[L],e[K],b[L],e[K],b[L],e[K],a[L],e[K],a[L],e[K],a[L],e[K],a[L],e[K],a[L],e[K],a[L],c[K],a[L],c[K],a[L],c[K],a[L],c[K],a[L],c[K],g[L],c[K],g[L],c[K],g[L],c[K],g[L],(G-1.g)[K],(b.g1)[L],(G-1.g)[K],(b.g1)[L],(G-1.g)[K],(a.g1)[L],(G-1.g)[K],(a.g1)[L],(G-1.g)[K],(a.g1)[L],(G-1.g)[K],(a.g1)[L],(G-1.g)[K],(a.g1)[L],(G-1.g)[K],(a.g1)[L],(#F-1.#f)[K],(b.g1)[L],(#F-1.#f)[K],(b.g1)[L],(#F-1.#f)[K],(a.a1)[L],(#F-1.#f)[K],(a.a1)[L],(#F-1.#f)[K],(a.a1)[L],(#F-1.#f)[K],(a.a1)[L],(#F-1.#f)[K],(a.a1)[L],(#F-1.#f)[K],(a.a1)[L],(E-1.e)[K],(b.g1)[L],(E-1.e)[K],(b.g1)[L],(E-1.e)[K],(a.g1)[L],(E-1.e)[K],(a.g1)[L],(E-1.e)[K],(a.g1)[L],(E-1.e)[K],(a.g1)[L],(E-1.e)[K],(a.g1)[L],(E-1.e)[K],(a.g1)[L],(C-1.c)[K],(a.g1)[L],(C-1.c)[K],(a.g1)[L],(C-1.c)[K],(a.g1)[L],(C-1.c)[K],(a.g1)[L],(C-1.c)[K],(g.g1)[L],(C-1.c)[K],(g.g1)[L],(a2.C-1.c)[K],(g.g1)[L],(C-1.c)[K],(g.g1)[L],(G-1.g)[K],(b.g1)[L],(G-1.g)[K],(b.g1)[L],(G-1.g)[K],(a.g1)[L],(G-1.g)[K],(a.g1)[L],(G-1.g)[K],(a.g1)[L],(G-1.g)[K],(a.g1)[L],(G-1.g)[K],(a.g1)[L],(G-1.g)[L],g2[L],(a.g1)[L],(g2.#F-1.#f)[K],(b.g1)[L],(#F-1.#f)[K],(b.g1)[L],(#F-1.#f)[K],(a.a1)[L],(#F-1.#f)[K],(a.a1)[L],(#F-1.#f)[K],(a.a1)[L],(#F-1.#f)[K],(a.a1)[L],(#F-1.#f)[K],(a.a1)[L],(#F-1.#f)[K],(a.a1)[L],(E-1.e)[K],(b.g1)[L],(E-1.e)[K],(b.g1)[L],(E-1.e)[K],(a.g1)[L],(E-1.e)[K],(a.g1)[L],(E-1.e)[K],(a.g1)[L],(E-1.e)[K],(a.g1)[L],(E-1.e)[K],(a.g1)[L],(#f2.E-1.e)[K],(a.g1)[L],(g2.C-1.c)[K],(a.g1)[L],(C-1.c)[K],(a.g1)[L],(C-1.c)[K],(a.g1)[L],(C-1.c)[K],(a.g1)[L],(C-1.c)[K],(g.g1)[L],(C-1.c)[K],(g.g1)[L],(C-1.c)[K],(g.g1)[L];"]},{"id":3,"baseBeats":0.5,"scores":["mute[K],mute[L],mute[K],mute[L],mute[K],mute[L],mute[K],mute[L],mute[K],mute[L],mute[K],mute[L],mute[K],mute[L],mute[K],mute[L],mute[K],mute[L],mute[K],mute[L],mute[K],mute[L],mute[K],mute[L],mute[K],mute[L],mute[K],mute[L],mute[K],mute[L],mute[K],mute[L],mute[K],mute[L],mute[K],mute[L],mute[K],mute[L],mute[K],mute[L],mute[K],mute[L],mute[K],mute[L],mute[K],mute[L],mute[K],mute[L],mute[K],mute[L],mute[K],mute[L],mute[K],mute[L],mute[K],mute[L],mute[K],mute[L],mute[K],mute[L],mute[K],mute[L],mute[K],mute[L],mute[K],mute[L],mute[K],mute[L],mute[K],mute[L],mute[K],mute[L],mute[L],mute[L],mute[L],mute[K],mute[L],mute[K],mute[L],mute[K],mute[L],mute[K],mute[L],mute[K],mute[L],mute[K],mute[L],mute[K],mute[L],mute[K],mute[L],mute[K],mute[L],mute[K],mute[L],mute[K],mute[L],mute[K],mute[L],mute[K],mute[L],mute[K],mute[L],mute[K],mute[L],mute[K],mute[L],mute[K],mute[L],mute[K],mute[L],mute[K],mute[L],mute[K],mute[L],mute[K],mute[L],mute[K],mute[L],mute[K],mute[L],mute[K],mute[L],mute[K],mute[L],mute[K],mute[L],mute[K],mute[L],mute[K],mute[L],mute[K],mute[L],mute[K],mute[L],mute[K],mute[L],mute[K],mute[L],mute[K],mute[L],mute[K],mute[L],mute[K],mute[L],mute[K],mute[L],mute[K],mute[L],mute[K],mute[L],mute[K],mute[L],mute[K],mute[L],mute[K],mute[L],mute[L],mute[L],mute[L],mute[L],mute[L],mute[L],mute[K],mute[L],mute[K],mute[L],mute[K],mute[L],mute[K],mute[L],mute[K],mute[L],mute[K],mute[L],mute[K],mute[L],mute[K],mute[L],mute[K],mute[L],mute[K],mute[L],mute[K],mute[L],mute[K],mute[L],mute[K],mute[L],mute[K],mute[L],mute[K],mute[L],mute[K],mute[L],mute[K],mute[L],mute[K],mute[L],mute[K],mute[L],mute[K],mute[L],mute[K],mute[L],mute[K],mute[L],mute[K],mute[L],mute[K],mute[L],mute[K],mute[L],mute[K],mute[L],mute[K],mute[L],mute[K],mute[L],mute[K],mute[L],mute[K],mute[L],mute[K],mute[L],mute[K],mute[L],mute[K],mute[L],mute[K],mute[L],mute[K],mute[L],mute[K],mute[L],mute[K],mute[L],mute[K],mute[L],mute[K],mute[L],mute[K],mute[L],mute[K],mute[L],mute[K],mute[L],mute[K],mute[L],mute[K],mute[L],mute[K],mute[L],mute[K],mute[L],mute[K],mute[L],mute[K],mute[L],mute[K],mute[L],mute[K],mute[L],mute[K],mute[L],mute[K],mute[L],mute[K],mute[L],mute[K],mute[L],mute[K],mute[L],mute[K],mute[L],mute[K],mute[L],mute[K],mute[L],mute[K],mute[L],mute[K],mute[L],mute[K],mute[L],mute[K],mute[L],mute[K],mute[L],mute[K],mute[L],mute[K],mute[L],mute[IL],mute[K],mute[L],mute[K],mute[L],mute[K],mute[L],mute[K],mute[L],mute[K],mute[L],mute[K],mute[L],mute[K],mute[L],mute[K],mute[L],mute[K],mute[L],mute[K],mute[L],mute[K],mute[L],mute[K],mute[L],mute[K],mute[L],mute[K],mute[L],mute[K],mute[L],mute[K],mute[L],mute[K],mute[L],mute[K],mute[L],mute[K],mute[L],mute[K],mute[L],mute[K],mute[L],mute[K],mute[L],mute[K],mute[L],mute[K],mute[L],mute[K],mute[L],mute[K],mute[L],mute[K],mute[L],mute[K],mute[L],mute[K],mute[L],mute[IL],mute[K],mute[L],mute[K],mute[L],mute[K],mute[L],mute[K],mute[L],mute[K],mute[L],mute[K],mute[L],mute[K],mute[L],mute[K],mute[L],mute[K],mute[L],mute[K],mute[L],mute[K],mute[L],mute[K],mute[L],mute[K],mute[L],mute[IIII];","(d1.C-1.c)[K],(b1.g.g1)[L],g[K],b[L],g[K],b[L],g[K],a[L],g[K],(d1.a)[L],(b1.g)[K],(a1.a)[L],g[K],(b1.a)[L],g[K],a[L],(a1.g)[K],(b1.a)[L],#f[K],b[L],(b1.#f)[K],(c2.b)[L],#f[K],a[L],#f[K],(a1.a)[L],#f[K],a[L],#f[K],a[L],#f[K],a[L],(e1.#f)[K],(b1.a)[L],e[K],b[L],e[K],b[L],e[K],a[L],e[K],(e1.a)[L],(b1.e)[K],(a1.a)[L],e[K],(a1.a)[L],e[K],a[L],(g1.e)[K],(g1.a)[L],c[K],a[L],c[K],a[L],c[K],a[L],c[K],a[L],c[K],g[L],c[K],g[L],c[K],g[L],(d1.c)[K],(g1.g)[L],g[K],b[L],(d1.g)[K],(b1.b)[L],g[K],(b1.a)[L],g[L],b1[L],a[L],(b1.g)[K],(b1.a)[L],g[K],(b1.a)[L],g[K],a[L],(b1.g)[K],(b1.a)[L],#f[K],(b1.b)[L],#f[K],(b1.b)[L],#f[K],(b1.a)[L],(c2.#f)[K],a[L],#f[K],(a1.a)[L],#f[K],a[L],#f[K],a[L],(e1.#f)[K],(b1.a)[L],e[K],b[L],e[K],b[L],e[K],a[L],e[K],(e1.a)[L],(b1.e)[K],(a1.a)[L],e[K],(a1.a)[L],e[K],a[L],(g1.e)[K],(g1.a)[L],c[K],a[L],c[K],a[L],c[K],a[L],c[K],a[L],c[K],g[L],c[K],g[L],c[K],g[L],(d2.c)[K],(g2.g)[L],(g.G-1)[K],b[L],g[K],b[L],g[K],a[L],g[K],a[L],g[K],a[L],g[K],a[L],g[K],a[L],g[K],a[L],(#f.#F-1)[K],b[L],#f[K],b[L],#f[K],a[L],#f[K],(e2.a)[L],(b2.#f)[K],a[L],#f[L],a2[L],a[L],#f[L],a2[L],a[L],(g2.#f)[K],(g2.a)[L],(e.E-1)[K],b[L],e[K],b[L],e[K],a[L],e[K],a[L],e[K],a[L],e[K],a[L],e[K],a[L],(e2.e)[K],(g2.a)[L],(c.C-1)[K],a[L],c[K],a[L],c[K],a[L],c[K],(g2.a)[L],(g2.c)[K],(g2.g)[L],c[K],(g2.g)[L],c[K],g[L],(a2.c)[K],(a2.g)[L],(G-1.g)[K],(b.g1)[L],(G-1.g)[K],(b.g1)[L],(G-1.g)[K],(a.g1)[L],(G-1.g)[K],(a.g1)[L],(G-1.g)[K],(a.g1)[L],(G-1.g)[K],(a.g1)[L],(G-1.g)[K],(a.g1)[L],(G-1.g)[K],(a.g1)[L],(#F-1.#f)[K],(b.g1)[L],(#F-1.#f)[K],(b.g1)[L],(#F-1.#f)[K],(a.a1)[L],(#F-1.#f)[K],(g2.a.a1)[L],(g2.#F-1.#f)[K],(g2.a.a1)[L],(#F-1.#f)[K],(g2.a.a1)[L],(#F-1.#f)[K],(a.a1)[L],(a2.#F-1.#f)[K],(a2.a.a1)[L],(E-1.e)[K],(b.g1)[L],(E-1.e)[K],(b.g1)[L],(E-1.e)[K],(a.g1)[L],(E-1.e)[K],(a.g1)[L],(E-1.e)[K],(a.g1)[L],(E-1.e)[K],(a.g1)[L],(E-1.e)[K],(a.g1)[L],(E-1.e)[K],(a.g1)[L],(g2.C-1.c)[K],(a.g1)[L],(C-1.c)[K],(a.g1)[L],(C-1.c)[K],(a.g1)[L],(C-1.c)[K],(a.g1)[L],(C-1.c)[K],(g.g1)[L],(C-1.c)[K],(g.g1)[L],(C-1.c)[K],(g.g1)[L],(d1.C-1.c)[K],(a1.g.g1)[L],g[K],(g1.b)[L],g[K],b[L],g[K],a[L],g[K],a[L],g[K],a[L],g[K],a[L],g[K],a[L],g[K],a[L],#f[K],b[L],#f[K],b[L],#f[K],a[L],#f[K],a[L],#f[K],a[L],#f[K],a[L],#f[K],a[L],#f[K],a[L],e[IL],b[K],a[L],e[K],a[L],e[K],a[L],e[K],a[L],e[K],a[L],c[K],a[L],c[K],a[L],c[K],b[L],c[K],b[L],c[K],c1[L],c[K],c1[L],c[K],d1[L],c[K],d1[L],g[K],d1[L],g[K],d1[L],g[K],b1[L],g[K],b1[L],g[K],a1[L],g[K],a1[L],g[K],a1[L],g[K],a1[L],#f[K],d1[L],#f[K],d1[L],#f[K],b1[L],#f[K],b1[L],#f[K],a1[L],#f[K],a1[L],#f[K],a1[L],#f[K],a1[L],e[IL],b1[K],b1[L],e[K],a1[L],e[K],a1[L],e[K],a1[L],e[K],a1[L],c[K],a1[L],c[K],a1[L],c[K],a1[L],c[K],a1[L],c[K],g1[L],c[K],g1[L],c[K],g1[L],c[K],g1[L],g[IIII];"]}]}