{"baseBpm":387,"musics":[{"bpm":387,"baseBeats":0.75,"scores":["TU,TU,TU,UV,TU,ST,SV,TU,TU,TU,UV,TU,SV,UV,UV,TU,UV,TU,UV,TU,UV,UV,UV,UV,TU,UV,UV,TU,UV,UV,UV,UV,TU,UV,UV,UV,UV,TU,UV,UV,TU,UV,UV,UV,UV,TU,UV,UV,UV,UV,TU,UV,UV,TU,UV,UV,UV,UV,TU,UV,UV,UV,UV,UV,UV,UV,UV,UV,UV,UV,UV,UV,UV,TU,UV,UV,UV,UV,TU,UV,UV,TU,UV,UV,UV,UV,TU,UV,UV,UV,UV,TU,UV,UV,TU,UV,UV,UV,UV,TU,UV,UV,UV,UV,TU,UV,UV,TU,UV,TU,UV,UV,UV,UV,UV,ST,TU,TU,TU,TU,SV,TU,UV,UV,UV,TU,TU,TU,TU,TU,UV,TU,UV,UV,UV,TU,TU,TU,UV,UV,TU,UV,TU,UV,UV,UV,UV,5<UV>,TU,TU,UV,UV,TU,ST,TU,UV,UV,TU,TU,UV,UV,TU,UV,TU,UV,UV,UV,TU,TU,TU,UV,UV,TU,UV,UV,UV,UV,UV,UV,TU,UV,UV,TU,UV,UV;","(C-1.c.c1)[KL],c1[KL],#d1[KL],c1[LM],e1[KL],(#F-2.#F-1)[JK],(G-2.G-1)[JM],(c1.C-1.c)[KL],c1[KL],#d1[KL],c1[LM],e1[KL],(#F-2.#F-1)[JM],e1[LM],(G-2.G-1)[LM],g[KL],(F-1.c2.#g.f1.c1.f2.#g2.c3)[LM],(c3.c2)[KL],(c3.c2)[LM],c2[KL],c2[LM],(c3.c2)[LM],c1[LM],c2[LM],c2[KL],c2[LM],(c2.c3)[LM],(F-1.f1.#g.c1.#g2.f2.c2.c3)[KL],(c3.#D-1.c2.#d2.g2.#d1.g.#a)[LM],(c3.c2)[LM],c1[LM],(c3.c2)[LM],c2[KL],c2[LM],(c3.c2)[LM],c1[LM],(c3.c2)[LM],c2[KL],c2[LM],(c2.c3)[LM],(#D-1.#d2.g2.c3.c2.#a.g.#d1)[KL],(#c2.#C-1.c2.#g.#g2.f2.c3.f.#c1)[LM],(c3.c2)[LM],c1[LM],(c3.c2)[LM],c2[KL],c2[LM],(c3.c2)[LM],c1[LM],(c3.c2)[LM],c2[KL],c2[LM],(c2.c3)[LM],(#C-1.#g.c2.#c2.#g2.c3.#c1.f.f2)[KL],(C-1.c2.c1.e.g.e2.g2.c3)[LM],(c3.c2)[LM],c1[LM],(c3.c2)[LM],c2[KL],c2[LM],(c2.c3)[LM],(c3.g2.c1.e2.c2.b2.a2.f2)[LM],(d2.c2.c3.b1.a1.g1.f1)[LO],e1[NO],(d1.c1.c2.b.a.g)[LO],f[NO],(e.d.c.B-1.A-1)[LO],G-1[NO],c2[LM],(A-1.B-1.c2.c3.c.d.e)[LM],(f.g.C-1.c2.c1.a.e.b.d1)[LM],(e1.f1.g1.a1.b1.c2)[LM],(d2.e2.F-1.c2.#g.f2.f1.c1.#g2.c3)[LM],(c3.c2)[LM],c1[LM],(c3.c2)[LM],c2[KL],c2[LM],(c3.c2)[LM],c1[LM],(c3.c2)[LM],c2[KL],c2[LM],(c2.c3)[LM],(F-1.f1.f2.c2.#g.c1.#g2.c3)[KL],(#D-1.c2.#a.g2.c3.#d2.#d1.g)[LM],(c3.c2)[LM],c1[LM],(c3.c2)[LM],c2[KL],c2[LM],(c3.c2)[LM],c1[LM],(c3.c2)[LM],c2[KL],c2[LM],(c2.c3)[LM],(#d2.#a.g2.#D-1.c2.c3.g.#d1)[KL],(f2.#C-1.c2.f.#g.#c1.#g2.c3.#c2)[LM],(c3.c2)[LM],c1[LM],(c3.c2)[LM],c2[KL],c2[LM],(c3.c2)[LM],c1[LM],(c3.c2)[LM],c2[KL],c2[LM],(c2.c3)[LM],(#g.#C-1.c2.f.#c1.f2.#g2.c3.#c2)[KL],(g.e2.c2.e.C-1.g2.c3.c1)[LM],(c3.c2)[KL],(c3.c2)[LM],c2[LM],(f1.c2.c3)[LM],(#f1.c1)[LM],(g1.c3.c2)[LM],(C-2.c1.c2.C-1)[JK],c2[KL],#g1[KL],(f1.#g.F-1.c1)[KL],(f1.#g.C-1.c1)[KL],(#g.F-1.f1.c1)[JM],(F-1.c1.#g.f1)[KL],(F-1.c1.#g.f1)[LM],(g1.F-1)[LM],(#g.f1.c1)[LM],(F-1.#g.#g1.c1.f1)[KL],#a1[KL],(#d1.g.#a.#D-1)[KL],(#a.g.#d1)[KL],(g1.#a.g.#d1.#D-1)[KL],#g1[LM],(#a1.#D-1.#a.#d1.g)[KL],(#A-2.g.#a.#d1)[LM],(#d2.#D-1)[LM],(#d1.#a.g)[LM],(#a1.#D-1.#d1.#a.g)[KL],c2[KL],(c1.#g.#G-1.#d1)[KL],(#g.c1.#d1.#g1)[LM],#G-1[LM],(#g.#G-1.c1.#d1.#a1)[KL],c2[LM],(#G-1.#d1.c1.#g)[KL],(#g.#G-1.c1.#d1)[LM],(#g1.#G-1)[LM],(c1.#g.#d1)[LM],(#a1.#G-1.#d1.c1.#g)[KMO],c2[NO],#G-1[KL],(#f1.#a1.#a.#c2.#f.#F-1.f1.#g.#c1)[KL],#F-1[LM],#F-1[LM],(#c2.#F-1)[KL],(c1.g.g1.c2.C-1.e1)[JK],C-1[KL],(c1.c2.c)[LM],#d1[LM],(C-1.#g1)[KL],(f1.#g.F-1.c1)[KL],(C-1.#g.f1.c1)[LM],F-1[LM],(c2.#g.f1.c1.F-1.#g1)[KL],C-1[LM],(#g1.c2.F-1.f1.#g.c1)[KL],(F-1.f1.c1.#g)[LM],(g1.F-1)[LM],(c1.#g.f1)[LM],(#g1.F-1.c1.f1.#g)[KL],(#a1.F-1)[KL],(#d1.#a.#D-1.g)[KL],(#a.#A-2.g.#d1)[LM],#D-1[LM],(g1.#a.#D-1.#d1.g)[KL],(#A-1.#a1)[LM],(#a.g.#d1.#d)[LM],(#A-1.#d2)[LM],(#c2.#a.g.#d1.#d)[LM],(#d2.#d)[LM],(g.#d1.#a)[LM],(#a1.#D-1.#d1.#a.g)[KL],(c2.#D-1)[LM],#D-1[LM],(#g.#G-1.#d1.c1.#g1)[KL],(#g.c1.#d1)[LM],#G-1[LM];"],"id":1,"instruments":["piano","piano"],"alternatives":["",""]},{"bpm":387,"baseBeats":0.75,"scores":["SV,TU,UV,UV,UV,TU,TU,SV,UV,TU,SV,UV,TU,TU,UV,UV,TU,TU,UV,UV,UV,TU,UV,TU,TU,TU,TU,UV,UV,UV,UV,UV,TU,UV,TU,TU,TU,TU,TU,UV,UV,UV,TU,UV,TU,TU,TU,TU,TU,TU,TU,UV,TU,UV,UV,UV,TU,TU,TU,UV,UV,UV,TU,UV,TU,TU,TU,TU,TU,UV,UV,UV,TU,UV,TU,TU,TU,TU,UV,UV,UV,UV,UV,TU,UV,TU,TU,TU,TU,TU,UV,UV,ST,TU,ST,TU,SV,UV,TU,SV,SV,TU,TU,SV,UV,TU,SV,SV,TU,TU,TU,TU,UV,TU,UV,UV,UV,TU,TU,TU,TU,TU,UV,TU,UV,UV,UV,TU,TU,UV,UV,UV,UV,TU,UV,TU,UV,UV,UV,TU,TU,TU,TU,TU,SV,UV,TU,UV,UV,TU,TU,TU,TU,UV,TU,UV,UV,UV,TU,TU,TU,UV,UV,TU,UV,TU,UV,UV,UV,TU,TU,UV,UV,UV,UV,TU,UV,TU,UV,UV,UV,TU,TU,TU,TU,TU;","(#g.#G-1.#d1.c1)[JM],(#G-1.#g.#d1.c1)[KL],(#g.#G-1.#d1.c1)[LM],(#c2.#G-1)[LM],(#G-1.#d1.c1.#g)[LM],(#d2.#G-1.c1.#g.#d1)[KL],(f2.#G-1)[KL],(f1.#g.#c1.#C-1.#g1)[JM],#C-1[LM],(f2.#C-1)[KL],(e2.c1.e1.C-1.g.g1.#a1)[JM],C-1[LM],C-1[KL],c2[KL],(a.b.c1.d1)[LM],(e1.f1.g1.a1.#c2.b1)[LO],c2[NO],(#d2.f2.f1.#g1.F-1.c1.#g)[KL],(C-1.f1.c1.#g)[KL],(F-1.c1.f1.#g)[LM],(#g.c1.f1)[LM],(#g1.C-1)[LM],(F-1.c1.f1.#g)[KL],(C-1.f1.#g.c1)[LM],(#g1.F-1.#g.f1.c1)[KL],(g1.F-1.#g.f1.c1)[KL],(#g1.#g.F-1.f1.c1)[KL],(#a1.g1.#d2.#D-1.#a.#d1)[KL],(#A-2.#d1.g1.#a)[LM],#A-2[LM],(#D-1.#a.#d1.g1)[LM],(#d1.#a.g1)[LM],(#d2.#A-2)[LM],(#D-1.g1.#a.#d1)[KL],(#A-2.#d1.g1.#a)[LM],(#D-1.g1.#d1.#a)[KL],(#d2.g1.#a.#d1)[KL],(#D-1.#a.g1.#d1)[KL],(#c2.f1.#g.#c1.#C-1.#g1)[KL],(#G-2.#c1.f1.#g)[KL],(#C-1.#c1.f1.#g)[LM],(#g.f1.#c1)[LM],(f1.#G-2)[LM],(f1.#g.#C-1.#c1)[KL],(#C-1.f1.#g.#c1)[LM],(f1.#C-1.#g.#c1)[KL],(e1.#C-1.#c1.f1.#g)[KL],(f1.#C-1.#c1.#g)[KL],(#f1.c1.C-1.g.e1.g1)[KL],G-1[KL],(g1.c.c1.e1.g)[KL],(C-1.e1.g.c1.c2)[KL],c[LM],C-1[KL],C-1[LM],(#g1.C-1.c1.e1.g.c2)[LM],C-1[LM],#g1[KL],(f1.#g.c1.F-1)[KL],(C-1.f1.c1.#g)[KL],(F-1.#g.c1.f1)[LM],(#g.c1.f1)[LM],C-1[LM],(F-1.#g.c1.f1)[KL],(f1.c1.#g.F-1)[LM],(g1.F-1.#g.f1.c1)[KL],(#g1.f1.#g.c1)[KL],(#a1.F-1.c1.f1.#g)[KL],(g1.#d1.#a.#D-1.g)[KL],(g1.#d1.#a)[KL],(#D-1.#d1.g1.#a)[LM],(g1.#d1.#a)[LM],#A-2[LM],(g1.#D-1.#d1.#a)[KL],(#d1.#a.g1.#D-1)[LM],(#d2.#D-1.#d1.g1.#a)[KL],(#a1.#D-1.#a.#d1.g1)[KL],(c2.#d1.g1.#a.#D-1)[KL],(#d1.#G-1.c1.#g1.#g)[KL],(#G-1.c1.#g1.#d1)[LM],#G-1[LM],(#G-1.c1.#g1.#d1)[LM],(#g1.#d1.c1)[LM],#D-1[LM],(#G-1.#g1.#d1.c1)[KL],(#G-1.#g1.#d1.c1)[LO],#c2[NO],(#G-1.#d1.c1.#g1)[KL],(#d2.#G-1.#d1.c1.#g1)[KL],(f2.c1.#d1.#g1.#G-1)[KL],(f1.#g.#c1.#C-1)[KL],#C-1[KL],(g2.#C-1)[LM],f2[LM],(e2.C-1.e1.c1.g)[JK],C-1[KL],(c2.e1.c1.g)[JK],(f2.f1.#g1.c2.F-1.c1.#g)[KL],#a1[JM],#a1[LM],c2[KL],#d2[JM],d2[JM],(C-1.#a.g.#d1.g1.#a1)[KL],(f1.#g1.c2.F-1.#g.c1)[KL],#a1[JM],#a1[LM],c2[KL],#d2[JM],d2[JM],(#a.C-1.g.c1.#d1)[KL],(F-1.#g.f1.c1)[KL],(#g.C-1.c1.f1)[KL],(#g.F-1.c1.f1)[KL],C-1[LM],(F-1.f1.c1.#g)[KL],(f1.#g.F-1.c1)[LM],(g1.F-1)[LM],(f1.#g.c1)[LM],(g1.#g1.#g.f1.c1.F-1)[KL],(a1.#a1.F-1)[KL],(#D-1.#a.#d1.g)[KL],(#a.g.#d1)[KL],(#a.#D-1.#d1.g)[KL],#A-2[LM],(#D-1.#d1.g.#a)[KL],(#a.g.#d1)[LM],(#D-1.d2.#d2)[LM],(g.#d1.#a)[LM],(#D-1.#d1.#a.g)[KL],(#D-1.#a1)[KL],(c2.#c2.#g.#G-1.#d1.c1)[LM],#a1[LM],(#g.c1.#d1.#G-1.c2)[LM],#G-1[LM],(#g.#G-1.c1.#d1)[KL],#D-1[LM],(#G-1.#d1.c1.#g)[KL],(#g.c1.#d1)[LM],(#G-1.#g1)[LM],(#g.c1.#d1)[LM],(#g.c1.#G-1.#a1.#d1)[KL],(c2.#G-1)[KL],(c2.#c2.#F-1.#c1.f1.#g)[KL],#F-1[KL],(#F-1.#c2)[KL],(c1.c2.C-1.e1.g)[JM],C-1[LM],C-1[KL],(c1.c2)[LM],#d1[LM],(#g1.E-1)[KL],(f1.#g.c1.F-1)[KL],(#g.C-1.f1.c1)[KL],(#g.F-1.c1.f1)[KL],C-1[LM],(F-1.c1.#g.f1)[KL],(f1.#g.c1.F-1)[LM],(F-1.g1)[LM],(f1.#g.c1)[LM],(#g.f1.c1.F-1.#g1)[KL],(a1.#a1.F-1)[KL],(#D-1.g.#a.#d1)[KL],(#d1.g.#a.#A-2)[LM],#D-1[LM],(#a.#D-1.#d1.g)[KL],#A-2[LM],(#D-1.#d1.g.#a)[KL],(#a.g.#D-1.#d1)[LM],(#D-1.d2.#d2)[LM],(#d1.#a.g)[LM],(#D-1.#a.g.#d1)[KL],(#D-1.#a1)[KL],(c2.#G-1.#g.#d1.c1)[LM],#a1[LM],(c2.#g.#D-1.#d1.c1)[LM],#G-1[LM],(#g.#G-1.#d1.c1)[KL],#D-1[LM],(#G-1.c1.#g.#d1)[KL],(#g.c1.#G-1.#d1)[LM],(#G-1.#c2)[LM],(#g.c1.#d1)[LM],(#d2.#G-1.#d1.c1.#g)[KL],(#G-1.f2)[KL],(#g.#C-1.#c1.f1)[KL],#C-1[KL],(#C-1.f2)[KL];"],"id":2,"instruments":["piano","piano"],"alternatives":["",""]},{"bpm":387,"baseBeats":0.75,"scores":["ST,TU,UV,UV,UV,UV,TU,TU,UV,UV,UV,TU,UV,TU,TU,TU,TU,UV,UV,UV,UV,UV,TU,UV,TU,TU,TU,TU,UV,UV,UV,UV,UV,TU,UV,TU,TU,TU,TU,TU,TU,TU,UV,SV,TU,UV,UV,TU,TU,UV,UV,UV,TU,UV,TU,TU,TU,TU,TU,UV,UV,UV,UV,UV,UV,UV,UV,UV,UV,UV,UV,TU,UV,UV,UV,UV,UV,TU,UV,UV,UV,UV,5<UV>,TU,TU,UV,UV,UV,UV,ST,TU,ST,UV,TU,UV,TU,UV,UV,UV,UV,TU,UV,UV,TU,UV,UV,UV,UV,TU,UV,UV,UV,UV,TU,UV,UV,TU,UV,UV,UV,UV,TU,UV,UV,UV,UV,TU,UV,UV,TU,UV,UV,UV,UV,TU,UV,UV,UV,UV,TU,UV,UV,TU,UV,TU,UV,TU,UV,UV,UV,UV,TU,UV,UV,TU,UV,UV,UV,UV,TU,UV,UV,UV,UV,TU,UV,UV,TU,UV,UV,UV,UV,TU,UV,UV,UV,UV,TU,UV,UV,TU,UV,UV,UV,UV,TU,UV,UV,UV,UV,TU,UV,UV,TU,SV,UV,TU,UV,UV,TU,UV,UV,TU,UV,UV,TU,UV,UV,TU,UV,QRTUWX;","(e2.C-1.g.e1.c1)[JK],C-1[KL],c2[LM],(#a1.a1)[LO],g1[NO],(f1.#d1.d1.d2)[LO],c1[NO],(#a.a.e2.g.f)[LM],(f2.#g1.c2.F-1.#g.f1.c1)[KL],(C-1.c1.#g.f1)[KL],(F-1.#g.c1.f1)[LM],(#g.c1.f1)[LM],(#g1.C-1)[LM],(F-1.c1.f1.#g)[KL],(C-1.c1.f1.#g)[LM],(#g1.F-1.#g.f1.c1)[KL],(g1.F-1.c1.f1.#g)[KL],(#g1.#g.F-1.f1.c1)[KL],(#a1.g2.#d2.#D-1.#d1.g1.#a)[KL],(#a.#A-2.#d1.g1)[LM],#D-1[LM],(#D-1.#d1.g1.#a)[LM],(g1.#d1.#a)[LM],(#d2.#D-1)[LM],(#D-1.g1.#a.#d1)[KL],(#A-2.g1.#a.#d1)[LM],(#D-1.#d1.#a.g1)[KL],(#d2.#d1.g1.#a)[KL],(#D-1.#d1.g1.#a)[KL],(#c2.f1.#C-1.#g.#c1.f2.#g1)[KL],(#G-2.f1.#g.#c1)[LM],#G-2[LM],(#C-1.#g.#c1.f1)[LM],(#g.f1.#c1)[LM],(f1.#G-2)[LM],(#C-1.#c1.f1.#g)[KL],(#C-1.#c1.f1.#g)[LM],(f1.#g.#C-1.#c1)[KL],(#C-1.f1.#g.e1.#c1)[KL],(f1.#C-1.#c1.#g)[KL],(#f1.c1.g.C-1.e1.c2.#d2.#f2)[KL],G-1[KL],(g1.g.c1.e1)[KL],(c2.c1.g.e1.G-1)[KL],(g2.e2.c2)[LM],G-1[JM],(c2.C-1.e1.g.c1)[KL],(C-1.#g1)[LM],C-1[LM],(f1.f2.#g1.c2.F-1.c1.#g)[KL],(C-1.f1.c1.#g)[KL],(F-1.c1.f1.#g)[LM],(f1.#g.c1)[LM],C-1[LM],(f1.#g.c1.F-1)[KL],(F-1.#g.f1.c1)[LM],(g1.F-1.c1.#g.f1)[KL],(#g1.c1.f1.#g)[KL],(#a1.#g.f1.c1.F-1)[KL],(g1.#D-1.#d2.#d1.#a.#a1)[KL],(#A-2.g1.#d1.#a)[KL],(#D-1.#a.#d1.g1)[LM],(g1.#d1.#a)[LM],#A-2[LM],(#d.#a.#d1.g1)[LM],#d[LM],(#d.g1.#d1.#a)[LM],(#d2.#d.g1.#a.#d1)[LM],#D-1[LM],(#a1.#D-1.#d1.g1.#a)[LM],#D-1[LM],(c2.#a.g1.#d1)[LM],#D-1[LM],(#d1.c1.#g1.#G-1.c2.#d2)[KL],(#D-1.#g1.#d1.c1)[LM],#G-1[LM],(#G-1.#g1.#d1.c1)[LM],(#g1.#d1.c1)[LM],#D-1[LM],(#G-1.c1.#g1.#d1)[KL],(#g1.#d1.c1.#G-1)[LM],(#c2.#G-1.#g1.#d1.c1)[LM],#G-1[LM],(#d2.#G-1.#g1.#d1.c1)[KMO],e2[NO],(f2.c1.#d1.#g1)[KL],(#c2.#g1.f1.#C-1.#c1.#g)[KL],#C-1[LM],#C-1[LM],(#C-1.#g1.f1.#c2.g2)[LM],f2[LM],(e2.g.c1.C-1.e1.g1.c2)[JK],C-1[KL],(c2.g1.e1.c1.g)[JK],(f2.F-1.c2.c1.#g.f1.#g2.c3)[LM],(c3.c2)[KL],(c3.c2)[LM],c2[KL],c2[LM],(c3.c2)[LM],c1[LM],c2[LM],c2[KL],c2[LM],(c2.c3)[LM],(#g2.f2.c3.f1.F-1.c2.#g.c1)[KL],(#D-1.c2.#a.g.#d1.g2.#a2.c3.#d2)[LM],(c3.c2)[LM],c1[LM],(c3.c2)[LM],c2[KL],c2[LM],(c3.c2)[LM],c1[LM],(c3.c2)[LM],c2[KL],c2[LM],(c2.c3)[LM],(#D-1.#a2.c3.c2.#a.g2.#d2.g.#d1)[KL],(#g.#g2.c3.c2.#c1.#C-1.#c2.f2.f)[LM],(c3.c2)[LM],c1[LM],(c3.c2)[LM],c2[KL],c2[LM],(c3.c2)[LM],c1[LM],(c3.c2)[LM],c2[KL],c2[LM],(c2.c3)[LM],(#C-1.#g.#g2.c3.f2.#c2.c2.#c1.f)[KL],(e2.C-1.c2.c1.g2.c3.g.e)[LM],(c3.c2)[LM],c1[LM],(c3.c2)[LM],c2[KL],c2[LM],(c3.c2)[LM],c1[LM],(c3.c2)[LM],c2[KL],c2[LM],(c2.c3)[LM],(c1.e2.C-1.c2.g.e.g2.c3)[KL],(F-1.c2.#g.f1.c1.f2.#g2.c3)[LM],(c3.c2)[KL],(c3.c2)[LM],c2[KL],c2[LM],(c3.c2)[LM],c1[LM],c2[LM],c2[KL],c2[LM],(c2.c3)[LM],(F-1.c2.f1.f2.c3.#g.c1.#g2)[KL],(#D-1.c2.#a.#a2.c3.g2.#d2.#d1.g)[LM],(c3.c2)[LM],c1[LM],(c3.c2)[LM],c2[KL],c2[LM],(c3.c2)[LM],c1[LM],(c3.c2)[LM],c2[KL],c2[LM],(c2.c3)[LM],(#D-1.#a.#a2.c3.c2.#d2.g.#d1.g2)[KL],(c2.f.#C-1.#g.#c2.f2.#g2.c3.#c1)[LM],(c3.c2)[LM],c1[LM],(c3.c2)[LM],c2[KL],c2[LM],(c3.c2)[LM],c1[LM],(c3.c2)[LM],c2[KL],c2[LM],(c2.c3)[LM],(#g.#C-1.c2.f.#g2.f2.#c2.#c1)[KL],(g.C-1.c2.g1.e1.c1.e)[LM],(c3.c2)[LM],c1[LM],(c3.c2)[LM],c2[KL],c2[LM],(c3.c2)[LM],c1[LM],(c3.c2)[LM],c2[KL],c2[LM],(c2.c3)[LM],c2[KL],(F-2.c2.F-1)[JM],F-1[LM],F-1[KL],F-1[LM],F-1[LM],F-1[KL],F-1[LM],F-1[LM],F-1[KL],F-1[LM],F-1[LM],F-1[KL],F-1[LM],F-1[LM],F-1[KL],F-1[LM],F-1[HIKLNO];"],"id":3,"instruments":["piano","piano"],"alternatives":["",""]}]}