{"baseBpm":80,"musics":[{"id":1,"baseBeats":0.5,"scores":["mute[L],mute[L],mute[L],mute[L],mute[L],mute[L],mute[L],mute[L],mute[L],mute[L],mute[L],mute[L],mute[L],mute[L],mute[L],mute[L],mute[L],mute[L],mute[L],5<mute[M],mute[M]>,mute[L],mute[L],mute[L],mute[L],mute[L],mute[L],mute[L],mute[L],mute[L],mute[L],mute[L],mute[L],mute[L],5<mute[M],mute[M]>,mute[L],mute[L],mute[L],mute[L],mute[L],mute[L],mute[L],mute[L],mute[L],mute[L],mute[L],mute[L],mute[L],5<mute[M],mute[M]>,mute[L],mute[L],mute[L],mute[L],mute[L],mute[L],mute[L],mute[L],mute[L],mute[L],mute[L],mute[L],mute[L],5<mute[M],mute[M]>,mute[L],mute[L],mute[L],mute[L],mute[L],mute[L],mute[L],mute[L];","A-1[L],d[L],a[L],b[L],a[L],c1[L],a[L],A-1[L],d[L],a[L],b[L],a[L],c1[L],a[L],(A-1.a1)[L],d[L],a[L],b[L],(a.e1)[L],(c1~d1)[L],(a.f1)[L],A-1[L],d[L],a[L],b[L],a[L],c1[L],a[L],(A-1.a1)[L],d[L],a[L],b[L],(a.e1)[L],(c1~d1)[L],(a.e1)[L],A-1[L],d[L],a[L],b[L],a[L],c1[L],a[L],(G-1.g1)[L],c[L],g[L],b[L],(g.e1)[L],(c1~d1)[L],(g.d1)[L],G-1[L],c[L],g[L],b[L],g[L],c1[L],g[L],(G-1.g1)[L],c[L],g[L],b[L],(g.e1)[L],(c1~d1)[L],(g.e1)[L],G-1[L],(c.c1)[L],g[L],(b.e1)[L],g[L],c1[L],g[L];"]},{"id":2,"baseBeats":0.5,"scores":["mute[L],mute[L],mute[L],mute[L],mute[L],5<mute[M],mute[M]>,mute[L],mute[L],mute[L],mute[L],mute[L],mute[L],mute[L],mute[L],mute[L],mute[L],mute[L],mute[L],mute[L],mute[L],mute[L],mute[L],mute[L],mute[L],mute[L],mute[L],mute[L],mute[L],mute[L],mute[L],mute[L],mute[L],mute[L],mute[L],mute[L],mute[L],mute[L],mute[L],mute[L],mute[L],mute[L],mute[L],mute[L],mute[L],mute[L],mute[L],mute[L],mute[L],mute[L],mute[L],mute[L],mute[L],mute[L],mute[L],mute[L],mute[L],mute[L],mute[L],mute[L],mute[L],mute[L],mute[L],mute[L],5<mute[M],mute[M]>,mute[L],mute[L],mute[L],mute[L],mute[L],mute[L],mute[L];","(A-1.a1)[L],d[L],a[L],b[L],(a.g1)[L],(c1~e1)[L],(a.g1)[L],A-1[L],(d.f1)[L],a[L],(b.e1)[L],a[L],(c1.f1)[L],a[L],(D-1.d1)[L],A-1[L],d[L],a[L],(d.d1)[L],b[L],(d.e1)[L],D-1[L],(A-1.d1)[L],d[L],(a.f1)[L],d[L],(b.e1)[L],d[L],(C-1.c1)[L],G-1[L],c[L],e[L],c[L],g[L],(c.g1)[L],C-1[L],(G-1.c1)[L],c[L],(e.e1)[L],c[L],(g.c1)[L],c[L],(F-1.f1)[L],c[L],f[L],g[L],f[L],a[L],(f.a1)[L],F-1[L],(c.c1)[L],f[L],(g.f1)[L],f[L],(a.c1)[L],f[L],(E-1.e1)[L],A-1[L],e[L],a[L],e[L],b[L],(e.e1)[L],(E-1~d1)[L],(A-1.d1)[L],e[L],a[L],e[L],b[L],e[L],(C-1.c1)[L];"]},{"id":3,"baseBeats":0.5,"scores":["mute[L],mute[L],mute[L],mute[L],5<mute[M],mute[M]>,mute[L],mute[L],mute[L],mute[L],mute[L],mute[L],mute[L],mute[L],mute[L],mute[L],mute[L],mute[L],mute[L],5<mute[M],mute[M]>,mute[L],mute[L],mute[L],mute[K],mute[K],mute[L],mute[L],mute[L],mute[L],mute[L],mute[L],5<mute[M],mute[M]>,mute[L],mute[L],mute[L],mute[L],mute[L],mute[L],mute[L],mute[L],mute[L],mute[L],mute[L],mute[L],mute[L],5<mute[M],mute[M]>,mute[L],mute[L],mute[L],mute[L],mute[L],mute[L],mute[L],mute[L],mute[L],mute[L],mute[L],mute[L],mute[L],mute[L],mute[L],mute[L],mute[L],mute[L],mute[L],mute[L],mute[L],mute[L],mute[L],mute[L],mute[L],mute[L],mute[L],mute[L],mute[L],mute[JKN];","G-1[L],c[L],e[L],(c.c1)[L],(g~b)[L],(c.b)[L],C-1[L],G-1[L],c[L],(e.a)[L],c[L],g[L],c[L],(D-1.d1)[L],A-1[L],d[L],a[L],(d.d1)[L],(b~d1)[L],(d.d1)[L],D-1[L],A-1[L],d[K],d[K],d[L],(C-1.c1)[L],G-1[L],c[L],e[L],(c.e1)[L],(g~g1)[L],(c.a1)[L],C-1[L],G-1[L],c[L],(e.e1)[L],c[L],g[L],c[L],(D-1.d1)[L],A-1[L],d[L],a[L],(d.e1)[L],(b~d1)[L],(d.e1)[L],D-1[L],(A-1.c1)[L],d[L],(a.e1)[L],d[L],(b.d1)[L],d[L],(D-1.d1)[L],A-1[L],d[L],a[L],d[L],b[L],(d.d1)[L],D-1[L],A-1[L],d[L],(a.a1)[L],d[L],b[L],d[L],(C-1.c2)[L],G-1[L],c[L],e[L],c[L],g[L],e[L],(C-1.c)[JKN];"]}]}