{"baseBpm":90,"musics":[{"id":1,"baseBeats":0.25,"scores":["5<g1[N],d2[N]>,5<g2[N],d3[N]>,c3[K],a2[K],f2[KL],5<g[N],d1[N]>,5<g1[N],d2[N]>,c2[K],a1[K],f1[K],#a1[M],#a2[M],#a2[M],#a3[M],a1[M],a2[M],a2[M],a3[M],f1[M],f2[M],f2[M],f3[M],d1[M],d2[M],d2[M],d3[M],#a[M],#a1[M],#a1[M],#a2[M],a[M],a1[M],a1[M],a2[M],f[M],f1[M],f1[M],f2[M],c[M],c1[M],c1[M],c2[M],d[M],d1[M],d1[M],d2[IKL],d2[L],f2[L],7<(#d~g~#a~#d1)[L]>,U,g2[L],#a2[L],7<(f~a~c1~f1)[L]>,U,d3[L],f3[L],7<(g~#a~d1~g1)[L]>,U,c3[L],#a2[L],7<(f~#a~d1~f1)[L]>,U,d3[L],c3[L],7<(#d~g~#a~#d1)[L]>,U,d3[L],c3[L],7<(f~a~c1~f1)[L]>,U,f2[K],7<(d2~#a1~g1~d1)[L]>,U,U,U,T,d2[L],f2[L],g2[K],g2[L],#a2[L],c3[K],d3[L],f3[L],d3[K],c3[L],#a2[L],g2[L],U,d3[L],c3[L],g2[L],U,d3[L],c3[L],g2[K],f2[K],g2[JK],(d1.d)[L],(f1.f)[L],","g1[N],d2[N],g2[N],d3[N],c3[K],a2[K],f2[KL],g[N],d1[N],g1[N],d2[N],c2[K],a1[K],f1[K],#a1[M],#a2[M],#a2[M],#a3[M],a1[M],a2[M],a2[M],a3[M],f1[M],f2[M],f2[M],f3[M],d1[M],d2[M],d2[M],d3[M],#a[M],#a1[M],#a1[M],#a2[M],a[M],a1[M],a1[M],a2[M],f[M],f1[M],f1[M],f2[M],c[M],c1[M],c1[M],c2[M],d[M],d1[M],d1[M],RTU,U,U,g2[J],c3[J],d3[J],g2[J],g2[J],g2[J],G-1[L],d[L],g[L],a[L],#a[K],T,#d[L],g[L],#a[K],f[L],a[L],c1[K],g[L],#a[L],d1[K],f[L],#a[L],d1[K],#d[L],g[L],#a[K],f[L],a[L],c1[K],G-1[L],d[L],g[L],a[L],#a[K],T,"]},{"id":2,"baseBeats":0.25,"scores":["(g1.g)[KL],(f1.f)[L],(g1.g)[K],(a1.a)[L],(f1.f)[L],(g1.g)[K],(f1.f)[L],(c1.c)[L],(d1.d)[K],(d1.d)[L],(f1.f)[L],(g1.g)[KL],(f1.f)[L],(g1.g)[L],(#a1.#a)[L],(a1.a)[L],(f1.f)[L],(d1.d)[K],(#a2.#a1)[K],(a2.a1)[K],(d1.d)[L],(f1.f)[L],(g1.g)[KL],(f1.f)[L],(g1.g)[K],(a1.a)[L],(f1.f)[L],(g1.g)[K],(f1.f)[L],(c1.c)[L],(d1.d)[K],(d2.d1)[L],(c2.c1)[L],(g1.g)[K],(d2.d1)[L],(c2.c1)[L],(g1.g)[K],(f1.f)[K],(g1.d1.#a.g)[JK],d2[L],f2[L],g2[K],g2[L],#a2[L],c3[K],d3[L],f3[L],7<d3[N],(f3)[M],(d3)[N]>,U,c3[L],#a2[L],g2[K],d3[L],c3[L],g2[K],d3[L],c3[L],g2[K],f2[K],g2[JK],8<(#A-3.d3.d2)[O],(#A-2)[O],(#A-3)[O],(#A-2)[O],(#A-3)[O],(#A-2)[O],(#A-3)[O],(#A-2)[O],(#A-3.f3.f2)[O],(#A-2)[O],(#A-3)[O],(#A-2)[O],(#A-3)[O],(#A-2)[O],(#A-3)[O],(#A-2)[O]>,","#D-1[L],#A-1[L],#d[K],F-1[L],c[L],f[K],G-1[L],#A-1[L],d[K],F-1[L],#A-1[L],f[K],#D-1[L],#A-1[L],#d[K],F-1[L],c[L],f[K],G-1[L],#A-1[L],d[L],#A-1[L],f[K],#A-1[K],#D-1[L],#A-1[L],#d[K],F-1[L],c[L],f[K],G-1[L],#A-1[L],d[K],F-1[L],#A-1[L],f[K],#D-1[L],#A-1[L],g[K],F-1[L],c[L],a[K],G-1[L],d[L],g[L],a[L],#a[J],#d1[L],g1[L],#a1[K],f1[L],a1[L],c2[K],g1[L],#a1[L],d2[K],f1[L],#a1[L],d2[K],#d1[L],g1[L],#a1[K],f1[L],a1[L],c2[K],g[L],d1[L],g1[L],a1[L],#a1[K],T,"]},{"id":3,"baseBeats":0.25,"scores":["5<mute[N],mute[N]>,5<mute[N],mute[N]>,5<mute[N],mute[N]>,5<mute[N],mute[N]>,5<mute[N],mute[N]>,5<mute[N],mute[N]>,5<mute[N],mute[N]>,5<mute[N],mute[N]>,5<mute[N],mute[N]>,5<mute[N],mute[N]>,5<mute[N],mute[N]>,5<mute[N],mute[N]>,5<mute[N],mute[N]>,5<mute[N],mute[N]>,5<mute[N],mute[N]>,5<mute[N],mute[N]>,5<mute[N],mute[N]>,5<mute[N],mute[N]>,5<mute[N],mute[N]>,5<mute[N],mute[N]>,5<mute[N],mute[N]>,5<mute[N],mute[N]>,5<mute[N],mute[N]>,5<mute[N],mute[N]>,5<mute[N],mute[N]>,5<mute[N],mute[N]>,5<mute[N],mute[N]>,5<mute[N],mute[N]>,5<mute[N],mute[N]>,5<mute[N],mute[N]>,5<mute[N],mute[N]>,5<mute[N],mute[N]>,5<mute[N],mute[N]>,5<mute[N],mute[N]>,5<mute[N],mute[N]>,5<mute[N],mute[N]>,5<mute[N],mute[N]>,5<mute[N],mute[N]>,5<mute[N],mute[N]>,5<mute[N],mute[N]>,5<mute[N],mute[N]>,5<mute[N],mute[N]>,5<mute[N],mute[N]>,5<mute[N],mute[N]>,5<mute[N],mute[N]>,5<mute[N],mute[N]>,5<mute[N],mute[N]>,5<mute[N],mute[N]>,5<mute[N],mute[N]>,5<mute[N],mute[N]>,5<mute[N],mute[N]>,5<mute[N],mute[N]>,5<mute[N],mute[N]>,5<mute[N],mute[N]>,5<mute[N],mute[N]>,5<mute[N],mute[N]>,5<mute[N],mute[N]>,5<mute[N],mute[N]>,5<mute[N],mute[N]>,5<mute[N],mute[N]>,5<mute[N],mute[N]>,5<mute[N],mute[N]>,5<mute[N],mute[N]>,5<mute[N],mute[N]>,5<mute[N],mute[N]>,5<mute[N],mute[N]>,5<mute[N],mute[N]>,5<mute[N],mute[N]>,5<mute[N],mute[N]>,5<mute[N],mute[N]>,5<mute[N],mute[N]>,5<mute[N],mute[N]>,5<mute[N],mute[N]>,5<mute[N],mute[N]>,5<mute[N],mute[N]>,5<mute[N],mute[N]>,5<mute[N],mute[N]>,5<mute[N],mute[N]>,5<mute[N],mute[N]>,5<mute[N],mute[N]>,5<mute[N],mute[N]>,5<mute[N],mute[N]>,5<mute[N],mute[N]>,5<mute[N],mute[N]>,5<mute[N],mute[N]>,5<mute[N],mute[N]>,5<mute[N],mute[N]>,5<mute[N],mute[N]>,5<mute[N],mute[N]>,5<mute[N],mute[N]>,5<mute[N],mute[N]>,5<mute[N],mute[N]>,5<mute[N],mute[N]>,5<mute[N],mute[N]>,5<mute[N],mute[N]>,5<mute[N],mute[N]>,5<mute[N],mute[N]>,5<mute[N],mute[N]>,5<mute[N],mute[N]>,5<mute[N],mute[N]>,5<mute[N],mute[N]>,5<mute[N],mute[N]>,5<mute[N],mute[N]>,5<mute[N],mute[N]>,5<mute[N],mute[N]>,5<mute[N],mute[N]>,5<mute[N],mute[N]>,5<mute[N],mute[N]>,5<mute[N],mute[N]>,5<mute[N],mute[N]>,5<mute[N],mute[N]>,5<mute[N],mute[N]>,5<mute[N],mute[N]>,5<mute[N],mute[N]>,5<mute[N],mute[N]>,5<mute[N],mute[N]>,5<mute[N],mute[N]>,5<mute[N],mute[N]>,5<mute[N],mute[N]>,5<mute[N],mute[N]>,T,8<(#A-3.d3.d2.d3.d2.d3.d2)[O],(#A-2)[O],(#A-3)[O],(#A-2)[O],(#A-3)[O],(#A-2)[O],(#A-3)[O],(#A-2)[O],(#A-3.f3.f2.f3.f2.f3.f2)[O],(#A-2)[O],(#A-3)[O],(#A-2)[O],(#A-3)[O],(#A-2)[O],(#A-3)[O],(#A-2)[O]>,5<mute[N],mute[N]>,5<mute[N],mute[N]>,5<mute[N],mute[N]>,5<mute[N],mute[N]>,5<mute[N],mute[N]>,5<mute[N],mute[N]>,5<mute[N],mute[N]>,5<mute[N],mute[N]>,5<mute[N],mute[N]>,5<mute[N],mute[N]>,5<mute[N],mute[N]>,5<mute[N],mute[N]>,5<mute[N],mute[N]>,5<mute[N],mute[N]>,5<mute[N],mute[N]>,5<mute[N],mute[N]>,5<mute[N],mute[N]>,5<mute[N],mute[N]>,5<mute[N],mute[N]>,5<mute[N],mute[N]>,5<mute[N],mute[N]>,5<mute[N],mute[N]>,5<mute[N],mute[N]>,5<mute[N],mute[N]>,5<mute[N],mute[N]>,5<mute[N],mute[N]>,5<mute[N],mute[N]>,5<mute[N],mute[N]>,5<mute[N],mute[N]>,5<mute[N],mute[N]>,5<mute[N],mute[N]>,5<mute[N],mute[N]>,5<mute[N],mute[N]>,5<mute[N],mute[N]>,5<mute[N],mute[N]>,5<mute[N],mute[N]>,5<mute[N],mute[N]>,5<mute[N],mute[N]>,5<mute[N],mute[N]>,5<mute[N],mute[N]>,5<mute[N],mute[N]>,5<mute[N],mute[N]>,5<mute[N],mute[N]>,5<mute[N],mute[N]>,5<mute[N],mute[N]>,5<mute[N],mute[N]>,5<mute[N],mute[N]>,5<mute[N],mute[N]>,5<mute[N],mute[N]>,5<mute[N],mute[N]>,5<mute[N],mute[N]>,5<mute[N],mute[N]>,5<mute[N],mute[N]>,5<mute[N],mute[N]>,5<mute[N],mute[N]>,5<mute[N],mute[N]>,T,8<(#A-3.d3.d2)[O],(#A-2)[O],(#A-3)[O],(#A-2)[O],(#A-3)[O],(#A-2)[O],(#A-3)[O],(#A-2)[O],(#A-3.f3.f2.f3.f2)[O],(#A-2)[O],(#A-3)[O],(#A-2)[O],(#A-3)[O],(#A-2)[O],(#A-3)[O],(#A-2)[O]>,(g3.d3.#a2.g2)[L],7<(g2~#a2~d3)[L]>,(g3.g2)[L],(#a3.#a2)[L],(c4.a3.f3.c3)[L],7<(c3~f3~a3)[L]>,(d4.d3)[L],(f4.f3)[L],(d4.#a3.g3.d3)[L],7<(d4~#a3~g3)[L]>,(c4.c3)[L],(#a3.#a2)[L],(g3.d3.#a2.g2)[L],7<(g3~d3~#a2)[L]>,(d4.d3)[L],(c4.c3)[L],(g3.g2)[L],7<(g3~d3~#a2)[L]>,(d4.d3)[L],(c4.c3)[L],(g3.g2)[L],7<(g3~d3~#a2)[L]>,(f3.f2)[K],(g3.d3.#a2.g2)[L],U,U,U,T,(d2.d3)[L],(c3.c2)[L],7<(#d~g~#a~#d1)[L]>,U,(d3.d2)[L],(c3.c2)[L],7<(f~a~c1~f1)[L]>,U,(f2.f1)[K],7<(g1~#a1~d2~g2)[L]>,U,U,U,T,(d2.d1)[L],(c2.c1)[L],7<(#D-1~G-1~#A-1~#d)[L]>,U,(d2.d1)[L],(c2.c1)[L],7<(F-1~A-1~c~f)[L]>,U,(f1.f)[K],7<(g~#a~d1~g1)[L]>,U,T,V,V,V,V,V,V,V,V,d2[MO],g2[MO],a2[MO],#a2[MO],d3[MOP],g3[MOP],a3[MN],#a3[MNOP],(D-1.D-2.d4)[I];","(g3.d3.#a2.g2)[KL],(f3.f2)[L],(g3.d3.#a2.g2)[K],(a3.a2)[L],(f3.f2)[L],(g3.d3.#a2.g2)[K],(f3.f2)[L],(c3.c2)[L],(d3.a2.f2.d2)[K],(d3.d2)[L],(f3.f2)[L],(g3.d3.#a2.g2)[KL],(f3.f2)[L],(g3.d3.#a2.g2)[L],(#a3.#a2)[L],(a3.a2)[L],(f3.f2)[L],(d3.a2.f2.d2)[K],(#a2.#a1)[K],(a2.a1)[K],(d3.d2)[L],(f3.f2)[L],(g3.d3.#a2.g2)[KL],(f3.f2)[L],(g3.d3.#a2.g2)[K],(a3.a2)[L],(f3.f2)[L],(g3.d3.#a2.g2)[K],(f3.f2)[L],(c3.c2)[L],(d3.a2.f2.d2)[K],(d3.d2)[L],(c3.c2)[L],(g2.d2.#a1.g1)[K],(d3.d2)[L],(c3.c2)[L],(g2.c2.g1)[K],(f2.f1)[K],(g2.d2.#a1.g1)[JK],(#A-3.d3.d2)[O],(#A-2)[O],(#A-3)[O],(#A-2)[O],(#A-3)[O],(#A-2)[O],(#A-3)[O],(#A-2)[O],(#A-3.f3.f2)[O],(#A-2)[O],(#A-3)[O],(#A-2)[O],(#A-3)[O],(#A-2)[O],(#A-3)[O],(#A-2)[O],(g3.d3.#a2.g2)[K],(g3.g2)[L],(#a3.#a2)[L],(c4.a3.f3.c3)[K],(d4.d3)[L],(f4.f3)[L],(d4.a3.f3.d3)[K],(c4.c3)[L],(#a3.#a2)[L],(g3.c3.g2)[K],(d4.d3)[L],(c4.c3)[L],(g3.d3.#a2.g2)[K],(d4.d3)[L],(c4.c3)[L],(g3.g2)[K],(f3.f2)[K],(g3.g2)[JK],","(#d.#D-1~G-1~#A-1)[L],(#d~g~#a)[L],(#d1~#a~g)[L],(#d~#A-1~G-1)[L],(f.F-1~A-1~c)[L],(f~a~c1)[L],(f1~c1~a)[L],(f~c~A-1)[L],(g.G-1~#A-1~d)[L],(g~#a~d1)[L],(g1~d1~#a)[L],(g~d~#A-1)[L],(f.F-1~A-1~c)[L],(f~a~c1)[L],(f1~c1~a)[L],(f~c~A-1)[L],(#d.#D-1~G-1~#A-1)[L],(#d~g~#a)[L],(#d1~#a~g)[L],(#d~#A-1~G-1)[L],(f.F-1~A-1~c)[L],(f~a~c1)[L],(f1~c1~a)[L],(f~c~A-1)[L],(g.G-1~#A-1~d)[L],(g~#a~d1)[L],(g1~d1~#a)[L],(g~d~#A-1)[L],(f.F-1~A-1~c)[L],(f~a~c1)[L],(f1~c1~a)[L],(f~c~A-1)[L],(#d.#D-1~G-1~#A-1)[L],(#d~g~#a)[L],(#d1~#a~g)[L],(#d~#A-1~G-1)[L],(f.F-1~A-1~c)[L],(f~a~c1)[L],(f1~c1~a)[L],(f~c~A-1)[L],(g.G-1~#A-1~d)[L],(g~#a~d1)[L],(g1~d1~#a)[L],(g~d~#A-1)[L],(f.F-1~A-1~c)[L],(f~a~c1)[L],(f1~c1~a)[L],(f~c~A-1)[L],(#d.#D-1~G-1~#A-1)[L],(#d~g~#a)[L],(#d1~#a~g)[L],(#d~#A-1~G-1)[L],(f.F-1~A-1~c)[L],(f~a~c1)[L],(f1~c1~a)[L],(f~c~A-1)[L],(g.G-1~#A-1~d)[L],(g~#a~d1)[L],(g1~d1~#a)[L],(g~d~#A-1)[L],(G-1.G-2)[K],T,(#d.#D-1~G-1~#A-1)[L],(#d~g~#a)[L],(#d1~#a~g)[L],(#d~#A-1~G-1)[L],(f.F-1~A-1~c)[L],(f~a~c1)[L],(f1~c1~a)[L],(f~c~A-1)[L],(g.G-1~#A-1~d)[L],(g~#a~d1)[L],(g1~d1~#a)[L],(g~d~#A-1)[L],(f.F-1~A-1~c)[L],(f~a~c1)[L],(f1~c1~a)[L],(f~c~A-1)[L],(#d.#D-1~G-1~#A-1)[L],(#d~g~#a)[L],(#d1~#a~g)[L],(#d~#A-1~G-1)[L],(f.F-1~A-1~c)[L],(f~a~c1)[L],(f1~c1~a)[L],(f~c~A-1)[L],(g.G-1~#A-1~d)[L],(g~#a~d1)[L],(g1~d1~#a)[L],(g~d~#A-1)[L],(G-1.G-2)[K],T,(#d.#D-1)[L],(#d1.#a.g.#d)[L],(#d1.#a.g.#d)[K],(f.F-1)[L],(f1.c1.a.f)[L],(f1.c1.a.f)[K],(g.G-1)[L],(g1.d1.#a.g)[L],(g1.d1.#a.g)[K],(f.F-1)[L],(f1.d1.#a.f)[L],(f1.d1.#a.f)[K],(#d.#D-1)[L],(#d1.#a.g.#d)[L],(#d1.#a.g.#d)[K],(f.F-1)[L],(f1.c1.a.f)[L],(f1.c1.a.f)[K],(G-1.G-2)[L],(d.D-1)[L],(g.G-1)[L],(a.A-1)[L],(#a.#A-1)[J],(g2.g1)[K],T,(g2.g1)[K],T,(g.G-1)[L],d[L],g[L],a[L],#a[J],(g1.g)[K],T,(g1.g)[K],T,(G-1.G-2)[J],d[M],g[M],a[M],#a[M],d1[M],g1[M],a1[M],#a1[M],S,","(#d.#D-1~G-1~#A-1)[L],(#d~g~#a)[L],(#d1~#a~g)[L],(#d~#A-1~G-1)[L],(f.F-1~A-1~c)[L],(f~a~c1)[L],(f1~c1~a)[L],(f~c~A-1)[L],(g.G-1~#A-1~d)[L],(g~#a~d1)[L],(g1~d1~#a)[L],(g~d~#A-1)[L],(f.F-1~A-1~c)[L],(f~a~c1)[L],(f1~c1~a)[L],(f~c~A-1)[L],(#d.#D-1~G-1~#A-1)[L],(#d~g~#a)[L],(#d1~#a~g)[L],(#d~#A-1~G-1)[L],(f.F-1~A-1~c)[L],(f~a~c1)[L],(f1~c1~a)[L],(f~c~A-1)[L],(g.G-1~#A-1~d)[L],(g~#a~d1)[L],(g1~d1~#a)[L],(g~d~#A-1)[L],(f.F-1~A-1~c)[L],(f~a~c1)[L],(f1~c1~a)[L],(f~c~A-1)[L],(#d.#D-1~G-1~#A-1)[L],(#d~g~#a)[L],(#d1~#a~g)[L],(#d~#A-1~G-1)[L],(f.F-1~A-1~c)[L],(f~a~c1)[L],(f1~c1~a)[L],(f~c~A-1)[L],(g.G-1~#A-1~d)[L],(g~#a~d1)[L],(g1~d1~#a)[L],(g~d~#A-1)[L],(f.F-1~A-1~c)[L],(f~a~c1)[L],(f1~c1~a)[L],(f~c~A-1)[L],(#d.#D-1~G-1~#A-1)[L],(#d~g~#a)[L],(#d1~#a~g)[L],(#d~#A-1~G-1)[L],(f.F-1~A-1~c)[L],(f~a~c1)[L],(f1~c1~a)[L],(f~c~A-1)[L],(g.G-1~#A-1~d)[L],(g~#a~d1)[L],(g1~d1~#a)[L],(g~d~#A-1)[L],(G-1.G-2)[K],T,(#d.#D-1~G-1~#A-1)[L],(#d~g~#a)[L],(#d1~#a~g)[L],(#d~#A-1~G-1)[L],(f.F-1~A-1~c)[L],(f~a~c1)[L],(f1~c1~a)[L],(f~c~A-1)[L],(g.G-1~#A-1~d)[L],(g~#a~d1)[L],(g1~d1~#a)[L],(g~d~#A-1)[L],(f.F-1~A-1~c)[L],(f~a~c1)[L],(f1~c1~a)[L],(f~c~A-1)[L],(#d.#D-1~G-1~#A-1)[L],(#d~g~#a)[L],(#d1~#a~g)[L],(#d~#A-1~G-1)[L],(f.F-1~A-1~c)[L],(f~a~c1)[L],(f1~c1~a)[L],(f~c~A-1)[L],(g.G-1~#A-1~d)[L],(g~#a~d1)[L],(g1~d1~#a)[L],(g~d~#A-1)[L],(G-1.G-2)[K],","(g3.d3.#a2.g2)[KL],(f3.f2)[L],(g3.d3.#a2.g2)[K],(a3.a2)[L],(f3.f2)[L],(g3.d3.#a2.g2)[K],(f3.f2)[L],(c3.c2)[L],(d3.a2.f2.d2)[K],(d3.d2)[L],(f3.f2)[L],(g3.d3.#a2.g2)[KL],(f3.f2)[L],(g3.d3.#a2.g2)[L],(#a3.#a2)[L],(a3.a2)[L],(f3.f2)[L],(d3.a2.f2.d2)[K],(#a2.#a1)[K],(a2.a1)[K],(d3.d2)[L],(f3.f2)[L],(g3.d3.#a2.g2)[KL],(f3.f2)[L],(g3.d3.#a2.g2)[K],(a3.a2)[L],(f3.f2)[L],(g3.d3.#a2.g2)[K],(f3.f2)[L],(c3.c2)[L],(d3.a2.f2.d2)[K],(d3.d2)[L],(c3.c2)[L],(g2.d2.#a1.g1)[K],(d3.d2)[L],(c3.c2)[L],(g2.c2.g1)[K],(f2.f1)[K],(g2.d2.#a1.g1)[JK],T,(g3.d3.#a2.g2)[K],(g3.g2)[L],(#a3.#a2)[L],(c4.a3.f3.c3)[K],(d4.d3)[L],(f4.f3)[L],(d4.a3.f3.d3)[K],(c4.c3)[L],(#a3.#a2)[L],(g3.c3.g2)[K],(d4.d3)[L],(c4.c3)[L],(g3.d3.#a2.g2)[K],(d4.d3)[L],(c4.c3)[L],(g3.g2)[K],(f3.f2)[K],(g3.g2)[JK],","(g3.d3.#a2.g2)[KL],(f3.f2)[L],(g3.d3.#a2.g2)[K],(a3.a2)[L],(f3.f2)[L],(g3.d3.#a2.g2)[K],(f3.f2)[L],(c3.c2)[L],(d3.a2.f2.d2)[K],(d3.d2)[L],(f3.f2)[L],(g3.d3.#a2.g2)[KL],(f3.f2)[L],(g3.d3.#a2.g2)[L],(#a3.#a2)[L],(a3.a2)[L],(f3.f2)[L],(d3.a2.f2.d2)[K],(#a2.#a1)[K],(a2.a1)[K],(d3.d2)[L],(f3.f2)[L],(g3.d3.#a2.g2)[KL],(f3.f2)[L],(g3.d3.#a2.g2)[K],(a3.a2)[L],(f3.f2)[L],(g3.d3.#a2.g2)[K],(f3.f2)[L],(c3.c2)[L],(d3.a2.f2.d2)[K],(d3.d2)[L],(c3.c2)[L],(g2.d2.#a1.g1)[K],(d3.d2)[L],(c3.c2)[L],(g2.c2.g1)[K],(f2.f1)[K],(g2.d2.#a1.g1)[JK],T,(g3.d3.#a2.g2)[K],(g3.g2)[L],(#a3.#a2)[L],(c4.a3.f3.c3)[K],(d4.d3)[L],(f4.f3)[L],(d4.a3.f3.d3)[K],(c4.c3)[L],(#a3.#a2)[L],(g3.c3.g2)[K],(d4.d3)[L],(c4.c3)[L],(g3.d3.#a2.g2)[K],(d4.d3)[L],(c4.c3)[L],(g3.g2)[K],(f3.f2)[K],(g3.g2)[JK],"]}],"audition":{"start":[0,0],"end":[1,29]}}