{"baseBpm":90,"musics":[{"id":1,"baseBeats":0.25,"scores":["(e.a.#c1)[LM],(e.a.#c1)[M],V,(#c1.a.e)[M],V,(e.a.#c1)[M],(#c1.a.e)[L],(#d.#g.b)[L],(e1.#c1.#g)[L],(#f2.#c2)[M],(e2.b1)[M],(#c2.#g1)[M],(e2.b1)[M],(#f2.#c2)[M],(e2.b1)[M],(#c2.#g1)[M],(e2.b1)[M],(#f2.#c2)[M],(e2.b1)[M],(#c2.#g1)[M],(b1.#f1)[M],(#c2.#g1)[M],(b1.#f1)[M],(#c2.#g1)[M],(#f2.#c2)[M],(e2.b1)[L],(e.a.#c1)[LM],(e.a.#c1)[M],V,(#c1.a.e)[M],V,(e.a.#c1)[M],(#c1.a.e)[L],(#d.#g.b)[L],(e1.#c1.#g)[L],(#f2.#c2)[M],(e2.b1)[M],(#c2.#g1)[M],(e2.b1)[M],(#f2.#c2)[M],(e2.b1)[M],(#c2.#g1)[M],(e2.b1)[M],(#f2.#c2)[M],(e2.b1)[M],(#c2.#g1)[M],(b1.#f1)[M],(#c2.#g1)[M],(b1.#f1)[M],(#c2.#g1)[M],(#f2.#c2)[M],(e2.b1)[L],(e.a.#c1)[LM],(e.a.#c1)[M],V,(#c1.a.e)[M],V,(#c1.a.e)[M],(#c1.a.e)[L],(#d.#g.b)[L],(#g.#c1.e1)[L],(#c2.#f2)[M],(b1.e2)[M],(#c2.#g1)[M],(e2.b1)[M],(#f2.#c2)[M],(b1.e2)[M],(#g1.#c2)[M],(b1.e2)[M],(#c2.#f2)[M],(b1.e2)[M],(#c2.#g1)[M],(b1.#f1)[M],(#c2.#g1)[M],(#f1.b1)[M],(#g1.#c2)[M],(#c2.#f2)[M],(b1.e2)[L],(#c1.a.e)[LM],(#c1.a.e)[M],V,(e.a.#c1)[M],V,(e.a.#c1)[M],(e.a.#c1)[L],(b.#g.#d)[L],(e1.#c1.#g)[L],(#f2.#c2)[M],(e2.b1)[M],(#g1.#c2)[M],(b1.e2)[M],(#c2.#f2)[M],(e2.b1)[M],(#c2.#g1)[M],(e2.b1)[M],(#f2.#c2)[M],(e2.b1)[M],(#g1.#c2)[M],(#f1.b1)[M],(#g1.#c2)[M],(b1.#f1)[M],(#c2.#g1)[M],(#f2.#c2)[M],(b1.e2)[L],(#f.b.#d1)[M],#f1[M],#f1[M],#f1[M],#f1[K],(#f1.#a.#c1)[M],#f1[LM],#g1[L],#a1[M],b1[M],(#d1.b.#g)[J],#d1[M],#d1[LM],e1[L],#f1[M],#f1[M],(e.a.#c1)[M],e1[LM],e1[L],#d1[M],#c1[M],#g[K],#c1[L],b[L],(#f.#d1)[KM],#c1[M],b[L],(#c1.a.e)[LM],(#c1.a.e)[M],V,(e.a.#c1)[M],V,(e.a.#c1)[M],(e.a.#c1)[L],(b.#g.#d)[L],(e1.#c1.#g)[K],(#f.b.#d1)[L],#f1[M],#f1[M],#f1[M],#f1[LM],(#a.#c1)[M],#f1[LM],#g1[L],#a1[M],b1[M],(#d1.b.#g)[J],V,#d1[LM],e1[L],#f1[L],(#c1.a.#f1)[L],e1[M],e1[L],#d1[L],#c1[M],#g[K],#c1[L],b[L],(#f.#d1)[KM],#c1[M],b[L],(a.e.#c1)[LM],(#c1.a.e)[M],V,(e.a.#c1)[M],V,(e.a.#c1)[M],(e.a.#c1)[L],(b.#g.#d)[L],(e1.#c1.#g)[K],(#f.b.#d1)[L],(#f1.#d1)[M],(#d1.#f1)[M],#f1[K],(#f1.#a.#c1)[M],#f1[LM],(e1.#g1)[L],(#f1.#a1)[M],(#g1.b1)[M],(#d1.b.#g)[J],(b.#d1)[M],(b.#d1)[M],(b.#d1)[M],(e1.#c1)[L],(#d1.#f1)[L],(#d1.#f1)[M],(#c1.a.e)[L],e1[L],e1[L],#d1[M],#c1[M],#g[K],#c1[M],b[M],#d1[L],#f[KM],#c1[M],b[L],(#c1.e.a)[LM],(e.a.#c1)[M],V,(#c1.a.e)[M],V,(#c1.a.e)[M],(#c1.a.e)[L],(b.#g.#d)[L],(#g.#c1.e1)[K],(#d1.b.#f)[L],(#d1.#f1)[M],(#f1.#d1)[M],(#d1.#f1)[K],(#f1.#a.#c1)[M],#f1[LM],(e1.#g1)[L],(#f1.#a1)[M],(#g1.b1)[M],(#d1.b.#g)[J],(b1.#d2)[M],(b1.#d2)[LM],(#c2.e2)[L],(#f2.#d2)[L],(#d2.#f2.e.a)[L],(#c2.e2)[M],(a.e.e2.#c2)[L],(a.e.#d2.b1)[M],(e2.#c2)[M],(a.e)[M],(e.a.#c1)[L],(b.#g.#d)[L],(e1.#c1.#g)[IK],","(A-1.A-2)[LM],(A-2.A-1)[L],(A-1.A-2)[L],(A-1.A-2)[M],(A-1.A-2)[L],(#G-1.#G-2)[L],(#C-1.#c)[IK],(A-1.A-2)[LM],(A-2.A-1)[L],(A-1.A-2)[L],(A-2.A-1)[M],(A-1.A-2)[L],(#G-1.#G-2)[L],(#c.#C-1)[IK],(A-2.A-1)[LM],(A-1.A-2)[L],(A-1.A-2)[L],(A-1.A-2)[M],(A-2.A-1)[L],(#G-2.#G-1)[L],(#C-1.#c)[IK],(A-2.A-1)[LM],(A-1.A-2)[L],(A-1.A-2)[L],(A-1.A-2)[M],(A-2.A-1)[L],(#G-2.#G-1)[L],(#C-1.#c)[IK],(B-2.B-1)[LM],(B-2.B-1)[M],(B-2.B-1)[K],(#D-1.#d)[LM],(#d.#D-1)[M],(#d.#D-1)[K],(#G-2.#G-1)[LM],(#G-1.#G-2)[M],(#G-2.#G-1)[K],(#F-2.#F-1)[LM],(#F-1.#F-2)[M],(#F-2.#F-1)[K],(E-2.E-1)[LM],(E-1.E-2)[M],(E-2.E-1)[K],(#F-2.#F-1)[LM],(#F-2.#F-1)[M],(#F-2.#F-1)[K],(#G-2.#G-1)[LM],(#G-2.#G-1)[M],(#G-1.#G-2)[K],(A-1.A-2)[LM],(A-2.A-1)[L],(A-2.A-1)[L],(A-1.A-2)[M],(A-1.A-2)[L],(#G-1.#G-2)[L],(#C-1.#c)[K],(B-2.B-1)[LM],(B-1.B-2)[M],(B-1.B-2)[K],(#d.#D-1)[LM],(#D-1.#d)[M],(#d.#D-1)[K],(#G-2.#G-1)[LM],(#G-2.#G-1)[M],(#G-1.#G-2)[K],(#F-1.#F-2)[LM],(#F-2.#F-1)[M],(#F-1.#F-2)[K],(E-1.E-2)[LM],(E-1.E-2)[M],(E-2.E-1)[K],(#F-1.#F-2)[LM],(#F-1.#F-2)[M],(#F-2.#F-1)[K],(#G-1.#G-2)[LM],(#G-2.#G-1)[M],(#G-2.#G-1)[K],(A-2.A-1)[LM],(A-1.A-2)[L],(A-2.A-1)[L],(A-1.A-2)[M],(A-1.A-2)[L],(#G-2.#G-1)[L],(#c.#C-1)[K],(B-2.B-1)[LM],(B-1.B-2)[M],(B-1.B-2)[K],(#D-1.#d)[LM],(#D-1.#d)[M],(#d.#D-1)[K],(#G-1.#G-2)[LM],(#G-2.#G-1)[M],(#G-2.#G-1)[K],(#F-2.#F-1)[LM],(#F-2.#F-1)[M],(#F-2.#F-1)[K],(E-2.E-1)[LM],(E-1.E-2)[M],(E-2.E-1)[K],(#F-2.#F-1)[LM],(#F-2.#F-1)[M],(#F-2.#F-1)[K],(#G-1.#G-2)[LM],(#G-2.#G-1)[M],(#G-1.#G-2)[K],(A-1.A-2)[LM],(A-1.A-2)[L],(A-1.A-2)[L],(A-1.A-2)[M],(A-2.A-1)[L],(#G-1.#G-2)[L],(#C-1.#c)[K],(B-2.B-1)[LM],(B-1.B-2)[M],(B-1.B-2)[K],(#d.#D-1)[LM],(#D-1.#d)[M],(#d.#D-1)[K],(#G-2.#G-1)[LM],(#G-2.#G-1)[M],(#G-2.#G-1)[K],(#G-1.#G-2)[LM],(#G-2.#G-1)[M],(#G-2.#G-1)[K],A-1[LM],A-1[L],A-1[L],A-1[M],(A-2.A-1)[L],(#G-2.#G-1)[L],(#C-1.#c)[IK],"]},{"id":2,"baseBeats":0.25,"scores":["(#c2.a1.#f1)[L],(#c2.a2)[L],(a2.#c2)[L],(a2.#c2)[M],(a2.#c2)[M],d2[L],(a2.d2)[L],(a2.d2)[L],(a2.d2)[L],(a2.#c2.e2)[KL],(#g2.b1)[M],(#g2.b1)[M],(b.e1.#g1)[LM],a1[LM],#g1[L],(a1.#f1.#c1)[L],(a2.e2.#c2)[L],(a2.e2.#c2)[M],(a2.e2.#c2)[M],(a2.e2.#c2)[M],(a2.e2.#c2)[M],(a2.#f2.d2)[M],(a2.#f2.d2)[L],(a2.#f2.d2)[L],(a2.#f2.d2)[L],(a2.e2.#c2)[K],(#c2.e2.a2)[M],(a2.e2.#c2)[M],(#g2.e2.b1)[L],(#g2.e2.b1)[M],(b.e1.#g1)[LM],a1[LM],#g1[L],(#c1.#f1.a1)[L],(a2.e2.#c2)[L],(a2.e2.#c2)[L],(a2.e2.#c2)[M],(#c2.e2.a2)[M],(a2.d1.#f1)[K],(a2.#f2.d2)[L],(d2.#f2.a2)[L],(a2.e2.#c2)[LM],(e1.#c1)[M],(b.e1)[L],(#g2.e2.b1)[M],(b1.e2.#g2)[JLM],(#c2.e2.a2)[L],(a2.e2.#c2)[M],(#c2.e2.a2)[M],(a2.e2.#c2)[M],(#c2.e2.a2)[M],(d2.#f2.a2)[M],(a2.#f2.d2)[L],(a2.#f2.d2)[L],(d2.#f2.a2)[L],(#c2.e2.a2)[K],(a2.e2.#c2)[M],(a2.e2.#c2)[M],(b1.e2.#g2)[LM],(b1.e2.#g2)[KM],(#f2.#c2.a1)[M],(#g1.b1.e2)[L],(#g2.e2.b1)[KM],(a2.#f2.#c2)[M],(b1.e2.#g2)[L],(#f2.#c2.a1)[J],(e.a.#c1)[LM],(e.a.#c1)[M],V,(#c1.a.e)[M],V,(#c1.a.e)[M],(#c1.a.e)[L],(#d.#g.b)[L],(#g.#c1.e1)[L],(#c2.#f2)[M],(b1.e2)[M],(#c2.#g1)[M],(e2.b1)[M],(#f2.#c2)[M],(b1.e2)[M],(#g1.#c2)[M],(b1.e2)[M],(#c2.#f2)[M],(b1.e2)[M],(#c2.#g1)[M],(b1.#f1)[M],(#c2.#g1)[M],(#f1.b1)[M],(#g1.#c2)[M],(#c2.#f2)[M],(b1.e2)[L],(#c1.a.e)[LM],(#c1.a.e)[M],V,(e.a.#c1)[M],V,(e.a.#c1)[M],(e.a.#c1)[L],(b.#g.#d)[L],(e1.#c1.#g)[L],(#f2.#c2)[M],(e2.b1)[M],(#g1.#c2)[M],(b1.e2)[M],(#c2.#f2)[M],(e2.b1)[M],(#c2.#g1)[M],(e2.b1)[M],(#f2.#c2)[M],(e2.b1)[M],(#g1.#c2)[M],(#f1.b1)[M],(#g1.#c2)[M],(b1.#f1)[M],(#c2.#g1)[M],(#f2.#c2)[M],(b1.e2)[L],(#f.b.#d1)[L],(#f1.#d1)[L],(#d1.#f1)[K],(#f1.#a.#c1)[M],#f1[LM],(e1.#g1)[L],(#f1.#a1)[M],(#g1.b1)[M],(#d1.b.#g)[JM],#d1[LM],e1[L],#f1[L],(#c1.a.e.#f1)[L],e1[M],e1[L],#d1[L],#c1[M],#g[K],#c1[L],b[L],(#f.#d1)[KM],#c1[M],b[L],(#c1.a.e)[LM],(#c1.a.e)[M],V,(e.a.#c1)[M],V,(e.a.#c1)[M],(e.a.#c1)[L],(b.#g.#d)[L],(e1.#c1.#g)[K],(#f.b.#d1)[L],(#d1.#f1)[L],(#d1.#f1)[L],(#d1.#f1)[M],(#d1.#f1)[M],(#a.#c1)[M],#f1[LM],(e1.#g1)[L],(#f1.#a1)[M],(#g1.b1)[M],(#d1.b.#g)[K],(b.#d1)[L],(b.#d1)[L],(b.#d1)[M],(b.#d1)[M],(b.#d1)[M],(e1.#c1)[L],(#d1.#f1)[LM],(#c1.a.#f1)[L],e1[M],e1[L],#d1[LM],(#g.#c1)[L],#c1[M],#c1[L],b[LM],(#f.#d1)[KM],#c1[M],b[L],(#c1.e.a)[LM],(e.a.#c1)[M],V,(#c1.a.e)[M],V,(#c1.a.e)[M],(#c1.a.e)[L],(b.#g.#d)[L],(#g.#c1.e1)[K],(#f.b.#d1)[L],(#d1.#f1)[L],(#d1.#f1)[M],(#d1.#f1)[L],(#f1.#d1)[M],(#a.#c1)[M],(#d1.#f1)[L],(#d2.b1)[L],(#a1.#c2)[L],(#g1.b1)[M],(#d1.b.#g)[J],(b1.#d2)[M],(b1.#d2)[LM],(#c2.e2)[L],(#f2.#d2)[L],(#d2.#f2.e.a)[L],(#c2.e2)[M],(a.e.e2.#c2)[L],(a.e.#d2.b1)[M],(e2.#c2)[M],(a.e)[M],(e.a.#c1)[L],(b.#g.#d)[L],(e1.#c1.#g)[IK],(#c2.a1.#f1)[L],(#c2.a2)[L],(a2.#c2)[L],(a2.#c2)[M],(a2.#c2)[M],d2[L],(d2.a2)[L],(d2.a2)[L],(d2.a2)[L],(a2.#c2.e2)[KL],(#g2.b1)[M],(#g2.b1)[M],(b.e1.#g1)[LM],a1[LM],#g1[L],(a1.#f1.#c1)[L],(a2.e2.#c2)[L],(a2.e2.#c2)[M],(a2.e2.#c2)[M],(a2.e2.#c2)[M],(a2.e2.#c2)[M],(a2.#f2.d2)[M],(a2.#f2.d2)[L],(a2.#f2.d2)[L],(a2.#f2.d2)[L],(a2.e2.#c2)[K],(#c2.e2.a2)[M],(a2.e2.#c2)[M],(#g2.e2.b1)[L],(#g2.e2.b1)[M],(b.e1.#g1)[LM],a1[LM],#g1[L],(#c1.#f1.a1)[L],(a2.e2.#c2)[L],(a2.e2.#c2)[L],(a2.e2.#c2)[M],(#c2.e2.a2)[M],(d1.#f1)[K],(a2.#f2.d2)[L],(d2.#f2.a2)[L],(a2.e2.#c2)[LM],(e1.#c1)[M],(b.e1)[L],(#g2.e2.b1)[M],(b1.e2.#g2)[JLM],(#c2.e2.a2)[L],(a2.e2.#c2)[M],(#c2.e2.a2)[M],(a2.e2.#c2)[M],(#c2.e2.a2)[M],(d2.#f2.a2)[M],(a2.#f2.d2)[L],(a2.#f2.d2)[L],(d2.#f2.a2)[L],(#c2.e2.a2)[K],(a2.e2.#c2)[M],(a2.e2.#c2)[M],(b1.e2.#g2)[LM],(b1.e2.#g2)[KM],(#f2.#c2.a1)[M],(#g1.b1.e2)[L],(#g2.e2.b1)[KM],(a2.#f2.#c2)[M],(b1.e2.#g2)[L],(#f2.#c2.a1)[J],","(#F-1.#F-2)[LM],(#F-2.#F-1)[M],(#F-2.#F-1)[K],(D-1.d)[LM],(D-1.d)[M],(d.D-1)[K],(A-2.A-1)[LM],(A-1.A-2)[M],(A-2.A-1)[K],(E-1.e)[LM],(e.E-1)[M],(E-1.e)[L],(B-1.B-2)[L],(#F-2.#F-1)[LM],(#F-2.#F-1)[M],(#F-2.#F-1)[K],(D-1.d)[LM],(d.D-1)[M],(d.D-1)[K],(A-1.A-2)[LM],(A-2.A-1)[M],(A-1.A-2)[K],(E-1.e)[LM],(e.E-1)[M],(e.E-1)[L],(B-1.B-2)[L],(#F-1.#F-2)[LM],(#F-1.#F-2)[M],(#F-2.#F-1)[K],(D-1.d)[LM],(d.D-1)[M],(d.D-1)[K],(A-1.A-2)[LM],(A-2.A-1)[M],(A-1.A-2)[K],(e.E-1)[LM],(E-1.e)[M],(E-1.e)[L],(B-1.B-2)[L],(#F-2.#F-1)[LM],(#F-2.#F-1)[M],(#F-1.#F-2)[K],(d.D-1)[LM],(d.D-1)[M],(D-1.d)[K],(A-2.A-1)[LM],(A-2.A-1)[M],(A-1.A-2)[K],(#c.#C-1)[LM],(#C-1.#c)[M],(#C-1.#c)[K],(E-1.e)[LM],(E-1.e)[M],(e.E-1)[K],(#F-2.#F-1)[LM],(#F-2.#F-1)[M],(#F-1.#F-2)[M],(#G-2.#G-1)[LM],(A-2.A-1)[LM],(A-2.A-1)[L],(A-2.A-1)[L],(A-1.A-2)[M],(A-1.A-2)[L],(#G-2.#G-1)[L],(#c.#C-1)[IK],(A-2.A-1)[LM],(A-2.A-1)[L],(A-1.A-2)[L],(A-1.A-2)[M],(A-2.A-1)[L],(#G-1.#G-2)[L],(#c.#C-1)[IK],(B-2.B-1)[LM],(B-2.B-1)[M],(B-1.B-2)[K],(#D-1.#d)[LM],(#d.#D-1)[M],(#D-1.#d)[K],(#G-2.#G-1)[LM],(#G-1.#G-2)[M],(#G-2.#G-1)[K],(#F-2.#F-1)[LM],(#F-1.#F-2)[M],(#F-2.#F-1)[K],(E-1.E-2)[LM],(E-2.E-1)[M],(E-2.E-1)[K],(#F-2.#F-1)[LM],(#F-2.#F-1)[M],(#F-2.#F-1)[K],(#G-1.#G-2)[LM],(#G-2.#G-1)[M],(#G-1.#G-2)[K],(A-1.A-2)[LM],(A-2.A-1)[L],(A-1.A-2)[L],(A-1.A-2)[M],(A-2.A-1)[L],(#G-1.#G-2)[L],(#C-1.#c)[K],(B-2.B-1)[LM],(B-1.B-2)[M],(B-2.B-1)[K],(#d.#D-1)[LM],(#d.#D-1)[M],(#D-1.#d)[K],(#G-2.#G-1)[LM],(#G-2.#G-1)[M],(#G-1.#G-2)[K],(#F-2.#F-1)[LM],(#F-2.#F-1)[M],(#F-2.#F-1)[K],(E-1.E-2)[LM],(E-2.E-1)[M],(E-2.E-1)[K],(#F-2.#F-1)[LM],(#F-1.#F-2)[M],(#F-2.#F-1)[K],(#G-1.#G-2)[LM],(#G-1.#G-2)[M],(#G-2.#G-1)[K],(A-1.A-2)[LM],(A-1.A-2)[L],(A-1.A-2)[L],(A-1.A-2)[M],(A-1.A-2)[L],(#G-1.#G-2)[L],(#c.#C-1)[K],(B-2.B-1)[LM],(B-1.B-2)[M],(B-2.B-1)[K],(#D-1.#d)[LM],(#d.#D-1)[M],(#D-1.#d)[K],(#G-2.#G-1)[LM],(#G-2.#G-1)[M],(#G-1.#G-2)[K],(#G-1.#G-2)[LM],(#G-1.#G-2)[M],(#G-1.#G-2)[K],A-1[LM],A-1[L],A-1[L],A-1[M],(A-1.A-2)[L],(#G-2.#G-1)[L],(#c.#C-1)[IK],(#F-2.#F-1)[LM],(#F-2.#F-1)[M],(#F-1.#F-2)[K],(d.D-1)[LM],(d.D-1)[M],(D-1.d)[K],(A-2.A-1)[LM],(A-1.A-2)[M],(A-2.A-1)[K],(E-1.e)[LM],(e.E-1)[M],(E-1.e)[L],(B-1.B-2)[L],(#F-2.#F-1)[LM],(#F-2.#F-1)[M],(#F-2.#F-1)[K],(D-1.d)[LM],(d.D-1)[M],(d.D-1)[K],(A-1.A-2)[LM],(A-2.A-1)[M],(A-1.A-2)[K],(E-1.e)[LM],(e.E-1)[M],(e.E-1)[L],(B-1.B-2)[L],(#F-1.#F-2)[LM],(#F-1.#F-2)[M],(#F-2.#F-1)[K],(D-1.d)[LM],(d.D-1)[M],(d.D-1)[K],(A-1.A-2)[LM],(A-2.A-1)[M],(A-1.A-2)[K],(e.E-1)[LM],(E-1.e)[M],(E-1.e)[L],(B-1.B-2)[L],(#F-2.#F-1)[LM],(#F-2.#F-1)[M],(#F-1.#F-2)[K],(d.D-1)[LM],(d.D-1)[M],(D-1.d)[K],(A-2.A-1)[LM],(A-2.A-1)[M],(A-1.A-2)[K],(#c.#C-1)[LM],(#C-1.#c)[M],(#C-1.#c)[K],(E-1.e)[LM],(E-1.e)[M],(e.E-1)[K],(#F-2.#F-1)[LM],(#F-2.#F-1)[M],(#F-1.#F-2)[M],(#G-2.#G-1)[LM],"]},{"id":3,"baseBeats":0.25,"scores":["(e.a.#c1)[LM],(e.a.#c1)[M],V,(#c1.a.e)[M],V,(#c1.a.e)[M],(#c1.a.e)[L],(#d.#g.b)[L],(#g.#c1.e1)[L],(#c2.#f2)[M],(b1.e2)[M],(#c2.#g1)[M],(e2.b1)[M],(#f2.#c2)[M],(b1.e2)[M],(#g1.#c2)[M],(b1.e2)[M],(#c2.#f2)[M],(b1.e2)[M],(#c2.#g1)[M],(b1.#f1)[M],(#c2.#g1)[M],(#f1.b1)[M],(#g1.#c2)[M],(#c2.#f2)[M],(b1.e2)[L],(#c1.a.e)[LM],(#c1.a.e)[M],V,(e.a.#c1)[M],V,(e.a.#c1)[M],(e.a.#c1)[L],(b.#g.#d)[L],(e1.#c1.#g)[L],(#f2.#c2)[M],(e2.b1)[M],(#g1.#c2)[M],(b1.e2)[M],(#c2.#f2)[M],(e2.b1)[M],(#c2.#g1)[M],(e2.b1)[M],(#f2.#c2)[M],(e2.b1)[M],(#g1.#c2)[M],(#f1.b1)[M],(#g1.#c2)[M],(b1.#f1)[M],(#c2.#g1)[M],(#f2.#c2)[M],(b1.e2)[L],V,(#d3.b2)[M],(#c3.#g2)[M],(#f2.b2)[M],(#g2.#c3)[M],(#f2.b2)[M],(#d2.#g2)[M],(#f2.b2)[M],(#d2.#g2)[M],(#c2.#f2)[M],(#d2.#g2)[M],(#f2.#c2)[M],(#a1.#d2)[M],(#c2.#f2)[M],(#a1.#d2)[M],(#g1.#c2)[M],(#a1.#d2)[M],(#g1.#c2)[M],(#f1.b1)[M],(#c2.#g1)[M],(#f1.b1)[M],(#d1.#g1)[M],(#f1.b1)[L],b1[L],(#g1.#c2)[M],(#d1.#g1)[LM],(#c1.#f1)[L],UV,(e2.#c2)[M],(b1.#d2)[M],(a1.#c2)[M],(#g1.b1)[M],(#f1.a1)[M],(e1.#g1)[M],(#d1.#f1)[L],(b1.#g1)[L],(#f1.a1)[L],(#g1.e1)[M],(#f1.#d1)[M],(#c1.e1)[L],(#d1.b)[M],(b1.#g1)[M],(#f1.#d1)[M],(e1.#c1)[M],(#d1.b)[M],(e.a.#c1)[LM],(e.a.#c1)[M],V,(#c1.a.e)[M],V,(#c1.a.e)[M],(#c1.a.e)[L],(b.#g.#d)[L],(#g.#c1.e1)[K],(#g1.#c2)[M],(#f1.b1)[M],(#g1.#c2)[M],(#d2.b1)[M],(#g1.#c2)[M],(b1.#d2)[M],(#c2.#f2)[M],(b1.#d2)[M],(#c2.#f2)[M],(#d2.#g2)[M],(#c2.#f2)[M],(b2.#c3.e3.#g2)[L],(#a2.#c3)[L],(#g2.b2)[M],(#d1.b.#g)[J],(b1.#d2)[M],(b1.#d2)[LM],(#c2.e2)[L],(#f2.#d2)[L],(#d2.#f2.e.a)[L],(#c2.e2)[M],(a.e.e2.#c2)[L],(a.e.#d2.b1)[M],(e2.#c2)[M],(a.e)[M],(e.a.#c1)[L],(b.#g.#d)[L],(e1.#c1.#g)[IK],(#c2.a1.#f1)[L],(#c2.a2)[L],(a2.#c2)[L],(a2.#c2)[M],(a2.#c2)[M],d2[L],(d2.a2)[L],(d2.a2)[L],(d2.a2)[L],(a2.#c2.e2)[KL],(#g2.b1)[M],(#g2.b1)[M],(b.e1.#g1)[LM],a1[LM],#g1[L],(a1.#f1.#c1)[L],(a2.e2.#c2)[L],(a2.e2.#c2)[M],(a2.e2.#c2)[M],(a2.e2.#c2)[M],(a2.e2.#c2)[M],(a2.#f2.d2)[M],(a2.#f2.d2)[L],(a2.#f2.d2)[L],(a2.#f2.d2)[L],(a2.e2.#c2)[K],(#c2.e2.a2)[M],(a2.e2.#c2)[M],(#g2.e2.b1)[L],(#g2.e2.b1)[M],(b.e1.#g1)[LM],a1[LM],#g1[L],(#c1.#f1.a1)[L],(a2.e2.#c2)[L],(a2.e2.#c2)[L],(a2.e2.#c2)[M],(#c2.e2.a2)[M],(d1.#f1)[K],(a2.#f2.d2)[L],(d2.#f2.a2)[L],(a2.e2.#c2)[LM],(e1.#c1)[M],(b.e1)[L],(#g2.e2.b1)[M],(b1.e2.#g2)[JLM],(#c2.e2.a2)[L],(a2.e2.#c2)[M],(#c2.e2.a2)[M],(a2.e2.#c2)[M],(#c2.e2.a2)[M],(d2.#f2.a2)[M],(a2.#f2.d2)[L],(a2.#f2.d2)[L],(d2.#f2.a2)[L],(#c2.e2.a2)[K],(a2.e2.#c2)[M],(a2.e2.#c2)[M],(b1.e2.#g2)[LM],(b1.e2.#g2)[KM],(#f2.#c2.a1)[M],(#g1.b1.e2)[L],(#g2.e2.b1)[KM],(a2.#f2.#c2)[M],(b1.e2.#g2)[L],(#f2.#c2.a1)[J],(e.a.#c1)[LM],(e.a.#c1)[M],V,(#c1.a.e)[M],V,(e.a.#c1)[M],(#c1.a.e)[L],(#d.#g.b)[L],(e1.#c1.#g)[L],(#f2.#c2)[M],(e2.b1)[M],(#c2.#g1)[M],(e2.b1)[M],(#f2.#c2)[M],(e2.b1)[M],(#c2.#g1)[M],(e2.b1)[M],(#f2.#c2)[M],(e2.b1)[M],(#c2.#g1)[M],(b1.#f1)[M],(#c2.#g1)[M],(b1.#f1)[M],(#c2.#g1)[M],(#f2.#c2)[M],(e2.b1)[L],(e.a.#c1)[LM],(e.a.#c1)[M],V,(#c1.a.e)[M],V,(e.a.#c1)[M],(#c1.a.e)[L],(#d.#g.b)[L],(e1.#c1.#g)[L],(#f2.#c2)[M],(e2.b1)[M],(#c2.#g1)[M],(e2.b1)[M],(#f2.#c2)[M],(e2.b1)[M],(#c2.#g1)[M],(e2.b1)[M],(#f2.#c2)[M],(e2.b1)[M],(#c2.#g1)[M],(b1.#f1)[M],(#c2.#g1)[M],(b1.#f1)[M],(#c2.#g1)[M],(#f2.#c2)[M],(e2.b1)[L],(e.a.#c1)[LM],(e.a.#c1)[M],V,(#c1.a.e)[M],V,(#c1.a.e)[M],(#c1.a.e)[L],(#d.#g.b)[L],(#g.#c1.e1)[L],(#c2.#f2)[M],(b1.e2)[M],(#c2.#g1)[M],(e2.b1)[M],(#f2.#c2)[M],(b1.e2)[M],(#g1.#c2)[M],(b1.e2)[M],(#c2.#f2)[M],(b1.e2)[M],(#c2.#g1)[M],(b1.#f1)[M],(#c2.#g1)[M],(#f1.b1)[M],(#g1.#c2)[M],(#c2.#f2)[M],(b1.e2)[L],(#c1.a.e)[LM],(#c1.a.e)[M],V,(#c1.a.e)[M],V,(e.a.#c1)[M],(e.a.#c1)[L],(b.#g.#d)[L],(e1.#c1.#g)[L],(#c2.#f2)[M],(e2.b1)[M],(#g1.#c2)[M],(b1.e2)[M],(#f2.#c2)[M],(e2.b1)[M],(#c2.#g1)[M],(b1.e2)[M],(#c2.#f2)[M],(e2.b1)[M],(#c2.#g1)[M],(b1.#f1)[M],(#g1.#c2)[M],(#f1.b1)[M],(#c2.#g1)[M],(#c2.#f2)[M],(e2.b1)[L],","(A-2.A-1)[LM],(A-2.A-1)[L],(A-2.A-1)[L],(A-1.A-2)[M],(A-1.A-2)[L],(#G-2.#G-1)[L],(#c.#C-1)[IK],(A-2.A-1)[LM],(A-2.A-1)[L],(A-1.A-2)[L],(A-1.A-2)[M],(A-2.A-1)[L],(#G-1.#G-2)[L],(#c.#C-1)[IK],(B-2.B-1)[LM],(B-1.B-2)[M],(B-2.B-1)[K],(#D-1.#d)[LM],(#D-1.#d)[M],(#D-1.#d)[K],(#G-1.#G-2)[LM],(#G-1.#G-2)[M],(#G-2.#G-1)[K],(#F-1.#F-2)[LM],(#F-1.#F-2)[M],(#F-1.#F-2)[K],(E-1.E-2)[LM],(E-1.E-2)[M],(E-2.E-1)[K],(#F-1.#F-2)[LM],(#F-2.#F-1)[M],(#F-1.#F-2)[K],(#G-1.#G-2)[LM],(#G-1.#G-2)[M],(#G-2.#G-1)[K],(A-2.A-1)[LM],(A-1.A-2)[L],(A-2.A-1)[L],(A-1.A-2)[M],(A-2.A-1)[L],(#G-2.#G-1)[L],(#c.#C-1)[K],(B-2.B-1)[LM],(B-1.B-2)[M],(B-1.B-2)[K],(#D-1.#d)[LM],(#d.#D-1)[M],(#D-1.#d)[K],(#G-1.#G-2)[LM],(#G-2.#G-1)[M],(#G-2.#G-1)[K],(#G-1.#G-2)[LM],(#G-1.#G-2)[M],(#G-1.#G-2)[K],A-1[LM],A-1[L],A-1[L],A-1[M],(A-1.A-2)[L],(#G-1.#G-2)[L],(#c.#C-1)[IK],(#F-1.#F-2)[LM],(#F-1.#F-2)[M],(#F-1.#F-2)[K],(d.D-1)[LM],(d.D-1)[M],(D-1.d)[K],(A-2.A-1)[LM],(A-1.A-2)[M],(A-2.A-1)[K],(E-1.e)[LM],(e.E-1)[M],(E-1.e)[L],(B-1.B-2)[L],(#F-2.#F-1)[LM],(#F-2.#F-1)[M],(#F-2.#F-1)[K],(D-1.d)[LM],(d.D-1)[M],(d.D-1)[K],(A-1.A-2)[LM],(A-2.A-1)[M],(A-1.A-2)[K],(E-1.e)[LM],(e.E-1)[M],(e.E-1)[L],(B-1.B-2)[L],(#F-1.#F-2)[LM],(#F-1.#F-2)[M],(#F-2.#F-1)[K],(D-1.d)[LM],(d.D-1)[M],(d.D-1)[K],(A-1.A-2)[LM],(A-2.A-1)[M],(A-1.A-2)[K],(e.E-1)[LM],(E-1.e)[M],(E-1.e)[L],(B-1.B-2)[L],(#F-2.#F-1)[LM],(#F-2.#F-1)[M],(#F-1.#F-2)[K],(d.D-1)[LM],(d.D-1)[M],(D-1.d)[K],(A-2.A-1)[LM],(A-2.A-1)[M],(A-1.A-2)[K],(#c.#C-1)[LM],(#C-1.#c)[M],(#C-1.#c)[K],(E-1.e)[LM],(E-1.e)[M],(e.E-1)[K],(#F-2.#F-1)[LM],(#F-2.#F-1)[M],(#F-1.#F-2)[M],(#G-2.#G-1)[LM],(A-2.A-1)[LM],(A-2.A-1)[L],(A-2.A-1)[L],(A-1.A-2)[M],(A-1.A-2)[L],(#G-2.#G-1)[L],(#c.#C-1)[IK],(A-2.A-1)[LM],(A-2.A-1)[L],(A-1.A-2)[L],(A-1.A-2)[M],(A-2.A-1)[L],(#G-1.#G-2)[L],(#c.#C-1)[IK],(A-2.A-1)[LM],(A-1.A-2)[L],(A-1.A-2)[L],(A-1.A-2)[M],(A-2.A-1)[L],(#G-2.#G-1)[L],(#C-1.#c)[IK],(A-2.A-1)[LM],(A-1.A-2)[L],(A-1.A-2)[L],(A-1.A-2)[M],(A-2.A-1)[L],(#G-2.#G-1)[L],(#C-1.#c)[IK],"]}],"audition":{"start":[0,0],"end":[0,20]}}