{"baseBpm":220,"musics":[{"id":1,"baseBeats":0.5,"scores":["mute[I],mute[J],mute[J],mute[I],mute[J],mute[J],mute[I],mute[J],mute[J],mute[I],mute[J],mute[J],mute[I],mute[J],mute[J],mute[I],mute[J],mute[J],mute[J],mute[J],mute[J],mute[J],mute[J],mute[J],mute[J],mute[J],mute[KL],mute[K],mute[L],mute[KL],mute[L],mute[K],mute[L],mute[L],mute[K],mute[KL],mute[K],mute[L],mute[KL],mute[L],mute[K],mute[L],mute[L],mute[K],mute[KL],mute[K],mute[L],mute[KL],mute[L],mute[K],mute[L],mute[L],mute[K],mute[KL],mute[K],mute[L],mute[K],mute[L],mute[L],mute[K],mute[L],mute[L],mute[K],mute[L],mute[L],mute[L],mute[L],mute[L],mute[L],mute[L],mute[L],mute[L],mute[L],mute[K],mute[L],mute[L],mute[L],mute[L],mute[L],mute[L],mute[L],mute[L],mute[L],mute[L],mute[L],mute[L],mute[L],mute[L],mute[K],mute[L],mute[L],mute[L],mute[L],mute[L],mute[L],mute[L],mute[L],mute[L],mute[L],mute[L],mute[L],mute[L],mute[L],mute[K],mute[L],mute[L],mute[L],mute[L],mute[L],mute[L],mute[L],mute[L],mute[L],mute[L],mute[L],mute[L],mute[L],mute[L],mute[L],mute[L],mute[L],mute[L],mute[K],mute[K],mute[L],mute[K],mute[L],mute[K],mute[K],mute[K],mute[K],mute[L],mute[K],mute[L],mute[K],mute[K],mute[I],mute[K],5<mute[M],mute[M]>,5<mute[M],mute[M]>,mute[L],5<mute[M],mute[M]>,mute[L],mute[L],mute[K],mute[K],mute[K],5<mute[M],mute[M]>,5<mute[M],mute[M]>,mute[L],5<mute[M],mute[M]>,mute[L],mute[L],mute[L],mute[L],mute[L],mute[L],mute[K],mute[KL],mute[KL],mute[K],5<mute[M],mute[M]>,5<mute[M],mute[M]>,mute[L],5<mute[M],mute[M]>,mute[L],mute[L],mute[K],mute[K],mute[K],5<mute[M],mute[M]>,5<mute[M],mute[M]>,mute[L],5<mute[M],mute[M]>,mute[L],mute[L],mute[K],mute[K],mute[K],mute[K],mute[L],mute[L],mute[K],mute[K],5<mute[M],mute[M]>,5<mute[M],mute[M]>,mute[L],5<mute[M],mute[M]>,mute[L],mute[L],mute[K],mute[K],mute[K],5<mute[M],mute[M]>,5<mute[M],mute[M]>,mute[L],5<mute[M],mute[M]>,mute[L],mute[L],mute[L],mute[L],mute[L],mute[L],mute[K],mute[KL],mute[KL],mute[K],5<mute[M],mute[M]>,5<mute[M],mute[M]>,mute[L],5<mute[M],mute[M]>,mute[L],mute[L],mute[K],mute[K],mute[K],5<mute[M],mute[M]>,5<mute[M],mute[M]>,mute[L],5<mute[M],mute[M]>,mute[L],mute[L],mute[L],mute[L],mute[L],mute[L],mute[K],mute[K],mute[L],mute[L],mute[K],mute[K],mute[KL],mute[KL],mute[J],mute[K],mute[K],mute[K],mute[KL],mute[KL],mute[K],mute[K],mute[K],mute[L],mute[L],mute[K],mute[KL],mute[KL],mute[J],mute[K],mute[K],mute[K],mute[KL],mute[KL],mute[L],mute[L],mute[K],mute[K],mute[L],mute[L],mute[K],mute[KL],mute[KL],mute[K],mute[L],mute[L],mute[L],mute[L],mute[L],mute[L],mute[L],mute[L],mute[L],mute[L],mute[L],mute[L],mute[L],mute[L],mute[L],mute[L],mute[K],mute[K],mute[L],mute[L],mute[K],mute[K],mute[L],mute[K],mute[L],mute[K],mute[K],mute[L],mute[K],mute[L],mute[K],mute[L],mute[K],mute[L],mute[L],mute[L],mute[L],mute[L],mute[KL],mute[KL],mute[J],mute[L],mute[L],mute[L],mute[L],mute[L],mute[L],mute[K],mute[L],mute[L],mute[L],mute[L],mute[K],mute[L],mute[L],mute[K],mute[L],mute[L],mute[L],mute[L],mute[K],mute[L],mute[L],mute[L],mute[L],mute[K],mute[L],mute[L],mute[K],mute[L],mute[L],mute[K],mute[K],mute[L],mute[L],mute[L],mute[L],mute[K],mute[L],mute[L],mute[K],mute[L],mute[L],mute[K],mute[L],mute[L],mute[L],mute[L],mute[L],mute[L],mute[K],mute[L],mute[L],mute[K],mute[L],mute[L],mute[K],mute[K],mute[K],mute[K],mute[K],mute[K],mute[K],mute[K],mute[L],mute[L],mute[K],mute[K],mute[K],mute[K],mute[K],mute[K],mute[K],mute[K],mute[K],mute[K],mute[J],mute[K],mute[K],mute[K],mute[K],mute[K],mute[K],mute[K],mute[K],mute[K],mute[K],mute[K],mute[K],mute[K],mute[K],mute[K],mute[K],mute[K],mute[K],mute[K],mute[L],mute[L],mute[K],mute[K],mute[K],mute[K],mute[K],mute[K],mute[K],mute[K],mute[K],mute[K],mute[K],mute[K],mute[K],mute[K],mute[K],mute[K],mute[K],mute[K],mute[K],mute[K],mute[K],mute[K],mute[K],mute[K],mute[K],mute[K],mute[K],mute[K],mute[I];","(A-1.D-1)[I],(a1.f1)[J],g1[J],(#A-1.f)[I],g1[J],f1[J],(G-1.d)[I],(#c1.a1)[J],g1[J],#D-1[I],(#a.#d1)[J],d1[J],(D-1.A-1)[I],(a1.f1)[J],g1[J],(f.#A-1)[I],g1[J],f1[J],(a1.e1.g.G-1)[J],d1[J],(e1.a1)[J],d1[J],(e1.f.#A-1)[J],d1[J],(e1.A-1.e)[J],(g1.d1)[J],(e1.g1.D-1.A-1)[KL],(f1.a1.A-1.D-1)[K],(A-1.D-1)[L],(c2.e2.A-1.D-1)[KL],(A-1.D-1)[L],(f1.a1.A-1.D-1)[K],(e1.g1.D-1.A-1)[L],(A-1.D-1)[L],(f1.a1.A-1.D-1)[K],(e1.g1.#A-1.f)[KL],(f1.a1.f.#A-1)[K],(#A-1.f)[L],(d2.f2.f.#A-1)[KL],(f.#A-1)[L],(f.#A-1)[K],(#A-1.f)[L],(f.#A-1)[L],(f1.a1.f.#A-1)[K],(e1.g1.G-1.d)[KL],(f1.a1.d.G-1)[K],(d.G-1)[L],(e2.g2.G-1.d)[KL],(d.G-1)[L],(G-1.d)[K],(G-1.d)[L],(d.G-1)[L],(d2.f2.d.G-1)[K],(f2.a2.#A-1.#D-1)[KL],(e2.g2.#A-1.#D-1)[K],(#A-1.#D-1)[L],(f2.a2.#A-1.#D-1)[K],(g2.#a2)[L],(#D-1.#A-1)[L],(#D-1.#A-1)[K],(#A-1.#D-1)[L],(#A-1.#D-1)[L],(#A-1.#D-1)[K],(e2.g2.D-1.A-1)[L],(f2.a2)[L],(e2.g2)[L],(d2.f2.A-1.D-1)[L],(a1.d2)[L],(D-1.A-1)[L],(e2.g2.D-1.A-1)[L],(f2.a2)[L],(e2.g2)[L],(d2.f2.A-1.D-1)[L],(a1.d2.D-1.A-1)[K],(e2.g2.D-1.A-1)[L],(f2.a2.A-1.D-1)[L],(e2.g2.D-1.A-1)[L],(d2.f2)[L],(e2.g2.#A-1.f)[L],(f2.a2)[L],(e2.g2)[L],(d2.f2.#A-1.f)[L],(#a1.d2)[L],(#A-1.f)[L],(e2.g2.#A-1.f)[L],(f2.a2)[L],(e2.g2)[L],(d2.f2.#A-1.f)[L],(#a1.d2.#A-1.f)[K],(e2.g2.f.#A-1)[L],(f2.a2.#A-1.f)[L],(e2.g2.f.#A-1)[L],(d2.f2)[L],(a2.c3.d.G-1)[L],(#a2.d3)[L],(a2.c3)[L],(g2.#a2.d.G-1)[L],(d2.g2)[L],(d.G-1)[L],(a2.c3.G-1.d)[L],(#a2.d3)[L],(a2.c3)[L],(g2.#a2.d.G-1)[L],(d2.g2.G-1.d)[K],(a2.c3.G-1.d)[L],(#a2.d3.G-1.d)[L],(a2.c3.G-1.d)[L],(g2.#a2)[L],(a2.c3.#D-1.#A-1)[L],(#a2.d3)[L],(a2.c3)[L],(g2.#a2.#D-1.#A-1)[L],(#d2.g2)[L],(#D-1.#A-1)[L],(a2.c3.#D-1.#A-1)[L],(#a2.d3)[L],(a2.c3)[L],(g2.#a2.#A-1.#D-1)[L],(#d2.g2.#D-1.#A-1)[L],(g2.#a2)[L],(#a2.d3.#D-1.#A-1)[L],(#D-1.#A-1)[L],(#A-1.#D-1)[K],d[K],#G-1[L],d[K],#G-1[L],(A-1.D-1)[K],(D-1.A-1)[K],(A-1.D-1)[K],d[K],#G-1[L],d[K],#G-1[L],(D-1.A-1)[K],(D-1.A-1)[K],(D-1.A-1)[I],e1[K],(f1.d~f~d)[K],(d1.#G-1)[L],(f1.d~e)[L],d[L],(d1.#G-1)[L],(f1.D-1.A-1)[K],(a.D-1.A-1)[K],(A-1.D-1)[K],(d~f~d)[K],(#g.#G-1)[L],(d~e)[L],(f1.d)[L],#G-1[L],(d1.A-1.D-1)[L],f1[L],(D-1.A-1)[L],d1[L],(f1.D-1.A-1)[K],(a.c.F-1)[KL],(d.G-1)[KL],(#g.#d.#G-1)[K],(f1.d~f~d)[K],(d1.#G-1)[L],(f1.d~e)[L],d[L],(d1.#G-1)[L],(f1.A-1.D-1)[K],(a.A-1.D-1)[K],(A-1.D-1)[K],(d~f~d)[K],(#g.#G-1)[L],(d~e)[L],d[L],#G-1[L],(d1.d.D-1.A-1)[K],(f1.f.A-1.D-1)[K],(g1.g.A-1.D-1)[K],(#g1.#g.F-1.c)[K],(f1.f)[L],(G-1.d)[L],(e.e1)[K],(f.f1.#d.#G-1)[K],(f1.d~f~d)[K],(d1.#G-1)[L],(f1.d~e)[L],d[L],(d1.#G-1)[L],(f1.A-1.D-1)[K],(a.A-1.D-1)[K],(D-1.A-1)[K],(#g.d~f~d)[K],(a.#G-1)[L],(d~e)[L],(f1.d)[L],#G-1[L],(d1.A-1.D-1)[L],f1[L],(D-1.A-1)[L],d1[L],(f1.A-1.D-1)[K],(a.F-1.c)[KL],(d.G-1)[KL],(#g.#G-1.#d)[K],(f1.d~f~d)[K],(d1.#G-1)[L],(f1.d~e)[L],d[L],(d1.#G-1)[L],(f1.D-1.A-1)[K],(g1.A-1.D-1)[K],(a1.D-1.A-1)[K],(g1.d~f~d)[K],(f1.#G-1)[L],(d~e)[L],(f1.d)[L],#G-1[L],(d1.D-1.A-1)[L],f1[L],(D-1.A-1)[L],d1[L],(f1.A-1.D-1)[K],(a.c.F-1)[K],a[L],(d.G-1)[L],a[K],(#g.#d.#G-1)[K],(A-1.e)[KL],(G-1.d)[KL],(c.F-1)[J],f1[K],e1[K],a[K],f1[KL],e1[KL],a[K],(c.g)[K],(c.g)[K],(g.c)[L],(c.g)[L],(g.c)[K],(e1.e)[KL],(f1.f)[KL],(g1.g)[J],f1[K],e1[K],a[K],f1[KL],e1[KL],f1[L],g1[L],(c.g)[K],(c.g)[K],(c.g)[L],(c.g)[L],(g.c)[K],(g.g1)[KL],(a1.a)[KL],(#a1.#a)[K],D-1[L],A-1[L],(f1.#A-1)[L],D-1[L],(e1.A-1)[L],D-1[L],(a.D-1)[L],c[L],(f1.D-1)[L],#A-1[L],D-1[L],D-1[L],(e1.A-1)[L],#A-1[L],(f1.A-1)[L],G-1[L],(g1.c.g)[K],(g.c)[K],(c.g)[L],(g.c)[L],(g1.g.c)[K],(a1.c.g)[K],(g.c)[L],(g1.g.c)[K],(c.g)[L],(a1.c.g)[K],(#a1.#A-1.f)[K],(f.#A-1)[L],(a1.f.#A-1)[K],(f.#A-1)[L],(g1.#A-1.f)[K],(f1.f)[L],(#A-1.f)[K],(#A-1.f)[L],(#A-1.f)[L],(#A-1.f)[L],(f1.#A-1.f)[L],(f.#A-1)[L],(a1.c.g)[KL],(g1.c.g)[KL],(#a1.#c.a)[J],(a1.a.#c)[L],(a.#c)[L],(a.#c)[L],(#c.a)[L],(#c.a)[L],(#c.a)[L],(D-1.A-1)[K],(a.D-1)[L],D-1[L],(a.D-1)[L],D-1[L],(c1.A-1.D-1)[K],(d1.F-1)[L],F-1[L],(c1.c.F-1)[K],(a.F-1)[L],F-1[L],(g.F-1)[L],D-1[L],(#A-1.f)[K],(d.#A-1)[L],#A-1[L],(f.#A-1)[L],#A-1[L],(g.#A-1.f)[K],(a.c)[L],c[L],(c1.g.c)[K],(a.e)[L],e[L],(e.g)[K],(D-1.A-1)[K],(a.D-1)[L],D-1[L],(a.D-1)[L],D-1[L],(c1.A-1.D-1)[K],(d1.F-1)[L],F-1[L],(c1.c.F-1)[K],(a.F-1)[L],F-1[L],(g.c.F-1)[K],(#A-1.f)[L],f[L],(d.#A-1)[L],#A-1[L],(f.#A-1)[L],#A-1[L],(g.#A-1.f)[K],(a.c)[L],c[L],(c1.g.c)[K],(a.e)[L],e[L],(e.g)[K],(f.F-1.c)[K],(F-1.c)[K],(F-1.c)[K],(F-1.c)[K],(f1.F-1.c)[K],(c1.F-1.c)[K],(f1.F-1.c)[K],(g1.c.F-1)[L],(c.F-1)[L],(g.c)[K],(e1.c.g)[K],(c.g)[K],(e1.g.c)[K],(e1.g.c)[K],(c1.g.c)[K],(e1.g.c)[K],(e1.c.g)[K],(f1.d.a)[K],(d1.d.a)[K],(d.a)[J],(a.d)[K],(d.a)[K],(c1.d.a)[K],(c1.d.a)[K],(d1.f.#A-1)[K],(#A-1.f)[K],(#A-1.f)[K],(f1.#A-1.f)[K],(f.#A-1)[K],#a1[K],(#A-1.f)[K],(a1.f.#A-1)[K],(F-1.c)[K],(c1.c.F-1)[K],(c1.c.F-1)[K],(c.F-1)[K],(F-1.c)[K],(c1.F-1.c)[K],(a1.F-1.c)[K],(g1.c.F-1)[L],(c.F-1)[L],(c.g)[K],(e1.c.g)[K],(e1.c.g)[K],(g.c)[K],(c.g)[K],(c1.c.g)[K],(c1.c.g)[K],(a.g.c)[K],(d.a)[K],(d.a)[K],(d1.a.d)[K],d1[K],(e1.d.a)[K],(d.a)[K],(a.d)[K],(a.d)[K],(f1.#A-1.f)[K],(#A-1.f)[K],(g1.f.#A-1)[K],(a1.#A-1.f)[K],(#A-1.f)[K],(#a1.f.#A-1)[K],(a1.#A-1.f)[K],(f.#A-1)[K],(e.#A-1)[K],(e.#A-1)[K],(e.#A-1)[K],(#A-1.e)[K],(#A-1.e)[I];"]},{"id":2,"baseBeats":0.5,"scores":["5<mute[M],mute[M]>,5<mute[M],mute[M]>,mute[L],5<mute[M],mute[M]>,mute[L],mute[L],mute[K],mute[K],mute[K],5<mute[M],mute[M]>,5<mute[M],mute[M]>,mute[L],5<mute[M],mute[M]>,mute[L],mute[L],mute[L],mute[L],mute[L],mute[L],mute[K],mute[KL],mute[KL],mute[K],5<mute[M],mute[M]>,5<mute[M],mute[M]>,mute[L],5<mute[M],mute[M]>,mute[L],mute[L],mute[K],mute[K],mute[K],5<mute[M],mute[M]>,5<mute[M],mute[M]>,mute[L],5<mute[M],mute[M]>,mute[L],mute[L],mute[K],mute[K],mute[K],mute[K],mute[L],mute[L],mute[K],mute[K],5<mute[M],mute[M]>,5<mute[M],mute[M]>,mute[L],5<mute[M],mute[M]>,mute[L],mute[L],mute[K],mute[K],mute[K],5<mute[M],mute[M]>,5<mute[M],mute[M]>,mute[L],5<mute[M],mute[M]>,mute[L],mute[L],mute[L],mute[L],mute[L],mute[L],mute[K],mute[KL],mute[KL],mute[K],5<mute[M],mute[M]>,5<mute[M],mute[M]>,mute[L],5<mute[M],mute[M]>,mute[L],mute[L],mute[K],mute[K],mute[K],5<mute[M],mute[M]>,5<mute[M],mute[M]>,mute[L],5<mute[M],mute[M]>,mute[L],mute[L],mute[L],mute[L],mute[L],mute[L],mute[K],mute[K],mute[L],mute[L],mute[K],mute[K],mute[KL],mute[KL],mute[J],mute[K],mute[K],mute[K],mute[KL],mute[KL],mute[K],mute[K],mute[K],mute[L],mute[L],mute[K],mute[KL],mute[KL],mute[J],mute[K],mute[K],mute[K],mute[KL],mute[KL],mute[L],mute[L],mute[K],mute[K],mute[L],mute[L],mute[K],mute[KL],mute[KL],mute[K],mute[L],mute[L],mute[L],mute[L],mute[L],mute[L],mute[L],mute[L],mute[L],mute[L],mute[L],mute[L],mute[L],mute[L],mute[L],mute[L],mute[K],mute[K],mute[L],mute[L],mute[K],mute[K],mute[L],mute[K],mute[L],mute[K],mute[K],mute[L],mute[K],mute[L],mute[K],mute[L],mute[K],mute[L],mute[L],mute[L],mute[L],mute[L],mute[KL],mute[KL],mute[J],mute[L],mute[L],mute[L],mute[L],mute[L],mute[L],mute[K],mute[L],mute[L],mute[L],mute[L],mute[K],mute[L],mute[L],mute[K],mute[L],mute[L],mute[L],mute[L],mute[K],mute[L],mute[L],mute[L],mute[L],mute[K],mute[L],mute[L],mute[K],mute[L],mute[L],mute[K],mute[K],mute[L],mute[L],mute[L],mute[L],mute[K],mute[L],mute[L],mute[K],mute[L],mute[L],mute[K],mute[L],mute[L],mute[L],mute[L],mute[L],mute[L],mute[K],mute[L],mute[L],mute[K],mute[L],mute[L],mute[K],mute[K],mute[K],mute[K],mute[K],mute[K],mute[K],mute[K],mute[L],mute[L],mute[K],mute[K],mute[K],mute[K],mute[K],mute[K],mute[K],mute[K],mute[K],mute[K],mute[K],mute[K],mute[K],mute[K],mute[K],mute[K],mute[K],mute[K],mute[K],mute[K],mute[K],mute[K],mute[K],mute[K],mute[K],mute[K],mute[K],mute[K],mute[K],mute[K],mute[K],mute[L],mute[L],mute[K],mute[K],mute[K],mute[K],mute[K],mute[K],mute[K],mute[K],mute[K],mute[K],mute[K],mute[K],mute[K],mute[K],mute[K],mute[K],mute[K],mute[K],mute[K],mute[K],mute[K],mute[K],mute[K],mute[K],mute[K],mute[K],mute[K],mute[K],mute[K],mute[K],mute[K],mute[L],mute[L],mute[K],mute[K],mute[K],mute[K],mute[K],mute[K],mute[K],mute[K],mute[K],mute[K],mute[K],mute[K],mute[K],mute[K],mute[K],mute[K],mute[K],mute[K],mute[K],mute[K],mute[K],mute[K],mute[K],mute[K],mute[K],mute[K],mute[L],mute[L],mute[K],mute[K],mute[K],mute[K],mute[L],mute[L],mute[K],mute[K],mute[K],mute[K],mute[K],mute[K],mute[K],mute[K],mute[K],mute[K],mute[K],mute[K],mute[K],mute[K],mute[K],mute[K],mute[K],mute[K],mute[K],mute[K],mute[K],mute[K],mute[K],mute[K],mute[K],mute[K],mute[K],mute[K],mute[K],mute[K],mute[K],mute[K],mute[L],mute[L],mute[K],mute[L],mute[L],mute[K],mute[L],mute[L],mute[K],mute[L],mute[L],mute[K],mute[L],mute[L],mute[K],mute[L],mute[L],mute[K],mute[L],mute[L],mute[K],mute[L],mute[L],mute[K],mute[L],mute[L],mute[K],mute[L],mute[L],mute[K],mute[L],mute[L],mute[K],mute[L],mute[L],mute[K],mute[L],mute[L],mute[K],mute[L],mute[L],mute[K],mute[L],mute[L],mute[K],mute[L],mute[L],mute[K],mute[L],mute[L],mute[K],mute[L],mute[L],mute[K],mute[L],mute[L],mute[K],mute[L],mute[L],mute[K],mute[L],mute[L],mute[K],mute[L],mute[L],mute[K],mute[L],mute[L],mute[K],mute[L],mute[L],mute[K],mute[L],mute[L],mute[K],mute[L],mute[L],mute[K],mute[L],mute[L],mute[K],mute[L],mute[L],mute[K],mute[L],mute[L],mute[K],mute[L],mute[L],mute[K],mute[L],mute[L],mute[K],mute[L],mute[L],mute[K];","(f1.d~f~d)[K],(d1.#G-1)[L],(f1.d~e)[L],d[L],(d1.#G-1)[L],(f1.D-1.A-1)[K],(a.D-1.A-1)[K],(A-1.D-1)[K],(d~f~d)[K],(#g.#G-1)[L],(d~e)[L],(f1.d)[L],#G-1[L],(d1.A-1.D-1)[L],f1[L],(A-1.D-1)[L],d1[L],(f1.D-1.A-1)[K],(a.c.F-1)[KL],(G-1.d)[KL],(#g.#G-1.#d)[K],(f1.d~f~d)[K],(d1.#G-1)[L],(f1.d~e)[L],d[L],(d1.#G-1)[L],(f1.D-1.A-1)[K],(a.A-1.D-1)[K],(D-1.A-1)[K],(d~f~d)[K],(#g.#G-1)[L],(d~e)[L],d[L],#G-1[L],(d.d1.A-1.D-1)[K],(f1.f.D-1.A-1)[K],(g1.g.D-1.A-1)[K],(#g1.#g.c.F-1)[K],(f1.f)[L],(d.G-1)[L],(e.e1)[K],(f1.f.#G-1.#d)[K],(f1.d~f~d)[K],(d1.#G-1)[L],(f1.d~e)[L],d[L],(d1.#G-1)[L],(f1.A-1.D-1)[K],(a.D-1.A-1)[K],(D-1.A-1)[K],(#g.d~f~d)[K],(a.#G-1)[L],(d~e)[L],(f1.d)[L],#G-1[L],(d1.A-1.D-1)[L],f1[L],(A-1.D-1)[L],d1[L],(f1.D-1.A-1)[K],(a.c.F-1)[KL],(d.G-1)[KL],(#g.#G-1.#d)[K],(f1.d~f~d)[K],(d1.#G-1)[L],(f1.d~e)[L],d[L],(d1.#G-1)[L],(f1.D-1.A-1)[K],(g1.D-1.A-1)[K],(a1.A-1.D-1)[K],(g1.d~f~d)[K],(f1.#G-1)[L],(d~e)[L],(f1.d)[L],#G-1[L],(d1.D-1.A-1)[L],f1[L],(D-1.A-1)[L],d1[L],(f1.D-1.A-1)[K],(a.c.F-1)[K],a[L],(G-1.d)[L],a[K],(#g.#G-1.#d)[K],(#d.#G-1)[KL],(G-1.d)[KL],(F-1.c)[J],f1[K],e1[K],a[K],f1[KL],e1[KL],a[K],(g.c)[K],(g.c)[K],(c.g)[L],(c.g)[L],(c.g)[K],(e.e1)[KL],(f1.f)[KL],(g1.g)[J],f1[K],e1[K],a[K],f1[KL],e1[KL],f1[L],g1[L],(c.g)[K],(c.g)[K],(c.g)[L],(c.g)[L],(c.g)[K],(g.g1)[KL],(a.a1)[KL],(#a1.#a)[K],D-1[L],A-1[L],(f1.#A-1)[L],D-1[L],(e1.A-1)[L],D-1[L],(a.D-1)[L],c[L],(f1.D-1)[L],#A-1[L],D-1[L],D-1[L],(e1.A-1)[L],#A-1[L],(f1.A-1)[L],G-1[L],(g1.c.g)[K],(g.c)[K],(g.c)[L],(g.c)[L],(g1.c.g)[K],(a1.c.g)[K],(g.c)[L],(g1.c.g)[K],(c.g)[L],(a1.c.g)[K],(#a1.f.#A-1)[K],(#A-1.f)[L],(a1.#A-1.f)[K],(f.#A-1)[L],(g1.#A-1.f)[K],(f1.f)[L],(#A-1.f)[K],(#A-1.f)[L],(f.#A-1)[L],(f.#A-1)[L],(f1.#A-1.f)[L],(f.#A-1)[L],(a1.g.c)[KL],(g1.g.c)[KL],(#a1.a.#c)[J],(a1.#c.a)[L],(#c.a)[L],(#c.a)[L],(#c.a)[L],(#c.a)[L],(#c.a)[L],(D-1.A-1)[K],(a.D-1)[L],D-1[L],(a.D-1)[L],D-1[L],(c1.D-1.A-1)[K],(d1.F-1)[L],F-1[L],(c1.F-1.c)[K],(a.F-1)[L],F-1[L],(g.F-1)[L],D-1[L],(#A-1.f)[K],(d.#A-1)[L],#A-1[L],(f.#A-1)[L],#A-1[L],(g.#A-1.f)[K],(a.c)[L],c[L],(c1.g.c)[K],(a.e)[L],e[L],(e.g)[K],(A-1.D-1)[K],(a.D-1)[L],D-1[L],(a.D-1)[L],D-1[L],(c1.D-1.A-1)[K],(d1.F-1)[L],F-1[L],(c1.F-1.c)[K],(a.F-1)[L],F-1[L],(g.c.F-1)[K],(#A-1.f)[L],f[L],(d.#A-1)[L],#A-1[L],(f.#A-1)[L],#A-1[L],(g.#A-1.f)[K],(a.c)[L],c[L],(c1.c.g)[K],(a.e)[L],e[L],(e.g)[K],(f.f1.f2.c.F-1)[K],(f1.f2.F-1.c)[K],(f1.f2.F-1.c)[K],(f1.f2.c.F-1)[K],(f1.f2.F-1.c)[K],(c1.f1.f2.F-1.c)[K],(f1.f2.c.F-1)[K],(g1.f2.f1.c.F-1)[L],(c.F-1)[L],(e1.e2.g.c)[K],(e2.e1.g.c)[K],(e1.e2.g.c)[K],(e1.e2.g.c)[K],(e1.e2.g.c)[K],(c1.e1.e2.g.c)[K],(e1.e2.g.c)[K],(e1.e2.c.g)[K],(f1.d1.d2.d.a)[K],(d2.d1.d.a)[K],(d2.d1.d.a)[K],(d1.d2)[K],(d2.d1.d.a)[K],(d2.d1.d.a)[K],(c1.d2.d1.d.a)[K],(c1.d2.d1.d.a)[K],(d1.#a.#a1.f.#A-1)[K],(#a1.#a.#A-1.f)[K],(#a.#a1.#A-1.f)[K],(f1.#a.#a1.f.#A-1)[K],(#a.#a1.f.#A-1)[K],(#a1.#a)[K],(#a.#a1.f.#A-1)[K],(a1.#a1.#a.f.#A-1)[K],(f2.f1.c.F-1)[K],(c1.f1.f2.F-1.c)[K],(c1.f1.f2.F-1.c)[K],(f2.f1.c.F-1)[K],(f1.f2.c.F-1)[K],(c1.f2.f1.c.F-1)[K],(a1.f1.f2.F-1.c)[K],(g1.f1.f2.c.F-1)[L],(F-1.c)[L],(e2.e1.g.c)[K],(e2.e1.c.g)[K],(e2.e1.g.c)[K],(e2.e1.c.g)[K],(e1.e2.g.c)[K],(c1.e1.e2.c.g)[K],(c1.e1.e2.c.g)[K],(a.e2.e1.g.c)[K],(d1.d2.d.a)[K],(d2.d1.d.a)[K],(d1.d2.a.d)[K],(d1.d2)[K],(e1.d2.d1.d.a)[K],(d1.d2.d.a)[K],(d2.d1.d.a)[K],(d2.d1.d.a)[K],(f1.#a.#a1.f.#A-1)[K],(#a1.#a.f.#A-1)[K],(g1.#a.#a1.#A-1.f)[K],(a1.#a.#a1.#A-1.f)[K],(#a1.#a.#A-1.f)[K],(#a1.#a)[K],(a1.#a.#a1.#A-1.f)[K],(#a.#a1.#A-1.f)[K],(f2.f1.F-1.c)[K],(f2.f1.F-1.c)[K],(f1.f2.F-1.c)[K],(f.f1.f2.F-1.c)[K],(e1.e.f1.f2.F-1.c)[K],(c1.f1.f2.c.F-1)[K],(f.f2.f1.F-1.c)[K],(g1.g.f1.f2.c.F-1)[L],(c.F-1)[L],(e2.e1.g.c)[K],(e.e2.e1.c.g)[K],(e1.e2.c.g)[K],(e.e2.e1.c.g)[K],(e.e1.e2.c.g)[K],(c1.e2.e1.g.c)[K],(e.e1.e2.g.c)[K],(f1.f.e2.e1.g.c)[K],(f1.f.d1.d2.d.a)[K],(d1.d2.d.a)[K],(d1.d2.a.d)[K],(d1.d2)[K],(d2.d1.a.d)[K],(d1.d2.a.d)[K],(c1.c.d1.d2.d.a)[K],(c1.c.d2.d1.a.d)[K],(d1.d.#a1.#a.#A-1.f)[K],(#a.#a1.#A-1.f)[K],(#a.#a1.#A-1.f)[K],(f1.#a1.#a.#A-1.f)[K],(#a.#a1.f.#A-1)[K],(#a1.#a)[K],(#a1.#a.#A-1.f)[K],(a1.a.#a1.#a.#A-1.f)[K],(f1.f2.F-1.c)[K],(c1.f1.f2.F-1.c)[K],(c1.f2.f1.c.F-1)[L],(d1.d)[L],(c1.f1.f2.F-1.c)[K],(f2.f1.F-1.c)[K],(c1.f1.f2.F-1.c)[K],(a1.a.f1.f2.F-1.c)[K],(g1.g.f1.f2.F-1.c)[L],(F-1.c)[L],(e2.e1.c.g)[K],(e.e1.e2.c.g)[K],(e.e1.e2.g.c)[K],(e1.e2.g.c)[K],(e2.e1.c.g)[K],(e1.e2.g.c)[K],(c1.e2.e1.g.c)[K],(#a.#A-1.e1.e2.g.c)[K],(A-1.d1.d2.a.d)[K],(d1.d2.d.a)[K],(d1.d2.d.a)[K],(d.d2.d1)[K],(e1.e.d1.d2.d.a)[K],(d2.d1.d.a)[K],(d2.d1.d.a)[K],(d2.d1.a.d)[K],(f1.#a1.#a.#A-1.f)[K],(#a.#a1.f.#A-1)[K],(g1.g.#a.#a1.#A-1.f)[K],(a1.a.#a.#a1.#A-1.f)[K],(#a1.#a.f.#A-1)[K],(#a.#a1.f.#A-1)[K],(a1.a.#a1.#a.f.#A-1)[K],(#a1.#a.#A-1.f)[K],(#a1.#a.#A-1.f)[K],(#a1.#a.#A-1.e)[K],(#a1.#a.e.#A-1)[K],(#a1.#a.#A-1.e)[K],(#a.#a1.e.#A-1)[K],(#a1.#a.#A-1.e)[K],(#a.#a1.#A-1.e)[K],(#a.#a1.e.#A-1)[K],(A-1.D-1)[L],(A-1.D-1)[L],(D-1.A-1)[K],(A-1.D-1)[L],(D-1.A-1)[L],(D-1.A-1)[K],(D-1.A-1)[L],(A-1.D-1)[L],(A-1.D-1)[K],(D-1.A-1)[L],(A-1.D-1)[L],(A-1.D-1)[K],(f.#A-1)[L],(f.#A-1)[L],(#A-1.f)[K],(f.#A-1)[L],(f.#A-1)[L],(f.#A-1)[K],(#A-1.f)[L],(#A-1.f)[L],(#A-1.f)[K],(#A-1.f)[L],(f.#A-1)[L],(f.#A-1)[K],(G-1.d)[L],(G-1.d)[L],(G-1.d)[K],(G-1.d)[L],(G-1.d)[L],(G-1.d)[K],(G-1.d)[L],(G-1.d)[L],(G-1.d)[K],(G-1.d)[L],(G-1.d)[L],(G-1.d)[K],(#D-1.#A-1)[L],(#D-1.#A-1)[L],(#D-1.#A-1)[K],(#D-1.#A-1)[L],(#D-1.#A-1)[L],(#A-1.#D-1)[K],(#A-1.#D-1)[L],(#D-1.#A-1)[L],(#D-1.#A-1)[K],(#A-1.#D-1)[L],(#A-1.#D-1)[L],(#A-1.#D-1)[K],(A-1.D-1)[L],(A-1.D-1)[L],(A-1.D-1)[K],(D-1.A-1)[L],(D-1.A-1)[L],(D-1.A-1)[K],(A-1.D-1)[L],(A-1.D-1)[L],(A-1.D-1)[K],(A-1.D-1)[L],(D-1.A-1)[L],(D-1.A-1)[K],(#A-1.f)[L],(f.#A-1)[L],(f.#A-1)[K],(f.#A-1)[L],(f.#A-1)[L],(f.#A-1)[K],(f.#A-1)[L],(f.#A-1)[L],(f.#A-1)[K],(f.#A-1)[L],(f.#A-1)[L],(f.#A-1)[K],(G-1.d)[L],(d.G-1)[L],(d.G-1)[K],(G-1.d)[L],(G-1.d)[L],(d.G-1)[K],(G-1.d)[L],(G-1.d)[L],(G-1.d)[K],(G-1.d)[L],(G-1.d)[L],(G-1.d)[K],(#A-1.f)[L],(#A-1.f)[L],(#A-1.f)[K],(f.#A-1)[L],(f.#A-1)[L],(f.#A-1)[K],(e.A-1)[L],(e.A-1)[L],(e.A-1)[K],(e.A-1)[L],(e.A-1)[L],(A-1.e)[K];"]},{"id":3,"baseBeats":0.5,"scores":["mute[J],mute[J],mute[J],mute[J],mute[J],mute[J],mute[K],mute[K],mute[K],mute[K],mute[K],mute[K],mute[K],mute[K],mute[K],mute[K],mute[J],mute[J],mute[K],mute[K],mute[J],mute[K],mute[K],mute[J],mute[J],mute[J],mute[K],mute[K],mute[J],mute[J],mute[K],mute[K],mute[K],mute[K],mute[K],mute[K],mute[K],mute[K],mute[K],mute[K],mute[J],mute[J],mute[K],mute[K],mute[J],mute[K],mute[K],mute[J],mute[J],mute[J],mute[J],mute[J],mute[J],mute[K],mute[K],mute[K],mute[K],mute[K],mute[K],mute[K],mute[K],mute[K],mute[K],mute[J],mute[J],mute[K],mute[K],mute[K],mute[K],mute[K],mute[K],mute[J],mute[J],mute[J],mute[J],mute[J],mute[J],mute[K],mute[K],mute[K],mute[K],mute[K],mute[K],mute[K],mute[K],mute[K],mute[K],mute[J],mute[J],mute[K],mute[K],mute[K],mute[K],mute[K],mute[K],mute[K],mute[L],mute[K],mute[L],mute[KL],mute[L],mute[K],mute[L],mute[L],mute[L],mute[L],mute[K],mute[L],mute[K],mute[L],mute[KL],mute[L],mute[K],mute[L],mute[L],mute[L],mute[L],mute[K],mute[L],mute[K],mute[L],mute[J],mute[L],mute[L],mute[L],mute[L],mute[K],mute[K],mute[L],mute[K],mute[L],mute[K],mute[K],mute[L],mute[K],mute[L],mute[L],mute[L],mute[K],mute[L],mute[K],mute[L],mute[KL],mute[L],mute[K],mute[L],mute[L],mute[L],mute[L],mute[K],mute[L],mute[K],mute[L],mute[KL],mute[L],mute[K],mute[L],mute[L],mute[L],mute[L],mute[K],mute[L],mute[K],mute[L],mute[J],mute[L],mute[L],mute[L],mute[L],mute[K],mute[K],mute[L],mute[K],mute[L],mute[K],mute[K],mute[L],mute[K],mute[L],mute[L],mute[L],mute[K],mute[K],mute[K],mute[K],mute[K],mute[K],mute[K],mute[K],mute[K],mute[K],mute[K],mute[K],mute[K],mute[K],mute[K],mute[K],mute[K],mute[K],mute[K],mute[K],mute[K],mute[K],mute[K],mute[K],mute[K],mute[K],mute[K],mute[K],mute[K],mute[K],mute[K],mute[K],mute[K],mute[K],mute[K],mute[K],mute[K],mute[K],mute[K],mute[K],mute[K],mute[K],mute[K],mute[K],mute[K],mute[K],mute[K],mute[K],mute[K],mute[K],mute[K],mute[K],mute[K],mute[K],mute[K],mute[K],mute[K],mute[K],mute[K],mute[K],mute[K],mute[K],mute[K],mute[K],mute[L],mute[L],mute[L],mute[L],mute[K],mute[J],mute[K],mute[K],mute[K],mute[L],mute[L],mute[L],mute[L],mute[K],mute[J],mute[K],mute[K],mute[K],mute[L],mute[L],mute[L],mute[L],mute[K],mute[J],mute[K],mute[K],mute[K],mute[L],mute[L],mute[L],mute[L],mute[K],mute[J],mute[K],mute[K],mute[K],mute[L],mute[L],mute[L],mute[L],mute[K],mute[L],mute[L],mute[L],mute[L],mute[K],mute[L],mute[L],mute[K],mute[L],mute[L],mute[L],mute[L],mute[K],mute[L],mute[L],mute[L],mute[L],mute[K],mute[L],mute[L],mute[K],mute[L],mute[L],mute[L],mute[L],mute[K],mute[L],mute[L],mute[L],mute[L],mute[K],mute[L],mute[L],mute[K],mute[L],mute[L],mute[L],mute[L],mute[K],mute[L],mute[L],mute[L],mute[L],mute[K],mute[L],mute[L],mute[K],mute[J],mute[J],mute[J],mute[J],mute[I],mute[JK],mute[K],mute[I],mute[LNO],mute[LNO],mute[JLNO],mute[K],mute[K],mute[KMO],mute[J],mute[JLNO],mute[K],mute[K],mute[K],mute[K],mute[K],mute[K],mute[K],mute[L],mute[L],mute[K],mute[K],mute[K],mute[K],mute[K],mute[K],mute[K],mute[K],mute[K],mute[K],mute[K],mute[K],mute[K],mute[K],mute[K],mute[K],mute[K],mute[K],mute[K],mute[K],mute[K],mute[K],mute[K],mute[K],mute[K],mute[K],mute[K],mute[K],mute[K],mute[K],mute[K],mute[L],mute[L],mute[K],mute[K],mute[K],mute[K],mute[K],mute[K],mute[K],mute[K],mute[K],mute[K],mute[K],mute[K],mute[K],mute[K],mute[K],mute[K],mute[K],mute[K],mute[K],mute[K],mute[K],mute[K],mute[K],mute[K],mute[K],mute[K],mute[K],mute[K],mute[K],mute[K],mute[K],mute[L],mute[L],mute[K],mute[K],mute[K],mute[K],mute[K],mute[K],mute[K],mute[K],mute[K],mute[K],mute[K],mute[K],mute[K],mute[K],mute[K],mute[K],mute[K],mute[K],mute[K],mute[K],mute[K],mute[K],mute[K],mute[K],mute[K],mute[K],mute[L],mute[L],mute[K],mute[K],mute[K],mute[K],mute[L],mute[L],mute[K],mute[K],mute[K],mute[K],mute[K],mute[K],mute[K],mute[K],mute[K],mute[K],mute[K],mute[K],mute[K],mute[K],mute[K],mute[K],mute[K],mute[K],mute[K],mute[K],mute[K],mute[K],mute[K],mute[K],mute[K],mute[K],mute[K],mute[K],mute[K],mute[K],mute[K],mute[K],mute[IIIIIJKLN];","(D-1.A-1)[J],a[J],(a.A-1.D-1)[J],(c1.A-1.D-1)[J],(#a.f.#A-1)[J],a[J],(g.f.#A-1)[K],f[K],(g.#A-1.f)[K],f[K],(g.G-1.d)[K],g[K],(a.d.G-1.g)[K],g[K],(G-1.g.d)[K],f[K],(G-1.d.g)[J],(#A-1.f)[J],(#A-1.f)[K],(#A-1.f)[K],(A-1.e)[J],(e.A-1)[K],(e.A-1)[K],(D-1.A-1)[J],a[J],(a.D-1.A-1)[J],(c1.A-1.D-1)[K],c1[K],(#a.#A-1.f)[J],a[J],(g.#A-1.f)[K],f[K],(g.#A-1.f)[K],f[K],(G-1.d.g)[K],g[K],(a.d.g.G-1)[K],g[K],(g.d.G-1)[K],f[K],(G-1.d.g)[J],(#A-1.f)[J],(#A-1.f)[K],(#A-1.f)[K],(e.A-1)[J],(A-1.e)[K],(A-1.e)[K],(A-1.D-1)[J],(a.a1)[J],(a.a1.D-1.A-1)[J],(c1.g1.A-1.D-1)[J],(#a.f.#A-1)[J],(a.g1)[J],(g.d2.f.#A-1)[K],f[K],(g.g1.f.#A-1)[K],f[K],(G-1.g.d)[K],g[K],(a.g1.G-1.g.d)[K],g[K],(d2.G-1.d.g)[K],f[K],(g1.d.g.G-1)[J],(#a1.#A-1.f)[J],(d2.#A-1.f)[K],(#a1.f.#A-1)[K],(e.A-1)[K],a1[K],(g1.A-1.e)[K],(a1.A-1.e)[K],(a1.A-1.D-1)[J],a[J],(a.a1.A-1.D-1)[J],(c1.g1.A-1.D-1)[J],(#a.f.#A-1)[J],(a.g1)[J],(g.a1.f.#A-1)[K],f[K],(g.g1.f.#A-1)[K],f[K],(d.g.G-1)[K],g[K],(a.g1.d.g.G-1)[K],g[K],(d2.d.g.G-1)[K],f[K],(g1.d.g.G-1)[J],(#a1.#A-1.f)[J],(#a1.f.#A-1)[K],(c2.f.#A-1)[K],(A-1.e)[K],d2[K],(d2.e.A-1)[K],(A-1.e)[K],(D-1.A-1)[K],(D-1.A-1)[L],(A-1.D-1)[K],(A-1.D-1)[L],(A-1.D-1)[KL],(A-1.D-1)[L],(D-1.A-1)[K],(D-1.A-1)[L],(D-1.A-1)[L],(D-1.A-1)[L],(D-1.A-1)[L],(#A-1.f)[K],(f.#A-1)[L],(f.#A-1)[K],(f.#A-1)[L],(f.#A-1)[KL],(#A-1.f)[L],(#A-1.f)[K],(#A-1.f)[L],(#A-1.f)[L],(f.#A-1)[L],F-1[L],(G-1.d)[K],(G-1.d)[L],(G-1.d)[K],(G-1.d)[L],(G-1.d)[J],(G-1.d)[L],(G-1.d)[L],(G-1.d)[L],(d.G-1)[L],(G-1.d)[K],(#A-1.f)[K],(#A-1.f)[L],(#A-1.f)[K],(#A-1.f)[L],(#A-1.f)[K],(A-1.e)[K],(A-1.e)[L],(A-1.e)[K],(A-1.e)[L],(e.A-1)[L],(A-1.e)[L],(e1.g1.D-1.A-1)[K],(D-1.A-1)[L],(f1.a1.A-1.D-1)[K],(A-1.D-1)[L],(c2.e2.A-1.D-1)[KL],(A-1.D-1)[L],(f1.a1.D-1.A-1)[K],(e1.g1.A-1.D-1)[L],(A-1.D-1)[L],(f1.a1.D-1.A-1)[L],(A-1.D-1)[L],(e1.g1.f.#A-1)[K],(#A-1.f)[L],(f1.a1.#A-1.f)[K],(f.#A-1)[L],(d2.f2.f.#A-1)[KL],(f.#A-1)[L],(#A-1.f)[K],(f.#A-1)[L],(f.#A-1)[L],(f1.a1.f.#A-1)[L],F-1[L],(e1.g1.G-1.d)[K],(d.G-1)[L],(f1.a1.d.G-1)[K],(d.G-1)[L],(e2.g2.d.G-1)[J],(d.G-1)[L],(G-1.d)[L],(d.G-1)[L],(G-1.d)[L],(d2.f2.G-1.d)[K],(f2.a2.f.#A-1)[K],(#A-1.f)[L],(e2.g2.#A-1.f)[K],(#A-1.f)[L],(f2.a2.#A-1.f)[K],(g2.#a2.A-1.e)[K],(A-1.e)[L],(e.A-1)[K],(A-1.e)[L],(e.A-1)[L],(A-1.e)[L],(D-1.A-1)[K],(D-1.A-1)[K],(D-1.A-1)[K],(D-1.A-1)[K],(A-1.D-1)[K],(D-1.A-1)[K],(D-1.A-1)[K],(D-1.A-1)[K],(#A-1.f)[K],(#A-1.f)[K],(f.#A-1)[K],(f.#A-1)[K],(#A-1.f)[K],(#A-1.f)[K],(f.#A-1)[K],(#A-1.f)[K],(G-1.d)[K],(G-1.d)[K],(G-1.d)[K],(G-1.d)[K],(G-1.d)[K],(G-1.d)[K],(G-1.d)[K],(G-1.d)[K],(#A-1.f)[K],(#A-1.f)[K],(f.#A-1)[K],(f.#A-1)[K],(A-1.e)[K],(A-1.e)[K],(A-1.e)[K],(e.A-1)[K],(A-1.D-1)[K],(D-1.A-1)[K],(D-1.A-1)[K],(D-1.A-1)[K],(D-1.A-1)[K],(D-1.A-1)[K],(D-1.A-1)[K],(D-1.A-1)[K],(#A-1.f)[K],(#A-1.f)[K],(#A-1.f)[K],(#A-1.f)[K],(#A-1.f)[K],(#A-1.f)[K],(#A-1.f)[K],(#A-1.f)[K],(G-1.d)[K],(G-1.d)[K],(d.G-1)[K],(G-1.d)[K],(d.G-1)[K],(d.G-1)[K],(G-1.d)[K],(d.G-1)[K],(f.#A-1)[K],(#A-1.f)[K],(f.#A-1)[K],(f.#A-1)[K],(A-1.e)[K],(A-1.e)[K],(A-1.e)[K],(A-1.e)[K],d[L],d[L],d[L],d[L],(d.a)[K],(D-1.A-1)[J],(D-1.A-1)[K],(D-1.A-1)[K],(D-1.A-1)[K],c[L],c[L],c[L],c[L],(g.c)[K],(E-1.B-1)[J],(E-1.B-1)[K],(E-1.B-1)[K],(E-1.B-1)[K],d[L],d[L],d[L],d[L],(a.d)[K],(A-1.D-1)[J],(A-1.D-1)[K],(D-1.A-1)[K],(A-1.D-1)[K],c[L],c[L],c[L],c[L],(c.g)[K],(E-1.B-1)[J],(E-1.B-1)[K],(E-1.B-1)[K],(E-1.B-1)[K],d[L],d[L],d[L],d[L],(d.a)[K],(D-1.A-1)[L],(A-1.D-1)[L],(D-1.A-1)[L],(D-1.A-1)[L],(D-1.A-1)[K],(D-1.A-1)[L],(D-1.A-1)[L],(D-1.A-1)[K],c[L],c[L],c[L],c[L],(g.c)[K],(E-1.B-1)[L],(B-1.E-1)[L],(B-1.E-1)[L],(B-1.E-1)[L],(B-1.E-1)[K],(B-1.E-1)[L],(B-1.E-1)[L],(E-1.B-1)[K],d[L],d[L],d[L],d[L],(a.d)[K],(A-1.D-1)[L],(A-1.D-1)[L],(A-1.D-1)[L],(A-1.D-1)[L],(D-1.A-1)[K],(A-1.D-1)[L],(D-1.A-1)[L],(D-1.A-1)[K],c[L],c[L],c[L],c[L],(c.g)[K],(B-1.E-1)[L],(E-1.B-1)[L],(E-1.B-1)[L],(B-1.E-1)[L],(E-1.B-1)[K],(E-1.B-1)[L],(E-1.B-1)[L],(B-1.E-1)[K],(f1.d1.a1.F-1.D-1.A-1)[J],(c1.e1.g1.G-1.E-1.c)[J],(a1.f1.c2.F-1.d.A-1)[J],(#a1.d2.g1.d.G-1.#A-1)[J],(g1.e1.c1.E-1.C-1.c.G-1)[I],c1[JK],f1[K],e1[I],d1[LNO],f1[LNO],e1[JLNO],c1[K],d1[K],e1[KMO],g1[J],e1[JLNO],(f.f1.f2.c.F-1)[K],(f1.f2.F-1.c)[K],(f1.f2.F-1.c)[K],(f2.f1.F-1.c)[K],(f1.f2.F-1.c)[K],(c1.f2.f1.c.F-1)[K],(f1.f2.c.F-1)[K],(g1.f1.f2.F-1.c)[L],(F-1.c)[L],(e2.e1.g.c)[K],(e1.e2.g.c)[K],(e2.e1.g.c)[K],(e2.e1.g.c)[K],(e2.e1.c.g)[K],(c1.e2.e1.c.g)[K],(e1.e2.g.c)[K],(e2.e1.g.c)[K],(f1.d2.d1.a.d)[K],(d2.d1.a.d)[K],(d1.d2.d.a)[K],(d1.d2)[K],(d2.d1.d.a)[K],(d2.d1.d.a)[K],(c1.d2.d1.d.a)[K],(c1.d1.d2.a.d)[K],(d1.#a1.#a.#A-1.f)[K],(#a.#a1.#A-1.f)[K],(#a1.#a.#A-1.f)[K],(f1.#a.#a1.#A-1.f)[K],(#a1.#a.#A-1.f)[K],(#a.#a1)[K],(#a.#a1.f.#A-1)[K],(a1.#a.#a1.f.#A-1)[K],(f1.f2.F-1.c)[K],(c1.f2.f1.F-1.c)[K],(c1.f1.f2.c.F-1)[K],(f1.f2.c.F-1)[K],(f2.f1.c.F-1)[K],(c1.f1.f2.F-1.c)[K],(a1.f2.f1.F-1.c)[K],(g1.f1.f2.F-1.c)[L],(c.F-1)[L],(e2.e1.c.g)[K],(e1.e2.c.g)[K],(e1.e2.c.g)[K],(e2.e1.c.g)[K],(e2.e1.c.g)[K],(c1.e1.e2.c.g)[K],(c1.e1.e2.c.g)[K],(a.e2.e1.c.g)[K],(d2.d1.a.d)[K],(d1.d2.a.d)[K],(d1.d2.d.a)[K],(d2.d1)[K],(e1.d1.d2.a.d)[K],(d2.d1.d.a)[K],(d1.d2.d.a)[K],(d2.d1.a.d)[K],(f1.#a1.#a.f.#A-1)[K],(#a.#a1.#A-1.f)[K],(g1.#a1.#a.f.#A-1)[K],(a1.#a1.#a.#A-1.f)[K],(#a1.#a.f.#A-1)[K],(#a.#a1)[K],(a1.#a1.#a.f.#A-1)[K],(#a1.#a.f.#A-1)[K],(f2.f1.c.F-1)[K],(f2.f1.F-1.c)[K],(f1.f2.c.F-1)[K],(f1.f2.c.F-1)[K],(e1.f1.f2.F-1.c)[K],(c1.f1.f2.F-1.c)[K],(f2.f1.F-1.c)[K],(g1.f1.f2.F-1.c)[L],(F-1.c)[L],(e1.e2.c.g)[K],(e1.e2.c.g)[K],(e2.e1.c.g)[K],(e2.e1.c.g)[K],(e2.e1.g.c)[K],(c1.e1.e2.g.c)[K],(e1.e2.g.c)[K],(f1.e1.e2.g.c)[K],(f1.d1.d2.a.d)[K],(d1.d2.a.d)[K],(d2.d1.a.d)[K],(d2.d1)[K],(d1.d2.d.a)[K],(d1.d2.d.a)[K],(c1.d2.d1.d.a)[K],(c1.d2.d1.d.a)[K],(d1.#a1.#a.#A-1.f)[K],(#a1.#a.#A-1.f)[K],(#a1.#a.#A-1.f)[K],(f1.#a.#a1.f.#A-1)[K],(#a.#a1.#A-1.f)[K],(#a.#a1)[K],(#a1.#a.#A-1.f)[K],(a1.#a.#a1.f.#A-1)[K],(f1.f2.F-1.c)[K],(c1.f1.f2.c.F-1)[K],(c1.f2.f1.F-1.c)[L],d1[L],(c1.f1.f2.c.F-1)[K],(f2.f1.c.F-1)[K],(c1.f1.f2.F-1.c)[K],(a1.f2.f1.c.F-1)[K],(g1.f1.f2.F-1.c)[L],(F-1.c)[L],(e2.e1.g.c)[K],(e2.e1.g.c)[K],(e1.e2.g.c)[K],(e2.e1.g.c)[K],(e1.e2.g.c)[K],(e1.e2.g.c)[K],(c1.e1.e2.g.c)[K],(#a.e2.e1.g.c)[K],(d1.d2.a.d)[K],(d1.d2.a.d)[K],(d1.d2.d.a)[K],(d2.d1)[K],(e1.d2.d1.a.d)[K],(d1.d2.a.d)[K],(d2.d1.d.a)[K],(d2.d1.d.a)[K],(f1.#a1.#a.#A-1.f)[K],(#a1.#a.#A-1.f)[K],(g1.#a.#a1.f.#A-1)[K],(a1.#a.#a1.#A-1.f)[K],(#a.#a1.f.#A-1)[K],(#a1.#a.f.#A-1)[K],(a1.#a.#a1.#A-1.f)[K],(#a1.#a.f.#A-1)[K],(#a.#a1.f.#A-1)[K],(#a1.#a.f.#A-1)[K],(#a.#a1.e.#A-1)[K],(#a.#a1.#A-1.e)[K],(#a.#a1.#A-1.e)[K],(#a.#a1.e.#A-1)[K],(#a.#a1.#A-1.e)[K],(#a1.#a.f)[K],(d2.d1.D-1.A-1)[IIIIIJKLN];"]}]}