{"baseBpm":60,"musics":[{"bpm":60,"baseBeats":0.25,"scores":["mute[M],mute[M],mute[L],mute[L],mute[L],mute[L],mute[L],mute[L],mute[L],mute[J],mute[M],mute[LM],mute[K],mute[L],mute[L],mute[M],mute[KLM],mute[M],mute[JM],mute[L],mute[M],mute[LM],mute[LM],mute[L],mute[M],mute[L],mute[M],mute[LM],mute[LM],mute[L],mute[M],mute[L],mute[M],mute[L],mute[M],mute[L],mute[M],mute[L],mute[M],mute[L],mute[M],mute[L],mute[M],mute[LM],mute[L],mute[M],mute[L],mute[M],mute[L],mute[M],mute[M],mute[M],mute[M],mute[L],mute[M],mute[LM],mute[LM],mute[M],mute[M],mute[M],mute[L],mute[M],mute[L],mute[M],mute[L],mute[M],mute[L],mute[M],mute[L],mute[M],mute[M],mute[M],mute[M],mute[M],mute[M],mute[M],mute[L],mute[K],mute[L],mute[M],mute[L],mute[M],mute[L],mute[M],mute[L],mute[K],mute[L],mute[M],mute[L],mute[M],mute[L],mute[LM],mute[M],mute[L],mute[M],mute[L],mute[M],mute[L],mute[M],mute[M],mute[M],mute[M],mute[L],mute[LM],mute[M],mute[L],mute[M],mute[LM],mute[L],mute[M],mute[L],mute[M],mute[L],mute[M],mute[L],mute[M],mute[L],mute[M],mute[L],mute[M],mute[L],mute[M],mute[M],mute[M],mute[M],mute[M],mute[M],mute[M],mute[M],mute[M],mute[M],mute[M],mute[M],mute[M],mute[L],mute[M],mute[L],mute[M],mute[L],mute[M],mute[L],mute[M],mute[L],mute[M],mute[L],mute[M],mute[LM],mute[L],mute[M],mute[L],mute[M],mute[L],mute[M],mute[LM],mute[L],mute[M],mute[L],mute[M],mute[L],mute[M];","(F-1.#G-1)[M],(c.f)[M],f[L],#g[L],c1[L],#g[L],c1[L],f1[L],#g[L],(F-1.f2.f)[J],(B-1.f)[M],b[LM],f1[K],(g.#a)[L],(b.f)[L],(e.g)[M],c1[KLM],(e2.g2)[M],c3[JM],(f.a.f2)[L],a2[M],(c3.f.a)[LM],(e.g.g2)[LM],(g.e.f2)[L],e2[M],(f2.d.f)[L],g2[M],(a2.d.f)[LM],(e.c.e2)[LM],(d2.e.c)[L],c2[M],(d.f.d2)[L],e2[M],(f2.d.f)[L],c2[M],(c.e)[L],c2[M],(e.c.f2)[L],g2[M],(a2.f.d)[L],g2[M],(d.f.f2)[L],g2[M],(g.e)[LM],(e.g)[L],c1[M],(a2.f1)[L],f1[M],(f1.a2)[L],f1[M],(f1.a2.g2)[M],(a2.g2)[M],(e1.b2)[M],(c3.d1)[L],c1[M],g2[LM],g2[LM],(g2.f2)[M],g2[M],a2[M],(c1.g2)[L],c1[M],(f2.d1)[L],d1[M],(f2.d1)[L],d1[M],(f2.f1)[L],f1[M],(f2.f1)[L],#a[M],f2[M],e2[M],(a.d2)[M],(f2.#a)[M],e2[M],(c1.d2)[M],g2[L],g2[K],(f1.f2)[L],f1[M],(d2.f1)[L],(f1.c2)[M],(f1.f2)[L],(f2.f1)[M],f1[L],(e2.e1)[K],(f1.d2)[L],(c2.e1)[M],e2[L],(e2.d1)[M],c1[L],(d2.d1)[LM],c2[M],#a1[L],a1[M],d2[L],c2[M],#a1[L],(a1.g1)[M],g1[M],#a1[M],#a1[M],a1[L],g1[LM],c2[M],c1[L],(d1.e1)[M],f1[LM],c1[L],d1[M],e1[L],d1[M],c1[L],e1[M],(c1.e1)[L],c1[M],c1[L],d1[M],e1[L],d1[M],c1[L],d1[M],a2[M],g2[M],f2[M],f2[M],g2[M],a2[M],a2[M],g2[M],a2[M],#a2[M],a2[M],g2[M],g2[L],a2[M],#a2[L],a2[M],g2[L],f2[M],e2[L],(c1.g2)[M],(f2.f1)[L],c1[M],f1[L],(c1.c2)[M],f1[LM],(a1.f1)[L],c1[M],(e1.g1)[L],c1[M],e1[L],(c1.c2)[M],e1[LM],(d1.e2)[L],(#d2.f1.e2)[M],f2[L],(g2.f1)[M],(f2.f1)[L],f1[M];"],"id":1,"instruments":["piano","piano"],"alternatives":["",""]},{"bpm":60,"baseBeats":0.25,"scores":["mute[L],mute[M],mute[L],mute[K],mute[M],mute[K],mute[M],mute[L],mute[LM],mute[M],mute[L],mute[M],mute[L],mute[M],mute[M],mute[M],mute[M],mute[K],mute[L],mute[M],mute[LM],mute[LM],mute[L],mute[M],mute[L],mute[M],mute[LM],mute[LM],mute[L],mute[M],mute[L],mute[M],mute[L],mute[M],mute[L],mute[M],mute[M],mute[L],mute[LM],mute[M],mute[M],mute[M],mute[L],mute[J],mute[L],mute[M],mute[M],mute[M],mute[M],mute[M],mute[M],mute[M],mute[M],mute[M],mute[M],mute[M],mute[M],mute[M],mute[M],mute[M],mute[M],mute[M],mute[M],mute[M],mute[M],mute[M],mute[M],mute[M],mute[M],mute[M],mute[M],mute[M],mute[M],mute[M],mute[M],mute[M],mute[M],mute[M],mute[M],mute[M],mute[M],mute[M],mute[M],mute[M],mute[M],mute[M],mute[M],mute[M],mute[M],mute[M],mute[M],mute[M],mute[M],mute[M],mute[M],mute[M],mute[M],mute[M],mute[M],mute[M],mute[M],mute[M],mute[M],mute[M],mute[M],mute[M],mute[M],mute[M],mute[M],mute[M],mute[M],mute[M],mute[M],mute[M],mute[L],mute[M],mute[M],mute[M],mute[M],mute[M],mute[M],mute[M],mute[M],mute[M],mute[M],mute[L],mute[L],mute[L],mute[L],mute[L],mute[M],mute[M],mute[M],mute[M],mute[M],mute[M],mute[M],mute[M],mute[M],mute[M],mute[M],mute[M],mute[M],mute[M],mute[L],mute[M],mute[M],mute[M],mute[M],mute[L],mute[M],mute[JL],mute[M],mute[M],mute[M],mute[M],mute[M],mute[M],mute[L],mute[M],mute[M];","(e2.f1)[L],c1[M],e2[L],(d1.d2)[K],d2[M],c2[K],(f1.e2)[M],f2[L],(g2.c1)[LM],(c1.d3)[M],(c1.e3)[L],(c1.d3)[M],(c3.c1)[L],(d1.#a2)[M],(e1.a2)[M],e1[M],(g2.g1)[M],(f1.f2)[K],(a.f.f1)[L],a1[M],(c2.f.a)[LM],(e.g.g1)[LM],(a1.g.e.f1)[L],e1[M],(f.d.f1)[L],g1[M],(d.f.a1)[LM],(e1.c.e)[LM],(e.d1.c)[L],c1[M],(d1.f.d)[L],e1[M],(d.f.f1)[L],c1[M],(c.e)[L],f1[M],(c.e)[M],g1[L],(D-1.a1)[LM],A-1[M],(G-1.e1)[M],F-1[M],(f1.E-1)[L],(c2.C-1)[J],f1[L],(f.a1)[M],(a1.c)[M],(a1.A-1)[M],(a1.c)[M],(f.a1)[M],(c.g1)[M],(A-1.f1)[M],(g1.c)[M],e[M],c[M],G-1[M],c[M],e[M],c[M],G-1[M],(f1.c)[M],(g1.f)[M],(e.a1)[M],(a1.d)[M],(a1.c)[M],(f.#a1)[M],(e.a1)[M],(g1.d)[M],(c.f1)[M],(f.f1)[M],c[M],e[M],f[M],g[M],c[M],f[M],(a1.g)[M],(f1.c2)[M],(c2.c1)[M],(c2.a)[M],(c2.c1)[M],(f1.c2)[M],(c2.c1)[M],(a.a1)[M],(c2.c1)[M],e1[M],c1[M],(a1.g)[M],(c1.a1)[M],e1[M],(g1.c1)[M],(g.f1)[M],(g1.c1)[M],c1[M],g[M],c1[M],g[M],#a[M],#a[M],a[M],g[M],a[M],f[M],c[M],f[M],g[M],f[M],(e.f1)[M],(f.g1)[M],(a1.D-1)[M],(f1.A-1)[M],(f1.a)[M],(#a.g1)[M],a1[M],(f1.a)[L],(G-2.g1)[M],(e1.C-1)[M],(c.e1)[M],(d.e1)[M],f1[M],(g1.c)[M],e1[M],F-1[M],(g1.c)[M],(g1.a)[M],(d1.#a.f1)[L],a[L],(c.e)[L],(#A-1.d)[L],(A-1.c)[L],(f1.#A-1.G-1)[M],g1[M],(D-1.a1)[M],(#a1.A-1)[M],(a.c2)[M],(#a1.#a)[M],a1[M],(f1.a)[M],a1[M],(f1.G-2)[M],(C-1.g1)[M],(c.g1)[M],(d.#a1)[M],a1[M],(c.g1)[L],f1[M],(c1.a1.f.f1)[M],a1[M],#a1[M],c2[L],f1[M],(e1.a.g1.e)[JL],g1[M],a1[M],f[M],a[M],(g1.c1)[M],g[M],f1[L],g1[M],(a1.f)[M];"],"id":2,"instruments":["piano","piano"],"alternatives":["",""]},{"bpm":60,"baseBeats":0.25,"scores":["mute[M],mute[M],mute[L],mute[L],mute[M],mute[M],mute[M],mute[M],mute[M],mute[L],mute[M],mute[M],mute[M],mute[M],mute[M],mute[M],mute[LM],mute[M],mute[M],mute[M],mute[M],mute[M],mute[M],mute[L],mute[M],mute[M],mute[M],mute[M],mute[L],mute[L],mute[M],mute[M],mute[M],mute[M],mute[M],mute[L],mute[M],mute[M],mute[M],mute[L],mute[M],mute[L],mute[KM],mute[M],mute[M],mute[M],mute[M],mute[M],mute[M],mute[M],mute[M],mute[M],mute[M],mute[M],mute[M],mute[M],mute[M],mute[M],mute[M],mute[M],mute[M],mute[M],mute[M],mute[M],mute[M],mute[M],mute[M],mute[M],mute[M],mute[M],mute[M],mute[M],mute[M],mute[M],mute[M],mute[M],mute[M],mute[M],mute[M],mute[M],mute[M],mute[M],mute[M],mute[M],mute[M],mute[M],mute[M],mute[M],mute[M],mute[M],mute[M],mute[M],mute[M],mute[M],mute[M],mute[M],mute[M],mute[M],mute[M],mute[M],mute[M],mute[M],mute[M],mute[M],mute[M],mute[M],mute[M],mute[M],mute[M],mute[M],mute[L],mute[L],mute[M],mute[M],mute[M],mute[L],mute[L],mute[M],mute[M],mute[M],mute[L],mute[L],mute[L],mute[L],mute[L],mute[L],mute[M],mute[M],mute[M],mute[L],mute[L],mute[M],mute[M],mute[M],mute[L],mute[LM],mute[M],mute[M],mute[L],mute[L],mute[L],mute[M],mute[M],mute[M],mute[M],mute[M],mute[M],mute[L],mute[M],mute[KM],mute[L],mute[K],mute[LM],mute[K],mute[L],mute[K],mute[LM],mute[K],mute[L],mute[M],mute[M],mute[M],mute[M],mute[M],mute[M],mute[M],mute[L],mute[L],mute[LM],mute[L],mute[L],mute[M],mute[L],mute[LM],mute[L],mute[M],mute[L],mute[LM],mute[L],mute[ILM],mute[M],R;","g[M],a[M],(e.g1)[L],f1[L],g1[M],f1[M],d[M],e[M],f[M],c[L],c[M],f[M],g[M],a[M],g[M],f[M],g[LM],(g1.e1)[M],(f1.a1)[M],f[M],a[M],(c1.g1.e1)[M],g[M],(f1.c1)[L],(g1.e1.g)[M],(f.f1.a1)[M],g[M],a[M],(g1.e1.e)[L],(c1.f1)[L],(e1.g1)[M],(c1.f1)[M],d[M],e[M],f[M],c[L],c[M],f[M],g[M],a[L],f[M],g[L],a[KM],(#c.#F-1.#a.#f1)[M],#c1[M],#a[M],#c1[M],#f1[M],#c1[M],#a[M],#c1[M],(c.f1.F-1)[M],#c1[M],#g[M],#c1[M],f1[M],#c1[M],#g[M],#c1[M],(#d2.#f.#d1)[M],f[M],#d[M],#c[M],(#c1.#f.#c2)[M],f[M],#d[M],#c[M],(#f.b.b1)[M],#c[M],f[M],#f[M],(#c1.#g.#c2)[M],#c[M],#f[M],a[M],(#f1.#c2)[M],#c1[M],#a[M],#c1[M],(#f1.#c2)[M],#c1[M],#a[M],#c1[M],(c2.f1)[M],#c1[M],#g[M],#c1[M],(c2.f1)[M],#c1[M],#g[M],#c1[M],(#c1.f1)[M],#g[M],#c1[M],#g[M],b[M],b[M],#a[M],#g[M],(#c1.#g1.#a)[M],#f[M],#c[M],#f[M],#g[M],#f[M],f[M],#f[M],#F-1[M],#c[M],#c1[M],#d1[L],#c1[L],#G-1[M],#c[M],#c1[M],#d1[L],#c1[L],#F-1[M],#c[M],#a[M],b[L],#a[L],#f[L],#d[L],#c[L],B-1[L],#d1[M],#a[M],#c1[M],#d1[L],#c1[L],d1[M],#a[M],#c1[M],d1[L],#c1[LM],#F-1[M],#c2[M],#f2[L],#g2[L],#f2[L],(#a1.F-1)[M],b1[M],#a1[M],#g1[M],#a1[M],#g1[M],#f1[L],#F-1[M],d1[KM],(#A-1.#a1)[L],(b1.B-1)[K],(#A-1.#a1)[LM],(#g1.#G-1)[K],(#f1.#F-1)[L],(#F-1.#f1)[K],(#A-1.#a1)[LM],(#g1.#G-1)[K],(#c2.#c1)[L],(#d1.#d2)[M],(#c2.#c1)[M],(#c1.#c2)[M],(#c2.#c1)[M],(#c2.#c1)[M],(#a1.#a)[M],#f2[M],#a2[L],#c3[L],#g2[LM],(#a1.#a)[L],(#f1.#a.#f2.#a1)[L],#g2[M],#a2[L],f2[LM],#d2[L],f2[M],#f2[L],#c2[LM],f2[L],(#f1.#a1.#c2.#f2)[ILM],#F-1[M],R;"],"id":3,"instruments":["piano","piano"],"alternatives":["",""]}],"audition":{"start":[0,0],"end":[1,0]}}