{"baseBpm":95,"musics":[{"bpm":95,"baseBeats":0.25,"scores":["#d1[K],#g1[K],(#d.#g.c1)[LM],(#d.#g.c1)[M],T;(#a1~#d1~#a1)[K],c2[K],c2[LM],V,c2[K];(c2~#c2~#g1)[K],c2[K],U,#a1[L],#g1[K];T,#a1[L],c2[L],c2[LM],#a1[M],#g1[K];#a1[LM],c2[M],c2[K],#a1[LM],c2[M],c2[K];#g1[LM],#a1[M],(d1.#a1)[K],(f1~f1~f1)[K],(#c1.f1)[K];(#d1.g1)[K],(c1.#g1)[K],UV,V,T;(#a1~#d1~#a1)[K],","T,#G-1[K],T,(#d.#g.c1)[K];(#d.g.#c1)[K],#G-1[K],(#d.#g.c1)[LM],(#d.#g.c1)[M],(#d.#g.c1)[K];(#d.#g.c1)[L],U,#D-1[K],(#d.g.#c1)[L],U,#G-1[K];(#d.#g.c1)[K],#D-1[K],(#d.g.#c1)[K],(#G-1.#d.c1)[K];(#d.g.#a)[K],(#g.c1)[K],(#d.g.#a)[K],(c.#d.g)[K];(f.#g.c1)[K],(#A-1.f)[J],(#D-1.#d)[J];#G-1[K],(#d.#g.c1)[LM],(#d.#g.c1)[M],(#d.#g.c1)[K];(#d.g.#c1)[L],U,"],"id":1,"instruments":["piano","piano"],"alternatives":["",""]},{"bpm":97,"baseBeats":0.25,"scores":["c2[K],c2[LM],V,c2[K],(c2~#c2~#g1)[K];c2[K],U,#a1[L],#g1[K],T;#a1[L],c2[L],c2[LM],#a1[M],#g1[K],#a1[LM],c2[M];c2[K],#a1[LM],c2[M],c2[K],(#a1~c2~#a1)[K];#g1[K],UV,V,T,(#g1~#d1~#g1)[K];#a1[LM],#d1[M],#d1[K],T,(#g1~#d1~#g1)[K];#a1[LM],#d1[M],#d1[K],T,(#g1~#d1~#g1)[K];#a1[LM],#d2[M],#d2[K],UV,#a1[M],#a1[K];","(#G-1)[K],(#d.#g.c1)[LM],(#d.#g.c1)[M],(#d.#g.c1)[K],(#d.#g.c1)[K];(#D-1)[K],(#d.g.#c1)[K],(#G-1)[K],(#d.#g.c1)[K];(#D-1)[K],(#d.g.#c1)[K],(#G-1.#d.c1)[K],(#d.g.#a)[K];(#g.c1)[K],(#d.g.#a)[K],(c.#d.g.c1)[K],(#d.g.#c1)[K];(#G-1.#d.c1)[K],(#d.#g.c1)[LM],(#d.#g.c1)[M],(#d.#g.c1)[K],(#d.#g.c1)[K];(#D-1)[K],(#d.g.#a)[K],(#G-1)[K],(#d.#g.b)[K];(#D-1)[K],(#d.g.#a)[K],(#G-1)[K],(#d.#g.b)[K];(#D-1)[K],(g.#a.#d1)[K],(#A-1)[K],(#a.d1.f1)[K];"],"id":2},{"bpm":99,"baseBeats":0.25,"scores":["UV,#d1[M],#d1[LM],#d1[M],#d1[LM],#d1[M],#d1[LM],#d1[M];#g1[K],UV,V,T,(#a1~#d1~#a1)[K];c2[K],c2[LM],V,c2[K],(c2~#c2~#g1)[K];c2[K],U,#a1[L],#g1[K],T;#a1[L],c2[L],c2[LM],#a1[M],#g1[K],#a1[LM],c2[M];c2[K],#a1[LM],c2[M],c2[K],(#a1~c2~#a1)[K];#g1[K],(c1.#d1.#g1)[LM],(c1.#d1.#g1)[M],(c1.#d1.#g1)[J];","(#D-1)[K],(#d.g.#a)[K],(#g.c1)[K],(#d.#a.#c1)[K];(#G-1.#d.c1)[K],(#d.#g.c1)[LM],(#d.#g.c1)[M],(#d.#g.c1)[K],(#d.g.#c1)[K];(#G-1)[K],(#d.#g.c1)[LM],(#d.#g.c1)[M],(#d.#g.c1)[K],(#d.#g.c1)[L],U;(#D-1)[K],(#d.g.#c1)[K],(#G-1)[K],(#d.#g.c1)[K];(#D-1)[K],(#d.g.#c1)[K],(#G-1.#d.c1)[K],(#d.g.#a)[K];(#g.c1)[K],(#d.g.#a)[K],(c.#d.g)[K],(#d.g.#c1)[K];(#G-1.#d.c1)[K],(#G-1)[LM],(#G-1)[M],(#G-1)[J];"],"id":3}],"audition":{"start":[0,0],"end":[0,32]}}