{"baseBpm":291,"musics":[{"bpm":291,"baseBeats":0.75,"scores":["mute[JK],mute[K],mute[I],mute[JKLMNO],mute[I],mute[JK],mute[K],mute[HI],mute[JKLMNO],mute[J],mute[J],mute[J],mute[J],mute[J],mute[KLMNO],mute[J],mute[J],mute[J],mute[J],mute[J],mute[J],mute[J],mute[J],mute[J],mute[J],mute[J],mute[KLMNO],mute[J],mute[K],mute[K],mute[J],mute[J],mute[J],mute[KLMNO],mute[J],mute[J],mute[J],mute[J],mute[J],mute[J],mute[J],mute[J],mute[J],mute[J],mute[J],mute[KLMNO],mute[J],mute[J],mute[J],mute[J],mute[J],mute[J],mute[KLMNO],mute[J],mute[J],mute[K],mute[K],mute[K],mute[K],mute[K],mute[K],mute[J],mute[J],mute[J],mute[K],mute[K],mute[J],mute[KLMNO],mute[J],mute[J],mute[J],mute[J],mute[J],mute[J],mute[KLMNO],mute[J],mute[J],mute[J],mute[J],mute[J],mute[J],mute[J],mute[J],mute[J],mute[J],mute[KLMNO],mute[J],mute[J],mute[J],mute[J],mute[J],mute[J],mute[KLMNO],mute[J],mute[J],mute[J],mute[J],mute[J],mute[J],mute[J],mute[J],mute[J],mute[J],mute[J],mute[KLMNO],mute[KM],5<UV>,mute[K],mute[K],mute[J],mute[J],mute[J],mute[KLMNO],mute[J],mute[J],mute[J],mute[J],mute[J],mute[J],mute[J],mute[J],mute[J],mute[J],mute[K],mute[K],mute[KLMNO],mute[J],mute[J],mute[J],mute[J],mute[J],mute[J],mute[KLMNO],mute[J],mute[J],mute[J],mute[J],mute[J],mute[J],mute[J],mute[J],mute[J],mute[J],mute[KLMNO],mute[J],mute[J],mute[J],mute[J],mute[J],mute[J],mute[KLMNO],mute[J],mute[J],mute[J],mute[J],mute[J],mute[J],mute[J],mute[J],mute[J],mute[J],mute[JMNO],5<UV>,5<UV>,mute[J],mute[J],mute[JL],5<UV>,5<UV>,mute[J],mute[KLMNO],mute[J],mute[J],mute[J],mute[J],mute[J],mute[J],mute[J],mute[J],mute[J],mute[J],mute[J],mute[KLMNO],mute[J],mute[J],mute[J],mute[J],mute[K],mute[K],mute[K],mute[LMNO],mute[K],mute[K],mute[K],mute[K],mute[KM],5<UV>,5<UV>,5<UV>,5<UV>,5<UV>,5<UV>,5<UV>,5<UV>,5<UV>,mute[J],mute[J],mute[LM],mute[LM],mute[LM],mute[LM],mute[KNO],mute[JN],mute[JNO],mute[JNO],mute[JNO],mute[JMO],mute[JMO],mute[JMN],mute[JMN],mute[HJN],mute[KN],mute[KN],mute[KN],mute[KO],mute[KO],mute[KN],mute[KN],mute[KN],mute[KO],mute[KN],mute[KO],mute[KN],mute[KN],mute[KO],mute[KN],mute[KO],mute[KN],mute[KN],mute[KN],mute[KO],mute[KN],mute[KO],mute[KN],mute[KN],mute[KO],mute[KN],mute[KN],mute[KO],mute[KN],mute[KN],mute[KO],mute[KN],mute[KO],mute[KN],mute[KN],mute[KN],mute[KO],mute[KO],mute[KN],mute[KN],mute[KN],mute[KO],mute[KN],mute[KO],mute[KN],mute[KN],mute[KO],mute[KN],mute[KO],mute[KN],mute[KN],mute[KN],mute[KO],mute[KN],mute[KO],mute[KN],mute[KN],mute[KO],mute[KN],mute[KN],mute[KO],mute[KN],mute[KN],mute[KO],mute[KN],mute[KO],mute[KN],mute[KN],mute[KN],mute[KO],mute[KO],mute[KN],mute[KN],mute[KN],mute[KO],mute[KN],mute[KO],mute[KN],mute[KN],mute[KO],mute[KN],mute[KO],mute[KN],mute[KN],mute[KN],mute[KO],mute[KN],mute[KO],mute[KN],mute[KN],mute[KO],mute[KN],mute[KN],mute[KO],mute[KN],mute[KN],mute[KO],mute[KN],mute[KO],mute[KN],mute[KN],mute[KN],mute[KO],mute[KO],mute[KN],mute[KN],mute[KN],mute[KO],mute[KN],mute[KO],mute[KN],mute[KN],mute[KO],mute[KN],mute[KO],mute[KN],mute[KN],mute[KN],mute[KO],mute[KN],mute[KO],mute[KN],mute[KN],mute[KO],mute[KN],mute[KN],mute[KO],mute[KN],mute[KN],mute[KO],mute[KN],mute[KO],mute[KN],mute[KN],mute[KN],mute[KO],mute[KO],mute[KN],mute[KN],mute[KN],mute[KO],mute[KN],mute[KO],mute[KN],mute[KN],mute[KO],mute[KN],mute[KO],mute[KN],mute[KN],mute[KN],mute[KO],mute[KN],mute[KO],mute[KN],mute[KN],mute[KO],mute[KN],mute[KN],mute[KO],mute[KN],mute[KN],mute[KO],mute[KN],mute[KO],mute[KN],mute[KN],mute[KN],mute[KO],mute[KO],mute[KN],mute[KN],mute[KN],mute[KO],mute[KN],mute[KO],mute[KN],mute[KN],mute[KO],mute[KN],mute[KO],mute[KN],mute[KN],mute[KNO],mute[KN],mute[KNO],mute[KNO],mute[KNO],mute[KM],mute[KNO],mute[KM],mute[KMO],mute[KM],mute[KMO],mute[KMO],mute[KMN],mute[KMO],mute[KMNO],mute[KMN],mute[KMNO],mute[KMNO],mute[KMNO],mute[KMNO],mute[KMNO],mute[LM],mute[LM],mute[LM],mute[LM],mute[LM],mute[LM],mute[LM],mute[LM],mute[LM],mute[LM],mute[LM],mute[LM],mute[LM],mute[LM],mute[LM],mute[LM],mute[LM],mute[LM],mute[LM],mute[LM],mute[LM],mute[LM],mute[LM],mute[LM],mute[LM],mute[LM],mute[LM],mute[LM],mute[LM],mute[LM],mute[LM],mute[LM],mute[LM],mute[LM],mute[LM],mute[LM],mute[LM],mute[LM],mute[LM],mute[LM],mute[LM],mute[LM],mute[LM],mute[LM],mute[LM],mute[LM],mute[LM],mute[LM],mute[LM],mute[LM],mute[LM],mute[LM],mute[LM],mute[LM],mute[LM],mute[LM],mute[LM],mute[LM],mute[LM],mute[LM],mute[LM],mute[LM],mute[LM],mute[LM],mute[LM],mute[LM],mute[LM],mute[LM],mute[LM],mute[LM],mute[LM],mute[LM],mute[LM],mute[LM],mute[LM],mute[LM],mute[LM],mute[LM],mute[LM],mute[LM],mute[LM],mute[LM],mute[LM],mute[LM],mute[LM],mute[LM],mute[LM],mute[LM],mute[LM],mute[LM],mute[LM],mute[LM],mute[LM],mute[LM],mute[LM],mute[LM],mute[LM],mute[LM],mute[LM],mute[LM],mute[LM],mute[LM],mute[LM],mute[LM],mute[LM],mute[LM],mute[LM],mute[LM],mute[LM],mute[LM],mute[LM],mute[LM],mute[LM],mute[LM],mute[LM],mute[LM],mute[LM],mute[LM],mute[LM],mute[LM],mute[LM],mute[LM],mute[LM],mute[LM],mute[LM],mute[LM],mute[LM],mute[LM],mute[LM],mute[LM],mute[LM],mute[LM],mute[LM],mute[LM],mute[LM],mute[LM],mute[LM],mute[LM],mute[LM],mute[LM],mute[LM],mute[LM],mute[LM],mute[LM],mute[LM],mute[LM],mute[LM],mute[LM],mute[LM],mute[LM],mute[LM],mute[LM],mute[LM],mute[LM],mute[LM],mute[LM],mute[LM],mute[LM],mute[LM],mute[LM],mute[LM],mute[LM],mute[LM],mute[LM],mute[LM],mute[LM],mute[LM],mute[LM],mute[LM],mute[LM],mute[LM],mute[LM],mute[LM],mute[LM],mute[LM],mute[LM],mute[LM],mute[LM],mute[LM],mute[LM],mute[LM],mute[LM],mute[LM],mute[LM],mute[LM],mute[LM],mute[LM],mute[LM],mute[LM],mute[LM],mute[LM],mute[LM],mute[LM],mute[LM],mute[LM],mute[LM],mute[LM],mute[LM],mute[LM],mute[LM],mute[LM],mute[LM],mute[LM],mute[LM],mute[LM],mute[LM],mute[LM],mute[LM],mute[LM],mute[LM],mute[LM],mute[LM],mute[LM],mute[LM],mute[LM],mute[LM],mute[LM],mute[LM],mute[LM],mute[LM],mute[LM],mute[LM],mute[LM],mute[LM],mute[LM],mute[LM],mute[LM],mute[LM],mute[LM],mute[LM],mute[LM],mute[LM],mute[LM],mute[LM],mute[LM],mute[LM],mute[LM],mute[LM],mute[LM],mute[LM],mute[LM],mute[LM],mute[LM],mute[LM],mute[LM],mute[LM],mute[LM],mute[LM],mute[LM],mute[LM],mute[LM],mute[LM],mute[LM],mute[LM],mute[LM],mute[LM],mute[LM],mute[LM],mute[LM],mute[LM],mute[LM],mute[LM],mute[LM],mute[LM],mute[LM],mute[LM],mute[LM],mute[LM],mute[LM],mute[LM],mute[LM],mute[LM],5<UV>,5<UV>,5<UV>,5<UV>,5<UV>,5<UV>,5<UV>,5<UV>,5<UV>,5<UV>,5<UV>,5<UV>,5<UV>,5<UV>,5<UV>,5<UV>,5<UV>,5<UV>,5<UV>,5<UV>,5<UV>,5<UV>,5<UV>,5<UV>,5<UV>,5<UV>,5<UV>,5<UV>,5<UV>,5<UV>,5<UV>,5<UV>,5<UV>,5<UV>,5<UV>,5<UV>,5<UV>,5<UV>,5<UV>,5<UV>,5<UV>,5<UV>,5<UV>,5<UV>,5<UV>,5<UV>,5<UV>,5<UV>,mute[LM],mute[LM],mute[LM],mute[LM],mute[LM],mute[LM],mute[LM],mute[LM],mute[LM],mute[LM],mute[LM],mute[LM],mute[LM],mute[LM],mute[LM],mute[LM],mute[LM],mute[LM],mute[LM],mute[LM],mute[LM],mute[LM],mute[LM],mute[LM],mute[LM],mute[LM],mute[LM],mute[LM],mute[LM],mute[LM],mute[LM],mute[LM],mute[LM],mute[LM],mute[LM],mute[LM],mute[LM],mute[LM],mute[LM],mute[LM],mute[LM],mute[LM],mute[LM],mute[LM],mute[LM],mute[LM],mute[LM],mute[LM],mute[LM],mute[LM],mute[LM],mute[LM],mute[LM],mute[LM],mute[LM],mute[LM],mute[LM],mute[LM],mute[LM],mute[LM],mute[LM],mute[LM],mute[LM],mute[LM],mute[JK];","#d1[JK],#d1[K],#d1[I],(g.#A-1)[JKLMNO],(#g.B-1)[I],(a.c.#d1)[JK],#d1[K],(#a.#c.#d1)[HI],#d1[JKLMNO],(#G-1.d1)[J],#d[J],(b.#g.#d1)[J],#d[J],#A-1[J],#d[KLMNO],(#c1.g.#d1)[J],#d[J],(B-1.d1)[J],(#d.#d1)[J],(b.#g.#g1)[J],#d[J],#C-1[J],(#G-1.e1)[J],(e.#A-1.#c1)[J],(#G-1.#a)[J],(#D-1.#g)[J],B-1[KLMNO],(#d.#g)[J],B-1[K],#g[K],(#D-1.#g)[J],#d[J],(g.#c.#a)[J],#d[KLMNO],(#G-1.#a)[J],#d[J],(g.#c)[J],#d[J],(#G-1.b)[J],#d[J],(#g.B-1.#d1)[J],#d[J],(#G-1.d1)[J],#d[J],(b.#g.#d1)[J],#d[KLMNO],#A-1[J],#d[J],(#c1.g.#d1)[J],#d[J],(B-1.d1)[J],(#d.#d1)[J],(b.#g.#d2)[KLMNO],#d[J],#C-1[J],(#G-1.#c2)[K],#g1[K],(e.#c.e1)[K],#c1[K],(#G-1.#g)[K],#a[K],(#D-1.b)[J],#d[J],(#g.B-1.b)[J],#d[K],#c1[K],(#D-1.b)[J],#d[KLMNO],(g.#c)[J],(#d.#a)[J],(#G-1.#a)[J],#d[J],(g.#c)[J],#d[J],(#g.B-1)[KLMNO],#d[J],B-1[J],#G-1[J],(#a.g.#D-1.#d1)[J],#d[J],(b.#g.e1)[J],#d[J],(#c1.#a.#f1)[J],#d[J],(b.#g.e1)[J],#d[KLMNO],(#a.g.#d1)[J],#d[J],(b.#g.e1)[J],#d[J],(#c1.#a.#f1)[J],#d[J],(b.#g.e1)[KLMNO],#d[J],(#a.g.#d1)[J],#d[J],(g.#c1)[J],#d[J],(#g.b)[J],#d[J],(e.#c1)[J],#d[J],(g.#a)[J],#d[J],#D-1[KLMNO],#d[K],#c1[L],b[L],(g.#a.#c1)[K],b[K],(#d.#a)[J],#D-1[J],#d[J],(#a.g.#d1)[KLMNO],#d[J],(b.#g.e1)[J],#d[J],(#c1.#a.#f1)[J],#d[J],(b.#g.#g1)[J],#d[J],(#a.g.#a1)[J],#d[J],(b.#g.#g1)[J],#d[K],#g1[K],(#c1.#a.#f1)[KLMNO],#d[J],(b.#g.e1)[J],#d[J],(#a.g.#d1)[J],#d[J],(g.#c1)[J],#d[KLMNO],(#g.b)[J],e[J],(a.#c1)[J],A-1[J],(g.#d.#a)[J],#D-1[J],#d[J],(e.d)[J],#d[J],#c[J],(B-1.#d1)[KLMNO],#A-1[J],(#G-1.d1)[J],#d[J],(#g.b.#d1)[J],#d[J],#A-1[J],#d[KLMNO],(g.#c1.#d1)[J],#d[J],(B-1.d1)[J],(#d.#d1)[J],(#d1.#g.#g1)[J],#d[J],#c[J],(#g.e1)[J],(e1.#a.#c1)[J],(#g.#a)[J],(#D-1.#a)[KLMNO],(B-1.#g)[MN],#a[MN],#g[M],#a[L],#g[L],(#d.g)[J],(B-1.#g)[J],(#D-1.b)[J],(#d.#a)[MN],b[MN],#a[M],b[L],#a[L],(g.#c.#g)[J],(#d.#a)[KLO],#a[MN],(#G-1.#c1)[J],#d[J],(#a.g)[J],#d[J],(#G-1.b)[J],#d[J],(b.#g)[J],(#d.#d1)[J],#G-1[J],(#d.d1)[J],(b.#g)[J],(#d.#d1)[KLMNO],#A-1[J],(e.e1)[J],(#c1.g)[J],(e.g1)[J],B-1[K],e2[K],#d[K],#d2[LMNO],(#d1.#g.#c2)[K],b1[K],(#d.#a1)[K],#g1[K],(#C-1.#a1)[K],#g1[L],#f1[L],(#G-1.e1)[L],#d1[L],#c1[L],b[L],(e.#A-1.#a)[MN],b[MO],#a[MO],a[MO],#a[MO],b[MN],(#G-1.c1)[M],#c1[M],d1[M],#d1[M],e1[M],#d1[M],#f1[M],e1[M],(#D-1.e1)[J],B-1[J],(#d.#g)[LN],#a[LO],#g[LO],g[MO],B-1[MO],#g[LO],#d[LN],b[LO],b[O],#D-1[JN],#d[JNO],(g.#c)[JN],#a[O],#d[JNO],(#G-1.#a)[JMO],#d[JMO],(g.#c)[JMN],#d[JMN],(#g.B-1)[HJN],(B-1.E-1.#g.e)[KN],(B-1.E-1.#g.e)[KN],(B-1.E-1.#g.e)[KN],(B-1.E-1.#g.e)[KO],(B-1.E-1.#g.e)[KO],(B-1.E-1.#g.e)[KN],(B-1.E-1.#g.e)[KN],(B-1.E-1.#g.e)[KN],(B-1.E-1.#g.e)[KO],(B-1.E-1.#g.e)[KN],(B-1.E-1.#g.e)[KO],(B-1.E-1.#g.e)[KN],(e.B-1.E-1.#g.b)[KN],(e.B-1.E-1.#g)[KO],(e.B-1.E-1.#g)[KN],(e.B-1.E-1.#g)[KO],(e.B-1.E-1.#g)[KN],(e.B-1.E-1.#g)[KN],(e.B-1.E-1.#g.e1)[KN],(e.B-1.E-1.#g)[KO],(e.B-1.E-1.#g)[KN],(e.B-1.E-1.#g.#g1)[KO],(e.B-1.E-1.#g)[KN],(e.B-1.E-1.#g)[KN],(e.B-1.E-1.#g.#a1)[KO],(e.B-1.E-1.#g)[KN],(e.B-1.E-1.#g)[KN],(e.B-1.E-1.#g.b1)[KO],(e.B-1.E-1.#g)[KN],(e.B-1.E-1.#g)[KN],(e.B-1.E-1.#g)[KO],(e.B-1.E-1.#g)[KN],(e.B-1.E-1.#g)[KO],(e.B-1.E-1.#g.b1)[KN],(e.B-1.E-1.#g)[KN],(e.B-1.E-1.#g)[KN],(#d.c.E-1.a.b1)[KO],(#d.c.E-1.a.a1)[KO],(#d.c.E-1.a.#g1)[KN],(#d.c.E-1.a.#f1)[KN],(#d.c.E-1.a)[KN],(#d.c.E-1.a)[KO],(#d.c.E-1.a.b1)[KN],(#d.c.E-1.a.a1)[KO],(#d.c.E-1.a.#g1)[KN],(#d.c.E-1.a.#f1)[KN],(#d.c.E-1.a)[KO],(#d.c.E-1.a)[KN],(#d.c.E-1.a.b1)[KO],(#d.c.E-1.a.a1)[KN],(#d.c.E-1.a.#g1)[KN],(#d.c.E-1.a.b1)[KN],(#d.c.E-1.a.a1)[KO],(#d.c.E-1.a.#g1)[KN],(#d.c.E-1.a.b1)[KO],(#d.c.E-1.a.a1)[KN],(#d.c.E-1.a.#g1)[KN],(#d.c.E-1.a.a1)[KO],(#d.c.E-1.a.#f1)[KN],(#d.c.E-1.a.#g1)[KN],(e.B-1.E-1.#g.b)[KO],(e.B-1.E-1.#g)[KN],(e.B-1.E-1.#g)[KN],(e.B-1.E-1.#g)[KO],(e.B-1.E-1.#g)[KN],(e.B-1.E-1.#g)[KO],(e.B-1.E-1.#g.e1)[KN],(e.B-1.E-1.#g)[KN],(e.B-1.E-1.#g)[KN],(e.B-1.E-1.#g.#g1)[KO],(e.B-1.E-1.#g)[KO],(e.B-1.E-1.#g)[KN],(e.B-1.D-1.#g.#a1)[KN],(e.B-1.D-1.#g)[KN],(e.B-1.D-1.#g)[KO],(e.B-1.D-1.#g.b1)[KN],(e.B-1.D-1.#g)[KO],(e.B-1.D-1.#g)[KN],(e.B-1.D-1.#g)[KN],(e.B-1.D-1.#g)[KO],(e.B-1.D-1.#g)[KN],(e.B-1.D-1.#g.b1)[KO],(e.B-1.D-1.#g)[KN],(e.B-1.D-1.#g)[KN],(#d.B-1.#D-1.#g.b1)[KN],(#d.B-1.#D-1.#a.#a1)[KO],(#d.B-1.#D-1.b.#g1)[KN],(e.#A-1.#D-1.#c1.g1)[KO],(e.#A-1.#D-1.#c1)[KN],(e.#A-1.#D-1.#c1)[KN],(#d.B-1.#D-1.#g.b1)[KO],(#d.B-1.#D-1.#a.#a1)[KN],(#d.B-1.#D-1.b.#g1)[KN],(e.#A-1.#D-1.#c1.g1)[KO],(e.#A-1.#D-1.#c1)[KN],(e.#A-1.#D-1.#c1)[KN],(#d.B-1.#D-1.#g.b1)[KO],(#d.B-1.#D-1.#a.#a1)[KN],(#d.B-1.#D-1.b.#g1)[KO],(e.#A-1.#D-1.#c1.g1)[KN],(#d.#G-1.#D-1.b.#g1)[KN],(#c.G-1.#D-1.#a.#a1)[KN],(#d.#G-1.b.#g1)[KO],(#d.#G-1.b.#f1)[KO],(e.#G-1.b.e1)[KN],(#f.B-1.a.#d1)[KN],(e.B-1.a.e1)[KN],(#d.B-1.a.#f1)[KO],(e.B-1.E-1.g.b)[KN],(e.B-1.E-1.g)[KO],(e.B-1.E-1.g)[KN],(e.B-1.E-1.g)[KN],(e.B-1.E-1.g)[KO],(e.B-1.E-1.g)[KN],(e.B-1.E-1.g.e1)[KO],(e.B-1.E-1.g)[KN],(e.B-1.E-1.g)[KN],(e.B-1.E-1.g.g1)[KN],(e.B-1.E-1.g)[KO],(e.B-1.E-1.g)[KN],(e.B-1.E-1.g.#a1)[KO],(e.B-1.E-1.g)[KN],(e.B-1.E-1.g)[KN],(e.B-1.E-1.g.b1)[KO],(e.B-1.E-1.g)[KN],(e.B-1.E-1.g)[KN],(e.B-1.E-1.g)[KO],(e.B-1.E-1.g)[KN],(e.B-1.E-1.g)[KN],(e.B-1.E-1.g.b1)[KO],(e.B-1.E-1.g)[KN],(e.B-1.E-1.g)[KO],(#d.c.E-1.a.c2)[KN],(#d.c.E-1.a.a1)[KN],(e.c.E-1.a.g1)[KN],(f.c.E-1.a.f1)[KO],(f.c.E-1.a)[KO],(e.c.E-1.a)[KN],(#d.c.E-1.a.c2)[KN],(#d.c.E-1.a.a1)[KN],(e.c.E-1.a.g1)[KO],(f.c.E-1.a.f1)[KN],(f.c.E-1.a)[KO],(e.c.E-1.a)[KN],(#d.c.E-1.a.c2)[KN],(#d.c.E-1.a.a1)[KO],(e.c.E-1.a.g1)[KN],(f.c.E-1.a.f1)[KO],(f.c.E-1.a.a1)[KN],(e.c.E-1.a.b1)[KN],(#d.c.E-1.a.c2)[KN],(#d.c.E-1.a.a1)[KO],(e.c.E-1.a.g1)[KN],(f.c.E-1.a.f1)[KO],(f.c.E-1.a.g1)[KN],(e.c.E-1.a.a1)[KN],(e.B-1.E-1.g.b)[KO],(e.B-1.E-1.g)[KN],(e.B-1.E-1.g)[KN],(e.B-1.E-1.g)[KO],(e.B-1.E-1.g)[KN],(e.B-1.E-1.g)[KN],(e.B-1.E-1.g.e1)[KO],(e.B-1.E-1.g)[KN],(e.B-1.E-1.g)[KO],(e.B-1.E-1.g.g1)[KN],(e.B-1.E-1.g)[KN],(e.B-1.E-1.g)[KN],(f.G-1.D-1.g.#a1)[KO],(f.G-1.D-1.g)[KO],(f.G-1.D-1.g)[KN],(f.G-1.D-1.g.b1)[KN],(f.G-1.D-1.g)[KN],(f.G-1.D-1.g)[KO],(f.G-1.D-1.g)[KN],(f.G-1.D-1.g)[KO],(f.G-1.D-1.g)[KN],(f.G-1.D-1.g.b1)[KN],(f.G-1.D-1.a.a1)[KO],(f.G-1.D-1.b.g1)[KN],(e.G-1.C-1.c1.e2)[KO],(e.G-1.C-1.c1)[KN],(e.G-1.C-1.c1)[KN],(e.G-1.C-1.c1)[KNO],(e.G-1.C-1.c1)[KN],(e.G-1.C-1.c1)[KNO],(#g.c.F-1.c1)[KNO],(#g.c.F-1.c1)[LO],d2[LN],(#g.c.F-1.c1)[KM],(#g.c.F-1.c1.c2)[KNO],(#g.c.F-1.c1)[LNO],#g1[LO],(#g.c.F-1.c1)[KMO],(g.c.G-1.c1.e1)[KM],(g.c.G-1.c1)[KMO],(g.c.G-1.c1)[KMO],(#f.G-1.c1.#g)[KMN],(#f.G-1.c1.#g)[KMO],(#f.G-1.c1.#g)[KMNO],(f.G-1.a.g.e1)[KMN],(f.G-1.a.g)[KMNO],(f.G-1.#a.g)[KMNO],(f.G-1.#a.g)[KMNO],(f.G-1.b.g)[LNO],d1[LM],(f.G-1.b.g)[KMNO],(C-1.c1.e.c.g)[LM],#g[LM],(e.c.#g)[LM],g[LM],(e.c.g)[LM],#f[LM],(e.c.#f)[LM],g[LM],(e.c.g)[LM],#g[LM],(e.c.#g)[LM],g[LM],(G-1.e.c.g)[LM],#f[LM],(e.c.#f)[LM],g[LM],(B-2.#F-1.f.d.g)[LM],#g[LM],(f.d.#g)[LM],g[LM],(G-1.f.d.g)[LM],#f[LM],(f.d.#f)[LM],g[LM],(f.d.g)[LM],#g[LM],(f.d.#g)[LM],g[LM],(G-1.f.d.g)[LM],#f[LM],(f.d.#f)[LM],g[LM],(C-1.#F-1.c1.e.g)[LM],#g[LM],(G-1.c1.e.#g)[LM],g[LM],(c.c1.e.g)[LM],#f[LM],(c1.e.#f)[LM],g[LM],(c1.e.g)[LM],#g[LM],(c1.e.#g)[LM],g[LM],(d.c1.e.g)[LM],#f[LM],(c1.e.#f)[LM],g[LM],(G-1.c.d1.f.g)[LM],#g[LM],(d1.f.#g)[LM],g[LM],(B-1.d1.f.g)[LM],#f[LM],(d1.f.#f)[LM],g[LM],(A-1.d1.f.g)[LM],#g[LM],(d1.f.#g)[LM],g[LM],(G-1.d1.f.g)[LM],#f[LM],(d1.f.#f)[LM],g[LM],(c.G-1.g.e1.c1)[LM],#g[LM],(#g.e1.c1)[LM],(E-1.g)[LM],(G-1.g.e1.c1)[LM],#f[LM],(#f.e1.c1)[LM],g[LM],(e1.c1.g1)[LM],#g1[LM],(e1.c1.#g1)[LM],g1[LM],(g.G-1.e1.c1.g1)[LM],#f1[LM],(e1.c1.#f1)[LM],g1[LM],(#f.#F-1.f1.d1.g1)[LM],#g1[LM],(f1.d1.#g1)[LM],g1[LM],(g.G-1.f1.d1.g1)[LM],#f1[LM],(f1.d1.#f1)[LM],g1[LM],(f1.d1.g1)[LM],#g1[LM],(f1.d1.#g1)[LM],g1[LM],(g.G-1.f1.d1.g1)[LM],#f1[LM],(f1.d1.#f1)[LM],g1[LM],(#f.#F-1.g1.c2.e1)[LM],#g1[LM],(g.G-1.#g1.c2.e1)[LM],g1[LM],(c1.c.g1.c2.e1)[LM],#f1[LM],(#f1.c2.e1)[LM],g1[LM],(g1.c2.e1)[LM],#g1[LM],(#g1.c2.e1)[LM],g1[LM],(d1.d.g1.c2.e1)[LM],#f1[LM],(#f1.c2.e1)[LM],g1[LM],(c1.c.g1.d2.f1)[LM],#g1[LM],(#g1.d2.f1)[LM],g1[LM],(b.B-1.g1.d2.f1)[LM],#f1[LM],(#f1.d2.f1)[LM],g1[LM],(a.A-1.g1.d2.f1)[LM],#g1[LM],(#g1.d2.f1)[LM],g1[LM],(g.G-1.g1.d2.f1)[LM],#f1[LM],(#f1.d2.f1)[LM],g1[LM],(g.G-1.g1.e2.c2)[LM],#g1[LM],(#g1.e2.c2)[LM],(e1.e.g1)[LM],(e1.e.g1.e2.c2)[LM],#f1[LM],(#f1.e2.c2)[LM],g1[LM],(g1.e2.c2)[LM],#g1[LM],(#g1.e2.c2)[LM],g1[LM],(f1.f.g1.e2.c2)[LM],#f1[LM],(#f1.e2.c2)[LM],g1[LM],(e1.e.b1.#f2.a1)[LM],c2[LM],(c2.#f2.a1)[LM],b1[LM],(#d1.#d.b1.#f2.a1)[LM],#a1[LM],(#a1.#f2.a1)[LM],b1[LM],(c1.c.b1.#f2.a1)[LM],c2[LM],(c2.#f2.a1)[LM],b1[LM],(b.B-1.b1.#f2.a1)[LM],#a1[LM],(#a1.#f2.a1)[LM],b1[LM],(b.B-1.b1.g2.e2)[LM],c2[LM],(c2.g2.e2)[LM],(g1.g.b1)[LM],(g1.g.b1.g2.e2)[LM],#a1[LM],(#a1.g2.e2)[LM],b1[LM],(b1.g2.e2)[LM],c2[LM],(c2.g2.e2)[LM],b1[LM],(a1.a.b1.g2.e2)[LM],#a1[LM],(#a1.g2.e2)[LM],b1[LM],(g1.g.d2.a2.c2)[LM],e2[LM],(e2.a2.c2)[LM],d2[LM],(#f1.#f.d2.a2.c2)[LM],#c2[LM],(#c2.a2.c2)[LM],d2[LM],(e1.e.d2.a2.c2)[LM],e2[LM],(e2.a2.c2)[LM],d2[LM],(d1.d.d2.a2.c2)[LM],#c2[LM],(#c2.a2.c2)[LM],d2[LM],(g.g1.g2.d2.b2)[LM],c3[LM],(g2.d2.c3)[LM],b2[LM],(g2.d2.b2)[LM],#a2[LM],(g2.d2.#a2)[LM],b2[LM],(#f1.c3.a2.d3)[LM],e3[LM],(c3.a2.e3)[LM],d3[LM],(c3.a2.d3)[LM],#c3[LM],(c3.a2.#c3)[LM],d3[LM],(f1.d3.b2.g3)[LM],a3[LM],(d3.b2.a3)[LM],g3[LM],(d3.b2.g3)[LM],#f3[LM],(d3.b2.#f3)[LM],g3[LM],(#f1.c3.a2.d3)[LM],e3[LM],(c3.a2.e3)[LM],d3[LM],(c3.a2.d3)[LM],#c3[LM],(c3.a2.#c3)[LM],d3[LM],(g1.g2.d2.b2)[LM],c3[LM],(g2.d2.c3)[LM],b2[LM],(g.g2.d2.b2)[LM],#a2[LM],(g2.d2.#a2)[LM],b2[LM],(#f1.c3.a2.d3)[LM],e3[LM],(c3.a2.e3)[LM],d3[LM],(g.c3.a2.d3)[LM],#c3[LM],(c3.a2.#c3)[LM],d3[LM],(f1.d3.b2.g3)[LM],a3[LM],(d3.b2.a3)[LM],g3[LM],(g.d3.b2.g3)[LM],#f3[LM],(d3.b2.#f3)[LM],g3[LM],(#f1.c3.a2.d3)[LM],e3[LM],(c3.a2.e3)[LM],d3[LM],(g.c3.a2.d3)[LM],#c3[LM],(c3.a2.#c3)[LM],d3[LM],(g1.g2.d2.b2)[LM],c3[LM],(g2.d2.c3)[LM],b2[LM],(b1.g1.d2)[LM],e2[LM],(b1.g1.e2)[LM],d2[LM],(d2.b1.g2)[LM],a2[LM],(d2.b1.a2)[LM],g2[LM],(g2.d2.b2)[LM],c3[LM],(g2.d2.c3)[LM],b2[LM],(G-1.b2.f2.d3)[MN],A-1[MN],(G-1.e3)[MN],A-1[MN],(G-1.b2.f2.e3)[MN],A-1[MN],(G-1.d3)[MN],A-1[MN],(G-1.d2.b1.f2)[MN],A-1[MN],(G-1.g2)[MN],A-1[MN],(G-1.d2.b1.g2)[MN],A-1[MN],(G-1.f2)[MN],A-1[MN],(G-1.f2.d2.b2)[MN],A-1[MN],(G-1.c3)[MN],A-1[MN],(G-1.f2.d2.c3)[MN],A-1[MN],(G-1.b2)[MN],A-1[MN],(G-1.b2.f2.d3)[MN],A-1[MN],(G-1.e3)[MN],A-1[MN],(G-1.b2.f2.e3)[MN],A-1[MN],(G-1.d3)[M],A-1[M],G-1[M],(#F-1.d3.b2.#f3)[MN],G-1[MN],(#F-1.g3)[MN],G-1[MN],(#F-1.d3.b2.g3)[MN],G-1[MN],(#F-1.#f3)[MN],G-1[MN],(#F-1.#f2.d2.b2)[MN],G-1[MN],(#F-1.#c3)[MN],G-1[MN],(#F-1.#f2.d2.#c3)[MN],G-1[MN],(#F-1.b2)[MN],G-1[MN],(#F-1.b2.#f2.d3)[MN],G-1[MN],(#F-1.e3)[MN],G-1[MN],(#F-1.b2.#f2.e3)[MN],G-1[MN],(#F-1.d3)[MN],G-1[MN],(#F-1.d3.b2.#f3)[MN],G-1[MN],(#F-1.g3)[MN],G-1[MN],(#F-1.d3.b2.g3)[MN],G-1[MN],(#F-1.#f3)[M],G-1[M],#F-1[M],(F-1.g3.d3.b3)[MN],#F-1[MN],(F-1.#c4)[MN],#F-1[MN],(F-1.g3.d3.#c4)[MN],#F-1[MN],(F-1.b3)[MN],#F-1[MN],(F-1.b2.g2.d3)[MN],#F-1[MN],(F-1.e3)[MN],#F-1[MN],(F-1.b2.g2.e3)[MN],#F-1[MN],(F-1.d3)[MN],#F-1[MN],(F-1.d3.b2.g3)[MN],#F-1[MN],(F-1.a3)[MN],#F-1[MN],(F-1.d3.b2.a3)[MN],#F-1[MN],(F-1.g3)[MN],#F-1[MN],(F-1.g3.d3.b3)[MN],#F-1[MN],(F-1.#c4)[MN],#F-1[MN],(F-1.g3.d3.#c4)[MN],#F-1[MN],(F-1.b3)[M],#F-1[M],F-1[M],(#F-1.#F-2.#d4.b3.#f3)[LM],g3[LM],(#d4.b3.g3)[LM],#f3[LM],(#d4.b3.#f3)[LM],f3[LM],(#d4.b3.f3)[LM],#f3[LM],(#f3.#d3.b2)[LM],g3[LM],(g3.#d3.b2)[LM],#f3[LM],(#f3.#d3.b2)[LM],f3[LM],(f3.#d3.b2)[LM],#f3[LM],(B-1.B-2.d2.b1.#f2)[LM],g2[LM],(d2.b1.g2)[LM],#f2[LM],(d2.b1.#f2)[LM],f2[LM],(d2.b1.f2)[LM],#f2[LM],(d.D-1.#f1.d2.b1)[LM],g1[LM],(g1.d2.b1)[LM],#f1[LM],(#f1.d2.b1)[LM],f1[LM],(f1.d2.b1)[LM],#f1[LM],(#f.#F-1.#c1.#a.#f1)[LM],g1[LM],(#c1.#a.g1)[LM],#f1[LM],(#c1.#a.#f1)[LM],f1[LM],(#c1.#a.f1)[LM],#f1[LM],(#f.#c1.#a)[LM],g[LM],(g.#c1.#a)[LM],#f[LM],(#f.#c1.#a)[LM],f[LM],(f.#c1.#a)[LM],#f[LM],(b.B-1.G-1.#f)[LM],g[LM],(B-1.G-1.g)[LM],#f[LM],(B-1.G-1.#f)[LM],f[LM],(B-1.G-1.f)[LM],#f[LM],(#F-1.B-1.G-1)[LM],G-1[LM],(B-1.G-1)[LM],#F-1[LM],(#F-1.B-1.G-1)[LM],F-1[LM],(F-1.B-1.G-1)[LM],#F-1[LM],#F-2[JK];"],"id":1,"instruments":["piano","piano"],"alternatives":["",""]},{"bpm":291,"baseBeats":0.75,"scores":["mute[LM],mute[LM],mute[LM],mute[LM],mute[LM],mute[LM],mute[LM],mute[LM],mute[LM],mute[LM],mute[LM],mute[LM],mute[LM],mute[LM],mute[LM],mute[LM],mute[LM],mute[LM],mute[LM],mute[LM],mute[LM],mute[LM],mute[LM],mute[LM],mute[LM],mute[LM],mute[LM],mute[LM],mute[LM],mute[LM],mute[LM],mute[LM],mute[LM],mute[LM],mute[LM],mute[LM],mute[LM],mute[LM],mute[LM],mute[LM],mute[LM],mute[LM],mute[LM],mute[LM],mute[LM],mute[LM],mute[LM],mute[LM],mute[LM],mute[LM],mute[LM],mute[LM],mute[LM],mute[LM],mute[LM],mute[LM],mute[LM],mute[LM],mute[LM],mute[LM],mute[LM],mute[LM],mute[LM],mute[LM],mute[LM],mute[LM],mute[LM],mute[LM],mute[LM],mute[LM],mute[LM],mute[LM],mute[LM],mute[LM],mute[LM],mute[LM],mute[LM],mute[LM],mute[LM],mute[LM],mute[LM],mute[LM],mute[LM],mute[LM],mute[LM],mute[LM],mute[LM],mute[LM],mute[LM],mute[LM],mute[LM],mute[LM],mute[LM],mute[LM],mute[LM],mute[LM],mute[LM],mute[LM],mute[LM],mute[LM],mute[LM],mute[LM],mute[LM],mute[LM],mute[LM],mute[LM],mute[LM],mute[LM],mute[LM],mute[LM],mute[LM],mute[LM],mute[LM],mute[LM],mute[LM],mute[LM],mute[LM],mute[LM],mute[LM],mute[LM],mute[LM],mute[LM],mute[LM],mute[LM],5<UV>,5<UV>,5<UV>,5<UV>,5<UV>,5<UV>,5<UV>,5<UV>,5<UV>,5<UV>,5<UV>,5<UV>,5<UV>,5<UV>,5<UV>,5<UV>,5<UV>,5<UV>,5<UV>,5<UV>,5<UV>,5<UV>,5<UV>,5<UV>,5<UV>,5<UV>,5<UV>,5<UV>,5<UV>,5<UV>,5<UV>,5<UV>,5<UV>,5<UV>,5<UV>,5<UV>,5<UV>,5<UV>,5<UV>,5<UV>,5<UV>,5<UV>,5<UV>,5<UV>,5<UV>,5<UV>,5<UV>,5<UV>,5<UV>,5<UV>,5<UV>,5<UV>,5<UV>,5<UV>,5<UV>,5<UV>,5<UV>,5<UV>,5<UV>,5<UV>,5<UV>,5<UV>,5<UV>,5<UV>,5<UV>,5<UV>,5<UV>,5<UV>,5<UV>,5<UV>,5<UV>,5<UV>,5<UV>,5<UV>,5<UV>,5<UV>,5<UV>,5<UV>,5<UV>,5<UV>,5<UV>,5<UV>,5<UV>,5<UV>,5<UV>,5<UV>,5<UV>,5<UV>,5<UV>,5<UV>,5<UV>,5<UV>,5<UV>,5<UV>,5<UV>,5<UV>,5<UV>,5<UV>,5<UV>,5<UV>,5<UV>,5<UV>,5<UV>,5<UV>,5<UV>,5<UV>,5<UV>,5<UV>,5<UV>,5<UV>,5<UV>,5<UV>,5<UV>,5<UV>,5<UV>,5<UV>,5<UV>,5<UV>,5<UV>,5<UV>,5<UV>,5<UV>,5<UV>,5<UV>,5<UV>,5<UV>,5<UV>,5<UV>,5<UV>,5<UV>,5<UV>,5<UV>,5<UV>,5<UV>,5<UV>,5<UV>,5<UV>,5<UV>,5<UV>,5<UV>,5<UV>,5<UV>,5<UV>,5<UV>,5<UV>,5<UV>,5<UV>,5<UV>,5<UV>,5<UV>,5<UV>,5<UV>,5<UV>,5<UV>,5<UV>,5<UV>,5<UV>,5<UV>,5<UV>,5<UV>,5<UV>,5<UV>,5<UV>,5<UV>,5<UV>,5<UV>,5<UV>,5<UV>,5<UV>,5<UV>,5<UV>,5<UV>,5<UV>,5<UV>,5<UV>,5<UV>,5<UV>,5<UV>,5<UV>,5<UV>,5<UV>,5<UV>,5<UV>,5<UV>,5<UV>,5<UV>,5<UV>,5<UV>,5<UV>,5<UV>,5<UV>,5<UV>,5<UV>,5<UV>,5<UV>,5<UV>,5<UV>,5<UV>,5<UV>,5<UV>,5<UV>,5<UV>,5<UV>,5<UV>,5<UV>,5<UV>,5<UV>,5<UV>,5<UV>,5<UV>,5<UV>,5<UV>,5<UV>,5<UV>,5<UV>,5<UV>,5<UV>,5<UV>,5<UV>,5<UV>,5<UV>,5<UV>,5<UV>,5<UV>,5<UV>,5<UV>,5<UV>,5<UV>,5<UV>,5<UV>,5<UV>,5<UV>,5<UV>,5<UV>,5<UV>,5<UV>,5<UV>,5<UV>,5<UV>,5<UV>,5<UV>,5<UV>,5<UV>,5<UV>,5<UV>,5<UV>,5<UV>,5<UV>,5<UV>,5<UV>,5<UV>,5<UV>,5<UV>,5<UV>,5<UV>,5<UV>,5<UV>,5<UV>,5<UV>,5<UV>,5<UV>,5<UV>,5<UV>,5<UV>,5<UV>,5<UV>,5<UV>,5<UV>,5<UV>,5<UV>,5<UV>,5<UV>,5<UV>,5<UV>,5<UV>,5<UV>,5<UV>,5<UV>,5<UV>,5<UV>,5<UV>,5<UV>,5<UV>,5<UV>,5<UV>,5<UV>,5<UV>,5<UV>,5<UV>,5<UV>,5<UV>,5<UV>,5<UV>,5<UV>,5<UV>,5<UV>,5<UV>,5<UV>,5<UV>,5<UV>,5<UV>,5<UV>,5<UV>,5<UV>,5<UV>,5<UV>,5<UV>,5<UV>,5<UV>,5<UV>,5<UV>,5<UV>,5<UV>,5<UV>,5<UV>,5<UV>,5<UV>,5<UV>,5<UV>,5<UV>,5<UV>,5<UV>,5<UV>,5<UV>,5<UV>,5<UV>,5<UV>,5<UV>,5<UV>,5<UV>,5<UV>,5<UV>,5<UV>,5<UV>,5<UV>,5<UV>,5<UV>,5<UV>,5<UV>,5<UV>,5<UV>,5<UV>,5<UV>,5<UV>,5<UV>,5<UV>,5<UV>,5<UV>,5<UV>,5<UV>,5<UV>,5<UV>,5<UV>,5<UV>,5<UV>,5<UV>,5<UV>,5<UV>,5<UV>,5<UV>,5<UV>,5<UV>,5<UV>,5<UV>,5<UV>,5<UV>,5<UV>,5<UV>,5<UV>,5<UV>,5<UV>,5<UV>,5<UV>,5<UV>,5<UV>,5<UV>,5<UV>,5<UV>,5<UV>,5<UV>,5<UV>,5<UV>,5<UV>,5<UV>,5<UV>,5<UV>,5<UV>,5<UV>,5<UV>,5<UV>,5<UV>,5<UV>,5<UV>,5<UV>,5<UV>,5<UV>,5<UV>,5<UV>,5<UV>,5<UV>,5<UV>,5<UV>,5<UV>,5<UV>,5<UV>,5<UV>,5<UV>,5<UV>,5<UV>,5<UV>,5<UV>,5<UV>,5<UV>,5<UV>,5<UV>,5<UV>,5<UV>,5<UV>,5<UV>,5<UV>,5<UV>,5<UV>,5<UV>,5<UV>,5<UV>,5<UV>,5<UV>,5<UV>,5<UV>,5<UV>,5<UV>,5<UV>,5<UV>,5<UV>,5<UV>,5<UV>,5<UV>,5<UV>,5<UV>,5<UV>,5<UV>,5<UV>,5<UV>,5<UV>,5<UV>,5<UV>,5<UV>,5<UV>,5<UV>,5<UV>,5<UV>,5<UV>,5<UV>,5<UV>,5<UV>,5<UV>,5<UV>,5<UV>,5<UV>,5<UV>,5<UV>,5<UV>,5<UV>,5<UV>,5<UV>,5<UV>,5<UV>,5<UV>,5<UV>,5<UV>,5<UV>,5<UV>,5<UV>,5<UV>,5<UV>,5<UV>,5<UV>,5<UV>,5<UV>,5<UV>,5<UV>,5<UV>,5<UV>,5<UV>,5<UV>,5<UV>,5<UV>,5<UV>,5<UV>,5<UV>,5<UV>,5<UV>,5<UV>,5<UV>,5<UV>,5<UV>,5<UV>,5<UV>,5<UV>,5<UV>,5<UV>,5<UV>,5<UV>,5<UV>,5<UV>,5<UV>,5<UV>,5<UV>,5<UV>,5<UV>,5<UV>,5<UV>,5<UV>,5<UV>,5<UV>,5<UV>,5<UV>,5<UV>,5<UV>,5<UV>,5<UV>,5<UV>,5<UV>,5<UV>,5<UV>,5<UV>,5<UV>,5<UV>,5<UV>,5<UV>,5<UV>,5<UV>,5<UV>,5<UV>,5<UV>,5<UV>,5<UV>,5<UV>,5<UV>,5<UV>,5<UV>,5<UV>,5<UV>,5<UV>,5<UV>,5<UV>,5<UV>,5<UV>,5<UV>,5<UV>,5<UV>,5<UV>,5<UV>,5<UV>,5<UV>,5<UV>,5<UV>,5<UV>,5<UV>,5<UV>,5<UV>,5<UV>,5<UV>,5<UV>,5<UV>,5<UV>,5<UV>,5<UV>,5<UV>,5<UV>,5<UV>,5<UV>,5<UV>,5<UV>,5<UV>,5<UV>,5<UV>,5<UV>,5<UV>,5<UV>,5<UV>,5<UV>,5<UV>,5<UV>,5<UV>,5<UV>,5<UV>,5<UV>,5<UV>,5<UV>,5<UV>,5<UV>,5<UV>,5<UV>,5<UV>,5<UV>,5<UV>,5<UV>,5<UV>,5<UV>,5<UV>,5<UV>,5<UV>,5<UV>,5<UV>,5<UV>,5<UV>,5<UV>,5<UV>,5<UV>,5<UV>,5<UV>,5<UV>,5<UV>,5<UV>,5<UV>,5<UV>,5<UV>,5<UV>,5<UV>,5<UV>,5<UV>,5<UV>,5<UV>,5<UV>,5<UV>,5<UV>,5<UV>,5<UV>,5<UV>,5<UV>,5<UV>,5<UV>,5<UV>,5<UV>,5<UV>,5<UV>,5<UV>,mute[LM],mute[KMNO],5<UV>,mute[LM],mute[LM],mute[LM],mute[LM],mute[LM],mute[LM],mute[LM],mute[HHHHHJKLN],mute[JK],mute[K];","#f[LO],#a[LN],#c1[LN],f1[LO],#f1[LN],#f[LO],#a[LN],#c1[LN],f1[LO],#f1[LN],(#F-1.#f)[LO],#a[LN],#c1[LN],f1[LO],#f1[LN],(G-1.#f)[LO],b[LN],d1[LN],#f1[LO],g1[LN],(A-1.#f)[LO],b[LN],d1[LN],#f1[LO],g1[LN],(B-1.#f)[LO],b[LN],d1[LN],#f1[LO],g1[LN],(#c.#f)[LO],b[LN],d1[LN],#f1[LO],#c2[LN],(#c.#f)[LO],#a[LN],#c1[LN],#f1[LO],#c2[LN],(#F-1.#f)[LO],#a[LN],#c1[LN],f1[LO],#f1[LN],#f[LO],#a[LN],#c1[LN],f1[LO],#f1[LN],(#F-1.#f)[LO],#a[LN],#c1[LN],f1[LO],#f1[LN],(G-1.a1)[LO],g1[LN],d1[MO],A-1[MO],b[LO],#f[LN],(B-1.a1)[LO],g1[LN],d1[MO],#c[MO],b[LO],#f[LN],(d.a1)[LO],g1[LN],d1[MO],e[MO],b[LO],#f[LN],(#f.a1)[LO],g1[LN],d1[MO],g[MO],b[LO],#f[LN],(g.b1)[LO],#a1[LN],#f1[LN],#c1[LO],#f[LN],(#F-1.b1)[LO],#a1[LN],#f1[LN],#c1[LO],#f[LN],b1[LO],#a1[LN],#f1[LN],#c1[LO],#f[LN],(#F-1.b1)[LO],#a1[LN],#f1[LN],#c1[LO],#f[LN],(E-1.e)[LO],g[LN],b[LN],#c1[LO],e1[LN],(#F-1.e)[LO],g[LN],b[LN],#c1[LO],#f1[LN],(G-1.e)[LO],g[LN],b[LN],#c1[LO],g1[LN],(A-1.e)[LO],g[LN],b[LN],#c1[LO],a1[LN],(A-1.d)[LO],#f[LN],a[LN],d1[LO],a1[LN],(D-1.d)[LO],#f[LN],a[LN],#c1[LO],d1[LN],d[LO],#f[LN],a[LN],#c1[LO],d1[LN],(D-1.d)[LO],#f[LN],a[LN],#c1[LO],d1[LN],(E-1.#c1)[LO],c1[LN],b[LN],g[LO],#c[LN],(F-1.#c)[LO],g[LN],b[LN],c1[LO],#c1[LN],(#F-1.#c1)[LO],c1[LN],b[LN],#f[LO],#c[LN],(#F-2.#c)[LO],#f[LN],#a[LN],#c1[LO],f1[LN],(B-2.#d1.b.#f)[L],#F-1[L],F-1[L],#G-1[L],#F-1[L],#D-1[L],B-2[L],#F-1[L],F-1[L],#G-1[L],#F-1[L],#D-1[L],(B-2.#d1.b.#f)[L],#F-1[L],F-1[L],#G-1[L],#F-1[L],#D-1[L],(B-2.#d1.b.#f)[L],#F-1[L],F-1[L],#G-1[L],#F-1[L],#D-1[L],(B-2.#f1.b.#g)[L],E-1[L],#G-1[L],B-1[L],e[L],#g[L],(b.e1)[L],#g[L],e[L],B-1[L],#G-1[L],E-1[L],(B-2.#d1.b.#f)[L],#D-1[L],#F-1[L],B-1[L],#d[L],#f[L],b[L],#f[L],#d[L],B-1[L],#F-1[L],#D-1[L],(#F-2.#d1.b.e)[L],#F-1[L],F-1[L],#G-1[L],#F-1[L],#f[L],(f.#c1.#a.e)[L],#g[L],#f[L],#F-1[L],F-1[L],#G-1[L],(#F-1.b.#g.e)[L],#F-2[L],F-2[L],#G-2[L],#F-2[L],#F-1[L],(F-1.#c1.#a.e)[L],#G-1[L],#F-1[L],#f[L],f[L],#g[L],(#f.#c1.#a.e)[L],f[L],e[L],#d[L],d[L],#c[L],c[L],B-1[L],#A-1[L],A-1[L],#G-1[L],G-1[L],(#F-1.#d1.b.#d)[L],F-1[L],E-1[L],#D-1[L],D-1[L],#C-1[L],C-1[L],B-2[L],#A-2[L],A-2[L],#G-2[L],G-2[L],(#F-2.b.#f)[L],#F-1[L],F-1[L],#G-1[L],#F-1[L],#D-1[L],B-2[L],#F-1[L],F-1[L],#G-1[L],#F-1[L],#D-1[L],(B-1.#d1.b.#f)[L],#F-1[L],F-1[L],#G-1[L],#F-1[L],#D-1[L],(B-2.#d1.b.#f)[L],#F-1[L],F-1[L],#G-1[L],#F-1[L],#D-1[L],(#A-2.#f1.d1.#g)[L],F-1[L],#G-1[L],#A-1[L],f[L],#g[L],(#a.f1)[L],#g[L],f[L],#A-1[L],#G-1[L],#A-2[L],(#D-1.#d1.#a.#f)[L],#F-1[L],#A-1[L],#d[L],#f[L],#a[L],#d1[L],#a[L],#f[L],#d[L],#A-1[L],#F-1[L],(#F-2.#d1.b.e)[L],#F-1[L],F-1[L],#G-1[L],#F-1[L],#f[L],(f.#c1.#a.e)[L],#g[L],#f[L],#F-1[L],F-1[L],#G-1[L],(#F-1.b.#g.e)[L],#F-2[L],F-2[L],#G-2[L],#F-2[L],#F-1[L],(F-1.#c1.#a.e)[L],#G-1[L],#F-1[L],#f[L],f[L],#g[L],(#f.#c1.#a.e)[L],f[L],e[L],#d[L],d[L],#c[L],B-1[L],#A-1[L],A-1[L],#G-1[L],G-1[L],#F-1[L],(B-1.b.#f.#d)[L],#A-1[L],A-1[L],#G-1[L],G-1[L],#F-1[L],E-1[L],#D-1[L],D-1[L],#C-1[L],C-1[L],B-2[L],(#A-2.#d1.#a.#f)[L],#F-1[L],F-1[L],#G-1[L],#F-1[L],#D-1[L],(#A-2.#a.#f)[L],#A-1[L],A-1[L],B-1[L],#A-1[L],#F-1[L],(#A-2.f1.#a.#g)[L],F-1[L],E-1[L],#F-1[L],F-1[L],D-1[L],(#A-2.#a.#g)[L],#A-1[L],A-1[L],B-1[L],#A-1[L],#F-1[L],(#D-1.#f1.#a.#f)[L],#A-1[L],A-1[L],B-1[L],#A-1[L],#F-1[L],#D-1[L],#d[L],d[L],f[L],#d[L],#A-1[L],(#G-1.#f1.b)[L],B-1[M],f1[M],#A-1[L],(#c.#f1.e1)[MN],f1[N],B-1[M],(e1.f1)[M],#G-1[N],f1[MN],(F-1.#f1)[L],#G-1[L],#F-1[L],(#A-1.#g1)[L],#G-1[L],F-1[L],(B-1.#a.#f.#d1)[L],#A-1[L],A-1[L],#A-1[L],B-1[L],#A-1[L],#G-1[L],#F-1[L],F-1[L],#F-1[L],#G-1[L],#F-1[L],(F-1.#g)[L],#D-1[L],D-1[L],(#D-1.d1)[L],F-1[L],#D-1[L],(#C-1.#c1)[L],B-2[L],#A-2[L],(B-2.d1)[L],#C-1[L],B-2[L],(#A-2.#d1.#a.#f)[L],#F-1[L],F-1[L],#G-1[L],#F-1[L],#D-1[L],(#A-2.#a.#f)[L],#A-1[L],A-1[L],B-1[L],#A-1[L],#F-1[L],(#A-2.f1.#a.#g)[L],F-1[L],E-1[L],#F-1[L],F-1[L],D-1[L],(#A-2.#a.#g)[L],#A-1[L],A-1[L],B-1[L],#A-1[L],F-1[L],(#D-1.#f1.#a.#f)[L],#A-1[L],A-1[L],B-1[L],#A-1[L],#F-1[L],#D-1[L],#d[L],d[L],f[L],#d[L],#A-1[L],(#G-1.b.#f1)[L],B-1[M],e1[M],#A-1[L],(#c.#f1.e1)[MN],e1[N],B-1[M],(#d1.e1)[M],#G-1[N],e1[MN],(E-1.#f1)[L],#G-1[M],#g1[M],G-1[L],(A-1.#a1)[L],#G-1[M],b1[M],E-1[L],(B-1.b1.#f1.#d1.#a)[L],#A-1[L],A-1[L],#A-1[L],B-1[L],#A-1[L],(#d1.#G-1)[MNO],f1[O],#F-1[MN],#d1[N],F-1[MO],d1[NO],#D-1[NO],#d1[MO],#C-1[N],#a[MN],B-2[O],#f1[MNO],(#a.#g.#f1.#A-2)[L],D-1[L],#C-1[L],#D-1[L],D-1[L],#A-1[L],A-1[L],B-1[L],#A-1[L],(f1.F-1)[L],D-1[L],#A-2[L],(#D-1.#d1.#a.g)[MNO],#F-1[MNO],G-1[MNO],A-1[MN],#A-1[MNO],d[MNO],#d[MNO],#D-1[MNO],#F-1[MN],G-1[MNO],A-1[MNO],#A-1[MNO],d[MNO],#d[MNO],#D-1[MNO],#F-1[MN],G-1[MNO],A-1[MNO],#A-1[MNO],d[MNO],#d[MN],#D-1[O],(#d1.#a.g)[MN],#F-1[MNO],G-1[MNO],A-1[MNO],#A-1[MN],d[L],#d[MNO],(#D-1.e1.b.#g)[MNO],G-1[MNO],#G-1[MNO],#A-1[MN],B-1[MNO],#d[MNO],e[MNO],(#D-1.#f1.b.#g)[MNO],G-1[MN],#G-1[MNO],#A-1[MNO],B-1[MNO],#d[MNO],#f[MNO],(#D-1.#g1.b.#g)[MNO],G-1[MN],#G-1[MNO],#A-1[MNO],B-1[MNO],#d[MNO],#g[MN],#D-1[O],(#a1.b.#g)[MN],G-1[MNO],#G-1[MNO],#A-1[MNO],B-1[MN],#d[L],#a[MNO],(#D-1.#a1.#a.g)[MNO],#F-1[MNO],G-1[MNO],A-1[MN],#A-1[MNO],#d[MNO],#a[MNO],(#D-1.#d1.#a.g)[MNO],#F-1[MN],G-1[MNO],A-1[MNO],#A-1[MNO],d[MNO],#d[MNO],#D-1[MNO],#F-1[MN],G-1[MNO],A-1[MNO],#A-1[MNO],d[MNO],#d[MN],#D-1[O],(#d1.#a.g)[MN],#F-1[MNO],G-1[MNO],A-1[MNO],#A-1[MN],d[L],#d[MNO],(#f.e1.b.#g)[MNO],e[MNO],#d[MNO],B-1[NO],(#f1.b.#g)[NO],#G-1[MNO],E-1[MNO],#D-1[MNO],(#f.#g1.e1.b)[MNO],e[MN],#d[MNO],B-1[M],(#a1.e1.b)[NO],#G-1[MNO],E-1[MNO],#D-1[MNO],(#f.b1.#g1.e1)[MNO],e[MN],#d[MNO],B-1[M],(#c2.#g1.e1)[NO],#G-1[MNO],E-1[MNO],#D-1[MN],#f[O],(#d2.b1.#g1)[MN],e[MNO],#d[MNO],B-1[M],(e2.b1.#g1)[NO],#G-1[MN],E-1[L],#D-1[MNO],(#g.e2.#a1.g1)[MNO],g[MNO],#d[MNO],B-1[MN],#A-1[MNO],G-1[MNO],#D-1[MNO],(#g.#d1.#a.g)[MNO],g[MN],#d[MNO],B-1[MNO],#A-1[MNO],G-1[MNO],#D-1[MNO],#g[MNO],g[MN],#d[MNO],B-1[MNO],#A-1[MNO],G-1[MNO],#D-1[MN],#g[O],(#d1.#a.g)[MN],g[MNO],#d[MNO],B-1[MNO],#A-1[MN],G-1[L],#D-1[MNO],(#D-1.#c1.#g.e)[MNO],E-1[MNO],G-1[MNO],#G-1[MN],B-1[MNO],c[MNO],#c[MNO],(#D-1.#d1.#g.e)[MNO],E-1[MN],G-1[MNO],#G-1[MNO],B-1[MNO],c[MNO],#c[MNO],(#D-1.e1.#g.e)[MNO],E-1[MN],G-1[MNO],#G-1[MNO],B-1[MNO],c[MNO],#c[MN],#D-1[O],(#f1.#g.e)[MN],E-1[MNO],G-1[MNO],#G-1[MNO],B-1[MN],c[L],#c[MNO],(#D-1.#f1.#f.#d)[MNO],E-1[MNO],#F-1[MNO],#G-1[MN],A-1[MNO],#A-1[MNO],B-1[MNO],(#D-1.b.#f.#d)[MNO],E-1[MN],#F-1[MNO],#G-1[MNO],A-1[MNO],#A-1[MNO],B-1[MNO],#D-1[MNO],E-1[MN],#F-1[MNO],#G-1[MNO],A-1[MNO],#A-1[MNO],B-1[MN],#D-1[O],(b.#f.#d)[MN],E-1[MNO],#F-1[MNO],#G-1[MNO],A-1[MN],#A-1[L],B-1[MNO],(#D-1.#a.g.#c)[MNO],F-1[MNO],#F-1[MNO],G-1[MN],#G-1[MNO],A-1[MNO],#A-1[MNO],(#D-1.b.g.#c)[MNO],F-1[MN],#F-1[MNO],G-1[MNO],#G-1[MNO],A-1[MNO],#A-1[MNO],(#D-1.#c1.g.#c)[MNO],F-1[MN],#F-1[MNO],G-1[MNO],#G-1[MNO],A-1[MNO],#A-1[MN],#D-1[O],(#d1.g.#c)[MN],F-1[MNO],#F-1[MNO],G-1[MNO],#G-1[MN],A-1[L],#A-1[MNO],(E-1.B-1)[MN],e[MN],#g[MN],a[MN],b[MN],e1[MN],#g1[MN],a1[MN],b1[MN],a1[MN],#g1[MN],e1[MN],b[MN],a[MN],#g[MN],e[MN],B-1[MN],e[MN],#g[MN],a[MN],b[MN],e1[MN],#g1[MN],a1[MN],(E-1.E-2.b1)[MN],a1[MN],#g1[MN],e1[MN],b[MN],a[MN],#g[MN],e[MN],(#D-1.#D-2.c)[MN],e[MN],a[MN],b[MN],c1[MN],e1[MN],a1[MN],b1[MN],(E-1.E-2.c2)[MN],b1[MN],a1[MN],e1[MN],c1[MN],b[MN],a[MN],e[MN],c[MN],e[MN],a[MN],b[MN],c1[MN],e1[MN],a1[MN],b1[MN],(E-1.E-2.c2)[MN],b1[MN],a1[MN],e1[MN],c1[MN],b[MN],a[MN],e[MN],(#D-1.#D-2.B-1)[MN],e[MN],#g[MN],a[MN],(E-1.E-2.b)[MN],e1[MN],#g1[MN],a1[MN],(#G-1.#G-2.b1)[MN],a1[MN],#g1[MN],e1[MN],b[MN],a[MN],#g[MN],e[MN],B-1[MN],e[MN],#g[MN],a[MN],b[MN],e1[MN],#g1[MN],a1[MN],(E-1.E-2.b1)[MN],a1[MN],#g1[MN],e1[MN],b[MN],a[MN],#g[MN],e[MN],(#D-1.#D-2.c)[MN],e[MN],a[MN],b[MN],c1[MN],e1[MN],a1[MN],b1[MN],(E-1.E-2.c2)[MN],b1[MN],a1[MN],e1[MN],c1[MN],b[MN],a[MN],e[MN],c[MN],e[MN],a[MN],b[MN],c1[MN],e1[MN],a1[MN],b1[MN],(E-1.E-2.c2)[MN],b1[MN],a1[MN],e1[MN],c1[MN],b[MN],a[MN],e[MN],(#D-1.#D-2.B-1)[MN],e[MN],#g[MN],a[MN],(E-1.E-2.b)[MN],e1[MN],#g1[MN],a1[MN],(B-1.B-2.b1)[MN],a1[MN],#g1[MN],e1[MN],b[MN],a[MN],#g[MN],e[MN],B-1[MN],e[MN],#g[MN],a[MN],b[MN],e1[MN],#g1[MN],a1[MN],(E-1.E-2.b1)[MN],a1[MN],#g1[MN],e1[MN],b[MN],a[MN],#g[MN],e[MN],(D-1.D-2.B-1)[MN],#d[MN],#g[MN],#a[MN],(#D-1.#D-2.b)[MN],#d1[MN],#g1[MN],#a1[MN],(B-1.B-2.b1)[MN],#a1[MN],#g1[MN],#d1[MN],b[MN],#a[MN],#g[MN],#d[MN],B-1[MN],#d[MN],#g[MN],#a[MN],b[MN],#d1[MN],#g1[MN],#a1[MN],(#D-1.#D-2.b1)[MN],#a1[MN],#g1[MN],#d1[MN],b[MN],#a[MN],#g[MN],#d[MN],(#C-1.#C-2.B-1)[MN],f[MN],#g[MN],#a[MN],(D-1.D-2.b)[MN],f1[MN],#g1[MN],#a1[MN],(B-1.B-2.b1)[MN],#a1[MN],#g1[MN],f1[MN],b[MN],#a[MN],#g[MN],f[MN],B-1[MN],f[MN],#g[MN],#a[MN],(D-1.D-2.b)[MN],f1[MN],#g1[MN],#a1[MN],(B-1.B-2.b1)[MN],#a1[MN],#g1[MN],f1[MN],b[MN],#a[MN],#g[MN],f[MN],B-1[MN],f[MN],#g[MN],#a[MN],(D-1.D-2.b)[MN],f1[MN],#g1[MN],#a1[MN],(B-1.B-2.b1)[MN],#a1[MN],#g1[MN],f1[MN],(D-1.D-2.b)[MN],#a[MN],#g[MN],f[MN],(#A-1.#A-2.B-1)[MN],f[MN],#g[MN],#a[MN],(D-1.D-2.b)[MN],f1[MN],#g1[MN],#a1[MN],(#G-1.#G-2.b1)[MN],#a1[MN],#g1[MN],f1[MN],(D-1.D-2.b)[MN],#a[MN],#g[MN],f[MN],(#G-2.#D-2.c)[MN],(#D-1.#d)[MN],(#G-2.#D-2.#g)[MN],(#D-1.#a)[MN],(#G-2.#D-2.c1)[MN],(#D-1.#d1)[MN],(#G-2.#D-2.#g1)[MN],(#D-1.#a1)[MN],(#G-2.#D-2.c2)[MN],(#D-1.#d2)[MN],(#G-2.#D-2.#g2)[MN],(#D-1.#a2)[MN],(#G-2.#D-2.c3)[MN],(#D-1.#d3)[MN],(#G-2.#D-2.#g3)[MN],(#D-1.#a3)[MN],(#G-2.#D-2.c4)[MN],(#D-1.#a3)[MN],(#G-2.#D-2.#g3)[MN],(#D-1.#d3)[MN],(#G-2.#D-2.c3)[MN],(#D-1.#a2)[MN],(#G-2.#D-2.#g2)[MN],(#D-1.#d2)[MN],(#G-2.#D-2.c2)[MN],(#D-1.#a1)[MN],(#G-2.#D-2.#g1)[MN],(#D-1.#d1)[MN],(#G-2.#D-2.c1)[MN],(#D-1.#a)[MN],(#G-2.#D-2.#g)[MN],(#D-1.#d)[MN],(#G-2.#D-2.B-1)[MN],(#D-1.#d)[MN],(#G-2.#D-2.#g)[MN],(#D-1.#a)[MN],(#G-2.#D-2.b)[MN],(#D-1.#d1)[MN],(#G-2.#D-2.#g1)[MN],(#D-1.#a1)[MN],(#G-2.#D-2.b1)[MN],(#D-1.#d2)[MN],(#G-2.#D-2.#g2)[MN],(#D-1.#a2)[MN],(#G-2.#D-2.b2)[MN],(#D-1.#d3)[MN],(#G-2.#D-2.#g3)[MN],(#D-1.#a3)[MN],(#G-2.#D-2.b3)[MN],(#D-1.#a3)[MN],(#G-2.#D-2.#g3)[MN],(#D-1.#d3)[MN],(#G-2.#D-2.b2)[MN],(#D-1.#a2)[MN],(#G-2.#D-2.#g2)[MN],(#D-1.#d2)[MN],(#G-2.#D-2.b1)[MN],(#D-1.#a1)[MN],(#G-2.#D-2.#g1)[MN],(#D-1.#d1)[MN],(#G-2.#D-2.b)[MN],(#D-1.#a)[MN],(#G-2.#D-2.#g)[MN],(#D-1.#d)[MN],(#A-2.#D-2.#A-1)[MN],(#D-1.#d)[MN],(#A-2.#D-2.g)[MN],(#D-1.#g)[MN],(#A-2.#D-2.#a)[MN],(#D-1.#d1)[MN],(#A-2.#D-2.g1)[MN],(#D-1.#g1)[MN],(#A-2.#D-2.#a1)[MN],(#D-1.#d2)[MN],(#A-2.#D-2.g2)[MN],(#D-1.#g2)[MN],(#A-2.#D-2.#a2)[MN],(#D-1.#d3)[MN],(#A-2.#D-2.g3)[MN],(#D-1.#g3)[MN],(#A-2.#D-2.#a3)[MN],(#D-1.#g3)[MN],(#A-2.#D-2.g3)[MN],(#D-1.#d3)[MN],(#A-2.#D-2.#a2)[MN],(#D-1.#g2)[MN],(#A-2.#D-2.g2)[MN],(#D-1.#d2)[MN],(#A-2.#D-2.#a1)[MN],(#D-1.#g1)[MN],(#A-2.#D-2.g1)[MN],(#D-1.#d1)[MN],(#A-2.#D-2.#a)[MN],(#D-1.#g)[MN],(#A-2.#D-2.g)[MN],(#D-1.#d)[MN],(B-2.#D-2.#G-1)[MN],(#D-1.#d)[MN],(B-2.#D-2.f)[MN],(#D-1.g)[MN],(B-2.#D-2.#g)[MN],(#D-1.#d1)[MN],(B-2.#D-2.f1)[MN],(#D-1.g1)[MN],(B-2.#D-2.#g1)[MN],(#D-1.#d2)[MN],(B-2.#D-2.f2)[MN],(#D-1.g2)[MN],(B-2.#D-2.#g2)[MN],(#D-1.#d3)[MN],(B-2.#D-2.f3)[MN],(#D-1.g3)[MN],(B-2.#D-2.#g3)[MN],(#D-1.g3)[MN],(B-2.#D-2.f3)[MN],(#D-1.#d3)[MN],(B-2.#D-2.#g2)[MN],(#D-1.g2)[MN],(B-2.#D-2.f2)[MN],(#D-1.#d2)[MN],(B-2.#D-2.#g1)[MN],(#D-1.g1)[MN],(B-2.#D-2.f1)[MN],(#D-1.#d1)[MN],(B-2.#D-2.#g)[MN],(#D-1.g)[MN],(B-2.#D-2.f)[MN],(#D-1.#d)[MN],(#D-2.G-1)[MN],(#D-1.#d)[MN],(#D-2.#a)[MN],(#D-1.g)[MN],(#D-2.#d1)[MN],(#D-1.#a1)[MN],(#D-2.g1)[MN],(#D-1.#d2)[MN],(#D-2.#a2)[MN],(#D-1.g2)[MN],(#D-2.#d3)[MN],(#D-1.#a3)[MN],(#D-2.#d4)[MN],#D-1[MN],#D-2[MN],#D-1[MN],#D-2[MN],#D-1[MN],#D-2[MN],#D-1[MN],(#D-2.b1.#f1.#d1)[MN],#D-1[MN],#D-2[MN],#D-1[MN],(#D-2.#a1.e1.#c1)[MN],#D-1[MN],#D-2[MN],#D-1[MN],(#D-2.#g1.#d1.b)[MN],#D-1[MN],#D-2[MN],#D-1[MN],(#D-2.g1.#c1.#a)[MN],#D-1[MN],#D-2[MN],#D-1[MN],#D-2[MN],#D-1[MN],#D-2[MN],#D-1[MN],#D-2[MN],#D-1[MN],#D-2[MN],#D-1[MN],#D-2[MN],#D-1[MN],#D-2[MN],#D-1[MN],#D-2[MN],#D-1[MN],#D-2[MN],#D-1[MN],(#D-2.#g1.#d1.b)[MN],#D-1[MN],#D-2[MN],#D-1[MN],(#D-2.#f1.#c1.#a)[MN],#D-1[MN],#D-2[MN],#D-1[MN],(#D-2.e1.b.#g)[MN],#D-1[MN],#D-2[MN],#D-1[MN],(#D-2.#d1.#a.g)[MN],#D-1[MN],#D-2[MN],#D-1[MN],#D-2[MN],#D-1[MN],#D-2[MN],#D-1[MN],#D-2[MN],#D-1[MN],#D-2[MN],#D-1[MN],#D-2[MN],#D-1[MN],#D-2[MN],#D-1[MN],#D-2[MN],#D-1[MN],#D-2[MN],#D-1[MN],(#D-2.#d1.b.#f)[MN],#D-1[MN],#D-2[MN],#D-1[MN],(#D-2.#c1.#a.e)[MN],#D-1[MN],#D-2[MN],#D-1[MN],(#D-2.b.#g.#d)[MN],#D-1[MN],#D-2[MN],#D-1[MN],(#D-2.#a.g.#c)[MN],#D-1[MN],#D-2[MN],#D-1[MN],#D-2[MN],#D-1[MN],#D-2[MN],#D-1[MN],(#D-2.b.#g.#d)[MN],#D-1[MN],#D-2[MN],#D-1[MN],#D-2[MN],#D-1[MN],#D-2[MN],#D-1[MN],(#D-2.#a.#f.#c)[MN],#D-1[MN],#D-2[MN],#D-1[MN],#D-2[MN],#D-1[MN],#D-2[MN],#D-1[MN],(#D-2.#g.e.B-1)[MN],#D-1[MN],#D-2[MN],#D-1[MN],#D-2[MN],#D-1[MN],#D-2[MN],#D-1[MN],(#D-2.g.#d.#A-1)[MN],#D-1[MN],#D-2[MN],#D-1[MN],#D-2[MN],#D-1[MN],#D-2[MNO],#D-1[MN],#D-2[MN],#D-1[MN],#D-2[MN],#D-1[MNO],#D-2[MN],#D-1[MNO],#D-2[MN],#D-1[MN],#D-2[MNO],#D-1[MNO],#D-2[MN],#D-1[MNO],#D-2[MN],#D-1[MNO],#D-2[MNO],#D-1[MNO],#D-2[MN],#D-1[MNO],#D-2[MNO],#D-1[MNO],#D-2[MNO],#D-1[MNO],#D-2[MNO],#D-1[MNO],(#D-2.g.#d.#A-1)[MNO],#D-1[L],#D-2[MNO],#D-1[MNO],#D-2[L],#D-1[MNO],#D-2[MNO],#D-1[L],#D-2[L],#D-1[MNO],#D-2[L],#D-1[MNO],#D-2[L],#D-1[L],#D-2[L],#D-1[L],(#D-2.g.#d.#A-1)[L],#D-1[L],#D-2[L],#D-1[L],#D-2[L],#D-1[LO],#D-2[L],#D-1[LO],#D-2[L],#D-1[L],#D-2[LO],#D-1[LO],#D-2[L],#D-1[LO],#D-2[LO],#D-1[LO],(#f.d.A-1)[LO],(g.#A-1)[L],(#g.B-1)[LN],(#D-1.#D-2.g.#d.#A-1)[HHHHHJKLN],#d1[JK],#d1[K];"],"id":2,"instruments":["piano","piano"],"alternatives":["",""]},{"bpm":304,"baseBeats":0.75,"scores":["mute[IO],mute[IO],mute[I],mute[JKO],mute[K],mute[HN],mute[IO],mute[IO],mute[IO],mute[I],mute[IO],mute[IO],mute[JO],mute[J],mute[JO],mute[J],mute[J],mute[JO],mute[J],mute[JO],mute[J],mute[J],mute[JO],mute[J],mute[JO],mute[J],mute[J],mute[JO],mute[J],mute[JO],mute[J],mute[K],mute[KO],mute[J],mute[JO],mute[J],mute[J],mute[JO],mute[J],mute[JO],mute[J],mute[J],mute[JO],mute[J],mute[JO],mute[J],mute[JO],mute[J],mute[JO],mute[J],mute[J],mute[JO],mute[J],mute[JO],mute[J],mute[J],mute[J],mute[KLMNO],mute[KLMN],mute[KLMO],mute[KLMO],mute[KLM],mute[KLNO],mute[KLNO],mute[KLN],mute[KLO],mute[KLO],mute[KLO],mute[KMNO],mute[KL],mute[KMNO],mute[KMN],mute[KMN],mute[KMN],mute[KMO],mute[KMO],mute[KMO],mute[KM],mute[JLO],mute[JL],mute[JL],mute[KMO],mute[KM],mute[JLO],mute[JL],mute[JLO],mute[JL],mute[KMO],mute[KM],mute[KM],mute[JKLMO],mute[JL],mute[KMO],mute[KM],mute[KM],mute[JKLMO],mute[KM],5<UV>,5<UV>,5<UV>,5<UV>,5<UV>,5<UV>,5<UV>,5<UV>,5<UV>,5<UV>,5<UV>,5<UV>,5<UV>,5<UV>,5<UV>,5<UV>,5<UV>,5<UV>,5<UV>,5<UV>,5<UV>,5<UV>,5<UV>,5<UV>,5<UV>,5<UV>,5<UV>,5<UV>,5<UV>,5<UV>,5<UV>,5<UV>,5<UV>,5<UV>,5<UV>,5<UV>,5<UV>,5<UV>,5<UV>,5<UV>,5<UV>,5<UV>,5<UV>,5<UV>,5<UV>,5<UV>,5<UV>,5<UV>,5<UV>,5<UV>,5<UV>,5<UV>,5<UV>,5<UV>,5<UV>,5<UV>,5<UV>,5<UV>,5<UV>,5<UV>,5<UV>,5<UV>,5<UV>,5<UV>,5<UV>,5<UV>,5<UV>,5<UV>,5<UV>,5<UV>,5<UV>,5<UV>,5<UV>,5<UV>,5<UV>,5<UV>,5<UV>,5<UV>,5<UV>,5<UV>,5<UV>,5<UV>,5<UV>,5<UV>,5<UV>,5<UV>,5<UV>,5<UV>,5<UV>,5<UV>,5<UV>,5<UV>,5<UV>,5<UV>,5<UV>,5<UV>,5<UV>,5<UV>,5<UV>,5<UV>,5<UV>,5<UV>,5<UV>,5<UV>,5<UV>,5<UV>,5<UV>,5<UV>,5<UV>,5<UV>,5<UV>,5<UV>,5<UV>,5<UV>,5<UV>,5<UV>,5<UV>,5<UV>,5<UV>,5<UV>,5<UV>,5<UV>,5<UV>,5<UV>,5<UV>,5<UV>,5<UV>,5<UV>,5<UV>,5<UV>,5<UV>,5<UV>,5<UV>,5<UV>,5<UV>,5<UV>,5<UV>,5<UV>,5<UV>,5<UV>,5<UV>,5<UV>,5<UV>,5<UV>,5<UV>,5<UV>,5<UV>,5<UV>,5<UV>,5<UV>,5<UV>,5<UV>,5<UV>,5<UV>,5<UV>,5<UV>,5<UV>,5<UV>,5<UV>,5<UV>,5<UV>,5<UV>,5<UV>,5<UV>,5<UV>,5<UV>,5<UV>,5<UV>,5<UV>,5<UV>,5<UV>,5<UV>,5<UV>,5<UV>,5<UV>,5<UV>,5<UV>,5<UV>,5<UV>,5<UV>,5<UV>,5<UV>,5<UV>,5<UV>,5<UV>,5<UV>,5<UV>,5<UV>,5<UV>,5<UV>,5<UV>,5<UV>,5<UV>,5<UV>,5<UV>,5<UV>,5<UV>,mute[LM],mute[LM],mute[LM],mute[LM],mute[LM],mute[LM],mute[LM],mute[LMN],5<UV>,5<UV>,5<UV>,5<UV>,5<UV>,5<UV>,5<UV>,5<UV>,5<UV>,5<UV>,5<UV>,5<UV>,5<UV>,5<UV>,5<UV>,5<UV>,5<UV>,5<UV>,5<UV>,5<UV>,5<UV>,5<UV>,5<UV>,5<UV>,5<UV>,5<UV>,5<UV>,5<UV>,5<UV>,5<UV>,5<UV>,5<UV>,5<UV>,5<UV>,5<UV>,5<UV>,5<UV>,5<UV>,5<UV>,5<UV>,5<UV>,5<UV>,5<UV>,5<UV>,5<UV>,5<UV>,5<UV>,5<UV>,5<UV>,5<UV>,5<UV>,5<UV>,5<UV>,5<UV>,5<UV>,5<UV>,5<UV>,5<UV>,5<UV>,5<UV>,5<UV>,5<UV>,5<UV>,5<UV>,5<UV>,5<UV>,5<UV>,5<UV>,5<UV>,5<UV>,5<UV>,5<UV>,5<UV>,5<UV>,5<UV>,5<UV>,5<UV>,5<UV>,5<UV>,5<UV>,5<UV>,5<UV>,5<UV>,5<UV>,5<UV>,5<UV>,5<UV>,5<UV>,5<UV>,5<UV>,5<UV>,5<UV>,5<UV>,5<UV>,5<UV>,5<UV>,5<UV>,5<UV>,5<UV>,5<UV>,5<UV>,5<UV>,5<UV>,5<UV>,5<UV>,5<UV>,5<UV>,5<UV>,5<UV>,5<UV>,5<UV>,5<UV>,5<UV>,5<UV>,5<UV>,5<UV>,5<UV>,5<UV>,5<UV>,5<UV>,5<UV>,5<UV>,5<UV>,5<UV>,5<UV>,5<UV>,5<UV>,5<UV>,5<UV>,5<UV>,5<UV>,5<UV>,5<UV>,5<UV>,5<UV>,5<UV>,5<UV>,5<UV>,5<UV>,5<UV>,5<UV>,5<UV>,5<UV>,5<UV>,5<UV>,5<UV>,5<UV>,5<UV>,5<UV>,5<UV>,5<UV>,5<UV>,5<UV>,5<UV>,5<UV>,5<UV>,5<UV>,5<UV>,5<UV>,5<UV>,5<UV>,5<UV>,5<UV>,5<UV>,5<UV>,5<UV>,5<UV>,5<UV>,5<UV>,5<UV>,5<UV>,5<UV>,5<UV>,5<UV>,5<UV>,5<UV>,5<UV>,5<UV>,5<UV>,5<UV>,5<UV>,5<UV>,5<UV>,5<UV>,5<UV>,5<UV>,5<UV>,5<UV>,5<UV>,5<UV>,5<UV>,5<UV>,5<UV>,5<UV>,5<UV>,5<UV>,5<UV>,5<UV>,5<UV>,5<UV>,5<UV>,5<UV>,5<UV>,5<UV>,5<UV>,5<UV>,5<UV>,5<UV>,5<UV>,5<UV>,5<UV>,5<UV>,5<UV>,5<UV>,5<UV>,5<UV>,5<UV>,5<UV>,5<UV>,5<UV>,5<UV>,5<UV>,5<UV>,5<UV>,5<UV>,5<UV>,5<UV>,5<UV>,5<UV>,5<UV>,5<UV>,5<UV>,5<UV>,5<UV>,5<UV>,5<UV>,5<UV>,5<UV>,5<UV>,5<UV>,5<UV>,5<UV>,5<UV>,5<UV>,5<UV>,5<UV>,5<UV>,5<UV>,5<UV>,5<UV>,5<UV>,5<UV>,5<UV>,5<UV>,5<UV>,5<UV>,5<UV>,5<UV>,5<UV>,5<UV>,5<UV>,5<UV>,5<UV>,5<UV>,5<UV>,5<UV>,5<UV>,5<UV>,5<UV>,5<UV>,5<UV>,5<UV>,5<UV>,5<UV>,5<UV>,5<UV>,5<UV>,5<UV>,5<UV>,5<UV>,5<UV>,5<UV>,5<UV>,5<UV>,5<UV>,5<UV>,5<UV>,5<UV>,5<UV>,5<UV>,5<UV>,5<UV>,5<UV>,5<UV>,5<UV>,5<UV>,5<UV>,5<UV>,5<UV>,5<UV>,5<UV>,5<UV>,5<UV>,5<UV>,5<UV>,5<UV>,5<UV>,5<UV>,5<UV>,5<UV>,5<UV>,5<UV>,5<UV>,5<UV>,5<UV>,5<UV>,5<UV>,5<UV>,5<UV>,5<UV>,5<UV>,5<UV>,5<UV>,5<UV>,5<UV>,5<UV>,5<UV>,5<UV>,5<UV>,5<UV>,5<UV>,5<UV>,5<UV>,5<UV>,5<UV>,5<UV>,5<UV>,5<UV>,5<UV>,5<UV>,5<UV>,5<UV>,5<UV>,5<UV>,5<UV>,5<UV>,5<UV>,5<UV>,5<UV>,5<UV>,5<UV>,5<UV>,5<UV>,5<UV>,5<UV>,5<UV>,5<UV>,5<UV>,5<UV>,5<UV>,5<UV>,5<UV>,5<UV>,5<UV>,5<UV>,5<UV>,5<UV>,5<UV>,5<UV>,5<UV>,5<UV>,5<UV>,5<UV>,5<UV>,5<UV>,5<UV>,5<UV>,5<UV>,5<UV>,5<UV>,5<UV>,5<UV>,5<UV>,5<UV>,5<UV>,5<UV>,5<UV>,5<UV>,5<UV>,5<UV>,5<UV>,5<UV>,5<UV>,5<UV>,5<UV>,5<UV>,5<UV>,5<UV>,5<UV>,5<UV>,5<UV>,5<UV>,5<UV>,5<UV>,5<UV>,5<UV>,5<UV>,5<UV>,5<UV>,5<UV>,5<UV>,5<UV>,5<UV>,5<UV>,5<UV>,5<UV>,5<UV>,5<UV>,5<UV>,5<UV>,5<UV>,5<UV>,5<UV>,5<UV>,5<UV>,5<UV>,5<UV>,5<UV>,5<UV>,5<UV>,5<UV>,5<UV>,5<UV>,5<UV>,5<UV>,5<UV>,5<UV>,5<UV>,5<UV>,5<UV>,5<UV>,5<UV>,5<UV>,5<UV>,5<UV>,5<UV>,5<UV>,5<UV>,5<UV>,5<UV>,5<UV>,5<UV>,5<UV>,5<UV>,5<UV>,5<UV>,5<UV>,5<UV>,5<UV>,5<UV>,5<UV>,5<UV>,5<UV>,5<UV>,5<UV>,5<UV>,5<UV>,5<UV>,5<UV>,5<UV>,5<UV>,5<UV>,5<UV>,5<UV>,5<UV>,5<UV>,5<UV>,5<UV>,5<UV>,5<UV>,5<UV>,5<UV>,5<UV>,5<UV>,5<UV>,5<UV>,5<UV>,5<UV>,5<UV>,5<UV>,5<UV>,5<UV>,5<UV>,5<UV>,5<UV>,5<UV>,5<UV>,5<UV>,5<UV>,5<UV>,5<UV>,5<UV>,5<UV>,5<UV>,5<UV>,5<UV>,5<UV>,5<UV>,5<UV>,5<UV>,5<UV>,5<UV>,5<UV>,5<UV>,5<UV>,5<UV>,5<UV>,5<UV>,5<UV>,5<UV>,5<UV>,5<UV>,mute[LM],mute[LM],mute[LM],mute[LM],mute[LM],mute[LM],mute[LM],mute[LM],mute[LM],mute[LM],mute[LM],mute[LM],mute[LM],mute[LM],mute[LM],mute[LM],mute[LM],mute[LM],mute[LM],mute[LM],mute[LM],mute[LM],5<UV>,5<UV>,5<UV>,5<UV>,5<UV>,5<UV>,5<UV>,5<UV>,5<UV>,5<UV>,5<UV>,5<UV>,5<UV>,5<UV>,5<UV>,5<UV>,5<UV>,5<UV>,5<UV>,5<UV>,5<UV>,5<UV>,5<UV>,5<UV>,5<UV>,5<UV>,5<UV>,5<UV>,5<UV>,5<UV>,5<UV>,5<UV>,5<UV>,5<UV>,5<UV>,5<UV>,5<UV>,5<UV>,5<UV>,5<UV>,5<UV>,5<UV>,5<UV>,5<UV>,5<UV>,5<UV>,5<UV>,5<UV>,5<UV>,5<UV>,5<UV>,5<UV>,5<UV>,5<UV>,5<UV>,5<UV>,5<UV>,5<UV>,5<UV>,5<UV>,5<UV>,5<UV>,5<UV>,5<UV>,5<UV>,5<UV>,5<UV>,5<UV>,5<UV>,5<UV>,5<UV>,5<UV>,5<UV>,5<UV>,5<UV>,5<UV>,5<UV>,5<UV>,5<UV>,5<UV>,5<UV>,5<UV>,5<UV>,5<UV>,5<UV>,5<UV>,5<UV>,5<UV>,5<UV>,5<UV>,5<UV>,5<UV>,5<UV>,5<UV>,5<UV>,5<UV>,5<UV>,5<UV>,5<UV>,5<UV>,5<UV>,5<UV>,5<UV>,5<UV>,5<UV>,5<UV>,5<UV>,5<UV>,5<UV>,5<UV>,5<UV>,5<UV>,5<UV>,5<UV>,5<UV>,5<UV>,5<UV>,5<UV>,5<UV>,5<UV>,5<UV>,5<UV>,5<UV>,5<UV>,5<UV>,5<UV>,5<UV>,5<UV>,5<UV>,5<UV>,5<UV>,5<UV>,5<UV>,5<UV>,5<UV>,5<UV>,5<UV>,5<UV>,5<UV>,5<UV>,5<UV>,5<UV>,5<UV>,5<UV>,5<UV>,5<UV>,5<UV>,5<UV>,5<UV>,5<UV>,5<UV>,5<UV>,5<UV>,5<UV>,5<UV>,5<UV>,5<UV>,5<UV>,5<UV>,5<UV>,5<UV>,5<UV>,5<UV>,5<UV>,5<UV>,5<UV>,5<UV>,5<UV>,5<UV>,5<UV>,5<UV>,5<UV>,5<UV>,5<UV>,5<UV>,5<UV>,5<UV>,5<UV>,5<UV>,5<UV>,5<UV>,5<UV>,5<UV>,5<UV>,5<UV>,5<UV>,5<UV>,5<UV>,5<UV>,5<UV>,5<UV>,5<UV>,5<UV>,5<UV>,5<UV>,5<UV>,5<UV>,5<UV>,5<UV>,5<UV>,5<UV>,5<UV>,5<UV>,5<UV>,5<UV>,5<UV>,5<UV>,5<UV>,5<UV>,5<UV>,5<UV>,5<UV>,5<UV>,5<UV>,5<UV>,5<UV>,5<UV>,5<UV>,5<UV>,5<UV>,5<UV>,5<UV>,5<UV>,5<UV>,5<UV>,5<UV>,5<UV>,5<UV>,5<UV>,5<UV>,5<UV>,5<UV>,5<UV>,5<UV>,5<UV>,5<UV>,5<UV>,5<UV>,5<UV>,5<UV>,5<UV>,5<UV>,5<UV>,5<UV>,5<UV>,5<UV>,5<UV>,5<UV>,5<UV>,5<UV>,5<UV>,5<UV>,5<UV>,5<UV>,5<UV>,5<UV>,5<UV>,5<UV>,5<UV>,5<UV>,5<UV>,5<UV>,5<UV>,5<UV>,5<UV>,5<UV>,5<UV>,5<UV>,5<UV>,5<UV>,5<UV>,5<UV>,5<UV>,5<UV>,5<UV>,5<UV>,5<UV>,5<UV>,5<UV>,5<UV>,5<UV>,5<UV>,5<UV>,5<UV>,5<UV>,5<UV>,5<UV>,5<UV>,5<UV>,5<UV>,5<UV>,5<UV>,5<UV>,5<UV>,5<UV>,5<UV>,5<UV>,5<UV>,5<UV>,5<UV>,5<UV>,5<UV>,5<UV>,5<UV>,5<UV>,5<UV>,5<UV>,5<UV>,5<UV>,5<UV>,5<UV>,5<UV>,5<UV>,5<UV>,5<UV>,5<UV>,5<UV>,5<UV>,5<UV>,5<UV>,5<UV>,5<UV>,5<UV>,5<UV>,5<UV>,5<UV>,5<UV>,5<UV>,5<UV>,5<UV>,5<UV>,5<UV>,mute[LM],mute[LM],mute[LM],mute[LM],mute[LM],mute[LM],mute[LM],mute[LM],mute[LM],mute[KMN],mute[HKLN],mute[KLMNO],mute[KLMN],mute[KLMNO],mute[KLMNO],mute[KLMNO],mute[KLMNO],mute[KLMN],mute[JLO],mute[JLO],mute[JLN],mute[HJKL],mute[JKLMN],mute[JKLMO],mute[JKLMN],mute[JKLMO],mute[JKLMN],mute[HIJKMN],mute[KLM],mute[KLMO],mute[KLMN],mute[KLMNO],mute[J],mute[JO],mute[JN],mute[JM],mute[JM],mute[JM],mute[JM],mute[JM],mute[LM],mute[LM],mute[LM],mute[LM],mute[LM],mute[LM],mute[LM],mute[LM],mute[LM],mute[LM],mute[LM],mute[LM],mute[KO],mute[K],mute[KO],mute[KN],mute[KNO],mute[KNO],mute[KNO],mute[KM],mute[KNO],mute[KNO],mute[KNO],mute[JMN],mute[HHH],ST;","#d1[IO],(g.#A-1)[IO],(#g.B-1)[I],(c.#d1.a)[JKO],#d1[K],(b.#d.#d1)[HN],(#a.d)[IO],#d1[IO],(#f.A-1)[IO],#d1[I],(g.#A-1)[IO],#d1[IO],(#G-1.d1)[JO],#d[J],(b.#g.#d1)[JO],#d[J],#A-1[J],#d[JO],(#d1.#c1.g)[J],#d[JO],(B-1.d1)[J],(#d1.#d)[J],(b.#g.#g1)[JO],#d[J],#C-1[JO],(#G-1.e1)[J],(e.#A-1.#c1)[J],(#a.#G-1)[JO],(#D-1.#g)[J],B-1[JO],(#d.#g)[J],B-1[K],#g[KO],(#D-1.#g)[J],#d[JO],(g.#c.#a)[J],#d[J],(#G-1.#a)[JO],#d[J],(g.#c)[JO],#d[J],(#G-1.b)[J],#d[JO],(#g.B-1.#d1)[J],#d[JO],(#G-1.d1)[J],#d[JO],(#d1.b.#g.#d2)[J],#d[JO],(#A-1.d2)[J],#d[J],(#d1.#c1.g.#d2)[JO],#d[J],(B-1.d1)[JO],(#d.#d1.#d2)[J],(#d1.#g.#g1.d2)[J],(#d.#d2)[J],(#c.#g2)[KLMNO],(e1.#c1.a.e2.#c2.a1)[KLMN],(#c1.a.e.#c2.a1.e1)[KLMO],(a.e.#c.a1.e1.#c1)[KLMO],(e.#c.A-1.e1.#c1.a)[KLM],(a.e.#c.a1.e1.#c1)[KLNO],(#c1.a.e.#c2.a1.e1)[KLNO],(e1.#c1.a.e2.#c2.a1)[KLN],(a1.e1.#c1.a2.e2.#c2)[KLO],(#c2.a1.e1.#c3.a2.e2)[KLO],(e2.#c2.a1.e3.#c3.a2)[KLO],(e2.#c2.#g1.e3.#c3.#g2)[KMNO],(e2.#a1.g1.e3.#a2.g2)[KL],(#d2.#a1.g1.#d3.#a2.g2)[KMNO],(d2.#a1.g1.d3.#a2.g2)[KMN],(#d2.#a1.g1.#d3.#a2.g2)[KMN],(d2.#a1.g1.f3.#a2.g2)[KMN],(g2.#d2.#a1.g1.g3.#a2)[KMO],(#d2.#a1.f1.#g3.#d3.#g2)[KMO],(#d2.#a1.#d1.#a3.#d3.#a2)[KMO],(#d2.#g1.#d1.#a3.#d3.#a2)[KM],(#d2.b1.#g1.b3.#d3.b2)[JLO],(#d2.b1.#d1.#g3.b2.#g2)[JL],(b1.#g1.b.#d3.#g2.#d2)[JL],(#g1.#d1.#g.b2.#d2.b1)[KMO],(b1.#g1.b.#d3.#g2.#d2)[KM],(#c2.#g1.#c1.e3.#g2.e2)[JLO],(#g1.e1.#g.#c3.e2.#c2)[JL],(e1.a.e.a2.#c2.a1)[JLO],(#c1.a.#c.e2.a1.e1)[JL],(#d1.c1.#g.#d.#d2.#g1)[KMO],(c1.#g.#d.d2.#g1.#d1)[KM],(#d1.c1.#g.#d.#d2.#g1)[KM],(#d1.b.#g.#d.e2.#g1)[JKLMO],(#d1.b.#g.#d.#d2.#g1)[JL],(#d1.#a.#g.#d.#d2.#a1.#g1)[KMO],(d1.#a.#g.#d.d2.#a1.#g1)[KM],(#d1.#a.#g.#d.#d2.#a1.#g1)[KM],(#c1.g.#d.e2.#a1.g1.e1)[JKLMO],(#d1.#c1.g.#d.#d2.#a1.g1)[KM],(#G-1.#g2.#g1)[MNO],#d[MNO],B-1[MNO],#g[MN],#d[MNO],b[MNO],(#G-1.b2.b1)[MN],#d[MNO],B-1[MNO],#g[MNO],#d[MNO],b[MN],(#G-1.#a2.#a1)[MNO],e[MNO],#c[MN],#a[MNO],e[MNO],#c1[MNO],(#G-1.e3.e2)[MNO],e[MN],#c[MNO],#a[MNO],e[MN],#c1[MNO],(G-1.e3.e2)[MNO],#d[MNO],#c[MNO],#a[MN],#d[MNO],#c1[MNO],(G-1.#d3.#d2)[MN],#d[MNO],#c[MNO],#a[MNO],#d[NO],(d3.d2)[M],#c1[MN],(#G-1.e3.e2)[MNO],#d[MNO],B-1[MNO],#g[MN],#d[MNO],b[MNO],(#G-1.#d3.#d2)[MNO],#d[MN],B-1[MNO],#g[MNO],#d[MNO],b[MNO],(e.#g3.#g2)[MN],b[MNO],#g[MNO],e1[MN],b[MNO],#g1[MNO],(e.b2.b1)[MNO],b[MNO],#g[MN],e1[MNO],b[MNO],#g1[MN],(#c.e3.e2)[MNO],#a[MNO],#g[MNO],e1[MNO],#a[MN],#g[MNO],(#c.#a2.#a1)[MNO],#a[MN],#g[MNO],e1[MNO],#a[M],(#g1.#g2)[NO],#g[MNO],(#d.g2.g1)[MN],#c1[MNO],#a[MNO],#d1[MN],#c1[MNO],#a[MNO],(#d.#g2.#g1)[MNO],#c1[MNO],#a[MN],#d1[MNO],#c1[NO],(#a1.#a2)[M],#a[MNO],(#G-1.#a2.#a1)[MN],g[MNO],#d[MNO],#c1[MNO],g[MN],#d[MNO],(#G-1.b2.b1)[MNO],#g[MNO],#d[MNO],b[MN],#g[MNO],#d[MNO],(#g1.#g.#g2)[MN],#d[MNO],B-1[MNO],#G-1[MNO],B-1[MNO],#d[MN],(b1.b.b2)[MNO],#d[MNO],B-1[MN],#G-1[MNO],B-1[MNO],#d[MNO],(#a1.#a.#a2)[MNO],e[MN],#c[MNO],#G-1[MNO],#c[MN],e[MNO],(e2.e1.e3)[MNO],e[MNO],#c[MNO],#G-1[MN],#c[MNO],e[MNO],(g1.g3.g2)[MN],#c1[MNO],#a[MNO],#g[MNO],(#a.e3.e2)[MNO],#c1[MN],(g1.e3.e2)[MNO],#c1[MNO],(#a.#d3.#d2)[MNO],#g[MN],(#a.d3.d2)[MNO],#c1[MNO],(e2.#g1.e3)[MNO],#d1[MN],b[MNO],#g[MNO],b[MNO],#d1[MNO],(#g1.#d3.#d2)[MN],#d1[MNO],b[MNO],#g[MN],b[MNO],#d1[MNO],(e.#g3.#g2)[MNO],b[MNO],#g[MN],e1[MNO],b[MNO],#g1[MN],(e.b2.b1)[MNO],b[MNO],#g[MNO],e1[MNO],b[MN],#g1[MNO],(#c.e3.e2)[MNO],#a[MN],#g[MNO],e1[MNO],#a[MNO],#g[MNO],(#c.#a2.#a1)[MN],#a[MNO],#g[MNO],e1[MN],#a[M],(#g1.#g2)[NO],#g[MNO],(#d.g2.g1)[MNO],#c1[MNO],#a[MN],#d1[MNO],#c1[MNO],#a[MNO],(#d.#g2.#g1)[MN],#c1[MNO],#a[MNO],#d1[MNO],#c1[NO],(#a1.#a2)[NO],#a[MNO],(#G-1.#a2.#a1)[MNO],g[MNO],#d[MNO],#c1[MN],g[MNO],#d[MNO],(#G-1.b2.b1)[MN],#g[MNO],#d[MNO],b[MNO],#g[MNO],#d[MN],(E-1.b3.b2)[MNO],B-1[MNO],e[MN],(#g.b2.b1)[MNO],b[MNO],e1[MNO],(#g1.#c3.#c2)[MNO],e1[MN],b[MNO],(#g.#d3.#d2)[MNO],e[MN],B-1[MNO],(#C-1.e3.e2)[MNO],#G-1[MNO],#A-1[MNO],(e.#a2.#a1)[MN],#g[MNO],#a[MNO],e1[MN],#a[MNO],#g[MNO],(e.#g2.#g1)[MNO],#A-1[MNO],#G-1[MN],(#D-1.g2.g1)[MNO],#A-1[MNO],#c[MNO],(#d.g2.g1)[MN],#a[MNO],#c1[MNO],(#d1.#g2.#g1)[MNO],#c1[MN],#a[MNO],(#d.#a2.#a1)[MNO],#c[MNO],#D-1[MNO],(#G-1.#a2.#a1)[MN],#c[MNO],#d[MNO],g[MN],#c1[MNO],#d1[MNO],(#g1.b2.b1)[MNO],#d1[MNO],b[MN],#g[MNO],#d[MNO],#G-1[MN],(B-2.#d4.#d3)[MNO],B-1[MNO],(#d.b2.b1)[MNO],#f[MNO],(b.c3.c2)[MN],#d1[MNO],(#c3.#c2.#f1)[MNO],#d1[MN],(b.d3.d2)[MNO],#f[MNO],(#d.#d3.#d2)[MNO],B-1[MNO],(#C-1.e3.e2)[MN],#c[MNO],e[MNO],(a.a2.a1)[MN],#c1[MNO],e1[MNO],#c1[MNO],e1[MNO],#c1[MN],(a.#g2.#g1)[MNO],e[MNO],#c[MNO],(#D-1.g2.g1)[MN],#A-1[MNO],#c[MNO],(#d.#d2.#d1)[MNO],#a[MN],#c1[MNO],(#d1.#d2.e1)[MNO],#c1[MNO],#a[MNO],(#d.#d2.#d1)[MN],#c[MNO],#A-1[MNO],(#D-1.#d2.f1.#d1)[MN],#A-1[MNO],#c[MNO],(#d.#d2.#f1.#d1)[MNO],#a[MNO],#c1[MN],(#d1.#d2.g1)[MNO],#c1[MNO],#a[MN],(#d.#d2.#f1.#d1)[MNO],#c[MNO],#A-1[MNO],(#D-1.#d2.g1.#d1)[MNO],#A-1[MN],#c[MNO],(#d.#d2.#g1.#d1)[MNO],#a[MN],#c1[MNO],(#d1.#d2.a1)[MNO],#c1[MNO],#a[MNO],(#d.#d2.#g1.#d1)[MN],#c[MNO],#A-1[MNO],(#D-1.#d2.a1.#d1)[MN],#A-1[MNO],#c[MNO],(#d.#d2.#a1.#d1)[MNO],#a[MNO],#c1[MN],(#d1.#d2.b1)[MNO],#c1[MNO],#a[MNO],(#d.#d2.#a1.#d1)[MN],#c[MNO],#A-1[MNO],(#D-1.#d2.b1.#d1)[MNO],#A-1[MN],#c[MNO],(#d.#d2.c2.#d1)[MNO],#a[MNO],#c1[MNO],(#d1.#d2.#c2)[MN],#c1[MNO],#a[MNO],(#d.#d2.c2.#d1)[MN],#c[MNO],#A-1[MNO],(#D-1.#d2.#c2.#d1)[MNO],#A-1[MNO],#c[MN],(#d.#d2.d2.#d1)[MNO],#a[MNO],#c1[MN],(#d2.#d1)[MNO],#c1[MNO],#a[MNO],(#d2.#d1.#d)[MNO],#c[MN],#A-1[MNO],(#D-1.#d2.#d1)[MNO],#A-1[MNO],#c[MNO],#d[MN],#a[M],(#d2.#d1)[M],#c1[MNO],#d1[MNO],#c1[L],#a[L],(#d2.#d1.#d)[MNO],#c[L],#A-1[L],#D-1[L],#A-1[M],(#d2.#d1)[M],#c[LO],#d[L],#a[LO],#c1[LO],(#d1.#d2)[L],#c1[LN],#a[L],#d[LO],#c[LO],#A-1[LO],d2[L],(#g1.#d1)[L],#G-1[L],(c1.#g.#d)[L],#d2[L],(#g1.#d1)[L],#G-1[L],(c1.#g.#d)[L],d2[L],(g1.#d1)[L],#A-1[L],(#c1.g.#d)[L],#d2[L],(g1.#d1)[L],#A-1[L],(#c1.g.#d)[L],#g2[L],(c2.#g1)[L],c[L],(c1.#g.#d)[L],f2[L],(#g1.f1)[L],#c[L],(#c1.#g.f)[L],#c2[L],(a1.f1)[L],#c[L],(#c1.a.f)[L],#a1[L],f1[L],#c[L],(#c1.#a.f)[L],#g1[L],#d1[L],#d[L],(c1.#g)[L],a1[L],#d1[L],#d[L],(c1.#f)[L],#a1[L],#d1[L],#d[L],(#c1.g)[L],b1[L],#d1[L],#d[L],(#c1.g)[L],b1[L],#d1[L],#G-1[L],(#c1.g.#d)[L],b1[L],#d1[L],#G-1[L],(#c1.g.#d)[L],c2[L],#d1[L],#G-1[L],(c1.#g.#d)[L],#d2[L],#d1[L],#G-1[L],(c1.#g.#d)[L],d2[L],(#g1.#d1)[L],#G-1[L],(c1.#g.#d)[L],#d2[L],(#g1.#d1)[L],#G-1[L],(c1.#g.#d)[L],d2[L],(g1.#d1)[L],#A-1[L],(#c1.g.#d)[L],#d2[L],(g1.#d1)[L],#A-1[L],(#c1.g.#d)[L],c3[L],(#d2.c2)[L],c[L],(c1.#g.#d)[L],#g2[L],(c2.#g1)[L],c[L],(c1.#g.e)[L],f2[L],(a1.f1)[L],#c[L],(c1.a.f)[L],#c2[L],(#a1.f1)[L],#c[L],(#c1.#a.f)[L],c2[L],#g1[L],#d[L],(#d1.c1.#g)[L],b1[L],#g1[L],#d[L],(d1.b.#g)[L],#a1[L],#g1[L],#d[L],(#c1.#a.#g)[L],#d2[L],(g1.#d1)[L],#d[L],(#c1.#a)[L],#g1[L],(#d1.c1)[L],#G-1[L],(#g.#d)[L],g1[L],(#d1.c1)[L],#G-1[L],(#g.#d)[L],#g1[L],(#d1.c1)[L],#G-1[L],(#g.#d)[L],#a1[L],(#d1.c1)[L],#G-1[L],(#g.#d)[L],c2[L],(g1.e1)[L],c[L],(g.e)[L],#c2[L],(#g1.f1)[L],c[L],(#g.f)[L],#d2[L],(#a1.g1)[L],c[L],(#a.g)[L],#c2[L],(#g1.f1)[L],c[L],(#g.f)[L],c2[L],(g1.e1)[L],c[L],(g.e)[L],#c2[L],(#g1.f1)[L],c[L],(#g.f)[L],#d2[L],(#a1.g1)[L],c[L],(#a.g)[L],#c2[L],(#g1.f1)[L],c[L],(#g.f)[L],c2[L],(g1.e1)[L],c[L],(g.e)[L],#a1[L],(g1.e1)[L],c[L],(g.e)[L],#g1[L],(f1.c1)[L],c[L],(#g.f)[L],#a1[L],(f1.#c1)[L],c[L],(f.#c)[L],g1[L],(e1.c1)[L],c[L],(g.e)[L],c2[L],(g1.e1)[L],c[L],(g.e)[L],c2[L],(g1.e1)[L],c[L],(g.e)[L],c2[L],(g1.e1)[L],c[L],(g.e)[L],c2[L],(g1.e1)[L],c[L],(g.e)[L],#c2[L],(#g1.f1)[L],c[L],(#g.f)[L],#d2[L],(#a1.g1)[L],c[L],(#a.g)[L],f2[L],(c2.#g1)[L],c[L],(#g.f)[L],g2[L],(#c2.#a1)[L],c[L],(g.e)[L],f2[L],(c2.#g1)[L],c[L],(#g.f)[L],#d2[L],(#a1.g1)[L],c[L],(#a.g)[L],#c2[L],(#g1.f1)[L],c[L],(#g.f)[L],c2[L],(g1.e1)[L],c[L],(g.e)[L],#a1[L],(g1.e1)[L],c[L],(g.e)[L],#g1[L],(f1.c1)[L],c[L],(#g.f)[L],#a1[L],(f1.#c1)[L],c[L],(f.#c)[L],g1[L],(e1.c1)[L],c[L],(g.e)[L],c2[L],(g1.e1)[L],c[L],(g.e)[L],#c2[L],(g1.e1)[L],c[L],(g.e)[L],d2[L],(g1.e1)[L],c[L],(g.e)[L],d2[L],(#g1.#d1)[L],#G-1[L],(c1.#g.#d)[L],#d2[L],(#g1.#d1)[L],#G-1[L],(c1.#g.#d)[L],d2[L],(g1.#d1)[L],#A-1[L],(#c1.g.#d)[L],#d2[L],(g1.#d1)[L],#A-1[L],(#c1.g.#d)[L],#g2[L],(c2.#g1)[L],c[L],(c1.#g.#d)[L],f2[L],(#g1.f1)[L],#c[L],(#c1.#g.f)[L],#c2[L],(a1.f1)[L],#c[L],(#c1.a.f)[L],#a1[L],f1[L],#c[L],(#c1.#a.f)[L],#g1[L],#d1[L],#d[L],(c1.#g)[L],a1[L],#d1[L],#d[L],(c1.#f)[L],#a1[L],#d1[L],#d[L],(#c1.g)[L],b1[L],#d1[L],#d[L],(#c1.g)[L],b1[L],#d1[L],#G-1[L],(#c1.g.#d)[L],b1[L],#d1[L],#G-1[L],(#c1.g.#d)[L],c2[L],#d1[L],#G-1[L],(c1.#g.#d)[L],#d2[L],(#g1.#d1)[L],#G-1[L],(c1.#g)[L],d2[L],(#g1.d1)[L],B-1[L],(b.#g)[L],#d2[L],(#g1.#d1)[L],c[L],(c1.#g)[L],d2[L],(#g1.d1)[L],B-1[L],(b.#g)[L],#d2[L],(#g1.#d1)[L],c[L],(c1.#g)[L],d2[L],(#g1.#c1)[L],B-1[L],(b.#g)[L],#d2[L],(#g1.#d1)[L],c[L],(c1.#g)[L],e2[L],(#g1.e1)[L],#c[L],(#c1.#g)[L],e2[L],(#g1.e1)[L],#c[L],(#c1.#g)[L],#d2[L],(#g1.#d1)[L],c[L],(c1.#g)[L],e2[L],(#g1.e1)[L],#c[L],(#c1.#g)[L],g2[L],(#c2.#a1.g1)[L],e[L],(e1.#c1.#a)[L],g2[L],(#c2.#a1.g1)[L],e[L],(e1.#c1.#a)[L],#f2[L],(#c2.#a1.#f1)[L],#d[L],(#d1.#c1.#a)[L],g2[L],(#c2.#a1.g1)[L],e[L],(e1.#c1.#a)[L],#a2[L],(e2.#c2.#a1)[L],g[L],(g1.e1.#c1)[L],#a2[L],(e2.#c2.#a1)[L],g[L],(g1.e1.#c1)[L],a2[L],(e2.#c2.a1)[L],#f[L],(#f1.e1.#c1)[L],#a2[L],(e2.#c2.#a1)[L],g[L],(g1.e1.#c1)[L],#c3[L],(g2.e2.#c2)[L],#a[L],(#a1.g1.e1)[L],e3[L],(#a2.g2.e2)[L],#c1[L],(#c2.#a1.g1)[L],g3[L],(#c3.#a2.g2)[L],e1[L],(e2.#c2.#a1)[L],#a3[L],(e3.#c3.#a2)[L],g1[L],(g2.e2.#c2)[L],#c4[L],(g3.e3.#c3)[L],#a1[L],(#a2.g2.e2)[L],e4[L],(#a3.g3.e3)[L],#c2[L],(#c3.#a2.g2)[L],#d4[L],(a3.#f3.#d3)[L],c2[L],(c3.a2.#f2)[L],c4[L],(#f3.#d3.c3)[L],a1[L],(a2.#f2.#d2)[L],a3[L],(#d3.c3.a2)[L],#f1[L],(#f2.#d2.c2)[L],#f3[L],(c3.a2.#f2)[L],#d1[L],(#d2.c2.a1)[L],#d3[L],(a2.#f2.#d2)[L],c1[L],(c2.a1.#f1)[L],c3[L],(#f2.#d2.c2)[L],a[L],(a1.#f1.#d1)[L],b2[L],(f2.d2.b1)[L],#g[L],(#g1.f1.d1)[L],d3[L],(a2.f2.d2)[L],b[L],(b1.#g1.f1)[L],f3[L],(b2.#g2.f2)[L],d1[L],(d2.b1.#g1)[L],#g3[L],(d3.b2.#g2)[L],f1[L],(f2.d2.b1)[L],b3[L],(f3.d3.b2)[L],#g1[L],(#g2.f2.d2)[L],d4[L],(#g3.f3.d3)[L],b1[L],(b2.#g2.f2)[L],(c5.#c4)[L],(g4.e4.#c4)[L],#a1[L],(#a2.g2.e2)[L],(#a4.#a3)[L],(e4.#c4.#a3)[L],g1[L],(g2.e2.#c2)[L],(g4.g3)[L],(#c4.#a3.g3)[L],e1[L],(e2.#c2.#a1)[L],(e4.e3)[L],(#a3.g3.e3)[L],#c1[L],(#c2.#a1.g1)[L],#c3[L],(g2.#d2.#c2)[L],#a[L],(#a1.g1.e1)[L],#a2[L],(#d2.#c2.#a1)[L],g[L],(g1.e1.#c1)[L],#a2[L],(#d2.#c2.#a1)[L],#f[L],(#f1.#c1.#a)[L],#a2[L],(f2.#c2.#a1)[L],f[L],(f1.#c1.#a)[L],#a2[L],(#f2.#c2.#a1)[L],e[L],(e1.#c1.#a)[L],#a2[L],(f2.#c2.#a1)[L],f[L],(f1.#c1.#a)[L],#a2[L],(e2.#c2.#a1)[L],#f[L],(#f1.#c1.#a)[L],#a2[L],(f2.#c2.#a1)[L],f[L],(f1.#c1.#a)[L],#a2[L],(#f2.#c2.#a1)[L],e[L],(e1.#c1.#a)[L],#a2[L],(f2.#c2.#a1)[L],f[L],(f1.#c1.#a)[L],#a2[L],(e2.#c2.#a1)[L],#f[L],(#f1.#c1.#a)[L],#a2[L],(#f2.#c2.#a1)[L],e[L],(e1.#c1.#a)[L],#a2[L],(d2.#a1)[L],f[L],(f1.d1.#a)[L],a2[L],(d2.#a1)[L],f[L],(f1.d1.#a)[L],g2[L],(d2.#a1)[L],f[L],(f1.d1.#a)[L],f2[L],(d2.#a1)[L],f[L],(f1.d1.#a)[L],e2[L],(c2.a1)[L],f[L],(f1.#d1.c1)[L],f2[L],(c2.a1)[L],f[L],(f1.#d1.c1)[L],g2[L],(c2.a1)[L],f[L],(f1.#d1.c1)[L],f2[L],(c2.a1)[L],f[L],(f1.#d1.c1)[L],a2[L],(#c2.a1)[L],e[L],(e1.#c1.a)[L],#g2[L],(#c2.a1)[L],e[L],(e1.#c1.a)[L],#f2[L],(#c2.a1)[L],e[L],(e1.#c1.a)[L],e2[L],(#c2.a1)[L],e[L],(e1.#c1.a)[L],#d2[L],(b1.#g1)[L],e[L],(e1.d1.b)[L],e2[L],(b1.#g1)[L],e[L],(e1.d1.b)[L],#f2[L],(b1.#g1)[L],e[L],(e1.d1.b)[L],e2[L],(b1.#g1)[L],e[L],(e1.d1.b)[L],#g2[L],(c2.#g1)[L],#d[L],(#d1.c1.#g)[L],g2[L],(c2.#g1)[L],#d[L],(#d1.c1.#g)[L],f2[L],(c2.#g1)[L],#d[L],(#d1.c1.#g)[L],#d2[L],(c2.#g1)[L],#d[L],(#d1.c1.#g)[L],d2[L],(#a1.g1)[L],#d[L],(#d1.#a.g)[L],#d2[L],(#a1.g1)[L],#d[L],(#d1.#a.g)[L],f2[L],(#a1.g1)[L],#c[L],(#d1.#a.g)[L],#f2[L],(#a1.g1)[L],#c[L],(#d1.#a.g)[L],g2[L],(#a1.g1)[L],c[L],(e1.#a.g)[L],#g2[L],(#a1.g1)[L],c[L],(e1.#a.g)[L],#a2[L],(#a1.g1)[L],c[L],(e1.#a.g)[L],c3[L],(#a1.g1)[L],c[L],(e1.#a.g)[L],#a2[L],#g1[L],#c[L],(f1.#g)[L],#g2[L],#g1[L],#c[L],(f1.#g)[L],e2[L],(b1.#g1)[L],d[L],(f1.b.#g)[L],f2[L],(b1.#g1)[L],d[L],(f1.b.#g)[L],g2[L],(c2.#g1)[L],#d[L],(#d1.c1.#g)[L],f2[L],(c2.#g1)[L],#d[L],(#d1.c1.#g)[L],c2[L],(#g1.#d1)[L],#d[L],(c1.#g)[L],#c2[L],(#g1.#d1)[L],#d[L],(c1.#g)[L],#d2[L],(g1.#c1)[L],#d[L],(#a.g)[L],#c2[L],(g1.#c1)[L],#d[L],(#a.g)[L],f1[L],#c1[L],#d[L],#a[L],g1[L],#c1[L],#d[L],#a[L],#g1[L],c1[L],#G-1[L],(#g.#d)[L],#a1[L],(#g1.c1)[L],#G-1[L],(#g.#d)[L],c2[L],(#g1.c1)[L],#G-1[L],(#g.#d)[L],#c2[L],(#g1.c1)[L],#G-1[L],(#g.#d)[L],d2[L],(#g1.#d1)[L],#G-1[L],(c1.#f.#d)[L],#d2[L],(#g1.#d1)[L],#G-1[L],(c1.#f.#d)[L],f2[L],(#g1.#d1)[L],#G-1[L],(c1.#f.#d)[L],#d2[L],(#g1.#d1)[L],#G-1[L],(c1.#f.#d)[L],d2[L],(f1.d1)[L],#G-1[L],(b.f.d)[L],b1[L],(f1.d1)[L],#G-1[L],(b.f.d)[L],#g1[L],(f1.d1)[L],#G-1[L],(b.f.d)[L],#a1[L],(f1.d1)[L],#G-1[L],(b.f.d)[L],b1[L],(f1.d1)[L],#G-1[L],(b.f.d)[L],#g1[L],(f1.d1)[L],#G-1[L],(b.f.d)[L],f1[L],d1[L],#G-1[L],(b.f.d)[L],g1[L],#c1[L],#G-1[L],(#a.e)[L],#g1[L],c1[L],#G-1[L],(#g.#d)[L],#a1[L],(#g1.c1)[L],#G-1[L],(#g.#d)[L],c2[L],(#g1.c1)[L],#G-1[L],(#g.#d)[L],#c2[L],(#g1.c1)[L],#G-1[L],(#g.#d)[L],d2[L],(#g1.#d1)[L],#G-1[L],(c1.#f.#d)[L],#d2[L],(#g1.#d1)[L],#G-1[L],(c1.#f.#d)[L],f2[L],(#g1.#d1)[L],#G-1[L],(c1.#f.#d)[L],#d2[L],(#g1.#d1)[L],#G-1[L],(c1.#f.#d)[L],(#G-1.d2)[LNO],(f1.d1)[LN],(b.f.d.#c2)[LNO],(f1.d1)[LNO],(#G-1.c2)[LN],(f1.d1)[LNO],(b.f.d.b1)[LNO],(f1.d1)[LN],(#G-1.#g1)[LNO],(f1.d1)[LNO],(b.f.d.#a1)[LN],(f1.d1)[LNO],(#G-1.b1)[LNO],(f1.d1)[LN],(b.f.d.#a1)[LNO],(f1.d1)[LNO],(#G-1.a1)[LN],(f1.d1)[LNO],(b.f.d.#g1)[LNO],d1[LN],(#G-1.f1)[LNO],d1[LNO],(#a.e.#c.g1)[LN],#c1[LNO],#g1[L],(#d1.c1)[L],#G-1[L],(#g.#d)[L],#a1[L],(#d1.c1)[L],#A-1[L],(#g.#d)[L],c2[L],(#d1.c1)[L],c[L],(#g.#d)[L],#a1[L],(#d1.c1)[L],#A-1[L],(#g.#d)[L],c2[L],(#d1.c1)[L],c[L],(#g.#d)[L],#d2[L],(#g1.#d1)[L],#d[L],(c1.#g)[L],c2[L],(#g1.#d1)[L],c[L],(c1.#g)[L],#d2[L],(#g1.#d1)[L],#d[L],(c1.#g)[L],f2[L],(#g1.f1)[L],f[L],(c1.#g)[L],#d2[L],(#g1.#d1)[L],#d[L],(c1.#g)[L],f2[L],(#g1.f1)[L],f[L],(c1.#g)[L],#g2[L],(c2.#g1)[L],#g[L],(#d1.c1)[L],f2[L],(c2.#g1)[L],f[L],(#d1.c1)[L],#g2[L],(c2.#g1)[L],#g[L],(#d1.c1)[L],c3[L],(#d2.c2)[L],c1[L],(#g1.#d1)[L],#a2[L],(#d2.#a1)[L],#a[L],(#g1.#d1)[L],c3[L],(#d2.c2)[L],c1[L],(#g1.#d1)[L],#d3[L],(#g2.#d2)[L],#d1[L],(c2.#g1)[L],c3[L],(#g2.#d2)[L],c1[L],(c2.#g1)[L],#d3[L],(#g2.#d2)[L],#d1[L],(c2.#g1)[L],f3[L],(#g2.f2)[L],#c1[L],(#c2.#g1)[L],#d3[L],(#g2.#d2)[L],c1[L],(c2.#g1)[L],f3[L],(#g2.f2)[L],#c1[L],(#c2.#g1)[L],#g3[L],#g2[L],f1[L],(f2.#g1)[L],f3[L],(#g2.f2)[L],#c1[L],(#c2.#g1)[L],#d3[L],(#g2.#d2)[L],c1[L],(c2.#g1)[L],c3[L],(#g2.c2)[L],#g[L],#g1[L],#d3[L],(#g2.#d2)[L],c1[L],(c2.#g1)[L],f3[L],(#g2.f2)[L],#c1[L],(#c2.#g1)[L],#g3[L],#g2[L],f1[L],(f2.#g1)[L],f3[L],(#g2.f2)[L],#c1[L],(#c2.#g1)[L],#d3[L],(#g2.#d2)[L],c1[L],(c2.#g1)[L],c3[L],(#g2.c2)[L],#g[L],#g1[L],#d3[L],(#g2.#d2)[L],c1[L],(c2.#g1)[L],f3[L],(#g2.f2)[L],#c1[L],(#c2.#g1)[L],#g3[L],(f3.#c3.#g2)[L],f1[L],(f2.#c2.#g1)[L],#g3[L],(f3.#c3.#g2)[L],f1[L],(f2.#c2.#g1)[L],#g3[L],(f3.#c3.#g2)[L],f1[L],(f2.#c2.#g1)[L],#g3[L],(f3.#c3.#g2)[L],f1[L],(f2.#c2.#g1)[L],#g3[L],(f3.#c3.#g2)[L],f1[L],(f2.#c2.#g1)[L],#g3[L],(f3.#c3.#g2)[L],f1[L],(f2.#c2.#g1)[L],f3[L],(#c3.#g2.f2)[L],#c1[L],(#c2.#g1.f1)[L],#c3[L],(#g2.f2.#c2)[L],#g[L],(#g1.f1.#c1)[L],f3[L],(#c3.#g2.f2)[L],#c1[L],(#c2.#g1.f1)[L],(#c4.#c3)[L],(#g3.f3.#c3)[L],#g[L],(#g1.f1.#c1)[L],#g2[L],(f2.#c2.#g1)[L],f[L],(f1.#c1.#g)[L],#c3[L],(#g2.f2.#c2)[L],#g[L],(#g1.f1.#c1)[L],#g2[L],(f2.#c2.#g1)[L],f[L],(f1.#c1.#g)[L],f2[L],(#c2.#g1.f1)[L],#c[L],(#c1.#g.f)[L],#g2[L],(f2.#c2.#g1)[L],f[L],(f1.#c1.#g)[L],f2[L],(#c2.#g1.f1)[L],#c[L],(#c1.#g.f)[L],#c2[L],(#g1.f1.#c1)[L],#G-1[L],(#g.f.#c)[L],f2[L],(#c2.#g1.f1)[L],#c[L],(#c1.#g.f)[L],#c2[L],(#g1.f1.#c1)[L],#G-1[L],(#g.f.#c)[L],#g1[L],(f1.#c1.#g)[L],F-1[L],(f.#c.#G-1)[L],#a1[L],(f1.#c1.#a)[L],G-1[L],(f.#c.#A-1)[L],c2[L],(#d1.c1)[L],#G-1[L],(#g.#d)[L],c2[L],(#d1.c1)[L],#G-1[L],(#g.#d)[L],c2[L],(#d1.c1)[L],#G-1[L],(#g.#d)[L],c2[L],(#d1.c1)[L],#G-1[L],(#g.#d)[L],c2[L],(#d1.c1)[L],#G-1[L],(#g.#d)[L],#a1[L],(#d1.c1)[L],#G-1[L],(#g.#d)[L],#g1[L],(e1.#c1)[L],#G-1[L],(#g.e)[L],#a1[L],(e1.#c1)[L],#G-1[L],(#g.e)[L],c2[L],(#d1.c1)[L],#G-1[L],(#g.#d)[L],c2[L],(#d1.c1)[L],#G-1[L],(#g.#d)[L],c2[L],(#d1.c1)[L],#G-1[L],(#g.#d)[L],c2[L],(#d1.c1)[L],#G-1[L],(#g.#d)[L],c2[L],(#d1.c1)[L],#G-1[L],(#g.#d)[L],#c2[L],(#d1.c1)[L],#G-1[L],(#g.#d)[L],#d2[L],(#d1.#c1)[L],#G-1[L],(g.#d)[L],#a1[L],(#d1.#c1)[L],#G-1[L],(g.#d)[L],c2[L],(#d1.c1)[L],#G-1[L],(#g.#d)[L],c2[L],(#d1.c1)[L],#G-1[L],(#g.#d)[L],c2[L],(#d1.c1)[L],#G-1[L],(#g.#d)[L],c2[L],(#d1.c1)[L],#G-1[L],(#g.#d)[L],c2[L],(#d1.c1)[L],#G-1[L],(#g.#d)[L],b1[L],(#d1.c1)[L],#G-1[L],(#g.#d)[L],#a1[L],(e1.#c1)[L],#G-1[L],(#g.e)[L],b1[L],(e1.#c1)[L],#G-1[L],(#g.e)[L],c2[L],(#d1.c1)[L],#G-1[L],(#g.#d)[L],c2[L],(#d1.c1)[L],#G-1[L],(#g.#d)[L],c2[L],(#d1.c1)[L],#G-1[L],(#g.#d)[L],c2[L],(#d1.c1)[L],#G-1[L],(#g.#d)[L],c2[L],(#d1.c1)[L],#G-1[L],(#g.#d)[L],#c2[L],(#d1.c1)[L],#G-1[L],(#g.#d)[L],d2[L],(g1.#c1)[L],#G-1[L],(#a.#d)[L],#c2[L],(g1.#c1)[L],#G-1[L],(#a.#d)[L],c2[L],(#d1.c1)[L],#G-1[L],(#g.#d)[L],c2[L],(#d1.c1)[L],#G-1[L],(#g.#d)[L],c2[L],(#d1.c1)[L],#G-1[L],(#g.#d)[L],c2[L],(#d1.c1)[L],#G-1[L],(#g.#d)[L],c2[L],(#d1.c1)[L],#G-1[L],(#g.#d)[L],#a1[L],(#d1.c1)[L],#G-1[L],(#g.#d)[L],#g1[L],(#d1.c1)[L],#G-1[L],(#g.#d)[L],c2[L],(#d1.c1)[L],#G-1[L],(#g.#d)[L],#d2[L],(#g1.#d1)[L],#G-1[L],(c1.#g.#d)[L],#d2[L],(#g1.#d1)[L],#G-1[L],(c1.#g.#d)[L],#d2[L],(#g1.#d1)[L],#G-1[L],(c1.#g.#d)[L],#d2[L],(#g1.#d1)[L],#G-1[L],(c1.#g.#d)[L],#d2[L],(#g1.#d1)[L],#G-1[L],(c1.#g.#d)[L],#c2[L],(#g1.#d1)[L],#G-1[L],(c1.#g.#d)[L],c2[L],(#g1.#d1)[L],#G-1[L],(c1.#g.#d)[L],#d2[L],(#g1.#d1)[L],#G-1[L],(c1.#g.#d)[L],#g2[L],c2[L],#g1[L],#d2[L],#g2[L],c2[L],#g1[L],#d2[L],#g2[L],c2[L],#g1[L],#d2[L],#g2[L],c2[L],#g1[L],#d2[L],#g2[L],c2[L],#g1[L],#d2[L],#g2[L],c2[L],#g1[L],#d2[L],(e2.c3)[L],c2[L],#g1[L],#d2[L],e2[L],c2[L],#g1[L],#d2[L],#g2[L],c2[L],#g1[L],#d2[L],#g2[L],c2[L],#g1[L],#d2[L],#g2[L],c2[L],#g1[L],#d2[L],#g2[L],c2[L],#g1[L],#d2[L],#g2[L],c2[L],#g1[L],#d2[L],#g2[L],c2[L],#g1[L],#d2[L],(e2.c3)[L],c2[L],#g1[L],#d2[L],e2[L],c2[L],#g1[L],#d2[L],(e2.#g2)[L],c2[L],#g1[L],#d2[L],e2[L],c2[L],#g1[L],#d2[L],(e2.c3)[L],c2[L],#g1[L],#d2[L],e2[L],c2[L],#g1[L],#d2[L],(e2.#g2)[L],c2[L],#g1[L],#d2[LO],e2[L],c2[LO],#g1[LO],#d2[LO],(e2.c3)[LO],c2[LO],#g1[LN],#d2[LO],e2[LN],c2[LN],#g1[LN],#d2[LNO],(e2.e1.e3)[HKLN],(#d2.#d1.#d3)[KLMNO],(c2.c1.c3)[KLMN],(#g1.#g.#g2)[KLMNO],(e1.e.e2)[KLMNO],(#d1.#d.#d2)[KLMNO],(c1.c.c2)[KLMNO],(#g.#G-1.#g1)[KLMN],(e.E-1.e1)[JLO],(#d.#D-1.#d1)[JLO],(c.C-1.c1)[JLN],(#g1.e1.#c1.#g)[HJKL],#G-2[JKLMN],#G-1[JKLMO],#g[JKLMN],(#a1.#g1)[JKLMO],#g2[JKLMN],(#d1.c1.#g.c2.#g3)[HIJKMN],(e3.c4)[KLM],c3[KLMO],#g2[KLMN],#d3[KLMNO],(c4.e3)[J],c3[JO],#g2[JN],#d3[JM],(f3.c4)[JM],c3[JM],#g2[JM],#d3[JM],#g1[LNO],c2[LN],#d2[LN],#g2[LN],c3[LN],#d3[LN],#g3[LNO],c4[LNO],#d4[LM],c4[LM],#g3[LM],#d3[LMN],c3[LMN],#g2[LMN],#d2[K],c2[KO],#g1[KN],c2[KNO],#d2[KNO],#g2[KNO],c3[KM],#d3[KNO],#g3[KNO],c4[KNO],#d4[JMN],#d4[HHH],ST;"],"id":3,"instruments":["piano","piano"],"alternatives":["",""]}],"audition":{"start":[0,0],"end":[2,1243]}}