{"baseBpm":540,"musics":[{"bpm":540,"baseBeats":1.5,"scores":["RU,RU,RU,ST,TU,TU,TU,ST,RU,ST,TU,TU,TU,QRW,ST,TU,RU,TU,ST,TU,TU,TU,TU,TU,TU,TU,RU,TU,S,S,S,QR,RUW,TU,ST,ST,ST,TU,ST,TU,TU,TU,RU,TU,RVW,TU,TU,TU,TU,STW,TU,ST,RU,TU,RVW,TU,RUW,TU,SUVW,TU,TU,RUW,TU,RVW,TU,RU,ST,TU,STW,RU,TU,RS,RU,TU,ST,ST,RU,TU,ST,TU,TU,RU,TU,RVW,TU,RUW,TU,ST,SUVW,RUW,TU,ST,SUVW,TU,TU,TU,ST,ST,ST,TU,TU,ST,RVW,TU,TU,TU,TU,STW,TU,TU,TU,TU,TU,RU,SUVW,TU,","(#D-1.#d1)[IL],(#D-1.#d1)[IL],(#A-1.#a)[IL],(#G-1.#g)[JK],(#G-1.#g)[KL],(C-1.c1)[KL],(C-1.c1)[KL],(#G-1.#g)[JK],(#A-1.#a)[IL],(G-1.g)[JK],(#G-1.#g)[KL],(A-1.a)[KL],(#A-1.#a)[KL],(#D-1.#d)[HIN],(#D-1.#d3.#d1.#d2)[JK],(f1.f3.f2)[KL],(#D-1.#d3.#d1.#d2)[IL],#A-1[KL],(#g3.#g1.#g2)[JK],(#G-1.g1.g3.g2)[KL],(#g3.#g1.#g2)[KL],(#G-1.c2.c4.c3)[KL],c[KL],(c.g3.g1.g2)[KL],(#G-1.#g1.#g3.#g2)[KL],(a3.a1.a2)[KL],(#A-1.#a1.#a3.#a2)[IL],(#A-1.#a1)[KL],(#G-1.#g1)[J],(G-1.g1)[J],(F-1.f1)[J],(#D-1.#d1)[HI],(#D-1.#d1.#a1)[IL],(#D-1.#d1.#a1)[KLN],#a2[JK],g2[JLMN],(#G-2.#g1.#d1)[N],f2[JK],#d2[KMN],(#G-2.#d1.#g1)[N],f2[JK],#d2[KMN],#G-2[N],f2[KL],#d2[KMN],(#A-2.#g1.f1)[N],f2[JK],#a1[KMN],(#A-2.#g1.f1)[KLN],g2[JK],#g2[KL],g2[KMN],(#D-1.#a1.#d1)[KLN],f2[KL],#d2[KMN],(#D-1.#a1.#d1)[JK],(#a1.#d1)[KL],(D-1.#a1.#d1)[N],#d2[JLMN],(C-1.#a1.#d1)[N],f2[JK],#d2[KMN],(C-1.#d1.#a1)[KLN],d2[JK],#d2[KL],g2[KMN],(#A-2.#a1.#d1)[JKN],g2[KMN],(#A-2.#a1.#d1)[KLN],g2[JLMN],#A-2[N],c2[KL],c2[KMN],(A-2.#d1.a1)[JKN],c2[KMN],(A-2.a1.#d1)[KLN],d2[JK],#d2[KL],#d2[KMN],(#G-2.#g1.#d1)[IL],(#G-2.#g1.#d1)[JK],(#g1.#d1)[KL],(#d1.#g1)[JK],(#A-2.#d1.#a1)[N],#d2[IMN],(#A-2.#a1.#d1)[KLN],#d2[IKLMN],(#A-2.#a1.#d1)[N],f2[IMN],(#A-2.#a1.#d1)[KLN],#d2[JLMN],#G-2[N],f2[JLMN],(G-2.g1.#d1)[N],g2[JK],#g2[KMN],(G-2.#d1.g1)[KLN],g2[JK],f2[KL],f2[KMN],(C-1.#a1.#d1.c3)[N],#d2[IMN],(C-1.#d1.#a1)[KL],(#A-2.#a2)[N],d2[JK],#d2[KL],f2[KMN],(#G-2.#d1.#g1)[IL],(#G-2.#d1.#g1)[KLN],g2[JK],f2[JLMN],(G-2.g1.#d1)[IL],(G-2.g1.#d1.g2)[KLN],#d2[JLMN],G-2[N],#d2[JLMN],(c.c1.c3)[KL],(#A-1.#a.#a2)[KL],(c.c1.c3)[KL],(#A-1.#a.#a2)[JK],(G-1.g.g2)[JK],(#D-1.#d.#d2)[JK],(F-1.f.f2)[KL],(#F-1.#f.#f2)[KL],(G-1.g.g2)[JK],(#A-1.#a.#a2)[IMN],(#d4.#d3.#d2)[N],#D-1[KMN],(#d4.#d3.#d2)[KL],(#d4.#d2.#d3)[N],(g1.#a1)[KMN],(#d4.#d2.#d3)[N],#D-1[KMN],(#d4.#d3.#d2)[JK],(#d4.#d2.#d3)[N],(g1.#d1)[KMN],(#d4.#d3.#d2)[KL],(d4.d3.d2)[N],F-2[KMN],(#d4.#d2.#d3)[KLN],(#a1.g1)[KMN],(#d4.#d2.#d3)[N],F-2[IL],(g1.#d1)[JLMN],(#d4.#d3.#d2)[N],#G-2[KMN],"],"id":1},{"bpm":540,"baseBeats":1.5,"scores":["TU,TU,TU,STW,TU,TU,TU,TU,TU,RU,SUVW,TU,TU,TU,TU,STW,TU,TU,TU,TU,TU,RU,TU,TU,RU,RSTU,RU,RU,TU,QRTU,RS,RS,RU,TU,ST,ST,TU,TU,TU,TU,TU,TU,TU,TU,ST,TU,TU,ST,TU,TU,TU,ST,TU,ST,ST,RU,TU,ST,ST,TU,TU,TU,TU,ST,TU,TU,RU,RU,RU,ST,TU,TU,TU,ST,RU,TU,ST,ST,TU,TU,TU,TU,TU,TU,ST,ST,TU,TU,ST,ST,TU,ST,TU,TU,TU,ST,RU,TU,ST,ST,TU,ST,TU,TU,TU,ST,TU,ST,TU,TU,ST,TU,TU,ST,TU,TU,TU,TU,TU,TU,TU,TU,TU,TU,TU,TU,TU,TU,TU,TU,TU,TU,TU,TU,TU,TU,TU,TU,TU,TU,TU,TU,ST,TU,TU,TU,TU,TU,TU,TU,TU,TU,TU,TU,TU,TU,TU,TU,TU,TU,TU,TU,TU,TU,TU,TU,RU,ST,TU,TU,ST,ST,TU,TU,TU,TU,TU,RU,TU,TU,TU,ST,TU,TU,TU,TU,TU,TU,ST,TU,TU,TU,TU,TU,TU,RU,ST,TU,TU,TU,ST,RU,TU,ST,ST,TU,ST,TU,TU,","(#d4.#d3.#d2)[KL],(#d4.#d2.#d3)[N],(g1.#a1)[KMN],(#d4.#d2.#d3)[N],#G-2[KMN],(#d4.#d3.#d2)[JK],(#d4.#d2.#d3)[N],(#d1.g1)[KMN],(#d4.#d2.#d3)[KL],(d4.d3.d2)[N],#D-1[KMN],(#d4.#d3.#d2)[KLN],(g1.#a1)[KMN],(#d4.#d3.#d2)[N],#D-1[IL],(g1.#d1)[JLMN],(#d4.#d3.#d2)[N],#G-2[KMN],(#d4.#d2.#d3)[KL],(#d4.#d3.#d2)[N],(g1.#a1)[KMN],(#d4.#d3.#d2)[N],#G-2[KMN],(#d4.#d3.#d2)[JK],(#d4.#d2.#d3)[N],(g1.#d1)[KMN],(#d4.#d2.#d3)[KL],(g4.g2.g3)[N],#D-1[KMN],(f2.f3.f4)[KLN],(#a1.g1)[KMN],(#d3.#d2.#d4)[N],#D-1[IMN],(#d4.#d3.#d2)[N],(#d1.g1)[KMN],(f3.f2.f4)[KLN],(D-1.#d1.#a1)[IL],(D-1.#a1.#d1)[IJKL],(C-1.#a1.#d1)[IL],(C-1.#d1.#a1)[IMN],(#a3.#a2.#a1)[KL],(#a3.#a2.#a4)[N],(#A-2.#a1.#d1)[HIKMN],(#g4.#g3.#g2)[N],C-1[IKLMN],(#a4.#a2.#a3)[N],D-1[IJ],(#D-1.g2.#d1.#a1)[IL],#D-1[KL],#a2[JK],(#A-1.c3)[JK],(e1.b1)[KL],c[KL],#a2[KL],#D-1[KL],(G-1.g2)[KL],(#G-1.f2)[KL],(#D-1.#d2)[KL],#d2[KL],(F-1.f1.c2)[JK],#d2[KL],F-1[KL],d2[JK],(c.#d2)[KL],#d2[KL],#a1[KL],#A-1[JK],#A-2[KL],F-1[JK],#A-1[JK],(c.g1.g2.c2)[IL],C-1[KL],g2[JK],c[JK],#a1[KL],#A-1[KL],f2[KL],#A-2[KL],(F-1.#d2)[JK],(#A-1.f2)[KL],c2[KL],(A-1.a1)[IL],A-1[IL],A-1[IL],(#G-1.#g1.c2)[JK],(#G-1.#g1.c2)[KL],(#D-1.#d1.g1)[KL],(#D-1.#d1.g1)[KL],(G-1.g1.#a1)[JK],(F-1.f1.c2.#g1)[IL],F-1[KL],c2[JK],(c.d2)[JK],(g1.#a1)[KL],G-1[KL],c2[KL],G-1[KL],B-1[KL],B-1[KL],(D-1.d2)[JK],(#D-1.#d2.#d1.c2)[JK],f2[KL],#D-1[KL],g2[JK],(#A-1.c3)[JK],(e1.c2)[KL],(c.f1.d2)[JK],(c.g1.e2)[KL],G-1[KL],(G-1.#a1.g2)[KL],(c.g2)[JK],(F-1.#g1.#g2)[IL],F-1[KL],g2[JK],c[JK],(f2.f1)[KL],F-1[JK],F-1[KL],(C-1.#d2)[KL],C-1[KL],(F-1.f2)[JK],(#A-2.#a1.#a2)[KL],(#A-1.#a1.#a2)[JK],(#A-2.#a1.#a2)[KL],(C-1.c2.c3)[KL],(c.c2.c3)[JK],(C-1.c2.c3)[KL],(#C-1.#c2.#g2.#c3)[KL],(#c.#c2.#c3)[JK],(#C-1.#c2.#c3)[KL],(D-1.d2.#a2.d3)[KL],d[KL],(d2.d3)[KL],(d2.d3)[KL],(#D-1.c1.g2)[KL],#a[KL],c1[KL],(#D-1.#a)[KL],(#d1.#a2)[KL],#d1[KL],(#A-1.c3.f1)[KL],d1[KL],f1[KL],(c.#d1)[KL],(#a2.g1)[KL],(#D-1.#d1)[KL],(G-1.g2.g1)[KL],(#G-1.f2.f1)[KL],(c.g1.#d2)[KL],(#d2.#d1)[KL],(#G-1.#g1)[KL],g1[KL],(#a1.#d2)[KL],(#G-1.g1)[KL],(d2.c2)[KL],#a1[KL],(c.#d2.d2)[KL],(#d2.#a1.#a2)[JK],(#A-1.#a1.#a2)[KL],(c2.c3)[KL],(#A-2.c2.c3)[KL],(F-1.#a1.#a2)[KL],(#a1.#a2)[KL],(#A-1.#g1.#g2)[KL],(#g1.#g2)[KL],(c.g1.g2)[KL],#d1[KL],f1[KL],(C-1.#d1)[KL],(g2.g1)[KL],#d1[KL],(c.f1)[KL],#d1[KL],(#a1.#a2)[KL],#A-1[KL],f2[KL],#A-2[KL],(F-1.#d2)[KL],F-1[KL],(#A-1.f2)[KL],(c2.a1.a2)[KL],A-1[IL],A-1[JK],(c2.#d2)[KL],(A-1.d2.f2)[KL],(c2.#g1.#d2)[JK],#G-1[JK],#G-1[KL],#D-1[KL],#D-1[KL],G-1[KL],G-1[KL],(F-1.c2.f1.f2)[IL],F-1[KL],(c2.f1.f2)[KL],(#d1.#d2)[KL],(c.d2)[JK],(f1.f2)[KL],G-1[KL],c2[KL],(G-1.f1.f2)[KL],(B-1.#d1.#d2)[KL],B-1[KL],(D-1.d1.d2)[JK],(C-1.c1.#d2.c2)[KL],(C-1.c1.c2)[KL],f2[KL],(D-1.d1.d2)[KL],(#D-1.g2.#d1.#d2)[KL],(#d1.#d2)[KL],(E-1.c3.e1.e2)[IL],c[JK],c[KL],G-1[KL],G-1[KL],(c.#a2)[JK],(F-1.#g2.f1.f2)[IL],(F-1.#d1.#d2)[KL],#g2[JK],F-1[JK],(#g2.#g1)[KL],#A-2[JK],(#A-2.#a1.#a2)[KL],F-1[KL],"],"id":2},{"bpm":540,"baseBeats":1.5,"scores":["F-1[KL],(#A-1.g2)[JK],(#D-1.f2.#g1)[KL],(#d2.g1)[JK],(#D-1.#g1.d2)[KL],(#a1.#d2)[KL],(b1.f2)[KL],(D-1.c2.g2)[KL],(#c2.#g2)[KL],(C-1.c2.g2)[KL],(F-1.d2.#g2)[KL],G-1[KL],(c.c2.g2)[JK],#A-1[KL],(G-1.g2)[KL],E-1[KL],(F-1.#g2.#g1)[IL],F-1[KL],(#g2.#g1)[JK],(c.c2.c3)[JK],(d2.#g2.d3)[KL],#A-2[JK],#A-2[KL],F-1[KL],F-1[KL],(#A-1.g2)[JK],(#D-1.#d1.f2)[KL],#d2[JK],(#D-1.#d1)[IL],(#A-1.#a)[IL],(#G-1.#g)[JK],(#G-1.#g)[KL],(C-1.c1)[KL],(C-1.c1)[KL],(#G-1.#g)[JK],(#A-1.#a)[IL],(G-1.g)[JK],(#G-1.#g)[KL],(A-1.a)[KL],(#A-1.#a)[KL],(#D-1.#d)[HI],(#D-1.#d3.#d1.#d2)[JK],(f1.f3.f2)[KL],(#D-1.#d3.#d1.#d2)[IL],#A-1[KL],(#g3.#g1.#g2)[JK],(#G-1.g1.g3.g2)[KL],(#g3.#g1.#g2)[KL],(#G-1.c2.c4.c3)[KL],c[KL],(c.g3.g1.g2)[KL],(#G-1.#g1.#g3.#g2)[KL],(a3.a1.a2)[KL],(#A-1.#a1.#a3.#a2)[IL],(#A-1.#a1)[KL],(#G-1.#g1)[J],(G-1.g1)[J],(F-1.f1)[J],(#D-1.#d1)[HJKLM],"],"id":3}],"audition":{"start":[0,0],"end":[1,0]}}