{"baseBpm":276,"musics":[{"bpm":276,"baseBeats":0.5,"scores":["mute[JK],mute[KL],mute[KL],mute[JM],mute[LM],mute[LM],mute[LM],mute[LM],mute[LM],mute[KL],mute[KL],mute[KL],mute[KL],mute[KL],mute[LM],mute[LM],mute[KL],mute[KL],mute[JK],mute[JK],mute[JK],mute[KL],mute[KL],mute[JM],mute[LM],mute[LM],mute[LM],mute[LM],mute[LM],mute[KL],mute[KL],mute[KL],mute[KL],mute[KL],mute[LM],mute[LM],mute[KL],mute[KL],mute[JK],mute[JK],mute[JK],mute[KL],mute[KL],mute[KL],mute[LM],mute[LM],mute[KL],mute[KL],mute[KL],mute[LM],mute[LM],mute[LM],mute[LM],mute[LM],mute[LM],mute[JK],mute[JK],mute[JK],mute[KL],mute[KL],mute[JM],mute[LM],mute[LM],mute[LM],mute[LM],mute[LM],mute[KL],mute[KL],mute[KL],mute[KL],mute[KL],mute[LM],mute[LM],mute[KL],mute[KL],mute[JK],mute[JK],mute[JK],mute[KL],mute[KL],mute[KL],mute[LM],mute[LM],mute[LM],mute[LM],mute[LM],mute[LM],mute[KL],mute[LM],mute[LM],mute[KL],mute[KL],mute[JK],mute[JK],mute[JK],mute[KL],mute[KL],mute[JM],mute[LM],mute[LM],mute[LM],mute[LM],mute[LM],mute[KL],mute[KL],mute[KL],mute[KL],mute[KL],mute[LM],mute[LM],mute[KL],mute[KL],mute[JK],mute[JK],mute[KL],mute[KL],mute[KL],mute[KL],mute[KL],mute[KL],mute[KL],mute[KL],mute[KL],mute[KL],mute[KL],mute[KL],mute[KL],mute[KL],mute[KL],mute[KL],mute[KL],mute[KLMO],mute[KNO],mute[KL],mute[KL],mute[KL],mute[KL],mute[KL],mute[KL],mute[KLMO],mute[KNO],mute[KL],mute[KL],mute[KL],mute[KL],mute[KL],mute[KL],mute[KL],mute[KL],mute[KL],mute[KL],mute[KL],mute[KL],mute[KL],mute[KL],mute[KL],mute[KL],mute[KL],mute[KL],mute[KL],mute[KL],mute[KL],mute[KL],mute[KLMO],mute[KNO],mute[KL],mute[KL],mute[KL],mute[KL],mute[KL],mute[KL],mute[KLMO],mute[KNO],mute[KL],mute[KL],mute[KL],mute[KL],mute[KL],mute[KL],mute[KLMO],mute[KNO],mute[KL],mute[KL],mute[KL],mute[KL],mute[KL],mute[KL],mute[KLMO],mute[KNO],mute[KL],mute[KL],mute[KL],mute[KL],mute[KL],mute[KL],mute[KL],mute[KL],mute[KL],mute[KL],mute[KL],mute[KL],mute[KL],mute[KL],mute[KL],mute[KL],mute[KL],mute[KL],mute[KL],mute[KL],mute[KL],mute[KL],mute[KL],mute[KL],mute[KL],mute[KL],mute[KL],mute[KL],mute[KL],mute[KL],mute[KL],mute[KL],mute[KL],mute[KL],mute[KL],mute[KL],mute[KL],mute[KL],mute[KL],mute[KL],mute[KL],mute[KL],mute[KL],mute[KL],mute[KL],mute[L],mute[L],mute[L],mute[L],mute[L],mute[L],mute[L],mute[L],mute[L],mute[L],mute[L],mute[L],mute[L],mute[L],mute[L],mute[L],mute[L],mute[L],mute[L],mute[L],mute[L],mute[L],mute[L],mute[L],mute[L],mute[L],mute[L],mute[L],mute[L],mute[L],mute[L],mute[L],mute[L],mute[L],mute[L],mute[L],mute[L],mute[L],mute[L],mute[L],mute[L],mute[L],mute[L],mute[L],mute[L],mute[L],mute[L],mute[L],mute[L],mute[L],mute[L],mute[L],mute[L],mute[L],mute[L],mute[L],mute[L],mute[L],mute[L],mute[L],mute[L],mute[L],mute[L],mute[L],mute[L],mute[L],mute[L],mute[L],mute[L],mute[L],mute[L],mute[L],mute[L],mute[L],mute[L],mute[L],mute[L],mute[L],mute[L],mute[L],mute[L],mute[L],mute[L],mute[L],mute[L],mute[L],mute[L],mute[L],mute[L],mute[L],mute[L],mute[L],mute[L],mute[L],mute[L],mute[L],mute[JK],mute[KL],mute[KL],mute[JM],mute[LM],mute[LM],mute[LM],mute[LM],mute[LM],mute[KL],mute[KL],mute[KL],mute[KL],mute[KL],mute[LM],mute[LM],mute[LM],mute[LM],mute[LM],mute[LM],mute[JK],mute[JK],mute[JK],mute[KL],mute[KL],mute[KL],mute[LM],mute[LM],mute[LM],mute[LM],mute[LM],mute[LM],mute[KL],mute[LM],mute[LM],mute[LM],mute[LM],mute[LM],mute[LM],mute[KL],mute[LM],mute[LM],mute[KL];","(d1.d.D-1.D-2)[JK],(a1.a.F-1.F-2)[KL],(f1.f.A-1.A-2)[KL],(d1.d.D-1.D-2)[JM],(e1.e)[LM],(f1.f)[LM],(g1.g)[LM],(a1.a)[LM],(b1.b)[LM],(c2.g1.e1.c1.C-1.C-2)[KL],(c2.c1)[KL],(g1.e1.c1.g.c.C-1)[KL],(a1.f1.c1.a.F-1.F-2)[KL],(#a1.d1.#a.#A-1.#A-2)[KL],(a1.a)[LM],(g1.g)[LM],(f1.#a.f.d.D-1)[KL],(g1.d1.g.#A-1.#A-2)[KL],(a1.f1.c1.a.F-1.F-2)[JK],(a1.e1.a.A-1.A-2)[JK],(d1.d.D-1.D-2)[JK],(a1.a.F-1.F-2)[KL],(f1.f.A-1.A-2)[KL],(d1.d.D-1.D-2)[JM],(e1.e)[LM],(f1.f)[LM],(g1.g)[LM],(a1.a)[LM],(b1.b)[LM],(c2.g1.e1.c1.C-1.C-2)[KL],(c2.c1)[KL],(g1.e1.c1.g.c.C-1)[KL],(a1.f1.c1.a.F-1.F-2)[KL],(#a1.d1.#a.#A-1.#A-2)[KL],(a1.a)[LM],(g1.g)[LM],(f1.d1.f.#A-1.#A-2)[KL],(g1.#a.g.d.D-1)[KL],(a1.f1.d1.a.F-1.F-2)[JK],(a1.e1.a.e.A-1)[JK],(a1.e1.c1.a.A-1.A-2)[JK],(d2.a1.d1.F-1.F-2)[KL],(d2.f1.d1.D-1.D-2)[KL],(c2.e1.c1.A-1.A-2)[KL],(b1.b)[LM],(a1.a)[LM],(d2.a1.d1.f.F-1)[KL],(d2.f1.d1.d.D-1)[KL],(c2.e1.c1.A-1.A-2)[KL],(b1.b)[LM],(a1.a)[LM],(c2.a1.f1.c1.F-1.F-2)[LM],(G-1.G-2)[LM],(d2.a1.f1.d1.A-1.A-2)[LM],(B-1.B-2)[LM],(g1.e1.c1.g.c.C-1)[JK],(a1.f1.c1.a.F-1.F-2)[JK],(d1.#a.f.d.#A-1.#A-2)[JK],(a1.c1.a.f.F-1)[KL],(f1.a.f.F-1.F-2)[KL],(d1.#a.f.d.#A-1.#A-2)[JM],(e1.e)[LM],(f1.c1.f.A-1.A-2)[LM],(g1.g)[LM],(a1.f1.a.d.D-1)[LM],(b1.b)[LM],(c2.e1.c1.c.C-1)[KL],(c2.e1.c1.C-1.C-2)[KL],(g1.e1.c1.g.#A-1.#A-2)[KL],(a1.f1.c1.a.A-1.A-2)[KL],(#a1.d1.#a.G-1.G-2)[KL],(a1.a)[LM],(g1.g)[LM],(f1.c1.f.A-1.A-2)[KL],(g1.d1.g.#A-1.#A-2)[KL],(a1.e1.a.A-1.A-2)[JK],(d1.d.D-1.D-2)[JK],(a1.e1.c1.a.A-1.A-2)[JK],(d2.a1.d1.F-1.F-2)[KL],(d2.f1.d1.D-1.D-2)[KL],(c2.e1.c1.A-1.A-2)[KL],(b1.b)[LM],(a1.a.G-1.G-2)[LM],(d2.a1.d1.F-1.F-2)[LM],(E-1.E-2)[LM],(d2.a1.f1.d1.F-1.F-2)[LM],(D-1.D-2)[LM],(c2.e1.c1.A-1.A-2)[KL],(b1.b)[LM],(a1.a)[LM],(c2.a1.f1.c1.f.F-1)[KL],(d2.a1.f1.d1.d.D-1)[KL],(g1.e1.c1.g.c.C-1)[JK],(a1.f1.c1.a.F-1.F-2)[JK],(d1.#a.g.d.G-1.G-2)[JK],(a1.d1.a.F-1.F-2)[KL],(f1.c1.f.A-1.A-2)[KL],(d1.#a.d.G-1.G-2)[JM],(e1.e)[LM],(f1.a.f.D-1.D-2)[LM],(g1.g)[LM],(a1.f1.a.d.D-1)[LM],(b1.b)[LM],(c2.e1.c1.A-1.A-2)[KL],(c2.e1.c1.a.A-1)[KL],(g1.c1.g.e.E-1)[KL],(a1.c1.a.f.F-1)[KL],(#a1.d1.#a.G-1.G-2)[KL],(a1.a)[LM],(g1.g)[LM],(f1.a.f.d.D-1)[KL],(g1.d1.g.e.E-1)[KL],(a1.e1.a.A-1.A-2)[JK],(d1.d.D-1.D-2)[JK],(a2.#f2.d2.a1.#f1.d1)[KL],(#f2.d2.#f1.d1)[KL],(b2.g2.d2.b1.g1.d1)[KL],(a2.#f2.d2.a1.#f1.d1)[KL],(g2.e2.d2.g1.e1.d1)[KL],(#f2.d2.a1.#f1.d1)[KL],(e2.#c2.a1.e1.d1)[KL],(#f2.d2.a1.#f1.d1)[KL],(g2.e2.a1.g1.e1.d1)[KL],(a2.#f2.d2.a1.#f1.d1)[KL],(b2.g2.d2.b1.g1.d1)[KL],(#c3.e2.d2.g1.e1.d1)[KL],(d3.#f2.d2.a1.#f1.d1)[KL],(e3.g2.e2.a1.g1.e1.d1)[KL],(#f3.a2.#f2.a1.#f1.d1)[KL],(d3.#f2.d2.#f1.d1)[KL],(e3.a2.e2.g1.#c1.a)[KL],(a2.e2.a1.g1.#c1.a)[KL],(#c2.g1.#c1.a)[MO],(b2.b1)[KNO],(a2.a1)[KL],(e3.a2.e2.g1.#c1.a)[KL],(#f3.a2.#f2.a1.#c1.a)[KL],(e3.a2.e2.g1.#c1.a)[KL],(d3.a2.d2.#f1.d1.a)[KL],(e3.a2.e2.g1.#c1.a)[KL],(a2.e2.a1.g1.#c1.a)[KL],(#c2.g1.#c1.a)[MO],(b2.b1)[KNO],(a2.a1)[KL],(e3.a2.e2.g1.#c1.a)[KL],(#f3.a2.#f2.a1.#c1.a)[KL],(e3.a2.e2.g1.#c1.a)[KL],(d3.a2.d2.#f1.d1.a)[KL],(a2.#f2.d2.a1.#f1.d1)[KL],(#f2.d2.#f1.d1)[KL],(b2.g2.d2.b1.g1.d1)[KL],(a2.#f2.d2.a1.#f1.d1)[KL],(g2.e2.d2.g1.e1.d1)[KL],(#f2.d2.a1.#f1.d1)[KL],(e2.#c2.a1.e1.d1)[KL],(#f2.d2.a1.#f1.d1)[KL],(g2.e2.a1.g1.e1.d1)[KL],(a2.#f2.d2.a1.#f1.d1)[KL],(b2.g2.d2.b1.g1.d1)[KL],(#c3.e2.d2.g1.e1.d1)[KL],(d3.#f2.d2.#f1.d1)[KL],(e3.g2.e2.g1.e1.d1)[KL],(#f3.a2.#f2.a1.#f1.d1)[KL],(d3.#f2.d2.#f1.d1)[KL],(#c3.#f2.#c2.e1.#a.#f)[KL],(#f2.#c2.#f1.e1.#a.#f)[KL],(a1.e1.#a.#f)[MO],(g2.g1)[KNO],(#f2.#f1)[KL],(#c3.#f2.#c2.e1.#a.#f)[KL],(d3.#f2.d2.#f1.#a.#f)[KL],(#c3.#f2.#c2.e1.#a.#f)[KL],(b2.#f2.b1.d1.b.#f)[KL],(#c3.#f2.#c2.e1.#a.#f)[KL],(#f2.#c2.#f1.e1.#a.#f)[KL],(a1.e1.#a.#f)[MO],(g2.g1)[KNO],(#f2.#f1)[KL],(#c3.#f2.#c2.e1.#a.#f)[KL],(d3.#f2.d2.#f1.#a.#f)[KL],(#c3.#f2.#c2.e1.#a.#f)[KL],(b2.#f2.b1.d1.b.#f)[KL],(e3.a2.e2.A-1.A-2)[KL],(a2.e2.a1.g1.#c1.a)[KL],(#c2.g1.#c1.a)[MO],(b2.b1)[KNO],(a2.a1)[KL],(e3.a2.e2.a1.g1.e1.#c1.a)[KL],(#f3.a2.#f2.a1.g1.#f1.d1.a)[KL],(e3.a2.e2.a1.g1.e1.#c1.a)[KL],(d3.a2.d2.a1.g1.d1.b.a)[KL],(e3.a2.e2.A-1.A-2)[KL],(a2.e2.a1.g1.#c1.a)[KL],(#c2.g1.#c1.a)[MO],(b2.b1)[KNO],(a2.a1)[KL],(e3.a2.e2.a1.g1.e1.#c1.a)[KL],(#f3.a2.#f2.a1.g1.#f1.d1.a)[KL],(e3.a2.e2.a1.g1.e1.#c1.a)[KL],(d3.a2.d2.a1.g1.d1.b.a)[KL],(e3.a2.e2.a1.g1.e1.#c1.a)[KL],(#f3.a2.#f2.a1.g1.#f1.d1.a)[KL],(e3.a2.e2.a1.g1.e1.#c1.a)[KL],(d3.a2.d2.a1.g1.d1.b.a)[KL],(e3.a2.e2.a1.g1.e1.#c1.a)[KL],(#f3.a2.#f2.a1.g1.#f1.d1.a)[KL],(e3.a2.e2.a1.g1.e1.#c1.a)[KL],(d3.a2.d2.a1.g1.d1.b.a)[KL],(a3.g3.a2.a1.#c1.a)[KL],(a3.#f3.a2.a1.d1.a)[KL],(a3.e3.a2.a1.e1.a)[KL],(a3.d3.a2.a1.#f1.a)[KL],(a3.#c3.a2.a1.g1.a)[KL],(b3.a3.a2.a1.a)[KL],(a3.a2.a1.b.a)[KL],(a3.g3.a2.a1.#c1.a)[KL],(a3.#f3.a2.a1.d1.a)[KL],(a3.e3.a2.a1.e1.a)[KL],(a3.d3.a2.a1.#f1.a)[KL],(a3.#c3.a2.a1.e1.a)[KL],(a3.b2.a2.a1.d1.a)[KL],(a3.a2.a1.b.a)[KL],(a3.g3.a2.a1.#c1.a)[KL],(a3.#f3.a2.a1.d1.a)[KL],(a3.e3.a2.a1.g1.a)[KL],(a3.d3.a2.a1.#f1.a)[KL],(a3.#c3.a2.a1.e1.a)[KL],(a3.b2.a2.a1.d1.a)[KL],(a3.a2.a1.#c1.a)[KL],(a3.g3.b2.a1.a)[KL],(a3.#f3.a2.a1.b.a)[KL],(a3.e3.g2.a1.#c1.a)[KL],(a3.#f3.a2.a1.d1.a)[KL],(a3.e3.a2.a1.#c1.a)[KL],(a3.d3.a2.a1.b.a)[KL],(a3.#g3.#g2.a1.e1.a)[KL],(a3.a2.a1.a)[KL],(a3.g3.a2.a1.#a.a)[KL],(a3.e3.a2.a1.b.a)[KL],(a3.a2.a1.#c1.a)[KL],(a2.a1.#f1.d1)[L],#f2[L],d2[L],(#f2.#f1.d1)[L],d2[L],#f2[L],(b2.b1.g1.d1)[L],g2[L],d2[L],(a2.a1.#f1.d1)[L],#f2[L],d2[L],(g2.g1.e1.d1)[L],e2[L],d2[L],(#f2.#f1.d1)[L],d2[L],a1[L],(e2.e1.d1)[L],#c2[L],a1[L],(#f2.#f1.d1)[L],d2[L],a1[L],(g2.g1.e1.d1)[L],e2[L],a1[L],(a2.a1.#f1.d1)[L],#f2[L],d2[L],(b2.b1.g1.d1)[L],g2[L],d2[L],(#c3.g1.e1.d1)[L],e2[L],d2[L],(d3.a1.#f1.d1)[L],#f2[L],d2[L],(e3.a1.g1.d1)[L],g2[L],e2[L],(#f3.a1.d1)[L],a2[L],#f2[L],(d3.a1.#f1.d1)[L],#f2[L],d2[L],(e3.A-1.A-2)[L],a2[L],e2[L],(a2.a1.g1.#c1.a)[L],e2[L],a1[L],(#c2.a1.g1.#c1.a)[L],b1[L],b2[L],#c2[L],a1[L],a2[L],(e3.a1.g1.#c1.a)[L],a2[L],e2[L],(#f3.a1.#c1.a)[L],a2[L],#f2[L],(e3.a1.g1.#c1.a)[L],a2[L],e2[L],(d3.a1.#f1.d1.a)[L],a2[L],d2[L],(e3.A-1.A-2)[L],a2[L],e2[L],(a2.a1.g1.a)[L],e2[L],a1[L],(#c2.a1.g1.#c1.a)[L],b1[L],b2[L],#c2[L],a1[L],a2[L],(e3.a1.g1.#c1.a)[L],a2[L],e2[L],(#f3.a1.#c1.a)[L],a2[L],#f2[L],(e3.a1.g1.#c1.a)[L],a2[L],e2[L],(d3.a1.#f1.d1.a)[L],a2[L],d2[L],(d1.d.D-1.D-2)[JK],(a1.a.F-1.F-2)[KL],(f1.f.A-1.A-2)[KL],(d1.d.D-1.D-2)[JM],(e1.e)[LM],(f1.f.d.D-1)[LM],(g1.g)[LM],(a1.a)[LM],(b1.b)[LM],(c2.g1.e1.c1.C-1.C-2)[KL],(c2.c1.c.C-1)[KL],(g1.e1.c1.g.#A-1.#A-2)[KL],(a1.f1.c1.a.A-1.A-2)[KL],(#a1.d1.#a.G-1.G-2)[KL],(a1.a)[LM],(g1.g.A-1.A-2)[LM],(f1.d1.f.#A-1.#A-2)[LM],(A-1.A-2)[LM],(g1.e1.g.#A-1.#A-2)[LM],(c.C-1)[LM],(a1.f1.d1.a.A-1.A-2)[JK],(a1.e1.a.A-1.A-2)[JK],(d1.d.D-1.D-2)[JK],(a1.a.F-1.F-2)[KL],(f1.f.A-1.A-2)[KL],(d1.d.D-1.D-2)[KL],(d.D-1)[LM],(e1.e)[LM],(f1.f.c.C-1)[LM],(g1.g)[LM],(a1.a.B-1.B-2)[LM],(b1.b)[LM],(c2.e1.c1.A-1.A-2)[KL],(c2.c1)[LM],(B-1.B-2)[LM],(g1.e1.c1.g.c.C-1)[LM],(d.D-1)[LM],(a1.f1.c1.a.e.E-1)[LM],(f.F-1)[LM],(#a1.d1.#a.G-1.G-2)[KL],(a1.a.A-1.A-2)[LM],(g1.g)[LM],(f1.d1.f.#A-1.#A-2)[KL];"],"id":1,"instruments":["piano","piano"],"alternatives":["",""]},{"bpm":276,"baseBeats":0.5,"scores":["mute[LM],mute[LM],mute[JK],mute[JK],mute[JK],mute[KL],mute[KL],mute[KL],mute[LM],mute[LM],mute[LM],mute[LM],mute[LM],mute[LM],mute[KL],mute[LM],mute[LM],mute[KL],mute[KL],mute[JK],mute[JK],mute[JK],mute[KL],mute[KL],mute[JM],mute[LM],mute[LM],mute[LM],mute[LM],mute[LM],mute[KL],mute[LM],mute[LM],mute[LM],mute[LM],mute[LM],mute[LM],mute[LM],mute[LM],mute[LM],mute[LM],mute[LM],mute[LM],mute[LM],mute[LM],mute[LM],mute[LM],mute[LM],mute[LM],mute[JK],mute[JK],mute[KL],mute[KL],mute[KL],mute[LM],mute[LM],mute[LM],mute[LM],mute[LM],mute[LM],mute[KL],mute[LM],mute[LM],mute[LM],mute[LM],mute[LM],mute[LM],mute[LM],mute[LM],mute[LM],mute[LM],mute[LM],mute[LM],mute[LM],mute[LM],mute[JK],mute[KL],mute[KL],mute[LM],mute[LM],mute[LM],mute[LM],mute[LM],mute[LM],mute[LM],mute[LM],mute[LM],mute[LM],mute[LM],mute[LM],mute[LM],mute[LM],mute[LM],mute[LM],mute[LM],mute[LM],mute[LM],mute[LM],mute[LM],mute[LM],mute[LM],mute[LM],mute[LM],mute[LM],mute[LM],mute[LM],mute[HK],mute[LM],mute[LM],mute[LM],mute[LM],mute[KL],mute[KL],mute[LM],mute[LM],mute[LM],mute[LM],mute[KL],mute[KL],mute[LM],mute[LM],mute[LM],mute[LM],mute[KL],mute[KL],mute[LM],mute[LM],mute[LM],mute[LM],mute[KL],mute[KL],mute[LM],mute[LM],mute[LM],mute[LM],mute[KL],mute[KL],mute[LM],mute[LM],mute[LM],mute[LM],mute[LM],mute[LM],mute[LM],mute[LM],mute[LM],mute[LM],mute[LM],mute[LM],mute[LM],mute[LM],mute[LM],mute[LM],mute[LM],mute[LM],mute[LM],mute[LM],mute[LM],mute[LM],mute[LM],mute[LM],mute[LM],mute[LM],mute[LM],mute[LM],mute[KL],mute[KL],mute[LM],mute[LM],mute[LM],mute[LM],mute[KL],mute[KL],mute[LM],mute[LM],mute[LM],mute[LM],mute[KL],mute[KL],mute[LM],mute[LM],mute[LM],mute[LM],mute[KL],mute[KL],mute[LM],mute[LM],mute[LM],mute[LM],mute[KL],mute[KL],mute[LM],mute[LM],mute[LM],mute[LM],mute[LM],mute[LM],mute[LM],mute[LM],mute[LM],mute[LM],mute[LM],mute[LM],mute[LM],mute[LM],mute[LM],mute[LM],mute[LM],mute[LM],mute[LM],mute[LM],mute[LM],mute[LM],mute[LM],mute[LM],mute[LM],mute[LM],mute[LM],mute[LM],mute[LM],mute[LM],mute[LM],mute[LM],mute[LM],mute[LM],mute[LM],mute[LM],mute[LM],mute[LM],mute[LM],mute[LM],mute[LM],mute[LM],mute[LM],mute[LM],mute[LM],mute[LM],mute[LM],mute[LM],mute[LM],mute[LM],mute[LM],mute[LM],mute[LM],mute[LM],mute[LM],mute[LM],mute[LM],mute[LM],mute[LM],mute[LM],mute[LM],mute[LM],mute[LM],mute[LM],mute[LM],mute[LM],mute[LM],mute[LM],mute[LM],mute[LM],mute[LM],mute[LM],mute[LM],mute[LM],mute[LM],mute[LM],mute[LM],mute[LM],mute[LM],mute[LM],mute[LM],mute[LM],mute[LM],mute[LM],mute[LM],mute[LM],mute[LM],mute[LM],mute[LM],mute[LM],mute[LM],mute[LM],mute[LM],mute[LM],mute[LM],mute[LM],mute[LM],mute[LM],mute[LM],mute[LM],mute[LM],mute[LM],mute[LM],mute[LM],mute[LM],mute[LM],mute[LM],mute[LM],mute[LM],mute[LM],mute[LM],mute[LM],mute[LM],mute[LM],mute[LM],mute[LM],mute[KL],mute[KL],mute[LM],mute[LM],mute[LM],mute[LM],mute[KL],mute[KL],mute[LM],mute[LM],mute[LM],mute[LM],mute[KL],mute[KL],mute[LM],mute[LM],mute[LM],mute[LM],mute[KL],mute[KL],mute[LM],mute[LM],mute[LM],mute[LM],mute[KL],mute[KL],mute[LM],mute[LM],mute[LM],mute[LM],mute[LM],mute[LM],mute[LM],mute[LM],mute[LM],mute[LM],mute[LM],mute[LM],mute[LM],mute[LM],mute[LM],mute[LM],mute[LM],mute[LM],mute[LM],mute[LM],mute[LM],mute[LM],mute[LM],mute[LM],mute[LM],mute[LM],mute[LM],mute[LM],mute[LM],mute[LM],mute[LM],mute[LM],mute[LM],mute[LM],mute[LM],mute[LM],mute[LM],mute[LM],mute[LM],mute[LM],mute[LM],mute[LM],mute[LM],mute[LM],mute[LM],mute[LM],mute[LM],mute[LM],mute[LM],mute[LM],mute[LM],mute[LM],mute[LM],mute[LM],mute[LM],mute[LM],mute[LM],mute[LM],mute[LM],mute[LM],mute[LM],mute[LM],mute[LM],mute[LM],mute[LM],mute[LM],mute[LM],mute[LM],mute[LM],mute[LM],mute[LM],mute[LM],mute[LM],mute[LM],mute[LM],mute[LM],mute[LM],mute[LM],mute[LM],mute[LM],mute[LM],mute[LM],mute[LM],mute[LM],mute[LM];","(g1.g.A-1.A-2)[LM],(G-1.G-2)[LM],(a1.f1.d1.a.d.D-1)[JK],(a1.e1.a.A-1.A-2)[JK],(a1.e1.c1.a.A-1.A-2)[JK],(d2.a1.d1.F-1.F-2)[KL],(d2.f1.d1.D-1.D-2)[KL],(c2.e1.c1.A-1.A-2)[KL],(b1.b)[LM],(a1.a.G-1.G-2)[LM],(d2.a1.d1.F-1.F-2)[LM],(E-1.E-2)[LM],(d2.a1.d1.F-1.F-2)[LM],(G-1.G-2)[LM],(c2.e1.c1.A-1.A-2)[KL],(b1.b)[LM],(a1.a)[LM],(c2.a1.f1.c1.F-1.F-2)[KL],(d2.a1.f1.d1.D-1.D-2)[KL],(g1.e1.c1.g.C-1.C-2)[JK],(a1.f1.c1.a.F-1.F-2)[JK],(d1.#a.f.d.#A-1.#A-2)[JK],(a1.a.c.C-1)[KL],(f1.f.A-1.A-2)[KL],(d1.#a.f.d.F-1.F-2)[JM],(e1.e.G-1.G-2)[LM],(f1.c1.f.A-1.A-2)[LM],(g1.g)[LM],(a1.f1.c1.a.F-1.F-2)[LM],(b1.b)[LM],(c2.g1.e1.c1.C-1.C-2)[KL],(c2.c1)[LM],(D-1.D-2)[LM],(g1.c1.g.E-1.E-2)[LM],(D-1.D-2)[LM],(a1.c1.a.E-1.E-2)[LM],(F-1.F-2)[LM],(#a1.d1.#a.G-1.G-2)[LM],(F-1.F-2)[LM],(a1.a.G-1.G-2)[LM],(g1.g.A-1.A-2)[LM],(f1.d1.f.#A-1.#A-2)[LM],(A-1.A-2)[LM],(g1.d1.g.#A-1.#A-2)[LM],(c.C-1)[LM],(a1.e1.a.A-1.A-2)[LM],(G-1.G-2)[LM],(F-1.F-2)[LM],(E-1.E-2)[LM],(d1.d.D-1.D-2)[JK],(a1.e1.c1.a.A-1.A-2)[JK],(d2.a1.d1.f.F-1)[KL],(d2.f1.d1.d.D-1)[KL],(c2.e1.c1.A-1.A-2)[KL],(b1.b)[LM],(a1.a)[LM],(d2.a1.d1.f.F-1)[LM],(e.E-1)[LM],(d2.a1.f1.d1.f.F-1)[LM],(d.D-1)[LM],(c2.e1.c1.A-1.A-2)[KL],(b1.b)[LM],(a1.a)[LM],(c2.a1.f1.c1.F-1.F-2)[LM],(f.F-1)[LM],(d2.a1.f1.d1.e.E-1)[LM],(d.D-1)[LM],(g1.e1.c1.g.c.C-1)[LM],(#A-1.#A-2)[LM],(A-1.A-2)[LM],(G-1.G-2)[LM],(a1.f1.c1.a.F-1.F-2)[LM],(E-1.E-2)[LM],(D-1.D-2)[LM],(C-1.C-2)[LM],(d1.#a.f.d.#A-2.#A-3)[JK],(a1.a.f.F-1)[KL],(f1.f.d.D-1)[KL],(d1.d.#A-1.#A-2)[LM],(A-1.A-2)[LM],(#A-1.#A-2)[LM],(e1.e.c.C-1)[LM],(f1.f.d.D-1)[LM],(g1.g.e.E-1)[LM],(a1.a.f.F-1)[LM],(b1.b.d.D-1)[LM],(c2.g1.c1.e.E-1)[LM],(f.F-1)[LM],(c2.c1.g.G-1)[LM],(f.F-1)[LM],(g1.c1.g.e.E-1)[LM],(c.C-1)[LM],(a1.c1.a.f.F-1)[LM],(e.E-1)[LM],(#a1.#a.d.D-1)[LM],(e.E-1)[LM],(a1.a.f.F-1)[LM],(g1.g.e.E-1)[LM],(f1.f.d.D-1)[LM],(f.F-1)[LM],(g1.g.e.E-1)[LM],(d.D-1)[LM],(a1.e1.a.c.C-1)[LM],(B-1.B-2)[LM],(c.C-1)[LM],(A-1.A-2)[LM],(d1.d.D-1)[HK],(#c3.#c2.a.e.#c.A-1)[LM],(b2.b1)[LM],(#c3.#c2)[LM],(a2.a1)[LM],(e3.e2.#c3.a2.#c1.#c)[KL],(a.A-1)[KL],(b2.#g2.e1.b.#g.e)[LM],(b2.b1)[LM],(#g2.#g1)[LM],(b2.b1)[LM],(e2.e1.#g.e.B-1.#G-1)[KL],(e.E-1)[KL],(d3.d2.b.#f.d.B-1)[LM],(#c3.#c2)[LM],(d3.d2)[LM],(b2.b1)[LM],(#f3.#f2.d3.b2.d1.d)[KL],(b.B-1)[KL],(#c3.a2.#f1.#c1.a.#f)[LM],(#c3.#c2)[LM],(a2.a1)[LM],(#c3.#c2)[LM],(#f2.#f1.a.#f.#c.A-1)[KL],(#f.#F-1)[KL],(#f3.#f2.d1.a.#f.d)[LM],(e3.e2)[LM],(#f3.#f2)[LM],(d3.d2)[LM],(a3.a2.#f3.d3.#f1.#f)[KL],(d1.d)[KL],(e3.#c3.#c1.a.e.#c)[LM],(e3.e2)[LM],(#c4.#c3)[LM],(b3.b2)[LM],(a3.a2.a.A-1)[LM],(#g3.#g2)[LM],(#f3.#f2.#c1.#c)[LM],(e3.e2)[LM],(e3.e2.#g.#G-1)[LM],(d3.d2)[LM],(d3.d2.a.A-1)[LM],(#c3.#c2)[LM],(#c3.#c2.d.D-1)[LM],(b2.b1)[LM],(b2.b1.#f.#F-1)[LM],(a2.a1)[LM],(#g2.#g1.e.E-1)[LM],(e2.e1)[LM],(#d2.#d1.d1.d)[LM],(e2.e1)[LM],(#f2.#f1.#c1.#c)[LM],(#g2.#g1)[LM],(a2.a1.b.B-1)[LM],(b2.b1)[LM],(#c3.#c2.a.e.#c.A-1)[LM],(b2.b1)[LM],(#c3.#c2)[LM],(a2.a1)[LM],(e3.e2.#c3.a2.#c1.a.e.#c)[KL],(a.A-1)[KL],(b2.#g2.e1.b.#g.e)[LM],(b2.b1)[LM],(#g2.#g1)[LM],(b2.b1)[LM],(b1.#g1.e2.e1.#g.#G-1)[KL],(e.E-1)[KL],(d3.d2.b.#f.d.B-1)[LM],(#c3.#c2)[LM],(d3.d2)[LM],(b2.b1)[LM],(#f3.#f2.d3.b2.d1.b.#f.d)[KL],(b.B-1)[KL],(#c3.a2.#f1.#c1.a.#f)[LM],(#c3.#c2)[LM],(a2.a1)[LM],(#c3.#c2)[LM],(#c2.a1.#f2.#f1.a.A-1)[KL],(#f.#F-1)[KL],(#f3.#f2.d1.a.#f.d)[LM],(e3.e2)[LM],(#f3.#f2)[LM],(d3.d2)[LM],(a3.a2.#f3.d3.#f1.d1.a.#f)[KL],(d1.d)[KL],(e3.#c3.a1.e1.#c1.a)[LM],(e3.e2)[LM],(#c4.#c3)[LM],(b3.b2)[LM],(a3.a2.#c1.#c)[LM],(#g3.#g2)[LM],(#f3.#f2.e1.e)[LM],(e3.e2)[LM],(e3.e2.#g.#G-1)[LM],(d3.d2)[LM],(#f3.#f2.b.B-1)[LM],(d3.d2)[LM],(d3.d2.a.A-1)[LM],(#c3.#c2)[LM],(e3.e2.#c1.#c)[LM],(#c3.#c2)[LM],(#c3.#c2.e.E-1)[LM],(b2.b1)[LM],(d3.d2.#g.#G-1)[LM],(b2.b1)[LM],(b2.b1.#f.#F-1)[LM],(a2.a1)[LM],(#c3.#c2.a.A-1)[LM],(a2.a1)[LM],(#c3.#c2.d.D-1)[LM],(b2.b1)[LM],(d3.d2.#f.#F-1)[LM],(#c3.#c2)[LM],(#c3.#c2.d.D-1)[LM],(b2.b1)[LM],(b2.b1.#d.#D-1)[LM],(a2.a1)[LM],(a2.a1.e.E-1)[LM],(#g2.#g1)[LM],(#g2.#g1)[LM],(a2.a1)[LM],(a2.a1)[LM],(b2.b1)[LM],(b2.b1)[LM],(#c3.#c2)[LM],(#c3.#c2.d1.b.e)[LM],(d3.d2)[LM],(d3.d2)[LM],(e3.e2)[LM],(e3.e2.e1.#c1.e)[LM],(#f3.#f2)[LM],(#f3.#f2.d1.b.e)[LM],(#g3.#g2)[LM],(#g3.#g2.#c1.a.e)[LM],(a3.a2)[LM],(a3.a2)[LM],(#g3.#g2)[LM],(#g3.#g2)[LM],(#f3.#f2)[LM],(#f3.#f2)[LM],(e3.e2)[LM],(e3.e2.#c1.a.e)[LM],(d3.d2)[LM],(d3.d2)[LM],(#c3.#c2)[LM],(#c3.#c2.b.#g.e)[LM],(b2.b1)[LM],(b2.b1.#c1.a.e)[LM],(a2.a1)[LM],(a2.a1.d1.b.e)[LM],(#g2.#g1)[LM],(#g2.#g1)[LM],(a2.a1)[LM],(a2.a1)[LM],(b2.b1)[LM],(b2.b1)[LM],(#c3.#c2)[LM],(#c3.#c2.d1.b.e)[LM],(d3.d2)[LM],(d3.d2)[LM],(e3.e2)[LM],(e3.e2.e1.#c1.e)[LM],(#f3.#f2)[LM],(#f3.#f2.d1.b.e)[LM],(#g3.#g2)[LM],(#g3.#g2.#c1.a.e)[LM],(a3.a2)[LM],(a3.a2)[LM],(#g3.#g2)[LM],(#g3.#g2.e1.#c1.e)[LM],(#f3.#f2)[LM],(#f3.#f2)[LM],(e3.e2)[LM],(e3.e2.b.#g.e)[LM],(d3.d2)[LM],(d3.d2)[LM],(#c3.#c2)[LM],(#c3.#c2.#c1.a.e)[LM],(b2.b1)[LM],(b2.b1)[LM],(a2.a1)[LM],(#g2.#g1.d1.b.e)[LM],(e2.e1)[LM],(b2.b1)[LM],(#g2.#g1)[LM],(a2.a1.#c1.a.e)[LM],(e2.e1)[LM],(#c3.#c2)[LM],(a2.a1)[LM],(b2.b1.b.#g.e)[LM],(e2.e1)[LM],(#d2.#d1.d1.d)[LM],(e2.e1)[LM],(#f2.#f1.#c1.#c)[LM],(#g2.#g1)[LM],(a2.a1.b.B-1)[LM],(b2.b1)[LM],(#c3.#c2.a.e.#c.A-1)[LM],(b2.b1)[LM],(#c3.#c2)[LM],(a2.a1)[LM],(e3.e2.#c3.a2.#c1.a.e.#c)[KL],(a.A-1)[KL],(e1.b.#g.e)[LM],(b2.b1)[LM],(#g2.#g1)[LM],(b2.b1)[LM],(b1.#g1.e2.e1.#g.e.B-1.#G-1)[KL],(e.E-1)[KL],(d3.d2.b.#f.d.B-1)[LM],(#c3.#c2)[LM],(d3.d2)[LM],(b2.b1)[LM],(#f3.#f2.d3.b2.d1.b.#f.d)[KL],(b.B-1)[KL],(#f1.#c1.a.#f)[LM],(#c3.#c2)[LM],(a2.a1)[LM],(#c3.#c2)[LM],(#c2.a1.#f2.#f1.a.#f.#c.A-1)[KL],(#f.#F-1)[KL],(#f3.#f2.d1.a.#f.d)[LM],(e3.e2)[LM],(#f3.#f2)[LM],(d3.d2)[LM],(a3.a2.#f3.d3.#f1.d1.a.#f)[KL],(d1.d)[KL],(#c1.a.e.#c)[LM],(e3.e2)[LM],(#c4.#c3)[LM],(b3.b2)[LM],(a3.a2.a.A-1)[LM],(#g3.#g2)[LM],(#f3.#f2.#c1.#c)[LM],(e3.e2)[LM],(e3.e2.#g.#G-1)[LM],(d3.d2)[LM],(#f3.#f2.b.B-1)[LM],(d3.d2)[LM],(d3.d2.a.A-1)[LM],(#c3.#c2)[LM],(e3.e2.#c1.#c)[LM],(#c3.#c2)[LM],(#c3.#c2.e.E-1)[LM],(b2.b1)[LM],(d3.d2.#g.#G-1)[LM],(b2.b1)[LM],(b2.b1.#f.#F-1)[LM],(a2.a1)[LM],(#c3.#c2.a.A-1)[LM],(a2.a1)[LM],(#c3.#c2.d.D-1)[LM],(b2.b1)[LM],(d3.d2.#f.#F-1)[LM],(#c3.#c2)[LM],(#c3.#c2.B-1.B-2)[LM],(b2.b1)[LM],(b2.b1.d.D-1)[LM],(a2.a1)[LM],(a2.a1.e.E-1)[LM],(#g2.#g1)[LM],(#g2.#g1)[LM],(a2.a1)[LM],(a2.a1)[LM],(b2.b1)[LM],(b2.b1)[LM],(#c3.#c2)[LM],(#c3.#c2.d1.b.e)[LM],(d3.d2)[LM],(d3.d2)[LM],(e3.e2)[LM],(e3.e2.e1.#c1.e)[LM],(#f3.#f2)[LM],(#f3.#f2.d1.b.e)[LM],(#g3.#g2)[LM],(#g3.#g2.#c1.a.e)[LM],(a3.a2)[LM],(a3.a2)[LM],(#g3.#g2)[LM],(#g3.#g2)[LM],(#f3.#f2)[LM],(#f3.#f2)[LM],(e3.e2)[LM],(e3.e2.e1.#c1.e)[LM],(d3.d2)[LM],(d3.d2)[LM],(#c3.#c2)[LM],(#c3.#c2.#f1.d1.e)[LM],(b2.b1)[LM],(b2.b1.e1.#c1.e)[LM],(a2.a1)[LM],(a2.a1.d1.b.e)[LM],(#g2.#g1)[LM],(#g2.#g1)[LM],(a2.a1)[LM],(a2.a1)[LM],(b2.b1)[LM],(b2.b1)[LM],(#c3.#c2)[LM],(#c3.#c2.d1.b.e)[LM],(d3.d2)[LM],(d3.d2)[LM],(e3.e2)[LM],(e3.e2.e1.c1.e)[LM],(#f3.#f2)[LM],(#f3.#f2.d1.b.e)[LM],(#g3.#g2)[LM],(#g3.#g2.c1.a.e)[LM],(a3.a2)[LM],(a3.a2)[LM],(g3.g2)[LM],(g3.g2.e1.c1.e)[LM];"],"id":2,"instruments":["piano","piano"],"alternatives":["",""]},{"bpm":276,"baseBeats":0.5,"scores":["mute[LM],mute[LM],mute[LM],mute[LM],mute[LM],mute[LM],mute[LM],mute[LM],mute[LM],mute[LM],mute[LM],mute[LM],mute[LM],mute[LM],mute[LM],mute[LM],mute[LM],mute[LM],mute[LM],mute[LM],mute[LM],mute[LM],mute[LM],mute[LM],mute[LM],mute[LM],mute[LM],mute[LM],mute[LM],mute[LM],mute[LM],mute[LM],mute[LM],mute[LM],mute[LM],mute[LM],mute[LM],mute[LM],mute[LM],mute[LM],mute[LM],mute[LM],mute[LM],mute[LM],mute[LM],mute[LM],mute[LM],mute[KL],mute[KL],mute[LM],mute[LM],mute[LM],mute[LM],mute[KL],mute[KL],mute[LM],mute[LM],mute[LM],mute[LM],mute[KL],mute[KL],mute[LM],mute[LM],mute[LM],mute[LM],mute[KL],mute[KL],mute[LM],mute[LM],mute[LM],mute[LM],mute[KL],mute[KL],mute[LM],mute[LM],mute[LM],mute[LM],mute[LM],mute[LM],mute[LM],mute[LM],mute[LM],mute[LM],mute[LM],mute[LM],mute[LM],mute[LM],mute[LM],mute[LM],mute[LM],mute[LM],mute[LM],mute[LM],mute[LM],mute[LM],mute[LM],mute[LM],mute[LM],mute[LM],mute[LM],mute[LM],mute[HK],mute[JK],mute[KL],mute[KL],mute[IJ],mute[JK],mute[KL],mute[KL],mute[IJ],mute[JK],mute[KL],mute[KL],mute[JM],mute[LM],mute[LM],mute[LM],mute[LM],mute[LM],mute[KL],mute[KL],mute[KL],mute[KL],mute[KL],mute[LM],mute[LM],mute[LM],mute[LM],mute[LM],mute[LM],mute[LM],mute[LM],mute[LM],mute[LM],mute[JK],mute[KL],mute[KL],mute[KL],mute[KL],mute[KL],mute[LM],mute[LM],mute[LM],mute[LM],mute[LM],mute[LM],mute[LM],mute[LM],mute[LM],mute[LM],mute[LM],mute[LM],mute[LM],mute[LM],mute[LM],mute[LM],mute[LM],mute[LM],mute[LM],mute[LM],mute[LM],mute[LM],mute[LM],mute[LM],mute[LM],mute[LM],mute[JK],mute[JM],mute[LM],mute[LM],mute[LM],mute[LM],mute[LM],mute[KL],mute[LM],mute[LM],mute[LM],mute[LM],mute[LM],mute[LM],mute[KL],mute[LM],mute[LM],mute[LM],mute[LM],mute[LM],mute[LM],mute[LM],mute[LM],mute[LM],mute[LM],mute[LM],mute[LM],mute[LM],mute[LM],mute[LM],mute[LM],mute[LM],mute[LM],mute[LM],mute[LM],mute[LM],mute[LM],mute[LM],mute[LM],mute[LM],mute[LM],mute[LM],mute[LM],mute[LM],mute[LM],mute[LM],mute[LM],mute[LM],mute[LM],mute[LM],mute[LM],mute[LM],mute[LM],mute[LM],mute[LM],mute[LM],mute[LM],mute[LM],mute[LM],mute[LM],mute[LM],mute[LM],mute[LM],mute[LM],mute[LM],mute[LM],mute[LM],mute[LM],mute[LM],mute[LM],mute[LM],mute[LM],mute[LM],mute[LM],mute[LM],mute[LM],mute[LM],mute[LM],mute[LM],mute[LM],mute[LM],mute[LM],mute[LM],mute[LM],mute[LM],mute[LM],mute[LM],mute[LM],mute[LM],mute[LM],mute[LM],mute[LM],mute[LM],mute[LM],mute[LM],mute[LM],mute[LM],mute[LM],mute[LM],mute[LM],mute[LM],mute[LM],mute[LM],mute[LM],mute[LM],mute[LM],mute[LM],mute[LM],mute[LM],mute[LM],mute[LM],mute[LM],mute[LM],mute[LM],mute[LM],mute[LM],mute[LM],mute[LM],mute[LM],mute[LM],mute[LM],mute[LM],mute[LM],mute[LM],mute[LM],mute[LM],mute[LM],mute[LM],mute[LM],mute[LM],mute[LM],mute[LM],mute[LM],mute[LM],mute[LM],mute[LM],mute[LM],mute[LM],mute[LM],mute[LM],mute[LM],mute[LM],mute[LM],mute[LM],mute[LM],mute[LM],mute[LM],mute[LM],mute[LM],mute[LM],mute[LM],mute[LM],mute[LM],mute[LM],mute[LM],mute[LM],mute[LM],mute[LM],mute[LM],mute[LM],mute[LM],mute[LM],mute[LM],mute[LM],mute[LM],mute[LM],mute[LM],mute[LM],mute[LM],mute[LM],mute[LM],mute[LM],mute[LM],mute[LM],mute[LM],mute[LM],mute[LM],mute[LM],mute[LM],mute[LM],mute[LM],mute[LM],mute[LM],mute[LM],mute[LM],mute[LM],mute[LM],mute[LM],mute[LM],mute[LM],mute[LM],mute[LM],mute[LM],mute[LM],mute[LM],mute[LM],mute[LM],mute[LM],mute[LM],mute[LM],mute[LM],mute[LM],mute[LM],mute[LM],mute[LM],mute[LM],mute[LM],mute[LM],mute[LM],mute[LM],mute[LM],mute[LM],mute[LM],mute[LM],mute[LM],mute[LM],mute[LM],mute[LM],mute[LM],mute[LM],mute[LM],mute[LM],mute[LM],mute[LM],mute[LM],mute[LM],mute[LM],mute[LM],mute[LM],mute[LM],mute[LM],mute[LM],mute[LM],mute[LM],mute[LM],mute[LM],mute[LM],mute[LM],mute[LM],mute[LM],mute[LM],mute[LM],mute[LM],mute[LM],mute[LM],mute[LM],mute[LM],mute[LM],mute[LM],mute[LM],mute[LM],mute[LM],mute[LM],mute[LM],mute[LM],mute[LM],mute[LM],mute[LM],mute[LM],mute[LM],mute[LM],mute[LM],mute[LM],mute[LM],mute[LM],mute[LM],mute[LM],mute[LM],mute[LM],mute[LM],mute[LM],mute[LM],mute[LM],mute[LM],mute[LM],mute[LM],mute[LM],mute[IJ],mute[JK],mute[KL],mute[KL],mute[IJ],mute[IJ],mute[HI],ST;","(f3.f2)[LM],(f3.f2)[LM],(e3.e2)[LM],(e3.e2.b.#g.e)[LM],(d3.d2)[LM],(d3.d2)[LM],(c3.c2)[LM],(c3.c2.c1.a.e)[LM],(b2.b1)[LM],(b2.b1)[LM],(a2.a1)[LM],(#g2.#g1.d1.b.e)[LM],(e2.e1)[LM],(b2.b1)[LM],(#g2.#g1)[LM],(a2.a1.c1.a.e)[LM],(e2.e1)[LM],(c3.c2)[LM],(a2.a1)[LM],(b2.b1.b.#g.e)[LM],(e2.e1)[LM],(d3.d2)[LM],(b2.b1)[LM],(a2.a1.c1.a.e)[LM],(e2.e1)[LM],(c3.c2)[LM],(a2.a1)[LM],(#g2.#g1.d1.b.e)[LM],(e2.e1)[LM],(b2.b1)[LM],(#g2.#g1)[LM],(a2.a1.c1.a.e)[LM],(e2.e1)[LM],(c3.c2)[LM],(a2.a1)[LM],(b2.b1.b.#g.e)[LM],(e2.e1)[LM],(#d2.#d1.d1.d)[LM],(e2.e1)[LM],(#f2.#f1.#c1.#c)[LM],(#g2.#g1)[LM],(a2.a1.b.B-1)[LM],(b2.b1)[LM],(#c3.#c2.A-1.E-1.#C-1.A-2)[LM],(b2.b1)[LM],(#c3.#c2.a.A-1)[LM],(a2.a1)[LM],(e3.e2.#c3.a2.#c1.a.e.#c)[KL],(#c3.a2.a.e.#c.A-1)[KL],(b2.#g2.e1.b.#g.e)[LM],(b2.b1)[LM],(#g2.#g1.e.E-1)[LM],(b2.b1)[LM],(b1.#g1.e2.e1.#g.e.B-1.#G-1)[KL],(b1.#g1.e.B-1.#G-1.E-1)[KL],(d3.d2.B-1.#F-1.D-1.B-2)[LM],(#c3.#c2)[LM],(d3.d2.b.B-1)[LM],(b2.b1)[LM],(#f3.#f2.d3.b2.d1.b.#f.d)[KL],(d3.b2.b.#f.d.B-1)[KL],(#c3.a2.#f1.#c1.a.#f)[LM],(#c3.#c2)[LM],(a2.a1.#f.#F-1)[LM],(#c3.#c2)[LM],(#c2.a1.#f2.#f1.a.#f.#c.A-1)[KL],(#c2.a1.#f.#c.A-1.#F-1)[KL],(#f3.#f2.d.A-1.#F-1.D-1)[LM],(e3.e2)[LM],(#f3.#f2.d1.d)[LM],(d3.d2)[LM],(a3.a2.#f3.d3.#f1.d1.a.#f)[KL],(#f3.d3.d1.a.#f.d)[KL],(e3.#c3.a1.e1.#c1.a)[LM],(e3.e2)[LM],(#c4.#c3.a.A-1)[LM],(b3.b2)[LM],(a3.a2.#c1.a.e.#c)[LM],(#g3.#g2)[LM],(#f3.#f2.a.e.#c.A-1)[LM],(e3.e2)[LM],(e3.e2.#g.#G-1)[LM],(d3.d2)[LM],(b3.b2.b.B-1)[LM],(d3.d2)[LM],(d3.d2.a.A-1)[LM],(#c3.#c2)[LM],(a3.a2.#c1.#c)[LM],(#c3.#c2)[LM],(#c3.#c2.f.F-1)[LM],(b2.b1)[LM],(#g3.#g2.#g.#G-1)[LM],(b2.b1)[LM],(b2.b1.#f.#F-1)[LM],(a2.a1)[LM],(#f3.#f2.a.A-1)[LM],(a2.a1)[LM],(#c3.#c2.d.D-1)[LM],(b2.b1)[LM],(d3.d2.e.E-1)[LM],(#g2.#g1)[LM],(a2.a1.A-1.A-2)[HK],(d1.a.f.d.D-1.D-2)[JK],(a1.a.F-1.F-2)[KL],(f1.f.A-1.A-2)[KL],(d1.d.D-1.D-2)[IJ],(d1.a.f.d.D-1.D-2)[JK],(a1.a.F-1.F-2)[KL],(f1.f.A-1.A-2)[KL],(d1.d.D-1.D-2)[IJ],(d1.a.f.d.D-1.D-2)[JK],(a1.a.F-1.F-2)[KL],(f1.f.A-1.A-2)[KL],(d1.d.D-1.D-2)[JM],(e1.e.E-1.E-2)[LM],(f1.f.F-1.F-2)[LM],(g1.g.G-1.G-2)[LM],(a1.a.A-1.A-2)[LM],(b1.b.B-1.B-2)[LM],(c2.g1.e1.c1.c.C-1)[KL],(c2.c1.C-1.C-2)[KL],(g1.e1.c1.g.c.C-1)[KL],(a1.f1.c1.a.F-1.F-2)[KL],(#a1.d1.#a.#A-1.#A-2)[KL],(a1.a)[LM],(g1.g.c.C-1)[LM],(f1.#a.f.d.D-1)[LM],(c.C-1)[LM],(g1.d1.g.d.D-1)[LM],(e.E-1)[LM],(a1.f1.a.f.F-1)[LM],(e.E-1)[LM],(f.F-1)[LM],(g.G-1)[LM],(a1.e1.a.e.E-1)[JK],(d1.d.D-1)[KL],(#a.#A-1)[KL],(a1.a.c.C-1)[KL],(f1.f)[KL],(d1.d.#A-1.#A-2)[KL],(g.G-1)[LM],(e1.e)[LM],(f1.c1.f.A-1.A-2)[LM],(g1.g)[LM],(a1.f1.a.f.F-1)[LM],(b1.b)[LM],(c2.g1.e1.c1.C-1.C-2)[LM],(D-1.D-2)[LM],(c2.c1.E-1.E-2)[LM],(F-1.F-2)[LM],(g1.c1.g.E-1.E-2)[LM],(F-1.F-2)[LM],(a1.c1.a.G-1.G-2)[LM],(A-1.A-2)[LM],(#a1.d1.#a.G-1.G-2)[LM],(A-1.A-2)[LM],(a1.a.#A-1.#A-2)[LM],(g1.g.c.C-1)[LM],(f1.d1.f.#A-1.#A-2)[LM],(c.C-1)[LM],(g1.d1.g.d.D-1)[LM],(e.E-1)[LM],(a1.f1.d1.a.d.D-1)[LM],(e.E-1)[LM],(f.F-1)[LM],(g.G-1)[LM],(a1.e1.a.A-1)[JK],(a1.e1.c1.a.A-1.A-2)[JM],(G-1.G-2)[LM],(d2.a1.d1.F-1.F-2)[LM],(E-1.E-2)[LM],(d2.a1.d1.F-1.F-2)[LM],(G-1.G-2)[LM],(c2.e1.c1.A-1.A-2)[KL],(b1.b)[LM],(a1.a.G-1.G-2)[LM],(d2.a1.d1.F-1.F-2)[LM],(E-1.E-2)[LM],(d2.a1.f1.d1.F-1.F-2)[LM],(G-1.G-2)[LM],(c2.e1.c1.A-1.A-2)[KL],(b1.b)[LM],(a1.a.G-1.G-2)[LM],(c2.a1.f1.c1.F-1.F-2)[LM],(G-1.G-2)[LM],(d2.a1.f1.d1.A-1.A-2)[LM],(B-1.B-2)[LM],(g1.e1.c1.g.c.C-1)[LM],(#a.#A-1)[LM],(a.A-1)[LM],(g.G-1)[LM],(a1.f1.c1.a.f.F-1)[LM],(e.E-1)[LM],(d.D-1)[LM],(c.C-1)[LM],(d1.d.#A-1.#A-2)[LM],(A-1.A-2)[LM],(#A-1.#A-2)[LM],(c.C-1)[LM],(a1.a.d.D-1)[LM],(e.E-1)[LM],(f1.f.d.D-1)[LM],(c.C-1)[LM],(d1.d.#A-1.#A-2)[LM],(A-1.A-2)[LM],(#A-1.#A-2)[LM],(e1.e.G-1.G-2)[LM],(f1.f.A-1.A-2)[LM],(g1.g.#A-1.#A-2)[LM],(a1.a.c.C-1)[LM],(b1.b.d.D-1)[LM],(c2.g1.c1.e.E-1)[LM],(f.F-1)[LM],(c2.c1.g.G-1)[LM],(f.F-1)[LM],(g1.c1.g.e.E-1)[LM],(c.C-1)[LM],(a1.c1.a.f.F-1)[LM],(e.E-1)[LM],(#a1.#a.d.D-1)[LM],(e.E-1)[LM],(a1.a.f.F-1)[LM],(g1.g.e.E-1)[LM],(f1.f.d.D-1)[LM],(f.F-1)[LM],(g1.g.e.E-1)[LM],(d.D-1)[LM],(a1.e1.a.c.C-1)[LM],(d.D-1)[LM],(a1.a.e.E-1)[LM],(d.D-1)[LM],(e1.e.c.C-1)[LM],(A-1.A-2)[LM],(f1.f.d.D-1)[LM],(c.C-1)[LM],(g1.g.#A-1.#A-2)[LM],(A-1.A-2)[LM],(f1.f.G-1.G-2)[LM],(e1.e.A-1.A-2)[LM],(d1.d.#A-1.#A-2)[LM],(G-1.G-2)[LM],(e1.e.c.C-1)[LM],(#A-1.#A-2)[LM],(f1.c1.f.A-1.A-2)[LM],(#A-1.#A-2)[LM],(f1.f.c.C-1)[LM],(#A-1.#A-2)[LM],(c1.c.A-1.A-2)[LM],(F-1.F-2)[LM],(d1.d.#A-1.#A-2)[LM],(A-1.A-2)[LM],(e1.e.G-1.G-2)[LM],(F-1.F-2)[LM],(d1.d.E-1.E-2)[LM],(c1.c.F-1.F-2)[LM],(b.B-1.G-1.G-2)[LM],(E-1.E-2)[LM],(#c1.#c.A-1.A-2)[LM],(G-1.G-2)[LM],(d1.d.F-1.F-2)[LM],(A-1.A-2)[LM],(e1.e.#c.#C-1)[LM],(A-1.A-2)[LM],(f1.f.d.D-1)[LM],(A-1.A-2)[LM],(g1.g.e.E-1)[LM],(A-1.A-2)[LM],(a1.a.f.F-1)[LM],(A-1.A-2)[LM],(#c2.a1.#c1.g.G-1)[LM],(A-1.A-2)[LM],(d2.b1.d1.f.F-1)[LM],(A-1.A-2)[LM],(e2.#c2.e1.e.E-1)[LM],(A-1.A-2)[LM],(f2.d2.f1.d.D-1)[LM],(#d.#D-1)[LM],(#f2.#d2.#f1.c.C-1)[LM],(d.D-1)[LM],(g2.d2.g1.#A-1.#A-2)[LM],(c.C-1)[LM],(a2.c2.a1.A-1.A-2)[LM],(#A-1.#A-2)[LM],(#a2.d2.#a1.G-1.G-2)[LM],(e.E-1)[LM],(e3.g2.e2.f.F-1)[LM],(g.G-1)[LM],(d3.f2.d2.a.A-1)[LM],(#g.#G-1)[LM],(#c3.e2.#c2.a.A-1)[LM],(g.G-1)[LM],(d2.d1.f.F-1)[LM],(a.A-1)[LM],(e2.e1.#c1.#c)[LM],(a.A-1)[LM],(f2.f1.d1.d)[LM],(a.A-1)[LM],(g2.g1.e1.e)[LM],(a.A-1)[LM],(a2.a1.f1.f)[LM],(a.A-1)[LM],(#c3.a2.#c2.g1.g)[LM],(a.A-1)[LM],(d3.b2.d2.f1.f)[LM],(a.A-1)[LM],(e3.#c3.e2.e1.e)[LM],(a.A-1)[LM],(f3.d3.f2.d1.d)[LM],(#d1.#d)[LM],(#f3.#d3.#f2.c1.c)[LM],(d1.d)[LM],(g3.d3.g2.#a.#A-1)[LM],(c1.c)[LM],(a3.c3.a2.a.A-1)[LM],(#a.#A-1)[LM],(#a3.d3.#a2.g.G-1)[LM],(a.A-1)[LM],(e4.g3.e3.f.F-1)[LM],(g.G-1)[LM],(d4.f3.d3.a.A-1)[LM],(#g.#G-1)[LM],(#c4.e3.#c3.a.A-1)[LM],(A-1.A-2)[LM],(d3.a2.f2.d2.d.D-1)[LM],(#c.#C-1)[LM],(d.D-1)[LM],(e.E-1)[LM],(a3.f3.d3.a2.f.F-1)[LM],(g.G-1)[LM],(f3.d3.a2.f2.a.A-1)[LM],(A-1.A-2)[LM],(d3.a2.f2.d2.d.D-1)[LM],(#c.#C-1)[LM],(d.D-1)[LM],(e.E-1)[LM],(f.F-1)[LM],(g.G-1)[LM],(a.A-1)[LM],(f.F-1)[LM],(d3.a2.f2.d2.d.D-1)[LM],(#c.#C-1)[LM],(d.D-1)[LM],(e.E-1)[LM],(a3.f3.d3.a2.f.F-1)[LM],(g.G-1)[LM],(f3.d3.a2.f2.a.A-1)[LM],(A-1.A-2)[LM],(d3.a2.f2.d2.d.D-1)[LM],(#c.#C-1)[LM],(d.D-1)[LM],(e.E-1)[LM],(f.F-1)[LM],(g.G-1)[LM],(a.A-1)[LM],(f.F-1)[LM],(d3.d2.d.D-1)[LM],(#c.#C-1)[LM],(d.D-1)[LM],(e3.e2.e.E-1)[LM],(f3.f2.f.F-1)[LM],(g3.g2.g.G-1)[LM],(a3.a2.a.A-1)[LM],(b3.b2.b.B-1)[LM],(c4.c3.c1.c)[LM],(b3.b2.b.B-1)[LM],(c4.c3.c1.c)[LM],(a3.a2.a.A-1)[LM],(f3.f2.f.F-1)[LM],(d3.d2.d.D-1)[LM],(g3.g2.g.G-1)[LM],(e3.e2.e.E-1)[LM],(a3.a2.a.A-1)[LM],(g3.g2.g.G-1)[LM],(a3.a2.a.A-1)[LM],(f3.f2.f.F-1)[LM],(d3.d2.d.D-1)[LM],(#a2.#a1.#A-1.#A-2)[LM],(e3.e2.e.E-1)[LM],(c3.c2.c.C-1)[LM],(f3.f2.f.F-1)[LM],(e3.e2.e.E-1)[LM],(f3.f2.f.F-1)[LM],(d3.d2.d.D-1)[LM],(#a2.#a1.#A-1.#A-2)[LM],(g2.g1.G-1.G-2)[LM],(c3.c2.c.C-1)[LM],(a2.a1.A-1.A-2)[LM],(f2.f1.F-1.F-2)[LM],(d2.d1.D-1.D-2)[LM],(g2.g1.G-1.G-2)[LM],(e2.e1.E-1.E-2)[LM],(a2.a1.A-1.A-2)[LM],(f2.f1.F-1.F-2)[LM],(#a2.#a1.#A-1.#A-2)[LM],(g2.g1.G-1.G-2)[LM],(c3.c2.c.C-1)[LM],(a2.a1.A-1.A-2)[LM],(d3.d2.d.D-1)[LM],(#a2.#a1.#A-1.#A-2)[LM],(e3.e2.e.E-1)[LM],(c3.c2.c.C-1)[LM],(f3.f2.f.F-1)[LM],(d3.d2.d.D-1)[LM],(g3.g2.g.G-1)[LM],(f3.f2.f.F-1)[LM],(e3.e2.e.E-1)[LM],(f3.f2.f.F-1)[LM],(g3.g2.g.G-1)[LM],(a3.a2.a.A-1)[LM],(#a3.#a2.#a.#A-1)[LM],(c4.c3.c1.c)[LM],(d4.d3.d1.d)[LM],(e4.e3.e1.e)[LM],(f4.f3.f1.f)[LM],(c4.c3.c1.c)[LM],(d4.d3.d1.d)[LM],(a3.a2.a.A-1)[LM],(#a3.#a2.#a.#A-1)[LM],(f3.f2.f.F-1)[LM],(g3.g2.g.G-1)[LM],(e3.e2.e.E-1)[LM],(f3.f2.f.F-1)[LM],(g3.g2.g.G-1)[LM],(a3.a2.a.A-1)[LM],(g3.g2.g.G-1)[LM],(a3.a2.a.A-1)[LM],(a2.a1.A-1.A-2)[LM],(d3.f2.d2.d.D-1)[LM],(A-1.A-2)[LM],(e3.a2.e2.#c.#C-1)[LM],(A-1.A-2)[LM],(f3.a2.f2.d.D-1)[LM],(A-1.A-2)[LM],(a3.e3.a2.#c.#C-1)[LM],(A-1.A-2)[LM],(f3.a2.f2.d.D-1)[LM],(A-1.A-2)[LM],(a3.e3.a2.#c.#C-1)[LM],(A-1.A-2)[LM],(d4.f3.d3.d.D-1)[LM],(A-1.A-2)[LM],(e4.a3.e3.#c.#C-1)[LM],(A-1.A-2)[LM],(f4.a3.f3.d.D-1)[IJ],(d1.a.f.d.D-1.A-2.F-2.D-2)[JK],(a1.f1.d1.a.F-1.D-1.A-2.F-2)[KL],(f1.d1.a.f.A-1.F-1.D-1.A-2)[KL],(d1.a.f.d.D-1.A-2.F-2.D-2)[IJ],(f4.d4.a3.f3.f2.d2.a1.f1.d1)[IJ],(d1.d.D-1.D-2)[HI],ST;"],"id":3,"instruments":["piano","piano"],"alternatives":["",""]}],"audition":{"start":[0,0],"end":[2,450]}}