{"baseBpm":113,"musics":[{"bpm":113,"baseBeats":0.5,"scores":["c2[L],U,c2[L],U,c2[L],U,c2[L],U;c2[L],5<a1[M],c2[M]>,d2[L],d2[L],c2[L],5<a1[M],c2[M]>,e2[L],e2[L];c2[L],5<a1[M],c2[M]>,f2[L],f2[L],e2[L],U,d2[L],U;d2[L],c2[L],c2[L],U,d2[L],c2[L],#a1[L],e1[L];f1[L],U,g1[L],g1[L],c2[L],5<e2[M],g2[M]>,c3[L],a2[L];a2[L],g2[L],g2[L],e2[L],a2[L],5<g2[M],f2[M]>,d2[L],c2[L];d2[L],c2[L],g1[L],g1[L],c2[L],5<e2[M],g2[M]>,c3[L],a2[L];a2[L],g2[L],g2[L],e2[L],a2[L],5<g2[M],f2[M]>,b1[L],d2[L];c2[L],U,U,U,c2[L],U,c2[K];c2[L],5<a1[M],c2[M]>,d2[L],d2[L],c2[L],5<a1[M],c2[M]>,e2[L],e2[L];c2[L],5<a1[M],c2[M]>,f2[L],f2[L],e2[L],U,d2[L],U;d2[L],c2[L],c2[L],U,c2[L],#a1[L],#a1[L],e1[L];","S,f[L],(a.c1)[L],c[L],(a.c1)[L];f[L],(a.c1)[L],c[L],(a.c1)[L],f[L],c1[L],c[L],(a.c1)[L];f[L],c1[L],c[L],(a.c1)[L],e[L],(#a.c1)[L],c[L],(#a.c1)[L];f[L],(a.c1)[L],c[L],(a.c1)[L],e[L],(#a.c1)[L],c[L],(#a.c1)[L];(f.a.c1)[L],U,T,c[L],(e.g)[L],c[L],(f.a)[L];c[L],(e.g)[L],c[L],(e.g)[L],B-1[L],(f.g)[L],B-1[L],(f.g)[L];c[L],(e.g)[L],c[L],(e.g)[L],c[L],(e.g)[L],c[L],(f.a)[L];c[L],(e.g)[L],c[L],(e.g)[L],B-1[L],(f.g)[L],B-1[L],(f.g)[L];c[L],(e.g)[L],c[L],(e.#a)[L],f[L],(a.c1)[L],c[L],(a.c1)[L];f[L],(a.c1)[L],c[L],(a.c1)[L],f[L],(a.c1)[L],c[L],(a.c1)[L];f[L],(a.c1)[L],c[L],(a.c1)[L],e[L],(#a.c1)[L],c[L],(#a.c1)[L];f[L],(a.c1)[L],c[L],(a.c1)[L],e[L],(#a.c1)[L],c[L],(#a.c1)[L];"],"id":1},{"bpm":115,"baseBeats":0.5,"scores":["f1[L],U,U,U,d2[L],#d2[L],d2[L],5<V,#c2[M]>;c2[L],b1[L],c2[L],5<V,c2[M]>,g2[L],a2[L],g2[L],5<V,#f2[M]>;f2[L],e2[L],f2[L],5<V,f1[M]>,d2[L],#d2[L],d2[L],5<V,#c2[M]>;c2[L],b1[L],c2[L],5<V,c2[M]>,g2[L],a2[L],g2[L],5<V,#f2[M]>;f2[L],a1[L],#a1[L],U,U,a2[L],c2[L],a2[L];c2[L],a2[L],5<#a2[M],a2[M]>,5<g2[M],#f2[M]>,g2[L],g2[L],g2[L],5<V,c2[M]>;g2[L],g2[L],g2[L],U,U,#a2[L],g2[L],#a2[L];g2[L],#a2[L],5<e3[M],d3[M]>,5<c3[M],#a2[M]>,a2[L],c3[L],#a2[L],e2[L];","f[L],(a.c1)[L],(a.c1)[L],U,#A-1[L],(f.#a)[L],d[L],(f.#a)[L];f[L],(a.c1)[L],f[L],(a.c1)[L],f[L],(a.#d1)[L],f[L],(a.#d1)[L];#A-1[L],(#a.d1)[L],(#a.d1)[L],(#a.d1)[L],#A-1[L],(f.#a)[L],d[L],(f.#a)[L];f[L],(a.c1)[L],f[L],(a.c1)[L],f[L],(a.#d1)[L],f[L],(a.#d1)[L];(c1.#d1)[L],(c1.#d1)[L],(#a.d1)[L],U,f[L],(a.c1)[L],c[L],(a.c1)[L];f[L],(a.c1)[L],c[L],(a.c1)[L],e[L],(#a.c1)[L],c[L],(#a.c1)[L];e[L],(#a.c1)[L],c[L],(#a.c1)[L],e[L],(#a.c1)[L],c[L],(#a.c1)[L];e[L],(#a.c1)[L],c[L],(#a.c1)[L],(f.a)[K],(c.g.#a)[K];"],"id":2},{"bpm":117,"baseBeats":0.5,"scores":["f2[L],5<f2[M],f2[M]>,f2[L],f2[L],5<#d2[M],d2[M]>,5<#d2[M],f2[M]>,g2[L],a2[L];d3[L],f2[L],g2[L],5<V,f2[M]>,c3[L],#d2[L],f2[L],5<V,#d2[M]>;#a2[L],d2[L],#d2[L],5<V,d2[M]>,5<#d2[M],d2[M]>,5<#d2[M],f2[M]>,g2[L],a2[L];#a2[L],5<d3[M],c3[M]>,5<#a2[M],a2[M]>,5<g2[M],f2[M]>,5<e2[M],f2[M]>,5<a2[M],g2[M]>,5<f2[M],#d2[M]>,5<d2[M],c2[M]>;#a1[L],U,#a2[L],U,c2[L],U,c2[L],U;c2[L],5<a1[M],c2[M]>,d2[L],d2[L],c2[L],5<a1[M],c2[M]>,e2[L],e2[L];c2[L],5<a1[M],c2[M]>,f2[L],f2[L],e2[L],U,d2[L],U;d2[L],c2[L],c2[K],c3[L],#a2[L],#a2[L],e2[L];f2[L],f2[L],U,(e2.g2)[L],U,(f2.a2)[L],U,(g2.c3)[L];(c3.f3)[L],U,T,(c2.f2)[K],(c2.f2)[K];(c1.f1)[J],","(f.a)[L],U,T,f[L],(a.#d1)[L],f[L],(a.#d1)[L];#A-1[L],(#a.d1)[L],(#a.d1)[L],(#a.d1)[L],f[L],(a.#d1)[L],(a.#d1)[L],(a.#d1)[L];#A-1[L],(#a.d1)[L],(#a.d1)[L],(#a.d1)[L],f[L],(a.c1)[L],#d[L],(a.c1)[L];d[L],(f.#a)[L],(f.#a)[L],(f.#a)[L],(g.c1)[K],(a.#d1)[K];(#a.d1)[L],(#a.d1)[L],(#a.d1)[L],U,f[L],(a.c1)[L],c[L],(a.c1)[L];f[L],(a.c1)[L],c[L],(a.c1)[L],f[L],(a.c1)[L],c[L],(a.c1)[L];f[L],(a.c1)[L],c[L],(a.c1)[L],e[L],(#a.c1)[L],c[L],(#a.c1)[L];f[L],(a.c1)[L],c[L],(a.c1)[L],e[L],(#a.c1)[L],c[L],(#a.c1)[L];(f.a)[L],U,c[L],U,f[L],U,c[L],U;(F-1.f)[L],U,T,(f.f1)[K],(f.f1)[K];(F-1.f)[J],"],"id":3}],"audition":{"start":[0,4],"end":[0,22]}}