{"baseBpm":240,"musics":[{"id":1,"baseBeats":0.5,"scores":["mute[L],mute[L],mute[L],mute[L],mute[L],mute[L],mute[L],mute[L],mute[L],mute[L],mute[L],mute[L],mute[L],mute[L],mute[L],mute[L],mute[L],mute[L],mute[L],mute[L],mute[L],mute[L],mute[L],mute[L],mute[L],mute[L],mute[L],mute[L],mute[L],mute[L],mute[L],mute[L],mute[L],mute[L],mute[L],mute[L],mute[L],mute[L],mute[L],mute[L],mute[L],mute[L],mute[L],mute[L],mute[L],mute[L],mute[L],mute[L],mute[L],mute[L],mute[L],mute[L],mute[L],mute[L],mute[L],mute[L],mute[L],mute[L],mute[L],mute[L],mute[L],mute[L],mute[L],mute[L],mute[L],mute[L],mute[L],mute[L],mute[L],mute[L],mute[L],mute[L],mute[L],mute[L],mute[L],mute[L],mute[L],mute[L],mute[L],mute[L],mute[L],mute[L],mute[L],mute[L],mute[L],mute[L],mute[L],mute[L],mute[L],mute[L],mute[L],mute[L],mute[L],mute[L],mute[L],mute[L],mute[L],mute[L],mute[L],mute[L],mute[L],mute[L],mute[L],mute[L],mute[L],mute[L],mute[L],mute[L],mute[L],mute[L],mute[L],mute[L],mute[L],mute[L],mute[L],mute[L],mute[L],mute[L],mute[L],mute[L],mute[L],mute[L],mute[L],mute[L],mute[L],mute[L],mute[L],mute[L],mute[L],mute[L],mute[L],mute[L],mute[L],mute[L],mute[L],mute[L],mute[L],mute[L],mute[L],mute[L],mute[L],mute[L],mute[L],mute[L],mute[L],mute[L],mute[L],mute[L],mute[L],mute[L],mute[L],mute[L],mute[L],mute[L],mute[L],mute[L],mute[L],mute[L],mute[L],mute[L],mute[L],mute[L],mute[L],mute[L],mute[L],mute[L],mute[L],mute[L],mute[L],mute[L],mute[L],mute[L],mute[L],mute[L],mute[L],mute[L],mute[L],mute[L],mute[L],mute[L],mute[L],mute[L],mute[L],mute[L],mute[L],mute[L],mute[L],mute[L],mute[L],mute[L],mute[L],mute[L],mute[K],mute[L],mute[L],mute[L],mute[L],mute[L],mute[L],mute[L],mute[L],mute[L],mute[L],mute[L],mute[L],mute[L],mute[L],mute[L],mute[L],mute[L],mute[L],mute[L],mute[L],mute[L],mute[L],mute[K],mute[L],mute[L],mute[L],mute[L],mute[L],mute[L],mute[L],mute[L],mute[L],mute[L],mute[L],mute[L],mute[L],mute[L],mute[L],mute[L],mute[L],mute[L],mute[L],mute[L],mute[L],mute[L],mute[L],mute[L],mute[L],mute[L],mute[L],mute[L],mute[L],mute[L],mute[L],mute[L],mute[L],mute[L],mute[L],mute[L],mute[L],mute[L],mute[L],mute[L],mute[L],mute[L],mute[L],mute[L],mute[L],mute[L],mute[L],mute[L],mute[L],mute[L],mute[L],mute[L],mute[L],mute[L],mute[L],mute[L],mute[L],mute[L],mute[L],mute[L],mute[L],mute[L],mute[L],mute[L],mute[L],mute[L],mute[L],mute[L],mute[L],mute[L],mute[L],mute[L],mute[L],mute[L],mute[L],mute[L],mute[L],mute[L],mute[L],mute[L],mute[L],mute[L],mute[L],mute[L],mute[L],mute[L],mute[L],mute[L],mute[L],mute[L],mute[L],mute[L],mute[L],mute[L],mute[L],mute[L],mute[L],mute[L],mute[L],mute[L],mute[L],mute[L],mute[L],mute[L],mute[L],mute[L],mute[L],mute[L],mute[L],mute[L],mute[L],mute[L],mute[L],mute[L],mute[L],mute[L],mute[L],mute[L],mute[L],mute[L],mute[L],mute[L],mute[L],mute[L],mute[L],mute[L],mute[L],mute[L],mute[L],mute[L],mute[L],mute[L],mute[L],mute[L],mute[L],mute[L],mute[L],mute[L],mute[L],mute[L],mute[L],mute[L];","(#c1.#F-2.#F-1)[L],(#f1.a1)[L],#c1[L],#c1[L],b[L],a[L],d1[L],(#f1.b1)[L],d1[L],d1[L],#c1[L],b[L],f1[L],(#g1.#c2)[L],f1[L],f1[L],#d1[L],#c1[L],a1[L],(#c2.#f2)[L],a1[L],a1[L],#g1[L],#f1[L],(#f1.A-1)[L],(a1.#c2)[L],#f1[L],#f1[L],e1[L],d1[L],(d1.B-1)[L],(#f1.b1)[L],d1[L],d1[L],#c1[L],b[L],(b.#G-1)[L],(d1.#f1)[L],b[L],b[L],a[L],#g[L],(#g.#c)[L],#f[L],f[L],f[L],#d[L],#c[L],(#c1.#F-2.#F-1)[L],(#f1.a1)[L],#c1[L],#c1[L],b[L],a[L],d1[L],(#f1.b1)[L],d1[L],d1[L],#c1[L],b[L],f1[L],(#g1.#c2)[L],f1[L],f1[L],#d1[L],#c1[L],a1[L],(#c2.#f2)[L],a1[L],a1[L],#g1[L],#f1[L],(#f1.A-1)[L],(a1.#c2)[L],#f1[L],#f1[L],e1[L],d1[L],(d1.B-1)[L],(#f1.b1)[L],d1[L],d1[L],#c1[L],b[L],(a.c)[L],(#d1.#f1)[L],a[L],a[L],#g[L],#f[L],(f.#c)[L],(#g.#c1)[L],f[L],f[L],#d[L],#c[L],(#c1.A-2.A-1)[L],(a1.#c2)[L],#c1[L],#c2[L],b1[L],a1[L],a1[L],#g1[L],#f1[L],#f1[L],e1[L],d1[L],(d1.A-1.e)[L],(#g1.b1)[L],d1[L],b1[L],a1[L],#g1[L],#g1[L],#f1[L],e1[L],e1[L],d1[L],#c1[L],(#c1.A-1.e)[L],(#f1.a1)[L],#c1[L],a1[L],#g1[L],#f1[L],#f1[L],e1[L],d1[L],d1[L],#c1[L],b[L],b[L],(#g1.b1)[L],#c1[L],d1[L],(#g1.b1)[L],e1[L],#f1[L],(b1.d2)[L],#g1[L],a1[L],(d2.#f2)[L],b1[L],(#c2.a.e1)[L],(a2.#c3)[L],#c2[L],#c2[L],b1[L],(a1.#c2.#f2)[L],a1[L],#g1[L],#f1[L],(#f1.a)[L],e1[L],(d1.#g1)[L],(b1.a.e1)[L],(#g2.b2)[L],b1[L],b1[L],a1[L],(#g1.b1.e2)[L],#g1[L],#f1[L],e1[L],(e1.a)[L],d1[L],(#c1.a1)[L],(a1.a.e1)[L],(#f2.a2)[L],a1[L],a1[L],#g1[L],(#f1.a1.d2)[L],#f1[L],e1[L],d1[L],(d1.a)[L],#c1[L],(b.#g1)[L],(b.#g1)[L],(a.e1)[L],(#c1.a1)[L],(d1.#g1.b1)[L],(a.e1)[L],(e1.a1.#c2)[L],(#f1.b1.d2)[L],(a.e1)[L],(#g1.#c2.e2)[L],(a1.d2.#f2)[L],(a.e1)[L],(b1.d2.#g2)[L],(a1.#c2.a2.A-1.e.a)[K],#c1[L],#c2[L],b1[L],(a1.#c)[L],(a1.#c1)[L],(#g1.b)[L],(#f1.a)[L],(#f1.a)[L],(e1.#g)[L],(#d1.#f)[L],(#d1.#f)[L],(a1.#c2.#G-1)[L],(#d1.#f)[L],(#d1.#f)[L],(e1.#g)[L],(#f1.a)[L],(#f1.a)[L],(c2.#d2.#G-1)[L],(#f1.a)[L],(#f1.a)[L],(e1.#g)[L],(#d1.#f)[L],(#c1.e1.#c.#g)[K],#g[L],#g1[L],#f1[L],(#c1.e1)[L],(#c2.e1)[L],(b1.#d1)[L],(#a1.#c1)[L],(#a1.#c1)[L],(#g1.b)[L],(g1.#a)[L],(g1.#a)[L],(#c2.e2.#A-1)[L],(g1.#a)[L],(g1.#a)[L],(#g1.b)[L],(#a1.#c1)[L],(#a1.#c1)[L],(#c2.g2.#d)[L],(#a1.#c1)[L],(#a1.#c1)[L],(#g1.b)[L],(g1.#a)[L],(#g.b)[L],(d1.#g1)[L],b[L],b[L],#a[L],#g[L],(e1.#G-1)[L],(#g1.#c2)[L],e1[L],e1[L],#d1[L],#c1[L],(g1.#G-1)[L],(#a1.#d2)[L],g1[L],g1[L],f1[L],#d1[L],(b1.#g)[L],(#d2.#g2)[L],b1[L],b1[L],#a1[L],#g1[L],(#g1.B-1)[L],(b1.#d2)[L],#g1[L],#g1[L],#f1[L],e1[L],(e1.#c)[L],(#g1.#c2)[L],e1[L],e1[L],#d1[L],#c1[L],(#c1.#A-2.#A-1)[L],(e1.#g1)[L],#c1[L],#c1[L],b[L],#a[L],(#a.#D-1.#d)[L],#g[L],g[L],g[L],f[L],#d[L],(c1.#G-2.#G-1)[L],(#d1.#g1)[L],c1[L],c1[L],#a[L],#g[L],f1[L],(#g1.#c2)[L],f1[L],f1[L],#d1[L],#c1[L],g1[L],(#a1.#d2)[L],g1[L],g1[L],f1[L],#d1[L],c2[L],(#d2.#g2)[L],c2[L],c2[L],#a1[L],#g1[L],(#g1.c)[L],(#d2.#g2)[L],#g1[L],#g1[L],g1[L],f1[L],(f1.#c)[L],(#g1.#c2)[L],f1[L],f1[L],#d1[L],#c1[L],(#c1.#A-1)[L],(#a1.#c2)[L],#c1[L],#a[L],#g[L],g[L],(g.c)[L],f[L],e[L],e[L],d[L],c[L],(#g1.F-2.F-1)[L],(f2.#g2)[L],#g1[L],#g1[L],g1[L],f1[L],f1[L],#d1[L],#c1[L],#c1[L],c1[L],#a[L],(g1.F-2.F-1)[L],(e2.g2)[L],g1[L],g1[L],f1[L],e1[L],e1[L],d1[L],c1[L],c1[L],#a[L],#g[L];"]},{"id":2,"baseBeats":0.5,"scores":["mute[L],mute[L],mute[L],mute[L],mute[L],mute[L],mute[L],mute[L],mute[L],mute[L],mute[L],mute[L],mute[L],mute[L],mute[L],mute[L],mute[L],mute[L],mute[L],mute[L],mute[L],mute[L],mute[L],mute[L],mute[L],mute[L],mute[L],mute[L],mute[L],mute[L],mute[L],mute[L],mute[L],mute[L],mute[L],mute[L],mute[L],mute[L],mute[L],mute[L],mute[L],mute[L],mute[L],mute[L],mute[L],mute[L],mute[L],mute[L],mute[L],mute[L],mute[L],mute[L],mute[L],mute[L],mute[L],mute[L],mute[L],mute[L],mute[L],mute[L],mute[L],mute[L],mute[L],mute[L],mute[L],mute[L],mute[L],mute[L],mute[L],mute[L],mute[L],mute[L],mute[K],mute[L],mute[L],mute[L],mute[L],mute[L],mute[L],mute[L],mute[L],mute[L],mute[L],mute[L],mute[L],mute[L],mute[L],mute[L],mute[L],mute[L],mute[L],mute[L],mute[L],mute[L],mute[L],mute[K],mute[L],mute[L],mute[L],mute[L],mute[L],mute[L],mute[L],mute[L],mute[L],mute[L],mute[L],mute[L],mute[L],mute[L],mute[L],mute[L],mute[L],mute[L],mute[L],mute[L],mute[L],mute[L],mute[L],mute[L],mute[L],mute[L],mute[L],mute[L],mute[L],mute[L],mute[L],mute[L],mute[L],mute[L],mute[L],mute[L],mute[L],mute[L],mute[L],mute[L],mute[L],mute[L],mute[L],mute[L],mute[L],mute[L],mute[L],mute[L],mute[L],mute[L],mute[L],mute[L],mute[L],mute[L],mute[L],mute[L],mute[L],mute[L],mute[L],mute[L],mute[L],mute[L],mute[L],mute[L],mute[L],mute[L],mute[L],mute[L],mute[L],mute[L],mute[L],mute[L],mute[L],mute[L],mute[L],mute[L],mute[L],mute[L],mute[L],mute[L],mute[L],mute[L],mute[L],mute[L],mute[L],mute[L],mute[L],mute[L],mute[L],mute[L],mute[L],mute[L],mute[L],mute[L],mute[L],mute[L],mute[L],mute[L],mute[L],mute[L],mute[L],mute[L],mute[L],mute[L],mute[L],mute[L],mute[L],mute[L],mute[L],mute[L],mute[L],mute[L],mute[L],mute[L],mute[L],mute[L],mute[L],mute[L],mute[L],mute[L],mute[L],mute[L],mute[L],mute[L],mute[L],mute[L],mute[L],mute[L],mute[L],mute[L],mute[L],mute[L],mute[L],mute[L],mute[L],mute[L],mute[L],mute[L],mute[L],mute[L],mute[L],mute[L],mute[L],mute[L],mute[L],mute[L],mute[L],mute[L],mute[L],mute[L],mute[L],mute[L],mute[L],mute[L],mute[L],mute[L],mute[L],mute[L],mute[L],mute[L],mute[L],mute[L],mute[L],mute[L],mute[L],mute[L],mute[L],mute[L],mute[L],mute[L],mute[L],mute[L],mute[L],mute[L],mute[L],mute[L],mute[L],mute[L],mute[L],mute[L],mute[L],mute[L],mute[L],mute[L],mute[L],mute[L],mute[L],mute[L],mute[L],mute[L],mute[L],mute[L],mute[L],mute[L],mute[L],mute[L],mute[L],mute[L],mute[L],mute[L],mute[L],mute[L],mute[L],mute[L],mute[L],mute[L],mute[L],mute[L],mute[L],mute[L],mute[L],mute[L],mute[L],mute[L],mute[LN],mute[LN],mute[LN],mute[LN],mute[LN],mute[LNO],mute[LNO],mute[LNO],mute[LNO],mute[LNO],mute[LNO],mute[LNO],mute[LNO];","(f1.F-2.F-1)[L],(#c2.f2)[L],f1[L],f1[L],#d1[L],#c1[L],#c1[L],c1[L],#a[L],#a[L],#g[L],g[L],g[L],(e1.g1)[L],#g[L],#a[L],(e1.g1)[L],c1[L],d1[L],(g1.#a1)[L],e1[L],f1[L],(#a1.c2)[L],g1[L],(a1.f.c1)[L],(f2.a2)[L],a1[L],a1[L],g1[L],(f1.a1.d2)[L],f1[L],e1[L],(f.d1)[L],d1[L],c1[L],(#a.g1)[L],(g1.f.c1)[L],(e2.g2)[L],g1[L],g1[L],f1[L],(e1.g1.c2)[L],e1[L],d1[L],(f.c1)[L],c1[L],#a[L],(a.f1)[L],(f1.f.c1)[L],(d2.f2)[L],f1[L],f1[L],e1[L],(d1.f1.#a1)[L],d1[L],c1[L],(f.#a)[L],#a[L],a[L],(g.e1)[L],(g.e1)[L],(f.c1)[L],(a.f1)[L],(#a.e1.g1)[L],(f.c1)[L],(c1.f1.a1)[L],(d1.g1.#a1)[L],(f.c1)[L],(e1.a1.c2)[L],(f1.#a1.d2)[L],(f.c1)[L],(g1.#a1.e2)[L],(f1.a1.f2.f.c1)[K],a[L],a1[L],g1[L],(f1.A-1)[L],(f1.a)[L],(e1.g)[L],(d1.f)[L],(d1.f)[L],(c1.e)[L],(b.d)[L],(b.d)[L],(f1.a1.E-1)[L],(b.d)[L],(b.d)[L],(c1.e)[L],(d1.f)[L],(d1.f)[L],(#g1.b1.E-1)[L],(d1.f)[L],(d1.f)[L],(c1.e)[L],(b.d)[L],(c1.a1.A-1.e)[K],e1[L],e2[L],d2[L],(c2.e)[L],(c2.e1)[L],(#a1.d1)[L],(a1.c1)[L],(a1.c1)[L],(g1.b)[L],(f1.a)[L],f1[L],e1[L],(d1.f1)[L],f2[L],e2[L],(d2.f)[L],(d2.f1)[L],(c2.e1)[L],(b1.d1)[L],(b1.d1)[L],(a1.c1)[L],(g1.b)[L],g1[L],f1[L],(e1.g1)[L],g2[L],f2[L],(e2.g)[L],(e2.g1)[L],(d2.f1)[L],(#c2.e1)[L],(#c2.e1)[L],(b1.d1)[L],(a1.#c1)[L],(a1.#c1)[L],(e2.a2.f)[L],(a1.#c1)[L],(f2.d1)[L],(e2.e1)[L],(d2.f1)[L],(#a1.d1)[L],(d2.#a2.g)[L],(#a1.d1)[L],(g2.e1)[L],(f2.f1)[L],(e2.g1)[L],(c2.e1)[L],(g2.c3.a)[L],(c2.e1)[L],(a2.#f1)[L],(g2.g1)[L],(#f2.a1)[L],(d2.#f1)[L],(a2.d3.#a)[L],(d2.#f1)[L],(#a2.g1)[L],(a2.a1)[L],(g2.#a1)[L],(#d2.c1.g1)[L],(#a2.d3)[L],#d2[L],d2[L],c2[L],(#a1.d2.g2)[L],#a1[L],a1[L],(#a.g1)[L],g1[L],f1[L],(#d1.c2)[L],(f1.#g1.#d1)[L],f[L],#d1[L],f1[L],g1[L],(c1.#g1)[L],#g1[L],#a1[L],(c2.#d2.#g2)[L],c2[L],d2[L],(f1.#d2)[L],(d2.#a.f1)[L],(#g2.c3)[L],d2[L],c2[L],#a1[L],(#g1.d2.f2)[L],#g1[L],g1[L],(#a.f1)[L],f1[L],#d1[L],(d1.#a1)[L],(g1.#a1.#c1)[L],#d[L],#c1[L],#d1[L],f1[L],(#a.g1)[L],g1[L],#g1[L],(#a1.#c2.g2)[L],#a1[L],c2[L],(#d1.#c2)[L],(#c2.#g.#d1)[L],(#f2.#a2)[L],#c2[L],c2[L],#a1[L],(#g1.c2.#d2)[L],#f1[L],(b1.#d2)[L],(#g.#f1)[L],f1[L],#f1[L],(#g1.b1)[L],(b1.#f.#c1)[L],(e2.#g2)[L],b1[L],#a1[L],#g1[L],(#f1.#a1.#c2)[L],e1[L],(a1.#c2)[L],(#a.e1)[L],#d1[L],e1[L],(#f1.b1)[L],#d2[L],e2[L],(#f2.#d1)[L],#f1[L],#g1[L],(#d2.a1)[L],#f2[L],#g2[L],(a2.#f1)[L],a1[L],b1[L],(a2.#c2)[L],#d3[L],e3[L],(#f3.a1)[L],#d2[L],e2[L],(#d3.#f2)[L],#f3[L],#g3[L],(a3.#d2)[L],#f2[L],#g2[L],(#f3.a2)[L],(a3.#f2)[L],(#d3.a2)[L],(#f3.#d2)[L],(a2.#f2)[L],(#d3.a1)[L],(#f2.#d2)[L],(a2.#f1)[L],(#d2.a1)[L],(#f2.#d1)[L],(a1.#f1)[L],(#d2.a)[L],(#f1.#d1)[L],(#a1.g)[L],(e1.#a)[L],(g1.e)[L],(#a.g)[L],(e1.#A-1)[L],(g.e)[L],(#a.G-1)[L],(e.#A-1)[L],(g.E-1)[L],(#A-1.G-1)[L],(e.#A-2)[L],(G-1.E-1)[L],(c.#F-1)[L],(#f.A-2)[L],(A-1.C-1)[L],(#c.G-1)[L],(g.#A-2)[L],(#A-1.#C-1)[L],(d.#G-1)[L],(#g.B-2)[L],(B-1.D-1)[L],(#d.A-1)[L],(a.C-1)[L],(c.#D-1)[L],(e.#A-1)[L],(#a.#C-1)[L],(#c.E-1)[L],(f.B-1)[L],(b.D-1)[L],(d.F-1)[L],(#f.c)[L],(c1.#D-1)[L],(#d.#F-1)[L],(g.#c)[L],(#c1.E-1)[L],(e.G-1)[L],(#g.#c)[L],(#c1.F-1)[L],(f.#G-1)[L],(#c1.f)[L],(f1.#G-1)[LO],(#g.#c)[LO],(f1.#g)[LO],(#g1.#c)[LO],(#c1.f)[LO],(#c1.a)[LO],(a1.#c)[LN],(#c1.f)[LN],(#f1.a)[LN],(a1.d)[LN],(d1.#f)[LN],(#f1.b)[LN],(b1.#d)[LNO],(#d1.#f)[LNO],(#g1.b)[LNO],(b1.e)[LNO],(e1.#g)[LNO],(#g1.#c1)[LNO],(#c2.f)[LNO],(f1.#g)[LNO];"]},{"id":3,"baseBeats":0.5,"scores":["5<mute[M],mute[M]>,5<mute[M],mute[M]>,5<mute[M],mute[M]>,mute[L],mute[L],mute[L],5<mute[M],mute[M]>,5<mute[M],mute[M]>,5<mute[M],mute[M]>,mute[L],mute[L],mute[L],5<mute[M],mute[M]>,5<mute[M],mute[M]>,5<mute[M],mute[M]>,mute[L],mute[L],mute[L],5<mute[M],mute[M]>,5<mute[M],mute[M]>,5<mute[M],mute[M]>,mute[L],mute[L],mute[L],5<mute[M],mute[M]>,5<mute[M],mute[M]>,5<mute[M],mute[M]>,mute[L],mute[L],mute[L],5<mute[M],mute[M]>,5<mute[M],mute[M]>,5<mute[M],mute[M]>,mute[L],mute[L],mute[L],5<mute[M],mute[M]>,5<mute[M],mute[M]>,5<mute[M],mute[M]>,mute[L],mute[L],mute[L],5<mute[M],mute[M]>,5<mute[M],mute[M]>,5<mute[M],mute[M]>,mute[L],mute[L],mute[L],5<mute[M],mute[M]>,5<mute[M],mute[M]>,5<mute[M],mute[M]>,mute[L],mute[L],mute[L],5<mute[M],mute[M]>,5<mute[M],mute[M]>,5<mute[M],mute[M]>,mute[L],mute[L],mute[L],5<mute[M],mute[M]>,5<mute[M],mute[M]>,5<mute[M],mute[M]>,mute[L],mute[L],mute[L],5<mute[M],mute[M]>,5<mute[M],mute[M]>,5<mute[M],mute[M]>,mute[L],mute[L],mute[L],5<mute[M],mute[M]>,5<mute[M],mute[M]>,5<mute[M],mute[M]>,mute[L],mute[L],mute[L],5<mute[M],mute[M]>,5<mute[M],mute[M]>,5<mute[M],mute[M]>,mute[L],mute[L],mute[L],5<mute[M],mute[M]>,5<mute[M],mute[M]>,5<mute[M],mute[M]>,mute[L],mute[L],mute[L],5<mute[M],mute[M]>,5<mute[M],mute[M]>,5<mute[M],mute[M]>,mute[L],mute[L],mute[L],5<mute[M],mute[M]>,5<mute[M],mute[M]>,5<mute[M],mute[M]>,mute[L],mute[L],mute[L],mute[L],mute[L],mute[L],mute[L],mute[L],mute[L],5<mute[M],mute[M]>,5<mute[M],mute[M]>,5<mute[M],mute[M]>,mute[L],mute[L],mute[L],mute[L],mute[L],mute[L],mute[L],mute[L],mute[L],5<mute[M],mute[M]>,5<mute[M],mute[M]>,5<mute[M],mute[M]>,mute[L],mute[L],mute[L],mute[L],mute[L],mute[L],mute[L],mute[L],mute[K],mute[L],mute[L],mute[L],mute[L],mute[L],mute[L],mute[L],mute[L],mute[L],mute[L],mute[L],5<mute[M],mute[M]>,5<mute[M],mute[M]>,5<mute[M],mute[M]>,mute[L],mute[L],mute[L],5<mute[M],mute[M]>,5<mute[M],mute[M]>,5<mute[M],mute[M]>,mute[L],mute[L],mute[L],5<mute[M],mute[M]>,5<mute[M],mute[M]>,5<mute[M],mute[M]>,mute[L],mute[L],mute[L],5<mute[M],mute[M]>,5<mute[M],mute[M]>,5<mute[M],mute[M]>,mute[L],mute[L],mute[L],5<mute[M],mute[M]>,5<mute[M],mute[M]>,5<mute[M],mute[M]>,mute[L],mute[L],mute[L],mute[L],5<mute[M],mute[M]>,5<mute[M],mute[M]>,mute[L],mute[L],mute[L],mute[L],mute[L],mute[L],mute[L],mute[L],mute[L],mute[L],mute[L],mute[L],mute[L],mute[L],mute[L],mute[K],mute[L],mute[L],mute[L],mute[L],mute[L],mute[L],mute[L],mute[L],mute[L],mute[L],mute[L],mute[L],mute[L],mute[L],mute[L],mute[L],mute[L],mute[L],mute[L],mute[L],mute[L],mute[L],mute[L],mute[L],mute[L],mute[L],mute[L],mute[L],mute[L],mute[L],mute[L],mute[L],mute[L],mute[L],mute[L],mute[L],mute[L],mute[L],mute[L],mute[L],mute[L],mute[L],mute[L],mute[L],mute[L],mute[L],mute[L],mute[L],mute[L],mute[L],mute[L],mute[L],mute[L],mute[L],mute[L],mute[L],mute[L],mute[L],mute[L],mute[L],mute[L],mute[L],mute[L],mute[L],mute[L],mute[L],mute[L],mute[L],mute[L],mute[L],mute[L],mute[L],mute[L],mute[L],mute[L],mute[L],mute[L],mute[L],mute[L],mute[L],mute[L],mute[L],mute[L],mute[L],mute[L],mute[L],mute[L],mute[L],mute[L],mute[L],mute[L],mute[L],mute[L],mute[L],mute[K],mute[L],mute[L],mute[L],mute[L],mute[L],mute[L],mute[L],mute[L],mute[L],mute[L],mute[L],mute[L],mute[L],mute[L],mute[L],mute[L],mute[L],mute[L],mute[L],mute[L],mute[L],mute[L],mute[L],mute[L],mute[L],mute[L],mute[L],mute[L],mute[L],mute[L],mute[L],mute[L],mute[L],mute[L],mute[L],mute[L],mute[L],mute[L],mute[L],mute[L],mute[L],mute[L],mute[L],mute[L],mute[L],mute[L],mute[L],mute[L],mute[L],mute[L],mute[L],mute[L],mute[L],mute[L],mute[L],mute[L],mute[L],mute[L],mute[L],mute[L],mute[L],mute[L],mute[L],mute[L],mute[L],mute[L],mute[L],mute[L],mute[L],mute[L],mute[L],mute[L],mute[L],mute[L],mute[L],mute[L],mute[L],mute[L],mute[L],mute[L],mute[L],mute[L],mute[L],mute[L],mute[L],mute[L],mute[L],mute[L],mute[L],mute[L],mute[L],mute[L],mute[L],mute[L],mute[L],mute[L],mute[L],mute[L],mute[L],mute[L],mute[L],mute[L],mute[L],mute[L],mute[L],mute[L],mute[KL],mute[JK],mute[KL],mute[K];","(#c1.#F-2.#F-1~#f1)[L],(a1~#c2)[L],(#f2.#c1~a2)[L],(#c3.#c1)[L],b[L],a[L],(d1~#f1)[L],(b1~d2)[L],(#f2.d1~b2)[L],(d3.d1)[L],#c1[L],b[L],(f1~#g1)[L],(#c2~f2)[L],(#g2.f1~#c3)[L],(f3.f1)[L],#d1[L],#c1[L],(a1~#c2)[L],(#f2~a2)[L],(#c3.a1~#f3)[L],(a3.a1)[L],#g1[L],#f1[L],(#f1.A-1~a1)[L],(#c2~#f2)[L],(a2.#f1~#c3)[L],(#f3.#f1)[L],e1[L],d1[L],(d1.B-1~#f1)[L],(b1~d2)[L],(#f2.d1~b2)[L],(d3.d1)[L],#c1[L],b[L],(b.#G-1~d1)[L],(#g1~b1)[L],(d2.b~#g2)[L],(b2.b)[L],a[L],#g[L],(#g.#c~#c1)[L],(f1.#f~#g1)[L],(#c2.f~f2)[L],(#g2.f)[L],#d[L],#c[L],(#c1.#F-2.#F-1~#f1)[L],(a1~#c2)[L],(#f2.#c1~a2)[L],(#c3.#c1)[L],b[L],a[L],(d1~#f1)[L],(b1~d2)[L],(#f2.d1~b2)[L],(d3.d1)[L],#c1[L],b[L],(f1~#g1)[L],(#c2~f2)[L],(#g2.f1~#c3)[L],(f3.f1)[L],#d1[L],#c1[L],(a1~#c2)[L],(#f2~a2)[L],(#c3.a1~#f3)[L],(a3.a1)[L],#g1[L],#f1[L],(#f1.A-1~a1)[L],(#c2~#f2)[L],(a2.#f1~#c3)[L],(#f3.#f1)[L],e1[L],d1[L],(d1.B-1~#f1)[L],(b1~d2)[L],(#f2.d1~b2)[L],(d3.d1)[L],#c1[L],b[L],(a.c~#d1)[L],(#f1~a1)[L],(#d2.a~#f2)[L],(a2.a)[L],#g[L],#f[L],(f.#c~#g)[L],(#c1~f1)[L],(#g1.f~#c2)[L],(f2.f)[L],#d[L],#c[L],(#c1.A-1.e~e1)[L],(a1~#c2)[L],(e2~a2)[L],(#c3.#c2)[L],b1[L],a1[L],a1[L],#g1[L],#f1[L],#f1[L],e1[L],d1[L],(b.A-1.e~d1)[L],(#g1~b1)[L],(d2~#g2)[L],(b2.b1)[L],a1[L],#g1[L],#g1[L],#f1[L],e1[L],e1[L],d1[L],#c1[L],(a.A-1.e~#c1)[L],(#f1~a1)[L],(#c2~#f2)[L],(a2.a1)[L],#g1[L],#f1[L],#f1[L],e1[L],d1[L],d1[L],#c1[L],b[K],(#g1.b1.e)[L],#c1[L],d1[L],(#g1.b1.#g)[L],e1[L],#f1[L],(b1.d2.b)[L],#g1[L],a1[L],(d2.#f2.e1)[L],b1[L],(#c2.a.e1~e2)[L],(a2~#c3)[L],(e3~a3)[L],(#c4.#c2)[L],b1[L],(a1.#c2.#f2)[L],(a1~A-1)[L],(#g1.#c~#f)[L],(#f1.a~#c1)[L],#f1[L],e1[L],(d1.b1)[L],(b1.a.e1~d2)[L],(#g2~b2)[L],(d3~#g3)[L],(b3.b1)[L],a1[L],(#g1.b1.e2)[L],(#g1~A-1)[L],(#f1.B-1~e)[L],(e1.#g~b)[L],e1[L],d1[L],(#c1.a1)[L],(a1.a.e1~#c2)[L],(#f2~a2)[L],(#c3~#f3)[L],(a3.a1)[L],#g1[L],(#f1.a1.d2)[L],#f1[L],(e1.A-1~d)[L],(d1.#f~a)[L],d1[L],#c1[L],(b.b1)[L],(#g1.#g2)[L],(B-1.d.b)[L],(a1.#c2.a2.A-1.#c.a)[L],(b1.d2.b2)[L],(#G-1.B-1.#g)[L],(#c2.e2.#c3.#F-1.A-1.#f)[L],(d2.#f2.d3)[L],(E-1.#G-1.e)[L],(e2.#g2.e3.D-1.#F-1.d)[L],(#f2.a2.#f3)[L],(#C-1.E-1.#c)[L],(#g2.b2.#g3.B-2.D-1.B-1)[L],(a2.#c3.a3.A-2.#C-1.A-1)[K],#c2[L],#c3[L],b2[L],(a2.#c1)[L],(a2.#c2)[L],(#g2.b1)[L],(#f2.a1)[L],(#f2.a1)[L],(e2.#g1)[L],(d2.#f1)[L],(d2.#f1)[L],(a2.#c3.#f)[L],(d2.#f1)[L],(#g2.b2.#g)[L],(d2.#g1)[L],(#g2.b2.#g)[L],(#c2.f1)[L],(#g2.b2.f)[L],(#c2.f1)[L],(#f2.a2.#f)[L],(#c2.#f1)[L],(#f2.a2.#f)[L],(b1.#f2.a2.d1)[L],d[L],b1[L],a2[L],#g2[L],(#f2.b)[L],(#f2.a1)[L],(e2.#g1)[L],(d2.#f1)[L],(d2.#f1)[L],(#c2.e1)[L],(b1.d1)[L],(b1.d1)[L],(#f2.a2.d)[L],(b1.d1)[L],(e2.#g2.e)[L],(b1.e1)[L],(e2.#g2.e)[L],(a1.#c1)[L],(e2.g2.#c)[L],(a1.#c1)[L],(d2.#f2.d)[L],(a1.d1)[L],(d2.#f2.d)[L],(g1.d2.#f2.b)[L],B-1[L],g1[L],#f2[L],e2[L],(d2.g)[L],(d2.#f1)[L],(#c2.e1)[L],(b1.d1)[L],(b1.d1)[L],(a1.#c1)[L],(g1.b)[L],(g1.b)[L],(d2.#f2.B-1)[L],(g1.b)[L],(#c2.e2.#c)[L],(g1.#c1)[L],(#c2.e2.#c)[L],(#f1.#a)[L],(#c2.e2.#A-1)[L],(#f1.#a)[L],(b1.d2.B-1)[L],(#f1.b)[L],(b1.d2.B-1)[L],(d1.#f)[L],(a1.#c2.#F-1)[L],(d1.#f)[L],(#g1.b1.#G-1)[L],(d1.#g)[L],(#g1.b1.#G-1)[L],(#c1.f)[L],(#g1.b1.F-1)[L],(#c1.f)[L],(#f1.a1.#F-1)[L],(#c1.#f)[L],(#f1.a1.#F-1)[L],(b.B-1)[L],(#d1.#f1.B-2)[L],(b.B-1)[L],(d1.#f1.C-1)[L],(a.c)[L],(d1.#f1.C-1)[L],(#g.#c)[L],(#c1.#f1.#C-1)[L],(#g.#c)[L],(#c1.f1.#C-1)[L],(#g.#c)[L],(#c1.f1.#C-1)[L],(a.#c1.#f1.#F-2.#F-1)[K],#F-1[L],A-1[L],B-1[L],(#c.#f.a)[L],d[L],e[L],(B-1.#f)[L],#g[L],a[L],(d1.f1.b)[L],a[L],b[L],(#f.#c1)[L],#d1[L],f1[L],(#f1.a1.#c2.#f2)[L],#g1[L],a1[L],(b.#f1.b1)[L],d2[L],#c2[L],(b1.f2.#g2.d3)[L],a1[L],b1[L],(#c2.#f.#c1)[L],a1[L],#g1[L],(#f1.a1.#c2)[L],d1[L],e1[L],(#f1.#f.b)[L],d1[L],#c1[L],(b.f1.#g1)[L],a[L],b[L],(#c1.#F-1.#c)[L],a[L],#g[L],(#f.a.#c1)[L],d[L],e[L],(#f.#F-1.B-1)[L],d[L],#c[L],(B-1.f.#g)[L],d[L],e[L],(#f.#F-1.B-1)[L],d[L],#c[L],(B-1.f.#g)[L],d[L],e[L],(#f.#F-1.B-1)[L],d[L],#c[L],(B-1.f.#g)[L],#F-2[L],(a.A-1.#f.#C-1)[L],(#f1.#c.#g.#F-1)[L],(#c1.#f.a.#c)[L],(#g1.#g.#F-1)[L],(#f1.A-1.#f.#C-1)[L],(a1.#c.#g.#F-2)[L],(#c1.#f.a.#C-1)[L],(#g1.#g.#c1.#F-1)[L],(a.#f1.#c)[L],(#c1.#g1.#F-1)[L],(#f1.a1.#C-1)[L],(#g1.#C-1)[L],(#f1.#c1.#g1.#F-1)[L],(a1.a.#f1.#c)[L],(#c1.#g1.#f)[L],(#c2.#f1.a1.#c)[L],(#c1.#g1.#F-1)[L],(#f2.a.#f1.#C-1)[L],(#c2.#c1.#g1.#F-1)[L],(#g2.#f1.a1.#c)[L],(#f2.#g1.#c2.#f)[L],(a2.a1.#f2.#c)[L],(#c2.#g2.#F-1)[L],#F-1[L],(a1.#f2.a2.#c)[L],(#c2.#g2.#f)[L],(a1.#f2.#c1)[L],(#c2.#g2.#f)[L],(#f2.a2.#c)[L],(#c2.#g2.#c)[L],(a1.#f2.#f)[L],(#c3.#c2.#g2.#c1)[L],(#f2.a2.#f1)[L],(#f3.#g2.#c3.#c1)[L],(a2.#f3.#f)[L],(#g3.#f)[L],(#f3.#c3.#g3.#c1)[L],(#f3.a3.#f1)[L],(#c3.#g3.#c2)[L],(a2.#f3.#f1)[L],(#c3.#g3.#c1)[L],(#f3.a3.#c1)[L],(#c3.#g3.#f1)[L],(a2.#f3.#c2)[L],(#c3.#g3.#f2)[L],(#f3.a3.#c2)[L],(#g3.#c4.#f1)[L],(a3.#f4.#c2.a2)[KL],(#f1.#c2.#f2.#F-1.#c.a)[JK],(#f2.#c3.#f3.#f.#c1.a1)[KL],(#f.a.#c1.#f1.#F-2.A-2.#C-1.#F-1)[K];"]}]}