{"baseBpm":555,"musics":[{"bpm":555,"baseBeats":0.75,"scores":["5<UV>,mute[JKLMN],mute[JKLM],mute[JKLM],mute[JKN],mute[JKM],mute[JKN],mute[JKN],mute[JKN],mute[JK],mute[JKN],mute[JKN],mute[JK],mute[JK],mute[JK],mute[JK],mute[JK],mute[JK],mute[JK],mute[JK],mute[JK],mute[JKN],mute[JK],mute[JK],mute[JKN],mute[JK],mute[JK],mute[JK],mute[JK],mute[JLMN],mute[JK],mute[JK],mute[JLMN],mute[JKN],mute[JK],mute[JKN],mute[JK],mute[JK],mute[JK],mute[JK],mute[JK],mute[JK],mute[JK],mute[JK],mute[JKN],mute[JKL],mute[JKN],mute[JKMN],mute[IMN],mute[JKM],mute[JKM],","VW,d3[MN],(#c2.#c3)[JKLMN],(c2.c3)[JKLM],(#c2.#c3.a.A-1)[JKLM],(#f2.#f3.e1.#c1)[JKN],(#c1.e1)[JKM],(e2.e3.e.E-1)[JKN],(b2.b3.#c1.e1)[JKN],(#c1.e1)[JKN],(a2.a3.A-1.a)[JK],(e1.#c1)[JKN],(#c3.#c2.e1.#c1)[JKN],(e.E-1)[JK],(c2.c3.#c1.e1)[JK],(#c3.#c2.#c1.e1)[JLM],#c3[M],(#f2.#f3.#G-1.#g)[JK],(d1.e1)[JK],(#a2.#a1.d1.e1)[JLM],#a2[M],(#f2.#f3.e.E-1)[JK],(d1.e1)[JK],(b2.b1.e1.d1)[JK],(c2.c3.a.A-1)[JKN],(#c2.#c3.e1.#c1)[JK],(e1.#c1)[JK],(e.E-1)[JLN],d3[L],(#c3.#c2.#c1.e1)[JK],(c2.c3.e1.#c1)[JK],(#c2.#c3.A-1.a)[JK],(#f2.#f3.e1.#c1)[JK],(e1.#c1)[JLMN],(e2.e3.e.E-1)[JK],(b2.b3.#c1.e1)[JK],(#c1.e1)[JLMN],(a2.a3.A-1.a)[JKN],(e1.#c1)[JK],(#c3.#c2.#c1.e1)[JKN],(#A-1.#a)[JK],(#c2.#c3.#a.e1.g1)[JK],(#d3.#d2.e1.#a.g1)[JK],(e2.e3.B-1.b)[JK],(#f2.#f3.#g1.b.e1)[JK],(#g3.#g2.e1.b.#g1)[JK],(a2.a3.#g.#G-1)[JK],(#f1.c1.a1.#d1)[JK],(c3.c2.#f1.#d1.a1.c1)[JKN],(#c2.#c3.#C-1.#c)[JKL],(#c1.#g1.f1)[JKN],(#g1.#g.f1)[JKMN],(f1.#c2.#c1)[IN],d3[M],(#c2.#c3)[JKM],(c2.c3)[JKM],"],"id":1,"instruments":["piano","piano"],"alternatives":["",""]},{"bpm":555,"baseBeats":0.75,"scores":["mute[JKM],mute[JKN],mute[JKN],mute[JKN],mute[JKN],mute[JK],mute[JKN],mute[JKN],mute[JK],mute[JKN],mute[JK],mute[JK],mute[JK],mute[JK],mute[JK],mute[JK],mute[JK],mute[JK],mute[JK],mute[JKN],mute[JK],mute[JK],mute[JK],mute[JK],mute[JK],mute[JK],mute[JK],mute[JK],mute[JLMN],mute[JK],mute[JK],mute[JKN],mute[JK],mute[JK],mute[JKN],mute[JK],mute[JLMN],mute[KL],mute[KL],mute[KL],mute[KL],mute[JK],mute[JK],mute[JKN],mute[JKLN],mute[JKN],mute[JKMN],mute[JKLN],mute[KLMN],mute[KLM],mute[KLN],mute[KLN],mute[JKM],mute[JK],mute[JK],mute[JK],mute[JK],mute[JK],mute[JK],mute[JK],mute[JK],mute[JK],","(#c2.#c3.a.A-1)[JKM],(#f2.#f3.e1.#c1)[JKN],(#c1.e1)[JKN],(e2.e3.e.E-1)[JKN],(b2.b3.#c1.e1)[JKN],(#c1.e1)[JK],(a2.a3.A-1.a)[JKN],(e1.#c1)[JKN],(#c3.#c2.e1.#c1)[JK],(e.E-1)[JKN],(c2.c3.#c1.e1)[JK],(#c3.#c2.#c1.e1)[JLN],#c3[MN],(#f2.#f3.#G-1.#g)[JK],(d1.e1)[JK],(#a2.#a1.d1.e1)[JLN],#a2[MN],(#f2.#f3.e.E-1)[JK],(d1.e1)[JK],(b2.b1.e1.d1)[JK],(c2.c3.a.A-1)[JK],(#c2.#c3.e1.#c1)[JKN],(e1.#c1)[JK],(e.E-1)[JLN],d3[MN],(#c3.#c2.#c1.e1)[JK],(c2.c3.e1.#c1)[JK],(#c2.#c3.A-1.a)[JK],(#f2.#f3.e1.#c1)[JK],(e1.#c1)[JK],(e2.e3.e.E-1)[JK],(b2.b3.#c1.e1)[JLMN],(#c1.e1)[JK],(a2.a3.A-1.a)[JK],(e1.#c1)[JKN],(#c3.#c2.#c1.e1)[JK],(#A-1.#a)[JK],(#c2.#c3.g1.e1.#a)[JKN],(#d3.#d2.e1.#a.g1)[JK],(e2.e3.B-1.b)[JLMN],(#f2.#f3.#g1.b.e1)[KL],(#g3.#g2)[KL],(a3.a2.#g1.b.e1)[KL],(b3.b2)[KL],(c4.c3.B-1.b)[JK],(#d1.a1.b)[JK],(#d3.#d2.a1.b.#f1)[JKN],(e3.e2.e.E-1)[JKLN],(#g1.e1)[JKN],(b1.b.#g1)[JKMN],(e1.e2.#g1)[JKLN],(e3.e2)[KLMN],(e3.e2)[KLM],(e3.e2)[KLN],(e3.e2)[KLN],(e3.e2.F-1.f)[JKM],(d3.d2.a.d1.f)[JK],(a2.a1.a.f.d1)[JK],(G-1.g)[JK],(b2.b1.g.f1.d1)[JK],(e3.e2.f1.g.d1)[JK],(d3.d2.c)[JK],(c3.c2.g.e1.c1)[JK],(g2.g1.c1.g.e1)[JK],(C-1.c)[JK],"],"id":2,"instruments":["piano","piano"],"alternatives":["",""]},{"bpm":555,"baseBeats":0.75,"scores":["mute[KL],mute[KL],mute[KL],mute[KL],mute[JK],mute[JK],mute[JLMN],mute[JLMN],mute[KL],mute[KL],mute[KMN],mute[KL],mute[JLMN],mute[JK],mute[JLMN],mute[JLMN],mute[KL],mute[KL],mute[KL],mute[KL],mute[JK],mute[JKN],mute[JK],mute[JKN],mute[KMN],mute[KL],mute[KL],mute[KL],mute[JK],mute[JK],mute[JK],mute[JKN],mute[KL],mute[KL],mute[KL],mute[KL],mute[KL],mute[KL],mute[KL],mute[KL],mute[KL],mute[KL],mute[KLN],mute[KL],mute[KL],mute[KLN],mute[KLN],mute[KLN],mute[IKL],mute[HI],","(c3.c2.g.c1.e)[KL],(c3.c2)[KL],(c3.c2.g.e.c1)[KL],(c3.c2)[KL],(c3.c2.D-1.d)[JK],(b2.b1.a.b.f)[JK],(f2.f1.b.f.a)[JLMN],(E-1.e)[JLMN],(#d2.#d1.#g.b.e)[KL],(e2.e1)[KL],(c3.c2.#g.e.d1)[KMN],(b2.b1)[KL],(b2.b1.A-1)[JLMN],(a2.a1.a.c1.e)[JK],(e2.e1.c1.e.a)[JLMN],A-1[JLMN],(e3.e2.e.c1.a)[KL],(e3.e2)[KL],(e3.e2.c1.e1.a)[KL],(e3.e2)[KL],(e3.e2.f.F-1)[JK],(d3.d2.f.d1.a)[JKN],(a3.a2.d1.a.f1)[JK],(g.G-1)[JKN],(a2.a1.f1.g.d1)[KMN],(b2.b1)[KL],(e3.e2.f1.g1.b)[KL],(d3.d2)[KL],(d3.d2.c)[JK],(c3.c2.c1.g1.e1)[JK],(g2.g1.c1.g.e1)[JK],(C-1.c)[JKN],(c4.c3.d.D-1)[KL],(c4.c3)[KL],(c4.c3.#d.#D-1)[KL],(c4.c3)[KL],(#c4.#c3.e.E-1)[KL],(b3.b2)[KL],(a3.a2.#c1.a.e1.e)[KL],(#g3.#g2)[KL],(#f3.#f2)[KL],(e3.e2)[KL],(#d3.#d2.e.E-1)[KLN],(d3.d2)[KL],(#c3.#c2.d1.#g.e1.e)[KL],(b2.b1)[KLN],(#f2.#f1.d1.#g.e1.e)[KLN],(#g2.#g1)[KLN],(a2.a1.#c1.a)[IKL],(#c3.a3.a2.e.a.A-1)[HI],"],"id":3,"instruments":["piano","piano"],"alternatives":["",""]}],"audition":{"start":[0,0],"end":[1,0]}}