{"baseBpm":110,"musics":[{"bpm":110,"baseBeats":0.5,"scores":["b1[L],e2[L],5<V,#f2[M]>,g2[L],g2[L],5<#f2[M],b2[M]>,b2[L],e2[L];U,5<e2[M],#f2[M]>,#f2[L],b1[L],U,5<b1[M],e2[M]>,e2[L],e1[L];b1[L],5<b1[M],e2[M]>,5<V,#f2[M]>,5<a2[M],#g2[M]>,5<g2[M],#f2[M]>,5<#f2[M],b2[M]>,b2[L],e2[L];U,5<e2[M],#f2[M]>,#f2[L],b1[L],b2[L],e2[L],U,e3[L];b1[L],e2[L],5<V,#f2[M]>,g2[L],g2[L],5<#f2[M],b2[M]>,b2[L],e2[L];U,5<e2[M],#f2[M]>,#f2[L],b1[L],U,5<b1[M],e2[M]>,e2[L],e1[L];b1[L],","U,e[L],(b.g1)[L],e[L],(c1.#d1.a1)[L],e[L],(b.g1)[L],e[L];(b.g1)[L],e[L],(b.#d1.a1)[L],e[L],(b.#d1.a1)[L],e[L],(b.g1)[L],e[L];(b.g1)[L],e[L],(b.g1)[L],e[L],(c1.#d1.a1)[L],e[L],(b.g1)[L],e[L];(b.g1)[L],e[L],(b.#d1.a1)[L],e[L],(b.#d1.a1)[L],e[L],(b.g1)[L],E-1[L];U,e[L],(b.g1)[L],e[L],(c1.#d1.a1)[L],e[L],(b.g1)[L],e[L];(b.g1)[L],e[L],(b.#d1.a1)[L],e[L],(b.#d1.a1)[L],e[L],(b.g1)[L],e[L];(b.g1)[L],"],"id":1,"instruments":["piano","piano"],"alternatives":["",""]},{"bpm":114,"baseBeats":0.5,"scores":["5<b1[M],e2[M]>,5<V,#f2[M]>,5<a2[M],#g2[M]>,5<g2[M],#f2[M]>;5<#f2[M],b2[M]>,b2[L],e2[L],U;5<e2[M],#f2[M]>,#f2[L],b1[L],b2[L];e2[L],U,e3[K];U,(b.g1)[L],U,(b.g1)[L];U,(b.g1)[L],U,(d1.g1)[L];U,(c1.#f1)[L],d2[L],(c1.#f1)[L];U,(c1.#f1)[L],d2[L],(c1.#f1)[L];U,(b.g1)[L],U,(b.g1)[L];U,(b.g1)[L],U,(d1.g1)[L];U,(e1.#f1)[L],U,(e1.#f1)[L];U,(#d1.#f1)[L],d1[L],(c1.#f1)[L];U,(b.g1)[L],U,(b.g1)[L];U,(b.g1)[L],U,(d1.g1)[L];","e[L],(b.g1)[L],e[L],(c1.#d1.a1)[L];e[L],(b.g1)[L],e[L],(b.g1)[L];e[L],(b.#d1.a1)[L],e[L],(b.#d1.a1)[L];e[L],(b.g1)[L],(E-1)[K];(G-1.d)[L],V,#c[M],d[L],e[L];#f[L],g[L],a[L],b[L];b[L],a[L],d[K];b[L],a[L],d[K];(G-1.d)[L],V,#c[M],d[L],e[L];#f[L],g[L],a[L],b[L];b[L],#a[L],d1[L],#c1[L];#c1[K],b[L],(d.a)[L];(G-1.d)[L],V,#c[M],d[L],e[L];#f[L],g[L],a[L],b[L];"],"id":2},{"bpm":118,"baseBeats":0.5,"scores":["U,(c1.#f1)[L],d2[L],(c1.#f1)[L];U,(a.#d1)[L],b1[L],(a.#d1)[L];U,(g.e1)[L],U,(g.e1)[L];U,(g.e1)[L],U,(b.e1)[L];U,a[L],U,#a[L];U,(e.b)[L],U,b1[L];e2[L],5<V,#f2[M]>,g2[L],g2[L];5<#f2[M],b2[M]>,b2[L],e2[L],U;5<e2[M],#f2[M]>,#f2[L],b1[L],U;5<b1[M],e2[M]>,e2[L],e1[L],b1[L];5<b1[M],e2[M]>,5<V,#f2[M]>,5<a2[M],#g2[M]>,5<g2[M],#f2[M]>;5<#f2[M],b2[M]>,b2[L],e2[L],U;5<e2[M],#f2[M]>,#f2[L],b1[L],b2[L];e2[L],U,e3[K];","b[L],a[L],d[K];g[L],#f[L],(B-1)[K];(E-1.B-1)[L],V,(#A-1)[M],(B-1)[L],#c[L];#d[L],e[L],#f[L],g[L];(c.g)[L],#f[L],#f[L],e[L];(B-1.e)[K],#d[L],U;e[L],(b.g1)[L],e[L],(c1.#d1.a1)[L];e[L],(b.g1)[L],e[L],(b.g1)[L];e[L],(b.#d1.a1)[L],e[L],(b.#d1.a1)[L];e[L],(b.g1)[L],e[L],(b.g1)[L];e[L],(b.g1)[L],e[L],(c1.#d1.a1)[L];e[L],(b.g1)[L],e[L],(b.g1)[L];e[L],(b.#d1.a1)[L],e[L],(b.#d1.a1)[L];e[L],(b.g1)[L],(E-1)[K];"],"id":3}],"audition":{"start":[0,0],"end":[0,41]}}