{"baseBpm":220,"musics":[{"id":1,"baseBeats":0.5,"scores":["mute[J],mute[J],mute[J],mute[LNO],mute[KMO],mute[LNO],mute[LNO],mute[LNO],mute[LNO],mute[KMO],mute[J],mute[J],mute[J],mute[LNO],mute[KMO],mute[LNO],mute[LNO],mute[LNO],mute[LNO],mute[KMO],mute[J],mute[J],mute[J],mute[LNO],mute[KMO],mute[LNO],mute[LNO],mute[LNO],mute[LNO],mute[KMO],mute[J],mute[K],mute[K],mute[J],mute[LNO],mute[KMO],mute[LNO],mute[LNO],mute[LNO],mute[LNO],mute[KMO],mute[J],mute[J],mute[J],mute[LNO],mute[LNO],mute[LNO],mute[LNO],mute[LNO],mute[LNO],mute[LNO],mute[LNO],mute[LNO],mute[J],mute[J],mute[J],mute[LNO],mute[LNO],mute[LNO],mute[LNO],mute[LNO],mute[LNO],mute[LNO],mute[LNO],mute[LNO],mute[J],mute[J],mute[J],mute[LNO],mute[KMO],mute[LNO],mute[LNO],mute[LNO],mute[LNO],mute[KMO],mute[J],mute[K],mute[K],mute[J],mute[LNO],mute[KMO],mute[LNO],mute[LNO],mute[LNO],mute[LNO],mute[KMO],mute[J],mute[J],mute[J],mute[LNO],mute[KMO],mute[LNO],mute[LNO],mute[LNO],mute[LNO],mute[KMO],mute[J],mute[J],mute[J],mute[LNO],mute[KMO],mute[LNO],mute[LNO],mute[LNO],mute[LNO],mute[KMO],mute[J],mute[J],mute[J],mute[LNO],mute[KMO],mute[LNO],mute[LNO],mute[LNO],mute[LNO],mute[KMO],mute[J],mute[K],mute[K],mute[J],mute[LNO],mute[KMO],mute[LNO],mute[LNO],mute[LNO],mute[LNO],mute[KMO],mute[J],mute[J],mute[J],mute[LNO],mute[LNO],mute[LNO],mute[LNO],mute[LNO],mute[LNO],mute[LNO],mute[LNO],mute[LNO],mute[J],mute[J],mute[J],mute[LNO],mute[LNO],mute[LNO],mute[LNO],mute[LNO],mute[LNO],mute[LNO],mute[LNO],mute[LNO],mute[J],mute[J],mute[J],mute[LNO],mute[KMO],mute[LNO],mute[LNO],mute[LNO],mute[LNO],mute[KMO],mute[J],mute[K],mute[K],mute[J],mute[LNO],mute[KMO],mute[LNO],mute[LNO],mute[LNO],mute[LNO],mute[KMO],mute[I],mute[IK],mute[K],mute[K],mute[K],mute[K],mute[K],mute[K],mute[K],mute[I],mute[IK],mute[K],mute[K],mute[K],mute[K],mute[K],mute[K],mute[K],mute[J],mute[LNO],mute[LNO],mute[LNO],mute[L],mute[IL],mute[K],mute[K],mute[K],mute[K],mute[K],mute[K],mute[K],mute[JK],mute[K],mute[IIJ],mute[J],mute[L],mute[JKL],mute[IK],mute[K],mute[K],mute[K],mute[K],mute[K],mute[K],mute[K],mute[I],mute[IK],mute[K],mute[K],mute[K],mute[K],mute[K],mute[K],mute[K],mute[J],mute[LNO],mute[LNO],mute[LNO],mute[L],mute[IL],mute[K],mute[K],mute[K],mute[K],mute[K],mute[K],mute[K],mute[I],mute[III],mute[K],mute[L],mute[L],mute[K],mute[L],mute[L],mute[L],mute[L],mute[L],mute[L],mute[L],mute[L],mute[L],mute[L],mute[K],mute[L],mute[L],mute[K],mute[L],mute[L],mute[L],mute[L],mute[L],mute[L],mute[L],mute[L],mute[L],mute[L],mute[K],mute[L],mute[L],mute[K],mute[L],mute[L],mute[L],mute[L],mute[L],mute[L],mute[L],mute[L],mute[L],mute[L],mute[K],mute[L],mute[L],mute[K],mute[L],mute[L],mute[K],mute[L],mute[L],mute[K],mute[L],mute[L],mute[K],mute[L],mute[L],mute[K],mute[L],mute[L],mute[L],mute[L],mute[L],mute[L],mute[L],mute[L],mute[L],mute[L],mute[K],mute[L],mute[L],mute[K],mute[L],mute[L],mute[L],mute[L],mute[L],mute[L],mute[L],mute[L],mute[L],mute[L],mute[K],mute[L],mute[L],mute[K],mute[L],mute[L],mute[L],mute[L],mute[L],mute[L],mute[L],mute[L],mute[L],mute[L],mute[K],mute[L],mute[L],mute[K],mute[L],mute[L],mute[K],mute[L],mute[L],mute[K],mute[L],mute[L],mute[K],mute[L],mute[L],mute[K],mute[L],mute[L],mute[K],mute[L],mute[L],mute[K],mute[L],mute[L],mute[K],mute[L],mute[L],mute[L],mute[L],mute[L],mute[L],mute[L],mute[L],mute[L],mute[L],mute[K],mute[L],mute[L],mute[K],mute[L],mute[L],mute[K],mute[L],mute[L],mute[K],mute[L],mute[L],mute[K],mute[L],mute[L],mute[J],mute[K],mute[L],mute[L],mute[JK],mute[K],mute[K],mute[L],mute[L],mute[K],mute[L],mute[L],mute[K],mute[L],mute[L],mute[L],mute[L],mute[L],mute[L],mute[K],mute[L],mute[L],mute[K],mute[L],mute[L],mute[K],mute[L],mute[L],mute[K],mute[L],mute[L],mute[L],mute[L],mute[L],mute[L],mute[K],mute[L],mute[L],mute[K],mute[L],mute[L],mute[K],mute[L],mute[L],mute[J],mute[K],mute[L],mute[L],mute[JK],mute[L],mute[L],mute[L],mute[L],mute[L],mute[L],mute[K],mute[L],mute[L],mute[K],mute[L],mute[L],mute[K],mute[L],mute[L],mute[L],mute[L],mute[L],mute[L],mute[L],mute[L],mute[L],mute[L],mute[K],mute[L],mute[L],mute[K],mute[L],mute[L],mute[K],mute[L],mute[L],mute[K],mute[L],mute[L],mute[K],mute[L],mute[L],mute[K],mute[L],mute[L],mute[K],mute[L],mute[L],mute[K],mute[L],mute[L],mute[K],mute[L],mute[L],mute[K],mute[L],mute[L],mute[K],mute[L],mute[L],mute[K],mute[L],mute[L],mute[K],mute[L],mute[L],mute[K],mute[L],mute[L],mute[L],mute[L],mute[L],mute[L],mute[L],mute[L],mute[L],mute[L],mute[L],mute[L],mute[L],mute[L],mute[K],mute[L],mute[L],mute[L],mute[L],mute[L],mute[L],mute[K],mute[L],mute[L],mute[K],mute[L],mute[L],mute[K],mute[L],mute[L],mute[K],mute[L],mute[L],mute[K],mute[L],mute[L],mute[K],mute[L],mute[L],mute[K],mute[L],mute[L],mute[K],mute[L],mute[L],mute[K],mute[L],mute[L],mute[K],5<mute[M],mute[M]>,mute[L],mute[LNO],mute[LMO],mute[L],mute[K],mute[L],mute[L],mute[K],mute[L],mute[L],mute[K],mute[L],mute[L],mute[K],mute[L],mute[L],mute[K],mute[L],mute[L],mute[K],mute[L],mute[L],mute[K],5<mute[M],mute[M]>,mute[L],mute[LNO],mute[LMO],mute[L],mute[K],mute[L],mute[L],mute[K],mute[L],mute[L],mute[K],mute[L],mute[L],mute[K],mute[L],mute[L],mute[K],mute[L],mute[L],mute[K],mute[L],mute[L],mute[K],5<mute[M],mute[M]>,mute[L],mute[LNO],mute[LMO],mute[L],mute[K],mute[L],mute[L],mute[K],mute[L],mute[L],mute[K],mute[L],mute[L],mute[K],mute[L],mute[L],mute[K],mute[L],mute[L],mute[K],mute[L],mute[L],mute[K],5<mute[M],mute[M]>,mute[L],mute[LNO],mute[LMO],mute[L],mute[K],5<mute[M],mute[M]>,mute[L],mute[LNO],mute[LMO],mute[L],mute[K],mute[L],mute[L],mute[K],mute[L],mute[L],mute[K],mute[L],mute[L],mute[K],mute[L],mute[L],mute[K],mute[L],mute[L],mute[L],mute[L],mute[L],mute[L],mute[K],mute[L],mute[L],mute[K],mute[L],mute[L],mute[K],mute[L],mute[L],mute[K],mute[L],mute[L],mute[K],mute[L],mute[L],mute[K],mute[L],mute[L],mute[K],mute[L],mute[L],mute[L],mute[L],mute[L],mute[L],mute[K],mute[L],mute[L],mute[K],mute[L],mute[L],mute[K],mute[L],mute[L],mute[K],mute[L],mute[L],mute[K],mute[L],mute[L],mute[K],mute[L],mute[L],mute[K],mute[L],mute[L],mute[L],mute[L],mute[L],mute[L],mute[K],mute[L],mute[L],mute[K],mute[L],mute[L],mute[K],mute[L],mute[L],mute[K],mute[L],mute[L],mute[K],mute[L],mute[L],mute[K],mute[L],mute[L],mute[K],mute[L],mute[L],mute[L],mute[L],mute[L],mute[L],mute[K],mute[L],mute[L],mute[K],mute[L],mute[L],mute[K],mute[L],mute[L],mute[K],mute[L],mute[L],mute[K],mute[L],mute[L],mute[K],mute[L],mute[L],mute[K],mute[L],mute[L],mute[K],mute[L],mute[L],mute[K],mute[L],mute[L],mute[L],mute[L],mute[L],mute[L],mute[L],mute[L],mute[L],mute[L],mute[K],mute[L],mute[L],mute[K],mute[L],mute[L],mute[K],mute[L],mute[L],mute[K],mute[L],mute[L],mute[K],mute[L],mute[L],mute[J],mute[K],mute[L],mute[L],mute[JK],mute[K],mute[K],mute[L],mute[L],mute[K],mute[L],mute[L],mute[K],mute[L],mute[L],mute[L],mute[L],mute[L],mute[L],mute[K],mute[L],mute[L],mute[K],mute[L],mute[L],mute[K],mute[L],mute[L],mute[K],mute[L],mute[L],mute[L],mute[L],mute[L],mute[L],mute[K],mute[L],mute[L],mute[K],mute[L],mute[L],mute[K],mute[L],mute[L],mute[J],mute[K],mute[L],mute[L],mute[JK],mute[L],mute[L],mute[L],mute[L],mute[L],mute[L],mute[K],mute[L],mute[L],mute[K],mute[L],mute[L],mute[K],mute[L],mute[L],mute[L],mute[L],mute[L],mute[L],mute[L],mute[L],mute[L],mute[L],mute[K],mute[L],mute[L],mute[K],mute[L],mute[L],mute[K],mute[L],mute[L],mute[K],mute[L],mute[L],mute[K],mute[L],mute[L],mute[K],mute[L],mute[L],mute[K],mute[L],mute[L],mute[K],mute[L],mute[L],mute[K],mute[L],mute[L],mute[K],mute[L],mute[L],mute[K],mute[L],mute[L],mute[K],mute[L],mute[L],mute[K],mute[L],mute[L],mute[K],mute[L],mute[L],mute[L],mute[L],mute[L],mute[L],mute[L],mute[L],mute[L],mute[L],mute[L],mute[L],mute[L],mute[L],mute[K],mute[L],mute[L],mute[L],mute[L],mute[L],mute[L],mute[K],mute[L],mute[L],mute[K],mute[L],mute[L],mute[K],mute[L],mute[L],mute[K],mute[L],mute[L],mute[K],mute[L],mute[L],mute[K],mute[L],mute[L],mute[K],mute[L],mute[L],mute[K],mute[L],mute[L],mute[K],mute[L],mute[L],mute[K],5<mute[M],mute[M]>,mute[L],mute[LNO],mute[LMO],mute[L],mute[K],mute[L],mute[L],mute[K],mute[L],mute[L],mute[K],mute[L],mute[L],mute[K],mute[L],mute[L],mute[K],mute[L],mute[L],mute[K],mute[L],mute[L],mute[K],5<mute[M],mute[M]>,mute[L],mute[LNO],mute[LMO],mute[L],mute[K],mute[L],mute[L],mute[K],mute[L],mute[L],mute[K],mute[L],mute[L],mute[K],mute[L],mute[L],mute[K],mute[L],mute[L],mute[K],mute[L],mute[L],mute[K],5<mute[M],mute[M]>,mute[L],mute[LNO],mute[LMO],mute[L],mute[K],mute[L],mute[L],mute[K],mute[L],mute[L],mute[K],mute[L],mute[L],mute[K],mute[L],mute[L],mute[K],mute[L],mute[L],mute[K],mute[L],mute[L],mute[K],5<mute[M],mute[M]>,mute[L],mute[LNO],mute[LMO],mute[L],mute[K],5<mute[M],mute[M]>,mute[L],mute[LNO],mute[LMO],mute[L],mute[K],mute[L],mute[L],mute[K],mute[L],mute[L];","(e1.e)[J],(b.E-1)[J],(e1.e)[J],(b.E-1)[LNO],e1[MO],#f1[MO],b[LNO],(g1.e1.e)[LNO],b[LNO],e1[LNO],(b.E-1)[LNO],e1[MO],a1[MO],b[LNO],(b1.e)[J],(b.E-1)[J],(e1.e)[J],(b.E-1)[LNO],e1[MO],c2[MO],b[LNO],(d2.e1.e)[LNO],b[LNO],e1[LNO],(b.E-1)[LNO],e1[MO],e2[MO],b[LNO],(#f2.e)[J],(b.E-1)[J],(e1.e)[J],(b.E-1)[LNO],e1[MO],g2[MO],b[LNO],(#f2.e1.e)[LNO],b[LNO],e1[LNO],(b.E-1)[LNO],e1[MO],g2[MO],b[LNO],(#f2.e)[J],(b.E-1)[K],g2[K],(#f2.e1.e)[J],(b.E-1)[LNO],e1[MO],e2[MO],b[LNO],(d2.e1.e)[LNO],b[LNO],e1[LNO],(b.E-1)[LNO],e1[MO],e2[MO],b[LNO],(d2.d)[J],(a.D-1)[J],(d1.d)[J],(a.D-1)[LNO],d1[LNO],a[LNO],(b1.d1.d)[LNO],(d2.a)[LNO],(b1.d1)[LNO],(d2.a.D-1)[LNO],d1[LNO],a[LNO],d[J],(a.D-1)[J],(d1.d)[J],(a.D-1)[LNO],d1[LNO],a[LNO],(b1.d1.d)[LNO],a[LNO],d1[LNO],(b1.a.D-1)[LNO],(d2.d1)[LNO],(b1.a)[LNO],(a1.d)[J],(a.D-1)[J],(d1.d)[J],(a.D-1)[LNO],d1[MO],a1[MO],a[LNO],(b1.d1.d)[LNO],a[LNO],d1[LNO],(a.D-1)[LNO],d1[MO],a1[MO],a[LNO],(g1.d)[J],(a.D-1)[K],#f1[K],(g1.d1.d)[J],(a.D-1)[LNO],d1[MO],a1[MO],a[LNO],(g1.d1.d)[LNO],a[LNO],d1[LNO],(a.D-1)[LNO],d1[MO],#f1[MO],a[LNO],(e1.e)[J],(b.E-1)[J],(e1.e)[J],(b.E-1)[LNO],e1[MO],#f1[MO],b[LNO],(g1.e1.e)[LNO],b[LNO],e1[LNO],(b.E-1)[LNO],e1[MO],a1[MO],b[LNO],(b1.e)[J],(b.E-1)[J],(e1.e)[J],(b.E-1)[LNO],e1[MO],c2[MO],b[LNO],(d2.e1.e)[LNO],b[LNO],e1[LNO],(b.E-1)[LNO],e1[MO],e2[MO],b[LNO],(#f2.e)[J],(b.E-1)[J],(e1.e)[J],(b.E-1)[LNO],e1[MO],g2[MO],b[LNO],(#f2.e1.e)[LNO],b[LNO],e1[LNO],(b.E-1)[LNO],e1[MO],g2[MO],b[LNO],(#f2.e)[J],(b.E-1)[K],g2[K],(#f2.e1.e)[J],(b.E-1)[LNO],e1[MO],e2[MO],b[LNO],(d2.e1.e)[LNO],b[LNO],e1[LNO],(b.E-1)[LNO],e1[MO],e2[MO],b[LNO],(d2.d)[J],(a.D-1)[J],(d1.d)[J],(a.D-1)[LNO],d1[LNO],a[LNO],(b1.d1.d)[LNO],(d2.a)[LNO],(b1.d1)[LNO],(d2.a.D-1)[LNO],d1[LNO],a[LNO],d[J],(a.D-1)[J],(d1.d)[J],(a.D-1)[LNO],d1[LNO],a[LNO],(b1.d1.d)[LNO],a[LNO],d1[LNO],(b1.a.D-1)[LNO],(d2.d1)[LNO],(b1.a)[LNO],(a1.d)[J],(a.D-1)[J],(d1.d)[J],(a.D-1)[LNO],d1[MO],a1[MO],a[LNO],(b1.d1.d)[LNO],a[LNO],d1[LNO],(a.D-1)[LNO],d1[MO],a1[MO],a[LNO],(g1.d)[J],(a.D-1)[K],#f1[K],(g1.d1.d)[J],(a.D-1)[LNO],d1[MO],a1[MO],a[LNO],(g1.d1.d)[LNO],a[LNO],d1[LNO],(a.D-1)[LNO],d1[MO],#f1[MO],a[LNO],(e1.e2.E-2)[I],(g1.b1.e2)[IK],e2[K],#f2[K],g2[K],a2[K],g2[K],#f2[K],d2[K],(e1.e2.E-2)[I],(g1.b1.e2)[IK],e2[K],#f2[K],g2[K],a2[K],g2[K],#f2[K],d2[K],(e2.C-1)[J],b2[LNO],e[LNO],g1[LNO],b1[L],e2[IL],e2[K],#f2[K],g2[K],a2[K],g2[K],#f2[K],d2[K],(e1.e2.E-2)[JK],g2[K],(g1.b1.e2)[IIJ],d2[J],(e1.E-2)[L],e2[JKL],(g1.b1.e2)[IK],e2[K],#f2[K],g2[K],a2[K],g2[K],#f2[K],d2[K],(e1.e2.E-2)[I],(g1.b1.e2)[IK],e2[K],#f2[K],g2[K],a2[K],g2[K],#f2[K],d2[K],(e2.C-1)[J],b2[LNO],e[LNO],g1[LNO],b1[L],e2[IL],e2[K],#f2[K],g2[K],a2[K],g2[K],#f2[K],d2[K],(e1.e2.E-2)[I],(g1.b1.e2)[III],(e.e1.b1.e2.E-2)[K],(e.e1.b1.E-2)[L],(e.e1.b1.E-2)[L],(e.e1.b1.E-2)[K],(e.e1.b1.E-2)[L],(e.e1.b1.E-2)[L],(e.e1.b1.E-2)[L],e2[L],(e.e1.b1.#f2.E-2)[L],(e.e1.b1.g2.E-2)[L],(e.e1.b1.a2.E-2)[L],g2[L],(e.e1.b1.#f2.E-2)[L],(e.e1.b1.d2.E-2)[L],(e.e1.b1.e2.E-2)[K],(e.e1.b1.E-2)[L],(e.e1.b1.E-2)[L],(e.e1.b1.E-2)[K],(e.e1.b1.E-2)[L],(e.e1.b1.E-2)[L],(e.e1.b1.E-2)[L],e2[L],(e.e1.b1.#f2.E-2)[L],(e.e1.b1.g2.E-2)[L],(e.e1.b1.a2.E-2)[L],g2[L],(e.e1.b1.#f2.E-2)[L],(e.e1.b1.d2.E-2)[L],(c1.g1.e2.C-1)[K],(c1.g1.b2.C-1)[L],(c1.g1.C-1)[L],(c1.g1.C-1)[K],(c1.g1.C-1)[L],(c1.g1.C-1)[L],(c1.g1.C-1)[L],e2[L],(c1.g1.#f2.C-1)[L],(c1.g1.g2.C-1)[L],(c1.g1.a2.C-1)[L],g2[L],(c1.g1.#f2.C-1)[L],(c1.g1.d2.C-1)[L],(e1.b1.e2.E-1)[K],E-1[L],E-1[L],E-1[K],(d1.d2.D-1)[L],(c1.c2.C-1)[L],(b.b1.B-2)[K],B-2[L],B-2[L],B-2[K],B-2[L],B-2[L],(e.e1.b1.e2.E-2)[K],(e.e1.b1.E-2)[L],(e.e1.b1.E-2)[L],(e.e1.b1.E-2)[K],(e.e1.b1.E-2)[L],(e.e1.b1.E-2)[L],(e.e1.b1.E-2)[L],e2[L],(e.e1.b1.#f2.E-2)[L],(e.e1.b1.g2.E-2)[L],(e.e1.b1.a2.E-2)[L],g2[L],(e.e1.b1.#f2.E-2)[L],(e.e1.b1.d2.E-2)[L],(e.e1.b1.e2.E-2)[K],(e.e1.b1.E-2)[L],(e.e1.b1.E-2)[L],(e.e1.b1.E-2)[K],(e.e1.b1.E-2)[L],(e.e1.b1.E-2)[L],(e.e1.b1.E-2)[L],e2[L],(e.e1.b1.#f2.E-2)[L],(e.e1.b1.g2.E-2)[L],(e.e1.b1.a2.E-2)[L],g2[L],(e.e1.b1.#f2.E-2)[L],(e.e1.b1.d2.E-2)[L],(c1.g1.e2.C-1)[K],(c1.g1.b2.C-1)[L],(c1.g1.C-1)[L],(c1.g1.C-1)[K],(c1.g1.C-1)[L],(c1.g1.C-1)[L],(c1.g1.C-1)[L],e2[L],(c1.g1.#f2.C-1)[L],(c1.g1.g2.C-1)[L],(c1.g1.a2.C-1)[L],g2[L],(c1.g1.#f2.C-1)[L],(c1.g1.d2.C-1)[L],(e1.b1.e2.E-1)[K],E-1[L],E-1[L],E-1[K],(d1.d2.D-1)[L],(c1.c2.C-1)[L],(b.b1.B-2)[K],B-2[L],B-2[L],B-2[K],B-2[L],B-2[L],(e2.b.e.E-2)[K],(b2.b.e.E-2)[L],(b2.b.e.E-2)[L],(b2.b.e.E-2)[K],(b.e.E-2)[L],(b.e.E-2)[L],(b.e.E-2)[K],(b2.b.e.E-2)[L],(b2.b.e.E-2)[L],(b2.e.b.e1.b1.e2.E-2)[K],(b2.e.b.a1.d2.E-2)[L],(e.b.E-2)[L],(b2.b.e.E-2)[K],(e2.b.e.E-2)[L],(b.e.E-2)[L],(e2.b.e.E-2)[L],(b1.e2.g2)[L],(e.b.b1.e2.g2.E-2)[L],(e.b.b1.e2.g2.E-2)[L],(e.b.b1.e2.g2.E-2)[L],(a1.d2.#f2)[L],(e.b.a1.d2.#f2.E-2)[L],(e.b.a1.d2.#f2.E-2)[L],(d1.a1.d2.#f2.D-1)[K],(e2.d1.a1.D-1)[L],e2[L],(e2.c1.g1.C-1)[K],(b2.c1.g1.C-1)[L],(c1.g1.C-1)[L],(b2.c1.g1.C-1)[K],(c1.g1.C-1)[L],(c1.g1.C-1)[L],(c1.g1.C-1)[K],(e2.c1.g1.C-1)[L],(c1.g1.C-1)[L],(e2.c1.g1.C-1)[K],(e2.c1.g1.C-1)[L],(c1.g1.C-1)[L],(b2.b.#f1.B-2)[J],a2[K],(a2.a.A-2)[L],(g2.g.G-2)[L],(#f2.#f.#F-2)[JK],(#f2.e.E-2)[K],(b.e.e1.b1.e2.E-2)[K],(b2.b.e.E-2)[L],(b.e.E-2)[L],(b2.b.e.E-2)[K],(b.e.E-2)[L],(b.e.E-2)[L],(b.e.E-2)[K],(g2.b.e.E-2)[L],(b.e.E-2)[L],(a2.e.b.e1.b1.e2.E-2)[L],a2[L],(b2.e.b.e1.a1.d2.E-2)[L],(e.b.E-2)[L],(b2.b.e.E-2)[K],(b.e.E-2)[L],(e2.b.e.E-2)[L],(e2.b.e.E-2)[K],(e.b.e1.b1.d2.E-2)[L],(e.b.e1.b1.d2.E-2)[L],(e.b.e1.b1.d2.E-2)[K],E-2[L],E-2[L],(e.b.e1.b1.d2.E-2)[K],(e2.E-2)[L],E-2[L],(e2.c1.g1.C-1)[L],e2[L],(b2.c1.g1.C-1)[L],(c1.g1.C-1)[L],(b2.c1.g1.C-1)[K],(c1.g1.C-1)[L],(c1.g1.C-1)[L],(c1.g1.C-1)[K],(e2.c1.g1.C-1)[L],(c1.g1.C-1)[L],(e2.c1.g1.C-1)[K],(g2.c1.g1.C-1)[L],(c1.g1.C-1)[L],(b2.b.#f1.B-2)[J],a2[K],(a2.a.A-2)[L],(g2.g.G-2)[L],(#f2.#f.#F-2)[JK],(#f2.e.E-2)[L],#f2[L],(e2.b.e.e1.b1.E-2)[L],e2[L],(b2.b.e.e1.b1.E-2)[L],(b.e.e1.b1.E-2)[L],(b2.b.e.E-2)[K],(b.e.E-2)[L],(b.e.E-2)[L],(b.e.E-2)[K],(b2.b.e.E-2)[L],(b2.b.e.E-2)[L],(b2.b.e.E-2)[K],(b2.b.e.E-2)[L],(b.e.E-2)[L],(b2.b.e.E-2)[L],e2[L],(e.b.e1.e2.E-2)[L],(e.b.E-2)[L],(e2.e.b.E-2)[L],(#f1.#f2)[L],(e.b.E-2)[L],(e.b.E-2)[L],(e.b.g1.g2.E-2)[K],(e.b.E-2)[L],(e.b.#f1.#f2.E-2)[L],(e.b.E-2)[K],(e2.e.b.c1.g1.E-2)[L],(e2.e.b.c1.g1.E-2)[L],(e2.c1.g1.C-1)[K],(e2.c1.g1.C-1)[L],(c1.g1.C-1)[L],(b2.c1.g1.C-1)[K],(c1.g1.C-1)[L],(c1.g1.C-1)[L],(e2.c1.g1.C-1)[K],(e2.c1.g1.C-1)[L],(c1.g1.C-1)[L],(e2.c1.g1.C-1)[K],(e2.c1.g1.C-1)[L],(c1.g1.C-1)[L],(b2.b.#f1.B-2)[K],B-2[L],B-2[L],(a2.B-2)[K],(a2.a.A-2)[L],(g2.g.G-2)[L],(#f2.#f.#F-2)[K],#F-2[L],#F-2[L],#F-2[K],(b2.e.E-2)[L],(a2.E-2)[L],(e2.b.e.e1.b1.E-2)[K],(b2.b.e.e1.b1.E-2)[L],(b.e.e1.b1.E-2)[L],(b2.b.e.E-2)[K],(b.e.E-2)[L],(b.e.E-2)[L],(b.e.E-2)[K],(b2.b.e.E-2)[L],(b.e.E-2)[L],(b2.b.e.E-2)[K],(b2.b.e.E-2)[L],(b.e.E-2)[L],(b2.b.e.E-2)[L],e2[L],(e2.b.e.E-2)[L],(b.e.E-2)[L],(e2.b.e.E-2)[L],(b1.d2.a2)[L],(e.b.b1.d2.a2.E-2)[L],(e.b.b1.d2.a2.E-2)[L],(e.b.b1.d2.a2.E-2)[L],(b1.d2.g2)[L],(e.b.b1.d2.g2.E-2)[L],(e.b.b1.d2.g2.E-2)[L],(e.b.b1.d2.g2.E-2)[K],(e2.e.b.E-2)[L],(e.b.E-2)[L],(e2.c1.g1.C-1)[L],e2[L],(e2.c1.g1.C-1)[L],(c1.g1.C-1)[L],(g2.c1.g1.C-1)[K],(a2.c1.g1.C-1)[L],(c1.g1.C-1)[L],(b2.c1.g1.C-1)[K],(a2.c1.g1.C-1)[L],(c1.g1.C-1)[L],(c1.g1.C-1)[K],(a2.c1.g1.C-1)[L],(c1.g1.C-1)[L],(b2.b.#f1.B-2)[K],B-2[L],B-2[L],(a2.B-2)[K],(a2.a.A-2)[L],(g2.g.G-2)[L],(#f2.#f.#F-2)[K],#F-2[L],#F-2[L],#F-2[K],(e1.b1.e2.E-2)[L],(e1.b1.e2.E-2)[L],(e1.b1.e2.E-1)[K],E-1[L],E-1[L],E-1[K],(#f2.E-1)[L],E-1[L],(g2.E-1)[K],(E-1~mute~a2)[L],E-1[L],E-1[LNO],b2[MO],(e1.b1.e2.E-1)[L],(e1.b1.e2.E-1)[L],(a2.d1.a1.d2.D-1)[K],D-1[L],D-1[L],D-1[K],D-1[L],D-1[L],D-1[K],D-1[L],D-1[L],D-1[K],(a2.d1.a1.d2.D-1)[L],(d1.a1.d2.D-1)[L],(a2.a.e1.a1.A-2)[K],A-2[L],A-2[L],A-2[K],(b2.A-2)[L],A-2[L],(c3.A-2)[K],(A-2~mute~b2)[L],A-2[L],A-2[LNO],g2[MO],A-2[L],A-2[L],(g2.c1.g1.c2.C-1)[K],C-1[L],C-1[L],(b2.C-1)[K],C-1[L],C-1[L],(a2.d1.a1.d2.D-1)[K],D-1[L],D-1[L],D-1[K],D-1[L],D-1[L],(e1.b1.e2.E-1)[K],E-1[L],E-1[L],E-1[K],(#f2.E-1)[L],E-1[L],(g2.E-1)[K],(E-1~mute~a2)[L],E-1[L],E-1[LNO],b2[MO],(e1.b1.e2.E-1)[L],(e1.b1.e2.E-1)[L],(a2.d1.a1.d2.D-1)[K],D-1[L],D-1[L],D-1[K],D-1[L],D-1[L],D-1[K],D-1[L],D-1[L],D-1[K],(a2.a.e1.a1.D-1)[L],(a.e1.a1.D-1)[L],(a2.a.e1.a1.A-2)[K],A-2[L],A-2[L],A-2[K],(b2.A-2)[L],A-2[L],(c3.A-2)[K],(A-2~mute~b2)[L],A-2[L],A-2[LNO],g2[MO],(c1.g1.c2.A-2)[L],(c1.g1.c2.A-2)[L],(b2.c1.g1.c2.C-1)[K],(C-1~mute~a2)[L],C-1[L],C-1[LNO],g2[MO],C-1[L],C-1[L],(a2.d1.a1.d2.D-1)[K],D-1[L],D-1[L],D-1[K],D-1[L],D-1[L],(g1.e1.E-2)[K],(g1.e1.E-2)[L],(a1.#f1.E-2)[L],(b1.g1.E-2)[K],(a1.#f1.E-2)[L],E-2[L],(c2.a1.E-2)[K],(b1.g1.E-2)[L],E-2[L],(a1.#f1.E-2)[L],(b1.g1)[L],(a1.#f1.E-2)[L],(g1.e1.E-2)[L],(g1.c1.C-1)[K],(g1.c1.C-1)[L],(a1.d1.C-1)[L],(b1.e1.C-1)[K],(a1.d1.C-1)[L],C-1[L],(g1.c1.C-1)[K],(a1.d1.C-1)[L],C-1[L],(#f1.b.B-2)[K],B-2[L],B-2[L],(g1.e1.E-2)[K],(g1.e1.E-2)[L],(a1.#f1.E-2)[L],(b1.g1.E-2)[K],(a1.#f1.E-2)[L],E-2[L],(c2.a1.E-2)[K],(b1.g1.E-2)[L],E-2[L],(a1.#f1.E-2)[L],(b1.g1)[L],(a1.#f1.E-2)[L],(g1.e1.E-2)[L],(g1.c1.C-1)[K],(g1.c1.C-1)[L],(a1.d1.C-1)[L],(b1.e1.C-1)[K],(a1.d1.C-1)[L],C-1[L],(g1.c1.C-1)[K],(a1.d1.C-1)[L],C-1[L],(#f1.b.B-2)[K],B-2[L],B-2[L],(c2.a1.A-2)[K],(c2.a1.A-2)[L],(d2.b1.A-2)[L],(e2.c2.A-2)[K],(d2.b1.A-2)[L],A-2[L],(f2.d2.A-2)[K],(e2.c2.A-2)[L],A-2[L],(d2.b1.A-2)[L],(e2.c2)[L],(d2.b1.A-2)[L],(c2.a1.A-2)[L],(c2.f1.F-1)[K],(c2.f1.F-1)[L],(d2.g1.F-1)[L],(e2.a1.F-1)[K],(d2.g1.F-1)[L],F-1[L],(c2.f1.F-1)[K],(d2.g1.F-1)[L],F-1[L],(b1.e1.E-1)[K],E-1[L],E-1[L],(c2.a1.A-2)[K],(c2.a1.A-2)[L],(d2.b1.A-2)[L],(e2.c2.A-2)[K],(d2.b1.A-2)[L],A-2[L],(f2.d2.A-2)[K],(e2.c2.A-2)[L],A-2[L],(d2.b1.A-2)[L],(e2.c2)[L],(d2.b1.A-2)[L],(c2.a1.A-2)[L],(c2.f1.F-1)[K],(c2.f1.F-1)[L],(d2.g1.F-1)[L],(e2.a1.F-1)[K],(d2.g1.F-1)[L],F-1[L],(c2.f1.F-1)[K],(d2.g1.F-1)[L],F-1[L],(b1.e1.E-1)[K],E-1[L],E-1[L],(e2.b.e.E-2)[K],(b2.b.e.E-2)[L],(b2.b.e.E-2)[L],(b2.b.e.E-2)[K],(b.e.E-2)[L],(b.e.E-2)[L],(b.e.E-2)[K],(b2.b.e.E-2)[L],(b2.b.e.E-2)[L],(b2.e.b.e1.b1.e2.E-2)[K],(b2.e.b.a1.d2.E-2)[L],(e.b.E-2)[L],(b2.b.e.E-2)[K],(e2.b.e.E-2)[L],(b.e.E-2)[L],(e2.b.e.E-2)[L],(b1.e2.g2)[L],(e.b.b1.e2.g2.E-2)[L],(e.b.b1.e2.g2.E-2)[L],(e.b.b1.e2.g2.E-2)[L],(a1.d2.#f2)[L],(e.b.a1.d2.#f2.E-2)[L],(e.b.a1.d2.#f2.E-2)[L],(d1.a1.d2.#f2.D-1)[K],(e2.d1.a1.D-1)[L],e2[L],(e2.c1.g1.C-1)[K],(b2.c1.g1.C-1)[L],(c1.g1.C-1)[L],(b2.c1.g1.C-1)[K],(c1.g1.C-1)[L],(c1.g1.C-1)[L],(c1.g1.C-1)[K],(e2.c1.g1.C-1)[L],(c1.g1.C-1)[L],(e2.c1.g1.C-1)[K],(e2.c1.g1.C-1)[L],(c1.g1.C-1)[L],(b2.b.#f1.B-2)[J],a2[K],(a2.a.A-2)[L],(g2.g.G-2)[L],(#f2.#f.#F-2)[JK],(#f2.e.E-2)[K],(b.e.e1.b1.e2.E-2)[K],(b2.b.e.E-2)[L],(b.e.E-2)[L],(b2.b.e.E-2)[K],(b.e.E-2)[L],(b.e.E-2)[L],(b.e.E-2)[K],(g2.b.e.E-2)[L],(b.e.E-2)[L],(a2.e.b.e1.b1.e2.E-2)[L],a2[L],(b2.e.b.e1.a1.d2.E-2)[L],(e.b.E-2)[L],(b2.b.e.E-2)[K],(b.e.E-2)[L],(e2.b.e.E-2)[L],(e2.b.e.E-2)[K],(e.b.e1.b1.d2.E-2)[L],(e.b.e1.b1.d2.E-2)[L],(e.b.e1.b1.d2.E-2)[K],E-2[L],E-2[L],(e.b.e1.b1.d2.E-2)[K],(e2.E-2)[L],E-2[L],(e2.c1.g1.C-1)[L],e2[L],(b2.c1.g1.C-1)[L],(c1.g1.C-1)[L],(b2.c1.g1.C-1)[K],(c1.g1.C-1)[L],(c1.g1.C-1)[L],(c1.g1.C-1)[K],(e2.c1.g1.C-1)[L],(c1.g1.C-1)[L],(e2.c1.g1.C-1)[K],(g2.c1.g1.C-1)[L],(c1.g1.C-1)[L],(b2.b.#f1.B-2)[J],a2[K],(a2.a.A-2)[L],(g2.g.G-2)[L],(#f2.#f.#F-2)[JK],(#f2.e.E-2)[L],#f2[L],(e2.b.e.e1.b1.E-2)[L],e2[L],(b2.b.e.e1.b1.E-2)[L],(b.e.e1.b1.E-2)[L],(b2.b.e.E-2)[K],(b.e.E-2)[L],(b.e.E-2)[L],(b.e.E-2)[K],(b2.b.e.E-2)[L],(b2.b.e.E-2)[L],(b2.b.e.E-2)[K],(b2.b.e.E-2)[L],(b.e.E-2)[L],(b2.b.e.E-2)[L],e2[L],(e.b.e1.e2.E-2)[L],(e.b.E-2)[L],(e2.e.b.E-2)[L],(#f1.#f2)[L],(e.b.E-2)[L],(e.b.E-2)[L],(e.b.g1.g2.E-2)[K],(e.b.E-2)[L],(e.b.#f1.#f2.E-2)[L],(e.b.E-2)[K],(e2.e.b.c1.g1.E-2)[L],(e2.e.b.c1.g1.E-2)[L],(e2.c1.g1.C-1)[K],(e2.c1.g1.C-1)[L],(c1.g1.C-1)[L],(b2.c1.g1.C-1)[K],(c1.g1.C-1)[L],(c1.g1.C-1)[L],(e2.c1.g1.C-1)[K],(e2.c1.g1.C-1)[L],(c1.g1.C-1)[L],(e2.c1.g1.C-1)[K],(e2.c1.g1.C-1)[L],(c1.g1.C-1)[L],(b2.b.#f1.B-2)[K],B-2[L],B-2[L],(a2.B-2)[K],(a2.a.A-2)[L],(g2.g.G-2)[L],(#f2.#f.#F-2)[K],#F-2[L],#F-2[L],#F-2[K],(b2.e.E-2)[L],(a2.E-2)[L],(e2.b.e.e1.b1.E-2)[K],(b2.b.e.e1.b1.E-2)[L],(b.e.e1.b1.E-2)[L],(b2.b.e.E-2)[K],(b.e.E-2)[L],(b.e.E-2)[L],(b.e.E-2)[K],(b2.b.e.E-2)[L],(b.e.E-2)[L],(b2.b.e.E-2)[K],(b2.b.e.E-2)[L],(b.e.E-2)[L],(b2.b.e.E-2)[L],e2[L],(e2.b.e.E-2)[L],(b.e.E-2)[L],(e2.b.e.E-2)[L],(b1.d2.a2)[L],(e.b.b1.d2.a2.E-2)[L],(e.b.b1.d2.a2.E-2)[L],(e.b.b1.d2.a2.E-2)[L],(b1.d2.g2)[L],(e.b.b1.d2.g2.E-2)[L],(e.b.b1.d2.g2.E-2)[L],(e.b.b1.d2.g2.E-2)[K],(e2.e.b.E-2)[L],(e.b.E-2)[L],(e2.c1.g1.C-1)[L],e2[L],(e2.c1.g1.C-1)[L],(c1.g1.C-1)[L],(g2.c1.g1.C-1)[K],(a2.c1.g1.C-1)[L],(c1.g1.C-1)[L],(b2.c1.g1.C-1)[K],(a2.c1.g1.C-1)[L],(c1.g1.C-1)[L],(c1.g1.C-1)[K],(a2.c1.g1.C-1)[L],(c1.g1.C-1)[L],(b2.b.#f1.B-2)[K],B-2[L],B-2[L],(a2.B-2)[K],(a2.a.A-2)[L],(g2.g.G-2)[L],(#f2.#f.#F-2)[K],#F-2[L],#F-2[L],#F-2[K],(e1.b1.e2.E-2)[L],(e1.b1.e2.E-2)[L],(e1.b1.e2.E-1)[K],E-1[L],E-1[L],E-1[K],(#f2.E-1)[L],E-1[L],(g2.E-1)[K],(E-1~mute~a2)[L],E-1[L],E-1[LNO],b2[MO],(e1.b1.e2.E-1)[L],(e1.b1.e2.E-1)[L],(a2.d1.a1.d2.D-1)[K],D-1[L],D-1[L],D-1[K],D-1[L],D-1[L],D-1[K],D-1[L],D-1[L],D-1[K],(a2.d1.a1.d2.D-1)[L],(d1.a1.d2.D-1)[L],(a2.a.e1.a1.A-2)[K],A-2[L],A-2[L],A-2[K],(b2.A-2)[L],A-2[L],(c3.A-2)[K],(A-2~mute~b2)[L],A-2[L],A-2[LNO],g2[MO],A-2[L],A-2[L],(g2.c1.g1.c2.C-1)[K],C-1[L],C-1[L],(b2.C-1)[K],C-1[L],C-1[L],(a2.d1.a1.d2.D-1)[K],D-1[L],D-1[L],D-1[K],D-1[L],D-1[L],(e1.b1.e2.E-1)[K],E-1[L],E-1[L],E-1[K],(#f2.E-1)[L],E-1[L],(g2.E-1)[K],(E-1~mute~a2)[L],E-1[L],E-1[LNO],b2[MO],(e1.b1.e2.E-1)[L],(e1.b1.e2.E-1)[L],(a2.d1.a1.d2.D-1)[K],D-1[L],D-1[L],D-1[K],D-1[L],D-1[L],D-1[K],D-1[L],D-1[L],D-1[K],(a2.a.e1.a1.D-1)[L],(a.e1.a1.D-1)[L],(a2.a.e1.a1.A-2)[K],A-2[L],A-2[L],A-2[K],(b2.A-2)[L],A-2[L],(c3.A-2)[K],(A-2~mute~b2)[L],A-2[L],A-2[LNO],g2[MO],(c1.g1.c2.A-2)[L],(c1.g1.c2.A-2)[L],(b2.c1.g1.c2.C-1)[K],(C-1~mute~a2)[L],C-1[L],C-1[LNO],g2[MO],C-1[L],C-1[L],(a2.d1.a1.d2.D-1)[K],D-1[L],D-1[L],D-1[K],D-1[L],D-1[L];"]},{"id":2,"baseBeats":0.5,"scores":["mute[K],mute[K],mute[L],mute[L],mute[L],mute[K],mute[K],mute[K],mute[L],mute[K],mute[K],mute[L],mute[L],mute[L],mute[K],mute[K],mute[K],mute[L],mute[K],mute[K],mute[L],mute[L],mute[L],mute[K],mute[K],mute[K],mute[L],mute[K],mute[K],mute[L],mute[L],mute[L],mute[K],mute[K],mute[K],mute[L],mute[L],mute[L],mute[L],mute[L],mute[L],mute[L],mute[L],mute[K],mute[L],mute[L],mute[L],mute[L],mute[L],mute[L],mute[L],mute[L],mute[L],mute[L],mute[L],mute[L],mute[K],mute[L],mute[L],mute[L],mute[L],mute[L],mute[L],mute[L],mute[L],mute[L],mute[L],mute[L],mute[L],mute[K],mute[L],mute[L],mute[L],mute[L],mute[L],mute[L],mute[L],mute[L],mute[L],mute[L],mute[L],mute[L],mute[K],mute[K],mute[K],mute[L],mute[L],mute[L],mute[K],mute[L],mute[L],mute[L],mute[L],mute[L],mute[L],mute[L],mute[L],mute[L],mute[L],mute[K],mute[L],mute[L],mute[L],mute[L],mute[L],mute[L],mute[L],mute[L],mute[L],mute[L],mute[L],mute[L],mute[L],mute[L],mute[L],mute[L],mute[L],mute[L],mute[L],mute[L],mute[L],mute[L],mute[L],mute[K],mute[L],mute[L],mute[L],mute[K],mute[L],mute[L],mute[L],mute[K],mute[K],mute[L],mute[L],mute[L],mute[L],mute[L],mute[K],mute[L],mute[L],mute[L],mute[K],mute[K],mute[L],mute[L],mute[L],mute[L],mute[L],mute[K],mute[L],mute[L],mute[L],mute[L],mute[L],mute[L],mute[L],mute[L],mute[L],mute[L],mute[L],mute[L],mute[L],mute[L],mute[L],mute[L],mute[L],mute[L],mute[L],mute[L],mute[L],mute[L],mute[L],mute[L],mute[L],mute[L],mute[K],mute[L],mute[L],mute[L],mute[L],mute[L],mute[L],mute[L],mute[L],mute[L],mute[L],mute[K],mute[K],mute[L],mute[L],mute[L],mute[K],mute[K],mute[K],mute[L],mute[K],mute[K],mute[L],mute[L],mute[L],mute[K],mute[K],mute[K],mute[L],mute[K],mute[K],mute[L],mute[L],mute[L],mute[K],mute[K],mute[K],mute[L],mute[K],mute[K],mute[L],mute[L],mute[L],mute[K],mute[K],mute[K],mute[L],mute[K],mute[K],mute[L],mute[L],mute[L],mute[K],mute[L],mute[L],mute[L],mute[L],mute[L],mute[L],mute[L],mute[K],mute[L],mute[L],mute[L],mute[K],mute[K],mute[L],mute[L],mute[L],mute[L],mute[L],mute[K],mute[L],mute[L],mute[L],mute[K],mute[K],mute[K],mute[L],mute[L],mute[L],mute[L],mute[L],mute[L],mute[L],mute[L],mute[L],mute[L],mute[L],mute[L],mute[L],mute[JK],mute[K],mute[IJ],mute[K],mute[JK],mute[K],mute[JK],mute[K],mute[K],mute[K],mute[K],mute[K],mute[JK],mute[K],mute[JK],mute[K],mute[JK],mute[K],mute[K],mute[K],mute[K],mute[K],mute[K],mute[K],mute[K],mute[K],mute[II],mute[II],mute[L],mute[L],mute[L],mute[L],mute[L],mute[L],mute[L],mute[L],mute[L],mute[L],mute[L],mute[L],mute[L],mute[L],mute[L],mute[L],mute[L],mute[L],mute[L],mute[L],mute[L],mute[L],mute[L],mute[L],mute[L],mute[L],mute[L],mute[L],mute[L],mute[L],mute[L],mute[L],mute[L],mute[L],mute[L],mute[L],mute[L],mute[L],mute[L],mute[L],mute[L],mute[L],mute[L],mute[L],mute[L],mute[L],mute[L],mute[L],mute[L],mute[L],mute[L],mute[L],mute[L],mute[L],mute[L],mute[L],mute[L],mute[L],mute[L],mute[L],mute[L],mute[L],mute[L],mute[L],mute[L],mute[L],mute[L],mute[L],mute[L],mute[L],mute[L],mute[L],mute[L],mute[L],mute[L],mute[L],mute[L],mute[L],mute[L],mute[L],mute[L],mute[L],mute[L],mute[L],mute[L],mute[L],mute[L],mute[L],mute[L],mute[L],mute[L],mute[L],mute[L],mute[L],mute[L],mute[L],mute[L],mute[L],mute[L],mute[L],mute[L],mute[L],mute[L],mute[L],mute[L],mute[L],mute[L],mute[L],mute[L],mute[L],mute[L],mute[L],mute[L],mute[L],mute[L],mute[L],mute[L],mute[L],mute[L],mute[L],mute[L],mute[L],mute[L],mute[L],mute[L],mute[L],mute[L],mute[L],mute[L],mute[L],mute[L],mute[L],mute[L],mute[L],mute[L],mute[L],mute[L],mute[L],mute[L],mute[L],mute[L],mute[L],mute[L],mute[L],mute[L],mute[L],mute[L],mute[L],mute[L],mute[L],mute[L],mute[L],mute[L],mute[L],mute[L],mute[L],mute[L],mute[L],mute[L],mute[L],mute[L],mute[L],mute[L],mute[L],mute[L],mute[L],mute[L],mute[L],mute[L],mute[L],mute[L],mute[L],mute[L],mute[L],mute[L],mute[L],mute[L],mute[L],mute[L],mute[L],mute[L],mute[L],mute[L],mute[L],mute[L],mute[L],mute[L],mute[L],mute[L],mute[L],mute[L],mute[L],mute[L],mute[L],mute[L],mute[L],mute[L],mute[L],mute[L],mute[L],mute[L],mute[L],mute[L],mute[L],mute[L],mute[L],mute[L],mute[L],mute[L],mute[L],mute[L],mute[L],mute[L],mute[L],mute[L],mute[L],mute[L],mute[L],mute[L],mute[L],mute[L],mute[L],mute[L],mute[L],mute[L],mute[L],mute[L],mute[L],mute[L],mute[L],mute[L],mute[L],mute[L],mute[L],mute[L],mute[L],mute[L],mute[L],mute[L],mute[L],mute[L],mute[L],mute[L],mute[L],mute[L],mute[L],mute[L],mute[L],mute[L],mute[L],mute[L],mute[L],mute[L],mute[L],mute[L],mute[L],mute[L],mute[L],mute[L],mute[L],mute[L],mute[L],mute[L],mute[L],mute[L],mute[L],mute[L],mute[L],mute[L],mute[L],mute[L],mute[L],mute[L],mute[L],mute[L],mute[L],mute[L],mute[L],mute[L],mute[L],mute[L],mute[L],mute[L],mute[L],mute[L],mute[L],mute[L],mute[L],mute[L],mute[L],mute[L],mute[L],mute[L],mute[L],mute[L],mute[L],mute[L],mute[L],mute[L],mute[L],mute[L],mute[L],mute[L],mute[L],mute[L],mute[L],mute[L],mute[L],mute[L],mute[L],mute[L],mute[L],mute[L],mute[L],mute[L],mute[L],mute[L],mute[L],mute[L],mute[L],mute[L],mute[L],mute[L],mute[L],mute[L],mute[L],mute[L],mute[L],mute[L],mute[L],mute[L],mute[L],mute[L],mute[L],mute[L],mute[L],mute[L],mute[L],mute[L],mute[L],mute[L],mute[L],mute[L],mute[L],mute[L],mute[L],mute[L],mute[L],mute[L],mute[L],mute[L],mute[L],mute[L],mute[L],mute[L],mute[L],mute[L],mute[L],mute[L],mute[L],mute[L],mute[L],mute[L],mute[L],mute[L],mute[L],mute[L],mute[L],mute[L],mute[L],mute[L],mute[L],mute[L],mute[L],mute[L],mute[L],mute[L],mute[L],mute[L],mute[L],mute[L],mute[L],mute[L],mute[L],mute[L],mute[L],mute[L],mute[L],mute[L],mute[L],mute[L],mute[L],mute[L],mute[L],mute[L],mute[L],mute[L],mute[L],mute[L],mute[L],mute[L],mute[L],mute[L],mute[L],mute[L],mute[L],mute[L],mute[L],mute[L],mute[L],mute[L],mute[L],mute[L],mute[L],mute[L],mute[L],mute[L],mute[L],mute[L],mute[L],mute[L],mute[L],mute[L],mute[L],mute[L],mute[L],mute[L],mute[L],mute[L],mute[L],mute[L],mute[L],mute[L],mute[L],mute[L],mute[L],mute[L],mute[L],mute[L],mute[L],mute[L],mute[L],mute[L],mute[L],mute[L],mute[L],mute[L],mute[L],mute[L],mute[L],mute[L],mute[L],mute[L],mute[L],mute[L],mute[L],mute[L],mute[L],mute[L],mute[L],mute[L],mute[L],mute[L],mute[L],mute[L],mute[L],mute[L],mute[L],mute[L],mute[L],mute[L],mute[L],mute[L],mute[L],mute[L],mute[L],mute[L],mute[L];","(b.B-2)[K],(b.B-2)[K],(b.B-2)[L],(b.B-2)[L],(b.B-2)[L],(b.B-2)[K],(b.B-2)[K],(b.B-2)[K],(b.B-2)[L],(b.B-2)[K],(b.B-2)[K],(b.B-2)[L],(b.B-2)[L],(b.B-2)[L],(b.B-2)[K],(b.B-2)[K],(b.B-2)[K],(b.B-2)[L],(b.B-2)[K],(b.B-2)[K],(b.B-2)[L],(b.B-2)[L],(b.B-2)[L],(b.B-2)[K],(b.B-2)[K],(b.B-2)[K],(b.B-2)[L],(b.B-2)[K],(b.B-2)[K],(b.B-2)[L],(b.B-2)[L],(b.B-2)[L],(b.B-2)[K],(b.B-2)[K],(b.B-2)[K],(b.B-2)[L],(b.#f.B-2)[L],b[L],(b.#c1.B-2)[L],b[L],(b.#f.B-2)[L],(b.#f1.B-2)[L],(b.B-2)[L],(b.B-2)[K],(b.B-2)[L],#c1[L],(b.B-2)[L],#c1[L],(b.B-2)[L],(b.B-2)[L],e1[L],(b.B-2)[L],#f1[L],(b.e1.B-2)[L],(b.B-2)[L],(b.#d1.B-2)[L],(b.B-2)[K],(b.B-2)[L],#c1[L],(b.B-2)[L],#d1[L],(b.B-2)[L],(b.#f.B-2)[L],b[L],(b.#c1.B-2)[L],b[L],(b.#f.B-2)[L],(b.#f1.B-2)[L],(b.B-2)[L],(b.B-2)[K],(b.B-2)[L],#c1[L],(b.B-2)[L],#c1[L],(b.B-2)[L],(b.B-2)[L],e1[L],(b.B-2)[L],#f1[L],(b.e1.B-2)[L],(b.B-2)[L],(b.#d1.B-2)[L],(b.B-2)[K],(b.#c1.B-2)[K],(b.#d1.B-2)[K],(b.e.B-2)[L],(a.A-2)[L],b[L],(a.A-2)[K],(a.e1.A-2)[L],(a.A-2)[L],(a.A-2)[L],(a.A-2)[L],a[L],(a.b.A-2)[L],a[L],(a.b.A-2)[L],a[L],(a.A-2)[L],(a.d1.A-2)[K],(a.e1.A-2)[L],d1[L],(a.A-2)[L],(a.#c1.A-2)[L],(a.A-2)[L],(a.A-2)[L],b[L],(a.A-2)[L],#c1[L],(a.A-2)[L],e[L],(a.A-2)[L],(a.b.A-2)[L],a[L],(a.e.A-2)[L],e1[L],(a.A-2)[L],(a.A-2)[L],(a.A-2)[L],(a.A-2)[L],b[L],(a.A-2)[L],b[L],(a.A-2)[K],(a.d1.A-2)[L],(a.A-2)[L],e1[L],(a.d1.A-2)[K],(a.#c1.A-2)[L],(a.A-2)[L],(a.e.A-2)[L],(a.b.A-2)[K],(a.#c1.A-2)[K],(a.#f.A-2)[L],b[L],(a.#c1.A-2)[L],(b.B-2)[L],#c1[L],(b.B-2)[K],(b.B-2)[L],(b.#f1.B-2)[L],(b.B-2)[L],(b.#g1.B-2)[K],(b.#f1.B-2)[K],(b.#f.B-2)[L],b[L],(b.#c1.B-2)[L],(b.B-2)[L],#c1[L],(b.B-2)[K],(b.e1.B-2)[L],(b.B-2)[L],(b.#f1.B-2)[L],(b.e1.B-2)[L],#d1[L],(b.e1.B-2)[L],#d1[L],(b.#c1.B-2)[L],b[L],(b.#f.B-2)[L],(b.B-2)[L],#c1[L],(b.B-2)[L],#c1[L],(b.B-2)[L],(b.B-2)[L],(b.#f1.B-2)[L],(b.B-2)[L],#g1[L],(b.B-2)[L],#f1[L],(b.B-2)[L],#g1[L],(b.a1.B-2)[L],(b.B-2)[L],#g1[L],(b.#f1.B-2)[K],(b.e1.B-2)[L],(b.#f1.B-2)[L],(b.B-2)[L],(b.e1.B-2)[L],#d1[L],(b.B-2)[L],#d1[L],(b.e1.B-2)[L],#f1[L],(b.B-2)[L],(#c1.#g1.#C-1)[K],(#c1.#g1.#C-1)[K],(#c1.#g1.#C-1)[L],(#c1.#f1.#C-1)[L],(#c1.f1.#C-1)[L],(#c1.#f1.#C-1)[K],(#c1.f1.#C-1)[K],(#c1.#g1.#C-1)[K],(#c1.#g.#C-1)[L],(#c1.#C-1)[K],(#c1.#g1.#C-1)[K],(#c1.#g1.#C-1)[L],(#c1.#f1.#C-1)[L],(#c1.f1.#C-1)[L],(#c1.#f1.#C-1)[K],(#c1.f1.#C-1)[K],(#c1.#C-1)[K],(#c1.#g.#C-1)[L],(#c1.#C-1)[K],(#c1.#g1.#C-1)[K],(#c1.#g1.#C-1)[L],(#c1.#f1.#C-1)[L],(#c1.f1.#C-1)[L],(#c1.#f1.#C-1)[K],(#c1.f1.#C-1)[K],(#c1.#g1.#C-1)[K],(#c1.#g.#C-1)[L],(#c1.#C-1)[K],(#c1.#g1.#C-1)[K],(#c1.#g1.#C-1)[L],(#c1.#f1.#C-1)[L],(#c1.f1.#C-1)[L],(#c1.#f1.#C-1)[K],(#c1.f1.#C-1)[K],(#c1.#g1.#C-1)[K],(#c1.f1.#C-1)[L],(#d1.#a1.#D-1)[K],(#d1.#D-1)[K],(#d1.#D-1)[L],(#d1.#D-1)[L],(#d1.#D-1)[L],(#d1.#D-1)[K],(#d1.#D-1)[L],#g1[L],(#d1.#a1.#D-1)[L],c2[L],(#d1.#a1.#D-1)[L],(#d1.#g1.#D-1)[L],#a1[L],(#d1.#D-1)[K],(#d1.#D-1)[L],(#d1.#D-1)[L],(#d1.#D-1)[L],(#d1.#D-1)[K],(#d1.#D-1)[K],(#d1.#g1.#D-1)[L],#a1[L],(#d1.c2.#D-1)[L],(#d1.#a1.#D-1)[L],#g1[L],(#d1.#a1.#D-1)[K],(#d1.#d2.#D-1)[L],(#d1.#D-1)[L],(#d1.#D-1)[L],(#d1.#D-1)[K],(#d1.#D-1)[K],(#d1.#D-1)[K],(#d1.#D-1)[L],(d2.D-1)[L],(#c2.#C-1)[L],(a1.A-2)[L],(f2.F-1)[L],(d2.D-1)[L],(c2.C-1)[L],(g2.G-1)[L],(f2.F-1)[L],(d2.D-1)[L],(a2.A-1)[L],(g2.G-1)[L],(f2.F-1)[L],(e.E-2)[JK],b1[K],#a1[IJ],(#f.b.B-2)[K],(e.E-2)[JK],b1[K],#a1[JK],g1[K],#a1[K],g1[K],#f1[K],#d1[K],e1[JK],(b.B-2)[K],(e.E-2)[JK],b1[K],#a1[JK],g1[K],#a1[K],g1[K],#f1[K],e1[K],g1[K],#f1[K],e1[K],b[K],(c1.g1.C-1)[II],(d1.a1.D-1)[II],(a.A-2)[L],(a.A-2)[L],(a.A-2)[L],(a.A-2)[L],(a.A-2)[L],(a.A-2)[L],(a.A-2)[L],(a.A-2)[L],(a.A-2)[L],(a.A-2)[L],(a.A-2)[L],(a.A-2)[L],(a.A-2)[L],(a.A-2)[L],(a.A-2)[L],(a.A-2)[L],(a.A-2)[L],(a.A-2)[L],(a.A-2)[L],(a.A-2)[L],(a.A-2)[L],(a.A-2)[L],(a.A-2)[L],(a.A-2)[L],(a.A-2)[L],(a.A-2)[L],(a.A-2)[L],(a.A-2)[L],(a.A-2)[L],(a.A-2)[L],(a.A-2)[L],(a.A-2)[L],(a.A-2)[L],(a.A-2)[L],(a.A-2)[L],(a.A-2)[L],(a.A-2)[L],(a.A-2)[L],(a.A-2)[L],(a.A-2)[L],(a.A-2)[L],(a.A-2)[L],(a.A-2)[L],(a.A-2)[L],(a.A-2)[L],(a.A-2)[L],(a.A-2)[L],(a.A-2)[L],(a.a1.A-2)[L],(a.A-2)[L],(a.b1.A-2)[L],(a.A-2)[L],(a.c2.A-2)[L],(a.A-2)[L],(a.d2.A-2)[L],(a.A-2)[L],(a.c2.A-2)[L],(a.A-2)[L],(a.b1.A-2)[L],(a.A-2)[L],(a.a1.A-2)[L],(a.A-2)[L],(a.A-2)[L],(a.A-2)[L],(a.A-2)[L],(a.A-2)[L],(a.A-2)[L],(a.A-2)[L],(a.A-2)[L],(a.A-2)[L],(a.A-2)[L],(a.A-2)[L],(c1.c2.C-1)[L],(c1.C-1)[L],(c1.d2.C-1)[L],(c1.C-1)[L],(c1.e2.C-1)[L],(c1.C-1)[L],(c1.f2.C-1)[L],(c1.C-1)[L],(c1.e2.C-1)[L],(c1.C-1)[L],(c1.d2.C-1)[L],(c1.C-1)[L],(c1.g2.C-1)[L],(c1.C-1)[L],(c1.C-1)[L],(c1.C-1)[L],(c1.C-1)[L],(c1.C-1)[L],(c1.g2.C-1)[L],(c1.C-1)[L],(c1.a2.C-1)[L],(c1.C-1)[L],(c1.f2.C-1)[L],(c1.C-1)[L],(g.f2.G-2)[L],(g.G-2)[L],(g.e2.G-2)[L],(g.G-2)[L],(g.d2.G-2)[L],(g.G-2)[L],(g.c2.G-2)[L],(g.G-2)[L],(g.b1.G-2)[L],(g.G-2)[L],(g.a1.G-2)[L],(g.G-2)[L],(g.g1.G-2)[L],(g.G-2)[L],(g.G-2)[L],(g.G-2)[L],(g.g1.G-2)[L],(g.G-2)[L],(g.g1.G-2)[L],(g.G-2)[L],(g.f1.G-2)[L],(g.G-2)[L],(g.g1.G-2)[L],(g.G-2)[L],(#a.#a1.#A-2)[L],(#a.#A-2)[L],(#a.#A-2)[L],(#a.#A-2)[L],(#a.#A-2)[L],(#a.#A-2)[L],(#a.#a1.#A-2)[L],(#a.#A-2)[L],(#a.c2.#A-2)[L],(#a.#A-2)[L],(#a.#a1.#A-2)[L],(#a.#A-2)[L],(f.f1.F-2)[L],(f.F-2)[L],(f.F-2)[L],(f.F-2)[L],(f.F-2)[L],(f.F-2)[L],(f.F-2)[L],(f.F-2)[L],(f.F-2)[L],(f.F-2)[L],(f.F-2)[L],(f.F-2)[L],(a.a1.A-2)[L],(a.A-2)[L],(a.b1.A-2)[L],(a.A-2)[L],(a.c2.A-2)[L],(a.A-2)[L],(a.d2.A-2)[L],(a.A-2)[L],(a.c2.A-2)[L],(a.A-2)[L],(a.b1.A-2)[L],(a.A-2)[L],(a.a1.A-2)[L],(a.A-2)[L],(a.A-2)[L],(a.A-2)[L],(a.A-2)[L],(a.A-2)[L],(a.A-2)[L],(a.A-2)[L],(a.A-2)[L],(a.A-2)[L],(a.A-2)[L],(a.A-2)[L],(c1.c2.C-1)[L],(c1.C-1)[L],(c1.d2.C-1)[L],(c1.C-1)[L],(c1.e2.C-1)[L],(c1.C-1)[L],(c1.f2.C-1)[L],(c1.C-1)[L],(c1.e2.C-1)[L],(c1.C-1)[L],(c1.d2.C-1)[L],(c1.C-1)[L],(c1.g2.C-1)[L],(c1.C-1)[L],(c1.C-1)[L],(c1.C-1)[L],(c1.C-1)[L],(c1.C-1)[L],(c1.g2.C-1)[L],(c1.C-1)[L],(c1.a2.C-1)[L],(c1.C-1)[L],(c1.f2.C-1)[L],(c1.C-1)[L],(g.f2.G-2)[L],(g.G-2)[L],(g.e2.G-2)[L],(g.G-2)[L],(g.d2.G-2)[L],(g.G-2)[L],(g.c2.G-2)[L],(g.G-2)[L],(g.b1.G-2)[L],(g.G-2)[L],(g.a1.G-2)[L],(g.G-2)[L],(g.g1.G-2)[L],(g.G-2)[L],(g.G-2)[L],(g.G-2)[L],(g.g1.G-2)[L],(g.G-2)[L],(g.g1.G-2)[L],(g.G-2)[L],(g.f1.G-2)[L],(g.G-2)[L],(g.g1.G-2)[L],(g.G-2)[L],(#a.#a1.#A-2)[L],(#a.#A-2)[L],(#a.#A-2)[L],(#a.#A-2)[L],(#a.#A-2)[L],(#a.#A-2)[L],(#a.#a1.#A-2)[L],(#a.#A-2)[L],(#a.c2.#A-2)[L],(#a.#A-2)[L],(#a.#a1.#A-2)[L],(#a.#A-2)[L],(f.f1.F-2)[L],(f.F-2)[L],(f.F-2)[L],(f.F-2)[L],(f.F-2)[L],(f.F-2)[L],(f.F-2)[L],(f.F-2)[L],(f.F-2)[L],(f.F-2)[L],(f.F-2)[L],(f.F-2)[L],(a.a1.c2.A-2)[L],(a.A-2)[L],(a.b1.d2.A-2)[L],(a.A-2)[L],(a.c2.e2.A-2)[L],(a.A-2)[L],(a.d2.f2.A-2)[L],(a.A-2)[L],(a.c2.e2.A-2)[L],(a.A-2)[L],(a.b1.d2.A-2)[L],(a.A-2)[L],(a.a1.c2.A-2)[L],(a.A-2)[L],(a.A-2)[L],(a.A-2)[L],(a.A-2)[L],(a.A-2)[L],(a.A-2)[L],(a.A-2)[L],(a.A-2)[L],(a.A-2)[L],(a.A-2)[L],(a.A-2)[L],(c1.c2.e2.C-1)[L],(c1.C-1)[L],(c1.d2.f2.C-1)[L],(c1.C-1)[L],(c1.e2.g2.C-1)[L],(c1.C-1)[L],(c1.f2.a2.C-1)[L],(c1.C-1)[L],(c1.e2.g2.C-1)[L],(c1.C-1)[L],(c1.d2.f2.C-1)[L],(c1.C-1)[L],(c1.g2.c3.C-1)[L],(c1.C-1)[L],(c1.C-1)[L],(c1.C-1)[L],(c1.c3.C-1)[L],(c1.C-1)[L],(c1.g2.c3.C-1)[L],(c1.C-1)[L],(c1.a2.d3.C-1)[L],(c1.C-1)[L],(c1.f2.a2.C-1)[L],(c1.C-1)[L],(g.f2.a2.G-2)[L],(g.G-2)[L],(g.e2.g2.G-2)[L],(g.G-2)[L],(g.d2.f2.G-2)[L],(g.G-2)[L],(g.c2.e2.G-2)[L],(g.G-2)[L],(g.b1.d2.G-2)[L],(g.G-2)[L],(g.a1.c2.G-2)[L],(g.G-2)[L],(g.g1.b1.G-2)[L],(g.G-2)[L],(g.G-2)[L],(g.G-2)[L],(g.g1.#a1.G-2)[L],(g.G-2)[L],(g.g1.#a1.G-2)[L],(g.G-2)[L],(g.f1.a1.G-2)[L],(g.G-2)[L],(g.g1.#a1.G-2)[L],(g.G-2)[L],(#a.#a1.d2.#A-2)[L],(#a.#A-2)[L],(#a.#A-2)[L],(#a.#A-2)[L],(#a.d2.#A-2)[L],(#a.#A-2)[L],(#a.#a1.d2.#A-2)[L],(#a.#A-2)[L],(#a.c2.#d2.#A-2)[L],(#a.#A-2)[L],(#a.#a1.d2.#A-2)[L],(#a.#A-2)[L],(f.f1.a1.F-2)[L],(f.F-2)[L],(f.F-2)[L],(f.F-2)[L],(f.F-2)[L],(f.F-2)[L],(f.F-2)[L],(f.F-2)[L],(f.F-2)[L],(f.F-2)[L],(f.F-2)[L],(f.F-2)[L],(a.a1.c2.A-2)[L],(a.A-2)[L],(a.b1.d2.A-2)[L],(a.A-2)[L],(a.c2.e2.A-2)[L],(a.A-2)[L],(a.d2.f2.A-2)[L],(a.A-2)[L],(a.c2.e2.A-2)[L],(a.A-2)[L],(a.b1.d2.A-2)[L],(a.A-2)[L],(a.a1.c2.A-2)[L],(a.A-2)[L],(a.A-2)[L],(a.A-2)[L],(a.A-2)[L],(a.A-2)[L],(a.A-2)[L],(a.A-2)[L],(a.A-2)[L],(a.A-2)[L],(a.A-2)[L],(a.A-2)[L],(c1.c2.e2.C-1)[L],(c1.C-1)[L],(c1.d2.f2.C-1)[L],(c1.C-1)[L],(c1.e2.g2.C-1)[L],(c1.C-1)[L],(c1.f2.a2.C-1)[L],(c1.C-1)[L],(c1.e2.g2.C-1)[L],(c1.C-1)[L],(c1.d2.f2.C-1)[L],(c1.C-1)[L],(c1.g2.c3.C-1)[L],(c1.C-1)[L],(c1.C-1)[L],(c1.C-1)[L],(c1.c3.C-1)[L],(c1.C-1)[L],(c1.g2.c3.C-1)[L],(c1.C-1)[L],(c1.a2.d3.C-1)[L],(c1.C-1)[L],(c1.f2.a2.C-1)[L],(c1.C-1)[L],(g.f2.a2.G-2)[L],(g.G-2)[L],(g.e2.g2.G-2)[L],(g.G-2)[L],(g.d2.f2.G-2)[L],(g.G-2)[L],(g.c2.e2.G-2)[L],(g.G-2)[L],(g.b1.d2.G-2)[L],(g.G-2)[L],(g.a1.c2.G-2)[L],(g.G-2)[L],(g.g1.b1.G-2)[L],(g.G-2)[L],(g.G-2)[L],(g.G-2)[L],(g.g1.#a1.G-2)[L],(g.G-2)[L],(g.g1.#a1.G-2)[L],(g.G-2)[L],(g.f1.a1.G-2)[L],(g.G-2)[L],(g.g1.#a1.G-2)[L],(g.G-2)[L],(#a.#a1.d2.#A-2)[L],(#a.#A-2)[L],(#a.#A-2)[L],(#a.#A-2)[L],(#a.d2.#A-2)[L],(#a.#A-2)[L],(#a.#a1.d2.#A-2)[L],(#a.#A-2)[L],(#a.c2.#d2.#A-2)[L],(#a.#A-2)[L],(#a.#a1.d2.#A-2)[L],(#a.#A-2)[L],(f.f1.a1.F-2)[L],(f.F-2)[L],(f.F-2)[L],(f.F-2)[L],(f.F-2)[L],(f.F-2)[L],(f.d2.F-2)[L],(f.F-2)[L],(f.F-2)[L],(f.F-2)[L],(f.F-2)[L],(f.F-2)[L],(a.d2.#a2.A-2)[L],(a.A-2)[L],(a.A-2)[L],(a.A-2)[L],(a.A-2)[L],(a.A-2)[L],(a.A-2)[L],(a.A-2)[L],(a.c2.A-2)[L],(a.A-2)[L],(a.A-2)[L],(a.a1.A-2)[L],(a.c2.A-2)[L],(a.d2.A-2)[L],(a.c2.A-2)[L],(a.A-2)[L],(a.A-2)[L],(a.A-2)[L],(a.A-2)[L],(a.A-2)[L],(a.A-2)[L],(a.A-2)[L],(a.g2.A-2)[L],(a.A-2)[L],(c1.a2.C-1)[L],(c1.g2.C-1)[L],(c1.e2.C-1)[L],(c1.d2.C-1)[L],(c1.e2.C-1)[L],(c1.a2.C-1)[L],(c1.g2.C-1)[L],(c1.e2.C-1)[L],(c1.#d2.C-1)[L],(c1.d2.C-1)[L],(c1.c2.C-1)[L],(c1.a1.C-1)[L],(c1.d2.#d3.C-1)[L],(c1.C-1)[L],(c1.c2.C-1)[L],(c1.C-1)[L],(c1.C-1)[L],(c1.C-1)[L],(c1.C-1)[L],(c1.C-1)[L],(c1.C-1)[L],(c1.C-1)[L];"]},{"id":3,"baseBeats":0.5,"scores":["5<mute[M],mute[M]>,5<mute[M],mute[M]>,5<mute[M],mute[M]>,5<mute[M],mute[M]>,5<mute[M],mute[M]>,5<mute[M],mute[M]>,5<mute[M],mute[M]>,5<mute[M],mute[M]>,5<mute[M],mute[M]>,5<mute[M],mute[M]>,5<mute[M],mute[M]>,5<mute[M],mute[M]>,5<mute[M],mute[M]>,5<mute[M],mute[M]>,5<mute[M],mute[M]>,5<mute[M],mute[M]>,5<mute[M],mute[M]>,5<mute[M],mute[M]>,5<mute[M],mute[M]>,5<mute[M],mute[M]>,mute[L],mute[L],mute[L],mute[L],mute[L],mute[L],mute[L],mute[L],mute[L],mute[L],mute[L],mute[L],mute[L],mute[L],mute[L],mute[L],mute[L],mute[L],mute[L],mute[L],mute[L],mute[L],mute[L],mute[L],mute[L],mute[L],mute[L],mute[L],mute[L],mute[L],mute[K],mute[L],mute[L],mute[L],mute[L],mute[K],mute[LM],mute[KM],mute[L],mute[L],mute[L],mute[L],5<mute[M],mute[M]>,5<mute[M],mute[M]>,mute[L],mute[L],mute[L],mute[L],5<mute[M],mute[M]>,5<mute[M],mute[M]>,mute[L],mute[L],mute[L],mute[L],mute[L],mute[L],mute[L],mute[L],mute[L],mute[L],mute[L],mute[L],5<mute[M],mute[M]>,5<mute[M],mute[M]>,5<mute[M],mute[M]>,5<mute[M],mute[M]>,5<mute[M],mute[M]>,5<mute[M],mute[M]>,5<mute[M],mute[M]>,5<mute[M],mute[M]>,5<mute[M],mute[M]>,5<mute[M],mute[M]>,5<mute[M],mute[M]>,5<mute[M],mute[M]>,mute[L],mute[L],mute[L],mute[L],mute[L],mute[L],mute[L],mute[L],mute[L],mute[L],mute[L],mute[L],mute[L],mute[L],mute[L],mute[L],mute[L],mute[L],mute[L],mute[L],mute[L],mute[L],mute[L],mute[L],mute[L],mute[L],mute[L],mute[L],mute[L],mute[L],mute[L],mute[L],mute[L],mute[L],mute[L],mute[L],mute[L],mute[L],mute[L],mute[L],mute[L],mute[L],mute[L],mute[L],mute[L],mute[L],mute[L],mute[L],mute[L],mute[L],mute[L],mute[L],mute[L],mute[L],mute[L],mute[L],mute[L],mute[L],mute[L],mute[L],mute[K],mute[L],mute[L],mute[L],mute[L],mute[K],mute[LM],mute[KM],5<mute[M],mute[M]>,5<mute[M],mute[M]>,5<mute[M],mute[M]>,5<mute[M],mute[M]>,5<mute[M],mute[M]>,5<mute[M],mute[M]>,5<mute[M],mute[M]>,5<mute[M],mute[M]>,5<mute[M],mute[M]>,5<mute[M],mute[M]>,5<mute[M],mute[M]>,5<mute[M],mute[M]>,5<mute[M],mute[M]>,5<mute[M],mute[M]>,5<mute[M],mute[M]>,5<mute[M],mute[M]>,5<mute[M],mute[M]>,5<mute[M],mute[M]>,5<mute[M],mute[M]>,5<mute[M],mute[M]>,5<mute[M],mute[M]>,5<mute[M],mute[M]>,5<mute[M],mute[M]>,5<mute[M],mute[M]>,mute[L],mute[L],mute[L],mute[L],mute[L],mute[L],mute[L],mute[L],mute[L],mute[L],mute[L],mute[L],mute[L],mute[L],mute[L],mute[L],mute[L],mute[L],mute[L],mute[L],mute[L],mute[L],5<mute[M],mute[M]>,5<mute[M],mute[M]>,5<mute[M],mute[M]>,5<mute[M],mute[M]>,5<mute[M],mute[M]>,5<mute[M],mute[M]>,5<mute[M],mute[M]>,5<mute[M],mute[M]>,5<mute[M],mute[M]>,5<mute[M],mute[M]>,5<mute[M],mute[M]>,5<mute[M],mute[M]>,5<mute[M],mute[M]>,5<mute[M],mute[M]>,5<mute[M],mute[M]>,5<mute[M],mute[M]>,mute[L],mute[L],mute[L],mute[L],mute[L],mute[L],mute[L],mute[L],mute[L],mute[L],5<mute[M],mute[M]>,5<mute[M],mute[M]>,5<mute[M],mute[M]>,5<mute[M],mute[M]>,5<mute[M],mute[M]>,5<mute[M],mute[M]>,5<mute[M],mute[M]>,5<mute[M],mute[M]>,5<mute[M],mute[M]>,5<mute[M],mute[M]>,5<mute[M],mute[M]>,5<mute[M],mute[M]>,5<mute[M],mute[M]>,5<mute[M],mute[M]>,5<mute[M],mute[M]>,mute[L],mute[L],mute[L],mute[L],mute[L],mute[L],mute[L],mute[L],mute[L],mute[L],mute[L],5<mute[M],mute[M]>,5<mute[M],mute[M]>,mute[L],mute[L],mute[K],mute[K],mute[K],mute[L],mute[L],mute[L],mute[L],mute[L],mute[L],mute[K],mute[K],mute[K],mute[L],5<mute[M],mute[M]>,5<mute[M],mute[M]>,5<mute[M],mute[M]>,mute[L],5<mute[M],mute[M]>,5<mute[M],mute[M]>,5<mute[M],mute[M]>,5<mute[M],mute[M]>,5<mute[M],mute[M]>,mute[K],mute[L],mute[L],mute[L],mute[L],mute[L],mute[L],mute[JK],5<mute[M],mute[M]>,5<mute[M],mute[M]>,5<mute[M],mute[M]>,5<mute[M],mute[M]>,5<mute[M],mute[M]>,5<mute[M],mute[M]>,5<mute[M],mute[M]>,5<mute[M],mute[M]>,5<mute[M],mute[M]>,5<mute[M],mute[M]>,mute[K],mute[L],mute[L],mute[L],mute[L],mute[L],mute[L],mute[K],mute[K],mute[K],mute[L],mute[L],mute[L],mute[L],mute[L],mute[L],mute[JK],mute[L],mute[L],mute[L],mute[L],5<mute[M],mute[M]>,5<mute[M],mute[M]>,5<mute[M],mute[M]>,5<mute[M],mute[M]>,mute[L],mute[L],mute[K],mute[L],mute[L],mute[L],mute[L],mute[L],mute[L],mute[K],mute[J],mute[L],mute[L],mute[L],mute[L],mute[L],mute[L],5<mute[M],mute[M]>,5<mute[M],mute[M]>,mute[L],mute[L],mute[L],mute[L],mute[L],mute[L],mute[L],mute[L],5<mute[M],mute[M]>,5<mute[M],mute[M]>,mute[L],mute[L],mute[L],mute[L],5<mute[M],mute[M]>,5<mute[M],mute[M]>,5<mute[M],mute[M]>,5<mute[M],mute[M]>,mute[L],mute[L],mute[L],mute[L],mute[K],mute[K],mute[K],mute[L],mute[L],5<mute[M],mute[M]>,5<mute[M],mute[M]>,mute[L],mute[L],mute[K],5<mute[M],mute[M]>,5<mute[M],mute[M]>,mute[K],mute[L],mute[L],5<mute[M],mute[M]>,5<mute[M],mute[M]>,mute[L],mute[L],5<mute[M],mute[M]>,5<mute[M],mute[M]>,mute[K],mute[K],mute[L],mute[L],mute[L],mute[L],mute[L],mute[L],mute[K],mute[K],mute[K],mute[L],mute[L],mute[L],mute[L],mute[L],mute[L],mute[L],mute[L],mute[L],mute[L],mute[K],mute[L],mute[L],mute[L],mute[L],mute[L],mute[L],mute[JK],mute[L],mute[L],mute[L],mute[L],mute[L],mute[L],mute[L],mute[L],mute[L],mute[L],mute[L],mute[L],mute[L],mute[L],mute[L],mute[L],mute[L],mute[L],mute[L],mute[L],mute[L],mute[KL],mute[L],mute[L],mute[L],mute[L],mute[L],mute[L],mute[L],mute[L],mute[L],5<mute[M],mute[M]>,5<mute[M],mute[M]>,mute[L],mute[L],mute[L],mute[L],mute[L],mute[L],mute[L],mute[JK],mute[L],mute[L],mute[L],mute[L],mute[L],mute[L],mute[LNO],mute[LMO],mute[L],mute[L],mute[L],mute[L],5<mute[M],mute[M]>,mute[L],mute[L],mute[L],mute[L],mute[LNO],mute[LMO],mute[L],mute[L],mute[L],mute[L],mute[L],mute[L],mute[L],mute[L],mute[L],mute[J],mute[K],mute[L],mute[L],mute[L],mute[L],mute[L],mute[L],mute[L],mute[L],mute[L],mute[L],mute[L],mute[L],mute[K],mute[K],mute[L],mute[L],mute[L],mute[L],mute[L],mute[L],mute[L],mute[L],mute[L],mute[L],mute[L],mute[L],mute[K],mute[K],mute[L],mute[L],mute[L],mute[L],mute[L],mute[L],mute[L],mute[L],mute[L],mute[L],mute[L],mute[L],mute[K],mute[K],mute[L],mute[L],mute[L],mute[L],mute[K],mute[L],mute[L],mute[K],mute[L],mute[L],mute[K],mute[K],mute[K],mute[L],mute[L],mute[L],mute[L],mute[L],mute[L],mute[K],mute[L],mute[L],mute[K],mute[K],mute[L],mute[L],mute[L],mute[L],mute[L],mute[L],mute[L],mute[L],mute[L],mute[L],mute[L],mute[L],mute[K],mute[K],mute[L],mute[L],mute[L],mute[L],mute[L],mute[L],mute[L],mute[L],mute[K],mute[L],mute[L],mute[K],mute[K],mute[K],mute[L],mute[L],mute[K],mute[L],mute[L],mute[K],mute[L],mute[L],mute[L],mute[L],mute[K],mute[K],mute[L],mute[L],mute[K],mute[L],mute[L],mute[K],mute[L],mute[L],mute[K],mute[L],mute[L],mute[K],mute[L],mute[L],mute[K],mute[L],mute[L],mute[K],mute[L],mute[L],mute[K],mute[L],mute[L],mute[K],mute[L],mute[L],mute[K],mute[L],mute[L],mute[K],mute[L],mute[L],mute[K],mute[L],mute[L],mute[K],mute[L],mute[L],mute[K],mute[L],mute[L],mute[K],mute[L],mute[L],mute[K],mute[L],mute[L],mute[L],mute[L],mute[L],mute[L],mute[L],mute[L],mute[L],mute[L],mute[K],mute[L],mute[L],mute[K],mute[K],mute[K],mute[L],mute[L],mute[L],mute[L],mute[L],mute[L],mute[K],mute[L],mute[L],mute[K],mute[K],mute[L],mute[L],mute[L],mute[L],mute[L],mute[L],mute[L],mute[L],mute[K],mute[L],mute[L],mute[K],mute[K],mute[K],mute[L],mute[L],mute[K],mute[L],mute[L],mute[K],mute[L],mute[L],mute[K],mute[K],mute[K],mute[L],mute[L],mute[K],mute[L],mute[L],mute[K],5<mute[M],mute[M]>,mute[L],mute[LNO],mute[LMO],mute[L],mute[K],mute[L],mute[L],mute[K],mute[L],mute[L],mute[K],mute[L],mute[L],mute[K],mute[L],mute[L],mute[K],mute[L],mute[L],mute[K],mute[L],mute[L],mute[K],5<mute[M],mute[M]>,mute[L],mute[LNO],mute[LMO],mute[L],mute[K],mute[L],mute[L],mute[K],mute[L],mute[L],mute[K],mute[L],mute[L],mute[K],mute[L],mute[L],mute[K],mute[L],mute[L],mute[K],mute[L],mute[L],mute[K],5<mute[M],mute[M]>,mute[L],mute[LNO],mute[LMO],mute[L],mute[K],mute[L],mute[L],mute[K],mute[L],mute[L],mute[K],mute[L],mute[L],mute[K],mute[L],mute[L],mute[K],mute[L],mute[L],mute[K],mute[L],mute[L],mute[K],5<mute[M],mute[M]>,mute[L],mute[LNO],mute[LMO],mute[L],mute[K],5<mute[M],mute[M]>,mute[L],mute[LNO],mute[LMO],mute[L],mute[K],mute[L],mute[L],mute[K],mute[L],mute[L],mute[K],mute[L],mute[L],mute[K],mute[L],mute[L],mute[L],mute[L],mute[L],mute[L],mute[L],mute[L],mute[L],mute[L],mute[K],mute[L],mute[L],mute[K],mute[L],mute[L],mute[L],mute[L],mute[L],mute[L],mute[L],mute[L],mute[L],mute[L],mute[K],mute[L],mute[L],mute[K],mute[L],mute[L],mute[L],mute[L],mute[L],mute[L],mute[L],mute[L],mute[L],mute[L],mute[K],mute[L],mute[L],mute[K],mute[L],mute[L],mute[K],mute[L],mute[L],mute[K],mute[L],mute[L],mute[K],mute[L],mute[L],mute[K],mute[L],mute[L],mute[L],mute[L],mute[L],mute[L],mute[L],mute[L],mute[L],mute[L],mute[K],mute[L],mute[L],mute[K],mute[L],mute[L],mute[L],mute[L],mute[L],mute[L],mute[L],mute[L],mute[L],mute[L],mute[K],mute[L],mute[L],mute[K],mute[L],mute[L],mute[L],mute[L],mute[L],mute[L],mute[L],mute[L],mute[L],mute[L],mute[K],mute[L],mute[L],mute[L],mute[L],mute[L],mute[L],mute[K],mute[L],mute[L],mute[L],mute[L],mute[L],mute[L],mute[LNO],mute[KMNO],mute[LM],mute[LMO],mute[KLM],mute[K],mute[L],mute[L],mute[IIIIM];","(c1.d2.C-1~mute~c2)[L],(c1.C-1~g1~mute)[L],(g.b1.G-2~mute~g1)[L],(g.G-2~c2~mute)[L],(g.g1.G-2~mute~c2)[L],(g.G-2~g1~mute)[L],(g.b1.G-2~mute~g1)[L],(g.G-2~c2~mute)[L],(g.g1.G-2~mute~c2)[L],(g.G-2~g1~mute)[L],(g.b1.G-2~mute~g1)[L],(g.G-2~c2~mute)[L],(g.g1.G-2~mute~c2)[L],(g.G-2~g1~mute)[L],(g.b1.G-2~mute~g1)[L],(g.G-2~c2~mute)[L],(g.g1.G-2~mute~c2)[L],(g.G-2~g1~mute)[L],(g.b1.G-2~mute~g1)[L],(g.G-2~c2~mute)[L],(g.g1.G-2)[L],(g.c2.G-2)[L],(g.b1.G-2)[L],(g.g1.G-2)[L],(g.g1.G-2)[L],(g.G-2)[L],(#a.#A-2)[L],(#a.#A-2)[L],(#a.c1.#A-2)[L],(#a.d1.#A-2)[L],(#a.f1.#A-2)[L],(#a.#A-2)[L],(#a.f1.#A-2)[L],(#a.g1.#A-2)[L],(#a.f1.#A-2)[L],(#a.g1.#A-2)[L],(#a.#A-2)[L],(#a.f1.#a1.#A-2)[L],(f.F-2)[L],(f.F-2)[L],(f.F-2)[L],(f.F-2)[L],(f.F-2)[L],(f.F-2)[L],(f.F-2)[L],(f.F-2)[L],(f.F-2)[L],(f.F-2)[L],(f.F-2)[L],(f.F-2)[L],E-1[K],E-1[L],E-1[L],E-1[L],B-2[L],D-1[K],E-1[LM],D-1[M],C-1[K],(a.b2.A-2)[L],(a.A-2)[L],(a.A-2)[L],(a.A-2)[L],(a.c3.A-2~mute~b2)[L],(a.A-2~a2~mute)[L],(a.b2.A-2)[L],(a.A-2)[L],(a.A-2)[L],(a.A-2)[L],(a.c3.A-2~mute~b2)[L],(a.A-2~a2~mute)[L],(a.c3.A-2)[L],(a.A-2)[L],(a.A-2)[L],(a.A-2)[L],(a.A-2)[L],(a.A-2)[L],(a.c3.A-2)[L],(a.A-2)[L],(a.b2.A-2)[L],(a.A-2)[L],(a.c3.A-2)[L],(a.A-2)[L],(c1.b2.C-1~mute~c3)[L],(c1.C-1~b2~mute)[L],(c1.a2.C-1~mute~b2)[L],(c1.C-1~a2~mute)[L],(c1.g2.C-1~mute~a2)[L],(c1.C-1~g2~mute)[L],(c1.g2.C-1~mute~a2)[L],(c1.C-1~a2~mute)[L],(c1.g2.C-1~mute~e2)[L],(c1.C-1~d2~mute)[L],(c1.a2.C-1~mute~g2)[L],(c1.C-1~e2~mute)[L],(c1.d2.C-1)[L],(c1.C-1)[L],(c1.c2.C-1)[L],(c1.a1.C-1)[L],(c1.c2.C-1)[L],(c1.C-1)[L],(c1.C-1)[L],(c1.C-1)[L],(c1.C-1)[L],(c1.C-1)[L],(c1.C-1)[L],(c1.C-1)[L],(g.b1.G-2)[L],(g.c2.G-2)[L],(g.a1.G-2)[L],(g.b1.G-2)[L],(g.g1.G-2)[L],(g.a1.G-2)[L],(g.f1.G-2)[L],(g.g1.G-2)[L],(g.e1.G-2)[L],(g.f1.G-2)[L],(g.d1.G-2)[L],(g.e1.G-2)[L],(g.c1.G-2)[L],(g.d1.G-2)[L],(g.b.G-2)[L],(g.G-2)[L],(g.G-2)[L],(g.G-2)[L],(g.G-2)[L],(g.G-2)[L],(g.G-2)[L],(g.G-2)[L],(g.b.G-2)[L],(g.G-2)[L],(#a.#A-2)[L],(#a.#A-2)[L],(#a.c1.#A-2)[L],(#a.d1.#A-2)[L],(#a.f1.#A-2)[L],(#a.#A-2)[L],(#a.a1.#A-2)[L],(#a.#A-2)[L],(#a.g1.#A-2)[L],(#a.#A-2)[L],(#a.a2.#A-2)[L],(#a.g2.#A-2)[L],(f.f2.F-2)[L],(f.F-2)[L],(f.F-2)[L],(f.F-2)[L],(f.F-2)[L],(f.F-2)[L],(f.F-2)[L],(f.F-2)[L],(f.F-2)[L],(f.F-2)[L],(f.F-2)[L],(f.F-2)[L],E-1[K],E-1[L],E-1[L],E-1[L],B-2[L],D-1[K],E-1[LM],D-1[M],C-1[K],(a.b2.A-2~mute~c3)[L],(a.A-2~b2~mute)[L],(a.c3.A-2~mute~b2)[L],(a.A-2~c3~mute)[L],(a.b2.A-2~mute~c3)[L],(a.A-2~b2~mute)[L],(a.c3.A-2~mute~a2)[L],(a.A-2~c3~mute)[L],(a.a2.A-2~mute~c3)[L],(a.A-2~a2~mute)[L],(a.c3.A-2~mute~a2)[L],(a.A-2~c3~mute)[L],(a.a2.A-2~mute~c3)[L],(a.A-2~g2~mute)[L],(a.c3.A-2~mute~g2)[L],(a.A-2~c3~mute)[L],(a.g2.A-2~mute~c3)[L],(a.A-2~g2~mute)[L],(a.c3.A-2~mute~g2)[L],(a.A-2~c3~mute)[L],(a.f2.A-2~mute~c3)[L],(a.A-2~f2~mute)[L],(a.c3.A-2~mute~f2)[L],(a.A-2~c3~mute)[L],(c1.e2.C-1)[L],(c1.C-1)[L],(c1.f2.C-1)[L],(c1.C-1)[L],(c1.g2.C-1)[L],(c1.C-1)[L],(c1.f2.C-1)[L],(c1.C-1)[L],(c1.e2.C-1)[L],(c1.C-1)[L],(c1.c2.C-1)[L],(c1.C-1)[L],(c1.g1.C-1)[L],(c1.C-1)[L],(c1.C-1)[L],(c1.C-1)[L],(c1.C-1)[L],(c1.C-1)[L],(c1.g1.C-1)[L],(c1.C-1)[L],(c1.C-1)[L],(c1.C-1)[L],(c1.d2.C-1~mute~c2)[L],(c1.C-1~g1~mute)[L],(g.b1.G-2~mute~g1)[L],(g.G-2~c2~mute)[L],(g.g1.G-2~mute~c2)[L],(g.G-2~g1~mute)[L],(g.b1.G-2~mute~g1)[L],(g.G-2~c2~mute)[L],(g.g1.G-2~mute~c2)[L],(g.G-2~g1~mute)[L],(g.b1.G-2~mute~g1)[L],(g.G-2~c2~mute)[L],(g.g1.G-2~mute~c2)[L],(g.G-2~g1~mute)[L],(g.b1.G-2~mute~g1)[L],(g.G-2~b1~mute)[L],(g.g1.G-2)[L],(g.b1.G-2)[L],(g.G-2)[L],(g.G-2)[L],(g.G-2)[L],(g.G-2)[L],(g.G-2)[L],(g.G-2)[L],(g.c3.G-2)[L],(g.a2.G-2)[L],(#a.c3.#A-2~mute~a2)[L],(#a.#A-2~g2~mute)[L],(#a.c3.#A-2~mute~a2)[L],(#a.#A-2~g2~mute)[L],(#a.a2.#A-2~mute~g2)[L],(#a.#A-2~e2~mute)[L],(#a.d2.#A-2~mute~g2)[L],(#a.#A-2~e2~mute)[L],(#a.#d2.#A-2~mute~d2)[L],(#a.#A-2~c2~mute)[L],(#a.a1.#A-2~mute~d2)[L],(#a.#A-2~a1~mute)[L],(f.c2.F-2~mute~a1)[L],(f.F-2~g1~mute)[L],(f.#d1.F-2~mute~d1)[L],(f.F-2)[L],(f.c1.F-2)[L],(f.F-2)[L],(f.F-2)[L],(f.F-2)[L],(f.F-2)[L],(f.F-2)[L],(f.F-2)[L],(f.F-2)[L],(e.g2.E-2)[L],(e.E-2)[L],(e.#f2.E-2~mute~g2)[L],(e.E-2~#f2~mute)[L],(e.e2.E-2)[L],(e.E-2)[L],(e.b.e1.e2.g2.E-2)[K],(d2.a2.d3)[K],(e2.b2.e3)[K],(e.e2.b2.e3.E-2)[L],(e.E-2)[L],(e.E-2)[L],(e.E-2)[L],(e.E-2)[L],(e.E-2)[L],(e.b.e1.E-2)[K],(b1.b2)[K],(e2.e3)[K],(c1.d3.C-1)[L],(c1.C-1~e3~mute)[L],(c1.d3.C-1~mute~e3)[L],(c1.C-1~d3~mute)[L],(c1.c3.C-1)[L],(c1.C-1~d3~mute)[L],(c1.g1.c2.c3.C-1~d3~c3)[K],(b2~c3~b2)[K],a2[K],(c1.C-1)[L],(c1.C-1)[L],(c1.C-1)[L],(c1.C-1)[L],(c1.C-1)[L],(c1.C-1)[L],(c1.g1.c2.C-1)[JK],(g.g2.G-2~mute~a2)[L],(g.G-2~g2~mute)[L],(g.#f2.G-2~mute~g2)[L],(g.G-2~#f2~mute)[L],(g.e2.G-2~mute~d2)[L],(g.G-2~e2~mute)[L],(g.d1.g1.d2.G-2~c2~d2)[K],(c2~d2~c2)[K],b1[K],(g.G-2)[L],(g.G-2)[L],(g.b1.G-2)[L],(g.G-2)[L],(g.G-2)[L],(g.a1.G-2)[L],(g.d1.g1.G-2)[K],a1[K],g1[K],(d1.#f1.D-1)[L],(d1.D-1)[L],(d1.D-1)[L],(d1.D-1)[L],(d1.D-1)[L],(d1.D-1)[L],(d1.a1.d2.D-1)[JK],(c1.d2.C-1)[L],(c1.C-1)[L],(c1.C-1)[L],(c1.c2.C-1)[L],(c1.c2.C-1~mute~d2)[L],(c1.C-1~c2~mute)[L],(c1.g1.c2.b1.C-1~c2~b1)[K],a1[L],g1[L],(d1.d2.a1.D-1)[K],(e.e1.b1.e2.E-2)[L],(e.E-2)[L],(e.E-2)[L],(e.E-2)[L],(e.#f1.c2.#f2.E-2)[L],(e.E-2)[L],(e.b.e1.g1.E-2)[K],b1[J],(e.E-2)[L],(e.E-2)[L],(e.E-2)[L],(e.E-2)[L],(e.E-2)[L],(e.E-2)[L],(e.b.e1.b1.E-2~c2)[L],(b1~a1)[L],b1[L],c2[L],#d2[L],e2[L],(c1.#d2.C-1)[L],(c1.#f2.C-1)[L],(c1.e2.C-1)[L],(c1.#d2.C-1)[L],(c1.#d2.C-1~mute~e2)[L],(c1.C-1~#d2~mute)[L],(c1.g1.c2.C-1)[L],e2[L],#d2[L],c2[L],(b1~c2~b1)[K],(c1.b1.C-1~mute~c2)[L],(c1.C-1~b1~mute)[L],(c1.a1.C-1)[L],(c1.C-1)[L],(c1.C-1)[L],(c1.C-1)[L],(c1.g1.c2.C-1)[K],b1[K],#d2[K],(g.g2.G-2)[L],(g.G-2)[L],(g.#f2.G-2~mute~g2)[L],(g.G-2~#f2~mute)[L],(g.e2.G-2)[L],(g.G-2)[L],(g.d1.g1.a2.G-2)[K],(g2~a2~g2)[K],#f2[K],(g.d3.G-2)[L],(g.G-2)[L],(g.c3.G-2~mute~d3)[L],(g.G-2~c3~mute)[L],(g.b2.G-2)[L],(g.G-2)[L],(g.d1.g1.#f2.G-2~g2~#f2)[K],e2[K],d2[K],(d1.e2.D-1)[L],(d1.D-1)[L],(d1.#f2.D-1)[L],(d1.D-1)[L],(d1.e2.D-1)[L],(d1.D-1)[L],(d1.a1.d2.g2.D-1)[K],#f2[K],g2[K],(c1.#f2.C-1)[L],(c1.g2.C-1)[L],(c1.a2.C-1)[L],(c1.b2.C-1)[L],(c1.c3.C-1)[L],(c1.d3.C-1)[L],(c1.g1.c2.e3.C-1)[L],#f3[L],g3[L],#f3[L],(d1.a1.d2.e3.D-1)[K],(e.e3.E-2)[L],(e.E-2)[L],(e.E-2)[L],(e.E-2)[L],(e.E-2)[L],(e.E-2)[L],(e.b.e1.E-2)[JK],(e.d3.E-2)[L],(e.e3.E-2)[L],(e.d3.E-2)[L],(e.e3.E-2)[L],(e.d3.E-2)[L],(e.e3.E-2)[L],(e.b.e1.d3.E-2)[L],e3[L],d3[L],e3[L],d3[L],e3[L],(c1.d3.C-1)[L],(c1.e3.C-1)[L],(c1.d3.C-1)[L],(c1.e3.C-1)[L],(c1.d3.C-1)[L],(c1.e3.C-1)[L],(c1.g1.c2.d3.C-1)[L],e3[L],d3[L],#f3[KL],(c1.C-1)[L],(c1.C-1)[L],(c1.C-1)[L],(c1.C-1)[L],(c1.d3.C-1)[L],(c1.e3.C-1)[L],(c1.g1.c2.#f3.C-1)[L],g3[L],a3[L],(g3~#f3)[L],(g3~#f3)[L],#f3[L],(c1.a3.C-1)[L],(c1.C-1)[L],(c1.C-1)[L],(c1.C-1)[L],(c1.C-1)[L],(c1.C-1)[L],(c1.g1.c2.a3.C-1)[JK],(c1.c4.C-1)[L],(c1.C-1)[L],(c1.c4.C-1)[L],(c1.C-1)[L],(c1.b3.C-1)[L],(c1.a3.C-1)[L],(c1.g1.c2.a3.C-1)[LNO],a3[MO],b3[L],a3[L],g3[L],a3[L],(c1.a3.C-1)[L],(c1.C-1~a3~mute)[L],(c1.b3.C-1)[L],(c1.a3.C-1)[L],(c1.g3.C-1)[L],(c1.a3.C-1)[L],(c1.g1.c2.a3.C-1)[LNO],a3[MO],g3[L],#f3[L],e3[L],g3[L],(c1.C-1)[L],(c1.C-1)[L],(c1.C-1)[L],(c1.C-1)[L],(c1.C-1)[L],(c1.C-1)[L],(c1.g1.c2.C-1)[J],(c1.g1.c2.C-1)[K],(e.b.E-2)[L],e2[L],(g2.e.b.E-2)[L],(g2.e.b.E-2)[L],(g2.e.b.E-2)[L],g2[L],(g2.e.b.E-2)[L],(g2.e.b.E-2)[L],(g2.e.b.E-2)[L],#f2[L],(e2.e.b.E-2)[L],(e.b.E-2)[L],(g2.e1.b1.e2.e.b.E-2)[K],(e1.d1.a1.d2.D-1)[K],(e.b.E-2)[L],e2[L],(g2.e.b.E-2)[L],(g2.e.b.E-2)[L],(g2.e.b.E-2)[L],e2[L],(#f2.e.b.E-2)[L],(g2.e.b.E-2)[L],(g2.e.b.E-2)[L],#f2[L],(e2.e.b.E-2)[L],(e.b.E-2)[L],(g2.e1.b1.e2.e.b.E-2)[K],(e1.b1.e2.e.b.E-2)[K],(d1.a1.D-1)[L],d2[L],(e2.d1.a1.D-1)[L],(#f2.d1.a1.D-1)[L],(#f2.d1.a1.D-1)[L],d2[L],(#f2.d1.a1.D-1)[L],(#f2.d1.a1.D-1)[L],(#f2.d1.a1.D-1)[L],e2[L],(d2.d1.a1.D-1)[L],(d1.a1.D-1)[L],(#f2.d2.d1.a1.D-1)[K],(d2.d1.a1.D-1)[K],(#f2.b.#f1.b1.B-2)[L],g2[L],(#f2.B-2)[L],(e2.B-2)[L],(#f2.b.#f1.B-2)[K],(b.#f1.B-2)[L],(a2.b.#f1.B-2)[L],(b2.b.#f1.B-2)[K],(b2.b.#f1.B-2)[L],(b2.b.#f1.B-2)[L],(b2.c1.g1.C-1)[K],(#f2.d1.a1.D-1)[K],(e.b.E-2)[K],(g2.e.b.E-2)[L],(g2.e.b.E-2)[L],(#f2.e.b.E-2)[L],e2[L],(#f2.e.b.E-2)[L],(g2.e.b.E-2)[L],(g2.e.b.E-2)[K],(e2.e.b.E-2)[L],(e.b.E-2)[L],(g2.e1.b1.e2.e.b.E-2)[K],(e1.d1.a1.d2.D-1)[K],(e.b.E-2)[L],e2[L],(g2.e.b.E-2)[L],(g2.e.b.E-2)[L],(#f2.e.b.E-2)[L],e2[L],(d2.e.b.E-2)[L],(e.b.E-2)[L],(g2.e.b.E-2)[L],#f2[L],(e2.e.b.E-2)[L],(e.b.E-2)[L],(g2.e1.b1.e2.e.b.E-2)[K],(e1.b1.e2.e.b.E-2)[K],(d1.a1.D-1)[L],d2[L],(#f2.d1.a1.D-1)[L],(#f2.d1.a1.D-1)[L],(e2.d1.a1.D-1)[L],d2[L],(d2.d1.a1.D-1)[L],(d2.d1.a1.D-1)[L],(#f2.d1.a1.D-1)[K],(d2.d1.a1.D-1)[L],(d1.a1.D-1)[L],(#f2.d2.d1.a1.D-1)[K],(d2.d1.a1.D-1)[K],(#f2.b.#f1.b1.B-2)[K],(e2.B-2)[L],(e2.B-2)[L],(#f2.b.#f1.B-2)[K],(b.#f1.B-2)[L],(#f2.b.#f1.B-2)[L],(b2.b.#f1.B-2)[K],(b2.b.#f1.B-2)[L],(b.#f1.B-2)[L],(a2.c1.g1.C-1)[L],#f2[L],(#f2.d1.a1.D-1)[K],(e1.b1.e2.E-1)[K],E-1[L],E-1[L],E-1[K],E-1[L],E-1[L],E-1[K],E-1[L],E-1[L],(g1.d2.g2.G-1)[K],G-1[L],G-1[L],(#f2.d1.a1.d2.D-1)[K],D-1[L],D-1[L],D-1[K],D-1[L],D-1[L],D-1[K],D-1[L],D-1[L],D-1[K],(e1.b1.e2.E-1)[L],(e1.b1.e2.E-1)[L],(e1.b1.e2.E-1)[K],E-1[L],E-1[L],E-1[K],E-1[L],E-1[L],E-1[K],E-1[L],E-1[L],(b2.g1.d2.g2.G-1)[K],G-1[L],G-1[L],(a2.d1.a1.d2.D-1)[K],D-1[L],D-1[L],D-1[K],D-1[L],D-1[L],D-1[K],D-1[L],D-1[L],D-1[K],D-1[L],D-1[L],(e.b.E-2)[L],e2[L],(e2.e.b.E-2)[L],(g2.e.b.E-2)[L],(#f2.e.b.E-2)[L],e2[L],(e2.e.b.E-2)[L],(e2.e.b.E-2)[L],(g2.e.b.E-2)[K],(e2.e.b.E-2)[L],(e.b.E-2)[L],(g2.e1.b1.e2.e.b.E-2)[K],(e1.d1.a1.d2.D-1)[K],(e.b.E-2)[K],(e2.e.b.E-2)[L],(g2.e.b.E-2)[L],(#f2.e.b.E-2)[L],e2[L],(#f2.e.b.E-2)[L],(g2.e.b.E-2)[L],(#f2.e.b.E-2)[K],(e2.e.b.E-2)[L],(e.b.E-2)[L],(g2.e1.b1.e2.e.b.E-2)[K],(e1.b1.e2.e.b.E-2)[K],(d1.a1.D-1)[L],d2[L],(#f2.d1.a1.D-1)[L],(#f2.d1.a1.D-1)[L],(e2.d1.a1.D-1)[L],d2[L],(e2.d1.a1.D-1)[L],(#f2.d1.a1.D-1)[L],(#f2.d1.a1.D-1)[K],(d2.d1.a1.D-1)[L],(d1.a1.D-1)[L],(#f2.d2.d1.a1.D-1)[K],(d2.d1.a1.D-1)[K],(g2.b.#f1.b1.B-2)[K],(#f2.B-2)[L],(e2.B-2)[L],(#f2.b.#f1.B-2)[K],(#f2.b.#f1.B-2)[L],(b.#f1.B-2)[L],(b2.b.#f1.B-2)[K],(b2.b.#f1.B-2)[L],(b2.b.#f1.B-2)[L],(b2.c1.g1.C-1)[K],(#f2.d1.a1.D-1)[K],(e1.b1.e2.E-1)[K],E-1[L],E-1[L],E-1[K],(#f2.E-1)[L],E-1[L],(g2.E-1)[K],(E-1~mute~a2)[L],E-1[L],E-1[LNO],b2[MO],(e1.b1.e2.E-1)[L],(e1.b1.e2.E-1)[L],(a2.d1.a1.d2.D-1)[K],D-1[L],D-1[L],D-1[K],D-1[L],D-1[L],D-1[K],D-1[L],D-1[L],D-1[K],(a2.d1.a1.d2.D-1)[L],(d1.a1.d2.D-1)[L],(a2.a.e1.a1.A-2)[K],A-2[L],A-2[L],A-2[K],(b2.A-2)[L],A-2[L],(c3.A-2)[K],(A-2~mute~b2)[L],A-2[L],A-2[LNO],g2[MO],A-2[L],A-2[L],(g2.c1.g1.c2.C-1)[K],C-1[L],C-1[L],(b2.C-1)[K],C-1[L],C-1[L],(a2.d1.a1.d2.D-1)[K],D-1[L],D-1[L],D-1[K],D-1[L],D-1[L],(e1.b1.e2.E-1)[K],E-1[L],E-1[L],E-1[K],(#f2.E-1)[L],E-1[L],(g2.E-1)[K],(E-1~mute~a2)[L],E-1[L],E-1[LNO],b2[MO],(e1.b1.e2.E-1)[L],(e1.b1.e2.E-1)[L],(a2.d1.a1.d2.D-1)[K],D-1[L],D-1[L],D-1[K],D-1[L],D-1[L],D-1[K],D-1[L],D-1[L],D-1[K],(a2.a.e1.a1.D-1)[L],(a.e1.a1.D-1)[L],(a2.a.e1.a1.A-2)[K],A-2[L],A-2[L],(b2.A-2)[K],A-2[L],A-2[L],(c3.A-2)[K],(A-2~mute~b2)[L],A-2[L],A-2[LNO],a2[MO],(c1.g1.c2.C-1)[L],(c1.g1.c2.C-1)[L],(b2.c1.g1.c2.C-1)[K],(C-1~mute~a2)[L],C-1[L],C-1[LNO],g2[MO],(d1.a1.d2.D-1)[L],(d1.a1.d2.D-1)[L],(a2.d1.a1.d2.D-1)[K],D-1[L],D-1[L],D-1[K],(g2.D-1)[L],(e2.D-1)[L],(e2.e.b.E-2)[K],(e.b.E-2)[L],(e.b.E-2)[L],(e.b.E-2)[K],(e.b.E-2)[L],(e.b.E-2)[L],(e.b.E-2)[L],e2[L],(#f2.e.b.E-2)[L],(g2.e.b.E-2)[L],(a2.e.b.E-2)[L],g2[L],(#f2.e.b.E-2)[L],(d2.e.b.E-2)[L],(e2.e.b.E-2)[K],(e.b.E-2)[L],(e.b.E-2)[L],(e.b.E-2)[K],(e.b.E-2)[L],(e.b.E-2)[L],(e.b.E-2)[L],e2[L],(#f2.e.b.E-2)[L],(g2.e.b.E-2)[L],(a2.e.b.E-2)[L],g2[L],(#f2.e.b.E-2)[L],(d2.e.b.E-2)[L],(e2.c1.g1.C-1)[K],(b2.c1.g1.C-1)[L],(c1.g1.C-1)[L],(c1.g1.C-1)[K],(c1.g1.C-1)[L],(c1.g1.C-1)[L],(c1.g1.C-1)[L],e2[L],(#f2.c1.g1.C-1)[L],(g2.c1.g1.C-1)[L],(a2.c1.g1.C-1)[L],g2[L],(#f2.c1.g1.C-1)[L],(d2.c1.g1.C-1)[L],(e2.e.b.E-1)[K],E-1[L],E-1[L],E-1[K],(d2.d1.D-1)[L],(c2.c1.C-1)[L],(b1.b.B-2)[K],B-2[L],B-2[L],B-2[K],B-2[L],B-2[L],(e2.e.b.E-2)[K],(e.b.E-2)[L],(e.b.E-2)[L],(e.b.E-2)[K],(e.b.E-2)[L],(e.b.E-2)[L],(e.b.E-2)[L],e2[L],(#f2.e.b.E-2)[L],(g2.e.b.E-2)[L],(a2.e.b.E-2)[L],g2[L],(#f2.e.b.E-2)[L],(d2.e.b.E-2)[L],(e2.e.b.E-2)[K],(e.b.E-2)[L],(e.b.E-2)[L],(e.b.E-2)[K],(e.b.E-2)[L],(e.b.E-2)[L],(e.b.E-2)[L],e2[L],(#f2.e.b.E-2)[L],(g2.e.b.E-2)[L],(a2.e.b.E-2)[L],g2[L],(#f2.e.b.E-2)[L],(d2.e.b.E-2)[L],(e2.c1.g1.C-1)[K],(b2.c1.g1.C-1)[L],(c1.g1.C-1)[L],(c1.g1.C-1)[K],(c1.g1.C-1)[L],(c1.g1.C-1)[L],(c1.g1.C-1)[L],e2[L],(#f2.c1.g1.C-1)[L],(g2.c1.g1.C-1)[L],(a2.c1.g1.C-1)[L],g2[L],(#f2.c1.g1.C-1)[L],(d2.c1.g1.C-1)[L],(e2.e1.b1.E-1)[K],E-1[L],E-1[L],E-1[L],e2[L],(d2.d1.E-1)[L],(c2.c1.E-1)[L],(b1.b.B-2)[K],B-2[LO],B-2[LO],B-2[LN],(b1.b)[LN],(a1.a.B-2)[LN],(g1.g.B-2)[LNO],(#f1.#f.B-2)[KMNO],(#f1.#f.B-2)[LM],B-2[LMO],(g1.g.B-2)[KLM],(#f1.#f.B-2)[K],(g.B-2)[L],#f[L],(b1.e.b.e1.E-2)[IIIIM];"]}]}