{"baseBpm":64,"musics":[{"id":1,"baseBeats":0.25,"scores":["(F-1.c1)[L],b[M],c1[M],(#G-1.c.b)[L],c1[L],(#F-1.c.#d1)[L],d2[L],(#F-1.c.c1)[K],(G-1.c1)[L],b[M],c1[M],(#G-1.c.b)[L],c1[L],(#G-1.c.#g)[L],f[L],(#G-1.c.g)[K],(F-1.c1)[L],b[M],c1[M],(#G-1.c.b)[L],c1[L],(#G-1.c.#d1)[L],d1[L],(#G-1.c.c1)[LM],(F-1.c1)[L],b1[M],c1[M],(#G-1.c.b)[L],c1[L],(#G-1.c.#g)[L],g[L],(#G-1.c.f)[K],(F-2.c1)[L],b1[M],c1[M],(F-1.#G-1.c.b)[L],c1[L],(F-1.#G-1.c.#d1)[L],d1[L],(F-1.#G-1.c.c1)[K],(F-2.c1)[L],b[M],c1[M],(F-1.#G-1.c.b)[L],c1[L],(F-1.#G-1.c.#g)[L],f[L],(F-1.#G-1.c.g)[K],(F-2.c1)[L],b[M],c1[M],(F-1.#G-1.c.b)[L],c1[L],(F-1.#G-1.c.#d1)[L],d1[L],(F-1.#G-1.c.c1)[K],(F-2.c1)[L],b[M],c1[M],(F-1.#G-1.c.b)[L],c1[L],(F-1.#G-1.c.#g)[L],g[L],(F-1.#G-1.c.f)[LM],WW,(F-2.f)[MN],(#g.c1)[M],(#g.c1)[M],(#g.c1.c.G-1.F-1)[MN],(#g.c1)[L],(#g.c1.F-2)[L],#a[L],(#g.c.#G-1.F-1)[L],g[L],f[L],g[L],(g.F-1.#G-1.c)[L],g[L],(F-2.f)[L],5<(F-1.#G-1.c)[M]>,U,(#g.c1)[M],(#g.c1)[M],(c.G-1.F-1.#g.c1)[MN],(#g.c1)[L],(F-2.c1.#d1)[L],d1[MN],(F-1.#G-1.c.c1)[L],c1[M],(F-2.g.b)[L],(#g.c1)[L],(F-1.#G-1.c.g.b)[L],(#g.c1)[L],(F-2.g.d1)[LM],(F-1.#G-1.c)[L],U,(F-2.f)[L],(#g.c1)[M],(#g.c1)[M],(F-1.#G-1.c.#g.c1)[L],(#g.c1)[L],(#g.c1.F-2)[L],#a[MN],(F-1.#G-1.c.#g)[L],g[L],(F-2.c.f)[L],#g[L],(F-1.#G-1.c.#g)[L],g[L],(F-2.c.f)[LM],(F-1.#G-1.c)[MN],U,(F-2.f)[L],(#g.c1)[M],(#g.c1)[M],(F-1.#G-1.c.#g.c1)[L],(#g.c1)[L],(#g.c1.F-2)[L],#a[L],(F-1.#G-1.c.#g)[L],g[L],(F-2.c.f)[L],g[L],(F-1.#G-1.c.g)[L],g[L],(F-1.#G-1.c.f)[L],#d[L],(f.F-2)[L],C-1[L],F-1[L],c[L],(c.e.c1)[L],C-1[L],(c.e.c1)[L],(C-1.e.c1)[L],(c.#d.b)[L],(C-1.#d.b)[L],(c.#d.b)[L],(c.#d.b)[L],(c.e.c1)[LM],C-1[M],(e.c1)[M],(c.e.c1)[L],(C-1.e.c1)[L],(c.g.#d1)[KM],(e.c.c1)[MN],C-1[M],(e.c1)[M],(e.c.c1)[MN],(e.C-1.c1)[M],(e.c1)[M],(c.#d.b)[MN],(C-1.#d.b)[MN],(c.#d.b)[MN],C-1[MN],W,(c.e1)[M],e[M],(C-1.#f)[M],g[M],(c.#f)[MN],(C-1.e)[L],(B-2.#d)[L],#D-1[MN],#F-1[MN],A-1[MN],(c.e.c1)[L],C-1[M],(e.c1)[M],(c.e.c1)[L],(C-1.e.c1)[L],(c.#d.b)[L],(C-1.#d.b)[L],(c.#d.b)[MN],(C-1.#d.b)[L],(c.e.c1)[L],(c.e.c1)[M],(c.e.c1)[L],(C-1.e.c1)[L],(c.g.#d1)[KL],(B-2.G-1.B-1.g.#d1)[L],b[L],c1[L],a[L],(B-2.#D-1.B-1.#d.b)[L],g[L],a[L],#f[M],#f[M],(E-2.E-1.g)[L],#f[L],(G-1.B-1.e)[L],#f[L],(E-2.E-1.e)[K],(e.b.e1)[K],(F-2.F-1)[L],(#G-1.c)[M],(#G-1.c)[M],(F-1.#G-1.c)[MN],(#G-1.c)[L],(#G-1.c.F-2)[L],#A-1[L],(F-1.#G-1.c)[L],G-1[L],(F-2.F-1)[L],G-1[L],"]},{"id":2,"baseBeats":0.25,"scores":["(F-1.#G-1.c)[L],G-1[L],(F-2.F-1)[K],(F-1.#G-1.c)[L],(F-2.F-1)[L],(#G-1.c)[M],(#G-1.c)[M],(F-1.#G-1.c)[MN],(#G-1.c)[L],(F-2.c.#d)[L],d[L],(F-1.#G-1.c)[LM],c[M],(G-2.G-1.B-1)[L],(#G-1.c)[L],(G-1.B-1.d)[L],(#G-1.c)[L],(G-2.G-1.d)[L],(G-1.B-1.d)[L],(F-2.F-1)[L],(#G-1.c)[M],(#G-1.c)[M],(F-1.#G-1.c)[L],(#G-1.c)[L],(#G-1.c.F-2)[L],#A-1[L],(F-1.#G-1.c)[L],G-1[L],(F-2.C-1.F-1)[L],G-1[L],(F-1.#G-1.c)[L],G-1[L],(F-2.C-1.F-1)[LM],(F-1.#G-1.c)[LM],(F-2.F-1)[L],(#G-1.c)[M],(#G-1.c)[M],(F-1.#G-1.c)[MN],(#G-1.c)[L],(#G-1.c.F-2)[L],#A-1[L],(#G-1.c.F-1)[L],G-1[L],(F-2.C-1.F-1)[L],G-1[L],(F-1.#G-1.c)[L],#D-1[L],(F-2.F-1)[L],C-1[L],F-1[L],A-1[L],(E-1.c)[L],C-1[L],(E-1.c)[L],(E-1.c.C-1)[L],(#D-1.B-1.c)[L],(#D-1.B-1.C-1)[L],(#D-1.B-1.c)[L],C-1[L],(E-1.c)[MN],C-1[M],(E-1.c)[M],(E-1.c)[MN],(E-1.c.C-1)[MN],(G-1.c.#d)[KM],(E-1.c)[L],C-1[L],(E-1.c)[L],(E-1.C-1.c)[M],(E-1.c)[M],(#D-1.B-1.c)[L],(#D-1.B-1.C-1)[L],(#D-1.B-1.c)[L],C-1[L],(c.e)[M],E-1[M],(C-1.#F-1)[M],G-1[M],(#F-1.c)[MN],(C-1.E-1)[L],(B-2.#D-1)[L],#D-1[L],F-1[L],A-1[L],(E-1.c)[L],C-1[L],(E-1.c)[L],(E-1.c.C-1)[L],(E-1.c.C-1)[L],(#D-1.B-1.c)[L],(#D-1.B-1.C-1)[L],(#D-1.B-1.c)[L],(E-1.c)[L],C-1[L],(E-1.c)[L],(E-1.c.C-1)[L],(E-1.c.C-1)[L],(G-1.c.#d)[KL],(B-2.G-1.B-1.#d)[L],B-1[L],c[L],a[L],(B-2.G-1.B-1)[L],G-1[L],A-1[L],F-1[M],F-1[M],(E-2.E-1.G-1)[L],#F-1[L],(E-1.G-1.B-1)[L],#F-1[L],(E-2.E-1)[LM],(B-1.e)[L],WW,(F-2.f1)[MN],WW,(#g1.#c2)[M],(#g1.#c2)[M],(#g1.c2.F-1.#G-1.c)[L],(#g1.#c2)[L],(#g1.#c2.F-2)[L],#a1[L],(#g1.F-1.#A-1.c)[L],g1[L],(F-2.f1)[L],g1[L],(#g1.F-1.#G-1.c)[L],#g1[L],(F-1.f1)[K],(F-1.#G-1.c)[L],U,(F-2.f1)[L],(#g1.#c2)[M],(#g1.#c2)[M],(#g1.c2.F-1.#G-1.c)[L],(#g1.#c2)[L],(F-1.c2.#d2)[L],d2[L],(F-1.#G-1.c.c2)[LM],c2[M],(G-1.g1.b1)[L],(#g1.c2)[L],(G-1.B-1.d.g1.b1)[L],(#g1.c2)[L],(G-2.g1.d1)[K],(G-1.B-1.d)[L],U,(F-1.f1)[L],(#g1.c1)[M],(#g1.c1)[M],(#g1.c1.F-1.#G-1.c)[L],(#g1.c1)[M],(#g1.c1)[M],#a1[L],#g1[L],g1[L],(F-2.c1.f1)[L],g1[L],(G-1.B-1.d.#g1)[L],g1[L],(F-2.c1.f1)[K],(G-1.B-1.d)[L],U,(F-2.f1)[L],(#g1.c2)[M],(#g1.c2)[M],(#g1.c2.c.#G-1.F-1)[L],(#g1.c2)[L],(#g1.c2)[L],#a1[L],(c.#G-1.F-1.#g1)[L],g1[L],(F-2.c1.f1)[L],g1[L],(c.#G-1.F-1.f1)[L],#d1[L],(F-2.f1)[L],C-1[L],F-1[L],A-1[L],(c.e1.c2)[L],C-1[L],(c.e1.c2)[L],(C-1.e1.c2)[L],(c.#d1.b1)[L],(C-1.#d1.b1)[L],(C-1.#d1.b1)[L],C-1[L],(c.e1.c2)[LM],(C-1.e1.c2)[M],(e1.c2)[M],(e1.c2.c)[L],(C-1.e1.c2)[L],(c.g1.#d2)[KL],(c.e1.c2)[L],C-1[L],(c.e1.c2)[MN],(C-1.e1.c2)[MN],(e1.c2)[L],(c.#d1.b1)[L],(C-1.#d1.b1)[L],(C-1.#d1.b1)[LM],"]},{"id":3,"baseBeats":0.25,"scores":["(c.e2)[M],WW,(C-1.e1)[MN],#f1[M],g1[M],(c.#f1)[L],(C-1.e1)[L],(B-2.#d1)[L],#D-1[L],#F-1[L],A-1[L],(c.e1.c2)[L],C-1[M],(c.e1.c2)[MN],(C-1.e1.c2)[L],(C-1.e1.c2)[L],(c.#d1.b1)[L],(C-1.#d1.b1)[L],(C-1.#d1.b1)[L],(c.e1.c2)[L],C-1[M],(c.e1.c2)[MN],(C-1.e1.c2)[L],(c.g1.#d2)[KMN],(B-2.G-1.A-1.g1.#d2)[L],b1[L],c2[L],a1[L],(B-1.#D-1.B-2.b1)[L],g1[L],a1[L],#f1[M],#f1[M],(E-2.E-1.g1)[L],#f1[L],(G-1.B-1.e1)[L],#f1[L],(E-2.E-1.e1)[LM],(e1.b1.e2)[LM],(d.#f)[L],(#g.a)[L],(#g.a)[L],#f[MN],a[MN],(#f.a)[MN],(e.#g.b)[L],a[L],b[LM],b[M],(A-1.#c1)[L],#g[L],(#f.b)[L],(#c.#c1)[L],(d.#f.a)[KMN],(B-1.d)[L],(b.e)[L],(#f.a)[L],b[MN],#f[M],(B-1.e.#g)[L],B-1[L],B-1[L],d[L],(B-1.#c)[L],#g[L],(d.a)[L],(e.#f)[L],(#c.e.a)[KMN],(B-2.D-1.#F-1)[L],e[L],#f[L],(B-2.E-1.#G-1.#g)[L],a[MN],#g[L],e[L],(D-1.F-1.#G-1.B-1.f)[L],#f[L],#g[L],b[L],(#C-1.F-1.A-1.a)[KL],UUU,(A-2.A-1.#f.#c1)[K],(#G-2.#G-1.#g.B-1)[K],(#F-2.#F-1.#f.a)[K],(F-2.F-1.f.#g)[L],a[L],(f.b)[L],(#g.d1)[L],(#C-2.F-2.#G-2.#C-1.f.#g.#c1)[JK],(f.#g)[M],UW,(f.#g)[M],UW,(f.#g)[M],UW,(f.#g)[KM],UV,(#F-2.f.f1)[LM],(#c1.#c)[M],(#c1.#c.A-2.#C-1.#F-1)[M],(#c1.#c)[L],(#c1.#c.A-2.#C-1.#F-1)[L],(B-1.b)[L],(A-1.a.A-2.#C-1.#F-1)[L],(B-1.#g)[L],(F-2.#F-1.#f)[L],(#G-1.g)[L],(A-1.a.A-2.#C-1.#F-1)[L],(B-1.#g)[L],(A-2.#C-1.#F-1.B-1.#c.#f)[K],(A-2.#C-1.#F-1)[L],(G-2.#C-1.#F-1)[M],U,(#F-2.#F-1.f)[L],(#c.#c1)[L],(#c.#c1.G-2.#C-1.#F-1)[L],(#c.#c1)[L],(e1.#c1.G-2.#C-1.#F-1)[L],(b.#d1)[L],(G-2.#C-1.#F-1.a.#c1)[LM],(a.#c1)[M],(#G-2.#g.c1)[L],#c1[L],(C-1.#D-1.#G-1.#g.c1)[L],#c1[L],(C-1.#D-1.#G-1.c1.#d1)[K],W,5<(C-1.#D-1.#G-1)[M]>,U,(#F-2.#f)[L],(#c.#c1)[L],(A-2.#C-1.#F-1.#c.#c1)[LM],(#c.#c1)[M],(A-2.#C-1.#F-1.#c.#c1)[L],(B-1.b)[L],(A-2.#C-1.#F-1.a)[L],(B-1.#g)[M],#g[M],(#F-2.#F-1.#f)[L],(#G-1.#g)[L],(A-2.#C-1.#F-1.A-1.a)[L],(B-1.b)[L],(A-2.#C-1.#F-1.A-1.#c.#f)[K],5<(A-2.#C-1.#F-1)[M]>,U,(#F-2.#f)[LM],(#c.#c1)[M],(A-2.#C-1.#F-1.#c.#c1)[L],(#c.#c1)[L],(A-2.#C-1.#F-1.#c.#c1)[L],(B-1.b)[L],(A-2.#C-1.#F-1.A-1.a)[L],(#g.#G-1)[L],(#F-2.A-1.#f)[L],(B-1.b)[L],(A-2.#C-1.#F-1.#c.#f)[L],e[L],(A-2.#C-1.#F-1.#c.#f)[K],(A-2.#C-1.#F-1)[M],W,#c1[L],(B-1.d1)[L],(A-1.#c1)[L],(#G-1.b)[L],(#F-1.a)[L],(#C-1.F-1.#G-1.#g)[LM],a[M],b[L],#g[L],(#F-1.a)[L],5<(#F-1.#g)[M]>,WW,5<(E-1.#f)[M]>,WW,5<(#C-1.e)[M]>,WW,(#C-1.E-1.A-1.#c)[LM],d[M],#c[L],#c1[L],(B-1.d1)[L],(a.#c1)[L],(#g.b)[L],(#f.a)[L],(#c.f.#g)[L],a[L],b[L],(f.#g)[M],(f.#g)[M],(#F-1.#f.a)[L],(f.#g)[L],(#c.#f)[L],(#g.b)[L],(#F-1.#A-1.#f.#a)[JM],B-3[HK],(D-1.B-1.#g)[L],D-2[MN],(B-1.#g)[MN],(D-1.B-1.#g)[L],(D-2.B-1.#g)[L],(D-1.#A-1.g)[L],(D-2.#A-1.g)[L],(D-1.#A-1.g)[L],(D-2.#A-1.g)[L],(D-1.B-1.#g)[L],D-2[MN],(B-1.#g)[MN],(D-1.B-1.#g)[L],(#d.#g)[L],(D-1.d.g)[K],U,(#G-2.F-1.#G-1.c.f)[L],(d.g)[L],(#d.#g)[L],(d.f)[L],g[L],(#d.#g)[L],(f.g)[L],(d.g)[L],(#d.g.G-1.G-2)[L],(d.c1)[L],(G-1.B-1.c.b)[L],(d.g)[L],(C-2.C-1.c.c1)[K],5<(c.#d.g.#d1)[M]>,U,(C-1.c1)[L],b[M],c1[M],(#D-1.G-1.b)[L],c1[L],(#D-1.G-1.#d1)[L],d[L],(#D-1.G-1.c1)[K],(C-1.c)[L],b[M],c1[M],(#D-1.G-1.b)[L],c1[L],(#D-1.G-1.#g)[L],f[L],(#D-1.G-1.g)[K],(C-1.c1)[L],b[M],c1[M],(#D-1.G-1.b)[L],c1[L],(#D-1.G-1.#d1)[L],d[L],(#D-1.G-1.c1)[K],(C-1.c)[L],b[M],c1[M],(#D-1.G-1.b)[L],c1[L],(G-2.#D-1.#g)[L],g[L],(#D-1.G-1.#f)[K],(C-1.c1.c2)[L],(b.b1)[M],(c1.c2)[M],(#D-1.G-1.b.b1)[L],(c1.c2)[L],(#D-1.G-1.#d1.#d2)[L],(d1.d2)[L],(E-1.G-1.c1.c2)[K],(C-1.c1.c2)[L],(b.b1)[M],(c1.c2)[M],(#D-1.G-1.b.b1)[L],(c1.c2)[L],(#D-1.G-1.#g.#g1)[L],(f.f1)[L],(#D-1.#G-1.g.g1)[K],(C-1.c1.c2)[L],(b.b1)[M],(c1.c2)[M],(#D-1.G-1.b.b1)[L],(c1.c2)[L],(#D-1.G-1.#d1.#d2)[L],(d1.d2)[L],(E-1.G-1.c1.c2)[K],(C-1.c1.c2)[L],(B-2.b.b1)[M],(c1.c2)[M],(#D-1.G-1)[M],(b.b1)[L],(c.c2)[L],(E-1.G-1)[M],(#g.#g1)[L],(g.g1)[L],(E-1.G-1)[M],(#f.#f1)[LM],(E-1.e)[HI],"]}]}