{"baseBpm":200,"musics":[{"id":1,"baseBeats":0.5,"scores":["(E-1.E-2.e)[K],g[K],e[K],g[K],#f[KL],B-1[KL],B-1[K],(c.C-1.e)[K],g[K],e[K],g[K],#f[KL],B-1[KL],B-1[K],(A-1.A-2.e)[K],g[K],e[K],g[K],#f[KL],B-1[KL],B-1[K],(B-1.B-2.e)[K],g[K],e[K],g[K],(#f.#d)[KL],B-1[KL],B-1[K],(E-1.e.e2.g1)[K],(g2.b1)[L],#f[L],(e2.g1)[K],(e.g2.b1)[K],(#f2.a1)[L],b[K],(b1.e1)[L],#f[K],(e.b1.e1)[K],(G-1.G-2.e2.g1)[K],(g2.b1)[L],#f[L],(e2.g1)[K],(e.g2.b1)[K],(#f2.a1)[L],b[K],(b1.e1)[L],#f[K],(e.b1.e1)[K],(A-1.A-2.e2.g1)[K],(g2.b1)[L],#f[L],(e2.g1)[K],(e.g2.b1)[K],(#f2.a1)[L],b[K],(b1.e1)[L],#f[K],(e.b1.e1)[K],(c.C-1.e2.g1)[K],(g2.b1)[L],#f[L],(e2.g1)[K],(e.g2.b1)[K],(d.D-1.#f2.a1)[K],b[L],(b1.#f1.e1)[K],b[L],(b1.#f1.e1)[K],E-1[KL],B-1[L],e[K],(B-1.b)[L],(E-1.b)[L],b[L],E-1[L],b[L],B-1[L],(e.d1)[K],e1[K],C-1[KL],G-1[L],e[K],(G-1.b)[L],(C-1.b)[L],b[L],C-1[L],b[L],G-1[L],(e.d1)[K],e1[K],A-1[K],b[L],e[L],(a.d1)[K],(e.e1)[L],A-1[K],A-1[L],b[L],(e.b)[L],(a.d1)[K],e1[K],(B-1.#f1)[K],g1[L],#f[L],(b.#f1)[K],(#f.g1)[L],B-1[L],#f1[L],B-2[L],(B-1.d1)[L],B-1[L],(b.d1)[L],#f[L],B-1[L],B-1[L],(E-1.e2.b1)[K],B-1[L],(e.#f2)[L],g[K],(b2.b)[L],b[L],b[L],E-1[L],(B-1.b)[L],e[L],(g.d1)[L],e[L],(E-1.e1)[K],(C-1.e2.c2)[K],g[L],(c1.#f2)[L],(e1.g1)[K],(b2.#f1)[L],c[K],c[L],(g.g1)[L],c1[L],(c1.e1)[L],g[L],c[K],(A-1.e2.c2)[K],e[L],(a.#f2)[L],(c1.e1)[K],(b2.#f1)[L],A-1[L],g1[L],A-1[L],(e.e1)[L],a[L],(c1.#f1)[L],a[L],(A-1.g1)[K],(B-1.e2.a1)[K],(g.g1)[L],(b.#f2)[L],(e1.g1)[K],(b2.#f1)[L],B-1[L],#f1[L],B-2[L],B-1[L],(#d.b)[L],#f[L],#d[L],B-1[K],(C-1.e1)[L],c[L],(C-1.d1)[L],c[L],(g.e.e1)[L],c[L],(c.g1)[L],(C-1.e1)[L],c[L],C-1[L],(C-1.d1)[L],c[L],(g.e.e1)[L],c[L],(c.g1)[L],(c.a1)[L],D-1[L],d[L],(D-1.g1)[L],d[L],(a.#f.g1)[L],d[L],(d.e1)[L],D-1[L],(d.a1)[L],D-1[L],D-1[L],(d.e1)[L],(a.#f)[L],d[L],d[L],d[L],(A-1.e1)[L],e[L],(A-1.d1)[L],e[L],(c1.a.e1)[L],e[L],(e.g1)[L],(A-1.e1)[L],e[L],A-1[L],(A-1.d1)[L],e[L],(c1.a.e1)[L],e[L],(e.g1)[L],(e.#f1)[L],G-1[L],d[L],(G-1.d1)[L],d[L],(b.g.d1)[L],d[L],(d.b)[L],G-1[L],(d.#f1)[L],G-1[L],G-1[L],(d.d1)[L],(b.g)[L],d[L],d[L],d[L],(C-1.e2.g1)[L],c[L],(C-1.d2)[L],c[L],(g.e.e2.g1)[L],c[L],(c.g2)[L],(C-1.e2)[L],c[L],C-1[L],(C-1.d2)[L],c[L],(g.e.e2.g1)[L],c[L],(c.g2)[L],(c.a2.#f2.d2.a1)[L],D-1[L],d[L],(D-1.g2)[L],d[L],(a.#f.g2.a1)[L],d[L],(d.e2)[L],D-1[L],(d.a2.#f2.d2.a1)[L],D-1[L],D-1[L],(d.e2)[L],(a.#f)[L],d[L],d[L],d[L],(G-1.b1)[L],d[L],(G-1.g2)[L],d[L],(b.g.#f2.b1)[L],d[L],(d.d2)[L],(G-1.e2)[L],d[L],G-1[L],(G-1.g2)[L],d[L],(b.g.#f2.b1)[L],d[L],(d.e2)[L],(d.#f2.b1.a1)[L],A-1[K],e[L],a[L],b[L],e1[L],#f1[L],b1[KL],(b2.b1)[KL],(e2.e1)[K],E-1[L],(E-2.b2.g2.e2.b1)[K],e[L],g[L],(e1.b.d3.b2.g2.d2)[K],(E-1.b2.b1)[L],e[K],E-1[L],(e.b2.g2.e2.b1)[L],e[L],(e1.b)[L],(g.e2)[L],e[L],E-1[L],(C-1.C-2.b2.g2.e2.b1)[K],c[L],e[L],(c1.g.d3.b2.g2.d2)[K],(C-1.b2.b1)[L],c[K],C-1[L],(c.b2.g2.e2.b1)[L],c[L],(c1.g)[L],(e.e2.e1)[L],c[L],C-1[L],(A-1.A-2.b2.g2.e2.b1)[K],A-1[L],c[L],(a.e.c3.g2.e2.c2)[K],(A-2.b2.b1)[L],A-1[K],A-2[L],(A-1.b2.g2.e2.b1)[L],A-1[L],(a.e)[L],(c.e2.e1)[L],A-1[L],A-2[L],(G-1.G-2.a2.#f2.d2.a1)[K],(g2.g1)[L],e[L],(b.g.a2.#f2.d2.a1)[K],(g2.g1)[L],e[L],(B-1.B-2.b2.#f2.e2.b1)[K],B-1[L],(#f.e2.b1.#f1.e1)[L],b[L],(#f.e2.e1)[L],B-1[L],B-2[L],(E-1.E-2.b2.g2.e2.b1)[K],e[L],g[L],(e1.b.d3.b2.g2.d2)[K],(E-1.b2.b1)[L],e[K],E-1[L],(e.b2.g2.e2.b1)[L],e[L],(e1.b)[L],(g.e2)[L],e[L],E-1[L],(C-1.C-2.b2.g2.e2.b1)[K],c[L],e[L],(c1.g.d3.b2.g2.d2)[K],(C-1.b2.b1)[L],c[K],C-1[L],(c.b2.g2.e2.b1)[L],c[L],(c1.g)[L],(e.e2.e1)[L],c[L],C-1[L],(G-1.G-2.b2.g2.e2.b1)[K],G-1[L],e[L],(b.g.c3.g2.e2.c2)[K],(G-2.b2.b1)[L],G-1[K],G-2[L],(G-1.b2.g2.e2.b1)[L],G-1[L],(b.g)[L],(e.e2.e1)[L],G-1[L],G-2[L],(A-1.A-2.a2.e2.c2.a1)[K],(b2.b1)[L],e[L],(c1.a.a2.e2.c2.a1)[K],(b2.b1)[L],e[L],(B-1.B-2.a2.#f2.d2.a1)[K],B-1[L],(b.#f.d3.a2.#f2.d2)[K],B-1[L],(b.#f.b2.#f2.e2.b1)[K],(E-1.E-2)[K],(g1.b)[L],e[L],e1[L],B-1[L],(e.g1.b)[L],B-1[L],(g.#f1)[K],B-1[L],(e.b)[K],B-1[L],(#f.b)[L],e[L],(c.C-1.e1)[K],(g1.c1)[L],e[L],e1[L],c[L],(e.g1.c1)[L],c[L],(g.#f1)[K],c[L],(e.b)[K],c[L],(#f.b)[L],e[L],(A-1.A-2.e1)[K],(g1.c1)[L],e[L],e1[L],A-1[L],(e.g1.c1)[L],A-1[L],(g.#f1)[K],A-1[L],(e.b)[K],A-1[L],(#f.b)[L],e[L],(G-1.G-2.e1)[K],(g1.b)[L],e[L],e1[L],B-1[L],(e.g1.b)[L],B-1[L],(B-1.B-2.#f1)[K],B-1[L],(#f.e.b)[K],B-1[L],(#f.e.b)[L],B-1[L],(E-1.e2.g1)[L],e[L],(#f.g2.b1)[L],b[L],(e.e2.g1)[L],#f[L],(b.g2.b1)[L],e[L],(e1.#f2.a1)[L],b[L],e[L],(b.b1.#f1.e1)[L],#f[L],e[L],(b.b1)[L],e[L],(G-1.e2.g1)[L],e[L],(#f.g2.b1)[L],b[L],(e.e2.g1)[L],#f[L],(b.g2.b1)[L],e[L],(e1.#f2.a1)[L],b[L],e[L],(b.b1.#f1.e1)[L],#f[L],e[L],(b.b1)[L],e[L],(A-1.e2.g1)[L],e[L],(a.g2.b1)[L],b[L],(e.e2.g1)[L],a[L],(b.g2.b1)[L],e[L],(e1.#f2.a1)[L],b[L],e[L],(b.b1.#f1.e1)[L],a[L],e[L],(b.b1)[L],e[L],(c.e2.g1)[L],g[L],(c1.g2.b1)[L],e1[L],(g.e2.g1)[L],c1[L],(e1.g2.b1)[L],g[L],(d.#f2.a1)[L],d1[L],a[L],(#f.b1)[L],d[L],A-1[L],(D-1.b1)[K],E-1[KL],e[L],(d1.b)[K],(e1.b2.b1)[L],(e.b2.b1)[L],(b2.b1)[L],e[L],(b.b2.b1)[L],e[L],(d1.b.d3.d2)[K],(e1.e3.e2)[K],C-1[KL],c[L],(d1.c1.g)[K],(e1.b2.b1)[L],(c.b2.b1)[L],(b2.b1)[L],c[L],(g.b2.b1)[L],c[L],(d1.c1.g.d3.d2)[K],(e1.e3.e2)[K],A-1[K],(b2.b1)[L],e[L],(d1.c1.a.d3.d2)[K],(e1.e3.e2)[L],"]},{"id":2,"baseBeats":0.5,"scores":["A-1[K],A-1[L],(e.b2.b1)[L],(A-1.b2.b1)[L],(d1.c1.a.d3.d2)[K],(e1.e3.e2)[K],(B-1.#f3.#f2)[K],(g3.g2)[L],#f[L],(d1.b.#f3.#f2)[K],(e1.g3.g2)[L],B-1[L],(#f3.#f2)[L],B-2[L],(B-1.d3.d2)[L],B-1[L],(b.d3.d2)[L],#f[L],B-1[L],B-1[L],(E-1.e2)[L],b1[L],(B-1.g2)[L],(e.b1)[L],(g.e2)[L],b1[L],(b.g2)[L],(b.b1)[L],(b.#f2)[K],b[L],(e.b1)[L],(b.g.d1)[K],(e1.b1)[K],(C-1.e2)[L],b1[L],(g.g2)[L],(c1.b1)[L],(e1.g1.e2)[L],b1[L],(#f1.g2)[L],b1[L],#f2[K],g1[L],(c.b1)[L],(g.e1.c1)[K],b1[K],(A-1.e2)[L],b1[L],(e.g2)[L],(a.b1)[L],(c1.e1.e2)[L],b1[L],(#f1.g2)[L],b1[L],(g1.#f2)[K],e1[L],(a.b1)[L],(e1.c1.#f1)[K],(g1.b1)[K],(B-1.a1.e2)[L],b1[L],(g1.g2)[L],(b.b1)[L],(e1.g1.e2)[L],b1[L],(#f1.g2)[L],b1[L],(#f1.#f2)[K],B-1[L],(#f.#d1.b1.#f1.#d1)[L],b[L],#f[L],(B-1.#d1)[K],(c.e3.e2)[L],d1[L],(e1.d3.d2)[L],g[L],(b1.e3.e2)[L],e1[L],(d1.g3.g2)[L],(e1.e3.e2)[L],d1[L],g[L],(e1.d3.d2)[L],d1[L],(b1.e3.e2)[L],e1[L],(d1.g3.g2)[L],(e1.a3.a2)[L],d[L],d1[L],(e1.g3.g2)[L],a[L],(b1.g3.g2)[L],e1[L],(d1.e3.e2)[L],e1[L],(d1.a3.a2)[L],a[L],e1[L],(d1.e3.e2)[L],b1[L],e1[L],d1[L],e1[L],(A-1.e3.e2)[L],d1[L],(e1.d3.d2)[L],a[L],(b1.e3.e2)[L],e1[L],(d1.g3.g2)[L],(e1.e3.e2)[L],d1[L],a[L],(e1.d3.d2)[L],d1[L],(b1.e3.e2)[L],e1[L],(d1.g3.g2)[L],(e1.#f3.#f2)[L],G-1[L],d1[L],(e1.d3.d2)[L],g[L],(b1.d3.d2)[L],e1[L],(d1.b2.b1)[L],e1[L],(d1.#f3.#f2)[L],g[L],e1[L],(d1.d3.d2)[L],b1[L],e1[L],d1[L],e1[L],(c.e1)[L],d2[L],(d1.e2)[L],(g.b1)[L],(c1.e1.d2)[L],e2[L],(g1.b2)[L],(e1.e2)[L],d2[L],(g.e2)[L],(d1.b1)[L],(g.d2)[L],(c1.e1.e2)[L],d2[L],(g1.b2)[L],(a1.e2)[L],d[L],d2[L],(g1.e2)[L],(a.b1)[L],(d1.g1.d2)[L],e2[L],(e1.b2)[L],e2[L],(a1.d2)[L],e2[L],(a.b1)[L],(d1.e1.d2)[L],e2[L],(a.d2)[L],(a.b2)[L],e2[L],(G-1.b)[L],d2[L],(g1.e2)[L],(g.b1)[L],(d1.b.#f1.d2)[L],e2[L],(d1.b2)[L],(e1.e2)[L],d2[L],(g.e2)[L],(g1.b1)[L],(g.d2)[L],(d1.b.#f1.e2)[L],d2[L],(e1.b2)[L],(#f1.e2)[L],A-1[K],e[L],a[L],(b.b1.e2)[L],(e1.#f2)[L],(b2.#f1.e3.#f3)[L],(b1.b3)[KL],(b2.b1)[KL],(e2.e1)[K],E-1[L],(E-2.b2.g2.e2.b1)[K],e[L],g[L],(e1.b.d3.b2.g2.d2)[K],(E-1.b2.b1)[L],e[K],E-1[L],(e.b2.g2.e2.b1)[L],e[L],(e1.b)[L],(g.e2)[L],e[L],E-1[L],(C-1.C-2.b2.g2.e2.b1)[K],c[L],e[L],(c1.g.d3.b2.g2.d2)[K],(C-1.b2.b1)[L],c[K],C-1[L],(c.b2.g2.e2.b1)[L],c[L],(c1.g)[L],(e.e2.e1)[L],c[L],C-1[L],(A-1.A-2.b2.g2.e2.b1)[K],A-1[L],c[L],(a.e.c3.g2.e2.c2)[K],(A-2.b2.b1)[L],A-1[K],A-2[L],(A-1.b2.g2.e2.b1)[L],A-1[L],(a.e)[L],(c.e2.e1)[L],A-1[L],A-2[L],(G-1.G-2.a2.#f2.d2.a1)[K],(g2.g1)[L],e[L],(b.g.a2.#f2.d2.a1)[K],(g2.g1)[L],e[L],(B-1.B-2.b2.#f2.e2.b1)[K],B-1[L],(#f.e2.b1.#f1.e1)[L],b[L],(#f.e2.e1)[L],B-1[L],B-2[L],(E-1.E-2.b2.g2.e2.b1)[K],e[L],g[L],(e1.b.d3.b2.g2.d2)[K],(E-1.b2.b1)[L],e[K],E-1[L],(e.b2.g2.e2.b1)[L],e[L],(e1.b)[L],(g.e2)[L],e[L],E-1[L],(C-1.C-2.b2.g2.e2.b1)[K],c[L],e[L],(c1.g.d3.b2.g2.d2)[K],(C-1.b2.b1)[L],c[K],C-1[L],(c.b2.g2.e2.b1)[L],c[L],(c1.g)[L],(e.e2.e1)[L],c[L],C-1[L],(G-1.G-2.b2.g2.e2.b1)[K],G-1[L],e[L],(b.g.c3.g2.e2.c2)[K],(G-2.b2.b1)[L],G-1[K],G-2[L],(G-1.b2.g2.e2.b1)[L],G-1[L],(b.g)[L],(e.e2.e1)[L],G-1[L],G-2[L],(A-1.A-2.a2.e2.c2.a1)[K],(b2.b1)[L],e[L],(c1.a.a2.e2.c2.a1)[K],(b2.b1)[L],e[L],(B-1.B-2.a2.#f2.d2.a1)[K],B-1[L],(b.#f.d3.a2.#f2.d2)[KL],(b2.#f2.e2.b1)[K],(e.E-1)[L],e1[L],(B-1.e1)[L],(e.e1)[L],(b.g.e1)[L],e1[L],(B-1.e1)[L],(E-1.#f1.e1)[L],(#f1.e1)[L],(E-1.#f1.e1)[L],(B-1.g1.e1)[L],(E-1.g1.e1)[L],(b.g.g1.e1)[L],(a1.#f1.e1)[L],(B-1.a1.#f1.e1)[L],(a1.#f1.e1)[L],(c.C-1.d2.#f1.e1)[L],(d2.#f1.e1)[L],(c.d2.#f1.e1)[L],(e.d2.#f1.e1)[L],(c1.g.d2.#f1.e1)[L],(d2.#f1.e1)[L],(c.d2.#f1.e1)[L],(C-1.b1.g1.e1)[L],(b1.g1.e1)[L],(C-1.b1.g1.e1)[L],(c.b1.g1.e1)[L],(C-1.b1.g1.e1)[L],(c1.g.b1.g1.e1)[L],(b1.g1.e1)[L],(c.b1.g1.e1)[L],(b1.g1.e1)[L],(A-1.e1)[L],e1[L],(A-1.e1)[L],(e.e1)[L],(c1.a.e1)[L],e1[L],(e.e1)[L],(A-1.#f1.e1)[L],(#f1.e1)[L],(A-1.#f1.e1)[L],(e.b1.#f1.e1)[L],(A-1.b1.#f1.e1)[L],(c1.a.b1.#f1.e1)[L],(a1.#f1.e1)[L],(A-1.a1.#f1.e1)[L],(a1.#f1.e1)[L],(G-1.e1)[L],e1[L],(G-1.e1)[L],(e.e1)[L],(b.g.e1)[L],e1[L],(e.e1)[L],(B-1.#f1.e1)[L],(#f1.e1)[L],(B-1.#f1.e1)[L],(e.#f1.e1)[L],(B-1.#f1.e1)[L],(b.#f.e.#f1.e1)[L],(#f1.e1)[L],(B-1.#f1.e1)[L],(#f1.e1)[L],(E-1.E-2.e2.g1.e1)[L],(e2.g1)[L],(e.e2.g1)[L],(g.e2.g1)[L],(e1.b.e2.g1)[L],(g.e2.g1)[L],(e.e2.g1)[L],(E-1.#f2.a1.#f1)[L],(#f2.a1.#f1)[L],(e.#f2.a1.#f1)[L],(g.g2.b1.g1)[L],(e.g2.b1.g1)[L],(e1.b.g2.b1.g1)[L],(g.a2.#f2.d2.a1)[L],(e.a2.#f2.d2.a1)[L],(E-1.a2.#f2.d2.a1)[L],(c.C-1.d3.#f2.d2)[L],(d3.#f2.d2)[L],(c.d3.#f2.d2)[L],(g.d3.#f2.d2)[L],(e1.c1.d3.#f2.d2)[L],(g.d3.#f2.d2)[L],(c.d3.#f2.d2)[L],(C-1.b2.d2.b1)[L],(b2.d2.b1)[L],(c.b2.d2.b1)[L],(g.b2.d2.b1)[L],(c.b2.d2.b1)[L],(e1.c1.b2.d2.b1)[L],(g.b2.d2.b1)[L],(c.b2.d2.b1)[L],(C-1.b2.d2.b1)[L],(G-1.G-2.e2.g1.e1)[L],(e2.g1)[L],(e.e2.g1)[L],(g.e2.g1)[L],(e1.b.e2.g1)[L],(g.e2.g1)[L],(e.e2.g1)[L],(G-1.#f2.a1.#f1)[L],(#f2.a1.#f1)[L],(e.#f2.a1.#f1)[L],(g.b2.d2.b1)[L],(e.b2.d2.b1)[L],(e1.b.b2.d2.b1)[L],(g.a2.e2.a1)[L],(e.a2.e2.a1)[L],(G-1.a2.e2.a1)[L],(A-1.A-2.e2.g1.e1)[L],(e2.g1)[L],(e.e2.g1)[L],(a.e2.g1)[L],(e1.c1.e2.g1)[L],(a.e2.g1)[L],(e.e2.g1)[L],(B-2.#f2.b1.a1)[L],B-1[L],B-1[L],(b.#f.#d.b2.b1)[L],b[L],(b1.#f1.#d1.g3.g2)[L],b[L],(B-1.#f3.#f2)[L],(g3.e3.b2.g2)[L],(E-1.E-2)[K],B-1[L],e[L],(b.g)[L],"]},{"id":3,"baseBeats":0.5,"scores":["e[L],g[L],(e1.b)[L],(b2.b1)[L],(b2.b1)[L],E-1[L],(g3.g2)[L],(e1.b)[L],g[L],(e.#f3.#f2)[L],(a3.e3.c3.a2)[L],(c.C-1)[K],c[L],e[L],(c1.g)[L],e[L],g[L],(e1.c1)[L],(b2.b1)[L],(b2.b1)[L],C-1[L],(g3.g2)[L],(e1.c1)[L],g[L],(e.#f3.#f2)[L],(d3.#f2.d2)[L],(A-1.A-2)[K],A-1[L],e[L],(c1.a.#f3.#f2)[L],e[L],(a.#f3.#f2)[L],(e1.c1.#f3.#f2)[K],(#f3.#f2)[L],A-2[L],(#f3.#f2)[L],(e1.c1)[L],(a.e3.e2)[L],e[L],(#f3.b2.#f2)[L],(G-1.G-2)[L],(g3.g2)[L],e[L],(g.e3.b2.g2.e2)[L],(e1.b)[L],g[L],e[L],(B-1.B-2)[L],(b2.b1)[L],(b2.b1)[L],(b.#f.#d)[L],(g3.g2)[L],(b1.#f1.#d1)[L],b[L],(B-1.#f3.#f2)[L],(g3.e3.b2.g2)[L],(E-1.E-2)[K],B-1[L],e[L],(b.g)[L],e[L],g[L],(e1.b)[L],(b2.b1)[L],(b2.b1)[L],E-1[L],(g3.g2)[L],(e1.b)[L],g[L],(e.#f3.#f2)[L],(a3.e3.c3.a2)[L],(c.C-1)[K],c[L],e[L],(c1.g)[L],e[L],g[L],(e1.c1)[L],(b2.b1)[L],(b2.b1)[L],C-1[L],(g3.g2)[L],(e1.c1)[L],g[L],(e.#f3.#f2)[L],(d3.#f2.d2)[L],(G-1.G-2)[K],G-1[L],e[L],(b.g.#f3.#f2)[L],e[L],(g.#f3.#f2)[L],(e1.b.#f3.#f2)[K],(#f3.#f2)[L],G-2[L],(#f3.#f2)[L],(e1.b)[L],(g.e3.e2)[L],e[L],(#f3.b2.#f2)[L],(A-1.A-2)[L],(g3.g2)[L],e[L],(a.e3.c3.a2.e2)[L],(e1.c1)[L],a[L],e[L],(B-1.B-2)[K],B-1[L],e[L],#f[L],b[L],#d1[L],#f1[L],b1[L],(C-1.e1)[L],c[L],(C-1.d1)[L],c[L],(g.e.e1)[L],c[L],(c.g1)[L],(C-1.e1)[L],c[L],C-1[L],(C-1.d1)[L],c[L],(g.e.e1)[L],c[L],(c.g1)[L],(c.a1)[L],D-1[L],d[L],(D-1.g1)[L],d[L],(a.#f.g1)[L],d[L],(d.e1)[L],D-1[L],(d.a1)[L],D-1[L],D-1[L],(d.e1)[L],(a.#f)[L],d[L],d[L],d[L],(A-1.e1)[L],e[L],(A-1.d1)[L],e[L],(c1.a.e1)[L],e[L],(e.g1)[L],(A-1.e1)[L],e[L],A-1[L],(A-1.d1)[L],e[L],(c1.a.e1)[L],e[L],(e.g1)[L],(e.#f1)[L],G-1[L],d[L],(G-1.d1)[L],d[L],(b.g.d1)[L],d[L],(d.b)[L],G-1[L],(d.#f1)[L],G-1[L],G-1[L],(d.d1)[L],(b.g)[L],d[L],d[L],d[L],(C-1.e2.g1)[L],c[L],(C-1.d2)[L],c[L],(g.e.e2.g1)[L],c[L],(c.g2)[L],(C-1.e2)[L],c[L],C-1[L],(C-1.d2)[L],c[L],(g.e.e2.g1)[L],c[L],(c.g2)[L],(c.a2.#f2.d2.a1)[L],D-1[L],d[L],(D-1.g2)[L],d[L],(a.#f.g2.a1)[L],d[L],(d.e2)[L],D-1[L],(d.a2.#f2.d2.a1)[L],D-1[L],D-1[L],(d.e2)[L],(a.#f)[L],d[L],d[L],d[L],(G-1.b1)[L],d[L],(G-1.g2)[L],d[L],(b.g.#f2.b1)[L],d[L],(d.d2)[L],(G-1.e2)[L],d[L],G-1[L],(G-1.g2)[L],d[L],(b.g.#f2.b1)[L],d[L],(d.e2)[L],(d.#f2.b1.a1)[L],A-1[KL],(b.a)[KL],(#f1.e1)[J],b2[JL],e2[K],e[L],(g1.b.b2.g2.e2)[K],b1[L],e1[L],(#f1.d3)[L],b1[L],(e1.b2)[L],#f1[L],b1[L],e1[L],(#f1.b2)[L],b1[L],e1[L],(#f1.e2)[L],b1[L],c[L],(e1.g.b2.g2.e2)[K],b1[L],e1[L],(#f1.d3)[L],b1[L],(e1.b2)[L],#f1[L],b1[L],e1[L],(#f1.b2)[L],b1[L],e1[L],(#f1.e2)[L],b1[L],A-1[L],(c1.e.b2.e2.b1)[K],b1[L],e1[L],(#f1.c3)[L],b1[L],(e1.b2)[L],#f1[L],b1[L],e1[L],(#f1.b2)[L],b1[L],e1[L],(#f1.e2)[L],b1[L],G-1[L],(b.e.a2.e2.b1)[K],(b1.g2)[L],e1[L],(#f1.a2)[L],b1[L],(e1.g2)[L],#f1[L],(B-1.b2.e2.b1)[L],#f[L],b[L],(#f1.e2)[L],b1[L],(#f1.e2)[L],b[L],B-1[L],(e.b2.g2.e2.b1)[L],b[L],g1[L],b[L],(e1.d3.d2)[L],b[L],(g1.b2.b1)[L],b[L],#f1[L],e[L],(g.b2.b1)[L],b[L],e[L],(g.e2.e1)[L],b[L],e[L],(c.b2.g2.e2.b1)[L],c1[L],g1[L],c1[L],(e1.d3.d2)[L],c1[L],(g1.b2.b1)[L],c1[L],#f1[L],e[L],(g.b2.b1)[L],b[L],e[L],(g.e2.e1)[L],b[L],e[L],(G-1.b2.g2.e2.b1)[L],b[L],g1[L],b[L],(e1.c3.c2)[L],b[L],(g1.b2.b1)[L],b[L],#f1[L],e[L],(g.b2.b1)[L],b[L],e[L],(g.e2.e1)[L],b[L],e[L],(A-1.a2.e2.c2.a1)[L],c1[L],(g1.b2.b1)[L],c1[L],(e1.a2.a1)[L],c1[L],(g1.b2.b1)[L],c1[L],(b.B-1.a2.#f2.d2.a1)[K],b[L],(b1.#f1.d3.d2)[KL],(b2.b1)[K],(E-1.E-2)[K],(e.d3.b2.g2.d2)[L],g[L],(e1.b.a2.a1)[K],E-1[L],e[L],(a2.a1)[L],E-1[L],(e.g2.d2.b1.g1)[L],e[L],(e1.b)[L],(g.e2)[L],e[L],E-1[L],(C-1.C-2)[K],(c.d3.b2.g2.d2)[L],e[L],(c1.g.a2.a1)[K],C-1[L],c[L],(a2.a1)[L],C-1[L],(c.g2.d2.b1.g1)[L],c[L],(c1.g)[L],(e.e2.e1)[L],c[L],C-1[L],(A-1.A-2)[K],(A-1.d3.b2.g2.d2)[L],c[L],(a.e.a2.a1)[K],A-2[L],A-1[L],(a2.a1)[L],A-2[L],(A-1.g2.e2.c2.g1)[L],A-1[L],(a.e)[L],(c.e2.e1)[L],A-1[L],A-2[L],(G-1.G-2.e2.b1.g1.e1)[K],(g2.g1)[L],e[L],(b.g.e2.e1)[K],(g2.g1)[L],e[L],(B-1.B-2.#f2.e2.b1.#f1)[K],B-1[L],(#f.b1)[L],b[L],(#f.b1)[L],B-1[L],B-2[L],(E-1.E-2)[K],(e.d3.b2.g2.d2)[L],g[L],(e1.b.a2.a1)[K],E-1[L],e[L],(a2.a1)[L],E-1[L],(e.g2.d2.b1.g1)[L],e[L],(e1.b)[L],(g.e2)[L],e[L],E-1[L],(C-1.C-2)[K],(c.d3.b2.g2.d2)[L],e[L],(c1.g.a2.a1)[K],C-1[L],c[L],(a2.a1)[L],C-1[L],(c.g2.d2.b1.g1)[L],c[L],(c1.g)[L],(e.e2.e1)[L],c[L],C-1[L],(G-1.G-2)[K],(G-1.d3.b2.g2.d2)[L],e[L],(b.g.a2.a1)[K],G-2[L],G-1[L],(a2.a1)[L],G-2[L],(G-1.g2.d2.b1.g1)[L],G-1[L],(b.g)[L],(e.e2.e1)[L],G-1[L],G-2[L],(A-1.A-2.e2.c2.a1.e1)[K],(g2.g1)[L],e[L],(c1.a.e2.e1)[K],(g2.g1)[L],e[L],(B-2.#f2.e2.b1.#f1)[L],B-1[L],B-1[L],(b.#f.b1)[L],B-1[L],(B-1.#F-1)[L],(B-2.b1)[L],B-2[L],(E-1.E-2)[K],g[K],e[K],g[K],#f[KL],B-1[KL],B-1[K],(C-1.C-2.e)[K],g[K],e[K],g[K],#f[KL],B-1[KL],B-1[K],(A-2.A-3.e)[K],g[K],e[K],g[K],#f[KL],B-1[KL],B-1[K],(B-2.B-3.e)[K],g[K],e[K],g[K],(#f.#d)[KL],B-1[KL],B-1[K],(E-1.E-2.e.e1)[K],g[L],#f1[L],e[K],(g.e1)[K],#f[L],b1[K],B-1[L],#f1[K],(B-1.e1)[K],(G-1.G-2.e.e1)[K],g[L],#f1[L],e[K],(g.e1)[K],#f[L],b1[K],B-1[L],#f1[K],(B-1.e1)[K],(A-1.A-2.e.e1)[K],g[L],#f1[L],e[K],(g.e1)[K],#f[L],b1[K],B-1[L],#f1[K],(B-1.e1)[K],(c.C-1.e.e1)[K],g[L],#f1[L],e[KN],(g.e1)[KN],(B-1.B-2.#f)[LN],b1[KM],B-1[LN],#f1[KM],(B-1.e1)[KM],(E-1.E-2)[HL],5<(e~mute~g)[L]>,5<(mute~b~mute)[L]>,(#f1.a1.d2.#f2.a2)[HL],S,"]}],"audition":{"start":[0,0],"end":[0,20]}}