{"baseBpm":208,"musics":[{"id":1,"baseBeats":0.5,"scores":["(#f1.#a1.#c2.#f2)[KL],#g2[KL],(#f.#c2.#f2.#a2)[JLM];(#a2~b2~#a2)[KN],#g2[KM],#f2[LN],#g2[LN];(f.#c2.#g2)[L],f1[L],#c2[L],#c3[L],#g2[L],#c2[L],#g2[L],#c2[L];#g1[L],#c2[L],#g1[L],#c1[L],#g1[L],#c1[LN],#g[LN],#c1[KLM];(b.#d1.#g1.b1)[KLN],(#f.#c2)[KLN],(b.#g1.b1.#c2@#d2)[JL];UV,(f1.#c2~#d2~#c2)[LN],(#d1.b1)[KM],(#c1.#a1)[KM];(#G-1.#c1.#g1)[KLMN],(#c1.#d1.#g1)[KLMN],(#g.c1.#d1.#g1)[JKL];(#g~#a)[LM],#g[JL],#f[KL],#c2[KL];(f.#c1.#c2)[L],#g1[L],#c2[L],(#g.c1.#d2)[L],c2[L],#g1[L],(#c1.#g1.#c2.f2)[JL];(#f2~f2~#d2)[LM],(#c2.f2)[KN],#f2[L],#g2[L];(#a.#f1.#c2.#g2)[LN],#c1[L],#f1[L],(#f1.#f2)[L],#c2[L],#f1[L],(#f.f2)[L],#c1[L];#f1[L],#f2[L],#f1[L],#c1[L],(#g.#c1.#g1.#d2)[I];(#f.#a.#f1.#c2)[KLN],(#c.#d2)[KLN],(#F-1.#g1.#c2.#d2.#g2)[IK];(#G-1.#g1.#c2.#d2@c2)[I],SU;(#c.#c1.#c2)[K],U,#c2[L],#c2[L],#c2[L],#c2[K];U,#c2[L],#c2[L],#c2[L],#c2[L],#c2[L],#c2[L],#c2[L];(#c2.#d2)[K],#c2[L],(#c2.#d2)[L],#c2[L],#c2[L],(#c2.#d2)[K];#c2[L],(#c2.#d2)[L],#c2[L],#c2[L],(#c2.#d2)[L],#c2[L],(#c2.#d2)[L],#c2[L];(c2.#d2.#g2)[K],U,(c2.#d2.#g2)[L],#c2[L],c2[L],(c2.#d2.#g2)[K];#c2[L],(c2.#d2.#g2)[L],#c2[L],c2[L],(c2.#d2.#g2)[L],#c2[L],(c2.#d2.#g2)[L],#c2[L];(#a1.#c2.#f2.#g2)[K],U,(#a1.#c2.#f2.#g2)[L],#c2[L],#a1[L],(#a1.#c2.#f2.#g2)[K];#c2[L],(#a1.#c2.#f2.#g2)[L],#c2[L],#a1[L],(#a1.#c2.#f2.#g2)[L],#g1[L],(#g1.#d2)[L],#g1[L];(#c1.#c2)[K],U,#c2[L],#c2[L],#c2[L],#c2[K];U,#c2[L],#c2[L],#c2[L],#c2[L],#c2[L],#c2[L],#c2[L];(#c2.#d2)[K],#c2[L],(#c2.#d2)[L],#c2[L],#c2[L],(#c2.#d2)[K];#c2[L],(#c2.#d2)[L],#c2[L],#c2[L],(#c2.#d2)[L],#c2[L],(#c2.#d2)[L],#c2[L];(#d2.#g2.c3)[K],#c2[L],(#d2.#g2.c3)[L],#c2[L],#d2[L],(#d2.#g2.c3)[K];#c2[L],(#d2.#g2.c3)[L],#c2[L],#c2[L],(#d2.#g2.c3)[L],#c2[L],(#d2.#g2.c3)[L],#c2[L];(#c2.#f2.#a2.#c3)[K],U,(#c2.#f2.#a2.#c3)[L],#c2[L],#c2[L],(#c2.#f2.#a2.#c3)[L],#c2[L];#c2[L],(#c2.#f2.#a2.#c3)[L],#c2[L],#c2[L],(#c2.#f2.#a2.#c3)[L],#g1[L],(#g1.#c2.#c3)[L],#g1[L];(#c1.#c2.#c3)[L],#g2[L],#c3[L],#d3[L],#c3[L],#g2[L],f3[L],#c3[L];#g2[L],#f3[L],#c3[L],#g2[L],(#c2.f3)[L],#g2[L],(#c2.#f3)[L],#g2[L];(#a1.#c2.#g3)[L],#c3[L],#f2[L],#f3[L],#c3[L],#f2[L],f3[L],#c3[L];#f2[L],#f3[L],#c3[L],#f3[L],(#g1.#c2.#d3)[L],#g2[L],(#g1.#c2.#d2)[L],#g2[L];(#c1.#c2.#c3)[L],#g2[L],#c3[L],#d3[L],#c3[L],#g2[L],f3[L],#c3[L];#g2[L],#f3[L],#c3[L],#g2[L],(#c2.f3)[L],#g2[L],(#c2.#f3)[L],#g2[L];(#a1.#c2.#g3)[L],#c3[L],#f2[L],#f3[L],#c3[L],#g2[L],f3[L],#c3[L];#f2[L],#f3[L],#c3[L],#f2[L],(#g1.#c2.#g3)[L],#d3[L],(#g1.#c2.#g2)[L],#d3[L];(#f1.#c2.#f3)[L],#c3[L],#f3[L],#g3[L],#f3[L],#c3[L],#a3[L],#f3[L];#c3[L],b3[L],#f3[L],#c3[L],(#f2.#a3)[L],#c3[L],(#f1.#c2.#f3)[L],#c3[L];(f1.#c2.#g3)[L],#c3[L],#g3[L],#c4[L],#g3[L],#c3[L],(f2.#g3)[L],#c3[L];#g2[L],#c3[L],#g2[L],#c2[L],(f.#g2)[L],#c2[L],(f.#g1)[L],#c2[L];(b.b1.b2)[L],#f2[L],b2[L],(b1.#c3)[L],b2[L],#f2[L],(b1.#d3)[L],b2[L];#f2[L],(b1.#c3)[L],b2[L],(b1.#f2)[L],(b1.b2)[L],#f2[L],(b.#a2)[L],#f2[L];(#g.#g2)[L],#c2[L],(#g.#d2)[L],#g2[L],(#g1.#c2)[L],#d2[L],#g2[L],(#g.#c2)[L];#d2[L],(#g.#g2)[L],#c2[L],(#g.#d2)[L],(#g1.#g2)[L],#c2[L],(#g1.#d2)[L],#g2[L];(#c1.#g1.#c3)[L],#g2[L],(#c1.#g1.#c3)[L],#d3[L],(#c2.#c3)[L],#g2[L],f3[L],(#c1.#g1.#c3)[L];#g2[L],(#c1.#g1.#f3)[L],#c3[L],(#c1.#g1.#g2)[L],(#c2.f3)[L],#g2[L],(#c1.#g1.#f3)[L],#g2[L];(#a.#f1.#g3)[L],#c3[L],(#a.#f1.#f3)[L],(#a1.#c3)[L],#f2[L],f3[L],(#a.#f1.#c3)[L];#f2[L],(#a.#f1.#f3)[L],#c3[L],(#a.#f1.#f2)[L],(#g.#d3)[L],(#d1.#g2)[L],(#g1.#d2)[L],(#d1.#g2)[L];"]},{"id":2,"baseBeats":0.5,"scores":["(#f.#c3)[L],#g2[L],(#f.#c3)[L],#d3[L],(#f1.#g2)[L],#c3[L],#d3[L],(#f.#g3)[L];#g2[L],(#f.#c3)[L],(#g.#g2)[L],(#a.#c3)[L],(#g.#d3)[L],#c3[L],(#g.#c3)[L],c3[L];(#c.#c1.#c3)[L],#g2[L],#f2[L],(#c1.#g1.#f2.#c3)[L],#g2[L],#d2[L],(#c1.#g1.#c2.f2.#g2.#c3)[JK];T,(#G-2.#G-1)[L],U;(#C-1.#c.#c2)[L],#g1[L],#c2[L],(#c.#g.#d2)[L],#c2[L],#g1[L],(#g.#c1.#g1.f2)[L],#c2[L];#g1[L],(#c.#g1.#f2)[L],#c2[L],(#C-1.#c.#g1)[L],(#C-1.#c.#g1.f2)[L],#c2[L],(#C-1.#c.#g1.#f2)[L],#c2[L];(#A-2.#A-1.#f1.#g2)[L],#c2[L],#f1[L],(#A-1.#f.#f1.#f2)[L],#c2[L],#f1[L],(#f.#a.#f1.f2)[L],#c2[L];#f1[L],(#A-1.#f.#f1.#f2)[L],#c2[L],(#G-1.#f1)[L],(#G-2.#G-1.#d1.#d2)[L],#g1[L],(#G-2.#G-1.#d1)[L],#g1[L];(#C-1.#c.#c2)[L],#g1[L],#c2[L],(#c.#g.#g1.#d2)[L],#c2[L],#g1[L],(#C-2.#C-1.#g1.f2)[L],#c2[L];#g1[L],(#C-1.#c.#g1.#f2)[L],#c2[L],#g1[L],(#c.#c1.#g1.f2)[L],#c2[L],(#c.#c1.#g1.#f2)[L],#c2[L];(#A-1.#f.#a.#f1.#g2)[L],#c2[L],#g1[L],(#f.#c1.#f1.#f2)[L],#c2[L],#f1[L],(#F-1.#c.#f.#f1.f2)[L],#c2[L];#f1[L],(#f.#c1.#f1.#f2)[L],#c2[L],(#G-1.#f1)[L],(#G-2.#g1.#g2)[L],(#D-1.#d2)[L],(#G-1.#g1)[L],(#D-1.#d2)[L];(#F-2.#F-1.#f2)[L],#c2[L],#f2[L],(#F-1.#c.#c2.#g2)[L],#f2[L],#c2[L],(#c.#f.#c2.#a2)[L],#f2[L];#c2[L],(#f.#c1.#c2.b2)[L],#f2[L],#c2[L],(#c1.#f1.#a2)[L],#c2[L],(#F-2.#F-1.#f2)[L],#c2[L];(F-2.F-1.#g2)[L],#c2[L],#g2[L],(F-1.f.#c3)[L],#g2[L],#c2[L],(f.#g2)[L],#c2[L];#g1[L],(f.#c2)[L],#g1[L],(f.#c1)[L],(f.#g1)[L],#c1[L],#g[L],#c1[L];(B-1.b.b1)[L],#f1[L],b1[L],(#F-1.#f.#c2)[L],b1[L],#f1[L],(B-2.B-1.#f1.#d2)[L],b1[L];#f1[L],(#F-1.#f.#f1.#c2)[L],b1[L],#f1[L],(B-1.b.b1)[L],#f1[L],(#F-1.#f.#a1)[L],#f1[L];(#G-2.#G-1.#g1)[L],#c1[L],(#G-2.#G-1.#d1)[L],#g1[L],(#G-1.#g.#c1)[L],#d1[L],#g1[L],(#G-2.#c1.#d1.#g1)[L];#G-1[L],(#G-2.#G-1.#g1)[L],(#G-2.#G-1.#g1)[L],(#G-2.#G-1.#g1)[L],(#G-2.#G-1.#g1.#c2.#d2.#g2)[L],#g1[L],(#G-2.#G-1.#g1.c2.#d2.#g2)[L],#g1[L];(#C-2.#C-1.#c2)[L],#g1[L],#c2[L],(#C-2.#C-1.#g1.#d2)[L],#c2[L],#g1[L],(#C-1.#c.#g1.f2)[L],#c2[L];#g1[L],(#C-1.#c.#g1.#f2)[L],#c2[L],(#C-1.#c.#g1)[L],(#c.#c1.#g1.f2)[L],#c2[L],(#c.#c1.#g1.#f2)[L],#c2[L];(#A-1.#f.#a.#f1.#g2)[L],#c2[L],#f1[L],(#f.#c1.#f1.#f2)[L],#c2[L],#f1[L],(#F-1.#c.#f.#f1.f2)[L],#c2[L];#f1[L],(#f.#c1.#f1.#f2)[L],#c2[L],(#G-1.#f1)[L],(#G-2.#d1.#d2)[L],(#D-1.#g1)[L],(#G-1.#d1)[L],(#D-1.#g1)[L];(#F-2.#F-1.#c2)[L],#g1[L],#c2[L],(#F-1.#c.#d2)[L],#c2[L],#g1[L],(#c.#f.#g2)[L],#c2[L];#g1[L],(#F-2.#F-1.#c2)[L],(#G-2.#G-1.#g1)[L],(#A-2.#A-1.#c2)[L],(#G-2.#G-1.#d2)[L],#c2[L],(#G-2.#G-1.#c2)[L],c2[L];(#C-1.#c.#c2)[L],#g1[L],#f1[L],(#C-2.#C-1.#f1.#c2)[L],#g1[L],#d1[L],(#c.#g.#c1.f1.#g1.#c2)[JK];T,(F-1.f)[L],U;(#F-1.#f.#g)[L],#c1[L],#d1[L],#g[L],#c1[L],#d1[L],#g[L],#c1[L];#d1[L],#g[L],#c1[L],#d1[L],#g[L],(#G-1.#c1)[L],#d1[L],#g[L];(#C-1.#c1)[L],#d1[L],#g[L],#c1[L],#d1[L],#g[L],#c1[L],#d1[L];#g[L],#c1[L],#d1[L],(#g.#c1.#f1)[L],#c[L],(#g.#c1.f1)[L],(F-1.f)[L],#g[L];(#F-1.#f.#c1)[L],#d1[L],#g[L],#c1[L],#d1[L],#g[L],#c1[L],#d1[L];#g[L],#c1[L],#d1[L],#g[L],(#G-1.#c1)[L],(#G-1.#d1)[L],#g[L],(#G-1.#c1)[L];(#c.#d1)[L],#g[L],#c1[L],#d1[L],(#C-1.#g)[L],#c1[L],#d1[L],#g[L];(#g.#c1.#f1)[L],#c[L],#g[L],(#g.#c1.#f1)[L],#c[L],(#g.#c1.f1)[L],(F-1.f)[L],#g[L];(#F-1.#f.#c1)[L],#d1[L],#g[L],#c1[L],#d1[L],#g[L],#c1[L],#g1[L];#f[L],#g[L],(#F-1.#c1)[L],#d1[L],(#G-1.#f1)[L],f1[L],(#G-1.#c1)[L],#d1[L];(#C-1.#c.#g)[L],#c1[L],#d1[L],#g[L],#c1[L],#d1[L],#g[L],#c1[L];(#a.#c1.#f1)[L],#c[L],#a[L],(#a.#c1.#f1)[L],#c[L],(#g.#c1.f1)[L],(F-1.f)[L],#g[L];(#F-1.#f.#c1)[L],#d1[L],(#F-1.#g)[L],#c1[L],(#f.#d1)[L],#g[L],#c1[L],(#D-1.#d1)[L];#g[L],(#D-1.#c1)[L],#d1[L],(#D-1.#g)[L],(#d.#c1)[L],#d1[L],(#d.#g)[L],#c1[L];(#G-1.#g.#c1.#d1)[K],#g[L],(#g.#c1.#d1)[L],#g[L],#g[L],(#g.#c1.#d1)[L],#g[L];#g[L],(#g.#c1.#d1)[L],#g[L],#g[L],(#G-1.#g.#c1.#d1.#g1)[K],(#F-1.#g.c1.#d1.#g1)[L],#g[L];(F-1.#c.#c1)[L],#g[L],#c1[L],(#g.#c1.#g1)[L],f[L],(#g.#c1)[L],(F-1.#c)[L],(#g.#c1)[L];"]},{"id":3,"baseBeats":0.5,"scores":["(#F-1.#c)[L],#a[L],(#a.#d1)[L],(#a.#d1)[L],#f[L],#a[L],(#F-1.#c)[L],f[L];(F-1.#c.#c1)[L],#g[L],#c1[L],(F-1.#c.f.#g.#c1.#g1)[L],U,(#F-1.#c.#f.#g.#c1)[L],U,(#G-1.#d.#g.#c1)[L];U,(#g.c1)[L],#f[L],(c1.#d1)[L],#g[L],(#g.c1.#d1.#g1)[L],#G-1[L],#g[L];(F-1.#c.#c1)[L],#g[L],#c1[L],(#g.#c1.#g1)[L],f[L],(#g.#c1)[L],(F-1.#c)[L],(#g.#c1)[L];(#F-1.#c)[L],#a[L],(#a.#d1)[L],(#a.#d1)[L],#f[L],#a[L],(#F-1.#c)[L],f[L];(F-1.#c.#c1)[L],#g[L],#c1[L],(F-1.#c.f.#g.#c1.#g1)[L],U,(#F-1.#d.#f.#g.#d1)[L],U,(#G-1.#d.#g.#c1)[L];U,(#g.c1)[L],U,(#g.c1.#d1)[L],#g[L],#g1[L],(#G-1.#a1)[L],c2[L];(F-1.f.#c1.#g1.#c2)[L],(#c1.#c2)[L],(#c1.#c2)[L],(f.#g1)[L],#c1[L],(F-1.#c1.#g1.b1)[L],(#c1.#g1.b1)[L];(#F-1.#f)[L],(#c1.#f1.#a1)[L],#c1[L],(#c1.f1.#g1)[L],#f[L],(#c1.#d1.#f1)[L],#F-1[L],#g1[L];(#G-1.#g.#c1.f1.#g1)[L],(#c1.f1.#g1)[L],(#c1.f1.#g1)[L],(c1.#d1.#g1)[L],#g[K],(#a.#c1.#g1)[L],(#a.#c1.#g1)[L];#g[L],(#g.c1.#d1.#g1)[L],(#g.c1.#d1.#g1)[L],(#G-2.#G-1)[L],(#G-2.#G-1)[L],#g1[L],(#F-2.#F-1.#a1)[L],c2[L];(F-2.F-1.#c1.#g1.#c2)[L],(#c1.#c2)[L],(#c1.#c2)[L],(#c1.#c2)[L],(F-1.f.#g1)[L],#c1[L],(#c1.#g1.b1)[L],(#c1.#g1.b1)[L];(#F-1.#f)[L],(#c1.#f1.#a1)[K],(#c1.f1.#g1)[L],(#F-2.#F-1)[L],(#c1.#d1.#f1)[L],#c1[L],(#c1.#g1)[L];(#G-2.#G-1.#c1.f1.#g1)[L],(#c1.f1.#g1)[L],(#c1.f1.#g1)[L],(c1.#d1.#g1)[L],(#G-1.#g)[L],c1[L],(#a.#c1.#g1)[L],(#a.#c1.#g1)[L];#G-1[L],(#g.c1.#d1.#g1)[L],(#g.c1.#d1.#g1)[L],(#G-1.#g)[L],(#G-1.#g)[L],(#G-1.#g)[L],(#G-1.#g)[L],(#G-1.#g)[L];(#G-2.#G-1.#g.#c1.f1.#g1)[L],(#g.#c1.f1.#g1)[L],(#g.#c1.f1.#g1)[L],(#g.#c1.f1.#g1)[L],#G-1[L],#g[L],(#a.#c1.#f1.#g1)[L],(#a.#c1.#f1.#g1)[L];#G-1[L],(#g.c1.#d1.#g1)[L],(#g.c1.#d1.#g1)[L],(#G-1.#g)[L],(#G-1.#g)[L],(#G-1.#g)[L],(#G-1.#g)[L],#G-1[L];(#G-2.#G-1.#a1.#f2)[L],#c2[L],#a1[L],(#G-1.#g.#a1.#f2)[L],#c2[L],#a1[L],(#f.#g.#a.#c1.#d1.#f1.#g1.#a1.#f2)[L],#c2[L];#a1[L],(#G-1.#g.#a1.#f2)[L],#c2[L],(#G-1.#g.#a1)[L],(#G-1.#g.#a1.#f2)[L],#c2[L],(#G-1.#a1)[L],(#G-1.#c2)[L];(#G-2.#G-1.#a1.#f2)[L],#c2[L],#a1[L],(#G-1.#g.#a1.#f2)[L],#c2[L],#a1[L],(#f.#g.#a.#c1.#d1.#f1.#g1.#a1.#f2)[L],#c2[L];#a1[L],(#G-1.#g.#a1.#f2)[L],#c2[L],(#G-1.#g.#a1)[L],(#G-1.#g.#a1.#f2)[L],#c2[L],(#G-1.#a1)[L],(#G-1.#c2)[L];(#G-2.#G-1.#a1.#g2)[L],#c2[L],#a1[L],(#G-1.#g.#a1.#g2)[L],#c2[L],#a1[L],(#f.#g.#a.#c1.#d1.#f1.#g1.#a1.#g2)[L],#c2[L];#a1[L],(#G-1.#g.#a1.#g2)[L],#c2[L],(#G-1.#g.#a1)[L],(#G-1.#g.#a1.#g2)[L],#c2[L],(#G-1.#g.#a1)[K];(G-1.#g.#c1.#d1.#f1.#g1.#a1.#c2.#d2.#f2)[L],(#G-1.#g)[L],(#G-1.#g)[L],(#F-1.#f.#c1.#d1.#f1.#g1.#a1.#c2.#d2.#f2)[L],U,(F-1.f.#c1.#d1.#f1.#g1.#a1.#c2.#d2.#f2)[L],U,(#F-1.#f.#c1.#d1.#f1.#g1.#a1.#c2.#d2.#f2)[L];U,(#G-1.#g.#c1.#d1.#f1.#g1.#a1.#c2.#d2.#f2)[L],U,(#G-1.#g)[L],(#G-1.#g)[L],#c2[L],(#G-2.#G-1.#c2)[L],c2[L];(#C-1.#c.#c2)[L],#g1[L],#c2[L],(#c.#g.#g1.#d2)[L],#c2[L],#g1[L],(#c1.#g1.f2)[L],#c2[L];#g1[L],(#c1.#g1.#f2)[L],#c2[L],(#c1.#g1)[L],(#c1.#g1.f2)[L],#c2[L],(#c1.#g1.#f2)[L],#c2[L];(#a.#c1.#f1.#g2)[L],#c2[L],#f1[L],(#c1.#f1.#f2)[L],#c2[L],#f1[L],(#c1.#f1.f2)[L],#c2[L];#f1[L],(#f.#c1.#f1.#f2)[L],(#f.#c1.#c2)[L],(#f.#c1.#f1)[L],(#g.#c1.#d1.#d2)[L],#g1[L],(#G-2.#G-1.#d1)[L],#g1[L];(#C-2.#C-1.#c2)[L],#g1[L],#c2[L],(#C-2.#C-1.#g1.#d2)[L],#c2[L],#g1[L],(#C-1.#c.#g1.f2)[L],#c2[L];#g1[L],(#C-1.#c.#g1.#f2)[L],#c2[L],#g1[L],(c.c1.#g1.f2)[L],#c2[L],(#c.#c1.#g1.#f2)[L],#c2[L];(#A-1.#f.#a.#f1.#g2)[L],#c2[L],#f1[L],(#f.#c1.#f1.#f2)[L],#c2[L],#f1[L],(#F-1.#c.#f.#f1.f2)[L],#c2[L];#f1[L],(#c.#f.#c1.#f1.#f2)[L],#c2[L],(#G-1.#f1)[L],(#G-2.#g1.#g2)[L],(#D-1.#d2)[L],(#G-1.#g1)[L],(#D-1.#d2)[L];(#F-2.#F-1.#f2)[L],#c2[L],#f2[L],(#F-1.#c.#g2)[L],#f2[L],#c2[L],(#c.#f.#c2.#a2)[L],#f2[L];#c2[L],(#f.#c1.#c2.b2)[L],#f2[L],(#f.#c1.#c2)[L],(#c1.#f1.#c2.b2)[L],#a2[L],(#F-2.#F-1.#g2)[L],#f2[L];(F-2.F-1.#g2)[L],#c2[L],#g2[L],(F-1.f.#c2.#c3)[L],#g2[L],(F-2.F-1.#c2.#c3)[L],#g2[L],(F-1.f.#g1.#g2)[L];#c2[L],(F-1.f.#g1.#g2)[L],#c2[L],(F-1.f.#g1)[L],(F-1.f.#c1.#c2)[L],#g1[L],(F-1.f.#c1.#c2)[L],#g1[L];(B-1.b.b1)[L],#f1[L],b1[L],(#F-1.#f.#f1.#c2)[L],b1[L],#f1[L],(B-2.B-1.#f1.#d2)[L],b1[L];#f1[L],(#F-1.#f.#f1.#c2)[L],b1[L],(#F-1.#f.#f1)[L],(B-1.b.b1)[L],#f1[L],(#F-1.#f.#a1)[L],#f1[L];(#G-2.#G-1.#g1)[L],#c1[L],(#G-2.#G-1.#d1)[L],#g1[L],(#G-1.#g.#c1)[L],#d1[L],#g1[L],(#G-2.#G-1.#c1.#d1.#g1)[L];#G-1[L],(#G-2.#G-1.#g1)[L],(#G-2.#G-1.#g1)[L],(#G-2.#G-1.#g1)[L],(#G-2.#G-1.#g1.#c2.#d2.#g2)[L],#g1[L],(#G-2.#G-1.#g1.c2.#d2.#g2)[L],#g1[L];(F-1.f.#g1.#c2)[L],(F-1.f.#g1.#c2)[L],(F-1.f.#g1.#c2)[L],(#D-1.#d.#g1.c2.#d2)[K],(#D-1.#d.#g1.c2.#d2)[K],(#D-1.#d.#g1.#c2.f2)[L];(#C-1.#c)[L],#g1[L],(C-1.c.#c2)[L],f2[L],(#A-2.#A-1.#f2)[L],#g1[L],(#G-2.#G-1.#c2)[L],#f2[L];(#A-2.#A-1.#g2)[L],#c2[L],#f1[L],(#A-2.#A-1.#f1.#f2)[L],#c2[L],#f1[L],(#f.#c1.#f1.f2)[L],#c2[L];#f1[L],(#A-2.#A-1.#f1.#f2)[L],#c2[L],(#A-2.#A-1.#f1)[L],(#G-2.#G-1.#d2)[L],#g1[L],(#G-2.#G-1.#d1)[L],#g1[L];(#F-2.#F-1.#c2)[L],#g1[L],#c2[L],(#f.#c1.#d2)[L],#c2[L],#g1[L],(#c.#f.#g2)[L],#c2[L];#g1[L],(#F-2.#F-1.#c2)[L],(#G-2.#G-1.#g1)[L],(#A-2.#A-1.#c2)[L],(#G-2.#G-1.#d2)[L],#c2[L],(#G-2.#G-1.#c2)[L],c2[L];(#C-1.#c.#c2)[L],#g1[L],#f1[L],(#C-2.#C-1.#f1.#c2)[L],#g1[L],#d1[L],(#c.#g.#c1.f1.#g1.#c2)[HK];ST;"]}],"audition":{"start":[0,0],"end":[0,20]}}