{"baseBpm":120,"musics":[{"bpm":120,"baseBeats":0.5,"scores":["(#a1.#d2.#a2)[L],5<(#a1.#a2)[M],(c2.c3)[M]>,(#a1.#d2.#a2)[L],(c2.c3)[L],(#a1.#d2.#a2)[K],(#a1.#a2)[K];(#a1.#d2.#a2)[L],5<(#a1.#a2)[M],(c2.c3)[M]>,(#a1.#d2.#a2)[L],(c2.c3)[L],(#a1.#d2.#a2)[K],(g1.g2)[K];(f1.#a1.f2)[L],5<(f1.f2)[M],(g1.g2)[M]>,(f1.#a1.f2)[L],(g1.g2)[L],(f1.#a1.f2)[K],(f1.f2)[K];(f1.#a1.f2)[L],5<(f1.f2)[M],(g1.g2)[M]>,(f1.#a1.f2)[L],(g1.g2)[L],(f1.#a1.f2)[K],#a[L],c1[L];#d1[K],#d1[L],f1[L],g1[L],#a1[L],c2[L],#a1[L];c2[L],#d2[L],f2[L],g2[L],f2[L],#d2[L],c2[L],#a1[L];#d2[K],#d2[L],c2[L],7<(#d2~f2~#d2~c2~#a1)[K]>,g1[K];c2[K],#d2[L],c2[L],7<(#a1~c2~#a1~g1~#a1)[K]>,f1[K];","(#d1.g1)[K],(#d1.g1)[K],(#d1.g1)[K],T;(#d1.g1)[K],(#d1.g1)[K],(#d1.g1)[K],T;(#a.d1)[K],(#a.d1)[K],(#a.d1)[K],T;(#a.d1)[K],(#a.d1)[K],(#a.d1)[K],T;(g.#a)[K],(g.#a)[K],(#d.#a.#d1)[K],(#d.#a.#d1)[K];(#g.#d1.#g1)[K],(#g.#d1.#g1)[K],(#g.#d1.#g1)[K],(#g.#d1.#g1)[K];(g.#a.#d1)[K],(g.#a.#d1)[K],(g.#a.#d1)[K],(g.#a.#d1)[K];(#g.c1.#d1)[K],(#g.c1.#d1)[K],(#a.d1.f1)[J];"],"id":1,"instruments":["piano","piano"],"alternatives":["",""]},{"bpm":120,"baseBeats":0.5,"scores":["#d1[K],#a[L],c1[L],#d1[L],f1[L],g1[L],f1[L];g1[K],#a1[L],g1[L],#a1[L],c2[L],#d2[L],#a1[L];c2[K],#d2[L],c2[L],#a1[L],c2[L],g1[L],f1[L];#d1[K],(g1.#a1)[K],(g1.#a1)[K],(g1.#a1)[K];#a1[L],U,#d2[L],U,#d2[L],U,U,5<f2[M],(g.#a)[M]>;g2[L],f2[L],#d2[L],f2[L],g2[L],U,U,U;#a1[L],U,g2[L],U,g2[L],U,U,#g2[L];g2[L],U,f2[L],#d2[L],f2[L],U,f2[L],5<(f.#a)[M],(f.#a)[M]>;#d2[L],U,5<f2[M],#d2[M]>,5<f2[M],g2[M]>,f2[L],U,#d2[L],U;f2[L],#d2[L],d2[L],c2[L],#a1[L],U,#d2[L],#a1[L];g1[K],5<g1[M],#a1[M]>,5<#a1[M],c2[M]>,#a1[K],(#g1.f2)[L],c2[L];","(#d.g)[K],(#A-1)[L],c[L],#d[L],f[L],g[L],f[L];g[K],#a[L],g[L],#a[L],c1[L],#d1[L],#a[L];c1[K],#d1[L],c1[L],#a[L],c1[L],g[L],f[L];#d[K],(#a.#d1)[K],(#a.#d1)[K],(#a.#d1)[K];#d[L],(g.#a)[L],(#A-1)[L],(g.#a)[L],#d[L],(g.#a)[L],(#A-1)[L],(g.#a)[M],V;#d[L],(g.#a)[L],(#A-1)[L],(g.#a)[L],#d[L],(g.#a)[L],(#A-1)[L],(g.#a)[L];#d[L],(g.#a)[L],(#A-1)[L],(g.#a)[L],#d[L],(g.#a)[L],(#A-1)[L],(g.#a)[L];f[L],(#g.#a)[L],(#A-1)[L],(#g.#a)[L],d[L],(#g.#a)[L],(#A-1)[L],V,V;#d[L],(g.#a)[L],(#A-1)[L],(g.#a)[L],#d[L],(g.#a)[L],(#A-1)[L],(g.#a)[L];d[L],(#g.#a)[L],(#A-1)[L],(#g.#a)[L],d[L],(#g.#a)[L],(#A-1)[L],(f.#a)[L];(#a.#d1)[K],(#a.#d1)[K],(#a.#d1)[K],(#a.d1)[K];"],"id":2},{"bpm":120,"baseBeats":0.5,"scores":["5<#d2[M],c2[M]>,5<#a1[M],c2[M]>,5<#d2[M],f2[M]>,5<#d2[M],f2[M]>,#a2[L],U,5<#d3[M],c3[M]>,5<#d3[M],f3[M]>;(#a1.#a2)[K],(f1.f2)[L],(g1.g2)[L],7<(#a2~g2~f2~#a2~c3~#a2)[K]>,(#a1.#a2)[K];(#a1.#a2)[K],(f1.f2)[L],(g1.g2)[L],7<(f2~#d2~c2~#d2~f2~g2)[K]>,(f1.f2)[L],(f1.f2)[L];(#d1.#d2)[K],5<(c1.c2)[M],(#d1.#d2)[M]>,5<(f1.f2)[M],(#d1.#d2)[M]>,(#a.#a1)[K],T;(#a.#a1)[K],5<(f1.f2)[M],(#d1.#d2)[M]>,5<(f1.f2)[M],(g1.g2)[M]>,(#d1.#d2)[K],(#d2.#d3)[K];(g2.#a2)[L],(g2.#a2)[L],(g2.#a2)[L],(g2.#a2)[L],(#g2.c3)[L],U,(#g2.c3)[L],U;#a2[L],U,U,c3[L],#a2[L],g2[L],f2[L],g2[L];(g1.#a1)[KL],c2[L],#a1[L],c2[L],#a1[L],g1[L];f1[L],#d1[L],#a[L],c1[L],#d1[J];g2[K],U,#a2[L],c3[L],#a2[L],g2[L],#a2[L];f2[L],#d2[L],#a1[L],c2[L],#d2[J];","(#d.g.#a)[K],(#d.g.#a)[K],#a[L],c1[L],#d1[LM],f1[M];(#a.d1.f1)[K],T,T,(#a.d1.f1)[K];(#a.d1.f1)[K],T,T,(#a.d1.f1)[K];(#g.c1)[K],T,T,(#d.g)[K];(d.f)[K],T,T,(#d.#d1)[K];#d[L],#a[L],g1[L],#a[L],#g[L],#d1[L],c2[L],#d1[L];#d[L],#a[L],g1[L],#a[L],#d[L],#a[L],g1[L],#a[L];(#d.#a)[J],S;(#A-1.d.f.#g)[J],(#d.g.#a)[J];(#a1.#d2)[K],(#a1.#d2)[K],(#a1.#d2)[K],(#a1.#d2)[K];(#a1.d2.f2)[J],(#d1.g2.#a2)[J];"],"id":3}],"audition":{"start":[0,0],"end":[0,26]}}