{"baseBpm":180,"musics":[{"bpm":180,"baseBeats":0.5,"scores":["U,T,U,S,U,T,U,S,U,T,U,S,U,T,U,S,U,T,U,S,U,T,U,S,U,T,U,S,U,T,U,T,T,U,U,U,U,U,TU,U,T,U,U,TU,U,U,U,U,U,T,U,U,T,U,U,TU,U,U,U,U,U,TU,U,T,U,U,TU,U,T,U,S,U,T,U,T,T,U,U,U,U,U,TU,U,T,U,U,TU,U,U,U,U,U,TU,U,T,U,U,U,T,U,U,U,U,U,TU,U,T,U,U,TU,U,T,U,S,U,T,U,T,U,U,U,U,U,U,T,U,U,U,U,U,U,U,TU,U,T,U,S,U,T,U,T,U,U,U,U,U,U,T,U,U,U,U,U,U,U,TU,U,U,U,U,S,U,T,U,T,T,U,U,U,U,T,T,U,T,U,T,T,U,T,U,S,U,T,U,T,T,U,U,U,U,T,T,U,T,U,T,T,U,U,U,U,S,U,U,U,U,T,T,U,U,U,U,T,T,T,U,U,T,T,U,U,U,U,T,T,T,U,U,T,T,U,U,U,U,T,T,T,U,U,T,T,U,U,U,U,T,T,T,U,U,T,T,T,U,U,T,T;","c[L],e1[K],c[L],e1[J],f[L],g1[K],f[L],g1[J],A-1[L],e1[K],A-1[L],e1[J],A-1[L],e1[K],A-1[L],d1[J],c[L],e1[K],c[L],e1[J],f[L],g1[K],f[L],g1[J],A-1[L],e1[K],A-1[L],e1[J],A-1[L],e1[K],A-1[L],d1[K],c1[K],c[L],e1[L],(c1.c2)[L],c[L],(c.e1)[L],(c1.c2)[KL],(f.c1.c2)[L],g1[K],(f.c1.c2)[L],(f.g1.d1.d2)[L],(e1.e2)[KL],A-1[L],e1[L],(c1.c2)[L],A-1[L],(A-1.e1)[L],(c1.c2)[K],(c1.c2)[L],(A-1.c1.c2)[L],e1[K],(A-1.c1.c2)[L],(A-1.d1.g1.g2)[L],(e1.e2)[KL],c[L],e1[L],(c1.c2)[L],c[L],(c.e1)[L],(c1.c2)[KL],(f.c1.c2)[L],g1[K],f[L],(f.g1.d1.d2)[L],(e1.e2)[KL],A-1[L],(e1.c1.c2)[K],A-1[L],(A-1.e1)[J],A-1[L],e1[K],A-1[L],(A-1.d1)[K],c1[K],(C-1.c)[L],(C-1.e1)[L],(c1.c2)[L],(C-1.c)[L],(c.e1)[L],(c1.c2)[KL],(F-1.f.c1.c2)[L],g1[K],(F-1.f.c1.c2)[L],(f.g1.d1.d2)[L],(e1.e2)[KL],(A-2.A-1)[L],(A-2.e1)[L],(c1.c2)[L],(A-2.A-1)[L],(A-1.e1)[L],(c1.c2)[KL],(A-2.A-1.c1.c2)[L],e1[K],(A-2.A-1.c1.c2)[L],(A-1.d1.g1.g2)[L],(e1.e2)[L],A-2[K],(C-1.c)[L],(C-1.e1)[L],(c1.c2)[L],(C-1.c)[L],(c.e1)[L],(c1.c2)[KL],(F-1.f.c1.c2)[L],g1[K],(F-1.f.c1.c2)[L],(f.g1.d1.d2)[L],(e1.e2)[KL],(A-2.A-1)[L],(A-2.e1.c1.c2)[K],(A-2.A-1)[L],(A-1.e1)[J],(A-2.A-1)[L],e1[K],(A-2.A-1)[L],(A-1.d1)[K],(A-2.c1)[L],(c1.c2)[L],(A-1.e.a1.a2)[L],(A-1.e1.a1.a2)[L],(a1.a2)[L],(A-1.e.g1.g2)[L],(A-1.e1)[K],(g1.g2)[L],(g1.g2)[L],(F-2.F-1.e1.e2)[L],g1[L],(e1.e2)[L],(F-2.F-1.d1.d2)[L],(F-1.g1)[L],(c1.c2)[KL],(C-1.c)[L],(C-1.e1)[K],(C-1.c)[L],(c.e1)[J],(C-1.G-1)[L],e1[K],(C-1.G-1)[L],(c.d1)[K],C-1[L],(c1.c2)[L],(A-2.A-1.a1.a2)[L],(A-2.e1)[L],(a1.a2)[L],(A-2.A-1.g1.g2)[L],(A-1.e1)[K],(g1.g2)[L],(g1.g2)[L],(F-2.F-1.e1.e2)[L],g1[L],(e1.e2)[L],(F-2.F-1.d1.d2)[L],(F-1.g1)[L],(c1.c2)[KL],(C-1.c)[L],(C-1.e1.d1.d2)[L],(e1.e2)[L],(C-1.c)[L],(c.e1)[J],(C-1.G-1)[L],e1[K],(C-1.G-1)[L],(c.d1)[K],(C-1.c1.c2)[K],(A-1.e.c1.c2)[L],(A-1.e1)[L],(c1.c2)[L],(A-1.e)[L],(A-1.e1.c1.c2)[K],(e1.e2)[K],(F-2.F-1.d1.d2)[L],g1[K],(F-2.F-1.c1.c2)[L],(F-1.g1.c1.c2)[K],(b.b1)[K],(C-1.c.a.a1)[L],(C-1.e1)[K],(C-1.c)[L],(c.e1)[J],(C-1.G-1)[L],e1[K],(C-1.G-1)[L],(c.d1)[K],(C-1.c1.c2)[K],(A-2.A-1.c1.c2.c3)[L],(A-2.e1)[L],(c1.c2.c3)[L],(A-2.A-1)[L],(A-1.e1.c1.c2.c3)[K],(e1.e2.e3)[K],(F-2.F-1.d1.d2.d3)[L],g1[K],(F-2.F-1.c1.c2.c3)[L],(F-1.g1.c1.c2.c3)[K],(b.b1.b2)[K],(C-1.c.a.a1.a2)[L],(C-1.e1)[L],(g.g1.g2)[L],(C-1.c)[L],(c.e1.c1.c2.c3)[J],(C-1.G-1)[L],e1[L],c2[L],(C-1.G-1)[L],(c.d1.c2)[K],(C-1.c1.c2)[K],(A-2.c2.d2)[L],A-2[L],e2[L],(A-1.g2)[L],c2[K],(A-1.e2.c2)[K],(B-2.b1.g1)[K],g2[L],(B-1.c3)[L],c2[K],(B-1.c2)[K],(C-1.b2.d2)[L],C-1[L],e2[L],(c.g2)[L],c2[K],(c.e2.d2)[K],(C-1.d2)[K],(d2.c2)[L],(c.e2)[L],c2[K],(c.c2)[K],(A-2.c2.d2)[L],A-2[L],e2[L],(A-1.g2)[L],c2[K],(A-1.e2.c2)[K],(B-2.b1.g1)[K],g2[L],(B-1.c3)[L],c2[K],(B-1.e2.c2)[K],(C-1.b2.d2)[L],C-1[L],e2[L],(c.g2)[L],c2[K],(c.e2.d2)[K],(C-1.d2)[K],(d2.c2)[L],(c.e2)[L],c2[K],(c.c2)[K],(A-2.c2.d2.g2)[K],(A-2.e2.g2)[L],(A-1.g2)[L],(A-2.c2.g2)[K],(A-2.e2.c2)[K];"],"id":1,"instruments":["piano","piano"],"alternatives":["",""]},{"bpm":180,"baseBeats":0.5,"scores":["T,U,U,T,T,T,U,U,T,T,T,U,U,T,T,T,U,U,T,T,T,U,U,T,T,T,U,U,T,T,S,S,U,U,U,U,T,U,U,U,U,U,U,S,U,U,U,U,T,U,U,U,U,U,U,T,T,U,U,U,U,T,U,U,U,U,U,U,T,T,U,U,U,U,T,U,U,U,U,U,U,T,T,U,U,U,U,T,U,U,U,U,U,U,S,U,U,U,U,T,U,U,U,U,U,U,T,T,U,U,U,U,T,U,U,U,U,U,U,T,T,U,U,U,U,T,U,U,U,U,U,U,T,T,U,U,U,U,U,TU,U,T,U,U,TU,U,U,U,U,U,T,U,U,T,U,U,TU,U,U,U,U,U,TU,U,T,U,U,TU,U,T,U,S,U,T,U,T,T,U,U,U,U,U;","(B-2.b1.g1.d2)[K],(B-2.g2)[L],(B-1.c3)[L],(B-2.c2)[K],(B-2.c2)[K],(C-1.b2.d2.g2)[K],(C-1.e2.g2)[L],(c.g2)[L],(C-1.c2.e2)[K],(C-1.e2.d2)[K],(C-1.d2)[K],(C-1.d2.c2)[L],(c.e2)[L],C-1[K],(C-1.c2)[K],(A-2.c2)[K],(A-2.c2)[L],(A-1.g2)[L],(A-2.c2)[K],(A-2.e2)[K],(B-2.b1.d2)[K],(B-2.g2)[L],(B-1.c3.c2)[L],(B-2.c2)[K],(B-2.e2.b1)[K],(C-1.b2.a1)[K],(C-1.g1)[L],(c.g2)[L],(C-1.c2)[K],(C-1.e2)[K],C-1[J],b1[J],(A-1.a.c1.e1.a1)[L],(A-1.a.c1.e1)[L],(a.c1.e1)[L],A-1[L],(e.a.c1.e1)[K],(A-1.a.c1.e1)[L],(f.a.c1.e1)[L],F-1[L],(a.c1.e1)[L],(a.c1.e1)[L],F-1[L],(f.a.c1.e1)[J],(c.g.c1.e1)[L],(c.g.c1.e1)[L],(g.c1.e1)[L],c[L],(e.g.c1.e1)[K],(c.g.c1.e1)[L],(e.g.c1.e1)[L],c[L],(g.c1.d1)[L],(g.c1.d1)[L],C-1[L],(c.g.c1.d1)[K],C-1[K],(A-1.a.c1.e1)[L],(A-1.a.c1.e1)[L],(a.c1.e1)[L],A-1[L],(e.a.c1.e1)[K],(A-1.a.c1.e1)[L],(f.a.c1.e1)[L],F-1[L],(a.c1.e1)[L],(a.c1.e1)[L],F-1[L],(f.a.c1.e1)[K],(c1.c2)[K],(c.g.c1.e1.c2)[L],(c.g.c1.e1)[L],(g.c1.e1.c2)[L],c[L],(e.g.c1.e1.c2)[K],(c.g.c1.e1.e2)[L],(e.g.c1.e1)[L],(c.d1.d2)[L],(g.c1.d1)[L],(g.c1.d1)[L],(C-1.c1.c2)[L],(c.g.c1.d1.c2)[K],(C-1.b.b1)[K],(A-1.a.c1.e1.a1)[L],(A-1.a.c1.e1)[L],(a.c1.e1)[L],A-1[L],(e.a.c1.e1)[K],(A-1.a.c1.e1)[L],(f.a.c1.e1)[L],F-1[L],(a.c1.e1)[L],(a.c1.e1)[L],F-1[L],(f.a.c1.e1)[J],(c.g.c1.e1)[L],(c.g.c1.e1)[L],(g.c1.e1)[L],c[L],(e.g.c1.e1)[K],(c.g.c1.e1)[L],(e.g.c1.e1)[L],c[L],(g.c1.d1)[L],(g.c1.d1)[L],C-1[L],(c.g.c1.d1)[K],C-1[K],(A-1.a.c1.e1)[L],(A-1.a.c1.e1)[L],(a.c1.e1)[L],A-1[L],(e.a.c1.e1)[K],(A-1.a.c1.e1)[L],(f.a.c1.e1)[L],F-1[L],(a.c1.e1)[L],(a.c1.e1)[L],F-1[L],(f.a.c1.e1)[K],(c1.c2)[K],(c.g.c1.e1.c2)[L],(c.g.c1.e1)[L],(g.c1.e1.c2)[L],c[L],(e.g.c1.e1.c2)[K],(c.g.c1.e1.e2)[L],(e.g.c1.e1)[L],(c.d1.d2)[L],(g.c1.d1)[L],(g.c1.d1)[L],(C-1.c1.c2)[L],(c.g.c1.d1.c2)[K],(C-1.b.b1)[K],c[L],e1[L],(c1.c2)[L],c[L],(c.e1)[L],(c1.c2)[KL],(f.c1.c2)[L],g1[K],(f.c1.c2)[L],(f.g1.d1.d2)[L],(e1.e2)[KL],A-1[L],e1[L],(c1.c2)[L],A-1[L],(A-1.e1)[L],(c1.c2)[K],(c1.c2)[L],(A-1.c1.c2)[L],e1[K],(A-1.c1.c2)[L],(A-1.d1.g1.g2)[L],(e1.e2)[KL],c[L],e1[L],(c1.c2)[L],c[L],(c.e1)[L],(c1.c2)[KL],(f.c1.c2)[L],g1[K],f[L],(f.g1.d1.d2)[L],(e1.e2)[KL],A-1[L],(e1.c1.c2)[K],A-1[L],(A-1.e1)[J],A-1[L],e1[K],A-1[L],(A-1.d1)[K],c1[K],(C-1.c)[L],(C-1.e1)[L],(c1.c2)[L],(C-1.c)[L],(c.e1)[L];"],"id":2,"instruments":["piano","piano"],"alternatives":["",""]},{"bpm":180,"baseBeats":0.5,"scores":["TU,U,T,U,U,TU,U,U,U,U,U,TU,U,T,U,U,U,T,U,U,U,U,U,TU,U,T,U,U,TU,U,T,U,S,U,T,U,T,U,U,U,U,U,U,T,U,U,U,U,U,U,U,TU,U,T,U,S,U,T,U,T,U,U,U,U,U,U,T,U,U,U,U,U,U,U,TU,U,U,U,U,S,U,T,U,T,T,U,U,U,U,T,T,U,T,U,T,T,U,T,U,S,U,T,U,T,T,U,U,U,U,T,T,U,T,U,T,T,U,U,U,U,S,U,U,U,U,T,T,U,U,U,U,T,T,T,U,U,T,T,U,U,U,U,T,T,T,U,U,T,T,U,U,U,U,T,T,T,U,U,T,T,U,U,U,U,T,T,T,U,U,T,T,T,U,U,T,T,T,U,U,T,T,T,U,U,T,T,T,U,U,T,T,T,U,U,T,T,T,U,U,T,T,T,U,U,T,T,S,S,U,U,U,U,T,U,U,U,U,U,U,S,U,U,U,U,T,U,U,U,U,U,U,T,T,U,U,U,U,T,U,U,U,U,U,U,T,T,U,U,U,U,T,U,U,U,U,U,U,T,T,S,T,T,T,T,S,T,T,T,T,T,T,Q,S;","(c1.c2)[KL],(F-1.f.c1.c2)[L],g1[K],(F-1.f.c1.c2)[L],(f.g1.d1.d2)[L],(e1.e2)[KL],(A-2.A-1)[L],(A-2.e1)[L],(c1.c2)[L],(A-2.A-1)[L],(A-1.e1)[L],(c1.c2)[KL],(A-2.A-1.c1.c2)[L],e1[K],(A-2.A-1.c1.c2)[L],(A-1.d1.g1.g2)[L],(e1.e2)[L],A-2[K],(C-1.c)[L],(C-1.e1)[L],(c1.c2)[L],(C-1.c)[L],(c.e1)[L],(c1.c2)[KL],(F-1.f.c1.c2)[L],g1[K],(F-1.f.c1.c2)[L],(f.g1.d1.d2)[L],(e1.e2)[KL],(A-2.A-1)[L],(A-2.e1.c1.c2)[K],(A-2.A-1)[L],(A-1.e1)[J],(A-2.A-1)[L],e1[K],(A-2.A-1)[L],(A-1.d1)[K],(A-2.c1)[L],(c1.c2)[L],(A-1.e.a1.a2)[L],(A-1.e1.a1.a2)[L],(a1.a2)[L],(A-1.e.g1.g2)[L],(A-1.e1)[K],(g1.g2)[L],(g1.g2)[L],(F-2.F-1.e1.e2)[L],g1[L],(e1.e2)[L],(F-2.F-1.d1.d2)[L],(F-1.g1)[L],(c1.c2)[KL],(C-1.c)[L],(C-1.e1)[K],(C-1.c)[L],(c.e1)[J],(C-1.G-1)[L],e1[K],(C-1.G-1)[L],(c.d1)[K],C-1[L],(c1.c2)[L],(A-2.A-1.a1.a2)[L],(A-2.e1)[L],(a1.a2)[L],(A-2.A-1.g1.g2)[L],(A-1.e1)[K],(g1.g2)[L],(g1.g2)[L],(F-2.F-1.e1.e2)[L],g1[L],(e1.e2)[L],(F-2.F-1.d1.d2)[L],(F-1.g1)[L],(c1.c2)[KL],(C-1.c)[L],(C-1.e1.d1.d2)[L],(e1.e2)[L],(C-1.c)[L],(c.e1)[J],(C-1.G-1)[L],e1[K],(C-1.G-1)[L],(c.d1)[K],(C-1.c1.c2)[K],(A-1.e.c1.c2)[L],(A-1.e1)[L],(c1.c2)[L],(A-1.e)[L],(A-1.e1.c1.c2)[K],(e1.e2)[K],(F-2.F-1.d1.d2)[L],g1[K],(F-2.F-1.c1.c2)[L],(F-1.g1.c1.c2)[K],(b.b1)[K],(C-1.c.a.a1)[L],(C-1.e1)[K],(C-1.c)[L],(c.e1)[J],(C-1.G-1)[L],e1[K],(C-1.G-1)[L],(c.d1)[K],(C-1.c1.c2)[K],(A-2.A-1.c1.c2.c3)[L],(A-2.e1)[L],(c1.c2.c3)[L],(A-2.A-1)[L],(A-1.e1.c1.c2.c3)[K],(e1.e2.e3)[K],(F-2.F-1.d1.d2.d3)[L],g1[K],(F-2.F-1.c1.c2.c3)[L],(F-1.g1.c1.c2.c3)[K],(b.b1.b2)[K],(C-1.c.a.a1.a2)[L],(C-1.e1)[L],(g.g1.g2)[L],(C-1.c)[L],(c.e1.c1.c2.c3)[J],(C-1.G-1)[L],e1[L],c2[L],(C-1.G-1)[L],(c.d1.c2)[K],(C-1.c1.c2)[K],(A-2.c2.d2)[L],A-2[L],e2[L],(A-1.g2)[L],c2[K],(A-1.e2.c2)[K],(B-2.b1.g1)[K],g2[L],(B-1.c3)[L],c2[K],(B-1.c2)[K],(C-1.b2.d2)[L],C-1[L],e2[L],(c.g2)[L],c2[K],(c.e2.d2)[K],(C-1.d2)[K],(d2.c2)[L],(c.e2)[L],c2[K],(c.c2)[K],(A-2.c2.d2)[L],A-2[L],e2[L],(A-1.g2)[L],c2[K],(A-1.e2.c2)[K],(B-2.b1.g1)[K],g2[L],(B-1.c3)[L],c2[K],(B-1.e2.c2)[K],(C-1.b2.d2)[L],C-1[L],e2[L],(c.g2)[L],c2[K],(c.e2.d2)[K],(C-1.d2)[K],(d2.c2)[L],(c.e2)[L],c2[K],(c.c2)[K],(A-2.c2.d2.g2)[K],(A-2.e2.g2)[L],(A-1.g2)[L],(A-2.c2.g2)[K],(A-2.e2.c2)[K],(B-2.b1.g1.d2)[K],(B-2.g2)[L],(B-1.c3)[L],(B-2.c2)[K],(B-2.c2)[K],(C-1.b2.d2.g2)[K],(C-1.e2.g2)[L],(c.g2)[L],(C-1.c2.e2)[K],(C-1.e2.d2)[K],(C-1.d2)[K],(C-1.d2.c2)[L],(c.e2)[L],C-1[K],(C-1.c2)[K],(A-2.c2)[K],(A-2.c2)[L],(A-1.g2)[L],(A-2.c2)[K],(A-2.e2)[K],(B-2.b1.d2)[K],(B-2.g2)[L],(B-1.c3.c2)[L],(B-2.c2)[K],(B-2.e2.b1)[K],(C-1.b2.a1)[K],(C-1.g1)[L],(c.g2)[L],(C-1.c2)[K],(C-1.e2)[K],C-1[J],b1[J],(A-1.a.c1.e1.a1)[L],(A-1.a.c1.e1)[L],(a.c1.e1)[L],A-1[L],(e.a.c1.e1)[K],(A-1.a.c1.e1)[L],(f.a.c1.e1)[L],F-1[L],(a.c1.e1)[L],(a.c1.e1)[L],F-1[L],(f.a.c1.e1)[J],(c.g.c1.e1)[L],(c.g.c1.e1)[L],(g.c1.e1)[L],c[L],(e.g.c1.e1)[K],(c.g.c1.e1)[L],(e.g.c1.e1)[L],c[L],(g.c1.d1)[L],(g.c1.d1)[L],C-1[L],(c.g.c1.d1)[K],C-1[K],(A-1.a.c1.e1)[L],(A-1.a.c1.e1)[L],(a.c1.e1)[L],A-1[L],(e.a.c1.e1)[K],(A-1.a.c1.e1)[L],(f.a.c1.e1)[L],F-1[L],(a.c1.e1)[L],(a.c1.e1)[L],F-1[L],(f.a.c1.e1)[K],(c1.c2)[K],(c.g.c1.e1.c2)[L],(c.g.c1.e1)[L],(g.c1.e1.c2)[L],c[L],(e.g.c1.e1.c2)[K],(c.g.c1.e1.e2)[L],(e.g.c1.e1)[L],(c.d1.d2)[L],(g.c1.d1)[L],(g.c1.d1)[L],(C-1.c1.c2)[L],(c.g.c1.d1.c2)[K],(C-1.b.b1)[K],(A-1.c2)[J],g2[K],c2[K],F-1[K],e2[K],g2[J],(C-1.c2)[K],e2[K],g2[K],e2[K],b1[K],e2[K],g2[H],S;"],"id":3,"instruments":["piano","piano"],"alternatives":["",""]}],"audition":{"start":[0,0],"end":[2,272]}}