{"baseBpm":170,"musics":[{"bpm":170,"baseBeats":0.5,"scores":["a1[L],#c2[L],e2[L],a2[L],#c3[L],e3[L],d3[L],b2[L];#g2[L],e2[L],d2[L],b1[L],#c2[L],e2[L],d2[L],#c2[L];b1[L],a1[L],#g1[L],b1[L],a1[L],#g1[L],#f1[L],e1[L];a1[L],#c2[L],e2[L],a2[L],#c3[L],e3[L],d3[L],b2[L];#g2[L],e2[L],d2[L],b1[L],#c2[L],e2[L],d2[L],#c2[L];b1[L],a1[L],e2[K],T,T;a1[L],#c2[L],e2[L],a2[L],#c3[L],e3[L],d3[L],b2[L];#g2[L],e2[L],d2[L],b1[L],#c2[L],e2[L],d2[L],#c2[L];b1[L],a1[L],#g1[L],b1[L],a1[L],#g1[L],#f1[L],e1[L];a1[L],#c2[L],e2[L],a2[L],#c3[L],e3[L],","(a.#c1)[J],e1[K],(#g.e1)[JK];(a.e1)[JK];(e.e1)[J],d1[K];(a.#c1)[J],e1[K],(#g.e1)[JK];(a.e1)[JK];(e.e1)[K],b[K],d1[K];(a.#c1)[J],e1[K],(#g.e1)[JK];(a.e1)[JK];(e.e1)[J],d1[K];(a.#c1)[J],e1[K],"],"id":1,"instruments":["piano","piano"],"alternatives":["",""]},{"bpm":174,"baseBeats":0.5,"scores":["d3[L],b2[L],#g2[L],e2[L],d2[L],b1[L],#c2[L],e2[L];d2[L],#c2[L],b1[L],a1[L],e2[K],T;f2[K],U,#f2[L],#c2[L],d2[L],e2[L],#c2[L];e2[L],d2[L],b1[L],#c2[L],d2[L],b1[L],#d2[L],e2[L];b1[L],#c2[L],d2[L],b1[L],d2[L],#c2[L],a1[L],b1[L];#c2[L],a1[L],d2[L],#c2[L],d2[L],e2[L],#f2[L],#g2[L];a2[L],#g2[L],a2[L],e2[L],#f2[L],d2[L],#c2[L],c2[L];#c2[L],e2[L],d2[L],b1[L],a1[L],b1[L],#c2[L],d2[L];e2[L],f2[L],U,#f2[L],#c2[L],d2[L],e2[L],#c2[L];e2[L],d2[L],b1[L],#c2[L],d2[L],b1[L],","(#g.e1)[JK],(a.e1)[JK];(e.e1)[K],(#c1.e1)[K];(b.d1)[K],(#a.#c1)[JK];(b.d1)[JK],(#g.b)[JK];(a.#c1)[JK];(#f.a)[J],d[K];(#c.a)[J],d[K],(e.a)[J];#g[K],(a.#c1)[L],d1[L],e1[L],d1[L];#c1[L],b[L],(#a.#c1)[JK];(b.d1)[JK],"],"id":2,"instruments":["piano","piano"],"alternatives":["",""]},{"bpm":178,"baseBeats":0.5,"scores":["#d2[L],e2[L],b1[L],#c2[L],d2[L],b1[L],d2[L],#c2[L];a1[L],b1[L],#c2[L],a1[L],d2[L],#c2[L],d2[L],e2[L];#f2[L],#g2[L],a2[L],#g2[L],a2[L],e2[L],#f2[L],d2[L];#c2[L],c2[L],#c2[L],e2[L],d2[L],b1[L],a1[J];e2[K],f2[L],e2[L],c2[K];e2[K],f2[L],e2[L],b1[K],e2[K];e2[K],T,#g1[K],a1[L],U;U,U,e2[L],U,f2[L],e2[L],c2[K];e2[K],f2[L],e2[L],b1[K],e2[K];e2[K],T,#g1[K],a1[J];","(#g.b)[JK],(a.#c1)[JK];(#f.a)[J];d[K],(#c.a)[J],d[K];(e.a)[J],#g[K],a[J];T,(a.c1)[JK];(#g.b)[JK];(e.b)[K],c1[K],d1[K],(a.c1)[L],d1[L];e1[L],d1[L],c1[L],b[L],(a.c1)[JK];(#g.b)[JK];e[K],c1[K],d1[K],(a.c1)[J];"],"id":3,"instruments":["piano","piano"],"alternatives":["",""]}],"audition":{"start":[0,0],"end":[0,42]}}