{"baseBpm":192,"musics":[{"bpm":192,"baseBeats":0.75,"scores":["mute[KL],mute[IJLM],mute[LM],mute[LM],mute[LM],mute[LM],mute[LM],mute[LM],mute[LM],mute[LM],mute[LM],mute[LM],mute[LM],mute[LM],mute[LM],mute[LM],mute[LM],mute[LM],mute[LM],mute[LM],mute[LM],mute[LM],mute[LM],mute[LM],mute[LM],mute[LM],mute[LM],mute[LM],mute[LM],mute[LM],mute[LM],mute[LM],mute[LM],mute[LM],mute[LM],mute[LM],mute[LM],mute[LM],mute[LM],mute[LM],mute[LM],mute[LM],mute[LM],mute[LM],mute[LM],mute[LM],mute[LM],mute[LM],mute[LM],mute[LM],mute[LM],mute[LM],mute[LM],mute[LM],mute[LM],mute[LM],mute[LM],mute[LM],mute[LM],mute[LM],mute[LM],mute[LM],mute[LM],mute[LM],mute[LM],mute[KL],mute[KL],5<UV>,5<UV>,5<UV>,5<UV>,5<UV>,5<UV>,5<UV>,5<UV>,mute[LM],mute[LM],mute[LM],mute[LM],mute[LM],mute[LM],mute[LM],mute[LM],mute[LM],mute[LM],mute[LM],mute[LM],mute[LM],mute[LM],mute[LM],mute[LM],mute[LM],mute[LM],mute[LM],mute[LM],mute[LM],mute[LM],mute[LM],mute[LM],mute[LM],mute[LM],mute[LM],mute[LM],mute[LM],mute[LM],mute[LM],mute[LM],mute[LM],mute[LM],mute[LM],mute[LM],mute[LM],mute[LM],mute[LM],mute[LM],mute[LM],mute[LM],mute[LM],mute[LM],mute[LM],mute[LM],mute[LM],mute[LM],mute[LM],mute[LM],mute[LM],mute[LM],mute[LM],mute[LM],mute[LM],mute[LM],mute[LM],mute[LM],mute[LM],mute[LM],mute[LM],mute[LM],mute[LM],mute[LM],mute[KL],mute[LM],mute[LM],mute[LM],mute[LM],mute[LM],mute[LM],mute[LM],mute[LM],mute[LM],mute[LM],mute[LM],mute[LM],mute[LM],mute[LM],mute[LM],mute[LM],mute[LM],mute[LM],mute[LM],mute[LM],mute[LM],mute[LM],mute[LM],mute[LM],5<UV>,mute[LM],mute[LM],mute[LM],mute[LM],mute[LM],mute[LM],mute[LM],mute[LM],mute[LM],5<UV>,5<UV>,5<UV>,5<UV>,mute[LM],mute[LM],mute[LM],mute[LM],mute[LM],mute[LM],mute[LM],mute[LM],mute[LM],mute[LM],mute[LM],mute[LM],mute[LM],mute[LM],mute[LM],mute[LM],mute[LM],mute[LM],mute[LM],mute[LM],mute[LM],mute[LM],mute[LM],mute[LM],mute[LM],mute[LM],mute[LM],mute[LM],mute[LM],mute[LM],mute[LM],mute[LM],mute[KL],mute[KL],mute[LM],mute[LM],mute[LM],mute[LM],mute[LM],mute[LM],mute[LM],mute[LM],5<UV>,5<UV>,mute[LM],mute[LM],mute[KL],mute[LM],mute[LM],mute[LM],mute[LM],mute[LM],mute[LM],mute[LM],mute[LM],mute[LM],mute[LM],mute[LM],mute[LM],mute[LM],mute[LM],mute[LM],mute[LM],mute[LM],mute[LM],mute[LM],mute[LM],mute[LM],mute[LM],mute[LM],mute[LM],5<UV>,mute[LM],mute[LM],mute[LM],mute[LM],mute[LM],mute[LM],mute[LM],mute[LM],mute[LM],mute[LM],mute[LM],mute[LM],mute[LM],mute[LM],mute[LM],mute[LM],mute[LM],mute[LM],mute[LM],mute[LM],mute[LMN],mute[KLMN],mute[KL],mute[LM],mute[LM],mute[LM],mute[LM],mute[LM],mute[LM],mute[LM],mute[LM],mute[LM],mute[LM],mute[LM],mute[LM],mute[LM],mute[LM],mute[LM],mute[LM],mute[LM],mute[LM],mute[LM],mute[LM],mute[LM],mute[LM],mute[LM],mute[LM],mute[LM],mute[LM],5<UV>,mute[LM],5<UV>,mute[LM],mute[LM],mute[LM],mute[LM],mute[LM],mute[LM],mute[LM],mute[LM],mute[LM],mute[LM],mute[LM],mute[LM],mute[LM],mute[LM],mute[LM],mute[LM],mute[LM],mute[LM],mute[LM],5<UV>,5<UV>,5<UV>,5<UV>,mute[LM],mute[LM],mute[LM],mute[LM],mute[LM],mute[LM],mute[LM],mute[LM],mute[LM],mute[LM],mute[LM],mute[LM],mute[LM],mute[LM],mute[LM],mute[LM],mute[LM],mute[LM],mute[LM],mute[LM],mute[LM],mute[LM],mute[LM],mute[LM],5<UV>,5<UV>,5<UV>,5<UV>,mute[LM],mute[LM],mute[LM],mute[LM],mute[LM],5<UV>,5<UV>,mute[LM],mute[LM],mute[LM],mute[LM],mute[LM],mute[KL],mute[LM],mute[LM],mute[LM],mute[LM],mute[LM],mute[LM],mute[LM],mute[LM],mute[LM],mute[LM],mute[LM],mute[LM],mute[LM],mute[LM],mute[LM],mute[LM],mute[LM],mute[LM],mute[JK],mute[IJKL],mute[KL],mute[IJLM],mute[LM],mute[LM],mute[LM],mute[LM],mute[LM],mute[LM],mute[LM],mute[LM],mute[LM],mute[LM],mute[LM],mute[LM],mute[LM],mute[LM],mute[LM],mute[LM],mute[LM],mute[LM],mute[LM],mute[LM],mute[LM],mute[LM],mute[LM],mute[LM],mute[LM],mute[LM],mute[LM],mute[LM],mute[LM],mute[LM],mute[LM],mute[LM],mute[LM],mute[LM],mute[LM],mute[LM],mute[LM],mute[LM],mute[LM],mute[LM],mute[LM],mute[LM],mute[LM],mute[LM],mute[LM],mute[LM],mute[LM],mute[LM],mute[LM],mute[LM],mute[LM],mute[LM],mute[LM],mute[LM],mute[LM],mute[LM],mute[LM],mute[LM],mute[LM],mute[LM],mute[LM],mute[LM],mute[LM],mute[KL],mute[KL],5<UV>,5<UV>,5<UV>,5<UV>,5<UV>,5<UV>,5<UV>,5<UV>,mute[LM],mute[LM],mute[LM],mute[LM],mute[LM],mute[LM],mute[LM],mute[LM],mute[LM],mute[LM],mute[LM],mute[LM],mute[LM],mute[LM],mute[LM],mute[LM],mute[LM],mute[LM],mute[LM],mute[LM],mute[LM],mute[LM],mute[LM],mute[LM],mute[LM],mute[LM],mute[LM],mute[LM],mute[LM],mute[LM],mute[LM],mute[LM],mute[LM],mute[LM],mute[LM],mute[LM],mute[LM],mute[LM],mute[LM],mute[LM],mute[LM],mute[LM],mute[LM],mute[LM],mute[LM],mute[LM],mute[LM],mute[LM],mute[LM],mute[LM],mute[LM],mute[LM],mute[LM],mute[LM],mute[LM],mute[LM],mute[LM],mute[LM],mute[LM],mute[LM],mute[LM],mute[LM],mute[LM],mute[LM],mute[KL],mute[LM],mute[LM],mute[LM],mute[LM],mute[LM],mute[LM],mute[LM],mute[LM],mute[LM],mute[LM],mute[LM],mute[LM],mute[LM],mute[LM],mute[LM],mute[LM],mute[LM],mute[LM],mute[LM],mute[LM],mute[LM],mute[LM],mute[LM],mute[LM],5<UV>,mute[LM],mute[LM],mute[LM],mute[LM],mute[LM],mute[LM],mute[LM],mute[LM],mute[LM],5<UV>,5<UV>,5<UV>,5<UV>,mute[LM],mute[LM],mute[LM],mute[LM],mute[LM],mute[LM],mute[LM],mute[LM],mute[LM],mute[LM],mute[LM],mute[LM],mute[LM],mute[LM],mute[LM],mute[LM],mute[LM],mute[LM],mute[LM],mute[LM],mute[LM],mute[LM],mute[LM],mute[LM],mute[LM],mute[LM],mute[LM],mute[LM],mute[LM],mute[LM],mute[LM],mute[LM],mute[KL],mute[KL],mute[LM],mute[LM],mute[LM],mute[LM],mute[LM],mute[LM],mute[LM],mute[LM],5<UV>,5<UV>,mute[LM],mute[LM],mute[KL],mute[LM],mute[LM],mute[LM],mute[LM],mute[LM],mute[LM],mute[LM],mute[LM],mute[LM],mute[LM],mute[LM],mute[LM],mute[LM],mute[LM],mute[LM],mute[LM],mute[LM],mute[LM],mute[LM],mute[LM],mute[LM],mute[LM],mute[LM],mute[LM],5<UV>,mute[LM],mute[LM],mute[LM],mute[LM],mute[LM],mute[LM],mute[LM],mute[LM],mute[LM],mute[LM],mute[LM],mute[LM],mute[LM],mute[LM],mute[LM],mute[LM],mute[LM],mute[LM],mute[LM],mute[LM],mute[K],mute[KLMN],mute[KL],mute[LM],mute[LM],mute[LM],mute[LM],mute[LM],mute[LM],mute[LM],mute[LM],mute[LM],mute[LM],mute[LM],mute[LM],mute[LM],mute[LM],mute[LM],mute[LM],mute[LM],mute[LM],mute[LM],mute[LM],mute[LM],mute[LM],mute[LM],mute[LM],mute[LM],mute[LM],5<UV>,mute[LM],5<UV>,mute[LM],mute[LM],mute[LM],mute[LM],mute[LM],mute[LM],mute[LM],mute[LM],mute[LM],mute[LM],mute[LM],mute[LM],mute[LM],mute[LM],mute[LM],mute[LM],mute[LM],mute[LM],mute[LM],5<UV>,5<UV>,5<UV>,5<UV>,mute[LM],mute[LM],mute[LM],mute[LM],mute[LM],mute[LM],mute[LM],mute[LM],mute[LM],mute[LM],mute[LM],mute[LM],mute[LM],mute[LM],mute[LM],mute[LM],mute[LM],mute[LM],mute[LM],mute[LM],mute[LM],mute[LM],mute[LM];","c3[KL],(#d2.g2.c3.c.c1)[IJLM],g2[LM],#g2[LM],f2[LM],g2[LM],d2[LM],#d2[LM],b1[LM],c2[LM],g1[LM],#g1[LM],f1[LM],g1[LM],d1[LM],#d1[LM],b[LM],c1[LM],g[LM],#g[LM],f[LM],g[LM],d[LM],#d[LM],B-1[LM],c[LM],c1[LM],#a[LM],#g[LM],g[LM],f[LM],#d[LM],d[LM],(#d2.c)[LM],c1[LM],(g1.#d1)[LM],c1[LM],(g2.c)[LM],c1[LM],(g1.#d1)[LM],c1[LM],(f2.c)[LM],c1[LM],(g1.f1)[LM],c1[LM],(#g2.c)[LM],c1[LM],(g1.f1)[LM],c1[LM],(#d2.c)[LM],c1[LM],(g1.#d1)[LM],c1[LM],(g2.c)[LM],c1[LM],(g1.#d1)[LM],c1[LM],(b1.g)[LM],g2[LM],d2[LM],b1[LM],g1[LM],g[LM],d[LM],B-1[LM],G-1[KL],g2[KL],g2[M],#g2[M],g2[M],#g2[M],g2[M],#g2[M],g2[M],#g2[M],g2[M],#g2[M],g2[M],#g2[M],(g2.c2)[M],#g2[M],g2[M],(#g2.g1)[M],g2[M],#g2[M],(g2.b1)[M],#g2[M],g2[M],(#g2.g1)[M],g2[M],#g2[M],(#d2.g2.c2)[LM],g1[LM],(d2.b1)[LM],g1[LM],d2[LM],g1[LM],c2[LM],g1[LM],(f2.d2)[LM],g1[LM],(#d2.c2)[LM],g1[LM],(g2.#d)[LM],#d2[LM],(d2.c1)[LM],c2[LM],(#g2.f)[LM],c1[LM],(f1.b)[LM],a[LM],(g1.g)[LM],#d[LM],d[LM],c[LM],g[LM],B-1[LM],(g1.A-1)[LM],G-1[LM],(g2.#d)[LM],g[LM],(f2.d)[LM],g[LM],(#d2.c)[LM],(d2.g)[LM],(#d2.B-1)[LM],(f2.g)[LM],(#d2.c)[LM],g[LM],a[LM],(d2.b)[LM],(c2.c1)[LM],d1[LM],(g2.#d1)[LM],c1[LM],(f2.d1)[LM],#g2[LM],(f2.f)[LM],#d2[LM],(d2.#g)[LM],f2[LM],(d2.f)[LM],c2[LM],(b1.g)[LM],a[LM],b[LM],c1[LM],d1[LM],#d1[LM],(d2.f1)[LM],g[LM],f[LM],#d2[LM],(f2.#g)[LM],g2[LM],(#g2.d1)[KL],(#g1.f)[LM],g1[LM],(g1.#d)[LM],f[LM],g[LM],c[LM],B-1[LM],c[LM],(g1.d)[LM],G-1[LM],(c2.#G-1)[LM],(#d2.c1)[LM],(d2.b)[LM],(c2.c1)[LM],(c2.G-1)[LM],(#d2.c1)[LM],(d2.b)[LM],(c2.c1)[LM],(c2.#G-1)[LM],c1[LM],b[LM],c1[LM],g[LM],f[LM],(c2.#d)[M],d[L],c[LM],(d2.G-1)[LM],c1[LM],(d2.b)[LM],(#d2.c1)[LM],(d2.#G-1)[LM],(#d2.c1)[LM],(d2.b)[LM],(c2.c1)[LM],(d2.G-1)[M],#d2[M],d2[M],(#d2.c1)[M],d2[M],#d2[M],(d2.b)[M],#d2[M],d2[M],(#d2.c1)[M],d2[M],#d2[M],(d2.b)[LM],a[LM],(d2.g)[LM],f[LM],(g2.#d)[LM],c2[LM],(b1.c1)[LM],c2[LM],(#g2.f)[LM],g2[LM],(g2.c1)[LM],f2[LM],(f2.g)[LM],b[LM],a[LM],b[LM],d1[LM],#g[LM],(f2.g)[LM],f[LM],(g2.#d)[LM],#d2[LM],(d2.f)[LM],c2[LM],(c2.g)[LM],#d2[LM],(d2.G-1)[LM],c2[LM],(#d1.g1.c2.c1)[LM],c[LM],B-1[LM],c[LM],C-1[KL],g1[KL],(#g1.c)[LM],#a1[LM],(c2.#d)[LM],d2[LM],(#d2.#g)[LM],f2[LM],(f2.d)[LM],#g1[LM],(g1.#d)[M],#g1[M],g1[M],(#g1.f)[M],g1[M],#g1[M],(g1.g)[LM],#g[LM],#a[KL],(g1.#A-1)[LM],f1[LM],(f1.#G-1)[LM],g1[LM],(#g1.c)[LM],#a1[LM],(c2.f)[LM],f1[LM],(f1.A-1)[LM],#d1[LM],(d1.#A-1)[LM],c[LM],d[LM],#d[LM],f[LM],f1[LM],(f1.#G-1)[LM],#a1[LM],(#a1.G-1)[LM],#g1[LM],(#g1.#A-1)[LM],g1[LM],(g1.#d)[LM],f1[LM],(f1.#A-1)[M],g1[L],#g1[LM],(g1.#d)[LM],f[LM],g[LM],#g[LM],#a[LM],#a1[LM],(#a1.d)[LM],#d2[LM],(#d2.c)[LM],#a1[LM],(c2.#d)[LM],a1[LM],(#a1.g)[LM],g1[LM],(#d2.c)[LM],g1[LM],(#f1.d)[LM],d1[LM],a[LM],#f[LMN],d[KLMN],c2[KL],(c2.#d1)[LM],d1[LM],(c2.c1)[LM],#a[LM],a[LM],g[LM],(a2.#f)[LM],(c2.e)[LM],(c2.d)[LM],c1[LM],#d1[LM],c1[LM],a[LM],c1[LM],#f[LM],c1[LM],(#f1.d)[LM],#d1[LM],d1[LM],(#d2.c1)[LM],(d2.d)[LM],c1[LM],#a[LM],(c2.a)[LM],(d2.#a)[LM],(#a1.g)[LM],(#a1.d)[MN],c2[MN],(d2.g)[LM],(c2.a)[MN],#a1[MN],(a1.#f)[LM],(a1.d)[LM],#f[LM],a[LM],d1[LM],#f[LM],a[LM],(d2.d)[LM],c2[LM],#d2[LM],d2[LM],d2[LM],c1[LM],(d2.#a)[LM],a[LM],#a[LM],c3[LM],(#a2.d)[LM],d2[LM],c2[M],d2[M],c2[M],(d2.#a)[M],c2[M],d2[M],(c2.a)[M],d2[M],c2[M],(d2.g)[M],c2[M],d2[M],(c2.a)[LM],#a2[LM],(a2.d)[LM],c2[LM],#a1[LM],a[LM],(#a1.g)[LM],#f[LM],g[LM],a2[LM],(g2.d)[LM],#a1[LM],(a1.d1)[LM],c3[LM],g1[LM],#a2[LM],#f1[LM],a2[LM],e1[LM],g2[LM],(d1.d)[LM],(g2.#f1)[LM],(#f2.c)[LM],(e2.#d1)[LM],(d2.#A-1)[M],e2[M],d2[M],(e2.d1)[M],d2[M],e2[M],(d2.A-1)[M],e2[M],d2[M],(e2.c1)[M],d2[M],e2[M],(d2.#A-1)[LM],d1[LM],A-1[LM],c1[LM],G-1[LM],g2[MN],f2[MN],(#d2.c1)[MN],d2[MN],c2[LM],(d2.#a)[LM],g2[LM],(#f2.c1)[LM],g2[LM],(#a1.d1)[KL],(a1.d)[LM],g1[LM],(g1.G-1.g)[LM],#a[LM],d1[LM],g1[LM],#f1[LM],a[LM],c1[LM],#f1[LM],(#a.d1.g1.g)[LM],G-1[LM],#A-1[LM],d[LM],g[LM],a[LM],c1[LM],#f1[LM],(#a.d1.g1)[JK],G-1[IJKL],c3[KL],(#d2.g2.c3.c.c1)[IJLM],g2[LM],#g2[LM],f2[LM],g2[LM],d2[LM],#d2[LM],b1[LM],c2[LM],g1[LM],#g1[LM],f1[LM],g1[LM],d1[LM],#d1[LM],b[LM],c1[LM],g[LM],#g[LM],f[LM],g[LM],d[LM],#d[LM],B-1[LM],c[LM],c1[LM],#a[LM],#g[LM],g[LM],f[LM],#d[LM],d[LM],(#d2.c)[LM],c1[LM],(g1.#d1)[LM],c1[LM],(g2.c)[LM],c1[LM],(g1.#d1)[LM],c1[LM],(f2.c)[LM],c1[LM],(g1.f1)[LM],c1[LM],(#g2.c)[LM],c1[LM],(g1.f1)[LM],c1[LM],(#d2.c)[LM],c1[LM],(g1.#d1)[LM],c1[LM],(g2.c)[LM],c1[LM],(g1.#d1)[LM],c1[LM],(b1.g)[LM],g2[LM],d2[LM],b1[LM],g1[LM],g[LM],d[LM],B-1[LM],G-1[KL],g2[KL],g2[M],#g2[M],g2[M],#g2[M],g2[M],#g2[M],g2[M],#g2[M],g2[M],#g2[M],g2[M],#g2[M],(g2.c2)[M],#g2[M],g2[M],(#g2.g1)[M],g2[M],#g2[M],(g2.b1)[M],#g2[M],g2[M],(#g2.g1)[M],g2[M],#g2[M],(#d2.g2.c2)[LM],g1[LM],(d2.b1)[LM],g1[LM],d2[LM],g1[LM],c2[LM],g1[LM],(f2.d2)[LM],g1[LM],(#d2.c2)[LM],g1[LM],(g2.#d)[LM],#d2[LM],(d2.c1)[LM],c2[LM],(#g2.f)[LM],c1[LM],(f1.b)[LM],a[LM],(g1.g)[LM],#d[LM],d[LM],c[LM],g[LM],B-1[LM],(g1.A-1)[LM],G-1[LM],(g2.#d)[LM],g[LM],(f2.d)[LM],g[LM],(#d2.c)[LM],(d2.g)[LM],(#d2.B-1)[LM],(f2.g)[LM],(#d2.c)[LM],g[LM],a[LM],(d2.b)[LM],(c2.c1)[LM],d1[LM],(g2.#d1)[LM],c1[LM],(f2.d1)[LM],#g2[LM],(f2.f)[LM],#d2[LM],(d2.#g)[LM],f2[LM],(d2.f)[LM],c2[LM],(b1.g)[LM],a[LM],b[LM],c1[LM],d1[LM],#d1[LM],(d2.f1)[LM],g[LM],f[LM],#d2[LM],(f2.#g)[LM],g2[LM],(#g2.d1)[KL],(#g1.f)[LM],g1[LM],(g1.#d)[LM],f[LM],g[LM],c[LM],B-1[LM],c[LM],(g1.d)[LM],G-1[LM],(c2.#G-1)[LM],(#d2.c1)[LM],(d2.b)[LM],(c2.c1)[LM],(c2.G-1)[LM],(#d2.c1)[LM],(d2.b)[LM],(c2.c1)[LM],(c2.#G-1)[LM],c1[LM],b[LM],c1[LM],g[LM],f[LM],(c2.#d)[MN],d[MN],c[LM],(d2.G-1)[LM],c1[LM],(d2.b)[LM],(#d2.c1)[LM],(d2.#G-1)[LM],(#d2.c1)[LM],(d2.b)[LM],(c2.c1)[LM],(d2.G-1)[M],#d2[M],d2[M],(#d2.c1)[M],d2[M],#d2[M],(d2.b)[M],#d2[M],d2[M],(#d2.c1)[M],d2[M],#d2[M],(d2.b)[LM],a[LM],(d2.g)[LM],f[LM],(g2.#d)[LM],c2[LM],(b1.c1)[LM],c2[LM],(#g2.f)[LM],g2[LM],(g2.c1)[LM],f2[LM],(f2.g)[LM],b[LM],a[LM],b[LM],d1[LM],#g[LM],(f2.g)[LM],f[LM],(g2.#d)[LM],#d2[LM],(d2.f)[LM],c2[LM],(c2.g)[LM],#d2[LM],(d2.G-1)[LM],c2[LM],(#d1.g1.c2.c1)[LM],c[LM],B-1[LM],c[LM],C-1[KL],g1[KL],(#g1.c)[LM],#a1[LM],(c2.#d)[LM],d2[LM],(#d2.#g)[LM],f2[LM],(f2.d)[LM],#g1[LM],(g1.#d)[M],#g1[M],g1[M],(#g1.f)[M],g1[M],#g1[M],(g1.g)[LM],#g[LM],#a[KL],(g1.#A-1)[LM],f1[LM],(f1.#G-1)[LM],g1[LM],(#g1.c)[LM],#a1[LM],(c2.f)[LM],f1[LM],(f1.A-1)[LM],#d1[LM],(d1.#A-1)[LM],c[LM],d[LM],#d[LM],f[LM],f1[LM],(f1.#G-1)[LM],#a1[LM],(#a1.G-1)[LM],#g1[LM],(#g1.#A-1)[LM],g1[LM],(g1.#d)[LM],f1[LM],(f1.#A-1)[MN],g1[MN],#g1[LM],(g1.#d)[LM],f[LM],g[LM],#g[LM],#a[LM],#a1[LM],(#a1.d)[LM],#d2[LM],(#d2.c)[LM],#a1[LM],(c2.#d)[LM],a1[LM],(#a1.g)[LM],g1[LM],(#d2.c)[LM],g1[LM],(#f1.d)[LM],d1[LM],a[LM],#f[K],d[KLMN],c2[KL],(c2.#d1)[LM],d1[LM],(c2.c1)[LM],#a[LM],a[LM],g[LM],(a2.#f)[LM],(c2.e)[LM],(c2.d)[LM],c1[LM],#d1[LM],c1[LM],a[LM],c1[LM],#f[LM],c1[LM],(#f1.d)[LM],#d1[LM],d1[LM],(#d2.c1)[LM],(d2.d)[LM],c1[LM],#a[LM],(c2.a)[LM],(d2.#a)[LM],(#a1.g)[LM],(#a1.d)[MN],c2[MN],(d2.g)[LM],(c2.a)[MN],#a1[MN],(a1.#f)[LM],(a1.d)[LM],#f[LM],a[LM],d1[LM],#f[LM],a[LM],(d2.d)[LM],c2[LM],#d2[LM],d2[LM],d2[LM],c1[LM],(d2.#a)[LM],a[LM],#a[LM],c3[LM],(#a2.d)[LM],d2[LM],c2[M],d2[M],c2[M],(d2.#a)[M],c2[M],d2[M],(c2.a)[M],d2[M],c2[M],(d2.g)[M],c2[M],d2[M],(c2.a)[LM],#a2[LM],(a2.d)[LM],c2[LM],#a1[LM],a[LM],(#a1.g)[LM],#f[LM],g[LM],a2[LM],(g2.d)[LM],#a1[LM],(a1.d1)[LM],c3[LM],g1[LM],#a2[LM],#f1[LM],a2[LM],e1[LM],g2[LM],(d1.d)[LM],(g2.#f1)[LM],(#f2.c)[LM];"],"id":1,"instruments":["piano","piano"],"alternatives":["",""]},{"bpm":192,"baseBeats":0.75,"scores":["mute[LM],5<UV>,5<UV>,5<UV>,5<UV>,mute[LM],mute[LM],mute[LM],mute[LM],mute[LM],5<UV>,5<UV>,mute[LM],mute[LM],mute[LM],mute[LM],mute[LM],mute[KL],mute[LM],mute[LM],mute[LM],mute[LM],mute[LM],mute[LM],mute[LM],mute[LM],mute[LM],mute[LM],mute[LM],mute[LM],mute[LM],mute[LM],mute[LM],mute[LM],mute[LM],mute[LM],mute[JK],mute[IJKL],mute[KL],mute[IJLM],mute[LM],mute[LM],mute[LM],mute[LM],mute[LM],mute[LM],mute[LM],mute[LM],mute[LM],mute[LM],mute[LM],mute[LM],mute[LM],mute[LM],mute[LM],mute[LM],mute[LM],mute[LM],mute[LM],mute[LM],mute[LM],mute[LM],mute[LM],mute[LM],mute[LM],mute[LM],mute[LM],mute[LM],mute[LM],mute[LM],mute[LM],mute[LM],mute[LM],mute[LM],mute[LM],mute[LM],mute[LM],mute[LM],mute[LM],mute[LM],mute[LM],mute[LM],mute[LM],mute[LM],mute[LM],mute[LM],mute[LM],mute[LM],mute[LM],mute[LM],mute[LM],mute[LM],mute[LM],mute[LM],mute[LM],mute[LM],mute[LM],mute[LM],mute[LM],mute[LM],mute[LM],mute[LM],mute[LM],mute[KL],mute[KL],5<UV>,5<UV>,5<UV>,5<UV>,mute[LM],mute[LM],mute[LM],mute[LM],mute[LM],mute[LM],mute[LM],mute[LM],mute[LM],mute[LM],mute[LM],mute[LM],mute[LM],mute[LM],mute[LM],mute[LM],mute[LM],mute[LM],mute[LM],mute[LM],mute[LM],mute[LM],mute[LM],mute[LM],5<UV>,5<UV>,mute[LM],mute[LM],mute[LM],mute[LM],mute[LM],mute[LM],mute[LM],mute[LM],mute[LM],mute[LM],mute[LM],mute[LM],mute[LM],mute[LM],mute[LM],mute[LM],mute[LM],mute[LM],mute[LM],mute[LM],mute[LM],mute[LM],mute[LM],mute[LM],mute[LM],mute[LM],mute[LM],mute[LM],mute[LM],mute[LM],mute[LM],mute[LM],mute[LM],mute[LM],mute[LM],mute[LM],mute[LM],mute[LM],mute[LM],mute[LM],mute[LM],mute[LM],mute[LM],mute[LM],mute[LM],mute[LM],mute[LM],mute[LM],mute[LM],mute[LM],mute[LM],mute[LM],mute[LM],mute[LM],mute[LM],mute[LM],mute[LM],mute[LM],mute[LM],mute[LM],mute[LM],mute[LM],mute[LM],mute[LM],mute[LM],mute[LM],mute[LM],mute[LM],mute[LM],mute[LM],mute[LM],mute[LM],mute[LM],mute[LM],mute[LM],mute[LM],mute[LM],mute[LM],mute[LM],mute[LM],mute[LM],mute[LM],mute[LM],mute[LM],mute[LM],mute[LM],mute[LM],mute[LM],mute[LM],mute[LM],mute[LM],mute[LM],mute[LM],mute[LM],mute[LM],mute[LM],mute[LM],mute[LM],mute[LM],mute[LM],mute[LM],mute[LM],mute[LM],mute[LM],mute[LM],mute[LM],mute[LM],mute[LM],mute[LM],mute[LM],mute[LM],mute[LM],mute[LM],mute[LM],mute[LM],mute[LM],mute[LM],mute[LM],mute[LM],mute[LM],mute[LM],mute[LM],mute[LM],mute[LM],mute[LM],mute[LM],mute[LM],mute[LM],mute[LM],mute[LM],mute[KL],mute[LM],mute[LM],mute[LM],mute[LM],mute[LM],mute[KM],mute[KLN],mute[KL],mute[LM],mute[LM],mute[LM],mute[LM],mute[LM],mute[LM],mute[LM],mute[LM],mute[LM],mute[LM],mute[LM],mute[LM],mute[LM],mute[LM],mute[LM],mute[LM],mute[LM],mute[LM],mute[LM],mute[LM],mute[LM],mute[LM],mute[LM],mute[LM],mute[LM],mute[LM],mute[LM],mute[LM],mute[LM],mute[LM],mute[LM],mute[LM],mute[LM],mute[LM],mute[LM],mute[LM],mute[LM],mute[LM],mute[LM],mute[LM],mute[LM],mute[LM],mute[LM],mute[LM],mute[LM],mute[LM],mute[LM],mute[LM],mute[LM],mute[LM],mute[LM],mute[LM],mute[LM],mute[LM],mute[LM],mute[LM],mute[LM],mute[LM],mute[LM],mute[LM],mute[LM],mute[LM],mute[LM],mute[LM],mute[LM],mute[LM],mute[LM],mute[LM],mute[LM],mute[LM],mute[LM],mute[LM],mute[LM],mute[LM],mute[LM],mute[LM],mute[LM],mute[LM],mute[LM],mute[LM],mute[LM],mute[LM],mute[LM],mute[LM],mute[LM],mute[LM],mute[LM],mute[LM],mute[LM],mute[LM],mute[LM],mute[LM],mute[LM],mute[LM],mute[LM],mute[LM],mute[LM],mute[LM],mute[LM],mute[LM],mute[LM],mute[LM],mute[LM],mute[LM],mute[LM],mute[LM],mute[LM],mute[LM],mute[LM],mute[LM],mute[LM],mute[LM],mute[LM],mute[LM],mute[LM],mute[LM],mute[LM],mute[LM],mute[LM],mute[LM],mute[LM],mute[LM],mute[LM],mute[LM],mute[LM],mute[LM],mute[LM],mute[LM],mute[LM],mute[LM],mute[LM],mute[LM],mute[LM],mute[LM],mute[LM],mute[LM],mute[LM],mute[LM],mute[LM],mute[LM],mute[LM],mute[LM],mute[LM],mute[LM],mute[LM],mute[LM],mute[LM],mute[LM],mute[LM],mute[LM],mute[LM],mute[LM],mute[LM],mute[LM],mute[LM],mute[LM],mute[LM],mute[LM],mute[LM],mute[LM],mute[LM],mute[LM],mute[LM],mute[LM],mute[LM],mute[LM],mute[LM],mute[LM],mute[LM],mute[LM],mute[LM],mute[LM],mute[LM],mute[LM],mute[LM],mute[LM],mute[LM],mute[LM],mute[LM],mute[LM],mute[LM],mute[LM],mute[LM],mute[LM],mute[LM],mute[LM],mute[LM],mute[LM],mute[IL],mute[KL],5<UV>,5<UV>,5<UV>,5<UV>,mute[LM],mute[LM],mute[LM],mute[LM],mute[LM],mute[LM],mute[LM],mute[LM],mute[LM],mute[LM],mute[LM],mute[LM],mute[LM],mute[LM],mute[LM],mute[LM],mute[LM],mute[LM],mute[LM],mute[LM],mute[LM],mute[LM],mute[LM],mute[LM],mute[LM],mute[LM],mute[LM],mute[LM],mute[LM],mute[LM],mute[LM],mute[LM],mute[LM],mute[LM],mute[LM],mute[LM],mute[LM],mute[LM],mute[LM],mute[LM],mute[LM],mute[LM],mute[LM],mute[LM],mute[LM],mute[LM],mute[LM],mute[LM],mute[LM],mute[LM],mute[LM],mute[LM],mute[LM],mute[LM],mute[LM],mute[LM],mute[LM],mute[LM],mute[LM],mute[LM],mute[LM],mute[LM],mute[LM],mute[LM],mute[LM],mute[LM],mute[LM],mute[LM],mute[KL],mute[LM],mute[LM],mute[LM],mute[LM],mute[LM],mute[LM],mute[LM],mute[LM],mute[LM],mute[LM],mute[LM],mute[LM],mute[LM],mute[LM],mute[LM],mute[LM],mute[LM],mute[LM],mute[LM],mute[LM],mute[LM],mute[LM],mute[LM],mute[LM],5<UV>,mute[LM],mute[LM],mute[LM],mute[LM],mute[LM],mute[LM],mute[LM],mute[LM],mute[LM],mute[LM],mute[LM],mute[LM],mute[LM],mute[LM],mute[LM],mute[LM],mute[LM],mute[LM],mute[LM],mute[LM],mute[LM],mute[LM],mute[LM],mute[LM],mute[LM],mute[LM],mute[LM],mute[LM],mute[LM],mute[LM],mute[LM],mute[LM],mute[LM],mute[LM],mute[LM],mute[LM],mute[LM],mute[LM],mute[LM],mute[LM],mute[LM],mute[LM],mute[LM],mute[LM],mute[LM],mute[LM],mute[LM],mute[LM],mute[LM],mute[LM],mute[LM],mute[LM],mute[LM],mute[LM],mute[LM],mute[LM],mute[LM],mute[LM],mute[LM],mute[LM],mute[LM],mute[KL],mute[LM],mute[LM],mute[LM],mute[LM],mute[LM],mute[LM],mute[LM],mute[LM],mute[LM],mute[LM],mute[LM],mute[LM],mute[LM],mute[LM],mute[LM],mute[LM],mute[LM],mute[LM],mute[JK],mute[IJKL];","(e2.#d1)[LM],(d2.#A-1)[M],e2[M],d2[M],(e2.d1)[M],d2[M],e2[M],(d2.A-1)[M],e2[M],d2[M],(e2.c1)[M],d2[M],e2[M],(d2.#A-1)[LM],d1[LM],A-1[LM],c1[LM],G-1[LM],g2[MN],f2[MN],(#d2.c1)[MN],d2[MN],c2[LM],(d2.#a)[LM],g2[LM],(#f2.c1)[LM],g2[LM],(#a1.d1)[KL],(a1.d)[LM],g1[LM],(g1.G-1.g)[LM],#a[LM],d1[LM],g1[LM],#f1[LM],a[LM],c1[LM],#f1[LM],(#a.d1.g1.g)[LM],G-1[LM],#A-1[LM],d[LM],g[LM],a[LM],c1[LM],#f1[LM],(#a.d1.g1)[JK],G-1[IJKL],#d2[KL],(#d1.g1.#a1.#d2.#D-1.#d)[IJLM],#a2[LM],c3[LM],#g2[LM],#a2[LM],f2[LM],g2[LM],d2[LM],#d2[LM],#a1[LM],c2[LM],#g1[LM],#a[LM],f1[LM],g1[LM],d1[LM],#d1[LM],#a[LM],c1[LM],#g[LM],#a[LM],f[LM],g[LM],d[LM],#d[LM],#a[LM],#g[LM],g[LM],f[LM],#d[LM],d[LM],c[LM],(d2.#A-1)[LM],f[LM],(f1.#a)[LM],f[LM],(#g2.#A-1)[LM],f[LM],(f1.#a)[LM],f[LM],(#d2.#A-1)[LM],g[LM],(f1.#a)[LM],g[LM],(#a2.#A-1)[LM],g[LM],(f1.#a)[LM],g[LM],(#d2.#A-1)[LM],f[LM],(f1.#g)[LM],f[LM],(#g2.#A-1)[LM],f[LM],(f1.#g)[LM],f[LM],#A-1[LM],f2[LM],d2[LM],#a1[LM],f1[LM],#a[LM],f[LM],d[LM],#A-1[KL],#a1[KL],#a1[M],c2[M],#a1[M],c2[M],#a1[M],c2[M],#a1[M],c2[M],#a1[M],c2[M],#a1[M],c2[M],(#a1.#d1)[LM],#a[LM],d1[LM],#a[LM],(g1.#d1)[LM],#a[LM],(f1.d1)[LM],#a[LM],f1[LM],#a[LM],#d1[LM],#a[LM],(#g1.f1)[LM],#a[LM],(g1.#d1)[LM],#a[LM],(#a1.g1)[LM],(#g1.#a)[LM],(#a1.g1)[LM],(#d2.#a)[LM],(#g1.f1)[LM],(g1.#a)[LM],(g1.#d1)[LM],(f1.#a)[LM],(f1.d1)[M],g1[M],f1[M],(g1.#a)[M],f1[M],g1[M],(f1.#g)[LM],#a[LM],d1[LM],#a[LM],(f2.d1)[LM],#a[LM],(g2.#d1)[LM],#d2[LM],(d2.#a)[LM],#d2[LM],(#g2.f1)[LM],#a[LM],(g2.#d1)[LM],#a[LM],#d1[LM],(f2.#a)[LM],(f2.#g)[LM],#a[LM],d1[LM],#a[LM],(f2.d1)[LM],#a[LM],(g2.#d1)[LM],g1[LM],(g2.c2)[LM],#a1[LM],c2[LM],#d2[LM],(d2.#d1)[LM],#d2[LM],(f2.d1)[LM],f1[LM],#a1[LM],a1[LM],#a1[LM],f2[LM],(#d2.d1)[LM],d2[LM],(#d2.c1)[LM],d1[LM],(g1.c1)[LM],#a[LM],(f1.a)[LM],g[LM],(#d2.f)[LM],a[LM],(d2.#a)[LM],c2[LM],#a1[LM],f[LM],#A-1[LM],c[LM],(#a1.d)[LM],#d[LM],(#g1.f)[LM],#g[LM],(#g1.c1)[LM],#d[LM],(f2.d)[LM],f[LM],(#g1.#a)[LM],d[LM],(g1.#d)[LM],#A-1[LM],#d[LM],f[LM],g[LM],#g[LM],(g1.#a)[LM],#d[LM],(#d2.c1)[LM],#d1[LM],(#d2.g1)[LM],#a[LM],(c3.a)[LM],c1[LM],(#d2.f1)[LM],a[LM],(d2.#a)[LM],f[LM],#a[LM],c1[LM],d1[LM],#d1[LM],(d2.f1)[LM],#a[LM],(g2.#d1)[LM],(f2.g1)[LM],(f2.c1)[LM],(#d2.g1)[LM],(#d2.c1)[LM],(d2.g1)[LM],(d2.b)[LM],(f2.g1)[LM],(#d2.c1)[LM],g[LM],c1[LM],d1[LM],#d1[LM],f1[LM],(#d2.g1)[LM],c1[LM],(f2.d1)[LM],(#d2.f1)[LM],(#d2.c1)[LM],(d2.f1)[LM],(d2.#a)[LM],(c2.f1)[LM],(c2.a)[LM],(#d2.f1)[LM],(d2.#a)[LM],f[LM],#a[LM],c1[LM],d1[LM],#d1[LM],(d2.f1)[LM],d1[LM],(g2.#a)[LM],a[LM],g[LM],f[LM],#d[LM],(f2.d)[LM],(#d2.c)[LM],(d2.#A-1)[LM],(c2.A-1)[LM],(a2.#F-1)[LM],(#a1.G-1)[LM],(a1.c)[LM],(#a1.d)[KL],(a1.D-1)[LMN],g1[LM],(#a.d1.g1.g)[LMN],d[LMN],#A-1[LM],d[LMN],G-1[KLN],#a1[KL],(#a1.g)[LM],#d1[LM],(d1.#d)[LM],#d1[LM],(#a1.g)[LM],#d1[LM],(c2.#g)[LM],#d1[LM],(#a1.g)[LM],#d[LM],#A-1[LM],#d[LM],g[LM],#d[LM],(#a1.d)[LM],#d[LM],(#a1.d)[LM],c2[LM],(d2.f)[LM],#d2[LM],(f2.#a)[LM],#g1[LM],(g1.#A-1)[LM],#g1[LM],(g1.#d)[LM],f[LM],g[LM],#g[LM],#a[LM],#d[LM],(c2.#g)[LM],#d[LM],(#a1.g)[LM],#d1[LM],(d1.#d)[LM],#d1[LM],(#a1.g)[LM],#d1[LM],(c2.#g)[LM],#d1[LM],(#a1.g)[LM],#d[LM],#A-1[LM],#d[LM],g[LM],#d[LM],(#a1.d)[LM],#d[LM],(#d2.g)[LM],f[LM],(#a1.g)[LM],#d[LM],(f2.d)[LM],(#g1.c)[LM],(f1.d)[LM],(#g1.#A-1)[LM],(g1.#d)[LM],f1[LM],#d1[LM],f[LM],g[LM],f[LM],(#d1.#d)[LM],#c[LM],(#g1.c)[LM],#d1[LM],(f1.#A-1)[LM],g1[LM],(#g1.c)[LM],#a1[LM],(c2.#G-1)[LM],#g1[LM],(#a1.#d)[LM],#A-1[LM],#D-1[LM],F-1[LM],G-1[LM],#G-1[LM],(#a1.#A-1)[LM],c[LM],(#a1.#c)[LM],f1[LM],(g1.c)[LM],a1[LM],(#a1.#c)[LM],c2[LM],(#c2.#A-1)[LM],#a1[LM],(c2.f)[LM],c[LM],d[LM],e[LM],f[LM],g[LM],(c2.#g)[LM],(f1.#a)[LM],(e1.c1)[LM],g[LM],(f1.#g)[LM],f[LM],(g1.f)[LM],c[LM],(#g1.f)[LM],(f1.#g)[LM],(g1.c1)[LM],c[LM],d[LM],e[LM],f[LM],g[LM],(c2.#g)[LM],(f1.#a)[LM],(e1.c1)[LM],g[LM],(f1.#g)[LM],f[LM],(g1.e)[LM],c[LM],(#g1.f)[LM],(f1.#g)[LM],(g1.c)[LM],e1[LM],c1[LM],#a[LM],#g[LM],g[LM],(c2.#g)[LM],f[LM],(f2.#c1)[LM],(f1.#c)[LM],(g1.f2.#d)[LM],(#g1.f)[LM],(#a1.g)[LM],#c1[LM],(#d2.c1)[LM],(#c2.#a)[LM],(#d2.c1)[LM],#g[LM],#d[LM],f[LM],g[LM],#g[LM],(#d2.#a)[LM],c1[LM],(#c2.#a)[LM],(#c1.#A-1)[LM],(#d1.#c2.c)[LM],(f1.#c)[LM],(g1.#d)[LM],#a[LM],(c2.#g)[LM],(#a1.g)[LM],(c2.#g)[LM],#d[LM],#g[LM],#a[LM],c1[LM],#c1[LM],(c2.#d1)[LM],#g[LM],(#g2.f1)[LM],(g2.f)[LM],(g2.#d1)[LM],(f2.f)[LM],(f2.d1)[LM],(#d2.f)[LM],(#d2.c1)[LM],(d2.f)[LM],(d2.b)[LM],g[LM],b[LM],c1[LM],d1[LM],#g[LM],(d2.g)[LM],f[LM],(g2.#d)[LM],#d2[LM],(d2.f)[LM],c2[LM],(c2.g)[LM],#d2[LM],(d2.G-1)[LM],c2[LM],(#d1.g1.c2.c1)[LM],g[LM],#d[LM],g[LM],c[IL],g2[KL],g2[M],#g2[M],g2[M],#g2[M],g2[M],#g2[M],g2[M],#g2[M],g2[M],#g2[M],g2[M],#g2[M],(g2.c2)[LM],g1[LM],b1[LM],g1[LM],(#d2.c2)[LM],g1[LM],(d2.b1)[LM],g1[LM],d2[LM],g1[LM],c2[LM],g1[LM],(f2.d2)[LM],g1[LM],(#d2.c2)[LM],g1[LM],(g2.#d)[LM],#d2[LM],(d2.c1)[LM],c2[LM],(#g2.f)[LM],c1[LM],(f1.b)[LM],a[LM],(g1.g)[LM],#d[LM],d[LM],c[LM],g[LM],B-1[LM],(g1.A-1)[LM],G-1[LM],(g2.#d)[LM],g[LM],(f2.d)[LM],g[LM],(#d2.c)[LM],(d2.g)[LM],(#d2.B-1)[LM],(f2.g)[LM],(#d2.c)[LM],g[LM],a[LM],(d2.b)[LM],(c2.c1)[LM],d1[LM],(g2.#d1)[LM],c1[LM],(f2.d1)[LM],#g2[LM],(f2.f)[LM],#d2[LM],(d2.#g)[LM],f2[LM],(d2.f)[LM],c2[LM],(b1.g)[LM],a[LM],b[LM],c1[LM],d1[LM],#d1[LM],(d2.f1)[LM],g[LM],f[LM],#d2[LM],(f2.#g)[LM],g2[LM],(#g2.d1)[KL],(#g1.f)[LM],g1[LM],(g1.#d)[LM],f[LM],g[LM],c[LM],B-1[LM],c[LM],(g1.d)[LM],G-1[LM],(c2.#G-1)[LM],(#d2.c1)[LM],(d2.b)[LM],(c2.c1)[LM],(c2.G-1)[LM],(#d2.c1)[LM],(d2.b)[LM],(c2.c1)[LM],(c2.#G-1)[LM],c1[LM],b[LM],c1[LM],g[LM],f[LM],(c2.#d)[L],d[M],c[LM],(d2.G-1)[LM],c1[LM],(d2.b)[LM],(#d2.c1)[LM],(d2.#G-1)[LM],(#d2.c1)[LM],(d2.b)[LM],(c2.c1)[LM],(d2.G-1)[LM],c1[LM],b[LM],c1[LM],b[LM],a[LM],(d2.g)[LM],f[LM],(g2.#d)[LM],c2[LM],(b1.c1)[LM],c2[LM],(#g2.f)[LM],g2[LM],(g2.c1)[LM],f2[LM],(f2.g)[LM],b[LM],a[LM],b[LM],d1[LM],#g[LM],(f2.g)[LM],f[LM],(g2.#d)[LM],#d2[LM],(d2.f)[LM],c2[LM],(c2.g)[LM],#d2[LM],(d2.G-1)[LM],c2[LM],(#d1.g1.c2.c)[LM],g[LM],f[LM],g[LM],#d[LM],d[LM],(g1.#d)[LM],c[LM],(g1.#d)[LM],(f1.G-1)[LM],(g1.#d)[LM],(#d2.G-1)[LM],(f1.d)[LM],(#d1.G-1)[LM],(f1.d)[LM],(d2.G-1)[LM],(#d1.c)[LM],(c2.d)[LM],(b1.#d)[LM],(c2.f)[LM],(#d1.g)[KL],(d1.G-1)[LM],c1[LM],(c1.C-1.c)[LM],#d[LM],g[LM],c1[LM],b[LM],d[LM],f[LM],b[LM],(#d.g.c1.c)[LM],C-1[LM],#D-1[LM],G-1[LM],c[LM],d[LM],f[LM],b[LM],(#d.g.c1)[JK],C-1[IJKL];"],"id":2,"instruments":["piano","piano"],"alternatives":["",""]},{"bpm":192,"baseBeats":0.75,"scores":["mute[KL],mute[IJLM],mute[LM],mute[LM],mute[LM],mute[LM],mute[LM],mute[LM],mute[LM],mute[LM],mute[LM],mute[LM],mute[LM],mute[LM],mute[LM],mute[LM],mute[LM],mute[LM],mute[LM],mute[LM],mute[LM],mute[LM],mute[LM],mute[LM],mute[LM],mute[LM],mute[LM],mute[LM],mute[LM],mute[LM],mute[LM],mute[LM],mute[LM],mute[LM],mute[LM],mute[LM],mute[LM],mute[LM],mute[LM],mute[LM],mute[LM],mute[LM],mute[LM],mute[LM],mute[LM],mute[LM],mute[LM],mute[LM],mute[LM],mute[LM],mute[LM],mute[LM],mute[LM],mute[LM],mute[LM],mute[LM],mute[LM],mute[LM],mute[LM],mute[LM],mute[LM],mute[LM],mute[LM],mute[LM],mute[LM],mute[KL],mute[KL],5<UV>,5<UV>,5<UV>,5<UV>,mute[LM],mute[LM],mute[LM],mute[LM],mute[LM],mute[LM],mute[LM],mute[LM],mute[LM],mute[LM],mute[LM],mute[LM],mute[LM],mute[LM],mute[LM],mute[LM],mute[LM],mute[LM],mute[LM],mute[LM],mute[LM],mute[LM],mute[LM],mute[LM],5<UV>,5<UV>,mute[LM],mute[LM],mute[LM],mute[LM],mute[LM],mute[LM],mute[LM],mute[LM],mute[LM],mute[LM],mute[LM],mute[LM],mute[LM],mute[LM],mute[LM],mute[LM],mute[LM],mute[LM],mute[LM],mute[LM],mute[LM],mute[LM],mute[LM],mute[LM],mute[LM],mute[LM],mute[LM],mute[LM],mute[LM],mute[LM],mute[LM],mute[LM],mute[LM],mute[LM],mute[LM],mute[LM],mute[LM],mute[LM],mute[LM],mute[LM],mute[LM],mute[LM],mute[LM],mute[LM],mute[LM],mute[LM],mute[LM],mute[LM],mute[LM],mute[LM],mute[LM],mute[LM],mute[LM],mute[LM],mute[LM],mute[LM],mute[LM],mute[LM],mute[LM],mute[LM],mute[LM],mute[LM],mute[LM],mute[LM],mute[LM],mute[LM],mute[LM],mute[LM],mute[LM],mute[LM],mute[LM],mute[LM],mute[LM],mute[LM],mute[LM],mute[LM],mute[LM],mute[LM],mute[LM],mute[LM],mute[LM],mute[LM],mute[LM],mute[LM],mute[LM],mute[LM],mute[LM],mute[LM],mute[LM],mute[LM],mute[LM],mute[LM],mute[LM],mute[LM],mute[LM],mute[LM],mute[LM],mute[LM],mute[LM],mute[LM],mute[LM],mute[LM],mute[LM],mute[LM],mute[LM],mute[LM],mute[LM],mute[LM],mute[LM],mute[LM],mute[LM],mute[LM],mute[LM],mute[LM],mute[LM],mute[LM],mute[LM],mute[LM],mute[LM],mute[LM],mute[LM],mute[LM],mute[LM],mute[LM],mute[LM],mute[LM],mute[LM],mute[LM],mute[LM],mute[LM],mute[KLN],mute[LM],mute[LM],mute[LM],mute[LM],mute[LM],mute[KM],mute[KLN],mute[KL],mute[LM],mute[LM],mute[LM],mute[LM],mute[LM],mute[LM],mute[LM],mute[LM],mute[LM],mute[LM],mute[LM],mute[LM],mute[LM],mute[LM],mute[LM],mute[LM],mute[LM],mute[LM],mute[LM],mute[LM],mute[LM],mute[LM],mute[LM],mute[LM],mute[LM],mute[LM],mute[LM],mute[LM],mute[LM],mute[LM],mute[LM],mute[LM],mute[LM],mute[LM],mute[LM],mute[LM],mute[LM],mute[LM],mute[LM],mute[LM],mute[LM],mute[LM],mute[LM],mute[LM],mute[LM],mute[LM],mute[LM],mute[LM],mute[LM],mute[LM],mute[LM],mute[LM],mute[LM],mute[LM],mute[LM],mute[LM],mute[LM],mute[LM],mute[LM],mute[LM],mute[LM],mute[LM],mute[LM],mute[LM],mute[LM],mute[LM],mute[LM],mute[LM],mute[LM],mute[LM],mute[LM],mute[LM],mute[LM],mute[LM],mute[LM],mute[LM],mute[LM],mute[LM],mute[LM],mute[LM],mute[LM],mute[LM],mute[LM],mute[LM],mute[LM],mute[LM],mute[LM],mute[LM],mute[LM],mute[LM],mute[LM],mute[LM],mute[LM],mute[LM],mute[LM],mute[LM],mute[LM],mute[LM],mute[LM],mute[LM],mute[LM],mute[LM],mute[LM],mute[LM],mute[LM],mute[LM],mute[LM],mute[LM],mute[LM],mute[LM],mute[LM],mute[LM],mute[LM],mute[LM],mute[LM],mute[LM],mute[LM],mute[LM],mute[LM],mute[LM],mute[LM],mute[LM],mute[LM],mute[LM],mute[LM],mute[LM],mute[LM],mute[LM],mute[LM],mute[LM],mute[LM],mute[LM],mute[LM],mute[LM],mute[LM],mute[LM],mute[LM],mute[LM],mute[LM],mute[LM],mute[LM],mute[LM],mute[LM],mute[LM],mute[LM],mute[LM],mute[LM],mute[LM],mute[LM],mute[LM],mute[LM],mute[LM],mute[LM],mute[LM],mute[LM],mute[LM],mute[LM],mute[LM],mute[LM],mute[LM],mute[LM],mute[LM],mute[LM],mute[LM],mute[LM],mute[LM],mute[LM],mute[LM],mute[LM],mute[LM],mute[LM],mute[LM],mute[LM],mute[LM],mute[LM],mute[LM],mute[LM],mute[LM],mute[LM],mute[LM],mute[LM],mute[LM],mute[LM],mute[LM],mute[LM],mute[LM],mute[LM],mute[LM],mute[IL],mute[KL],5<UV>,5<UV>,5<UV>,5<UV>,mute[LM],mute[LM],mute[LM],mute[LM],mute[LM],mute[LM],mute[LM],mute[LM],mute[LM],mute[LM],mute[LM],mute[LM],mute[LM],mute[LM],mute[LM],mute[LM],mute[LM],mute[LM],mute[LM],mute[LM],mute[LM],mute[LM],mute[LM],mute[LM],mute[LM],mute[LM],mute[LM],mute[LM],mute[LM],mute[LM],mute[LM],mute[LM],mute[LM],mute[LM],mute[LM],mute[LM],mute[LM],mute[LM],mute[LM],mute[LM],mute[LM],mute[LM],mute[LM],mute[LM],mute[LM],mute[LM],mute[LM],mute[LM],mute[LM],mute[LM],mute[LM],mute[LM],mute[LM],mute[LM],mute[LM],mute[LM],mute[LM],mute[LM],mute[LM],mute[LM],mute[LM],mute[LM],mute[LM],mute[LM],mute[LM],mute[LM],mute[LM],mute[LM],mute[KL],mute[LM],mute[LM],mute[LM],mute[LM],mute[LM],mute[LM],mute[LM],mute[LM],mute[LM],mute[LM],mute[LM],mute[LM],mute[LM],mute[LM],mute[LM],mute[LM],mute[LM],mute[LM],mute[LM],mute[LM],mute[LM],mute[LM],mute[LM],mute[LM],5<UV>,mute[LM],mute[LM],mute[LM],mute[LM],mute[LM],mute[LM],mute[LM],mute[LM],mute[LM],mute[LM],mute[LM],mute[LM],mute[LM],mute[LM],mute[LM],mute[LM],mute[LM],mute[LM],mute[LM],mute[LM],mute[LM],mute[LM],mute[LM],mute[LM],mute[LM],mute[LM],mute[LM],mute[LM],mute[LM],mute[LM],mute[LM],mute[LM],mute[LM],mute[LM],mute[LM],mute[LM],mute[LM],mute[LM],mute[LM],mute[LM],mute[LM],mute[LM],mute[LM],mute[LM],mute[LM],mute[LM],mute[LM],mute[LM],mute[LM],mute[LM],mute[LM],mute[LM],mute[LM],mute[LM],mute[LM],mute[LM],mute[LM],mute[LM],mute[LM],mute[LM],mute[LM],mute[KL],mute[LM],mute[LM],mute[LM],mute[LM],mute[LM],mute[LM],mute[LM],mute[LM],mute[LM],mute[LM],mute[LM],mute[LM],mute[LM],mute[LM],mute[LM],mute[KMN],mute[K],mute[KLMN],mute[JLMN],mute[HJKMN];","#d2[KL],(#d1.g1.#a1.#d2.#D-1.#d)[IJLM],#a2[LM],c3[LM],#g2[LM],#a2[LM],f2[LM],g2[LM],d2[LM],#d2[LM],#a1[LM],c2[LM],#g1[LM],#a[LM],f1[LM],g1[LM],d1[LM],#d1[LM],#a[LM],c1[LM],#g[LM],#a[LM],f[LM],g[LM],d[LM],#d[LM],#a[LM],#g[LM],g[LM],f[LM],#d[LM],d[LM],c[LM],(d2.#A-1)[LM],f[LM],(f1.#a)[LM],f[LM],(#g2.#A-1)[LM],f[LM],(f1.#a)[LM],f[LM],(#d2.#A-1)[LM],g[LM],(f1.#a)[LM],g[LM],(#a2.#A-1)[LM],g[LM],(f1.#a)[LM],g[LM],(#d2.#A-1)[LM],f[LM],(f1.#g)[LM],f[LM],(#g2.#A-1)[LM],f[LM],(f1.#g)[LM],f[LM],#A-1[LM],f2[LM],d2[LM],#a1[LM],f1[LM],#a[LM],f[LM],d[LM],#A-1[KL],#a1[KL],#a1[M],c2[M],#a1[M],c2[M],#a1[M],c2[M],#a1[M],c2[M],#a1[M],c2[M],#a1[M],c2[M],(#a1.#d1)[LM],#a[LM],d1[LM],#a[LM],(g1.#d1)[LM],#a[LM],(f1.d1)[LM],#a[LM],f1[LM],#a[LM],#d1[LM],#a[LM],(#g1.f1)[LM],#a[LM],(g1.#d1)[LM],#a[LM],(#a1.g1)[LM],(#g1.#a)[LM],(#a1.g1)[LM],(#d2.#a)[LM],(#g1.f1)[LM],(g1.#a)[LM],(g1.#d1)[LM],(f1.#a)[LM],(f1.d1)[M],g1[M],f1[M],(g1.#a)[M],f1[M],g1[M],(f1.#g)[LM],#a[LM],d1[LM],#a[LM],(f2.d1)[LM],#a[LM],(g2.#d1)[LM],#d2[LM],(d2.#a)[LM],#d2[LM],(#g2.f1)[LM],#a[LM],(g2.#d1)[LM],#a[LM],#d1[LM],(f2.#a)[LM],(f2.#g)[LM],#a[LM],d1[LM],#a[LM],(f2.d1)[LM],#a[LM],(g2.#d1)[LM],g1[LM],(g2.c2)[LM],#a1[LM],c2[LM],#d2[LM],(d2.#d1)[LM],#d2[LM],(f2.d1)[LM],f1[LM],#a1[LM],a1[LM],#a1[LM],f2[LM],(#d2.d1)[LM],d2[LM],(#d2.c1)[LM],d1[LM],(g1.c1)[LM],#a[LM],(f1.a)[LM],g[LM],(#d2.f)[LM],a[LM],(d2.#a)[LM],c2[LM],#a1[LM],f[LM],#A-1[LM],c[LM],(#a1.d)[LM],#d[LM],(#g1.f)[LM],#g[LM],(#g1.c1)[LM],#d[LM],(f2.d)[LM],f[LM],(#g1.#a)[LM],d[LM],(g1.#d)[LM],#A-1[LM],#d[LM],f[LM],g[LM],#g[LM],(g1.#a)[LM],#d[LM],(#d2.c1)[LM],#d1[LM],(#d2.g1)[LM],#a[LM],(c3.a)[LM],c1[LM],(#d2.f1)[LM],a[LM],(d2.#a)[LM],f[LM],#a[LM],c1[LM],d1[LM],#d1[LM],(d2.f1)[LM],#a[LM],(g2.#d1)[LM],(f2.g1)[LM],(f2.c1)[LM],(#d2.g1)[LM],(#d2.c1)[LM],(d2.g1)[LM],(d2.b)[LM],(f2.g1)[LM],(#d2.c1)[LM],g[LM],c1[LM],d1[LM],#d1[LM],f1[LM],(#d2.g1)[LM],c1[LM],(f2.d1)[LM],(#d2.f1)[LM],(#d2.c1)[LM],(d2.f1)[LM],(d2.#a)[LM],(c2.f1)[LM],(c2.a)[LM],(#d2.f1)[LM],(d2.#a)[LM],f[LM],#a[LM],c1[LM],d1[LM],#d1[LM],(d2.f1)[LM],d1[LM],(g2.#a)[LM],a[LM],g[LM],f[LM],#d[LM],(f2.d)[LM],(#d2.c)[LM],(d2.#A-1)[LM],(c2.A-1)[LM],(a2.#F-1)[LM],(#a1.G-1)[LM],(a1.c)[LM],(#a1.d)[KLN],(a1.D-1)[LM],g1[LMN],(#a.d1.g1.g)[LMN],d[LMN],#A-1[LM],d[LMN],G-1[KLN],#a1[KL],(#a1.g)[LM],#d1[LM],(d1.#d)[LM],#d1[LM],(#a1.g)[LM],#d1[LM],(c2.#g)[LM],#d1[LM],(#a1.g)[LM],#d[LM],#A-1[LM],#d[LM],g[LM],#d[LM],(#a1.d)[LM],#d[LM],(#a1.d)[LM],c2[LM],(d2.f)[LM],#d2[LM],(f2.#a)[LM],#g1[LM],(g1.#A-1)[LM],#g1[LM],(g1.#d)[LM],f[LM],g[LM],#g[LM],#a[LM],#d[LM],(c2.#g)[LM],#d[LM],(#a1.g)[LM],#d1[LM],(d1.#d)[LM],#d1[LM],(#a1.g)[LM],#d1[LM],(c2.#g)[LM],#d1[LM],(#a1.g)[LM],#d[LM],#A-1[LM],#d[LM],g[LM],#d[LM],(#a1.d)[LM],#d[LM],(#d2.g)[LM],f[LM],(#a1.g)[LM],#d[LM],(f2.d)[LM],(#g1.c)[LM],(f1.d)[LM],(#g1.#A-1)[LM],(g1.#d)[LM],f1[LM],#d1[LM],f[LM],g[LM],f[LM],(#d1.#d)[LM],#c[LM],(#g1.c)[LM],#d1[LM],(f1.#A-1)[LM],g1[LM],(#g1.c)[LM],#a1[LM],(c2.#G-1)[LM],#g1[LM],(#a1.#d)[LM],#A-1[LM],#D-1[LM],F-1[LM],G-1[LM],#G-1[LM],(#a1.#A-1)[LM],c[LM],(#a1.#c)[LM],f1[LM],(g1.c)[LM],a1[LM],(#a1.#c)[LM],c2[LM],(#c2.#A-1)[LM],#a1[LM],(c2.f)[LM],c[LM],d[LM],e[LM],f[LM],g[LM],(c2.#g)[LM],(f1.#a)[LM],(e1.c1)[LM],g[LM],(f1.#g)[LM],f[LM],(g1.f)[LM],c[LM],(#g1.f)[LM],(f1.#g)[LM],(g1.c1)[LM],c[LM],d[LM],e[LM],f[LM],g[LM],(c2.#g)[LM],(f1.#a)[LM],(e1.c1)[LM],g[LM],(f1.#g)[LM],f[LM],(g1.e)[LM],c[LM],(#g1.f)[LM],(f1.#g)[LM],(g1.c)[LM],e1[LM],c1[LM],#a[LM],#g[LM],g[LM],(c2.#g)[LM],f[LM],(f2.#c1)[LM],(f1.#c)[LM],(g1.f2.#d)[LM],(#g1.f)[LM],(#a1.g)[LM],#c1[LM],(#d2.c1)[LM],(#c2.#a)[LM],(#d2.c1)[LM],#g[LM],#d[LM],f[LM],g[LM],#g[LM],(#d2.#a)[LM],c1[LM],(#c2.#a)[LM],(#c1.#A-1)[LM],(#d1.#c2.c)[LM],(f1.#c)[LM],(g1.#d)[LM],#a[LM],(c2.#g)[LM],(#a1.g)[LM],(c2.#g)[LM],#d[LM],#g[LM],#a[LM],c1[LM],#c1[LM],(c2.#d1)[LM],#g[LM],(#g2.f1)[LM],(g2.f)[LM],(g2.#d1)[LM],(f2.f)[LM],(f2.d1)[LM],(#d2.f)[LM],(#d2.c1)[LM],(d2.f)[LM],(d2.b)[LM],g[LM],b[LM],c1[LM],d1[LM],#g[LM],(d2.g)[LM],f[LM],(g2.#d)[LM],#d2[LM],(d2.f)[LM],c2[LM],(c2.g)[LM],#d2[LM],(d2.G-1)[LM],c2[LM],(#d1.g1.c2.c1)[LM],g[LM],#d[LM],g[LM],c[IL],g2[KL],g2[M],#g2[M],g2[M],#g2[M],g2[M],#g2[M],g2[M],#g2[M],g2[M],#g2[M],g2[M],#g2[M],(g2.c2)[LM],g1[LM],b1[LM],g1[LM],(#d2.c2)[LM],g1[LM],(d2.b1)[LM],g1[LM],d2[LM],g1[LM],c2[LM],g1[LM],(f2.d2)[LM],g1[LM],(#d2.c2)[LM],g1[LM],(g2.#d)[LM],#d2[LM],(d2.c1)[LM],c2[LM],(#g2.f)[LM],c1[LM],(f1.b)[LM],a[LM],(g1.g)[LM],#d[LM],d[LM],c[LM],g[LM],B-1[LM],(g1.A-1)[LM],G-1[LM],(g2.#d)[LM],g[LM],(f2.d)[LM],g[LM],(#d2.c)[LM],(d2.g)[LM],(#d2.B-1)[LM],(f2.g)[LM],(#d2.c)[LM],g[LM],a[LM],(d2.b)[LM],(c2.c1)[LM],d1[LM],(g2.#d1)[LM],c1[LM],(f2.d1)[LM],#g2[LM],(f2.f)[LM],#d2[LM],(d2.#g)[LM],f2[LM],(d2.f)[LM],c2[LM],(b1.g)[LM],a[LM],b[LM],c1[LM],d1[LM],#d1[LM],(d2.f1)[LM],g[LM],f[LM],#d2[LM],(f2.#g)[LM],g2[LM],(#g2.d1)[KL],(#g1.f)[LM],g1[LM],(g1.#d)[LM],f[LM],g[LM],c[LM],B-1[LM],c[LM],(g1.d)[LM],G-1[LM],(c2.#G-1)[LM],(#d2.c1)[LM],(d2.b)[LM],(c2.c1)[LM],(c2.G-1)[LM],(#d2.c1)[LM],(d2.b)[LM],(c2.c1)[LM],(c2.#G-1)[LM],c1[LM],b[LM],c1[LM],g[LM],f[LM],(c2.#d)[L],d[M],c[LM],(d2.G-1)[LM],c1[LM],(d2.b)[LM],(#d2.c1)[LM],(d2.#G-1)[LM],(#d2.c1)[LM],(d2.b)[LM],(c2.c1)[LM],(d2.G-1)[LM],c1[LM],b[LM],c1[LM],b[LM],a[LM],(d2.g)[LM],f[LM],(g2.#d)[LM],c2[LM],(b1.c1)[LM],c2[LM],(#g2.f)[LM],g2[LM],(g2.c1)[LM],f2[LM],(f2.g)[LM],b[LM],a[LM],b[LM],d1[LM],#g[LM],(f2.g)[LM],f[LM],(g2.#d)[LM],#d2[LM],(d2.f)[LM],c2[LM],(c2.g)[LM],#d2[LM],(d2.G-1)[LM],c2[LM],(#d1.g1.c2.c)[LM],g[LM],f[LM],g[LM],#d[LM],d[LM],(g1.#d)[LM],c[LM],(g1.#d)[LM],(f1.G-1)[LM],(g1.#d)[LM],(#d2.G-1)[LM],(f1.d)[LM],(#d1.G-1)[LM],(f1.d)[LM],(d2.G-1)[LM],(#d1.c)[LM],(c2.d)[LM],(b1.#d)[LM],(c2.f)[LM],(#d1.g)[KL],(d1.G-1)[LM],c1[LM],(c1.C-1.c)[LM],#d[LM],g[LMN],c1[LM],b[LM],d[LM],f[LM],b[LMN],(#d.g.c1.c)[LM],C-1[LM],#D-1[LMN],G-1[LMN],c[LM],d[LMN],f[K],b[KLMN],(#d.g.c1)[JLMN],C-1[HJKMN];"],"id":3,"instruments":["piano","piano"],"alternatives":["",""]}],"audition":{"start":[0,0],"end":[2,605]}}