{"baseBpm":540,"musics":[{"bpm":540,"baseBeats":0.75,"scores":["(c.C-1.g.#d.c1)[JK],(G-1.b.g.d1)[HK],(c.#d1.c1.g)[IJ],(c.e1.c1.g)[JK],(f.f1.c1.#g)[IJ],(c.g1.e1.c1)[JK],(F-1.#g1.f1.c1)[IJ],(f.#g1.f1.c1)[JK],(#d.a1.f1.c1)[HK],(d.#a1.f1.#a)[IJ],(d.#a1.f1.#a)[JK],(#d.g1.#d1.#a)[IJ],(#A-1.f1.d1.#g)[JK],(#D-1.#d1.g)[IJ],(c.C-1.c1.g.#d)[JK],(G-1.d1.b.g)[HK],(c.#d1.c1.g)[IJ],(c1.#a.e2.c2.g1.e1)[JK],(c1.#g.f2.c2.#g1.f1)[IJ],(c1.e.g2.c2.g1)[JK],(c1.f.#g2.c2.#g1)[IJ],(f.#g1.f1.c1)[JK],(#d.f.a.a1.f1.c1)[HK],(d.#a.f.#a1.f1)[IJ],(d.#a.#a2.f2.#a1)[JK],(#d.#a.g2.#d2.#a1)[IJMN],(#A-1.#a.f2.d2.#g1)[JKMN],(#D-1.#d.#d2.g1)[IJLM],(#a.#a1)[JKMN],(#d1.#a.g.#d2.#a1)[HK],(d1.#a.#g.f.d2.c2.#g1)[IJ],g2[KL],#g2[KL],#a2[KL],#g2[KL],c3[KL],#g2[KL],g2[KL],f2[KL],#d2[JK],d2[JK],(g.g1)[JK],(c1.g.#d.c2.g1)[HK],(b.g.f.d.b1.f1.g1)[IJ],e2[KL],f2[KL],g2[KL],f2[KL],#g2[KL],f2[KL],#d2[KL],d2[KL],c2[JK],b1[JK],(#d.#d1)[JK],(#g.#d.c.#g1.#d1.c1)[HK],(#A-1.#d.g.g1.#d1.#c1)[IJ],(#d.#d1)[JK],(g.#d.G-1.#c2.#d1.#c1)[HK],(#G-1.#d.#g.c2.#d1.c1)[IJ],(#d.#d1)[JK],(#c.#d.#a1.#d1.#a)[HK],(#d.c.#g1.#d1.#g)[HK],(#d.#A-1.g1.#d1.g)[HK],(#G-1.#d.#f1.c1.#f)[IJMN],(c.#d1)[JKM],(d.B-1.G-1.g1.b.g)[IJ],#F-1[JK],G-1[JK],b2[KL],d3[KL],b2[KL],g2[KL],(#d.c.#d3)[IJ],#F-1[JK],G-1[JK],c3[KL],#d3[KL],c3[KL],g2[KL],(d.B-1.f3)[IJ],#F-1[JK],(G-1.d3)[KL],f3[KL],b2[KL],d3[KL],#g2[KL],b2[KL],f2[KL],#g2[KL],d2[KL],f2[KL],b1[KL],d2[KL],#g1[KL],b1[KL],g1[KL],b1[KL],f1[KL],b1[KL],(c.C-1.G-1.#d1)[KL],#d2[KL],#f1[KL],#d2[KL],g1[KL],#d2[KL],(B-1.B-2.d1)[KL],d2[KL],#f1[KL],d2[KL],(G-1.G-2.g1)[KL],d2[KL],(d.D-1.b1)[KL],f2[KL],g1[KL],f2[KL],b1[KL],f2[KL],(c.C-1.g1)[KL],#d2[KL],c2[KL],#d2[KL],(G-1.G-2.g1)[KL],#d2[KL],(f.F-1.G-1.b1)[KL],#g2[KL],g1[KL],#g2[KL],b1[KL],#g2[KL],(#d.#D-1.G-1.g1)[KL],g2[KL],c2[KL],g2[KL],(#g.#G-1.c2.#d2)[KL],c3[KL],(f.F-1.c2.d2)[KL],c3[KL],b2[KL],c3[KL],(g.G-1.d2.b1)[KL],b2[KL],(c.C-1.c2.c3)[IJ],(g.e.#a)[KL],c1[KL],#c1[KL],c1[KL],(#A-1.C-1)[KL],c[KL],(#c.g.e.#a)[KL],(c.c1)[KL],#c1[KL],c1[KL],(#A-1.C-1)[KL],c[KL],(#c.g.e.#a)[KL],(c.c1)[KL],#c1[KL],c1[KL],(#A-1.C-1.e1)[KL],c[KL],(#A-1.e1.c1.g.e)[KL],c[KL],(#G-1.f1.c1.#g.f)[JK],F-1[JK],(d1.b.f1)[KL],g1[KL],#g1[KL],g1[KL],(f.G-1)[KL],g[KL],(#g.d1.b.f1)[KL],(g.g1)[KL],#g1[KL],g1[KL],(f.G-1)[KL],g[KL],(#g.d1.b.f1)[KL],(g.g1)[KL],#g1[KL],g1[KL],(f.G-1.b1)[KL],g[KL],(f.b1.b)[KLN],g[KLN],(#d.c.c2.#d1.c1)[IJLM],(#a.#a1)[JKMN],(#d1.#a.g.#d2.#a1)[HK],(d1.#a.#g.f.d2.c2.#g1)[IJ],g2[KL],#g2[KL],#a2[KL],#g2[KL],c3[KL],#g2[KL],g2[KL],f2[KL],#d2[JK],d2[JK],(g.g1)[JK],(c1.g.#d.c2.g1)[HK],(b.g.f.d.b1.f1.g1)[IJ],e2[KL],f2[KL],g2[KL],f2[KL],#g2[KL],f2[KL],#d2[KL],d2[KL],c2[JK],b1[JK],(#d.#d1)[JK],(#g.#d.c.#g1.#d1.c1)[HK],(#A-1.#d.g.g1.#d1.#c1)[IJ],(#d.#d1)[JK],(g.#d.G-1.#c2.#d1.#c1)[HK],(#G-1.#d.#g.c2.#d1.c1)[IJ],(#d.#d1)[JK],(#c.#d.#a1.#d1.#a)[HK],(#d.c.#g1.#d1.#g)[HK],(#d.#A-1.g1.#d1.g)[HK],(#G-1.#d.#f1.c1.#f)[IJMN],(c.#d1)[JKMN],(d.B-1.G-1.g1.b.g)[IJ],#F-1[JK],G-1[JK],b2[KL],d3[KL],b2[KL],g2[KL],(#d.c.#d3)[IJ],#F-1[JK],G-1[JK],c3[KL],#d3[KL],c3[KL],g2[KL],(d.B-1.f3)[IJ],#F-1[JK],(G-1.d3)[KL],f3[KL],b2[KL],d3[KL],#g2[KL],b2[KL],f2[KL],#g2[KL],d2[KL],f2[KL],b1[KL],d2[KL],#g1[KL],b1[KL],"],"id":1},{"bpm":540,"baseBeats":0.75,"scores":["g1[KL],b1[KL],f1[KL],b1[KL],(c.C-1.G-1.#d1)[KL],#d2[KL],#f1[KL],#d2[KL],g1[KL],#d2[KL],(B-1.B-2.d1)[KL],d2[KL],#f1[KL],d2[KL],(G-1.G-2.g1)[KL],d2[KL],(d.D-1.b1)[KL],f2[KL],g1[KL],f2[KL],b1[KL],f2[KL],(c.C-1.g1)[KL],#d2[KL],c2[KL],#d2[KL],(G-1.G-2.g1)[KL],#d2[KL],(f.F-1.G-1.b1)[KL],#g2[KL],g1[KL],#g2[KL],b1[KL],#g2[KL],(#d.#D-1.G-1.g1)[KL],g2[KL],c2[KL],g2[KL],(#g.#G-1.c2.#d2)[KL],c3[KL],(f.F-1.c2.d2)[KL],c3[KL],b2[KL],c3[KL],(g.G-1.d2.b1)[KL],b2[KL],(c.C-1.c2.c3)[IJ],(g.e.#a)[KL],c1[KL],#c1[KL],c1[KL],(#A-1.C-1)[KL],c[KL],(#c.g.e.#a)[KL],(c.c1)[KL],#c1[KL],c1[KL],(#A-1.C-1)[KL],c[KL],(#c.g.e.#a)[KL],(c.c1)[KL],#c1[KL],c1[KL],(#A-1.C-1.e1)[KL],c[KL],(#A-1.e1.c1.g.e)[KL],c[KL],(#G-1.f1.c1.#g.f)[JK],F-1[JK],(d1.b.f1)[KL],g1[KL],#g1[KL],g1[KL],(f.G-1)[KL],g[KL],(#g.d1.b.f1)[KL],(g.g1)[KL],#g1[KL],g1[KL],(f.G-1)[KL],g[KL],(#g.d1.b.f1)[KL],(g.g1)[KL],#g1[KLN],g1[KL],(f.G-1.b1)[KLN],g[KLN],(f.b1.b)[KLN],g[KLN],(#d.c.c2.#d1.c1)[IJLM],G-1[JKL],C-1[JK],c[JK],B-1[JK],(A-1.c1)[JK],(a.c2)[JK],(g.b1)[JK],(f.a1)[JK],(f1.a2)[JK],(e1.g2)[JK],(d1.f2)[JK],(d2.f3)[JK],(c2.e3)[JK],(b1.f2)[JK],d3[JK],(a1.c3)[JK],(#g1.f2)[JK],b2[JK],(a1.c3.e2)[JK],(f1.d2)[JK],#g2[JK],(#f1.a2.c2)[JK],(g1.d2.b1)[IJ],G-1[JK],C-1[JK],c[JK],B-1[JK],(A-1.c1)[JK],(a.c2)[JK],(g.b1)[JK],(f.a1)[JK],(f1.a2)[JK],(e1.g2)[JK],(d1.f2)[JK],(d2.f3)[JK],(c2.e3)[JK],(b1.d3)[JK],(a1.#d3.c3)[JK],(#g1.e3.b2)[JK],(a1.c3.e2)[JK],(g1.#a2.#c3)[JK],(#f1.a2.d3)[JK],(g1.b2.d2)[JK],(c1.e2.c3)[JK],(d1.a2.#f2)[JK],(g.g2)[IJ],d[JK],G-1[JK],g[JK],(f.g2)[JK],e[JK],(d.#g2)[JK],(#c.a2)[JK],(d.f2)[JK],d1[JK],(c1.d2.d3)[JK],b[JK],(a.#d2.#d3)[JK],(#g.e2.e3)[JK],(a.c3.e2)[JK],a1[JK],(g1.a2.a1)[JK],#f1[JK],(e1.#a2.#a1)[JK],(#d1.b2.b1)[JK],(g1.e1.g2.b1)[JK],(a1.d1.c3.#f2.c2)[HIJK],(g1.b2.f2.b1)[JK],(g.b.d1.f1.f3.b2.f2)[HI],G-1[JK],C-1[JK],(c.e1)[KL],(d.f1)[KL],(B-1.d1)[KL],(c.e1)[KL],(A-1.c1)[JK],(a.c2)[KL],(b.d2)[KL],(g.b1)[KL],(a.c2)[KL],(f.a1)[JK],(f1.a2)[KL],(g1.b2)[KL],(e1.g2)[KL],(f1.a2)[KL],(d1.f2)[JK],(d2.f2)[KL],(e2.g2)[KL],(c2.e2)[KL],(d2.f2)[KL],(b1.d2)[JK],(f2.d3)[JK],(a1.c3)[JK],(#g1.f2)[JK],b2[JK],(a1.c3.e2)[JK],(f1.d2.c2)[JK],a2[JK],(g1.g2.d2.b1)[JK],(c1.c2)[IJ],d[JK],G-1[JK],g[JK],(f.g2)[JK],e[JK],(d.#g2)[JK],(#c.a2)[JK],(d.f2)[JK],d1[JK],(c1.d2.d3)[JK],b[JK],(a.#d2.#d3)[JK],(#g.e2.e3)[JK],(a.c3.e2)[JK],a1[JK],(g1.a2.a1)[JK],#f1[JK],(e1.#a2.#a1)[JK],(#d1.b2.b1)[JK],(g1.e1.g2.b1)[JK],(a1.d1.c3.#f2.c2)[HIJK],(g1.b2.f2.b1)[JK],(g.b.d1.f1.f3.b2.f2)[HI],G-1[JK],C-1[JK],(c.e1)[KL],(d.f1)[KL],(B-1.d1)[KL],(c.e1)[KL],(A-1.c1)[JK],(a.c2)[KL],(b.d2)[KL],(g.b1)[KL],(a.c2)[KL],(f.a1)[JK],(f1.a2)[KL],(g1.b2)[KL],(e1.g2)[KL],(f1.a2)[KL],(d1.f2)[JK],(d2.f2)[KL],(e2.g2)[KL],(c2.e2)[KL],(d2.f2)[KL],(b1.d2)[JK],(f2.d3)[JK],(a1.c3)[JK],(#g1.f2)[JK],b2[JK],(a1.c3.e2)[JK],(f1.d2.c2)[JKN],a2[JKN],(g1.g2.d2.b1)[JKL],(c1.c2)[IJLM],(c.C-1.c1.g.#d)[JK],(G-1.d1.b.g)[HK],(c.#d1.c1.g)[IJ],(c.e1.c1.g)[JK],(f.f1.c1.#g)[IJ],(c.g1.e1.c1)[JK],(F-1.#g1.f1.c1)[IJ],(f.#g1.f1.c1)[JK],(#d.a1.f1.c1)[HK],(d.#a1.f1.#a)[IJ],(d.#a1.f1.#a)[JK],(#d.g1.#d1.#a)[IJ],(#A-1.f1.d1.#g)[JK],"],"id":2},{"bpm":540,"baseBeats":0.75,"scores":["(#D-1.#d1.g)[IJ],(c.G-1.#D-1.C-1)[JK],(g.d.B-1.G-1)[JK],#f2[KL],g2[KL],g1[KL],g2[KL],(c1.g.#d.c.d2)[KL],#d2[KL],#d1[KL],#d2[KL],(c1.#a.e1)[KL],e2[KL],(c1.#g.f1)[KL],f2[KL],f1[KL],f2[KL],(c1.e.g1)[KL],g2[KL],(c1.f.#g1)[KL],#g2[KL],c2[KL],#g1[KL],(f.F-1)[JK],(c1.e.c.g)[JK],b2[KL],c3[KL],c2[KL],c3[KL],(f1.c1.#g.f.g2)[KL],#g2[KL],#g1[KL],#g2[KL],(d1.d.#a1)[KL],#a2[KL],(#d1.#d.g2)[KL],#d2[KL],#a1[KL],g2[KL],(#a.#A-1.f2.d2)[KL],#g1[KL],(#d.#D-1.#d2.g1)[IJ],(#a.#a1)[JK],(#d1.#a.g.#d2.#a1)[HK],(d1.#a.#g.f.d2.c2.#g1)[IJ],g2[KL],#g2[KL],#a2[KL],#g2[KL],c3[KL],#g2[KL],g2[KL],f2[KL],#d2[JK],d2[JK],(g.g1)[JK],(c1.g.#d.c2.g1)[HK],(b.g.f.d.b1.f1.g1)[IJ],e2[KL],f2[KL],g2[KL],f2[KL],#g2[KL],f2[KL],#d2[KL],d2[KL],c2[JK],b1[JK],(#d.#d1)[JK],(#g.#d.c.#g1.#d1.c1)[HK],(#A-1.#d.g.g1.#d1.#c1)[IJ],(#d.#d1)[JK],(g.#d.G-1.#c2.#d1.#c1)[HK],(#G-1.#d.#g.c2.#d1.c1)[IJ],(#d.#d1)[JK],(#c.#d.#a1.#d1.#a)[HK],(#d.c.#g1.#d1.#g)[HK],(#d.#A-1.g1.#d1.g)[HK],(#G-1.#d.#f1.c1.#f)[IJ],(c.#d1)[JK],(d.B-1.G-1.g1.b.g)[IJ],#F-1[JK],G-1[JK],b2[KL],d3[KL],b2[KL],g2[KL],(#d.c.#d3)[IJ],#F-1[JK],G-1[JK],c3[KL],#d3[KL],c3[KL],g2[KL],(d.B-1.f3)[IJ],#F-1[JK],(G-1.d3)[KL],f3[KL],b2[KL],d3[KL],#g2[KL],b2[KL],f2[KL],#g2[KL],d2[KL],f2[KL],b1[KL],d2[KL],#g1[KL],b1[KL],g1[KL],b1[KL],f1[KL],b1[KL],(c.C-1.G-1.#d1)[KL],#d2[KL],#f1[KL],#d2[KL],g1[KL],#d2[KL],(B-1.B-2.G-1.d1)[KL],d2[KL],#f1[KL],d2[KL],(G-1.G-2.g1)[KL],d2[KL],(d.D-1.b1)[KL],f2[KL],g1[KL],f2[KL],b1[KL],f2[KL],(c.C-1.g1)[KL],#d2[KL],c2[KL],#d2[KL],(G-1.G-2.g1)[KL],#d2[KL],(f.F-1.G-1.b1)[KL],#g2[KL],g1[KL],#g2[KL],b1[KL],#g2[KL],(#d.#D-1.G-1.g1)[KL],g2[KL],c2[KL],g2[KL],(#g.#G-1.c2.#d2)[KL],c3[KL],(f.F-1.c2.d2)[KL],c3[KL],d2[KL],c3[KL],(g.G-1.d2.b1)[KL],b2[KL],(c.C-1.c2.c3)[IJ],(g.e.#a)[KL],c1[KL],#c1[KL],c1[KL],(#A-1.C-1)[KL],c[KL],(#c.g.e.#a)[KL],(c.c1)[KL],#c1[KL],c1[KL],(#A-1.C-1)[KL],c[KL],(#c.g.e.#a)[KL],(c.c1)[KL],#c1[KL],c1[KL],(#A-1.C-1.e1)[KL],c[KL],(#A-1.C-1.e1.c1.g.e)[KL],c[KL],(#G-1.f1.c1.#g.f)[JK],F-1[JK],(d1.b.f1)[KL],g1[KL],#g1[KL],g1[KL],(f.G-1)[KL],g[KL],(#g.d1.b.f1)[KL],(g.g1)[KL],#g1[KL],g1[KL],(f.G-1)[KL],g[KL],(#g.d1.b.f1)[KL],(g.g1)[KL],#g1[KL],g1[KL],(f.G-1)[KL],g[KL],(#g.d1.f1)[KL],g[KL],(#g.b1.f1.d1)[KL],g[KL],(#g.b1.f1.d1)[KL],g[KLN],(#g.b1.f1.d1)[KLN],g[KLM],(#g.b1.f1.d1)[HHHHK],(d1.#g.b1.f1)[JK],(#d1.#g.c2.#f1)[HK],(d1.b1.f1)[IJ],(d1.b1.f1)[JK],(#d1.#g.c2.#f1)[HK],(d1.b1.f1)[IJ],(d1.b1)[JK],(f1.d1.g.b1)[JK],#g2[IJ],(f1.d1.g)[JK],g2[IJ],(#d1.c1)[JK],#f2[JK],f2[JK],e2[JK],#d2[JK],d2[KL],#c2[KL],(#f1.#d1.#g.c3.c2)[HK],(d1.f1.b1.b2)[IJ],(f1.d1.b2.b1)[JK],(#f1.#d1.#g.c3.c2)[HK],(d1.f1.b1.b2)[IJ],(f1.d1.b2.b1)[JK],(g.d1.f1.b1.b2)[JK],(f2.f3)[IJ],(d1.b.g.f1)[IJMN],(b1.b2)[JKLN],(c1.g.#d.c.c2.c3)[HHHHJN],"],"id":3}],"audition":{"start":[0,0],"end":[1,0]}}