{"baseBpm":135,"musics":[{"id":1,"baseBeats":0.25,"scores":["mute[HHMN],mute[HNO],mute[HMO],mute[JKLMNO],mute[IOP],mute[IOP],mute[IOP],mute[IJN],mute[KMOP],mute[KMOP],mute[KMOP],mute[KMOP],mute[KMOP],mute[KMOP],mute[KMOP],mute[KMOP],mute[KMOP],mute[KMOP],mute[KMOP],mute[KMOP],mute[KMOP],mute[KMOP],mute[KMOP],mute[KMOP],mute[KMOP],mute[KMOP],mute[KMOP],mute[KMOP],mute[KMOP],mute[KMOP],mute[KMOP],mute[KMOP],mute[KMOP],mute[KMOP],mute[KMOP],mute[KMOP],mute[KMOP],mute[LNO],mute[LNO],mute[KMOP],mute[KMOP],mute[KMOP],mute[KMOP],mute[KMOP],mute[KMOP],mute[KMOP],mute[KMOP],mute[KMOP],mute[KMOP],mute[KMOP],mute[KMOP],mute[KMOP],mute[KMOP],mute[KMOP],mute[HOP],mute[KMOP],mute[KMOP],mute[KMOP],mute[KMOP],mute[KMOP],mute[KMOP],mute[KMOP],mute[KMOP],mute[KMOP],mute[KMOP],mute[KMOP],mute[KMOP],mute[KMOP],mute[KMOP],mute[KMOP],mute[KMOP],mute[KMOP],mute[KMOP],mute[KMOP],mute[KMOP],mute[KMOP],mute[IP],mute[KMOP],mute[KMOP],mute[KMOP],mute[KMOP],mute[KMOP],mute[KMOP],mute[KMOP],mute[KMOP],mute[KMOP],mute[KMOP],mute[KMOP],mute[KMOP],mute[KMOP],mute[KMOP],mute[KMOP],mute[KMOP],mute[KMOP],mute[KMOP],mute[KMOP],mute[KMOP],mute[KMOP],mute[KMOP],mute[KMOP],mute[KMOP],mute[KMOP],mute[KMOP],mute[KMOP],mute[IKMNP],mute[KMOP],mute[KMOP],mute[KMOP],mute[KMOP],mute[KMOP],mute[JLNO],mute[HOP],mute[JLNO],mute[KMOP],mute[KMOP],mute[KMOP],mute[KMOP],mute[KMOP],mute[KMOP],mute[KMOP],mute[KMOP],mute[KMOP],mute[KMOP],mute[KMOP],mute[KMOP],mute[KMOP],mute[KMOP],mute[KMOP],mute[KMOP],mute[KMOP],mute[KMOP],mute[KMOP],mute[KMOP],mute[KMOP],mute[KMOP],mute[KMOP],mute[KMOP],mute[KMOP],mute[KMOP],mute[KMOP],mute[KMOP],mute[KMOP],mute[KMOP],mute[KMOP],mute[KMOP],mute[KMOP],mute[KMOP],mute[KMOP],mute[KMOP],mute[KMOP],mute[KMOP],mute[KMOP],mute[KMOP],mute[KMOP],mute[KMOP],mute[KMOP],mute[KMOP],mute[KMOP],mute[KMOP],mute[KMOP],mute[KMOP],mute[KMOP],mute[KMOP],mute[KMOP],mute[KMOP],mute[KMOP],mute[KMOP],mute[KMOP],mute[KMOP],mute[KMOP],mute[KMOP],mute[KMOP],mute[KMOP],mute[KMOP],mute[KMOP],mute[KMOP],mute[KMOP],mute[KMOP],mute[KMOP],mute[KMOP],mute[KMOP],mute[KMOP],mute[KMOP],mute[KMOP],mute[KMOP],mute[KMOP],mute[KMOP],mute[KMOP],mute[KMOP],mute[KMOP],mute[KMOP],mute[KMOP],mute[KMOP],mute[KMOP],mute[KMOP],mute[KMOP],mute[KMOP],mute[KMOP],mute[KMOP],mute[KMOP],mute[KMOP],mute[KMOP],mute[KMOP],mute[KMOP],mute[KMOP],mute[KMOP],mute[KMOP],mute[KMOP],mute[HIMO],mute[JLP],mute[KMOP],mute[JLNO],mute[KM],5<V>,mute[JLP],mute[KMOP],mute[JLNO],mute[KM],5<V>,mute[JLP],mute[KMOP],mute[JLNO],mute[KMN],5<V>,mute[KLNOP],mute[KMOP],mute[KMOP],mute[LNO],mute[JP],mute[KMOP],mute[KMOP],mute[LNO],mute[JP],mute[KMOP],mute[KMOP],mute[LNO],mute[JP],mute[KMOP],mute[KMOP],mute[LNO],mute[KP],mute[MOP],mute[LNO],mute[KMOP],mute[LNO],mute[LNO],mute[LNO],mute[KP],mute[MOP],mute[LNO],mute[KMOP],mute[KMOP],mute[LNO],mute[KP],mute[MOP],mute[LNO],mute[KMOP],mute[LNO],mute[LNO],mute[LNO],mute[KP],mute[MOP],mute[LNO],mute[LNO],mute[LNO],mute[KMOP],mute[LNO],mute[KP],mute[MOP],mute[LNO],mute[KMOP],mute[LNO],mute[LNO],mute[LNO],mute[KP],mute[MOP],mute[LNO],mute[KMOP],mute[KMOP],mute[LNO],mute[KP],mute[MOP],mute[LNO],mute[KMOP],mute[LNO],mute[LNO],mute[LNO],mute[KP],mute[MOP],mute[LNO],mute[LNO],mute[LNO],mute[KMOP],mute[LNO],mute[KP],mute[MOP],mute[LNO],mute[KMOP],mute[KMOP],mute[LNO],mute[KP],mute[MOP],mute[LNO],mute[KMOP],mute[KMOP],mute[LNO],mute[KP],mute[MOP],mute[LNO],mute[LNO],mute[LNO],mute[KMOP],mute[LNO],mute[KP],mute[MOP],mute[LNO],mute[LNO],mute[LNO],mute[KMOP],mute[LMN],mute[HIKNO],","a3[HHMN],(a2.c3)[HNO],(F-1.f.a)[HNO],(E-1.e)[N],c1[JKLMNO],f1[IOP],(f.c1.f1.a1)[IOP],c2[IOP],(c.e.c1.e1)[IJN],(c.c1)[KMOP],A-1[KMOP],G-1[KMOP],(#A-1.f1.a1)[KMOP],d[KMOP],g[KMOP],(a.g1)[KMOP],g[KMOP],d[KMOP],(#A-1.d1)[KMOP],d[KMOP],g[KMOP],(a.c1)[KMOP],g[KMOP],(d.d1.f1)[KMOP],(A-1.e1.g1)[KMOP],f[KMOP],g[KMOP],(a.a1)[KMOP],(c1.c2)[KMOP],(a.a1)[KMOP],(#A-1.#a.f1)[KMOP],d[KMOP],f[KMOP],a[KMOP],f[KMOP],(d1.d2)[KMOP],(#A-1.a1.a2)[KMOP],d[KMOP],g[LNO],f2[LNO],(a.g1.g2)[KMOP],g[KMOP],d[KMOP],(#A-1.d1.d2)[KMOP],d[KMOP],g[KMOP],(a.c1.c2)[KMOP],g[KMOP],(d.d2.f2)[KMOP],(A-1.e2.g2)[KMOP],f[KMOP],g[KMOP],(a.a1.a2)[KMOP],c1[KMOP],a[KMOP],(#A-1.f.#a.f1.#a1.d2)[HOP],(G-1.#a1.f2.a2)[KMOP],d[KMOP],(g.g2)[KMOP],(a.a1.d2)[KMOP],g[KMOP],(d.c2)[KMOP],(G-1.#a1.f2.a2)[KMOP],d[KMOP],(g.g2)[KMOP],(a.a1.c2.d2)[KMOP],g[KMOP],(d.c2)[KMOP],(#A-1.#a1.f2.a2)[KMOP],d[KMOP],(g.c3)[KMOP],(a.a2.d3)[KMOP],g[KMOP],(f.c3)[KMOP],(c.f2.a2)[KMOP],g[KMOP],(a.f2)[KMOP],(c1.g1.e2)[IP],(#D-2.#D-1.#a.#d1.g1)[KMOP],#A-1[KMOP],#d[KMOP],(#a.f1)[KMOP],#d[KMOP],(#A-1.g1)[KMOP],(#A-2.d1)[KMOP],(F-1.#d1)[KMOP],(#A-1.f1)[KMOP],(A-1.c1)[KMOP],c[KMOP],(#A-1.#a)[KMOP],(#D-1.#a1.#d2.g2)[KMOP],#A-1[KMOP],#d[KMOP],(#a.#a2)[KMOP],#d[KMOP],(#A-1.g2)[KMOP],(#A-2.d2.f2)[KMOP],(F-1.#d2)[KMOP],(#A-1.#a1.d2)[KMOP],(A-1.c2)[KMOP],c[KMOP],(#A-1.#a1)[KMOP],(#D-2.#D-1.g1)[KMOP],G-1[KMOP],#A-1[KMOP],#d[IKMNP],(D-2.D-1)[KMOP],A-1[KMOP],d[KMOP],f[KMOP],a[KMOP],d1[JLNO],f1[HOP],d1[JLNO],#a[KMOP],(g.g1)[KMOP],(#A-2.#A-1.f2.d3)[KMOP],f[KMOP],(#a.c3)[KMOP],(c1.g2)[KMOP],#a[KMOP],(f.f2)[KMOP],(#A-1.f2.d3)[KMOP],f[KMOP],(#a.c3)[KMOP],(c1.g2)[KMOP],#a[KMOP],(f.f2)[KMOP],(A-1.f2.c3)[KMOP],c[KMOP],f[KMOP],(g.g2.d3)[KMOP],f[KMOP],c[KMOP],(#D-1.#d2.#a2)[KMOP],#A-1[KMOP],#d[KMOP],#a[KMOP],#d[KMOP],d[KMOP],(#A-2.#A-1.f2.d3)[KMOP],f[KMOP],(#a.f2.c3)[KMOP],(c1.d2.g2)[KMOP],#a[KMOP],(f.f2)[KMOP],(#A-1.f2.d3)[KMOP],f[KMOP],(#a.g2.c3)[KMOP],(c1.#d2.g2)[KMOP],#a[KMOP],(f.f2)[KMOP],(A-1.f2.c3)[KMOP],c[KMOP],(f.g2.#a2)[KMOP],(g.g2.d3)[KMOP],f[KMOP],(c.a2.f3)[KMOP],(#D-1.f2.#a2)[KMOP],#A-1[KMOP],#d[KMOP],#a[KMOP],#d[KMOP],(d.#d2.g2)[KMOP],(C-1.c.d2.d3)[KMOP],#d[KMOP],(g.c2.c3)[KMOP],(c1.g1.g2)[KMOP],g[KMOP],(#d.f1.f2)[KMOP],(A-1.d2.d3)[KMOP],d[KMOP],(f.c2.c3)[KMOP],(a.g1.g2)[KMOP],f[KMOP],(d.f1.f2)[KMOP],(#A-1.d2.d3)[KMOP],d[KMOP],f[KMOP],(#a.c2.c3)[KMOP],f[KMOP],(d.f2.f3)[KMOP],(#D-1.#d.#a1.#d2.#a2)[KMOP],#A-1[KMOP],#d[KMOP],#a[KMOP],c1[KMOP],(d1.g1.g2)[KMOP],(#A-1.d2.d3)[KMOP],f[KMOP],(#a.c2.c3)[KMOP],(c1.g1.g2)[KMOP],#a[KMOP],(f.f1.f2)[KMOP],(A-1.d2.d3)[KMOP],c[KMOP],(f.c2.c3)[KMOP],(a.g1.g2)[KMOP],f[KMOP],(c.f1.f2)[KMOP],(E-2.E-1.d2.d3)[KMOP],G-1[KMOP],c[KMOP],(e.c2.c3)[KMOP],g[KMOP],(E-1.f2.f3)[KMOP],(#D-2.#D-1.#a1.#d2.#a2)[KMOP],#A-1[KMOP],#d[KMOP],(F-1.f.c2.f2.c3)[HINP],(#A-1.f1)[NP],d2[JLP],(f.c2)[KMOP],(#a.g1)[JLNO],f1[KMOP],(#A-1.f2)[NP],d3[JLP],(f.c2.c3)[KMOP],(#a.g1.g2)[JLNO],(f1.f2)[KMOP],(#A-1.f3)[NP],d4[JLP],(f.c3.c4)[KMOP],(#a.g2.g3)[JLNO],(f2.f3)[KMOP],(#A-2.#a)[OP],f1[P],#a1[P],F-1[N],#A-1[KLNOP],(#A-2.#A-1)[KMOP],#A-1[KMOP],F-1[LNO],(#A-2.#A-1)[JP],(#A-2.#A-1)[KMOP],#A-1[KMOP],F-1[LNO],(#A-2.#A-1)[JP],(#A-2.#A-1)[KMOP],#A-1[KMOP],F-1[LNO],(#A-2.#A-1)[JP],(#A-2.#A-1)[KMOP],#A-1[KMOP],F-1[LNO],(#A-2.#A-1.d2)[KP],#A-2[MOP],#A-1[LNO],(#A-2.#A-1)[KMOP],#A-1[LNO],c2[LNO],F-1[LNO],(#A-2.#A-1.f2)[KP],#A-2[MOP],#A-1[LNO],(#A-2.#A-1)[KMOP],#A-1[KMOP],F-1[LNO],(#D-2.#D-1.#a1)[KP],#D-2[MOP],#D-1[LNO],(#D-2.#D-1)[KMOP],#D-1[LNO],g1[LNO],F-1[LNO],(#A-2.#A-1.d2)[KP],#A-2[MOP],#A-1[LNO],(#A-2.#A-1)[LNO],c2[LNO],#A-1[KMOP],F-1[LNO],(#A-2.#A-1.d2)[KP],#A-2[MOP],#A-1[LNO],(#A-2.#A-1)[KMOP],#A-1[LNO],g2[LNO],F-1[LNO],(#A-2.#A-1.f2)[KP],#A-2[MOP],#A-1[LNO],(#A-2.#A-1)[KMOP],#A-1[KMOP],F-1[LNO],(#D-2.#D-1.#a1)[KP],#D-2[MOP],#D-1[LNO],(#D-2.#D-1)[KMOP],#D-1[LNO],#d2[LNO],F-1[LNO],(#A-2.#A-1.d2)[KP],#A-2[MOP],#A-1[LNO],(#A-2.#A-1)[LNO],c2[LNO],#A-1[KMOP],F-1[LNO],(#A-1.d.g.#a1.#a2)[KP],(#A-1.d.g)[MOP],(#A-1.d.g)[LNO],(#A-1.d.g)[KMOP],(#A-1.d.g)[KMOP],(#A-1.d.g)[LNO],(A-1.d.#f.a1.a2)[KP],(A-1.d.#f)[MOP],(A-1.d.#f)[LNO],(A-1.d.#f)[KMOP],(A-1.d.#f)[KMOP],(A-1.d.#f)[LNO],(#A-1.d.g.#a1.d2.#a2)[KP],(#A-1.d.g)[MOP],(#A-1.d.g)[LNO],(#A-1.d.g)[LNO],(g1.#a1.g2)[LNO],(#A-1.d.g)[KMOP],(#A-1.d.g)[LNO],(c.e.g.c2.g2.c3)[KP],(c.e.g)[MOP],(c.e.g)[LNO],(c.e.g)[LNO],g2[LNO],(c.e.g)[KMOP],(c.e.g)[LNO],(#d.d2)[OP],(g.d3)[OP],d1[HIKNO],"]},{"id":2,"baseBeats":0.25,"scores":["WYTVXY,TVXY,RTVWY,RTVWY,UX,UX,UX,UX,UX,UX,UX,UX,UX,UX,UX,UX,UX,UX,UX,UX,UX,V,VX,UX,UX,V,VX,UX,UX,V,VX,UX,UX,UX,UX,UX,UX,UX,UX,UX,V,VX,UX,UX,V,VX,UX,UX,V,VX,UX,UX,UX,UX,UX,UX,UX,UX,UX,V,VX,UX,UX,V,VX,UX,UX,V,VX,UX,UX,UX,UX,UX,UX,UX,UX,UX,V,VX,UX,UX,V,VX,UX,UX,V,VX,UX,UX,UX,UX,UX,UX,UX,UX,UX,V,VX,UX,UX,V,VX,UX,UX,V,VX,UX,UX,UX,UX,UX,UX,UX,UX,UX,V,VX,UX,UX,V,VX,UX,UX,V,VX,UX,UX,UX,UX,UX,UX,UX,UX,R,VWX,R,VWX,R,VWX,R,VWX,QU,VXY,QUVXY,UWX,SUWX,SUWX,SUWX,SUWX,RT,VWY,QT,UV,U,U,U,U,U,U,U,U,V,V,V,V,V,V,V,V,V,V,V,V,V,V,V,V,U,U,U,U,U,U,U,U,U,U,U,U,U,U,U,U,U,U,U,U,U,U,U,U,U,U,U,U,U,U,U,U,U,U,U,U,U,U,U,U,U,U,U,U,U,U,U,U,U,U,U,U,U,U,U,U,U,U,U,U,U,U,U,U,U,U,U,U,U,U,U,U,U,U,U,U,U,U,U,U,U,U,U,U,U,U,U,U,U,U,U,U,U,U,U,U,U,U,U,U,U,U,U,U,U,U,U,U,U,U,U,U,U,U,U,U,U,U,U,U,U,U,U,U,U,V,V,U,U,U,U,U,U,U,U,U,U,U,U,U,UY,UY,UY,UY,UX,UX,UX,UX,UX,UXY,UXY,UXY,UXY,UXY,UXY,UW,UW,UW,UW,UWY,UWY,UWX,UV,UV,UYV,UVX,UVX,UVX,UVXY,UVXY,T,TUWY,UW,UV,QQSTU,","#c3[NP],(#d.g.c1.c3)[KMOP],#a2[KMOP],(d.a.#c1.a2)[IKMNP],(#A-1.#f.#f2)[IKMNP],(F-1.#A-1.d.f.f2)[LO],#A-1[LO],#A-1[LO],#A-1[LO],#A-1[LO],#A-1[LO],#A-1[LO],#A-1[LO],#A-1[LO],#A-1[LO],#A-1[LO],#A-1[LO],#A-1[LO],#A-1[LO],#A-1[LO],#A-1[LO],(#A-2.#A-1)[LO],#A-2[MP],#A-1[MP],#A-1[LO],(#A-2.#A-1)[LO],#A-2[MP],#A-1[MP],#A-1[LO],(#A-2.#A-1)[LO],#A-2[MP],#A-1[MP],#A-1[LO],(#A-2.#A-1)[LO],#A-1[LO],#A-1[LO],(#A-2.#A-1)[LO],#A-1[LO],(#A-2.#A-1)[LO],#A-1[LO],(#A-2.#A-1)[LO],#A-2[MP],#A-1[MP],#A-1[LO],(#A-2.#A-1)[LO],#A-2[MP],#A-1[MP],#A-1[LO],(#A-2.#A-1)[LO],#A-2[MP],#A-1[MP],#A-1[LO],(#A-2.#A-1)[LO],#A-1[LO],#A-1[LO],(#A-2.#A-1)[LO],#A-1[LO],(#A-2.#A-1)[LO],#A-1[LO],(#A-2.#A-1.d1.#a1.d2)[LO],#A-2[MP],#A-1[MP],#A-1[LO],(#A-2.#A-1)[LO],#A-2[MP],#A-1[MP],#A-1[LO],(#A-2.#A-1.f1.c2)[LO],#A-2[MP],#A-1[MP],(#A-1.f1.#a1.f2)[LO],(#A-2.#A-1)[LO],#A-1[LO],#A-1[LO],(#A-2.#A-1)[LO],#A-1[LO],(#A-2.#A-1)[LO],#A-1[LO],(#D-2.#D-1.#d1.#a1)[LO],#D-2[MP],#D-1[MP],#D-1[LO],(#D-2.#D-1)[LO],#D-2[MP],#D-1[MP],#D-1[LO],(#D-2.#D-1.#d1.g1)[LO],#D-2[MP],#D-1[MP],(#A-1.d1.#a1.d2)[LO],(#A-2.#A-1)[LO],#A-1[LO],#A-1[LO],(#A-2.#A-1.c1.f1.c2)[LO],#A-1[LO],(#A-2.#A-1)[LO],#A-1[LO],(#A-2.#A-1.d1.#a1.d2)[LO],#A-2[MP],#A-1[MP],#A-1[LO],(#A-2.#A-1)[LO],#A-2[MP],#A-1[MP],#A-1[LO],(#A-2.#A-1.c2.g2)[LO],#A-2[MP],#A-1[MP],(#A-1.f1.#a1.f2)[LO],(#A-2.#A-1)[LO],#A-1[LO],#A-1[LO],(#A-2.#A-1)[LO],#A-1[LO],(#A-2.#A-1)[LO],#A-1[LO],(#D-2.#D-1.#a.#d1.#a1)[LO],#D-2[MP],#D-1[MP],#D-1[LO],(#D-2.#D-1)[LO],#D-2[MP],#D-1[MP],#D-1[LO],(#D-2.#D-1.#a1.#d2)[LO],#D-2[MP],#D-1[MP],(#A-1.d1.#a1.d2)[LO],(#A-2.#A-1)[LO],#A-1[LO],#A-1[LO],(#A-2.#A-1.c1.f1.c2)[LO],#A-1[LO],(#A-2.#A-1)[LO],#A-1[LO],(G-1.d.g.d1.g1.#a1)[IMNO],(D-1.A-1.d.d1.a1)[IMNO],(F-1.d.#a.f1.#a1)[IMNO],(G-2.G-1.d.g.#a.g1)[IMNO],(C-1.#D-1.G-1.c.d1.g1.d2)[HLMOP],(c.g.d1.g1)[HLMOLNOP],(#a1.#a2)[JLNO],d3[JLNO],(#a1.#a2)[JLNO],g2[JLNO],(c2.f2)[IKMNP],c2[HKLM],(#A-2.#A-1.#a.#a1)[L],#A-1[L],#A-1[L],(#A-2.#A-1)[L],#A-1[L],#A-1[L],(#A-2.#A-1)[L],#A-1[L],(#A-1.g1)[M],g[M],(#A-2.#A-1.g1)[M],g[M],(#A-1.g1)[M],g[M],(#A-1.g1)[M],g[M],(#A-2.#A-1.g1)[M],g[M],(#A-1.g1)[M],g[M],(#A-2.#A-1.g1)[M],g[M],(#A-1.g1)[M],g[M],(#D-1.#d.g.d1.f1.d2)[L],#d[L],#d[L],(#D-1.#d.g.d1)[L],#d[L],#d[L],(#D-1.#d.g.d1)[L],#d[L],#d[L],(#D-1.#d.g.d1)[L],#d[L],#d[L],(#D-1.#d.g.d1.f1.c2)[L],#d[L],(#D-1.#d.g.d1.f1.#a1)[L],#d[L],(#A-2.#A-1.g.d1.f1.a1)[L],#A-1[L],#A-1[L],(#A-2.#A-1.g.d1.f1.#a1)[L],#A-1[L],#A-1[L],(#A-2.#A-1.g.d1)[L],#A-1[L],#A-1[L],(#A-2.#A-1.g.d1)[L],#A-1[L],#A-1[L],(G-2.G-1.g.d1.f1.g1)[L],G-1[L],(G-2.G-1.g.d1)[L],G-1[L],(#D-1.#d.g.d1.f1.d2)[L],#d[L],#d[L],(#D-1.#d.g.d1)[L],#d[L],#d[L],(#D-1.#d.g.d1)[L],#d[L],#d[L],(#D-1.#d.g.d1)[L],#d[L],#d[L],(#D-1.#d.g.d1.f1.c2)[L],#d[L],(#D-1.#d.g.d1.f1.#a1)[L],#d[L],(#A-2.#A-1.g.d1.f1.a1)[L],#A-1[L],#A-1[L],(#A-2.#A-1.g.d1.f1.#a1)[L],#A-1[L],#A-1[L],(#A-2.#A-1.g.d1)[L],#A-1[L],#A-1[L],(#A-2.#A-1.g.d1)[L],#A-1[L],#A-1[L],(G-2.G-1.g.d1.f1.g1.c2)[L],G-1[L],(G-2.G-1.g.d1)[L],G-1[L],(#D-1.#A-1.#d.g.d1.f1.d2)[L],(#A-1.#d.g1)[L],(#A-1.#d.f1)[L],(#D-1.#A-1.#d.g.d1.d2)[L],(#A-1.#d.g1)[L],(#A-1.#d.f1)[L],(#D-1.#A-1.#d.g.d1.d2)[L],(#A-1.#d.g1)[L],(#D-1.#A-1.#d.f1)[L],(#A-1.#d.g.d1.d2)[L],(#A-1.#d.g1)[L],(#D-1.#A-1.#d.f1)[L],(#A-1.#d.g.d1.f1.c2.d2)[L],(#A-1.#d.g1)[L],(#D-1.#A-1.#d.g.d1.f1.#a1.d2)[L],(#A-1.#d.f2)[L],(#A-2.#A-1.g.d1.f1.a1.d2)[L],(#A-1.g1)[L],(#A-1.f1)[L],(#A-2.#A-1.g.d1.f1.#a1.d2)[L],(#A-1.g1)[L],(#A-1.f1)[L],(#A-2.#A-1.g.d1.d2)[L],(#A-1.g1)[L],(#A-1.f1)[L],(#A-2.#A-1.g.d1.d2)[L],(#A-1.g1)[L],(#A-1.f1)[L],(G-2.G-1.g.d1.f1.g1.d2)[L],(G-1.g1)[L],(G-2.G-1.g.d1.d2)[L],(G-1.f2)[L],(C-1.G-1.c.g.d1.f1.d2)[L],(G-1.c.g1)[L],(G-1.c.f1)[L],(C-1.G-1.c.g.d1.d2)[L],(G-1.c.g1)[L],(G-1.c.f1)[L],(C-1.G-1.c.g.d1.d2)[L],(G-1.c.g1)[L],(C-1.G-1.c.f1)[L],(G-1.c.g.d1.d2)[L],(G-1.c.g1)[L],(C-1.G-1.c.f1)[L],(G-1.c.g.d1.f1.d2.f2)[L],(G-1.c.g1)[L],(C-1.G-1.c.g.d1.f1.d2)[L],(G-1.c.f2)[L],(#D-1.#d.g.d1.f1.c2.d2)[L],(#d.g1)[L],(#d.f1)[L],(#D-1.#d.g.d1.f1.d2.f2)[L],(#d.g1)[L],(#d.f1)[L],(#D-1.#d.g.d1.d2)[L],(#d.g1)[L],(#d.f1)[L],(#D-1.#d.g.d1.d2)[L],(#d.g1)[L],(#d.f1)[L],(#D-1.#d.g.d1.d2)[L],(#d.g1)[M],c2[M],(#D-1.#d.g.d1.d2)[L],(#d.f2)[L],(#A-2.#A-1.d2)[L],g1[L],f1[L],(#A-2.#A-1.d2)[L],g1[L],f1[L],(#A-2.#A-1.d2)[L],g1[L],f1[L],(#A-2.#A-1.d2)[L],g1[L],f1[LP],(#A-2.#A-1.d2)[LP],g1[LP],d2[LP],f2[LO],(#A-2.#A-1.d2)[LO],g1[LO],f1[LO],(#A-2.#A-1.d2)[LO],g1[LOP],f1[LOP],(#A-2.#A-1.d2)[LOP],g1[LOP],f1[LOP],(#A-2.#A-1.d2)[LOP],g1[LN],f1[LN],(#A-2.#A-1.d2)[LN],g1[LN],f1[LNP],(#A-1.#a.d2)[LNP],g1[LNO],f1[LM],(#A-1.#a.d2)[LM],g1[LPM],f1[LMO],(#A-1.#a.d2)[LMO],g1[LMO],f1[LMOP],(#A-1.#a.d2)[LMOP],g1[K],f1[KL],(#A-1.#d.#a.d2)[NP],d3[LN],g1[LM],f1[HHJKL],"]},{"id":3,"baseBeats":0.25,"scores":["RU,TU,RSX,5<V>,RWXY,TU,ST,ST,SV,UV,TU,TU,ST,ST,RS,RS,RS,U,U,U,U,U,U,U,U,U,U,U,U,U,U,U,U,U,U,U,U,U,U,U,U,U,U,U,U,U,U,U,U,U,U,U,U,U,U,U,U,U,U,U,U,U,U,U,U,U,U,U,U,U,U,U,U,U,U,U,U,U,U,U,U,U,U,U,U,U,U,U,UVWXY,U,U,U,U,U,U,U,U,U,U,U,U,U,U,U,U,U,U,U,U,U,U,U,U,U,U,U,U,U,U,UVWXY,U,U,U,U,U,U,U,U,U,U,U,U,U,U,U,U,U,U,U,U,U,U,U,U,U,U,U,U,U,U,UVWXY,U,U,U,U,U,U,U,U,U,U,U,U,U,U,UVWXY,U,U,U,U,U,U,U,U,U,U,U,U,U,U,UVWXY,U,U,U,U,U,U,U,U,U,U,U,U,U,U,U,U,U,U,U,U,U,U,U,U,U,U,U,U,U,U,UVWXY,U,U,U,U,U,U,U,U,U,U,U,U,U,U,UVWXY,U,U,U,U,U,U,U,U,U,U,U,U,U,U,UVWXY,U,U,U,U,U,U,U,U,U,U,U,U,U,U,U,U,U,U,U,U,U,U,U,U,U,U,U,U,U,U,UVWXY,U,U,U,U,U,U,U,U,U,U,U,U,U,U,UVWXY,U,U,U,U,U,U,U,U,U,U,U,U,U,U,UVWXY,U,U,U,U,U,U,U,U,U,U,U,U,U,U,UVWXY,U,U,U,U,U,U,U,STUVWY,SUVWX,UVWXY,STUVWY,STUVWY,STUVWY,SUVWX,UVWXY,TVWXY,TVWXY,UVWXY,U,U,U,U,U,U,U,U,U,U,U,U,U,U,U,U,U,U,U,U,U,U,U,U,U,U,U,U,U,U,U,U,U,U,U,U,U,U,U,U,U,U,U,U,U,U,U,U,U,U,U,U,U,U,U,U,U,U,U,U,U,U,U,U,U,U,U,U,U,U,U,U,U,U,U,U,U,U,U,U,U,U,U,U,U,U,U,U,U,U,U,U,U,U,U,U,U,U,U,U,U,U,U,U,U,U,U,U,U,U,U,U,U,U,U,U,U,U,U,U,U,U,U,U,U,U,U,U,U,U,U,U,U,U,U,U,RWY,TY,SUXY,UY,RWY,TY,STXY,QSUVX,RVXY,RVXY,RVXY,RVXY,RVXY,RVXY,QUWXY,RVXY,RVXY,RVXY,RVXY,RVXY,RVXY,QUWXY,RVXY,RVXY,RVXY,STVY,UY,UY,QUWXY,SWX,SWX,TVWX,TU,TVWX,RVXY,SWX,SWX,RVXY,SWX,TXY,TXY,RVXY,SWX,TXY,TXY,QUWXY,SUXY,SUXY,SUXY,SUXY,RTWX,SUVX,SUVX,RTUW,SUVX,SUVX,QSTV,QSTV,QSTV,QQRSUV,","(#d.g1.d2)[IL],c2[KL],(g.c1.#a1.f2)[IJ],(#d.#a)[NP],#d1[NP],#a1[INOP],g1[KL],(#A-1.f.f1.#a1.d2)[JK],c2[JK],(c.g1.#a1)[JM],d[LM],d2[KL],#d[KL],(G-1.g.g1.#a1)[JK],(f.g1)[JK],(#c.f.#g.f1)[IJ],(#d.g.c1)[IJ],#a[IJ],(G-1.d1.a1)[L],#a1[L],d2[L],g2[L],#a2[L],c3[L],d3[L],#a2[L],a1[L],#a1[L],d2[L],g2[L],#a2[L],c3[L],d3[L],c3[L],a1[L],#a1[L],d2[L],g2[L],#a2[L],c3[L],d3[L],f3[L],a1[L],#a1[L],d2[L],g2[L],#a2[L],c3[L],d3[L],g3[L],a1[L],#a1[L],d2[L],g2[L],#a2[L],c3[L],d3[L],a3[L],a1[L],#a1[L],d2[L],g2[L],#a2[L],c3[L],d3[L],#a3[L],a1[L],#a1[L],d2[L],g2[L],#a2[L],c3[L],d3[L],c4[L],a1[L],#a1[L],d2[L],g2[L],(g1.#a2)[L],c3[L],d3[L],d4[L],(a.a1)[L],#a1[L],d2[L],g2[L],#a2[L],c3[L],d3[L],#a3[LMNOP],#a1[L],d2[L],g2[L],#a2[L],c3[L],d3[L],#a3[L],(#a.g1.#a1)[L],#a1[L],d2[L],g2[L],#a2[L],c3[L],d3[L],#a3[L],(d1.g1.d2)[L],#a1[L],d2[L],g2[L],#a2[L],c3[L],d3[L],#a3[L],(a.d1.a1)[L],#a1[L],d2[L],g2[L],#a2[L],c3[L],d3[L],#a3[LMNOP],#a1[L],d2[L],g2[L],#a2[L],c3[L],d3[L],#a3[L],(#a.#d1.g1.#a1.d2)[L],#a1[L],d2[L],g2[L],#a2[L],c3[L],d3[L],#a3[L],f2[L],#a1[L],d2[L],g2[L],#a2[L],c3[L],d3[L],c4[L],(g.d1.g1.#a1.c2)[L],#a1[L],d2[L],g2[L],#a2[L],c3[L],d3[L],#a3[LMNOP],#a1[L],d2[L],g2[L],#a2[L],c3[L],d3[L],#a3[L],(g.d1.g1.a1.c2)[L],#a1[L],d2[L],g2[L],#a2[L],c3[L],d3[L],#a3[LMNOP],#a1[L],d2[L],g2[L],#a2[L],c3[L],d3[L],#a3[L],(G-1.g)[L],#a1[L],d2[L],g2[L],#a2[L],c3[L],d3[L],#a3[LMNOP],#a1[L],d2[L],g2[L],#a2[L],c3[L],d3[L],#a3[L],(g.#d1.g1.#a1.d2)[L],#a1[L],d2[L],g2[L],#a2[L],c3[L],d3[L],#a3[L],f2[L],#a1[L],d2[L],g2[L],#a2[L],c3[L],d3[L],c4[L],(G-1.g.d1.g1.a1.#a1)[L],#a1[L],d2[L],g2[L],#a2[L],c3[L],d3[L],#a3[LMNOP],#a1[L],d2[L],g2[L],#a2[L],c3[L],d3[L],#a3[L],(G-1.g.d1.g1.a1.c2)[L],#a1[L],d2[L],g2[L],#a2[L],c3[L],d3[L],#a3[LMNOP],#a1[L],d2[L],g2[L],#a2[L],c3[L],d3[L],#a3[L],(G-1.g)[L],#a1[L],d2[L],g2[L],#a2[L],c3[L],d3[L],#a3[LMNOP],#a1[L],d2[L],g2[L],#a2[L],c3[L],d3[L],#a3[L],(g.#d1.g1.#a1.d2)[L],#a1[L],d2[L],g2[L],#a2[L],c3[L],d3[L],#a3[L],f2[L],#a1[L],d2[L],g2[L],#a2[L],c3[L],d3[L],c4[L],(G-1.d.g.d1.f1.a1)[L],#a1[L],d2[L],g2[L],#a2[L],c3[L],d3[L],#a3[LMNOP],#a1[L],d2[L],g2[L],#a2[L],c3[L],d3[L],#a3[L],(G-1.d.#a)[L],#a1[L],d2[L],g2[L],#a2[L],c3[L],d3[L],#a3[LMNOP],#a1[L],d2[L],g2[L],#a2[L],c3[L],d3[L],#a3[L],(G-1.d.a)[L],#a1[L],d2[L],g2[L],#a2[L],c3[L],d3[L],#a3[LMNOP],#a1[L],d2[L],g2[L],#a2[L],c3[L],d3[L],#a3[L],(G-1.#d.#a)[L],#a1[L],d2[L],g2[L],#a2[L],c3[L],d3[L],#a3[LMNOP],#a1[L],d2[L],g2[L],#a2[L],c3[L],d3[L],c4[L],(#a.d1.a1.d2)[JKLMNP],(g.c1.f1.c2)[JLMNO],g1[LMNOP],(a.d1.f1.a1)[JKLMNP],(g.#a.g1)[JKLMNP],(#d.g.#a.c2)[JKLMNP],(#a.#d1.g1.d2)[JLMNO],a1[LMNOP],(G-1.d.g.#a.f1)[KMNOP],(G-1.g)[KMNOP],(G-1.g)[LMNOP],(g1.#a1)[L],(G-1.g.g2)[L],g2[L],g2[L],(G-1.g.#a1.g2)[L],(#a1.g2)[L],(G-1.g.#a1.g2)[L],(#a1.g2)[L],(C-1.c.g.d1.g1.d2)[L],(C-1.c.g)[L],(C-1.c.g)[L],(C-1.c.g)[L],(C-1.c.g)[L],(C-1.c.g)[L],(C-1.c.g)[L],(C-1.c.g)[L],(C-1.c.g.g1)[L],(C-1.c.g)[L],(C-1.c.g.#a.g1.#a1)[L],(C-1.c.g)[L],(C-1.c.g)[L],(C-1.c.g)[L],(C-1.c.g)[L],(C-1.c.g.g1)[L],(D-1.d.a.f1.#a1)[L],(D-1.d.a)[L],(D-1.d.a)[L],(D-1.d.a)[L],(D-1.d.a)[L],(D-1.d.a)[L],(D-1.d.a)[L],(D-1.d.a)[L],(D-1.d.a.f1)[L],(D-1.d.a)[L],(D-1.d.a.c1.f1.c2)[L],(D-1.d.a)[L],(D-1.d.a)[L],(D-1.d.a)[L],(D-1.d.a)[L],(D-1.d.a.g1)[L],(#D-1.#d.#a.g1.#a1)[L],(#D-1.#d.#a)[L],(#D-1.#d.#a)[L],(#D-1.#d.#a)[L],(#D-1.#d.#a)[L],(#D-1.#d.#a)[L],(#D-1.#d.#a)[L],(#D-1.#d.#a)[L],(#D-1.#d.d1.g1.#a1)[L],(#D-1.#d.d1)[L],(#D-1.#d.d1)[L],(#D-1.#d.d1.#a1.d2)[L],(#D-1.#d.d1)[L],(#D-1.#d.d1)[L],(#D-1.#d.d1.#a1.f2)[L],(#D-1.#d.d1)[L],(G-1.g.a.d1.a1)[L],(G-1.g.a.d1)[L],(G-1.g.a.d1)[L],(G-1.g.a.d1)[L],(G-1.g.a.d1)[L],(G-1.g.a.d1)[L],(G-1.g.a.d1)[L],(G-1.g.a.d1)[L],(G-1.g.#a.d1.a1.#a1)[L],(G-1.g.#a.d1)[L],(G-1.g.#a.d1)[L],(G-1.g.#a.d1)[L],(G-1.g.#a.d1)[L],(G-1.g.#a.d1)[L],(G-1.g.#a.d1)[L],(G-1.g.#a.d1)[L],(C-1.c.g.g1.d2)[L],(C-1.c.g)[L],(C-1.c.g.g1.f2)[L],(C-1.c.g)[L],(C-1.c.g.g1.c2)[L],(C-1.c.g)[L],(C-1.c.g)[L],(C-1.c.g.d2)[L],(C-1.c.g.g1)[L],(C-1.c.g)[L],(C-1.c.g.g1.#a1)[L],(C-1.c.g)[L],(C-1.c.g)[L],(C-1.c.g)[L],(C-1.c.g)[L],(C-1.c.g.c2)[L],(D-1.d.a.f1.d2)[L],(D-1.d.a)[L],(D-1.d.a.f1.g2)[L],(D-1.d.a)[L],(D-1.d.a.f1.c2)[L],(D-1.d.a)[L],(D-1.d.a)[L],(D-1.d.a.d2)[L],(D-1.d.a.g1)[L],(D-1.d.a)[L],(D-1.d.a.f1.#a1)[L],(D-1.d.a)[L],(D-1.d.a)[L],(D-1.d.a)[L],(D-1.d.a)[L],(D-1.d.a.c2)[L],(#D-1.#d.#a.g1.d2)[L],(#D-1.#d.#a)[L],(#D-1.#d.#a)[L],(#D-1.#d.#a)[L],(#D-1.#d.#a)[L],(#D-1.#d.#a)[L],(#D-1.#d.#a)[L],(#D-1.#d.#a.c2)[L],(#D-1.#d.d1.g1.d2)[L],(#D-1.#d.d1)[L],(#D-1.#d.d1)[L],(#D-1.#d.d1.#a1.g2)[L],(#D-1.#d.d1)[L],(#D-1.#d.d1)[L],(#D-1.#d.d1.d2.#a2)[L],(#D-1.#d.d1)[L],(F-1.f.a.d1.c2.a2)[L],(F-1.f.a.d1)[L],(F-1.f.a.d1)[L],(F-1.f.a.d1)[L],(F-1.f.a.d1)[L],(F-1.f.a.d1)[L],(F-1.f.a.d1)[L],(F-1.f.a.d1)[L],(F-1.f.c1.d1.g1.c2.g2)[L],(F-1.f.c1.d1)[L],(F-1.f.c1.d1)[L],(F-1.f.c1.d1)[L],(F-1.f.c1.d1.f1.c2.f2)[L],(F-1.f.c1.d1)[L],(F-1.f.c1.d1)[L],(F-1.f.c1.d1)[L],(G-1.g.d2.g2.d3)[INP],g1[KP],#a1[JLOP],f1[LP],(G-1.g.d1)[INP],(g.g1)[KP],#a[JKOP],G-1[HJLMO],(d.g)[IMOP],a[IMOP],(g.#a)[IMOP],d1[IMOP],(f.c1)[IMOP],a[IMOP],(g.c1.e1)[HLNOP],(g.d1)[IMOP],a[IMOP],(#a.#a1.d2)[IMOP],(d1.f2)[IMOP],(f.c1.c2.a2)[IMOP],(a.f1.f2)[IMOP],(c.f.g1.e2)[HLNOP],(G-1.#a.d1.#a1.d2)[IMOP],a[IMOP],(#A-1.f1.a1.c2)[IMOP],d[JKMP],e2[LP],f2[LP],(c.g.g1.c2.g2)[HLNOP],(f3.a3)[JNO],(d3.g3)[JNO],(c3.f3)[KMNO],(#a2.d3)[KL],(a2.c3)[KMNO],(G-1.g.d1.g1)[IMOP],(A-1.f1.c2)[JNO],d2[JNO],(#A-1.c1.f1.a1)[IMOP],d[JNO],f1[KOP],g1[KOP],(c.a.e1)[IMOP],A-1[JNO],a1[KOP],c2[KOP],(F-1.f.c1.e1.g1)[HLNOP],(G-1.#a.d1)[JLOP],f2[JLOP],(A-1.d2)[JLOP],c2[JLOP],(#A-1.d1.a1)[IKNO],d[JLMO],f1[JLMO],(c.a.e1)[IKLN],#A-1[JLMO],f1[JLMO],(F-1.c.f.c1.e1.a1.c2)[HJKM],(F-1.f.c1.e1.a1.c2)[HJKM],(f.c1.e1.a1.c2)[HJKM],(f.c1.e1.a1.c2)[HHIJLM];"]}]}