{"baseBpm":99,"musics":[{"bpm":99,"id":1,"baseBeats":0.5,"scores":["U,U,U,T,U;U,U,U,T,U;U,U,U,T,U;U,U,U,U,U,U;U,U,U,U;#a1[K],c2[K],d2[L],#d2[L];f2[JK];#a1[K],c2[K],e2[L],f2[L];g2[JK];#a1[K],c2[K],d2[L],#d2[L];f2[JK];#a1[K],c2[K],e2[L],f2[L];g2[JK];#a1[K],c2[K],d2[L],#d2[L];f2[JK];#a1[K],c2[K],e2[L],f2[L];g2[JK];U,U,U,U;","#A-1[L],(e.f)[L],(e.f)[L],T,F-1[L];#A-1[L],(d.f)[L],(d.f)[L],T,F-1[L];#A-1[L],(e.f)[L],(e.f)[L],T,G-1[L];(c.e)[L],(d.f)[L],(#A-1.d)[L],(c.e)[L],(G-1.c)[L],(#A-1.d)[L];(E-1.G-1)[L],(e.g)[L],(c.e)[L],(d.f)[L];#A-1[L],(e.f)[L],(e.f)[L],T,F-1[L];#A-1[L],(d.f)[L],(d.f)[L],T,F-1[L];#A-1[L],(e.f)[L],(e.f)[L],T,G-1[L];(c.e)[L],(d.f)[L],(#A-1.d)[L],(c.e)[L],(G-1.c)[L],(#A-1.d)[L];#A-1[L],(e.f)[L],(e.f)[L],T,F-1[L];#A-1[L],(d.f)[L],(d.f)[L],T,F-1[L];#A-1[L],(e.f)[L],(e.f)[L],T,G-1[L];(c.e)[L],(d.f)[L],(#A-1.d)[L],(c.e)[L],(G-1.c)[L],(#A-1.d)[L];#A-1[L],(e.f)[L],(e.f)[L],T,F-1[L];#A-1[L],(d.f)[L],(d.f)[L],T,F-1[L];#A-1[L],(e.f)[L],(e.f)[L],T,G-1[L];(c.e)[L],(d.f)[L],(#A-1.d)[L],(c.e)[L],(G-1.c)[L],(#A-1.d)[L];(E-1.G-1)[L],(e.g)[L],(c.e)[L],(F-1.d.f)[L];"]},{"bpm":99,"id":2,"baseBeats":0.5,"scores":["e2[L],f2[L],d2[L],e2[L],c2[L],d2[L];g1[L],g2[L],e2[L],f2[L],c2[L],e2[L];d2[L],e2[L],f2[K],c3[K];g2[J],f2[L],e2[L];f2[L],e2[L],c2[L],e2[L],d2[L],g1[L];c2[L],#a1[L],a1[L],#a1[L],c2[L],e2[L];d2[L],c2[L],d2[L],e2[L],f2[L],g2[L];e2[JK];e2[L],f2[L],d2[L],e2[L],c2[L],d2[L];g1[L],g2[L],e2[L],f2[L],c2[L],e2[L];d2[L],e2[L],f2[K],c3[K];g2[J],f2[L],e2[L];f2[L],e2[L],c2[L],e2[L],d2[L],g1[L];c2[L],#a1[L],a1[L],#a1[L],c2[L],e2[L];d2[L],c2[L],d2[L],e2[L],f2[L],g2[L];e2[JK];","#A-2[L],(d.f)[L],(d.f)[L],(c.e)[L],(c.e)[L],(#a.d)[L];C-1[L],(e.g)[L],(e.g)[L],(d.f)[L],(d.f)[L],(c.e)[L];#A-2[L],(d.f)[L],(d.f)[L],(c.e)[L],(c.e)[L],(#a.d)[L];C-1[L],(e.g)[L],(e.g)[L],(d.f)[L],(d.f)[L],(c.e)[L];#A-2[L],(d.f)[L],(d.f)[L],(c.e)[L],(c.e)[L],(#a.d)[L];C-1[L],(e.g)[L],(e.g)[L],(d.f)[L],(d.f)[L],(c.e)[L];#A-2[L],(d.f)[L],(d.f)[L],(c.e)[L],(c.e)[L],(#a.d)[L];C-1[L],(e.g)[L],(e.g)[L],(d.f)[L],(d.f)[L],(c.e)[L];#A-2[L],(d.f)[L],(d.f)[L],(c.e)[L],(c.e)[L],(#a.d)[L];C-1[L],(e.g)[L],(e.g)[L],(d.f)[L],(d.f)[L],(c.e)[L];#A-2[L],(d.f)[L],(d.f)[L],(c.e)[L],(c.e)[L],(#a.d)[L];C-1[L],(e.g)[L],(e.g)[L],(d.f)[L],(d.f)[L],(c.e)[L];#A-2[L],(d.f)[L],(d.f)[L],(c.e)[L],(c.e)[L],(#a.d)[L];C-1[L],(e.g)[L],(e.g)[L],(d.f)[L],(d.f)[L],(c.e)[L];#A-2[L],(d.f)[L],(d.f)[L],(c.e)[L],(c.e)[L],(#a.d)[L];C-1[L],(e.g)[L],(e.g)[L],(d.f)[L],(d.f)[L],(c.e)[L];"]},{"bpm":99,"id":3,"baseBeats":0.5,"scores":["g1[L],(#a.d1)[L],(#a.d1)[L],(a.c1.f1)[L],(a.c1)[L],(g.#a)[L],(d1.#a1)[K],(c1.a1)[K];(f1.d2)[L],(d1.g1)[L],(d1.g1)[L],(c1.f1.c2)[L],(c1.f1)[L],(a.c1)[L],(#a1.f2)[K],(a1.d2)[K];(f1.c2)[L],(d1.g1)[L],(d1.g1)[L],(c1.f1.#a1)[L],(c1.f1)[L],(g.c1)[L],(#a1.f2)[K],(f1.d2)[K];(#d1.c2)[L],(#d1.#g1)[L],(d1.#g1)[L],(d1.g1.#a1)[L],(d1.g1)[L],(#a.#d1)[L],(#a1.c2)[K],(f1.d2)[K];g1[L],(#a.d1)[L],(#a.d1)[L],(a.c1.f1)[L],(a.c1)[L],(g.#a)[L],(d1.#a1)[K],(c1.a1)[K];(f1.d2)[L],(d1.g1)[L],(d1.g1)[L],(c1.f1.c2)[L],(c1.f1)[L],(a.c1)[L],(#a1.f2)[K],(a1.d2)[K];(f1.c2)[L],(d1.g1)[L],(d1.g1)[L],(c1.f1.#a1)[L],(c1.f1)[L],(g.c1)[L],(#a1.f2)[K],(f1.d2)[K];(#d1.c2)[L],(#d1.#g1)[L],(d1.#g1)[L],(d1.g1.#a1)[L],(d1.g1)[L],(#a.#d1)[L],(#a1.c2)[K],(f1.d2)[K];","C-1[L],G-1[L],#D-1[L],C-1[L],C-1[L],G-1[L],C-1[L],c[L],C-1[L],#C-1[L];D-1[L],A-1[L],F-1[L],D-1[L],A-1[L],D-1[L],D-1[L],d[L],D-1[L],F-2[L];G-2[L],G-1[L],D-1[L],#A-2[L],C-1[L],G-2[L],G-2[L],G-1[L],F-2[L],G-2[L];#G-2[L],G-1[L],F-1[L],C-1[L],#G-2[L],#A-2[L],C-1[L],#d[L],D-1[L],g[L];C-1[L],G-1[L],#D-1[L],C-1[L],C-1[L],G-1[L],C-1[L],c[L],C-1[L],#C-1[L];D-1[L],A-1[L],F-1[L],D-1[L],A-1[L],D-1[L],D-1[L],d[L],D-1[L],F-2[L];G-2[L],G-1[L],D-1[L],#A-2[L],C-1[L],G-2[L],G-2[L],G-1[L],F-2[L],G-2[L];#G-2[L],G-1[L],F-1[L],C-1[L],#G-2[L],#A-2[L],c[K],d[K];"]}],"audition":{"start":[0,25],"end":[0,44]}}