{"baseBpm":112,"musics":[{"bpm":91,"baseBeats":0.25,"scores":["g2[M],f2[M],e2[M],c2[M],g2[M],f2[M],e2[M],c2[M],g2[M],f2[M],e2[M],c2[M],g2[M],f2[M],e2[M],c2[M],g2[M],f2[M],e2[M],c2[M],g2[M],f2[M],e2[M],c2[M],g2[M],f2[M],e2[M],c2[M],(g2)[M],(f2)[M],(e2)[M],(d.f.b.g.c2)[M],g2[M],f2[M],e2[M],(d.f.d1.g.c2)[M],g2[M],f2[M],e2[M],(d.f.b.g.c2)[M],g2[M],f2[M],e2[M],(d.f.d1.g.c2)[M],g2[M],f2[M],e2[M],(d.f.b.g.c2)[M],g2[M],f2[M],e2[M],(d.f.d1.g.c2)[M],g2[M],f2[M],e2[M],(d.f.b.g.c2)[M],g2[M],f2[M],e2[M],(d.f.d1.g.c2)[M],"],"id":1,"instruments":["piano","piano"],"alternatives":["",""]},{"bpm":91,"baseBeats":0.25,"scores":["g2[M],e2[M],d2[M],(c.e.c1.g.c2)[M],g2[M],e2[M],d2[M],(e1.e.c.g.c2)[M],g2[M],e2[M],d2[M],(c.e.c1.g.c2)[M],g2[M],e2[M],d2[M],(e1.e.c.g.c2)[M],g2[M],e2[M],d2[M],(c.e.c1.g.c2)[M],g2[M],e2[M],d2[M],(e1.e.c.g.c2)[M],g2[M],e2[M],d2[M],(c.e.c1.g.c2)[M],g2[M],e2[M],d2[M],(e1.e.c.g.c2)[M],g2[M],e2[M],(g1.c2)[M],"],"id":2,"instruments":["piano","piano"],"alternatives":["",""]},{"bpm":91,"baseBeats":0.25,"scores":["(C-1.C-2.g2)[M],e2[M],d2[M],c2[M],g1[M],e1[M],d1[M],c1[M],g[M],e[M],d[M],c[M],G-1[M],E-1[M],D-1[M],C-1[M],E-1[M],G-1[M],c[M],G-1[M],E-1[M],C-1[M],E-1[M],G-1[M],e[M],G-1[M],E-1[M],C-1[M],E-1[M],G-1[M],g[M],G-1[M],E-1[MP],C-1[MO],E-1[MN],G-1[MNO],(c1.C-2.E-2.C-1)[I],"],"id":3,"instruments":["piano","piano"],"alternatives":["",""]}],"audition":{"start":[0,0],"end":[1,0]}}