{"baseBpm":540,"musics":[{"bpm":540,"baseBeats":0.75,"scores":["mute[HIJK],mute[JM],mute[LM],mute[IJ],mute[JM],mute[LM],mute[IJ],mute[JM],mute[LM],mute[JK],mute[JK],mute[JM],mute[LM],mute[IJ],mute[JK],mute[IJ],mute[JK],mute[JK],mute[JK],mute[JK],mute[HK],mute[JK],mute[JK],mute[JM],mute[LM],mute[JK],mute[JK],mute[JM],mute[LM],mute[JK],mute[JK],mute[JM],mute[LM],mute[JK],mute[JK],mute[JM],mute[LM],mute[JK],mute[JM],mute[LM],mute[JM],mute[LM],mute[JK],mute[JK],mute[JM],mute[LM],mute[JK],mute[JK],mute[JK],mute[K],mute[K],mute[K],mute[K],mute[K],mute[K],mute[K],mute[K],mute[K],mute[K],mute[K],mute[K],mute[K],mute[K],mute[K],mute[K],mute[K],mute[K],mute[K],mute[K],mute[K],mute[K],mute[K],mute[K],mute[K],mute[K],mute[K],mute[K],mute[K],mute[K],mute[K],mute[K],mute[K],mute[K],mute[K],mute[K],mute[K],mute[K],mute[K],mute[K],mute[K],mute[K],mute[K],mute[K],mute[K],mute[K],mute[K],mute[K],mute[K],mute[K],mute[K],mute[K],mute[K],mute[K],mute[K],mute[K],mute[K],mute[K],mute[K],mute[K],mute[K],mute[K],mute[K],mute[K],mute[K],mute[K],mute[K],mute[K],mute[K],mute[K],mute[K],mute[K],mute[JK],mute[KL],mute[KL],mute[JK],mute[LM],mute[LM],mute[LM],mute[LM],mute[LM],mute[LM],mute[LM],mute[LM],mute[KL],mute[KL],mute[JK],mute[KL],mute[KL],mute[JK],mute[LM],mute[LM],mute[LM],mute[LM],mute[LM],mute[LM],mute[LM],mute[LM],mute[JK],mute[JK],mute[KL],mute[KL],mute[KL],mute[KL],mute[LM],mute[LM],mute[LM],mute[LM],mute[LM],mute[LM],mute[LM],mute[LM],mute[JK],mute[JK],mute[KL],mute[KL],mute[JK],mute[LM],mute[LM],mute[LM],mute[LM],mute[LM],mute[LM],mute[LM],mute[LM],mute[JK],mute[JK],mute[KL],mute[KL],mute[KL],mute[KL],mute[JK],mute[KL],mute[KL],mute[KL],mute[KL],mute[JK],mute[KL],mute[KL],mute[KL],mute[KL];","(c1.a.c2.g1.f1)[HIJK],c2[JM],d2[LM],(a1.f1.e2)[IJ],d2[JM],c2[LM],(b1.g1.g2)[IJ],e2[JM],g2[LM],(c2.a1.c3)[JK],b2[JK],a2[JM],g2[LM],(b1.#g1.e2)[IJ],d2[JK],(a1.f1.c2)[IJ],e2[JK],(e1.#g1)[JK],a1[JK],b1[JK],(a1.#f1.d1.c2)[HK],(b1.#g1.e1.d2)[JK],g2[JK],(e.c2)[JM],d2[LM],(f.c1.e2.c2.a1)[JK],(a.g3)[JK],(e1.d2)[JM],c2[LM],(g.d1.g2.b1.g1)[JK],(b.g3)[JK],(g1.e2)[JM],g2[LM],(a.e1.c3.e2.c2)[JK],(c1.b2.g3)[JK],(g1.c3)[JM],d3[LM],(#a.f1.g3.a2)[JK],(#a1.d3)[JM],c3[LM],(d1.g2)[JM],#a2[LM],(#g.#d1.g2.#d2.c2)[JK],c1[JK],(g1.f2)[JM],#d2[LM],(g.f1.d2.#a1)[JK],(#d2.#a1)[JK],(G-1.f2.#a1)[JK],(#c.#C-1.f2.#c2.#g1)[K],#c1[K],#g[K],(f1.c4.c3)[K],#c1[K],#g[K],(#c.f2.c2.#g1)[K],#c1[K],#g[K],(f1.c4.c3)[K],#c1[K],#g[K],(#c.f2.#c2.#g1)[K],#c1[K],#g[K],(f1.c4.c3)[K],#c1[K],#g[K],(c.C-1.#d2.c2.g1)[K],c1[K],g[K],(#d1.#a3.#a2)[K],c1[K],g[K],(c.#d2.#a1.g1)[K],c1[K],g[K],(#d1.#a3.#a2)[K],c1[K],g[K],(c.#d2.c2.g1)[K],c1[K],g[K],(#d1.#a3.#a2)[K],c1[K],g[K],(B-1.B-2.#d2.b1.#f1)[K],b[K],#f[K],(#d1.#a3.#a2)[K],b[K],#f[K],(B-1.#d2.#a1.#f1)[K],b[K],#f[K],(#d1.#a3.#a2)[K],b[K],#f[K],(B-1.#d2.b1.#f1)[K],b[K],#f[K],(#d1.#a3.#a2)[K],b[K],#f[K],(#A-1.#A-2.#c2.#g1.f1)[K],#a[K],f[K],(#c1.#g3.#g2)[K],#a[K],f[K],(#A-1.#c2.#g1.f1)[K],#a[K],f[K],(#c1.#g3.#g2)[K],#a[K],f[K],(c.#d2.#a1.g1)[K],c1[K],g[K],(#d1.#a3.#a2)[K],c1[K],g[K],(f.F-1.f2.c2.#a1)[JK],(f1.c4.c3)[KL],f1[KL],(f.f2.c2.#a1)[JK],(F-1.f2.c2.#a1.f1.c4)[LM],#a3[LM],c4[LM],#a3[LM],(f.a1.c4)[LM],#a3[LM],(g1.c4)[LM],#a3[LM],(f1.f2.c2.#a1.c4)[KL],e1[KL],(e.E-1.g2.e2.c2.#a1)[JK],e1[KL],e1[KL],(e.g2.e2.c2.#a1)[JK],(E-1.#g2.e2.c2.#a1.#a3)[LM],c4[LM],e4[LM],c4[LM],(e.#a3)[LM],c4[LM],#a3[LM],g3[LM],(#g2.e2.c2.#a1.e3)[JK],(#d.#D-1.#a2.g2.#d2.#a1)[JK],(#d1.f2.#a1)[KL],(#d1.#d3.g2)[KL],(#d.#c3)[KL],c3[KL],(#D-1.#a2.g2.#d3)[LM],f3[LM],g3[LM],#g3[LM],(c3.#d2.#a1.#a3)[LM],c4[LM],#c4[LM],#d4[LM],(#g2.#d2.g1.f4)[JK],(d.D-1.#a2.f2.c2.#a1)[JK],(d1.c4.c3)[KL],d1[KL],(d.f2.c2.#a1)[JK],(D-1.f2.c2.#a1.d1.c5)[LM],#a4[LM],#g4[LM],f4[LM],(#d2.#a1.f1.d4)[LM],c4[LM],#a3[LM],#g3[LM],(f2.c2.#a1.d1.f3)[JK],(#c.#C-1.f2.#c2.#g1)[JK],(#c1.c4.c3)[KL],#c1[KL],(#c.f2.#c2.#g1)[KL],#C-1[KL],(c.C-1.#d3.#a2.g2.c2)[JK],(c1.#c3.f2.c2)[KL],c1[KL],(c.c3.#d2.c2)[KL],C-1[KL],(B-1.B-2.#d2.b1.#f1)[JK],(b.#a3.#a2)[KL],b[KL],(B-1.#d2.b1.#f1)[KL],B-2[KL];"],"id":1,"instruments":["piano","piano"],"alternatives":["",""]},{"bpm":540,"baseBeats":0.75,"scores":["mute[JK],mute[KL],mute[KL],mute[KL],mute[KL],mute[JK],mute[KL],mute[KL],mute[KL],mute[KL],mute[JK],mute[KL],mute[KL],mute[KL],mute[KL],mute[KL],mute[KL],mute[KL],mute[KL],mute[KL],mute[KL],mute[LM],mute[LM],mute[LM],mute[LM],mute[LM],mute[LM],mute[LM],mute[LM],mute[LM],mute[LM],mute[LM],mute[LM],mute[KL],mute[KL],mute[KL],mute[KL],mute[KL],mute[KL],mute[KL],mute[KL],mute[KL],mute[KL],mute[KL],mute[KL],mute[KL],mute[KL],mute[KL],mute[KL],mute[KL],mute[KL],mute[KL],mute[KL],mute[KL],mute[KL],mute[KL],mute[KL],mute[KL],mute[KL],mute[KL],mute[KL],mute[KL],mute[KL],mute[KL],mute[KL],mute[KL],mute[KL],mute[KL],mute[KL],mute[KL],mute[KL],mute[KL],mute[KL],mute[KL],mute[KL],mute[KL],mute[KL],mute[KL],mute[KL],mute[KL],mute[KL],mute[KL],mute[KL],mute[KL],mute[KL],mute[KL],mute[KL],mute[KL],mute[KL],mute[KL],mute[KL],mute[KL],mute[KL],mute[KL],mute[KL],mute[KL],mute[KL],mute[KL],mute[KL],mute[KL],mute[KL],mute[KL],mute[KL],mute[KL],mute[KL],mute[KL],mute[KL],mute[KL],mute[KL],mute[KL],mute[KL],mute[KL],mute[KL],mute[KL],mute[KL],mute[KL],mute[LM],mute[LM],mute[KL],mute[KL],mute[KL],mute[KL],mute[KL],mute[KL],mute[JK],mute[KL],mute[KL],mute[KL],mute[KL],mute[KL],mute[LM],mute[LM],mute[LM],mute[LM],mute[LM],mute[LM],mute[LM],mute[LM],mute[LM],mute[LM],mute[LM],mute[LM],mute[LM],mute[LM],mute[LM],mute[LM],mute[LM],mute[LM],mute[LM],mute[LM],mute[LM],mute[LM],mute[LM],mute[LM],mute[LM],mute[LM],mute[LM],mute[LM],mute[LM],mute[LM],mute[LM],mute[LM],mute[LM],mute[LM],mute[LM],mute[LM],mute[LM],mute[LM],mute[LM],mute[LM],mute[LM],mute[LM],mute[LM],mute[LM],mute[LM],mute[LM],mute[KL],mute[LM],mute[LM],mute[LM],mute[LM],mute[LM],mute[LM],mute[LM],mute[LM],mute[LM],mute[LM],mute[LM],mute[LM],mute[LM],mute[LM],mute[LM],mute[LM],mute[LM],mute[LM],mute[LM],mute[LM],mute[LM],mute[LM],mute[LM],mute[LM],mute[LM],mute[LM],mute[LM],mute[LM],mute[LM],mute[LM],mute[LM],mute[LM],mute[LM],mute[LM],mute[LM],mute[LM],mute[LM],mute[LM],mute[LM],mute[LM],mute[LM],mute[LM],mute[KL],mute[KL],mute[KL],mute[LM],mute[LM],mute[LM],mute[LM],mute[LM],mute[LM],mute[KL],mute[KL],mute[KL],mute[LM],mute[LM],mute[LM],mute[LM],mute[LM],mute[LM],mute[KL],mute[KL],mute[KL],mute[LM],mute[LM],mute[LM],mute[LM],mute[LM],mute[LM],mute[KL],mute[KL],mute[LM],mute[LM],mute[LM],mute[LM],5<UV>,mute[LM],mute[LM],mute[LM],mute[LM],mute[LM],mute[LM],mute[LM],mute[LM],mute[LM],mute[LM],mute[LM],mute[LM],mute[LM],mute[LM],mute[LM],mute[LM],mute[LM],mute[LM],mute[LM],mute[LM],mute[LM],mute[LM],mute[LM],mute[LM],mute[LM],mute[LM],mute[LM],mute[JK],mute[LM],mute[LM],mute[LM],mute[LM],mute[LM],mute[LM],mute[LM],mute[LM],mute[LM],mute[LM],mute[LM],mute[LM],mute[LM],mute[LM],mute[LM],mute[LM],mute[LM],mute[LM],mute[LM],mute[LM],mute[KL],mute[KL],mute[JK],5<UV>,5<UV>,5<UV>,5<UV>,5<UV>,5<UV>,5<UV>,5<UV>,5<UV>,5<UV>,5<UV>,5<UV>,5<UV>,5<UV>,5<UV>,5<UV>,5<UV>,5<UV>,5<UV>,5<UV>,5<UV>,5<UV>,5<UV>,5<UV>,5<UV>,5<UV>,5<UV>,5<UV>,5<UV>,5<UV>,5<UV>,5<UV>,5<UV>,5<UV>,mute[LM],mute[IJLM],mute[JK],mute[JK],mute[JM],mute[LM],mute[JK],mute[JK],mute[JM],mute[LM],mute[JK],mute[JK],mute[JM],mute[LM],mute[IJ];","(#A-1.#A-2.#c3.#g2.f2.#a1)[JK],(#a.#d2.#a1.b2)[KL],(#a.#a2)[KL],(#A-1.#c2.#a1.#g2)[KL],(#A-2.#f2)[KL],(B-1.B-2.f2.b1.#f1)[JK],(b.#f2.#d2.b1)[KL],b[KL],(B-1.#g2.b1)[KL],(B-2.#a2.c2)[KL],(#c.#C-1.f2.#c2.#g1)[JK],(#c1.#g1.f1)[KL],#c1[KL],(#c.#c2.#g1)[KL],(#C-1.#a1.f1)[KL],(#D-1.#d.#d2.g1.#d1)[KL],#A-1[KL],#d[KL],#a[KL],#d1[KL],g1[KL],(#d.#a1)[LM],g[LM],#g[LM],#a[LM],(#d1.f1)[LM],g1[LM],#g1[LM],#a1[LM],(#a.#d2)[LM],g2[LM],#g2[LM],#a2[LM],(#d.#a.g2.#a1.d3)[KL],d1[KL],(#d1.c3)[KL],g1[KL],(#d1.d3)[KL],d1[KL],(f.c1.d2.a1.a2)[KL],d1[KL],(#d1.g2)[KL],f1[KL],(#d1.a2)[KL],d1[KL],(#d.g1.d2)[KL],#a[KL],(#d1.c2)[KL],#a[KL],(g1.d2)[KL],#a[KL],(d.d1.#a1)[KL],a[KL],(c1.g1)[KL],a[KL],d1[KL],a[KL],(#A-1.d1.g1)[KL],#a[KL],(d.c2)[KL],#a[KL],(f.#a1)[KL],#a[KL],(F-1.a1.c1)[KL],a[KL],(f.g1)[KL],a[KL],(c.f1)[KL],a[KL],(d.d1.g1)[KL],f[KL],(g.c1)[KL],a[KL],(f.d1)[KL],c[KL],(D-1.d.c1.a1.f1)[KL],f[KL],a[KL],c1[KL],f1[KL],d1[KL],(#G-1.g1.#d1.c2)[KL],#d[KL],(#g.f1.d1)[KL],c1[KL],(#g.g1.#d1)[KL],#d[KL],(#A-1.#g1.f1.d2)[KL],f[KL],(#g.g1.#d1)[KL],#a[KL],(#g.#g1.f1)[KL],f[KL],(#D-1.g1.#d1)[KL],#d[KL],(g.f1.d1.#a1)[KL],#a[KL],(g.g1.#d1.c2)[KL],#d[KL],(F-1.a1.d1.f2)[KL],d[KL],(f.g1.c1.d2)[KL],#g[KL],(f.f1.d1.#a1)[KL],d[KL],(E-1.#g1.e1.#d2)[KL],e[KL],(b.#c2.#a1)[KL],#f1[KL],(e1.b1.#g1)[KL],b[KL],(#F-1.#a1.#f1.#f2)[KL],#c[KL],(#g.b1.#g1)[KL],#c1[KL],(#a.#c2.#f1)[KL],(#c.f2)[LM],e2[LM],(#D-1.#a1.#g1.#d2)[KL],#d1[KL],(#d.#a)[KL],#d1[KL],(#a.#a1)[KL],(#g.#d2)[KL],(#D-1.g.#a3.#a2)[JK],(#d1.#g2.#d2.#g1)[KL],#d[KL],(#D-1.#a2.#d2.#a1)[KL],#d[KL],(E-1.B-2.E-2.b1.b2.#g2.e2)[KL],(B-1.b)[LM],#d1[LM],(e.#g1)[LM],b1[LM],(#g.#c2)[LM],#d2[LM],(b.#g1)[LM],b1[LM],(#g.#d2)[LM],#g2[LM],(#f.#c.#F-1.#c3.#c2)[LM],#f2[LM],(#c1.#g2)[LM],#a2[LM],(#f1.#f2)[LM],#g2[LM],(#a1.#a2)[LM],#c3[LM],(#c2.b2.b1.#f3)[LM],#g3[LM],#a3[LM],#c4[LM],(#d1.#g.#a1.#d4)[LM],#c4[LM],(#g2.#d2.#g1.b3)[LM],#g3[LM],(#f2.#d2.#f1.#d3)[LM],#c3[LM],(b.b2)[LM],#g2[LM],(#d.#d3)[LM],#c3[LM],(#G-1.b2)[LM],#g2[LM],(#D-1.#A-2.#D-2.#c3)[LM],#a2[LM],(#d.#f2)[LM],#c2[LM],(#a.#d2.#d1)[LM],#a1[LM],(#d.#c2)[LM],#d2[LM],(#a.#f2.#f1)[LM],#d2[LM],(#d.#c2)[LM],#a1[LM],(E-1.B-2.E-2.#g1.#g2.e2.#c2)[KL],(B-1.b)[LM],#d1[LM],(e.#g1)[LM],b1[LM],(#g.#c2)[LM],#d2[LM],(b.#g1)[LM],b1[LM],(#g.#c2)[LM],#d2[LM],(#f.#c.#F-1.#f2.#f1)[LM],#g1[LM],(#c1.#a1)[LM],#c2[LM],(#g1.#g2)[LM],#f2[LM],(#f1.#a2)[LM],#c3[LM],(#a1.#c2.#c1.#f3)[LM],#g3[LM],(#f1.#a3)[LM],#c4[LM],(#g1.#g.#d1.#g3)[LM],#f3[LM],(#G-1.#g3)[LM],#f3[LM],(#G-2.#g3)[LM],#f3[LM],(#G-1.#g3)[LM],#f3[LM],(c1.c.#g3)[LM],#c3[LM],(#c1.#c.#d3)[LM],#c3[LM],(#d1.#d.#g2)[LM],#a2[LM],(#g.c3)[LM],#d2[LM],(#G-1.#g2)[LM],#a2[LM],(#d.c3)[LM],#c3[LM],(#g.#d3.#d2)[KL],(#d.f3.f2)[KL],(B-1.B-2.#f3.#d3.b2.#f2)[KL],(b.#f)[LM],(#c2.#c1)[LM],(#d1.b)[LM],(f2.f1)[LM],(#f1.#d1)[LM],(#g2.#g1)[LM],(#a1.#f1.b.#g3.b2.#g2)[KL],(#f.#a3.#a2)[KL],(#c.#C-1.#g3.f3.#c3.#g2)[KL],(#c1.#g)[LM],(#d2.#d1)[LM],(f1.#c1)[LM],(#f2.#f1)[LM],(#g1.f1)[LM],(#a2.#a1)[LM],(b1.#g1.#c1.f3.#c3.f2)[KL],#g[KL],(#d.#D-1.#g3.f3.#c3.#g2)[KL],(#d1.#f)[LM],f1[LM],(#f1.#d1.#c4.#c3)[LM],#g1[LM],(#a1.#f1)[LM],b1[LM],(#c2.#a1.b3.b2)[KL],#d[KL],(#D-1.#D-2.#a3.#a2)[LM],#f3[LM],f3[LM],#c3[LM],(#d.#g2)[M],#d1[MO],#f1[NO],#f2[N],#a1[LN],f2[LM],#c2[LM],(#a1.#g3.#g2)[LM],#g1[LM],#f1[LM],#c1[LM],(B-1.B-2.#f3.#d3.#a2.#a3)[LM],#g3[LM],#f3[LM],#d3[LM],(#d2.b1.#a2)[LM],#g2[LM],#f2[LM],#d2[LM],(#a1.#d3)[LM],#g1[LM],(#f1.#c3)[LM],#d1[LM],(#f1.b.#d3.#a2.#a3)[LM],#g3[LM],#a3[LM],#g3[LM],(#f2.b1.#a3)[LM],#g3[LM],#a3[LM],#g3[LM],(#a2.#d2.#a3)[JK],(#c.#C-1.#a3.f3.#c3.#g2)[LM],#g3[LM],#f3[LM],#d3[LM],(f2.#c2.#a2)[LM],#g2[LM],#f2[LM],#d2[LM],(#a1.#d3)[LM],#g1[LM],(#f1.#c3)[LM],#d1[LM],(#g1.#c1.#d3.#g2.#a3)[LM],#g3[LM],#a3[LM],#g3[LM],(#c2.#a3)[LM],#g3[LM],(#a2.#a3)[LM],#g3[LM],(#g2.f2.#c2.b2.#a3)[KL],#c3[KL],(#D-1.#D-2.#d3.#a2.g2.#d2)[JK],(#D-2.#d1)[L],#D-1[L],#d[L],g[L],#a[L],#d1[L],(#a1.d2.g1)[L],#D-1[L],#d[L],g[L],#a[L],#d1[L],(g1.#d2.#a1)[L],#a1[L],#d[L],#a[L],g1[L],#a1[L],#d2[L],#a1[L],#a1[L],g2[L],#d1[L],g1[L],(#a1.#d1)[L],#d2[L],#a2[L],#d3[L],#a2[L],#d3[L],(f1.d1.g.g4)[L],f4[L],d4[L],b3[L],g3[L],f3[L],d3[L],b2[L],g2[L],f2[L],d2[L],b1[L],g1[L],f1[L],d1[L],b[L],g[L],f[L],g[L],f[L],d[L],B-1[LM],(G-1.G-2)[IJLM],(c2.e3.a2)[JK],e2[JK],(d2.d3)[JM],c3[LM],(g1.g3.c3)[JK],g2[JK],(e2.e3)[JM],g3[LM],(c2.c4.g2)[JK],(d2.b3)[JK],(e2.a3)[JM],g3[LM],(b1.e3.b2.#g2)[IJ];"],"id":2,"instruments":["piano","piano"],"alternatives":["",""]},{"bpm":540,"baseBeats":0.75,"scores":["mute[JK],mute[JK],mute[JK],mute[JK],mute[JK],mute[JK],mute[JKLO],mute[HK],mute[JMNO],mute[JK],mute[JM],mute[LM],mute[JK],mute[JK],mute[JM],mute[LM],mute[JK],mute[JK],mute[JM],mute[K],mute[JLM],mute[JK],mute[JK],mute[JK],mute[JK],mute[JK],mute[JK],mute[JK],mute[JK],mute[JK],mute[JK],mute[JK],mute[IJ],mute[JK],mute[HHJ],5<UV>,5<UV>,5<UV>,5<UV>,5<UV>,5<UV>,5<UV>,5<UV>,5<UV>,5<UV>,5<UV>,5<UV>,mute[JK],mute[JK],mute[KL],mute[KL],mute[JK],mute[JK],mute[KL],mute[KL],mute[JK],mute[JK],mute[JK],mute[JK],mute[JK],mute[JK],mute[JK],mute[JK],mute[JK],mute[JK],mute[JK],mute[JK],mute[JK],mute[JK],mute[JK],mute[JK],mute[JK],mute[JK],mute[JK],mute[JK],mute[KL],mute[KL],mute[JK],mute[JK],mute[KL],mute[KL],mute[IL],mute[IL],mute[IL],mute[IL],mute[JK],mute[JK],mute[JK],mute[JK],mute[JK],mute[JK],mute[LM],mute[LM],mute[LM],mute[LM],mute[LM],mute[LM],mute[LM],mute[LM],mute[LM],mute[LM],mute[LM],mute[LM],mute[LM],mute[LM],mute[LM],mute[LM],mute[LM],mute[LM],mute[LM],mute[LM],mute[LM],mute[LM],mute[LM],mute[LM],mute[LM],mute[LM],mute[LM],mute[LM],mute[LM],mute[LM],mute[LM],mute[LM],mute[LM],mute[LM],mute[LM],mute[LM],mute[LM],mute[LM],mute[LM],mute[LM],mute[LM],mute[LM],mute[LM],mute[LM],mute[LM],mute[LM],mute[LM],mute[LM],mute[LM],mute[LM],mute[LM],mute[LM],mute[LM],mute[LM],mute[LM],mute[LM],mute[LM],mute[LM],mute[LM],mute[LM],mute[LM],mute[LM],mute[LM],mute[LM],mute[LM],mute[LM],mute[LM],mute[LM],mute[LM],mute[LM],mute[LM],mute[LM],mute[LM],mute[LM],mute[LM],mute[LM],mute[LM],mute[LM],mute[LM],mute[LM],mute[LM],mute[LM],mute[LM],mute[LM],mute[LM],mute[LM],mute[LM],mute[LM],mute[LM],mute[LM],mute[LM],mute[LM],mute[LM],mute[LM],mute[KL],mute[LM],mute[LM],mute[LM],mute[LM],mute[LM],mute[LM],mute[LM],mute[LM],mute[LM],mute[LM],mute[LM],mute[LM],mute[KL],mute[LM],mute[LM],mute[LM],mute[LM],mute[LM],mute[LM],mute[LM],mute[LM],mute[KL],mute[KL],mute[KL],mute[KL],mute[KL],mute[KL],mute[KL],mute[KL],mute[KM],5<UV>,mute[K],mute[LM],mute[LM],mute[LM],mute[LM],mute[LM],mute[LM],mute[LM],mute[LM],mute[LM],mute[LM],mute[LM],mute[LM],mute[LM],mute[LM],mute[LM],mute[LM],mute[LM],mute[LM],mute[LM],mute[LM],mute[LM],mute[LM],mute[LM],mute[LM],mute[LM],mute[LM],mute[LM],mute[LM],mute[LM],mute[LM],mute[LM],mute[LM],mute[LM],mute[LM],mute[LM],mute[LM],mute[LM],mute[LM],mute[LM],mute[LM],mute[LM],mute[LM],mute[LM],mute[LM],mute[LM],mute[LM],mute[LM],mute[LM],mute[LM],mute[KN],mute[LMNO],mute[LMN],mute[KLMO],mute[IJLM],mute[JL],mute[LMN],mute[IJLM],mute[JL],mute[LMN],mute[JKMNO],mute[JKMNO],mute[JLN],mute[LMN],mute[IJLMNO],mute[JKMNO],mute[IJLMNO],mute[JKMNO],mute[JKL],mute[JKMNO],mute[JKMNO],mute[IJLMNO],mute[JKL],mute[IJLMNO],mute[JLO],mute[LMN],mute[JKMNO],mute[JKL],mute[JLO],mute[LMN],mute[HJMN],mute[JKMNO],mute[JKL],mute[JKMNO],mute[JKL],mute[JKMNO],mute[JLN],mute[LMN],mute[JKMNO],mute[JKMNO],mute[JLN],mute[LMN],mute[JKMNO],mute[JKMNO],mute[JKL],mute[IJLMN],mute[JKL],mute[JKMNO],mute[JKL],mute[JKLO],5<UV>,mute[HHHHHLN],mute[LM],mute[LM],mute[LM],mute[LM],mute[LM],mute[LM],mute[LM],mute[LM],mute[LM],mute[LM],mute[LM],mute[LM],mute[LM],mute[LM],mute[LM],mute[LM],mute[LM],mute[LM],mute[LM],mute[LM],mute[LM],mute[LM],mute[LM],mute[LM],mute[LM],mute[LM],mute[LM],mute[LM],mute[LM],mute[LM],mute[LM],mute[LM],mute[LM],mute[LM],mute[LM],mute[LM],mute[LM],mute[LM],mute[LM],mute[LM],mute[LM],mute[LM],mute[LM],mute[LM],mute[LM],mute[LM],mute[LM],mute[LM],mute[LM],mute[LM],mute[LM],mute[LM],mute[LM],mute[LMNO],mute[HHHJKNO],R;","d3[JK],(c2.c3.a2)[JK],e2[JK],(a1.e3)[JK],(#g1.#g2)[JK],a2[JK],b2[JK],(d2.g1.f2)[M],#g2[MO],c3[HMNO],(c3.#g3)[LO],(#g4.#g3)[JMNO],#c3[JK],(#a1.#d3)[JM],c2[LM],(#a.#c2.#a2.f3)[JK],f2[JK],(#c2.#d3)[JM],#c3[LM],(#g.c2.c3.#g3)[JK],(#d2.#g2)[JK],(#a1.c3.f3)[JM],#g3[LM],(#A-1.#a.#a2.f3)[M],#c4[JLM],(c1.#g2.c4)[JK],(#c1.#a2.#g3)[JK],(#d1.c3.f3)[JK],(f1.#c3)[JK],(#g1.c3.#g2.#d3)[JK],(#a1.#d1.#c2.#c3.#g2)[JK],f2[JK],(#c2.f3)[JK],(f1.c2.c3.#g2.f2)[JK],#d2[JK],#c2[JK],c2[IJ],#a1[JK],a1[HHJ],(F-1.F-2.a1.f1.c1)[L],#F-1[L],A-1[L],#A-1[L],c[L],#c[L],(#d.#c3.#a2.#c2)[L],f[L],#f[L],a[L],#a[L],c1[L],(#c1.#d3.c3.#d2)[L],#d1[L],f1[L],#f1[L],a1[L],#a1[L],(#F-1.f3.#a2.f2)[JK],(#a1.#f1.#c1)[JK],(#a1.#f1.#c1.#d3.#d2)[KL],(#c3.#c2)[KL],(#G-1.#g3.c3.#g2)[JK],(c2.#g1.#d1)[JK],(c2.#g1.#d1.f3.f2)[KL],(#g3.#g2)[KL],(#A-1.#c4.f3.#c3)[JK],(#c2.#a1.f1.c4.c3)[JK],(#c2.#a1.f1.#g3.#g2)[JK],(F-1.f3.c3.f2)[JK],(c2.#g1.f1)[JK],(c2.#g1.f1.#d3.#d2)[JK],(#F-1.#c3.#a2.#c2)[JK],(#a1.#f1.#c1)[JK],(#a1.#f1.#c1.f3.f2)[JK],(F-1.a2.a1)[JK],(f1.c1.#a2.#a1)[JK],(f1.c1.c3.c2)[JK],(#D-1.#c3.#f2.#c2)[JK],(#a1.#f1.#d1)[JK],(#a1.#f1.#d1)[JK],(F-1.#d3.c3.#d2)[JK],(#g1.f1.c1)[JK],(#g1.f1.c1)[JK],(#F-1.f3.#c3.f2)[JK],(#a1.#f1.#c1)[JK],(#a1.#f1.#c1.#d3.#d2)[KL],(#c3.#c2)[KL],(#G-1.#g3.c3.#g2)[JK],(c2.#g1.#d1)[JK],(c2.#g1.#d1.f3.f2)[KL],(#g3.#g2)[KL],(#A-1.#c4.f3.#c3)[IL],(#c2.#a1.f1.c4.f3.c3)[IL],(#G-1.#g3.c3.#g2)[IL],(c2.#g1.#d1.#d3.c3.#d2)[IL],(#f.#F-1.#c3.#a2.#c2)[JK],(#a1.#f1.#c1)[JK],(#a1.#f1.#c1.f3.f2)[JK],(F-1.a2.f2.c2)[JK],(a1.f1.c1.#c3.#c2)[JK],(f.#d3.#d2)[JK],(#F-1.#a2.f2.f3.#c3)[LM],#g2[LM],(#f.#d2)[LM],#c2[LM],(#a.#a1)[LM],#g1[LM],(#c1.#f1)[LM],f1[LM],(#d1.#d3.#a2.#d2)[LM],#c1[LM],(#a.#c3.#c2)[LM],#c1[LM],(#G-1.#d1.#g3.#d3.c3.#g2)[LM],#f1[LM],(#g.#g1)[LM],#a1[LM],(c1.c2)[LM],#d2[LM],(#d1.f2)[LM],#g2[LM],(#g1.#a2.f3.c3.f2)[LM],#c3[LM],(c1.#d3.#g3.#g2)[LM],f3[LM],(#A-1.#c3.#c4.#g3.f3)[LM],#a2[LM],(#a.#g2)[LM],f2[LM],(#c1.c4.f3.c3)[LM],#c2[LM],(f1.#a1)[LM],#g1[LM],(#c1.#a1.#g3.#g2)[LM],#d1[LM],#c1[LM],c1[LM],(F-1.c1.f3.c3.a2.f2)[LM],#c1[LM],(a.#d1)[LM],f1[LM],(c1.a1)[LM],#a1[LM],(f1.c2)[LM],#c2[LM],(#g1.#d2.a3.a2)[LM],f2[LM],(c1.#f2)[LM],a2[LM],(#F-1.#a2.#a3.#f3.#c3)[LM],#g2[LM],(#f.#f2)[LM],f2[LM],(#a.#d2)[LM],#c2[LM],(#c1.c2)[LM],#a1[LM],(#g1.f3.#a2.f2)[LM],#f1[LM],(#a.f1)[LM],#d1[LM],(F-1.#c1.a2.f2.a1)[LM],c1[LM],(a.#c1)[LM],#d1[LM],(c1.f1.#a2.f2.#a1)[LM],#f1[LM],(f1.a1)[LM],#a1[LM],(a1.c2.c3.f2)[LM],#c2[LM],(c1.#d2)[LM],f2[LM],(#D-1.#a2.#c3.#f2.#c2)[LM],#g2[LM],(#f.f2)[LM],#d2[LM],(#a.#c2)[LM],c2[LM],(#d1.#a1)[LM],#g1[LM],(#f1.f1)[LM],#d1[LM],(#a.c1)[LM],#c1[LM],(F-1.#d1.#d3.c3.a2.#d2)[LM],f1[LM],(f.#f1)[LM],a1[LM],(a.#a1)[LM],c2[LM],(c1.#c2)[LM],#d2[LM],(#d1.f2)[LM],#f2[LM],(a.a2)[KL],(#F-1.#a2.f3.#c3.f2)[LM],#g2[LM],(#f.#f2)[LM],f2[LM],(#a.#d2)[LM],#c2[LM],(#c1.c2)[LM],#a1[LM],(#g1.#d3.#a2.#d2)[LM],#f1[LM],(#a.f1.#c3.#c2)[LM],#d1[LM],(#G-1.#g3.#d3.c3.#g2)[KL],(#g.#d1)[LM],f1[LM],(c1.#f1)[LM],#g1[LM],(#d1.#a1)[LM],c2[LM],(#g1.#d2.f3.c3.f2)[LM],f2[LM],(c1.#g2.#g3)[KL],(#A-1.#A-2.#c3.#a2.f2.#c2)[KL],(#a1.f1.#c1)[KL],(#a1.f1.#c1)[KL],(A-1.A-2.c3.a2.f2.c2)[KL],(a1.f1.#c1.#c3)[KL],(a1.f1.#c1.#d3)[KL],(#G-1.#G-2.#g3.#c3.#g2.f2.#c2)[KL],(#g1.#d1.c1.c3)[K],#d3[L],(#g1.#d1.c1)[L],f3[K],(G-1.G-2.#G-1.#g3.#d3.g2.#d2)[LMN],#a3[LN],(g1.#d1.c1)[MO],c4[LMN],#c4[MO],(g1.#d1.c1)[LN],#d4[LMN],(#F-1.#F-2.f4.#a3.#f3.#c3)[LM],#f2[LM],(#f.f2)[LM],#d2[LM],(#a.#c2)[LM],c2[LM],(#c1.#a1)[LM],#g1[LM],(#a1.#f1.f3.f2)[LM],f1[LM],#d1[LM],#c1[LM],(#f.c1.#a2.#c2)[LM],#c1[LM],(#f1.#d1)[LM],f1[LM],(#a1.#f1)[LM],#g1[LM],(#c2.#a1)[LM],c2[LM],(#f2.#c2.#a2)[LM],#d2[LM],(#a1.f2)[LM],#f2[LM],(F-1.F-2.a2.f2.#d2.c2)[LM],#f2[LM],f2[LM],#d2[LM],#c2[LNO],c2[LM],a1[LNO],#f1[LM],f1[LM],#d1[LM],#c1[LM],c1[LM],(f.#c1)[LM],#d1[LMO],f1[LMO],#f1[LM],a1[LMN],#a1[LMO],c2[LMN],#c2[LMO],#d2[LMNO],f2[LMN],a2[KLMO],(#c1.#f.f2.#a1)[IJLM],#d2[JL],#c2[LMN],(#d1.#g.#g2.c2)[IJLM],f2[JL],#g2[LMN],(f1.#a.#a2.#c2.#c3)[JKMNO],c3[JKMNO],#a2[JLN],#g2[LMN],(c1.f.c2.#g1.f2)[IJLMNO],#d2[JKMNO],(#a.#d.#c2.#g2)[IJLMNO],(f2.#a1)[JKMNO],(c1.f.a1.c2.a2)[JKL],#c2[JKMNO],c2[JKMNO],(f1.#a.#g3)[IJLMNO],c2[JKL],#a1[IJLMNO],#c3[JLO],#d3[LMN],(#a.#c1.#a2.f3)[JKMNO],f1[JKL],(#c1.#d3)[JLO],#c3[LMN],(c1.f.c3.#g3)[HJMN],(#A-1.#a.#a2.#a1)[JKMNO],(c1.c3.c2)[JKL],(#G-1.#c1.#c3.#c2)[JKMNO],(#d2.#d1)[JKL],(#f.#F-1.f2.#c2.f1)[JKMNO],(#g1.#g2.#d2.#c3)[JLN],#d3[LMN],(f.F-1.f3)[JKMNO],f2[JKMNO],(#c2.#d3)[JLN],#c3[LMN],(#g2.f2.#g1.#g3.c3.#a2)[JKMNO],#d2[JKMNO],#c2[JKL],(c2.a2)[IJLMN],#a1[JKL],(a1.c3)[JKMNO],#c3[JKL],#d3[JKMNO],(f3.c3.#g3)[MO],c4[M],#d4[MO],#g4[HHHHHLN],(#C-1.#C-2.f3)[LMN],#d3[LMN],(f.#c3)[LMN],(#g.c3)[LMN],(#c1.#a2)[LMN],(f.#g2)[LMN],(#g.#f2)[LMO],(#c1.f2)[LMN],(f1.#d2)[LMN],(#g.#c2)[LMN],(#c1.c2)[LMN],(f1.#a1)[LMO],#g1[LMN],(#f1.#c1)[LMN],f1[LMN],(#d1.#g1)[LMN],(#c1.#c2)[LMN],(c1.f1)[LMN],(#a.#g1)[LMN],(#g.#c2)[LMO],(#f.f2)[LMN],(f.f1)[LMN],(#d.#g1)[LMN],(#c.#c2)[LMN],(f.f2)[LMO],(#f.#g1)[LMN],(#g.#c2)[LMN],(#a.f2)[LMN],(c1.#g2)[LMN],(#c1.#c2)[LMN],(#d1.f2)[LMN],(f1.#g2)[LMN],(#f1.#c3)[LMO],(#g1.f2)[LMN],(#a1.#g2)[LMN],(c2.#c3)[LMN],(#c2.f3)[LMN],(#d2.#g2)[LMO],(f2.#c3)[LMN],(#f2.f3)[LMN],(#g2.#g3)[LMN],(#a2.#c3)[LMN],(c3.f3)[LMN],(#c3.#g3)[LMN],(#d3.#c4)[LMN],(f3.f4)[LMO],(#f3.#g4)[LMN],#g3[HHHJKNO],R;"],"id":3,"instruments":["piano","piano"],"alternatives":["",""]}],"audition":{"start":[0,0],"end":[2,374]}}