{"baseBpm":159.99,"musics":[{"bpm":159.99,"baseBeats":0.5,"scores":["mute[K],mute[IJKO],mute[K],mute[IJKO],mute[K],mute[IJKO],mute[K],mute[IJKO],mute[K],mute[IJKO],mute[K],mute[IJKO],mute[K],mute[IJKO],mute[K],mute[IJKO],mute[K],mute[J],mute[KL],mute[KL],mute[J],mute[K],mute[IJKO],mute[K],mute[ILP],mute[KLP],mute[LMNOP];","(#A-1.C-2.#a.f.#c)[K],(#A-1.C-2.f.#c.#a)[IJKO],C-2[K],C-2[IJKO],(B-1.e.g.e1.C-2)[K],(B-1.e.g.e1.C-2)[IJKO],C-2[K],C-2[IJKO],(#A-1.C-2.#a.f.#c)[K],(#A-1.C-2.f.#c.#a)[IJKO],C-2[K],C-2[IJKO],(B-1.e.g.e1.C-2)[K],(B-1.e.g.e1.C-2)[IJKO],C-2[K],C-2[IJKO],(#A-1.C-2.#a.f.#c)[K],(#A-1.C-2.f.#c.#a)[J],c2[KL],#c2[KL],#a1[J],C-2[K],C-2[IJKO],(B-1.e.g.e1.C-2)[K],(B-1.e.g.e1.C-2)[ILP],#g2[KLP],g2[LMNOP];"],"id":1,"instruments":["piano","piano"],"alternatives":["",""]},{"bpm":159.99,"baseBeats":0.5,"scores":["mute[L],mute[L],mute[KP],mute[IJ],mute[K],mute[IJKO],mute[K],mute[IJKO],mute[K],mute[J],mute[JKP],mute[KL],mute[L],mute[K],mute[IP],mute[JKP],mute[K],mute[IJKO],mute[K],mute[IJKO],mute[K],mute[IJKO],mute[K],mute[IJKO],mute[K],mute[IJKO],mute[K],mute[IJKO];","C-2[LP],#f2[MNOP],C-2[KP],f2[IJ],(#A-1.C-2.#a.f.#c)[K],(#A-1.C-2.f.#c.#a)[IJKO],C-2[K],C-2[IJKO],(B-1.e.g.e1.C-2)[K],(B-1.e.g.e1.C-2)[J],#a2[JKP],g2[KL],c3[L],C-2[K],(C-2.#a2)[IP],g2[JKP],(#A-1.C-2.#a.f.#c)[K],(#A-1.C-2.f.#c.#a)[IJKO],C-2[K],C-2[IJKO],(B-1.e.g.e1.C-2)[K],(B-1.e.g.e1.C-2)[IJKO],C-2[K],C-2[IJKO],(#A-1.C-2.#a.f.#c)[K],(#A-1.C-2.f.#c.#a)[IJKO],C-2[K],C-2[IJKO];"],"id":2,"instruments":["piano","piano"],"alternatives":["",""]},{"bpm":159.99,"baseBeats":0.5,"scores":["mute[K],mute[IJKO],mute[K],mute[IJKO],mute[K],mute[J],mute[KL],mute[KL],mute[J],mute[K],mute[IJKO],mute[K],mute[ILP],mute[KLP],mute[LMNOP],mute[L],mute[L],mute[KP],mute[IJ],mute[K],mute[IJKO],mute[K],mute[IJKO],mute[K],mute[J],mute[JKP],mute[KL],mute[L],mute[K],mute[IP],mute[JKNP];","(B-1.e.g.e1.C-2)[K],(B-1.e.g.e1.C-2)[IJKO],C-2[K],C-2[IJKO],(#A-1.C-2.#a.f.#c)[K],(#A-1.C-2.f.#c.#a)[J],c2[KL],#c2[KL],#a1[J],C-2[K],C-2[IJKO],(B-1.e.g.e1.C-2)[K],(B-1.e.g.e1.C-2)[ILP],#g2[KLP],g2[LMNOP],C-2[LP],#f2[MNOP],C-2[KP],f2[IJ],(#A-1.C-2.#a.f.#c)[K],(#A-1.C-2.f.#c.#a)[IJKO],C-2[K],C-2[IJKO],(B-1.e.g.e1.C-2)[K],(B-1.e.g.e1.C-2)[J],#a2[JKP],g2[KL],c3[L],C-2[K],(C-2.#a2)[IP],g2[JKNP];"],"id":3,"instruments":["piano","piano"],"alternatives":["",""]}],"audition":{"start":[0,0],"end":[2,30]}}