{"baseBpm":100,"musics":[{"bpm":100,"id":1,"baseBeats":0.5,"scores":["mute[L],mute[L],mute[K],mute[L],mute[L],mute[JL],mute[L],mute[L],mute[L],mute[K],mute[L],mute[L],mute[K],mute[L],mute[L],5<mute[M],mute[M]>,mute[L],mute[L],mute[L],mute[L],mute[L],mute[L],mute[L],mute[K],mute[L],mute[L],mute[L],mute[L],mute[L],mute[L],mute[L],mute[L],mute[L],5<mute[M],mute[M]>,mute[K],mute[L],mute[L],mute[L],mute[L],mute[L],mute[L],mute[L],mute[L],mute[L],mute[L],mute[K],mute[K],mute[L],mute[L],mute[L],mute[L],mute[L],mute[L],mute[L],mute[L],mute[KL],mute[L],mute[L],mute[L],mute[L],mute[L],mute[K],mute[L],mute[L],mute[K],mute[L],mute[L],mute[L],mute[L],mute[L],mute[L],mute[L],mute[L],mute[L],mute[L],mute[K],mute[L],mute[L],mute[L],mute[L],mute[L],mute[L],mute[K],mute[L],mute[L],mute[KL],mute[L],mute[L],mute[L],mute[L],mute[L],mute[K],mute[L],mute[L],mute[KL],mute[L],mute[L],mute[L],mute[L],mute[L],mute[K],mute[L],mute[L],mute[K],mute[L],mute[L],mute[L],mute[L],mute[L],mute[L],mute[L],mute[L],mute[L],mute[L],mute[KL],mute[L],mute[L],mute[L],mute[L],mute[L],mute[L],mute[L],mute[L],mute[L],mute[KL],mute[L],mute[L],mute[L],mute[L],mute[L],mute[L],mute[L],mute[L],mute[L],mute[K],mute[L],mute[L],mute[L],mute[L],mute[L],mute[L],mute[L],mute[L],mute[L],mute[L],mute[KL],mute[KL],mute[L],mute[L],mute[L],mute[L],mute[L],mute[L],mute[JK],mute[L],mute[L],mute[L],mute[L],mute[L],mute[L],mute[JK],mute[K],mute[K],mute[K],mute[K],mute[K],mute[L],mute[L],mute[K],mute[L],mute[L],mute[L],mute[L],mute[K],mute[L],mute[L],mute[L],mute[L],mute[K],mute[K],mute[K],mute[K],mute[K],mute[K],mute[K],mute[K],mute[K],mute[K],mute[K],mute[K],mute[K],mute[K],mute[K],mute[K],mute[K],mute[L],mute[L],mute[K],mute[L],mute[L],mute[L],mute[L],mute[K],mute[L],mute[L],mute[L],mute[L],mute[K],mute[K],mute[K],mute[K],mute[K],mute[K],mute[I],mute[L],mute[L],mute[L],mute[L];","#f[L],#c1[L],a[K],#g[L],a[L],b[JL],e[L],#f[L],#c1[L],a[K],#g[L],a[L],b[K],#d2[L],e2[L],(#d2~e2~#d2~mute)[L],b1[L],(#f.#c2)[L],#c1[L],a[L],#f2[L],#g[L],(a.a2)[L],(b.#f2)[K],#g2[L],a2[L],b2[L],(e.#g2)[L],(#f.a2)[L],#c1[L],a[L],#g2[L],#g[L],(a.#f2~e2)[L],(b.#d2)[K],a2[L],b2[L],#c3[L],#d3[L],(#f.a2)[L],#c1[L],a[L],#g2[L],#g[L],(a.#c2)[L],(b.#f2)[K],e2[K],#d2[L],e[L],(#f.e2)[L],(#c1.#d2)[L],(a.#c2)[L],b1[L],#g[L],(a.#f2)[L],(b.#c2)[KL],(B-1.#g1)[L],(e.a1)[L],(#c.#g1)[L],(#f.e1.b1.#g1.#c1)[L],#c1[L],(e1.a.b1)[K],#g[L],(a.e1)[L],(b.#d1)[K],(B-1.#d3)[L],(#f.e3)[L],(a.#d3)[L],(#g.e3)[L],(#f.e1.#d3)[L],#c1[L],(e1.a)[L],#f3[L],#g[L],(a.e1)[L],(b.#d1.#c3)[K],(b.#f.#d)[L],(#g.#d.B-1.#g2)[L],(a.e.#c.a2)[L],(b.#f.#d.#g2)[L],(#f.e1.b2.#c2)[L],#c1[L],(e1.a)[K],#g[L],(a.e1)[L],(#d1.b)[KL],(#g3.#g2)[L],(a3.a2)[L],(#g3.#g2)[L],(#f1.e2.b3.b2)[L],#c2[L],(e2.a1)[K],#g1[L],(a1.e2)[L],(#d2.b1)[KL],(#g3.#g2)[L],(a3.a2)[L],(#g3.#g2)[L],(d1.e2.b3.b2)[L],#c2[L],(e2.a1)[K],#g1[L],(a1.e2)[L],(#d2.e1)[K],#d3[L],e3[L],#d3[L],e3[L],(e1.#f2.#d3)[L],#d2[L],(e2.b1)[L],#f3[L],#g1[L],(#f1.#g2)[L],(#g1.#c1.#c3.e2)[KL],(#c1.#g.#g2)[L],(d1.a.a2)[L],(e1.b.#g2)[L],(#g1.d1.#c3)[L],#c2[L],(#c1.a1)[L],a[L],(b.#g1)[L],(a1.#c1)[L],(b1.e1)[KL],(#g3.#g2)[L],(a3.a2)[L],(#g3.#g2)[L],(#c3.d2.#c4)[L],#f2[L],(#c2.a2)[L],a1[L],(b1.#g2)[L],(a2.#c2)[L],(b2.e2)[K],#c3[L],d3[L],#c3[L],d3[L],(#f2.#g1.#c3)[L],b1[L],(e2.#g2)[L],(#c2.e3)[L],(#d2.#f2)[L],(a2.e2)[L],(#g2.#d2.b3)[KL],#f3[KL],(g1.d3)[L],(d2.a1)[L],(a2.e2)[L],#f2[L],(g2.d2)[L],(e2.a2)[L],(#f2.b2)[JK],g1[L],(a1.d2)[L],(e2.a2)[L],#f2[L],(#c2.#f2)[L],(d2.a2)[L],(f2.#c3)[JK],(D-1.#c2)[K],(#F-1.#f2)[K],(#c.a2)[K],(D-1.#f2)[K],#F-1[K],(#c.#g2)[L],a2[L],(E-1.b2)[K],B-1[L],a2[L],(e.#g2)[L],#f2[L],(E-1.#c2)[K],(B-1.#g2)[L],a2[L],(#f.b2)[L],#c3[L],(#F-1.#g2)[K],#c[K],#g[K],#F-1[K],B-1[K],#g[K],(E-1.#g2)[K],B-1[K],(#f.#f2)[K],(E-1.#c2)[K],A-1[K],#f[K],(D-1.#f1.#c2)[K],(#F-1.#f2)[K],(#f2.#c.a2)[K],(D-1.#f2.#c2)[K],#F-1[K],(#c.#g2.e2)[L],(a2.#f2)[L],(E-1.b2.#g2)[K],B-1[L],(a2.e2)[L],(e.#g2.#c2)[L],(#f2.b1)[L],(E-1.#c2.a1)[K],(B-1.#g2.#c2)[L],(a2.e2)[L],(#f.b2.#g2)[L],(#c3.a2)[L],(#F-1.e3.b2)[K],#c[K],#g[K],#F-1[K],B-1[K],#g[K],(#F-1.#c3.#a2)[I],(a1.#c1)[L],(#g1.b)[L],(#f1.a)[L],(e1.#g)[L];"]},{"bpm":100,"id":2,"baseBeats":0.5,"scores":["mute[L],mute[L],mute[L],mute[L],mute[L],mute[L],mute[L],mute[L],mute[L],mute[L],mute[L],mute[L],mute[L],mute[L],mute[L],mute[L],mute[L],mute[L],mute[L],mute[L],mute[L],mute[L],mute[L],mute[L],mute[L],mute[L],mute[L],mute[L],mute[L],mute[L],mute[L],mute[L],mute[L],mute[L],mute[L],mute[L],mute[L],mute[L],mute[L],mute[L],mute[L],mute[L],mute[L],mute[L],mute[L],mute[L],mute[L],mute[L],mute[L],mute[L],mute[L],mute[L],mute[L],mute[L],mute[L],mute[L],mute[L],mute[L],mute[L],mute[L],mute[L],mute[L],mute[L],mute[L],mute[L],mute[L],mute[L],mute[L],mute[L],mute[L],mute[L],mute[L],mute[L],mute[L],mute[L],mute[L],mute[L],mute[L],mute[L],mute[L],mute[L],mute[L],mute[L],mute[L],mute[L],mute[L],mute[L],mute[L],mute[L],mute[L],mute[L],mute[L],mute[L],mute[L],mute[L],mute[L],mute[L],mute[L],mute[L],mute[L],mute[L],mute[L],mute[L],mute[L],mute[L],mute[L],mute[L],mute[L],mute[L],mute[L],mute[L],mute[L],mute[L],mute[L],mute[L],mute[L],mute[L],mute[L],mute[L],mute[L],mute[L],mute[L],mute[L],mute[L],mute[L],mute[L],mute[L],mute[L],mute[L],mute[L],mute[L],mute[L],mute[L],mute[L],mute[L],mute[L],mute[L],mute[L],mute[L],mute[L],mute[L],mute[L],mute[L],mute[L],mute[L],mute[L],mute[L],mute[L],mute[L],mute[L],mute[L],mute[L],mute[L],mute[L],mute[L],mute[L],mute[L],mute[L],mute[L],mute[L],mute[L],mute[L],mute[L],mute[L],mute[L],mute[L],mute[L],mute[L],mute[L],mute[L],mute[L],mute[L],mute[L],mute[L],mute[L],mute[L],mute[L],mute[L],mute[L],mute[L],mute[L],mute[L],mute[L],mute[L],mute[L],mute[L],mute[L],mute[L],mute[L],mute[L],mute[L],mute[L];","(D-1.#c1.a.#f)[L],#F-1[L],(A-1.#f1.#c1.a)[L],#c[L],(A-1.a1.#f1.#c1)[L],#F-1[L],(D-1.#f1.#c1.a)[L],#F-1[L],A-1[L],#c[L],(A-1.#g1.e1.#c1)[L],(#F-1.a1.d1)[L],(E-1.b1.#g1.e1)[L],B-1[L],(e.a1.d1)[L],B-1[L],(E-1.#g1.e1.#c1)[L],(B-1.#f1.b)[L],(E-1.#c1.#g)[L],B-1[L],(e.#g1.#c1)[L],(B-1.a1.e1)[L],(#f.b1.#f1)[L],(e.#c2.#g1)[MO],b[O],#c1[O],e1[O],(#F-1.#g1)[L],#c[L],#f[L],#c[L],#F-1[L],#c[L],#F-1[L],#c[L],a[L],#g[L],#c[L],A-1[MO],b[O],#c1[O],e1[O],(#F-1.#g1)[L],B-1[L],e[L],B-1[L],(#F-1.#f1.b)[L],B-1[L],(#f.#c1)[L],B-1[L],a[L],#g[L],e[L],B-1[L],(D-1.#c1.a.#f)[L],#F-1[L],(A-1.#f1.#c1.a)[L],#c[L],(A-1.a1.#f1.#c1)[L],#F-1[L],(D-1.#f1.#c1.a)[L],#F-1[L],A-1[L],#c[L],(A-1.#g1.e1.#c1)[L],(#F-1.a1.d1)[L],(E-1.b1.#g1.e1)[L],B-1[L],(e.a1.d1)[L],B-1[L],(E-1.#g1.e1.#c1)[L],(B-1.#f1.b)[L],(E-1.#c1.#g)[L],B-1[L],(e.#g1.#c1)[L],(B-1.a1.e1)[L],(#f.b1.#f1)[L],(e.#c2.#g1)[MN],e1[O],#g1[O],(#F-1.b1)[L],#c[L],#f[L],#c[L],#F-1[L],#c[L],#F-1[L],#c[L],#g[L],#f[L],#c[L],A-1[MO],#f1[O],a1[O],#c2[O],(#F-1.#f2)[L],(#c2.B-1)[L],e[L],B-1[L],(#F-1.a2.#f2.#c2)[L],(B-1.#c2)[L],(#F-1.#g2.e2.b1)[L],B-1[L],a[L],#g[L],e[L],B-1[L],(D-1.#c1.a.#f)[L],#F-1[L],(A-1.#f1.#c1.a)[L],#c[L],(A-1.a1.#f1.#c1)[L],#F-1[L],(D-1.#f1.#c1.a)[L],#F-1[L],A-1[L],#c[L],(A-1.#g1.e1.#c1)[L],(#F-1.a1.d1)[L],(E-1.b1.#g1.e1)[L],B-1[L],(e.a1.d1)[L],B-1[L],(E-1.#g1.e1.#c1)[L],(B-1.#f1.b)[L],(E-1.#c1.#g)[L],B-1[L],(e.#g1.#c1)[L],(B-1.a1.e1)[L],(#f.b1.#f1)[L],(e.#c2.#g1)[MO],b[O],#c1[O],e1[O],(#F-1.#g1)[L],#c[L],#f[L],#c[L],#F-1[L],#c[L],#F-1[L],#c[L],a[L],#g[L],#c[L],A-1[MO],b[O],#c1[O],e1[O],(#F-1.#g1)[L],B-1[L],e[L],B-1[L],(#F-1.#f1.b)[L],B-1[L],(#f.#c1)[L],B-1[L],a[L],#g[L],e[L],B-1[L],(D-1.#c1.a.#f)[L],#F-1[L],(A-1.#f1.#c1.a)[L],#c[L],(A-1.a1.#f1.#c1)[L],#F-1[L],(D-1.#f1.#c1.a)[L],#F-1[L],A-1[L],#c[L],(A-1.#g1.e1.#c1)[L],(#F-1.a1.d1)[L],(E-1.b1.#g1.e1)[L],B-1[L],(e.a1.d1)[L],B-1[L],(E-1.#g1.e1.#c1)[L],(B-1.#f1.b)[L],(E-1.#c1.#g)[L],B-1[L],(e.#g1.#c1)[L],(B-1.a1.e1)[L],(#f.b1.#f1)[L],(e.#c2.#g1)[MN],e1[O],#g1[O],(#F-1.b1)[L],#c[L],#f[L],#c[L],#F-1[L],#c[L],#F-1[L],#c[L],#g[L],#f[L],#c[L],A-1[MO],#f1[O],a1[O],#c2[O],(#F-1.#f2)[L],(#c2.B-1)[L],e[L],B-1[L],(#F-1.a2.#f2.#c2)[L],(B-1.#c2)[L],(#F-1.#g2.e2.b1)[L],B-1[L],a[L],#g[L],e[L],B-1[L];"]},{"bpm":100,"id":3,"baseBeats":0.5,"scores":["mute[L],mute[L],mute[L],mute[L],mute[L],mute[L],mute[L],mute[L],mute[L],mute[L],mute[L],mute[L],mute[L],mute[L],mute[L],mute[L],mute[L],mute[L],mute[L],mute[L],mute[L],mute[L],mute[L],mute[L],mute[L],mute[L],mute[L],mute[L],mute[L],mute[L],mute[L],mute[L],mute[L],mute[L],mute[L],mute[L],mute[L],mute[L],mute[L],mute[L],mute[L],mute[L],mute[L],mute[L],mute[L],mute[L],mute[L],mute[L],mute[L],mute[L],mute[L],mute[L],mute[L],mute[L],mute[L],mute[L],mute[L],mute[L],mute[L],mute[L],mute[L],mute[L],mute[L],mute[L],mute[L],mute[L],mute[L],mute[L],mute[L],mute[L],mute[L],mute[L],mute[L],mute[L],mute[L],mute[L],mute[L],mute[L],mute[L],mute[L],mute[L],mute[L],mute[L],mute[L],mute[L],mute[L],mute[L],mute[L],mute[L],mute[L],mute[L],mute[L],mute[L],mute[L],mute[L],mute[L],mute[L],mute[L],mute[L],mute[L],mute[L],mute[L],mute[L],mute[L],mute[L],mute[L],mute[L],mute[L],mute[L],mute[L],mute[L],mute[L],mute[L],mute[L],mute[L],mute[L],mute[L],mute[L],mute[L],mute[L],mute[L],mute[L],mute[L],mute[L],mute[L],mute[L],mute[L],mute[L],mute[L],mute[L],mute[L],mute[L],mute[L],mute[L],mute[L],mute[L],mute[L],mute[L],mute[L],mute[L],mute[L],mute[L],mute[L],mute[L],mute[L],mute[L],mute[L],mute[L],mute[L],mute[L],mute[L],mute[L],mute[L],mute[L],mute[L],mute[L],mute[L],mute[L],mute[L],mute[L],mute[L],mute[L],mute[L],mute[L],mute[L],mute[L],mute[L],mute[L],mute[L],mute[L],mute[L],mute[L],mute[L],mute[L],mute[L],mute[L],mute[L],mute[L],mute[L],mute[L],mute[IJ];","(D-1.#c1.a.#f)[L],#F-1[L],(A-1.#f1.#c1.a)[L],#c[L],(A-1.a1.#f1.#c1)[L],#F-1[L],(D-1.#f1.#c1.a)[L],#F-1[L],A-1[L],#c[L],(A-1.#g1.e1.#c1)[L],(#F-1.a1.d1)[L],(E-1.b1.#g1.e1)[L],B-1[L],(e.a1.d1)[L],B-1[L],(E-1.#g1.e1.#c1)[L],(B-1.#f1.b)[L],(E-1.#c1.#g)[L],B-1[L],(e.#g1.#c1)[L],(B-1.a1.e1)[L],(#f.b1.#f1)[L],(e.#c2.#g1)[MO],b[O],#c1[O],e1[O],(#F-1.#g1)[L],#c[L],#f[L],#c[L],#F-1[L],#c[L],#F-1[L],#c[L],a[L],#g[L],#c[L],A-1[MO],b[O],#c1[O],e1[O],(#F-1.#g1)[L],B-1[L],e[L],B-1[L],(#F-1.#f1.b)[L],B-1[L],(#f.#c1)[L],B-1[L],a[L],#g[L],e[L],B-1[L],(D-1.#c1.a.#f)[L],#F-1[L],(A-1.#f1.#c1.a)[L],#c[L],(A-1.a1.#f1.#c1)[L],#F-1[L],(D-1.#f1.#c1.a)[L],#F-1[L],A-1[L],#c[L],(A-1.#g1.e1.#c1)[L],(#F-1.a1.d1)[L],(E-1.b1.#g1.e1)[L],B-1[L],(e.a1.d1)[L],B-1[L],(E-1.#g1.e1.#c1)[L],(B-1.#f1.b)[L],(E-1.#c1.#g)[L],B-1[L],(e.#g1.#c1)[L],(B-1.a1.e1)[L],(#f.b1.#f1)[L],(e.#c2.#g1)[MN],e1[O],#g1[O],(#F-1.b1)[L],#c[L],#f[L],#c[L],#F-1[L],#c[L],#F-1[L],#c[L],#g[L],#f[L],#c[L],A-1[MO],#f1[O],a1[O],#c2[O],(#F-1.#f2)[L],(#c2.B-1)[L],e[L],B-1[L],(#F-1.a2.#f2.#c2)[L],(B-1.#c2)[L],(#F-1.#g2.e2.b1)[L],B-1[L],a[L],#g[L],e[L],B-1[L],(D-1.#c1.a.#f)[L],#F-1[L],(A-1.#f1.#c1.a)[L],#c[L],(A-1.a1.#f1.#c1)[L],#F-1[L],(D-1.#f1.#c1.a)[L],#F-1[L],A-1[L],#c[L],(A-1.#g1.e1.#c1)[L],(#F-1.a1.d1)[L],(E-1.b1.#g1.e1)[L],B-1[L],(e.a1.d1)[L],B-1[L],(E-1.#g1.e1.#c1)[L],(B-1.#f1.b)[L],(E-1.#c1.#g)[L],B-1[L],(e.#g1.#c1)[L],(B-1.a1.e1)[L],(#f.b1.#f1)[L],(e.#c2.#g1)[MO],b[O],#c1[O],e1[O],(#F-1.#g1)[L],#c[L],#f[L],#c[L],#F-1[L],#c[L],#F-1[L],#c[L],a[L],#g[L],#c[L],A-1[MO],b[O],#c1[O],e1[O],(#F-1.#g1)[L],B-1[L],e[L],B-1[L],(#F-1.#f1.b)[L],B-1[L],(e.a1.#c1)[L],B-1[L],(a.#g1.e1)[L],#g[L],(e.e1.#g)[L],B-1[L],(D-1.#c1.a.#f)[L],#F-1[L],(A-1.#f1.#c1.a)[L],#c[L],(A-1.a1.#f1.#c1)[L],#F-1[L],(D-1.#f1.#c1.a)[L],#F-1[L],A-1[L],#c[L],(A-1.#g1.e1.#c1)[L],(#F-1.a1.d1)[L],(E-1.b1.#g1.e1)[L],B-1[L],(e.a1.d1)[L],B-1[L],(E-1.#g1.e1.#c1)[L],(B-1.#f1.b)[L],(E-1.#c1.#g)[L],B-1[L],(e.#g1.#c1)[L],(B-1.a1.e1)[L],(#f.b1.#f1)[L],(e.#c2.#g1)[MN],e1[O],#g1[O],(#F-1.b1)[L],#c[L],#f[L],#c[L],#F-1[L],#c[L],#F-1[L],#c[L],#g[L],#f[L],#c[L],A-1[MO],#f1[O],a1[O],#c2[O],(#F-1.e2)[IJ];"]}],"audition":{"start":[1,0],"end":[1,47]}}