{"baseBpm":240,"musics":[{"id":1,"baseBeats":0.5,"scores":["mute[J],mute[K],mute[K],mute[J],mute[J],mute[J],mute[K],mute[K],mute[J],mute[K],mute[K],mute[J],mute[J],mute[J],mute[J],mute[JK],mute[K],mute[I],mute[J],mute[K],mute[K],mute[J],mute[J],mute[J],mute[K],mute[K],mute[J],mute[K],mute[K],mute[J],mute[J],mute[J],mute[J],mute[JK],mute[K],mute[I],mute[K],mute[K],mute[K],mute[K],mute[K],mute[K],mute[J],mute[K],mute[K],mute[K],mute[K],mute[K],mute[K],mute[J],mute[J],mute[K],mute[K],mute[J],mute[K],mute[K],mute[K],mute[K],mute[K],mute[K],mute[J],mute[K],mute[K],mute[J],mute[J],mute[J],mute[J],mute[K],mute[K],mute[K],mute[K],mute[J],mute[K],mute[K],mute[J],mute[J],mute[J],mute[J],mute[JK],mute[K],mute[I],mute[J],mute[J],mute[J],mute[J],mute[JK],mute[K],mute[I],mute[J],mute[K],mute[K],mute[J],mute[J],mute[J],mute[K],mute[K],mute[J],mute[K],mute[K],mute[J],mute[J],mute[J],mute[J],mute[JK],mute[K],mute[I],mute[J],mute[K],mute[K],mute[J],mute[J],mute[J],mute[K],mute[K],mute[J],mute[K],mute[K],mute[J],mute[J],mute[J],mute[J],mute[JK],mute[K],mute[I];","(d.d1.d2)[K],(a)[K],(d.#f1.d2)[K],(#c2)[K],(G-1.b.g1.b1)[J],(d.b.b1)[J],(A-1.#c1.a1)[K],(a)[K],(e1.a1)[K],(a.g1)[K],(d.d1.#f1)[J],(d.#f1)[K],(g1)[K],(d.d1.a1)[K],(a)[K],(d.d1.#f1)[J],(B-1.b.e1)[K],(g)[K],(e.e1.g1)[K],(a)[K],(A-1.a.#f1)[K],(#f)[K],(A-1.a)[K],(e.#c1.e1)[K],(d.d1.#f1)[I],(d.d1.d2)[K],(a)[K],(d.#f.#f1.d2)[K],(#c2)[K],(G-1.g.b.g1.b1)[J],(d.b.b1)[J],(A-1.#c1.a1)[K],(a)[K],(#c.e1.a1)[K],(a.g1)[K],(d.d1.#f1)[J],(d.#f1)[K],(g1)[K],(d.d1.a1)[K],(a)[K],(d.#f.d1.#f1)[J],(B-1.g.b.e1)[K],(g)[K],(e.e1.g1)[K],(a)[K],(A-1.a.#f1)[K],(#f)[K],(A-1.a)[K],(e.#c1.e1)[K],(d.d1.#f1)[I],(d.#f.d1.d2)[K],(a.e2)[K],(#f.#f1.d2)[K],(d1.b1)[K],(e.a.#c1.#c2)[K],(a.b1)[K],(A-1.e1.a1)[K],(a)[K],(d.#f.d1.d2)[K],(a.e2)[K],(#f.#f1.d2)[K],(d1.b1)[K],(e.a.#c1.#c2)[K],(a.b1)[K],(A-1.e1.a1)[K],(a)[K],(d.#f.d1.d2)[K],(a)[K],(d.#f1.d2)[K],(d1.#c2)[K],(B-1.#g.d1.b1)[K],(#g)[K],(e.e1.e2)[K],(d1.d2)[K],(A-1.#c.#c1.#c2)[K],(a.d2)[K],(e.e1.#c2)[K],(a.b1)[K],(A-1.a.#c1.a1)[K],(a)[K],(g.b.b1)[K],(#c1.#c2)[K],(d.#f.d1.d2)[K],(a)[K],(d.#f.#f1.d2)[J],(G-1.g.b.g1.b1)[J],(d.b.b1)[J],(A-1.#c1.a1)[K],(a.b1)[K],(B-1.e1.a1)[K],(#c.a.g1)[K],(d.d1.#f1)[J],(d.#f1)[K],(g1)[K],(d.d1.a1)[K],(a)[K],(d.#f.d1.#f1)[J],(B-1.g.b.e1)[K],(g)[K],(e.e1.g1)[K],(a)[K],(A-1.a.#f1)[K],(#f)[K],(A-1.a)[K],(e.#c1.e1)[K],(d.d1.#f1)[I],(d.a.d1)[K],(a)[K],(d.#f1)[J],(B-1.e.b)[K],(g)[K],(e.g.e1)[K],(a)[K],(A-1.#f.a)[K],(#f)[K],(A-1.a)[K],(e.#c1)[K],(d.d1.#f1)[I],(d.d1.d2)[K],(a)[K],(d.#f.#f1.d2)[K],(d2)[K],(G-1.g.b.g1.b1)[J],(d.b.b1)[J],(A-1.#c1.a1)[K],(a)[K],(#c.e1.a1)[K],(a.g1)[K],(d.d1.#f1)[J],(d.#f1)[K],(g1)[K],(d.d1.a1)[K],(a)[K],(d.#f.d1.#f1)[J],(B-1.g.b.e1)[K],(g)[K],(e.e1.g1)[K],(a)[K],(A-1.a.#f1)[K],(#f)[K],(A-1.a)[K],(e.#c1.e1)[K],(d.d1.#f1)[I],(d.d1.d2)[K],(a)[K],(d.#f.#f1.d2)[K],(#c2)[K],(G-1.g.b.g1.b1)[J],(d.b.b1)[J],(A-1.#c1.a1)[K],(a)[K],(#c.e1.a1)[K],(a.g1)[K],(d.d1.#f1)[J],(d.#f1)[K],(g1)[K],(d.d1.a1)[K],(a)[K],(d.#f.d1.#f1)[J],(B-1.g.b.e1)[K],(g)[K],(e.e1.g1)[K],(a)[K],(A-1.a.#f1)[K],(#f)[K],(A-1.a)[K],(e.#c1.e1)[K],(d.d1.#f1)[I];"]},{"id":2,"baseBeats":0.5,"scores":["mute[K],mute[K],mute[K],mute[K],mute[K],mute[K],mute[J],mute[K],mute[K],mute[K],mute[K],mute[K],mute[K],mute[J],mute[K],mute[K],mute[J],mute[J],mute[K],mute[K],mute[K],mute[K],mute[K],mute[K],mute[J],mute[K],mute[K],mute[J],mute[K],mute[K],mute[JK],mute[K],mute[K],mute[K],mute[K],mute[K],mute[J],mute[K],mute[K],mute[J],mute[J],mute[J],mute[J],mute[JK],mute[K],mute[I],mute[J],mute[J],mute[J],mute[J],mute[JK],mute[K],mute[I],mute[J],mute[K],mute[K],mute[J],mute[J],mute[J],mute[K],mute[K],mute[J],mute[K],mute[K],mute[J],mute[J],mute[J],mute[J],mute[JK],mute[K],mute[I],mute[J],mute[K],mute[K],mute[J],mute[J],mute[J],mute[K],mute[K],mute[J],mute[K],mute[K],mute[J],mute[J],mute[J],mute[J],mute[JK],mute[K],mute[I],mute[K],mute[K],mute[K],mute[K],mute[K],mute[K],mute[J],mute[K],mute[K],mute[K],mute[K],mute[K],mute[K],mute[J],mute[J],mute[J],mute[K],mute[K],mute[K],mute[K],mute[K],mute[K],mute[K],mute[K],mute[J],mute[K],mute[K],mute[J],mute[K],mute[K],mute[J],mute[K],mute[K],mute[K],mute[K],mute[K],mute[K],mute[J],mute[K],mute[K],mute[J],mute[J],mute[J],mute[J],mute[JK],mute[K],mute[I];","(d.#f.d1.d2)[K],(a.e2)[K],(#f.#f1.d2)[K],(d1.b1)[K],(e.a.#c1.#c2)[K],(a.b1)[K],(A-1.e1.a1)[K],(a)[K],(d.#f.d1.d2)[K],(a.e2)[K],(#f.#f1.d2)[K],(d1.b1)[K],(e.a.#c1.#c2)[K],(a.b1)[K],(A-1.e1.a1)[K],(a)[K],(d.#f.d1.d2)[K],(a.d2)[K],(d.#f1.d2)[K],(d1)[K],(B-1.#g.d1.b1)[K],(#g)[K],(e.e1.e2)[K],(d1.d2)[K],(A-1.#c.#c1.#c2)[K],(a.d2)[K],(e.e1.#c2)[K],(a.b1)[K],(A-1.a.#c1.a1)[K],(a)[K],(g.b.b1)[K],(#c1.#c2)[K],(d.#f.d1.d2)[K],(a)[K],(d.#f.#f1.d2)[K],(d2)[K],(G-1.g.b.g1.b1)[J],(d.b)[K],(b1)[K],(A-1.#c1.a1)[K],(a.b1)[K],(B-1.e1.a1)[K],(#c.a.g1)[K],(d.d1.#f1)[J],(d1.#f1)[K],(g1)[K],(d.d1.a1)[K],(a)[K],(d.#f.d1.#f1)[J],(B-1.g.b.e1)[K],(g)[K],(e.e1.g1)[K],(a)[K],(A-1.a.#f1)[K],(#f)[K],(A-1.a)[K],(e.#c1.e1)[K],(d.d1.#f1)[I],(d.a.d1)[K],(a)[K],(d.#f1)[J],(B-1.e.b)[K],(g)[K],(e.g.e1)[K],(a)[K],(A-1.#f.a)[K],(#f)[K],(A-1.a)[K],(e.#c1)[K],(d.d1.#f1)[I],(d.d1.#f1.d2)[K],(a)[K],(d.#f.#f1.d2)[K],(#c2)[K],(G-1.g.b.g1.b1)[J],(d.b.b1)[J],(A-1.a.#c1.a1)[K],(a)[K],(#c.#c1.e1.a1)[K],(a.g1)[K],(d.d1.#f1)[J],(d.#f1)[K],(g1)[K],(d.d1.a1)[K],(a)[K],(d.#f.d1.#f1)[J],(B-1.g.b.e1)[K],(g)[K],(e.b.e1.g1)[K],(a)[K],(A-1.a.#f1)[K],(#f)[K],(A-1.a)[K],(e.g.#c1.e1)[K],(d.#f.d1.#f1)[I],(d.d1.#f1.d2)[K],(a)[K],(d.#f.#f1.d2)[K],(#c2)[K],(G-1.g.b.g1.b1)[J],(d.b.b1)[J],(A-1.a.#c1.a1)[K],(a)[K],(#c.#c1.e1.a1)[K],(a.g1)[K],(d.d1.#f1)[J],(d.#f1)[K],(g1)[K],(d.d1.a1)[K],(a)[K],(d.#f.d1.#f1)[J],(B-1.g.b.e1)[K],(g)[K],(e.b.e1.g1)[K],(a)[K],(A-1.a.#f1)[K],(#f)[K],(A-1.a)[K],(e.g.#c1.e1)[K],(d.#f.d1.#f1)[I],(d.#f.d1.#f1.d2)[K],(a.e2)[K],(#f.#f1.d2)[K],(d1.b1)[K],(e.a.#c1.g1.#c2)[K],(a.b1)[K],(A-1.e1.a1)[K],(a)[K],(d.#f.d1.#f1.d2)[K],(a.e2)[K],(#f.#f1.d2)[K],(d1.b1)[K],(e.a.#c1.g1.#c2)[K],(a.b1)[K],(A-1.e1.a1)[K],(a)[K],(d.#f.d1.#f1.d2)[K],(a)[K],(d.#f1.d2)[K],(d1)[K],(B-1.#g.d1.#g1.b1)[K],(#g.b1)[K],(e.e1.e2)[K],(d1.d2)[K],(A-1.#c.#c1.a1.#c2)[K],(a.d2)[K],(e.e1.#c2)[K],(a.b1)[K],(A-1.a.#c1.a1)[K],(a)[K],(g.b.a1.b1)[K],(#c1.g1.#c2)[K],(d.#f.d1.#f1.d2)[K],(a)[K],(d.#f.#f1.d2)[K],(#c2)[K],(G-1.g.b.g1.b1)[J],(d.b.b1)[K],(b1)[K],(A-1.a.#c1.a1)[K],(a.b1)[K],(B-1.#c1.e1.a1)[K],(#c.a.g1)[K],(d.d1.#f1)[J],(d.#f1)[K],(g1)[K],(d.d1.a1)[K],(a)[K],(d.#f.d1.#f1)[J],(B-1.g.b.e1)[K],(g)[K],(e.b.e1.g1)[K],(a)[K],(A-1.a.#f1)[K],(#f)[K],(A-1.a)[K],(e.g.#c1.e1)[K],(d.#f.d1.#f1)[I];"]},{"id":3,"baseBeats":0.5,"scores":["mute[J],mute[J],mute[J],mute[J],mute[JK],mute[K],mute[I],mute[J],mute[K],mute[K],mute[J],mute[J],mute[J],mute[K],mute[K],mute[J],mute[K],mute[K],mute[J],mute[J],mute[J],mute[J],mute[JK],mute[K],mute[I],mute[J],mute[K],mute[K],mute[J],mute[J],mute[J],mute[K],mute[K],mute[J],mute[K],mute[K],mute[J],mute[J],mute[J],mute[J],mute[JK],mute[K],mute[I],mute[K],mute[K],mute[K],mute[K],mute[K],mute[K],mute[J],mute[K],mute[K],mute[K],mute[K],mute[K],mute[K],mute[J],mute[J],mute[J],mute[J],mute[K],mute[K],mute[K],mute[K],mute[K],mute[K],mute[J],mute[K],mute[K],mute[J],mute[J],mute[J],mute[J],mute[K],mute[K],mute[K],mute[K],mute[J],mute[K],mute[K],mute[J],mute[J],mute[J],mute[J],mute[JK],mute[K],mute[I],mute[J],mute[J],mute[J],mute[J],mute[JK],mute[K],mute[II],R;","(d.a.d1)[K],(a)[K],(d.#f.#f1)[J],(B-1.e.g.b)[K],(g)[K],(e.g.b.e1)[K],(a)[K],(A-1.#f.a)[K],(#f)[K],(A-1.a)[K],(e.g.#c1)[K],(d.#f.d1.#f1)[I],(d.d1.#f1.d2)[K],(a)[K],(d.#f.#f1.d2)[K],(#c2)[K],(G-1.g.b.g1.b1)[J],(d.b.b1)[J],(A-1.a.#c1.a1)[K],(a)[K],(#c.#c1.e1.a1)[K],(a.g1)[K],(d.d1.#f1)[J],(d.#f1)[K],(g1)[K],(d.d1.a1)[K],(a)[K],(d.#f.d1.#f1)[J],(B-1.g.b.e1)[K],(g)[K],(e.b.e1.g1)[K],(a)[K],(A-1.a.#f1)[K],(#f)[K],(A-1.a)[K],(e.g.#c1.e1)[K],(d.#f.d1.#f1)[I],(d.d1.#f1.d2)[K],(a)[K],(d.#f.#f1.d2)[K],(#c2)[K],(G-1.g.b.g1.b1)[J],(d.b.b1)[J],(A-1.a.#c1.a1)[K],(a)[K],(#c.#c1.e1.a1)[K],(a.g1)[K],(d.d1.#f1)[J],(d.#f1)[K],(g1)[K],(d.d1.a1)[K],(a)[K],(d.#f.d1.#f1)[J],(B-1.g.b.e1)[K],(g)[K],(e.b.e1.g1)[K],(a)[K],(A-1.a.#f1)[K],(#f)[K],(A-1.a)[K],(e.g.#c1.e1)[K],(d.#f.d1.#f1)[I],(d.#f.d1.#f1.d2)[K],(a.e2)[K],(#f.#f1.d2)[K],(d1.b1)[K],(e.a.#c1.g1.#c2)[K],(a.b1)[K],(A-1.e1.a1)[K],(a)[K],(d.#f.d1.#f1.d2)[K],(a.e2)[K],(#f.#f1.d2)[K],(d1.b1)[K],(e.a.#c1.g1.#c2)[K],(a.b1)[K],(A-1.e1.a1)[K],(a)[K],(d.#f.d1.#f1.d2)[K],(a)[K],(d.#f1.d2)[K],(d1)[K],(B-1.#g.d1.#g1.b1)[K],(#g)[K],(e.e1.e2)[K],(d1.d2)[K],(A-1.#c.#c1.a1.#c2)[K],(a.d2)[K],(e.e1.#c2)[K],(a.b1)[K],(A-1.a.#c1.a1)[K],(a)[K],(g.b.a1.b1)[K],(#c1.g1.#c2)[K],(d.#f.d1.#f1.d2)[K],(a)[K],(d.#f.#f1.d2)[J],(G-1.g.b.g1.b1)[J],(d.b.b1)[J],(A-1.a.#c1.a1)[K],(a.b1)[K],(B-1.#c1.e1.a1)[K],(#c.a.g1)[K],(d.d1.#f1)[J],(d.#f1)[K],(g1)[K],(d.d1.a1)[K],(a)[K],(d.#f.d1.#f1)[J],(B-1.g.b.e1)[K],(g)[K],(e.b.e1.g1)[K],(a)[K],(A-1.a.#f1)[K],(#f)[K],(A-1.a)[K],(e.g.#c1.e1)[K],(d.#f.d1.#f1)[I],(d.a.d1.a1)[K],(a)[K],(d.#f.d1.#f1)[J],(B-1.e.g.b.e1)[K],(g)[K],(e.g.b.e1.g1)[K],(a)[K],(A-1.a.#f1)[K],(#f)[K],(A-1.a)[K],(e.g.#c1.e1)[K],(d.#f.d1.#f1)[II],R;"]}]}




























