{"baseBpm":236,"musics":[{"id":1,"baseBeats":0.5,"scores":["mute[LNO],mute[LNO],mute[LNO],mute[L],mute[L],mute[L],mute[L],mute[L],mute[L],mute[L],mute[L],mute[L],mute[L],mute[LNO],mute[LNO],mute[L],mute[L],mute[L],mute[L],mute[L],mute[L],mute[L],mute[L],mute[L],mute[L],mute[L],mute[L],mute[L],mute[L],mute[L],mute[L],mute[L],mute[L],mute[L],mute[L],mute[L],mute[L],mute[L],mute[L],mute[L],mute[L],mute[L],mute[L],mute[L],mute[L],mute[L],mute[L],mute[L],mute[L],mute[L],mute[L],mute[L],mute[L],mute[L],mute[L],mute[L],mute[L],mute[L],mute[L],mute[L],mute[LNO],mute[LM],mute[LNO],mute[LNO],mute[LNO],mute[LNO],mute[LNO],mute[LNO],mute[LNO],mute[L],mute[L],mute[L],mute[L],mute[L],mute[L],mute[L],mute[L],mute[L],mute[LNO],mute[LMN],mute[LMN],mute[LMN],mute[LMO],mute[LM],mute[LNO],mute[L],mute[L],mute[L],mute[L],mute[L],mute[L],mute[L],mute[L],mute[L],mute[L],mute[L],mute[L],mute[L],mute[L],mute[L],mute[L],mute[L],mute[L],mute[L],mute[L],mute[L],mute[L],mute[L],mute[L],mute[L],mute[L],mute[L],mute[L],mute[L],mute[L],mute[L],mute[L],mute[LNO],mute[LNO],mute[LNO],mute[LM],mute[LM],mute[LM],mute[LNO],mute[L],mute[L],mute[L],mute[L],mute[L],mute[L],mute[L],mute[L],mute[L],mute[L],mute[L],mute[L],mute[L],mute[L],mute[L],mute[L],mute[L],mute[L],mute[LM],mute[LMO],mute[LMN],mute[LMO],mute[LM],mute[LMO],mute[KNO],mute[L],mute[L],mute[L],mute[KO],mute[L],mute[L],mute[L],mute[L],mute[L],mute[L],mute[L],mute[L],mute[L],mute[L],mute[L],mute[L],mute[L],mute[L],mute[L],mute[L],mute[L],mute[L],mute[L],mute[L],mute[L],mute[L],mute[L],mute[L],mute[L],mute[L],mute[L],mute[L],mute[L],mute[L],mute[L],mute[L],mute[L],mute[L],mute[L],mute[LNO],mute[LNO],mute[LM],mute[LMO],mute[LMNO],mute[LMNO],mute[LMNO],mute[LMO],mute[L],mute[L],mute[L],mute[L],mute[L],mute[L],mute[L],mute[L],mute[L],mute[L],mute[L],mute[L],mute[L],mute[L],mute[L],mute[L],mute[L],mute[L],mute[L],mute[L],mute[LNO],mute[LNO],mute[LM],mute[LM],mute[LMN],mute[LMNO],mute[KNO],mute[KM],mute[KM],mute[L],mute[L],mute[L],mute[L],mute[L],mute[L],mute[LM],mute[LM],mute[LNO],mute[LNO],mute[LNO],mute[LNO],mute[LNO],mute[LNO],mute[LNO],mute[LNO],mute[LNO],mute[LNO],mute[LNO],mute[LNO],mute[L],mute[L],mute[L],mute[L],mute[L],mute[L],mute[L],mute[L],mute[L],mute[L],mute[L],mute[LNO],mute[K],mute[L],mute[L],mute[LMNO],mute[LMN],mute[LMN],mute[LMN],mute[LMN],mute[LMO],mute[LMN],mute[L],mute[L],mute[KN],mute[KO],mute[KO],mute[KO],mute[LM],mute[LM],mute[LM],mute[LM],mute[LM],mute[LNO],mute[LNO],mute[L],mute[L],mute[L],mute[L],mute[L],mute[L],mute[L],mute[L],mute[L],mute[L],mute[L],mute[L],mute[L],mute[L],mute[L],mute[L],mute[L],mute[L],mute[L],mute[L],mute[L],mute[L],mute[L],mute[L],mute[L],mute[L],mute[L],mute[L],mute[L],mute[L],mute[L],mute[LNO],mute[LNO],mute[LNO],mute[LM],mute[LM],mute[LM],mute[LM],mute[LM],mute[LM],mute[LNO],mute[LNO],mute[LNO],mute[LNO],mute[L],mute[L],mute[L],mute[L],mute[L],mute[L],mute[L],mute[L],mute[L],mute[L],mute[L],mute[L],mute[L],mute[L],mute[L],mute[L],mute[L],mute[L],mute[L],mute[L],mute[L],mute[L],mute[L],mute[L],mute[L],mute[L],mute[L],mute[L],mute[L],mute[L],mute[L],mute[L],mute[L],mute[L],mute[LNO],mute[LNO],mute[LNO],mute[LNO],mute[LNO],mute[LM],mute[LM],mute[LM],mute[LM],mute[LMO],mute[LMN],mute[LMN],mute[LMN],mute[LMN],mute[LMNO],mute[KO],mute[KO],mute[KO],mute[KO],mute[LM],mute[LM],mute[LM],mute[LM],mute[LM],mute[LM],mute[LM],mute[LNO],mute[LNO],mute[LNO],mute[LNO],mute[L],mute[L],mute[L],mute[L],mute[L],mute[L],mute[L],mute[L],mute[L],mute[L],mute[L],mute[L],mute[L],mute[L],mute[L],mute[LNO],mute[LNO],mute[LNO],mute[LNO],mute[LNO],mute[LMO],mute[LMO],mute[LM],mute[LNO],mute[LNO],mute[LNO],mute[LNO],mute[LNO],mute[LNO],mute[LNO],mute[LNO],mute[LNO],mute[LNO],mute[LNO],mute[LNO],mute[LNO],mute[LNO],mute[LNO],mute[LNO],mute[LNO],mute[LNO],mute[LNO],mute[LNO],mute[LNO],mute[LNO],mute[LNO],mute[L],mute[L],mute[L],mute[L],mute[L],mute[L],mute[L],mute[L],mute[L],mute[L],mute[L],mute[L],mute[L],mute[L],mute[L],mute[L],mute[L],mute[L],mute[L],mute[L],mute[L],mute[L],mute[L],mute[L],mute[L],mute[L],mute[L],mute[L],mute[L],mute[L],mute[L],mute[L],mute[L],mute[L],mute[L],mute[L],mute[L],mute[L],mute[L],mute[L],mute[L],mute[L],mute[L],mute[L],mute[L],mute[L],mute[L],mute[L],mute[L],mute[L],mute[L],mute[L],mute[L],mute[L],mute[L],mute[LNO],mute[LNO],mute[LNO],mute[LNO],mute[LM],mute[LMO],mute[LMO],mute[LMNO],mute[KN],mute[KO],mute[LMNO],mute[LMN],mute[LMO],mute[LM],mute[LNO],mute[LNO],mute[LNO],mute[LNO],mute[LNO],mute[LNO],mute[LNO],mute[LNO],mute[LNO],mute[L],mute[L],mute[L],mute[L],mute[L],mute[L],mute[L],mute[L],mute[L],mute[L],mute[LNO],mute[LMO],mute[LMNO],mute[LMN],mute[LNO],mute[KO],mute[K],mute[LMO],mute[LNO],mute[LNO],mute[L],mute[L],mute[L],mute[L],mute[L],mute[L],mute[L],mute[L],mute[L],mute[L],mute[L],mute[L],mute[LNO],mute[LNO],5<mute[M],mute[M]>,5<mute[M],mute[M]>,5<mute[M],mute[M]>,5<mute[M],mute[M]>,5<mute[M],mute[M]>,mute[L],mute[LMN],mute[LMNO],mute[K],mute[LMNO],mute[LMNO],mute[LMN],mute[LM],mute[LM],mute[LM],mute[LM],mute[LNO],mute[LNO],mute[L],mute[L],mute[L],mute[L],mute[L],mute[LNO],mute[LM],mute[LMNO],mute[KN],mute[LM],mute[L],mute[L],mute[L],mute[L],mute[L],mute[L],mute[L],mute[L],mute[K],mute[LM],mute[KLMN],mute[KN],mute[L],mute[L],mute[LMNO],mute[LMO],mute[LM],mute[LNO],mute[LNO],mute[LNO],mute[LNO],mute[LNO],mute[LNO],mute[LNO],mute[LNO],mute[LNO],mute[LNO],mute[LNO],mute[LNO],mute[LNO],mute[LNO],mute[LNO],mute[LM],mute[LMO],mute[LMN],mute[KO],mute[KO],mute[LMN],mute[LMO],mute[LNO],mute[LNO],mute[LNO],mute[LNO],mute[LNO],mute[LNO],mute[LNO],mute[L],mute[L],mute[L],mute[L],mute[L],mute[L],mute[L],mute[L],mute[L],mute[L],mute[LNO],mute[LNO],mute[LNO],mute[K],mute[KN],mute[LMNO],mute[LMO],mute[L],mute[L],mute[L],mute[LM],mute[LNO],mute[L],mute[L],mute[L],mute[L],mute[L],mute[L],mute[L],mute[L],mute[L],mute[L],mute[LMNO],mute[L],mute[L],mute[L],mute[L],mute[L],mute[L],mute[L],mute[L],mute[L],mute[L],mute[L],mute[LMN],mute[LMO],mute[LNO],mute[LNO],mute[LNO],mute[LNO],mute[LNO],mute[LNO],mute[LNO],mute[LNO],mute[LNO],mute[LNO],mute[LNO],mute[LNO],mute[LNO],mute[LNO],mute[LNO],mute[LNO],mute[LNO],mute[LNO],mute[LNO],mute[LNO],mute[LNO],mute[LNO],mute[LNO],mute[L],mute[L],mute[L],mute[L],mute[L],mute[L],mute[L],mute[L],mute[L],mute[L],mute[L],mute[L],mute[L],mute[L],mute[L],mute[L],mute[L],mute[L],mute[L],mute[L],mute[LMNO],mute[KNO],mute[KN],mute[KN],mute[KO],mute[LMO],mute[LNO],mute[LNO],mute[LNO],mute[LNO],mute[LNO],mute[LNO],mute[LNO],mute[LNO],mute[LNO],mute[LNO],mute[LNO],mute[LNO],mute[LNO],mute[LNO],mute[LNO],mute[LNO],mute[LNO],mute[LNO],mute[LNO],mute[LM],mute[LM],mute[LM],mute[LM],mute[LM],mute[LM],mute[LM],mute[LM],mute[LM],mute[LM],mute[LM],mute[LM],mute[LM],mute[LMO],mute[LMO],mute[LMO],mute[LMN],mute[LMN],mute[LMN],mute[LMN],mute[LMNO],mute[LMNO],mute[LMNO],mute[K],mute[K],mute[LM],mute[L],mute[L],mute[L],mute[L],mute[L],mute[L],mute[L],mute[L],mute[L],mute[L],mute[LNO],mute[LNO],mute[LNO],mute[LNO],mute[LNO],mute[LNO],mute[LM],mute[LM],mute[LMO],mute[LNO],mute[LNO],mute[LNO],mute[LNO],mute[LNO],mute[K],mute[K],mute[LMNO],mute[LMN],mute[LMN],mute[LMO],mute[LM],mute[LM],mute[LM],mute[LM],mute[LM],mute[LM],mute[LM],mute[KM],mute[KN],mute[K],mute[LMNO],mute[LMN],mute[LMN],mute[LMN],mute[LMN],mute[LMN],mute[LMN],mute[LMN],mute[KN],mute[KNO],mute[KN],mute[KN],mute[KO],mute[K],mute[K],mute[LMNO],mute[LMNO],mute[K],mute[K],mute[K],mute[K],mute[K],mute[K],mute[KO],mute[KO],mute[LMNO],mute[LMN],mute[LMN],mute[LMN],mute[LMN],mute[LMN],mute[LMO],mute[LMO],mute[LMO],mute[LMO],mute[LMO],mute[LMO],mute[LMO],mute[LMO],mute[LMO],mute[LMO],mute[LM],mute[LM],mute[LM],mute[LM],mute[LM],mute[LM],mute[LM],mute[LM],mute[LM],mute[LM],mute[LM],mute[LM],mute[LM],mute[LNO],mute[LNO],mute[LNO],mute[LNO],mute[LNO],mute[LNO],mute[LNO],mute[LNO],mute[LNO],mute[LNO],mute[LNO],mute[LNO],mute[LNO],mute[LNO],mute[LNO],mute[L],mute[L],mute[L],mute[L],mute[L],mute[L],mute[L],mute[L],mute[L],mute[L],mute[L],mute[L],mute[L],mute[L],mute[L],mute[IKLN],mute[JK],mute[JKO],mute[KLNO],mute[KLNO],mute[JLMO],mute[JLMO],mute[KLO],mute[KLO],mute[JLM],mute[ILM],mute[JK],mute[JLMNO],mute[KLN],mute[KMN],mute[JLN],mute[JK],mute[KMNO],mute[KMN],mute[JLN],mute[IKO],mute[KM],mute[KM],mute[JMN],mute[KNO],mute[KNO],mute[JMN],mute[JNO],mute[KO],mute[KO],mute[JN],mute[JNO],mute[JM],mute[KN],mute[KNO],mute[JLN],mute[KMN],mute[KL],mute[JKM],mute[JLMNO],mute[JK],mute[JKO],mute[IKO],mute[JMN],mute[JMN],mute[KNO],mute[KNO],mute[JMN],mute[JLMNO],mute[KL],mute[KMN],mute[JLNO],mute[IKMO],mute[JKLMNO],mute[KO],mute[K],mute[LMNO],mute[KMO],mute[KM],mute[JMNO],mute[JL],mute[KMNO],mute[KLO],mute[JKLNO],mute[IKLMO],mute[KMN],mute[KMN],mute[JLNO],mute[KMO],mute[KM],mute[JMN],mute[LM],mute[LM],mute[LM],mute[KN],mute[KN],mute[JMO],mute[ILNO],mute[KNO],mute[KLN],mute[JKM],mute[KMN],mute[KMN],mute[JLNO],mute[JL],mute[JL],mute[JKMNO],mute[IJLMN],mute[JKO],mute[JLM],mute[KMN],mute[KMO],mute[JMNO],mute[JL],mute[JNO],mute[LMN],mute[JKM],mute[IKMNO],mute[JLMN],mute[KMN],mute[KN],mute[K],mute[JO],mute[LNO],mute[JLM],mute[JKL],mute[IILMO],mute[KLM],mute[KL],mute[K],mute[LMNO],mute[LMNO],mute[LMN],mute[LMN],mute[LMO],mute[LMO],mute[LM],mute[LM],mute[LM],mute[LM],mute[LM],mute[LM],mute[LM],mute[LM],mute[LM],mute[LNO],mute[LNO],mute[LNO],mute[LNO],mute[LNO],mute[LNO],mute[LNO],mute[LNO],mute[LNO],mute[LNO],mute[L],mute[L],mute[L],mute[L],mute[L],mute[L],mute[L],mute[L],mute[L],mute[L],mute[LNO],mute[LNO],mute[LM],mute[LMNO],mute[LMN],mute[LMN],mute[LMO],mute[LMO],mute[LMO],mute[LM],mute[LM],mute[LM],mute[LNO],mute[LNO],mute[LNO],mute[LNO],mute[LNO],mute[LNO],mute[LNO],mute[L],mute[L],mute[L],mute[L],mute[L],mute[LNO],mute[LNO],mute[LNO],mute[LM],mute[LMN],mute[LMO],mute[LMO],mute[LMO],mute[LMO],mute[LM],mute[LM],mute[LM],mute[LM],mute[LNO],mute[LNO],mute[LNO],mute[LNO],mute[LNO],mute[LNO],mute[LNO],mute[LNO],mute[LNO],mute[LNO],mute[LNO],mute[LNO],mute[LNO],mute[LNO],mute[LMN],mute[LMN],mute[LMO],mute[LMO],mute[LMO],mute[LMO],mute[LM],mute[LM],mute[LM],mute[LM],mute[LNO],mute[LNO],mute[LNO],mute[LNO],mute[LNO],mute[LNO],mute[LNO],mute[LNO],mute[LNO],mute[LNO],mute[LNO],mute[LNO],mute[LNO],mute[LM],mute[LMN],mute[LMO],mute[LMO],mute[LM],mute[LM],mute[LM],mute[LNO],mute[LNO],mute[LNO],mute[L],mute[L],mute[L],mute[L],mute[L],mute[LNO],mute[LNO],mute[LNO],mute[LNO],mute[LNO],mute[L],mute[L],mute[L],mute[L],mute[L],mute[L],mute[L],mute[L],mute[L],mute[L],mute[L],mute[L],mute[L],mute[L],mute[L],mute[L],mute[L],mute[L],mute[L],mute[L],mute[L],mute[L],mute[L],mute[L],mute[L],mute[L],mute[L],mute[L],mute[L],mute[L],mute[L],mute[L],mute[L],mute[L],mute[L],mute[L],mute[L],mute[L],mute[L],mute[L],mute[L],mute[L],mute[L],mute[L],mute[L],mute[L],mute[L],mute[L],mute[L],mute[L],mute[IJO],mute[IMNO],mute[JKMO],mute[KMN],mute[KL],mute[JKNO],mute[JKLMN],mute[JKM],mute[IJMO],mute[JKN],mute[JMN],mute[KN],mute[KN],mute[IJKMN],mute[JLMO],mute[LMN],mute[LMNO],mute[LMNO],mute[KLMN],mute[KLMN],mute[KLMN],mute[JLMO],mute[LMN],mute[LMNO],mute[LMNO],mute[KLMN],mute[KLMN],mute[KLMN],mute[LMNO],mute[LMNO],mute[LMNO],mute[LMNO],mute[LMNO],mute[LMNO],mute[LMNO],mute[LMNO],mute[LMNO],mute[LMNO],mute[LMNO],mute[LMNO],mute[LMNO],mute[LMNO],mute[LMNO],mute[LMNO],mute[LMNO],mute[LMNO],mute[LMNO],mute[LMNO],mute[LMNO],mute[LMNO],mute[LMNO],mute[LMNO],mute[LMNO],mute[LMNO],mute[LMNO],mute[LMNO],mute[LMNO],mute[LMNO],mute[LMNO],mute[LMNO],mute[LMNO],mute[LMNO],mute[LMNO],mute[LMNO],mute[LMNO],mute[LMNO],mute[LMNO],mute[LMNO],mute[LMNO],mute[LMNO],mute[LMNO],mute[LMNO],mute[LMNO],mute[LMNO],mute[LMNO],mute[LMNO],mute[IIJKM],mute[KLMN],mute[KLMN],mute[KLMN],mute[KLMN],mute[KLMN],mute[KLMN],mute[KNO],mute[KM],mute[KMO],mute[LNO],mute[LM],mute[L],mute[L],mute[L],mute[L],mute[L],mute[L],mute[KNO],mute[KM],mute[KNO],mute[KMN],mute[LMNO],mute[LM],mute[LNO],mute[KLMN],mute[KM],mute[KM],mute[L],mute[L],mute[L],mute[L],mute[L],5<mute[M],mute[M]>,mute[LN],mute[KMO],mute[LNO],mute[LNO],mute[KMN],mute[KMN],mute[KMO],mute[KM],mute[KNO],mute[KNO],mute[KN],mute[L],mute[L],mute[L],mute[L],mute[L],mute[LN],mute[LNO],mute[LNO],mute[KLN],mute[KM],mute[KM],mute[KM],mute[K],mute[K],mute[KO],mute[KL],mute[L],mute[L],mute[L],mute[L],mute[L],mute[L],mute[L],mute[L],mute[L],mute[L],mute[L],mute[LMN],mute[KMNO],mute[KNO],mute[KM],mute[KMO],mute[LNO],mute[LNO],mute[KM],mute[KM],mute[KM],mute[KM],mute[KM],mute[KM],mute[LMNO],mute[LMNO],mute[KM],mute[KM],mute[KMO],mute[LNO],mute[LNO],mute[LNO],mute[KM],mute[KM],mute[KM],mute[L],mute[L],mute[L],mute[L],mute[L],mute[KM],mute[KNO],mute[L],mute[L],mute[L],mute[L],mute[L],mute[L],mute[L],mute[L],mute[L],mute[L],mute[L],mute[L],mute[L],mute[L],5<mute[M],mute[M]>,5<mute[M],mute[M]>,mute[L],mute[L],mute[L],mute[L],mute[L],mute[L],mute[L],mute[L],mute[L],mute[KNO],mute[LMN],mute[KNO],mute[KNO],mute[KNO],mute[KNO],mute[KNO],mute[KNO],mute[KNO],mute[KNO],mute[KNO],mute[KNO],mute[KNO],mute[KMNO],mute[KN],mute[KN],mute[KN],mute[KN],mute[KLO],mute[LMO],mute[LM],mute[L],mute[L],mute[L],mute[L],mute[L],mute[L],mute[KLO],mute[L],mute[L],mute[L],mute[LM],mute[LM],mute[LM],mute[LM],mute[KMNO],mute[KMNO],mute[KMNO],mute[KMN],mute[KMN],mute[LNO],mute[LNO],mute[KMN],mute[LNO],mute[LNO],mute[LNO],mute[LNO],mute[LNO],mute[LNO],mute[LMNO];","G-1[LNO],d[LNO],g[LNO],b[LN],d1[LN],b[LN],g[LN],d[LN],G-1[LN],d[LN],G-1[LN],d[LNO],G-1[LNO],d[LN],g[LN],b[LN],d1[LN],b[LO],g[LO],d[LO],G-1[LO],d[LO],G-1[LO],d[LN],G-1[LN],d[LN],g[LN],b[LN],d1[LN],b[LO],g[LO],d[LO],G-1[LO],d[LO],G-1[LN],d[LN],G-1[LN],d[LN],g[LN],b[LN],d1[LN],b[LN],g[LO],d[LO],G-1[LO],d[LO],G-1[LO],d[LO],(b2.G-1)[LO],d[LO],g[LO],b[LNO],d1[LM],b[LNO],(d2.g)[LNO],d[LNO],G-1[LNO],d[LNO],(e2.G-1)[LNO],d[LNO],(#f2.G-1)[LO],d[LO],g[LO],c1[LO],d1[LO],c1[LO],g[LO],d[LO],G-1[LNO],d[LMN],(g2.G-1)[LMN],d[LMN],(a2.G-1)[LMO],d[LM],g[LNO],c1[LN],(b2.d1)[LN],c1[LN],(c3.g)[LN],d[LO],G-1[LO],d[LO],(e3.G-1)[LO],d[LO],(e3.G-1)[LO],d[LO],#a[LO],#c1[LO],e1[LO],#c1[LO],#a[LO],d[LO],G-1[LO],d[LO],G-1[LO],d[LO],G-1[LO],d[LO],b[LO],d1[LO],(d3.g1)[LO],d1[LO],(d2.b)[LO],d[LNO],G-1[LNO],d[LNO],(e2.G-1)[LM],d[LM],(#f2.G-1)[LM],d[LNO],a[LN],c1[LN],d1[LN],c1[LN],(#f2.a)[LN],d[LN],G-1[LN],d[LN],(g2.G-1)[LN],d[LN],(a2.G-1)[LO],d[N],b2[LO],#f[MO],a2[MNO],c1[MNO],#g2[MO],d1[LN],a2[N],c1[LMO],(c3.#f)[LMN],(c3.d)[LMO],G-1[LM],d[LMO],G-1[KNO],(b2.d)[L],b2[L],a2[L],(g2.G-1)[KO],d[LN],g[LN],b[LN],d1[LN],b[LN],g[LN],d[LN],G-1[LN],d[LN],G-1[LN],d[LN],(b2.G-1)[LN],d[LN],g[LN],b[LN],d1[LN],b[LN],(d2.g)[LN],d[LN],G-1[LN],d[LN],(e2.G-1)[LN],d[LN],(#f2.G-1)[LN],d[LN],a[LN],c1[LN],d1[LN],c1[LNO],a[LNO],d[LM],G-1[LMO],d[LMNO],(g2.G-1)[LMNO],d[LMNO],(a2.G-1)[LMO],d[LN],#f[LN],c1[LN],(b2.d1)[LN],c1[LO],(c3.#f)[MNO],d3[N],d[MN],c3[M],G-1[M],b2[MO],d[N],c3[MNO],(#f3.G-1)[LO],d[M],e3[M],(e3.G-1)[LO],d[LO],#a[LO],#c1[LN],e1[LN],#c1[LN],#a[LNO],d[LNO],G-1[LM],d[LM],G-1[LMN],d[LMNO],(e3.G-1)[KNO],d[KM],b[KM],(d3.d1)[LO],b2[MN],#f2[NO],g1[NO],a2[MN],g2[MN],d2[NO],d1[N],b1[M],g1[MN],(d2.b)[LM],d[LM],G-1[LNO],d[LNO],G-1[LNO],(e2.d)[LNO],(#f2.G-1)[LNO],d[LNO],a[LNO],c1[LNO],d1[LNO],c1[LNO],a[LNO],d[LNO],G-1[LN],d[LN],(g2.G-1)[LN],d[MNO],a2[MNO],(a2.G-1)[LN],b2[NO],d[L],a2[MN],#f[MN],#g2[L],c1[NO],a2[LNO],d1[K],c1[L],a2[L],(c3.#f)[LMNO],(c3.d)[LMN],G-1[LMN],(c3.d)[LMN],G-1[LMN],(b2.d)[LMO],(b2.G-1)[LMN],(b2.d)[L],a2[L],(g2.g)[KN],b[KO],d1[KO],b[KO],g[LM],d[LM],G-1[LM],d[LM],G-1[LM],d[LNO],(b2.E-1)[LNO],B-1[LN],e[LN],g[LN],b[LN],g[LN],(e2.e)[LN],B-1[LO],E-1[LO],B-1[LO],(#f2.E-1)[LO],B-1[LO],(g2.E-1)[LO],B-1[LO],e[LO],g[LO],b[LO],g[LO],e[LO],B-1[LN],E-1[LN],B-1[LN],(a2.E-1)[LN],(b2.B-1)[MO],#c3[MO],(b2.E-1)[LN],A-1[LN],e[LN],g[LNO],(a2.a)[LNO],g[LNO],(b2.e)[LM],A-1[LM],E-1[LM],A-1[LM],(#c3.E-1)[LM],A-1[LM],(#c3.D-1)[LNO],A-1[LNO],d[LNO],#f[LNO],a[LN],#f[LN],(d3.d)[LN],A-1[LN],D-1[LN],A-1[LN],D-1[LN],A-1[LN],(a2.D-1)[LN],A-1[LN],d[LN],f[L],a[L],f[L],(d2.d)[L],A-1[L],D-1[L],A-1[L],(e2.D-1)[LO],A-1[LO],(f2.D-1)[LO],A-1[LO],d[LN],f[LN],a[LN],f[LN],d[LN],A-1[LN],D-1[LN],A-1[LNO],(g2.D-1)[LNO],(a2.A-1~b2)[LNO],(a2.D-1)[LNO],G-1[LNO],d[LM],f[LM],(g2.g)[LM],f[LM],(a2.d)[LMO],G-1[LMN],D-1[LMN],G-1[LMN],(b2.D-1)[LMN],G-1[LMNO],(b2.C-1)[KO],G-1[KO],c[KO],e[KO],g[LM],e[LM],(c3.c)[LM],G-1[LM],C-1[LM],G-1[LM],(b2.C-1)[LM],G-1[LNO],(#a2.C-1)[LNO],#F-1[LNO],c[LNO],e[LN],(e2.#f)[LN],e[LN],(#f2.c)[LN],#F-1[LN],C-1[LN],#F-1[LN],(e2.C-1)[LN],#F-1[LN],(#d2.B-2)[LN],#F-1[LN],B-1[LN],#d[LNO],(b2.#f)[LNO],(b2.#d~d3)[LNO],(c3.B-1)[LNO],#F-1[LNO],B-2[LMO],#F-1[LMO],(b2.B-2)[LM],#F-1[LNO],(#a2.C-1)[LNO],#F-1[LNO],c[LNO],e[LNO],(e2.#f)[LNO],e[LNO],(#f2.c)[LNO],#F-1[LNO],C-1[LNO],#F-1[LNO],(e2.C-1)[LNO],#F-1[LNO],(#d2.B-2)[LNO],#F-1[LNO],B-1[LNO],#d[LNO],(b2.#f)[LNO],(b2.#d~d3)[LNO],(c3.B-1)[LNO],#F-1[LNO],B-2[LNO],#F-1[LNO],(b2.B-2)[LN],#F-1[LN],(#d3.B-2)[LN],#F-1[LN],B-1[LN],#d[LN],#f[LN],#d[LN],B-1[LN],#f[LN],b[LN],#d1[LN],#f1[LN],#d1[LN],b[LN],#f1[LN],b1[LN],#d2[LO],#f2[LO],#d2[LO],b1[LO],#d2[L],#f2[L],b2[L],(b3.#f3)[MNO],(#d4.#d3)[MNO],(#f3.b2)[MNO],(b3.#g2)[MNO],(#d3.#f2)[L],(#f3.#d2)[L],(b2.b1)[L],(#d3.#g1)[L],(#f2.#f1)[L],(b2.#d1)[L],(#d2.b)[LO],(#f2.#g)[LO],(b1.#f)[LO],(#d2.#d)[LO],(#f1.B-1)[LO],b1[LO],(#d1.B-2)[LN],#d2[LN],#f1[LN],b1[LN],#d1[LN],#d2[LN],#f1[LN],b1[LN],d1[LNO],d2[LNO],(b2.G-1)[LNO],d[LNO],g[LM],b[LMO],d1[LMO],b[LMNO],(d2.g)[KN],d[KO],G-1[LMNO],d[LMN],(e2.G-1)[LMO],d[LM],(#f2.G-1)[LNO],d[LNO],a[LNO],c1[LNO],d1[LNO],c1[LNO],a[LNO],d[LNO],G-1[LNO],d[LN],(g2.G-1)[LN],d[LN],(a2.G-1)[LN],d[LN],#f[LN],c1[LN],(b2.d1)[LN],c1[LNO],(c3.#f)[LMO],d3[M],d[LNO],c3[MNO],G-1[MNO],b2[LNO],d[NO],c3[LMN],(#f3.G-1)[K],(e3.d)[LMO],(e3.G-1)[LNO],d[LNO],#a[LN],#c1[LN],e1[LN],#c1[LN],#a[LO],d[LO],G-1[LO],d[LO],G-1[LN],d[LN],G-1[LNO],d[LNO],(e3.b~#c3)[L],(e3~d3.d1)[L],(b3~#f3)[L],(a3.g1~g3)[L],(d3~b2.d1)[L],g2[L],(d2.b)[LMN],d[LMNO],G-1[K],d[LMNO],(e2.G-1)[LMNO],d[LMN],(#f2.G-1)[LM],d[LM],a[LM],c1[LM],d1[LNO],c1[LNO],(#f2.a)[LN],d[LN],G-1[LN],d[LN],(g2.G-1)[LNO],d[LM],(a2.G-1)[LMNO],d[KN],#f[MN],#c2[MN],e2[L],(d2.c1)[L],b2[L],#f2[L],(a2.d1)[L],g2[L],d2[L],(b1.c1)[L],g1[K],(c3.#f)[LM],d[LN],(c3.G-1)[LN],d[LN],G-1[KN],(b2.d)[L],b2[L],(g2.G-1)[LMNO],d[LMO],g[LM],b[LNO],d1[LNO],b[LNO],g[LNO],d[LNO],G-1[LNO],d[LNO],G-1[LNO],d[LNO],(b2.G-1)[LNO],d[LNO],g[LNO],b[LNO],d1[LNO],b[LNO],(d2.g)[LM],d[LMO],(c2.G-1)[LMN],(b1.d)[KO],(e2.a1.G-1)[KO],(g1.d)[LMN],(#f2.#f1.G-1)[LMO],d[LNO],a[LNO],c1[LNO],d1[LNO],c1[LNO],a[LNO],d[LNO],(e2.G-1)[LN],(d2.d)[LN],(g2.c2.G-1)[LN],(b1.d)[LN],(a2.a1.G-1)[LN],d[LN],#f[LN],c1[LN],(b2.d1)[LNO],c1[LNO],(c3.#f)[LNO],d[K],(a2.G-1)[KN],(g2.d)[LMNO],(d3.#f2.G-1)[LMO],(e3.e2.d)[MN],#c2[MN],(c2.G-1)[M],g2[M],e3[M],d[LM],#a[LNO],#c1[LN],e1[LN],#c1[LN],#a[LN],d[LN],G-1[LN],d[LN],G-1[LN],d[LMNO],(b1.G-1)[L],g2[MNO],e3[MNO],(#c3.d)[MNO],d3[MN],b3[MN],(#f3.b)[MN],a3[MN],g3[MO],(#d3.d1)[MO],#f3[MO],e3[MO],(d3.g1)[MO],b2[MO],g2[MO],d1[N],d2[LM],b[LMO],d[LNO],(c2.G-1)[LNO],(b1.d)[LNO],(a1.G-1)[LNO],(g1.d)[N],e2[LO],(#f2.#f1.G-1)[LNO],d[LNO],a[LNO],c1[LNO],d1[LNO],c1[LNO],a[LNO],d[LNO],(e2.G-1)[LNO],(d2.d)[LNO],(#f2.c2.G-1)[LNO],(g2.b1.d)[LNO],(a2.a1.G-1)[LNO],d[LNO],(g2.#f)[LNO],(#f2.c1)[LNO],(a2.f2.d1)[LNO],(b2.e2.c1)[LNO],(c3.#d2.#f)[LN],d[LN],(b2.G-1)[LN],(#a2.d)[LN],(c3.a2.G-1)[LN],(d3.g2.d)[LN],(#d3.#f2.G-1)[LN],(c4.f3.d)[LN],(b3.d3.a)[LN],(#g3.b2.c1)[LN],(a3.c3.d1)[LN],(#f3.a2.c1)[LN],(#d3.#f2.a)[LN],(c3.f2.d)[LN],(b2.d2.G-1)[LN],(#g2.b1.d)[LN],(a2.c2.G-1)[LMNO],(#d2.c2.d)[KNO],(g2.b1.G-1)[KN],(e4.d)[KN],(d4.g)[KO],(b3.b)[LMO],(c4.d1)[LNO],(b3.b)[LNO],(g3.g)[LNO],(a3.d)[LNO],(g3.G-1)[LNO],(e3.d)[LNO],(#f3.G-1)[LNO],(e3.d)[LNO],(d3.G-1)[LNO],(e3.d)[LNO],(d3.g)[LNO],(b2.b)[LNO],(c3.d1)[LNO],(b2.b)[LNO],(g2.g)[LNO],(a2.d)[LNO],(g2.G-1)[LNO],(e2.d)[LNO],(#f2.G-1)[LNO],(e2.d)[LM],(d2.G-1)[LM],(e2.d)[LM],(d2.#f)[LM],(a1.c1)[LM],(#f2.d1)[LM],(e2.c1)[LM],(d2.#f)[LM],(e2.d)[LM],(d2.G-1)[LM],(a1.d)[LM],(#f2.G-1)[LM],(e2.d)[LM],(d2.G-1)[LMO],(e2.d)[LMO],(d2.a)[LMO],(b1.c1)[LMN],(#f2.d1)[LMN],(e2.c1)[LMN],(d2.a)[LMN],(e2.d)[LMNO],(d2.G-1)[LMNO],(#f1.d)[LMNO],(#f2.G-1)[K],(e2.d)[K],(d2.g1.G-1)[LM],(e3.d)[LN],(e4.g)[LN],(d4.b)[LN],(b3.d1)[LN],(c4.b)[LN],(b3.g)[LN],(g3.d)[LN],(a3.G-1)[LN],(g3.d)[LNO],(e3.G-1)[LNO],(#f3.d)[LNO],(d3.G-1)[LNO],(e3.d)[LNO],(d3.g)[LNO],(b2.b)[LM],(c3.d1)[LM],(b2.b)[LMO],(g2.g)[LNO],(a2.d)[LNO],(g2.G-1)[LNO],(e2.d)[LNO],(#f2.G-1)[LNO],(e2.d)[K],(d2.G-1)[K],(e2.d)[LMNO],(d2.#f)[LMN],(b1.c1)[LMN],(#f2.d1)[LMO],(e2.c1)[LM],(d2.#f)[LM],(e2.d)[LM],(d2.G-1)[LM],(b1.d)[LM],(#f2.G-1)[LM],(e2.d)[LM],(d2.G-1)[KM],(e2.d)[KN],(d2.#f)[K],(b1.c1)[LMNO],(#f2.d1)[LMN],(e2.c1)[LMN],(d2.#f)[LMN],(e2.d)[LMN],(d2.G-1)[LMN],(a1.d)[LMN],(#f2.G-1)[LMN],(e2.d)[KN],(d2.G-1)[KNO],(e2.d)[KN],(d2.g)[KN],(g1.b)[KO],(g2.d1)[K],(e2.b)[K],(d2.g)[LMNO],(e2.d)[LMNO],(d2.G-1)[K],(b1.d)[K],(b2.G-1)[K],(g2.d)[K],(e2.G-1)[K],(#f2.d)[K],(e2.g)[KO],(d2.b)[KO],(d3.d1)[LMNO],(b2.b)[LMN],(a2.g)[LMN],(b2.d)[LMN],(a2.G-1)[LMN],(g2.d)[LMN],(g3.G-1)[LMO],(e3.d)[LMO],(d3.G-1)[LMO],(e3.d)[LMO],(d3.g)[LMO],(b2.b)[LMO],(b3.d1)[LMO],(g3.b)[LMO],(e3.g)[LMO],(#f3.d)[LMO],(e3.G-1)[LM],(d3.d)[LM],(d4.G-1)[LM],(b3.d)[LM],(a3.G-1)[LM],(b3.d)[LM],(a3.g)[LM],(g3.b)[LM],(d4.d1)[LM],(b3.b)[LM],(a3.g)[LM],(b3.d)[LM],(a3.G-1)[LM],(g3.d)[LNO],(e4.G-1)[LNO],(#c4.d)[LNO],(d4.G-1)[LNO],d[LNO],g[LNO],b[LNO],d1[LNO],b[LNO],(e3.g)[LNO],(#f3.d)[LNO],(e3.G-1)[LNO],(d3.d)[LNO],(b3.G-1)[LNO],(g3.d)[LNO],(g3.G-1)[LN],d[LN],g[LN],b[LN],d1[LN],b[LN],g[LN],d[LN],G-1[LN],d[LN],G-1[LN],d[LN],(e1.c2.g.c)[IKLN],(g1.d1.B-1)[JK],(e1.b1.g.c)[JKO],(c1.b1.#f.d)[KLNO],a1[KLNO],(b.g1.g.G-1)[JLMO],(b1.c1.#f1.d)[JLMO],D-1[KLO],a1[KLO],(b.g1.G-1)[JLM],(c2.e1.g.c)[ILM],(d1.g1.B-1)[JK],(e1.b1.g.c)[JLMNO],(c1.b1.#f.d)[KLN],a1[KMN],(b.g1.d.G-1)[JLN],(c1.#f1.b1.d)[JK],(b1.D-1)[KMNO],(c1.#f1.a1)[KMN],(b.g1.G-1)[JLN],(e2.g1.c1)[IKO],(#f2.a1)[KM],e2[KM],(d2.#f1.c1)[JMN],(e2.e1)[KNO],(#f2.d1)[KNO],(g2.g1.d1)[JMN],(d2.a1.#f1.c1)[JNO],(e2.e1)[KO],(#f2.d1)[KO],(g2.g1.b)[JN],(c2.e1)[JNO],a[JM],d2[KN],c2[KNO],(#f1.b1.#d1)[JLN],(#c2.#c1)[KMN],(#d2.b)[KL],(e2.e1.g)[JKM],(a1.#d1.c1.#f)[JLMNO],(b1.d1.g)[JK],(f1.G-1)[JKO],(c2.e1.c)[IKO],(g1.d1.B-1)[JMN],(b1.e1.g.c)[JMN],(b1.c1.#f.d)[KNO],a1[KNO],(g1.b.g.G-1)[JMN],(b1.c1.#f1.d)[JLMNO],(b1.D-1)[KL],a1[KMN],(b.g1.G-1)[JLNO],(c2.e1.g.c)[IKMO],(g1.d1.B-1)[JKLMNO],(b1.e1.g.c)[KO],(d1.B-1)[K],(e1.c)[LMNO],(b1.c1.#f.d)[KMO],a1[KM],(g1.b.g.G-1)[JMNO],(b1.c1.#f1.d)[JL],(b1.D-1)[KMNO],a1[KLO],(b.g1.G-1)[JKLNO],(e2.g1.c1)[IKLMO],(#f2.a1)[KMN],e2[KMN],(d2.a1.#f1)[JLNO],(e2.e1)[KMO],(#f2.d1)[KM],(g2.g1.b)[JMN],(d2.a1.#f1.c1)[LM],(e2.e1)[LM],(d2.#f1)[LM],(e2.e1)[KN],(#f2.d1)[KN],(g2.g1.b)[JMO],(c2.e1.a)[ILNO],(d2.a)[KNO],c2[KLN],(#f1.b1.#d1)[JKM],(#c2.#c1)[KMN],(#d2.b)[KMN],(e2.e1.g)[JLNO],(a1.#d1.c1.#f)[JL],(b1.d1.g)[JL],(f1.G-1)[JKMNO],(c2.e1.c)[IJLMN],(g1.d1.B-1)[JKO],(b1.e1.g.c)[JLM],(b1.c1.#f.d)[KMN],a1[KMO],(g1.b.g.G-1)[JMNO],(b1.#f1.c1.d)[JL],(b1.D-1)[JNO],a1[LMN],(b.g1.G-1)[JKM],(c2.e1.g.c)[IKMNO],(g1.d1.B-1)[JLMN],(b1.e1.c)[KMN],(d1.B-1)[KN],(e1.c)[K],(b1.c1.d)[JO],a1[LNO],(g1.b.g.G-1)[JLM],(b1.#f1.c1.D-1)[JKL],(b1.d)[IILMO],d1[KLM],a1[KL],(d4.G-1)[K],(e4.d)[LMNO],(d4.g)[LMNO],(b3.b)[LMN],(c4.d1)[LMN],(b3.b)[LMO],(g3.g)[LMO],(a3.d)[LM],(g3.G-1)[LM],(e3.d)[LM],(#f3.G-1)[LM],(e3.d)[LM],(d3.G-1)[LM],(e3.d)[LM],(d3.g)[LM],(b2.b)[LM],(c3.d1)[LNO],(b2.b)[LNO],(g2.g)[LNO],(a2.d)[LNO],(g2.G-1)[LNO],(e2.d)[LNO],(#f2.G-1)[LNO],(e2.d)[LNO],(d2.G-1)[LNO],(e2.d)[LNO],(d2.#f)[LN],(a1.c1)[LN],(#f2.d1)[LN],(e2.c1)[LN],(d2.#f)[LN],(e2.d)[LN],(d2.G-1)[LN],(a1.d)[LN],(#f2.G-1)[LNO],(e2.d)[LNO],(d2.G-1)[LM],(e2.d)[LMNO],(d2.a)[LMN],(b1.c1)[LMN],(#f2.d1)[LMO],(e2.c1)[LMO],(d2.a)[LMO],(e2.d)[LM],(d2.G-1)[LM],(#f1.d)[LM],(#f2.G-1)[LNO],(e2.d)[LNO],(d2.g1.G-1)[LNO],(e4.d)[LNO],(d4.g)[LNO],(b3.b)[LNO],(c4.d1)[LNO],(b3.b)[LN],(g3.g)[LN],(a3.d)[LN],(g3.G-1)[LN],(e3.d)[LNO],(#f3.G-1)[LNO],(e3.d)[LNO],(d3.G-1)[LM],(e3.d)[LMN],(d3.g)[LMO],(b2.b)[LMO],(c3.d1)[LMO],(b2.b)[LMO],(g2.g)[LM],(a2.d)[LM],(g2.G-1)[LM],(e2.d)[LM],(#f2.G-1)[LNO],(e2.d)[LNO],(d2.G-1)[LNO],(e2.d)[LNO],(d2.#f)[LNO],(a1.c1)[LNO],(#f2.d1)[LNO],(e2.c1)[LNO],(d2.#f)[LNO],(e2.d)[LNO],(d2.G-1)[LNO],(a1.d)[LNO],(#f2.G-1)[LNO],(e2.d)[LNO],(d2.G-1)[LMN],(e2.d)[LMN],(d2.#f)[LMO],(b1.c1)[LMO],(#f2.d1)[LMO],(e2.c1)[LMO],(d2.#f)[LM],(e2.d)[LM],(d2.G-1)[LM],(a1.d)[LM],(#f2.G-1)[LNO],(e2.d)[LNO],(d2.G-1)[LNO],(e2.d)[LNO],(d2.g)[LNO],(g1.b)[LNO],(g2.d1)[LNO],(e2.b)[LNO],(d2.g)[LNO],(e2.d)[LNO],(d2.G-1)[LNO],(b1.d)[LNO],(b2.G-1)[LNO],(g2.d)[LM],(e2.G-1)[LMN],(#f2.d)[LMO],(e2.g)[LMO],(d2.b)[LM],(d3.d1)[LM],(b2.b)[LM],(a2.g)[LNO],(b2.d)[LNO],(a2.G-1)[LNO],(g2.d)[LN],(g3.G-1)[LN],(e3.d)[LN],(d3.G-1)[LN],(e3.d)[LNO],(d3.g)[LNO],(b2.b)[LNO],(b3.d1)[LNO],(g3.b)[LNO],(e3.g)[LN],(#f3.d)[LN],(e3.G-1)[LN],(d3.d)[LN],(d4.G-1)[LN],(b3.d)[LN],(a3.G-1)[LN],(b3.d)[LN],(a3.g)[LN],(g3.b)[LN],(d4.d1)[LN],(b3.b)[LN],(a3.g)[LN],(b3.d)[LN],(a3.G-1)[LN],(g3.d)[LN],(e4.G-1)[LN],(#c4.d)[LN],(d4.G-1)[LN],d[LN],g[LN],b[LN],d1[LO],b[LO],(e3.g)[LO],(#f3.d)[LO],(e3.G-1)[LO],(d3.d)[LO],(b3.G-1)[LO],(g3.d)[LO],(g3.G-1)[LO],d[LO],g[LO],b[LO],d1[LO],b[LO],g[LO],d[LO],G-1[LO],d[LO],G-1[LO],d[LO],(c2.e1.g.c)[IJO],(g1.d1.B-1)[IMNO],(b1.e1.g.c)[JKMO],(b1.c1.#f.d)[KMN],a1[KL],(g1.b.g.G-1)[JKNO],(b1.#f1.c1.D-1)[JKLMN],(b1.d)[JKM],d1[IJMO],a1[JKN],g1[JMN],(b.G-2)[KN],(g1.G-1)[KN],d[IJKMN],(g2.g1.g.G-1)[JLMO],(g2.g1.g.G-1)[MNO],(g2.g1.g.G-1)[MNO],(g2.g1.g.G-1)[LMNO],(g2.g1.g.G-1)[LMNO],(g2.g1.g.G-1)[KLMN],(g2.g1.g.G-1)[KLMN],(g2.g1.g.G-1)[KLMN],(g2.g1.g.G-1)[JLMO],(g2.g1.g.G-1)[MNO],(g2.g1.g.G-1)[MNO],(g2.g1.g.G-1)[LMNO],(g2.g1.g.G-1)[LMNO],(g2.g1.g.G-1)[KLMN],(g2.g1.g.G-1)[KLMN],(g2.g1.g.G-1)[KLMN],(G-2.d1.g1.G-1.g.d.b)[LMNO],(d1.#f1.e1.c1)[LMNO],(g1.d1.b)[LMNO],(G-1.a1.#a1.g1.g.#c1)[LMNO],(G-1.b1.g1.g.d1)[LMNO],(G-1.#f1.e1.g1.g.c1)[LMNO],(G-1.d1.d2.g1.g.d.b)[LMNO],(G-1.b1.g2.g1.g.d1)[LMNO],(D-1.d2.b1.b2.d1.d.g1)[LMNO],(B-2.g2.d2.d3.B-1.b.b1)[LMNO],(G-2.b1.g1.b2.g2.g3.G-1.g.d1.d2)[LMNO],(d1.G-1.b.#a1.g1.g.#a)[LMNO],(G-2.#g1.#d1.#d3.g.c1.G-1.c2)[LMNO],(G-1.d1.#d1.#d3.g1.g.b.b1)[LMNO],(#g1.#d1.#d3.c1.c2)[LMNO],(G-1.b1.#g1.#g3.g1.g.d1.d2)[LMNO],(G-1.c2.a1.#g1.b.#g3.g1.g.#d1.#d2)[LMNO],(G-1.#d2.g2.#d1.#d3.g1.g.b.b1)[LMNO],(#d2.#g1.#d1.g1.g.G-1.c1)[LMNO],(G-1.#g2.c2.#g1.g1.g.#d1)[LMNO],(#D-1.#d2.c2.#d1.#d.#g1)[LMNO],(C-1.#g2.#d2.c.c1.c2)[LMNO],(#g1.c2.G-2.#d3.#g2.G-1.g.#d1.#d2)[LMNO],(G-1.#g1.#d1.g1.g.c1)[LMNO],(#F-2.a1.#d1.#f.#F-1.c1)[LMNO],(e1.#F-1.#g1.#d1.#f1.#f.b)[LMNO],(#F-1.a1.#d1.#f1.#f.c1)[LMNO],(#g1.#F-1.b1.g1.#f1.#f.d1)[LMNO],(a1.#F-1.c2.#g1.#f.#f1.#d1)[LMNO],(d2.a1.#f1.#f.b.#g1)[LMNO],(#d1.c1.#d2.a1.f.a.F-1.a2)[LMNO],(d1.#g1.F-1.#g2.b1.f.b.b2)[LMNO],(#d1.a1.F-1.#d2.a2.c2.f.c1.c3)[LMNO],(b1.g1.F-1.b2.d2.f.d1.d3)[LMNO],(c2.a1.F-1.c3.#d2.f.#d1.#d3)[LMNO],(a1.e1.#c2.F-1.#d2.f.#d1.#d3)[LMNO],(#g1.d2.#g2.d3.#A-1.#A-2.d1)[LMNO],(#A-1.d1.#g.f1.#a.f)[LMNO],(F-2.F-1.f1.d1.#g1.f.#g)[LMNO],(#A-1.#g1.f1.d2.#a.d1)[LMNO],(D-1.d.d2.#g1.f2.#A-1.f.f1)[LMNO],(#A-1.f2.#g1.d2.#g2.#a.#g)[LMNO],(#g2.d2.f2.d3.#A-1.#A-2.d1)[LMNO],(d1.#g.#A-1.d2.#g1.f2.#a.f.f1)[LMNO],(f1.F-1.f2.d2.d1.f.#g.#g1)[LMNO],(#g1.#A-1.#g2.f2.f1.#a.d1.d2)[LMNO],(d2.d.D-1.#a2.#g2.#g1.f2.#A-1.f1)[LMNO],(f2.#A-1.d3.d2.#g2.#a.#g1)[LMNO],(f3.f2.d3.d2.#g2.#A-1.#A-2.#g1)[IIJKM],(b1.b)[KLMN],(c2.c1)[KLMN],(g1.g)[KLMN],(#g1.#g)[KLMN],(c1.c)[KLMN],(d1.d)[KLMN],(g2.#D-1.#d1.#d)[KNO],(#d1.g)[LN],(#d1.g)[LN],(g1.#a)[KMO],(#g2.g.#d1)[LNO],g2[LM],(g2.#a.g1)[L],f2[LO],#d2[LO],#d2[L],d2[MNO],c2[MNO],(a1.#D-1)[KNO],(#a1.#d1.g)[LN],(g.#d1)[LN],(g1.#a)[KNO],(#d2.g.#d1)[LN],f2[LM],(g2.g1.#a)[LMNO],#d2[LM],c3[LNO],#a2[LN],(g2.#D-1)[KM],(#d1.g)[LN],(g.#d1)[LN],(g1.#a)[KM],(#f2.g.#d1)[LN],g2[LN],(#g2.C-1)[LN],g2[LN],(f2.g~c1~e1)[L],(e2.#c1.#a1)[LN],(g2.F-1)[KMO],f[LNO],f[LNO],(e1.#a.#c1)[KMN],c1[KMN],(f2.f1.a)[KMO],c2[KM],(#g2.F-1)[KNO],(#g2.f1.f.#g)[LN],(#g.f.f1)[LO],(#g1.c1)[KN],(#a2.#g.f.f1)[LO],#g2[LO],(#g2.c1.#g1)[MNO],g2[MNO],f2[L],f2[LN],#d2[LNO],#c2[LNO],(b1.F-1)[KLN],(c2.#g.f.f1)[LN],(f1.#g.f)[LN],(c1.#g1)[KM],(f2.#g.f.f1)[LN],g2[LN],(#g2.c1.#g1)[K],f2[K],d3[KO],c3[MO],(b1.#A-2)[KNO],(#a1.f.d1)[LO],(f.d1)[LO],(a1.#a.#g1)[LO],#a1[LO],(#c2.d1.f)[LO],d2[LO],(e2.#a.#g1)[LO],f2[LO],g2[L],#g2[L],(a2.#D-1)[LMN],#a2[MO],(d3.g.#d1)[LO],(#d3.g.#d1)[LO],(#a2.g1.#a)[KNO],(g.#d1)[KM],(#a.g1)[KMO],a2[LNO],#g2[LNO],(g2.#D-1.#d)[KM],(#d.#a.#d1.g1)[LN],(#d.#a.#d1.g1)[LN],(#d.#a.#d1.g1)[KM],(f2.b.g1.#d1.#d)[LN],#d2[LN],(c2.#d1.c1.#g1.#d)[KM],(#d2.a.#d1.#f1.#d)[KM],(#a1.#d1.#a.g1.#d)[LMNO],c4[MO],(g3.#a3.#a1.#a)[LN],(f3.#a.#a1)[MO],#g3[MO],(g3.#d3.g1.#d1)[LN],d3[MO],f3[MO],(c3.#d3.#a.#a1)[LN],#a2[MO],d3[MO],(#g2.c3.#a.f1.#g1.#A-1)[LNO],g2[LNO],(f2.#g2.#a1.#a)[LNO],(d2.#a2)[LNO],(g2.#D-1.#a.#d1.g1.#d)[KM],(#d.#a.#d1.g1)[LN],(#d.#a.#d1.g1)[LN],(#d.#a.#d1.g1)[KM],(f2.b.#d1.g1.#d)[LN],#d2[LN],(b1.c1.#d1.#g1.#d)[LN],c2[LN],(d2.a.#d1.#f1.#d)[LN],#d2[LN],(#a1.#a.#d1.g1.#d)[KNO],(#d4.g3.#a.#a1)[MN],#a3[NO],(#a.#a1)[NO],f3[MN],(#g3.#d3.g1.#d1)[MN],g3[MN],d3[MN],(f3.c3.#a1.#a)[MN],#d3[MN],#a2[MN],(d3.#g2.f1.d1.#g1.#a1.#A-1)[MN],c3[MN],g2[MN],(#g2.f2.#a1.#a)[MN],d2[MNO],#a2[MNO],(g2.#c2.#D-1.#c1.g1.#d)[LN],#g2[LN],(g2.#a.#d1.#c1.g1~#g2~g2)[L],(#g2~g2~#g2)[L],#f2[LO],g2[LO],(#g2.#c1.#a.g1.#d1)[LO],a2[LO],(#a2.#c1.#d1.g1.#a)[L],a2[MO],#a2[MO],(g3.#c1.#a.g1.#d1)[MN],f3[MN],#d3[MN],(#d3.#G-1.b1.#g)[KNO],(f2.#g.#d1)[NO],#d1[NO],b1[L],#d3[MO],(#f2.#a1.#a)[LMN],#d3[MO],(g2.#a1.#d1.#c1)[LMN],#d3[MO],(#g2.#d1.#g1.c1)[LMN],#d3[MO],(a2.b.a1.#f1.#d1.a.B-1)[LMN],#d3[MO],(#a2.g1.#a.#A-1)[LMN],(#a3.g3)[MO],(d3.#d1.#a.g.g1)[LMN],(g3.#d3)[MO],a2[LMN],(#d3.#a2)[MO],(#f2.#d1.#a.g1.g)[LMN],(#a2.g2)[MO],(d2.#d1.#a.g.g1)[LMN],(g2.#d2)[MO],(a1.#d1.#a.g1.g)[LMN],#a1[MO],(c3.#A-1.#A-2)[LMN],#a2[MO],(c2.#g1.#a.f1)[LO],d2[LO],f2[KN],(#a1.d1.#g1.#a.#A-1)[KN],(#d2.#d1.g1.#a.#d)[KN],g1[KN],(g2.#C-1.#a1.f1.g.#c)[KLO],(f1.#a.g)[LMO],(g2.f1.#a.g)[MN],g2[MN],(g2.#a.g.f1)[L],#g2[L],g2[L],(f2.g.#a.f1)[L],g2[L],#g2[L],(c2.g.#a.f1)[KLO],(#a1.f1.#a.g)[L],g1[L],#a[L],(c2.c.C-1.e1)[LM],#c2[MN],#d2[MN],(#c2.c1)[LM],c1[MN],c2[MN],(c2.e1.#a.g)[KMNO],c1[KMNO],(#g1.#a)[KMNO],(c3.c1.g1)[KMN],(f3.c.#g1.c1)[KMN],(c2.c1)[LNO],c1[LNO],(c3.#g.f1)[KMN],(#a2.c1)[LNO],#g2[LNO],(g2.g.e1.#a.c)[LNO],c2[LNO],(#g2.g1.c1)[LNO],g2[LNO],(f3.f.#g.f1.F-1)[LMNO];"]},{"id":2,"baseBeats":0.5,"scores":["mute[KM],mute[KM],mute[KM],mute[KLO],mute[KM],mute[KMN],mute[K],mute[L],mute[L],mute[L],mute[L],mute[L],mute[L],mute[KMN],mute[KMO],mute[LNO],mute[KMO],mute[KLMNO],mute[KMO],mute[KM],mute[KM],mute[L],mute[L],mute[L],mute[L],mute[L],mute[L],mute[L],mute[L],mute[L],mute[L],mute[L],mute[L],mute[L],mute[L],mute[KMO],mute[LNO],mute[LNO],mute[KMO],mute[K],mute[KMO],mute[KM],mute[KM],mute[KLO],mute[KM],mute[LN],5<mute[M],mute[M]>,5<mute[M],mute[M]>,5<mute[M],mute[M]>,5<mute[M],mute[M]>,5<mute[M],mute[M]>,5<mute[M],mute[M]>,5<mute[M],mute[M]>,5<mute[M],mute[M]>,5<mute[M],mute[M]>,5<mute[M],mute[M]>,mute[KM],mute[KM],mute[LMNO],mute[KLO],mute[KM],mute[KMO],mute[KM],mute[KMO],mute[KM],mute[KMO],mute[KNO],mute[L],mute[L],mute[L],mute[L],mute[L],mute[L],mute[L],mute[L],mute[L],mute[L],mute[L],mute[L],mute[L],mute[L],mute[L],mute[L],mute[L],mute[L],mute[L],mute[L],mute[L],mute[L],mute[L],mute[L],mute[L],mute[L],mute[L],mute[L],mute[L],mute[L],mute[L],mute[KMO],mute[KMN],mute[LMN],mute[LMN],mute[LMN],mute[KMN],mute[KMN],mute[KM],mute[KM],mute[KNO],mute[KN],mute[KNO],mute[KN],mute[KNO],mute[KN],mute[KN],mute[KN],mute[KN],mute[KN],mute[L],mute[L],mute[KN],mute[KO],mute[KN],mute[KO],mute[KO],mute[KO],mute[KN],mute[KO],mute[KN],mute[KO],mute[L],mute[L],mute[L],mute[L],mute[L],mute[L],mute[KO],mute[KO],mute[KO],mute[L],mute[L],mute[L],mute[L],mute[L],mute[L],mute[L],mute[KO],mute[KN],mute[KN],mute[L],mute[L],mute[L],mute[L],mute[L],mute[L],mute[L],mute[L],mute[L],mute[L],mute[L],mute[L],mute[L],mute[L],mute[LNO],mute[LNO],mute[LNO],mute[LNO],mute[LNO],mute[LNO],mute[LMO],mute[LMN],mute[L],mute[KN],mute[KM],mute[KM],mute[KM],mute[L],mute[L],mute[L],mute[L],mute[L],mute[L],mute[L],mute[L],mute[KM],mute[KM],mute[KM],mute[LN],mute[K],mute[K],5<mute[M],mute[M]>,5<mute[M],mute[M]>,5<mute[M],mute[M]>,5<mute[M],mute[M]>,5<mute[M],mute[M]>,mute[KM],mute[LM],mute[LMNO],mute[KNO],5<mute[M],mute[M]>,5<mute[M],mute[M]>,5<mute[M],mute[M]>,5<mute[M],mute[M]>,5<mute[M],mute[M]>,5<mute[M],mute[M]>,5<mute[M],mute[M]>,5<mute[M],mute[M]>,5<mute[M],mute[M]>,5<mute[M],mute[M]>,5<mute[M],mute[M]>,5<mute[M],mute[M]>,mute[KMN],mute[LNO],mute[LNO],mute[LMN],mute[LMN],mute[LMN],mute[KMO],mute[KM],mute[KM],mute[KM],mute[KM],mute[L],mute[L],mute[L],mute[L],mute[L],mute[L],mute[L],mute[L],mute[KM],5<mute[M],mute[M]>,5<mute[M],mute[M]>,mute[KLO],mute[L],mute[L],mute[L],mute[L],mute[L],mute[LMNO],mute[KLO],mute[LN],5<mute[M],mute[M]>,mute[KM],mute[L],mute[L],mute[L],mute[L],mute[L],mute[L],mute[L],mute[L],mute[L],mute[L],mute[L],mute[L],mute[L],mute[L],mute[L],mute[L],mute[L],mute[L],mute[L],mute[L],mute[L],mute[L],mute[L],mute[L],mute[KM],mute[KM],mute[KM],mute[KM],mute[KM],mute[KNO],mute[LMN],mute[LMN],mute[KNO],mute[KM],mute[KM],mute[KLMN],mute[KM],mute[KM],mute[KM],mute[KM],mute[KM],mute[KM],mute[KM],mute[L],mute[L],mute[L],mute[L],mute[L],mute[L],mute[L],mute[L],mute[L],mute[L],mute[L],mute[L],mute[L],mute[L],mute[L],5<mute[M],mute[M]>,mute[L],mute[L],mute[L],mute[L],mute[L],mute[L],mute[L],mute[L],mute[L],mute[L],mute[L],mute[KNO],mute[LMN],mute[KNO],mute[KNO],mute[KNO],mute[KNO],mute[KNO],mute[KNO],mute[KNO],mute[KNO],mute[KNO],mute[KNO],mute[KNO],mute[KNO],mute[KNO],mute[KNO],mute[KO],mute[KO],mute[KO],mute[KO],mute[KO],mute[KO],mute[KO],mute[KO],mute[KO],mute[KO],mute[KO],mute[KO],mute[KO],mute[KO],mute[KO],mute[KO],mute[KO],mute[KO],mute[K],mute[K],mute[K],mute[K],mute[KO],mute[KO],mute[KO],mute[KO],mute[KMO],mute[KN],mute[KN],mute[KN],mute[KN],mute[KN],mute[KN],mute[KN],mute[KN],mute[KN],mute[KLNO],mute[L],mute[JM],mute[JKO],mute[KO],mute[KO],mute[KO],mute[KO],mute[KO],mute[KMN],mute[KN],mute[KN],mute[KN],mute[L],mute[L],mute[L],mute[L],mute[L],mute[L],mute[L],mute[L],mute[L],mute[KN],mute[KN],mute[IMNO],mute[JM],mute[JKO],mute[KO],mute[KO],mute[KO],mute[KO],mute[KO],mute[KMN],mute[KN],mute[KN],mute[KN],mute[L],mute[L],mute[L],mute[L],mute[L],mute[L],mute[L],mute[L],mute[L],mute[KN],mute[KN],mute[IL],mute[KN],mute[KN],mute[KO],mute[KN],mute[KO],mute[KO],mute[L],mute[L],mute[L],mute[L],mute[KO],mute[KO],mute[KO],mute[KO],mute[KO],mute[L],mute[L],mute[L],mute[L],mute[L],mute[L],mute[L],5<mute[M],mute[M]>,5<mute[M],mute[M]>,mute[L],mute[L],mute[KO],mute[L],mute[L],mute[L],mute[L],mute[L],mute[L],mute[L],mute[KLNO],mute[L],mute[KNO],mute[KNO],mute[KNO],mute[KM],mute[KNO],mute[KNO],mute[L],mute[L],mute[L],mute[L],mute[L],mute[KNO],mute[KNO],mute[KNO],mute[KNO],mute[L],mute[L],mute[L],mute[L],mute[L],mute[L],mute[L],mute[L],mute[L],mute[L],mute[L],mute[L],mute[L],mute[L],mute[L],mute[L],mute[L],mute[L],5<mute[M],mute[M]>,5<mute[M],mute[M]>,5<mute[M],mute[M]>,5<mute[M],mute[M]>,5<mute[M],mute[M]>,5<mute[M],mute[M]>,5<mute[M],mute[M]>,5<mute[M],mute[M]>,mute[KM],mute[KM],mute[L],mute[L],mute[L],mute[L],mute[L],mute[L],mute[L],mute[KMO],mute[L],mute[LMN],mute[LMN],mute[KLM],mute[JNO],mute[LMN],mute[LMN],mute[KMNO],mute[K],mute[LNO],mute[KMO],mute[L],mute[L],mute[L],mute[L],mute[L],mute[L],mute[L],mute[L],mute[K],mute[K],mute[LNO],mute[K],mute[KMO],mute[K],mute[K],mute[K],mute[K],mute[KM],5<mute[M],mute[M]>,5<mute[M],mute[M]>,5<mute[M],mute[M]>,5<mute[M],mute[M]>,5<mute[M],mute[M]>,5<mute[M],mute[M]>,5<mute[M],mute[M]>,5<mute[M],mute[M]>,5<mute[M],mute[M]>,5<mute[M],mute[M]>,5<mute[M],mute[M]>,5<mute[M],mute[M]>,5<mute[M],mute[M]>,5<mute[M],mute[M]>,5<mute[M],mute[M]>,5<mute[M],mute[M]>,5<mute[M],mute[M]>,5<mute[M],mute[M]>,5<mute[M],mute[M]>,5<mute[M],mute[M]>,5<mute[M],mute[M]>,5<mute[M],mute[M]>,5<mute[M],mute[M]>,5<mute[M],mute[M]>,5<mute[M],mute[M]>,5<mute[M],mute[M]>,5<mute[M],mute[M]>,5<mute[M],mute[M]>,5<mute[M],mute[M]>,5<mute[M],mute[M]>,5<mute[M],mute[M]>,5<mute[M],mute[M]>,5<mute[M],mute[M]>,5<mute[M],mute[M]>,5<mute[M],mute[M]>,5<mute[M],mute[M]>,5<mute[M],mute[M]>,5<mute[M],mute[M]>,5<mute[M],mute[M]>,5<mute[M],mute[M]>,5<mute[M],mute[M]>,5<mute[M],mute[M]>,5<mute[M],mute[M]>,5<mute[M],mute[M]>,5<mute[M],mute[M]>,5<mute[M],mute[M]>,mute[K],5<mute[M],mute[M]>,5<mute[M],mute[M]>,5<mute[M],mute[M]>,5<mute[M],mute[M]>,5<mute[M],mute[M]>,5<mute[M],mute[M]>,5<mute[M],mute[M]>,5<mute[M],mute[M]>,5<mute[M],mute[M]>,5<mute[M],mute[M]>,5<mute[M],mute[M]>,5<mute[M],mute[M]>,5<mute[M],mute[M]>,5<mute[M],mute[M]>,5<mute[M],mute[M]>,5<mute[M],mute[M]>,5<mute[M],mute[M]>,5<mute[M],mute[M]>,5<mute[M],mute[M]>,5<mute[M],mute[M]>,5<mute[M],mute[M]>,5<mute[M],mute[M]>,mute[L],mute[L],mute[L],mute[L],mute[L],mute[L],mute[L],mute[L],mute[L],mute[L],mute[L],mute[L],mute[L],mute[L],mute[L],mute[L],mute[L],mute[L],mute[L],mute[L],mute[L],mute[L],mute[L],mute[L],mute[L],mute[L],mute[L],mute[KN],mute[KN],mute[KN],mute[KN],mute[KN],mute[KN],mute[KN],mute[KN],mute[KN],mute[KN],mute[KN],mute[KN],mute[KN],mute[KN],mute[KMO],mute[LM],mute[LM],mute[KMN],mute[KMO],mute[LN],mute[KLMN],mute[KM],mute[KM],mute[KM],mute[KL],mute[KMNO],mute[LNO],mute[LN],mute[KM],mute[KM],mute[KM],mute[KM],mute[LN],mute[KLMN],mute[KM],mute[KM],mute[KM],mute[KL],mute[KMN],mute[KM],mute[KM],mute[LN],mute[KM],mute[KLMN],mute[KM],mute[KM],mute[KNO],mute[LN],mute[KM],mute[KLMN],mute[KNO],mute[KM],mute[KM],mute[LN],mute[KM],mute[LN],mute[LNO],mute[LNO],5<mute[M],mute[M]>,mute[LMN],mute[L],mute[L],mute[L],mute[L],mute[L],mute[L],mute[L],mute[L],mute[L],mute[L],mute[LNO],mute[LNO],mute[KM],mute[KM],mute[KM],mute[KM],mute[KM],mute[KM],mute[LN],mute[KM],mute[KLMN],mute[KM],mute[KM],mute[KM],mute[KM],mute[KM],mute[KM],mute[LN],mute[LNO],mute[KL],mute[KMNO],mute[LN],mute[KM],mute[LN],mute[KM],mute[KM],mute[KM],mute[KM],mute[KM],mute[KM],mute[KM],mute[LN],mute[KM],mute[KLMN],mute[KM],mute[KM],mute[KM],mute[LN],mute[KM],mute[KLMN],mute[KNO],mute[KNO],mute[KNO],mute[L],mute[L],mute[L],mute[L],mute[L],mute[KN],mute[KNO],mute[L],mute[L],mute[L],mute[L],mute[L],mute[L],mute[L],mute[L],mute[L],mute[L],mute[KN],mute[KNO],mute[KM],mute[KNO],5<mute[M],mute[M]>,5<mute[M],mute[M]>,5<mute[M],mute[M]>,5<mute[M],mute[M]>,5<mute[M],mute[M]>,5<mute[M],mute[M]>,5<mute[M],mute[M]>,mute[KMO],mute[LN],mute[LN],mute[LM],5<mute[M],mute[M]>,5<mute[M],mute[M]>,5<mute[M],mute[M]>,5<mute[M],mute[M]>,5<mute[M],mute[M]>,5<mute[M],mute[M]>,5<mute[M],mute[M]>,5<mute[M],mute[M]>,5<mute[M],mute[M]>,mute[KLM],mute[KLMN],5<mute[M],mute[M]>,mute[LMN],mute[KNO],mute[KM],mute[KL],mute[KLMN],5<mute[M],mute[M]>,mute[LMN],mute[KM],mute[KM],mute[KLO],mute[KM],mute[KM],mute[L],mute[L],mute[L],mute[L],mute[L],mute[LMNO],mute[KLO],mute[LMNO],mute[L],mute[L],mute[L],mute[L],mute[L],mute[L],mute[L],mute[L],mute[L],mute[L],mute[L],mute[L],mute[L],mute[L],mute[L],mute[L],mute[L],mute[L],mute[L],mute[L],mute[L],mute[L],mute[L],mute[L],mute[L],mute[L],mute[L],mute[L],mute[L],mute[L],mute[L],mute[L],mute[L],mute[L],mute[L],mute[L],5<mute[M],mute[M]>,5<mute[M],mute[M]>,5<mute[M],mute[M]>,5<mute[M],mute[M]>,5<mute[M],mute[M]>,5<mute[M],mute[M]>,5<mute[M],mute[M]>,5<mute[M],mute[M]>,5<mute[M],mute[M]>,5<mute[M],mute[M]>,5<mute[M],mute[M]>,5<mute[M],mute[M]>,5<mute[M],mute[M]>,5<mute[M],mute[M]>,5<mute[M],mute[M]>,5<mute[M],mute[M]>,5<mute[M],mute[M]>,5<mute[M],mute[M]>,5<mute[M],mute[M]>,5<mute[M],mute[M]>,5<mute[M],mute[M]>,5<mute[M],mute[M]>,5<mute[M],mute[M]>,5<mute[M],mute[M]>,5<mute[M],mute[M]>,5<mute[M],mute[M]>,5<mute[M],mute[M]>,5<mute[M],mute[M]>,5<mute[M],mute[M]>,5<mute[M],mute[M]>,5<mute[M],mute[M]>,5<mute[M],mute[M]>,5<mute[M],mute[M]>,5<mute[M],mute[M]>,5<mute[M],mute[M]>,5<mute[M],mute[M]>,5<mute[M],mute[M]>,5<mute[M],mute[M]>,5<mute[M],mute[M]>,5<mute[M],mute[M]>,5<mute[M],mute[M]>,5<mute[M],mute[M]>,5<mute[M],mute[M]>,5<mute[M],mute[M]>,5<mute[M],mute[M]>,5<mute[M],mute[M]>,5<mute[M],mute[M]>,5<mute[M],mute[M]>,5<mute[M],mute[M]>,5<mute[M],mute[M]>,5<mute[M],mute[M]>,5<mute[M],mute[M]>,5<mute[M],mute[M]>,5<mute[M],mute[M]>,mute[LNO],5<mute[M],mute[M]>,5<mute[M],mute[M]>,5<mute[M],mute[M]>,5<mute[M],mute[M]>,5<mute[M],mute[M]>,5<mute[M],mute[M]>,5<mute[M],mute[M]>,mute[L],mute[L],mute[L],mute[L],mute[L],mute[L],mute[L],mute[L],mute[L],mute[L],mute[L],mute[L],mute[L],mute[L],mute[L],mute[L],mute[L],mute[L],mute[L],mute[L],mute[L],mute[L],mute[L],mute[KLO],mute[LNO],mute[LN],mute[LNO],mute[LNO],mute[LNO],mute[LNO],mute[KM],mute[LMNO],mute[KLO],mute[L],mute[L],mute[L],mute[L],mute[L],mute[L],mute[L],mute[L],mute[L],mute[L],mute[LMNO],mute[KLO],mute[L],mute[L],mute[L],mute[L],mute[L],mute[L],mute[L],mute[L],mute[L],mute[L],mute[LMNO],mute[KLO],mute[L],mute[L],mute[L],mute[L],mute[L],mute[L],mute[L],mute[L],mute[L],mute[L],mute[K],mute[KLN],mute[L],mute[L],mute[L],mute[L],mute[L],mute[L],mute[L],mute[L],mute[L],mute[L],mute[LNO],mute[LNO],mute[LNO],mute[L],mute[L],mute[L],mute[L],mute[L],mute[L],mute[L],mute[L],mute[L],mute[L],mute[L],mute[L],mute[L],mute[L],mute[L],mute[L],mute[L],mute[L],mute[L],mute[L],mute[L],mute[L],mute[L],mute[L],mute[L],mute[L],mute[L],mute[LMN],mute[KNO],mute[KM],mute[KM],mute[KM],mute[KM],mute[KL],mute[K],mute[KMN],mute[L],mute[L],mute[L],mute[L],mute[L],mute[L],mute[L],mute[KLO],mute[KO],mute[KMNO],mute[L],mute[L],mute[L],mute[L],mute[L],mute[L],mute[L],mute[KLO],mute[KN],mute[KMNO],mute[L],mute[L],mute[L],mute[L],mute[L],mute[L],mute[LNO],mute[KL],mute[LN],5<mute[M],mute[M]>,mute[L],mute[L],mute[L],mute[L],mute[L],mute[L],mute[L],mute[L],mute[L],mute[L],mute[L],mute[KMN],mute[LNO],mute[L],mute[L],mute[L],mute[L],mute[L],mute[L],mute[L],mute[L],mute[LMN],mute[LMNO],mute[KM],mute[KM],mute[LN],mute[K],mute[K],mute[LNO],mute[KO],mute[KMNO],mute[KN],mute[KLNO],mute[KMNO],mute[KMNO],mute[KMNO],mute[KMNO],mute[KMNO],mute[KMNO],mute[KMNO],mute[KMO],mute[KMO],mute[KMO],mute[LMNO],mute[KLO],mute[KM],mute[KM],mute[KLO],mute[L],mute[L],mute[L],mute[L],mute[L],mute[L],mute[L],mute[L],mute[L],mute[L],mute[L],mute[L],mute[L],mute[KM],mute[LN],mute[KM],mute[KLO],mute[KM],mute[KM],mute[KLO],mute[L],mute[L],mute[L],mute[L],mute[L],mute[L],mute[L],mute[L],mute[L],mute[L],mute[L],mute[L],mute[L],mute[KM],mute[KM],5<mute[M],mute[M]>,5<mute[M],mute[M]>,5<mute[M],mute[M]>,5<mute[M],mute[M]>,5<mute[M],mute[M]>,5<mute[M],mute[M]>,5<mute[M],mute[M]>,mute[KLO],mute[KM],mute[KM],5<mute[M],mute[M]>,5<mute[M],mute[M]>,5<mute[M],mute[M]>,5<mute[M],mute[M]>,5<mute[M],mute[M]>,5<mute[M],mute[M]>,5<mute[M],mute[M]>,mute[KL],mute[KNO],mute[KNO],5<mute[M],mute[M]>,5<mute[M],mute[M]>,5<mute[M],mute[M]>,5<mute[M],mute[M]>,5<mute[M],mute[M]>,5<mute[M],mute[M]>,5<mute[M],mute[M]>,mute[KL],mute[KNO],mute[KNO],5<mute[M],mute[M]>,5<mute[M],mute[M]>,5<mute[M],mute[M]>,5<mute[M],mute[M]>,5<mute[M],mute[M]>,5<mute[M],mute[M]>,5<mute[M],mute[M]>,mute[KL],mute[KNO],mute[KN],mute[KN],mute[KN],mute[KN],mute[KN],mute[KN],mute[KNO],mute[KN],mute[KNO],mute[KN],mute[KNO],mute[KN],mute[KNO],mute[KN],mute[KNO],mute[KN],mute[KNO],mute[KN],mute[KNO],mute[KN],mute[KNO],mute[KN],mute[KNO],5<mute[M],mute[M]>,5<mute[M],mute[M]>,mute[KLO],mute[KM],mute[KM],mute[KM],mute[KMO],mute[L],mute[L],mute[L],mute[KLO];","#c3[MO],(c3.#g1.c1)[LMNO],#g2[MO],(f2.f1.#g.f)[LMNO],#c2[MO],(c2.c1.#g1)[LMNO],#g2[MO],(f1.B-1)[KM],(#g.f.#d1)[KM],(f2.#A-2.#g1.d1.f.#A-1)[KMN],(d1.#g.f)[LNO],(f2.d1.#g.f)[MO],f2[MN],(f2.#g.f.d1)[MNO],#f2[MNO],f2[MNO],(e2.#g.f.d1)[MNO],f2[MNO],#f2[MNO],(#a2.#d1.B-1)[KMN],(#g2.#g.f.#d1)[MNO],f2[MNO],#g1[MNO],(#a1.d1.#A-1)[LNO],b1[MO],#c2[MO],(b1.#a)[LNO],#a[MO],#a1[MO],(#a1.#g.d1)[KMO],(#a2.#a)[KMO],(g1.#g.d1)[KM],(#a2.#a.f1)[KM],(c4.#A-1.#a)[MNO],g3[MNO],#a3[MN],(#d3.#a)[MN],a3[NO],#a[NO],#d3[MN],(g3.#d1.g)[MN],c3[MN],f3[MN],(c3.c1)[MN],#d3[MN],g2[MN],(d3.f.#d1.c1)[MN],a2[MN],c3[MN],(#d2.c1)[MN],d3[MNO],a2[MNO],(#a2.d2.#A-1.d1)[KMO],(d2.#a1.f.f1)[LNO],(#d2.c2.f1.f)[LNO],(f2.d2.#a.d1)[MNO],g2[MNO],f2[MNO],(#a1.d2.f1.f)[K],(#d2.c2)[MO],(f2.d2.#a.d1.f1)[K],(d2.#a2)[MO],(f2.c3.f1.f)[LMNO],(#a2.d3)[MO],(g2.d3.#A-1.#f1)[LMNO],(c3.#f2)[MO],(#d2.c2.#f.#f1)[LN],(d2.f2.#f.#f1)[LN],(#d2.#f2.#d1.a)[KM],(#f.#f1)[LN],(d2.f2~mute~#d2.g2~mute~#d2.#f2.#d1.a~f2.#g2)[K],(#f2.#d2~#g2.f2~#d2.#f2)[L],(f2.#g2~#d2.#f2.f1.f~f2.#g2)[L],(#f2.#d2~#g2.f2~#d2.#f2)[L],(#g2.f2~#f2.#d2.#A-1~f2.#g2)[L],(#d2.#f2~f2.#g2~#d2.#f2~#g2.f2~#f2.#d2.#f1.#f)[K],(f2.#g2~#d2.#f2~f2.#g2.#f.#f1~#d2.#f2~f2.#g2)[K],(d2.f2.#d1.a)[KM],(#f.#f1)[LN],(#d2.c2)[LN],(d2.a1.#d1.a)[LMNO],(c2.#d1)[MO],(d2.#f.#f1.a1.#d1.f)[LN],(#d1.c2)[LN],(#a1.d1.#A-1)[KM],(f1.f)[MNO],c2[MNO],d2[MNO],(#a1.d1.#a)[KM],(f2.f.f1)[MNO],c3[MNO],d3[MNO],(#a2.d1.#a)[KM],(f3.f.f1)[MNO],c4[MNO],d4[MNO],(#a3.#A-1)[KNO],(d2.f1)[MN],(#d2.f)[MN],(e2.f1)[MN],(f2.d1.#a.f1)[MN],g2[MN],f2[MN],(d2.f1.f)[MN],#d2[MN],e2[MN],(f2.d1.#a)[MN],g2[MN],a2[MN],(#a2.f1.f)[MN],c3[MN],d3[MN],(b2.#A-1.#f1)[MN],d3[MN],c3[MN],(#d2.#f1)[MN],(e2.#f)[MN],(f2.#f1)[MN],(#f2.#d1.a)[MN],#f2[MN],#f3[MN],(#d3.#f.#f1)[MN],c3[MNO],a2[MNO],(#g2.#d1.a)[MNO],g2[MNO],#f2[MNO],(f2.#f.#f1)[MNO],e2[MNO],#d2[MNO],(d2.#A-1)[MNO],f2[MNO],#d2[MNO],(a1.#f1)[MNO],(#a1.#f)[MNO],(b1.#f1)[MNO],(c2.a.#d1)[KMO],(#f1.#f)[KMN],(b1.#d1.a)[MNO],d2[MNO],c2[MNO],(g1.#d1.a.f)[MNO],a1[MNO],f1[MNO],(#a1.d1.#a.#A-1)[KMN],(#a1.d1.#a)[MNO],c2[M],#A-1[M],#a1[MNO],(#d1.c)[KM],(#a1.e1.#a)[MNO],c2[NO],#c[NO],#a1[MNO],(f1.d)[KNO],(#a1.g1.#a)[MN],c2[NO],e[NO],#a1[MN],(#g1.f)[KNO],(#a2.d2.#a1)[MN],c3[NO],#a[NO],#a2[MN],(#d2.c1)[KNO],(#a2.e2.#a1)[MN],c3[NO],#c1[NO],#a2[MN],(f2.d1)[KN],(#a2.g2.#a1)[MN],c3[NO],e1[NO],#a2[MN],(#g2.f1)[KN],(d3.#a2)[MN],c3[NO],#a1[NO],#a2[MN],(#d3.c2)[L],#a2[L],(e3.#a2)[MN],c3[NO],#c2[NO],#a2[MN],(f3.d2)[KO],(g3.#a2)[MN],c3[NO],e2[NO],#a2[MN],(#g3.f2)[KO],(g3.#a2)[MO],c3[NO],e2[NO],#a2[MN],(#f3.#d2)[KO],(f3.#a2)[MN],c3[NO],d2[NO],#a2[MN],(e3.#c2)[KO],(#d3.#a2)[MN],c3[NO],c2[NO],#a2[MN],(d3.#a1)[KO],d1[L],(#g1.#a1)[L],(d2.#A-2)[L],(#g2.#a2)[L],d3[L],(#a3.#g3)[L],f4[KO],(#c2.g2.#a.e1)[KO],(d2.#g2.#a.f1)[KO],d1[LO],(#a1.#g1)[LO],(d2.#A-2)[LO],(#g2.#a2)[LO],d3[LN],(#a3.#g3)[LN],f4[KO],(#c2.g2.e1.#a)[KN],(d2.#g2.f1.#a)[KN],d1[LO],(#a1.#g1)[LO],(d2.#A-2)[LO],(#g2.#a2)[LO],d3[LO],(#a3.#g3)[LO],(f4.#A-1)[NO],f[NO],#g[NO],(#g3.#a3.d1)[LN],d3[LN],(#g2.#a2)[LN],(f4.#a)[NO],f1[NO],#g1[NO],(#a3.#g3.d2)[LN],d3[LNO],(#g2.#a2)[LNO],f3[LNO],(#g2.#a2)[LNO],d2[LNO],(#g2.#a2)[LNO],#f3[LMO],(#a2.#g2)[LMN],(d2.#d1)[L],#d1[MO],(#g2.#a2)[MO],#a1[L],(g2.#D-2)[KM],(g.#d1)[LN],(g.#d1)[LN],(#a.g1)[KM],(#g2.#d1.g)[LN],g2[LN],(g2.g1.#a)[L],f2[L],#d2[MNO],#d2[MNO],d2[MNO],c2[MNO],(a1.#D-1)[KM],(#a1.g.#d1)[LN],(g.#d1)[LN],(#a.g1)[KM],(#d2.g.#d1)[LN],f2[K],(g2.#a.g1)[K],(#d2~f2~#d2)[K],(d2~#d2)[L],(#d2~#d3)[L],(d3~c3)[L],(a2.#d)[KM],(#a2.g.#d1)[LM],(#d1.g)[LMNO],(g1.#a)[MO],g2[MN],#g2[L],(g2~#f2~g2~#c3.g.#d1~c4)[KL],(b3~#a3~g3~e3~c3.e1.#a1.g.c)[KL],(b2~#a2)[L],(g2~e2)[L],(#c2~c2.g)[L],(#c2.c1~c2.#d1)[L],(#a2.#a1~a2~e2)[K],(e2.F-1.#c1.#a1.f)[KMN],f[LNO],f[LNO],(d1.e1.#a)[MNO],g2[MNO],f2[MNO],(e2.c1)[MNO],f2[MNO],g2[MNO],(f2.#g.f1.c1.#g1)[KMO],c2[KM],(#g2.F-1)[KM],(#g2.f1.#g.f)[LN],(f1.f.#g)[LN],(c1.#g1)[KM],(#a2.f1.#g)[LN],#g2[LN],(#g2.c1.#g1)[L],g2[L],f2[MNO],f2[MNO],#d2[MNO],#c2[MNO],(b1.F-1)[KM],(b1.f1.#g.f~c2)[L],(#d2~f1.#g.f~#c2~mute)[L],c2[MO],(c2.c1.#g1)[KM],(f2.#g.f1)[LN],g2[LN],(#g2.#g1.c1)[LN],f2[LN],d3[LMNO],c3[MO],(b1.#A-2.d1.#g1)[KM],#a[LN],(#a1.d1.#a~f1~#g1)[L],(b1.#a1.#g.f.d1)[NO],#c2[KO],(b1.#A-1)[MO],#a1[MO],c2[MNO],b1[MNO],(a1.#a.#g1.d1)[LO],#a1[L],b1[L],c2[L],#c2[MNO],d2[MNO],(#d2.#D-1)[MNO],e2[MNO],f2[MO],#f2[N],(g.#d1)[NO],g2[MO],#g2[N],(#d1.g)[NO],a2[MO],#a2[N],(g1.#a)[NO],b2[MO],c3[MO],#c3[MO],d3[N],(g.#d1)[NO],#d3[MO],e3[MO],f3[MO],#f3[N],(#a2.#a.#d1.g1)[NO],g3[MO],d3[MN],#a2[MN],a2[LN],#g2[LN],(g2.#D-1.#d)[KM],(#d.#a.#d1.g1)[LN],(#d.#a.#d1.g1)[LN],(#d.#a.#d1.g1)[KM],(f2.#d1.b.g1.#d)[LN],#d2[LN],(c2.#d1.c1.#g1.#d)[KM],(#d2.#f1.a.#d1.f1.#d)[KNO],(#a1.#a.#d1.g1.#d)[LMN],#d3[MO],(d3.#a2.#a1.#a)[LO],(f2.#a.#a1)[MO],#g2[MO],(#d2.g2.#d1.g1.#a.#a1)[LO],d2[MO],f2[MO],(c2.#d2.#a1.#a)[LN],#a1[MO],d2[MO],(c2.f1.#g1.#A-1)[LN],g1[LN],(#g1.f1.#a.#a1)[LN],(#a1.d1)[LN],(g2.#D-1.#d.#a.#d1.g1)[KM],(#d.#a.#d1.g1)[LN],(#d.#a.#d1.g1)[LN],(#d.#a.#d1.g1)[KM],(f2.#d.b.#d1.g1)[LN],#d2[LN],(b1.#d.c1.#d1.#g1)[LN],c2[LN],(d2.#d.a.#d1.#f1)[LN],#d2[LN],(#a1.#a.#d1.g1.#d)[KM],(c4.g2.#a1.#a)[MNO],#a3[NO],(#a.#a1)[NO],(a3.#f2)[MNO],(#g3.f3.g1.#d1.#a.#a1)[MNO],(g3.#d3)[MNO],(f3.d3)[MNO],(#d3.c3.#a1.#a)[MNO],(d3.#a2)[MNO],(c3.#g2)[MNO],(#a2.g2.f1.d1.#g1.#A-1)[MNO],(a2.#f2)[MNO],(#g2.f2)[MNO],(g2.#a1.#a)[MNO],f2[MN],#a2[MN],(g2.#c2.#D-1.#c1.g1.#d.#d1)[LO],#g2[LO],(g2.#a.#d1.g1.#c1~#g2~g2)[L],#f2[LN],g2[LN],#g2[LN],(a2.#c1.g1.#d1.#a)[LN],#a2[LN],(a2.#d1.g1.#c1.#a)[LO],#a2[LO],(g3.#d1.#c1.#a.g1)[MNO],f3[MNO],#d3[MN],(#d3.#G-1.b1.#d1.#g)[KNO],(f2.#g.#d1)[NO],#d1[NO],b1[L],#d3[MO],(#f2.#d1.#a1.#a)[LMN],#d3[MO],(g2.#a1.#d1.#c1)[LMN],#d3[MO],(#g2.#d1.#g1.c1)[LMN],#d3[MO],(a2.b.a1.#f1.#d1.a.B-1)[LMN],#d3[MO],(#a2.g1.#d1.#A-1.#a)[LMN],(#a3.g3)[MO],(d3.g1.#a.#d1.g)[LMN],(g3.#d3)[MO],a2[LMN],(#d3.#a2)[MO],(#f2.#d1.#a.g.g1)[LMN],(#a2.g2)[MO],(d2.#d1.g.#a.g1)[LMN],(g2.#d2)[MO],(a1.#d1.#a.g.g1)[LMN],#a1[MO],(e1.g1.c2.#A-1.#a)[LMN],(#c4.g3)[MO],(#d3.e1.c1.#a.g1)[LMN],(g3.e3)[MO],b2[LMN],(#d3.c3)[MO],(#f2.#a.e1.g1.c1)[LMN],(#c3.g2)[M],(#d2.c1.g1.e1.#a)[LMO],(g2.e2)[M],(b1.e1.g1.c1.#a)[LMO],c2[M],(f1.#g1.#c2.#A-1.#a)[LMO],(b3.#g3)[M],(e3.f1.#g1.#c2)[LMO],f3[M],(#a2.#a)[LMO],(#d3.c3)[M],(#d2.f1.#c2.#g1)[LMO],f2[M],(f1.#g1.d2.#A-1.#a)[LMO],(d3.#g2)[M],(e2.f1.d2.#g1)[LMO],f2[M],(#d3.#d2.g1.#d1.g.#A-1.#a)[LMO],(#d4.#a3)[M],(#f3.#a1.g1.#d2)[LMO],g3[M],(#d3.#a)[LMO],(#d4.#a3)[M],(f3.#a1.#d2.g1)[LMO],g3[M],(e3.e2.#c2.g1.e1.#c1.g.#A-1.#a)[LMO],(g4.d4)[M],(#f3.g1.e2.#c2)[LMO],g3[M],(f2.d2.#g1.f1.d1.#g.#A-1.#a)[LMO],(d4.b3.f4)[M],(g3.b2.b1.#g2)[LMO],(b3.#g3.d4)[M],(e3.f2.#g1.#g2)[LMO],(#g3.f3.c4)[M],(#c3.d2.f2.f1)[LMO],(f3.d3.#g3)[M],(#a2.b1.d2.d1)[LM],(d3.b2.f3)[M],(g2.b.b1.#g1)[LM],(b2.#g2.#c3)[M],(e2.#g1.#g.f1)[LM],(b2.#g2.f2)[M],(#c2.f1.f.#c1)[LM],(#g2.f2.d2)[M],(#a1.b.d.d1)[LMO],(f2.d2.b1)[M],(g1.b.#g.B-1)[LMO],(b1.#g1.d2)[M],(e1.f.#g.#G-1)[LMO],(f1.#g1.b1)[M],(#c1.d.f.F-1)[LMO],(d1.f1.#g1)[M],(#A-1.#A-2.#a2.#a.#a1)[KO],(#a2.f1.d1.#a.#a1)[LO],(#a2.f1.d1.#a.#a1)[LO],(#a2.f1.d1.#a.#a1)[KN],(a2.b.#f1.#d1.a.b1.a1)[LO],(a2.b.#f1.#d1.a.b1.a1)[LO],(a2.b.#f1.#d1.a.b1.a1)[KN],(#g2.b.e1.#g.b1.#g1)[LO],(#g2.b.e1.#g.b1.#g1)[LO],(#g2.b.e1.#g.b1.#g1)[KN],(g2.c1.#g1.e1.g.c2.g1)[LO],(g2.c1.#g1.e1.g.c2.g1)[LO],(#f2.c1.#g1.#d1.#f.c2.#f1)[KN],(f2.d1.a1.f.d2.f1)[LO],(f2.#d1.f.#d2.f1)[LO],(g1.d2.#g1.#A-1.#a1.g2.#a)[KLNO],(f1.f2)[L],(#a.g1.#d.#d2.#d1)[JM],(#d.#d1.#D-1.#D-2)[JKO],(#g.#g1.#G-2.#G-1)[M],(g.g1.G-1.G-2)[LMO],(c2.c1.c.C-1)[M],(#a.#a1.#A-1.#A-2)[LMO],(f2.f1.F-1.f)[M],(#d2.#d1.#D-1.#d)[LMO],(#g2.#g1.#g.#G-1)[M],(g2.g1.G-1.g)[LMO],(c3.c2.c1.c)[M],(#a2.#a1.#A-1.#a)[LMO],(f3.f2.f.f1)[M],(#d2.#d3.#d1.#d)[KN],(#c1.#c.#C-1)[KN],(c1.c.C-1)[KN],(#c4.#c3.f2.g1.#a1)[KN],(c4.c3.e2)[LO],(b3.b2)[LO],(#a3.#a2.g.c1.#a.e1)[LO],(a3.a2.#a.c1.e1.g)[LO],(#g3.#g2.g.c1.e1.#a)[LO],(g3.g2.#a.g.e1.c1)[LO],(#c3.#c2.#a.c1.e1.g)[LO],(c3.c2.g.c1.e1.#a)[LO],(f2.f3.#g2.#g.f.f1.c1)[KN],(f4.#g3.f3.#g1.f1.f2.c2)[KN],(f.F-2.F-1)[IMNO],(f3.c3.#g2.f2.f.f1.#g.c1)[JM],(f.f1.F-2.F-1)[JKO],(#a.#a1.#A-1.#A-2)[M],(a.a1.#G-2.#G-1)[LMO],(#c2.#c1.#C-1.#c)[M],(c2.c1.C-1.c)[LMO],(g2.g1.g.G-1)[M],(f2.f1.f.F-1)[LMO],(#a2.#a1.#a.#A-1)[M],(#g2.#g1.#g.#G-1)[LMO],(#c3.#c2.#c.#c1)[M],(c3.c2.c.c1)[LMO],(g3.g2.g.g1)[M],(f3.f2.f.f1)[KN],(#d1.#d.#D-1.#D-2)[KN],(d1.d.D-2.D-1)[KN],(#d4.#d3.a1.c2)[KN],(d4.d3)[LO],(#c4.#c3)[LO],(c4.c3.c1.d1.#f1.a)[LO],(b3.b2.a.d1.#f1.c1)[LO],(#a3.#a2.c1.a.#f1.d1)[LO],(a3.a2.c1.d1.#f1.a)[LO],(#d3.#d2.a.d1.#f1.c1)[LO],(d3.d2.a.d1.c1.#f1)[LO],(g2.g3.#a2.#a.g.g1.d1)[KN],(#a2.#a3.d3.#a1.d2.g2.g1)[KN],(g.G-1.G-2)[IL],(g2.#D-1.#D-2.#d1)[KN],#d[LO],#d[LO],(#d1.#a1.#c1)[KO],(f2.#d)[LO],#d2[LO],(#g2.#d1.c1.#g1)[KO],(#d3.#d)[KO],(g2.#c1.g1.#a)[MNO],#g2[MN],g2[NO],#d[NO],f2[MN],#d2[MNO],(#g2.c1.#g1.#d1)[KO],#d[KO],(c1.f1.#g)[KO],(c3.#d)[KO],(g3.#D-1)[KO],#d[LO],#d[LO],(#c1.#a.g1)[LN],f3[LN],(#d3.#d)[LO],#c3[LO],(c3.#c1.g1.#a~#c3~c3~#a2~c3)[K],(d3.#d)[LO],g2[MNO],(g2.#G-1.c1)[KO],#d[LN],#d[LO],(f1.c1.#g)[MNO],#a2[MN],#g2[MN],(g2.#d)[MN],#g2[MN],#a2[MN],(#g2.c1.#g.f1)[KLNO],g2[L],(#f2.D-1.d1)[KNO],d[LO],d[LN],(d1.a1.c1)[KNO],(e2.d)[LN],d2[LN],(g2.d1.g1.b)[KNO],(b2.d)[KNO],(#f2.c1.#f1.a.d1)[L],g2[L],#f2[M],d[M],e2[L],d2[L],(g2.g1.b.d1)[KNO],d[KNO],(e1.b.g)[KNO],(b3.d)[KNO],(c4.D-1.a.c1.#f1.d)[MN],e4[MN],b3[MN],(#a3.d)[MN],a3[MN],c4[MN],(#g3.c1.a.#f1)[MN],g3[MN],#f3[MN],(a3.d)[MN],f3[MN],e3[MN],(#d3.#f1.a.c1)[MN],#f3[MN],d3[MN],#c3[MN],c3[MN],#d3[MN],(b2.D-1)[MN],#a2[MN],a2[MN],(c3.d)[MN],#g2[MN],g2[MN],(#f2.a.c1.#f1~a2~f2)[L],(e2~#d2~d2)[L],(e2.d~d2~#c2)[L],(d2~#d2~#f2)[L],(e2.a.#f1.c1.d~d2~c2)[L],(b1~c2~b1)[L],(#a1~b1~d1)[L],(b1~a1~g1)[L],(G-2.g1.b.G-1)[KM],(b.d)[KM],b[LO],(d1.g)[LN],(g1.b)[LO],(b1.d1)[LO],(d2.#f1)[LO],(c2.e1)[LN],(b1.d1)[KMO],d1[L],(c1.a1.d)[LMN],(d1.b1)[LMN],(b.g1.G-1)[KLM],(b.d)[JNO],(d1.g)[MNO],(g1.#a)[MNO],(b1.d1)[MNO],(d2.#f1)[MNO],(c2.e1)[MNO],(b1.d1)[K],d1[MO],(c1.a1.d)[LNO],(d1.b1)[LNO],(b.g1.d.G-1)[KMO],(b.d)[MNO],(d1.g)[MNO],(g1.b)[MNO],(b1.d1)[MNO],(d2.g1)[MNO],(g2.b1)[MNO],(b2.d2)[MNO],(d3.#f2)[MNO],(c3.e2)[L],(b2.d2)[K],d2[MO],(a2.c2.d1)[LNO],(b2.d2)[LNO],(g2.b1.g)[K],(c3.e2)[MO],(b2.d2)[K],(d2.c2.d1)[M],(g2.b1.g)[LM],(c3.e2)[M],(b2.d2)[LM],(d2.c2.d1)[M],(g2.b1.g)[LM],(c3.e2)[M],(b2.d2)[LM],(d2.c2.d1)[M],(g2.b1.g)[K],(f3.#g2~e3.g2~#d3.#f2)[K],(d3.f2~d4.f2~d3.f1)[K],(d3.f2~#c3.e2~c3.#d2)[K],(b2.d2~b3.d2~b2.d1)[K],(b2.d2~#a2.#c2~a2.c2)[K],(#g2.b1~#g3.b1~#g2.b)[K],(#g2.b1~g2.#a1~#f2.a1)[K],(f2.#g1~f3.#g1~f2.#g)[K],(f2.#g1~e2.g1~#d2.#f1)[K],(d2.f1~d3.f1~d2.f)[K],(d2.f1~#c2.e1~c2.#d1)[K],(b1.d1~c2~b1)[K],(f2.#g1~e2.g1~#d2.#f1)[K],(d2.f1~d3.f1~d2.f)[K],(d2.f1~#c2.e1~c2.#d1)[K],(b1.d1~b2.d1~b1.d)[K],(b1.d1~#a1.#c1~a1.c1)[K],(#g1.b~#g2.b~#g1.B-1)[K],(#g1.b~g1.#a~#f1.a)[K],(f1.#g~f2.#g~f1.#G-1)[K],(f1.#g~e1.g~#d1.#f)[K],(d1.f~d2.f~d1.F-1)[K],(d1.f~#c1.e~c1.#d)[K],(b.d)[K],(G-1~d~f)[K],(b.G-2~g~d1)[K],(f1~b1~g1)[K],(d2.G-1~d~f2.f)[L],(b~b2~mute)[L],(g2~d3~f3)[K],(b3.g~d1~#g3.f1)[L],(b1~f3~mute)[L],(g2~b2~f2)[K],(d2~g1~b1)[K],(f1~d1~g)[K],(b1.G-1.G-2~f1~d1)[K],(#g.#G-1.#G-2~f1~d1)[K],(G-1.G-2)[LO],(#g1.#g.#G-1.#G-2)[LO],(g1.g.G-2.G-1)[LO],(#f1.#f.#F-1.#F-2)[LO],(f.f1.F-1.F-2)[LO],(g.g1.G-2.G-1)[LO],(#f1.#f.#F-2.#F-1)[LO],(f.f1.F-2.F-1)[LO],(e.e1.E-2.E-1)[LO],(#f1.#f.#F-2.#F-1)[LO],(f1.f.F-1.F-2)[LO],(e1.e.E-1.E-2)[LO],(#d1.#d.#D-1.#D-2)[LO],(f.f1.F-1.F-2)[LO],(e.e1.E-1.E-2)[LO],(#d1.#d.#D-1.#D-2)[LO],(d1.d.D-1.D-2)[LO],(e1.e.E-1.E-2)[LO],(#d1.#d.#D-2.#D-1)[LO],(d1.d.D-1.D-2)[LO],(#c1.#c.#C-1.#C-2)[LO],(#d.#d1.#D-1.#D-2)[LO],(d.d1.D-1.D-2)[LO],(#c1.#c.#C-1.#C-2)[LO],(C-2.C-1.#d1.c1.c.g.G-1)[KN],(#d.c1.#d1.g.G-1)[LO],(c1.#d1.g.G-1)[LO],(g1.c1.#d1.g.G-1)[KN],(#d.c1.#d1.g.G-1)[LO],(#d1.g)[LO],(g1.c1.#d1.g.G-1)[KN],(c1.#d1.g.G-1)[KN],(C-2.C-1.#d1.c1.c.g.G-1)[KN],(#d.c1.#d1.g.G-1)[LO],(c1.#d1.g.G-1)[LO],(g1.c1.#d1.g.G-1)[KN],(#d.c1.#d1.g.G-1)[LO],(#d1.g)[LO],(g1.c1.#d1.g.G-1)[KN],(c1.#d1.g.G-1)[KN],(g2.C-1.g1.#d.c1.c)[KN],(#d.c1)[LO],(#d1.g)[LO],(c1.g1)[KMO],#d2[LM],f2[LM],g2[KMN],c3[KMO],(c3.g1.#a.#D-1.#d1)[LN],#a2[MO],c3[MO],(#a2.g.#d1)[LN],(a2.#a.g1)[LN],(#a2.#a1.#d1)[KM],(g.#d1)[LN],(#a.g1)[LN],(#a1.#d1)[KM],g2[KL],(#d2.#G-2.#g1.c1.#G-1.#g)[KMNO],(#d.c1)[LNO],(#g.#d1)[LN],(c1.#g1)[KM],c2[LN],d2[LN],#d2[KM],#g2[KM],(#g2.#d1.g.C-1.c1)[LN],g2[MO],#g2[MO],(g2.c1.#d)[LN],(#f2.g.#d1)[LN],(g2.g1.#d1.g.c.c1)[KM],(#d.c1)[LN],(g.#d1)[LN],(c1.g1)[KM],#d2[KL],(d2.G-1.g1.g)[KMN],(g1.g)[LN],(g.g1)[LN],(#g1.f1.b)[KM],(c2.g1.g)[LN],d2[MO],f2[MO],(#d2.#g1.#d1.c1.c)[LN],d2[LN],(c2.g.g1)[LN],#d2[LN],(g2.G-1.g1.g)[KM],(d2.g.g1)[LN],(g1.g)[LN],(#g1.f1.b)[KNO],(c2.g1.g)[LN],d2[MO],f2[MO],(#d2.#g1.#d1.c1.c)[LN],d2[LN],(c2.g1.g)[LN],#d2[LN],(d2.D-1.d1)[KNO],d[LN],d[LN],(g.g1.#a.d1)[KM],(c2.d)[LN],#a1[MO],d2[MO],(c2.c1.#f.d1.#f1.a.D-1)[LN],#a1[LN],(a1.d)[LNO],d2[LNO],(g1.b.G-1.d1~d)[L],b[LMN],d2[LN],#f2[LN],g2[LN],#g2[LN],#f2[LN],#g2[LN],g2[LN],#g2[LN],#f2[LNO],#g2[LNO],(g2.#d1.g1.C-1.c1)[KM],(c1.#d)[LN],(#d1.g)[LN],(g1.c1)[KM],#d2[LN],f2[LN],g2[KM],c3[KM],(c3.g1.#a.#D-1.#d1)[LN],#a2[MO],c3[MO],#a2[LN],a2[LN],(#a2.g.#d1)[LN],(#a.g1)[LN],(#a1.#d1)[KM],(g.#d1)[LN],(g1.#a)[LN],(g2.#a1.#d1)[KM],(#d2.#g1.c1.#G-2.#g)[KM],(c1.#d)[LN],(#d1.#g)[LN],(c1.#g1)[KM],c2[LN],d2[LNO],#d2[KL],#g2[KMNO],(#g2.#d1.g.C-1.c)[LN],g2[MO],#g2[MO],(g2.#d.c1)[LN],(#f2.#d1.g)[LN],(g2.c1.g1.#d1.g.c)[KM],(c1.#d)[LN],(#d1.g)[LN],(g1.c1)[KM],#d2[KM],(d2.G-1.g)[KM],(g.g1)[LN],(g1.g)[LN],(#g1.f1.b)[KM],(c2.g1.g)[LN],d2[MO],f2[MO],(#d2.#g1.#d1.c1.c)[LN],d2[LN],(c2.g1.g)[LN],#d2[LN],(g2.G-1.g)[KM],(d2.g1.g)[LN],(g.g1)[LN],(#g1.f1.b)[KM],(c2.g1.g)[LN],d2[MO],f2[MO],(#d2.#g1.#d1.c1.c)[LN],d2[LN],(c2.g1.g)[LN],#d2[LN],(#g2.f)[KNO],(#c2.#c1.#g.f1)[KNO],(#c1.#g.f1)[KNO],(#c2.f1.#g.#c1)[LN],d2[LN],(#c2.#g.f1.#g1.#c1)[LN],#c2[LN],(f2.f1.#c1.#g)[MN],#d2[MN],#c2[MN],(#c2.c1.#f)[KNO],(c1.#g.#d1)[LN],c2[LN],(g1.#d1.c1.#g)[LN],#g1[LN],(c2.c1.#g.#d1)[LN],#d2[LN],(#f2.c1.#g.#d1)[LN],#g2[LN],(c3.c1.#g.#d1)[MN],#a2[MN],#g2[MN],(#g2.f)[KNO],(#c2.f1.f.#a)[LN],(f.#a.f1)[LN],(#a.f.f1)[KNO],(#c2.#a.f.f1~#c2~#d2)[L],(#c2~#d2~#c2~#d2.#a.f.f1.#g1.#c1.#g~#c2)[K],(#d2~#c2~#d2~#c2~f1.#a.f)[K],(c2~mute~#c2~mute~f2~#d2)[K],#c2[N],(#c2.c1.#d)[KNO],(c1.#g.#f1)[LN],(c2.#g.c1.#f1)[LN],(#g.c1.#f1)[LO],#g1[NO],(#a1~#g1)[L],(g1.#f1.#g.c1~#g1)[L],(#a1~c2)[L],(#c2~#d2)[L],(#f2.g1.c1.#g.#G-1~#g2)[L],(c3~#c3)[L],(f3~#f3)[L],(#g3.#g.c1.#f1~#a3)[L],(#c4~#d4)[L],#c4[M],#d4[NO],(f4.#C-1.f1.#c1.#c)[KMO],(#c2.f1.#c1.f.#g)[LN],(f.#g.#c1.f1)[LN],(#c1.#g.f1.f)[LN],(c2~#c2~#d2)[L],(#c2.f1.#g.f.#c1)[LMN],c2[MO],(G-1.b1.f1.g)[LMN],f2[MO],(#d2.g.b.f1)[LMNO],d2[MO],(g2.#a1.e1.c)[KNO],(c2.g.e1.#a)[LN],(#a.g.e1)[LN],(#a.g.e1)[LN],(b1~c2~d2)[L],(c2.g.#a.e1)[LMN],b1[MO],(#d1.a1.c1.f)[LMNO],#d2[MO],(d2.#d)[LMNO],c2[MO],(f2.#a1.#a.f1.d)[KM],(f3.#a.f1)[KM],(#f2.#f3.a1.c1.#f1.#d)[KM],(f3.f2.a.#f1)[LN],(#d3.#d2)[LN],(d2.d3)[LN],(#c3.#c2)[LN],(c3.c2.a.#f1.a1.c1.g1.#d)[LMNO],(d2.d3)[MO],(c2.c3.d)[KM],(#a2.#a1.#a.f1)[LMNO],#f2[MO],(#f3.#D-1.a1.c1.#f1.#d)[MNO],d3[MNO],f3[MNO],(#d3.#f1.c1.a)[MNO],c3[MNO],a2[MNO],#g2[MNO],d2[MN],f2[MN],(#d2.c1.a.#f1)[MN],c2[MN],a1[MN],(c2.#c.#C-1.#a1.f1.d)[MN],f1[MN],#a1[MN],(f2.#a1.#a.f1.f)[MN],#a2[MN],f3[MN],(#a3.g3.C-1.#a1.g.e1.c)[MN],#a2[MN],(a3.f3)[MN],(a2.#a.g.e1)[MN],(g3.e3)[MN],g2[MN],(f3.d3)[MN],f2[MN],(#d3.c3)[MN],(e2.#a.g.e1)[MN],(d3.#a2)[MN],d2[MN],(c3.a2.D-1.f.f1.d)[MN],c2[MN],(#a2.g2)[MN],(#a1.#a.f.f1)[MN],(#g2.f2)[MN],#a1[MN],(#g2.#d2.#D-1.#a1.c1.#d)[MN],#a1[MN],(g2.#d2)[MN],(#a1.#a.c1.g1)[MN],(#f2.#d2)[MN],#a1[MN],(g2.#d2)[MN],#a1[MN],(#g2.#d2)[MN],(#a1.#a.c1.g1)[MN],(#a2.#d2~b1~#a1)[L],(c2~mute~c2.F-1.F-2.#a1.f)[L],(d2~c2~d2)[L],(c2~d2~c2.#f1.#d1.#a1.c1)[L],(d2~c2~d2.#a1.#f1.#d1.c1)[L],(c2~d2~c2.#f1.#d1.#a1.c1)[L],(d2~c2~d2)[L],(c2~d2~c2.#f1.#d1.#a1.c1)[L],(d2~c2~d2)[L],(c2~d2~c2.#f1.#d1.c1.#a1)[L],(d2~c2~d2)[L],(c2~d2~c2.#f1.#d1.c1.a1)[L],(d2~c2~d2)[L],(c2~d2~c2.g1.#d1.#a)[L],(d2~c2~d2)[L],(c2~d2~c2.#d1.a.f1)[L],(d2~c2~d2~c2~d2)[K],(c2.#a.#f~mute~c2)[L],(d2~c2~d2)[L],(c2~f~d2)[L],(c2~d2~c2)[L],(d2~c2~d2)[L],(c2~d2~c2)[L],(d2~c2~d2)[L],(c2~d2~c2)[L],(d2~c2~d2)[L],(c2~d2~c2)[L],(d2~c2~d2)[L],(c2~d2~c2)[L],(d2~c2~d2)[L],(c2~d2~c2)[L],(c2~mute~c2)[L],(d2~c2~d2~c2~d2)[K],(c2~d2~c2~d2~c2)[K],(c2~mute~c2)[L],(d2~c2~d2)[L],(c2~d2~c2)[L],(d2~c2~d2)[L],(c2~#a.#f.#d1~d2)[L],(c2~d2~c2)[L],(d2~c2~d2)[L],(c2~d2~c2)[L],(d2~c2~d2)[L],(c2~d2~c2)[L],(d2~c2~d2)[L],(c2~d2~c2)[L],(d2~c2~d2)[L],(c2~d2~c2)[L],(c2~mute~c2)[L],(d2~c2~d2)[L],(c2~d2~c2)[L],d2[NO],c2[L],(c2.a.#f~d2~c2)[L],(d2~c2~d2)[L],(c2~d2~c2)[L],(d2~c2~d2)[L],(c2.e~d2~c2)[L],(d2~c2~d2)[L],(c2.f~d2~c2)[L],d2[NO],b1[MNO],c2[LO],#c2[LO],d2[LO],#d2[L],e2[L],f2[L],#f2[L],a2[L],g2[MNO],f2[MNO],#d2[MNO],d2[MNO],#d2[MN],d2[MN],#c2[MN],d2[MN],f2[MNO],#d2[MNO],c2[MNO],g1[MNO],#g1[MNO],a1[MNO],d2[MNO],c2[MN],#a1[N],#a1[O],(#A-2.#a1.d1.#a.f.#A-1)[KMN],(d1.f)[LNO],(d1.f)[LN],(d2.f1)[O],(#a.d)[LN],(f2.#a1)[LNO],(#a2.d2)[O],(d1.f)[LN],f2[O],d3[LN],(f3.#a2.#a.d)[LN],(#a3.d3)[LN],(d4.f3.d1.f)[LMNO],(c4.#d3)[MO],(a3.c3.A-1)[KM],(#a3.d3.d1.f)[LN],(d1.f)[LN],(d2.f1.#a.d)[LN],(f2.#a1)[LN],(#a2.d2.d1.f)[LN],(d3.f2)[LN],(f3.#a2.#a.d)[LN],(#a3.d3)[LN],(d4.f3.d1.f)[LMNO],(c4.#d3)[MO],(a3.#c3.d1.#a.g.G-1)[KM],(#a3.d3.d1.g)[LN],(d1.g)[LN],(#a.d)[LN],(d2.g1)[LN],(g2.#a1.d1.g)[LN],(#a2.d2)[LN],(d3.g2.#a.d)[LN],(g3.#a2)[LN],(#a3.d3.d1.g)[LMNO],(a3.c3)[MO],(#f3.a2.G-1)[KM],(g3.#a2.d1.g)[LN],(d1.g)[LN],(#a.d)[LN],(d2.g1)[LN],(g2.#a1.d1.g)[LN],(#a2.d2)[LN],(d3.g2.#a.d)[LN],(g3.#a2)[LN],(#a3.d3.d1.g)[K],(a3.c3)[MO],(f3.a2.#a1.c1.#d.#D-1)[KMO],(#f3.#a2.#f1.#a)[LN],(#f1.#a)[LN],(c1.#d)[LN],(#d4.g3)[LN],(#d4.g3.#f1.#a)[LN],(d4.f3)[LN],(d4.f3.c1.#d)[LN],(#c4.e3)[LN],(#c4.e3.#f1.#a)[LNO],(c4.#d3)[LNO],(c4.#d3.#F-1)[LNO],(b3.d3)[LN],(b3.d3.#a1.c1)[LN],(#a3.#c3.#a1.c1)[LN],(#a3.#c3.#d1.#f)[LN],(a3.c3)[LN],(a3.c3.#a1.c1)[LN],(#g3.b2)[LN],(#g3.b2.#d1.#f)[LN],(g3.#a2)[LN],(g3.#a2.#a1.c1)[LO],(#f3.a2)[LO],(#f3.a2.F-1.a1.#d1.f)[LO],(f3.#g2)[LO],(f3.#g2.a1.c1)[LO],(e3.g2.a1.c1)[LO],(e3.g2.#d1.f)[LO],(#d3.#f2)[LO],(#d3.#f2.#g1.c1)[LO],(d3.f2)[LO],(d3.f2.#d1.f)[LO],(#c3.e2)[LO],(#c3.e2.#g1.c1)[LO],(c3.#d2)[LO],(c3.#d2.F-1.c2)[LMN],(f2.c2)[MO],(#f2.#d2.d1.f)[LMN],(f2.c2)[MO],(g2.#d2.#d1.a)[LMNO],(f2.c2)[MO],(#f2.#d2.d1.f)[LMNO],(f2.c2)[MO],(a2.#d2.#d1.c1)[LMNO],(g2.#d2)[MO],(g2.f1.f)[MO],(f2.a1)[LN],(#d2.c2)[MO],(#c2.a1.#A-2.d1.#a.f.#A-1)[KNO],(d2.#a1.d1.f)[LN],(g1.d1.f)[MN],a1[NO],(#a.d)[NO],g1[K],(f1.d1.f)[MN],#a1[MN],d2[MN],(f2.#a.d)[MN],#a2[MNO],d3[MNO],(f3.d1.f)[MNO],d4[LNO],c4[M],(a2.#c2.A-1)[KMO],(#a2.d2.d1.f)[LN],(g1.d1.f)[MNO],a1[NO],(#a.d)[NO],g1[KO],(f1.d1.f)[MN],#a1[MNO],d2[MN],(f2.#a.d)[MN],#a2[MNO],d3[MN],(f3.d1.f)[MNO],d4[LNO],c4[M],(a2.#c2.d1.#a.g.G-1)[KMO],(#a2.d2.#a.d)[LNO],(#d1.#a.d)[MNO],f1[NO],(g.#A-1)[NO],#d1[KO],(d1.#a.d)[MNO],g1[MNO],#a1[MNO],(d2.g.#A-1)[MN],g2[MNO],#a2[MNO],(d3.#a.d)[MNO],#a3[LNO],#g3[NO],(#f3.a2.G-1)[KMO],(g3.#a2.#a.d)[LN],(#d1.#a.d~f1~#d1)[L],(d1.g.#A-1)[MNO],g1[MNO],a1[MNO],(#a1.#a.d)[MNO],d2[MNO],g2[MNO],(a2.g.#A-1)[MNO],#a2[MNO],d3[L],(d3.#a.d)[L],#a3[L],a3[L],(f3.a2.#a1.c1.#d.#D-1)[KMN],(#f3.#a2.#f1.#a)[LNO],(#f1.#a)[LN],(c1.#d)[LN],(#d4.#f3)[LN],(#d4.#f3.#f1.#a)[LN],(d4.f3)[L],(d4.f3.c1.#d)[L],(#c4.e3)[L],(#c4.e3.#f1.#a)[LMN],(c4.#d3)[MO],(c4.#d3.#F-1)[LN],(b3.d3)[LN],(b3.d3.#a1.c1)[LN],(#a1.c1)[MO],(#a3.#c3)[MO],(#a3.#c3.#d1.#f)[LN],(a3.c3)[LN],(a3.c3.#a1.c1)[K],(#g3.b2)[MO],(#g3.b2.#d1.#f)[LNO],(g3.#a2)[LNO],(g3.#a2.#a1.c1)[KO],(#f3.a2)[MN],(#f4.a3.a1.e1.f.F-1)[KO],(f4.#g3)[MN],(f4.#g3.a1.c1)[LM],(a1.c1)[MO],(e4.g3)[MO],(e4.g3.#d1.f)[KO],(#d4.#f3)[MN],(#d4.#f3.a1.c1)[KO],(#c4.f3)[MN],(#c4.f3.#d1.f)[KO],(#c4.e3)[MN],(#c4.e3.a1.c1)[KO],(c4.#d3)[MN],(c3.#d2.F-1)[KO],(f2.c2)[MN],(#f2.#d2.f1.f)[KO],(f2.c2)[MN],(c3.#d2.f1.a)[KO],(f2.c2)[MN],(g2.#d2.f1.f)[KO],f2[MO],(e2.c2.a.a1.#d1)[K],f2[MO],(#d2.a1.f1.f)[K],f2[MO],(#c2.#a1.#c1.#F-1)[K],(#d2.b1.#d1)[MO],(#c2.#a1.#c1.#c)[LN],(#a1.#c1.#c)[MO],(#d2.b1.#d1)[MO],(#c2.#a.#a1.#c1.#f)[LMNO],(#d2.b1.#d1)[MO],(#c2.#a1.#c1.#c)[LMNO],(#d2.b1.#d1)[MO],(#c2.#a.#a1.#c1.#f)[LMNO],(#d2.b1.#d1)[MO],(#c2.#a1.#c)[KM],(#c2.#C-1.b1.f1.#c)[MNO],f2[MNO],#d2[MNO],(#c2.#c)[MNO],#g[MNO],b[MNO],(#c3.b2.f2.#c1.b1.f1.#c)[MNO],f3[MN],#d3[MNO],(#c3.#c1)[MNO],#g1[MNO],b1[MNO],(#c4.f3.#c2.b1.f1.#c)[MNO],f4[MNO],#d4[MNO],(#c4.f3.d1.b1.#g1.f1.d)[KM],(#c4.#a3.#a1.#f1.#d1.#a.#d.#D-1)[LN],#A-1[MO],b1[MO],(#a1.#f1.#d1.#a.#A-1)[LN],(b.#f1.#d1.#a.#A-1)[MO],(b1.b)[MO],(#a1.#f.#f1.#d1.#a.#d)[LMNO],(b1.b)[MO],(#a1.#f.#d.#f1.#d1.#a.#A-1)[LMNO],(b1.b)[MO],(#a1.#f.#f1.#d1.#a.#d)[LMNO],(b1.b)[MO],(#a1.#a.#f1.#A-1)[KM],(#a1.#A-2.#g1.d1.#a.#A-1)[MNO],#c2[MNO],b1[MNO],(#a1.#A-1)[MNO],f[MNO],#g[MNO],(#a2.#g2.d2.#g1.d1.#a.#A-1)[MNO],#c3[MN],b2[MNO],(#a2.#a)[MNO],f1[MNO],#g1[MNO],(#a3.d3.d2.#g1.d1.#a.#A-1)[MNO],#c4[MNO],b3[MNO],(#a3.d3.#g2.f2.#a1.#g1.d1.#a)[KM],(e3.g3.g2.e2.#c2.#a1.g1.e1.#c1.#a.#A-1)[KM],(g1.e1~#g1~g1~#f1~g1)[KL],(#a1~#c1~#c2)[L],(#a~e2~mute~mute)[L],(g2.g~mute~mute~#a2)[L],(e~#c3~#c)[L],e3[MO],(e3.#A-1)[KM],(#g3.e3.#g2.e1.#g1.d1.#c1.#a.#A-1)[KM],(g2.e3.g3.e1.g1.#c1.#a.#A-1)[KM],(g1.e1~#g1~g1~#f1~g1)[KL],(#a1~#c1~#c2)[L],(#a~e2~mute~mute)[L],(g2.g~mute~mute~#a2)[L],(e~#c3~#c)[L],e3[MO],(g3.#A-1)[KNO],(#g2.#g3.f3.d1.#g1.f1.b.B-1)[KNO],(a3.a2.#f3.a1.#f1.#d1.c1.c)[KNO],(a1.#f1~#a1~a1~#g1~a1)[KL],(c2~#d1~#d2)[L],(c1~#f2~mute~mute)[L],(a2.a~mute~mute~c3)[L],(#f~#d3~#d)[L],#f3[MO],(a3.c)[KNO],(#a2.#a3.#f3.#d1.#f1.#a1.g1.c1.c)[KNO],(a2.#f3.a3.#d1.a1.#f1.c1)[KNO],(a1.#f1~#a1~a1~#g1~a1)[KL],(c2~#d1~#d2)[L],(c1~#f2~mute~mute)[L],(a2.a~c3.#f~#d3.#d)[K],(#f3.c)[MO],(b3.B-2.c1)[KNO],(#d4.a3.#d3.B-2.B-1.b)[KNO],(b3.g3.#A-2.#A-1.#a)[KN],(c4.#g3.#g2.c2)[MN],f4[MN],d4[MN],(#a3.f3.d3.f2)[KN],(#a3.g3.g2.#a1)[MN],#d4[MN],c4[MN],(#g3.#d3.c3.#d2)[KN],(#g3.f3.f2.#g1)[MN],d4[MN],#a3[MN],(g3.d3.#a2.d2)[KNO],(g3.#d3.#d2.g1)[MN],c4[MN],#g3[MN],(f3.c3.#g2.c2)[KNO],(f3.d3.d2.f1)[MN],#a3[MN],g3[MN],(#d3.#a2.g2.#a1)[KNO],(#d3.c3.c2.#d1)[MN],#g3[MN],f3[MN],(d3.#g2.#g1.f2)[KNO],(d3.#a2.d1.#a1)[MN],g3[MN],#d3[MN],(c3.g2.g1.#d2)[KNO],(c3.#g2.c1.#g1)[MN],f3[MN],d3[MN],(#a2.f2.f1.d2)[KNO],(#a2.g2.#a.g1)[MN],#d3[MN],c3[MN],(#g2.#d2.#d1.c2)[KNO],(#g2.f2.#g.f1)[MN],d3[MN],#a2[MN],(g2.d2.d1.#a1)[KNO],(g2.#d2.g.#d1)[MN],c3[MN],#g2[MN],(c2.#g1.#g2.f2.c1.#g)[KNO],(d2.g1.#g1.#g2.f2.d1.#a~g1~#a1)[K],#d2[MO],(#D-1.g2.#d2.#a.#d)[KM],(#d1.g)[LN],(#d1.g)[LN],(g1.#a)[KM],(#g2.#d1.g)[LN],g2[LN],(g2.g1.#a)[MNO],f2[MNO],#d2[MNO],#d2[L],d2[L],c2[L],(a1.#D-1)[KLO];"]},{"id":3,"baseBeats":0.5,"scores":["mute[LM],mute[LNO],mute[KM],mute[L],mute[L],mute[L],mute[L],mute[L],mute[LNO],mute[LNO],mute[KL],mute[LMO],mute[LM],mute[KMNO],mute[L],mute[L],mute[L],mute[L],mute[L],5<mute[M],mute[M]>,mute[LN],mute[KM],mute[LNO],mute[LNO],mute[KMN],mute[KMN],mute[KMN],mute[KL],mute[KL],mute[LM],mute[LM],mute[KMN],mute[LNO],mute[LNO],mute[L],mute[L],mute[L],mute[L],mute[L],mute[KM],mute[KM],mute[KM],mute[L],mute[L],mute[L],mute[L],mute[L],mute[LMNO],mute[KLMO],mute[K],mute[K],mute[K],mute[LMNO],mute[LMN],mute[LNO],mute[L],mute[L],mute[L],mute[L],mute[L],mute[LMNO],mute[LMNO],mute[LN],mute[KM],mute[KM],mute[KM],mute[KM],mute[KM],mute[KM],mute[KNO],mute[KM],mute[KNO],mute[KNO],mute[LMNO],mute[LMNO],mute[KM],mute[KM],mute[KM],mute[KLMN],mute[KNO],mute[KM],mute[KNO],mute[KM],mute[KM],mute[KM],mute[KNO],mute[L],mute[L],mute[L],mute[L],mute[L],mute[L],mute[L],mute[L],mute[L],mute[L],mute[L],mute[L],mute[L],mute[L],mute[L],mute[L],mute[L],mute[L],mute[L],mute[L],mute[L],mute[L],mute[L],mute[L],mute[L],mute[L],mute[KN],mute[LMN],mute[KNO],mute[KN],mute[KNO],mute[KNO],mute[KNO],mute[KNO],mute[KO],mute[KO],mute[KN],mute[KN],mute[KNO],mute[LMN],mute[L],mute[KNO],mute[KNO],mute[KNO],mute[KNO],mute[KNO],mute[L],mute[L],mute[L],mute[L],mute[L],mute[L],mute[L],mute[L],mute[KMN],mute[KMO],mute[LNO],mute[KMO],mute[JO],mute[KMN],mute[KMN],mute[KMN],mute[KMN],mute[LNO],mute[LNO],mute[KMN],mute[LNO],mute[LNO],mute[LNO],mute[LNO],mute[LNO],mute[LNO],mute[KO],mute[KMO],mute[KMN],mute[KMN],mute[KLNO],mute[KMN],mute[KMN],mute[LNO],mute[L],mute[L],mute[L],mute[L],mute[L],mute[L],mute[L],mute[KMN],mute[KMO],mute[LNO],mute[KMN],mute[JO],mute[KMN],mute[KMN],mute[KMN],mute[L],mute[L],mute[L],mute[L],mute[L],mute[L],mute[L],mute[L],mute[L],mute[L],mute[L],mute[L],mute[L],mute[L],mute[L],mute[L],mute[KMN],mute[LNO],mute[LNO],mute[KMO],mute[K],mute[KMO],mute[KMO],mute[KMO],mute[K],mute[LNO],mute[KMO],mute[LNO],5<mute[M],mute[M]>,5<mute[M],mute[M]>,5<mute[M],mute[M]>,5<mute[M],mute[M]>,5<mute[M],mute[M]>,5<mute[M],mute[M]>,5<mute[M],mute[M]>,5<mute[M],mute[M]>,5<mute[M],mute[M]>,5<mute[M],mute[M]>,5<mute[M],mute[M]>,5<mute[M],mute[M]>,mute[LNO],mute[KMO],mute[LNO],mute[LNO],mute[K],mute[K],mute[LNO],mute[KMO],mute[KMO],mute[KMO],mute[KMO],mute[KMO],mute[KMO],mute[KMO],mute[L],mute[L],mute[L],mute[L],mute[L],mute[L],mute[L],mute[L],mute[L],mute[L],mute[L],mute[L],mute[L],mute[L],mute[L],mute[L],mute[L],mute[L],mute[L],mute[L],mute[L],mute[L],mute[L],mute[L],mute[L],mute[L],mute[L],mute[L],mute[L],mute[L],mute[L],mute[L],mute[L],mute[L],mute[KM],mute[KM],mute[LMO],mute[LM],mute[LM],mute[KNO],mute[KN],mute[KNO],mute[KN],mute[KNO],mute[KN],mute[KNO],mute[KN],mute[KN],mute[KN],mute[KN],mute[KN],mute[KN],mute[KN],mute[KN],mute[KN],mute[KN],mute[KN],mute[KN],mute[KN],mute[KO],mute[KN],mute[KO],mute[KN],mute[KO],mute[L],mute[L],mute[L],mute[L],mute[L],mute[L],mute[L],mute[KN],mute[KN],mute[KN],mute[L],mute[L],mute[L],mute[L],mute[L],mute[L],mute[L],mute[KNO],mute[KNO],mute[KNO],mute[L],mute[L],mute[L],mute[L],mute[L],mute[L],mute[L],mute[L],mute[L],mute[L],mute[LNO],mute[LNO],mute[L],mute[LMNO],mute[LNO],mute[LMN],mute[LMN],mute[LMN],mute[LMN],mute[LM],mute[LM],mute[LM],mute[LM],mute[LM],mute[L],mute[L],mute[L],mute[LM],mute[LM],mute[KMO],mute[L],mute[L],mute[L],mute[L],mute[L],mute[L],mute[L],mute[L],mute[KM],mute[KM],mute[KM],mute[KM],5<mute[M],mute[M]>,5<mute[M],mute[M]>,5<mute[M],mute[M]>,mute[KMO],mute[KM],mute[KM],5<mute[M],mute[M]>,5<mute[M],mute[M]>,5<mute[M],mute[M]>,5<mute[M],mute[M]>,mute[L],mute[L],mute[L],mute[L],mute[L],mute[L],mute[L],5<mute[M],mute[M]>,5<mute[M],mute[M]>,5<mute[M],mute[M]>,mute[KLM],mute[LMO],mute[LM],mute[L],mute[KMO],mute[LMN],mute[KM],mute[KM],mute[KM],mute[KM],mute[KM],mute[LN],mute[LNO],mute[L],mute[L],mute[L],mute[KMO],mute[KM],5<mute[M],mute[M]>,5<mute[M],mute[M]>,mute[KL],mute[KLMN],mute[LM],mute[KN],mute[KLM],mute[LN],5<mute[M],mute[M]>,5<mute[M],mute[M]>,mute[LMO],mute[LM],5<mute[M],mute[M]>,5<mute[M],mute[M]>,5<mute[M],mute[M]>,5<mute[M],mute[M]>,5<mute[M],mute[M]>,mute[L],mute[L],mute[L],mute[L],mute[L],mute[L],mute[L],mute[L],mute[L],mute[L],mute[L],mute[L],5<mute[M],mute[M]>,5<mute[M],mute[M]>,mute[KLO],mute[LNO],mute[LNO],mute[KM],mute[KM],mute[KM],mute[KM],mute[KM],mute[KM],mute[KM],mute[KM],mute[KM],mute[KM],mute[KM],mute[KM],mute[KM],mute[KM],mute[KM],mute[L],mute[L],mute[L],mute[L],mute[L],mute[LNO],mute[LNO],mute[KM],mute[L],mute[L],mute[L],mute[L],mute[L],mute[L],mute[L],mute[L],mute[L],mute[L],mute[L],mute[L],mute[L],mute[L],5<mute[M],mute[M]>,5<mute[M],mute[M]>,mute[KM],mute[KM],mute[KM],5<mute[M],mute[M]>,5<mute[M],mute[M]>,5<mute[M],mute[M]>,mute[KNO],5<mute[M],mute[M]>,mute[KMNO],mute[KNO],mute[KN],mute[KNO],mute[KO],mute[KO],mute[KO],mute[KO],mute[KO],mute[KO],mute[KO],mute[KO],mute[KO],mute[KO],mute[KO],mute[KO],mute[KO],mute[KO],mute[KO],mute[KO],mute[KO],mute[KO],mute[KO],mute[KO],mute[KO],mute[KO],mute[KO],mute[KO],mute[KO],mute[KO],mute[KO],mute[KO],mute[KO],mute[KO],mute[KO],mute[KO],mute[KO],mute[KO],mute[K],mute[K],mute[KMO],mute[L],mute[L],mute[K],mute[L],mute[L],mute[KO],mute[L],mute[L],mute[KO],mute[L],mute[L],mute[KO],mute[L],mute[L],mute[KLO],mute[L],mute[KO],mute[KN],mute[KO],mute[L],mute[L],mute[KO],mute[KN],mute[KO],mute[KN],mute[KO],mute[KN],mute[JNO],mute[L],mute[L],mute[L],mute[L],mute[L],mute[L],mute[L],mute[L],mute[L],mute[L],mute[L],mute[L],mute[L],mute[L],mute[L],mute[L],mute[L],mute[L],mute[L],mute[L],mute[L],mute[L],mute[L],mute[L],mute[L],mute[L],mute[L],mute[KO],mute[KN],mute[KO],mute[L],mute[L],mute[KO],mute[KN],mute[KO],mute[KN],mute[KO],mute[KN],mute[JNO],mute[L],mute[L],mute[L],mute[L],mute[L],mute[L],mute[L],mute[L],mute[L],mute[L],mute[L],mute[L],mute[L],mute[L],mute[L],mute[L],mute[L],mute[L],mute[L],mute[L],mute[L],mute[L],mute[L],mute[L],mute[L],mute[L],mute[L],mute[KN],mute[L],mute[L],mute[L],mute[L],mute[L],mute[L],mute[L],mute[L],mute[L],mute[L],mute[L],mute[L],mute[L],mute[L],mute[L],mute[L],mute[L],mute[L],mute[L],mute[L],mute[L],mute[L],mute[L],mute[L],mute[L],mute[L],mute[L],mute[L],mute[L],mute[L],mute[L],mute[L],mute[L],mute[L],mute[L],mute[L],mute[L],mute[L],mute[L],mute[L],mute[L],mute[L],mute[L],mute[L],mute[L],mute[L],mute[L],mute[L],mute[L],mute[L],mute[L],mute[L],mute[L],mute[L],mute[L],mute[L],mute[L],mute[L],mute[L],mute[L],mute[L],mute[L],mute[L],mute[L],mute[L],mute[L],mute[L],mute[L],mute[L],mute[L],mute[L],mute[L],mute[L],mute[L],mute[L],mute[L],mute[L],mute[L],mute[L],mute[L],mute[L],mute[L],mute[L],mute[L],mute[L],mute[L],mute[L],mute[L],mute[L],mute[L],mute[L],mute[L],mute[L],mute[L],mute[L],mute[L],mute[L],mute[L],mute[L],mute[L],mute[L],mute[L],mute[L],mute[L],mute[L],mute[L],mute[L],mute[L],mute[L],mute[L],mute[L],mute[L],mute[L],mute[L],mute[L],mute[L],mute[L],mute[L],mute[L],mute[L],mute[L],mute[L],mute[L],mute[L],mute[L],mute[K],mute[L],mute[L],mute[L],mute[L],mute[L],mute[L],mute[L],mute[L],mute[L],mute[L],mute[L],mute[L],mute[L],mute[L],mute[L],mute[L],mute[L],mute[L],mute[L],mute[L],mute[KN],mute[KN],mute[KN],mute[KN],mute[KNO],mute[KM],mute[KNO],mute[KN],mute[KN],mute[KN],mute[KN],mute[KN],mute[JM],mute[L],mute[L],mute[L],mute[L],mute[L],mute[L],mute[L],mute[L],mute[L],mute[L],mute[L],mute[L],mute[L],mute[L],mute[L],mute[L],mute[L],mute[L],mute[L],mute[L],mute[L],mute[L],mute[L],mute[L],mute[L],mute[L],mute[L],mute[KN],mute[KN],mute[KO],mute[L],mute[L],mute[KO],mute[KN],mute[KO],mute[KN],mute[KO],mute[KN],mute[JN],mute[L],mute[L],mute[L],mute[L],mute[L],mute[L],mute[L],mute[L],mute[L],mute[L],mute[L],mute[L],mute[L],mute[L],mute[L],mute[L],mute[L],mute[L],mute[L],mute[L],mute[L],mute[L],mute[L],mute[L],mute[L],mute[KO],mute[L],mute[L],mute[L],mute[L],mute[L],mute[L],mute[L],mute[L],mute[L],mute[L],mute[L],mute[L],mute[L],mute[L],mute[L],mute[L],mute[L],mute[L],mute[L],mute[L],mute[L],mute[L],mute[L],mute[L],mute[L],mute[L],mute[L],mute[L],mute[L],mute[L],mute[L],mute[L],mute[L],mute[L],mute[L],mute[L],mute[L],mute[L],mute[L],mute[L],mute[L],mute[L],mute[L],mute[L],mute[L],mute[L],mute[L],mute[L],mute[L],mute[L],mute[L],mute[L],mute[L],mute[L],mute[L],mute[L],mute[L],mute[L],mute[L],mute[L],mute[L],mute[L],mute[L],mute[L],mute[L],mute[L],mute[L],mute[L],mute[L],mute[L],mute[L],mute[L],mute[L],mute[L],mute[L],mute[L],mute[L],mute[L],mute[L],mute[L],mute[L],mute[L],mute[L],mute[L],mute[L],mute[L],mute[L],mute[L],mute[L],mute[L],mute[L],mute[L],mute[L],mute[L],mute[L],mute[L],mute[L],mute[L],mute[L],mute[L],mute[L],mute[L],mute[L],mute[L],mute[L],mute[L],mute[L],mute[L],mute[L],mute[L],mute[L],mute[L],mute[L],mute[K],mute[L],mute[L],mute[L],mute[L],mute[L],mute[L],mute[L],mute[L],mute[L],mute[L],mute[L],mute[L],mute[L],mute[L],mute[L],mute[L],mute[L],mute[L],mute[L],mute[L],mute[KN],mute[KN],mute[KN],mute[L],mute[L],mute[L],mute[L],mute[L],mute[L],mute[L],mute[L],mute[L],mute[L],mute[L],mute[L],mute[L],mute[L],mute[L],mute[L],mute[L],mute[L],mute[L],mute[L],mute[L],mute[L],mute[L],mute[L],mute[L],mute[L],mute[L],mute[L],mute[L],mute[L],mute[L],mute[L],mute[L],mute[L],mute[LMNO],mute[L],mute[L],mute[KM],mute[KM],mute[KM],mute[KM],mute[KM],mute[L],mute[L],mute[L],mute[L],mute[L],mute[L],mute[L],mute[L],mute[L],mute[L],mute[L],mute[L],mute[L],mute[L],mute[L],mute[L],mute[L],mute[L],mute[L],mute[L],mute[L],mute[L],mute[L],mute[L],mute[L],mute[L],mute[L],mute[L],mute[L],mute[L],mute[L],mute[L],mute[KNO],mute[L],mute[L],mute[KNO],mute[KNO],mute[KN],mute[KN],mute[KLNO],mute[L],5<mute[M],mute[M]>,5<mute[M],mute[M]>,5<mute[M],mute[M]>,5<mute[M],mute[M]>,5<mute[M],mute[M]>,5<mute[M],mute[M]>,5<mute[M],mute[M]>,5<mute[M],mute[M]>,5<mute[M],mute[M]>,5<mute[M],mute[M]>,5<mute[M],mute[M]>,5<mute[M],mute[M]>,5<mute[M],mute[M]>,5<mute[M],mute[M]>,5<mute[M],mute[M]>,5<mute[M],mute[M]>,5<mute[M],mute[M]>,5<mute[M],mute[M]>,5<mute[M],mute[M]>,5<mute[M],mute[M]>,5<mute[M],mute[M]>,5<mute[M],mute[M]>,5<mute[M],mute[M]>,5<mute[M],mute[M]>,5<mute[M],mute[M]>,5<mute[M],mute[M]>,5<mute[M],mute[M]>,5<mute[M],mute[M]>,5<mute[M],mute[M]>,5<mute[M],mute[M]>,5<mute[M],mute[M]>,5<mute[M],mute[M]>,5<mute[M],mute[M]>,5<mute[M],mute[M]>,5<mute[M],mute[M]>,5<mute[M],mute[M]>,5<mute[M],mute[M]>,5<mute[M],mute[M]>,5<mute[M],mute[M]>,5<mute[M],mute[M]>,5<mute[M],mute[M]>,5<mute[M],mute[M]>,5<mute[M],mute[M]>,5<mute[M],mute[M]>,mute[LMN],mute[LMN],5<mute[M],mute[M]>,5<mute[M],mute[M]>,5<mute[M],mute[M]>,5<mute[M],mute[M]>,5<mute[M],mute[M]>,5<mute[M],mute[M]>,5<mute[M],mute[M]>,5<mute[M],mute[M]>,5<mute[M],mute[M]>,5<mute[M],mute[M]>,5<mute[M],mute[M]>,5<mute[M],mute[M]>,5<mute[M],mute[M]>,5<mute[M],mute[M]>,5<mute[M],mute[M]>,5<mute[M],mute[M]>,5<mute[M],mute[M]>,5<mute[M],mute[M]>,5<mute[M],mute[M]>,5<mute[M],mute[M]>,5<mute[M],mute[M]>,5<mute[M],mute[M]>,5<mute[M],mute[M]>,5<mute[M],mute[M]>,5<mute[M],mute[M]>,5<mute[M],mute[M]>,5<mute[M],mute[M]>,5<mute[M],mute[M]>,5<mute[M],mute[M]>,5<mute[M],mute[M]>,5<mute[M],mute[M]>,5<mute[M],mute[M]>,5<mute[M],mute[M]>,mute[KLMO],mute[JM],mute[JM],mute[JKMN],mute[L],mute[L],mute[KN],mute[KN],mute[IIILMO];","(#a1.#d1.g)[LM],(#d1.g)[LNO],(g1.#a)[KM],(#d2.#d1.g)[LN],f2[LN],(g2.g1.#a)[LN],#d2[LN],c3[LNO],#a2[LNO],(g2.#D-1)[KL],(#d1.g)[LMO],(#d1.g)[LM],(g1.#a)[KMNO],(#f2.#d1.g)[LN],g2[LN],(#g2.C-1)[LN],g2[LN],(f2.g~c1~e1)[L],(e2.#a1)[LN],(g2.F-1)[KM],f[LNO],f[LNO],(#c1.e1.#a)[KMN],c1[KMN],(f2.f1)[KMN],c2[KL],(#g2.F-1)[KL],(#g2.#g.f.f1)[LM],(f1.#g.f)[LM],(#g1.c1)[KMN],(#a2.f1.#g.f)[LNO],#g2[LNO],(#g2.#g1.c1)[MNO],g2[MNO],f2[MN],f2[MN],#d2[MNO],#c2[MNO],(b1.F-1)[KM],(c2.#g.f.f1)[LN],(f1.#g.f)[LN],(#g1.c1)[KM],(f2.#g.f.f1)[LN],g2[LN],(#g2.#g1.c1)[LN],f2[LN],d3[LMNO],c3[MO],(b1.#A-2)[KL],(d1.f)[K],(#a1.d1.f)[K],(a1.#g1.#a)[K],#a1[LMNO],(b1.d1.f)[LMN],d2[LNO],(e2.#g1.#a)[LN],f2[LN],g2[LN],#g2[LN],(a2.#D-1)[LMNO],#a2[MO],(f3.#d1.g)[LN],(#f3.#d1.g)[LN],(#a2.g1.#a)[KM],(#d1.g)[KM],(g1.#a)[KM],a2[LN],#g2[LN],(g2.#D-1.#d)[KM],(#d.g1.#d1.#a)[LN],(#d.g1.#d1.#a)[LN],(#d.g1.#d1.#a)[KNO],(f2.g1.#d1.b.#d)[LN],#d2[LN],(c2.#d1.#g1.c1.#d)[KNO],(#d2.#f1.#d1.a.#d)[KNO],(#a1.#d1.g1.#a.#d)[LMNO],c4[MO],(#a3.g3.#a.#a1)[LN],(f3.#a.#a1)[MO],#g3[MO],(g3.#d3.#d1.g1)[LN],d3[MO],f3[MO],(#d3.c3.#a.#a1)[LN],#a2[MO],c3[MO],(c3.#g2.#g1.f1.#a.#A-1)[LN],g2[LN],(#g2.f2.#a.#a1)[LN],(#a2.d2)[LN],(g2.#D-1.g1.#d1.#a.#d)[KNO],(#d.g1.#d1.#a)[LN],(#d.g1.#d1.#a)[LN],(#d.g1.#d1.#a)[KNO],(f2.g1.#d1.b.#d)[LN],#d2[LN],(b1.#g1.#d1.c1.#d)[LN],c2[LN],(d2.#f1.#d1.a.#d)[LN],#d2[LN],(#a1.g1.#d1.#a.#d)[KNO],(c4.g3.#a.#a1)[MN],#a3[NO],(#a.#a1)[NO],f3[MN],(#g3.#d3.#d1.g1)[MN],g3[MN],d3[MN],(f3.c3.#a.#a1)[MN],#d3[MN],#a2[MN],(d3.#g2.f1.#a1.#g1.d1.#A-1)[MN],c3[MN],g2[MN],(#g2.f2.#a.#a1)[MN],d2[MN],#a2[MN],(g2.#c2.#D-1.g1.#c1.#d)[LN],#g2[MO],g2[NO],#g2[N],(#a.#c1.#d1.g1)[N],g2[NO],#f2[LN],g2[LN],#g2[LN],a2[MO],(#a.#c1.#d1.g1)[MO],#a2[LO],a2[MO],(#a.#c1.#d1.g1)[MO],#a2[LN],g3[MO],(#a.#c1.#d1.g1)[N],f3[MN],#d3[LNO],(#d3.#G-1.b1.#g)[KN],(f2.#g.#d1)[NO],#d1[NO],b1[L],#d3[MO],(e2.#a.#d1.#a1.#g)[LMN],#d3[M],(g2.#a1.#d1.#c1)[LMN],#d3[MO],(#g2.#d1.#a1.#g1.c1)[LMN],#d3[MO],(a2.b.a1.#f1.#d1.a)[LMN],#d3[MO],(#a2.#A-1.g1.#a)[LMN],(#a3.g3)[MO],(d3.g.#a.#d1.g1)[LMN],(g3.#d3)[M],a2[LMO],(#d3.#a2)[M],(#f2.g.#a.#d1.g1)[LMO],(#a2.g2)[M],(d2.g.#a.#d1.g1)[LMN],(g2.#d2)[M],(a1.g.#a.#d1.g1)[LMN],#a1[MO],(c2.#A-2.#A-1)[LMN],#a1[MO],(c1.#a.f1.#g1)[LO],d1[L],f2[KNO],(#a1.#g1.d1.#a)[KNO],(#d2.#a1.#d.g1.#d1)[KNO],g1[KNO],(g2.#C-1.#a1.f1.g.#c)[KNO],(#a.g.#d1)[LO],(g2.#a.g.#d1)[MN],g2[MN],(g2.#d1.#a.g)[MNO],#g2[MNO],g2[MNO],(f2.#d1.#a.g)[MNO],g2[MNO],#g2[L],(c3.#a.g.#d1)[KMN],(#a2.#a.g.#d1)[MNO],g2[MNO],#a1[MNO],(c2.C-1.e1.c)[LNO],#c2[MO],#d2[MO],(#c2.c1)[LNO],c1[MN],c2[MO],(#c2.#a.e1.g)[KMN],c1[KMN],(#a.#g1)[KMN],(c3.c1.g1)[KMN],(f3.c.#g1.c1)[KMN],(c2.c1)[LNO],c1[LNO],(c4.f1.#g)[KMN],(#a3.c3.c1)[LNO],#g3[LNO],(g3.e3.#a2.g.e1.#a.c)[LNO],c3[LNO],(#g3.g3.c3)[LNO],g3[LNO],(f3.f.f1.#g.F-1)[KO],#c3[MO],(c3.#g1.c1)[K],#g2[MO],(f2.#g.f.f1)[KO],#c2[MO],(c2.#g1.c1)[KO],#g2[MO],(f1.B-1)[KMN],(#d1.#g.f)[KMN],(f2.#A-2.#g1.d1.f.#A-1)[KMN],(d1.#g.f)[LNO],(f2.#g.f.d1)[MN],f2[MN],(f2.d1.#g.f)[MNO],#f2[MNO],f2[MNO],(e2.d1.#g.f)[MNO],f2[L],#f2[L],(#a2.#d1.B-1)[KMN],(#g2.#g.f.#d1.#A-1)[MNO],f2[MNO],#g1[MNO],(#a1.#A-1.d1)[LNO],b1[MO],#c2[MN],(b1.#a)[LNO],#a[MN],#a1[MO],(#a1.d1.#g)[KMN],(#a2.#a)[KMN],(d1.#g.g1)[KMN],(#a3.f1.#a)[KMN],(c4.#A-1.#a)[MNO],g3[MNO],#a3[MNO],(#d3.#a)[MNO],a3[M],#a[M],#d3[MNO],(g3.#d1.g)[MNO],c3[MNO],f3[MNO],(c3.c1)[MNO],#d3[MNO],g2[MNO],(d3.#d1.f.c1)[MNO],#g2[MNO],c3[MNO],(#d2.c1)[MNO],d3[MNO],#g2[L],(d2.#a2.#A-1.d1)[KMN],(d2.#a1.f1.f)[LNO],(#d2.c2.f1.f)[LNO],(f2.d1.#a)[MNO],g2[MNO],f2[MNO],(d2.#a1.f1.f)[K],(#d2.c2)[MO],(f2.d2.d1.#a.f1)[K],(#a2.d2)[MO],(c3.f2.f1.f)[K],(d3.#a2)[MO],(d3.#d2.#A-1.#f1)[K],(c3.#f2)[MO],(#d2.c2.#f1.#f)[LNO],(f2.d2.#f1.#f)[LNO],(#f2.#d2.#d1.a)[KMO],(#f2.#d2.#f1.#f)[LNO],(f2.d2~#f2.#d2~#f2.#d2.#d1.a)[K],(#g2.f2~#f2.#d2)[L],(#g2.f2~#f2.#d2)[L],(#g2.f2~#f2.#d2.#f1.#f)[L],(#g2.f2~#f2.#d2)[L],(#g2.f2~#f2.#d2)[L],(#g2.f2~#f2.#d2.#A-1)[L],(#g2.f2~#f2.#d2)[L],(#g2.f2~#f2.#d2)[L],(#g2.f2~#f2.#d2.#f1.#f)[L],(#g2.f2~#f2.#d2)[L],(#g2.f2.#f1.#f)[LNO],(f2.d2.#d1.a)[KMO],(#f1.#f)[LNO],(#d2.c2)[LNO],(d2.a1.#d1.a)[K],(#d1.c2)[MO],(d2.f1.a1.#d1.f)[LNO],(#d1.c2)[LNO],(#a1.d1.#A-1)[KMO],(f1.f)[MNO],c2[MNO],d2[MNO],(#a1.d1.#a)[KMO],(f2.f1.f)[MNO],c3[MNO],d3[MNO],(#a2.d1.#a)[KMO],(f3.f1.f)[MNO],c4[MNO],d4[MNO],(#a3.#A-1)[KMO],(d2.f1)[MN],(#d2.f)[MNO],(e2.f1)[MNO],(f2.d1.#a.f1)[MNO],g2[MNO],f2[MNO],(d2.f1.f)[MNO],#d2[MNO],e2[MNO],(f2.d1.#a)[MNO],g2[MNO],a2[MNO],(#a2.f1.f)[MNO],c3[MNO],d3[MNO],(b2.#A-1.#f1)[MNO],d3[MNO],c3[MNO],(#d2.#f1)[MNO],(e2.#f)[MNO],(f2.#f1)[MNO],(#f2.#d1.a)[MNO],f2[MNO],#f3[MNO],(#d3.#f1.#f)[MNO],c3[MNO],a2[MNO],(#g2.#d1.a)[MNO],g2[MNO],#f2[MNO],(f2.#f1.#f)[MNO],e2[MNO],#d2[MNO],(d2.#A-1)[MNO],f2[MNO],#d2[MNO],(a1.#f1)[MNO],(#a1.#f)[MNO],(b1.#f1)[MNO],(c2.#d1.a)[KM],(#f1.#f)[KM],(#a1.#d1.a)[MNO],d2[MN],c2[MN],(g1.#d1.a.f)[MN],a1[MN],f1[MN],(#a1.d1.#a.#A-1)[KNO],(#a1.d1.#a)[MN],c2[NO],#A-1[NO],#a1[MN],(#d1.c)[KNO],(#a1.e1.#a)[MN],c2[NO],#c[NO],#a1[MN],(f1.d)[KNO],(#a1.g1.#a)[MN],c2[NO],e[NO],#a1[MN],(#g1.f)[KNO],(#a2.d2.#a1)[MN],c3[NO],#a[NO],#a2[MN],(#d2.c1)[KN],(#a2.e2.#a1)[MN],c3[NO],#c1[NO],#a2[MN],(f2.d1)[KN],(#a2.g2.#a1)[MN],c3[NO],e1[NO],#a2[MN],(#g2.f1)[KN],(#a3.d3.#a2)[MN],c4[NO],#a1[NO],#a3[MN],(#d3.c2)[KN],(#a3.e3.#a2)[MN],c4[NO],#c2[NO],#a3[MN],(f3.d2)[KN],(#a3.g3.#a2)[MN],c4[NO],e2[NO],#a3[MN],(a3.f2)[KN],(#a3.g3.#a2)[MN],c4[NO],e2[NO],#a3[MN],(#f3.#d2)[KO],(#a3.f3.#a2)[MN],c4[NO],d2[NO],#a3[MN],(e3.#c2)[KO],(#a3.#d3.#a2)[MN],c4[NO],c2[NO],#a3[MN],(d3.#a1)[KO],d1[LO],(#g1.#a1)[LO],(d2.#A-2)[LN],(#a2.#g2)[LN],d3[LO],(#a3.#g3)[LO],f4[KN],(g2.#c2.e1.#a)[KN],(d2.#g2.f1.#a)[KN],d1[LO],(#g1.#a1)[LO],(d2.#A-2)[LN],(#a2.#g2)[LN],d3[LO],(#a3.#g3)[LO],f4[KNO],(g2.#c2.e1.#a)[KNO],(d2.#g2.f1.#a)[KNO],d1[LN],(#g1.#a1)[LN],(d2.#A-2)[LN],(#a2.#g2)[LN],d3[LN],(#a3.#g3)[LN],(f4.#A-1)[M],f[NO],#g[NO],(#a3.#g3.f1)[LN],d3[LNO],(#a2.#g2)[LNO],(f3.#a)[M],f1[M],#g1[M],(#a2.#g2.d2.#a1)[LNO],d2[LNO],(#a1.#g1)[LMN],f2[LMN],(#g1.#a1)[LMN],d1[LMN],(#g1.#a1)[LM],#f2[LM],(#g1.#a1)[LM],d1[LM],(#g1.#a1)[LM],(#d1.#D-2)[L],#d1[L],#a1[L],(g2.#d1.g)[LM],(#d1.g)[LM],(g1.#a)[KMO],(#g2.#d1.g)[LN],g2[LN],(g2.g1.#a)[MNO],f2[MNO],#d2[L],#d2[L],d2[MNO],c2[MNO],(a1.#D-1)[KM],(#a1.#d1.g)[LN],(#d1.g)[LN],(g1.#a)[KM],(#d2.#d1.g)[LN],f2[LN],(g2.g1.#a~mute~#d2)[L],(f2~#d2~#d2~d2~#d2)[K],#d3[MNO],d3[MNO],c3[MNO],(a2.#d)[KM],(#a2.#d1.g)[LN],(#d1.g)[LN],(g1.#a~g2~#g2~g2~#f2)[K],(g2~#c3.#d1.g~c3~b2~#a2)[K],g2[MNO],e2[MNO],(c2.#g1)[MN],b1[MN],#a1[MN],g1[MN],e1[MN],#c1[MN],(#c1.g)[MN],(c1~#a1.e1~#g1.#a1~e1~#d1)[KL],(e1.F-1)[KLM],f[LMO],f[LM],(d1.e1.#a.f)[L],g1[MNO],f1[MNO],(e1.c1)[MNO],f1[MNO],g1[MNO],(#g.f1)[KM],c1[KM],(#g2.F-1)[KM],(#g2.#g.f.f1)[LN],(f1.#g.f)[LN],(#g1.c1)[KM],(#a2.f1.#g)[LN],#g2[LNO],(#g2.#g1.c1)[L],g2[L],f2[L],f2[MNO],#d2[MNO],#c2[MNO],(b1.F-1)[KM],(#g.f.f1~c2)[L],(#d2~f1.#g.f~#c2~mute)[L],c2[M],(c2.#g1.c1)[KM],(f2.f1.#g)[LN],g2[LN],(#g2.#g1.c1)[LN],f2[LM],d3[KN],c3[MN],(b1.#A-2.#g1.d1)[KMN],(#a1.#A-1)[LN],(d1.#A-1~f1~#g1~#a1.d1.#g.f~#c2)[K],c2[LMO],#A-1[LM],(#a1~mute~c2)[L],(a1.#g1.d1.#a~#a1~#a1)[L],(b1~c2~#c2~d2~#d2)[KL],e2[MNO],(f2.#D-1)[L],#f2[L],#g2[MNO],a2[MNO],(#a2.#d1.g)[MNO],c3[MNO],(#c3.#d1.g)[MNO],d3[MNO],(#d3.g1.#a)[MNO],f3[MN],#f3[MN],d3[MN],(#d3.#d1.g)[MN],(d3~#c3)[L],(d3~f3)[L],#d3[N],(#a2.#a.g1.#d1)[KMNO],a2[LNO],#g2[LNO],(g2.#D-1.#a.#d)[KM],(#d.g1.#d1.#a)[LN],(#d.g1.#d1.#a)[LN],(#d.g1.#d1.#a)[KM],(f2.g1.#d1.b.#d)[LN],#d2[LN],(c2.#d1.#g1.c1.#d)[KM],(#d2.#f1.#d1.a.#d)[KM],(#a1.#d1.g1.#a.#d)[KM],(c4.#a.#a1)[MO],(#a3.g3)[MO],(f3.#a.#a1)[LN],(#g3.#d1.g1.#a.#a1)[MO],(g3.#d3)[MO],d3[LN],(f3.#a.#a1)[MO],(#d3.c3)[MO],#a2[LN],(#c3.#g1.f1.#A-1)[MO],(c3.#g2)[MO],g2[LN],(#g2.f2.#a.#a1)[LN],(#a2.d2)[LN],(g2.#D-1.#d1.#a.#d.g1)[KM],(#d.g1.#d1.#a)[LN],(#d.g1.#d1.#a)[LN],(#d.g1.#d1.#a)[KM],(f2.g1.#d1.b.#d)[LN],#d2[LN],(b1.#g1.#d1.c1.#d)[LN],c2[LN],(d2.#f1.#d1.a.#d)[LNO],#d2[LNO],(#a1.g1.#d1.#a.#d)[KM],(c4.g2.#a.#a1)[MNO],#a3[NO],(#a.#a1)[NO],(a3.#f2)[MNO],(#g3.f3.#d1.g1.#a.#a1)[MN],(g3.#d3)[MN],(f3.d3)[MN],(#d3.c3.#a.#a1)[MN],(d3.#a2)[MN],(c3.#g2)[MN],(#a2.g2.f1.#g1.d1.#A-1)[MN],(a2.#f2)[MN],(#g2.f2)[MN],(g2.#a.#a1)[MN],f2[MN],#a2[MN],(g2.#D-1.g1.#c1.#d.#d1)[LN],#g2[LN],(g2.#a.#c1.#d1.g1~#g2~g2)[K],#f2[LN],g2[LN],#g2[MO],(#a.#c1.#d1.g1)[MO],a2[LN],#a2[MO],(#a.#c1.#d1.g1)[MO],a2[LN],(#a2~#a.#c1.#d1.g1~g3~f3~#d3)[KL],(#d3.#G-1.b1.#d1.#g)[KNO],(f2.#g.#d1~#d1~b1)[L],(#g.#d1.b1)[MO],#d3[M],(f2.#d1.#a1.#a)[LMN],#d3[MO],(g2.#a1.#d1.#c1)[LMN],#d3[M],(#g2.#d1.#g1.c1)[LMN],#d3[MO],(a2.b.g1.a1.#f1.#d1.a.B-1)[LMN],#d3[M],(#a2.g1.#a.#A-1)[LMO],(#a3.g3)[M],(d3.g.#d1.g1.#a)[LMO],(g3.#d3)[M],a2[LMO],(#d3.#a2)[M],(#f2.g.#d1.g1.#a)[LMO],(#a2.g2)[M],(d2.g.#d1.g1.#a)[LMO],(g1.#a1)[M],(a1.g.#a.#d1.g1)[LMO],#a1[M],(c2.g1.e1.#a.#A-1)[LMO],(c4.g3)[M],(#d3.#a.c1.e1.g1)[LMO],(g3.e3)[M],b2[LMO],(e3.c3)[M],(#f2.#a.c1.e1.g1)[LMO],(c3.g2)[M],(#d2.#a.c1.e1.g1)[LMO],(g2.e2)[M],(b1.#a.c1.e1.g1)[LMO],c2[M],(b1.#g1.f1.#a.#A-1)[LMO],(#c4.#a3)[M],(e3.f1.#g1.b1)[LMO],f3[M],(#c3.#a)[LMO],(#c4.#a3)[M],(e3.f1.#g1.b1)[LMO],f3[M],(d3.d2.#g1.f1.#a.#A-1)[LMO],(d4.a3)[M],(e3.f1.#g1.d2)[LMO],f3[M],(#d3.#d2.g1.#a.#A-1)[LMO],(#d4.#a3)[M],(#f3.g1.#a1.#d2)[LMO],g3[M],(#d3.#a)[LMO],(#d4.#a3)[M],(f3.g1.#a1.#d2)[LMO],g3[M],(e3.#c2.g1.#a.#A-1.e1.e2)[LMO],(e4.b3)[M],(f3.g1.#c2.e2)[LMO],g3[M],(f3.d2.#g1.#a.#A-1.f1.f2)[LMO],(f4.d4.b3)[M],(g3.b2.#g2.b1)[LMO],(d4.c4.a3)[M],(e3.#g2.f2.#g1)[LMO],(b3.a3.f3)[M],(#c3.f2.d2.f1)[LMO],(f3.d3.#g3)[M],(#a2.c2.d2.d1)[LMO],(d3.b2.f3)[M],(g2.b.#g1.b1)[LMO],(b2.#g2.d3)[M],(e2.#g.#g1.f1)[LMO],(b2.#g2.f2)[M],(#c2.f.f1.d1)[LMO],(#g2.f2.d2)[M],(#a1.d1.b.d)[LMO],(f2.#c2.b1)[M],(g1.b.#g.B-1)[LMO],(d2.b1.#g1)[M],(e1.#g.#G-1.f)[LM],(f1.#g1.b1)[M],(#c1.f.F-1.d)[LM],(d1.f1.#g1)[M],(#A-2.#a.#A-1.g.g1)[KO],(f1.d1.#A-1.#a.#a1)[L],(f1.d1.#A-1.#a.#a1)[L],(f1.d1.#A-1.#a.#a1)[K],(#f1.#d1.a.A-1.b.b1)[L],(#f1.#d1.a.A-1.b.b1)[L],(#f1.#d1.a.A-1.b.b1)[KO],(e1.#g.#G-1.b.b1)[L],(e1.#g.#G-1.b.b1)[L],(e1.#g.#G-1.b.b1)[KO],(#a1.e1.g.G-1.c1.c2)[L],(#a1.e1.g.G-1.c1.c2)[L],(#a1.#d1.#f.#F-1.c1.c2)[KO],(a1.f.F-1.d1.d2)[L],(f.F-1.#d1.#d2)[L],(d2.#g1.#A-1.#A-2.g1.g2)[KLO],(f1.f2)[L],(g1.#d.#D-1.#d1.#d2)[KO],(#a.g)[MN],(#a1.#d)[MN],(g1.#A-1)[MN],(#d2.#D-1)[KO],(#d.#d1.b.#G-1.#G-2.#g.#g1)[L],(#d.#d1.b.#G-1.#G-2.#g.#g1)[L],(b1.#G-1.#d1.b.#d.#D-1.#g.#g1)[KO],(#d1.#a.#d.#D-1.g.g1)[MN],(#a1.#d)[MN],(g1.#A-1)[MN],(#d2.#d1.#a.#d.#D-1.g.g1)[KO],(#a1.g1)[MN],(#a2.#d1)[MN],(g2.#a)[MN],(#d3.g)[KO],(#a2.g2)[MN],(#a3.#d2)[MN],(g3.#a1)[MN],(#d4.#d1)[JNO],(b3.f.F-1.f1)[MN],d4[MN],c4[MN],(f3.a1.#d1)[MN],f4[MN],f3[MN],b2[MN],d3[MN],c3[MN],(f2.#d1.a1)[MN],f3[MN],f2[MN],(b1.#g1.a1.#d1.f)[MN],d2[MN],c2[MN],(f1.F-1)[MN],f2[MN],f1[MN],(#A-2.#A-1.d2.#g1.d1.#a)[MN],#g1[MN],c2[MN],(#a1.#a.#g1.f1)[MN],d2[MN],#g2[MN],c3[MN],#a2[MN],d3[MN],(#g3.#g1.#a.f1.#a1)[MN],c4[NO],#g1[NO],#a3[MN],(#g3.#A-1.g1)[MN],d3[MN],c3[MN],(#a2.#a.#g1.f1)[MN],#g2[MN],d2[MN],(#d2.#d1.#c2.g1)[KO],(#a.g)[MN],(#a1.#d)[MN],(g1.#A-1)[MN],(#d2.#D-1)[KO],(#G-1.#g.#d.#g1.#d1.b)[L],(#G-1.#g.#d.#g1.#d1.b)[L],(b1.#g.#d.#G-1.#g1.#d1.b)[KO],(g.g1.#d1.#a)[MN],(#a1.#d)[MN],(g1.#A-1)[MN],(#d2.#D-1.g1.#d1.#a)[KO],(#a1.g1)[MN],(#a2.#d1)[MN],(g2.#a)[MN],(#d3.g)[KO],(#a2.g2)[MN],(#a3.#d2)[MN],(g3.#a1)[MN],(#d4.#d1)[JNO],(b3.f.F-1.f1)[MN],d4[MN],c4[MN],(f3.#d1.a1)[MN],f4[MN],f3[MN],b2[MN],d3[MN],c3[MN],(f2.#d1.a1)[MN],f3[MN],f2[MN],(b1.c2.#d1.f)[MN],d2[MN],c2[MN],(f1.F-1)[MN],f2[MN],f1[MN],(#A-2.#A-1.d2.#g1.d1.#a)[MN],#g1[MN],c2[MN],(#a1.#g1.f1.#a)[MN],d2[MN],#g2[MN],c3[MN],#a2[MN],d3[MN],(#g3.#g1.f1.#a.#a1)[MN],c4[NO],#g1[NO],#a3[MN],(#g3.#A-1.g1)[MN],f3[MN],c3[MN],(#a2.#a.#g1.f1)[MN],#g2[MN],d2[MN],(#d2.g1.#d.#d1)[KN],(g2.#a.g1.#d1)[MN],#g2[MN],c3[MO],(#a2.d1.#g1.a.#a)[MO],#g2[MO],g2[MO],(#a2.#a)[MO],#g2[MN],e2[MO],(g2.#g1.d1.#A-1)[MN],f2[MO],#d2[MO],(g2.#g1.d1.b)[MN],f2[MN],d2[MN],(#a1.g1.#d1.#d.#a)[MN],#d2[MN],f2[MN],(g2.g1.#a.#d1)[MN],#d2[NO],a[NO],c3[MN],(#a2.d1.#g1.a.#a)[MN],#g2[MN],g2[MN],(#a2.#a)[MN],#g2[MN],e2[MN],(g2.#g1.d1.#A-1)[MN],f2[MN],#d2[MN],(g2.#a.#g1.d1)[MN],f2[MN],d2[MN],(#a1.g1.#d1.#d)[MN],c2[MN],#a1[MN],(a1.#a.g1.#d1)[MN],#a1[MN],c2[MN],d2[MN],#d2[MN],f2[MN],(g2.g1.#d1.#a)[MN],#g2[MN],#a2[MN],(c3.c2.#d1.f)[MN],d3[MN],#d3[MN],(e3.c1.a1.#d1)[MN],g3[MN],f3[MN],(#d3.d2.f1.#A-1.#g1)[MN],#c3[MN],#d3[MN],(d3.#a)[MN],c4[MN],#a3[MN],(d3.#g1.c2.#d1)[MN],b2[MN],d3[MN],(c3.#a)[MN],c4[MN],#a3[MN],(c3.#g1.#a1.d1)[MN],a2[MN],c3[MN],(#a2.#a)[MN],c4[MN],#a3[MN],(#a2.#a1.g1.#d1.#d.#a)[MN],#d3[MN],f3[MN],(g3.#a.#a1)[MN],#d3[NO],a[NO],c4[MN],(#a3.d1.#g1.#a1.#a)[MN],#g3[MN],g3[MN],(#a3.#a.#a1)[MN],#g3[MN],e3[MN],(g3.#g1.d1.#A-1)[MN],f3[MN],e3[MN],(g3.#a.#a1)[MN],f3[MN],d3[MN],(#a2.#a1.g1.#d1.#d.c1)[M],#a[O],#d3[MN],f3[MN],(g3.#a.#a1)[MN],#d3[MN],c4[O],a[M],(#a3.#g1.#a1.d1)[M],#a[O],#g3[MN],g3[MN],(#a3.#a.#a1)[MN],#g3[MN],e3[MN],(g3.d2.#g1.#a)[MN],f3[MN],e3[MN],(g3.#a.#a1)[MN],f3[MN],d3[MN],(#a2.#c2.g1.#d1)[MN],c3[MN],b2[MN],(#a2.#d)[MN],b2[MN],#a2[MN],(a2.#d1.c2.#g1.#g)[MN],#a2[MN],a2[MN],(#g2.#g)[MN],a2[MN],#g2[MN],(g2.c2.#f1.d1)[MN],b2[MN],#a2[MN],(a2.d)[MN],#a2[MN],a2[MN],(#g2.d1.b1.g1.g)[MN],a2[MO],#g2[MN],(g2.g)[MO],#g2[MO],g2[MO],(#g2.#a1.e1.c1)[MO],#a2[MO],a2[MO],(#g2.c)[MO],a2[MO],#g2[MO],(g2.c1.a1.f1.f)[MO],#g2[MN],g2[MO],(#f2.f)[MO],g2[MO],#f2[MO],(f2.#g1.f1.#d1.b)[MO],#g2[MO],g2[MO],(#f2.#d1.#g1.b)[MO],f2[MO],a2[MO],#g2[MO],g2[MO],#f2[MO],(#a2.b.#d1.#g1)[MO],a2[MO],#g2[MO],(g2.b.#d1.#g1)[MO],b2[MO],#a2[MO],(a2.b.#d1.#g1)[MO],#g2[MO],c3[MO],(b2.a1.#f1.e1.c1)[MO],#a2[MO],a2[MO],(#c3.c1.e1.#f1.a1)[MO],c3[MO],b2[MO],#a2[MO],d3[MO],#c3[MO],(c3.c1.e1.#f1.a1)[MO],b2[MO],#d3[MO],(d3.c1.e1.#f1.a1)[MO],#c3[MO],c3[MO],(#d3.#d1.#f1.#d2.c2.f1.a.A-1)[MO],#f3[MO],c4[MO],(#a3.#d1.#a1.g1.#a.#A-1)[K],(c3.c1.c2)[MO],c4[MO],c3[MN],(#a2.#a.#a1)[MN],#d3[MN],#a2[MN],(g2.g.g1)[MN],g3[MN],g2[MN],(#d2.#d.#d1)[MN],g2[MN],#d2[MN],(c2.c.c1)[MN],c3[MN],c2[MN],(#a1.#a.#A-1)[MN],#d2[MN],#a1[MN],(g1.G-1.g)[MN],g2[MN],g1[MN],(#d1.#d.#D-1)[MN],g1[MN],#d1[MN],(c1.c.C-1)[MN],c2[MN],c1[MN],(B-2.b.B-1)[KN],(f.#g.d1.#A-2.f2.#g1.#a.#A-1)[KN],(g.#D-2.#d2.g1.#d1.#d.#D-1)[KN],(#a.g)[MN],(#a1.#d)[MN],(g1.#A-1)[MN],(#d2.#D-1)[KNO],(#g.#d.#g1.#d1.b.#G-1)[LN],(#g.#d.#g1.#d1.b.#G-1)[LN],(b1.#g.#d.#g1.#d1.b.#G-1)[KNO],(g.g1.#d1.#a.#d)[MN],(#a1.#d)[MN],(g1.#A-1)[MN],(#d2.#D-1.g1.#d1.#a.#d)[KN],(#a1.g1)[MN],(#a2.#d1)[MN],(g2.#a)[MN],(#d3.#d)[KN],(#a2.g2)[MN],(#a3.#d2)[MN],(g3.#a1)[MN],(#d4.#d1)[JM],(b2.f.F-1.f1)[MN],d3[MN],c3[MN],(f2.a1.#d1)[MN],f3[MN],f2[MN],b2[MN],d3[MN],c3[MN],(f2.#d1.a1)[MN],f3[MN],f2[MN],(b1.#g1.a1.#d1.f)[MN],d2[MN],c2[MN],(f1.F-1)[MN],f2[MN],f1[MN],(#A-2.d2.#g1.d1.#A-1)[MN],#g1[MN],c2[MN],(#a1.#a.#g1.f1)[MN],d2[MN],#g2[MN],c3[MN],#a2[MN],d3[MN],(#g3.#g1.#a.f1.#a1)[MN],c4[NO],#g1[NO],#a3[MN],(#g3.B-1.g1)[MN],d3[MN],c3[MN],(#a2.#a.#g1.f1)[MN],#g2[MN],d2[MN],(#d2.g1.#d.#d1.#D-1)[KN],(#a.g)[MN],(#a1.#d)[MN],(g1.#A-1)[MN],(#d2.#D-1)[KO],(#G-1.#g.#g1.#d1.b.#d)[L],(#G-1.#g.#g1.#d1.b.#d)[L],(b1.#G-1.#g.#g1.#d1.b.#d)[KO],(g.g1.#d1.#a.#d)[MN],(#a1.#d)[MN],(g1.#A-1)[MN],(#d2.#D-1.g1.#d1.#a.#d)[KO],(#a1.g1)[MN],(#a2.#d1)[MN],(g2.#a)[MN],(#d3.g)[KO],(#a2.g2)[MN],(#a3.#d2)[MN],(g3.#a1)[MN],(#d4.#d1)[JN],(b3.F-1.f.f1)[MN],d4[MN],c4[MN],(f3.a1.#d1)[MN],f4[MN],f3[MO],b2[MN],d3[MO],c3[MN],(f2.#d1.a1)[MO],f3[MN],f2[MO],(b1.c2.a1.#d1.f)[MO],d2[MN],c2[MO],(f1.F-1)[MN],f2[MO],f1[MN],(d1.#A-1.#A-2.d2.#g1.#a)[MO],#g1[MN],c2[MO],(#a1.#a.#g1.f1)[MO],d2[MN],#g2[MO],c3[MN],#a2[MO],d3[MN],(#g3.#a.#g1.f1.#a1)[MO],c4[NO],#g1[NO],#a3[MN],(#g3.#A-1.g1)[MN],d3[MO],c3[MO],(#a2.#a.#g1.f1)[MN],#g2[MO],d2[MN],(#d2.g1.#a.#d1.#d)[KO],(g2.g1.#d1.#a)[MN],#g2[MO],c3[MO],(#a2.a.#g1.d1)[MN],#g2[MO],g2[MN],(#a2.#a)[MO],#g2[MN],e2[MO],(g2.#g1.d1.#A-1)[MN],f2[MO],#d2[MN],(g2.#g1.d1.#a)[MO],f2[MO],d2[MO],(#a1.g1.#d1.#d)[MO],#d2[MN],f2[MO],(g2.#a.g1.#d1)[MN],#d2[NO],a[NO],c3[MN],(#a2.a.#g1.d1.#a)[MO],#g2[MN],g2[MO],(#a2.#a)[MO],#g2[MN],e2[MO],(g2.#g1.d1.#A-1)[MN],f2[MO],#d2[MN],(g2.#g1.#a.d1)[MO],f2[MN],d2[MO],(#a1.g1.#d1.#d)[MO],c2[MN],#a1[MO],(a1.g1.#d1.#a)[MO],#a1[MO],c2[MO],d2[MO],#d2[MO],f2[MO],(g2.D-1.G-1.#A-1)[MO],#g2[MO],#a2[MO],(c3.c2.a1.#d1.f)[MO],d3[MO],#d3[MO],(e3.c1.a1.#d1)[MO],g3[MO],f3[MO],(#d3.d2.#g1.f1.#A-1)[MO],#c3[MO],#d3[MO],(d3.#a)[MO],c4[MO],#a3[MO],(d3.#g1.c2.#d1)[MO],b2[MO],d3[MO],(c3.#a)[MO],c4[MO],#a3[MO],(c3.#g1.#a1.d1)[MO],a2[MO],c3[MO],(#a2.#a)[MO],c4[MO],#a3[MO],(#a2.#a1.g1.#d1.#d.#a)[MO],#d3[MO],g3[MO],(#d3.#a.#a1)[MO],c4[MO],#a3[MO],(#g3.d1.#g1.#a1.a)[MO],g3[NO],#a[NO],#a3[MO],(#g3.#a.#a1)[MO],e3[MO],g3[MO],(f3.#g1.d1.#A-1)[MO],e3[MO],g3[MO],(f3.#a.#a1)[MO],d3[MO],#a2[MO],(#d3.#a1.g1.#d1.#d.c1)[MO],f3[NO],#a[NO],g3[MO],(#d3.#a.#a1)[MO],c4[MO],#a3[MO],(#g3.d1.#g1.#a1.a)[MO],g3[NO],#a[NO],#a3[MO],(#g3.d1.#g1.#a1)[MO],e3[MO],g3[MO],(f3.d2.#g1)[MO],e3[MO],g3[MO],(f3.#a.#a1)[MO],d3[MO],#a2[MO],(#a2.#c2.g1.#d1)[MO],c3[MO],b2[MO],(#a2.#d)[MO],b2[MO],#a2[MO],(a2.#d1.c2.#g1.#a)[MO],#a2[MO],a2[MO],(#g2.#g)[MO],a2[MO],#g2[MO],(a2.c2.#f1.d1)[MO],b2[MO],#a2[MO],(a2.d)[MO],#a2[MO],a2[MO],(#g2.d1.b1.g1.g)[MO],a2[MO],#g2[MO],(g2.g)[MO],#g2[MO],g2[MO],(#g2.#a1.e1.c1)[MO],#a2[MO],a2[MO],(#g2.c)[MO],a2[MO],#g2[MO],(g2.c1.a1.f1.f)[MO],#g2[MO],g2[MO],(#f2.f)[MO],a2[MO],#g2[MO],(f2.#g1.f1.#d1.b)[MO],#g2[MO],g2[MO],(#f2.b.#d1.#g1)[MO],f2[MO],a2[MO],#g2[MO],g2[MO],#f2[MO],(#a2.b.#d1.#g1)[MO],a2[MO],#g2[MO],(g2.#d1.#g1.b)[MO],b2[MO],#a2[MO],(a2.b.#d1.#g1)[MO],#g2[MO],c3[MO],(b2.e1.a1.#f1.#d1.c1)[MO],#a2[MO],a2[MO],(#c3.c1.e1.#f1.a1)[MO],c3[MO],b2[MO],#a2[MO],d3[MO],#c3[MO],(c3.c1.e1.#f1.a1)[MO],b2[MO],#d3[MO],(d3.c1.e1.#f1.a1.b)[MO],#c3[MO],c3[MO],(#d3.e1.#f1.#d2.c2.f1.a)[MO],#f3[MO],c4[MO],(#a2.#d1.#a1.g1.#a)[K],(c3.c2.c1)[MO],c4[MO],c3[MN],(#a2.#a1.#a)[MN],#d3[MN],#a2[MN],(g2.g.g1)[MN],g3[MN],g2[MN],(#d2.#d.#d1)[MN],g2[MN],#d2[MN],(c2.c1.c)[MN],c3[MN],c2[MN],(#a1.#A-1.#a)[MN],#d2[MN],#a1[MN],(g1.g.G-1)[MN],g2[MN],g1[MN],(#d1.#D-1.#d)[MN],g1[MN],#d1[MN],(c1.C-1.c)[MN],c2[MN],c1[MN],(B-2.b.B-1)[KN],(f.#g.d1.#A-2.f2.#g1.#a.#A-1)[KN],(g.#d1.#D-1.#d2.g1.#d.#A-1)[KN],(#d.G-2.G-1)[LO],(#a.#d1.g)[LO],(b.e1.#G-2.#G-1)[LO],(e.#g)[LO],(f.A-2.A-1)[LO],(c1.f1.a)[LO],(#c1.#f1.#A-2.#A-1)[LO],(#f.#a)[L],(g.B-2.B-1)[L],(d1.g1.b)[L],(#d1.#g1.C-1.c)[L],(#g.c1)[L],(a.#C-1.#c)[L],(e1.a1.#c1)[L],(f1.#a1.D-1.d)[L],(#a.d1)[L],(b.#D-1.#d)[L],(#f1.b1.#d1)[L],(g1.c2.E-1.e)[L],(c1.e1)[L],(#c1.F-1.f)[L],(#g1.#c2.f1)[L],(a1.d2.#F-1.#f)[L],(d1.#f1)[L],(#d1.G-1.g)[L],(#a1.#d2.g1)[L],(e2.b1.#G-1.#g)[MNO],(e1.#g1)[MNO],(f1.A-1.a)[L],(f2.c2.a1)[MNO],(#f2.#c2.#A-1.#a)[MNO],(#f1.#a1)[MNO],(g1.B-1.b)[MNO],(g2.d2.b1)[MNO],(e2.B-1.B-2.#g2.b.e.#g.#g1)[LMNO],(#g2.b.e.#g.#g1)[L],(#g2.b.e.#g.#g1)[L],(#g2.b.e.#g.#g1)[KM],(a2.#d.b.#f.a.a1)[KM],(#a2.#d.g.#a.#a1)[KM],(d3.#g.#A-1.d1.d2)[KM],(g1.g2.#d1.#a.#D-1.#d.#A-1.#d2.#a1)[KM],(#d1.g)[LO],(#a1.#d2.G-1)[L],(e2.b1.#G-1)[L],(e1.#g)[L],(f1.a)[L],(f2.c2.A-1)[L],(#f2.#c2.#A-1)[L],(#f1.#a)[L],(g1.b)[L],(g2.d2.B-1)[L],(#g2.#d2.c)[L],(#g1.c1)[L],(a1.#c1)[L],(a2.e2.#c)[L],(#a2.f2.d)[L],(#a1.d1)[L],(b1.#d1)[MNO],(b2.#f2.#d)[L],(c3.g2.e)[MNO],(c2.e1)[MNO],(#c2.f1)[MNO],(#c3.#g2.f)[MNO],(d3.a2.#f)[MNO],(d2.#f1)[MNO],(#d2.g1)[MNO],(#d3.#a2.g)[MNO],(e3.b2.#g)[MNO],(e2.#g1)[MNO],(f2.a1)[MNO],(f3.c3.a)[MNO],(#f3.#c3.#a)[MNO],(#f2.#a1)[MNO],(g2.b1)[MNO],(g3.d3.b)[MNO],(e3.#g3.B-1.#g2.#g1.e.b)[KNO],(#g2.#g1.e.b)[L],(#g2.#g1.e.b)[L],(#g2.#g1.e.b)[KNO],(a2.#d.a1.#f.b)[KNO],(#a2.#d.#a1.g.#A-1)[KN],(f3.c3.d.d2.#g1.d1.#A-1)[KN],(#d3.#a2.#a.d2.#a1.#d1.#D-1)[KLNO],(c4.c3.c2)[L],(#a3.#a2.#a1~g3~#d3)[K],(g3~mute~#d3)[L],(#g2.#g1~#g3~mute)[L],(g3.g2.g1~#d3~#a2)[K],(#d3~mute~#a2)[L],(f2.f1~f3~mute)[L],(#d3.#d1.#d2~#a2~g2)[K],(#a2~mute~g2)[L],(c1.c2~c3~mute)[L],(#a2.#a.#a1~g2~#d2)[K],(g2~mute~#d2)[L],(#g.#g1~#g2~mute)[L],(g2.g.g1~#d2~#a1)[K],(#d2~mute~#a1)[L],(f.f1~f2~mute)[L],(#d2.#d.#d1~#a1~g1)[K],(#a1~mute~g1)[L],(c.c1~c2~mute)[L],(#a1.#A-1.#a~g1~#d1)[K],(g1~mute~#d1)[L],(#G-1.#g~#g1~mute)[L],(g1.G-1.g~#d1~#a)[K],(#d1~mute~#a)[L],(F-1.f~f1~mute)[L],(#d1.#D-1.#d~#a~g)[K],(#a~mute~g)[L],(C-1.c~c1~mute)[L],(#a.#A-2.#A-1~g~#d)[K],(g~mute~#d)[L],(#G-2.#G-1~#g~mute)[L],(g.G-2.G-1~#d~#A-1)[K],(#d~mute~#A-1)[L],(F-2.F-1~f~mute)[L],(#D-2.#D-1.g1.#d.#d1.#a)[LMN],(G-1.#A-2)[MNO],(#A-1.#D-1)[MNO],(#d.G-1~g.#A-1)[L],(#a.#d~g.#d.#d1.#a)[L],(g1.#a~g.#d.#d1.#a~#a1.#d1~mute)[L],(#d2.g1.g.#d.#d1.#a~#a1.#d1)[L],(g1.#a~g.#d.#d1.#a)[L],(#a.#d~g.#A-1)[L],(#D-1.g.#d.#d1.#a~g.#A-1)[L],(#a.#d~#d1.g.#A-1.g1.#a)[L],(g1.#a~#a1.#d1)[L],(#d2.g1.g.#d.#d1.#a~#a1.#d1)[L],(g1.#a~#d1.g.#A-1.g1.#a)[L],(#a.#d~g.#A-1)[L],(#D-1.g.#d.#d1.#a~g.#A-1)[L],(#a.#d~#d1.g.#A-1.g1.#a)[L],(g1.#a~#a1.#d1)[L],(#d2.g.g1.#a1.#d.#a.#D-1~mute~mute~#d~g2.#a1~mute~#D-1~mute)[L],(#a2.#d2~#d~mute~mute~#d3.g2.#D-1~mute~mute~#d)[L],(#a2.#d2~mute~#D-1~mute~g2.#a1~#d~mute~mute)[L],(#d2.g1.#D-1~mute~mute~#d~#a1.#d1~mute~#D-1~mute)[L],(g1.#a~#d~mute~mute~#d1.#d.g1.#a1.g.#D-1~mute~mute~#d)[L],(g1.#a~mute~g1.#a1.g.#D-1~mute~#a1.#d1~#d~mute~mute)[L],(#d2.g1.#a1.g.#D-1~mute~mute~#d~g2.#a1~mute~#D-1~mute)[L],(#a2.#d2~#d~mute~mute~#d3.g2.g1.#a1.g.#D-1~mute~mute~#d)[L],(#a2.#d2~mute~#D-1~mute~g2.#a1~#d~mute~mute)[L],(#d2.#a.#d1.#a1.g1.g.#D-1~mute~mute~#d~#a1.#d1~mute~#D-1~mute)[L],(g1.#a~#d~mute~mute~#d.g2.#d1.g1.#d2.#a1.#a.#D-1~mute~mute~#d)[L],(g1.#a~mute~#D-1~mute~#a1.#d1~#d~mute~mute)[L],(#d2.#a.#d1.#a1.g1.g.#D-1~mute~mute~#d~g2.#a1~mute~#D-1~mute)[L],(#a2.#d2~#d~mute~mute~#d3.g2.#d1.g1.#d2.#a1.#a.#D-1~mute~mute~#d)[L],(#a2.#d2~mute~#D-1~mute~g2.#a1~#d~mute~mute)[L],(#d2.#a.#d1.#a1.g1.g.#D-1~mute~mute~#d~g2.#a1~mute~#D-1~mute)[L],(#a2.#d2~#d~mute~mute~#d3.g2.#d1.g1.#d2.#a1.#a.#D-1~mute~mute~#d)[L],(g3.#a2~mute~#D-1~mute~#a3.#d3~#d~mute~mute)[L],(#d4.g3.#d2.#a.#d1.g1.#a1.g.#D-1)[KLMO],(#a1.g1.#d.#d3.#a2.g.#a.#d1.g2.#d2)[JM],(g3.#a1.#d3.#a2.g2.#d2.g.#a.#d1)[JM],(#A-1.#d3.#a2.g2.#d2.#d.g.#D-1.G-1.#d1.g1)[JKMN],(#D-2.#d1.#D-1.#d)[L],(#D-2.#d1.#D-1.#d)[L],(#D-2.#d1.#D-1.#d)[KN],(#D-2.#d1.#D-1.#d)[KN],(#D-2.#d1.#D-1.#d)[IIILMO];"]}]}