{"baseBpm":150,"musics":[{"bpm":150,"baseBeats":0.5,"scores":["(a1.c2)[K],(f1.a1)[L],(g1.#a1)[L],(a1.c2)[L],f2[L],(d2.f2)[L],f1[L];(c2.e2)[L],f1[L],d2[L],f1[L],(a1.c2)[K],(#a1.d2)[L],(a1.c2)[L];(g1.#a1)[L],(a1.c2)[L],(c1.g1.#a1)[K],(f1.a1)[K],(c1.e1.g1)[K];f2[L],U,a1[L],U,d2[L],U,c2[L],U;e1[L],U,f1[L],U,(d1.g1)[L],#a1[L],(f1.a1)[K];(e1.g1)[L],f1[L],(a.f1)[K],T,T;(a1.c2)[K],(f1.a1)[L],(g1.#a1)[L],(a1.c2)[L],f2[L],(d2.f2)[L],f1[L];(c2.e2)[L],f1[L],d2[L],f1[L],(a1.c2)[K],(#a1.d2)[L],(a1.c2)[L];(g1.#a1)[L],(a1.c2)[L],(c1.g1.#a1)[K],(f1.a1)[K],(c1.e1.g1)[K];f2[L],U,a1[L],U,d2[L],U,c2[L],U;e1[L],U,f1[L],U,(d1.g1)[L],#a1[L],(f1.a1)[K];(e1.g1)[L],f1[L],(a.f1)[K],T,T;","(F-1.f)[J],T,f[J];T,f[J];c1[K],f[K],F-1[K],c[K];d1[L],f1[L],c1[L],f1[L],#a[L],f1[L],a[L],c1[L];g[L],#a[L],a[L],c1[L],#a[K],c1[K];c[K],f[K],c[K],F-1[K];(F-1.f)[J],T,f[J];T,f[J];c1[K],f[K],F-1[K],c[K];d1[L],f1[L],c1[L],f1[L],#a[L],f1[L],a[L],c1[L];g[L],#a[L],a[L],c1[L],#a[K],c1[K];c[K],f[K],c[K],F-1[K];"],"id":1,"instruments":["piano","piano"],"alternatives":["",""]},{"bpm":158,"baseBeats":0.5,"scores":["(c2.a2)[K],(a1.f2)[L],(#a1.g2)[L],(c2.a2)[L],(d2.#a2)[L];(c2.a2)[L],f2[L],g2[L],e2[L],f2[L],c2[L];e2[L],c2[L],(a1.f2)[L],(g1.e2)[L],(f1.d2)[L],(e1.c2)[L];(d1.b1)[K],U,(c1.a1)[L],(b.g1)[K];c2[L],(b1.d2)[L],(c2.e2)[L],(d2.f2)[L],(c2.e2)[L],(d2.f2)[L];(g1.e2)[L],c2[L],(f1.d2)[L],b1[L],(e1.c2)[L],g1[L];b1[L],d2[L],f2[L],g2[L],f2[L],g2[L];f2[L],U,e2[L],U,d2[L],U;g2[L],U,U,U,a2[L],U;b2[L],U,U,U,c3[L],U;(c2.g2)[L],a2[L],(e1.c2)[L],g1[L],(f1.d2)[L],b1[L];c2[L],g1[L],(e1.c2)[L],(g1.#a1)[L],(f1.a1)[L],(e1.g1)[L];(f1.a1.c2)[K],(f1.a1)[L],(g1.#a1)[L],(a1.c2)[L],f2[L];(d2.f2)[L],f1[L],(c2.e2)[L],f1[L],(#a1.d2)[L],f1[L];(a1.c2)[K],(#a1.d2)[L],(a1.c2)[L],(g1.#a1)[L],(a1.c2)[L];(c1.g1.#a1)[K],(f1.a1)[K],(c1.e1.g1)[K];f2[L],U,a1[L],U,d2[L],U;c2[L],U,e1[L],U,f1[L],U;(d1.g1)[L],#a1[L],(f1.a1)[K],(#a.e1.g1)[L],f1[L];(a.f1)[K],T,T;","(f.c1)[JK];f[JK];c[K],f[KL],#f[L];g[K],(G-1)[K],(G-1)[K];(a.e1)[L],f1[L],g1[J];g[J],T;(g.d1)[L],b[L],d1[L],e1[L],d1[L],e1[L];(g.d1)[L],g1[L],c1[L],g1[L],f1[L],g1[L];(c1.e1)[L],c2[L],b1[L],c2[L],f1[L],c2[L];g1[L],c2[L],b1[L],c2[L],a1[L],c2[L];e[L],f[L],g[K],(G-1)[K];c[K],(C-1)[K],T;(F-1.f)[J],T;f[J],T;f[J],c1[K];f[K],(F-1)[K],c[K];d1[L],f1[L],c1[L],f1[L],#a[L],f1[L];a[L],c1[L],g[L],#a[L],a[L],c1[L];#a[K],c1[K],c[K];f[K],c[K],(F-1)[K];"],"id":2},{"bpm":166,"baseBeats":0.5,"scores":["(c2.a2)[K],(a1.f2)[L],(#a1.g2)[L],(c2.a2)[L],(d2.#a2)[L];(c2.a2)[L],f2[L],g2[L],e2[L],f2[L],c2[L];e2[L],c2[L],(a1.f2)[L],(g1.e2)[L],(f1.d2)[L],(e1.c2)[L];(d1.b1)[K],U,(c1.a1)[L],(b.g1)[K];c2[L],(b1.d2)[L],(c2.e2)[L],(d2.f2)[L],(c2.e2)[L],(d2.f2)[L];(g1.e2)[L],c2[L],(f1.d2)[L],b1[L],(e1.c2)[L],g1[L];b1[L],d2[L],f2[L],g2[L],f2[L],g2[L];f2[L],U,e2[L],U,d2[L],U;g2[L],U,U,U,a2[L],U;b2[L],U,U,U,c3[L],U;(c2.g2)[L],a2[L],(e1.c2)[L],g1[L],(f1.d2)[L],b1[L];c2[L],g1[L],(e1.c2)[L],(g1.#a1)[L],(f1.a1)[L],(e1.g1)[L];(f1.a1.c2)[K],(f1.a1)[L],(g1.#a1)[L],(a1.c2)[L],f2[L];(d2.f2)[L],f1[L],(c2.e2)[L],f1[L],(#a1.d2)[L],f1[L];(a1.c2)[K],(#a1.d2)[L],(a1.c2)[L],(g1.#a1)[L],(a1.c2)[L];(c1.g1.#a1)[K],(f1.a1)[K],(c1.e1.g1)[K];f2[L],U,a1[L],U,d2[L],U;c2[L],U,e1[L],U,f1[L],U;(d1.g1)[L],#a1[L],(f1.a1)[K],(#a.e1.g1)[L],f1[L];(a.f1)[K],T,T;","(f.c1)[JK];f[JK];c[K],f[KL],#f[L];g[K],(G-1)[K],(G-1)[K];(a.e1)[L],f1[L],g1[J];g[J],T;(g.d1)[L],b[L],d1[L],e1[L],d1[L],e1[L];(g.d1)[L],g1[L],c1[L],g1[L],f1[L],g1[L];(c1.e1)[L],c2[L],b1[L],c2[L],f1[L],c2[L];g1[L],c2[L],b1[L],c2[L],a1[L],c2[L];e[L],f[L],g[K],(G-1)[K];c[K],(C-1)[K],T;(F-1.f)[J],T;f[J],T;f[J],c1[K];f[K],(F-1)[K],c[K];d1[L],f1[L],c1[L],f1[L],#a[L],f1[L];a[L],c1[L],g[L],#a[L],a[L],c1[L];#a[K],c1[K],c[K];f[K],c[K],(F-1)[K];"],"id":3}],"audition":{"start":[0,0],"end":[0,38]}}