{"baseBpm":1,"musics":[{"id":1,"baseBeats":0.5,"scores":["(#C-1.#C-2)[J],(#c.#G-1)[K],#C-1[J],(E-1.#C-1)[K],(E-1.#C-1)[K],(#F-1.#C-1)[J],(E-1.#C-1)[K],(#F-1.#C-1)[K],(E-1.#C-1)[J],(E-1.E-2)[K],(#G-1.#G-2)[K],(B-1.B-2)[K],(#c.#C-1)[J],(#c.#G-1)[K],#C-1[J],(E-1.#C-1)[K],(E-1.#C-1)[K],(#F-1.#C-1)[J],(E-1.#C-1)[K],(#F-1.#C-1)[K],(E-1.#C-1)[JK],(B-2.B-3)[J],(#C-1.#C-2.e2.#c2.#g1)[J],(e1.#g.e2.#c2.#g1)[K],#c[K],(e2.#c2.#g1)[K],(#C-1.e2.#c2.#g1)[K],(e1.#g.e2.#c2.#g1)[K],(#c.e2.#c2.#g1)[K],(#c.#C-1.e2.#c2.#g1)[K],#c[K],(e1.#g.e2.#c2.#g1)[K],#c[K],(e2.#c2.#g1)[K],(#C-1.e2.#c2.#g1)[K],(e1.#g.e2.#c2.#g1)[K],(#c.e2.#c2.#g1)[K],(#c.#C-1.e2.#c2.#g1)[K],(e2.#c2.#g1)[K],(e1.#g.e2.#c2.#g1)[K],(#c.e2.#c2.#g1)[K],(e2.#c2.#g1)[K],(#C-1.#c2.#g1.e1)[K],(e1.#g.#c2.#g1.e1)[K],(#c.#a1.e1.#c1)[K],(#A-1.#A-2)[J],(e1.#g)[K],#A-1[J],#A-2[K],(e1.#g)[J],(#C-1.#C-2.e2.#c2.#g1)[J],(e1.#g.e2.#c2.#g1)[K],#c[K],(e2.#c2.#g1)[K],(#C-1.e2.#c2.#g1)[K],(e1.#g.e2.#c2.#g1)[K],(#c.e2.#c2.#g1)[K],(#c.#C-1.e2.#c2.#g1)[K],#c[K],(e1.#g.e2.#c2.#g1)[K],#c[K],(e2.#c2.#g1)[K],(#C-1.e2.#c2.#g1)[K],(e1.#g.e2.#c2.#g1)[K],(#c.e2.#c2.#g1)[K],(#c.#C-1.e2.#c2.#g1)[K],(e2.#c2.#g1)[K],(e1.#g.e2.#c2.#g1)[K],(#c.e2.#c2.#g1)[K],(e2.#c2.#g1)[K],(#C-1.#c2.#g1.e1)[K],(e1.#g.#c2.#g1.e1)[K],(#c.#c2.#g1.e1)[K],(#A-1.#A-2)[J],(e1.#g)[K],#A-1[J],#A-2[K],(e1.#g)[J],(#c.#C-1.#c3.#g2.e2)[J],(e1.#g.#c3.#g2.e2)[K],#G-1[K],(#c.#C-1)[K],(#c.#c2.#g1.e1)[K],(e1.#g.e2.#c2.#g1)[K],(#G-1.#f2.#c2.#g1)[K],(#c.#C-1)[K],#c[K],(e1.#g)[K],#G-1[K],(#c.#C-1)[K],(#c.e2.#c2.#g1)[K],(e1.#g.#f2.#c2.#g1)[K],(#G-1.#g2.e2.#c2)[K],(#c.#C-1)[J],(e1.#g)[K],#G-1[K],(#c.#C-1)[K],(#c.#f2.e2.#c2)[K],(e1.#g.#g2.e2.#c2)[K],(#G-1.b2.#g2.e2)[K],(#A-1.#A-2)[K],(#A-1.#a2.#f2.e2)[K],(e1.#g)[K],(#A-1.#f2.e2.#c2)[K],(#A-1.#A-2)[K],(e2.#c2.#a1)[K],(#A-1.#A-2.#c2.#a1.e1)[J],(#c.#C-1.#c3.#g2.e2)[J],(e1.#g.#c3.#g2.e2)[K],#G-1[K],(#c.#C-1)[K],(#c.#c2.#g1.e1)[K],(e1.#g.e2.#c2.#g1)[K],(#G-1.#f2.#c2.#g1)[K],(#c.#C-1)[K],#c[K],(e1.#g)[K],#G-1[K],(#c.#C-1)[K],(#c.e2.#c2.#g1)[K],(e1.#g.#f2.#c2.#g1)[K],(#G-1.#g2.e2.#c2)[K],(#c.#C-1)[J],(e1.#g)[K],#G-1[K],(#c.#C-1)[K],(#c.#f2.e2.#c2)[K],(e1.#g.#g2.e2.#c2)[K],(#G-1.b2.#g2.e2)[K],(#A-1.#A-2)[K],(#A-1.#a2.#f2.e2)[K],(e1.#g)[K],(#A-1.#f2.e2.#c2)[K],(#A-1.#A-2)[K],(e2.#c2.#a1)[K],(#A-1.#A-2.#c2.#a1.e1)[J],(A-1.A-2.e1.a)[L],E-1[L],(A-1.e2.#c2)[L],#c[L],(e.e2.#c2)[L],a[L],(#c1.e2.#c2)[L],e1[L],(a1.#f2.#c2)[K],(a.A-1)[K],(a.A-1.#c2.a1)[K],(A-1.A-2)[K],(#F-1.#F-2.#c1.#f.e2.#c2)[L],#C-1[L],(#F-1.e2.#c2)[L],A-1[L],(#c.e2.#c2)[L],#f[L],(a.e2.#c2)[L],#c1[L],(#f1.#f2.#c2)[K],(#f.#F-1)[K],(#f.#F-1.#c2.a1)[K],(#F-1.#F-2)[K],(#G-1.#G-2.#d1.#g.e2.#g1)[L],#D-1[L],(#G-1.e2.#g1)[L],c[L],(#d.e2.#g1)[L],#g[L],(c1.e2.#g1)[L],#d1[L],(#g1.#f2.#g1)[K],(#g.#G-1.#c2.#g1)[K],(#g.#G-1.#c2.#g1)[K],(#G-1.#G-2)[K],(#c.#C-1.#g1.#c1.f2.#c2)[L],#G-1[L],#c[L],f[L],#g[L],#c1[L],(f1.#f2.#c2)[L],#g1[L],#c2[K],(#c1.#c)[K],(#c1.#c.#g2.#c2)[K],(#c.#C-1)[K],(A-1.A-2.e1.a)[L],E-1[L],A-1[L],#c[L],(e.e2.#c2)[L],a[L],(#c1.e2.#c2)[L],e1[L],(a1.#f2.#c2)[K],(a.A-1)[K],(a.A-1.#c2.a1)[K],(A-1.A-2)[K],(#F-1.#F-2.#c1.#f.e2.#c2)[L],#C-1[L],(#F-1.e2.#c2)[L],A-1[L],(#c.e2.#c2)[L],#f[L],(a.e2.#c2)[L],#c1[L],(#f1.#f2.#c2)[K],(#f.#F-1)[K],(#f.#F-1.#c2.a1)[K],(#F-1.#F-2)[K],(#G-1.#G-2.#d1.#g.#d2.#g1)[L],#D-1[L],(#G-1.#d2.#g1)[L],c[L],(#d.#d2.#g1)[L],#g[L],(c1.#d2.#g1)[L],#d1[L],(#g1.#d2.#g1)[K],(#g.#G-1)[K],(#g.#G-1.#d2.#g1)[K],(#G-1.#G-2)[K],(#G-1.#G-2.#d1.#g.#g2.#d2.#g1)[L],#D-1[L],#G-1[L],c[L],#d[L],#g[L],c1[L],#d1[L],#g1[K],(#g.#G-1)[K],(#g.#G-1)[K],(#G-1.#G-2)[K],(c2.#g2.#d2)[K],(#c2.#a2)[L],(#d2.c3)[L],(f2.#c3)[L],(g2.#d3)[L],(#g2.f3)[L],(#a2.g3)[L],(c3.#g3.#d3)[K],(#c3.#a3)[L],(#d3.c4)[L],(f3.#c4)[L],(g3.#d4)[L],(#g3.f4)[L],(#a3.g4)[L],(#G-1.#G-2.#g4.c4)[J],(#d4.c5)[L],(c4.#g4)[L],(#g3.#d4)[L],(#d3.c4)[L],(c3.#g3)[L],(#g2.#d3)[L],(#d2.c3)[L],(c2.#g2)[L],(#g1.#d2)[L],(#d1.c2)[L],(c1.#g1)[L],(#g.#d1)[L],(#g.#G-1.#g1.#d1.c1)[K],(#g1.#d1.c1)[L],(#g1.#d1.c1)[L],(#g.#G-1.#g1.#d1.c1)[K],(#g1.#d1.c1)[K],(#G-1.#G-2)[K],(#g2.#d2.#g1)[K],(#G-1.#G-2.b2.#g2.b1)[K],(#c3.#g2.#c2)[K],(#C-1.#C-2)[K],#c[K],(#c1.#g.e.#f2.#c2.#f1)[K],(#c.#f2.#c2.#f1)[K],(#C-1.#f2.#c2.#f1)[K],#c[K],(#c1.#g.e.#f2.#c2.#f1)[K],(#c.#f2.#c2.#f1)[K],(#F-1.#F-2.#f2.#c2.#f1)[K],#f[K],(#f1.#c1.#a.#f2.#c2.#f1)[K],(#f.#f2.#c2.#f1)[K],#F-1[K],(#f.#g2.#c2.#g1)[K],(#f1.#c1.#a.b2.#f2.b1)[K],(#f.#c3.#g2.#c2)[K],(#C-1.#C-2)[K],#c[K],(#c1.#g.e.#f2.#c2.#f1)[K],(#c.#f2.#c2.#f1)[K],(#C-1.#f2.#c2.#f1)[K],#c[K],(#c1.#g.e.#f2.#c2.#f1)[K],(#c.#f2.#c2.#f1)[K],(#F-1.#F-2.#f2.#c2.#f1)[K],#f[K],(#f1.#c1.#a.#f2.#c2.#f1)[K],(#f.#f2.#c2.#f1)[K],#F-1[K],#f[K],(#f1.#c1.#a)[K],#f[K],(A-1.A-2.#g2.#c2.#g1)[K],(a.e2.#c2.e1)[K],(a1.e1.#c1.#f2.#c2.#f1)[K],(a.#c2.#f1.#c1)[K],(A-1.e2.#c2.e1)[K],a[K],(a1.e1.#c1)[K],a[K],(#F-1.#F-2.#g2.#c2.#g1)[K],(#f.e2.#c2.e1)[K],(#f1.#c1.a.#f2.#c2.#f1)[K],(#f.#c2.#f1.#c1)[K],(#F-1.e2.#c2.e1)[K],#f[K],(#f1.#c1.a.b2.e2.b1)[K],(#f.b2.e2.b1)[K],(#G-1.#G-2)[K],(#g.#g2.#d2.#g1)[K],(#g1.#d1.c1)[K],#g[K],#G-1[K],#g[K],(#g1.#d1.c1)[K],#g[K],(#G-1.#G-2.#c3.#g2.#d2)[K],#g[K],(#g1.#d1.c1.#c3.#g2.#d2)[K],#g[K],(#g1.#d1.c1.#c3.#g2.#d2)[K],(#c3.#g2.#d2)[K],(#G-1.#G-2.#c3.#g2.#d2)[J],(#C-1.#C-2)[K],#c[K],(#c1.#g.e.#f2.#c2.#f1)[K],(#c.#f2.#c2.#f1)[K],(#C-1.#f2.#c2.#f1)[K],#c[K],(#c1.#g.e.#f2.#c2.#f1)[K],(#c.#f2.#c2.#f1)[K],(#F-1.#F-2.#f2.#c2.#f1)[K],#f[K],(#f1.#c1.#a.#f2.#c2.#f1)[K],(#f.#f2.#c2.#f1)[K],#F-1[K],(#f.#g2.#c2.#g1)[K],(#f1.#c1.#a.b2.#f2.b1)[K],(#f.#c3.#g2.#c2)[K],(#C-1.#C-2)[K],#c[K],(#c1.#g.e.#f2.#c2.#f1)[K],(#c.#f2.#c2.#f1)[K],(#C-1.#f2.#c2.#f1)[K],#c[K],(#c1.#g.e.#f2.#c2.#f1)[K],(#c.#f2.#c2.#f1)[K],(#F-1.#F-2.#f2.#c2.#f1)[K],#f[K],(#f1.#c1.#a.#f2.#c2.#f1)[K],(#f.#f2.#c2.#f1)[K],#F-1[K],#f[K],(#f1.#c1.#a)[K],#f[K],(A-1.A-2.#g2.#c2.#g1)[K],(a.e2.#c2.e1)[K],(a1.e1.#c1.#f2.#c2.#f1)[K],(a.#c2.#f1.#c1)[K],(A-1.e2.#c2.e1)[K],a[K],(a1.e1.#c1)[K],a[K],(#F-1.#F-2.#g2.#c2.#g1)[K],(#f.e2.#c2.e1)[K],(#f1.#c1.a.#f2.#c2.#f1)[K],(#f.#c2.#f1.#c1)[K],(#F-1.e2.#c2.e1)[K],#f[K],(#f1.#c1.a.b2.e2.b1)[K],(#f.b2.e2.b1)[K],(#G-1.#G-2)[K],(#g.#g2.#d2.#g1)[K],(#g1.#d1.c1)[K],#g[K],#G-1[K],#g[K],(#g1.#d1.c1)[K],#g[K],(#G-1.#G-2.#c3.#g2.#d2)[K],#g[K],(#g1.#d1.c1.#c3.#g2.#d2)[K],#g[K],(#g1.#d1.c1.#c3.#g2.#d2)[K],(#c3.#g2.#d2)[K],(#G-1.#G-2.#c3.#g2.#d2)[J],(#C-1.e2.#c2)[J],(#c1.#g.e2.#c2)[J],(#c.e2.#c2)[K],(e2.#c2)[K],(#c1.#g.e2.#c2)[K],(e2.#c2)[K],(#C-1.e2.#c2)[K],(e2.#c2)[K],(#c1.#g.e2.#c2)[K],(e2.#c2)[K],(#c.e2.#c2)[K],(e2.#c2)[K],(#c1.#g.e2.#c2)[K],(e2.#c2)[K],(#C-1.e2.#c2)[K],"]},{"id":2,"baseBeats":0.5,"scores":["(e2.#c2)[K],(#c1.#g.e2.#c2)[K],(e2.#c2)[K],(#c.e2.#c2)[K],(#c2.#g1)[K],(#c1.#g.#c2.#g1)[K],(#a1.e1)[K],#A-2[J],(#c1.#g)[J],(#c1.#g)[J],(#A-2.#A-3)[J],(#C-1.#C-2.e2.#c2.#g1)[K],(e2.#c2.#g1)[K],(e1.#g.e2.#c2.#g1)[K],(#c.e2.#c2.#g1)[K],(e2.#c2.#g1)[K],(#C-1.e2.#c2.#g1)[K],(e1.#g.e2.#c2.#g1)[K],(#c.e2.#c2.#g1)[K],(#c.#C-1.e2.#c2.#g1)[K],(#c.e2.#c2.#g1)[K],(e1.#g.e2.#c2.#g1)[K],(#c.e2.#c2.#g1)[K],(e2.#c2.#g1)[K],(#C-1.e2.#c2.#g1)[K],(e1.#g.e2.#c2.#g1)[K],(#c.e2.#c2.#g1)[K],(#c.#C-1.e2.#c2.#g1)[K],(e2.#c2.#g1)[K],(e1.#g.e2.#c2.#g1)[K],(#c.e2.#c2.#g1)[K],(e2.#c2.#g1)[K],(#C-1.#c2.#g1.e1)[K],(e1.#g.#c2.#g1.e1)[K],(#c.#c2.#g1.e1)[K],(#A-1.#A-2)[J],(e1.#g)[K],#A-1[J],#A-2[K],(e1.#g)[J],(#c.#C-1.#c3.#g2.e2)[J],(e1.#g.#c3.#g2.e2)[K],#G-1[K],(#c.#C-1)[K],(#c.#c2.#g1.e1)[K],(e1.#g.e2.#c2.#g1)[K],(#G-1.#f2.#c2.#g1)[K],(#c.#C-1)[K],#c[K],(e1.#g)[K],#G-1[K],(#c.#C-1)[K],(#c.e2.#c2.#g1)[K],(e1.#g.#f2.#c2.#g1)[K],(#G-1.#g2.e2.#c2)[K],(#c.#C-1)[J],(e1.#g)[K],#G-1[K],(#c.#C-1)[K],(#c.#f2.e2.#c2)[K],(e1.#g.#g2.e2.#c2)[K],(#G-1.b2.#g2.e2)[K],(#A-1.#A-2)[K],(#A-1.#a2.#f2.e2)[K],(e1.#g)[K],(#A-1.#f2.e2.#c2)[K],(#A-1.#A-2)[K],(e2.#c2.#a1)[K],(#A-1.#A-2.#c2.#a1.e1)[J],(#c.#C-1.#c3.#g2.e2)[J],(e1.#g.#c3.#g2.e2)[K],#G-1[K],(#c.#C-1)[K],(#c.#c2.#g1.e1)[K],(e1.#g.e2.#c2.#g1)[K],(#G-1.#f2.#c2.#g1)[K],(#c.#C-1)[K],#c[K],(e1.#g)[K],#G-1[K],(#c.#C-1)[K],(#c.e2.#c2.#g1)[K],(e1.#g.#f2.#c2.#g1)[K],(#G-1.#g2.e2.#c2)[K],(#c.#C-1)[J],(e1.#g)[K],#G-1[K],(#c.#C-1)[K],(#c.#f2.e2.#c2)[K],(e1.#g.#g2.e2.#c2)[K],(#G-1.b2.#g2.e2)[K],(#A-1.#A-2)[K],(#A-1.#a2.#f2.e2)[K],(e1.#g)[K],(#A-1.#f2.e2.#c2)[K],(#A-1.#A-2)[K],(e2.#c2.#a1)[K],(#A-1.#A-2.#c2.#a1.e1)[J],(A-1.A-2.e1.a)[L],E-1[L],(A-1.e2.#c2)[L],#c[L],(e.e2.#c2)[L],a[L],(#c1.e2.#c2)[L],e1[L],(a1.#f2.#c2)[K],(a.A-1)[K],(a.A-1.#c2.a1)[K],(A-1.A-2)[K],(#F-1.#F-2.#c1.#f.e2.#c2)[L],#C-1[L],(#F-1.e2.#c2)[L],A-1[L],(#c.e2.#c2)[L],#f[L],(a.e2.#c2)[L],#c1[L],(#f1.#f2.#c2)[K],(#f.#F-1)[K],(#f.#F-1.#c2.a1)[K],(#F-1.#F-2)[K],(#G-1.#G-2.#d1.#g.e2.#g1)[L],#D-1[L],(#G-1.e2.#g1)[L],c[L],(#d.e2.#g1)[L],#g[L],(c1.e2.#g1)[L],#d1[L],(#g1.#f2.#g1)[K],(#g.#G-1.#c2.#g1)[K],(#g.#G-1.#c2.#g1)[K],(#G-1.#G-2)[K],(#c.#C-1.#g1.#c1.f2.#c2)[L],#G-1[L],#c[L],f[L],#g[L],#c1[L],(f1.#f2.#c2)[L],#g1[L],#c2[K],(#c1.#c)[K],(#c1.#c.#g2.#c2)[K],(#c.#C-1)[K],(A-1.A-2.e1.a)[L],E-1[L],A-1[L],#c[L],(e.e2.#c2)[L],a[L],(#c1.e2.#c2)[L],e1[L],(a1.#f2.#c2)[K],(a.A-1)[K],(a.A-1.#c2.a1)[K],(A-1.A-2)[K],(#F-1.#F-2.#c1.#f.e2.#c2)[L],#C-1[L],(#F-1.e2.#c2)[L],A-1[L],(#c.e2.#c2)[L],#f[L],(a.e2.#c2)[L],#c1[L],(#f1.#f2.#c2)[K],(#f.#F-1)[K],(#f.#F-1.#c2.a1)[K],(#F-1.#F-2)[K],(#G-1.#G-2.#d1.#g.#d2.#g1)[L],#D-1[L],(#G-1.#d2.#g1)[L],c[L],(#d.#d2.#g1)[L],#g[L],(c1.#d2.#g1)[L],#d1[L],(#g1.#d2.#g1)[K],(#g.#G-1)[K],(#g.#G-1.#d2.#g1)[K],(#G-1.#G-2)[K],(#G-1.#G-2.#g2.#d2.#g1)[J],(#d4.c5)[L],(c4.#g4)[L],(#g3.#d4)[L],(#d3.c4)[L],(c3.#g3)[L],(#g2.#d3)[L],(#d2.c3)[L],(c2.#g2)[L],(#g1.#d2)[L],(#d1.c2)[L],(c1.#g1)[L],(#g.#d1)[L],(#g.#G-1.#g1.#d1.c1)[K],(#g1.#d1.c1)[L],(#g1.#d1.c1)[L],(#g.#G-1.#g1.#d1.c1)[K],(#g1.#d1.c1)[K],(#G-1.#G-2)[K],(#g2.#d2.#g1)[K],(#G-1.#G-2.b2.#g2.b1)[K],(#c3.#g2.#c2)[K],(#C-1.#C-2)[K],#c[K],(#c1.#g.e.#f2.#c2.#f1)[K],(#c.#f2.#c2.#f1)[K],(#C-1.#f2.#c2.#f1)[K],#c[K],(#c1.#g.e.#f2.#c2.#f1)[K],(#c.#f2.#c2.#f1)[K],(#F-1.#F-2.#f2.#c2.#f1)[K],#f[K],(#f1.#c1.#a.#f2.#c2.#f1)[K],(#f.#f2.#c2.#f1)[K],#F-1[K],(#f.#g2.#c2.#g1)[K],(#f1.#c1.#a.b2.#f2.b1)[K],(#f.#c3.#g2.#c2)[K],(#C-1.#C-2)[K],#c[K],(#c1.#g.e.#f2.#c2.#f1)[K],(#c.#f2.#c2.#f1)[K],(#C-1.#f2.#c2.#f1)[K],#c[K],(#c1.#g.e.#f2.#c2.#f1)[K],(#c.#f2.#c2.#f1)[K],(#F-1.#F-2.#f2.#c2.#f1)[K],#f[K],(#f1.#c1.#a.#f2.#c2.#f1)[K],(#f.#f2.#c2.#f1)[K],#F-1[K],#f[K],(#f1.#c1.#a)[K],#f[K],(A-1.A-2.#g2.#c2.#g1)[K],(a.e2.#c2.e1)[K],(a1.e1.#c1.#f2.#c2.#f1)[K],(a.#c2.#f1.#c1)[K],(A-1.e2.#c2.e1)[K],a[K],(a1.e1.#c1)[K],a[K],(#F-1.#F-2.#g2.#c2.#g1)[K],(#f.e2.#c2.e1)[K],(#f1.#c1.a.#f2.#c2.#f1)[K],(#f.#c2.#f1.#c1)[K],(#F-1.e2.#c2.e1)[K],#f[K],(#f1.#c1.a.b2.e2.b1)[K],(#f.b2.e2.b1)[K],(#G-1.#G-2)[K],(#g.#g2.#d2.#g1)[K],(#g1.#d1.c1)[K],#g[K],#G-1[K],#g[K],(#g1.#d1.c1)[K],#g[K],(#G-1.#G-2.#c3.#g2.#d2)[K],#g[K],(#g1.#d1.c1.#c3.#g2.#d2)[K],#g[K],(#g1.#d1.c1.#c3.#g2.#d2)[K],(#c3.#g2.#d2)[K],(#G-1.#G-2.#c3.#g2.#d2)[J],(#C-1.#C-2)[K],#c[K],(#c1.#g.e.#f2.#c2.#f1)[K],(#c.#f2.#c2.#f1)[K],(#C-1.#f2.#c2.#f1)[K],#c[K],(#c1.#g.e.#f2.#c2.#f1)[K],(#c.#f2.#c2.#f1)[K],(#F-1.#F-2.#f2.#c2.#f1)[K],#f[K],(#f1.#c1.#a.#f2.#c2.#f1)[K],(#f.#f2.#c2.#f1)[K],#F-1[K],(#f.#g2.#c2.#g1)[K],(#f1.#c1.#a.b2.#f2.b1)[K],(#f.#c3.#g2.#c2)[K],(#C-1.#C-2)[K],#c[K],(#c1.#g.e.#f2.#c2.#f1)[K],(#c.#f2.#c2.#f1)[K],(#C-1.#f2.#c2.#f1)[K],#c[K],(#c1.#g.e.#f2.#c2.#f1)[K],(#c.#f2.#c2.#f1)[K],(#F-1.#F-2.#f2.#c2.#f1)[K],#f[K],(#f1.#c1.#a.#f2.#c2.#f1)[K],(#f.#f2.#c2.#f1)[K],#F-1[K],#f[K],(#f1.#c1.#a)[K],#f[K],(A-1.A-2.#g2.#c2.#g1)[K],(a.e2.#c2.e1)[K],(a1.e1.#c1.#f2.#c2.#f1)[K],(a.#c2.#f1.#c1)[K],(A-1.e2.#c2.e1)[K],a[K],(a1.e1.#c1)[K],a[K],(#F-1.#F-2.#g2.#c2.#g1)[K],(#f.e2.#c2.e1)[K],(#f1.#c1.a.#f2.#c2.#f1)[K],(#f.#c2.#f1.#c1)[K],(#F-1.e2.#c2.e1)[K],#f[K],(#f1.#c1.a.b2.e2.b1)[K],(#f.b2.e2.b1)[K],(#G-1.#G-2)[K],(#g.#g2.#d2.#g1)[K],(#g1.#d1.c1)[K],#g[K],#G-1[K],#g[K],(#g1.#d1.c1)[K],#g[K],(#G-1.#G-2.#c3.#g2.#d2)[K],#g[K],(#g1.#d1.c1.#c3.#g2.#d2)[K],#g[K],(#g1.#d1.c1.#c3.#g2.#d2)[K],(#c3.#g2.#d2)[K],(#G-1.#G-2.#c3.#g2.#d2)[J],(A-1.A-2.#c2)[L],a2[L],(e1.#c1.#c3)[L],e3[L],(e1.#c1.#c2)[L],a2[L],(e1.#c1.#c3)[L],e3[L],(a.e.#c1.#c2)[L],a2[L],#c3[L],e3[L],#c2[L],a2[L],(e1.#c1.#c3)[L],e3[L],(#F-1.#F-2.a1)[L],#f2[L],(e1.#c1.a2)[L],#c3[L],a1[L],#f2[L],(e1.#c1.a2)[L],#c3[L],(#f.#c.#c1.a.a1)[L],#f2[L],a2[L],#c3[L],a1[L],#f2[L],(e1.#c1.a2)[L],#c3[L],(#G-1.#G-2.#c2)[L],#g2[L],(e1.#c1.#c3)[L],#d3[L],#c2[L],#g2[L],(e1.#c1.#c3)[L],#d3[L],(#g.#d.#c1.#c2)[L],#g2[L],#c3[L],#d3[L],#c2[L],#g2[L],#c3[L],#d3[L],(#c.#C-1.f1.#c1.#c2)[L],#g2[L],#c3[L],f3[L],#c2[L],#g2[L],(#f1.#c1.#c3)[L],f3[L],(#c1.#g.#c2)[L],#g2[L],#c3[L],f3[L],(#g1.#c1.#c2)[L],#g2[L],#c3[L],f3[L],(A-1.A-2.#c2)[L],a2[L],(e1.#c1.#c3)[L],e3[L],(e1.#c1.#c2)[L],a2[L],(e1.#c1.#c3)[L],e3[L],(a.e.#c1.#c2)[L],a2[L],#c3[L],e3[L],#c2[L],a2[L],(e1.#c1.#c3)[L],e3[L],(#F-1.#F-2.a1)[L],#f2[L],(e1.#c1.a2)[L],#c3[L],a1[L],#f2[L],(e1.#c1.a2)[L],#c3[L],(#f.#c.#c1.a.a1)[L],#f2[L],a2[L],#c3[L],a1[L],#f2[L],(e1.#c1.a2)[L],#c3[L],(#G-1.#G-2.#c2)[L],#g2[L],(e1.#c1.#c3)[L],#d3[L],#c2[L],#g2[L],(e1.#c1.#c3)[L],#d3[L],(#g.#d.#c1.#c2)[L],#g2[L],#c3[L],#d3[L],#c2[L],"]},{"id":3,"baseBeats":0.5,"scores":["#g2[L],#c3[L],#d3[L],(#c.#C-1.f1.#c1.#c2)[L],#g2[L],#c3[L],f3[L],#c2[L],#g2[L],(#f1.#c1.#c3)[L],f3[L],(#c1.#g.#c2)[L],#g2[L],#c3[L],f3[L],(#g1.#c1.#c2)[L],#g2[L],#c3[L],f3[L],(A-1.A-2.#g1.e1.#c2)[L],a2[L],#c3[L],(#c4.e3)[L],(a.e.#c2)[L],a2[L],(e1.a.#c3)[L],(#c4.e3)[L],(A-1.#c2)[L],a2[L],#c3[L],(#c4.e3)[L],(a.e.#f1.#c1.#c2)[L],a2[L],#c3[L],(#c4.e3)[L],(#F-1.#F-2.a1)[L],#f2[L],(b1.#f1.a2)[L],(#f3.#c3)[L],(#f.#c.a1)[L],#f2[L],(a1.#f1.a2)[L],(#f3.#c3)[L],(#F-1.#g1.#c1.a1)[L],#f2[L],(a1.#c1.a2)[L],(#f3.#c3)[L],(#f.#c.#g1.#c1.a1)[L],#f2[L],a2[L],(#f3.#c3)[L],(#G-1.#G-2.#g1.#d1.#c2)[L],#g2[L],#c3[L],(#g3.#d3)[L],(#g.#d.#c2)[L],#g2[L],(e1.c1.#c3)[L],(#g3.#d3)[L],(#G-1.#c2)[L],#g2[L],#c3[L],(#g3.#d3)[L],(#g.#d.#f1.c1.#c2)[L],#g2[L],#c3[L],(#g3.#d3)[L],(#c.#C-1.#c2)[L],#g2[L],(b1.#g1.#c3)[L],(#g3.f3)[L],(#c1.#g.#c2)[L],#g2[L],(a1.#f1.#c3)[L],(#g3.f3)[L],(#c.#g1.e1.#c2)[L],#g2[L],(a1.#f1.#c3)[L],(#g3.f3)[L],(#c1.#g.#g1.e1.#c2)[L],#g2[L],#c3[L],(#g3.f3)[L],(A-1.A-2.#c2)[L],a2[L],(b1.e1.#c3)[L],(b1.e1.#c4.e3)[L],(a.e.b1.e1.#c2)[L],a2[L],(b1.e1.#c3)[L],(#c4.e3)[L],(A-1.#c2.e1.#c2)[L],a2[L],(b1.e1.#c3)[L],(#c4.e3)[L],(a.e.b1.e1.#c2)[L],a2[L],(#g1.e1.#c3)[L],(#c4.e3)[L],(#F-1.#F-2.#g1.#c1.a1)[L],#f2[L],(#f1.#c1.a2)[L],(#f3.#c3)[L],(#f.#c.#f1.#c1.a1)[L],#f2[L],(e1.#c1.a2)[L],(#f3.#c3)[L],(#F-1.e1.#c1.a1)[L],#f2[L],(#f1.#c1.a2)[L],(#f3.#c3)[L],(#f.#c.#g1.#c1.a1)[L],#f2[L],(#f1.#c1.a2)[L],(#f3.#c3)[L],(#G-1.#G-2.#c2)[L],#g2[L],#c3[L],(#g3.#d3)[L],(#g.#d.#c2)[L],#g2[L],(#f1.c1.#c3)[L],(#g3.#d3)[L],(#G-1.#c2)[L],#g2[L],#c3[L],(#g3.#d3)[L],(#g.#d.#g1.c1.#c2)[L],#g2[L],#c3[L],(#g3.#d3)[L],(#G-1.#G-2.c2)[L],#g2[L],c3[L],(#g3.#d3)[L],(#g.#d.c2)[L],#g2[L],c3[L],(#g3.#d3)[L],(#G-1.#d2)[L],c3[L],#d3[L],(#d4.#g3)[L],(#g.#d.#d2)[L],c3[L],#d3[L],(#d4.#g3)[L],(#G-1.#G-2.#g4.#d4.#g3)[J],(#d4.c5)[L],(c4.#g4)[L],(#g3.#d4)[L],(#d3.c4)[L],(c3.#g3)[L],(#g2.#d3)[L],(#d2.c3)[L],(c2.#g2)[L],(#g1.#d2)[L],(#d1.c2)[L],(c1.#g1)[L],(#g.#d1)[L],(#g.#G-1.#g1.#d1.c1)[K],(#g1.#d1.c1)[L],(#g1.#d1.c1)[L],(#g.#G-1.#g1.#d1.c1)[K],(#g1.#d1.c1)[K],(#G-1.#G-2)[K],(#g2.#d2.#g1)[K],(#G-1.#G-2.b2.#g2.b1)[K],(#c3.#g2.#c2)[K],#C-1[J],(#c1.#g.#f2.#c2.#f1)[K],(#c.#f2.#c2.#f1)[K],(#f2.#c2.#f1)[K],#c[K],(#c1.#g.#f2.#c2.#f1)[K],(#c.#f2.#c2.#f1)[K],(#F-1.#f2.#c2.#f1)[J],(#f1.#c1.#f2.#c2.#f1)[K],(#f.#f2.#c2.#f1)[J],(#f.#g2.#c2.#g1)[K],(#f1.#c1.b2.#f2.b1)[K],(#f.#c3.#g2.#c2)[K],#C-1[J],(#c1.#g.#f2.#c2.#f1)[K],(#c.#f2.#c2.#f1)[K],(#f2.#c2.#f1)[K],#c[K],(#c1.#g.#f2.#c2.#f1)[K],(#c.#f2.#c2.#f1)[K],(#F-1.#f2.#c2.#f1)[J],(#f1.#c1.#f2.#c2.#f1)[K],(#f.#f2.#c2.#f1)[J],#f[K],(#f1.#c1)[K],#f[K],(A-1.#g2.#c2.#g1)[K],(e2.#c2.e1)[K],(a1.e1.#f2.#c2.#f1)[K],(a.#c2.#f1.#c1)[K],(e2.#c2.e1)[K],a[K],(a1.e1)[K],a[K],(#F-1.#g2.#c2.#g1)[K],(e2.#c2.e1)[K],(#f1.#c1.#f2.#c2.#f1)[K],(#f.#c2.#f1.#c1)[K],(e2.#c2.e1)[K],#f[K],(#f1.#c1.b2.e2.b1)[K],(#f.b2.e2.b1)[K],#G-1[K],(#g2.#d2.#g1)[K],(#g1.#d1)[K],#g[J],#g[K],(#g1.#d1)[K],#g[K],(#G-1.#c3.#g2.#d2)[J],(#g1.#d1.#c3.#g2.#d2)[K],#g[K],(#c3.#g2.#d2)[K],(#g.#c3.#g2.#d2)[K],(#g1.#d1.#c3.#g2.#d2)[K],(#G-1.#G-2)[K],(#C-1.#C-2)[K],#c[K],(#c1.#g.e.#f2.#c2.#f1)[K],(#c.#f2.#c2.#f1)[K],(#C-1.#f2.#c2.#f1)[K],#c[K],(#c1.#g.e.#f2.#c2.#f1)[K],(#c.#f2.#c2.#f1)[K],(#F-1.#F-2.#f2.#c2.#f1)[K],#f[K],(#f1.#c1.#a.#f2.#c2.#f1)[K],(#f.#f2.#c2.#f1)[K],#F-1[K],(#f.#g2.#c2.#g1)[K],(#f1.#c1.#a.b2.#f2.b1)[K],(#f.#c3.#g2.#c2)[K],(#C-1.#C-2)[K],#c[K],(#c1.#g.e.#f2.#c2.#f1)[K],(#c.#f2.#c2.#f1)[K],(#C-1.#f2.#c2.#f1)[K],#c[K],(#c1.#g.e.#f2.#c2.#f1)[K],(#c.#f2.#c2.#f1)[K],(#F-1.#F-2.#f2.#c2.#f1)[K],#f[K],(#f1.#c1.#a.#f2.#c2.#f1)[K],(#f.#f2.#c2.#f1)[K],#F-1[K],#f[K],(#f1.#c1.#a)[K],#f[K],(A-1.A-2.#g2.#c2.#g1)[K],(a.e2.#c2.e1)[K],(a1.e1.#c1.#f2.#c2.#f1)[K],(a.#c2.#f1.#c1)[K],(A-1.e2.#c2.e1)[K],a[K],(a1.e1.#c1)[K],a[K],(#F-1.#F-2.#g2.#c2.#g1)[K],(#f.e2.#c2.e1)[K],(#f1.#c1.a.#f2.#c2.#f1)[K],(#f.#c2.#f1.#c1)[K],(#F-1.e2.#c2.e1)[K],#f[K],(#f1.#c1.a.b2.e2.b1)[K],(#f.b2.e2.b1)[K],(#G-1.#G-2)[K],(#g.#g2.#d2.#g1)[K],(#g1.#d1.c1)[K],#g[K],#G-1[K],#g[K],(#g1.#d1.c1)[K],#g[K],(#G-1.#G-2.#c3.#g2.#d2)[K],#g[K],(#g1.#d1.c1.#c3.#g2.#d2)[K],#g[K],(#g1.#d1.c1.#c3.#g2.#d2)[K],(#c3.#g2.#d2)[K],(#G-1.#G-2.#c3.#g2.#d2)[J],(#C-1.#C-2)[K],#c[K],(#c1.#g.e.#f2.#c2.#f1)[K],(#c.#f2.#c2.#f1)[K],(#C-1.#f2.#c2.#f1)[K],#c[K],(#c1.#g.e.#f2.#c2.#f1)[K],(#c.#f2.#c2.#f1)[K],(#F-1.#F-2.#f2.#c2.#f1)[K],#f[K],(#f1.#c1.#a.#f2.#c2.#f1)[K],(#f.#f2.#c2.#f1)[K],#F-1[K],(#f.#g2.#c2.#g1)[K],(#f1.#c1.#a.b2.#f2.b1)[K],(#f.#c3.#g2.#c2)[K],(#C-1.#C-2)[K],#c[K],(#c1.#g.e.#f2.#c2.#f1)[K],(#c.#f2.#c2.#f1)[K],(#C-1.#f2.#c2.#f1)[K],#c[K],(#c1.#g.e.#f2.#c2.#f1)[K],(#c.#f2.#c2.#f1)[K],(#F-1.#F-2.#f2.#c2.#f1)[K],#f[K],(#f1.#c1.#a.#f2.#c2.#f1)[K],(#f.#f2.#c2.#f1)[K],#F-1[K],#f[K],(#f1.#c1.#a)[K],#f[K],(A-1.A-2.#g2.#c2.#g1)[K],(a.e2.#c2.e1)[K],(a1.e1.#c1.#f2.#c2.#f1)[K],(a.#c2.#f1.#c1)[K],(A-1.e2.#c2.e1)[K],a[K],(a1.e1.#c1)[K],a[K],(#F-1.#F-2.#g2.#c2.#g1)[K],(#f.e2.#c2.e1)[K],(#f1.#c1.a.#f2.#c2.#f1)[K],(#f.#c2.#f1.#c1)[K],(#F-1.e2.#c2.e1)[K],#f[K],(#f1.#c1.a.b2.e2.b1)[K],(#f.b2.e2.b1)[K],(#G-1.#G-2)[K],(#g.#g2.#d2.#g1)[K],(#g1.#d1.c1)[K],#g[K],#G-1[K],#g[K],(#g1.#d1.c1)[K],#g[K],(#G-1.#G-2.#c3.#g2.#d2)[K],#g[K],(#g1.#d1.c1.#c3.#g2.#d2)[K],#g[K],(#g1.#d1.c1.#c3.#g2.#d2)[K],(#c3.#g2.#d2)[K],(#G-1.#G-2.#c3.#g2.#d2)[J],(#C-1.#C-2)[K],#c[K],(#c1.#g.e.#f2.#c2.#f1)[K],(#c.#f2.#c2.#f1)[K],(#C-1.#f2.#c2.#f1)[K],#c[K],(#c1.#g.e.#f2.#c2.#f1)[K],(#c.#f2.#c2.#f1)[K],(#F-1.#F-2.#f2.#c2.#f1)[K],#f[K],(#f1.#c1.#a.#f2.#c2.#f1)[K],(#f.#f2.#c2.#f1)[K],#F-1[K],(#f.#g2.#c2.#g1)[K],(#f1.#c1.#a.b2.#f2.b1)[K],(#f.#c3.#g2.#c2)[K],(#C-1.#C-2)[K],#c[K],(#c1.#g.e.#f2.#c2.#f1)[K],(#c.#f2.#c2.#f1)[K],(#C-1.#f2.#c2.#f1)[K],#c[K],(#c1.#g.e.#f2.#c2.#f1)[K],(#c.#f2.#c2.#f1)[K],(#F-1.#F-2.#f2.#c2.#f1)[K],#f[K],(#f1.#c1.#a.#f2.#c2.#f1)[K],(#f.#f2.#c2.#f1)[K],#F-1[K],#f[K],(#f1.#c1.#a)[K],#f[K],(A-1.A-2.#g2.#c2.#g1)[K],(a.e2.#c2.e1)[K],(a1.e1.#c1.#f2.#c2.#f1)[K],(a.#c2.#f1.#c1)[K],(A-1.e2.#c2.e1)[K],a[K],(a1.e1.#c1)[K],a[K],(#F-1.#F-2.#g2.#c2.#g1)[K],(#f.e2.#c2.e1)[K],(#f1.#c1.a.#f2.#c2.#f1)[K],(#f.#c2.#f1.#c1)[K],(#F-1.e2.#c2.e1)[K],#f[K],(#f1.#c1.a.b2.e2.b1)[K],(#f.b2.#g2.e2.b1)[K],(#G-1.#G-2.b2.#g2.b1)[K],(#g.a2.#f2.a1)[K],(#g1.#d1.c1.#g2.#d2.#g1)[K],(#g.a2.#f2.a1)[K],(#G-1.#g2.#d2.#g1)[K],#g[K],(#g1.#d1.c1.b2.#d2.b1)[K],#g[K],(#G-1.#G-2.#c3.#g2.#d2.#c2)[K],#g[K],(#g1.#d1.c1.#c3.#g2.#d2)[K],#g[K],(#g1.#d1.c1.#c3.#g2.#d2)[K],(#c3.#g2.#d2)[K],(#G-1.#G-2.#c3.#g2.#d2)[HI],R,"]}],"audition":{"start":[0,0],"end":[0,8]}}