{"baseBpm":280,"musics":[{"bpm":132,"baseBeats":0.25,"scores":["(#G-1.#g.#g2.#g1)[M],#f2[M],e2[M],#d2[M],(#C-1.#c.#c2.#c3)[M],#d2[M],c2[M],#c2[M],(#f1.a1.#d2)[M],e2[M],#c2[M],#d2[M],(e1.#g1.e2)[M],#f2[M],#d2[M],e2[M],(#d1.#f1.#f2)[M],#g2[M],e2[M],#f2[M],(#c1.e1.#g2)[M],a2[M],#g2[M],#c3[M],(a.#c1.#f1.#f2)[M],#g2[M],#f2[M],#c3[M],(#g.#c1.e1.e2)[M],#f2[M],e2[M],#c3[M],(#f.#c1.#d1.#d2)[M],e2[M],#d2[M],#c3[M],5<(#c.#c2)[N],#g[N]>,(e1.#g2)[M],e3[M],a2[M],5<(#G-1.c2)[N],#f[N]>,(c1.#f2)[M],#d3[M],#g2[M],(#c.e.#c1.#g1)[M],e2[M],#c3[M],#f2[M],(#G-1.#g.#g1)[M],#d2[M],c3[M],e2[M],(#C-1.#c.#c2.#c3)[MN],(A-1.a.a1)[M],a2[M],(#G-1.#g.#g1)[M],#g2[M],(G-1.g.g1)[M],g2[M],(#G-1.#g.#g1)[M],#g2[M],(#C-1.#c.#c1)[M],#c2[M],(#D-1.#d.#c1.#d1.g1.#a1.#d2)[M],#c[M],B-1[M],#A-1[M],(#G-1.b.#d1.#g1.b1)[M],#A-1[M],G-1[M],#G-1[M],(#A-1.#c1.#d1.g1)[M],B-1[M],#G-1[M],#A-1[M],(B-1.b.#d1.#g1)[M],#c[M],#A-1[M],B-1[M],(#c.#a.e1.#g1)[M],#d[M],B-1[M],#c[M],(#d.b.#d1.#g1)[M],e[M],#d[M],#g[M],(#c.#c1.e1.#g1)[M],#d[M],#c[M],#g[M],(B-1.#d1.#g1)[M],#c[M],B-1[M],#g[M],(#A-1.#c1.#d1.#a1)[M],B-1[M],#A-1[M],g[M],(#G-1.b.#d1.#g1.b1)[M],e[M],b[M],#d[M],(G-1.#d2.#a2.#d3)[M],e[M],#a[M],#d[M],(#G-1.#g2.b2)[M],e[M],b[M],#d[M],(#F-1.#d1.#a1.#d2)[M],e[M],#a[M],#d[M],(#G-1.#g.#g1.b1)[MN],(#c1.e1)[M],g1[M],(b.#d1)[M],#g1[M],(e1.g1)[M],#a1[M],(#d1.#f1)[M],b1[M],(#f1.a1)[M],c2[M],(e1.#g1)[M],#c2[M],(#g.#d1.#f1.c2)[M],#d2[M],(#c1.e1.#c2)[M],#d2[M],c2[M],#c2[M],(#f1.a1.#d2)[M],e2[M],#c2[M],#d2[M],(e1.#g1.e2)[M],#f2[M],#d2[M],e2[M],(#d1.#f1.#f2)[M],#g2[M],e2[M],#f2[M],(#c1.e1.#g2)[M],a2[M],#g2[M],#c3[M],(a.#c1.#f1.#f2)[M],#g2[M],#f2[M],#c3[M],(#g.#c1.e1.e2)[M],#f2[M],e2[M],#c3[M],(#f.#c1.#d1.#d2)[M],e2[M],#d2[M],#c3[M],5<(#c.#c2)[N],#g[N]>,(e1.#g2)[M],e3[M],a2[M],5<(#G-1.c2)[N],#f[N]>,(c1.#f2)[M],#d3[M],#g2[M],5<(A-1.#g1)[N],e[N]>,(#c1.#d2)[M],#c3[M],e2[M],(f.b.d1.f1.#g1)[M],#c2[M],b2[M],d2[M],(#f.a.#c1.#f1.a1)[M],#c2[M],(d.d1.a2)[M],#f2[M],(#c.#c1.a2)[M],#c3[M],(A-1.a.a3)[M],#f3[M],(#F-1.#f.#c3)[M],a2[M],(#C-1.#c.#f2)[M],#c2[M],(D-1.d.a1)[M],#f1[M],d1[M],a[M],(F-1.#g1.b.d1)[M],#F-1[M],E-1[M],F-1[M],(#F-1.#f1)[M],#G-1[M],F-1[M],#F-1[M],(#G-1.f1)[M],A-1[M],#F-1[M],#G-1[M],(A-1.#f1.a.d1)[M],B-1[M],A-1[M],B-1[M],(F-1.#g1.b.d1)[M],#F-1[M],E-1[M],F-1[M],(#F-1.#f1)[M],#G-1[M],F-1[M],#F-1[M],(#G-1.f1)[M],A-1[M],#F-1[M],#G-1[M],(A-1.#f1.a.d1)[M],B-1[M],A-1[M],B-1[M],(c.#d2.#f1.a1)[M],#c[M],B-1[M],c[M],(#c.#c2)[M],#d[M],c[M],#c[M],(#d.c2)[M],e[M],#c[M],#d[M],(e.#c2.e1.#g1)[M],#f[M],#d[M],e[M],(#f.a1.#d1)[M],#g[M],e[M],#f[M],(#g.#g1.c2)[M],a[M],#g[M],#f[M],(e.e1.#g1.#c2)[M],#d[M],#c[M],B-1[M],(A-1.#c2.#c3)[M],#G-1[M],#F-1[M],E-1[M],(#D-1.g1)[M],#g1[M],f1[M],g1[M],(b.#d1.#g1)[M],#a1[M],g1[M],#g1[M],(#a.#c1.#a1)[M],b1[M],#g1[M],#a1[M],(#g.b.b1)[M],#c2[M],#a1[M],b1[M],(#d.g.#a.#c2)[M],#d2[M],#c2[M],#a2[M],(#d.#g.b.b1)[M],#c2[M],b1[M],#g2[M],(#d.#a.#c1.#a1)[M],b1[M],#a1[M],g2[M],(e.e1.#g1)[M],#a1[M],#g1[M],#g2[M],(G-1.e1.#a1.#c2)[M],#G-1[M],F-1[M],G-1[M],(#G-1.#d1.#g1.b1)[M],#A-1[M],G-1[M],#G-1[M],(#A-1.#c1.g1.#a1)[M],B-1[M],#G-1[M],#A-1[M],(B-1.b.#d1.#g1)[M],#c[M],#A-1[M],B-1[M],(#c.#a.e1.g1)[M],#d[M],#c[M],#a[M],(B-1.b.#d1.#g1)[M],#c[M],B-1[M],#g[M],(#A-1.#c1.#d1.#a1)[M],B-1[M],#A-1[M],g[M],(A-1.#d2.#d3)[M],#A-1[M],A-1[M],#f[M],(F-1.f.a1)[M],#a1[M],#g1[M],a1[M],(#c1.f1.#a1)[M],c2[M],a1[M],#a1[M],(c1.#d1.c2)[M],#c2[M],#a1[M],c2[M],(#a.#c1.#c2)[M],#d2[M],c2[M],#c2[M],(f.a.c1.#d2)[M],f2[M],#d2[M],c3[M],(f.#a.#c1.#c2)[M],#d2[M],#c2[M],#a2[M],(f.c1.#d1.c2)[M],#c2[M],c2[M],a2[M],(#f.#f1.#a1)[M],c2[M],#a1[M],#a2[M],(A-1.#f1.c2.#d2)[M],#A-1[M],#G-1[M],A-1[M],(#A-1.f1.#a1.#c2)[M],c[M],A-1[M],#A-1[M],(c.#d1.a1.c2)[M],#c[M],#A-1[M],c[M],(#c.#c1.f1.#a1)[M],#d[M],c[M],#c[M],(d.b.f1.#g1)[M],#d[M],#c[M],d[M],(#d.#a.#d1.#f1)[M],f[M],d[M],#d[M],(f.#a.#c1.f1)[M],#f[M],e[M],f[M],(#f.#a.c1.e1)[M],#g[M],f[M],#f[M],(f.a.f1.c1)[M],#f1[M],e1[M],f1[M],(e.#a.#f1.#c1)[M],#g1[M],f1[M],#f1[M],(#d.#a.g1.#c1)[M],#g1[M],#f1[M],g1[M],(#G-1.#g.#g1.#g2)[M],#a1[M],g1[M],#g1[M],(#g.c1.#d1)[M],#a1[M],g1[M],#g1[M],(g.#c1.a1.#d1)[M],#a1[M],#g1[M],a1[M],(#f.#c1.#a1.#d1)[M],b1[M],a1[M],#a1[M],(B-1.b.b1.b2)[M],c2[M],#a1[M],b1[M],(b.#d1.b1.#f1)[M],c2[M],#a1[M],b1[M],(b.e1.c2.g1)[M],#c2[M],b1[M],c2[M],(b.f1.#c2.#g1)[M],d2[M],c2[M],#c2[M],(b.#f1.d2.a1)[M],#d2[M],#c2[M],d2[M],(b.g1.#d2.#a1)[M],e2[M],d2[M],#d2[M],(b.#g1.e2.b1)[M],f2[M],#d2[M],e2[M],(b.a1.f2.c2)[M],#f2[M],e2[M],f2[M],(b.#a1.#f2.#c2)[M],g2[M],#f2[M],e2[M],(b.b1.#d2)[M],e2[M],d2[M],#d2[M],(g1.e2.b1)[M],(#f1.#f2)[M],(g1.#d2)[M],(b.e2)[M],(c1.a2.e2)[M],b2[M],#g2[M],a2[M],(#f1.d2.a1)[M],(f1.e2)[M],(#f1.#c2)[M],(a.#d2)[M],(b.g2.d2)[M],a2[M],#f2[M],g2[M],(e1.c2.g1)[M],(#d1.d2)[M],(e1.b1)[M],(g.c2)[M],(a.#f2.c2)[M],g2[M],f2[M],#f2[M],(#d1.b1.#f1)[M],(d1.c2)[M],(#d1.#a1)[M],(#f.b1)[M],(g.e2.b1)[M],(a.c2)[M],(#f.a1)[M],(g.b1)[M],(#f.d2.a1)[M],(g.b1)[M],(e.g1)[M],(#f.a1)[M],(e.c2.g1)[M],(#f.a1)[M],(d.#f1)[M],(e.g1)[M],(d.b1.#f1)[M],(e.g1)[M],(c.e1)[M],(d.#f1)[M],(c.a1.e1)[M],(d.#f1)[M],(B-1.d1)[M],(c.e1)[M],(B-1.g1.d1)[M],(c.e1)[M],(A-1.c1)[M],(B-1.d1)[M],(A-1.#f1.c1)[M],(B-1.d1)[M],(G-1.b)[M],(A-1.c1)[M],(G-1.e1.b)[M],(A-1.c1)[M],(#F-1.a)[M],(G-1.b)[M],"],"id":1,"instruments":["piano","piano"],"alternatives":["",""]},{"bpm":132,"baseBeats":0.25,"scores":["(F-1.#g.b.d1.#g1)[L],(#c.b.#g1.b1)[M],d[M],c[M],#c[M],#c[M],d[M],c[M],#c[M],(#c.#g1.b1.#g2)[M],d[M],c[M],#c[M],#c[M],d[M],c[M],#c[M],(#c.b1.#g2.b2)[M],d[M],c[M],#c[M],(#c.#g2.b2.#g3)[M],d[M],c[M],#c[M],#c[M],d[M],(c.#f2.b2.#f3)[M],#c[M],(d.f2.b2.f3)[LM],(#g2.b2)[M],(d2.#c3)[M],(b1.b2)[M],(f1.#g3)[M],(f2.#g2)[M],(b1.#a2)[M],(#g1.#g2)[M],(d1.f3)[M],(d2.f2)[M],(#g1.#f2)[M],(f1.f2)[M],(b.d3)[M],(b1.d2)[M],(f1.e2)[M],(d1.d2)[M],(#g.b2)[M],(#g1.b1)[M],(d1.#c2)[M],(b.b1)[M],(f.#g2)[M],(f1.#g1)[M],(b.#a1)[M],(#g.#g1)[M],(d.f2)[M],(d1.f1)[M],(#g.#f1)[M],(f.f1)[M],(B-1.d2)[M],(G-1.e1.#a1.#c2)[LM],(#d.#c1.#a1.#c2)[M],e[M],d[M],#d[M],#d[M],e[M],d[M],#d[M],(#d.#a1.#c2.#a2)[M],e[M],d[M],#d[M],#d[M],e[M],d[M],#d[M],(#d.#c2.#a2.#c3)[M],e[M],d[M],#d[M],(#d.#a2.#c3.#a3)[M],e[M],d[M],#d[M],#d[M],e[M],(d.#g2.#c3.#g3)[M],#d[M],(e.g2.#c3.g3)[LM],(g2.#c3)[M],(#c2.#d3)[M],(#a1.#c3)[M],(e1.#a3)[M],(e2.#a2)[M],(#a1.c3)[M],(g1.#a2)[M],(#c1.g3)[M],(#c2.g2)[M],(g1.#g2)[M],(e1.g2)[M],(#a.e3)[M],(#a1.e2)[M],(e1.#f2)[M],(#c1.e2)[M],(g.#c3)[M],(g1.#c2)[M],(#c1.#d2)[M],(#a.#c2)[M],(e.#a2)[M],(e1.#a1)[M],(#a.c2)[M],(g.#a1)[M],(#c.g2)[M],(#c1.g1)[M],(g.#g1)[M],(e.g1)[M],(#A-1.e2)[M],(B-1.#d1)[M],(#d.#d2)[M],(g.e2)[M],(#g.#d2)[M],(#a.#c2)[M],(b.b1)[M],(#c1.#a1)[M],(#d1.#g1)[M],(e1.g1)[M],(#a.#g1)[M],(g.g1)[M],(#c.e2)[M],(#c1.e1)[M],(g.#f1)[M],(e.e1)[M],(#A-1.#c2)[M],(B-1.#d1)[M],(#d.#d2)[M],(g.e2)[M],(#g.#d2)[M],(#a.#c2)[M],(b.b1)[M],(#c1.#a1)[M],(#d1.#g1)[M],(#f1.a1)[M],(c1.#a1)[M],(a.a1)[M],(#d.#f2)[M],(#d1.#f1)[M],(a.#g1)[M],(#f.#f1)[M],(c.#d2)[M],(#c.f1)[M],(f.f2)[M],(a.#f2)[M],(#a.f2)[M],(c1.#d2)[M],(#c1.#c2)[M],(#d1.c2)[M],(f1.#a1)[M],(#g1.b1)[M],(d1.#c2)[M],(b.b1)[M],(f.#g2)[M],(f1.#g1)[M],(b.#a1)[M],(#g.#g1)[M],(d.f2)[M],(a1.c2)[M],(#d1.#c2)[M],(c1.c2)[M],(#f.a2)[M],(#f1.a1)[M],(c1.#a1)[M],(a.a1)[M],(#d.#f2)[M],(#a1.#c2)[M],(e1.#d2)[M],(#c1.#c2)[M],(g.#a2)[M],(g1.#a1)[M],(#c1.c2)[M],(#a.#a1)[M],(e.g2)[M],(a1.#g.#d1.#f1.c2)[M],#d2[M],#f2[M],a2[M],(#g1.c3)[M],#d3[M],#f3[M],a3[M],c4[M],#d3[M],e3[M],#g3[M],#f3[M],(c2.c3)[M],(#c2.#c3)[M],(e2.e3)[M],(#d2.#d3)[M],(#f1.#f2)[M],(#g1.#g2)[M],(b1.b2)[M],(a1.a2)[M],(c1.c2)[M],(#c1.#c2)[M],(e1.e2)[M],(#d1.#d2)[M],(#f.#f1)[M],(#g.#g1)[M],(b.b1)[M],(a.a1)[M],(#f.#f1)[M],(d.d1)[M],(#c.#c1)[M],(C-1.c.#g.#d1.#f1.#g1)[MN],#d1[M],e1[M],f1[M],#f1[M],f1[M],#f1[M],g1[M],#g1[M],#f1[M],g1[M],#g1[M],a1[M],#d1[M],e1[M],5<(#G-1.f1)[N],#d[N]>,5<(#f.#f1)[N],c1[N]>,e1[M],f1[M],#f1[M],g1[M],f1[M],#f1[M],g1[M],#g1[M],#f1[M],g1[M],#g1[M],a1[M],#d1[M],e1[M],5<(#G-1.f1)[N],#d[N]>,5<(#f.#f1)[N],c1[N]>,e1[M],f1[M],#f1[M],g1[M],f1[M],#f1[M],g1[M],#g1[M],#f1[M],g1[M],#g1[M],a1[M],g1[M],#g1[M],a1[M],#a1[M],#g1[M],a1[M],#a1[M],b1[M],a1[M],#a1[M],b1[M],c2[M],#a1[M],b1[M],(#G-1.c2)[M],(#F-1.#c2)[M],(E-1.b1)[M],(#D-1.c2)[M],"],"id":2,"instruments":["piano","piano"],"alternatives":["",""]},{"bpm":132,"baseBeats":0.25,"scores":["(#C-1.#c2)[M],#d2[M],c2[M],#c2[M],(#f1.a1.#d2)[M],e2[M],#c2[M],#d2[M],(e1.#g1.e2)[M],#f2[M],#d2[M],e2[M],(#d1.#f1.#f2)[M],#g2[M],e2[M],#f2[M],(#c1.e1.#g2)[M],a2[M],#g2[M],#c3[M],(a.#c1.#f1.#f2)[M],#g2[M],#f2[M],#c3[M],(#g.#c1.e1.e2)[M],#f2[M],e2[M],#c3[M],(#f.#c1.#d1.#d2)[M],e2[M],#d2[M],#c3[M],5<(#c.#c2)[N],#g[N]>,(e1.#g2)[M],e3[M],a2[M],5<(#G-1.c2)[N],#f[N]>,(c1.#f2)[M],#d3[M],#g2[M],(#c.e.#c1.#g1)[M],e2[M],#c3[M],#f2[M],(#G-1.#g.#g1)[M],#d2[M],c3[M],e2[M],(#C-1.#c.#c2.#c3)[MN],(A-1.a.a1)[M],a2[M],(#G-1.#g.#g1)[M],#g2[M],(G-1.g.g1)[M],g2[M],(#G-1.#g.#g1)[M],#g2[M],(#C-1.#c.#c1)[M],#c2[M],(#D-1.#d.#c1.#d1.g1.#a1.#d2)[M],#c[M],B-1[M],#A-1[M],(#G-1.b.#d1.#g1.b1)[M],#A-1[M],G-1[M],#G-1[M],(#A-1.#c1.#d1.g1)[M],B-1[M],#G-1[M],#A-1[M],(B-1.b.#d1.#g1)[M],#c[M],#A-1[M],B-1[M],(#c.#a.e1.#g1)[M],#d[M],B-1[M],#c[M],(#d.b.#d1.#g1)[M],e[M],#d[M],#g[M],(#c.#c1.e1.#g1)[M],#d[M],#c[M],#g[M],(B-1.#d1.#g1)[M],#c[M],B-1[M],#g[M],(#A-1.#c1.#d1.#a1)[M],B-1[M],#A-1[M],g[M],(#G-1.b.#d1.#g1.b1)[M],e[M],b[M],#d[M],(G-1.#d2.#a2.#d3)[M],e[M],#a[M],#d[M],(#G-1.#g2.b2)[M],e[M],b[M],#d[M],(#F-1.#d1.#a1.#d2)[M],e[M],#a[M],#d[M],(#G-1.#g.#g1.b1)[MN],(#c1.e1)[M],g1[M],(b.#d1)[M],#g1[M],(e1.g1)[M],#a1[M],(#d1.#f1)[M],b1[M],(#f1.a1)[M],c2[M],(e1.#g1)[M],#c2[M],(#g.#d1.#f1.c2)[M],#d2[M],(#c1.e1.#c2)[M],#d2[M],c2[M],#c2[M],(#f1.a1.#d2)[M],e2[M],#c2[M],#d2[M],(e1.#g1.e2)[M],#f2[M],#d2[M],e2[M],(#d1.#f1.#f2)[M],#g2[M],e2[M],#f2[M],(#c1.e1.#g2)[M],a2[M],#g2[M],#c3[M],(a.#c1.#f1.#f2)[M],#g2[M],#f2[M],#c3[M],(#g.#c1.e1.e2)[M],#f2[M],e2[M],#c3[M],(#f.#c1.#d1.#d2)[M],e2[M],#d2[M],#c3[M],5<(#c.#c2)[N],#g[N]>,(e1.#g2)[M],e3[M],a2[M],5<(#G-1.c2)[N],#f[N]>,(c1.#f2)[M],#d3[M],#g2[M],(A-1.#g1)[N],e[N],(#c1.#d2)[M],#c3[M],e2[M],(f.b.d1.f1.#g1)[M],#c2[M],b2[M],d2[M],(#f.a.#c1.#f1.a1)[M],#c2[M],(d.d1.a2)[M],#f2[M],(#c.#c1.a2)[M],#c3[M],(A-1.a.a3)[M],#f3[M],(#F-1.#f.#c3)[M],a2[M],(#C-1.#c.#f2)[M],#c2[M],(D-1.d.a1)[M],#f1[M],d1[M],a[M],(F-1.#g1.b.d1)[M],#F-1[M],E-1[M],F-1[M],(#F-1.#f1)[M],#G-1[M],F-1[M],#F-1[M],(#G-1.f1)[M],A-1[M],#F-1[M],#G-1[M],(A-1.#f1.a.d1)[M],B-1[M],A-1[M],B-1[M],(F-1.#g1.b.d1)[M],#F-1[M],E-1[M],F-1[M],(#F-1.#f1)[M],#G-1[M],F-1[M],#F-1[M],(#G-1.f1)[M],A-1[M],#F-1[M],#G-1[M],(A-1.#f1.#c1)[M],B-1[M],A-1[M],B-1[M],(c.#d2.#f1.a1)[M],#c[M],B-1[M],c[M],(#c.#c2)[M],#d[M],c[M],#c[M],(#d.c2)[M],e[M],#c[M],#d[M],(e.#c2.e1.a1)[M],#f[M],e[M],#f[M],(c.#d2.#f1.a1)[M],#c[M],B-1[M],c[M],(#c.#c2)[M],#d[M],c[M],#c[M],(#d.c2)[M],e[M],#c[M],#d[M],(f.b1.#c2.#c1.#g1)[M],#f[M],e[M],f[M],(#f.#c1.#f1.a1.#c2)[M],#g[M],f[M],#f[M],(#g.f1.b1.#c2)[M],a[M],#f[M],#g[M],(a.#f1.a1.#c2)[M],b[M],#g[M],a[M],(c1.#f1.a1.#d2)[M],#c1[M],b[M],c1[M],(#c1.e1.#g1.e2)[M],#d1[M],c1[M],#c1[M],(#d1.#g1.c2.#f2)[M],e1[M],#c1[M],#d1[M],(e1.#g1.#c2.#g2)[M],#f1[M],#d1[M],e1[M],(#f1.#c2.#d2.a2)[M],#g1[M],e1[M],#f1[M],(#g1.#c2.e2.#g2)[M],a1[M],#g1[M],#f1[M],e1[M],#d1[M],#c1[M],b[M],(a.#c2.e2.#g2.#c3)[M],#g[M],#f[M],e[M],(#d.e2.#g2.#c3.e3)[M],#c[M],B-1[M],A-1[M],(#G-1.#g2.#c3.e3.#g3)[M],#F-1[M],E-1[M],#D-1[M],(#C-1.#c3.e3.#g3.#c4)[M],B-2[M],A-2[M],#G-2[M],(#F-2.#F-1.a2.#c3.#d3.a3)[M],V,(#G-2.#G-1.c1.#f1.#g1.c2)[M],V,(#C-2.#C-1.#c1.e1.#g1.#c2)[LM],(#G-1.#g.#g2)[M],a2[M],(#C-1.#g2)[M],e3[M],(#A-1.#a.g2)[M],#g2[M],(#C-1.g2)[M],e3[M],(A-1.a.#f2)[M],#g2[M],(#C-1.#f2)[M],#d3[M],(#G-1.#g.f2)[M],#f2[M],(#C-1.f2)[M],d3[M],(#G-1.g.e2)[M],#f2[M],(#C-1.e2)[M],#c3[M],(#G-1.#f.#d2)[M],e2[M],(#C-1.#d2)[M],#c3[M],(#G-1.#d.#d2)[M],e2[M],(#C-1.#d2)[M],c3[M],(#G-1.e.#c2)[M],#d2[M],(#C-1.#c2)[M],#c3[M],(#G-1.#g.#g2)[M],a2[M],(#C-1.#g2)[M],e3[M],(#A-1.#a.g2)[M],#g2[M],(#C-1.g2)[M],e3[M],(A-1.a.#f2)[M],#g2[M],(#C-1.#f2)[M],#d3[M],(#G-1.#g.f2)[M],#f2[M],(#C-1.f2)[M],d3[M],(#G-1.g.e2)[M],#f2[M],(#C-1.e2)[M],#c3[M],(#G-1.#f.#d2)[M],e2[M],(#C-1.#d2)[M],#c3[M],(#G-1.#d.#d2)[M],e2[M],(#C-1.#d2)[M],c3[M],(#C-1.#G-1.e.#c2)[M],#d2[M],#c2[M],#c3[M],(#g1.#g2)[M],(g1.a2)[M],(#g1.#g2)[M],(#g.e3)[M],(g1.g2)[M],(#f1.#g2)[M],(g1.g2)[M],(#g.e3)[M],(#f1.#f2)[M],(f1.g2)[M],(#f1.#f2)[M],(#g.#d3)[M],(f1.f2)[M],(e1.#f2)[M],(f1.f2)[M],(#g.d3)[M],(e1.e2)[M],(#d1.#f2)[M],(e1.e2)[M],(#g.#c3)[M],(#d1.#d2)[M],(d1.e2)[M],(#d1.#d2)[M],(#g.c3)[M],(d1.d2)[M],(#c1.#d2)[M],(d1.d2)[M],(#g.b2)[M],(#c1.#c2)[M],(c1.d2)[M],(#c1.#c2)[M],(#G-1.#a2)[M],(c1.c2)[M],(b.#c2)[M],(c1.c2)[M],(#G-1.a2)[M],(b.b1)[M],(#a.c2)[M],(b.b1)[M],(#G-1.#g2)[M],(#a.#a1)[M],(a.b1)[M],(#a.#a1)[M],(#G-1.g2)[M],(a.a1)[M],(#g.#a1)[M],(a.a1)[M],(#G-1.#f2)[M],(#g.#g1)[M],(g.a1)[M],(#g.#g1)[M],(#G-1.f2)[M],(g.g1)[M],(#f.#g1)[M],(g.g1)[M],(#G-1.e2)[M],(#f.#f1)[M],(f.#g1)[M],(#f.#f1)[M],(#G-1.#d2)[M],5<(#C-1.e1.#c2)[N],#G-1[N]>,e[M],#g[M],e1[M],#c1[M],#c1[M],#g1[M],e2[M],#c2[M],#c2[M],#g2[M],e3[M],#c3[M],#c3[M],#g3[M],#c4[M],5<(#c.e4)[N],#g[N]>,(e1.#g3)[M],#c3[M],#c3[M],e3[M],#g2[M],#c2[M],#c2[M],e2[M],#g1[M],#c1[M],#c1[M],e1[M],#g[M],#c[M],#c[M],#C-1[K],(#c.#g.e1.#c2.e2.#g2.#c3)[KM],(#C-2.#C-1.#c.#c1)[M],(#C-2.#C-1.#c.#c1)[K],V,"],"id":3,"instruments":["piano","piano"],"alternatives":["",""]}],"audition":{"start":[0,0],"end":[1,95]}}