{"baseBpm":120,"musics":[{"id":1,"baseBeats":0.25,"scores":["#g1[K],b1[L],#c2[L],#d2[K], b1[K];e1[K],b1[L],#c2[L],#d2[K],b1[K];b1[K],b1[L],#c2[L],#d2[K],b1[K];#f1[K],e2[L],e2[L],#d2[L],#d2[L],#c2[L],#c2[L];#g1[K],b1[L],#c2[L],#d2[K], b1[K];e1[K],b1[L],#c2[L],#d2[K],b1[K];b1[K],b1[L],#c2[L],#d2[K],b1[K];#f1[K],e2[L],e2[L],#d2[L],#d2[L],#c2[L],#c2[L];U,U,(#g1.#c2)[L],(#g1.#d2)[L],(#g1.#c2)[L],(#g1.#c2)[L],(#g1.#c2)[L],(#g1.b1)[L];(e1.b1)[K],(e1.#c2)[KL],U,U,U;U,U,(#f1.#d2)[L],(#f1.#d2)[L],(#f1.#c2)[L],(#f1.#c2)[L],(#f1.#c2)[L],(#f1.b1)[L];(#f1.b1)[K],(#f1.b1)[K],(#c1.#g1)[K],(#c1.#g1)[K];U,(#d1.#g1)[L],(#g1.#d2)[L],(#g1.#d2)[L],(#g1.#c2)[L],(#g1.#c2)[L],(#g1.#c2)[L],(#g1.b1)[L];(e1.b1)[K],(e1.#c2)[K],U,U,U,U;U,(#f1.b1)[L],(#f1.#c2)[L],(#f1.#d2)[L],(#f1.#c2)[L],(#f1.#c2)[L],(#f1.#c2)[L],(#f1.b1)[L];(#f1.b1)[K],(#f1.b1)[K],(#c1.#g1)[K],(#c1.#g1)[K];U,U,(#d1.b1)[K],(#d1.b1)[K],(#d1.b1)[K];(e1.#c2)[K],(e1.b1.#d2)[L],(e1.b1.#d2)[K],(e1.#c2)[L],(e1.b1)[K];U,U,(#f1.b1)[K],(#f1.b1)[K],(#f1.b1)[K];(#f1.#c2)[K],(#f1.#d2)[L],(#f1.#d2)[K],(#f1.#c2)[L],(#f1.b1)[K];U,U,(#g1.#d2)[K],(#g1.b1)[K],(#d1.#g1)[K];(e1.b1)[K],(e1.#c2)[L],(e1.b1.#d2)[K],(e1.b1.e2)[L],(e1.b1.#d2)[K];U,U,(#f1.b1.#d2)[K],(#f1.b1)[K],(#f1.b1)[K];(#f1.#d2)[K],U,(#f1.#d2)[L],(#f1.#d2)[L],(#f1.#d2)[L],(#f1.b1)[K];#g1[K],b1[L],#c2[L],#d2[K], b1[K];e1[K],b1[L],#c2[L],#d2[K],b1[K];b1[K],b1[L],#c2[L],#d2[K],b1[K];#f1[K],e2[L],e2[L],#d2[L],#d2[L],#c2[L],#c2[L];U,(#g1.#d2)[L],(#g1.#d2)[L],(#g1.#d2)[L],(#g1.#d2)[L],(#g1.#d2)[L],(#g1.#d2)[L],(#g1.#d2)[L];(b1.e2)[K],(e1.b1)[K],(e1.#g1)[K],(e1.b1)[K];U,U,(#f1.#d2)[L],(#f1.#d2)[L],(#f1.#d2)[L],(#f1.#d2)[L],(#f1.#d2)[L],(#f1.#d2)[L];(#f1.#c2)[K],(#f1.#d2)[K],(#f1.#d2)[K],(#f1.b1)[K];U,U,(#g1.#d2)[L],(#g1.#d2)[L],(#g1.#d2)[L],(#g1.#d2)[L],(#g1.#d2)[L],(#g1.#d2)[L];(b1.e2)[K],(e1.b1)[K],(e1.#g1)[K],(e1.b1)[K];U,(#f1.#c2)[L],(#f1.#d2)[L],(#f1.#d2)[L],(#f1.#d2)[L],(#f1.#d2)[L],(#f1.#d2)[L],(#f1.#d2)[L];(#f1.#c2)[K],(#f1.b1)[K],(#f1.#a1)[K],U,U;U,U,(#g1.b1)[L],#a1[L],(#g1.b1)[K],(#g1.#c2)[K];U,U,(e1.b1)[L],(e1.#a1)[L],(e1.b1)[K],(e1.#c2)[K];U,U,(#f1.#d2)[K],(#f1.#c2)[K],(#f1.#d2)[K];(#f1.e2)[K],(#f1.#d2)[K],(#f1.#c2)[K],(#f1.b1)[K];U,U,(#g1.#d2)[K],(#g1.b1)[K],(#g1.#d2)[K];(e1.b1)[K],(e1.b1.#d2)[K],(e1.b1)[K],(e1.#g1)[K];(#f1.b1)[K],U,(#f1.b1)[L],(#f1.b1)[K],(#f1.b1)[K];(#f1.#c2)[K],U,U,(#d2.#g2)[L],(#c2.#f2)[K];","RRRR;(#G-1.#d.#g)[K],(#G-1.#d.#g)[L],(#G-1.#d.#g)[L],(#G-1.#d.#g)[L],(#G-1.#d.#g)[L],(#G-1.#d.#g)[L],(#G-1.#d.#g)[L];(E-1.B-1.e)[K],(E-1.B-1.e)[L],(E-1.B-1.e)[L],(E-1.B-1.e)[L],(E-1.B-1.e)[L],(E-1.B-1.e)[L],(E-1.B-1.e)[L];(B-1.#f.b)[K],(B-1.#f.b)[L],(B-1.#f.b)[L],(B-1.#f.b)[L],(B-1.#f.b)[L],(B-1.#f.b)[L],(B-1.#f.b)[L];(#F-1.#c.#f)[K],(#F-1.#c.#f)[L],(#F-1.#c.#f)[L],(#F-1.#c.#f)[L],(#F-1.#c.#f)[L],(#F-1.#c.#f)[L],(#F-1.#c.#f)[L];(#G-1.#d)[L],(#G-1.#d)[L],(#G-1.#d)[L],(#G-1.#d)[L],(#G-1.#d)[L],(#G-1.#d)[L],(#G-1.#d)[L],(#G-1.#d)[L];(E-1.B-1)[L],(E-1.B-1)[L],(E-1.B-1)[L],(E-1.B-1)[L],(E-1.B-1)[L],(E-1.B-1)[L],(E-1.B-1)[L],(E-1.B-1)[L];(B-1.#f)[L],(B-1.#f)[L],(B-1.#f)[L],(B-1.#f)[L],(B-1.#f)[L],(B-1.#f)[L],(B-1.#f)[L],(B-1.#f)[L];(#F-1.#c)[L],(#F-1.#c)[L],(#F-1.#c)[L],(#F-1.#c)[L],(#F-1.#c)[L],(#F-1.#c)[L],(#F-1.#c)[L],(#F-1.#c)[L];(#G-1.#d)[L],(#G-1.#d)[L],(#G-1.#d)[L],(#G-1.#d)[L],(#G-1.#d)[L],(#G-1.#d)[L],(#G-1.#d)[L],(#G-1.#d)[L];(E-1.B-1)[L],(E-1.B-1)[L],(E-1.B-1)[L],(E-1.B-1)[L],(E-1.B-1)[L],(E-1.B-1)[L],(E-1.B-1)[L],(E-1.B-1)[L];(B-1.#f)[L],(B-1.#f)[L],(B-1.#f)[L],(B-1.#f)[L],(B-1.#f)[L],(B-1.#f)[L],(B-1.#f)[L],(B-1.#f)[L];(#F-1.#c)[L],(#F-1.#c)[L],(#F-1.#c)[L],(#F-1.#c)[L],(#F-1.#c)[L],(#F-1.#c)[L],(#F-1.#c)[L],(#F-1.#c)[L];(#G-1.#d)[L],(#G-1.#d)[L],(#G-1.#d)[L],(#G-1.#d)[L],(#G-1.#d)[L],(#G-1.#d)[L],(#G-1.#d)[L],(#G-1.#d)[L];(E-1.B-1)[L],(E-1.B-1)[L],(E-1.B-1)[L],(E-1.B-1)[L],(E-1.B-1)[L],(E-1.B-1)[L],(E-1.B-1)[L],(E-1.B-1)[L];(B-1.#f)[L],(B-1.#f)[L],(B-1.#f)[L],(B-1.#f)[L],(B-1.#f)[L],(B-1.#f)[L],(B-1.#f)[L],(B-1.#f)[L];(#F-1.#c)[L],(#F-1.#c)[L],(#F-1.#c)[L],(#F-1.#c)[L],(#F-1.#c)[L],(#F-1.#c)[L],(#F-1.#c)[L],(#F-1.#c)[L];(#G-1.#d)[L],(#G-1.#d)[L],(#G-1.#d)[L],(#G-1.#d)[L],(#G-1.#d)[L],(#G-1.#d)[L],(#G-1.#d)[L],(#G-1.#d)[L];(E-1.B-1)[L],(E-1.B-1)[L],(E-1.B-1)[L],(E-1.B-1)[L],(E-1.B-1)[L],(E-1.B-1)[L],(E-1.B-1)[L],(E-1.B-1)[L];(B-1.#f)[L],(B-1.#f)[L],(B-1.#f)[L],(B-1.#f)[L],(B-1.#f)[L],(B-1.#f)[L],(B-1.#f)[L],(B-1.#f)[L];(#F-1.#c)[L],(#F-1.#c)[L],(#F-1.#c)[L],(#F-1.#c)[L],(#F-1.#c)[L],(#F-1.#c)[L],(#F-1.#c)[L],(#F-1.#c)[L];(#G-1.#d.#g)[K],(#G-1.#d.#g)[L],(#G-1.#d.#g)[L],(#G-1.#d.#g)[L],(#G-1.#d.#g)[L],(#G-1.#d.#g)[L],(#G-1.#d.#g)[L];(E-1.B-1.e)[K],(E-1.B-1.e)[L],(E-1.B-1.e)[L],(E-1.B-1.e)[L],(E-1.B-1.e)[L],(E-1.B-1.e)[L],(E-1.B-1.e)[L];(B-1.#f.b)[K],(B-1.#f.b)[L],(B-1.#f.b)[L],(B-1.#f.b)[L],(B-1.#f.b)[L],(B-1.#f.b)[L],(B-1.#f.b)[L];(#F-1.#c.#f)[K],(#F-1.#c.#f)[L],(#F-1.#c.#f)[L],(#F-1.#c.#f)[L],(#F-1.#c.#f)[L],(#F-1.#c.#f)[L],(#F-1.#c.#f)[L];(#G-1.#d)[L],(#G-1.#d)[L],(#G-1.#d)[L],(#G-1.#d)[L],(#G-1.#d)[L],(#G-1.#d)[L],(#G-1.#d)[L],(#G-1.#d)[L];(E-1.B-1)[L],(E-1.B-1)[L],(E-1.B-1)[L],(E-1.B-1)[L],(E-1.B-1)[L],(E-1.B-1)[L],(E-1.B-1)[L],(E-1.B-1)[L];(B-1.#f)[L],(B-1.#f)[L],(B-1.#f)[L],(B-1.#f)[L],(B-1.#f)[L],(B-1.#f)[L],(B-1.#f)[L],(B-1.#f)[L];(#F-1.#c)[L],(#F-1.#c)[L],(#F-1.#c)[L],(#F-1.#c)[L],(#F-1.#c)[L],(#F-1.#c)[L],(#F-1.#c)[L],(#F-1.#c)[L];(#G-1.#d)[L],(#G-1.#d)[L],(#G-1.#d)[L],(#G-1.#d)[L],(#G-1.#d)[L],(#G-1.#d)[L],(#G-1.#d)[L],(#G-1.#d)[L];(E-1.B-1)[L],(E-1.B-1)[L],(E-1.B-1)[L],(E-1.B-1)[L],(E-1.B-1)[L],(E-1.B-1)[L],(E-1.B-1)[L],(E-1.B-1)[L];(B-1.#f)[L],(B-1.#f)[L],(B-1.#f)[L],(B-1.#f)[L],(B-1.#f)[L],(B-1.#f)[L],(B-1.#f)[L],(B-1.#f)[L];(#F-1.#c)[L],(#F-1.#c)[L],(#F-1.#c)[L],(#F-1.#c)[L],(#F-1.#c)[L],(#F-1.#c)[L],(#F-1.#c)[L],(#F-1.#c)[L];(#G-1.#d)[L],(#G-1.#d)[L],(#G-1.#d)[L],(#G-1.#d)[L],(#G-1.#d)[L],(#G-1.#d)[L],(#G-1.#d)[L],(#G-1.#d)[L];(E-1.B-1)[L],(E-1.B-1)[L],(E-1.B-1)[L],(E-1.B-1)[L],(E-1.B-1)[L],(E-1.B-1)[L],(E-1.B-1)[L],(E-1.B-1)[L];(B-1.#f)[L],(B-1.#f)[L],(B-1.#f)[L],(B-1.#f)[L],(B-1.#f)[L],(B-1.#f)[L],(B-1.#f)[L],(B-1.#f)[L];(#F-1.#c)[L],(#F-1.#c)[L],(#F-1.#c)[L],(#F-1.#c)[L],(#F-1.#c)[L],(#F-1.#c)[L],(#F-1.#c)[L],(#F-1.#c)[L];(#G-1.#d)[L],(#G-1.#d)[L],(#G-1.#d)[L],(#G-1.#d)[L],(#G-1.#d)[L],(#G-1.#d)[L],(#G-1.#d)[L],(#G-1.#d)[L];(E-1.B-1)[L],(E-1.B-1)[L],(E-1.B-1)[L],(E-1.B-1)[L],(E-1.B-1)[L],(E-1.B-1)[L],(E-1.B-1)[L],(E-1.B-1)[L];(B-1.#f)[L],(B-1.#f)[L],(B-1.#f)[L],(B-1.#f)[L],(B-1.#f)[L],(B-1.#f)[L],(B-1.#f)[L],(B-1.#f)[L];(#F-1.#c.#f)[L],(#F-1.#c.#f)[L],(#F-1.#c.#f)[L],(#F-1.#c.#f)[L],(#G-1.#d.#g)[L],(#F-1.#c.#f)[K];"]},{"id":2,"baseBeats":0.25,"scores":["(#d2.#g2)[JL],(#d2.#g2)[L],(#c2.#f2)[K];(b1.e2.#g2)[KL],U,(b1.#f2)[L],(b1.e2.#g2)[L],(b1.#f2)[K];(b1.#d2.#g2)[K],(b1.#d2.#f2)[K],(#f1.b1.#d2)[K],(#f1.b1.#d2)[L],(#f1.#c2)[K];(#f1.#c2)[K],U,U,(#d2.#g2)[L],(#c2.#f2)[K];(#d2.#g2)[JL],(#d2.#g2)[L],(#c2.#f2)[K];(b1.e2.#g2)[JL],(b1.e2.#g2)[L],(b1.#f2)[K];(b1.#d2.#g2)[K],(b1.#d2.#f2)[K],(#f1.b1.#d2)[K],(#f1.b1.#d2)[KL];(#f1.#c2)[K],U,U,(#d2.#g2)[L],(#c2.#f2)[K],(#d2.#g2)[L];U,U,UU,(#d2.#g2)[L],(#c2.#f2)[K];(b1.e2.#g2)[KL],U,(b1.#f2)[L],(b1.e2.#g2)[L],(b1.#f2)[K];(b1.#d2.#g2)[K],(b1.#d2.#f2)[K],(#f1.b1.#d2)[K],(#f1.b1.#d2)[L],(#f1.#c2)[K];(#f1.#c2)[K],U,U,(#d2.#g2)[L],(#c2.#f2)[K];(#d2.#g2)[KL],UU,(#d2.#g2)[L],(#c2.#f2)[K];(b1.e2.#g2)[KL],UU,(b1.e2.#g2)[L],(b1.#f2)[K];(b1.#d2.#g2)[K],(b1.#d2.#f2)[K],(#f1.b1.#d2)[K],(#f1.b1.#d2)[KL];(#f1.#c2)[K],UU,(#d2.#g2)[L],(#c2.#f2)[K],(#d2.#g2)[L];U,U,UU,U,U,UU;U,U,UU,U,U,U,(#d2.#g2)[L];UU,(#d2.#g2)[L],(#d2.#g2)[L],(#d2.#g2)[K],#d2[L];(e2.#g2)[K],(e2.#g2)[L],(e2.#g2)[L],(e2.#g2)[L],(e2.#g2)[K],(b1.#d2)[L],#c2[L];(b1.#f2)[K],(b1.#f2)[L],(b1.#f2)[L],(b1.#f2)[L],(b1.e2)[L],(b1.#d2)[L];#c2[K],#c2[L],#d2[M],e2[M],#d2[L],#c2[M],#d2[M],#c2[L],b1[M],#c2[M],b1[M],#a1[M];#d2[K],e2[K],#f2[K],#g2[L];#f2[KL],#d2[K],e2[K],#f2[L],#d2[L];(#g1.#a1)[L],U,U,U,(#g1.b1)[L],U,U;U,(#g1.#c2)[L],U,U,U,(#f1.#d2)[L],U,U,U;(#d2.#g2)[KL],(#d2.#a2)[L],(#d2.#a2)[KL],(#d2.b2)[L];(#d2.b2)[KL],#c3[L],#c3[L],b2[L],#g2[L];#d3[K],#d3[L],#d3[L],#d3[L],#c3[M],b2[M],#g2[L],b2[L];","(#G-1.#d.#g)[K],(#G-1.#d.#g)[L],(#G-1.#d.#g)[K],(#G-1.#d.#g)[L],(#G-1.#d.#g)[L],(#G-1.#d.#g)[L];(e.b.e1)[K],(e.b.e1)[L],(e.b.e1)[L],(e.b.e1)[L],(e.b.e1)[L],(e.b.e1)[K];(B-1.#f.b)[K],(B-1.#f.b)[L],(B-1.#f.b)[L],(B-1.#f.b)[L],(B-1.#f.b)[L],(B-1.#f.b)[L],(B-1.#f.b)[L],(B-1.#f.b)[L];(#F-1.#c.#f)[L],(#F-1.#c.#f)[L],(#F-1.#c.#f)[L],(#F-1.#c.#f)[L],(#G-1.#d.#g)[L],(#F-1.#c.#f)[L],(#F-1.#c.#f)[L];(#G-1.#d.#g)[K],(#G-1.#d.#g)[L],(#G-1.#d.#g)[K],(#G-1.#d.#g)[L],(#G-1.#d.#g)[L],(#G-1.#d.#g)[L];(e.b.e1)[K],(e.b.e1)[L],(e.b.e1)[L],(e.b.e1)[L],(e.b.e1)[L],(e.b.e1)[K];(B-1.#f.b)[K],(B-1.#f.b)[L],(B-1.#f.b)[L],(B-1.#f.b)[L],(B-1.#f.b)[L],(B-1.#f.b)[L],(B-1.#f.b)[L],(B-1.#f.b)[L];(#F-1.#c.#f)[L],(#F-1.#c.#f)[L],(#F-1.#c.#f)[L],(#F-1.#c.#f)[L],(#G-1.#d.#g)[L],(#F-1.#c.#f)[L],(#F-1.#c.#f)[L],(#G-1.#d.#g)[L];U,(#G-1.#d.#g)[L],(#G-1.#d.#g)[K],(#G-1.#d.#g)[L],(#G-1.#d.#g)[L],(#G-1.#d.#g)[L];(e.b.e1)[K],(e.b.e1)[L],(e.b.e1)[L],(e.b.e1)[L],(e.b.e1)[L],(e.b.e1)[K];(B-1.#f.b)[K],(B-1.#f.b)[L],(B-1.#f.b)[L],(B-1.#f.b)[L],(B-1.#f.b)[L],(B-1.#f.b)[L],(B-1.#f.b)[L],(B-1.#f.b)[L];(#F-1.#c.#f)[L],(#F-1.#c.#f)[L],(#F-1.#c.#f)[L],(#F-1.#c.#f)[L],(#G-1.#d.#g)[L],(#F-1.#c.#f)[L],(#F-1.#c.#f)[L];(#G-1.#d.#g)[K],(#G-1.#d.#g)[L],(#G-1.#d.#g)[K],(#G-1.#d.#g)[L],(#G-1.#d.#g)[L],(#G-1.#d.#g)[L];(e.b.e1)[K],(e.b.e1)[L],(e.b.e1)[L],(e.b.e1)[L],(e.b.e1)[L],(e.b.e1)[K];(B-1.#f.b)[K],(B-1.#f.b)[L],(B-1.#f.b)[L],(B-1.#f.b)[L],(B-1.#f.b)[L],(B-1.#f.b)[L],(B-1.#f.b)[L],(B-1.#f.b)[L];(#F-1.#c.#f)[L],(#F-1.#c.#f)[L],(#F-1.#c.#f)[L],(#F-1.#c.#f)[L],(#G-1.#d.#g)[L],(#G-1.#d.#g)[L],(#F-1.#c.#f)[L],(#F-1.#c.#f)[L];(#G-1.#d)[L],(#G-1.#d)[L],UU,(#G-1.#d)[L],(#G-1.#d)[L],UU;(#G-1.#d)[L],(#G-1.#d)[L],UU,(#G-1.#d)[L],(#G-1.#d)[L],UU;(#G-1.#d.#g)[K],(#G-1.#d.#g)[L],(#G-1.#d.#g)[L],(#G-1.#d.#g)[KL];(E-1.B-1.e)[L],(E-1.B-1.e)[L],(E-1.B-1.e)[L],(E-1.B-1.e)[K],(E-1.B-1.e)[J];(B-1.#f.b)[L],(B-1.#f.b)[L],(B-1.#f.b)[L],(B-1.#f.b)[L],(B-1.#f.b)[L],(B-1.#f.b)[L],(B-1.#f.b)[L];(#F-1.#d.#f)[K],(#F-1.#d.#f)[L],(#F-1.#d.#f)[K],(#F-1.#d.#f)[K],(#F-1.#d.#f)[K];(#G-1.#d.#g)[K],(#G-1.#d.#g)[L],(#G-1.#d.#g)[L],(#G-1.#d.#g)[KL];(E-1.B-1.e)[L],(E-1.B-1.e)[L],(E-1.B-1.e)[L],(E-1.B-1.e)[K],(E-1.B-1.e)[J];(B-1.#f.b)[L],(B-1.#f.b)[L],(B-1.#f.b)[L],(B-1.#f.b)[L],(B-1.#f.b)[L],(B-1.#f.b)[L],(B-1.#f.b)[L];(#F-1.#c.#f)[K],(#F-1.#c.#f)[L],(#F-1.#c.#f)[K],(#F-1.#c.#f)[K],(#F-1.#c.#f)[K];(#G-1.#d.#g)[KL],(#G-1.#d.#g)[L],(#G-1.#d.#g)[KL],(E-1.B-1.e)[L];(E-1.B-1.e)[KL],(#F-1.#c.#f)[L],(E-1.B-1.e)[K],(E-1.B-1.e)[L];(B-1.#f.b)[L],(B-1.#f.b)[L],(B-1.#f.b)[L],(B-1.#f.b)[L],(B-1.#f.b)[L],(B-1.#f.b)[L],(B-1.#f.b)[L],(B-1.#f.b)[L];"]},{"id":3,"baseBeats":0.25,"scores":[""]}]}