{"baseBpm":423,"musics":[{"bpm":423,"baseBeats":1,"scores":["ST,RS,TU,TU,TU,TU,TU,TU,TU,TU,TU,TU,ST,ST,ST,ST,RS,TU,TU,TU,TU,TU,TU,TU,TU,TU,TU,ST,ST,ST,ST,RS,mute[K],mute[K],mute[K],mute[K],mute[K],mute[K],mute[K],mute[K],mute[K],mute[K],mute[K],mute[K],mute[K],mute[K],mute[K],mute[K],mute[K],mute[K],mute[K],mute[K],mute[K],mute[K],mute[K],mute[K],mute[K],mute[K],mute[K],mute[K],mute[K],mute[K],mute[K],mute[K],mute[K],mute[K],mute[K],mute[K],mute[K],mute[K],mute[K],ST,mute[K],mute[K],mute[K],mute[K],mute[K],mute[K],mute[K],mute[K],mute[K],ST,ST,ST,mute[K],mute[K],mute[K],mute[K],mute[K],mute[K],mute[K],mute[K],mute[K],ST,ST,ST,mute[K],mute[K],mute[K],mute[K],mute[K],mute[K],ST,mute[K],mute[K],mute[K],mute[K],mute[K],mute[K],ST,mute[K],mute[K],mute[K],mute[K],mute[K],mute[K],mute[K],mute[K],mute[K],mute[K],mute[K],mute[K],mute[K],mute[K],mute[K],ST,mute[K],mute[K],mute[K],mute[K],mute[K],mute[K],mute[K],mute[K],TUV,TU,mute[K],mute[K],mute[K],mute[K],mute[K],mute[K],mute[K],mute[K],mute[K],TU,TU,mute[K],mute[K],mute[K],mute[K],mute[K],mute[K],mute[K],mute[K],mute[K],mute[K],mute[K],mute[K],mute[K],mute[K],mute[K],mute[K],mute[K],TUV,TU,TU,mute[K],mute[K],mute[K],mute[K],mute[K],mute[K],TU,TU,mute[K],mute[K],mute[K],mute[K],mute[K],mute[K],TU,TU,ST,RS,TU,TU,TU,TU,TU,TU,TU,TU,TU,TU,TU,TU,TU,TU,TU,TU,TU,TU,TU,mute[K],mute[K],mute[K],mute[K],mute[K],mute[K],mute[K],mute[K],mute[K],mute[K],TV,SV,TU,TU,TU,TU,TU,TU,TU,TU,TU,TU,TU,TU,TU,SV,SV,TU,TU,TU,TU,TU,TU,TU,TU,TU,TU,TU,TU,TU,TUW,5<T>,TUVW,TU,TU,TU,TU,TU,TU,mute[K],5<T>,mute[K],mute[K],5<T>,mute[K],mute[K],5<T>,mute[K],mute[K],5<T>,mute[K],RU,TU,TU,TU,ST,S,mute[K],mute[K],S,S,mute[K],mute[K],SUV,SV,TU,TU,TU,TU,TU,TU,mute[K],mute[K],mute[K],TU,TU,TU,TU,TU,SV,SV,mute[K],mute[K],mute[K],mute[K],mute[K],mute[K],mute[K],mute[K],mute[K],mute[K],mute[K],mute[K],mute[K],mute[K],mute[K],mute[K],mute[K],mute[K],mute[K],mute[K],mute[K],mute[K],mute[K],5<T>,ST,TU,TU,ST,ST,ST,ST,ST,ST,ST,ST,ST,STW,STVX,STUX,STUVW,RVX,TUX,TU,SUX,5<T>,5<T>,5<T>,QSUW,TUX,TUW,TUW,TUW,TUW,TUW,TUW,TUX,TUW,TUW,TUX,TUW,TUW,TUW,TUW,TUW,TUW,TUX,TUW,TUW,TUX,TUW,TUW,TUW,TUW,TUW,TUW,TUW,TUVW,SX,SVX,ST,RS,TU,TU,TU,TU,TU,TU,TU,TU,TU,TU,ST,ST,ST,ST,RS,TU,TU,TU,TU,TU,TU,TU,TU,TU,TU,ST,ST,ST,ST,RS,mute[K],mute[K],mute[K],mute[K],mute[K],mute[K],mute[K],mute[K],mute[K],mute[K],mute[K],mute[K],mute[K],mute[K],mute[K],mute[K],mute[K],mute[K],mute[K],mute[K],mute[K],mute[K],mute[K],mute[K],mute[K],mute[K],mute[K],mute[K],mute[K],mute[K],mute[K],mute[K],mute[K],mute[K],mute[K],mute[K],mute[K],mute[K],mute[K],ST,ST,ST,ST,mute[K],TUV,5<T>,SV,ST,mute[K],mute[K],mute[K],mute[K],mute[K],mute[K],ST,mute[K],mute[K],mute[K],TU,TU,TU,mute[K],mute[K],mute[K],mute[K],mute[K],mute[K],TUW,5<T>,TUVW,mute[K],mute[K],mute[K],TU,TU,TU,mute[K],mute[K],mute[K],TU,5<T>,5<T>,5<T>,TU,mute[K],mute[K],mute[K],mute[K],mute[K],mute[K],TU,ST,ST,ST,ST,mute[K],TUV,5<T>,SV,ST,mute[K],mute[K],mute[K],mute[K],mute[K],mute[K],ST,mute[K],mute[K],mute[K],TU,TU,ST,mute[K],mute[K],mute[K],mute[K],mute[K],mute[K],mute[K],mute[K],mute[K],mute[K],mute[K],mute[K],ST,ST,mute[K],mute[K],mute[K],mute[K],mute[K],mute[K],ST,mute[K],mute[K],mute[K],mute[K],mute[K],mute[K],ST,mute[K],mute[K],mute[K],mute[K],mute[K],mute[K],mute[K],mute[K],mute[K],mute[K],mute[K],mute[K],mute[K],mute[K],mute[K],ST,RS,TU,TU,TU,TU,TU,TUX,TUX,TUX,TUW,TUW,TUWX,TUWX,TUV,TUVX,TUV,TUVW,STUV,TV,TV,TV,TV,TV,TV,TV,TV,TV,TWX,TV,TV,TV,TV,TV,TV,TV,TV,TV,TV,TV,TV,TWX,TV,TV,TV,TV,TV,TV,TV,TV,TV,TV,TV,TV,TV,TV,TV,TV,TV,TV,TV,TV,TV,TWX,TV,TV,TV,TV,TV,TV,TV,TV,TV,TV,TV,TV,TWX,TV,TV,TV,TV,TV,TV,TV,TV,TV,TV,TV,TV,TV,TV,TV,TV,TV,TV,TV,TV,TWX,TV,TV,TV,TV,TV,TV,TV,TV,TV,TV,TV,TV,TWX,TV,TV,TV,TV,TV,TV,TV,TV,TV,TV,TV,TV,TV,TV,TV,SWX,RUWX,TUVX,TUVW,TUVW,TV,TV,TV,TV,TV,TV,TV,TV,TV,mute[K],mute[K],TUWX,5<T>,mute[K],mute[K],TUWX,STUVWX,5<T>,TUV,ST,STUVX,STU,STUVX,STVXY,mute[K],mute[K],mute[K],mute[K],mute[K],mute[K],mute[K],mute[K],mute[K],mute[K],mute[K],mute[K],mute[K],mute[K],mute[K],mute[K],mute[K],mute[K],mute[K],mute[K],mute[K],mute[K],mute[K],mute[K],mute[K],mute[K],mute[K],mute[K],mute[K],mute[K],mute[K],mute[K],mute[K],mute[K],mute[K],mute[K],mute[K],mute[K],mute[K],mute[K],mute[K],mute[K],mute[K],mute[K],mute[K],mute[K],mute[K],mute[K],mute[K],mute[K],mute[K],mute[K],mute[K],mute[K],mute[K],mute[K],mute[K],mute[K],mute[K],mute[K],mute[K],mute[K],mute[K],mute[K],mute[K],mute[K],mute[K],mute[K],mute[K],mute[K],mute[K],mute[K],mute[K],mute[K],mute[K],mute[K],mute[K],mute[K],mute[K],mute[K],mute[K],mute[K],mute[K],mute[K],mute[K],mute[K],mute[K],mute[K],mute[K],mute[K],mute[K],mute[K],mute[K],mute[K],mute[K],mute[K],mute[K],mute[K],mute[K],TUVWX,SUVX,SUVX,TVWX,TVW,SUVX,SUVX,TVW,TVW,SUVW,SUV,TVWX,TVW,SUVX,SUVX,TVW,TVWX,SUVX,SUVX,5<T>,5<T>,TU,SX,SUVX,5<T>,TU,5<T>,SW,SUVWX,mute[K],mute[K],TUV,SVX,STWX,mute[K],mute[K],TUWX,RSUVW,5<T>,QTUVW,","(c2.g1.#d1.c1.G-1.C-1)[JM],(c4.g3.#d3.c3.c2.g1.#d1.c1)[LM],(c4.g3.#d3.c3.c2.g1.#d1.c1)[IJ],(#a3.#a2.#a1.#a)[KL],(c4.c3.c2.c1)[KL],(#c4.#c3.#c2.#c1)[KL],(c4.c3.c2.c1)[KL],(#a3.#a2.#a1.#a)[KL],(#g3.#g2.#g1.#g)[KL],(g3.g2.g1.g)[KL],(#g3.#g2.#g1.#g)[KL],(g3.g2.g1.g)[KL],(f3.f2.f1.f)[KL],(e3.e2.e1.e)[JK],(e2.#a1.g1.e1.c.C-1)[JK],(e2.c2.g1.e1.c.C-1)[JK],(f2.c2.#g1.f1.F-1.F-2)[JM],(f4.c4.#g3.f3.f2.c2.#g1.f1)[LM],(f4.c4.#g3.f3.f2.c2.#g1.f1)[IJ],(#d4.#d3.#d2.#d1)[KL],(f4.f3.f2.f1)[KL],(#f4.#f3.#f2.#f1)[KL],(f4.f3.f2.f1)[KL],(#d4.#d3.#d2.#d1)[KL],(#c4.#c3.#c2.#c1)[KL],(c4.c3.c2.c1)[KL],(#c4.#c3.#c2.#c1)[KL],(c4.c3.c2.c1)[KL],(#a3.#a2.#a1.#a)[KL],(a3.a2.a1.a)[JK],(a2.#d2.c2.a1.f.F-1)[JK],(a2.f2.c2.a1.f.F-1)[JK],(#a2.f2.#c2.#a1.#A-1.#A-2)[JM],(#a3.f3.#c3.#a2.#a1.f1.#c1.#a)[LM],(#a3.f3.#c3.#a2.#a1.f1.#c1.#a)[IJ],(#g1.#g)[LM],(#g3.#g2)[LM],(#a1.#a)[LM],(#a3.#a2)[LM],(b1.b)[LM],(b3.b2)[LM],(#a1.#a)[LM],(#a3.#a2)[LM],(#g1.#g)[LM],(#g3.#g2)[LM],(#f1.#f)[LM],(#f3.#f2)[LM],(f1.f)[LM],(f3.f2)[LM],(#f1.#f)[LM],(#f3.#f2)[LM],(f1.f)[LM],(f3.f2)[LM],(#d1.#d)[LM],(#d3.#d2)[LM],(d1.d)[LM],(d3.d2)[LM],(#d1.#d)[LM],(#d3.#d2)[LM],(d1.d)[LM],(d3.d2)[LM],(b.B-1)[LM],(b2.b1)[LM],(#a.#A-1)[LM],(#a2.#a1)[LM],(#g.#G-1)[LM],(#g2.#g1)[LM],(#f.#F-1)[LM],(#f2.#f1)[LM],(f.F-1)[LM],(f2.f1)[LM],(#A-1.#A-2)[LM],d2[LM],#a[LM],#a1[LM],#g[LM],#g1[LM],#f[LM],#f1[LM],f1[LM],d1[LM],#a[LM],#g[LM],f[LM],d[LM],#A-1[LM],F-1[LM],(#f1.#f.#A-1.#D-1)[JK],(f1.#d1.#f)[K],#f1[K],#f2[K],f2[K],#d2[K],d2[K],(d2.#g.d.F-1)[K],#d2[K],f2[K],(#a1.f1.b.#g)[JK],(b.f)[JK],(#a1.#a.#d.#F-1)[JK],(a1.#f1.#d1.#a)[K],#a1[K],#a2[K],#g2[K],#f2[K],f2[K],(f2.b.d.#G-1)[K],#f2[K],#g2[K],(d2.f1.d1.b.#g)[JK],(d3.b2.#g2.f2.#g.f.#G-1)[JK],(#d3.#a2.#f2.#d2.#f.#d.#A-1.#F-1)[JK],(d2.#f1.#d1.#a)[K],#d2[K],#f2[K],#f2[K],#g2[K],#a2[K],(#d3.#d2.g.#d.#A-1.G-1)[JK],(#d2.g1.#d1.#c1.#a)[K],f2[K],g2[K],g2[K],#g2[K],#a2[K],(#d3.#d2.#g.#d.B-1.#G-1)[JK],(#d2.#g1.f1.#d1.b)[K],f2[K],#f2[K],#f2[K],#a2[K],b2[K],(f3.a.f.#d.c.A-1)[K],#d3[K],d3[K],(#g3.a1.f1.#d1.c1)[K],#f3[K],f3[K],b3[K],f3[K],b2[K],(d3.f2.#A-1.#A-2)[JK],(#a2.#a1.d1.#a.#g.f)[LM],d2[LM],(c3.c2)[LM],#d2[LM],(d3.d2.d1)[LM],(f2.b)[LM],(d3.d2.#g)[LM],(f2.f)[LM],(#d3.#d2.f1)[LM],#f2[LM],(f3.f2.#a.#A-1)[LM],#g2[LM],(#f3.#f2.#A-1.#A-2)[LM],#a2[KL],(#d3.#d2)[LM],(#d3.#d2.#f1.#d1.#a.#f)[LM],#f2[LM],(d3.d2)[LM],f2[LM],(#d3.#d2.#f1)[LM],(#f2.#d1)[LM],(f3.f2.#a)[LM],(#g2.#f)[LM],(#f3.#f2.#f1)[LM],#a2[LM],(#d3.#d2.#a.#A-1)[LM],#f2[LM],(f3.f2.#A-1.#A-2)[LM],#g2[KL],(d3.d2)[LM],(d3.d2.d1.#a.#g.f)[LM],f2[LM],(#d3.#d2)[LM],#f2[LM],(f3.f2.d1)[LM],(#g2.b)[LM],(f3.f2.#g)[LM],(#g2.f)[LM],(#f3.#f2.f1)[LM],#a2[LM],(#g3.#g2.#a.#A-1)[LM],b2[LM],(a3.A-1.A-2)[LM],a2[LM],#f3[LM],#f2[LM],(#d3.#d1.c1.a.#f)[LM],#d2[LM],c3[LM],c2[LM],(a2.#f1)[LM],(a1.#d1)[LM],(#f2.c1)[LM],(#f1.a)[LM],(#f2.#d2.#f)[KL],(#d3.c3.A-1.A-2)[KL],(b3.G-1.G-2)[LM],b2[LM],f3[LM],f2[LM],(d3.#g1.f1.d1.b)[LM],d2[LM],(b2.g.G-1)[LM],b1[LM],(f3.d3.g1.f1.d1.b)[KL],(b3.b2)[KL],(c4.G-1.G-2)[LM],c3[LM],#f3[LM],#f2[LM],(#d3.g1.#d1.c1)[LM],#d2[LM],(c3.g.G-1)[LM],c2[LM],(#f3.#d3.g1.#d1.c1)[KL],(c4.c3)[KL],(d4.d3.G-1.G-2)[JM],(g1.f1.d1.b.f.d.G-1)[LM],(g1.f1.d1.b.f.d.G-1)[IJ],(b3.b2.b1.b)[KL],(c4.c3.c2.c1)[KL],(d4.d3.d2.d1)[KL],(c4.c3.c2.c1)[KL],(b3.b2.b1.b)[KL],(c4.c3.c2.c1)[KL],(b3.b2.b1.b)[KL],(#g3.#g2.#g1.#g)[KL],(g3.g2.g1.g)[KL],(#g3.#g2.#g1.#g)[KL],(g3.g2.g1.g)[KL],(f3.f2.f1.f)[KL],(#d3.#d2.#d1.#d)[KL],(f3.f2.f1.f)[KL],(#d3.#d2.#d1.#d)[KL],(d3.d2.d1.d)[KL],(c3.c2.c1.c)[KL],(d3.d2.d1.d)[KL],(b2.b1.f1.d1.b.g)[KL],#g2[LM],g2[LM],f2[LM],#d2[LM],d2[LM],c2[LM],b1[LM],#g1[LM],g1[LM],f1[LM],#d1[LM],d1[LM],c1[LM],b[LM],(#g.F-1.F-2)[MN],c1[MN],#d1[JM],F-1[KL],c[KL],f[KL],(#g1.#g)[KL],(c2.c1)[KL],(d2.d1)[KL],(#g1.#d1)[MN],c2[MN],#d2[LM],d1[KL],(c2.c1)[MN],#d2[MN],g2[LM],#g[KL],(g2.f)[MN],#a2[MN],d3[LM],c[KL],(f2.F-1)[MN],#g2[MN],c3[LM],C-1[KL],(#g2.F-1.F-2)[MN],c3[MN],#d3[JM],F-1[KL],(d3.c)[LM],#d3[LM],(d3.#a2.g2.f)[KL],#g[KL],(c3.#g2.f2.c1)[KL],d1[KL],(#a2.g2.#d2.#d1)[KL],d1[KL],(#g2.#d2.c2.c1)[KL],#g[KL],(#d2.c2.#g1.f)[KL],c[KL],(f2.c2.#g1.F-1)[KL],c[KL],(#g1.d.D-1)[MN],c2[MN],d2[MN],g2[KLMN],#G-1[KL],c[KL],d[KL],f[KL],(f2.#g)[KL],(c2.c1)[KL],(f2.d1)[K],c2[L],c1[L],#g1[K],(f2.#g)[K],c2[L],f[L],#g1[K],(g2.#g)[K],#d2[L],f[L],c2[K],(#g2.c)[K],#d2[L],f[L],c2[K],(g2.g1.d1.b.g)[IL],d2[KL],(g2.G-1.G-2)[KL],#g2[KL],#a2[JK],(#a2.G-1)[J],d[K],#g2[K],g[J],(#d2.b)[J],d1[K],f2[K],f1[J],(g2.g)[MN],c1[MN],#d1[JM],c[KL],g[KL],(c1.C-1)[KL],d1[KL],#d1[KL],g1[KL],(B-1.B-2)[K],g[K],b[K],d1[KL],f1[KL],g1[KL],b1[KL],d2[KL],f2[KL],g1[MN],#a1[MN],#d2[JM],#A-1[K],#d[K],g[K],(#a.#A-1.#A-2)[K],#d1[K],g1[K],#a1[K],#d2[K],g2[K],(a2.A-1.A-2)[K],f2[K],c2[K],a1[K],f1[K],c1[K],f2[LM],c2[LM],a1[LM],f1[LM],c1[LM],a[LM],f[LM],F-2[LM],F-1[LM],c[LM],f[L],#g[L],c1[L],#d1[JK],(c3.c2.c1.c)[KL],(d3.d2.d1.d)[KL],(#d3.#d2.#d1.#d)[JK],(#d3.#d2.#d1.#d)[JK],(#d3.#d2.#d1.#d)[JK],(f3.f2.f1.f)[JK],(g3.g2.g1.g)[JK],(#g3.f3.d3.#g2.#g1.f1.d1.#g)[JK],(#a3.#a2.#a1.#a)[JK],(#a3.#a2.#A-1.#A-2)[JK],(c4.c3.c2.c1)[JK],(c4.c3.#A-1.#A-2)[JKN],(d4.d3.#G-1.#G-2)[JKMO],(#d4.#d3.G-1.G-2)[JKLO],(f4.f3.F-1.F-2)[JKLMN],(g4.g3.#D-1.#D-2)[IMO],#d[KLO],#a[KL],#d1[KLNO],g1[LN],#a1[LN],#d2[LN],g2[LNO],#a2[LN],#d3[LNO],g3[HJLN],#a3[KLO],#d3[KLN],#a3[KLN],#d3[KLN],#a3[KLN],#d3[KLN],d3[KLN],f3[KLO],g3[KLN],#d3[KLN],d3[KLO],#d3[KLN],f3[KLN],d3[KLN],#d3[KLN],(#f3.a1.#f1.d1)[KLN],g3[KLN],e3[KLO],#f3[KLN],g3[KLN],a3[KLO],#f3[KLN],g3[KLN],a3[KLN],#a3[KLN],g3[KLN],a3[KLN],#a3[KLN],c4[KLMN],a3[JO],#a3[JMO],(g1.d1.#a.g.D-1.G-2)[JM],(g3.d3.#a2.g2.g1.d1.#a.g)[LM],(g3.d3.#a2.g2.g1.d1.#a.g)[IJ],(f3.f2.f1.f)[KL],(g3.g2.g1.g)[KL],(#g3.#g2.#g1.#g)[KL],(g3.g2.g1.g)[KL],(f3.f2.f1.f)[KL],(#d3.#d2.#d1.#d)[KL],(d3.d2.d1.d)[KL],(#d3.#d2.#d1.#d)[KL],(d3.d2.d1.d)[KL],(c3.c2.c1.c)[KL],(b2.b1.b.B-1)[JK],(b1.f1.d1.b.G-1.G-2)[JK],(b1.g1.d1.b.G-1.G-2)[JK],(c2.g1.#d1.c1.C-1.C-2)[JM],(c4.g3.#d3.c3.c2.g1.#d1.c1)[LM],(c4.g3.#d3.c3.c2.g1.#d1.c1)[IJ],(#a3.#a2.#a1.#a)[KL],(c4.c3.c2.c1)[KL],(#c4.#c3.#c2.#c1)[KL],(c4.c3.c2.c1)[KL],(#a3.#a2.#a1.#a)[KL],(#g3.#g2.#g1.#g)[KL],(g3.g2.g1.g)[KL],(#g3.#g2.#g1.#g)[KL],(g3.g2.g1.g)[KL],(f3.f2.f1.f)[KL],(e3.e2.e1.e)[JK],(e2.#a1.g1.e1.c.C-1)[JK],(e2.c2.g1.e1.c.C-1)[JK],(f2.c2.#g1.f1.F-1.F-2)[JM],(f3.c3.#g2.f2.f1.c1.#g.f)[LM],(f3.c3.#g2.f2.f1.c1.#g.f)[IJ],(#d1.#d)[LM],(#d3.#d2)[LM],(f1.f)[LM],(f3.f2)[LM],(#f1.#f)[LM],(#f3.#f2)[LM],(f1.f)[LM],(f3.f2)[LM],(#d1.#d)[LM],(#d3.#d2)[LM],(#c1.#c)[LM],(#c3.#c2)[LM],(c1.c)[LM],(c3.c2)[LM],(#c1.#c)[LM],(#c3.#c2)[LM],(c1.c)[LM],(c3.c2)[LM],(#a.#A-1)[LM],(#a2.#a1)[LM],(a.A-1)[LM],(a2.a1)[LM],(#a.#A-1)[LM],(#a2.#a1)[LM],(a.A-1)[LM],(a2.a1)[LM],(#f.#F-1)[LM],(#f2.#f1)[LM],(f.F-1)[LM],(f2.f1)[LM],(#d.#D-1)[LM],(#d2.#d1)[LM],(#c.#C-1)[LM],(#c2.#c1)[LM],(c.C-1)[LM],(c2.c1)[LM],(F-1.F-2)[LM],a1[LM],f[LM],f1[LM],#d[LM],#d1[LM],#c[LM],#c1[LM],c1[LM],a[LM],f[LM],#d[LM],c[LM],A-1[LM],F-1[LM],C-1[LM],(#c2.#a1.#f1.#D-1)[JM],(#c3.#a2.#f2)[LM],(#c3.#a2.#f2.#f1.#d1.#a)[JK],(#c.#D-1)[JK],(c3.#g2.#d2.#G-1.#G-2)[JK],(c3.c1)[MN],#d1[MN],#g1[LM],#d3[LM],#g1[MN],c2[MN],(#g2.#d2)[MN],#d3[MN],#g3[JM],(#g2.f2.c2.F-1.F-2)[JK],(f1.#g.f.c)[LM],#d1[LM],f1[LM],#g1[LM],(#c2.f1)[LM],(#g1.#d1)[LM],(#c2.f1)[LM],#g2[LM],(#f2.#c2.#a1.#A-1.#A-2)[JK],(#f2.#c1.#a.f)[LM],#c2[LM],#a1[LM],f1[LM],(f2.#c2.#a1.#c1)[LM],#a[LM],f[KL],(f2.#c2.#a1.#D-1.#D-2)[KL],(#d1.#a)[LM],(#c1.#f)[LM],(#d1.#a)[LM],(#c1.#f)[LM],(#d1.#a)[LM],(f1.#c1)[LM],(#f1.#a)[LM],(#a1.#d1)[LM],(#c2.#f1)[LM],(#d2.#a1)[LM],(#a1.#G-1.#G-2)[MN],c2[MN],#d2[MN],#f2[KLMN],(f2.c1.#g.#d)[LM],#f2[LM],f2[LM],#f2[LM],(c2.c1)[LM],#g[LM],#d[KL],(#d2.c2.#g1.#C-1.#C-2)[KL],#C-1[LM],#G-1[LM],#c[LM],f[LM],#g[LM],#c1[LM],(#f2.#c2.#g1.#c)[L],#g[L],#c1[L],#g1[L],c2[L],#d2[L],(f2.c2.#g1.F-1.F-2)[KL],c3[LM],#g2[LM],(f2.#d1.c1.#g.f)[LM],c2[LM],#g1[LM],f1[LM],#d1[LM],c1[LM],#g[LM],f[LM],(#c2.#a1.#f1.#D-1.#D-2)[JM],(#c3.#a2.#f2)[LM],(#c3.#a2.#f2.#f1.#d1.#a)[JK],(#c.#D-1)[JK],(c3.#g2.#d2.#G-1.#G-2)[JK],(c3.c1)[MN],#d1[MN],#g1[LM],#d3[LM],#g1[MN],c2[MN],(#g2.#d2)[MN],#d3[MN],#g3[JM],(#g2.f2.c2.F-1.F-2)[JK],(f1.#g.f.c)[LM],#d1[LM],f1[LM],#g1[LM],(#c2.f1)[LM],(#g1.#d1)[LM],(#c2.f1)[LM],#g2[LM],(#f2.#c2.#a1.#A-1.#A-2)[JK],(#f2.#c1.#a.f)[LM],#c2[LM],#a1[LM],f1[LM],(f2.#c2.#a1.#c1)[LM],#a[LM],f[KL],(#a2.#f2.#d2.#D-1.#D-2)[JK],(#d.#A-1)[LM],(f.c)[LM],(#f.#c)[LM],(#g.#d)[LM],(#a.f)[LM],(c1.#f)[LM],(#c1.#g)[LM],(#d1.#a)[LM],(f1.c1)[LM],(#f1.#c1)[LM],(#g1.#d1)[LM],(#a1.f1)[LM],(c2.#f1)[LM],(#c2.#g1)[LM],(#d2.#a1)[LM],(f2.c2)[LM],(c3.#g2.#d2)[JK],(#c3.#a2.#f2.#D-1.#D-2)[JK],(#c2.#a1.#f1.#D-1)[LM],#A-1[LM],#d[LM],#f[LM],(c3.c2.#a)[LM],#d1[LM],(#c3.#c2.#f1)[LM],#a1[LM],(#d3.#a2.#f2.#D-1.#D-2)[JK],(#a3.#a1.#f1.#d1.#a)[LM],#f3[LM],#d3[LM],#a2[LM],#a1[LM],#f1[LM],#d1[LM],#a[LM],(#c3.#a2.#f2.#G-1.#G-2)[JK],(#c3.#c1.#a.#f)[LM],#a2[LM],#f2[LM],#d2[LM],#c2[LM],#a1[LM],#f1[LM],#d1[LM],#f[LM],#a[LM],#c1[LM],#f1[LM],#f1[LM],#a1[LM],#c2[LM],#f2[LM],#f2[LM],#a2[LM],#c3[LM],#f3[LM],(#g3.#d3.c3.#g2.#G-1.#G-2)[JM],(#g3.#d3.c3.#g2)[LM],(#g3.#d3.c3.#g2.#d1.c1.#g)[IJ],(#g1.#d1.c1.#g.#G-1)[KL],(#a1.f1.#c1.#f.#F-1)[KL],(c2.#g1.f1.f.F-1)[KL],(#c2.#g1.f1.#d.#D-1)[KL],(#d2.c2.#g1.#c.#C-1)[KL],(f2.#c2.#a1.c.C-1)[KLO],(g2.#d2.c2.#A-1.#A-2)[KLO],(#g2.f2.#c2.#G-1.#G-2)[KLO],(#a2.#f2.#d2.#c.#C-1)[KLN],(c3.#g2.f2.c.C-1)[KLN],(#c3.#a2.#f2.#A-1.#A-2)[KLNO],(#d3.c3.#g2.#G-1.#G-2)[KLNO],(f3.#c3.#a2.#F-1.#F-2)[KLM],(g3.#d3.c3.F-1.F-2)[KLMO],(#g3.f3.#c3.#D-1.#D-2)[KLM],(c4.#g3.#d3.C-1.C-2)[KLMN],(#c4.#g3.f3.#C-1.#C-2)[JKLM],#c[KM],#g[KM],#c1[KM],f1[KM],#c1[KM],#g[KM],#f1[KM],#c1[KM],#g[KM],f1[KNO],#c1[KM],#g[KM],#c[KM],#g[KM],#c1[KM],f1[KM],#c1[KM],#g[KM],#f1[KM],#c1[KM],#g[KM],f1[KM],#c1[KNO],#g[KM],#g1[KM],f1[KM],#c1[KM],(#g2.#c)[KM],#g[KM],#c1[KM],f1[KM],#c1[KM],(#g3.#g2.#g)[KM],(#g3.#g2.#g1)[KM],#c1[KM],#g[KM],(a2.a1)[KM],#f1[KM],#c1[KM],(#g2.#f1)[KM],#c1[KM],a[KM],(#f2.#c)[KM],#g[KM],#c1[KNO],f1[KM],#c1[KM],#g[KM],(f2.#g1)[KM],#c1[KM],#g[KM],f1[KM],#c1[KM],#g[KM],(#g2.#c1)[KM],#g[KM],f[KM],(#c3.#c)[KNO],#f[KM],#a[KM],#f1[KM],#c1[KM],#a[KM],(c3.#f1)[KM],#c1[KM],#a[KM],(#c3.#f)[KM],#a[KM],#c1[KM],(#a2.#f1)[KM],#c1[KM],#a[KM],(#a2.#c)[KM],#g[KM],#c1[KM],f1[KM],#c1[KM],#g[KM],(#g2.#f1)[KNO],#c1[KM],#g[KM],f1[KM],#c1[KM],#g[KM],(#f2.c)[KM],f[KM],a[KM],(f2.#A-1)[KM],f[KM],#a[KM],#c1[KM],#a[KNO],(f2.f)[KM],(f2.f1)[KM],#c1[KM],f[KM],(#c3.#c1)[KM],#a[KM],f[KM],(c3.f1)[KM],#c1[KM],#a[KM],(#a2.#d)[KM],#a[KM],#d1[KM],g1[KM],#d1[KM],#a[KM],g1[MNO],#a1[L],#d2[ILNO],#a1[KLMO],c2[KLMN],#c2[KLMN],(#g2.#F-1)[KM],(#f2.#c)[KM],(f2.#f)[KM],(#f2.#a)[KM],#f[KM],(#f2.#c)[KM],(#f3.#c1)[KM],#a[KM],(f3.#f)[KM],(#d3.#f1)[LMNO],#c3[MNO],#c1[MNO],c3[K],(#a2.#a)[LMN],#g2[L],#a1[L],#f2[LMN],(f2.#f1)[LMNO],#d2[L],#c1[MNO],#c2[LMNO],(c2.#G-1)[JKLMNO],c1[L],#d1[L],#g1[KLM],(#g3.#g2)[JK],(#a3.#a2)[JKNO],c3[LN],c4[JLMO],#c3[LNO],#c4[JKO],#d3[LM],#d4[JKMOP],(f4.#c.#C-1)[LMNO],#c4[LMNO],#g3[LMNO],(f3.f1.#c1)[LMNO],#c3[LMNO],#g2[LMNO],(f2.#g)[LMNO],#c2[LMNO],#g1[LMNO],(#d1.c.C-1)[LMNO],#g1[LMN],c2[K],(#d2.f1.c1)[LMN],#g2[K],#c3[LMN],(#d3.#g)[LMNO],#g3[LMNO],c4[LMNO],(f4.B-1.B-2)[LMNO],#c4[LMNO],#g3[LMNO],(f3.f1.#c1.b)[LMNO],#c3[LMNO],#g2[LMNO],(f2.#g)[LMNO],#c2[LMNO],#g1[LMNO],(#a1.#A-1.#A-2)[LMNO],#c2[LMNO],#f2[LMNO],(#a2.#f1.#c1.#a)[LMNO],#c3[LMNO],#f3[LMNO],(#f3.#a.#f)[LMN],#f4[K],f4[LMN],(#f4.#d.#D-1)[K],#c4[LMN],#g3[LMNO],(#g3.#f1.#c1.#a)[LMNO],#c3[LMNO],#f2[LMNO],(#g2.#a.#f)[LMNO],#f2[LMNO],#f3[LMNO],(#f3.#c.#C-1)[LMNO],#f4[LMNO],f4[LMNO],(#d4.#f1.#c1.#a)[LMNO],#c4[LMNO],c4[LMNO],(#a3.#a.#f)[LMNO],#g3[LMNO],#f3[LMNO],(#d4.c4.c.C-1)[LMNO],#d3[LMNO],#g3[LMN],(c4.#f1.c1.#g)[K],c3[LMN],#d3[K],(#g3.c1.#g.#d)[LMN],#g2[LMNO],c3[LMNO],(#g3.#g1.c1.#g)[LMNO],#f3[LMNO],f3[LMNO],(#f3.g1)[LMNO],#f4[LMNO],#d4[LMNO],(c4.#f1)[LMNO],#g3[LMNO],#g4[LMNO],(f4.#c.#C-1)[LMNO],#c4[LMNO],#g3[LMNO],(f3.f1.#c1)[LMNO],#c3[LMNO],#g2[LMNO],(f2.#g)[LMNO],#c2[LMN],#g1[K],(#d1.c.C-1)[LMN],#g1[K],c2[LMN],(#d2.f1.c1)[LMNO],#g2[LMNO],#c3[LMNO],(#d3.#g)[LMNO],#g3[LMNO],c4[LMNO],(f4.B-1.B-2)[LMNO],#c4[LMNO],#g3[LMNO],(f3.f1.#c1.b)[LMNO],#c3[LMNO],#g2[LMNO],(f2.#g)[LMNO],#c2[LMNO],#g1[LMNO],(#a1.#A-1.#A-2)[LMNO],#c2[LMNO],#f2[LMNO],(#a2.#f1.#c1.#a)[LMN],#c3[K],#f3[LMN],(#f3.#a.#f)[K],(#f4.#f3)[LMN],(f4.f3)[LMNO],(#d4.#d3.#d.#D-1)[JN],(#f1.#d1.#c1.#a)[LNO],(#f1.#d1.#c1.#a)[JLMO],(#d4.#d3)[KMNO],(#c4.#c3)[KMN],(c4.c3.#d.#D-1)[JN],(#f1.#d1.#c1.#a)[LNO],(#f1.#d1.#c1.#a)[JLMO],(c4.c3)[KMN],(#a3.#a2)[KMN],(a3.a2.f.F-1)[JN],(#f1.#d1.c1.a)[LM],(#f1.#d1.c1.a)[JLM],(a3.a2)[KMNO],(#f3.#f2)[KMN],(f3.f2.f.F-1)[JN],(#f1.#d1.c1.a)[LNO],(#f1.#d1.c1.a)[JLMO],(f3.f2)[KMN],(#d3.#d2)[KMNO],(d3.d2.G-1.G-2)[JN],(#g1.f1.d1.b)[LNO],(#g1.f1.d1.b)[JLMO],(d2.d1)[LNO],d3[LNO],(c2.c1)[LNO],c3[LNO],(b1.G-1.G-2)[LM],b2[KMN],(g1.f1.d1.b)[LNO],(g1.f1.d1.b)[JLMO],(b1.b)[LNO],b2[LNO],(#g1.#g)[LM],#g2[LNO],(g1.G-1.G-2)[LNO],g2[KMNO],(#g1.f1.d1.b)[LNO],(#g1.f1.d1.b)[JLMNO],(b1.b)[LM],b2[LM],(#g1.#g)[LM],#g2[LM],(g1.G-1.G-2)[LM],g2[KLO],(g1.f1.d1.b)[LM],(g1.f1.d1.b)[JKNO],(b1.b)[LMO],b2[LMO],(#g1.#g)[LMO],#g2[LMN],(g1.G-1.G-2)[MN],g2[IJL],g[MNO],b[MNO],d1[L],f1[HKLMN],"],"id":1,"instruments":["piano","piano"],"alternatives":["",""]},{"bpm":423,"baseBeats":1,"scores":["S,SX,TVW,TVWX,TVW,RVW,RUW,RUV,RT,SUVWX,RTUVX,TVWX,TVWX,TVWX,TVWX,TU,TVWX,TVWX,TVWX,TVWX,TVWXY,SUVW,SUVWX,SUVW,SUVW,RTUVX,TVWX,TU,TVWX,TVWX,TVWX,TVWX,TU,TVWX,TVWX,TVWX,SUVW,SUVWX,SUVWY,SUVW,RTUVX,mute[K],mute[K],mute[K],mute[K],mute[K],mute[K],mute[K],mute[K],mute[K],mute[K],mute[K],mute[K],mute[K],mute[K],mute[K],mute[K],mute[K],mute[K],mute[K],mute[K],mute[K],mute[K],mute[K],TUWX,5<T>,mute[K],TUW,5<T>,mute[K],mute[K],mute[K],mute[K],mute[K],mute[K],mute[K],TVWY,SUVW,mute[K],mute[K],mute[K],mute[K],mute[K],mute[K],mute[K],TUV,SUVW,SUVW,SUVW,mute[K],mute[K],mute[K],mute[K],mute[K],mute[K],mute[K],TUV,SUVW,SUVW,SUVWX,mute[K],mute[K],mute[K],mute[K],TUVX,SUVW,mute[K],mute[K],mute[K],mute[K],TUVX,SUVW,mute[K],mute[K],mute[K],TUVX,T,mute[K],mute[K],mute[K],mute[K],mute[K],mute[K],mute[K],TUWX,SUVW,mute[K],mute[K],mute[K],mute[K],mute[K],mute[K],mute[K],mute[K],TVWX,TVWX,mute[K],mute[K],mute[K],mute[K],mute[K],mute[K],mute[K],mute[K],mute[K],TWX,TVWX,mute[K],mute[K],mute[K],mute[K],mute[K],mute[K],mute[K],mute[K],mute[K],mute[K],TUW,5<T>,mute[K],TUW,5<T>,TUVW,TVWX,TVWXY,mute[K],mute[K],mute[K],mute[K],TUVX,TVWX,TVWX,mute[K],mute[K],mute[K],mute[K],TUVX,TVWX,TVWXY,SUVW,RTUVX,TVWX,TU,TVWX,TVWX,TVWX,TVWX,TU,TVWX,TVWX,TVWX,TVWX,TU,TVW,TU,TVWX,TVWX,TVWX,TVWX,TU,mute[K],mute[K],mute[K],mute[K],mute[K],mute[K],mute[K],mute[K],mute[K],mute[K],mute[K],mute[K],mute[K],mute[K],mute[K],mute[K],mute[K],mute[K],mute[K],mute[K],TUVX,5<T>,TUVX,TVWX,TVWX,TU,TVWX,TVWX,TUVW,5<T>,TU,TVWX,TUVW,5<T>,TVWX,TU,TVWX,TUVX,5<T>,5<T>,5<T>,5<T>,TVW,TU,TVWX,TVWX,TU,TVW,TU,TVWX,TVWX,TVWX,TVWX,TUX,5<T>,TUVX,TVWX,TVWX,TU,TVWX,TVWX,TVWX,mute[K],mute[K],mute[K],mute[K],mute[K],mute[K],mute[K],mute[K],mute[K],mute[K],TUW,RVX,TU,TVWX,TVWX,SUVW,TUVWX,TUVWX,TUVWX,TUVWX,TUVWX,SUWX,SW,TU,TVW,TU,TVWX,TVWX,TVWX,mute[K],TUVWX,TVWX,TVWX,TVWX,TVWX,TU,SW,SWX,mute[K],mute[K],mute[K],mute[K],mute[K],mute[K],mute[K],mute[K],mute[K],mute[K],mute[K],mute[K],mute[K],mute[K],mute[K],mute[K],mute[K],mute[K],mute[K],mute[K],TWX,5<T>,5<T>,SUVWX,TVWX,TVWX,SUVWX,SUVW,SUVW,SUVW,SUVWX,SUVWX,SUVW,SUVW,SUVW,ST,STV,STU,STUVX,RWX,TU,mute[K],5<T>,5<T>,5<T>,5<T>,QRUX,TUX,TU,TUX,TU,TUX,TU,TUX,TUX,TU,TUX,TU,TUX,TU,TUX,TUX,TU,TUX,TU,TUX,TU,TUX,TUX,SX,5<T>,TU,TUX,TU,TUW,TUVX,S,SVX,5<T>,TUVW,5<T>,TUVW,5<T>,mute[K],mute[K],mute[K],mute[K],5<T>,TUVW,5<T>,TUVW,5<T>,5<T>,mute[K],mute[K],mute[K],5<T>,TUVW,5<T>,TUVW,5<T>,mute[K],mute[K],mute[K],mute[K],5<T>,TUVW,SUVW,5<T>,mute[K],mute[K],mute[K],mute[K],5<T>,TUVW,5<T>,TUVW,5<T>,mute[K],mute[K],mute[K],mute[K],5<T>,TUVW,5<T>,TUVW,5<T>,mute[K],mute[K],mute[K],mute[K],5<T>,TUVW,5<T>,TUVW,5<T>,mute[K],mute[K],mute[K],mute[K],5<T>,TUVW,5<T>,TW,STV,STWX,mute[K],mute[K],mute[K],TX,SVW,STV,mute[K],mute[K],mute[K],mute[K],SVWX,STV,mute[K],mute[K],mute[K],mute[K],TUW,mute[K],mute[K],mute[K],mute[K],mute[K],mute[K],mute[K],TX,TUW,mute[K],mute[K],mute[K],TW,STVW,SVX,mute[K],mute[K],mute[K],mute[K],mute[K],mute[K],mute[K],TVW,STUWX,STUVX,STUVWX,ST,mute[K],RW,RWXY,RVX,TVWX,5<T>,TUVW,TVW,TVWX,SX,5<T>,QQRVWX,QQQQTUVW,","(b.B-1)[J],(c1.c)[JO],(d1.d)[KMN],(c1.c)[KMNO],(b.B-1)[KMN],(#g1.#g)[IMN],(g1.g)[ILN],(f1.f)[ILM],(d1.d)[IK],(f1.c1.#g.f.C-1.F-2)[JNO],(f3.c3.#g2.f2.f1.c1.#g.f)[LM],(f3.c3.#g2.f2.f1.c1.#g.f)[IKLMO],(#d3.#d2.#d1.#d)[KMNO],(f3.f2.f1.f)[KMNO],(#f3.#f2.#f1.#f)[KMNO],(f3.f2.f1.f)[KMNO],(#d3.#d2.#d1.#d)[KL],(#c3.#c2.#c1.#c)[KMNO],(c3.c2.c1.c)[KMNO],(#c3.#c2.#c1.#c)[KMNO],(c3.c2.c1.c)[KMNO],(#a2.#a1.#a.#A-1)[KMNOP],(a2.a1.a.A-1)[JLMN],(a2.#d2.c2.a1.f.F-1)[JLMNO],(a2.f2.c2.a1.f.F-1)[JLMN],(#a2.f2.#c2.#a1.#A-1.#A-2)[JNO],(#a3.f3.#c3.#a2.#a1.f1.#c1.#a)[LNO],(#a3.f3.#c3.#a2.#a1.f1.#c1.#a)[IKLMO],(#g3.#g2.#g1.#g)[KMNO],(#a3.#a2.#a1.#a)[KL],(b3.b2.b1.b)[KMNO],(#a3.#a2.#a1.#a)[KMNO],(#g3.#g2.#g1.#g)[KMNO],(#f3.#f2.#f1.#f)[KMNO],(f3.f2.f1.f)[KL],(#f3.#f2.#f1.#f)[KMNO],(f3.f2.f1.f)[KMNO],(#d3.#d2.#d1.#d)[KMNO],(d3.d2.d1.d)[JLMN],(d2.#g1.f1.d1.#A-1.#A-2)[JLMNO],(d2.#a1.f1.d1.#A-1.#A-2)[JLMNP],(#d2.#a1.#f1.#d1.#D-1.#D-2)[JNO],(#d3.#a2.#f2.#d2.#d1.#a.#f.#d)[LNO],(#d3.#a2.#f2.#d2.#d1.#a.#f.#d)[IKLMO],(#c2.#c1)[LM],(#c4.#c3)[LNO],(#d2.#d1)[LM],(#d4.#d3)[LM],(e2.e1)[LNO],(e4.e3)[LM],(#d2.#d1)[LNO],(#d4.#d3)[LM],(#c2.#c1)[LM],(#c4.#c3)[LNO],(b1.b)[LM],(b3.b2)[LNO],(#a1.#a)[LM],(#a3.#a2)[LM],(b1.b)[LNO],(b3.b2)[LM],(#a1.#a)[LNO],(#a3.#a2)[LM],(#g1.#g)[LM],(#g3.#g2)[LNO],(g1.g)[LM],(g3.g2)[LNO],(#g1.#g)[LM],(#g3.#g2)[LM],(g1.g)[LNO],(g3.g2)[LM],(e1.e)[LNO],(e3.e2)[LM],(#d1.#d)[LM],(#d3.#d2)[LNO],(#c1.#c)[LM],(#c3.#c2)[LNO],(b.B-1)[LM],(b2.b1)[LM],(#a.#A-1)[LNO],(#a2.#a1)[LNO],(#d.#D-1)[LM],g2[LM],#d1[LM],#d2[LNO],#c1[LNO],#c2[LM],b[LM],b1[LNO],#a1[LM],g1[LNO],#d1[LM],#c1[LM],#a[LNO],g[LM],#d[LNO],#A-1[LMP],(b1.b.#d.#G-1)[JLMN],(#a1.#g1.b)[K],b1[LMNO],b2[K],#a2[LMNO],#g2[K],g2[LMNO],(g2.#c1.g.#A-1)[LMNO],#g2[K],#a2[K],(#d2.#a1.e1.#c1)[JLMN],(e1.#a)[JLMN],(#d2.#d1.#g.B-1)[JLMN],(d2.b1.#g1.#d1)[K],#d2[K],#d3[LMNO],#c3[LMNO],b2[K],#a2[LMNO],(#a2.e1.g.#c)[K],b2[LMNO],#c3[K],(g2.#a1.g1.e1.#c1)[JLMN],(g3.e3.#c3.#a2.#c1.#a.#c)[JLMN],(#g3.#d3.b2.#g2.b.#g.#d.B-1)[JLMNO],(g2.b1.#g1.#d1)[LMNO],#g2[K],b2[LMNO],b2[K],#c3[LMNO],#d3[K],(#g3.#g2.c1.#g.#d.c)[JLMN],(#g2.c2.#g1.#f1.#d1)[K],#a2[LMNO],c3[LMNO],c3[K],#c3[LMNO],#d3[K],(#g3.#g2.#c1.#g.e.#c)[JLMN],(#g2.#c2.#a1.#g1.e1)[LMNO],#a2[K],b2[K],b2[LMNO],#d3[LMNO],e3[K],(#a3.d1.#a.#g.f.d)[LMNO],#g3[K],g3[LMNO],(#c4.d2.#a1.#g1.f1)[K],b3[LMNO],#a3[K],e4[LMNO],#a3[K],e3[LMNO],(g3.#a2.#d.#D-1)[JLMN],(#d3.#d2.g1.#d1.#c1.#a)[LM],g2[LM],(f3.f2)[LNO],#g2[LM],(g3.g2.g1)[LNO],(#a2.e1)[LM],(g3.g2.#c1)[LM],(#a2.#a)[LNO],(#g3.#g2.#a1)[LM],b2[LNO],(#a3.#a2.#d1.#d)[LM],#c3[LM],(b3.b2.#d.#D-1)[LNO],#d3[KMNO],(#g3.#g2)[LM],(#g3.#g2.b1.#g1.#d1.b)[LM],b2[LNO],(g3.g2)[LM],#a2[LNO],(#g3.#g2.b1)[LM],(b2.#g1)[LM],(#a3.#a2.#d1)[LNO],(#c3.b)[LM],(b3.b2.b1)[LNO],#d3[LM],(#g3.#g2.#d1.#d)[LM],b2[LNO],(#a3.#a2.#d.#D-1)[LM],#c3[KMNO],(g3.g2)[LM],(g3.g2.g1.#d1.#c1.#a)[LNO],#a2[LM],(#g3.#g2)[LNO],b2[LM],(#a3.#a2.g1)[LM],(#c3.e1)[LNO],(#a3.#a2.#c1)[LM],(#c3.#a)[LNO],(b3.b2.#a1)[LM],#d3[LM],(#c4.#c3.#d1.#d)[LNO],e3[LM],(d4.d.D-1)[LNO],d3[LM],b3[LM],b2[LNO],(#g3.#g1.f1.d1.b)[LNO],#g2[LM],f3[LM],f2[LM],(d3.b1)[LNO],(d2.#g1)[LNO],(b2.f1)[LM],(b1.d1)[LM],(b2.#g2.b)[KMNO],(#g3.f3.d.D-1)[KMNOP],(e4.c.C-1)[LM],e3[LNO],#a3[LM],#a2[LNO],(g3.#c2.#a1.g1.e1)[LM],g2[LM],(e3.c1.c)[LNO],e2[LM],(#a3.g3.c2.#a1.g1.e1)[KMNO],(e4.e3)[KMNO],(f4.c.C-1)[LM],f3[LNO],b3[LM],b2[LM],(#g3.c2.#g1.f1)[LNO],#g2[LM],(f3.c1.c)[LNO],f2[LM],(b3.#g3.c2.#g1.f1)[KMNO],(f4.f3)[KMNOP],(g4.g3.c.C-1)[JNO],(c2.#a1.g1.e1.#a.g.c)[LNO],(c2.#a1.g1.e1.#a.g.c)[IKLMO],(e4.e3.e2.e1)[KMNO],(f4.f3.f2.f1)[KL],(g4.g3.g2.g1)[KMNO],(f4.f3.f2.f1)[KMNO],(e4.e3.e2.e1)[KMNO],(f4.f3.f2.f1)[KMNO],(e4.e3.e2.e1)[KL],(#c4.#c3.#c2.#c1)[KMNO],(c4.c3.c2.c1)[KMNO],(#c4.#c3.#c2.#c1)[KMNO],(c4.c3.c2.c1)[KMNO],(#a3.#a2.#a1.#a)[KL],(#g3.#g2.#g1.#g)[KMN],(#a3.#a2.#a1.#a)[KL],(#g3.#g2.#g1.#g)[KMNO],(g3.g2.g1.g)[KMNO],(f3.f2.f1.f)[KMNO],(g3.g2.g1.g)[KMNO],(e3.e2.#a1.g1.e1.c1)[KL],#c3[LNO],c3[LM],#a2[LNO],#g2[LM],g2[LM],f2[LNO],e2[LM],#c2[LNO],c2[LM],#a1[LM],#g1[LNO],g1[LM],f1[LNO],e1[LM],f1[LM],e1[LNO],#c1[LM],c1[LNO],#a[LM],#g[LM],g[LNO],e[LM],#c[LNO],c[LM],#c[LM],c[LNO],#c[LM],#d[LNO],e[LM],f[LM],(g.F-1.F-2)[MN],#g[MO],c1[MN],#d1[KLMO],F-1[KMNO],c[KMNO],f[KL],(#g1.#g)[KMNO],(c2.c1)[KMNO],(d2.d1)[KMNO],(#g1.#d1)[MN],c2[MN],#d2[LNO],d1[KL],(c2.c1)[MO],#d2[MN],g2[LM],#g[KMNO],(g2.f)[MN],#a2[MN],d3[LNO],c[KMNO],(f2.F-1)[MN],#g2[MN],c3[LM],C-1[KMNO],(#g2.F-1.F-2)[MO],c3[MN],#d3[LM],d3[MN],#d3[MN],d3[MO],#d3[MN],(d3.F-1)[MN],#d3[MN],d3[MO],#d3[MN],(d3.c)[MN],#d3[MN],d3[MN],#d3[MN],(d3.#a2.g2.f)[KMN],#g[KL],(c3.#g2.f2.c1)[KMNO],d1[KMNO],(#a2.g2.#d2.#d1)[KL],d1[KMN],(#g2.#d2.c2.c1)[KL],#g[KMNO],(#d2.c2.#g1.f)[KMNO],c[KMNO],(f2.c2.#g1.F-1)[KMNO],c[KL],(#g1.d.D-1)[MN],c2[MO],d2[MN],g2[KLMO],#G-1[KMNO],c[KMNO],d[KL],f[KMNO],(f2.#g)[KMNO],(c2.c1)[KMNO],(f2.d1)[K],c2[MNO],c1[L],#g1[K],(f2.#g)[LMNO],c2[L],f[MNO],#g1[K],(g2.#g)[K],#d2[MNO],f[L],c2[LMNO],(#g2.c)[K],#d2[L],f[MNO],c2[K],(g2.g1.d1.b.g)[IMO],d2[KL],(g2.G-1.G-2)[KMNO],#g2[KMNO],#a2[JLMN],(#a2.G-1)[KLMNO],d[K],#g2[LMNO],g[KLMNO],(#d2.b)[KLMNO],d1[K],f2[LMNO],f1[KLMNO],(g2.g)[MN],c1[MN],#d1[JN],c[KL],g[KMN],(c1.C-1)[KL],d1[KMNO],#d1[KMNO],g1[KMNO],(B-1.B-2)[K],g[LMNO],b[K],d1[KMNO],f1[KMNO],g1[KMNO],b1[KMNO],d2[KL],f2[KMNO],g1[MN],#a1[MO],#d2[JNO],#A-1[K],#d[LMNO],g[K],(#a.#A-1.#A-2)[LMNO],#d1[LMNO],g1[K],#a1[K],#d2[LMNO],g2[LMNO],(a2.A-1.A-2)[K],f2[LMNO],c2[K],a1[LMNO],f1[K],c1[LMNO],f2[LM],c2[LNO],a1[LM],f1[LM],c1[LNO],a[LM],f[LNO],F-2[LM],F-1[LM],c[LNO],f[L],#g[MNO],c1[L],#d1[JLMNO],(c3.c2.c1.c)[KMNO],(d3.d2.d1.d)[KMNO],(#d3.#d2.#d1.#d)[JLMNO],(#d3.#d2.#d1.#d)[JLMN],(#d3.#d2.#d1.#d)[JLMN],(f3.f2.f1.f)[JLMN],(g3.g2.g1.g)[JLMNO],(#g3.f3.d3.#g2.#g1.f1.d1.#g)[JLMNO],(#a3.#a2.#a1.#a)[JLMN],(#a3.#a2.#A-1.#A-2)[JLMN],(c4.c3.c2.c1)[JLMN],(c4.c3.#A-1.#A-2)[JK],(d4.d3.#G-1.#G-2)[JKM],(#d4.#d3.G-1.G-2)[JKL],(f4.f3.F-1.F-2)[JKLMO],(g4.g3.#D-1.#D-2)[INO],#d[KL],#a[KMO],g1[NO],#d1[MNO],#a1[LO],#d2[LN],g2[LN],#a2[LN],#d3[LN],g3[HILO],#a3[KLO],#d3[KL],#a3[KLO],#d3[KL],#a3[KLO],#d3[KL],d3[KLO],f3[KLO],g3[KL],#d3[KLO],d3[KL],#d3[KLO],f3[KL],d3[KLO],#d3[KLO],(#f3.d1)[MN],#f1[MN],a1[LM],g3[KLO],e3[KL],#f3[KLO],g3[KL],a3[KLO],#f3[KLO],g3[KL],(a3.a)[MN],c1[MN],d1[MN],#f1[MNO],#a3[KL],g3[KLO],a3[KL],#a3[KLN],c4[KLMO],a3[J],#a3[JMO],(c4.D-1)[MN],A-1[MO],(d4.d)[MN],#f[MO],#d4[LM],d4[LM],c4[LNO],b3[LNO],#a3[LM],a3[LM],#g3[LNO],g3[LNO],#f3[LM],f3[LNO],e3[LM],#d3[LNO],d3[LM],#c3[LNO],c3[LNO],b2[LM],#a2[LM],a2[LNO],#g2[LNO],g2[LM],#f2[LM],f2[LNO],(e2.#F-1)[MO],d[MN],(#d2.#f)[MN],c1[MN],d2[LNO],#c2[LM],c2[LNO],b1[LM],#a1[LNO],a1[LNO],#g1[LM],g1[LM],#f1[LNO],f1[LNO],e1[LM],#d1[LM],d1[LNO],#c1[LNO],c1[LM],b[LNO],#a[LM],a[LNO],#g[LM],g[LNO],#f[LNO],f[LM],(#f.d.A-1)[MN],c1[MN],#d1[JN],c[LM],#c[LNO],d[LNO],#d[LM],e[LNO],f[LM],#f[LNO],g[LM],#g[LNO],a[LNO],#a[LM],b[LM],c1[LNO],#c1[LNO],d1[LM],#d1[LM],e1[LNO],f1[LNO],#f1[LM],g1[LNO],#g1[LM],a1[LNO],#a1[LM],b1[LNO],c2[LNO],#c2[LM],d2[LM],#d2[LNO],e2[LNO],f2[LM],#f2[LM],g2[LNO],#g2[LNO],a2[LM],#g2[LNO],a2[LM],#g2[LNO],a2[LM],#g2[LNO],a2[LNO],#g2[LM],a2[LM],#g2[LNO],a2[LNO],#g3[LM],a3[LM],#g3[LNO],a3[LNO],#g3[LM],a3[LNO],#g3[LM],a3[LNO],#g3[LM],a3[LNO],#g3[LNO],a3[LM],#g3[LM],a3[LNO],#a3[LNO],a3[LM],(g3.e3.c3.G-1.G-2)[JMNO],(g2.e2.c2.g1.e1.c1)[LMO],(g2.e2.c2.g1.e1.c1)[JKNO],(g2.G-1.G-2)[KO],c3[KN],e3[KO],(c3.G-1.G-2)[MN],#d3[MNO],g3[KLN],(g2.#d2.c2.g1.#d1.c1)[LM],(g2.#d2.c2.g1.#d1.c1)[JKM],(g2.G-1.G-2)[KO],c3[KO],#d3[KN],(c3.F-1.F-2)[MN],#d3[MN],g3[KLN],(g2.#d2.c2.#g1.#d1.c1)[LMO],(g2.#d2.c2.#g1.#d1.c1)[JKM],(#g2.F-1.F-2)[LMO],c3[LM],#d3[LMN],g3[LM],(#g2.F-1.F-2)[MNO],c3[MN],f3[KLN],(#g1.f1.c1)[LMO],(f2.#g1.f1.c1)[LMO],f3[LMO],#d2[LMO],#d3[LMO],(d2.F-1.F-2)[LM],d3[LMO],#d2[LMO],#d3[LMO],(g2.#D-1.#D-2)[MNO],#a2[MN],f3[KLN],(g1.#d1.#a)[LMO],(#d2.g1.#d1.#a)[LMO],f2[LMN],g2[LMO],#a2[LMO],(g3.#d3.g2.#D-1.#D-2)[JKMN],(e3.c3.g2.E-1.E-2)[JMO],(e1.c1)[KNO],(f1.d1)[KNO],(g1.e1)[KNO],(#a1.f1)[KNO],(e2.g1)[LMN],(f2.#a1)[LMNO],(g2.c2)[LMN],(#a2.e2)[LMNO],(c3.#g2.f2.F-1.F-2)[JLM],(c2.#g1.f1.c1.#g.f)[LMNO],(c2.#g1.f1.c1.#g.f)[JKLMO],(c4.c3.F-1.F-2)[JKLMNO],(c3.a2.#f2.#F-1.#F-2)[JK],(c2.a1.#f1.c1.a.#f)[K],(c2.a1.#f1.c1.a.#f)[IN],(c4.c3.#F-1.#F-2)[INOP],(c3.a2.f2.d2.G-1.G-2)[IMO],G-1[LNO],B-1[LM],d[LNO],g[LNO],b[LM],d1[LM],g1[KMN],b1[KMNO],c2[KMNO],d2[LO],f2[LO],g2[L],b2[HHJKLMN],g3[LO],g4[HHHHKLMN],"],"id":2,"instruments":["piano","piano"],"alternatives":["",""]},{"bpm":520,"baseBeats":1,"scores":["mute[KLNO],mute[K],mute[K],mute[KMNO],mute[KLNO],mute[K],mute[K],mute[K],mute[K],mute[KNO],mute[KLNO],mute[KLNO],mute[K],mute[K],mute[KL],mute[KLNO],mute[K],mute[K],mute[K],mute[K],mute[KN],mute[KLM],mute[KLNO],mute[K],mute[K],mute[KMNO],mute[KLM],mute[K],mute[K],mute[K],mute[K],mute[KN],mute[KLNO],mute[KLM],mute[K],mute[K],mute[KMN],mute[KLM],mute[K],mute[K],mute[K],mute[K],mute[K],mute[KLMO],mute[KLM],mute[K],mute[K],mute[K],mute[K],mute[K],mute[K],mute[K],mute[K],mute[K],mute[K],mute[K],mute[K],mute[KLNO],mute[K],mute[K],mute[K],mute[K],mute[K],mute[K],mute[K],mute[K],mute[K],mute[K],mute[K],mute[K],mute[K],mute[K],mute[K],mute[K],mute[K],mute[K],mute[K],mute[K],mute[K],mute[K],mute[K],mute[K],mute[K],mute[K],mute[K],mute[K],mute[K],mute[K],mute[K],mute[K],mute[K],mute[K],mute[K],mute[K],mute[KLNO],mute[KLNO],mute[KLM],mute[K],mute[K],mute[KMNO],mute[KLNO],mute[K],mute[K],mute[K],mute[K],mute[KNO],mute[KLNO],mute[KLNO],mute[K],mute[K],mute[KMNO],mute[KLM],mute[K],mute[K],mute[K],mute[K],mute[KN],mute[KLM],mute[KLNO],mute[K],mute[K],mute[KMN],mute[KLNO],mute[K],mute[K],mute[K],mute[K],mute[KO],mute[KLNO],mute[KLOP],mute[K],mute[K],mute[KMO],mute[KLOP],mute[K],mute[K],mute[K],mute[K],mute[K],mute[KMNO],mute[JLMO],mute[KLMOP],mute[KNOP],mute[K],mute[K],mute[KMNO],mute[KLOP],mute[KLOP],mute[JLM],mute[K],mute[K],mute[KMNO],mute[KNOP],mute[KLMNO],mute[KL],mute[KLOP],mute[JKOP],mute[KNOP],mute[K],mute[K],mute[KMNO],mute[KLO],mute[KL],mute[KLOP],mute[JKNP],mute[IJMN],mute[KL],mute[KLOP],mute[KLOP],mute[KL],mute[KLOP],mute[KLOP],mute[KL],mute[KLOP],mute[KLOP],mute[KL],mute[KLOP],mute[KLOP],mute[KL],mute[KLOP],mute[KLOP],mute[KL],mute[KLOP],mute[KL],mute[KLOP],mute[K],mute[K],mute[K],mute[K],mute[K],mute[K],mute[K],mute[K],mute[K],mute[K],mute[KNO],mute[HILMP],mute[IJKLMN],mute[IJKLMN],mute[HHHHIKLM],","(c3.g2.#d2.c2.c.C-1)[KLNO],(c1.c)[LMOP],(d1.d)[LMNP],(#d1.#d)[LMOP],(d1.d)[LMOP],(c1.c)[KLNO],(#D-1.#D-2)[LMNP],(#d1.#d)[LMOP],(#F-1.#F-2)[LMOP],(#f1.#f)[LMOP],(G-1.G-2)[LMOP],(g1.g)[LMNP],(c3.g2.#d2.c2.c1.c)[KLNO],(#c3.#g2.f2.#c2.c.C-1)[KLNO],(c1.c)[LMNP],(d1.d)[LMOP],(#d1.#d)[LMOP],(d1.d)[LMNP],(c1.c)[KLNO],(#D-1.#D-2)[LMOP],(#d1.#d)[LMOP],(#F-1.#F-2)[LMNP],(#f1.#f)[LMOP],(G-1.G-2)[LMOP],(g1.g)[LMOP],(#c3.#g2.f2.#c2.c1.c)[KLM],(d3.a2.#f2.d2.c.C-1)[KLNO],(c1.c)[LMOP],(d1.d)[LMOP],(#d1.#d)[LMNP],(d1.d)[LMOP],(c1.c)[KLM],(#D-1.#D-2)[LMP],(#d1.#d)[LMNP],(#F-1.#F-2)[LMOP],(#f1.#f)[LMOP],(G-1.G-2)[LMNP],(g1.g)[LMOP],(d3.a2.#f2.d2.c1.c)[KLNO],(#d3.b2.g2.#d2.c.C-1)[KLM],(c1.c)[LMOP],(d1.d)[LMOP],(#d1.#d)[LMOP],(d1.d)[LMOP],(c1.c)[KLM],(#g3.#d3.c3.#g2.#g1)[LMOP],#d1[LMOP],#c1[LMOP],#g[LMNP],(g3.d3.b2.g2.g1)[LMOP],#d1[LMOP],b[LMNP],g[LMP],(#g3.#d3.#g2.f.F-1)[KLM],(f3.#g1.f1.c1)[LMOP],g3[LMNP],(#g3.#g1.f1.c1)[LMOP],f3[LMOP],(#a3.#g1.f1.c1)[LMOP],#g3[LMOP],(c3.f.F-1)[LMNP],c4[LMOP],(#a2.#g1.f1.c1)[LMOP],#a3[LMOP],(#g2.d.D-1)[LMOP],#g3[LMNP],(f2.f1.c1)[LMOP],f3[LMOP],(g3.#d3.c3.g2.#d.#D-1)[KLNO],(#d3.g1.#d1.c1)[LMNP],f3[LMOP],(g3.g1.#d1.c1)[LMOP],c3[LMNP],(#g3.g1.#d1.c1)[LMP],g3[LMNP],(c3.#d.#D-1)[LMOP],c4[LMOP],(#a2.g1.#d1.c1)[LMNP],#a3[LMOP],(#g2.c.C-1)[LMOP],#g3[LMOP],(#d2.#d1.c1)[LMOP],#d3[LMNP],(f2.d.D-1)[LMOP],f3[LMOP],(#g2.f1.c1.#g)[LMOP],c3[LMOP],(#d2.c.C-1)[LMNP],#d3[LMOP],(#g2.#d1.c1.#g)[LMOP],c3[LMOP],(d2.B-1.B-2)[LMOP],d3[LMNP],(f2.d1.#g.f)[LMOP],#g2[LMOP],(c2.#G-1.#G-2)[LMNP],c3[LMP],(f2.c1.#g.f)[LMNP],#g2[LMOP],(b1.G-1.G-2)[LMOP],b2[LMNP],(#g1.b.g.d)[LMOP],#g2[LMOP],(g1.b.g.d)[LMOP],g2[LMOP],(f1.b.g.d)[LMNP],f2[LMOP],(g1.g.G-1)[LMOP],b1[LMOP],(d2.f.F-1)[LMOP],g2[LMNP],(b2.#d.#D-1)[MOP],d3[MNO],g3[LMOP],(d.D-1)[KLNO],(c3.g2.#d2.c2.c.C-1)[KLM],(c1.c)[LMOP],(d1.d)[LMNP],(#d1.#d)[LMP],(d1.d)[LMNP],(c1.c)[KLNO],(#D-1.#D-2)[LMNP],(#d1.#d)[LMOP],(#F-1.#F-2)[LMOP],(#f1.#f)[LMOP],(G-1.G-2)[LMOP],(g1.g)[LMNP],(c3.g2.#d2.c2.c1.c)[KLNO],(#c3.#g2.f2.#c2.c.C-1)[KLNO],(c1.c)[LMNP],(d1.d)[LMOP],(#d1.#d)[LMOP],(d1.d)[LMOP],(c1.c)[KLM],(#D-1.#D-2)[LMOP],(#d1.#d)[LMOP],(#F-1.#F-2)[LMNP],(#f1.#f)[LMP],(G-1.G-2)[LMNP],(g1.g)[LMOP],(#c3.#g2.f2.#c2.c1.c)[KLM],(d3.a2.#f2.d2.c.C-1)[KLNO],(c1.c)[LMOP],(d1.d)[LMOP],(#d1.#d)[LMOP],(d1.d)[LMOP],(c1.c)[KLNO],(#D-1.#D-2)[LMNP],(#d1.#d)[LMP],(#F-1.#F-2)[LMOP],(#f1.#f)[LMOP],(G-1.G-2)[LMOP],(g1.g)[LMOP],(d3.a2.#f2.d2.c1.c)[KLNO],(#d3.b2.g2.#d2.c.C-1)[KLOP],(c1.c)[LMOP],(d1.d)[LMP],(#d1.#d)[LMOP],(d1.d)[LMOP],(c1.c)[KLOP],(#g3.#d3.c3.#g2.#g1)[LMOP],#d1[LMP],#c1[LMP],#g[LMOP],(g3.d3.b2.g2.g1)[LMOP],#d1[LMP],b[LMP],g[LMP],(#g3.#d3.#g2.f.F-1)[JLMO],(#G-1.#G-2)[MOP],(#g1.d1.#g)[KNP],(d.D-1)[MOP],(d2.#g1.d1)[KNOP],(#d.#D-1)[MOP],(#d2.a1.#d1)[KNP],(g.G-1)[MNO],(g2.#c2.g1)[KNP],(#g.#G-1)[MOP],(#g2.d2.#g1)[KLOP],(#g3.d3.#g2.f1.f)[KLOP],(a3.d3.a2.#f.#F-1)[JLM],(A-1.A-2)[MOP],(a1.d1.a)[KNP],(d.D-1)[MNO],(d2.#g1.d1)[KNP],(#d.#D-1)[MOP],(#d2.a1.#d1)[KNOP],(#g.#G-1)[MOP],(#g2.#c2.#g1)[KNP],(a.A-1)[MNO],(a2.d2.a1)[KL],(a3.#d3.a2.#f1.#f)[KLOP],(#a3.#d3.#a2.g.G-1)[JLM],(B-1.B-2)[MOP],(b2.d2.b1)[KNOP],(d.D-1)[MOP],(d3.#g2.d2)[KNP],(#d.#D-1)[MNO],(#d3.a2.#d2)[KNP],(#f.#F-1)[MOP],(#f3.#c3.#f2)[KNOP],(g.G-1)[MOP],(g3.d3.g2)[KL],(#a3.d3.#a2.g1.g)[KLOP],(b3.g3.d3.b2.g.G-1)[JMN],(g1.d1.b.f.d.G-1)[LMP],(g1.d1.b.f.d.G-1)[IJMN],(b3.b2.b1.b)[KL],(c4.c3.c2.c1)[KLOP],(d4.d3.d2.d1)[KLOP],(c4.c3.c2.c1)[KL],(b3.b2.b1.b)[KLOP],(c4.c3.c2.c1)[KLOP],(b3.b2.b1.b)[KL],(#g3.#g2.#g1.#g)[KLOP],(g3.g2.g1.g)[KLOP],(#g3.#g2.#g1.#g)[KL],(g3.g2.g1.g)[KLOP],(f3.f2.f1.f)[KLOP],(#d3.#d2.#d1.#d)[KL],(f3.f2.f1.f)[KLOP],(#d3.#d2.#d1.#d)[KLOP],(d3.d2.d1.d)[KL],(c3.c2.c1.c)[KLOP],(d3.d2.d1.d)[KL],(b2.b1.f1.d1.b.g)[KLOP],#g2[LMP],g2[LMP],f2[LMOP],#d2[LMP],d2[LMOP],c2[LMP],b1[LMP],#g1[LMP],g1[LMOP],f1[LMP],#d1[LMOP],d1[LMP],c1[LMP],b[LMP],(c1.#d.c)[HILMP],(c1.#g.f.F-1.F-2)[IJKLMN],(c1.#g.f.F-1.F-2)[IJKLMN],(c1.g.e.c.C-1.C-2)[HHHHIKLM],"],"id":3,"instruments":["piano","piano"],"alternatives":["",""]}],"audition":{"start":[0,0],"end":[2,778]}}