{"baseBpm":1,"musics":[{"bpm":1,"baseBeats":0.0625,"scores":["mute[J],mute[J],mute[J],mute[J],mute[J],mute[J],mute[J],mute[J],mute[J],mute[J],mute[J],mute[J],mute[J],mute[J],mute[J],mute[J],mute[J],mute[J],mute[J],mute[J],mute[J],mute[J],mute[J],mute[J],mute[J],mute[J],mute[J],mute[J],mute[J],mute[J],mute[J],mute[J],mute[J],mute[J],mute[J],mute[J],mute[J],mute[J],mute[J],mute[J],mute[J],mute[J],mute[J],mute[J],mute[J],mute[J],mute[J],mute[J],mute[J],mute[J],mute[J],mute[J],mute[J],mute[J],mute[J],mute[J],mute[J],mute[J],mute[J],mute[J],mute[J],mute[J],mute[J],mute[J],mute[J],mute[J],mute[J],mute[J],mute[J],mute[J],mute[J],mute[J],mute[J],mute[J],mute[J],mute[J],mute[J],mute[J],mute[J],mute[J],mute[J],mute[J],mute[J],mute[J],mute[J],mute[J],mute[J],mute[J],mute[J],mute[J],mute[J],mute[J],mute[J],mute[J],mute[J],mute[J],mute[J],mute[J],mute[J],mute[J],mute[J],mute[J],mute[J],mute[J],mute[J],mute[J],mute[J],mute[J],mute[J],mute[J],mute[J],mute[J],mute[J],mute[J],mute[J],mute[J],mute[J],mute[J],mute[J],mute[J],mute[J],mute[J],mute[J],mute[J],mute[J],mute[J],mute[J],mute[J],mute[J],mute[J],mute[J],mute[J],mute[J],mute[J],mute[J],mute[J],mute[J],mute[J],mute[J],mute[J],mute[J],mute[J],mute[J],mute[J],mute[J],mute[J],mute[J],mute[J],mute[J],mute[J],mute[J],mute[J],mute[J],mute[J],mute[J],mute[J],mute[J],mute[J],mute[J],mute[J],mute[J],mute[J],mute[J],mute[J],mute[J],mute[J],mute[J],mute[J];","a1[J],a1[J],a1[J],a1[J],a1[J],a1[J],a1[J],a1[J],a1[J],a1[J],a1[J],a1[J],a1[J],a1[J],a1[J],a1[J],a1[J],a1[J],a1[J],a1[J],a1[J],a1[J],a1[J],a1[J],a1[J],a1[J],a1[J],a1[J],a1[J],a1[J],a1[J],a1[J],a1[J],a1[J],a1[J],a1[J],a1[J],a1[J],a1[J],a1[J],a1[J],a1[J],a1[J],a1[J],a1[J],a1[J],a1[J],a1[J],a1[J],a1[J],a1[J],a1[J],a1[J],a1[J],a1[J],a1[J],a1[J],a1[J],a1[J],a1[J],a1[J],a1[J],a1[J],a1[J],a1[J],a1[J],a1[J],a1[J],a1[J],a1[J],a1[J],a1[J],a1[J],a1[J],a1[J],a1[J],a1[J],a1[J],a1[J],a1[J],a1[J],a1[J],a1[J],a1[J],a1[J],a1[J],a1[J],a1[J],a1[J],a1[J],a1[J],a1[J],a1[J],a1[J],a1[J],a1[J],a1[J],a1[J],a1[J],a1[J],a1[J],a1[J],a1[J],a1[J],a1[J],a1[J],a1[J],a1[J],a1[J],a1[J],a1[J],a1[J],a1[J],a1[J],a1[J],a1[J],a1[J],a1[J],a1[J],a1[J],a1[J],a1[J],a1[J],a1[J],a1[J],a1[J],a1[J],a1[J],a1[J],a1[J],a1[J],a1[J],a1[J],a1[J],a1[J],a1[J],a1[J],a1[J],a1[J],a1[J],a1[J],a1[J],a1[J],a1[J],a1[J],a1[J],a1[J],a1[J],a1[J],a1[J],a1[J],a1[J],a1[J],a1[J],a1[J],a1[J],a1[J],a1[J],a1[J],a1[J],a1[J],a1[J],a1[J],a1[J],a1[J],a1[J],a1[J],a1[J];"],"id":1,"instruments":["piano","piano"],"alternatives":["",""]},{"bpm":1,"baseBeats":0.0625,"scores":["mute[J],mute[J],mute[J],mute[J],mute[J],mute[J],mute[J],mute[J],mute[J],mute[J],mute[J],mute[J],mute[J],mute[J],mute[J],mute[J],mute[J],mute[J],mute[J],mute[J],mute[J],mute[J],mute[J],mute[J],mute[J],mute[J],mute[J],mute[J],mute[J],mute[J],mute[J],mute[J],mute[J],mute[J],mute[J],mute[J],mute[J],mute[J],mute[J],mute[J],mute[J],mute[J],mute[J],mute[J],mute[J],mute[J],mute[J],mute[J],mute[J],mute[J],mute[J],mute[J],mute[J],mute[J],mute[J],mute[J],mute[J],mute[J],mute[J],mute[J],mute[J],mute[J],mute[J],mute[J],mute[J],mute[J],mute[J],mute[J],mute[J],mute[J],mute[J],mute[J],mute[J],mute[J],mute[J],mute[J],mute[J],mute[J],mute[J],mute[J],mute[J],mute[J],mute[J],mute[J],mute[J],mute[J],mute[J],mute[J],mute[J],mute[J],mute[J],mute[J],mute[J],mute[J],mute[J],mute[J],mute[J],mute[J],mute[J],mute[J],mute[J],mute[J],mute[J],mute[J],mute[J],mute[J],mute[J],mute[J],mute[J],mute[J],mute[J],mute[J],mute[J],mute[J],mute[J],mute[J],mute[J],mute[J],mute[J],mute[J],mute[J],mute[J],mute[J],mute[J],mute[J],mute[J],mute[J],mute[J],mute[J],mute[J],mute[J],mute[J],mute[J],mute[J],mute[J],mute[J],mute[J],mute[J],mute[J],mute[J],mute[J],mute[J],mute[J],mute[J],mute[J],mute[J],mute[J],mute[J],mute[J],mute[J],mute[J],mute[J],mute[J],mute[J],mute[J],mute[J],mute[J],mute[J],mute[J],mute[J],mute[J],mute[J],mute[J],mute[J],mute[J],mute[J],mute[J],mute[J];","a1[J],a1[J],a1[J],a1[J],a1[J],a1[J],a1[J],a1[J],a1[J],a1[J],a1[J],a1[J],a1[J],a1[J],a1[J],a1[J],a1[J],a1[J],a1[J],a1[J],a1[J],a1[J],a1[J],a1[J],a1[J],a1[J],a1[J],a1[J],a1[J],a1[J],a1[J],a1[J],a1[J],a1[J],a1[J],a1[J],a1[J],a1[J],a1[J],a1[J],a1[J],a1[J],a1[J],a1[J],a1[J],a1[J],a1[J],a1[J],a1[J],a1[J],a1[J],a1[J],a1[J],a1[J],a1[J],a1[J],a1[J],a1[J],a1[J],a1[J],a1[J],a1[J],a1[J],a1[J],a1[J],a1[J],a1[J],a1[J],a1[J],a1[J],a1[J],a1[J],a1[J],a1[J],a1[J],a1[J],a1[J],a1[J],a1[J],a1[J],a1[J],a1[J],a1[J],a1[J],a1[J],a1[J],a1[J],a1[J],a1[J],a1[J],a1[J],a1[J],a1[J],a1[J],a1[J],a1[J],a1[J],a1[J],a1[J],a1[J],a1[J],a1[J],a1[J],a1[J],a1[J],a1[J],a1[J],a1[J],a1[J],a1[J],a1[J],a1[J],a1[J],a1[J],a1[J],a1[J],a1[J],a1[J],a1[J],a1[J],a1[J],a1[J],a1[J],a1[J],a1[J],a1[J],a1[J],a1[J],a1[J],a1[J],a1[J],a1[J],a1[J],a1[J],a1[J],a1[J],a1[J],a1[J],a1[J],a1[J],a1[J],a1[J],a1[J],a1[J],a1[J],a1[J],a1[J],a1[J],a1[J],a1[J],a1[J],a1[J],a1[J],a1[J],a1[J],a1[J],a1[J],a1[J],a1[J],a1[J],a1[J],a1[J],a1[J],a1[J],a1[J],a1[J],a1[J],a1[J];"],"id":2,"instruments":["piano","piano"],"alternatives":["",""]},{"bpm":1,"baseBeats":0.0625,"scores":["mute[J],mute[J],mute[J],mute[J],mute[J],mute[J],mute[J],mute[J],mute[J],mute[J],mute[J],mute[J],mute[J],mute[J],mute[J],mute[J],mute[J],mute[J],mute[J],mute[J],mute[J],mute[J],mute[J],mute[J],mute[J],mute[J],mute[J],mute[J],mute[J],mute[J],mute[J],mute[J],mute[J],mute[J],mute[J],mute[J],mute[J],mute[J],mute[J],mute[J],mute[J],mute[J],mute[J],mute[J],mute[J],mute[J],mute[J],mute[J],mute[J],mute[J],mute[J],mute[J],mute[J],mute[J],mute[J],mute[J],mute[J],mute[J],mute[J],mute[J],mute[J],mute[J],mute[J],mute[J],mute[J],mute[J],mute[J],mute[J],mute[J],mute[J],mute[I],mute[I],mute[I],mute[I],mute[I],mute[I],mute[I],mute[I],mute[I],mute[I],mute[I],mute[I],mute[I],mute[I],mute[I],mute[I],mute[I],mute[I],mute[I],mute[I],mute[I],mute[I],mute[I],mute[I],mute[I],mute[I],mute[I],mute[I],mute[I],mute[I],mute[I],mute[I],mute[I],mute[I],mute[I],mute[I],mute[I],mute[I],mute[I],mute[I],mute[I],mute[I],mute[I],mute[I],mute[I],mute[I],mute[I],mute[I],mute[I],mute[I],mute[I],mute[I],mute[I],mute[I],mute[I],mute[I],mute[I],mute[I],mute[I],mute[I],mute[I],mute[I],mute[I],mute[I],mute[I],mute[I],mute[I],mute[I],mute[I],mute[I],mute[I],mute[I],mute[I],mute[H],mute[H],mute[H],mute[H],mute[H],mute[H],mute[H],mute[H],mute[H],mute[H],mute[H],mute[H],mute[H],mute[H],mute[H],mute[H],mute[H],mute[H],mute[H],mute[H],mute[H],mute[H],mute[H],mute[H],mute[H],mute[H],mute[H],mute[H],mute[HI],mute[HI],mute[HI],mute[HI],mute[HH],mute[HHH],mute[HHHH],mute[O],mute[O],mute[O],mute[O],mute[J],mute[K],mute[L],mute[M],mute[N],mute[O],mute[O];","a1[J],a1[J],a1[J],a1[J],a1[J],a1[J],a1[J],a1[J],a1[J],a1[J],a1[J],a1[J],a1[J],a1[J],a1[J],a1[J],a1[J],a1[J],a1[J],a1[J],a1[J],a1[J],a1[J],a1[J],a1[J],a1[J],a1[J],a1[J],a1[J],a1[J],a1[J],a1[J],a1[J],a1[J],a1[J],a1[J],a1[J],a1[J],a1[J],a1[J],a1[J],a1[J],a1[J],a1[J],a1[J],a1[J],a1[J],a1[J],a1[J],a1[J],a1[J],a1[J],a1[J],a1[J],a1[J],a1[J],a1[J],a1[J],a1[J],a1[J],a1[J],a1[J],a1[J],a1[J],a1[J],a1[J],a1[J],a1[J],a1[J],a1[J],a1[I],a1[I],a1[I],a1[I],a1[I],a1[I],a1[I],a1[I],a1[I],a1[I],a1[I],a1[I],a1[I],a1[I],a1[I],a1[I],a1[I],a1[I],a1[I],a1[I],a1[I],a1[I],a1[I],a1[I],a1[I],a1[I],a1[I],a1[I],a1[I],a1[I],a1[I],a1[I],a1[I],a1[I],a1[I],a1[I],a1[I],a1[I],a1[I],a1[I],a1[I],a1[I],a1[I],a1[I],a1[I],a1[I],a1[I],a1[I],a1[I],a1[I],a1[I],a1[I],a1[I],a1[I],a1[I],a1[I],a1[I],a1[I],a1[I],a1[I],a1[I],a1[I],a1[I],a1[I],a1[I],a1[I],a1[I],a1[I],a1[I],a1[I],a1[I],a1[I],a1[I],a1[H],a1[H],a1[H],a1[H],a1[H],a1[H],a1[H],a1[H],a1[H],a1[H],a1[H],a1[H],a1[H],a1[H],a1[H],a1[H],a1[H],a1[H],a1[H],a1[H],a1[H],a1[H],a1[H],a1[H],a1[H],a1[H],a1[H],a1[H],a1[HI],a1[HI],a1[HI],a1[HI],a1[HH],a1[HHH],a1[HHHH],a1[O],a1[O],a1[O],C-1[O],C-1[J],c[K],c1[L],c2[M],c3[N],c4[O],c5[O];"],"id":3,"instruments":["piano","piano"],"alternatives":["",""]}]}