{"baseBpm":1,"musics":[{"bpm":1,"baseBeats":0.0625,"scores":["mute[HHH],mute[HHH],mute[HHH],mute[HHH],mute[HHH],mute[HHH],mute[HHH],mute[HHH],mute[HHH],mute[HHH],mute[HHH],mute[HHH],mute[HHH],mute[HHH],mute[HHH],mute[HHH],mute[HHH],mute[HHH],mute[HHH],mute[HHH],mute[HHH],mute[HHH],mute[HHH],mute[HHH],mute[HHH],mute[HHH],mute[HHHHHH],mute[HHH],mute[HHH],mute[HHH],mute[HHH],mute[HHH],mute[HHH],mute[HHH],mute[HHH],mute[HHH],mute[HHH],mute[HHH],mute[HHH],mute[HHH],mute[HHH],mute[HHH],mute[HHH],mute[HHH],mute[HHH],mute[HHH],mute[HHH],mute[HHH],mute[HHH],mute[HHH],mute[HHH],mute[HHH],mute[HHH],mute[HHHHHH],mute[HHH],mute[HHH],mute[HHH],mute[HHH],mute[HHH],mute[HHH],mute[HHH],mute[HHH],mute[HHH],mute[HHH],mute[HHH],mute[HHH],mute[HHH],mute[HHH],mute[HHH],mute[HHH],mute[HHH],mute[HHH],mute[HHH],mute[HHH],mute[HHH],mute[HHH],mute[HHH],mute[HHH],mute[HHH],mute[HHH],mute[HHHHHH],mute[HHH],mute[HHH],mute[HHH],mute[HHH],mute[HHH],mute[HHH],mute[HHH],mute[HHH],mute[HHH],mute[HHH],mute[HHH],mute[HHH],mute[HHH],mute[HHH],mute[HHH],mute[HHH],mute[HHH],mute[HHH],mute[HHH],mute[HHH],mute[HHH],mute[HHH],mute[HHH],mute[HHH],mute[HHH],mute[HHH],mute[HHHHHH],mute[HHH],mute[HHH],mute[HHH],mute[HHH],mute[HHH],mute[HHH],mute[HHH],mute[HHH],mute[HHH],mute[HHH],mute[HHH],mute[HHH],mute[HHH],mute[HHH],mute[HHH],mute[HHH],mute[HHH],mute[HHH],mute[HHH],mute[HHH],mute[HHH],mute[HHH],mute[HHH],mute[HHH],mute[HHH],mute[HHH],mute[HHHHHH],mute[HHH],mute[HHH],mute[HHH],mute[HHH],mute[HHH],mute[HHH],mute[HHH],mute[HHH],mute[HHH],mute[HHH],mute[HHH],mute[HHH],mute[HHH],mute[HHH],mute[HHH],mute[HHH],mute[HHH],mute[HHH],mute[HHH],mute[HHH],mute[HHH],mute[HHH],mute[HHH],mute[HHH],mute[HHH],mute[HHH],mute[HHHHHH],mute[HHH],mute[HHH],mute[HHH],mute[HHH],mute[HHH],mute[HHH],mute[HHH],mute[HHH],mute[HHH],mute[HHH],mute[HHH],mute[HHH],mute[HHH],mute[HHH],mute[HHH],mute[HHH],mute[HHH],mute[HHH],mute[HHH],mute[HHH],mute[HHH],mute[HHH],mute[HHH],mute[HHH],mute[HHH],mute[HHH],mute[HHHHHH],mute[HHH],mute[HHH],mute[HHH],mute[HHH],mute[HHH],mute[HHH],mute[HHH],mute[HHH],mute[HHH],mute[HHH],mute[HHH],mute[HHH],mute[HHH],mute[HHH],mute[HHH],mute[HHH],mute[HHH],mute[HHH],mute[HHH],mute[HHH],mute[HHH],mute[HHH],mute[HHH],mute[HHH],mute[HHH],mute[HHH],mute[HHHHHH],mute[HHH],mute[HHH],mute[HHH],mute[HHH],mute[HHH],mute[HHH],mute[HHH],mute[HHH],mute[HHH],mute[HHH],mute[HHH],mute[HHH],mute[HHH],mute[HHH],mute[HHH],mute[HHH],mute[HHH],mute[HHH],mute[HHH],mute[HHH],mute[HHH],mute[HHH],mute[HHH],mute[HHH],mute[HHH],mute[HHH],mute[HHHHHH],mute[HHH],mute[HHH],mute[HHH],mute[HHH],mute[HHH],mute[HHH],mute[HHH],mute[HHH],mute[HHH],mute[HHH],mute[HHH],mute[HHH],mute[HHH],mute[HHH],mute[HHH],mute[HHH],mute[HHH],mute[HHH],mute[HHH],mute[HHH],mute[HHH],mute[HHH],mute[HHH],mute[HHH],mute[HHH],mute[HHH],mute[HHHHHH],mute[HHH],mute[HHH],mute[HHH],mute[HHH],mute[HHH],mute[HHH],mute[HHH],mute[HHH],mute[HHH],mute[HHH],mute[HHH],mute[HHH],mute[HHH],mute[HHH],mute[HHH],mute[HHH],mute[HHH],mute[HHH],mute[HHH],mute[HHH],mute[HHH],mute[HHH],mute[HHH],mute[HHH],mute[HHH],mute[HHH],mute[HHHHHH],mute[HHH],mute[HHH],mute[HHH],mute[HHH],mute[HHH],mute[HHH],mute[HHH],mute[HHH],mute[HHH],mute[HHH],mute[HHH],mute[HHH],mute[HHH],mute[HHH],mute[HHH],mute[HHH],mute[HHH],mute[HHH],mute[HHH],mute[HHH],mute[HHH],mute[HHH],mute[HHH],mute[HHH],mute[HHH],mute[HHH],mute[HHHHHH],mute[HHH],mute[HHH],mute[HHH],mute[HHH],mute[HHH],mute[HHH],mute[HHH],mute[HHH],mute[HHH],mute[HHH],mute[HHH],mute[HHH],mute[HHH],mute[HHH],mute[HHH],mute[HHH],mute[HHH],mute[HHH],mute[HHH],mute[HHH],mute[HHH],mute[HHH],mute[HHH],mute[HHH],mute[HHH],mute[HHH],mute[HHHHHH],mute[HHH],mute[HHH],mute[HHH],mute[HHH],mute[HHH],mute[HHH],mute[HHH],mute[HHH],mute[HHH],mute[HHH],mute[HHH],mute[HHH],mute[HHH],mute[HHH],mute[HHH],mute[HHH],mute[HHH],mute[HHH],mute[HHH],mute[HHH],mute[HHH],mute[HHH],mute[HHH],mute[HHH],mute[HHH],mute[HHH],mute[HHHHHH],mute[HHH],mute[HHH],mute[HHH],mute[HHH],mute[HHH],mute[HHH],mute[HHH],mute[HHH],mute[HHH],mute[HHH],mute[HHH],mute[HHH],mute[HHH],mute[HHH],mute[HHH],mute[HHH],mute[HHH],mute[HHH],mute[HHH],mute[HHH],mute[HHH],mute[HHH],mute[HHH],mute[HHH],mute[HHH],mute[HHH],mute[HHHHHH],mute[HHH],mute[HHH],mute[HHH],mute[HHH],mute[HHH],mute[HHH],mute[HHH],mute[HHH],mute[HHH],mute[HHH],mute[HHH],mute[HHH],mute[HHH],mute[HHH],mute[HHH],mute[HHH],mute[HHH],mute[HHH],mute[HHH],mute[HHH],mute[HHH],mute[HHH],mute[HHH],mute[HHH],mute[HHH],mute[HHH],mute[HHHHHH],mute[HHH],mute[HHH],mute[HHH],mute[HHH],mute[HHH],mute[HHH],mute[HHH],mute[HHH],mute[HHH],mute[HHH],mute[HHH],mute[HHH],mute[HHH],mute[HHH],mute[HHH],mute[HHH],mute[HHH],mute[HHH],mute[HHH],mute[HHH],mute[HHH],mute[HHH],mute[HHH],mute[HHH],mute[HHH],mute[HHH],mute[HHHHHH],mute[HHH],mute[HHH],mute[HHH],mute[HHH],mute[HHH],mute[HHH],mute[HHH],mute[HHH],mute[HHH],mute[HHH],mute[HHH],mute[HHH],mute[HHH],mute[HHH],mute[HHH],mute[HHH],mute[HHH],mute[HHH],mute[HHH],mute[HHH],mute[HHH],mute[HHH],mute[HHH],mute[HHH],mute[HHH],mute[HHH],mute[HHHHHH],mute[HHH],mute[HHH],mute[HHH],mute[HHH],mute[HHH],mute[HHH],mute[HHH],mute[HHH],mute[HHH],mute[HHH],mute[HHH],mute[HHH],mute[HHH],mute[HHH],mute[HHH],mute[HHH],mute[HHH],mute[HHH],mute[HHH],mute[HHH],mute[HHH],mute[HHH],mute[HHH],mute[HHH],mute[HHH],mute[HHH],mute[HHHHHH],mute[HHH],mute[HHH],mute[HHH],mute[HHH],mute[HHH],mute[HHH],mute[HHH],mute[HHH],mute[HHH],mute[HHH],mute[HHH],mute[HHH],mute[HHH],mute[HHH],mute[HHH],mute[HHH],mute[HHH],mute[HHH],mute[HHH],mute[HHH],mute[HHH],mute[HHH],mute[HHH],mute[HHH],mute[HHH],mute[HHH],mute[HHHHHH],mute[HHH],mute[HHH],mute[HHH],mute[HHH],mute[HHH],mute[HHH],mute[HHH],mute[HHH],mute[HHH],mute[HHH],mute[HHH],mute[HHH],mute[HHH],mute[HHH],mute[HHH],mute[HHH],mute[HHH],mute[HHH],mute[HHH],mute[HHH],mute[HHH],mute[HHH],mute[HHH],mute[HHH],mute[HHH],mute[HHH],mute[HHHHHH],mute[HHH],mute[HHH],mute[HHH],mute[HHH],mute[HHH];","g4[HHH],g4[HHH],g4[HHH],g4[HHH],g4[HHH],g4[HHH],g4[HHH],g4[HHH],g4[HHH],g4[HHH],g4[HHH],g4[HHH],g4[HHH],g4[HHH],g4[HHH],g4[HHH],g4[HHH],g4[HHH],g4[HHH],g4[HHH],g4[HHH],g4[HHH],g4[HHH],g4[HHH],g4[HHH],g4[HHH],g4[HHHHHH],g4[HHH],g4[HHH],g4[HHH],g4[HHH],g4[HHH],g4[HHH],g4[HHH],g4[HHH],g4[HHH],g4[HHH],g4[HHH],g4[HHH],g4[HHH],g4[HHH],g4[HHH],g4[HHH],g4[HHH],g4[HHH],g4[HHH],g4[HHH],g4[HHH],g4[HHH],g4[HHH],g4[HHH],g4[HHH],g4[HHH],g4[HHHHHH],g4[HHH],g4[HHH],g4[HHH],g4[HHH],g4[HHH],g4[HHH],g4[HHH],g4[HHH],g4[HHH],g4[HHH],g4[HHH],g4[HHH],g4[HHH],g4[HHH],g4[HHH],g4[HHH],g4[HHH],g4[HHH],g4[HHH],g4[HHH],g4[HHH],g4[HHH],g4[HHH],g4[HHH],g4[HHH],g4[HHH],g4[HHHHHH],g4[HHH],g4[HHH],g4[HHH],g4[HHH],g4[HHH],g4[HHH],g4[HHH],g4[HHH],g4[HHH],g4[HHH],g4[HHH],g4[HHH],g4[HHH],g4[HHH],g4[HHH],g4[HHH],g4[HHH],g4[HHH],g4[HHH],g4[HHH],g4[HHH],g4[HHH],g4[HHH],g4[HHH],g4[HHH],g4[HHH],g4[HHHHHH],g4[HHH],g4[HHH],g4[HHH],g4[HHH],g4[HHH],g4[HHH],g4[HHH],g4[HHH],g4[HHH],g4[HHH],g4[HHH],g4[HHH],g4[HHH],g4[HHH],g4[HHH],g4[HHH],g4[HHH],g4[HHH],g4[HHH],g4[HHH],g4[HHH],g4[HHH],g4[HHH],g4[HHH],g4[HHH],g4[HHH],g4[HHHHHH],g4[HHH],g4[HHH],g4[HHH],g4[HHH],g4[HHH],g4[HHH],g4[HHH],g4[HHH],g4[HHH],g4[HHH],g4[HHH],g4[HHH],g4[HHH],g4[HHH],g4[HHH],g4[HHH],g4[HHH],g4[HHH],g4[HHH],g4[HHH],g4[HHH],g4[HHH],g4[HHH],g4[HHH],g4[HHH],g4[HHH],g4[HHHHHH],g4[HHH],g4[HHH],g4[HHH],g4[HHH],g4[HHH],g4[HHH],g4[HHH],g4[HHH],g4[HHH],g4[HHH],g4[HHH],g4[HHH],g4[HHH],g4[HHH],g4[HHH],g4[HHH],g4[HHH],g4[HHH],g4[HHH],g4[HHH],g4[HHH],g4[HHH],g4[HHH],g4[HHH],g4[HHH],g4[HHH],g4[HHHHHH],g4[HHH],g4[HHH],g4[HHH],g4[HHH],g4[HHH],g4[HHH],g4[HHH],g4[HHH],g4[HHH],g4[HHH],g4[HHH],g4[HHH],g4[HHH],g4[HHH],g4[HHH],g4[HHH],g4[HHH],g4[HHH],g4[HHH],g4[HHH],g4[HHH],g4[HHH],g4[HHH],g4[HHH],g4[HHH],g4[HHH],g4[HHHHHH],g4[HHH],g4[HHH],g4[HHH],g4[HHH],g4[HHH],g4[HHH],g4[HHH],g4[HHH],g4[HHH],g4[HHH],g4[HHH],g4[HHH],g4[HHH],g4[HHH],g4[HHH],g4[HHH],g4[HHH],g4[HHH],g4[HHH],g4[HHH],g4[HHH],g4[HHH],g4[HHH],g4[HHH],g4[HHH],g4[HHH],g4[HHHHHH],g4[HHH],g4[HHH],g4[HHH],g4[HHH],g4[HHH],g4[HHH],g4[HHH],g4[HHH],g4[HHH],g4[HHH],g4[HHH],g4[HHH],g4[HHH],g4[HHH],g4[HHH],g4[HHH],g4[HHH],g4[HHH],g4[HHH],g4[HHH],g4[HHH],g4[HHH],g4[HHH],g4[HHH],g4[HHH],g4[HHH],g4[HHHHHH],g4[HHH],g4[HHH],g4[HHH],g4[HHH],g4[HHH],g4[HHH],g4[HHH],g4[HHH],g4[HHH],g4[HHH],g4[HHH],g4[HHH],g4[HHH],g4[HHH],g4[HHH],g4[HHH],g4[HHH],g4[HHH],g4[HHH],g4[HHH],g4[HHH],g4[HHH],g4[HHH],g4[HHH],g4[HHH],g4[HHH],g4[HHHHHH],g4[HHH],g4[HHH],g4[HHH],g4[HHH],g4[HHH],g4[HHH],g4[HHH],g4[HHH],g4[HHH],g4[HHH],g4[HHH],g4[HHH],g4[HHH],g4[HHH],g4[HHH],g4[HHH],g4[HHH],g4[HHH],g4[HHH],g4[HHH],g4[HHH],g4[HHH],g4[HHH],g4[HHH],g4[HHH],g4[HHH],g4[HHHHHH],g4[HHH],g4[HHH],g4[HHH],g4[HHH],g4[HHH],g4[HHH],g4[HHH],g4[HHH],g4[HHH],g4[HHH],g4[HHH],g4[HHH],g4[HHH],g4[HHH],g4[HHH],g4[HHH],g4[HHH],g4[HHH],g4[HHH],g4[HHH],g4[HHH],g4[HHH],g4[HHH],g4[HHH],g4[HHH],g4[HHH],g4[HHHHHH],g4[HHH],g4[HHH],g4[HHH],g4[HHH],g4[HHH],g4[HHH],g4[HHH],g4[HHH],g4[HHH],g4[HHH],g4[HHH],g4[HHH],g4[HHH],g4[HHH],g4[HHH],g4[HHH],g4[HHH],g4[HHH],g4[HHH],g4[HHH],g4[HHH],g4[HHH],g4[HHH],g4[HHH],g4[HHH],g4[HHH],g4[HHHHHH],g4[HHH],g4[HHH],g4[HHH],g4[HHH],g4[HHH],g4[HHH],g4[HHH],g4[HHH],g4[HHH],g4[HHH],g4[HHH],g4[HHH],g4[HHH],g4[HHH],g4[HHH],g4[HHH],g4[HHH],g4[HHH],g4[HHH],g4[HHH],g4[HHH],g4[HHH],g4[HHH],g4[HHH],g4[HHH],g4[HHH],g4[HHHHHH],g4[HHH],g4[HHH],g4[HHH],g4[HHH],g4[HHH],g4[HHH],g4[HHH],g4[HHH],g4[HHH],g4[HHH],g4[HHH],g4[HHH],g4[HHH],g4[HHH],g4[HHH],g4[HHH],g4[HHH],g4[HHH],g4[HHH],g4[HHH],g4[HHH],g4[HHH],g4[HHH],g4[HHH],g4[HHH],g4[HHH],g4[HHHHHH],g4[HHH],g4[HHH],g4[HHH],g4[HHH],g4[HHH],g4[HHH],g4[HHH],g4[HHH],g4[HHH],g4[HHH],g4[HHH],g4[HHH],g4[HHH],g4[HHH],g4[HHH],g4[HHH],g4[HHH],g4[HHH],g4[HHH],g4[HHH],g4[HHH],g4[HHH],g4[HHH],g4[HHH],g4[HHH],g4[HHH],g4[HHHHHH],g4[HHH],g4[HHH],g4[HHH],g4[HHH],g4[HHH],g4[HHH],g4[HHH],g4[HHH],g4[HHH],g4[HHH],g4[HHH],g4[HHH],g4[HHH],g4[HHH],g4[HHH],g4[HHH],g4[HHH],g4[HHH],g4[HHH],g4[HHH],g4[HHH],g4[HHH],g4[HHH],g4[HHH],g4[HHH],g4[HHH],g4[HHHHHH],g4[HHH],g4[HHH],g4[HHH],g4[HHH],g4[HHH],g4[HHH],g4[HHH],g4[HHH],g4[HHH],g4[HHH],g4[HHH],g4[HHH],g4[HHH],g4[HHH],g4[HHH],g4[HHH],g4[HHH],g4[HHH],g4[HHH],g4[HHH],g4[HHH],g4[HHH],g4[HHH],g4[HHH],g4[HHH],g4[HHH],g4[HHHHHH],g4[HHH],g4[HHH],g4[HHH],g4[HHH],g4[HHH],g4[HHH],g4[HHH],g4[HHH],g4[HHH],g4[HHH],g4[HHH],g4[HHH],g4[HHH],g4[HHH],g4[HHH],g4[HHH],g4[HHH],g4[HHH],g4[HHH],g4[HHH],g4[HHH],g4[HHH],g4[HHH],g4[HHH],g4[HHH],g4[HHH],g4[HHHHHH],g4[HHH],g4[HHH],g4[HHH],g4[HHH],g4[HHH],g4[HHH],g4[HHH],g4[HHH],g4[HHH],g4[HHH],g4[HHH],g4[HHH],g4[HHH],g4[HHH],g4[HHH],g4[HHH],g4[HHH],g4[HHH],g4[HHH],g4[HHH],g4[HHH],g4[HHH],g4[HHH],g4[HHH],g4[HHH],g4[HHH],g4[HHHHHH],g4[HHH],g4[HHH],g4[HHH],g4[HHH],g4[HHH];"],"id":1,"instruments":["piano","piano"],"alternatives":["",""]},{"bpm":1,"baseBeats":0.0625,"scores":["mute[HHH],mute[HHH],mute[HHH],mute[HHH],mute[HHH],mute[HHH],mute[HHH],mute[HHH],mute[HHH],mute[HHH],mute[HHH],mute[HHH],mute[HHH],mute[HHH],mute[HHH],mute[HHH],mute[HHH],mute[HHH],mute[HHH],mute[HHH],mute[HHH],mute[HHHHHH],mute[HHH],mute[HHH],mute[HHH],mute[HHH],mute[HHH],mute[HHH],mute[HHH],mute[HHH],mute[HHH],mute[HHH],mute[HHH],mute[HHH],mute[HHH],mute[HHH],mute[HHH],mute[HHH],mute[HHH],mute[HHH],mute[HHH],mute[HHH],mute[HHH],mute[HHH],mute[HHH],mute[HHH],mute[HHH],mute[HHH],mute[HHHHHH],mute[HHH],mute[HHH],mute[HHH],mute[HHH],mute[HHH],mute[HHH],mute[HHH],mute[HHH],mute[HHH],mute[HHH],mute[HHH],mute[HHH],mute[HHH],mute[HHH],mute[HHH],mute[HHH],mute[HHH],mute[HHH],mute[HHH],mute[HHH],mute[HHH],mute[HHH],mute[HHH],mute[HHH],mute[HHH],mute[HHH],mute[HHHHHH],mute[HHH],mute[HHH],mute[HHH],mute[HHH],mute[HHH],mute[HHH],mute[HHH],mute[HHH],mute[HHH],mute[HHH],mute[HHH],mute[HHH],mute[HHH],mute[HHH],mute[HHH],mute[HHH],mute[HHH],mute[HHH],mute[HHH],mute[HHH],mute[HHH],mute[HHH],mute[HHH],mute[HHH],mute[HHH],mute[HHH],mute[HHHHHH],mute[HHH],mute[HHH],mute[HHH],mute[HHH],mute[HHH],mute[HHH],mute[HHH],mute[HHH],mute[HHH],mute[HHH],mute[HHH],mute[HHH],mute[HHH],mute[HHH],mute[HHH],mute[HHH],mute[HHH],mute[HHH],mute[HHH],mute[HHH],mute[HHH],mute[HHH],mute[HHH],mute[HHH],mute[HHH],mute[HHH],mute[HHHHHH],mute[HHH],mute[HHH],mute[HHH],mute[HHH],mute[HHH],mute[HHH],mute[HHH],mute[HHH],mute[HHH],mute[HHH],mute[HHH],mute[HHH],mute[HHH],mute[HHH],mute[HHH],mute[HHH],mute[HHH],mute[HHH],mute[HHH],mute[HHH],mute[HHH],mute[HHH],mute[HHH],mute[HHH],mute[HHH],mute[HHH],mute[HHHHHH],mute[HHH],mute[HHH],mute[HHH],mute[HHH],mute[HHH],mute[HHH],mute[HHH],mute[HHH],mute[HHH],mute[HHH],mute[HHH],mute[HHH],mute[HHH],mute[HHH],mute[HHH],mute[HHH],mute[HHH],mute[HHH],mute[HHH],mute[HHH],mute[HHH],mute[HHH],mute[HHH],mute[HHH],mute[HHH],mute[HHH],mute[HHHHHH],mute[HHH],mute[HHH],mute[HHH],mute[HHH],mute[HHH],mute[HHH],mute[HHH],mute[HHH],mute[HHH],mute[HHH],mute[HHH],mute[HHH],mute[HHH],mute[HHH],mute[HHH],mute[HHH],mute[HHH],mute[HHH],mute[HHH],mute[HHH],mute[HHH],mute[HHH],mute[HHH],mute[HHH],mute[HHH],mute[HHH],mute[HHHHHH],mute[HHH],mute[HHH],mute[HHH],mute[HHH],mute[HHH],mute[HHH],mute[HHH],mute[HHH],mute[HHH],mute[HHH],mute[HHH],mute[HHH],mute[HHH],mute[HHH],mute[HHH],mute[HHH],mute[HHH],mute[HHH],mute[HHH],mute[HHH],mute[HHH],mute[HHH],mute[HHH],mute[HHH],mute[HHH],mute[HHH],mute[HHHHHH],mute[HHH],mute[HHH],mute[HHH],mute[HHH],mute[HHH],mute[HHH],mute[HHH],mute[HHH],mute[HHH],mute[HHH],mute[HHH],mute[HHH],mute[HHH],mute[HHH],mute[HHH],mute[HHH],mute[HHH],mute[HHH],mute[HHH],mute[HHH],mute[HHH],mute[HHH],mute[HHH],mute[HHH],mute[HHH],mute[HHH],mute[HHHHHH],mute[HHH],mute[HHH],mute[HHH],mute[HHH],mute[HHH],mute[HHH],mute[HHH],mute[HHH],mute[HHH],mute[HHH],mute[HHH],mute[HHH],mute[HHH],mute[HHH],mute[HHH],mute[HHH],mute[HHH],mute[HHH],mute[HHH],mute[HHH],mute[HHH],mute[HHH],mute[HHH],mute[HHH],mute[HHH],mute[HHH],mute[HHHHHH],mute[HHH],mute[HHH],mute[HHH],mute[HHH],mute[HHH],mute[HHH],mute[HHH],mute[HHH],mute[HHH],mute[HHH],mute[HHH],mute[HHH],mute[HHH],mute[HHH],mute[HHH],mute[HHH],mute[HHH],mute[HHH],mute[HHH],mute[HHH],mute[HHH],mute[HHH],mute[HHH],mute[HHH],mute[HHH],mute[HHH],mute[HHHHHH],mute[HHH],mute[HHH],mute[HHH],mute[HHH],mute[HHH],mute[HHH],mute[HHH],mute[HHH],mute[HHH],mute[HHH],mute[HHH],mute[HHH],mute[HHH],mute[HHH],mute[HHH],mute[HHH],mute[HHH],mute[HHH],mute[HHH],mute[HHH],mute[HHH],mute[HHH],mute[HHH],mute[HHH],mute[HHH],mute[HHH],mute[HHHHHH],mute[HHH],mute[HHH],mute[HHH],mute[HHH],mute[HHH],mute[HHH],mute[HHH],mute[HHH],mute[HHH],mute[HHH],mute[HHH],mute[HHH],mute[HHH],mute[HHH],mute[HHH],mute[HHH],mute[HHH],mute[HHH],mute[HHH],mute[HHH],mute[HHH],mute[HHH],mute[HHH],mute[HHH],mute[HHH],mute[HHH],mute[HHHHHH],mute[HHH],mute[HHH],mute[HHH],mute[HHH],mute[HHH],mute[HHH],mute[HHH],mute[HHH],mute[HHH],mute[HHH],mute[HHH],mute[HHH],mute[HHH],mute[HHH],mute[HHH],mute[HHH],mute[HHH],mute[HHH],mute[HHH],mute[HHH],mute[HHH],mute[HHH],mute[HHH],mute[HHH],mute[HHH],mute[HHH],mute[HHHHHH],mute[HHH],mute[HHH],mute[HHH],mute[HHH],mute[HHH],mute[HHH],mute[HHH],mute[HHH],mute[HHH],mute[HHH],mute[HHH],mute[HHH],mute[HHH],mute[HHH],mute[HHH],mute[HHH],mute[HHH],mute[HHH],mute[HHH],mute[HHH],mute[HHH],mute[HHH],mute[HHH],mute[HHH],mute[HHH],mute[HHH],mute[HHHHHH],mute[HHH],mute[HHH],mute[HHH],mute[HHH],mute[HHH],mute[HHH],mute[HHH],mute[HHH],mute[HHH],mute[HHH],mute[HHH],mute[HHH],mute[HHH],mute[HHH],mute[HHH],mute[HHH],mute[HHH],mute[HHH],mute[HHH],mute[HHH],mute[HHH],mute[HHH],mute[HHH],mute[HHH],mute[HHH],mute[HHH],mute[HHHHHH],mute[HHH],mute[HHH],mute[HHH],mute[HHH],mute[HHH],mute[HHH],mute[HHH],mute[HHH],mute[HHH],mute[HHH],mute[HHH],mute[HHH],mute[HHH],mute[HHH],mute[HHH],mute[HHH],mute[HHH],mute[HHH],mute[HHH],mute[HHH],mute[HHH],mute[HHH],mute[HHH],mute[HHH],mute[HHH],mute[HHH],mute[HHHHHH],mute[HHH],mute[HHH],mute[HHH],mute[HHH],mute[HHH],mute[HHH],mute[HHH],mute[HHH],mute[HHH],mute[HHH],mute[HHH],mute[HHH],mute[HHH],mute[HHH],mute[HHH],mute[HHH],mute[HHH],mute[HHH],mute[HHH],mute[HHH],mute[HHH],mute[HHH],mute[HHH],mute[HHH],mute[HHH],mute[HHH],mute[HHHHHH],mute[HHH],mute[HHH],mute[HHH],mute[HHH],mute[HHH],mute[HHH],mute[HHH],mute[HHH],mute[HHH],mute[HHH],mute[HHH],mute[HHH],mute[HHH],mute[HHH],mute[HHH],mute[HHH],mute[HHH],mute[HHH],mute[HHH],mute[HHH],mute[HHH],mute[HHH],mute[HHH],mute[HHH],mute[HHH],mute[HHH],mute[HHHHHH],mute[HHH],mute[HHH],mute[HHH],mute[HHH],mute[HHH],mute[HHH],mute[HHH],mute[HHH],mute[HHH],mute[HHH],mute[HHH],mute[HHH],mute[HHH],mute[HHH],mute[HHH],mute[HHH],mute[HHH],mute[HHH],mute[HHH],mute[HHH],mute[HHH],mute[HHH],mute[HHH],mute[HHH],mute[HHH],mute[HHH],mute[HHHHHH],mute[HHH],mute[HHH],mute[HHH],mute[HHH],mute[HHH],mute[HHH],mute[HHH],mute[HHH],mute[HHH],mute[HHH];","g4[HHH],g4[HHH],g4[HHH],g4[HHH],g4[HHH],g4[HHH],g4[HHH],g4[HHH],g4[HHH],g4[HHH],g4[HHH],g4[HHH],g4[HHH],g4[HHH],g4[HHH],g4[HHH],g4[HHH],g4[HHH],g4[HHH],g4[HHH],g4[HHH],g4[HHHHHH],g4[HHH],g4[HHH],g4[HHH],g4[HHH],g4[HHH],g4[HHH],g4[HHH],g4[HHH],g4[HHH],g4[HHH],g4[HHH],g4[HHH],g4[HHH],g4[HHH],g4[HHH],g4[HHH],g4[HHH],g4[HHH],g4[HHH],g4[HHH],g4[HHH],g4[HHH],g4[HHH],g4[HHH],g4[HHH],g4[HHH],g4[HHHHHH],g4[HHH],g4[HHH],g4[HHH],g4[HHH],g4[HHH],g4[HHH],g4[HHH],g4[HHH],g4[HHH],g4[HHH],g4[HHH],g4[HHH],g4[HHH],g4[HHH],g4[HHH],g4[HHH],g4[HHH],g4[HHH],g4[HHH],g4[HHH],g4[HHH],g4[HHH],g4[HHH],g4[HHH],g4[HHH],g4[HHH],g4[HHHHHH],g4[HHH],g4[HHH],g4[HHH],g4[HHH],g4[HHH],g4[HHH],g4[HHH],g4[HHH],g4[HHH],g4[HHH],g4[HHH],g4[HHH],g4[HHH],g4[HHH],g4[HHH],g4[HHH],g4[HHH],g4[HHH],g4[HHH],g4[HHH],g4[HHH],g4[HHH],g4[HHH],g4[HHH],g4[HHH],g4[HHH],g4[HHHHHH],g4[HHH],g4[HHH],g4[HHH],g4[HHH],g4[HHH],g4[HHH],g4[HHH],g4[HHH],g4[HHH],g4[HHH],g4[HHH],g4[HHH],g4[HHH],g4[HHH],g4[HHH],g4[HHH],g4[HHH],g4[HHH],g4[HHH],g4[HHH],g4[HHH],g4[HHH],g4[HHH],g4[HHH],g4[HHH],g4[HHH],g4[HHHHHH],g4[HHH],g4[HHH],g4[HHH],g4[HHH],g4[HHH],g4[HHH],g4[HHH],g4[HHH],g4[HHH],g4[HHH],g4[HHH],g4[HHH],g4[HHH],g4[HHH],g4[HHH],g4[HHH],g4[HHH],g4[HHH],g4[HHH],g4[HHH],g4[HHH],g4[HHH],g4[HHH],g4[HHH],g4[HHH],g4[HHH],g4[HHHHHH],g4[HHH],g4[HHH],g4[HHH],g4[HHH],g4[HHH],g4[HHH],g4[HHH],g4[HHH],g4[HHH],g4[HHH],g4[HHH],g4[HHH],g4[HHH],g4[HHH],g4[HHH],g4[HHH],g4[HHH],g4[HHH],g4[HHH],g4[HHH],g4[HHH],g4[HHH],g4[HHH],g4[HHH],g4[HHH],g4[HHH],g4[HHHHHH],g4[HHH],g4[HHH],g4[HHH],g4[HHH],g4[HHH],g4[HHH],g4[HHH],g4[HHH],g4[HHH],g4[HHH],g4[HHH],g4[HHH],g4[HHH],g4[HHH],g4[HHH],g4[HHH],g4[HHH],g4[HHH],g4[HHH],g4[HHH],g4[HHH],g4[HHH],g4[HHH],g4[HHH],g4[HHH],g4[HHH],g4[HHHHHH],g4[HHH],g4[HHH],g4[HHH],g4[HHH],g4[HHH],g4[HHH],g4[HHH],g4[HHH],g4[HHH],g4[HHH],g4[HHH],g4[HHH],g4[HHH],g4[HHH],g4[HHH],g4[HHH],g4[HHH],g4[HHH],g4[HHH],g4[HHH],g4[HHH],g4[HHH],g4[HHH],g4[HHH],g4[HHH],g4[HHH],g4[HHHHHH],g4[HHH],g4[HHH],g4[HHH],g4[HHH],g4[HHH],g4[HHH],g4[HHH],g4[HHH],g4[HHH],g4[HHH],g4[HHH],g4[HHH],g4[HHH],g4[HHH],g4[HHH],g4[HHH],g4[HHH],g4[HHH],g4[HHH],g4[HHH],g4[HHH],g4[HHH],g4[HHH],g4[HHH],g4[HHH],g4[HHH],g4[HHHHHH],g4[HHH],g4[HHH],g4[HHH],g4[HHH],g4[HHH],g4[HHH],g4[HHH],g4[HHH],g4[HHH],g4[HHH],g4[HHH],g4[HHH],g4[HHH],g4[HHH],g4[HHH],g4[HHH],g4[HHH],g4[HHH],g4[HHH],g4[HHH],g4[HHH],g4[HHH],g4[HHH],g4[HHH],g4[HHH],g4[HHH],g4[HHHHHH],g4[HHH],g4[HHH],g4[HHH],g4[HHH],g4[HHH],g4[HHH],g4[HHH],g4[HHH],g4[HHH],g4[HHH],g4[HHH],g4[HHH],g4[HHH],g4[HHH],g4[HHH],g4[HHH],g4[HHH],g4[HHH],g4[HHH],g4[HHH],g4[HHH],g4[HHH],g4[HHH],g4[HHH],g4[HHH],g4[HHH],g4[HHHHHH],g4[HHH],g4[HHH],g4[HHH],g4[HHH],g4[HHH],g4[HHH],g4[HHH],g4[HHH],g4[HHH],g4[HHH],g4[HHH],g4[HHH],g4[HHH],g4[HHH],g4[HHH],g4[HHH],g4[HHH],g4[HHH],g4[HHH],g4[HHH],g4[HHH],g4[HHH],g4[HHH],g4[HHH],g4[HHH],g4[HHH],g4[HHHHHH],g4[HHH],g4[HHH],g4[HHH],g4[HHH],g4[HHH],g4[HHH],g4[HHH],g4[HHH],g4[HHH],g4[HHH],g4[HHH],g4[HHH],g4[HHH],g4[HHH],g4[HHH],g4[HHH],g4[HHH],g4[HHH],g4[HHH],g4[HHH],g4[HHH],g4[HHH],g4[HHH],g4[HHH],g4[HHH],g4[HHH],g4[HHHHHH],g4[HHH],g4[HHH],g4[HHH],g4[HHH],g4[HHH],g4[HHH],g4[HHH],g4[HHH],g4[HHH],g4[HHH],g4[HHH],g4[HHH],g4[HHH],g4[HHH],g4[HHH],g4[HHH],g4[HHH],g4[HHH],g4[HHH],g4[HHH],g4[HHH],g4[HHH],g4[HHH],g4[HHH],g4[HHH],g4[HHH],g4[HHHHHH],g4[HHH],g4[HHH],g4[HHH],g4[HHH],g4[HHH],g4[HHH],g4[HHH],g4[HHH],g4[HHH],g4[HHH],g4[HHH],g4[HHH],g4[HHH],g4[HHH],g4[HHH],g4[HHH],g4[HHH],g4[HHH],g4[HHH],g4[HHH],g4[HHH],g4[HHH],g4[HHH],g4[HHH],g4[HHH],g4[HHH],g4[HHHHHH],g4[HHH],g4[HHH],g4[HHH],g4[HHH],g4[HHH],g4[HHH],g4[HHH],g4[HHH],g4[HHH],g4[HHH],g4[HHH],g4[HHH],g4[HHH],g4[HHH],g4[HHH],g4[HHH],g4[HHH],g4[HHH],g4[HHH],g4[HHH],g4[HHH],g4[HHH],g4[HHH],g4[HHH],g4[HHH],g4[HHH],g4[HHHHHH],g4[HHH],g4[HHH],g4[HHH],g4[HHH],g4[HHH],g4[HHH],g4[HHH],g4[HHH],g4[HHH],g4[HHH],g4[HHH],g4[HHH],g4[HHH],g4[HHH],g4[HHH],g4[HHH],g4[HHH],g4[HHH],g4[HHH],g4[HHH],g4[HHH],g4[HHH],g4[HHH],g4[HHH],g4[HHH],g4[HHH],g4[HHHHHH],g4[HHH],g4[HHH],g4[HHH],g4[HHH],g4[HHH],g4[HHH],g4[HHH],g4[HHH],g4[HHH],g4[HHH],g4[HHH],g4[HHH],g4[HHH],g4[HHH],g4[HHH],g4[HHH],g4[HHH],g4[HHH],g4[HHH],g4[HHH],g4[HHH],g4[HHH],g4[HHH],g4[HHH],g4[HHH],g4[HHH],g4[HHHHHH],g4[HHH],g4[HHH],g4[HHH],g4[HHH],g4[HHH],g4[HHH],g4[HHH],g4[HHH],g4[HHH],g4[HHH],g4[HHH],g4[HHH],g4[HHH],g4[HHH],g4[HHH],g4[HHH],g4[HHH],g4[HHH],g4[HHH],g4[HHH],g4[HHH],g4[HHH],g4[HHH],g4[HHH],g4[HHH],g4[HHH],g4[HHHHHH],g4[HHH],g4[HHH],g4[HHH],g4[HHH],g4[HHH],g4[HHH],g4[HHH],g4[HHH],g4[HHH],g4[HHH],g4[HHH],g4[HHH],g4[HHH],g4[HHH],g4[HHH],g4[HHH],g4[HHH],g4[HHH],g4[HHH],g4[HHH],g4[HHH],g4[HHH],g4[HHH],g4[HHH],g4[HHH],g4[HHH],g4[HHHHHH],g4[HHH],g4[HHH],g4[HHH],g4[HHH],g4[HHH],g4[HHH],g4[HHH],g4[HHH],g4[HHH],g4[HHH];"],"id":2,"instruments":["piano","piano"],"alternatives":["",""]},{"bpm":1,"baseBeats":0.0625,"scores":["mute[HHH],mute[HHH],mute[HHH],mute[HHH],mute[HHH],mute[HHH],mute[HHH],mute[HHH],mute[HHH],mute[HHH],mute[HHH],mute[HHH],mute[HHH],mute[HHH],mute[HHH],mute[HHH],mute[HHHHHH],mute[HHH],mute[HHH],mute[HHH],mute[HHH],mute[HHH],mute[HHH],mute[HHH],mute[HHH],mute[HHH],mute[HHH],mute[HHH],mute[HHH],mute[HHH],mute[HHH],mute[HHH],mute[HHH],mute[HHH],mute[HHH],mute[HHH],mute[HHH],mute[HHH],mute[HHH],mute[HHH],mute[HHH],mute[HHH],mute[HHH],mute[HHHHHH],mute[HHH],mute[HHH],mute[HHH],mute[HHH],mute[HHH],mute[HHH],mute[HHH],mute[HHH],mute[HHH],mute[HHH],mute[HHH],mute[HHH],mute[HHH],mute[HHH],mute[HHH],mute[HHH],mute[HHH],mute[HHH],mute[HHH],mute[HHH],mute[HHH],mute[HHH],mute[HHH],mute[HHH],mute[HHH],mute[HHH],mute[HHHHHH],mute[HHH],mute[HHH],mute[HHH],mute[HHH],mute[HHH],mute[HHH],mute[HHH],mute[HHH],mute[HHH],mute[HHH],mute[HHH],mute[HHH],mute[HHH],mute[HHH],mute[HHH],mute[HHH],mute[HHH],mute[HHH],mute[HHH],mute[HHH],mute[HHH],mute[HHH],mute[HHH],mute[HHH],mute[HHH],mute[HHH],mute[HHHHHH],mute[HHH],mute[HHH],mute[HHH],mute[HHH],mute[HHH],mute[HHH],mute[HHH],mute[HHH],mute[HHH],mute[HHH],mute[HHH],mute[HHH],mute[HHH],mute[HHH],mute[HHH],mute[HHH],mute[HHH],mute[HHH],mute[HHH],mute[HHH],mute[HHH],mute[HHH],mute[HHH],mute[HHH],mute[HHH],mute[HHH],mute[HHHHHH],mute[HHH],mute[HHH],mute[HHH],mute[HHH],mute[HHH],mute[HHH],mute[HHH],mute[HHH],mute[HHH],mute[HHH],mute[HHH],mute[HHH],mute[HHH],mute[HHH],mute[HHH],mute[HHH],mute[HHH],mute[HHH],mute[HHH],mute[HHH],mute[HHH],mute[HHH],mute[HHH],mute[HHH],mute[HHH],mute[HHH],mute[HHHHHH],mute[HHH],mute[HHH],mute[HHH],mute[HHH],mute[HHH],mute[HHH],mute[HHH],mute[HHH],mute[HHH],mute[HHH],mute[HHH],mute[HHH],mute[HHH],mute[HHH],mute[HHH],mute[HHH],mute[HHH],mute[HHH],mute[HHH],mute[HHH],mute[HHH],mute[HHH],mute[HHH],mute[HHH],mute[HHH],mute[HHH],mute[HHHHHH],mute[HHH],mute[HHH],mute[HHH],mute[HHH],mute[HHH],mute[HHH],mute[HHH],mute[HHH],mute[HHH],mute[HHH],mute[HHH],mute[HHH],mute[HHH],mute[HHH],mute[HHH],mute[HHH],mute[HHH],mute[HHH],mute[HHH],mute[HHH],mute[HHH],mute[HHH],mute[HHH],mute[HHH],mute[HHH],mute[HHH],mute[HHHHHH],mute[HHH],mute[HHH],mute[HHH],mute[HHH],mute[HHH],mute[HHH],mute[HHH],mute[HHH],mute[HHH],mute[HHH],mute[HHH],mute[HHH],mute[HHH],mute[HHH],mute[HHH],mute[HHH],mute[HHH],mute[HHH],mute[HHH],mute[HHH],mute[HHH],mute[HHH],mute[HHH],mute[HHH],mute[HHH],mute[HHH],mute[HHHHHH],mute[HHH],mute[HHH],mute[HHH],mute[HHH],mute[HHH],mute[HHH],mute[HHH],mute[HHH],mute[HHH],mute[HHH],mute[HHH],mute[HHH],mute[HHH],mute[HHH],mute[HHH],mute[HHH],mute[HHH],mute[HHH],mute[HHH],mute[HHH],mute[HHH],mute[HHH],mute[HHH],mute[HHH],mute[HHH],mute[HHH],mute[HHHHHH],mute[HHH],mute[HHH],mute[HHH],mute[HHH],mute[HHH],mute[HHH],mute[HHH],mute[HHH],mute[HHH],mute[HHH],mute[HHH],mute[HHH],mute[HHH],mute[HHH],mute[HHH],mute[HHH],mute[HHH],mute[HHH],mute[HHH],mute[HHH],mute[HHH],mute[HHH],mute[HHH],mute[HHH],mute[HHH],mute[HHH],mute[HHHHHH],mute[HHH],mute[HHH],mute[HHH],mute[HHH],mute[HHH],mute[HHH],mute[HHH],mute[HHH],mute[HHH],mute[HHH],mute[HHH],mute[HHH],mute[HHH],mute[HHH],mute[HHH],mute[HHH],mute[HHH],mute[HHH],mute[HHH],mute[HHH],mute[HHH],mute[HHH],mute[HHH],mute[HHH],mute[HHH],mute[HHH],mute[HHHHHH],mute[HHH],mute[HHH],mute[HHH],mute[HHH],mute[HHH],mute[HHH],mute[HHH],mute[HHH],mute[HHH],mute[HHH],mute[HHH],mute[HHH],mute[HHH],mute[HHH],mute[HHH],mute[HHH],mute[HHH],mute[HHH],mute[HHH],mute[HHH],mute[HHH],mute[HHH],mute[HHH],mute[HHH],mute[HHH],mute[HHH],mute[HHHHHH],mute[HHH],mute[HHH],mute[HHH],mute[HHH],mute[HHH],mute[HHH],mute[HHH],mute[HHH],mute[HHH],mute[HHH],mute[HHH],mute[HHH],mute[HHH],mute[HHH],mute[HHH],mute[HHH],mute[HHH],mute[HHH],mute[HHH],mute[HHH],mute[HHH],mute[HHH],mute[HHH],mute[HHH],mute[HHH],mute[HHH],mute[HHHHHH],mute[HHH],mute[HHH],mute[HHH],mute[HHH],mute[HHH],mute[HHH],mute[HHH],mute[HHH],mute[HHH],mute[HHH],mute[HHH],mute[HHH],mute[HHH],mute[HHH],mute[HHH],mute[HHH],mute[HHH],mute[HHH],mute[HHH],mute[HHH],mute[HHH],mute[HHH],mute[HHH],mute[HHH],mute[HHH],mute[HHH],mute[HHHHHH],mute[HHH],mute[HHH],mute[HHH],mute[HHH],mute[HHH],mute[HHH],mute[HHH],mute[HHH],mute[HHH],mute[HHH],mute[HHH],mute[HHH],mute[HHH],mute[HHH],mute[HHH],mute[HHH],mute[HHH],mute[HHH],mute[HHH],mute[HHH],mute[HHH],mute[HHH],mute[HHH],mute[HHH],mute[HHH],mute[HHH],mute[HHHHHH],mute[HHH],mute[HHH],mute[HHH],mute[HHH],mute[HHH],mute[HHH],mute[HHH],mute[HHH],mute[HHH],mute[HHH],mute[HHH],mute[HHH],mute[HHH],mute[HHH],mute[HHH],mute[HHH],mute[HHH],mute[HHH],mute[HHH],mute[HHH],mute[HHH],mute[HHH],mute[HHH],mute[HHH],mute[HHH],mute[HHH],mute[HHHHHH],mute[HHH],mute[HHH],mute[HHH],mute[HHH],mute[HHH],mute[HHH],mute[HHH],mute[HHH],mute[HHH],mute[HHH],mute[HHH],mute[HHH],mute[HHH],mute[HHH],mute[HHH],mute[HHH],mute[HHH],mute[HHH],mute[HHH],mute[HHH],mute[HHH],mute[HHH],mute[HHH],mute[HHH],mute[HHH],mute[HHH],mute[HHHHHH],mute[HHH],mute[HHH],mute[HHH],mute[HHH],mute[HHH],mute[HHH],mute[HHH],mute[HHH],mute[HHH],mute[HHH],mute[HHH],mute[HHH],mute[HHH],mute[HHH],mute[HHH],mute[HHH],mute[HHH],mute[HHH],mute[HHH],mute[HHH],mute[HHH],mute[HHH],mute[HHH],mute[HHH],mute[HHH],mute[HHH],mute[HHHHHH],mute[HHH],mute[HHH],mute[HHH],mute[HHH],mute[HHH],mute[HHH],mute[HHH],mute[HHH],mute[HHH],mute[HHH],mute[HHH],mute[HHH],mute[HHH],mute[HHH],mute[HHH],mute[HHH],mute[HHH],mute[HHH],mute[HHH],mute[HHH],mute[HHH],mute[HHH],mute[HHH],mute[HHH],mute[HHH],mute[HHH],mute[HHHHHH],mute[HHH],mute[HHH],mute[HHH],mute[HHH],mute[HHH],mute[HHH],mute[HHH],mute[HHH],mute[HHH],mute[HHH],mute[HHH],mute[HHH],mute[HHH],mute[HHH],mute[HHH],mute[HHH],mute[HHH],mute[HHH],mute[HHH],mute[HHH],mute[HHH],mute[HHH],mute[HHH],mute[HHH],mute[HHH],mute[HHH],mute[HHHHHH],mute[HHH],mute[HHH],mute[HHH],mute[HHH],mute[HHH],mute[HHH],mute[HHH],mute[HHH],mute[HHH],mute[HHH],mute[HHH],mute[HHH],mute[HHH],mute[HHH],mute[HHH],mute[HHH],mute[HHH],mute[HHH],mute[HHH],mute[HHH],mute[HHH],mute[HHH],mute[HHH],mute[HHH],mute[HHH],mute[HHH],mute[HHHHHH],mute[HHH],mute[HHH],mute[HHH],mute[HHH],mute[HHH],mute[HHH],mute[HHH],mute[HHH],mute[HHH],mute[HHH],mute[HHH],mute[HHH],mute[HHH],mute[HHH],mute[HHH],mute[HHH],mute[HHH],mute[HHH],mute[HHH],mute[HHH],mute[HHH],mute[HHH],mute[HHH],mute[HHH],mute[HHH],mute[HHH],mute[HHHHHH],mute[HHH],mute[HHH],mute[HHH],mute[HHH],mute[HHH],mute[HHH],mute[HHH],mute[HHH],mute[HHH],mute[HHH],mute[HHH],mute[HHH],mute[HHH],mute[HHH],mute[HHH],mute[HHH],mute[HHH],mute[HHH],mute[HHH],mute[HHH],mute[HHH],mute[HHH],mute[O],mute[O],mute[O],mute[O],mute[O],mute[O],mute[O],mute[O],mute[O],mute[O],mute[O];","g4[HHH],g4[HHH],g4[HHH],g4[HHH],g4[HHH],g4[HHH],g4[HHH],g4[HHH],g4[HHH],g4[HHH],g4[HHH],g4[HHH],g4[HHH],g4[HHH],g4[HHH],g4[HHH],g4[HHHHHH],g4[HHH],g4[HHH],g4[HHH],g4[HHH],g4[HHH],g4[HHH],g4[HHH],g4[HHH],g4[HHH],g4[HHH],g4[HHH],g4[HHH],g4[HHH],g4[HHH],g4[HHH],g4[HHH],g4[HHH],g4[HHH],g4[HHH],g4[HHH],g4[HHH],g4[HHH],g4[HHH],g4[HHH],g4[HHH],g4[HHH],g4[HHHHHH],g4[HHH],g4[HHH],g4[HHH],g4[HHH],g4[HHH],g4[HHH],g4[HHH],g4[HHH],g4[HHH],g4[HHH],g4[HHH],g4[HHH],g4[HHH],g4[HHH],g4[HHH],g4[HHH],g4[HHH],g4[HHH],g4[HHH],g4[HHH],g4[HHH],g4[HHH],g4[HHH],g4[HHH],g4[HHH],g4[HHH],g4[HHHHHH],g4[HHH],g4[HHH],g4[HHH],g4[HHH],g4[HHH],g4[HHH],g4[HHH],g4[HHH],g4[HHH],g4[HHH],g4[HHH],g4[HHH],g4[HHH],g4[HHH],g4[HHH],g4[HHH],g4[HHH],g4[HHH],g4[HHH],g4[HHH],g4[HHH],g4[HHH],g4[HHH],g4[HHH],g4[HHH],g4[HHH],g4[HHHHHH],g4[HHH],g4[HHH],g4[HHH],g4[HHH],g4[HHH],g4[HHH],g4[HHH],g4[HHH],g4[HHH],g4[HHH],g4[HHH],g4[HHH],g4[HHH],g4[HHH],g4[HHH],g4[HHH],g4[HHH],g4[HHH],g4[HHH],g4[HHH],g4[HHH],g4[HHH],g4[HHH],g4[HHH],g4[HHH],g4[HHH],g4[HHHHHH],g4[HHH],g4[HHH],g4[HHH],g4[HHH],g4[HHH],g4[HHH],g4[HHH],g4[HHH],g4[HHH],g4[HHH],g4[HHH],g4[HHH],g4[HHH],g4[HHH],g4[HHH],g4[HHH],g4[HHH],g4[HHH],g4[HHH],g4[HHH],g4[HHH],g4[HHH],g4[HHH],g4[HHH],g4[HHH],g4[HHH],g4[HHHHHH],g4[HHH],g4[HHH],g4[HHH],g4[HHH],g4[HHH],g4[HHH],g4[HHH],g4[HHH],g4[HHH],g4[HHH],g4[HHH],g4[HHH],g4[HHH],g4[HHH],g4[HHH],g4[HHH],g4[HHH],g4[HHH],g4[HHH],g4[HHH],g4[HHH],g4[HHH],g4[HHH],g4[HHH],g4[HHH],g4[HHH],g4[HHHHHH],g4[HHH],g4[HHH],g4[HHH],g4[HHH],g4[HHH],g4[HHH],g4[HHH],g4[HHH],g4[HHH],g4[HHH],g4[HHH],g4[HHH],g4[HHH],g4[HHH],g4[HHH],g4[HHH],g4[HHH],g4[HHH],g4[HHH],g4[HHH],g4[HHH],g4[HHH],g4[HHH],g4[HHH],g4[HHH],g4[HHH],g4[HHHHHH],g4[HHH],g4[HHH],g4[HHH],g4[HHH],g4[HHH],g4[HHH],g4[HHH],g4[HHH],g4[HHH],g4[HHH],g4[HHH],g4[HHH],g4[HHH],g4[HHH],g4[HHH],g4[HHH],g4[HHH],g4[HHH],g4[HHH],g4[HHH],g4[HHH],g4[HHH],g4[HHH],g4[HHH],g4[HHH],g4[HHH],g4[HHHHHH],g4[HHH],g4[HHH],g4[HHH],g4[HHH],g4[HHH],g4[HHH],g4[HHH],g4[HHH],g4[HHH],g4[HHH],g4[HHH],g4[HHH],g4[HHH],g4[HHH],g4[HHH],g4[HHH],g4[HHH],g4[HHH],g4[HHH],g4[HHH],g4[HHH],g4[HHH],g4[HHH],g4[HHH],g4[HHH],g4[HHH],g4[HHHHHH],g4[HHH],g4[HHH],g4[HHH],g4[HHH],g4[HHH],g4[HHH],g4[HHH],g4[HHH],g4[HHH],g4[HHH],g4[HHH],g4[HHH],g4[HHH],g4[HHH],g4[HHH],g4[HHH],g4[HHH],g4[HHH],g4[HHH],g4[HHH],g4[HHH],g4[HHH],g4[HHH],g4[HHH],g4[HHH],g4[HHH],g4[HHHHHH],g4[HHH],g4[HHH],g4[HHH],g4[HHH],g4[HHH],g4[HHH],g4[HHH],g4[HHH],g4[HHH],g4[HHH],g4[HHH],g4[HHH],g4[HHH],g4[HHH],g4[HHH],g4[HHH],g4[HHH],g4[HHH],g4[HHH],g4[HHH],g4[HHH],g4[HHH],g4[HHH],g4[HHH],g4[HHH],g4[HHH],g4[HHHHHH],g4[HHH],g4[HHH],g4[HHH],g4[HHH],g4[HHH],g4[HHH],g4[HHH],g4[HHH],g4[HHH],g4[HHH],g4[HHH],g4[HHH],g4[HHH],g4[HHH],g4[HHH],g4[HHH],g4[HHH],g4[HHH],g4[HHH],g4[HHH],g4[HHH],g4[HHH],g4[HHH],g4[HHH],g4[HHH],g4[HHH],g4[HHHHHH],g4[HHH],g4[HHH],g4[HHH],g4[HHH],g4[HHH],g4[HHH],g4[HHH],g4[HHH],g4[HHH],g4[HHH],g4[HHH],g4[HHH],g4[HHH],g4[HHH],g4[HHH],g4[HHH],g4[HHH],g4[HHH],g4[HHH],g4[HHH],g4[HHH],g4[HHH],g4[HHH],g4[HHH],g4[HHH],g4[HHH],g4[HHHHHH],g4[HHH],g4[HHH],g4[HHH],g4[HHH],g4[HHH],g4[HHH],g4[HHH],g4[HHH],g4[HHH],g4[HHH],g4[HHH],g4[HHH],g4[HHH],g4[HHH],g4[HHH],g4[HHH],g4[HHH],g4[HHH],g4[HHH],g4[HHH],g4[HHH],g4[HHH],g4[HHH],g4[HHH],g4[HHH],g4[HHH],g4[HHHHHH],g4[HHH],g4[HHH],g4[HHH],g4[HHH],g4[HHH],g4[HHH],g4[HHH],g4[HHH],g4[HHH],g4[HHH],g4[HHH],g4[HHH],g4[HHH],g4[HHH],g4[HHH],g4[HHH],g4[HHH],g4[HHH],g4[HHH],g4[HHH],g4[HHH],g4[HHH],g4[HHH],g4[HHH],g4[HHH],g4[HHH],g4[HHHHHH],g4[HHH],g4[HHH],g4[HHH],g4[HHH],g4[HHH],g4[HHH],g4[HHH],g4[HHH],g4[HHH],g4[HHH],g4[HHH],g4[HHH],g4[HHH],g4[HHH],g4[HHH],g4[HHH],g4[HHH],g4[HHH],g4[HHH],g4[HHH],g4[HHH],g4[HHH],g4[HHH],g4[HHH],g4[HHH],g4[HHH],g4[HHHHHH],g4[HHH],g4[HHH],g4[HHH],g4[HHH],g4[HHH],g4[HHH],g4[HHH],g4[HHH],g4[HHH],g4[HHH],g4[HHH],g4[HHH],g4[HHH],g4[HHH],g4[HHH],g4[HHH],g4[HHH],g4[HHH],g4[HHH],g4[HHH],g4[HHH],g4[HHH],g4[HHH],g4[HHH],g4[HHH],g4[HHH],g4[HHHHHH],g4[HHH],g4[HHH],g4[HHH],g4[HHH],g4[HHH],g4[HHH],g4[HHH],g4[HHH],g4[HHH],g4[HHH],g4[HHH],g4[HHH],g4[HHH],g4[HHH],g4[HHH],g4[HHH],g4[HHH],g4[HHH],g4[HHH],g4[HHH],g4[HHH],g4[HHH],g4[HHH],g4[HHH],g4[HHH],g4[HHH],g4[HHHHHH],g4[HHH],g4[HHH],g4[HHH],g4[HHH],g4[HHH],g4[HHH],g4[HHH],g4[HHH],g4[HHH],g4[HHH],g4[HHH],g4[HHH],g4[HHH],g4[HHH],g4[HHH],g4[HHH],g4[HHH],g4[HHH],g4[HHH],g4[HHH],g4[HHH],g4[HHH],g4[HHH],g4[HHH],g4[HHH],g4[HHH],g4[HHHHHH],g4[HHH],g4[HHH],g4[HHH],g4[HHH],g4[HHH],g4[HHH],g4[HHH],g4[HHH],g4[HHH],g4[HHH],g4[HHH],g4[HHH],g4[HHH],g4[HHH],g4[HHH],g4[HHH],g4[HHH],g4[HHH],g4[HHH],g4[HHH],g4[HHH],g4[HHH],g4[HHH],g4[HHH],g4[HHH],g4[HHH],g4[HHHHHH],g4[HHH],g4[HHH],g4[HHH],g4[HHH],g4[HHH],g4[HHH],g4[HHH],g4[HHH],g4[HHH],g4[HHH],g4[HHH],g4[HHH],g4[HHH],g4[HHH],g4[HHH],g4[HHH],g4[HHH],g4[HHH],g4[HHH],g4[HHH],g4[HHH],g4[HHH],g4[HHH],g4[HHH],g4[HHH],g4[HHH],g4[HHHHHH],g4[HHH],g4[HHH],g4[HHH],g4[HHH],g4[HHH],g4[HHH],g4[HHH],g4[HHH],g4[HHH],g4[HHH],g4[HHH],g4[HHH],g4[HHH],g4[HHH],g4[HHH],g4[HHH],g4[HHH],g4[HHH],g4[HHH],g4[HHH],g4[HHH],g4[HHH],g4[HHH],g4[HHH],g4[HHH],g4[HHH],g4[HHHHHH],g4[HHH],g4[HHH],g4[HHH],g4[HHH],g4[HHH],g4[HHH],g4[HHH],g4[HHH],g4[HHH],g4[HHH],g4[HHH],g4[HHH],g4[HHH],g4[HHH],g4[HHH],g4[HHH],g4[HHH],g4[HHH],g4[HHH],g4[HHH],g4[HHH],g4[HHH],g4[O],g4[O],g4[O],g4[O],a4[O],a4[O],a4[O],b4[O],b4[O],b4[O],c5[O];"],"id":3,"instruments":["piano","piano"],"alternatives":["",""]}]}