{"baseBpm":170,"musics":[{"bpm":170,"baseBeats":0.5,"scores":["A-1[L],e[K],e[L],f[K],e[K];A-1[L],e[K],e[L],f[L],#g[L],f[L],e[L];A-1[L],e[K],e[L],f[K],e[K];(E-1.e)[JK],U,(E-2.E-1)[L];(e1.e2)[K],(a.c1)[L],e[L],e[L],e[L],(a.c1)[L],e[L];e1[L],(d1.d2)[L],(e1.e2)[L],(f1.f2)[L],(#g1.#g2)[L],(a1.a2)[L],(#g1.#g2)[L],(f1.f2)[L];(e1.e2)[K],(a.c1)[L],e[L],e[L],e[L],(a.c1)[L],e[L];A-1[K],(a.c1)[L],e[L],e[L],e[L],c2[L],U;b1[L],c2[L],b1[L],c2[L],a1[L],U,b1[L],c2[L];b1[L],c2[L],a1[L],U,U,U,c2[L],U;b1[L],c2[L],d2[L],U,c2[L],b1[L],a1[L],U;b1[L],c2[L],d2[L],f2[L],e2[L],U,(e.e1)[L],U;(e1.e2)[K],(a.c1)[L],e[L],e[L],e[L],(a.c1)[L],e[L];e1[L],(d1.d2)[L],(e1.e2)[L],(f1.f2)[L],(#g1.#g2)[L],(a1.a2)[L],(#g1.#g2)[L],(f1.f2)[L];(e1.e2)[K],(a.c1)[L],e[L],e[L],e[L],(a.c1)[L],e[L];A-1[K],(a.c1)[L],e[L],e[L],e[L],c2[L],U;b1[L],c2[L],b1[L],c2[L],a1[L],U,b1[L],c2[L];b1[L],c2[L],a1[L],U,U,U,c2[L],U;b1[L],c2[L],d2[L],U,c2[L],b1[L],a1[L],U;a1[L],a1[L],g1[L],f1[L],e1[K],T;a1[K],e2[L],U,e2[L],U,e2[L],U;","R;R;R;R;A-1[K],T,S;A-1[K],(a.c1)[L],e[L],e[L],e[L],(a.c1)[L],e[L];A-1[K],T,S;S,T,(a.c1)[L],e[L];D-1[K],(d.f)[L],A-1[L],A-1[L],A-1[L],(d.f)[L],A-1[L];D-1[K],(d.f)[L],A-1[L],A-1[L],A-1[L],(d.f)[L],A-1[L];E-1[K],(e.#g)[L],B-1[L],B-1[L],B-1[L],(e.#g)[L],B-1[L];E-1[K],(e.#g)[L],B-1[L],B-1[L],B-1[L],(e.#g)[L],B-1[L];A-1[K],T,S;A-1[K],(a.c1)[L],e[L],e[L],e[L],(a.c1)[L],e[L];A-1[K],T,S;S,T,(a.c1)[L],e[L];D-1[K],(d.f)[L],A-1[L],A-1[L],A-1[L],(d.f)[L],A-1[L];D-1[K],(d.f)[L],A-1[L],A-1[L],A-1[L],(d.f)[L],A-1[L];E-1[K],(e.#g)[L],B-1[L],B-1[L],B-1[L],(e.#g)[L],B-1[L];E-1[K],S,(E-2.E-1)[K];A-1[K],(a.c1)[L],e[L],e[L],e[L],(a.c1)[L],e[L];"],"id":1,"instruments":["piano","piano"],"alternatives":["",""]},{"bpm":178,"baseBeats":0.5,"scores":["g2[L],5<f2[M],e2[M]>,f2[L],g2[L],a2[L],5<g2[M],f2[M]>,e2[L],U;5<b2[M],c3[M]>,5<a2[M],b2[M]>,#g2[L],a2[L],5<f2[M],#g2[M]>,5<f2[M],e2[M]>,d2[L],c2[L];5<b1[M],c2[M]>,5<a1[M],c2[M]>,5<b1[M],c2[M]>,5<a1[M],c2[M]>,b1[L],U,e1[L],U;a1[K],e2[L],U,e2[L],U,e2[L],U;g2[L],5<f2[M],e2[M]>,f2[L],g2[L],a2[L],5<g2[M],f2[M]>,e2[L],U;5<c3[M],d3[M]>,5<b2[M],c3[M]>,a2[L],b2[L],5<#g2[M],a2[M]>,5<#g2[M],f2[M]>,e2[L],d2[L];5<c2[M],e2[M]>,5<c2[M],b1[M]>,a1[L],#g1[L],b1[L],U,e1[L],U;(a.a1)[K],(e1.e2)[L],U,(e1.e2)[L],U,(e1.e2)[L],U;(g1.g2)[L],5<(f1.f2)[M],(e1.e2)[M]>,(f1.f2)[L],(g1.g2)[L],(a1.a2)[L],5<(g1.g2)[M],(f1.f2)[M]>,(e1.e2)[L],U;5<f2[M],#g2[M]>,5<f2[M],e2[M]>,5<d2[M],e2[M]>,5<d2[M],c2[M]>,5<b1[M],c2[M]>,5<b1[M],a1[M]>,5<#g1[M],a1[M]>,5<b1[M],f2[M]>;5<e2[M],f2[M]>,5<e2[M],d2[M]>,5<c2[M],d2[M]>,5<c2[M],b1[M]>,a1[L],#g1[L],f1[L],e1[L];(a.a1)[K],(e1.e2)[L],U,(e1.e2)[L],U,(e1.e2)[L],U;(g1.g2)[L],5<(f1.f2)[M],(e1.e2)[M]>,(f1.f2)[L],(g1.g2)[L],(a1.a2)[L],5<(g1.g2)[M],(f1.f2)[M]>,(e1.e2)[L],U;5<e3[M],f3[M]>,5<d3[M],e3[M]>,5<c3[M],d3[M]>,5<c3[M],b2[M]>,5<a2[M],b2[M]>,5<a2[M],f3[M]>,5<e3[M],f3[M]>,5<e3[M],d3[M]>;5<c3[M],e3[M]>,5<c3[M],b2[M]>,5<#g2[M],e2[M]>,5<d2[M],b1[M]>,5<a1[M],b1[M]>,5<c2[M],f2[M]>,5<e2[M],d2[M]>,5<c2[M],b1[M]>;(a.a1)[K],(e1.e2)[L],e[L],e[L],e[L],(a.c1)[L],e[L];(a.a1)[K],(f1.f2)[L],e[L],e[L],e[L],(a.c1)[L],e[L];(a.a1)[K],(g1.g2)[L],A-1[L],A-1[L],A-1[L],(d.f)[L],A-1[L];","A-1[K],(a.c1)[L],e[L],e[L],e[L],(a.c1)[L],e[L];D-1[K],(d.f)[L],A-1[L],A-1[L],A-1[L],(d.f)[L],A-1[L];E-1[K],(e.#g)[L],B-1[L],B-1[L],B-1[L],(e.#g)[L],B-1[L];A-1[K],(a.c1)[L],e[L],e[L],e[L],(a.c1)[L],e[L];A-1[K],(a.c1)[L],e[L],e[L],e[L],(a.c1)[L],e[L];D-1[K],(d.f)[L],A-1[L],A-1[L],A-1[L],(d.f)[L],A-1[L];E-1[K],(e.#g)[L],B-1[L],B-1[L],B-1[L],(e.#g)[L],B-1[L];A-1[K],(a.c1)[L],e[L],e[L],e[L],(a.c1)[L],e[L];A-1[K],(a.c1)[L],e[L],e[L],e[L],(a.c1)[L],e[L];D-1[K],(d.f)[L],A-1[L],A-1[L],A-1[L],(d.f)[L],A-1[L];E-1[K],(e.#g)[L],B-1[L],B-1[L],B-1[L],(e.#g)[L],B-1[L];A-1[K],(a.c1)[L],e[L],e[L],e[L],(a.c1)[L],e[L];A-1[K],(a.c1)[L],e[L],e[L],e[L],(a.c1)[L],e[L];D-1[K],(d.f)[L],A-1[L],A-1[L],A-1[L],(d.f)[L],A-1[L];E-1[K],(e.#g)[L],B-1[L],B-1[L],B-1[L],(e.#g)[L],B-1[L];A-1[K],(a.c1)[L],U,S;A-1[K],(a.c1)[L],U,S;D-1[K],(d.f)[L],U,S;"],"id":2,"instruments":["piano","piano"],"alternatives":["",""]},{"bpm":186,"baseBeats":0.5,"scores":["(b.b1)[K],(#g1.#g2)[L],B-1[L],B-1[L],B-1[L],(e.#g)[L],B-1[L];5<e2[M],f2[M]>,5<#g2[M],a2[M]>,5<f2[M],a2[M]>,5<#g2[M],f2[M]>,5<e2[M],f2[M]>,5<#g2[M],a2[M]>,5<b2[M],c3[M]>,5<a2[M],b2[M]>;5<f2[M],a2[M]>,5<#g2[M],f2[M]>,5<e2[M],f2[M]>,5<e2[M],d2[M]>,5<c2[M],d2[M]>,5<c2[M],b1[M]>,5<a1[M],b1[M]>,5<a1[M],#g1[M]>;5<(d1.b1)[M],e1[M]>,5<f1[M],#g1[M]>,5<b1[M],d2[M]>,5<f2[M],#g2[M]>,5<a2[M],#g2[M]>,5<a2[M],b2[M]>,5<c3[M],b2[M]>,5<c3[M],f3[M]>;5<(e2.e3)[M],f3[M]>,5<d3[M],f3[M]>,5<e3[M],f3[M]>,5<d3[M],f3[M]>,5<e3[M],d3[M]>,5<c3[M],b2[M]>,5<a2[M],#g2[M]>,5<f2[M],e2[M]>;8<f3[N],#g3[N],a3[N],#g3[N],f3[N],e3[N],d3[N],c3[N],b2[N],a2[N],#g2[N],a2[N],b2[N],a2[N],#g2[N],f2[N],e2[N],d2[N],e2[N],c3[N],b2[N],a2[N],#g2[N],f2[N],e2[N],b1[N],a1[N],#g1[N],f1[N],e1[N],f1[N],a1[N];b1[N],c2[N],d2[N],c2[N],b1[N],a1[N],#g1[N],f1[N],e1[N],f1[N],e1[N],d1[N],e1[N],f1[N],#g1[N],b1[N],d2[N],f2[N],#g2[N],b2[N],d3[N],f3[N],e3[N],f3[N],d3[N],f3[N],e3[N],f3[N],d3[N],f3[N],e3[N],d3[N];e3[N],f3[N],e3[N],f3[N],e3[N],f3[N],e3[N],f3[N],e3[N],d3[N],b2[N],a2[N],f2[N],#g2[N],f2[N],e2[N],d2[N],c2[N],b1[N],a1[N],#g1[N],f1[N],e1[N],d1[N],c1[N],b[N],a[N],#g[N],f[N],e[N],d[N],e[N]>;ST,c2[L],b1[L];a1[L],e[K],e[L],f[K],e[K];A-1[L],e[K],e[L],f[L],e[L],c[L],E-1[L];S,","E-1[K],(e.#g)[L],U,S;A-1[K],(a.c1)[L],e[L],e[L],e[L],(a.c1)[L],e[L];A-1[K],(a.c1)[L],e[L],e[L],e[L],(a.c1)[L],e[L];D-1[K],(d.f)[L],A-1[L],A-1[L],A-1[L],(d.f)[L],A-1[L];E-1[K],(e.#g)[L],B-1[L],B-1[L],B-1[L],(e.#g)[L],B-1[L];(E-2.E-1)[I];R;(E-1.e)[I];(E-2.E-1)[JK],T;A-1[L],U,T,S;R;(A-2.A-1)[J],"],"id":3,"instruments":["piano","piano"],"alternatives":["",""]}],"audition":{"start":[0,20],"end":[0,77]}}