{"baseBpm":19910329,"musics":[{"id":1,"baseBeats":0.5,"scores":["5<(c.e.e1.g1)[M],(g.c1)[M]>,5<(c.e.e1.g1)[M],(g.c1)[M]>,5<(c.e.e1.g1)[M],(g.c1)[M]>,5<(c.e.e1.g1)[M],(g.c1)[M]>,5<(c.e.e1.g1)[M],(g.c1)[M]>,5<(c.e.e1.g1)[M],(g.c1)[M]>,5<(c.e.e1.g1)[M],(g.c1)[M]>,5<(c.e.e1.g1)[M],(g.c1)[M]>,5<(B-1.d.f1.g1)[M],(g.d1)[M]>,5<(B-1.d.f1.g1)[M],(g.d1)[M]>,5<(B-1.d.f1.g1)[M],(g.d1)[M]>,5<(B-1.d.f1.g1)[M],(g.d1)[M]>,5<(B-1.d.f1.g1)[M],(g.d1)[M]>,5<(B-1.d.f1.g1)[M],(g.d1)[M]>,5<(B-1.d.f1.g1)[M],(g.d1)[M]>,5<(B-1.d.f1.g1)[M],(g.d1)[M]>;5<(c.e.e1.g1)[M],(g.c1)[M]>,5<(c.e.e1.g1)[M],(g.c1)[M]>,5<(c.e.e1.g1)[M],(g.c1)[M]>,5<(c.e.e1.g1)[M],(g.c1)[M]>,5<(c.e.e1.g1)[M],(g.c1)[M]>,5<(c.e.e1.g1)[M],(g.c1)[M]>,5<(c.e.e1.g1)[M],(g.c1)[M]>,5<(c.e.e1.g1)[M],(g.c1)[M]>,5<(A-1.e.a1.c2)[M],(a.e1)[M]>,5<(A-1.e.a1.c2)[M],(a.e1)[M]>,5<(A-1.e.a1.c2)[M],(a.e1)[M]>,5<(A-1.e.a1.c2)[M],(a.e1)[M]>,5<(A-1.e.a1.c2)[M],(a.e1)[M]>,5<(A-1.e.a1.c2)[M],(a.e1)[M]>,5<(A-1.e.a1.c2)[M],(a.e1)[M]>,5<(A-1.e.a1.c2)[M],(a.e1)[M]>;5<(d.g.g1.b1)[M],(b.d1)[M]>,5<(d.g.g1.b1)[M],(b.d1)[M]>,5<(d.g.g1.b1)[M],(b.d1)[M]>,5<(d.g.g1.b1)[M],(b.d1)[M]>,5<(d.g.g1.b1)[M],(b.d1)[M]>,5<(d.g.g1.b1)[M],(b.d1)[M]>,5<(d.g.g1.b1)[M],(b.d1)[M]>,5<(d.g.g1.b1)[M],(b.d1)[M]>,5<(D-1.d1.#f1.a1)[M],(d.c1)[M]>,5<(D-1.d1.#f1.a1)[M],(d.c1)[M]>,5<(D-1.d1.#f1.a1)[M],(d.c1)[M]>,5<(D-1.d1.#f1.a1)[M],(d.c1)[M]>,5<(D-1.d1.#f1.a1)[M],(d.c1)[M]>,5<(D-1.d1.#f1.a1)[M],(d.c1)[M]>,5<(D-1.d1.#f1.a1)[M],(d.c1)[M]>,5<(D-1.d1.#f1.a1)[M],(d.c1)[M]>;5<(G-1.d1.g1)[M],(g.b)[M]>,5<(G-1.d1.g1)[M],(g.b)[M]>,5<(G-1.d1.g1)[M],(g.b)[M]>,5<(G-1.d1.g1)[M],(g.b)[M]>,5<(G-1.d1.g1)[M],(g.b)[M]>,5<(G-1.d1.g1)[M],(g.b)[M]>,5<(G-1.d1.g1)[M],(g.b)[M]>,5<(G-1.d1.g1)[M],(g.b)[M]>,5<(G-1.d1.g1)[M],(f.b)[M]>,5<(G-1.d1.g1)[M],(f.b)[M]>,5<(G-1.d1.g1)[M],(f.b)[M]>,5<(G-1.d1.g1)[M],(f.b)[M]>,5<(G-1.d1.g1)[M],(f.b)[M]>,5<(G-1.d1.g1)[M],(f.b)[M]>,5<(G-1.d1.g1)[M],(f.b)[M]>,5<(G-1.d1.g1)[M],(f.b)[M]>;5<(c.e.e1.g1)[M],(g.c1)[M]>,5<(c.e.e1.g1)[M],(g.c1)[M]>,5<(c.e.e1.g1)[M],(g.c1)[M]>,5<(c.e.e1.g1)[M],(g.c1)[M]>,5<(c.e.e1.g1)[M],(g.c1)[M]>,5<(c.e.e1.g1)[M],(g.c1)[M]>,5<(c.e.e1.g1)[M],(g.c1)[M]>,5<(c.e.e1.g1)[M],(g.c1)[M]>,5<(B-1.d.e1.#g1)[M],(e.d1)[M]>,5<(B-1.d.e1.#g1)[M],(e.d1)[M]>,5<(B-1.d.e1.#g1)[M],(e.d1)[M]>,5<(B-1.d.e1.#g1)[M],(e.d1)[M]>,5<(B-1.d.e1.#g1)[M],(e.d1)[M]>,5<(B-1.d.e1.#g1)[M],(e.d1)[M]>,5<(B-1.d.e1.#g1)[M],(e.d1)[M]>,5<(B-1.d.e1.#g1)[M],(e.d1)[M]>;5<(A-1.c.e1.a1)[M],(e.c1)[M]>,5<(A-1.c.e1.a1)[M],(e.c1)[M]>,5<(A-1.c.e1.a1)[M],(e.c1)[M]>,5<(A-1.c.e1.a1)[M],(e.c1)[M]>,5<(A-1.c.e1.a1)[M],(e.c1)[M]>,5<(A-1.c.e1.a1)[M],(e.c1)[M]>,5<(A-1.c.e1.a1)[M],(e.c1)[M]>,5<(A-1.c.e1.a1)[M],(e.c1)[M]>,5<(F-1.A-1.a1.d2)[M],(d.f1)[M]>,5<(F-1.A-1.a1.d2)[M],(d.f1)[M]>,5<(F-1.A-1.a1.d2)[M],(d.f1)[M]>,5<(F-1.A-1.a1.d2)[M],(d.f1)[M]>,5<(F-1.A-1.a1.d2)[M],(d.f1)[M]>,5<(F-1.A-1.a1.d2)[M],(d.f1)[M]>,5<(F-1.A-1.a1.d2)[M],(d.f1)[M]>,5<(F-1.A-1.a1.d2)[M],(d.f1)[M]>;5<(G-1.c.g1.c2)[M],(e.e1)[M]>,5<(G-1.c.g1.c2)[M],(e.e1)[M]>,5<(G-1.c.g1.c2)[M],(e.e1)[M]>,5<(G-1.c.g1.c2)[M],(e.e1)[M]>,5<(G-1.c.g1.c2)[M],(e.e1)[M]>,5<(G-1.c.g1.c2)[M],(e.e1)[M]>,5<(G-1.c.g1.c2)[M],(e.e1)[M]>,5<(G-1.c.g1.c2)[M],(e.e1)[M]>,5<(G-1.d.g1.b1)[M],(g.f1)[M]>,5<(G-1.d.g1.b1)[M],(g.f1)[M]>,5<(G-1.d.g1.b1)[M],(g.f1)[M]>,5<(G-1.d.g1.b1)[M],(g.f1)[M]>,5<(G-1.d.g1.b1)[M],(g.f1)[M]>,5<(G-1.d.g1.b1)[M],(g.f1)[M]>,5<(G-1.d.g1.b1)[M],(g.f1)[M]>,5<(G-1.d.g1.b1)[M],(g.f1)[M]>;5<(c.e.g1.c2)[M],(g.e1)[M]>,5<(c.e.g1.c2)[M],(g.e1)[M]>,5<(c.e.g1.c2)[M],(g.e1)[M]>,5<(c.e.g1.c2)[M],(g.e1)[M]>,5<(c.e.g1.c2)[M],(g.e1)[M]>,5<(c.e.g1.c2)[M],(g.e1)[M]>,5<(c.e.g1.c2)[M],(g.e1)[M]>,5<(c.e.g1.c2)[M],(g.e1)[M]>,5<(c.e.g1.c2)[M],(g.e1)[M]>,5<(c.e.g1.c2)[M],(g.e1)[M]>,5<(c.e.g1.c2)[M],(g.e1)[M]>,5<(c.e.g1.c2)[M],(g.e1)[M]>,5<(c.e.g1.c2)[M],(g.e1)[M]>,5<(c.e.g1.c2)[M],(g.e1)[M]>,5<(c.e.g1.c2)[M],(g.e1)[M]>,5<(c.e.g1.c2)[M],(g.e1)[M]>;5<(c.e.g.c2.e2.g2)[M],(c1.g1)[M]>,5<(c.e.g.c2.e2.g2)[M],(c1.g1)[M]>,5<(c.e.g.c2.e2.g2)[M],(c1.g1)[M]>,5<(c.e.g.c2.e2.g2)[M],(c1.g1)[M]>,5<(c.e.g.c2.e2.g2)[M],(c1.g1)[M]>,5<(c.e.g.c2.e2.g2)[M],(c1.g1)[M]>,5<(c.e.g.c2.e2.g2)[M],(c1.g1)[M]>,5<(c.e.g.c2.e2.g2)[M],(c1.g1)[M]>,5<(B-1.d.g.d2.f2.g2)[M],(b.g1)[M]>,5<(B-1.d.g.d2.f2.g2)[M],(b.g1)[M]>,5<(B-1.d.g.d2.f2.g2)[M],(b.g1)[M]>,5<(B-1.d.g.d2.f2.g2)[M],(b.g1)[M]>,5<(B-1.d.g.d2.f2.g2)[M],(b.g1)[M]>,5<(B-1.d.g.d2.f2.g2)[M],(b.g1)[M]>,5<(B-1.d.g.d2.f2.g2)[M],(b.g1)[M]>,5<(B-1.d.g.d2.f2.g2)[M],(b.g1)[M]>;5<(c.e.g.c2.e2.g2)[M],(c1.g1)[M]>,5<(c.e.g.c2.e2.g2)[M],(c1.g1)[M]>,5<(c.e.g.c2.e2.g2)[M],(c1.g1)[M]>,5<(c.e.g.c2.e2.g2)[M],(c1.g1)[M]>,5<(c.e.g.c2.e2.g2)[M],(c1.g1)[M]>,5<(c.e.g.c2.e2.g2)[M],(c1.g1)[M]>,5<(c.e.g.c2.e2.g2)[M],(c1.g1)[M]>,5<(c.e.g.c2.e2.g2)[M],(c1.g1)[M]>,5<(A-1.e.e2.a2.c3)[M],(a.c2)[M]>,5<(A-1.e.e2.a2.c3)[M],(a.c2)[M]>,5<(A-1.e.e2.a2.c3)[M],(a.c2)[M]>,5<(A-1.e.e2.a2.c3)[M],(a.c2)[M]>,5<(c.e.e2.a2.c3)[M],(a.c2)[M]>,5<(c.e.e2.a2.c3)[M],(a.c2)[M]>,5<(c.e.e2.a2.c3)[M],(a.c2)[M]>,5<(c.e.e2.a2.c3)[M],(a.c2)[M]>;5<(d.g.b.d2.g2.b2)[M],(d1.b1)[M]>,5<(d.g.b.d2.g2.b2)[M],(d1.b1)[M]>,5<(d.g.b.d2.g2.b2)[M],(d1.b1)[M]>,5<(d.g.b.d2.g2.b2)[M],(d1.b1)[M]>,5<(d.g.b.d2.g2.b2)[M],(d1.b1)[M]>,5<(d.g.b.d2.g2.b2)[M],(d1.b1)[M]>,5<(d.g.b.d2.g2.b2)[M],(d1.b1)[M]>,5<(d.g.b.d2.g2.b2)[M],(d1.b1)[M]>,5<(d.#f.a.d2.#f2.a2)[M],(d1.c2)[M]>,5<(d.#f.a.d2.#f2.a2)[M],(d1.c2)[M]>,5<(d.#f.a.d2.#f2.a2)[M],(d1.c2)[M]>,5<(d.#f.a.d2.#f2.a2)[M],(d1.c2)[M]>,5<(d.#f.a.d2.#f2.a2)[M],(d1.c2)[M]>,5<(d.#f.a.d2.#f2.a2)[M],(d1.c2)[M]>,5<(d.#f.a.d2.#f2.a2)[M],(d1.c2)[M]>,5<(d.#f.a.d2.#f2.a2)[M],(d1.c2)[M]>;5<(G-1.B-1.d.b1.d2.g2)[M],(g.g2)[M]>,5<(G-1.B-1.d.b1.d2.g2)[M],(g.g2)[M]>,5<(G-1.B-1.d.b1.d2.g2)[M],(g.g2)[M]>,5<(G-1.B-1.d.b1.d2.g2)[M],(g.g2)[M]>,5<(G-1.B-1.d.b1.d2.g2)[M],(g.g2)[M]>,5<(G-1.B-1.d.b1.d2.g2)[M],(g.g2)[M]>,5<(G-1.B-1.d.b1.d2.g2)[M],(g.g2)[M]>,5<(G-1.B-1.d.b1.d2.g2)[M],(g.g2)[M]>,5<(G-1.B-1.d.b1.d2.g2)[M],(f.g2)[M]>,5<(G-1.B-1.d.b1.d2.g2)[M],(f.g2)[M]>,5<(G-1.B-1.d.b1.d2.g2)[M],(f.g2)[M]>,5<(G-1.B-1.d.b1.d2.g2)[M],(f.g2)[M]>,5<(G-1.B-1.d.b1.d2.g2)[M],(f.g2)[M]>,5<(G-1.B-1.d.b1.d2.g2)[M],(f.g2)[M]>,5<(G-1.B-1.d.b1.d2.g2)[M],(f.g2)[M]>,5<(G-1.B-1.d.b1.d2.g2)[M],(f.g2)[M]>;5<(c.c2.e2.g2)[M],(e.g1)[M]>,5<(c.e.g.c2.e2.g2)[M],(c1.g1)[M]>,5<(c.e.g.c2.e2.g2)[M],(c1.g1)[M]>,5<(c.e.g.c2.e2.g2)[M],(c1.g1)[M]>,5<(c.e.g.c2.e2.g2)[M],(c1.g1)[M]>,5<(c.e.g.c2.e2.g2)[M],(c1.g1)[M]>,5<(c.e.g.c2.e2.g2)[M],(c1.g1)[M]>,5<(c.e.g.c2.e2.g2)[M],(c1.g1)[M]>,5<(B-1.d.e.d2.e2.#g2)[M],(b.#g1)[M]>,5<(B-1.d.e.d2.e2.#g2)[M],(b.#g1)[M]>,5<(B-1.d.e.d2.e2.#g2)[M],(b.#g1)[M]>,5<(B-1.d.e.d2.e2.#g2)[M],(b.#g1)[M]>,5<(B-1.d.e.d2.e2.#g2)[M],(b.#g1)[M]>,5<(B-1.d.e.d2.e2.#g2)[M],(b.#g1)[M]>,5<(B-1.d.e.d2.e2.#g2)[M],(b.#g1)[M]>,5<(B-1.d.e.d2.e2.#g2)[M],(b.#g1)[M]>;5<(A-1.c.e.c2.e2.a2)[M],(a.a1)[M]>,5<(A-1.c.e.c2.e2.a2)[M],(a.a1)[M]>,5<(A-1.c.e.c2.e2.a2)[M],(a.a1)[M]>,5<(A-1.c.e.c2.e2.a2)[M],(a.a1)[M]>,5<(A-1.c.e.c2.e2.a2)[M],(a.a1)[M]>,5<(A-1.c.e.c2.e2.a2)[M],(a.a1)[M]>,5<(A-1.c.e.c2.e2.a2)[M],(a.a1)[M]>,5<(A-1.c.e.c2.e2.a2)[M],(a.a1)[M]>,5<(D-1.A-1.a2.d3.f3)[M],(d.f2)[M]>,5<(D-1.A-1.a2.d3.f3)[M],(d.f2)[M]>,5<(D-1.A-1.a2.d3.f3)[M],(d.f2)[M]>,5<(D-1.A-1.a2.d3.f3)[M],(d.f2)[M]>,5<(D-1.A-1.a2.d3.f3)[M],(d.f2)[M]>,5<(D-1.A-1.a2.d3.f3)[M],(d.f2)[M]>,5<(D-1.A-1.a2.d3.f3)[M],(d.f2)[M]>,5<(D-1.A-1.a2.d3.f3)[M],(d.f2)[M]>;5<(G-1.c.e.g2.c3.e3)[M],(g.e2)[M]>,5<(G-1.c.e.g2.c3.e3)[M],(g.e2)[M]>,5<(G-1.c.e.g2.c3.e3)[M],(g.e2)[M]>,5<(G-1.c.e.g2.c3.e3)[M],(g.e2)[M]>,5<(G-1.c.e.g2.c3.e3)[M],(g.e2)[M]>,5<(G-1.c.e.g2.c3.e3)[M],(g.e2)[M]>,5<(G-1.c.e.g2.c3.e3)[M],(g.e2)[M]>,5<(G-1.c.e.g2.c3.e3)[M],(g.e2)[M]>,5<(G-1.B-1.d.g2.b2.d3)[M],(g.f2)[M]>,5<(G-1.B-1.d.g2.b2.d3)[M],(g.f2)[M]>,5<(G-1.B-1.d.g2.b2.d3)[M],(g.f2)[M]>,5<(G-1.B-1.d.g2.b2.d3)[M],(g.f2)[M]>,5<(G-1.B-1.d.g2.b2.d3)[M],(g.f2)[M]>,5<(G-1.B-1.d.g2.b2.d3)[M],(g.f2)[M]>,5<(G-1.B-1.d.g2.b2.d3)[M],(g.f2)[M]>,5<(G-1.B-1.d.g2.b2.d3)[M],(g.f2)[M]>;5<(c.e.g.e2.c3.g2)[M],(c2.c1)[M]>,5<(c.e.g.e2.c3.g2)[M],(c2.c1)[M]>,5<(c.e.g.e2.c3.g2)[M],(c2.c1)[M]>,5<(c.e.g.e2.c3.g2)[M],(c2.c1)[M]>,5<(c.e.g.e2.c3.g2)[M],(c2.c1)[M]>,5<(c.e.g.e2.c3.g2)[M],(c2.c1)[M]>,5<(c.e.g.e2.c3.g2)[M],(c2.c1)[M]>,5<(c.e.g.e2.c3.g2)[M],(c2.c1)[M]>,(c.e.g.c3.e2.g2)[JK],T;5<(a.c2.e2)[M],(c1.e1)[M]>,5<(a.c2.e2)[M],(c1.e1)[M]>,5<(a.c2.e2)[M],(c1.e1)[M]>,5<(a.c2.e2)[M],(c1.e1)[M]>,5<(a.c2.e2)[M],(c1.e1)[M]>,5<(a.c2.e2)[M],(c1.e1)[M]>,5<(a.c2.e2)[M],(c1.e1)[M]>,5<(a.c2.e2)[M],(c1.e1)[M]>,5<(#g.b.d2.f2)[M],(b.f1)[M]>,5<(#g.b.d2.f2)[M],(b.f1)[M]>,5<(#g.b.d2.f2)[M],(b.f1)[M]>,5<(#g.b.d2.f2)[M],(b.f1)[M]>,5<(a.c2.e2)[M],(c1.e1)[M]>,5<(a.c2.e2)[M],(c1.e1)[M]>,5<(a.c2.e2)[M],(c1.e1)[M]>,5<(a.c2.e2)[M],(c1.e1)[M]>;5<(f.a1.d2)[M],(a.d1)[M]>,5<(f.a1.d2)[M],(a.d1)[M]>,5<(f.a1.d2)[M],(a.d1)[M]>,5<(f.a1.d2)[M],(a.d1)[M]>,5<(f.a1.d2)[M],(a.d1)[M]>,5<(f.a1.d2)[M],(a.d1)[M]>,5<(f.a1.d2)[M],(a.d1)[M]>,5<(f.a1.d2)[M],(a.d1)[M]>,5<(f.a1.d2)[M],(a.d1)[M]>,5<(f.a1.d2)[M],(a.d1)[M]>,5<(f.a1.d2)[M],(a.d1)[M]>,5<(f.a1.d2)[M],(a.d1)[M]>,5<(f.a1.d2)[M],(a.d1)[M]>,5<(f.a1.d2)[M],(a.d1)[M]>,5<(f.a1.d2)[M],(a.d1)[M]>,5<(f.a1.d2)[M],(a.d1)[M]>;5<(#d.a1.c2)[M],(#f.c1)[M]>,5<(#d.a1.c2)[M],(#f.c1)[M]>,5<(#d.a1.c2)[M],(#f.c1)[M]>,5<(#d.a1.c2)[M],(#f.c1)[M]>,5<(#d.a1.c2)[M],(#f.c1)[M]>,5<(#d.a1.c2)[M],(#f.c1)[M]>,5<(#d.a1.c2)[M],(#f.c1)[M]>,5<(#d.a1.c2)[M],(#f.c1)[M]>,5<(#f.b1)[M],(a.c1)[M]>,5<(#f.b1)[M],(a.c1)[M]>,5<(#f.b1)[M],(a.c1)[M]>,5<(#f.b1)[M],(a.c1)[M]>,5<(#f.a1)[M],(a.c1)[M]>,5<(#f.a1)[M],(a.c1)[M]>,5<(#f.a1)[M],(a.c1)[M]>,5<(#f.a1)[M],(a.c1)[M]>;5<(e.e1.#g1)[M],(#g.b)[M]>,5<(e.e1.#g1)[M],(#g.b)[M]>,5<(e.e1.#g1)[M],(#g.b)[M]>,5<(e.e1.#g1)[M],(#g.b)[M]>,5<(e.e1.#g1)[M],(#g.b)[M]>,5<(e.e1.#g1)[M],(#g.b)[M]>,5<(e.e1.#g1)[M],(#g.b)[M]>,5<(e.e1.#g1)[M],(#g.b)[M]>,5<(e.#g.#g1)[M],(b.e1)[M]>,5<(e.#g.#g1)[M],(b.e1)[M]>,5<(e.#g.#g1)[M],(b.e1)[M]>,5<(e.#g.#g1)[M],(b.e1)[M]>,5<(e.#g.#g1)[M],(b.e1)[M]>,5<(e.#g.#g1)[M],(b.e1)[M]>,5<(e.#g.#g1)[M],(b.e1)[M]>,5<(e.#g.#g1)[M],(b.e1)[M]>;5<(a.c2.e2)[M],(c1.e1)[M]>,5<(a.c2.e2)[M],(c1.e1)[M]>,5<(a.c2.e2)[M],(c1.e1)[M]>,5<(a.c2.e2)[M],(c1.e1)[M]>,5<(a.c2.e2)[M],(c1.e1)[M]>,5<(a.c2.e2)[M],(c1.e1)[M]>,5<(a.c2.e2)[M],(c1.e1)[M]>,5<(a.c2.e2)[M],(c1.e1)[M]>,5<(#g.b.d2.f2)[M],(b.f1)[M]>,5<(#g.b.d2.f2)[M],(b.f1)[M]>,5<(#g.b.d2.f2)[M],(b.f1)[M]>,5<(#g.b.d2.f2)[M],(b.f1)[M]>,5<(a.c2.e2)[M],(c1.e1)[M]>,5<(a.c2.e2)[M],(c1.e1)[M]>,5<(a.c2.e2)[M],(c1.e1)[M]>,5<(a.c2.e2)[M],(c1.e1)[M]>;5<(#f.a1.d2)[M],(a.d1)[M]>,5<(#f.a1.d2)[M],(a.d1)[M]>,5<(#f.a1.d2)[M],(a.d1)[M]>,5<(#f.a1.d2)[M],(a.d1)[M]>,5<(#f.a1.d2)[M],(a.d1)[M]>,5<(#f.a1.d2)[M],(a.d1)[M]>,5<(#f.a1.d2)[M],(a.d1)[M]>,5<(#f.a1.d2)[M],(a.d1)[M]>,5<(f.a1.c2)[M],(a.#d1)[M]>,5<(f.a1.c2)[M],(a.#d1)[M]>,5<(f.a1.c2)[M],(a.#d1)[M]>,5<(f.a1.c2)[M],(a.#d1)[M]>,5<(f.a1.c2)[M],(a.#d1)[M]>,5<(f.a1.c2)[M],(a.#d1)[M]>,5<(f.a1.c2)[M],(a.#d1)[M]>,5<(f.a1.c2)[M],(a.#d1)[M]>;5<(e.a.a1.c2)[M],(c1.e1)[M]>,5<(e.a.a1.c2)[M],(c1.e1)[M]>,5<(e.a.a1.c2)[M],(c1.e1)[M]>,5<(e.a.a1.c2)[M],(c1.e1)[M]>,5<(e.a.a1.c2)[M],(c1.e1)[M]>,5<(e.a.a1.c2)[M],(c1.e1)[M]>,5<(e.a.a1.c2)[M],(c1.e1)[M]>,5<(e.a.a1.c2)[M],(c1.e1)[M]>,5<(E-1.e1.#g1.c2)[M],(e.d1)[M]>,5<(E-1.e1.#g1.c2)[M],(e.d1)[M]>,5<(E-1.e1.#g1.c2)[M],(e.d1)[M]>,5<(E-1.e1.#g1.c2)[M],(e.d1)[M]>,5<(E-1.e1.#g1.b1)[M],(e.d1)[M]>,5<(E-1.e1.#g1.b1)[M],(e.d1)[M]>,5<(E-1.e1.#g1.b1)[M],(e.d1)[M]>,5<(E-1.e1.#g1.b1)[M],(e.d1)[M]>;5<(A-1.c.e.e1.a1)[M],(a.c1)[M]>,5<(A-1.c.e.e1.a1)[M],(a.c1)[M]>,5<(A-1.c.e.e1.a1)[M],(a.c1)[M]>,5<(A-1.c.e.e1.a1)[M],(a.c1)[M]>,5<(A-1.c.e.e1.a1)[M],(a.c1)[M]>,5<(A-1.c.e.e1.a1)[M],(a.c1)[M]>,5<(A-1.c.e.e1.a1)[M],(a.c1)[M]>,5<(A-1.c.e.e1.a1)[M],(a.c1)[M]>,(A-1.c.e.a1.e1)[JK],T;"]},{"id":2,"baseBeats":0.5,"scores":["5<(a.c2.e2)[M],(c1.e1)[M]>,5<(a.c2.e2)[M],(c1.e1)[M]>,5<(a.c2.e2)[M],(c1.e1)[M]>,5<(a.c2.e2)[M],(c1.e1)[M]>,5<(a.c2.e2)[M],(c1.e1)[M]>,5<(a.c2.e2)[M],(c1.e1)[M]>,5<(a.c2.e2)[M],(c1.e1)[M]>,5<(a.c2.e2)[M],(c1.e1)[M]>,5<(a.c2.f2)[M],(c1.f1)[M]>,5<(a.c2.f2)[M],(c1.f1)[M]>,5<(a.c2.f2)[M],(c1.f1)[M]>,5<(a.c2.f2)[M],(c1.f1)[M]>,5<(#g.c2.#f2)[M],(c1.#f1)[M]>,5<(#g.c2.#f2)[M],(c1.#f1)[M]>,5<(#g.c2.#f2)[M],(c1.#f1)[M]>,5<(#g.c2.#f2)[M],(c1.#f1)[M]>;5<(g.c1.c2.g2)[M],(g1.e1)[M]>,5<(g.c1.c2.g2)[M],(g1.e1)[M]>,5<(g.c1.c2.g2)[M],(g1.e1)[M]>,5<(g.c1.c2.g2)[M],(g1.e1)[M]>,5<(g.c1.c2.g2)[M],(g1.e1)[M]>,5<(g.c1.c2.g2)[M],(g1.e1)[M]>,5<(g.c1.c2.g2)[M],(g1.e1)[M]>,5<(g.c1.c2.g2)[M],(g1.e1)[M]>,5<(c2.a2.c1.#f)[M],(a1.#d1)[M]>,5<(c2.a2.c1.#f)[M],(a1.#d1)[M]>,5<(c2.a2.c1.#f)[M],(a1.#d1)[M]>,5<(c2.a2.c1.#f)[M],(a1.#d1)[M]>,5<(c2.a2.c1.#f)[M],(a1.#d1)[M]>,5<(c2.a2.c1.#f)[M],(a1.#d1)[M]>,5<(c2.a2.c1.#f)[M],(a1.#d1)[M]>,5<(c2.a2.c1.#f)[M],(a1.#d1)[M]>;5<(g.c1.c2.e2)[M],(e1.g1)[M]>,5<(g.c1.c2.e2)[M],(e1.g1)[M]>,5<(g.c1.c2.e2)[M],(e1.g1)[M]>,5<(g.c1.c2.e2)[M],(e1.g1)[M]>,5<(g.c1.c2.e2)[M],(e1.g1)[M]>,5<(g.c1.c2.e2)[M],(e1.g1)[M]>,5<(g.c1.c2.e2)[M],(e1.g1)[M]>,5<(g.c1.c2.e2)[M],(e1.g1)[M]>,5<(G-1.g1.b1.e2)[M],(g.f1)[M]>,5<(G-1.g1.b1.e2)[M],(g.f1)[M]>,5<(G-1.g1.b1.e2)[M],(g.f1)[M]>,5<(G-1.g1.b1.e2)[M],(g.f1)[M]>,5<(G-1.g1.d2.b1)[M],(f1.g)[M]>,5<(G-1.g1.d2.b1)[M],(f1.g)[M]>,5<(G-1.g1.d2.b1)[M],(f1.g)[M]>,5<(G-1.g1.d2.b1)[M],(f1.g)[M]>;5<(C-1.e1.g1.c2)[M],(c.c1)[M]>,5<(C-1.e1.g1.c2)[M],(c.c1)[M]>,5<(C-1.e1.g1.c2)[M],(c.c1)[M]>,5<(C-1.e1.g1.c2)[M],(c.c1)[M]>,5<(C-1.e1.g1.c2)[M],(c.c1)[M]>,5<(C-1.e1.g1.c2)[M],(c.c1)[M]>,5<(C-1.e1.g1.c2)[M],(c.c1)[M]>,5<(C-1.e1.g1.c2)[M],(c.c1)[M]>,(C-1.c2.e1.g1)[JK],T;5<(f.a.c3.a2)[M],(c2.c1)[M]>,5<(f.a.c3.a2)[M],(c2.c1)[M]>,5<(f.a.c3.a2)[M],(c2.c1)[M]>,5<(f.a.c3.a2)[M],(c2.c1)[M]>,5<(f.a.c3.a2)[M],(c2.c1)[M]>,5<(f.a.c3.a2)[M],(c2.c1)[M]>,5<(f.a.c3.a2)[M],(c2.c1)[M]>,5<(f.a.c3.a2)[M],(c2.c1)[M]>,5<(f.a.a2.d3)[M],(c1.d2)[M]>,5<(f.a.a2.d3)[M],(c1.d2)[M]>,5<(f.a.a2.d3)[M],(c1.d2)[M]>,5<(f.a.a2.d3)[M],(c1.d2)[M]>,5<(f.a.a2.#d3)[M],(#d2.c1)[M]>,5<(f.a.a2.#d3)[M],(#d2.c1)[M]>,5<(f.a.a2.#d3)[M],(#d2.c1)[M]>,5<(f.a.a2.#d3)[M],(#d2.c1)[M]>;5<(e.a.e3.a2)[M],(c1.c2)[M]>,5<(e.a.e3.a2)[M],(c1.c2)[M]>,5<(e.a.e3.a2)[M],(c1.c2)[M]>,5<(e.a.e3.a2)[M],(c1.c2)[M]>,5<(e.a.e3.a2)[M],(c1.c2)[M]>,5<(e.a.e3.a2)[M],(c1.c2)[M]>,5<(e.a.e3.a2)[M],(c1.c2)[M]>,5<(e.a.e3.a2)[M],(c1.c2)[M]>,5<(#d.a.a2.f3)[M],(c1.f2)[M]>,5<(#d.a.a2.f3)[M],(c1.f2)[M]>,5<(#d.a.a2.f3)[M],(c1.f2)[M]>,5<(#d.a.a2.f3)[M],(c1.f2)[M]>,5<(#d.a.a2.f3)[M],(c1.f2)[M]>,5<(#d.a.a2.f3)[M],(c1.f2)[M]>,5<(#d.a.a2.f3)[M],(c1.f2)[M]>,5<(#d.a.a2.f3)[M],(c1.f2)[M]>;5<(a2.c3.e3.a.e)[M],(e2.c1)[M]>,5<(a2.c3.e3.a.e)[M],(e2.c1)[M]>,5<(a2.c3.e3.a.e)[M],(e2.c1)[M]>,5<(a2.c3.e3.a.e)[M],(e2.c1)[M]>,5<(a2.c3.e3.a.e)[M],(e2.c1)[M]>,5<(a2.c3.e3.a.e)[M],(e2.c1)[M]>,5<(a2.c3.e3.a.e)[M],(e2.c1)[M]>,5<(a2.c3.e3.a.e)[M],(e2.c1)[M]>,5<(E-1.e2.#g2.c3)[M],(e.d1)[M]>,5<(E-1.e2.#g2.c3)[M],(e.d1)[M]>,5<(E-1.e2.#g2.c3)[M],(e.d1)[M]>,5<(E-1.e2.#g2.c3)[M],(e.d1)[M]>,5<(E-1.e2.#g2.b2)[M],(e.d1)[M]>,5<(E-1.e2.#g2.b2)[M],(e.d1)[M]>,5<(E-1.e2.#g2.b2)[M],(e.d1)[M]>,5<(E-1.e2.#g2.b2)[M],(e.d1)[M]>;5<(A-1.c2.a2.e2)[M],(a1.a)[M]>,5<(A-1.c2.a2.e2)[M],(a1.a)[M]>,5<(A-1.c2.a2.e2)[M],(a1.a)[M]>,5<(A-1.c2.a2.e2)[M],(a1.a)[M]>,5<(A-1.c2.a2.e2)[M],(a1.a)[M]>,5<(A-1.c2.a2.e2)[M],(a1.a)[M]>,5<(A-1.c2.a2.e2)[M],(a1.a)[M]>,5<(A-1.c2.a2.e2)[M],(a1.a)[M]>,(A-1.a2.c2.e2)[JK],T;5<(a.c1.c2.e2)[M],(a1.e1)[M]>,5<(a.c1.c2.e2)[M],(a1.e1)[M]>,5<(a.c1.c2.e2)[M],(a1.e1)[M]>,5<(a.c1.c2.e2)[M],(a1.e1)[M]>,5<(a.c1.c2.e2)[M],(a1.e1)[M]>,5<(a.c1.c2.e2)[M],(a1.e1)[M]>,5<(a.c1.c2.e2)[M],(a1.e1)[M]>,5<(a.c1.c2.e2)[M],(a1.e1)[M]>,5<(a.c1.c2.f2)[M],(e1.a1)[M]>,5<(a.c1.c2.f2)[M],(e1.a1)[M]>,5<(a.c1.c2.f2)[M],(e1.a1)[M]>,5<(a.c1.c2.f2)[M],(e1.a1)[M]>,5<(c2.e2.c1.a)[M],(e1.a1)[M]>,5<(c2.e2.c1.a)[M],(e1.a1)[M]>,5<(c2.e2.c1.a)[M],(e1.a1)[M]>,5<(c2.e2.c1.a)[M],(e1.a1)[M]>;5<(a.c1.c3.e2)[M],(e1.c2)[M]>,5<(a.c1.c3.e2)[M],(e1.c2)[M]>,5<(a.c1.c3.e2)[M],(e1.c2)[M]>,5<(a.c1.c3.e2)[M],(e1.c2)[M]>,5<(a.c1.e2.a2)[M],(e1.c2)[M]>,5<(a.c1.e2.a2)[M],(e1.c2)[M]>,5<(a.c1.e2.a2)[M],(e1.c2)[M]>,5<(a.c1.e2.a2)[M],(e1.c2)[M]>,5<(d.a.a1.f2)[M],(f1.d1)[M]>,5<(d.a.a1.f2)[M],(f1.d1)[M]>,5<(d.a.a1.f2)[M],(f1.d1)[M]>,5<(d.a.a1.f2)[M],(f1.d1)[M]>,5<(f.a.d2.a1)[M],(d1.f1)[M]>,5<(f.a.d2.a1)[M],(d1.f1)[M]>,5<(f.a.d2.a1)[M],(d1.f1)[M]>,5<(f.a.d2.a1)[M],(d1.f1)[M]>;5<(e.a.a1.c2)[M],(c1.e1)[M]>,5<(e.a.a1.c2)[M],(c1.e1)[M]>,5<(e.a.a1.c2)[M],(c1.e1)[M]>,5<(e.a.a1.c2)[M],(c1.e1)[M]>,5<(e.a.a1.c2)[M],(c1.e1)[M]>,5<(e.a.a1.c2)[M],(c1.e1)[M]>,5<(e.a.a1.c2)[M],(c1.e1)[M]>,5<(e.a.a1.c2)[M],(c1.e1)[M]>,5<(e.#g.#g1.b1)[M],(b.e1)[M]>,5<(e.#g.#g1.b1)[M],(b.e1)[M]>,5<(e.#g.#g1.b1)[M],(b.e1)[M]>,5<(e.#g.#g1.b1)[M],(b.e1)[M]>,5<(e.#g.#g1.b1)[M],(b.e1)[M]>,5<(e.#g.#g1.b1)[M],(b.e1)[M]>,5<(e.#g.#g1.b1)[M],(b.e1)[M]>,5<(e.#g.#g1.b1)[M],(b.e1)[M]>;5<(f.a1.d2)[M],(a.f1)[M]>,5<(f.a1.d2)[M],(a.f1)[M]>,5<(f.a1.d2)[M],(a.f1)[M]>,5<(f.a1.d2)[M],(a.f1)[M]>,5<(f.a1.d2)[M],(a.f1)[M]>,5<(f.a1.d2)[M],(a.f1)[M]>,5<(f.a1.d2)[M],(a.f1)[M]>,5<(f.a1.d2)[M],(a.f1)[M]>,5<(a.a1.c2)[M],(e1.c1)[M]>,5<(a.a1.c2)[M],(e1.c1)[M]>,5<(a.a1.c2)[M],(e1.c1)[M]>,5<(a.a1.c2)[M],(e1.c1)[M]>,5<(a.a1.c2)[M],(e1.c1)[M]>,5<(a.a1.c2)[M],(e1.c1)[M]>,5<(a.a1.c2)[M],(e1.c1)[M]>,5<(a.a1.c2)[M],(e1.c1)[M]>;5<(A-1.c.c2.e2)[M],(e.a1)[M]>,5<(A-1.c.c2.e2)[M],(e.a1)[M]>,5<(A-1.c.c2.e2)[M],(e.a1)[M]>,5<(A-1.c.c2.e2)[M],(e.a1)[M]>,5<(A-1.c.c2.e2)[M],(e.a1)[M]>,5<(A-1.c.c2.e2)[M],(e.a1)[M]>,5<(A-1.c.c2.e2)[M],(e.a1)[M]>,5<(A-1.c.c2.e2)[M],(e.a1)[M]>,5<(A-1.c.c2.f2)[M],(e.a1)[M]>,5<(A-1.c.c2.f2)[M],(e.a1)[M]>,5<(A-1.c.c2.f2)[M],(e.a1)[M]>,5<(A-1.c.c2.f2)[M],(e.a1)[M]>,5<(A-1.c.c2.e2)[M],(e.a1)[M]>,5<(A-1.c.c2.e2)[M],(e.a1)[M]>,5<(A-1.c.c2.e2)[M],(e.a1)[M]>,5<(A-1.c.c2.e2)[M],(e.a1)[M]>;5<(A-1.c.e2.c3)[M],(e.c2)[M]>,5<(A-1.c.e2.c3)[M],(e.c2)[M]>,5<(A-1.c.e2.c3)[M],(e.c2)[M]>,5<(A-1.c.e2.c3)[M],(e.c2)[M]>,5<(A-1.c.e2.a2)[M],(e.c2)[M]>,5<(A-1.c.e2.a2)[M],(e.c2)[M]>,5<(A-1.c.e2.a2)[M],(e.c2)[M]>,5<(A-1.c.e2.a2)[M],(e.c2)[M]>,5<(D-1.A-1.f2.a1)[M],(d.f1)[M]>,5<(D-1.A-1.f2.a1)[M],(d.f1)[M]>,5<(D-1.A-1.f2.a1)[M],(d.f1)[M]>,5<(D-1.A-1.f2.a1)[M],(d.f1)[M]>,5<(F-1.A-1.d2.a1)[M],(f1.d)[M]>,5<(F-1.A-1.d2.a1)[M],(f1.d)[M]>,5<(F-1.A-1.d2.a1)[M],(f1.d)[M]>,5<(F-1.A-1.d2.a1)[M],(f1.d)[M]>;5<(E-1.A-1.c2.a1)[M],(e1.c)[M]>,5<(E-1.A-1.c2.a1)[M],(e1.c)[M]>,5<(E-1.A-1.c2.a1)[M],(e1.c)[M]>,5<(E-1.A-1.c2.a1)[M],(e1.c)[M]>,5<(E-1.A-1.c2.a1)[M],(e1.c)[M]>,5<(E-1.A-1.c2.a1)[M],(e1.c)[M]>,5<(E-1.A-1.c2.a1)[M],(e1.c)[M]>,5<(E-1.A-1.c2.a1)[M],(e1.c)[M]>,5<(E-1.#G-1.B-1.e1.c2.#g1)[M],(d1.e)[M]>,5<(E-1.#G-1.B-1.e1.c2.#g1)[M],(d1.e)[M]>,5<(E-1.#G-1.B-1.e1.c2.#g1)[M],(d1.e)[M]>,5<(E-1.#G-1.B-1.e1.c2.#g1)[M],(d1.e)[M]>,5<(E-1.#G-1.B-1.e1.#g1.b1)[M],(e.d1)[M]>,5<(E-1.#G-1.B-1.e1.#g1.b1)[M],(e.d1)[M]>,5<(E-1.#G-1.B-1.e1.#g1.b1)[M],(e.d1)[M]>,5<(E-1.#G-1.B-1.e1.#g1.b1)[M],(e.d1)[M]>;5<(A-1.c.c1.e1.a1)[M],(e.a)[M]>,5<(A-1.c.c1.e1.a1)[M],(e.a)[M]>,5<(A-1.c.c1.e1.a1)[M],(e.a)[M]>,5<(A-1.c.c1.e1.a1)[M],(e.a)[M]>,5<(A-1.c.c1.e1.a1)[M],(e.a)[M]>,5<(A-1.c.c1.e1.a1)[M],(e.a)[M]>,5<(A-1.c.c1.e1.a1)[M],(e.a)[M]>,5<(A-1.c.c1.e1.a1)[M],(e.a)[M]>,5<(E-1.c1.e1.a1)[M],(e.c1)[M]>,5<(E-1.c1.e1.a1)[M],(e.c1)[M]>,5<(E-1.c1.e1.a1)[M],(e.c1)[M]>,5<(E-1.c1.e1.a1)[M],(e.c1)[M]>,5<(C-1.c1.e1.a1)[M],(c.a)[M]>,5<(C-1.c1.e1.a1)[M],(c.a)[M]>,5<(C-1.c1.e1.a1)[M],(c.a)[M]>,5<(C-1.c1.e1.a1)[M],(c.a)[M]>;5<(A-2.c1.e1.a1)[M],(A-1.a)[M]>,5<(A-2.c1.e1.a1)[M],(A-1.a)[M]>,5<(A-2.c1.e1.a1)[M],(A-1.a)[M]>,5<(A-2.c1.e1.a1)[M],(A-1.a)[M]>,5<(A-2.c1.e1.a1)[M],(A-1.a)[M]>,5<(A-2.c1.e1.a1)[M],(A-1.a)[M]>,5<(A-2.c1.e1.a1)[M],(A-1.a)[M]>,5<(A-2.c1.e1.a1)[M],(A-1.a)[M]>,5<(E-2.c1.e1.a1)[M],(e.a)[M]>,5<(E-2.c1.e1.a1)[M],(e.a)[M]>,5<(E-2.c1.e1.a1)[M],(e.a)[M]>,5<(E-2.c1.e1.a1)[M],(e.a)[M]>,5<(C-2.c1.e1.a1)[M],(C-1.a)[M]>,5<(C-2.c1.e1.a1)[M],(C-1.a)[M]>,5<(C-2.c1.e1.a1)[M],(C-1.a)[M]>,5<(C-2.c1.e1.a1)[M],(C-1.a)[M]>;5<(A-3.c1.e1.a1)[M],(A-2.a)[M]>,5<(A-3.c1.e1.a1)[M],(A-2.a)[M]>,5<(A-3.c1.e1.a1)[M],(A-2.a)[M]>,5<(A-3.c1.e1.a1)[M],(A-2.a)[M]>,5<(A-3.c1.e1.a1)[M],(A-2.a)[M]>,5<(A-3.c1.e1.a1)[M],(A-2.a)[M]>,5<(A-3.c1.e1.a1)[M],(A-2.a)[M]>,5<(A-3.c1.e1.a1)[M],(A-2.a)[M]>,(A-3.a1.c1.e1)[JKL],T;"]},{"id":3,"baseBeats":0.5,"scores":["5<(c.e.e1.g1)[M],(g.c1)[M]>,5<(c.e.e1.g1)[M],(g.c1)[M]>,5<(c.e.e1.g1)[M],(g.c1)[M]>,5<(c.e.e1.g1)[M],(g.c1)[M]>,5<(c.e.e1.g1)[M],(g.c1)[M]>,5<(c.e.e1.g1)[M],(g.c1)[M]>,5<(c.e.e1.g1)[M],(g.c1)[M]>,5<(c.e.e1.g1)[M],(g.c1)[M]>,5<(B-1.d.f1.g1)[M],(g.d1)[M]>,5<(B-1.d.f1.g1)[M],(g.d1)[M]>,5<(B-1.d.f1.g1)[M],(g.d1)[M]>,5<(B-1.d.f1.g1)[M],(g.d1)[M]>,5<(B-1.d.f1.g1)[M],(g.d1)[M]>,5<(B-1.d.f1.g1)[M],(g.d1)[M]>,5<(B-1.d.f1.g1)[M],(g.d1)[M]>,5<(B-1.d.f1.g1)[M],(g.d1)[M]>;5<(c.e.e1.g1)[M],(g.c1)[M]>,5<(c.e.e1.g1)[M],(g.c1)[M]>,5<(c.e.e1.g1)[M],(g.c1)[M]>,5<(c.e.e1.g1)[M],(g.c1)[M]>,5<(c.e.e1.g1)[M],(g.c1)[M]>,5<(c.e.e1.g1)[M],(g.c1)[M]>,5<(c.e.e1.g1)[M],(g.c1)[M]>,5<(c.e.e1.g1)[M],(g.c1)[M]>,5<(A-1.e.a1.c2)[M],(a.e1)[M]>,5<(A-1.e.a1.c2)[M],(a.e1)[M]>,5<(A-1.e.a1.c2)[M],(a.e1)[M]>,5<(A-1.e.a1.c2)[M],(a.e1)[M]>,5<(A-1.e.a1.c2)[M],(a.e1)[M]>,5<(A-1.e.a1.c2)[M],(a.e1)[M]>,5<(A-1.e.a1.c2)[M],(a.e1)[M]>,5<(A-1.e.a1.c2)[M],(a.e1)[M]>;5<(d.g.g1.b1)[M],(b.d1)[M]>,5<(d.g.g1.b1)[M],(b.d1)[M]>,5<(d.g.g1.b1)[M],(b.d1)[M]>,5<(d.g.g1.b1)[M],(b.d1)[M]>,5<(d.g.g1.b1)[M],(b.d1)[M]>,5<(d.g.g1.b1)[M],(b.d1)[M]>,5<(d.g.g1.b1)[M],(b.d1)[M]>,5<(d.g.g1.b1)[M],(b.d1)[M]>,5<(D-1.d1.#f1.a1)[M],(d.c1)[M]>,5<(D-1.d1.#f1.a1)[M],(d.c1)[M]>,5<(D-1.d1.#f1.a1)[M],(d.c1)[M]>,5<(D-1.d1.#f1.a1)[M],(d.c1)[M]>,5<(D-1.d1.#f1.a1)[M],(d.c1)[M]>,5<(D-1.d1.#f1.a1)[M],(d.c1)[M]>,5<(D-1.d1.#f1.a1)[M],(d.c1)[M]>,5<(D-1.d1.#f1.a1)[M],(d.c1)[M]>;5<(G-1.d1.g1)[M],(g.b)[M]>,5<(G-1.d1.g1)[M],(g.b)[M]>,5<(G-1.d1.g1)[M],(g.b)[M]>,5<(G-1.d1.g1)[M],(g.b)[M]>,5<(G-1.d1.g1)[M],(g.b)[M]>,5<(G-1.d1.g1)[M],(g.b)[M]>,5<(G-1.d1.g1)[M],(g.b)[M]>,5<(G-1.d1.g1)[M],(g.b)[M]>,5<(G-1.d1.g1)[M],(f.b)[M]>,5<(G-1.d1.g1)[M],(f.b)[M]>,5<(G-1.d1.g1)[M],(f.b)[M]>,5<(G-1.d1.g1)[M],(f.b)[M]>,5<(G-1.d1.g1)[M],(f.b)[M]>,5<(G-1.d1.g1)[M],(f.b)[M]>,5<(G-1.d1.g1)[M],(f.b)[M]>,5<(G-1.d1.g1)[M],(f.b)[M]>;5<(c.e.e1.g1)[M],(g.c1)[M]>,5<(c.e.e1.g1)[M],(g.c1)[M]>,5<(c.e.e1.g1)[M],(g.c1)[M]>,5<(c.e.e1.g1)[M],(g.c1)[M]>,5<(c.e.e1.g1)[M],(g.c1)[M]>,5<(c.e.e1.g1)[M],(g.c1)[M]>,5<(c.e.e1.g1)[M],(g.c1)[M]>,5<(c.e.e1.g1)[M],(g.c1)[M]>,5<(B-1.d.e1.#g1)[M],(e.d1)[M]>,5<(B-1.d.e1.#g1)[M],(e.d1)[M]>,5<(B-1.d.e1.#g1)[M],(e.d1)[M]>,5<(B-1.d.e1.#g1)[M],(e.d1)[M]>,5<(B-1.d.e1.#g1)[M],(e.d1)[M]>,5<(B-1.d.e1.#g1)[M],(e.d1)[M]>,5<(B-1.d.e1.#g1)[M],(e.d1)[M]>,5<(B-1.d.e1.#g1)[M],(e.d1)[M]>;5<(A-1.c.e1.a1)[M],(e.c1)[M]>,5<(A-1.c.e1.a1)[M],(e.c1)[M]>,5<(A-1.c.e1.a1)[M],(e.c1)[M]>,5<(A-1.c.e1.a1)[M],(e.c1)[M]>,5<(A-1.c.e1.a1)[M],(e.c1)[M]>,5<(A-1.c.e1.a1)[M],(e.c1)[M]>,5<(A-1.c.e1.a1)[M],(e.c1)[M]>,5<(A-1.c.e1.a1)[M],(e.c1)[M]>,5<(F-1.A-1.a1.d2)[M],(d.f1)[M]>,5<(F-1.A-1.a1.d2)[M],(d.f1)[M]>,5<(F-1.A-1.a1.d2)[M],(d.f1)[M]>,5<(F-1.A-1.a1.d2)[M],(d.f1)[M]>,5<(F-1.A-1.a1.d2)[M],(d.f1)[M]>,5<(F-1.A-1.a1.d2)[M],(d.f1)[M]>,5<(F-1.A-1.a1.d2)[M],(d.f1)[M]>,5<(F-1.A-1.a1.d2)[M],(d.f1)[M]>;5<(G-1.c.g1.c2)[M],(e.e1)[M]>,5<(G-1.c.g1.c2)[M],(e.e1)[M]>,5<(G-1.c.g1.c2)[M],(e.e1)[M]>,5<(G-1.c.g1.c2)[M],(e.e1)[M]>,5<(G-1.c.g1.c2)[M],(e.e1)[M]>,5<(G-1.c.g1.c2)[M],(e.e1)[M]>,5<(G-1.c.g1.c2)[M],(e.e1)[M]>,5<(G-1.c.g1.c2)[M],(e.e1)[M]>,5<(G-1.d.g1.b1)[M],(g.f1)[M]>,5<(G-1.d.g1.b1)[M],(g.f1)[M]>,5<(G-1.d.g1.b1)[M],(g.f1)[M]>,5<(G-1.d.g1.b1)[M],(g.f1)[M]>,5<(G-1.d.g1.b1)[M],(g.f1)[M]>,5<(G-1.d.g1.b1)[M],(g.f1)[M]>,5<(G-1.d.g1.b1)[M],(g.f1)[M]>,5<(G-1.d.g1.b1)[M],(g.f1)[M]>;5<(c.e.g1.c2)[M],(g.e1)[M]>,5<(c.e.g1.c2)[M],(g.e1)[M]>,5<(c.e.g1.c2)[M],(g.e1)[M]>,5<(c.e.g1.c2)[M],(g.e1)[M]>,5<(c.e.g1.c2)[M],(g.e1)[M]>,5<(c.e.g1.c2)[M],(g.e1)[M]>,5<(c.e.g1.c2)[M],(g.e1)[M]>,5<(c.e.g1.c2)[M],(g.e1)[M]>,5<(c.e.g1.c2)[M],(g.e1)[M]>,5<(c.e.g1.c2)[M],(g.e1)[M]>,5<(c.e.g1.c2)[M],(g.e1)[M]>,5<(c.e.g1.c2)[M],(g.e1)[M]>,5<(c.e.g1.c2)[M],(g.e1)[M]>,5<(c.e.g1.c2)[M],(g.e1)[M]>,5<(c.e.g1.c2)[M],(g.e1)[M]>,5<(c.e.g1.c2)[M],(g.e1)[M]>;5<(c.e.g.c2.e2.g2)[M],(c1.g1)[M]>,5<(c.e.g.c2.e2.g2)[M],(c1.g1)[M]>,5<(c.e.g.c2.e2.g2)[M],(c1.g1)[M]>,5<(c.e.g.c2.e2.g2)[M],(c1.g1)[M]>,5<(c.e.g.c2.e2.g2)[M],(c1.g1)[M]>,5<(c.e.g.c2.e2.g2)[M],(c1.g1)[M]>,5<(c.e.g.c2.e2.g2)[M],(c1.g1)[M]>,5<(c.e.g.c2.e2.g2)[M],(c1.g1)[M]>,5<(B-1.d.g.d2.f2.g2)[M],(b.g1)[M]>,5<(B-1.d.g.d2.f2.g2)[M],(b.g1)[M]>,5<(B-1.d.g.d2.f2.g2)[M],(b.g1)[M]>,5<(B-1.d.g.d2.f2.g2)[M],(b.g1)[M]>,5<(B-1.d.g.d2.f2.g2)[M],(b.g1)[M]>,5<(B-1.d.g.d2.f2.g2)[M],(b.g1)[M]>,5<(B-1.d.g.d2.f2.g2)[M],(b.g1)[M]>,5<(B-1.d.g.d2.f2.g2)[M],(b.g1)[M]>;5<(c.e.g.c2.e2.g2)[M],(c1.g1)[M]>,5<(c.e.g.c2.e2.g2)[M],(c1.g1)[M]>,5<(c.e.g.c2.e2.g2)[M],(c1.g1)[M]>,5<(c.e.g.c2.e2.g2)[M],(c1.g1)[M]>,5<(c.e.g.c2.e2.g2)[M],(c1.g1)[M]>,5<(c.e.g.c2.e2.g2)[M],(c1.g1)[M]>,5<(c.e.g.c2.e2.g2)[M],(c1.g1)[M]>,5<(c.e.g.c2.e2.g2)[M],(c1.g1)[M]>,5<(A-1.e.e2.a2.c3)[M],(a.c2)[M]>,5<(A-1.e.e2.a2.c3)[M],(a.c2)[M]>,5<(A-1.e.e2.a2.c3)[M],(a.c2)[M]>,5<(A-1.e.e2.a2.c3)[M],(a.c2)[M]>,5<(c.e.e2.a2.c3)[M],(a.c2)[M]>,5<(c.e.e2.a2.c3)[M],(a.c2)[M]>,5<(c.e.e2.a2.c3)[M],(a.c2)[M]>,5<(c.e.e2.a2.c3)[M],(a.c2)[M]>;5<(d.g.b.d2.g2.b2)[M],(d1.b1)[M]>,5<(d.g.b.d2.g2.b2)[M],(d1.b1)[M]>,5<(d.g.b.d2.g2.b2)[M],(d1.b1)[M]>,5<(d.g.b.d2.g2.b2)[M],(d1.b1)[M]>,5<(d.g.b.d2.g2.b2)[M],(d1.b1)[M]>,5<(d.g.b.d2.g2.b2)[M],(d1.b1)[M]>,5<(d.g.b.d2.g2.b2)[M],(d1.b1)[M]>,5<(d.g.b.d2.g2.b2)[M],(d1.b1)[M]>,5<(d.#f.a.d2.#f2.a2)[M],(d1.c2)[M]>,5<(d.#f.a.d2.#f2.a2)[M],(d1.c2)[M]>,5<(d.#f.a.d2.#f2.a2)[M],(d1.c2)[M]>,5<(d.#f.a.d2.#f2.a2)[M],(d1.c2)[M]>,5<(d.#f.a.d2.#f2.a2)[M],(d1.c2)[M]>,5<(d.#f.a.d2.#f2.a2)[M],(d1.c2)[M]>,5<(d.#f.a.d2.#f2.a2)[M],(d1.c2)[M]>,5<(d.#f.a.d2.#f2.a2)[M],(d1.c2)[M]>;5<(G-1.B-1.d.b1.d2.g2)[M],(g.g2)[M]>,5<(G-1.B-1.d.b1.d2.g2)[M],(g.g2)[M]>,5<(G-1.B-1.d.b1.d2.g2)[M],(g.g2)[M]>,5<(G-1.B-1.d.b1.d2.g2)[M],(g.g2)[M]>,5<(G-1.B-1.d.b1.d2.g2)[M],(g.g2)[M]>,5<(G-1.B-1.d.b1.d2.g2)[M],(g.g2)[M]>,5<(G-1.B-1.d.b1.d2.g2)[M],(g.g2)[M]>,5<(G-1.B-1.d.b1.d2.g2)[M],(g.g2)[M]>,5<(G-1.B-1.d.b1.d2.g2)[M],(f.g2)[M]>,5<(G-1.B-1.d.b1.d2.g2)[M],(f.g2)[M]>,5<(G-1.B-1.d.b1.d2.g2)[M],(f.g2)[M]>,5<(G-1.B-1.d.b1.d2.g2)[M],(f.g2)[M]>,5<(G-1.B-1.d.b1.d2.g2)[M],(f.g2)[M]>,5<(G-1.B-1.d.b1.d2.g2)[M],(f.g2)[M]>,5<(G-1.B-1.d.b1.d2.g2)[M],(f.g2)[M]>,5<(G-1.B-1.d.b1.d2.g2)[M],(f.g2)[M]>;5<(c.c2.e2.g2)[M],(e.g1)[M]>,5<(c.e.g.c2.e2.g2)[M],(c1.g1)[M]>,5<(c.e.g.c2.e2.g2)[M],(c1.g1)[M]>,5<(c.e.g.c2.e2.g2)[M],(c1.g1)[M]>,5<(c.e.g.c2.e2.g2)[M],(c1.g1)[M]>,5<(c.e.g.c2.e2.g2)[M],(c1.g1)[M]>,5<(c.e.g.c2.e2.g2)[M],(c1.g1)[M]>,5<(c.e.g.c2.e2.g2)[M],(c1.g1)[M]>,5<(B-1.d.e.d2.e2.#g2)[M],(b.#g1)[M]>,5<(B-1.d.e.d2.e2.#g2)[M],(b.#g1)[M]>,5<(B-1.d.e.d2.e2.#g2)[M],(b.#g1)[M]>,5<(B-1.d.e.d2.e2.#g2)[M],(b.#g1)[M]>,5<(B-1.d.e.d2.e2.#g2)[M],(b.#g1)[M]>,5<(B-1.d.e.d2.e2.#g2)[M],(b.#g1)[M]>,5<(B-1.d.e.d2.e2.#g2)[M],(b.#g1)[M]>,5<(B-1.d.e.d2.e2.#g2)[M],(b.#g1)[M]>;5<(A-1.c.e.c2.e2.a2)[M],(a.a1)[M]>,5<(A-1.c.e.c2.e2.a2)[M],(a.a1)[M]>,5<(A-1.c.e.c2.e2.a2)[M],(a.a1)[M]>,5<(A-1.c.e.c2.e2.a2)[M],(a.a1)[M]>,5<(A-1.c.e.c2.e2.a2)[M],(a.a1)[M]>,5<(A-1.c.e.c2.e2.a2)[M],(a.a1)[M]>,5<(A-1.c.e.c2.e2.a2)[M],(a.a1)[M]>,5<(A-1.c.e.c2.e2.a2)[M],(a.a1)[M]>,5<(D-1.A-1.a2.d3.f3)[M],(d.f2)[M]>,5<(D-1.A-1.a2.d3.f3)[M],(d.f2)[M]>,5<(D-1.A-1.a2.d3.f3)[M],(d.f2)[M]>,5<(D-1.A-1.a2.d3.f3)[M],(d.f2)[M]>,5<(D-1.A-1.a2.d3.f3)[M],(d.f2)[M]>,5<(D-1.A-1.a2.d3.f3)[M],(d.f2)[M]>,5<(D-1.A-1.a2.d3.f3)[M],(d.f2)[M]>,5<(D-1.A-1.a2.d3.f3)[M],(d.f2)[M]>;5<(G-1.c.e.g2.c3.e3)[M],(g.e2)[M]>,5<(G-1.c.e.g2.c3.e3)[M],(g.e2)[M]>,5<(G-1.c.e.g2.c3.e3)[M],(g.e2)[M]>,5<(G-1.c.e.g2.c3.e3)[M],(g.e2)[M]>,5<(G-1.c.e.g2.c3.e3)[M],(g.e2)[M]>,5<(G-1.c.e.g2.c3.e3)[M],(g.e2)[M]>,5<(G-1.c.e.g2.c3.e3)[M],(g.e2)[M]>,5<(G-1.c.e.g2.c3.e3)[M],(g.e2)[M]>,5<(G-1.B-1.d.g2.b2.d3)[M],(g.f2)[M]>,5<(G-1.B-1.d.g2.b2.d3)[M],(g.f2)[M]>,5<(G-1.B-1.d.g2.b2.d3)[M],(g.f2)[M]>,5<(G-1.B-1.d.g2.b2.d3)[M],(g.f2)[M]>,5<(G-1.B-1.d.g2.b2.d3)[M],(g.f2)[M]>,5<(G-1.B-1.d.g2.b2.d3)[M],(g.f2)[M]>,5<(G-1.B-1.d.g2.b2.d3)[M],(g.f2)[M]>,5<(G-1.B-1.d.g2.b2.d3)[M],(g.f2)[M]>;5<(c.e.g.e2.c3.g2)[M],(c2.c1)[M]>,5<(c.e.g.e2.c3.g2)[M],(c2.c1)[M]>,5<(c.e.g.e2.c3.g2)[M],(c2.c1)[M]>,5<(c.e.g.e2.c3.g2)[M],(c2.c1)[M]>,5<(c.e.g.e2.c3.g2)[M],(c2.c1)[M]>,5<(c.e.g.e2.c3.g2)[M],(c2.c1)[M]>,5<(c.e.g.e2.c3.g2)[M],(c2.c1)[M]>,5<(c.e.g.e2.c3.g2)[M],(c2.c1)[M]>,5<(e.g.c1.e2.g2.c3)[M],(e1.c2)[M]>,5<(e.g.c1.e2.g2.c3)[M],(e1.c2)[M]>,5<(e.g.c1.e2.g2.c3)[M],(e1.c2)[M]>,5<(e.g.c1.e2.g2.c3)[M],(e1.c2)[M]>,5<(c.e.g.e2.c3.g2)[M],(c2.c1)[M]>,5<(c.e.g.e2.c3.g2)[M],(c2.c1)[M]>,5<(c.e.g.e2.c3.g2)[M],(c2.c1)[M]>,5<(c.e.g.e2.c3.g2)[M],(c2.c1)[M]>;5<(G-1.c.e.g2.c3.e3)[M],(g.e2)[M]>,5<(G-1.c.e.g2.c3.e3)[M],(g.e2)[M]>,5<(G-1.c.e.g2.c3.e3)[M],(g.e2)[M]>,5<(G-1.c.e.g2.c3.e3)[M],(g.e2)[M]>,5<(G-1.c.e.g2.c3.e3)[M],(g.e2)[M]>,5<(G-1.c.e.g2.c3.e3)[M],(g.e2)[M]>,5<(G-1.c.e.g2.c3.e3)[M],(g.e2)[M]>,5<(G-1.c.e.g2.c3.e3)[M],(g.e2)[M]>,5<(c.e.g.g2.c3.e3)[M],(c1.e2)[M]>,5<(c.e.g.g2.c3.e3)[M],(c1.e2)[M]>,5<(c.e.g.g2.c3.e3)[M],(c1.e2)[M]>,5<(c.e.g.g2.c3.e3)[M],(c1.e2)[M]>,5<(G-1.c.e.g2.c3.e3)[M],(g.e2)[M]>,5<(G-1.c.e.g2.c3.e3)[M],(g.e2)[M]>,5<(G-1.c.e.g2.c3.e3)[M],(g.e2)[M]>,5<(G-1.c.e.g2.c3.e3)[M],(g.e2)[M]>;5<(E-1.G-1.c.c3.e3.g3)[M],(e.g2)[M]>,5<(E-1.G-1.c.c3.e3.g3)[M],(e.g2)[M]>,5<(E-1.G-1.c.c3.e3.g3)[M],(e.g2)[M]>,5<(E-1.G-1.c.c3.e3.g3)[M],(e.g2)[M]>,5<(E-1.G-1.c.c3.e3.g3)[M],(e.g2)[M]>,5<(E-1.G-1.c.c3.e3.g3)[M],(e.g2)[M]>,5<(E-1.G-1.c.c3.e3.g3)[M],(e.g2)[M]>,5<(E-1.G-1.c.c3.e3.g3)[M],(e.g2)[M]>,5<(G-1.c.e.c3.e3.g3)[M],(g.g2)[M]>,5<(G-1.c.e.c3.e3.g3)[M],(g.g2)[M]>,5<(G-1.c.e.c3.e3.g3)[M],(g.g2)[M]>,5<(G-1.c.e.c3.e3.g3)[M],(g.g2)[M]>,5<(E-1.G-1.c.c3.e3.g3)[M],(e.g2)[M]>,5<(E-1.G-1.c.c3.e3.g3)[M],(e.g2)[M]>,5<(E-1.G-1.c.c3.e3.g3)[M],(e.g2)[M]>,5<(E-1.G-1.c.c3.e3.g3)[M],(e.g2)[M]>;5<(C-1.E-1.G-1.e3.g3.c4)[M],(c.c3)[M]>,5<(C-1.E-1.G-1.e3.g3.c4)[M],(c.c3)[M]>,5<(C-1.E-1.G-1.e3.g3.c4)[M],(c.c3)[M]>,5<(C-1.E-1.G-1.e3.g3.c4)[M],(c.c3)[M]>,5<(C-1.E-1.G-1.e3.g3.c4)[M],(c.c3)[M]>,5<(C-1.E-1.G-1.e3.g3.c4)[M],(c.c3)[M]>,5<(C-1.E-1.G-1.e3.g3.c4)[M],(c.c3)[M]>,5<(C-1.E-1.G-1.e3.g3.c4)[M],(c.c3)[M]>,5<(C-1.E-1.G-1.e3.g3.c4)[M],(c.c3)[M]>,5<(C-1.E-1.G-1.e3.g3.c4)[M],(c.c3)[M]>,5<(C-1.E-1.G-1.e3.g3.c4)[M],(c.c3)[M]>,5<(C-1.E-1.G-1.e3.g3.c4)[M],(c.c3)[M]>,5<(C-1.E-1.G-1.e3.g3.c4)[M],(c.c3)[M]>,5<(C-1.E-1.G-1.e3.g3.c4)[M],(c.c3)[M]>,5<(C-1.E-1.G-1.e3.g3.c4)[M],(c.c3)[M]>,5<(C-1.E-1.G-1.e3.g3.c4)[M],(c.c3)[M]>;(C-2.E-2.G-2.e3.g3.c4)[H],S;"]}]}