{"baseBpm":210,"musics":[{"id":1,"baseBeats":0.5,"scores":["(d1@#f1@a1@d2@#f2@d3@#f3@a3@d4)[K],T,(#f.a.d1)[JK],(e.a.#c1)[L],(g.a.e1)[L];(#f.a.d1)[L],e1[L],(e.a.#c1)[L],(g.a.e1)[L],(#f.a.e1)[L],5<d1[M],e1[M]>,(#f.a.d1)[L],(e.a.#c1)[L],(#f.a.d1)[K],(c1.e1)[K];(#c1@f1@#g1@#c2@f2@#c3@f3@#g3@#c4)[K],T,(f.#g.#c1)[JK],(e.#g.c1)[L],(#f.#g.#d1)[L];(f.#g.#c1)[L],#d1[L],(e.#g.c1)[L],(#f.#g.#d1)[L],(f.#g.#d1)[L],5<#c1[M],#d1[M]>,(f.#g.#c1)[L],(#d.#g.c1)[L],(f.#g.#c1)[K],5<#d1[M],f1[M]>,5<#f1[M],#g1[M]>;a1[K],T,a1[K],T,5<#g1[M],a1[M]>,5<#g1[M],a1[M]>,5<#g1[M],#f1[M]>,5<#g1[M],a1[M]>;#g1[K],T,#f1[K],T,5<f1[M],#f1[M]>,5<#g1[M],a1[M]>,5<b1[M],#c2[M]>,5<d2[M],e2[M]>;#g2[K],T,#f2[K],T,5<f1[M],#f1[M]>,5<#g1[M],a1[M]>,5<b1[M],#c2[M]>,5<d2[M],e2[M]>;d2[K],T,#c2[K],T,5<b1[M],#c2[M]>,5<b1[M],#c2[M]>,5<b1[M],a1[M]>,5<b1[M],#c2[M]>;a1[K],T,#g1[K],T,5<b1[M],#c2[M]>,5<d2[M],#c2[M]>,5<e2[M],d2[M]>,5<#c2[M],b1[M]>;a1[K],T,#g1[K],T,5<#c2[M],e2[M]>,5<a2[M],#f2[M]>,5<e2[M],d2[M]>,5<#c2[M],b1[M]>;a1[L],#g1[L],f2[L],#f2[L],f2[L],f1[L],f2[L],#f2[L],f2[L],#f1[L],#d2[L],f2[L];#d2[L],5<f1[M],#d2[M]>,#c2[L],c2[L],#d2[L],5<f1[M],#d2[M]>,#c2[L],c2[L],(f1.#c2)[K],T;(a2.a3)[K],(a2.a3)[K],(a2.a3)[K],(a2.a3)[L],5<V,a3[M]>,(#g2.#g3)[L],(#f2.#f3)[L],(#g2.#g3)[L],(a2.a3)[L];(#f2.#f3)[L],5<V,#g3[M]>,(#f2.#f3)[L],(f2.f3)[L],(#f2.#f3)[L],5<V,#g3[M]>,(#f2.#f3)[L],(f2.f3)[L],(#f2.#f3)[K],(#g2.#g3)[K];(#g2.#g3)[LN],(a2.a3)[LM],(a2.a3)[LN],(#g2.#g3)[LN],(a2.a3)[LM],(a2.a3)[LN],5<a3[M],(#g2.#g3)[M]>,(#f2.#f3)[L],(#g2.#g3)[L],(a2.a3)[L];(#g2.#g3)[L],5<(#f2.#f3)[M],#g3[M]>,(#f2.#f3)[L],(f2.f3)[L],(#g2.#g3)[L],5<(#f2.#f3)[M],#g3[M]>,(#f2.#f3)[L],(f2.f3)[L],(#f2.#f3)[KL],(#g2.#g3)[K];(a2.a3)[K],(a2.a3)[K],(a2.a3)[K],(a2.a3)[L],(#g2.#g3)[L],(#f2.#f3)[L],(#g2.#g3)[L],(a2.a3)[L];(#f2.#f3)[L],5<V,(#g2.#g3)[M]>,(#f2.#f3)[L],(f2.f3)[L],(#f2.#f3)[L],5<V,(#g2.#g3)[M]>,(#f2.#f3)[L],(f2.f3)[L],(#f2.#f3)[K],(#g2.#g3)[K];(#g2.#g3)[L],(a2.a3)[L],(#c3.#c4)[L],(a2.a3)[L],(#c3.#c4)[L],(a2.a3)[L],(#c3.#c4)[L],5<(a2.a3)[M],a3[M]>,(#g2.#g3)[L],(#f2.#f3)[L],(#g2.#g3)[L],(a2.a3)[L];(#g2.#g3)[L],5<(#f2.#f3)[M],#g3[M]>,(#f2.#f3)[L],(f2.f3)[L],(#g2.#g3)[L],5<(#f2.#f3)[M],#g3[M]>,(#f2.#f3)[L],(f2.f3)[L],(#f2.#f3)[JLM];#c2[K],T,T,b1[L],#c2[L],5<V,V>,5<V,V>,5<V,V>,5<V,V>;a1[K],d2[K],d2[K],T,T,#c2[K];b1[L],5<V,d2[M]>,d2[L],5<V,g2[M]>,g2[L],5<V,b2[M]>,b2[L],5<V,d3[M]>,5<V,V>,5<V,V>,5<V,V>,5<V,V>;d4[K],a1[K],a1[K],T,U,#g1[L],g1[L],#f1[L];5<#f1[M],(e.a.#c1)[M]>,U,5<#f2[M],(e1.a1.#c2)[M]>,U,5<#f3[M],(e2.a2.#c3)[M]>,U,5<#f4[M],(e3.a3.#c4)[M]>,U,5<b3[M],(a2.d3.#f3)[M]>,U,5<#f2[M],(d1.a1.d2)[M]>,U;5<#f1[M],(e.a.#c1)[M]>,U,5<#f2[M],(e1.a1.#c2)[M]>,U,5<#f3[M],(e2.a2.#c3)[M]>,U,5<#c4[M],(b2.#c3.e3)[M]>,U,5<b3[M],(a2.d3.#f3)[M]>,U,5<#f2[M],(d1.a1.d2)[M]>,U;5<d2[M],(#c1.e1.a1)[M]>,U,5<d3[M],(#c2.e2.a2)[M]>,U,5<d4[M],(c3.#f3.a3)[M]>,U,5<d3[M],(c2.#f2.a2)[M]>,U,5<c4[M],(b2.e3.#g3)[M]>,U,5<c3[M],(b1.e2.#g2)[M]>,U;5<b3[M],(a2.#c3.e3)[M]>,U,5<b2[M],(a1.#c2.e2)[M]>,U,5<a3[M],(#g2.d3.e3)[M]>,U,5<a2[M],(#g1.d2.e2)[M]>,U,5<a3[M],(g2.#c3.e3)[M]>,U,5<a2[M],(g1.#c2.e2)[M]>,U;a1[K],T,T,g1[L],a1[L],5<V,V>,5<V,V>,5<V,V>,5<V,V>;f1[K],#a1[K],#a1[K],T,T,a1[K];g1[L],5<V,#a2[M]>,#a1[L],5<V,#d3[M]>,#d2[L],5<V,g3[M]>,g2[L],5<V,#a3[M]>,5<V,V>,5<V,V>,5<V,V>,5<V,V>;#a4[K],f1[K],f1[K],T,U,e1[L],#d1[L],d1[L];5<d1[M],(c.f.a)[M]>,U,5<d2[M],(c1.f1.a1)[M]>,U,5<d3[M],(c2.f2.a2)[M]>,U,5<d4[M],(c3.f3.a3)[M]>,U,5<g3[M],(f2.#a2.d3)[M]>,U,5<d2[M],(#a.f1.#a1)[M]>,U;5<#d1[M],(d.g.b)[M]>,U,5<#d2[M],(d1.g1.b1)[M]>,U,5<#d3[M],(d2.g2.b2)[M]>,U,5<#d4[M],(d3.g3.b3)[M]>,U,5<#g3[M],(g2.c3.e3)[M]>,U,5<e2[M],(c1.g1.c2)[M]>,U;5<f1[M],(e.a.#c1)[M]>,U,5<f2[M],(e1.a1.#c2)[M]>,U,5<f3[M],(e2.a2.#c3)[M]>,U,5<f4[M],(e3.a3.#c4)[M]>,U,5<#a3[M],(a2.d3.f3)[M]>,U,5<f2[M],(d1.a1.d2)[M]>,U;5<#a1[M],(a.c.f1)[M]>,U,5<d2[M],(c1.f1.a1)[M]>,U,5<g2[M],(f1.a1.c2)[M]>,U,5<#a2[M],(a1.c2.f2)[M]>,U,5<d3[M],(c2.f2.a2)[M]>,U,5<g3[M],(f2.a2.c3)[M]>,U;5<V,V>,5<V,V>,5<V,V>,5<V,V>,5<V,V>,5<V,V>,5<V,V>,5<V,V>,5<V,V>,5<V,V>,5<V,V>,5<V,V>;5<V,V>,5<V,V>,5<V,V>,5<V,V>,5<V,V>,5<V,V>,5<V,V>,5<V,V>,5<V,V>,5<V,V>,5<V,V>,5<V,V>;5<V,V>,5<V,V>,5<V,V>,5<V,V>,5<V,V>,5<V,V>,5<V,V>,5<V,V>,5<V,V>,5<V,V>,5<V,V>,5<V,V>;5<V,V>,5<V,V>,5<V,V>,5<V,V>,5<V,V>,5<V,V>,5<V,V>,5<V,V>,5<V,V>,5<V,V>,5<V,V>,5<V,V>;5<V,V>,5<V,V>,5<V,V>,5<V,V>,5<V,V>,5<V,V>,5<V,V>,5<V,V>,5<V,V>,5<V,V>,5<V,V>,5<V,V>;5<V,V>,5<V,V>,5<V,V>,5<V,V>,5<V,V>,5<V,V>,5<V,V>,5<V,V>,5<V,V>,5<V,V>,5<V,V>,5<V,V>;5<V,V>,5<V,V>,5<V,V>,5<V,V>,5<V,V>,5<V,V>,5<V,V>,5<V,V>,5<V,V>,5<V,V>,5<V,V>,5<V,V>;5<V,V>,5<V,V>,5<V,V>,5<V,V>,5<V,V>,5<V,V>,5<V,V>,5<V,V>,5<V,V>,5<V,V>,5<V,V>,5<V,V>;5<V,V>,5<V,V>,5<V,V>,5<V,V>,5<V,V>,5<V,V>,5<V,V>,5<V,V>,5<V,V>,5<V,V>,5<V,V>,5<V,V>;5<V,V>,5<V,V>,5<V,V>,5<V,V>,5<V,V>,5<V,V>,5<V,V>,5<V,V>,5<V,V>,5<V,V>,5<V,V>,5<V,V>;5<V,V>,5<V,V>,5<V,V>,5<V,V>,5<V,V>,5<V,V>,5<V,V>,5<V,V>,5<V,V>,5<V,V>,5<V,V>,5<V,V>;5<V,V>,5<V,V>,5<V,V>,5<V,V>,5<V,V>,5<V,V>,5<V,V>,5<V,V>,5<V,V>,5<V,V>,5<V,V>,5<V,V>;5<V,V>,5<V,V>,5<V,V>,5<V,V>,5<V,V>,5<V,V>,5<V,V>,5<V,V>,5<V,V>,5<V,V>,5<V,V>,5<V,V>;5<V,V>,5<V,V>,5<V,V>,5<V,V>,5<V,V>,5<V,V>,5<V,V>,5<V,V>,5<V,V>,5<V,V>,5<V,V>,5<V,V>;5<V,V>,5<V,V>,5<V,V>,5<V,V>,5<V,V>,5<V,V>,5<V,V>,5<V,V>,5<V,V>,5<V,V>,5<V,V>,5<V,V>;5<V,V>,5<V,V>,5<V,V>,5<V,V>,5<V,V>,5<V,V>,5<V,V>,5<V,V>,5<V,V>,5<V,V>,5<V,V>,5<V,V>;5<V,V>,5<V,V>,5<V,V>,5<V,V>,5<V,V>,5<V,V>,5<V,V>,5<V,V>,5<V,V>,5<V,V>,5<V,V>,5<V,V>;5<V,V>,5<V,V>,5<V,V>,5<V,V>,5<V,V>,5<V,V>,5<V,V>,5<V,V>,5<V,V>,5<V,V>,5<V,V>,5<V,V>;5<V,V>,5<V,V>,5<V,V>,5<V,V>,5<V,V>,5<V,V>,5<V,V>,5<V,V>,5<V,V>,5<V,V>,5<V,V>,5<V,V>;5<V,V>,5<V,V>,5<V,V>,5<V,V>,5<V,V>,5<V,V>,5<V,V>,5<V,V>,5<V,V>,5<V,V>,5<V,V>,5<V,V>;5<e3[M],#c2[M]>,5<V,V>,5<V,V>,5<d3[M],b1[M]>,5<#c3[M],a1[M]>,5<V,V>,5<V,V>,5<V,V>,5<b2[M],#g1[M]>,5<V,V>,5<V,V>,5<V,V>;5<V,V>,5<V,V>,5<V,V>,5<V,V>,5<V,V>,5<V,V>,5<V,V>,5<V,V>,5<V,V>,5<V,V>,5<V,V>,5<V,V>;5<V,V>,5<V,V>,5<V,V>,5<V,V>,5<V,V>,5<V,V>,5<V,V>,5<V,V>,5<V,V>,5<V,V>,5<V,V>,5<V,V>;5<V,V>,5<V,V>,5<V,V>,5<V,V>,5<V,V>,5<V,V>,5<V,V>,5<V,V>,5<V,V>,5<V,V>,5<V,V>,5<V,V>;5<V,V>,5<V,V>,5<V,V>,5<V,V>,5<V,V>,5<V,V>,5<V,V>,5<V,V>,5<V,V>,5<V,V>,5<V,V>,5<V,V>;5<V,V>,5<V,V>,5<V,V>,5<V,V>,5<V,V>,5<V,V>,5<V,V>,5<V,V>,5<V,V>,5<V,V>,5<V,V>,5<V,V>;5<V,V>,5<V,V>,5<V,V>,5<V,V>,5<V,V>,5<V,V>,5<V,V>,5<V,V>,5<V,V>,5<V,V>,5<V,V>,5<V,V>;5<V,V>,5<V,V>,5<V,V>,5<V,V>,5<V,V>,5<V,V>,5<V,V>,5<V,V>,5<V,V>,5<V,V>,5<V,V>,5<V,V>;5<V,V>,5<V,V>,5<V,V>,5<V,V>,5<V,V>,5<V,V>,5<V,V>,5<V,V>,5<V,V>,5<V,V>,5<V,V>,5<V,V>;5<V,V>,5<V,V>,5<V,V>,5<V,V>,5<V,V>,5<V,V>,5<V,V>,5<V,V>,5<V,V>,5<V,V>,5<V,V>,5<V,V>;5<V,V>,5<V,V>,5<V,V>,5<V,V>,5<V,V>,5<V,V>,5<V,V>,5<V,V>,5<V,V>,5<V,V>,5<V,V>,5<V,V>;5<V,V>,5<V,V>,5<V,V>,5<V,V>,5<V,V>,5<V,V>,5<V,V>,5<V,V>,5<V,V>,5<V,V>,5<V,V>,5<V,V>;5<V,V>,5<V,V>,5<V,V>,5<V,V>,5<V,V>,5<V,V>,5<V,V>,5<V,V>,5<V,V>,5<V,V>,5<V,V>,5<V,V>;A-2[K],(e2.a2.e3)[L],(e2.a2.e3)[L],(e1.a1.e2)[L],(e1.a1.e2)[L],(e.a.e1)[L],(e.a.e1)[L],5<#F-1[M],E-1[M]>,5<#F-1[M],E-1[M]>,5<#F-1[M],E-1[M]>,5<#D-1[M],E-1[M]>;#C-1[K],(e2.a2.e3)[L],(e2.a2.e3)[L],(e1.a1.e2)[L],(e1.a1.e2)[L],(e.a.e1)[L],(e.a.e1)[L],5<B-1[M],A-1[M]>,5<B-1[M],A-1[M]>,5<B-1[M],A-1[M]>,5<#G-1[M],A-1[M]>;#G-1[K],(e2.b2.e3)[L],(e2.b2.e3)[L],(e1.b1.e2)[L],(e1.b1.e2)[L],(e.b.e1)[L],(e.b.e1)[L],5<#c[M],B-1[M]>,5<#c[M],B-1[M]>,5<#c[M],B-1[M]>,5<#A-1[M],B-1[M]>;d[K],5<#g3[M],d3[M]>,5<e3[M],b2[M]>,5<f2[M],d2[M]>,5<f2[M],b1[M]>,5<#f1[M],d1[M]>,5<#f1[M],b[M]>,5<g[M],d[M]>,5<g[M],B-1[M]>,5<G-1[M],D-1[M]>,5<G-1[M],B-2[M]>;A-2[K],(e2.a2.e3)[L],(e2.a2.e3)[L],(e1.a1.e2)[L],(e1.a1.e2)[L],(e.a.e1)[L],(e.a.e1)[L],5<#F-1[M],E-1[M]>,5<#F-1[M],E-1[M]>,5<#F-1[M],E-1[M]>,5<#D-1[M],E-1[M]>;#C-1[K],(e2.a2.e3)[L],(e2.a2.e3)[L],(e1.a1.e2)[L],(e1.a1.e2)[L],(e.a.e1)[L],(e.a.e1)[L],5<B-1[M],A-1[M]>,5<B-1[M],A-1[M]>,5<B-1[M],A-1[M]>,5<#G-1[M],A-1[M]>;#G-1[K],(e2.b2.e3)[L],(e2.b2.e3)[L],(e1.b1.e2)[L],(e1.b1.e2)[L],(e.b.e1)[L],(e.b.e1)[L],5<#c[M],B-1[M]>,5<#c[M],B-1[M]>,5<#c[M],B-1[M]>,5<#A-1[M],B-1[M]>;d[L],5<V,#d3[M]>,5<e3[M],d3[M]>,5<e3[M],(e2.b2)[M]>,5<f2[M],d2[M]>,5<f2[M],(f1.b1)[M]>,5<#f1[M],d1[M]>,5<#f1[M],(#f.b)[M]>,5<g[M],d[M]>,5<g[M],(G-1.B-1)[M]>,5<#G-1[M],D-1[M]>,5<#G-1[M],B-2[M]>;A-2[K],(#g2.#c3.#g3)[L],(#g2.#c3.#g3)[L],(#g1.#c2.#g2)[L],(#g1.#c2.#g2)[L],(#g.#c1.#g1)[L],(#g.#c1.#g1)[L],5<A-1[M],#G-1[M]>,5<A-1[M],#G-1[M]>,5<A-1[M],#G-1[M]>,5<#F-1[M],#G-1[M]>;(E-1.#g1.#g2)[K],(#g2.#c3.#g3)[L],(#g2.#c3.#g3)[L],(#g1.#c2.#g2)[L],(#g1.#c2.#g2)[L],(#g.#c1.#g1)[L],(#g.#c1.#g1)[L],5<#d[M],#c[M]>,5<#d[M],#c[M]>,5<#d[M],#c[M]>,5<c[M],#c[M]>;(c.e2.e3)[K],(#g2.#f3.#g3)[L],(#g2.#f3.#g3)[L],(#g1.#f2.#g2)[L],(#g1.#f2.#g2)[L],(#g.#f1.#g1)[L],(#g.#f1.#g1)[L],5<e[M],#d[M]>,5<e[M],#d[M]>,5<e[M],#d[M]>,5<d[M],#d[M]>;(#f.#c2.#c3)[K],5<#G-2[M],#G-1[M]>,5<#F-1[M],#G-1[M]>,5<A-2[M],#G-1[M]>,5<#F-1[M],#G-1[M]>,5<#A-2[M],#G-1[M]>,5<#F-1[M],#G-1[M]>,5<B-2[M],#G-1[M]>,5<#F-1[M],#G-1[M]>,5<C-1[M],#G-1[M]>,5<#F-1[M],#G-1[M]>;(#C-1.#d2.#d3)[K],(#g2.e3.#g3)[L],(#g2.e3.#g3)[L],(#g1.e2.#g2)[L],(#g1.e2.#g2)[L],(#g.e1.#g1)[L],(#g.e1.#g1)[L],5<A-1[M],#G-1[M]>,5<A-1[M],#G-1[M]>,5<A-1[M],#G-1[M]>,5<#F-1[M],#G-1[M]>;(E-1.#g1.#g2)[K],(#c3.#g3.#c4)[L],(#c3.#g3.#c4)[L],(#g1.#c2.#g2)[L],(#g1.#c2.#g2)[L],(#g.#c1.#g1)[L],(#g.#c1.#g1)[L],5<#d[M],#c[M]>,5<#d[M],#c[M]>,5<#d[M],#c[M]>,5<c[M],#c[M]>;(c.e2.e3)[K],T,#g1[L],#g1[L],(#g.#f1.#g1)[L],(#g.#f1.#g1)[L],5<e[M],#d[M]>,5<e[M],#d[M]>,5<e[M],#d[M]>,5<d[M],#d[M]>;(#f.#c2.#c3)[K],5<#g1[M],#f1[M]>,5<#g1[M],#d1[M]>,5<a1[M],#f1[M]>,5<#g1[M],#d1[M]>,5<#a1[M],#f1[M]>,5<#g1[M],#d1[M]>,5<b1[M],#f1[M]>,5<#g1[M],#d1[M]>,5<c2[M],#f1[M]>,5<#g1[M],#d1[M]>;5<b3[M],#a3[M]>,5<b3[M],#a3[M]>,5<a3[M],#g3[M]>,5<a3[M],#g3[M]>,5<#f3[M],e3[M]>,5<#f3[M],e3[M]>,5<#d3[M],#c3[M]>,5<#d3[M],#c3[M]>,5<b2[M],#a2[M]>,5<b2[M],#a2[M]>,5<a2[M],#g2[M]>,5<a2[M],#g2[M]>;5<#f2[M],e2[M]>,5<#f2[M],e2[M]>,5<#d2[M],#c2[M]>,5<#d2[M],#c2[M]>,5<b1[M],#c2[M]>,5<b1[M],#a1[M]>,5<b1[M],#c2[M]>,5<d2[M],e2[M]>,5<#f2[M],#g2[M]>,5<a2[M],#a2[M]>,5<b2[M],#c3[M]>,5<b2[M],#a2[M]>;5<b2[M],#c3[M]>,5<#d3[M],e3[M]>,5<#f3[M],#g3[M]>,5<a3[M],#a3[M]>,5<b3[M],#c4[M]>,5<b3[M],#a3[M]>,5<b3[M],#c4[M]>,5<#d4[M],e4[M]>,5<a3[M],b3[M]>,5<#c4[M],d4[M]>,5<#g3[M],a3[M]>,5<b3[M],#c4[M]>;5<#f3[M],a3[M]>,5<#g3[M],b3[M]>,5<e3[M],#g3[M]>,5<#f3[M],a3[M]>,5<#d3[M],#f3[M]>,5<e3[M],#g3[M]>,5<#c3[M],e3[M]>,5<#d3[M],#f3[M]>,5<b2[M],#d3[M]>,5<#c3[M],e3[M]>,5<a2[M],#c3[M]>,5<b2[M],#d3[M]>;(e2.e3)[K],5<#g[M],b[M]>,5<#g[M],e1[M]>,5<a[M],c1[M]>,5<a[M],f1[M]>,5<#g[M],b[M]>,5<#g[M],e1[M]>,5<a[M],#c1[M]>,5<a[M],#f1[M]>,5<#a[M],#c1[M]>,5<#a[M],#f1[M]>;(e2.e3)[K],5<#a[M],#c1[M]>,5<#a[M],#f1[M]>,5<b[M],d1[M]>,5<b[M],g1[M]>,5<#a[M],#c1[M]>,5<#a[M],#f1[M]>,5<b[M],d1[M]>,5<b[M],g1[M]>,5<c1[M],#d1[M]>,5<c1[M],#g1[M]>;(e2.e3)[K],5<c1[M],#d1[M]>,5<c1[M],#g1[M]>,5<#c1[M],e1[M]>,5<#c1[M],a1[M]>,5<b[M],d1[M]>,5<b[M],#g1[M]>,5<#c1[M],e1[M]>,5<#c1[M],a1[M]>,5<d1[M],f1[M]>,5<d1[M],#a1[M]>;5<#d1[M],#f1[M]>,5<#d1[M],b1[M]>,5<e1[M],g1[M]>,5<e1[M],c2[M]>,5<f1[M],#g1[M]>,5<f1[M],#c2[M]>,5<#f1[M],a1[M]>,5<#f1[M],d2[M]>,5<g1[M],#a1[M]>,5<g1[M],#d2[M]>,5<#g1[M],b1[M]>,5<#g1[M],e2[M]>;5<a1[M],c2[M]>,5<a1[M],f2[M]>,(e2.a2.#c3.e3)[L],(e2.a2.#c3.e3)[L],(e1.a1.#c2.e2)[L],(e1.a1.#c2.e2)[L],(e.a.#c1.e1)[L],(e.a.#c1.e1)[L],5<(#F-1.#A-1.#c.#f)[M],(e.#a.#c1.e1)[M]>,5<(#F-1.#A-1.#c.#f)[M],(e.#a.#c1.e1)[M]>,5<(#F-1.#A-1.#c.#f)[M],(e.#a.#c1.e1)[M]>,5<(#D-1.#A-1.#c.#d)[M],(e.#a.#c1.e1)[M]>;(#C-1.#c)[K],(a2.#c3.e3.a3)[L],(a2.#c3.e3.a3)[L],(e1.a1.#c2.e2)[L],(e1.a1.#c2.e2)[L],(e.a.#c1.e1)[L],(e.a.#c1.e1)[L],5<(B-1.#c.e.b)[M],(a.#c1.e1.a1)[M]>,5<(B-1.#c.e.b)[M],(a.#c1.e1.a1)[M]>,5<(B-1.#c.e.b)[M],(a.#c1.e1.a1)[M]>,5<(#G-1.#c.e.#g)[M],(a.#c1.e1.a1)[M]>;(#G-1.#g)[K],(b2.d3.e3.b3)[L],(b2.d3.e3.b3)[L],(e1.b1.d2.e2)[L],(e1.b1.d2.e2)[L],(e.b.d1.e1)[L],(e.b.d1.e1)[L],5<(#c.e.#g.#c1)[M],(b.e1.#g1.b1)[M]>,5<(#c.e.#g.#c1)[M],(b.e1.#g1.b1)[M]>,5<(#c.e.#g.#c1)[M],(b.e1.#g1.b1)[M]>,5<(#A-1.e.g.#a)[M],(b.e1.#g1.b1)[M]>;(#d.#d1)[K],5<V,d1[M]>,5<e1[M],b[M]>,5<V,d1[M]>,5<f1[M],b[M]>,5<V,d1[M]>,5<#f1[M],b[M]>,5<V,d1[M]>,5<g1[M],b[M]>,5<V,d1[M]>,5<#g1[M],b[M]>;(F-2.F-1.a2.c3.f3.a3)[LM],(a2.c3.f3.a3)[L],(a1.c2.f2.a2)[L],(a1.c2.f2.a2)[L],(a.c1.f1.a1)[L],(a.c1.f1.a1)[L],(A-1.c.f.a)[L],(A-1.c.f.a)[L],5<g3[M],e3[M]>,5<f3[M],g2[M]>,5<g2[M],c2[M]>,5<f2[M],g1[M]>;5<g1[M],c1[M]>,5<f1[M],g[M]>,5<g[M],c[M]>,5<f[M],G-1[M]>,(G-2.G-1.#a2.e3.g3.#a3)[LM],(#a2.e3.g3.#a3)[L],(#a1.e2.g2.#a2)[L],(#a1.e2.g2.#a2)[L],(#a.e1.g1.#a1)[L],(#a.e1.g1.#a1)[L],(#A-1.e.g.#a)[L],(#A-1.e.g.#a)[L];5<a3[M],e3[M]>,5<f3[M],a2[M]>,5<a2[M],e2[M]>,5<f2[M],a1[M]>,5<a1[M],e1[M]>,5<f1[M],a[M]>,5<a[M],e[M]>,5<f[M],A-1[M]>,(#A-3.#A-2.d3.f3.#a3.d4)[LM],(d3.f3.#a3.d4)[L],(d2.f2.#a2.d3)[L],(d2.f2.#a2.d3)[L];(d1.f1.#a1.d2)[L],(d1.f1.#a1.d2)[L],(d.f.#a.d1)[L],(d.f.#a.d1)[L],5<e3[M],g2[M]>,5<#c3[M],e2[M]>,(#a.#c1.e1.g1.#a1)[L],(#a.#c1.e1.g1.#a1)[L],5<f1[M],#g[M]>,5<e1[M],f[M]>,(B-2.D-1.F-1.#G-1.B-1)[L],(B-2.D-1.F-1.#G-1.B-1)[L];5<#f2[M],e2[M]>,5<#f2[M],e2[M]>,5<b2[M],a2[M]>,5<b2[M],a2[M]>,5<#g2[M],#f2[M]>,5<#g2[M],#f2[M]>,5<#c3[M],b2[M]>,5<#c3[M],b2[M]>,5<a2[M],#g2[M]>,5<a2[M],#g2[M]>,5<d3[M],#c3[M]>,5<d3[M],#c3[M]>;5<b2[M],a2[M]>,5<b2[M],a2[M]>,5<e3[M],d3[M]>,5<e3[M],d3[M]>,5<a2[M],#g2[M]>,5<a2[M],#g2[M]>,5<#f3[M],e3[M]>,5<#f3[M],e3[M]>,5<d3[M],#c3[M]>,5<d3[M],#c3[M]>,5<#g3[M],#f3[M]>,5<#g3[M],#f3[M]>;5<A-1[M],#G-1[M]>,5<A-1[M],#G-1[M]>,5<#d[M],#c[M]>,5<#d[M],#c[M]>,5<B-1[M],A-1[M]>,5<B-1[M],A-1[M]>,5<e[M],#d[M]>,5<e[M],#d[M]>,5<#c[M],B-1[M]>,5<#c[M],B-1[M]>,5<#f[M],e[M]>,5<#f[M],e[M]>;5<#d[M],#c[M]>,5<#d[M],#c[M]>,5<#g[M],#f[M]>,5<#g[M],#f[M]>,5<e[M],#d[M]>,5<e[M],#d[M]>,5<a[M],#g[M]>,5<a[M],#g[M]>,5<#f[M],e[M]>,5<#f[M],e[M]>,5<b[M],a[M]>,5<b[M],a[M]>;5<#c3[M],b2[M]>,5<#c3[M],b2[M]>,5<#f3[M],e3[M]>,5<#f3[M],e3[M]>,5<#d3[M],#c3[M]>,5<#d3[M],#c3[M]>,5<#g3[M],#f3[M]>,5<#g3[M],#f3[M]>,5<e3[M],#d3[M]>,5<e3[M],#d3[M]>,5<a3[M],#g3[M]>,5<a3[M],#g3[M]>;5<#f3[M],e3[M]>,5<#f3[M],e3[M]>,5<b3[M],a3[M]>,5<b3[M],a3[M]>,5<#g3[M],#f3[M]>,5<#g3[M],#f3[M]>,5<#c4[M],b3[M]>,5<#c4[M],b3[M]>,5<a3[M],#g3[M]>,5<a3[M],#g3[M]>,5<#c4[M],b3[M]>,5<#c4[M],b3[M]>;5<d3[M],e4[M]>,5<d4[M],a3[M]>,5<#c3[M],d4[M]>,5<#c4[M],#g3[M]>,5<c3[M],#c4[M]>,5<c4[M],g3[M]>,5<#c3[M],d4[M]>,5<#c4[M],#g3[M]>,5<c2[M],#c3[M]>,5<c3[M],g2[M]>,5<b1[M],c3[M]>,5<b2[M],#f2[M]>;5<#a1[M],b2[M]>,5<#a2[M],f2[M]>,5<b1[M],c3[M]>,5<b2[M],#f2[M]>,5<#a[M],b1[M]>,5<#a1[M],f1[M]>,5<a[M],#a1[M]>,5<a1[M],e1[M]>,5<#g[M],a1[M]>,5<#g1[M],#d1[M]>,5<a[M],#a1[M]>,5<a1[M],e1[M]>;5<f3[M],g4[M]>,5<f4[M],c4[M]>,5<e3[M],f4[M]>,5<e4[M],b3[M]>,5<#d3[M],e4[M]>,5<#d4[M],#a3[M]>,5<e3[M],f4[M]>,5<e4[M],b3[M]>,5<#d2[M],e3[M]>,5<#d3[M],#a2[M]>,5<d2[M],#d3[M]>,5<d2[M],a2[M]>;5<#c2[M],d3[M]>,5<#c3[M],#g2[M]>,5<d2[M],#d3[M]>,5<d3[M],a3[M]>,5<#c1[M],d2[M]>,5<#c2[M],#g1[M]>,5<c1[M],#c2[M]>,5<c2[M],g1[M]>,5<b[M],c2[M]>,5<b1[M],#f1[M]>,5<c1[M],#c2[M]>,5<c2[M],g1[M]>;5<b[M],#f1[M]>,5<b1[M],#f1[M]>,5<c1[M],a1[M]>,5<c2[M],#f1[M]>,5<b[M],a1[M]>,5<b1[M],#f1[M]>,5<#c1[M],a1[M]>,5<#c2[M],#f1[M]>,5<b[M],a1[M]>,5<b1[M],#f1[M]>,5<#c1[M],a1[M]>,5<#c2[M],#f1[M]>;5<b[M],a1[M]>,5<b1[M],#f1[M]>,5<c1[M],a1[M]>,5<c2[M],#f1[M]>,5<b[M],a1[M]>,5<b1[M],#f1[M]>,5<#c1[M],a1[M]>,5<#c2[M],#f1[M]>,5<b[M],a1[M]>,5<b1[M],#f1[M]>,5<#c1[M],a1[M]>,5<#c2[M],#f1[M]>;5<b[M],#g1[M]>,5<b1[M],#g1[M]>,5<#c1[M],a1[M]>,5<#c2[M],e1[M]>,5<e1[M],b1[M]>,5<e2[M],#g1[M]>,5<e1[M],#c2[M]>,5<e2[M],a1[M]>,5<#g1[M],e2[M]>,5<#g2[M],b1[M]>,5<a1[M],e2[M]>,5<a2[M],#c2[M]>;5<b1[M],#g2[M]>,5<b2[M],e2[M]>,5<#c2[M],a2[M]>,5<#c3[M],e2[M]>,5<e2[M],b2[M]>,5<e3[M],#g2[M]>,5<e2[M],#c3[M]>,5<e3[M],a2[M]>,5<#g2[M],e3[M]>,5<#g3[M],b2[M]>,5<a2[M],e3[M]>,5<a3[M],#c3[M]>;5<b2[M],#g3[M]>,5<b3[M],e3[M]>,5<#c3[M],a3[M]>,5<#c4[M],#c3[M]>,5<b2[M],#g3[M]>,5<b3[M],e3[M]>,5<#c3[M],a3[M]>,5<#c4[M],#c3[M]>,5<b2[M],#g3[M]>,5<b3[M],e3[M]>,5<#c3[M],a3[M]>,5<#c4[M],#c3[M]>;5<b2[M],#g3[M]>,5<b3[M],e3[M]>,5<#c3[M],a3[M]>,5<#c4[M],#c3[M]>,5<b2[M],#g3[M]>,5<b3[M],e3[M]>,5<#c3[M],a3[M]>,5<#c4[M],#c3[M]>,5<b2[M],b3[M]>,5<#c3[M],#c4[M]>,5<d3[M],d4[M]>,5<e3[M],e4[M]>;(f3.f4)[KM],(f2.f3)[K],(f2.f3)[K],(f2.f3)[L],5<V,f3[M]>,(e2.e3)[L],(d2.d3)[L],(e2.e3)[L],(f2.f3)[L];(d2.d3)[L],5<V,e3[M]>,(d2.d3)[L],(c2.c3)[L],(d2.d3)[L],5<V,e3[M]>,(d2.d3)[L],(c2.c3)[L],(d2.d3)[K],(e2.e3)[K];(e2.e3)[LN],(f2.f3)[LM],(g2.g3)[LN],(f2.f3)[LN],(e2.e3)[LM],(f2.f3)[LN],(e2.e3)[LN],(d2.d3)[LM],(e2.e3)[LN];(d2.d3)[LN],(c2.c3)[LM],(e2.e3)[LN],(d2.d3)[LN],(d2.d3)[LM],(c2.c3)[LN],(d2.d3)[KL],(e2.e3)[K];(f2.f3)[K],(g2.g3)[K],(f2.f3)[K],(g2.g3)[K],(f2.f3)[K],(e2.e3)[K];(d2.d3)[K],(c2.c3)[L],(d2.d3)[L],5<V,e3[M]>,(d2.d3)[L],(c2.c3)[L],(d2.d3)[K],(e2.e3)[K];(g2.g3)[L],(f2.f3)[L],(#a2.#a3)[L],(#g2.#g3)[L],(a2.a3)[L],(g2.g3)[L],(#g2.#g3)[L],5<(f2.f3)[M],g2[M]>,(e2.e3)[L],(d2.d3)[L],(e2.e3)[L],(f2.f3)[L];(e2.e3)[L],5<(d2.d3)[M],f2[M]>,(d2.d3)[L],(c2.c3)[L],(e2.e3)[L],5<(d2.d3)[M],f2[M]>,(d2.d3)[L],(c2.c3)[L],(d2.d3)[J];(#a@d1@f1@#a1@#a2@d3@f3@#a3)[K],T,(d.f.#a)[JK],(c.f.a)[L],(#d.f.c1)[L];(d.f.#a)[L],c1[L],(c.f.a)[L],(#d.f.c1)[L],(d.f.c1)[L],5<#a[M],c1[M]>,(d.f.#a)[L],(c.f.a)[L],(d.f.#a)[K],(g.c1)[K];(a@#c1@e1@a1@#c2@a2@#c3@e3@a3)[K],T,(#c.e.a)[JK],(c.e1.#g1)[L],(d.e.#a)[L];(#c.e.a)[L],#a[L],(c.e.#g)[L],(d.e.#a)[L],(#c.e.#a)[L],5<a[M],#a[M]>,(#c.e.a)[L],(c.e.#g)[L],(#c.e.a)[K],5<b[M],#c1[M]>,5<d1[M],e1[M]>;f1[K],T,f1[K],T,5<e1[M],f1[M]>,5<e1[M],f1[M]>,5<e1[M],d1[M]>,5<e1[M],f1[M]>;e1[K],T,d1[K],T,5<#c1[M],d1[M]>,5<e1[M],f1[M]>,5<g1[M],a1[M]>,5<b1[M],#c2[M]>;e2[K],T,d2[K],T,5<c2[M],d2[M]>,5<c2[M],d2[M]>,5<c2[M],#a1[M]>,5<c2[M],d2[M]>;#a1[K],T,a1[K],T,5<g1[M],a1[M]>,5<g1[M],a1[M]>,5<g1[M],f1[M]>,5<g1[M],a1[M]>;f1[K],T,e1[K],T,5<f1[M],g1[M]>,5<f1[M],g1[M]>,5<f1[M],e1[M]>,5<f1[M],g1[M]>;f1[K],T,e1[K],T,5<f1[M],g1[M]>,5<f1[M],g1[M]>,5<f1[M],e1[M]>,5<f1[M],g1[M]>;5<f[M],g[M]>,5<f[M],g[M]>,5<f[M],e[M]>,5<f[M],g[M]>,5<f1[M],g1[M]>,5<f1[M],g1[M]>,5<f1[M],e1[M]>,5<f1[M],g1[M]>,5<f[M],g[M]>,5<f[M],g[M]>,5<f[M],e[M]>,5<f[M],g[M]>;5<f1[M],g1[M]>,5<f1[M],g1[M]>,5<f1[M],e1[M]>,5<f1[M],g1[M]>,5<f1[M],g1[M]>,5<f1[M],g1[M]>,5<f1[M],e1[M]>,5<f1[M],g1[M]>,5<f1[M],g1[M]>,5<f1[M],g1[M]>,5<f1[M],e1[M]>,5<f1[M],g1[M]>;(f1@d2)[K],T,d2[K],T,5<c2[M],d2[M]>,5<c2[M],d2[M]>,5<c2[M],#a1[M]>,5<c2[M],d2[M]>;c2[K],T,#a1[K],T,5<a1[M],#a1[M]>,5<c2[M],d2[M]>,5<#d2[M],f2[M]>,5<g2[M],a2[M]>;c3[K],T,#a2[K],T,5<a2[M],#a2[M]>,5<a2[M],#a2[M]>,5<a2[M],g2[M]>,5<a2[M],#a2[M]>;g2[K],T,f2[K],T,5<#d2[M],f2[M]>,5<#d2[M],f2[M]>,5<#d2[M],d2[M]>,5<#d2[M],f2[M]>;d2[K],T,#c2[K],T,5<f2[M],g2[M]>,5<f2[M],g2[M]>,5<f2[M],e2[M]>,5<f2[M],g2[M]>;e2[K],T,d2[K],T,5<g2[M],a2[M]>,5<g2[M],a2[M]>,5<g2[M],f2[M]>,5<g2[M],a2[M]>;f2[K],T,e2[K],T,5<a2[M],#a2[M]>,5<a2[M],#a2[M]>,5<a2[M],g2[M]>,5<a2[M],#a2[M]>;g2[K],T,g2[K],T,5<#a2[M],c3[M]>,5<#a2[M],c3[M]>,5<#a2[M],a2[M]>,5<#a2[M],c3[M]>;","S,d[JK],(A-2.A-1)[K];(D-1.d)[K],(A-2.A-1)[K],(D-1.d)[K],(A-2.A-1)[K],(D-1.d)[K],(A-2.A-1)[K];S,(#C-1.#c)[JK],(#G-2.#G-1)[K];(#C-1.#c)[K],(#G-2.#G-1)[K],(#C-1.#c)[K],(#G-2.#G-1)[K],(#C-1.#c)[K],T;(#F-2.#F-1)[K],(#c.c1)[L],c1[L],(#f.a.#c1)[K],(#c.c1)[K],(f.b.#c1)[K],#c[K];(#F-2.#F-1)[K],(#c.c1)[L],c1[L],(#f.a.#c1)[K],(#c.c1)[K],(#f.a.#c1)[K],#c[K];(#F-2.#F-1)[K],(d.#c1)[L],#c1[L],(#f.b.d1)[K],(d.#c1)[K],(#f.b.d1)[K],d[K];(#F-2.#F-1)[K],(#c.c1)[L],c1[L],(#f.a.#c1)[K],(#c.#c1)[K],(#f.a.#c1)[K],#c[K];(#C-1.#c)[K],(#c.d1)[L],d1[L],(f.b.#c1)[K],(#c.d1)[K],(#f.a.#c1)[K],#c[K];(#C-1.#c)[K],(#c.d1)[L],d1[L],(f.b.#c1)[K],(#c.d1)[K],(#f.a.#c1)[K],#c[K];(#G-1.#g)[K],(#g.a1)[L],a1[L],(#c1.#g1)[K],(#g.a1)[K],(c1.#g1)[K],#g[K];(#C-1.#c)[K],(#g.a1)[L],a1[L],(#c1.#g1)[K],(#g.a1)[K],(#c1.#g1)[K],#g[K];(#F-1.#c)[L],#c[L],(#C-1.#F-1)[L],#c[L],(#F-1.#c)[L],#c[L],(#C-1.#F-1)[L],#c[L],(#F-1.#c)[L],#c[L],(#C-1.#F-1)[L],#c[L];(#F-1.#c)[L],#c[L],(#C-1.#F-1)[L],#c[L],(#F-1.#c)[L],#c[L],(#C-1.#F-1)[L],#c[L],(#F-1.#c)[L],#c[L],(#C-1.#F-1)[L],#c[L];(#F-1.#c)[L],#c[L],(#C-1.#F-1)[L],#c[L],(#F-1.#c)[L],#c[L],(#C-1.#F-1)[L],#c[L],(#F-1.#c)[L],#c[L],(#C-1.#F-1)[L],#c[L];(#F-1.#c)[L],#c[L],(#C-1.#F-1)[L],#c[L],(#F-1.#c)[L],#c[L],(#C-1.#F-1)[L],#c[L],(#F-1.#c)[L],#c[L],(#C-1.#F-1)[L],#c[L];(#F-1.#c)[L],#c[L],(#C-1.#F-1)[L],#c[L],(#F-1.#c)[L],#c[L],(#C-1.#F-1)[L],#c[L],(#F-1.#c)[L],#c[L],(#C-1.#F-1)[L],#c[L];(#F-1.#c)[L],#c[L],(#C-1.#F-1)[L],#c[L],(#F-1.#c)[L],#c[L],(#C-1.#F-1)[L],#c[L],(#F-1.#c)[L],#c[L],(#C-1.#F-1)[L],#c[L];(#F-1.#c)[L],#c[L],(#C-1.#F-1)[L],#c[L],(#F-1.#c)[L],#c[L],(#C-1.#F-1)[L],#c[L],(#F-1.#c)[L],#c[L],(#C-1.#F-1)[L],#c[L];(#F-1.#c)[L],#c[L],(#C-1.#F-1)[L],#c[L],(#F-1.#c)[L],#c[L],(#C-1.#F-1)[L],#c[L],(#F-1.#c)[JLM];A-2[K],e[K],(a.#c1.g1)[K],e[L],e[L],(a.#c1.g1)[K],e[K];D-1[K],(g.g1)[K],(a.d1.#f1)[K],(#g.e1)[L],e1[L],(a.d1.#f1)[K],#f[K];G-2[K],(d.e1)[K],(g.b.d1)[K],(d.#c1)[L],#c1[L],(g.b.d1)[K],d[K];A-2[K],(d.e1)[K],(#f.a.d1)[K],(d.#c1)[L],#c1[L],(#f.a.d1)[K],d[K];A-2[K],(A-1.a)[K],(G-1.g)[K],(A-1.a)[K],(#F-1.#f)[K],(A-1.a)[K];A-2[K],(A-1.a)[K],(G-1.g)[K],(A-1.a)[L],(A-1.a)[L],(#F-1.#f)[K],(A-1.a)[K];E-1[K],(e.e1)[K],(#d.#d1)[K],(e.e1)[K],(d.d1)[K],(e.e1)[K];(#c.#c1)[K],(e.e1)[K],(B-1.b)[K],(e.e1)[L],(e.e1)[L],(A-1.a)[K],(e.e1)[K];F-1[K],c[K],(f.a.#d1)[K],c[L],c[L],(f.a.#d1)[K],c[K];#A-2[K],(#d.#d1)[K],(f.#a.d1)[K],(#d.c1)[L],c1[L],(f.#a.d1)[K],(d.c1)[K];(#D-2.#D-1)[K],(#A-1.c1)[K],(#d.g.#a)[K],(#A-1.a)[L],a[L],(#d.g.#a)[K],(#A-1.g)[K];#A-3[K],(#A-1.c)[K],(d.f.#a)[K],(#A-1.a)[L],a[L],(d.f.#a)[K],(#A-1.f)[K];(F-2.F-1)[K],(F-1.f)[K],(#D-1.#d)[K],(F-1.f)[K],(D-1.d)[K],(F-1.f)[K];(F-2.F-1)[K],(G-1.g)[K],(F-1.f)[K],(G-1.g)[L],(G-1.g)[L],(#D-1.#d)[K],(G-1.g)[K];(F-2.F-1)[K],(A-1.a)[K],(G-1.g)[K],(A-1.a)[K],(F-1.f)[K],(A-1.a)[K];(F-2.F-1)[K],(#d.#d1)[K],(c.c1)[K],(A-1.a)[L],(A-1.a)[L],(F-1.f)[K],(#D-1.#d)[K];(e3~#c2~mute)[K],T,(#c3~a1~mute)[K],T,(b2~#g1~mute)[K],T;(e2~#c1~mute)[K],T,(a1~b1~#c2)[K],(d2~e2~#f2)[K],(#g2~a2~b2)[K],(#c3~d3~#f3)[K];(e3~#c2~mute)[K],T,(#c3~a1~mute)[K],T,(#f3~#d2~mute)[K],T;(e3~#c2~mute)[K],T,(e4~#c4~b3)[K],(a3~#g3~#f3)[K],(e3~#c3~e3)[K],(b2~a2~#f2)[K];(d3~b1~mute)[K],T,(b2~#g1~mute)[K],T,(g1~#a2~#a1)[K],(#c3~#c2~e3)[K];(d3~b1~mute)[K],T,(b2~#g1~mute)[K],T,(g1~#a2~#a1)[K],(#c3~#c2~e3)[K];(#g1~b2~mute)[K],T,(#a1~#c2~mute)[K],T,(c2~#d3~mute)[K],T;(#d2~#f3~mute)[K],T,(d2~f3~mute)[K],T,(d2~e3~mute)[K],T;(e3~#c2~mute)[K],T,(#c2~a1~mute)[K],T,(b2~#g1~mute)[K],T;(e2~#c1~mute)[K],T,(a1~#c2~d2)[K],(e2~#f2~#g2)[K],(a2~#c3~d3)[K],(#c4~a3~#f3)[K];(e3~#c2~e3)[K],#c2[K],(#c3~a1~#c3)[K],a1[K],(#f3~#d2~#f3)[K],#d2[K];(e3~#c2~e3)[K],#c2[K],(#c4.e4~b3~a3)[K],(#g3.b3~#f3~f3)[K],(#c3.e3~b2~a2)[K],(#g2.b2~#f2~f2)[K];(g3~e2~mute)[K],T,(e3~#c2~mute)[K],T,(g3~e2~mute)[K],T;(e3~b1~mute)[K],T,(g3~e2~mute)[K],T,(e3~#a1~mute)[K],T;(#g3~f2~mute)[K],T,(f3~#c2~mute)[K],T,(#d3~c2~mute)[K],T;(#g2~f1~mute)[K],T,(#c2~#d2~f2)[K],(#f2~#g2~#a2)[K],(c3~#c3~#d3)[K],(f3~#f3~#a3)[K];(#g3~f2~mute)[K],T,(f3~d2~mute)[K],T,(g3~e2~mute)[K],T;(d3~b1~mute)[K],T,(#c2~d2~e2)[K],(#f2~#g2~a2)[K],(b2~#c3~e3)[K],(d3~#c3~b2)[K];(a3~g2~mute)[K],T,(a3~#f2~mute)[K],T,(a3~e2~mute)[K],T;(a3~#d2~mute)[K],T,(e3~d2~mute)[K],T,(e3~#c2~mute)[K],T;RS;(a3~g2~a3)[K],g2[K],(a3~#f2~a3)[K],#f2[K],(a3~e2~a3)[K],e2[K];(a3~#d2~a3)[K],#d2[K],(e3~d2~e3)[K],d2[K],(e3~#c2~e3)[K],#c3[K];(f3~g3~f3)[K],(e3~f3~e3)[K],(f3~g3~f3)[K],(a3~#a3~a3)[K],(g3~a3~g3)[K],(f3~g3~f3)[K];(e3~f3~e3)[K],(#d3~e3~#d3)[K],(e3~f3~e3)[K],(g3~a3~g3)[K],(f3~g3~f3)[K],(e3~f3~e3)[K];(#d3~f3~#d3)[K],(d3~#d3~d3)[K],(#d3~f3~#d3)[K],(#f3~#g3~#f3)[K],(f3~#f3~f3)[K],(#d3~f3~#d3)[K];(d3~#d3~d3)[K],(c3~d3~c3)[K],(d3~#d3~d3)[K],(e3~#f3~e3)[K],(#d3~e3~#d3)[K],(d3~#d3~d3)[K];(#c3~d3~b2)[K],(#c3~d3~e3)[K],(#f3~#g3~e3)[K],(#f3~#g3~a3)[K],(b3~#c4~a3)[K],(b3~#c4~d4)[K];(e4~#f4~d4)[K],(e4~#c4~d4)[K],(b3~#c4~a3)[K],(b3~#g3~a3)[K],(#f3~#g3~e3)[K],(#f3~d3~e3)[K];(#c3~d3~b2)[K],(#c3~d3~e3)[K],(#f3~#g3~e3)[K],(#f3~#g3~a3)[K],(b3~#c4~a3)[K],(b3~#c4~d4)[K];(e4~g4~d4)[K],(#f4~#c4~e4)[K],(#a3~d4~a3)[K],(#c4~g3~b3)[K],(#f3~a3~e3)[K],(#g3~d3~#f3)[K];(#c3~e3~e4)[K],(#c4~a3~#c4)[K],(a3~#f3~a3)[K],(#f3~d3~#f3)[K],(d3~b2~d3)[K],(b2~g2~b2)[K];(#g2~e2~#g2)[K],(e2~#c2~e2)[K],(#c2~a1~#c2)[K],(a1~#f1~a1)[K],(#f1~d1~b)[K],(#g~e~#c)[K];RS;RS;RS;RS;RS;RS;RS;RS;R,(#g1.#g2)[J];R,(e2.e3)[J];R,(#d2.#d3)[J];S,(c2.c3)[J],(#d2.#d3)[J];R,(#g1.#g2)[J];R,(e2.e3)[J];T,(#g2.#g3)[L],#g3[L],(#f2.#g2.#f3)[L],#g2[L],(e2.e3)[K],(#d2.#d3)[K],(#c2.#c3)[K];S,(c2.c3)[J],(#d2.#d3)[J];E-1[K],b2[L],b1[L],b1[L],b[L],b[L],B-1[L],#c[M],B-1[M],#c[M],B-1[M],#c[M],B-1[M],#A-1[M],B-1[M];#G-1[K],b2[L],b1[L],b1[L],b[L],b[L],B-1[L],#f[M],e[M],#f[M],e[M],#f[M],e[M],#d[M],e[M];#d[K],b2[L],b1[L],b1[L],b[L],b[L],B-1[L],#g[M],#f[M],#g[M],#f[M],#g[M],#f[M],f[M],#f[M];a[K],b2[M],b1[M],#d2[M],a1[M],#a2[M],b1[M],#d2[M],a1[M],a2[M],b1[M],#d2[M],a1[M],#g2[M],b1[M],#d2[M],a1[M],#f2[M],b1[M],#d2[M],a1[M];(E-2.E-1)[K],e2[M],b1[M],e2[M],#g1[M],f2[M],c2[M],f2[M],a1[M],e2[M],b1[M],e2[M],#g1[M],f2[M],#c2[M],f2[M],a1[M],#f2[M],#c2[M],#f2[M],#a1[M];(E-2.E-1)[K],#f2[M],#c2[M],#f2[M],#a1[M],g2[M],d2[M],g2[M],b1[M],#f2[M],#c2[M],#f2[M],#a1[M],g2[M],d2[M],g2[M],b1[M],#g2[M],#d2[M],#g2[M],c2[M];(E-2.E-1)[K],#g2[M],#d2[M],#g2[M],c2[M],a2[M],e2[M],a2[M],#c2[M],#g2[M],#d2[M],#g2[M],c2[M],a2[M],e2[M],a2[M],#c2[M],#a2[M],f2[M],#a2[M],d2[M];b2[M],#f2[M],b2[M],#d2[M],c3[M],g2[M],c3[M],e2[M],#c3[M],#g2[M],#c3[M],f2[M],d3[M],a2[M],d3[M],#f2[M],#d3[M],#a2[M],#d3[M],g2[M],e3[M],b2[M],e3[M],#g2[M];f3[M],c3[M],f3[M],a2[M],T,R;RS;RS;T,(E-2@E-1)[M],UV,(F-1@f)[M],UV,(#f@#f1)[M],UV,(g1@g2)[M],UV,(#g2@#g3)[M],UV;SV,S,(C-2.C-1)[J];S,SV,S;(D-2.D-1)[I],SV;RS;(#C-1.#c)[L],(#C-1.#c)[L],(e.e1)[K],(D-1.d)[L],(D-1.d)[L],(e.e1)[K],(E-1.e)[L],(E-1.e)[L],(e.e1)[K];(#F-1.#f)[L],(#F-1.#f)[L],(e.e1)[K],(#G-1.#g)[L],(#G-1.#g)[L],(e.e1)[K],(A-1.a)[L],(A-1.a)[L],(e.e1)[K];(e1.e2)[L],(e1.e2)[L],(#g2.#g3)[K],(#f1.#f2)[L],(#f1.#f2)[L],(#g2.#g3)[K],(#g1.#g2)[L],(#g1.#g2)[L],(#g2.#g3)[K];(a1.a2)[L],(a1.a2)[L],(#g2.#g3)[K],(b1.b2)[L],(b1.b2)[L],(#g2.#g3)[K],(#c2.#c3)[L],(#c2.#c3)[L],(#g2.#g3)[K];(#G-1.#g)[L],(#G-1.#g)[L],(b.b1)[K],(A-1.a)[L],(A-1.a)[L],(b.b1)[K],(B-1.b)[L],(B-1.b)[L],(b.b1)[K];(#c.#c1)[L],(#c.#c1)[L],(b.b1)[K],(#d.#d1)[L],(#d.#d1)[L],(b.b1)[K],(e.e1)[L],(e.e1)[L],(b.b1)[K];(#f2.a2)[K],(f2.#g2)[K],(e2.g2)[K],(f2.#g2)[K],(e1.g1)[K],(#d1.#f1)[K];(d1.f1)[K],(#d1.#f1)[K],(d.f)[K],(#c.e)[K],(c.#d)[K],(#c.e)[K];(a2.c3)[K],(#g2.b2)[K],(g2.#a2)[K],(#g2.b2)[K],(g1.#a1)[K],(#f1.a1)[K];(f1.#g1)[K],(#f1.a1)[K],(f.#g)[K],(e.g)[K],(#d.#f)[K],(e.g)[K];(#D-2.#D-1)[L],(#D-2.#D-1)[L],(E-1.e)[K],(#D-1.#d)[L],(#D-1.#d)[L],(e.e1)[K],(#d.#d1)[L],(#d.#d1)[L],(e1.e2)[K];(#d1.#d2)[K],(#f3@#g3@a3)[M],UV,(#f2@#g2@a2)[M],UV,(#f@#g@a)[M],UV,(#F-1@#G-1@A-1)[M],UV,(#D-2.#D-1)[K];E-2[L],E-1[L],A-1[L],A-2[L],E-2[L],E-1[L],A-1[L],A-2[L],E-2[L],E-1[L],A-1[L],A-2[L];E-2[L],E-1[L],A-1[L],A-2[L],E-2[L],E-1[L],A-1[L],A-2[L],E-2[L],E-1[L],A-1[L],A-2[L];E-2[L],E-1[L],A-1[L],A-2[L],E-1[L],e[L],a[L],A-1[L],e[L],e1[L],a1[L],a[L];e1[L],e2[L],a1[L],a[L],e[L],e1[L],a[L],A-1[L],E-1[L],e[L],A-1[L],A-2[L];(D-2.D-1)[KM],(A-2.D-1)[L],A-1[L],(D-1.A-1)[L],A-1[L],(A-2.D-1)[L],A-1[L],(D-1.A-1)[L],A-1[L],(A-2.D-1)[L],A-1[L];(D-1.A-1)[L],A-1[L],(A-2.D-1)[L],A-1[L],(D-1.A-1)[L],A-1[L],(A-2.D-1)[L],A-1[L],(D-1.A-1)[L],A-1[L],(A-2.D-1)[L],A-1[L];(D-1.A-1)[L],A-1[L],(A-2.D-1)[L],A-1[L],(D-1.A-1)[L],A-1[L],(A-2.D-1)[L],A-1[L],(D-1.A-1)[L],A-1[L],(A-2.D-1)[L],A-1[L];(D-1.A-1)[L],A-1[L],(A-2.D-1)[L],A-1[L],(D-1.A-1)[L],A-1[L],(A-2.D-1)[L],A-1[L],(D-1.A-1)[L],A-1[L],(A-2.D-1)[L],A-1[L];(D-1.A-1)[L],A-1[L],(A-2.D-1)[L],A-1[L],(D-1.A-1)[L],A-1[L],(A-2.D-1)[L],A-1[L],(D-1.A-1)[L],A-1[L],(A-2.D-1)[L],A-1[L];(D-1.A-1)[L],A-1[L],(A-2.D-1)[L],A-1[L],(D-1.A-1)[L],A-1[L],(A-2.D-1)[L],A-1[L],(D-1.A-1)[L],A-1[L],(A-2.D-1)[L],A-1[L];(D-1.A-1)[L],A-1[L],(A-2.D-1)[L],A-1[L],(D-1.A-1)[L],A-1[L],(A-2.D-1)[L],A-1[L],(D-1.A-1)[L],A-1[L],(A-2.D-1)[L],A-1[L];(D-1.A-1)[L],A-1[L],(A-2.D-1)[L],A-1[L],(D-1.A-1)[L],A-1[L],(A-2.D-1)[L],A-1[L],(D-1.A-1)[J];S,(#A-2.#A-1)[JK],(F-2.F-1)[K];(#A-2.#A-1)[K],(F-2.F-1)[K],(#A-2.#A-1)[K],(F-2.F-1)[K],(#A-2.#A-1)[K],(F-2.F-1)[K];S,(A-2.A-1)[JK],(E-2.E-1)[K];(A-2.A-1)[K],(E-2.E-1)[K],(A-2.A-1)[K],(E-2.E-1)[K],(A-2.A-1)[K],T;(D-1.d)[K],(A-1.#g)[L],#g[L],(d.f.a)[K],(A-1.#g)[K],(#c.g.a)[K],A-1[K];(D-1.d)[K],(A-1.#g)[L],#g[L],(d.f.a)[K],(A-1.#g)[K],(#c.g.a)[K],A-1[K];(D-1.d)[K],(#A-1.a)[L],a[L],(d.g.#a)[K],(#A-1.a)[K],(d.g.#a)[K],#A-1[K];(D-1.d)[K],(A-1.#g)[L],#g[L],(d.f.a)[K],(A-1.#g)[K],(#c.g.a)[K],A-1[K];(A-2.A-1)[K],(A-1.#a)[L],#a[L],(#c.g.a)[K],(A-1.#a)[K],(d.f.a)[K],A-1[K];(A-2.A-1)[K],(A-1.#a)[L],#a[L],(#c.g.a)[K],(A-1.#a)[K],(d.f.a)[K],A-1[K];e1[J],e[J],e1[J];e[J],f[M],g[M],f[M],g[M],f[M],e[M],f[M],g[M],f[J];(#A-2.#A-1)[K],(f.e1)[L],e1[L],(#a.d1.f1)[K],(f.e1)[K],(#a.d1.f1)[K],f[K];(#A-2.#A-1)[K],(f.e1)[L],e1[L],(#a.d1.f1)[K],(f.e1)[K],(#a.d1.f1)[K],f[K];(#A-2.#A-1)[K],(g.#f1)[L],#f1[L],(#a.#d1.g1)[K],(g.a1)[K],(#a.#d1.#a1)[K],g[K];(#A-2.#A-1)[K],(f.e1)[L],e1[L],(#a.d1.f1)[K],(f.a1)[K],(#a.d1.#a1)[K],f[K];(A-2.A-1)[K],(g.#f1)[L],#f1[L],(#c1.e1.g1)[K],(g.a1)[K],(#c1.e1.g1)[K],g[K];(D-1.d)[K],(a.#g1)[L],#g1[L],(d1.f1.a1)[K],(a.#a1)[K],(d1.f1.a1)[K],a[K];(#C-1.#c)[K],(#a.a1)[L],a1[L],(e1.g1.#a1)[K],(#a.c2)[K],(e1.g1.#a1)[K],#a[K];(C-1.c)[K],(c1.b1)[L],b1[L],(f1.a1.c2)[K],(c1.d2)[K],(f1.a1.c2)[K],c1[K];","S,D-1[I];RS;RS;RS;RS;RS;RS;RS;RS;RS;RS;RS;RS;RS;RS;RS;RS;RS;RS;RSUV;S,S,(d2~#c2~b1)[K],(#c2~b1~a1)[K];RS;S,S,(d3~g3~g3)[K],(b3~b3~d4)[K];RS;RS;RS;RS;RS;S,S,(#a1~a1~g1)[K],(a1~g1~f1)[K];RS;S,S,(#a2~#d4~#d3)[K],(g4~g3~#a4)[K];RS;RS;RS;RS;RS;(E-1~e~a)[K],(#c1~a~e)[K],(A-1~e~a)[K],(#c1~a~e)[K],(E-1~f~#g)[K],(d1~#g~f)[K];(A-1~e~a)[K],(#c1~a~e)[K],(E-1~e~a)[K],(#c1~a~e)[K],(A-1~e~a)[K],(#c1~a~e)[K];(E-1~e~a)[K],(#c1~a~e)[K],(A-1~e~a)[K],(#c1~a~e)[K],(E-1~#f~a)[K],(c1~a~#f)[K];(A-1~e~a)[K],(#c1~a~e)[K],(E-1~e~a)[K],(#c1~a~e)[K],(A-1~e~a)[K],(#c1~a~e)[K];(E-1~#f~#g)[K],(d1~#g~e)[K],(d~e~#g)[K],(d1~#g~e)[K],(E-1~e~g)[K],(#c1~g~e)[K];(E-1~e~#g)[K],(d1~#g~e)[K],(d~e~#g)[K],(d1~#g~e)[K],(E-1~e~g)[K],(#c1~g~e)[K];(B-1~#g~b)[K],(e1~b~#g)[K],(B-1~g~#a)[K],(e1~#a~g)[K],(B-1~#f~a)[K],(#d1~a~#f)[K];(E-1~e~a)[K],(c1~a~e)[K],(E-1~e~a)[K],(b~a~e)[K],(E-1~e~#g)[K],(b~#g~e)[K];(A-1~e~a)[K],(#c1~a~e)[K],(A-1~e~a)[K],(#c1~a~e)[K],(A-1~f~#g)[K],(d1~#g~f)[K];(A-1~e~a)[K],(#c1~a~e)[K],(A-1~e~a)[K],(#c1~a~e)[K],(A-1~e~a)[K],(#c1~a~e)[K];(A-1~e~a)[K],(#c1~a~e)[K],(A-1~e~a)[K],(#c1~a~e)[K],(A-1~#f~a)[K],(c1~a~#f)[K];(A-1~g~a)[K],(#c1~a~g)[K],(A-1~g~a)[K],(#c1~a~g)[K],(A-1~g~a)[K],(#c1~a~g)[K];(#A-1~g~#c1)[K],(e1~#c1~g)[K],(#c~g~#a)[K],(e1~#a~g)[K],(B-1~g~b)[K],(e1~b~g)[K];(e~g~b)[K],(e1~b~g)[K],(c~g~#a)[K],(e1~#a~g)[K],(#c~g~#a)[K],(e1~#a~g)[K];(#G-1~#g~#c1)[K],(f1~#c1~#g)[K],(#c~#g~#c1)[K],(f1~#c1~#g)[K],(#G-1~a~c1)[K],(#f1~c1~a)[K];(#c~#g~#c1)[K],(f1~#c1~#g)[K],(#G-1~f~#g)[K],(#c1~#g~f)[K],(#c~#g~#c1)[K],(f1~#c1~#g)[K];(B-1~#g~d1)[K],(f1~d1~#g)[K],(B-1~#g~d1)[K],(f1~d1~#g)[K],(#c~g~#a)[K],(e1~#a~g)[K];(f~b~d1)[K],(#g1~d1~b)[K],(e~b~e1)[K],(#g1~e1~b)[K],(d~b~f1)[K],(#g1~f1~b)[K];(#c~a~e1)[K],(g1~e1~#a)[K],(d~a~d1)[K],(#f1~d1~a)[K],(e~a~#c1)[K],(e1~#c1~a)[K];(#f~a~b)[K],(#d1~b~a)[K],(#g~b~#c1)[K],(b1~#c1~b)[K],(#a~#c1~#f1)[K],(#a1~#f1~#c1)[K];(d~#f~b)[K],(#f1~b~#f)[K],(e~a~#c1)[K],(e1~#c1~a)[K],(d~e~b)[K],(e1~b~e)[K];(#c~g~a)[K],(e1~a~g)[K],(d~#f~a)[K],(d1~a~#f)[K],(e~a~#c1)[K],(g1~#c1~a)[K];(#f~a~c1)[K],(#f1~c1~a)[K],(g~d1~f1)[K],(b1~f1~d1)[K],(a~#c1~e1)[K],(a1~e1~#c1)[K];a2[L],c3[L],#a2[L],#c3[L],a2[L],#c3[L],c3[L],#d3[L],#a2[L],#c3[L],a2[L],c3[L];#g2[L],b2[L],a2[L],c3[L],#g2[L],b2[L],#a2[L],#c3[L],a2[L],c3[L],#g2[L],b2[L];g2[L],#a2[L],#g2[L],b2[L],g2[L],#a2[L],#a2[L],#c3[L],a2[L],c3[L],g2[L],#a2[L];#f2[L],a2[L],g2[L],#a2[L],f2[L],a2[L],#g2[L],b2[L],g2[L],#a2[L],#f2[L],a2[L];e2[L],a2[L],#c3[L],a2[L],e2[L],a2[L],#c3[L],a2[L],d2[L],#g2[L],b2[L],#g2[L];#c2[L],e2[L],a2[L],e2[L],#c2[L],e2[L],a2[L],e2[L],d2[L],#f2[L],b2[L],#f2[L];e2[L],a2[L],#c3[L],a2[L],e2[L],a2[L],#c3[L],a2[L],d2[L],#g2[L],b2[L],#g2[L];#c2[L],g2[L],#a2[L],g2[L],#c2[L],g2[L],#a2[L],g2[L],d2[L],#f2[L],b2[L],#f2[L];e2[K],(e3~#c3~a2)[K],(#c3~a2~#f2)[K],(a2~#f2~d2)[K],(#f2~d2~b1)[K],(d2~b1~#g1)[K];(b1~#g1~e1)[K],(#g1~e1~#c1)[K],(e1~#c1~a1)[K],(#c1~a~#f)[K],(a~#f~d)[K],(B-1~#G-1~E-1)[K];RS;RS;RS;RS;RS;RS;RS;RS;RS;RS;RS;RS;RS;RS;RS;RS;RS;RS;RS;RS;RS;RS;RS;RS;RS;RS;RS;RS;RSV;RSV;RSV;RS;RS;RS;RS;RS;RS;RS;RS;RS;RS;RS;RS;RS;RS;RS;RS;RS;RSV;RS;RS;RS;RS;RS;RS;RS;RS;RS;RS;RS;RS;RS;RS;RS;RS;RS;RS;RS;RS;RS;RS;RS;RS;RS;RS;RS;"]},{"id":2,"baseBeats":0.5,"scores":["T,T,#g2[K],T,5<#c3[M],d3[M]>,5<#c3[M],d3[M]>,5<#c3[M],b2[M]>,5<#c3[M],d3[M]>;b2[K],T,a2[K],T,5<#d3[M],e3[M]>,5<#d3[M],e3[M]>,5<#d3[M],#c3[M]>,5<#d3[M],e3[M]>;#c3[K],T,c3[K],T,5<e3[M],#f3[M]>,5<e3[M],#f3[M]>,5<e3[M],#d3[M]>,5<e3[M],#f3[M]>;#d3[K],T,#c3[K],T,5<#d3[M],e3[M]>,5<#d3[M],e3[M]>,5<#d3[M],#c3[M]>,5<#d3[M],e3[M]>;#c3[K],T,c3[K],T,5<e3[M],#f3[M]>,5<e3[M],#f3[M]>,5<e3[M],#d3[M]>,5<e3[M],#f3[M]>;#d3[K],T,#c3[K],T,5<e3[M],#f3[M]>,5<e3[M],#f3[M]>,5<e3[M],#d3[M]>,5<e3[M],#f3[M]>;#d3[K],T,#c3[K],T,5<e3[M],#f3[M]>,5<e3[M],#f3[M]>,5<e3[M],#d3[M]>,5<e3[M],#f3[M]>;5<g2[M],a2[M]>,5<g2[M],a2[M]>,5<g2[M],#f2[M]>,5<g2[M],a2[M]>,5<g1[M],a1[M]>,5<g1[M],a1[M]>,5<g1[M],#f1[M]>,5<g1[M],a1[M]>,5<g[M],a[M]>,5<g[M],a[M]>,5<g[M],#f[M]>,5<g[M],a[M]>;5<G-1[M],A-1[M]>,5<G-1[M],A-1[M]>,5<G-1[M],#F-1[M]>,5<G-1[M],A-1[M]>,5<G-1[M],A-1[M]>,5<G-1[M],A-1[M]>,5<G-1[M],#F-1[M]>,5<G-1[M],A-1[M]>,5<G-1[M],A-1[M]>,5<G-1[M],A-1[M]>,5<G-1[M],#F-1[M]>,5<G-1[M],A-1[M]>;5<#G-1[M],A-1[M]>,5<#G-1[M],A-1[M]>,5<#G-1[M],#F-1[M]>,5<#G-1[M],A-1[M]>,5<#G-1[M],A-1[M]>,5<#G-1[M],A-1[M]>,5<#G-1[M],#F-1[M]>,5<#G-1[M],A-1[M]>,5<#F-1[M],#G-1[M]>,5<#F-1[M],#G-1[M]>,5<#F-1[M],E-1[M]>,5<#F-1[M],#G-1[M]>;5<#F-1[M],#G-1[M]>,5<#F-1[M],#G-1[M]>,5<#F-1[M],E-1[M]>,5<#F-1[M],#G-1[M]>,5<E-1[M],#F-1[M]>,5<E-1[M],#F-1[M]>,5<E-1[M],#D-1[M]>,5<E-1[M],#F-1[M]>,5<#G-1[M],A-1[M]>,5<#G-1[M],A-1[M]>,5<#G-1[M],#F-1[M]>,5<#G-1[M],A-1[M]>;5<B-1[M],#c[M]>,5<B-1[M],#c[M]>,5<B-1[M],#A-1[M]>,5<B-1[M],#c[M]>,5<B-1[M],#c[M]>,5<B-1[M],#c[M]>,5<B-1[M],#A-1[M]>,5<B-1[M],#c[M]>,5<A-1[M],B-1[M]>,5<A-1[M],B-1[M]>,5<A-1[M],#G-1[M]>,5<A-1[M],B-1[M]>;5<A-1[M],B-1[M]>,5<A-1[M],B-1[M]>,5<A-1[M],#G-1[M]>,5<A-1[M],B-1[M]>,5<#G-1[M],A-1[M]>,5<#G-1[M],A-1[M]>,5<#G-1[M],#F-1[M]>,5<#G-1[M],A-1[M]>,5<B-1[M],#c[M]>,5<B-1[M],#c[M]>,5<B-1[M],#A-1[M]>,5<B-1[M],#c[M]>;5<d[M],e[M]>,5<d[M],e[M]>,5<e[M],#c[M]>,5<d[M],e[M]>,5<d[M],e[M]>,5<d[M],e[M]>,5<e[M],#c[M]>,5<d[M],e[M]>,5<#c[M],d[M]>,5<#c[M],d[M]>,5<#c[M],B-1[M]>,5<#c[M],d[M]>;5<#c[M],d[M]>,5<#c[M],d[M]>,5<#c[M],B-1[M]>,5<#c[M],d[M]>,5<B-1[M],#c[M]>,5<B-1[M],#c[M]>,5<B-1[M],A-1[M]>,5<B-1[M],#c[M]>,5<A-1[M],B-1[M]>,5<A-1[M],B-1[M]>,5<A-1[M],#G-1[M]>,5<A-1[M],B-1[M]>;5<A-1[M],B-1[M]>,5<A-1[M],B-1[M]>,5<A-1[M],#G-1[M]>,5<A-1[M],B-1[M]>,5<#G-1[M],A-1[M]>,5<#G-1[M],A-1[M]>,5<#G-1[M],#F-1[M]>,5<#G-1[M],A-1[M]>,5<#F-1[M],#G-1[M]>,5<#F-1[M],#G-1[M]>,5<#F-1[M],E-1[M]>,5<#F-1[M],G-1[M]>;5<#G-1[M],A-1[M]>,5<#G-1[M],A-1[M]>,5<#G-1[M],G-1[M]>,5<#G-1[M],A-1[M]>,5<#G-1[M],A-1[M]>,5<#G-1[M],A-1[M]>,5<#G-1[M],G-1[M]>,5<#G-1[M],A-1[M]>,5<#G-1[M],A-1[M]>,5<#G-1[M],A-1[M]>,5<#G-1[M],G-1[M]>,5<#G-1[M],A-1[M]>;5<e1[M],#f1[M]>,5<e1[M],#f1[M]>,5<e1[M],#d1[M]>,5<e1[M],#f1[M]>,5<e1[M],#f1[M]>,5<e1[M],#f1[M]>,5<e1[M],#d1[M]>,5<e1[M],#f1[M]>,5<#d1[M],e1[M]>,5<#d1[M],e1[M]>,5<#d1[M],#c1[M]>,5<#d1[M],e1[M]>;5<#d1[M],e1[M]>,5<#d1[M],e1[M]>,5<#d1[M],#c1[M]>,5<#d1[M],e1[M]>,5<#c1[M],#d1[M]>,5<#c1[M],#d1[M]>,5<#c1[M],c1[M]>,5<#c1[M],#d1[M]>,5<e1[M],#f1[M]>,5<e1[M],#f1[M]>,5<e1[M],#d1[M]>,5<e1[M],#f1[M]>;5<#g1[M],a1[M]>,5<#g1[M],a1[M]>,5<#g1[M],#f1[M]>,5<#g1[M],a1[M]>,5<#g1[M],a1[M]>,5<#g1[M],a1[M]>,5<#g1[M],#f1[M]>,5<#g1[M],a1[M]>,5<#f1[M],#g1[M]>,5<#f1[M],#g1[M]>,5<#f1[M],e1[M]>,5<#f1[M],#g1[M]>;5<#f1[M],#g1[M]>,5<#f1[M],#g1[M]>,5<#f1[M],e1[M]>,5<#f1[M],#g1[M]>,5<e1[M],#f1[M]>,5<e1[M],#f1[M]>,5<e1[M],#d1[M]>,5<e1[M],#f1[M]>,5<#g1[M],a1[M]>,5<#g1[M],a1[M]>,5<#g1[M],#f1[M]>,5<#g1[M],a1[M]>;5<b1[M],#c2[M]>,5<b1[M],#c2[M]>,5<b1[M],a1[M]>,5<b1[M],#c2[M]>,5<b1[M],#c2[M]>,5<b1[M],#c2[M]>,5<b1[M],a1[M]>,5<b1[M],#c2[M]>,5<a1[M],b1[M]>,5<a1[M],b1[M]>,5<a1[M],#g1[M]>,5<a1[M],b1[M]>;5<a1[M],b1[M]>,5<a1[M],b1[M]>,5<a1[M],#g1[M]>,5<a1[M],b1[M]>,5<#g1[M],a1[M]>,5<#g1[M],a1[M]>,5<#g1[M],#f1[M]>,5<#g1[M],a1[M]>,5<#f1[M],#g1[M]>,5<#f1[M],#g1[M]>,5<#f1[M],f1[M]>,5<#f1[M],#g1[M]>;5<#f1[M],#g1[M]>,5<#f1[M],#g1[M]>,5<#f1[M],e1[M]>,5<#f1[M],#g1[M]>,5<e1[M],#f1[M]>,5<e1[M],#f1[M]>,5<e1[M],#d1[M]>,5<e1[M],#f1[M]>,5<#d1[M],e1[M]>,5<#d1[M],e1[M]>,5<#d1[M],#c1[M]>,5<#d1[M],e1[M]>;5<#c1[M],#d1[M]>,5<#c1[M],#d1[M]>,5<#c1[M],c1[M]>,5<#c1[M],#d1[M]>,5<#c1[M],#d1[M]>,5<#c1[M],#d1[M]>,5<#c1[M],c1[M]>,5<#c1[M],#d1[M]>,5<b[M],#c1[M]>,5<b[M],#c1[M]>,5<b[M],#a[M]>,5<b[M],#c1[M]>;5<#G-2[M],E-1[M]>,5<#F-1[M],#G-1[M]>,5<#F-1[M],#G-1[M]>,5<#F-1[M],E-1[M]>,5<#G-2[M],E-1[M]>,5<#F-1[M],#G-1[M]>,5<#F-1[M],#G-1[M]>,5<#F-1[M],E-1[M]>,5<#G-2[M],E-1[M]>,5<#F-1[M],#G-1[M]>,5<#F-1[M],#G-1[M]>,5<#F-1[M],E-1[M]>;5<A-2[M],E-1[M]>,5<#F-1[M],A-1[M]>,5<#F-1[M],A-1[M]>,5<#F-1[M],E-1[M]>,5<A-2[M],E-1[M]>,5<#F-1[M],A-1[M]>,5<#F-1[M],A-1[M]>,5<#F-1[M],E-1[M]>,5<A-2[M],E-1[M]>,5<#F-1[M],A-1[M]>,5<#F-1[M],A-1[M]>,5<#F-1[M],E-1[M]>;5<B-2[M],E-1[M]>,5<#F-1[M],B-1[M]>,5<#F-1[M],B-1[M]>,5<#F-1[M],E-1[M]>,5<B-2[M],E-1[M]>,5<#F-1[M],B-1[M]>,5<#F-1[M],B-1[M]>,5<#F-1[M],E-1[M]>,5<B-2[M],E-1[M]>,5<#F-1[M],B-1[M]>,5<#F-1[M],B-1[M]>,5<#F-1[M],E-1[M]>;5<#C-1[M],E-1[M]>,5<#F-1[M],#c[M]>,5<#F-1[M],#c[M]>,5<#F-1[M],E-1[M]>,5<#C-1[M],E-1[M]>,5<#F-1[M],#c[M]>,5<#F-1[M],#c[M]>,5<#F-1[M],E-1[M]>,5<#C-1[M],E-1[M]>,5<#F-1[M],#c[M]>,5<#F-1[M],#c[M]>,5<#F-1[M],E-1[M]>;5<D-1[M],#F-1[M]>,5<A-1[M],d[M]>,5<A-1[M],#F-1[M]>,5<D-1[M],#F-1[M]>,5<D-1[M],#F-1[M]>,5<A-1[M],d[M]>,5<A-1[M],#F-1[M]>,5<D-1[M],#F-1[M]>,5<D-1[M],#F-1[M]>,5<A-1[M],d[M]>,5<A-1[M],#F-1[M]>,5<D-1[M],#F-1[M]>;5<G-2[M],D-1[M]>,5<E-1[M],B-1[M]>,5<E-1[M],D-1[M]>,5<G-2[M],D-1[M]>,5<G-2[M],D-1[M]>,5<E-1[M],B-1[M]>,5<E-1[M],D-1[M]>,5<G-2[M],D-1[M]>,5<G-2[M],D-1[M]>,5<E-1[M],B-1[M]>,5<E-1[M],D-1[M]>,5<G-2[M],D-1[M]>;5<A-2[M],E-1[M]>,5<G-1[M],A-1[M]>,5<G-1[M],E-1[M]>,5<A-2[M],E-1[M]>,5<A-2[M],E-1[M]>,5<G-1[M],A-1[M]>,5<G-1[M],E-1[M]>,5<A-2[M],E-1[M]>,5<A-2[M],E-1[M]>,5<G-1[M],A-1[M]>,5<G-1[M],E-1[M]>,5<A-2[M],E-1[M]>;5<#A-2[M],E-1[M]>,5<#F-1[M],#A-1[M]>,5<#F-1[M],E-1[M]>,5<#A-2[M],E-1[M]>,5<#A-2[M],E-1[M]>,5<#F-1[M],#A-1[M]>,5<#A-2[M],E-1[M]>,5<#F-1[M],#A-1[M]>,5<B-2[M],E-1[M]>,5<#F-1[M],B-1[M]>,5<#C-1[M],E-1[M]>,5<#F-1[M],#c[M]>;5<B-2[M],D-1[M]>,5<#F-1[M],B-1[M]>,5<#F-1[M],D-1[M]>,5<B-2[M],D-1[M]>,5<B-2[M],D-1[M]>,5<#F-1[M],B-1[M]>,5<#F-1[M],D-1[M]>,5<B-2[M],D-1[M]>,5<B-2[M],#D-1[M]>,5<#F-1[M],B-1[M]>,5<#F-1[M],#D-1[M]>,5<B-2[M],#D-1[M]>;5<G-2[M],B-2[M]>,5<E-1[M],B-1[M]>,5<E-1[M],B-2[M]>,5<G-2[M],B-2[M]>,5<G-2[M],B-2[M]>,5<E-1[M],B-1[M]>,5<E-1[M],B-2[M]>,5<G-2[M],B-2[M]>,5<G-2[M],B-2[M]>,5<E-1[M],B-1[M]>,5<E-1[M],B-2[M]>,5<G-2[M],B-2[M]>;5<A-2[M],D-1[M]>,5<#F-1[M],A-1[M]>,5<#F-1[M],D-1[M]>,5<A-2[M],D-1[M]>,5<A-2[M],D-1[M]>,5<#F-1[M],A-1[M]>,5<#F-1[M],D-1[M]>,5<A-2[M],D-1[M]>,5<G-2[M],#C-1[M]>,5<E-1[M],A-1[M]>,5<E-1[M],#C-1[M]>,5<G-2[M],#C-1[M]>;5<#F-2[M],A-2[M]>,5<D-1[M],A-1[M]>,5<D-1[M],A-2[M]>,5<#F-2[M],A-2[M]>,5<#F-2[M],A-2[M]>,5<D-1[M],A-1[M]>,5<D-1[M],A-2[M]>,5<#F-2[M],A-2[M]>,5<#F-2[M],A-2[M]>,5<D-1[M],A-1[M]>,5<D-1[M],A-2[M]>,5<#F-2[M],A-2[M]>;5<A-2[M],C-1[M]>,5<D-1[M],A-1[M]>,5<D-1[M],C-1[M]>,5<A-2[M],C-1[M]>,5<A-2[M],C-1[M]>,5<D-1[M],A-1[M]>,5<D-1[M],C-1[M]>,5<A-2[M],C-1[M]>,5<A-2[M],C-1[M]>,5<D-1[M],A-1[M]>,5<D-1[M],C-1[M]>,5<A-2[M],C-1[M]>;5<G-2[M],C-1[M]>,5<#D-1[M],G-1[M]>,5<#D-1[M],C-1[M]>,5<G-2[M],C-1[M]>,5<G-2[M],C-1[M]>,5<#D-1[M],G-1[M]>,5<#D-1[M],C-1[M]>,5<G-2[M],C-1[M]>,5<G-2[M],#A-2[M]>,5<E-1[M],G-1[M]>,5<E-1[M],#A-2[M]>,5<G-2[M],#A-2[M]>;5<A-2[M],D-1[M]>,5<#F-1[M],A-1[M]>,5<#F-1[M],D-1[M]>,5<A-2[M],D-1[M]>,5<A-2[M],D-1[M]>,5<#F-1[M],A-1[M]>,5<#F-1[M],D-1[M]>,5<A-2[M],D-1[M]>,5<A-2[M],E-1[M]>,5<G-1[M],A-1[M]>,5<G-1[M],E-1[M]>,5<A-2[M],E-1[M]>;5<#d1[M],e1[M]>,5<#d1[M],e1[M]>,5<#d1[M],#c1[M]>,5<#d1[M],e1[M]>,5<#d1[M],e1[M]>,5<#d1[M],e1[M]>,5<#d1[M],#c1[M]>,5<#d1[M],e1[M]>,5<#d1[M],e1[M]>,5<#d1[M],e1[M]>,5<#d1[M],#c1[M]>,5<#d1[M],e1[M]>;5<#c[M],d[M]>,5<#c[M],d[M]>,5<#c[M],c[M]>,5<#c[M],d[M]>,5<#c[M],d[M]>,5<#c[M],d[M]>,5<#c[M],c[M]>,5<#c[M],d[M]>,5<#c[M],d[M]>,5<#c[M],d[M]>,5<#c[M],c[M]>,5<#c[M],d[M]>;5<#f1[M],#g1[M]>,5<#f1[M],#g1[M]>,5<#f1[M],f1[M]>,5<#f1[M],#g1[M]>,5<#f1[M],#g1[M]>,5<#f1[M],#g1[M]>,5<#f1[M],f1[M]>,5<#f1[M],#g1[M]>,5<#f1[M],#g1[M]>,5<#f1[M],#g1[M]>,5<#f1[M],f1[M]>,5<#f1[M],#g1[M]>;5<f[M],#f[M]>,5<f[M],#f[M]>,5<f[M],e[M]>,5<f[M],#f[M]>,5<f[M],#f[M]>,5<f[M],#f[M]>,5<f[M],e[M]>,5<f[M],#f[M]>,5<f[M],#f[M]>,5<f[M],#f[M]>,5<f[M],e[M]>,5<f[M],#f[M]>;5<b1[M],#c2[M]>,5<b1[M],#c2[M]>,5<b1[M],a1[M]>,5<b1[M],#c2[M]>,5<b1[M],#c2[M]>,5<b1[M],#c2[M]>,5<b1[M],a1[M]>,5<b1[M],#c2[M]>,5<b1[M],#c2[M]>,5<b1[M],#c2[M]>,5<b1[M],a1[M]>,5<b1[M],#c2[M]>;5<a[M],b[M]>,5<a[M],b[M]>,5<a[M],#g[M]>,5<a[M],b[M]>,5<a[M],b[M]>,5<a[M],b[M]>,5<a[M],#g[M]>,5<a[M],b[M]>,5<a[M],b[M]>,5<a[M],b[M]>,5<a[M],#g[M]>,5<a[M],b[M]>;5<d2[M],e2[M]>,5<d2[M],e2[M]>,5<d2[M],#c2[M]>,5<d2[M],e2[M]>,5<#c1[M],d1[M]>,5<#c1[M],d1[M]>,5<#c1[M],c1[M]>,5<#c1[M],d1[M]>,5<#f2[M],#g2[M]>,5<#f2[M],#g2[M]>,5<#f2[M],f2[M]>,5<#f2[M],#g2[M]>;5<f1[M],#f1[M]>,5<f1[M],#f1[M]>,5<f1[M],e1[M]>,5<f1[M],#f1[M]>,5<b2[M],#c3[M]>,5<b2[M],#c3[M]>,5<b2[M],#a2[M]>,5<b2[M],#c3[M]>,5<a1[M],b1[M]>,5<a1[M],b1[M]>,5<a1[M],#g1[M]>,5<a1[M],b1[M]>;5<d3[M],e3[M]>,5<d3[M],#c2[M]>,5<#c3[M],d3[M]>,5<#c3[M],#c2[M]>,5<d3[M],e3[M]>,5<d3[M],#c2[M]>,5<#c3[M],d3[M]>,5<#c3[M],#c2[M]>,5<d3[M],e3[M]>,5<d3[M],#c2[M]>,5<#c3[M],d3[M]>,5<#c3[M],#c2[M]>;5<d4[M],e4[M]>,5<d4[M],d3[M]>,5<#c4[M],d4[M]>,5<#c4[M],d3[M]>,5<d4[M],e4[M]>,5<d4[M],d3[M]>,5<#c4[M],d4[M]>,5<#c4[M],d3[M]>,5<d4[M],e4[M]>,5<d4[M],d3[M]>,5<#c4[M],d4[M]>,5<#c4[M],d3[M]>;d2[L],#c1[L],d2[L],#c1[L],#c[L],d1[L],#c[L],d1[L],d2[L],#c1[L],d2[L],#c1[L];#c2[L],d3[L],#c2[L],d3[L],d2[L],#c1[L],d2[L],#c1[L],#c2[L],d3[L],#c2[L],d3[L];(d1@#f1@a1@d2@d3@#f3@a3@d4)[K],T,(#f.a.d1)[JK],(e.a.#c1)[L],(g.a.e1)[L];(#f.a.d1)[L],e1[L],(e.a.#c1)[L],(g.a.e1)[L],(#f.a.e1)[L],5<d1[M],e1[M]>,(#f.a.d1)[L],(e.a.#c1)[L],(#f.a.d1)[K],(c1.e1)[K];(#c1@f1@#g1@#c2@f2@#c3@f3@#g3@#c4)[K],T,(f.#g.#c1)[JK],(e.#g.c1)[L],(#f.#g.#d1)[L];(f.#g.#c1)[L],#d1[L],(e.#g.c1)[L],(#f.#g.#d1)[L],(f.#g.#d1)[L],#c1[L],(f.#g.#c1)[L],(#d.#g.c1)[L],(f.b.#c1)[K],5<d1[M],e1[M]>,5<#f1[M],#g1[M]>;5<V,V>,5<V,V>,5<V,V>,5<V,V>,5<V,V>,5<V,V>,5<V,V>,5<V,V>,5<V,V>,5<V,V>,5<V,V>,5<V,V>;5<V,V>,5<V,V>,5<V,V>,5<V,V>,5<V,V>,5<V,V>,5<V,V>,5<V,V>,5<V,V>,5<V,V>,5<V,V>,5<V,V>;5<V,V>,5<V,V>,5<V,V>,5<V,V>,5<V,V>,5<V,V>,5<V,V>,5<V,V>,5<V,V>,5<V,V>,5<V,V>,5<V,V>;5<V,V>,5<V,V>,5<V,V>,5<V,V>,5<V,V>,5<V,V>,5<V,V>,5<V,V>,5<V,V>,5<V,V>,5<V,V>,5<V,V>;5<V,V>,5<V,V>,5<V,V>,5<V,V>,5<V,V>,5<V,V>,5<V,V>,5<V,V>,5<V,V>,5<V,V>,5<V,V>,5<V,V>;5<V,V>,5<V,V>,5<V,V>,5<V,V>,5<V,V>,5<V,V>,5<V,V>,5<V,V>,5<V,V>,5<V,V>,5<V,V>,5<V,V>;5<V,V>,5<V,V>,5<V,V>,5<V,V>,5<V,V>,5<V,V>,5<V,V>,5<V,V>,5<V,V>,5<V,V>,5<V,V>,5<V,V>;5<V,V>,5<V,V>,5<V,V>,5<V,V>,5<V,V>,5<V,V>,5<V,V>,5<V,V>,5<V,V>,5<V,V>,5<V,V>,5<V,V>;5<V,V>,5<V,V>,5<V,V>,5<V,V>,5<V,V>,5<V,V>,5<V,V>,5<V,V>,5<V,V>,5<V,V>,5<V,V>,5<V,V>;5<V,V>,5<V,V>,5<V,V>,5<V,V>,5<V,V>,5<V,V>,5<V,V>,5<V,V>,5<V,V>,5<V,V>,5<V,V>,5<V,V>;5<V,V>,5<V,V>,5<V,V>,5<V,V>,5<V,V>,5<V,V>,5<V,V>,5<V,V>,5<V,V>,5<V,V>,5<V,V>,5<V,V>;5<V,V>,5<V,V>,5<V,V>,5<V,V>,5<V,V>,5<V,V>,5<V,V>,5<V,V>,5<V,V>,5<V,V>,5<V,V>,5<V,V>;5<V,V>,5<V,V>,5<V,V>,5<V,V>,5<V,V>,5<V,V>,5<V,V>,5<V,V>,5<V,V>,5<V,V>,5<V,V>,5<V,V>;5<V,V>,5<V,V>,5<V,V>,5<V,V>,5<V,V>,5<V,V>,5<V,V>,5<V,V>,5<V,V>,5<V,V>,5<V,V>,5<V,V>;a1[LM],#g1[LN],f2[L],#f2[L],f2[L],f1[L],f2[L],#f2[L],f2[L],#f1[L],d2[L],e2[L];d2[LN],f1[LN],(d2@#c2@d2@#c2)[LN],c2[LN],d2[LN],f1[LN],(d2@#c2@d2@#c2)[LN],c2[LN],d2[LN],f1[LN],(d2@#c2@d2@#c2)[LN],c2[LN];d2[LN],#c2[LN],a2[LN],c3[LN],a2[LN],a1[LN],a2[LN],c3[LN],a2[LN],a1[LN],a2[LN],c3[LN];#g2[LN],#a1[LN],(#g2@#f2@#g2@#f2)[LN],f2[LN],#g2[LN],#a1[LN],(#g2@#f2@#g2@#f2)[LN],f2[LN],#g2[LN],#a1[LN],(#g2@#f2@#g2@#f2)[LN],f2[LN];g2[LN],#f2[LN],d3[LN],f3[LN],d3[LN],f2[LN],d3[LN],f3[LN],d3[LN],f2[LN],#c3[LN],d3[LN];#c3[LN],d2[LN],b2[LN],#c3[LN],b2[LN],#c2[LN],a2[LN],b2[LN],a2[LN],b1[LN],#g2[LN],a2[LN];#g2[L],a1[L],#f2[L],#g2[L],#f2[L],g1[L],e2[L],#f2[L],e2[L],#f1[L],d2[L],e2[L];5<#A-1[M],e[M]>,5<g[M],#c1[M]>,5<g[M],e[M]>,5<#A-1[M],e[M]>,5<#A-1[M],e[M]>,5<g[M],#c1[M]>,5<g[M],e[M]>,5<#A-1[M],e[M]>,5<#A-1[M],e[M]>,5<g[M],#c1[M]>,5<g[M],e[M]>,5<#A-1[M],e[M]>;5<#A-1[M],e[M]>,5<g[M],#c1[M]>,5<g[M],e[M]>,5<#A-1[M],e[M]>,5<B-1[M],d[M]>,5<g[M],b[M]>,5<g[M],d[M]>,5<B-1[M],d[M]>,B-1[K],T;5<#c[M],#f[M]>,5<a[M],#c1[M]>,5<a[M],#f[M]>,5<#c[M],#f[M]>,#c[K],TV,TU,TUV;5<#C-1[M],A-1[M]>,5<#c[M],#f[M]>,5<#c[M],A-1[M]>,5<#C-1[M],A-1[M]>,#C-1[K],TV,TU,SU;(#F-2.#F-1)[K],(#F-2.#F-1)[L],(#F-2.#F-1)[L],(#C-1.#c)[K],(#C-1.#c)[L],(#C-1.#c)[L],(A-1.a)[K],(A-1.a)[L],(A-1.a)[L];(#F-2.#F-1)[K],(#F-2.#F-1)[L],(#F-2.#F-1)[L],(#C-2.#C-1)[K],(#C-2.#C-1)[L],(#C-2.#C-1)[L],(D-2.D-1)[L],(#D-2.#D-1)[L],(E-2.E-1)[L],(F-2.F-1)[L];(#F-2.#F-1)[K],(#F-2.#F-1)[L],(#F-2.#F-1)[L],(#C-1.#c)[K],(#C-1.#c)[L],(#C-1.#c)[L],(A-2.A-1)[K],(A-2.A-1)[L],(A-2.A-1)[L];(#F-2.#F-1)[K],(#F-2.#F-1)[L],(#F-2.#F-1)[L],(#C-2.#C-1)[K],(#C-2.#C-1)[L],(#C-2.#C-1)[L],(#F-2.#F-1)[L],(#G-2.#G-1)[L],(A-2.A-1)[L],(#A-2.#A-1)[L];(B-2.B-1)[K],(B-2.B-1)[L],(B-2.B-1)[L],(#F-1.#f)[K],(#F-1.#f)[L],(#F-1.#f)[L],(D-1.d)[K],(D-1.d)[L],(D-1.d)[L];(#C-1.#c)[K],(#C-1.#c)[L],(#C-1.#c)[L],(#F-2.#F-1)[K],(#F-2.#F-1)[L],(#F-2.#F-1)[L],(#G-2.#G-1)[L],(A-2.A-1)[L],(B-2.B-1)[L],(#C-1.#c)[L];(D-1.d)[K],(D-1.d)[L],(D-1.d)[L],(A-1.a)[K],(A-1.a)[L],(A-1.a)[L],(#F-1.#f)[K],(#F-1.#f)[L],(#F-1.#f)[L];(F-1.f)[K],(F-1.f)[L],(F-1.f)[L],(#C-1.#c)[K],(#C-1.#c)[L],(#C-1.#c)[L],(D-1.d)[L],(#D-1.#d)[L],(E-1.e)[LM],(F-1.f)[K];5<V,V>,5<V,V>,5<V,V>,5<V,V>,5<V,V>,5<V,V>,5<V,V>,5<V,V>,5<V,V>,5<V,V>,5<V,V>,5<V,V>;5<V,V>,5<V,V>,5<V,V>,5<V,V>,5<V,V>,5<V,V>,5<V,V>,5<V,V>,5<V,V>,5<V,V>,5<V,V>,5<V,V>;5<V,V>,5<V,V>,5<V,V>,5<V,V>,5<V,V>,5<V,V>,5<V,V>,5<V,V>,5<V,V>,5<V,V>,5<V,V>,5<V,V>;5<V,V>,5<V,V>,5<V,V>,5<V,V>,5<V,V>,5<V,V>,5<V,V>,5<V,V>,5<V,V>,5<V,V>,5<V,V>,5<V,V>;5<V,V>,5<V,V>,5<V,V>,5<V,V>,5<V,V>,5<V,V>,5<V,V>,5<V,V>,5<V,V>,5<V,V>,5<V,V>,5<V,V>;5<V,V>,5<V,V>,5<V,V>,5<V,V>,5<V,V>,5<V,V>,5<V,V>,5<V,V>,5<V,V>,5<V,V>,5<V,V>,5<V,V>;5<V,V>,5<V,V>,5<V,V>,5<V,V>,5<V,V>,5<V,V>,5<V,V>,5<V,V>,5<V,V>,5<V,V>,5<V,V>,5<V,V>;5<V,V>,5<V,V>,5<V,V>,5<V,V>,5<V,V>,5<V,V>,5<V,V>,5<V,V>,5<V,V>,5<V,V>,5<V,V>,5<V,V>;5<V,V>,5<V,V>,5<V,V>,5<V,V>,5<V,V>,5<V,V>,5<V,V>,5<V,V>,5<V,V>,5<V,V>,5<V,V>,5<V,V>;5<V,V>,5<V,V>,5<V,V>,5<V,V>,5<V,V>,5<V,V>,5<V,V>,5<V,V>,5<V,V>,5<V,V>,5<V,V>,5<V,V>;5<V,V>,5<V,V>,5<V,V>,5<V,V>,5<V,V>,5<V,V>,5<V,V>,5<V,V>,5<V,V>,5<V,V>,5<V,V>,5<V,V>;5<V,V>,5<V,V>,5<V,V>,5<V,V>,5<V,V>,5<V,V>,5<V,V>,5<V,V>,5<V,V>,5<V,V>,5<V,V>,5<V,V>;5<V,V>,5<V,V>,5<V,V>,5<V,V>,5<V,V>,5<V,V>,5<V,V>,5<V,V>,5<V,V>,5<V,V>,5<V,V>,5<V,V>;5<V,V>,5<V,V>,5<V,V>,5<V,V>,5<V,V>,5<V,V>,5<V,V>,5<V,V>,5<V,V>,5<V,V>,5<V,V>,5<V,V>;5<V,V>,5<V,V>,5<V,V>,5<V,V>,5<V,V>,5<V,V>,5<V,V>,5<V,V>,5<V,V>,5<V,V>,5<V,V>,5<V,V>;5<V,V>,5<V,V>,5<V,V>,5<V,V>,5<V,V>,5<V,V>,5<V,V>,5<V,V>,5<V,V>,5<V,V>,5<V,V>,5<V,V>;5<V,V>,5<V,V>,5<V,V>,5<V,V>,5<V,V>,5<V,V>,5<V,V>,5<V,V>,5<V,V>,5<V,V>,5<V,V>,5<V,V>;5<V,V>,5<V,V>,5<V,V>,5<V,V>,5<V,V>,5<V,V>,5<V,V>,5<V,V>,5<V,V>,5<V,V>,5<V,V>,5<V,V>;5<V,V>,5<V,V>,5<V,V>,5<V,V>,5<V,V>,5<V,V>,5<V,V>,5<V,V>,5<V,V>,5<V,V>,5<V,V>,5<V,V>;5<V,V>,5<V,V>,5<V,V>,5<V,V>,5<V,V>,5<V,V>,5<V,V>,5<V,V>,5<V,V>,5<V,V>,5<V,V>,5<V,V>;5<V,V>,5<V,V>,5<V,V>,5<V,V>,5<V,V>,5<V,V>,5<V,V>,5<V,V>,5<V,V>,5<V,V>,5<V,V>,5<V,V>;5<V,V>,5<V,V>,5<V,V>,5<V,V>,5<V,V>,5<V,V>,5<V,V>,5<V,V>,5<V,V>,5<V,V>,5<V,V>,5<V,V>;5<V,V>,5<V,V>,5<V,V>,5<V,V>,5<V,V>,5<V,V>,5<V,V>,5<V,V>,5<V,V>,5<V,V>,5<V,V>,5<V,V>;5<V,V>,5<V,V>,5<V,V>,5<V,V>,5<V,V>,5<V,V>,5<V,V>,5<V,V>,5<V,V>,5<V,V>,5<V,V>,5<V,V>;(D-1.d)[K],(D-1.d)[K],(D-1.d)[K],(D-1.d)[L],5<V,D-1[M]>,(#C-1.#c)[L],(B-2.B-1)[L],(#C-1.#c)[L],(D-1.d)[L];(B-2.B-1)[L],5<V,#C-1[M]>,(B-2.B-1)[L],(A-2.A-1)[L],(B-2.B-1)[L],5<V,#C-1[M]>,(B-2.B-1)[L],(#A-2.#A-1)[L],(B-2.B-1)[K],(#C-1.#c)[K];(#C-1.#c)[LN],(D-1.d)[LM],(#C-1.#c)[LN],(D-1.d)[LM],(#C-1.#c)[LN],(D-1.d)[LN],(#C-1.#c)[LM],(B-2.B-1)[LN],(#C-1.#c)[LN];(B-2.B-1)[LN],(#C-1.#c)[LM],(B-2.B-1)[LN],(A-2.A-1)[LN],(B-2.B-1)[LM],(A-2.A-1)[LN],(B-2.B-1)[LN],(#C-1.#c)[LM],(B-2.B-1)[LN];(#C-1.#c)[L],(D-1.d)[L],(E-1.e)[L],(#F-1.#f)[L],(E-1.e)[L],(#D-1.#d)[L],(#C-1.#c)[L],(D-1.d)[L],(#C-1.#c)[L],(B-2.B-1)[L],(#C-1.#c)[L],(D-1.d)[L];(B-2.B-1)[L],5<V,#C-1[M]>,(B-2.B-1)[L],(A-2.A-1)[L],(B-2.B-1)[L],5<V,#C-1[M]>,(B-2.B-1)[L],(A-2.A-1)[L],(B-2.B-1)[L],(A-2.A-1)[L],(B-2.B-1)[L],(#C-1.#c)[L];(D-1.d)[K],(A-1.a)[K],(A-1.a)[K],(D-1.d)[L],5<V,D-1[M]>,(#C-1.#c)[L],(B-2.B-1)[L],(#C-1.#c)[L],(D-1.d)[L];(#C-1.#c)[L],(B-2.B-1)[L],(#C-1.#c)[L],(D-1.d)[L],(#C-1.#c)[L],(B-2.B-1)[L],(#C-1.#c)[L],(D-1.d)[L],(#C-1.#c)[L],(B-2.B-1)[L],(#C-1.#c)[L],(D-1.d)[L];(#a2.#a3)[L],(#c3.#f3)[L],(#a2.#a3)[L],(#c3.#f3)[L],(#a2.#a3)[L],(#c3.#f3)[L],(#a2.#a3)[L],(#c3.#f3)[L],(#g2.#g3)[L],(#f2.#f3)[L],(#g2.#g3)[L],(#a2.#a3)[L];(#g2.#g3)[L],(#a2.#c3)[L],(#f2.#f3)[L],(#a2.#c3)[L],(#f2.#f3)[L],(#a2.#c3)[L],(#f2.#f3)[L],(#a2.#c3)[L],(f2.f3)[L],(#f2.#f3)[L],(#g2.#g3)[L],(#a2.#a3)[L];(#a2.#a3)[LN],(b2.f2.#g2.b2)[LN],(#c3.#c4)[LM],(b2.f3.#g3.b3)[LN],(#a2.#a3)[LN],(b2.f3.#g3.b3)[LM],(#a2.#a3)[LN],(#g2.#c3.#f3.#g3)[LN],(#a2.#a3)[LM];(#a2.#a3)[L],(#c3.f3)[L],(#g2.#g3)[L],(#c3.f3)[L],(#g2.#g3)[L],(#c3.f3)[L],(#g2.#g3)[L],(#c3.f3)[L],(#f2.#f3)[L],(#g2.#g3)[L],(#a2.#a3)[L],(b2.b3)[L];(b2.b3)[L],(#f3.#a3)[L],(b2.b3)[L],(#f2.#a2)[L],(#c3.#c4)[L],(#f3.#a3)[L],(#c3.#c4)[L],5<(#f3.#a3)[M],(#c3.#c4)[M]>,(b2.b3)[L],(#a2.#a3)[L],(b2.b3)[L],(#c3.#c4)[L];(b2.b3)[L],(#c3.e3)[L],(#a2.#a3)[L],(#c3.e3)[L],(#a2.#a3)[L],(#c3.e3)[L],(#a2.#a3)[L],(#c3.e3)[L],(#g2.#g3)[L],(#d3.#d4)[L],(b2.b3)[L],(#g2.#g3)[L];(#g2.#g3)[L],(#a2.#c3)[L],(#f2.#f3)[L],(#a2.#c3)[L],(#f2.#f3)[L],(#a2.#c3)[L],(#f2.#f3)[L],(#a2.#c3)[L],(#a2.#a3)[L],(#g2.#g3)[L],(#f2.#f3)[L],(#g2.#g3)[L];(#g2.#g3)[LN],(#a2.d3.f3.#a3)[LN],(b2.b3)[LM],(#a2.#c3.f3.#a3)[LM],(#g2.#g3)[LN],(#a2.#c3.f3.#a3)[LN],(#g2.#g3)[L],(#d3.#d4)[L],(b2.b3)[L],(#g2.#g3)[L];(#g2.#g3)[L],(#a2.#c3)[L],(#f2.#f3)[L],(#a2.#c3)[L],(#f2.#f3)[L],(#a2.#c3)[L],(#f2.#f3)[L],(#a2.#c3)[L],(#a2.#a3)[L],(#g2.#g3)[L],(#f2.#f3)[L],(#g2.#g3)[L];(c.c1)[K],T,(a2.#c3.#f3.a3)[JK],(#c3.f3.#g3)[L],(#c3.#g3.b3)[L];(c3.#f3.a3)[L],(c3.#g3.b3)[L],(c3.f3.#g3)[L],(c3.g3.b3)[L],(c3.g3.b3)[L],5<(c3.#f3.a3)[M],b3[M]>,(c3.#f3.a3)[L],(#c3.f3.#g3)[L],(#c3.#f3.a3)[K],(#f3.#f4)[K];(d.d1)[K],T,(c3.#f3.a3.c4)[JK],(b2.#g3.b3)[L],(d3.b3.d4)[L];(c3.a3.c4)[L],(d3.b3.d4)[L],(b2.#g3.b3)[L],(d3.b3.d4)[L],(d3.b3.d4)[L],5<(c3.a3.c4)[M],d4[M]>,(c3.a3.c4)[L],(b2.#g3.b3)[L],(c2.a2.c3)[K],(a3.a4)[KMN];a1[K],T,a1[K],T,5<#g1[M],a1[M]>,5<#g1[M],a1[M]>,5<#g1[M],#f1[M]>,5<#g1[M],a1[M]>;#g1[K],T,#f1[K],T,5<f1[M],#f1[M]>,5<#g1[M],a1[M]>,5<b1[M],#c2[M]>,5<d2[M],e2[M]>;#g2[K],T,#f2[K],T,5<f1[M],#f1[M]>,5<#g1[M],a1[M]>,5<b1[M],#c2[M]>,5<d2[M],e2[M]>;d2[K],T,#c2[K],T,5<b1[M],#c2[M]>,5<b1[M],#c2[M]>,5<b1[M],a1[M]>,5<b1[M],#c2[M]>;a1[K],T,#g1[K],T,5<b1[M],#c2[M]>,5<d2[M],#c2[M]>,5<e2[M],d2[M]>,5<#c2[M],b1[M]>;a1[K],T,#g1[K],T,5<#c2[M],e2[M]>,5<a2[M],#f2[M]>,5<e2[M],d2[M]>,5<#c2[M],b1[M]>;5<a1[M],#g1[M]>,5<#f1[M],f1[M]>,5<e2[M],d2[M]>,5<#c2[M],b1[M]>,5<a1[M],#g1[M]>,5<#f1[M],f1[M]>,5<a2[M],#g2[M]>,5<#f2[M],f2[M]>,5<e2[M],d2[M]>,5<#c2[M],b1[M]>,5<e3[M],d3[M]>,5<#c3[M],b2[M]>;5<a3[M],#g3[M]>,5<#f3[M],f3[M]>,5<e3[M],d3[M]>,5<#c3[M],b2[M]>,5<a2[M],#g2[M]>,5<#f2[M],f2[M]>,5<e2[M],d2[M]>,5<#c2[M],b1[M]>,5<a1[M],#g1[M]>,5<#f1[M],f1[M]>,5<e1[M],d1[M]>,5<#c1[M],b[M]>;","(F-1.f)[K],(d1.#c2)[L],#c2[L],(g1.b1.d2)[K],(d1.e2)[K],(g1.b1.d2)[K],d1[K];(E-1.e)[K],(e1.#d2)[L],#d2[L],(a1.#c2.e2)[K],(e1.#f2)[K],(a1.#c2.e2)[K],e1[K];(A-1.a)[K],(#f1.f2)[L],f2[L],(c2.#d2.#f2)[K],(#f1.#g2)[K],(c2.#d2.#f2)[K],#f1[K];(G-1.g)[K],(g1.#f2)[L],#f2[L],(#c2.e2.g2)[K],(#g1.a2)[K],(#c2.e2.g2)[K],#g1[K];(A-1.a)[K],(#f1.f2)[L],f2[L],(c2.#d2.#f2)[K],(#f1.#g2)[K],(b1.#d2.#f2)[K],#f1[K];(G-1.g)[K],(g1.#f2)[L],#f2[L],(#c2.e2.g2)[K],(#g1.a2)[K],(#c2.e2.g2)[K],#g1[K];(G-1.g)[K],(g1.#f2)[L],#f2[L],(#c2.e2.g2)[K],(#g1.a2)[K],(#c2.e2.g2)[K],g1[K];g3[J],g2[J],g1[J];g[IJ];(#c1.e1)[I],(c1.#d1)[J];(c1.#d1)[J],(#g.#c1)[I];(e1.#g1)[I],(#d1.#f1)[J];(#d1.#f1)[J],(b.e1)[I];(#g1.b1)[I],(e1.a1)[J];(e1.a1)[J],(d1.f1.#g1)[J],(#c1.#f1)[J];(c1.#d1.#f1)[J],(b.e1)[J],(a.e1.#g1)[K],(#d1.#f1)[K];(#g.#c1.e1)[I],(c1.#d1)[J];(#C-1.#G-1)[KL],(#C-1.#G-1)[L],(#C-1.#G-1)[K],(#C-1.#G-1)[K],(#C-1.#F-1.#G-1)[K],(#C-1.#F-1.#G-1)[K];(#C-1.#F-1.#G-1)[KL],(#C-1.#F-1.#G-1)[L],(#C-1.E-1.#G-1)[K],(#C-1.E-1.#G-1)[K],(#C-1.E-1.#G-1)[K],(#C-1.E-1.#G-1)[K];(#C-1.E-1.B-1)[KL],(#C-1.E-1.B-1)[L],(#C-1.E-1.B-1)[K],(#C-1.E-1.B-1)[K],(#C-1.#F-1.A-1)[K],(#C-1.#F-1.A-1)[K];(#C-1.#F-1.A-1)[KL],(#C-1.#F-1.A-1)[L],(#C-1.#G-1)[K],(#C-1.#G-1)[K],(#C-1.#G-1.B-1)[K],(#C-1.#G-1.B-1)[K];(#C-1.F-1.#G-1.d)[KL],(#C-1.F-1.#G-1.d)[L],(#C-1.F-1.#G-1.d)[K],(#C-1.F-1.#G-1.d)[K],(#C-1.#F-1.A-1.#c)[K],(#C-1.#F-1.A-1.#c)[K];(#C-1.#D-1.F-1.#c)[KL],(#C-1.#D-1.F-1.#c)[L],(#C-1.#D-1.F-1.B-1)[K],(#C-1.#D-1.F-1.B-1)[K],(#C-1.#D-1.#F-1.A-1.c)[K],(#C-1.#D-1.#F-1.A-1.c)[K];(#C-1.E-1.G-1.#A-1.#c)[KL],(#C-1.E-1.G-1.#A-1.#c)[L],(#C-1.E-1.G-1.#A-1.#d)[K],(#C-1.E-1.G-1.#A-1.#d)[K],(#C-1.E-1.G-1.#A-1.e)[K],(#C-1.E-1.G-1.#A-1.e)[K];(#D-1.G-1.#A-1.e)[KL],(#D-1.G-1.#A-1.e)[L],(#D-1.G-1.#A-1.e)[K],(#D-1.G-1.#A-1.e)[K],(#G-1.#d)[K],(#G-1.#d)[K];(b.e1)[J],(b.e1)[JK],(b.e1)[K];(#c1.e1)[K],#f1[K],(#c1.e1.#f1)[JK],(#c1.e1.#f1)[K];(#d1.e1.#g1)[K],#g1[K],(e1.#g1)[JK],(e1.#g1)[K];(e1.#g1.b1)[K],a1[K],(e1.a1)[J],g1[J];(d1.#f1.a1)[J],(d1.#f1.a1)[K],(d1.#f1.a1)[K],(d1.#f1.d2)[K],(d1.#f1.a1)[K];(d1.#f1.a1)[KL],(g1.b1)[L],(d1.g1.b1)[JK],(d1.g1.b1)[K];(#c1.g1.b1)[KL],(e1.g1)[L],(#c1.e1.g1)[JK],(#c1.e1.a1)[K];(#c1.e1.g1)[KL],#f1[L],#f1[K],(#c1.e1)[K],(b.e1)[K],(#a.e1)[K];(b.d1.#f1)[J],(b.d1.#f1)[K],(b.d1.#f1)[K],(b.#d1.b1)[K],(b.#d1.#f1)[K];(b.#d1.#f1)[KL],(e1.b1)[L],(b.e1.g1)[JK],(b.e1.g1)[K];(a.d1.#f1)[KL],(a.d1.#f1)[L],(a.d1.#f1)[K],(a.d1.#f1)[K],(a.e1.g1)[K],(a.#c1.e1)[K];(a.#c1.e1)[K],(d1.#f1)[K],(a.d1.#f1)[JK],(a.d1.#f1)[K];(c1.d1.#f1)[KL],(c1.d1.#f1)[L],(c1.d1.#f1)[K],(c1.d1.#f1)[K],(c1.d1.c2)[K],(c1.d1.#f1)[K];(c1.#d1.a1)[KL],g1[L],(b.e1.g1)[J],#a[K],(g.e1)[K];(#f.a.d1)[KL],(#f.a.d1)[L],(#f.a.d1)[K],(#f.a.d1)[K],(g.a.e1)[K],(e.g.#c1)[K];(D-1.d)[KL],(D-1.d)[L],(D-1.d)[K],(D-1.d)[K],(D-1.d)[K],(D-1.d)[K];(#C-2.#C-1)[KL],(#C-2.#C-1)[L],(#C-2.#C-1)[K],(#C-2.#C-1)[K],(#C-2.#C-1)[K],(#C-2.#C-1)[K];(D-1.d)[KL],(D-1.d)[L],(D-1.d)[K],(D-1.d)[K],(D-1.d)[K],(D-1.d)[K];(#C-2.#C-1)[KL],(#C-2.#C-1)[L],(#C-2.#C-1)[K],(#C-2.#C-1)[K],(#C-2.#C-1)[K],(#C-2.#C-1)[K];(D-1.d)[KL],(D-1.d)[L],(D-1.d)[K],(D-1.d)[K],(D-1.d)[K],(D-1.d)[K];(#C-2.#C-1)[KL],(#C-2.#C-1)[L],(#C-2.#C-1)[K],(#C-2.#C-1)[K],(#C-2.#C-1)[K],(#C-2.#C-1)[K];(D-1.d)[KL],(D-1.d)[L],(#C-2.#C-1)[KL],(#C-2.#C-1)[L],(D-1.d)[KL],(D-1.d)[L];(#C-2.#C-1)[KL],(#C-2.#C-1)[L],(D-1.d)[KL],(D-1.d)[L],(#C-2.#C-1)[KL],(#C-2.#C-1)[L];(D-1.d)[K],(#C-2.#C-1)[K],(d.d1)[K],(#C-1.#c)[K],(d1.d2)[K],(#c.#c1)[K];(#c2.#c3)[K],(#f.#f1)[K],(#c1.#c2)[K],(D-1.d)[K],(#c.#c1)[K],(D-2.D-1)[K];d[L],#C-1[L],d[L],#C-1[L],#C-2[L],D-1[L],#C-2[L],D-1[L],d[L],#C-1[L],d[L],#C-1[L];#c[L],d1[L],#c[L],d1[L],d[L],#C-1[L],d[L],#C-1[L],#c[L],d1[L],#c[L],d1[L];S,(D-1.d)[JK],(A-2.A-1)[K];(D-1.d)[K],(A-2.A-1)[K],(D-1.d)[K],(A-2.A-1)[K],(D-1.d)[K],(A-2.A-1)[K];S,(#C-1.#c)[JK],(#G-2.#G-1)[K];(#C-1.#c)[K],(#G-2.#G-1)[K],(#C-1.#c)[K],(#G-2.#G-1)[K],(#C-1.#c)[J];(#c3~#a1~mute)[K],T,(#a2~#f1~mute)[K],T,(#g2~f1~mute)[K],T;(#c2~#a~mute)[K],T,(#f1~#a1~b1)[K],(#c2~#d2~f2)[K],(#f2~#a2~b2)[K],(#c3~#f3~#d3)[K];(#c3~#a1~mute)[K],T,(#a2~#f1~mute)[K],T,(#d3~c2~mute)[K],T;(#c3~#a1~mute)[K],T,(#c4~#a3~#g3)[K],(#f3~f3~#d3)[K],(#c3~#a2~#c3)[K],(#g2~#f2~#d2)[K];(b2~#g1~mute)[K],T,(#g2~f1~mute)[K],T,(e1~g2~g1)[K],(#a2~#a1~#c3)[K];(b2~#g1~mute)[K],T,(#g2~f1~mute)[K],T,(#c1~#f2~#f1)[K],(#a2~#a1~#c3)[K];(f1~#g2~mute)[K],T,(g1~#a2~mute)[K],T,(#a1~c3~mute)[K],T;(c2~#d3~mute)[K],T,(b2~d3~mute)[K],T,(b1~#c3~mute)[K],T;(#c3~a1~mute)[K],T,(#c3~a1~mute)[K],T,#g1[M],a1[M],#g1[M],a1[M],#g1[M],#f1[M],#g1[M],a1[M];(#c3~#g1~mute)[K],T,(#c3~#f1~mute)[K],T,f1[M],#f1[M],#g1[M],a1[M],b1[M],#c2[M],d2[M],e2[M];(#g2~#g3~mute)[K],T,(#f2~#f1~mute)[K],T,f1[M],#f1[M],#g1[M],a1[M],b1[M],#c2[M],d2[M],e2[M];(d3~d4~mute)[K],T,(#c2~#c1~mute)[K],T,c1[M],#c1[M],#d1[M],f1[M],#f1[M],#g1[M],a1[M],b1[M];(a2~a3~mute)[K],T,(#g2~#g1~mute)[K],T,#c2[M],b1[M],d2[M],#c2[M],e2[M],d2[M],#c2[M],b1[M];(a2~a1~mute)[K],T,(#g2~#g3~mute)[K],T,a2[M],e2[M],#g2[M],#f2[M],e2[M],d2[M],#c2[M],b1[M];(#G-1.#g)[KMN],(#g.a1)[L],a1[L],(#c1.#g1)[K],(#g.a1)[K],(c1.#g1)[K],#g[K];(#C-1.#c)[KM],(#g.a1)[LN],a1[LN],(#c1.#g1)[KM],(#g.a1)[KM],(#c1.#g1)[KM],#g[KM];(#c.#c1)[KM],(#c1.d2)[LN],d2[LN],(#f1.#c2)[KM],(#c1.d2)[KM],(f1.#c2)[KM],#c1[KM];(#F-1.#f)[KM],(#c1.d2)[LN],d2[LN],(#f1.#c2)[KM],(#c1.d2)[KM],(#f1.#c2)[KM],#c1[KM];(#f.#f1)[KM],(#f1.g2)[LN],g2[LN],(b1.#f2)[KM],(#f1.g2)[KM],(#a1.#f2)[KM],#f1[KM];f[KM],(b.#g1)[LN],(b.#g1)[LN],#f[KM],(#c1.a1)[KM],#c[KM],(b.f1)[LN],(b.f1)[LN];d[K],(a.#f1)[K],#A-1[K],(g.#c1)[L],(g.#c1)[L],B-1[K],(#f.d1)[K];(e1.g1.#c2)[J],(e1.g1.#c2)[K],(e1.g1.#c2)[K],(#c2.e2.g2)[K],(e1.g1.#c2)[K];(e1.g1.#c2)[KL],(d1.d2)[L],(d1.g1.d2)[JK],b1[K];(#c1.#f1.a1)[KL],(#c1.#f1.a1)[L],(#c1.#f1.a1)[K],(#c1.#f1.a1)[KM],(d1.#f1.b1)[KL],(b.d1.g1)[KLM];(a.#c1.#f1)[KL],(a.#c1.#f1)[L],(a.#c1.#f1)[K],(a.#c1.#f1)[KM],(b.#c1.#g1)[KL],(#g.#c1.f1)[JL];RS;S,(a1.#c2.#f2.a2)[I];S,(a1.#c2.#f2.a2)[I];S,(a1.#c2.#f2.a2)[I];S,(a1.d2.#f2.a2)[I];S,(a1.#c2.#f2.a2)[I];S,(a1.c2.#f2.a2)[I];S,(a1.b1.d2.f2.a2)[I],V,U;(#c3~a3~#g3)[K],(a2~#f3~e3)[K],(#f2~d3~#c3)[K],(#c2~b2~a2)[K],(a1~#g2~#f2)[K],(#f1~e2~d2)[K];(f1~b1.d2~#c2)[K],(f2~b2.d3~#c3)[K],(f3~b3.d4~#c4)[K],(b2~f3.a3~#g)[K],(#g2~b2.#f3~f3)[K],(f2~b2.d3~c3)[K];(#c3~#c4~b3)[K],(a3~a2~#g2)[K],(#f2~#f3~e3)[K],(d3~d2~#c2)[K],(b1~b2~a2)[K],(g2~g1~#f1)[K];(f1~b1.d2~#c2)[K],(f2~b2.d3~#c3)[K],(f3~b3.d4~#c4)[K],(d3~#g3.b3~a3)[K],(b2~d3.#g3~#d3)[K],(f2~b2.d3~c3)[K];(#c3~#c4~b3)[K],(#c3~a3~#g3)[K],(a2~#f3~e3)[K],(e2~d3~#c3)[K],(#c2~b2~a2)[K],(a1~#g2~#f2)[K];(#g1~d2.#f2~e2)[K],(#g2~d3.#f3~e3)[K],(#g3~#f4~e4)[K],(e4~e3~e4)[K],(b3~d4~e3)[K],(d4~a3~#c4)[K];(d3~#c4~#f3)[K],(b3~g3~e4)[K],(b3~d4~d3)[K],(#c4~#g3~b3)[K],(b2~a3~f3)[K],(#g3~d3~#c4)[K];(#g3~b3~#c3)[K],(a3~f3~#g3)[K],(a2~#f3~c3)[K],(f3~#f2~e2)[K],(b2~#d3~f2)[K],(d2~b2~c3)[K];(#c3~#a3~#g3)[K],(#a2~#f3~f3)[K],(#f2~#d3~#c3)[K],(#c2~b2~#a2)[K],(#a1~#g2~#f2)[K],(#f1~f2~#d2)[K];(f1~b1~d2)[K],(f2~b2~d3)[K],(f3~b3~d4)[K],(b2~f3~#a3)[K],(#g2~b2~#f3)[K],(f2~b2~#d3)[K];(#c3~#c4~c4)[K],(#c3~a3~#g3)[K],(a2~#f3~f3)[K],(f2~#d3~#c3)[K],(#c2~b2~#a2)[K],(#a1~#g2~#f2)[K];(a1~#d2~#f2)[K],(a2~#d3~#f3)[K],(a3~#d4~#f4)[K],(#d3~#g3~#c4)[K],(c3~#d3~a3)[K],(#g2~#d3~#f3)[K];(#f3~#f4~f4)[K],(#f3~#d4~#c4)[K],(#d3~b3~#a3)[K],(#a2~#g3~#f3)[K],(#f2~f2~#d3)[K],(#d2~#c3~b2)[K];(d2~#g2~b2)[K],(#a2~d3~#a3)[K],(#d2~#f2~b2)[K],(#a2~#d3~#a3)[K],(f2~#g2~b2)[K],(#a2~f3~#a3)[K];(f2~#g2.#d3~#c3)[K],(f3~#g3.#d4~#c4)[K],(#f2~#a2.#d3~#c3)[K],(#f3~#a3.#d4~#c4)[K],(#g2~b2.#d3~#c3)[K],(#g3~b3.#d4~#c4)[K];(#g2~c3~f3)[K],(#d3~#g2~#g3)[K],(#g2~#c3~#f3)[K],(f3~#g2~#g3)[K],(#g2~b2~f3)[K],(#d3~#g2~#g3)[K];(#g2~f3~#c3)[K],(#g3~f3~#c3)[K],(#a2~#f3~#c3)[K],(#a3~#f3~#c3)[K],(b2~#f3~#d3)[K],(b3~#f3~#d3)[K];(#g2~f3~#c3)[K],(#g3~f3~#c3)[K],(#a2~#f3~#c3)[K],(#a3~#f3~#c3)[K],(#f2~#d3~#a2)[K],(#f3~#d3~#a2)[K];(#g2~f3~#c3)[K],(#g3~f3~#c3)[K],(#a2~#f3~#c3)[K],(#a3~#f3~#c3)[K],(b2~#f3~#d3)[K],(b3~#f3~#d3)[K];(#g2~#d3~b3)[K],(#g3~#d3~b2)[K],(#a2~f3~d3)[K],(#a2~f3~d3)[K],(#f2~#d3~b2)[K],(#f3~#d3~#a2)[K];(#g2~f3~#c3)[K],(#g3~f3~#c3)[K],(#a2~#f3~#c3)[K],(#a2~#f3~#c3)[K],(b2~#f3~d3)[K],(b3~#f3~d3)[K];(b2~#f3~d3)[K],(b3~#f3~d3)[K],(#c3~a3~#f3)[K],(#c4~a3~#f3)[K],(d3~a3~#f3)[K],(d4~a3~#f3)[K];(d3~a3~#f3)[K],(d4~a3~#f3)[K],(e3~#c4~#g3)[K],(f4~#c4~#g3)[K],(#f3~#c4~#a3)[K],(#f4~#c4~#a3)[K];(#f3~#c4~#a3)[K],(#f4~#c4~#a3)[K],(#f3~d4~b3)[K],(#f4~d4~b3)[K],(#f3~#c4~#a3)[K],(#f4~#c4~#a3)[K];(b.#f1)[L],#f1[L],(#f.b)[L],#f1[L],(b.#f1)[L],#f1[L],(#f.b)[L],#f1[L],(b.#f1)[L],#f1[L],(#f.b)[L],#f1[L];(b.#f1)[L],#f1[L],(#f.b)[L],#f1[L],(b.#f1)[L],#f1[L],(#f.b)[L],#f1[L],(b.#f1)[L],#f1[L],(#f.b)[L],#f1[L];(b.#f1)[L],#f1[L],(#f.b)[L],#f1[L],(b.#f1)[L],#f1[L],(#f.b)[L],#f1[L],(b.#f1)[L],#f1[L],(#f.b)[L],#f1[L];(b.#f1)[L],#f1[L],(#f.b)[L],#f1[L],(b.#f1)[L],#f1[L],(#f.b)[L],#f1[L],(b.#f1)[L],#f1[L],(#f.b)[L],#f1[L];(b.#f1)[L],#f1[L],(#f.b)[L],#f1[L],(b.#f1)[L],#f1[L],(#f.b)[L],#f1[L],(b.#f1)[L],#f1[L],(#f.b)[L],#f1[L];(b.#f1)[L],#f1[L],(#f.b)[L],#f1[L],(b.#f1)[L],#f1[L],(#f.b)[L],#f1[L],(b.#f1)[L],#f1[L],(#f.b)[L],#f1[L];(b.#f1)[L],#f1[L],(#f.b)[L],#f1[L],(b.#f1)[L],#f1[L],(#f.b)[L],#f1[L],(b.#f1)[L],#f1[L],(#f.b)[L],#f1[L];(b.#f1)[L],#f1[L],(#f.b)[L],#f1[L],(b.#f1)[L],#f1[L],(#f.b)[L],#f1[L],(b.#f1)[L],#f1[L],(#f.b)[L],#f1[L];(#F-2.#F-1)[K],(c.c1)[L],(c.c1)[L],(#c.#f.#a.#c1)[K],(c1.c2)[L],(c1.c2)[L],(#c1.#f1.#a1.#c2)[K],(#c.#c1)[K];(#F-2.#F-1)[K],(c.c1)[L],(c.c1)[L],(#c.#f.#a.#c1)[K],(c1.c2)[L],(c1.c2)[L],(#c1.#f1.#a1.#c2)[K],(#c.#c1)[K];(#C-2.#C-1)[K],(c.c1)[L],(c.c1)[L],(#c.f.#g.b.#c1)[K],(c1.c2)[L],(c1.c2)[L],(#c1.#f1.#a1.#c2)[K],(#c.#c1)[K];(#C-1.#c)[K],(c.c1)[L],(c.c1)[L],(#c.f.#g.b.#c1)[K],(#c1.#c2)[K],(B-2.B-1)[K],(#c.f.#g.#c1)[K];(#A-2.#A-1)[K],(c.c1)[L],(c.c1)[L],(#c.#f.#a.#c1)[K],(#c1.#f1.#a1.#c2)[K],(#A-2.#A-1)[K],(d.f.#g.d1)[K];(G-2.G-1)[K],(#d.#d1)[L],(#d.#d1)[L],(e.#a.#c1.e1)[K],(e1.#a1.#c2.e2)[K],(B-2.B-1)[K],(#d.#g.b.#d1)[K];(#C-1.#c)[K],(c.c1)[L],(c.c1)[L],(#c.#f.#a.#c1)[K],(#c1.#f1.#a1.#c2)[K],(B-2.B-1)[K],(#d.f.#g.#d1)[K];(#A-2.#A-1)[K],(e.e1)[L],(e.e1)[L],(f.#g.#c1.f1)[K],(f1.#g1.d2.f2)[K],(B-2.B-1)[K],(#d.#f.#g.#d1)[K];(#C-1.#c)[K],(c.c1)[L],(c.c1)[L],(#c.#f.#a.#c1)[K],(#c1.#f1.#a1.#c2)[K],(#c.#c1)[K],(#c1.f1.#g1.b1.#c2)[K];(C-2.C-1)[J],(a.d1.#f1.a1)[JK],(a.e1.#g1)[K];(d1.#f1.a1)[K],(a.f1.#g1)[K],(d1.#f1.a1)[K],(a.f1.#g1)[K],(d1.#f1.a1)[K],#f2[K];(D-2.D-1)[K],T,(c1.#f1.a1.c2)[JK],(d1.#f1.a1.d2)[K];(a1.c2.#d2)[K],(d1.#g1.b1.d2)[K],(a1.c2.#d2)[K],(d1.g1.b1.d2)[K],(a1.c2.#d2)[K],a2[KMN];#C-2[K],(#c.c1)[L],c1[L],(#f.a.#c1)[K],(#c.c1)[K],(f.b.#c1)[K],#c[K];#C-2[K],(#c.c1)[L],c1[L],(#f.a.#c1)[K],(#c.c1)[K],(f.b.#c1)[K],#c[K];#C-2[K],(d.#c1)[L],#c1[L],(#f.b.d1)[K],(d.#c1)[K],(#f.b.d1)[K],d[K];#C-2[K],(#c.c1)[L],c1[L],(#f.a.#c1)[K],(#c.c1)[K],(#f.a.#c1)[K],#c[K];#C-2[K],(#c.d1)[L],d1[L],(f.b.#c1)[K],(#c.d1)[K],(#f.a.#c1)[K],#c[K];#C-2[K],(#c.d1)[L],d1[L],(f.b.#c1)[K],(#c.d1)[K],(#f.a.#c1)[K],#c[K];RS;RS;","a2[IJ];RS;RS;RS;RS;RS;RS;RS;RS;RS;RS;RS;RS;RS;RS;RS;RS;RS;RS;RS;RS;RS;RS;RS;RS;RS;RS;RS;RS;RS;RS;RS;RS;RS;RS;RS;RS;RS;RS;RS;RS;RS;RS;RS;RS;RS;RS;RS;RS;RS;RS;RS;RS;RS;RS;RS;(#F-1~#c~#f)[K],(#a~#f~#c)[K],(#F-1~#c~#f)[K],(#a~#f~#c)[K],(#F-1~d~f)[K],(b~f~d)[K];(#F-1~#c~#f)[K],(#a~#f~#c)[K],(#F-1~#c~#f)[K],(#a~#f~#c)[K],(#F-1~#c~#f)[K],(#a~#f~#c)[K];(#F-1~#c~#f)[K],(#a~#f~#c)[K],(#F-1~#c~#f)[K],(#a~#f~#c)[K],(#F-1~#d~#f)[K],(a~#f~#d)[K];(#F-1~#c~#f)[K],(#a~#f~#c)[K],(#F-1~#c~#f)[K],(#a~#f~#c)[K],(#F-1~#c~#f)[K],(#a~#f~#c)[K];(#C-1~#c~f)[K],(b~f~#c)[K],(B-1~#c~f)[K],(b~f~#c)[K],(#C-1~#c~e)[K],(#a~e~#c)[K];(#C-1~#c~f)[K],(b~f~#c)[K],(B-1~#c~f)[K],(b~f~#c)[K],(#F-1~#f~#a)[K],(#c1~#a~#f)[K];(#G-1~#g~#c1)[K],(f1~#c1~#g)[K],(#G-1~g~#c1)[K],(e1~#c1~g)[K],(#G-1~#f~c1)[K],(#d1~c1~#f)[K];(#c~a~c1)[K],(#f1~c1~a)[K],(#c~a~c1)[K],(#f1~c1~a)[K],(#c~#g~b)[K],(f1~b~#g)[K];(#F-1~#c~#f)[K],(a~#f~#c)[K],(#F-1~#c~#f)[K],(a~#f~#c)[K],(#F-1~d~f)[K],(b~f~d)[K];(#F-1~#c~#f)[K],(a~#f~#c)[K],(#F-1~#c~#f)[K],(a~#f~#c)[K],(#F-1~#c~#f)[K],(a~#f~#c)[K];(#F-1~d~#f)[K],(b~#f~d)[K],(#F-1~d~#f)[K],(b~#f~d)[K],(#F-1~d~#f)[K],(b~#f~d)[K];(#F-1~#c~#f)[K],(a~#f~#c)[K],(#F-1~#c~#f)[K],(a~#f~#c)[K],(#F-1~#c~#f)[K],(a~#f~#c)[K];(#F-1~d~f)[K],(b~f~d)[K],(#F-1~d~f)[K],(b~f~d)[K],(#F-1~#c~#f)[K],(a~#f~#c)[K];(#F-1~d~f)[K],(b~f~d)[K],(#F-1~d~f)[K],(b~f~d)[K],(#F-1~#c~#f)[K],(a~#f~#c)[K];RS,VW;RS,TU;RS,TU;RS,TU;RS,TU;RS,TU;RS;RS;RS;RS,TU;RRV;RS;RS;RS;RS;RS;RS;RS;RS,UV;#F-1[L],#c[L],a[L],#c[L],A-1[L],#f[L],#c1[L],#f[L],B-1[L],#f[L],d1[L],#f[L];#c[L],(#g.b)[L],f1[L],(#g.b)[L],#c[L],(#g.b)[L],c4[L],#c4[L],d4[L],f4[L],g4[L],#g4[L];#f[L],#c1[L],a1[L],#c1[L],A-1[L],#f[L],#c1[L],#f[L],B-1[L],g[L],d1[L],g[L];#c[L],(#g.b)[L],f1[L],(#g.b)[L],#c[L],(#g.b)[L],c4[L],#c4[L],d4[L],f4[L],g4[L],#g4[L];A-2[L],e[L],#c1[L],e[L],#c[L],a[L],e1[L],a[L],d[L],a[L],#f1[L],a[L];e[L],b[L],#g1[L],b[L],#g[L],e1[L],b1[L],e1[L],a[L],e1[L],#c2[L],e1[L];b[L],#f1[L],#d2[L],#f1[L],g[L],d1[L],b1[L],d1[L],f[L],(#c1.#g1)[L],#c2[L],(#c1.#g1)[L];#f[L],(#c1.#f1)[L],a1[L],(#c1.#f1)[L],#d[L],(a.c1)[L],#f1[L],(a.c1)[L],#c[L],(#g.b)[L],f1[L],(#g.b)[L];#F-1[L],#c[L],#a[L],#c[L],#A-1[L],#f[L],#c1[L],#f[L],B-1[L],#f[L],#d1[L],#f[L];#c[L],b[L],e1[L],b[L],#c[L],b[L],c4[L],#c4[L],e4[L],f4[L],g4[L],#g4[L];#a[L],f1[L],#c2[L],f1[L],#c[L],#a[L],f1[L],#a[L],#d[L],#a[L],#f1[L],#a[L];f[L],c1[L],a1[L],c1[L],f[L],c1[L],e2[L],f2[L],#g2[L],a2[L],b2[L],c3[L];#d[L],#a[L],#f1[L],#a[L],#f[L],#d1[L],#a1[L],#d1[L],#g[L],#d1[L],b1[L],#d1[L];#a[L],f1[L],d2[L],f1[L],#d[L],#a[L],#f1[L],#a[L],#A-1[L],f[L],d1[L],f[L];#c1[L],(#g1.#c2)[L],f2[L],(#g1.#c2)[L],#f[L],(#c1.#f1)[L],#a1[L],(#c1.#f1)[L],#c[L],(#g.#c1)[L],f1[L],(#g.#c1)[L];#g[L],#d1[L],c2[L],#d1[L],#c[L],#g[L],f1[L],#g[L],#G-1[L],#d[L],c1[L],#d[L];#C-1[K],(f2~#c2~#g1)[K],(#f1~#c2~#a1)[K],(#f2~#c2~#a1)[K],(b~#f1~#d1)[K],(b1~#f1~#d1)[K];(#c1~#g1~f1)[K],(#c2~#g1~f1)[K],(#f~#c1~#a)[K],(#f1~#c1~#a)[K],(#a~#f1~#c1)[K],(#a1~#f1~#c1)[K];#C-1[K],(f2~#c2~#g1)[K],(#f1~e2~#c2)[K],(#f2~e2~#c2)[K],(b~b1~#f1)[K],(#d2~b1~#f1)[K];(f1~#d2~b1)[K],(f2~d2~b1)[K],(#a~#a1~f1)[K],(d2~#a1~f1)[K],(#d1~#a1~#f1)[K],(#d2~#a1~#f1)[K];#C-1[K],(f2~#c2~#g1)[K],(#f1~e2~#c2)[K],(#f2~e2~#c2)[K],(b~b1~#f1)[K],(d2~b1~#f1)[K];(#f1~d2~b1)[K],(#f2~d2~b1)[K],(a1~g2~e2)[K],(a2~g2~e2)[K],(d1~d2~a1)[K],(#f2~d2~a1)[K];(a1~#f2~d2)[K],(a2~#f2~d2)[K],(#c2~b2~#g2)[K],(#c3~b2~#g2)[K],(#f1~#f2~#c2)[K],(a2~#f2~#c2)[K];(#f1~#f2~#c2)[K],(#a2~#f2~#c2)[K],(b~b1~#f1)[K],(d2~b1~#f1)[K],(#f~#f1~#c1)[K],(#a1~#f1~#c1)[K];RS;RS;RS;RS;RS;RS;RS;RS;RS;RS;RS;RS;RS;RS;RS;RS;RS;RS;RS;RS;RSVW;RS;RS;RS;RS;RS;RS;RS;RS;"]},{"id":3,"baseBeats":0.5,"scores":["5<V,V>,5<V,V>,5<V,V>,5<V,V>,5<V,V>,5<V,V>,5<V,V>,5<V,V>,5<V,V>,5<V,V>,5<V,V>,5<V,V>;5<V,V>,5<V,V>,5<V,V>,5<V,V>,5<V,V>,5<V,V>,5<V,V>,5<V,V>,5<V,V>,5<V,V>,5<V,V>,5<V,V>;5<V,V>,5<V,V>,5<V,V>,5<V,V>,5<V,V>,5<V,V>,5<V,V>,5<V,V>,5<V,V>,5<V,V>,5<V,V>,5<V,V>;5<V,V>,5<V,V>,5<V,V>,5<V,V>,5<V,V>,5<V,V>,5<V,V>,5<V,V>,5<V,V>,5<V,V>,5<V,V>,5<V,V>;5<V,V>,5<V,V>,5<V,V>,5<V,V>,5<V,V>,5<V,V>,5<V,V>,5<V,V>,5<V,V>,5<V,V>,5<V,V>,5<V,V>;5<V,V>,5<V,V>,5<V,V>,5<V,V>,5<V,V>,5<V,V>,5<V,V>,5<V,V>,5<V,V>,5<V,V>,5<V,V>,5<V,V>;5<V,V>,5<V,V>,5<V,V>,5<V,V>,5<V,V>,5<V,V>,5<V,V>,5<V,V>,5<V,V>,5<V,V>,5<V,V>,5<V,V>;5<V,V>,5<V,V>,5<V,V>,5<V,V>,5<V,V>,5<V,V>,5<V,V>,5<V,V>,5<V,V>,5<V,V>,5<V,V>,5<V,V>;5<V,V>,5<V,V>,5<V,V>,5<V,V>,5<V,V>,5<V,V>,5<V,V>,5<V,V>,5<V,V>,5<V,V>,5<V,V>,5<V,V>;5<V,V>,5<V,V>,5<V,V>,5<V,V>,5<V,V>,5<V,V>,5<V,V>,5<V,V>,5<V,V>,5<V,V>,5<V,V>,5<V,V>;5<V,V>,5<V,V>,5<V,V>,5<V,V>,5<V,V>,5<V,V>,5<V,V>,5<V,V>,5<V,V>,5<V,V>,5<V,V>,5<V,V>;5<V,V>,5<V,V>,5<V,V>,5<V,V>,5<V,V>,5<V,V>,5<V,V>,5<V,V>,5<V,V>,5<V,V>,5<V,V>,5<V,V>;5<V,V>,5<V,V>,5<V,V>,5<V,V>,5<V,V>,5<V,V>,5<V,V>,5<V,V>,5<V,V>,5<V,V>,5<V,V>,5<V,V>;5<V,V>,5<V,V>,5<V,V>,5<V,V>,5<V,V>,5<V,V>,5<V,V>,5<V,V>,5<V,V>,5<V,V>,5<V,V>,5<V,V>;5<V,V>,5<V,V>,5<V,V>,5<V,V>,5<V,V>,5<V,V>,5<V,V>,5<V,V>,5<V,V>,5<V,V>,5<V,V>,5<V,V>;5<V,V>,5<V,V>,5<V,V>,5<V,V>,5<V,V>,5<V,V>,5<V,V>,5<V,V>,5<V,V>,5<V,V>,5<V,V>,5<V,V>;5<V,V>,5<V,V>,5<V,V>,5<V,V>,5<V,V>,5<V,V>,5<V,V>,5<V,V>,5<V,V>,5<V,V>,5<V,V>,5<V,V>,TU;(#f.#f1)[L],(#a.#c1)[L],(#f.#f1)[L],(#f.#f1)[L],(#c1.#c2)[L],(#f1.#a1)[L],(#c1.#c2)[L],(#c1.#c2)[L],(#a.#a1)[L],(#c1.#f1)[L],(#a.#a1)[L],(#a.#a1)[L];(#f.#f1)[L],(#a.#c1)[L],(#f.#f1)[L],(#f.#f1)[L],(#a1.#c2.#f2.#a2)[K],(#c.#c1)[L],(#c.#c1)[L],(d.d1)[L],(#d.#d1)[L],(e.e1)[L],(f.f1)[L];(#f.#f1)[L],(#a.#c1)[L],(#f.#f1)[L],(#f.#f1)[L],(#a1.#c2.#f2.#a2)[K],(#c1.#c2)[L],(#c1.#c2)[L],(#a.#a1)[L],(#c1.#f1)[L],(#a.#a1)[L],(#a.#a1)[L];(#f.#f1)[L],(#a.#c1)[L],(#f.#f1)[L],(#f.#f1)[L],(#a1.#c2.#f2.#a2)[K],(#c.#c1)[L],(#c.#c1)[L],(d.d1)[L],(#d.#d1)[L],(e.e1)[L],(f.f1)[L];(#f.#f1)[L],(#a.#c1)[L],(#f.#f1)[L],(#f.#f1)[L],(#a1.#c2.#f2.#a2)[K],(#c1.#c2)[L],(#c1.#c2)[L],(#a.#a1)[L],(#c1.#f1)[L],(#a.#a1)[L],(#a.#a1)[L];(#d1.#d2)[L],(#f1.#a1)[L],(#d1.#d2)[L],(#d1.#d2)[L],(#a1.#c2.#f2.#a2)[K],(#c1.#c2)[L],(#c1.#c2)[L],(#g1.#g2)[L],(#a1.#c2)[L],(#g1.#g2)[L],(#g1.#g2)[L];(#f1.#f2)[L],(#a1.#c2)[L],(#f1.#f2)[L],(#f1.#f2)[L],(#a1.#c2.#f2.#a2)[K],(b1.b2)[L],(b1.b2)[L],(#a1.#a2)[L],(#c2.#f2)[L],(#a1.#a2)[L],(#a1.#a2)[L];(#d2.#d3)[L],(#c2.#c3)[L],(#g2.#g3)[L],(#f2.#f3)[L],(b2.b3)[L],(#a2.#a3)[L],(#d3.#d4)[L],(#c3.#c4)[L],(#g3.#g4)[L],(#f3.#f4)[L],(#d3.#d4)[L],(#c3.#c4)[L];(#a2.#a3)[L],(#g2.#g3)[L],(#f2.#f3)[L],(#d2.#d3)[L],(#c2.#c3)[L],(#a1.#a2)[L],(#g1.#g2)[L],(#f1.#f2)[L],(#d1.#d2)[L],(#c1.#c2)[L],(#a.#a1)[L],(#g.#g1)[L];(#f.#f1)[K],T,(b@f1@#g1@#c2)[K],T,(#a2@#f2@#c2@#f1)[K],T;(b1@f2@#g2@#c3)[K],T,(#a3@#f3@#c3@#f2)[K],T,(b2@f3@#g3@#c4)[K],T;(#f1@#c1@#a@#f)[K],RS;(#f1@#c2@#f2@#a2@#f3@#f4)[KLM],5<V,#d4[M]>,5<#c4[M],#a3[M]>,5<#g3[M],#f3[M]>,5<#d3[M],#c3[M]>,5<#a2[M],#g2[M]>,5<#f2[M],#d2[M]>,5<#c2[M],#a1[M]>,5<#g1[M],#f1[M]>,5<#d1[M],#c1[M]>,5<#a[M],#g[M]>,5<#f[M],#d[M]>,5<#c[M],#A-1[M]>,5<#G-1[M],#F-1[M]>,5<#D-1[M],#C-1[M]>,5<#A-2[M],#G-2[M]>;(#f.#a.#c1.#f1)[IIIJ];","(#c3~#a3~#g3)[K],(#a2~#g3~#f3)[K],(#f2~#d3~#c3)[K],(#c2~b2~#a2)[K],(#a1~#g2~#f2)[K],(#f1~f2~#d2)[K];(f1~b1.#d2~#c2)[K],(f2~b2.#d3~#c3)[K],(f3~b3.#d4~#c4)[K],(b2~f3.#a3~#g3)[K],(#g2~b2.#f3~f3)[K],(f2~b2.#d3~c3)[K];(f3~#c4~c4)[K],(#c3~#a3~#g3)[K],(#a2~#f3~f3)[K],(f2~#d3~#c3)[K],(#c2~c3~#a2)[K],(#a1~#g2~#f2)[K];(a1~#d2.#f2~f2)[K],(a2~#d3.#f3~f3)[K],(a3~#d4.#f4~f4)[K],(#d3~#g3.#c4~c4)[K],(c3~#d3.#a3~#g3)[K],(#g2~#d3.#f3~f3)[K];(#a3~#f4~f4)[K],(#f3~#d4~#c4)[K],(#d3~b3~#a3)[K],(#a2~#g3~#f3)[K],(#f2~f3~#d3)[K],(#d2~#c3~b2)[K];(d2~#g2.b2~#a2)[K],(d3~#g3.b3~#a3)[K],(#d2~#f2.b2~#a2)[K],(#d3~#f3.b3~#a3)[K],(f2~b2.#d3~#c3)[K],(f3~b3.#d4~#c4)[K];(f2~b2.#d3~#c3)[K],(f3~b3.#d4~#c4)[K],(#f2~#a2.#d3~#c3)[K],(#f3~#a3.#d4~#c4)[K],(a2~#d3.#f3~f3)[K],(a3~#d4.#f4~f4)[K];(a2~#d3.#f3~f3)[K],(a3~#d4.#f4~f4)[K],(#a2~#c3.#f3~f3)[K],(#a3~#c4.#f4~f4)[K],(c2~#f2.#a2~#g2)[K],(c3~#f3.#a3~#g3)[K];(b3.#d4~#c4~f3)[K],T,(b2.#d3~#c3~#g2)[K],T,(b1.#d2~#c2~#g1)[K],T;(#g2.b2~#a2~f2)[K],(#d2.#g2~#f2~#a1)[K],(b2.#d3~#c3~#g2)[K],(#f2.b2~#a2~#c2)[K],(#d3.#f3~f3~c3)[K],(#a2.#d3~#c3~f2)[K];(b2.f3~#d3~#f2)[K],(c3.#f3~f3~#g2)[K],(#c3.#g3~#f3~#a2)[K],(d3.#a3~#g3~b2)[K],(e3.b3~#a3~#c3)[K],(#f3.#c4~b3~#d3)[K];(a3.#c4~c4~#f3)[K],(a2.#c3~c3~#f2)[K],T,(a2.#c3~c3~#f2)[K],(a1.#c2~c2~#f1)[K],T;(#d4.#g4~#f4~a3)[K],(#d3.#g3~#f3~a2)[K],T,(#d3.#g3~#f3~a2)[K],(#d2.#g2~#f2~a1)[K],T;(#f2~#f1.#g1~#c2)[K],(#f2~#f1.#g1~#c2)[K],(#g2~#g1.#c2~#f2)[K],(#g2~#g1.#c2~#f2)[K],(#c3~#c2.#f2~#g2)[K],(#c3~#c2.#f2~#g2)[K];(#f3~#f2.#g2~#c3)[K],(#f3~#f2.#g2~#c3)[K],(#g3~#g2.#c3~#f3)[K],(#g3~#g2.#c3~#f3)[K],(#c4~#c3.#f3~#g3)[K],(#c4~#c3.#f3~#g3)[K];(f4~#f4~f4)[K],(#f4~f4~#f4)[K],(f4~#f4~f4)[K],(#f4~f4~#f4)[K],(f4~#f4~f4)[K],(#f4~f4~#f4)[K];(f4~#f4~f4)[K],(#f4~f4~#f4)[K],(f4~#f4~f4)[K],(#f4~f4~#f4)[K],(f4~#f4~f4~#d4~f4)[J],TU;(#F-2.#F-1)[L],(#A-2.#C-1)[L],(#F-2.#F-1)[L],(#F-2.#F-1)[L],(#C-1.#c)[L],(#F-1.#A-1)[L],(#C-1.#c)[L],(#C-1.#c)[L],(#A-2.#A-1)[L],(#C-1.#F-1)[L],(#A-2.#A-1)[L],(#A-2.#A-1)[L];(#F-2.#F-1)[L],(#A-2.#C-1)[L],(#F-2.#F-1)[L],(#F-2.#F-1)[L],(#c.#f.#a.#c1)[K],(#C-2.#C-1)[L],(#C-2.#C-1)[L],(D-2.D-1)[L],(#D-2.#D-1)[L],(E-2.E-1)[L],(F-2.F-1)[L];(#F-2.#F-1)[L],(#A-2.#C-1)[L],(#F-2.#F-1)[L],(#F-2.#F-1)[L],(#c.#f.#a.#c1)[K],(#C-1.#c)[L],(#C-1.#c)[L],(#A-2.#A-1)[L],(#C-1.#F-1)[L],(#A-2.#A-1)[L],(#A-2.#A-1)[L];(#F-2.#F-1)[L],(#A-2.#C-1)[L],(#F-2.#F-1)[L],(#F-2.#F-1)[L],(#c.#f.#a.#c1)[K],(#C-2.#C-1)[L],(#C-2.#C-1)[L],(D-2.D-1)[L],(#D-2.#D-1)[L],(E-2.E-1)[L],(F-2.F-1)[L];(#F-2.#F-1)[L],(#A-2.#C-1)[L],(#F-2.#F-1)[L],(#F-2.#F-1)[L],(#c.#f.#a.#c1)[K],(#C-1.#c)[L],(#C-1.#c)[L],(#A-2.#A-1)[L],(#C-1.#F-1)[L],(#A-2.#A-1)[L],(#A-2.#A-1)[L];(#D-1.#d)[L],(#F-1.#A-1)[L],(#D-1.#d)[L],(#D-1.#d)[L],(#c.#f.a.#c1)[K],(#C-1.#c)[L],(#C-1.#c)[L],(#G-1.#g)[L],(#A-1.#c)[L],(#G-1.#g)[L],(#G-1.#g)[L];(#F-2.#F-1)[L],(#A-1.#c)[L],(#F-1.#f)[L],(#F-1.#f)[L],(#c.#f.#a.#c1)[K],(B-1.b)[L],(B-1.b)[L],(#A-1.#a)[L],(#c.#f)[L],(#A-1.#a)[L],(#A-1.#a)[L];(#d.#d1)[L],(#c.#c1)[L],(#g.#g1)[L],(#f.#f1)[L],(b.b1)[L],(#a.#a1)[L],(#d1.#d2)[L],(#c1.#c2)[L],(#g1.#g2)[L],(#f1.#f2)[L],(#d1.#d2)[L],(#c1.#c2)[L];(#a.#a1)[L],(#g.#g1)[L],(#f.#f1)[L],(#d.#d1)[L],(#c.#c1)[L],(#A-1.#a)[L],(#G-1.#g)[L],(#F-1.#f)[L],(#D-1.#d)[L],(#C-1.#c)[L],(#A-2.#A-1)[L],(#G-2.#G-1)[L];(#F-2.#F-1)[K],T,(f@B-1@#G-1@#C-1)[K],T,(#F-1@#c@#f@#a)[K],T;(f1@b@#g@#c)[K],T,(#f@#c1@#f1@#a1)[K],T,(f2@b1@#g1@#c1)[K],T;(#F-2@#C-1@#F-1@#A-1)[K],RS;TUV,RSTU;(#F-2.#A-2.#C-1.#F-1)[IIIJ];","(#F-2.#F-1)[L],#c[L],#a[L],#c[L],(#A-2.#A-1)[L],#f[L],#c1[L],#f[L],(B-2.B-1)[L],#f[L],#d1[L],#f[L];(#C-1.#c)[L],(#g.b)[L],f1[L],(#g.b)[L],#c[L],(#g.b)[L],c1[L],(#c1.#c2)[L],e1[L],(f1.f2)[L],g1[L],(#g1.#g2)[L];(#A-1.#a)[L],f[L],#c1[L],f[L],(#C-1.#c)[L],#a[L],f1[L],#a[L],(#D-1.#d)[L],#a[L],#f1[L],#a[L];(F-1.f)[L],(c1.#d1)[L],a1[L],(c1.#d1)[L],f[L],(c1.#d1)[L],e1[L],(f1.f2)[L],#g1[L],(a1.a2)[L],b1[L],(c2.c3)[L];(#D-1.#d)[L],#a[L],#f1[L],#a[L],(#F-1.#f)[L],#d1[L],#a1[L],#d1[L],(#G-1.#g)[L],#d1[L],b1[L],#d1[L];(#A-1.#a)[L],f1[L],d2[L],f1[L],(#D-1.#d)[L],#a[L],#f1[L],#a[L],(#C-1.#c)[L],b[L],#g1[L],b[L];(#c.#c1)[L],#g1[L],f2[L],#g1[L],(#F-1.#f)[L],#c1[L],#a1[L],#c1[L],(F-1.f)[L],#d1[L],c2[L],#d1[L];(f.f1)[L],c2[L],a2[L],c2[L],(#A-1.#a)[L],f1[L],#c2[L],f1[L],(#G-1.#g)[L],#f1[L],#d2[L],#f1[L];T,(b2.#d3~#c3~f2)[K],T,(b1.#d2~#c2~f1)[K],T,(b.#d1~#c1~f)[K];#A-1[L],d[L],#D-1[L],#f[L],#C-1[L],f[L],#F-1[L],#a[L],F-1[L],a[L],#A-1[L],#c1[L];A-1[L],c1[L],#G-1[L],b[L],#F-1[L],#a[L],F-1[L],#g[L],E-1[L],g[L],#D-1[L],#f[L];(D-1.d)[K],T,(a1.#c2~c2~#f1)[K],T,T,(a.#c1~c1~#f)[K];(C-1.c)[K],T,(#d2.#g2~#f2~a1)[K],T,T,(#d1.#g1~#f1~a)[K];(#C-1.#c~#f.#f1~#c.#c1)[J],(#G-1.#g~#c.#c1~#G-1.#g)[J],(#F-1.#f~#G-1.#g~#F-1.#f)[J];(#C-1.#c~#F-1.#f~#C-1.#c)[J],(#G-2.#G-1~#C-1.#c~#G-2.#G-1)[J],(#F-2.#F-1~#G-2.#G-1~#F-2.#F-1)[J];(#C-2.#C-1~#G-2~B-2)[K],(F-1~#G-1~B-1)[K],(#C-1~#G-1~B-1)[K],(f~#g~b)[K],(#c~#g~b)[K],(f1~#g1~b1)[K];(#c1~#g1~b1)[K],(f2~#g2~b2)[K],(f3~#f3~f3)[K],(#f3~f3~#f3)[K],(f3~#f3~f3~#d3~f3)[J],TU;RS;RS;RS;RS;RS;RS;RS;RS;RS;RS;RS;RS;TUV,RSTU;RRRS;"]}]}