{"baseBpm":63,"musics":[{"bpm":63,"baseBeats":0.25,"scores":["mute[M],mute[M],mute[M],mute[M],mute[M],mute[M],mute[M],mute[M],mute[M],mute[M],mute[M],mute[M],mute[K],mute[M],mute[M],mute[M],mute[M],mute[K],mute[J],mute[M],mute[M],mute[M],mute[M],mute[M],mute[M],mute[M],mute[M],mute[M],mute[M],mute[M],mute[M],mute[K],mute[M],mute[M],mute[M],mute[M],mute[K],mute[KL],mute[M],mute[M],mute[M],mute[M],mute[M],mute[M],mute[M],mute[M],mute[M],mute[M],mute[M],mute[M],mute[M],mute[M],mute[L],mute[M],mute[M],mute[M],mute[M],mute[M],mute[M],mute[MOP],mute[MO],mute[MOP],mute[K],mute[M],mute[M],mute[M],mute[M],mute[M],mute[M],mute[M],mute[M],mute[M],mute[M],mute[M],mute[M],mute[LM],mute[M],mute[M],mute[M],mute[M],mute[M],mute[M],mute[M],mute[M],mute[M],mute[M],mute[M],mute[M],mute[M],mute[M],mute[M],mute[M],mute[M],mute[M],mute[M],mute[M],mute[M],mute[M],mute[M],mute[M],mute[M],mute[M],mute[M],mute[M],mute[M],mute[M],mute[M],mute[M],mute[M],mute[LM],mute[M],mute[M],mute[M],mute[M],mute[M],mute[M],mute[M],mute[M],mute[M],mute[LM],mute[M],mute[M],mute[M],mute[M],mute[M],mute[M],mute[M],mute[M],mute[MOP],mute[KLNP],mute[M],mute[M],mute[M],mute[M],mute[M],mute[M],mute[M],mute[M],mute[M],mute[M],mute[M],mute[M],mute[M],mute[M],mute[M],mute[M],mute[M],mute[K],mute[M],mute[M],mute[M],mute[M],mute[M],mute[M],mute[M],mute[M],mute[M],mute[M],mute[M],mute[M],mute[M],mute[M],mute[M],mute[M],mute[M],mute[M],mute[M],mute[M],mute[M],mute[M],mute[M],mute[M],mute[M],mute[M],mute[M],mute[M],mute[M],mute[M],mute[M],mute[M],mute[M],mute[M],mute[M],mute[M],mute[M],mute[M],mute[M],mute[M],mute[M],mute[M],mute[M],mute[M],mute[M],mute[M],mute[M],mute[M],mute[M],mute[M],mute[M],mute[M],mute[M],mute[M],mute[M],mute[M],mute[M],mute[M],mute[M],mute[M],mute[M],mute[M],mute[M],mute[M],mute[M],mute[M],mute[M],mute[M],mute[M],mute[M],mute[M],mute[M],mute[M],mute[M],mute[M],mute[M],mute[M],mute[M],mute[M],mute[M],mute[M],mute[M],mute[M];","#G-1[M],#d[M],#g[M],#d1[M],G-1[M],#d[M],#a[M],#d1[M],F-1[M],c[M],g[M],#g[M],c1[K],#D-1[M],#A-1[M],#d[M],g[M],#a[K],(c.f.#g)[J],#G-1[M],#d[M],#g[M],#d1[M],G-1[M],#d[M],#a[M],#d1[M],F-1[M],c[M],g[M],#g[M],c1[K],#D-1[M],#A-1[M],#d[M],g[M],#a[K],(c.c1)[KL],#g1[M],#a1[M],(#G-1.c2)[M],#d[M],(#g.c2)[M],#d1[M],(G-1.#a1)[M],#d[M],(#a.c2)[M],#d1[M],(F-1.#a1)[M],(c.#g1)[M],(g.g1)[M],(#g.f1)[M],c1[L],c1[M],f1[M],(#D-1.#d1)[M],#A-1[M],#d[M],(g.f1)[M],(#a.g1)[MOP],f1[MO],#d1[MOP],(c.f.#g.f1)[K],#g1[M],g1[M],f1[M],g1[M],(#C-1.f1)[M],#G-1[M],#c[M],f[M],#g[M],#c1[M],c1[M],#g[M],(#d.g)[LM],c1[M],#g1[M],g1[M],f1[M],g1[M],(F-1.f1)[M],c[M],g[M],#g[M],c1[M],g[M],#g[M],c1[M],F-1[M],c[M],g[M],#g[M],c1[M],g[M],(#g.#g1)[M],(g.#a1)[M],(#G-1.c2)[M],#d[M],(#g.c2)[M],#d1[M],(G-1.#a1)[M],#d[M],(#a.c2)[M],#d1[M],(F-1.#a1)[M],(c.c2)[M],(g.#d2)[M],(#g.#g1)[M],c1[LM],c2[M],(#D-1.#a1)[M],#A-1[M],(#d.#a1)[M],g[M],(#a.#a1)[M],#g1[M],g1[M],#g1[M],(c.f.#g)[LM],#g1[M],#g1[M],g1[M],f1[M],g1[M],(#C-1.#g1)[M],(#G-1.f1)[M],#c[M],f[M],#g[OP],f1[KLNP],c1[M],(F-1.g1)[M],(c.g1)[M],(f.f1)[M],(g.#d1)[M],(F-1.f1)[M],c[M],(g.g1)[M],(#g.f1)[M],c1[M],g[M],#g[M],c1[M],F-1[M],c[M],g[M],#g[M],#d1[K],c1[M],#g[M],#d[M],(c.#d1)[M],(c1.c2)[M],#g[M],(#d.#a1)[M],(c.#g1)[M],(#a.#a1)[M],g[M],(#d.c2)[M],(#A-1.#a1)[M],#a[M],(g.#d1)[M],#d[M],#A-1[M],#g[M],(f.#g1)[M],(c.f1)[M],(#G-1.g1)[M],(#g.#g1)[M],(f.f2)[M],(c.#d2)[M],(#G-1.#g1)[M],(#g.c2)[M],#d[M],c[M],#G-1[M],#g[M],(#d.c2)[M],(c.#a1)[M],(#G-1.c2)[M],(#g.#c2)[M],f[M],#c[M],#G-1[M],#g[M],f[M],#c[M],#G-1[M],(f.#a1)[M],#c[M],#A-1[M],(#G-1.c2)[M],f[M],#c[M],(#A-1.#c2)[M],#G-1[M],(e.c2)[M],c[M],G-1[M],E-1[M],e[M],c[M],G-1[M],E-1[M],e[M],c[M],G-1[M],(E-1.#g1)[M],(e.#a1)[M],(c.#d2)[M],G-1[M],(E-1.c2)[M],(#G-1.c2)[M],#d[M],#g[M],(c1.c2)[M],#d1[M],(c1.#c2)[M],(#g.#d2)[M],(#d.f2)[M],(#D-1.#a1)[M],#A-1[M],#d[M],(g.#a1)[M],#a[M],(g.#c2)[M],(#d.c2)[M],(#A-1.#a1)[M],(F-1.#g1)[M],c[M],f[M];"],"id":1,"instruments":["piano","piano"],"alternatives":["",""]},{"bpm":63,"baseBeats":0.25,"scores":["mute[M],mute[M],mute[M],mute[M],mute[M],mute[M],mute[M],mute[M],mute[M],mute[M],mute[M],mute[M],mute[M],mute[M],mute[M],mute[M],mute[M],mute[M],mute[M],mute[M],mute[M],mute[M],mute[M],mute[M],mute[M],mute[M],mute[M],mute[M],mute[M],mute[M],mute[M],mute[M],mute[M],mute[M],mute[M],mute[M],mute[M],mute[M],mute[M],mute[M],mute[M],mute[M],mute[M],mute[M],mute[M],mute[M],mute[M],mute[M],mute[M],mute[M],mute[M],mute[M],mute[M],mute[M],mute[M],mute[M],mute[M],mute[M],mute[M],mute[M],mute[M],mute[M],mute[M],mute[M],mute[M],mute[M],mute[M],mute[M],mute[M],mute[M],mute[M],mute[M],mute[M],mute[M],mute[M],mute[M],mute[M],mute[M],mute[M],mute[M],mute[M],mute[M],mute[M],mute[M],mute[M],mute[M],mute[M],mute[M],mute[M],mute[M],mute[M],mute[M],mute[M],mute[M],mute[M],mute[M],mute[M],mute[M],mute[M],mute[M],mute[M],mute[M],mute[M],mute[M],mute[M],mute[M],mute[M],mute[M],mute[MNP],mute[MOP],mute[L],mute[L],mute[L],mute[KL],mute[M],mute[M],mute[M],mute[M],mute[M],mute[M],mute[M],mute[M],mute[M],mute[M],mute[M],mute[M],mute[M],mute[M],mute[M],mute[M],mute[M],mute[M],mute[M],mute[M],mute[M],mute[M],mute[M],5<V>,5<V>,mute[M],mute[M],mute[M],mute[M],mute[M],mute[M],5<V>,5<V>,mute[M],mute[M],mute[M],mute[M],mute[M],mute[M],mute[M],mute[M],mute[M],mute[M],mute[M],mute[M],mute[M],mute[M],mute[M],5<V>,5<V>,mute[M],mute[M],mute[M],mute[M],mute[M],mute[M],mute[M],mute[M],mute[M],mute[M],mute[M],mute[M],mute[M],mute[M],mute[M],mute[M],mute[M],mute[M],mute[M],mute[M],mute[M],5<V>,5<V>,mute[M],mute[M],mute[M],mute[M],mute[M],mute[M],mute[M],mute[M],mute[M],mute[M],mute[M],mute[M],mute[M],mute[M],mute[M],mute[M],mute[M],mute[M],mute[M],mute[M],mute[M],mute[M],mute[M],mute[M],mute[M],mute[M],mute[M],mute[M],mute[M],mute[M];","(#g.c1)[M],c1[M],(#g.#a1)[M],(f.#g1)[M],(c.g1)[M],(#C-1.g1)[M],#G-1[M],(#c.f1)[M],f[M],#g[M],(f.g1)[M],(#c.g1)[M],(#G-1.f1)[M],(C-1.g1)[M],G-1[M],(c.#c2)[M],(e.c2)[M],(g.#a1)[M],e[M],(c.g1)[M],(G-1.#g1)[M],F-1[M],c[M],f[M],#g[M],c1[M],(#g.#g1)[M],(f.#a1)[M],(c.c2)[M],(#C-1.f2)[M],#G-1[M],#c[M],(f.c2)[M],(#g.#c2)[M],f[M],(#c.#d2)[M],(#G-1.c2)[M],#D-1[M],(#A-1.#a1)[M],#d[M],(g.#g1)[M],(#a.#a1)[M],(g.#d2)[M],#d[M],(#A-1.c2)[M],(#G-1.c2)[M],#d[M],#g[M],(c1.c2)[M],#d1[M],(c1.#c2)[M],(#g.#d2)[M],(#d.f2)[M],(#D-1.#a1)[M],#A-1[M],#d[M],(g.#a1)[M],#a[M],(g.#c2)[M],(#d.c2)[M],(#A-1.#a1)[M],(F-1.#g1)[M],c[M],f[M],(#g.c1)[M],c1[M],(#g.#a1)[M],(f.#g1)[M],(c.g1)[M],(#C-1.g1)[M],#G-1[M],(#c.f1)[M],f[M],#g[M],(f.g1)[M],(#c.g1)[M],(#G-1.f1)[M],(C-1.g1)[M],G-1[M],(c.#c2)[M],(e.c2)[M],(g.#a1)[M],e[M],(c.c2)[M],(G-1.#a1)[M],F-1[M],(c.#g1)[M],f[M],#g[M],c1[M],(#g.#g1)[M],(f.#a1)[M],(c.c2)[M],(#C-1.f2)[M],#G-1[M],#c[M],(f.#d2)[M],(#g.c2)[M],f[M],(#c.#g1)[M],(#G-1.#a1)[M],#D-1[M],#A-1[M],#d[M],g[M],#a[M],g[M],(#d.#g1)[M],#A-1[M],(#G-1.c1)[OP],#d1[O],#g1[MOP],#d[L],c1[L],#d[L],(#G-1.#d.#g)[KL],#a1[M],c2[M],(#a.e2)[M],(g.g2)[M],(e.e2)[M],c[M],#a[M],g[M],(e.e2)[M],(c.f2)[NO],f2[O],(#a.g2)[M],g[M],e[M],c[M],(#a.d2)[M],g[M],(e.e2)[M],c[NO],#d2[O],(#g.f2)[M],f[M],#c[M],#G-1[M],#g[M],f[OP],g2[NP],#c[NP],#g2[OP],#G-1[M],(#g.f2)[M],f[M],#c[M],#G-1[M],#g[M],f[OP],#d2[NP],#c[NP],f2[OP],#G-1[NO],f2[O],(g.g2)[M],#d[M],(#A-1.g2)[M],(G-1.g2)[M],(g.g2)[M],#d[M],(#A-1.f2)[M],G-1[M],(g.#d2)[M],(#d.f2)[M],(#A-1.#d2)[M],G-1[M],g[M],#d[M],(#A-1.#g1)[NP],c2[OP],G-1[OP],#d2[NP],(f.f2)[M],#c[M],#G-1[M],F-1[M],f[M],#c[M],#G-1[M],(F-1.#d2)[M],(f.f2)[M],(#c.#g2)[M],(#G-1.b2)[M],(F-1.d3)[M],(f.b2)[M],(#c.#g2)[M],(#G-1.f2)[M],(F-1.g2)[M],(g.#d2)[M],#d[M],#A-1[M],G-1[M],(g.f2)[M],#d[OP],g2[NP],#A-1[NP],#g2[OP],G-1[NO],f2[O],(g.g2)[M],#d[M],#A-1[M],G-1[M],g[NO],#d2[O],(#d.f2)[M],#A-1[M],(G-1.#d2)[M],(c1.#d2)[M],#g[M],#d[M],(c.#d1)[M],(c1.c2)[M],#g[M],(#d.#a1)[M],(c.#g1)[M],(#a.#a1)[M],g[M],(#d.c2)[M],(#A-1.#a1)[M],#a[M],(g.#d1)[M],#d[M],#A-1[M],#g[M],(f.#g1)[M],(c.f1)[M],(#G-1.g1)[M],(#g.#g1)[M];"],"id":2,"instruments":["piano","piano"],"alternatives":["",""]},{"bpm":63,"baseBeats":0.25,"scores":["mute[M],mute[M],mute[M],mute[M],mute[M],mute[M],mute[M],mute[M],mute[M],mute[M],mute[M],mute[M],mute[M],mute[M],mute[M],mute[M],mute[M],mute[M],mute[M],mute[M],mute[M],mute[M],mute[M],mute[M],mute[M],mute[M],mute[M],mute[M],mute[M],mute[M],mute[M],mute[M],mute[M],mute[M],mute[M],mute[M],mute[M],mute[M],mute[M],mute[M],mute[M],mute[M],mute[M],mute[M],mute[M],mute[M],mute[M],mute[M],mute[M],mute[M],mute[M],mute[M],mute[M],mute[M],mute[M],mute[M],mute[M],mute[M],mute[M],mute[M],mute[M],mute[M],mute[M],mute[M],mute[M],mute[M],mute[M],mute[M],mute[M],mute[M],mute[M],mute[M],mute[M],mute[M],mute[M],mute[M],mute[M],mute[M],mute[M],mute[M],mute[M],mute[M],mute[M],mute[M],mute[M],mute[M],mute[M],mute[M],mute[M],mute[M],mute[M],mute[M],mute[M],mute[M],mute[M],mute[M],mute[M],mute[M],mute[M],mute[M],mute[M],mute[M],mute[M],mute[M],mute[M],mute[M],mute[M],mute[M],mute[M],mute[M],mute[M],mute[M],mute[M],mute[M],mute[M],mute[M],mute[M],mute[M],mute[M],mute[M],mute[M],mute[M],mute[M],mute[M],mute[M],mute[M],mute[M],mute[M],mute[M],mute[M],mute[M],mute[M],mute[M],mute[M],mute[M],mute[M],mute[M],mute[M],mute[M],mute[M],mute[M],mute[M],mute[M],mute[M],mute[M],mute[M],mute[M],mute[M],mute[M],mute[M],mute[M],mute[M],mute[M],mute[M],mute[M],mute[M],mute[M],mute[M],mute[M],mute[M],mute[M],mute[M],mute[M],mute[M],mute[M],mute[M],mute[M],mute[M],mute[M],mute[M],mute[M],5<V>,mute[M],mute[M],mute[M],mute[M],mute[M],mute[M],mute[MNP],mute[JKMOP],mute[M],mute[M],mute[M],mute[M],mute[M],mute[M],mute[M],mute[M],mute[M],mute[M],mute[M],mute[M],mute[M],mute[M],mute[LM],mute[M],mute[M],mute[M],mute[M],mute[M],mute[M],mute[M],mute[M],mute[M],mute[LM],mute[M],mute[M],mute[M],mute[M],mute[M],mute[M],mute[M],mute[M],mute[MOP],mute[KLNP],mute[M],mute[M],mute[M],mute[M],mute[M],mute[L],mute[L],mute[L],mute[M],5<V>,mute[L],mute[L],mute[MNP],5<V>,mute[MOP],mute[L],mute[L],mute[L],mute[L],mute[M],mute[M],mute[M],mute[M],mute[M],mute[M],mute[M],mute[M],mute[L],mute[L],mute[L],mute[M],5<V>,mute[L],mute[L],mute[L],mute[LNP],mute[HKLMOP];","(f.f2)[M],(c.#d2)[M],(#G-1.#g1)[M],(#g.c2)[M],#d[M],c[M],#G-1[M],#g[M],(#d.c2)[M],(c.#a1)[M],(#G-1.c2)[M],(#g.#c2)[M],f[M],#c[M],#G-1[M],#g[M],f[M],#c[M],#G-1[M],(f.#a1)[M],#c[M],#A-1[M],(#G-1.c2)[M],f[M],#c[M],(#A-1.#c2)[M],#G-1[M],(e.c2)[M],c[M],G-1[M],E-1[M],e[M],c[M],G-1[M],E-1[M],e[M],c[M],G-1[M],(E-1.#g1.#g2)[M],(e.#a1.#a2)[M],(c.#d2.#d3)[M],G-1[M],(E-1.c2.c3)[M],(#G-1.c2.c3)[M],#d[M],#g[M],(c1.c2.c3)[M],#d1[M],(c1.#c2.#c3)[M],(#g.#d2.#d3)[M],(#d.f2.f3)[M],(#D-1.#a1.#a2)[M],#A-1[M],#d[M],(g.#a1.#a2)[M],#a[M],(g.#c2.#c3)[M],(#d.c2.c3)[M],(#A-1.#a1.#a2)[M],(F-1.#g1.#g2)[M],c[M],f[M],(#g.c1.c2)[M],c1[M],(#g.g1.#a1)[M],(f.#d1.#g1)[M],(c.#d1.g1)[M],(#C-1.#c1.g1)[M],#G-1[M],(#c.#c1.f1)[M],f[M],#g[M],(f.g1.g2)[M],(#c.g1.g2)[M],(#G-1.f1.f2)[M],(C-1.g1.g2)[M],G-1[M],(c.#c2.#c3)[M],(e.c2.c3)[M],(g.#a1.#a2)[M],e[M],(c.g1.g2)[M],(G-1.#g1.#g2)[M],F-1[M],c[M],f[M],#g[M],c1[M],(#g.f1.#g1)[M],(f.f1.#a1)[M],(c.#g1.c2)[M],(#C-1.#c2.f2)[M],#G-1[M],#c[M],(f.#g1.c2)[M],(#g.#g1.#c2)[M],f[M],(#c.c2.#d2)[M],(#G-1.#g1.c2)[M],#D-1[M],(#A-1.g1.#a1)[M],#d[M],(g.#g1.#g2)[M],(#a.#a1.#a2)[M],(g.#d2.#d3)[M],#d[M],(#A-1.c2.c3)[M],(#G-1.c2.c3)[M],#d[M],#g[M],(c1.c2.c3)[M],#d1[M],(c1.#c2.#c3)[M],(#g.#d2.#d3)[M],(#d.f2.f3)[M],(#D-1.#a1.#a2)[M],#A-1[M],#d[M],(g.#a1.#a2)[M],#a[M],(g.#c2.#c3)[M],(#d.c2.c3)[M],(#A-1.#a1.#a2)[M],(F-1.#g1.#g2)[M],c[M],f[M],(#g.c1.c2)[M],c1[M],(#g.g1.#a1)[M],(f.#d1.#g1)[M],(c.#d1.g1)[M],(#C-1.#c1.g1)[M],#G-1[M],(#c.#c1.f1)[M],f[M],#g[M],(f.g1.g2)[M],(#c.g1.g2)[M],(#G-1.f1.f2)[M],(C-1.g1.g2)[M],G-1[M],(c.#c2.#c3)[M],(e.c2.c3)[M],(g.#a1.#a2)[M],e[M],(c.c2.c3)[M],(G-1.#a1.#a2)[M],F-1[M],(c.#g1.#g2)[M],f[M],#g[M],c1[M],(#g.f1.#g1)[M],(f.f1.#a1)[M],(c.#g1.c2)[M],(#C-1.#c2.f2)[M],#G-1[M],#c[M],(f.#g1.#d2)[M],(#g.#g1.c2)[M],f[M],(#c.f1.#g1)[M],(#G-1.f1.#a1)[M],#D-1[M],#A-1[M],#d[M],g[M],#a[M],g[M],(#d.#g1.#g2)[M],#A-1[M],(#G-1.#g1)[OP],#d2[O],#g2[OP],#d[M],#g[M],#d[M],c1[M],#d[M],#g[M],#d[M],#G-1[OP],#d[O],#g[JKMOP],#g2[M],#a2[M],(#g.c3)[M],#d1[M],(#g1.c3)[M],#d2[M],(g.#a2)[M],#d1[M],(#a1.c3)[M],#d2[M],(f.#a2)[M],(c1.c3)[M],(g1.#d3)[M],(#g1.#g2)[M],c2[LM],c3[M],(#d.#a2)[M],#a[M],(#d1.#a2)[M],g1[M],(#a1.#a2)[M],#g2[M],g2[M],#g2[M],(c1.f1.#g1)[LM],#g2[M],#g2[M],g2[M],f2[M],g2[M],(#c.f2)[M],#g[M],#c1[M],f1[M],#g1[OP],f2[KLNP],#d2[M],(#a.#a1.c3)[M],#a2[M],#g2[M],#a2[M],(#G-1.#g2)[L],#d[L],#g[L],#d[M],g1[N],#g1[N],(#D-1.#a1)[L],#A-1[L],(#d.#g1)[MOP],g1[NP],#A-1[NP],#d1[MOP],(F-1.f1)[L],c[L],f[L],c[L],#D-1[M],c1[M],(#A-1.f1)[M],c1[M],(#d.g1)[M],c1[M],(#A-1.g1)[M],#g1[M],(#C-1.#g1)[L],#G-1[L],#c[L],#G-1[M],g1[N],#g1[N],(#D-1.#a1)[L],#A-1[L],(#d.#g1)[L],(#A-1.g1)[L],(#G-1.#d.c1)[OP],#d1[O],#g1[HKLMOP];"],"id":3,"instruments":["piano","piano"],"alternatives":["",""]}],"audition":{"start":[0,0],"end":[2,261]}}