{"baseBpm":1500,"musics":[{"bpm":1500,"baseBeats":0.25,"scores":["mute[HHHHHHHHHHHH],mute[K],mute[K],mute[K],mute[K],mute[K],mute[K],mute[K],mute[K],mute[K],mute[K],mute[K],mute[K],mute[K],mute[K],mute[K],mute[K],mute[K],mute[K],mute[K],mute[K],mute[K],mute[K],mute[K],mute[K],mute[K],mute[K],mute[K],mute[K],mute[K],mute[K],mute[K],mute[K],mute[K],mute[K],mute[K],mute[K],mute[K],mute[K],mute[K],mute[K],mute[K],mute[K],mute[K],mute[K],mute[K],mute[K],mute[K],mute[K],mute[K],mute[K],mute[K],mute[K],mute[K],mute[K],mute[K],mute[K],mute[K],mute[K],mute[K],mute[K],mute[K],mute[K],mute[K],mute[K],mute[K],mute[K],mute[K],mute[K],mute[K],mute[K],mute[K],mute[K],mute[K],mute[K],mute[K],mute[K],mute[K],mute[K],mute[K],mute[K],mute[K],mute[K],mute[K],mute[K],mute[K],mute[K],mute[K],mute[K],mute[K],mute[K],mute[K],mute[K],mute[K],mute[K],mute[K],mute[K],mute[K],mute[K],mute[K],mute[K],mute[K],mute[K],mute[K],mute[K],mute[K],mute[K],mute[K],mute[K],mute[K],mute[K],mute[K],mute[K],mute[K],mute[K],mute[K],mute[K],mute[K],mute[K],mute[K],mute[K],mute[K],mute[K],mute[K],mute[K],mute[K],mute[K],mute[K],mute[K],mute[K],mute[K],mute[K],mute[K],mute[K],mute[K],mute[K],mute[K],mute[K],mute[K],mute[K],mute[K],mute[K],mute[K],mute[K],mute[K],mute[K],mute[K],mute[K],mute[K],mute[K],mute[K],mute[K],mute[K],mute[K],mute[K],mute[K],mute[K],mute[K],mute[K],mute[K],mute[K],mute[K],mute[K],mute[K],mute[K],mute[K],mute[K],mute[K],mute[K],mute[K],mute[K],mute[K],mute[K],mute[K],mute[K],mute[K],mute[K],mute[K],mute[K],mute[K],mute[K],mute[K],mute[K],mute[K],mute[K];","c1[HHHHHHHHHHHH],c2[K],d2[K],e2[K],f2[K],g2[K],a2[K],b2[K],c3[K],b2[K],a2[K],g2[K],f2[K],e2[K],d2[K],c2[K],d2[K],e2[K],f2[K],g2[K],a2[K],b2[K],c3[K],b2[K],a2[K],g2[K],f2[K],e2[K],d2[K],c2[K],d2[K],e2[K],f2[K],g2[K],a2[K],b2[K],c3[K],b2[K],a2[K],g2[K],f2[K],e2[K],d2[K],c2[K],d2[K],e2[K],f2[K],g2[K],a2[K],b2[K],c3[K],b2[K],a2[K],g2[K],f2[K],e2[K],d2[K],c2[K],d2[K],e2[K],f2[K],g2[K],a2[K],b2[K],c3[K],b2[K],a2[K],g2[K],f2[K],e2[K],d2[K],c2[K],d2[K],e2[K],f2[K],g2[K],a2[K],b2[K],c3[K],b2[K],a2[K],g2[K],f2[K],e2[K],d2[K],c2[K],d2[K],e2[K],f2[K],g2[K],a2[K],b2[K],c3[K],b2[K],a2[K],g2[K],f2[K],e2[K],d2[K],c2[K],d2[K],e2[K],f2[K],g2[K],a2[K],b2[K],c3[K],b2[K],a2[K],g2[K],f2[K],e2[K],d2[K],c2[K],d2[K],e2[K],f2[K],g2[K],a2[K],b2[K],c3[K],b2[K],a2[K],g2[K],f2[K],e2[K],d2[K],c2[K],d2[K],e2[K],f2[K],g2[K],a2[K],b2[K],c3[K],b2[K],a2[K],g2[K],f2[K],e2[K],d2[K],c2[K],d2[K],e2[K],f2[K],g2[K],a2[K],b2[K],c3[K],b2[K],a2[K],g2[K],f2[K],e2[K],d2[K],c2[K],d2[K],e2[K],f2[K],g2[K],a2[K],b2[K],c3[K],b2[K],a2[K],g2[K],f2[K],e2[K],d2[K],c2[K],d2[K],e2[K],f2[K],g2[K],a2[K],b2[K],c3[K],b2[K],a2[K],g2[K],f2[K],e2[K],d2[K],c2[K],d2[K];"],"id":1,"instruments":["piano","piano"],"alternatives":["",""]},{"bpm":1500,"baseBeats":0.25,"scores":["mute[K],mute[K],mute[K],mute[K],mute[K],mute[K],mute[K],mute[K],mute[K],mute[K],mute[K],mute[K],mute[K],mute[K],mute[K],mute[K],mute[K],mute[K],mute[K],mute[K],mute[K],mute[K],mute[K],mute[K],mute[K],mute[K],mute[K],mute[K],mute[K],mute[K],mute[K],mute[K],mute[K],mute[K],mute[K],mute[K],mute[K],mute[K],mute[K],mute[K],mute[K],mute[K],mute[K],mute[K],mute[K],mute[K],mute[K],mute[K],mute[K],mute[K],mute[K],mute[K],mute[K],mute[K],mute[I],mute[M],mute[M],mute[M],mute[M],mute[M],mute[M],mute[M],mute[M],mute[M],mute[M],mute[M],mute[M],mute[M],mute[M],mute[M],mute[M],mute[M],mute[M],mute[M],mute[M],mute[M],mute[M],mute[M],mute[M],mute[M],mute[M],mute[M],mute[M],mute[M],mute[M],mute[M],mute[M],mute[M],mute[M],mute[M],mute[M],mute[M],mute[M],mute[M],mute[M],mute[M],mute[M],mute[M],mute[M],mute[M],mute[M],mute[M],mute[M],mute[M],mute[M],mute[M],mute[M],mute[M],mute[M],mute[M],mute[M],mute[M],mute[M],mute[M],mute[M],mute[M],mute[M],mute[M],mute[M],mute[M],mute[M],mute[M],mute[M],mute[M],mute[M],mute[M],mute[M],mute[M],mute[M],mute[M],mute[M],mute[M],mute[M],mute[M],mute[M],mute[M],mute[M],mute[M],mute[M],mute[M],mute[M],mute[M],mute[M],mute[M],mute[M],mute[M],mute[M],mute[M],mute[M],mute[M],mute[M],mute[M],mute[M],mute[M],mute[M],mute[M],mute[M],mute[M],mute[M],mute[M],mute[I],mute[I],mute[I],mute[I],mute[I],mute[I],mute[I],mute[I],mute[I],mute[I],mute[I],mute[I],mute[I],mute[I],mute[I],mute[I],mute[I],mute[I],mute[I],mute[I],mute[I],mute[I],mute[I],mute[I],mute[I];","e2[K],f2[K],g2[K],a2[K],b2[K],c3[K],b2[K],a2[K],g2[K],f2[K],e2[K],d2[K],c2[K],d2[K],e2[K],f2[K],g2[K],a2[K],b2[K],c3[K],b2[K],a2[K],g2[K],f2[K],e2[K],d2[K],c2[K],d2[K],e2[K],f2[K],g2[K],a2[K],b2[K],c3[K],b2[K],a2[K],g2[K],f2[K],e2[K],d2[K],c2[K],d2[K],e2[K],f2[K],g2[K],a2[K],b2[K],c3[K],b2[K],a2[K],g2[K],f2[K],e2[K],d2[K],c2[I],5<(c.e.g)[M]>,5<(c.e.g)[M]>,5<(c.e.g)[M]>,5<(c.e.g)[M]>,5<(c.e.g)[M]>,5<(c.e.g)[M]>,5<(c.e.g)[M]>,5<(c.e.g)[M]>,5<(c.e.g)[M]>,5<(c.e.g)[M]>,5<(c.e.g)[M]>,5<(c.e.g)[M]>,5<(c.e.g)[M]>,5<(c.e.g)[M]>,5<(c.e.g)[M]>,5<(c.e.g)[M]>,5<(c.e.g)[M]>,5<(c.e.g)[M]>,5<(c.e.g)[M]>,5<(c.e.g)[M]>,5<(c.e.g)[M]>,5<(c.e.g)[M]>,5<(c.e.g)[M]>,5<(c.e.g)[M]>,5<(c.e.g)[M]>,5<(c.e.g)[M]>,5<(c.e.g)[M]>,5<(c.e.g)[M]>,5<(c.e.g)[M]>,5<(c.e.g)[M]>,5<(c.e.g)[M]>,5<(c.e.g)[M]>,5<(c.e.g)[M]>,5<(c.e.g)[M]>,5<(c.e.g)[M]>,5<(c.e.g)[M]>,5<(c.e.g)[M]>,5<(c.e.g)[M]>,5<(c.e.g)[M]>,5<(c.e.g)[M]>,5<(c.e.g)[M]>,5<(c.e.g)[M]>,5<(c.e.g)[M]>,5<(c.e.g)[M]>,5<(c.e.g)[M]>,5<(c.e.g)[M]>,5<(c.e.g)[M]>,5<(c.e.g)[M]>,5<(c.e.g)[M]>,5<(c.e.g)[M]>,5<(c.e.g)[M]>,5<(c.e.g)[M]>,5<(c.e.g)[M]>,5<(c.e.g)[M]>,5<(c.e.g)[M]>,5<(c.e.g)[M]>,5<(c.e.g)[M]>,5<(c.e.g)[M]>,5<(c.e.g)[M]>,5<(c.e.g)[M]>,5<(c.e.g)[M]>,5<(c.e.g)[M]>,5<(c.e.g)[M]>,5<(c.e.g)[M]>,5<(c.e.g)[M]>,5<(c.e.g)[M]>,5<(c.e.g)[M]>,5<(c.e.g)[M]>,5<(c.e.g)[M]>,5<(c.e.g)[M]>,5<(c.e.g)[M]>,5<(c.e.g)[M]>,5<(c.e.g)[M]>,5<(c.e.g)[M]>,5<(c.e.g)[M]>,5<(c.e.g)[M]>,5<(c.e.g)[M]>,5<(c.e.g)[M]>,5<(c.e.g)[M]>,5<(c.e.g)[M]>,5<(c.e.g)[M]>,5<(c.e.g)[M]>,5<(c.e.g)[M]>,5<(c.e.g)[M]>,5<(c.e.g)[M]>,5<(c.e.g)[M]>,5<(c.e.g)[M]>,5<(c.e.g)[M]>,5<(c.e.g)[M]>,5<(c.e.g)[M]>,5<(c.e.g)[M]>,5<(c.e.g)[M]>,5<(c.e.g)[M]>,5<(c.e.g)[M]>,5<(c.e.g)[M]>,5<(c.e.g)[M]>,5<(c.e.g)[M]>,5<(c.e.g)[M]>,5<(c.e.g)[M]>,5<(c.e.g)[M]>,5<(c.e.g)[M]>,5<(c.e.g)[M]>,5<(c.e.g)[M]>,5<(c.e.g)[M]>,5<(c.e.g)[M]>,a1[I],a1[I],a1[I],a1[I],a1[I],a1[I],a1[I],a1[I],a1[I],a1[I],a1[I],a1[I],a1[I],a1[I],a1[I],a1[I],a1[I],a1[I],a1[I],a1[I],a1[I],a1[I],a1[I],a1[I],a1[I];"],"id":2,"instruments":["piano","piano"],"alternatives":["",""]},{"bpm":1500,"baseBeats":0.25,"scores":["mute[I],mute[I],mute[I],mute[I],mute[I],mute[I],mute[I],mute[I],mute[I],mute[I],mute[I],mute[I],mute[I],mute[I],mute[I],mute[I],mute[I],mute[I],mute[I],mute[I],mute[I],mute[I],mute[I],mute[I],mute[I],mute[I],mute[I],mute[I],mute[I],mute[I],mute[I],mute[I],mute[I],mute[I],mute[I],mute[I],mute[I],mute[I],mute[I],mute[I],mute[I],mute[I],mute[I],mute[I],mute[I],mute[I],mute[I],mute[I],mute[I],mute[I],mute[I],mute[I],mute[I],mute[I],mute[I],mute[I],mute[I],mute[I],mute[I],mute[I],mute[I],mute[I],mute[I],mute[I],mute[I],mute[I],mute[I],mute[I],mute[I],mute[I],mute[I],mute[I],mute[I],mute[I],mute[I],mute[I],mute[I],mute[I],mute[I],mute[I],mute[I],mute[I],mute[I],mute[I],mute[I],mute[I],mute[I],mute[I],mute[I],mute[I],mute[I],mute[I],mute[I],mute[I],mute[I],mute[I],mute[I],mute[I],mute[I],mute[I],mute[I],mute[I],mute[I],mute[I],mute[I],mute[I],mute[I],mute[I],mute[I],mute[I],mute[I],mute[I],mute[I],mute[I],mute[I],mute[I],mute[I],mute[I],mute[I],mute[I],mute[I],mute[I],mute[I],mute[I],mute[I],mute[I],mute[I],mute[I],mute[I],mute[I],mute[I],mute[I],mute[I],mute[I],mute[I],mute[I],mute[I],mute[I],mute[I],mute[I],mute[I],mute[I],mute[I],mute[I],mute[I],mute[I],mute[I],mute[I],mute[I],mute[I],mute[I],mute[I],mute[I],mute[I],mute[I],mute[I],mute[I],mute[I],mute[I],mute[I],mute[I],mute[I],mute[I],mute[I],mute[I],mute[I],mute[I],mute[I],mute[I],mute[I],mute[I],mute[I],mute[I],mute[I],mute[I],mute[I],mute[I],mute[I],mute[I],mute[I],mute[I],mute[I],mute[I],mute[I],mute[I],mute[I],mute[I],mute[I],mute[I],mute[I],mute[I],mute[I],mute[I],mute[I],mute[I],mute[I],mute[I],mute[I],mute[I],mute[I],mute[I],mute[I],mute[I],mute[I],mute[I],mute[I],mute[I],mute[I],mute[HHHHHHH];","a1[I],a1[I],a1[I],a1[I],a1[I],a1[I],a1[I],a1[I],a1[I],a1[I],a1[I],a1[I],a1[I],a1[I],a1[I],a1[I],a1[I],a1[I],a1[I],a1[I],a1[I],a1[I],a1[I],a1[I],a1[I],a1[I],a1[I],a1[I],a1[I],a1[I],a1[I],a1[I],a1[I],a1[I],a1[I],a1[I],a1[I],a1[I],a1[I],a1[I],a1[I],a1[I],a1[I],a1[I],a1[I],a1[I],a1[I],a1[I],a1[I],a1[I],a1[I],a1[I],a1[I],a1[I],a1[I],a1[I],a1[I],a1[I],a1[I],a1[I],a1[I],a1[I],a1[I],a1[I],a1[I],a1[I],a1[I],a1[I],a1[I],a1[I],a1[I],a1[I],a1[I],a1[I],a1[I],a1[I],a1[I],a1[I],a1[I],a1[I],a1[I],a1[I],a1[I],a1[I],a1[I],a1[I],a1[I],a1[I],a1[I],a1[I],a1[I],a1[I],a1[I],a1[I],a1[I],a1[I],a1[I],a1[I],a1[I],a1[I],a1[I],a1[I],a1[I],a1[I],a1[I],a1[I],a1[I],a1[I],a1[I],a1[I],a1[I],a1[I],a1[I],a1[I],a1[I],a1[I],a1[I],a1[I],a1[I],a1[I],a1[I],a1[I],a1[I],a1[I],a1[I],a1[I],a1[I],a1[I],a1[I],a1[I],a1[I],a1[I],a1[I],a1[I],a1[I],a1[I],a1[I],a1[I],a1[I],a1[I],a1[I],a1[I],a1[I],a1[I],a1[I],a1[I],a1[I],a1[I],a1[I],a1[I],a1[I],a1[I],a1[I],a1[I],a1[I],a1[I],a1[I],a1[I],a1[I],a1[I],a1[I],a1[I],a1[I],a1[I],a1[I],a1[I],a1[I],a1[I],a1[I],a1[I],a1[I],a1[I],a1[I],a1[I],a1[I],a1[I],a1[I],a1[I],a1[I],a1[I],a1[I],a1[I],a1[I],a1[I],a1[I],a1[I],a1[I],a1[I],a1[I],a1[I],a1[I],a1[I],a1[I],a1[I],a1[I],a1[I],a1[I],a1[I],a1[I],a1[I],a1[I],a1[I],a1[I],a1[I],a1[I],a1[I],a1[I],a1[I],a1[HHHHHHH];"],"id":3,"instruments":["piano","piano"],"alternatives":["",""]}]}