{"baseBpm":112,"musics":[{"bpm":160,"baseBeats":0.25,"scores":["(E-2.E-1)[LM],8<(#F-2.#F-1~#G-2.#G-1)[M]>,(A-2.A-1)[L],(a.c1.e1)[L],(C-1.c)[L],(a.c1.e1)[L],(B-1.B-2)[L],(#f.b.#d1)[L],(#F-2.#F-1)[L],(#f.b.#d1)[L],(F-2.F-1)[L],(a.f.d1)[L],(D-2.D-1)[L],(f.a.d1)[L],(A-2.A-1)[L],(G-2.G-1.e.g.c1)[L],(F-2.F-1)[L];(E-2.E-1.e.g.c1)[L],(D-2.D-1)[L],(f.a.d1)[L],(F-1.F-2)[L],(f.a.d1)[L],(A-2.A-1)[L],(e.a.c1)[L],(E-1.E-2)[L],(e.a.c1)[L],(#D-2.#D-1)[L],(#f.#d.b)[L],(B-3.B-2)[L],(#d.#f.b)[L];(E-1.E-2.#g.b.e1)[L],U,E-2[LM],8<(#F-2~#G-2)[M]>,(A-2.e1)[L],(a1.A-1)[L],(c2.C-1)[L],(e2.c)[L],(B-2.#d2)[L],B-1[L],(#F-2.b1)[L];(#F-1.#d2)[L],(d2.F-2)[L],F-1[L],(D-2.#a1)[L],(d2.D-1)[L],(A-2.c2)[L],G-2[L],(F-2.a1)[L],E-2[L],(D-2.f1)[L],(D-1.a1)[L],(F-2.d1)[L],(f1.F-1)[L],(e1.A-2)[L];(A-1.a1)[L],(E-2.c1)[L],(e1.E-1)[L],(B-2.#d1)[L],(B-1.b)[L],(#c1.#F-2)[L],(#F-1.#d1)[L],(E-1.e1)[L],D-1[L],(C-1.e2.#g1)[L];B-2[L],(A-2.e1)[L],(a1.A-1)[L],(c2.C-1)[L],(e2.c)[L],(B-2.#d2)[L],B-1[L],(#F-2.b1)[L],(#F-1.#d2)[L],(d2.F-2)[L],F-1[L],(D-2.#a1)[L],(d2.D-1)[L],(A-2.c2)[L],G-2[L],(F-2.a1)[L],E-2[L],(D-2.f1)[L],(D-1.a1)[L],(F-2.d1)[L],(f1.F-1)[L],(e1.A-2)[L],(A-1.a1)[L],(C-1.c1)[L],(c.a1)[L],(#g1.E-1)[L],(D-1.e1)[L],(#f1.C-1)[L],(#g1.B-2)[L],(A-1.A-2.a1)[L],U,(c2.a2.A-3.A-2)[L],U,(A-2)[L],(D-1.d1.f1.a1)[L],F-1[L],(A-1.d1.f1.a1)[L],(#G-1)[L],(b.e1.#g1)[L],E-1[L];(#G-1.b.e1.#g1)[L];G-1[L],(#a.#d1.g1)[L],(#D-1)[L],(G-1.#a.#d1.g1)[L],F-1[L],(a.f1.d1)[L],D-1[L],(a.d1.f1)[L],#A-2[L],(D-1.#a.d1.g1)[L],G-2[L];(#A-2.#a.d1.g1)[L],A-2[L],(D-1.a.d1.f1)[L],F-2[L],(a.f1.d1.A-2)[L],#G-2[L],(E-2.#g.b.e1)[L],#F-2[L],(#G-2.#g.b.e1)[L],(a.#c1.a1.A-2)[L],U,(a.A-3)[L],U,(A-2)[L];(D-1.d1.f1.a1)[L],F-1[L],(A-1.d1.f1.a1)[L],(#G-1)[L],(b.e1.#g1)[L],E-1[L],(#G-1.b.e1.#g1)[L],G-1[L],(#a.#d1.g1)[L],(#D-1)[L],(G-1.#a.#d1.g1)[L],F-1[L],(a.f1.d1)[L],D-1[L],(a.d1.f1)[L],#A-2[L],(D-1.#a.d1.g1)[L],G-2[L];(#A-2.#a.d1.g1)[L],A-2[L],(D-1.a.d1.f1)[L],F-2[L],(D-1.a.d1.f1)[L],#C-1[L],(A-2.a.e1.#c1)[L],B-2[L];(#C-1.a.e1.#c1)[L];(D-1.d1.a.f)[L],U,(D-2.D-1.f1.d1.d2)[L],U,(e3.c2)[L],(c3.a1)[L],(e1.e3)[L],(c3.a1)[L],(b1.#d3)[L],(#f1.b2)[L],(#d1.#d3)[L],(#f1.b2)[L],(a1.d3)[L],(f1.a2)[L],(d3.d1)[L],(f1.a2)[L],(a1.c3)[L],(e1.a2)[L],(c3.c1)[L],(e1.a2)[L],(a1.d3)[L],(f1.a2)[L],(d3.d1)[L],(a2.f1)[L],(a1.c3)[L],(e1.a2)[L],(c3.c1)[L],(a2.e1)[L],(#f1.b2)[L],(#f2.#d1)[L],(b.b2)[L],(#d1.#f2)[L],(e1.#g2)[L],(#g1.b2)[L],(b1.e3)[L],(e2)[L],(d2.f3)[L],(a1.d3)[L],(f3.f1)[L],(a1.d3)[L],(c2.e3)[L],(a1.c3)[L],(e1.e3)[L],(a1.c3)[L],(b1.d3)[L],(#g1.b2)[L],(e1.d3)[L],(#g1.b2)[L],(a1.c3)[L],(e1.a2)[L],(c1.c3)[L],(e1.a2)[L],(a1.d3)[L],(f1.a2)[L],(d1.d3)[L],(f1.a2)[L],(a1.c3)[L],(e1.a2)[L],(c3.c1)[L],(e1.a2)[L],(#g1.b2)[L],(e1.#g2)[L],(#g1.e3)[L],(b1.#g3)[L],(a1.a3)[L],U,a1[M],UV,"],"id":1,"instruments":["piano","piano"],"alternatives":["",""]},{"bpm":161,"baseBeats":0.25,"scores":["6<(a2.c3.e3)[L],(e2.a3)[L],(c4.a2.c3)[L],(e2.e4)[L],(#f2.b2.#d4)[L],#d2[L],(b3.b2.#f2)[L],(#d2.#d4)[L],(f2.#a2.d4)[L]>,d2[L],(#a2.f2.#a3)[L],(d2.d4)[L],(e2.a2.c4)[L],(c2)[L],(e2.a2.a3)[L],c2[L],(f2.a3.d4)[L],(a2.f3)[L],(d2.a3.d4)[L],(f3.f2)[L],(e2.a3.c4)[L],(a2.e3)[L],(a3.c4.c2)[L],(e2.e3)[L],(#d2.#f3.b3)[L],(b1.#d3)[L],(#c2.#f3.b3)[L],(#d2.#d3)[L],(e2.e3.#g3)[L],U,e1[L],U,(a2.c3.e3)[L],(e2.a3)[L],(c4.a2.c3)[L],(e2.e4)[L],(#f2.b2.#d4)[L],#d2[L],(b3.b2.#f2)[L],(#d2.#d4)[L],(f2.#a2.d4)[L],d2[L],(#a2.f2.#a3)[L],(d2.d4)[L],(e2.a2.c4)[L],(c2)[L],(e2.a2.a3)[L],c2[L],(f2.a3.d4)[L],(a2.f3)[L],(d2.a3.d4)[L],(f3.f2)[L],(e2.a3.c4)[L],(a2.e3)[L],(a3.c4.c2)[L],(a2.e3)[L],(#g2.#g3.b3)[L],(e3.e2)[L],(#f2.#g3.b3)[L],(#g2.e3)[L],(a2.a3.c4)[L],U,a1[L],U,(E-2.E-1)[L],(A-2.A-1.a.c1.e1)[L],(C-1.c)[L],(E-1.e.a.c1.e1)[L],(#D-1.#d)[L],(#f.b.#d1)[L],(B-2.B-1)[L],(#D-1.#d.#f.b.#d1)[L],(D-1.d)[L],(f.a.d1)[L],(#A-2.#A-1)[L],(D-1.d.f.a.d1)[L],(C-1.c)[L],(e.a.c1)[L],(A-2.A-1)[L],(e.a.c1)[L],(F-2.F-1)[L],(A-2.A-1.a.f.d1)[L],(D-2.D-1)[L],(F-2.F-1.f.a.d1)[L],(E-2.E-1)[L],(A-2.A-1.e.a.c1)[L],(C-2.C-1)[L],(E-2.E-1.e.a.c1)[L],(#D-1.#d)[L],(B-2.B-1.#f.#d.b)[L],(#C-2.#C-1)[L],(#D-2.#D-1.#f.#d.b)[L],(E-2.E-1.#g.b.e1)[L],U,E-2[L],U,(E-2.E-1)[L],(A-2.A-1.a1.c2.e2)[L],(C-1.c)[L],(E-1.e.c2.e2.a1)[L],(#D-1.#d)[L],(#f1.b1.#d2)[L],(B-2.B-1)[L],(#D-1.#d.#f1.b1.#d2)[L],(D-1.d)[L],(d2.f1.a1)[L],(#A-2.#A-1)[L],(D-1.d.d2.a1.f1)[L],(C-1.c)[L],(c2.a1.e1)[L],(A-2.A-1)[L],(c2.e1.a1)[L],(F-2.F-1)[L],(A-2.A-1.f1.a1.d2)[L],(D-2.D-1)[L],(F-2.F-1.f1.a1.d2)[L],(E-2.E-1)[L],(A-2.A-1.e1.a1.c2)[L],(C-2.C-1)[L],(A-2.e1.a1.c2.A-1)[L],(#G-1.#G-2)[L],(E-1.e1.E-2.#g1.b1)[L],(#F-2.#F-1)[L],(#G-1.#G-2.e1.b1.#g1)[L],(A-2.A-1.e1.a1.c2)[L],U,(A-3.A-2)[L],U,(G-1.d1)[L],(d.a1)[L],(#a.#a1)[L],(d.d2)[L],(G-1.#c2)[L],(#c.a1)[L],(e2.a)[L],(#c2.#c)[L],(G-1.d2)[L],(#a1.d)[L],(#a.g2)[L],(d2.d)[L],(G-1.e2)[L],#c[L],a[L],#c[L],(#A-1.f1)[L],(f.#a1)[L],(#c1.#c2)[L],(f2.f)[L],(#A-1.e2)[L],(f.c2)[L],(c1.g2)[L],(e.e2)[L],(#A-1.f2)[L],(f.#c2)[L],(#c1.#a2)[L],(f2.f)[L],(#A-1.g2)[L],e[L],c1[L],e[L],(#C-1.#g1)[L],(#c2.#G-1)[L],(e.e2)[L],(#G-1.#g2)[L],(#C-1.g2)[L],(G-1.#d2)[L],(#a2.#d)[L],(G-1.g2)[L],(#g2.#C-1)[L],(#G-1.e2)[L],(e.#c3)[L],(#g2.#G-1)[L],(#C-1.#a2)[L],G-1[L],#d[L],G-1[L],#g1[L],(#d2.#g2.c3)[L],#f1[L],(#d2.c3.#g2)[L],#d1[L],(#d2.c3.#g2)[L],c1[L],(#d2.c3.#g2)[L],(#G-1.#g)[L],(#d1.#f1.#g1.c2.#F-1.#f)[L],(#D-1.#d)[L],(C-1.c.#f1.#d1.#g1.c2)[L],(#c1.e1.#g1.#c2.#c.#C-1)[L],U,(#C-2.#C-1)[L],U,(#C-1.#g)[L],(#G-1.#c1)[L],(e1.e)[L],(#G-1.#g1)[L],(g1.#C-1)[L],(#A-1)[L],(g.#d1)[L],(#A-1.g1)[L],(#f1.#C-1)[L],A-1[L],(#f.d1)[L],(#f1.A-1)[L],(#C-1.e1)[L],#G-1[L],(e.#c1)[L],#G-1[L],3<(#C-1.#f1)[M],#c1[M],(a.A-1)[M],#c1[M],(#f1.#f)[M],a1[M],(#c2.A-1)[M],#f2[M],(#g2.#C-1)[M],e2[M],(#c2.#G-1)[M],#a1[M],(e.e2)[M],(#c2)[M],(#G-1.#g1)[M],e1[M],(#d2.#D-1)[M],#a1[M],(g1.#A-1)[M],#d1[M],(#c1.#d)[M],#d1[M],(g1.#A-1)[M],#a1[M],(#d1.#g1.c2.#G-1)[M]>,V,(#g1.c2.#d2.#d)[M],V,(#g.c2.#d2.#g2)[K],(#F-1.a2)[M],#f2[M],(#f.#c2)[M],a1[M],(A-1.#f2)[M],#c2[M],(a1.a)[M],#f1[M],(#G-1.#g2)[M],e2[M],(#g.#c2)[M],#g1[M],(e2.#C-1)[M],#c2[M],(#c.#g1)[M],e1[M],(#f2.#D-1)[M],c2[M],(a1.#d)[M],#f1[M],(#F-1.#d2)[M],a1[M],(#f.#f1)[M],#d1[M],(E-1.e2)[M],#c2[M],(#g1.e)[M],e1[M],(#C-1.#g2)[M],(e2)[M],(#c2.#c)[M],#g1[M],(a1.#F-1)[L],(#c2.#c3.#c)[L],(#f.#f2.#f3)[L],(a.a2.a3)[L],6<(#G-1.#g3.#g2)[L],#d[L]>,(#g.#a3.#a2)[L],(c1.c3.c4)[L],(#c1.#c3.#c4.e3)[M],UV,(#G-1.#g.#g2.c3.#g3)[M],UV,(#C-1.#c.#c3.e3.#c4)[J],"],"id":2,"instruments":["piano","piano"],"alternatives":["",""]},{"bpm":162.5,"baseBeats":0.25,"scores":["(#C-2.#C-1)[M],V,(e.#g.#c1)[M],V,(e.#g.#c1)[M],V,(e.#g.#c1)[M],V,(e.#g.#c1)[M],V,(#C-2.#c1.#C-1.e.#g)[M],V,(#C-1.#C-2.#c1.e.#g)[M],V,(#C-1.#C-2.e.#g.#c1)[M],V,(#D-2.#D-1)[M],V,(#f.#g.c1)[M],V,(#g.#f.c1)[M],V,(#f.#g.c1)[M],V,(#f.c1.#g)[M],V,(#D-2.#D-1.#f.c1.#g)[M],V,(#D-1.#D-2.#f.c1.#g)[M],V,(#D-1.c1.#D-2.#g.#f)[M],V,(E-2.E-1)[M],V,(e.#g.#c1)[M],V,(e.#g.#c1)[M],V,(e.#c1.#g)[M],V,(#F-2.#F-1)[M],V,(#c.a.#c1)[M],V,(#c.a.#c1)[M],V,(#c.a.#c1)[M],V,(G-2.G-1)[M],V,(#d.#a.#c1)[M],V,(#a.#d.#c1)[M],V,(#d.#c1.#a)[M],V,(#G-2.#G-1)[M],V,(#d.#g.b)[M],V,(#g.b.#d)[M],V,(#d.#g.b)[M],V,(A-2.A-1)[M],V,(e.g.#c1)[M],V,(e.g.#c1)[M],V,(e.g.#c1)[M],V,(e.#c1.g)[M],V,(A-2.A-1.e.g.#c1)[M],V,(e.g.#c1.A-2.A-1)[M],V,(e.#c1.A-2.g.A-1)[M],V,(D-2.D-1)[M],V,(d.f.d1)[M],V,(d.f.d1)[M],V,(d.f.d1)[M],V,(d.f.d1)[M],V,(d.f.d1.D-2.D-1)[M],V,(D-1.d.f.d1.D-2)[M],V,(D-2.d.f.D-1.d1)[M],V,(B-2.B-1)[M],V,(#f.a.b.#d1)[M],V,(#f.a.b.#d1)[M],V,(#f.a.b.#d1)[M],V,(B-3.B-2)[M],V,(b.#d1.a1.b1)[M],V,(b.a1.b1.#d1)[M],V,(b.#d1.b1.a1)[M],V,(E-2.E-1)[M],V,(E-2.E-1.e1.#g1.e2.d2)[M],V,(E-2.E-1.e1.e2.d2.#g1)[M],V,(E-2.E-1.e1.e2.d2.#g1)[M],V,(E-2.E-1.e1.e2.#g1.d2)[M],UV,(E-2.E-1)[M],UV;(A-2.e1)[L],(a1.A-1)[L],(c2.C-1)[L],(e2.c)[L],(B-2.#d2)[L],B-1[L],(#F-2.b1)[L];(#F-1.#d2)[L],(d2.F-2)[L],F-1[L],(D-2.#a1)[L],(d2.D-1)[L],(A-2.c2)[L],G-2[L],(F-2.a1)[L],E-2[L],(D-2.f1)[L],(D-1.a1)[L],(F-2.d1)[L],(f1.F-1)[L],(e1.A-2)[L];(A-1.a1)[L],(E-2.c1)[L],(e1.E-1)[L],(B-2.#d1)[L],(B-1.b)[L],(#c1.#F-2)[L],(#F-1.#d1)[L],(E-1.e1)[L],D-1[L],(C-1.e2.#g1)[L];B-2[L],(A-2.e1.e2)[L],(a1.a2.A-1)[L],(c2.c3.C-1)[L],(e2.c.e3)[L],(B-2.#d3.#d2)[L],B-1[L],(#F-2.b1.b2)[L],(#F-1.#d2.#d3)[L],(d2.d3.F-2)[L],F-1[L],(D-2.#a1.#a2)[L],(d2.d3.D-1)[L],(A-2.c3.A-1.c2)[L],(G-1.G-2)[L],(F-2.a1.F-1.a2)[L],(E-1.E-2)[L],(D-2.D-1.f1)[M],3<a[M],d1[M],f1[M],a1[M],d1[M],f1[M],a1[M],d2[M],f1[M],a1[M],d2[M],(D-2.D-1.f2)[M]>,UV,3<(E-2.E-1.e1)[M],#g[M],b[M],e1[M],#g1[M],b[M],e1[M],#g1[M],b1[M],e1[M],#g1[M],b1[M]>,(E-2.E-1.e2)[L],U,(d.a2.a1)[L],(a.f.d2.d3)[L],(A-1.f3.f2)[L],(f.a.a2.a3)[L],(#g2.#g3.e)[L],(#g.b)[L],(B-1.a2.a3)[L],(#g.b.b3.b2)[L],(a.A-1.a2.a3)[M],UV,(E-1.e.e3.#g3.d4.e4)[M],UV,10<(A-2.A-1.a3.c4.e4.a4)[K]>;R,"],"id":3,"instruments":["piano","piano"],"alternatives":["",""]}],"audition":{"start":[0,0],"end":[1,0]}}