{"baseBpm":83,"musics":[{"bpm":83,"baseBeats":0.25,"scores":["5<a1[N],a1[N]>,5<a1[N],a1[N]>,5<a1[N],a1[N]>,5<a1[N],a1[N]>,5<a1[N],a1[N]>,5<a1[N],a1[N]>,5<a1[N],a1[N]>,5<a1[N],a1[N]>,5<a1[N],a1[N]>,5<a1[N],a1[N]>,5<a1[N],a1[N]>,5<a1[N],a1[N]>,5<a1[N],a1[N]>,5<a1[N],a1[N]>,5<a1[N],a1[N]>,5<a1[N],a1[N]>,5<a1[N],a1[N]>,5<a1[N],a1[N]>,5<a1[N],a1[N]>,5<a1[N],a1[N]>,5<a1[N],a1[N]>,5<a1[N],a1[N]>,5<a1[N],a1[N]>,5<a1[N],a1[N]>,5<a1[N],a1[N]>,5<a1[N],a1[N]>,5<a1[N],a1[N]>,5<a1[N],a1[N]>,5<a1[N],a1[N]>,5<a1[N],a1[N]>,5<a1[N],a1[N]>,5<a1[N],a1[N]>,5<a1[N],a1[N]>,5<a1[N],a1[N]>,5<a1[N],a1[N]>,5<a1[N],a1[N]>,5<a1[N],a1[N]>,5<a1[N],a1[N]>,5<a1[N],a1[N]>,5<a1[N],a1[N]>,5<a1[N],a1[N]>,5<a1[N],a1[N]>,5<a1[N],a1[N]>,5<a1[N],a1[N]>,5<a1[N],a1[N]>,5<a1[N],a1[N]>,5<a1[N],a1[N]>,5<a1[N],a1[N]>,5<a1[N],a1[N]>,5<a1[N],a1[N]>,5<a1[N],a1[N]>,5<a1[N],a1[N]>,5<a1[N],a1[N]>,5<a1[N],a1[N]>,5<a1[N],a1[N]>,5<a1[N],a1[N]>,5<a1[N],a1[N]>,5<a1[N],a1[N]>,5<a1[N],a1[N]>,5<a1[N],a1[N]>,5<a1[N],a1[N]>,5<a1[N],a1[N]>,5<a1[N],a1[N]>,5<a1[N],a1[N]>,5<a1[N],a1[N]>,5<a1[N],a1[N]>,5<a1[N],a1[N]>,5<a1[N],a1[N]>,5<a1[N],a1[N]>,5<a1[N],a1[N]>,5<a1[N],a1[N]>,5<a1[N],a1[N]>,5<a1[N],a1[N]>,5<a1[N],a1[N]>,5<a1[N],a1[N]>,5<a1[N],a1[N]>,5<a1[N],a1[N]>,5<a1[N],a1[N]>,5<a1[N],a1[N]>,5<a1[N],a1[N]>,5<a1[N],a1[N]>,5<a1[N],a1[N]>,5<a1[N],a1[N]>,5<a1[N],a1[N]>,5<a1[N],a1[N]>,5<a1[N],a1[N]>,5<a1[N],a1[N]>,5<a1[N],a1[N]>,5<a1[N],a1[N]>,5<a1[N],a1[N]>,5<a1[N],a1[N]>,5<a1[N],a1[N]>,5<a1[N],a1[N]>,5<a1[N],a1[N]>,5<a1[N],a1[N]>,5<a1[N],a1[N]>,5<a1[N],a1[N]>,5<a1[N],a1[N]>,5<a1[N],a1[N]>,5<a1[N],a1[N]>,5<a1[N],a1[N]>,5<a1[N],a1[N]>,5<a1[N],a1[N]>,5<a1[N],a1[N]>,5<a1[N],a1[N]>,5<a1[N],a1[N]>,5<a1[N],a1[N]>,5<a1[N],a1[N]>,5<a1[N],a1[N]>,5<a1[N],a1[N]>,5<a1[N],a1[N]>,5<a1[N],a1[N]>,5<a1[N],a1[N]>,5<a1[N],a1[N]>,5<a1[N],a1[N]>,5<a1[N],a1[N]>,5<a1[N],a1[N]>,5<a1[N],a1[N]>,5<a1[N],a1[N]>,5<a1[N],a1[N]>,5<a1[N],a1[N]>,5<a1[N],a1[N]>,5<a1[N],a1[N]>,5<a1[N],a1[N]>,5<a1[N],a1[N]>,5<a1[N],a1[N]>,5<a1[N],a1[N]>,5<a1[N],a1[N]>,5<a1[N],a1[N]>,5<a1[N],a1[N]>,5<a1[N],a1[N]>,5<a1[N],a1[N]>,5<a1[N],a1[N]>,5<a1[N],a1[N]>,5<a1[N],a1[N]>,5<a1[N],a1[N]>,5<a1[N],a1[N]>,5<a1[N],a1[N]>,5<a1[N],a1[N]>,5<a1[N],a1[N]>,5<a1[N],a1[N]>,5<a1[N],a1[N]>,5<a1[N],a1[N]>,5<a1[N],a1[N]>,5<a1[N],a1[N]>,5<a1[N],a1[N]>,5<a1[N],a1[N]>,5<a1[N],a1[N]>,5<a1[N],a1[N]>,5<a1[N],a1[N]>,5<a1[N],a1[N]>,5<a1[N],a1[N]>,5<a1[N],a1[N]>,5<a1[N],a1[N]>,5<a1[N],a1[N]>,5<a1[N],a1[N]>,5<a1[N],a1[N]>,5<a1[N],a1[N]>,5<a1[N],a1[N]>,5<a1[N],a1[N]>,5<a1[N],a1[N]>,5<a1[N],a1[N]>,5<a1[N],a1[N]>,5<a1[N],a1[N]>,5<a1[N],a1[N]>,5<a1[N],a1[N]>,5<a1[N],a1[N]>,5<a1[N],a1[N]>,5<a1[N],a1[N]>,5<a1[N],a1[N]>,5<a1[N],a1[N]>,5<a1[N],a1[N]>,5<a1[N],a1[N]>,5<a1[N],a1[N]>,5<a1[N],a1[N]>,5<a1[N],a1[N]>,5<a1[N],a1[N]>,5<a1[N],a1[N]>,5<a1[N],a1[N]>,5<a1[N],a1[N]>,5<a1[N],a1[N]>,5<a1[N],a1[N]>,5<a1[N],a1[N]>,5<a1[N],a1[N]>,5<a1[N],a1[N]>,5<a1[N],a1[N]>,5<a1[N],a1[N]>,5<a1[N],a1[N]>,5<a1[N],a1[N]>,5<a1[N],a1[N]>,5<a1[N],a1[N]>,5<a1[N],a1[N]>,5<a1[N],a1[N]>,5<a1[N],a1[N]>,5<a1[N],a1[N]>,5<a1[N],a1[N]>,5<a1[N],a1[N]>,5<a1[N],a1[N]>,5<a1[N],a1[N]>,5<a1[N],a1[N]>,5<a1[N],a1[N]>,5<a1[N],a1[N]>,5<a1[N],a1[N]>,5<a1[N],a1[N]>,5<a1[N],a1[N]>,5<a1[N],a1[N]>,5<a1[N],a1[N]>,5<a1[N],a1[N]>,5<a1[N],a1[N]>,5<a1[N],a1[N]>,5<a1[N],a1[N]>,5<a1[N],a1[N]>,5<a1[N],a1[N]>,5<a1[N],a1[N]>,5<a1[N],a1[N]>,5<a1[N],a1[N]>,5<a1[N],a1[N]>,5<a1[N],a1[N]>,5<a1[N],a1[N]>,5<a1[N],a1[N]>,5<a1[N],a1[N]>,5<a1[N],a1[N]>,5<a1[N],a1[N]>,5<a1[N],a1[N]>,5<a1[N],a1[N]>,5<a1[N],a1[N]>,5<a1[N],a1[N]>,5<a1[N],a1[N]>,5<a1[N],a1[N]>,5<a1[N],a1[N]>,5<a1[N],a1[N]>,5<a1[N],a1[N]>,5<a1[N],a1[N]>,5<a1[N],a1[N]>,5<a1[N],a1[N]>,5<a1[N],a1[N]>,5<a1[N],a1[N]>,5<a1[N],a1[N]>,5<a1[N],a1[N]>,5<a1[N],a1[N]>,5<a1[N],a1[N]>,5<a1[N],a1[N]>,5<a1[N],a1[N]>,5<a1[N],a1[N]>,5<a1[N],a1[N]>,5<a1[N],a1[N]>,5<a1[N],a1[N]>,5<a1[N],a1[N]>,5<a1[N],a1[N]>,5<a1[N],a1[N]>,5<a1[N],a1[N]>,5<a1[N],a1[N]>,5<a1[N],a1[N]>,5<a1[N],a1[N]>,5<a1[N],a1[N]>,5<a1[N],a1[N]>,5<a1[N],a1[N]>,5<a1[N],a1[N]>,5<a1[N],a1[N]>,5<a1[N],a1[N]>,5<a1[N],a1[N]>,5<a1[N],a1[N]>,5<a1[N],a1[N]>,5<a1[N],a1[N]>,5<a1[N],a1[N]>,5<a1[N],a1[N]>,5<a1[N],a1[N]>,5<a1[N],a1[N]>,5<a1[N],a1[N]>,5<a1[N],a1[N]>,5<a1[N],a1[N]>,5<a1[N],a1[N]>,5<a1[N],a1[N]>,5<a1[N],a1[N]>,5<a1[N],a1[N]>,5<a1[N],a1[N]>,5<a1[N],a1[N]>,5<a1[N],a1[N]>,5<a1[N],a1[N]>,5<a1[N],a1[N]>,5<a1[N],a1[N]>,5<a1[N],a1[N]>,5<a1[N],a1[N]>,5<a1[N],a1[N]>,5<a1[N],a1[N]>,5<a1[N],a1[N]>,5<a1[N],a1[N]>,5<a1[N],a1[N]>,5<a1[N],a1[N]>,5<a1[N],a1[N]>,5<a1[N],a1[N]>,5<a1[N],a1[N]>,5<a1[N],a1[N]>,5<a1[N],a1[N]>,5<a1[N],a1[N]>,5<a1[N],a1[N]>,5<a1[N],a1[N]>,5<a1[N],a1[N]>,5<a1[N],a1[N]>,5<a1[N],a1[N]>,5<a1[N],a1[N]>,5<a1[N],a1[N]>,5<a1[N],a1[N]>,5<a1[N],a1[N]>,5<a1[N],a1[N]>,5<a1[N],a1[N]>,5<a1[N],a1[N]>,5<a1[N],a1[N]>,5<a1[N],a1[N]>,5<a1[N],a1[N]>,5<a1[N],a1[N]>,5<a1[N],a1[N]>,5<a1[N],a1[N]>,5<a1[N],a1[N]>,5<a1[N],a1[N]>,5<a1[N],a1[N]>,5<a1[N],a1[N]>,5<a1[N],a1[N]>,5<a1[N],a1[N]>,5<a1[N],a1[N]>,5<a1[N],a1[N]>,5<a1[N],a1[N]>,5<a1[N],a1[N]>,5<a1[N],a1[N]>,5<a1[N],a1[N]>,5<a1[N],a1[N]>,5<a1[N],a1[N]>,5<a1[N],a1[N]>,5<a1[N],a1[N]>,5<a1[N],a1[N]>,5<a1[N],a1[N]>,5<a1[N],a1[N]>,5<a1[N],a1[N]>,5<a1[N],a1[N]>,5<a1[N],a1[N]>,5<a1[N],a1[N]>,5<a1[N],a1[N]>,5<a1[N],a1[N]>,5<a1[N],a1[N]>,5<a1[N],a1[N]>,5<a1[N],a1[N]>,5<a1[N],a1[N]>,5<a1[N],a1[N]>,5<a1[N],a1[N]>,5<a1[N],a1[N]>,5<a1[N],a1[N]>,5<a1[N],a1[N]>,5<a1[N],a1[N]>,5<a1[N],a1[N]>,5<a1[N],a1[N]>,5<a1[N],a1[N]>,5<a1[N],a1[N]>,5<a1[N],a1[N]>,5<a1[N],a1[N]>,5<a1[N],a1[N]>,5<a1[N],a1[N]>,5<a1[N],a1[N]>,5<a1[N],a1[N]>,5<a1[N],a1[N]>,5<a1[N],a1[N]>,5<a1[N],a1[N]>,5<a1[N],a1[N]>,5<a1[N],a1[N]>,5<a1[N],a1[N]>,5<a1[N],a1[N]>,5<a1[N],a1[N]>,5<a1[N],a1[N]>,5<a1[N],a1[N]>,5<a1[N],a1[N]>,5<a1[N],a1[N]>,5<a1[N],a1[N]>,5<a1[N],a1[N]>,5<a1[N],a1[N]>,5<a1[N],a1[N]>,5<a1[N],a1[N]>,5<a1[N],a1[N]>,5<a1[N],a1[N]>,5<a1[N],a1[N]>,5<a1[N],a1[N]>,5<a1[N],a1[N]>,5<a1[N],a1[N]>,5<a1[N],a1[N]>,5<a1[N],a1[N]>,5<a1[N],a1[N]>,5<a1[N],a1[N]>,5<a1[N],a1[N]>,5<a1[N],a1[N]>,5<a1[N],a1[N]>,5<a1[N],a1[N]>,5<a1[N],a1[N]>,5<a1[N],a1[N]>,5<a1[N],a1[N]>,5<a1[N],a1[N]>,5<a1[N],a1[N]>,5<a1[N],a1[N]>,5<a1[N],a1[N]>,5<a1[N],a1[N]>,5<a1[N],a1[N]>,5<a1[N],a1[N]>,5<a1[N],a1[N]>,5<a1[N],a1[N]>,5<a1[N],a1[N]>,5<a1[N],a1[N]>,5<a1[N],a1[N]>,5<a1[N],a1[N]>,5<a1[N],a1[N]>,5<a1[N],a1[N]>,5<a1[N],a1[N]>,5<a1[N],a1[N]>,5<a1[N],a1[N]>,5<a1[N],a1[N]>,5<a1[N],a1[N]>,5<a1[N],a1[N]>,5<a1[N],a1[N]>,5<a1[N],a1[N]>,5<a1[N],a1[N]>,5<a1[N],a1[N]>,5<a1[N],a1[N]>,5<a1[N],a1[N]>,5<a1[N],a1[N]>,5<a1[N],a1[N]>,5<a1[N],a1[N]>,5<a1[N],a1[N]>,5<a1[N],a1[N]>,5<a1[N],a1[N]>,5<a1[N],a1[N]>,5<a1[N],a1[N]>,5<a1[N],a1[N]>,5<a1[N],a1[N]>,5<a1[N],a1[N]>,5<a1[N],a1[N]>,5<a1[N],a1[N]>,5<a1[N],a1[N]>,5<a1[N],a1[N]>,5<a1[N],a1[N]>,5<a1[N],a1[N]>,5<a1[N],a1[N]>,5<a1[N],a1[N]>,5<a1[N],a1[N]>,5<a1[N],a1[N]>,5<a1[N],a1[N]>,5<a1[N],a1[N]>,5<a1[N],a1[N]>,5<a1[N],a1[N]>,5<a1[N],a1[N]>,5<a1[N],a1[N]>,5<a1[N],a1[N]>,5<a1[N],a1[N]>,5<a1[N],a1[N]>,5<a1[N],a1[N]>,5<a1[N],a1[N]>,5<a1[N],a1[N]>,5<a1[N],a1[N]>,5<a1[N],a1[N]>,5<a1[N],a1[N]>,5<a1[N],a1[N]>,5<a1[N],a1[N]>,5<a1[N],a1[N]>,5<a1[N],a1[N]>,5<a1[N],a1[N]>,5<a1[N],a1[N]>,5<a1[N],a1[N]>,5<a1[N],a1[N]>,5<a1[N],a1[N]>,5<a1[N],a1[N]>,5<a1[N],a1[N]>,5<a1[N],a1[N]>,5<a1[N],a1[N]>,5<a1[N],a1[N]>,5<a1[N],a1[N]>,5<a1[N],a1[N]>,5<a1[N],a1[N]>,5<a1[N],a1[N]>,5<a1[N],a1[N]>,5<a1[N],a1[N]>,5<a1[N],a1[N]>,5<a1[N],a1[N]>,5<a1[N],a1[N]>,5<a1[N],a1[N]>,5<a1[N],a1[N]>,5<a1[N],a1[N]>,5<a1[N],a1[N]>,5<a1[N],a1[N]>,5<a1[N],a1[N]>,5<a1[N],a1[N]>,5<a1[N],a1[N]>,5<a1[N],a1[N]>,5<a1[N],a1[N]>,5<a1[N],a1[N]>,5<a1[N],a1[N]>,5<a1[N],a1[N]>,5<a1[N],a1[N]>,5<a1[N],a1[N]>,5<a1[N],a1[N]>,5<a1[N],a1[N]>,5<a1[N],a1[N]>,5<a1[N],a1[N]>,5<a1[N],a1[N]>,5<a1[N],a1[N]>,5<a1[N],a1[N]>,5<a1[N],a1[N]>,5<a1[N],a1[N]>,5<a1[N],a1[N]>,5<a1[N],a1[N]>,5<a1[N],a1[N]>,5<a1[N],a1[N]>,5<a1[N],a1[N]>,5<a1[N],a1[N]>,5<a1[N],a1[N]>,5<a1[N],a1[N]>,5<a1[N],a1[N]>,5<a1[N],a1[N]>,5<a1[N],a1[N]>,5<a1[N],a1[N]>,5<a1[N],a1[N]>,5<a1[N],a1[N]>,5<a1[N],a1[N]>,5<a1[N],a1[N]>,5<a1[N],a1[N]>,5<a1[N],a1[N]>,5<a1[N],a1[N]>,5<a1[N],a1[N]>,5<a1[N],a1[N]>,5<a1[N],a1[N]>,5<a1[N],a1[N]>,5<a1[N],a1[N]>,5<a1[N],a1[N]>,5<a1[N],a1[N]>,5<a1[N],a1[N]>,5<a1[N],a1[N]>,5<a1[N],a1[N]>,5<a1[N],a1[N]>,5<a1[N],a1[N]>,5<a1[N],a1[N]>,5<a1[N],a1[N]>,5<a1[N],a1[N]>,5<a1[N],a1[N]>,5<a1[N],a1[N]>,5<a1[N],a1[N]>,5<a1[N],a1[N]>,5<a1[N],a1[N]>,5<a1[N],a1[N]>,5<a1[N],a1[N]>,5<a1[N],a1[N]>,5<a1[N],a1[N]>,5<a1[N],a1[N]>,5<a1[N],a1[N]>,5<a1[N],a1[N]>,5<a1[N],a1[N]>,5<a1[N],a1[N]>,5<a1[N],a1[N]>,5<a1[N],a1[N]>,5<a1[N],a1[N]>,5<a1[N],a1[N]>,5<a1[N],a1[N]>,5<a1[N],a1[N]>,5<a1[N],a1[N]>,5<a1[N],a1[N]>,5<a1[N],a1[N]>,5<a1[N],a1[N]>,5<a1[N],a1[N]>,5<a1[N],a1[N]>,5<a1[N],a1[N]>,5<a1[N],a1[N]>,5<a1[N],a1[N]>,5<a1[N],a1[N]>,5<a1[N],a1[N]>,5<a1[N],a1[N]>,5<a1[N],a1[N]>,5<a1[N],a1[N]>,5<a1[N],a1[N]>,5<a1[N],a1[N]>,5<a1[N],a1[N]>,5<a1[N],a1[N]>,5<a1[N],a1[N]>,5<a1[N],a1[N]>,5<a1[N],a1[N]>,5<a1[N],a1[N]>,5<a1[N],a1[N]>,5<a1[N],a1[N]>,5<a1[N],a1[N]>,5<a1[N],a1[N]>,5<a1[N],a1[N]>,5<a1[N],a1[N]>,5<a1[N],a1[N]>,5<a1[N],a1[N]>,5<a1[N],a1[N]>,5<a1[N],a1[N]>,5<a1[N],a1[N]>,5<a1[N],a1[N]>,5<a1[N],a1[N]>,5<a1[N],a1[N]>,5<a1[N],a1[N]>,5<a1[N],a1[N]>,5<a1[N],a1[N]>,5<a1[N],a1[N]>,5<a1[N],a1[N]>,5<a1[N],a1[N]>,5<a1[N],a1[N]>,5<a1[N],a1[N]>,5<a1[N],a1[N]>,5<a1[N],a1[N]>,5<a1[N],a1[N]>,5<a1[N],a1[N]>,5<a1[N],a1[N]>,5<a1[N],a1[N]>,5<a1[N],a1[N]>,5<a1[N],a1[N]>,5<a1[N],a1[N]>,5<a1[N],a1[N]>,5<a1[N],a1[N]>,5<a1[N],a1[N]>,5<a1[N],a1[N]>,5<a1[N],a1[N]>,5<a1[N],a1[N]>,5<a1[N],a1[N]>,5<a1[N],a1[N]>,5<a1[N],a1[N]>,5<a1[N],a1[N]>,5<a1[N],a1[N]>,5<a1[N],a1[N]>,5<a1[N],a1[N]>,5<a1[N],a1[N]>,5<a1[N],a1[N]>,5<a1[N],a1[N]>,5<a1[N],a1[N]>,5<a1[N],a1[N]>,5<a1[N],a1[N]>,5<a1[N],a1[N]>,5<a1[N],a1[N]>,5<a1[N],a1[N]>,5<a1[N],a1[N]>,5<a1[N],a1[N]>,5<a1[N],a1[N]>,5<a1[N],a1[N]>,5<a1[N],a1[N]>,5<a1[N],a1[N]>,5<a1[N],a1[N]>,5<a1[N],a1[N]>,5<a1[N],a1[N]>,5<a1[N],a1[N]>,5<a1[N],a1[N]>,5<a1[N],a1[N]>,5<a1[N],a1[N]>,5<a1[N],a1[N]>,5<a1[N],a1[N]>,5<a1[N],a1[N]>,5<a1[N],a1[N]>,5<a1[N],a1[N]>,5<a1[N],a1[N]>,5<a1[N],a1[N]>,5<a1[N],a1[N]>,5<a1[N],a1[N]>,5<a1[N],a1[N]>,5<a1[N],a1[N]>,5<a1[N],a1[N]>,5<a1[N],a1[N]>,5<a1[N],a1[N]>,5<a1[N],a1[N]>,5<a1[N],a1[N]>,5<a1[N],a1[N]>,5<a1[N],a1[N]>,5<a1[N],a1[N]>,5<a1[N],a1[N]>,5<a1[N],a1[N]>,5<a1[N],a1[N]>,5<a1[N],a1[N]>,5<a1[N],a1[N]>,5<a1[N],a1[N]>,5<a1[N],a1[N]>,5<a1[N],a1[N]>,5<a1[N],a1[N]>,5<a1[N],a1[N]>,5<a1[N],a1[N]>,5<a1[N],a1[N]>,5<a1[N],a1[N]>,5<a1[N],a1[N]>,5<a1[N],a1[N]>,5<a1[N],a1[N]>,5<a1[N],a1[N]>,5<a1[N],a1[N]>,5<a1[N],a1[N]>,5<a1[N],a1[N]>,5<a1[N],a1[N]>,5<a1[N],a1[N]>,5<a1[N],a1[N]>,5<a1[N],a1[N]>,5<a1[N],a1[N]>,5<a1[N],a1[N]>,5<a1[N],a1[N]>,5<a1[N],a1[N]>,5<a1[N],a1[N]>,5<a1[N],a1[N]>,5<a1[N],a1[N]>,5<a1[N],a1[N]>,5<a1[N],a1[N]>,5<a1[N],a1[N]>,5<a1[N],a1[N]>,5<a1[N],a1[N]>,5<a1[N],a1[N]>,5<a1[N],a1[N]>,5<a1[N],a1[N]>,5<a1[N],a1[N]>,5<a1[N],a1[N]>,5<a1[N],a1[N]>,5<a1[N],a1[N]>,5<a1[N],a1[N]>,5<a1[N],a1[N]>,5<a1[N],a1[N]>,5<a1[N],a1[N]>,5<a1[N],a1[N]>,5<a1[N],a1[N]>,5<a1[N],a1[N]>,5<a1[N],a1[N]>,5<a1[N],a1[N]>,5<a1[N],a1[N]>,5<a1[N],a1[N]>,5<a1[N],a1[N]>,5<a1[N],a1[N]>,5<a1[N],a1[N]>,5<a1[N],a1[N]>,5<a1[N],a1[N]>,5<a1[N],a1[N]>,5<a1[N],a1[N]>,5<a1[N],a1[N]>,5<a1[N],a1[N]>,5<a1[N],a1[N]>,5<a1[N],a1[N]>,"],"id":1,"instruments":["piano","piano"],"alternatives":["",""]},{"bpm":78,"baseBeats":0.25,"scores":["5<a1[N],a1[N]>,5<a1[N],a1[N]>,5<a1[N],a1[N]>,5<a1[N],a1[N]>,5<a1[N],a1[N]>,5<a1[N],a1[N]>,5<a1[N],a1[N]>,5<a1[N],a1[N]>,5<a1[N],a1[N]>,5<a1[N],a1[N]>,5<a1[N],a1[N]>,5<a1[N],a1[N]>,5<a1[N],a1[N]>,5<a1[N],a1[N]>,5<a1[N],a1[N]>,5<a1[N],a1[N]>,5<a1[N],a1[N]>,5<a1[N],a1[N]>,5<a1[N],a1[N]>,5<a1[N],a1[N]>,5<a1[N],a1[N]>,5<a1[N],a1[N]>,5<a1[N],a1[N]>,5<a1[N],a1[N]>,5<a1[N],a1[N]>,5<a1[N],a1[N]>,5<a1[N],a1[N]>,5<a1[N],a1[N]>,5<a1[N],a1[N]>,5<a1[N],a1[N]>,5<a1[N],a1[N]>,5<a1[N],a1[N]>,5<a1[N],a1[N]>,5<a1[N],a1[N]>,5<a1[N],a1[N]>,5<a1[N],a1[N]>,5<a1[N],a1[N]>,5<a1[N],a1[N]>,5<a1[N],a1[N]>,5<a1[N],a1[N]>,5<a1[N],a1[N]>,5<a1[N],a1[N]>,5<a1[N],a1[N]>,5<a1[N],a1[N]>,5<a1[N],a1[N]>,5<a1[N],a1[N]>,5<a1[N],a1[N]>,5<a1[N],a1[N]>,5<a1[N],a1[N]>,5<a1[N],a1[N]>,5<a1[N],a1[N]>,5<a1[N],a1[N]>,5<a1[N],a1[N]>,5<a1[N],a1[N]>,5<a1[N],a1[N]>,5<a1[N],a1[N]>,5<a1[N],a1[N]>,5<a1[N],a1[N]>,5<a1[N],a1[N]>,5<a1[N],a1[N]>,5<a1[N],a1[N]>,5<a1[N],a1[N]>,5<a1[N],a1[N]>,5<a1[N],a1[N]>,5<a1[N],a1[N]>,5<a1[N],a1[N]>,5<a1[N],a1[N]>,5<a1[N],a1[N]>,5<a1[N],a1[N]>,5<a1[N],a1[N]>,5<a1[N],a1[N]>,5<a1[N],a1[N]>,5<a1[N],a1[N]>,5<a1[N],a1[N]>,5<a1[N],a1[N]>,5<a1[N],a1[N]>,5<a1[N],a1[N]>,5<a1[N],a1[N]>,5<a1[N],a1[N]>,5<a1[N],a1[N]>,5<a1[N],a1[N]>,5<a1[N],a1[N]>,5<a1[N],a1[N]>,5<a1[N],a1[N]>,5<a1[N],a1[N]>,5<a1[N],a1[N]>,5<a1[N],a1[N]>,5<a1[N],a1[N]>,5<a1[N],a1[N]>,5<a1[N],a1[N]>,5<a1[N],a1[N]>,5<a1[N],a1[N]>,5<a1[N],a1[N]>,5<a1[N],a1[N]>,5<a1[N],a1[N]>,5<a1[N],a1[N]>,5<a1[N],a1[N]>,5<a1[N],a1[N]>,5<a1[N],a1[N]>,5<a1[N],a1[N]>,5<a1[N],a1[N]>,5<a1[N],a1[N]>,5<a1[N],a1[N]>,5<a1[N],a1[N]>,5<a1[N],a1[N]>,5<a1[N],a1[N]>,5<a1[N],a1[N]>,5<a1[N],a1[N]>,5<a1[N],a1[N]>,5<a1[N],a1[N]>,5<a1[N],a1[N]>,5<a1[N],a1[N]>,5<a1[N],a1[N]>,5<a1[N],a1[N]>,5<a1[N],a1[N]>,5<a1[N],a1[N]>,5<a1[N],a1[N]>,5<a1[N],a1[N]>,5<a1[N],a1[N]>,5<a1[N],a1[N]>,5<a1[N],a1[N]>,5<a1[N],a1[N]>,5<a1[N],a1[N]>,5<a1[N],a1[N]>,5<a1[N],a1[N]>,5<a1[N],a1[N]>,5<a1[N],a1[N]>,5<a1[N],a1[N]>,5<a1[N],a1[N]>,5<a1[N],a1[N]>,5<a1[N],a1[N]>,5<a1[N],a1[N]>,5<a1[N],a1[N]>,5<a1[N],a1[N]>,5<a1[N],a1[N]>,5<a1[N],a1[N]>,5<a1[N],a1[N]>,5<a1[N],a1[N]>,5<a1[N],a1[N]>,5<a1[N],a1[N]>,5<a1[N],a1[N]>,5<a1[N],a1[N]>,5<a1[N],a1[N]>,5<a1[N],a1[N]>,5<a1[N],a1[N]>,5<a1[N],a1[N]>,5<a1[N],a1[N]>,5<a1[N],a1[N]>,5<a1[N],a1[N]>,5<a1[N],a1[N]>,5<a1[N],a1[N]>,5<a1[N],a1[N]>,5<a1[N],a1[N]>,5<a1[N],a1[N]>,5<a1[N],a1[N]>,5<a1[N],a1[N]>,5<a1[N],a1[N]>,5<a1[N],a1[N]>,5<a1[N],a1[N]>,5<a1[N],a1[N]>,5<a1[N],a1[N]>,5<a1[N],a1[N]>,5<a1[N],a1[N]>,5<a1[N],a1[N]>,5<a1[N],a1[N]>,5<a1[N],a1[N]>,5<a1[N],a1[N]>,5<a1[N],a1[N]>,5<a1[N],a1[N]>,5<a1[N],a1[N]>,5<a1[N],a1[N]>,5<a1[N],a1[N]>,5<a1[N],a1[N]>,5<a1[N],a1[N]>,5<a1[N],a1[N]>,5<a1[N],a1[N]>,5<a1[N],a1[N]>,5<a1[N],a1[N]>,5<a1[N],a1[N]>,5<a1[N],a1[N]>,5<a1[N],a1[N]>,5<a1[N],a1[N]>,5<a1[N],a1[N]>,5<a1[N],a1[N]>,5<a1[N],a1[N]>,5<a1[N],a1[N]>,5<a1[N],a1[N]>,5<a1[N],a1[N]>,5<a1[N],a1[N]>,5<a1[N],a1[N]>,5<a1[N],a1[N]>,5<a1[N],a1[N]>,5<a1[N],a1[N]>,5<a1[N],a1[N]>,5<a1[N],a1[N]>,5<a1[N],a1[N]>,5<a1[N],a1[N]>,5<a1[N],a1[N]>,5<a1[N],a1[N]>,5<a1[N],a1[N]>,5<a1[N],a1[N]>,5<a1[N],a1[N]>,5<a1[N],a1[N]>,5<a1[N],a1[N]>,5<a1[N],a1[N]>,5<a1[N],a1[N]>,5<a1[N],a1[N]>,5<a1[N],a1[N]>,5<a1[N],a1[N]>,5<a1[N],a1[N]>,5<a1[N],a1[N]>,5<a1[N],a1[N]>,5<a1[N],a1[N]>,5<a1[N],a1[N]>,5<a1[N],a1[N]>,5<a1[N],a1[N]>,5<a1[N],a1[N]>,5<a1[N],a1[N]>,5<a1[N],a1[N]>,5<a1[N],a1[N]>,5<a1[N],a1[N]>,5<a1[N],a1[N]>,5<a1[N],a1[N]>,5<a1[N],a1[N]>,5<a1[N],a1[N]>,5<a1[N],a1[N]>,5<a1[N],a1[N]>,5<a1[N],a1[N]>,5<a1[N],a1[N]>,5<a1[N],a1[N]>,5<a1[N],a1[N]>,5<a1[N],a1[N]>,5<a1[N],a1[N]>,5<a1[N],a1[N]>,5<a1[N],a1[N]>,5<a1[N],a1[N]>,5<a1[N],a1[N]>,5<a1[N],a1[N]>,5<a1[N],a1[N]>,5<a1[N],a1[N]>,5<a1[N],a1[N]>,5<a1[N],a1[N]>,5<a1[N],a1[N]>,5<a1[N],a1[N]>,5<a1[N],a1[N]>,5<a1[N],a1[N]>,5<a1[N],a1[N]>,5<a1[N],a1[N]>,5<a1[N],a1[N]>,5<a1[N],a1[N]>,5<a1[N],a1[N]>,5<a1[N],a1[N]>,5<a1[N],a1[N]>,5<a1[N],a1[N]>,5<a1[N],a1[N]>,5<a1[N],a1[N]>,5<a1[N],a1[N]>,5<a1[N],a1[N]>,5<a1[N],a1[N]>,5<a1[N],a1[N]>,5<a1[N],a1[N]>,5<a1[N],a1[N]>,5<a1[N],a1[N]>,5<a1[N],a1[N]>,5<a1[N],a1[N]>,5<a1[N],a1[N]>,5<a1[N],a1[N]>,5<a1[N],a1[N]>,5<a1[N],a1[N]>,5<a1[N],a1[N]>,5<a1[N],a1[N]>,5<a1[N],a1[N]>,5<a1[N],a1[N]>,5<a1[N],a1[N]>,5<a1[N],a1[N]>,5<a1[N],a1[N]>,5<a1[N],a1[N]>,5<a1[N],a1[N]>,5<a1[N],a1[N]>,5<a1[N],a1[N]>,5<a1[N],a1[N]>,5<a1[N],a1[N]>,5<a1[N],a1[N]>,5<a1[N],a1[N]>,5<a1[N],a1[N]>,5<a1[N],a1[N]>,5<a1[N],a1[N]>,5<a1[N],a1[N]>,5<a1[N],a1[N]>,5<a1[N],a1[N]>,5<a1[N],a1[N]>,5<a1[N],a1[N]>,5<a1[N],a1[N]>,5<a1[N],a1[N]>,5<a1[N],a1[N]>,5<a1[N],a1[N]>,5<a1[N],a1[N]>,5<a1[N],a1[N]>,5<a1[N],a1[N]>,5<a1[N],a1[N]>,5<a1[N],a1[N]>,5<a1[N],a1[N]>,5<a1[N],a1[N]>,5<a1[N],a1[N]>,5<a1[N],a1[N]>,5<a1[N],a1[N]>,5<a1[N],a1[N]>,5<a1[N],a1[N]>,5<a1[N],a1[N]>,5<a1[N],a1[N]>,5<a1[N],a1[N]>,5<a1[N],a1[N]>,5<a1[N],a1[N]>,5<a1[N],a1[N]>,5<a1[N],a1[N]>,5<a1[N],a1[N]>,5<a1[N],a1[N]>,5<a1[N],a1[N]>,5<a1[N],a1[N]>,5<a1[N],a1[N]>,5<a1[N],a1[N]>,5<a1[N],a1[N]>,5<a1[N],a1[N]>,5<a1[N],a1[N]>,5<a1[N],a1[N]>,5<a1[N],a1[N]>,5<a1[N],a1[N]>,5<a1[N],a1[N]>,5<a1[N],a1[N]>,5<a1[N],a1[N]>,5<a1[N],a1[N]>,5<a1[N],a1[N]>,5<a1[N],a1[N]>,5<a1[N],a1[N]>,5<a1[N],a1[N]>,5<a1[N],a1[N]>,5<a1[N],a1[N]>,5<a1[N],a1[N]>,5<a1[N],a1[N]>,5<a1[N],a1[N]>,5<a1[N],a1[N]>,5<a1[N],a1[N]>,5<a1[N],a1[N]>,5<a1[N],a1[N]>,5<a1[N],a1[N]>,5<a1[N],a1[N]>,5<a1[N],a1[N]>,5<a1[N],a1[N]>,5<a1[N],a1[N]>,5<a1[N],a1[N]>,5<a1[N],a1[N]>,5<a1[N],a1[N]>,5<a1[N],a1[N]>,5<a1[N],a1[N]>,5<a1[N],a1[N]>,5<a1[N],a1[N]>,5<a1[N],a1[N]>,5<a1[N],a1[N]>,5<a1[N],a1[N]>,5<a1[N],a1[N]>,5<a1[N],a1[N]>,5<a1[N],a1[N]>,5<a1[N],a1[N]>,5<a1[N],a1[N]>,5<a1[N],a1[N]>,5<a1[N],a1[N]>,5<a1[N],a1[N]>,5<a1[N],a1[N]>,5<a1[N],a1[N]>,5<a1[N],a1[N]>,5<a1[N],a1[N]>,5<a1[N],a1[N]>,5<a1[N],a1[N]>,5<a1[N],a1[N]>,5<a1[N],a1[N]>,5<a1[N],a1[N]>,5<a1[N],a1[N]>,5<a1[N],a1[N]>,5<a1[N],a1[N]>,5<a1[N],a1[N]>,5<a1[N],a1[N]>,5<a1[N],a1[N]>,5<a1[N],a1[N]>,5<a1[N],a1[N]>,5<a1[N],a1[N]>,5<a1[N],a1[N]>,5<a1[N],a1[N]>,5<a1[N],a1[N]>,5<a1[N],a1[N]>,5<a1[N],a1[N]>,5<a1[N],a1[N]>,5<a1[N],a1[N]>,5<a1[N],a1[N]>,5<a1[N],a1[N]>,5<a1[N],a1[N]>,5<a1[N],a1[N]>,5<a1[N],a1[N]>,5<a1[N],a1[N]>,5<a1[N],a1[N]>,5<a1[N],a1[N]>,5<a1[N],a1[N]>,5<a1[N],a1[N]>,5<a1[N],a1[N]>,5<a1[N],a1[N]>,5<a1[N],a1[N]>,5<a1[N],a1[N]>,5<a1[N],a1[N]>,5<a1[N],a1[N]>,5<a1[N],a1[N]>,5<a1[N],a1[N]>,5<a1[N],a1[N]>,5<a1[N],a1[N]>,5<a1[N],a1[N]>,5<a1[N],a1[N]>,5<a1[N],a1[N]>,5<a1[N],a1[N]>,5<a1[N],a1[N]>,5<a1[N],a1[N]>,5<a1[N],a1[N]>,5<a1[N],a1[N]>,5<a1[N],a1[N]>,5<a1[N],a1[N]>,5<a1[N],a1[N]>,5<a1[N],a1[N]>,5<a1[N],a1[N]>,5<a1[N],a1[N]>,5<a1[N],a1[N]>,5<a1[N],a1[N]>,5<a1[N],a1[N]>,5<a1[N],a1[N]>,5<a1[N],a1[N]>,5<a1[N],a1[N]>,5<a1[N],a1[N]>,5<a1[N],a1[N]>,5<a1[N],a1[N]>,5<a1[N],a1[N]>,5<a1[N],a1[N]>,5<a1[N],a1[N]>,5<a1[N],a1[N]>,5<a1[N],a1[N]>,5<a1[N],a1[N]>,5<a1[N],a1[N]>,5<a1[N],a1[N]>,5<a1[N],a1[N]>,5<a1[N],a1[N]>,5<a1[N],a1[N]>,5<a1[N],a1[N]>,5<a1[N],a1[N]>,5<a1[N],a1[N]>,5<a1[N],a1[N]>,5<a1[N],a1[N]>,5<a1[N],a1[N]>,5<a1[N],a1[N]>,5<a1[N],a1[N]>,5<a1[N],a1[N]>,5<a1[N],a1[N]>,5<a1[N],a1[N]>,5<a1[N],a1[N]>,5<a1[N],a1[N]>,5<a1[N],a1[N]>,5<a1[N],a1[N]>,5<a1[N],a1[N]>,5<a1[N],a1[N]>,5<a1[N],a1[N]>,5<a1[N],a1[N]>,5<a1[N],a1[N]>,5<a1[N],a1[N]>,5<a1[N],a1[N]>,5<a1[N],a1[N]>,5<a1[N],a1[N]>,5<a1[N],a1[N]>,5<a1[N],a1[N]>,5<a1[N],a1[N]>,5<a1[N],a1[N]>,5<a1[N],a1[N]>,5<a1[N],a1[N]>,5<a1[N],a1[N]>,5<a1[N],a1[N]>,5<a1[N],a1[N]>,5<a1[N],a1[N]>,5<a1[N],a1[N]>,5<a1[N],a1[N]>,5<a1[N],a1[N]>,5<a1[N],a1[N]>,5<a1[N],a1[N]>,5<a1[N],a1[N]>,5<a1[N],a1[N]>,5<a1[N],a1[N]>,5<a1[N],a1[N]>,5<a1[N],a1[N]>,5<a1[N],a1[N]>,5<a1[N],a1[N]>,5<a1[N],a1[N]>,5<a1[N],a1[N]>,5<a1[N],a1[N]>,5<a1[N],a1[N]>,5<a1[N],a1[N]>,5<a1[N],a1[N]>,5<a1[N],a1[N]>,5<a1[N],a1[N]>,5<a1[N],a1[N]>,5<a1[N],a1[N]>,5<a1[N],a1[N]>,5<a1[N],a1[N]>,5<a1[N],a1[N]>,5<a1[N],a1[N]>,5<a1[N],a1[N]>,5<a1[N],a1[N]>,5<a1[N],a1[N]>,5<a1[N],a1[N]>,5<a1[N],a1[N]>,5<a1[N],a1[N]>,5<a1[N],a1[N]>,5<a1[N],a1[N]>,5<a1[N],a1[N]>,5<a1[N],a1[N]>,5<a1[N],a1[N]>,5<a1[N],a1[N]>,5<a1[N],a1[N]>,5<a1[N],a1[N]>,5<a1[N],a1[N]>,5<a1[N],a1[N]>,5<a1[N],a1[N]>,5<a1[N],a1[N]>,5<a1[N],a1[N]>,5<a1[N],a1[N]>,5<a1[N],a1[N]>,5<a1[N],a1[N]>,5<a1[N],a1[N]>,5<a1[N],a1[N]>,5<a1[N],a1[N]>,5<a1[N],a1[N]>,5<a1[N],a1[N]>,5<a1[N],a1[N]>,5<a1[N],a1[N]>,5<a1[N],a1[N]>,5<a1[N],a1[N]>,5<a1[N],a1[N]>,5<a1[N],a1[N]>,5<a1[N],a1[N]>,5<a1[N],a1[N]>,5<a1[N],a1[N]>,5<a1[N],a1[N]>,5<a1[N],a1[N]>,5<a1[N],a1[N]>,5<a1[N],a1[N]>,5<a1[N],a1[N]>,5<a1[N],a1[N]>,5<a1[N],a1[N]>,5<a1[N],a1[N]>,5<a1[N],a1[N]>,5<a1[N],a1[N]>,5<a1[N],a1[N]>,5<a1[N],a1[N]>,5<a1[N],a1[N]>,5<a1[N],a1[N]>,5<a1[N],a1[N]>,5<a1[N],a1[N]>,5<a1[N],a1[N]>,5<a1[N],a1[N]>,5<a1[N],a1[N]>,5<a1[N],a1[N]>,5<a1[N],a1[N]>,5<a1[N],a1[N]>,5<a1[N],a1[N]>,5<a1[N],a1[N]>,5<a1[N],a1[N]>,5<a1[N],a1[N]>,5<a1[N],a1[N]>,5<a1[N],a1[N]>,5<a1[N],a1[N]>,5<a1[N],a1[N]>,5<a1[N],a1[N]>,5<a1[N],a1[N]>,5<a1[N],a1[N]>,5<a1[N],a1[N]>,5<a1[N],a1[N]>,5<a1[N],a1[N]>,5<a1[N],a1[N]>,5<a1[N],a1[N]>,5<a1[N],a1[N]>,5<a1[N],a1[N]>,5<a1[N],a1[N]>,5<a1[N],a1[N]>,5<a1[N],a1[N]>,5<a1[N],a1[N]>,5<a1[N],a1[N]>,5<a1[N],a1[N]>,5<a1[N],a1[N]>,5<a1[N],a1[N]>,5<a1[N],a1[N]>,5<a1[N],a1[N]>,5<a1[N],a1[N]>,5<a1[N],a1[N]>,5<a1[N],a1[N]>,5<a1[N],a1[N]>,5<a1[N],a1[N]>,5<a1[N],a1[N]>,5<a1[N],a1[N]>,5<a1[N],a1[N]>,5<a1[N],a1[N]>,5<a1[N],a1[N]>,5<a1[N],a1[N]>,5<a1[N],a1[N]>,5<a1[N],a1[N]>,5<a1[N],a1[N]>,5<a1[N],a1[N]>,5<a1[N],a1[N]>,5<a1[N],a1[N]>,5<a1[N],a1[N]>,5<a1[N],a1[N]>,5<a1[N],a1[N]>,5<a1[N],a1[N]>,5<a1[N],a1[N]>,5<a1[N],a1[N]>,5<a1[N],a1[N]>,5<a1[N],a1[N]>,5<a1[N],a1[N]>,5<a1[N],a1[N]>,5<a1[N],a1[N]>,5<a1[N],a1[N]>,5<a1[N],a1[N]>,5<a1[N],a1[N]>,5<a1[N],a1[N]>,5<a1[N],a1[N]>,5<a1[N],a1[N]>,5<a1[N],a1[N]>,5<a1[N],a1[N]>,5<a1[N],a1[N]>,5<a1[N],a1[N]>,5<a1[N],a1[N]>,5<a1[N],a1[N]>,5<a1[N],a1[N]>,5<a1[N],a1[N]>,5<a1[N],a1[N]>,5<a1[N],a1[N]>,5<a1[N],a1[N]>,5<a1[N],a1[N]>,5<a1[N],a1[N]>,5<a1[N],a1[N]>,5<a1[N],a1[N]>,5<a1[N],a1[N]>,5<a1[N],a1[N]>,5<a1[N],a1[N]>,5<a1[N],a1[N]>,5<a1[N],a1[N]>,5<a1[N],a1[N]>,5<a1[N],a1[N]>,5<a1[N],a1[N]>,5<a1[N],a1[N]>,5<a1[N],a1[N]>,5<a1[N],a1[N]>,5<a1[N],a1[N]>,5<a1[N],a1[N]>,5<a1[N],a1[N]>,5<a1[N],a1[N]>,5<a1[N],a1[N]>,5<a1[N],a1[N]>,5<a1[N],a1[N]>,5<a1[N],a1[N]>,5<a1[N],a1[N]>,5<a1[N],a1[N]>,5<a1[N],a1[N]>,5<a1[N],a1[N]>,5<a1[N],a1[N]>,5<a1[N],a1[N]>,5<a1[N],a1[N]>,5<a1[N],a1[N]>,5<a1[N],a1[N]>,5<a1[N],a1[N]>,5<a1[N],a1[N]>,5<a1[N],a1[N]>,5<a1[N],a1[N]>,5<a1[N],a1[N]>,5<a1[N],a1[N]>,5<a1[N],a1[N]>,5<a1[N],a1[N]>,5<a1[N],a1[N]>,5<a1[N],a1[N]>,5<a1[N],a1[N]>,5<a1[N],a1[N]>,5<a1[N],a1[N]>,5<a1[N],a1[N]>,5<a1[N],a1[N]>,5<a1[N],a1[N]>,5<a1[N],a1[N]>,5<a1[N],a1[N]>,5<a1[N],a1[N]>,5<a1[N],a1[N]>,5<a1[N],a1[N]>,5<a1[N],a1[N]>,5<a1[N],a1[N]>,5<a1[N],a1[N]>,5<a1[N],a1[N]>,5<a1[N],a1[N]>,5<a1[N],a1[N]>,5<a1[N],a1[N]>,5<a1[N],a1[N]>,5<a1[N],a1[N]>,5<a1[N],a1[N]>,5<a1[N],a1[N]>,5<a1[N],a1[N]>,5<a1[N],a1[N]>,5<a1[N],a1[N]>,5<a1[N],a1[N]>,5<a1[N],a1[N]>,5<a1[N],a1[N]>,5<a1[N],a1[N]>,5<a1[N],a1[N]>,5<a1[N],a1[N]>,5<a1[N],a1[N]>,5<a1[N],a1[N]>,5<a1[N],a1[N]>,5<a1[N],a1[N]>,5<a1[N],a1[N]>,5<a1[N],a1[N]>,5<a1[N],a1[N]>,5<a1[N],a1[N]>,5<a1[N],a1[N]>,5<a1[N],a1[N]>,5<a1[N],a1[N]>,5<a1[N],a1[N]>,5<a1[N],a1[N]>,5<a1[N],a1[N]>,5<a1[N],a1[N]>,5<a1[N],a1[N]>,5<a1[N],a1[N]>,5<a1[N],a1[N]>,"],"id":2,"instruments":["piano","piano"],"alternatives":["",""]},{"bpm":78,"baseBeats":0.25,"scores":["5<a1[N],a1[N]>,5<a1[N],a1[N]>,5<a1[N],a1[N]>,5<a1[N],a1[N]>,5<a1[N],a1[N]>,5<a1[N],a1[N]>,5<a1[N],a1[N]>,5<a1[N],a1[N]>,5<a1[N],a1[N]>,5<a1[N],a1[N]>,5<a1[N],a1[N]>,5<a1[N],a1[N]>,5<a1[N],a1[N]>,5<a1[N],a1[N]>,5<a1[N],a1[N]>,5<a1[N],a1[N]>,5<a1[N],a1[N]>,5<a1[N],a1[N]>,5<a1[N],a1[N]>,5<a1[N],a1[N]>,5<a1[N],a1[N]>,5<a1[N],a1[N]>,5<a1[N],a1[N]>,5<a1[N],a1[N]>,5<a1[N],a1[N]>,5<a1[N],a1[N]>,5<a1[N],a1[N]>,5<a1[N],a1[N]>,5<a1[N],a1[N]>,5<a1[N],a1[N]>,5<a1[N],a1[N]>,5<a1[N],a1[N]>,5<a1[N],a1[N]>,5<a1[N],a1[N]>,5<a1[N],a1[N]>,5<a1[N],a1[N]>,5<a1[N],a1[N]>,5<a1[N],a1[N]>,5<a1[N],a1[N]>,5<a1[N],a1[N]>,5<a1[N],a1[N]>,5<a1[N],a1[N]>,5<a1[N],a1[N]>,5<a1[N],a1[N]>,5<a1[N],a1[N]>,5<a1[N],a1[N]>,5<a1[N],a1[N]>,5<a1[N],a1[N]>,5<a1[N],a1[N]>,5<a1[N],a1[N]>,5<a1[N],a1[N]>,5<a1[N],a1[N]>,5<a1[N],a1[N]>,5<a1[N],a1[N]>,5<a1[N],a1[N]>,5<a1[N],a1[N]>,5<a1[N],a1[N]>,5<a1[N],a1[N]>,5<a1[N],a1[N]>,5<a1[N],a1[N]>,5<a1[N],a1[N]>,5<a1[N],a1[N]>,5<a1[N],a1[N]>,5<a1[N],a1[N]>,5<a1[N],a1[N]>,5<a1[N],a1[N]>,5<a1[N],a1[N]>,5<a1[N],a1[N]>,5<a1[N],a1[N]>,5<a1[N],a1[N]>,5<a1[N],a1[N]>,5<a1[N],a1[N]>,5<a1[N],a1[N]>,5<a1[N],a1[N]>,5<a1[N],a1[N]>,5<a1[N],a1[N]>,5<a1[N],a1[N]>,5<a1[N],a1[N]>,5<a1[N],a1[N]>,5<a1[N],a1[N]>,5<a1[N],a1[N]>,5<a1[N],a1[N]>,5<a1[N],a1[N]>,5<a1[N],a1[N]>,5<a1[N],a1[N]>,5<a1[N],a1[N]>,5<a1[N],a1[N]>,5<a1[N],a1[N]>,5<a1[N],a1[N]>,5<a1[N],a1[N]>,5<a1[N],a1[N]>,5<a1[N],a1[N]>,5<a1[N],a1[N]>,5<a1[N],a1[N]>,5<a1[N],a1[N]>,5<a1[N],a1[N]>,5<a1[N],a1[N]>,5<a1[N],a1[N]>,5<a1[N],a1[N]>,5<a1[N],a1[N]>,5<a1[N],a1[N]>,5<a1[N],a1[N]>,5<a1[N],a1[N]>,5<a1[N],a1[N]>,5<a1[N],a1[N]>,5<a1[N],a1[N]>,5<a1[N],a1[N]>,5<a1[N],a1[N]>,5<a1[N],a1[N]>,5<a1[N],a1[N]>,5<a1[N],a1[N]>,5<a1[N],a1[N]>,5<a1[N],a1[N]>,5<a1[N],a1[N]>,5<a1[N],a1[N]>,5<a1[N],a1[N]>,5<a1[N],a1[N]>,5<a1[N],a1[N]>,5<a1[N],a1[N]>,5<a1[N],a1[N]>,5<a1[N],a1[N]>,5<a1[N],a1[N]>,5<a1[N],a1[N]>,5<a1[N],a1[N]>,5<a1[N],a1[N]>,5<a1[N],a1[N]>,5<a1[N],a1[N]>,5<a1[N],a1[N]>,5<a1[N],a1[N]>,5<a1[N],a1[N]>,5<a1[N],a1[N]>,5<a1[N],a1[N]>,5<a1[N],a1[N]>,5<a1[N],a1[N]>,5<a1[N],a1[N]>,5<a1[N],a1[N]>,5<a1[N],a1[N]>,5<a1[N],a1[N]>,5<a1[N],a1[N]>,5<a1[N],a1[N]>,5<a1[N],a1[N]>,5<a1[N],a1[N]>,5<a1[N],a1[N]>,5<a1[N],a1[N]>,5<a1[N],a1[N]>,5<a1[N],a1[N]>,5<a1[N],a1[N]>,5<a1[N],a1[N]>,5<a1[N],a1[N]>,5<a1[N],a1[N]>,5<a1[N],a1[N]>,5<a1[N],a1[N]>,5<a1[N],a1[N]>,5<a1[N],a1[N]>,5<a1[N],a1[N]>,5<a1[N],a1[N]>,5<a1[N],a1[N]>,5<a1[N],a1[N]>,5<a1[N],a1[N]>,5<a1[N],a1[N]>,5<a1[N],a1[N]>,5<a1[N],a1[N]>,5<a1[N],a1[N]>,5<a1[N],a1[N]>,5<a1[N],a1[N]>,5<a1[N],a1[N]>,5<a1[N],a1[N]>,5<a1[N],a1[N]>,5<a1[N],a1[N]>,5<a1[N],a1[N]>,5<a1[N],a1[N]>,5<a1[N],a1[N]>,5<a1[N],a1[N]>,5<a1[N],a1[N]>,5<a1[N],a1[N]>,5<a1[N],a1[N]>,5<a1[N],a1[N]>,5<a1[N],a1[N]>,5<a1[N],a1[N]>,5<a1[N],a1[N]>,5<a1[N],a1[N]>,5<a1[N],a1[N]>,5<a1[N],a1[N]>,5<a1[N],a1[N]>,5<a1[N],a1[N]>,5<a1[N],a1[N]>,5<a1[N],a1[N]>,5<a1[N],a1[N]>,5<a1[N],a1[N]>,5<a1[N],a1[N]>,5<a1[N],a1[N]>,5<a1[N],a1[N]>,5<a1[N],a1[N]>,5<a1[N],a1[N]>,5<a1[N],a1[N]>,5<a1[N],a1[N]>,5<a1[N],a1[N]>,5<a1[N],a1[N]>,5<a1[N],a1[N]>,5<a1[N],a1[N]>,5<a1[N],a1[N]>,5<a1[N],a1[N]>,5<a1[N],a1[N]>,5<a1[N],a1[N]>,5<a1[N],a1[N]>,5<a1[N],a1[N]>,5<a1[N],a1[N]>,5<a1[N],a1[N]>,5<a1[N],a1[N]>,5<a1[N],a1[N]>,5<a1[N],a1[N]>,5<a1[N],a1[N]>,5<a1[N],a1[N]>,5<a1[N],a1[N]>,5<a1[N],a1[N]>,5<a1[N],a1[N]>,5<a1[N],a1[N]>,5<a1[N],a1[N]>,5<a1[N],a1[N]>,5<a1[N],a1[N]>,5<a1[N],a1[N]>,5<a1[N],a1[N]>,5<a1[N],a1[N]>,5<a1[N],a1[N]>,5<a1[N],a1[N]>,5<a1[N],a1[N]>,5<a1[N],a1[N]>,5<a1[N],a1[N]>,5<a1[N],a1[N]>,5<a1[N],a1[N]>,5<a1[N],a1[N]>,5<a1[N],a1[N]>,5<a1[N],a1[N]>,5<a1[N],a1[N]>,5<a1[N],a1[N]>,5<a1[N],a1[N]>,5<a1[N],a1[N]>,5<a1[N],a1[N]>,5<a1[N],a1[N]>,5<a1[N],a1[N]>,5<a1[N],a1[N]>,5<a1[N],a1[N]>,5<a1[N],a1[N]>,5<a1[N],a1[N]>,5<a1[N],a1[N]>,5<a1[N],a1[N]>,5<a1[N],a1[N]>,5<a1[N],a1[N]>,5<a1[N],a1[N]>,5<a1[N],a1[N]>,5<a1[N],a1[N]>,5<a1[N],a1[N]>,5<a1[N],a1[N]>,5<a1[N],a1[N]>,5<a1[N],a1[N]>,5<a1[N],a1[N]>,5<a1[N],a1[N]>,5<a1[N],a1[N]>,5<a1[N],a1[N]>,5<a1[N],a1[N]>,5<a1[N],a1[N]>,5<a1[N],a1[N]>,5<a1[N],a1[N]>,5<a1[N],a1[N]>,5<a1[N],a1[N]>,5<a1[N],a1[N]>,5<a1[N],a1[N]>,5<a1[N],a1[N]>,5<a1[N],a1[N]>,5<a1[N],a1[N]>,5<a1[N],a1[N]>,5<a1[N],a1[N]>,5<a1[N],a1[N]>,5<a1[N],a1[N]>,5<a1[N],a1[N]>,5<a1[N],a1[N]>,5<a1[N],a1[N]>,5<a1[N],a1[N]>,5<a1[N],a1[N]>,5<a1[N],a1[N]>,5<a1[N],a1[N]>,5<a1[N],a1[N]>,5<a1[N],a1[N]>,5<a1[N],a1[N]>,5<a1[N],a1[N]>,5<a1[N],a1[N]>,5<a1[N],a1[N]>,5<a1[N],a1[N]>,5<a1[N],a1[N]>,5<a1[N],a1[N]>,5<a1[N],a1[N]>,5<a1[N],a1[N]>,5<a1[N],a1[N]>,5<a1[N],a1[N]>,5<a1[N],a1[N]>,5<a1[N],a1[N]>,5<a1[N],a1[N]>,5<a1[N],a1[N]>,5<a1[N],a1[N]>,5<a1[N],a1[N]>,5<a1[N],a1[N]>,5<a1[N],a1[N]>,5<a1[N],a1[N]>,5<a1[N],a1[N]>,5<a1[N],a1[N]>,5<a1[N],a1[N]>,5<a1[N],a1[N]>,5<a1[N],a1[N]>,5<a1[N],a1[N]>,5<a1[N],a1[N]>,5<a1[N],a1[N]>,5<a1[N],a1[N]>,5<a1[N],a1[N]>,5<a1[N],a1[N]>,5<a1[N],a1[N]>,5<a1[N],a1[N]>,5<a1[N],a1[N]>,5<a1[N],a1[N]>,5<a1[N],a1[N]>,5<a1[N],a1[N]>,5<a1[N],a1[N]>,5<a1[N],a1[N]>,5<a1[N],a1[N]>,5<a1[N],a1[N]>,5<a1[N],a1[N]>,5<a1[N],a1[N]>,5<a1[N],a1[N]>,5<a1[N],a1[N]>,5<a1[N],a1[N]>,5<a1[N],a1[N]>,5<a1[N],a1[N]>,5<a1[N],a1[N]>,5<a1[N],a1[N]>,5<a1[N],a1[N]>,5<a1[N],a1[N]>,5<a1[N],a1[N]>,5<a1[N],a1[N]>,5<a1[N],a1[N]>,5<a1[N],a1[N]>,5<a1[N],a1[N]>,5<a1[N],a1[N]>,5<a1[N],a1[N]>,5<a1[N],a1[N]>,5<a1[N],a1[N]>,5<a1[N],a1[N]>,5<a1[N],a1[N]>,5<a1[N],a1[N]>,5<a1[N],a1[N]>,5<a1[N],a1[N]>,5<a1[N],a1[N]>,5<a1[N],a1[N]>,5<a1[N],a1[N]>,5<a1[N],a1[N]>,5<a1[N],a1[N]>,5<a1[N],a1[N]>,5<a1[N],a1[N]>,5<a1[N],a1[N]>,5<a1[N],a1[N]>,5<a1[N],a1[N]>,5<a1[N],a1[N]>,5<a1[N],a1[N]>,5<a1[N],a1[N]>,5<a1[N],a1[N]>,5<a1[N],a1[N]>,5<a1[N],a1[N]>,5<a1[N],a1[N]>,5<a1[N],a1[N]>,5<a1[N],a1[N]>,5<a1[N],a1[N]>,5<a1[N],a1[N]>,5<a1[N],a1[N]>,5<a1[N],a1[N]>,5<a1[N],a1[N]>,5<a1[N],a1[N]>,5<a1[N],a1[N]>,5<a1[N],a1[N]>,5<a1[N],a1[N]>,5<a1[N],a1[N]>,5<a1[N],a1[N]>,5<a1[N],a1[N]>,5<a1[N],a1[N]>,5<a1[N],a1[N]>,5<a1[N],a1[N]>,5<a1[N],a1[N]>,5<a1[N],a1[N]>,5<a1[N],a1[N]>,5<a1[N],a1[N]>,5<a1[N],a1[N]>,5<a1[N],a1[N]>,5<a1[N],a1[N]>,5<a1[N],a1[N]>,5<a1[N],a1[N]>,5<a1[N],a1[N]>,5<a1[N],a1[N]>,5<a1[N],a1[N]>,5<a1[N],a1[N]>,5<a1[N],a1[N]>,5<a1[N],a1[N]>,5<a1[N],a1[N]>,5<a1[N],a1[N]>,5<a1[N],a1[N]>,5<a1[N],a1[N]>,5<a1[N],a1[N]>,5<a1[N],a1[N]>,5<a1[N],a1[N]>,5<a1[N],a1[N]>,5<a1[N],a1[N]>,5<a1[N],a1[N]>,5<a1[N],a1[N]>,5<a1[N],a1[N]>,5<a1[N],a1[N]>,5<a1[N],a1[N]>,5<a1[N],a1[N]>,5<a1[N],a1[N]>,5<a1[N],a1[N]>,5<a1[N],a1[N]>,5<a1[N],a1[N]>,5<a1[N],a1[N]>,5<a1[N],a1[N]>,5<a1[N],a1[N]>,5<a1[N],a1[N]>,5<a1[N],a1[N]>,5<a1[N],a1[N]>,5<a1[N],a1[N]>,5<a1[N],a1[N]>,5<a1[N],a1[N]>,5<a1[N],a1[N]>,5<a1[N],a1[N]>,5<a1[N],a1[N]>,5<a1[N],a1[N]>,5<a1[N],a1[N]>,5<a1[N],a1[N]>,5<a1[N],a1[N]>,5<a1[N],a1[N]>,5<a1[N],a1[N]>,5<a1[N],a1[N]>,5<a1[N],a1[N]>,5<a1[N],a1[N]>,5<a1[N],a1[N]>,5<a1[N],a1[N]>,5<a1[N],a1[N]>,5<a1[N],a1[N]>,5<a1[N],a1[N]>,5<a1[N],a1[N]>,5<a1[N],a1[N]>,5<a1[N],a1[N]>,5<a1[N],a1[N]>,5<a1[N],a1[N]>,5<a1[N],a1[N]>,5<a1[N],a1[N]>,5<a1[N],a1[N]>,5<a1[N],a1[N]>,5<a1[N],a1[N]>,5<a1[N],a1[N]>,5<a1[N],a1[N]>,5<a1[N],a1[N]>,5<a1[N],a1[N]>,5<a1[N],a1[N]>,5<a1[N],a1[N]>,5<a1[N],a1[N]>,5<a1[N],a1[N]>,5<a1[N],a1[N]>,5<a1[N],a1[N]>,5<a1[N],a1[N]>,5<a1[N],a1[N]>,5<a1[N],a1[N]>,5<a1[N],a1[N]>,5<a1[N],a1[N]>,5<a1[N],a1[N]>,5<a1[N],a1[N]>,5<a1[N],a1[N]>,5<a1[N],a1[N]>,5<a1[N],a1[N]>,5<a1[N],a1[N]>,5<a1[N],a1[N]>,5<a1[N],a1[N]>,5<a1[N],a1[N]>,5<a1[N],a1[N]>,5<a1[N],a1[N]>,5<a1[N],a1[N]>,5<a1[N],a1[N]>,5<a1[N],a1[N]>,5<a1[N],a1[N]>,5<a1[N],a1[N]>,5<a1[N],a1[N]>,5<a1[N],a1[N]>,5<a1[N],a1[N]>,5<a1[N],a1[N]>,5<a1[N],a1[N]>,5<a1[N],a1[N]>,5<a1[N],a1[N]>,5<a1[N],a1[N]>,5<a1[N],a1[N]>,5<a1[N],a1[N]>,5<a1[N],a1[N]>,5<a1[N],a1[N]>,5<a1[N],a1[N]>,5<a1[N],a1[N]>,5<a1[N],a1[N]>,5<a1[N],a1[N]>,5<a1[N],a1[N]>,5<a1[N],a1[N]>,5<a1[N],a1[N]>,5<a1[N],a1[N]>,5<a1[N],a1[N]>,5<a1[N],a1[N]>,5<a1[N],a1[N]>,5<a1[N],a1[N]>,5<a1[N],a1[N]>,5<a1[N],a1[N]>,5<a1[N],a1[N]>,5<a1[N],a1[N]>,5<a1[N],a1[N]>,5<a1[N],a1[N]>,5<a1[N],a1[N]>,5<a1[N],a1[N]>,5<a1[N],a1[N]>,5<a1[N],a1[N]>,5<a1[N],a1[N]>,5<a1[N],a1[N]>,5<a1[N],a1[N]>,5<a1[N],a1[N]>,5<a1[N],a1[N]>,5<a1[N],a1[N]>,5<a1[N],a1[N]>,5<a1[N],a1[N]>,5<a1[N],a1[N]>,5<a1[N],a1[N]>,5<a1[N],a1[N]>,5<a1[N],a1[N]>,5<a1[N],a1[N]>,5<a1[N],a1[N]>,5<a1[N],a1[N]>,5<a1[N],a1[N]>,5<a1[N],a1[N]>,5<a1[N],a1[N]>,5<a1[N],a1[N]>,5<a1[N],a1[N]>,5<a1[N],a1[N]>,5<a1[N],a1[N]>,5<a1[N],a1[N]>,5<a1[N],a1[N]>,5<a1[N],a1[N]>,5<a1[N],a1[N]>,5<a1[N],a1[N]>,5<a1[N],a1[N]>,5<a1[N],a1[N]>,5<a1[N],a1[N]>,5<a1[N],a1[N]>,5<a1[N],a1[N]>,5<a1[N],a1[N]>,5<a1[N],a1[N]>,5<a1[N],a1[N]>,5<a1[N],a1[N]>,5<a1[N],a1[N]>,5<a1[N],a1[N]>,5<a1[N],a1[N]>,5<a1[N],a1[N]>,5<a1[N],a1[N]>,5<a1[N],a1[N]>,5<a1[N],a1[N]>,5<a1[N],a1[N]>,5<a1[N],a1[N]>,5<a1[N],a1[N]>,5<a1[N],a1[N]>,5<a1[N],a1[N]>,5<a1[N],a1[N]>,5<a1[N],a1[N]>,5<a1[N],a1[N]>,5<a1[N],a1[N]>,5<a1[N],a1[N]>,5<a1[N],a1[N]>,5<a1[N],a1[N]>,5<a1[N],a1[N]>,5<a1[N],a1[N]>,5<a1[N],a1[N]>,5<a1[N],a1[N]>,5<a1[N],a1[N]>,5<a1[N],a1[N]>,5<a1[N],a1[N]>,5<a1[N],a1[N]>,5<a1[N],a1[N]>,5<a1[N],a1[N]>,5<a1[N],a1[N]>,5<a1[N],a1[N]>,5<a1[N],a1[N]>,5<a1[N],a1[N]>,5<a1[N],a1[N]>,5<a1[N],a1[N]>,5<a1[N],a1[N]>,5<a1[N],a1[N]>,5<a1[N],a1[N]>,5<a1[N],a1[N]>,5<a1[N],a1[N]>,5<a1[N],a1[N]>,5<a1[N],a1[N]>,5<a1[N],a1[N]>,5<a1[N],a1[N]>,5<a1[N],a1[N]>,5<a1[N],a1[N]>,5<a1[N],a1[N]>,5<a1[N],a1[N]>,5<a1[N],a1[N]>,5<a1[N],a1[N]>,5<a1[N],a1[N]>,5<a1[N],a1[N]>,5<a1[N],a1[N]>,5<a1[N],a1[N]>,5<a1[N],a1[N]>,5<a1[N],a1[N]>,5<a1[N],a1[N]>,5<a1[N],a1[N]>,5<a1[N],a1[N]>,5<a1[N],a1[N]>,5<a1[N],a1[N]>,5<a1[N],a1[N]>,5<a1[N],a1[N]>,5<a1[N],a1[N]>,5<a1[N],a1[N]>,5<a1[N],a1[N]>,5<a1[N],a1[N]>,5<a1[N],a1[N]>,5<a1[N],a1[N]>,5<a1[N],a1[N]>,5<a1[N],a1[N]>,5<a1[N],a1[N]>,5<a1[N],a1[N]>,5<a1[N],a1[N]>,5<a1[N],a1[N]>,5<a1[N],a1[N]>,5<a1[N],a1[N]>,5<a1[N],a1[N]>,5<a1[N],a1[N]>,5<a1[N],a1[N]>,5<a1[N],a1[N]>,5<a1[N],a1[N]>,5<a1[N],a1[N]>,5<a1[N],a1[N]>,5<a1[N],a1[N]>,5<a1[N],a1[N]>,5<a1[N],a1[N]>,5<a1[N],a1[N]>,5<a1[N],a1[N]>,5<a1[N],a1[N]>,5<a1[N],a1[N]>,5<a1[N],a1[N]>,5<a1[N],a1[N]>,5<a1[N],a1[N]>,5<a1[N],a1[N]>,5<a1[N],a1[N]>,5<a1[N],a1[N]>,5<a1[N],a1[N]>,5<a1[N],a1[N]>,5<a1[N],a1[N]>,5<a1[N],a1[N]>,5<a1[N],a1[N]>,5<a1[N],a1[N]>,5<a1[N],a1[N]>,5<a1[N],a1[N]>,5<a1[N],a1[N]>,5<a1[N],a1[N]>,5<a1[N],a1[N]>,5<a1[N],a1[N]>,5<a1[N],a1[N]>,5<a1[N],a1[N]>,5<a1[N],a1[N]>,5<a1[N],a1[N]>,5<a1[N],a1[N]>,5<a1[N],a1[N]>,5<a1[N],a1[N]>,5<a1[N],a1[N]>,5<a1[N],a1[N]>,5<a1[N],a1[N]>,5<a1[N],a1[N]>,5<a1[N],a1[N]>,5<a1[N],a1[N]>,5<a1[N],a1[N]>,5<a1[N],a1[N]>,5<a1[N],a1[N]>,5<a1[N],a1[N]>,5<a1[N],a1[N]>,5<a1[N],a1[N]>,5<a1[N],a1[N]>,5<a1[N],a1[N]>,5<a1[N],a1[N]>,5<a1[N],a1[N]>,5<a1[N],a1[N]>,5<a1[N],a1[N]>,5<a1[N],a1[N]>,5<a1[N],a1[N]>,5<a1[N],a1[N]>,5<a1[N],a1[N]>,5<a1[N],a1[N]>,5<a1[N],a1[N]>,5<a1[N],a1[N]>,5<a1[N],a1[N]>,5<a1[N],a1[N]>,5<a1[N],a1[N]>,5<a1[N],a1[N]>,5<a1[N],a1[N]>,5<a1[N],a1[N]>,5<a1[N],a1[N]>,5<a1[N],a1[N]>,5<a1[N],a1[N]>,5<a1[N],a1[N]>,5<a1[N],a1[N]>,5<a1[N],a1[N]>,5<a1[N],a1[N]>,5<a1[N],a1[N]>,5<a1[N],a1[N]>,5<a1[N],a1[N]>,5<a1[N],a1[N]>,5<a1[N],a1[N]>,5<a1[N],a1[N]>,5<a1[N],a1[N]>,5<a1[N],a1[N]>,5<a1[N],a1[N]>,5<a1[N],a1[N]>,5<a1[N],a1[N]>,5<a1[N],a1[N]>,5<a1[N],a1[N]>,5<a1[N],a1[N]>,5<a1[N],a1[N]>,5<a1[N],a1[N]>,5<a1[N],a1[N]>,5<a1[N],a1[N]>,5<a1[N],a1[N]>,5<a1[N],a1[N]>,"],"id":3}],"audition":{"start":[1,0],"end":[1,91]}}
