{"baseBpm":120,"musics":[{"id":1,"baseBeats":0.25,"scores":["(C-1.e.g.c1)[L],e[L],(e.g.d1)[L],e[L],(G-2.d.g.b)[J],(#F-1.d.#f.a)[L],b[L],a[L],g[L],(E-1.b.e1.g1)[J],(C-1.c.e.g.c1)[L],e[L],(e.g.d1)[L],e[L],(G-2.G-1.d.g.b)[MN],d[L],g[LM],(D-1.A-1.d.g.a)[J],#f[LMN],b[L],d1[L],(C-1.g.c1.e1)[L],G-1[L],(e.g.c1.e1)[L],d1[M],D-1[M],(G-2.G-1.d.g.b)[LMN],(d.g.b)[K],(#F-1.d.a)[L],b[L],a[L],g[L],(E-1.B-1.e)[J],(C-1.e)[L],(G-1.g)[L],(e.d1)[L],b[M],D-1[M],(G-2.G-1.d.g)[MN],d[M],G-1[M],g[L],a[L],(D-1.A-1.d.g)[K],(d.g)[L],d[M],A-1[M],(d.#f)[K],b[L],d1[L],(C-1.g.c1.e1)[L],G-1[L],(e.g.c1.e1)[MN],d1[M],G-1[M],(E-1.e.g.b)[J],(C-1.c.g.c1.e1)[K],(D-1.d.g.a.d1.#f1)[K],(E-1.#f.g.b)[K],e[LM],(C-1.g)[L],(G-1.a)[L],(b.e)[L],a[L],(D-1.A-1.d.#f.a)[K],g[L],g[K],(G-1.e.g.c1)[L],e[L],(e.g.d1)[L],e[MN],(G-2.d.b)[KMM],d[M],g[M],b[M],(G-2.e.g.c1)[L],G-1[MN],(e.g.d1)[L],e[MN],(G-2.d.b)[KMM],d[L],(g.c1.e1.g1)[K],(g.c1.e1.g1)[K],(g.b.d1.g1)[K],(e.b.d1.g1)[L],d[L],(#f.a.d1.#f1)[K],(g.a.d1.#f1)[K],(e.b.e1.g1)[K],(e.b.e1.g1)[K],(c1.e1.g1)[L],g[L],(g.c1.e1.g1)[L],g[L],(g.b.d1.g1)[LM],(g.b.d1.g1)[L],a[L],(d1.#f1.g1)[LM],(b.d1.#f1)[L],b[L],(e1.g1)[K],(e1.g1)[L],g[L],(C-1.c1)[L],(G-1.c1)[L],(e.c1)[L],G-1[L],(G-1.d.g.b)[K],a[L],g[L],(#F-1.a)[L],(d.g)[L],(#f.a)[L],(d.b)[L],(E-1.a)[L],(B-1.g)[L],(E-2.E-1.e)[K],(E-2.E-1)[K],(E-2.E-1)[K],(C-1.e.g.d1)[L],g[M],c[M],g[MN],g[M],G-1[M],(G-2.G-1.B-1.d.g)[L],g[M],G-1[M],g[L],a[L],(D-1.d.g.b)[L],d[M],A-1[M],(D-1.A-1.d.#f.a)[K],(G-2.G-1.B-1.g)[K],(B-1.g)[L],B-1[M],G-1[M],(B-1.g)[L],B-1[M],G-1[M],(G-2.G-1.#f.g.d1)[L],(e.g.c1)[M],G-1[M],(G-2.G-1.d.g.b)[K],(d.g.b)[L],5<(G-1.d)[M]>,G-2[M],(G-2.G-1.d.g.b)[L],(G-2.G-1.g.g1)[L],(G-2.G-1.b.b1)[L],(G-2.G-1.d1.d2)[L],(C-1.e1.g1.e2)[M],G-1[M],e[M],g[M],(c1.e1.g1.e2)[L],d2[M],d[M],(G-1.d1.g1.b1)[M],d[M],d1[M],b[M],d1[L],b1[M],d[M],(#F-1.d1.a1)[L],(d.b1)[L],(a.a1)[L],g1[M],B-1[M],(E-1.g.b.e1)[L],g[M],B-1[M],(g.b.e1)[K],(C-1.g.d1.e1)[L],(G-1.g1)[L],(e.d2)[L],b1[M],d[M],(G-1.d1.g1)[L],d1[M],d[M],g1[L],a1[L],(D-1.a.d1.g1.a1)[L],a[L],(a.d1.g1)[L],a[M],d[M],(D-1.a.d1.#f1)[L],a[M],d[M],(b.b1)[L],(d1.d2)[L],5<(C-1.e1.g1.e2)[M]>,G-1[M],d[M],e[M],(g.e1.g1.e2)[L],(d1.g1.d2)[L],(E-1.b.e1.g1.b1)[L],B-1[L],(g.b.e1.g1)[K],(C-1.c.e1.g1.e2)[K],(D-1.d.#f1.a1.#f2)[K],(E-1.e.b.e1.g1.b1)[K],(b.e1.g1.b1)[K],(C-1.d1.e1.g1)[L],(G-1.a1)[L],(e.c1.e1.b1)[L],a1[L],(D-1.d.d1.g1)[K],g1[L],g1[L],(G-1.e.g.c1)[K],(e.g.c1)[L],g1[M],5<(e.c1)[M]>,(G-1.d.b)[KN],d[M],g[M],b[M],(G-1.e.g.c1)[K],(#f.g.d1)[K],(d.b)[J];"]},{"id":2,"baseBeats":0.25,"scores":["d2[L],5<(c1.g2)[M]>,d1[M],g1[M],d1[M],5<(g1.c2.g2)[M]>,d1[M],g1[M],d1[M],5<(g.b1.g2)[M]>,d1[M],g1[M],d1[M],(b1.e2)[L],d2[L],5<(d1.d2.#f2)[M]>,#f1[M],a1[M],#f1[M],5<(d2.g2)[M]>,#f1[M],a1[M],#f1[M],5<(e1.g2)[M]>,g1[M],b1[M],g1[M],(b1.e2)[L],d2[L],5<(c1.g2)[M]>,e1[M],g1[M],e1[M],5<(g1.c2.g2)[M]>,e1[M],g1[M],e1[M],5<(g.b1.g2)[M]>,d1[M],a1[M],d1[M],(b1.g2)[MN],g2[MN],(d1.d2.#f2.a2)[L],a1[L],b2[MN],(a1.b2)[L],e[M],b[M],e1[M],#f1[M],(g1.b1)[L],g2[L],5<(c.e2.c3)[M]>,g[M],c1[M],d1[M],5<(e1.e2.c3)[M]>,d1[M],c1[M],g[M],5<(G-1.d2.b2)[M]>,d[M],5<(a.a2)[M]>,d[M],(b.g1)[MN],a2[L],5<(d.a2)[M]>,a[M],d1[M],e1[M],5<(#f1.b2)[M]>,e1[M],d1[M],a[M],(b1@e2@g2@e@b2)[L],b[L],(#f1.a2)[L],(b.g2)[L],g1[L],g1[M],g1[M],(E-1.e.d2@e2.g2)[MN],(D-1.d.d2.g2)[MN],(d2@e2.c2.C-1)[L],(G-1.c2.g2)[L],(c.c2.g2)[L],(G-1.c2.g2)[L],(G-1.b1.g2)[L],(d.b1.g2)[L],(b.b1.g2)[MN],(c2.a2)[L],(d.g.b.d2.g2.b2)[L],5<(g.d2)[M]>,D-1[M],(D-1.A-1.d.d2.#f2.a2)[MN],d2[L],(G-1.d.b1.g2)[KM],(b.d1.g1)[L],b[M],5<(G-1.d)[M]>,(b.d1.g1)[L],b[M],5<(G-1.d)[M]>,(G-1.d.b.d1.g1)[L],(e.c1.g1)[L],(G-1.d.b.g1)[L],(G-2.G-1.b)[L],(G-2.G-1.b.g1)[L],(G-2.G-1.b.g1)[L],(G-2.G-1.b.d1.g1)[L],5<(G-2.G-1.b)[M]>,g1[M],(G-2.G-1.b.b1)[L],(B-2.B-1.d1.d2)[L],5<(C-1.e1.g1.e2)[M]>,G-1[M],e[M],g[M],(c1.e1.g1.e2)[L],d2[M],d[M],5<(G-1.d1.g1.b1)[M]>,d[M],d1[M],b[M],d1[M],g1[M],b1[M],d[M],5<(D-1.d1.g1.a1)[M]>,A-1[M],5<(#f.b1)[M]>,g[M],a1[L],g1[M],B-1[M],(E-1.g.b.e1)[L],g[M],B-1[M],(g.b.e1)[L],g[M],B-1[M],5<(C-1.e1)[M]>,G-1[M],g1[M],5<(e.e1)[M]>,(e1.g1.d2)[MN],5<(d1.g1.b1)[M]>,D-1[M],G-2[M],d1[M],d1[M],(G-1.g1)[M],(G-2.g1)[M],a1[M],a1[M],b1[M],5<(D-1.d1.g1.a1)[M]>,d[MN],5<(d.a)[M]>,a[M],5<(d.d1)[M]>,g1[M],5<(d.a1)[M]>,5<(D-1.a.d1.#f1)[M]>,d[L],5<(d.d1)[M]>,5<(G-2.b.d1.b1)[M]>,g1[M],(B-2.d1.g1.d2)[L],5<(C-1.e1.g1.e2)[M]>,G-1[M],c[M],e[M],5<(g.e1.g1.e2)[M]>,e[M],5<(c.d2)[M]>,G-1[M],5<(E-1.e1.g1.b1)[M]>,B-1[M],5<(e.e1)[M]>,#f[M],g[M],e[M],b[L],5<(C-1.g1.c2.e2)[M]>,5<(G-1.g1)[M]>,5<(e.c2)[M]>,5<(G-1.g2)[M]>,5<(D-1.#f2)[M]>,5<(A-1.d2)[M]>,5<(#f.a1)[M]>,5<(A-1.#f1)[M]>,(E-1.e1.g1.b1)[K],(e1.g1.b1)[K],(C-1.c1.e1.g1)[L],c1[M],c[M],5<(c1.e1.g1)[M]>,e[M],g[M],c1[M],(D-1.#f.g.d1)[MN],#f[M],A-1[M],(#f.g.d1)[K],(G-2.G-1.g.b.d1)[K],(g.b.d1)[L],d[L],(g.b.d1)[J],d3[L],5<(c2.g3)[M]>,g2[M],c3[M],g2[M],g3[M],g2[M],c3[M],g2[M],(g1.b2.g3)[K],e3[L],d3[L],5<(#f1.#f3)[M]>,d2[M],a2[M],d2[M],g3[M],d2[M],a2[L],(e1.g3)[L],b1[L],(g2.e3)[LM],d2[M],(c1.g2)[L],g1[L],c2[L],g2[L],(g@d1@g1@b1@d2@g2)[LMN],g2[L],g2[L],5<(#f.a2)[M]>,d1[M],a1[M],d2[M],b2[L],b2[L],e[M],b[M],#f1[M],g1[M],d2[LM],(c2@e2@c@g2@c3)[L],g[L],(e1.c2.e2.g2.c3)[MN],g[L],(e.b1.e2.g2.b2)[L],(b.a1.a2)[L],(g1.g2)[L],(a1.a2)[MN],(a1@c2@e2@A-1@a2)[L],e[L],(c1.b1.b2)[K],(e.b1.e2.g2.b2)[L],b[L],(#f1.a1.a2)[MN],(g1.g2)[LM],g3[M],#f3[M],d3[M],a2[M],g2[M],#f2[M],d2[M],(c.d2@e2)[L],(g.g1.c2.g2)[L],(e1.g1.c2.g2)[L],(g.g1.c2.g2)[L],(G-1.g1.b1.g2)[L],(d.g1.b1.g2)[L],(b.g1.b1.g2)[L],(a1.c2.a2)[L],(d.b1.d2.b2)[L],a[L],(#f1.a1.c2.a2)[L],a[L],(G-1.g1.b1.g2)[L],d[M],(b.d1.g1)[LN],d[M],(b.d1.g1)[LN],d[M],(b.d1.g1)[MN],(G-1.e.c1.g1)[MN],(G-1.d.b.d1.g1)[M],5<(G-2.G-1.b.d1.g1)[M]>,5<(G-2.G-1)[M]>,(G-2.G-1.b.d1.g1)[L],5<(G-2.G-1.b.d1.g1)[M]>,5<(G-2.G-1)[M]>,5<(G-2.G-1.b.d1.g1)[M]>,5<(G-2.G-1)[M]>,5<(G-2.G-1.b.d1.g1)[M]>,5<(G-2.G-1)[M]>,5<(G-2.G-1.b.d1.b1)[M]>,5<(b.d1.b1)[M]>,5<(B-2.B-1.d1.g1.d2)[M]>,5<(d1.g1.d2)[M]>,5<(C-1.e1.g1.e2)[M]>,G-1[M],c[M],e[M],5<(g.e1.g1.e2)[M]>,e[M],(d1.g1.d2)[MN],5<(G-2.b.d1.b1)[M]>,D-1[M],G-1[M],B-1[M],d[M],g[M],b[MN],5<(D-1.a.d1.a1)[M]>,A-1[M],5<(e.b.d1.b1)[M]>,A-1[M],5<(#f.a.d1.a1)[M]>,A-1[M],(d.g1)[MN],5<(E-1.g.e1)[M]>,B-1[M],e[M],#f[M],g[M],#f[M],e[M],B-1[M],5<(C-1.e1)[M]>,G-1[M],g1[M],e[M],d2[M],G-1[M],b1[M],C-1[M],G-2[M],5<(D-1.g)[M]>,5<(B-1.b)[M]>,5<(d.d1)[M]>,5<(g.g1)[M]>,5<(d.d1)[M]>,a1[MN];"]},{"id":3,"baseBeats":0.25,"scores":["D-1[M],A-1[M],d[M],8<(a~A-1.d2~#f2~g2~d.#f2~d2~A-1.a1~g1~d.#f1~A-1.a~g~D-1.#f)[KMM]>,A-1[M],d1[M],(G-2.G-1.d1.g1.b1)[L],(B-2.B-1.d1.g1.d2)[L],5<(C-1.e1.g1.e2)[M]>,G-1[M],e[M],g[M],5<(c1.e1.g1.e2)[M]>,g[M],(e.d1.g1.d2)[MN],5<(E-1.e1.g1.b1)[M]>,B-1[M],e[M],B-1[M],#f1[M],B-1[M],g[L],5<(C-1.e2)[M]>,5<(G-1.e1)[M]>,5<(e.g1)[M]>,5<(G-1.c2)[M]>,e2[M],5<(D-1.#f2)[M]>,5<(A-1.#f1)[M]>,5<(#f.a1)[M]>,5<(A-1.d2)[M]>,#f2[M],5<(E-1.e.g2)[M]>,#f2[M],e2[M],b1[M],g1[M],#f1[M],e1[M],5<(E-2.b)[M]>,5<(E-1@g.E-2)[M]>,#f[M],e[M],#f[M],g[M],b[M],e1[M],#f1[KM],5<(C-1.g1)[M]>,G-1[M],5<(d.a1)[M]>,e[M],5<(g.a1@b1)[M]>,e[M],5<(g.a1)[M]>,e[M],D-1[M],A-1[M],d[M],A-1[M],(d.g1)[L],g1[L],e[M],b[M],e1[M],5<(b.g1@a1@g1)[M]>,5<(e1.#f1)[M]>,5<(b.g1)[M]>,5<(e1.a1)[M]>,5<(b.b1)[M]>,5<(A-1.e2)[M]>,e[M],d1[M],g1[M],#c1[JM],(A-1.e.c1.d1.g1)[L],a1[L],(c1.d1.g1.b1)[L],a1[L],(d.a.c1.e1)[K],g1[L],g1[J],(G-1.e.c1.g1)[K],(c1.g1)[L],g1[L],(G-1.d.b)[K],5<(b.g1)[M]>,d[M],g[M],b[M],(G-1.e.c1.g1)[L],c1[M],e[M],(c1.g1)[MN],g1[L],(G-1.d.b)[K],(b.g1)[L],b[M],d[M],(G-1.e.c1.g1)[K],(c1.g1)[L],g1[M],e[M],(G-1.d.b)[K],5<(b.g1)[M]>,d[M],g[M],b[M],(G-1.#d.c1.g1)[L],c1[M],#d[M],(c1.g1)[L],g1[JM],(G-1@d@g@b@d1@g1)[J];"]}]}