{"baseBpm":300,"musics":[{"bpm":300,"baseBeats":0.5,"scores":["mute[L],U,mute[L],U,mute[L],U,mute[L],U,mute[L],U,mute[L],U,mute[L],U,mute[L],U,mute[L],U,mute[L],U,mute[L],U,mute[L],U,mute[L],U,mute[L],U,mute[L],U,mute[L],U,mute[L],U,mute[L],U,mute[L],U,mute[L],U,mute[L],U,mute[L],U,mute[L],U,mute[L],U,mute[L],U,mute[L],U,mute[L],U,mute[L],U,mute[L],U,mute[L],U,mute[L],U,mute[L],U,mute[L],U,mute[L],U,mute[L],U,mute[L],U,mute[L],U,mute[L],U,mute[L],U,mute[L],U,mute[L],U,mute[L],U,mute[L],U,mute[L],U,mute[L],U,mute[L],U,mute[L],U,mute[L],U,mute[L],U,mute[L],U,mute[L],U,mute[L],U,mute[L],U,mute[L],U,mute[L],U,mute[L],U,mute[L],U,mute[L],U,mute[L],U,mute[L],U,mute[L],U,mute[L],U,mute[L],U,mute[L],U,mute[L],U,mute[L],U,mute[L],U,mute[L],U,mute[L],U,mute[L],U,mute[L],U,mute[L],U,mute[L],U,mute[L],U,mute[L],U,mute[L],U,mute[L],U,mute[L],U,mute[L],U;","c1[L],U,c1[L],U,c1[L],U,c1[L],U,c1[L],U,c1[L],U,c1[L],U,c1[L],U,c1[L],U,c1[L],U,c1[L],U,c1[L],U,c1[L],U,c1[L],U,c1[L],U,c1[L],U,c1[L],U,c1[L],U,c1[L],U,c1[L],U,c1[L],U,c1[L],U,c1[L],U,c1[L],U,c1[L],U,c1[L],U,c1[L],U,c1[L],U,c1[L],U,c1[L],U,c1[L],U,c1[L],U,c1[L],U,c1[L],U,c1[L],U,c1[L],U,c1[L],U,c1[L],U,c1[L],U,c1[L],U,c1[L],U,c1[L],U,c1[L],U,c1[L],U,c1[L],U,c1[L],U,c1[L],U,c1[L],U,c1[L],U,c1[L],U,c1[L],U,c1[L],U,c1[L],U,c1[L],U,c1[L],U,c1[L],U,c1[L],U,c1[L],U,c1[L],U,c1[L],U,c1[L],U,c1[L],U,c1[L],U,c1[L],U,c1[L],U,c1[L],U,c1[L],U,c1[L],U,c1[L],U,c1[L],U,c1[L],U,c1[L],U,c1[L],U,c1[L],U,c1[L],U,c1[L],U,c1[L],U,c1[L],U,c1[L];"],"id":1,"instruments":["piano","piano"],"alternatives":["",""]},{"bpm":300,"baseBeats":0.5,"scores":["mute[L],U,mute[L],U,mute[L],U,mute[L],U,mute[L],U,mute[L],U,mute[L],U,mute[L],U,mute[L],U,mute[L],U,mute[L],U,mute[L],U,mute[L],U,mute[L],U,mute[L],U,mute[L],U,mute[L],U,mute[L],U,mute[L],U,mute[L],U,mute[L],U,mute[L],U,mute[L],U,mute[L],U,mute[L],U,mute[L],U,mute[L],U,mute[L],U,mute[L],U,mute[L],U,mute[L],U,mute[L],U,mute[L],U,mute[L],U,mute[L],U,mute[L],U,mute[L],U,mute[L],U,mute[L],U,mute[L],U,mute[L],U,mute[L],U,mute[L],U,mute[L],U,mute[L],U,mute[L],U,mute[L],U,mute[L],U,mute[L],U,mute[L],U,mute[L],U,mute[L],U,mute[L],U,mute[L],U,mute[L],U,mute[L],U,mute[L],U,mute[L],U,mute[L],U,mute[L],U,mute[L],U,mute[L],U,mute[L],U,mute[L],U,mute[L],U,mute[L],U,mute[L],U,mute[L],U,mute[L],U,mute[L],U,mute[L],U,mute[L],U,mute[L],U,mute[L],U,mute[L],U,mute[L],U,mute[L],U,mute[L],U;","c1[L],U,c1[L],U,c1[L],U,c1[L],U,c1[L],U,c1[L],U,c1[L],U,c1[L],U,c1[L],U,c1[L],U,c1[L],U,c1[L],U,c1[L],U,c1[L],U,c1[L],U,c1[L],U,c1[L],U,c1[L],U,c1[L],U,c1[L],U,c1[L],U,c1[L],U,c1[L],U,c1[L],U,c1[L],U,c1[L],U,c1[L],U,c1[L],U,c1[L],U,c1[L],U,c1[L],U,c1[L],U,c1[L],U,c1[L],U,c1[L],U,c1[L],U,c1[L],U,c1[L],U,c1[L],U,c1[L],U,c1[L],U,c1[L],U,c1[L],U,c1[L],U,c1[L],U,c1[L],U,c1[L],U,c1[L],U,c1[L],U,c1[L],U,c1[L],U,c1[L],U,c1[L],U,c1[L],U,c1[L],U,c1[L],U,c1[L],U,c1[L],U,c1[L],U,c1[L],U,c1[L],U,c1[L],U,c1[L],U,c1[L],U,c1[L],U,c1[L],U,c1[L],U,c1[L],U,c1[L],U,c1[L],U,c1[L],U,c1[L],U,c1[L],U,c1[L],U,c1[L],U,c1[L],U,c1[L],U,c1[L],U;"],"id":2,"instruments":["piano","piano"],"alternatives":["",""]},{"bpm":300,"baseBeats":0.5,"scores":["mute[L],U,mute[L],U,mute[L],U,mute[L],U,mute[L],U,mute[L],U,mute[L],U,mute[L],U,mute[L],U,mute[L],U,mute[L],U,mute[L],U,mute[L],U,mute[L],U,mute[L],U,mute[L],U,mute[L],U,mute[L],U,mute[L],U,mute[L],U,mute[L],U,mute[L],U,mute[L],U,mute[L],U,mute[L],U,mute[L],U,mute[L],U,mute[L],U,mute[L],U,mute[L],U,mute[L],U,mute[L],U,mute[L],U,mute[L],U,mute[L],U,mute[L],U,mute[L],U,mute[L],U,mute[L],U,mute[L],U,mute[L],U,mute[L],U,mute[L],U,mute[L],U,mute[L],U,mute[L],U,mute[L],U,mute[L],U,mute[L],U,mute[L],U,mute[L],U,mute[L],U,mute[L],U,mute[L],U,mute[L],U,mute[L],U,mute[L],U,mute[L],U,mute[L],U,mute[L],U,mute[L],U,mute[L],U,mute[L],U,mute[L],U,mute[L],U,mute[L],U,mute[L],U,mute[L],U,mute[L],U,mute[L],U,mute[L],U,mute[L],U,mute[L],U,mute[L],U,mute[L],U,mute[L],U,mute[L],U,mute[L],U,mute[L],U,mute[L],U,mute[L],U,mute[L],U,mute[L],U,mute[L],U,mute[L],U,mute[L],U,mute[L],U,mute[L],U,mute[L],QQ;","c1[L],U,c1[L],U,c1[L],U,c1[L],U,c1[L],U,c1[L],U,c1[L],U,c1[L],U,c1[L],U,c1[L],U,c1[L],U,c1[L],U,c1[L],U,c1[L],U,c1[L],U,c1[L],U,c1[L],U,c1[L],U,c1[L],U,c1[L],U,c1[L],U,c1[L],U,c1[L],U,c1[L],U,c1[L],U,c1[L],U,c1[L],U,c1[L],U,c1[L],U,c1[L],U,c1[L],U,c1[L],U,c1[L],U,c1[L],U,c1[L],U,c1[L],U,c1[L],U,c1[L],U,c1[L],U,c1[L],U,c1[L],U,c1[L],U,c1[L],U,c1[L],U,c1[L],U,c1[L],U,c1[L],U,c1[L],U,c1[L],U,c1[L],U,c1[L],U,c1[L],U,c1[L],U,c1[L],U,c1[L],U,c1[L],U,c1[L],U,c1[L],U,c1[L],U,c1[L],U,c1[L],U,c1[L],U,c1[L],U,c1[L],U,c1[L],U,c1[L],U,c1[L],U,c1[L],U,c1[L],U,c1[L],U,c1[L],U,c1[L],U,c1[L],U,c1[L],U,c1[L],U,c1[L],U,c1[L],U,c1[L],U,c1[L],U,c1[L],U,c1[L],U,c1[L],U,c1[L],U,c1[L],U,c1[L],U,c1[L],U,c1[L],U,c1[L],U,c1[L],QQ;"],"id":3,"instruments":["piano","piano"],"alternatives":["",""]}],"audition":{"start":[0,0],"end":[2,177]}}