{"baseBpm":120,"musics":[{"bpm":120,"baseBeats":0.5,"scores":["d2[L],#d2[L],d2[K],c2[K],#a1[K];a1[K],T,a1[L],c2[L],#a1[K];a1[K],g1[K],#f1[K],T;d1[L],#f1[L],a1[L],d2[L],#f2[L],d2[L],g2[L],d2[L];d2[L],c2[L],c2[L],a1[L],c2[L],#a1[L],#a1[L],a1[L];c2[L],#a1[L],a1[L],g1[L],#f1[K],T;d2[L],#d2[L],d2[K],c2[K],#a1[K];a1[K],T,a1[L],c2[L],#a1[K];a1[K],g1[K],#f1[K],T;d1[L],#f1[L],a1[L],d2[L],#f2[L],d2[L],g2[L],d2[L];","T,(#a.d1)[K],(a.d1)[K],(g.d1)[K];(#f.d1)[K],T,T,(g.d1)[K];(f.d1)[K],(e.#c1)[K],(d.d1)[K],T;T,d[K],c[K],#A-1[K];A-1[K],#F-1[K],G-1[K],c[K];#d[K],#c[K],d[K],D-1[K];T,(#a.d1)[K],(a.d1)[K],(g.d1)[K];(#f.d1)[K],T,T,(g.d1)[K];(f.d1)[K],(e.#c1)[K],(d.d1)[K],T;T,d[K],c[K],#A-1[K];"],"id":1},{"bpm":124,"baseBeats":0.5,"scores":["d2[L],c2[L],c2[L],a1[L],c2[L],#a1[L],#a1[L],a1[L];a1[L],g1[L],g1[L],#f1[L],g1[K],T;g1[K],(#a.g1)[J],(b.g1)[K];(c1.g1)[K],f1[K],c2[K],T;#a1[L],#g1[L],g1[L],f1[L],#g1[K],g1[K];#d2[K],(#a1.#d2)[J],(b1.#d2)[K];(c2.f2)[L],#d2[L],d2[L],c2[L],#a1[L],#g1[L],#g1[L],g1[L];g1[L],#a1[L],#g1[L],f1[L],#d1[K],U,U;g1[K],(#a.g1)[J],(b.g1)[K];(c1.g1)[K],f1[K],c2[K],T;#a1[L],#g1[L],g1[L],f1[L],#g1[K],g1[K];","A-1[K],#F-1[K],G-1[K],c[L],#d[L];d[K],D-1[K],G-1[K],T;T,#d[JK];#G-1[JK],(#A-1.d.#g)[JK];#d[K],g[K];T,(g.#d1)[J],#c1[K];(#g.c1)[J],f1[K],(#a.#d1)[J];d1[K],U,#a[L],#g[L],f[L];#d[K],#d[JK];#G-1[JK],(#A-1.d.#g)[JK];#d[K],g[K];"],"id":2},{"bpm":128,"baseBeats":0.5,"scores":["#d2[K],(#a1.#d2)[J],(b1.#d2)[K];(c2.f2)[L],#d2[L],d2[L],c2[L],#a1[L],#g1[L],#g1[L],g1[L];g1[L],#a1[L],#g1[L],f1[L],#d1[L],U,U,U;#a1[L],U,#g2[K],g2[L],f2[L],#d2[L],d2[L];c2[K],#a1[K],a1[L],#a1[L],#a2[L],#g2[L];g2[L],f2[L],#d2[L],d2[L],c2[L],#a1[L],a1[L],#a1[L];a1[L],#a1[L],(#a1.g2)[J],(b1.g2)[K];(c2.g2)[K],f2[K],c3[K],T;#a2[L],#g2[L],g2[L],f2[L],#d2[L],U,U,U;#a1[L],U,#g2[K],g2[L],f2[L],#d2[L],d2[L];c2[K],#a1[K],a1[L],#a1[L],#a2[L],#g2[L];g2[L],f2[L],#d2[L],d2[L],c2[L],#a1[L],a1[L],#a1[L];a1[L],#a1[L],(#a1.g2)[J],(b1.g2)[K];(c2.g2)[K],f2[K],c3[K],T;#a2[L],#g2[L],g2[L],f2[L],#d2[K];","T,(g.#d1)[J],#c1[K];(#g.c1)[J],f1[K],(#a.#d1)[J];d1[K],U,g1[L],#d1[L],g1[L];f1[L],#d1[L],(#a.d1.#g1)[J],#d1[K];f1[K],T,T,(#a.d1.#g1)[J];#d1[K],f1[K],T;T,(#d1.g1)[JK];(#g.f1)[JK],(#a.d1.#g1)[JK];(#d1.g1)[L],#a1[L],#g1[L],g1[L];f1[L],#d1[L],(#a.d1.#g1)[J],#d1[K];f1[K],T,T,(#a.d1.#g1)[J];#d1[K],f1[K],T;T,(#d1.g1)[JK];(#g.f1)[JK],(#a.d1.#g1)[JK];(#d1.g1)[K];"],"id":3}],"audition":{"start":[0,0],"end":[0,12]}}