{"baseBpm":120,"demo":null,"audition":{"start":[0,0],"end":[0,29]},"musics":[{"baseBeats":0.5,"measureBeats":3,"scores":["A-1[L],c1[L],a1[L],e1[L],c2[L],a1[L];e2[L],c2[L],a2[L],e2[L],9<c3[J]>;f2[K],#a2[K];9<a2[J]>,#g2[K];U,c1[L],a1[L],e1[L],c2[L],a1[L];e2[L],c2[L],a2[L],e2[L],c3[K];f2[K],#a2[K],#g2[K];a2[JK];U,c1[L],a1[L],e1[L],c2[L],a1[L];e2[L],c2[L],a2[L],e2[L],9<c3[J]>;f2[K],#a2[K];9<a2[J]>,#g2[K];U,c1[L],a1[L],e1[L],c2[L],a1[L];e2[L],c2[L],a2[L],e2[L],9<c3[J]>;#a2[K],#g2[K];a2[JK];","T,(a.c1)[K],(a.c1)[K];A-1[K],(a.c1)[K],(a.c1)[K];d[K],(#a.d1)[K],(#a.d1)[K];(e.b1.d2)[K],(b.d1)[K],(b.d1)[K];A-1[K],(a.c1)[K],(a.c1)[K];A-1[K],(a.c1)[K],(a.c1)[K];(d.d2)[K],(#a.d1)[K],(e.b.d1.b1.d2)[K];(A-1.a.a1.c2)[JK];A-1[K],(a.c1)[K],(a.c1)[K];A-1[K],(a.c1)[K],(a.c1)[K];d[K],(#a.d1)[K],(#a.d1)[K];(e.b1.d2)[K],(b.d1)[K],(b.d1)[K];A-1[K],(a.c1)[K],(a.c1)[K];A-1[K],(a.c1)[K],(a.c1)[K];(d.d2.f2)[K],(#a.d1)[K],(e.b.d1.b1.d2)[K];(A-1.a.a1.c2)[JK];"],"instruments":["piano","piano"],"alternatives":["",""],"id":1,"bpm":120},{"baseBeats":0.5,"measureBeats":3,"scores":["U,e2[L],b2[L],#g2[L],e3[K];U,e2[L],c3[L],a2[L],e3[K];U,e2[L],b2[L],#g2[L],e3[K];U,e2[L],c3[L],a2[L],e3[K];A-1[L],c1[L],a1[L],e1[L],c2[L],a1[L];e2[L],c2[L],a2[L],e2[L],9<c3[J]>;f2[K],#a2[K];9<a2[J]>,#g2[K];U,c1[L],a1[L],e1[L],c2[L],a1[L];e2[L],c2[L],a2[L],e2[L],c3[K];f2[K],#a2[K],#g2[K];a2[JK];","e[K],(#g.b)[K],(#g.b)[K];e[K],(a.c1)[K],(a.c1)[K];e[K],(#g.b)[K],(#g.b)[K];e[K],(a.c1)[K],(#g.b)[K];T,(a.c1)[K],(a.c1)[K];A-1[K],(a.c1)[K],(a.c1)[K];d[K],(#a.d1)[K],(#a.d1)[K];(e.b1.d2)[K],(b.d1)[K],(b.d1)[K];A-1[K],(a.c1)[K],(a.c1)[K];A-1[K],(a.c1)[K],(a.c1)[K];(d.d2)[K],(#a.d1)[K],(e.b.d1.b1.d2)[K];(A-1.a.a1.c2)[JK];"],"instruments":["piano","piano"],"alternatives":["",""],"id":2,"bpm":120},{"baseBeats":0.5,"measureBeats":3,"scores":["U,e2[L],b2[L],#g2[L],e3[K];U,e2[L],c3[L],a2[L],e3[K];U,e2[L],b2[L],#g2[L],e3[K];U,e2[L],c3[L],a2[L],e3[K];U,c1[L],a1[L],e1[L],c2[L],a1[L];e2[L],c2[L],a2[L],e2[L],9<c3[J]>;f2[K],#a2[K];9<a2[J]>,#g2[K];U,c1[L],a1[L],e1[L],c2[L],a1[L];e2[L],c2[L],a2[L],e2[L],9<c3[J]>;#a2[K],#g2[K];a2[JK];","e[K],(#g.b)[K],(#g.b)[K];e[K],(a.c1)[K],(a.c1)[K];e[K],(#g.b)[K],(#g.b)[K];e[K],(a.c1)[K],(#g.b)[K];A-1[K],(a.c1)[K],(a.c1)[K];A-1[K],(a.c1)[K],(a.c1)[K];d[K],(#a.d1)[K],(#a.d1)[K];(e.b1.d2)[K],(b.d1)[K],(b.d1)[K];A-1[K],(a.c1)[K],(a.c1)[K];A-1[K],(a.c1)[K],(a.c1)[K];(d.d2.f2)[K],(#a.d1)[K],(e.b.d1.b1.d2)[K];(A-1.a.a1.c2)[JK];"],"instruments":["piano","piano"],"alternatives":["",""],"id":3,"bpm":120}]}