{"baseBpm":240,"musics":[{"bpm":240,"baseBeats":0.75,"scores":["(#A-1.f.f1.d2)[JK],(F-1.f.c2.f1)[KL],#a1[KL],(c.f.g1.#d2)[JK],(F-1.f.a1.c2)[JK],(d.f.f2.#a1)[JK],(#A-1.f.d2)[KL],g2[KL],(A-1.f.f2.c2)[KL],#d2[KL],(F-1.f.d2.a1)[KL],c2[KL],(#A-1.f.d2.f1)[JK],(d.f.c2.f1)[KL],#a1[KL],(c.f.#d2.g1)[JK],(#d.f.c2.a1)[KL],f2[KL],(d.f.#a1.f2)[KL],d2[KL],(#A-1.f.c2.#d2)[KL],(#a1.d2)[KL],(F-1.f.#a1.d2)[JK],(a1.c2)[JK],(#A-1.f.f1.d2)[JK],(F-1.f.c2.f1)[KL],#a1[KL],(c.f.g1.#d2)[JK],(F-1.f.a1.c2)[JK],(d.f.f2.#a1)[JK],(#A-1.f.d2)[KL],g2[KL],(A-1.f.f2.c2)[KL],#d2[KL],(F-1.f.d2.a1)[KL],c2[KL],(#A-1.f.d2.f1)[JK],(d.f.c2.f1)[KL],#a1[KL],(c.f.#d2.g1)[JK],(#d.f.c2.a1)[KL],f2[KL],(d.f.#a1.f2)[KL],d2[KLN],(#A-1.f.c2.#d2)[KLN],(#a1.d2)[KLN],(F-1.f.#a1.d2)[JKMN],(a1.c2)[JKLM],(e.c1.g1.c2)[JKM],(c.g.e1)[KL],#a1[KL],(f.a.a1.c1)[JK],(#A-1.g.d1.#a1)[KL],"],"id":1},{"bpm":240,"baseBeats":0.75,"scores":["TU,ST,ST,ST,ST,ST,TU,TU,ST,ST,ST,ST,RS,RW,mute[LM],mute[LM],mute[LM],mute[LM],mute[LM],mute[LM],mute[LM],mute[LM],mute[LM],mute[LM],mute[LM],mute[LM],mute[LM],mute[LM],mute[LM],mute[LM],mute[LM],mute[LM],mute[LM],mute[LM],mute[LM],mute[LM],mute[LM],mute[LM],mute[LM],mute[LM],mute[LM],STVW,ST,ST,TU,TU,ST,TU,5<UV>,5<UV>,5<UV>,5<UV>,5<UV>,5<UV>,TU,TU,ST,TU,mute[LM],mute[LM],TU,TU,TU,TU,ST,","d1[KL],(c.a.f1)[JK],(c.e.g.c1.e1.g1)[JK],(F-1.f.c1.e1.g1)[JK],(c1.f1.a1)[JK],(#f.a.a1.d2)[JK],(d.a.#f1)[KL],c2[KL],(#a.g.d1.#a1)[JK],(f.a.d1.a1.d2)[JK],(#d.g.#a.g1.#a1.g2)[JK],(#d.g.#a.#a1.g2.#a2)[JK],(#c.e.g.#a.e2.g2.#a2)[IJ],c[JKLM],a2[LM],g2[LM],f2[LM],e2[LM],f2[LM],g2[LM],a2[LM],#a2[LM],b2[LM],c3[LM],#a2[LM],(f.a.a2)[LM],#a2[LM],b2[LM],#a2[LM],b2[LM],c3[LM],#c3[LM],c3[LM],#c3[LM],d3[LM],#d3[LM],d3[LM],#d3[LMN],d3[LMN],#d3[LM],d3[LMN],(#d1.c1.#d3)[JKMN],(c1.f)[JK],(d1.#a.d3)[JK],(#a.f.d.#A-1.f3)[KL],#a2[KL],(#d1.c1.#d3)[JK],(c1.f)[JK],(d1.#a.#d3)[M],d3[M],#d3[M],d3[M],#d3[M],d3[M],#d3[M],d3[M],#d3[M],d3[M],c3[M],d3[M],(#a.f.d.#A-1.f3)[KL],#a2[KL],(#d1.c1.#d3)[JK],(f.c1)[KL],f3[LM],#d3[LM],(d1.#a.d3)[KL],(g.#a.#d3)[KL],(d.#a.f3)[KL],(#d.#a.g3)[KL],(f.d2.#a2)[JK],"],"id":2},{"bpm":240,"baseBeats":0.75,"scores":["TU,TU,ST,ST,TU,TU,TU,TU,TU,TU,TU,5<UV>,5<UV>,5<UV>,5<UV>,5<UV>,5<UV>,TU,5<UV>,5<UV>,5<UV>,5<UV>,5<UV>,5<UV>,TU,TU,mute[LM],mute[LM],mute[LM],mute[LM],mute[LM],mute[LM],mute[LM],mute[LM],TUW,TUW,TU,TUW,TUW,TUW,TUW,TUV,STVW,STVW,RSV,RSV,STV,STV,RSUV,RSVW,STVW,STU,R,RUV,QTU,","(F-1.c3.#d2)[KL],(d3.f2)[KL],(#A-1.c3.#d2)[JK],(#A-2.#a2.d2)[JK],(c.#d2)[KL],g1[KL],(F-1.c2)[KL],a1[KL],(#A-1.f1)[KL],d2[KL],(#a.f.d.f2)[KL],#a1[KL],(c.#d2.a1)[M],g1[M],a1[M],g1[M],a1[M],g1[M],a1[M],g1[M],a1[M],g1[M],#f1[M],g1[M],(F-1.c2)[KL],a1[KL],(#A-1.f1.#d3)[M],d3[M],#d3[M],d3[M],#d3[M],d3[M],#d3[M],d3[M],#d3[M],d3[M],c3[M],d3[M],(#a.f.d.f3)[KL],#a2[KL],(c.#d2)[LM],g1[LM],c2[LM],#a1[LM],(F-1.a1)[LM],#a1[LM],(f2.c2)[LM],(#d2.a1)[LM],(#A-1.f1.d2)[KLN],(G-1.#a1.#d2)[KLN],(D-1.#a1.f2)[KL],(#D-1.#a1.g2)[KLN],F-1[KLN],(d1.#a1)[KLN],(F-2.#d1.c2)[KLN],(f1.d2)[KLM],(#A-2.#d1.c2)[JKMN],(d1.#a1)[JKMN],(f.a.c1.f1.a1.c2)[IJM],(d1.#a.f1.#a1.d2)[IJM],(g.#a.g1.#a1.#d2)[JKM],(a.c1.f1.c2.f2)[JKM],(#a.d1.f1.d2)[IJLM],(c1.a.f.f1.a1.c2)[IJMN],(d.a.d1.#f1.a1.d2)[JKMN],(g.#a.d1.g1.#a1)[JKL],(c.c1.g1.#d2)[I],(f.c1.#d1.a1)[ILM],(#A-1.#a.d1.#a1)[HKL],"],"id":3}],"audition":{"start":[0,0],"end":[1,0]}}