{"baseBpm":390,"musics":[{"bpm":390,"baseBeats":0.75,"scores":["5<UV>,5<UV>,5<UV>,5<UV>,5<UV>,5<UV>,5<UV>,5<UV>,5<UV>,5<UV>,5<UV>,5<UV>,5<UV>,5<UV>,5<UV>,5<UV>,5<UV>,5<UV>,5<UV>,5<UV>,5<UV>,5<UV>,5<UV>,5<UV>,5<UV>,5<UV>,5<UV>,5<UV>,5<UV>,5<UV>,5<UV>,5<UV>,5<UV>,5<UV>,5<UV>,5<UV>,5<UV>,5<UV>,5<UV>,5<UV>,5<UV>,5<UV>,5<UV>,5<UV>,5<UV>,5<UV>,5<UV>,5<UV>,TU,TU,TU,TU,ST,TU,TUW,TUW,TUV,STU,TUV,TU,TU,mute[LM],mute[LM],TU,TU,TU,mute[LM],mute[LM],TU,mute[LM],mute[LM],TU,TU,TU,TU,TU,mute[LM],mute[LM],TU,TU,TU,TU,TU,TUW,TUVW,TUV,TUW,TU,TU,","(c.g1.f1)[L],a1[L],g1[L],(g.a1)[L],g1[L],a1[L],g1[L],a1[L],g1[L],(b.a1.#d1)[L],g1[L],a1[L],(g1.f1)[L],a1[L],g1[L],(c1.a1.e1)[L],g1[L],a1[L],(c.g1.f2)[L],a1[L],g1[L],(g.a1)[L],g1[L],a1[L],g1[L],a1[L],g1[L],(b.a1.#d2)[L],g1[L],a1[L],(g1.f2)[L],a1[L],g1[L],(c1.a1.e2)[L],g1[L],a1[L],(c.g1.f1)[L],a1[L],g1[L],(g.a1)[L],g1[L],a1[L],g1[L],a1[L],g1[L],(b.a1.#d1)[L],g1[L],a1[L],(g1.f1)[L],a1[L],g1[L],(c1.a1.e1)[L],g1[L],a1[L],(c.g1.f2)[L],a1[L],g1[L],(g.a1)[L],g1[L],a1[L],g1[L],a1[L],g1[L],(b.a1.#d2)[L],g1[L],a1[L],(g1.f2)[L],a1[L],g1[L],(c1.a1.e2)[L],g1[L],a1[L],(d.b.g1.d2)[KL],(d.g.b1.d2)[KL],(d.a.c1.#f1)[KL],(d.c1.a.#f1)[KL],(G-1.g.b.d1.g1)[JK],d[KL],d[KLN],(#F-1.a.c1.d1)[KLN],(#F-1.a.c1.d1)[KLM],(G-1.g.b.d1)[JKL],g1[KLM],b1[KL],(d1.d2)[KL],(c1.e2)[LM],#f2[LM],(b.g2)[KL],(g.b2)[KL],(d.d3)[KL],(a.e2.c3)[LM],#f2[LM],(d1.g2.b2)[KL],(e1.c2.a2)[LM],#f1[LM],(g1.b1.g2)[KL],g[KL],c[KL],e[KL],(g.g2)[KL],(a.f2)[LM],(b.g2)[LM],(c1.e2)[KL],(e1.c2)[KL],(g1.e2)[KL],(f1.d2)[KL],(g.e1.c2)[KL],(f.d1.b1)[KLN],(e.c1.c2)[KLMN],c[KLM],F-1[KLN],A-1[KL],(c.f1)[KL],"],"id":1},{"bpm":390,"baseBeats":0.75,"scores":["UV,mute[LM],TU,mute[LM],mute[LM],TU,TU,TU,TU,TU,TU,TU,TU,TU,TU,TU,TU,TU,TU,TU,TU,TU,mute[LM],TU,5<UV>,5<UV>,5<UV>,5<UV>,5<UV>,5<UV>,5<UV>,5<UV>,5<UV>,5<UV>,5<UV>,5<UV>,5<UV>,5<UV>,5<UV>,5<UV>,5<UV>,5<UV>,5<UV>,5<UV>,5<UV>,TU,5<UV>,mute[LM],5<UV>,5<UV>,5<UV>,5<UV>,5<UV>,5<UV>,5<UV>,5<UV>,5<UV>,5<UV>,5<UV>,5<UV>,5<UV>,5<UV>,5<UV>,5<UV>,5<UV>,5<UV>,5<UV>,5<UV>,5<UV>,5<UV>,5<UV>,5<UV>,5<UV>,5<UV>,5<UV>,5<UV>,5<UV>,5<UV>,5<UV>,5<UV>,5<UV>,5<UV>,5<UV>,5<UV>,5<UV>,5<UV>,5<UV>,5<UV>,5<UV>,5<UV>,5<UV>,5<UV>,5<UV>,5<UV>,5<UV>,5<UV>,5<UV>,5<UV>,5<UV>,5<UV>,5<UV>,5<UV>,5<UV>,5<UV>,5<UV>,5<UV>,5<UV>,5<UV>,5<UV>,5<UV>,5<UV>,5<UV>,5<UV>,,","(d.a1)[LM],e[LM],(f.c2)[KL],(#a.d2)[LM],(g.e2)[LM],(f.f2)[KL],(c1.a.a1.c2)[KL],(d1.#a.#a1.d2)[KL],(a.c1.a1.c2)[KL],(f.f2)[KL],(c1.a.a1.c2)[KL],(d1.#a.#a1.d2)[KL],(c1.a.a1.c2)[KL],(f.f2)[KL],(c1.a.a1.c2)[KL],(d1.#a.#a1.d2)[KL],(c1.a.a1.c2)[KL],(f.f1.a1)[KL],(a.c2)[KL],(g.d1.#a1)[KL],(c.e1.g1)[KL],(f.f1)[KL],(A-1.a)[LM],#G-1[LM],(A-1.a.g1)[L],b[L],a[L],b[L],a[L],b[L],(e.a)[L],b[L],a[L],(#c.b.e1)[L],a[L],b[L],(d.a.g1)[L],b[L],a[L],(b.f1)[L],a[L],b[L],(A-1.a.g1)[L],b[L],a[L],(e.b)[L],a[L],b[L],a[L],b[L],a[L],(#c.b.e1)[L],a[L],b[L],(d.a.f1)[L],#g[L],a[L],(G-1.d.#a.#a1)[KLN],(C-1.#a1)[L],D-1[LN],C-1[L],(D-1.e1)[L],C-1[L],D-1[L],C-1[L],D-1[L],C-1[L],(D-1.#g1.e1)[L],C-1[L],D-1[L],(C-1.#a1)[L],D-1[L],C-1[L],(D-1.f1.a1)[L],C-1[L],D-1[L],(C-1.f1.#g1)[L],D-1[L],C-1[L],(D-1.b1)[L],C-1[L],D-1[L],C-1[L],D-1[L],C-1[L],(D-1.d1.f1.b1)[L],C-1[L],D-1[L],(C-1.#g1.f1)[L],D-1[L],C-1[L],(D-1.c2.e1.g1)[L],C-1[L],D-1[L],(C-1.#a1)[L],D-1[L],C-1[L],(D-1.e1)[L],C-1[L],D-1[L],C-1[L],D-1[L],C-1[L],(D-1.#g1.e1)[L],C-1[L],D-1[L],(C-1.b1)[L],D-1[L],C-1[L],(D-1.f1.a1)[L],C-1[L],D-1[L],(C-1.g1.#a1)[L],D-1[L],C-1[L],(D-1.e1)[L],C-1[L],D-1[L],(C-1.f1)[L],D-1[L],C-1[L],(D-1.a1)[L],C-1[L],D-1[L],(C-1.a1.c2)[L],D-1[L],C-1[L],(D-1.#f1)[L],C-1[L],D-1[L],(C-1.g1)[L],D-1[L],C-1[L],(D-1.#a1)[L],C-1[L],D-1[L],(C-1.#a1.d2)[L],D-1[L],C-1[L],(D-1.#g1)[L],C-1[L],D-1[L],(C-1.a1)[L],D-1[L],C-1[L],(D-1.c2)[L],C-1[L],D-1[L],(C-1.e2)[L],D-1[L],C-1[L],(D-1.#a1)[L],C-1[L],D-1[L],(C-1.b1)[L],D-1[L],C-1[L],(D-1.d2)[L],"],"id":2},{"bpm":390,"baseBeats":0.75,"scores":["TW,5<UV>,5<UV>,5<UV>,5<UV>,5<UV>,T,5<UV>,5<UV>,5<UV>,5<UV>,5<UV>,5<UV>,5<UV>,5<UV>,5<UV>,5<UV>,5<UV>,5<UV>,5<UV>,TVW,5<UV>,5<UV>,5<UV>,5<UV>,5<UV>,5<UV>,5<UV>,T,mute[LM],T,mute[LM],mute[LM],mute[LM],mute[LM],mute[LM],TW,mute[LM],mute[LM],5<UV>,5<UV>,5<UV>,5<UV>,5<UV>,5<UV>,5<UV>,5<UV>,5<UV>,5<UV>,5<UV>,5<UV>,5<UV>,5<UV>,5<UV>,5<UV>,5<UV>,5<UV>,5<UV>,5<UV>,5<UV>,5<UV>,5<UV>,5<UV>,5<UV>,5<UV>,5<UV>,5<UV>,STUVW,","C-1[L],D-1[L],(C-1.f2)[L],D-1[L],C-1[L],(D-1.b1)[L],C-1[MN],D-1[L],(C-1.c2)[L],D-1[M],e2[M],C-1[LN],(D-1.g2)[L],C-1[M],#c2[M],D-1[L],(C-1.d2)[L],D-1[M],f2[M],C-1[L],(D-1.a2)[L],C-1[MN],#d2[M],D-1[L],(C-1.e2)[L],D-1[M],g2[M],C-1[L],(D-1.#a2)[L],C-1[M],e2[M],D-1[L],(C-1.f2)[L],D-1[M],a2[M],C-1[L],(D-1.#f2)[L],C-1[M],c3[M],D-1[LN],(C-1.g2)[L],D-1[M],#a2[M],C-1[L],(D-1.#g2)[L],C-1[M],d3[M],D-1[L],(C-1.a2)[L],D-1[M],c3[M],C-1[L],(D-1.a2)[L],C-1[M],e3[M],D-1[L],(C-1.#a2)[LN],(D-1.d3)[L],(C-1.#a2)[LN],(D-1.f3)[LN],(C-1.b2)[L],(D-1.f3)[LN],(C-1.c3)[LN],(D-1.e3)[L],(C-1.c3)[LN],(D-1.g3)[LN],(C-1.#c3)[LN],(D-1.g3)[LN],(C-1.d3)[L],(D-1.f3)[LN],(C-1.d3)[LN],(D-1.a3)[L],(C-1.#d3)[LN],(D-1.a3)[LN],(C-1.#d3)[L],#f3[N],D-1[MN],e3[M],C-1[M],g3[L],(D-1.e3)[MN],g3[M],C-1[M],e3[MN],D-1[N],#g3[L],(C-1.e3)[L],#g3[N],D-1[MN],f3[MN],C-1[N],a3[L],(D-1.f3)[MN],a3[M],C-1[M],g3[MN],D-1[N],#a3[L],(C-1.d3)[L],f3[M],D-1[M],#g3[MN],C-1[N],b3[L],(D-1.d3)[L],f3[N],C-1[MN],g3[M],B-2[M],b3[L],(C-1.e3)[MN],c4[L],g3[L],e3[L],c3[L],g2[L],e2[L],c2[L],g1[MN],e1[L],c1[L],g[L],e[L],c[L],G-1[L],E-1[L],C-1[JKLMN],"],"id":3}],"audition":{"start":[0,0],"end":[1,0]}}