{"baseBpm":160,"musics":[{"bpm":160,"baseBeats":0.5,"scores":["d3[K],e3[L],d3[L],#c3[L],d3[L],#f3[L],a3[L];d4[K],T,#f2[K],g1[K];g2[K],e2[K],(#f1.#f2)[K],d2[K];d3[K],e3[L],d3[L],#c3[L],d3[L],#f3[L],a3[L];d4[K],T,#f2[K],g1[K];g2[K],e2[K],(#f1.d2)[J];d3[K],e3[L],d3[L],#c3[L],d3[L],#f3[L],a3[L];d4[K],T,#f2[K],g1[K];g2[K],e2[K],(#f1.#f2)[K],d2[K];d3[K],e3[L],d3[L],#c3[L],d3[L],#f3[L],a3[L];d4[K],T,#f2[K],g1[K];g2[K],e2[K],","T,ST;D-1[K],d[J],a[J];#c1[K],d1[J];T,ST;D-1[K],d[J],a[J];#c1[K],d1[J];T,ST;D-1[K],d[J],a[J];#c1[K],d1[J];T,ST;D-1[K],d[J],a[J];#c1[K],"],"id":1},{"bpm":162,"baseBeats":0.5,"scores":["(#f1.d2)[J],a1[K],b1[L],a1[L];#g1[L],a1[L],#c2[L],e2[L],a2[K],T;g2[K],T,e2[K],#c2[K];d2[K],#f2[K],a1[K],b1[L],a1[L];#g1[L],a1[L],#c2[L],e2[L],a2[K],T;g2[K],T,e2[K],#c2[K];(#f1.d2)[J],a1[K],b1[L],a1[L];#g1[L],a1[L],#c2[L],e2[L],a2[K],T;g2[K],T,e2[K],#c2[K];d2[K],#f2[K],a1[K],b1[L],a1[L];#g1[L],a1[L],#c2[L],e2[L],a2[K],T;g2[K],T,e2[K],#c2[K];(#f1.d2)[J],a1[K],","d1[J],T,ST;A-1[K],a[J];#c1[K],e1[K],g1[K];(d.#f1)[J],T,ST;A-1[K],a[J];#c1[K],e1[K],g1[K];d[J],T,ST;A-1[K],a[J];#c1[K],e1[K],g1[K];(d.#f1)[J],T,ST;A-1[K],a[J];#c1[K],e1[K],g1[K];d[J],T,"],"id":2},{"bpm":164,"baseBeats":0.5,"scores":["(#f1.a1.d2)[L],U,U,U,U,U,(d1.g1.b1)[L],U;U,U,U,U,(#g1.b1.e2)[L],U,U,U;U,U,(e1.a1.#c2)[L],U,U,U,U,U;(#a1.#c2.#f2)[L],U,U,U,U,U,(#f1.b1.d2)[L],U;U,U,U,U,#g2[L],U,U,U;#f2[L],#g2[L],a2[K],a1[K],a1[K];(#f1.a1.d2)[L],U,U,U,U,U,(d1.g1.b1)[L],U;U,U,U,U,(#g1.b1.e2)[L],U,U,U;U,U,(e1.a1.#c2)[L],U,U,U,U,U;(#a1.#c2.#f2)[L],U,U,U,U,U,(#f1.b1.d2)[L],U;U,U,U,U,#g2[L],U,U,U;#f2[L],#g2[L],a2[K],","D-1[L],d[L],#F-1[L],d[L],A-1[L],d[L],G-1[L],g[L];B-1[L],g[L],d[L],g[L],E-1[L],e[L],#G-1[L],e[L];B-1[L],e[L],A-1[L],a[L],#c[L],a[L],e[L],a[L];#F-1[L],#f[L],#A-1[L],#f[L],#c[L],#f[L],B-1[L],b[L];d[L],b[L],#f[L],b[L],e[L],#f[L],e[L],d[L];#c[L],B-1[L],A-1[K],T,T;D-1[L],d[L],#F-1[L],d[L],A-1[L],d[L],G-1[L],g[L];B-1[L],g[L],d[L],g[L],E-1[L],e[L],#G-1[L],e[L];B-1[L],e[L],A-1[L],a[L],#c[L],a[L],e[L],a[L];#F-1[L],#f[L],#A-1[L],#f[L],#c[L],#f[L],B-1[L],b[L];d[L],b[L],#f[L],b[L],e[L],#f[L],e[L],d[L];#c[L],B-1[L],A-1[K],"],"id":3}],"audition":{"start":[0,0],"end":[0,14]}}