{"baseBpm":300,"musics":[{"id":1,"baseBeats":0.5,"scores":["A-2[L],A-2[L],A-1[L],A-2[L],A-2[L],A-2[L],A-1[L],A-2[L],A-2[L],A-2[L],A-1[L],A-2[L],A-2[L],A-2[L],A-1[L],A-2[L];A-2[L],A-2[L],A-1[L],A-2[L],A-2[L],A-2[L],A-1[L],A-2[L],A-2[L],A-2[L],A-1[L],A-2[L],A-2[L],A-2[L],A-1[L],A-2[L];F-2[L],F-2[L],F-1[L],F-2[L],F-2[L],F-2[L],F-1[L],F-2[L],G-2[L],G-2[L],G-1[L],G-2[L],G-2[L],G-2[L],G-1[L],G-2[L];A-2[L],A-2[L],A-1[L],A-2[L],A-2[L],A-2[L],A-1[L],A-2[L],A-2[L],A-2[L],A-1[L],A-2[L],A-2[L],A-2[L],A-1[L],A-2[L];A-2[L],A-2[L],A-1[L],A-2[L],A-2[L],A-2[L],A-1[L],A-2[L],A-2[L],A-2[L],A-1[L],A-2[L],A-2[L],A-2[L],A-1[L],A-2[L];A-2[L],A-2[L],A-1[L],A-2[L],A-2[L],A-2[L],A-1[L],A-2[L],A-2[L],A-2[L],A-1[L],A-2[L],A-2[L],A-2[L],A-1[L],A-2[L];F-2[L],F-2[L],F-1[L],F-2[L],F-2[L],F-2[L],F-1[L],F-2[L],G-2[L],G-2[L],G-1[L],G-2[L],G-2[L],G-2[L],G-1[L],G-2[L];A-2[L],A-2[L],A-1[L],A-2[L],A-2[L],A-2[L],A-1[L],A-2[L],A-2[L],A-2[L],A-1[L],A-2[L],A-2[L],A-2[L],A-1[L],A-2[L];A-2[L],A-2[L],A-1[L],A-2[L],A-2[L],A-2[L],A-1[L],A-2[L],A-2[L],A-2[L],A-1[L],A-2[L],A-2[L],A-2[L],A-1[L],A-2[L];A-2[L],A-2[L],A-1[L],A-2[L],A-2[L],A-2[L],A-1[L],A-2[L],A-2[L],A-2[L],A-1[L],A-2[L],A-2[L],A-2[L],A-1[L],A-2[L];F-2[L],F-2[L],F-1[L],F-2[L],F-2[L],F-2[L],F-1[L],F-2[L],G-2[L],G-2[L],G-1[L],G-2[L],G-2[L],G-2[L],G-1[L],G-2[L];A-2[L],A-2[L],A-1[L],A-2[L],A-2[L],A-2[L],A-1[L],A-2[L],A-2[L],A-2[L],A-1[L],A-2[L],A-2[L],A-2[L],A-1[L],A-2[L];A-2[L],A-2[L],A-1[L],A-2[L],A-2[L],A-2[L],A-1[L],A-2[L],A-2[L],A-2[L],A-1[L],A-2[L],A-2[L],A-2[L],A-1[L],A-2[L];A-2[L],A-2[L],A-1[L],A-2[L],A-2[L],A-2[L],A-1[L],A-2[L],A-2[L],A-2[L],A-1[L],A-2[L],A-2[L],A-2[L],A-1[L],A-2[L];F-2[L],F-2[L],F-1[L],F-2[L],F-2[L],F-2[L],F-1[L],F-2[L],G-2[L],G-2[L],G-1[L],G-2[L],G-2[L],G-2[L],G-1[L],G-2[L];A-2[L],A-2[L],A-1[L],A-2[L],A-2[L],A-2[L],A-1[L],A-2[L],A-2[L],A-2[L],A-1[L],A-2[L],A-2[L],A-2[L],A-1[L],A-2[L];A-2[L],A-2[L],A-1[L],A-2[L],A-2[L],A-2[L],A-1[L],A-2[L],A-2[L],A-2[L],A-1[L],A-2[L],A-2[L],A-2[L],A-1[L],A-2[L];A-2[L],A-2[L],A-1[L],A-2[L],A-2[L],A-2[L],A-1[L],A-2[L],A-2[L],A-2[L],A-1[L],A-2[L],A-2[L],A-2[L],A-1[L],A-2[L];F-2[L],F-2[L],F-1[L],F-2[L],F-2[L],F-2[L],F-1[L],F-2[L],G-2[L],G-2[L],G-1[L],G-2[L],G-2[L],G-2[L],G-1[L],G-2[L];A-2[L],A-2[L],A-1[L],A-2[L],A-2[L],A-2[L],A-1[L],A-2[L],A-2[L],A-2[L],A-1[L],A-2[L],A-2[L],A-2[L],A-1[L],A-2[L];A-2[L],A-2[L],A-1[L],A-2[L],A-2[L],A-2[L],A-1[L],A-2[L],A-2[L],A-2[L],A-1[L],A-2[L],A-2[L],A-2[L],A-1[L],A-2[L];A-2[L],A-2[L],A-1[L],A-2[L],A-2[L],A-2[L],A-1[L],A-2[L],A-2[L],A-2[L],A-1[L],A-2[L],A-2[L],A-2[L],A-1[L],A-2[L];F-2[L],F-2[L],F-1[L],F-2[L],F-2[L],F-2[L],F-1[L],F-2[L],G-2[L],G-2[L],G-1[L],G-2[L],G-2[L],G-2[L],G-1[L],G-2[L];A-2[L],A-2[L],A-1[L],A-2[L],A-2[L],A-2[L],A-1[L],A-2[L],A-2[L],A-2[L],A-1[L],A-2[L],A-2[L],A-2[L],A-1[L],A-2[L];","T,(d.d1)[K],(e.e1)[J],(d.d1)[K],(e.e1)[J],(d.d1)[K];(e.e1)[J],(d.d1)[K],(e.e1)[J],(d.d1)[K],(e.e1)[J];T,(d.d1)[K],(e.e1)[J],(d.d1)[K],(e.e1)[J],(d.d1)[K];(e.e1)[J],(d.d1)[K],(e.e1)[J],(d.d1)[K],(e.e1)[J];T,(d.d1)[K],(e.e1)[J],(d.d1)[K],(e.e1)[J],(d.d1)[K];(e.e1)[J],(d.d1)[K],(e.e1)[J],(d.d1)[K],(e.e1)[J];T,(d.d1)[K],(e.e1)[J],(d.d1)[K],(e.e1)[J],(d.d1)[K];(e.e1)[J],(d.d1)[K],(e.e1)[J],(d.d1)[K],(e.e1)[J];(a.c1.e1.a1)[J],(a.a1)[J],(g.g1)[K],(a.a1)[JK];(a.c1.e1.a1)[K],(a.a1)[K],(g.g1)[K],(a.a1)[IK];(f.a.c1.f1)[K],(f.f1)[JK],(g.b.d1.g1)[K],(g.g1)[JK];(a.c1.e1.a1)[K],(a.a1)[K],(g.g1)[K],(a.a1)[IK];(a.c1.e1.a1)[J],(a.a1)[J],(g.g1)[K],(a.a1)[JK];(a.c1.e1.a1)[K],(a.a1)[K],(g.g1)[K],(a.a1)[IK];(f.a.c1.f1)[K],(f.f1)[JK],(g.b.d1.g1)[K],(g.g1)[JK];(a.c1.e1.a1)[K],(a.a1)[K],(g.g1)[K],(a.a1)[IK];T,(a.#c1.e1.a1)[KL],(a.#c1.e1.a1)[KL],(g.b.d1.g1)[KL],(g.b.d1.g1)[KL],(a.#c1.e1.a1)[K];T,(a.#c1.e1.a1)[KL],(a.#c1.e1.a1)[KL],(#c1.e1.a1.c2)[KL],(#c1.e1.a1.c2)[KL],(b.e1.g1.b1)[K];T,(f.a.c1.f1)[KL],(f.a.c1.f1)[KL],(g.b.d1.g1)[KL],(g.b.d1.g1)[KL],(g.b.d1.g1)[K];T,(a.#c1.e1.a1)[KL],(a.#c1.e1.a1)[KL],(a.#c1.e1.a1.#c2)[KL],(a.#c1.e1.a1.#c2)[KL],(a.#c1.d1.a1.#c2)[K];T,(a.#c1.e1.a1)[KL],(a.#c1.e1.a1)[KL],(g.b.d1.g1)[KL],(g.b.d1.g1)[KL],(a.#c1.e1.a1)[K];T,(a.#c1.e1.a1)[KL],(a.#c1.e1.a1)[KL],(#c1.e1.a1.c2)[KL],(#c1.e1.a1.c2)[KL],(b.e1.#g1.b1)[K];T,(f.a.c1.f1)[KL],(f.a.c1.f1)[KL],(g.b.d1.g1)[KL],(g.b.d1.g1)[KL],(g.b.d1.g1)[K];T,(a.#c1.e1.a1)[KL],(a.#c1.e1.a1)[KL],(a.#c1.e1.a1.#c2)[KL],(a.#c1.e1.a1.#c2)[KL],(a.#c1.d1.a1.#c2)[K];"]},{"id":2,"baseBeats":0.5,"scores":["C-1[L],C-1[L],c[L],C-1[L],C-1[L],C-1[L],c[L],C-1[L],C-1[L],C-1[L],c[L],C-1[L],C-1[L],C-1[L],c[L],C-1[L];G-2[L],G-2[L],G-1[L],G-2[L],G-2[L],G-2[L],G-1[L],G-2[L],G-2[L],G-2[L],G-1[L],G-2[L],G-2[L],G-2[L],G-1[L],G-2[L];F-2[L],F-2[L],F-1[L],F-2[L],F-2[L],F-2[L],F-1[L],F-2[L],G-2[L],G-2[L],G-1[L],G-2[L],G-2[L],G-2[L],G-1[L],G-2[L];C-2[L],C-2[L],C-1[L],C-2[L],C-2[L],C-2[L],C-1[L],C-2[L],C-2[L],C-2[L],C-1[L],C-2[L],C-2[L],C-2[L],C-1[L],C-2[L];F-2[L],F-2[L],F-1[L],F-2[L],F-2[L],F-2[L],F-1[L],F-2[L],G-2[L],G-2[L],G-1[L],G-2[L],G-2[L],G-2[L],G-1[L],G-2[L];C-2[L],C-2[L],C-1[L],C-2[L],C-2[L],C-2[L],C-1[L],C-2[L],C-2[L],C-2[L],C-1[L],C-2[L],C-2[L],C-2[L],C-1[L],C-2[L];F-2[L],F-2[L],F-1[L],F-2[L],F-2[L],F-2[L],F-1[L],F-2[L],F-2[L],F-2[L],F-1[L],F-2[L],F-2[L],F-2[L],F-1[L],F-2[L];G-2[L],G-2[L],G-1[L],G-2[L],G-2[L],G-2[L],G-1[L],G-2[L],G-2[L],G-2[L],G-1[L],G-2[L],G-2[L],G-2[L],G-1[L],G-2[L];A-2[L],A-2[L],A-1[L],A-2[L],A-2[L],A-2[L],A-1[L],A-2[L],A-2[L],A-2[L],A-1[L],A-2[L],A-2[L],A-2[L],A-1[L],A-2[L];A-2[L],A-2[L],A-1[L],A-2[L],A-2[L],A-2[L],A-1[L],A-2[L],A-2[L],A-2[L],A-1[L],A-2[L],A-2[L],A-2[L],A-1[L],A-2[L];F-2[L],F-2[L],F-1[L],F-2[L],F-2[L],F-2[L],F-1[L],F-2[L],G-2[L],G-2[L],G-1[L],G-2[L],G-2[L],G-2[L],G-1[L],G-2[L];A-2[L],A-2[L],A-1[L],A-2[L],A-2[L],A-2[L],A-1[L],A-2[L],A-2[L],A-2[L],A-1[L],A-2[L],A-2[L],A-2[L],A-1[L],A-2[L];A-2[L],A-2[L],A-1[L],A-2[L],A-2[L],A-2[L],A-1[L],A-2[L],A-2[L],A-2[L],A-1[L],A-2[L],A-2[L],A-2[L],A-1[L],A-2[L];A-2[L],A-2[L],A-1[L],A-2[L],A-2[L],A-2[L],A-1[L],A-2[L],A-2[L],A-2[L],A-1[L],A-2[L],A-2[L],A-2[L],A-1[L],A-2[L];F-2[L],F-2[L],F-1[L],F-2[L],F-2[L],F-2[L],F-1[L],F-2[L],G-2[L],G-2[L],G-1[L],G-2[L],G-2[L],G-2[L],G-1[L],G-2[L];A-2[L],A-2[L],A-1[L],A-2[L],A-2[L],A-2[L],A-1[L],A-2[L],A-2[L],A-2[L],A-1[L],A-2[L],A-2[L],A-2[L],A-1[L],A-2[L];A-2[L],A-2[L],A-1[L],A-2[L],A-2[L],A-2[L],A-1[L],A-2[L],A-2[L],A-2[L],A-1[L],A-2[L],A-2[L],A-2[L],A-1[L],A-2[L];A-2[L],A-2[L],A-1[L],A-2[L],A-2[L],A-2[L],A-1[L],A-2[L],A-2[L],A-2[L],A-1[L],A-2[L],A-2[L],A-2[L],A-1[L],A-2[L];F-2[L],F-2[L],F-1[L],F-2[L],F-2[L],F-2[L],F-1[L],F-2[L],G-2[L],G-2[L],G-1[L],G-2[L],G-2[L],G-2[L],G-1[L],G-2[L];A-2[L],A-2[L],A-1[L],A-2[L],A-2[L],A-2[L],A-1[L],A-2[L],A-2[L],A-2[L],A-1[L],A-2[L],A-2[L],A-2[L],A-1[L],A-2[L];A-2[L],A-2[L],A-1[L],A-2[L],A-2[L],A-2[L],A-1[L],A-2[L],A-2[L],A-2[L],A-1[L],A-2[L],A-2[L],A-2[L],A-1[L],A-2[L];A-2[L],A-2[L],A-1[L],A-2[L],A-2[L],A-2[L],A-1[L],A-2[L],A-2[L],A-2[L],A-1[L],A-2[L],A-2[L],A-2[L],A-1[L],A-2[L];F-2[L],F-2[L],F-1[L],F-2[L],F-2[L],F-2[L],F-1[L],F-2[L],G-2[L],G-2[L],G-1[L],G-2[L],G-2[L],G-2[L],G-1[L],G-2[L];A-2[L],A-2[L],A-1[L],A-2[L],A-2[L],A-2[L],A-1[L],A-2[L],A-2[L],A-2[L],A-1[L],A-2[L],A-2[L],A-2[L],A-1[L],A-2[L];","(e.g.c1.e1)[J],(e1.g1.c2.e2)[J],(d1.d2)[J],(c1.c2)[J];(b.d1.g1.b1)[K],(c1.c2)[K],(b.b1)[K],(g.g1)[IK];(f.a.c1.f1)[J],(f1.a1.c2.f2)[J],(g1.b1.d2.e2)[J],(g1.d2)[J];(c1.e1.g1.c2)[K],(b.b1)[K],(c1.c2)[K],(d1.d2)[K],(e1.g1.c2.e2)[I];(f1.a1.c2.f2)[K],(f1.f2)[K],(e1.e2)[K],(d1.d2)[K],(g1.b1.d2.g2)[K],(g1.g2)[K],(f1.f2)[K],(e1.e2)[K];(c1.e1.g1.c2)[K],(b.b1)[K],(c1.c2)[K],(d1.d2)[K],(e1.g1.c2.e2)[I];(f.a.c1.f1)[J],(f1.f2)[J],(f.a.c1.f1)[J],(f1.f2)[J];(g.b.d1.g1)[J],(g1.g2)[J],(g.b.d1.g1)[I];(a.c1.e1.a1)[J],(a.a1)[J],(g.g1)[K],(a.a1)[JK];(a.c1.e1.a1)[K],(a.a1)[K],(g.g1)[K],(a.a1)[IK];(f.a.c1.f1)[K],(f.f1)[JK],(g.b.d1.g1)[K],(g.g1)[JK];(a.c1.e1.a1)[K],(a.a1)[K],(g.g1)[K],(a.a1)[IK];(a.c1.e1.a1)[J],(a.a1)[J],(g.g1)[K],(a.a1)[JK];(a.c1.e1.a1)[K],(a.a1)[K],(g.g1)[K],(a.a1)[IK];(f.a.c1.f1)[K],(f.f1)[JK],(g.b.d1.g1)[K],(g.g1)[JK];(a.c1.e1.a1)[K],(a.a1)[K],(g.g1)[K],(a.a1)[IK];(a.#c1.e1.a1)[K],(g.g1)[K],(a.a1)[K],(c1.c2)[K],(d1.d2)[J],(c1.c2)[J];(d1.f1.a1.d2)[K],(d1.d2)[K],(d1.d2)[K],(b.b1)[K],(a.#c1.e1.a1)[J],(b.b1)[J];(f.a.c1.a1)[K],(c1.c2)[K],(d1.d2)[K],(c1.c2)[K],(g.a.c1.a1)[K],(c1.c2)[K],(d1.d2)[K],(c1.c2)[K];(a.#c1.e1.a1)[K],(c1.c2)[K],(d1.d2)[K],(c1.c2)[K],(A-1.a.a1)[J],(B-1.b.b1)[J];(a.#c1.e1.a1)[K],(g.g1)[K],(a.a1)[K],(c1.c2)[K],(d1.d2)[J],(c1.c2)[J];(d1.f1.a1.d2)[K],(d1.d2)[K],(d1.d2)[K],(b.b1)[K],(a.#c1.e1.a1)[J],(b.b1)[J];(f.a.c1.a1)[K],(c1.c2)[K],(d1.d2)[K],(c1.c2)[K],(g.a.c1.a1)[K],(c1.c2)[K],(d1.d2)[K],(c1.c2)[K];(a.#c1.e1.a1)[K],(c1.c2)[K],(d1.d2)[K],(c1.c2)[K],(a.c1.e1.a1)[I];"]},{"id":3,"baseBeats":0.5,"scores":["C-1[L],C-1[L],c[L],C-1[L],C-1[L],C-1[L],c[L],C-1[L],C-1[L],C-1[L],c[L],C-1[L],C-1[L],C-1[L],c[L],C-1[L];G-2[L],G-2[L],G-1[L],G-2[L],G-2[L],G-2[L],G-1[L],G-2[L],G-2[L],G-2[L],G-1[L],G-2[L],G-2[L],G-2[L],G-1[L],G-2[L];F-2[L],F-2[L],F-1[L],F-2[L],F-2[L],F-2[L],F-1[L],F-2[L],G-2[L],G-2[L],G-1[L],G-2[L],G-2[L],G-2[L],G-1[L],G-2[L];C-2[L],C-2[L],C-1[L],C-2[L],C-2[L],C-2[L],C-1[L],C-2[L],C-2[L],C-2[L],C-1[L],C-2[L],C-2[L],C-2[L],C-1[L],C-2[L];F-2[L],F-2[L],F-1[L],F-2[L],F-2[L],F-2[L],F-1[L],F-2[L],G-2[L],G-2[L],G-1[L],G-2[L],G-2[L],G-2[L],G-1[L],G-2[L];C-2[L],C-2[L],C-1[L],C-2[L],C-2[L],C-2[L],C-1[L],C-2[L],C-2[L],C-2[L],C-1[L],C-2[L],C-2[L],C-2[L],C-1[L],C-2[L];F-2[L],F-2[L],F-1[L],F-2[L],F-2[L],F-2[L],F-1[L],F-2[L],F-2[L],F-2[L],F-1[L],F-2[L],F-2[L],F-2[L],F-1[L],F-2[L];G-2[L],G-2[L],G-1[L],G-2[L],G-2[L],G-2[L],G-1[L],G-2[L],G-2[L],G-2[L],G-1[L],G-2[L],G-2[L],G-2[L],G-1[L],G-2[L];A-2[L],A-2[L],A-1[L],A-2[L],A-2[L],A-2[L],A-1[L],A-2[L],A-2[L],A-2[L],A-1[L],A-2[L],A-2[L],A-2[L],A-1[L],A-2[L];A-2[L],A-2[L],A-1[L],A-2[L],A-2[L],A-2[L],A-1[L],A-2[L],A-2[L],A-2[L],A-1[L],A-2[L],A-2[L],A-2[L],A-1[L],A-2[L];F-2[L],F-2[L],F-1[L],F-2[L],F-2[L],F-2[L],F-1[L],F-2[L],G-2[L],G-2[L],G-1[L],G-2[L],G-2[L],G-2[L],G-1[L],G-2[L];A-2[L],A-2[L],A-1[L],A-2[L],A-2[L],A-2[L],A-1[L],A-2[L],A-2[L],A-2[L],A-1[L],A-2[L],A-2[L],A-2[L],A-1[L],A-2[L];A-2[L],A-2[L],A-1[L],A-2[L],A-2[L],A-2[L],A-1[L],A-2[L],A-2[L],A-2[L],A-1[L],A-2[L],A-2[L],A-2[L],A-1[L],A-2[L];A-2[L],A-2[L],A-1[L],A-2[L],A-2[L],A-2[L],A-1[L],A-2[L],A-2[L],A-2[L],A-1[L],A-2[L],A-2[L],A-2[L],A-1[L],A-2[L];F-2[L],F-2[L],F-1[L],F-2[L],F-2[L],F-2[L],F-1[L],F-2[L],G-2[L],G-2[L],G-1[L],G-2[L],G-2[L],G-2[L],G-1[L],G-2[L];A-2[L],A-2[L],A-1[L],A-2[L],A-2[L],A-2[L],A-1[L],A-2[L],A-2[L],A-2[L],A-1[L],A-2[L],(A-3.A-2)[J];","(e.g.c1.e1)[J],(e1.g1.c2.e2)[J],(d1.d2)[J],(c1.c2)[J];(b.d1.g1.b1)[K],(c1.c2)[K],(b.b1)[K],(g.g1)[IK];(f.a.c1.f1)[J],(f1.a1.c2.f2)[J],(g1.b1.d2.e2)[J],(g1.d2)[J];(c1.e1.g1.c2)[K],(b.b1)[K],(c1.c2)[K],(d1.d2)[K],(e1.g1.c2.e2)[I];(f1.a1.c2.f2)[K],(f1.f2)[K],(e1.e2)[K],(d1.d2)[K],(g1.b1.d2.g2)[K],(g1.g2)[K],(f1.f2)[K],(e1.e2)[K];(c1.e1.g1.c2)[K],(b.b1)[K],(c1.c2)[K],(d1.d2)[K],(e1.g1.c2.e2)[I];(f.a.c1.f1)[J],(f1.f2)[J],(f.a.c1.f1)[J],(f1.f2)[J];(g.b.d1.g1)[J],(g1.g2)[J],(g.b.d1.g1)[I];(a.c1.e1.a1)[J],(a.a1)[J],(g.g1)[K],(a.a1)[JK];(a.c1.e1.a1)[K],(a.a1)[K],(g.g1)[K],(a.a1)[IK];(f.a.c1.f1)[K],(f.f1)[JK],(g.b.d1.g1)[K],(g.g1)[JK];(a.c1.e1.a1)[K],(a.a1)[K],(g.g1)[K],(a.a1)[IK];(a.c1.e1.a1)[J],(a.a1)[J],(g.g1)[K],(a.a1)[JK];(a.c1.e1.a1)[K],(a.a1)[K],(g.g1)[K],(a.a1)[IK];(f.a.c1.f1)[K],(f.f1)[JK],(g.b.d1.g1)[K],(g.g1)[JK];(a.c1.e1.a1)[K],(a.a1)[K],(g.g1)[K],(a.a1)[K],S,(A-3.A-2)[J];"]}]}