{"baseBpm":73,"musics":[{"id":1,"baseBeats":0.25,"scores":["(#A-2.#A-1)[K],(#F-2.#F-1)[J],(#A-2.#A-1)[K];(#F-2.#F-1)[J],(#A-2.#A-1)[K];(#F-2.#F-1)[J],(#A-2.#A-1)[K];(#F-2.#F-1.d.#a.d1)[J],(#A-2.#A-1)[K];(#F-2.#F-1.#d.#a.#d1)[J],(#A-2.#A-1)[K];(#F-2.#F-1)[J],(#A-2.#A-1)[K];(#F-2.#F-1.#c.#a.#c1)[J],(#A-2.#A-1)[K];(#F-2.#F-1)[J],(#A-2.#A-1.d.#f.d1)[K];(#F-2.#F-1.d.a.d1)[J],(A-2.A-1)[K];(#F-2.#F-1)[J],(A-2.A-1)[K];(#F-2.#F-1)[J],(A-2.A-1)[K];(#F-2.#F-1.a.d1.a1)[J],(#F-2.#F-1.a.d1.a1)[K];(F-2.F-1.a.d1.a1)[J],(A-2.A-1)[K];(F-2.F-1)[J],(A-2.A-1)[K];(F-2.F-1)[J],(A-2.A-1)[K];(F-2.F-1.d1.a1.d2)[J],(A-2.A-1.d1.a1.d2)[K];(#F-2.#F-1.d1.a1.d2)[J],(A-2.A-1)[K];(#F-2.#F-1)[J],(A-2.A-1)[K];(#F-2.#F-1)[J],(A-2.A-1)[K];(#F-2.#F-1.a1.d2.a2)[J],(A-2.A-1.a1.d2.a2)[K];(F-2.F-1.a1.d2.a2)[J],(A-2.A-1)[K];(F-2.F-1)[J],(A-2.A-1)[K];(F-2.F-1)[J],(A-2.A-1)[K];(F-2.F-1.a1.d2.a2)[J],(A-2.A-1)[K];(#F-2.#F-1.#a1.d2.#a2)[J],(d.#f.#a.d1)[K];(d.#f.#a.d1)[JK];(#f1.#f2)[JK];(#d1.#d2)[J],(d1.d2)[K];(#F-2.#F-1.#a.d1.#a1)[K],T,(#F-1.d.#f)[K];(#F-1.d.#f)[JK];#f1[JKN];#d1[JM],d1[KM];d1[L],G-1[L],d[L],#a[K],g[L];#d1[L],G-1[L],#d[L],#a[L],#c1[L],g[L];a1[L],#F-1[L],#c[L],a[K],#f[L];U,#F-1[L],(#c.f1)[L],a[L],#f1[L],#f[L];(#c1.a1)[L],F-1[L],#c[L],a[K],f[L];b1[L],F-1[L],#c[L],a[L],#g1[L],f[L];(c1@e1@c2)[L],E-1[L],c[L],a[K],e[L];U,E-1[L],(c.#g1)[L],a[L],(c1.e1.a1)[L],(e.c2)[L];(f1.f2)[L],#D-1[L],#d[L],a[L],c1[L],a[L];(#f1.#f2)[L],#C-1[L],#c[L],f[L],(#c1.f1.f2)[L],a[L];(#f1.#f2)[L],C-1[L],c[L],#d[L],(a.#d1)[L],#d[L];(g1.g2)[L],B-2[L],(B-1.#g1.#g2)[L],#d[L],(a.#d1.#f1.#f2)[L],#d[L];(a1.a2)[L],#A-2[L],#A-1[L],#d[L],(#f.#a1.#a2)[L],(c1.#d1)[L];(#f.b1.b2)[L],a[L],(#d1.#f1.c2.c3)[L],a[L],(c1.d2.d3)[LO],(#f1.a1)[LN];(#d2.#d3)[KO],(#a.c1.#f1.a1)[K],(#a.c1.#f1.a1)[K];(#a.c1.#f1.a1.d2.d3)[K],(#a.c1.f1.a1.#d2.#d3)[K],(#a.c1.#d1.a1.f2.f3)[K];(#f2.#f3)[L],#A-1[L],#f[L],#a[L],#c1[L],#f1[L];(#a1.#c2.#c3)[L],#f1[L],#c1[L],#a[L],(#a1.#a2)[K];(#a1@#a2)[K],(b.d1.f1)[K],(b.d1.f1.#g1.#g2)[K];(b.d1.f1.g1.g2)[K],(#a.d1.f1.#g1.#g2)[K],(#g.#c1.f1.#a1.#a2)[L],(b1.b2)[L];(#c2.#c3)[L],#A-1[L],#f[L],#a[L],#c1[L],#a[L];(#f1.#a1.#a2)[L],#c1[L],#a[L],#c1[L],(#f1.#f2)[K];(f1.f2)[K],(#A-1@#f@#g@c1)[K],(#A-1@f@#g@c1@#d1@#d2)[K];(#f.a.c1.d1.d2)[K],(f.a.c1.#d1.#d2)[K],(#d.a.c1.f1.f2)[LM],5<W,(#g1.#g2)[N]>;(#f1.#f2)[L],#A-2[L],#A-1[L],#c[L],#f[L],#c[L];(#a.#c1.#c2)[L],#f[L],#c[L],#A-1[L],(#a.#a1)[K];(#a@#a1)[JK];(#g.#g1)[J],(g.g1)[K];(#A-1.#c.#f.#f1)[JKM];(G-1.#A-1.#c.f.f1)[JL],(e.e1)[KMN];(#F-1.A-1.a.d1)[L],(d.#f)[L],(A-1.a)[L],(d.#f)[L],(A-1.a)[L],(d.#f)[L];(G-1.A-1.a.#d1)[L],(#d.g)[L],(A-1.a)[L],(e.g)[L],(#c.a.#c1)[L],(e.g)[L];(#F-1.#c.#c1.a1)[L],(#f.a)[L],(#c.#c1)[L],(#f.a)[L],(F-1.#c.#c1)[L],(#f.a)[L];(#F-1.#c.#c1)[L],(#f.a)[L],(A-1.#c.#c1.e1)[L],(f.a)[L],(#c.#c1.#f1)[L],#f[L];(#F-1.A-1.a.d1)[L],(d.#f)[L],(A-1.a)[L],(d.#f)[L],(A-1.a)[L],(d.#f)[L];(G-1.A-1.a.#d1)[L],(#d.g)[L],(A-1.a)[L],(#d.g)[L],(#c.a.#c1)[L],(#d.g)[L];(#F-1.#c.#c1.a1)[L],(#f.a)[L],(#c.#c1)[L],(#f.a)[L],(F-1.#c.#c1)[L],(#f.a)[L];(#F-1.#c.#c1)[L],(#f.a)[L],(A-1.#c.#c1.f1)[L],(f.a)[L],(#c.#c1.#f1)[L],(#f.a)[L];(#A-1.#c.#c1.#f1)[L],(#f.#a)[L],(#c.#c1)[L],(#f.#a)[L],(#c.#c1)[L],(#f.#a)[L];(B-1.#c.#c1.g1)[L],(g.b)[L],(#c.#c1)[L],(g.b)[L],(f.#c1.f1)[L],(g.b)[L];(#A-1.f.f1.#c2)[L],(#a.#c1)[L],(f.#a)[L],(#a.#c1)[L],(A-1.f.f1)[L],(#a.#c1)[L];(#A-1.f.f1)[L],(#a.#c1)[L],(#c.f.f1.a1)[L],(a.c1)[L],(f.f1.#a1)[L],(#a.#c1)[L];(#A-1.#c.#c1.#f1)[L],(#f.#a)[L],(#c.#c1)[L],(#f.#a)[L],(#c.#c1)[L],(#f.#a)[L];(B-1.#c.#c1.g1)[L],(g.b)[L],(#c.#c1)[L],(g.b)[L],(f.#c1.f1)[L],(g.b)[L];(#A-1.f.f1.#c2)[L],(#a.#c1)[L],(f.f1)[L],(#a.#c1)[L],(A-1.f.f1)[L],(#a.#c1)[L];(#A-1.f.f1)[L],(#a.#c1)[L],(#c.f.f1.a1)[L],(a.#c1)[L],(f.f1.#a1)[L],(#a.#c1)[L];(#F-1.d1.d2)[L],(a.#f1)[L],(#f.a1)[L],(d.#f1)[L],(#f.d1)[L],(a.#f1)[L];(G-1.#d1.#d2)[L],(#a.g1)[L],(g.#a1)[L],(#d.g1)[L],(g.#c1.#a1.#c2)[L],(#a.g1)[L];(#G-1.e1.e2)[MNOP],(b.#g1)[MNOP],(#g.b1)[MNOP],(e.#g1)[MNOP],(#g.e1)[MNOP],(b.#g1)[MNOP];(A-1.f1.f2)[MNOP],(c1.a1)[MNOP],(a.c2)[MNOP],(f.a1)[MNOP],(a.#d1.c2.#d2)[MNOP],(c1.a1)[MNOP];(#A-1.#f1.#f2)[MNOP],(#c1.#a1)[MNOP],(#a.#c2)[MNOP],(#f.#a1)[MNOP],(#a.f1.#c2.f2)[MNOP],(#c1.#a1)[MNOP];(B-1.g1.g2)[MNO],(d1.b1)[MNO],(b.d2)[MNO],(g.b1)[MNO],(b.f1.d2.f2)[MNO],(d1.b1)[MNO];(c.#g1.#g2)[MNO],(#d1.c2)[MNO],(c1.#d2)[MNO],(#g.c2)[MNO],(c1.#f1.#d2.#f2)[MNO],(#d1.c2)[MNO];(c.a1.a2)[MNO],(#d1.c2)[MNO],(a.#d2)[MNO],(#f.c2)[MNO],(a.#f1.#d2.#f2)[MNOP],(#d1.c2)[LO];(#c.a.#c1.a1.#f2.a2)[L],#c2[L],a1[L],#f1[L],(#C-1.A-1.#c.#c1)[L],a[L];(D-1.#F-1.d.a.#f1.a1)[L],#c1[L],a[L],#f[L],(C-2.A-2.C-1.d)[L],A-1[L];5<(#C-2.#F-2.A-1.#f.a)[N],#C-1[N]>,5<(#C-2.#F-2)[N],#C-1[N]>,5<(#C-2.#F-2.#c)[N],#C-1[N]>,5<(#C-2.#F-2)[N],#C-1[N]>,5<(#C-2.#F-2.#f.a)[N],#C-1[N]>,5<(#C-2.#F-2)[N],#C-1[N]>,5<(#C-2.#F-2.a)[N],#C-1[N]>,5<(#C-2.#F-2)[N],#C-1[N]>,5<(#C-2.#F-2.#c1)[N],#C-1[N]>,5<(#C-2.#F-2)[N],#C-1[N]>,5<(#C-2.#F-2.#f1.a1)[N],#C-1[N]>,5<(#C-2.#F-2)[N],#C-1[N]>;5<(#C-2.#F-2.a1)[N],#C-1[N]>,5<(#C-2.#F-2)[N],#C-1[N]>,5<(#C-2.#F-2.#c2)[N],#C-1[N]>,5<(#C-2.#F-2)[N],#C-1[N]>,5<(#C-2.#F-2.#f2.a2)[N],#C-1[N]>,5<(#C-2.#F-2)[N],#C-1[N]>,5<(#C-2.#F-2.a2)[N],#C-1[N]>,5<(#C-2.#F-2)[N],#C-1[N]>,(#C-2.#F-2.#c3)[L],(#f3.a3)[L];(#c@#f@#a@#d1@#a1@#f2@#a2)[L],d2[L],#a1[L],#f1[L],(#C-1.#A-1.#c.d1)[L],#a[L];(D-1.#F-1.d.#a.#f1.#a1)[L],d1[L],#a[L],#f[L],(C-2.#A-2.C-1.#d)[L],#A-1[L];5<(#C-2.#F-2.#A-1.#f.#a)[M],#C-1[M]>,5<(#C-2.#F-2)[M],#C-1[M]>,5<(#C-2.#F-2.d)[M],#C-1[M]>,5<(#C-2.#F-2)[M],#C-1[M]>,5<(#C-2.#F-2.#f.#a)[M],#C-1[M]>,5<(#C-2.#F-2)[M],#C-1[M]>,5<(#C-2.#F-2.#a)[M],#C-1[M]>,5<(#C-2.#F-2)[M],#C-1[M]>,5<(#C-2.#F-2.d1)[M],#C-1[M]>,5<(#C-2.#F-2)[M],#C-1[M]>,5<(#C-2.#F-2.#f1.#a1)[M],#C-1[M]>,5<(#C-2.#F-2)[M],#C-1[M]>;5<(#C-2.#F-2.#a1)[M],#C-1[M]>,5<(#C-2.#F-2)[M],#C-1[M]>,5<(#C-2.#F-2.d2)[M],#C-1[M]>,5<(#C-2.#F-2)[M],#C-1[M]>,5<(#C-2.#F-2.#f2.#a2)[M],#C-1[M]>,5<(#C-2.#F-2)[M],#C-1[M]>,5<(#C-2.#F-2.#a2)[M],#C-1[M]>,5<(#C-2.#F-2)[M],#C-1[M]>,(#C-2.#F-2.d3)[L],(#f3.#a3)[L];(#c@#f@b@d1@b1@#f2@b2)[L],#f2[L],b1[L],#f1[L],(#C-1.#F-1.#c.d1)[L],b[L];(D-1.B-1.d.b.g1.b1)[L],d1[L],b[L],g[L],(#C-2.#C-1.d)[L],B-1[L];(#d.b.#d1.b1.g2.b2)[L],#d2[L],b1[L],g1[L],(#C-1.G-1.#c.#d1)[L],b[L];(E-1.B-1.e.b.g1.b1)[L],e1[L],b[L],g[L],(#C-1.#c.e)[L],B-1[L];(#C-2.#C-1)[LN],(c.e.c1)[MNO],(#G-1.#g)[MNO],(c1.e1.c2)[MNO],(#g.e1.#g1)[MNO],(c2.e2.c3)[MNO];(#g.e1.#g1)[MNO],(c2.e2.c3)[MNO],(a.e1.a1)[MNO],(#c2.e2.#c3)[MNO],(#C-1.#c)[L],(#c3.#c4)[LM];(#C-2.#C-1)[LN],(d.f.d1)[MNO],(A-1.a)[MNO],(d1.f1.d2)[MNO],(a.f1.a1)[MNO],(d2.f2.d3)[MNO];(a.f1.a1)[MNO],(d2.f2.d3)[MNO],(#a.#f1.#a1)[MNO],(d2.#f2.d3)[MNO],(#C-1.#c)[L],(d3.d4)[LM];(#C-2.#C-1)[LN],(d.g.d1)[MNO],(#A-1.#a)[MNO],(d1.g1.d2)[MNO],(#a.g1.#a1)[MNO],(d2.g2.d3)[MNO];(#a.#f1.#a1)[MNO],(d2.#f2.d3)[MNO],(b.g1.b1)[MNO],(#d2.g2.#d3)[MNO],(#C-1.#c)[L],(#d3.#d4)[LM];(#C-2.#C-1)[LN],(#d.g.#d1)[MNO],(#A-1.#a)[MNO],(#d1.g1.#d2)[MNO],(#a.g1.#a1)[MNO],(#d2.g2.#d3)[MNO];(b.#f1.b1)[MNO],(#d2.#f2.#d3)[MNO],(b.g1.b1)[MNO],(e2.g2.e3)[MNO],(#C-1.#c)[LO],(e3.e4)[LMN];"]},{"id":2,"baseBeats":0.25,"scores":["5<#C-2[N],#C-1[N]>,5<#C-2[N],#C-1[N]>,5<#C-2[N],#C-1[N]>,5<#C-2[N],#C-1[N]>,5<#C-2[N],#C-1[N]>,5<#C-2[N],#C-1[N]>,5<#C-2[N],#C-1[N]>,5<#C-2[N],#C-1[N]>,5<#C-2[N],#C-1[N]>,5<#C-2[N],#C-1[N]>,5<#C-2[N],#C-1[N]>,5<#C-2[N],#C-1[N]>,5<(#C-2.#G-2)[N],#C-1[N]>,5<(#C-2.#G-2)[N],#C-1[N]>,5<(#C-2.#G-2)[N],#C-1[N]>,5<(#C-2.#G-2)[N],#C-1[N]>,5<(#C-2.#G-2)[N],#C-1[N]>,5<(#C-2.#G-2)[N],#C-1[N]>,5<(#C-2.#G-2)[N],#C-1[N]>,5<(#C-2.#G-2)[N],#C-1[N]>,5<(#C-2.#G-2)[N],#C-1[N]>,5<(#C-2.#G-2)[N],#C-1[N]>,5<(#C-2.#G-2)[N],#C-1[N]>,5<(#C-2.#G-2)[N],#C-1[N]>,5<(#C-2.#G-2)[N],#C-1[N]>,5<(#C-2.#G-2)[N],#C-1[N]>,5<(#C-2.#G-2)[N],#C-1[N]>,5<(#C-2.#G-2)[N],#C-1[N]>,5<(#C-2.#G-2)[N],#C-1[N]>,5<(#C-2.#G-2)[N],#C-1[N]>,5<(#C-2.#G-2)[N],#C-1[N]>,5<(#C-2.#G-2)[N],#C-1[N]>,5<(#C-2.#G-2)[N],#C-1[N]>,5<(#C-2.#G-2)[N],#C-1[N]>,5<(#C-2.#G-2)[N],#C-1[N]>,5<(#C-2.#G-2)[N],#C-1[N]>,5<(#C-2.#G-2)[N],#C-1[N]>,5<(#C-2.#G-2)[N],#C-1[N]>,5<(#C-2.#G-2)[N],#C-1[N]>,5<(#C-2.#G-2)[N],#C-1[N]>,5<(#C-2.#G-2)[N],#C-1[N]>,5<(#C-2.#G-2)[N],#C-1[N]>,5<(#C-2.#G-2)[N],#C-1[N]>,5<(#C-2.#G-2)[N],#C-1[N]>,5<(#C-2.#G-2)[N],#C-1[N]>,5<(#C-2.#G-2)[N],#C-1[N]>,5<(#C-2.#G-2)[N],#C-1[N]>,5<(#C-2.#G-2)[N],#C-1[N]>,5<(#C-2.#G-2)[N],#C-1[N]>,5<(#C-2.#G-2)[N],#C-1[N]>,5<(#C-2.#G-2)[N],#C-1[N]>,5<(#C-2.#G-2)[N],#C-1[N]>,5<(#C-2.#G-2)[N],#C-1[N]>,5<(#C-2.#G-2)[N],#C-1[N]>,5<(#C-2.#G-2)[N],#C-1[N]>,5<(#C-2.#G-2)[N],#C-1[N]>,5<(#C-2.#G-2)[N],#C-1[N]>,5<(#C-2.#G-2)[N],#C-1[N]>,5<(#C-2.#G-2)[N],#C-1[N]>,5<(#C-2.#G-2)[N],#C-1[N]>,5<(#G-2.#C-1)[M],#G-1[M]>,5<(#G-2.#C-1)[M],#G-1[M]>,5<(#G-2.#C-1)[M],#G-1[M]>,5<(#G-2.#C-1)[M],#G-1[M]>,5<(#G-2.#C-1)[M],#G-1[M]>,5<(#G-2.#C-1)[M],#G-1[M]>,5<(#G-2.#C-1)[M],#G-1[M]>,5<(#G-2.#C-1)[M],#G-1[M]>,5<(#G-2.#C-1)[M],#G-1[M]>,5<(#G-2.#C-1)[M],#G-1[M]>,5<(#G-2.#C-1)[M],#G-1[M]>,5<(#G-2.#C-1)[M],#G-1[M]>,5<(#C-2.#G-2)[N],#C-1[N]>,5<(#C-2.#G-2)[N],#C-1[N]>,5<(#C-2.#G-2)[N],#C-1[N]>,5<(#C-2.#G-2)[N],#C-1[N]>,5<(#C-2.#G-2)[N],#C-1[N]>,5<(#C-2.#G-2)[N],#C-1[N]>,5<(#C-2.#G-2)[N],#C-1[N]>,5<(#C-2.#G-2)[N],#C-1[N]>,5<(#C-2.#G-2)[N],#C-1[N]>,5<(#C-2.#G-2)[N],#C-1[N]>,5<(#C-2.#G-2)[N],#C-1[N]>,5<(#C-2.#G-2)[N],#C-1[N]>,5<(#C-2.#G-2)[N],#C-1[N]>,5<(#C-2.#G-2)[N],#C-1[N]>,5<(#C-2.#G-2)[N],#C-1[N]>,5<(#C-2.#G-2)[N],#C-1[N]>,5<(#C-2.#G-2)[N],#C-1[N]>,5<(#C-2.#G-2)[N],#C-1[N]>,5<(#C-2.#G-2)[N],#C-1[N]>,5<(#C-2.#G-2)[N],#C-1[N]>,5<(#C-2.#G-2)[N],#C-1[N]>,5<(#C-2.#G-2)[N],#C-1[N]>,5<(#C-2.#G-2)[N],#C-1[N]>,5<(#C-2.#G-2)[N],#C-1[N]>,5<(#C-2.#G-2)[N],#C-1[N]>,5<(#C-2.#G-2)[N],#C-1[N]>,5<(#C-2.#G-2)[N],#C-1[N]>,5<(#C-2.#G-2)[N],#C-1[N]>,5<(#C-2.#G-2)[N],#C-1[N]>,5<(#C-2.#G-2)[N],#C-1[N]>,5<(#C-2.#G-2)[N],#C-1[N]>,5<(#C-2.#G-2)[N],#C-1[N]>,5<(#C-2.#G-2)[N],#C-1[N]>,5<(#C-2.#G-2)[N],#C-1[N]>,5<(#C-2.#G-2)[N],#C-1[N]>,5<(#C-2.#G-2)[N],#C-1[N]>,5<(#G-2.#C-1)[M],#G-1[M]>,5<(#G-2.#C-1)[M],#G-1[M]>,5<(#G-2.#C-1)[M],#G-1[M]>,5<(#G-2.#C-1)[M],#G-1[M]>,5<(#G-2.#C-1)[M],#G-1[M]>,5<(#G-2.#C-1)[M],#G-1[M]>,5<(#G-2.#C-1)[M],#G-1[M]>,5<(#G-2.#C-1)[M],#G-1[M]>,5<(#G-2.#C-1)[M],#G-1[M]>,5<(#G-2.#C-1)[M],#G-1[M]>,5<(#G-2.#C-1)[M],#G-1[M]>,5<(#G-2.#C-1)[M],#G-1[M]>,5<(#C-2.#G-2)[N],#C-1[N]>,5<(#C-2.#G-2)[N],#C-1[N]>,5<(#C-2.#G-2)[N],#C-1[N]>,5<(#C-2.#G-2)[N],#C-1[N]>,5<(#C-2.#G-2)[N],#C-1[N]>,5<(#C-2.#G-2)[N],#C-1[N]>,5<(#C-2.#G-2)[N],#C-1[N]>,5<(#C-2.#G-2)[N],#C-1[N]>,5<(#C-2.#G-2)[N],#C-1[N]>,5<(#C-2.#G-2)[N],#C-1[N]>,5<(#C-2.#G-2)[N],#C-1[N]>,5<(#C-2.#G-2)[N],#C-1[N]>,5<(C-2.#G-2)[N],C-1[N]>,5<(C-2.#G-2)[N],C-1[N]>,5<(C-2.#G-2)[N],C-1[N]>,5<(C-2.#G-2)[N],C-1[N]>,5<(C-2.#G-2)[N],C-1[N]>,5<(C-2.#G-2)[N],C-1[N]>,5<(C-2.#G-2)[N],C-1[N]>,5<(C-2.#G-2)[N],C-1[N]>,5<(C-2.#G-2)[N],C-1[N]>,5<(C-2.#G-2)[N],C-1[N]>,5<(C-2.#G-2)[N],C-1[N]>,5<(C-2.#G-2)[N],C-1[N]>,5<(#C-2.#G-2)[N],#C-1[N]>,5<(#C-2.#G-2)[N],#C-1[N]>,5<(#C-2.#G-2)[N],#C-1[N]>,5<(#C-2.#G-2)[N],#C-1[N]>,5<(#C-2.#G-2)[N],#C-1[N]>,5<(#C-2.#G-2)[N],#C-1[N]>,5<(#C-2.#G-2)[N],#C-1[N]>,5<(#C-2.#G-2)[N],#C-1[N]>,5<(#C-2.#G-2)[N],#C-1[N]>,5<(#C-2.#G-2)[N],#C-1[N]>,5<(#C-2.#G-2)[N],#C-1[N]>,5<(#C-2.#G-2)[N],#C-1[N]>,5<(C-2.#G-2)[N],C-1[N]>,5<(C-2.#G-2)[N],C-1[N]>,5<(C-2.#G-2)[N],C-1[N]>,5<(C-2.#G-2)[N],C-1[N]>,5<(C-2.#G-2)[N],C-1[N]>,5<(C-2.#G-2)[N],C-1[N]>,5<(C-2.#G-2)[N],C-1[N]>,5<(C-2.#G-2)[N],C-1[N]>,5<(C-2.#G-2)[N],C-1[N]>,5<(C-2.#G-2)[N],C-1[N]>,5<(C-2.#G-2)[N],C-1[N]>,5<(C-2.#G-2)[N],C-1[N]>,5<(#C-2.#G-2)[N],#C-1[N]>,5<(#C-2.#G-2)[N],#C-1[N]>,5<(#C-2.#G-2)[N],#C-1[N]>,5<(#C-2.#G-2)[N],#C-1[N]>,5<(#C-2.#G-2)[N],#C-1[N]>,5<(#C-2.#G-2)[N],#C-1[N]>,5<(#C-2.#G-2)[N],#C-1[N]>,5<(#C-2.#G-2)[N],#C-1[N]>,5<(#C-2.#G-2)[N],#C-1[N]>,5<(#C-2.#G-2)[N],#C-1[N]>,5<(#C-2.#G-2)[N],#C-1[N]>,5<(#C-2.#G-2)[N],#C-1[N]>,5<(C-2.#G-2)[N],C-1[N]>,5<(C-2.#G-2)[N],C-1[N]>,5<(C-2.#G-2)[N],C-1[N]>,5<(C-2.#G-2)[N],C-1[N]>,5<(C-2.#G-2)[N],C-1[N]>,5<(C-2.#G-2)[N],C-1[N]>,5<(C-2.#G-2)[N],C-1[N]>,5<(C-2.#G-2)[N],C-1[N]>,5<(C-2.#G-2)[N],C-1[N]>,5<(C-2.#G-2)[N],C-1[N]>,5<(C-2.#G-2)[N],C-1[N]>,5<(C-2.#G-2)[N],C-1[N]>,5<(#C-2.#G-2)[N],#C-1[N]>,5<(#C-2.#G-2)[N],#C-1[N]>,5<(#C-2.#G-2)[N],#C-1[N]>,5<(#C-2.#G-2)[N],#C-1[N]>,5<(#C-2.#G-2)[N],#C-1[N]>,5<(#C-2.#G-2)[N],#C-1[N]>,5<(#C-2.#G-2)[N],#C-1[N]>,5<(#C-2.#G-2)[N],#C-1[N]>,5<(#C-2.#G-2)[N],#C-1[N]>,5<(#C-2.#G-2)[N],#C-1[N]>,5<(#C-2.#G-2)[N],#C-1[N]>,5<(#C-2.#G-2)[N],#C-1[N]>,5<(C-2.#G-2)[N],C-1[N]>,5<(C-2.#G-2)[N],C-1[N]>,5<(C-2.#G-2)[N],C-1[N]>,5<(C-2.#G-2)[N],C-1[N]>,5<(C-2.#G-2)[N],C-1[N]>,5<(C-2.#G-2)[N],C-1[N]>,5<(C-2.#G-2)[N],C-1[N]>,5<(C-2.#G-2)[N],C-1[N]>,5<(C-2.#G-2)[N],C-1[N]>,5<(C-2.#G-2)[N],C-1[N]>,5<(C-2.#G-2)[N],C-1[N]>,5<(C-2.#G-2)[N],C-1[N]>,5<(#C-2.#G-2)[N],#C-1[N]>,5<(#C-2.#G-2)[N],#C-1[N]>,5<(#C-2.#G-2)[N],#C-1[N]>,5<(#C-2.#G-2)[N],#C-1[N]>,5<(#C-2.#G-2)[N],#C-1[N]>,5<(#C-2.#G-2)[N],#C-1[N]>,5<(#C-2.#G-2)[N],#C-1[N]>,5<(#C-2.#G-2)[N],#C-1[N]>,5<(#C-2.#G-2)[N],#C-1[N]>,5<(#C-2.#G-2)[N],#C-1[N]>,5<(#C-2.#G-2)[N],#C-1[N]>,5<(#C-2.#G-2)[N],#C-1[N]>,5<(C-2.#G-2)[N],C-1[N]>,5<(C-2.#G-2)[N],C-1[N]>,5<(C-2.#G-2)[N],C-1[N]>,5<(C-2.#G-2)[N],C-1[N]>,5<(C-2.#G-2)[N],C-1[N]>,5<(C-2.#G-2)[N],C-1[N]>,5<(C-2.#G-2)[N],C-1[N]>,5<(C-2.#G-2)[N],C-1[N]>,5<(C-2.#G-2)[N],C-1[N]>,5<(C-2.#G-2)[N],C-1[N]>,5<(C-2.#G-2)[N],C-1[N]>,5<(C-2.#G-2)[N],C-1[N]>,5<#C-2[N],#C-1[N]>,5<#C-2[N],#C-1[N]>,5<#C-2[N],#C-1[N]>,5<#C-2[N],#C-1[N]>,5<#C-2[N],#C-1[N]>,5<#C-2[N],#C-1[N]>,5<#C-2[N],#C-1[N]>,5<#C-2[N],#C-1[N]>,5<#C-2[N],#C-1[N]>,5<#C-2[N],#C-1[N]>,5<#C-2[N],#C-1[N]>,5<#C-2[N],#C-1[N]>,5<#C-2[N],#C-1[N]>,5<C-2[N],C-1[N]>,5<C-2[N],C-1[N]>,5<C-2[N],C-1[N]>,5<C-2[N],C-1[N]>,5<C-2[N],C-1[N]>,5<C-2[N],C-1[N]>,5<C-2[N],C-1[N]>,5<C-2[N],C-1[N]>,5<C-2[N],C-1[N]>,5<C-2[N],C-1[N]>,5<C-2[N],C-1[N]>,5<C-2[N],C-1[N]>,5<C-2[N],C-1[N]>,5<#C-2[N],#C-1[N]>,5<#C-2[N],#C-1[N]>,5<#C-2[N],#C-1[N]>,5<#C-2[N],#C-1[N]>,5<#C-2[N],#C-1[N]>,5<#C-2[N],#C-1[N]>,5<#C-2[N],#C-1[N]>,5<#C-2[N],#C-1[N]>,5<#C-2[N],#C-1[N]>,5<#C-2[N],#C-1[N]>,5<#C-2[N],#C-1[N]>,5<#C-2[N],#C-1[N]>,5<#C-2[N],#C-1[N]>,5<#C-2[N],#C-1[N]>,5<B-3[N],B-2[N]>,5<B-3[N],B-2[N]>,5<B-3[N],B-2[N]>,5<B-3[N],B-2[N]>,5<B-3[N],B-2[N]>,5<B-3[N],B-2[N]>,5<B-3[N],B-2[N]>,5<B-3[N],B-2[N]>,5<B-3[N],B-2[N]>,5<B-3[N],B-2[N]>,5<B-3[N],B-2[N]>,5<B-3[N],B-2[N]>,5<B-3[N],B-2[N]>,5<B-3[N],B-2[N]>,5<B-3[N],B-2[N]>,5<B-3[N],B-2[N]>,B-3[KMN],(b.#d1.g1.#a1.e2.e3)[K],(b.#d1.g1.#a1)[K];(b.#c1.g1.#a1.#d2.#d3)[K],(b.#c1.#f1.a1.e2.e3)[K],(b.#c1.e1.a1.#f2.#f3)[K];(g2.g3)[L],B-1[L],g[L],b[L],d1[L],g1[L];(b1.d2.d3)[L],g1[L],d1[L],b[L],(b1.b2)[K];(b1@b2)[K],(c1.#d1.f1)[K],(c1.#d1.f1.a1.a2)[K];(c1.#d1.f1.#g1.#g2)[K],(b.#d1.f1.a1.a2)[K],(a.d1.#f1.#a1.#a2)[L],(c2.c3)[L];(d2.d3)[L],B-1[L],g[L],b[L],d1[L],b[L];(g1.b1.b2)[L],d1[L],b[L],d1[L],(g1.g2)[K];(#f1.#f2)[K],(B-2.B-1)[K],(f.#a.#c1.e1.e2)[K];(g.#a.#c1.#d1.#d2)[K],(#f.a.#c1.e1.e2)[K],(e.#a.#c1.#f1.#f2)[LM],5<W,(a1.a2)[N]>;(g1.g2)[L],B-2[L],B-1[L],d[L],g[L],d[L];(b.d1.d2)[L],g[L],d[L],B-1[L],(b.b1)[K];(b@b1)[JK];(a.a1)[J],(#g.#g1)[K];(D-1.B-1.d.g.g1)[JK];(#f.#f1)[J],(f.f1)[K];(#D-1.B-1.#d.#f.b.#f1)[JK];(#c1.#c2)[J],(#a.#a1)[K];(b.b1)[JK];(#f.#f1)[K],S;S,(#D-1.B-1.#d.#f.b.#f1)[K];(E-1.B-1.e.g.b.g1)[J],(#F-1.#f.a.e1.a1)[K];(#F-1@e@#f@#a@e1@#a1)[JK];(G-1.e.g.b.e1.b1)[K],S;(#G-1@e@#g@b@e1@b1)[JK];(f1.f2)[J],(#d1.#d2)[K];(e1.e2)[JK];(b.b1)[K],S;S,(#G-1.e.#g.b.e1.b1)[K];(A-1.e.a.c1.e1.c2)[J],(B-1.g.b.d1.g1.d2)[K];(B-1@g@b@#d1@g1@#d2)[JK];(c.g.c1.e1.e2)[K],S;S,(C-1.G-1.c.e.c1.e1)[K];(D-1.G-1.d.#f.c1.#f1)[J],(E-1.c.e.g.c1.g1)[K];(#F-1.c.#f.a.c1.a1)[K],T,(#f.c1.#f1.a1.c2.a2)[K];(g.e1.g1.b1.e2.b2)[J],(a.e1.a1.c2.e2.c3)[K];(b.g1.b1.d2.g2.d3)[K],T,(B-1.g.b.d1.g1.d2)[K];(#F-1.d.#f.d1.a1.d2)[J],(a.#f1.a1.d2.#f2.d3)[K];(b.g1.b1.d2.g2.d3)[K],(e2.e3)[K],(#f2.#f3)[K];(b.e1.g1.b1.g2.g3)[K],(e2.e3)[K],(#c2.#c3)[K];(b@d1@g1@b1@d2@g2@d3)[K],T,(B-1.g.b.d1.g1.d2)[K];(#F-1.d.#f.d1.a1.d2)[J],(a.#f1.a1.d2.#f2.d3)[K];(b.g1.b1.d2.g2.d3)[K],(e2.e3)[K],(#f2.#f3)[K];(b@e1@g1@b1@g2@g3)[K],(e2.e3)[K],(#c2.#c3)[K];","S,(e.#a.e1)[K];(f.#a.f1)[J],(#d.b.#d1)[K];(e.#a.e1)[J],(#a.e1.#a1)[K];(b.e1.b1)[J],(a.e1.a1)[K];(#a.e1.#a1)[J],(e1.#a1.e2)[K];(f1.#a1.f2)[J],(#d1.b1.#d2)[K];(e1.#a1.e2)[J],(#a1.e2.#a2)[K];(b1.e2.b2)[J],(a1.e2.a2)[K];(#a1.e2.#a2)[J],(e2.#a2.e3)[K];(f2.#a2.f3)[JK];ST;(e2.#a2.e3)[JK];(b1.e2.b2)[JK];(#a1.e2.#a2)[JK];(f1.#a1.f2)[JK];(e1.#a1.e2)[JK];(b.e1.b1)[JK];(#a.e1.#a1)[JK];(f.#a.f1)[JK];ST;STV;STV;STU;R;"]},{"id":3,"baseBeats":0.25,"scores":["(b@d1@g1@b1@d2@g2@d3)[J],(B-1.g.b.d1.g1.d2)[K];(#A-1.f.#a.#c1.f1.#c2)[J],(#a.f1.#a1.#c2.f2.#c3)[K];(a.f1.a1.c2.f2.c3)[J],(A-1.f.a.c1.f1.c2)[K];(#G-1.#d.#g.b.#d1.b1)[J],(#g.#d1.#g1.b1.e2.b2)[K];(g.#d1.g1.#a1.#d2.#a2)[J],(G-1.#d.g.#a.#d1.#a1)[K];(#F-1.#c.#f.a.#c1.a1)[J],(#f.#c.#f1.a1.#c2.a2)[K];(#f.#c1.#f1.a1.#c2.a2)[J],(e.a.e1.g1.c2.g2)[K];(d.a.d1.#f1.d2.#f2)[J],(c.#f.c1.e1.a1.e2)[K];(B-1.g.b.d1.g1.d2)[K],T,(B-2.G-1.B-1.d.g.d1)[K];(#A-2.F-1.#A-1.#c.f.#c1)[J],(#A-1.f.#a.#c1.f1.#c2)[K];(A-1.f.a.c1.f1.c2)[J],(A-2.F-1.A-1.c.f.c1)[K];(#G-2.#D-1.#G-1.B-1.#d.b)[J],(#G-1.#d.#g.b.#d1.b1)[K];(G-1.#d.g.#a.#d1.#a1)[J],(G-2.#D-1.G-1.#A-1.#d.#a)[K];(#F-2.#C-1.#F-1.A-1.#c.a)[J],(#F-1.#c.#f.a.#c1.a1)[K];(#F-1.#c.#f.a.#c1.a1)[J],(E-1.A-1.e.g.c1.g1)[K];(D-1.A-1.d.#f.d1.#f1)[J],(C-1.#F-1.c.e.a.e1)[K];(B-2.G-1.B-1.d.g.d1)[J],(d@g@b@d1@g1@b1@d2)[K],T;(d1@g1@b1@d2@g2@b2@d3)[K],T,(B-2.B-1.d.g.d1)[J];(#F-2.#F-1.#d.b.#d1)[J],(#d@#f@b@#d1@#f1@b1@#d2)[K],T;(#d1@#f1@b1@#d2@#f2@b2@#d3)[K],T,(#F-2.#F-1.#d.b.#d1)[J];(B-2.#G-1.B-1.#d.#g.#d1)[J],(#d@#g@c1@#d1@#g1@c2@#d2)[K],T;(#d1@#g1@c2@#d2@#g2@c3@#d3)[K],T,(B-2.B-1.#d.#g.#d1)[J];(#G-2.#G-1.#d.b.#d1)[J],(#d@#g@b@#d1@#g1@b1@#d2)[K],T;(#d1@#g1@b1@#d2@#g2@b2@#d3)[K],T,(#G-2.#G-1.#d.b.#d1)[J];(G-2.E-1.G-1.e.g.b.e1)[J],(e@g@b@e1@g1@b1@e2)[K],T;(e1@g1@b1@e2@g2@b2@e3)[K],T,(G-2.E-1.G-1.e.g.b.e1)[J];(G-2.G-1)[JM],(e@g@c1@e1@g1@c2@e2@g2)[KN],TW;(e1.g1.c2.e2.g2.c3.e3.g3)[IKN];(#d1.g1.c2.#d2.g2.c3.#d3.g3)[K],(d1.g1.b1.d2.g2.b2.d3.g3)[K],(c1.e1.g1.c2.e2.g2.c3.e3)[K];(c1.#d1.g1.c2.#d2.g2.c3.d3)[K],(b.d1.g1.b1.d2.g2.b2.d3)[K],(g.c1.e1.g1.c2.e2.g2.c3)[K],(g.c1.#d1.g1.c2.#d2.g2.c3)[K];(g.b.d1.g1.b1.d2.g2.b2)[K],(e.g.c1.e1.g1.c2.e2.g2)[K],(#d.g.c1.#d1.g1.c2.#d2.g2)[K],(d.g.b.d1.g1.b1.d2.g2)[K];(c.e.g.c1.e1.g1.c2.e2)[K],(c.#d.g.c1.#d1.g1.c2.#d2)[K],(B-1.d.g.b.d1.g1.b1.d2)[K],(G-1.c.e.g.c1.e1.g1.c2)[K];(G-1.c.#d.g.c1.#d1.g1.c2)[K],(G-1.B-1.d.g.b.d1.g1.b1)[KN],(E-1.G-1.c.e.g.c1.e1.g1)[JM];(#D-1.G-1.c.#d.g.c1.#d1.g1)[JL],(D-1.G-1.B-1.d.g.b.d1.g1)[JL];(C-1.E-1.G-1.c.e.g.c1.e1)[JLN],(C-1.#D-1.G-1.c.#d.g.c1.#d1)[JLN];STW,(C-1.#F-1.A-1.d.#f.a.#d1)[JLM];(G-2.D-1.#F-1.A-1.c.d.#f.a.d1)[IKLN];(G-2.D-1.#F-1.A-1.c.d.#f.a.d1)[IKLN];(G-2.D-1.G-1.B-1.d.g.b.d1)[IIJKN];T;"]}]}