{"baseBpm":660,"musics":[{"bpm":660,"baseBeats":1.5,"scores":["d2[JK],(g.b1.g2)[JK],(b.d2.g2)[JK],(a.c2.g2)[JK],(g.b1.g2)[JK],(b.d2.g2)[JK],(a.c2.g2)[JK],(d.g2)[KL],#f2[KL],(d1.a2)[KL],#f2[KL],(c1.d2)[JK],(b.g2)[JK],(g.b2)[JK],d3[JK],(g.b1.g2)[JK],(b.d2.g2)[JK],(a.c2.g2)[JK],(g.b1.g2)[JK],(b.d2.g2)[JK],(a.c2.g2)[JK],(d.g2)[KL],#f2[KL],(d1.a2)[KL],#f2[KL],(d1.c2.d2)[JKM],(g.g2.b1)[IJL],d2[JK],(g.b1.g2)[JK],(b.d2.g2)[JK],(a.c2.g2)[JK],(g.b1.g2)[JK],(b.d2.g2)[JK],(a.c2.g2)[JK],(d.g2)[KL],#f2[KL],(d1.a2)[KL],#f2[KL],(c1.d2)[JK],(b.g2)[JK],(g.b2)[JK],d3[JK],(g.b1.g2)[JK],(b.d2.g2)[JK],(a.c2.g2)[JK],(g.b1.g2)[JK],(b.d2.g2)[JK],(a.c2.g2)[JK],(d.g2)[KL],#f2[KL],(d1.a2)[KL],#f2[KL],(d1.c2.d2)[JKMN],(g.g2.b1)[IJLN],b1[JK],b2[KL],a2[KL],(#d.#f.b.c3)[KL],a2[KL],(#d.#f.b.#f2)[JK],a2[KL],g2[KL],(e.g.b.b2)[KL],g2[KL],(e.g.b.e2)[JK],g2[KL],f2[KL],(B-1.g.a2)[KL],f2[KL],(B-1.g.d2)[JK],f2[KL],e2[KL],(c.g.g2)[KL],e2[KL],(c.g.c2)[JK],d2[KL],c2[KL],(c.e.a.e2)[KL],c2[KL],(c.e.a.b1)[KL],a1[KL],(d.a.c1.c2)[KL],a1[KL],(d.a.c1.g1)[KL],#f1[KL],(d.a.c1.a1)[KL],#f1[KL],(d.a.c1.e1)[KL],d1[KL],(d.a.c1.#c1)[KL],d1[KL],(d.a.c1.e1)[KL],#f1[KL],(g.b.g1)[IJ],b1[JK],b2[KL],a2[KL],(#d.#f.b.c3)[KL],a2[KL],(#d.#f.b.#f2)[JK],a2[KL],g2[KL],(e.g.b.b2)[KL],g2[KL],(e.g.b.e2)[JK],g2[KL],f2[KL],(B-1.g.a2)[KL],f2[KL],(B-1.g.d2)[JK],f2[KL],e2[KL],(c.g.g2)[KL],e2[KL],(c.g.c2)[JK],d2[KL],c2[KL],(c.e.a.e2)[KL],"],"id":1},{"bpm":660,"baseBeats":1.5,"scores":["TUVW,mute[KL],mute[KL],mute[KL],mute[KL],mute[KL],mute[KL],mute[KL],mute[KL],mute[KL],mute[KL],mute[KL],mute[KL],mute[KL],mute[KL],RST,SUW,mute[KL],mute[KL],mute[KL],mute[KL],mute[KL],mute[KL],mute[KL],mute[KL],mute[KL],mute[KL],mute[KL],mute[KL],mute[KL],mute[KL],mute[KL],mute[KL],mute[KL],mute[KL],mute[KL],mute[KL],mute[KL],mute[KL],STV,mute[KL],mute[KL],mute[KL],mute[KL],mute[KL],mute[KL],mute[KL],mute[KL],mute[KL],mute[KL],mute[KL],mute[KL],mute[KL],mute[KL],mute[KL],mute[KL],mute[KL],mute[KL],RSUVW,SUW,mute[KL],mute[KL],mute[KL],mute[KL],mute[KL],mute[KL],mute[KL],mute[KL],mute[KL],mute[KL],mute[KL],mute[KL],mute[KL],mute[KL],mute[KL],mute[KL],mute[KL],mute[KL],mute[KL],mute[KL],mute[KL],mute[KL],STVW,mute[KL],mute[KL],mute[KL],mute[KL],mute[KL],mute[KL],mute[KL],mute[KL],mute[KL],mute[KL],mute[KL],mute[KL],mute[KL],mute[KL],mute[KL],mute[KL],mute[KL],mute[KL],RSUW,ST,ST,ST,ST,mute[KL],mute[KL],mute[KL],mute[KL],mute[KL],mute[KL],ST,STW,STVW,RSU,RU,mute[KL],mute[KL],mute[KL],mute[KL],","c2[KL],(c.e.a.b1)[KL],a1[KL],(d.a.c1.c2)[KL],a1[KL],(d.a.c1.g1)[KL],#f1[KL],(d.a.c1.a1)[KL],#f1[KL],(d.a.c1.e1)[KL],d1[KL],(d.a.c1.#c1)[KL],d1[KLN],(d.a.c1.e1)[KLN],#f1[KLN],(g.b.g1)[IJLN],#c2[MN],d2[JLN],(g.g2)[KL],d1[KL],(b.d2)[KL],d1[KN],#c2[MN],(g.d2)[KL],d1[KL],(#f.a2)[KL],d1[KL],(c1.d2)[KL],d1[KN],#c2[MN],(#f.d2)[KL],d1[KL],(g.b2)[KL],d1[KL],(b.g2)[KL],d1[KN],b2[MN],(c.c3)[KL],a[KL],(d.a2)[KL],#f[KL],a[KL],d1[KN],b2[MN],c3[JK],(#f.a2)[KL],d1[KL],(a.#f2)[KL],d1[KN],b1[MN],(#f.c2)[KL],d1[KL],(g.b1)[KL],d1[KL],(b.d2)[KL],d1[KN],#f2[MN],(B-1.g2)[KL],g[KL],(c.e2)[KL],a[KL],(e.a2)[KL],a[KLN],(d.#f2)[KLN],c1[KL],(g.b.g2)[IJL],#c2[MN],d2[JLN],(g.g2)[KL],d1[KL],(b.d2)[KL],d1[KN],#c2[MN],(g.d2)[KL],d1[KL],(#f.a2)[KL],d1[KL],(c1.d2)[KL],d1[KN],#c2[MN],(#f.d2)[KL],d1[KL],(g.b2)[KL],d1[KL],(b.g2)[KL],d1[KN],b2[MN],(c.c3)[KL],a[KL],(d.a2)[KL],#f[KL],a[KL],d1[KN],b2[MN],c3[JK],(#f.a2)[KL],d1[KL],(a.#f2)[KL],d1[KN],b1[MN],(#f.c2)[KL],d1[KL],(g.b1)[KL],d1[KL],(b.d2)[KL],d1[KN],#f2[MN],(B-1.g2)[KL],g[KL],(c.e2)[KL],a[KL],(e.a2)[KL],a[KLN],(d.#f2)[KLN],c1[KLN],(g.b.g2)[IJLN],d2[JK],(a.c1.d1.#f2)[JK],(a.c1.d1.#f2)[JK],(a.c1.d1.#f2)[JK],(b.g.d1.g2)[KL],a2[KL],b2[KL],g2[KL],(g.d2)[KL],b1[KL],(#f.a1.d2)[JK],(d.#f1.c2)[JKN],(g.g1.b1)[JKMN],(d.#f1.a1)[IJN],b2[MN],c3[JK],(#f.a2)[KL],d1[KL],(a.#f2)[KL],d1[KM],b1[M],(#f.c2)[KL],"],"id":2},{"bpm":660,"baseBeats":1.5,"scores":["TU,mute[KL],mute[KL],mute[KL],S,mute[KL],mute[KL],mute[KL],mute[KL],mute[KL],mute[KL],mute[KL],mute[KL],RSUW,ST,ST,ST,ST,mute[KL],mute[KL],mute[KL],mute[KL],mute[KL],mute[KL],ST,STW,STV,RSUW,STVW,mute[KL],mute[KL],mute[KL],mute[KL],mute[KL],mute[KL],mute[KL],mute[KL],mute[KL],mute[KL],mute[KL],mute[KL],mute[KL],mute[KL],mute[KL],mute[KL],mute[KL],mute[KL],RSUV,ST,ST,ST,ST,ST,ST,ST,mute[KL],mute[KL],mute[KL],mute[KL],ST,ST,ST,ST,ST,ST,ST,ST,ST,ST,mute[KL],mute[KL],mute[KL],mute[KL],STVW,RSUW,ST,mute[KL],mute[KL],mute[KL],mute[KL],ST,mute[KL],mute[KL],mute[KL],mute[KL],ST,mute[KL],mute[KL],mute[KL],mute[KL],ST,mute[KL],mute[KL],mute[KL],mute[KL],STV,mute[KL],mute[KL],mute[KL],mute[KL],mute[KL],mute[KL],mute[KL],mute[KL],mute[KL],mute[KL],mute[KL],mute[KL],mute[KL],mute[KL],mute[KL],mute[KL],mute[KL],mute[KL],RSVW,ST,mute[KL],mute[KL],mute[KL],mute[KL],ST,mute[KL],mute[KL],mute[KL],mute[KL],ST,mute[KL],mute[KL],mute[KL],mute[KL],ST,mute[KL],mute[KL],mute[KL],mute[KL],STU,mute[KL],mute[KL],mute[KL],mute[KL],mute[KL],mute[KL],mute[KL],mute[KL],mute[KL],mute[KL],mute[KL],mute[KL],mute[KL],mute[KL],SW,mute[KL],SW,SVW,QTV,","d1[KL],(g.b1)[KL],d1[KL],(b.d2)[KL],d1[KM],#f2[M],(B-1.g2)[KL],g[KL],(c.e2)[KL],a[KL],(e.a2)[KLN],a[KLN],(d.#f2)[KLN],c1[KLN],(g.b.g2)[IJLN],d2[JK],(a.c1.d1.#f2)[JK],(a.c1.d1.#f2)[JK],(a.c1.d1.#f2)[JK],(b.g.d1.g2)[KL],a2[KL],b2[KL],g2[KL],(g.d2)[KL],b1[KL],(#f.a1.d2)[JK],(d.#f1.c2)[JKN],(g.g1.b1)[JKM],(d.#f1.a1)[IJM],b2[MN],c3[JK],(#f.a2)[KL],d1[KL],(a.#f2)[KL],d1[KN],b1[MN],(#f.c2)[KL],d1[KL],(g.b1)[KL],d1[KL],(b.d2)[KL],d1[KN],#f2[MN],(B-1.g2)[KL],g[KL],(c.e2)[KL],a[KL],(e.a2)[KLN],a[KL],(d.#f2)[KLM],c1[KL],(g.b.g2)[IJLM],d2[JK],(g.b1.g2)[JK],(b.d2.g2)[JK],(a.c2.g2)[JK],(g.b1.g2)[JK],(b.d2.g2)[JK],(a.c2.g2)[JK],(d.g2)[KL],#f2[KL],(d1.a2)[KL],#f2[KL],(c1.d2)[JK],(b.g2)[JK],(g.b2)[JK],d3[JK],(g.b1.g2)[JK],(b.d2.g2)[JK],(a.c2.g2)[JK],(g.b1.g2)[JK],(b.d2.g2)[JK],(a.c2.g2)[JK],(d.g2)[KL],#f2[KL],(d1.a2)[KL],#f2[KL],(d1.c2.d2)[JKMN],(g.g2.b1)[IJLN],b1[JK],b2[KL],a2[KL],(#d.#f.b.c3)[KL],a2[KL],(#d.#f.b.#f2)[JK],a2[KL],g2[KL],(e.g.b.b2)[KL],g2[KL],(e.g.b.e2)[JK],g2[KL],f2[KL],(B-1.g.a2)[KL],f2[KL],(B-1.g.d2)[JK],f2[KL],e2[KL],(c.g.g2)[KL],e2[KL],(c.g.c2)[JK],d2[KL],c2[KL],(c.e.a.e2)[KL],c2[KL],(c.e.a.b1)[KL],a1[KL],(d.a.c1.c2)[KL],a1[KL],(d.a.c1.g1)[KL],#f1[KL],(d.a.c1.a1)[KL],#f1[KL],(d.a.c1.e1)[KL],d1[KL],(d.a.c1.#c1)[KL],d1[KL],(d.a.c1.e1)[KLN],#f1[KLN],(g.b.g1)[IJMN],b1[JK],b2[KL],a2[KL],(#d.#f.b.c3)[KL],a2[KL],(#d.#f.b.#f2)[JK],a2[KL],g2[KL],(e.g.b.b2)[KL],g2[KL],(e.g.b.e2)[JK],g2[KL],f2[KL],(B-1.g.a2)[KL],f2[KL],(B-1.g.d2)[JK],f2[KL],e2[KL],(c.g.g2)[KL],e2[KL],(c.g.c2)[JK],d2[KL],c2[KL],(c.e.a.e2)[KL],c2[KL],(c.e.a.b1)[KL],a1[KL],(d.a.c1.c2)[KL],a1[KL],(d.a.c1.g1)[KL],#f1[KL],(d.a.c1.a1)[KLN],#f1[KL],(d.a.c1.e1)[KLM],d1[KLN],(d.a.c1.#c1)[KLMN],d1[KLM],(d.a.c1.e1)[JN],#f1[JMN],(g.b.g1)[HKM],"],"id":3}],"audition":{"start":[0,0],"end":[1,0]}}