{"baseBpm":660,"musics":[{"bpm":660,"baseBeats":1.5,"scores":["a[JK],(d.#f.a.d1)[JK],(d.#f.a)[JK],(d.#f.a.#f1)[KL],e1[KL],(d.#f.a.d1)[KL],#c1[KL],(d.#f.a.d1)[KL],e1[KL],(d.#f.a.#f1)[KL],e1[KL],(d.#f.a.d1)[KL],#c1[KL],(d.#f.a.d1)[KL],e1[KL],(d.#f.a.#f1)[KL],e1[KL],(d.#f.a.d1)[KL],e1[KL],(d.#f.a.#f1)[KL],g1[KL],(d.#f.a.a1)[KL],b1[KL],(d.g.a.#c2)[KL],d2[KL],(d.g.a.e2)[KL],#f2[KL],(d.g.a.g2)[KL],e2[KL],(d.#f.a.d2)[KL],e2[KL],(d.#f.a.#f2)[KL],g2[KL],(d.#f.a.a2)[KL],#f2[KL],(d.g.a.#c2)[KL],d2[KL],(d.g.a.e2)[KL],#f2[KL],(d.g.a.g2)[KL],e2[KL],(d.#f.a.d2)[IJ],a[JK],(d.#f.a.d1)[JK],(d.#f.a)[JK],(d.#f.a.#f1)[KL],e1[KL],(d.#f.a.d1)[KL],#c1[KL],(d.#f.a.d1)[KL],e1[KL],(d.#f.a.#f1)[KL],e1[KL],(d.#f.a.d1)[KL],#c1[KL],(d.#f.a.d1)[KL],e1[KL],(d.#f.a.#f1)[KL],e1[KL],(d.#f.a.d1)[KL],e1[KL],(d.#f.a.#f1)[KL],g1[KL],(d.#f.a.a1)[KL],b1[KL],(d.g.a.#c2)[KL],d2[KL],(d.g.a.e2)[KL],#f2[KL],(d.g.a.g2)[KL],e2[KL],(d.#f.a.d2)[KL],e2[KL],(d.#f.a.#f2)[KL],g2[KL],(d.#f.a.a2)[KL],#f2[KL],(d.g.a.#c2)[KL],d2[KL],(d.g.a.e2)[KL],#f2[KLN],(d.g.a.g2)[KLN],e2[KLM],(d.#f.a.d2)[IJL],a2[JK],(a.a1)[KL],g1[KL],e1[KL],g1[KL],(e1.a1)[KL],(g1.#g1)[KL],(a.a1)[KL],(g1.b1)[KL],(e1.#c2)[KL],(g1.d2)[KL],(e1.e2)[KL],(g1.#c2)[KL],(a.d2)[KL],#f1[KL],(d1.#f2)[KL],#f1[KL],(d1.a2)[KL],#f1[KL],(a.d3)[KL],#f1[KL],d1[KL],#f1[KL],(d1.a1.a2)[KL],#f1[KL],(a.a1)[KL],g1[KL],e1[KL],g1[KL],(e1.a1)[KL],(g1.#g1)[KL],(a.a1)[KL],(g1.b1)[KL],(e1.#c2)[KL],(g1.d2)[KL],(e1.e2)[KL],(g1.#c2)[KL],(d1.d2)[JK],(a.a1)[JK],(#f.#f1)[JK],(d.d1)[IJ],a2[JK],(a.a1)[KL],g1[KL],e1[KL],g1[KL],(e1.a1)[KL],(g1.#g1)[KL],(a.a1)[KL],(g1.b1)[KL],(e1.#c2)[KL],(g1.d2)[KL],(e1.e2)[KL],(g1.#c2)[KL],(a.d2)[KL],#f1[KL],(d1.#f2)[KL],#f1[KL],(d1.a2)[KL],#f1[KL],(a.d3)[KL],#f1[KL],d1[KL],#f1[KL],"],"id":1},{"bpm":660,"baseBeats":1.5,"scores":["(d1.a1.a2)[KL],#f1[KL],(a.a1)[KL],g1[KL],e1[KL],g1[KL],(e1.a1)[KL],(g1.#g1)[KL],(a.a1)[KL],(g1.b1)[KL],(e1.#c2)[KL],(g1.d2)[KL],(e1.e2)[KL],(g1.#c2)[KL],(d1.d2)[JK],(a.a1)[JKN],(#f.#f1)[JKMN],(d.d1)[IJL],(#f1.a1.#f2.a2)[JK],(#f1.a1.#f2.a2)[IJ],(#f1.d1.d2.#f2)[JK],(#f1.d1.#f2.d2)[KL],g2[KL],#f2[KL],e2[KL],(#f1.d1.#f2.d2)[JK],(a1.#f1.#f2.a2)[JK],(g1.e1.e2.g2)[JK],(#f1.d1.d2.#f2)[JK],(e1.a.#c2.e2)[IJ],(e1.a.a2.#c2)[JK],(#f1.d1.d2.#f2)[IJ],(#f.d1.a1.d2)[JK],(a.e1.#c2.e2)[IJ],(a.e1.#c2.a2)[JK],(g1.e1.e2.g2)[JK],(#f1.d1.d2.#f2)[JKN],(e1.a.#c2.e2)[JKM],(d1.#f.d2)[IJMN],(#f1.a1.#f2.a2)[JK],(#f1.a1.#f2.a2)[IJ],(#f1.d1.d2.#f2)[JK],(#f1.d1.#f2.d2)[KL],g2[KL],#f2[KL],e2[KL],(#f1.d1.#f2.d2)[JK],(a1.#f1.#f2.a2)[JK],(g1.e1.e2.g2)[JK],(#f1.d1.d2.#f2)[JK],(e1.a.#c2.e2)[IJ],(e1.a.a2.#c2)[JK],(#f1.d1.d2.#f2)[IJ],(#f.d1.a1.d2)[JK],(a.e1.#c2.e2)[IJ],(a.e1.#c2.a2)[JK],(g1.e1.e2.g2)[JK],(#f1.d1.d2.#f2)[JKN],(e1.a.#c2.e2)[JKMN],(d1.#f.d2)[IJL],(e1.a.a2.#c2)[JK],(e1.b.#g2.d2)[KL],a2[KL],#g2[KL],#f2[KL],(e1.b.#g2.d2)[JK],(e1.a.#c2.a2)[KL],d2[KL],#c2[KL],b1[KL],(e1.a.a2.#c2)[JK],(e1.b.#g2.d2)[KL],a2[KL],#g2[KL],#f2[KL],(e1.b.#g2.d2)[JK],(e1.a.#c2.a2)[KL],d2[KL],e2[KL],#f2[KL],(e1.a.g2)[KL],e2[KL],(#f1.d1.a2.#f2)[IJ],(#f1.d1.d2.#f2)[JK],(#f1.d1.#f2.d2)[KL],g2[KL],#f2[KL],e2[KL],(#f1.d1.d2.#f2)[JK],(a1.#f1.#f2.a2)[JK],(g1.e1.e2.g2)[JKN],(a.e1.#c2.e2)[JKM],(d1.#f.d2)[IJMN],(e1.a.a2.#c2)[JK],(e1.b.#g2.d2)[KL],a2[KL],#g2[KL],#f2[KL],(e1.b.#g2.d2)[JK],(e1.a.#c2.a2)[KL],d2[KL],#c2[KL],b1[KL],(e1.a.a2.#c2)[JK],(e1.b.#g2.d2)[KL],a2[KL],#g2[KL],#f2[KL],(e1.b.#g2.d2)[JK],(e1.a.#c2.a2)[KL],d2[KL],e2[KL],#f2[KL],(e1.a.g2)[KL],e2[KL],(#f1.d1.a2.#f2)[IJ],"],"id":2},{"bpm":660,"baseBeats":1.5,"scores":["(#f1.d1.d2.#f2)[JK],(#f1.d1.#f2.d2)[KL],g2[KL],#f2[KL],e2[KL],(#f1.d1.d2.#f2)[JK],(a1.#f1.#f2.a2)[JK],(g1.e1.e2.g2)[JKN],(a.e1.#c2.e2)[JKMN],(d1.#f.d2)[IJL],a[JK],(d.#f.a.d1)[JK],(d.#f.a)[JK],(d.#f.a.#f1)[KL],e1[KL],(d.#f.a.d1)[KL],#c1[KL],(d.#f.a.d1)[KL],e1[KL],(d.#f.a.#f1)[KL],e1[KL],(d.#f.a.d1)[KL],#c1[KL],(d.#f.a.d1)[KL],e1[KL],(d.#f.a.#f1)[KL],e1[KL],(d.#f.a.d1)[KL],e1[KL],(d.#f.a.#f1)[KL],g1[KL],(d.#f.a.a1)[KL],b1[KL],(d.g.a.#c2)[KL],d2[KL],(d.g.a.e2)[KL],#f2[KL],(d.g.a.g2)[KL],e2[KL],(d.#f.a.d2)[KL],e2[KL],(d.#f.a.#f2)[KL],g2[KL],(d.#f.a.a2)[KL],#f2[KL],(d.g.a.#c2)[KL],d2[KL],(d.g.a.e2)[KLN],#f2[KLN],(d.g.a.g2)[KLN],e2[KLN],(d.#f.a.d2)[IJLN],a2[JK],(a.a1)[KL],g1[KL],e1[KL],g1[KL],(e1.a1)[KL],(g1.#g1)[KL],(a.a1)[KL],(g1.b1)[KL],(e1.#c2)[KL],(g1.d2)[KL],(e1.e2)[KL],(g1.#c2)[KL],(a.d2)[KL],#f1[KL],(d1.#f2)[KL],#f1[KL],(d1.a2)[KL],#f1[KL],(a.d3)[KL],#f1[KL],d1[KL],#f1[KL],(d1.a1.a2)[KL],#f1[KL],(a.a1)[KL],g1[KL],e1[KL],g1[KL],(e1.a1)[KL],(g1.#g1)[KL],(a.a1)[KL],(g1.b1)[KL],(e1.#c2)[KL],(g1.d2)[KL],(e1.e2)[KL],(g1.#c2)[KL],(d1.d2)[JK],(a.a1)[JKN],(#f.#f1)[JKM],(d.d1)[IJLN],a2[JK],(a.a1)[KL],g1[KL],e1[KL],g1[KL],(e1.a1)[KL],(g1.#g1)[KL],(a.a1)[KL],(g1.b1)[KL],(e1.#c2)[KL],(g1.d2)[KL],(e1.e2)[KL],(g1.#c2)[KL],(a.d2)[KL],#f1[KL],(d1.#f2)[KL],#f1[KL],(d1.a2)[KL],#f1[KL],(a.d3)[KL],#f1[KL],d1[KL],#f1[KL],(d1.a1.a2)[KL],#f1[KL],(a.a1)[KL],g1[KL],e1[KL],g1[KL],(e1.a1)[KL],(g1.#g1)[KL],(a.a1)[KL],(g1.b1)[KL],(e1.#c2)[KL],(g1.d2)[KL],(e1.e2)[KLN],(g1.#c2)[KL],(d1.d2)[JKM],(a.a1)[JKLM],(#f.#f1)[IN],(d.d1)[HN],"],"id":3}],"audition":{"start":[0,0],"end":[1,0]}}