{"baseBpm":660,"musics":[{"bpm":660,"baseBeats":1.5,"scores":["ST,ST,ST,ST,ST,ST,ST,ST,ST,ST,ST,ST,ST,ST,ST,ST,ST,ST,ST,STV,mute[KL],mute[KL],mute[KL],mute[KL],RSU,ST,ST,ST,ST,ST,ST,ST,ST,ST,ST,ST,ST,ST,ST,ST,ST,ST,ST,ST,STVW,mute[KL],mute[KL],mute[KL],mute[KL],RSUW,mute[KL],mute[KL],mute[KL],mute[KL],mute[KL],mute[KL],mute[KL],mute[KL],mute[KL],mute[KL],mute[KL],mute[KL],mute[KL],mute[KL],mute[KL],mute[KL],mute[KL],mute[KL],mute[KL],mute[KL],mute[KL],mute[KL],mute[KL],mute[KL],mute[KL],mute[KL],mute[KL],mute[KL],mute[KL],mute[KL],mute[KL],mute[KL],mute[KL],mute[KL],mute[KL],mute[KL],mute[KL],mute[KL],ST,ST,ST,RS,mute[KL],mute[KL],mute[KL],mute[KL],mute[KL],mute[KL],mute[KL],mute[KL],mute[KL],mute[KL],mute[KL],mute[KL],mute[KL],mute[KL],mute[KL],mute[KL],mute[KL],mute[KL],mute[KL],mute[KL],mute[KL],mute[KL],mute[KL],mute[KL],mute[KL],mute[KL],mute[KL],mute[KL],mute[KL],mute[KL],mute[KL],mute[KL],mute[KL],mute[KL],mute[KL],mute[KL],mute[KL],mute[KL],ST,STW,STV,RSUW,mute[KL],mute[KL],RS,mute[KL],mute[KL],RS,mute[KL],mute[KL],ST,ST,ST,RS,ST,ST,ST,ST,ST,ST,ST,ST,ST,ST,RS,mute[KL],mute[KL],RS,mute[KL],mute[KL],RS,mute[KL],mute[KL],ST,ST,ST,RS,ST,ST,ST,ST,ST,ST,ST,ST,STW,STVW,RSU,mute[KL],mute[KL],RS,mute[KL],mute[KL],RS,mute[KL],mute[KL],ST,ST,ST,RS,ST,ST,ST,ST,ST,ST,ST,ST,ST,ST,RS,mute[KL],mute[KL],RS,mute[KL],mute[KL],RS,mute[KL],mute[KL],ST,STW,STV,RSVW,ST,ST,ST,ST,ST,ST,ST,ST,STW,STVW,RSU,ST,ST,ST,ST,ST,ST,ST,ST,ST,ST,ST,ST,ST,ST,ST,ST,ST,ST,ST,STU,mute[KL],mute[KL],mute[KL],mute[KL],RSUW,mute[KL],mute[KL],mute[KL],mute[KL],mute[KL],mute[KL],mute[KL],mute[KL],mute[KL],mute[KL],mute[KL],mute[KL],mute[KL],mute[KL],mute[KL],mute[KL],mute[KL],mute[KL],mute[KL],mute[KL],mute[KL],mute[KL],mute[KL],mute[KL],mute[KL],mute[KL],mute[KL],mute[KL],mute[KL],mute[KL],mute[KL],mute[KL],mute[KL],mute[KL],mute[KL],mute[KL],mute[KL],mute[KL],ST,ST,ST,RS,mute[KL],mute[KL],mute[KL],mute[KL],mute[KL],mute[KL],mute[KL],mute[KL],mute[KL],mute[KL],mute[KL],mute[KL],mute[KL],mute[KL],mute[KL],mute[KL],mute[KL],mute[KL],mute[KL],mute[KL],mute[KL],mute[KL],mute[KL],mute[KL],mute[KL],mute[KL],mute[KL],mute[KL],mute[KL],mute[KL],mute[KL],mute[KL],mute[KL],mute[KL],mute[KL],mute[KL],","g2[JLN],d3[MN],(c1.e1.g1.c3)[JK],(c1.e1.g1.b2)[JK],(c1.e1.g1.c3)[JLN],d3[MN],(c1.e1.g1.c3)[JK],(c1.e1.g1.b2)[JK],(c1.e1.g1.c3)[JK],(c1.f1.a1.#c3)[JK],(c1.f1.a1.d3)[JK],(c1.f1.a1)[JK],(c1.f1.a1)[JK],(c1.f1.a1)[JK],(c1.f1.a1.c3)[JLN],c3[MN],(c1.d1.f1.b2)[JK],(c1.d1.f1.a2)[JK],(c1.d1.f1.g2)[JK],(c1.d1.f1.g2)[JK],(c1.d1.f1.a2)[JK],(c1.d1.f1.b2)[JK],(c1.e1.g1.c3)[JK],(c1.e1.g1.c3)[KL],e3[KL],(f1.c1.g1.d3)[KLN],b2[KLN],(c1.e1.g1.c3)[IJL],g2[JL],d3[L],(c1.e1.g1.c3)[JK],(c1.e1.g1.b2)[JK],(c1.e1.g1.c3)[JL],d3[L],(c1.e1.g1.c3)[JK],(c1.e1.g1.b2)[JK],(c1.e1.g1.c3)[JK],(c1.f1.a1.#c3)[JK],(c1.f1.a1.d3)[JK],(c1.f1.a1)[JK],(c1.f1.a1)[JK],(c1.f1.a1)[JK],(c1.f1.a1.c3)[JL],c3[L],(c1.d1.f1.b2)[JK],(c1.d1.f1.a2)[JK],(c1.d1.f1.g2)[JK],(c1.d1.f1.g2)[JK],(c1.d1.f1.a2)[JK],(c1.d1.f1.b2)[JK],(c1.e1.g1.c3)[JK],(c1.e1.g1.c3)[KL],e3[KL],(f1.c1.g1.d3)[KLM],b2[KLN],(c1.e1.g1.c3)[IJLN],f2[KL],g2[KL],(G-1.B-1.d.f.a2)[KL],g2[KL],f2[KL],e2[KL],d2[KL],#c2[KL],(G-1.B-1.d.f.f2)[KL],e2[KL],d2[KL],c2[KL],b1[KL],a1[KL],(G-1.B-1.d.f.d2)[KL],c2[KL],b1[KL],a1[KL],g1[KL],#f1[KL],(G-1.B-1.d.f.g1)[KL],a1[KL],g1[KL],f1[KL],e1[KL],d1[KL],(c.c1)[KL],e1[KL],(c1.f1)[KL],g1[KL],(b.a1)[KL],b1[KL],(a.c2)[KL],e2[KL],(g.f2)[KL],g2[KL],(#f.a2)[KL],b2[KL],(G-1.g.e2.c3)[JK],(G-1.g.f2.d3)[JK],(G-1.g.d2.b2)[JK],(c.c1.c3.e2)[IJ],f2[KL],g2[KL],(G-1.B-1.d.f.a2)[KL],g2[KL],f2[KL],e2[KL],d2[KL],#c2[KL],(G-1.B-1.d.f.f2)[KL],e2[KL],d2[KL],c2[KL],b1[KL],a1[KL],(G-1.B-1.d.f.d2)[KL],c2[KL],b1[KL],a1[KL],g1[KL],#f1[KL],(G-1.B-1.d.f.g1)[KL],a1[KL],g1[KL],f1[KL],e1[KL],d1[KL],(c.c1)[KL],e1[KL],(c1.f1)[KL],g1[KL],(b.a1)[KL],b1[KL],(a.c2)[KL],e2[KL],(g.f2)[KL],g2[KL],(#f.a2)[KL],b2[KL],(G-1.g.e2.c3)[JK],(G-1.g.f2.d3)[JKN],(G-1.g.d2.b2)[JKM],(c.c1.c3.e2)[IJLN],(G-1.g)[KL],(G-1.g)[KL],(c.c1)[IJ],(G-1.g)[KL],(G-1.g)[KL],(c.c1)[IJ],(G-1.g)[KL],(G-1.g)[KL],(c.c1)[JK],(e.e1)[JK],(g.g1)[JK],(c1.c2)[IJ],g1[JK],(e1.c1.g1.c2)[JK],e2[JK],g2[JK],(b.d1.f1.g1.f2)[JK],d2[JK],g2[JK],(e1.c1.g1.e2)[JK],c2[JK],g2[JK],(g.b.d1.g1.b1.d2)[IJ],(G-1.g)[KL],(G-1.g)[KL],(c.c1)[IJ],(G-1.g)[KL],(G-1.g)[KL],(c.c1)[IJ],(G-1.g)[KL],(G-1.g)[KL],(c.c1)[JK],(e.e1)[JK],(g.g1)[JK],(c1.c2)[IJ],g1[JK],(e1.c1.g1.c2)[JK],e2[JK],g2[JK],(b.d1.f1.g1.f2)[JK],d2[JK],g2[JK],(e1.c1.g1.e2)[JK],c2[JKN],g2[JKMN],(g.b.d1.g1.b1.d2)[IJL],(G-2.g)[KL],(G-2.g)[KL],(G-1.G-2.g.b.d1.f1)[IJ],(G-2.g)[KL],(G-2.g)[KL],(G-1.G-2.g.b.d1.f1)[IJ],(G-2.g)[KL],(G-2.g)[KL],(G-1.G-2.g.b.d1.f1)[JK],(G-1.G-2.g.b.d1.f1)[JK],(G-1.G-2.g.b.d1.f1)[JK],(G-1.G-2.g.b.d1.f1)[IJ],g2[JK],(e.g.c1.c3)[JK],g2[JK],e2[JK],(f.a.d1.a2)[JK],f2[JK],d2[JK],(g.d1.f1.f2)[JK],d2[JK],b1[JK],(c1.e1.c2)[IJ],(G-2.g)[KL],(G-2.g)[KL],(G-1.G-2.g.b.d1.f1)[IJ],(G-2.g)[KL],(G-2.g)[KL],(G-1.G-2.g.b.d1.f1)[IJ],(G-2.g)[KL],(G-2.g)[KL],(G-1.G-2.g.b.d1.f1)[JK],(G-1.G-2.g.b.d1.f1)[JKN],(G-1.G-2.g.b.d1.f1)[JKM],(G-1.G-2.g.b.d1.f1)[IJMN],g2[JK],(e.g.c1.c3)[JK],g2[JK],e2[JK],(f.a.d1.a2)[JK],f2[JK],d2[JK],(g.d1.f1.f2)[JK],d2[JKN],b1[JKMN],(c1.e1.c2)[IJL],g2[JLM],d3[M],(c1.e1.g1.c3)[JK],(c1.e1.g1.b2)[JK],(c1.e1.g1.c3)[JLM],d3[M],(c1.e1.g1.c3)[JK],(c1.e1.g1.b2)[JK],(c1.e1.g1.c3)[JK],(c1.f1.a1.#c3)[JK],(c1.f1.a1.d3)[JK],(c1.f1.a1)[JK],(c1.f1.a1)[JK],(c1.f1.a1)[JK],(c1.f1.a1.c3)[JLM],c3[M],(c1.d1.f1.b2)[JK],(c1.d1.f1.a2)[JK],(c1.d1.f1.g2)[JK],(c1.d1.f1.g2)[JK],(c1.d1.f1.a2)[JK],(c1.d1.f1.b2)[JK],(c1.e1.g1.c3)[JK],(c1.e1.g1.c3)[KLN],e3[KLN],(f1.c1.g1.d3)[KLN],b2[KLN],(c1.e1.g1.c3)[IJLN],f2[KL],g2[KL],(G-1.B-1.d.f.a2)[KL],g2[KL],f2[KL],e2[KL],d2[KL],#c2[KL],(G-1.B-1.d.f.f2)[KL],e2[KL],d2[KL],c2[KL],b1[KL],a1[KL],(G-1.B-1.d.f.d2)[KL],c2[KL],b1[KL],a1[KL],g1[KL],#f1[KL],(G-1.B-1.d.f.g1)[KL],a1[KL],g1[KL],f1[KL],e1[KL],d1[KL],(c.c1)[KL],e1[KL],(c1.f1)[KL],g1[KL],(b.a1)[KL],b1[KL],(a.c2)[KL],e2[KL],(g.f2)[KL],g2[KL],(#f.a2)[KL],b2[KL],(G-1.g.e2.c3)[JK],(G-1.g.f2.d3)[JK],(G-1.g.d2.b2)[JK],(c.c1.c3.e2)[IJ],f2[KL],g2[KL],(G-1.B-1.d.f.a2)[KL],g2[KL],f2[KL],e2[KL],d2[KL],#c2[KL],(G-1.B-1.d.f.f2)[KL],e2[KL],d2[KL],c2[KL],b1[KL],a1[KL],(G-1.B-1.d.f.d2)[KL],c2[KL],b1[KL],a1[KL],g1[KL],#f1[KL],(G-1.B-1.d.f.g1)[KL],a1[KL],g1[KL],f1[KL],e1[KL],d1[KL],(c.c1)[KL],e1[KL],(c1.f1)[KL],g1[KL],(b.a1)[KL],b1[KL],(a.c2)[KL],e2[KL],(g.f2)[KL],g2[KL],"],"id":1},{"bpm":660,"baseBeats":1.5,"scores":["(#f.a2)[KL],b2[KL],(G-1.g.e2.c3)[JK],(G-1.g.f2.d3)[JKN],(G-1.g.d2.b2)[JKM],(c.c1.c3.e2)[IJLN],(G-1.g)[KL],(G-1.g)[KL],(c.c1)[IJ],(G-1.g)[KL],(G-1.g)[KL],(c.c1)[IJ],(G-1.g)[KL],(G-1.g)[KL],(c.c1)[JK],(e.e1)[JK],(g.g1)[JK],(c1.c2)[JK],e2[JK],g2[JK],(c.c2.e2.g2)[KL],c3[KL],(e.c2.e2.g2)[KL],c3[KL],(g.c2.e2.g2)[KL],c3[KL],(c1.c2.e2.g2)[KL],c3[KL],(c2.e2.g2)[KL],c3[KL],(c2.e2.g2)[KL],c3[KL],(#A-1.c2.e2.g2)[KL],c3[KL],(e.c2.e2.g2)[KL],c3[KL],(g.c2.e2.g2)[KL],c3[KL],(#a.c2.e2.g2)[KL],c3[KL],(c2.e2.g2)[KL],c3[KL],(c2.e2.g2)[KL],c3[KL],(A-1.c2.f2)[KL],c3[KL],(c.c2.f2)[KL],c3[KL],(f.c2.f2)[KL],c3[KL],(a.c2.f2)[KL],c3[KL],(c2.f2)[KL],c3[KL],(c2.f2)[KL],c3[KL],(#G-1.c2.#f2)[KL],c3[KL],(#G-1.#g.c2.#f2)[KL],c3[KL],(#G-1.#g.c2.#f2)[KL],c3[KL],(#G-1.#g.c2.#f2)[KL],c3[KL],(#G-1.#g.c2.#f2)[KLN],c3[KL],(#G-1.#g.c2.#f2)[KLM],c3[KL],(G-1.g.b2.g2.d2)[JKMN],b[JK],d1[JK],(g.c3.g2.e2)[JK],c1[JK],e1[JK],(g.d3.g2.f2)[JK],d1[JK],f1[JK],(g.c3.g2.e2)[JK],c1[JKN],e1[JKM],(G-1.g.b1.g2)[KLM],b2[KL],(b1.g2)[KL],b2[KL],(b1.g2)[KL],b2[KL],(G-1.g.c2.a2)[KL],c3[KL],(c2.a2)[KL],c3[KL],(c2.a2)[KL],c3[KL],(G-1.g.d2.b2)[KL],d3[KL],(d2.b2)[KL],d3[KL],(d2.b2)[KL],d3[KL],(G-1.g.c3.e2)[KL],e3[KL],(c3.e2)[KL],e3[KL],(c3.e2)[KL],e3[KL],(G-1.B-1.d.f3)[KL],f[KL],(G-1.B-1.d.d3)[KL],f[KL],(G-1.B-1.d.b2)[KL],f[KL],(G-1.B-1.d.g2)[KL],f[KL],(G-1.B-1.d.f2)[KL],f[KL],(G-1.B-1.d.d2)[KL],f[KL],(G-1.B-1.d.b1)[KL],f[KL],(G-1.B-1.d.g1)[KL],f[KL],(G-1.B-1.d.f1)[KL],f[KLN],(G-1.B-1.d.d1)[KLN],f[KLN],(G-1.B-1.d.b)[KLMN],f[KLMN],(G-1.B-1.d.d1)[KLM],f[JKLM],(f.d.G-1.B-1.g)[HHHJKL],g1[JK],(c.g1)[JK],(c1.e)[JK],(c1.e)[JK],(c1.e.c2)[JK],(c1.e)[JK],(c1.e.g1)[JK],(c.g1)[JK],(c1.e)[JK],(c1.e)[JK],(c1.e.e2)[JK],(c1.e)[JK],(c1.e.g1)[JK],(c.g1)[JK],(c1.e)[JK],(c1.e.c2)[JK],(c.g1)[JK],(c1.e)[JK],(c1.e.e2)[JK],(c.g1)[JK],(c1.e)[JK],(c1.e.g2)[JK],(c.g1)[JK],(c1.e)[JK],(c1.e.e2)[JK],(c.g1)[JK],(c1.e)[JK],(c1.e)[JK],(c1.e.c2)[JK],(c1.e)[JK],(c1.e.g1)[JK],(c.g1)[JK],(c1.e)[JK],(c1.e)[JK],(c1.e.e2)[JK],(c1.e)[JK],(c1.e.g1)[JK],(c.g1)[JK],(c1.e.c2)[JK],(c1.e.g1)[JK],(c.g1)[JK],(c1.e.e2)[JK],(c1.e.g1)[JK],(c.g1)[JK],(c1.e.c2)[KL],e2[KL],(c1.e.g2)[KL],e2[KL],(e.c1.c2)[IJ],c2[JK],(G-1.f2)[KL],g[KL],(#f.d2)[KL],g[KL],(#f.b1)[KL],g[KL],(f.g1)[KL],g[KL],(f.a1)[KL],g[KL],(f.b1)[KL],g[KL],(e.c2)[KL],g[KL],(#f.g1)[KL],g[KL],(#f.e1)[KL],g[KL],(e.c1)[KL],g[KL],(e.d1)[KL],g[KL],(e.e1)[KL],g[KL],(G-1.f1)[KL],d[KL],(f.d1)[KL],d[KL],(f.b)[KL],d[KL],(G-1.g)[KL],d[KL],(f.a)[KL],d[KL],(f.b)[KL],d[KL],(c.c1)[KL],e[KL],(g.e1)[KL],e[KL],(g.g1)[KL],e[KL],(c.c2)[KL],e[KL],(g.d2)[KL],e[KL],(g.e2)[KL],e[KL],(G-1.f3.f2)[KL],g[KL],(#f.d3)[KL],g[KL],(#f.b2)[KL],g[KL],(f.g2)[KL],g[KL],(f.a2)[KL],g[KL],(f.b2)[KL],g[KL],(e.c3)[KL],g[KL],(#f.g2)[KL],g[KL],(#f.e2)[KL],g[KL],(e.c2)[KL],g[KL],(e.d2)[KL],g[KL],(e.e2)[KL],g[KL],(G-1.f2)[KL],d[KL],(f.d2)[KL],d[KL],(f.b1)[KL],d[KL],(G-1.g1)[KL],d[KLN],(f.a1)[KLN],d[KLN],(f.b1)[KLMN],d[KLMN],(C-1.c2)[KLM],c[KL],(C-1.c1)[KL],c[KL],(C-1.c1)[KL],c[KL],(C-1.c1)[KL],c[KL],(C-1.c1)[KL],c[KL],(C-1.c1)[KL],c[KL],(C-1.b.d1)[KL],c[KL],(C-1.d1.f1)[KL],c[KL],(C-1.b.d1)[KL],c[KL],(C-1.b.d1)[KL],c[KL],(C-1.d1.f1)[KL],c[KL],(C-1.b.d1)[KL],c[KL],(C-1.c1.e1)[KL],c[KL],(C-1.c2.e1)[KL],c[KL],(C-1.c2.e1)[KL],c[KL],(C-1.e1.c2)[KL],c[KL],(C-1.e1.c2)[KL],c[KL],(C-1.e1.c2)[KL],c[KL],(C-1.d1.b1)[KL],c[KL],(C-1.f1.d2)[KL],c[KL],(C-1.d1.b1)[KL],c[KL],(C-1.d1.b1)[KL],c[KL],(C-1.f1.d2)[KL],c[KL],(C-1.d1.b1)[KL],c[KL],(C-1.e1.c2)[KL],c[KL],(C-1.c2.e2)[KL],c[KL],(C-1.c2.e2)[KL],c[KL],(C-1.e2.c2)[KL],c[KL],(C-1.e2.c2)[KL],c[KL],(C-1.e2.c2)[KL],c[KL],(C-1.b1.d2)[KL],c[KL],(C-1.d2.f2)[KL],c[KL],(C-1.b1.d2)[KL],c[KL],(C-1.b1.d2)[KL],c[KL],(C-1.d2.f2)[KLN],c[KL],(C-1.b1.d2)[KLN],c[KLM],(c.c2.e2)[JKM],(e1.g.e2)[KL],c2[KL],(e1.g.g2)[JK],e[JK],(e1.g.e2)[KL],c2[KL],(e1.g.g2)[JK],(d.f3)[KL],e3[KL],(b.g.f.d3)[KL],c3[KL],(f.g.b.b2)[KL],a2[KL],(d.g2)[KL],f2[KL],(b.g.f.e2)[KL],d2[KL],(f.g.b.c2)[KL],b1[KL],(c.c2)[JK],(e1.g.e2)[KL],c2[KL],(e1.g.g2)[JK],e[JK],(e1.g.e2)[KL],c2[KL],(e1.g.g2)[JK],(d.g1)[KL],a1[KL],(b.g.f.b1)[KL],c2[KL],(f.g.b.d2)[KL],e2[KL],(d.f2)[KL],g2[KL],(b.g.f.a2)[KL],b2[KL],(f.g.b.c3)[KL],d3[KL],(c.e3)[JK],(e1.g.e2)[KL],c2[KL],"],"id":2},{"bpm":660,"baseBeats":1.5,"scores":["ST,ST,mute[KL],mute[KL],ST,mute[KL],mute[KL],mute[KL],mute[KL],mute[KL],mute[KL],mute[KL],mute[KL],mute[KL],mute[KL],mute[KL],mute[KL],ST,mute[KL],mute[KL],ST,ST,mute[KL],mute[KL],ST,ST,mute[KL],mute[KL],ST,ST,mute[KL],mute[KL],ST,ST,mute[KL],mute[KL],ST,ST,mute[KL],mute[KL],ST,ST,mute[KL],mute[KL],ST,ST,mute[KL],mute[KL],STU,mute[KL],mute[KL],mute[KL],mute[KL],mute[KL],mute[KL],mute[KL],mute[KL],mute[KL],mute[KL],mute[KL],mute[KL],mute[KL],mute[KL],mute[KL],mute[KL],mute[KL],mute[KL],mute[KL],mute[KL],mute[KL],mute[KL],mute[KL],mute[KL],STV,mute[KL],mute[KL],ST,ST,ST,ST,ST,ST,ST,ST,STW,STUVW,mute[KL],mute[KL],mute[KL],mute[KL],mute[KL],mute[KL],mute[KL],mute[KL],mute[KL],mute[KL],mute[KL],mute[KL],mute[KL],mute[KL],mute[KL],mute[KL],mute[KL],mute[KL],mute[KL],mute[KL],mute[KL],mute[KL],mute[KL],mute[KL],RU,mute[KL],ST,RU,mute[KL],ST,RU,mute[KL],ST,RUVW,mute[KL],STUVW,mute[KL],mute[KL],mute[KL],mute[KL],mute[KL],mute[KL],mute[KL],mute[KL],mute[KL],mute[KL],mute[KL],mute[KL],mute[KL],mute[KL],mute[KL],mute[KL],mute[KL],mute[KL],mute[KL],mute[KL],mute[KL],mute[KL],mute[KL],mute[KL],mute[KL],mute[KL],mute[KL],mute[KL],ST,mute[KL],mute[KL],mute[KL],mute[KL],ST,mute[KL],mute[KL],mute[KL],mute[KL],STV,mute[KL],mute[KL],mute[KL],mute[KL],R,mute[KL],mute[KL],mute[KL],mute[KL],mute[KL],mute[KL],mute[KL],mute[KL],mute[KL],mute[KL],mute[KL],mute[KL],mute[KL],mute[KL],mute[KL],mute[KL],mute[KL],mute[KL],mute[KL],mute[KL],mute[KL],mute[KL],mute[KL],mute[KL],STUW,mute[KL],mute[KL],mute[KL],mute[KL],mute[KL],mute[KL],mute[KL],mute[KL],mute[KL],mute[KL],mute[KL],mute[KL],mute[KL],mute[KL],mute[KL],mute[KL],mute[KL],mute[KL],mute[KL],mute[KL],mute[KL],mute[KL],mute[KL],mute[KL],mute[KL],mute[KL],mute[KL],mute[KL],mute[KL],mute[KL],mute[KL],mute[KL],mute[KL],mute[KL],mute[KL],mute[KL],mute[KL],mute[KL],mute[KL],mute[KL],mute[KL],mute[KL],mute[KL],mute[KL],mute[KL],mute[KL],mute[KL],mute[KL],mute[KL],mute[KL],mute[KL],mute[KL],mute[KL],mute[KL],mute[KL],mute[KL],mute[KL],mute[KL],mute[KL],mute[KL],mute[KL],mute[KL],mute[KL],mute[KL],mute[KL],mute[KL],mute[KL],mute[KL],mute[KL],mute[KL],RSUW,STV,STVW,STV,STVW,STU,STVW,STU,STUW,STUV,STUW,QRSV,mute[KL],mute[KL],mute[KL],mute[KL],mute[KL],mute[KL],mute[KL],mute[KL],mute[KL],mute[KL],mute[KL],mute[KL],mute[KL],mute[KL],SW,QRVW,QQQUW,","(e1.g.g2)[JK],e[JK],(e1.g.e2)[KL],c2[KL],(e1.g.g2)[JK],(d.f3)[KL],e3[KL],(b.g.f.d3)[KL],c3[KL],(f.g.b.b2)[KL],a2[KL],(d.g2)[KL],f2[KL],(b.g.f.e2)[KL],d2[KL],(f.g.b.c2)[KL],b1[KL],(c.c2)[JK],(c1.c3)[KL],g2[KL],(c1.e3)[JK],A-1[JK],(a.c3)[KL],a2[KL],(a.e3)[JK],F-1[JK],(f.d3)[KL],a2[KL],(f.f3)[JK],G-1[JK],(g.b2)[KL],g2[KL],(g.d3)[JK],c[JK],(c1.c3)[KL],g2[KL],(c1.e3)[JK],A-1[JK],(a.c3)[KL],a2[KL],(a.e3)[JK],F-1[JK],(f.d3)[KL],a2[KL],(f.f3)[JK],G-1[JK],(g.b2)[KL],g2[KL],(g.d3)[JK],(c.g2)[KL],c3[KL],(c1.e3)[KL],c3[KL],(c1.e3)[KL],c3[KL],(A-1.a2)[KL],c3[KL],(a.e3)[KL],c3[KL],(a.e3)[KL],c3[KL],(F-1.a2)[KL],d3[KL],(f.f3)[KL],d3[KL],(f.f3)[KL],d3[KL],(G-1.f2)[KL],b2[KL],(g.d3)[KLN],b2[KL],(g.d3)[KLN],b2[KLM],(c.c3.e2)[JKM],c1[KL],c1[KL],c1[JK],c1[JK],g[JK],c1[JK],e1[JK],c1[JK],e1[JK],g1[JK],e1[JKN],c1[JKMN],(G-2.d2.f2)[KLN],(G-1.b2)[KL],(G-2.d2.f2)[KL],(G-1.b2)[KL],(G-2.d2.f2)[KL],(G-1.b2)[KL],(G-2.d2.f2)[KL],(G-1.b2)[KL],(G-2.d2.f2)[KL],(G-1.b2)[KL],(G-2.d2.f2)[KL],(G-1.b2)[KL],(G-2.d2.f2)[KL],(G-1.b2)[KL],(G-2.d2.f2)[KL],(G-1.b2)[KL],(G-2.d2.f2)[KL],(G-1.b2)[KL],(G-2.d2.f2)[KL],(G-1.b2)[KL],(G-2.d2.f2)[KL],(G-1.b2)[KLN],(G-2.d2.f2)[KLN],(G-1.b2)[KLN],(C-1.c.c3.e2)[IL],e2[KL],g2[JK],c2[IL],e2[KL],g2[JK],c2[IL],e2[KL],g2[JK],c2[ILM],e2[KLN],g2[JKM],(G-2.b2.d2.f2)[KLN],(G-1.d3)[KL],(G-2.b2.d2.f2)[KL],(G-1.d3)[KL],(G-2.b2.d2.f2)[KL],(G-1.d3)[KL],(G-2.b2.d2.f2)[KL],(G-1.d3)[KL],(G-2.b2.d2.f2)[KL],(G-1.d3)[KL],(G-2.b2.d2.f2)[KL],(G-1.d3)[KL],(G-2.b2.d2.f2)[KL],(G-1.d3)[KL],(G-2.b2.d2.f2)[KL],(G-1.d3)[KL],(G-2.b2.d2.f2)[KL],(G-1.d3)[KL],(G-2.b2.d2.f2)[KL],(G-1.d3)[KL],(G-2.b2.d2.f2)[KLN],(G-1.d3)[KL],(G-2.b2.d2.f2)[KLN],(G-1.d3)[KLM],(C-1.c.e3.c3.e2)[KL],g1[KL],c2[KL],e2[KL],g2[JK],c2[KL],g1[KL],c2[KL],e2[KL],g2[JK],c2[KL],g1[KL],c2[KL],e2[KL],g2[JK],c2[KL],g1[KLN],c2[KLN],e2[KL],g2[JKM],(G-2.b2.d2.f2)[KLM],(G-1.d3)[KL],(G-2.b2.d2.f2)[KL],(G-1.d3)[KL],(G-2.b2.d2.f2)[KL],(G-1.d3)[KL],(G-2.b2.d2.f2)[KL],(G-1.d3)[KL],(G-2.b2.d2.f2)[KL],(G-1.d3)[KL],(G-2.b2.d2.f2)[KL],(G-1.d3)[KL],(G-2.b2.d2.f2)[KL],(G-1.d3)[KL],(G-2.b2.d2.f2)[KL],(G-1.d3)[KL],(G-2.b2.d2.f2)[KL],(G-1.d3)[KL],(G-2.b2.d2.f2)[KL],(G-1.d3)[KL],(G-2.b2.d2.f2)[KL],(G-1.d3)[KLN],(G-2.b2.d2.f2)[KLN],(G-1.d3)[KLM],(C-1.c.c3.e2)[JKM],(e.c.e3)[KL],g[KL],(e.c.c3)[KL],g[KL],(e.c.g2)[KL],g[KL],(e.c.c3)[KL],g[KL],(e.c.g2)[KL],g[KL],(e.c.e2)[KL],g[KL],(e.c.c3)[KL],g[KL],(e.c.g2)[KL],g[KL],(e.c.e2)[KL],g[KL],(e.c.g2)[KL],g[KL],(e.c.e2)[KL],g[KL],(e.c.c2)[KL],g[KL],(e.c.g2)[KL],g[KL],(e.c.e2)[KL],g[KL],(e.c.c2)[KL],g[KL],(e.c.e2)[KL],g[KL],(e.c.c2)[KL],g[KL],(e.c.g1)[KL],g[KL],(e.c.c2)[KL],g[KL],(e.c.g1)[KL],g[KL],(e.c.e1)[KL],g[KL],(e.c.g1)[KL],g[KL],(e.c.e1)[KL],g[KL],(c.c1)[KL],(B-1.b)[KL],(c.c1)[KL],(G-1.g)[KL],(A-1.a)[KL],(B-1.b)[KL],(c.c1)[KL],(B-1.b)[KL],(c.c1)[KL],(G-1.g)[KL],(A-1.a)[KL],(B-1.b)[KL],(c.c1)[KL],(B-1.b)[KL],(c.c1)[KL],(G-1.g)[KL],(A-1.a)[KL],(B-1.b)[KL],(c.c1)[KL],(B-1.b)[KL],(c.c1)[KL],(G-1.g)[KLN],(A-1.a)[KLN],(B-1.b)[KLN],(c.c1)[IJLN],g1[JKM],(c.e.g.c1.g1)[JKMN],e2[JKM],g1[JKMN],(c.e.g.c1.g1)[JKL],g2[JKMN],g1[JKL],(c.e.g.c1.g1)[JKLN],e2[JKLM],g1[JKLN],(c.e.g.c1.g1)[HIJN],c2[KMN],g1[KMN],c2[KMN],e2[KMN],g2[KMN],e2[KMN],c2[KMN],g1[KMN],c2[KMN],g1[KMN],c2[KMN],e2[KMN],g2[KL],e2[KL],c2[KLN],g1[JN],c2[HIMN],c2[HHHLN],"],"id":3}],"audition":{"start":[0,0],"end":[1,0]}}