{"baseBpm":576,"musics":[{"bpm":576,"baseBeats":1.5,"scores":["ST,ST,ST,ST,mute[KL],mute[KL],mute[KL],mute[KL],mute[KL],mute[KL],mute[KL],mute[KL],mute[KL],mute[KL],mute[KL],mute[KL],ST,ST,ST,ST,ST,5<TU>,5<TU>,ST,ST,5<TU>,5<TU>,ST,STW,STW,RSU,ST,ST,ST,ST,mute[KL],mute[KL],mute[KL],mute[KL],mute[KL],mute[KL],mute[KL],mute[KL],mute[KL],mute[KL],mute[KL],mute[KL],ST,ST,ST,ST,ST,5<TU>,5<TU>,ST,ST,5<TU>,5<TU>,ST,STV,STVW,RSUV,ST,ST,ST,ST,ST,ST,ST,mute[KL],mute[KL],mute[KL],mute[KL],mute[KL],mute[KL],ST,ST,ST,ST,ST,mute[KL],mute[KL],mute[KL],mute[KL],mute[KL],mute[KL],mute[KL],mute[KL],mute[KL],mute[KL],mute[KL],mute[KL],mute[KL],mute[KL],RS,ST,ST,ST,ST,ST,ST,ST,mute[KL],mute[KL],mute[KL],mute[KL],mute[KL],mute[KL],ST,ST,ST,ST,STUW,mute[KL],mute[KL],mute[KL],mute[KL],mute[KL],mute[KL],mute[KL],mute[KL],mute[KL],mute[KL],mute[KL],mute[KL],mute[KL],mute[KL],RSUVW,","c2[JK],(f.a.c1.a2.a1)[JK],(f.a.c1)[JK],(f.a.c1)[JK],(f.a.c1.#a2)[KL],a2[KL],(f.a.c1.g2)[KL],f2[KL],(f.a.c1.e2)[KL],d2[KL],(g.#a.c1.c2)[KL],b1[KL],(g.#a.c1.c2)[KL],b1[KL],(g.#a.c1.c2)[KL],b1[KL],(g.#a.c1.c2)[JK],(g.#a.c1.d2)[JK],(g.#a.c1.e2)[JK],(a.c1.f2)[JK],c2[JK],f2[L],g2[L],f2[L],e2[LM],f2[LM],(e.c1.g2)[JK],c2[JK],g2[L],a2[L],g2[L],f2[LM],g2[LM],(F-1.f.a2)[JK],(F-1.f.f2)[JKN],(A-1.a.c3)[JKN],(c.c1.e2.g2)[IJL],c2[JK],(f.a.c1.a2.a1)[JK],(f.a.c1)[JK],(f.a.c1)[JK],(f.a.c1.#a2)[KL],a2[KL],(f.a.c1.g2)[KL],f2[KL],(f.a.c1.e2)[KL],d2[KL],(g.#a.c1.c2)[KL],b1[KL],(g.#a.c1.c2)[KL],b1[KL],(g.#a.c1.c2)[KL],b1[KL],(g.#a.c1.c2)[JK],(g.#a.c1.d2)[JK],(g.#a.c1.e2)[JK],(a.c1.f2)[JK],c2[JK],f2[L],g2[L],f2[L],e2[LM],f2[LM],(e.c1.g2)[JK],c2[JK],g2[L],a2[L],g2[L],f2[LM],g2[LM],(F-1.f.a2)[JK],(F-1.f.f2)[JKM],(A-1.a.c3)[JKMN],(c.c1.e2.g2)[IJLM],#a2[JK],#a2[JK],(c.g.#a)[JK],(c.g.#a.g2)[JK],(#c.g.#a.f2)[JK],(c.e2)[JK],#a2[JK],a2[KL],#a2[KL],(c.g.#a.c3)[KL],#a2[KL],(c.g.#a.a2)[KL],g2[KL],(#c.g.#a.f2)[JK],(c.e2)[JK],c1[JK],(c.c1)[JK],B-1[JK],(#A-1.d1)[KL],e1[KL],(A-1.f1)[KL],g1[KL],(G-1.a1)[KL],#a1[KL],(F-1.c2)[KL],d2[KL],(c.e2)[KL],f2[KL],(c1.g2)[KL],a2[KL],(c.#a2)[KL],g2[KL],(f.f2)[IJ],#a2[JK],#a2[JK],(c.g.#a)[JK],(c.g.#a.g2)[JK],(#c.g.#a.f2)[JK],(c.e2)[JK],#a2[JK],a2[KL],#a2[KL],(c.g.#a.c3)[KL],#a2[KL],(c.g.#a.a2)[KL],g2[KL],(#c.g.#a.f2)[JK],(c.e2)[JK],c1[JK],(c.c1)[JK],B-1[JK],(#A-1.d1)[KL],e1[KL],(A-1.f1)[KL],g1[KL],(G-1.a1)[KL],#a1[KL],(F-1.c2)[KL],d2[KL],(c.e2)[KLN],f2[KL],(c1.g2)[KLN],a2[KLN],(c.#a2)[KLN],g2[KLN],(f.f2)[IJLMN],"],"id":1},{"bpm":576,"baseBeats":1.5,"scores":["c1[JK],(a.f1.c2)[KL],c3[KL],(c1.c2)[KL],(a.c3)[KL],(c1.f.c2)[KL],c3[KL],(a.f1.c2)[KL],c3[KL],(c1.c2)[KL],(a.c3)[KL],(c1.f.c2)[KL],c3[KL],(f1.a.c2)[KL],c3[KL],(f1.a.c2)[KL],c3[KL],(g1.c1.c2)[KL],c3[KL],(f1.a1.c2)[KL],c3[KL],c2[KL],c3[KL],c2[KL],c3[KL],(g.e.c1.#a2.g2)[KL],c3[KL],(g.e.c1.g2.#a2)[KL],c3[KL],(f.a.c1.a2.f2)[KL],c3[KL],(c.e.g.c1.e2.g2)[KL],c3[KL],c2[KL],c3[KL],c2[KL],c3[KL],(g1.#a1.c2)[KL],c3[KL],(g1.#a1.c2)[KL],c3[KL],(f1.a1.c2)[KL],c3[KL],(c1.g1.c2)[KL],c3[KL],c2[KL],c3[KL],c1[JK],(a.f1.c2)[KL],c3[KL],(c1.c2)[KL],(a.c3)[KL],(c1.f.c2)[KL],c3[KL],(a.f1.c2)[KL],c3[KL],(c1.c2)[KL],(a.c3)[KL],(c1.f.c2)[KL],c3[KL],(f1.a.c2)[KL],c3[KL],(f1.a.c2)[KL],c3[KL],(g1.c1.c2)[KL],c3[KL],(f1.a1.c2)[KL],c3[KL],c2[KL],c3[KL],c2[KL],c3[KL],(g.e.c1.#a2.g2)[KL],c3[KL],(g.e.c1.g2.#a2)[KL],c3[KL],(f.a.c1.a2.f2)[KL],c3[KL],(c.e.g.c1.e2.g2)[KL],c3[KL],c2[KL],c3[KL],c2[KL],c3[KL],(g1.#a1.c2)[KL],c3[KL],(g1.#a1.c2)[KL],c3[KL],(f1.a1.c2)[KL],c3[KL],(c1.g1.c2)[KL],c3[KL],c2[KL],c3[KL],c2[KL],e2[KL],(c.e.g.c1.g2)[JK],(c.e.g.c1.g2)[JK],e2[KL],c2[KL],(f.a.c1.a2)[JK],(f.a.c1.a2)[JK],f2[KL],d2[KL],(g.b.d1.f1.d3)[JK],(g.b.d1.f1.d3)[JK],(g.b.d1.f1.b2)[KL],g2[KL],(e1.c1.c3)[JK],b2[KL],c3[KL],b2[KL],c3[KL],(c1.g1.e2)[JK],(c1.g1.e2)[KL],f2[KL],(c1.g1.g2)[KL],e2[KL],(a.f1.f2)[JK],a2[JK],c3[JK],(c1.g1.e2)[JK],(c1.g1.e2)[KL],f2[KL],(c1.g1.g2)[KL],e2[KL],(a.f1.f2)[IJ],c2[KL],e2[KL],(c.e.g.c1.g2)[JK],(c.e.g.c1.g2)[JK],e2[KL],c2[KL],(f.a.c1.a2)[JK],(f.a.c1.a2)[JK],f2[KL],d2[KL],(g.b.d1.f1.d3)[JK],(g.b.d1.f1.d3)[JK],(g.b.d1.f1.b2)[KL],g2[KL],"],"id":2},{"bpm":576,"baseBeats":1.5,"scores":["ST,mute[KL],mute[KL],mute[KL],mute[KL],ST,mute[KL],mute[KL],mute[KL],mute[KL],ST,ST,STW,STU,mute[KL],mute[KL],mute[KL],TUVW,RSTW,ST,ST,ST,ST,mute[KL],mute[KL],mute[KL],mute[KL],mute[KL],mute[KL],mute[KL],mute[KL],mute[KL],mute[KL],mute[KL],mute[KL],ST,ST,ST,ST,ST,5<TU>,5<TU>,ST,ST,5<TU>,5<TU>,ST,STW,STV,RSVW,ST,ST,ST,ST,ST,ST,ST,mute[KL],mute[KL],mute[KL],mute[KL],mute[KL],mute[KL],ST,ST,ST,ST,ST,mute[KL],mute[KL],mute[KL],mute[KL],mute[KL],mute[KL],mute[KL],mute[KL],mute[KL],mute[KL],mute[KL],mute[KL],mute[KL],mute[KL],RS,ST,ST,ST,ST,ST,ST,ST,mute[KL],mute[KL],mute[KL],mute[KL],mute[KL],mute[KL],ST,ST,ST,ST,R,mute[KL],mute[KL],mute[KL],mute[KL],mute[KL],mute[KL],mute[KL],mute[KL],mute[KL],mute[KL],mute[KL],mute[KL],mute[KL],S,QV,","(e1.c1.c3)[JK],b2[KL],c3[KL],b2[KL],c3[KL],(c1.g1.e2)[JK],(c1.g1.e2)[KL],f2[KL],(c1.g1.g2)[KL],e2[KL],(a.f1.f2)[JK],a2[JK],c3[JKN],(c1.g1.e2)[JKN],(c1.g1.e2)[KLN],f2[KLN],(c1.g1.g2)[KLN],e2[KLMN],(a.f1.f2)[IJKN],c2[JK],(f.a.c1.a2.a1)[JK],(f.a.c1)[JK],(f.a.c1)[JK],(f.a.c1.#a2)[KL],a2[KL],(f.a.c1.g2)[KL],f2[KL],(f.a.c1.e2)[KL],d2[KL],(g.#a.c1.c2)[KL],b1[KL],(g.#a.c1.c2)[KL],b1[KL],(g.#a.c1.c2)[KL],b1[KL],(g.#a.c1.c2)[JK],(g.#a.c1.d2)[JK],(g.#a.c1.e2)[JK],(a.c1.f2)[JK],c2[JK],f2[L],g2[L],f2[L],e2[LM],f2[LM],(e.c1.g2)[JK],c2[JK],g2[L],a2[L],g2[L],f2[LM],g2[LM],(F-1.f.a2)[JK],(F-1.f.f2)[JKN],(A-1.a.c3)[JKM],(c.c1.e2.g2)[IJMN],#a2[JK],#a2[JK],(c.g.#a)[JK],(c.g.#a.g2)[JK],(#c.g.#a.f2)[JK],(c.e2)[JK],#a2[JK],a2[KL],#a2[KL],(c.g.#a.c3)[KL],#a2[KL],(c.g.#a.a2)[KL],g2[KL],(#c.g.#a.f2)[JK],(c.e2)[JK],c1[JK],(c.c1)[JK],B-1[JK],(#A-1.d1)[KL],e1[KL],(A-1.f1)[KL],g1[KL],(G-1.a1)[KL],#a1[KL],(F-1.c2)[KL],d2[KL],(c.e2)[KL],f2[KL],(c1.g2)[KL],a2[KL],(c.#a2)[KL],g2[KL],(f.f2)[IJ],#a2[JK],#a2[JK],(c.g.#a)[JK],(c.g.#a.g2)[JK],(#c.g.#a.f2)[JK],(c.e2)[JK],#a2[JK],a2[KL],#a2[KL],(c.g.#a.c3)[KL],#a2[KL],(c.g.#a.a2)[KL],g2[KL],(#c.g.#a.f2)[JK],(c.e2)[JK],c1[JK],(c.c1)[JK],B-1[JK],(#A-1.d1)[KL],e1[KL],(A-1.f1)[KL],g1[KL],(G-1.a1)[KL],#a1[KL],(F-1.c2)[KL],d2[KLN],(c.e2)[KLN],f2[KL],(c1.g2)[KLM],a2[KLM],(c.#a2)[KLM],g2[J],(f.f2)[HM],"],"id":3}],"audition":{"start":[0,0],"end":[1,0]}}