{"baseBpm":384,"musics":[{"bpm":384,"baseBeats":0.75,"scores":["ST,SV,mute[LM],ST,ST,SV,mute[LM],ST,ST,SV,mute[LM],ST,ST,ST,ST,ST,ST,ST,ST,ST,ST,ST,ST,STW,STW,RSU,ST,SV,mute[LM],ST,ST,SV,mute[LM],ST,ST,SV,mute[LM],ST,ST,ST,ST,ST,ST,ST,ST,ST,ST,ST,ST,ST,STV,RSVW,ST,SV,mute[LM],ST,ST,SV,mute[LM],ST,ST,SV,mute[LM],ST,ST,SVW,mute[LM],STV,STW,RU,TU,TU,TU,TU,TU,TU,TU,TU,TU,ST,ST,ST,ST,ST,ST,SV,mute[LM],ST,ST,SV,mute[LM],ST,ST,SV,mute[LM],ST,STW,SV,mute[LM],STV,STV,RU,TU,TU,TU,TU,TU,TU,TU,TU,TU,ST,STW,STW,STV,STV,TU,TU,TU,TUV,TV,TU,TU,","f1[JK],(f1.d1.#a.#a1)[JM],d2[LM],f2[JK],f2[JK],(f1.#d1.c1.a.#d2)[JM],c2[LM],f2[JK],f2[JK],(f1.d1.#a.d2)[JM],#a1[LM],f2[JK],f2[JK],(f.a1.c2)[JK],f1[JK],(#d.#d1.g1.#c2)[JK],(d1.d.#f1.d2)[JK],(#F-1.#f.d2.a2)[JK],(G-1.g.d2.#a2)[JK],(E-1.e.g2.c3)[JK],(C-1.c.c2.e2.g2)[JK],(F-1.f.c2.f2.a2)[JK],(#A-2.#A-1.d2.g2.#a2)[JK],(#A-1.#a.#a1.d2.g2)[JKN],(c.c1.g1.#a1.e2)[JKN],(F-1.f.a1.f2)[IJL],f1[JK],(f1.d1.#a.#a1)[JM],d2[LM],f2[JK],f2[JK],(f1.#d1.c1.a.#d2)[JM],c2[LM],f2[JK],f2[JK],(f1.d1.#a.d2)[JM],#a1[LM],f2[JK],f2[JK],(f.a1.c2)[JK],f1[JK],(#d.#d1.g1.#c2)[JK],(d1.d.#f1.d2)[JK],(#F-1.#f.d2.a2)[JK],(G-1.g.d2.#a2)[JK],(E-1.e.g2.c3)[JK],(C-1.c.c2.e2.g2)[JK],(F-1.f.c2.f2.a2)[JK],(#A-2.#A-1.d2.g2.#a2)[JK],(#A-1.#a.#a1.d2.g2)[JK],(c.c1.g1.#a1.e2)[JKM],(F-1.f.a1.f2)[IJMN],(f.f1)[JK],(f.f1)[JM],(a.a1)[LM],(c1.c2)[JK],(c3.#d2.c2)[JK],(#f.#f1)[JM],(a.a1)[LM],(c1.c2)[JK],(c3.#d2.c2)[JK],(g.g1)[JM],(c1.c2)[LM],(#d1.#d2)[JK],(c3.c2.#d2)[JK],(#g.#g1)[JMN],(c1.c2)[LM],(#d1.#d2)[JKM],(#d3.#d2)[JKN],(a.c1.#d1.f1.#d3.#d2)[IL],#d3[KL],d3[KL],c3[KL],#a2[KL],a2[KL],g2[KL],f2[KL],e2[KL],#d2[KL],(f1.d1.#a.#a1.d2)[JK],(#d.g1.c2.#d2)[JK],(f.#d1.a1.c2)[JK],(#A-1.d1.#a1)[JK],#a[JK],(f.f1)[JK],(f.f1)[JM],(a.a1)[LM],(c1.c2)[JK],(c3.#d2.c2)[JK],(#f.#f1)[JM],(a.a1)[LM],(c1.c2)[JK],(c3.#d2.c2)[JK],(g.g1)[JM],(c1.c2)[LM],(#d1.#d2)[JK],(c3.c2.#d2)[JKN],(#g.#g1)[JM],(c1.c2)[LM],(#d1.#d2)[JKM],(#d3.#d2)[JKM],(a.c1.#d1.f1.#d3.#d2)[IL],#d3[KL],d3[KL],c3[KL],#a2[KL],a2[KL],g2[KL],f2[KL],e2[KL],#d2[KL],(f1.d1.#a.#a1.d2)[JK],(#d.g1.c2.#d2)[JKN],(f.#d1.a1.c2)[JKN],(#A-1.d1.#a1)[JKM],#a[JKM],(d1.#a.f1)[KL],(f1.#a1)[KL],(c1.#d1.#a1)[KL],(f1.a1)[KL],(c1.#d1.#a1)[M],a1[KM],(f1.g1)[KL],(#a.d1.a1)[KL],"],"id":1},{"bpm":384,"baseBeats":0.75,"scores":["TU,TU,TU,TU,TU,TU,TU,TU,TUV,TV,TU,TU,TU,TU,TU,TU,TU,TU,TU,TU,TU,TU,TU,TU,TU,TU,TU,TU,TU,TU,TU,ST,TU,TU,TUW,TUW,RSVW,TU,TU,TU,TUV,TV,TU,TU,TU,TU,TU,TU,TU,TU,TU,TU,TUV,TV,TU,TU,TU,TU,TU,TU,TU,TU,TU,TU,TU,TU,TU,TU,TU,TU,TU,TU,TU,TU,TU,STW,TU,TUW,TUW,TU,RSU,TU,TU,TU,TU,TU,TU,TU,TU,TU,TU,TU,TU,TU,TU,TU,TU,TU,TU,TU,TU,TU,TU,TU,TU,TU,TU,TU,TU,TU,TU,TU,TU,TU,TU,TU,TU,TU,TU,ST,TU,TU,TUW,","(f1.#a1)[KL],(a.c1.b1)[KL],f1[KL],(f1.c2)[KL],f1[KL],(#d1.f1)[KL],(f1.c2)[KL],(d1.c2)[KL],(f1.#a1)[KL],(f1.c2)[M],#a1[KM],(f1.a1)[KL],(c1.#d1.#a1)[KL],(f1.c2)[KL],(#a.d1.#c2)[KL],f1[KL],(f1.d2)[KL],(f1.f2)[KL],(f.f1.f2)[KL],(d1.#a.f1.f2)[KL],(d1.#a.f1.f2)[KL],(c1.a.f1.f2)[KL],(c1.a.f1.f2)[KL],(#g.b.f1.f2)[KL],(c1.a.f1.f2)[KL],(d1.#a.f1.f2)[KL],(d1.b.f1.f2)[KL],(f1.f2)[KL],(#d1.c1.f1.f2)[KL],(f1.f2)[KL],(f1.f2)[KL],(a.c1.f1.f2)[KL],(d1.#a.f1.#a1.d2.f2)[JK],(d.d1.d2.f2)[KL],(c2.#d2)[KL],(f.f1.#a1.d2)[KLN],(a1.c2)[KLN],(#A-1.#a.d1.#a1)[IJMN],(d1.#a.f1)[KL],(f1.#a1)[KL],(c1.#d1.#a1)[KL],(f1.a1)[KL],(c1.#d1.#a1)[M],a1[KM],(f1.g1)[KL],(#a.d1.a1)[KL],(f1.#a1)[KL],(a.c1.b1)[KL],f1[KL],(f1.c2)[KL],f1[KL],(#d1.f1)[KL],(f1.c2)[KL],(d1.c2)[KL],(f1.#a1)[KL],(f1.c2)[M],#a1[KM],(f1.a1)[KL],(c1.#d1.#a1)[KL],(f1.c2)[KL],(#a.d1.#c2)[KL],f1[KL],(f1.d2)[KL],(f1.f2)[KL],(f.f1.f2)[KL],(d1.#a.f1.f2)[KL],(d1.#a.f1.f2)[KL],(c1.a.f1.f2)[KL],(c1.a.f1.f2)[KL],(#g.b.f1.f2)[KL],(c1.a.f1.f2)[KL],(d1.#a.f1.f2)[KL],(d1.b.f1.f2)[KL],(f1.f2)[KL],(#d1.c1.f1.f2)[KL],(f1.f2)[KL],(f1.f2)[KL],(a.c1.f1.f2)[KL],(d1.#a.f1.#a1.d2.f2)[JKN],(d.d1.d2.f2)[KL],(c2.#d2)[KLN],(f.f1.#a1.d2)[KLN],(a1.c2)[KL],(#A-1.#a.d1.#a1)[IJL],(g.#a.d2)[KL],(d1.g2)[KL],(a.c1.#f2)[KL],(d1.g2)[KL],(d1.a2)[KL],(d1.#f2)[KL],(g.#a.g2)[KL],(d1.d3.g2)[KL],(a.c1.#f2.d3)[KL],(d1.g2.d3)[KL],(d1.a2.d3)[KL],(d1.#f2.d3)[KL],(g.#a.g2.d3)[KL],(d1.g2)[KL],(g.#a.e2)[KL],(c1.f2)[KL],(c1.g2)[KL],(c1.e2)[KL],(f.a.f2)[KL],(c1.c3.f2)[KL],(g.#a.e2.c3)[KL],(c1.f2.c3)[KL],(c1.g2.c3)[KL],(c1.e2.c3)[KL],(f.a.f2.c3)[KL],(f1.d2.#a2)[KL],(f.d2.#a2)[KL],(f1.c2.a2)[KL],(f.c2.a2)[KL],(f1.b1.#g2)[KL],(f.c2.a2)[KL],(f1.d2.#a2)[KL],(f.b2.d2)[KL],f1[KL],(f.c3.#d2)[KL],f1[KL],f[KL],(f1.c2.a2)[KL],(#a.#a2.d2)[JK],(d.d1.f2.d3)[KL],(#d2.c3)[KL],(f.f1.d2.#a2)[KLN],"],"id":2},{"bpm":384,"baseBeats":0.75,"scores":["(c2.a2)[KLN],(#A-1.#a.#a2.d2)[IJ],(g.#a.d2)[KL],(d1.g2)[KL],(a.c1.#f2)[KL],(d1.g2)[KL],(d1.a2)[KL],(d1.#f2)[KL],(g.#a.g2)[KL],(d1.d3.g2)[KL],(a.c1.#f2.d3)[KL],(d1.g2.d3)[KL],(d1.a2.d3)[KL],(d1.#f2.d3)[KL],(g.#a.g2.d3)[KL],(d1.g2)[KL],(g.#a.e2)[KL],(c1.f2)[KL],(c1.g2)[KL],(c1.e2)[KL],(f.a.f2)[KL],(c1.c3.f2)[KL],(g.#a.e2.c3)[KL],(c1.f2.c3)[KLN],(c1.g2.c3)[KLN],(c1.e2.c3)[KL],(f.a.f2.c3)[KLN],(f1.d2.#a2)[KL],(f.d2.#a2)[KL],(f1.c2.a2)[KL],(f.c2.a2)[KL],(f1.b1.#g2)[KL],(f.c2.a2)[KL],(f1.d2.#a2)[KL],(f.b2.d2)[KL],f1[KL],(f.c3.#d2)[KL],f1[KL],f[KL],(f1.c2.a2)[KL],(#a.#a2.d2)[JKN],(d.d1.f2.d3)[KL],(#d2.c3)[KLN],(f.f1.d2.#a2)[KLN],(c2.a2)[KL],(#A-1.#a.#a2.d2)[IJL],f1[JK],(f1.d1.#a.#a1)[JM],d2[LM],f2[JK],f2[JK],(f1.#d1.c1.a.#d2)[JM],c2[LM],f2[JK],f2[JK],(f1.d1.#a.d2)[JM],#a1[LM],f2[JK],f2[JK],(f.a1.c2)[JK],f1[JK],(#d.#d1.g1.#c2)[JK],(d1.d.#f1.d2)[JK],(#F-1.#f.d2.a2)[JK],(G-1.g.d2.#a2)[JK],(E-1.e.g2.c3)[JK],(C-1.c.c2.e2.g2)[JK],(F-1.f.c2.f2.a2)[JK],(#A-2.#A-1.d2.g2.#a2)[JK],(#A-1.#a.#a1.d2.g2)[JK],(c.c1.g1.#a1.e2)[JKM],(F-1.f.a1.f2)[IJMN],(f.f1)[JK],(f.f1)[JM],(a.a1)[LM],(c1.c2)[JK],(c3.#d2.c2)[JK],(#f.#f1)[JM],(a.a1)[LM],(c1.c2)[JK],(c3.#d2.c2)[JK],(g.g1)[JM],(c1.c2)[LM],(#d1.#d2)[JK],(c3.c2.#d2)[JK],(#g.#g1)[JMN],(c1.c2)[LM],(#d1.#d2)[JK],(#d3.#d2)[JKM],(a.c1.#d1.f1.#d3.#d2)[IL],#d3[KL],d3[KL],c3[KL],#a2[KL],a2[KL],g2[KL],f2[KL],e2[KL],#d2[KL],(f1.d1.#a.#a1.d2)[JK],(#d.g1.c2.#d2)[JK],(f.#d1.a1.c2)[JK],(#A-1.d1.#a1)[JK],#a[JK],(f.f1)[JK],(f.f1)[JM],(a.a1)[LM],(c1.c2)[JK],(c3.#d2.c2)[JK],(#f.#f1)[JM],(a.a1)[LM],(c1.c2)[JK],(c3.#d2.c2)[JK],(g.g1)[JM],(c1.c2)[LM],(#d1.#d2)[JK],(c3.c2.#d2)[JKN],(#g.#g1)[JMN],(c1.c2)[LM],(#d1.#d2)[JKN],(#d3.#d2)[JKM],(a.c1.#d1.f1.#d3.#d2)[IL],#d3[KL],d3[KL],c3[KL],#a2[KL],a2[KL],g2[KL],f2[KL],e2[KL],#d2[KL],(f1.d1.#a.#a1.d2)[JKN],(#d.g1.c2.#d2)[JKN],(f.#d1.a1.c2)[JKL],(#A-1.d1.#a1)[JKL],#a[JKL],"],"id":3}],"audition":{"start":[0,0],"end":[1,0]}}