{"baseBpm":384,"musics":[{"bpm":384,"baseBeats":0.75,"scores":["ST,TU,TU,TU,TU,TU,TU,TU,TU,TU,TU,TU,TU,TU,TU,TU,mute[LM],mute[LM],TU,TU,TU,TU,TU,TU,TU,TU,TU,TU,TU,mute[LM],mute[LM],TU,TU,TU,TU,TU,mute[LM],mute[LM],TU,TUV,TV,TU,TU,TUW,TUW,TU,STV,STV,ST,TU,TU,TU,TU,TU,TU,TU,TU,TU,TU,TU,TU,TU,TU,TU,mute[LM],mute[LM],TU,TU,TU,TU,TU,TU,TU,TU,TU,TU,TU,mute[LM],mute[LM],TU,TU,TU,TU,TU,mute[LM],mute[LM],TU,TUV,TV,TU,TU,TU,TUW,TUW,STV,STW,ST,TU,TU,TU,TU,TU,TU,TU,TU,TU,TU,TU,TU,TU,TU,TU,TU,TU,TU,TU,TU,TU,TU,TU,TU,TU,TU,TU,TU,TU,TU,TU,TU,TU,TU,TU,TU,ST,TUW,TU,TU,TUV,STW,STW,ST,TU,TU,TU,TU,TU,TU,TU,","g1[JK],(e1.g1.c2.e2.c)[KL],g[KL],e[KL],(d1.d2.g)[KL],(c1.c2)[KL],(d1.d2.g)[KL],(e1.e2.c)[KL],(f1.f2.g)[KL],(g1.g2.e)[KL],g[KL],(g2.e2.c)[KL],g[KL],(g2.d2.B-1)[KL],g[KL],(b1.G-1)[KL],g[LM],a2[LM],(f2.d2.B-1)[KL],g[KL],(c2.e2.c)[KL],g[KL],e[KL],g[KL],(g1.c2.e2.c)[KL],g[KL],(d2.g1.b1.f)[KL],g[KL],f[KL],g[LM],e2[LM],(g1.c2.e)[KL],g[KL],(f2.g1.d2.B-1)[KL],g[KL],B-1[KL],g[LM],g2[LM],(g1.c2.e2.c)[KL],g[KL],(e2.a1.c2.F-1)[M],d2[KM],f[KL],(a1.c2.d2.F-1)[KL],f[KLN],(a1.c2.d2.#F-1)[KLN],#f[KL],(b1.d2.G-1)[JKM],g[JKM],g1[JK],(e1.g1.c2.e2.c)[KL],g[KL],e[KL],(d1.d2.g)[KL],(c1.c2)[KL],(d1.d2.g)[KL],(e1.e2.c)[KL],(f1.f2.g)[KL],(g1.g2.e)[KL],g[KL],(g2.e2.c)[KL],g[KL],(g2.d2.B-1)[KL],g[KL],(b1.G-1)[KL],g[LM],a2[LM],(f2.d2.B-1)[KL],g[KL],(c2.e2.c)[KL],g[KL],e[KL],g[KL],(g1.c2.e2.c)[KL],g[KL],(d2.g1.b1.f)[KL],g[KL],f[KL],g[LM],e2[LM],(g1.c2.e)[KL],g[KL],(f2.g1.d2.B-1)[KL],g[KL],B-1[KL],g[LM],g2[LM],(g1.c2.e2.c)[KL],g[KL],(e2.a1.c2.F-1)[M],d2[KM],f[KL],(a1.c2.d2.F-1)[KL],f[KL],(a1.c2.d2.#F-1)[KLN],#f[KLN],(b1.d2.G-1)[JKM],g[JKN],g1[JK],(d2.f2.G-1.G-2)[KL],(A-1.A-2)[KL],(d2.f2.B-1.B-2)[KL],(c.C-1)[KL],(d2.f2.d.D-1)[KL],(e.E-1)[KL],(d2.f2.f.F-1)[KL],(g.G-1)[KL],(a.A-1)[KL],(g1.e2.b.B-1)[KL],(f1.d2.c1.c)[KL],(e1.c2)[KL],(f2.a2.G-1.B-1)[KL],(A-1.c)[KL],(f2.a2.B-1.d)[KL],(c.e)[KL],(f2.a2.d.f)[KL],(e.g)[KL],(a2.f2.f.a)[KL],(g.b)[KL],(a.c1)[KL],(e2.g2.b.d1)[KL],(d2.f2.e1.c1)[KL],(c2.e2)[KL],(d2.f.a)[KL],#c2[KL],d2[KL],e2[KL],(f2.g.#a)[KL],#c2[KL],(d2.f.a)[KL],#c2[KL],d2[KL],e2[KL],(f2.a1.f)[KL],d2[KL],(f1.a1.d)[JK],(a1.f1.f)[KLN],c2[KL],(b1.f1.g)[KL],d2[KLM],(e1.c2.c)[JKN],c1[JKN],g1[JK],(d2.f2.G-1.G-2)[KL],(A-1.A-2)[KL],(d2.f2.B-1.B-2)[KL],(c.C-1)[KL],(d2.f2.d.D-1)[KL],(e.E-1)[KL],(d2.f2.f.F-1)[KL],"],"id":1},{"bpm":384,"baseBeats":0.75,"scores":["(g.G-1)[KL],(a.A-1)[KL],(g1.e2.b.B-1)[KL],(f1.d2.c1.c)[KL],(e1.c2)[KL],(f2.a2.G-1.B-1)[KL],(A-1.c)[KL],(f2.a2.B-1.d)[KL],(c.e)[KL],(f2.a2.d.f)[KL],(e.g)[KL],(a2.f2.f.a)[KL],(g.b)[KL],(a.c1)[KL],(e2.g2.b.d1)[KL],(d2.f2.e1.c1)[KL],(c2.e2)[KL],(d2.f.a)[KL],#c2[KL],d2[KL],e2[KL],(f2.g.#a)[KL],#c2[KL],(d2.f.a)[KL],#c2[KL],d2[KL],e2[KL],(f2.a1.f)[KL],d2[KL],(f1.a1.d)[JK],(a1.f1.f)[KLN],c2[KL],(b1.f1.g)[KLN],d2[KLN],(e1.c2.c)[JKN],c1[JKM],(c1.e1.c.e)[JK],(e1.g1.e.g)[JK],(g1.c2.c1.g)[JK],(c2.e2.e1.c1)[JK],(e2.g2.g1.e1)[IJ],(d2.f2.f1.d1)[JK],(c2.e2.e1.c1)[IJ],(a1.d2.f2.f1.f)[JK],(b1.d2.g1.g)[IJ],(d1.f1.d.f)[JK],(f1.a1.f.a)[JK],(a1.d2.d1.a)[JK],(d2.f2.f1.d1)[JK],(f2.a2.a1.f1)[IJ],(a1.c2.f2.a2.F-1.f)[JK],(g1.c2.e2.g2.G-1.g)[IJ],(d1.f1.g1.b1.G-2.G-1)[JKM],(c1.e1.g1.c2.C-1.c)[IJMN],(c1.e1.c.e)[JK],(e1.g1.e.g)[JK],(g1.c2.c1.g)[JK],(c2.e2.e1.c1)[JK],(e2.g2.g1.e1)[IJ],(d2.f2.f1.d1)[JK],(c2.e2.e1.c1)[IJ],(a1.d2.f2.f1.f)[JK],(b1.d2.g1.g)[IJ],(d1.f1.d.f)[JK],(f1.a1.f.a)[JK],(a1.d2.d1.a)[JK],(d2.f2.f1.d1)[JK],(f2.a2.a1.f1)[IJ],(a1.c2.f2.a2.F-1.f)[JK],(g1.c2.e2.g2.G-1.g)[IJ],(d1.f1.g1.b1.G-2.G-1)[JKN],(c1.e1.g1.c2.C-1.c)[IJL],(b.#g)[JK],(c1.a)[JK],#d2[KL],e2[KL],(b.#g)[JK],(c1.a)[JK],f2[KL],e2[KL],(b.#g)[JK],(c1.a)[JK],#d2[KL],e2[KL],(b.#g)[JK],(c1.a)[JK],f2[KL],e2[KL],(#a.g)[JK],(a.c1.f1.a1.F-1.f)[JK],(c2.c1.f1.a1.F-1.f)[JK],(f2.c2.f1.a1.F-1.f)[JK],(a1.c2.f2.a2.F-1.f)[HK],(b1.d1.f1.G-1.g)[JK],(d2.d1.f1.G-1.g)[JK],(b1.d1.f1.G-1.g)[JK],(e1.c2.C-1.c)[IJ],(b.#g)[JK],(c1.a)[JK],#d2[KL],e2[KL],(b.#g)[JK],(c1.a)[JK],f2[KL],e2[KL],(b.#g)[JK],(c1.a)[JK],#d2[KL],e2[KL],(b.#g)[JK],(c1.a)[JK],f2[KLN],e2[KL],(#a.g)[JKM],(a.c1.f1.a1.F-1.f)[JK],(c2.c1.f1.a1.F-1.f)[JK],(f2.c2.f1.a1.F-1.f)[JK],"],"id":2},{"bpm":384,"baseBeats":0.75,"scores":["QT,ST,STW,STW,RSVW,ST,TU,TU,TU,TU,TU,TU,TU,TU,TU,TU,TU,TU,TU,TU,TU,mute[LM],mute[LM],TU,TU,TU,TU,TU,TU,TU,TU,TU,TU,TU,mute[LM],mute[LM],TU,TU,TU,TU,TU,mute[LM],mute[LM],TU,TUV,TV,TU,TUW,TU,TUW,TUW,STW,STV,ST,TU,TU,TU,TU,TU,TU,TU,TU,TU,TU,TU,TU,TU,TU,TU,TU,TU,TU,TU,TU,TU,TU,TU,TU,TU,TU,TU,TU,TU,TU,TU,TU,TU,TU,TU,TU,ST,TU,TUW,TUW,TU,STV,STV,ST,TU,TU,TU,TU,TU,TU,TU,TU,TU,TU,TU,TU,TU,TU,TU,TU,TUW,TUW,TU,TU,TU,TU,TU,TUW,TU,TU,TU,TU,TU,TU,TU,TU,TU,TU,TUW,TU,STW,TUW,TU,TUV,S,STUV,","(a1.c2.f2.a2.F-1.f)[HK],(b1.d1.f1.G-1.g)[JK],(d2.d1.f1.G-1.g)[JKN],(b1.d1.f1.G-1.g)[JKN],(e1.c2.C-1.c)[IJMN],g1[JK],(e1.g1.c2.e2.c)[KL],g[KL],e[KL],(d1.d2.g)[KL],(c1.c2)[KL],(d1.d2.g)[KL],(e1.e2.c)[KL],(f1.f2.g)[KL],(g1.g2.e)[KL],g[KL],(g2.e2.c)[KL],g[KL],(g2.d2.B-1)[KL],g[KL],(b1.G-1)[KL],g[LM],a2[LM],(f2.d2.B-1)[KL],g[KL],(c2.e2.c)[KL],g[KL],e[KL],g[KL],(g1.c2.e2.c)[KL],g[KL],(d2.g1.b1.f)[KL],g[KL],f[KL],g[LM],e2[LM],(g1.c2.e)[KL],g[KL],(f2.g1.d2.B-1)[KL],g[KL],B-1[KL],g[LM],g2[LM],(g1.c2.e2.c)[KL],g[KL],(e2.a1.c2.F-1)[M],d2[KM],f[KL],(a1.c2.d2.F-1)[KLN],f[KL],(a1.c2.d2.#F-1)[KLN],#f[KLN],(b1.d2.G-1)[JKN],g[JKM],g1[JK],(d2.f2.G-1.G-2)[KL],(A-1.A-2)[KL],(d2.f2.B-1.B-2)[KL],(c.C-1)[KL],(d2.f2.d.D-1)[KL],(e.E-1)[KL],(d2.f2.f.F-1)[KL],(g.G-1)[KL],(a.A-1)[KL],(g1.e2.b.B-1)[KL],(f1.d2.c1.c)[KL],(e1.c2)[KL],(f2.a2.G-1.B-1)[KL],(A-1.c)[KL],(f2.a2.B-1.d)[KL],(c.e)[KL],(f2.a2.d.f)[KL],(e.g)[KL],(a2.f2.f.a)[KL],(g.b)[KL],(a.c1)[KL],(e2.g2.b.d1)[KL],(d2.f2.e1.c1)[KL],(c2.e2)[KL],(d2.f.a)[KL],#c2[KL],d2[KL],e2[KL],(f2.g.#a)[KL],#c2[KL],(d2.f.a)[KL],#c2[KL],d2[KL],e2[KL],(f2.a1.f)[KL],d2[KL],(f1.a1.d)[JK],(a1.f1.f)[KL],c2[KLN],(b1.f1.g)[KLN],d2[KL],(e1.c2.c)[JKM],c1[JKM],g1[JK],(d2.f2.G-1.G-2)[KL],(A-1.A-2)[KL],(d2.f2.B-1.B-2)[KL],(c.C-1)[KL],(d2.f2.d.D-1)[KL],(e.E-1)[KL],(d2.f2.f.F-1)[KL],(g.G-1)[KL],(a.A-1)[KL],(g1.e2.b.B-1)[KL],(f1.d2.c1.c)[KL],(e1.c2)[KL],(f2.a2.G-1.B-1)[KL],(A-1.c)[KL],(f2.a2.B-1.d)[KL],(c.e)[KL],(f2.a2.d.f)[KLN],(e.g)[KLN],(a2.f2.f.a)[KL],(g.b)[KL],(a.c1)[KL],(e2.g2.b.d1)[KL],(d2.f2.e1.c1)[KL],(c2.e2)[KLN],(d2.f.a)[KL],#c2[KL],d2[KL],e2[KL],(f2.g.#a)[KL],#c2[KL],(d2.f.a)[KL],#c2[KL],d2[KL],e2[KL],(f2.a1.f)[KLN],d2[KL],(f1.a1.d)[JKN],(a1.f1.f)[KLN],c2[KL],(b1.f1.g)[KLM],d2[J],(e1.c2.c)[JKLM],"],"id":3}],"audition":{"start":[0,0],"end":[1,0]}}