{"baseBpm":481.5,"musics":[{"bpm":481.5,"baseBeats":0.75,"scores":["mute[JK],mute[JK],mute[JK],mute[JLMNO],mute[JK],mute[JK],mute[KL],mute[KL],mute[JK],mute[JK],mute[JK],mute[JKMN],mute[KLMN],mute[LM],mute[JM],mute[LM],mute[JM],mute[LM],mute[JNO],mute[LM],mute[JK],mute[JK],mute[JK],mute[JK],mute[JK],mute[JK],mute[JK],mute[KL],mute[KL],mute[KL],mute[KL],mute[KL],mute[KL],mute[JK],mute[JKMN],mute[KN],mute[KL],mute[KL],mute[KL],mute[JK],mute[JM],mute[LM],mute[IMNO],mute[KL],mute[JK],mute[KL],mute[KL],mute[JK],mute[KL],mute[KL],mute[KL],mute[KL],mute[KL],mute[KL],mute[IL],mute[KL],mute[KL],mute[KMNO],mute[KL],mute[KL],mute[KL],mute[KL],mute[KL],mute[KL],mute[JK],mute[JK],mute[IL],mute[KL],5<UV>,5<UV>,mute[LM],mute[LM],mute[KL],mute[KL],5<UV>,5<UV>,mute[LM],mute[LM],mute[KL],mute[JK],mute[HHJKMNO],mute[JK],mute[KL],mute[KL],mute[KL],mute[KL],5<UV>,5<UV>,mute[LM],mute[LM],mute[KL],mute[KL],mute[JK],mute[JK],mute[JK],5<UV>,5<UV>,mute[LM],mute[LM],mute[KMNO],mute[KL],mute[KL],mute[KL],mute[KL],mute[KL],mute[KL],mute[KL],mute[KL],mute[KL],mute[KL],mute[KL],mute[KL],mute[KL],mute[KL],mute[KL],mute[KL],mute[KL],mute[KL],mute[KL],mute[KL],mute[KL],mute[KL],mute[KL],mute[KL],mute[KL],mute[KL],mute[KL],mute[KL],mute[KL],mute[KL],mute[KL],mute[KL],mute[KL],mute[KL],mute[KMNO],mute[KL],mute[KL],mute[KL],mute[KL],mute[KL],mute[KL],mute[KL],mute[KL],mute[KL],mute[KL],mute[KL],mute[KL],mute[KL],mute[KL],mute[KL],mute[KL],mute[KL],mute[KL],mute[KL],mute[KL],mute[KMNO],mute[KL],mute[KL],mute[KL],mute[KL],mute[KL],mute[KL],mute[KL],mute[KL],mute[KL],mute[KL],mute[KL],mute[KL],mute[KL],mute[KL],mute[KL],mute[KL],mute[KL],mute[KL],mute[KL],mute[KL],mute[KL],mute[KL],mute[KL],mute[KL],mute[KL],mute[KL],mute[KL],mute[KL],mute[KL],mute[KL],mute[KL],mute[KL],mute[KL],mute[KMNO],mute[KL],mute[KL],mute[KL],mute[KL],mute[KL],mute[KL],mute[KL],mute[KL],mute[KL],mute[KL],mute[KL],mute[KL],mute[JK],mute[HJMNO],mute[LM],mute[LM],mute[LM],mute[LM],mute[LM],mute[LM],mute[LM],mute[LM],mute[LM],mute[LM],mute[LM],mute[LM],mute[KN],mute[KLMN],mute[HHJKLMN],5<UV>,5<UV>,mute[KN],mute[KL],mute[KL],mute[KL],mute[KL],mute[KL],mute[KL],mute[KL],mute[KL],mute[KL],mute[KL],mute[KMNO],mute[KL],mute[KL],mute[JK],mute[JK],mute[JK],mute[JK],mute[JK],mute[JK],mute[JK],mute[KL],mute[KL],mute[JK],mute[JLMNO],mute[JK],mute[JKMN],mute[KN],mute[KL],mute[KL],mute[KL],mute[JK],mute[JK],mute[JK],mute[KL],mute[KL],mute[JK],mute[JK],mute[JK],mute[JK],mute[JK],mute[JK],mute[KL],mute[KL],mute[KL],mute[KL],mute[JLMNO],mute[JKMN],mute[KN],mute[KL],mute[KL],mute[KL],mute[KL],mute[KL],mute[KL],mute[KL],mute[JK],mute[KL],mute[KL],mute[KL],mute[KL],mute[KL],mute[KL],mute[KL],mute[KMNO],mute[KL],mute[KL],mute[KL],mute[LM],mute[LM],5<UV>,mute[LM],mute[LM],mute[LM],mute[LM],mute[LM],mute[LM],mute[LM],mute[LM],mute[LM],mute[LM],mute[LM],mute[KL],mute[KL],mute[KL],mute[KL],mute[KL],mute[KL],mute[KL],mute[KL],mute[KL],mute[KL],mute[KL],mute[LM],mute[LM],mute[JK],mute[JK],mute[KL],mute[KL],mute[KL],mute[LM],mute[LM],mute[KL],mute[LM],mute[LM],mute[KL],mute[LM],mute[KMNO],mute[HHIM],mute[KL],mute[KL],mute[KL],mute[KL],mute[KL],mute[KLMN],mute[KO],mute[KL],mute[KL],mute[KL],mute[KL],mute[KL],mute[KL],mute[KL],mute[JK],mute[LM],mute[LM],mute[LM],mute[LM],mute[LM],mute[LM],mute[LM],mute[LM],mute[LM],mute[LM],mute[LM],mute[LM],mute[LM],mute[LM],mute[LM],mute[LM],mute[LM],mute[LM],mute[LM],mute[LM],mute[LM],mute[LM],mute[LM],mute[LM],mute[LM],mute[LM],mute[LM],mute[LM],mute[LM],mute[LM],mute[LM],mute[LM],mute[LM],mute[LM],mute[LM],mute[LM],mute[LM],mute[LM],mute[LM],mute[LM],mute[LM],mute[LM],mute[LM],mute[LM],mute[LM],mute[LM],mute[LM],mute[LM],mute[LM],mute[LM],mute[LM],mute[LM],mute[LM],mute[LM],mute[LM],mute[LM],mute[LM],mute[LM],mute[KMNO],mute[JK],mute[KL],mute[KL],mute[LM],mute[LM],mute[LM],mute[LM],mute[LM],mute[LM],mute[LM],mute[LM],mute[LM],mute[LM],mute[LM],mute[LM],mute[LM],mute[LM],mute[LM],mute[LM],mute[LM],mute[LM],mute[LM],mute[LM],mute[LM],mute[LM],mute[LM],mute[LM],mute[LM],mute[LM],mute[LM],mute[LM],mute[LM],mute[LM],mute[LM],mute[LM],mute[LM],mute[LM],mute[LM],mute[LM],mute[LM],mute[LM],mute[LM],mute[LM],mute[LM],mute[LM],mute[LM],mute[LM],mute[LM],mute[LM],mute[LM],mute[LM],mute[LM],mute[LM],mute[LM],mute[LM],mute[LM],mute[LM],mute[KMNO],mute[JK],mute[KL],mute[KL],mute[LM],mute[LM],mute[LM],mute[LM],mute[LM],mute[LM],mute[LM],mute[LM],mute[LM],mute[LM],mute[LM],mute[LM],mute[LM],mute[LM],mute[LM],mute[LM],mute[LM],mute[LM],mute[LM],mute[LM],mute[LM],mute[LM],mute[LM],mute[LM],mute[LM],mute[LM],mute[LM],mute[LM],mute[LM],mute[LM],mute[LM],mute[LM],mute[LM],mute[LM],mute[LM],mute[LM],mute[LM],mute[LM],mute[LM],mute[LM],mute[LM],mute[LM],mute[LM],mute[LM],mute[LM],mute[LM],mute[LM],mute[LM],mute[LM],mute[LM],mute[LM],mute[LM],mute[LM],mute[LM],mute[LM],mute[LM],mute[LM],mute[LM],mute[LM],mute[LM],mute[LM],mute[LM],mute[LM],mute[LM],mute[LM],mute[LM],mute[LM],mute[LM],mute[LM],mute[LM],mute[LM],mute[LM],mute[LM],mute[LM],mute[LM],mute[LM],mute[LM],mute[LM],mute[KMN],mute[IJ],mute[HIJK],mute[LM],mute[LM],mute[LM],mute[LM],mute[LM],mute[LM],mute[LM],mute[LM],mute[LM],mute[LM],mute[LM],mute[LM],mute[LM],mute[LM],mute[LM],mute[LM],mute[LM],mute[LM],mute[LM],mute[LM],mute[LM],mute[LM],mute[LM],mute[LM],mute[LM],mute[LM],mute[LM],mute[LM],mute[JLMNO],mute[JK],mute[IJ],mute[IJ],mute[IL],mute[KL],mute[JK],mute[KL],mute[KL],mute[KL],mute[KL],mute[KMNO],mute[KL],mute[KL],mute[KL],mute[KL],mute[KL],mute[KL],mute[KL],mute[KL],mute[KL],mute[JK],mute[JK],mute[IJ],mute[JK],mute[KL],mute[KL],mute[IJ],mute[JK],mute[KL],mute[KL],mute[KL],mute[KL],mute[KL],mute[KL],mute[KMNO];","c2[JK],(a.F-1.f.f1.f2)[JK],(c1.f1.f2)[JK],(e.C-1.c.g1.g2)[JLMNO],(c1.g1.g2)[JK],(f.F-2.F-1.a1.a2)[JK],a[KL],(g1.g2)[KL],(c1.f1.f2)[JK],(f1.c2)[JK],(g1.e.#a2)[JK],(g1.c.#a2)[JK],(g1.f.#a2)[MN],(f1.a2)[KLMN],(e1.g2)[LM],(f1.a.a2)[JM],(g1.#a2)[LM],(e1.c1.g2)[JM],c[LM],e[JNO],g[LM],c1[JK],c2[JK],(g1.c.#a2)[JK],(g1.c1.#a2)[JK],(e1.#A-1.g2)[JK],(e1.#a.g2)[JK],(f1.A-1.a.c3)[JK],(g1.F-1.f)[KL],(a1.c3)[KL],(#a1.d3)[KL],(a1.c3)[KL],(g1.D-1.d.#a2)[KL],(f1.a2)[KL],(d1.#A-2.g2)[JK],(#a.#A-1.d2.g2)[JK],(c1.C-1.a2.#a1.e2)[MN],g2[KN],f2[KL],(c.#a1.e2.g2)[KL],a2[KL],(f.F-1.a1.f2)[JK],A-1[JM],c[LM],f[IMNO],(f1.a2)[KL],(e1.c.c1.g2)[JK],(c1.e2)[KL],(f1.a2)[KL],(e1.c.c1.g2)[JK],(c1.e2)[KL],(f1.a2)[KL],(e1.c1.g2)[KL],(e1.c.c2.c3)[KL],(e1.e.c2.c3)[KL],(e1.g.c2.c3)[KL],(e1.c.c1.c2.c3)[IL],(f1.F-1.f.a2)[KL],(f1.G-1.a2)[KL],(e1.g2)[KMNO],(c1.g.e2)[KL],(e1.c2)[KL],(e1.G-1.g2)[KL],(d1.f2)[KL],(b.g.d2)[KL],(d1.b1)[KL],(b.C-1.f1.d2)[JK],c[JK],(c1.C-1.e1.c2)[IL],c2[KL],(c1.C-1.c.c2)[L],d2[L],c2[L],b1[LM],c2[LM],(b.d2)[KL],(#a.e2)[KL],(a.C-1.c.f2)[L],g2[L],f2[L],e2[LM],f2[LM],(g.g2)[KL],(f.a2)[JK],(e.C-1.c.#a1.e2.g2.#a2)[HHJKMNO],(c1.e.E-1.#a2)[JK],(f.F-1.#a2)[KL],a2[KL],(d1.B-1.B-2.g2)[KL],f2[KL],(c1.c.C-1.a1.f2)[L],g2[L],f2[L],e2[LM],f2[LM],(c1.c.C-1.#a1.g2)[KL],(g1.e2)[KL],(c1.f.F-1.a1.f2)[JK],c[JK],F-1[JK],c2[L],d2[L],c2[L],b1[LM],c2[LM],f2[KMNO],f1[KL],a1[KL],(f.a2.f2)[KL],(c1.e2.g2)[KL],e1[KL],c2[KL],(c.#a2.g2)[KL],(f.f2.a2)[KL],f1[KL],a1[KL],a2[KL],c3[KL],a1[KL],a2[KL],f1[KL],#a2[KL],g1[KL],c2[KL],(e.#a2)[KL],(f.a2)[KL],f1[KL],c2[KL],(B-1.a2.f2)[KL],(c.e2.g2)[KL],#d2[KL],e2[KL],b1[KL],c2[KL],#f1[KL],g1[KL],c1[KL],#a2[KL],g1[KL],c2[KL],(c.#a2)[KMNO],(#A-1.g2)[KL],e1[KL],c2[KL],(#A-1.g2)[KL],(A-1.c3)[KL],b1[KL],c2[KL],e2[KL],f2[KL],#g2[KL],a2[KL],b2[KL],c3[KL],e3[KL],f3[KL],(B-1.d3)[KL],(c.c3)[KL],a2[KL],#a2[KL],(C-1.g2)[KL],(F-1.f2)[KMNO],c2[KL],a1[KL],(c1.f1)[KL],a[KL],f[KL],F-1[KL],(f1.a1.a2)[KL],(e1.g1.g2)[KL],b1[KL],c2[KL],(#d1.#f1.#f2)[KL],(e1.g1.g2)[KL],b1[KL],c2[KL],(f1.a1.a2)[KL],(e1.g1.g2)[KL],b1[KL],c2[KL],#d2[KL],e2[KL],#f2[KL],g2[KL],b2[KL],c3[KL],#d3[KL],e3[KL],(#F-1.c3)[KL],(G-1.g2)[KL],e2[KL],f2[KL],(G-1.d2)[KL],(c.c2)[KL],b1[KL],c2[KMNO],b1[KL],c2[KL],c1[KL],g1[KL],(e.c2)[KL],(c.e2)[KL],g1[KL],c2[KL],(g.e2)[KL],(e.g2)[KL],c2[KL],e2[KL],(e1.g2)[JK],(c1.#a1.g1.#a2)[HJMNO],a2[LM],#a2[LM],c3[LM],#a2[LM],a2[LM],#a2[LM],d3[LM],c3[LM],#a2[LM],a2[LM],c3[LM],#a2[LM],a2[KN],#a2[KLMN],g2[HHJKL],g2[MN],a2[MN],g2[MN],f2[MN],(#a.#c1.e1.g2)[MN],a2[KN],#a2[KL],(a.c1.f1.c3)[KL],f1[KL],(d1.a2)[KL],g1[KL],(#a.#a2)[KL],e1[KL],(c1.g2)[KL],f2[KL],(f.c2)[KL],a1[KMNO],f1[KL],c[KL],F-1[JK],c1[JK],f1[JK],(f1.f)[JK],(g1.e1.e)[JK],(d1.d)[JK],(a1.#c1.#c)[JK],(A-1.A-2)[KL],g1[KL],(f1.d1.d)[JK],(f1.#G-1.#G-2)[JLMNO],(#a1.#d1.#d)[JK],(G-1.G-2)[JK],(#a1.#F-1.#F-2)[MN],a1[KN],g1[KL],(a1.d1.d)[KL],(#a1.c1.c)[KL],(g1.G-1.G-2.#a.#A-1)[JK],(a.A-1)[JK],(g.G-1)[JK],(g1.f.F-1)[KL],a1[KL],(#a1.e.E-1)[JK],(C-1.g.G-1)[JK],(g1.c1.c)[JK],(#A-1.#A-2.e1.e)[JK],(c2.f1.f)[JK],(A-1.A-2)[JK],(d2.#f1.#f)[KL],c2[KL],(#a1.d.D-1)[KL],a1[KL],(g1.#A-1.#A-2.g)[JLMNO],(g1.B-1.B-2.f1.f)[JK],(a1.c.C-1.e1.e)[MN],g1[KN],f1[KL],(g1.C-1.#a.#A-1)[KL],a1[KL],(f1.F-1.F-2)[KL],(a.A-1)[KL],(c1.c)[KL],(e1.e)[KL],(f1.f)[JK],a1[KL],c2[KL],(g1.e.e1)[KL],(c2.c.c1)[KL],(c2.c.c1)[KL],(c2.c.c1)[KL],(a1.f.f1)[KL],(c2.c.c1)[KMNO],(c2.c.c1)[KL],(c2.c.c1)[KL],(g1.e.e1)[KL],(a1.c.c1)[LM],b1[LM],(d2.A-1.a)[MN],c2[MN],b1[LM],(c2.c.c1)[LM],d2[LM],(e2.E-1.e)[LM],d2[LM],(c2.G-1.g)[LM],b1[LM],(c2.C-1.c)[LM],d2[LM],(e2.E-1.e)[LM],f2[LM],(g2.G-2.G-1)[KL],(e2.c)[KL],(g2.e)[KL],(e2.g)[KL],(g2.G-2.G-1)[KL],(f2.d)[KL],(d2.f)[KL],(b1.b)[KL],(d2.C-1)[KL],f[KL],(c.g)[KL],(e2.b)[LM],d2[LM],(c2.c.e.g.c1)[JK],c2[JK],(#a1.c.C-1)[KL],(g.#a.e1)[KL],(g.#a.e1)[KL],(d2.g.#a.e1)[LM],c2[LM],(#a1.e.E-1)[KL],(d2.g.#a.g1)[LM],c2[LM],(#a1.d.D-1)[KL],(d2.g.#a.f1)[LM],c2[KMNO],(#a1.c.C-1.g.#a.e1)[HHIM],(#a1.#c.#C-1)[KL],(g.#a.e1)[KL],(#a1.d.D-1)[KL],(a1.f.a.f1)[KL],(g1.A-1.A-2)[KL],(f1.a.c1)[KL],(a1.#A-1.#A-2)[MN],g1[KO],(f1.g.d1)[KL],(g1.c.C-1)[KL],(a1.g.#a.e1)[KL],(f1.f.F-1)[KL],(a.f1)[KL],c[KL],c1[KL],(F-1.f)[JK],b1[LM],c2[LM],b1[LM],c2[LM],(c1.a1)[LM],c2[LM],(b1.f2)[LM],c2[LM],f1[LM],a1[LM],(#g1.c2.f2)[LM],a1[LM],e1[LM],g1[LM],(#f1.c2.g2)[LM],g1[LM],c1[LM],e1[LM],(#d1.c2.g2)[LM],e1[LM],a[LM],c1[LM],(b.f2.a2)[LM],c1[LM],f[LM],a[LM],(#g.f2.a2)[LM],a[LM],c[LM],f[LM],(e.f2.a2)[LM],f[LM],A-1[LM],c[LM],(B-1.f2.a2)[LM],c[LM],F-1[LM],A-1[LM],(#G-1.f2.a2)[LM],A-1[LM],(d1.D-1)[LM],F-1[LM],(E-1.f2.a2)[LM],F-1[LM],(#a.#A-2)[LM],D-1[LM],(#C-1.g2.#a2)[LM],D-1[LM],(g.G-2)[LM],#G-1[LM],(#F-1.#a2.d3)[LNO],#G-1[LM],(c1.C-1.e2.g2)[LM],c[LM],B-1[LM],c[LM],B-1[LM],c[LM],B-1[LM],c[LM],C-1[JK],c2[KL],c2[KL],(c1.G-1)[LM],#A-1[LM],(A-1.c2.e2.#a2)[LM],#A-1[LM],#A-1[LM],e[LM],(#d.#a1.c2.g2)[LM],e[LM],e[LM],g[LM],(#f.g1.c2.e2)[LM],g[LM],g[LM],#a[LM],(a.e1.g1.c2)[LM],#a[LM],A-1[LM],c[LM],(B-1.f2.a2.c3)[LM],c[LM],c[LM],f[LM],(e.c2.f2.a2)[LM],f[LNO],f[LM],a[LM],(#g.a1.c2.f2)[LM],a[LM],(f1.a)[LM],c1[LM],(b.f2)[LM],c1[LM],#c1[LM],d1[LM],(#c1.f2.g2)[LM],d1[LM],(g1.#a)[LM],b[LM],(#a.f2.g2)[LM],b[LM],(a1.b)[LM],c1[LM],(#a.f2.a2)[LM],c1[LM],(#a1.c)[LM],c1[LM],(b.g1.#a1.e2)[LM],(g1.c1)[LM],(f1.F-1.a1.f2)[LM],f[LM],e[LM],f[LM],C-1[LM],c[LM],B-1[LM],c[LM],F-2[JK],(f2.a2)[KL],(f2.a2)[KL],(c1.e2.g2)[LM],c[LM],d[LM],e[LM],f[LM],g[LM],(a.e2.g2)[LM],b[LM],c1[LM],c1[LM],d1[LM],e1[LM],f1[LM],g1[LM],(a1.c3.e2)[LM],b1[LM],(c2.g2.e3)[LM],c2[LM],d2[LM],e2[LM],f2[LM],g2[LM],a2[LM],b2[LM],c3[LM],b2[LM],(c1.c3)[LM],b2[LM],(a.c3)[LNO],b2[LM],(#f.c3)[LM],b2[LM],(g.G-1.e2.c3)[LM],A-1[LM],(B-1.e2.c3)[LM],c[LM],(d.e2.g2)[LM],e[LM],(f.e2.g2)[LM],g[LM],(#f.f2.d2)[LM],g[LM],(G-1.#f.d2.f2)[LM],g[LM],(A-1.#f.f1.d2)[LM],g[LM],(B-1.#f.d2.f1)[LM],g[LM],(c.#f.e1.c2)[LM],g[LM],#f[LM],g[LM],b[LM],c1[LM],b[LM],c1[LM],#f[LM],g[LM],#f[LM],g[LM],(#d.c2)[LM],e[LM],(#d.c2)[LM],e[LM],(c1.c)[LM],g[LM],(#f.c2.#a2)[LM],g[LM],e[LM],c1[LM],(b.c2.e2.#a2)[LNO],c1[LM],g[LM],e1[LM],(#d1.#a1.c2.g2)[LM],e1[LM],c1[LM],g1[LM],(#f1.#a1.c2.g2)[LM],g1[LM],(#a1.c2.f2)[IJ],e2[HIJK],#g1[LM],a1[LM],(#g1.f2)[LM],a1[LM],#c2[LM],d2[LM],(#c2.f2.g2)[LM],d2[LM],#a1[LM],b1[LM],(#a1.f2.g2)[LM],b1[LM],(c.b1)[LM],c2[LM],(b1.f2.a2)[LM],c2[LM],b[LM],c1[LM],(b.g1.#a1.e2)[LM],c1[LM],(F-1.f.a1.f2)[LM],f1[LM],e1[LM],f1[LM],c[LM],c1[LM],b[LM],c1[LM],F-1[JLMNO],c[JK],(A-1.f)[IJ],(c.g)[IJ],(f.a)[IL],(c.g)[KL],(A-1.f)[JK],(e2.#g2.c3)[KL],(f2.a2)[KL],(f2.c3.a2)[KL],(e2.#g2)[KL],(e2.c3.#g2)[KMNO],(f2.a2)[KL],(f2.c3.a2)[KL],(e2.g2)[KL],(e2.c3.g2)[KL],(d2.f3.b2)[KL],(d2.f3.b2)[KL],(c2.c3.e3)[KL],(c2.c3.e3)[KL],(g1.f2.d3)[KL],(c1.e2.c3)[JK],c1[JK],(#a1.C-1.c.e.g.c1)[IJ],(g1.#A-2.#A-1.e.g.c1)[JK],a1[KL],#a1[KL],(c2.A-2.A-1.f.a.c1)[IJ],f2[JK],(a1.f2.c3)[KL],(#a1.d3)[KL],(#a1.f2.d3)[KL],(a1.c3)[KL],(a1.f2.c3)[KL],(g1.e2.#a2)[KL],(g1.e2.#a2)[KMNO];"],"id":1,"instruments":["piano","piano"],"alternatives":["",""]},{"bpm":481.5,"baseBeats":0.75,"scores":["mute[KL],mute[KL],mute[KL],mute[KL],mute[KL],mute[KL],mute[KL],mute[IL],mute[KL],mute[IL],mute[KL],mute[KL],mute[KL],mute[KL],mute[KL],mute[IKLMNO],mute[JK],mute[KL],mute[KL],mute[KL],mute[KL],mute[KL],mute[KL],mute[KL],mute[KL],mute[KL],mute[KL],mute[KL],mute[KL],mute[KL],mute[KL],mute[IL],mute[KL],mute[IL],mute[KL],mute[KL],mute[KL],mute[KL],mute[JK],mute[HHJKMNO],mute[KL],mute[KL],mute[KL],mute[KL],mute[KL],mute[KL],mute[KL],mute[KL],mute[KL],mute[KL],mute[KMNO],mute[KL],mute[KL],mute[KL],mute[JK],mute[JM],mute[LM],mute[JM],5<UV>,mute[JK],mute[JM],5<UV>,mute[JK],mute[JM],5<UV>,mute[JK],mute[KL],mute[LM],5<UV>,mute[KL],mute[KL],mute[JM],mute[LM],mute[JM],mute[LM],mute[JM],mute[LM],mute[JM],mute[LM],mute[JM],mute[LM],mute[JNO],mute[LM],mute[JK],mute[JM],mute[LM],mute[JM],5<UV>,mute[JK],mute[JM],5<UV>,mute[JK],mute[KL],mute[LM],5<UV>,mute[KL],mute[KL],mute[KL],mute[LM],5<UV>,mute[LM],mute[LM],mute[KMNO],mute[JM],mute[LM],mute[JM],mute[LM],mute[JM],mute[LM],mute[JM],mute[LM],mute[JM],mute[LM],mute[JM],mute[LM],mute[JK],mute[LM],mute[LM],mute[LM],mute[LM],mute[JM],5<UV>,mute[JK],mute[JM],5<UV>,mute[JK],mute[LM],mute[LM],mute[LM],5<UV>,mute[JK],mute[LM],mute[LM],mute[LM],5<UV>,mute[JK],mute[JM],mute[LM],mute[JNO],mute[LM],mute[JM],mute[LM],mute[JM],mute[LM],mute[JM],mute[LM],mute[JM],mute[LM],mute[JK],mute[JM],5<UV>,mute[JM],5<UV>,mute[JK],mute[JM],5<UV>,mute[JLMNO],mute[LM],mute[LM],mute[LM],5<UV>,mute[HHJ],mute[JM],mute[LM],mute[JM],mute[LM],mute[JM],mute[LM],mute[JM],mute[LM],mute[JM],mute[LM],mute[JM],mute[LM],mute[JM],mute[LM],mute[JK],mute[LM],mute[LM],mute[LM],mute[LM],mute[LM],mute[KMNO],5<UV>,mute[LM],mute[LM],mute[LM],mute[LM],mute[LM],mute[LM],mute[LM],5<UV>,mute[LM],mute[LM],mute[LM],mute[LM],mute[LM],mute[LM],mute[LM],mute[LM],mute[LM],mute[LM],mute[LM],mute[LM],mute[LM],mute[LM],mute[LM],mute[LM],mute[LM],mute[LM],mute[LM],mute[LM],mute[LM],mute[LM],mute[LM],5<UV>,mute[LM],mute[LM],mute[LM],mute[LM],mute[LM],mute[LM],mute[LM],mute[LM],mute[LM],mute[LM],mute[LM],mute[LM],mute[LM],mute[LM],mute[LM],mute[LM],mute[LM],mute[LM],mute[LM],mute[LM],mute[LM],mute[LM],mute[LM],mute[LM],mute[LM],mute[LM],mute[LM],mute[LM],mute[LM],mute[KMNO],5<UV>,mute[LM],mute[LM],mute[LM],mute[LM],mute[LM],mute[LM],mute[LM],5<UV>,mute[LM],mute[LM],mute[LM],mute[LM],mute[LM],mute[LM],mute[LM],mute[LM],mute[LM],mute[LM],mute[LM],mute[LM],mute[LM],mute[LM],mute[LM],mute[LM],mute[LM],mute[LM],mute[LM],mute[LM],mute[LM],mute[LM],mute[LM],mute[LM],mute[LM],mute[LM],mute[LM],mute[LM],mute[LM],mute[LM],mute[LM],mute[LM],mute[LM],mute[LM],mute[LM],mute[LM],mute[LM],mute[LM],mute[LM],mute[LM],mute[LM],mute[LM],mute[KMNO],mute[JK],mute[LM],mute[LM],mute[LM],mute[LM],mute[LM],mute[LM],mute[LM],mute[LM],mute[LM],mute[LM],mute[LM],mute[LM],mute[LM],mute[LM],mute[LM],mute[LM],mute[LM],mute[LM],mute[LM],mute[LM],mute[LM],mute[LM],mute[LM],mute[LM],mute[LM],mute[LM],mute[LM],mute[LM],mute[LM],mute[LM],mute[LM],mute[LM],mute[LM],mute[LM],mute[LM],mute[LM],mute[LM],mute[LM],mute[LM],mute[LM],mute[LM],mute[LM],mute[LM],mute[LM],mute[LM],mute[LM],mute[LM],mute[LM],mute[LM],mute[LM],mute[LM],mute[LM],mute[LM],mute[LM],mute[LM],mute[LM],mute[LM],mute[LM],mute[LM],mute[LM],mute[LM],mute[LM],mute[LM],mute[LM],mute[LM],mute[LM],mute[LM],mute[LM],mute[LM],mute[LM],mute[LM],mute[LM],mute[LM],mute[LM],mute[LM],mute[LM],mute[LM],mute[LM],mute[LM],mute[LM],mute[LM],mute[KMNO],mute[KL],mute[IKM],mute[HIJLMNO],mute[LM],mute[LM],mute[LM],mute[LM],mute[LM],mute[LM],mute[LM],mute[LM],mute[LM],mute[LM],mute[LM],mute[LM],mute[LM],mute[LM],mute[LM],mute[LM],mute[LM],mute[LM],mute[LM],mute[LM],mute[LM],mute[LM],mute[LM],mute[LM],mute[LM],mute[LM],mute[LM],mute[LM],mute[JLMNO],mute[JK],mute[KL],mute[KL],mute[KL],mute[KL],mute[KL],mute[KL],mute[KL],mute[KL],mute[KL],mute[KL],mute[KL],mute[KL],mute[KL],mute[KL],mute[KL],mute[KL],mute[KL],mute[KL],mute[KL],mute[KL],mute[KL],mute[KL],mute[KL],mute[KL],mute[KL],mute[KL],mute[KL],mute[KL],mute[KL],mute[KL],mute[KMNO],mute[KL],mute[KL],mute[KL],mute[KL],mute[KL],mute[KL],mute[KL],mute[KL],mute[KL],mute[KL],mute[KL],mute[KL],mute[KL],mute[KL],mute[KL],mute[KL],mute[KL],mute[KL],mute[KL],mute[KL],mute[KMNO],mute[KL],mute[KL],mute[KL],mute[KL],mute[KL],mute[KL],mute[KL],mute[KL],mute[KL],mute[KL],mute[KL],mute[KL],mute[KL],mute[KL],mute[KL],mute[KL],mute[KL],mute[KL],mute[KL],mute[KL],mute[KL],mute[KL],mute[KL],mute[KL],mute[KL],mute[KL],mute[KL],mute[KL],mute[KL],mute[KL],mute[KL],mute[KL],mute[KL],mute[KMNO],mute[KL],mute[KL],mute[KL],mute[KL],mute[KL],mute[KL],mute[KL],mute[KL],mute[KL],mute[KL],mute[KL],mute[KL],mute[KL],mute[KL],mute[KL],mute[KL],mute[KL],mute[JK],mute[KL],5<UV>,5<UV>,5<UV>,5<UV>,5<UV>,5<UV>,5<UV>,5<UV>,5<UV>,5<UV>,5<UV>,5<UV>,5<UV>,5<UV>,5<UV>,5<UV>,5<UV>,5<UV>,5<UV>,5<UV>,5<UV>,5<UV>,5<UV>,5<UV>,5<UV>,5<UV>,5<UV>,5<UV>,5<UV>,5<UV>,5<UV>,5<UV>,5<UV>,5<UV>,5<UV>,5<UV>,5<UV>,5<UV>,5<UV>,5<UV>,5<UV>,5<UV>,5<UV>,5<UV>,5<UV>,5<UV>,5<UV>,mute[LM],mute[LM],mute[KMNO],mute[JM],mute[HIKMNO],mute[LM],mute[LM],mute[LM],mute[LM],mute[KL],mute[KL],mute[KL],mute[KL],mute[KL],mute[KL],mute[KL],mute[KL],mute[KL],mute[KL],mute[KL],mute[KL],mute[JK],mute[KL],mute[KL],mute[KL],mute[KMNO],mute[KL],mute[KL],mute[KL],mute[KL],mute[KL],mute[KL],mute[KL];","(f1.f2.a2)[KL],(f1.f2.a2)[KL],(#a.d2.g2)[KL],(#a.d2.g2)[KL],(c1.a1.f2)[KL],(c1.a1.f2)[KL],(c.g1.e2)[KL],(f.a1.f2)[IL],a1[KL],(g1.C-1.c.e.c1)[IL],(#f1.#d)[KL],(g1.C-1.c.e.c1)[KL],(#f1.#d)[KL],(g1.e)[KL],(a1.f)[KL],(g1.C-1.c.e.c1)[IKLMNO],c2[JK],(b1.f2.a2)[KL],(c2.e2.g2)[KL],(c2.e2.g2)[KL],(#g1.d2.f2)[KL],(#g1.d2.f2)[KL],(a1.c2.e2)[KL],(a1.c2.e2)[KL],(f1.a1.d2)[KL],(f1.a1.d2)[KL],(e1.g1.c2)[KL],(e1.g1.c2)[KL],(d1.f1.b1)[KL],(d1.f1.b1)[KL],(c1.e1.c2)[KL],(c1.e1.c2)[IL],(a1.f)[KL],(g1.C-1.c.e.c1)[IL],(#f1.#d)[KL],(g1.C-1.c.e.c1)[KL],(#f1.#d)[KL],(g1.e)[KL],(a1.#f)[JK],(#a1.C-1.c.e.g.c1)[HHJKMNO],(e2.d3.#a2)[KL],(f2.a2.c3)[KL],(f2.a2.c3)[KL],(#c2.e3.#a2)[KL],(#c2.#a2.e3)[KL],(d2.a2.f3)[KL],(d2.a2.f3)[KL],(#a1.d3.#a2)[KL],(#a1.d3.#a2)[KL],(c2.c3.a2)[KL],(c2.c3.a2)[KMNO],(c1.f2.a2)[KL],(c1.#a2.g2)[KL],(c1.e2.g2)[KL],(f1.f2)[JK],c2[JM],a1[LM],f1[JM],a1[MN],c2[MN],f2[JK],c1[JM],e1[MN],g1[MN],(#a1.e2)[JK],(f.a1.f2)[JM],(a.f1)[MN],c1[MN],(f1.a.a2)[JK],(A-1.c3)[KL],c1[LM],c[MN],f[MN],(a.f3)[KL],f[KL],(d1.#A-1)[JM],(d1.#A-1)[LM],(c1.c.f2.g2)[JM],(c1.c.f2.g2)[LM],(b.d.f2.g2)[JM],(b.d.f2.g2)[LM],(d1.B-1.f2.g2)[JM],(d1.B-1.f2.g2)[LM],(c1.c.e2.g2)[JM],(c1.c.c2.e2.g2)[LM],(f.F-1.c2.f2.a2)[JNO],(f.F-1.c2.f2.a2)[LM],(c1.c.c2.e2.g2)[JK],g2[JM],e2[LM],c2[JM],e2[MN],g2[MN],#a2[JK],c1[JM],e1[MN],g1[MN],(#a1.g2)[JK],(c.f2)[KL],g1[LM],e[MN],g[MN],(#a.e1.e2)[KL],c1[KL],C-1[KL],g[LM],F-1[MN],G-1[MN],(e.#A-1.c3)[LM],#a2[LM],(c.a2)[LM],g2[LNO],(c1.A-1.f2)[JM],(c1.A-1.f2)[LM],(d1.B-1.f2.g2)[JM],(d1.B-1.f2.g2)[LM],(c1.c.f2.a2)[JM],(c1.c.f2.a2)[LM],(c.C-1.e2.#a2)[JM],(c.C-1.e2.g2)[LM],(f.F-1.a1.f2)[JM],(c.C-1.#a1.g2)[LM],(f.F-1.a1.f2)[JM],(c.C-1.#a1.g2)[LM],(f.F-1.a1.f2)[JK],c2[LM],b1[LM],c2[LM],b1[LM],c2[JM],e2[MN],g2[MN],c3[JK],c1[JM],e1[MN],g1[MN],(c2.f2.a2)[JK],(c.e2.g2)[LM],b1[LM],c2[LM],(e.b1)[MN],g[MN],(c1.c2.a1.f2)[JK],(C-1.g1.e2)[LM],b[LM],c1[LM],(b.E-1)[MN],G-1[MN],(c1.c.f1.d2)[JK],(e1.c2)[JM],(e1.c.c2.g2)[LM],(d1.#F-1.c2.a2)[JNO],(d1.#F-1.a2.c2)[LM],(e1.G-1.c2.g2)[JM],(e1.G-1.c2.g2)[LM],(f1.G-2.d2.b2)[JM],(f1.G-2.d2.b2)[LM],(e1.C-1.c2.c3)[JM],(g.G-1.f2.d3)[LM],(c1.c.e2.c3)[JM],(g.G-1.f2.d3)[LM],(c1.c.e2.c3)[JK],c1[JM],e1[MN],g1[MN],#a1[JM],e2[MN],g2[MN],#a2[JK],c1[JM],e1[MN],g1[MN],(#a1.g2)[JLMNO],(c.f2)[LM],g1[LM],e1[LM],(e.c1)[MN],g[MN],(#a.e2)[HHJ],(#c1.#c.#a1.e2)[JM],(#c1.#c.#a1.e2)[LM],(d1.d.a1.f2)[JM],(d1.d.a1.f2)[LM],(d1.B-1.f2.g2)[JM],(d1.B-1.f2.g2)[LM],(c1.c.f2.a2)[JM],(c1.c.f2.a2)[LM],(#a.C-1.g2.e3)[JM],(#a.C-1.g2.e3)[LM],(a.F-1.f2.f3)[JM],(c.C-1.#a2.e3)[LM],(f.F-1.a2.f3)[JM],(c.C-1.#a2.e3)[LM],(f.F-1.a2.f3)[JK],a1[LM],c2[LM],f1[LM],c2[LM],f1[LM],a1[LM],c1[LNO],a1[MN],b[MN],(c1.F-1.A-1.c.f.a1)[LM],c2[LM],f1[LM],c2[LM],g1[LM],#a1[LM],e1[LM],#a1[MN],b[MN],(c1.C-1.E-1.G-1.c.#a1)[LM],e2[LM],g1[LM],e2[LM],a1[LM],c2[LM],(c1.f1)[LM],c2[LM],(a.F-2.A-2.C-1.F-1.c2)[LM],f2[LM],(f.a1)[LM],f2[LM],(c.f2)[LM],a2[LM],(A-1.c2)[LM],a2[LM],(F-1.a2)[LM],c3[LM],f2[LM],c3[LM],#a2[LM],c3[LM],g2[LM],c3[MN],b[MN],(c1.E-1.G-1.c.e.#a2)[LM],c3[LM],g2[LM],c3[LM],a2[LM],c3[LM],f2[LM],c3[MN],b[MO],(c1.F-1.A-1.c.f.a2)[LM],c3[LM],f2[LM],c3[LM],g2[LM],c3[LM],(C-1.e2)[LM],c3[LM],(E-1.C-1.G-1.c.e2)[LM],g2[LM],(G-1.c2)[LM],g2[LM],(c.c2)[LM],e2[LM],(e.g1)[LM],e2[LM],(g.g1)[LM],c2[LM],(c1.e1)[LM],c2[LM],e1[LM],g1[LM],c1[LM],g1[MN],b[MN],(c1.c.e.g.g1)[LM],c2[LM],e1[LM],c2[LM],c2[LM],e2[LM],g1[LM],e2[MN],b[MN],(c1.#A-1.c.e.g.e2)[LM],g2[LM],c2[LM],g2[LM],f2[LM],a2[LM],(a.c2)[LM],a2[LM],(f.A-1.c.a.a2)[LM],c3[LM],(c.f2)[LM],c3[LM],(A-1.a2)[LM],f3[LM],(F-1.f2)[LM],f3[LM],(D-1.d.d1.a2)[LM],f3[LM],(d.f2)[LM],f3[LM],(#A-1.#a.g2)[LM],f3[LM],f2[LM],f3[LM],(B-1.b.g2)[LM],f3[LM],f2[LM],f3[LM],(c.c1.a2)[LM],f3[LM],f2[LM],f3[LM],(C-1.c.#a2)[LM],e3[LM],g2[LM],e3[LM],(F-1.f.a2)[LNO],f3[LM],a2[LM],f2[LM],c2[LM],f2[LM],c2[LM],a1[LM],f1[JK],f2[LM],a2[LM],c2[LM],a2[LM],e2[LM],g2[LM],c2[LM],g2[LM],(a1.#f1.#d1.c1.#d2)[LM],#f2[LM],c2[LM],#f2[LM],(g1.e1.e2)[LM],g2[LM],c2[LM],g2[LM],(a1.#f1.#d1.c1.#d2)[LM],#f2[LM],c2[LM],#f2[LM],(g1.e1.e2)[LM],g2[LM],c2[LM],g2[LM],g2[LM],c3[LM],(c.e2)[LM],c3[LM],(e.c3)[LM],e3[LM],(g.g2)[LNO],e3[LM],(c1.g2)[LM],c3[LM],(e1.e2)[LM],c3[LM],(g1.e2)[LM],g2[LM],c2[LM],g2[LM],(G-1.g.c2)[LM],e2[LM],g1[LM],e2[LM],d2[LM],f2[LM],b1[LM],f2[LM],(f1.G-2.G-1.b1)[LM],d2[LM],f1[LM],d2[LM],(e1.c2)[LM],e2[LM],g1[LM],e2[LM],(C-1.c.g1)[LM],c2[LM],e1[LM],c2[LM],e1[LM],g1[LM],c1[LM],g1[LM],c1[LM],e1[LM],g[LM],e1[LM],#a[LM],e1[LM],g[LM],e1[LM],(C-1.c.e1)[LM],g1[LM],#a[LM],g1[LM],g1[LM],#a1[LM],(#a.e1)[LM],#a1[LM],(g.c.#a.#a1)[LM],e2[LM],(e.g1)[LM],e2[KL],(c.#a2)[IKM],(g.#a.e1)[HIJLMNO],(#c.a.#c1.e1.a2)[LM],e3[LM],g2[LM],e3[LM],(d.a.d1.f1.a2)[LM],f3[LM],f2[LM],f3[LM],(#A-1.g.d1.f1.g2)[LM],f3[LM],f2[LM],f3[LM],(c.a.c1.f1.a2)[LM],f3[LM],f2[LM],f3[LM],(C-1.g.c1.e1.#a2)[LM],e3[LM],g2[LM],e3[LM],(F-1.f.a.f1.a2)[LM],f3[LM],a2[LM],f2[LM],c2[LM],f2[LM],c2[LM],a1[LM],f1[JLMNO],c2[JK],(f.a.c1.f2)[KL],c3[KL],(a.b2)[KL],#a2[KL],(c1.f.g.#a.e1.a2)[KL],g2[KL],(#a.f2)[KL],e2[KL],(a.f.c1.f1.g2)[KL],f2[KL],a2[KL],g2[KL],f2[KL],e2[KL],d2[KL],c2[KL],(e.g.#a.c1.b1)[KL],c2[KL],(e.d2)[KL],c2[KL],(f.a.c1.#a1)[KL],a1[KL],(a.g1)[KL],f1[KL],(c1.c.e.g.#f1)[KL],g1[KL],a1[KL],g1[KL],f1[KL],e1[KL],d1[KMNO],c1[KL],(c.e.g)[KL],e1[KL],(g.f1)[KL],g1[KL],(e.#A-1.c.g.#g1)[KL],a1[KL],(c.#a1)[KL],b1[KL],(a.A-1.c.f.c2)[KL],#c2[KL],d2[KL],#d2[KL],e2[KL],f2[KL],#f2[KL],g2[KL],(c.f.a.#g2)[KL],a2[KL],(c1.#a2)[KL],b2[KMNO],(c.g.#a.c3)[KL],#c3[KL],(#a.d3)[KL],e3[KL],(a.f.f3)[KL],c3[KL],a2[KL],c3[KL],f2[KL],a1[KL],g1[KL],f1[KL],(e1.g1.c2)[KL],b2[KL],(c1.d3)[KL],c3[KL],(f1.a1.c2)[KL],b2[KL],(c1.d3)[KL],c3[KL],(e1.g1.c2)[KL],c3[KL],(c1.e3)[KL],d3[KL],c3[KL],b2[KL],(#f.c1.d1.c3)[KL],a2[KL],(g.c1.e1.g2)[KL],#f2[KL],a2[KL],g2[KL],(B-1.G-1.d.f.f2)[KL],e2[KMNO],(a.f2)[KL],(b.d2)[KL],(c1.c.e.c2)[KL],b1[KL],d2[KL],c2[KL],e2[KL],d2[KL],f2[KL],e2[KL],g2[KL],#f2[KL],(#a.a2)[KL],g2[KL],(g.#a2)[KL],a2[KL],(f.c3)[KL],#a2[JK],(e.#a.g.c.d3)[KL],e3[L],d3[MNO],e3[L],d3[L],e3[L],d3[L],e3[L],d3[L],e3[L],d3[L],e3[L],d3[L],e3[L],d3[L],e3[L],d3[L],e3[L],d3[L],#c3[L],d3[L],#c3[L],d3[L],#c3[L],d3[L],#c3[L],d3[L],#c3[L],d3[L],#c3[L],d3[L],c3[L],d3[L],c3[L],d3[L],c3[L],d3[L],c3[L],d3[L],c3[L],d3[L],c3[L],d3[L],b2[L],c3[L],b2[L],c3[L],b2[L],c3[L],b2[L],c3[L],b2[L],c3[L],b2[L],c3[L],#a2[L],c3[L],#a2[L],c3[L],#a2[L],c3[L],#a2[L],c3[L],#a2[L],c3[L],#a2[L],c3[L],#a2[L],c3[L],#a2[L],c3[L],#a2[L],c3[L],#a2[LM],c3[LM],#a2[LM],c3[JM],#a2[HIKMNO],(d.f.a.#g2)[LM],a2[LM],#g2[LM],a2[LM],(d1.#A-1.d.g.a2)[KL],g2[KL],#a2[KL],g2[KL],(e.g.c.#a.c3)[KL],#a2[KL],(#a.g2)[KL],e2[KL],(#a.g2)[KL],f[KL],e[KL],f[KL],(a.F-1.f2)[JK],(c1.c2)[KL],(c1.c2)[KL],(f.f1.f2)[KL],(c.a1.c2.a2.c3)[LM],(g1.#a1.g2.#a2)[LNO],(f.a1.f1.a2.f2)[KL],c[KL],e[KL],(c.g1.#a1.g2.#a2)[KL],e[KL],(c.#a.g1.#a1.g2)[KL],(f.a.f1.a1.f2)[KL];"],"id":2,"instruments":["piano","piano"],"alternatives":["",""]},{"bpm":481.5,"baseBeats":0.75,"scores":["mute[LM],mute[LM],mute[KL],mute[KL],mute[KL],mute[KL],mute[KL],mute[KL],mute[KL],mute[LM],mute[LM],mute[KL],mute[KL],mute[KL],mute[LM],mute[LM],mute[KL],mute[KL],mute[KL],mute[LM],mute[LM],mute[KL],mute[KL],mute[KL],mute[KL],mute[KL],mute[KL],mute[KL],mute[KL],mute[KL],mute[KL],mute[KMNO],mute[KL],mute[KL],mute[KL],mute[KL],mute[KL],mute[KL],mute[KL],mute[KL],mute[KL],mute[KL],mute[KL],mute[KL],mute[KL],mute[KL],mute[KL],mute[KL],mute[KL],mute[KL],mute[KL],mute[KMNO],mute[KL],mute[KL],mute[KL],mute[KL],mute[KL],mute[KL],mute[LM],mute[LM],mute[KL],mute[KL],mute[KL],mute[KL],mute[KL],mute[KL],mute[KL],mute[KL],mute[KL],mute[KL],mute[KL],mute[KL],mute[KL],mute[KL],mute[KL],mute[KL],mute[KL],mute[KL],mute[KL],mute[KL],mute[KL],mute[KL],mute[KL],mute[KL],mute[KL],mute[KL],mute[KL],mute[KMNO],mute[KL],mute[KL],mute[KL],mute[KL],mute[KL],mute[KL],mute[KL],mute[KL],mute[KL],mute[KL],mute[KL],mute[JK],mute[HHJKMNO],mute[KL],mute[KL],mute[KL],mute[KL],mute[KL],mute[KL],mute[KL],mute[KL],mute[KL],mute[KL],mute[KL],mute[KL],mute[KL],mute[KL],mute[JK],mute[JK],mute[JK],mute[JK],mute[JK],mute[JK],mute[JK],mute[JLMNO],mute[JK],mute[JK],mute[JK],mute[KL],mute[KL],mute[KL],mute[KL],mute[KL],mute[KL],mute[KL],mute[KL],mute[KL],mute[KL],mute[JK],mute[JLMNO],mute[JK],mute[JK],mute[JK],mute[JK],mute[JK],mute[JK],mute[JK],mute[JK],mute[JK],mute[JK],mute[JK],mute[JK],mute[JK],mute[JK],mute[JK],mute[JK],mute[JLMNO],mute[JK],mute[JK],mute[JK],mute[JK],mute[JK],mute[JK],mute[JK],mute[JK],mute[JK],mute[JK],mute[JLMNO],mute[JK],5<UV>,5<UV>,mute[LM],mute[LM],mute[JK],mute[JK],mute[JK],mute[JKMN],mute[JKMO],mute[JKMNO],mute[JKLN],mute[IKMNO],mute[HHHIJLMNO],mute[JKLN],mute[JKMNO],mute[JKM],mute[JKNO],mute[JKM],mute[JKM],mute[JKMNO],mute[HJL],mute[KL],mute[IJ],mute[IL],mute[KL],mute[IJ],mute[IL],mute[KL],mute[IJ],mute[IJ],mute[JK],mute[KL],mute[KL],mute[KL],mute[KL],mute[KL],mute[KL],mute[IJ],mute[KL],mute[KL],mute[KL],mute[KL],mute[JK],mute[JK],mute[JK],mute[JK],mute[JK],mute[LM],mute[LM],mute[LM],mute[LM],mute[KL],mute[KL],mute[KLNO],mute[J],mute[H],mute[IJ],mute[J],mute[IJ],mute[IJ],mute[IJ],mute[IL],mute[KL],mute[KL],5<UV>,5<UV>,mute[KL],mute[KL],mute[IJ],mute[JK],mute[JK],mute[JKM],mute[JKLM],mute[JKN],mute[KLN],mute[KLO],mute[KL],mute[KL],mute[KL],mute[KL],mute[KL],mute[KL],mute[KL],mute[KL],mute[KL],mute[KL],mute[KL],mute[KL],mute[IJ],mute[IJ],mute[JK],mute[JK],mute[JKM],mute[JKL],mute[IL],mute[KL],mute[IL],mute[KL],mute[IL],mute[KL],mute[IL],mute[KL],mute[IL],mute[KL],mute[IL],mute[KL],mute[JK],mute[JK],mute[JK],mute[JK],mute[IL],mute[KL],mute[IL],mute[KL],mute[IL],mute[KL],mute[IL],mute[KL],mute[IL],mute[KL],mute[IL],mute[KL],mute[JK],mute[JK],mute[JK],mute[JK],mute[IL],mute[KL],mute[IL],mute[KL],mute[IL],mute[KL],mute[JK],mute[IJ],mute[IJKL],mute[KL],mute[IL],mute[JK],mute[HHHH],mute[IL],mute[KL],mute[KL],mute[KL],mute[KL],mute[KL],mute[KL],mute[KL],mute[KL],mute[KL],mute[KL],mute[KL],mute[KL],mute[KL],mute[KLNO],mute[KLN],mute[KLMN],mute[KLMN],mute[IJLNO],mute[IJLNO],mute[IJLN],mute[IJLNO],mute[JLMNO],mute[JLMN],mute[JLN],mute[JLNO],mute[JLNO],mute[JLN],mute[JLNO],mute[JLNO],mute[JLN],mute[JLNO],mute[JLNO],mute[JLN],mute[JLNO],mute[JLNO],mute[JLN],mute[JLNO],mute[JLNO],mute[JLN],mute[JLNO],mute[JLNO],mute[JLN],mute[JLNO],mute[JLNO],mute[JLN],mute[JLNO],mute[JLNO],mute[JLN],mute[JLNO],mute[JLNO],mute[JLN],mute[JLNO],mute[JLNO],mute[JLN],mute[JLNO],mute[JLNO],mute[JLN],mute[JLNO],mute[JLNO],mute[JLN],mute[JLNO],mute[JLNO],mute[JLN],mute[JLNO],mute[JLNO],mute[JLN],mute[JLMN],mute[JK],mute[JKM],mute[JKNO],mute[JLMNO],mute[JLN],mute[JLNO],mute[JLNO],mute[JLN],mute[JLNO],mute[JLNO],mute[JLN],mute[JLNO],mute[JLNO],mute[JLN],mute[JLNO],mute[JLNO],mute[JLN],mute[JLNO],mute[JLNO],mute[JLN],mute[JLNO],mute[JLNO],mute[JLN],mute[JLNO],mute[JLNO],mute[JLN],mute[JLNO],mute[JLNO],mute[JLN],mute[JLNO],mute[JLNO],mute[IKMO],mute[HIKMO],mute[K],mute[K],mute[LM],mute[LM],mute[LM],mute[LM],mute[LM],mute[LM],mute[LM],mute[LM],mute[LM],mute[LM],mute[LM],mute[LM],mute[LM],mute[LM],mute[KL],mute[IJ],mute[HHIKM],mute[KM],mute[KM],mute[KM],mute[JLNO],mute[JLNO],mute[JLN],mute[JLNO],mute[JLNO],mute[JLN],mute[JLNO],mute[JLNO],mute[JLN],mute[JLNO],mute[JLNO],mute[JLN],mute[JLNO],mute[JLNO],mute[JLN],mute[JLNO],mute[JLNO],mute[JLN],mute[JLNO],mute[JLNO],mute[JLN],mute[JLNO],mute[JLNO],mute[JLN],mute[JLNO],mute[JLNO],mute[JLN],mute[JLNO],mute[JLNO],mute[JLN],mute[JLNO],mute[JLNO],mute[JLN],mute[JLMN],mute[JK],mute[JKM],mute[JKLN],mute[IJKM],mute[HHHHIJLM],mute[JK],mute[KL],mute[KL],mute[KL],mute[KL],mute[KL],mute[KL],mute[KL],mute[KL],mute[KL],mute[KL],mute[KL],mute[KL],mute[KL],mute[KL],mute[KL],mute[LM],mute[LM],mute[KL],mute[LM],mute[LM],mute[KL],mute[KL],mute[KL],mute[KL],mute[KL],mute[KL],mute[KL],mute[KL],mute[KL],mute[KL],mute[KL],mute[KL],mute[KL],mute[KL],mute[KL],mute[KL],mute[KL],mute[KL],mute[KL],mute[KLMN],mute[KN],mute[KL],mute[KL],mute[KL],mute[KL],mute[LM],mute[LM],mute[LM],mute[LM],mute[LM],mute[LM],mute[LM],mute[LM],mute[LM],mute[LM],mute[LM],mute[LM],mute[LM],mute[LM],mute[LM],mute[LM],mute[LM],mute[LM],mute[LM],mute[LM],mute[LM],mute[LM],mute[LM],mute[LM],mute[LM],mute[LM],mute[LM],mute[LM],mute[LM],mute[LM],mute[LM],mute[LM],mute[LM],mute[LM],mute[LM],mute[LM],mute[LM],mute[LM],mute[LM],mute[LM],mute[LM],mute[LM],mute[LM],mute[LM],mute[LM],mute[LM],mute[LM],mute[LM],mute[LM],mute[LM],mute[LM],mute[LM],mute[LM],mute[LM],mute[LM],mute[LM],mute[LM],mute[LM],mute[LM],mute[LM],mute[LM],mute[LM],mute[LM],mute[LM],mute[LM],mute[LM],mute[LM],mute[LM],mute[LM],mute[LM],mute[LM],mute[LM],mute[LM],mute[LM],mute[LM],mute[LM],mute[LM],mute[LM],mute[LM],mute[LM],mute[LM],mute[LM],mute[LM],mute[LM],mute[LM],mute[LM],mute[LM],mute[LM],mute[LM],mute[LM],mute[LM],mute[LM],mute[LM],mute[LM],mute[LM],mute[LM],mute[LM],mute[KNO],mute[JKMNO],mute[JMN],mute[LM],mute[KL],mute[KL],mute[KL],mute[KL],mute[KL],mute[KL],mute[KL],mute[KL],mute[KL],mute[KL],mute[KL],mute[KL],mute[KL],mute[KL],mute[KL],mute[LM],mute[LM],mute[LM],mute[LM],mute[LM],mute[K],mute[KLM],mute[J],mute[I],mute[KLNO],mute[KLM],mute[KLNO],mute[KLM],mute[KLMO],mute[KLMO],mute[J],mute[I],mute[HHJKM],mute[J],mute[KN],mute[KL],mute[KL],mute[KL],mute[KL],mute[KL],mute[KL],mute[KL],mute[JM],mute[LM],mute[LM],mute[LM],mute[LM],mute[LM],mute[LM],mute[LM],mute[LM],mute[LM],mute[LM],mute[LM],mute[LM],mute[LM],mute[LM],mute[LM],mute[LM],mute[LM],mute[LM],mute[LM],mute[LM],mute[LM],mute[LM],mute[LM],mute[LM],mute[LM],mute[LM],mute[LM],mute[LM],mute[LM],mute[LM],mute[LM],mute[LM],mute[LM],mute[LM],mute[LM],mute[LM],mute[LM],mute[LM],mute[LM],mute[LM],mute[LM],mute[LM],mute[LM],mute[LM],mute[LM],mute[LM],mute[LM],mute[LM],mute[LM],mute[LM],mute[LM],mute[LM],mute[LM],mute[LM],mute[LM],mute[LM],mute[LM],mute[LM],mute[LM],mute[LM],mute[K],mute[K],mute[K],mute[K],mute[JK],mute[HHJ],mute[LM],mute[LM],mute[LM],mute[LM],mute[LM],mute[LM],mute[LM],mute[LM],mute[LM],mute[LM],mute[LM],mute[LM],mute[LM],mute[LM],mute[LM],mute[LM],mute[LM],mute[LM],mute[LM],mute[LM],mute[LM],mute[LM],mute[LM],mute[LM],mute[LM],mute[LM],mute[LM],mute[LM],mute[LM],mute[LM],mute[LM],mute[LM],mute[LM],mute[LM],mute[LM],mute[LM],mute[LM],mute[LM],mute[LM],mute[LM],mute[LM],mute[LM],mute[LM],mute[LM],mute[LM],mute[LM],mute[LM],mute[LM],mute[LM],mute[LM],mute[LM],mute[LM],mute[LM],mute[LM],mute[LM],mute[LM],mute[LM],mute[LM],mute[LM],mute[LM],mute[LM],mute[LM],mute[LM],mute[LM],mute[LM],mute[LM],mute[LM],mute[LM],mute[LM],mute[LM],mute[LM],mute[LM],mute[LM],mute[LM],mute[LM],mute[LM],mute[LM],mute[LM],mute[LM],mute[LM],mute[LM],mute[LM],mute[LM],mute[LM],mute[LM],mute[LM],mute[LM],mute[LM],mute[LM],mute[LM],mute[LM],mute[LM],mute[LM],mute[LM],mute[LM],mute[LM],mute[LM],mute[LM],mute[LM],mute[LM],mute[LM],mute[LM],mute[LM],mute[LM],mute[LM],mute[LM],mute[LM],mute[LM],mute[LM],mute[LM],mute[LM],mute[LM],mute[LM],mute[LM],mute[LM],mute[LM],mute[LM],mute[LM],mute[LM],mute[LM],mute[LM],mute[LM],mute[LM],mute[LM],mute[LM],mute[LM],mute[LM],mute[LM],mute[LM],mute[LM],mute[LM],mute[LM],mute[LM],mute[LM],mute[LM],mute[LM],mute[LM],mute[LM],mute[LM],mute[LM],mute[LM],mute[LM],mute[LM],mute[LM],mute[LM],mute[LM],mute[LM],mute[LM],mute[LM],mute[LM],mute[LM],mute[LM],mute[LM],mute[LM],mute[LM],mute[LM],mute[LM],mute[LM],mute[LM],mute[LM],mute[LM],mute[LM],mute[LM],mute[LM],mute[LM],mute[LM],mute[LM],mute[LM],mute[LM],mute[LM],mute[LM],mute[LM],mute[LM],mute[LM],mute[LM],mute[LM],mute[LM],mute[LM],mute[LM],mute[LM],mute[LM],mute[LM],mute[LM],mute[KMN],mute[KL],mute[KL],mute[KL],mute[KL],mute[KL],mute[KL],mute[KL],mute[KL],mute[KL],mute[KL],mute[KL],mute[KL],mute[KL],mute[KL],mute[KL],mute[LM],mute[LM],mute[KL],mute[LM],mute[LM],mute[KL],mute[KL],mute[KL],mute[KL],mute[KL],mute[KL],mute[KL],mute[KL],mute[KL],mute[KL],mute[KL],mute[KL],mute[KL],mute[KL],mute[KL],mute[KL],mute[KL],mute[KL],mute[KL],mute[KLMN],mute[KN],mute[KL],mute[KL],mute[KL],mute[KL],mute[KL],mute[KL],mute[KL],mute[KL],mute[KL],mute[KL],mute[KL],mute[KL],mute[KL],mute[KL],mute[KL],mute[LM],mute[LM],mute[LM],mute[LM],mute[LM],mute[LM],mute[LM],mute[LM],mute[LM],mute[LM],mute[LM],mute[LM],mute[LM],mute[LM],mute[LM],mute[LM],mute[LM],mute[LM],mute[LM],mute[LM],mute[LM],mute[LM],mute[LM],mute[LM],mute[LM],mute[LM],mute[LM],mute[LM],mute[LM],mute[LM],mute[LM],mute[LM],mute[LM],mute[LM],mute[LM],mute[LM],mute[LM],mute[LM],mute[LM],mute[LM],mute[LM],mute[LM],mute[LM],mute[LM],mute[LM],mute[LM],mute[LM],mute[LM],mute[LM],mute[LM],mute[LM],mute[LM],mute[LM],mute[LM],mute[LM],mute[LM],mute[LM],mute[LM],mute[LM],mute[LM],mute[LM],mute[LM],mute[LM],mute[LM],mute[LM],mute[LM],mute[LM],mute[LM],mute[LM],mute[LM],mute[LM],mute[LM],mute[LM],mute[LM],mute[LM],mute[LM],mute[LM],mute[LM],mute[LM],mute[LM],mute[LM],mute[LM],mute[LM],mute[LM],mute[LM],mute[LM],mute[LM],mute[LM],mute[LM],mute[LM],mute[LM],mute[LM],mute[LM],mute[LM],mute[LM],mute[LM],mute[LM],mute[LM],mute[LM],mute[LM],mute[LM],mute[LM],mute[LM],mute[LM],mute[LM],mute[LM],mute[LM],mute[LM],mute[LM],mute[LM],mute[LM],mute[LM],mute[LM],mute[LM],mute[LM],mute[LM],mute[LM],mute[LM],mute[LM],mute[LM],mute[LM],mute[LM],mute[LM],mute[LM],mute[LM],mute[LM],mute[LM],mute[LM],mute[LM],mute[LM],mute[LM],mute[LM],mute[LM],mute[LM],mute[LM],mute[LM],mute[LM],mute[LM],mute[LM],mute[LM],mute[LM],mute[LM],mute[LM],mute[LM],mute[LM],mute[LM],mute[LM],mute[LM],mute[LM],mute[LM],mute[LM],mute[LM],mute[LM],mute[LM],mute[LM],mute[LM],mute[LM],mute[LM],mute[LM],mute[LM],mute[LM],mute[LM],mute[LM],mute[LM],mute[LM],mute[LM],mute[LM],mute[LM],mute[LM],mute[LM],mute[LM],mute[LM],mute[LM],mute[LM],mute[LM],mute[LM],mute[LM],mute[LM],mute[LM],mute[KN],mute[KL],mute[LM],mute[LM],mute[LM],mute[LM],mute[LM],mute[LM],mute[LM],mute[LM],mute[LM],mute[LM],mute[LM],mute[LM],mute[LM],mute[LM],mute[JK],mute[JKNO],mute[KLN],mute[LM],mute[LM],mute[LM],mute[LM],mute[LM],mute[LM],mute[LM],mute[LM],mute[LM],mute[LM],mute[LM],mute[LM],mute[LM],mute[LM],mute[LMO],mute[JKMO],mute[JKMO],mute[KLN],mute[LM],mute[LM],mute[LM],mute[LM],mute[LM],mute[LM],mute[LM],mute[LM],mute[LM],mute[LM],mute[LM],mute[LM],mute[K],mute[LMNO],mute[LMNO],mute[I],mute[I],mute[H],mute[I],mute[IJ],mute[J],mute[JN],mute[JMNO],mute[JMN],mute[JMNO],mute[JMN],mute[JLNO],mute[JK],mute[IJ],mute[HI],ST;","(c.c1.a1.c2.a2)[LM],(#a.g1.#a1.g2)[LM],(f.a.f1.a1.f2)[KL],(c.a.f1.a1.f2)[KL],(f.a.f1.a1.f2)[KL],c[KL],A-1[KL],(F-1.f1.a1.f2.a2)[KL],(E-1.#a1.g1.#a2.g2)[KL],(C-1.#a1.d2.#a2.d3)[LM],(a1.c2.a2.c3)[LM],(D-1.#a1.g1.#a2.g2)[KL],E-1[KL],F-1[KL],(G-1.a1.c2.a2.c3)[LM],(g1.#a1.g2.#a2)[LM],(A-1.a1.f1.a2.f2)[KL],B-1[KL],c[KL],(g.e1.g1.e2.g2)[LM],(d1.f1.d2.f2)[LM],(a.c1.e1.c2.e2)[KL],(b.f.d1.f1.d2)[KL],(c1.e.e1.c2)[KL],g[KL],e[KL],(g.c1)[KL],(c.e.c1.e1)[KL],(c1.d.f.d1.f1)[KL],(c1.e.g.e1.g1)[KL],(c1.f.a.f1.a1)[KL],(c1.g.#a.g1.#a1)[KMNO],(c1.a.a1.c2)[KL],(c1.#a.d1.#a1.d2)[KL],(#a.g.e1.g1.e2)[KL],(a.f1.a1.f2)[KL],(c1.e1.g1.e2.g2)[KL],(a.f1.a1.f2.a2)[KL],(c1.g1.#a1.g2.#a2)[KL],(a.a1.c2.a2.c3)[KL],(c1.#a1.d2.#a2.d3)[KL],(a.g1.e2.g2.e3)[KL],(f.a1.f2.a2.f3)[KL],(c.a1.f2.a2.f3)[KL],(c1.c2.e2.c3.e3)[KL],(c.#a1.d2.#a2.d3)[KL],(c1.a1.c2.a2.c3)[KL],(c.a1.c2.a2.c3)[KL],(c1.g1.#a1.g2.#a2)[KL],(c.f1.a1.f2.a2)[KL],(c1.#a.g1.#a1.g2)[KL],(f.a.f1.a1.f2)[KMNO],(c.#a.g1.#a1.g2)[KL],(f.a.f1.a1.f2)[KL],(c.#a.g1.#a1.g2)[KL],(f.a.f1.a1.f2)[KL],c[KL],f[KL],(a.c2.a1.c3.a2)[LM],(f1.a1.f2.a2)[LM],(c1.e1.g1.e2.g2)[KL],(c.e1.g1.e2.g2)[KL],c1[KL],(b.f1.a1.f2.a2)[KL],(c1.e1.g1.e2.g2)[KL],(c.e1.g1.e2.g2)[KL],c1[KL],(b.f1.a1.f2.a2)[KL],(c1.e1.g1.e2.g2)[KL],(g1.c2.g2.c3)[KL],(c2.e2.c3.e3)[KL],(b1.d2.b2.d3)[KL],(a1.c2.a2.c3)[KL],(#g1.b1.#g2.b2)[KL],(F-1.a1.c2.a2.c3)[KL],(f.#g1.b1.#g2.b2)[KL],(G-1.e1.g1.e2.g2)[KL],(g.#d1.#f1.#d2.#f2)[KL],(G-1.e1.g1.e2.g2)[KL],(g.e1.c1.e2.c2)[KL],(G-1.d1.f1.d2.f2)[KL],(g.#c1.e1.#c2.e2)[KL],(G-1.d1.f1.d2.f2)[KL],(g.f.d1.f1.d2)[KL],(c.e.c1.e1.c2)[KL],(G-1.f.d1.f1.d2)[KL],(c.e.c1.e1.c2)[KL],(G-1.f.d1.f1.d2)[KMNO],(c.e.c1.e1.c2)[KL],g1[KL],(c1.c2)[KL],(d1.d2)[KL],(c.c1.e1.c2.e2)[KL],(#a.g.c1.g1.c2)[KL],(g.c1.e1.c2.e2)[KL],(f.d1.f1.d2.f2)[KL],(e.e1.g1.e2.g2)[KL],(g.c1.e1.c2.e2)[KL],(e.e1.g1.e2.g2)[KL],(d.f1.a1.f2.a2)[JK],(c.e1.g1.#a1.g2.#a2)[HHJKMNO],(#a.#a1.#c2.e2.g2)[KL],(g.g1.#a1.g2.e3)[KL],(a.a1.c2.f2.a2)[KL],(f.f1.a1.a2.f3)[KL],(a.a1.c2.f2.a2)[KL],(f.f1.a1.f3.a2)[KL],(c1.g1.#a1.e2.g2)[KL],(c.e1.g1.g2.e3)[KL],(c1.g1.#a1.e2.g2)[KL],(c.e1.g1.g2.e3)[KL],(f.a1.f1.a2.f2)[KL],(c.a.f1.f3.a2)[KL],(A-1.a.f1.f3.a2)[KL],(c.a.f1.f3.a2)[KL],(F-1.f1.a.a2.f3)[JK],c2[JK],f2[JK],c2[JK],g2[JK],(c1.c2)[JK],(f1.a2)[JK],(c1.c2)[JLMNO],(g1.#a2)[JK],(c.g1.e2)[JK],(a.c1.c3)[JK],(a.f1.c1.#a2)[KL],a2[KL],(#a.g1.d1.a2)[KL],g2[KL],(b.g1.d1.g2)[KL],f2[KL],(c1.g1.e1.f2)[KL],e2[KL],g2[KL],e2[KL],c2[JK],a2[JLMNO],#a2[JK],(a1.#f2)[JK],(#a1.g2)[JK],(a.#f1.c2.#d2)[JK],(#a.g1.e2)[JK],(g.#a.e1.d2.d3)[JK],(#a.c1.f1.c2.c3)[JK],(e.g.#c1.#a1.#a2)[JK],(f.a.d1.a1.a2)[JK],(c.#a.e1.g1.g2)[JK],(d.a.d1.f1.f2)[JK],(#A-1.d1.#a.g1.g2)[JK],(c.a.c1.c2)[JK],(C-1.g.#a.e1.e2)[JK],(F-1.f.a.f1.f2)[JK],a2[JK],g2[JLMNO],#f2[JK],g2[JK],(a1.f2)[JK],(g1.e2)[JK],(#f1.#d2)[JK],(g1.e2)[JK],(a.c1.f1.d3.d2)[JK],(g.g1.e3.e2)[JK],(#f.a1.c1.#d3.#d2)[JK],(g.g1.e3.e2)[JK],(a.f1.c1.f3.f2)[JLMNO],(g.g1.e3.e2)[JK],(G-1.f1.b1.d3)[L],e3[L],d3[L],c3[LM],d3[LM],(c.c2.e1.c3)[JK],c[JK],e[JK],(e.c1)[JKMN],(g.e1)[JKMO],(g.e1.c2)[JKMNO],(#a.g1.e2)[JKLN],(g.c1.e1.g2)[IKMNO],(e.c1.g1.#a2)[HHHIJLMNO],e1[JKLN],f1[JKMNO],(#a.e1.d2.d3)[JKM],(a.f1.c2.c3)[JKNO],e1[JKM],f1[JKM],(c.#a.e2.e3)[JKMNO],(f.a.f2.f3)[HJL],c1[KL],f1[IJ],(f.#g.c1)[IL],c1[KL],g1[IJ],(e.#a.c1)[IL],c1[KL],#g1[IJ],(f.#g.c1)[IJ],(f.#g.c1)[JK],g1[KL],#g1[KL],(f.#g.c1.#a1)[KL],#g1[KL],g1[KL],f1[KL],#c2[IJ],(#A-1.f.g.#d2)[KL],#c2[KL],c2[KL],#c2[KL],#d2[JK],#c2[JK],(#c.f.#a.c2)[JK],#a1[JK],#g1[JK],#a1[LM],#g1[LM],g1[LM],#g1[LM],(c.f.#g.#g1)[KL],#a1[KL],b1[KLNO],c2[J],g1[H],(c.e.g)[IJ],g1[J],e2[IJ],(#A-1.#c.g)[IJ],(#A-1.#c.g.e2)[IJ],(#A-1.#c.g)[IL],e2[KL],f2[KL],g2[L],f2[L],e2[L],f2[KL],g2[KL],(B-1.d.f.#g.#g2)[IJ],(B-1.d.f.#g)[JK],#g2[JK],(B-1.d.f.#g.#g2)[JKM],#g2[JKLM],(c.f.#g.#g2)[JKN],g2[KLN],f2[KLO],e2[KL],g2[KL],f2[KL],#c2[KL],(c.g.#a.c2)[KL],#d2[KL],#c2[KL],#a1[KL],a1[KL],c2[KL],#a1[KL],e1[KL],g1[IJ],(f.#a)[IJ],(f.#g.f1)[JK],#g[JK],g[JKM],f[JKL],c1[IL],(c.c1.e1.g1.c2)[KL],(c.c1.e1.g1.c2)[IL],c1[KL],c1[IL],(c.c1.f1.#g1.c2)[KL],(c.c1.f1.#g1.c2)[IL],c1[KL],c1[IL],(c.c1.e1.g1.c2)[KL],(c.c1.e1.g1.c2)[IL],(c.c1.e1.g1.c2)[KL],(#F-1.c.#f.c1.#d1.#g1.c2)[JK],#d1[JK],d1[JK],c1[JK],g[IL],(G-1.g.#d1.g1.c2)[KL],(G-1.g.#d1.g1.c2)[IL],g[KL],g[IL],(G-1.g.#c1.g1.b1)[KL],(G-1.g.#c1.g1.b1)[IL],g[KL],c[IL],(C-1.c.c1.c2)[KL],(C-1.c.c1.c2)[IL],(C-1.c.c1.c2)[KL],(C-1.c.c1.c2)[JK],c1[JK],b[JK],c1[JK],#c1[IL],(#A-1.#c.g.#c1.#c2)[KL],(#A-1.#c.g.#c1.#c2)[IL],#c1[KL],#a[IL],(#A-1.#c.g.#c2.#c3)[KL],(#A-1.#c.g.#c2.#c3)[JK],#a[IJ],g[IJKL],(#A-1.#c.g.e2.e3)[KL],(#A-1.#c.g.e2.e3)[IL],(#A-1.#c.g.e2.e3)[JK],(#A-1.#c.g.e2.e3)[HHHH],(#g.B-1.d.f.f3.f2)[IL],B-1[KL],(c.f.#g)[KL],b2[KL],c3[KL],g2[KL],#g2[KL],e2[KL],f2[KL],c2[KL],(c.g.#a.#c2)[KL],a1[KL],#a1[KL],#f1[KL],(#a.g1)[KLNO],#a1[KLN],#c2[KLMN],(e.e1)[KLMN],(e.#a.#c1.g1)[IJLNO],(F-2.F-1)[IJLNO],(f.F-2.F-1.#g.c1.f1)[IJLN],c[IJLNO],f[JLMNO],(#g.c1.f1.#g1.c2.f2)[JLMN],(#g.c1.f1.#g1.c2.f2)[JLN],(c.#g.c1.f1.#g1.c2.f2)[JLNO],(#g.c1.f1.#g1.c2.f2)[JLNO],(#g.c1.f1.#g1.c2.f2)[JLN],(#G-1.#g.c1.f1.#g1.c2.f2)[JLNO],(c1.f1.#g1.c2.f2.#g2)[JLNO],(c1.f1.#g1.c2.f2.#g2)[JLN],(F-1.c1.f1.#g1.c2.f2.#g2)[JLNO],(c1.f1.#g1.c2.f2.#g2)[JLNO],(c1.f1.#g1.c2.f2.#g2)[JLN],(#A-1.#a.f1.g1.#c2.f2.g2)[JLNO],(#a.f1.g1.#c2.f2.g2)[JLNO],(#a.f1.g1.#c2.f2.g2)[JLN],(#c.#c1.f1.g1.b1.f2.g2)[JLNO],(#c1.f1.g1.b1.f2.g2)[JLNO],(#c1.f1.g1.b1.f2.g2)[JLN],(c.c1.e1.g1.c2.e2.g2)[JLNO],(c1.e1.g1.c2.e2.g2)[JLNO],(c1.e1.g1.c2.e2.g2)[JLN],(c1.e1.g1.c2.e2.g2)[JLNO],(c1.e1.g1.c2.e2.g2)[JLNO],(c1.e1.g1.c2.e2.g2)[JLN],(#c.#c1.#a.e1.g1.#a1.#c2.e2.g2)[JLNO],(#c1.#a.e1.g1.#a1.#c2.e2.g2)[JLNO],(#c1.#a.e1.g1.#a1.#c2.e2.g2)[JLN],(#A-1.#c1.#a.e1.g1.#a1.#c2.e2.g2)[JLNO],(#c1.#a.e1.g1.#a1.#c2.e2.g2)[JLNO],(#c1.#a.e1.g1.#a1.#c2.e2.g2)[JLN],(B-1.b.d1.f1.#g1.b1.d2.f2.#g2)[JLNO],(b.d1.f1.#g1.b1.d2.f2.#g2)[JLNO],(b.d1.f1.#g1.b1.d2.f2.#g2)[JLN],(d.d1.f1.#g1.b1.f2.#g2.b2)[JLNO],(d1.f1.#g1.b1.f2.#g2.b2)[JLNO],(d1.f1.#g1.b1.f2.#g2.b2)[JLN],(c.c1.f1.#g1.c2.f2.#g2.c3)[JLNO],(c1.f1.#g1.c2.f2.#g2.c3)[JLNO],(c1.f1.#g1.c2.f2.#g2.c3)[JLN],(C-1.c1.g1.#a1.g2.#a2.c3.e3)[JLNO],(c1.g1.#a1.g2.#a2.c3.e3)[JLNO],(c1.g1.#a1.g2.#a2.c3.e3)[JLN],(F-1.f1.#g1.f2.#g2.c3.f3)[JLNO],c3[JLNO],b2[JLN],#a2[JLMN],a2[JK],#g2[JKM],(c2.g2)[JKNO],(e2.g2)[JLMNO],(e2.g2)[JLN],b1[JLNO],(f2.#g2)[JLNO],(f2.#g2)[JLN],c2[JLNO],(e2.g2)[JLNO],(e2.g2)[JLN],(#F-1.#f.a.c1.#d1.c2.#d2.#f2.a2.c3)[JLNO],(#f.a.c1.#d1.c2.#d2.#f2.a2.c3)[JLNO],(#f.a.c1.#d1.c2.#d2.#f2.a2.c3)[JLN],(G-1.g.c1.#d1.c2.#d2.g2.c3)[JLNO],(g.c1.#d1.c2.#d2.g2.c3)[JLNO],(g.c1.#d1.c2.#d2.g2.c3)[JLN],(g.d1.f1.f2.d2.g2.b2)[JLNO],(g.d1.f1.f2.d2.g2.b2)[JLNO],(g.d1.f1.f2.d2.g2.b2)[JLN],(C-1.#d1.c1.#d2.c2.g2.c3)[JLNO],c2[JLNO],c2[JLN],c2[JLNO],(#a1.#c2.e2.c2)[JLNO],(#g1.c2.f2)[JLN],(c.g1.#a1.g2)[JLNO],(#a1.#c2.c2.e2.g2)[JLNO],(#g1.c2.f2.#g2)[JLN],(c.g1.#a1.g2.#a2)[JLNO],(#a1.g1.c2.g2.#a2)[JLNO],(f1.#g1.c2.c3.#g2)[IKMO],(c.e1.g1.#a1.c2.#c3.#a2)[HIKMO],c3[K],#c3[K],#d3[LM],#c3[LM],c3[LM],#a2[LM],a2[LM],c3[LM],#a2[LM],#c3[LM],c3[LM],#a2[LM],#g2[LM],g2[LM],#a2[LM],#g2[LM],g2[KL],f2[IJ],e2[HHIKM],#g2[KM],g2[KM],f2[KM],(#c1.#c2)[JLNO],(f2.b2)[JLNO],(f2.b2)[JLN],(c1.c2)[JLNO],(e2.c3)[JLNO],(e2.c3)[JLN],(f.f1.f2.#g2)[JLNO],(f3.f2.#g2)[JLNO],(#d3.f2.#g2)[JLN],(d3.f2.#g2)[JLNO],(#c3.f2.#g2)[JLNO],(c3.f2.#g2)[JLN],(#c.#c1)[JLNO],(f2.b2)[JLNO],(f2.b2)[JLN],(c.c1)[JLNO],(e2.c3)[JLNO],(e2.c3)[JLN],(F-1.f)[JLNO],(f2.#g2)[JLNO],(#d2.f2.#g2)[JLN],(d2.f2.#g2)[JLNO],(#c2.f2.#g2)[JLNO],(c2.f2.#g2)[JLN],(#c.#C-1.b1.f2.#g2)[JLNO],(b1.f2.g2)[JLNO],(b1.f2.g2)[JLN],(B-1.B-2)[JLNO],(g2.f2)[JLNO],(g2.f2)[JLN],(c.C-1)[JLNO],(f2.g2)[JLNO],(e2.g2)[JLN],(#d2.g2)[JLMN],(d2.e2.g2)[JK],(#c2.e2.g2)[JKM],(c2.e2.g2)[JKLN],(b1.e2.g2)[IJKM],(g2.#a1.e2)[HHHHIJLM],c1[JK],(f1.F-2.F-1)[KL],a[KL],(f1.f)[KL],c[KL],(g1.#A-1)[KL],e[KL],(a1.F-2.F-1.A-1)[KL],c[KL],f[KL],(g1.c.a)[KL],(f1.A-1.c1)[KL],(F-1.f1)[KL],(#a1.E-1.g1)[KL],(D-1.f1)[KL],(#a1.C-1.e1)[KL],(E-1.g1)[LM],c2[LM],(a1.F-1.c1)[KL],(A-1.f1)[LM],#a1[LM],(g1.c.e1)[KL],c1[KL],g[KL],e[KL],(g1.c)[KL],(a1.G-1)[KL],(#a1.C-1)[KL],e[KL],(#a1.c.g)[KL],c1[KL],(g1.#A-1.e1)[KL],c1[KL],(c2.A-1.f1)[KL],c1[KL],(d2.f.f1.a1)[KL],(c2.c1)[KL],(#a1.d.f1.a1)[KL],(a1.d1)[KL],(a1.#A-1.f1)[KL],(g1.d1)[KL],(a1.G-1.#a)[MN],g1[KN],(f1.d1)[KL],(g1.c.#a)[KL],(a1.e1)[KL],(f1.F-1.f.a)[KL],a1[LM],f1[LM],#a1[LM],g1[LM],c2[LM],a1[LM],d2[LM],#a1[LM],e2[LM],g1[LM],(f.a.f2)[LM],f1[LM],(c1.f2)[LM],f1[LM],a[LM],f1[LM],(f.c1.#f2)[LM],(f1.g2)[LM],(e.#a.a2)[LM],(g1.g2)[LM],(c.c1.#f2)[LM],(g1.g2)[LM],(f.a.a2)[LM],f1[LM],(F-1.c1.a2)[LM],f1[LM],(f.a)[LM],f1[LM],(F-1.c1.#g2)[LM],(f1.a2)[LM],(f.a.#a2)[LM],(f1.a2)[LM],(#d.c1.g2)[LM],(f1.f2)[LM],(d.#a.#a2)[LM],f1[LM],(f.d1.#a2)[LM],f1[LM],(e.#a)[LM],g1[LM],(g.c1.c3)[LM],(g1.#a2)[LM],(f.a.#g2)[LM],(f1.a2)[LM],(a.c1.#g2)[LM],(f1.a2)[LM],(c.g.#f2)[LM],e1[LM],(c1.g2)[LM],e1[LM],g[LM],e1[LM],(e.c1)[LM],e1[LM],(c.g)[LM],e1[LM],(G-1.c1.c2)[LM],e1[LM],(C-1.g.#a2)[LM],e1[LM],(c.c1.#a2)[LM],e1[LM],(e.g)[LM],e1[LM],(g.c1.a2)[LM],(e1.#a2)[LM],(#A-1.g.c3)[LM],(e1.#a2)[LM],(g.c1.a2)[LM],(e1.g2)[LM],(A-1.a.c3)[LM],f1[LM],(f.c1.f3)[LM],f1[LM],a[LM],f1[LM],(f.c1.e3)[LM],(f1.f3)[LM],(d.a.e3)[LM],(f1.f3)[LM],(a.c1.e3)[LM],(f1.f3)[LM],(#A-1.g.g2)[LM],f1[LM],(g.d1.g2)[LM],f1[LM],(#A-1.g)[LM],(f1.d3)[LM],(g.d1.c3)[LM],(f1.#a2)[LM],(c.g.a2)[LM],(e1.g2)[LM],(#a.f2)[LMN],(e1.e2)[LM],(F-1.c.a.f2)[LMO],f1[LMO],c1[LMN],a[LMO],f[JKMNO],(a1.f1)[JMN],(g1.e1)[LM],(g1.c.e1)[KL],(g1.c1.e1)[KL],c1[KL],(e1.c1)[KL],(a1.c1.f1)[KL],(f1.c1.d1)[KL],(g1.c.e1)[KL],(e1.c1.c2)[KL],c1[KL],(e1.c1.c2)[KL],(a1.c1.f2)[KL],(#f1.c1.#d2)[KL],(g1.c1.e2)[KL],(c2.g1.e2)[KL],g[KL],(b1.e1.c2)[LMO],a1[LM],(g1.g)[LMO],f1[LMO],(e1.d1.f1.b1)[LMO],d1[LM],(d1.c)[KLM],(f1.b1)[J],(c1.e1.c2)[I],c1[KLNO],c1[KLM],c1[KLNO],(d1.b)[KLM],(e1.G-1.c.#a.c1)[KLMO],(f1.F-1.c.a.c1)[KLMO],(g1.E-1.c.g.c1)[J],(a1.D-1.c.f.c1)[I],(#a1.C-1.c.e.c1)[HHJKM],(a1.D-1.d.f.f1)[KLN],(a1.#A-2.#A-1)[MN],g1[KN],(f1.B-2.B-1.d.d1)[KL],(f1.C-1.c)[KL],(f1.a.c1)[KL],(g1.C-1.c)[KL],(e1.#a.c1)[KL],(g1.F-2.F-1)[KL],(#a.e1)[KL],(f1.a)[JM],f1[LM],a1[LM],c2[LM],f2[LM],a2[LM],(c.c1.g2)[LM],c2[LM],(c1.g1.e1.b1)[LM],c2[LM],(c1.b1)[LM],c2[LM],(c1.e1.g1.g2)[LM],c2[LM],(c1.f1.a1.a2)[LM],c2[LM],(c1.#d1.#f1.#f2)[LM],c2[LM],(c.g1.e1.g2)[LM],c2[LM],(c1.g1.b1)[LM],c2[LM],(c1.b1)[LM],c2[LM],(c1.g1.e2)[LM],c2[LM],(c1.a1.f2)[LM],c2[LM],(c1.#f1.#d2)[LM],c2[LM],(c1.g1.e2)[LM],c2[LM],c3[LM],c2[LM],(g.c1.e1.e2)[LM],c2[LM],c3[LM],c2[LM],(G-1.g.d1.f1.f2)[LM],d2[LM],b2[LM],d2[LM],(c.g.c1.e1)[LM],c3[LM],b2[LM],c3[LM],d3[LM],c3[LM],b2[LM],c3[LM],b2[LM],c3[LM],e2[LM],c3[LM],(c1.c2)[LM],c3[LM],(b.d2)[LM],c3[LM],(g.#a1.#a.e2)[LM],c3[LMO],(f.a1.a.f2)[LMN],c3[LMO],(e.g1.g.g2)[K],c3[K],(d.f.f1.a2)[K],c3[JK],(c.e.e1.#a2)[HHJ],(d.d1.f1)[LMO],#g2[LMO],#a2[LMO],a2[LMO],(#A-1.#a.d1.g1)[LM],#f2[LM],a2[LM],g2[LM],(c.c1.f1.a1)[LM],f2[LM],a2[LM],f2[LM],(c.c1.g1.#a1)[LM],e2[LM],g2[LM],e2[LM],(F-1.a1.f1.f2)[LM],f1[LM],a1[LM],c2[LM],f2[LM],a2[LM],c3[LM],#a2[LM],(a.a2)[LM],g2[LM],f2[LM],e2[LM],(d.d1.d2)[LM],(f1.f2)[LM],(a1.a2)[LM],(g1.g2)[LM],(f.f1.f2)[LM],(e1.e2)[LM],(d1.d2)[LM],(c1.c2)[LM],(#A-1.#a.#a1)[LM],(d1.d2)[LM],(f1.f2)[LM],(e1.e2)[LM],(d.d1.d2)[LM],(c1.c2)[LM],(#a.#a1)[LM],(a.a1)[LM],(G-1.g.g1)[LM],(#a.#a1)[LM],(d1.d2)[LM],(c1.c2)[LM],(#A-1.#a.#a1)[LM],(a.a1)[LM],(g.g1)[LM],(f.f1)[LM],(E-1.e.e1)[LM],(g.g1)[LM],(#a.#a1)[LM],(a.a1)[LM],(c1.#a.#a1)[LM],(a.a1)[LM],(g.g1)[LM],(f.f1)[LM],(e.e1)[LM],(d.d1)[LM],(d1.c.c1)[LM],(e1.#A-1.#a)[LM],(f1.A-1)[LM],a[LM],c1[LM],f1[LM],(d1.#A-1)[LM],#a[LM],(#a.d1)[LM],g1[LM],(g.c)[LM],g[LM],(c1.#a)[LM],e1[LM],(f.F-1)[LM],f1[LM],a1[LM],c2[LM],f2[LM],a2[LM],(c2.c3)[LM],(#a1.#a2)[LM],(a.a1.a2)[LM],(g1.g2)[LM],(f1.f2)[LM],(e1.e2)[LM],(d.d1.d2)[LM],(f1.f2)[LM],(a1.a2)[LM],(g1.g2)[LM],(f.f1.f2)[LM],(e1.e2)[LM],(d1.d2)[LM],(c1.c2)[LM],(#A-1.#a.#a1)[LM],(d1.d2)[LM],(f1.f2)[LM],(e1.e2)[LM],(d.d1.d2)[LM],(c1.c2)[LM],(#a.#a1)[LM],(a.a1)[LM],(G-1.g.g1)[LM],(#a.#a1)[LM],(d1.d2)[LM],(c1.c2)[LM],(#A-1.#a.#a1)[LM],(a.a1)[LM],(g.g1)[LM],(f.f1)[LM],(E-1.e.e1)[LM],(g.g1)[LM],(#a.#a1)[LM],(a.a1)[LM],(G-1.g.g1)[LM],(f.f1)[LM],(e.e1)[LM],(d.d1)[LM],(#C-1.#c)[LM],#c1[LM],e1[LM],a1[LM],(D-1.d)[LM],d1[LM],f1[LM],#a1[LM],#d[LM],#d1[LM],#f1[LM],b1[LM],e[LM],e1[LM],g1[LM],c2[LM],f[LM],f1[LM],a1[LM],d2[LM],#f[LM],#f1[LM],a1[LM],#d2[LM],g[LM],g1[LM],b1[LM],e2[LM],#g[LM],#g1[LM],b1[LM],f2[LM],a[LM],a1[LM],c2[LM],#f2[LM],#a[LM],#a1[LM],#c2[LM],#f2[LM],b[LM],b1[LM],d2[LM],g2[LM],#c1[LM],a1[LM],e2[LM],g2[LM],d1[LM],a1[LM],d2[LM],#f2[LM],g[LM],g1[LM],b1[LM],e2[LM],a[LM],#f1[LM],a1[LM],d2[LMO],A-1[LMO],e1[LM],g1[LMN],#c2[LMN],(d1.D-1.d)[KL],a[KL],(d1.#f)[KL],a[KL],(e1.g.#c1)[KL],a[KL],(#f1.D-1.d)[KL],a[KL],(#f.d1)[KL],(e1.a)[KL],(d1.#f)[KL],a[KL],(g1.#c)[KL],a[KL],(g1.A-1.#c1)[KL],a[LM],a1[LM],(#f1.d.d1)[KL],a[LM],g1[LM],(e1.A-1.#c1)[KL],a[KL],e[KL],#c[KL],(e1.A-1)[KL],(#f1.A-1)[KL],(g1.A-2)[KL],a[KL],(g1.A-1.#c1.e)[KL],a[KL],(e1.G-1.#c1.e)[KL],a[KL],(a1.#F-1)[KL],a[KL],(b1.d.d1.#f)[KL],(a1.a)[KL],(g1.B-1.d1.#f)[KL],(#f1.b)[KL],(#f1.G-1)[KL],(e1.b)[KL],(#f1.#G-1.e.d1)[MN],e1[KN],(d1.b)[KL],(e1.A-1.e.#c1)[KL],(#f1.g)[KL],(d1.D-1.d.#f)[KL],(#f2.a2)[KL],(#f2.a2)[KL],(#f2.a2)[KL],d1[KL],(f2.a2)[KL],b[KL],(f2.#g2)[KL],c1[KL],(f2.g2)[KL],c[KL],(e2.g2)[KL],(c1.F-1.e2.e1)[LM],c[LM],(c1.A-1.f2.f1)[LM],c[LM],(F-1.e2.e1)[LM],c[LM],(c1.A-1.f2.f1)[LM],c[LM],(E-1.#f2.#f1)[LM],c[LM],(c1.#A-1.g2.g1)[LM],c[LM],(F-1.#g2.#g1)[LM],c[LM],(c1.A-1.a2.a1)[LM],c[LM],(F-1.#a2.#a1)[LM],c[LM],(c1.A-1.a2.a1)[LM],c[LM],(F-1.g2.g1)[LM],c[LM],(c1.A-1.#f2.#f1)[LM],c[LM],(E-1.a2.a1)[LM],c[LM],(c1.G-1.#a2.#a1)[LM],c[LM],(E-1.c3.c2)[LM],c[LM],(c1.G-1.#a2.#a1)[LM],c[LM],(F-1.#g2.#g1)[LM],c[LM],(c1.A-1.a2.a1)[LM],c[LM],(C-1.#f2.#f1)[LM],c[LM],(c1.E-1.g2.g1)[LM],c[LM],(G-1.a2.a1)[LM],c[LM],(c1.E-1.g2.g1)[LM],c[LM],(G-1.e2.e1)[LM],c[LM],(c1.E-1.c2)[LM],c[LM],(C-1.a2.a1)[LM],E-1[LM],(c1.G-1.#a2.#a1)[LM],c[LM],(e.a2.a1)[LM],g[LM],(c1.e.#a2.#a1)[LM],g[LM],(#A-1.#f2.#f1)[LM],g[LM],(c1.e.g2.g1)[LM],g[LM],(A-1.b2.b1)[LM],a[LM],(f1.f.c3.c2)[LM],a[LM],(f.e3.e2)[LM],a[LM],(f1.f.f3.f2)[LM],a[LM],(d.e3.e2)[LM],a[LM],(f1.f.f3.f2)[LM],a[LM],(#A-1.#f2.#f1)[LM],g[LM],(d1.f.g2.g1)[LM],g[LM],(#A-1.c3.c2)[LM],g[LM],(d1.f.#a2.#a1)[LM],g[LM],(e1.c.a2.a1)[LM],#a[LM],(e1.e.g2.g1)[LM],#a[LM],(f1.f.#g2.#g1)[LM],c1[LM],(c1.a.a2.a1)[LM],f[LM],(c.e2.e1)[LM],f[LM],(c1.c.f2.f1)[LM],A-1[LM],F-1[LM],c[LM],(c1.A-1.f2.f1)[LM],F-1[LM],(C-1.a2.a1)[LM],E-1[LM],(c1.G-1.#a2.#a1)[LM],c[LM],(e.a2.a1)[LM],g[LM],(c1.e.#a2.#a1)[LM],g[LM],(#A-1.#f2.#f1)[LM],g[LM],(c1.e.g2.g1)[LM],g[LM],(A-1.b2.b1)[LM],a[LM],(f1.f.c3.c2)[LM],a[LM],(A-1.f3.f2)[LM],a[LM],(f1.f.e3.e2)[LM],a[LM],(d.d3.d2)[LM],a[LM],(f1.f.c3.c2)[LM],a[LM],(#A-1.c3.c2)[LM],g[LM],(d1.f.#a2.#a1)[LM],g[LM],(e1.c.#a2.#a1)[LM],g[LM],(f1.f.a2.a1)[LMO],a[LM],(c1.c.a2.a1)[LMO],#a[LMO],(#a.e.g2.g1)[LMO],#a[LM],(a.f.c2)[LMO],f2[LMO],#a2[LM],a2[LM],c2[LM],f2[LM],#a2[LM],a2[LM],(f1.#d2)[LM],a2[LM],d3[LM],c3[LM],(f1.d2)[LM],f2[LM],c3[LM],#a2[LM],d2[LM],f2[LM],c3[LM],#a2[LM],(f1.#a1)[LM],e2[LM],a2[LM],g2[LM],(f1.a1)[LM],c2[LM],g2[LM],f2[LM],a1[LM],c2[LM],f2[LM],#d2[LM],(f.F-1.#d1)[LM],a1[LM],d2[LM],c2[LM],(F-1.d1)[LM],f1[LM],c2[LM],#a1[LM],d1[LM],f1[LM],c2[LM],#a1[LM],(#a.F-1.f)[LM],e1[LM],a1[LM],g1[LM],(a.f.F-1.f1)[KL],c3[LM],#a2[LM],a2[LM],g2[LM],f2[LM],e2[LM],d2[LM],c2[LM],#a1[LM],a1[LM],g1[LM],f1[LM],e1[LM],d1[LM],c1[JK],(c.c1.g2.#a2.c3.e3)[JKNO],(f.f1.a2.c3.f3)[KLN],c1[LMO],#a[LM],a[LMO],g[LMO],f[LMO],e[LMO],d[LM],c[LMO],#A-1[LMO],A-1[LMO],G-1[LMO],F-1[LMO],E-1[LMO],D-1[LMN],C-1[JKMO],(c.c1.g1.#a2.e2)[JKMO],(f.f1.a1.f2.a2)[KLN],(c2.c3)[LMO],(#a1.#a2)[LMO],(a1.a2)[LMN],(g1.g2)[LMO],(f1.f2)[LMO],(e1.e2)[LMN],(d1.d2)[LMO],(c1.c2)[LMO],(#a.#a1)[LMO],(a.a1)[LMO],(g.g1)[LMN],(f.f1)[LMN],(e.e1)[LMNO],(d.d1)[LMNO],(c.c1)[I],(c1.c.g.e1.#a1)[I],(c1.c.g.e1.#a1)[H],(f.a.f1.a1)[I],(c.g.#a.e1)[IJ],b[J],(c1.F-1.f.a.f1)[JN],b[JMNO],(c1.F-2.F-1.a.f1)[JMN],a[JMNO],(f.F-2.F-1.f1.a)[JMN],c[JLNO],(A-1.F-2.F-1.a.f1)[JK],c[IJ],(F-1.F-2.a.f1)[HI],ST;"],"id":3,"instruments":["piano","piano"],"alternatives":["",""]}],"audition":{"start":[0,0],"end":[2,1210]}}