{"baseBpm":120,"musics":[{"id":1,"baseBeats":0.25,"scores":["(A-1.e2)[M],e1[M],(a.c1.a1)[M],e2[M],(c.e2)[M],e1[M],(a.c1.a1)[M],e2[M];(B-1.e2)[M],e1[M],(#g.d1.b1)[M],c2[M],(E-1.d2)[M],c2[M],(#g.d1.b1)[M],e1[M];(A-1.e2)[M],e1[M],(a.c1.a1)[M],e2[M],(c.e2)[M],e1[M],(a.c1.a1)[M],e2[M];(B-1.e2)[M],e1[M],(#g.d1.b1)[M],c2[M],(E-1.d2)[M],c2[M],(#g.d1.b1)[M],e1[M];(A-1.e2)[M],e1[M],(a.c1.a1)[M],e2[M],(d.f2)[M],f1[M],(a.d1.a1)[M],f2[M];(G-1.g2)[M],g1[M],(g.b.b1)[M],g2[M],(c.e2)[M],e1[M],(g.c1.g1)[M],e2[M];(d.d2)[M],d1[M],(b.f1)[M],d2[M],(#d.c2)[M],c1[M],(a.#f1)[M],c2[M];b1[M],b[M],e1[M],#g1[M],b1[M],e1[M],#g1[M],b1[M];(A-1.e2)[M],e1[M],(a.c1.a1)[M],e2[M],(c.e2)[M],e1[M],(a.c1.a1)[M],e2[M];(B-1.e2)[M],e1[M],(#g.d1.b1)[M],c2[M],(E-1.d2)[M],c2[M],(#g.d1.b1)[M],e1[M];(A-1.e2)[M],e1[M],(a.c1.a1)[M],e2[M],(c.e2)[M],e1[M],(a.c1.a1)[M],e2[M];(B-1.e2)[M],e1[M],(#g.d1.b1)[M],c2[M],(E-1.d2)[M],c2[M],(#g.d1.b1)[M],e1[M];(A-1.e2)[M],e1[M],(a.c1.a1)[M],e2[M],(d.f2)[M],f1[M],(a.d1.a1)[M],f2[M];(G-1.g2)[M],g1[M],(g.b.b1)[M],g2[M],(c.e2)[M],e1[M],(g.c1.g1)[M],e2[M];(d.d2)[M],d1[M],(b.f1)[M],d2[M],(#d.c2)[M],c1[M],(a.#f1)[M],c2[M];(e.b1)[M],d1[M],(#g.e1)[M],#g1[M],(A-1.e.c1.a1)[L],U;(d.c3)[M],c2[M],(d1.f1.f2)[M],c3[M],(g.b2)[M],b1[M],(d1.f1.f2)[M],b2[M];(c.b2)[M],b1[M],(c1.e1.e2)[M],b2[M],(f.a2)[M],a1[M],(c1.e1.e2)[M],a2[M];(B-1.a2)[M],a1[M],(b.d1.d2)[M],a2[M],(e.#g2)[M],#g1[M],(b.d1.d2)[M],#g2[M];(A-1.a2)[M],a1[M],(a.c1.c2)[M],e2[M],(c.a2)[M],c2[M],(c1.e1.e2)[M],a2[M];(d.c3)[M],c2[M],(d1.f1.f2)[M],c3[M],(g.b2)[M],b1[M],(d1.f1.f2)[M],b2[M];(e.d3)[M],d2[M],(e1.g1.g2)[M],d3[M],(a.#c3)[M],#c2[M],(e1.g1.g2)[M],#c3[M];(f.e3)[M],e2[M],(f1.a1.a2)[M],e3[M],(b.#d3)[M],#d2[M],(f1.a1.a2)[M],#d3[M];e3[M],e2[M],b2[M],e3[M],e3[M],e2[M],b2[M],e3[M];","QRS,(e.#g)[HHHH],(e1.#g1)[J],"]},{"id":2,"baseBeats":0.25,"scores":["e3[M],e2[M],a2[M],e3[M],#d3[M],#d2[M],(b1.a2)[M],(a1.#d3)[M];e3[M],e2[M],b2[M],e3[M],e3[M],e2[M],b2[M],e3[M];e3[M],e2[M],a2[M],e3[M],d3[M],d2[M],(b1.a2)[M],(a1.d3)[M];e3[M],e2[M],b2[M],e3[M],e2[L],U;(d.f2)[M],f1[M],(#g.b.#g1)[M],f2[M],(c.e2)[M],e1[M],(e.a.a1)[M],e2[M];(B-1.#g2)[M],#g1[M],(e.d1.d2)[M],#g2[M],(A-1.a2)[M],a1[M],(e.c1.c2)[M],a2[M];(E-1.e2)[M],e1[M],(a.c1.a1)[M],e2[M],(e.e2)[M],e1[M],(#g.d1.a1)[M],e2[M];A-1[L],(e.a.c1)[K],(e.a.c1)[L];(d.f2)[M],f1[M],(#g.b.#g1)[M],f2[M],(c.e2)[M],e1[M],(e.a.a1)[M],e2[M];(B-1.#g2)[M],#g1[M],(e.d1.d2)[M],#g2[M],(A-1.a2)[M],a1[M],(e.c1.c2)[M],a2[M];(G-1.b2)[M],b1[M],(e.b.e2)[M],b2[M],(F-1.a2)[M],a1[M],(f.a.#d2)[M],a2[M];(E-1.g2)[M],g1[M],(e.g.c2)[M],g2[M],(D-1.f2)[M],f1[M],(f.b.#g1)[M],f2[M];C-1[L],(e.a.c1)[K],(e.a.c1)[L];e2[M],e1[M],b1[M],c2[M],d2[M],c2[M],b1[M],e1[M];e2[M],e1[M],a1[M],e2[M],e2[M],e1[M],a1[M],e2[M];(B-1.e2)[M],e1[M],(#g.d1.b1)[M],c2[M],(E-1.d2)[M],c2[M],(#g.d1.b1)[M],e1[M];(A-1.e2)[M],e1[M],(a.c1.a1)[M],e2[M],(d.f2)[M],f1[M],(a.d1.a1)[M],f2[M];(G-1.g2)[M],g1[M],(g.b.b1)[M],g2[M],(c.e2)[M],e1[M],(g.c1.g1)[M],e2[M];(d.d2)[M],d1[M],(b.f1)[M],d2[M],(#d.c2)[M],c1[M],(a.#f1)[M],c2[M];b1[M],b[M],e1[M],#g1[M],b1[M],e1[M],#g1[M],b1[M];(A-1.e2)[M],e1[M],(a.c1.a1)[M],e2[M],(c.e2)[M],e1[M],(a.c1.a1)[M],e2[M];(B-1.e2)[M],e1[M],(#g.d1.b1)[M],c2[M],(E-1.d2)[M],c2[M],(#g.d1.b1)[M],e1[M];(A-1.e2)[M],e1[M],(a.c1.a1)[M],e2[M],(c.e2)[M],e1[M],(a.c1.a1)[M],e2[M];(B-1.e2)[M],e1[M],(#g.d1.b1)[M],c2[M],(E-1.d2)[M],c2[M],(#g.d1.b1)[M],e1[M];","(f1.a1)[J],(e1.#g1)[J],(f1.a1)[J],(e1.#g1)[H],e2[M],e1[M],b1[M],c2[M],d2[M],c2[M],b1[M],e1[HM],e2[M],e1[M],a1[M],e2[M],e2[M],e1[M],a1[M],e2[M],B-1[L],(#g.d1)[L],E-1[L],(#g.d1)[L],A-1[L],(a.c1)[L],c[L],(a.c1)[HL],(e.#g)[HJ],"]},{"id":3,"baseBeats":0.25,"scores":["(A-1.e2)[M],e1[M],(a.c1.a1)[M],e2[M],(d.f2)[M],f1[M],(a.d1.a1)[M],f2[M];(G-1.g2)[M],g1[M],(g.b.b1)[M],g2[M],(c.e2)[M],e1[M],(g.c1.g1)[M],e2[M];(d.d2)[M],d1[M],(b.f1)[M],d2[M],(#d.c2)[M],c1[M],(a.#f1)[M],c2[M];(e.b1)[M],d1[M],(#g.e1)[M],#g1[M],(A-1.e.c1.a1)[L],U;(d.c3)[M],c2[M],(d1.f1.f2)[M],c3[M],(g.b2)[M],b1[M],(d1.f1.f2)[M],b2[M];(c.b2)[M],b1[M],(c1.e1.e2)[M],b2[M],(f.a2)[M],a1[M],(c1.e1.e2)[M],a2[M];(B-1.a2)[M],a1[M],(b.d1.d2)[M],a2[M],(e.#g2)[M],#g1[M],(b.d1.d2)[M],#g2[M];(A-1.a2)[M],a1[M],(a.c1.c2)[M],e2[M],(c.a2)[M],c2[M],(c1.e1.e2)[M],a2[M];(d.c3)[M],c2[M],(d1.f1.f2)[M],c3[M],(g.b2)[M],b1[M],(d1.f1.f2)[M],b2[M];(e.d3)[M],d2[M],(e1.g1.g2)[M],d3[M],(a.#c3)[M],#c2[M],(e1.g1.g2)[M],#c3[M];(f.e3)[M],e2[M],(f1.a1.a2)[M],e3[M],(b.#d3)[M],#d2[M],(f1.a1.a2)[M],#d3[M];e3[M],e2[M],b2[M],e3[M],e3[M],e2[M],b2[M],e3[M];e3[M],e2[M],a2[M],e3[M],#d3[M],#d2[M],(b1.a2)[M],(a1.#d3)[M];e3[M],e2[M],b2[M],e3[M],e3[M],e2[M],b2[M],e3[M];e3[M],e2[M],a2[M],e3[M],d3[M],d2[M],(b1.a2)[M],(a1.d3)[M];e3[M],e2[M],b2[M],e3[M],e2[L],U;(d.f2)[M],f1[M],(#g.b.#g1)[M],f2[M],(c.e2)[M],e1[M],(e.a.a1)[M],e2[M];(B-1.#g2)[M],#g1[M],(e.d1.d2)[M],#g2[M],(A-1.a2)[M],a1[M],(e.c1.c2)[M],a2[M];(E-1.e2)[M],e1[M],(a.c1.a1)[M],e2[M],(e.e2)[M],e1[M],(#g.d1.a1)[M],e2[M];A-1[L],(e.a.c1)[K],(e.a.c1)[L];(d.f2)[M],f1[M],(#g.b.#g1)[M],f2[M],(c.e2)[M],e1[M],(e.a.a1)[M],e2[M];(B-1.#g2)[M],#g1[M],(e.d1.d2)[M],#g2[M],(A-1.a2)[M],a1[M],(e.c1.c2)[M],a2[M];E-1[L],(a.c1)[L],e[L],(#g.d1)[L];(A-2.a1)[J];","QQRS,(e1.#g1)[J],(f1.a1)[J],(e1.#g1)[J],(f1.a1)[J],(e1.#g1)[H],e2[M],e1[M],b1[M],c2[M],d2[M],c2[M],b1[M],e1[IM],e2[M],e1[M],a1[M],e2[M],e2[M],e1[M],b1[M],e2[LM],(e.a.c1)[L],(a.c1.e1)[K],"]}],"audition":{"start":[0,0],"end":[0,125]}}