{"baseBpm":19960903,"musics":[{"id":1,"baseBeats":0.25,"scores":["T,(E-2.E-1)[L],(e.g)[M],V,(g.b)[L],(b.e1)[L],E-1[L],(e.g)[L],(g.b)[L],(b.e1)[L],(E-2.E-1)[L],(e.g)[L],(g.b)[L],(b.e1)[M],V,E-1[L],(e.g)[M],V,(g.b)[L],(b.e1)[L],(E-2.E-1)[L],(e.g)[M],V,(g.b)[L],(b.e1)[L],E-1[L],(e.g)[L],(g.b)[L],(b.e1)[L],(E-2.E-1)[L],(e.g)[L],(g.b)[L],(b.e1)[M],V,E-1[L],(e.g)[L],(g.b)[L],(b.e1)[L],(E-2.E-1)[L],(e.g)[M],V,(g.b)[L],(b.e1)[M],V,E-1[L],(e.g)[L],(g.b)[L],(b.e1)[L],(E-2.E-1)[L],(e.g)[L],(g.b)[L],(b.e1)[M],V,E-1[L],(e.g)[M],V,(g.b)[L],(b.e1)[L],(D-1.d)[L],D-1[L],(D-2.D-1)[K],(D-1.d)[L],D-1[L],(D-2.D-1)[K],(D-1.d)[L],D-1[L],(D-2.D-1)[K],(d2.d3)[LM],(e2.e3)[M],(g2.g3)[K],5<c1[N],e1[N]>,5<g1[N],c2[N]>,5<e1[N],g1[N]>,5<c2[N],e2[N]>,5<g1[N],c2[N]>,5<e2[N],g2[N]>,5<c2[N],e2[N]>,5<g2[N],c3[N]>,5<(e2.e3)[N],g2[N]>,5<c3[N],e3[N]>,5<(g2.g3)[N],c3[N]>,5<e3[N],g3[N]>,5<(c3.c4)[N],e3[N]>,5<g3[N],c4[N]>,5<(e3.e4)[N],g3[N]>,5<c4[N],e4[N]>,5<e4[N],c4[N]>,5<g3[N],e3[N]>,5<c4[N],g3[N]>,5<e3[N],c3[N]>,5<g3[N],e3[N]>,5<c3[N],g2[N]>,5<e3[N],c3[N]>,5<g2[N],e2[N]>,5<(c3.c2)[N],g2[N]>,5<e2[N],c2[N]>,5<(g2.g1)[N],e2[N]>,5<c2[N],g1[N]>,5<(e2.e1)[N],c2[N]>,5<g1[N],e1[N]>,5<(c2.c1)[N],g1[N]>,5<e1[N],c1[N]>,5<b[N],#d1[N]>,5<#f1[N],b1[N]>,5<#d1[N],#f1[N]>,5<b1[N],#d2[N]>,5<#f1[N],b1[N]>,5<#d2[N],#f2[N]>,5<b1[N],#d2[N]>,5<#f2[N],b2[N]>,5<(#d2.#d3)[N],#f2[N]>,5<b2[N],#d3[N]>,5<(#f2.#f3)[N],b2[N]>,5<#d3[N],#f3[N]>,5<(b2.b3)[N],#d3[N]>,5<#f3[N],b3[N]>,5<(#d3.#d4)[N],#f3[N]>,5<b3[N],#d4[N]>,5<#d4[N],b3[N]>,5<#f3[N],#d3[N]>,5<b3[N],#f3[N]>,5<#d3[N],b2[N]>,5<#f3[N],#d3[N]>,5<b2[N],#f2[N]>,5<#d3[N],b2[N]>,5<#f2[N],#d2[N]>,5<(b2.b1)[N],#f2[N]>,5<#d2[N],b1[N]>,5<(#f2.#f1)[N],#d2[N]>,5<b1[N],#f1[N]>,5<(#d2.#d1)[N],b1[N]>,5<#f1[N],#d1[N]>,5<(b1.b)[N],#f1[N]>,5<#d1[N],b[N]>,5<e1[N],g1[N]>,5<b1[N],e2[N]>,5<g1[N],b1[N]>,5<e2[N],g2[N]>,5<b1[N],e2[N]>,5<g2[N],b2[N]>,5<e2[N],g2[N]>,5<b2[N],e3[N]>,5<(g2.g3)[N],b2[N]>,5<e3[N],g3[N]>,5<(b2.b3)[N],e3[N]>,5<g3[N],b3[N]>,5<(e3.e4)[N],g3[N]>,5<b3[N],e4[N]>,5<(g3.g4)[N],b3[N]>,5<e4[N],g4[N]>,5<g4[N],e4[N]>,5<b3[N],g3[N]>,5<e4[N],b3[N]>,5<g3[N],e3[N]>,5<b3[N],g3[N]>,5<e3[N],b2[N]>,5<g3[N],e3[N]>,5<b2[N],g2[N]>,5<(e3.e2)[N],b2[N]>,5<g2[N],e2[N]>,5<(b2.b1)[N],g2[N]>,5<e2[N],b1[N]>,5<(g2.g1)[N],e2[N]>,5<b1[N],g1[N]>,5<(e2.e1)[N],b1[N]>,5<g1[N],e1[N]>,5<a[N],#c1[N]>,5<e1[N],a1[N]>,5<#c1[N],e1[N]>,5<a1[N],#c2[N]>,5<e1[N],a1[N]>,5<#c2[N],e2[N]>,5<a1[N],#c2[N]>,5<e2[N],a2[N]>,5<(#c2.#c3)[N],e2[N]>,5<a2[N],#c3[N]>,5<(e2.e3)[N],a2[N]>,5<#c3[N],e3[N]>,5<(a2.a3)[N],#c3[N]>,5<e3[N],a3[N]>,5<(#c3.#c4)[N],e3[N]>,5<a3[N],#c4[N]>,5<#c4[N],a3[N]>,5<e3[N],#c3[N]>,5<a3[N],e3[N]>,5<#c3[N],a2[N]>,5<e3[N],#c3[N]>,5<a2[N],e2[N]>,5<#c3[N],a2[N]>,5<e2[N],#c2[N]>,5<(a2.a1)[N],e2[N]>,5<#c2[N],a1[N]>,5<(e2.e1)[N],#c2[N]>,5<a1[N],e1[N]>,5<(#c2.#c1)[N],a1[N]>,5<e1[N],#c1[N]>,5<(a1.a)[N],e1[N]>,5<#c1[N],a[N]>,5<c1[N],e1[N]>,5<g1[N],c2[N]>,5<e1[N],g1[N]>,5<c2[N],e2[N]>,5<g1[N],c2[N]>,5<e2[N],g2[N]>,5<c2[N],e2[N]>,5<g2[N],c3[N]>,5<(e2.e3)[N],g2[N]>,5<c3[N],e3[N]>,5<(g2.g3)[N],c3[N]>,5<e3[N],g3[N]>,5<(c3.c4)[N],e3[N]>,5<g3[N],c4[N]>,5<(e3.e4)[N],g3[N]>,5<c4[N],e4[N]>,5<e4[N],c4[N]>,5<g3[N],e3[N]>,5<c4[N],g3[N]>,5<e3[N],c3[N]>,5<g3[N],e3[N]>,5<c3[N],g2[N]>,5<e3[N],c3[N]>,5<g2[N],e2[N]>,5<(c3.c2)[N],g2[N]>,5<e2[N],c2[N]>,5<(g2.g1)[N],e2[N]>,5<c2[N],g1[N]>,5<(e2.e1)[N],c2[N]>,5<g1[N],e1[N]>,5<(c2.c1)[N],g1[N]>,5<e1[N],c1[N]>,5<b[N],#d1[N]>,5<#f1[N],b1[N]>,5<#d1[N],#f1[N]>,5<b1[N],#d2[N]>,5<#f1[N],b1[N]>,5<#d2[N],#f2[N]>,5<b1[N],#d2[N]>,5<#f2[N],b2[N]>,5<(#d2.#d3)[N],#f2[N]>,5<b2[N],#d3[N]>,5<(#f2.#f3)[N],b2[N]>,5<#d3[N],#f3[N]>,5<(b2.b3)[N],#d3[N]>,5<#f3[N],b3[N]>,5<(#d3.#d4)[N],#f3[N]>,5<b3[N],#d4[N]>,5<#d4[N],b3[N]>,5<#f3[N],#d3[N]>,5<b3[N],#f3[N]>,5<#d3[N],b2[N]>,5<#f3[N],#d3[N]>,5<b2[N],#f2[N]>,5<#d3[N],b2[N]>,5<#f2[N],#d2[N]>,5<(b2.b1)[N],#f2[N]>,5<#d2[N],b1[N]>,5<(#f2.#f1)[N],#d2[N]>,5<b1[N],#f1[N]>,5<(#d2.#d1)[N],b1[N]>,5<#f1[N],#d1[N]>,5<(b1.b)[N],#f1[N]>,5<#d1[N],b[N]>,5<e1[N],g1[N]>,5<b1[N],e2[N]>,5<g1[N],b1[N]>,5<e2[N],g2[N]>,5<b1[N],e2[N]>,5<g2[N],b2[N]>,5<e2[N],g2[N]>,5<b2[N],e3[N]>,5<(g2.g3)[N],b2[N]>,5<e3[N],g3[N]>,5<(b2.b3)[N],e3[N]>,5<g3[N],b3[N]>,5<(e3.e4)[N],g3[N]>,5<b3[N],e4[N]>,5<(g3.g4)[N],b3[N]>,5<e4[N],g4[N]>,5<g4[N],e4[N]>,5<b3[N],g3[N]>,5<e4[N],b3[N]>,5<g3[N],e3[N]>,5<b3[N],g3[N]>,5<e3[N],b2[N]>,5<g3[N],e3[N]>,5<b2[N],g2[N]>,5<(e3.e2)[N],b2[N]>,5<g2[N],e2[N]>,5<(b2.b1)[N],g2[N]>,5<e2[N],b1[N]>,5<(g2.g1)[N],e2[N]>,5<b1[N],g1[N]>,5<(e2.e1)[N],b1[N]>,5<g1[N],e1[N]>,5<d1[N],#f1[N]>,5<a1[N],d2[N]>,5<#f1[N],a1[N]>,5<d2[N],#f2[N]>,5<a1[N],d2[N]>,5<#f2[N],a2[N]>,5<d2[N],#f2[N]>,5<a2[N],d3[N]>,5<(#f2.#f3)[N],a2[N]>,5<d3[N],#f3[N]>,5<(a2.a3)[N],d3[N]>,5<#f3[N],a3[N]>,5<(d3.d4)[N],#f3[N]>,5<a3[N],d4[N]>,5<(#f3.#f4)[N],a3[N]>,5<d4[N],#f4[N]>,5<#f4[N],#d4[N]>,5<b3[N],#f3[N]>,5<#d4[N],b3[N]>,5<#f3[N],#d3[N]>,5<b3[N],#f3[N]>,5<#d3[N],b2[N]>,5<#f3[N],#d3[N]>,5<b2[N],#f2[N]>,5<(#d3.#d2)[N],b2[N]>,5<#f2[N],#d2[N]>,5<(b2.b1)[N],#f2[N]>,5<#d2[N],b1[N]>,5<(#f2.#f1)[N],#d2[N]>,5<b1[N],#f1[N]>,5<(#d2.#d1)[N],b1[N]>,5<#f1[N],#d1[N]>,(e.e1)[LM],(g.g1)[M],(a.a1)[K],(b.b1)[K],(a.a1)[K],(g.g1)[K],(e.e1)[K],(d.d1)[LM],(e.e1)[M],(g.g1)[K],(e.e1)[LM],(g.g1)[M],(a.a1)[K],(b.b1)[K],(a.a1)[K],(g.g1)[K],(e.e1)[K],(d.d1)[LM],(e.e1)[M],(g.g1)[K],(e.e1)[LM],(g.g1)[M],(a.a1)[K],(b.b1)[K],(a.a1)[K],(g.g1)[K],(e.e1)[K],(d.d1)[LM],(e.e1)[M],(g.g1)[K],(d.d1)[MN],(e.e1)[MN],(g.g1)[M],(a.a1)[K],(b.b1)[K],(a.a1)[K],(g.g1)[K],(e.e1)[K],(d.d1)[J],G-1[L],d[L],b[L],d[L],G-1[L],d[L],b[L],d[L],G-1[L],d[L],b[L],d[L],G-1[L],d[L],b[L],d[L],E-1[L],B-1[L],g[L],B-1[L],E-1[L],B-1[L],g[L],B-1[L],D-1[L],B-1[L],g[L],B-1[L],D-1[L],B-1[L],g[L],B-1[L],C-1[L],G-1[L],e[L],G-1[L],C-1[L],G-1[L],e[L],G-1[L],C-1[L],G-1[L],e[L],G-1[L],C-1[L],G-1[L],e[L],G-1[L],D-1[L],A-1[L],#f[L],A-1[L],D-1[L],A-1[L],#f[L],A-1[L],D-1[L],A-1[L],#f[L],A-1[L],D-1[L],A-1[L],#f[L],A-1[L],G-1[L],d[L],b[L],d[L],G-1[L],d[L],b[L],d[L],G-1[L],d[L],b[L],d[L],G-1[L],d[L],b[L],d[L],E-1[L],B-1[L],g[L],B-1[L],E-1[L],B-1[L],g[L],B-1[L],D-1[L],B-1[L],g[L],B-1[L],D-1[L],B-1[L],g[L],B-1[L],C-1[L],G-1[L],e[L],G-1[L],C-1[L],G-1[L],e[L],G-1[L],C-1[L],G-1[L],e[L],G-1[L],C-1[L],G-1[L],e[L],G-1[L],D-1[L],A-1[L],#f[L],A-1[L],D-1[L],A-1[L],#f[L],A-1[L],D-1[L],A-1[L],#f[L],A-1[L],D-1[L],#d1[L],f1[K],#G-2[M],#G-1[M],#G-2[M],#G-1[M],#G-2[M],#G-1[M],#G-2[M],#G-1[M],#G-2[M],#G-1[M],#G-2[M],#G-1[M],#G-2[M],#G-1[M],#G-2[M],#G-1[M],#G-2[M],#G-1[M],#G-2[M],#G-1[M],#G-2[M],#G-1[M],#G-2[M],#G-1[M],#G-2[M],#G-1[M],#G-2[M],#G-1[M],#G-2[M],#G-1[M],#G-2[M],#G-1[M],#G-2[M],#G-1[M],#G-2[M],#G-1[M],#G-2[M],#G-1[M],#G-2[M],#G-1[M],#G-2[M],#G-1[M],#G-2[M],#G-1[M],#G-2[M],#G-1[M],#G-2[M],#G-1[M],#G-2[M],#G-1[M],#G-2[M],#G-1[M],#G-2[M],#G-1[M],#G-2[M],#G-1[M],#G-2[M],#G-1[M],#G-2[M],#G-1[M],#G-2[M],#G-1[M],#G-2[M],#G-1[M],#D-2[M],#D-1[M],#D-2[M],#D-1[M],#D-2[M],#D-1[M],#D-2[M],#D-1[M],#D-2[M],#D-1[M],#D-2[M],#D-1[M],#D-2[M],#D-1[M],#D-2[M],#D-1[M],#D-2[M],#D-1[M],#D-2[M],#D-1[M],#D-2[M],#D-1[M],#D-2[M],#D-1[M],#D-2[M],#D-1[M],#D-2[M],#D-1[M],#D-2[M],#D-1[M],#D-2[M],#D-1[M],C-2[M],C-1[M],C-2[M],C-1[M],C-2[M],C-1[M],C-2[M],C-1[M],C-2[M],C-1[M],C-2[M],C-1[M],C-2[M],C-1[M],C-2[M],C-1[M],C-2[M],C-1[M],C-2[M],C-1[M],C-2[M],C-1[M],C-2[M],C-1[M],C-2[M],C-1[M],C-2[M],C-1[M],C-2[M],C-1[M],C-2[M],C-1[M],#G-2[L],#D-1[L],#G-1[L],#G-2[L],#g[L],#G-1[L],c[L],#D-1[L],#G-2[L],#D-1[L],#G-1[L],#G-2[L],#g[L],#G-1[L],c[L],#D-1[L],#A-2[L],F-1[L],#A-1[L],#A-2[L],#a[L],#A-1[L],d[L],F-1[L],#A-2[L],F-1[L],#A-1[L],#A-2[L],#a[L],#A-1[L],d[L],F-1[L],C-1[L],G-1[L],c[L],C-1[L],c1[L],c[L],e[L],G-1[L],C-1[L],G-1[L],c[L],C-1[L],c1[L],c[L],e[L],G-1[L],D-1[L],A-1[L],d[L],D-1[L],d1[L],d[L],#f[L],A-1[L],D-1[L],A-1[L],d[L],D-1[L],(D-1.d)[K],(D-2.D-1)[K],5<c1[N],e1[N]>,5<g1[N],c2[N]>,5<e1[N],g1[N]>,5<c2[N],e2[N]>,5<g1[N],c2[N]>,5<e2[N],g2[N]>,5<c2[N],e2[N]>,5<g2[N],c3[N]>,5<(e2.e3)[N],g2[N]>,5<c3[N],e3[N]>,5<(g2.g3)[N],c3[N]>,5<e3[N],g3[N]>,5<(c3.c4)[N],e3[N]>,5<g3[N],c4[N]>,5<(e3.e4)[N],g3[N]>,5<c4[N],e4[N]>,5<e4[N],c4[N]>,5<g3[N],e3[N]>,5<c4[N],g3[N]>,5<e3[N],c3[N]>,5<g3[N],e3[N]>,5<c3[N],g2[N]>,5<e3[N],c3[N]>,5<g2[N],e2[N]>,5<(c3.c2)[N],g2[N]>,5<e2[N],c2[N]>,5<(g2.g1)[N],e2[N]>,5<c2[N],g1[N]>,5<(e2.e1)[N],c2[N]>,5<g1[N],e1[N]>,5<(c2.c1)[N],g1[N]>,5<e1[N],c1[N]>,5<b[N],#d1[N]>,5<#f1[N],b1[N]>,5<#d1[N],#f1[N]>,5<b1[N],#d2[N]>,5<#f1[N],b1[N]>,5<#d2[N],#f2[N]>,5<b1[N],#d2[N]>,5<#f2[N],b2[N]>,5<(#d2.#d3)[N],#f2[N]>,5<b2[N],#d3[N]>,5<(#f2.#f3)[N],b2[N]>,5<#d3[N],#f3[N]>,5<(b2.b3)[N],#d3[N]>,5<#f3[N],b3[N]>,5<(#d3.#d4)[N],#f3[N]>,5<b3[N],#d4[N]>,5<#d4[N],b3[N]>,5<#f3[N],#d3[N]>,5<b3[N],#f3[N]>,5<#d3[N],b2[N]>,5<#f3[N],#d3[N]>,5<b2[N],#f2[N]>,5<#d3[N],b2[N]>,5<#f2[N],#d2[N]>,5<(b2.b1)[N],#f2[N]>,5<#d2[N],b1[N]>,5<(#f2.#f1)[N],#d2[N]>,5<b1[N],#f1[N]>,5<(#d2.#d1)[N],b1[N]>,5<#f1[N],#d1[N]>,5<(b1.b)[N],#f1[N]>,5<#d1[N],b[N]>,5<e1[N],g1[N]>,5<b1[N],e2[N]>,5<g1[N],b1[N]>,5<e2[N],g2[N]>,5<b1[N],e2[N]>,5<g2[N],b2[N]>,5<e2[N],g2[N]>,5<b2[N],e3[N]>,5<(g2.g3)[N],b2[N]>,5<e3[N],g3[N]>,5<(b2.b3)[N],e3[N]>,5<g3[N],b3[N]>,5<(e3.e4)[N],g3[N]>,5<b3[N],e4[N]>,5<(g3.g4)[N],b3[N]>,5<e4[N],g4[N]>,5<g4[N],e4[N]>,5<b3[N],g3[N]>,5<e4[N],b3[N]>,5<g3[N],e3[N]>,5<b3[N],g3[N]>,5<e3[N],b2[N]>,5<g3[N],e3[N]>,5<b2[N],g2[N]>,5<(e3.e2)[N],b2[N]>,5<g2[N],e2[N]>,5<(b2.b1)[N],g2[N]>,5<e2[N],b1[N]>,5<(g2.g1)[N],e2[N]>,5<b1[N],g1[N]>,5<(e2.e1)[N],b1[N]>,5<g1[N],e1[N]>,5<a[N],#c1[N]>,5<e1[N],a1[N]>,5<#c1[N],e1[N]>,5<a1[N],#c2[N]>,5<e1[N],a1[N]>,5<#c2[N],e2[N]>,5<a1[N],#c2[N]>,5<e2[N],a2[N]>,5<(#c2.#c3)[N],e2[N]>,5<a2[N],#c3[N]>,5<(e2.e3)[N],a2[N]>,5<#c3[N],e3[N]>,5<(a2.a3)[N],#c3[N]>,5<e3[N],a3[N]>,5<(#c3.#c4)[N],e3[N]>,5<a3[N],#c4[N]>,5<#c4[N],a3[N]>,5<e3[N],#c3[N]>,5<a3[N],e3[N]>,5<#c3[N],a2[N]>,5<e3[N],#c3[N]>,5<a2[N],e2[N]>,5<#c3[N],a2[N]>,5<e2[N],#c2[N]>,5<(a2.a1)[N],e2[N]>,5<#c2[N],a1[N]>,5<(e2.e1)[N],#c2[N]>,5<a1[N],e1[N]>,5<(#c2.#c1)[N],a1[N]>,5<e1[N],#c1[N]>,5<(a1.a)[N],e1[N]>,5<#c1[N],a[N]>,5<c1[N],e1[N]>,5<g1[N],c2[N]>,5<e1[N],g1[N]>,5<c2[N],e2[N]>,5<g1[N],c2[N]>,5<e2[N],g2[N]>,5<c2[N],e2[N]>,5<g2[N],c3[N]>,5<(e2.e3)[N],g2[N]>,5<c3[N],e3[N]>,5<(g2.g3)[N],c3[N]>,5<e3[N],g3[N]>,5<(c3.c4)[N],e3[N]>,5<g3[N],c4[N]>,5<(e3.e4)[N],g3[N]>,5<c4[N],e4[N]>,5<e4[N],c4[N]>,5<g3[N],e3[N]>,5<c4[N],g3[N]>,5<e3[N],c3[N]>,5<g3[N],e3[N]>,5<c3[N],g2[N]>,5<e3[N],c3[N]>,5<g2[N],e2[N]>,5<(c3.c2)[N],g2[N]>,5<e2[N],c2[N]>,5<(g2.g1)[N],e2[N]>,5<c2[N],g1[N]>,5<(e2.e1)[N],c2[N]>,5<g1[N],e1[N]>,5<(c2.c1)[N],g1[N]>,5<e1[N],c1[N]>,5<b[N],#d1[N]>,5<#f1[N],b1[N]>,5<#d1[N],#f1[N]>,5<b1[N],#d2[N]>,5<#f1[N],b1[N]>,5<#d2[N],#f2[N]>,5<b1[N],#d2[N]>,5<#f2[N],b2[N]>,5<(#d2.#d3)[N],#f2[N]>,5<b2[N],#d3[N]>,5<(#f2.#f3)[N],b2[N]>,5<#d3[N],#f3[N]>,5<(b2.b3)[N],#d3[N]>,5<#f3[N],b3[N]>,5<(#d3.#d4)[N],#f3[N]>,5<b3[N],#d4[N]>,5<#d4[N],b3[N]>,5<#f3[N],#d3[N]>,5<b3[N],#f3[N]>,5<#d3[N],b2[N]>,5<#f3[N],#d3[N]>,5<b2[N],#f2[N]>,5<#d3[N],b2[N]>,5<#f2[N],#d2[N]>,5<(b2.b1)[N],#f2[N]>,5<#d2[N],b1[N]>,5<(#f2.#f1)[N],#d2[N]>,5<b1[N],#f1[N]>,5<(#d2.#d1)[N],b1[N]>,5<#f1[N],#d1[N]>,5<(b1.b)[N],#f1[N]>,5<#d1[N],b[N]>,5<e1[N],g1[N]>,5<b1[N],e2[N]>,5<g1[N],b1[N]>,5<e2[N],g2[N]>,5<b1[N],e2[N]>,5<g2[N],b2[N]>,5<e2[N],g2[N]>,5<b2[N],e3[N]>,5<(g2.g3)[N],b2[N]>,5<e3[N],g3[N]>,5<(b2.b3)[N],e3[N]>,5<g3[N],b3[N]>,5<(e3.e4)[N],g3[N]>,5<b3[N],e4[N]>,5<(g3.g4)[N],b3[N]>,5<e4[N],g4[N]>,5<g4[N],e4[N]>,5<b3[N],g3[N]>,5<e4[N],b3[N]>,5<g3[N],e3[N]>,5<b3[N],g3[N]>,5<e3[N],b2[N]>,5<g3[N],e3[N]>,5<b2[N],g2[N]>,5<(e3.e2)[N],b2[N]>,5<g2[N],e2[N]>,5<(b2.b1)[N],g2[N]>,5<e2[N],b1[N]>,5<(g2.g1)[N],e2[N]>,5<b1[N],g1[N]>,5<(e2.e1)[N],b1[N]>,5<g1[N],e1[N]>,5<d1[N],#f1[N]>,5<a1[N],d2[N]>,5<#f1[N],a1[N]>,5<d2[N],#f2[N]>,5<a1[N],d2[N]>,5<#f2[N],a2[N]>,5<d2[N],#f2[N]>,5<a2[N],d3[N]>,5<(#f2.#f3)[N],a2[N]>,5<d3[N],#f3[N]>,5<(a2.a3)[N],d3[N]>,5<#f3[N],a3[N]>,5<(d3.d4)[N],#f3[N]>,5<a3[N],d4[N]>,5<(#f3.#f4)[N],a3[N]>,5<d4[N],#f4[N]>,5<#f4[N],#d4[N]>,5<b3[N],#f3[N]>,5<#d4[N],b3[N]>,5<#f3[N],#d3[N]>,5<b3[N],#f3[N]>,5<#d3[N],b2[N]>,5<#f3[N],#d3[N]>,5<b2[N],#f2[N]>,5<(#d3.#d2)[N],b2[N]>,5<#f2[N],#d2[N]>,5<(b2.b1)[N],#f2[N]>,5<#d2[N],b1[N]>,5<(#f2.#f1)[N],#d2[N]>,5<b1[N],#f1[N]>,5<(#d2.#d1)[N],b1[N]>,5<#f1[N],#d1[N]>,","(g2.g3)[L],(a2.a3)[M],(g2.g3)[M],(e2.e3)[LM],(e2.e3)[M],T,(d2.d3)[K],(e2.e3)[K],(g2.g3)[K],UV,(e2.e3)[M],UV,(e2.e3)[M],(d2.d3)[K],UV,(e2.e3)[M],T,(d2.d3)[K],(e2.e3)[K],(g2.g3)[K],UV,(e2.e3)[M],SUV,(e2.e3)[M],UV,(e2.e3)[M],(d2.d3)[K],(e2.e3)[K],(g2.g3)[K],UV,(e2.e3)[M],UV,(e2.e3)[M],(d2.d3)[K],(c2.e2.a2.b2.d3)[J],(c2.e2.a2.b2.d3)[J],(c2.e2.a2.b2.d3)[J],(D-2.D-1)[J],(C-2.C-1)[L],(C-2.C-1)[L],(C-2.C-1)[L],U,(c.e.g)[L],(c.e.g)[L],(c.e.g)[L],U,(C-2.C-1)[L],(C-2.C-1)[L],(C-2.C-1)[L],U,(c.e.g)[L],(c.e.g)[L],(c.e.g)[L],U,(B-3.B-2)[L],(B-3.B-2)[L],(B-3.B-2)[L],U,(B-1.#d.#f)[L],(B-1.#d.#f)[L],(B-1.#d.#f)[L],U,(B-3.B-2)[L],(B-3.B-2)[L],(B-3.B-2)[L],U,(B-1.#d.#f)[L],(B-1.#d.#f)[L],(B-1.#d.#f)[L],U,(E-2.E-1)[L],(E-2.E-1)[L],(E-2.E-1)[L],U,(e.g.b)[L],(e.g.b)[L],(e.g.b)[L],U,(E-2.E-1)[L],(E-2.E-1)[L],(E-2.E-1)[L],U,(e.g.b)[L],(e.g.b)[L],(e.g.b)[L],U,(A-3.A-2)[L],(A-3.A-2)[L],(A-3.A-2)[L],U,(A-1.#c.e)[L],(A-1.#c.e)[L],(A-1.#c.e)[L],U,(A-3.A-2)[L],(A-3.A-2)[L],(A-3.A-2)[L],U,(A-1.#c.e)[L],(A-1.#c.e)[L],(A-1.#c.e)[L],U,(C-2.C-1)[L],(C-2.C-1)[L],(C-2.C-1)[L],U,(c.e.g)[L],(c.e.g)[L],(c.e.g)[L],U,(C-2.C-1)[L],(C-2.C-1)[L],(C-2.C-1)[L],U,(c.e.g)[L],(c.e.g)[L],(c.e.g)[L],U,(B-3.B-2)[L],(B-3.B-2)[L],(B-3.B-2)[L],U,(B-1.#d.#f)[L],(B-1.#d.#f)[L],(B-1.#d.#f)[L],U,(B-3.B-2)[L],(B-3.B-2)[L],(B-3.B-2)[L],U,(B-1.#d.#f)[L],(B-1.#d.#f)[L],(B-1.#d.#f)[L],U,(E-2.E-1)[L],(E-2.E-1)[L],(E-2.E-1)[L],U,(e.g.b)[L],(e.g.b)[L],(e.g.b)[L],U,(E-2.E-1)[L],(E-2.E-1)[L],(E-2.E-1)[L],U,(e.g.b)[L],(e.g.b)[L],(e.g.b)[L],U,(D-2.D-1)[L],(D-2.D-1)[L],(D-2.D-1)[L],U,(d.#f.a)[L],(d.#f.a)[L],(d.#f.a)[L],U,(B-3.B-2)[L],(B-3.B-2)[L],(B-3.B-2)[L],U,(B-1.#d.#f.b)[L],(B-1.#d.#f.b)[L],(B-1.#d.#f.b)[L],SU,(e3.g3.b3.e4)[I],(g3.g4)[K],(e3.e4)[IJ],(g3.g4)[K],(e3.e4)[LM],(#c3.#c4)[M],(b2.b3)[LM],(g2.g3)[M],(a2.a3)[LM],(g2.g3)[M],(e2.e3)[I],QRS,d2[K],d2[K],b1[K],a1[K],g1[K],a1[J],b1[I],T,g1[K],ST,d2[L],d2[L],d2[K],d2[K],c2[K],b1[L],c2[IJL],T,d2[K],(d2.#f2)[K],(d2.g2)[K],(d2.#f2)[K],(b1.d2)[J],(g1.b1)[J],(g1.b1)[K],(b1.#f2)[K],(b1.g2)[K],(b1.a2)[K],(b1.g2)[J],(b1.g2)[J],(b1.g2)[K],(c2.e2.b2)[K],(c2.e2.c3)[L],(c2.e2.b2)[K],(c2.e2.g2)[KL],(c2.e2.b2)[K],(c2.e2.c3)[L],(c2.e2.b2)[K],(c2.e2.g2)[K],(d2.#f2.a2)[JL],(d2.#f2.a2)[L],g2[L],e2[L],d2[L],SU,#d2[L],f2[K],(#d1.g1)[K],(#d1.g1)[L],(#d1.g1)[K],(#d1.g1)[L],(#d1.g1)[JLM],(#d1.g1)[M],f1[LM],#d1[M],c1[K],(#d1.g1)[K],(#d1.g1)[L],(#d1.g1)[K],(#d1.g1)[L],(#d1.g1)[JLM],(#d1.g1)[M],f1[LM],#d1[M],c1[K],(#a.d1)[J],(#a.#d1)[J],(#a.f1)[J],(#a.#d1.#a1)[K],(#a.#d1.#g1)[J],(c1.#d1.g1)[K],(c1.#d1.g1)[I],S,(#g.c1)[KL],(#g.c1.g1)[KL],(#g.c1)[KL],(#g.c1.g1)[KL],f1[K],#d1[K],(#a.d1.f1)[KL],(#a.d1.#a1)[KL],(#a.d1.f1)[J],#d1[K],f1[J],(c1.e1.g1)[K],(c1.e1.g1)[J],(c1.e1.g1)[K],(c1.e1.g1)[J],(c1.e1.a1)[K],(c1.e1.a1)[JK],(d1.#f1.d2.#f2)[K],(d1.#f1.d2.#f2)[K],(d1.#f1.d2.#f2)[J],(d1.d2)[LM],(e1.e2)[M],(g1.g2)[K],(C-2.C-1)[L],(C-2.C-1)[L],(C-2.C-1)[L],U,(c.e.g)[L],(c.e.g)[L],(c.e.g)[L],U,(C-2.C-1)[L],(C-2.C-1)[L],(C-2.C-1)[L],U,(c.e.g)[L],(c.e.g)[L],(c.e.g)[L],U,(B-3.B-2)[L],(B-3.B-2)[L],(B-3.B-2)[L],U,(B-1.#d.#f)[L],(B-1.#d.#f)[L],(B-1.#d.#f)[L],U,(B-3.B-2)[L],(B-3.B-2)[L],(B-3.B-2)[L],U,(B-1.#d.#f)[L],(B-1.#d.#f)[L],(B-1.#d.#f)[L],U,(E-2.E-1)[L],(E-2.E-1)[L],(E-2.E-1)[L],U,(e.g.b)[L],(e.g.b)[L],(e.g.b)[L],U,(E-2.E-1)[L],(E-2.E-1)[L],(E-2.E-1)[L],U,(e.g.b)[L],(e.g.b)[L],(e.g.b)[L],U,(A-3.A-2)[L],(A-3.A-2)[L],(A-3.A-2)[L],U,(A-1.#c.e)[L],(A-1.#c.e)[L],(A-1.#c.e)[L],U,(A-3.A-2)[L],(A-3.A-2)[L],(A-3.A-2)[L],U,(A-1.#c.e)[L],(A-1.#c.e)[L],(A-1.#c.e)[L],U,(C-2.C-1)[L],(C-2.C-1)[L],(C-2.C-1)[L],U,(c.e.g)[L],(c.e.g)[L],(c.e.g)[L],U,(C-2.C-1)[L],(C-2.C-1)[L],(C-2.C-1)[L],U,(c.e.g)[L],(c.e.g)[L],(c.e.g)[L],U,(B-3.B-2)[L],(B-3.B-2)[L],(B-3.B-2)[L],U,(B-1.#d.#f)[L],(B-1.#d.#f)[L],(B-1.#d.#f)[L],U,(B-3.B-2)[L],(B-3.B-2)[L],(B-3.B-2)[L],U,(B-1.#d.#f)[L],(B-1.#d.#f)[L],(B-1.#d.#f)[L],U,(E-2.E-1)[L],(E-2.E-1)[L],(E-2.E-1)[L],U,(e.g.b)[L],(e.g.b)[L],(e.g.b)[L],U,(E-2.E-1)[L],(E-2.E-1)[L],(E-2.E-1)[L],U,(e.g.b)[L],(e.g.b)[L],(e.g.b)[L],U,(D-2.D-1)[L],(D-2.D-1)[L],(D-2.D-1)[L],U,(d.#f.a)[L],(d.#f.a)[L],(d.#f.a)[L],U,(B-3.B-2)[L],(B-3.B-2)[L],(B-3.B-2)[L],U,(B-1.#d.#f.b)[L],(B-1.#d.#f.b)[L],(B-1.#d.#f.b)[L],U,","QR,(b1.e2.g2.b2)[K],a2[M],b2[M],a2[M],b2[M],a2[M],b2[M],a2[N],b2[N],a2[M],g2[K],e2[K],QQ,(c3.e3.g3.b3)[I],(c3.e3.g3.b3)[K],(c3.e3.g3.b3)[K],(c3.e3.g3.b3)[K],(g2.g3)[L],(a2.a3)[L],U,(a2.a3)[KL],S,(d3.d4)[K],(c3.c4)[K],(b2.b3)[K],(g2.g3)[L],(a2.a3)[L],U,(a2.a3)[KL],T,(d2.d3)[L],(d2.d3)[L],(d2.d3)[K],(#f2.#f3)[K],(g2.g3)[K],(c3.c4)[L],(b2.b3)[JL],(g2.g3)[K],(c3.c4)[L],(b2.b3)[L],S,(d2.d3)[LM],(e2.e3)[M],(g2.g3)[K],(c3.e3.b3)[K],(c3.e3.b3.d4)[K],S,(b2.b3)[K],(b2.b3)[K],(b2.b3)[K],(g2.g3)[L],(a2.a3)[K],(a2.a3)[KL],T,(g2.g3)[L],(g2.g3)[L],(e3.e4)[K],(d3.d4)[K],(b2.b3)[K],(g2.g3)[L],(a2.a3)[L],TUV,(b2.b3)[M],(a2.a3)[LM],(g2.g3)[M],(e2.e3)[LM],(a2.a3)[J],(b2.b3)[M],(a2.a3)[LM],(g2.g3)[M],(e2.e3)[K],(d3.#f3.a3.d4)[K],(d3.#f3.a3.#c4)[K],T,(d3.#f3.a3.d4)[K],(#d3.#f3.a3.#c4)[K],T,(g2.g3)[K],(a2.a3)[L],(e2.e3)[L],(E-2.E-1)[L],E-2[L],(E-2.E-1)[K],(E-2.E-1)[L],E-2[L],(E-2.E-1)[K],(E-2.E-1)[L],E-2[L],(E-2.E-1)[K],(E-2.E-1)[L],E-2[L],(E-2.E-1)[K],(E-2.E-1)[L],E-2[L],(E-2.E-1)[K],(E-2.E-1)[L],E-2[L],(E-2.E-1)[K],(E-2.E-1)[L],E-2[L],(E-2.E-1)[K],(E-2.E-1)[L],E-2[L],(E-2.E-1)[K],(E-2.E-1)[L],E-2[L],(E-2.E-1)[K],(E-2.E-1)[L],E-2[L],(E-2.E-1)[K],(E-2.E-1)[L],E-2[L],(E-2.E-1)[K],(E-2.E-1)[L],E-2[L],(E-2.E-1)[K],(E-2.E-1)[L],E-2[L],(E-2.E-1)[K],(E-2.E-1)[L],E-2[L],(E-2.E-1)[K],(E-2.E-1)[L],E-2[L],(E-2.E-1)[K],(E-2.E-1)[L],E-2[L],(E-2.E-1)[K],ST,d1[K],d1[K],b[K],a[K],g[K],a[J],b[I],T,g[K],ST,d1[L],d1[L],d1[K],d1[K],c1[K],b[L],c1[IJL],T,d1[K],(d1.#f1)[K],(d1.g1)[K],(d1.#f1)[K],(b.d1)[J],(g.b)[J],(g.b)[K],(b.#f1)[K],(b.g1)[K],(b.a1)[K],(b.g1)[J],(b.g1)[J],(b.g1)[K],(c1.e1.b1)[K],(c1.e1.c2)[L],(c1.e1.b1)[K],(c1.e1.g1)[KL],(c1.e1.b1)[K],(c1.e1.c2)[L],(c1.e1.b1)[K],(c1.e1.g1)[K],(d1.#f1.a1)[JL],(d1.#f1.a1)[L],g1[L],e1[L],d1[L],R,(#g.#d1.g1)[JK],(#g.#d1.g1)[J],(#g.#d1.g1)[JK],(#g.#d1.g1)[JK],(#g.#d1.g1)[J],(#g.#d1.g1)[JK],(#d.#a.d1)[JK],(#d.#a.d1)[J],(#d.#a.d1)[JK],(c.g.#a)[JK],(c.g.#a)[J],(c.g.#a)[JK],(#g.c1.#d1)[I],(#g.c1.#d1)[I],(#a.d1.f1)[I],(#a.d1.f1)[I],(c1.e1.g1)[I],(c1.e1.g1)[I],(d1.#f1.a1)[I],(d1.#f1.a1)[I],(c3.e3.g3.b3)[I],(c3.e3.g3.b3)[K],(c3.e3.g3.b3)[K],(c3.e3.g3.b3)[K],(g2.g3)[L],(a2.a3)[L],U,(a2.a3)[KL],S,(d3.d4)[K],(c3.c4)[K],(b2.b3)[K],(g2.g3)[L],(a2.a3)[L],U,(a2.a3)[KL],T,(d2.d3)[L],(d2.d3)[L],(d2.d3)[K],(#f2.#f3)[K],(g2.g3)[K],(c3.c4)[L],(b2.b3)[JL],(g2.g3)[K],(c3.c4)[L],(b2.b3)[L],S,(d2.d3)[LM],(e2.e3)[M],(g2.g3)[K],(c3.e3.b3)[K],(c3.e3.b3.d4)[K],S,(b2.b3)[K],(b2.b3)[K],(b2.b3)[K],(g2.g3)[L],(a2.a3)[K],(a2.a3)[KL],T,(g2.g3)[L],(g2.g3)[L],(e3.e4)[K],(d3.d4)[K],(b2.b3)[K],(g2.g3)[L],(a2.a3)[L],TUV,(b2.b3)[M],(a2.a3)[LM],(g2.g3)[M],(e2.e3)[LM],(a2.a3)[J],(b2.b3)[M],(a2.a3)[LM],(g2.g3)[M],(e2.e3)[K],(d3.#f3.a3.d4)[K],(d3.#f3.a3.#c4)[K],T,(d3.#f3.a3.d4)[K],(#d3.#f3.a3.#c4)[K],T,(g2.g3)[K],(a2.a3)[L],(e2.e3)[L],","QR,(b.e1.g1.b1)[K],a1[M],b1[M],a1[M],b1[M],a1[M],b1[M],a1[N],b1[N],a1[M],g1[K],e1[K],QQ,(c1.e1.g1.b1)[I],(c1.e1.g1.b1)[K],(c1.e1.g1.b1)[K],(c1.e1.g1.b1)[K],(g.g1)[L],(a.a1)[L],U,(a.a1)[KL],S,(d1.d2)[K],(c1.c2)[K],(b.b1)[K],(g.g1)[L],(a.a1)[L],U,(a.a1)[KL],T,(d.d1)[L],(d.d1)[L],(d.d1)[K],(#f.#f1)[K],(g.g1)[K],(c1.c2)[L],(b.b1)[JL],(g.g1)[K],(c1.c2)[L],(b.b1)[L],S,(d.d1)[LM],(e.e1)[M],(g.g1)[K],(c1.e1.b1)[K],(c1.e1.b1.d2)[K],S,(b.b1)[K],(b.b1)[K],(b.b1)[K],(g.g1)[L],(a.a1)[K],(a.a1)[KL],T,(g.g1)[L],(g.g1)[L],(e1.e2)[K],(d1.d2)[K],(b.b1)[K],(g.g1)[L],(a.a1)[L],TUV,(b.b1)[M],(a.a1)[LM],(g.g1)[M],(e.e1)[LM],(a.a1)[J],(b.b1)[M],(a.a1)[LM],(g.g1)[M],(e.e1)[K],(d1.#f1.a1.d2)[K],(d1.#f1.a1.#c2)[K],T,(d1.#f1.a1.d2)[K],(#d1.#f1.a1.#c2)[K],T,(g.g1)[K],(a.a1)[L],(e.e1)[L],S,(e1.g1.b1.e2)[I],(g1.g2)[K],(e1.e2)[IJ],(g1.g2)[K],(e1.e2)[LM],(#c1.#c2)[M],(b.b1)[LM],(g.g1)[M],(a.a1)[LM],(g.g1)[M],(e.e1)[I],(E-2.E-1.G-1.B-1)[K],QR,(g.b.d1)[JK],(g.b.d1)[JK],(B-1.e.g)[I],(B-1.d.g)[I],(c.e.g)[H],(A-1.d)[JK],(A-1.d.a)[JK],(A-1.d)[J],S,(g.b.d1)[JK],(g.b.d1)[JK],(B-1.e.g)[I],(B-1.d.g)[I],(c.e.g)[H],(A-1.d)[JK],(A-1.d.a)[JK],S,(#d2.g2)[K],(#d2.g2)[L],(#d2.g2)[K],(#d2.g2)[L],(#d2.g2)[JLM],(#d2.g2)[M],f2[LM],#d2[M],c2[K],(#d2.g2)[K],(#d2.g2)[L],(#d2.g2)[K],(#d2.g2)[L],(#d2.g2)[JLM],(#d2.g2)[M],f2[LM],#d2[M],c2[K],(#a1.d2)[J],(#a1.#d2)[J],(#a1.f2)[J],(#a1.#d2.#a2)[K],(#a1.#d2.#g2)[J],(c2.#d2.g2)[K],(c2.#d2.g2)[I],S,(#g1.c2)[KL],(#g1.c2.g2)[KL],(#g1.c2)[KL],(#g1.c2.g2)[KL],f2[K],#d2[K],(#a1.d2.f2)[KL],(#a1.d2.#a2)[KL],(#a1.d2.f2)[J],#d2[K],f2[J],(c2.e2.g2)[K],(c2.e2.g2)[J],(c2.e2.g2)[K],(c2.e2.g2)[J],(c2.e2.a2)[K],(c2.e2.a2)[JK],(d3.#f3.d4)[K],(d3.#f3.d4)[K],(d3.#f3.d4)[J],(d2.d3)[LM],(e2.e3)[M],(g2.g3)[K],(c1.e1.g1.b1)[I],(c1.e1.g1.b1)[K],(c1.e1.g1.b1)[K],(c1.e1.g1.b1)[K],(g.g1)[L],(a.a1)[L],U,(a.a1)[KL],S,(d1.d2)[K],(c1.c2)[K],(b.b1)[K],(g.g1)[L],(a.a1)[L],U,(a.a1)[KL],T,(d.d1)[L],(d.d1)[L],(d.d1)[K],(#f.#f1)[K],(g.g1)[K],(c1.c2)[L],(b.b1)[JL],(g.g1)[K],(c1.c2)[L],(b.b1)[L],S,(d.d1)[LM],(e.e1)[M],(g.g1)[K],(c1.e1.b1)[K],(c1.e1.b1.d2)[K],S,(b.b1)[K],(b.b1)[K],(b.b1)[K],(g.g1)[L],(a.a1)[K],(a.a1)[KL],T,(g.g1)[L],(g.g1)[L],(e1.e2)[K],(d1.d2)[K],(b.b1)[K],(g.g1)[L],(a.a1)[L],TUV,(b.b1)[M],(a.a1)[LM],(g.g1)[M],(e.e1)[LM],(a.a1)[J],(b.b1)[M],(a.a1)[LM],(g.g1)[M],(e.e1)[K],(d1.#f1.a1.d2)[K],(d1.#f1.a1.#c2)[K],T,(d1.#f1.a1.d2)[K],(#d1.#f1.a1.#c2)[K],T,(g.g1)[K],(a.a1)[L],(e.e1)[L],"]},{"id":2,"baseBeats":0.25,"scores":["(e.e1)[LM],(g.g1)[M],(a.a1)[K],(b.b1)[K],(a.a1)[K],(g.g1)[K],(e.e1)[K],(d.d1)[LM],(e.e1)[M],(g.g1)[K],(e.e1)[LM],(g.g1)[M],(a.a1)[K],(b.b1)[K],(a.a1)[K],(g.g1)[K],(e.e1)[K],(d.d1)[LM],(e.e1)[M],(g.g1)[K],(e.e1)[LM],(g.g1)[M],(a.a1)[K],(b.b1)[K],(a.a1)[K],(g.g1)[K],(e.e1)[K],(d.d1)[LM],(e.e1)[M],(g.g1)[K],(d.d1)[MN],(e.e1)[MN],(g.g1)[M],(a.a1)[K],(b.b1)[K],(a.a1)[K],(g.g1)[K],(e.e1)[K],(d.d1)[J],5<e2[N],b1[N]>,5<#a1[N],c2[N]>,5<b1[N],e2[N]>,5<#d2[N],#f2[N]>,5<e2[N],g2[N]>,5<#f2[N],a2[N]>,5<g2[N],b2[N]>,5<#a2[N],c3[N]>,5<b2[N],e3[N]>,5<#d3[N],#f3[N]>,5<e3[N],g3[N]>,5<#f3[N],a3[N]>,5<g3[N],b3[N]>,5<#a3[N],c4[N]>,5<b3[N],g4[N]>,5<#f4[N],e4[N]>,5<g4[N],#f4[N]>,5<e4[N],g4[N]>,5<#f4[N],e4[N]>,5<g4[N],#f4[N]>,5<e4[N],g4[N]>,5<#f4[N],e4[N]>,5<b3[N],a3[N]>,5<g3[N],#f3[N]>,5<e3[N],#f3[N]>,5<e3[N],d3[N]>,5<c3[N],b2[N]>,5<#a2[N],a2[N]>,5<#g2[N],g2[N]>,5<#f2[N],f2[N]>,5<e2[N],#d2[N]>,5<d2[N],#c2[N]>,5<d2[N],a1[N]>,5<#g1[N],b1[N]>,5<a1[N],d2[N]>,5<#c2[N],e2[N]>,5<d2[N],#f2[N]>,5<e2[N],g2[N]>,5<#f2[N],a2[N]>,5<#g2[N],b2[N]>,5<a2[N],d3[N]>,5<#c3[N],e3[N]>,5<d3[N],#f3[N]>,5<e3[N],g3[N]>,5<#f3[N],a3[N]>,5<#g3[N],b3[N]>,5<a3[N],#f4[N]>,5<e4[N],d4[N]>,5<#f4[N],e4[N]>,5<d4[N],#f4[N]>,5<e4[N],d4[N]>,5<#f4[N],e4[N]>,5<d4[N],#f4[N]>,5<e4[N],d4[N]>,5<a3[N],g3[N]>,5<#f3[N],e3[N]>,5<d3[N],e3[N]>,5<d3[N],#c3[N]>,5<b2[N],a2[N]>,5<#g2[N],g2[N]>,5<#f2[N],f2[N]>,5<e2[N],#d2[N]>,5<d2[N],#c2[N]>,5<c2[N],b1[N]>,5<c2[N],g1[N]>,5<#f1[N],a1[N]>,5<g1[N],c2[N]>,5<b1[N],d2[N]>,5<c2[N],e2[N]>,5<d2[N],f2[N]>,5<e2[N],g2[N]>,5<#f2[N],a2[N]>,5<g2[N],c3[N]>,5<b2[N],d3[N]>,5<c3[N],e3[N]>,5<d3[N],f3[N]>,5<e3[N],g3[N]>,5<#f3[N],a3[N]>,5<g3[N],e4[N]>,5<d4[N],c4[N]>,5<e4[N],d4[N]>,5<c4[N],e4[N]>,5<d4[N],c4[N]>,5<e4[N],d4[N]>,5<c4[N],e4[N]>,5<d4[N],c4[N]>,5<g3[N],f3[N]>,5<e3[N],d3[N]>,5<c3[N],d3[N]>,5<c3[N],b2[N]>,5<a2[N],g2[N]>,5<#f2[N],f2[N]>,5<e2[N],#d2[N]>,5<d2[N],#c2[N]>,5<c2[N],b1[N]>,5<#a1[N],a1[N]>,5<#a1[N],b1[N]>,5<c2[N],#c2[N]>,5<d2[N],#d2[N]>,5<e2[N],f2[N]>,5<#f2[N],g2[N]>,5<#g2[N],a2[N]>,5<#a2[N],b2[N]>,5<c3[N],#c3[N]>,5<d3[N],#d3[N]>,5<e3[N],f3[N]>,5<#f3[N],g3[N]>,5<#g3[N],a3[N]>,5<#a3[N],b3[N]>,5<c4[N],#c4[N]>,5<d4[N],#d4[N]>,5<e4[N],f4[N]>,5<#f4[N],f4[N]>,5<e4[N],#d4[N]>,5<d4[N],#c4[N]>,5<c4[N],b3[N]>,5<#a3[N],a3[N]>,5<#g3[N],g3[N]>,5<#f3[N],f3[N]>,5<e3[N],#d3[N]>,5<d3[N],#c3[N]>,5<c3[N],b2[N]>,5<#a2[N],a2[N]>,5<#g2[N],g2[N]>,(d2.#f2)[K],G-1[L],d[L],b[L],d[L],G-1[L],d[L],b[L],d[L],G-1[L],d[L],b[L],d[L],G-1[L],d[L],b[L],d[L],E-1[L],B-1[L],g[L],B-1[L],E-1[L],B-1[L],g[L],B-1[L],D-1[L],B-1[L],g[L],B-1[L],D-1[L],B-1[L],g[L],B-1[L],C-1[L],G-1[L],e[L],G-1[L],C-1[L],G-1[L],e[L],G-1[L],C-1[L],G-1[L],e[L],G-1[L],C-1[L],G-1[L],e[L],G-1[L],D-1[L],A-1[L],#f[L],A-1[L],D-1[L],A-1[L],#f[L],A-1[L],D-1[L],A-1[L],#f[L],A-1[L],D-1[J],5<#G-2[N],#G-1[N]>,V,5<#G-2[N],#G-1[N]>,V,5<#G-2[N],#G-1[N]>,V,5<#G-2[N],#G-1[N]>,V,5<#G-2[N],#G-1[N]>,V,5<#G-2[N],#G-1[N]>,V,5<#G-2[N],#G-1[N]>,V,5<#G-2[N],#G-1[N]>,V,5<#G-2[N],#G-1[N]>,V,5<#G-2[N],#G-1[N]>,V,5<#G-2[N],#G-1[N]>,V,5<#G-2[N],#G-1[N]>,V,5<#G-2[N],#G-1[N]>,V,5<#G-2[N],#G-1[N]>,V,5<#G-2[N],#G-1[N]>,V,5<#G-2[N],#G-1[N]>,V,5<#G-2[N],#G-1[N]>,V,5<#G-2[N],#G-1[N]>,V,5<#G-2[N],#G-1[N]>,V,5<#G-2[N],#G-1[N]>,V,5<#G-2[N],#G-1[N]>,V,5<#G-2[N],#G-1[N]>,V,5<#G-2[N],#G-1[N]>,V,5<#G-2[N],#G-1[N]>,V,5<#G-2[N],#G-1[N]>,V,5<#G-2[N],#G-1[N]>,V,5<#G-2[N],#G-1[N]>,V,5<#G-2[N],#G-1[N]>,V,5<#G-2[N],#G-1[N]>,V,5<#G-2[N],#G-1[N]>,V,5<#G-2[N],#G-1[N]>,V,5<#G-2[N],#G-1[N]>,V,5<#D-2[N],#D-1[N]>,V,5<#D-2[N],#D-1[N]>,V,5<#D-2[N],#D-1[N]>,V,5<#D-2[N],#D-1[N]>,V,5<#D-2[N],#D-1[N]>,V,5<#D-2[N],#D-1[N]>,V,5<#D-2[N],#D-1[N]>,V,5<#D-2[N],#D-1[N]>,V,5<#D-2[N],#D-1[N]>,V,5<#D-2[N],#D-1[N]>,V,5<#D-2[N],#D-1[N]>,V,5<#D-2[N],#D-1[N]>,V,5<#D-2[N],#D-1[N]>,V,5<#D-2[N],#D-1[N]>,V,5<#D-2[N],#D-1[N]>,V,5<#D-2[N],#D-1[N]>,V,5<C-2[N],C-1[N]>,V,5<C-2[N],C-1[N]>,V,5<C-2[N],C-1[N]>,V,5<C-2[N],C-1[N]>,V,5<C-2[N],C-1[N]>,V,5<C-2[N],C-1[N]>,V,5<C-2[N],C-1[N]>,V,5<C-2[N],C-1[N]>,V,5<C-2[N],C-1[N]>,V,5<C-2[N],C-1[N]>,V,5<C-2[N],C-1[N]>,V,5<C-2[N],C-1[N]>,V,5<C-2[N],C-1[N]>,V,5<C-2[N],C-1[N]>,V,5<C-2[N],C-1[N]>,V,5<C-2[N],C-1[N]>,V,#G-2[L],#D-1[L],#G-1[L],#G-2[L],#g[L],#G-1[L],c[L],#D-1[L],#G-2[L],#D-1[L],#G-1[L],#G-2[L],#g[L],#G-1[L],c[L],#D-1[L],#A-2[L],F-1[L],#A-1[L],#A-2[L],#a[L],#A-1[L],d[L],F-1[L],#A-2[L],F-1[L],#A-1[L],#A-2[L],#a[L],#A-1[L],d[L],F-1[L],C-1[L],G-1[L],c[L],C-1[L],c1[L],c[L],e[L],G-1[L],C-1[L],G-1[L],c[L],C-1[L],c1[L],c[L],e[L],G-1[L],D-1[L],A-1[L],d[L],D-1[L],d1[L],d[L],#f[L],A-1[L],D-1[L],A-1[L],d[L],D-1[L],(D-1.d)[K],(D-2.D-1)[K],5<c1[N],e1[N]>,5<g1[N],c2[N]>,5<e1[N],g1[N]>,5<c2[N],e2[N]>,5<g1[N],c2[N]>,5<e2[N],g2[N]>,5<c2[N],e2[N]>,5<g2[N],c3[N]>,5<(e2.e3)[N],g2[N]>,5<c3[N],e3[N]>,5<(g2.g3)[N],c3[N]>,5<e3[N],g3[N]>,5<(c3.c4)[N],e3[N]>,5<g3[N],c4[N]>,5<(e3.e4)[N],g3[N]>,5<c4[N],e4[N]>,5<e4[N],c4[N]>,5<g3[N],e3[N]>,5<c4[N],g3[N]>,5<e3[N],c3[N]>,5<g3[N],e3[N]>,5<c3[N],g2[N]>,5<e3[N],c3[N]>,5<g2[N],e2[N]>,5<(c3.c2)[N],g2[N]>,5<e2[N],c2[N]>,5<(g2.g1)[N],e2[N]>,5<c2[N],g1[N]>,5<(e2.e1)[N],c2[N]>,5<g1[N],e1[N]>,5<(c2.c1)[N],g1[N]>,5<e1[N],c1[N]>,5<b[N],#d1[N]>,5<#f1[N],b1[N]>,5<#d1[N],#f1[N]>,5<b1[N],#d2[N]>,5<#f1[N],b1[N]>,5<#d2[N],#f2[N]>,5<b1[N],#d2[N]>,5<#f2[N],b2[N]>,5<(#d2.#d3)[N],#f2[N]>,5<b2[N],#d3[N]>,5<(#f2.#f3)[N],b2[N]>,5<#d3[N],#f3[N]>,5<(b2.b3)[N],#d3[N]>,5<#f3[N],b3[N]>,5<(#d3.#d4)[N],#f3[N]>,5<b3[N],#d4[N]>,5<#d4[N],b3[N]>,5<#f3[N],#d3[N]>,5<b3[N],#f3[N]>,5<#d3[N],b2[N]>,5<#f3[N],#d3[N]>,5<b2[N],#f2[N]>,5<#d3[N],b2[N]>,5<#f2[N],#d2[N]>,5<(b2.b1)[N],#f2[N]>,5<#d2[N],b1[N]>,5<(#f2.#f1)[N],#d2[N]>,5<b1[N],#f1[N]>,5<(#d2.#d1)[N],b1[N]>,5<#f1[N],#d1[N]>,5<(b1.b)[N],#f1[N]>,5<#d1[N],b[N]>,5<e1[N],g1[N]>,5<b1[N],e2[N]>,5<g1[N],b1[N]>,5<e2[N],g2[N]>,5<b1[N],e2[N]>,5<g2[N],b2[N]>,5<e2[N],g2[N]>,5<b2[N],e3[N]>,5<(g2.g3)[N],b2[N]>,5<e3[N],g3[N]>,5<(b2.b3)[N],e3[N]>,5<g3[N],b3[N]>,5<(e3.e4)[N],g3[N]>,5<b3[N],e4[N]>,5<(g3.g4)[N],b3[N]>,5<e4[N],g4[N]>,5<g4[N],e4[N]>,5<b3[N],g3[N]>,5<e4[N],b3[N]>,5<g3[N],e3[N]>,5<b3[N],g3[N]>,5<e3[N],b2[N]>,5<g3[N],e3[N]>,5<b2[N],g2[N]>,5<(e3.e2)[N],b2[N]>,5<g2[N],e2[N]>,5<(b2.b1)[N],g2[N]>,5<e2[N],b1[N]>,5<(g2.g1)[N],e2[N]>,5<b1[N],g1[N]>,5<(e2.e1)[N],b1[N]>,5<g1[N],e1[N]>,5<a[N],#c1[N]>,5<e1[N],a1[N]>,5<#c1[N],e1[N]>,5<a1[N],#c2[N]>,5<e1[N],a1[N]>,5<#c2[N],e2[N]>,5<a1[N],#c2[N]>,5<e2[N],a2[N]>,5<(#c2.#c3)[N],e2[N]>,5<a2[N],#c3[N]>,5<(e2.e3)[N],a2[N]>,5<#c3[N],e3[N]>,5<(a2.a3)[N],#c3[N]>,5<e3[N],a3[N]>,5<(#c3.#c4)[N],e3[N]>,5<a3[N],#c4[N]>,5<#c4[N],a3[N]>,5<e3[N],#c3[N]>,5<a3[N],e3[N]>,5<#c3[N],a2[N]>,5<e3[N],#c3[N]>,5<a2[N],e2[N]>,5<#c3[N],a2[N]>,5<e2[N],#c2[N]>,5<(a2.a1)[N],e2[N]>,5<#c2[N],a1[N]>,5<(e2.e1)[N],#c2[N]>,5<a1[N],e1[N]>,5<(#c2.#c1)[N],a1[N]>,5<e1[N],#c1[N]>,5<(a1.a)[N],e1[N]>,5<#c1[N],a[N]>,5<c1[N],e1[N]>,5<g1[N],c2[N]>,5<e1[N],g1[N]>,5<c2[N],e2[N]>,5<g1[N],c2[N]>,5<e2[N],g2[N]>,5<c2[N],e2[N]>,5<g2[N],c3[N]>,5<(e2.e3)[N],g2[N]>,5<c3[N],e3[N]>,5<(g2.g3)[N],c3[N]>,5<e3[N],g3[N]>,5<(c3.c4)[N],e3[N]>,5<g3[N],c4[N]>,5<(e3.e4)[N],g3[N]>,5<c4[N],e4[N]>,5<e4[N],c4[N]>,5<g3[N],e3[N]>,5<c4[N],g3[N]>,5<e3[N],c3[N]>,5<g3[N],e3[N]>,5<c3[N],g2[N]>,5<e3[N],c3[N]>,5<g2[N],e2[N]>,5<(c3.c2)[N],g2[N]>,5<e2[N],c2[N]>,5<(g2.g1)[N],e2[N]>,5<c2[N],g1[N]>,5<(e2.e1)[N],c2[N]>,5<g1[N],e1[N]>,5<(c2.c1)[N],g1[N]>,5<e1[N],c1[N]>,5<b[N],#d1[N]>,5<#f1[N],b1[N]>,5<#d1[N],#f1[N]>,5<b1[N],#d2[N]>,5<#f1[N],b1[N]>,5<#d2[N],#f2[N]>,5<b1[N],#d2[N]>,5<#f2[N],b2[N]>,5<(#d2.#d3)[N],#f2[N]>,5<b2[N],#d3[N]>,5<(#f2.#f3)[N],b2[N]>,5<#d3[N],#f3[N]>,5<(b2.b3)[N],#d3[N]>,5<#f3[N],b3[N]>,5<(#d3.#d4)[N],#f3[N]>,5<b3[N],#d4[N]>,5<#d4[N],b3[N]>,5<#f3[N],#d3[N]>,5<b3[N],#f3[N]>,5<#d3[N],b2[N]>,5<#f3[N],#d3[N]>,5<b2[N],#f2[N]>,5<#d3[N],b2[N]>,5<#f2[N],#d2[N]>,5<(b2.b1)[N],#f2[N]>,5<#d2[N],b1[N]>,5<(#f2.#f1)[N],#d2[N]>,5<b1[N],#f1[N]>,5<(#d2.#d1)[N],b1[N]>,5<#f1[N],#d1[N]>,5<(b1.b)[N],#f1[N]>,5<#d1[N],b[N]>,5<e1[N],g1[N]>,5<b1[N],e2[N]>,5<g1[N],b1[N]>,5<e2[N],g2[N]>,5<b1[N],e2[N]>,5<g2[N],b2[N]>,5<e2[N],g2[N]>,5<b2[N],e3[N]>,5<(g2.g3)[N],b2[N]>,5<e3[N],g3[N]>,5<(b2.b3)[N],e3[N]>,5<g3[N],b3[N]>,5<(e3.e4)[N],g3[N]>,5<b3[N],e4[N]>,5<(g3.g4)[N],b3[N]>,5<e4[N],g4[N]>,5<g4[N],e4[N]>,5<b3[N],g3[N]>,5<e4[N],b3[N]>,5<g3[N],e3[N]>,5<b3[N],g3[N]>,5<e3[N],b2[N]>,5<g3[N],e3[N]>,5<b2[N],g2[N]>,5<(e3.e2)[N],b2[N]>,5<g2[N],e2[N]>,5<(b2.b1)[N],g2[N]>,5<e2[N],b1[N]>,5<(g2.g1)[N],e2[N]>,5<b1[N],g1[N]>,5<(e2.e1)[N],b1[N]>,5<g1[N],e1[N]>,5<d1[N],#f1[N]>,5<a1[N],d2[N]>,5<#f1[N],a1[N]>,5<d2[N],#f2[N]>,5<a1[N],d2[N]>,5<#f2[N],a2[N]>,5<d2[N],#f2[N]>,5<a2[N],d3[N]>,5<(#f2.#f3)[N],a2[N]>,5<d3[N],#f3[N]>,5<(a2.a3)[N],d3[N]>,5<#f3[N],a3[N]>,5<(d3.d4)[N],#f3[N]>,5<a3[N],d4[N]>,5<(#f3.#f4)[N],a3[N]>,5<d4[N],#f4[N]>,5<#f4[N],#d4[N]>,5<b3[N],#f3[N]>,5<#d4[N],b3[N]>,5<#f3[N],#d3[N]>,5<b3[N],#f3[N]>,5<#d3[N],b2[N]>,5<#f3[N],#d3[N]>,5<b2[N],#f2[N]>,5<(#d3.#d2)[N],b2[N]>,5<#f2[N],#d2[N]>,5<(b2.b1)[N],#f2[N]>,5<#d2[N],b1[N]>,5<(#f2.#f1)[N],#d2[N]>,5<b1[N],#f1[N]>,5<(#d2.#d1)[N],b1[N]>,5<#f1[N],#d1[N]>,ST,e2[K],e2[K],#f2[K],g2[K],b2[K],a2[K],a2[JK],T,#f2[K],g2[K],a2[J],#f2[K],d2[K],a2[J],g2[K],#f2[K],g2[K],#f2[K],e2[JK],T,g2[K],a2[K],#a2[K],#A-3[L],#A-2[L],#A-3[L],#A-2[L],#A-3[L],#A-2[L],#A-3[L],#A-2[L],#A-3[L],#A-2[L],#A-3[L],#A-2[L],#A-3[L],#A-2[L],#A-3[L],#A-2[L],C-2[L],C-1[L],C-2[L],C-1[L],C-2[L],C-1[L],C-2[L],C-1[L],C-2[L],C-1[L],C-2[L],C-1[L],C-2[L],C-1[L],C-2[L],C-1[L],D-2[L],D-1[L],D-2[L],D-1[L],D-2[L],D-1[L],D-2[L],D-1[L],D-2[L],D-1[L],D-2[L],D-1[L],D-2[L],D-1[L],D-2[L],D-1[L],D-2[M],D-1[M],D-2[M],D-1[M],D-2[M],D-1[M],D-2[M],D-1[M],D-2[M],D-1[M],D-2[M],D-1[M],D-2[M],D-1[M],D-2[M],D-1[M],(D-1.d)[K],(D-2.D-1)[J],(D-2.D-1)[K],","ST,(g2.g3)[L],(a2.a3)[L],(b2.b3)[K],(b2.b3)[K],(d3.d4)[L],(e3.e4)[L],(g3.g4)[JL],(a3.a4)[K],(g3.g4)[K],(e3.e4)[K],(d3.d4)[L],(b2.b3)[K],(a2.a3)[L],(g2.g3)[L],(a2.a3)[K],RT,(g2.g3)[L],(a2.a3)[L],(a2.a3)[LM],(b2.b3)[N],(a2.a3)[N],(g2.g3)[L],(a2.a3)[L],(b2.b3)[K],(g2.g3)[L],(e2.e3)[L],(e2.e3)[L],(d2.d3)[L],(e2.e3)[K],T,(b1.e2.g2.b2.e3)[L],(b1.e2.g2.b2.e3)[L],(b1.e2.g2.b2.e3)[KL],(e2.e3)[L],QQQQ,(d2.#f2)[K],(d2.g2)[K],(d2.#f2)[K],(b1.d2)[J],(g1.b1)[J],(g1.b1)[K],(b1.#f2)[K],(b1.g2)[K],(b1.a2)[K],(b1.g2)[J],(b1.g2)[J],(b1.g2)[K],(c2.e2.b2)[K],(c2.e2.c3)[L],(c2.e2.b2)[K],(c2.e2.g2)[KL],(c2.e2.b2)[K],(c2.e2.c3)[L],(c2.e2.b2)[K],(c2.e2.g2)[K],(d2.#f2.a2)[JL],(d2.#f2.a2)[L],g2[L],e2[L],d2[L],SU,#d2[L],f2[K],(#g.#d1.g1)[JK],(#g.#d1.g1)[J],(#g.#d1.g1)[JK],(#g.#d1.g1)[JK],(#g.#d1.g1)[J],(#g.#d1.g1)[JK],(#d.#a.d1)[JK],(#d.#a.d1)[J],(#d.#a.d1)[JK],(c.g.#a)[JK],(c.g.#a)[J],(c.g.#a)[JK],(#g.c1.#d1)[I],(#g.c1.#d1)[I],(#a.d1.f1)[I],(#a.d1.f1)[I],(c1.e1.g1)[I],(c1.e1.g1)[I],(d1.#f1.a1)[I],(d1.#f1.a1)[I],(C-2.C-1)[L],(C-2.C-1)[L],(C-2.C-1)[L],U,(c.e.g)[L],(c.e.g)[L],(c.e.g)[L],U,(C-2.C-1)[L],(C-2.C-1)[L],(C-2.C-1)[L],U,(c.e.g)[L],(c.e.g)[L],(c.e.g)[L],U,(B-3.B-2)[L],(B-3.B-2)[L],(B-3.B-2)[L],U,(B-1.#d.#f)[L],(B-1.#d.#f)[L],(B-1.#d.#f)[L],U,(B-3.B-2)[L],(B-3.B-2)[L],(B-3.B-2)[L],U,(B-1.#d.#f)[L],(B-1.#d.#f)[L],(B-1.#d.#f)[L],U,(E-2.E-1)[L],(E-2.E-1)[L],(E-2.E-1)[L],U,(e.g.b)[L],(e.g.b)[L],(e.g.b)[L],U,(E-2.E-1)[L],(E-2.E-1)[L],(E-2.E-1)[L],U,(e.g.b)[L],(e.g.b)[L],(e.g.b)[L],U,(A-3.A-2)[L],(A-3.A-2)[L],(A-3.A-2)[L],U,(A-1.#c.e)[L],(A-1.#c.e)[L],(A-1.#c.e)[L],U,(A-3.A-2)[L],(A-3.A-2)[L],(A-3.A-2)[L],U,(A-1.#c.e)[L],(A-1.#c.e)[L],(A-1.#c.e)[L],U,(C-2.C-1)[L],(C-2.C-1)[L],(C-2.C-1)[L],U,(c.e.g)[L],(c.e.g)[L],(c.e.g)[L],U,(C-2.C-1)[L],(C-2.C-1)[L],(C-2.C-1)[L],U,(c.e.g)[L],(c.e.g)[L],(c.e.g)[L],U,(B-3.B-2)[L],(B-3.B-2)[L],(B-3.B-2)[L],U,(B-1.#d.#f)[L],(B-1.#d.#f)[L],(B-1.#d.#f)[L],U,(B-3.B-2)[L],(B-3.B-2)[L],(B-3.B-2)[L],U,(B-1.#d.#f)[L],(B-1.#d.#f)[L],(B-1.#d.#f)[L],U,(E-2.E-1)[L],(E-2.E-1)[L],(E-2.E-1)[L],U,(e.g.b)[L],(e.g.b)[L],(e.g.b)[L],U,(E-2.E-1)[L],(E-2.E-1)[L],(E-2.E-1)[L],U,(e.g.b)[L],(e.g.b)[L],(e.g.b)[L],U,(D-2.D-1)[L],(D-2.D-1)[L],(D-2.D-1)[L],U,(d.#f.a)[L],(d.#f.a)[L],(d.#f.a)[L],U,(B-3.B-2)[L],(B-3.B-2)[L],(B-3.B-2)[L],U,(B-1.#d.#f.b)[L],(B-1.#d.#f.b)[L],(B-1.#d.#f.b)[L],QQQQTU,(d2.f2.#a2)[K],(d2.f2.#a2)[K],(d2.f2.#a2)[J],(d2.f2.a2)[K],(d2.f2.#a2)[K],(d2.f2.c3)[J],(c2.e2.c3)[K],(c2.e2.c3)[K],(c2.e2.c3)[J],(#a1.#a2)[K],(c2.c3)[K],(d2.#f2.a2.d3)[J],(d2.#f2.a2.d3)[K],(d2.#f2.a2.d3)[K],(d2.#f2.a2.d3)[J],(d2.#f2.a2.e3)[J],(d2.#f2.a2.d3)[IJK],(d2.d3)[LM],(f2.f3)[M],(g2.g3)[K],","(E-2.E-1)[L],E-2[L],(E-2.E-1)[K],(E-2.E-1)[L],E-2[L],(E-2.E-1)[K],(E-2.E-1)[L],E-2[L],(E-2.E-1)[K],(E-2.E-1)[L],E-2[L],(E-2.E-1)[K],(E-2.E-1)[L],E-2[L],(E-2.E-1)[K],(E-2.E-1)[L],E-2[L],(E-2.E-1)[K],(E-2.E-1)[L],E-2[L],(E-2.E-1)[K],(E-2.E-1)[L],E-2[L],(E-2.E-1)[K],(E-2.E-1)[L],E-2[L],(E-2.E-1)[K],(E-2.E-1)[L],E-2[L],(E-2.E-1)[K],(E-2.E-1)[L],E-2[L],(E-2.E-1)[K],(E-2.E-1)[L],E-2[L],(E-2.E-1)[K],(E-2.E-1)[L],E-2[L],(E-2.E-1)[K],(E-2.E-1)[L],E-2[L],(E-2.E-1)[K],(E-2.E-1)[L],E-2[L],(E-2.E-1)[K],(E-2.E-1)[L],E-2[L],(E-2.E-1)[K],(E-2.E-1)[L],(e1.g1)[L],b[L],(e1.g1)[L],(E-1.e)[L],(e1.g1)[L],b[L],(e1.g1)[L],(E-2.E-1)[L],(e1.g1)[L],b[L],(e1.g1)[L],(E-1.e)[L],(e1.g1)[L],b[L],(e1.g1)[L],(D-2.D-1)[L],(d1.#f1)[L],a[L],(d1.#f1)[L],(D-1.d)[L],(d1.#f1)[L],a[L],(d1.#f1)[L],(D-2.D-1)[L],(d1.#f1)[L],a[L],(d1.#f1)[L],(D-1.d)[L],(d1.#f1)[L],a[L],(d1.#f1)[L],(C-2.C-1)[L],(c1.e1)[L],g[L],(c1.e1)[L],(C-1.c)[L],(c1.e1)[L],g[L],(c1.e1)[L],(C-2.C-1)[L],(c1.e1)[L],g[L],(c1.e1)[L],(C-1.c)[L],(c1.e1)[L],g[L],(c1.e1)[L],(B-3.B-2)[K],(B-1.#d.#f)[KL],(B-2.B-1)[M],(B-2.B-1)[M],(B-2.B-1)[L],(B-2.B-1)[L],(B-3.B-2)[K],(B-3.B-2)[J],ST,(g.b.d1)[JK],(g.b.d1)[JK],(B-1.e.g)[I],(B-1.d.g)[I],(c.e.g)[H],(A-1.d)[JK],(A-1.d.a)[JK],S,(#d1.g1)[K],(#d1.g1)[L],(#d1.g1)[K],(#d1.g1)[L],(#d1.g1)[JLM],(#d1.g1)[M],f1[LM],#d1[M],c1[K],(#d1.g1)[K],(#d1.g1)[L],(#d1.g1)[K],(#d1.g1)[L],(#d1.g1)[JLM],(#d1.g1)[M],f1[LM],#d1[M],c1[K],(#a.d1)[J],(#a.#d1)[J],(#a.f1)[J],(#a.#d1.#a1)[K],(#a.#d1.#g1)[J],(c1.#d1.g1)[K],(c1.#d1.g1)[I],S,(#g.c1)[KL],(#g.c1.g1)[KL],(#g.c1)[KL],(#g.c1.g1)[KL],f1[K],#d1[K],(#a.d1.f1)[KL],(#a.d1.#a1)[KL],(#a.d1.f1)[J],#d1[K],f1[J],(c1.e1.g1)[K],(c1.e1.g1)[J],(c1.e1.g1)[K],(c1.e1.g1)[J],(c1.e1.a1)[K],(c1.e1.a1)[JK],(d1.#f1.d2.#f2)[K],(d1.#f1.d2.#f2)[K],(d1.#f1.d2.#f2)[J],(d1.d2)[LM],(e1.e2)[M],(g1.g2)[K],(c3.e3.g3.b3)[I],(c3.e3.g3.b3)[K],(c3.e3.g3.b3)[K],(c3.e3.g3.b3)[K],(g2.g3)[L],(a2.a3)[L],U,(a2.a3)[KL],S,(d3.d4)[K],(c3.c4)[K],(b2.b3)[K],(g2.g3)[L],(a2.a3)[L],U,(a2.a3)[KL],T,(d2.d3)[L],(d2.d3)[L],(d2.d3)[K],(#f2.#f3)[K],(g2.g3)[K],(c3.c4)[L],(b2.b3)[JL],(g2.g3)[K],(c3.c4)[L],(b2.b3)[L],S,(d2.d3)[LM],(e2.e3)[M],(g2.g3)[K],(c3.e3.b3)[K],(c3.e3.b3.d4)[K],S,(b2.b3)[K],(b2.b3)[K],(b2.b3)[K],(g2.g3)[L],(a2.a3)[K],(a2.a3)[KL],T,(g2.g3)[L],(g2.g3)[L],(e3.e4)[K],(d3.d4)[K],(b2.b3)[K],(g2.g3)[L],(a2.a3)[L],TUV,(b2.b3)[M],(a2.a3)[LM],(g2.g3)[M],(e2.e3)[LM],(a2.a3)[J],(b2.b3)[M],(a2.a3)[LM],(g2.g3)[M],(e2.e3)[K],(d3.#f3.a3.d4)[K],(d3.#f3.a3.#c4)[K],T,(d3.#f3.a3.d4)[K],(#d3.#f3.a3.#c4)[K],T,(g2.g3)[K],(a2.a3)[L],(e2.e3)[L],QQQQT,(d1.f1.#a1)[K],(d1.f1.#a1)[K],(d1.f1.#a1)[J],(d1.f1.a1)[K],(d1.f1.#a1)[K],(d1.f1.c2)[J],(c1.e1.c2)[K],(c1.e1.c2)[K],(c1.e1.c2)[J],(#a.#a1)[K],(c1.c2)[K],(d1.#f1.a1.d2)[J],(d1.#f1.a1.d2)[K],(d1.#f1.a1.d2)[K],(d1.#f1.a1.d2)[J],(d1.#f1.a1.e2)[J],(d1.#f1.a1.d2)[IJK],(d1.d2)[LM],(f1.f2)[M],(g1.g2)[K],","ST,(g1.g2)[L],(a1.a2)[L],(b1.b2)[K],(b1.b2)[K],(d2.d3)[L],(e2.e3)[L],(g2.g3)[JL],(a2.a3)[K],(g2.g3)[K],(e2.e3)[K],(d2.d3)[L],(b1.b2)[K],(a1.a2)[L],(g1.g2)[L],(a1.a2)[K],RT,(g1.g2)[L],(a1.a2)[L],(a1.a2)[LM],(b1.b2)[N],(a1.a2)[N],(g1.g2)[L],(a1.a2)[L],(b1.b2)[K],(g1.g2)[L],(e1.e2)[L],(e1.e2)[L],(d1.d2)[L],(e1.e2)[K],T,(b.e1.g1.b1.e2)[L],(b.e1.g1.b1.e2)[L],(b.e1.g1.b1.e2)[KL],(e1.e2)[L],QQQQ,(d1.#f1)[K],(d1.g1)[K],(d1.#f1)[K],(b.d1)[J],(g.b)[J],(g.b)[K],(b.#f1)[K],(b.g1)[K],(b.a1)[K],(b.g1)[J],(b.g1)[J],(b.g1)[K],(c1.e1.b1)[K],(c1.e1.c2)[L],(c1.e1.b1)[K],(c1.e1.g1)[KL],(c1.e1.b1)[K],(c1.e1.c2)[L],(c1.e1.b1)[K],(c1.e1.g1)[K],(d1.#f1.a1)[JL],(d1.#f1.a1)[L],g1[L],e1[L],d1[L],SU,#d1[L],f1[K],(#d2.g2)[K],(#d2.g2)[L],(#d2.g2)[K],(#d2.g2)[L],(#d2.g2)[JLM],(#d2.g2)[M],f2[LM],#d2[M],c2[K],(#d2.g2)[K],(#d2.g2)[L],(#d2.g2)[K],(#d2.g2)[L],(#d2.g2)[JLM],(#d2.g2)[M],f2[LM],#d2[M],c2[K],(#a1.d2)[J],(#a1.#d2)[J],(#a1.f2)[J],(#a1.#d2.#a2)[K],(#a1.#d2.#g2)[J],(c2.#d2.g2)[K],(c2.#d2.g2)[I],S,(#g1.c2)[KL],(#g1.c2.g2)[KL],(#g1.c2)[KL],(#g1.c2.g2)[KL],f2[K],#d2[K],(#a1.d2.f2)[KL],(#a1.d2.#a2)[KL],(#a1.d2.f2)[J],#d2[K],f2[J],(c2.e2.g2)[K],(c2.e2.g2)[J],(c2.e2.g2)[K],(c2.e2.g2)[J],(c2.e2.a2)[K],(c2.e2.a2)[JK],(d2.#f2.d3.#f3)[K],(d2.#f2.d3.#f3)[K],(d2.#f2.d3.#f3)[J],(d2.d3)[LM],(e2.e3)[M],(g2.g3)[K],(c1.e1.g1.b1)[I],(c1.e1.g1.b1)[K],(c1.e1.g1.b1)[K],(c1.e1.g1.b1)[K],(g.g1)[L],(a.a1)[L],U,(a.a1)[KL],S,(d1.d2)[K],(c1.c2)[K],(b.b1)[K],(g.g1)[L],(a.a1)[L],U,(a.a1)[KL],T,(d.d1)[L],(d.d1)[L],(d.d1)[K],(#f.#f1)[K],(g.g1)[K],(c1.c2)[L],(b.b1)[JL],(g.g1)[K],(c1.c2)[L],(b.b1)[L],S,(d.d1)[LM],(e.e1)[M],(g.g1)[K],(c1.e1.b1)[K],(c1.e1.b1.d2)[K],S,(b.b1)[K],(b.b1)[K],(b.b1)[K],(g.g1)[L],(a.a1)[K],(a.a1)[KL],T,(g.g1)[L],(g.g1)[L],(e1.e2)[K],(d1.d2)[K],(b.b1)[K],(g.g1)[L],(a.a1)[L],TUV,(b.b1)[M],(a.a1)[LM],(g.g1)[M],(e.e1)[LM],(a.a1)[J],(b.b1)[M],(a.a1)[LM],(g.g1)[M],(e.e1)[K],(d1.#f1.a1.d2)[K],(d1.#f1.a1.#c2)[K],T,(d1.#f1.a1.d2)[K],(#d1.#f1.a1.#c2)[K],T,(g.g1)[K],(a.a1)[L],(e.e1)[L],(c.c1)[K],c1[K],e1[K],g1[K],(c.c1)[K],c1[K],e1[K],g1[K],(c.c1)[K],c1[K],#d1[K],g1[K],(c.c1)[K],c1[K],#d1[K],g1[K],(B-1.b)[K],b[K],d1[K],#f1[K],(B-1.b)[K],b[K],d1[K],#f1[K],(e.e1)[K],e1[K],g1[K],b1[K],(e.e1)[K],e1[K],g1[K],T,(d.f.#a)[JK],(d.f.#a)[J],(d.f.#a)[JK],(e.g.c1)[JK],(e.g.c1)[J],(e.g.c1)[JK],(#f.a.d1)[JK],(#f.a.d1)[J],(#f.a.d1)[I],(#f.a.d1)[JK],(#f.a.d1.#f1)[I],"]},{"id":3,"baseBeats":0.25,"scores":["5<c1[N],e1[N]>,5<g1[N],c2[N]>,5<e1[N],g1[N]>,5<c2[N],e2[N]>,5<g1[N],c2[N]>,5<e2[N],g2[N]>,5<c2[N],e2[N]>,5<g2[N],c3[N]>,5<(e2.e3)[N],g2[N]>,5<c3[N],e3[N]>,5<(g2.g3)[N],c3[N]>,5<e3[N],g3[N]>,5<(c3.c4)[N],e3[N]>,5<g3[N],c4[N]>,5<(e3.e4)[N],g3[N]>,5<c4[N],e4[N]>,5<e4[N],c4[N]>,5<g3[N],e3[N]>,5<c4[N],g3[N]>,5<e3[N],c3[N]>,5<g3[N],e3[N]>,5<c3[N],g2[N]>,5<e3[N],c3[N]>,5<g2[N],e2[N]>,5<(c3.c2)[N],g2[N]>,5<e2[N],c2[N]>,5<(g2.g1)[N],e2[N]>,5<c2[N],g1[N]>,5<(e2.e1)[N],c2[N]>,5<g1[N],e1[N]>,5<(c2.c1)[N],g1[N]>,5<e1[N],c1[N]>,5<b[N],#d1[N]>,5<#f1[N],b1[N]>,5<#d1[N],#f1[N]>,5<b1[N],#d2[N]>,5<#f1[N],b1[N]>,5<#d2[N],#f2[N]>,5<b1[N],#d2[N]>,5<#f2[N],b2[N]>,5<(#d2.#d3)[N],#f2[N]>,5<b2[N],#d3[N]>,5<(#f2.#f3)[N],b2[N]>,5<#d3[N],#f3[N]>,5<(b2.b3)[N],#d3[N]>,5<#f3[N],b3[N]>,5<(#d3.#d4)[N],#f3[N]>,5<b3[N],#d4[N]>,5<#d4[N],b3[N]>,5<#f3[N],#d3[N]>,5<b3[N],#f3[N]>,5<#d3[N],b2[N]>,5<#f3[N],#d3[N]>,5<b2[N],#f2[N]>,5<#d3[N],b2[N]>,5<#f2[N],#d2[N]>,5<(b2.b1)[N],#f2[N]>,5<#d2[N],b1[N]>,5<(#f2.#f1)[N],#d2[N]>,5<b1[N],#f1[N]>,5<(#d2.#d1)[N],b1[N]>,5<#f1[N],#d1[N]>,5<(b1.b)[N],#f1[N]>,5<#d1[N],b[N]>,5<e1[N],g1[N]>,5<b1[N],e2[N]>,5<g1[N],b1[N]>,5<e2[N],g2[N]>,5<b1[N],e2[N]>,5<g2[N],b2[N]>,5<e2[N],g2[N]>,5<b2[N],e3[N]>,5<(g2.g3)[N],b2[N]>,5<e3[N],g3[N]>,5<(b2.b3)[N],e3[N]>,5<g3[N],b3[N]>,5<(e3.e4)[N],g3[N]>,5<b3[N],e4[N]>,5<(g3.g4)[N],b3[N]>,5<e4[N],g4[N]>,5<g4[N],e4[N]>,5<b3[N],g3[N]>,5<e4[N],b3[N]>,5<g3[N],e3[N]>,5<b3[N],g3[N]>,5<e3[N],b2[N]>,5<g3[N],e3[N]>,5<b2[N],g2[N]>,5<(e3.e2)[N],b2[N]>,5<g2[N],e2[N]>,5<(b2.b1)[N],g2[N]>,5<e2[N],b1[N]>,5<(g2.g1)[N],e2[N]>,5<b1[N],g1[N]>,5<(e2.e1)[N],b1[N]>,5<g1[N],e1[N]>,5<a[N],#c1[N]>,5<e1[N],a1[N]>,5<#c1[N],e1[N]>,5<a1[N],#c2[N]>,5<e1[N],a1[N]>,5<#c2[N],e2[N]>,5<a1[N],#c2[N]>,5<e2[N],a2[N]>,5<(#c2.#c3)[N],e2[N]>,5<a2[N],#c3[N]>,5<(e2.e3)[N],a2[N]>,5<#c3[N],e3[N]>,5<(a2.a3)[N],#c3[N]>,5<e3[N],a3[N]>,5<(#c3.#c4)[N],e3[N]>,5<a3[N],#c4[N]>,5<#c4[N],a3[N]>,5<e3[N],#c3[N]>,5<a3[N],e3[N]>,5<#c3[N],a2[N]>,5<e3[N],#c3[N]>,5<a2[N],e2[N]>,5<#c3[N],a2[N]>,5<e2[N],#c2[N]>,5<(a2.a1)[N],e2[N]>,5<#c2[N],a1[N]>,5<(e2.e1)[N],#c2[N]>,5<a1[N],e1[N]>,5<(#c2.#c1)[N],a1[N]>,5<e1[N],#c1[N]>,5<(a1.a)[N],e1[N]>,5<#c1[N],a[N]>,5<c1[N],e1[N]>,5<g1[N],c2[N]>,5<e1[N],g1[N]>,5<c2[N],e2[N]>,5<g1[N],c2[N]>,5<e2[N],g2[N]>,5<c2[N],e2[N]>,5<g2[N],c3[N]>,5<(e2.e3)[N],g2[N]>,5<c3[N],e3[N]>,5<(g2.g3)[N],c3[N]>,5<e3[N],g3[N]>,5<(c3.c4)[N],e3[N]>,5<g3[N],c4[N]>,5<(e3.e4)[N],g3[N]>,5<c4[N],e4[N]>,5<e4[N],c4[N]>,5<g3[N],e3[N]>,5<c4[N],g3[N]>,5<e3[N],c3[N]>,5<g3[N],e3[N]>,5<c3[N],g2[N]>,5<e3[N],c3[N]>,5<g2[N],e2[N]>,5<(c3.c2)[N],g2[N]>,5<e2[N],c2[N]>,5<(g2.g1)[N],e2[N]>,5<c2[N],g1[N]>,5<(e2.e1)[N],c2[N]>,5<g1[N],e1[N]>,5<(c2.c1)[N],g1[N]>,5<e1[N],c1[N]>,5<b[N],#d1[N]>,5<#f1[N],b1[N]>,5<#d1[N],#f1[N]>,5<b1[N],#d2[N]>,5<#f1[N],b1[N]>,5<#d2[N],#f2[N]>,5<b1[N],#d2[N]>,5<#f2[N],b2[N]>,5<(#d2.#d3)[N],#f2[N]>,5<b2[N],#d3[N]>,5<(#f2.#f3)[N],b2[N]>,5<#d3[N],#f3[N]>,5<(b2.b3)[N],#d3[N]>,5<#f3[N],b3[N]>,5<(#d3.#d4)[N],#f3[N]>,5<b3[N],#d4[N]>,5<#d4[N],b3[N]>,5<#f3[N],#d3[N]>,5<b3[N],#f3[N]>,5<#d3[N],b2[N]>,5<#f3[N],#d3[N]>,5<b2[N],#f2[N]>,5<#d3[N],b2[N]>,5<#f2[N],#d2[N]>,5<(b2.b1)[N],#f2[N]>,5<#d2[N],b1[N]>,5<(#f2.#f1)[N],#d2[N]>,5<b1[N],#f1[N]>,5<(#d2.#d1)[N],b1[N]>,5<#f1[N],#d1[N]>,5<(b1.b)[N],#f1[N]>,5<#d1[N],b[N]>,5<e1[N],g1[N]>,5<b1[N],e2[N]>,5<g1[N],b1[N]>,5<e2[N],g2[N]>,5<b1[N],e2[N]>,5<g2[N],b2[N]>,5<e2[N],g2[N]>,5<b2[N],e3[N]>,5<(g2.g3)[N],b2[N]>,5<e3[N],g3[N]>,5<(b2.b3)[N],e3[N]>,5<g3[N],b3[N]>,5<(e3.e4)[N],g3[N]>,5<b3[N],e4[N]>,5<(g3.g4)[N],b3[N]>,5<e4[N],g4[N]>,5<g4[N],e4[N]>,5<b3[N],g3[N]>,5<e4[N],b3[N]>,5<g3[N],e3[N]>,5<b3[N],g3[N]>,5<e3[N],b2[N]>,5<g3[N],e3[N]>,5<b2[N],g2[N]>,5<(e3.e2)[N],b2[N]>,5<g2[N],e2[N]>,5<(b2.b1)[N],g2[N]>,5<e2[N],b1[N]>,5<(g2.g1)[N],e2[N]>,5<b1[N],g1[N]>,5<(e2.e1)[N],b1[N]>,5<g1[N],e1[N]>,5<d1[N],#f1[N]>,5<a1[N],d2[N]>,5<#f1[N],a1[N]>,5<d2[N],#f2[N]>,5<a1[N],d2[N]>,5<#f2[N],a2[N]>,5<d2[N],#f2[N]>,5<a2[N],d3[N]>,5<(#f2.#f3)[N],a2[N]>,5<d3[N],#f3[N]>,5<(a2.a3)[N],d3[N]>,5<#f3[N],a3[N]>,5<(d3.d4)[N],#f3[N]>,5<a3[N],d4[N]>,5<(#f3.#f4)[N],a3[N]>,5<d4[N],#f4[N]>,5<#f4[N],#d4[N]>,5<b3[N],#f3[N]>,5<#d4[N],b3[N]>,5<#f3[N],#d3[N]>,5<b3[N],#f3[N]>,5<#d3[N],b2[N]>,5<#f3[N],#d3[N]>,5<b2[N],#f2[N]>,5<(#d3.#d2)[N],b2[N]>,5<#f2[N],#d2[N]>,5<(b2.b1)[N],#f2[N]>,5<#d2[N],b1[N]>,5<(#f2.#f1)[N],#d2[N]>,5<b1[N],#f1[N]>,5<(#d2.#d1)[N],b1[N]>,5<#f1[N],#d1[N]>,5<c1[N],e1[N]>,5<g1[N],c2[N]>,5<e1[N],g1[N]>,5<c2[N],e2[N]>,5<g1[N],c2[N]>,5<e2[N],g2[N]>,5<c2[N],e2[N]>,5<g2[N],c3[N]>,5<(e2.e3)[N],g2[N]>,5<c3[N],e3[N]>,5<(g2.g3)[N],c3[N]>,5<e3[N],g3[N]>,5<(c3.c4)[N],e3[N]>,5<g3[N],c4[N]>,5<(e3.e4)[N],g3[N]>,5<c4[N],e4[N]>,5<e4[N],c4[N]>,5<g3[N],e3[N]>,5<c4[N],g3[N]>,5<e3[N],c3[N]>,5<g3[N],e3[N]>,5<c3[N],g2[N]>,5<e3[N],c3[N]>,5<g2[N],e2[N]>,5<(c3.c2)[N],g2[N]>,5<e2[N],c2[N]>,5<(g2.g1)[N],e2[N]>,5<c2[N],g1[N]>,5<(e2.e1)[N],c2[N]>,5<g1[N],e1[N]>,5<(c2.c1)[N],g1[N]>,5<e1[N],c1[N]>,5<b[N],#d1[N]>,5<#f1[N],b1[N]>,5<#d1[N],#f1[N]>,5<b1[N],#d2[N]>,5<#f1[N],b1[N]>,5<#d2[N],#f2[N]>,5<b1[N],#d2[N]>,5<#f2[N],b2[N]>,5<(#d2.#d3)[N],#f2[N]>,5<b2[N],#d3[N]>,5<(#f2.#f3)[N],b2[N]>,5<#d3[N],#f3[N]>,5<(b2.b3)[N],#d3[N]>,5<#f3[N],b3[N]>,5<(#d3.#d4)[N],#f3[N]>,5<b3[N],#d4[N]>,5<#d4[N],b3[N]>,5<#f3[N],#d3[N]>,5<b3[N],#f3[N]>,5<#d3[N],b2[N]>,5<#f3[N],#d3[N]>,5<b2[N],#f2[N]>,5<#d3[N],b2[N]>,5<#f2[N],#d2[N]>,5<(b2.b1)[N],#f2[N]>,5<#d2[N],b1[N]>,5<(#f2.#f1)[N],#d2[N]>,5<b1[N],#f1[N]>,5<(#d2.#d1)[N],b1[N]>,5<#f1[N],#d1[N]>,5<(b1.b)[N],#f1[N]>,5<#d1[N],b[N]>,5<e1[N],g1[N]>,5<b1[N],e2[N]>,5<g1[N],b1[N]>,5<e2[N],g2[N]>,5<b1[N],e2[N]>,5<g2[N],b2[N]>,5<e2[N],g2[N]>,5<b2[N],e3[N]>,5<(g2.g3)[N],b2[N]>,5<e3[N],g3[N]>,5<(b2.b3)[N],e3[N]>,5<g3[N],b3[N]>,5<(e3.e4)[N],g3[N]>,5<b3[N],e4[N]>,5<(g3.g4)[N],b3[N]>,5<e4[N],g4[N]>,5<g4[N],e4[N]>,5<b3[N],g3[N]>,5<e4[N],b3[N]>,5<g3[N],e3[N]>,5<b3[N],g3[N]>,5<e3[N],b2[N]>,5<g3[N],e3[N]>,5<b2[N],g2[N]>,5<(e3.e2)[N],b2[N]>,5<g2[N],e2[N]>,5<(b2.b1)[N],g2[N]>,5<e2[N],b1[N]>,5<(g2.g1)[N],e2[N]>,5<b1[N],g1[N]>,5<(e2.e1)[N],b1[N]>,5<g1[N],e1[N]>,5<a[N],#c1[N]>,5<e1[N],a1[N]>,5<#c1[N],e1[N]>,5<a1[N],#c2[N]>,5<e1[N],a1[N]>,5<#c2[N],e2[N]>,5<a1[N],#c2[N]>,5<e2[N],a3[N]>,5<(#c2.#c3)[N],e2[N]>,5<a2[N],#c3[N]>,5<(e2.e3)[N],a2[N]>,5<#c3[N],e3[N]>,5<(a2.a3)[N],#c3[N]>,5<e3[N],a3[N]>,5<(#c3.#c4)[N],e3[N]>,5<a3[N],#c4[N]>,5<#c4[N],a3[N]>,5<e3[N],#c3[N]>,5<a3[N],e3[N]>,5<#c3[N],a2[N]>,5<e3[N],#c3[N]>,5<a2[N],e2[N]>,5<#c3[N],a2[N]>,5<e2[N],#c2[N]>,5<(a2.a1)[N],e2[N]>,5<#c2[N],a1[N]>,5<(e2.e1)[N],#c2[N]>,5<a1[N],e1[N]>,5<(#c2.#c1)[N],a1[N]>,5<e1[N],#c1[N]>,5<(a1.a)[N],e1[N]>,5<#c1[N],a[N]>,5<c1[N],e1[N]>,5<g1[N],c2[N]>,5<e1[N],g1[N]>,5<c2[N],e2[N]>,5<g1[N],c2[N]>,5<e2[N],g2[N]>,5<c2[N],e2[N]>,5<g2[N],c3[N]>,5<(e2.e3)[N],g2[N]>,5<c3[N],e3[N]>,5<(g2.g3)[N],c3[N]>,5<e3[N],g3[N]>,5<(c3.c4)[N],e3[N]>,5<g3[N],c4[N]>,5<(e3.e4)[N],g3[N]>,5<c4[N],e4[N]>,5<e4[N],c4[N]>,5<g3[N],e3[N]>,5<c4[N],g3[N]>,5<e3[N],c3[N]>,5<g3[N],e3[N]>,5<c3[N],g2[N]>,5<e3[N],c3[N]>,5<g2[N],e2[N]>,5<(c3.c2)[N],g2[N]>,5<e2[N],c2[N]>,5<(g2.g1)[N],e2[N]>,5<c2[N],g1[N]>,5<(e2.e1)[N],c2[N]>,5<g1[N],e1[N]>,5<(c2.c1)[N],g1[N]>,5<e1[N],c1[N]>,5<b[N],#d1[N]>,5<#f1[N],b1[N]>,5<#d1[N],#f1[N]>,5<b1[N],#d2[N]>,5<#f1[N],b1[N]>,5<#d2[N],#f2[N]>,5<b1[N],#d2[N]>,5<#f2[N],b2[N]>,5<(#d2.#d3)[N],#f2[N]>,5<b2[N],#d3[N]>,5<(#f2.#f3)[N],b2[N]>,5<#d3[N],#f3[N]>,5<(b2.b3)[N],#d3[N]>,5<#f3[N],b3[N]>,5<(#d3.#d4)[N],#f3[N]>,5<b3[N],#d4[N]>,5<#d4[N],b3[N]>,5<#f3[N],#d3[N]>,5<b3[N],#f3[N]>,5<#d3[N],b2[N]>,5<#f3[N],#d3[N]>,5<b2[N],#f2[N]>,5<#d3[N],b2[N]>,5<#f2[N],#d2[N]>,5<(b2.b1)[N],#f2[N]>,5<#d2[N],b1[N]>,5<(#f2.#f1)[N],#d2[N]>,5<b1[N],#f1[N]>,5<(#d2.#d1)[N],b1[N]>,5<#f1[N],#d1[N]>,5<(b1.b)[N],#f1[N]>,5<#d1[N],b[N]>,5<e1[N],g1[N]>,5<b1[N],e2[N]>,5<g1[N],b1[N]>,5<e2[N],g2[N]>,5<b1[N],e2[N]>,5<g2[N],b2[N]>,5<e2[N],g2[N]>,5<b2[N],e3[N]>,5<(g2.g3)[N],b2[N]>,5<e3[N],g3[N]>,5<(b2.b3)[N],e3[N]>,5<g3[N],b3[N]>,5<(e3.e4)[N],g3[N]>,5<b3[N],e4[N]>,5<(g3.g4)[N],b3[N]>,5<e4[N],g4[N]>,5<g4[N],e4[N]>,5<b3[N],g3[N]>,5<e4[N],b3[N]>,5<g3[N],e3[N]>,5<b3[N],g3[N]>,5<e3[N],b2[N]>,5<g3[N],e3[N]>,5<b2[N],g2[N]>,5<(e3.e2)[N],b2[N]>,5<g2[N],e2[N]>,5<(b2.b1)[N],g2[N]>,5<e2[N],b1[N]>,5<(g2.g1)[N],e2[N]>,5<b1[N],g1[N]>,5<(e2.e1)[N],b1[N]>,5<g1[N],e1[N]>,5<a[N],#c1[N]>,5<e1[N],a1[N]>,5<#c1[N],e1[N]>,5<a1[N],#c2[N]>,5<e1[N],a1[N]>,5<#c2[N],e2[N]>,5<a1[N],#c2[N]>,5<e2[N],a2[N]>,5<(#c2.#c3)[N],e2[N]>,5<a2[N],#c3[N]>,5<(e2.e3)[N],a2[N]>,5<#c3[N],e3[N]>,5<(a2.a3)[N],#c3[N]>,5<e3[N],a3[N]>,5<(#c3.#c4)[N],e3[N]>,5<a3[N],#c4[N]>,5<#c4[N],a3[N]>,5<e3[N],#c3[N]>,5<a3[N],e3[N]>,5<#c3[N],a2[N]>,5<e3[N],#c3[N]>,5<a2[N],e2[N]>,5<#c3[N],a2[N]>,5<e2[N],#c2[N]>,5<(a2.a1)[N],e2[N]>,5<#c2[N],a1[N]>,5<(e2.e1)[N],#c2[N]>,5<a1[N],e1[N]>,5<(#c2.#c1)[N],a1[N]>,5<e1[N],#c1[N]>,5<(a1.a)[N],e1[N]>,5<#c1[N],a[N]>,5<d1[N],#f1[N]>,5<a1[N],d2[N]>,5<#f1[N],a1[N]>,5<d2[N],#f2[N]>,5<a1[N],d2[N]>,5<#f2[N],a2[N]>,5<d2[N],#f2[N]>,5<a2[N],d3[N]>,5<(#f2.#f3)[N],a2[N]>,5<d3[N],#f3[N]>,5<(a2.a3)[N],d3[N]>,5<#f3[N],a3[N]>,5<(d3.d4)[N],#f3[N]>,5<a3[N],d4[N]>,5<(#f3.#f4)[N],a3[N]>,5<d4[N],#f4[N]>,5<#f4[N],#d4[N]>,5<b3[N],#f3[N]>,5<#d4[N],b3[N]>,5<#f3[N],#d3[N]>,5<b3[N],#f3[N]>,5<#d3[N],b2[N]>,5<#f3[N],#d3[N]>,5<b2[N],#f2[N]>,5<(#d3.#d2)[N],b2[N]>,5<#f2[N],#d2[N]>,5<(b2.b1)[N],#f2[N]>,5<#d2[N],b1[N]>,5<(#f2.#f1)[N],#d2[N]>,5<b1[N],#f1[N]>,5<(#d2.#d1)[N],b1[N]>,5<#f1[N],#d1[N]>,(g.b.d1)[H],S,","(c1.e1.g1.b1.c3.e3.g3.b3)[I],(c1.e1.g1.b1.c3.e3.g3.b3)[K],(c1.e1.g1.b1.c3.e3.g3.b3)[K],(c1.e1.g1.b1.c3.e3.g3.b3)[K],(g.g1.g2.g3)[L],(a.a1.a2.a3)[L],(a.a1.a2.a3)[L],(a.a1.a2.a3)[KL],S,(d1.d2.d3.d4)[K],(c1.c2.c3.c4)[K],(b.b1.b2.b3)[K],(g.g1.g2.g3)[L],(a.a1.a2.a3)[L],U,(a.a1.a2.a3)[KL],T,(d.d1.d2.d3)[L],(d.d1.d2.d3)[L],(d.d1.d2.d3)[K],(#f.#f1.#f2.#f3)[K],(g.g1.g2.g3)[K],(c1.c2.c3.c4)[L],(b.b1.b2.b3)[JL],(g.g1.g2.g3)[K],(c1.c2.c3.c4)[L],(b.b1.b2.b3)[L],S,(d.d1.d2.d3)[LM],(e.e1.e2.e3)[M],(g.g1.g2.g3)[K],(c1.e1.b1.c3.e3.b3)[K],(c1.e1.b1.d2.c3.e3.b3.d4)[K],S,(b.b1.b2.b3)[K],(b.b1.b2.b3)[K],(b.b1.b2.b3)[K],(g.g1.g2.g3)[L],(a.a1.a2.a3)[K],(a.a1.a2.a3)[KL],T,(g.g1.g2.g3)[L],(g.g1.g2.g3)[L],(e1.e2.e3.e4)[K],(d1.d2.d3.d4)[K],(b.b1.b2.b3)[K],(g.g1.g2.g3)[L],(a.a1.a2.a3)[L],TUV,(b.b1.b2.b3)[M],(a.a1.a2.a3)[LM],(g.g1.g2.g3)[M],(e.e1.e2.e3)[LM],(a.a1.a2.a3)[J],(b.b1.b2.b3)[M],(a.a1.a2.a3)[LM],(g.g1.g2.g3)[M],(e.e1.e2.e3)[K],(d1.#f1.a1.d2.d3.#f3.a3.d4)[K],(d1.#f1.a1.#c2.d3.#f3.a3.#c4)[K],T,(d1.#f1.a1.d2.d3.#f3.a3.d4)[K],(#d1.#f1.a1.#c2.#d3.#f3.a3.#c4)[K],T,(d.d1.d2.d3)[LM],(e.e1.e2.e3)[M],(g.g1.g2.g3)[K],(c1.e1.g1.b1.c3.e3.g3.b3)[I],(c1.e1.g1.b1.c3.e3.g3.b3)[K],(c1.e1.g1.b1.c3.e3.g3.b3)[K],(c1.e1.g1.b1.c3.e3.g3.b3)[K],(g.g1.g2.g3)[L],(a.a1.a2.a3)[K],(a.a1.a2.a3)[KL],S,(d1.d2.d3.d4)[K],(c1.c2.c3.c4)[K],(b.b1.b2.b3)[K],(g.g1.g2.g3)[L],(a.a1.a2.a3)[L],U,(a.a1.a2.a3)[KL],T,(d.d1.d2.d3)[L],(d.d1.d2.d3)[L],(d.d1.d2.d3)[K],(#f.#f1.#f2.#f3)[K],(g.g1.g2.g3)[K],(c1.c2.c3.c4)[L],(b.b1.b2.b3)[JL],(g.g1.g2.g3)[K],(c1.c2.c3.c4)[L],(b.b1.b2.b3)[L],S,(d.d1.d2.d3)[LM],(e.e1.e2.e3)[M],(g.g1.g2.g3)[K],(c1.e1.b1.c3.e3.b3)[K],(c1.e1.b1.d2.c3.e3.b3.d4)[K],S,(b.b1.b2.b3)[K],(b.b1.b2.b3)[K],(b.b1.b2.b3)[K],(g.g1.g2.g3)[L],(a.a1.a2.a3)[K],(a.a1.a2.a3)[KL],T,(g.g1.g2.g3)[L],(g.g1.g2.g3)[L],(e1.e2.e3.e4)[K],(d1.d2.d3.d4)[K],(b.b1.b2.b3)[K],(g.g1.g2.g3)[L],(a.a1.a2.a3)[L],TUV,(b.b1.b2.b3)[M],(a.a1.a2.a3)[LM],(g.g1.g2.g3)[M],(e.e1.e2.e3)[LM],(a.a1.a2.a3)[J],(b.b1.b2.b3)[M],(a.a1.a2.a3)[LM],(g.g1.g2.g3)[M],(e.e1.e2.e3)[K],(d1.a1.d2.d3.a3.d4)[K],(d1.a1.#c2.d3.a3.#c4)[K],T,(d1.a1.d2.d3.a3.d4)[K],(#d1.#f1.a1.#c2.#d3.#f3.a3.#c4)[K],(g1.g2.g3.g4)[K],(a1.a2.a3.a4)[J],(d1.#f1.a1.d2.d3.#f3.a3.d4)[K],(d1.#f1.a1.#c2.d3.#f3.a3.#c4)[K],T,(d1.#f1.a1.d2.d3.#f3.a3.d4)[K],(#d1.#f1.a1.#c2.#d3.#f3.a3.#c4)[K],T,(g.g1.g2.g3)[K],(a.a1.a2.a3)[L],(e.e1.e2.e3)[HL],","(C-2.C-1)[L],(C-2.C-1)[L],(C-2.C-1)[L],U,(c.e.g)[L],(c.e.g)[L],(c.e.g)[L],U,(C-2.C-1)[L],(C-2.C-1)[L],(C-2.C-1)[L],U,(c.e.g)[L],(c.e.g)[L],(c.e.g)[L],U,(B-3.B-2)[L],(B-3.B-2)[L],(B-3.B-2)[L],U,(B-1.#d.#f)[L],(B-1.#d.#f)[L],(B-1.#d.#f)[L],U,(B-3.B-2)[L],(B-3.B-2)[L],(B-3.B-2)[L],U,(B-1.#d.#f)[L],(B-1.#d.#f)[L],(B-1.#d.#f)[L],U,(E-2.E-1)[L],(E-2.E-1)[L],(E-2.E-1)[L],U,(e.g.b)[L],(e.g.b)[L],(e.g.b)[L],U,(E-2.E-1)[L],(E-2.E-1)[L],(E-2.E-1)[L],U,(e.g.b)[L],(e.g.b)[L],(e.g.b)[L],U,(A-3.A-2)[L],(A-3.A-2)[L],(A-3.A-2)[L],U,(A-1.#c.e)[L],(A-1.#c.e)[L],(A-1.#c.e)[L],U,(A-3.A-2)[L],(A-3.A-2)[L],(A-3.A-2)[L],U,(A-1.#c.e)[L],(A-1.#c.e)[L],(A-1.#c.e)[L],U,(C-2.C-1)[L],(C-2.C-1)[L],(C-2.C-1)[L],U,(c.e.g)[L],(c.e.g)[L],(c.e.g)[L],U,(C-2.C-1)[L],(C-2.C-1)[L],(C-2.C-1)[L],U,(c.e.g)[L],(c.e.g)[L],(c.e.g)[L],U,(B-3.B-2)[L],(B-3.B-2)[L],(B-3.B-2)[L],U,(B-1.#d.#f)[L],(B-1.#d.#f)[L],(B-1.#d.#f)[L],U,(B-3.B-2)[L],(B-3.B-2)[L],(B-3.B-2)[L],U,(B-1.#d.#f)[L],(B-1.#d.#f)[L],(B-1.#d.#f)[L],U,(E-2.E-1)[L],(E-2.E-1)[L],(E-2.E-1)[L],U,(e.g.b)[L],(e.g.b)[L],(e.g.b)[L],U,(E-2.E-1)[L],(E-2.E-1)[L],(E-2.E-1)[L],U,(e.g.b)[L],(e.g.b)[L],(e.g.b)[L],U,(D-2.D-1)[L],(D-2.D-1)[L],(D-2.D-1)[L],U,(d.#f.a)[L],(d.#f.a)[L],(d.#f.a)[L],U,(B-3.B-2)[L],(B-3.B-2)[L],(B-3.B-2)[L],U,(B-1.#d.#f.b)[L],(B-1.#d.#f.b)[L],(B-1.#d.#f.b)[L],U,(C-2.C-1)[L],(C-2.C-1)[L],(C-2.C-1)[L],U,(c.e.g)[L],(c.e.g)[L],(c.e.g)[L],U,(C-2.C-1)[L],(C-2.C-1)[L],(C-2.C-1)[L],U,(c.e.g)[L],(c.e.g)[L],(c.e.g)[L],U,(B-3.B-2)[L],(B-3.B-2)[L],(B-3.B-2)[L],U,(B-1.#d.#f)[L],(B-1.#d.#f)[L],(B-1.#d.#f)[L],U,(B-3.B-2)[L],(B-3.B-2)[L],(B-3.B-2)[L],U,(B-1.#d.#f)[L],(B-1.#d.#f)[L],(B-1.#d.#f)[L],U,(E-2.E-1)[L],(E-2.E-1)[L],(E-2.E-1)[L],U,(e.g.b)[L],(e.g.b)[L],(e.g.b)[L],U,(E-2.E-1)[L],(E-2.E-1)[L],(E-2.E-1)[L],U,(e.g.b)[L],(e.g.b)[L],(e.g.b)[L],U,(A-3.A-2)[L],(A-3.A-2)[L],(A-3.A-2)[L],U,(A-1.#c.e)[L],(A-1.#c.e)[L],(A-1.#c.e)[L],U,(A-3.A-2)[L],(A-3.A-2)[L],(A-3.A-2)[L],U,(A-1.#c.e)[L],(A-1.#c.e)[L],(A-1.#c.e)[L],U,(C-2.C-1)[L],(C-2.C-1)[L],(C-2.C-1)[L],U,(c.e.g)[L],(c.e.g)[L],(c.e.g)[L],U,(C-2.C-1)[L],(C-2.C-1)[L],(C-2.C-1)[L],U,(c.e.g)[L],(c.e.g)[L],(c.e.g)[L],U,(B-3.B-2)[L],(B-3.B-2)[L],(B-3.B-2)[L],U,(B-1.#d.#f)[L],(B-1.#d.#f)[L],(B-1.#d.#f)[L],U,(B-3.B-2)[L],(B-3.B-2)[L],(B-3.B-2)[L],U,(B-1.#d.#f)[L],(B-1.#d.#f)[L],(B-1.#d.#f)[L],U,(E-2.E-1)[L],(E-2.E-1)[L],(E-2.E-1)[L],U,(e.g.b)[L],(e.g.b)[L],(e.g.b)[L],U,(E-2.E-1)[L],(E-2.E-1)[L],(E-2.E-1)[L],U,(e.g.b)[L],(e.g.b)[L],(e.g.b)[L],U,(A-3.A-2)[L],(A-3.A-2)[L],(A-3.A-2)[L],U,(A-1.#c.e)[L],(A-1.#c.e)[L],(A-1.#c.e)[L],U,(A-3.A-2)[L],(A-3.A-2)[L],(A-3.A-2)[L],U,(A-1.#c.e)[L],(A-1.#c.e)[L],(A-1.#c.e)[L],U,(D-2.D-1)[L],(D-2.D-1)[L],(D-2.D-1)[L],U,(d.#f.a)[L],(d.#f.a)[L],(d.#f.a)[L],U,(B-3.B-2)[L],(B-3.B-2)[L],(B-3.B-2)[L],U,(B-1.#d.#f.b)[L],(B-1.#d.#f.b)[L],(B-1.#d.#f.b)[L],U,(E-2.B-2.E-1)[H],","ST,(c3.g3.d4)[JKL],(c3.c4)[L],(b2.b3)[L],(c3.c4)[L],(b2.b3)[KL],(c3.c4)[L],(b2.b3)[L],(a2.a3)[L],(g2.g3)[L],(a2.a3)[IL],T,(g3.b3.e4.g4)[K],(e3.g3.b3.e4)[IJ],T,(a3.e4.g4)[K],(a3.e4)[J],T,(a3.e4)[KL],g4[L],e4[K],(g3.b3.d4.#f4)[I],(g3.b3.d4.g4)[I],(#d3.#f3.#d4.#f4)[K],(#d3.#f3.#d4)[K],QTUV,(#f3.#f4)[IM],QS,(c3.e3.g3.b3)[K],(c3.c4)[K],(c3.g3.d4)[K],(c3.g3.d4)[K],(c3.c4)[K],(b2.b3)[L],(b2.b3)[K],(a2.a3)[JL],(a2.a3)[K],(a2.a3)[I],T,(g3.b3.e4.g4)[K],(e3.g3.b3.e4)[KL],(d3.d4)[L],RST,(d2.d3)[K],(g2.g3)[K],(a2.a3)[K],(b2.b3)[K],(d3.d4)[K],(c3.e3.b3)[KLM],(c3.e3.a3)[M],(c3.e3.g3)[K],(c3.e3)[K],QQQQR,#f[H],"]}]}