{"baseBpm":50,"musics":[{"bpm":50,"baseBeats":0.25,"scores":["mute[M],5<V>,5<V>,mute[M],mute[M],5<V>,5<V>,mute[M],5<V>,mute[LM],5<V>,mute[LM],mute[M],5<V>,5<V>,mute[M],mute[M],5<V>,5<V>,mute[M],5<V>,mute[LM],5<V>,mute[JLM],mute[M],mute[M],mute[M],mute[M],mute[M],5<V>,mute[L],mute[M],mute[M],mute[M],5<V>,mute[L],mute[L],mute[M],mute[M],mute[M],mute[M],mute[M],5<V>,mute[L],mute[M],mute[M],mute[M],5<V>,mute[L],mute[L],mute[M],mute[M],mute[M],mute[M],mute[M],mute[M],mute[M],mute[M],mute[M],mute[M],mute[M],mute[M],mute[L],5<V>,5<V>,mute[M],mute[M],mute[M],mute[M],mute[M],5<V>,mute[M],mute[M],mute[M],mute[M],mute[M],5<V>,mute[L],mute[L],mute[M],mute[M],mute[M],mute[M],mute[L],mute[M],mute[M],mute[M],mute[M],mute[M],mute[M],mute[M],5<V>,mute[L],","(g1.d.a.a1)[MN],#f1[N],e1[N],#f1[N],d1[M],(d.a.g1.a1)[MN],#f1[N],e1[N],#f1[N],d1[M],(#g1.f1.b.d)[N],(b1.#g)[N],(a.#f1.a1)[LM],(d.b.f1.#g1)[N],(#g.b1)[N],(a1.#f1.a)[LM],(a1.g1.a.d)[MN],#f1[N],e1[N],#f1[N],d1[M],(g1.a1.d.a)[MN],#f1[N],e1[N],#f1[N],d1[M],(e.#c1.A-1.a1)[N],(#f.a)[N],(e.#c1)[LM],(a1.#c1.A-1.e)[N],(a.#f)[N],(#c1.e)[JLM],(d1.a.d.#f1)[M],e1[M],(#f1.d1.a.d)[M],(b1.#f1.d1.a.d)[M],(a1.d1.#f1.a.d)[MN],#c[O],B-1[O],(#f1.A-1)[L],(d1.a.d.#f1)[M],e1[M],(#f1.d1.b.d)[M],(#g1.d1.e.b)[N],#f1[N],(e1.#c1.a1.A-1.a.e)[L],(#c1.A-1.e.#c2.e1)[L],(d1.#f1.d.a)[M],e1[M],(#f1.d.a.d1)[M],(b1.d1.#f1.d.a)[M],(a1.d1.#f1.a.d)[MN],#c[O],B-1[O],(#f1.A-1)[L],(d1.#f1.B-1.#f)[M],e1[M],(#f1.b.#f.B-1.d1)[M],(a1.b.#f.B-1.#f1.d1)[N],g1[N],(g1.#f1.#c1.#a.#f.#F-1)[L],#f1[L],(#f1.#a.e1.#c1)[M],(#f1.#a.e1.#c1)[M],(g1.#a.#f1.e1.#c1)[M],(#f1.e1.#c1.#a)[M],(d2.d1.#f1.b)[M],(#f1.d1.b)[M],(b1.g1.d1.b)[M],(b.d1.g1)[M],(b1.e1.g1.a1.#c1)[M],(a1.#c1.e1.g1)[M],(b1.#c1.e1.g1.a1)[M],(a1.g1.e1.#c1)[M],(g1.d1.#f1.a1)[L],(e1.#c1.a)[N],#f1[N],e1[N],d1[N],(d1.#f1.d)[M],e1[M],(#f1.d.a.d1)[M],(b1.a.d.#f1.d1)[M],(a1.d1.#f1.a.d)[MN],#c[O],B-1[O],(#f1.A-1)[M],e1[M],(d1.a.d.#f1)[M],e1[M],(#f1.b.d.d1)[M],(#g1.d1.e.b)[N],#f1[N],(e1.#c1.a1.A-1.a.e)[L],(#c1.A-1.e.#c2.e1)[L],(d1.#f1.d.a)[M],e1[M],(#f1.d1.d.a)[M],(b1.a.d.#f1.d1)[M],(a1.d1.#f1.d.a)[L],(#f1.a.d.d1)[M],(a1.d1.#f1.d.a)[M],(#a1.#a.G-1.g1.d1)[M],a1[M],(g1.A-1.a.#c1)[M],(e1.#c1.g1.a.A-1)[M],(#f1.d.d1.a)[MN],e1[N],(d1.D-1)[L],"],"id":1,"instruments":["piano","piano"],"alternatives":["",""]},{"bpm":50,"baseBeats":0.25,"scores":["mute[M],5<V>,5<V>,mute[M],mute[M],5<V>,5<V>,mute[M],5<V>,mute[LM],5<V>,mute[LM],mute[M],5<V>,5<V>,mute[M],mute[M],5<V>,5<V>,mute[M],5<V>,mute[LM],5<V>,mute[JLM],mute[M],mute[M],mute[M],mute[M],mute[M],5<V>,mute[L],mute[M],mute[M],mute[M],5<V>,mute[L],mute[L],mute[M],mute[M],mute[M],mute[M],mute[M],5<V>,mute[L],mute[M],mute[M],mute[M],5<V>,mute[L],mute[L],mute[M],mute[M],mute[M],mute[M],mute[M],mute[M],mute[M],mute[M],mute[M],mute[M],mute[M],mute[M],mute[L],5<V>,5<V>,mute[M],mute[M],mute[M],mute[M],mute[M],5<V>,mute[M],mute[M],mute[M],mute[M],mute[M],5<V>,mute[L],mute[L],mute[M],mute[M],mute[M],mute[M],mute[L],mute[M],mute[M],mute[M],mute[M],mute[M],mute[M],mute[M],5<V>,mute[L],","(g1.d.a.a1)[MN],#f1[N],e1[N],#f1[N],d1[M],(d.a.g1.a1)[MN],#f1[N],e1[N],#f1[N],d1[M],(#g1.f1.b.d)[N],(b1.#g)[N],(a.#f1.a1)[LM],(d.b.f1.#g1)[N],(#g.b1)[N],(a1.#f1.a)[LM],(a1.g1.a.d)[MN],#f1[N],e1[N],#f1[N],d1[M],(g1.a1.d.a)[MN],#f1[N],e1[N],#f1[N],d1[M],(e.#c1.A-1.a1)[N],(#f.a)[N],(e.#c1)[LM],(a1.#c1.A-1.e)[N],(a.#f)[N],(#c1.e)[JLM],(d1.a.d.#f1)[M],e1[M],(#f1.d1.a.d)[M],(b1.#f1.d1.a.d)[M],(a1.d1.#f1.a.d)[MN],#c[O],B-1[O],(#f1.A-1)[L],(d1.a.d.#f1)[M],e1[M],(#f1.d1.b.d)[M],(#g1.d1.e.b)[N],#f1[N],(e1.#c1.a1.A-1.a.e)[L],(#c1.A-1.e.#c2.e1)[L],(d1.#f1.d.a)[M],e1[M],(#f1.d.a.d1)[M],(b1.d1.#f1.d.a)[M],(a1.d1.#f1.a.d)[MN],#c[O],B-1[O],(#f1.A-1)[L],(d1.#f1.B-1.#f)[M],e1[M],(#f1.b.#f.B-1.d1)[M],(a1.b.#f.B-1.#f1.d1)[N],g1[N],(g1.#f1.#c1.#a.#f.#F-1)[L],#f1[L],(#f1.#a.e1.#c1)[M],(#f1.#a.e1.#c1)[M],(g1.#a.#f1.e1.#c1)[M],(#f1.e1.#c1.#a)[M],(d2.d1.#f1.b)[M],(#f1.d1.b)[M],(b1.g1.d1.b)[M],(b.d1.g1)[M],(b1.e1.g1.a1.#c1)[M],(a1.#c1.e1.g1)[M],(b1.#c1.e1.g1.a1)[M],(a1.g1.e1.#c1)[M],(g1.d1.#f1.a1)[L],(e1.#c1.a)[N],#f1[N],e1[N],d1[N],(d1.#f1.d)[M],e1[M],(#f1.d.a.d1)[M],(b1.a.d.#f1.d1)[M],(a1.d1.#f1.a.d)[MN],#c[O],B-1[O],(#f1.A-1)[M],e1[M],(d1.a.d.#f1)[M],e1[M],(#f1.b.d.d1)[M],(#g1.d1.e.b)[N],#f1[N],(e1.#c1.a1.A-1.a.e)[L],(#c1.A-1.e.#c2.e1)[L],(d1.#f1.d.a)[M],e1[M],(#f1.d1.d.a)[M],(b1.a.d.#f1.d1)[M],(a1.d1.#f1.d.a)[L],(#f1.a.d.d1)[M],(a1.d1.#f1.d.a)[M],(#a1.#a.G-1.g1.d1)[M],a1[M],(g1.A-1.a.#c1)[M],(e1.#c1.g1.a.A-1)[M],(#f1.d.d1.a)[MN],e1[N],(d1.D-1)[L],"],"id":2,"instruments":["piano","piano"],"alternatives":["",""]},{"bpm":50,"baseBeats":0.25,"scores":["mute[M],5<V>,5<V>,mute[M],mute[M],5<V>,5<V>,mute[M],5<V>,mute[LM],5<V>,mute[LM],mute[M],5<V>,5<V>,mute[M],mute[M],5<V>,5<V>,mute[M],5<V>,mute[LM],5<V>,mute[JLM],mute[M],mute[M],mute[M],mute[M],mute[M],5<V>,mute[L],mute[M],mute[M],mute[M],5<V>,mute[L],mute[L],mute[M],mute[M],mute[M],mute[M],mute[M],5<V>,mute[L],mute[M],mute[M],mute[M],5<V>,mute[L],mute[L],mute[M],mute[M],mute[M],mute[M],mute[M],mute[M],mute[M],mute[M],mute[M],mute[M],mute[M],mute[M],mute[L],5<V>,5<V>,mute[M],mute[M],mute[M],mute[M],mute[M],5<V>,mute[M],mute[M],mute[M],mute[M],mute[M],5<V>,mute[L],mute[L],mute[M],mute[M],mute[M],mute[M],mute[L],mute[M],mute[M],mute[M],mute[M],mute[M],mute[M],mute[M],5<V>,mute[L],5<V>,mute[LM],5<V>,mute[LM],5<V>,mute[M],5<V>,mute[M],mute[J],","(g1.d.a.a1)[MN],#f1[N],e1[N],#f1[N],d1[M],(d.a.g1.a1)[MN],#f1[N],e1[N],#f1[N],d1[M],(#g1.f1.b.d)[N],(b1.#g)[N],(a.#f1.a1)[LM],(d.b.f1.#g1)[N],(#g.b1)[N],(a1.#f1.a)[LM],(a1.g1.a.d)[MN],#f1[N],e1[N],#f1[N],d1[M],(g1.a1.d.a)[MN],#f1[N],e1[N],#f1[N],d1[M],(e.#c1.A-1.a1)[N],(#f.a)[N],(e.#c1)[LM],(a1.#c1.A-1.e)[N],(a.#f)[N],(#c1.e)[JLM],(d1.a.d.#f1)[M],e1[M],(#f1.d1.a.d)[M],(b1.#f1.d1.a.d)[M],(a1.d1.#f1.a.d)[MN],#c[O],B-1[O],(#f1.A-1)[L],(d1.a.d.#f1)[M],e1[M],(#f1.d1.b.d)[M],(#g1.d1.e.b)[N],#f1[N],(e1.#c1.a1.A-1.a.e)[L],(#c1.A-1.e.#c2.e1)[L],(d1.#f1.d.a)[M],e1[M],(#f1.d.a.d1)[M],(b1.d1.#f1.d.a)[M],(a1.d1.#f1.a.d)[MN],#c[O],B-1[O],(#f1.A-1)[L],(d1.#f1.B-1.#f)[M],e1[M],(#f1.b.#f.B-1.d1)[M],(a1.b.#f.B-1.#f1.d1)[N],g1[N],(g1.#f1.#c1.#a.#f.#F-1)[L],#f1[L],(#f1.#a.e1.#c1)[M],(#f1.#a.e1.#c1)[M],(g1.#a.#f1.e1.#c1)[M],(#f1.e1.#c1.#a)[M],(d2.d1.#f1.b)[M],(#f1.d1.b)[M],(b1.g1.d1.b)[M],(b.d1.g1)[M],(b1.e1.g1.a1.#c1)[M],(a1.#c1.e1.g1)[M],(b1.#c1.e1.g1.a1)[M],(a1.g1.e1.#c1)[M],(g1.d1.#f1.a1)[L],(e1.#c1.a)[N],#f1[N],e1[N],d1[N],(d1.#f1.d)[M],e1[M],(#f1.d.a.d1)[M],(b1.a.d.#f1.d1)[M],(a1.d1.#f1.a.d)[MN],#c[O],B-1[O],(#f1.A-1)[M],e1[M],(d1.a.d.#f1)[M],e1[M],(#f1.b.d.d1)[M],(#g1.d1.e.b)[N],#f1[N],(e1.#c1.a1.A-1.a.e)[L],(#c1.A-1.e.#c2.e1)[L],(d1.#f1.d.a)[M],e1[M],(#f1.d1.d.a)[M],(b1.a.d.#f1.d1)[M],(a1.d1.#f1.d.a)[L],(#f1.a.d.d1)[M],(a1.d1.#f1.d.a)[M],(#a1.#a.G-1.g1.d1)[M],a1[M],(g1.A-1.a.#c1)[M],(e1.#c1.g1.a.A-1)[M],(#f1.d.d1.a)[MN],e1[N],(d1.D-1)[L],(#f2.#f1.a.d)[N],a1[N],d2[LM],(#f2.#f1.a.d)[N],a1[N],d2[LM],(#f2.#f1.a.d)[N],a1[N],d2[M],#f2[N],a1[N],d2[M],(a.d.d3)[J],"],"id":3,"instruments":["piano","piano"],"alternatives":["",""]}],"audition":{"start":[0,0],"end":[1,0]}}