{"baseBpm":45,"musics":[{"bpm":45,"baseBeats":0.25,"scores":["(g1.g.#a)[M],d1[M],(d2.g1)[M],(c2.a)[M],d1[M],(d2.#f1)[M],(#a1.g.#a)[M],d1[M],g1[M],(a1.c1)[M],d1[M],#f1[M],(g1.g.#a)[M],5<d1[N],a1[N]>,(#a1.g1)[M],(c2.a)[M],5<d1[N],d2[N]>,(c2.#f1)[M],(#a1.g.#a)[M],d1[M],g1[M],(a1.c1)[M],d1[M],#f1[M],(g1.g.#a)[M],d1[M],(d2.g1)[M],(c2.a)[M],d1[M],(d2.#f1)[M],(#a1.g.#a)[M],d1[M],g1[M],(a1.c1)[M],d1[M],#f1[M],(g1.g.#a)[M],5<d1[N],a1[N]>,(#a1.g1)[M],(c2.a)[M],5<d1[N],d2[N]>,(c2.#f1)[M],(#a1.g.#a)[M],d1[M],g1[M],(a1.f)[M],#d1[M],f1[M],(#a1.#a.d1)[M],f1[M],(f2.#a1)[M],(e2.c1)[M],f1[M],(f2.a1)[M],(d2.#a.d1)[M],f1[M],#a1[M],(c2.#d1)[M],f1[M],a1[M],(#a1.#a.d1)[M],5<f1[N],c2[N]>,(d2.#a1)[M],(#d2.c1)[M],5<f1[N],f2[N]>,(#d2.a1)[M],(d2.#a.d1)[M],f1[M],#a1[M],(c2.#d1)[M],f1[M],a1[M],(#a1.#a.d1)[M],f1[M],(f2.#a1)[M],(e2.c1)[M],f1[M],(f2.a1)[M],(d2.#a.d1)[M],f1[M],#a1[M],(c2.#d1)[M],f1[M],a1[M],(#a1.#a.d1)[M],5<f1[N],c2[N]>,(d2.#a1)[M],(#d2.c1)[M],5<f1[N],f2[N]>,(#d2.a1)[M],(d2.#a.d1)[M],f1[M],#a1[M],(d2.c1.a)[M],d1[M],#f1[M],"],"id":1,"instruments":["piano"],"alternatives":[""]},{"bpm":45,"baseBeats":0.25,"scores":["(d2.g.#a)[M],d1[M],(d2.g1)[M],(c2.a)[M],d1[M],(d2.#f1)[M],(#a1.g.#a)[M],d1[M],g1[M],(a1.c1)[M],d1[M],#f1[M],(g1.g.#a)[M],5<d1[N],a1[N]>,(#a1.g1)[M],(c2.a)[M],5<d1[N],d2[N]>,(c2.#f1)[M],(#a1.g.#a)[M],d1[M],g1[M],(a1.c1)[M],d1[M],#f1[M],(g1.g.#a)[M],d1[M],(d2.g1)[M],(c2.a)[M],d1[M],(d2.#f1)[M],(#a1.g.#a)[M],d1[M],g1[M],(a1.c1)[M],d1[M],#f1[M],(g1.g.#a)[M],5<d1[N],a1[N]>,(#a1.g1)[M],(c2.a)[M],5<d1[N],d2[N]>,(c2.#f1)[M],(#a1.g.#a)[M],d1[M],g1[M],(a1.f)[M],#d1[M],f1[M],(#a1.#a.d1)[M],f1[M],(f2.#a1)[M],(e2.c1)[M],f1[M],(f2.a1)[M],(d2.#a.d1)[M],f1[M],#a1[M],(c2.#d1)[M],f1[M],a1[M],(#a1.#a.d1)[M],5<f1[N],c2[N]>,(d2.#a1)[M],(#d2.c1)[M],5<f1[N],f2[N]>,(#d2.a1)[M],(d2.#a.d1)[M],f1[M],#a1[M],(c2.#d1)[M],f1[M],a1[M],(#a1.#a.d1)[M],f1[M],(f2.#a1)[M],(e2.c1)[M],f1[M],(f2.a1)[M],(d2.#a.d1)[M],f1[M],#a1[M],(c2.#d1)[M],f1[M],a1[M],(#a1.#a.d1)[M],5<f1[N],c2[N]>,(d2.#a1)[M],(#d2.c1)[M],5<f1[N],f2[N]>,(#d2.a1)[M],(d2.#a.d1)[M],f1[M],#a1[M],(d2.c1.a)[M],d1[M],#f1[M],(d2.g.#a)[M],d1[M],(d2.g1)[M],(c2.a)[M],d1[M],(d2.#f1)[M],(#a1.g.#a)[M],d1[M],g1[M],(a1.c1)[M],d1[M],#f1[M],"],"id":2,"instruments":["piano"],"alternatives":[""]},{"bpm":45,"baseBeats":0.25,"scores":["(g1.g.#a)[M],5<d1[N],a1[N]>,(#a1.g1)[M],(c2.a)[M],5<d1[N],d2[N]>,(c2.#f1)[M],(#a1.g.#a)[M],d1[M],g1[M],(a1.c1)[M],d1[M],#f1[M],(g1.g.#a)[M],d1[M],(d2.g1)[M],(c2.a)[M],d1[M],(d2.#f1)[M],(#a1.g.#a)[M],d1[M],g1[M],(a1.c1)[M],d1[M],#f1[M],(g1.g.#a)[M],5<d1[N],a1[N]>,(#a1.g1)[M],(c2.a)[M],5<d1[N],d2[N]>,(c2.#f1)[M],(#a1.g.#a)[M],d1[M],g1[M],(a1.f)[M],#d1[M],f1[M],(#a1.#a.d1)[M],f1[M],(f2.#a1)[M],(e2.c1)[M],f1[M],(f2.a1)[M],(d2.#a.d1)[M],f1[M],#a1[M],(c2.#d1)[M],f1[M],a1[M],(#a1.#a.d1)[M],5<f1[N],c2[N]>,(d2.#a1)[M],(#d2.c1)[M],5<f1[N],f2[N]>,(#d2.a1)[M],(d2.#a.d1)[M],f1[M],#a1[M],(c2.#d1)[M],f1[M],a1[M],(#a1.#a.d1)[M],f1[M],(f2.#a1)[M],(e2.c1)[M],f1[M],(f2.a1)[M],(d2.#a.d1)[M],f1[M],#a1[M],(c2.#d1)[M],f1[M],a1[M],(#a1.#a.d1)[M],5<f1[N],c2[N]>,(d2.#a1)[M],(#d2.c1)[M],5<f1[N],f2[N]>,(#d2.a1)[M],(d2.#a.d1)[M],f1[M],#a1[M],(d2.c1.a)[M],d1[M],#f1[M],(d2.g.#a)[M],d1[M],(d2.g1)[M],(c2.a)[M],d1[M],(d2.#f1)[M],(#a1.g.#a)[M],d1[M],g1[M],(a1.c1)[M],d1[M],#f1[M],(g1.g.#a)[M],5<d1[N],a1[N]>,(#a1.g1)[M],(c2.a)[M],5<d1[N],d2[N]>,(c2.#f1)[M],(#a1.g.#a)[M],d1[M],g1[M],(a1.c1)[M],d1[M],#f1[M],(g1.g.#a)[M],d1[M],(d2.g1)[M],(c2.a)[M],d1[M],(d2.#f1)[M],(#a1.g.#a)[M],d1[M],g1[M],(a1.c1)[M],d1[M],#f1[M],(g1.g.#a)[M],5<d1[N],a1[N]>,(#a1.g1)[M],(c2.a)[M],d1[M],(d2.#f1)[M],(g1.d1.#a.g)[LM],g2[LM],"],"id":3,"instruments":["piano"],"alternatives":[""]}],"audition":{"start":[0,0],"end":[0,10]}}