{"baseBpm":108,"musics":[{"bpm":108,"baseBeats":0.25,"scores":["d2[M],#f2[M],6<(e2.G-1)[O],#f2[O],e2[MN]>,(d2.c1.d)[M],a1[M],(c1.d.d2)[M],#f2[M],6<(G-1.e2)[O],#f2[O],e2[MN]>,(d2.b.d)[M],g1[M],(b.d.d2)[M],#f2[M],6<(G-1.e2)[O],#f2[O],e2[MN]>,(d2.c1.d)[M],a1[M],(c1.d.b1)[M],d1[M],(G-1.g1)[L],(d.b)[L],(b.d.d2)[M],#f2[M],6<(G-1.e2)[O],#f2[O],e2[MN]>,(d.c1.d2)[M],a1[M],(d2.d.c1)[M],#f2[M],6<(G-1.e2)[O],#f2[O],e2[MN]>,(d2.d.b)[M],g1[M],(d2.b.d)[M],#f2[M],6<(G-1.e2)[O],#f2[O],e2[MN]>,(c1.d.d2)[M],a1[M],(b1.c1.d)[M],d1[M],(G-1.g1)[L],(d.b)[K],(#C-1.#c.g1)[L],(g.e1.#a.#f1)[L],(#a.e1.g)[L],(D-1.d.e1)[L],(g.d1.b)[L],(g.d1.b)[L],(d.D-1.d1)[M],c2[M],(#f1.d1.c1.c2)[L],(c1.d1.#f1.c2)[L],(G-1.g.b1)[L],(g1.d1.b.d2)[L],(b.d1.g1)[L],(#c.#C-1.g1)[L],(g.e1.#a.#f1)[L],(#a.e1.g)[L],(d.D-1.e1)[L],(g.d1.b)[M],d1[M],(g.d1.b)[L],(d.D-1.d1)[M],c2[M],(#f1.d1.c1.e1)[L],(#f1.d1.c1)[L],(g.G-1.a1)[L],(b.d1.g1)[L],A-1[L],(B-1.#f1)[L],(#f.b.#d1)[M],#d1[M],(#f.b.#d1)[L],(E-1.e.e1)[L],(g.b.e1)[M],#f1[M],(g.b.e1.g1)[L],(B-1.B-2.#f1)[L],(#d1.b.#f)[M],#d1[M],(#f.b.#d1)[L],(E-1.e.e1)[L],(e1.b.g)[M],#f1[M],(e1.b.g.g1)[L],(g.a.#c1.e1.A-1.g1)[KMNP],g1[MOP],g1[MOP],#f1[MOP],g1[MOP],b1[KLNO],a1[MOP],"],"id":1,"instruments":["piano"],"alternatives":[""]},{"bpm":108,"baseBeats":0.25,"scores":["(A-1.A-2.g1)[L],(#c1.e1.a.#f1)[L],(a.e1.#c1)[L],(D-1.d.e1)[L],(#f.e1.c1)[L],(#f.d1.c1)[L],(D-1.d.d1)[M],c2[M],(c1.d1.#f1.c2)[L],(#f1.d1.c1.c2)[L],(G-1.g.b1)[L],(g1.d1.b)[L],(g1.d1.b.d2)[L],(#C-1.#c.g1)[L],(g.e1.#a.#f1)[L],(#a.e1.g)[L],(d.D-1.e1)[L],(b.d1.g)[M],d1[M],(g.d1.b)[L],(D-1.d.d1)[M],c2[M],(c1.d1.#f1.e1)[L],(#f1.d1.c1)[L],(G-1.g.a1)[L],(g1.d1.b)[L],d2[M],#f2[M],6<(G-1.e2)[O],#f2[O],e2[MN]>,(d2.c1.d)[M],a1[M],(c1.d.d2)[M],#f2[M],6<(G-1.e2)[O],#f2[O],e2[MN]>,(d2.b.d)[M],g1[M],(b.d.d2)[M],#f2[M],6<(G-1.e2)[O],#f2[O],e2[MN]>,(d2.c1.d)[M],a1[M],(c1.d.b1)[M],d1[M],(G-1.g1)[L],(d.b)[L],(b.d.d2)[M],#f2[M],6<(G-1.e2)[O],#f2[O],e2[MN]>,(d.c1.d2)[M],a1[M],(d2.d.c1)[M],#f2[M],6<(G-1.e2)[O],#f2[O],e2[MN]>,(d2.d.b)[M],g1[M],(d2.b.d)[M],#f2[M],6<(G-1.e2)[O],#f2[O],e2[MN]>,(c1.d.d2)[M],a1[M],(b1.c1.d)[M],d1[M],(G-1.g1)[L],(d.b)[K],(#C-1.#c.g1)[L],(g.e1.#a.#f1)[L],(#a.e1.g)[L],(D-1.d.e1)[L],(g.d1.b)[L],(g.d1.b)[L],(d.D-1.d1)[M],c2[M],(#f1.d1.c1.c2)[L],(c1.d1.#f1.c2)[L],(G-1.g.b1)[L],(g1.d1.b.d2)[L],(b.d1.g1)[L],(#c.#C-1.g1)[L],(g.e1.#a.#f1)[L],(#a.e1.g)[L],(d.D-1.e1)[L],(g.d1.b)[M],d1[M],(g.d1.b)[L],(d.D-1.d1)[M],c2[M],(#f1.d1.c1.e1)[L],(#f1.d1.c1)[L],(g.G-1.a1)[L],(b.d1.g1)[L],A-1[L],(B-1.#f1)[L],(#f.b.#d1)[M],#d1[M],(#f.b.#d1)[L],(E-1.e.e1)[L],(g.b.e1)[M],#f1[M],(g.b.e1.g1)[L],(B-1.B-2.#f1)[L],(#d1.b.#f)[M],#d1[M],(#f.b.#d1)[L],(E-1.e.e1)[L],(e1.b.g)[M],#f1[M],(e1.b.g.g1)[L],(g.a.#c1.e1.A-1.g1)[KMNP],g1[MOP],g1[MOP],#f1[MOP],g1[MOP],b1[KLNO],a1[MOP],"],"id":2,"instruments":["piano"],"alternatives":[""]},{"bpm":108,"baseBeats":0.25,"scores":["(A-1.A-2.g1)[L],(#c1.e1.a.#f1)[L],(a.e1.#c1)[L],(D-1.d.e1)[L],(#f.e1.c1)[L],(#f.d1.c1)[L],(D-1.d.d1)[M],c2[M],(c1.d1.#f1.c2)[L],(#f1.d1.c1.c2)[L],(G-1.g.b1)[L],(g1.d1.b)[L],(g1.d1.b.d2)[L],(#C-1.#c.g1)[L],(g.e1.#a.#f1)[L],(#a.e1.g)[L],(d.D-1.e1)[L],(b.d1.g)[M],d1[M],(g.d1.b)[L],(D-1.d.d1)[M],c2[M],(c1.d1.#f1.e1)[L],(#f1.d1.c1)[L],(G-1.g.a1)[L],(g1.d1.b)[L],d2[M],#f2[M],6<(G-1.e2)[O],#f2[O],e2[MN]>,(d2.c1.d)[M],a1[M],(d2.d.c1)[M],#f2[M],6<(G-1.e2)[O],#f2[O],e2[MN]>,(b.d.d2)[M],g1[M],(d.b.d2)[M],#f2[M],6<(G-1.e2)[O],#f2[O],e2[MN]>,(c1.d.d2)[M],a1[M],(d.c1.b1)[M],d1[M],(G-1.g1)[L],(b.d)[L],(d2.d.b)[M],#f2[M],6<(G-1.e2)[O],#f2[O],e2[MN]>,(c1.d.d2)[M],a1[M],(d.c1.d2)[M],#f2[M],6<(G-1.e2)[O],#f2[O],e2[MN]>,(b.d.d2)[M],g1[M],(d.b.d2)[M],#f2[M],6<(G-1.e2)[O],#f2[O],e2[MN]>,(c1.d.d2)[M],a1[M],(d.c1.b1)[M],d1[M],(G-1.g1)[L],(b.d)[L],TU,"],"id":3,"instruments":["piano"],"alternatives":[""]}],"audition":{"start":[0,0],"end":[1,0]}}