{"baseBpm":2700,"musics":[{"bpm":2700,"baseBeats":0.25,"scores":["mute[HHHHHHHJL],mute[JM],mute[JM],mute[JM],mute[JM],mute[JM],mute[JM],mute[JM],mute[JM],mute[JM],mute[JM],mute[JM],mute[JM],mute[JM],mute[JM],mute[JM],mute[JM],mute[JM],mute[JM],mute[JM],mute[JM],mute[JM],mute[JM],mute[JM],mute[JM],mute[JM],mute[JM],mute[JM],mute[JM],mute[JM],mute[JM],mute[JM],mute[JM],mute[JM],mute[JM],mute[JM],mute[JM],mute[JM],mute[JM],mute[JM],mute[JM],mute[JM],mute[JM],mute[JM],mute[JM],mute[JM],mute[JM],mute[JM],mute[JM],mute[JM],mute[JM],mute[JM],mute[JM],mute[JM],mute[JM],mute[JM],mute[JM],mute[JM],mute[JM],mute[JM],mute[JM],mute[JM],mute[JM],mute[JM],mute[JM],mute[JM],mute[JM],mute[JM],mute[JM],mute[JM],mute[JM],mute[JM],mute[JM],mute[JM],mute[JM],mute[JM],mute[JM],mute[JM],mute[JM],mute[JM],mute[JM],mute[JM],mute[JM],mute[JM],mute[JM],mute[JM],mute[JM],mute[JM],mute[JM],mute[JM],mute[JM],mute[JM],mute[JM],mute[JM],mute[JM],mute[JM],mute[JM],mute[JM],mute[JM],mute[JM],mute[JM],mute[JM],mute[JM],mute[JM],mute[JM],mute[JM],mute[JM],mute[JM],mute[JM],mute[JM],mute[JM],mute[JM],mute[JM],mute[JM],mute[JM],mute[JM],mute[JM],mute[JM],mute[JM],mute[JM],mute[JM],mute[JM],mute[JM],mute[JM],mute[JM],mute[JM],mute[JM],mute[JM],mute[JM],mute[JM],mute[JM],mute[JM],mute[JM],mute[JM],mute[JM],mute[JM],mute[JM],mute[JM],mute[JM],mute[JM],mute[JM],mute[JM],mute[JM],mute[JM],mute[JM],mute[JM],mute[JM],mute[JM],mute[JM],mute[JM],mute[JM],mute[JM],mute[JM],mute[JM],mute[JM],mute[JM],mute[JM],mute[JM],mute[JM],mute[JM],mute[JM],mute[JM],mute[JM],mute[JM],mute[JM],mute[JM],mute[JM],mute[JM],mute[JM],mute[JM],mute[JM],mute[JM],mute[JM],mute[JM],mute[JM],mute[JM],mute[JM],mute[JM],mute[JM],mute[JM],mute[JM],mute[JM],mute[JM],mute[JM],mute[JM],mute[JM],mute[JM],mute[JM],mute[JM],mute[JM],mute[JM],mute[JM],mute[JM],mute[JM],mute[JM],mute[JM],mute[JM],mute[JM],mute[JM],mute[JM],mute[JM],mute[JM],mute[JM],mute[JM],mute[JM],mute[JM],mute[JM],mute[JM],mute[JM],mute[JM],mute[JM],mute[JM],mute[JM],mute[JM],mute[JM],mute[JM],mute[JM],mute[JM],mute[JM],mute[JM],mute[JM],mute[JM],mute[JM],mute[JM],mute[JM],mute[JM],mute[JM],mute[JM],mute[JM],mute[JM],mute[JM],mute[JM],mute[JM],mute[JM],mute[JM],mute[JM],mute[JM],mute[JM],mute[JM],mute[JM],mute[JM],mute[JM],mute[JM],mute[JM],mute[JM],mute[JM],mute[JM],mute[JM],mute[JM],mute[JM],mute[JM],mute[JM],mute[JM],mute[JM],mute[JM],mute[JM],mute[JM],mute[JM],mute[JM],mute[JM],mute[JM],mute[JM],mute[JM],mute[JM],mute[JM],mute[JM],mute[JM],mute[JM],mute[JM],mute[JM],mute[JM],mute[JM],mute[JM],mute[JM],mute[JM],mute[JM],mute[JM],mute[JM],mute[JM],mute[JM],mute[JM],mute[JM],mute[JM],mute[JM],mute[JM],mute[JM],mute[JM],mute[JM],mute[JM],mute[JM],mute[JM],mute[JM],mute[JM],mute[JM],mute[JM],mute[JM],mute[JM],mute[JM];","c1[HHHHHHHJL],g[JM],g4[JM],g[JM],g4[JM],g[JM],g4[JM],g[JM],g4[JM],g[JM],g4[JM],g[JM],g4[JM],g[JM],g4[JM],g[JM],g4[JM],g[JM],g4[JM],g[JM],g4[JM],g[JM],g4[JM],g[JM],g4[JM],g[JM],g4[JM],g[JM],g4[JM],g[JM],g4[JM],g[JM],g4[JM],g[JM],g4[JM],g[JM],g4[JM],g[JM],g4[JM],g[JM],g4[JM],g[JM],g4[JM],g[JM],g4[JM],g[JM],g4[JM],g[JM],g4[JM],g[JM],g4[JM],g[JM],g4[JM],g[JM],g4[JM],g[JM],g4[JM],g[JM],g4[JM],g[JM],g4[JM],g[JM],g4[JM],g[JM],g4[JM],g[JM],g4[JM],g[JM],g4[JM],g[JM],g4[JM],g[JM],g4[JM],g[JM],g4[JM],g[JM],g4[JM],g[JM],g4[JM],g[JM],g4[JM],g[JM],g4[JM],g[JM],g4[JM],g[JM],g4[JM],g[JM],g4[JM],g[JM],g4[JM],g[JM],g4[JM],g[JM],g4[JM],g[JM],g4[JM],g[JM],g4[JM],g[JM],g4[JM],g[JM],g4[JM],g[JM],g4[JM],g[JM],g4[JM],g[JM],g4[JM],g[JM],g4[JM],g[JM],g4[JM],g[JM],g4[JM],g[JM],g4[JM],g[JM],g4[JM],g[JM],g4[JM],g[JM],g4[JM],g[JM],g4[JM],g[JM],g4[JM],g[JM],g4[JM],g[JM],g4[JM],g[JM],g4[JM],g[JM],g4[JM],g[JM],g4[JM],g[JM],g4[JM],g[JM],g4[JM],g[JM],g4[JM],g[JM],g4[JM],g[JM],g4[JM],g[JM],g4[JM],g[JM],g4[JM],g[JM],g4[JM],g[JM],g4[JM],g[JM],g4[JM],g[JM],g4[JM],g[JM],g4[JM],g[JM],g4[JM],g[JM],g4[JM],g[JM],g4[JM],g[JM],g4[JM],g[JM],g4[JM],g[JM],g4[JM],g[JM],g4[JM],g[JM],g4[JM],g[JM],g4[JM],g[JM],g4[JM],g[JM],g4[JM],g[JM],g4[JM],g[JM],g4[JM],g[JM],g4[JM],g[JM],g4[JM],g[JM],g4[JM],g[JM],g4[JM],g[JM],g4[JM],g[JM],g4[JM],g[JM],g4[JM],g[JM],g4[JM],g[JM],g4[JM],g[JM],g4[JM],g[JM],g4[JM],g[JM],g4[JM],g[JM],g4[JM],g[JM],g4[JM],g[JM],g4[JM],g[JM],g4[JM],g[JM],g4[JM],g[JM],g4[JM],g[JM],g4[JM],g[JM],g4[JM],g[JM],g4[JM],g[JM],g4[JM],g[JM],g4[JM],g[JM],g4[JM],g[JM],g4[JM],g[JM],g4[JM],g[JM],g4[JM],g[JM],g4[JM],g[JM],g4[JM],g[JM],g4[JM],g[JM],g4[JM],g[JM],g4[JM],g[JM],g4[JM],g[JM],g4[JM],g[JM],g4[JM],g[JM],g4[JM],g[JM],g4[JM],g[JM],g4[JM],g[JM],g4[JM],g[JM],g4[JM],g[JM],g4[JM],g[JM],g4[JM],g[JM],g4[JM],g[JM],g4[JM],g[JM],g4[JM],g[JM],g4[JM],g[JM],g4[JM],g[JM],g4[JM],g[JM],g4[JM],g[JM],g4[JM],g[JM],g4[JM],g[JM],g4[JM],g[JM],g4[JM],g[JM],g4[JM],g[JM],g4[JM],g[JM];"],"id":1,"instruments":["piano","piano"],"alternatives":["",""]},{"bpm":2700,"baseBeats":0.25,"scores":["mute[JM],mute[JM],mute[JM],mute[JM],mute[JM],mute[JM],mute[JM],mute[JM],mute[JM],mute[JM],mute[JM],mute[JM],mute[JM],mute[JM],mute[JM],mute[JM],mute[JM],mute[JM],mute[JM],mute[JM],mute[JM],mute[JM],mute[JM],mute[JM],mute[JM],mute[JM],mute[JM],mute[JM],mute[JM],mute[JM],mute[JM],mute[JM],mute[JM],mute[JM],mute[JM],mute[JM],mute[JM],mute[JM],mute[JM],mute[JM],mute[JM],mute[JM],mute[JM],mute[JM],mute[JM],mute[JM],mute[JM],mute[JM],mute[JM],mute[JM],mute[JM],mute[JM],mute[JM],mute[JM],mute[JM],mute[JM],mute[JM],mute[JM],mute[JM],mute[JM],mute[JM],mute[JM],mute[JM],mute[JM],mute[JM],mute[JM],mute[JM],mute[JM],mute[JM],mute[JM],mute[JM],mute[JM],mute[JM],mute[JM],mute[JM],mute[JM],mute[JM],mute[JM],mute[JM],mute[JM],mute[JM],mute[JM],mute[JM],mute[JM],mute[JM],mute[JM],mute[JM],mute[JM],mute[JM],mute[JM],mute[JM],mute[JM],mute[JM],mute[JM],mute[JM],mute[JM],mute[JM],mute[JM],mute[JM],mute[JM],mute[JM],mute[JM],mute[JM],mute[JM],mute[JM],mute[JM],mute[JM],mute[JM],mute[JM],mute[JM],mute[JM],mute[JM],mute[JM],mute[JM],mute[JM],mute[JM],mute[JM],mute[JM],mute[JM],mute[JM],mute[JM],mute[JM],mute[JM],mute[JM],mute[JM],mute[JM],mute[JM],mute[JM],mute[JM],mute[JM],mute[JM],mute[JM],mute[JM],mute[JM],mute[JM],mute[JM],mute[JM],mute[JM],mute[JM],mute[JM],mute[JM],mute[JM],mute[JM],mute[JM],mute[JM],mute[JM],mute[JM],mute[JM],mute[JM],mute[JM],mute[JM],mute[JM],mute[JM],mute[JM],mute[JM],mute[JM],mute[JM],mute[JM],mute[JM],mute[JM],mute[JM],mute[JM],mute[JM],mute[JM],mute[JM],mute[JM],mute[JM],mute[JM],mute[JM],mute[JM],mute[JM],mute[JM],mute[JM],mute[JM],mute[JM],mute[JM],mute[JM],mute[JM],mute[JM],mute[JM],mute[JM],mute[JM],mute[JM],mute[JM],mute[JM],mute[JM],mute[JM],mute[JM],mute[JM],mute[JM],mute[JM],mute[JM],mute[JM],mute[JM],mute[JM],mute[JM],mute[JM],mute[JM],mute[JM],mute[JM],mute[JM],mute[JM],mute[JM],mute[JM],mute[JM],mute[JM],mute[JM],mute[JM],mute[JM],mute[JM],mute[JM],mute[JM],mute[JM],mute[JM],mute[JM],mute[JM],mute[JM],mute[JM],mute[JM],mute[JM],mute[JM],mute[JM],mute[JM],mute[JM],mute[JM],mute[JM],mute[JM],mute[JM],mute[JM],mute[JM],mute[JM],mute[JM],mute[JM],mute[JM],mute[JM],mute[JM],mute[JM],mute[JM],mute[JM],mute[JM],mute[JM],mute[JM],mute[JM],mute[JM],mute[JM],mute[JM],mute[JM],mute[JM],mute[JM],mute[JM],mute[JM],mute[JM],mute[JM],mute[JM],mute[JM],mute[JM],mute[JM],mute[JM],mute[JM],mute[JM],mute[JM],mute[JM],mute[JM],mute[JM],mute[JM],mute[JM],mute[JM],mute[JM],mute[JM],mute[JM],mute[JM],mute[JM],mute[JM],mute[JM],mute[JM],mute[JM],mute[JM],mute[JM],mute[JM],mute[JM],mute[JM],mute[JM],mute[JM],mute[JM],mute[JM],mute[JM],mute[JM],mute[JM],mute[JM],mute[JM],mute[JM],mute[JM],mute[JM],mute[JM],mute[JM],mute[JM],mute[JM],mute[JM],mute[JM];","g4[JM],g[JM],g4[JM],g[JM],g4[JM],g[JM],g4[JM],g[JM],g4[JM],g[JM],g4[JM],g[JM],g4[JM],g[JM],g4[JM],g[JM],g4[JM],g[JM],g4[JM],g[JM],g4[JM],g[JM],g4[JM],g[JM],g4[JM],g[JM],g4[JM],g[JM],g4[JM],g[JM],g4[JM],g[JM],g4[JM],g[JM],g4[JM],g[JM],g4[JM],g[JM],g4[JM],g[JM],g4[JM],g[JM],g4[JM],g[JM],g4[JM],g[JM],g4[JM],g[JM],g4[JM],g[JM],g4[JM],g[JM],g4[JM],g[JM],g4[JM],g[JM],g4[JM],g[JM],g4[JM],g[JM],g4[JM],g[JM],g4[JM],g[JM],g4[JM],g[JM],g4[JM],g[JM],g4[JM],g[JM],g4[JM],g[JM],g4[JM],g[JM],g4[JM],g[JM],g4[JM],g[JM],g4[JM],g[JM],g4[JM],g[JM],g4[JM],g[JM],g4[JM],g[JM],g4[JM],g[JM],g4[JM],g[JM],g4[JM],g[JM],g4[JM],g[JM],g4[JM],g[JM],g4[JM],g[JM],g4[JM],g[JM],g4[JM],g[JM],g4[JM],g[JM],g4[JM],g[JM],g4[JM],g[JM],g4[JM],g[JM],g4[JM],g[JM],g4[JM],g[JM],g4[JM],g[JM],g4[JM],g[JM],g4[JM],g[JM],g4[JM],g[JM],g4[JM],g[JM],g4[JM],g[JM],g4[JM],g[JM],g4[JM],g[JM],g4[JM],g[JM],g4[JM],g[JM],g4[JM],g[JM],g4[JM],g[JM],g4[JM],g[JM],g4[JM],g[JM],g4[JM],g[JM],g4[JM],g[JM],g4[JM],g[JM],g4[JM],g[JM],g4[JM],g[JM],g4[JM],g[JM],g4[JM],g[JM],g4[JM],g[JM],g4[JM],g[JM],g4[JM],g[JM],g4[JM],g[JM],g4[JM],g[JM],g4[JM],g[JM],g4[JM],g[JM],g4[JM],g[JM],g4[JM],g[JM],g4[JM],g[JM],g4[JM],g[JM],g4[JM],g[JM],g4[JM],g[JM],g4[JM],g[JM],g4[JM],g[JM],g4[JM],g[JM],g4[JM],g[JM],g4[JM],g[JM],g4[JM],g[JM],g4[JM],g[JM],g4[JM],g[JM],g4[JM],g[JM],g4[JM],g[JM],g4[JM],g[JM],g4[JM],g[JM],g4[JM],g[JM],g4[JM],g[JM],g4[JM],g[JM],g4[JM],g[JM],g4[JM],g[JM],g4[JM],g[JM],g4[JM],g[JM],g4[JM],g[JM],g4[JM],g[JM],g4[JM],g[JM],g4[JM],g[JM],g4[JM],g[JM],g4[JM],g[JM],g4[JM],g[JM],g4[JM],g[JM],g4[JM],g[JM],g4[JM],g[JM],g4[JM],g[JM],g4[JM],g[JM],g4[JM],g[JM],g4[JM],g[JM],g4[JM],g[JM],g4[JM],g[JM],g4[JM],g[JM],g4[JM],g[JM],g4[JM],g[JM],g4[JM],g[JM],g4[JM],g[JM],g4[JM],g[JM],g4[JM],g[JM],g4[JM],g[JM],g4[JM],g[JM],g4[JM],g[JM],g4[JM],g[JM],g4[JM],g[JM],g4[JM],g[JM],g4[JM],g[JM],g4[JM],g[JM],g4[JM],g[JM],g4[JM],g[JM],g4[JM],g[JM],g4[JM],g[JM],g4[JM],g[JM],g4[JM],g[JM],g4[JM],g[JM],g4[JM],g[JM],g4[JM];"],"id":2,"instruments":["piano","piano"],"alternatives":["",""]},{"bpm":2700,"baseBeats":0.25,"scores":["mute[JM],mute[JM],mute[JM],mute[JM],mute[JM],mute[JM],mute[JM],mute[JM],mute[JM],mute[JM],mute[JM],mute[JM],mute[JM],mute[JM],mute[JM],mute[JM],mute[JM],mute[JM],mute[JM],mute[JM],mute[JM],mute[JM],mute[JM],mute[JM],mute[JM],mute[JM],mute[JM],mute[JM],mute[JM],mute[JM],mute[JM],mute[JM],mute[JM],mute[JM],mute[JM],mute[JM],mute[JM],mute[JM],mute[JM],mute[JM],mute[JM],mute[JM],mute[JM],mute[JM],mute[JM],mute[JM],mute[JM],mute[JM],mute[JM],mute[JM],mute[JM],mute[JM],mute[JM],mute[JM],mute[JM],mute[JM],mute[JM],mute[JM],mute[JM],mute[JM],mute[JM],mute[JM],mute[JM],mute[JM],mute[JM],mute[JM],mute[JM],mute[JM],mute[JM],mute[JM],mute[JM],mute[JM],mute[JM],mute[JM],mute[JM],mute[JM],mute[JM],mute[JM],mute[JM],mute[JM],mute[JM],mute[JM],mute[JM],mute[JM],mute[JM],mute[JM],mute[JM],mute[JM],mute[JM],mute[JM],mute[JM],mute[JM],mute[JM],mute[JM],mute[JM],mute[JM],mute[JM],mute[JM],mute[JM],mute[JM],mute[JM],mute[JM],mute[JM],mute[JM],mute[JM],mute[JM],mute[JM],mute[JM],mute[JM],mute[JM],mute[JM],mute[JM],mute[JM],mute[JM],mute[JM],mute[JM],mute[JM],mute[JM],mute[JM],mute[JM],mute[JM],mute[JM],mute[JM],mute[JM],mute[JM],mute[JM],mute[JM],mute[JM],mute[JM],mute[JM],mute[JM],mute[JM],mute[JM],mute[JM],mute[JM],mute[JM],mute[JM],mute[JM],mute[JM],mute[JM],mute[JM],mute[JM],mute[JM],mute[JM],mute[JM],mute[JM],mute[JM],mute[JM],mute[JM],mute[JM],mute[JM],mute[JM],mute[JM],mute[JM],mute[JM],mute[JM],mute[JM],mute[JM],mute[JM],mute[JM],mute[JM],mute[JM],mute[JM],mute[JM],mute[JM],mute[JM],mute[JM],mute[JM],mute[JM],mute[JM],mute[JM],mute[JM],mute[JM],mute[JM],mute[JM],mute[JM],mute[JM],mute[JM],mute[JM],mute[JM],mute[JM],mute[JM],mute[JM],mute[JM],mute[JM],mute[JM],mute[JM],mute[JM],mute[JM],mute[JM],mute[JM],mute[JM],mute[JM],mute[JM],mute[JM],mute[JM],mute[JM],mute[JM],mute[JM],mute[JM],mute[JM],mute[JM],mute[JM],mute[JM],mute[JM],mute[JM],mute[JM],mute[JM],mute[JM],mute[JM],mute[JM],mute[JM],mute[JM],mute[JM],mute[JM],mute[JM],mute[JM],mute[JM],mute[JM],mute[JM],mute[JM],mute[JM],mute[JM],mute[JM],mute[JM],mute[JM],mute[JM],mute[JM],mute[JM],mute[JM],mute[JM],mute[JM],mute[JM],mute[JM],mute[JM],mute[JM],mute[JM],mute[JM],mute[JM],mute[JM],mute[JM],mute[JM],mute[JM],mute[JM],mute[JM],mute[JM],mute[JM],mute[JM],mute[JM],mute[JM],mute[JM],mute[JM],mute[JM],mute[JM],mute[JM],mute[JM],mute[JM],mute[JM],mute[JM],mute[JM],mute[JM],mute[JM],mute[JM],mute[JM],mute[JM],mute[JM],mute[JM],mute[JM],mute[JM],mute[JM],mute[JM],mute[JM],mute[JM],mute[JM],mute[JM],mute[JM],mute[JM],mute[JM],mute[JM],mute[JM],mute[JM],mute[JM],mute[JM],mute[JM],mute[JM],mute[JM],mute[JM],mute[JM],mute[JM],mute[JM],mute[JM],mute[JM],mute[JM],mute[JM],mute[JM],mute[JM],mute[JM],mute[JM],mute[JM],mute[JM],mute[JM],mute[JM],mute[JM],mute[JM],mute[JM],mute[JM],mute[JM],mute[JM],mute[JM],mute[JM],mute[JM],mute[JM],mute[JM],mute[JM],mute[JM],mute[JM],mute[JM],mute[JM],mute[JM],mute[JM],mute[JM],mute[JM],mute[JM],mute[JM],mute[JM],mute[JM],mute[JM],mute[JM],mute[JM],mute[JM],mute[JM],mute[JM],mute[JM],mute[JM],mute[JM],mute[JM];","g[JM],g4[JM],g[JM],g4[JM],g[JM],g4[JM],g[JM],g4[JM],g[JM],g4[JM],g[JM],g4[JM],g[JM],g4[JM],g[JM],g4[JM],g[JM],g4[JM],g[JM],g4[JM],g[JM],g4[JM],g[JM],g4[JM],g[JM],g4[JM],g[JM],g4[JM],g[JM],g4[JM],g[JM],g4[JM],g[JM],g4[JM],g[JM],g4[JM],g[JM],g4[JM],g[JM],g4[JM],g[JM],g4[JM],g[JM],g4[JM],g[JM],g4[JM],g[JM],g4[JM],g[JM],g4[JM],g[JM],g4[JM],g[JM],g4[JM],g[JM],g4[JM],g[JM],g4[JM],g[JM],g4[JM],g[JM],g4[JM],g[JM],g4[JM],g[JM],g4[JM],g[JM],g4[JM],g[JM],g4[JM],g[JM],g4[JM],g[JM],g4[JM],g[JM],g4[JM],g[JM],g4[JM],g[JM],g4[JM],g[JM],g4[JM],g[JM],g4[JM],g[JM],g4[JM],g[JM],g4[JM],g[JM],g4[JM],g[JM],g4[JM],g[JM],g4[JM],g[JM],g4[JM],g[JM],g4[JM],g[JM],g4[JM],g[JM],g4[JM],g[JM],g4[JM],g[JM],g4[JM],g[JM],g4[JM],g[JM],g4[JM],g[JM],g4[JM],g[JM],g4[JM],g[JM],g4[JM],g[JM],g4[JM],g[JM],g4[JM],g[JM],g4[JM],g[JM],g4[JM],g[JM],g4[JM],g[JM],g4[JM],g[JM],g4[JM],g[JM],g4[JM],g[JM],g4[JM],g[JM],g4[JM],g[JM],g4[JM],g[JM],g4[JM],g[JM],g4[JM],g[JM],g4[JM],g[JM],g4[JM],g[JM],g4[JM],g[JM],g4[JM],g[JM],g4[JM],g[JM],g4[JM],g[JM],g4[JM],g[JM],g4[JM],g[JM],g4[JM],g[JM],g4[JM],g[JM],g4[JM],g[JM],g4[JM],g[JM],g4[JM],g[JM],g4[JM],g[JM],g4[JM],g[JM],g4[JM],g[JM],g4[JM],g[JM],g4[JM],g[JM],g4[JM],g[JM],g4[JM],g[JM],g4[JM],g[JM],g4[JM],g[JM],g4[JM],g[JM],g4[JM],g[JM],g4[JM],g[JM],g4[JM],g[JM],g4[JM],g[JM],g4[JM],g[JM],g4[JM],g[JM],g4[JM],g[JM],g4[JM],g[JM],g4[JM],g[JM],g4[JM],g[JM],g4[JM],g[JM],g4[JM],g[JM],g4[JM],g[JM],g4[JM],g[JM],g4[JM],g[JM],g4[JM],g[JM],g4[JM],g[JM],g4[JM],g[JM],g4[JM],g[JM],g4[JM],g[JM],g4[JM],g[JM],g4[JM],g[JM],g4[JM],g[JM],g4[JM],g[JM],g4[JM],g[JM],g4[JM],g[JM],g4[JM],g[JM],g4[JM],g[JM],g4[JM],g[JM],g4[JM],g[JM],g4[JM],g[JM],g4[JM],g[JM],g4[JM],g[JM],g4[JM],g[JM],g4[JM],g[JM],g4[JM],g[JM],g4[JM],g[JM],g4[JM],g[JM],g4[JM],g[JM],g4[JM],g[JM],g4[JM],g[JM],g4[JM],g[JM],g4[JM],g[JM],g4[JM],g[JM],g4[JM],g[JM],g4[JM],g[JM],g4[JM],g[JM],g4[JM],g[JM],g4[JM],g[JM],g4[JM],g[JM],g4[JM],g[JM],g4[JM],g[JM],g4[JM],g[JM],g4[JM],g[JM],g4[JM],g[JM],g4[JM],g[JM],g4[JM],g[JM],g4[JM],g[JM],g4[JM],g[JM],g4[JM],g[JM],g4[JM],g[JM],g4[JM],g[JM],g4[JM],g[JM],g4[JM],g[JM],g4[JM],g[JM],g4[JM],g[JM],g4[JM],g[JM],g4[JM],g[JM],g4[JM],g[JM],g4[JM],g[JM],g4[JM],g4[JM],g4[JM],g4[JM],g4[JM],g4[JM],g4[JM];"],"id":3,"instruments":["piano","piano"],"alternatives":["",""]}]}