{"baseBpm":73,"musics":[{"id":1,"baseBeats":0.09375,"scores":["(e)[M],(b.#f1)[M],e1[M],g1[M],g1[M],b[M],(e1.g1)[M],g1[N],#f1[N],(b1.#f1)[M],g1[M],(#f1.e1)[M],e1[N],(#f1)[N],(e1.b1)[M],b[M],(g.b1)[M],#f[M];(c)[M],g[M],(#f1.c1)[M],e1[N],g1[N],g1[M],g[N],g1[N],(c1.g1)[M],e1[N],g1[N];(d.#f1)[M],a[M],(d1.#f1)[M],#f1[N],g1[N],b1[M],g1[M],(#f1.b1)[M],d1[M];(e.d2)[M],b[M],(e1.b1)[M],g1[N],a1[N],b1[M],b[N],e1[N],e1[M],g1[N],e1[N],b1[M],g1[M],b1[M],#f1[M],(e1.a1)[M],b[M],(g.b1)[M],#f[M];(e.d2)[M],g[M],(d1.b1)[M],g1[N],b1[N],b1[MN],e1[N],(d1.g1)[M],g1[N],g1[N],(b1.e1)[M],d[N],e1[N],(a.e1)[M],d1[N],e1[N],(#f1.e1)[M],a1[OP],a[OP],X,#f1[OP],#f[OP],X,d1[OP],d[OP],X;5<(E-1.#a4~g4~#d4)[OP]>,5<(#a3~g3~#d3)[OP]>,5<(#a2~g2~#d2)[OP]>,5<(#a1~g1~#d1)[OP]>,(B-1.b1)[M],(b1.g)[M],(b1.B-1)[M],(b1.#f)[M],B-1[M],(g.b1)[M],B-1[M];(G-1.d2)[M],B-1[M],(b1.g)[M],d[N],a1[N],(a1.#f)[M],d[M],(g.g1)[M],b[M];(C-1)[M],(G-1.b1)[M],(g.b1)[M],(c.b1)[M],(#f.b1)[M],c[M],(g.b1)[M],c[M],(D-1.d2)[M],A-1[M],(g.b1)[M],d[N],a1[N],(#f.a1)[M],d[M],(g1.#f)[M],b[M];(E-1.e1)[M],B-1[M],(e.d2)[M],B-1[M],(g.d2)[M],B-1[M],(b1.e)[M],B-1[M],(a1.E-1)[M],B-1[M],(g1.e)[M],B-1[M],(g.e1)[M],g[M],(B-1.d1)[M],e[M];(B-1.e1)[M],G-1[M],(d.d2)[M],g[M],(d2.b)[M],G-1[M],(b1.d)[M],g[M];(b.a1)[M],D-1[M],(A-1.g1)[M],d[M],5<(D-1.d.e1.#a4~g4~#d4)[OP]>,5<(#a3~g3~#d3)[OP]>,5<(#a2~g2~#d2)[OP]>,5<(#a1~g1~#d1)[OP]>,5<(#a~g~#d)[OP]>,5<(#A-1~G-1~#D-1)[OP]>,5<(#D-1~G-1~#A-1)[OP]>,5<(#d~g~#a)[OP]>,5<(e1~#f1~g1~a1)[N]>,WY;(E-2.E-1.e1)[M],W,(E-2.E-1)[N],#f1[M],(E-2.E-1)[M],(E-2.E-1.g1)[MN],5<(E-2.E-1.a1)[O],b1[P]>,Y,(b1.E-2.E-1)[M],(E-1.E-2)[M],(E-1.E-2.b1)[MN],(E-2.E-1)[N],a1[M],(E-2.E-1)[M],(E-1.E-2.g1)[MN],(E-2.E-1)[N],8<(b1~a1~g1~#f1~e1)[N]>,W;8<(E-2.E-1.e1~#f1~g1~a1)[N]>,W,(E-2.E-1.e1)[M],W,(E-2.E-1)[N],#f1[M],(E-2.E-1)[M],(E-2.E-1.g1)[MN],5<(E-2.E-1.a1)[O],b1[P]>,Y,(b1.E-2.E-1)[M],(E-1.E-2)[M],(E-1.E-2.b1)[MN],(E-2.E-1)[N],a1[M],(E-2.E-1)[M],(E-1.E-2.g1)[MN],(E-2.E-1)[N],8<(b1~a1~g1~#f1~e1)[N]>,W;8<(E-2.E-1.e1~#f1~g1~a1)[N]>,W;(E-2.E-1.e1)[M],(E-2.E-1)[M],(E-2.E-1.#f1)[M],(E-2.E-1)[M],(E-2.E-1.g1)[M],5<(E-2.E-1.a1)[O],b1[P]>,Y,b1[N],(E-2.E-1)[M],(E-1.E-2)[M],(E-1.E-2.b1)[M],(E-2.E-1)[M],(E-2.E-1.a1)[M],(E-2.E-1)[M],(E-1.E-2.g1)[M],(E-2.E-1)[M],8<(E-2.E-1.b1~a1~g1~#f1~e1)[N]>,W;8<(E-2.E-1.e1~#f1~g1~a1)[N]>,W,(E-2.E-1.e1)[N],(E-2.E-1)[N],(E-2.E-1)[N],(E-2.E-1)[N],(E-2.E-1.#f1)[N],(E-2.E-1)[N],(E-2.E-1)[N],(E-2.E-1)[N],(E-2.E-1.g1)[N],(E-2.E-1)[N],(E-2.E-1)[N],(E-2.E-1)[N],(E-2.E-1.b1)[N],(E-2.E-1)[N],(E-2.E-1)[N],(E-2.E-1)[N];(E-2.E-1.b1)[L],(E-1.E-2.a1)[L],(E-1.E-2.g1)[L],(E-2.E-1.e1)[N],5<(#a4~g4~#d4)[OP]>,5<(#a3~g3~#d3)[OP]>,5<(#a2~g2~#d2)[OP]>,5<(#a1~g1~#d1)[OP]>;7<(E-2.E-1.e1~#f1~g1~a1~b1)[M]>,W,(E-1.e.b1)[M],(E-2.E-1.e1)[M],(E-1.e.b1)[M],(E-2.E-1.e1)[M],(E-1.e.b1)[M],(E-2.E-1.e1)[M],(E-2.E-1.b1)[M],e1[M],(E-1.e.b1)[M],(E-2.E-1.e1)[M],(E-1.e.b1)[M],(E-2.E-1.e1)[M],7<(E-1.e.b1~a1~g1~#f1~e1)[M]>,W;7<(E-2.E-1.e1~#f1~g1~a1~b1)[M]>,(E-1.e.b1)[M],(E-2.E-1.e1)[M],(E-1.e.b1)[M],(E-2.E-1.e1)[M],(E-1.e.b1)[M],(E-2.E-1.e1)[M],(E-2.E-1.b1)[M],e1[M],(E-1.e.b1)[M],(E-2.E-1.e1)[M],(E-1.e.b1)[M],(E-2.E-1.e1)[M],7<(E-1.e.b1~a1~g1~#f1~e1)[M]>,W;7<(E-2.E-1.e1~#f1~g1~a1~b1)[M]>,(E-1.e.b1)[M],(E-2.E-1.e1)[M],(E-1.e.b1)[M],(E-2.E-1.e1)[M],(E-1.e.b1)[M],(E-2.E-1.e1)[M],(E-2.E-1.b1)[M],e1[M],(E-1.e.b1)[M],(E-2.E-1.e1)[M],(E-1.e.b1)[M],(E-2.E-1.e1)[M],7<(E-1.e.b1~a1~g1~#f1~e1)[M]>,W;7<(E-2.E-1.e1~#f1~g1~a1~b1)[M]>,(E-1.e.b1)[M],(E-2.E-1.e1)[M],(E-1.e.b1)[M],(E-2.E-1.e1)[M],(E-1.e.b1)[M],(E-2.E-1.e1)[M],(E-2.E-1.b1)[M],e1[M],(E-1.e.b1)[M],(E-2.E-1.e1)[M],(E-1.e.b1)[M],(E-2.E-1.e1)[M],7<(E-1.e.b1~a1~g1~#f1~e1)[M]>,W;"]},{"id":2,"baseBeats":0.09375,"scores":["7<(E-2.E-1.e1~#f1~g1~a1~b1)[M]>,(E-1.e.b1.g2.b2)[M],(E-2.E-1.e1)[M],(E-1.e.b1)[M],(E-2.E-1.e1)[M],(E-1.e.b1.g2.b2)[M],(E-2.E-1.e1)[M],(E-2.E-1.b1)[M],(e1)[M],(E-1.e.b1.g2.b2)[M],(E-2.E-1.e1)[M],(E-1.e.b1)[M],(E-2.E-1.e1)[M],7<(E-1.e.b1~a1~g1~#f1~e1)[M]>,W;7<(E-2.E-1.e1~#f1~g1~a1~b1)[M]>,(E-1.e.b1.g2.b2)[M],(E-2.E-1.e1)[M],(E-1.e.b1)[M],(E-2.E-1.e1)[M],(E-1.e.b1.g2.b2)[M],(E-2.E-1.e1)[M],(E-2.E-1.b1)[M],(e1)[M],(E-1.e.b1.g2.b2)[M],(E-2.E-1.e1)[M],(E-1.e.b1)[M],(E-2.E-1.e1)[M],7<(E-1.e.b1~a1~g1~#f1~e1)[M]>,W,7<(E-2.E-1.e1~#f1~g1~a1~b1)[M]>,(E-1.e.b1.g2.b2)[M],(E-2.E-1.e1)[M],(E-1.e.b1)[M],(E-2.E-1.e1)[M],(E-1.e.b1.g2.b2)[M],(E-2.E-1.e1)[M],(E-2.E-1.b1)[M],(e1)[M],(E-1.e.b1.g2.b2)[M],(E-2.E-1.e1)[M],(E-1.e.b1)[M],(E-2.E-1.e1)[M],7<(E-1.e.b1~a1~g1~#f1~e1)[M]>,W,7<(E-2.E-1.e1~#f1~g1~a1~b1)[M]>,(E-1.b.b1.g2.b2)[M],(E-2.E-1.e1)[M],(E-1.e.b1)[M],(E-2.E-1.e1)[M],(E-1.e.b1.g2.b2)[M],(E-2.E-1.e1)[M];3<(d.#f.a.e1)[NO]>,VX,3<e1[NO]>,VX,3<e1[NO]>,XV,5<(e1.#a4~g4~#d4)[OP]>,5<(#a3~g3~#d3)[OP]>,5<(#a2~g2~#d2)[OP]>,5<(#a1~g1~#d1)[OP]>,W;(E-1.e1)[M],B-1[M],(e.d2)[M],B-1[M],(g.d2)[M],B-1[M],(b1.e)[M],B-1[M],(a1.E-1)[M],B-1[M],(g1.e)[M],B-1[M],(g.e1)[M],B-1[M],e[M],B-1[M];(E-1.e1)[M],B-1[M],(e.d2)[M],B-1[M],(d2.g)[M],B-1[M],(b1.e)[M],B-1[M];(E-1.a1)[M],B-1[M],(e.g1)[M],B-1[M],(g.e1)[K],(E-1.e1)[M],B-1[M],(e.d2)[M],B-1[M],(g.d2)[M],B-1[M],(b1.e)[M],B-1[M],(a1.E-1)[M],B-1[M],(g1.e)[M],B-1[M],(g.e1)[M],B-1[M],e[M],B-1[M];(E-1.e1)[M],B-1[M],(e.d2)[M],B-1[M],(d2.g)[M],B-1[M],(b1.e)[M],B-1[M];(E-1.a1)[M],B-1[M],(e.g1)[M],B-1[M],(g.e1)[K],(E-2.E-1)[OP],(E-2.E-1)[OP],(E-2.E-1)[OP],(E-2.E-1)[OP],(E-2.E-1)[OP],(E-2.E-1)[OP],(E-2.E-1)[OP],(E-2.E-1)[OP],(E-2.E-1)[OP],(E-2.E-1)[OP],(E-2.E-1)[OP],(E-2.E-1)[OP],(E-2.E-1)[OP],(E-2.E-1)[OP],(E-2.E-1)[OP],(E-2.E-1)[OP],(E-2.E-1)[OP],(E-2.E-1)[OP],(E-2.E-1)[OP],(E-2.E-1)[OP],(E-2.E-1)[N],(E-2.E-1)[OP],(E-2.E-1)[OP],X,(E-2.E-1)[OP],(E-2.E-1)[OP],X,(E-2.E-1)[OP],(E-2.E-1)[OP],X,(E-2.E-1)[OP],(E-2.E-1)[OP],X,(E-2.E-1)[OP],(E-2.E-1)[OP],X,(E-2.E-1)[OP],(E-2.E-1)[OP],X,(E-2.E-1)[N],(E-2.E-1)[N],(E-2.E-1)[N],(E-2.E-1)[N],(e)[M],(b.#f1)[M],e1[M],g1[M],g1[M],b[M],(e1.g1)[M],g1[N],#f1[N],(b1.#f1)[M],g1[M],(#f1.e1)[M],e1[N],(#f1)[N],(e1.b1)[M],b[M],(g.b1)[M],#f[M];(c)[M],g[M],(#f1.c1)[M],e1[N],g1[N],g1[M],g[N],g1[N],(c1.g1)[M],e1[N],g1[N];(d.#f1)[M],a[M],(d1.#f1)[M],#f1[N],g1[N],b1[M],g1[M],(#f1.b1)[M],d1[M];(e.d2)[M],b[M],(e1.b1)[M],g1[N],a1[N],b1[M],b[N],e1[N],e1[M],g1[N],e1[N],b1[M],g1[M],b1[M],#f1[M],(e1.a1)[M],b[M],(g.b1)[M],#f[M];(e.d2)[M],g[M],(d1.b1)[M],g1[N],b1[N],b1[MN],e1[N],(d1.g1)[M],g1[N],g1[N],(b1.e1)[M],d[N],e1[N],(a.e1)[M],d1[N],e1[N],(#f1.e1)[M],a1[OP],a[OP],X,#f1[OP],#f[OP],X,d1[OP],d[OP],X;5<(E-1.#a4~g4~#d4)[OP]>,5<(#a3~g3~#d3)[OP]>,5<(#a2~g2~#d2)[OP]>,5<(#a1~g1~#d1)[OP]>,(B-1.b1)[M],(b1.g)[M],(b1.B-1)[M],(b1.#f)[M],B-1[M],(g.b1)[M],B-1[M];(G-1.d2)[M],B-1[M],(b1.g)[M],d[N],a1[N],(a1.#f)[M],d[M],(g.g1)[M],b[M];(C-1)[M],(G-1.b1)[M],(g.b1)[M],(c.b1)[M],(#f.b1)[M],c[M],(g.b1)[M],c[M],(D-1.d2)[M],A-1[M],(g.b1)[M],d[N],a1[N],(#f.a1)[M],d[M],(g1.#f)[M],b[M];(E-1.e1)[M],B-1[M],(e.d2)[M],B-1[M],(g.d2)[M],B-1[M],(b1.e)[M],B-1[M],(a1.E-1)[M],B-1[M],(g1.e)[M],B-1[M],(g.e1)[M],g[M],(B-1.d1)[M],e[M];(B-1.e1)[M],G-1[M],(d.d2)[M],g[M],(d2.b)[M],G-1[M],(b1.d)[M],g[M];(b.a1)[M],D-1[M],(A-1.g1)[M],d[M],5<(D-1.d.e1.#a4~g4~#d4)[OP]>,5<(#a3~g3~#d3)[OP]>,5<(#a2~g2~#d2)[OP]>,5<(#a1~g1~#d1)[OP]>,5<(#a~g~#d)[OP]>,5<(#A-1~G-1~#D-1)[OP]>,5<(#D-1~G-1~#A-1)[OP]>,5<(#d~g~#a)[OP]>,5<(e1~#f1~g1~a1)[N]>,WY;(E-2.E-1.e1)[M],W,(E-2.E-1)[N],#f1[M],(E-2.E-1)[M],(E-2.E-1.g1)[MN],5<(E-2.E-1.a1)[O],b1[P]>,Y,(b1.E-2.E-1)[M],(E-1.E-2)[M],(E-1.E-2.b1)[MN],(E-2.E-1)[N],a1[M],(E-2.E-1)[M],(E-1.E-2.g1)[MN],(E-2.E-1)[N],8<(b1~a1~g1~#f1~e1)[N]>,W;8<(E-2.E-1.e1~#f1~g1~a1)[N]>,W,(E-2.E-1.e1)[M],W,(E-2.E-1)[N],#f1[M],(E-2.E-1)[M],(E-2.E-1.g1)[MN],5<(E-2.E-1.a1)[O],b1[P]>,Y,(b1.E-2.E-1)[M],(E-1.E-2)[M],(E-1.E-2.b1)[MN],(E-2.E-1)[N],a1[M],(E-2.E-1)[M],(E-1.E-2.g1)[MN],(E-2.E-1)[N],8<(b1~a1~g1~#f1~e1)[N]>,W;8<(E-2.E-1.e1~#f1~g1~a1)[N]>,W;(E-2.E-1.e1)[M],(E-2.E-1)[M],(E-2.E-1.#f1)[M],(E-2.E-1)[M],(E-2.E-1.g1)[M],5<(E-2.E-1.a1)[O],b1[P]>,Y,b1[N],(E-2.E-1)[M],(E-1.E-2)[M],(E-1.E-2.b1)[M],(E-2.E-1)[M],(E-2.E-1.a1)[M],(E-2.E-1)[M],(E-1.E-2.g1)[M],(E-2.E-1)[M],8<(E-2.E-1.b1~a1~g1~#f1~e1)[N]>,W;8<(E-2.E-1.e1~#f1~g1~a1)[N]>,W,(E-2.E-1.e1)[N],(E-2.E-1)[N],(E-2.E-1)[N],(E-2.E-1)[N],(E-2.E-1.#f1)[N],(E-2.E-1)[N],(E-2.E-1)[N],(E-2.E-1)[N],(E-2.E-1.g1)[N],(E-2.E-1)[N],(E-2.E-1)[N],(E-2.E-1)[N],(E-2.E-1.b1)[N],(E-2.E-1)[N],(E-2.E-1)[N],(E-2.E-1)[N];(E-2.E-1.b1)[L],(E-1.E-2.a1)[L],(E-1.E-2.g1)[L],(E-2.E-1.e1)[N],5<(#a4~g4~#d4)[OP]>,5<(#a3~g3~#d3)[OP]>,5<(#a2~g2~#d2)[OP]>,5<(#a1~g1~#d1)[OP]>;(E-2.E-1)[OP],(E-2.E-1)[OP],(E-2.E-1)[OP],(E-2.E-1)[OP],(E-2.E-1)[OP],(E-2.E-1)[OP],(E-2.E-1)[OP],(E-2.E-1)[OP],(E-2.E-1)[OP],(E-2.E-1)[OP],(E-2.E-1)[OP],(E-2.E-1)[OP],(E-2.E-1)[OP],(E-2.E-1)[OP],(E-2.E-1)[OP],(E-2.E-1)[OP],(E-2.E-1)[OP],(E-2.E-1)[OP],(E-2.E-1)[OP],(E-2.E-1)[OP],(E-2.E-1)[N],(E-2.E-1)[OP],(E-2.E-1)[OP],X,(E-2.E-1)[OP],(E-2.E-1)[OP],X,(E-2.E-1)[OP],(E-2.E-1)[OP],X,(E-2.E-1)[OP],(E-2.E-1)[OP],X,(E-2.E-1)[OP],(E-2.E-1)[OP],X,(E-2.E-1)[OP],(E-2.E-1)[OP],X,(E-2.E-1)[N],(E-2.E-1)[N],(E-2.E-1)[N],(E-2.E-1)[N],"]},{"id":3,"baseBeats":0.09375,"scores":["(E-1.E-2.e1)[L],#f1[L],(E-2.E-1.g1)[MN],5<a1[O],b1[O]>,b1[L],b1[N],(E-2.E-1)[MN],(E-2.E-1.a1)[L],(E-2.E-1.a1)[L],(E-2.E-1.a1)[L],(E-2.E-1.a1)[L];(E-1.e.a1)[N],W,(E-2.E-1)[N],W,(E-1.e.a1)[N],W,(E-2.E-1)[N],W,(E-1.e.a1)[N],W,(E-2.E-1.a1)[N],W,(E-2.E-1.a1)[N],VW;(E-1.e.a1)[N],W,(E-2.E-1.a1)[N],W,(E-1.e.a1)[N],W,(E-2.E-1.a1)[N],W,(E-1.e.a1)[N],W,(E-2.E-1.a1)[N],W,(E-2.E-1.a1)[M],V;(E-1.e.a1)[N],W,(E-2.E-1)[N],W,(E-1.e.a1)[N],W,(E-2.E-1)[N],W,(E-1.e.a1)[N],W,(E-2.E-1)[N],W,(E-2.E-1.a1)[N];W,a1[N],W,(E-1.e.a1)[N],W,(E-2.E-1.a1)[N],W,(E-1.e.a1)[N],W,(E-2.E-1.a1)[N],W,(E-1.e.e2)[N],W,(E-2.E-1.e2)[N],W,(E-2.E-1.a1)[M],V;(E-1.e.a1)[N],W,(E-2.E-1)[N],W,(E-1.e.a1)[N],W,(E-2.E-1)[N],W,(E-1.e.a1)[N],W,(E-2.E-1.a1)[N],W,(E-2.E-1.a1)[N],VW;(E-1.e.a1)[N],W,(E-2.E-1.a1)[N],W,(E-1.e.a1)[N],W,(E-2.E-1.a1)[N],W,(E-1.e.a1)[N],W,(E-2.E-1.a1)[N],W,(E-2.E-1.a1)[M],V;(E-1.e.a1)[N],W,(E-2.E-1)[N],W,(E-1.e.a1)[N],W,(E-2.E-1)[N],W,(E-1.e.a1)[N],W,(E-2.E-1)[N],W,(E-2.E-1.a1)[N];W,a1[N],W,(E-1.e.a1)[N],W,(E-2.E-1.a1)[N],W,(E-1.e.a1)[N],W,(E-2.E-1.a1)[N],W,(E-1.e.e2)[N],W,(E-2.E-1.e2)[N],W,(E-2.E-1.a1)[M],V;(E-1.e.a1)[N],W,(E-2.E-1)[N],W,(E-1.e.a1)[N],W,(E-2.E-1)[N],W,(E-1.e.a1)[N],W,(E-2.E-1.a1)[N],W,(E-2.E-1.a1)[N],VW;(E-1.e.a1)[N],W,(E-2.E-1.a1)[N],W,(E-1.e.a1)[N],W,(E-2.E-1.a1)[N],W,(E-1.e.a1)[N],W,(E-2.E-1.a1)[N],W,(E-2.E-1.a1)[M],V;(E-1.e.a1)[N],W,(E-2.E-1)[N],W,(E-1.e.a1)[N],W,(E-2.E-1)[N],W,(E-1.e.a1)[N],W,(E-2.E-1)[N],W,(E-2.E-1.a1)[N],VW,(E-1.e.a1)[N],W,(E-2.E-1)[N],W,(E-1.e.a1)[N],W,(E-2.E-1.a1)[N],W,(E-1.e.a1)[N],W,(E-2.E-1.a1)[N],W,(E-2.E-1.a1)[M],V;(E-1.e.a1)[N],W,(E-2.E-1)[N],W,(E-1.e.a1)[N],W,(E-2.E-1)[N],W,(E-1.e.a1)[N],W,(E-2.E-1.a1)[N],W,(E-2.E-1.a1)[N],VW;(E-1.e.a1)[N],W,(E-2.E-1.a1)[N],W,(E-1.e.a1)[N],W,(E-2.E-1.a1)[N],W,(E-1.e.a1)[N],W,(E-2.E-1.a1)[N],W,(E-2.E-1.a1)[M],V;(E-1.e.a1)[N],W,(E-2.E-1)[N],W,(E-1.e.a1)[N],W,(E-2.E-1)[N],W,(E-1.e.a1)[N],W,(E-2.E-1)[N],W,(E-2.E-1.a1)[N];W,a1[N],W,(E-1.e.a1)[N],W,(E-2.E-1.a1)[N],W,(E-1.e.a1)[N],W,(E-2.E-1.a1)[N],W,(E-1.e.e2)[N],W,(E-2.E-1.e2)[N],W,(E-2.E-1.e1)[L],V,(E-2.E-1.e1)[M],V,(E-2.E-1.e1)[M],V,(E-2.E-1.e1)[M],(E-2.E-1.e1)[L],V,(E-2.E-1.e1)[M],V,(E-2.E-1.e1)[M],(E-2.E-1.e2)[M],(E-2.E-1.e2)[M];(E-2.E-1.e1)[L],V,(E-2.E-1.e1)[M],V,(E-1.E-2.e1)[M],V,(E-2.E-1.e1)[M];(E-2.E-1)[M],(e1.E-1.E-2)[M],V,(e1.E-2.E-1)[M],V,(E-1.E-2.e1)[M],V,(E-2.E-1.e1)[M];(E-1.E-2.e1)[L],V,(E-2.E-1.e1)[M],V,(e1.E-1.E-2)[M],V,(E-2.E-1.e1)[M],(E-1.E-2.e1)[L],V,(E-2.E-1.e1)[M],V,(e1.E-2.E-1)[M],(E-2.E-1.e2)[M],(E-2.E-1.e2)[M];(E-1.E-2.e1)[L],V,(E-2.E-1.e1)[M],V,(E-2.E-1.e1)[M],V,(E-2.E-1.e1)[M];(E-2.E-1.e2)[M],V,(E-1.E-2.e2)[M],V,(E-2.E-1.e2)[M],V,(E-2.E-1.e2)[M],RT,5<(#a4~g4~#d4)[OP]>,5<(#a3~g3~#d3)[OP]>,5<(#a2~g2~#d2)[OP]>,5<(#a1~g1~#d1)[OP]>,5<(#a~g~#d)[OP]>,5<(#A-1~G-1~#D-1)[OP]>,5<(#D-1~G-1~#A-1)[OP]>,5<(#d~g~#a)[OP]>,5<(#a4~g4~#d4)[OP]>,5<(#a3~g3~#d3)[OP]>,5<(#a2~g2~#d2)[OP]>,5<(#a1~g1~#d1)[OP]>,5<(#a~g~#d)[OP]>,5<(#A-1~G-1~#D-1)[OP]>,5<(#D-1~G-1~#A-1)[OP]>,5<(#d~g~#a)[OP]>,5<(#a4~g4~#d4)[OP]>,5<(#a3~g3~#d3)[OP]>,5<(#a2~g2~#d2)[OP]>,5<(#a1~g1~#d1)[OP]>,5<(#a~g~#d)[OP]>,5<(#A-1~G-1~#D-1)[OP]>,5<(#D-1~G-1~#A-1)[OP]>,5<(#d~g~#a)[OP]>,5<(#a4~g4~#d4)[OP]>,5<(#a3~g3~#d3)[OP]>,5<(#a2~g2~#d2)[OP]>,5<(#a1~g1~#d1)[OP]>,5<(#a~g~#d)[OP]>,5<(#A-1~G-1~#D-1)[OP]>,5<(#D-1~G-1~#A-1)[OP]>,5<(#d~g~#a)[OP]>,3<(E-2.E-1.e.e1)[NO]>,RTX;"]}]}