{"baseBpm":25,"musics":[{"bpm":25,"baseBeats":0.25,"scores":["(e.#g1.b1.d1)[M],5<(e1.c2)[N],(b1.d1)[N]>,(c1.a.a1)[M],(f1.d.d1.b1)[M],(e.d1.#g.e1)[M],5<(#f1.d1.a)[N],(b.d1.#g1)[N]>,(A-1.e1.a1.c1)[M],(e1.c2.a.a1)[M],(f1.a1.d2.d)[M],5<(#g1.e.c2.e1)[N],(d1.b1)[N]>,(a1.e1.A-1.c2)[M],(e1.a.c1.a1)[M],(a1.d2.f1.d)[M],5<(c2.e.e1.#g1)[N],(b1.d1)[N]>,(A-1.e1.c2)[M],(a.a1.c1)[M],(e.#g1.b1.d1)[M],5<(e1.c2)[N],(b1.d1)[N]>,(f1.f.c1.a1)[M],(f1.d.d1.b1)[M],(e.d1.e1.#g)[M],5<(a.d1.#f1)[N],(d1.b.#g1)[N]>,"],"id":1,"instruments":["piano","piano"],"alternatives":["",""]},{"bpm":25,"baseBeats":0.25,"scores":["(a.e1.a1.c1)[M],(f1.c2.f.a1)[M],(d1.f1.b1.d)[M],5<(c1.e1.e.a1)[N],(#g1.e1.b)[N]>,(c1.e1.a1.A-1)[M],(e.e1.a1.c2)[M],(d1.e1.b1.E-1)[M],5<(e.a1.c1.e1)[N],(#g1.e1.b)[N]>,(b1.d1.e1.E-1)[M],(A-1.c1.e1.a1)[M],(e.#g1.b1.d1)[M],5<(e1.c2)[N],(b1.d1)[N]>,(c1.a.a1)[M],(f1.d.d1.b1)[M],(e.d1.#g.e1)[M],5<(#f1.d1.a)[N],(b.d1.#g1)[N]>,(A-1.e1.a1.c1)[M],(e1.c2.a.a1)[M],(f1.a1.d2.d)[M],"],"id":2,"instruments":["piano","piano"],"alternatives":["",""]},{"bpm":25,"baseBeats":0.25,"scores":["5<(#g1.e.c2.e1)[N],(d1.b1)[N]>,(a1.e1.A-1.c2)[M],(e1.a.c1.a1)[M],(a1.d2.f1.d)[M],5<(c2.e.e1.#g1)[N],(b1.d1)[N]>,(A-1.e1.c2)[M],(a.a1.c1)[M],(e.#g1.b1.d1)[M],5<(e1.c2)[N],(b1.d1)[N]>,(f1.f.c1.a1)[M],(f1.d.d1.b1)[M],(e.d1.e1.#g)[M],5<(a.d1.#f1)[N],(d1.b.#g1)[N]>,(a.e1.a1.c1)[M],(f1.c2.f.a1)[M],(d1.f1.b1.d)[M],5<(c1.e1.e.a1)[N],(#g1.e1.b)[N]>,(c1.e1.a1.A-1)[M],(e.e1.a1.c2)[M],(d1.e1.b1.E-1)[M],5<(e.a1.c1.e1)[N],(#g1.e1.b)[N]>,(b1.d1.e1.E-1)[M],(A-1.c1.e1.a1)[M],"],"id":3,"instruments":["piano","piano"],"alternatives":["",""]}],"audition":{"start":[0,0],"end":[1,0]}}