{"baseBpm":63,"musics":[{"bpm":63,"baseBeats":0.25,"scores":["(a1.a2)[L],(f1.d1.d2)[L],(e2.e1.a)[L],a1[M],5<WX,a1[O]>,(g.g1)[M],(f.f1)[M],(e1.e)[M],(d1.d)[M],(e.e1)[L],(a.A-1)[L],(#c1.a1.A-1.e)[K],(d.a1.d1)[L],#a[M],5<W,c1[O],#a[O]>,(a.a1.e.A-1)[J],(a1.a.d.f1)[L],(g1.#a.#c.e1)[L],(f1.a.d.d1)[L],(e1.g.A-1.#c1)[L],(d1.f.#A-1)[L],(e1.A-1.#c1)[M],G-1[M],(f1.F-1.d1)[M],E-1[M],(f1.a.D-1.d1)[L],(g1.g.c1.C-1.c.e1)[L],(g1.d1.#a)[L],(a1.f1.c1.a.F-1)[L],a1[L],(a1.#a.G-1.f1)[M],g1[M],f1[M],e1[M],(d1.a.A-1)[L],#c1[L],(a1.F-1.c.f.a.c1)[L],g1[L],(f1.F-1.c.c1.a.f)[L],(e1.c.F-1.a.c1)[L],(d1.#a.c1.c.F-1)[L],(e1.F-1.g.#a.c1)[L],(f1.c1.a.f.F-1)[L],g1[L],(e1.A-1.e.a.#c1)[L],f1[M],e1[M],(d1.a.f.A-1)[L],f1[M],g1[M],(a1.#c1.e.a.A-1)[L],(e1.G-1.e.#a)[L],(a1.F-1.f.a.d1)[L],f1[L],g1[L],(f1.E-1.g.#a.#c1)[M],e1[M],(d1.F-1.a)[L],(#a1.#a.G-1)[L],(a1.A-1.a.e.d1)[M],g1[M],(f1.#c1)[M],e1[M],(e1.D-1.d1.a.f)[L],d1[L],(a1.a2)[L],(f1.d1.d2)[L],(e2.e1.a)[L],a1[M],5<WX,a1[O]>,(g.g1)[M],(f.f1)[M],(e1.e)[M],(d1.d)[M],(e.e1)[L],(a.A-1)[L],(#c1.a1.A-1.e)[K],(d.a1.d1)[L],#a[M],5<W,c1[O],#a[O]>,(a.a1.e.A-1)[J],(a1.a.d.f1)[L],(g1.#a.#c.e1)[L],(f1.a.d.d1)[L],(e1.g.A-1.#c1)[L],(d1.f.#A-1)[L],(e1.A-1.#c1)[M],G-1[M],(f1.F-1.d1)[M],E-1[M],(f1.a.D-1.d1)[L],(g1.g.c1.C-1.c.e1)[L],(g1.d1.#a)[L],(a1.f1.c1.a.F-1)[L],a1[L],(a1.#a.G-1.f1)[M],g1[M],f1[M],e1[M],(d1.a.A-1)[L],#c1[L],(a1.F-1.c.f.a.c1)[L],g1[L],(f1.F-1.c.c1.a.f)[L],(e1.c.F-1.a.c1)[L],(d1.#a.c1.c.F-1)[L],(e1.F-1.g.#a.c1)[L],(f1.c1.a.f.F-1)[L],g1[L],(e1.A-1.e.a.#c1)[L],f1[M],e1[M],(d1.a.f.A-1)[L],f1[M],g1[M],(a1.#c1.e.a.A-1)[L],(e1.G-1.e.#a)[L],(a1.F-1.f.a.d1)[L],f1[L],g1[L],(f1.E-1.g.#a.#c1)[M],e1[M],(d1.F-1.a)[L],(#a1.#a.G-1)[L],(a1.A-1.a.e.d1)[M],g1[M],(f1.#c1)[M],e1[M],(e1.D-1.d1.a.f)[L],d1[L],"],"id":1,"instruments":["piano","piano"],"alternatives":["",""]},{"bpm":63,"baseBeats":0.25,"scores":["(a1.a2)[L],(f1.d1.d2)[L],(e2.e1.a)[L],a1[M],5<WX,a1[O]>,(g.g1)[M],(f.f1)[M],(e1.e)[M],(d1.d)[M],(e.e1)[L],(a.A-1)[L],(#c1.a1.A-1.e)[K],(d.a1.d1)[L],#a[M],5<W,c1[O],#a[O]>,(a.a1.e.A-1)[J],(a1.a.d.f1)[L],(g1.#a.#c.e1)[L],(f1.a.d.d1)[L],(e1.g.A-1.#c1)[L],(d1.f.#A-1)[L],(e1.A-1.#c1)[M],G-1[M],(f1.F-1.d1)[M],E-1[M],(f1.a.D-1.d1)[L],(g1.g.c1.C-1.c.e1)[L],(g1.d1.#a)[L],(a1.f1.c1.a.F-1)[L],a1[L],(a1.#a.G-1.f1)[M],g1[M],f1[M],e1[M],(d1.a.A-1)[L],#c1[L],(a1.F-1.c.f.a.c1)[L],g1[L],(f1.F-1.c.c1.a.f)[L],(e1.c.F-1.a.c1)[L],(d1.#a.c1.c.F-1)[L],(e1.F-1.g.#a.c1)[L],(f1.c1.a.f.F-1)[L],g1[L],(e1.A-1.e.a.#c1)[L],f1[M],e1[M],(d1.a.f.A-1)[L],f1[M],g1[M],(a1.#c1.e.a.A-1)[L],(e1.G-1.e.#a)[L],(a1.F-1.f.a.d1)[L],f1[L],g1[L],(f1.E-1.g.#a.#c1)[M],e1[M],(d1.F-1.a)[L],(#a1.#a.G-1)[L],(a1.A-1.a.e.d1)[M],g1[M],(f1.#c1)[M],e1[M],(e1.D-1.d1.a.f)[L],d1[L],(a1.a2)[L],(f1.d1.d2)[L],(e2.e1.a)[L],a1[M],5<WX,a1[O]>,(g.g1)[M],(f.f1)[M],(e1.e)[M],(d1.d)[M],(e.e1)[L],(a.A-1)[L],(#c1.a1.A-1.e)[K],(d.a1.d1)[L],#a[M],5<W,c1[O],#a[O]>,(a.a1.e.A-1)[J],(a1.a.d.f1)[L],(g1.#a.#c.e1)[L],(f1.a.d.d1)[L],(e1.g.A-1.#c1)[L],(d1.f.#A-1)[L],(e1.A-1.#c1)[M],G-1[M],(f1.F-1.d1)[M],E-1[M],(f1.a.D-1.d1)[L],(g1.g.c1.C-1.c.e1)[L],(g1.d1.#a)[L],(a1.f1.c1.a.F-1)[L],a1[L],(a1.#a.G-1.f1)[M],g1[M],f1[M],e1[M],(d1.a.A-1)[L],#c1[L],(a1.F-1.c.f.a.c1)[L],g1[L],(f1.F-1.c.c1.a.f)[L],(e1.c.F-1.a.c1)[L],(d1.#a.c1.c.F-1)[L],(e1.F-1.g.#a.c1)[L],(f1.c1.a.f.F-1)[L],g1[L],(e1.A-1.e.a.#c1)[L],f1[M],e1[M],(d1.a.f.A-1)[L],f1[M],g1[M],(a1.#c1.e.a.A-1)[L],(e1.G-1.e.#a)[L],(a1.F-1.f.a.d1)[L],f1[L],g1[L],(f1.E-1.g.#a.#c1)[M],e1[M],(d1.F-1.a)[L],(#a1.#a.G-1)[L],(a1.A-1.a.e.d1)[M],g1[M],(f1.#c1)[M],e1[M],(e1.D-1.d1.a.f)[L],d1[L],(a1.a2)[L],(f1.d1.d2)[L],(e2.e1.a)[L],a1[M],5<WX,a1[O]>,(g.g1)[M],(f.f1)[M],(e1.e)[M],(d1.d)[M],(e.e1)[L],(a.A-1)[L],(#c1.a1.A-1.e)[K],(d.a1.d1)[L],#a[M],5<W,c1[O],#a[O]>,(a.a1.e.A-1)[J],(a1.a.d.f1)[L],(g1.#a.#c.e1)[L],(f1.a.d.d1)[L],(e1.g.A-1.#c1)[L],(d1.f.#A-1)[L],(e1.A-1.#c1)[M],G-1[M],(f1.F-1.d1)[M],E-1[M],(f1.a.D-1.d1)[L],(g1.g.c1.C-1.c.e1)[L],(g1.d1.#a)[L],(a1.f1.c1.a.F-1)[L],a1[L],(a1.#a.G-1.f1)[M],g1[M],f1[M],e1[M],(d1.a.A-1)[L],#c1[L],(a1.F-1.c.f.a.c1)[L],g1[L],(f1.F-1.c.c1.a.f)[L],(e1.c.F-1.a.c1)[L],(d1.#a.c1.c.F-1)[L],(e1.F-1.g.#a.c1)[L],(f1.c1.a.f.F-1)[L],g1[L],(e1.A-1.e.a.#c1)[L],f1[M],e1[M],(d1.a.f.A-1)[L],f1[M],g1[M],(a1.#c1.e.a.A-1)[L],(e1.G-1.e.#a)[L],(a1.F-1.f.a.d1)[L],f1[L],g1[L],(f1.E-1.g.#a.#c1)[M],e1[M],(d1.F-1.a)[L],(#a1.#a.G-1)[L],(a1.A-1.a.e.d1)[M],g1[M],(f1.#c1)[M],e1[M],(e1.D-1.d1.a.f)[L],d1[L],"],"id":2,"instruments":["piano","piano"],"alternatives":["",""]},{"bpm":63,"baseBeats":0.25,"scores":["(a1.a2)[L],(f1.d1.d2)[L],(e2.e1.a)[L],a1[M],5<WX,a1[O]>,(g.g1)[M],(f.f1)[M],(e1.e)[M],(d1.d)[M],(e.e1)[L],(a.A-1)[L],(#c1.a1.A-1.e)[K],(d.a1.d1)[L],#a[M],5<W,c1[O],#a[O]>,(a.a1.e.A-1)[J],(a1.a.d.f1)[L],(g1.#a.#c.e1)[L],(f1.a.d.d1)[L],(e1.g.A-1.#c1)[L],(d1.f.#A-1)[L],(e1.A-1.#c1)[M],G-1[M],(f1.F-1.d1)[M],E-1[M],(f1.a.D-1.d1)[L],(g1.g.c1.C-1.c.e1)[L],(g1.d1.#a)[L],(a1.f1.c1.a.F-1)[L],a1[L],(a1.#a.G-1.f1)[M],g1[M],f1[M],e1[M],(d1.a.A-1)[L],#c1[L],(a1.F-1.c.f.a.c1)[L],g1[L],(f1.F-1.c.c1.a.f)[L],(e1.c.F-1.a.c1)[L],(d1.#a.c1.c.F-1)[L],(e1.F-1.g.#a.c1)[L],(f1.c1.a.f.F-1)[L],g1[L],(e1.A-1.e.a.#c1)[L],f1[M],e1[M],(d1.a.f.A-1)[L],f1[M],g1[M],(a1.#c1.e.a.A-1)[L],(e1.G-1.e.#a)[L],(a1.F-1.f.a.d1)[L],f1[L],g1[L],(f1.E-1.g.#a.#c1)[M],e1[M],(d1.F-1.a)[L],(#a1.#a.G-1)[L],(a1.A-1.a.e.d1)[M],g1[M],(f1.#c1)[M],e1[M],(e1.D-1.d1.a.f)[L],d1[L],(a1.a2)[L],(f1.d1.d2)[L],(e2.e1.a)[L],a1[M],5<WX,a1[O]>,(g.g1)[M],(f.f1)[M],(e1.e)[M],(d1.d)[M],(e.e1)[L],(a.A-1)[L],(#c1.a1.A-1.e)[K],(d.a1.d1)[L],#a[M],5<W,c1[O],#a[O]>,(a.a1.e.A-1)[J],(a1.a.d.f1)[L],(g1.#a.#c.e1)[L],(f1.a.d.d1)[L],(e1.g.A-1.#c1)[L],(d1.f.#A-1)[L],(e1.A-1.#c1)[M],G-1[M],(f1.F-1.d1)[M],E-1[M],(f1.a.D-1.d1)[L],(g1.g.c1.C-1.c.e1)[L],(g1.d1.#a)[L],(a1.f1.c1.a.F-1)[L],a1[L],(a1.#a.G-1.f1)[M],g1[M],f1[M],e1[M],(d1.a.A-1)[L],#c1[L],(a1.F-1.c.f.a.c1)[L],g1[L],(f1.F-1.c.c1.a.f)[L],(e1.c.F-1.a.c1)[L],(d1.#a.c1.c.F-1)[L],(e1.F-1.g.#a.c1)[L],(f1.c1.a.f.F-1)[L],g1[L],(e1.A-1.e.a.#c1)[L],f1[M],e1[M],(d1.a.f.A-1)[L],f1[M],g1[M],(a1.#c1.e.a.A-1)[L],(e1.G-1.e.#a)[L],(a1.F-1.f.a.d1)[L],f1[L],g1[L],(f1.E-1.g.#a.#c1)[M],e1[M],(d1.F-1.a)[L],(#a1.#a.G-1)[L],(a1.A-1.a.e.d1)[M],g1[M],(f1.#c1)[M],e1[M],(e1.D-1.d1.a.f)[L],d1[L],(a2.a1)[L],(f1.d1.d2)[L],(a.e1.e2)[L],a1[M],5<WX,a1[O]>,(g1.g)[M],(f1.f)[M],(e1.e)[M],(d1.d)[M],(e1.e)[L],(a.A-1)[L],(a1.A-1.e.#c1)[KO],(f.d1)[KNOP],(D-1.A-1.d2.f1)[J],"],"id":3,"instruments":["piano","piano"],"alternatives":["",""]}],"audition":{"start":[0,0],"end":[1,0]}}