{"baseBpm":5,"musics":[{"id":1,"baseBeats":0.25,"scores":["(a1.a2.e2)[I];S,(b1.b2)[K],(c2.c3)[K];(f2.f1)[I];S,(b1.b2)[K],(c2.c3)[K];(d2.d3)[J],(b1.b2)[J];(g2.g1)[J],(g2.g3)[K],(f2.f3)[K];(f3.f2)[KL],g2[M],f2[M],e2[J];T,(e2.e3)[K],(g3.g2)[K],(f3.f2)[K];(e3.e2)[J],(d3.d2)[J];(#c2.#c3)[K],(d2.d3)[K],(f3.f2)[K],(e2.e3)[K];(d2.d3)[J],(d2.d3)[L],(c3.c2)[KL];(c3.c2)[J],(c2.c3)[K],(d2.d3)[K];(#d2.#d3)[J],(c3.c2)[J];(b1.b2)[J],(b1.b2)[K],(c3.c2)[K];(b1.b2)[J],(a1.a2)[J];R;(c1.e1.a1)[I];S,(b1.d1.f1)[K],c2[K];(c1.f1.a)[I];S,(b1.f1.d1)[K],c2[K];(b1.d2.g1)[J],(b1.g1.d1)[J];(g1.d1.b)[J],(g1.d1.b)[K],f1[K];(g.f1.c1)[J],g1[L],f1[L],(c1.g.e1)[K];T,(e2.e1)[K],(g1.g2)[K],(f2.f1)[K];(e2.f1.a1)[J],(a1.d2.f1)[J];(#c2.#g1.e1)[K],(e1.d2.#g1)[K],(#g1.b1.f2)[K],(b1.#g1.e2)[K];(d2.e1.a1)[J],e2[L],d2[L],(a1.e1.c2)[K];(a1.c2.e1)[J],(e1.c2.a1)[K],(d2.e1.a1)[K];(#d1.a1.#d2)[J],(c2.a1.#d1)[J];(#g1.b1.e1)[J],(b1.e1.#g1)[K],(e1.c2.#g1)[K];(b1.c1.e1)[J],(c1.e1.a1)[J];(e1.a1~e1.a1~e1.a1)[K],(e1.a1~e1.a1~e1.a1)[K],(e1.#c1.a1~e1.#c1.a1~e1.#c1.a1)[K],(e1.a1.#c1)[K];(f2.a1.c2)[K],(f2.c2.a1)[L],f1[L],(a1.c2.f2)[K],(f2.c2.a1)[K];(a1.c2.f2)[K],(c2.f2.a1)[L],g1[L],(g1.b1.d2)[K],(d2.g1.b1)[K];(e2.b1.g1)[K],(b1.g1.e2)[L],e1[L],(g1.e2.b1)[K],b1[K];(e1.a1.c1)[K],(e1.c1.a1)[L],a[L],(a1.e1.c1)[K],(c1.a1.e1)[K];(a1.d1.f1)[K],(d1.f1.a1)[L],a[L],(f1.d1.a1)[K],(a1.d1.f1)[K];(#g1.b1.e1)[K],(e1.#g1.b1)[L],b[L],(#g1.e1.b1)[K],(b1.#g1.e1)[K];(e1.a1.c2)[K],(e1.a1.c2)[K],(f1.d2.b1)[K],(d2.b1.f1)[K];(c2.a1.e2)[K],(e2.a1.c2)[K],(#c2.a1.a2)[K],(#c2.a1.g2)[K];(a1.f2.c2)[K],(f2.c2.a1)[L],f1[L],(f2.a1.c2)[K],(c2.a1.f2)[K];(f2.c2.a1)[K],(f2.a1.c2)[L],g1[L],(d2.f2.b1)[K],(f2.d2.b1)[K];(g1.e2.b1)[K],(e2.b1.g1)[L],e1[L],(g1.b1.e2)[K],b1[K];(e1.c1.a1)[KL],c2[L],(e1.b1.g1)[K],(g1.e1)[K];(f1.a1.d2)[K],(d2.a1.f1)[L],d1[L],(d2.a1.f1)[K],(f1.a1.d2)[K];(b1.#g1.d2)[K],(d2.b1.#g1)[L],e1[L],(e1.b1.#g1)[K],(e1.#g1.b1)[K];(b1.e1.d1)[K],(e1.d1.b1)[K],(b1.e1.d1)[K],d2[L],(a1.#c2.e1)[L];S,(a1.e1.d1)[J];(a1.e1.c1)[I];S,(b1.f1.d1)[K],c2[K];(a.f1.c1)[I];S,(f1.d1.b1)[K],c2[K];(d2.b1.g1)[J],(b1.d1.g1)[J];(b.d1.g1)[J],(g1.d1.b)[K],f1[K];(c1.f1.g)[J],g1[L],f1[L],(c1.g.e1)[K];T,(e2.e1)[K],(g2.g1)[K],(f1.f2)[K];(e2.a1.f1)[J],(a1.f1.d2)[J];","(a.c1.e1)[K],(e1.c1.a)[K],(e1.c1.a)[K],(a.c1.e1)[K];(a.c1.e1)[K],(a.c1.e1)[K],(a.c1.e1)[K],(c1.a.e1)[K];(c1.d.a)[K],(d.a.c1)[K],(a.d.c1)[K],(d.a.c1)[K];(c1.a.d)[K],(c1.d.a)[K],(d.a.c1)[K],(c1.a.d)[K];(f1.g.d1)[K],(f1.d1.g)[K],(f1.d1.g)[K],(d1.g.f1)[K];(f1.d1.g)[K],(d1.g.f1)[K],(g.d1.f1)[K],(g.d1.f1)[K];(e1.g1.c1)[K],(g1.c1.e1)[K],(g1.e1.c1)[K],(g1.e1.c1)[K];(g1.e1.c1)[K],(g1.c1.e1)[K],(g1.e1.c1)[K],(e1.g1.c1)[K];(f1.b.a1)[K],(f1.b.a1)[K],(b.f1.a1)[K],(a1.f1.b)[K];(#g1.b1.e1)[K],(e1.b1.#g1)[K],(b1.e1.#g1)[K],(#g1.e1.b1)[K];(e1.a.c1)[K],(c1.e1.a)[K],(e1.a.c1)[K],(e1.a.c1)[K];(c1.#f.e1)[K],(c1.#f.e1)[K],(c1.#f.e1)[K],(c1.#f.e1)[K];(a1.#f1.b)[K],(b.#f1.a1)[K],(a1.#f1.b)[K],(#f1.a1.b)[K];(f1.g1.b)[K],(b.f1.g1)[K],(g1.b.f1)[K],(f1.g1.b)[K];(e1.c1.a)[K],(e1.c1.a)[K],(e1.a.c1)[K],(c1.a.e1)[K];(e1.a.c1)[I];(A-1.A-2)[K],(A-1.A-2)[K],(A-1.A-2)[K],(A-1.A-2)[L],(E-1)[L];(A-1.A-2)[K],(A-2.A-1)[K],(A-1.A-2)[K],(A-2.A-1)[L],(E-1)[L];(d.D-1)[K],(D-1.d)[K],(D-1.d)[K],(d.D-1)[L],(A-1)[L];(d.D-1)[K],(d.D-1)[K],(D-1.d)[K],(d.D-1)[L],(D-1)[L];(G-2.G-1)[K],(G-2.G-1)[K],(G-2.G-1)[K],(G-2.G-1)[L],(D-1)[L];(G-2.G-1)[K],(G-2.G-1)[K],(G-2.G-1)[K],(G-1.G-2)[L],(D-1)[L];(c.C-1)[K],(c.C-1)[K],(c.C-1)[K],(C-1.c)[L],(G-1)[L];(c.C-1)[K],(c.C-1)[K],(C-1.c)[L],(G-1)[L],c[L],e[L];(a.B-1)[K],(B-1.a)[L],a[L],(B-1.a)[K],(B-1.a)[L],(B-1)[L];(e.E-1)[K],(E-1.e)[L],(B-1)[L],(E-1.e)[K],(e.E-1)[L],(B-1)[L];(a.A-1)[K],(A-1.a)[L],e[L],(a.A-1)[K],(a.A-1)[L],e[L];(#f.#F-1)[K],(#f.#F-1)[L],c[L],(#F-1.#f)[K],(#F-1.#f)[L],(#F-1)[L];(B-1.B-2)[K],(B-2.B-1)[L],(#F-1)[L],(B-2.B-1)[K],(B-1.B-2)[L],(#F-1)[L];(e.E-1)[K],(e.E-1)[L],(B-1)[L],(E-1.e)[K],(E-1.e)[L],(B-1)[L];(a.A-1)[K],(A-1.a)[L],e[L],(A-1.a)[K],(A-1.a)[L],(A-1)[L];(E-1.e)[J],(a.A-1)[K],(A-1.a)[L],(A-1)[L];(d.D-1)[K],(d.D-1)[K],(D-1.d)[L],(A-1)[L],d[L],(A-1)[L];(g.G-1)[K],(G-1.g)[K],(g.G-1)[L],d[L],g[L],d[L];(c1.c)[K],(c.c1)[K],(c.c1)[L],g[L],c1[L],c[L];(F-1.f)[K],(F-1.f)[K],(F-1.f)[L],c[L],f[L],(F-1)[L];(B-1.B-2)[K],(B-2.B-1)[K],(B-1.B-2)[L],(F-1)[L],(B-1)[L],(F-1)[L];(E-1.e)[K],(E-1.e)[K],(e.E-1)[L],(B-1)[L],e[L],(E-1)[L];(A-1.A-2)[K],(A-2.A-1)[L],(E-1)[L],(B-1.B-2)[K],(B-1.B-2)[L],(F-1)[L];(c.C-1)[K],(C-1.c)[L],(A-1)[L],(#c.#C-1~E-1~A-1~#c~A-1~E-1)[J];(D-1.d)[K],(D-1.d)[K],(d.D-1)[L],(A-1)[L],d[L],(A-1)[L];(g.G-1)[K],(G-1.g)[K],(G-1.g)[L],d[L],g[L],d[L];(c.c1)[K],(c1.c)[K],(c.c1)[L],g[L],c1[L],c[L];(f.F-1)[K],(f.F-1)[K],(F-1.f)[L],c[L],f[L],(F-1)[L];(B-2.B-1)[K],(B-2.B-1)[K],(B-2.B-1)[L],(F-1)[L],(B-1)[L],(F-1)[L];(e.E-1)[K],(E-1.e)[K],(e.E-1)[L],(B-1)[L],e[L],(E-1)[L];(A-2.A-1)[K],(A-1.A-2)[L],(E-1)[L],(A-1)[L],(E-1)[L],(A-1)[L],(E-1)[L];(A-1.A-2)[K],(A-1.A-2)[K],(E-1~e~E-1)[K],e[L],(E-1)[L];(A-1.A-2)[K],(A-1.A-2)[K],(A-1.A-2)[K],(A-1.A-2)[L],(E-1)[L];(A-1.A-2)[K],(A-1.A-2)[K],(A-1.A-2)[K],(A-2.A-1)[L],(E-1)[L];(D-1.d)[K],(D-1.d)[K],(d.D-1)[K],(D-1.d)[L],(A-1)[L];(d.D-1)[K],(D-1.d)[K],(D-1.d)[K],(d.D-1)[L],(D-1)[L];(G-1.G-2)[K],(G-1.G-2)[K],(G-1.G-2)[K],(G-1.G-2)[L],(D-1)[L];(G-1.G-2)[K],(G-2.G-1)[K],(G-2.G-1)[K],(G-2.G-1)[L],(D-1)[L];(c.C-1)[K],(c.C-1)[K],(C-1.c)[K],(c.C-1)[L],(G-1)[L];(c.C-1)[K],(c.C-1)[K],(c.C-1)[L],(G-1)[L],c[L],e[L];(a.B-1)[K],(B-1.a)[L],a[L],(a.B-1)[K],(B-1.a)[L],(B-1)[L];"]},{"id":2,"baseBeats":0.25,"scores":["(E-1.e)[K],(e.E-1)[L],B-1[L],(E-1.e)[K],(e.E-1)[L],B-1[L],(A-1.a)[K],(A-1.a)[L],e[L],(A-1.a)[L],U,(A-1.a)[L],e[L],(#f.#F-1)[K],(#f.#F-1)[L],c[L],(#f.#F-1)[K],(#f.#F-1)[L],#F-1[L],(B-1.B-2)[K],(B-1.B-2)[L],#F-1[L],(B-1.B-2)[K],(B-1.B-2)[L],#F-1[L],(e.E-1)[K],(e.E-1)[L],B-1[L],(e.E-1)[K],(E-1.e)[L],B-1[L],(A-1.a)[K],(a.A-1)[L],e[L],(A-1.a)[K],(a.A-1)[L],A-1[L],(e.E-1)[MO],TUWX,(a.A-1)[MO],UWX,(A-1.a)[L],A-1[L],(D-1.d)[K],(D-1.d)[L],U,(D-1.d)[L],A-1[L],d[L],A-1[L],(G-1.g)[K],(G-1.g)[L],U,(G-1.g)[L],d[L],g[L],d[L],(c1.c)[K],(c.c1)[L],U,(c.c1)[L],g[L],c1[L],c[L],(F-1.f)[K],(F-1.f)[L],U,(F-1.f)[L],c[L],f[L],F-1[L],(B-2.B-1)[K],(B-1.B-2)[L],U,(B-1.B-2)[L],F-1[L],B-1[L],F-1[L],(e.E-1)[K],(e.E-1)[L],U,(E-1.e)[L],B-1[L],e[L],E-1[L],(A-2.A-1)[K],(A-2.A-1)[L],E-1[L],(B-2.B-1)[K],(B-2.B-1)[L],F-1[L],(c.C-1)[K],(c.C-1)[L],A-1[L],(#C-1.#c)[MO],E-1[MN],A-1[MO],#c[MO],A-1[MN],E-1[MO],(D-1.d)[K],(d.D-1)[L],U,(d.D-1)[L],A-1[L],d[L],A-1[L],(G-1.g)[K],(G-1.g)[L],U,(g.G-1)[L],d[L],g[L],d[L],(c1.c)[K],(c1.c)[L],U,(c.c1)[L],g[L],c1[L],c[L],(f.F-1)[K],(F-1.f)[L],U,(f.F-1)[L],c[L],f[L],F-1[L],(B-1.B-2)[K],(B-1.B-2)[L],U,(B-2.B-1)[L],F-1[L],B-1[L],F-1[L],(e.E-1)[K],(E-1.e)[L],U,(E-1.e)[L],B-1[L],e[L],E-1[L],(A-1.A-2)[K],(A-1.A-2)[L],E-1[L],A-1[L],E-1[L],A-1[L],E-1[L],(A-1.A-2)[K],(A-2.A-1)[K],E-1[MO],e[MN],E-1[MO],e[L],E-1[L],(A-1.A-2)[K],(A-2.A-1)[L],A-1[L],(E-1.e)[MO],UWX,(E-1.e)[L],B-1[L],(f.F-1)[L],c[L],f[L],c[L],F-1[L],c[L],f[L],c[L],(G-1.g)[L],d[L],g[L],d[L],G-1[L],d[L],B-1[L],G-1[L],(E-1.e)[L],B-1[L],e[L],B-1[L],E-1[L],B-1[L],e[L],B-1[L],(a.A-1)[L],e[L],a[L],e[L],A-1[L],e[L],(G-1.g)[K],(f.F-1)[K],(f.F-1)[L],c[L],F-1[L],c[L],f[L],c[L];","(e1.#c2.#g1)[K],(#g1.e1.d2)[L],U,(f2.b1.#g1)[K],(b1.#g1.e2)[L],U,(e1.a1.d2)[K],T,e2[L],d2[L],(e1.c2.a1)[L],U,(a1.c2.e1)[K],T,(e1.c2.a1)[K],(d2.a1.e1)[L],U,(#d1.a1.#d2)[K],T,(a1.#d1.c2)[K],T,(b1.#g1.e1)[K],T,(#g1.b1.e1)[K],(c2.#g1.e1)[L],U,(b1.e1.c1)[K],T,(e1.a1.c1)[K],T,(a1.e1)[MO],(a1.e1)[MN],(a1.e1)[MO],(a1.e1)[MO],(a1.e1)[MN],(a1.e1)[MO],(a1.e1.#c1)[MO],(a1.e1.#c1)[MN],(e1.a1.#c1)[MO],(e1.a1.#c1)[L],U,(f2.a1.c2)[K],(c2.a1.f2)[L],f1[L],(c2.a1.f2)[L],U,(f2.c2.a1)[L],U,(f2.c2.a1)[K],(c2.a1.f2)[L],g1[L],(d2.g1.b1)[L],U,(g1.d2.b1)[L],U,(g1.e2.b1)[K],(g1.e2.b1)[L],e1[L],(b1.g1.e2)[L],U,b1[L],U,(c1.e1.a1)[K],(a1.e1.c1)[L],a[L],(a1.c1.e1)[L],U,(c1.e1.a1)[L],U,(a1.f1.d1)[K],(f1.a1.d1)[L],a[L],(d1.a1.f1)[L],U,(a1.f1.d1)[L],U,(e1.#g1.b1)[K],(#g1.e1.b1)[L],b[L],(e1.b1.#g1)[L],U,(e1.#g1.b1)[L],U,(c2.a1.e1)[K],(c2.a1.e1)[L],U,(b1.d2.f1)[K],(f1.b1.d2)[L],U,(a1.e2.c2)[K],(e2.a1.c2)[L],U,(a2.#c2.a1)[MO],UWX,(g2.#c2.a1)[MO],UWX,(f2.a1.c2)[K],(a1.c2.f2)[L],f1[L],(a1.c2.f2)[L],U,(a1.f2.c2)[L],U,(c2.a1.f2)[K],(f2.a1.c2)[L],g1[L],(b1.f2.d2)[L],U,(d2.f2.b1)[L],U,(e2.b1.g1)[K],(e2.b1.g1)[L],e1[L],(b1.g1.e2)[L],U,b1[L],U,(c1.e1.a1)[K],U,c2[L],(g1.b1.e1)[L],U,(g1.e1)[L],U,(d2.a1.f1)[K],(f1.d2.a1)[L],d1[L],(d2.a1.f1)[L],U,(f1.d2.a1)[L],U,(#g1.b1.d2)[K],(#g1.d2.b1)[L],e1[L],(b1.e1.#g1)[L],U,(b1.#g1.e1)[L],U,(b1.e1.d1)[K],(b1.e1.d1)[L],U,(d1.b1.e1)[L],U,d2[L],(e1.#c2.a1)[L],S,(a1.d1.e1)[MO],TUWX,(e1.#c2.a1)[K],T,(a1.e1.d2)[MO],(a1.d2.e1)[MN],(d2.e1.a1)[MO],(a1.e1.d2)[L],U,(c2.a2)[L],U,e2[L],U,(a2.c2)[L],U,e2[L],U,(g2.b1)[L],U,d2[L],U,(g2.b1)[L],U,d2[L],U,(b1.#g2)[L],U,e2[L],U,(#g2.b1)[L],U,e2[L],U,(a2.c2)[L],U,e2[L],U,(c2.a2)[L],U,e2[K],(c2.#g2)[K],#d2[L],U,(#g2.c2)[L],U,#d2[L];"]},{"id":3,"baseBeats":0.25,"scores":["(#D-1.#d)[K],(#d.#D-1)[L],c[L],#D-1[L],c[L],#d[L],c[L],(D-1.d)[K],(D-1.d)[K],(D-1.d)[L],#G-1[L],d[L],D-1[L],(G-2.G-1)[K],(G-1.G-2)[L],D-1[L],G-1[MO],UWX,D-1[MO],UWX,(G-1.G-2)[I],c1[I],#a[JK],T,(f.c1)[J],RS,(G-2.G-1)[MO],UWX,(G-2.G-1)[MO],UWX,(G-2.G-1)[MO],UWX,(G-1.G-2)[MO],UWX,(A-2.A-1)[MO],UWX,(A-1.A-2)[MO],UWX,(A-2.A-1)[MO],UWX,(A-2.A-1)[MO],UWX,(A-1.A-2)[K],(A-1.A-2)[L],A-1[L],(e.E-1)[MO],UWX,(E-1.e)[L],B-1[L],(d.D-1)[K],(d.D-1)[L],A-1[L],(d.D-1)[L],A-1[L],d[L],A-1[L],(g.G-1)[L],U,(g.G-1)[L],d[L],(G-1.g)[L],d[L],g[L],d[L],(c1.c)[K],(c.c1)[L],g[L],(c1.c)[L],g[L],c1[L],c[L],(f.F-1)[L],U,(F-1.f)[L],c[L],(F-1.f)[L],c[L],f[L],F-1[L],(B-1.B-2)[K],(B-2.B-1)[L],F-1[L],(B-1.B-2)[L],F-1[L],B-1[L],F-1[L],(e.E-1)[K],(E-1.e)[L],U,(e.E-1)[L],B-1[L],e[L],E-1[L],(A-1.A-2)[K],(A-1.A-2)[L],E-1[L],(B-2.B-1)[K],(B-1.B-2)[L],F-1[L],(C-1.c)[K],(c.C-1)[L],A-1[L],(#c.#C-1)[MO],E-1[MN],A-1[MO],#c[MO],A-1[MN],E-1[MO],(d.D-1)[K],(d.D-1)[L],A-1[L],(d.D-1)[L],A-1[L],d[L],A-1[L],(G-1.g)[K],(G-1.g)[L],d[L],(g.G-1)[L],d[L],g[L],d[L],(c1.c)[K],(c.c1)[L],g[L],(c.c1)[L],g[L],c1[L],c[L],(f.F-1)[K],(F-1.f)[L],c[L],(F-1.f)[L],c[L],f[L],F-1[L],(B-2.B-1)[K],(B-1.B-2)[L],F-1[L],(B-1.B-2)[L],F-1[L],B-1[L],d[L],(E-1.e)[K],(E-1.e)[L],U,(E-1.e)[L],B-1[L],e[L],E-1[L],(A-1.A-2)[K],(A-2.A-1)[L],E-1[L],A-1[L],E-1[L],A-1[L],E-1[L],(A-2.A-1)[K],(A-1.A-2)[K],E-2[MO],E-1[MN],E-2[MO],E-1[MO],E-2[MN],E-1[MO],(A-1.A-2)[I];","(#d2.g1)[K],c2[L],U,(#d2.g1)[L],U,c2[L],U,(d1.f1.c2)[K],#g1[K],(c2.d1.f1)[L],U,#g1[L],U,(c1.g1.d1)[K],(d1.c1.g1)[L],U,(d1.c1.g1)[MO],c1[MN],d1[MO],g1[MO],c2[MN],d2[MO],(g2.b1.d2)[I],(#d2.c2.g2)[I],(c2.#d2.g2)[JK],#a1[K],(g2.#a1.#d2)[J],(c2.#g1)[IJ],(g1.d1.g.c1)[MO],c1[MN],d1[MO],g[MO],c1[MN],d1[MO],g[MO],c1[MN],d1[MO],g[MO],c1[MN],d1[MO],(e1.a.#c1)[MO],#c1[MN],d1[MO],a1[MO],e1[MN],a1[MO],#c2[MO],a1[MN],#c2[MO],e2[MO],#c2[MN],e2[MO],(a1.#c2.e1)[K],T,(e1.a1.d2)[MO],(d2.a1.e1)[MN],(d2.a1.e1)[MO],(d2.e1.a1)[L],U,(e2.c2.a1)[K],(f2.c2.a1)[L],U,(c2.a1.e2)[L],U,(f2.a1.c2)[L],(e2.a1.c2)[L],c2[L],(f2.c2.a1)[L],U,(b1.g2.d2)[L],d2[L],f2[L],e2[L],d2[L],(d2.b1.g1)[K],(e2.c2.g1)[L],U,(d2.g1.b1)[L],U,(e2.g1.c2)[L],(g1.d2.b1)[L],U,(e2.c2.a1)[L],U,(c2.a1.f2)[L],c2[L],e2[L],d2[L],c2[L],(#c2.a1.f1)[K],(d2.f1.a1)[L],U,(a1.#c2.f1)[L],U,(a1.d2.f1)[L],(#g1.b1.f2)[L],T,(g1.b1.f2)[L],d2[L],(b1.g1.e2)[L],U,(d2.b1.g1)[L],U,(c2.a1.e1)[K],(e1.a1.c2)[L],U,(b1.d2.f1)[K],(f1.d2.b1)[L],U,(a1.c2.e2)[K],(c2.e2.a1)[L],U,(a2.#c2.a1)[MO],UWX,(#c2.g2.a1)[MO],UWX,(c2.f2.a1)[K],(a1.f2.c2)[L],U,(f2.c2.a1)[L],U,(f2.c2.a1)[L],U,(c2.f2.a1)[K],(c2.f2.a1)[L],U,(d2.b1.g1)[L],U,(b1.d2.g1)[L],U,(e2.g1.b1)[K],(g1.e2.b1)[L],U,(e2.b1.g1)[L],U,b1[L],U,(a1.e1.c1)[K],U,c2[L],(b1.g1.e1)[L],U,(g1.e1)[L],U,(d2.f1.a1)[K],(f1.a1.d2)[L],U,(a1.d2.f1)[L],U,(f1.d2.a1)[L],U,(d2.#g1.e1.b1)[K],(d2.e1.#g1.b1)[L],e1[L],(e1.b1.#g1)[L],U,(e1.#g1.b1)[L],U,(b1.d1.e1)[K],(b1.e1.d1)[L],U,(b1.d1.e1)[L],U,d1[L],(a.#c1)[L],S,(d1.a)[MO],TUWX,(a.e1.c1)[I];"]}]}