{"baseBpm":57,"musics":[{"bpm":57,"baseBeats":0.25,"scores":["(c.c1.e1)[L],g[L],(c1.e1)[L],d1[M],c1[M],g1[L],g[L],(B-1.b)[L],g1[L];(A-1.e.g.c1)[K],(g.c1)[L],c1[M],d1[M],(e.g.e1)[M],f1[LM],(G-1.e.g.e1)[M],d1[LM];(F-1.c.a.c1)[K],(a.c1)[L],f[M],g[M],(f.a)[L],(f.c1)[L],(g.c1)[L],(g.d1)[L];(G-1.g.c1.e1)[K],(c1.e1)[L],g[L],(G-1.d.b.d1)[M],g[L],g[M],(d.g.d1)[K];U,U,c2[M],d2[M],e2[M],c2[M],V,g1[M],U,c2[M],d2[M],V,V;d2[L],c2[M],c2[M],U,U,U,V,g1[M],c2[M],d2[L],V;d2[L],e2[M],c2[M],U,U,UV,g1[M],c2[M],d2[M],e2[M],f2[M];","R;R;R;R;(c.c1.d1.e1)[L],g[L],(d1.e1)[LM],(g.c1)[M],(d1.e1)[L],c[L],d1[M],g[M],(g.d1)[M],g[M];(#A-1.g.c1.g1)[L],g[L],(g.c1)[L],g[L],(#A-1.c1.d1.g1)[L],(c1.d1)[L],(#A-1.c1.d1.g1)[LM],c1[M];(F-1.g.c1)[L],c[M],V,(f.g.c1)[L],c[L],(f.a.c1)[LM],g[M],(f.c1)[L],g[L];"],"id":1},{"bpm":57,"baseBeats":0.25,"scores":["c2[L],U,c2[L],V,V,d2[LM],V,V,V,U;T,d2[L],c2[M],d2[M],V,V,c2[M],e2[M],e2[M],d2[M],V,c2[M];e2[L],e2[M],e2[M],U,g2[M],c2[M],U,V,g1[M],g2[M],e2[M],V,c2[M];d2[L],g2[M],e2[M],V,c2[M],U,d2[L],e2[M],e2[M],V,c2[M],U;e2[L],e2[M],e2[M],U,f2[M],d2[M],U,V,g1[M],f2[L],e2[M],c2[M];c2[M],d2[M],d2[M],d2[M],d2[M],c2[M],c2[M],c2[M],c2[M],g1[M],g1[M],f1[M],g1[M],e2[M],(g1.e2)[M],(g1.e2)[M];(g1.e2)[M],c2[M],c2[M],c2[M],c2[M],g1[M],g1[M],g1[M],g1[M],(g1.e2)[M],(g1.e2)[M],(g1.e2)[M],(g1.e2)[M],f2[M],e2[M],c2[M];","(G-1.c1.g1)[L],(e.g)[L],(e1.g1)[L],g[M],g[M],(G-1.g.b.g1)[LM],d[M],(b.g1)[M],g[M],c1[L];(D-1.d.f.g.c1.f1.g1)[K],(c1.f1)[L],g[L],(D-1.A-1.d.c1.f1)[M],(g.e1)[M],V,g[M],(d.g.c1.f1)[L],(g.c1.g1)[L];(E-1.e.g.c1.d1.g1)[L],g[L],(c1.g1)[L],e[M],c1[M],(e.c1.g1)[L],d1[L],(e.d1.g1)[L],d1[L];(F-1.c1.a1)[L],c[L],(f.a.f1)[L],(c.c1)[L],(f.c1.a1)[L],(c.g1)[L],(f.a.f1)[L],(c1.e1)[L];(G-1.e.g.c1.d1.g1)[L],g[L],(g.c1.d1.g1)[L],e[M],g[M],(G-1.d.g.b.d1.g1)[L],g[M],g[M],(g.d1.g1)[L],g1[M],g[M];(C-1.g.c1.d1.e1.g1)[L],G-1[M],g[M],e[M],g[M],c1[M],d1[M],(c.g.d1.e1.g1)[M],V,(g.d1.e1.g1)[M],B-1[M],(B-1.g.d1.g1)[M],V,(g.c1.g1)[M],g[M];(A-1.e.g.c1.g1)[M],V,g[M],V,(c1.g1)[M],V,(A-1.e)[M],c1[M],(A-1.a.c1.e1.g1.c2)[M],V,(c1.e1.g1.b1)[M],V,(G-1.d.g.c1.e1.g1.b1)[M],V,(c1.d1.g1)[M],V;"],"id":2},{"bpm":57,"baseBeats":0.25,"scores":["e2[M],c2[M],c2[M],c2[M],a1[M],c2[M],V,c2[M],f2[M],e2[M],g1[M],g1[M],g1[M],c2[M],U;U,V,d2[M],d2[M],d2[M],d2[M],d2[M],d2[M],c2[M],e2[M],d2[M],V,V,e2[M],c2[M];c2[M],d2[M],d2[M],d2[M],d2[M],c2[M],c2[M],c2[M],c2[M],g1[M],g1[M],f1[M],g1[M],e2[M],(g1.e2)[M],(g1.e2)[M];(g1.e2)[M],c2[M],c2[M],c2[M],c2[M],g1[M],g1[M],g1[M],g1[M],(g1.e2)[M],(g1.e2)[M],(g1.e2)[M],(g1.e2)[M],f2[M],e2[M],c2[M];e2[M],c2[M],c2[M],c2[M],a1[M],c2[M],V,a1[M],c2[M],a1[M],g1[M],g1[M],g1[M],c2[M],V,V;U,U,V,g1[M],g1[M],g1[M],g1[M],a1[L],c2[M],U,c2[M],c2[M];R;","(F-1.c.f.c1.f1.g1.a1)[M],V,c1[M],V,(c1.f1.a1)[M],V,f[M],c1[M],(f.c1.g1.a1)[M],V,(c1.g1)[M],V,(E-1.e.c1.g1)[M],V,(g.d1)[L];(D-1.A-1.d.f.g.c1)[L],f[L],(g.c1)[M],V,d[M],(G-1.c.g)[M],(G-1.d.g.b)[M],V,(g.c1)[M],g[M],(d.g.d1)[M],g[M],(g.g1)[M],g[M];(C-1.G-1.c.c1.d1.e1.g1)[M],V,g[M],V,(c1.g1)[M],V,c[M],g[M],(c.g.d1.e1.g1)[M],V,(g.d1.g1)[M],g[M],(B-2.B-1.g.d1.g1)[M],V,(g.c1.g1)[M],g[M];(A-2.A-1.g.c1.g1)[M],V,g[M],V,(g.c1.g1)[M],V,A-1[M],V,(A-1.e1.g1.c2)[M],V,(d1.b1)[M],V,(G-1.d1.g1.b1)[M],V,(b.g1)[M],V;(F-1.c.f.a.c1.f1.a1)[M],V,a[M],V,(c1.f1.a1)[M],V,f[M],a[M],(f.a.c1.f1.a1)[M],a[M],(c1.g1)[M],g[M],(e.g.c1.g1)[M],g[M],(g.d1.e1)[M],g[M];(D-1.A-1.d.f.g.c1)[L],f[L],(g.c1)[M],V,d[M],g[M],(G-1.d.g.a.b)[M],VU,(G-1.d.g.b.d1)[L],U;(C-1.c.e.g.c1)[I];"],"id":3}],"audition":{"start":[1,53],"end":[1,71]}}