{"baseBpm":121,"musics":[{"bpm":121,"baseBeats":0.25,"scores":["S,S,S,U,U,U,U,U,T,U,U,U,U,U,TU,U,T,U,U,U,U,U,U,U,U,U,U,U,T,U,U,U,U,U,U,T,U,U,U,U,U,U,T,U,U,U,U,U,U,U,U,U,U,U,U,U,U,T,U,U,U,T,S,S,VX,VW,VX,U,U,S,VX,VW,VX,U,U,T,T,T,T,U,U,U,U,U,U,U,U,U,U,U,U,U,U,U,U,U,U,U,U,U,U,U,U,U,U,U,U,U,U,U,U,U,U,U,U,U,U,U,U,U,U,U,U,U,U,U,U,U,U,U,U,U,U,U,U,U,U,U,U,U,U,U,U,U,U,U,U,U,U,U,U,U,V,V,U,U,U,U,U,U,U,U,U,U,U,U,U,U,U,U,U,U,U,U,U,U,U,U,U,U,U,U,U,U,U,U,U,U,U,U,U,U,U,U,U,U,U,U,U,U,U,U,U,U,U,U,U,U,U,U,U,U,5<V>,5<V>,5<V>,5<V>,5<V>,5<V>,5<V>,5<V>,5<V>;","C-1[J],C-1[J],C-1[J],C-1[L],d1[L],d1[L],d1[L],(C-1.d1)[L],c1[K],C-1[L],D-1[L],d1[L],d1[L],d1[L],(#D-1.d1)[KL],#D-1[L],E-1[K],#a[L],#a[L],(F-1.#a)[L],#g[L],#g[L],(F-1.#g)[L],E-1[L],g[L],g[L],g[L],(#D-1.g)[L],#f[K],D-1[L],G-1[L],(G-1.d1)[L],(G-1.d1)[L],d1[L],(C-1.d1)[L],c1[K],C-1[L],D-1[L],d1[L],d1[L],d1[L],(#D-1.d1)[L],c1[K],#D-1[L],E-1[L],#a[L],#a[L],#a[L],(F-1.#a)[L],#g[L],#g[L],(F-1.#g)[L],E-1[L],g[L],g[L],g[L],(#D-1.g)[L],#f[K],D-1[L],G-1[L],G-1[L],G-1[K],(F-1.#G-1.c.c1)[J],d1[J],(c.#d.c1.#d1.f1)[MO],g1[MN],f1[MO],#d1[L],c1[L],d1[J],(#D-1.G-1.#A-1.f1.#d2.g2)[MO],g1[MN],f1[MO],#d1[L],c1[L],d1[K],#d1[K],(G-1.B-1.d.d1.b1.d2)[K],#d1[K],g[L],g[L],g[L],g[L],(C-1.c.g1)[L],(G-1.g1)[L],(c.f1)[L],#d[L],(D-1.#d1)[L],(G-1.#d1)[L],(B-1.d1)[L],(d.c1)[L],#D-1[L],(G-1.d1)[L],c[L],(#d.#d1)[L],E-1[L],(G-1.#a1)[L],#A-1[L],(e.#g1)[L],F-1[L],#G-1[L],(f.#g1)[L],(f.g1)[L],#D-1[L],G-1[L],(c.g1)[L],(#d.#f1)[L],D-1[L],#F-1[L],(B-1.#f1)[L],(B-1.d.g1)[L],G-2[L],(G-1.g)[L],(B-1.g)[L],(d.g)[L],(C-1.c.g1)[L],(G-1.g1)[L],(c.f1)[L],#d[L],(D-1.#d1)[L],(G-1.#d1)[L],(B-1.d1)[L],(d.c1)[L],#D-1[L],(G-1.f1)[L],c[L],(#d.c1)[L],E-1[L],G-1[L],(#A-1.#a1)[L],(e.#g1)[L],F-1[L],#G-1[L],(f.#g1)[L],(f.g1)[L],#D-1[L],G-1[L],(c.g1)[L],(#d.#f1)[L],D-1[L],#F-1[L],(B-1.#f1)[L],(B-1.d.g1)[L],G-2[L],G-1[L],(B-1.g2.g1)[L],(d.g2.g1)[L],(C-1.c.c2.c3)[L],(G-1.g2.g1)[L],(c.c4)[L],#d[L],(D-1.g3)[L],(G-1.g2.g1)[M],(g2.g1)[M],(B-1.g2.g1)[L],(d.g2.g1)[L],(#D-1.c2.c3)[L],(G-1.g2.g1)[L],(c.f2.f1)[L],(#d.c2.#d2.#d1)[L],E-1[L],(G-1.g2.g1)[L],#A-1[L],(e.c2.c1)[L],F-1[L],#G-1[L],(f.f3.f2)[L],(f.#d3.#d2)[L],#D-1[L],(G-1.d3.d2)[L],c[L],(#d.#g2.d3.d2)[L],D-1[L],(#F-1.#d2.g2.c3)[L],(B-1.g2.#d3)[L],(B-1.d.f2.d3)[L],G-2[L],(G-1.g2.g1)[L],(B-1.g2.g1)[L],(d.g2.g1)[L],(C-1.c.c2.c3)[L],(G-1.g2.g1)[L],(c.c4)[L],#d[L],(D-1.g3)[L],(G-1.g2.g1)[L],(B-1.g2.g1)[L],(d.g2.g1)[L],(#D-1.c2.c3)[L],(G-1.g2.g1)[L],(c.f2.f1)[L],(#d.c2.#d2.#d1)[L],E-1[L],(G-1.g2.g1)[L],#A-1[L],(e.c2.c1)[L],F-1[L],#G-1[L],(f.f3.f2)[L],(f.#d3.#d2)[L],#D-1[L],(G-1.d3.d2)[L],c[L],(#d.#g2.d3.d2)[L],D-1[L],(#F-1.g2.c3.c2)[L],(B-1.c3.#d3.#d2)[L],(B-1.d.b2.d3.d2)[L],(G-2.D-1)[L],(G-2.G-1)[L],(G-2.G-1.b1.b2)[L],(c2.c3)[L],(c3.g2)[N],(g2.#d2)[N],(#d2.c2)[N],(c2.g1)[N],(#d2.c2)[N],(c2.g1)[N],(g1.#d1)[N],(#d1.c1)[N],(c1.g)[N],(g.#d)[N],(#d.c)[N],(c.G-1)[N],(#d.c)[N],(c.G-1)[N],(G-1.#D-1)[N],(#D-1.C-1)[N],(C-1.G-2)[N],(#D-1.C-1)[N];"],"id":1,"instruments":["piano","piano"],"alternatives":["",""]},{"bpm":121,"baseBeats":0.25,"scores":["5<V>,5<V>,5<V>,5<V>,5<V>,5<V>,5<V>,SU,U,U,U,U,T,U,U,U,U,U,U,T,U,T,U,U,UWX,UVX,U,UWX,UW,UWX,UWX,UW,UWX,U,U,T,U,U,U,U,U,U,U,U,U,T,U,U,U,U,U,U,U,U,U,U,U,U,U,U,T,U,U,U,T,S,S,VX,VW,VX,U,U,S,VX,VW,VX,U,U,T,T,T,T,U,U,U,U,U,U,U,U,U,U,U,U,U,U,U,U,U,U,U,U,U,U,U,U,U,U,U,U,U,U,U,U,U,U,U,U,U,U,U,U,U,U,U,U,U,U,U,U,U,U,U,U,U,U,U,U,U,U,U,U,U,U,U,U,U,U,U,U,U,U,U,U,U,V,V,U,U,U,U,U,U,U,U,U,U,U,U,U,U,U,U,U,U,U,U,U,U,U,U,U,U,U,U,U,U,U,U,U,U,U,U,U,U,U,U,U,U,U,U,U,U,U,U,U,U,U,U,U,U,U,U,U,U,U,U,U,U,U,U,U;","(G-1.#D-1)[N],(c.G-1)[N],(#d.c)[N],(g.#d)[N],(c1.g)[N],(#d1.c1)[N],(g1.#d1)[N],(c2.g1)[N],(#d2.c2)[N],(g2.#d2)[N],(c3.g2)[N],(c3.#d3)[N],(#d3.g3)[N],(g3.#a3)[N],(#a3.c4.c3.#d3.g3.C-1.C-2)[JL],d1[L],d1[L],d1[L],(C-1.d1)[L],c1[K],C-1[L],D-1[L],g1[L],#d1[L],d1[L],(#D-1.d1)[L],c1[K],#D-1[L],E-1[K],#d1[L],f1[L],(F-1.g1)[LNO],#g1[LN],g1[NO],F-1[L],(#D-1.f1)[LNO],g1[LN],f1[LNO],(D-1.#d1)[LNO],#d1[LN],#d1[LNO],d1[L],G-1[L],G-1[K],(C-1.#d1)[L],#d1[L],c1[L],(C-1.c1)[L],(D-1.b)[L],b[L],d1[L],d1[L],(#D-1.c1)[L],g[K],(#D-1.c1)[L],(E-1.c1)[L],#d1[L],f1[L],g1[L],F-1[L],g1[L],f1[L],(F-1.g1)[L],#D-1[L],g1[L],f1[L],c2[L],D-1[L],f1[K],(D-1.f1)[L],(G-1.#d1)[L],G-1[L],G-1[K],(F-1.#G-1.c.#g.c1)[J],d1[J],(c.#d.c1.#d1.f1)[MO],g1[MN],f1[MO],#d1[L],c1[L],d1[J],(#D-1.G-1.#A-1.g1.#d2.g2)[MO],g1[MN],f1[MO],#d1[L],c1[L],d1[K],#d1[K],(G-1.B-1.d.d1.b1.d2)[K],#d1[K],g[L],g[L],g[L],g[L],(C-1.c.g1)[L],(G-1.g1)[L],(c.f1)[L],#d[L],(D-1.#d1)[L],(G-1.#d1)[L],(B-1.d1)[L],(d.c1)[L],#D-1[L],(G-1.d1)[L],c[L],(#d.#d1)[L],E-1[L],(G-1.#a1)[L],#A-1[L],(e.#g1)[L],F-1[L],#G-1[L],(f.#g1)[L],(f.g1)[L],#D-1[L],G-1[L],(c.g1)[L],(#d.#f1)[L],D-1[L],#F-1[L],(B-1.#f1)[L],(B-1.d.g1)[L],G-2[L],(G-1.g)[L],(B-1.g)[L],(d.g)[L],(C-1.c.g1)[L],(G-1.g1)[L],(c.f1)[L],#d[L],(D-1.#d1)[L],(G-1.#d1)[L],(B-1.d1)[L],(d.c1)[L],#D-1[L],(G-1.f1)[L],c[L],(#d.c1)[L],E-1[L],G-1[L],(#A-1.#a1)[L],(e.#g1)[L],F-1[L],#G-1[L],(f.#g1)[L],(f.g1)[L],#D-1[L],G-1[L],(c.g1)[L],(#d.#f1)[L],D-1[L],#F-1[L],(B-1.#f1)[L],(B-1.d.g1)[L],G-2[L],G-1[L],(B-1.g2.g1)[L],(d.g2.g1)[L],(C-1.c.c2.c3)[L],(G-1.g2.g1)[L],(c.c4)[L],#d[L],(D-1.g3)[L],(G-1.g2.g1)[M],(g2.g1)[M],(B-1.g2.g1)[L],(d.g2.g1)[L],(#D-1.c2.c3)[L],(G-1.g2.g1)[L],(c.f2.f1)[L],(#d.c2.#d2.#d1)[L],E-1[L],(G-1.g2.g1)[L],#A-1[L],(e.c2.c1)[L],F-1[L],#G-1[L],(f.f3.f2)[L],(f.#d3.#d2)[L],#D-1[L],(G-1.d3.d2)[L],c[L],(#d.#g2.d3.d2)[L],D-1[L],(#F-1.#d2.g2.c3)[L],(B-1.g2.#d3)[L],(B-1.d.f2.d3)[L],G-2[L],(G-1.g2.g1)[L],(B-1.g2.g1)[L],(d.g2.g1)[L],(C-1.c.c2.c3)[L],(G-1.g2.g1)[L],(c.c4)[L],#d[L],(D-1.g3)[L],(G-1.g2.g1)[L],(B-1.g2.g1)[L],(d.g2.g1)[L],(#D-1.c2.c3)[L],(G-1.g2.g1)[L],(c.f2.f1)[L],(#d.c2.#d2.#d1)[L],E-1[L],(G-1.g2.g1)[L],#A-1[L],(e.c2.c1)[L],F-1[L],#G-1[L],(f.f3.f2)[L],(f.#d3.#d2)[L],#D-1[L],(G-1.d3.d2)[L],c[L],(#d.#g2.d3.d2)[L],D-1[L],(#F-1.g2.c3.c2)[L],(B-1.c3.#d3.#d2)[L],(B-1.d.b2.d3.d2)[L],(G-2.G-1)[L],(G-2.G-1)[L],(G-2.G-1.b1.b2)[L],(c2.c3)[L],(F-1.c.f.#g.#g1)[L],#G-1[L],c[L],(#G-1.c1)[L],(#d.#g1)[L],(#G-1.#g1)[L],(c.#g1)[L];"],"id":2,"instruments":["piano","piano"],"alternatives":["",""]},{"bpm":121,"baseBeats":0.25,"scores":["U,U,U,U,U,U,U,U,U,U,U,U,U,U,U,U,U,U,U,U,U,U,U,T,U,U,U,U,U,U,U,U,U,U,U,U,U,U,U,U,U,U,U,U,U,U,U,U,U,U,U,U,U,U,U,U,U,U,U,U,U,U,U,U,5<V>,5<V>,5<V>,5<V>,ST,TU,U,TU,U,TU,U,TU,U,TU,U,TU,U,TU,U,U,U,T,U,U,U,V,V,U,U,U,V,V,U,U,U,V,V,U,U,U,V,V,V,V,U,U,V,V,U,U,U,V,V,U,U,U,V,V,U,U,U,U,U,U,T,U,U,U,T,T,T,T,TU,U,TU,U,T,U,U,T,U,U,U,U,U,U,U,U,U,U,U,U,T,U,U,U,U,U,U,U,U,U,U,U,U,U,U,U,U,U,U,U,U,U,U,U,U,U,U,V,V,U,U,U,U,U,U,U,T,U,U,U,U,U,U,U,U,U,U,U,U,U,U,U,U,U,U,U,U,U,U,U,U,U,U,U,U,U,U,U,U,U,U,U,U,U,U,U,U,U,U,U,U,U,U,U,U,U,5<V>,5<V>,TU,5<V>,5<V>,QTU;","(#G-1.g1)[L],C-1[L],G-1[L],c[L],(G-1.c1)[L],(#d.g1)[L],(G-1.g1)[L],(c.g1)[L],(G-1.f1)[L],(#D-1.g.#d1)[L],G-1[L],#A-1[L],(G-1.#d1)[L],(#d.f1)[L],(G-1.#d1)[L],(#A-1.d1)[L],G-1[L],(D-1.G-1.f1)[L],(G-1.#d1)[L],(B-1.d1)[L],G-1[L],(B-1.d.f1)[L],(c.#d1)[L],(d.d1)[K],(#D-1.#G-1.#d.c1)[L],#G-1[L],c[L],(#G-1.c1)[L],(#d.#g1)[L],(#G-1.#g1)[L],(c.#g1)[L],(#G-1.g1)[L],C-1[L],G-1[L],c[L],(G-1.c1)[L],(#d.g1)[L],(G-1.g1)[L],(c.g1)[L],(G-1.f1)[L],(#D-1.#d)[L],G-1[L],#A-1[L],G-1[L],(#d.g1)[L],(G-1.f1)[L],(#A-1.#d1)[L],G-1[L],(D-1.#d1.g1)[L],(G-1.f1)[L],(B-1.#d1)[L],G-1[L],(d.g.d1.#d1)[L],(G-1.f1)[L],(B-1.g1.b1.d2)[L],G-1[L],(D-1.f2)[L],G-1[L],B-1[L],G-1[L],d[L],G-1[L],B-1[L],G-1[L],d[N],g[N],b[N],d1[N],g1[N],b1[N],d2[N],g2[N],(d.#a.c1.d1.g1.#a2)[JK],C-1[KL],C-1[L],D-1[KL],D-1[L],#D-1[KL],#D-1[L],E-1[KL],E-1[L],F-1[KL],F-1[L],#D-1[KL],#D-1[L],D-1[KL],D-1[L],G-1[L],G-1[L],G-1[K],(C-1.c.f2)[L],G-1[L],c[L],(#d.#d2)[M],d2[M],(D-1.#d2)[L],G-1[L],B-1[L],(d.d2)[M],c2[M],(#D-1.d2)[L],G-1[L],c[L],(#d.c2)[M],#a1[M],(E-1.c2)[L],G-1[L],#A-1[L],(e.#a1)[M],g1[M],(F-1.g1)[M],#a1[M],#G-1[L],c[L],(f.#g1)[M],g1[M],(#D-1.#g1)[L],G-1[L],c[L],(#d.g1)[M],#g1[M],(D-1.g1)[L],#F-1[L],B-1[L],(d.#f1)[M],g1[M],(G-1.#f1)[L],G-1[L],B-1[L],d[L],(#d1.g1.c2)[L],(#d1.g1.c2)[L],(d1.f1.#a1)[K],(c1.#d1.g1)[L],(c1.#d1.g1)[L],(#a.d1.f1)[L],(g.c1.#d1)[K],(#a.d1.f1)[K],(c1.#d1.g1)[K],(g1.#a1)[K],(g1.#g1)[KL],(g1.#g1)[L],(#d1.g1)[KL],(#d1.g1.#d2)[L],(c1.#f1.d2)[K],c2[L],(c1.#f1)[L],(b.g1.#d2)[K],g[L],(g.d2)[L],(g.c2)[L],(C-1.c.g1.c2.#d2)[L],(G-1.g1.c2)[L],(c.f1.#a1)[L],#d[L],(D-1.d.#d1.g1.d2)[L],(G-1.#d1.g1)[L],(B-1.d1)[L],(d.c1.#d1.c2)[L],(#D-1.#d)[L],(#D-1.#d.f1.c2)[K],(#D-1.#d.c1.c2)[L],(E-1.e)[L],G-1[L],(#A-1.#a1)[L],(e.#g1)[L],(F-1.f)[L],#G-1[L],(f.#g1)[L],(f.g1)[L],(#D-1.#d)[L],G-1[L],(c.g1)[L],(#d.#f1)[L],D-1[L],#F-1[L],(B-1.#f1)[L],(B-1.d.g1)[L],G-2[L],G-1[L],(B-1.g2.g1)[L],(d.g2.g1)[L],(C-1.c.c2.c3)[L],(G-1.g2.g1)[L],(c.c4)[L],#d[L],(D-1.d.g3)[L],(G-1.g2.g1)[M],(g2.g1)[M],(B-1.g2.g1)[L],(d.g2.g1)[L],(#D-1.#d.c2.c3)[L],(G-1.g2.g1)[L],(c.f2.f1)[L],(#d.#d2.f3.#d1)[L],(E-1.e)[L],(g2.c3)[K],(E-1.e.c2.c3.c1)[L],(F-1.f)[L],#G-1[L],(c.f3.f2)[L],(f.#d3.#d2)[L],(#D-1.#d)[L],(G-1.d3.d2)[L],c[L],(#d.f2.#g2.d3.d2)[L],(D-1.d)[L],(#F-1.g2.c3.c2)[L],(B-1.g2.#d3.#d2)[L],(d.f2.d3.d2)[L],(G-2.G-1)[L],(G-2.G-1.g2.g1)[L],(G-2.G-1.g2.g1)[L],(g2.g1)[L],(C-1.c.c2.c3)[L],(G-1.g2.g1)[L],(c.c4)[L],#d[L],(D-1.d.g3)[L],(G-1.g2.g1)[L],(B-1.g2.g1)[L],(d.g2.g1)[L],(#D-1.#d.c3.c2)[L],(G-1.g2.g1)[L],(c.f2.f1)[L],(#d.#d2.#d1)[L],E-1[L],(G-1.g2.g1)[L],#A-1[L],(e.c2.c1)[L],(F-1.f)[L],#G-1[L],(f.f3.f2)[L],(f.#d3.#d2)[L],(#D-1.#d)[L],(G-1.d3.d2)[L],c[L],(#d.#g2.d3.d2)[L],(D-1.d)[L],(#F-1.g2.c3.c2)[L],(B-1.c3.#d3.#d2)[L],(B-1.d.b2.d3.d2)[L],(G-2.G-1)[L],(G-2.G-1)[L],(G-2.G-1.b.f1.b1)[L],(c1.#d1.g1.c2)[L],c1[O],#d1[N],g1[O],c2[O],#d2[N],g2[O],c3[KL],c3[O],#d3[N],g3[O],c4[O],#d4[N],g4[O],c5[HKL];"],"id":3,"instruments":["piano","piano"],"alternatives":["",""]}]}