{"baseBpm":270,"musics":[{"bpm":270,"baseBeats":0.5,"scores":["mute[KLMO],mute[KL],mute[KNO],mute[KNO],mute[KLMO],mute[IJKNO],mute[KL],mute[KNO],mute[KM],mute[KNO],mute[KNO],mute[IJKNO],mute[KL],mute[KNO],mute[KM],mute[KNO],mute[KNO],mute[L],mute[LNO],mute[KNO],mute[KM],mute[K],mute[KN],mute[K],mute[KO],mute[KO],mute[KO],mute[KO],mute[KO],mute[KO],mute[LMNO],mute[LMNO],mute[K],mute[LMNO],mute[LMNO],mute[LMNO],mute[LMNO],mute[LMNO],mute[LMNO],mute[LMN],mute[LMN],mute[LMN],mute[LMO],mute[LMN],mute[LMN],mute[LMO],mute[LMN],mute[LMN],mute[LMN],mute[KNO],mute[KNO],mute[KNO],mute[KNO],mute[KM],mute[KNO],mute[KO],mute[KO],mute[KO],mute[LMNO],mute[LMNO],mute[LMNO],mute[LMN],mute[LMO],mute[LMN],mute[LMN],mute[LMN],mute[LMO],mute[LMNO],mute[K],mute[LMNO],mute[KO],mute[KO],mute[KO],mute[K],mute[KM],mute[KNO],mute[KNO],mute[KM],mute[KN],mute[KMNO],mute[KMN],mute[L],mute[L],mute[K],mute[HJO],mute[KN],mute[KL],mute[KL],mute[KL],mute[KMO],mute[KMO],mute[KM],mute[KN],mute[KN],mute[KN],mute[KN],mute[KN],mute[KN],mute[KN],mute[KN],mute[KMNO],mute[LMO],mute[KN],mute[KN],mute[KN],mute[KN],mute[KN],mute[KN],mute[KMO],mute[KM],mute[KMO],mute[KL],mute[KL],mute[KM],mute[KMO],mute[KMO],mute[KN],mute[KN],mute[KN],mute[KN],mute[KN],mute[KN],mute[KN],mute[KN],mute[KN],mute[KN],mute[KM],mute[KMO],mute[JKLO],mute[JKLN],mute[J],mute[KN],mute[KN],mute[KN],mute[KM],mute[KMO],mute[KMO],mute[KM],mute[KN],mute[KN],mute[KN],mute[K],mute[K],mute[K],mute[K],mute[K],mute[K],mute[KMO],mute[KM],mute[KMO],mute[K],mute[K],mute[K],mute[K],mute[K],mute[K],mute[K],mute[K],mute[K],mute[K],mute[K],mute[K],mute[K],mute[K],mute[K],mute[K],mute[K],mute[K],mute[K],mute[K],mute[KO],mute[KO],mute[KO],mute[KM],mute[KMO],mute[KLMO],mute[LM],mute[LM],mute[KL],mute[JK],mute[KL],mute[KL],mute[KL],mute[KL],mute[KL],mute[KM],mute[KMO],mute[KM],mute[KN],mute[KN],mute[KN],mute[KN],mute[KN],mute[KN],mute[K],mute[K],mute[KMO],mute[LNO],mute[K],mute[K],mute[K],mute[K],mute[K],mute[K],mute[KMO],mute[KMO],mute[KM],mute[KMO],mute[KM],mute[KN],mute[KN],mute[KN],mute[K],mute[K],mute[K],mute[K],mute[K],mute[K],mute[K],mute[KN],mute[KN],mute[KN],mute[KMO],mute[KM],mute[JKLN],mute[JKLN],mute[J],mute[KN],mute[KN],mute[KN],mute[KM],mute[KMO],mute[KM],mute[KMO],mute[KN],mute[KN],mute[KM],mute[JM],mute[KN],mute[KN],mute[KMO],mute[KMO],mute[KM],mute[KMO],mute[KM],mute[KMO],mute[KN],mute[KN],mute[KN],mute[KN],mute[KN],mute[KN],mute[K],mute[K],mute[K],mute[K],mute[K],mute[K],mute[K],mute[K],mute[K],mute[KN],mute[KN],mute[KM],mute[KMO],mute[KMO],mute[KM],mute[LMNO],mute[LMNO],mute[K],mute[LMNO],mute[LMNO],mute[LMNO],mute[LMNO],mute[K],mute[LMN],mute[K],mute[LMNO],mute[LMNO],mute[KO],mute[KO],mute[KO],mute[KO],mute[KO],mute[KO],mute[KNO],mute[KNO],mute[KMO],mute[KM],mute[KMO],mute[KM],mute[KMO],mute[KMO],mute[KM],mute[KMO],mute[KM],mute[KMO],mute[L],mute[L],mute[L],mute[L],mute[L],mute[LMN],mute[KN],mute[KNO],mute[KNO],mute[KM],mute[KNO],mute[KNO],mute[KNO],mute[KN],mute[KN],mute[L],mute[L],mute[L],mute[L],mute[L],mute[LNO],mute[KO],mute[KO],mute[KO],mute[KO],mute[K],mute[KN],","B-1[KLMO],c[KL],#c[KNO],e[KNO],f[KLMO],#g[IJKNO],#f[KL],g[KNO],#g[KM],a[KNO],#a[KNO],#c1[IJKNO],b[KL],c1[KNO],#c1[KM],e1[KNO],f1[KNO],(#a.#c1)[L],f1[MNO],#g1[M],c[KNO],#a[KM],(#c1.e1)[K],#f1[KN],g1[K],#g1[KO],a1[KO],#a1[KO],(#a.#g1.f1.#c2)[KO],c[KO],#a[KO],(e1.g1)[LMNO],b1[LMNO],c2[K],#c2[LMNO],e2[LMNO],f2[LMNO],(#a1.f2.#c2.#g2)[LMNO],c1[LMNO],#a1[LMNO],(#c2.e2)[LMN],#f2[LMN],g2[LMN],#g2[LMO],a2[LMN],#a2[LMN],(#a1.#g2.f2.#c3)[LMO],c1[LMN],#a1[LMN],(e2.g2)[LMN],b2[KNO],c3[KNO],(#a1.#g2.f2.#c3)[KNO],c1[KNO],#a1[KM],(e2.g2.#c3)[KNO],c3[KO],(#d2.a1.#f2.b2)[KO],(d2.#a1.f2)[KO],#a2[LMNO],(#c2.g1.e2.a2)[LMNO],(c2.#g1.#d2)[LMNO],#g2[LMN],(b1.f1.d2.g2)[LMO],(#a1.#f1.#c2)[LMN],#f2[LMN],(a1.#d1.c2.f2)[LMN],(#g1.e1.b1)[LMO],e2[LMNO],(g1.#c1.#a1.e2)[K],(#f1.d1.a1)[LMNO],d2[KO],(f1.b.#g1.#c2)[KO],(e1.c1.g1)[KO],b1[K],c2[KM],#c2[KNO],b1[KNO],c2[KM],(g1.e1.#a.#c2)[KN],b1[KMNO],c2[KMN],c2[L],#d2[L],#c2[K],b1[HJO],c2[KN],(#g.c2)[KL],(f1.e2)[KL],(c1.f2)[KL],(g.#d2)[KMO],(#d1.a1)[KMO],(#a.#a1)[KM],(f.#c2)[KN],#c1[KN],#g[KN],e[KN],(c1.c2)[KN],(g.b1)[KN],(#d.c2)[KN],(c1.#f1)[KN],(a.f1)[KN],(d.g1)[MO],f1[LMO],(#a.e1)[KN],(f.f1)[KN],(#c.#g1)[KN],(b.e1)[KN],(f.f1)[KN],(c.g1)[KN],(c1.b1)[KMO],(e.c2)[KM],(#A-1.#c2)[KMO],(c1.b1)[KL],(e.c2)[KL],(#G-1.c2)[KM],(c1.e2)[KMO],(#g.f1.f2)[KMO],(G-1.#d2)[KN],(#a.a1)[KN],(g.#d1.#a1)[KN],(F-1.#c2)[KN],#g[KN],(f.#c1)[KN],E-1[KN],(g.c2)[KN],(c1.b1)[KN],(#D-1.c2)[KN],(a.#f1)[KM],(c1.f1)[KMO],(#C-1.#a1)[JKLO],#g2[JKLN],#c[J],#a[KN],f1[KN],#g1[KN],e2[KM],f2[KMO],c2[KMO],#c2[KM],e1[KN],f1[KN],(b.#c.f1.#g1)[KN],#f1[K],g1[K],(#a.c.e1.#g1)[K],a1[K],#a1[K],#c2[K],e1[KMO],f1[KM],(b.#c.f1.#g1)[KMO],#f1[K],g1[K],(#a.c.e1.#g1)[K],a1[K],#a1[K],#c2[K],b1[K],c2[K],#c2[K],e2[K],f2[K],#g2[K],#f2[K],g2[K],#g2[K],a2[K],#a2[K],#c3[K],b2[K],c3[K],#c3[KO],b2[KO],c3[KO],#c3[KM],b2[KMO],c3[KLMO],(#a1.c3)[LM],#d3[LM],#c3[KL],(g2.b2)[JK],e2[KL],c3[KL],(#g1.c3)[KL],(f2.e3)[KL],(c2.f3)[KL],(g1.#d3)[KM],(#d2.a2)[KMO],(#a1.#a2)[KM],(f1.#c3)[KN],#c2[KN],#g1[KN],e1[KN],(c2.c3)[KN],(g1.b2)[KN],(#d1.c3)[K],(c2.#f2)[K],(a1.f2)[K],(d1.g2)[MO],f2[LNO],(#a1.e2)[K],(f1.f2)[K],(#c1.#g2)[K],(b1.e2)[K],(f1.f2)[K],(c1.g2)[K],(c2.b2)[KMO],(e1.c3)[KMO],(#a.#c3)[KM],(c2.b2)[KMO],(g1.e1.c3)[KM],(#g.c3)[KN],(f1.e3)[KN],(c2.f2.f3)[KN],(g.#d3)[K],(#d1.a2)[K],(#a1.#d2.#a2)[K],(f.#c3)[K],#c1[K],(#g1.#c2)[K],e[K],(c1.c3)[KN],(g1.c2.b2)[KN],(#d.c3)[KN],(c1.#f2)[KMO],(a1.f2)[KM],(#c.#a2)[JKLN],#g3[JKLN],#c1[J],#a1[KN],f2[KN],#g2[KN],e3[KM],f3[KMO],c3[KM],#c3[KMO],f2[KN],#f2[KN],(#d.#c2.g2)[KM],(g1.#d2.c3)[JM],(#d1.#c2)[KN],#a2[KN],(#G-1.#g2.c2)[KMO],#d[KMO],#g[KM],(#d1.c2)[KMO],(#c2.f1)[KM],(f2.#g1)[KMO],(#d2.g1)[KN],(a1.c1)[KN],(#a1.#c1)[KN],(#d1.#c2.f1)[KN],g[KN],#d[KN],#G-1[K],(#d.b1.d1)[K],(#g.c2.#d1)[K],(#d1.c2)[K],(#d2.g1)[K],(#c2.f1)[K],(c2.#d1)[K],(a1.c1)[K],(#a1.#c1)[K],(b1.d1)[KN],(g.#c2.f1)[KN],(#d.c2.#d1)[KM],(#G-1.#g1.c1)[KMO],#d[KMO],#g[KM],(#d1.c3.#d2)[LMNO],(#c3.f2)[LMNO],(f3.#g2)[K],(#d3.g2)[LMNO],(a2.c2)[LMNO],(#a2.#c2)[LMNO],(#d1.#c3.f2)[LMNO],g[K],#d[LMN],#G-1[K],(#d.b2.d2)[LMNO],(#g.c3.#d2)[LMNO],(#d1.c3.e2)[KO],(#d3.g2)[KO],(#c3.f2)[KO],(c3.#d2)[KO],(a2.c2)[KO],(#a2.#c2)[KO],(#d1.b2.d2)[KNO],(g.#c3.f2)[KNO],(#d.c3.#d2)[KMO],(#G-1.#g2.c2)[KM],(#d.b)[KMO],(#g.c1)[KM],(G-1.#c1)[KMO],e[KMO],#a[KM],F-1[KMO],(f.e1)[KM],(#c1.#a.f1)[KMO],(E-1.#g1)[LO],#f1[LO],(g.g1)[LO],#g1[LO],(#c1.#a.a1)[LO],#a1[LO],(#A-1.#c2)[KN],(f.c1)[KNO],(#a.#c1)[KNO],(#G-1.d1)[KM],f[KNO],b[KNO],#F-1[KNO],(#f.f1)[KN],(#c1.b.#f1)[KN],(F-1.a1)[LO],g1[L],(#g.#g1)[L],a1[LO],(#c1.b.#a1)[LO],b1[L],(B-1.d2)[KO],(#f.#c1)[KO],(b.d1)[KO],(A-1.#d1)[KO],#f[K],c1[KN],"],"id":1,"instruments":["piano","piano"],"alternatives":["",""]},{"bpm":270,"baseBeats":0.5,"scores":["mute[L],mute[L],mute[L],mute[L],mute[L],mute[LM],mute[LN],mute[LN],mute[LNO],mute[LN],mute[LN],mute[LNO],mute[KM],mute[KMO],mute[KM],mute[KN],mute[K],mute[K],mute[K],mute[K],mute[K],mute[K],mute[K],mute[K],mute[K],mute[K],mute[K],mute[LMNO],mute[LMN],mute[LMN],mute[LMNO],mute[LMN],mute[LMNO],mute[KN],mute[KN],mute[KM],mute[KMO],mute[KMO],mute[KM],mute[K],mute[LMN],mute[LMNO],mute[LMO],mute[LMO],mute[LMO],mute[LMO],mute[LMO],mute[LMN],mute[LM],mute[LMN],mute[LMO],mute[LMO],mute[LMO],mute[LMO],mute[LMO],mute[LMO],mute[LMO],mute[K],mute[K],mute[K],mute[KMO],mute[K],mute[K],mute[K],mute[K],mute[K],mute[K],mute[LMO],mute[LMO],mute[LMO],mute[LMO],mute[LMO],mute[LMO],mute[LMN],mute[LM],mute[LMN],mute[LMO],mute[LMO],mute[LMO],mute[LMO],mute[LMO],mute[LMNO],mute[LMN],mute[KN],5<U>,5<U>,5<U>,5<U>,mute[LM],5<U>,5<U>,5<U>,mute[LM],5<U>,5<U>,5<U>,mute[LM],5<U>,5<U>,5<U>,mute[LM],5<U>,5<U>,5<U>,mute[LM],5<U>,5<U>,5<U>,mute[LM],5<U>,5<U>,5<U>,mute[LM],5<U>,5<U>,5<U>,mute[LM],5<U>,5<U>,5<U>,mute[LM],5<U>,5<U>,5<U>,mute[LM],5<U>,5<U>,5<U>,mute[L],mute[L],mute[L],mute[L],mute[L],mute[L],mute[L],mute[L],mute[L],mute[L],mute[L],mute[L],mute[L],mute[L],mute[L],mute[L],mute[L],mute[L],mute[L],mute[L],mute[L],mute[L],mute[L],mute[LM],mute[LN],mute[LMN],mute[LMNO],mute[KMO],mute[K],mute[LN],mute[L],mute[L],mute[L],mute[L],mute[L],mute[L],mute[L],mute[L],mute[L],mute[L],mute[L],mute[L],mute[L],mute[L],mute[L],mute[L],mute[L],mute[L],mute[L],mute[L],mute[L],mute[L],mute[L],mute[L],mute[L],mute[L],mute[L],mute[L],mute[L],mute[L],mute[L],mute[L],mute[L],mute[L],mute[LMN],mute[LN],mute[LN],mute[LNO],mute[LN],mute[LNO],mute[LN],mute[L],mute[L],mute[L],mute[L],mute[L],mute[L],mute[L],mute[L],mute[L],mute[L],mute[L],mute[L],mute[L],mute[L],mute[L],mute[L],mute[L],mute[L],mute[L],mute[L],mute[L],mute[L],mute[L],mute[L],mute[L],mute[L],mute[L],mute[L],mute[L],mute[L],mute[L],mute[L],mute[L],mute[L],mute[L],mute[LN],mute[L],mute[LN],mute[L],mute[LN],mute[L],mute[LN],mute[L],mute[L],mute[L],mute[L],mute[L],mute[L],mute[L],mute[L],mute[L],mute[L],mute[L],mute[L],mute[L],mute[L],mute[L],mute[L],mute[L],mute[L],mute[L],mute[L],mute[L],mute[L],mute[L],mute[L],mute[L],mute[L],mute[L],mute[L],mute[L],mute[L],mute[L],mute[L],mute[LN],mute[JNO],mute[LN],mute[LNO],mute[LN],mute[LN],mute[L],mute[L],mute[L],mute[L],mute[L],mute[L],mute[L],mute[L],mute[L],mute[L],mute[L],mute[L],mute[L],mute[L],mute[LN],mute[LN],mute[L],mute[L],mute[L],mute[L],mute[L],mute[L],mute[L],mute[L],mute[L],mute[L],mute[L],mute[L],mute[L],mute[L],mute[L],mute[L],mute[L],mute[L],mute[L],mute[L],mute[L],mute[L],mute[L],mute[L],mute[L],mute[L],mute[L],mute[L],mute[L],mute[L],mute[L],mute[L],mute[L],mute[L],mute[L],mute[L],mute[L],mute[L],mute[L],mute[L],mute[L],mute[L],mute[L],mute[L],mute[L],mute[L],mute[L],mute[L],mute[L],mute[L],mute[L],mute[L],mute[L],mute[L],mute[L],mute[L],mute[L],mute[L],mute[L],mute[LN],mute[L],mute[L],mute[L],mute[L],mute[L],mute[L],mute[L],mute[L],mute[L],mute[L],mute[L],mute[L],mute[L],mute[L],mute[L],mute[L],mute[L],mute[L],mute[L],mute[L],mute[L],mute[L],mute[L],mute[L],mute[L],mute[L],mute[L],mute[L],mute[L],mute[L],mute[L],mute[L],mute[L],mute[L],mute[L],mute[L],mute[L],mute[L],mute[L],mute[L],mute[L],mute[L],mute[L],mute[L],mute[L],mute[L],mute[L],mute[L],mute[L],mute[L],mute[L],mute[L],mute[L],mute[L],mute[L],mute[L],mute[L],mute[L],mute[L],mute[L],mute[L],mute[L],mute[L],mute[L],mute[L],mute[L],mute[L],mute[L],mute[L],mute[L],mute[L],mute[L],mute[L],mute[L],mute[L],mute[L],mute[L],mute[L],mute[L],mute[L],mute[L],mute[LN],mute[LMN],mute[L],mute[L],mute[L],mute[L],mute[L],mute[L],mute[L],mute[L],mute[L],mute[L],mute[L],mute[L],mute[L],mute[L],mute[L],mute[L],mute[L],mute[L],mute[L],mute[L],mute[L],mute[L],mute[L],mute[L],mute[L],mute[LMN],mute[KN],mute[LM],mute[LM],mute[LM],mute[LM],mute[LM],mute[LM],mute[LM],mute[LM],mute[LM],mute[L],mute[L],mute[L],5<U>,5<U>,mute[L],mute[LN],5<U>,mute[L],mute[L],mute[L],mute[L],mute[L],mute[L],mute[LN],5<U>,mute[L],mute[L],mute[L],mute[L],mute[L],mute[L],mute[L],5<U>,mute[L],5<U>,mute[LMN],5<U>,mute[L],mute[L],5<U>,mute[L],mute[L],mute[L],mute[L],mute[L],mute[L],mute[LN],5<U>,5<U>,mute[LMN],mute[LN],mute[LNO],mute[LN],mute[LNO],mute[LN],mute[LN],mute[LN],mute[L],mute[L],5<U>,5<U>,5<U>,mute[LMN],5<U>,mute[L],mute[L],mute[L],mute[L],mute[L],mute[L],mute[LN],5<U>,mute[L],mute[L],mute[L],mute[L],mute[L],mute[L],mute[L],mute[L],mute[L],5<U>,mute[LMN],5<U>,mute[L],mute[L],5<U>,mute[L],mute[L],mute[L],mute[L],mute[L],mute[L],mute[L],mute[L],5<U>,mute[LMN],mute[LNO],mute[LM],mute[KN],mute[KN],mute[KL],mute[KL],mute[LM],mute[LN],mute[LN],mute[L],mute[L],mute[L],mute[L],mute[L],mute[L],mute[L],mute[L],mute[L],mute[L],mute[L],mute[L],mute[L],mute[L],mute[L],mute[K],mute[KMO],mute[KM],","G-1[L],e1[L],(g.f1)[LO],#f1[LO],(e1.c1.a1)[LO],g1[LO],(C-1.#g1)[LN],a1[LN],(g.#a1)[LNO],#f2[LN],(e1.#a.#d2)[LN],e2[LNO],(B-1.B-2.#g2.b1.e1)[KM],#g[KMO],e1[KM],(b1.#g2)[KN],(a2.#c2)[K],(#c3.e2)[K],(b2.#d2)[K],(f2.#g1)[K],(#f2.a1)[K],(#d1.a2.#c2)[K],a[K],B-1[K],(B-1.B-2)[K],(#g.g2.#a1)[K],(e1.#g2.b1)[K],(b1.#g2)[LMNO],(b2.#d2)[LMN],(a2.#c2)[LMN],(#g2.b1)[LMNO],(f2.#g1)[LMN],(#f2.a1)[LMNO],(#d1.g2.#a1)[KN],(a.a2.#c2)[KN],(B-1.#g2.b1)[KM],(B-1.e2.#g1)[KMO],#g[KMO],e1[KM],(b1.#g3.b2)[K],(a3.#c3)[LMN],(#c4.e3)[LMNO],(b3.#d3)[LMO],(f3.#g2)[LMO],(#f3.a2)[LMO],(#d1.a3.#c3)[LMO],a[LMO],B-1[LMN],B-1[LM],(#g.g3.#a2)[LMN],(e1.#g3.b2)[LMO],(b1.#g3.c3)[LMO],(b3.#d3)[LMO],(a3.#c3)[LMO],(#g3.b2)[LMO],(f3.#g2)[LMO],(#f3.a2)[LMO],(#d1.a3.#c3)[K],(a.#g3.b2)[K],(B-1.#f3.a2)[K],(B-1.f3.#g2)[KMO],(d1.e2.g1)[K],(#g.f.f2.#g1)[K],(c.#g2.c2)[K],c1[K],(#g.f)[K],d[K],(f1.e3.g2)[LMO],(b.#g.f3.#g2)[LMO],(#d.#f3.a2)[LMO],(#d1.g3.#a2)[LMO],(b.#g.#g3.b2)[LMO],(f.b3.d3)[LMO],(#g1.#a2.#c2)[LMN],(d1.b.b2.d2)[LM],(#f.d3.#f2)[LMN],#f1[LMO],(d1.b)[LMO],#g[LMO],(b1.#a3.#c3)[LMO],(f1.d1.b3.d3)[LMO],(a.c4.#d3)[LMNO],(a1.#c4.e3)[LMN],(f1.d1.d4.f3)[KN],(b.f4.#g3.d3)[M],f1[MO],(e4.#g1)[MO],d2[M],#d4[MO],d4[MO],#c4[MO],c4[MO],d4[MN],#c4[MO],c4[MO],b3[MO],#a3[MO],a3[MO],b3[MO],#a3[MN],a3[MO],#g3[MO],g3[MO],#f3[MO],#g3[MO],g3[MO],#f3[MN],f3[MO],e3[MO],#d3[MO],f3[MO],e3[MO],#d3[MO],d3[MN],#c3[MO],c3[MO],d3[MO],#c3[MO],c3[MO],b2[MO],#a2[MN],a2[MO],b2[MO],#a2[MO],a2[MO],#g2[MO],g2[MO],#f2[MN],#g2[MO],g2[MO],#f2[MO],f2[MO],e2[MO],#d2[MO],f2[MN],e2[MO],#d2[MO],d2[MO],#c2[MO],c2[MO],d2[MO],#c2[MN],c2[MO],b1[MO],#a1[MO],b1[MO],d2[MO],#c2[MO],c2[MN],b1[MO],#a1[MO],b1[MO],d2[MO],#c2[MO],c2[MO],b1[MN],#a1[MO],b1[MO],d2[MO],#c2[MO],c2[MO],b1[MO],#a1[MN],b1[MO],#c2[MN],c2[MN],b1[MN],#a1[MNO],b1[MN],#c2[MN],c2[MN],b1[MN],#a1[MN],b1[MN],#c2[MNO],c2[MNO],b1[MN],#a1[MNO],b1[MNO],#c2[MNO],c2[MNO],b1[MNO],#a1[MNO],b1[L],#c2[L],c2[MNO],b1[L],#a1[L],b1[L],#c2[LO],c2[LN],b1[LMN],#a1[LMNO],b1[KMO],(#g.c2)[K],#c2[LN],d2[M],f1[MNO],#d2[MNO],e2[M],c1[N],f2[L],e2[MN],(g.#d2)[MNO],d2[MNO],#c2[N],#d1[MO],c2[MNO],b1[M],#a[N],#a1[L],a1[MN],(f.#g1)[MNO],a1[MNO],#a1[N],#c1[MO],b1[MNO],c2[M],#g[N],#d2[L],#c2[MN],(e.c2)[L],b1[L],(c1.#a1)[L],a1[L],(g.#g1)[L],g1[L],(#d.#f1)[L],f1[L],(c1.e1)[L],f1[L],(a.#f1)[L],g1[L],(d.#g1)[MNO],a1[MNO],#a1[N],#a[MO],b1[MNO],c2[M],f[N],#c2[L],d2[MN],(#c.#d2)[L],e2[LN],(b.f2)[LN],#g2[LNO],(f.g2)[LN],#f2[LNO],(c.f2)[LN],e2[L],(g.#d2)[L],d2[L],(c1.#c2)[L],c2[L],(#g.b1)[MNO],c2[MNO],#c2[N],f1[M],d2[MNO],#d2[MO],c1[N],f2[MNO],e2[MNO],(g.#d2)[MNO],d2[MNO],#c2[N],#d1[M],c2[MNO],b1[MO],#a[N],#a1[MNO],a1[MNO],(f.#g1)[MNO],a1[MNO],#a1[N],#c1[M],b1[MNO],c2[MO],#g[N],#d2[MNO],#c2[MNO],(e.c2)[L],b1[L],(c1.#a1)[L],a1[L],(g.#g1)[L],g1[L],(#d.#f1)[MNO],f1[MNO],e1[N],c1[M],f1[MNO],#f1[MO],a[N],g1[MNO],#g1[MNO],(#c.a1)[LN],#a1[L],#g2[LN],e2[L],(#a.f2)[LN],#c3[L],(f1.a2)[LN],#a2[L],(#g1.#g3)[L],e3[L],f3[L],c3[L],#c3[L],a2[L],#a2[L],e2[L],f2[L],c2[L],#c2[L],a1[L],#a1[L],e1[L],f1[L],#g1[L],#c[L],e1[MNO],(b.f1)[MNO],#g1[MNO],(f.f1)[MNO],#f1[L],(c.#g1)[MNO],#f1[MNO],(#c1.#a.g1)[MNO],#g1[MNO],(e1.a1)[L],#a1[MNO],#c2[MNO],e2[MNO],g2[MNO],#g2[L],a2[MNO],#a2[MNO],#c3[JNO],e1[LN],f1[LNO],(#c.a1)[LN],e1[LN],(b.f1)[LO],a1[LO],(f.f1)[LO],#f1[LO],(c.#g1)[MNO],#f1[MNO],(#c1.#a.g1)[L],#g1[MNO],(e1.a1)[MNO],#a1[MNO],#c2[MNO],e2[L],g2[MNO],#g2[MNO],a2[MNO],#a2[MNO],#c3[LN],e2[L],g2[L],#g2[MNO],a2[MNO],#a2[MNO],#c3[MNO],e3[L],g3[MNO],#g3[L],a3[L],#a3[L],#c4[MNO],b3[MN],c4[MN],#a3[MNO],b3[MNO],a3[MN],#a3[MNO],#g3[MN],a3[MNO],g3[MN],#g3[MNO],#f3[MNO],g3[MN],f3[MN],#f3[MNO],e3[MNO],f3[MN],#d3[MNO],e3[MN],d3[MNO],#d3[MN],#c3[MNO],d3[MNO],c3[MN],#c3[MN],b2[MNO],#c3[MNO],c3[MN],#c3[MNO],#a2[MN],#c3[MNO],c3[MN],#c3[MNO],#a2[MNO],#c3[MN],c3[MN],#c3[L],#a2[MNO],#c3[MNO],c3[MNO],#c3[MNO],#a2[L],#c3[L],c3[L],#c3[L],#a2[L],#c3[L],c3[L],#c3[LO],c3[LO],#c3[LO],c3[LO],#c3[LO],c3[LO],(#g1.b2)[L],c3[LN],#c3[N],f2[M],d3[MNO],#d3[MO],c2[N],f3[MNO],e3[MNO],(g1.#d3)[MN],d3[L],#c3[N],#d2[M],c3[MNO],b2[MO],#a1[N],#a2[MNO],a2[MNO],(f1.#g2)[MN],a2[L],#a2[N],#c2[M],b2[MNO],c3[MO],#g1[N],#d3[MNO],#c3[MNO],(e1.c3)[L],b2[L],(c2.#a2)[L],a2[L],(g1.#g2)[L],g2[L],(#d1.#f2)[MN],f2[L],e2[N],c2[M],f2[MNO],#f2[MO],a1[N],g2[MNO],#g2[MNO],(d1.a2)[L],#a2[L],(#a1.b2)[L],c3[L],(f1.#c3)[L],d3[L],(#c1.#d3)[L],e3[L],(b1.f3)[L],#g3[L],(f1.g3)[L],#f3[L],(c1.f3)[L],e3[L],(c2.#d3)[L],d3[L],(g1.e1.#c3)[L],c3[L],(#a.b2)[L],c3[L],(c2.#c3)[L],c3[L],(g1.e1.#c3)[L],c3[L],(#g.b2)[MN],c3[MN],#c3[M],c2[N],d3[MN],#d3[MN],e3[N],f1[M],g3[MN],f3[MN],(g.e3)[MN],#d3[MN],d3[M],#a1[N],#c3[MN],c3[MN],b2[N],#d1[M],#a2[MN],a2[MN],(f.#g2)[MN],a2[L],#a2[N],#g1[M],b2[MNO],c3[MO],#c1[N],#d3[MNO],d3[MNO],(e.#c3)[MN],c3[L],b2[N],g1[M],#a2[MNO],a2[MO],c1[N],#g2[MNO],g2[MNO],(#d.#f2)[L],f2[L],(a1.e2)[L],f2[L],(f1.c1.#c3)[L],c3[L],(#c.a2)[LMN],#a2[L],#g3[L],e3[L],(#c1.f3)[MNO],#c4[MNO],(#a1.a3)[L],#a3[MNO],(f2.#g4)[MNO],e4[MNO],(#g2.f4)[MNO],c4[L],#c4[MNO],a3[MNO],#a3[MNO],e3[MNO],f3[L],c3[MNO],#c3[MNO],a2[MNO],#a2[MNO],e2[L],f2[MNO],c2[MNO],#c2[MNO],a1[MNO],#a1[L],e1[L],f1[L],#f1[L],(#D-1.g1)[KN],#c1[LM],(g.#d1)[LM],c2[LM],(#d.#c1)[LM],#a1[LM],(#G-1.#g1.c1)[LM],#d[LM],#g[LM],c1[LM],(#d1.f1)[MN],f1[MN],#d1[MN],f1[MN],(#d1.#g1)[MO],#d2[N],f1[NO],c3[M],#d1[M],f2[NO],f1[MNO],(#d1.#c3)[MN],f1[N],#g2[M],#d1[M],f3[N],f1[MN],g2[L],#d3[L],c2[L],a2[L],#c2[L],#a2[L],(#d1.g1)[M],f2[N],f1[NO],#c3[NO],#d1[MN],f1[MN],#c1[L],g[L],#d[L],#G-1[L],#d[L],(#g.#g1)[M],d2[M],(c1.b2)[L],(f1.#d2)[M],#d1[M],c3[L],(#d1.e2)[MN],f1[N],c3[M],#d1[M],g2[N],f1[MN],(#d1.#d3)[MN],f1[N],f2[M],#d1[M],#c3[N],f1[MN],#d2[L],c3[L],c2[L],a2[L],#c2[L],#a2[L],(#d1.g1)[MO],d2[N],f1[NO],b2[MO],#d1[MO],f2[N],f1[L],(#c1.#c3)[LN],(g.#d2)[LNO],(#d.c3)[LN],(#G-1.#g2.c2)[LNO],#d[LN],#g[LN],c1[LN],(#d1.f1)[MN],f1[M],#d1[MN],f1[MO],(#d1.#g2)[MO],#d3[N],f1[N],c4[M],#d1[MO],(f3.#c3)[N],f1[MNO],(#d1.#c4)[MN],f1[N],(#g3.f3)[M],#d1[M],f4[N],f1[MN],(g3.#d3)[L],#d4[L],(c3.a2)[L],a3[L],(#c3.#a2)[L],#a3[L],(#d1.g2)[MO],f3[O],f1[M],#c4[N],#d1[MN],f1[MN],#c1[L],g[L],#d[L],#G-1[L],#d[L],(#g.d3.b2)[L],(c1.b3)[L],(f1.#d3.c3)[M],#d1[M],c4[L],(#d1.e3.c3)[MN],f1[N],c4[M],#d1[M],(g3.#d3)[N],f1[MN],(#d1.#d4)[MN],f1[N],(f3.#c3)[M],#d1[M],#c4[N],f1[MN],(#d3.c3)[L],c4[L],(c3.a2)[L],a3[L],(#c3.#a2)[L],#a3[L],(#d1.d3.b2)[MN],f1[N],b3[MO],#d1[MO],(f3.#c3)[NO],f1[MNO],(#c1.#c4)[LNO],(g.#d3.c3)[LM],(#d.c4)[LM],(#G-1.c3.#g2)[MN],#g3[KN],(b.#d)[KL],(c1.#g)[KL],(G-1.#c1)[LM],e1[LN],(e.g1)[LN],#a1[L],(#c1.#a.#c2)[L],e2[L],(F-1.f2)[L],#f2[L],(f.g2)[L],#g2[L],(#c1.#a.a2)[L],#a2[L],(E-1.#c3)[L],e3[L],(g.g3)[L],#g3[L],(#c1.#a.a3)[L],#a3[L],(#A-1.#c4)[K],(c1.f)[KMO],(#c1.#a)[KM],"],"id":2,"instruments":["piano","piano"],"alternatives":["",""]},{"bpm":270,"baseBeats":0.5,"scores":["mute[LNO],mute[L],mute[L],mute[L],mute[L],mute[L],mute[L],mute[L],mute[L],mute[L],mute[L],mute[L],mute[L],mute[L],mute[L],mute[LM],mute[LMN],mute[KN],mute[KN],mute[L],mute[L],mute[L],mute[L],mute[L],mute[L],mute[L],mute[L],mute[L],mute[L],mute[L],mute[L],mute[L],mute[L],mute[LMN],mute[LNO],mute[LN],mute[LM],mute[KL],mute[K],mute[L],mute[L],mute[L],mute[L],mute[L],mute[L],mute[L],mute[L],mute[L],mute[L],mute[L],mute[L],mute[L],mute[L],mute[L],mute[L],mute[L],mute[L],mute[L],mute[L],mute[L],mute[L],mute[L],mute[L],mute[L],mute[L],mute[L],mute[L],mute[L],mute[L],mute[L],mute[L],mute[L],mute[L],mute[L],mute[L],mute[L],mute[L],mute[L],mute[L],mute[L],mute[LM],mute[LM],mute[L],mute[L],mute[L],mute[LM],mute[LMNO],mute[L],mute[L],mute[L],mute[L],mute[L],mute[L],mute[L],mute[L],mute[L],mute[L],mute[L],mute[L],mute[L],mute[L],mute[L],mute[L],mute[L],mute[L],mute[L],mute[L],mute[L],mute[L],mute[L],mute[L],mute[L],mute[L],mute[L],mute[L],mute[L],mute[L],mute[L],mute[L],mute[L],mute[L],mute[L],mute[L],mute[L],mute[L],mute[LMO],mute[LM],mute[LM],mute[LN],mute[L],mute[LN],mute[L],mute[LMNO],mute[L],mute[L],mute[L],mute[L],mute[L],mute[L],mute[L],mute[L],mute[L],mute[L],mute[L],mute[L],mute[L],mute[L],mute[L],mute[L],mute[L],mute[L],mute[L],mute[L],mute[L],mute[L],mute[L],mute[L],mute[L],mute[L],mute[L],mute[L],mute[L],mute[L],mute[L],mute[L],mute[L],mute[L],mute[L],mute[L],mute[L],mute[L],mute[L],mute[LNO],mute[LN],mute[LN],mute[LNO],mute[LN],mute[LM],mute[L],mute[L],mute[L],mute[L],mute[L],mute[L],mute[L],mute[L],mute[L],mute[L],mute[L],mute[L],mute[L],mute[L],mute[L],mute[L],mute[L],mute[L],mute[L],mute[L],mute[L],mute[L],mute[L],mute[L],mute[L],mute[L],mute[L],mute[L],mute[L],mute[L],mute[L],mute[L],mute[L],mute[L],mute[L],mute[L],mute[L],mute[L],mute[L],mute[L],mute[LMNO],mute[LN],mute[LNO],mute[LNO],mute[L],mute[L],mute[L],mute[L],mute[L],mute[L],mute[L],mute[L],mute[L],mute[L],mute[L],mute[L],mute[L],mute[L],mute[L],mute[L],mute[L],mute[L],mute[L],mute[L],mute[L],mute[L],mute[L],mute[L],mute[L],mute[L],mute[L],mute[L],mute[L],mute[L],mute[L],mute[L],mute[L],mute[L],mute[L],mute[L],mute[L],mute[L],mute[L],mute[L],mute[JLO],mute[L],mute[LMNO],5<U>,5<U>,5<U>,mute[LM],5<U>,5<U>,5<U>,mute[LM],5<U>,5<U>,5<U>,mute[LM],5<U>,5<U>,5<U>,5<U>,5<U>,5<U>,5<U>,5<U>,mute[L],mute[L],mute[L],mute[L],mute[L],mute[L],mute[L],mute[L],mute[LM],mute[LN],mute[L],mute[LN],mute[L],mute[L],mute[L],mute[L],mute[L],mute[L],mute[L],mute[L],mute[L],mute[L],mute[LN],5<U>,mute[L],5<U>,5<U>,5<U>,5<U>,5<U>,5<U>,5<U>,5<U>,5<U>,5<U>,5<U>,5<U>,5<U>,5<U>,5<U>,5<U>,5<U>,5<U>,5<U>,5<U>,5<U>,5<U>,5<U>,5<U>,mute[L],mute[LM],mute[LNO],mute[LN],mute[L],mute[L],mute[L],mute[L],mute[L],mute[L],mute[L],mute[L],mute[L],mute[L],mute[L],mute[L],mute[L],mute[L],mute[L],mute[L],mute[L],mute[L],mute[L],mute[LNO],mute[LN],mute[L],mute[LN],mute[LM],mute[LM],mute[LM],mute[LMO],mute[L],mute[L],mute[L],mute[L],mute[L],mute[L],mute[L],mute[L],mute[L],mute[L],mute[L],mute[L],mute[L],mute[L],mute[L],mute[L],mute[L],mute[L],mute[L],mute[L],mute[L],mute[L],mute[L],mute[L],mute[L],mute[L],mute[L],mute[L],mute[L],mute[L],mute[L],mute[L],mute[L],mute[L],mute[L],mute[L],mute[L],mute[L],mute[L],mute[L],mute[L],mute[L],mute[L],mute[L],mute[L],mute[L],mute[L],mute[L],mute[L],mute[L],mute[L],mute[L],mute[L],mute[L],mute[L],mute[L],mute[L],mute[L],mute[L],mute[L],mute[L],mute[L],mute[L],mute[L],mute[L],mute[L],mute[L],mute[L],mute[L],mute[L],mute[L],mute[L],mute[L],mute[L],mute[L],mute[L],mute[L],mute[L],mute[L],mute[L],mute[L],mute[L],mute[L],mute[L],mute[L],mute[L],mute[L],mute[L],mute[L],mute[L],mute[L],mute[L],mute[L],mute[L],mute[L],mute[L],mute[L],mute[L],mute[L],mute[L],mute[L],mute[L],mute[L],mute[L],mute[L],mute[L],mute[L],mute[L],mute[L],mute[L],mute[L],mute[L],mute[L],mute[L],mute[L],mute[L],mute[LN],mute[LNO],mute[KN],mute[KN],mute[LN],mute[LN],mute[LN],mute[LN],mute[LNO],mute[LN],mute[L],mute[L],mute[L],mute[L],mute[L],mute[L],mute[L],mute[L],mute[L],mute[L],mute[L],mute[L],mute[L],mute[L],mute[L],mute[L],mute[L],mute[L],mute[L],mute[L],mute[L],mute[L],mute[L],mute[L],mute[L],mute[L],mute[L],mute[L],mute[L],mute[L],mute[L],mute[L],mute[L],mute[L],mute[L],mute[L],mute[L],mute[L],mute[L],mute[L],mute[L],mute[L],mute[L],mute[L],mute[L],mute[L],mute[L],mute[LMO],5<U>,mute[L],mute[L],mute[L],mute[L],mute[LMN],5<U>,mute[L],mute[L],mute[L],mute[L],mute[L],mute[LM],5<U>,mute[L],mute[L],mute[L],mute[L],mute[L],mute[L],mute[L],mute[L],mute[L],mute[L],mute[L],mute[L],mute[L],mute[L],mute[L],mute[L],mute[L],mute[L],mute[L],mute[L],mute[L],mute[L],mute[L],mute[L],mute[L],mute[LM],mute[LM],mute[L],mute[L],mute[LMO],5<U>,mute[L],mute[L],mute[L],mute[L],mute[L],mute[L],mute[L],mute[L],mute[L],mute[L],mute[L],mute[L],mute[LMN],mute[KL],mute[L],mute[L],mute[L],mute[L],mute[LMO],5<U>,mute[L],mute[L],mute[L],mute[L],mute[LMNO],mute[LN],mute[LN],mute[LNO],mute[LN],mute[LMN],mute[LMO],mute[LM],mute[LM],mute[KN],mute[L],mute[L],mute[LNO],mute[JKO],mute[IJMNO],mute[KLNO],mute[JM],mute[KN],mute[LN],mute[LNO],mute[LN],mute[LN],mute[L],mute[L],mute[L],mute[LM],5<U>,mute[LN],mute[L],mute[L],mute[L],mute[L],mute[L],mute[L],mute[L],mute[L],mute[L],mute[LMO],5<U>,mute[L],mute[L],mute[L],mute[L],mute[LMN],5<U>,mute[L],mute[L],mute[L],mute[LMNO],mute[LN],mute[L],mute[LN],mute[L],mute[LN],mute[LMNO],5<U>,mute[L],mute[L],mute[L],mute[L],mute[LN],mute[LN],mute[LM],mute[LM],mute[LMNO],mute[KL],mute[KL],mute[KN],mute[LN],mute[LN],mute[LN],mute[LNO],mute[LMNO],5<U>,mute[L],5<U>,mute[L],mute[L],mute[LMN],5<U>,mute[L],5<U>,mute[L],mute[L],mute[LMO],5<U>,mute[L],mute[L],mute[L],mute[L],mute[L],mute[L],mute[L],mute[L],mute[L],mute[L],mute[L],mute[L],mute[L],mute[L],mute[LMN],5<U>,mute[L],mute[L],mute[L],mute[L],mute[L],mute[L],mute[L],mute[LMNO],5<U>,mute[L],mute[L],mute[L],mute[L],mute[L],mute[L],mute[L],mute[L],mute[L],mute[L],mute[L],mute[L],mute[L],mute[L],mute[L],mute[L],mute[L],mute[L],mute[L],mute[L],mute[L],mute[L],mute[L],mute[L],mute[L],mute[L],mute[LN],mute[LN],mute[L],mute[L],mute[L],mute[L],mute[L],mute[L],mute[L],mute[L],mute[L],mute[L],mute[L],mute[L],mute[L],mute[L],mute[L],mute[L],mute[L],mute[L],mute[L],mute[LMO],mute[KLNO],mute[L],mute[L],mute[L],mute[LNO],mute[L],mute[LNO],mute[L],mute[LN],mute[LN],mute[LM],mute[LM],mute[LM],mute[LM],mute[LM],mute[KN],mute[L],mute[JLMO],mute[LM],mute[LMNO],mute[KN],mute[KN],mute[KN],mute[L],5<U>,mute[KM],mute[L],mute[L],mute[L],mute[L],mute[L],mute[L],mute[L],mute[L],mute[L],mute[L],mute[L],mute[L],mute[L],mute[L],mute[L],mute[L],mute[L],mute[L],mute[L],mute[L],mute[L],mute[L],mute[L],mute[L],mute[L],mute[L],mute[LN],mute[L],mute[LNO],mute[KN],mute[KO],mute[L],mute[L],mute[L],mute[L],mute[L],mute[L],mute[L],mute[L],mute[L],mute[L],mute[LM],mute[LN],mute[LN],mute[LM],mute[LMO],mute[LMO],mute[KO],mute[KO],mute[K],mute[KO],mute[KO],mute[K],mute[JN],mute[JO],mute[JLNO],mute[HK],mute[KLMO],mute[KL],mute[KNO],mute[KNO],mute[JM],mute[JLO],mute[HIJKMNO],mute[IJKLNO],mute[JM],mute[HK],mute[KLM],mute[KL],mute[KL],mute[KLMO],mute[JM],mute[HK],mute[KLMO],mute[KLM],mute[JK],mute[JKLN],mute[IJ],mute[HK],mute[HK],mute[HIKL],mute[HH],","(#G-1.d1)[LNO],f1[L],(f.#g1)[L],b1[MNO],(d1.b.d2)[MNO],f2[MNO],(#F-1.#f2)[L],g2[MNO],(#f.#g2)[MNO],a2[MNO],(d1.b.#a2)[MNO],b2[L],(F-1.d3)[MNO],f3[MNO],(#g.#g3)[MNO],b3[MNO],(d1.b.c4)[L],#c4[MNO],(B-1.d4)[LMN],(#c1.#f)[KN],(d1.b)[KN],(A-1.#d1)[LO],#f1[LO],(#f.a1)[LO],c2[LO],(#d1.c1.#d2)[LO],#f2[LO],(G-1.#d2)[LO],e2[LO],(g.f2)[LO],#f2[LO],(e1.c1.g2)[LO],#g2[LO],(C-1.a2)[LO],#a2[LO],(g.#d3)[LNO],#f3[LN],(e1.#a.#d3)[LM],e3[KL],(B-1.B-2.e4.#g3.e3)[K],#d4[L],(d4.b3)[L],(#c4.#a3)[L],(c4.a3)[L],(b3.#g3)[L],(#g1.e1.b.#a3.g3)[L],(a3.#f3)[L],(a1.#c1.#g3.f3)[L],(g3.e3)[L],(#c2.e1.#f3.#d3)[L],(f3.d3)[L],(b1.#d1.e3.#c3)[L],(#d3.c3)[L],(f1.#g.d3.b2)[L],(#c3.#a2)[L],(#f1.a.c3.a2)[L],(b2.#g2)[L],(a1.#c1.#a2.g2)[L],(a2.#f2)[L],(#g2.f2)[L],(g2.e2)[L],(#f2.#d2)[L],g2[L],(#g2.e2)[L],(a2.#f2)[L],(#g1.b.#a2.g2)[L],(b2.#g2)[L],(g1.#a.c3.a2)[L],(#c3.#a2)[L],(#g1.b.d3.b2)[L],(#d3.c3)[L],(b1.#d1.e3.#c3)[L],(#d3.c3)[L],(a1.#c1.d3.b2)[L],(#d3.c3)[L],(#g1.b.e3.#c3)[L],(f3.d3)[L],(#f1.a.#f3.#d3)[L],(g3.e3)[L],(f1.#g.#g3.f3)[L],(a3.#f3)[L],(#f1.a.#d3.#f2)[LM],a3[LM],(B-1.B-2.#d3.#f2)[LO],a3[LO],(c.C-1.#d3.#f2)[LO],a3[LO],(#c.#C-1.#f4.#a3.#f3)[LMNO],f4[L],(e4.#c4)[MNO],(#d4.c4)[L],(d4.b3)[L],(#c4.#a3)[L],(#a1.#f1.#c1.c4.a3)[L],(b3.#g3)[MNO],(b1.#d1.#a3.g3)[L],(a3.#f3)[L],(#d2.#f1.#g3.f3)[MNO],(g3.e3)[L],(#c2.f1.#f3.#d3)[L],(f3.d3)[L],(g1.#a.e3.#c3)[L],(#d3.c3)[MNO],(#g1.b.d3.b2)[L],(#c3.#a2)[L],(b1.#d1.c3.a2)[MNO],(b2.#g2)[L],(#a2.g2)[L],(a2.#f2)[L],(#g2.f2)[MNO],a2[L],(#a2.#f2)[L],(b2.#g2)[MNO],(#a1.#c1.c3.a2)[L],(#c3.#a2)[L],(a1.c1.d3.b2)[L],(#d3.c3)[L],(#a1.#c1.e3.#c3)[MNO],(f3.d3)[L],(#c2.f1.#f3.#d3)[L],(f3.d3)[MNO],(b1.#d1.e3.#c3)[L],(f3.d3)[L],(#a1.#c1.#f3.#d3)[L],(g3.e3)[L],(#g1.b.#g3.f3)[MNO],(a3.#f3)[L],(g1.#a.#a3.g3)[L],(b3.#g3)[MNO],(#g1.b.f3.#g2)[LM],b3[LM],(#c.#C-1.f3.#g2)[LN],b3[L],(d.D-1.f3.#g2)[LN],b3[L],(#d.#D-1.#g4.c4.#g3)[LMNO],g4[L],(#f4.#d4)[MNO],(f4.d4)[L],(e4.#c4)[MNO],(#d4.c4)[L],(c2.#g1.#d1.d4.b3)[MNO],(#c4.#a3)[L],(#c2.f1.c4.a3)[MNO],(b3.#g3)[L],(f2.#g1.#a3.g3)[MNO],(a3.#f3)[L],(#d2.g1.#g3.f3)[MNO],(g3.e3)[L],(a1.c1.#f3.#d3)[MNO],(f3.d3)[L],(#a1.#c1.e3.#c3)[MNO],(#d3.c3)[L],(#c2.#a1.e1.d3.b2)[MNO],(#c3.#a2)[L],(e.E-1.c3.a2)[MNO],(b2.#g2)[L],(#d.#D-1.#a2.g2)[MNO],e2[L],(#d.#D-1.c3.#g2)[MNO],b2[L],(#a2.g2)[MNO],(a2.#f2)[L],(#g2.f2)[MNO],(g2.e2)[L],(c1.#g.#d.#f2.#d2)[MNO],(f2.d2)[L],(#c1.f.e2.#c2)[MNO],(#d2.c2)[L],(f1.#g.d2.b1)[MNO],(#c2.#a1)[L],(#d1.g.c2.a1)[MNO],(b1.#g1)[L],(a.c.#a1.g1)[MNO],(a1.#f1)[L],(#a.#c.#g1.f1)[MNO],(g1.e1)[L],(#c1.e.#f1.#d1)[MNO],(f1.d1)[L],(#d.#D-1.e1.#c1)[LN],(#d1.c1)[LN],(e.E-1.d1.b)[LNO],(#c1.#a)[LN],(f.F-1)[LM],#c1[MNO],#d1[L],(#c2.#a1)[L],(#c1.#a.f.#c2)[MNO],#d2[L],(#c1.#a.#f.#a2.#c3)[MNO],(#d3.#c3)[L],(f.F-1.#c4.#a3)[L],(#d3.#c3)[MNO],(#f.#F-1.#c4.#a3)[L],(#d3.#c3)[MNO],(g.G-1)[L],e1[L],#f1[MNO],(e2.#c2)[L],(e1.#c1.#f.e2)[MNO],#f2[L],(e1.#c1.#g.#c3.e3)[L],(#f3.e3)[MNO],(g.G-1.e4.#c4)[MNO],(#f3.e3)[L],(#g.#G-1.e4.#c4)[L],(#f3.e3)[MNO],(a.A-1)[L],e1[MNO],#f1[L],(e2.#c2)[L],(e1.#c1.a.e2)[MNO],#f2[L],(g1.e1.#a.#c3.e3)[MNO],(#f3.e3)[L],(a.A-1.e4.#c4)[L],(#f3.e3)[MNO],(#a.#A-1.e4.#c4)[L],(#f3.e3)[MNO],(b.B-1)[L],g1[L],a1[MNO],(g2.e2)[MNO],(g1.e1.b.g2)[L],a2[L],(g1.e1.c1.e3.g3)[MNO],(a3.g3)[LO],(b.B-1.g4.e4)[L],(a3.g3)[LN],(c1.c.g4.e4)[LNO],(a3.g3)[LN],(#c1.#a.e.#c.g4.e4)[LO],#a3[LO],(B-1.B-2.g3)[L],#a3[L],(c.C-1.g4.e4)[MNO],#a3[L],(#c.#C-1.g3)[MNO],#a3[MNO],(e.E-1.g4.e4)[MNO],#a3[MNO],(f.F-1.g3)[L],#a3[MNO],(#g.#G-1.g4.e4)[MN],#a3[MNO],(#f.#F-1.g3)[MN],#a3[MNO],(g.G-1.g4.e4)[MNO],#a3[MN],(#g.#G-1.g3)[MN],#a3[MNO],(a.A-1.g4.e4)[MNO],#a3[MN],(#a.#A-1.g3)[MNO],#a3[MN],(#c1.#c.g4.e4)[LO],(#a3.g3)[NO],(b.B-1)[MN],(g4.e4)[MN],(c1.c)[NO],(#a3.g3)[LO],(#c1.#c.g4.e4)[LO],(#a3.g3)[NO],(e1.e)[MN],(g4.e4)[MN],(f1.f)[NO],(#a3.g3)[LO],(#g1.#g.g4.e4)[LO],(#a3.g3)[NO],(#f1.#f)[MN],(g4.e4)[MN],(g1.g)[NO],(#a3.g3)[LO],(#g1.#g.g4.e4)[LO],(#a3.g3)[NO],(a1.a)[MN],(g4.e4)[MN],(#a1.#a)[NO],(#a3.g3)[LO],(#c2.g4.e4)[N],e2[NO],#a2[N],#c3[JLO],b[MN],c1[MN],#c1[MO],e1[MN],f1[MO],#g1[MO],#f1[MO],g1[MO],#g1[MO],a1[MO],#a1[MN],#c2[MO],b1[MO],c2[MO],#c2[MO],e2[MO],f2[MO],#g2[MN],#f2[MO],g2[MO],#g2[MO],a2[MO],#a2[MO],#c3[MO],b2[MN],c3[MO],#c3[MO],e3[M],f3[MO],#g3[MO],#f3[MO],g3[MO],#g3[MO],a3[MO],#a3[MO],#c4[MO],g3[MO],#g3[MO],a3[L],a3[MNO],#a3[MNO],#c4[MNO],#g3[MNO],a3[L],#a3[MN],a3[MN],#a3[MN],#c4[MN],a3[L],#a3[LN],a3[L],#a3[LN],#c4[L],a3[L],#a3[MNO],#c4[MNO],a3[MNO],#a3[MNO],#c4[L],a3[MN],#a3[MNO],#c4[MNO],a3[MN],#a3[MN],#c4[MN],a3[MO],#a3[MO],#c4[MN],a3[M],#a3[MO],#c4[MO],a3[M],#a3[M],#c4[MO],a3[MO],#a3[M],#c4[M],a3[MO],#a3[MO],#c4[M],a3[M],#a3[M],#c4[MO],a3[M],#a3[M],#c4[MO],a3[M],#a3[M],#c4[M],a3[M],#a3[M],#c4[MO],a3[M],#a3[M],#c4[M],a3[M],#a3[M],#c4[M],a3[M],#a3[M],#c4[M],a3[M],#a3[M],#c4[M],a3[M],#a3[M],#c4[MO],a3[M],#a3[M],#c4[MO],a3[MO],#a3[MO],#c4[MO],a3[MN],#a3[MN],#c4[MN],a3[LNO],#a3[LN],#c4[LO],c4[LO],b3[LO],#a3[LO],b3[MNO],#a3[L],a3[MNO],#g3[MNO],a3[MNO],#g3[MNO],g3[L],#f3[MNO],g3[MNO],#f3[MNO],f3[MNO],e3[L],f3[L],e3[L],#d3[L],d3[L],#d3[L],d3[LN],#c3[L],c3[LN],#c3[LM],c3[LM],b2[LM],#a2[LM],(d2.b2)[MNO],c3[L],#c3[M],#g2[NO],d3[MN],#d3[MNO],e3[N],f2[MO],g3[MN],f3[MNO],(c2.e3)[MNO],#d3[MNO],d3[M],a2[NO],#c3[MN],c3[MNO],b2[N],e2[MO],#a2[MN],a2[MNO],(b1.#g2)[MNO],a2[MNO],#a2[M],e2[NO],b2[MN],c3[MNO],#c3[N],d2[MO],e3[MN],d3[MNO],(a1.#c3)[LO],c3[LO],(e2.b2)[LO],#a2[LO],(c2.a2)[LO],#g2[LO],(#a1.g2)[MNO],#g2[MN],a2[M],e2[N],#a2[MNO],b2[MN],c3[N],#c2[MO],#d3[MN],#c3[MN],(#g1.c3)[MN],b2[MNO],#a2[M],f2[N],a2[MNO],#g2[MN],g2[N],c2[M],#f2[MNO],f2[MN],(g1.e2)[MN],f2[MNO],#f2[M],c2[N],#f2[MN],#g2[MNO],a2[N],#a1[M],c3[MNO],#a2[MN],(f1.a2)[L],#g2[LO],(c2.g2)[L],#f2[LO],(#g1.f2)[L],e2[LO],(#f1.#d2)[MN],e2[MN],f2[MO],c2[N],#f2[MN],g2[MN],#g2[N],a1[MO],b2[MN],a2[MNO],(e1.#g2)[MN],g2[MN],#f2[M],#c2[N],f2[MNO],e2[MN],#d2[N],#g1[MO],d2[MN],#c2[MN],(#d1.c2)[MNO],#c2[MN],d2[M],#g1[N],#d2[MNO],e2[MN],f2[N],#f1[M],#g2[MNO],#f2[MN],(#c1.f2)[LO],e2[L],(#g1.#d2)[L],d2[LO],(e1.#c2)[LO],c2[L],(#c1.b1)[L],c2[LO],(#g1.#c2)[L],d2[LO],(e1.#d2)[L],e2[LO],(b.#c1.f2)[L],#f2[LO],(#g1.g2)[L],#g2[LO],(e1.a2)[L],#a2[LO],(#c1.b2)[L],c3[L],(#g1.#c3)[LO],c3[LO],(e1.#d3)[L],#c3[L],(#a.#c1.b2)[L],c3[L],(#g1.#c3)[L],d3[L],(e1.#d3)[L],e3[L],(a.#c1.f3)[L],#f3[MNO],(#g1.g3)[MNO],#g3[MNO],(e1.a3)[MNO],#a3[L],(#g.#c1.b3)[MNO],c4[MNO],(#g1.#c4)[MNO],c4[MNO],(e1.#d4)[L],#c4[MNO],(g.#c1.b3)[LO],c4[LO],(a1.#c4)[LN],c4[LNO],(e1.#d4)[KN],#c4[KN],(#f.#d4)[LN],#c4[LN],(e1.#g4)[LN],#f4[LN],(#c1.#d4)[LNO],#c4[LN],(#a1.#a3)[LO],#g3[LO],(e1.#d4)[LO],#c4[LO],(#c1.#a3)[LO],#g3[LO],(#f.#f3)[L],#d3[L],(#f1.#a3)[L],#g3[L],(#d1.#f3)[L],#d3[L],(b1.#c3)[MNO],b2[L],(#f1.#f3)[MNO],#d3[MNO],(#d1.#a2)[MNO],b2[MNO],(#f.#d3)[L],#c3[MNO],(e1.#g3)[MNO],#f3[MNO],(#c1.#d3)[MNO],#c3[L],(#a1.#a2)[MNO],#g2[MNO],(e1.#d3)[MNO],#c3[MNO],(#c1.#a2)[L],#g2[MNO],(#f.#f2)[MN],#d2[MNO],(#f1.#a2)[MN],#g2[MNO],(#d1.#f2)[MNO],#d2[MN],b1[MN],#c2[MNO],(#f1.#d2)[MNO],#f2[MN],(#d1.#a1)[MNO],b1[MN],(#f.#d2.#a1)[MNO],#c2[MNO],a1[N],e1[MO],#a1[MNO],b1[M],#c1[NO],c2[MNO],#c2[MN],(#f.d2)[L],#d2[L],e2[N],(#a1.e1)[MO],f2[L],#f2[MO],#c1[NO],g2[L],#g2[MNO],(f.a2)[L],#a2[L],#d3[N],(#a1.f1)[MO],#c3[L],a2[MO],#c1[NO],#a2[L],b2[MNO],(e.c3)[LO],#c3[LO],d3[NO],(#a1.g1)[MN],#d3[LO],e3[MO],#c1[M],f3[L],#f3[LO],(f.g3)[LO],#g3[LO],(#g1.b2)[MNO],c3[L],(f1.g3)[L],#g3[MNO],(c1.e3)[L],f3[L],(#g1.b3)[L],c4[L],(f1.g3)[L],#g3[L],(#d.e4)[MNO],f4[L],(#g1.a3)[MNO],b3[MNO],(f1.e4)[MNO],f4[MNO],(c1.b3)[L],b3[MNO],(#g1.e4)[MNO],f4[MNO],(f1.b3)[MNO],c4[L],(d.e4)[LM],f4[LM],b3[L],c4[L],g3[MN],#g3[MNO],(c1.e3)[MO],f1[O],f3[M],#g1[NO],b2[MN],c3[MNO],g2[MNO],#g2[MN],e2[MN],f2[MNO],b1[MNO],c2[MN],g1[MNO],#g1[MN],e1[L],f1[L],g1[L],#g1[L],b1[L],c2[KL],(#C-1.g4.e4)[MNO],(#g4.f4)[MN],(e4.c4)[MNO],(f4.#c4)[MNO],(#a3.g3)[MN],(b3.#g3)[MN],(f.g3.e3)[MN],b[O],(#g3.f3)[M],#g1[NO],(e3.c3)[MN],(f3.#c3)[MNO],(#a2.g2)[L],(b2.#g2)[L],(g2.e2)[LO],(#g2.f2)[LO],(e2.c2)[LN],(f2.#c2)[LN],(#a1.g1)[LNO],(b1.#g1)[LN],(g1.e1)[LMN],(#g1.f1)[LMO],(a1.#f1)[LM],(#a1.g1)[LM],(#g1.b1)[KN],c2[LO],b1[LO],#g1[LO],b1[JLM],b1[MO],f2[IJMNO],b1[KLNO],(C-1.#g1.f1.#c2)[JM],c2[KN],b1[LN],c2[LNO],b1[LN],c2[LN],(#g.#c2)[LO],d2[LO],#d2[NO],f1[MN],e2[LO],g2[MO],c1[NO],f2[LN],e2[L],(g.#d2)[LO],d2[LO],#c2[N],#d1[MN],c2[LO],b1[MN],#a[NO],#a1[LO],a1[LO],(f.#g1)[MNO],a1[L],#a1[NO],#c1[MO],b1[L],c2[MO],#g[N],#d2[L],#c2[L],(e.c2)[MNO],b1[L],#a1[NO],c1[MO],a1[L],#g1[MO],g[N],g1[L],#f1[L],(#d.f1)[L],e1[LN],(c1.f1)[L],#f1[LN],(a.g1)[L],#g1[LN],(d.a1)[MNO],#a1[L],b1[NO],#a[MO],c2[L],#c2[MO],f[N],d2[L],#d2[LO],(#c.e2)[LN],f2[LN],(b.#f2)[LM],g2[LM],(f.#g2)[LMNO],b1[KL],(C-1.#g1.f1.#c2)[KL],c2[KN],b1[LN],c2[LN],b1[LN],c2[LNO],(#g.#c2)[MNO],d2[L],#d2[NO],f1[MO],e2[L],g2[MO],c1[NO],f2[MNO],e2[L],(g.#d2)[MNO],d2[L],#c2[NO],#d1[MO],c2[L],b1[MO],#a[NO],#a1[MNO],a1[L],(f.#g1)[MNO],a1[MNO],#a1[NO],#c1[MO],b1[MNO],c2[MO],#g[N],#d2[MNO],#c2[L],(e.c2)[MNO],b1[MNO],#a1[N],c1[MN],a1[L],#g1[M],g[NO],g1[L],#f1[MO],#d[N],f1[L],e1[MNO],(c1.f1)[L],#f1[MNO],g1[N],a[MN],#g1[MNO],a1[M],d[M],#a1[MNO],b1[MN],f1[N],c2[LO],#c2[LO],(d2.#a)[LO],#d2[LO],e2[NO],#c[MNO],f2[LO],#f2[MO],f1[M],g2[LO],#g2[MN],(b.#g)[N],a2[L],#a2[L],(c.b2)[LO],c3[L],(#g.#g3)[MN],g3[L],(c1.#f3)[MNO],f3[MNO],(f1.e3)[L],#d3[MN],d3[L],#c3[MNO],c3[MNO],b2[L],(c.#a2)[MN],#d3[L],(#a.#c3)[MNO],#a2[MNO],(#c1.#g2)[L],#f2[MN],(#f1.#d2)[L],#c2[MNO],a1[MNO],#a1[L],#d2[MN],#c2[L],(c.b1)[LN],c2[LN],(#g.#g3)[MNO],g3[MNO],(c1.#f3)[MNO],f3[MNO],(f1.e3)[MNO],#d3[MNO],d3[MN],#c3[MNO],c3[MNO],b2[MNO],(c.#a2)[MNO],#d3[MNO],(#a.#c3)[MNO],#a2[MN],(#c1.#g2)[MNO],#f2[MNO],(#f1.#d2)[MNO],#c2[MNO],a1[MNO],#a1[MNO],#d2[MN],#c2[MNO],(c.b1)[MNO],c2[MNO],(#g.f4.#g3)[KLNO],e4[L],(c1.#d4.g3)[L],(d4.#f3)[L],(f1.#c4.f3)[LN],(c4.e3)[LO],(#g3.c3)[LN],(g3.b2)[LO],(#f3.#a2)[LN],(f3.#g2)[LN],(#c3.f2)[LM],(c3.e2)[LM],(#g2.c2)[LM],(g2.b1)[LM],(#f2.#a1)[LM],(f2.#g1)[KN],(c.#c2.#a1)[L],#f1[JLMO],(#c2.a1)[LM],(#c1.#a.#c2.#g1)[LMNO],(#c2.g1)[KN],(#c2.#f1)[KN],(#a.#g.#c2.f1)[KN],(#a.C-1)[L],e1[M],g[M],#c2[KM],b[L],c1[L],#c1[L],#d1[L],f1[L],#g1[L],#f1[MNO],g1[MNO],#g1[MNO],a1[MNO],#a1[L],#c2[MNO],(#d1.b1)[MNO],(e1.c2)[MN],(f1.#c2)[MN],(g1.e2)[MNO],(a1.f2)[MNO],(c2.#g2)[MN],(a1.#f2)[MN],(#a1.g2)[MN],(b1.#g2)[MN],(c2.a2)[MN],(#c2.#a2)[MN],(f2.#c3)[MN],(#d2.b2)[MO],(e2.c3)[MN],(f2.#c3)[MO],(g2.e3)[MN],(#g2.f3)[MO],(c3.#g3)[MNO],(a2.#f3)[L],(#a2.g3)[LN],(b2.#g3)[L],(c3.a3)[LNO],(#c3.#a3)[KN],(e3.#c4)[KO],#a3[L],#c4[L],g3[L],#c4[LO],e3[L],#c4[LO],#c3[L],#c4[L],#a2[L],#c4[LO],g2[LO],#c4[LN],e2[LN],#c4[LM],#c2[LMO],#c4[LMO],#a1[KO],#c4[KO],g1[K],#c4[KO],#f1[KO],#c4[K],f1[JN],#c4[JO],e1[JLNO],#c4[HK],b[KLMO],c1[KL],#c1[KNO],e1[KNO],f1[JM],(C-1.#c.e1.#a.#g1)[JLO],#g1[HIJKMNO],c[IJKLNO],g1[JM],(F-1.c.f1.#g)[HK],B-1[KLM],c[KL],(#A-1.#c.f1.#c1.#g)[KL],f[KLMO],g[JM],(F-1.#g.c1.f1)[HK],b[KLMO],c1[KLM],(#A-1.f.#c1.f1)[JK],f[JKLN],(#c.g)[IJ],(F-1.c.a.f1)[HK],(F-1.c.a.f1)[HK],(F-1.c.a.f1)[HIKL],(F-1.c.a.f1)[HH],"],"id":3,"instruments":["piano","piano"],"alternatives":["",""]}],"audition":{"start":[0,0],"end":[1,0]}}