{"baseBpm":172,"musics":[{"bpm":172,"baseBeats":0.25,"scores":["#g1[LM],(#c.#g2.f2)[M],#a2[M],#g2[M],(#g.#c1.f1.#c2)[MN],#a2[MN],(#G-1.#g2.#f2)[M],#a2[M],#g2[M],(#g.#d1.#f1.c2)[MN],#d3[MN],(#G-1.#g2.#f2)[M],#a2[M],#g2[M],(#g.#d1.#f1.#d2)[MN],c3[MN],(#c.#g2.f2)[M],#a2[M],#g2[M],(#g.#c1.f1.#c2)[MN],#c3[MN],(#c.#g2.f2)[M],#a2[M],#g2[M],(#g.#c1.f1.#c2)[MN],#a2[MN],(#G-1.#g2.#f2)[M],#a2[M],#g2[M],(#g.#d1.#f1.c2)[MN],#d3[MN],(#G-1.#g2.#f2)[M],#a2[M],#g2[M],(#g.#d1.#f1.#d2)[MN],c3[MN],(#c.#c3.f2)[LM],(#g.#c1.f1)[LM],(#c.#g2.f2)[M],#a2[M],#g2[M],(#g.#c1.f1.#c2)[MN],#a2[MN],(#G-1.#g2.#f2)[M],#a2[M],#g2[M],(#g.#d1.#f1.c2)[MN],#d3[MN],(#G-1.#g2.#f2)[M],#a2[M],#g2[M],(#g.#d1.#f1.#d2)[MN],c3[MN],(#c.#g2.f2)[M],#a2[M],#g2[M],(#g.#c1.f1.#c2)[MN],#c3[MN],(#c.#g2.f2)[M],#a2[M],#g2[M],(#g.#c1.f1.#c2)[MN],#a2[MN],(#G-1.#g2.#f2)[M],#a2[M],#g2[M],(#g.#d1.#f1.c2)[MN],#d3[MN],(#G-1.#g2.#f2)[M],#a2[M],#g2[M],(#g.#d1.#f1.#d2)[MN],c3[MN],(#c.#c3.f2)[LM],(#g.#c1.f1)[LM],"],"id":1,"instruments":["piano"],"alternatives":[""]},{"bpm":172,"baseBeats":0.25,"scores":["(A-1.c4)[LN],5<W,(c1.f1.f.#f3)[N]>,5<#g3[N],#f3[N]>,f3[MN],(#A-1.#d3)[MN],#c3[M],5<W,(#c1.f1.#a.c3)[N]>,5<#c3[N],c3[N]>,#a2[MN],(#d.#g2)[MN],#f2[MN],(#c1.#f1.#a.f2)[MN],#d2[MN],(#g.#c2)[MN],c2[MN],(c1.#f1.#a1)[MN],#g1[MN],(#G-1.g1)[MN],#g1[MN],(c1.#f1.#g.#a1)[MN],c2[MN],(#c.#c2)[MN],#d2[MN],(#c1.f1.#g.f2)[MN],#f2[MN],(#G-1.g2)[MN],#g2[MN],(c1.#f1.#g.#a2)[MN],c3[MN],(#c.#c3)[MN],#d3[MN],(#c1.f1.#g.e3)[MN],f3[MN],(A-1.c4)[LN],5<W,(c1.f1.f.#f3)[N]>,5<#g3[N],#f3[N]>,f3[MN],(#A-1.#d3)[MN],#c3[M],5<W,(#c1.f1.#a.c3)[N]>,5<#c3[N],c3[N]>,#a2[MN],(#d.#g2)[MN],#f2[MN],(#c1.#f1.#a.f2)[MN],#d2[MN],(#g.#c2)[MN],c2[MN],(c1.#f1.#a1)[MN],#g1[MN],(#G-1.#a2)[MN],c2[MN],(c1.#f1.#g.#f2.#g2)[MN],f3[MN],(#c.#d3)[MN],f2[MN],(#c1.f1.#g.#g2.#c3)[MN],#a3[MN],(#G-1.#g3)[MN],c3[MN],(c1.#f1.#g.#f3.#g3)[MN],c4[MN],(#c1.f1.f3.#c4)[LM],#g1[LM],(#c.#g2.f2)[M],#a2[M],#g2[M],(#g.#c1.f1.#c2)[MN],#a2[MN],(#G-1.#g2.#f2)[M],#a2[M],#g2[M],(#g.#d1.#f1.c2)[MN],#d3[MN],(#G-1.#g2.#f2)[M],#a2[M],#g2[M],(#g.#d1.#f1.#d2)[MN],c3[MN],(#c.#g2.f2)[M],#a2[M],#g2[M],(#g.#c1.f1.#c2)[MN],#c3[MN],(#c.#g2.f2)[M],#a2[M],#g2[M],(#g.#c1.f1.#c2)[MN],#a2[MN],(#G-1.#g2.#f2)[M],#a2[M],#g2[M],(#g.#d1.#f1.c2)[MN],#d3[MN],(#G-1.#g2.#f2)[M],#a2[M],#g2[M],(#g.#d1.#f1.#d2)[MN],c3[MN],(#c.#c3.f2)[LM],(#g.#c1.f1)[LM],(#c.#g2.f2)[M],#a2[M],#g2[M],(#g.#c1.f1.#c2)[MN],#a2[MN],(#G-1.#g2.#f2)[M],#a2[M],#g2[M],(#g.#d1.#f1.c2)[MN],#d3[MN],(#G-1.#g2.#f2)[M],#a2[M],#g2[M],(#g.#d1.#f1.#d2)[MN],c3[MN],(#c.#g2.f2)[M],#a2[M],#g2[M],(#g.#c1.f1.#c2)[MN],#c3[MN],(#c.#g2.f2)[M],#a2[M],#g2[M],(#g.#c1.f1.#c2)[MN],#a2[MN],(#G-1.#g2.#f2)[M],#a2[M],#g2[M],(#g.#d1.#f1.c2)[MN],#d3[MN],(#G-1.#g2.#f2)[M],#a2[M],#g2[M],(#g.#d1.#f1.#d2)[MN],c3[MN],(#c.#c3.f2)[LM],(#g.#c1.f1)[LM],"],"id":2,"instruments":["piano"],"alternatives":[""]},{"bpm":172,"baseBeats":0.25,"scores":["(A-1.c4)[LN],5<W,(c1.f1.f.#f3)[N]>,5<#g3[N],#f3[N]>,f3[MN],(#A-1.#d3)[MN],#c3[M],5<W,(#c1.f1.#a.c3)[N]>,5<#c3[N],c3[N]>,#a2[MN],(#d.#g2)[MN],#f2[MN],(#c1.#f1.#a.f2)[MN],#d2[MN],(#g.#c2)[MN],c2[MN],(c1.#f1.#a1)[MN],#g1[MN],(#G-1.g1)[MN],#g1[MN],(c1.#f1.#g.#a1)[MN],c2[MN],(#c.#c2)[MN],#d2[MN],(#c1.f1.#g.f2)[MN],#f2[MN],(#G-1.g2)[MN],#g2[MN],(c1.#f1.#g.#a2)[MN],c3[MN],(#c.#c3)[MNP],#d3[MNP],(#c1.f1.#g.e3)[MNO],f3[MNO],(A-1.c4)[LMO],5<W,(c1.f1.f.#f3)[N]>,5<#g3[N],#f3[N]>,f3[MN],(#A-1.#d3)[MN],#c3[M],5<W,(#c1.f1.#a.c3)[N]>,5<#c3[N],c3[N]>,#a2[MN],(#d.#g2)[MNP],#f2[MNP],(#c1.#f1.#a.f2)[MNP],#d2[MNP],(#g.#c2)[MNO],c2[MNO],(c1.#f1.#a1)[LN],#g1[LMOP],(#G-1.#a2)[MN],c2[MN],(c1.#f1.#g.#f2.#g2)[MN],f3[MN],(#c.#d3)[MN],f2[MN],(#c1.f1.#g.#g2.#c3)[MN],#a3[MN],(#G-1.#g3)[MNP],c3[MNP],(c1.#f1.#g.#f3.#g3)[MNOP],c4[MNOP],(#c1.f1.f3.#c4)[J],"],"id":3,"instruments":["piano"],"alternatives":[""]}],"audition":{"start":[0,0],"end":[1,0]}}