{"baseBpm":70,"musics":[{"bpm":70,"baseBeats":0.25,"scores":["8<c5[M]>,8<c5[M]>,8<c5[M]>,8<c5[M]>,8<c5[M]>,8<c5[M]>,8<c5[M]>,8<c5[M]>,8<c5[M]>,8<c5[M]>,8<c5[M]>,8<c5[M]>,8<c5[M]>,8<c5[M]>,8<c5[M]>,8<c5[M]>,8<c5[M]>,8<c5[M]>,8<c5[M]>,8<c5[M]>,8<c5[M]>,8<c5[M]>,8<c5[M]>,8<c5[M]>,8<c5[M]>,8<c5[M]>,8<c5[M]>,8<c5[M]>,8<c5[M]>,8<c5[M]>,8<c5[M]>,8<c5[M]>,8<c5[M]>,8<c5[M]>,8<c5[M]>,8<c5[M]>,8<c5[M]>,8<c5[M]>,8<c5[M]>,8<c5[M]>,8<c5[M]>,8<c5[M]>,8<c5[M]>,8<c5[M]>,8<c5[M]>,8<c5[M]>,8<c5[M]>,8<c5[M]>,8<c5[M]>,8<c5[M]>,8<c5[M]>,8<c5[M]>,8<c5[M]>,8<c5[M]>,8<c5[M]>,8<c5[M]>,8<c5[M]>,8<c5[M]>,8<c5[M]>,8<c5[M]>,8<c5[M]>,8<c5[M]>,8<c5[M]>,8<c5[M]>,8<c5[M]>,8<c5[M]>,8<c5[M]>,8<c5[M]>,8<c5[M]>,8<c5[M]>,8<c5[M]>,8<c5[M]>,8<c5[M]>,8<c5[M]>,8<c5[M]>,8<c5[M]>,8<c5[M]>,8<c5[M]>,8<c5[M]>,8<c5[M]>,8<c5[M]>,8<c5[M]>,8<c5[M]>,8<c5[M]>,8<c5[M]>,8<c5[M]>,8<c5[M]>,8<c5[M]>,8<c5[M]>,8<c5[M]>,8<c5[M]>,8<c5[M]>,8<c5[M]>,8<c5[M]>,8<c5[M]>,8<c5[M]>,8<c5[M]>,8<c5[M]>,8<c5[M]>,8<c5[M]>,8<c5[M]>,8<c5[M]>,8<c5[M]>,8<c5[M]>,8<c5[M]>,8<c5[M]>,8<c5[M]>,8<c5[M]>,8<c5[M]>,8<c5[M]>,8<c5[M]>,8<c5[M]>,8<c5[M]>,8<c5[M]>,8<c5[M]>,8<c5[M]>,8<c5[M]>,8<c5[M]>,8<c5[M]>,8<c5[M]>,8<c5[M]>,8<c5[M]>,8<c5[M]>,8<c5[M]>,8<c5[M]>,8<c5[M]>,8<c5[M]>,8<c5[M]>,8<c5[M]>,8<c5[M]>,8<c5[M]>,8<c5[M]>,8<c5[M]>,8<c5[M]>,8<c5[M]>,8<c5[M]>,8<c5[M]>,8<c5[M]>,8<c5[M]>,8<c5[M]>,8<c5[M]>,8<c5[M]>,8<c5[M]>,8<c5[M]>,8<c5[M]>,8<c5[M]>,8<c5[M]>,8<c5[M]>,8<c5[M]>,8<c5[M]>,8<c5[M]>,8<c5[M]>,8<c5[M]>,8<c5[M]>,8<c5[M]>,8<c5[M]>,8<c5[M]>,8<c5[M]>,8<c5[M]>,8<c5[M]>,8<c5[M]>,8<c5[M]>,8<c5[M]>,8<c5[M]>,8<c5[M]>,8<c5[M]>,8<c5[M]>,8<c5[M]>,8<c5[M]>,8<c5[M]>,8<c5[M]>,8<c5[M]>,8<c5[M]>,8<c5[M]>,8<c5[M]>,8<c5[M]>,8<c5[M]>,8<c5[M]>,8<c5[M]>,8<c5[M]>,8<c5[M]>,8<c5[M]>,8<c5[M]>,8<c5[M]>,8<c5[M]>,8<c5[M]>,8<c5[M]>,8<c5[M]>,8<c5[M]>,8<c5[M]>,8<c5[M]>,8<c5[M]>,8<c5[M]>,8<c5[M]>,8<c5[M]>,8<c5[M]>,8<c5[M]>,8<c5[M]>,8<c5[M]>,8<c5[M]>,8<c5[M]>,8<c5[M]>,8<c5[M]>,8<c5[M]>,8<c5[M]>,8<c5[M]>,8<c5[M]>,8<c5[M]>,8<c5[M]>,8<c5[M]>,8<c5[M]>,8<c5[M]>,8<c5[M]>,8<c5[M]>,8<c5[M]>,8<c5[M]>,8<c5[M]>,8<c5[M]>,8<c5[M]>,8<c5[M]>,8<c5[M]>,8<c5[M]>,8<c5[M]>,8<c5[M]>,8<c5[M]>,8<c5[M]>,8<c5[M]>,8<c5[M]>,8<c5[M]>,8<c5[M]>,8<c5[M]>,8<c5[M]>,8<c5[M]>,8<c5[M]>,8<c5[M]>,8<c5[M]>,8<c5[M]>,8<c5[M]>,8<c5[M]>,8<c5[M]>,8<c5[M]>,8<c5[M]>,8<c5[M]>,8<c5[M]>,8<c5[M]>,8<c5[M]>,8<c5[M]>,8<c5[M]>,8<c5[M]>,8<c5[M]>,8<c5[M]>,8<c5[M]>,8<c5[M]>,8<c5[M]>,8<c5[M]>,8<c5[M]>,8<c5[M]>,8<c5[M]>,8<c5[M]>,8<c5[M]>,8<c5[M]>,8<c5[M]>,8<c5[M]>,8<c5[M]>,8<c5[M]>,8<c5[M]>,8<c5[M]>,8<c5[M]>,8<c5[M]>,8<c5[M]>,8<c5[M]>,8<c5[M]>,8<c5[M]>,8<c5[M]>,8<c5[M]>,8<c5[M]>,8<c5[M]>,8<c5[M]>,8<c5[M]>,8<c5[M]>,8<c5[M]>,8<c5[M]>,8<c5[M]>,8<c5[M]>,8<c5[M]>,8<c5[M]>,8<c5[M]>,8<c5[M]>,8<c5[M]>,8<c5[M]>,8<c5[M]>,8<c5[M]>,8<c5[M]>,8<c5[M]>,8<c5[M]>,8<c5[M]>,8<c5[M]>,8<c5[M]>,8<c5[M]>,8<c5[M]>,8<c5[M]>,8<c5[M]>,8<c5[M]>,8<c5[M]>,8<c5[M]>,8<c5[M]>,8<c5[M]>,8<c5[M]>,8<c5[M]>,8<c5[M]>,8<c5[M]>,8<c5[M]>,8<c5[M]>,8<c5[M]>,8<c5[M]>,8<c5[M]>,8<c5[M]>,8<c5[M]>,8<c5[M]>,8<c5[M]>,8<c5[M]>,8<c5[M]>,8<c5[M]>,8<c5[M]>,8<c5[M]>,8<c5[M]>,8<c5[M]>,8<c5[M]>,8<c5[M]>,8<c5[M]>,8<c5[M]>,8<c5[M]>,8<c5[M]>,8<c5[M]>,8<c5[M]>,8<c5[M]>,8<c5[M]>,8<c5[M]>,8<c5[M]>,8<c5[M]>,8<c5[M]>,8<c5[M]>,8<c5[M]>,8<c5[M]>,8<c5[M]>,8<c5[M]>,8<c5[M]>,8<c5[M]>,8<c5[M]>,8<c5[M]>,8<c5[M]>,8<c5[M]>,8<c5[M]>,8<c5[M]>,8<c5[M]>,8<c5[M]>,8<c5[M]>,8<c5[M]>,8<c5[M]>,8<c5[M]>,8<c5[M]>,8<c5[M]>,8<c5[M]>,8<c5[M]>,8<c5[M]>,8<c5[M]>,8<c5[M]>,8<c5[M]>,8<c5[M]>,8<c5[M]>,8<c5[M]>,8<c5[M]>,8<c5[M]>,8<c5[M]>,8<c5[M]>,8<c5[M]>,8<c5[M]>,8<c5[M]>,8<c5[M]>,8<c5[M]>,8<c5[M]>,8<c5[M]>,8<c5[M]>,8<c5[M]>,8<c5[M]>,8<c5[M]>,8<c5[M]>,8<c5[M]>,8<c5[M]>,8<c5[M]>,8<c5[M]>,8<c5[M]>,8<c5[M]>,8<c5[M]>,8<c5[M]>,8<c5[M]>,8<c5[M]>,8<c5[M]>,8<c5[M]>,8<c5[M]>,8<c5[M]>,8<c5[M]>,8<c5[M]>,8<c5[M]>,8<c5[M]>,8<c5[M]>,8<c5[M]>,8<c5[M]>,8<c5[M]>,8<c5[M]>,8<c5[M]>,8<c5[M]>,8<c5[M]>,8<c5[M]>,8<c5[M]>,8<c5[M]>,8<c5[M]>,8<c5[M]>,8<c5[M]>,8<c5[M]>,8<c5[M]>,8<c5[M]>,8<c5[M]>,8<c5[M]>,8<c5[M]>,8<c5[M]>,8<c5[M]>,8<c5[M]>,8<c5[M]>,8<c5[M]>,8<c5[M]>,8<c5[M]>,8<c5[M]>,8<c5[M]>,8<c5[M]>,8<c5[M]>,8<c5[M]>,8<c5[M]>,8<c5[M]>,8<c5[M]>,8<c5[M]>,8<c5[M]>,8<c5[M]>,8<c5[M]>,8<c5[M]>,8<c5[M]>,8<c5[M]>,8<c5[M]>,8<c5[M]>,8<c5[M]>;"],"instruments":["piano","piano","Best_of_me_drum","best_of_me_drum","bass"],"alternatives":["piano","piano","drum","drum","bass"],"id":1},{"baseBeats":0.25,"scores":["8<c5[M]>,8<c5[M]>,8<c5[M]>,8<c5[M]>,8<c5[M]>,8<c5[M]>,8<c5[M]>,8<c5[M]>,8<c5[M]>,8<c5[M]>,8<c5[M]>,8<c5[M]>,8<c5[M]>,8<c5[M]>,8<c5[M]>,8<c5[M]>,8<c5[M]>,8<c5[M]>,8<c5[M]>,8<c5[M]>,8<c5[M]>,8<c5[M]>,8<c5[M]>,8<c5[M]>,8<c5[M]>,8<c5[M]>,8<c5[M]>,8<c5[M]>,8<c5[M]>,8<c5[M]>,8<c5[M]>,8<c5[M]>,8<c5[M]>,8<c5[M]>,8<c5[M]>,8<c5[M]>,8<c5[M]>,8<c5[M]>,8<c5[M]>,8<c5[M]>,8<c5[M]>,8<c5[M]>,8<c5[M]>,8<c5[M]>,8<c5[M]>,8<c5[M]>,8<c5[M]>,8<c5[M]>,8<c5[M]>,8<c5[M]>,8<c5[M]>,8<c5[M]>,8<c5[M]>,8<c5[M]>,8<c5[M]>,8<c5[M]>,8<c5[M]>,8<c5[M]>,8<c5[M]>,8<c5[M]>,8<c5[M]>,8<c5[M]>,8<c5[M]>,8<c5[M]>,8<c5[M]>,8<c5[M]>,8<c5[M]>,8<c5[M]>,8<c5[M]>,8<c5[M]>,8<c5[M]>,8<c5[M]>,8<c5[M]>,8<c5[M]>,8<c5[M]>,8<c5[M]>,8<c5[M]>,8<c5[M]>,8<c5[M]>,8<c5[M]>,8<c5[M]>,8<c5[M]>,8<c5[M]>,8<c5[M]>,8<c5[M]>,8<c5[M]>,8<c5[M]>,8<c5[M]>,8<c5[M]>,8<c5[M]>,8<c5[M]>,8<c5[M]>,8<c5[M]>,8<c5[M]>,8<c5[M]>,8<c5[M]>,8<c5[M]>,8<c5[M]>,8<c5[M]>,8<c5[M]>,8<c5[M]>,8<c5[M]>,8<c5[M]>,8<c5[M]>,8<c5[M]>,8<c5[M]>,8<c5[M]>,8<c5[M]>,8<c5[M]>,8<c5[M]>,8<c5[M]>,8<c5[M]>,8<c5[M]>,8<c5[M]>,8<c5[M]>,8<c5[M]>,8<c5[M]>,8<c5[M]>,8<c5[M]>,8<c5[M]>,8<c5[M]>,8<c5[M]>,8<c5[M]>,8<c5[M]>,8<c5[M]>,8<c5[M]>,8<c5[M]>,8<c5[M]>,8<c5[M]>,8<c5[M]>,8<c5[M]>,8<c5[M]>,8<c5[M]>,8<c5[M]>,8<c5[M]>,8<c5[M]>,8<c5[M]>,8<c5[M]>,8<c5[M]>,8<c5[M]>,8<c5[M]>,8<c5[M]>,8<c5[M]>,8<c5[M]>,8<c5[M]>,8<c5[M]>,8<c5[M]>,8<c5[M]>,8<c5[M]>,8<c5[M]>,8<c5[M]>,8<c5[M]>,8<c5[M]>,8<c5[M]>,8<c5[M]>,8<c5[M]>,8<c5[M]>,8<c5[M]>,8<c5[M]>,8<c5[M]>,8<c5[M]>,8<c5[M]>,8<c5[M]>,8<c5[M]>,8<c5[M]>,8<c5[M]>,8<c5[M]>,8<c5[M]>,8<c5[M]>,8<c5[M]>,8<c5[M]>,8<c5[M]>,8<c5[M]>,8<c5[M]>,8<c5[M]>,8<c5[M]>,8<c5[M]>,8<c5[M]>,8<c5[M]>,8<c5[M]>,8<c5[M]>,8<c5[M]>,8<c5[M]>,8<c5[M]>,8<c5[M]>,8<c5[M]>,8<c5[M]>,8<c5[M]>,8<c5[M]>,8<c5[M]>,8<c5[M]>,8<c5[M]>,8<c5[M]>,8<c5[M]>,8<c5[M]>,8<c5[M]>,8<c5[M]>,8<c5[M]>,8<c5[M]>,8<c5[M]>,8<c5[M]>,8<c5[M]>,8<c5[M]>,8<c5[M]>,8<c5[M]>,8<c5[M]>,8<c5[M]>,8<c5[M]>,8<c5[M]>,8<c5[M]>,8<c5[M]>,8<c5[M]>,8<c5[M]>,8<c5[M]>,8<c5[M]>,8<c5[M]>,8<c5[M]>,8<c5[M]>,8<c5[M]>,8<c5[M]>,8<c5[M]>,8<c5[M]>,8<c5[M]>,8<c5[M]>,8<c5[M]>,8<c5[M]>,8<c5[M]>,8<c5[M]>,8<c5[M]>,8<c5[M]>,8<c5[M]>,8<c5[M]>,8<c5[M]>,8<c5[M]>,8<c5[M]>,8<c5[M]>,8<c5[M]>,8<c5[M]>,8<c5[M]>,8<c5[M]>,8<c5[M]>,8<c5[M]>,8<c5[M]>,8<c5[M]>,8<c5[M]>,8<c5[M]>,8<c5[M]>,8<c5[M]>,8<c5[M]>,8<c5[M]>,8<c5[M]>,8<c5[M]>,8<c5[M]>,8<c5[M]>,8<c5[M]>,8<c5[M]>,8<c5[M]>,8<c5[M]>,8<c5[M]>,8<c5[M]>,8<c5[M]>,8<c5[M]>,8<c5[M]>,8<c5[M]>,8<c5[M]>,8<c5[M]>,8<c5[M]>,8<c5[M]>,8<c5[M]>,8<c5[M]>,8<c5[M]>,8<c5[M]>,8<c5[M]>,8<c5[M]>,8<c5[M]>,8<c5[M]>,8<c5[M]>,8<c5[M]>,8<c5[M]>,8<c5[M]>,8<c5[M]>,8<c5[M]>,8<c5[M]>,8<c5[M]>,8<c5[M]>,8<c5[M]>,8<c5[M]>,8<c5[M]>,8<c5[M]>,8<c5[M]>,8<c5[M]>,8<c5[M]>,8<c5[M]>,8<c5[M]>,8<c5[M]>,8<c5[M]>,8<c5[M]>,8<c5[M]>,8<c5[M]>,8<c5[M]>,8<c5[M]>,8<c5[M]>,8<c5[M]>,8<c5[M]>,8<c5[M]>,8<c5[M]>,8<c5[M]>,8<c5[M]>,8<c5[M]>,8<c5[M]>,8<c5[M]>,8<c5[M]>,8<c5[M]>,8<c5[M]>,8<c5[M]>,8<c5[M]>,8<c5[M]>,8<c5[M]>,8<c5[M]>,8<c5[M]>,8<c5[M]>,8<c5[M]>,8<c5[M]>,8<c5[M]>,8<c5[M]>,8<c5[M]>,8<c5[M]>,8<c5[M]>,8<c5[M]>,8<c5[M]>,8<c5[M]>,8<c5[M]>,8<c5[M]>,8<c5[M]>,8<c5[M]>,8<c5[M]>,8<c5[M]>,8<c5[M]>,8<c5[M]>,8<c5[M]>,8<c5[M]>,8<c5[M]>,8<c5[M]>,8<c5[M]>,8<c5[M]>,8<c5[M]>,8<c5[M]>,8<c5[M]>,8<c5[M]>,8<c5[M]>,8<c5[M]>,8<c5[M]>,8<c5[M]>,8<c5[M]>,8<c5[M]>,8<c5[M]>,8<c5[M]>,8<c5[M]>,8<c5[M]>,8<c5[M]>,8<c5[M]>,8<c5[M]>,8<c5[M]>,8<c5[M]>,8<c5[M]>,8<c5[M]>,8<c5[M]>,8<c5[M]>,8<c5[M]>,8<c5[M]>,8<c5[M]>,8<c5[M]>,8<c5[M]>,8<c5[M]>,8<c5[M]>,8<c5[M]>,8<c5[M]>,8<c5[M]>,8<c5[M]>,8<c5[M]>,8<c5[M]>,8<c5[M]>,8<c5[M]>,8<c5[M]>,8<c5[M]>,8<c5[M]>,8<c5[M]>,8<c5[M]>,8<c5[M]>,8<c5[M]>,8<c5[M]>,8<c5[M]>,8<c5[M]>,8<c5[M]>,8<c5[M]>,8<c5[M]>,8<c5[M]>,8<c5[M]>,8<c5[M]>,8<c5[M]>,8<c5[M]>,8<c5[M]>,8<c5[M]>,8<c5[M]>,8<c5[M]>,8<c5[M]>,8<c5[M]>,8<c5[M]>,8<c5[M]>,8<c5[M]>,8<c5[M]>,8<c5[M]>,8<c5[M]>,8<c5[M]>,8<c5[M]>,8<c5[M]>,8<c5[M]>,8<c5[M]>,8<c5[M]>,8<c5[M]>,8<c5[M]>,8<c5[M]>,8<c5[M]>,8<c5[M]>,8<c5[M]>,8<c5[M]>,8<c5[M]>,8<c5[M]>,8<c5[M]>,8<c5[M]>,8<c5[M]>,8<c5[M]>,8<c5[M]>,8<c5[M]>,8<c5[M]>,8<c5[M]>,8<c5[M]>,8<c5[M]>,8<c5[M]>,8<c5[M]>,8<c5[M]>,8<c5[M]>,8<c5[M]>,8<c5[M]>,8<c5[M]>,8<c5[M]>,8<c5[M]>,8<c5[M]>,8<c5[M]>,8<c5[M]>;"],"instruments":["piano","piano","Best_of_me_drum","Best_of_me_drum","bass"],"alternatives":["piano","piano","drum","drum","bass"],"id":2,"bpm":70},{"baseBeats":0.25,"scores":["8<c5[M]>,8<c5[M]>,8<c5[M]>,8<c5[M]>,8<c5[M]>,8<c5[M]>,8<c5[M]>,8<c5[M]>,8<c5[M]>,8<c5[M]>,8<c5[M]>,8<c5[M]>,8<c5[M]>,8<c5[M]>,8<c5[M]>,8<c5[M]>,8<c5[M]>,8<c5[M]>,8<c5[M]>,8<c5[M]>,8<c5[M]>,8<c5[M]>,8<c5[M]>,8<c5[M]>,8<c5[M]>,8<c5[M]>,8<c5[M]>,8<c5[M]>,8<c5[M]>,8<c5[M]>,8<c5[M]>,8<c5[M]>,8<c5[M]>,8<c5[M]>,8<c5[M]>,8<c5[M]>,8<c5[M]>,8<c5[M]>,8<c5[M]>,8<c5[M]>,8<c5[M]>,8<c5[M]>,8<c5[M]>,8<c5[M]>,8<c5[M]>,8<c5[M]>,8<c5[M]>,8<c5[M]>,8<c5[M]>,8<c5[M]>,8<c5[M]>,8<c5[M]>,8<c5[M]>,8<c5[M]>,8<c5[M]>,8<c5[M]>,8<c5[M]>,8<c5[M]>,8<c5[M]>,8<c5[M]>,8<c5[M]>,8<c5[M]>,8<c5[M]>,8<c5[M]>,8<c5[M]>,8<c5[M]>,8<c5[M]>,8<c5[M]>,8<c5[M]>,8<c5[M]>,8<c5[M]>,8<c5[M]>,8<c5[M]>,8<c5[M]>,8<c5[M]>,8<c5[M]>,8<c5[M]>,8<c5[M]>,8<c5[M]>,8<c5[M]>,8<c5[M]>,8<c5[M]>,8<c5[M]>,8<c5[M]>,8<c5[M]>,8<c5[M]>,8<c5[M]>,8<c5[M]>,8<c5[M]>,8<c5[M]>,8<c5[M]>,8<c5[M]>,8<c5[M]>,8<c5[M]>,8<c5[M]>,8<c5[M]>,8<c5[M]>,8<c5[M]>,8<c5[M]>,8<c5[M]>,8<c5[M]>,8<c5[M]>,8<c5[M]>,8<c5[M]>,8<c5[M]>,8<c5[M]>,8<c5[M]>,8<c5[M]>,8<c5[M]>,8<c5[M]>,8<c5[M]>,8<c5[M]>,8<c5[M]>,8<c5[M]>,8<c5[M]>,8<c5[M]>,8<c5[M]>,8<c5[M]>,8<c5[M]>,8<c5[M]>,8<c5[M]>,8<c5[M]>,8<c5[M]>,8<c5[M]>,8<c5[M]>,8<c5[M]>,8<c5[M]>,8<c5[M]>,8<c5[M]>,8<c5[M]>,8<c5[M]>,8<c5[M]>,8<c5[M]>,8<c5[M]>,8<c5[M]>,8<c5[M]>,8<c5[M]>,8<c5[M]>,8<c5[M]>,8<c5[M]>,8<c5[M]>,8<c5[M]>,8<c5[M]>,8<c5[M]>,8<c5[M]>,8<c5[M]>,8<c5[M]>,8<c5[M]>,8<c5[M]>,8<c5[M]>,8<c5[M]>,8<c5[M]>,8<c5[M]>,8<c5[M]>,8<c5[M]>,8<c5[M]>,8<c5[M]>,8<c5[M]>,8<c5[M]>,8<c5[M]>,8<c5[M]>,8<c5[M]>,8<c5[M]>,8<c5[M]>,8<c5[M]>,8<c5[M]>,8<c5[M]>,8<c5[M]>,8<c5[M]>,8<c5[M]>,8<c5[M]>,8<c5[M]>,8<c5[M]>,8<c5[M]>,8<c5[M]>,8<c5[M]>,8<c5[M]>,8<c5[M]>,8<c5[M]>,8<c5[M]>,8<c5[M]>,8<c5[M]>,8<c5[M]>,8<c5[M]>,8<c5[M]>,8<c5[M]>,8<c5[M]>,8<c5[M]>,8<c5[M]>,8<c5[M]>,8<c5[M]>,8<c5[M]>,8<c5[M]>,8<c5[M]>,8<c5[M]>,8<c5[M]>,8<c5[M]>,8<c5[M]>,8<c5[M]>,8<c5[M]>,8<c5[M]>,8<c5[M]>,8<c5[M]>,8<c5[M]>,8<c5[M]>,8<c5[M]>,8<c5[M]>,8<c5[M]>,8<c5[M]>,8<c5[M]>,8<c5[M]>,8<c5[M]>,8<c5[M]>,8<c5[M]>,8<c5[M]>,8<c5[M]>,8<c5[M]>,8<c5[M]>,8<c5[M]>,8<c5[M]>,8<c5[M]>,8<c5[M]>,8<c5[M]>,8<c5[M]>,8<c5[M]>,8<c5[M]>,8<c5[M]>,8<c5[M]>,8<c5[M]>,8<c5[M]>,8<c5[M]>,8<c5[M]>,8<c5[M]>,8<c5[M]>,8<c5[M]>,8<c5[M]>,8<c5[M]>,8<c5[M]>,8<c5[M]>,8<c5[M]>,8<c5[M]>,8<c5[M]>,8<c5[M]>,8<c5[M]>,8<c5[M]>,8<c5[M]>,8<c5[M]>,8<c5[M]>,8<c5[M]>,8<c5[M]>,8<c5[M]>,8<c5[M]>,8<c5[M]>,8<c5[M]>,8<c5[M]>,8<c5[M]>,8<c5[M]>,8<c5[M]>,8<c5[M]>,8<c5[M]>,8<c5[M]>,8<c5[M]>,8<c5[M]>,8<c5[M]>,8<c5[M]>,8<c5[M]>,8<c5[M]>,8<c5[M]>,8<c5[M]>,8<c5[M]>,8<c5[M]>,8<c5[M]>,8<c5[M]>,8<c5[M]>,8<c5[M]>,8<c5[M]>,8<c5[M]>,8<c5[M]>,8<c5[M]>,8<c5[M]>,8<c5[M]>,8<c5[M]>,8<c5[M]>,8<c5[M]>,8<c5[M]>,8<c5[M]>,8<c5[M]>,8<c5[M]>,8<c5[M]>,8<c5[M]>,8<c5[M]>,8<c5[M]>,8<c5[M]>,8<c5[M]>,8<c5[M]>,8<c5[M]>,8<c5[M]>,8<c5[M]>,8<c5[M]>,8<c5[M]>,8<c5[M]>,8<c5[M]>,8<c5[M]>,8<c5[M]>,8<c5[M]>,8<c5[M]>,8<c5[M]>,8<c5[M]>,8<c5[M]>,8<c5[M]>,8<c5[M]>,8<c5[M]>,8<c5[M]>,8<c5[M]>,8<c5[M]>,8<c5[M]>,8<c5[M]>,8<c5[M]>,8<c5[M]>,8<c5[M]>,8<c5[M]>,8<c5[M]>,8<c5[M]>,8<c5[M]>,8<c5[M]>,8<c5[M]>,8<c5[M]>,8<c5[M]>,8<c5[M]>,8<c5[M]>,8<c5[M]>,8<c5[M]>,8<c5[M]>,8<c5[M]>,8<c5[M]>,8<c5[M]>,8<c5[M]>,8<c5[M]>,8<c5[M]>,8<c5[M]>,8<c5[M]>,8<c5[M]>,8<c5[M]>,8<c5[M]>,8<c5[M]>,8<c5[M]>,8<c5[M]>,8<c5[M]>,8<c5[M]>,8<c5[M]>,8<c5[M]>,8<c5[M]>,8<c5[M]>,8<c5[M]>,8<c5[M]>,8<c5[M]>,8<c5[M]>,8<c5[M]>,8<c5[M]>,8<c5[M]>,8<c5[M]>,8<c5[M]>,8<c5[M]>,8<c5[M]>,8<c5[M]>,8<c5[M]>,8<c5[M]>,8<c5[M]>,8<c5[M]>,8<c5[M]>,8<c5[M]>,8<c5[M]>,8<c5[M]>,8<c5[M]>,8<c5[M]>,8<c5[M]>,8<c5[M]>,8<c5[M]>,8<c5[M]>,8<c5[M]>,8<c5[M]>,8<c5[M]>,8<c5[M]>,8<c5[M]>,8<c5[M]>,8<c5[M]>,8<c5[M]>,8<c5[M]>,8<c5[M]>,8<c5[M]>,8<c5[M]>,8<c5[M]>,8<c5[M]>,8<c5[M]>,8<c5[M]>,8<c5[M]>,8<c5[M]>,8<c5[M]>,8<c5[M]>,8<c5[M]>,8<c5[M]>,8<c5[M]>,8<c5[M]>,8<c5[M]>,8<c5[M]>,8<c5[M]>,8<c5[M]>,8<c5[M]>,8<c5[M]>,8<c5[M]>,8<c5[M]>,8<c5[M]>,8<c5[M]>,8<c5[M]>,8<c5[M]>,8<c5[M]>,8<c5[M]>,8<c5[M]>,8<c5[M]>,8<c5[M]>,8<c5[M]>,8<c5[M]>,8<c5[M]>,8<c5[M]>,8<c5[M]>,8<c5[M]>,8<c5[M]>,8<c5[M]>,8<c5[M]>,8<c5[M]>,8<c5[M]>,8<c5[M]>,8<c5[M]>,8<c5[M]>,8<c5[M]>,8<c5[M]>,8<c5[M]>,8<c5[M]>,8<c5[M]>,8<c5[M]>,8<c5[M]>,8<c5[M]>,8<c5[M]>,8<c5[M]>,8<c5[M]>,8<c5[M]>,8<c5[M]>,8<c5[M]>,8<c5[M]>,8<c5[M]>;"],"instruments":["piano","piano","Best_of_me_drum","Best_of_me_drum","bass"],"alternatives":["piano","piano","drum","drum","bass"],"id":3,"bpm":70}],"audition":{"start":[2,7],"end":[2,49]}}