{"baseBpm":120,"musics":[{"bpm":120,"baseBeats":0.75,"scores":["(#D-1.#d)[KLN],(g.#d1)[KL],(#g.c1)[KL],(#g1.c1)[KL],(f1.#g.c1)[KL],(#d1.g.#a)[KL],(f.#g.#d1)[KL],(f.#g.d1)[KL],(f.#g.c1.#D-1.#d)[KL],(f.#g.c1.#D-1.#d)[KL],(f.#g.#a.D-1.d)[KL],(#a.g.#D-1)[LM],(#g.F-1)[LM],(#a.G-1)[KL],#d1[KL],(d1.F-1)[LM],G-1[LM],(c1.#G-1)[KL],#a1[KLN],(#g.#g1.#A-1)[LM],(#a.c)[LM],(#d1.c)[KL],(f1.d)[KL],(d1.#d)[LMN],(#d1.#G-1)[LMN],(g1.#d1.#A-1)[KLM],(f1.d1.#a)[KLM],(#a.g1)[LM],(c1.#g1.#g)[LM],(#a1.#d1.#d.g)[KL],#d2[KL],(c1.c2.#g)[KL],(#g1.#g2.c1.#d)[KL],(f1.f2.#g.c1)[KL],(#d1.#d2.g.#a)[KL],(#d1.#d2.#d.f.#g)[KL],(d1.d2.#d.f.#g)[KL],(c1.c2.#d.g)[KL],(c1.c2.#d.g)[KL],(#a.#a1.d.f)[KLN],(#a.#a1.#d.g)[LMN],(f.#g)[LMN],(#a1.#a.g)[KLN],(#d2.#d1)[KL],(d2.d1)[KLN],(c2.#g.c1)[KLN],#a2[KLN],(#a2.f1)[LM],#g2[LMN],(#g2.d2.f1.#a)[KL],#a[LMN],(#d2.g2)[LMN],(f2.#g2.#a)[LM],(#g1.f2)[LMN],(#g1.f2.#a)[KLM],(g1.#d2.#d1)[KLMN],(#A-2.#A-1)[KLM],(#A-2.#A-1)[KLN],(#d1.#d2)[KL],(f1.f2)[KL],(#d1.#d2)[KL],(d1.d2)[KL],(#A-2.#A-1)[KL],(#A-1.#A-2)[KL],(g2.#d2)[KL],(#g2.f2)[KL],(g2.#d2)[KL],(d2.f2)[LM],(#a2.g2)[LM],(c3.#g2.#A-2.#A-1)[LM],(d3.f2)[LM],(#d3.g2.#A-2.#A-1)[KL],(#A-2.#A-1)[KL],(g3.#a2.#A-2.#A-1)[LMN],(#g2.c3.f3)[LM],(f3.c3.#g2.#A-2.#A-1)[KL],(#d3.#a2.g2.#A-2.#A-1)[KLN],(d3.#g2.f2.#A-2.#A-1)[LM],(#d2.g2.c3)[LMN],(c3.g2.#d2.#A-2.#A-1)[KL],"],"id":1},{"bpm":120,"baseBeats":0.75,"scores":["TV,5<UV>,5<UV>,5<UV>,5<UV>,5<UV>,5<UV>,5<UV>,5<UV>,5<UV>,5<UV>,5<UV>,5<UV>,5<UV>,5<UV>,5<UV>,5<UV>,5<UV>,5<UV>,5<UV>,5<UV>,5<UV>,5<UV>,5<UV>,5<UV>,5<UV>,5<UV>,5<UV>,5<UV>,5<UV>,5<UV>,5<UV>,5<UV>,5<UV>,5<UV>,5<UV>,5<UV>,5<UV>,5<UV>,5<UV>,5<UV>,5<UV>,5<UV>,5<UV>,5<UV>,5<UV>,5<UV>,5<UV>,5<UV>,5<UV>,5<UV>,5<UV>,5<UV>,5<UV>,5<UV>,5<UV>,5<UV>,5<UV>,5<UV>,5<UV>,5<UV>,5<UV>,5<UV>,5<UV>,5<UV>,5<UV>,5<UV>,mute[LM],mute[LM],5<UV>,5<UV>,5<UV>,5<UV>,mute[LM],mute[LM],mute[LM],mute[LM],mute[LM],mute[LM],mute[LM],","(#a2.f2.d2.#A-2.#A-1)[KLM],(a2.f2.#d2.C-1.c)[KLM],(#g2.f2.#a1.D-1)[L],F-1[MN],#G-1[L],#A-1[MN],c[M],#d[MN],g[M],d1[MN],f1[M],#g1[M],#g2[MN],f2[M],d2[M],#a1[MN],#g1[M],f1[M],d1[M],#a[M],#g[M],f[M],d[M],f[M],#g[M],#a[N],d1[M],f1[N],#g1[M],#a1[N],d2[M],f2[N],#g2[IL],(#a1.#d2.g2.#D-1)[M],G-1[N],#A-1[M],#d[N],g[M],#a[N],#d1[M],g1[N],g2[M],#d2[M],#a1[M],g1[M],#d1[M],#a[M],g[M],#d[M],#A-1[M],G-1[M],#A-1[M],#d[M],g[M],#a[N],#d1[M],g1[N],#a1[M],#d2[N],g2[M],#a2[N],#d3[JM],d3[LM],d3[LM],c3[LM],(c3.f.#g.d1)[LM],b2[LM],b2[LM],#a2[LM],#a2[LM],#a2[LM],c3[M],#a2[N],c3[M],#a2[N],c3[M],#a2[N],c3[M],#a2[N],(c3.g.#a)[M],#a2[N],c3[M],#a2[N],(c3.#d1)[M],#a2[N],c3[M],#a2[N],(c3.#d.g)[M],#a2[N],c3[M],#a2[N],(c3.c1)[M],#a2[N],c3[M],#a2[N],(c3.#d1.c1)[M],#a2[N],c3[M],#a2[N],(c3.#g1)[M],#a2[N],c3[M],#a2[N],(c3.c1.#g)[M],#a2[N],c3[M],#a2[N],(c3.f1)[M],#a2[N],c3[M],#a2[N],(c3.#a.g)[M],#a2[N],c3[M],#a2[N],(c3.#d1)[M],#a2[N],c3[M],#a2[N],(c3.f.#g)[M],#a2[N],c3[M],#a2[N],(c3.#d1)[M],#a2[N],c3[M],#a2[N],(c3.f.#g)[M],#a2[N],c3[M],#a2[N],(c3.d1)[M],#a2[N],c3[M],#a2[N],(c3.#d.g)[M],#a2[N],c3[M],#a2[N],(c3.c1)[M],#a2[N],c3[M],#a2[N],(c3.#d.g)[M],#a2[N],c3[M],#a2[N],(c3.c1)[M],#a2[N],c3[M],#a2[N],(c3.d.f)[M],#a2[N],c3[M],#a2[N],(c3.#a)[M],#a2[N],c3[M],#a2[N],(c3.#d.g.c1)[M],#a2[N],c3[M],#a2[N],(c3.f.#g.d1)[M],#a2[N],c3[M],#a2[N],(c3.g.#a)[M],#a2[N],c3[M],#a2[N],(c3.#d1)[M],#a2[N],a2[M],#a2[N],(#d2.g.#a)[LM],#d1[LM],(d2.g.b)[LM],#d1[LM],(c2.c1.#g)[M],d2[N],c2[M],d2[N],(c2.#d1)[M],(c2.d2)[M],#a1[N],c2[N],(#a2.c1.#g)[LM],e1[LM],(#g2.c1.#g)[LM],f1[LM],(#g2.d1.#a)[LM],f1[LM],(d1.#a)[LM],"],"id":2},{"bpm":120,"baseBeats":0.75,"scores":["UV,TW,5<UV>,mute[LM],mute[LM],mute[LM],T,5<UV>,5<UV>,5<UV>,5<UV>,5<UV>,5<UV>,5<UV>,5<UV>,5<UV>,5<UV>,5<UV>,5<UV>,5<UV>,5<UV>,5<UV>,5<UV>,5<UV>,5<UV>,5<UV>,5<UV>,5<UV>,5<UV>,5<UV>,5<UV>,5<UV>,5<UV>,5<UV>,5<UV>,5<UV>,5<UV>,5<UV>,5<UV>,5<UV>,5<UV>,5<UV>,5<UV>,5<UV>,5<UV>,5<UV>,5<UV>,5<UV>,5<UV>,5<UV>,5<UV>,5<UV>,5<UV>,5<UV>,5<UV>,5<UV>,5<UV>,5<UV>,5<UV>,5<UV>,5<UV>,5<UV>,5<UV>,5<UV>,5<UV>,5<UV>,5<UV>,5<UV>,5<UV>,5<UV>,5<UV>,5<UV>,5<UV>,5<UV>,5<UV>,5<UV>,5<UV>,5<UV>,5<UV>,5<UV>,5<UV>,5<UV>,T,5<UV>,TUW,TUW,TUW,TU,TUW,TUW,TUW,TUW,TUW,TUVW,ST,QRST,","f1[LM],(g2.g1.#d1)[LM],(#a2.f2.c1.#g)[L],#g2[MN],(g2.#d2.#a)[LMN],(g1.#d1)[LM],(f2.d2.#a)[LMN],(f1.d1)[LMN],(g2.g1.#d1)[L],#d2[L],(#g2.#g1.f1)[MN],f2[MN],(c3.#d1.g1)[L],b2[MN],(#a2.#a1)[MN],g2[MN],(f3.g1)[MN],e3[MN],(#d3.#a1)[MN],#a2[MN],(d3.#g1)[MN],#c3[MN],(c3.c2)[MN],#g2[MN],(#a3.#g1)[MN],g3[MN],(#g3.c2)[MN],c3[MN],(g3.#g1)[MN],e3[MN],(f3.c2)[MN],#g2[MN],(f3.g1)[MN],d3[MN],(#d3.#a1)[MN],g2[MN],(f3.g1)[MN],d3[MN],(#d3.#a1)[MN],g2[MN],(#d3.f1)[MN],c3[MN],(d3.#g1)[MN],f2[MN],(d3.#f1.#d1)[MN],b2[MN],(c3.a1)[MN],a2[MN],(d3.#f1.#d1)[MN],b2[MN],(c3.a1)[MN],a2[MN],(c3.f1.d1)[MN],b2[L],(#a2.#a1)[MN],f2[MN],(c3.g1.#d1)[MN],#a2[MN],(#d2.#g1.f1)[L],d2[MN],(c3.#a1.g1)[MN],#a2[L],(a2.#d2)[M],#a2[L],(c3.#a1.g1)[M],#a2[L],(f3.#d2)[M],#d3[L],(d3.b1.g1)[M],b2[L],(#d3.f2)[M],d3[L],(d3.c2.#g1)[M],c3[L],(b2.#d2)[M],c3[L],(#a3.c2.#g1)[M],c3[L],(c4.e2)[M],#a3[L],(#a3.c2.#g1)[M],c3[L],(#a3.f2)[M],#g3[L],(#g3.f2.#a1)[M],d3[L],#a3[M],#g3[L],#g3[M],d3[L],(g3.#d2)[M],#d3[L],(#g3.#a1.f2)[M],d3[L],(f3.#g2)[M],d3[L],(f3.#g2.#a1)[M],d3[L],g3[M],f3[L],(#d3.g2.#d2)[M],a2[L],#a2[M],#f2[L],g2[M],d2[L],(#d2.g1.#d1.#a)[M],c3[L],(#a2.f1.#a)[M],d2[L],#a2[M],#g2[L],#g2[M],d2[L],(g2.#d1)[M],#d2[L],(#g2.f1.#a)[M],d2[L],(f2.#g1)[M],d2[L],(f2.#g1.#a)[M],d2[L],g2[M],f2[L],(#d2.g1.#d1)[M],(a1.a)[L],(#a1.#a)[M],(#f1.#f)[L],(g1.g)[M],(d1.d)[L],(#d1.#d)[M],(c1.c)[L],(#a.#A-1)[M],#A-2[L],(d.#a.#G-1)[M],#A-2[L],#G-1[M],#A-2[L],(#d.#a.G-1)[M],#A-2[L],(f.#a.#G-1)[M],#A-2[L],(#g.#a.F-1)[M],#A-2[L],(#a.#g.F-1)[M],#A-2[L],G-1[M],F-1[L],(g.#D-1)[MN],#A-2[MN],F-1[MN],#D-1[MN],(#a.#g.F-1)[MN],#A-2[MN],G-1[L],F-1[MN],(g.#D-1)[KMN],g1[MN],#d2[KLN],c2[KLN],(#g2.#D-1)[KN],d1[L],f1[KL],d1[KLN],(#a1.g2.#D-1)[KM],#d[MN],g[KLN],#d[KLN],(#g1.f2.#D-1)[KM],#A-2[MN],D-1[KLMN],#A-2[JK],(g1.#d2.#D-1)[HIJK],"],"id":3}],"audition":{"start":[0,0],"end":[1,0]}}