{"baseBpm":810,"musics":[{"bpm":810,"baseBeats":1.25,"scores":["(#f.#F-1)[JKMN],(#f.#F-1)[JK],B-2[JK],(#f.b.D-1)[JK],B-2[JK],(#c1.#f.#A-2)[JK],(b.B-2)[KL],(#a.#C-1)[KL],(#f.b.B-2)[JK],(d1.#F-1)[JK],(d1.b.#F-1)[JK],B-2[JK],(b.#f1.D-1)[JK],(#c1.B-2)[KL],d1[KL],(e1.#f1.#A-2)[JK],(d1.B-2)[KL],(#c1.#C-1)[KL],(#f1.d1.B-2)[JK],(#f1.#F-1.#F-2)[JK],(g1.G-2.G-1)[JK],(b1.B-1)[JK],(d2.d)[JK],(b1.B-1)[JK],(e2.e)[JK],(c2.c)[JK],(d2.d)[JK],(g2.g)[JK],(b2.b)[JK],(d3.d1)[JK],(g3.g1)[JK],(b1.d2.G-2.G-1)[JK],(c2.e2.G-2.G-1)[JKN],(a1.#f2.G-2.G-1)[JKN],(g1.g2.G-2.G-1)[JKM],(#f.#F-1)[JKN],(#f.#F-1)[JK],B-2[JK],(#f.b.D-1)[JK],B-2[JK],(#c1.#f.#A-2)[JK],(b.B-2)[KL],(#a.#C-1)[KL],(#f.b.B-2)[JK],(d1.#F-1)[JK],(d1.b.#F-1)[JK],B-2[JK],(b.#f1.D-1)[JK],(#c1.B-2)[KL],d1[KL],(e1.#f1.#A-2)[JK],(d1.B-2)[KL],(#c1.#C-1)[KL],(#f1.d1.B-2)[JK],(#f1.#F-1.#F-2)[JK],(g1.G-2.G-1)[JK],(b1.B-1)[JK],(d2.d)[JK],(b1.B-1)[JK],(e2.e)[JK],(c2.c)[JK],(d2.d)[JK],(g2.g)[JK],(b2.b)[JK],(d3.d1)[JK],(g3.g1)[JK],(b1.d2.G-2.G-1)[JK],(c2.e2.G-2.G-1)[JKM],(a1.#f2.G-2.G-1)[JK],(g1.g2.G-2.G-1)[JKM],B-2[JKM],(b1.B-2)[JK],e1[JK],(b1.g1.E-1)[JK],e1[JK],(b1.a1.#F-1)[JK],(g1.E-1)[KL],(#f1.#D-1)[KL],(b1.g1.E-1)[JK],(b1.B-1)[JK],(b1.B-1)[JK],E-1[JK],(e2.b1.G-1)[JK],E-1[JK],(b1.f2.D-1)[JK],(e2.G-1)[KL],d2[KL],(f2.G-2)[KL],d2[KL],(b1.G-1)[KL],g2[KL],C-1[KL],e2[KL],(c2.G-1)[KL],a2[KL],(f2.G-2)[KL],d2[KL],(b1.G-1)[KL],g2[KL],(e2.C-1)[KL],c2[KL],(g1.G-1)[KL],f2[KL],G-2[KL],d2[KL],(b1.G-1)[KL],g2[KL],C-1[KL],e2[KL],(c2.G-1)[KL],a2[KL],(f2.G-2)[KL],d2[KL],(b1.G-1)[KL],g2[KL],(f2.G-2)[KL],d2[KL],(b2.G-1)[KL],d2[KL],(c3.e2.C-1)[JK],d3[JK],g[KL],b2[KL],(g2.d1)[KL],e3[KL],(c3.d)[KL],a2[KL],(#f2.d1)[KL],d3[KL],(b2.g)[KL],g2[KL],(d2.d1)[KL],c3[KL],d[KL],a2[KL],(#f2.d1)[KL],d3[KL],g[KL],b2[KL],(g2.d1)[KL],e3[KL],(c3.d)[KL],a2[KL],(#f2.d1)[KL],d3[KL],(c3.d)[KLN],a2[KL],(#f3.d1)[KLN],a2[KL],(g3.b2.g)[JKM],(#f.#F-2.#F-1)[JKMN],(#f.#F-2.#F-1)[HHIJKLN],(g.G-1)[JKMN],(g.G-1)[IJLM],(c1.e)[IJLM],(d1.f)[JKLN],(c1.e)[KLMN],(b.d)[KLMN],(c1.c)[I],(#f.#F-2.#F-1)[IN],(#f.#F-2.#F-1)[HHHIMN],#c1[I],#c1[IJLM],#f1[JKN],#F-1[JKN],(g1.#F-1)[JKN],#f1[KL],f1[KLN],(#f1.B-1)[JK],(d1.#f1)[JKM],(e1.#f1.#c)[JK],(d1.B-1)[KLN],(#c1.#A-1)[KL],(b1.d1.B-1)[JKN],B-1[JKN],(c2.B-1)[JKN],b1[KL],#a1[KLN],(b1.e)[JKN],(g1.b1)[JKN],(a1.b1.#f)[JKN],(g1.e)[KL],(#f1.#d)[KLN],(b1.g1.e)[JKN],b1[JK],(b1.e.g)[JKM],b[JK],(e2.e.g)[JKN],b[JKN],(#f2.e.g)[JKN],(e2.b)[KLN],#d2[KL],(e2.e.g)[JKN],(g2.b)[JKN],(#f2.#d.#f)[JK],(b2.b)[JK],(#f2.#d.#f)[JK],(b2.b)[JK],(#f2.#d.#f)[JK],(b2.b)[JK],(a2.#d.#f)[JK],(g2.b)[KL],a2[KL],(b2.e.g)[JK],b[JK],(e3.e.g)[JK],b[JK],(#f3.e.g)[JK],(e3.b)[KL],#d3[KL],(e3.e.g)[JK],(g3.e.b)[JK],(#c3.#a.#f)[JK],(#f3.#c1)[JK],(#c3.#a.#f)[JK],(#f3.#c1)[JK],(#c3.#f.#a)[JK],(#f3.#c1)[JK],(e3.#f.#a)[JK],(#c3.#F-2.#F-1)[JK],(#f.#F-2.#F-1)[JK],B-2[JK],(b.#f.D-1)[JK],B-2[JK],(#c1.#f.#A-2)[JK],(b.B-2)[KL],(#a.#C-1)[KL],(#f.b.B-2)[JK],(b.d1.#F-1)[JK],(d1.b.#F-1)[JK],B-2[JK],(b.#f1.D-1)[JK],(d1.B-2)[JK],(e1.#f1.#A-2)[JK],(d1.B-2)[KL],(#c1.#C-1)[KL],(#f1.d1.B-2)[JK],(#f1.#F-1)[JK],(g1.G-1)[JK],(b1.B-1)[JK],(d2.d)[JK],(b1.B-1)[JK],(#f1.#F-1)[JK],(b1.B-1)[JK],(d2.d)[JK],(b1.B-1)[JK],(e1.E-1)[JK],(b1.B-1)[JK],(d2.d)[JK],(b1.B-1)[JK],(d1.D-1)[JK],(b1.B-1)[JK],(d2.d)[JK],(b1.B-1)[JK],(b1.B-1)[JK],(d2.d)[JK],(#f2.#f)[JK],(d2.d)[JK],(g2.g)[JK],(e2.e)[JK],(#f2.#f)[JK],(b2.b)[JK],(d3.d1)[JK],(#f3.#f1)[JK],(b3.b1)[JK],(#f2.#f)[JK],(#f2.#f)[JK],(#a1.#a2.#F-1.#f)[JK],(b2.b1.B-2.B-1)[JK],(b1.B-1)[JK],(b1.B-2)[JK],e1[JK],(b1.g1.E-1)[JK],e1[JK],(b1.a1.#F-1)[JK],(g1.E-1)[KL],(#f1.#D-1)[KL],(b1.g1.E-1)[JK],(b1.B-1)[JK],(b1.B-1)[JK],E-1[JK],(e2.b1.G-1)[JK],E-1[JK],(b1.f2.D-1)[JK],(e2.G-1)[KL],d2[KL],(f2.G-2)[KL],d2[KL],(b1.G-1)[KL],g2[KL],C-1[KL],e2[KL],(c2.G-1)[KL],a2[KL],(f2.G-2)[KL],d2[KL],(b1.G-1)[KL],g2[KL],(e2.C-1)[KL],c2[KL],(g1.G-1)[KL],f2[KL],G-2[KL],d2[KL],(b1.G-1)[KL],g2[KL],C-1[KL],e2[KL],(c2.G-1)[KL],a2[KL],(f2.G-2)[KL],d2[KL],(b1.G-1)[KL],g2[KL],(f2.G-2)[KL],d2[KL],(b2.G-1)[KL],d2[KL],(c3.e2.C-1)[JK],d3[JK],g[KL],b2[KL],(g2.d1)[KL],e3[KL],(c3.d)[KL],a2[KL],(#f2.d1)[KL],d3[KL],(b2.g)[KL],g2[KL],(d2.d1)[KL],c3[KL],d[KL],a2[KL],(#f2.d1)[KL],d3[KL],g[KL],b2[KL],(g2.d1)[KL],e3[KL],(c3.d)[KL],a2[KL],(#f2.d1)[KL],d3[KL],(c3.d)[KL],"],"id":1},{"bpm":810,"baseBeats":1.25,"scores":["a2[KLN],(#f3.d1)[KL],a2[KLN],(g3.b2.g)[JKM],(#f.#F-2.#F-1)[JKMN],(#f.#F-2.#F-1)[HHIJKLN],(g.G-1)[JKMN],(g.G-1)[IJLM],(c1.e)[IJLM],(d1.f)[JKLN],(c1.e)[KLMN],(b.d)[KLMN],(c1.c)[I],(#f.#F-2.#F-1)[I],(#f.#F-2.#F-1)[HHHIMN],#c1[IN],#c1[IJLM],#f1[JK],#F-1[JKM],(g1.#F-1)[JK],#f1[KLN],f1[KL],(#f1.B-1)[JKN],(d1.#f1)[JKN],(e1.#f1.#c)[JKN],(d1.B-1)[KL],(#c1.#A-1)[KLN],(b1.d1.B-1)[JKN],B-1[JKN],(c2.B-1)[JKN],b1[KL],#a1[KLN],(b1.e)[JKN],(g1.b1)[JK],(a1.b1.#f)[JKM],(g1.e)[KL],(#f1.#d)[KL],(b1.g1.e)[JKN],b1[JKN],(b1.e.g)[JKN],b[JKN],(e2.e.g)[JKN],b[JKN],(#f2.e.g)[JKN],(e2.b)[KL],#d2[KLN],(e2.e.g)[JKN],(g2.b)[JKN],(#f2.#d.#f)[JK],(b2.b)[JKM],(#f2.#d.#f)[JK],(b2.b)[JK],(#f2.#d.#f)[JK],(b2.b)[JK],(a2.#d.#f)[JK],(g2.b)[KL],a2[KL],(b2.e.g)[JK],b[JK],(e3.e.g)[JK],b[JK],(#f3.e.g)[JK],(e3.b)[KL],#d3[KL],(e3.e.g)[JK],(g3.e.b)[JK],(#c3.#a.#f)[JK],(#f3.#c1)[JK],(#c3.#a.#f)[JK],(#f3.#c1)[JK],(#c3.#f.#a)[JK],(#f3.#c1)[JK],(e3.#f.#a)[JK],(#c3.#F-2.#F-1)[JK],(#f.#F-2.#F-1)[JK],B-2[JK],(b.#f.D-1)[JK],B-2[JK],(#c1.#f.#A-2)[JK],(b.B-2)[KL],(#a.#C-1)[KL],(#f.b.B-2)[JK],(b.d1.#F-1)[JK],(d1.b.#F-1)[JK],B-2[JK],(b.#f1.D-1)[JK],(d1.B-2)[JK],(e1.#f1.#A-2)[JK],(d1.B-2)[KL],(#c1.#C-1)[KL],(#f1.d1.B-2)[JK],(#f1.#F-1)[JK],(g1.G-1)[JK],(b1.B-1)[JK],(d2.d)[JK],(b1.B-1)[JK],(#f1.#F-1)[JK],(b1.B-1)[JK],(d2.d)[JK],(b1.B-1)[JK],(e1.E-1)[JK],(b1.B-1)[JK],(d2.d)[JK],(b1.B-1)[JK],(d1.D-1)[JK],(b1.B-1)[JK],(d2.d)[JK],(b1.B-1)[JK],(b1.B-1)[JK],(d2.d)[JK],(#f2.#f)[JK],(d2.d)[JK],(g2.g)[JK],(e2.e)[JK],(#f2.#f)[JK],(b2.b)[JK],(d3.d1)[JK],(#f3.#f1)[JK],(b3.b1)[JK],(#f2.#f)[JKN],(#f2.#f)[JKM],(#a1.#a2.#F-1.#f)[JKMN],(b2.b1.B-2.B-1)[I],#F-1[IN],B-2[JKN],b1[JKN],#d2[JKN],(#f2.#F-1)[JKN],B-2[JKN],#f2[JK],e2[JKM],(#d2.#F-1)[JK],B-2[JKN],#d2[JKN],#c2[JKN],(b1.#F-1)[JKN],B-2[JKN],b1[JKN],#a1[JKN],(#g1.#F-1)[JKN],B-2[JKN],#f1[JKN],#g1[JK],(#a1.#F-1)[JKM],B-2[JK],#a1[JKN],b1[JKN],(#c2.#F-1)[JKN],B-2[JKN],#c2[JKN],#d2[JKN],(e2.#F-1)[JKN],B-2[JKN],#d2[JKN],#a2[JKN],(b2.B-1.#F-1)[JK],B-2[JKM],b2[JK],#d3[JKN],(#f3.B-1.#F-1)[JKN],B-2[JKN],#f3[JKN],e3[JKN],(#d3.B-1.#F-1)[JKN],B-2[JKN],#d3[JKN],#c3[JKN],(b2.B-1.#F-1)[JKN],B-2[JK],b2[JKM],#a2[JK],(#g2.B-1.#F-1)[JKN],B-2[JKN],#f2[JKN],#g2[JKN],(#a2.B-1.#F-1)[JKN],B-2[JKN],#a2[JKN],b2[JKN],(#c3.B-1.#F-1)[JKN],B-2[JKN],#c3[JK],#d3[JKM],(e3.B-1.#F-1)[JK],B-2[JKN],#d3[JKM],#a3[JKMN],(b3.#F-1.B-1)[JKLM],(#F-1.#f)[HILMN],(c1.c)[HIK],(e2.#c.#c1)[HIK],(e1.g1.#a1)[HKLN],#F-1[JKM],B-2[JKN],b1[JKN],#d2[JKN],(#f2.#F-1)[JKN],B-2[JKN],#f2[JKN],e2[JKN],(#d2.#F-1)[JKN],B-2[JKN],#d2[JKN],#c2[JK],(b1.#F-1)[JKM],B-2[JK],b1[JKN],#a1[JKN],(#g1.#F-1)[JKN],B-2[JKN],#f1[JKN],#g1[JKN],(#a1.#F-1)[JKN],B-2[JKN],#a1[JKN],b1[JKN],(#c2.#F-1)[JK],B-2[JKM],#c2[JK],#d2[JKN],(e2.#F-1)[JKN],B-2[JKN],#d2[JKN],#a2[JKN],(b2.B-1.#F-1)[JKN],B-2[JKN],b2[JKN],#d3[JKN],(#f3.B-1.#F-1)[JKN],B-2[JK],#f3[JKM],e3[JK],(#d3.B-1.#F-1)[JKN],B-2[JKN],#d3[JKN],#c3[JKN],(b2.B-1.#F-1)[JKN],B-2[JKN],b2[JKN],#a2[JKN],(#g2.B-1.#F-1)[JKN],B-2[JKN],#f2[JK],#g2[JKM],(#a2.B-1.#F-1)[JK],B-2[JKN],#a2[JKN],b2[JKN],(#c3.B-1.#F-1)[JKN],B-2[JKN],#c3[JKN],#d3[JKN],(e3.B-1.#F-1)[JKN],B-2[JKN],#d3[JKN],#a3[JKM],(b3.B-1.#F-1)[JKM],(#g3.E-1)[JKM],b2[JK],#d3[JKN],(e3.B-2)[JKN],(#d3.B-1.#F-1)[JKM],#f3[JKM],#a3[JKMN],(b3.B-2)[IN],(#g3.E-1.B-1)[JKM],b2[JKN],#d3[JKM],(e3.B-2)[JKM],(#d3.B-1.#F-1)[JKMN],#f3[JKMN],#a3[JKL],(b3.B-2)[IN],B-2[JKLN],#d3[JKLM],e3[JKMN],(#f3.B-1.#F-1)[JKMN],B-2[JKN],b2[JK],#c3[JKM],(#d3.B-1.#F-1)[JK],B-2[JKN],#f2[JKN],e3[JKN],(#c3.B-1.#F-1)[JKN],B-2[JKN],#c3[JKN],#a2[JKN],(b2.B-1.#F-1)[IJM],#d2[JKN],e2[JK],(#f2.B-1.#F-1)[JKM],B-2[JK],b1[JKN],#c2[JKN],(#d2.B-1.#F-1)[JKN],B-2[JKN],#f1[JKN],e2[JKN],(#c2.B-1.#F-1)[JKN],B-2[JKM],#c2[JKM],#a1[JKMN],(b1.B-1.#F-1)[JKMN],B-2[JKLN],#f1[JKLM],e2[I],(#c2.#F-1.B-1)[HIJMN],(#F-1.B-1)[JKN],B-2[JKN],#c2[JKN],#a1[JKN],(b1.#F-1.B-1)[JKN],B-2[JKN],#f1[JKN],e2[JK],(#c2.#F-1.B-1)[JKM],B-2[JK],#c2[JKM],#a1[JK],(b1.#F-1.B-1)[JKN],B-2[JKM],(#d1.b1)[JKM],b[JKMN],(#f.#F-1)[JKMN],(#f.#F-1)[JK],B-2[JK],(#f.b.D-1)[JK],B-2[JK],(#c1.#f.#A-2)[JK],(b.B-2)[KL],(#a.#C-1)[KL],(#f.b.B-2)[JK],(d1.#F-1)[JK],(d1.b.#F-1)[JK],B-2[JK],(b.#f1.D-1)[JK],(#c1.B-2)[KL],d1[KL],(e1.#f1.#A-2)[JK],(d1.B-2)[KL],(#c1.#C-1)[KL],(#f1.d1.B-2)[JK],(#f1.#F-1.#F-2)[JK],(g1.G-2.G-1)[JK],(b1.B-1)[JK],(d2.d)[JK],(b1.B-1)[JK],(e2.e)[JK],(c2.c)[JK],(d2.d)[JK],(g2.g)[JK],(b2.b)[JK],(d3.d1)[JK],(g3.g1)[JK],(b1.d2.G-2.G-1)[JK],(c2.e2.G-2.G-1)[JK],(a1.#f2.G-2.G-1)[JK],(g1.g2.G-2.G-1)[JK],(#f.#F-1)[JK],(#f.#F-1)[JK],B-2[JK],(#f.b.D-1)[JK],B-2[JK],(#c1.#f.#A-2)[JK],(b.B-2)[KL],(#a.#C-1)[KL],(#f.b.B-2)[JK],(d1.#F-1)[JK],(d1.b.#F-1)[JK],B-2[JK],(b.#f1.D-1)[JK],(#c1.B-2)[KL],d1[KL],(e1.#f1.#A-2)[JK],(d1.B-2)[KL],(#c1.#C-1)[KL],(#f1.d1.B-2)[JK],(#f1.#F-1.#F-2)[JK],(g1.G-2.G-1)[JK],(b1.B-1)[JK],(d2.d)[JK],(b1.B-1)[JK],(e2.e)[JK],(c2.c)[JK],(d2.d)[JK],(g2.g)[JK],(b2.b)[JK],(d3.d1)[JK],(g3.g1)[JK],(b1.d2.G-2.G-1)[JK],(c2.e2.G-2.G-1)[JK],(a1.#f2.G-2.G-1)[JK],(g1.g2.G-2.G-1)[JK],B-2[JK],(b1.B-2)[JK],e1[JK],(b1.g1.E-1)[JK],e1[JK],(b1.a1.#F-1)[JK],(g1.E-1)[KL],(#f1.#D-1)[KL],(b1.g1.E-1)[JK],(b1.B-1)[JK],(b1.B-1)[JK],E-1[JK],(e2.b1.G-1)[JK],E-1[JK],(b1.f2.D-1)[JK],(e2.G-1)[KL],d2[KL],(f2.G-2)[KL],d2[KL],(b1.G-1)[KL],g2[KL],C-1[KL],e2[KL],"],"id":2},{"bpm":810,"baseBeats":1.25,"scores":["(c2.G-1)[KL],a2[KL],(f2.G-2)[KL],d2[KL],(b1.G-1)[KL],g2[KL],(e2.C-1)[KL],c2[KL],(g1.G-1)[KL],f2[KL],G-2[KL],d2[KL],(b1.G-1)[KL],g2[KL],C-1[KL],e2[KL],(c2.G-1)[KL],a2[KL],(f2.G-2)[KL],d2[KL],(b1.G-1)[KL],g2[KL],(f2.G-2)[KL],d2[KL],(b2.G-1)[KL],d2[KL],(c3.e2.C-1)[JK],d3[JK],g[KL],b2[KL],(g2.d1)[KL],e3[KL],(c3.d)[KL],a2[KL],(#f2.d1)[KL],d3[KL],(b2.g)[KL],g2[KL],(d2.d1)[KL],c3[KL],d[KL],a2[KL],(#f2.d1)[KL],d3[KL],g[KL],b2[KL],(g2.d1)[KL],e3[KL],(c3.d)[KL],a2[KL],(#f2.d1)[KL],d3[KL],(c3.d)[KLN],a2[KL],(#f3.d1)[KLN],a2[KLN],(g3.b2.g)[JKMN],(#f.#F-2.#F-1)[JKMN],(#f.#F-2.#F-1)[HHIJKLN],(g.G-1)[JKMN],(g.G-1)[IJLM],(c1.e)[IJLM],(d1.f)[JKL],(c1.e)[KLM],(b.d)[KLM],(c1.c)[JKLM],(#f.#F-2.#F-1)[JKLN],(#f.#F-2.#F-1)[HHHKLM],#c1[JKLM],#c1[IJM],#f1[JKN],#F-1[JK],(g1.#F-1)[JKM],#f1[KL],f1[KL],(#f1.B-1)[JKN],(d1.#f1)[JKN],(e1.#f1.#c)[JKN],(d1.B-1)[KLN],(#c1.#A-1)[KL],(b1.d1.B-1)[JKN],B-1[JKN],(c2.B-1)[JKN],b1[KL],#a1[KLN],(b1.e)[JKN],(g1.b1)[JKN],(a1.b1.#f)[JK],(g1.e)[KLN],(#f1.#d)[KLN],(b1.g1.e)[JK],b1[JKN],(b1.e.g)[JKN],b[JKN],(e2.e.g)[JKN],b[JKN],(#f2.e.g)[JKN],(e2.b)[KL],#d2[KLN],(e2.e.g)[JK],(g2.b)[JK],(#f2.#d.#f)[JK],(b2.b)[JK],(#f2.#d.#f)[JK],(b2.b)[JK],(#f2.#d.#f)[JK],(b2.b)[JK],(a2.#d.#f)[JK],(g2.b)[KL],a2[KL],(b2.e.g)[JK],b[JK],(e3.e.g)[JK],b[JK],(#f3.e.g)[JK],(e3.b)[KL],#d3[KL],(e3.e.g)[JK],(g3.e.b)[JK],(#c3.#a.#f)[JK],(#f3.#c1)[JK],(#c3.#a.#f)[JK],(#f3.#c1)[JK],(#c3.#f.#a)[JK],(#f3.#c1)[JK],(e3.#f.#a)[JK],(#c3.#F-2.#F-1)[JK],(#f.#F-2.#F-1)[JK],B-2[JK],(b.#f.D-1)[JK],B-2[JK],(#c1.#f.#A-2)[JK],(b.B-2)[KL],(#a.#C-1)[KL],(#f.b.B-2)[JK],(b.d1.#F-1)[JK],(d1.b.#F-1)[JK],B-2[JK],(b.#f1.D-1)[JK],(d1.B-2)[JK],(e1.#f1.#A-2)[JK],(d1.B-2)[KL],(#c1.#C-1)[KL],(#f1.d1.B-2)[JK],(#f1.#F-1)[JK],(g1.G-1)[JK],(b1.B-1)[JK],(d2.d)[JK],(b1.B-1)[JK],(#f1.#F-1)[JK],(b1.B-1)[JK],(d2.d)[JK],(b1.B-1)[JK],(e1.E-1)[JK],(b1.B-1)[JK],(d2.d)[JK],(b1.B-1)[JK],(d1.D-1)[JK],(b1.B-1)[JK],(d2.d)[JK],(b1.B-1)[JK],(b1.B-1)[JK],(d2.d)[JK],(#f2.#f)[JK],(d2.d)[JK],(g2.g)[JK],(e2.e)[JK],(#f2.#f)[JK],(b2.b)[JK],(d3.d1)[JK],(#f3.#f1)[JK],(b3.b1)[JKN],(#f2.#f)[JKN],(#f2.#f)[JKN],(#a1.#a2.#F-1.#f)[JKM],(b2.b1.B-2.B-1)[JKL],(#f1.#F-1)[JKM],(g1.G-1)[JKM],(b1.B-1)[JK],(d2.d)[JK],(b1.B-1)[JK],(#f1.#F-1)[JK],(b1.B-1)[JK],(d2.d)[JK],(b1.B-1)[JK],(e1.E-1)[JKN],(b1.B-1)[JKN],(d2.d)[JKN],(b1.B-1)[JKN],(d1.D-1)[JKM],(b1.B-1)[JKM],(d2.d)[JKMN],(b1.B-1)[HHHIKMN],#F-1[JKLM],B-2[JKN],b1[JKN],#d2[JKN],(#f2.#F-1)[JKN],B-2[JK],#f2[JKM],e2[JK],(#d2.#F-1)[JKN],B-2[JKN],#d2[JKN],#c2[JKN],(b1.#F-1)[JKN],B-2[JKN],b1[JKN],#a1[JKN],(#g1.#F-1)[JKN],B-2[JKN],#f1[JK],#g1[JKM],(#a1.#F-1)[JK],B-2[JKN],#a1[JKN],b1[JKN],(#c2.#F-1)[JKN],B-2[JKN],#c2[JKN],#d2[JKN],(e2.#F-1)[JKN],B-2[JKN],#d2[JKN],#a2[JK],(b2.B-1.#F-1)[JKM],B-2[JK],b2[JKN],#d3[JKN],(#f3.B-1.#F-1)[JKN],B-2[JKN],#f3[JKN],e3[JKN],(#d3.B-1.#F-1)[JKN],B-2[JKN],#d3[JKN],#c3[JKN],(b2.B-1.#F-1)[JK],B-2[JKM],b2[JK],#a2[JKN],(#g2.B-1.#F-1)[JKN],B-2[JKN],#f2[JKN],#g2[JKN],(#a2.B-1.#F-1)[JKN],B-2[JKN],#a2[JKN],b2[JKN],(#c3.B-1.#F-1)[JKN],B-2[JK],#c3[JKM],#d3[JK],(e3.B-1.#F-1)[JKN],B-2[JKM],#d3[JKM],#a3[JKMN],(b3.#F-1.B-1)[I],(#F-1.#f)[HIKL],(c1.c)[HIKL],(e2.#c.#c1)[HIKL],(e1.g1.#a1)[HJM],#F-1[JKM],B-2[JKM],b1[JK],#d2[JKN],(#f2.#F-1)[JKN],B-2[JKN],#f2[JKN],e2[JKN],(#d2.#F-1)[JKN],B-2[JKN],#d2[JKN],#c2[JKN],(b1.#F-1)[JKN],B-2[JK],b1[JKM],#a1[JK],(#g1.#F-1)[JKN],B-2[JKN],#f1[JKN],#g1[JKN],(#a1.#F-1)[JKN],B-2[JKN],#a1[JKN],b1[JKN],(#c2.#F-1)[JKN],B-2[JKN],#c2[JK],#d2[JKM],(e2.#F-1)[JK],B-2[JKN],#d2[JKN],#a2[JKN],(b2.B-1.#F-1)[JKN],B-2[JKN],b2[JKN],#d3[JKN],(#f3.B-1.#F-1)[JKN],B-2[JKN],#f3[JKN],e3[JK],(#d3.B-1.#F-1)[JKM],B-2[JK],#d3[JKN],#c3[JKN],(b2.B-1.#F-1)[JKN],B-2[JKN],b2[JKN],#a2[JKN],(#g2.B-1.#F-1)[JKN],B-2[JKN],#f2[JKN],#g2[JKN],(#a2.B-1.#F-1)[JK],B-2[JKM],#a2[JK],b2[JKN],(#c3.B-1.#F-1)[JKN],B-2[JKN],#c3[JKN],#d3[JKN],(e3.B-1.#F-1)[JKN],B-2[JKM],#d3[JKM],#a3[JKMN],(b3.B-1.#F-1)[JKLN],(#g3.E-1)[JKN],b2[JKN],#d3[JKN],(e3.B-2)[JKN],(#d3.B-1.#F-1)[JKMN],#f3[JKMN],#a3[JKLM],(b3.B-2)[I],(#g3.E-1.B-1)[JKN],b2[JKN],#d3[JK],(e3.B-2)[JKM],(#d3.B-1.#F-1)[JKM],#f3[JKL],#a3[JKLN],(b3.B-2)[I],B-2[JKMN],#d3[JKMN],e3[JKN],(#f3.B-1.#F-1)[JKN],B-2[JKN],b2[JKN],#c3[JKN],(#d3.B-1.#F-1)[JKN],B-2[JKN],#f2[JKN],e3[JKN],(#c3.B-1.#F-1)[JK],B-2[JKM],#c3[JK],#a2[JKN],(b2.B-1.#F-1)[IJM],#d2[JKN],e2[JKN],(#f2.B-1.#F-1)[JKN],B-2[JKN],b1[JKN],#c2[JKN],(#d2.B-1.#F-1)[JKN],B-2[JK],#f1[JKM],e2[JK],(#c2.B-1.#F-1)[JKN],B-2[JKN],#c2[JKN],#a1[JKN],(b1.B-1.#F-1)[JKN],B-2[JKMN],#f1[JKMN],e2[JKLN],(#c2.#F-1.B-1)[HHM],(#F-1.B-1)[I],B-2[JKL],#c2[JKM],#a1[JKL],(b1.#F-1.B-1)[JKM],B-2[JKL],#f1[JKM],e2[JKL],(#c2.#F-1.B-1)[JKM],B-2[JKLN],#c2[JKL],#a1[JKL],(b1.#F-1.B-1)[JKL],B-2[JKLM],(#d1.b1)[IK],b[HHHHHHIJKLM],"],"id":3}],"audition":{"start":[0,0],"end":[1,0]}}