{"baseBpm":540,"musics":[{"bpm":540,"baseBeats":1,"scores":["TU,TU,TU,TU,TU,TU,TU,TU,TU,TU,TU,TU,TU,TU,TU,TU,TU,TU,TU,TU,TU,TU,TU,TU,TU,TU,TU,TU,TU,TU,TU,TU,TU,TU,TU,TU,TU,TU,TU,TU,TU,TU,TU,TU,RS,TU,TU,TU,TU,TU,TU,TU,TU,TU,TU,TU,TU,TU,TU;","(d2.#f.d)[KL],a[KL],A-1[KL],a[KL],(#f.d)[KL],a[KL],(#c2.g.e)[KL],a[KL],(a2.A-1)[KL],a[KL],(#c2.g.e)[KL],a[KL],(#c2.g.e)[KL],a[KL],A-1[KL],a[KL],(g.e)[KL],a[KL],(d2.#f.d)[KL],a[KL],(a2.A-1)[KL],a[KL],(d2.#f.d)[KL],a[KL],(d2.#f.d)[KL],a[KL],A-1[KL],a[KL],(#f.d)[KL],a[KL],(#c2.g.e)[KL],a[KL],(a2.A-1)[KL],a[KL],(#c2.g.e)[KL],a[KL],(#c2.g.e)[KL],a[KL],(b2.A-1)[KL],a[KL],(#c2.g.e)[KL],a[KL],(d2.#f)[KL],a[KL],d[IJ],(d2.#f.d)[KL],a[KL],A-1[KL],a[KL],(#f.d)[KL],a[KL],(#c2.g.e)[KL],a[KL],(a2.A-1)[KL],a[KL],(#c2.g.e)[KL],a[KL],(#c2.g.e)[KL],a[KL];"],"id":1,"instruments":["piano","piano"],"alternatives":["",""]},{"bpm":540,"baseBeats":1,"scores":["TU,TU,TU,TU,TU,TU,TU,TU,TU,TU,TU,TU,TU,TU,TU,TU,TU,TU,TU,TU,TU,TU,TU,TU,TU,TU,TU,TU,TU,TU,RS,TU,TU,TU,TU,TU,TU,TU,TU,TU,TU,TU,TU,TU,TU,TU,TU,TU;","A-1[KL],a[KL],(g.e)[KL],a[KL],(d2.#f.d)[KL],a[KL],(a2.A-1)[KL],a[KL],(d2.#f.d)[KL],a[KL],(d2.#f.d)[KL],a[KL],A-1[KL],a[KL],(#f.d)[KL],a[KL],(#c2.g.e)[KL],a[KL],(a2.A-1)[KL],a[KL],(#c2.g.e)[KL],a[KL],(#c2.g.e)[KL],a[KL],(b2.A-1)[KL],a[KL],(#c2.g.e)[KL],a[KL],(d2.#f)[KL],a[KL],d[IJ],(#f2.#f.#a)[KL],(f2.#c1)[KL],(#f2.#f1)[KL],(e2.#c1)[KL],(d2.#f.#a)[KL],(#c2.#c1)[KL],(b1.#f.b)[KL],(#a1.d1)[KL],(b1.#f1)[KL],(#c2.d1)[KL],(d2.#f.b)[KL],(e2.d1)[KL],(#f2.#f.#a)[KL],(f2.#c1)[KL],(#f2.#f1)[KL],(e2.#c1)[KL],(d2.#f.#a)[KL];"],"id":2,"instruments":["piano","piano"],"alternatives":["",""]},{"bpm":540,"baseBeats":1,"scores":["TU,TU,TU,TU,TU,TU,TU,TU,TU,TU,TU,TU,TU,TU,TU,TU,TU,TU,TU,TU,TU,TU,TU,TU,TU,ST,RS,TU,TU,TU,TU,TU,TU,TU,TU,TU,TU,TU,TU,TU,TU,TU,TU,TU,TU,TU,TU,TU,TU,TU,TU,TU,TU,TU,TU,TU,TU,TU,TU,TU,TU,TU,TU,TU,TU,TU,TU,TU,TU,ST,QQ,ST;","(#c2.#c1)[KL],(b1.b.d1)[KL],#c2[KL],d2[KL],e2[KL],#f2[KL],g2[KL],(a2.A-1.#c)[KL],(#g2.e)[KL],(a2.a)[KL],(g2.e)[KL],(#f2.A-1.#c)[KL],(e2.e)[KL],(d2.A-1.d)[KL],(#c2.#f)[KL],(d2.a)[KL],(e2.#f)[KL],(#f2.A-1.d)[KL],(g2.#f)[KL],(a2.A-1.#c)[KL],(b2.e)[KL],(g2.a)[KL],(e2.e)[KL],(#c2.A-1.#c)[KL],(a2.e)[KL],(d2.#f.d)[JK],d1[IJ],(#f2.#f.#a)[KL],(f2.#c1)[KL],(#f2.#f1)[KL],(e2.#c1)[KL],(d2.#f.#a)[KL],(#c2.#c1)[KL],(b1.#f.b)[KL],(#a1.d1)[KL],(b1.#f1)[KL],(#c2.d1)[KL],(d2.#f.b)[KL],(e2.d1)[KL],(#f2.#f.#a)[KL],(f2.#c1)[KL],(#f2.#f1)[KL],(e2.#c1)[KL],(d2.#f.#a)[KL],(#c2.#c1)[KL],(b1.b.d1)[KL],#c2[KL],d2[KL],e2[KL],#f2[KL],g2[KL],(a2.A-1.#c)[KL],(#g2.e)[KL],(a2.a)[KL],(g2.e)[KL],(#f2.A-1.#c)[KL],(e2.e)[KL],(d2.A-1.d)[KL],(#c2.#f)[KL],(d2.a)[KL],(e2.#f)[KL],(#f2.A-1.d)[KL],(g2.#f)[KL],(a2.A-1.#c)[KL],(b2.e)[KL],(g2.a)[KL],(e2.e)[KL],(#c2.A-1.#c)[KL],(a2.e)[KL],(d2.#f.d)[JK],d1[HH],ST;"],"id":3,"instruments":["piano","piano"],"alternatives":["",""]}],"audition":{"start":[0,0],"end":[2,71]}}