{"baseBpm":540,"musics":[{"bpm":540,"baseBeats":1,"scores":["ST,RS,TU,TU,RS,TU,TU,TU,TU,TU,TU,TU,TU,TU,TU,TU,TU,TU,TU,RS,TU,TU,RS,TU,TU,TU,TU,TU,TU,TU,TU,ST,ST,ST,RS,TU,TU,RS,TU,TU,TU,TU,TU,TU,TU;","(d1.d)[JK],(a.A-1)[IJ],(b.B-1)[KL],(#c1.#c)[KL],(d1.d)[IJ],(#f2.a.#f.d)[KL],d2[KL],(g2.a.g.d.e)[KL],e2[KL],#c2[KL],a1[KL],(a2.a.g.e.d)[KL],#f2[KL],(d2.a.#f.d)[KL],a1[KL],#f1[KL],d1[KL],(#f1.#f)[KL],(d1.d)[KL],(a.A-1)[IJ],(b.B-1)[KL],(#c1.#c)[KL],(d1.d)[IJ],(#f2.a.#f.d)[KL],d2[KL],(g2.a.g.d.e)[KL],e2[KL],#c2[KL],a1[KL],(a2.a.g.e.d)[KL],#f2[KL],(d2.a.#f.d)[JK],d1[JK],(d1.d)[JK],(a.A-1)[IJ],(b.B-1)[KL],(#c1.#c)[KL],(d1.d)[IJ],(#f2.a.#f.d)[KL],d2[KL],(g2.a.g.d.e)[KL],e2[KL],#c2[KL],a1[KL],(a2.a.g.e.d)[KL];"],"id":1,"instruments":["piano","piano"],"alternatives":["",""]},{"bpm":540,"baseBeats":1,"scores":["TU,TU,TU,TU,TU,TU,TU,RS,TU,TU,RS,TU,TU,TU,TU,TU,TU,TU,TU,ST,ST,TU,TU,TU,TU,TU,TU,TU,TU,TU,TU,TU,TU,TU,TU,TU,TU,TU,TU,TU,TU,TU,TU,TU,TU;","#f2[KL],(d2.a.#f.d)[KL],a1[KL],#f1[KL],d1[KL],(#f1.#f)[KL],(d1.d)[KL],(a.A-1)[IJ],(b.B-1)[KL],(#c1.#c)[KL],(d1.d)[IJ],(#f2.a.#f.d)[KL],d2[KL],(g2.a.g.d.e)[KL],e2[KL],#c2[KL],a1[KL],(a2.a.g.e.d)[KL],#f2[KL],(d2.a.#f.d)[JK],d1[JK],(a2.d1.c1.d)[KL],#f2[KL],(b2.d1.b.g)[KL],g2[KL],d2[KL],a2[KL],(#f2.d1.c1.g)[KL],d2[KL],(g2.d1.b.g)[KL],d2[KL],b1[KL],a2[KL],(#f2.d1.c1.g)[KL],d2[KL],(b2.d1.b.g)[KL],g2[KL],d2[KL],c3[KL],(a2.d1.c1.g)[KL],#f2[KL],(d3.d1.b.g)[KL],b2[KL],g2[KL],a2[KL];"],"id":2,"instruments":["piano","piano"],"alternatives":["",""]},{"bpm":540,"baseBeats":1,"scores":["TU,TU,TU,TU,TU,TU,TU,TU,TU,TU,TU,TU,TU,TU,TU,TU,TU,TU,TU,TU,ST,ST,TU,TU,TU,TU,TU,TU,TU,TU,TU,TU,TU,TU,TU,TU,TU,TU,TU,TU,TU,TU,TU,TU,TU,TU,TU,TU,TU,TU,TU,TU,TU,TU,TU,TU,TU,TU,TU,TU,TU,TU,TU,TU,TU,TU,ST,QR;ST,","(#f2.d1.c1.g)[KL],d2[KL],(b2.d1.b.g)[KL],g2[KL],d2[KL],a2[KL],(#f2.d1.c1.g)[KL],d2[KL],(g2.d1.b.g)[KL],d2[KL],b1[KL],a2[KL],(#f2.d1.c1.g)[KL],d2[KL],(b2.g)[KL],g2[KL],(e2.G-1)[KL],#c2[KL],(a1.A-1.e.g)[KL],#c2[KL],(d2.#f.d)[JK],d1[JK],(a2.d1.c1.d)[KL],#f2[KL],(b2.d1.b.g)[KL],g2[KL],d2[KL],a2[KL],(#f2.d1.c1.g)[KL],d2[KL],(g2.d1.b.g)[KL],d2[KL],b1[KL],a2[KL],(#f2.d1.c1.g)[KL],d2[KL],(b2.d1.b.g)[KL],g2[KL],d2[KL],c3[KL],(a2.d1.c1.g)[KL],#f2[KL],(d3.d1.b.g)[KL],b2[KL],g2[KL],a2[KL],(#f2.d1.c1.g)[KL],d2[KL],(b2.d1.b.g)[KL],g2[KL],d2[KL],a2[KL],(#f2.d1.c1.g)[KL],d2[KL],(g2.d1.b.g)[KL],d2[KL],b1[KL],a2[KL],(#f2.d1.c1.g)[KL],d2[KL],(b2.g)[KL],g2[KL],(e2.G-1)[KL],#c2[KL],(a1.A-1.e.g)[KL],#c2[KL],(d2.#f.d)[JK],d1[HI],ST;"],"id":3,"instruments":["piano","piano"],"alternatives":["",""]}],"audition":{"start":[0,0],"end":[2,67]}}