{"baseBpm":540,"musics":[{"bpm":540,"baseBeats":1,"scores":["T,T,T,ST,ST,T,T,T,ST,ST,T,T,T,ST,T,T,T,ST,T,T,T,ST,T,T,T,ST,ST,T,T,T,ST,ST,T,T,T,ST,T,T,T,ST,ST,ST,T,T,T,ST,ST,T,T,T,ST,ST,T,T,T;","d2[K],e2[K],#f2[K],(d1.#f.d)[JK],#f[JK],(d2.d)[K],e2[K],#f2[K],(a.g.#c)[JK],A-1[JK],(e2.#c)[K],#f2[K],g2[K],(a1.g.#c)[JK],(e2.A-1)[K],#f2[K],g2[K],(a1.#c)[JK],(d2.#f.d)[K],e2[K],#f2[K],(d1.#f)[JK],(d2.d)[K],e2[K],#f2[K],(d1.#f.d)[JK],#f[JK],(d2.d)[K],e2[K],#f2[K],(a.g.#c)[JK],A-1[JK],(e2.#c)[K],#f2[K],g2[K],(a1.g.#c)[JK],(e2.A-1)[K],#f2[K],g2[K],(a1.#c)[JK],(d2.#f.d)[JK],D-1[JK],d2[K],e2[K],#f2[K],(d1.#f.d)[JK],#f[JK],(d2.d)[K],e2[K],#f2[K],(a.g.#c)[JK],A-1[JK],(e2.#c)[K],#f2[K],g2[K];"],"id":1,"instruments":["piano","piano"],"alternatives":["",""]},{"bpm":540,"baseBeats":1,"scores":["ST,T,T,T,ST,T,T,T,ST,T,T,T,ST,ST,T,T,T,ST,ST,T,T,T,ST,T,T,T,ST,ST,ST,T,5<T>,T,TU,TU,TU,TU,T,5<T>,T,TU,TU,TU,TU,T,5<T>,T,TU,TU,TU,TU,T,5<T>,T,TU;","(a1.g.#c)[JK],(e2.A-1)[K],#f2[K],g2[K],(a1.#c)[JK],(d2.#f.d)[K],e2[K],#f2[K],(d1.#f)[JK],(d2.d)[K],e2[K],#f2[K],(d1.#f.d)[JK],#f[JK],(d2.d)[K],e2[K],#f2[K],(a.g.#c)[JK],A-1[JK],(e2.#c)[K],#f2[K],g2[K],(a1.g.#c)[JK],(e2.A-1)[K],#f2[K],g2[K],(a1.#c)[JK],(d2.#f.d)[JK],D-1[JK],(#f2.d1)[K],g2[L],a[L],a2[K],(b2.d1.g)[KL],d[KL],(a2.d1.#f)[KL],d[KL],(#f2.d1.a)[K],g2[L],d[L],a2[K],(b2.d1.g)[KL],d[KL],(a2.d1.#f)[KL],d[KL],(#f2.d1.a)[K],g2[L],d[L],a2[K],(g2.e.#c)[KL],A-1[KL],(e2.g.e)[KL],A-1[KL],(e2.e.#c)[K],#f2[L],A-1[L],g2[K],(#f2.#f.d)[KL];"],"id":2,"instruments":["piano","piano"],"alternatives":["",""]},{"bpm":540,"baseBeats":1,"scores":["TU,TU,TU,T,5<T>,T,TU,TU,TU,TU,T,5<T>,T,TU,TU,TU,TU,T,5<T>,T,TU,TU,TU,TU,TU,TU,ST,ST,T,5<T>,T,TU,TU,TU,TU,T,5<T>,T,TU,TU,TU,TU,T,5<T>,T,TU,TU,TU,TU,T,5<T>,T,TU,TU,TU,TU,T,5<T>,T,TU,TU,TU,TU,T,5<T>,T,TU,TU,TU,TU,T,5<T>,T,TU,TU,TU,TU,TU,TU,ST,QQ,ST;","A-1[KL],(d2.a.#f)[KL],A-1[KL],(#f2.d1.a)[K],g2[L],d[L],a2[K],(b2.d1.g)[KL],d[KL],(a2.d1.#f)[KL],d[KL],(#f2.d1.a)[K],g2[L],d[L],a2[K],(b2.d1.g)[KL],d[KL],(a2.d1.#f)[KL],d[KL],(#f2.d1.a)[K],g2[L],d[L],a2[K],(g2.#c.e.a)[KL],A-1[KL],(e2.#c.g)[KL],A-1[KL],(#f2.a.A-1)[KL],(e2.g)[KL],(d2.#f.d)[JK],D-1[JK],(#f2.d1)[K],g2[L],a[L],a2[K],(b2.d1.g)[KL],d[KL],(a2.d1.#f)[KL],d[KL],(#f2.d1.a)[K],g2[L],d[L],a2[K],(b2.d1.g)[KL],d[KL],(a2.d1.#f)[KL],d[KL],(#f2.d1.a)[K],g2[L],d[L],a2[K],(g2.e.#c)[KL],A-1[KL],(e2.g.e)[KL],A-1[KL],(e2.e.#c)[K],#f2[L],A-1[L],g2[K],(#f2.#f.d)[KL],A-1[KL],(d2.a.#f)[KL],A-1[KL],(#f2.d1.a)[K],g2[L],d[L],a2[K],(b2.d1.g)[KL],d[KL],(a2.d1.#f)[KL],d[KL],(#f2.d1.a)[K],g2[L],d[L],a2[K],(b2.d1.g)[KL],d[KL],(a2.d1.#f)[KL],d[KL],(#f2.d1.a)[K],g2[L],d[L],a2[K],(g2.#c.e.a)[KL],A-1[KL],(e2.#c.g)[KL],A-1[KL],(#f2.a.A-1)[KL],(e2.g)[KL],(d2.#f.d)[JK],D-1[HH],ST;"],"id":3,"instruments":["piano","piano"],"alternatives":["",""]}],"audition":{"start":[0,0],"end":[2,81]}}