{"baseBpm":540,"musics":[{"bpm":540,"baseBeats":1,"scores":["TU,TU,TU,TU,TU,TU,TU,TU,TU,TU,TU,TU,TU,TU,TU,TU,TU,TU,TU,TU,TU,TU,TU,TU,TU,TU,TU,TU,TU,TU,TU,TU,TU,TU,TU,TU,TU,TU,TU,TU,TU,TU,TU,TU,RS,TU,TU,TU,TU,TU,TU,TU,TU,TU,TU,TU,TU,TU,TU,TU,TU,TU,TU,TU,TU,TU,TU,TU,TU;","(f2.a.f.d)[KL],d2[KL],(#c2.g.e.d)[KL],e2[KL],(a1.g.e.d)[KL],e2[KL],g2[KL],f2[KL],(d2.a.f.d)[KL],f2[KL],(a1.a.f.d)[KL],f2[KL],e2[KL],d2[KL],(#c2.g.e.d)[KL],e2[KL],(a1.g.e.d)[KL],e2[KL],g2[KL],f2[KL],(e2.a.f.d)[KL],f2[KL],(d2.a.f.d)[KL],f2[KL],e2[KL],d2[KL],(#c2.g.e.d)[KL],e2[KL],(a1.g.e.d)[KL],e2[KL],g2[KL],f2[KL],(d2.a.f.d)[KL],f2[KL],(a1.a.f.d)[KL],f2[KL],e2[KL],d2[KL],(#c2.g.e.d)[KL],e2[KL],(a1.g.e.d)[KL],e2[KL],g2[KL],f2[KL],(d2.a.d.f)[IJ],(f2.a.f.d)[KL],d2[KL],(#c2.g.e.d)[KL],e2[KL],(a1.g.e.d)[KL],e2[KL],g2[KL],f2[KL],(d2.a.f.d)[KL],f2[KL],(a1.a.f.d)[KL],f2[KL],e2[KL],d2[KL],(#c2.g.e.d)[KL],e2[KL],(a1.g.e.d)[KL],e2[KL],g2[KL],f2[KL],(e2.a.f.d)[KL],f2[KL],(d2.a.f.d)[KL],f2[KL];"],"id":1,"instruments":["piano","piano"],"alternatives":["",""]},{"bpm":540,"baseBeats":1,"scores":["TU,TU,TU,TU,TU,TU,TU,TU,TU,TU,TU,TU,TU,TU,TU,TU,TU,TU,TU,TU,RS,TU,TU,TU,TU,TU,TU,TU,TU,TU,TU,TU,TU,TU,TU,TU,TU,TU,TU,TU,TU,TU,TU,TU,TU,TU,TU,TU,TU,TU,TU,TU,TU,TU,TU,TU,TU;","e2[KL],d2[KL],(#c2.g.e.d)[KL],e2[KL],(a1.g.e.d)[KL],e2[KL],g2[KL],f2[KL],(d2.a.f.d)[KL],f2[KL],(a1.a.f.d)[KL],f2[KL],e2[KL],d2[KL],(#c2.g.e.d)[KL],e2[KL],(a1.g.e.d)[KL],e2[KL],g2[KL],f2[KL],(d2.a.d.f)[IJ],#a2[KL],a2[KL],(#g2.#c1.e1)[KL],(a2.a)[KL],(#a2.e1.#c1)[KL],(g2.a)[KL],(e2.f1.d1)[KL],(d2.a)[KL],(#c2.e1.g1)[KL],(e2.a)[KL],(a1.g1.e1)[KL],(#c2.a)[KL],(d2.f1.d1)[KL],(f2.a)[KL],(e2.e1.#c1)[KL],(g2.a)[KL],(a1.e1.#c1)[KL],(e2.a)[KL],(g2.#c1)[KL],(e2.a)[KL],(f2.d1.f1)[KL],(a2.a)[KL],(d2.f1.d1)[KL],(a2.a)[KL],(#a2.d1.f1)[KL],(a2.a)[KL],(#g2.#c1.e1)[KL],(a2.a)[KL],(#a2.e1.#c1)[KL],(g2.a)[KL],(e2.f1.d1)[KL],(d2.a)[KL],(#c2.e1.g1)[KL],(e2.a)[KL],(a1.g1.e1)[KL],(#c2.a)[KL];"],"id":2,"instruments":["piano","piano"],"alternatives":["",""]},{"bpm":540,"baseBeats":1,"scores":["TU,TU,TU,TU,TU,TU,TU,TU,RS,TU,TU,TU,TU,TU,TU,TU,TU,TU,TU,TU,TU,TU,TU,TU,TU,TU,TU,TU,TU,TU,TU,TU,TU,TU,TU,TU,TU,TU,TU,TU,TU,TU,TU,TU,TU,TU,TU,TU,TU,TU,TU,TU,TU,QQ,ST;","(d2.f1.d1)[KL],(f2.a)[KL],(e2.e1.#c1)[KL],(g2.a)[KL],(a1.e1.#c1)[KL],(#a1.g2.a)[KL],(a1.f2.#c1)[KL],(g1.e2.a)[KL],(d2.f1.d1)[IJ],#a2[KL],a2[KL],(#g2.#c1.e1)[KL],(a2.a)[KL],(#a2.e1.#c1)[KL],(g2.a)[KL],(e2.f1.d1)[KL],(d2.a)[KL],(#c2.e1.g1)[KL],(e2.a)[KL],(a1.g1.e1)[KL],(#c2.a)[KL],(d2.f1.d1)[KL],(f2.a)[KL],(e2.e1.#c1)[KL],(g2.a)[KL],(a1.e1.#c1)[KL],(e2.a)[KL],(g2.#c1)[KL],(e2.a)[KL],(f2.d1.f1)[KL],(a2.a)[KL],(d2.f1.d1)[KL],(a2.a)[KL],(#a2.d1.f1)[KL],(a2.a)[KL],(#g2.#c1.e1)[KL],(a2.a)[KL],(#a2.e1.#c1)[KL],(g2.a)[KL],(e2.f1.d1)[KL],(d2.a)[KL],(#c2.e1.g1)[KL],(e2.a)[KL],(a1.g1.e1)[KL],(#c2.a)[KL],(d2.f1.d1)[KL],(f2.a)[KL],(e2.e1.#c1)[KL],(g2.a)[KL],(a1.e1.#c1)[KL],(#a1.g2.a)[KL],(a1.f2.#c1)[KL],(g1.e2.a)[KL],(d2.f1.d1)[HH],ST;"],"id":3,"instruments":["piano","piano"],"alternatives":["",""]}],"audition":{"start":[0,0],"end":[2,54]}}