{"baseBpm":360,"musics":[{"bpm":360,"baseBeats":0.75,"scores":["(b1.g1)[JM],(a1.c2)[LM],(b1.d2.G-1)[JM],(#a1.#c2)[LM],(b1.d2.B-1)[JM],(#a1.#c2)[LM],(b1.d2.d)[JM],(#a1.#c2)[LM],(b1.d2.g)[JK],G-1[JK],(c2.e2)[JM],(#g1.b1)[LM],(a1.c2.d)[JK],D-1[JK],(b1.d2)[JM],(#f1.a1)[LM],(g1.b1.G-1)[JK],G-2[JK],(b.g1)[JM],(d1.a1)[LM],(g1.b1.G-1)[JM],(#f1.#a1)[LM],(g1.b1.B-1)[JM],(#f1.#a1)[LM],(g1.b1.#d)[JM],(#f1.#a1)[LM],(g1.b1.e)[JK],#f[JK],(#f1.a1.g)[KL],(e1.g1)[KL],(e1.g1.a)[KL],(d1.#f1)[KL],(d1.#f1)[KL],(#f1.a1)[KL],(e1.g1.A-1)[KL],(#c1.e1)[KL],(d1.d)[JK],d1[JK],(b1.g1)[JM],(a1.c2)[LM],(b1.d2.G-1)[JM],(#a1.#c2)[LM],(b1.d2.B-1)[JM],(#a1.#c2)[LM],(b1.d2.d)[JM],(#a1.#c2)[LM],(b1.d2.g)[JK],G-1[JK],(c2.e2)[JM],(#g1.b1)[LM],(a1.c2.d)[JK],D-1[JK],(b1.d2)[JM],(#f1.a1)[LM],(g1.b1.G-1)[JK],G-2[JK],(b.g1)[JM],(d1.a1)[LM],(g1.b1.G-1)[JM],(#f1.#a1)[LM],(g1.b1.B-1)[JM],(#f1.#a1)[LM],(g1.b1.#d)[JM],(#f1.#a1)[LM],(g1.b1.e)[JK],#f[JK],(#f1.a1.g)[KL],(e1.g1)[KL],(e1.g1.a)[KL],(d1.#f1)[KL],(d1.#f1)[KL],(#f1.a1)[KL],(e1.g1.A-1)[KL],(#c1.e1)[KL],(d1.d)[JK],d1[JK],d2[KL],g2[KL],(d2.g2.b.d1)[JK],(c2.#f2.a.d1)[JK],(b1.g2.g.d1)[JK],(a2.a1.d1.#f)[JK],d[JK],(g2.#f)[LM],#f2[LM],e2[LM],d2[LM],(a1.c2.g)[JK],(g1.b1)[JK],(c2.e2.c)[JM],(a1.c2)[LM],(g1.b1.d)[JK],(#f1.a1)[JK],(b.g1)[JM],(c1.a1)[LM],(d1.b1.G-2.G-1)[JM],(#c1.#a1)[LM],(d1.b1.B-2.B-1)[JM],(#a1.#c1)[LM],(d1.b1.D-1.d)[JM],(#c1.#a1)[LM],(d1.b1.G-1.g)[JK],(F-1.f)[JK],(c2.e1.E-1.e)[JM],(b.#g1)[LM],(c1.a1)[JK],(#D-1.#d)[JK],(d1.b1.D-1.d)[JM],(a.#f1)[LM],(b.g1.G-1)[JK],g[JK],d2[KL],g2[KL],(d2.g2.b.d1)[JK],(c2.#f2.a.d1)[JK],(b1.g2.g.d1)[JK],(a2.a1.d1.#f)[JK],d[JK],(g2.#f)[LM],#f2[LM],e2[LM],d2[LM],(a1.c2.g)[JK],(g1.b1)[JK],(c2.e2.c)[JM],(a1.c2)[LM],(g1.b1.d)[JK],(#f1.a1)[JK],(b.g1)[JM],(c1.a1)[LM],(d1.b1.G-2.G-1)[JM],"],"id":1},{"bpm":360,"baseBeats":0.75,"scores":["(#c1.#a1)[LM],(d1.b1.B-2.B-1)[JM],(#a1.#c1)[LM],(d1.b1.D-1.d)[JM],(#c1.#a1)[LM],(d1.b1.G-1.g)[JK],(F-1.f)[JK],(c2.e1.E-1.e)[JM],(b.#g1)[LM],(c1.a1)[JK],(#D-1.#d)[JK],(d1.b1.D-1.d)[JM],(a.#f1)[LM],(b.g1.G-1)[JK],g[KL],d2[KL],#c2[KL],d2[KL],(b1.G-1)[KL],d2[KL],(g1.d)[KL],b1[KL],(d1.g)[KL],b1[KL],(a1.c)[KL],c2[KL],(#f1.d)[KL],a1[KL],(d1.#f)[KL],#f1[KL],(g1.B-1)[KL],#f1[KL],(g1.d)[KL],a1[KL],(b1.g)[KL],c2[KL],(d2.#f)[KL],#c2[KL],(d2.a)[KL],e2[KL],(d2.c1)[KL],c2[KL],(b1.g)[KL],#a1[KL],(b1.b)[KL],c2[KL],(b1.#d)[KL],a1[KL],(g1.e)[KL],b1[KL],(a1.#c)[KL],g1[KL],(#f1.d)[KL],a1[KL],(e1.G-1)[KL],#f1[KL],g1[KL],e1[KL],(#c1.A-1)[KL],a[KL],(d1.d)[IL],d2[KL],#c2[KL],d2[KL],(b1.G-1)[KL],d2[KL],(g1.d)[KL],b1[KL],(d1.g)[KL],b1[KL],(a1.c)[KL],c2[KL],(#f1.d)[KL],a1[KL],(d1.#f)[KL],#f1[KL],(g1.B-1)[KL],#f1[KL],(g1.d)[KL],a1[KL],(b1.g)[KL],c2[KL],(d2.#f)[KL],#c2[KL],(d2.a)[KL],e2[KL],(d2.c1)[KL],c2[KL],(b1.g)[KL],#a1[KL],(b1.b)[KL],c2[KL],(b1.#d)[KL],a1[KL],(g1.e)[KL],b1[KL],(a1.#c)[KL],g1[KL],(#f1.d)[KL],a1[KL],(e1.G-1)[KL],#f1[KL],g1[KL],e1[KL],(#c1.A-1)[KL],a[KL],(d1.d)[IL],d2[KL],#c2[KL],d2[KL],(e2.d)[KL],c2[KL],a1[KL],(b1.d1)[KL],(a1.#c1)[KL],(b1.d1)[KL],(c2.e1)[KL],(a1.c1)[KL],(#f1.a)[KL],(d2.b)[KL],(#c2.#a)[KL],(d2.b)[KL],(e2.c1)[KL],(c2.a)[KL],(a1.#f)[KL],(b1.g)[KL],(a1.#f)[KL],(b1.g)[KL],(c2.a)[KL],(a1.#f)[KL],(#f1.d)[KL],(d2.d)[KL],(#c2.e)[KL],(d2.#f)[KL],(b1.g)[KL],d2[KL],(g1.b)[KL],b1[KL],(d1.B-1)[KL],g2[KL],(e2.c)[KL],g2[KL],(c2.e)[KL],e2[KL],(a1.a)[KL],c2[KL],(#f1.d.#f)[KL],a1[KL],(d1.a)[KL],e1[KL],(f1.c1)[KL],#f1[KL],(a1.g.c1)[JK],(g1.b)[KL],d2[KL],#c2[KL],d2[KL],(e2.d)[KL],c2[KL],a1[KL],(b1.d1)[KL],(a1.#c1)[KL],(b1.d1)[KL],(c2.e1)[KL],(a1.c1)[KL],(#f1.a)[KL],(d2.b)[KL],"],"id":2},{"bpm":360,"baseBeats":0.75,"scores":["(#c2.#a)[KL],(d2.b)[KL],(e2.c1)[KL],(c2.a)[KL],(a1.#f)[KL],(b1.g)[KL],(a1.#f)[KL],(b1.g)[KL],(c2.a)[KL],(a1.#f)[KL],(#f1.d)[KL],(d2.d)[KL],(#c2.e)[KL],(d2.#f)[KL],(b1.g)[KL],d2[KL],(g1.b)[KL],b1[KL],(d1.B-1)[KL],g2[KL],(e2.c)[KL],g2[KL],(c2.e)[KL],e2[KL],(a1.a)[KL],c2[KL],(#f1.d.#f)[KL],a1[KL],(d1.a)[KLN],e1[KLN],(f1.c1)[KLM],#f1[JM],(a1.g.c1)[IL],(g1.b)[IL],(b1.g1)[JL],(a1.c2)[LMN],(b1.d2.G-1)[JM],(#a1.#c2)[LM],(b1.d2.B-1)[JM],(#a1.#c2)[LM],(b1.d2.d)[JM],(#a1.#c2)[LM],(b1.d2.g)[JK],G-1[JK],(c2.e2)[JM],(#g1.b1)[LM],(a1.c2.d)[JK],D-1[JK],(b1.d2)[JM],(#f1.a1)[LM],(g1.b1.G-1)[JK],G-2[JK],(b.g1)[JM],(d1.a1)[LM],(g1.b1.G-1)[JM],(#f1.#a1)[LM],(g1.b1.B-1)[JM],(#f1.#a1)[LM],(g1.b1.#d)[JM],(#f1.#a1)[LM],(g1.b1.e)[JK],#f[JK],(#f1.a1.g)[KL],(e1.g1)[KL],(e1.g1.a)[KL],(d1.#f1)[KL],(d1.#f1)[KL],(#f1.a1)[KL],(e1.g1.A-1)[KL],(#c1.e1)[KL],(d1.d)[JK],d1[JK],d2[KL],g2[KL],(d2.g2.b.d1)[JK],(c2.#f2.a.d1)[JK],(b1.g2.g.d1)[JK],(a2.a1.d1.#f)[JK],d[JK],(g2.#f)[LM],#f2[LM],e2[LM],d2[LM],(a1.c2.g)[JK],(g1.b1)[JK],(c2.e2.c)[JM],(a1.c2)[LM],(g1.b1.d)[JK],(#f1.a1)[JK],(b.g1)[JM],(c1.a1)[LM],(d1.b1.G-2.G-1)[JM],(#c1.#a1)[LM],(d1.b1.B-2.B-1)[JM],(#a1.#c1)[LM],(d1.b1.D-1.d)[JM],(#c1.#a1)[LM],(d1.b1.G-1.g)[JK],(F-1.f)[JK],(c2.e1.E-1.e)[JM],(b.#g1)[LM],(c1.a1)[JK],(#D-1.#d)[JK],(d1.b1.D-1.d)[JM],(a.#f1)[LM],(b.g1.G-1)[JK],g[JK],d2[KL],g2[KL],(d2.g2.b.d1)[JK],(c2.#f2.a.d1)[JK],(b1.g2.g.d1)[JK],(a2.a1.d1.#f)[JK],d[JK],(g2.#f)[LM],#f2[LM],e2[LM],d2[LM],(a1.c2.g)[JK],(g1.b1)[JK],(c2.e2.c)[JM],(a1.c2)[LM],(g1.b1.d)[JK],(#f1.a1)[JK],(b.g1)[JM],(c1.a1)[LM],(d1.b1.G-2.G-1)[JM],(#c1.#a1)[LM],(d1.b1.B-2.B-1)[JM],(#a1.#c1)[LM],(d1.b1.D-1.d)[JM],(#c1.#a1)[LM],(d1.b1.G-1.g)[JK],(F-1.f)[JK],(c2.e1.E-1.e)[JM],(b.#g1)[LM],(c1.a1)[JK],(#D-1.#d)[JKM],(d1.b1.D-1.d)[JLMN],(a.#f1)[KN],(b.g1.G-1)[IL],g[HIKL],"],"id":3}],"audition":{"start":[0,0],"end":[1,0]}}