{"baseBpm":384,"musics":[{"bpm":384,"baseBeats":0.75,"scores":["(c1.c)[LM],(b.B-1)[LM],(c1.c)[LM],(b.B-1)[LM],(c1.c)[JK],(c1.c)[JK],(e2.e1.g1.c1.c)[JK],(e1.c2.c.c1)[JK],(C-1.c)[JK],(c1.c)[LM],(b.B-1)[LM],(c1.c)[LM],(b.B-1)[LM],(c1.c)[JK],(c1.c)[JK],(g2.e2.g1.c1.c)[JK],(e1.c2.c.c1)[JK],(C-1.c)[JK],(g1.g)[LM],(#f1.#f)[LM],(g1.g)[LM],(#f1.#f)[LM],(g1.g)[JK],(c2.c1)[JK],(e2.e1)[JK],(g2.g1.g)[JK],(b1.d2.b2.g2.f1.f)[JK],(c3.e2.c2.e1.e)[JK],(d2.f2.g2.d3.b.B-1)[JK],(d2.f2.g.G-1)[JM],(g2.e2)[LMN],(c2.e2.c1.c)[JMN],(f2.d2)[LM],(b1.d2.g.G-1)[JKM],G-1[JKM],(c1.c)[LM],(b.B-1)[LM],(c1.c)[LM],(b.B-1)[LM],(c1.c)[JK],(c1.c)[JK],(e2.e1.g1.c1.c)[JK],(e1.c2.c.c1)[JK],(C-1.c)[JK],(c1.c)[LM],(b.B-1)[LM],(c1.c)[LM],(b.B-1)[LM],(c1.c)[JK],(c1.c)[JK],(g2.e2.g1.c1.c)[JK],(e1.c2.c.c1)[JK],(C-1.c)[JK],(g1.g)[LM],(#f1.#f)[LM],(g1.g)[LM],(#f1.#f)[LM],(g1.g)[JK],(c2.c1)[JK],(e2.e1)[JK],(g2.g1.g)[JK],(b1.d2.b2.g2.f1.f)[JK],(c3.e2.c2.e1.e)[JK],(d2.f2.g2.d3.b.B-1)[JK],(d2.f2.g.G-1)[JM],(g2.e2)[LM],(c2.e2.c1.c)[JL],(f2.d2)[LM],(b1.d2.g.G-1)[JKM],G-1[JKN],g2[LM],#f2[LM],g2[LM],#f2[LM],(b1.d2.g2.G-1.G-2)[JK],(b1.d2.g2.B-1.B-2)[JK],(b1.d2.g2.d.D-1)[JK],(b1.d2.g2.g.G-1)[JK],(b.B-1)[JK],(g2.d1.d)[LM],#g2[LM],g2[LM],#g2[LM],(b1.d2.f2.g2.f1.f)[JK],(b1.d2.f2.g2.d1.d)[JK],(b1.d2.f2.g2.b.B-1)[JK],(b1.d2.f2.g2.g.G-1)[JK],(f.F-1)[JK],(c2.d.D-1)[LM],b1[LM],c2[LM],b1[LM],(c2.c.C-1)[JK],(e2.e)[JK],(g1.g2.g)[JK],(c2.c3.c1)[JK],(e2.e3.e1)[JK],(g2.g3.g1)[JK],(f3.f2.g.b.d1.f1)[JK],(g.b.d1.f1)[JKN],(e3.g.b.d1.f1)[LM],d3[LM],c3[LM],b2[LMN],(c3.e1.c1)[JKN],c[JKN],g2[LM],#f2[LM],g2[LM],#f2[LM],(b1.d2.g2.G-1.G-2)[JK],(b1.d2.g2.B-1.B-2)[JK],(b1.d2.g2.d.D-1)[JK],(b1.d2.g2.g.G-1)[JK],(b.B-1)[JK],(g2.d1.d)[LM],#g2[LM],g2[LM],#g2[LM],(b1.d2.f2.g2.f1.f)[JK],(b1.d2.f2.g2.d1.d)[JK],(b1.d2.f2.g2.b.B-1)[JK],"],"id":1},{"bpm":384,"baseBeats":0.75,"scores":["ST,ST,mute[LM],mute[LM],mute[LM],mute[LM],ST,ST,ST,ST,ST,ST,ST,STVW,mute[LM],mute[LM],mute[LM],mute[LM],STW,STV,ST,TU,TU,TU,TU,TU,TU,TU,TU,TU,TU,TU,TU,TU,TU,TU,TU,TU,TU,TU,TU,TU,TU,TU,TU,TU,TU,TU,TU,TU,TU,TU,TU,TU,TU,TU,TU,TU,TU,TU,TU,TU,mute[LM],mute[LM],ST,ST,ST,TU,TU,TU,TU,TU,TU,TU,TU,TU,TU,TU,TU,TU,TU,TU,TU,TU,TU,TU,TU,TU,TU,TU,TU,TU,TU,TU,TU,TU,TU,TU,TU,TU,TU,TU,TU,TU,TU,TU,TUW,TUW,mute[LM],mute[LM],STV,STW,ST,TU,TU,TU,TU,TU,TU,TU,TU,TU,TU,TU,TU,TU,TU,TU,TU,TU,TU,TU,TU,TU,TU,TU,TU,TU,TU,TU,TU,TU,TU,TU,TU,TU,TU,TU,TU,TU,TU,TU,TU,TU,mute[LM],mute[LM],ST,ST,ST,TU,TU,","(b1.d2.f2.g2.g.G-1)[JK],(f.F-1)[JK],(c2.d.D-1)[LM],b1[LM],c2[LM],b1[LM],(c2.c.C-1)[JK],(e2.e)[JK],(g1.g2.g)[JK],(c2.c3.c1)[JK],(e2.e3.e1)[JK],(g2.g3.g1)[JK],(f3.f2.g.b.d1.f1)[JK],(g.b.d1.f1)[JKN],(e3.g.b.d1.f1)[LM],d3[LMN],c3[LM],b2[LMN],(c3.e1.c1)[JKN],c[JKM],g1[JK],(c2.e.c)[KL],g[KL],e[KL],(b1.g)[KL],(c2.e)[KL],(#c2.g)[KL],(e2.f.B-1)[KL],(d2.g)[KL],(c2.f)[KL],(b1.g)[KL],(a1.f)[KL],(g1.g)[KL],(c2.e.c)[KL],g[KN],d2[MN],(c2.e)[KL],(b1.g)[KL],(c2.e)[KL],(d2.g)[KL],(b1.G-1)[KL],g[KL],#f[KL],g[KL],(g1.b)[KL],g[KL],(f2.d1)[KL],g[KL],a[KL],(e2.g)[KL],(f2.b)[KL],(g2.g)[KL],(f2.c1)[KL],(e2.g)[KL],(d2.d1)[KL],(c2.g)[KL],(b1.e1)[KL],(c2.g)[KL],(d2.f1)[KL],g[KL],(d2.f1)[KL],g[KL],(d2.f1)[KL],g[LM],e2[LM],(c2.e1.c1)[JK],c[JK],g1[JK],(c2.e.c)[KL],g[KL],e[KL],(b1.g)[KL],(c2.e)[KL],(#c2.g)[KL],(e2.f.B-1)[KL],(d2.g)[KL],(c2.f)[KL],(b1.g)[KL],(a1.f)[KL],(g1.g)[KL],(c2.e.c)[KL],g[KN],d2[MN],(c2.e)[KL],(b1.g)[KL],(c2.e)[KL],(d2.g)[KL],(b1.G-1)[KL],g[KL],#f[KL],g[KL],(g1.b)[KL],g[KL],(f2.d1)[KL],g[KL],a[KL],(e2.g)[KL],(f2.b)[KL],(g2.g)[KL],(f2.c1)[KL],(e2.g)[KL],(d2.d1)[KL],(c2.g)[KL],(b1.e1)[KL],(c2.g)[KL],(d2.f1)[KL],g[KL],(d2.f1)[KL],g[KLN],(d2.f1)[KL],g[LMN],e2[LM],(c2.e1.c1)[JKM],c[JKN],e1[JK],(#g1.e2.e)[KL],(a1.e2.#f)[KL],(b1.e2.#g)[KL],(#g1.e2.e)[KL],(a1.e2.#f)[KL],(b1.e2.#g)[KL],(c2.a)[KL],c2[KL],b1[KL],c2[KL],b1[KL],c2[KL],(e1.c2.c)[KL],(f1.c2.d)[KL],(g1.c2.e)[KL],(e1.c2.c)[KL],(f1.c2.d)[KL],(g1.c2.e)[KL],(a1.f)[KL],a1[KL],#g1[KL],a1[KL],#g1[KL],a1[KL],(f2.b.d)[KL],g[KL],a[KL],(e2.g)[KL],(f2.b)[KL],(g2.g)[KL],(f2.c1)[KL],(e2.g)[KL],(d2.d1)[KL],(c2.g)[KL],(b1.e1)[KL],(c2.g)[KL],(d2.f1)[KL],g[KL],(d2.f1)[KL],g[KL],(d2.f1)[KL],g[LM],e2[LM],(c2.e1.c1)[JK],c[JK],e1[JK],(#g1.e2.e)[KL],(a1.e2.#f)[KL],"],"id":2},{"bpm":384,"baseBeats":0.75,"scores":["(b1.e2.#g)[KL],(#g1.e2.e)[KL],(a1.e2.#f)[KL],(b1.e2.#g)[KL],(c2.a)[KL],c2[KL],b1[KL],c2[KL],b1[KL],c2[KL],(e1.c2.c)[KL],(f1.c2.d)[KL],(g1.c2.e)[KL],(e1.c2.c)[KL],(f1.c2.d)[KL],(g1.c2.e)[KL],(a1.f)[KL],a1[KL],#g1[KL],a1[KL],#g1[KL],a1[KL],(f2.b.d)[KL],g[KL],a[KL],(e2.g)[KL],(f2.b)[KL],(g2.g)[KL],(f2.c1)[KL],(e2.g)[KL],(d2.d1)[KL],(c2.g)[KL],(b1.e1)[KL],(c2.g)[KL],(d2.f1)[KL],g[KL],(d2.f1)[KLN],g[KL],(d2.f1)[KLN],g[LM],e2[LMN],(c2.e1.c1)[JKN],c[JKM],(c1.c)[LM],(b.B-1)[LM],(c1.c)[LM],(b.B-1)[LM],(c1.c)[JK],(c1.c)[JK],(e2.e1.g1.c1.c)[JK],(e1.c2.c.c1)[JK],(C-1.c)[JK],(c1.c)[LM],(b.B-1)[LM],(c1.c)[LM],(b.B-1)[LM],(c1.c)[JK],(c1.c)[JK],(g2.e2.g1.c1.c)[JK],(e1.c2.c.c1)[JK],(C-1.c)[JK],(g1.g)[LM],(#f1.#f)[LM],(g1.g)[LM],(#f1.#f)[LM],(g1.g)[JK],(c2.c1)[JK],(e2.e1)[JK],(g2.g1.g)[JK],(b1.d2.b2.g2.f1.f)[JK],(c3.e2.c2.e1.e)[JK],(d2.f2.g2.d3.b.B-1)[JK],(d2.f2.g.G-1)[JM],(g2.e2)[LMN],(c2.e2.c1.c)[JMN],(f2.d2)[LM],(b1.d2.g.G-1)[JKM],G-1[JKM],g2[LM],#f2[LM],g2[LM],#f2[LM],(b1.d2.g2.G-1.G-2)[JK],(b1.d2.g2.B-1.B-2)[JK],(b1.d2.g2.d.D-1)[JK],(b1.d2.g2.g.G-1)[JK],(b.B-1)[JK],(g2.d1.d)[LM],#g2[LM],g2[LM],#g2[LM],(b1.d2.f2.g2.f1.f)[JK],(b1.d2.f2.g2.d1.d)[JK],(b1.d2.f2.g2.b.B-1)[JK],(b1.d2.f2.g2.g.G-1)[JK],(f.F-1)[JK],(c2.d.D-1)[LM],b1[LM],c2[LM],b1[LM],(c2.c.C-1)[JK],(e2.e)[JK],(g1.g2.g)[JK],(c2.c3.c1)[JK],(e2.e3.e1)[JK],(g2.g3.g1)[JK],(f3.f2.g.b.d1.f1)[JK],(g.b.d1.f1)[JK],(e3.g.b.d1.f1)[LM],d3[LM],c3[LMN],b2[LM],(c3.e1.c1)[JKN],c[JKM],g2[LM],#f2[LM],g2[LM],#f2[LM],(b1.d2.g2.G-1.G-2)[JK],(b1.d2.g2.B-1.B-2)[JK],(b1.d2.g2.d.D-1)[JK],(b1.d2.g2.g.G-1)[JK],(b.B-1)[JK],(g2.d1.d)[LM],#g2[LM],g2[LM],#g2[LM],(b1.d2.f2.g2.f1.f)[JK],(b1.d2.f2.g2.d1.d)[JK],(b1.d2.f2.g2.b.B-1)[JK],(b1.d2.f2.g2.g.G-1)[JK],(f.F-1)[JK],(c2.d.D-1)[LM],b1[LM],c2[LM],b1[LM],(c2.c.C-1)[JK],(e2.e)[JK],(g1.g2.g)[JK],(c2.c3.c1)[JK],(e2.e3.e1)[JK],(g2.g3.g1)[JK],(f3.f2.g.b.d1.f1)[JKN],(g.b.d1.f1)[JKM],(e3.g.b.d1.f1)[LMN],d3[LMN],c3[LMN],b2[LMN],(c3.e1.c1)[JKMN],c[HIM],"],"id":3}],"audition":{"start":[0,0],"end":[1,0]}}