{"baseBpm":300,"musics":[{"bpm":300,"baseBeats":0.75,"scores":["mute[KL],mute[KL],mute[KL],mute[KL],mute[KL],mute[KL],mute[KL],mute[KL],mute[KL],mute[LM],mute[LM],mute[KMN],mute[LM],5<UV>,mute[KLN],mute[LM],5<UV>,mute[KLN],mute[KL],mute[KL],mute[KMN],mute[KL],mute[KL],mute[KLN],mute[KLN],mute[KLN],mute[KLN],mute[KLN],mute[LM],mute[LMN],mute[KL],mute[KLM],mute[KLN],mute[KLM],mute[KLM],mute[KLN],mute[LM],mute[LM],mute[LM],mute[LM],mute[LM],mute[LM],mute[LM],mute[LM],mute[KL],mute[KLN],mute[KLN],mute[KLN],mute[KL],mute[KMN],mute[KL],mute[LM],5<UV>,mute[KLN],mute[LMN],5<UV>,mute[KL],mute[KL],mute[KL],mute[LM],mute[LM],mute[KMN],mute[KLN],mute[KL],mute[KLN],mute[KLN],mute[KLN],mute[KLN],mute[LM],mute[LMN],mute[KLN],mute[KL],mute[KLM],mute[JN],mute[KLMN],mute[J],mute[LM],mute[LM],mute[LM],mute[LM],mute[LM],mute[LM],mute[KMN],mute[KLN],mute[KLM],mute[KLN],mute[KLM],mute[KLN],mute[KLN],mute[KLM],mute[KLN],mute[LM],mute[LM],mute[LM],mute[LM],mute[KL],mute[LM],mute[LM],mute[KL],mute[KLN],mute[LM],mute[LM],mute[LM],mute[LM],mute[KL],mute[KL],mute[KL],mute[KL],mute[KLN],mute[KLM],mute[KLN],mute[KLN],mute[LM],mute[LM],mute[LM],mute[LM],mute[KLN],mute[KL],mute[LM],mute[LM],mute[LM],mute[LMN],mute[KL],mute[LM],mute[K],mute[KLN],mute[KLM],mute[KLN],mute[KLM],mute[KLN],mute[KLN],mute[KLM],mute[KLN],mute[LM],mute[LM];","f[KL],(c1.f1)[KL],f[KL],(c1.f1)[KL],f[KL],(c1.f1)[KL],f[KL],(c1.f1)[KN],#a1[MN],(f.#g1)[KL],(c1.f1.#g1)[LM],#a1[LM],(f.#g1)[KMN],(c1.e1.g1)[LM],#g1[MN],#a1[MN],(f.c2.#g1)[KLN],(c1.f1)[LM],#g1[MN],#a1[MN],(f.c2.#g1)[KLN],(c1.f1)[KN],#a1[MN],(f.#g1)[KL],(c1.f1.#g1)[LM],#a1[LN],(f.#g1)[KL],(c1.e1.c2.g1)[KM],c2[M],(f.#g1.f2)[KLN],(c1.f1)[KM],c2[MN],(f.f2.#g1)[KLN],(c1.f1)[KM],#f2[MN],(#c.f2.#g1)[KLN],(#c1.f1.f2.#g1)[LM],#f2[LMN],(c.f2.a1)[KL],(c1.#d1.f1.f2.a1)[KLM],(#A-1.f2.#a1)[KLN],(#a.#c1.f1.#a2)[KLM],(f.f2.#g1)[KLM],(c1.f1)[KLN],(c.c2.#g1)[LM],(#a1.g1)[LM],(c1.f1.#g1)[LM],(#a1.g1)[LM],(c.c2.#g1)[LM],#c2[LM],(c1.e1.c2.g1.#a1)[LM],e2[LM],(f.#g1.c2.f2)[KL],(c1.f1)[KLN],(f.f2.c2.#g1)[KLN],(c1.f1)[KM],#a1[MN],(f.#g1)[KL],(c1.f1.#g1)[LN],#a1[LM],(f.#g1)[KL],(c1.e1.g1)[LM],#g1[MN],#a1[MN],(f.c2.#g1)[KLN],(c1.f1)[LM],#g1[MN],#a1[L],(f.c2.#g1)[KL],(c1.f1)[KN],#a1[MN],(f.#g1)[KL],(c1.f1.#g1)[LM],#a1[LM],(f.#g1)[KMN],(c1.e1.c2.g1)[KN],c2[L],(f.#g1.f2)[KL],(c1.f1)[KM],c2[MN],(f.f2.#g1)[KLN],(c1.f1)[KM],#f2[MN],(#c.f2.#g1)[KLN],(#c1.f1.f2.#g1)[LM],#f2[LMN],(c.f2.a1)[KLN],(c1.#d1.f1.f2.a1)[KL],(#A-1.f2.#a1)[KLM],(#a.#c1.f1.#a2)[JN],(f.f2.#g1)[KLMN],(c1.f1)[J],(c.c2.#g1)[LM],(#a1.g1)[LN],(c1.f1.#g1)[LM],(#a1.g1)[LM],(c.c2.#g1)[LM],#c2[LM],(c1.e1.c2.g1.#a1)[LM],e2[LM],(f.#g1.c2.f2)[KLN],(c1.f1)[KLM],(f.f2.c2.#g1)[KLN],(c1.f1)[KLM],(#g.c2)[KLN],(#g1.#d1.c1)[KLN],(#g.c2)[KLM],(#g1.#d1.c1)[KLN],(#g.c2)[LM],#c2[LM],(#a.#d1.g1.#d2)[LM],#c2[LM],(#g.#c2)[KL],(#a.#d1.g1)[LM],c2[LN],c2[N],(#g.#a1)[KL],(#c1.#d1.g1.#a1)[KLN],(#g.c2)[LN],#a1[LM],(#c1.#d1.g1.#g1)[LM],#a1[LMN],(#g.#a1)[KL],(c1.#d1.#g1)[KL],(#g.c2)[KL],(c1.#d1.#g1)[KN],#d2[MN],(#g.c2.#g2)[KLN],(#d1.c1.#g1)[KM],#d2[L],(#g.#g2.c2)[KLN],(c1.#d1.#g1)[KLN],(#c.g2.#d2)[LM],(f2.#c2)[LM],(#c1.f1.e2.c2)[LM],(f2.#c2)[LM],(#c.f2.#c2)[KLN],(#c1.f1)[KL],(#d.f2.#c2.g1)[LM],#d2[LM],(#a.#c1.#d1.g1.#c2.#d2)[LMN],#g1[LM],(#d.#a1)[KL],(#a.#d1.#c1.#d2.#c2.#g1)[LMN],g1[LMN],(#g.#d2.c2.#g1)[KLN],(c1.#d1)[KLM],(#g.#g1.c2.#d2)[KLN],(c1.#d1)[KLM],(#g.c2)[KLN],(#g1.#d1.c1)[KLN],(#g.c2)[KLM],(#g1.#d1.c1)[KLN],(#g.c2)[LM],#c2[LM];"],"id":1,"instruments":["piano","piano"],"alternatives":["",""]},{"bpm":300,"baseBeats":0.75,"scores":["mute[LM],mute[LM],mute[KLN],mute[LM],5<UV>,mute[KL],mute[KL],mute[LM],mute[LM],mute[LM],mute[LM],mute[KL],mute[KL],mute[KL],mute[KL],mute[KLM],mute[KLN],mute[KLN],mute[KLM],mute[LM],mute[LM],mute[LM],mute[LM],mute[KL],mute[KL],mute[LM],mute[LM],mute[LM],mute[LMN],mute[KLN],mute[LM],mute[LMN],mute[KLN],mute[KLM],mute[KLM],mute[KLN],mute[KLM],mute[KLN],mute[KLM],mute[KLM],mute[KL],mute[LM],mute[LM],mute[KLN],mute[LM],mute[LMN],mute[KLN],mute[KL],mute[KLN],mute[KL],mute[KL],mute[LM],mute[LM],mute[KLN],mute[LM],mute[LMN],mute[KLM],mute[KLM],mute[KLMN],mute[KLM],mute[LM],mute[LM],mute[LM],mute[K],mute[KLN],mute[LM],mute[K],mute[KL],mute[KLM],mute[LM],mute[LM],mute[LM],mute[LMN],mute[KLN],mute[KL],mute[KLN],mute[KLN],mute[KLN],mute[KLN],mute[KLM],mute[KLN],mute[KLN],mute[LM],mute[LM],mute[KLN],mute[LM],mute[LMN],mute[KL],mute[KLN],mute[KL],mute[KLN],mute[KL],mute[LM],mute[LM],mute[KLN],mute[LM],mute[LM],mute[KLMN],mute[KLM],mute[KLM],mute[KLMN],mute[LM],mute[LM],mute[LM],mute[K],mute[KLN],mute[LM],mute[LMN],mute[KLN],mute[KLN],mute[LM],mute[LM],mute[LM],mute[K],mute[KLN],mute[KL],mute[KLN],mute[KL],mute[KLM],mute[LM],mute[LM],mute[KLN],mute[K],5<UV>,mute[KLN],mute[LMN],5<UV>,mute[KLN],mute[KLN],mute[KLN];","(#a.#d1.g1.#d2)[LM],#c2[LM],(#g.#c2)[KLN],(#a.#d1.g1)[LM],c2[L],c2[M],(#g.#a1)[KL],(#c1.#d1.g1.#a1)[KL],(#g.c2)[LM],#a1[LM],(#c1.#d1.g1.#g1)[LM],#a1[LM],(#g.#a1)[KL],(c1.#d1.#g1)[KL],(#g.c2)[KL],(c1.#d1.#g1)[KN],#d2[MN],(#g.c2.#g2)[KLM],(#d1.c1.#g1)[KM],#d2[MN],(#g.#g2.c2)[KLN],(c1.#d1.#g1)[KLM],(#c.g2.#d2)[LM],(f2.#c2)[LM],(#c1.f1.e2.c2)[LM],(f2.#c2)[LM],(#c.f2.#c2)[KL],(#c1.f1)[KL],(#d.f2.#c2.g1)[LM],#d2[LM],(#a.#c1.#d1.g1.#c2.#d2)[LMN],#g1[LM],(#d.#a1)[KLN],(#a.#d1.#c1.#d2.#c2.#g1)[LM],g1[LMN],(#g.#d2.c2.#g1)[KLN],(c1.#d1)[KLM],(#g.#g1.c2.#d2)[KLM],(c1.#d1)[KLN],(c.g1.#a1.c2.e2)[KLM],(c1.e1)[KLN],(c.g1.#a1.c2.e2)[KLM],(c1.e1)[KM],f2[L],(c.#g2.c2.#g1)[KL],(c1.f1.#g2.c2.#g1)[LM],g2[LM],(c.f2)[KLN],(c1.f1.#d2)[LMN],#c2[LM],(c.c2.#a1.g1)[KLN],(c1.e1)[KL],(c.e2.c2.#a1.g1)[KLN],(c1.e1)[KN],f2[MN],(c.#g2.c2.#g1)[KL],(c1.f1.#g2.c2.#g1)[LM],g2[LM],(f.f2)[KLN],(c1.f1.#d2)[LMN],#c2[LM],(#G-1.c2.#g1)[KLM],(#g.c1)[KLM],(A-1.c2.#f1)[KLMN],(c1.#f)[KLM],(#A-1.f1.c2)[LMN],#c2[LM],(f.#a.#d2)[LMN],#c2[LM],(#C-1.#c2.f1)[KLN],(f.#c.c2.#d1)[LMN],(#a1.#c1)[LMN],(#D-1.#g1.c1)[KL],(#d.#g.#g1.c1)[KLM],(#D-1.#g1.c1)[LM],(#a1.#c1)[LM],(#d.g.c2.#d1)[LM],(#a1.#c1)[LMN],(#G-1.#g1.c1)[KLN],(#d.#g)[KL],(#G-1.#g1.c1)[KLN],(#d.#g)[KLN],(c.g1.#a1.c2.e2)[KLN],(c1.e1)[KLN],(c.g1.#a1.c2.e2)[KLM],(c1.e1)[KM],f2[MN],(c.#g2.c2.#g1)[KLN],(c1.f1.#g2.c2.#g1)[LM],g2[LM],(c.f2)[KLN],(c1.f1.#d2)[LM],#c2[LMN],(c.c2.#a1.g1)[KL],(c1.e1)[KLN],(c.e2.c2.#a1.g1)[KL],(c1.e1)[KN],f2[L],(c.#g2.c2.#g1)[KL],(c1.f1.#g2.c2.#g1)[LM],g2[LM],(f.f2)[KLN],(c1.f1.#d2)[LM],#c2[LM],(#G-1.c2.#g1)[KLMN],(#g.c1)[KLM],(A-1.c2.#f1)[KLM],(c1.#f)[KLMN],(#A-1.f1.c2)[LMN],#c2[LM],(f.#a.#d2)[LM],#c2[LMN],(#C-1.#c2.f1)[KLN],(f.#c.c2.#d1)[LM],(#a1.#c1)[LMN],(#D-1.#g1.c1)[KLN],(#d.#g.#g1.c1)[KLN],(#D-1.#g1.c1)[LMN],(#a1.#c1)[LM],(#d.g.c2.#d1)[LM],(#a1.#c1)[LMN],(#G-1.#g1.c1)[KLN],(#d.#g)[KL],(#G-1.#g1.c1)[KLN],(#d.#g)[KN],#a1[MN],(f.#g1)[KLM],(c1.f1.#g1)[LM],#a1[LM],(f.#g1)[KLN],(c1.e1.g1)[LMN],#g1[MN],#a1[L],(f.c2.#g1)[KLN],(c1.f1)[LMN],#g1[MN],#a1[MN],(f.c2.#g1)[KLN],(c1.f1)[KM],#a1[MN],(f.#g1)[KLN];"],"id":2,"instruments":["piano","piano"],"alternatives":["",""]},{"bpm":300,"baseBeats":0.75,"scores":["mute[LM],mute[LMN],mute[KL],mute[KLN],mute[KLN],mute[KLN],mute[KLN],mute[KLN],mute[KLN],mute[LM],mute[K],mute[KLM],mute[KLN],mute[KLMN],mute[JM],mute[J],mute[J],mute[LM],mute[LM],mute[LM],mute[LM],mute[LM],mute[LM],mute[LM],mute[KM],mute[KLN],mute[KLN],mute[KLM],mute[KLN],mute[KLN],mute[LM],mute[LMN],mute[KLN],mute[KL],mute[KLM],mute[KLM],mute[KLM],mute[LM],5<UV>,mute[KLM],mute[LM],mute[LM],mute[KLM],mute[KLN],mute[KLN],mute[KLN],mute[KLM],mute[KLMN],mute[KLM],mute[K],mute[LMN],mute[KLMN],mute[KLMN],mute[JMN],mute[JN],mute[JN],mute[KM],5<UV>,mute[JN],mute[K],mute[K],mute[KLM],mute[KLN],mute[KLM],mute[LM],mute[LMN],mute[KLN],mute[KLN],mute[KLN],mute[LM],mute[LM],mute[KL],mute[KLN],mute[KLN],mute[KL],mute[KL],mute[KLN],mute[KLN],mute[LM],mute[LM],mute[KL],mute[KL],mute[KLN],mute[KLN],mute[KLN],mute[KLN],mute[KLN],mute[LM],mute[LM],mute[KLN],mute[KLM],mute[KL],mute[KLN],mute[KLN],mute[KLN],mute[KLN],mute[LM],mute[K],mute[KLM],mute[KLMN],mute[KLM],mute[KLM],mute[KLN],mute[KLM],mute[KLM],mute[K],mute[LM],mute[J],mute[J],mute[KLMN],mute[KLMN],mute[J],mute[KLMN],mute[J],mute[KLMN],mute[J],mute[JLN],mute[HJKN];","(c1.f1.#g1)[LM],#a1[LMN],(f.#g1)[KL],(c1.e1.c2.g1)[KM],c2[MN],(f.#g1.f2)[KLN],(c1.f1)[KM],c2[MN],(f.f2.#g1)[KLN],(c1.f1)[KM],#f2[MN],(#c.f2.#g1)[KLN],(#c1.f1.f2.#g1)[LMN],#f2[LMN],(c.f2.a1)[KLM],(c1.#d1.f1.f2.a1)[KLN],(#A-1.f2.#a1)[KLMN],(#a.#c1.f1.#a2)[JM],(f.f2.#g1)[J],(c1.f1)[J],(c.c2.#g1)[LMN],(#a1.g1)[LMN],(c1.f1.#g1)[LM],(#a1.g1)[LMN],(c.c2.#g1)[LM],#c2[LMN],(c1.e1.c2.g1.#a1)[LM],e2[LM],(f.#g1.c2.f2)[KLN],(c1.f1)[KLN],(f.f2.c2.#g1)[KLM],(c1.f1)[KM],#g2[MN],(#A-1.g2.e2)[KLN],(#a.#c1.g2.e2)[LM],#g2[LMN],(#A-1.g2)[KLN],(#a.#c1.e2.g2)[KL],(B-1.#a2.f2)[KLM],(b.d1.#g2)[KLM],B-1[KLM],(b.d1.g2)[LM],f2[MN],#c2[MN],(c.c2.#g1)[KLM],(c1.f1.c2.#g1)[LM],#c2[LM],(c.c2)[KLM],(c1.e1.e2.c2.#a1.g1)[KLN],(f.f2.c2.#g1)[KLN],(c1.f1)[KLN],(f.f2.c2.#g1)[KLM],(c1.f1)[KMN],#g2[L],(#A-1.g2.e2)[KLM],(#a.#c1.g2.e2)[K],#g2[LMN],(#A-1.g2)[KLMN],(#a.#c1.e2.g2)[KLMN],(B-1.#a2.f2)[JMN],(b.d1.#g2)[JN],B-1[JN],(b.d1.g2)[K],f2[L],d2[L],(c.c2.a1)[JN],(c1.f1.c2.a1)[K],d2[K],(c.c2)[KLM],(c1.e1.d2.#a1)[KM],d2[MN],(c.c2.a1)[KLM],(c1.f1.c2.a1)[LM],d2[LMN],(c.c2)[KLN],(c1.e1.d2.#a1)[KM],d2[MN],(c.c2.a1)[KLN],(c1.f1.c2.a1)[LM],d2[LM],(c.c2)[KL],(c1.g1.e2.#a1)[KLN],(F-1.f2.a1)[KLN],(c.f)[KL],(F-1.f2.a1)[KL],(c.f)[KM],d2[MN],(F-1.c2.a1)[KLN],(c.f.c2.a1)[LM],d2[LM],(F-1.c2)[KL],(c.f.a1.f1)[KL],(F-1.#a1.e1)[KLN],(c.g)[KLN],(F-1.#a1.e1)[KLN],(c.g)[KM],c2[MN],(F-1.#a1.e1)[KLN],(c.g.e1.#a1)[LM],c2[LM],(F-1.#a1)[KLN],(c.g.e1.#a)[KLM],(F-1.f1.a)[KL],(c.f)[KLN],(F-1.f1.a)[KLN],(c.f)[KM],d2[MN],(F-1.c2.a1)[KLN],(c.f.c2.a1)[LMN],d2[LMN],(F-1.c2)[KLM],(c.#f.a1.#d1)[KLMN],(F-1.#a1.e1)[KLM],(c.g)[KLM],(F-1.#a1.e1)[KLN],(c.g)[KMN],c2[MN],(F-1.#a1.e1)[KLM],(c.g.e1.#a1)[K],c2[LM],(F-1.#a1)[J],(#c.g.e1.#a)[J],(F-1.f1.a)[KLMN],(c.f)[KLMN],(F-1.f1.a)[J],(c.f)[KLMN],(F-1.f1.a)[J],(c.f)[KLMN],(F-1.f1.a)[J],(c.f)[JLN],(F-1.c.f.f1.a)[HJKN];"],"id":3,"instruments":["piano","piano"],"alternatives":["",""]}],"audition":{"start":[0,0],"end":[2,129]}}