{"baseBpm":222,"musics":[{"bpm":222,"baseBeats":0.75,"scores":["mute[JM],mute[LM],mute[KLM],mute[HKN],mute[JM],mute[LMN],mute[KLMN],mute[HKN],mute[JM],mute[LM],mute[KL],mute[JM],mute[LMN],mute[KLMN],mute[JKLM],mute[LM],mute[JKLM],mute[K],mute[HKN],mute[JM],mute[LM],mute[KL],mute[JMN],mute[LM],mute[KLMN],mute[HKN],mute[IL],mute[ILN],mute[JM],mute[LM],mute[KL],mute[KLN],mute[KL],mute[KLM],mute[JKLM],mute[LM],mute[JKLMN],mute[K],mute[HKN],mute[JM],mute[LM],mute[J],mute[HK],mute[JMN],mute[LMN],mute[KLMN],mute[HKN],mute[JM],mute[LM],mute[KL],mute[JM],mute[LMN],mute[KLMN],mute[JKLM],mute[LM],mute[JKLM],mute[K],mute[HKN],mute[JM],mute[LM],mute[KL],mute[JM],mute[LMN],mute[KLMN],mute[ILN],mute[JKLM],mute[K],mute[ILMN],mute[ILMN],mute[JL],mute[LMN],mute[KLN],mute[JKM],mute[KLM],mute[IL],mute[JM],mute[LM],mute[KLN],mute[JMN],mute[LMN],mute[K],mute[LMN],mute[JKN],mute[LM],mute[K],mute[JKLM],mute[KN],mute[HIKLN],mute[KN],mute[KM],mute[KM],mute[KN],mute[KM],mute[KN],mute[KM],mute[KM],mute[KM],mute[KM],mute[KN],mute[KM],mute[KN],mute[KM],mute[KM],mute[KN],mute[KM],mute[KN],mute[KM],mute[KM],mute[KM],mute[KN],mute[KM],mute[KM],mute[KM],mute[KN],mute[KMN],mute[KN],mute[KM],mute[KM],mute[KN],mute[KM],mute[KN],mute[KM],mute[KM],mute[KM],mute[KN],mute[KM],mute[KN],mute[KM],mute[KM],mute[KN],mute[KM],mute[KN],mute[KM],mute[KM],mute[KM],mute[KM],mute[KN],mute[KM],mute[KN],mute[KM],mute[KM],mute[KM],mute[KM],mute[KM],mute[KN],mute[KM],mute[KN],mute[KM],mute[KM],mute[KN],mute[KMN],mute[KM],mute[KN],mute[KM],mute[KN],mute[KM],mute[KM],mute[KN],mute[KM],mute[KN],mute[KM],mute[KM],mute[KM],mute[KM],mute[KN],mute[KMN],mute[KN],mute[KM],mute[KM],mute[KM],mute[KN],mute[KM],mute[KM],mute[KN],mute[KM],mute[KN],mute[KM],mute[KM],mute[KN],mute[KM],mute[KN],mute[KM],mute[KM],mute[KN],mute[KM],mute[KM],mute[KN],mute[KM],mute[KM],mute[KN],mute[KM],mute[KN],mute[KMN],mute[KN],mute[KM],mute[KM],mute[KM],mute[KN],mute[KM],mute[KN],mute[KM],mute[KM],mute[KM],mute[KM],mute[KM],mute[KM],mute[KN],mute[KM],mute[KN],mute[KM];","(#d.#G-1.c1.c2.#g1)[JM],(#d.#A-1.#c2.#c1.g1)[LM],(#d.#G-1.c1.c2.#g1)[KLM],(#A-1.#d.g1.#c1.#c2)[HKN],(#d.#G-1.#g1.c1.c2)[JM],(#A-1.#d.#c2.g1.#c1)[LMN],(#d.#G-1.#g1.c2.c1)[KLMN],(#D-1.#d.#a1.#a.g1)[HKN],(#d.#G-1.c2.c1.#g1)[JM],(#d.#A-1.#c1.#c2.g1)[LM],(#G-1.#d.#g1.c1.c2)[KL],(#d.#G-1.#g1.c1.c2)[JM],(#A-1.#d.#c2.g1.#c1)[LMN],(#d.#G-1.#g1.c2.c1)[KLMN],(c.#d.#d2.#d1.#g1)[JKLM],(#d1.#d2)[LM],(#d.#A-1.#c1.g1.#c2)[JKLM],(#d.#G-1.c2.#g1.c1)[K],(#G-1.#d.#g1.c2.c1)[HKN],(#d.#D-1.#a1.#a.g1)[JM],(#G-1.#d.#g1.b.b1)[LM],(#d.#D-1.#a.#a1.g1)[KL],(#D-1.#d.g1.#a.#a1)[JMN],(#d.#G-1.b1.b.#g1)[LM],(#d.#D-1.#a1.g1.#a)[KLMN],(D-1.d.#g1.f1.b1)[HKN],(#d.#D-1.#d1)[IL],(#a1.g1)[ILN],(#D-1.#d.#a1.#f1.#a)[JM],(#d.#G-1.b.#g1.b1)[LM],(#D-1.#d.#a.#f1.#a1)[KL],(#d.#D-1.#f1.#a.#a1)[KLN],(#F-1.#d.#d2.#a1.#d1)[KL],(#d.B-1.#d2.f2.f1)[KLM],(#A-1.#d.#f2.#f1.#d2)[JKLM],(#f1.#f2)[LM],(#g.#A-1.d2.f1.f2)[JKLMN],(g.#d.#d2.#d1)[K],(#d.g.#d1.#d2)[HKN],(#d.#G-1.#g1.c1.c2)[JM],(#A-1.#d.#c2.g1.#c1)[LM],(#d.#G-1.#g1.c2.c1)[J],(#A-1.#d.#c2.#c1.g1)[HK],(#d.#G-1.c2.c1.#g1)[JMN],(#d.c.#d1.#d2)[LMN],(#G-1.#d.c2.#g1.c1)[KLMN],(#d.#D-1.g1.#a1.#a)[HKN],(#G-1.#d.c2.c1.#g1)[JM],(#d.#A-1.#c2.#c1.g1)[LM],(#G-1.#d.c1.c2.#g1)[KL],(#d.#G-1.#g1.c1.c2)[JM],(#d.#c.#g1.f1.f2)[LMN],(c.#d.#g1.#d2.#d1)[KLMN],(#d.c.#g1.#d2.#d1)[JKLM],(#d1.#d2)[LM],(#A-1.#d.g1.#c1.#c2)[JKLM],(#d.#G-1.#g1.c1.c2)[K],(#G-1.#d.c2.#g1.c1)[HKN],(#d.#D-1.g1.#a1.#a)[JM],(#d.#G-1.#g1.b.b1)[LM],(#D-1.#d.#a1.#a.g1)[KL],(#D-1.#d.#a.#a1.g1)[JM],(#d.#G-1.b1.b.#g1)[LMN],(#d.#D-1.g1.#a.#a1)[KLMN],(D-1.d.b1.#g1.f1)[ILN],(b1.#g1.f2)[JKLM],#d2[K],(#d.#D-1.b1.#g1.#d2)[ILMN],(#a1.g1)[ILMN],(a1.#d2.#f1.c1)[JL],f2[LMN],(#f1.c1.a1.#d2)[KLN],(#c1.#d2.#f1.#g1)[JKM],c2[KLM],(#g1.f1.#c2)[IL],(B-2.B-1.f1.#c2.#g1)[JM],#d2[LM],(B-1.B-2.#c2.#g1.f1)[KLN],(#A-2.#A-1.#f1.#d2)[JMN],#c2[LMN],(A-1.A-2.#c2.#f1)[K],#c2[LMN],(#G-1.#G-2.#c2.#f1.#f2)[JKN],f2[LM],f2[K],(#g.#G-1.#d2.#f1.c2)[JKLM],(#g.#c.#c2.f1)[KN],(#c.#g.#c2.f1)[HIKLN],(#F-1.#c2)[KN],#c[KM],a[KM],(#F-1.#c2)[KN],#c[KM],a[KN],(#F-1.#c2)[KM],#c[KM],a[KM],(#F-1.d2)[KM],d[KN],b[KM],#F-1[KN],d[KM],b[KM],#F-1[KN],d[KM],b[KN],(#F-1.e2)[KM],B-1[KM],(#g.d2)[KM],(#F-1.d2)[KN],#c[KM],(a.#c2)[KM],(#F-1.#c2)[KM],d[KN],(b.b1)[KMN],(#F-1.#c2)[KN],#c[KM],a[KM],#F-1[KN],#c[KM],a[KN],(#F-1.#c2)[KM],#c[KM],(#f.a1)[KM],(#c.#g1)[KN],f[KM],#g[KN],#c[KM],f[KM],#g[KN],(A-1.#f2)[KM],#c[KN],(#f.a1)[KM],(#c.#g1)[KM],f[KM],#g[KM],d[KN],(#g.b1)[KM],(#f.a1)[KN],(f.#g1)[KM],(#f.a1)[KM],(#c.#g.b1)[KM],(#F-1.#c2)[KM],#c[KM],a[KN],(#F-1.#c2)[KM],B-1[KN],#g[KM],(#F-1.#c2)[KM],A-1[KN],#f[KMN],(E-1.d2)[KM],B-1[KN],#g[KM],E-1[KN],B-1[KM],#g[KM],E-1[KN],B-1[KM],#g[LN],d2[L],(E-1.#f2)[KM],B-1[KM],(#g.d2)[KM],(E-1.d2)[KM],#c[KN],(a.#c2)[KMN],(E-1.#c2)[KN],d[KM],(#g.b1)[KM],(A-1.#c2)[KM],#c[KN],a[KM],A-1[KM],#c[KN],#g[KM],(A-1.#c2)[KN],#c[KM],(#f.a1)[KM],(B-1.#g1)[KN],d[KM],#f[KN],d[KM],#f[KM],b[KN],(#c.b1)[KM],(f.a1)[KM],(B-1.#g1)[KN],(A-1.#c2)[KM],#c[KM],#f[KN],#G-1[KM],B-1[KN],#f[LM],#c2[LN],(A-1.#f2)[KN],#c[KM],(#f.a1)[KM],(B-1.#g1)[KM],d[KN],#f[KM],d[KN],(#f.a1)[KM],(b.#g1)[KM],(#c.b1)[KM],(f.a1)[KM],(b.#g1)[KM],(a.#f.#f1)[KM],#F-1[KN],A-1[KM],#c[KN],#f[KM];"],"id":1,"instruments":["piano","piano"],"alternatives":["",""]},{"bpm":222,"baseBeats":0.75,"scores":["mute[KM],mute[KN],mute[KM],mute[KN],mute[KM],mute[KM],mute[KN],mute[KM],mute[KN],mute[KM],mute[KM],mute[KM],mute[KM],mute[KN],mute[KM],mute[KN],mute[KM],mute[KM],mute[KN],mute[KM],mute[KN],mute[KM],mute[KM],mute[KM],mute[KN],mute[KM],mute[KM],mute[KM],mute[KMN],mute[KM],mute[KL],mute[KL],mute[KLMN],mute[JMN],mute[IJKLMN],mute[JM],mute[LM],mute[KLMN],mute[HKN],mute[JM],mute[LM],mute[KLMN],mute[HKN],mute[JM],mute[LM],mute[KL],mute[JM],mute[LM],mute[KLMN],mute[JKLM],mute[LM],mute[JKLM],mute[K],mute[HK],mute[JM],mute[LM],mute[KL],mute[JMN],mute[LM],mute[KLMN],mute[HKN],mute[IL],mute[IL],mute[JM],mute[LM],mute[KL],mute[JM],mute[LM],mute[KL],mute[KL],mute[KLN],mute[KL],mute[KL],mute[KLN],mute[KLMN],mute[IK],mute[ILM],mute[KL],mute[KL],mute[J],mute[ILMN],mute[IL],mute[JM],mute[LM],mute[KL],mute[IL],mute[JKN],mute[KL],mute[KL],mute[KL],mute[KLN],mute[KLN],mute[KLN],mute[KLM],mute[JKLM],mute[LMN],mute[JKLM],mute[LMN],mute[JKLMN],mute[LMN],mute[JKLMN],mute[LMN],mute[JMN],mute[LM],mute[KLN],mute[JKLMN],mute[LMN],mute[JKLMN],mute[LMN],mute[JMN],mute[LM],mute[KLM],mute[JKLMN],mute[LMN],mute[JKLMN],mute[LMN],mute[JMN],mute[LM],mute[KLN],mute[JMN],mute[LMN],mute[KLN],mute[ILN],mute[I],mute[K],mute[JKLMN],mute[LMN],mute[JKLMN],mute[LMN],mute[JM],mute[LM],mute[KLM],mute[JKLMN],mute[LMN],mute[JKLMN],mute[LMN],mute[JM],mute[LMN],mute[KLN],mute[I],mute[K],mute[I],mute[LM],mute[JMN],mute[LMN],mute[KL],mute[JLN],mute[LMN],mute[KLM],mute[ILM],mute[IN],mute[LMN],mute[HJMN],mute[KLN],mute[KN],mute[KN],mute[K],mute[KM],mute[K],mute[KN],mute[KN],mute[KM],mute[KN],mute[KN],mute[KN],mute[KN],mute[K],mute[KN],mute[KN],mute[KN],mute[KN],mute[KN],mute[KN],mute[KM],mute[K],mute[KN],mute[KM],mute[KN],mute[K],mute[KMN],mute[KN],mute[KN],mute[KN],mute[K],mute[KM],mute[KN],mute[KN],mute[KN],mute[KN],mute[KN],mute[KN],mute[KN],mute[KN],mute[KN],mute[KN];","#g[KM],a[KN],#c1[KM],#f[KN],(f.#c2)[KM],#g[KM],#c1[KN],(f.#c2)[KM],#g[KN],#c1[KM],(f.#c2)[KM],#g[KM],#c1[KM],(e.#c2)[KN],#g[KM],#c1[KN],(e.#c2)[KM],#g[KM],#c1[KN],(e.#c2)[KM],#g[KN],#c1[LN],#c2[LN],(#d.e2)[KM],g[KM],(#c1.#d2)[KN],(#d.#d2)[KM],(g.#d2)[KM],(#c1.#d2)[KM],(#d.#d2)[KMN],(g.#d2)[KM],(#c1.#d2)[KL],(g.#d.#d2)[KL],#a[KLMN],c1[JMN],#c1[IJKLMN],(#d.#G-1.#g1.c1.c2)[JM],(#A-1.#d.g1.#c1.#c2)[LM],(#d.#G-1.#g1.c1.c2)[KLMN],(#A-1.#d.#c2.g1.#c1)[HKN],(#d.#G-1.#g1.c2.c1)[JM],(#A-1.#d.#c2.#c1.g1)[LM],(#d.#G-1.c2.c1.#g1)[KLMN],(#d.#D-1.#a.#a1.g1)[HKN],(#G-1.#d.#g1.c1.c2)[JM],(#d.#A-1.g1.#c1.#c2)[LM],(#G-1.#d.c2.#g1.c1)[KL],(#d.#G-1.#g1.c2.c1)[JM],(#c.#d.f2.f1.#g1)[LM],(#d.c.#g1.#d1.#d2)[KLMN],(#d.c.#d1.#d2.#g1)[JKLM],(#d2.#d1)[LM],(#A-1.#d.#c1.#c2.g1)[JKLM],(#d.#G-1.c2.c1.#g1)[K],(#G-1.#d.c2.c1.#g1)[HK],(#d.#D-1.#a.#a1.g1)[JM],(#G-1.#d.b1.b.#g1)[LM],(#d.#D-1.g1.#a.#a1)[KL],(#D-1.#d.#a1.g1.#a)[JMN],(#d.#G-1.b1.#g1.b)[LM],(#D-1.#d.#a1.#a.g1)[KLMN],(d.D-1.f1.b1.#g1)[HKN],(#d.#D-1.#d1)[IL],(g1.#a1)[IL],(#d1.b1.#f1)[JM],#c2[LM],(#d.b1.#f1.#d1)[KL],(#g.b1.#c2.f1)[JM],#a[LM],(#g.d2)[KL],(a.b.#f1.#d2.b1)[KL],(#g.b1.e1.e2)[KLN],(#d1.#f.b1.#f1.#f2)[KL],(e.e1.b1.#g1.#g2)[KL],(#g.e2)[KLN],(b.#d1.f1.#d2.#g1)[KLMN],(#f.b.#d1.#d2.b1.#f1)[IK],(#c1.#a.#c2.#a1)[ILM],(e.e1.#g1.#g2.b1)[KL],(#g.e2)[KL],(#d1.b.#d2.f1.#g1)[J],(#d1.b.#f.#f1.#d2.b1)[ILMN],(#c1.#a.#c2.#a1)[IL],(G-1.#d.#d1.#c2)[JM],#d2[LM],#a1[KL],(#d.#G-1.#d1.#c2)[IL],c2[JKN],(#A-1.#c2)[KL],(#d.c.#d1.#d2)[KL],(#A-1.g1.#c2)[KL],(#G-1.c2.#g1)[KLN],(#c.c2.f1)[KLN],#a1[KLN],(#a.e1.#c2)[KLM],(c1.#d.#d1.#g1)[JKLM],(#d.#a.g1.#c1)[LMN],(#d.#a.#c1.g1)[JKLM],(#g.#G-1.#g1.c1)[LMN],(#G-1.#g.c1.#g1)[JKLMN],#d[LMN],#d[JKLMN],(#G-1.#g1.c1.c2)[LMN],(#G-1.c2.#g1.c1)[JMN],(#A-1.g1.#c2.#c1)[LM],(#G-1.c2.c1.#g1)[KLN],(#A-1.#c2.#c1.g1)[JKLMN],#d[LMN],#d[JKLMN],(#D-1.#a.#a1.g1)[LMN],(#D-1.g1.#a.#a1)[JMN],(#G-1.#g1.c1.c2)[LM],(#D-1.#a1.g1.#a)[KLM],(#G-1.#g1.c2.c1)[JKLMN],#d[LMN],#d[JKLMN],(c.#d1)[LMN],(c.#d1)[JMN],(#c.f1)[LM],(c.#d1)[KLN],(#c.f1)[JMN],(c.#d1)[LMN],(c.#d1)[KLN],(#d.c1.#g1)[ILN],(#D-1.#d.g1.#c1.#a1)[I],(#d.#G-1.c1.#g1)[K],(#d.#G-1.c1.#g1)[JKLMN],#d2[LMN],#d2[JKLMN],(#d.c1.#g1.#d1)[LMN],(c1.#d.#d1.#g1)[JM],(#d.#c1.#a1.f1)[LM],(c1.#d.#g1.#d1)[KLM],(#d.#c1.f1.#a1)[JKLMN],#d2[LMN],#d2[JKLMN],(#a.#d.#c1.g1)[LMN],(#d.#a.g1.#c1)[JM],(#d.c1.#d1.#g1)[LMN],(#d.#c1.f1.#a1)[KLN],(c1.#d.#d1.#g1)[I],#d2[K],#d2[I],(c1.#d.#d1)[LM],(c1.#d.#d1)[JMN],(#c1.#d.f1)[LMN],(#d.c1.#d1)[KL],(#c1.#d.#g1.f1)[JLN],(#d.c1.#d1)[LMN],(c1.#d.#d1)[KLM],(#d.#d1.#d2.c2)[ILM],(#c1.#d.#d1.#d2.g2.#a1)[IN],(c1.#d1.#g.#d2.#g1.#g2)[LMN],(c1.#d1.#g.#g2.#g1.#d2)[HJMN],(#F-1.a1.a2.#f2)[L],(#F-1.#f2.a1.a2)[KN],#c[KN],a[KN],(#F-1.a1.a2.#f2)[K],#c[KM],a[K],(#F-1.e2.#a1.#a2)[KN],#c[KN],#f[KM],(#F-1.d2.b1.b2)[KN],d[KN],b[KN],#F-1[KN],d[K],b[KN],#F-1[KN],d[KN],b[LN],(b1.b2.d2)[L],(#F-1.e2.#c3.#c2)[KN],B-1[KN],#g[LN],(b2.b1.d2)[LN],(#F-1.b2.b1.d2)[K],#c[KN],a[LN],(a1.a2.#c2)[LN],(#F-1.#c2.a1.a2)[KN],d[K],b[LN],(b1.#g1.#g2)[LM],(#F-1.a2.#c2.a1)[KN],#c[KN],a[KN],#F-1[K],#c[KM],a[KN],(A-1.#c3.#c2)[KN],#c[KN],#f[LN],(a1.#f2.a2)[L],(#c.f2.#g1.#g2)[KN],f[KN],#g[KN],#c[KN],f[KN],#g[KN];"],"id":2,"instruments":["piano","piano"],"alternatives":["",""]},{"bpm":222,"baseBeats":0.75,"scores":["mute[KN],mute[KN],mute[KM],mute[K],mute[KN],mute[KN],mute[KN],mute[KN],mute[KM],mute[KM],mute[KM],mute[KM],mute[KN],mute[KN],mute[KM],mute[KN],mute[KN],mute[KN],mute[KM],mute[KN],mute[KM],mute[KN],mute[KN],mute[KM],mute[KN],mute[KN],mute[KM],mute[KN],mute[KM],mute[KN],mute[KN],mute[KM],mute[KN],mute[KM],mute[KN],mute[KM],mute[KN],mute[KM],mute[KM],mute[KN],mute[KN],mute[KM],mute[KN],mute[KN],mute[KM],mute[KN],mute[KN],mute[KM],mute[KN],mute[KN],mute[KM],mute[KN],mute[KN],mute[KM],mute[KN],mute[KM],mute[KM],mute[KN],mute[KM],mute[KN],mute[KN],mute[KM],mute[KM],mute[KM],mute[KN],mute[KN],mute[KM],mute[KN],mute[KN],mute[KM],mute[KN],mute[KN],mute[KM],mute[KN],mute[KN],mute[KM],mute[KM],mute[KN],mute[KN],mute[KM],mute[KM],mute[KN],mute[KN],mute[KM],mute[KN],mute[KM],mute[KN],mute[KM],mute[KN],mute[KM],mute[KN],mute[KM],mute[KM],mute[KM],mute[KN],mute[KN],mute[KM],mute[KN],mute[KM],mute[KN],mute[KM],mute[KM],mute[KN],mute[KN],mute[KM],mute[KN],mute[KM],mute[KM],mute[KMN],mute[KMN],mute[KL],mute[KLN],mute[KLMN],mute[JMN],mute[HJ],mute[JMN],mute[LM],mute[KLMN],mute[HKM],mute[JMN],mute[LMN],mute[JM],mute[HKM],mute[JMN],mute[LM],mute[KLN],mute[JM],mute[LM],mute[KLMN],mute[JKLMN],mute[LM],mute[JKLMN],mute[K],mute[HKM],mute[JMN],mute[LM],mute[KL],mute[JMN],mute[LM],mute[J],mute[ILN],mute[JKLMN],mute[K],mute[ILMN],mute[ILN],mute[JL],mute[LMN],mute[KLN],mute[JKMN],mute[KLN],mute[ILN],mute[JMN],mute[LM],mute[KLN],mute[JL],mute[LM],mute[K],mute[K],mute[JKN],mute[LM],mute[K],mute[JKLMN],mute[KN],mute[JKLMN],mute[LMN],mute[JKLMN],mute[LM],mute[JMN],mute[LM],mute[KLN],mute[JKLMN],mute[LMN],mute[JKLMN],mute[LMN],mute[JM],mute[LM],mute[KLM],mute[JKLM],mute[K],mute[JKLM],mute[LMN],mute[JMN],mute[LM],mute[KLN],mute[JMN],mute[LMN],mute[KLN],mute[ILN],mute[JKLMN],mute[K],mute[JKLMN],mute[LMN],mute[JKLM],mute[LMN],mute[JMN],mute[LM],mute[KLN],mute[JKLMN],mute[K],mute[JKLM],mute[LMN],mute[JMN],mute[LM],mute[KLN],mute[JKLMN],mute[LMN],mute[JKLMN],mute[LMN],mute[JMN],mute[LM],mute[KLN],mute[JMN],mute[LMN],mute[KLM],mute[ILM],mute[IMN],mute[K],mute[HHJM];","(A-1.a2.#f2.#f3)[KN],#c[KN],#f[L],(#f2.a2.a1)[LM],(#c.f2.#g2.#g1)[K],f[KN],#g[KN],d[KN],(#g.b1)[KN],(#f.a1)[KM],(f.#g1)[KM],(#f.a1)[KM],(#c.#g.b1)[KM],(#F-1.#c2)[KN],#c[KN],a[KM],(#F-1.#c2)[KN],B-1[KN],#g[KN],(#F-1.#c2)[KM],A-1[KN],#f[KM],(E-1.d2)[KN],B-1[KN],#g[KM],E-1[KN],B-1[KN],#g[KM],E-1[KN],B-1[KM],#g[L],d2[LN],(E-1.#f2)[KN],B-1[KM],(#g.d2)[KN],(E-1.d2)[KM],#c[KN],(a.#c2)[KM],(E-1.#c2)[KN],d[KM],(#g.b1)[KM],(A-1.#c2)[KN],#c[KN],a[KM],A-1[KN],#c[KN],#g[KM],(A-1.#c2)[KN],#c[KN],(#f.a1)[KM],(B-1.#g1)[KN],d[KN],#f[KM],d[KN],#f[KN],b[KM],(#c.b1)[KN],(f.a1)[KM],(b.#g1)[KM],(A-1.#c2)[KN],#c[KM],#f[KN],#G-1[KN],B-1[KM],#f[LN],#c2[LN],(#A-1.#f2)[KM],#c[KN],(#f.#a1)[KN],(B-1.#g1)[KM],#d[KN],#f[KN],c[KM],(#f.#a1)[KN],(#g.#g1)[KN],(#c.b1)[KM],(f.#a1)[KN],(b.#g1)[KN],(#f.#a.#f1)[KM],#F-1[KM],#A-1[KN],#c[KN],#f[KM],#g[KM],#a[KN],#c1[KN],#f[KM],(f.#c2)[KN],#g[KM],#c1[KN],(f.#c2)[KM],#g[KN],#c1[KM],(f.#c2)[KN],#g[KM],#c1[KM],(e.#c2)[KM],#g[KN],#c1[KN],(e.#c2)[KM],#g[KN],#c1[KM],(e.#c2)[KN],#g[KM],#c1[LN],#c2[LN],(#d.e2)[KN],g[KN],(#c1.#d2)[KM],(#d.#d2)[KN],(g.#d2)[KM],(#c1.#d2)[KM],(#d.#d2)[KMN],(g.#d2)[KMN],(#c1.#d2)[KL],(#d.g.#d2)[KLN],#a[KLMN],c1[JMN],#c1[HJ],(#G-1.#d.c1.#g1.c2)[JMN],(#d.#A-1.#c1.#c2.g1)[LM],(#G-1.#d.#g1.c1.c2)[KLMN],(#d.#A-1.g1.#c1.#c2)[HKM],(#G-1.#d.c2.#g1.c1)[JMN],(#d.c.#d2.#d1)[LMN],(#d.#G-1.c1.c2.#g1)[JM],(#D-1.#d.g1.#a.#a1)[HKM],(#d.#G-1.#g1.c1.c2)[JMN],(#A-1.#d.#c2.g1.#c1)[LM],(#d.#G-1.#g1.c2.c1)[KLN],(#G-1.#d.c2.c1.#g1)[JM],(#d.#c.f2.f1.#g1)[LM],(#d.c.#d1.#g1.#d2)[KLMN],(c.#d.#g1.#d1.#d2)[JKLMN],(#d1.#d2)[LM],(#d.#A-1.#c2.#c1.g1)[JKLMN],(#G-1.#d.c2.c1.#g1)[K],(#d.#G-1.c1.c2.#g1)[HKM],(#D-1.#d.g1.#a.#a1)[JMN],(#d.#G-1.b1.b.#g1)[LM],(#D-1.#d.#a1.g1.#a)[KL],(#d.#D-1.g1.#a1.#a)[JMN],(#G-1.#d.#g1.b.b1)[LM],(#d.#D-1.#a1.#a.g1)[J],(d.D-1.f1.b1.#g1)[ILN],(b1.f2.#g1)[JKLMN],#d2[K],(#D-1.#d.#d2.b1.#g1)[ILMN],(#a1.g1)[ILN],(#f1.c1.a1.#d2)[JL],f2[LMN],(a1.c1.#d2.#f1)[KLN],(#f1.#g1.#c1.#d2)[JKMN],c2[KLN],(#c2.f1.#g1)[ILN],(#f.#F-1.#g2.c2.#d2)[JMN],#a2[LM],(#F-1.#f.#d2.#g2.c2)[KLN],(f.F-1.#c2.#a2)[JL],#g2[LM],(E-1.e.#c2.#g2)[K],#g2[K],(#d.#D-1.#c2.#c3.#g2)[JKN],c3[LM],c3[K],(#D-1.#d.#c2.g2.#a2)[JKLMN],(#d.#G-1.c2.#g2)[KN],(#G-1.#d.c2.#g2)[JKLMN],#d[LMN],#d[JKLMN],(#G-1.#g1.c2.c1)[LM],(#G-1.c2.c1.#g1)[JMN],(#A-1.#c2.#c1.g1)[LM],(#G-1.c1.c2.#g1)[KLN],(#A-1.g1.#c1.#c2)[JKLMN],#d[LMN],#d[JKLMN],(#D-1.g1.#a.#a1)[LMN],(#D-1.#a1.g1.#a)[JM],(#G-1.#g1.c2.c1)[LM],(#D-1.#a1.#a.g1)[KLM],(#G-1.c2.c1.#g1)[JKLM],#d[K],#d[JKLM],(c.#d1)[LMN],(c.#d1)[JMN],(#c.f1)[LM],(c.#d1)[KLN],(#c.f1)[JMN],(c.#d1)[LMN],(c.#d1)[KLN],(#d.c1.#g1)[ILN],(#d.#D-1.#a1.g1.#c1)[JKLMN],(#G-1.#d.#g1.c1)[K],(#d.#G-1.c1.#g1)[JKLMN],#d2[LMN],#d2[JKLM],(#d.c1.#g1.#d1)[LMN],(c1.#d.#d1.#g1)[JMN],(#d.#c1.f1.#a1)[LM],(c1.#d.#g1.#d1)[KLN],(#c1.#d.#a1.f1)[JKLMN],#d2[K],#d2[JKLM],(#d.#a.g1.#c1)[LMN],(#d.#a.#c1.g1)[JMN],(#d.c1.#g1.#d1)[LM],(#c1.#d.f1.#a1)[KLN],(#d.c1.#d1.#g1)[JKLMN],#d2[LMN],#d2[JKLMN],(c1.#d.#d1)[LMN],(#d.c1.#d1)[JMN],(#d.#c1.f1)[LM],(c1.#d.#d1)[KLN],(#d.#c1.f1.#g1)[JMN],(c1.#d.#d1)[LMN],(#d.c1.#d1)[KLM],(#d.#d1.#d2.c2)[ILM],(#d.#d1.#c1.g2.#a1.#d2)[IMN],(#g.#d1.c1.#g1.#d2.#g2)[K],(#g.#d1.c1.#d2.#g1.#g2)[HHJM];"],"id":3,"instruments":["piano","piano"],"alternatives":["",""]}],"audition":{"start":[0,0],"end":[2,217]}}