{"baseBpm":339,"musics":[{"bpm":339,"baseBeats":0.75,"scores":["mute[KL],mute[LM],mute[LM],mute[KL],mute[LM],mute[LM],mute[KL],mute[LM],mute[LM],mute[KL],mute[LM],mute[LM],mute[KL],mute[LM],mute[LMN],mute[KL],mute[LM],mute[LM],mute[KL],mute[LM],mute[LM],mute[KL],mute[LM],mute[LM],mute[KL],mute[LM],mute[LM],mute[KL],mute[LM],mute[LM],mute[KL],mute[LM],mute[LMN],mute[KL],mute[LM],mute[LM],mute[KL],mute[LM],mute[LM],mute[KL],mute[LM],mute[LM],mute[KL],mute[KLN],mute[KLN],mute[KL],mute[KLN],mute[KL],mute[KLN],mute[LM],mute[LM],mute[KLN],mute[LM],mute[LMN],mute[KL],mute[KLN],mute[KLN],mute[KLM],mute[KL],mute[LM],mute[LM],mute[KL],mute[LM],mute[LM],mute[KL],mute[LM],mute[LM],mute[KL],mute[LM],mute[LM],mute[KL],mute[LM],mute[LM],mute[KL],mute[LM],mute[LM],mute[KL],mute[LM],mute[LMN],mute[KL],mute[LM],mute[LM],mute[KL],mute[LM],mute[LM],mute[KL],mute[LM],mute[LM],mute[KL],mute[LM],mute[LM],mute[KL],mute[LM],mute[LM],mute[KL],mute[LM],mute[LMN],mute[KL],mute[LM],mute[LM],mute[KL],mute[KLN],mute[KL],mute[KLN],mute[KL],mute[KLN],mute[KLN],mute[LM],mute[LM],mute[KL],mute[LM],mute[LMN],mute[KLN],mute[KL],mute[KLM],mute[KL],mute[KL],mute[LM],mute[LM],mute[KLN],mute[LM],mute[LM],mute[KL],mute[LM],mute[LM],mute[KL],mute[KL],mute[KL],mute[LM],mute[LMN],mute[KL],mute[KL],mute[KL],mute[LM],mute[LM],mute[KL],mute[LM],mute[LM],mute[KL],mute[LM],mute[LM],mute[KL],mute[KLN],mute[KL],mute[LM],mute[LM],mute[KL],mute[KLN],mute[LM],mute[LM],mute[LM],mute[LM],mute[LM],mute[LM],mute[LM],mute[LM],mute[LM],mute[LM],mute[LM],mute[LM],mute[LM],mute[LM],mute[LM],mute[LM],mute[LM],mute[LM],mute[LM],mute[LM],mute[LM],mute[LM],mute[LM],mute[LM],mute[LM],mute[LM],mute[LM],mute[LM],mute[LM],mute[LM],mute[LM],mute[LM],mute[LM],mute[LM],mute[LM],mute[LM],mute[LM],mute[LM],mute[LM],mute[LM],mute[LM],mute[LM],mute[LM],mute[LM],mute[LM],mute[LM],mute[LM],mute[LM],mute[LM],mute[LM],mute[LM],mute[LM],mute[LM],mute[LM],mute[LM],mute[LM],mute[LM],mute[LM],mute[LM],mute[LM],mute[LM],mute[LM],mute[LM],mute[LM],mute[LM],mute[LM],mute[LM],mute[LM],mute[LM],mute[LM],mute[LM],mute[LM],mute[LM],mute[LM],mute[LM],mute[LM],mute[LM],mute[LM],mute[LM],mute[LM],mute[LM],mute[LM],mute[LM],mute[LM],mute[LM],mute[LM],mute[LM],mute[LM],mute[LM],mute[LM],mute[LM],mute[LM],mute[LM],mute[LM],mute[LM],mute[LM];","(f.F-1.#g2.c2.#g1)[KL],(f.c2.#g1.g2)[LM],(f.#g1.c2.f2)[LM],(f.F-1.c2.f2.#g1)[KL],(f.c2.#g1)[LM],(f.#g1.c2)[LM],(F-1.f.#a1.#c2.f2)[KL],(f.#a1.#c2)[LM],(f.#c2.#a1)[LM],(f.F-1.c2.#g1.f2)[KL],(f.c2.#g1)[LM],(f.c2.#g1)[LM],(F-2.F-1.#g1.c2)[KL],(F-1.c2.#g1.g1)[LM],(F-1.c2.f1.#g1)[LMN],(F-1.F-2.#g1.c2.f1)[KL],(F-1.c2.c1.#g1)[LM],(F-1.#g1.c2.c1)[LM],(F-1.F-2.f1.#a1.#c2)[KL],(F-1.#a1.#c1.#c2)[LM],(F-1.#c2.#a1.#c1)[LM],(F-2.F-1.c2.f1.#g1)[KL],(F-1.#g1.c2.c1)[LM],(F-1.c2.#g1.c1)[LM],(f.#g1.b1.f1)[KL],(d.d1.#g1.b1)[LM],(d.d1.b1.#g1)[LM],(#d.g1.c2.#d1)[KL],(c.c2.g1.c1)[LM],(c.c1.g1.c2)[LM],(B-1.g1.d2.d1)[KL],(G-1.g1.b1.d1)[LMN],(G-1.d1.g1.b1)[LM],(c.#d2.#d1.g1)[KL],(G-1.g1.c2.#d1)[LM],(G-1.c2.g1.#d1)[LM],(d.f2.g1)[KL],(G-1.g1.g2)[LM],(G-1.g1.g2)[LM],(#d.#f2.g1)[KL],(G-1.g1.g2)[LM],(G-1.g2.g1)[LM],(#d.g1.g2)[KL],(#C-1.#c.f2.#g1.#g2)[KLN],(#C-1.#c.#g1.f2.#g2)[KLN],(#c.#C-1.#g2.f2.#g1)[KL],(#c.#C-1.#g1.f2.#g2)[KLN],(F-1.f.#g2.#c3.#c2)[KL],(#g.#G-1.f.#c2.#g2.#c3)[KLN],(#G-1.#g.f.#c2.#c3.#g2)[LM],(#G-1.#g.f.#g2.#c2.#c3)[LM],(#g.#f.#G-1.#d2.c3.#d3)[KLN],(#G-1.#g.#f.c3.#d3.#d2)[LM],(#G-1.#g.#f.#d2.c3.#d3)[LMN],(#g.f.#c.#c3.#c2)[KL],(#c.#C-1.f2.b1.#g2.b2)[KLN],(c.C-1.c2.f2.#g2.c3)[KLN],(C-1.c.c3.e2.c2.g2)[KLM],(f.F-1.#g2.#g1.c2)[KL],(f.#g1.c2.g2)[LM],(f.#g1.c2.f2)[LM],(f.F-1.#g1.c2.f2)[KL],(f.c2.#g1)[LM],(f.c2.#g1)[LM],(f.F-1.#a1.#c2.f2)[KL],(f.#c2.#a1)[LM],(f.#c2.#a1)[LM],(f.F-1.#g1.c2.f2)[KL],(f.c2.#g1)[LM],(f.c2.#g1)[LM],(F-1.F-2.c2.#g1)[KL],(F-1.c2.#g1.g1)[LM],(F-1.c2.#g1.f1)[LM],(F-1.F-2.c2.#g1.f1)[KL],(F-1.c2.#g1.c1)[LM],(F-1.c2.#g1.c1)[LM],(F-1.F-2.f1.#a1.#c2)[KL],(F-1.#c2.#a1.#c1)[LM],(F-1.#c2.#a1.#c1)[LMN],(F-1.F-2.c2.#g1.f1)[KL],(F-1.c2.#g1.c1)[LM],(F-1.c2.#g1.c1)[LM],(f.f1.#g1.b1)[KL],(d.d1.#g1.b1)[LM],(d.d1.#g1.b1)[LM],(#d.c2.g1.#d1)[KL],(c.c2.g1.c1)[LM],(c.c2.g1.c1)[LM],(B-1.g1.d2.d1)[KL],(G-1.d1.g1.b1)[LM],(G-1.d1.g1.b1)[LM],(c.#d2.g1.#d1)[KL],(G-1.c2.g1.#d1)[LM],(G-1.c2.g1.#d1)[LM],(d.g1.f2)[KL],(G-1.g1.g2)[LMN],(G-1.g1.g2)[LM],(#d.g1.#f2)[KL],(G-1.g1.g2)[LM],(G-1.g1.g2)[LM],(#d.g1.g2)[KL],(#c.#C-1.#g1.f2.#g2)[KLN],(#c.#C-1.#g1.f2.#g2)[KL],(#c.#C-1.#g1.f2.#g2)[KLN],(#c.#C-1.#g1.f2.#g2)[KL],(f.F-1.#c2.#g2.#c3)[KLN],(#G-1.f.#g.#c2.#g2.#c3)[KLN],(#g.f.#G-1.#c2.#g2.#c3)[LM],(#g.f.#G-1.#c2.#g2.#c3)[LM],(#f.#g.#G-1.#d2.c3.#d3)[KL],(#G-1.#g.#f.#d2.c3.#d3)[LMN],(#G-1.#g.#f.#d2.c3.#d3)[LM],(#g.f.#c.#c2.#c3)[KLN],(#c.#C-1.b1.f2.#g2.b2)[KL],(c.C-1.c2.f2.#g2.c3)[KLM],(c.C-1.c2.e2.g2.c3)[KL],(c1.#a.c2.#a1)[KL],(c1.g.c2.g1)[LM],(c1.g.c2.g1)[LM],(c1.#g.c2.#g1)[KLN],(c1.f.c2.f1)[LM],(c1.f.c2.f1)[LM],(#g.#f.#g1.#f1)[KL],(#g.c.#g1.c1)[LM],(#g.c.#g1.c1)[LM],(#c.#C-1.f2.#g1.f1)[KL],(#g.#c.#c2.#g1.f1)[KL],(#g.#f.#g1.#f1)[KL],(#g.c.#g1.c1)[LMN],(#g.c.#g1.c1)[LM],(#c.#C-1.f2.#g1.f1)[KL],(#g.#c.#c2.#g1.f1)[KL],(f1.#d1.f2.#d2)[KL],(f1.c1.f2.c2)[LM],(f1.c1.f2.c2)[LM],(f1.#c1.f2.#c2)[KL],(f1.#a.f2.#a1)[LM],(f1.#a.f2.#a1)[LM],(#c1.b.#c2.b1)[KL],(#c1.f.#c2.f1)[LM],(#c1.f.#c2.f1)[LM],(#f.#F-1.#a2.#c2.#a1)[KL],(#c1.#f.#f2.#c2.#a1)[KLN],(#c1.b.#c2.b1)[KL],(#c1.f.#c2.f1)[LM],(#c1.f.#c2.f1)[LM],(#f.#F-1.#a2.#c2.#a1)[KL],(#c1.#f.#f2.#c2.#a1)[KLN],(#c.#a2)[LM],#a1[LM],(#f.#c2.#f2)[LM],#a1[LM],(#f.#f2)[LM],#f1[LM],(b.d2.b1)[LM],#f1[LM],(#F-1.e2)[LM],g1[LM],(#f.#c2.#a1)[LM],g1[LM],(#f.#F-1.b1.#c2)[LM],#f1[LM],(#f.B-1.d2.b1)[LM],#f1[LM],(#f.g2)[LM],#a1[LM],(g1.e2.#c2)[LM],#a1[LM],(#f1.#f.#f2.#c2)[LM],#a1[LM],(#f1.b.#f2.d2)[LM],b1[LM],(d.b2)[LM],b1[LM],(g.g2.d2)[LM],b1[LM],(g.g2)[LM],g1[LM],(c1.#d2.c2)[LM],g1[LM],(G-1.f2)[LM],#g1[LM],(g.d2.b1)[LM],#g1[LM],(g.G-1.c2.d2)[LM],g1[LM],(g.c.#d2.c2)[LM],g1[LM],(g.#g2)[LM],b1[LM],(#g1.f2.d2)[LM],b1[LM],(g1.g.g2.d2)[LM],b1[LM],(g1.c1.g2.#d2)[LM],c2[LM],(g1.#a1)[LM],#d2[LM],(#d1.d2)[LM],#d2[LM],(#d1.#d2)[LM],#g2[LM],(#d1.b.g2)[LM],#g2[LM],(#d1.#c1.#d3)[LM],#d2[LM],(#d1.#a.g2)[LM],#d2[LM],(#d1.#a.#d2)[LM],#g2[LM],(#d1.b.g2)[LM],#g2[LM],(e1.#f2)[LM],#f1[LM],(#c1.#a1)[LM],#f1[LM],(#c1.#f1)[LM],b1[LM],(#d1.#a1)[LM],b1[LM],(#g1.b1)[LM],e2[LM],(e1.#d2)[LM],e2[LM],(e1.e2)[LM],a2[LM],(e1.c1.#g2)[LM],a2[LM],(e1.d1.e3)[LM],e2[LM],(e1.b.#g2)[LM],e2[LM],(e1.b.e2)[LM],a2[LM],(e1.c1.#g2)[LM],a2[LM],(f1.g2)[LM],g1[LM],(d1.b1)[LM],g1[LM],(d1.g1)[LM],c2[LM],(e1.b1)[LM],c2[LM];"],"id":1,"instruments":["piano","piano"],"alternatives":["",""]},{"bpm":339,"baseBeats":0.75,"scores":["mute[KL],mute[LM],mute[LM],mute[KL],mute[LM],mute[LMN],mute[KL],mute[LM],mute[LMN],mute[KL],mute[LM],mute[LM],mute[KL],mute[LM],mute[LM],mute[KL],mute[LM],mute[LMN],mute[KL],mute[LM],mute[LMN],mute[KL],mute[LM],mute[LM],mute[KL],mute[LM],mute[K],mute[KL],mute[LM],mute[LMN],mute[KL],mute[LM],mute[LM],mute[KL],mute[LM],mute[LM],mute[KL],mute[LM],mute[LM],mute[KL],mute[LM],mute[LM],mute[KL],mute[LM],mute[LM],mute[KL],mute[LM],mute[LM],mute[KL],mute[LM],mute[LM],mute[KLN],mute[LM],mute[LMN],mute[KL],mute[LM],mute[LM],mute[KL],mute[LM],mute[LM],mute[KL],mute[LM],mute[LM],mute[KL],mute[LM],mute[LMN],mute[KL],mute[LM],mute[LM],mute[KL],mute[LM],mute[LM],mute[KL],mute[LM],mute[LM],mute[KL],mute[LM],mute[LM],mute[KL],mute[LM],mute[LM],mute[KL],mute[LM],mute[LM],mute[KL],mute[LM],mute[LM],mute[KL],mute[LM],mute[LM],mute[KL],mute[LM],mute[LMN],mute[KL],mute[LM],mute[LM],mute[KLN],mute[KL],mute[KL],mute[KLN],mute[KLN],mute[KL],mute[KLN],mute[LM],mute[LM],mute[KLN],mute[LM],mute[LM],mute[KLN],mute[KLN],mute[KLN],mute[KLM],mute[KLN],mute[LM],mute[LM],mute[KL],mute[LM],mute[LM],mute[KL],mute[LM],mute[LM],mute[KL],mute[LM],mute[LM],mute[KL],mute[LM],mute[LMN],mute[KL],mute[KL],mute[KL],mute[LM],mute[LM],mute[KL],mute[LM],mute[LM],mute[KL],mute[LM],mute[LMN],mute[KL],mute[KL],mute[KL],mute[LM],mute[LM],mute[KLN],mute[KL],mute[KLN],mute[LM],mute[LMN],mute[KLN],mute[ILN],mute[KL],mute[LM],mute[LM],mute[KL],mute[LM],mute[LMN],mute[KL],mute[LM],mute[LM],mute[KL],mute[KL],mute[KL],mute[LM],mute[LM],mute[KL],mute[KL],mute[KL],mute[LM],mute[LMN],mute[KL],mute[LM],mute[LM],mute[KL],mute[LM],mute[LM],mute[KL],mute[KLN],mute[KL],mute[LM],mute[LM],mute[KL],mute[KL],mute[LM],mute[LM],mute[LM],mute[LM],mute[LM],mute[LM],mute[LM],mute[LM],mute[LM],mute[LM],mute[LM],mute[LM],mute[LM],mute[LM],mute[LM],mute[LM],mute[LM],mute[LM],mute[LM],mute[LM],mute[LM],mute[LM],mute[LM],mute[LM],mute[LM],mute[LM],mute[LM],mute[LM],mute[LM],mute[LM],mute[LM],mute[LM],mute[LM],mute[LM],mute[LM],mute[LM],mute[LM],mute[LM],mute[LM],mute[LM],mute[LM],mute[LM],mute[LM],mute[LM],mute[LM],mute[LM],mute[LM],mute[LM],mute[LM],mute[LM],mute[LM],mute[LM],mute[LM],mute[LM],mute[LM],mute[LM],mute[LM],mute[LM],mute[LM],mute[LMN];","(#c1.#c2)[KL],(#c1.c1.#c2.c2)[LM],(#c1.#a.#c2.#a1)[LM],(#c1.#a.#c2.#a1)[KL],(#c1.#g.#c2.#g1)[LMN],(#c1.g.#c2.g1)[LM],(#c1.g.#c2.#a1.g1)[KL],(#c1.f.#c2.#g1.f1)[LM],(#c1.e.#c2.g1.e1)[LMN],(c.C-1.g2.#a2.c3)[KL],(c.c3.#g2.f2)[LM],(c.c3.g2.e2)[LM],(#c1.#c2)[KL],(#c1.c1.#c2.c2)[LM],(#c1.#a.#c2.#a1)[LM],(#c1.#a.#c2.#a1)[KL],(#c1.#g.#c2.#g1)[LMN],(#c1.g.#c2.g1)[LM],(#c1.g.#c2.#a1.g1)[KL],(#c1.f.#c2.#g1.f1)[LM],(#c1.e.#c2.g1.e1)[LMN],(c.C-1.g2.#a2.c3)[KL],(c.c3.#g2.f2)[LM],(c.c3.g2.e2)[LM],(#c1.g.#c2.#a1.g1)[KL],(#c1.f.#c2.#g1.f1)[LM],(#c1.e.#c2.g1.e1)[K],(c.C-1.g2.#a2.c3)[KL],(c.c3.#g2.f2)[LM],(c.c3.g2.e2)[LMN],(c.c1)[KL],(#c.#c1)[LM],(c.c1)[LM],(#c.#c1)[KL],(c.c1)[LM],(d.d1)[LM],(e.e1)[KL],(f.f1)[LM],(e.e1)[LM],(f.f1)[KL],(e.e1)[LM],(#f.#f1)[LM],(g.g1)[KL],(#g.#g1)[LM],(g.g1)[LM],(#a.#a1)[KL],(#g.#g1)[LM],(#c1.#c2)[LM],(c1.c2)[KL],(d1.d2)[LM],(#d1.#d2)[LM],(e1.e2)[KLN],(f1.f2)[LM],(g1.g2)[LMN],(f.F-1.#g2.#g1.c2)[KL],(f.#g1.c2.g2)[LM],(f.#g1.c2.f2)[LM],(f.F-1.#g1.c2.f2)[KL],(f.c2.#g1)[LM],(f.c2.#g1)[LM],(f.F-1.#a1.#c2.f2)[KL],(f.#c2.#a1)[LM],(f.#c2.#a1)[LM],(f.F-1.#g1.c2.f2)[KL],(f.c2.#g1)[LM],(f.c2.#g1)[LMN],(F-1.F-2.c2.#g1)[KL],(F-1.c2.#g1.g1)[LM],(F-1.c2.#g1.f1)[LM],(F-1.F-2.c2.#g1.f1)[KL],(F-1.c2.#g1.c1)[LM],(F-1.c2.#g1.c1)[LM],(F-1.F-2.f1.#a1.#c2)[KL],(F-1.#c2.#a1.#c1)[LM],(F-1.#c2.#a1.#c1)[LM],(F-1.F-2.c2.#g1.f1)[KL],(F-1.c2.#g1.c1)[LM],(F-1.c2.#g1.c1)[LM],(#a.#a1.#c2.e2)[KL],(g.g1.#c2.e2)[LM],(g.g1.#c2.e2)[LM],(#g.f2.c2.#g1)[KL],(f.f2.c2.f1)[LM],(f.f2.c2.f1)[LM],(e.c2.g2.g1)[KL],(c.g1.c2.e2)[LM],(c.g1.c2.e2)[LM],(f.#g2.c2.#g1)[KL],(c.f2.c2.#g1)[LM],(c.f2.c2.#g1)[LM],(g.c2.#a2)[KL],(c.c2.c3)[LMN],(c.c2.c3)[LM],(#g.c2.b2)[KL],(c.c2.c3)[LM],(c.c2.c3)[LM],(#g.c2.c3)[KLN],(#f.#F-1.#c2.#a2.#c3)[KL],(#f.#F-1.#c2.#a2.#c3)[KL],(#f.#F-1.#c2.#a2.#c3)[KLN],(#f.#F-1.#c2.#a2.#c3)[KLN],(#a.#A-1.#f2.#c3.#f3)[KL],(#c.#a.#c1.#f2.#c3.#f3)[KLN],(#c1.#a.#c.#f2.#c3.#f3)[LM],(#c1.#a.#c.#f2.#c3.#f3)[LM],(b.#c1.#c.#g2.f3.#g3)[KLN],(#c.#c1.b.#g2.f3.#g3)[LM],(#c.#c1.b.#g2.f3.#g3)[LM],(#c1.#a.#f.#f2.#f3)[KLN],(#c.#C-1.b1.f2.#g2.b2)[KLN],(c.C-1.c2.f2.#g2.c3)[KLN],(c.C-1.c2.e2.g2.c3)[KLM],(f.F-1.f2.f1)[KLN],(f.f1)[LM],(g.g1)[LM],(a.a1)[KL],(#a.#a1)[LM],(c1.c2)[LM],(c1.a.c.d2.c2)[KL],(c1.g.c.e2.#a1)[LM],(c1.g.c.e2.#a1)[LM],(c1.g.c.e2.#a1)[KL],(c1.f.c.f2.a1)[LM],(c1.f.c.f2.a1)[LM],(c1.d.c.c2.a1)[KL],(c1.c.e.#a1.g1)[LMN],(c1.c.e.#a1.g1)[LM],(f.F-1.a2.c2.a1)[KL],(c1.f.f2.c2.a1)[KL],(c1.a.c.c2)[KL],(c1.a.c.d2.c2)[LM],(c1.a.c.d2.c2)[LM],(c1.g.c.e2.#a1)[KL],(c1.f.c.f2.a1)[LM],(c1.f.c.f2.a1)[LM],(c1.d.c.c2.a1)[KL],(c1.c.e.#a1.g1)[LMN],(c1.c.e.#a1.g1)[LM],(f.F-1.a2.c2.a1)[KL],(c1.f.f2.c2.a1)[KL],(c1.d.c.c2.a1)[KL],(c1.c.e.#a1.g1)[LM],(c1.c.e.#a1.g1)[LM],(f.F-1.a2.c2.a1)[KLN],(c1.f.f2.c2.a1)[KL],(c1.d.c.c2.a1)[KLN],(c1.c.e.#a1.g1)[LM],(c1.c.e.#a1.g1)[LMN],(f.F-1.f3.c3.a2.f2)[KLN],(f.f2.f1)[ILN],(c1.#a.c2.#a1)[KL],(c1.g.c2.g1)[LM],(c1.g.c2.g1)[LM],(c1.#g.c2.#g1)[KL],(c1.f.c2.f1)[LM],(c1.f.c2.f1)[LMN],(#g.#f.#g1.#f1)[KL],(#g.c.#g1.c1)[LM],(#g.c.#g1.c1)[LM],(#c.#C-1.f2.#g1.f1)[KL],(#g.#c.#c2.#g1.f1)[KL],(#g.#f.#g1.#f1)[KL],(#g.c.#g1.c1)[LM],(#g.c.#g1.c1)[LM],(#c.#C-1.f2.#g1.f1)[KL],(#g.#c.#c2.#g1.f1)[KL],(f1.#d1.f2.#d2)[KL],(f1.c1.f2.c2)[LM],(f1.c1.f2.c2)[LMN],(f1.#c1.f2.#c2)[KL],(f1.#a.f2.#a1)[LM],(f1.#a.f2.#a1)[LM],(#c1.b.#c2.b1)[KL],(#c1.f.#c2.f1)[LM],(#c1.f.#c2.f1)[LM],(#f.#F-1.#a2.#c2.#a1)[KL],(#c1.#f.#f2.#c2.#a1)[KLN],(#c1.b.#c2.b1)[KL],(#c1.f.#c2.f1)[LM],(#c1.f.#c2.f1)[LM],(#f.#F-1.#a2.#c2.#a1)[KL],(#c1.#f.#f2.#c2.#a1)[KL],(#c.#a2)[LM],#a1[LM],(#f.#c2.#f2)[LM],#a1[LM],(#f.#f2)[LM],#f1[LM],(b.d2.b1)[LM],#f1[LM],(#F-1.e2)[LM],g1[LM],(#f.#c2.#a1)[LM],g1[LM],(#f.#F-1.b1.#c2)[LM],#f1[LM],(#f.B-1.d2.b1)[LM],#f1[LM],(#f.g2)[LM],#a1[LM],(g1.e2.#c2)[LM],#a1[LM],(#f1.#f.#f2.#c2)[LM],#a1[LM],(#f1.b.#f2.d2)[LM],b1[LM],(d.b2)[LM],b1[LM],(g.g2.d2)[LM],b1[LM],(g.g2)[LM],g1[LM],(c1.#d2.c2)[LM],g1[LM],(G-1.f2)[LM],#g1[LM],(g.d2.b1)[LM],#g1[LM],(g.G-1.c2.d2)[LM],g1[LM],(g.c.#d2.c2)[LM],g1[LM],(g.#g2)[LM],b1[LM],(#g1.f2.d2)[LM],b1[LM],(g1.g.g2.d2)[LM],b1[LM],(g1.c1.g2.#d2)[LM],c2[LM],(g1.#a1)[LM],#d2[LM],(#d1.d2)[LM],#d2[LM],(#d1.#d2)[LM],#g2[LM],(#d1.b.g2)[LM],#g2[LMN],(#d1.#c1.#d3)[LM],#d2[LM],(#d1.#a.g2)[LM],#d2[LM];"],"id":2,"instruments":["piano","piano"],"alternatives":["",""]},{"bpm":339,"baseBeats":0.75,"scores":["mute[LM],mute[LM],mute[LM],mute[LM],mute[LM],mute[LM],mute[LM],mute[LM],mute[LM],mute[LM],mute[LM],mute[LM],mute[LM],mute[LM],mute[LM],mute[LM],mute[LM],mute[LM],mute[LM],mute[LM],mute[LM],mute[LM],mute[LM],mute[LM],mute[LM],mute[LM],mute[LM],mute[LM],mute[LM],mute[LM],mute[LM],mute[LM],mute[LM],mute[LM],mute[LM],mute[LM],mute[KL],mute[LM],mute[LM],mute[KL],mute[LM],mute[LM],mute[KL],mute[LM],mute[LMN],mute[KL],mute[LM],mute[LMN],mute[KL],mute[LM],mute[LM],mute[KL],mute[LM],mute[LM],mute[KL],mute[LM],mute[LMN],mute[KL],mute[LM],mute[LMN],mute[KL],mute[LM],mute[LMN],mute[KL],mute[LM],mute[K],mute[KL],mute[LM],mute[LM],mute[KL],mute[LM],mute[LM],mute[KL],mute[LM],mute[LM],mute[KL],mute[LM],mute[LM],mute[KL],mute[LM],mute[LM],mute[KL],mute[LM],mute[LM],mute[KL],mute[LM],mute[LM],mute[KL],mute[LM],mute[K],mute[KL],mute[LM],mute[LM],mute[KL],mute[LM],mute[LM],mute[KL],mute[LM],mute[LM],mute[KL],mute[LM],mute[LM],mute[KL],mute[LM],mute[LM],mute[KL],mute[LM],mute[LM],mute[KL],mute[LM],mute[LM],mute[KL],mute[LM],mute[LMN],mute[KL],mute[LM],mute[LM],mute[KL],mute[LM],mute[LM],mute[KL],mute[LM],mute[LM],mute[KL],mute[LM],mute[LM],mute[KL],mute[LM],mute[LM],mute[KL],mute[LM],mute[LMN],mute[KL],mute[KLN],mute[KL],mute[KLN],mute[KL],mute[KLN],mute[KLN],mute[LM],mute[LM],mute[KL],mute[LM],mute[LMN],mute[KLN],mute[KL],mute[KLM],mute[KLM],mute[KLN],mute[LM],mute[LM],mute[KL],mute[LM],mute[LM],mute[KL],mute[LM],mute[LM],mute[KL],mute[LM],mute[LM],mute[KL],mute[LM],mute[LMN],mute[KL],mute[KL],mute[KL],mute[LM],mute[LM],mute[KL],mute[LM],mute[LM],mute[KL],mute[LM],mute[LM],mute[KL],mute[KL],mute[KL],mute[LM],mute[K],mute[KL],mute[KLN],mute[KL],mute[LMN],mute[K],mute[KLMN],mute[KLMN];","(#d1.#a.#d2)[LM],#g2[LM],(#d1.b.g2)[LM],#g2[LM],(e1.#f2)[LM],#f1[LM],(#c1.#a1)[LM],#f1[LM],(#c1.#f1)[LM],b1[LM],(#d1.#a1)[LM],b1[LM],(#g1.b1)[LM],e2[LM],(e1.#d2)[LM],e2[LM],(e1.e2)[LM],a2[LM],(e1.c1.#g2)[LM],a2[LM],(e1.d1.e3)[LM],e2[LM],(e1.b.#g2)[LM],e2[LM],(e1.b.e2)[LM],a2[LM],(e1.c1.#g2)[LM],a2[LM],(f1.g2)[LM],g1[LM],(d1.b1)[LM],g1[LM],(d1.g1)[LM],c2[LM],(e1.b1)[LM],c2[LM],(#c1.#c2)[KL],(#c1.c1.#c2.c2)[LM],(#c1.#a.#c2.#a1)[LM],(#c1.#a.#c2.#a1)[KL],(#c1.#g.#c2.#g1)[LM],(#c1.g.#c2.g1)[LM],(#c1.g.#c2.#a1.g1)[KL],(#c1.f.#c2.#g1.f1)[LMN],(#c1.e.#c2.g1.e1)[LM],(c.C-1.g2.#a2.c3)[KL],(c.c3.#g2.f2)[LMN],(c.c3.g2.e2)[LM],(#c1.#c2)[KL],(#c1.c1.#c2.c2)[LM],(#c1.#a.#c2.#a1)[LM],(#c1.#a.#c2.#a1)[KL],(#c1.#g.#c2.#g1)[LM],(#c1.g.#c2.g1)[LM],(#c1.g.#c2.#a1.g1)[KL],(#c1.f.#c2.#g1.f1)[LMN],(#c1.e.#c2.g1.e1)[LM],(c.C-1.g2.#a2.c3)[KL],(c.c3.#g2.f2)[LMN],(c.c3.g2.e2)[LM],(#c1.g.#c2.#a1.g1)[KL],(#c1.f.#c2.#g1.f1)[LM],(#c1.e.#c2.g1.e1)[LMN],(c.C-1.g2.#a2.c3)[KL],(c.c3.#g2.f2)[LMN],(c.c3.g2.e2)[LMN],(c.c1)[KL],(#c.#c1)[LM],(c.c1)[LM],(#c.#c1)[KL],(c.c1)[LM],(d.d1)[LM],(e.e1)[KL],(f.f1)[LM],(e.e1)[LM],(f.f1)[KL],(e.e1)[LM],(#f.#f1)[LM],(g.g1)[KL],(#g.#g1)[LM],(g.g1)[LM],(#a.#a1)[KL],(#g.#g1)[LM],(#c1.#c2)[LM],(c1.c2)[KL],(d1.d2)[LM],(#d1.#d2)[LM],(e1.e2)[KL],(f1.f2)[LMN],(g1.g2)[LMN],(f.F-1.#g2.#g1.c2)[KL],(f.#g1.c2.g2)[LM],(f.#g1.c2.f2)[LM],(f.F-1.#g1.c2.f2)[KL],(f.c2.#g1)[LM],(f.c2.#g1)[LM],(f.F-1.#a1.#c2.f2)[KL],(f.#c2.#a1)[LM],(f.#c2.#a1)[LM],(f.F-1.#g1.c2.f2)[KL],(f.c2.#g1)[LM],(f.c2.#g1)[LM],(F-1.F-2.c2.#g1)[KL],(F-1.c2.#g1.g1)[LM],(F-1.c2.#g1.f1)[LM],(F-1.F-2.c2.#g1.f1)[KL],(F-1.c2.#g1.c1)[LM],(F-1.c2.#g1.c1)[LM],(F-1.F-2.f1.#a1.#c2)[KL],(F-1.#c2.#a1.#c1)[LM],(F-1.#c2.#a1.#c1)[LM],(F-1.F-2.c2.#g1.f1)[KL],(F-1.c2.#g1.c1)[LMN],(F-1.c2.#g1.c1)[LM],(#a.#a1.#c2.e2)[KL],(g.g1.#c2.e2)[LM],(g.g1.#c2.e2)[LM],(#g.f2.c2.#g1)[KL],(f.f2.c2.f1)[LM],(f.f2.c2.f1)[LM],(e.c2.g2.g1)[KL],(c.g1.c2.e2)[LM],(c.g1.c2.e2)[LM],(f.#g2.c2.#g1)[KL],(c.f2.c2.#g1)[LM],(c.f2.c2.#g1)[LM],(g.c2.#a2)[KL],(c.c2.c3)[LM],(c.c2.c3)[LM],(#g.c2.b2)[KL],(c.c2.c3)[LMN],(c.c2.c3)[LM],(#g.c2.c3)[KL],(#f.#F-1.#c2.#a2.#c3)[KLN],(#f.#F-1.#c2.#a2.#c3)[KL],(#f.#F-1.#c2.#a2.#c3)[KLN],(#f.#F-1.#c2.#a2.#c3)[KL],(#a.#A-1.#f2.#c3.#f3)[KLN],(#c.#a.#c1.#f2.#c3.#f3)[KLN],(#c1.#a.#c.#f2.#c3.#f3)[LM],(#c1.#a.#c.#f2.#c3.#f3)[LM],(b.#c1.#c.#g2.f3.#g3)[KL],(#c.#c1.b.#g2.f3.#g3)[LMN],(#c.#c1.b.#g2.f3.#g3)[LM],(#c1.#a.#f.#f2.#f3)[KLN],(#c.#C-1.b1.f2.#g2.b2)[KL],(c.C-1.c2.f2.#g2.c3)[KLM],(c.C-1.c2.e2.g2.c3)[KLM],(f.F-1.f2.f1)[KLN],(f.f1)[LM],(g.g1)[LM],(a.a1)[KL],(#a.#a1)[LM],(c1.c2)[LM],(c1.a.c.d2.c2)[KL],(c1.g.c.e2.#a1)[LM],(c1.g.c.e2.#a1)[LM],(c1.g.c.e2.#a1)[KL],(c1.f.c.f2.a1)[LM],(c1.f.c.f2.a1)[LM],(c1.d.c.c2.a1)[KL],(c1.c.e.#a1.g1)[LMN],(c1.c.e.#a1.g1)[LM],(f.F-1.a2.c2.a1)[KL],(c1.f.f2.c2.a1)[KL],(c1.a.c.c2)[KL],(c1.a.c.d2.c2)[LM],(c1.a.c.d2.c2)[LM],(c1.g.c.e2.#a1)[KL],(c1.f.c.f2.a1)[LM],(c1.f.c.f2.a1)[LM],(c1.d.c.c2.a1)[KL],(c1.c.e.#a1.g1)[LM],(c1.c.e.#a1.g1)[LM],(f.F-1.a2.c2.a1)[KL],(c1.f.f2.c2.a1)[KL],(c1.d.c.c2.a1)[KL],(c1.c.e.#a1.g1)[LMN],(c1.c.e.#a1.g1)[LMN],(f.F-1.a2.c2.a1)[KL],(c1.f.f2.c2.a1)[KLN],(c1.d.c.c2.a1)[KL],(c1.c.e.#a1.g1)[LMN],(c1.c.e.#a1.g1)[K],(f.F-1.f3.c3.a2.f2)[KLMN],(f.f2.f1)[KLMN];"],"id":3,"instruments":["piano","piano"],"alternatives":["",""]}],"audition":{"start":[0,0],"end":[2,185]}}