{"baseBpm":405,"musics":[{"bpm":405,"baseBeats":0.75,"scores":["mute[LM],mute[LM],mute[LM],mute[LM],mute[LM],mute[LM],mute[LM],mute[LM],mute[LM],mute[LM],mute[LM],mute[LM],mute[LM],mute[LM],mute[LM],mute[LM],mute[LM],mute[LM],mute[LM],mute[LM],mute[LM],mute[LM],mute[LM],mute[LM],mute[LM],mute[LM],mute[LM],mute[LM],mute[LM],mute[LM],mute[LM],mute[LM],mute[LM],mute[LM],mute[LM],mute[LM],mute[LM],mute[LM],mute[LM],mute[LM],mute[LM],mute[LM],mute[LM],mute[LM],mute[LM],mute[LM],mute[LM],mute[LM],mute[LM],mute[LM],mute[LM],mute[LM],mute[LM],mute[LM],mute[LM],mute[LM],mute[LM],mute[LM],mute[LM],mute[LM],mute[LM],mute[LM],mute[LM],mute[LM],mute[LM],mute[LM],mute[LM],mute[LM],mute[LM],mute[LM],mute[LM],mute[LM],mute[LM],mute[LM],mute[LM],mute[LM],mute[LM],mute[LM],mute[LM],mute[LM],mute[LM],mute[LM],mute[LM],mute[LM],mute[LM],mute[LM],mute[LM],mute[LM],mute[LM],mute[LM],mute[LM],mute[LM],mute[LM],mute[LM],mute[LM],mute[LM],mute[LM],mute[LM],mute[LM],mute[LM],mute[LM],mute[LM],mute[LM],mute[LM],mute[LM],mute[LM],mute[LM],mute[KMO],mute[KMO],mute[INOP],mute[LM],mute[LM],mute[LM],mute[LM],mute[LM],mute[LM],mute[LM],mute[LM],mute[LM],mute[LM],mute[LM],mute[LM],mute[LM],mute[LM],mute[LM],mute[LM],mute[LM],mute[LM],mute[LM],mute[LM],mute[LM],mute[LM],mute[LM],mute[LM],mute[LM],mute[LM],mute[LM],mute[LM],mute[LM],mute[LM],mute[LM],mute[LM],mute[LM],mute[LM],mute[LM],mute[LM],mute[LM],mute[LM],mute[LM],mute[LM],mute[LM],mute[LM],mute[LM],mute[LM],mute[LM],mute[LM],mute[LM],mute[LM],mute[LM],mute[LM],mute[LM],mute[LM],mute[LM],mute[LM],mute[LM],mute[LM],mute[LM],mute[LM],mute[LM],mute[LM],mute[LM],mute[LM],mute[LM],mute[LM],mute[LM],mute[LM],mute[LM],mute[LM],mute[LM],mute[LM],mute[LM],mute[LM],mute[LM],mute[LM],mute[LM],mute[LM],mute[LM],","(D-1.d)[LO],(#C-1.#c)[LO],(D-1.d)[LO],(#D-1.#d)[LO],(E-1.e)[LO],(F-1.f)[LO],(#F-1.#f)[LO],(G-1.g)[LO],(#G-1.#g)[LO],(G-1.g)[LO],(#F-1.#f)[LO],(F-1.f)[LO],(E-1.e)[LO],(#D-1.#d)[LO],(D-1.d)[LO],(#C-1.#c)[LO],(D-1.d)[LO],(#D-1.#d)[LO],(E-1.e)[LO],(F-1.f)[LO],(#F-1.#f)[LO],(G-1.g)[LO],(#G-1.#g)[LO],(A-1.a)[LO],(#A-1.#a)[LO],(B-1.b)[LO],(c.c1)[LO],(#c.#c1)[LO],(d.d1)[LO],(#d.#d1)[LO],(e.e1)[LO],(f.f1)[LO],(#f.#f1)[LO],(f.f1)[LO],(e.e1)[LO],(#d.#d1)[LO],(e.e1)[LO],(#d.#d1)[LO],(d.d1)[LO],(#c.#c1)[LO],(d.d1)[LO],(#c.#c1)[LO],(c.c1)[LO],(B-1.b)[LO],(c.c1)[LO],(B-1.b)[LO],(#A-1.#a)[LO],(A-1.a)[LO],(#A-1.#a)[LO],(A-1.a)[LO],(#G-1.#g)[LO],(G-1.g)[LO],(A-1.a)[LO],(#G-1.#g)[LO],(G-1.g)[LO],(#F-1.#f)[LO],(#G-1.#g)[LNP],(G-1.g)[LO],(#F-1.#f)[LO],(F-1.f)[LO],(G-1.g)[LO],(F-1.f)[LNP],(#D-1.#d)[LO],(D-1.d)[LMOP],(C-1.c.#d2.#g2.#d3)[LM],#D-1[LNP],#G-1[LNP],c[LNP],(#d.b2.#g2.b1)[LO],#g[LNP],c1[LO],(#d1.#g2.c3.c2)[LO],(#g1.#g2.d2.d3.f2)[LNP],f1[LO],c1[LO],#g[LO],f[LO],c[LNP],#G-1[LO],F-1[LNP],(C-1.c.#d2.#g2.#d3)[LM],#D-1[LNP],#G-1[LO],c[LNP],(#d.b2.#g2.b1)[LO],#g[LO],c1[LO],(#d1.#g2.c3.c2)[LNP],(#g1.#g2.d2.d3.f2)[LO],f1[LO],c1[LNP],#g[LO],f[LO],c[LO],#G-1[LNP],F-1[LNP],(B-2.B-1.g1.g)[LO],#c1[LNP],(d.g.B-1.#d1)[LO],d1[LO],(c2.c1)[LNP],#f1[LO],(c1.#A-1.g.e.#g1)[LO],g1[LO],(f1.f2)[LO],b1[LO],(f.c1.A-1.d2)[LO],c2[LO],(c2.c3)[LO],#d2[LO],(c1.#G-1.#f.#d.g2)[LNP],#f2[LO],(G-1.#d3.#d2)[LO],#f2[LO],(g.c1.#d1.#g2)[LO],g2[LO],(b.d1.d2)[LO],d3[LO],(g.b.g1.g2)[LNP],g3[LO],(c1.#g.#f1.#f2)[LO],#f3[LO],(f1.f2)[LO],f3[LO],(e1.e2)[LO],e3[LO],(#d1.#d2)[LNP],#d3[LNP],(B-1.g1.g2)[LO],#c2[LO],(f.d1.g.#d2)[LO],d2[LO],(#A-1.c2.c3)[LNP],#f2[LO],(g.c1.e.#g2)[LO],g2[LO],(A-1.f2.f3)[LNP],b2[LO],(a.f1.c1.d3)[LO],c3[LO],#G-1[KMO],(#g.#f1.#d1.#f3.c4.c3)[IP],(G-1.#d1.g1)[LO],g[LO],(#g.#d1.g1)[LNP],g[LO],(#g.d1.f1)[LO],g[LO],(#g.c1.#d1)[LO],g[LO],(G-1.b.g.d1)[LNP],d[LO],(#d.g.b)[LNP],d[LO],(D-1.a.#f)[LO],d[LO],(#c.#f.a)[LNP],d[LO],(G-1.b.g)[LNP],d[LO],(#d.g.b)[LO],d[LNP],(D-1.a.#f)[LO],d[LNP],(#c.#f.a)[LO],d[LNP],(G-1.b.g.d1)[LNP],d[LO],(#d.g.b)[LO],d[LNP],(D-1.a.#f)[LNP],d[LO],(#c.#f.a)[LNP],d[LNP],(G-1.d.g.b.d1)[LO],#F-1[LNP],G-1[LNP],#F-1[LO],G-1[LNP],#F-1[LNP],G-1[LNP],#F-1[LNP],G-1[LO],#F-1[LNP],G-1[LNP],#F-1[LO],G-1[LNP],F-1[LNP],E-1[LO],#D-1[LO],(D-1.d)[LO],(#C-1.#c)[LO],(D-1.d)[LO],(#D-1.#d)[LO],(E-1.e)[LO],(F-1.f)[LO],(#F-1.#f)[LO],(G-1.g)[LO],(#G-1.#g)[LO],(G-1.g)[LO],(#F-1.#f)[LO],(F-1.f)[LO],(E-1.e)[LO],(#D-1.#d)[LO],(D-1.d)[LO],(#C-1.#c)[LO],(D-1.d)[LO],(#D-1.#d)[LO],(E-1.e)[LO],(F-1.f)[LO],(#F-1.#f)[LO],(G-1.g)[LO],(#G-1.#g)[LO],(A-1.a)[LO],(#A-1.#a)[LO],(B-1.b)[LO],(c.c1)[LO],(#c.#c1)[LO],(d.d1)[LO],(#d.#d1)[LO],(e.e1)[LO],(f.f1)[LO],(#f.#f1)[LO],(f.f1)[LO],(e.e1)[LO],(#d.#d1)[LO],(e.e1)[LO],(#d.#d1)[LO],(d.d1)[LO],(#c.#c1)[LO],(d.d1)[LO],(#c.#c1)[LO],(c.c1)[LO],(B-1.b)[LO],(c.c1)[LO],(B-1.b)[LO],(#A-1.#a)[LO],(A-1.a)[LO],(#A-1.#a)[LO],(A-1.a)[LO],(#G-1.#g)[LNP],"],"id":1,"instruments":["piano","piano"],"alternatives":["",""]},{"bpm":405,"baseBeats":0.75,"scores":["mute[LM],mute[LM],mute[LM],mute[LM],mute[LM],mute[LM],mute[LM],mute[LM],mute[LM],mute[LM],mute[LM],mute[LM],mute[LM],mute[LM],mute[LM],mute[LM],mute[LM],mute[LM],mute[LM],mute[LM],mute[LM],mute[LM],mute[LM],mute[LM],mute[LM],mute[LM],mute[LM],mute[LM],mute[LM],mute[LM],mute[LM],mute[LM],mute[LM],mute[LM],mute[LM],mute[LM],mute[LM],mute[LM],mute[LM],mute[LM],mute[LM],mute[LM],mute[LM],mute[LM],mute[LM],mute[LM],mute[LM],mute[LM],mute[LM],mute[LM],mute[LM],mute[LM],mute[LM],mute[LM],mute[LM],mute[LM],mute[LM],mute[LM],mute[LM],mute[LM],mute[LM],mute[LM],mute[LM],mute[LM],mute[LM],mute[LM],mute[LM],mute[LM],mute[LM],mute[KP],mute[KMO],mute[ILNO],mute[LM],mute[LM],mute[LM],mute[LM],mute[LM],mute[LM],mute[LM],mute[LM],mute[LM],mute[LM],mute[LM],mute[LM],mute[LM],mute[LM],mute[LM],mute[LM],mute[LM],mute[LM],mute[LM],mute[LM],mute[LM],mute[LM],mute[LM],mute[LM],mute[LM],mute[LM],mute[LM],mute[LM],mute[LM],mute[LM],mute[LM],mute[LM],mute[LM],mute[LM],mute[LM],mute[LM],mute[LM],mute[LM],mute[LM],mute[LM],mute[LM],mute[LM],mute[LM],mute[LM],mute[LM],mute[LM],mute[LM],mute[LM],mute[LM],mute[LM],mute[LM],mute[LM],mute[LM],mute[LM],mute[LM],mute[LM],mute[LM],mute[LM],mute[LM],mute[LM],mute[LM],mute[LM],mute[LM],mute[LM],mute[LM],mute[LM],mute[LM],mute[LM],mute[LM],mute[LM],mute[LM],mute[LM],mute[LM],mute[LM],mute[LM],mute[LM],mute[LM],mute[LM],mute[LM],mute[LM],mute[LM],mute[LM],mute[LM],mute[LM],mute[LM],mute[LM],mute[LMNO],mute[LM],mute[LM],mute[LM],mute[LM],mute[LM],mute[LM],mute[LM],mute[LM],mute[LM],mute[LM],mute[LM],mute[LM],mute[LM],mute[LM],mute[LM],mute[LM],mute[LM],mute[LM],mute[LM],mute[LM],mute[LM],mute[LM],mute[LM],mute[LM],mute[LMNO],5<UV>,mute[LM],5<UV>,mute[LM],mute[LM],mute[LM],mute[LM],mute[LM],mute[LM],mute[LM],mute[LM],mute[LM],mute[LM],mute[LM],mute[LM],mute[LM],mute[LM],mute[LM],mute[LM],mute[LM],mute[LM],mute[LM],mute[LM],mute[LM],","(G-1.g)[LO],(A-1.a)[LO],(#G-1.#g)[LO],(G-1.g)[LO],(#F-1.#f)[LO],(#G-1.#g)[LO],(G-1.g)[LO],(#F-1.#f)[LNP],(F-1.f)[LO],(G-1.g)[LO],(F-1.f)[LO],(#D-1.#d)[LO],(D-1.d)[LMOP],(C-1.c.#d2.#g2.#d3)[LM],#D-1[LM],#G-1[LNP],c[LO],(#d.b2.#g2.b1)[LNP],#g[LO],c1[LNP],(#d1.#g2.c3.c2)[LO],(#g1.#g2.d2.d3.f2)[LO],f1[LO],c1[LO],#g[LNP],f[LO],c[LO],#G-1[LO],F-1[LM],(C-1.c.#d2.#g2.#d3)[LNP],#D-1[LNP],#G-1[LNP],c[LO],(#d.b2.#g2.b1)[LO],#g[LO],c1[LNP],(#d1.#g2.c3.c2)[LO],(#g1.#g2.d2.d3.f2)[LNP],f1[LO],c1[LO],#g[LO],f[LO],c[LNP],#G-1[LO],F-1[LNP],(B-2.B-1.g1.g)[LNP],#c1[LO],(d.g.B-1.#d1)[LNP],d1[LO],(c2.c1)[LO],#f1[LO],(c1.#A-1.g.e.#g1)[LO],g1[LO],(f1.f2)[LO],b1[LO],(f.c1.A-1.d2)[LNP],c2[LO],(c2.c3)[LO],#d2[LO],(c1.#G-1.#f.#d.g2)[LO],#f2[LO],(G-1.#d3.#d2)[LO],#f2[LO],(g.c1.#d1.#g2)[LO],g2[LNP],(b.d1.d2)[LO],d3[LO],(g.b.g1.g2)[LO],g3[LO],(c1.#g.#f1.#f2)[LO],#f3[LO],(f1.f2)[LO],f3[LO],(e1.e2)[LNP],e3[LO],(#d1.#d2)[LO],#d3[LNP],(B-1.g1.g2)[LO],#c2[LO],(f.d1.g.#d2)[LNP],d2[LO],(#A-1.c2.c3)[LO],#f2[LO],(e.c1.g.#g2)[LNP],g2[LO],(A-1.f2.f3)[LO],b2[LO],(c1.f1.a.d3)[LO],c3[LO],#G-1[KMO],(#d1.#f1.#g.#f3.c4.c3)[ILOP],(G-1.#d1.g1)[LO],g[LO],(#g.#d1.g1)[LNP],g[LO],(#g.d1.f1)[LO],g[LO],(#g.c1.#d1)[LNP],g[LO],(G-1.b.g.d1)[LO],d[LNP],(#d.g.b)[LO],d[LO],(D-1.a.#f)[LNP],d[LNP],(#c.#f.a)[LO],d[LO],(G-1.b.g)[LNP],d[LO],(#d.g.b)[LNP],d[LO],(D-1.a.#f)[LNP],d[LNP],(#c.#f.a)[LO],d[LNP],(G-1.b.g.d1)[LO],d[LNP],(#d.g.b)[LNP],d[LNP],(D-1.a.#f)[LO],d[LNP],(#c.#f.a)[LNP],d[LO],(G-1.d.g.b.d1)[LNP],#F-1[LNP],G-1[LNP],#F-1[LNP],G-1[LO],#F-1[LNP],G-1[LNP],#F-1[LO],G-1[LNP],#F-1[LNP],G-1[LO],#F-1[LNP],G-1[LNP],F-1[LO],E-1[LO],#D-1[LO],(D-1.D-2)[LO],(#C-1.#c)[LNP],(D-2.D-1)[LO],(#D-1.#d)[LO],(E-2.E-1)[MNOP],(F-1.f)[LO],(#F-2.#F-1)[LO],(G-1.g)[LO],(#G-2.#G-1)[LO],(G-1.g)[LO],(#F-2.#F-1)[LO],(F-1.f)[LO],(E-2.E-1)[LO],(#D-1.#d)[LO],(D-2.D-1)[LO],(#C-1.#c)[LO],(D-1.D-2)[LO],(#D-1.#d)[MNOP],(E-2.E-1)[LO],(F-1.f)[LO],(#F-2.#F-1)[LO],(G-1.g)[LO],(#G-2.#G-1)[LO],(A-1.a)[LO],(#A-2.#A-1)[LO],(B-1.b)[MNOP],(C-1.c)[LO],(#c.#c1)[LO],(D-1.d)[LO],(#d.#d1)[LO],(E-1.e)[LO],(f.f1)[LO],(#f.#F-1)[LO],(f.f1)[LO],(#F-1.#f)[LO],(f.f1)[LO],(E-1.e)[LO],(#d.#d1)[LO],(E-1.e)[LO],(#d.#d1)[LO],(D-1.d)[LO],(#c.#c1)[LO],(D-1.d)[MNOP],(#c.#c1)[LO],(C-1.c)[LO],(#c.#c1)[LO],(B-2.B-1)[LO],(c.c1)[LO],(#A-1.#A-2)[LO],(B-1.b)[LO],(A-2.A-1)[LO],(#A-1.#a)[LO],(#G-1.#G-2)[MNOP],(A-1.a)[LO],(G-2.G-1)[LO],(#G-1.#g)[LNP],(#F-2.#F-1)[LO],(G-1.g)[LO],(F-1.F-2)[LO],(G-1.g)[LO],(#D-2.#D-1)[LO],(G-1.g)[LNP],(D-1.D-2)[LO],(G-1.g)[LMNO],(C-2.#g.#d.#d1)[MP],C-1[LM],#C-1[LMOP],D-1[LMOP],#D-1[LM],(E-1.#d.#g.b)[LM],F-1[LNP],#F-1[LM],(G-1.#d.#g.c1)[LNP],(#G-1.C-1.f.#g.d1)[LNP],G-1[LM],#F-1[LO],F-1[LM],E-1[LNP],#D-1[LNP],D-1[LNP],#C-1[LNP],(C-2.#g.#d.#d1)[NO],C-1[MNOP],#C-1[LNP],D-1[LO],#D-1[LO],(E-1.#d.#g.b)[LNP],F-1[LNP],#F-1[LO],(G-1.#d.#g.c1)[LO],(C-1.#G-1.f.#g.d1)[LNP],G-1[LO],#F-1[LNP],F-1[LO],E-1[MNOP],#D-1[MNOP],D-1[LO],#C-1[MNOP],C-1[MNOP],(B-2.f1.d1.g.g1)[LNP],G-1[LNP],C-1[LO],G-1[LO],#C-1[LNP],G-1[LO],D-1[LNP],G-1[LO],(#A-2.e1.#c1.g.g1)[LO],G-1[LNP],B-2[LO],G-1[LNP],C-1[LO],G-1[LO],(#C-1.g.g1)[LO],G-1[LNP],(A-2.g.c1.f1.g1)[LO],G-1[LNP],#A-2[LO],G-1[LO],(B-2.g.g1)[LO],G-1[LNP],C-1[LO],G-1[LNP],(#G-2.#f1.c1.g.g1)[LO],G-1[LO],"],"id":2,"instruments":["piano","piano"],"alternatives":["",""]},{"bpm":405,"baseBeats":0.75,"scores":["mute[LM],mute[LM],mute[LM],mute[LM],mute[LM],mute[LM],mute[LM],mute[LM],mute[LM],mute[LM],mute[LM],mute[LM],mute[LM],mute[LM],mute[LM],mute[LM],mute[LM],mute[LM],mute[LM],mute[LM],mute[LM],mute[LM],mute[LM],mute[LM],mute[LM],mute[LM],mute[LM],mute[LM],mute[LM],mute[LM],mute[LM],mute[LM],mute[LM],mute[LM],mute[LM],mute[LM],mute[LM],mute[LM],mute[LM],mute[LM],mute[LM],mute[LM],mute[LM],mute[LM],mute[LM],mute[LM],mute[LM],mute[LM],mute[LM],mute[LM],mute[LM],mute[LM],mute[LM],mute[LM],mute[LM],mute[LM],mute[KNOP],mute[HIMN],mute[LM],mute[LM],mute[LM],mute[LM],mute[LM],mute[LM],mute[LM],mute[LM],mute[LM],mute[LM],mute[LM],mute[LM],mute[LM],mute[LM],mute[LM],mute[LM],mute[LM],mute[LM],mute[LM],mute[LM],mute[LM],mute[LM],mute[LM],mute[LM],mute[LM],mute[LM],mute[LM],mute[LM],mute[LM],mute[LM],mute[LM],mute[LM],mute[LM],mute[LM],mute[LM],mute[LM],mute[LM],mute[LM],mute[LM],mute[LM],mute[LM],mute[LM],mute[LM],mute[LM],mute[LM],mute[LM],mute[LM],mute[LM],mute[LM],mute[LM],mute[LM],mute[LM],mute[LM],mute[LM],mute[LM],mute[LM],mute[LM],mute[LM],mute[LM],mute[LM],mute[LM],mute[LM],mute[LM],mute[LM],mute[LM],mute[LM],mute[LM],mute[LM],mute[LM],mute[LM],mute[LM],mute[LM],mute[LM],mute[LM],mute[LM],mute[LM],mute[LM],mute[LM],mute[LM],mute[LM],mute[LM],mute[LM],mute[LM],mute[LM],mute[LM],mute[LM],mute[LM],mute[LM],mute[LM],mute[LM],mute[LM],mute[LM],mute[LM],mute[LM],mute[LM],mute[LM],mute[LM],mute[LM],mute[LM],mute[LM],mute[LM],mute[LM],mute[LM],mute[LM],mute[LM],mute[LM],mute[LM],mute[LM],mute[LM],mute[LM],mute[LM],mute[LM],mute[LM],mute[LM],mute[LM],mute[LM],mute[LM],mute[LM],mute[LM],mute[LM],mute[LM],mute[LM],mute[LM],mute[LM],mute[LM],mute[LM],mute[LM],mute[LM],mute[LM],mute[LM],mute[LM],mute[LM],mute[LM],mute[LM],mute[LM],mute[LM],mute[LM],mute[KP],mute[HMNO],mute[HJKM],","B-2[LNP],G-1[LO],(C-1.g.g1)[LNP],G-1[LO],#D-1[LO],G-1[LO],(G-2.#d1.c1.g.g1)[LNP],G-1[LO],#G-2[LNP],G-1[LO],A-2[LO],G-1[LO],#A-2[LNP],G-1[LO],(B-2.d1.b.g.g1)[LNP],G-1[LO],C-1[LO],G-1[LNP],#C-1[LO],G-1[LNP],(D-1.g.g1)[LO],G-1[LO],(#G-2.g.c1.f1.g1)[LO],#G-1[LNP],A-2[LO],A-1[LNP],#A-2[LO],#A-1[LO],B-2[LO],B-1[LNP],(C-1.#d1)[LO],c[LNP],#C-1[LO],#c[LO],D-1[LNP],d[LO],#D-1[LNP],#d[LM],(B-2.f1.d1.g.g1)[LM],B-1[LO],C-1[LO],c[LO],#C-1[LNP],#c[LNP],D-1[LO],d[LO],(#A-2.e1.#c1.g.g1)[LNP],#A-1[LNP],B-2[LO],B-1[LNP],C-1[LNP],c[LO],(#C-1.g.g1)[LNP],#c[LNP],(A-2.g.c1.f1.g1)[LNP],A-1[LNP],#A-2[LNP],#A-1[LNP],(B-2.g.g1)[LNP],B-1[LNP],C-1[LM],c[LNP],(#G-2.#f1.c1.g.g1)[LM],#G-1[LNP],#G-2[LM],#G-1[LNP],(#G-2.g.g1)[LM],#D-1[LM],#G-2[LM],#D-1[HIMN],(#F-2.#d1.g.g1)[LO],G-2[LO],#F-2[LNP],G-2[LO],#F-2[LO],G-2[LO],(#F-2.#d1.g.g1)[LNP],G-2[LO],(#F-2.d1.g.f1)[LO],G-2[LNP],#F-2[LO],G-2[LO],(#F-2.c1.g.#d1)[LO],G-2[LNP],#F-2[LO],G-2[LNP],(E-2.d1.g.c1.#g1)[LO],F-2[LO],E-2[LO],F-2[LNP],E-2[LO],F-2[LNP],E-2[LO],F-2[LO],#F-2[LO],F-2[LO],#F-2[LNP],F-2[LO],#F-2[LO],F-2[LNP],#F-2[LO],F-2[LO],(#F-2.f.#g.d.b)[LO],G-2[LNP],#F-2[LO],G-2[LO],#F-2[LNP],G-2[LO],#F-2[LO],G-2[LO],#G-2[LNP],G-2[LO],#G-2[LO],G-2[LNP],#G-2[LO],G-2[LO],#G-2[LO],G-2[LNP],(C-1.g.#d.c1)[LNP],#C-1[LO],D-1[LO],#D-1[LO],E-1[LO],F-1[LO],#F-1[LO],G-1[LNP],(C-1.#G-1.f.d.b)[LO],G-1[LO],#F-1[LO],F-1[LNP],(E-1.#g)[LO],#D-1[LO],D-1[LO],#C-1[LO],(C-1.g.#d.c1)[LO],#C-1[LO],D-1[LNP],#D-1[LO],E-1[LO],F-1[LO],#F-1[LO],G-1[LNP],(C-1.#G-1.b.d.f)[LO],G-1[LO],#F-1[LO],F-1[LO],(E-1.#g)[LO],#D-1[LO],D-1[LNP],#C-1[LO],(C-1.c1.e.g)[LO],#C-1[LO],D-1[LNP],#D-1[LO],E-1[LO],F-1[LO],#F-1[LO],G-1[LO],(C-1.#G-1.b.d.f)[LO],G-1[LNP],#F-1[LO],F-1[LO],(E-1.#g)[LNP],#D-1[LO],D-1[LO],#C-1[LO],(C-1.c1.e.g)[LO],#C-1[LNP],D-1[LO],#D-1[LO],E-1[LNP],F-1[LO],#F-1[LO],G-1[LO],(C-1.#G-1.d.f.b)[LO],G-1[LNP],#F-1[LO],F-1[LO],(E-1.#g)[LO],#D-1[LNP],D-1[LO],#C-1[LO],(C-1.g.e.c1)[LO],B-2[LO],C-1[LNP],B-2[LO],#A-2[LO],C-1[LNP],#A-2[LO],C-1[LO],A-2[LO],C-1[LO],A-2[LNP],C-1[LO],#G-2[LO],C-1[LNP],#G-2[LO],C-1[LO],(#F-2.g.e.c1)[LO],C-1[LO],#F-2[LNP],C-1[LO],G-2[LNP],C-1[LO],G-2[LO],C-1[LO],#G-2[LNP],C-1[LO],#G-2[LNP],C-1[LO],G-2[LO],C-1[LO],G-2[LNP],C-1[LO],B-2[LO],C-1[LNP],B-2[LO],C-1[LO],#A-2[LO],C-1[LNP],#A-2[LO],C-1[LNP],A-2[LO],C-1[LO],A-2[LO],C-1[LNP],#G-2[LO],C-1[LNP],#G-2[LO],C-1[LO],#F-2[LO],C-1[LNP],#F-2[LO],C-1[LNP],G-2[LO],C-1[LO],G-2[LNP],C-1[LO],#G-2[LNP],C-1[LO],#G-2[LO],C-1[LNP],G-2[LO],C-1[LNP],G-2[LO],C-1[LO],C-2[MN],C-1[HO],C-2[MN],C-1[HJKM],"],"id":3,"instruments":["piano","piano"],"alternatives":["",""]}],"audition":{"start":[0,0],"end":[1,0]}}