{"baseBpm":5,"musics":[{"id":1,"baseBeats":0.5,"scores":["5<#d2[M],#d2[M]>,5<#d2[M],#d2[M]>,5<#d2[M],#d2[M]>,5<#d2[M],#d2[M]>,5<#d2[M],#d2[M]>,5<#d2[M],#d2[M]>,5<#d2[M],#d2[M]>,5<#d2[M],#d2[M]>,5<#c2[M],#c2[M]>,5<#c2[M],#c2[M]>,5<#c2[M],#c2[M]>,5<#c2[M],#c2[M]>,5<#c2[M],#c2[M]>,5<#c2[M],#c2[M]>,5<#c2[M],#c2[M]>,5<#c2[M],#c2[M]>,5<b1[M],b1[M]>,5<b1[M],b1[M]>,5<b1[M],b1[M]>,5<b1[M],b1[M]>,5<b1[M],b1[M]>,5<b1[M],b1[M]>,5<b1[M],b1[M]>,5<b1[M],b1[M]>,5<#a1[M],#a1[M]>,5<#a1[M],#a1[M]>,5<#a1[M],#a1[M]>,5<#a1[M],#a1[M]>,5<#a1[M],#a1[M]>,5<#a1[M],#a1[M]>,5<#a1[M],#a1[M]>,5<#a1[M],#a1[M]>,5<#g1[M],#g1[M]>,5<#g1[M],#g1[M]>,5<#g1[M],#g1[M]>,5<#g1[M],#g1[M]>,5<#g1[M],#g1[M]>,5<#g1[M],#g1[M]>,5<#g1[M],#g1[M]>,5<#g1[M],#g1[M]>,5<#f1[M],#f1[M]>,5<#f1[M],#f1[M]>,5<#f1[M],#f1[M]>,5<#f1[M],#f1[M]>,5<#f1[M],#f1[M]>,5<#f1[M],#f1[M]>,5<#f1[M],#f1[M]>,5<#f1[M],#f1[M]>,5<#g1[M],#g1[M]>,5<#g1[M],#g1[M]>,5<#g1[M],#g1[M]>,5<#g1[M],#g1[M]>,5<#g1[M],#g1[M]>,5<#g1[M],#g1[M]>,5<#g1[M],#g1[M]>,5<#g1[M],#g1[M]>,5<#a1[M],#a1[M]>,5<#a1[M],#a1[M]>,5<#a1[M],#a1[M]>,5<#a1[M],#a1[M]>,5<#a1[M],#a1[M]>,5<#a1[M],#a1[M]>,5<#a1[M],#a1[M]>,5<#a1[M],#a1[M]>,5<#d2[M],#d2[M]>,5<#d2[M],#d2[M]>,5<#d2[M],#d2[M]>,5<#d2[M],#d2[M]>,5<#d2[M],#d2[M]>,5<#d2[M],#d2[M]>,5<#d2[M],#d2[M]>,5<#d2[M],#d2[M]>,5<#c2[M],#c2[M]>,5<#c2[M],#c2[M]>,5<#c2[M],#c2[M]>,5<#c2[M],#c2[M]>,5<#c2[M],#c2[M]>,5<#c2[M],#c2[M]>,5<#c2[M],#c2[M]>,5<#c2[M],#c2[M]>,5<b1[M],b1[M]>,5<b1[M],b1[M]>,5<b1[M],b1[M]>,5<b1[M],b1[M]>,5<b1[M],b1[M]>,5<b1[M],b1[M]>,5<b1[M],b1[M]>,5<b1[M],b1[M]>,5<#a1[M],#a1[M]>,5<#a1[M],#a1[M]>,5<#a1[M],#a1[M]>,5<#a1[M],#a1[M]>,5<#a1[M],#a1[M]>,5<#a1[M],#a1[M]>,5<#a1[M],#a1[M]>,5<#a1[M],#a1[M]>,5<#g1[M],#g1[M]>,5<#g1[M],#g1[M]>,5<#g1[M],#g1[M]>,5<#g1[M],#g1[M]>,5<#g1[M],#g1[M]>,5<#g1[M],#g1[M]>,5<#g1[M],#g1[M]>,5<#g1[M],#g1[M]>,5<#f1[M],#f1[M]>,5<#f1[M],#f1[M]>,5<#f1[M],#f1[M]>,5<#f1[M],#f1[M]>,5<#f1[M],#f1[M]>,5<#f1[M],#f1[M]>,5<#f1[M],#f1[M]>,5<#f1[M],#f1[M]>,5<#g1[M],#g1[M]>,5<#g1[M],#g1[M]>,5<#g1[M],#g1[M]>,5<#g1[M],#g1[M]>,5<#g1[M],#g1[M]>,5<#g1[M],#g1[M]>,5<#g1[M],#g1[M]>,5<#g1[M],#g1[M]>,5<#a1[M],#a1[M]>,5<#a1[M],#a1[M]>,5<#a1[M],#a1[M]>,5<#a1[M],#a1[M]>,5<#a1[M],#a1[M]>,5<#a1[M],#a1[M]>,5<#a1[M],#a1[M]>,5<#a1[M],#a1[M]>,(B-1.#f)[IJKL];","(B-2.B-1)[K],#f[K],b1[K],#d1[K],#F-1[K],#c[K],#f[K],#a[K],#G-1[K],#d[K],#g[K],b[K],#D-1[K],#d[K],#f[K],#a[K],E-1[K],e[K],#g[K],b[K],(B-2.B-1)[K],#d[K],#f[K],b[K],E-1[K],#c[K],#g[K],b[K],#F-1[K],#c[K],#f[K],#a[K],(B-2.B-1)[K],#f[K],b1[K],#d1[K],#F-1[K],#c[K],#f[K],#a[K],#G-1[K],#d[K],#g[K],b[K],#D-1[K],#d[K],#f[K],#a[K],E-1[K],e[K],#g[K],b[K],(B-2.B-1)[K],#d[K],#f[K],b[K],E-1[K],#c[K],#g[K],b[K],#F-1[K],#c[K],#f[K],#a[K],(#d1.b1)[IJKL];"]},{"id":2,"baseBeats":0.5,"scores":["5<(C-2.C-1)[N],(#C-2.#C-1)[N]>,5<(C-2.C-1)[N],(#C-2.#C-1)[N]>,5<(C-2.C-1)[N],(#C-2.#C-1)[N]>,5<(C-2.C-1)[N],(#C-2.#C-1)[N]>,5<(C-2.C-1)[N],(#C-2.#C-1)[N]>,5<(C-2.C-1)[N],(#C-2.#C-1)[N]>,5<(C-2.C-1)[N],(#C-2.#C-1)[N]>,5<(C-2.C-1)[N],(#C-2.#C-1)[N]>,5<(C-2.C-1)[N],(#C-2.#C-1)[N]>,5<(C-2.C-1)[N],(#C-2.#C-1)[N]>,5<(C-2.C-1)[N],(#C-2.#C-1)[N]>,5<(C-2.C-1)[N],(#C-2.#C-1)[N]>,5<(C-2.C-1)[N],(#C-2.#C-1)[N]>,5<(C-2.C-1)[N],(#C-2.#C-1)[N]>,5<(C-2.C-1)[N],(#C-2.#C-1)[N]>,5<(C-2.C-1)[N],(#C-2.#C-1)[N]>,5<(C-2.C-1)[N],(#C-2.#C-1)[N]>,5<(C-2.C-1)[N],(#C-2.#C-1)[N]>,5<(C-2.C-1)[N],(#C-2.#C-1)[N]>,5<(C-2.C-1)[N],(#C-2.#C-1)[N]>,5<(C-2.C-1)[N],(#C-2.#C-1)[N]>,5<(C-2.C-1)[N],(#C-2.#C-1)[N]>,5<(C-2.C-1)[N],(#C-2.#C-1)[N]>,5<(C-2.C-1)[N],(#C-2.#C-1)[N]>,5<(C-2.C-1)[N],(#C-2.#C-1)[N]>,5<(C-2.C-1)[N],(#C-2.#C-1)[N]>,5<(C-2.C-1)[N],(#C-2.#C-1)[N]>,5<(C-2.C-1)[N],(#C-2.#C-1)[N]>,5<(C-2.C-1)[N],(#C-2.#C-1)[N]>,5<(C-2.C-1)[N],(#C-2.#C-1)[N]>,5<(C-2.C-1)[N],(#C-2.#C-1)[N]>,5<(C-2.C-1)[N],(#C-2.#C-1)[N]>,(#A-2.#A-1)[L],(#C-2.#C-1)[L],(C-1.#a.f.c.c1.#a2.f2.c2)[III],8<(F-1.G-1.d.e.c1.d1.e1.f1.g1.e2.f2.g2.a2.b2.c3.a3.b3.f4.g4~G-1.A-1.B-1.d.e.b.c1.g1.a1.c3.d3.a3.b3.f4.g4~B-1.c.d.e.b.c1.g1.a1.c3.d3.a3.b3.f4.g4~G-1.A-1.B-1.c.d.e.b.c1.g1.a1.f2.g2.a2.b2.c3.a3.b3.c4.d4.e4.f4.g4~F-1.G-1.d.e.b.c1.g1.a1.e2.f2.a3.b3.f4.g4~F-1.G-1.d.e.b.c1.g1.a1.e2.f2.a3.b3.f4.g4~G-1.A-1.B-1.c.d.e.b.c1.g1.a1.f2.g2.a2.b2.c3.d3.a3.b3.f4.g4)[H]>,7<(F-1.G-1.d.e.c1.d1.e1.f1.g1.e2.f2.g2.a2.b2.c3.a3.b3.f4.g4~G-1.A-1.B-1.d.e.b.c1.g1.a1.c3.d3.a3.b3.f4.g4~B-1.c.d.e.b.c1.g1.a1.c3.d3.a3.b3.f4.g4~G-1.A-1.B-1.c.d.e.b.c1.g1.a1.f2.g2.a2.b2.c3.a3.b3.c4.d4.e4.f4.g4~F-1.G-1.d.e.b.c1.g1.a1.e2.f2.a3.b3.f4.g4~F-1.G-1.d.e.b.c1.g1.a1.e2.f2.a3.b3.f4.g4~G-1.A-1.B-1.c.d.e.b.c1.g1.a1.f2.g2.a2.b2.c3.d3.a3.b3.f4.g4)[H]>,8<(F-1.G-1.d.e.c1.d1.e1.f1.g1.e2.f2.g2.a2.b2.c3.a3.b3.f4.g4~G-1.A-1.B-1.d.e.b.c1.g1.a1.c3.d3.a3.b3.f4.g4~B-1.c.d.e.b.c1.g1.a1.c3.d3.a3.b3.f4.g4~G-1.A-1.B-1.c.d.e.b.c1.g1.a1.f2.g2.a2.b2.c3.a3.b3.c4.d4.e4.f4.g4~F-1.G-1.d.e.b.c1.g1.a1.e2.f2.a3.b3.f4.g4~F-1.G-1.d.e.b.c1.g1.a1.e2.f2.a3.b3.f4.g4~G-1.A-1.B-1.c.d.e.b.c1.g1.a1.f2.g2.a2.b2.c3.d3.a3.b3.f4.g4)[H]>,V,10<(a1.b1.c1)[K],a1[N],c2[N],b1[N],g1[N],C-2[N],B-3[N],A-3[N]>,10<(#a2.g1.G-2)[K],A-2[N],B-2[N],C-1[N],#d2[N],b[N],b[N],b[N],b[N],b[N],b1[N],b1[N],b1[N],b1[N],b1[N]>,10<(a.d1.b2)[K],C-2[N],#A-3[N],B-2[N],C-1[N],G-1[N],g4[N],b3[N],c2[N],b[N],B-1[N],c[N],a1[N],#a[N]>,V,V,V,"]},{"id":3,"baseBeats":0.25,"scores":["5<d2[N],(#d.c)[N]>,#a1[K],5<(#d.b1)[N],(#d.b1)[N]>,U,U,U,6<d1[N],c1[N],d1[N],c1[N],d1[N],c1[N],d1[N],c1[N],d1[N],c1[N],d1[N],c1[N],d1[N],c1[N],d1[N],c1[N],d1[N],c1[N],d1[N],c1[N],d1[N],c1[N],d1[N],c1[N],d1[N],c1[N],d1[N],c1[N],d1[N],c1[N],d1[N],c1[N],d1[N],c1[N],d1[N],c1[N],d1[N],c1[N],d1[N],c1[N],d1[N],c1[N],d1[N],c1[N],d1[N],c1[N],d1[N],c1[N],d1[N],c1[N],d1[N],c1[N],d1[N],c1[N],d1[N],c1[N],d1[N],c1[N],d1[N],c1[N],d1[N],c1[N],d1[N],c1[N],d1[N],c1[N],d1[N],c1[N],d1[N],c1[N],d1[N],c1[N],d1[N],c1[N],d1[N],c1[N],d1[N],c1[N],d1[N],c1[N],d1[N],c1[N],d1[N],c1[N],d1[N],c1[N],d1[N],c1[N],d1[N],c1[N],d1[N],c1[N],d1[N],c1[N],d1[N],c1[N],d1[N],c1[N],d1[N],c1[N],d1[N],c1[N],d1[N],c1[N],d1[N],c1[N],d1[N],c1[N],d1[N],c1[N],d1[N],c1[N],d1[N],c1[N],d1[N],c1[N],d1[N],c1[N],d1[N],c1[N],d1[N],c1[N],d1[N],c1[N],d1[N],c1[N],d1[N],c1[N],d1[N],c1[N],d1[N],c1[N],d1[N],c1[N],d1[N],c1[N],d1[N],c1[N],d1[N],c1[N],d1[N],c1[N],d1[N],c1[N],d1[N],c1[N],d1[N],c1[N],d1[N],c1[N],d1[N],c1[N],d1[N],c1[N],d1[N],c1[N],d1[N],c1[N],d1[N],c1[N],d1[N],c1[N],d1[N],c1[N],d1[N],c1[N],d1[N],c1[N],d1[N],c1[N],d1[N],c1[N],d1[N],c1[N],d1[N],c1[N],d1[N],c1[N],d1[N],c1[N],d1[N],c1[N],d1[N],c1[N],d1[N],c1[N],d1[N],c1[N],d1[N],c1[N],d1[N],c1[N],d1[N],c1[N],d1[N],c1[N],d1[N],c1[N],d1[N],c1[N],d1[N],c1[N],d1[N],c1[N],d1[N],c1[N],d1[N],c1[N],d1[N],c1[N],d1[N],c1[N],d1[N],c1[N]>,V,V,V,V,V,V,V,V,8<C-2[N],C-1[N],C-2[N],C-1[N],C-2[N],C-1[N],C-2[N],C-1[N],C-2[N],C-1[N],C-2[N],C-1[N],C-2[N],C-1[N],C-2[N],C-1[N],C-2[N],C-1[N],C-2[N],C-1[N],C-2[N],C-1[N],C-2[N],C-1[N],C-2[N],C-1[N],C-2[N],C-1[N],C-2[N],C-1[N],C-2[N],C-1[N],C-2[N],C-1[N],C-2[N],C-1[N]>,V,V,V,U,V,5<b[N],c1[N]>,5<b[N],c1[N]>,5<b[N],c1[N]>,5<b[N],c1[N]>,5<b[N],c1[N]>,5<b[N],c1[N]>,5<b[N],c1[N]>,5<(#f1.g.b)[N],(B-1.b.#a.c1)[N]>,5<(#f1.g.b)[N],(B-1.b.#a.c1)[N]>,5<(#f1.g.b)[N],(B-1.b.#a.c1)[N]>,5<(#f1.g.b)[N],(B-1.b.#a.c1)[N]>,5<(#f1.g.b)[N],(B-1.b.#a.c1)[N]>,5<(#f1.g.b)[N],(B-1.b.#a.c1)[N]>,5<(b1.e2.b)[N],(A-1.b3.#d.c1)[N]>,5<(b1.e2.b)[N],(A-1.b3.#d.c1)[N]>,5<(b1.e2.b)[N],(A-1.b3.#d.c1)[N]>,5<(b1.e2.b)[N],(A-1.b3.#d.c1)[N]>,5<(b1.e2.b)[N],(A-1.b3.#d.c1)[N]>,V,U,V,U,V,U,V,U,V,U,V,5<(e1.f1.e1.d1)[N]>,V,5<(e1~f1~e1~d1)[N]>,V,V,5<(E-2.F-2.E-2.D-2)[N]>,U,V,5<#d[N],#c[N]>,V,5<e1[N],e[N]>,5<(d.e2.c2)[N],c1[N]>,V,5<b1[N],b[N]>,V,5<d2[N],e2[N]>,V,5<(d2~e1.a1)[N],f1[N]>,V,5<a[N],a1[N]>,V,5<a2[N],a3[N]>,V,5<a4[N],b[N]>,U,U,U,3<d[N],c[N],d[N],c[N],d[N],c[N],d[N],c[N],d[N],c[N],d[N],c[N],d[N],c[N],d[N],c[N],d[N],c[N],d[N],c[N],d[N],c[N],d[N],c[N],d[N],c[N],d[N],c[N],d[N],c[N],d[N],c[N],d[N],c[N],d[N],c[N],d[N],c[N],d[N],c[N],d[N],c[N],d[N],c[N],d[N],c[N],d[N],c[N],d[N],c[N],d[N],c[N]>,U,U,U,U,U,(#A-2.E-1.G-1.c.e.g.c1.e1)[K],V,(#a.e1.g1.c2.e3.g3.c4.e4)[K],V,(A-2.F-1.c.f.a.#c1.f1)[K],V,(a.c1.f1.c2.f3.a3.c4.f4)[K],V,(B-2.#D-1.#F-1.#d.#f.b)[K],V,(b.#d1.#f1.a1.b1.b2.#d3.#f3.b3)[K],V,(E-1.#G-1.B-1.e.#g.b)[K],V,V,(e.#g.b.#g1.#g2.b2.e3.#g3)[M],V,V,(e.#g.b.#g1.#g2.b2.e3.#g3)[III];"]}],"audition":{"start":[0,0],"end":[2,2]}}