{"baseBpm":120,"musics":[{"bpm":120,"baseBeats":0.75,"scores":["mute[LM],mute[LM],mute[LM],mute[LM],mute[LM],mute[LM],mute[LM],mute[LM],mute[LM],mute[KL],mute[JM],mute[LM],mute[LM],mute[LM],mute[LM],mute[LM],mute[LM],mute[LM],mute[LM],mute[LM],mute[LM],mute[LM],mute[LM],mute[LM],mute[JKLM],mute[LM],mute[LM],mute[LM],mute[LM],mute[LM],mute[LM],mute[LM],mute[LM],mute[LM],mute[KL],mute[JM],mute[LM],mute[LM],mute[LM],mute[LM],mute[LM],mute[LM],mute[LM],mute[LM],mute[LM],mute[LM],mute[LM],mute[LM],mute[LM],mute[KL],mute[KL],mute[JK],mute[LM],mute[LM],5<UV>,mute[LM],mute[IKM],mute[LM],mute[LM],mute[LM],mute[LM],mute[KL],mute[LM],mute[KL],mute[KL],mute[LM],mute[KL],mute[KL],mute[LM],mute[LM],mute[LM],mute[LM],mute[KL],mute[LM],mute[KL],mute[IJ],mute[JK],mute[KL],mute[KL],mute[KL],mute[IJ],mute[IKM],mute[LM],mute[LM],mute[LM],mute[LM],mute[LM],mute[LM],mute[LM],mute[LM],mute[LM],mute[LM],mute[LM],mute[LM],mute[LM],mute[LM],mute[LM],mute[LM],mute[LM],mute[LM];","(g.d1)[LM],(g.d1)[LM],a1[LM],a2[LM],g2[LM],#f2[LM],g2[LM],(e1.c1.#f2.d2.g1)[LM],(e1.c1.g1)[LM],e3[KL],d3[JM],e2[LM],(f1.d1.f2)[LM],(f1.d1.e2)[LM],d2[LM],(#d1.c1.#d2)[LM],(#d1.c1.#c2)[LM],c2[LM],(d1.#a.d2)[LM],(d1.#a.c2)[LM],#a1[LM],(c1.f)[LM],(#a.#d.c2)[LM],#a1[LM],(a3.a1)[JKLM],(d1.g)[LM],(d1.g)[LM],a2[LM],a3[LM],g3[LM],#f3[LM],g3[LM],(e1.c1.#f3.d3.g2)[LM],(e1.c1.g2)[LM],e3[KL],d3[JM],e3[LM],(f1.d1.f3)[LM],(f1.d1.g3)[LM],a3[LM],(#d1.c1.#g3)[LM],(#d1.c1.#a3)[LM],c4[LM],(d1.#a.d4)[LM],(d1.#a.c4)[LM],#a3[LM],(c1.f.c4)[LM],#a3[LM],a3[LM],e3[KL],#d3[KL],(g3.g2)[JK],f[LM],F-1[LM],(f~f)[LM],F-1[LM],(#d1.#a.#d.#a2)[IKM],(b2.d2.b1)[LM],c[LM],(e.c2)[LM],g[LM],(d1.d2)[KL],g[LM],(e.g3)[KL],(#d1.#a.#d.#a2)[KL],f2[LM],#d2[KL],g2[KL],(b2.d2.b1)[LM],c[LM],e[LM],(g.c2)[LM],(d1.d2)[KL],(g.g1)[LM],(e.c2)[KL],(#d1.#a.#d.#a1.g1)[IJ],(c1.e.c.g1)[JK],d3[KL],c4[KL],(#g.#d.#G-1)[KL],(g2.c2)[IJ],#A-1[N],f[N],#a[M],c2[ILM],(d1.g)[LM],(d1.g)[LM],a1[LM],a2[LM],g2[LM],#f2[LM],g2[LM],(c.#f2)[LM],g[LM],(c1.e2)[LM],g[LM],(g1.c2)[LM],#f1[LM],(e1.d2)[LM],(c1.e2)[LM],c[LM],g[LM],c1[LM];"],"id":1,"instruments":["piano","piano"],"alternatives":["",""]},{"bpm":120,"baseBeats":0.75,"scores":["mute[LM],mute[LM],mute[LM],mute[LM],mute[LM],mute[LM],mute[LM],mute[LM],mute[LM],mute[LM],mute[LM],mute[LM],mute[LM],mute[LM],mute[LM],mute[LM],mute[LM],mute[LM],mute[LM],mute[LM],mute[LM],mute[LM],mute[LM],5<UV>,mute[LM],mute[LM],mute[LM],5<UV>,mute[LM],mute[LM],mute[LM],5<UV>,mute[LM],mute[LM],mute[LM],mute[LM],mute[LM],mute[LM],mute[LM],5<UV>,mute[LM],mute[LM],mute[LM],5<UV>,mute[LM],mute[LM],mute[LM],mute[LM],mute[LM],mute[LM],mute[LM],mute[LM],mute[LM],mute[LM],mute[LM],5<UV>,mute[LM],mute[LM],mute[LM],5<UV>,mute[LM],mute[LM],mute[LM],5<UV>,mute[LM],mute[LM],mute[LM],mute[LM],mute[LM],mute[LM],mute[LM],mute[LM],mute[LM],mute[LM],mute[LM],mute[LM],mute[LM],mute[LM],mute[LM],mute[LM],mute[LM],mute[LM],mute[LM],mute[LM],mute[LM],mute[LM],mute[LM];","(d1.c2)[LM],(e1.a2)[LM],g2[LM],#f2[LM],g2[LM],(e.#f2)[LM],b[LM],(e1.e2)[LM],b[LM],(g1.b1)[LM],#f1[LM],(e1.a1)[LM],(b.b1)[LM],e[LM],b[LM],e1[LM],b[LM],d1[LM],a[LM],(#f.b1)[LM],d[LM],(c.c2)[LM],d2[LM],(e.e2)[N],g[N],c1[L],d2[LM],(d.e2)[LM],#f2[LM],(#f.e2)[N],a[N],d1[L],#f2[LM],(B-1.#d2)[LM],e2[LM],(#d.#f2)[N],#f[N],b[L],a2[LM],(e.a2)[LM],(b.g2)[LM],(d.#f2)[LM],(a.g2)[LM],(c.c2)[LM],d2[LM],(e.e2)[N],g[N],c1[L],d2[LM],(d.e2)[LM],#f2[LM],(#f.e2)[N],a[N],d1[L],#f2[LM],(G-1.g2)[LM],(d.a2)[LM],(b.b2)[LM],(d1.g2)[LM],(A-1.#c3)[LM],(e.d3)[LM],(#c1.e3)[LM],#c3[LM],(c.e2)[LM],#f2[LM],(e.g2)[N],g[N],c1[L],e2[LM],(d.#f2)[LM],g2[LM],(#f.a2)[N],a[N],d1[L],#f2[LM],(#d.g2)[LM],a2[LM],(g.#a2)[N],#a[N],#d1[L],g2[LM],(f1.c1.f.c4)[LM],#a3[LM],a3[LM],g3[LM],f3[LM],c3[LM],a2[LM],f2[LM],(#d1.#a.#d.#a2)[LM],d2[LM],f2[LM],d3[LM],d2[LM],f2[LM],#a2[LM],d2[LM],(f1.c1.f.c3)[LM],c2[LM],f2[LM],a2[LM],c2[LM],f2[LM];"],"id":2,"instruments":["piano","piano"],"alternatives":["",""]},{"bpm":120,"baseBeats":0.75,"scores":["mute[LM],mute[LM],mute[LM],mute[LM],mute[LM],mute[LM],mute[LM],mute[LM],mute[LM],mute[LM],mute[LM],mute[LM],mute[LM],mute[LM],mute[LM],mute[LM],mute[LM],mute[LM],mute[LM],mute[LM],mute[LM],mute[LM],mute[LM],mute[LM],mute[LM],mute[LM],mute[LM],mute[LM],mute[LM],mute[KL],mute[LM],mute[LM],mute[IJKL],mute[LM],mute[LM],mute[LM],mute[LM],mute[LM],mute[LM],mute[LM],mute[LM],mute[LM],mute[KL],mute[JM],mute[LM],mute[LM],mute[LM],mute[LM],mute[LM],mute[LM],mute[LM],mute[LM],mute[LM],mute[LM],mute[LM],mute[LM],mute[LM],mute[JKLM],mute[LM],mute[LM],mute[LM],mute[LM],mute[LM],mute[LM],mute[LM],mute[LM],mute[LM],mute[KL],mute[JM],mute[LM],mute[LM],mute[LM],mute[LM],mute[LM],mute[LM],mute[LM],mute[LM],mute[LM],mute[LM],mute[LM],mute[LM],mute[LM],mute[KL],mute[KL],mute[JK],mute[LM],mute[LM],5<UV>,mute[LM],mute[IKM],mute[LM],mute[LM],mute[LM],mute[LM],mute[KL],mute[LM],mute[KL],mute[KL],mute[LM],mute[KL],mute[KL],mute[LM],mute[LM],mute[LM],mute[LM],mute[KL],mute[LM],mute[KL],mute[IJ],mute[JK],mute[KL],mute[KL],mute[KL],mute[IJ],mute[HM];","g2[LM],a2[LM],(#d1.#a.#d.#a2)[LM],d2[LM],f2[LM],d3[LM],d2[LM],#d3[LM],d3[LM],#a2[LM],(f1.c1.f.c3)[LM],c2[LM],f2[LM],a2[LM],f2[LM],c2[LM],f1[LM],g1[LM],(#G-1.#g1)[LM],(#d.c1)[LM],(#g.#d1)[LM],c2[LM],c1[LM],#d1[LM],#g1[LM],c1[LM],(f.#A-1.#a1.#a)[LM],c1[LM],d1[LM],f1[KL],f[LM],#d1[LM],d1[IJKL],(g.d1)[LM],(g.d1)[LM],a1[LM],a2[LM],g2[LM],#f2[LM],g2[LM],(e1.c1.#f2.d2.g1)[LM],(e1.c1.g1)[LM],e3[KL],d3[JM],e2[LM],(f1.d1.f2)[LM],(f1.d1.e2)[LM],d2[LM],(#d1.c1.#d2)[LM],(#d1.c1.#c2)[LM],c2[LM],(d1.#a.d2)[LM],(d1.#a.c2)[LM],#a1[LM],(c1.f)[LM],(#a.#d.c2)[LM],#a1[LM],(a3.a1)[JKLM],(d1.g)[LM],(d1.g)[LM],a2[LM],a3[LM],g3[LM],#f3[LM],g3[LM],(e1.c1.#f3.d3.g2)[LM],(e1.c1.g2)[LM],e3[KL],d3[JM],e3[LM],(f1.d1.f3)[LM],(f1.d1.g3)[LM],a3[LM],(#d1.c1.#g3)[LM],(#d1.c1.#a3)[LM],c4[LM],(d1.#a.d4)[LM],(d1.#a.c4)[LM],#a3[LM],(c1.f.c4)[LM],#a3[LM],a3[LM],e3[KL],#d3[KL],(g3.g2)[JK],f[LM],F-1[LM],(f~f)[LM],F-1[LM],(#d1.#a.#d.#a2)[IKM],(b2.d2.b1)[LM],c[LM],(e.c2)[LM],g[LM],(d1.d2)[KL],g[LM],(e.g3)[KL],(#d1.#a.#d.#a2)[KL],f2[LM],#d2[KL],g2[KL],(b2.d2.b1)[LM],c[LM],e[LM],(g.c2)[LM],(d1.d2)[KL],(g.g1)[LM],(e.c2)[KL],(#d1.#a.#d.#a1.g1)[IJ],(c1.e.c.g1)[JK],d3[KL],c4[KL],(#g.#d.#G-1)[KL],(g2.c2)[IJ],#A-1[N],f[N],#a[H];"],"id":3,"instruments":["piano","piano"],"alternatives":["",""]}]}