{"baseBpm":540,"musics":[{"bpm":540,"baseBeats":0.75,"scores":["SV,mute[LM],ST,ST,ST,ST,ST,ST,ST,ST,QT,SV,mute[LM],ST,ST,ST,ST,ST,ST,ST,ST,QT,SV,mute[LM],ST,ST,ST,ST,ST,SV,mute[LM],ST,ST,ST,ST,ST,SV,mute[LM],ST,ST,SV,mute[LM],ST,ST,SV,mute[LM],ST,ST,ST,ST,ST,SV,mute[LM],ST,ST,ST,ST,ST,ST,ST,ST,QT,SV,mute[LM],ST,ST,ST,ST,ST,ST,ST,ST,QT,SV,mute[LM],ST,ST,ST,ST,ST,SV,mute[LM],ST,ST,ST,ST,ST,SV,mute[LM],ST,ST,SV,mute[LM],ST,ST,SV,mute[LM],ST,ST,ST,ST,ST,T,T,T,T,T,T,T,T,T,T,T,T,T,T,T,T,T,T,T,T,T,TV,5<UV>,T,TV,5<UV>,T,T,T,T,T,T,T,T,T,T,T,T,T,T,T,T,T,T,T,T,T,T,T,T,T,T,T,T,T,T,T,T,T,T,T,T,T,T,T,T,T,T,T,TV,5<UV>,T,T,T,T,T,T,T,T,T,T,T,T,T,T,T,T,T,T,T,T,T,T,TV,5<UV>,T,TV,5<UV>,T,T,T,T,T,T,T,T,T,T,T,T,T,T,T,T,T,T,T,T,T,T,T,T,T,T,T,T,T,T,T,T,T,T,T,T,T,T,T,T,T,T,T,T,T,T,T,T,T,T,T,T,T,T,T,T,T,T,T,T,T,T,T,T,T,T,T,TV,5<UV>,T,TV,5<UV>,T,T,T,T,T,T,T,T,T,T,T,T,T,T,T,T,T,T,T,T,T,T,T,T,T,T,T,T,T,T,T,T,T,T,T,T,T,T,T,T,T,T,T,TV,5<UV>,T,T,T,T,T,T,T,T,T,T,T,T,T,T,T,T,T,T,T,T,T,T,TV,5<UV>,T,TV,5<UV>,T,T,T,T,T,T,T,","c2[JM],c2[LM],e2[JK],C-1[JK],(g1.e1.c2)[JK],(f1.d1.b1)[JK],(e1.c1.c2)[JK],(d1.b.g.d2.g1)[JK],(d1.b.g.d2.g1)[JK],(d1.b.g.d2.g1)[JK],(d1.b.g.d2.g1)[HK],d2[JM],d2[LM],f2[JK],D-1[JK],(f1.a1.d2)[JK],(g1.e1.#c2)[JK],(f1.d1.d2)[JK],(e1.#c1.a.e2.a1)[JK],(e1.#c1.a.e2.a1)[JK],(e1.#c1.a.e2.a1)[JK],(e1.#c1.a.e2.a1)[HK],f2[JM],f2[LM],a2[JK],F-1[JK],(c2.a1.f2)[JK],(#a1.g1.e2)[JK],(a1.f1.f2)[JK],c3[JM],c3[LM],e3[JK],c[JK],(e1.g1.c2)[JK],(f1.d1.b1)[JK],(e1.c1.c2)[JK],d2[JM],d2[LM],a2[JK],(d1.a.f)[JK],b1[JM],b1[LM],g2[JK],(f1.b.g)[JK],e1[JM],e1[LM],c2[JK],(c1.g.c)[JK],(c1.g.e)[JK],C-1[JK],(c1.g.e)[JK],c2[JM],c2[LM],e2[JK],C-1[JK],(g1.e1.c2)[JK],(f1.d1.b1)[JK],(e1.c1.c2)[JK],(d1.b.g.d2.g1)[JK],(d1.b.g.d2.g1)[JK],(d1.b.g.d2.g1)[JK],(d1.b.g.d2.g1)[HK],d2[JM],d2[LM],f2[JK],D-1[JK],(f1.a1.d2)[JK],(g1.e1.#c2)[JK],(f1.d1.d2)[JK],(e1.#c1.a.e2.a1)[JK],(e1.#c1.a.e2.a1)[JK],(e1.#c1.a.e2.a1)[JK],(e1.#c1.a.e2.a1)[HK],f2[JM],f2[LM],a2[JK],F-1[JK],(c2.a1.f2)[JK],(#a1.g1.e2)[JK],(a1.f1.f2)[JK],c3[JM],c3[LM],e3[JK],c[JK],(e1.g1.c2)[JK],(f1.d1.b1)[JK],(e1.c1.c2)[JK],d2[JM],d2[LM],a2[JK],(d1.a.f)[JK],b1[JM],b1[LM],g2[JK],(f1.b.g)[JK],e1[JM],e1[LM],c2[JK],(c1.g.c)[JK],(c1.g.e)[JK],C-1[JK],e1[JK],(A-2.c2.c1)[K],E-1[K],A-1[K],A-2[K],E-1[K],A-1[K],(A-2.b1.b)[K],E-1[K],A-1[K],(A-2.a1.a)[K],E-1[K],A-1[K],A-2[K],E-1[K],A-1[K],(A-2.b1.b)[K],E-1[K],#G-1[K],(A-2.c2.c1)[K],E-1[K],A-1[K],A-2[K],E-1[L],(d2.d1)[L],A-1[K],(A-2.c2.c1)[K],E-1[L],(b1.b)[L],A-1[K],(A-2.a1.a)[K],E-1[K],A-1[K],A-2[K],E-1[K],A-1[K],(A-2.b1.b)[K],E-1[K],#G-1[K],(A-2.c2.c1)[K],E-1[K],A-1[K],A-2[K],E-1[K],A-1[K],(#G-2.b1.b)[K],E-1[K],#G-1[K],(A-2.c2.c1)[K],E-1[K],A-1[K],A-2[K],E-1[K],A-1[K],(B-2.d2.d1)[K],G-1[K],B-1[K],(C-1.e1.e2)[K],G-1[K],c[K],C-1[K],G-1[K],c[K],C-1[K],G-1[K],c[K],C-1[K],G-1[K],c[K],C-1[K],G-1[K],c[K],(C-1.c2.c1)[K],G-1[L],(d2.d1)[L],c[K],(C-1.e2.e1)[K],G-1[K],c[K],C-1[K],G-1[K],c[K],(C-1.d2.d1)[K],G-1[K],c[K],(C-1.c2.c1)[K],G-1[K],c[K],C-1[K],G-1[K],c[K],(C-1.d2.d1)[K],G-1[K],c[K],(C-1.e2.e1)[K],G-1[K],c[K],C-1[K],G-1[L],(f2.f1)[L],c[K],(C-1.e2.e1)[K],G-1[L],(d2.d1)[L],c[K],(C-1.c2.c1)[K],G-1[K],c[K],C-1[K],G-1[K],c[K],(B-2.d2.d1)[K],G-1[K],B-1[K],(C-1.e2.e1)[K],G-1[K],c[K],C-1[K],G-1[K],c[K],(D-1.d2.d1)[K],F-1[K],d[K],(E-1.c2.c1)[K],A-1[K],e[K],E-1[K],A-1[K],e[K],(E-1.b1.b)[K],#G-1[K],e[K],(A-2.a.a1)[K],C-1[K],E-1[K],A-1[K],E-1[K],C-1[K],A-2[K],C-1[K],E-1[K],A-1[K],E-1[K],C-1[K],A-2[K],C-1[K],E-1[K],(A-1.e1)[K],E-1[K],C-1[K],(A-2.c2.c1)[K],E-1[K],A-1[K],A-2[K],E-1[K],A-1[K],(A-2.b1.b)[K],E-1[K],A-1[K],(A-2.a1.a)[K],E-1[K],A-1[K],A-2[K],E-1[K],A-1[K],(A-2.b1.b)[K],E-1[K],#G-1[K],(A-2.c2.c1)[K],E-1[K],A-1[K],A-2[K],E-1[L],(d2.d1)[L],A-1[K],(A-2.c2.c1)[K],E-1[L],(b1.b)[L],A-1[K],(A-2.a1.a)[K],E-1[K],A-1[K],A-2[K],E-1[K],A-1[K],(A-2.b1.b)[K],E-1[K],#G-1[K],(A-2.c2.c1)[K],E-1[K],A-1[K],A-2[K],E-1[K],A-1[K],(#G-2.b1.b)[K],E-1[K],#G-1[K],(A-2.c2.c1)[K],E-1[K],A-1[K],A-2[K],E-1[K],A-1[K],(B-2.d2.d1)[K],G-1[K],B-1[K],(C-1.e1.e2)[K],G-1[K],c[K],C-1[K],G-1[K],c[K],C-1[K],G-1[K],c[K],C-1[K],G-1[K],c[K],C-1[K],G-1[K],c[K],(C-1.c2.c1)[K],G-1[L],(d2.d1)[L],c[K],(C-1.e2.e1)[K],G-1[K],c[K],C-1[K],G-1[K],c[K],(C-1.d2.d1)[K],G-1[K],c[K],(C-1.c2.c1)[K],G-1[K],c[K],C-1[K],G-1[K],c[K],(C-1.d2.d1)[K],G-1[K],c[K],(C-1.e2.e1)[K],G-1[K],c[K],C-1[K],G-1[L],(f2.f1)[L],c[K],(C-1.e2.e1)[K],G-1[L],(d2.d1)[L],c[K],(C-1.c2.c1)[K],G-1[K],c[K],C-1[K],G-1[K],c[K],"],"id":1},{"bpm":540,"baseBeats":0.75,"scores":["(B-2.d2.d1)[K],G-1[K],B-1[K],(C-1.e2.e1)[K],G-1[K],c[K],C-1[K],G-1[K],c[K],(D-1.d2.d1)[K],F-1[K],d[K],(E-1.c2.c1)[K],A-1[K],e[K],E-1[K],A-1[K],e[K],(E-1.b1.b)[K],#G-1[K],e[K],(A-2.a.a1)[K],C-1[K],E-1[K],A-1[K],E-1[K],C-1[K],A-2[K],C-1[K],E-1[K],A-1[K],E-1[K],C-1[K],A-2[KL],A-1[KL],(B-2.b1.b)[KL],B-1[KL],c2[JM],c2[LM],e2[JK],C-1[JK],(g1.e1.c2)[JK],(f1.d1.b1)[JK],(e1.c1.c2)[JK],(d1.b.g.d2.g1)[JK],(d1.b.g.d2.g1)[JK],(d1.b.g.d2.g1)[JK],(d1.b.g.d2.g1)[HK],d2[JM],d2[LM],f2[JK],D-1[JK],(f1.a1.d2)[JK],(g1.e1.#c2)[JK],(f1.d1.d2)[JK],(e1.#c1.a.e2.a1)[JK],(e1.#c1.a.e2.a1)[JK],(e1.#c1.a.e2.a1)[JK],(e1.#c1.a.e2.a1)[HK],f2[JM],f2[LM],a2[JK],F-1[JK],(c2.a1.f2)[JK],(#a1.g1.e2)[JK],(a1.f1.f2)[JK],c3[JM],c3[LM],e3[JK],c[JK],(e1.g1.c2)[JK],(f1.d1.b1)[JK],(e1.c1.c2)[JK],d2[JM],d2[LM],a2[JK],(d1.a.f)[JK],b1[JM],b1[LM],g2[JK],(f1.b.g)[JK],e1[JM],e1[LM],c2[JK],(c1.g.c)[JK],(c1.g.e)[JK],C-1[JK],g[JK],(C-1.g.e1.g1)[KL],D-1[KL],E-1[KL],F-1[KL],G-1[KL],A-1[KL],(B-1.d1.f1)[KL],c[KL],d[KL],G-1[KL],A-1[KL],B-1[KL],(c.e1.c1)[KL],(f1.d1)[KL],(g1.e1)[KL],(a1.f1)[KL],(b1.g1)[KL],(c2.a1)[KL],(G-1.d2.b1)[KL],(e2.c2)[KL],(f2.d2)[KL],(g2.e2)[KL],(F-1.a2.f2)[KL],(b2.d2)[KL],(E-1.c3.g2)[KL],C-1[KL],(E-1.g1.e1.g)[KL],F-1[KL],G-1[KL],A-1[KL],(B-1.f1.d1)[KL],c[KL],(d.f1.d1.g)[KL],G-1[KL],A-1[KL],B-1[KL],(c.e1.c1)[KL],(#f1.d1)[KL],(A-1.g1.e1)[KL],(a1.#f1)[KL],(b1.g1)[KL],(c2.a1)[KL],(G-1.d2.b1)[KL],(e2.c2)[KL],(G-1.#f2.d2)[KL],(g2.e2)[KL],(a2.#f2)[KL],(b2.g2)[KL],(F-1.a2.c3)[KL],G-1[KL],(A-1.a2.c3)[KL],D-1[KL],E-1[KL],F-1[KL],(G-1.g2.b2)[KL],A-1[KL],(B-1.g2.b2)[KL],c[KL],d[KL],e[KL],(c.g2.a2.e3)[KL],B-1[KL],(c.g2.a2.e3)[KL],A-1[KL],(d.#f2.a2.d3)[KL],D-1[KL],(G-1.d2.g2.b2)[IJ],g[JK],(C-1.g.e1.g1)[KL],D-1[KL],E-1[KL],F-1[KL],G-1[KL],A-1[KL],(B-1.d1.f1)[KL],c[KL],d[KL],G-1[KL],A-1[KL],B-1[KL],(c.e1.c1)[KL],(f1.d1)[KL],(g1.e1)[KL],(a1.f1)[KL],(b1.g1)[KL],(c2.a1)[KL],(G-1.d2.b1)[KL],(e2.c2)[KL],(f2.d2)[KL],(g2.e2)[KL],(F-1.a2.f2)[KL],(b2.d2)[KL],(E-1.c3.g2)[KL],C-1[KL],(E-1.g1.e1.g)[KL],F-1[KL],G-1[KL],A-1[KL],(B-1.f1.d1)[KL],c[KL],(d.f1.d1.g)[KL],G-1[KL],A-1[KL],B-1[KL],(c.e1.c1)[KL],(#f1.d1)[KL],(A-1.g1.e1)[KL],(a1.#f1)[KL],(b1.g1)[KL],(c2.a1)[KL],(G-1.d2.b1)[KL],(e2.c2)[KL],(G-1.#f2.d2)[KL],(g2.e2)[KL],(a2.#f2)[KL],(b2.g2)[KL],(F-1.a2.c3)[KL],G-1[KL],(A-1.a2.c3)[KL],D-1[KL],E-1[KL],F-1[KL],(G-1.g2.b2)[KL],A-1[KL],(B-1.g2.b2)[KL],c[KL],d[KL],e[KL],(c.g2.a2.e3)[KL],B-1[KL],(c.g2.a2.e3)[KL],A-1[KL],(d.#f2.a2.d3)[KL],D-1[KL],(G-1.d2.g2.b2)[IJ],g[JK],(G-1.f1.d1)[KL],#F-1[KL],G-1[KL],A-1[KL],B-1[KL],G-1[KL],(c.e1.c1)[KL],B-1[KL],(c.d1)[KL],d[KL],(e.c1)[KL],#f[KL],(g.g1.b)[KL],#f1[KL],g1[KL],a1[KL],(f.b1)[KL],g1[KL],(e.c2)[KL],b1[KL],(d.c2)[KL],d2[KL],(c.e2)[KL],#f2[KL],(B-1.g2)[KL],A-1[KL],(B-1.f2)[KL],G-1[KL],A-1[KL],B-1[KL],(c.e2)[KL],B-1[KL],(c.d2)[KL],d[KL],(e.c2)[KL],f[KL],(g.b1)[KL],a1[KL],(f.b1)[KL],g1[KL],a1[KL],b1[KL],(#d.c2)[KL],b1[KL],(d.c2)[KL],d2[KL],(c.#d2)[KL],#f2[KL],(B-1.g2)[KL],c[KL],d[KL],c[KL],B-1[KL],A-1[KL],G-1[KL],#F-1[KL],G-1[KL],(F-1.d2.b1)[KL],(E-1.e2.c2)[KL],(D-1.f2.d2)[KL],(C-1.g2.e2)[KL],D-1[KL],(E-1.g2.e2)[KL],F-1[KL],G-1[KL],A-1[KL],(B-1.f2.d2)[KL],c[KL],(d.f2.d2)[KL],G-1[KL],A-1[KL],B-1[KL],(c.e2.c2)[KL],(f2.d2)[KL],(G-1.g2.e2)[KL],(a2.f2)[KL],"],"id":2},{"bpm":540,"baseBeats":0.75,"scores":["(b2.g2)[KL],(c3.a2)[KL],(F-1.d3.b2)[KL],(e3.c3)[KL],(F-1.f3.d3)[KL],(b2.g2)[KL],(c3.a2)[KL],(d3.b2)[KL],(E-1.c3.e3)[KL],F-1[KL],(G-1.c3.e3)[KL],A-1[KL],B-1[KL],c[KL],(#G-1.e2.c3)[KL],A-1[KL],(B-1.e2.c3)[KL],c[KL],d[KL],e[KL],(f.a2.d2.c2)[KL],e[KL],(f.a2.d2.c2)[KL],d[KL],(g.a2.d2.c2)[KL],G-1[KL],(c.e2.c2.g1)[KL],G-1[KL],C-1[JK],g[JK],(G-1.f1.d1)[KL],#F-1[KL],G-1[KL],A-1[KL],B-1[KL],G-1[KL],(c.e1.c1)[KL],B-1[KL],(c.d1)[KL],d[KL],(e.c1)[KL],#f[KL],(g.g1.b)[KL],#f1[KL],g1[KL],a1[KL],(f.b1)[KL],g1[KL],(e.c2)[KL],b1[KL],(d.c2)[KL],d2[KL],(c.e2)[KL],#f2[KL],(B-1.g2)[KL],A-1[KL],(B-1.f2)[KL],G-1[KL],A-1[KL],B-1[KL],(c.e2)[KL],B-1[KL],(c.d2)[KL],d[KL],(e.c2)[KL],f[KL],(g.b1)[KL],a1[KL],(f.b1)[KL],g1[KL],a1[KL],b1[KL],(#d.c2)[KL],b1[KL],(d.c2)[KL],d2[KL],(c.#d2)[KL],#f2[KL],(B-1.g2)[KL],c[KL],d[KL],c[KL],B-1[KL],A-1[KL],G-1[KL],#F-1[KL],G-1[KL],(F-1.d2.b1)[KL],(E-1.e2.c2)[KL],(D-1.f2.d2)[KL],(C-1.g2.e2)[KL],D-1[KL],(E-1.g2.e2)[KL],F-1[KL],G-1[KL],A-1[KL],(B-1.f2.d2)[KL],c[KL],(d.f2.d2)[KL],G-1[KL],A-1[KL],B-1[KL],(c.e2.c2)[KL],(f2.d2)[KL],(G-1.g2.e2)[KL],(a2.f2)[KL],(b2.g2)[KL],(c3.a2)[KL],(F-1.d3.b2)[KL],(e3.c3)[KL],(F-1.f3.d3)[KL],(b2.g2)[KL],(c3.a2)[KL],(d3.b2)[KL],(E-1.c3.e3)[KL],F-1[KL],(G-1.c3.e3)[KL],A-1[KL],B-1[KL],c[KL],(#G-1.e2.c3)[KL],A-1[KL],(B-1.e2.c3)[KL],c[KL],d[KL],e[KL],(f.a2.d2.c2)[KL],e[KL],(f.a2.d2.c2)[KL],d[KL],(g.a2.d2.c2)[KL],G-1[KL],(c.e2.c2.g1)[KL],G-1[KL],E-1[KL],G-1[KL],C-1[JK],c2[JM],c2[LM],e2[JK],C-1[JK],(g1.e1.c2)[JK],(f1.d1.b1)[JK],(e1.c1.c2)[JK],(d1.b.g.d2.g1)[JK],(d1.b.g.d2.g1)[JK],(d1.b.g.d2.g1)[JK],(d1.b.g.d2.g1)[HK],d2[JM],d2[LM],f2[JK],D-1[JK],(f1.a1.d2)[JK],(g1.e1.#c2)[JK],(f1.d1.d2)[JK],(e1.#c1.a.e2.a1)[JK],(e1.#c1.a.e2.a1)[JK],(e1.#c1.a.e2.a1)[JK],(e1.#c1.a.e2.a1)[HK],f2[JM],f2[LM],a2[JK],F-1[JK],(c2.a1.f2)[JK],(#a1.g1.e2)[JK],(a1.f1.f2)[JK],c3[JM],c3[LM],e3[JK],c[JK],(e1.g1.c2)[JK],(f1.d1.b1)[JK],(e1.c1.c2)[JK],d2[JM],d2[LM],a2[JK],(d1.a.f)[JK],b1[JM],b1[LM],g2[JK],(f1.b.g)[JK],e1[JM],e1[LM],c2[JK],(c1.g.c)[JK],(c1.g.e)[JK],C-1[JK],(c1.g.e)[JK],c2[JM],c2[LM],e2[JK],C-1[JK],(g1.e1)[KL],c2[KL],(f1.d1)[KL],b1[KL],(e1.c1)[KL],c2[KL],(d1.b)[KL],(d2.b1.g1)[KL],(d1.b.g)[KL],(d2.b1.g1)[KL],(d1.b.g)[KL],(d2.b1.g1)[KL],(d1.b.g)[JK],(d2.b1.g1)[IJ],d2[JM],d2[LM],f2[JK],D-1[JK],(f1.a1)[KL],d2[KL],(e1.g1)[KL],#c2[KL],(d1.f1)[KL],d2[KL],(e1.#c1.a)[KL],(e2.#c2.a1)[KL],(e1.#c1.a)[KL],(e2.#c2.a1)[KL],(e1.#c1.a)[KL],(e2.#c2.a1)[KL],(e1.#c1.a)[JK],(e2.#c2.a1)[IJ],f2[JM],f2[LM],a2[JK],F-1[JK],(a1.c2)[KL],f2[KL],(g1.b1)[KL],e2[KL],(f1.a1)[KL],f2[KL],c3[JM],c3[LM],e3[JK],c[JK],(e1.g1)[KL],c2[KL],(d1.f1)[KL],b1[KL],(c1.e1)[KL],c2[KL],d2[JM],d2[LM],a2[JK],(f.a.d1)[JK],b1[JM],b1[LM],g2[JK],(g.b.f1)[JK],(c2.e1)[KL],(c1.g.c)[KL],(c2.e1)[KL],(c1.g.c)[KL],(c2.e1)[KL],(c1.g.c)[KL],(c2.e1)[JK],(c1.g.c)[IJ],b1[JM],b1[LM],f2[JK],(G-1.G-2)[JK],(d1.f1.b1)[JK],(e1.#c1.#a1)[JK],(f1.d1.b1)[JK],b1[JM],b1[LM],a2[JK],(G-1.G-2)[JK],(d1.f1.b1)[JK],(e1.#c1.#a1)[JK],(f1.d1.b1)[JK],b1[JM],b1[LM],#g2[JK],(g.d1.f1)[JK],b1[JM],b1[LM],g2[JK],(g.d1.f1)[JK],e1[JM],e1[LM],c2[JK],(c.g.c1)[JK],(c1.g.e)[JK],C-1[JK],(c1.g.e)[JK],b1[JM],b1[LM],a2[JK],(g.d1.f1)[JK],b1[JM],b1[LM],g2[JK],(g.d1.f1)[JK],e1[JM],e1[LM],c2[JK],(c.g.c1)[JK],(c1.g.e)[JK],C-1[JK],(c1.g.e)[JK],b1[JM],b1[LM],#g2[JK],(g.d1.f1)[JK],b1[JM],b1[LM],g2[JK],(g.d1.f1.b)[JK],e1[JM],e1[LM],c2[JK],(c.g.c1)[JK],(c1.g.e)[JK],C-1[JK],(c1.g.e)[JK],e1[JM],e1[LM],e2[JK],(c.g.c1)[JK],(c1.g.e)[JK],C-1[JK],(c1.g.e)[JK],e1[JM],e1[LM],g2[JK],(c1.g.e.c)[JK],c2[JM],c2[LM],c3[JK],(c1.g.e.c)[JK],(c1.g.e)[JK],C-1[JK],(c1.g.e)[JK],C-1[JK],(c1.g.e)[JK],C-1[JK],(c1.g.e)[JK],C-1[JK],(c1.g.e)[JK],C-1[JKN],(c1.g.e)[JKM],C-1[JKN],(c1.g.e)[IJLM],C-1[JKMN],(c1.g.e)[IJKM],C-1[JKLN],(c1.g.e)[IL],C-1[HHHHIKMN],"],"id":3}],"audition":{"start":[0,0],"end":[1,0]}}