{"baseBpm":360,"musics":[{"bpm":360,"baseBeats":0.5,"scores":["U,mute[L],mute[L],mute[L],mute[L],mute[L],mute[L],mute[L],mute[L],mute[L],mute[L],mute[L],TU,TU,TU,TU,TU,S,mute[L],mute[L],mute[L],mute[L],mute[L],mute[L],mute[L],mute[L],mute[L],mute[L],mute[L],mute[L],mute[L],mute[L],mute[L],mute[L],mute[L],mute[L],mute[L],mute[L],mute[L],mute[L],mute[L],TU,mute[L],mute[L],mute[L],TUW,mute[L],mute[L],mute[L],TUV,SV,mute[L],mute[L],mute[L],mute[L],mute[L],mute[L],mute[L],mute[L],mute[L],mute[L],mute[L],mute[L],TU,TU,TU,TU,TU,S,mute[L],mute[L],mute[L],mute[L],mute[L],mute[L],mute[L],mute[L],mute[L],mute[L],mute[L],mute[L],mute[L],mute[L],mute[L],mute[L],mute[L],mute[L],mute[L],mute[L],mute[L],mute[L],mute[L],TU,mute[L],mute[L],mute[L],TUW,mute[L],mute[L],mute[L],TUVW,SV,mute[L],mute[L],mute[L],mute[L],mute[L],mute[L],mute[L],mute[L],mute[L],mute[L],mute[L],mute[L],TU,TU,TU,TU,TU,S,mute[L],mute[L],mute[L],mute[L],mute[L],mute[L],mute[L],mute[L],mute[L],mute[L],mute[L],mute[L],mute[L],mute[L],mute[L],mute[L],mute[L],mute[L],mute[L],mute[L],mute[L],mute[L],mute[L],TU,mute[L],mute[L],mute[L],TUW,mute[L],mute[L],mute[L],TUV,SV,mute[L],mute[L],mute[L],mute[L],mute[L],mute[L],mute[L],mute[L],mute[L],mute[L],mute[L],mute[L],TU,TU,TU,TU,TU,S,mute[L],mute[L],mute[L],mute[L],mute[L],mute[L],mute[L],mute[L],mute[L],mute[L],mute[L],mute[L],mute[L],mute[L],mute[L],mute[L],mute[L],mute[L],mute[L],mute[L],mute[L],mute[L],mute[L],TU,mute[L],mute[L],mute[L],TUV,mute[L],mute[L],mute[L],TUV,ST,T,T,T,UW,UW,mute[L],mute[L],mute[L],mute[L],mute[L],mute[L],mute[L],mute[L],mute[L],mute[L],mute[L],mute[L],mute[L],mute[L],mute[L],mute[L],mute[L],mute[L],mute[L],mute[L],mute[L],mute[L],mute[L],mute[L],mute[L],mute[L],mute[L],mute[L],mute[L],mute[L],mute[L],mute[L],mute[L],mute[L],mute[L],mute[L],mute[L],mute[L],mute[L],mute[L],mute[L],mute[L],mute[L],mute[L],mute[L],mute[L],mute[L],mute[L],mute[L],mute[L],mute[L],mute[L],mute[L],mute[L],mute[L],mute[L],mute[L],mute[L],mute[L],mute[L],mute[L],mute[L],mute[L],mute[L],mute[L],mute[L],mute[L],mute[L],mute[L],mute[L],mute[L],mute[L],mute[L],mute[L],mute[L],mute[L],mute[L],mute[L],mute[L],mute[L],mute[L],mute[L],mute[L],mute[L],mute[L],mute[L],mute[L],mute[L],mute[L],mute[L],mute[L],mute[L],mute[L],mute[L],mute[L],mute[L],mute[L],mute[L],mute[L],mute[L],mute[L],mute[L],mute[L],mute[L],mute[L],mute[L],mute[L],mute[L],mute[L],mute[L],mute[L],mute[L],mute[L],mute[L],mute[L],mute[L],UW,mute[L],UW,UV,UV,mute[L],mute[L],mute[L],mute[L],mute[L],mute[L],mute[L],mute[L],mute[L],mute[L],mute[L],mute[L],TU,TU,TU,TU,TU,S,mute[L],mute[L],mute[L],mute[L],mute[L],mute[L],mute[L],mute[L],mute[L],mute[L],mute[L],mute[L],mute[L],mute[L],mute[L],mute[L],mute[L],mute[L],mute[L],mute[L],mute[L],mute[L],mute[L],TV,5<U>,UV,mute[L],TU,mute[L],mute[L],mute[L],TUVW,SV,mute[L],mute[L],mute[L],mute[L],mute[L],mute[L],mute[L],mute[L],mute[L],mute[L],mute[L],mute[L],TU,TU,TU,TU,TU,S,mute[L],mute[L],mute[L],mute[L],mute[L],mute[L],mute[L],mute[L],mute[L],mute[L],mute[L],mute[L],mute[L],mute[L],mute[L],","C-1[L],E-1[L],G-1[L],c[L],e[L],g[L],c1[L],e1[L],g1[L],c2[L],e2[L],g2[L],c3[KL],c[KL],a2[KL],F-1[KL],a2[KL],f3[J],(e3.g2)[L],(d3.f2)[L],(e3.g2)[L],(d3.f2)[L],(c3.e2)[L],(d3.f2.g1)[L],(c3.e2)[L],(b2.d2)[L],(c3.e2)[L],(b2.d2)[L],(a2.c2)[L],(b2.d2)[L],(a2.c2)[L],(g2.b1)[L],(a2.c2)[L],(g2.b1)[L],(#f2.a1)[L],(g2.b1)[L],(b2.a1)[L],(a2.g1)[L],(g2.f1)[L],(a2.e1)[L],(b2.d1)[L],(c3.c1)[KL],(d3.e1.g1.c2)[MN],c3[MN],d3[MN],c3[MN],(d3.g)[KL],(e3.f1.g1.b1)[MN],d3[MN],e3[L],d3[MN],(e3.c)[KLM],(c3.e1.g1.c2)[JM],C-1[L],E-1[L],G-1[L],c[L],e[L],g[L],c1[L],e1[L],g1[L],c2[L],e2[L],g2[L],c3[KL],c[KL],a2[KL],F-1[KL],a2[KL],f3[J],(e3.g2)[L],(d3.f2)[L],(e3.g2)[L],(d3.f2)[L],(c3.e2)[L],(d3.f2.g1)[L],(c3.e2)[L],(b2.d2)[L],(c3.e2)[L],(b2.d2)[L],(a2.c2)[L],(b2.d2)[L],(a2.c2)[L],(g2.b1)[L],(a2.c2)[L],(g2.b1)[L],(#f2.a1)[L],(g2.b1)[L],(b2.a1)[L],(a2.g1)[L],(g2.f1)[L],(a2.e1)[L],(b2.d1)[L],(c3.c1)[KL],(d3.e1.g1.c2)[MN],c3[MN],d3[MN],c3[MN],(d3.g)[KL],(e3.f1.g1.b1)[L],d3[MN],e3[MN],d3[MN],(c3.c)[KLMN],(e1.g1.c2)[JM],C-1[L],E-1[L],G-1[L],c[L],e[L],g[L],c1[L],e1[L],g1[L],c2[L],e2[L],g2[L],c3[KL],c[KL],a2[KL],F-1[KL],a2[KL],f3[J],(e3.g2)[L],(d3.f2)[L],(e3.g2)[L],(d3.f2)[L],(c3.e2)[L],(d3.f2.g1)[L],(c3.e2)[L],(b2.d2)[L],(c3.e2)[L],(b2.d2)[L],(a2.c2)[L],(b2.d2)[L],(a2.c2)[L],(g2.b1)[L],(a2.c2)[L],(g2.b1)[L],(#f2.a1)[L],(g2.b1)[L],(b2.a1)[L],(a2.g1)[L],(g2.f1)[L],(a2.e1)[L],(b2.d1)[L],(c3.c1)[KL],(d3.e1.g1.c2)[MN],c3[MN],d3[MN],c3[MN],(d3.g)[KL],(e3.f1.g1.b1)[MN],d3[L],e3[MN],d3[MN],(e3.c)[KLM],(c3.e1.g1.c2)[JM],C-1[L],E-1[L],G-1[L],c[L],e[L],g[L],c1[L],e1[L],g1[L],c2[L],e2[L],g2[L],c3[KL],c[KL],a2[KL],F-1[KL],a2[KL],f3[J],(e3.g2)[L],(d3.f2)[L],(e3.g2)[L],(d3.f2)[L],(c3.e2)[L],(d3.f2.g1)[L],(c3.e2)[L],(b2.d2)[L],(c3.e2)[L],(b2.d2)[L],(a2.c2)[L],(b2.d2)[L],(a2.c2)[L],(g2.b1)[L],(a2.c2)[L],(g2.b1)[L],(#f2.a1)[L],(g2.b1)[L],(b2.a1)[L],(a2.g1)[L],(g2.f1)[L],(a2.e1)[L],(b2.d1)[L],(c3.c1)[KL],(d3.e1.g1.c2)[MN],c3[MN],d3[MN],c3[MN],(d3.g)[KL],(e3.f1.g1.b1)[L],d3[MN],e3[MN],d3[L],(c3.c)[KLM],(e1.g1.c2)[JK],(b1.f1.g)[K],(c2.e1)[K],(d2.d1)[K],(b1.g2.f1)[LN],(c2.e1)[LN],(d2.d1)[L],(b1.f1)[L],(c2.e1)[L],(d2.d1)[L],(b1.g2.f1)[L],(c2.e1)[L],(d2.d1)[L],(c2.g2.e1)[L],(d2.d1)[L],(e2.c1)[L],(c2.g2.e1)[L],(d2.d1)[L],(e2.c1)[L],(f2.b.g)[L],(e2.c1)[L],(d2.d1)[L],(f2.g2.b)[L],(e2.c1)[L],(d2.d1)[L],(f2.b)[L],(e2.c1)[L],(d2.d1)[L],(f2.g2.b)[L],(e2.c1)[L],(d2.d1)[L],(e2.g2.c1)[L],(d2.d1)[L],(c2.e1)[L],(e2.g2.c1)[L],(d2.d1)[L],(c2.e1)[L],(b1.f1.g)[L],(c2.e1)[L],(d2.d1)[L],(b1.g2.f1)[L],(c2.e1)[L],(d2.d1)[L],(b1.f1)[L],(c2.e1)[L],(d2.d1)[L],(b1.g2.f1)[L],(c2.e1)[L],(d2.d1)[L],(c2.g2.e1)[L],(d2.d1)[L],(e2.c1)[L],(c2.g2.e1)[L],(d2.d1)[L],(e2.c1)[L],(b1.g2.d1.g)[L],(c2.c1)[L],(d2.b)[L],(a1.#f2.c1.d)[L],(b1.b)[L],(c2.a)[L],(b1.g2.d1.g)[L],(c2.c1)[L],(d2.b)[L],(a1.#f2.c1.d)[L],(b1.b)[L],(c2.a)[L],(b1.g2.d1.g)[L],(c2.c1)[L],(d2.b)[L],(a1.#f2.c1.d)[L],(b1.b)[L],(c2.a)[L],(g2.b1.b.g)[L],a2[L],g2[L],#f2[L],g2[L],#f2[L],g2[L],a2[L],g2[L],#f2[L],g2[L],#f2[L],g2[L],a2[L],g2[L],#f2[L],g2[L],#f2[L],(b1.g2.d1.g)[L],(c2.c1)[L],(d2.b)[L],(a1.#f2.c1.d)[L],(b1.b)[L],(c2.a)[L],(b1.g2.d1.g)[L],(c2.c1)[L],(d2.b)[L],(a1.#f2.c1.d)[L],(b1.b)[L],(c2.a)[L],(b1.g2.d1.g)[L],(c2.c1)[L],(d2.b)[L],(a1.#f2.c1.d)[L],(b1.b)[L],(c2.a)[L],(g2.b1.b.g)[L],a2[L],g2[L],#f2[L],g2[L],#f2[L],g2[L],a2[L],g2[L],#f2[L],g2[L],#f2[L],g2[L],a2[LN],g2[L],#f2[LN],g2[LM],#f2[LM],(e2.C-1)[L],E-1[L],G-1[L],c[L],e[L],g[L],c1[L],e1[L],g1[L],c2[L],e2[L],g2[L],c3[KL],c[KL],a2[KL],F-1[KL],a2[KL],f3[J],(e3.g2)[L],(d3.f2)[L],(e3.g2)[L],(d3.f2)[L],(c3.e2)[L],(d3.f2.g1)[L],(c3.e2)[L],(b2.d2)[L],(c3.e2)[L],(b2.d2)[L],(a2.c2)[L],(b2.d2)[L],(a2.c2)[L],(g2.b1)[L],(a2.c2)[L],(g2.b1)[L],(#f2.a1)[L],(g2.b1)[L],(b2.a1)[L],(a2.g1)[L],(g2.f1)[L],(a2.e1)[L],(b2.d1)[L],(c3.c1)[KL],(d3.e1.g1.c2)[M],c3[L],d3[M],c3[L],(d3.g)[KL],(e3.f1.g1.b1)[MN],d3[MN],e3[MN],d3[MN],(e3.c)[KLMN],(c3.e1.g1.c2)[JM],C-1[L],E-1[L],G-1[L],c[L],e[L],g[L],c1[L],e1[L],g1[L],c2[L],e2[L],g2[L],c3[KL],c[KL],a2[KL],F-1[KL],a2[KL],f3[J],(e3.g2)[L],(d3.f2)[L],(e3.g2)[L],(d3.f2)[L],(c3.e2)[L],(d3.f2.g1)[L],(c3.e2)[L],(b2.d2)[L],(c3.e2)[L],(b2.d2)[L],(a2.c2)[L],(b2.d2)[L],(a2.c2)[L],(g2.b1)[L],(a2.c2)[L],"],"id":1},{"bpm":360,"baseBeats":0.5,"scores":["U,mute[L],mute[L],mute[L],mute[L],mute[L],mute[L],mute[L],TU,mute[L],mute[L],mute[L],TUW,mute[L],mute[L],mute[L],TUVW,ST,UW,UW,UW,mute[L],mute[L],mute[L],mute[L],mute[L],mute[L],mute[L],mute[L],mute[L],mute[L],mute[L],mute[L],mute[L],mute[L],mute[L],mute[L],mute[L],mute[L],mute[L],mute[L],mute[L],mute[L],mute[L],mute[L],mute[L],mute[L],mute[L],mute[L],mute[L],mute[L],mute[L],mute[L],mute[L],mute[L],mute[L],mute[L],mute[L],mute[L],mute[L],mute[L],mute[L],mute[L],mute[L],mute[L],mute[L],mute[L],mute[L],mute[L],mute[L],mute[L],mute[L],mute[L],mute[L],mute[L],mute[L],mute[L],mute[L],mute[L],mute[L],mute[L],mute[L],mute[L],mute[L],mute[L],mute[L],mute[L],mute[L],mute[L],mute[L],mute[L],mute[L],mute[L],mute[L],mute[L],mute[L],mute[L],mute[L],mute[L],mute[L],mute[L],mute[L],mute[L],mute[L],mute[L],mute[L],mute[L],mute[L],mute[L],mute[L],mute[L],mute[L],mute[L],mute[L],mute[L],mute[L],mute[L],mute[L],mute[L],mute[L],mute[L],mute[L],mute[L],mute[L],mute[L],mute[L],mute[L],mute[L],mute[L],mute[L],mute[L],mute[L],mute[L],mute[L],mute[L],mute[L],mute[L],mute[L],mute[L],mute[L],UW,UW,UW,UV,mute[L],mute[L],mute[L],mute[L],mute[L],mute[L],mute[L],mute[L],mute[L],mute[L],mute[L],mute[L],TU,TU,TU,TU,TU,S,mute[L],mute[L],mute[L],mute[L],mute[L],mute[L],mute[L],mute[L],mute[L],mute[L],mute[L],mute[L],mute[L],mute[L],mute[L],mute[L],mute[L],mute[L],mute[L],mute[L],mute[L],mute[L],mute[L],TU,mute[L],mute[L],mute[L],TUW,mute[L],mute[L],mute[L],TUV,SV,mute[L],mute[L],mute[L],mute[L],mute[L],mute[L],mute[L],mute[L],mute[L],mute[L],mute[L],mute[L],TU,TU,TU,TU,TU,S,mute[L],mute[L],mute[L],mute[L],mute[L],mute[L],mute[L],mute[L],mute[L],mute[L],mute[L],mute[L],mute[L],mute[L],mute[L],mute[L],mute[L],mute[L],mute[L],mute[L],mute[L],mute[L],mute[L],TU,UV,UV,TUV,mute[L],mute[L],mute[L],TUV,SV,UW,UW,mute[L],mute[L],mute[L],mute[L],TU,TU,TU,TU,mute[L],mute[L],mute[L],mute[L],mute[L],mute[L],TU,TU,TU,TU,mute[L],mute[L],mute[L],mute[L],mute[L],mute[L],TU,TU,TU,TU,mute[L],mute[L],mute[L],mute[L],mute[L],mute[L],TU,TU,TU,TU,mute[L],mute[L],mute[L],mute[L],mute[L],mute[L],TU,TU,TU,TU,mute[L],mute[L],mute[L],mute[L],mute[L],mute[L],TU,TU,TU,TU,mute[L],mute[L],mute[L],mute[L],mute[L],mute[L],mute[L],mute[L],mute[L],mute[L],mute[L],mute[L],mute[L],mute[L],mute[L],mute[L],mute[L],mute[L],mute[L],mute[L],mute[L],mute[L],mute[L],mute[L],TU,TU,TU,TU,mute[L],mute[L],mute[L],mute[L],mute[L],mute[L],TU,TU,TU,TU,mute[L],mute[L],mute[L],mute[L],mute[L],mute[L],TU,TU,TU,TU,mute[L],mute[L],mute[L],mute[L],mute[L],mute[L],TU,TU,TU,TU,mute[L],mute[L],mute[L],mute[L],mute[L],mute[L],mute[L],mute[L],mute[L],mute[L],mute[L],mute[L],mute[L],mute[L],mute[L],mute[L],mute[L],mute[L],mute[L],mute[L],mute[L],mute[L],mute[L],mute[L],mute[L],mute[L],mute[L],UW,mute[L],UW,mute[L],UW,UW,UW,UVW,T,QQS,RU,UW,mute[L],UW,mute[L],mute[L],mute[L],UW,mute[L],","(g2.b1)[L],(#f2.a1)[L],(g2.b1)[L],(b2.a1)[L],(a2.g1)[L],(g2.f1)[L],(a2.e1)[L],(b2.d1)[L],(c3.c1)[KL],(d3.e1.g1.c2)[MN],c3[MN],d3[MN],c3[MN],(d3.g)[KL],(e3.f1.g1.b1)[MN],d3[L],e3[MN],d3[MN],(c3.c)[KLMN],(e1.g1.c2)[JK],(b1.f1.g)[LN],(c2.e1)[LN],(d2.d1)[LN],(b1.g2.f1)[L],(c2.e1)[L],(d2.d1)[L],(b1.f1)[L],(c2.e1)[L],(d2.d1)[L],(b1.g2.f1)[L],(c2.e1)[L],(d2.d1)[L],(c2.g2.e1)[L],(d2.d1)[L],(e2.c1)[L],(c2.g2.e1)[L],(d2.d1)[L],(e2.c1)[L],(f2.b.g)[L],(e2.c1)[L],(d2.d1)[L],(f2.g2.b)[L],(e2.c1)[L],(d2.d1)[L],(f2.b)[L],(e2.c1)[L],(d2.d1)[L],(f2.g2.b)[L],(e2.c1)[L],(d2.d1)[L],(e2.g2.c1)[L],(d2.d1)[L],(c2.e1)[L],(e2.g2.c1)[L],(d2.d1)[L],(c2.e1)[L],(b1.f1.g)[L],(c2.e1)[L],(d2.d1)[L],(b1.g2.f1)[L],(c2.e1)[L],(d2.d1)[L],(b1.f1)[L],(c2.e1)[L],(d2.d1)[L],(b1.g2.f1)[L],(c2.e1)[L],(d2.d1)[L],(c2.g2.e1)[L],(d2.d1)[L],(e2.c1)[L],(c2.g2.e1)[L],(d2.d1)[L],(e2.c1)[L],(b1.g2.d1.g)[L],(c2.c1)[L],(d2.b)[L],(a1.#f2.c1.d)[L],(b1.b)[L],(c2.a)[L],(b1.g2.d1.g)[L],(c2.c1)[L],(d2.b)[L],(a1.#f2.c1.d)[L],(b1.b)[L],(c2.a)[L],(b1.g2.d1.g)[L],(c2.c1)[L],(d2.b)[L],(a1.#f2.c1.d)[L],(b1.b)[L],(c2.a)[L],(g2.b1.b.g)[L],a2[L],g2[L],#f2[L],g2[L],#f2[L],g2[L],a2[L],g2[L],#f2[L],g2[L],#f2[L],g2[L],a2[L],g2[L],#f2[L],g2[L],#f2[L],(b1.g2.d1.g)[L],(c2.c1)[L],(d2.b)[L],(a1.#f2.c1.d)[L],(b1.b)[L],(c2.a)[L],(b1.g2.d1.g)[L],(c2.c1)[L],(d2.b)[L],(a1.#f2.c1.d)[L],(b1.b)[L],(c2.a)[L],(b1.g2.d1.g)[L],(c2.c1)[L],(d2.b)[L],(a1.#f2.c1.d)[L],(b1.b)[L],(c2.a)[L],(g2.b1.b.g)[L],a2[L],g2[L],#f2[L],g2[L],#f2[L],g2[L],a2[L],g2[L],#f2[L],g2[L],#f2[L],g2[L],a2[L],g2[LN],#f2[LN],g2[LN],#f2[LM],(e2.C-1)[L],E-1[L],G-1[L],c[L],e[L],g[L],c1[L],e1[L],g1[L],c2[L],e2[L],g2[L],c3[KL],c[KL],a2[KL],F-1[KL],a2[KL],f3[J],(e3.g2)[L],(d3.f2)[L],(e3.g2)[L],(d3.f2)[L],(c3.e2)[L],(d3.f2.g1)[L],(c3.e2)[L],(b2.d2)[L],(c3.e2)[L],(b2.d2)[L],(a2.c2)[L],(b2.d2)[L],(a2.c2)[L],(g2.b1)[L],(a2.c2)[L],(g2.b1)[L],(#f2.a1)[L],(g2.b1)[L],(b2.a1)[L],(a2.g1)[L],(g2.f1)[L],(a2.e1)[L],(b2.d1)[L],(c3.c1)[KL],(d3.e1.g1.c2)[MN],c3[MN],d3[MN],c3[MN],(d3.g)[KL],(e3.f1.g1.b1)[MN],d3[L],e3[MN],d3[MN],(e3.c)[KLM],(c3.e1.g1.c2)[JM],C-1[L],E-1[L],G-1[L],c[L],e[L],g[L],c1[L],e1[L],g1[L],c2[L],e2[L],g2[L],c3[KL],c[KL],a2[KL],F-1[KL],a2[KL],f3[J],(e3.g2)[L],(d3.f2)[L],(e3.g2)[L],(d3.f2)[L],(c3.e2)[L],(d3.f2.g1)[L],(c3.e2)[L],(b2.d2)[L],(c3.e2)[L],(b2.d2)[L],(a2.c2)[L],(b2.d2)[L],(a2.c2)[L],(g2.b1)[L],(a2.c2)[L],(g2.b1)[L],(#f2.a1)[L],(g2.b1)[L],(b2.a1)[L],(a2.g1)[L],(g2.f1)[L],(a2.e1)[L],(b2.d1)[L],(c3.c1)[KL],(d3.e1.g1.c2)[L],c3[M],d3[L],c3[M],(d3.g)[KL],(e3.f1.g1.b1)[L],d3[MN],e3[MN],d3[L],(c3.c)[KLM],g[JM],(#d1.#d.C-1)[LN],#D-1[LN],G-1[L],c[L],G-1[L],#D-1[L],C-1[KL],(d1.d)[KL],(#d1.#d)[KL],(c1.c)[KL],(#g.#g1.F-2)[L],#G-2[L],C-1[L],F-1[L],C-1[L],#G-2[L],F-2[KL],(g1.g)[KL],(f1.f)[KL],(#d1.#d)[KL],(d1.d.#A-2)[L],D-1[L],F-1[L],#A-1[L],F-1[L],D-1[L],#A-2[KL],(#c1.#c)[KL],(d1.d)[KL],(#a.#A-1)[KL],(#a.#a1.G-2)[L],#A-2[L],E-1[L],G-1[L],E-1[L],#A-2[L],G-2[KL],(#g1.#g)[KL],(g1.g)[KL],(f1.f)[KL],(e1.e.C-1)[L],#D-1[L],G-1[L],c[L],G-1[L],#D-1[L],C-1[KL],(#d1.#d)[KL],(e1.e)[KL],(c1.c)[KL],(c2.c1.#G-2)[L],C-1[L],F-1[L],#G-1[L],F-1[L],C-1[L],#G-2[KL],(#a1.#a)[KL],(#g1.#g)[KL],(g1.g)[KL],(#f1.#f)[L],#G-1[L],c[L],#d[L],c[L],#G-1[L],(#f1.#f)[L],#G-1[L],c[L],#d[L],c[L],#G-1[L],(#f1.#f)[L],#G-1[L],c[L],d[L],c[L],#G-1[L],(g1.g.G-2)[L],B-2[L],D-1[L],G-1[L],D-1[L],B-2[L],G-2[KL],(#f1.#f)[KL],(g1.g)[KL],(f2.f1)[KL],(#d2.#d1.G-1)[L],c[L],#d[L],g[L],#d[L],c[L],G-1[KL],(b1.b)[KL],(c2.c1)[KL],(#g1.#g)[KL],(g1.g.G-2)[L],B-2[L],D-1[L],G-1[L],D-1[L],B-2[L],G-2[KL],(#f1.#f)[KL],(g1.g)[KL],(f2.f1)[KL],(#d2.#d1.G-1)[L],c[L],#d[L],g[L],#d[L],c[L],G-1[KL],(b1.b)[KL],(c2.c1)[KL],(#g1.#g)[KL],(g1.g.G-2)[L],B-2[L],D-1[L],G-1[L],D-1[L],B-2[L],G-2[L],B-2[L],D-1[L],G-1[L],D-1[L],B-2[L],(g2.G-2)[L],(d2.B-2)[L],(b1.D-1)[L],(g1.G-1)[L],(b1.D-1)[L],(d2.B-2)[L],(g2.G-2)[L],(d2.B-2)[L],(b1.D-1)[L],(g1.G-1)[L],(b1.D-1)[L],(d2.B-2)[L],(g2.G-2)[L],(d2.B-2)[L],(b1.D-1)[L],(g1.G-1)[LN],(b1.D-1)[L],(d2.B-2)[LN],(g2.G-2)[L],(d2.B-2)[LN],(b1.D-1)[LN],(g1.G-1)[LN],(b1.D-1)[LMN],(d2.B-2)[K],(g2.g1.G-1.G-2)[HHJ],(e1.e)[IL],(g1.g)[LN],(f1.f)[L],(e1.e)[LN],(d1.d)[L],(c1.c)[L],(b.B-1)[L],(a.A-1)[LN],(g.G-1)[L],"],"id":2},{"bpm":360,"baseBeats":0.5,"scores":["U,mute[L],mute[L],mute[L],mute[L],mute[L],mute[L],mute[L],mute[L],mute[L],mute[L],mute[L],mute[L],mute[L],mute[L],TU,TU,TU,TU,TU,S,mute[L],mute[L],mute[L],mute[L],mute[L],mute[L],mute[L],mute[L],mute[L],mute[L],mute[L],mute[L],mute[L],mute[L],mute[L],mute[L],mute[L],mute[L],mute[L],mute[L],mute[L],mute[L],mute[L],TU,mute[L],mute[L],mute[L],TUW,mute[L],mute[L],mute[L],TUVW,SV,mute[L],mute[L],mute[L],mute[L],mute[L],mute[L],mute[L],mute[L],mute[L],mute[L],mute[L],mute[L],TU,TU,TU,TU,TU,S,mute[L],mute[L],mute[L],mute[L],mute[L],mute[L],mute[L],mute[L],mute[L],mute[L],mute[L],mute[L],mute[L],mute[L],mute[L],mute[L],mute[L],mute[L],mute[L],mute[L],mute[L],mute[L],mute[L],TU,mute[L],mute[L],mute[L],TUW,mute[L],mute[L],mute[L],TUV,SV,UW,UW,UW,mute[L],mute[L],mute[L],mute[L],mute[L],mute[L],mute[L],mute[L],mute[L],mute[L],mute[L],mute[L],mute[L],mute[L],mute[L],mute[L],mute[L],mute[L],mute[L],mute[L],mute[L],mute[L],mute[L],mute[L],mute[L],mute[L],mute[L],mute[L],mute[L],mute[L],mute[L],mute[L],mute[L],mute[L],mute[L],mute[L],mute[L],mute[L],mute[L],mute[L],mute[L],mute[L],mute[L],mute[L],mute[L],mute[L],mute[L],mute[L],mute[L],mute[L],mute[L],mute[L],mute[L],mute[L],mute[L],mute[L],mute[L],mute[L],mute[L],mute[L],mute[L],mute[L],mute[L],mute[L],mute[L],mute[L],mute[L],mute[L],mute[L],mute[L],mute[L],mute[L],mute[L],mute[L],mute[L],mute[L],mute[L],mute[L],mute[L],mute[L],mute[L],mute[L],mute[L],mute[L],mute[L],mute[L],mute[L],mute[L],mute[L],mute[L],mute[L],mute[L],mute[L],mute[L],mute[L],mute[L],mute[L],mute[L],mute[L],mute[L],mute[L],mute[L],mute[L],mute[L],mute[L],mute[L],mute[L],mute[L],mute[L],mute[L],mute[L],mute[L],mute[L],mute[L],mute[L],mute[L],mute[L],mute[L],UW,mute[L],mute[L],UV,UV,mute[L],mute[L],mute[L],mute[L],mute[L],mute[L],mute[L],mute[L],mute[L],mute[L],mute[L],mute[L],TU,TU,TU,TU,TU,S,mute[L],mute[L],mute[L],mute[L],mute[L],mute[L],mute[L],mute[L],mute[L],mute[L],mute[L],mute[L],mute[L],mute[L],mute[L],mute[L],mute[L],mute[L],mute[L],mute[L],mute[L],mute[L],mute[L],TU,mute[L],mute[L],mute[L],TUW,mute[L],mute[L],mute[L],TUVW,SV,UV,UW,mute[L],mute[L],mute[L],mute[L],mute[L],mute[L],mute[L],mute[L],mute[L],mute[L],TU,TU,TU,TU,RU,TU,TU,TU,RU,TU,TU,TU,TU,TU,TU,TU,TU,TU,TVW,TU,TVW,TVW,UV,UV,UVW,UV,UV,UV,UV,UV,UV,UV,UV,UV,UV,UV,UV,UV,UV,UV,UV,UV,UV,UV,UV,UV,TU,TU,TU,S,mute[L],mute[L],mute[L],mute[L],mute[L],mute[L],mute[L],mute[L],mute[L],mute[L],mute[L],mute[L],mute[L],mute[L],mute[L],mute[L],mute[L],mute[L],mute[L],mute[L],mute[L],mute[L],mute[L],mute[L],mute[L],mute[L],mute[L],mute[L],mute[L],mute[L],mute[L],mute[L],mute[L],mute[L],mute[L],mute[L],mute[L],mute[L],mute[L],mute[L],mute[L],mute[L],mute[L],mute[L],mute[L],mute[L],mute[L],mute[L],mute[L],mute[L],mute[L],mute[L],mute[L],mute[L],mute[L],mute[L],mute[L],mute[L],mute[L],mute[L],mute[L],mute[L],mute[L],mute[L],mute[L],mute[L],mute[L],mute[L],mute[L],mute[L],mute[L],mute[L],mute[L],mute[L],mute[L],mute[L],mute[L],mute[L],mute[L],mute[L],mute[L],mute[L],mute[L],mute[L],mute[L],mute[L],mute[L],mute[L],mute[L],UW,mute[L],mute[L],UW,UW,UV,UW,UW,mute[L],mute[L],mute[L],mute[L],mute[L],mute[L],mute[L],mute[L],mute[L],mute[L],UV,mute[L],UW,UV,UVW,T,RS,QT,","(f.F-1)[L],(e.E-1)[L],(d.D-1)[L],(c.C-1)[L],(e.E-1)[L],(g.G-1)[L],(c1.c)[L],(e1.e)[L],(g1.g)[L],(c2.c1)[L],(e2.e1)[L],(g2.g1)[L],c2[L],e2[L],g2[L],c3[KL],c[KL],a2[KL],F-1[KL],a2[KL],f3[J],(e3.g2)[L],(d3.f2)[L],(e3.g2)[L],(d3.f2)[L],(c3.e2)[L],(d3.f2.g1)[L],(c3.e2)[L],(b2.d2)[L],(c3.e2)[L],(b2.d2)[L],(a2.c2)[L],(b2.d2)[L],(a2.c2)[L],(g2.b1)[L],(a2.c2)[L],(g2.b1)[L],(#f2.a1)[L],(g2.b1)[L],(b2.a1)[L],(a2.g1)[L],(g2.f1)[L],(a2.e1)[L],(b2.d1)[L],(c3.c1)[KL],(d3.e1.g1.c2)[MN],c3[MN],d3[MN],c3[MN],(d3.g)[KL],(e3.f1.g1.b1)[MN],d3[L],e3[MN],d3[MN],(e3.c)[KLMN],(c3.e1.g1.c2)[JM],C-1[L],E-1[L],G-1[L],c[L],e[L],g[L],c1[L],e1[L],g1[L],c2[L],e2[L],g2[L],c3[KL],c[KL],a2[KL],F-1[KL],a2[KL],f3[J],(e3.g2)[L],(d3.f2)[L],(e3.g2)[L],(d3.f2)[L],(c3.e2)[L],(d3.f2.g1)[L],(c3.e2)[L],(b2.d2)[L],(c3.e2)[L],(b2.d2)[L],(a2.c2)[L],(b2.d2)[L],(a2.c2)[L],(g2.b1)[L],(a2.c2)[L],(g2.b1)[L],(#f2.a1)[L],(g2.b1)[L],(b2.a1)[L],(a2.g1)[L],(g2.f1)[L],(a2.e1)[L],(b2.d1)[L],(c3.c1)[KL],(d3.e1.g1.c2)[MN],c3[MN],d3[MN],c3[MN],(d3.g)[KL],(e3.f1.g1.b1)[MN],d3[MN],e3[L],d3[MN],(c3.c)[KLM],(e1.g1.c2)[JM],(b1.f1.g)[LN],(c2.e1)[LN],(d2.d1)[LN],(b1.g2.f1)[L],(c2.e1)[L],(d2.d1)[L],(b1.f1)[L],(c2.e1)[L],(d2.d1)[L],(b1.g2.f1)[L],(c2.e1)[L],(d2.d1)[L],(c2.g2.e1)[L],(d2.d1)[L],(e2.c1)[L],(c2.g2.e1)[L],(d2.d1)[L],(e2.c1)[L],(f2.b.g)[L],(e2.c1)[L],(d2.d1)[L],(f2.g2.b)[L],(e2.c1)[L],(d2.d1)[L],(f2.b)[L],(e2.c1)[L],(d2.d1)[L],(f2.g2.b)[L],(e2.c1)[L],(d2.d1)[L],(e2.g2.c1)[L],(d2.d1)[L],(c2.e1)[L],(e2.g2.c1)[L],(d2.d1)[L],(c2.e1)[L],(b1.f1.g)[L],(c2.e1)[L],(d2.d1)[L],(b1.g2.f1)[L],(c2.e1)[L],(d2.d1)[L],(b1.f1)[L],(c2.e1)[L],(d2.d1)[L],(b1.g2.f1)[L],(c2.e1)[L],(d2.d1)[L],(c2.g2.e1)[L],(d2.d1)[L],(e2.c1)[L],(c2.g2.e1)[L],(d2.d1)[L],(e2.c1)[L],(b1.g2.d1.g)[L],(c2.c1)[L],(d2.b)[L],(a1.#f2.c1.d)[L],(b1.b)[L],(c2.a)[L],(b1.g2.d1.g)[L],(c2.c1)[L],(d2.b)[L],(a1.#f2.c1.d)[L],(b1.b)[L],(c2.a)[L],(b1.g2.d1.g)[L],(c2.c1)[L],(d2.b)[L],(a1.#f2.c1.d)[L],(b1.b)[L],(c2.a)[L],(g2.b1.b.g)[L],a2[L],g2[L],#f2[L],g2[L],#f2[L],g2[L],a2[L],g2[L],#f2[L],g2[L],#f2[L],g2[L],a2[L],g2[L],#f2[L],g2[L],#f2[L],(b1.g2.d1.g)[L],(c2.c1)[L],(d2.b)[L],(a1.#f2.c1.d)[L],(b1.b)[L],(c2.a)[L],(b1.g2.d1.g)[L],(c2.c1)[L],(d2.b)[L],(a1.#f2.c1.d)[L],(b1.b)[L],(c2.a)[L],(b1.g2.d1.g)[L],(c2.c1)[L],(d2.b)[L],(a1.#f2.c1.d)[L],(b1.b)[L],(c2.a)[L],(g2.b1.b.g)[L],a2[L],g2[L],#f2[L],g2[L],#f2[L],g2[L],a2[L],g2[L],#f2[L],g2[L],#f2[L],g2[L],a2[LN],g2[L],#f2[L],g2[LM],#f2[LM],(e2.C-1)[L],E-1[L],G-1[L],c[L],e[L],g[L],c1[L],e1[L],g1[L],c2[L],e2[L],g2[L],c3[KL],c[KL],a2[KL],F-1[KL],a2[KL],f3[J],(e3.g2)[L],(d3.f2)[L],(e3.g2)[L],(d3.f2)[L],(c3.e2)[L],(d3.f2.g1)[L],(c3.e2)[L],(b2.d2)[L],(c3.e2)[L],(b2.d2)[L],(a2.c2)[L],(b2.d2)[L],(a2.c2)[L],(g2.b1)[L],(a2.c2)[L],(g2.b1)[L],(#f2.a1)[L],(g2.b1)[L],(b2.a1)[L],(a2.g1)[L],(g2.f1)[L],(a2.e1)[L],(b2.d1)[L],(c3.c1)[KL],(d3.e1.g1.c2)[MN],c3[MN],d3[MN],c3[MN],(d3.g)[KL],(e3.f1.g1.b1)[MN],d3[MN],e3[L],d3[MN],(e3.c)[KLMN],(c3.e1.g1.c2)[JM],C-1[LM],E-1[LN],G-1[L],c[L],e[L],g[L],c1[L],e1[L],g1[L],c2[L],e2[L],g2[L],c3[KL],c[KL],a2[KL],F-1[KL],a2[IL],F-1[KL],a2[KL],F-1[KL],a2[IL],F-1[KL],a2[KL],F-1[KL],a2[KL],F-1[KL],a2[KL],F-1[KL],a2[KL],F-1[KL],a2[KMN],F-1[KL],a2[KMN],F-1[KMN],(a2.c2)[LM],F-1[LM],(a2.c2)[LMN],F-1[LM],(a2.c2)[LM],F-1[LM],(a2.c2)[LM],F-1[LM],(a2.c2)[LM],F-1[LM],(a2.c2)[LM],F-1[LM],(a2.#c2)[LM],F-1[LM],(a2.#c2)[LM],F-1[LM],(a2.#c2)[LM],F-1[LM],(a2.#c2)[LM],F-1[LM],(a2.#c2)[LM],F-1[LM],(a2.#c2)[LM],F-1[LM],(a2.f2.d2.a1)[KL],(F-1.F-2)[KL],f3[KL],a2[J],(e3.g2)[L],(d3.f2)[L],(e3.g2)[L],(d3.f2)[L],(c3.e2)[L],(b2.d2.g1)[L],(c3.e2)[L],(d3.f2)[L],(c3.e2)[L],(b2.d2)[L],(a2.c2)[L],(g2.b1)[L],(a2.c2)[L],(g2.b1)[L],(f2.a1)[L],(g2.b1)[L],(f2.a1)[L],(e2.g1)[L],(f2.a1)[L],(e2.g1)[L],(d2.f1.g)[L],(e2.g1)[L],(d2.f1)[L],(c2.e1.c1)[L],(d2.f1)[L],(e2.g1)[L],(d2.b2.#g1.c1)[L],(e2.g1)[L],(f2.f1)[L],(e2.c3.g1.c1)[L],(f2.f1)[L],(g2.e1)[L],(d2.b2.#g1.c1)[L],(e2.g1)[L],(f2.f1)[L],(e2.c3.g1.c1)[L],(f2.f1)[L],(g2.e1)[L],(d2.b2.#g1.c1)[L],(e2.g1)[L],(f2.f1)[L],(c3.e2.g1.c1)[L],d3[L],c3[L],b2[L],c3[L],b2[L],c3[L],d3[L],c3[L],b2[L],c3[L],b2[L],c3[L],d3[L],c3[L],b2[L],c3[L],b2[L],(c3.e.c)[L],f[L],g[L],(d1.b1.#g.c)[L],(e1.g)[L],(f1.f)[L],(e1.c2.g.c)[L],(f1.f)[L],(g1.e)[L],(d1.b1.#g.c)[L],(e1.g)[L],(f1.f)[L],(e1.c2.g.c)[L],(f1.f)[L],(g1.e)[L],(d1.b1.#g.c)[L],(e1.g)[L],(f1.f)[L],(c2.e1.g.c)[L],d2[L],c2[L],b1[L],c2[L],b1[L],c2[L],d2[L],c2[L],b1[L],c2[L],b1[L],c2[LN],d2[L],c2[L],b1[LN],c2[LN],b1[LM],(c2.c)[LN],(e1.e)[LN],(f1.f)[L],(g1.g)[L],(f1.f)[L],(e1.e)[L],(e2.G-1)[L],(e1.e)[L],(f1.f)[L],(g1.g)[L],(f1.f)[L],(e1.e)[L],(g2.E-1)[LM],(e1.e)[L],(f1.f)[LN],(g1.g)[LM],(f1.f)[LMN],(e1.e)[K],(c3.C-1)[IJ],(c1.g.e.c.G-1.E-1.C-1)[HK],"],"id":3}],"audition":{"start":[0,0],"end":[1,0]}}