{"baseBpm":270,"musics":[{"bpm":270,"baseBeats":0.75,"scores":["TU,TU,TU,TU,TU,TUW,TVW,TU,TW,5<UV>,TW,TU,TU,TU,TU,TUW,TVW,TU,TU,TU,TU,TU,mute[LM],mute[LM],mute[LM],mute[LM],mute[LM],TU,5<UV>,5<UV>,5<UV>,5<UV>,5<UV>,TU,TU,TUW,TVW,TU,TU,TU,TU,TU,TUW,mute[LM],mute[LM],mute[LM],mute[LM],TVW,TU,TU,TU,TU,TU,TUW,TUVW,TUV,TUW,TU,TU,ST,TU,TU,TU,TU,ST,TU,TU,TU,TU,ST,TU,TU,TU,TU,RU,TU,TU,TU,ST,TU,TU,TU,TU,ST,TU,TU,TU,TU,ST,TU,TU,TU,TU,RU,TU,TU,TU,RU,TU,TU,TU,RU,TU,TU,TU,SV,mute[LM],mute[LM],mute[LM],SV,mute[LM],mute[LM],mute[LM],mute[LM],mute[LM],mute[LM],mute[LM],mute[LM],mute[LM],mute[LM],mute[LM],mute[LM],mute[LM],mute[LM],mute[LM],ST,5<UV>,5<UV>,ST,5<UV>,5<UV>,ST,5<UV>,5<UV>,ST,5<UV>,5<UV>,ST,5<UV>,5<UV>,SV,5<UV>,5<UV>,5<UV>,mute[LM],mute[LM],mute[LM],mute[LM],5<UV>,5<UV>,TUW,TUW,TUV,TUW,TU,TUV,TV,TU,TV,5<UV>,T,TU,TU,TU,TU,TUV,TV,TU,TU,TU,TU,TU,mute[LM],mute[LM],mute[LM],mute[LM],mute[LM],mute[LM],mute[LM],TU,5<UV>,5<UV>,5<UV>,mute[LM],mute[LM],mute[LM],mute[LM],mute[LM],mute[LM],mute[LM],mute[LM],mute[LM],mute[LM],mute[LM],mute[LM],mute[LM],mute[LM],mute[LM],mute[LM],mute[LM],mute[LM],mute[LM],mute[LM],mute[LM],mute[LM],mute[LM],mute[LM],mute[LM],mute[LM],mute[LM],mute[LM],mute[LM],mute[LM],mute[LM],mute[LM],mute[LM],mute[LM],mute[LM],mute[LM],RU,TU,TU,TU,ST,TU,TU,TU,TU,ST,TU,TU,TU,TU,ST,TU,TU,TU,TU,RU,TU,TU,TU,ST,TU,TU,TU,TU,ST,TU,TU,TU,TU,ST,TU,","#a1[KL],g2[KL],f2[KL],(g.#d.#a1)[KL],#a[KL],(#d1.g1)[KL],(f.#a1)[N],#g1[KMN],(#g.g1)[KL],(#d1.#g1)[KL],(g.g1)[M],#g1[N],#a1[KN],#a[KL],#d1[KL],g[KL],(#a.#g1)[KL],(#d1.g1)[KL],(#d.g1)[N],f1[KMN],(#g.e1)[KL],(c1.f1)[KL],(#d.a1)[KL],(f.#a1)[KL],(#g.d1)[KL],(#d.f1)[LM],#d1[LM],(g.d1)[LM],#d1[LM],(#a.f1)[LM],g1[LM],(g.#g1)[L],#a1[L],c2[L],(#a.d2)[L],#d2[L],f2[L],(#d1.g2)[M],f2[MN],#d2[M],d2[MN],c2[M],(g.#d.#a1)[KL],#a[KL],(#d1.g1)[KL],(f.#a1)[N],#g1[KMN],(#g.g1)[KL],(#d1.#g1)[KL],(#d.g.a1)[KL],(#a.#a1)[KL],#d1[KL],g[KL],(#a.c2)[LM],#a1[LM],(#d1.#g1)[LM],g1[LM],(#d.g1)[N],f1[KMN],(#g.e1)[KL],(c1.f1)[KL],(#d.a1)[KL],(f.#a1)[KL],(#g.d1)[KL],(g.#d.#d1)[KLN],#a[KLMN],#d[KLM],#a[KLN],#a[KL],#a[KL],(#A-1.D-1.#a1.f1.#a)[JK],#g1[KL],#a[KL],#a[KL],#a[KL],(#A-1.#D-1.#g1.#d1.#a)[JK],g1[KL],#a[KL],#a[KL],#a[KL],(#G-1.g1.d1.#a)[JK],f1[KL],(G-1.#d1.#a)[KL],(F-1.f1.#a.d1)[KL],(#D-1.g1.#a.#d1)[KL],(#A-1.f1.#a.d1)[IL],#a1[KL],#a1[KL],#a1[KL],(d1.f1.#a1.#a2)[JK],#g2[KL],#a1[KL],#a1[KL],#a1[KL],(#d1.g1.#a1.#g2)[JK],g2[KL],#a1[KL],#a1[KL],#a1[KL],(#g1.#a1.d2.g2)[JK],f2[KL],(g1.#d2.#a1)[KL],(f1.f2.d2)[KL],(#d1.g2.#d2)[KL],(#a1.f2.d2)[IL],(g.#d1.#a)[KL],(f.f1.d1)[KL],(#d.g1.#d1)[KL],(#a.f1.d1)[IL],(g1.#d2.#a1)[KL],(f1.f2.d2)[KL],(#d1.g2.#d2)[KL],(#a1.f2.d2)[IL],(g1.#d2.#a1)[KL],(f1.f2.d2)[KL],(#d1.g2.#d2)[KL],(#a.f2.d2)[JM],(g1.#d2.#a1)[LM],(f1.f2.d2)[LM],(#d1.g2.#d2)[LM],(#a1.f2.d2)[JM],(g1.#d2.#a1)[LM],(f1.f2.d2)[LM],(#d1.g2.#d2)[LM],(#a.f2.d2)[LM],(g1.#d2.#a1)[LM],(f1.f2.d2)[LM],(#d1.g2.#d2)[LM],(#a.f2.d2)[LM],(g1.#d2.#a1)[LM],(f1.f2.d2)[LM],(#d1.g2.#d2)[LM],(#a.f2.d2)[LM],(g1.#d2.#a1)[LM],(f1.f2.d2)[LM],(#d1.g2.#d2)[LM],(#a.f2.d2)[JK],f2[MN],#d2[MN],d2[MN],c2[MN],#a1[JK],f2[MN],#d2[MN],d2[MN],c2[MN],#a1[JK],f[MN],#d[MN],d[MN],c[MN],#A-1[JK],f2[MN],#d2[MN],d2[MN],c2[MN],#a1[JK],g2[MN],f2[M],#d2[M],d2[M],c2[MN],#a1[JK],#g2[M],g2[M],f2[M],#d2[M],d2[M],c2[M],#a1[LM],#a2[LM],#g2[LM],g2[LM],f2[MN],#d2[MN],d2[MN],c2[MN],#a1[KLN],g2[KLN],#d2[KLM],(g.#d.#a1)[KLN],#a[KL],(#d1.g1)[KL],(f.#a1)[M],#g1[KM],(#g.g1)[KL],(#d1.#g1)[KL],(g.g1)[M],#g1[M],#a1[K],#a[KL],#d1[KL],g[KL],(#a.#g1)[KL],(#d1.g1)[KL],(#d.g1)[M],f1[KM],(#g.e1)[KL],(c1.f1)[KL],(#d.a1)[KL],(f.#a1)[KL],(#g.d1)[KL],(#d.f1)[LM],#d1[LM],(g.d1)[LM],#d1[LM],(#a.f1)[LM],g1[LM],(g.#a1)[LM],g1[LM],(#a.#d2)[L],#a1[L],g1[L],(#d1.g2)[L],#d2[L],#a1[L],(#d.g.#g1)[LM],g1[LM],(#a.#f1)[LM],g1[LM],(#d1.#f1)[LM],g1[LM],(#d.f.#a1)[LM],#g1[LM],(#g.g1)[LM],#g1[LM],(#d1.g1)[LM],#g1[LM],(#d.g.c2)[LM],#a1[LM],(#a.a1)[LM],#a1[LM],(#d1.a1)[LM],#a1[LM],(g.a1)[LM],#a1[LM],(#a.c2)[LM],#a1[LM],(#d1.#g1)[LM],g1[LM],(#d.f1)[LM],g1[LM],(#g.f1)[LM],e1[LM],(c1.f1)[LM],g1[LM],(#d.#g1)[LM],a1[LM],(f.#a1)[LM],d1[LM],(#g.#a1)[LM],d1[LM],(g.#d.#d1)[IL],#a[KL],#a[KL],#a[KL],(#A-1.D-1.#a1.f1.#a)[JK],#g1[KL],#a[KL],#a[KL],#a[KL],(#A-1.#D-1.#g1.#d1.#a)[JK],g1[KL],#a[KL],#a[KL],#a[KL],(#G-1.g1.d1.#a)[JK],f1[KL],(G-1.#d1.#a)[KL],(F-1.f1.#a.d1)[KL],(#D-1.g1.#a.#d1)[KL],(#A-1.f1.#a.d1)[IL],#a1[KL],#a1[KL],#a1[KL],(d1.f1.#a1.#a2)[JK],#g2[KL],#a1[KL],#a1[KL],#a1[KL],(#d1.g1.#a1.#g2)[JK],g2[KL],#a1[KL],#a1[KL],#a1[KL],(#g1.#a1.d2.g2)[JK],f2[KL],"],"id":1},{"bpm":270,"baseBeats":0.75,"scores":["TU,TU,TU,RU,TU,TU,TU,RU,TU,TU,TU,RU,TU,TU,TU,SV,mute[LM],mute[LM],mute[LM],SV,mute[LM],mute[LM],mute[LM],mute[LM],mute[LM],mute[LM],mute[LM],mute[LM],mute[LM],mute[LM],mute[LM],mute[LM],mute[LM],mute[LM],mute[LM],ST,5<UV>,5<UV>,ST,5<UV>,5<UV>,ST,5<UV>,5<UV>,ST,5<UV>,5<UV>,ST,5<UV>,5<UV>,SV,5<UV>,5<UV>,5<UV>,mute[LM],mute[LM],mute[LM],TU,5<UV>,TUW,TUW,S,TUW,TU,TUW,TVW,TU,TW,5<UV>,TW,TU,TU,TU,TU,TUW,TVW,TU,TU,TU,TU,TU,mute[LM],mute[LM],mute[LM],mute[LM],mute[LM],mute[LM],mute[LM],TU,5<UV>,5<UV>,5<UV>,mute[LM],mute[LM],mute[LM],mute[LM],mute[LM],mute[LM],mute[LM],mute[LM],mute[LM],mute[LM],mute[LM],mute[LM],mute[LM],mute[LM],mute[LM],mute[LM],mute[LM],mute[LM],mute[LM],mute[LM],mute[LM],mute[LM],mute[LM],mute[LM],mute[LM],mute[LM],mute[LM],mute[LM],mute[LM],mute[LM],mute[LM],mute[LM],mute[LM],mute[LM],mute[LM],mute[LM],ST,TU,TU,TU,TU,TU,TU,TU,TU,TU,TU,TU,TU,TU,TU,TU,TU,TU,TU,TU,TU,TU,TU,TU,TU,TU,TU,TU,TU,TU,TU,TU,TU,TU,TU,TU,TU,TU,TU,TU,TU,TU,TU,TU,TU,TU,TU,TU,TU,TU,TU,TU,TU,TU,TU,TU,TU,TU,TU,TU,TU,TU,TU,TU,TU,TU,TU,TU,TU,TU,TU,TU,TU,TU,TU,TU,SV,mute[LM],mute[LM],mute[LM],mute[LM],mute[LM],mute[LM],mute[LM],mute[LM],mute[LM],mute[LM],mute[LM],mute[LM],mute[LM],mute[LM],mute[LM],mute[LM],mute[LM],mute[LM],mute[LM],mute[LM],mute[LM],mute[LM],mute[LM],mute[LM],mute[LM],mute[LM],mute[LM],mute[LM],mute[LM],mute[LM],mute[LM],mute[LM],mute[LM],mute[LM],mute[LM],mute[LM],mute[LM],mute[LM],mute[LM],mute[LM],mute[LM],mute[LM],mute[LM],mute[LM],mute[LM],mute[LM],mute[LM],mute[LM],mute[LM],mute[LM],mute[LM],mute[LM],mute[LM],mute[LM],mute[LM],mute[LM],mute[LM],mute[LM],mute[LM],mute[LM],mute[LM],mute[LM],mute[LM],5<UV>,5<UV>,ST,TU,TU,TU,TUW,TVW,TU,TW,5<UV>,TW,TU,TU,TU,TU,","(g1.#d2.#a1)[KL],(f1.f2.d2)[KL],(#d1.g2.#d2)[KL],(#a1.f2.d2)[IL],(g.#d1.#a)[KL],(f.f1.d1)[KL],(#d.g1.#d1)[KL],(#a.f1.d1)[IL],(g1.#d2.#a1)[KL],(f1.f2.d2)[KL],(#d1.g2.#d2)[KL],(#a1.f2.d2)[IL],(g1.#d2.#a1)[KL],(f1.f2.d2)[KL],(#d1.g2.#d2)[KL],(#a.f2.d2)[JM],(g1.#d2.#a1)[LM],(f1.f2.d2)[LM],(#d1.g2.#d2)[LM],(#a1.f2.d2)[JM],(g1.#d2.#a1)[LM],(f1.f2.d2)[LM],(#d1.g2.#d2)[LM],(#a.f2.d2)[LM],(g1.#d2.#a1)[LM],(f1.f2.d2)[LM],(#d1.g2.#d2)[LM],(#a.f2.d2)[LM],(g1.#d2.#a1)[LM],(f1.f2.d2)[LM],(#d1.g2.#d2)[LM],(#a.f2.d2)[LM],(g1.#d2.#a1)[LM],(f1.f2.d2)[LM],(#d1.g2.#d2)[LM],(#a.f2.d2)[JK],f2[L],#d2[M],d2[L],c2[M],#a1[JK],f2[L],#d2[M],d2[L],c2[M],#a1[JK],f[L],#d[M],d[L],c[M],#A-1[JK],f2[L],#d2[M],d2[L],c2[M],#a1[JK],g2[MN],f2[M],#d2[MN],d2[M],c2[M],#a1[JK],#g2[M],g2[M],f2[M],#d2[M],d2[M],c2[M],#a1[LM],#a2[LM],#g2[LM],g2[LM],f2[L],#d2[M],d2[L],c2[M],#a1[KLN],g2[KLN],#d2[J],(g.#d.#a1)[KLN],#a[KL],(#d1.g1)[KL],(f.#a1)[N],#g1[KMN],(#g.g1)[KL],(#d1.#g1)[KL],(g.g1)[M],#g1[N],#a1[KN],#a[KL],#d1[KL],g[KL],(#a.#g1)[KL],(#d1.g1)[KL],(#d.g1)[N],f1[KMN],(#g.e1)[KL],(c1.f1)[KL],(#d.a1)[KL],(f.#a1)[KL],(#g.d1)[KL],(#d.f1)[LM],#d1[LM],(g.d1)[LM],#d1[LM],(#a.f1)[LM],g1[LM],(g.#a1)[LM],g1[LM],(#a.#d2)[L],#a1[L],g1[L],(#d1.g2)[L],#d2[L],#a1[L],(#d.g.#g1)[LM],g1[LM],(#a.#f1)[LM],g1[LM],(#d1.#f1)[LM],g1[LM],(#d.f.#a1)[LM],#g1[LM],(#g.g1)[LM],#g1[LM],(#d1.g1)[LM],#g1[LM],(#d.g.c2)[LM],#a1[LM],(#a.a1)[LM],#a1[LM],(#d1.a1)[LM],#a1[LM],(g.a1)[LM],#a1[LM],(#a.c2)[LM],#a1[LM],(#d1.#g1)[LM],g1[LM],(#d.f1)[LM],g1[LM],(#g.f1)[LM],e1[LM],(c1.f1)[LM],g1[LM],(#d.#g1)[LM],a1[LM],(f.#a1)[LM],d1[LM],(#g.#a1)[LM],d1[LM],(g.#d.#d1)[JK],(#a.#a1)[KL],(#f1.#f2)[KL],(#d1.#d2)[KL],(d1.d2)[KL],(#d1.#d2)[KL],(#a.#a1)[KL],(a.a1)[KL],(#a.#a1)[KL],(#f.#f1)[KL],(f.f1)[KL],(#d.#d1)[KL],#a[KL],#f1[KL],(#A-1.f1)[KL],#g1[KL],d1[KL],(#D-1.#d1)[KL],#a[KL],#f1[KL],(#A-2.f1)[KL],#g1[KL],d1[KL],(#D-1.#d1)[KL],#a[KL],#a1[KL],#f2[KL],#d2[KL],(d1.d2)[KL],(#d1.#d2)[KL],(#a.#a1)[KL],(a.a1)[KL],(#a.#a1)[KL],(#f.#f1)[KL],(f.f1)[KL],(#d.#d1)[KL],#a[KL],#f1[KL],(#G-1.#d1)[KL],#f1[KL],(c1.#f)[KL],(#C-1.#c1)[KL],f[KL],f1[KL],(#G-2.#d1)[KL],#f1[KL],(c1.#f)[KL],(#C-1.#c1)[KL],f[KL],#g1[KL],(#A-2.f1)[KL],#g1[KL],(d1.#g)[KL],(#D-1.#d1)[KL],#f[KL],#g1[KL],(#A-2.f1)[KL],#g1[KL],(d1.#g)[KL],(#D-1.#d1)[KL],#f[KL],#d2[KL],(B-2.d2)[KL],#d2[KL],a1[KL],(#A-2.#a1)[KL],#d2[KL],(b.#d1.#g1)[KL],(d1.#a.#a1)[KL],#d2[KL],(b.#d1.#g1)[KL],(#a.d1.#a1)[KL],#a2[KL],d2[KL],d3[KL],f2[KL],f3[JM],#d3[LM],d3[LM],c3[LM],#a2[LM],a2[LM],g2[LM],f2[LM],#d2[LM],d2[LM],c2[LM],#a1[LM],a1[LM],#a1[LM],c2[LM],d2[LM],#d2[LM],f2[LM],g2[LM],a2[LM],#a2[LM],c3[LM],d3[LM],#d3[LM],f3[LM],#d3[LM],d3[LM],c3[LM],#a2[LM],#g2[LM],g2[LM],f2[LM],#d2[LM],d2[LM],c2[LM],#a1[LM],#g1[LM],#a1[LM],c2[LM],d2[LM],#d2[LM],f2[LM],g2[LM],#g2[LM],#a2[LM],c3[LM],d3[LM],#d3[LM],f3[LM],#d3[LM],d3[LM],c3[LM],#a2[LM],#g2[LM],g2[LM],f2[LM],#d2[LM],d2[LM],c2[LM],#a1[LM],#g1[LM],g1[LM],#g1[LM],#a1[LM],c2[MN],d2[MN],#d2[MN],f2[MN],g2[JK],#d2[KL],(g.#d.#a1)[KL],#a[KL],(#d1.g1)[KL],(f.#a1)[N],#g1[KMN],(#g.g1)[KL],(#d1.#g1)[KL],(g.g1)[M],#g1[N],#a1[KN],#a[KL],#d1[KL],g[KL],(#a.#g1)[KL],"],"id":2},{"bpm":270,"baseBeats":0.75,"scores":["TUW,TVW,TU,TU,TU,TU,TU,mute[LM],mute[LM],mute[LM],mute[LM],mute[LM],TU,5<UV>,5<UV>,5<UV>,5<UV>,5<UV>,mute[LM],mute[LM],mute[LM],mute[LM],mute[LM],mute[LM],mute[LM],mute[LM],mute[LM],mute[LM],mute[LM],mute[LM],mute[LM],mute[LM],mute[LM],mute[LM],mute[LM],mute[LM],mute[LM],mute[LM],mute[LM],mute[LM],mute[LM],mute[LM],mute[LM],mute[LM],mute[LM],mute[LM],mute[LM],mute[LM],mute[LM],mute[LM],mute[LM],mute[LM],mute[LM],mute[LM],TU,TU,TU,TU,TU,TU,ST,TU,TU,TU,TU,ST,TU,TU,TU,TU,ST,TU,TU,TU,TU,RU,mute[LM],mute[LM],mute[LM],mute[LM],mute[LM],mute[LM],ST,TU,mute[LM],mute[LM],mute[LM],mute[LM],mute[LM],mute[LM],ST,TU,mute[LM],mute[LM],mute[LM],mute[LM],mute[LM],mute[LM],ST,TU,TU,TU,TU,RU,TU,TU,TU,RU,TU,TU,TU,RU,TU,TU,TU,SV,mute[LM],mute[LM],mute[LM],SV,mute[LM],mute[LM],mute[LM],mute[LM],mute[LM],mute[LM],mute[LM],mute[LM],mute[LM],mute[LM],mute[LM],mute[LM],mute[LM],mute[LM],mute[LM],ST,5<UV>,5<UV>,ST,5<UV>,5<UV>,ST,5<UV>,5<UV>,ST,5<UV>,5<UV>,ST,5<UV>,5<UV>,SV,5<UV>,5<UV>,5<UV>,mute[LM],mute[LM],mute[LM],mute[LM],5<UV>,5<UV>,TUW,TUV,TUVW,TUV,TU,TUW,TVW,TU,TW,5<UV>,TW,TU,TU,TU,TU,TUW,TVW,TU,TU,TU,TU,TV,5<UV>,5<UV>,5<UV>,5<UV>,5<UV>,5<UV>,5<UV>,5<UV>,5<UV>,5<UV>,5<UV>,5<UV>,5<UV>,5<UV>,5<UV>,5<UV>,5<UV>,5<UV>,5<UV>,5<UV>,5<UV>,5<UV>,5<UV>,5<UV>,5<UV>,5<UV>,5<UV>,5<UV>,5<UV>,5<UV>,5<UV>,5<UV>,5<UV>,5<UV>,5<UV>,5<UV>,5<UV>,TW,TVW,5<UV>,mute[LM],TU,TU,TU,TU,TU,TU,mute[LM],mute[LM],mute[LM],mute[LM],mute[LM],mute[LM],TU,TU,TU,mute[LM],mute[LM],mute[LM],mute[LM],mute[LM],mute[LM],TU,TU,TU,mute[LM],mute[LM],mute[LM],mute[LM],mute[LM],mute[LM],TU,TU,TU,TU,TU,TU,TU,TU,mute[LM],mute[LM],mute[LM],mute[LM],mute[LM],mute[LM],mute[LM],mute[LM],mute[LM],mute[LM],mute[LM],mute[LM],TU,mute[LM],mute[LM],mute[LM],mute[LM],mute[LM],mute[LM],mute[LM],mute[LM],mute[LM],mute[LM],TU,mute[LM],mute[LM],mute[LM],mute[LM],mute[LM],mute[LM],mute[LM],mute[LM],mute[LM],mute[LM],TU,mute[LM],mute[LM],mute[LM],mute[LM],mute[LM],mute[LM],mute[LM],mute[LM],mute[LM],mute[LM],mute[LM],mute[LM],mute[LM],mute[LM],mute[LM],mute[LM],mute[LM],mute[LM],TU,TU,TU,TU,TU,TU,mute[LM],mute[LM],mute[LM],mute[LM],mute[LM],mute[LM],mute[LM],mute[LM],mute[LM],mute[LM],mute[LM],mute[LM],mute[LM],mute[LM],mute[LM],mute[LM],mute[LM],mute[LM],mute[LM],mute[LM],mute[LM],mute[LM],mute[LM],mute[LM],TU,TU,TU,TUV,TUV,STUW,QQV,","(#d1.g1)[KL],(#d.g1)[N],f1[KMN],(#g.e1)[KL],(c1.f1)[KL],(#d.a1)[KL],(f.#a1)[KL],(#g.d1)[KL],(#d.f1)[LM],#d1[LM],(g.d1)[LM],#d1[LM],(#a.f1)[LM],g1[LM],(g.#a1)[L],g1[L],#d2[L],(#a.#a1)[L],g2[L],#d2[L],(#d1.#a2)[MN],g2[MN],#d2[MN],#a1[MN],(#d.g.#g1)[LM],g1[LM],(#a.#f1)[LM],g1[LM],(#d1.#f1)[LM],g1[LM],(#d.f.#a1)[LM],#g1[LM],(#g.g1)[LM],#g1[LM],(#d1.g1)[LM],#g1[LM],(#d.g.c2)[LM],#a1[LM],(#a.a1)[LM],#a1[LM],(#d1.a1)[LM],#a1[LM],(g.a1)[LM],#a1[LM],(#a.c2)[LM],#a1[LM],(#d1.#g1)[LM],g1[LM],(#d.f1)[LM],g1[LM],(#g.f1)[LM],e1[LM],(c1.f1)[LM],g1[LM],(#d.#g1)[LM],a1[LM],(f.#a1)[LM],d1[LM],(#g.#a1)[LM],d1[LM],(g.#d.#d1)[KL],#a[KL],#d[KL],#a[KL],#a[KL],#a[KL],(#A-1.D-1.#a1.f1.#a)[JK],#g1[KL],#a[KL],#a[KL],#a[KL],(#A-1.#D-1.#g1.#d1.#a)[JK],g1[KL],#a[KL],#a[KL],#a[KL],(#G-1.g1.d1.#a)[JK],f1[KL],(G-1.#d1.#a)[KL],(F-1.f1.#a.d1)[KL],(#D-1.g1.#a.#d1)[KL],(#A-1.f1.#a.d1)[IL],a1[LM],#a1[LM],a1[LM],#a1[LM],a1[LM],#a1[LM],(d1.f1.#a1.#a2)[JK],#g2[KL],a1[LM],#a1[LM],a1[LM],#a1[LM],a1[LM],#a1[LM],(#d1.g1.#a1.#g2)[JK],g2[KL],a1[LM],#a1[LM],a1[LM],#a1[LM],a1[LM],#a1[LM],(#g1.#a1.d2.g2)[JK],f2[KL],(g1.#d2.#a1)[KL],(f1.f2.d2)[KL],(#d1.g2.#d2)[KL],(#a1.f2.d2)[IL],(g.#d1.#a)[KL],(f.f1.d1)[KL],(#d.g1.#d1)[KL],(#a.f1.d1)[IL],(g1.#d2.#a1)[KL],(f1.f2.d2)[KL],(#d1.g2.#d2)[KL],(#a1.f2.d2)[IL],(g1.#d2.#a1)[KL],(f1.f2.d2)[KL],(#d1.g2.#d2)[KL],(#a.f2.d2)[JM],(g1.#d2.#a1)[LM],(f1.f2.d2)[LM],(#d1.g2.#d2)[LM],(#a1.f2.d2)[JM],(g1.#d2.#a1)[LM],(f1.f2.d2)[LM],(#d1.g2.#d2)[LM],(#a.f2.d2)[LM],(g1.#d2.#a1)[LM],(f1.f2.d2)[LM],(#d1.g2.#d2)[LM],(#a.f2.d2)[LM],(g1.#d2.#a1)[LM],(f1.f2.d2)[LM],(#d1.g2.#d2)[LM],(#a.f2.d2)[LM],(g1.#d2.#a1)[LM],(f1.f2.d2)[LM],(#d1.g2.#d2)[LM],(#a.f2.d2)[JK],f2[MN],#d2[MN],d2[MN],c2[MN],#a1[JK],f2[MN],#d2[MN],d2[MN],c2[MN],#a1[JK],f[MN],#d[MN],d[MN],c[MN],#A-1[JK],f2[MN],#d2[MN],d2[MN],c2[MN],#a1[JK],g2[MN],f2[M],#d2[M],d2[MN],c2[M],#a1[JK],#g2[M],g2[M],f2[M],#d2[M],d2[M],c2[M],#a1[LM],#a2[LM],#g2[LM],g2[LM],f2[MN],#d2[MN],d2[MN],c2[MN],#a1[KLN],g2[KLM],#d2[KLMN],(g.#d.#a1)[KLM],#a[KL],(#d1.g1)[KL],(f.#a1)[N],#g1[KMN],(#g.g1)[KL],(#d1.#g1)[KL],(g.g1)[N],#g1[M],#a1[KN],#a[KL],#d1[KL],g[KL],(#a.#g1)[KL],(#d1.g1)[KL],(#d.g1)[N],f1[KMN],(#g.e1)[KL],(c1.f1)[KL],(#d.a1)[KL],(f.#a1)[KL],(#g.d1)[KL],(#d.f1)[L],#d1[L],d1[L],(g.#d1)[L],f1[L],g1[L],(#a.#g1)[L],#a1[L],c2[L],(g.d2)[L],#d2[L],f2[L],(#a.g2)[MN],#g2[MN],g2[MN],f2[MN],(#d1.#d2)[MN],d2[MN],c2[MN],#a1[MN],(#d.g.#g1)[L],g1[L],#f1[L],(#a.g1)[L],#f1[L],g1[L],(#d1.#f1)[MN],g1[MN],#f1[MN],g1[MN],(f.#a1)[L],#g1[L],g1[L],(#g.#g1)[L],g1[L],#g1[L],(#d1.g1)[MN],#g1[MN],g1[MN],#g1[MN],(#d.g.c2)[L],#a1[L],a1[L],(#a.#a1)[L],c2[L],d2[L],(#d1.#d2)[L],f2[L],g2[L],(g.#g2)[MN],#a2[MN],c3[MN],d3[MN],(#a.#d3)[MN],f3[MN],#d3[MN],d3[MN],(#d1.c3)[MN],#a2[MN],#g2[MN],g2[MN],(#d.f2)[L],g2[LN],f2[MN],#g[N],e2[LN],f2[L],g2[M],c1[MN],#g2[L],a2[LN],(#d.#a2)[KL],f[KL],(#g.d2)[KL],(g.#d.#d2)[KL],#a[KL],#d[KL],#g2[LM],g2[LM],f2[LM],#d2[LM],d2[LM],c2[LM],#a1[KL],(#g.#a.d1.f1)[KL],(#g.#a.d1.f1)[KL],a1[LM],#a1[LM],b1[LM],c2[LM],#c2[LM],d2[LM],#d2[KL],(g.#a.#d1)[KL],(#d1.#a.g)[KL],#d2[LM],d2[LM],c2[LM],#a1[LM],#g1[LM],g1[LM],f1[KL],(f.c.#G-1)[KL],#g1[KL],#a[KL],(#g.f.#A-1)[KL],d1[KL],#d1[KL],(g.#d)[KL],f1[LM],g1[LM],#g1[LM],g1[LM],f1[LM],#d1[LM],d1[LM],c1[LM],#a[LM],#g1[LM],d2[LM],f2[LM],#g2[KL],a[LM],#a[LM],b[LM],c1[LM],#c1[LM],d1[LM],#d1[LM],g1[LM],#a1[LM],#d2[LM],g2[KL],#d1[LM],d1[LM],c1[LM],#a[LM],#g[LM],g[LM],(f.#G-1)[LM],c2[LM],f2[LM],#g2[LM],(#g.c3)[KL],#A-1[LM],#a1[LM],d2[LM],f2[LM],(d.#a2)[LM],#g2[LM],(#d.#D-1.g2)[LM],g1[LM],#a1[LM],#d2[LM],g2[LM],#a2[LM],#d3[LM],d3[LM],c3[LM],#a2[LM],#g2[LM],g2[LM],f2[KL],(f1.c1.#g)[KL],#g2[KL],#a1[KL],(#g1.f1.#a)[KL],d2[KL],#d2[LM],d2[LM],(#d1.g1.#d2)[LM],d2[LM],g2[LM],f2[LM],#d2[LM],d2[LM],c2[LM],#a1[LM],#g1[LM],g1[LM],f1[LM],g1[LM],(f.c.#G-1.f1)[LM],#d1[LM],f1[LM],#g1[LM],#a[LM],c1[LM],(#g.f.#A-1.#a)[LM],#g[LM],#a[LM],d1[LM],(g.#d.#d1)[KL],(#a.#A-1)[KL],(#a.#A-1)[KL],(#a.#A-1)[KLM],(#a.#A-1.#g.f.#a1.#a2)[KLM],(f.#g.#A-1.#a.d2.#g2.d3)[JKLN],(#d.#D-1.#d3.g2.#d2)[HHM],"],"id":3}],"audition":{"start":[0,0],"end":[1,0]}}