{"baseBpm":372,"musics":[{"bpm":372,"baseBeats":0.75,"scores":["UV,mute[LM],TU,TU,TU,TU,TU,TU,TU,mute[LM],mute[LM],TU,TU,TU,TU,TU,TU,TU,TU,TU,TW,5<UV>,TW,mute[LM],mute[LM],TU,TU,TU,TW,5<UV>,TW,TU,TU,TU,RU,mute[LM],mute[LM],TU,TU,TU,TU,TU,TU,TU,mute[LM],mute[LM],","f2[LM],#d2[LM],(#a.d1.f1.d2)[KL],(#a.d1.f1.#d2)[KL],(#a.d1.f1.f2)[KL],(#a.d1.f1.d2)[KL],(c1.#d1.f1.#d2)[KL],(c1.#d1.f1.g2)[KL],(c1.#d1.f1)[KL],(c1.#d1.f1.#d2)[LM],d2[LM],(a.c1.#d1.f1.c2)[KL],(a.c1.#d1.f1.d2)[KL],(a.c1.#d1.f1.#d2)[KL],(a.c1.#d1.f1.c2)[KL],(#a.d1.f1.d2)[KL],(#a.d1.f1.f2)[KL],(#a.d1.f1)[KL],(#a.d1.f1.f2)[KL],(G-1.#a2)[KL],(g.#a.d1.#a2)[KL],(g.#a.d1.c3)[MN],#a2[KN],(g.#a.d1.a2)[LM],#a2[LM],(#D-1.b2)[KL],(#d.g.c1.c3)[KL],(#d.g.c1)[KL],(#d.g.c1.#a2)[KL],(F-1.#a2)[MN],a2[KN],(f.a.c1.#d1.g2)[KL],(f.a.c1.#d1.a2)[KL],(f.a.c1.#d1.f2)[KL],(#A-1.#a.#a2)[IL],f2[LM],#d2[LM],(#a.d1.f1.d2)[KL],(#a.d1.f1.#d2)[KL],(#a.d1.f1.f2)[KL],(#a.d1.f1.d2)[KL],(c1.#d1.f1.#d2)[KL],(c1.#d1.f1.g2)[KL],(c1.#d1.f1)[KL],(c1.#d1.f1.#d2)[LM],d2[LM],"],"id":1},{"bpm":372,"baseBeats":0.75,"scores":["TU,TU,TU,TU,TU,TU,TU,TU,TU,TW,5<UV>,TW,mute[LM],mute[LM],TU,TU,TU,TW,5<UV>,TW,TU,TU,TUW,RUVW,mute[LM],mute[LM],mute[LM],mute[LM],mute[LM],mute[LM],TU,TU,TU,TU,TU,mute[LM],mute[LM],mute[LM],mute[LM],mute[LM],mute[LM],TU,TU,TU,TU,TU,mute[LM],mute[LM],mute[LM],mute[LM],mute[LM],mute[LM],mute[LM],","(a.c1.#d1.f1.c2)[KL],(a.c1.#d1.f1.d2)[KL],(a.c1.#d1.f1.#d2)[KL],(a.c1.#d1.f1.c2)[KL],(#a.d1.f1.d2)[KL],(#a.d1.f1.f2)[KL],(#a.d1.f1)[KL],(#a.d1.f1.f2)[KL],(G-1.#a2)[KL],(g.#a.d1.#a2)[KL],(g.#a.d1.c3)[MN],#a2[KN],(g.#a.d1.a2)[LM],#a2[LM],(#D-1.b2)[KL],(#d.g.c1.c3)[KL],(#d.g.c1)[KL],(#d.g.c1.#a2)[KL],(F-1.#a2)[MN],a2[KN],(f.a.c1.#d1.g2)[KL],(f.a.c1.#d1.a2)[KL],(f.a.c1.#d1.f2)[KLN],(#A-1.#a.#a2)[ILMN],e2[LM],f2[LM],(f.c1.#d1.g2)[LM],f2[LM],#d2[LM],d2[LM],c2[KL],(c1.f.#d1)[KL],(c1.f.#d1)[KL],(c1.f.#d1)[KL],(c1.f.#d1)[KL],c2[LM],d2[LM],(f.c1.#d1.#d2)[LM],d2[LM],c2[LM],#a1[LM],a1[KL],(c1.f.#d1)[KL],(c1.f.#d1)[KL],(c1.f.#d1)[KL],(c1.f.#d1)[KL],e2[LM],f2[LM],(F-1.A-1.c.g2)[LM],(#d.f2)[LM],(F-1.A-1.c.#d2)[LM],(#d.d2)[LM],(F-1.A-1.c.c2)[LM],"],"id":2},{"bpm":372,"baseBeats":0.75,"scores":["(#d.#a1)[LM],(F-1.A-1.c.a1)[LM],(#d.g1)[LM],(F-1.A-1.c.f1)[LM],(#d.#d1)[LM],(F-1.A-1.c.d1)[LM],(#d.c1)[LM],(G-1.#A-1.#a)[LM],d[LM],(G-1.#A-1.#a2)[LM],d[LM],(#D-1.c.#d.g1)[KL],(#D-1.c.#d.c3.#d2)[KL],(#d.c.F-1.f1)[KL],(#d.c.F-1.a2.#d2)[KLN],(#A-1.f.#a2.d2)[ILM],e2[LM],f2[LM],(f.c1.#d1.g2)[LM],f2[LM],#d2[LM],d2[LM],c2[KL],(c1.f.#d1)[KL],(c1.f.#d1)[KL],(c1.f.#d1)[KL],(c1.f.#d1)[KL],c2[LM],d2[LM],(f.c1.#d1.#d2)[LM],d2[LM],c2[LM],#a1[LM],a1[KL],(c1.f.#d1)[KL],(c1.f.#d1)[KL],(c1.f.#d1)[KL],(c1.f.#d1)[KL],e2[LM],f2[LM],(F-1.A-1.c.g2)[LM],(#d.f2)[LM],(F-1.A-1.c.#d2)[LM],(#d.d2)[LM],(F-1.A-1.c.c2)[LM],(#d.#a1)[LM],(F-1.A-1.c.a1)[LM],(#d.g1)[LM],(F-1.A-1.c.f1)[LM],(#d.#d1)[LM],(F-1.A-1.c.d1)[LM],(#d.c1)[LM],(G-1.#A-1.#a)[LM],d[LM],(G-1.#A-1.#a2)[LM],d[LM],(#D-1.c.#d.g1)[KLN],(#D-1.c.#d.c3.#d2)[KL],(#d.c.F-1.f1)[KLM],(#d.c.F-1.a2.#d2)[KLM],(#A-1.f.#a2.d2)[JKLM],"],"id":3}],"audition":{"start":[0,0],"end":[1,0]}}