{"baseBpm":360,"musics":[{"bpm":360,"baseBeats":0.75,"scores":["#d2[KL],(#d.g2)[KL],(g.#a.#d1)[KL],(g.#a.#d1)[KL],(g.#a.#d1.#d2)[KL],(#A-1.d2)[KL],(#g.#a.d1.f1)[KL],(#g.#a.d1.f1)[KL],(#g.#a.d1.f1.f2)[KL],(#A-1.#g2)[KL],(#g.#a.d1.f1)[KL],(#g.#a.d1.f1)[KL],(#g.#a.d1.f1.f2)[KL],(#d.#d2)[KL],(g.#a.#d1)[KL],(g.#a.#d1)[KL],(g.#a.#d1.g2)[KL],(g1.#d1.#a1.#d2.#a2)[LM],#f1[LM],g1[LM],#d1[LM],(#g1.d1.#a1.d2.#a2)[LM],g1[LM],#g1[LM],f1[LM],(#d1.g1.#a1.#d2.#a2)[LM],f1[LM],#d1[LM],d1[LM],c1[LM],d1[LM],(#a.e.g2)[LM],c1[LM],(#g.f.#a2)[LM],(c1.#g2)[LM],(#g.d.f2)[LM],#a[LM],(g.#d.#g2)[LM],(#a.g2)[LM],(A-1.#d2)[LM],a[LM],(#A-1.#d2.g2)[LM],#a[LM],a[LMN],#a[LMN],(#A-1.d2.f2)[KL],#d2[KL],(#d.g2)[KL],(g.#a.#d1)[KL],(g.#a.#d1)[KL],(g.#a.#d1.#d2)[KL],(#A-1.d2)[KL],"],"id":1},{"bpm":360,"baseBeats":0.75,"scores":["(#g.#a.d1.f1)[KL],(#g.#a.d1.f1)[KL],(#g.#a.d1.f1.f2)[KL],(#A-1.#g2)[KL],(#g.#a.d1.f1)[KL],(#g.#a.d1.f1)[KL],(#g.#a.d1.f1.f2)[KL],(#d.#d2)[KL],(g.#a.#d1)[KL],(g.#a.#d1)[KL],(g.#a.#d1.g2)[KL],(g1.#d1.#a1.#d2.#a2)[LM],#f1[LM],g1[LM],#d1[LM],(#g1.d1.#a1.d2.#a2)[LM],g1[LM],#g1[LM],f1[LM],(#d1.g1.#a1.#d2.#a2)[LM],f1[LM],#d1[LM],d1[LM],c1[LM],d1[LM],(#a.e.g2)[LM],c1[LM],(#g.f.#a2)[LM],(c1.#g2)[LM],(#g.d.f2)[LM],#a[LM],(g.#d.#g2)[LM],(#a.g2)[LM],(A-1.#d2)[LM],a[LM],(#A-1.#d2.g2)[LM],#a[LMN],a[LM],#a[LMN],(#A-1.d2.f2)[KLN],#a1[LMN],a1[LM],#a1[LM],c2[LMN],d2[LMN],#d2[LM],f2[LMN],g2[LM],#g2[LMN],g2[LM],(#A-1.d.f.#a.#a1.d2.f2.#g2)[KLM],(#A-1.d.f.#a.#a1.d2.f2.#g2)[KL],(#A-1.d.f.#a.#a1.d2.f2.#g2)[KLM],"],"id":2},{"bpm":360,"baseBeats":0.75,"scores":["TV,mute[LM],mute[LM],mute[LM],mute[LM],mute[LM],mute[LM],mute[LM],mute[LM],TUW,QSUW,TU,TU,TU,TU,TU,TU,TU,TU,TU,TU,5<UV>,5<UV>,TUW,mute[LM],mute[LM],mute[LM],mute[LM],mute[LM],mute[LM],TUW,mute[LM],mute[LM],mute[LM],mute[LM],mute[LM],mute[LM],mute[LM],mute[LM],mute[LM],mute[LM],TUW,TU,TUVW,mute[LM],mute[LM],mute[LM],mute[LM],mute[LM],mute[LM],mute[LM],mute[LM],T,TUV,QSTUV,TU,TU,TU,TU,TU,TU,TU,TU,TU,TU,TU,SV,mute[LM],mute[LM],mute[LM],mute[LM],TW,mute[LM],STU,","#a1[LM],a1[LMN],#a1[LM],c2[LMN],d2[LM],#d2[LMN],f2[LM],g2[LMN],#g2[LM],g2[KLN],(#a.f1.d2.#g2)[HJLN],a2[KL],(G-1.#a2)[KL],(#d1.#a.g)[KL],(#d1.#a.g)[KL],(#d1.#a.g.g2)[KL],(#G-1.f2)[KL],(f1.#d1.c1.#g)[KL],(f1.#d1.c1.#g)[KL],(f1.#d1.c1.#g.c3)[KL],(#A-1.#d2)[KL],(#d1.#a.g.f2)[MN],#d2[MN],d2[MN],#d2[MN],(#A-1.g2)[KL],(d1.#a.#g)[LM],f2[LM],(g.#d.#d2)[LM],#a[LMN],g[LM],#a[LM],g[KLN],#a1[LM],a1[LM],#a1[LM],c2[LM],d2[LM],#d2[LM],f2[LM],g2[LM],#g2[LM],g2[LM],(#A-1.d.f.#a.#a1.d2.f2.#g2)[KLN],(#A-1.d.f.#a.#a1.d2.f2.#g2)[KL],(#A-1.d.f.#a.#a1.d2.f2.#g2)[KLN],#a1[LM],a1[LM],#a1[LM],c2[LMN],d2[LM],#d2[LMN],f2[LM],g2[LM],#g2[K],g2[KLM],(#a.f1.d2.#g2)[HJKLM],a2[KL],(G-1.#a2)[KL],(#d1.#a.g)[KL],(#d1.#a.g)[KL],(#d1.#a.g.g2)[KL],(#G-1.f2)[KL],(f1.#d1.c1.#g)[KL],(f1.#d1.c1.#g)[KL],(f1.#d1.c1.#g.c3)[KL],(#A-1.#d2)[KL],(#d1.#a.g)[KL],(#A-1.g2)[KLM],(d1.#a.#g)[LMN],f2[LMN],(g.#d.#d2)[LMN],#a[LMN],g[K],#a[LMN],g[JKL],"],"id":3}],"audition":{"start":[0,0],"end":[1,0]}}