{"baseBpm":360,"musics":[{"bpm":360,"baseBeats":0.75,"scores":["e1[KL],(b.#g.d2)[KL],(e.d2)[KL],(b.#g.d2)[KL],(e.b1)[KL],(d1.b.e2.#g1)[LM],#d2[LM],(e.e2)[LM],#d2[LM],(d1.b.e2)[KL],(e.e1)[KL],(#c1.a.e2)[KL],(e.e2)[KL],(#c1.a.e2)[KL],(e.#c2)[KL],(e1.#c1.e2.a1)[LM],#d2[LM],(e.e2)[LM],#d2[LM],(e1.#c1.e2)[KL],(e.#f2)[LM],e2[LM],(e.d2)[LM],#c2[LM],(e1.d1.b.b1)[LM],a1[LM],(e1.d1.b.#g1)[KL],(e1.d1.b.e2)[KL],(A-1.a1)[KL],(e1.#c1.a)[KL],(e1.#c1.a)[KL],(e1.#c1.a.#c3)[LM],b2[LM],(B-1.a2)[LM],#g2[LM],(b.a.#f.#f2)[LM],e2[LM],(B-1.#d2)[KL],(b.a.#f.b2)[KL],(e.#g.e2)[IL],e1[KL],(b.#g.d2)[KL],(e.d2)[KL],(b.#g.d2)[KL],(e.b1)[KL],(d1.b.e2.#g1)[LM],#d2[LM],(e.e2)[LM],#d2[LM],(d1.b.e2)[KL],(e.e1)[KL],(#c1.a.e2)[KL],(e.e2)[KL],"],"id":1},{"bpm":360,"baseBeats":0.75,"scores":["(#c1.a.e2)[KL],(e.#c2)[KL],(e1.#c1.e2.a1)[LM],#d2[LM],(e.e2)[LM],#d2[LM],(e1.#c1.e2)[KL],(e.#f2)[LM],e2[LM],(e.d2)[LM],#c2[LM],(e1.d1.b.b1)[LM],a1[LM],(e1.d1.b.#g1)[KL],(e1.d1.b.e2)[KL],(A-1.a1)[KL],(e1.#c1.a)[KL],(e1.#c1.a)[KL],(e1.#c1.a.#c3)[LM],b2[LM],(B-1.a2)[LM],#g2[LM],(b.a.#f.#f2)[LM],e2[LM],(B-1.#d2)[KL],(b.a.#f.b2)[KLM],(e.#g.e2)[ILMN],b1[KL],(#d.B-1.#f.a.a2)[KL],(#d.B-1.#f.a.a2)[KL],(#d.B-1.#f.a.a2)[LM],#f2[JM],(e.#g.b.#g2)[KL],(e.#g.b.#g2)[KL],(e.#g.b.#g2)[LM],e2[JM],(B-1.#d.#f.b.b1.a2)[LM],#f2[JM],(B-1.#d.#f.b.b1.a2)[LM],#f2[JM],(e.#g.b.#g2)[LM],e2[JKLM],#f2[LM],e2[LM],(e.d2)[LM],#c2[LM],(b.d1.e1.b1)[LM],a1[LM],"],"id":2},{"bpm":360,"baseBeats":0.75,"scores":["(b.d1.e1.#g1)[KL],(b.d1.e1.e2)[KL],(A-1.a1)[KL],(a.#c1.e1)[KL],(a.#c1.e1)[KL],(a.#c1.e1.#f3)[LM],e3[LM],(e.d3)[LM],#c3[LM],(b.d1.e1.b2)[LM],a2[LM],(b.d1.e1.#g2)[KL],(b.d1.e1.e3)[KL],(A-1.a2)[KL],a[KL],A-1[KL],b1[KL],(#d.B-1.#f.a.a2)[KL],(#d.B-1.#f.a.a2)[KL],(#d.B-1.#f.a.a2)[LM],#f2[JM],(e.#g.b.#g2)[KL],(e.#g.b.#g2)[KL],(e.#g.b.#g2)[LM],e2[JM],(B-1.#d.#f.b.b1.a2)[LM],#f2[JM],(B-1.#d.#f.b.b1.a2)[LM],#f2[JM],(e.#g.b.#g2)[LM],e2[JKLM],#f2[LM],e2[LM],(e.d2)[LM],#c2[LM],(b.d1.e1.b1)[LM],a1[LM],(b.d1.e1.#g1)[KL],(b.d1.e1.e2)[KL],(A-1.a1)[KL],(a.#c1.e1)[KL],(a.#c1.e1)[KL],(a.#c1.e1.#f3)[LM],e3[LM],(e.d3)[LM],#c3[LM],(b.d1.e1.b2)[LM],a2[LMN],(b.d1.e1.#g2)[KL],(b.d1.e1.e3)[KLMN],(A-1.a2)[KLM],a[KLMN],A-1[KLM],"],"id":3}],"audition":{"start":[0,0],"end":[1,0]}}