{"baseBpm":360,"musics":[{"bpm":360,"baseBeats":0.75,"scores":["c2[LM],b1[LM],(c.e.c2)[LM],g[LM],(c.e.d2)[LM],g[LM],(c.e.e2)[LM],g[LM],(c.e.f2)[LM],g[LM],(c.e.g2)[LM],g[LM],(c.e.c3)[LM],g[LM],(c.e)[LM],g[LM],(c.e.g2)[LM],(g.#f2)[LM],(c.e.g2)[LM],g[LM],(c.e.f2)[LM],g[LM],(c.e.e2)[LM],g[LM],(c.e.d2)[LM],g[LM],(c.e.c2)[LM],g[LM],(c.e.g1)[LM],g[LM],(c.e)[LM],g[LM],(c.e.c2)[LM],(g.b1)[LM],(c.e.c2)[LM],g[LM],(c.e.d2)[LM],g[LM],(c.e.e2)[LM],g[LM],(c.e.f2)[LM],g[LM],(c.g2)[LM],e[LM],(c.a2)[LM],e[LM],(B-1.b2)[LM],d[LM],(A-1.c3)[LM],c[LM],(d.g.b2)[LM],b[LM],(d.g.d3)[LM],b[LM],(d.#f.a2)[LM],c1[LM],(d.#f.d3)[LM],c1[LM],(g.b.g2)[IL],c2[LM],b1[LM],(c.e.c2)[LM],g[LM],(c.e.d2)[LM],g[LM],(c.e.e2)[LM],g[LM],(c.e.f2)[LM],g[LM],(c.e.g2)[LM],g[LM],(c.e.c3)[LM],g[LM],(c.e)[LM],g[LM],"],"id":1},{"bpm":360,"baseBeats":0.75,"scores":["(c.e.g2)[LM],(g.#f2)[LM],(c.e.g2)[LM],g[LM],(c.e.f2)[LM],g[LM],(c.e.e2)[LM],g[LM],(c.e.d2)[LM],g[LM],(c.e.c2)[LM],g[LM],(c.e.g1)[LM],g[LM],(c.e)[LM],g[LM],(c.e.c2)[LM],(g.b1)[LM],(c.e.c2)[LM],g[LM],(c.e.d2)[LM],g[LM],(c.e.e2)[LM],g[LM],(c.e.f2)[LM],g[LM],(c.g2)[LM],e[LM],(c.a2)[LM],e[LM],(B-1.b2)[LM],d[LM],(A-1.c3)[LM],c[LM],(d.g.b2)[LM],b[LM],(d.g.d3)[LM],b[LM],(d.#f.a2)[LM],c1[LM],(d.#f.d3)[LMN],c1[LMN],(g.b.g2)[ILMN],(f.f2)[LM],(e.e2)[LM],(G-1.f.g1.f2)[KL],(d.d2)[KL],(B-1.b1)[KL],(d.d2)[LM],(#c.#c2)[LM],(G-1.d.g1.d2)[KL],(B-1.b1)[KL],(G-1.g1)[KL],(f.f2)[LM],(e.e2)[LM],(G-1.f.g1.f2)[KL],(d.d2)[KL],(B-1.b1)[KL],(d.d2)[LM],(#c.#c2)[LM],(G-1.d.g1.d2)[KL],(B-1.b1)[KL],(G-1.g1)[KL],a2[LM],#g2[LM],(f.a.a2)[LM],"],"id":2},{"bpm":360,"baseBeats":0.75,"scores":["(d1.#g2)[LM],(f.a.a2)[LM],(d1.#g2)[LM],(f.a.a2)[LM],(d1.#g2)[LM],(f.a.a2)[LM],(d1.#g2)[LM],(f.a.a2)[LM],(d1.#g2)[LM],(f.a.b2)[LM],(d1.a2)[LM],(f.a.g2)[LM],(d1.f2)[LM],(f.a.e2)[LM],(d1.d2)[LM],(g.c1.g2)[LM],e1[LM],(c1.g.e2)[LM],(e1.c2)[LM],(g.b.f2)[LM],f1[LM],(g.b.d2)[LM],(f1.b1)[LM],(c1.e1.c2)[IL],(f.f2)[LM],(e.e2)[LM],(G-1.f.g1.f2)[KL],(d.d2)[KL],(B-1.b1)[KL],(d.d2)[LM],(#c.#c2)[LM],(G-1.d.g1.d2)[KL],(B-1.b1)[KL],(G-1.g1)[KL],(f.f2)[LM],(e.e2)[LM],(G-1.f.g1.f2)[KL],(d.d2)[KL],(B-1.b1)[KL],(d.d2)[LM],(#c.#c2)[LM],(G-1.d.g1.d2)[KL],(B-1.b1)[KLN],(G-1.g1)[KLN],a2[LM],#g2[LM],(f.a.a2)[LM],(d1.#g2)[LM],(f.a.a2)[LM],(d1.#g2)[LM],(f.a.a2)[LM],(d1.#g2)[LM],(f.a.a2)[LM],(d1.#g2)[LM],(f.a.a2)[LM],(d1.#g2)[LM],(f.a.b2)[LM],(d1.a2)[LM],(f.a.g2)[LM],(d1.f2)[LM],(f.a.e2)[LM],(d1.d2)[LM],(g.c1.g2)[LMN],e1[LM],(c1.g.e2)[LM],(e1.c2)[LM],(g.b.f2)[LM],f1[LMN],(g.b.d2)[LMN],(f1.b1)[LM],(c1.e1.c2)[JKM],"],"id":3}],"audition":{"start":[0,0],"end":[1,0]}}