{"baseBpm":160,"musics":[{"bpm":160,"baseBeats":0.25,"scores":["#f1[L],d1[L],(D-1.a)[L],d1[L],(d.#f1)[L],d1[L],(d.g1)[L],e1[L],(D-1.a1)[L],#f1[L],(d.d1)[L],#f1[L],(d.a)[L],#f1[L],(D-1.g1)[L],e1[L],(d.#c1)[L],e1[L],(d.g)[L],e1[L],(D-1.#f1)[L],d1[L],(d.a)[L],d1[L],(d.#f)[L],d1[L],(D-1.a)[L],d1[L],(d.#f1)[L],d1[L],(d.g1)[L],e1[L],(D-1.a1)[L],#f1[L],(d.d1)[L],#f1[L],(d.a)[L],#f1[L],(D-1.g1)[L],e1[L],(d.#c1)[L],e1[L],(d.g)[L],e1[L],(D-1.#f.d1)[K],d[K],#f1[L],d1[L],(D-1.a)[L],d1[L],(d.#f1)[L],d1[L],(d.g1)[L],e1[L],(D-1.a1)[L],#f1[L],(d.d1)[L],#f1[L],(d.a)[L],#f1[L],(D-1.g1)[L],e1[L],(d.#c1)[L],e1[L],(d.g)[L],e1[L],"],"id":1},{"bpm":160,"baseBeats":0.25,"scores":["(D-1.#f1)[L],d1[L],(d.a)[L],d1[L],(d.#f)[L],d1[L],(D-1.a)[L],d1[L],(d.#f1)[L],d1[L],(d.g1)[L],e1[L],(D-1.a1)[L],#f1[L],(d.d1)[L],#f1[L],(d.a)[L],#f1[L],(D-1.g1)[L],e1[L],(d.#c1)[L],e1[LO],(d.g)[LO],e1[L],(D-1.#f.d1)[KN],d[KO],a1[L],#c2[L],(A-1.e2)[L],#c2[L],(a.a1)[L],#c2[L],(a.e2)[L],a2[L],(A-1.e2)[L],#c2[L],(a.a1)[L],#c2[L],(a.e2)[L],a2[L],(A-1.e2)[L],#c2[L],(a.a1)[L],#c2[L],(a.e2)[L],#f2[L],(A-1.g2)[L],e2[L],(a.#c2)[L],a1[L],(a.g1)[L],e1[L],(D-1.#f1)[L],d1[L],(d.a)[L],d1[L],(d.g1)[L],d1[L],(D-1.a1)[L],#f1[L],(d.d1)[L],#f1[L],(d.b1)[L],"],"id":2},{"bpm":160,"baseBeats":0.25,"scores":["g1[L],(D-1.e1)[L],g1[L],(d.#c1)[L],e1[L],(d.a)[L],#f1[L],(D-1.#f.d1)[K],d[K],a1[L],#c2[L],(A-1.e2)[L],#c2[L],(a.a1)[L],#c2[L],(a.e2)[L],a2[L],(A-1.e2)[L],#c2[L],(a.a1)[L],#c2[L],(a.e2)[L],a2[L],(A-1.e2)[L],#c2[L],(a.a1)[L],#c2[L],(a.e2)[L],#f2[L],(A-1.g2)[L],e2[L],(a.#c2)[L],a1[L],(a.g1)[L],e1[L],(D-1.#f1)[L],d1[L],(d.a)[L],d1[L],(d.g1)[L],d1[L],(D-1.a1)[L],#f1[L],(d.d1)[L],#f1[L],(d.b1)[L],g1[L],(D-1.e1)[L],g1[L],(d.#c1)[LO],e1[L],(d.a)[LN],#f1[LO],(D-1.#f.d1)[KN],d[KO],d[KO],"],"id":3}],"audition":{"start":[0,0],"end":[1,0]}}