{"baseBpm":180,"musics":[{"bpm":180,"baseBeats":0.5,"scores":["(#f1.a1)[K],(#f1.a1)[K],T,(d2.#f2)[K];(d2.#f2)[K],T,#g2[L],a2[L],#f2[L],d2[L];a1[L],a2[L],#f2[L],g2[L],e2[L],#c2[L],a1[L],g2[L];(e1.g1)[K],(e1.g1)[K],T,(#c2.e2)[K];(#c2.e2)[K],T,#f2[L],g2[L],e2[L],#c2[L];a1[L],#f2[L],d2[K],d2[K],T;(g2.b2)[K],(g2.b2)[K],T,(g2.b2)[K];(g2.b2)[K],T,b2[L],a2[L],g2[L],#f2[L];e2[L],d2[L],#c2[L],b1[L],a1[L],g1[L],#f1[L],e1[L];(#f.d1)[K],(#f.d1)[K],T,(#f1.d2)[K];(#f1.d2)[K],T,","d[J],d1[K],d[J];d1[K],d[J];d1[K],A-1[J],a[K];A-1[J],a[K],A-1[J];a[K],A-1[J];a[K],d[J],d1[K];g[J],g1[K],g[J];g1[K],g[J];g1[K],a[J],a1[K];d[J],d1[K],d[J];d1[K],"],"id":1,"instruments":["piano","piano"],"alternatives":["",""]},{"bpm":184,"baseBeats":0.5,"scores":["#c2[L],d2[L],e2[L],a1[L],b1[L],#c2[L];(#f1.d2)[K],(#f1.d2)[K],T;S,T;TU,a1[L],d2[L],#f2[L];a2[J],T;T,a1[L],d2[L],#f2[L],a2[L];g2[L],a2[L],b2[L],g2[L],e2[L],#c2[L];d2[L],e2[L],#f2[L],d2[L],a1[L],#f1[L];g1[L],a1[L],b1[L],g1[L],e1[L],#c1[L];d1[L],e1[L],#f1[L],g1[L],a1[L],#f1[L];e1[L],#f1[L],g1[L],a1[L],b1[L],#c2[L];d2[L],e2[L],#f2[L],g2[L],a2[L],#f2[L];e2[L],#f2[L],g2[L],a2[L],b2[L],#c3[L];d3[J],#f2[L],a2[L];a2[L],g2[L],b2[L],g2[L],e2[L],#c2[L];e2[L],d2[L],#f2[L],d2[L],a1[L],#f1[L];a1[L],g1[L],b1[L],g1[L],e1[L],#c1[L];d1[L],#c1[L],d1[L],e1[L],#f1[L],g1[L];","(A-1)[J],a[K];d[J],d1[K];d[J],d1[K];d[J],d1[K];d[J],d1[K];d[J],d1[K];d[J],d1[K];d[J],d1[K];d[J],d1[K];d[J],d1[K];d[J],(a.e1)[K];d[J],(a.d1)[K];d[J],(a.e1)[K];d[J],d1[K];d[J],d1[K];d[J],d1[K];d[J],d1[K];d[J],d1[K];"],"id":2},{"bpm":188,"baseBeats":0.5,"scores":["g1[L],#f1[L],g1[L],a1[L],b1[L],#c2[L];d2[L],#c2[L],d2[L],e2[L],#f2[L],g2[L];g2[L],#f2[L],g2[L],a2[L],b2[L],#c3[L];d3[K],d3[K],T;#c3[L],d3[L],e3[L],a2[L],b2[L],#c3[L];d3[K],d3[K],T;#c3[L],d3[L],e3[L],a2[L],b2[L],#c3[L];d3[J],d2[L],#f2[L];#f2[L],e2[L],#f2[L],e2[L],b2[L],a2[L];e2[L],d2[L],e2[L],d2[L],g2[L],#f2[L];#f2[L],e2[L],#f2[L],e2[L],b2[L],a2[L];a2[K],d3[K],d2[L],#f2[L];#f2[L],e2[L],#f2[L],e2[L],b2[L],a2[L];e2[L],d2[L],e2[L],d2[L],g2[L],#f2[L];#f2[L],e2[L],#f2[L],e2[L],b2[L],a2[L];e2[L],d2[L],#c3[L],d3[L],e2[L],d2[L];#c3[L],d3[L],e2[L],d2[L],#c3[L],d3[L];d3[JK];","d[J],(a.e1)[K];d[J],(a.d1)[K];d[J],(a.e1)[K];d[J],(a.d1)[K];d[J],(a.e1)[K];d[J],(a.d1)[K];d[J],(a.e1)[K];d[J],(a.d1)[K];d[J],(a.#c1)[K];d[J],(a.d1)[K];d[J],(a.#c1)[K];d[J],(a.d1)[K];d[J],(a.#c1)[K];d[J],(a.d1)[K];d[J],(a.#c1)[K];d[J],(a.d1)[K];d[J],(a.d1)[K];(d.a.d1)[JK];"],"id":3}],"audition":{"start":[0,0],"end":[0,31]}}