{"baseBpm":160,"musics":[{"bpm":160,"baseBeats":0.25,"scores":["(D-1.#f1.a1.d2)[K],(#f1.a1.d2)[K],d[K],(D-1.a1.d2.#f2)[K],(a1.d2.#f2)[K],d[K],(D-1.#g2)[L],a2[L],#f2[L],d2[L],(d.a1)[L],a2[L],(A-2.#f2)[L],g2[L],e2[L],#c2[L],(A-1.a1)[L],g2[L],(A-2.e1.g1.#c2)[K],(e1.g1.#c2)[K],A-1[K],(A-2.g1.#c2.e2)[K],(g1.#c2.e2)[K],A-1[K],(A-2.#f2)[L],g2[L],e2[L],#c2[L],(A-1.a1)[L],#f2[L],(D-1.d2)[K],d2[K],d[K],(D-1.#f1.a1.d2)[K],(#f1.a1.d2)[K],d[K],(D-1.a1.d2.#f2)[K],(a1.d2.#f2)[K],d[K],(D-1.#g2)[L],a2[L],#f2[L],d2[L],"],"id":1},{"bpm":160,"baseBeats":0.25,"scores":["(d.a1)[L],a2[L],(A-2.#f2)[L],g2[L],e2[L],#c2[L],(A-1.a1)[L],g2[L],(A-2.e1.g1.#c2)[K],(e1.g1.#c2)[K],A-1[K],(A-2.g1.#c2.e2)[K],(g1.#c2.e2)[K],A-1[K],(A-2.#f2)[L],g2[L],e2[L],#c2[L],(A-1.a1)[LO],#f2[LO],(D-1.d2)[KO],d2[KO],d[KO],(G-1.b1.d2.g2.b2)[K],(b1.d2.g2.b2)[K],g[K],(G-1.b1.d2.g2.b2)[K],(b1.d2.g2.b2)[K],g[K],(G-1.b2)[L],a2[L],g2[L],#f2[L],(g.e2)[L],d2[L],(A-1.#c2)[L],b1[L],a1[L],g1[L],(a.#f1)[L],e1[L],(D-1.d1.#f)[K],(#f.d1)[K],d[K],(D-1.#f1.d2)[K],"],"id":2},{"bpm":160,"baseBeats":0.25,"scores":["(#f1.d2)[K],d[K],(A-2.#c2)[L],d2[L],e2[L],a1[L],(A-1.b1)[L],#c2[L],(D-1.#f1.d2)[K],(#f1.d2)[K],d[K],(G-1.b1.d2.g2.b2)[K],(b1.d2.g2.b2)[K],g[K],(G-1.b1.d2.g2.b2)[K],(b1.d2.g2.b2)[K],g[K],(G-1.b2)[L],a2[L],g2[L],#f2[L],(g.e2)[L],d2[L],(A-1.#c2)[L],b1[L],a1[L],g1[L],(a.#f1)[L],e1[L],(D-1.d1.#f)[K],(#f.d1)[K],d[K],(D-1.#f1.d2)[K],(#f1.d2)[K],d[K],(A-2.#c2)[L],d2[L],e2[L],a1[L],(A-1.b1)[LO],#c2[L],(D-1.#f1.d2)[K],(#f1.d2)[K],d[K],"],"id":3}],"audition":{"start":[0,0],"end":[1,0]}}