{"baseBpm":160,"musics":[{"bpm":160,"baseBeats":0.25,"scores":["a[L],d1[L],(A-1.#c1)[L],d1[L],(e.g.e1)[L],a[L],(e.g.b)[L],#c1[L],(A-1.d1)[L],e1[L],(d.#f.#f1)[L],g1[L],(d.#f.a1)[L],b1[L],(A-1.#c2)[L],d2[L],(e.g.e2)[L],a1[L],(e.g.b1)[L],#c2[L],(A-1.d2)[L],e2[L],(d.#f.#f2)[L],g2[L],(d.#f.a2)[L],b2[L],(A-1.#c3)[L],d3[L],(e.g.e3)[L],a2[L],(e.g.b2)[L],#c3[L],(A-1.d3)[L],a2[L],(d.#f.#f2)[L],a2[L],(d.#f.d2)[L],#f2[L],(A-1.e2)[L],g2[L],(e.g.#c2)[L],e2[L],(e.g.a1)[L],#c2[L],(d.#f.d2)[J],a[L],d1[L],(A-1.#c1)[L],d1[L],(e.g.e1)[L],a[L],(e.g.b)[L],#c1[L],(A-1.d1)[L],e1[L],(d.#f.#f1)[L],g1[L],(d.#f.a1)[L],b1[L],(A-1.#c2)[L],d2[L],"],"id":1},{"bpm":160,"baseBeats":0.25,"scores":["(e.g.e2)[L],a1[L],(e.g.b1)[L],#c2[L],(A-1.d2)[L],e2[L],(d.#f.#f2)[L],g2[L],(d.#f.a2)[L],b2[L],(A-1.#c3)[L],d3[L],(e.g.e3)[L],a2[L],(e.g.b2)[L],#c3[L],(A-1.d3)[L],a2[L],(d.#f.#f2)[L],a2[L],(d.#f.d2)[L],#f2[L],(A-1.e2)[L],g2[L],(e.g.#c2)[L],e2[LO],(e.g.a1)[L],#c2[LO],(d.#f.d2)[JNO],d1[L],g1[L],(d.#f1)[L],g1[L],(c1.a.a1)[L],d1[L],(a.c1.e1)[L],#f1[L],(d.g1)[L],a1[L],(b.g.b1)[L],c2[L],(g.b.d2)[L],e2[L],(d.#f2)[L],g2[L],(c1.a.a2)[L],d2[L],(a.c1.e2)[L],#f2[L],(g.b.g2)[L],a2[L],b2[L],a2[L],g2[L],#f2[L],(A-1.e2)[L],g2[L],(e.g.#c2)[L],e2[L],(e.g.a1)[L],#c2[L],"],"id":2},{"bpm":160,"baseBeats":0.25,"scores":["(A-1.d2)[L],a1[L],(#f.d.#f1)[L],a1[L],(#f.d.d1)[L],#f1[L],(A-1.e1)[L],g1[L],(e.g.#c1)[L],e1[L],(e.g.a)[L],#c1[L],(d.#f.d1)[J],d1[L],g1[L],(d.#f1)[L],g1[L],(c1.a.a1)[L],d1[L],(a.c1.e1)[L],#f1[L],(d.g1)[L],a1[L],(b.g.b1)[L],c2[L],(g.b.d2)[L],e2[L],(d.#f2)[L],g2[L],(c1.a.a2)[L],d2[L],(a.c1.e2)[L],#f2[L],(g.b.g2)[L],a2[L],b2[L],a2[L],g2[L],#f2[L],(A-1.e2)[L],g2[L],(e.g.#c2)[L],e2[L],(e.g.a1)[L],#c2[L],(A-1.d2)[L],a1[L],(#f.d.#f1)[L],a1[L],(#f.d.d1)[L],#f1[L],(A-1.e1)[L],g1[L],(e.g.#c1)[LO],e1[L],(e.g.a)[LN],#c1[LO],(d.#f.d1)[JM],"],"id":3}],"audition":{"start":[0,0],"end":[1,0]}}