{"baseBpm":210,"musics":[{"bpm":210,"baseBeats":0.5,"scores":["mute[JK],mute[JK],mute[JK],mute[JK],mute[JK],mute[JK],mute[JK],mute[K],mute[J],mute[JK],mute[JK],mute[JK],mute[J],mute[K],mute[JK],mute[JK],mute[JK],mute[JK],mute[K],mute[K],mute[K],mute[K],mute[K],mute[K],mute[K],mute[K],mute[K],mute[K],mute[J],mute[K],mute[K],mute[K],mute[K],mute[K],mute[K],mute[K],mute[K],mute[K],mute[K],mute[J],mute[K],mute[K],mute[K],mute[K],mute[K],mute[K],mute[K],mute[K],mute[K],mute[JK],mute[K],mute[K],mute[K],mute[K],mute[K],mute[K],mute[K],mute[K],mute[K],mute[JK],mute[K],mute[K],mute[K],mute[K],mute[K],mute[K],mute[K],mute[K],mute[K],mute[K],mute[J],mute[K],mute[K],mute[K],mute[K],mute[K],mute[K],mute[K],mute[K],mute[K],mute[K],mute[J],mute[K],mute[K],mute[K],mute[K],mute[K],mute[K],mute[K],mute[K],mute[K],mute[JK],mute[K],mute[K],mute[K],mute[K],mute[K],mute[K],mute[K],mute[K],mute[K],mute[JK],mute[JK],mute[J],mute[K],mute[J],mute[K],mute[K],mute[K],mute[K],mute[J],mute[K],mute[K],mute[K],mute[K],mute[J],mute[K],mute[L],mute[L],mute[K],mute[K],mute[J],mute[K],mute[K],mute[K],mute[K],mute[J],mute[K],mute[J],mute[K],mute[J],mute[K],mute[K],mute[K],mute[K],mute[L],mute[KL],mute[K],mute[L],mute[KL],mute[K];","#c1[JK],#c2[JK],#c1[JK],#c2[JK],a[JK],a1[JK],a[JK],a1[K],#g1[J],#f[JK],#f1[JK],#f[JK],#f1[J],g[K],#g[JK],#g1[JK],#g[JK],c1[JK],(#c1.#c.#c2)[K],#g2[K],#g2[K],(e1.#c1.#g.#d2)[K],#c2[K],#c2[K],(#c1.#c.#g1)[K],#c2[K],#c2[K],(#c1.#g.#d2)[K],#c2[J],(a.A-1.#c2)[K],#g2[K],#g2[K],(e1.#c1.a.#d2)[K],#c2[K],#c2[K],(a.A-1.#g1)[K],#c2[K],#c2[K],(e1.#c1.a.#d2)[K],#c2[J],(#f.#F-1.#c2)[K],#g2[K],#f2[K],(#f1.#c1.a.#c2)[K],#d2[K],b1[K],(#f.#F-1.b1)[K],#f2[K],e2[K],(#c1.a1)[JK],(#g.#G-1.#g1)[K],a1[K],b1[K],(#g1.#d1.c1.#c2)[K],#d2[K],e2[K],(#g.#G-1.#f2)[K],#g2[K],#f2[K],(#g1.#d1.c2)[JK],(#c1.#c.#c2)[K],#g2[K],#g2[K],(e1.#c1.#g.#d2)[K],#c2[K],#c2[K],(#c1.#c.#g1)[K],#c2[K],#c2[K],(e1.#c1.#g.#d2)[K],(#d1.#c2)[J],(a.A-1.#c2)[K],#g2[K],#g2[K],(e1.#c1.a.#d2)[K],#c2[K],#c2[K],(a.A-1.#g1)[K],#c2[K],#c2[K],(e1.#c1.a.#d2)[K],(#g.#c2)[J],(#f.#c2)[K],#g2[K],#f2[K],(#f1.#c1.a.#c2)[K],#d2[K],b1[K],(#f.#F-1.b1)[K],#f2[K],e2[K],(#f1.#c1.a.#f2)[JK],(#g.#G-1.#g2)[K],#g2[K],#g2[K],(#g1.#d1.c1.#g2)[K],#g2[K],#g2[K],(#g.#G-1.#g2)[K],#g2[K],e2[K],(#g1.#d1.c1.#f2)[JK],(#c1.#c)[JK],(e1.#c1.#g)[J],#g1[K],(#c1.#c.#c2)[J],#c2[K],(e1.#c1.#g.#g1)[K],(#d1.#g1)[K],#g1[K],(a.A-1.#c2)[J],#c2[K],(e1.#c1.a.#g1)[K],#g1[K],#g1[K],(a.A-1.#c2)[J],#g1[K],(e1.#c1.a.a1)[L],#c2[L],#g[K],#g1[K],(#f.#F-1.#c2)[J],#c2[K],(#f1.#c1.a.a1)[K],#g1[K],#g1[K],(#f.#F-1.#c2)[J],#g1[K],(#f1.#c1.a.#d2)[J],#g1[K],(#g.#G-1.#f1)[J],#g1[K],(#d1.c1.#f1)[K],#f1[K],#g1[K],(#g.#G-1.#d2)[L],#d2[KL],#g1[K],(#d1.c1.#d2)[L],#d2[KL],#g1[K];"],"id":1,"instruments":["piano","piano"],"alternatives":["",""]},{"bpm":210,"baseBeats":0.5,"scores":["mute[L],mute[KL],mute[K],mute[L],mute[KL],mute[K],mute[L],mute[KL],mute[K],mute[L],mute[L],mute[K],mute[K],mute[L],mute[KL],mute[K],mute[L],mute[KL],mute[K],mute[L],mute[KL],mute[K],mute[L],mute[L],mute[K],mute[K],mute[L],mute[KL],mute[K],mute[L],mute[KL],mute[K],mute[J],mute[K],mute[J],mute[K],mute[J],mute[K],mute[K],mute[K],mute[K],mute[L],mute[KL],mute[K],mute[L],mute[KL],mute[K],mute[K],mute[K],mute[K],mute[L],mute[L],mute[K],mute[K],mute[K],mute[K],mute[K],mute[K],mute[J],mute[K],mute[K],mute[K],mute[K],mute[K],mute[K],mute[K],mute[K],mute[K],mute[K],mute[J],mute[K],mute[K],mute[K],mute[K],mute[K],mute[K],mute[K],mute[K],mute[K],mute[K],mute[J],mute[K],mute[K],mute[K],mute[K],mute[K],mute[K],mute[K],mute[K],mute[K],mute[K],mute[J],mute[K],mute[K],mute[K],mute[K],mute[K],mute[K],mute[K],mute[K],mute[K],mute[K],mute[J],mute[K],mute[K],mute[K],mute[K],mute[K],mute[K],mute[K],mute[K],mute[K],mute[K],mute[J],mute[K],mute[K],mute[K],mute[K],mute[K],mute[K],mute[K],mute[K],mute[K],mute[K],mute[J],mute[K],mute[K],mute[K],mute[K],mute[K],mute[K],mute[K],mute[K],mute[K],mute[K],mute[K],mute[K],mute[J],mute[K],mute[L],mute[KL],mute[K],mute[J],mute[K],mute[L],mute[L],mute[K],mute[K],mute[J],mute[K],mute[J],mute[K],mute[J],mute[K],mute[L],mute[L],mute[K],mute[K],mute[J],mute[K],mute[J],mute[K],mute[J],mute[K],mute[K],mute[K],mute[K],mute[J],mute[K],mute[J],mute[K],mute[L],mute[KL],mute[K],mute[L],mute[KL],mute[K],mute[L],mute[KL],mute[K],mute[L],mute[KL],mute[K],mute[L],mute[KL],mute[K],mute[L],mute[L],mute[K],mute[K],mute[L],mute[KL],mute[K],mute[L],mute[KL],mute[K],mute[L],mute[KL],mute[K],mute[L],mute[L],mute[K],mute[K],mute[J],mute[K],mute[J],mute[K],mute[J],mute[K],mute[K],mute[K],mute[K],mute[L],mute[KL],mute[K],mute[L],mute[KL],mute[K],mute[L],mute[KL],mute[K],mute[L],mute[L],mute[K],mute[K];","(#c1.#c.#c2)[L],#c2[KL],a1[K],(e1.#c1.#g.#g1)[L],#g1[KL],#g1[K],(#c1.#c.#c2)[L],#c2[KL],#c2[K],(e1.#c1.#g.#g1)[L],#g1[L],#d1[K],#g1[K],(a.A-1.#c2)[L],#c2[KL],#c2[K],(e1.#c1.a.#g1)[L],#g1[KL],#g1[K],(a.A-1.#c2)[L],#c2[KL],#g1[K],(e1.#c1.a.a1)[L],#c2[L],#g[K],#g1[K],(#f.#F-1.#c2)[L],#c2[KL],#c2[K],(#f1.#c1.a.#g1)[L],#g1[KL],#g1[K],(#f.#F-1.#c2)[J],#g1[K],(#f1.#c1.a.#d2)[J],#g1[K],(#g.#G-1.#f1)[J],#g1[K],(#d1.c1.#f1)[K],#f1[K],#g1[K],(#g.#G-1.#d2)[L],#d2[KL],#g1[K],(#d1.c1.#d2.#g1)[L],#d2[KL],#g1[K],(#c1.#c.#c2)[K],#g2[K],(#g2.a1)[K],(e1.#c1.#g.#d2.#g1)[L],#g1[L],#c2[K],#c2[K],(#c1.#c.#g1)[K],#c2[K],#c2[K],(e1.#c1.#g.#d2)[K],(#d1.#c2)[J],(a.A-1.#c2)[K],#g2[K],#g2[K],(e1.#c1.a.#d2)[K],#c2[K],#c2[K],(a.A-1.#g1)[K],#c2[K],#c2[K],(e1.#c1.a.#d2)[K],(#g.#c2)[J],(#f.#F-1.#c2)[K],#g2[K],#f2[K],(#f1.#c1.a.#c2)[K],#d2[K],b1[K],(#f.#F-1.b1)[K],#f2[K],e2[K],(#f1.#c1.a.#f2)[K],#c2[J],(#g.#G-1.#d2)[K],#d2[K],#c2[K],(#g1.#d1.c1.#d2)[K],#d2[K],#c2[K],(#g.#G-1.#d2)[K],#d2[K],#c2[K],(#g1.#d1.c1.e2)[K],#d2[J],(#c1.#c.#c2)[K],#g2[K],#g2[K],(e1.#c1.#g.#d2)[K],#c2[K],#c2[K],(#c1.#c.#g1)[K],#c2[K],#c2[K],(e1.#c1.#g.#d2)[K],(#d1.#c2)[J],(a.A-1.#c2)[K],#g2[K],#g2[K],(e1.#c1.a.#d2)[K],#c2[K],#c2[K],(a.A-1.#g1)[K],#c2[K],#c2[K],(e1.#c1.a.#d2)[K],(#g.#c2)[J],(#f.#F-1.#c2)[K],#g2[K],#f2[K],(#f1.#c1.a.#c2)[K],#d2[K],b1[K],(#f.#F-1.b1)[K],#f2[K],e2[K],(#f1.#c1.a.#f2)[K],#c2[J],(#g.#G-1.b2)[K],#g2[K],e2[K],(#g1.#d1.c1.#f2)[K],#f2[K],e2[K],(#g.#G-1.#f2)[K],#f2[K],e2[K],(#g1.#d1.c1.#f2)[K],#c2[K],#g1[K],(#c1.#c.#c2)[J],#c2[K],(e1.#c1.#g.#g1)[L],#g1[KL],#g1[K],(#c1.#c.#c2)[J],#c2[K],(e1.#c1.#g.#g1)[L],#g1[L],#d1[K],#g1[K],(a.A-1.#c2)[J],#g1[K],(e1.#c1.a.#c2)[J],#g1[K],(a.A-1.#c2)[J],#c2[K],(e1.#c1.a.#g1)[L],#g1[L],#g[K],#g1[K],(#f.#F-1.a1)[J],#f1[K],(#c1.a.a1.#f1)[J],#f1[K],(#f.#F-1.a1)[J],#f1[K],(#f1.#c1.a.a1)[K],a1[K],#g1[K],(#g.#G-1.#d2)[J],#g1[K],(#d1.c1.c2.#g1)[J],#g1[K],(#g.#G-1.c2)[L],c2[KL],a1[K],(#d1.c1.#g1)[L],#g1[KL],#g1[K],(#c1.#c.#c2)[L],#c2[KL],#c2[K],(e1.#c1.#g.#g1)[L],#g1[KL],#g1[K],(#c1.#c.#c2)[L],#c2[KL],#c2[K],(e1.#c1.#g.#g1)[L],#g1[L],#d1[K],#g1[K],(a.A-1.#c2)[L],#c2[KL],#g1[K],(e1.#c1.a.a1)[L],#c2[KL],#g1[K],(a.A-1.#c2)[L],#c2[KL],#c2[K],(e1.#c1.a.#g1)[L],#g1[L],#g[K],#g1[K],(#f.#F-1.#c2)[J],#g1[K],(#f1.#c1.a.#d2)[J],#g1[K],(#f.#F-1.#f1)[J],#g1[K],(#c1.a.#f1)[K],#f1[K],#g1[K],(#g.#G-1.#d2)[L],#d2[KL],#g1[K],(#d1.c1.#d2.#g1)[L],#d2[KL],#g1[K],(#g.#G-1.c2)[L],c2[KL],a1[K],(#d1.c1.#c2.#g1)[L],#g1[L],#c2[K],#c2[K];"],"id":2,"instruments":["piano","piano"],"alternatives":["",""]},{"bpm":210,"baseBeats":0.5,"scores":["mute[K],mute[L],mute[L],mute[K],mute[K],mute[K],mute[K],mute[K],mute[L],mute[L],mute[K],mute[K],mute[L],mute[KL],mute[K],mute[K],mute[K],mute[L],mute[L],mute[K],mute[K],mute[K],mute[L],mute[L],mute[L],mute[L],mute[K],mute[L],mute[KL],mute[L],mute[K],mute[L],mute[K],mute[KMO],5<mute[M],mute[M]>,5<mute[M],mute[M]>,mute[LNO],mute[KL],mute[L],mute[K],mute[KL],mute[KL],mute[K],mute[L],mute[K],mute[L],mute[KL],mute[L],mute[K],mute[KL],mute[L],mute[K],mute[KL],mute[KL],mute[KL],mute[L],mute[L],mute[L],mute[L],mute[L],mute[L],mute[KL],mute[L],mute[L],mute[L],mute[L],mute[L],mute[L],mute[K],mute[L],mute[L],mute[L],mute[L],mute[KL],mute[L],mute[L],mute[L],mute[L],mute[L],mute[L],mute[KL],mute[L],mute[L],mute[L],mute[L],mute[L],mute[L],mute[K],mute[L],mute[L],mute[L],mute[L],mute[KL],mute[L],mute[L],mute[L],mute[K],mute[L],mute[L],mute[L],mute[L],mute[L],mute[L],mute[L],mute[L],mute[L],mute[L],mute[KL],mute[K],mute[L],mute[L],mute[L],mute[L],mute[L],mute[L],mute[L],mute[KL],mute[L],mute[K],mute[L],mute[L],mute[L],mute[L],mute[L],mute[L],mute[KL],mute[L],mute[K],mute[L],mute[KL],mute[K],mute[L],mute[KL],mute[K],mute[L],mute[KL],mute[K],mute[L],mute[L],mute[K],mute[K],mute[L],mute[KL],mute[K],mute[L],mute[KL],mute[K],mute[L],mute[KL],mute[K],mute[L],mute[L],mute[K],mute[K],mute[J],mute[K],mute[J],mute[K],mute[J],mute[K],mute[K],mute[K],mute[K],mute[L],mute[KL],mute[K],mute[L],mute[KL],mute[K],mute[L],mute[KL],mute[K],mute[L],mute[JL],mute[JK],mute[JK],mute[JK],mute[K],mute[J],mute[JK],mute[JK],mute[JK],mute[K],mute[J],mute[JK],mute[JK],mute[JK],mute[J],mute[K],mute[JK],mute[JK],mute[JK],mute[JK],mute[HHH];","(#c1.#c.e2)[K],e2[L],e2[L],#c2[K],(e1.#c1.#g.e2)[K],e2[K],#c2[K],(#c1.#c.e2)[K],e2[L],e2[L],#c2[K],(e1.#c1.#g.e2)[K],(#d1.e2)[L],#c2[KL],(a.A-1.#f2)[K],#f2[K],#f2[K],(e1.#c1.a.b1)[L],b1[L],b1[K],b1[K],(a.A-1.e2)[K],e2[L],e2[L],e2[L],#c2[L],(e1.#c1.a.e2)[K],(#g.e2)[L],#c2[KL],(#f.#F-1.#g2)[L],#g2[K],#c2[L],#c2[K],(#f1.#c1.a.#d2)[KMO],(#g1~#g1~#g1)[K],#g1[LNO],(#f.#F-1.#g1)[MO],#g1[KNO],#c2[L],#c2[K],(#f1.#c1.a.#d2)[KL],#g1[KL],(#g.#G-1.#g2)[K],#g2[L],b2[K],a2[L],(#g1.#d1.c1.#g2)[KL],#f2[L],e2[K],(#g.#G-1.#c2)[KL],#f2[L],e2[K],(#g1.#d1.c1.#c2)[KL],b1[KL],(#c1.#c.#c3)[KL],#g2[L],#g2[L],#g2[L],(e1.#c1.#g.#g2)[L],#g2[L],#g2[L],#c3[KL],(#c1.#c.#g2)[L],#g2[L],#g2[L],#g2[L],#g2[L],#g2[L],(e1.#c1.#g.#c3)[K],#d1[L],#g2[L],#g2[L],#g2[L],(a.A-1.#c3)[KL],#g2[L],#g2[L],#g2[L],(e1.#c1.a.#g2)[L],#g2[L],#g2[L],#c3[KL],(a.A-1.#g2)[L],#g2[L],#g2[L],#g2[L],#g2[L],#g2[L],(e1.#c1.a.a2)[K],#g[L],#g2[L],#g2[L],#g2[L],(#f.#F-1.#f2)[KL],#g2[L],#g2[L],#g2[L],(#f1.#c1.a.#f2)[K],e2[L],#g2[L],#g2[L],#g2[L],(#f.#F-1.#f2)[L],#f2[L],e2[L],#g2[L],#g2[L],#g2[L],(#f1.#c1.a.#f2)[KL],#g2[K],#g2[L],(#g.#G-1.#f2)[L],#f2[L],#f2[L],#f2[L],e2[L],#c2[L],(#g1.#d1.c1.#f2)[KL],e2[L],#f2[K],(#g.#G-1.#g2)[L],#f2[L],e2[L],#g2[L],#f2[L],e2[L],(#g1.#d1.c1.#g2)[KL],#c2[L],#g1[K],(#c1.#c.#c2)[L],#c2[KL],#c2[K],(e1.#c1.#g.#g1)[L],#g1[KL],#g1[K],(#c1.#c.#c2)[L],#c2[KL],#c2[K],(e1.#c1.#g.#g1)[L],#g1[L],#d1[K],#g1[K],(a.A-1.#c2)[L],#c2[KL],#g1[K],(e1.#c1.a.a1)[L],#c2[KL],#g1[K],(a.A-1.#c2)[L],#c2[KL],#c2[K],(e1.#c1.a.#g1)[L],#g1[L],#g[K],#g1[K],(#f.#F-1.#c2)[J],#g1[K],(#f1.#c1.a.#d2)[J],#g1[K],(#f.#F-1.#f1)[J],#g1[K],(#c1.a.#f1)[K],#f1[K],#g1[K],(#g.#G-1.#d2)[L],#d2[KL],#g1[K],(#d1.c1.#d2.#g1)[L],#d2[KL],#g1[K],(#g.#G-1.c2)[L],c2[KL],a1[K],(#d1.c1.#g1)[L],#g1[JL],(#c.#C-1.e2)[JK],#c2[JK],(#c1.#c)[JK],(e2.#c2)[K],#d2[J],(a.A-1.#c2)[JK],a1[JK],(A-1.A-2.a)[JK],(#c2.a1)[K],(b1.#g1)[J],(#f.#F-1.a1)[JK],#f1[JK],(#F-1.#F-2.#f)[JK],#f1[J],g[K],(#G-1.#g)[JK],#g1[JK],(#G-1.#g)[JK],c1[JK],(e1.#c1.#c2)[HHH];"],"id":3,"instruments":["piano","piano"],"alternatives":["",""]}],"audition":{"start":[0,18],"end":[0,59]}}