{"baseBpm":60,"musics":[{"bpm":60,"baseBeats":0.125,"scores":["mute[L],mute[L],mute[L],mute[L],mute[L],mute[L];","(b1.#g1.e1)[L],(b1.#g1.e1)[L],(#f1.#d1.b)[L],(#f1.#d1.b)[L],(#c1.#a.#f)[L],(#c1.#a.#f)[L];"],"id":1,"instruments":["piano","piano"],"alternatives":["",""]},{"bpm":60,"baseBeats":0.125,"scores":["mute[L],mute[L],mute[L],mute[L],mute[L],mute[L];","(#c1.#a.#f)[L],(#c1.#a.#f)[L],(#c1.#a.#f)[L],(#c1.#a.#f)[L],(a1.#f1.#d1.b)[L],(a1.#f1.#d1.b)[L];"],"id":2,"instruments":["piano","piano"],"alternatives":["",""]},{"bpm":60,"baseBeats":0.125,"scores":["mute[L],mute[L],mute[L],mute[L],mute[L],mute[L],mute[L],mute[L];","(b1.#g1.e1)[L],(b1.#g1.e1)[L],(b1.#g1.e1)[L],(b1.#g1.e1.B-1)[L],(b1.#g1.e1)[L],(b1.#g1.e1)[L],(#f1.#d1.b)[L],(#f1.#d1.b)[L];"],"id":3,"instruments":["piano","piano"],"alternatives":["",""]}],"audition":{"start":[0,0],"end":[2,0]}}