{"baseBpm":100,"musics":[{"id":1,"baseBeats":0.25,"scores":["(#D-1.#d.g1.g2)[L],(d1.d2)[K],(#A-1.#a.g1.g2)[L],(#D-1.#d.g1)[L],(g1.g2)[L],(F-1.f.d1.d2)[L],(c.c1.f1.f2)[L];(G-1.g.g1.g2)[L],mute[L],(#a.#a1)[L],(d.d1.g1.g2)[L],(G-1.g.g1)[L],(g1.g2)[L],(F-1.f.a1.a2)[L],(c.c1.#a1.#a2)[L];(#D-1.#d.g1.g2)[L],(d1.d2)[K],(#A-1.#a.g1.g2)[L],(#D-1.#d.g1)[L],(d1.d2)[L],(F-1.f.g1.g2)[L],(c.c1.c2.c3)[L];(G-1.g.#a1.#a2)[KL],(d.d1)[L],7<(#c1~#d1~f1~#f1~#g1~#a1~b1~#c2~#d2~f2~#f2~#g2~#a2~b2~#c3~#d3~f3~#f3~#g3~#a3)[K]>,#a3[K];(#D-1.#d.g1.g2)[L],(d1.d2)[K],(#A-1.#a.g1.g2)[L],(#D-1.#d.g1)[L],(g1.g2)[L],(F-1.f.d1.d2)[L],(c.c1.f1.f2)[L];(G-1.g.g1.g2)[L],mute[L],(#a.#a1)[L],(d.d1.g1.g2)[L],(G-1.g.g1)[L],(g1.g2)[L],(F-1.f.a1.a2)[L],(c.c1.#a1.#a2)[L];(#D-1.#d.g1.g2)[L],(d1.d2)[K],(#A-1.#a.g1.g2)[L],(#D-1.#d.g1)[L],(d1.d2)[L],(F-1.f.g1.g2)[L],(c.c1.c2.c3)[L];(G-1.g.#a1.#a2)[KL],(d.d1)[L],7<(#c1.f1~#d1.#f1~f1.#g1~#f1.#a1~#g1.b1~#a1.#c2~b1.#d2~#c2.f2~#d2.#f2~f2.#g2~#f2.#a2~#g2.b2~#a2.#c3~b2.#d3~#c3.f3~#d3.#f3~f3.#g3~#f3.#a3~#g3.b3)[K]>,(#a3.#c4)[K];(#d.#d1.g2.g3)[L],(d2.d3)[K],(#a.#a1.g2.g3)[L],(#d.#d1.g2)[L],(g2.g3)[L],(f.f1.d2.d3)[L],(c1.c2.f2.f3)[L];(g.g1.g2.g3)[L],(d2.d3)[L],(#a1.#a2)[L],(d1.d2.g2.g3)[L],(g.g1.g2)[L],(g2.g3)[L],(f.f1.a2.a3)[L],(c1.c2.#a2.#a3)[L];(#d.#d1.g2.g3)[L],(d2.d3)[K],(#a.#a1.g2.g3)[L],(#d.#d1.g2)[L],(d2.d3)[L],(f.f1.g2.g3)[L],(c1.c2.c3.c3)[L];(g.g1.#a2.#a3)[KL],(d1.d2)[L],7<(#a3~#g3~#f3~f3~#d3~#c3~b2~#a2~#g2~#f2~f2~#d2~#c2~b1~#a1~#g1~#f1~f1~#d1)[K]>,#c1[K];(#d.#d1.g2.g3)[L],(d2.d3)[K],(#a.#a1.g2.g3)[L],(#d.#d1.g2)[L],(g2.g3)[L],(f.f1.d2.d3)[L],(c1.c2.f2.f3)[L];(g.g1.g2.g3)[L],(d2.d3)[L],(#a1.#a2)[L],(d1.d2.g2.g3)[L],(g.g1.g2)[L],(g2.g3)[L],(f.f1.a2.a3)[L],(c1.c2.#a2.#a3)[L];(#d.#d1.g2.g3)[L],(d2.d3)[K],(#a.#a1.g2.g3)[L],(#d.#d1.g2)[L],(d2.d3)[L],(f.f1.g2.g3)[L],(c1.c2.c3.c3)[L];(g.g1.#a2.#a3)[KL],(d1.d2)[L],7<(#f3.#a3~f3.#g3~#d3.#f3~#c3.f3~b2.#d3~#a2.#c3~#g2.b2~#f2.#a2~f2.#g2~#d2.#f2~#c2.f2~b1.#d2~#a1.#c2~#g1.b1~#f1.#a1~f1.#g1~#d1.#f1~#c1.f1~b.#d1)[K]>,C-2[I];"]},{"id":2,"baseBeats":0.25,"scores":["6<c3[M],e2[M],g2[M],c2[M],c3[M],e2[M],g2[M],c2[M],c3[M],e2[M],g2[M],c2[M],c3[M],e2[M],g2[M],c2[M];c3[M],e2[M],g2[M],c2[M],c3[M],e2[M],g2[M],c2[M],c3[M],e2[M],g2[M],c2[M],c3[M],e2[M],g2[M],c2[M];d3[M],f2[M],a2[M],d2[M],d3[M],f2[M],a2[M],d2[M],d3[M],f2[M]>,6<a2[M],d2[M],d3[M],f2[M],a2[M],d2[M];e3[M],g2[M],b2[M],e2[M],e3[M],g2[M],b2[M],e2[M],f3[M],a2[M],c3[M],f2[M],d3[M],f2[M],a2[M],d2[M];e3[M],g2[M],b2[M],e2[M],c3[M],e2[M],g2[M],c2[M],d3[M],f2[M],a2[M],d2[M],b2[M],d2[M],f2[M],b1[M];c3[M],#d2[M]>,6<#g2[M],c2[M],c3[M],#d2[M],#g2[M],c2[M],c3[M],d2[M],#g2[M],c2[M],c3[M],d2[M],#g2[M],c2[M];c3[M],e2[M],g2[M],c2[M],c3[M],e2[M],g2[M],c2[M],c3[M],e2[M],g2[M],c2[M],c3[M],e2[M],g2[M],c2[M];c3[M],e2[M],g2[M],c2[M],c3[M],e2[M],g2[M],c2[M],c3[M],e2[M],g2[M],c2[M],c3[M],e2[M],g2[M],c2[M];d3[M],f2[M],a2[M],d2[M],d3[M],f2[M],a2[M],d2[M],d3[M]>,6<f2[M],a2[M],d2[M],d3[M],f2[M],a2[M],d2[M];e3[M],g2[M],b2[M],e2[M],e3[M],g2[M],b2[M],e2[M],f3[M],a2[M],c3[M],f2[M],f3[M],a2[M],c3[M],f2[M];g3[M],b2[M],d2[M],g2[M]>,6<g3[M],b2[M],d2[M],g2[M],a3[M],c3[M],e3[M],a2[M],a3[M],c3[M],e3[M],a2[M];#a3[M],d3[M],f3[M],#a2[M],#a3[M],d3[M],f3[M],#a2[M],g3[M],#a2[M],d3[M],g2[M],g3[M],#a2[M],d3[M]>,6<g2[M];a3[M],c3[M],e3[M],a2[M],a3[M],c3[M],e3[M],a2[M],f3[M],a2[M],c3[M],f2[M],f3[M],a2[M],c3[M],f2[M];g3[M],#a2[M],d3[M],g2[M],g3[M],#a2[M],d3[M],g2[M],e3[M],g2[M],#a2[M],e2[M],e3[M],g2[M],#a2[M],e2[M];f3[M],a2[M],c3[M],f2[M],f3[M],a2[M],c3[M],f2[M],b2[M],d2[M],f2[M],b1[M],b2[M],d2[M],f2[M],b1[M];c3[M],e2[M],g2[M],c2[M],c3[M],e2[M],g2[M],c2[M],c3[M],e2[M],g2[M],c2[M],c3[M],e2[M],g2[M],c2[M]>;","(c@g@c1@e1)[L],RU,(g1.b1)[K],(f1.a1)[K],(e1.g1)[K],(d1.f1)[K],(e1.g1)[LM],(f1.a1)[M],(e1.g1)[K],(d1.f1)[K],(c1.e1.b1)[K],c2[L],b1[L],(c1.f1.a1)[K],b1[L],a1[L],(c1.e1.g1)[K],a1[L],g1[L],(c1.d1.f1)[K],g1[L],f1[L],(#g@c1@#d1)[L],TU,(f@#a@d1@#g1)[L],TU,(c@g@c1@e1)[L],TU,(C-1@G-1@c@e)[L],TU,(c@g@c1@e1)[L],U,(g1.b1)[K],(f1.a1)[K],(e1.g1)[K],(d1.f1)[K],(e1.g1)[LM],(f1.a1)[M],(e1.g1)[K],(d1.f1)[K],(c1.e1.b1)[K],c2[L],b1[L],(c1.f1.a1)[K],d2[L],d2[L],(c1.g1.b1)[K],e2[L],d2[L],(c1.f1.a1.c2)[K],f2[L],e2[L],(#a@f1@#a1@d2)[L],TU,(e1@g1@#a1)[L],U,a1[L],#a1[L],(a.e1.c2)[L],d2[L],c2[L],#a1[L],(d1.f1.a1)[K],g1[L],a1[L],(g.d1.#a1)[L],c2[L],#a1[L],a1[L],(c1.e1.g1)[K],f1[L],g1[L],(f@c1@a1)[L],TU,(f@b@d1@#g1)[L],TU,(c@g@c1@e1)[L],U,(g1.b1)[K],(f1.a1)[K],(e1.g1)[K],(d1.f1)[K],(e1.g1)[LM],(f1.a1)[M],(e1.g1)[K],(d1.f1)[K],(c1.e1)[K],(b.d1)[K],(a.c1)[K],(g.b)[K],(f.a)[K],(g.b)[LM],(a.c1)[M],(g.b)[K],(f.a)[K],(e.g)[K],(d2.f2)[K],(c2.e2)[K],(b1.d2)[K],(a1.c2)[K],(b1.d2)[LM],(c2.e2)[M],(b1.d2)[K],(a1.c2)[K],(g1.b1)[K],(g1.b1)[K],(f1.a1)[K],(e1.g1)[K],(d1.f1)[K],(e1.g1)[LM],(f1.a1)[M],(e1.g1)[K],(d1.f1)[K],(c1.e1)[J],(c@e@g@a)[L],TU,(c1@g1@c2@e2)[L],TU,(a1@c2@e2@f2)[L],TU,(c1@g1@c2@e2)[L];"]},{"id":3,"baseBeats":0.25,"scores":["(d1~#f1~b1~d2~#c2~b1~#a1)[KM],b1[J];(d1@#f1@b1)[LM],#c2[LM],d2[LM],e2[LM];#f2[LM],d2[LM],#f2[LM],d2[LM];#f2[JL],(mute~e1~#f1)[L];d2[LM],#f1[M],#c2[LM],#f1[M];(d1.b1)[K],b1[M],b1[M],b1[M],b1[L],b1[M],b1[M],#c2[M],d2[M],#c2[M],b1[K];V,d1[M],b1[M],b1[M],b1[M],(d1.b1)[LM];b1[M],#c2[M],d2[M],#c2[M],b1[M],a1[M];(#f1.a1)[LM],a1[M],a1[M],a1[M],d2[M],d2[M];e2[M],#f2[M],e2[M],d2[M],e2[M],d2[M],#c2[M],b1[M];b1[M],5<#c2[N],b1[N]>,(e1.a1)[K],a1[M],5<b1[N],#c2[N]>;(a1.#c2)[M],e2[LM],a1[L],b1[M],a1[M];#f1[K];","QRSV,B-1[L],(#f.b)[K],(#f.b)[L],B-1[L],(#f.b)[K],(#f.b)[L],(G-1.g)[L],(d.g)[K],(d.g)[L],G-1[L],(d.g)[K],(d.g)[L],d[L],(a.d1)[K],(a.d1)[L],d[L],(a.d1)[K],(a.d1)[L],A-1[L],(e.a)[K],(e.a)[L],A-1[K],#c1[KL],(#f.d1)[KN],(#f.d1)[KN],(#f.d1)[K],(#f.d1)[K],(b.d1)[K],(b.d1)[K],(b.d1)[K],(b.d1)[K],(a.#f1)[K],(a.#f1)[K],(a.#f1)[K],(a.#f1)[K],(#c1.e1)[K],(#c1.e1)[K],(#c1.e1)[K],(#c1.e1)[L],","QQQRSV;b[IM];g[I];d1[I];a[I];"]},{"id":4,"baseBeats":0.25,"scores":["(G-1.d2)[M],e2[M],d2[M],(d.b1)[M],g1[M],b1[M],(g.d2)[M],e2[M],d2[M],(d.b1)[LM],(G-1.g2)[LM],(d.d2)[LM],(g.b1)[LM],(d.g1)[LM],(c.g2)[M],a2[M],g2[M],(g.e2)[M],c2[M],e2[M],(c1.g2)[M],a2[M],g2[M],(g.e2)[LM],(c.c3)[LM],(g.g2)[LM],(c1.e2)[LM],(g.c2)[LM],(G-1.d2)[M],e2[M],d2[M],(d.b1)[M],g1[M],b1[M],(g.d2)[M],e2[M],d2[M],(d.b1)[LM],(G-1.g2)[LM],(d.d2)[LM],(g.b1)[LM],(d.g1)[LM],(c.g2)[M],a2[M],g2[M],(g.e2)[M],c2[M],e2[M],(c1.g2)[M],a2[M],g2[M],(g.e2)[LM],(c.c3)[LM],(g.g2)[LM],(c1.e2)[LM],(g.c2)[LM],(g.e.c.g2)[LM],e2[LM],(g.d.G-1.d2)[LM],b1[LM],(g.e.c.g2)[LM],e2[LM];"]},{"id":5,"baseBeats":0.5,"scores":["5<g1[M],g1[M]>,5<g1[M],g1[M]>,U,U,5<g1[M],g1[M]>,5<g1[M],g1[M]>,U,U,5<g1[M],g1[M]>,U,U,5<g1[M],g1[M]>,U,U,5<g1[M],g1[M]>,U,U,5<g1[M],g1[M]>,5<g1[M],g1[M]>,U,U,5<g1[M],g1[M]>,5<g1[M],g1[M]>,c[JKL],U,U,(C-2.D-2.E-2.F-2.G-2.A-2.B-2)[JK],(C-1.D-1.E-1.F-1.G-1.A-1.B-1)[JK],(c.d.e.f.g.a.b)[JK],(c1.d1.e1.f1.g1.a1.b1)[JK],(c2.d2.e2.f2.g2.a2.b2)[JK],(c3.d3.e3.f3.g3.a3.b3)[JK],(c4.d4.e4.f4.g4.a4.b4)[JK],U,U,(c4.e4.g4)[J],U,(d4.f4.a4)[J],(e4.g4.b4)[I],U,U,g1[L],g1[L],G-1[IJ],U,8<(c.d.e.f.g.a.b~c.d.e.f.g.a.b)[L]>,U,U,8<(c.d.e.f.g.a.b~c.d.e.f.g.a.b)[L]>,U,U,(c1.c2.c3.c4)[I],(c2.f2.C-1)[L],(#a1.#d2.#a2.#D-2.#D-1)[L],#d[L],(#a1.#d2.#a2.g.#a.#d1)[L],#d[L],(#a1.#d2.#a2.#D-1)[L],(#a1.#d2.#a2.#d)[L],(#a1.#d2.#a2.g.#a.#d1)[L],#d[L],(#a1.#d2.#a2.#D-2.#D-1)[L],(#a1.#d2.#a2.#d)[L],(#a1.#d2.#a2.g.#a.#d1)[L],(#a1.#d2.#a2.#d)[L],(c2.#d2.c3.#D-1)[L],(#a1.#d2.#a2.#d)[L],(g1.#d2.g2.g.#a.#d1)[L],#d[L],(#a1.#d2.#a2.C-2.C-1)[L],c[L],(#a1.#d2.#a2.#d.g.c1)[L],c[L],(#a1.#d2.#a2.C-1)[L],(#a1.#d2.#a2.c)[L],(#a1.#d2.#a2.#d.g.c1)[L],c[L],(#a1.#d2.#a2.C-2.C-1)[L],(#a1.#d2.#a2.c)[L],(#a1.#d2.#a2.#d.g.c1)[L],(#a1.#d2.#a2.c)[L],(c2.#d2.c3.C-1)[L],(#a1.#d2.#a2.c)[L],(g1.#d2.g2.#d.g.c1)[L],c[L],(B-3.B-2)[L],(#d2.#a2.#d3.B-1)[L],(#d2.#a2.#d3.#d.#f.b)[L],(#a1.#d2.#a2.B-1)[L],(#a1.#d2.#a2.B-2)[L],B-1[L],(#d.#f.b)[L],(#d2.#a2.#d3.B-1)[L],(#d2.#a2.#d3.#C-2.#C-1)[L],(#a1.#c2.#a2.#c)[L],(#a1.#c2.#a2.f.#g.#c1)[L],(#d2.#a2.#d3.#c)[L],(f2.#a2.f3.#C-1)[L],(#d2.#a2.#d3.#c)[L],(#a1.#d2.#a2.f.#g.#c1)[L],#c[L],(#D-2.#D-1)[L],(#a1.#d2.#a2.#d)[L],(g1.#d2.g2.g.#a.#d1)[L],5<(#a1.#d2.#a2.#d)[M],(#d2.#a2.#d3)[M]>,#D-1[L],#d[L],(#a1.#d2.#a2.g.#a.#d1)[L],(#a1.#d2.#a2.#d)[L],(#c2.#g2.#c3.#C-2.#C-1)[L],(#c2.#g2.#c3.#c)[L],(#c2.#g2.#c3.f.#g.#c1)[L],(#c2.#g2.#c3.#c)[L],(#c2.#g2.#c3.#C-1)[L],#c[L],(#a1.#c2.#a2.f.#g.#c1)[L],(#g1.#c2.#g2.#c)[L],(g1.#a1.g2.#D-2.#D-1)[K],(c2.#d2.#a2.#d.#g.c1)[L],(c2.#d2.#g2.#G-1)[L],(c2.#d2.c3.#G-2.#G-1)[L],#G-1[L],(#g1.c2.#d2.#d.#g.c1)[L],#G-1[L],(c2.#d2.c3.#G-2)[L],(c2.#d2.c3.#G-1)[L],(c2.#d2.c3.#d.#g.c1)[L],(c2.#d2.#a2.#G-1)[L],(c2.g2.#a2.C-1.c)[L],(c2.g2.#a2.c)[L],(c2.g2.#a2.g.c1.#d1)[L],(c2.g2.#a2.c)[L],(c2.g2.#a2.C-1)[L],(c2.g2.#a2.c)[L],(c2.g2.#a2.g.c1.#d1)[L],(c2.#g2.c)[L],(c2.#d2.c3.C-1.c)[L],c[L],(g1.c2.#d2.g.c1.#d1)[L],c[L],C-1[L],(c2.#d2.#a2.c)[L],(c2.#d2.#a2.g.c1.#d1)[L],(c2.#d2.#a2.c)[L],(f2.#g2.c3.F-2.F-1)[L],F-1[L],(c2.f2.#g2.c.f.#g)[L],F-1[L],(#g1.c2.f2.F-2)[L],F-1[L],(#g1.c2.#d2.c.f.#g)[L],F-1[L],(f2.#g2.c3.F-2.F-1)[L],(f2.#g2.c3.F-1)[L],(c.f.#g)[L],(f2.#g2.c3.F-1)[L],F-2[L],(#g1.c2.#d2.F-1)[L],(#g1.c2.#d2.c.f.#g)[L],(#g1.c2.#d2.F-1)[L],(#g1.b1.e2.#C-2.#C-1)[L],#C-1[L],(#g1.b1.e2.#G-1.#c.e)[L],#C-1[L],(b1.e2.#g2.#C-2)[L],#C-1[L],(b1.e2.#g2.#G-1.#c.e)[L],#C-1[L],(b1.e2.#a2.#C-2.#C-1)[L],#C-1[L],(b1.e2.#a2.#G-1.#c.e)[L],#C-1[L],(#d2.c3.#C-2)[L],(#d2.c3.#C-1)[L],(#d2.c3.#G-1.#c.e)[L],(#d2.c3.#C-1)[L],(c2.#d2.#a2.#G-2.#G-1)[L],(c2.#d2.#a2.#G-1)[L],(c2.#d2.#a2.#d.#g.c1)[L],(c2.#d2.#a2.#G-1)[L],(c2.#d2.#a2.#G-2)[L],(c2.#d2.#a2.#G-1)[L],(c2.#d2.#a2.#d.#g.c1)[L],(c2.#d2.#g2.#G-1)[L],(c2.#d2.c3.#G-2.#G-1)[L],#G-1[L],(#g1.c2.#d2.#d.#g.c1)[L],#G-1[L],(c2.#d2.c3.#G-2)[L],(c2.#d2.c3.#G-1)[L],(c2.#d2.c3.#d.#g.c1)[L],(c2.#d2.#a2.#G-1)[L],(c2.g2.#a2.C-1.c)[L],(c2.g2.#a2.c)[L],(c2.g2.#a2.g.c1.#d1)[L],(c2.g2.#a2.c)[L],(c2.g2.#a2.C-1)[L],(c2.g2.#a2.c)[L],(c2.g2.#a2.g.c1.#d1)[L],(c2.#g2.c)[L],(c2.#d2.c3.C-1.c)[L],c[L],(g1.c2.#d2.g.c1.#d1)[L],c[L],C-1[L],(c2.#d2.#a2.c)[L],(c2.#d2.#a2.g.c1.#d1)[L],(c2.#d2.#a2.c)[L],(f2.#g2.c3.F-2.F-1)[L],F-1[L],(c2.f2.#g2.c.f.#g)[L],F-1[L],(#g1.c2.f2.F-2)[L],F-1[L],(#g1.c2.#d2.c.f.#g)[L],F-1[L],(f2.#g2.c3.F-2.F-1)[L],(f2.#g2.c3.F-1)[L],(c.f.#g)[L],(f2.#g2.c3.F-1)[L],F-2[L],(#g1.c2.#d2.F-1)[L],(#g1.c2.#d2.c.f.#g)[L],(#g1.c2.#d2.F-1)[L],(#g1.b1.e2.#C-2.#C-1)[L],#C-1[L],(#g1.b1.e2.#G-1.#c.e)[L],#C-1[L],(b1.e2.#g2.#C-2)[L],#C-1[L],(b1.e2.#g2.#G-1.#c.e)[L],#C-1[L],(b1.e2.#a2.#C-2.#C-1)[L],#C-1[L],(b1.e2.#a2.#G-1.#c.e)[L],#C-1[L],(b1.e2.#a2.#C-2)[L],#C-1[L],(b1.e2.#g2.#G-1.#c.e)[L],#C-1[L],5<(c3.g3.a1.c2.g2)[M],(g2.a2)[M]>,5<(c2.g2)[M],(g1.a1)[M]>,5<(F-1.c)[M],(g1.a1)[M]>,5<(c2.g2)[M],(g2.a2)[M]>,5<(c3.g3)[M],(a1.c2.f2)[M]>,5<(c2.f2.c3)[M],(f1.a1.d2)[M]>,5<(g2.c3.g3)[M],(a1.c2.f2)[M]>,5<(c2.f2.c3)[M],(f1.a1.d2)[M]>,5<(c3.g3.a1.c2.g2)[M],(g2.a2)[M]>,5<(c2.g2)[M],(g1.a1)[M]>,5<(D-1.A-1)[M],(g1.a1)[M]>,5<(c2.g2)[M],(g2.a2)[M]>,5<(c3.g3)[M],(a1.c2.f2)[M]>,5<(c2.f2.c3)[M],(f1.a1.d2)[M]>,5<(g2.c3.g3)[M],(a1.c2.f2)[M]>,5<(c2.f2.c3)[M],(f1.a1.d2)[M]>,5<(#a2.d3.g3.#a1.d2.g2)[M],f2[M]>,5<(d2.#A-1.#a)[M],f2[M]>,5<(#a2.d3.g3.#a1.d2.g2)[M],f2[M]>,5<(c3.e3.a3.f1.c2.e2)[M],g2[M]>,5<(#a2.d3.g3.#a1.d2.g2)[M],f2[M]>,5<(d2.#A-1.#a)[M],f2[M]>,5<(#a2.d3.g3.#a1.d2.g2)[M],f2[M]>,5<(c3.e3.a3.f1.c2.e2)[M],g2[M]>,5<(#a2.d3.g3.#a1.d2.g2)[M],f2[M]>,5<(d2.#A-1.#a)[M],f2[M]>,5<(#a2.d3.g3.#a1.d2.g2)[M],f2[M]>,5<(c3.e3.a3.f1.c2.e2)[M],g2[M]>,5<(g2.#a2.d3.g3)[M],(f1.#a1.d2.f2)[M]>,5<(a2.c3.e3.a3)[M],(c2.e2.g2)[M]>,5<(g2.#a2.d3.g3)[M],(f1.#a1.d2.f2)[M]>,5<(a2.c3.e3.a3)[M],(c2.e2.g2)[M]>,5<(g2.#a2.d3.g3)[M],(f1.#a1.d2.f2)[M]>,5<(a2.c3.e3.a3)[M],(c2.e2.g2)[M]>,5<(g2.#a2.d3.g3)[M],(f1.#a1.d2.f2)[M]>,5<(a2.c3.e3.a3)[M],(c2.e2.g2)[M]>,5<(g2.#a2.d3.g3)[M],(f1.#a1.d2.f2)[M]>,5<(a2.c3.e3.a3)[M],(c2.e2.g2)[M]>,5<(g2.#a2.d3.g3)[M],(f1.#a1.d2.f2)[M]>,5<(a2.c3.e3.a3)[M],(c2.e2.g2)[M]>,5<(e3.#g3.b3)[M],b2[M]>,5<(e2.#g2.b2)[M],b1[M]>,5<(e1.#g1.b1)[M],b[M]>,5<(e.#g.b)[M],B-1[M]>,5<(E-2.E-1)[M],B-1[M]>,5<(e.#g.b.B-2.B-1)[M],b[M]>,5<(e1.#g1.b1.E-1.e)[M],b1[M]>,5<(e2.#g2.b2.#G-1.#g)[M],b2[M]>,5<(e3.#g3.b3.B-2.B-1)[M],b2[M]>,5<(e2.#g2.b2.E-1.e)[M],b1[M]>,5<(b1.#G-1.#g)[M],(e2.#g2.b2)[M]>,5<(b2.B-1.b)[M],(e3.#g3.b3)[M]>,5<(e3.#g3.b3.E-1.e)[M],b2[M]>,5<(e2.#g2.b2.B-1.b)[M],b1[M]>,5<(b1.e.e1)[M],(e2.#g2.b2)[M]>,5<(b2.#g.#g1)[M],(e3.#g3.b3)[M]>,5<(e3.#g3.b3.B-1.b)[M],b2[M]>,5<(e2.#g2.b2.e.e1)[M],b1[M]>,5<(b1.#g.#g1)[M],(e2.#g2.b2)[M]>,5<(b2.b.b1)[M],(e3.#g3.b3)[M]>,5<(e3.#g3.b3.e.e1)[M],b2[M]>,5<(#g2.b2.b.b1)[M],b2[M]>,5<(e3.#g3.b3.e1.e2)[M],b2[M]>,5<(#g2.b2.b1)[M],b2[M]>,(e3.#g3.b3.e2.#g2)[K],5<(c1.#g1.c2)[M],(B-1.e.b)[M]>,5<(#g.e1.#g1)[M],(B-1.e.b)[M]>,6<(#g.b.e1.#g1.e2.#g2)[LMN],e[N]>,(E-2.E-1)[K],5<(b1.b2)[M],g2[M]>,5<e2[M],b1[M]>,5<e2[M],g2[M]>,5<b2[M],b1[M]>;5<a2[M],b1[M]>,5<b2[M],b1[M]>,5<d3[M],b2[M]>,5<#f2[M],d2[M]>;5<#f2[M],b2[M]>,5<(d2.d3)[M],b2[M]>,5<#f2[M],(c2.c3)[M]>,5<d2[M],#f2[M]>;5<b2[M],g2[M]>,5<e2[M],b1[M]>,5<e2[M],g2[M]>,5<b2[M],g2[M]>;5<e2[M],b1[M]>,5<e2[M],g2[M]>,5<b2[M],g2[M]>,5<e2[M],b1[M]>;5<e2[M],g2[M]>,5<b2[M],g2[M]>,5<e2[M],b1[M]>,5<e2[M],g2[M]>,b2[L],b2[L],a2[L],b2[L],d3[L],d3[L],c3[L],b2[L],E-2[IJ],g1[K],c2[K],d2[K],(#d2.c)[KO],g[K],#d1[K],d2[K],(#d2.F-1)[K],c[K],#g[J],(#d2.#A-1)[KO],(f2.f)[K],(d2.d1)[K],c2[K],(d2.#D-1)[K],#A-1[K],g[K],d1[K];"]},{"id":6,"baseBeats":0.25,"scores":["(G-1.g2)[M],B-1[M],(d.#f2)[M],#f[M],(a.d2)[M],#f[M],(d.a1)[M],(B-1.b1)[M],G-1[M],B-1[M],d[M],#f[M],a[L],a1[L],(A-1.e1)[M],#c[M],a[M],b[M],#c1[M],b[M],a[M],e[M],A-1[M],#c[M],e[M],a[M],#c1[M],e1[M],a1[M],#c2[K],5<W,#f1[O],b1[O]>,(B-1.d2)[M],d[M],#f[M],(a.#c2)[M],(#c1.a1)[L],(e2.e1)[M],(#f2.#f1)[M],B-1[M],(d.d2.d1)[M],#f[M],a[M],#c1[L],b1[M],#c2[M],(G-1.d2)[M],B-1[M],(d.#c2)[M],(g.d2)[M],a[M],#f2[LM],(e.#c.A-1.#c2)[KL],B-1[M],5<(d1.d3)[N],(e1.e3)[N]>,(A-1.#c1.a.#f)[L],G-1[M],5<(a2.a1)[N],#f1[N]>,(D-1.a1.e1.#c1.a)[K],(E-1.b.g.e)[L],(#F-1.a1)[M],b1[M],(G-1.#f1.d1.a)[M],d2[M],(B-1.#f2)[M],5<(d1.b2)[N],(e1.a2)[N]>,(a.#f.A-1.#c2)[L],G-1[M],5<(a1.d2)[N],(#f1.#c2)[N]>,(D-1.a1.e1.#c1.a)[K],(E-1.b.g)[M],d2[M],(#F-1.b1)[M],a1[M],(#f.d.G-1.d2)[M],e2[M],(B-1.#f2)[M],5<(d1.a2)[N],(e1.#f2)[N]>,(#c.A-1.#c2.a1.#f1)[L],G-1[M],5<(#f1.d2)[N],(a1.#c2)[N]>,(D-1.e1.#c1.a)[K],(E-1.b.g.e)[L],a1[L],(G-1.#f1.d1.a)[L],B-1[M],d1[M],(A-1.#c1.a.#f)[L],e1[L],(d.D-1.e1.#c1.a)[K],(E-1.a1.b.g)[L],(#F-1.d2)[L],(G-1.e2.d1.a)[L],(B-1.b1)[M],a1[M],(A-1.#f1.a.#f)[L],G-1[L],(D-1.e1.#c1.a)[J];"]}]}