{"baseBpm":90,"musics":[{"id":1,"baseBeats":0.25,"scores":["#d1[L],#a1[L],#d2[L],#d2[M],f2[M],(b.#f2)[L],#f1[L],b1[L],#d2[M],f2[M],(#c1.#f2)[L],#g1[L],#c2[L],f2[M],#d2[M],(#a.f2)[L],f1[L],#a1[M],#a1[M],#f2[M],f2[M],(#d1.#d2)[L],#a1[L],#d2[M],#d2[M],f2[M],#d2[M],(b.b2)[L],#f1[L],b1[L],#a2[M],#g2[M],(#f1.#a2)[L],#c2[L],#f2[L],#g2[M],#f2[M],(#c1.#g2)[L],#g1[L],#c2[L],#a2[L],(#g1.b2)[L],#d2[L],#g2[L],#a2[M],#g2[M],(e1.e3)[L],b1[L],e2[L],#d3[M],#c3[M],(b1.#d3)[L],#f2[L],b2[L],#c3[M],b2[M],(#f1.#c3)[L],#c2[L],(#f2.b2)[L],#a2[L],(g1.#a2)[L],b2[L],#g2[L],b1[L],e2[L],e2[L],b2[L],e3[L],(#f1.#c2.#c3)[L],#c2[L],#f2[L],#f2[L],#c3[L],#f3[L],#c3[L],#f2[L],(#d.#d1)[L],#a[L],#d1[L],#d1[M],f1[M],(B-1.#f1)[L],#f[L],b[L],#d1[M],f1[M],(#c.#f1)[L],#g[L],#c1[L],f1[M],#d1[M],(#A-1.f1)[L],f[L],#a[M],#a[M],#f1[M],f1[M],(#d.#d1)[L],#a[L],#d1[M],#d1[M],f1[M],#d1[M],(B-1.b1)[L],#f[L],b[L],#a1[M],#g1[M],(#f.#a1)[L],#c1[L],#f1[L],#g1[M],#f1[M],(#c.#g1)[L],#g[L],#c1[L],#a1[L],(#g.b1)[L],#d1[L],#g1[L],#a1[M],#g1[M],(e.e2)[L],b[L],e1[L],#d2[M],#c2[M],(b.#d2)[L],#f1[L],b1[L],#c2[M],b1[M],(#f.#c2)[L],#c1[L],(#f1.b1)[L],#a1[L],(e.#a1)[L],b1[L],#g1[L],b[L],e1[L],e1[L],b1[L],e2[L],(#f.#c2)[L],#c1[L],#f1[L],#f1[L],#c2[L],#f2[L],#c2[L],#f1[L];(#G-1.#g1)[L],#d[M],#a1[M],#g[L],b[M],b1[M],#d1[L],#f1[M],#f2[M],(#g1.#f2)[L],#g2[L],(#D-1.#g2)[L],#A-1[M],#f2[M],(#d.#f2)[L],#f[L],#a[L],#d1[L],(#a.e2)[L],(#f.#d2)[L],(E-1.#d2)[L],B-1[M],e2[M],(e.#c2)[L],#g[L],b[L],e1[L],(b.b1)[L],(#g.#a1)[L],(#G-1.#a1)[L],(#d.b1)[L],(#g.#g1)[L],b[L],#d1[L],#g1[L],(#d1.b1)[M],#a1[M],(b.#g1)[M],#a1[M],(#G-1.#g1)[L],#d[M],#a1[M],#g[L],b[M],b1[M],#d1[L],#f1[M],#f2[M],(#g1.#f2)[L],#g2[L],(#D-1.#g2)[L],#A-1[M],#f2[M],(#d.#f2)[L],#f[L],#a[L],#d1[L],(#a.e2)[L],(#f.#d2)[L],(E-1.#d2)[L],B-1[M],e2[M],(e.#c2)[L],#g[L],b[L],e1[L],(b.b1)[L],(#g.#a1)[L],(#G-1.#a1)[L],(#d.b1)[L],(#g.#g1)[L],b[L],#d1[L];"]},{"id":2,"baseBeats":0.25,"scores":["5<g[N],#a[N]>,5<g[N],#a[N]>,5<g[N],#a[N]>,5<g[N],#a[N]>,ST,TU,5<c1[N],c2[N]>,5<d1[N],d2[N]>,5<e1[N],e2[N]>,5<f1[N],f2[N]>,5<g1[N],g2[N]>,5<a1[N],a2[N]>,U,U,U,5<b1[N],b2[N]>,U,U,U,5<c2[N],c3[N]>,U,(c2.c3.c4)[IL];","g2[M],f2[M],(b1.g1)[M],f2[M],g2[M],f2[M],(#a1.#a)[M],f2[M],g2[M],#a2[M],(a2.f1)[M],g2[M],f2[M],c2[M],(c3.f1)[M],f2[M],g2[M],f2[M],(b1.g1)[M],f2[M],g2[M],f2[M],(#a1.#a)[M],f2[M],g2[M],#a2[M],(a2.f1)[M],g2[M],f2[M],c2[M],c3[M],f2[M],g2[M],f2[M],b1[M],f2[M],g2[M],f2[M],#a1[M],f2[M],g2[M],#a2[M],a2[M],g2[M],f2[M],c2[M],c3[M],f2[M],g2[M],f2[M],b1[M],f2[M],g2[M],f2[M],#a1[M],f2[M],g2[M],#a2[M],a2[M],g2[M],f2[JK];"]},{"id":3,"baseBeats":0.25,"scores":["(d1~#f1~b1~d2~#c2~b1~#a1)[KM],b1[J];(d1@#f1@b1)[LM],#c2[LM],d2[LM],e2[LM];#f2[LM],d2[LM],#f2[LM],d2[LM];#f2[JL],(mute~e1~#f1)[L];d2[LM],#f1[M],#c2[LM],#f1[M];(d1.b1)[K],b1[M],b1[M],b1[M],b1[L],b1[M],b1[M],#c2[M],d2[M],#c2[M],b1[K];V,d1[M],b1[M],b1[M],b1[M],(d1.b1)[LM];b1[M],#c2[M],d2[M],#c2[M],b1[M],a1[M];(#f1.a1)[LM],a1[M],a1[M],a1[M],d2[M],d2[M];e2[M],#f2[M],e2[M],d2[M],e2[M],d2[M],#c2[M],b1[M];b1[M],5<#c2[N],b1[N]>,(e1.a1)[K],a1[M],5<b1[N],#c2[N]>;(a1.#c2)[M],e2[LM],a1[L],b1[M],a1[M];#f1[K],VW,d2[MN],d2[MN],d2[MN],b1[MN],a1[MN],#f2[LM],e2[M];(b1.e2)[K],V,e2[MN],#f2[MN],e2[M],d2[M],b1[L],#f2[L],d2[M],d2[M];(b1@a1)[L],U,e2[M],e2[M],e2[M],#f2[M],e2[M],d2[M],b1[M],a1[M],b1[L],d2[M],b2[L];#f2[L],V,#f2[L],g2[M],#f2[M],e2[M],d2[M],e2[LM],d2[LM];","QRSV;B-1[L],(#f.b)[K],(#f.b)[L];B-1[L],(#f.b)[K],(#f.b)[L],(G-1.g)[L];(d.g)[K],(d.g)[L],G-1[L];(d.g)[K],(d.g)[L];d[L],(a.d1)[K],(a.d1)[L];d[L],(a.d1)[K],(a.d1)[L];A-1[L],(e.a)[K],(e.a)[L];A-1[K],#c1[K];U,(#f.d1)[M],UVW,(#f.d1)[M],UVW,(#f.d1)[M],UV,(#f.d1)[M],UV,(b.d1)[M],UV,(b.d1)[M],UV,(b.d1)[M],UV,(b.d1)[M],UV,(a.#f1)[M],UV,(a.#f1)[M],UV,(a.#f1)[M],UV,(a.#f1)[M],UV,(#c1.e1)[M],UV,(#c1.e1)[M],UV,(#c1.e1)[M],UV,(#c1.e1)[M],V;","Q;Q;QRSV;b[IM];g[I];d1[I];a[I];"]},{"id":4,"baseBeats":0.25,"scores":["g[L],f[L],g[L],(#g.a)[L],g1[J],g4[K],g[L],f[L],g[L],(#g.a)[L],g1[J],g4[K],g[L],f[L],g[L],(#g.a)[L],g1[J],g4[K],g[L],f[L],g[L],(#g.a)[L],g1[J],g4[K],G-2[L],A-3[L],G-2[L],A-3[L],G-2[L],A-3[L],G-2[L],A-3[L],G-2[L],A-3[L],G-2[L],A-3[L],G-2[L],A-3[L],G-2[L],A-3[L],g2[J],c2[I],(c.e1)[J];"]},{"id":5,"baseBeats":0.25,"scores":["(D-1.d1.#f1.a1)[L],(A-1)[M],(d)[M],(d1.#f1.a1)[M],(d)[M],(A-1)[M],(d)[M],(a)[M],(d)[M],(D-1.d1)[L],(G-2.b1)[L],(G-1)[M],(d)[M],(d1)[M],(g)[M],(b)[M],(g)[M],(d)[M],D-1[M],(b1)[L],8<(C-1.c1~e1~g1)[M]>,(c.c1)[M],(e)[M],(g1)[M],(c2)[M],(c1)[M],(d1)[M],(c1)[M],(d1.b1)[M],(g)[M],(c2)[L],7<(G-1.d1~g1~b1~d2)[L]>,(d)[M],(g)[M],(d1.g1)[M],(b)[M],(d1)[M],(g)[M],(d1.g1)[M],(b)[M],(d1.d2)[L],8<(#F-1.e.#f1.#a1~d1.d2)[M]>,(#c)[M],(#c1.#c2)[M],(#a)[M],(#c1.#c2.e1.#a1)[M],(#a)[M],(e)[M],(#f)[M],(d1.#a.d2)[M],(#f)[M],(#F-1.e1.e2)[L],8<(B-1.e1~#f1~a1)[M]>,(#f.e2)[M],(a)[M],5<(#f2)[N],(e2)[N]>,(a1.d2)[M],(d1)[M],(a)[M],(d1)[M],(d1.#f1.a1.d2)[M],(a)[M],(e1.e2)[M],(B-1)[M],8<(B-2.f1~a1~d2)[M]>,(f2)[M],(B-1)[M],(f)[M],(e1.f1.a1.e2)[M],(f)[M],(a)[M],(e1)[M],(d1.d2)[M],(a1)[M],(e1)[M],(d1)[M],(E-1.e1.#g.c2)[M],(B-1)[M],(e1)[L],(#g1.b1)[M],(#g)[M],(B-1)[M],(e)[M],(#g.c2)[M],(e)[M],(E-1.d1.e1.#g.d2)[M],(E-2)[M],(A-3.A-2.e1.g1.b1.e2)[LP];"]}]}