{"baseBpm":180,"musics":[{"id":1,"baseBeats":0.25,"scores":["(E-1.b.g)[L],#F-1[L],(G-1.d1.a)[L],B-1[L],(A-1.a.#f)[L],G-1[L],(D-1.#c1.a)[K],(E-1.b.g)[L],#F-1[L],(G-1.#f1.d1)[L],B-1[L],(A-1.#c1.a.#f)[L],G-1[L],(D-1.#c1.a)[K],(E-1.b.g.e)[L],#F-1[L],(G-1.#f1.d1.a)[L],B-1[L],(A-1.#c1.a.#f)[L],G-1[L],(D-1.e1.#c1.a)[K],(E-1.b.g)[L],(#F-1.a1)[M],b1[M],(G-1.#f1.d1.a)[L],B-1[M],5<d1[N],e1[N]>,(A-1.#c1.a.#f)[L],G-1[M],5<#f1[N],a1[N]>,(D-1.e1.#c1.a)[K],(E-1.b.g)[M],d2[M],(#F-1.b1)[M],a1[M],(G-1.#f1.d1.a)[L],B-1[M],5<d1[N],e1[N]>,(A-1.#c1.a.#f)[L],G-1[M],5<a1[N],#f1[N]>,(D-1.e1.#c1.a)[K],(E-1.b.g)[L],(#F-1.a1)[M],b1[M],(G-1.d2.#f1.d1)[L],B-1[M],5<#f2[N],e2[N]>,(A-1.#c2.#f1.#c1)[L],G-1[M],5<d2[N],#c2[N]>,(D-1.a1.e1.#c1)[K],(E-1.b.g)[L],(#F-1.b1)[M],a1[M],(G-1.#f1.d1.a)[L],B-1[M],5<d1[N],e1[N]>,(A-1.#c1.a.#f)[L],G-1[M],5<#f1[N],a1[N]>,(D-1.e1.#c1.a)[K],(E-1.b.g.e)[L],(#F-1.a1)[M],b1[M],(G-1.#f1.d1.a)[L],B-1[M],5<d1[N],e1[N]>,(A-1.#c1.a.#f)[L],G-1[M],5<#f1[N],a1[N]>,(D-1.e1.#c1.a)[K],(E-1.b.g.e)[L],(#F-1.a1)[M],b1[M],(G-1.d2.#f1.d1)[L],B-1[M],5<d1[N],e1[N]>,(A-1.#c2.#f1.#c1)[L],(G-1.#f2)[M],5<#f1[N],a1[N]>,(D-1.e1.#c1.a)[K],(B-1.B-2.#f1.d1.b)[LM],5<b1[N],a1[N]>,(e.E-1.e1.b.#g)[L],e1[M],d1[M],(A-1.A-2.#c1.a.e)[LM],5<d1[N],e1[N]>,(G-1.G-2.b.g)[K],(B-1.B-2.d2.#f1.d1)[LM],5<b1[N],a1[N]>,(e.E-1.b1.#g1.e1)[L],e1[M],e2[M],(A-1.A-2.#c2.e1.#c1)[L],d2[M],(#f2.a1)[M],(G-1.G-2.b1.d1.b)[J],(e.b1)[L],(#f.a2)[M],b2[M],(g.#f2)[L],b[M],5<d2[N],e2[N]>,(a.#c2)[L],g[M],5<#f2[N],a2[N]>,(d.e2)[K],(e.b1)[L],(#f.a2)[M],b2[M],(g.#f2)[L],b[M],5<d2[N],e2[N]>,(a.#c2)[L],g[M],5<#f2[N],a2[N]>,"]},{"id":2,"baseBeats":0.25,"scores":["(a1.a2)[IM],(A-2~A-2)[K],#C-1[M],E-1[M],#C-1[M],A-2[M],#C-1[M],(A-2~A-2~A-2)[KL],#C-1[M],E-1[M],#C-1[M],A-2[M],#C-1[M],(D-1~D-1)[K],#F-1[M],A-1[M],#F-1[M],D-1[M],#F-1[M],(D-1~D-1~D-1)[KL],#F-1[M],A-1[M],#F-1[M],D-1[M],#F-1[M],e1[M],e1[M],a1[L],e1[M],d2[L],#c2[L],a1[M],e1[L],a1[L],e1[M],d2[L],#c2[L],a1[LM],e2[L],d2[L],#c2[L],b1[M],a1[MN],e1[K],d1[L],#c1[L],d1[L],#c2[KL],e1[M],a1[L],e1[M],d2[L],#c2[L],a1[M],e1[L],a1[L],e1[M],d2[L],#c2[L],a1[LM],e2[L],d2[L],#c2[L],b1[M],a1[MN],e1[K],d1[L],#c1[L],d1[MO],#c2[KL],e1[MN],(#f1~#f1~#f1)[KL],a1[LM],(a1~a1~a1)[KL],(#g1~#g1)[KM],a1[KL],(a1~a1~a1)[KM],a1[K],(a1~a1~a1)[KN],d2[LM],#c2[LN],b1[KN],e1[M],a1[M],a1[LM],a1[LM],(a1~a1~a1)[KMN],(b1~b1)[LN],#c2[MN],a1[K],e1[M],(a1~a1~a1)[KMN],a1[K],(a1~a1~a1)[K],b1[M],b1[K],(e1.e2)[JLM],S,"]},{"id":3,"baseBeats":0.25,"scores":["6<V>,6<V>,6<V>,6<V>,6<V>,6<V>,6<V>,6<V>,6<V>,6<V>,6<V>,6<V>,6<V>,6<V>,6<V>,6<V>,6<V>,6<V>,6<V>,6<V>,6<V>,6<V>,6<V>,6<V>,6<V>,6<V>,6<V>,6<V>,6<V>,6<V>,6<V>,6<V>,6<V>,6<V>,6<V>,6<V>,6<V>,6<V>,6<V>,6<V>,6<V>,6<V>,6<V>,6<V>,6<V>,6<V>,6<V>,6<V>,6<V>,6<V>,6<V>,6<V>,6<V>,6<V>,6<V>,6<V>,6<V>,6<V>,6<V>,6<V>,6<V>,6<V>,6<V>,6<V>,6<V>,6<V>,6<V>,6<V>,6<V>,6<V>,6<V>,6<V>,6<V>,6<V>,6<V>,6<V>,6<V>,6<V>,6<V>,6<V>,6<V>,6<V>,6<V>,6<V>,6<V>,6<V>,6<V>,6<V>,6<V>,6<V>,6<V>,6<V>,6<V>,6<V>,6<V>,6<V>,6<V>,6<V>,6<V>,6<V>,6<V>,6<V>,6<V>,6<V>,6<V>,6<V>,6<V>,6<V>,6<V>,6<V>,6<V>,6<V>,6<V>,6<V>,6<V>,6<V>,6<V>,6<V>,6<V>,6<V>,6<V>,6<V>,6<V>,6<V>,6<V>,6<V>,6<V>,6<V>,6<V>,6<V>,6<V>,6<V>,6<V>,6<V>,6<V>,6<V>,6<V>,6<V>,6<V>,6<V>,6<V>,6<V>,6<V>,6<V>,6<V>,6<V>,6<V>,6<V>,6<V>,6<V>,6<V>,6<V>,6<V>,6<V>,6<V>,6<V>,6<V>,6<V>,6<V>,6<V>,6<V>,6<V>,6<V>,6<V>,6<V>,6<V>,6<V>,6<V>,6<V>,6<V>,6<V>,6<V>,6<V>,6<V>,6<V>,6<V>,6<V>,6<V>,6<V>,6<V>,6<V>,6<V>,6<V>,6<V>,6<V>,6<V>,6<V>,6<V>,6<V>,6<V>,6<V>,6<V>,6<V>,6<V>,6<V>,6<V>,6<V>,6<V>,6<V>,6<V>,6<V>,6<V>,6<V>,6<V>,6<V>,6<V>,3<(a1.c3)[M],g2[M],(g1.#d2)[M],g2[M],(#d1.c2)[M],g1[M],(a.#d2)[M],#f2[M],c2[M],#f1[M],#d1[M],c2[M],#f1[M],c1[M],#d1[M],#f1[M],c1[M],#f[M],G-1[M],e[M],b[M],g[M],(B-1.e1)[M],b[M],(e.g1)[M],e1[M],(g.b1)[M],g1[M],(b.e2)[M],b1[M],(e1.g2)[M],e2[M],(g1.b2)[M],g2[M],(b1.e3)[M],b2[M],(e2.g3)[M],e3[M],(b1.b3)[M],g3[M],(g1.e4)[M],b3[M],(#f1.c4)[M],e4[M],(e2.a3)[M],e3[M],(a1.c3)[M],e3[M],(#f1.a2)[M],e2[M],(e1.c2)[M],e2[M],(c1.a1)[M],e1[M],(#f.c2)[M],#d2[M],a1[M],#d1[M],c1[M],a1[M],#d1[M],a[M],c1[M],#d1[M],a[M],#d[M],E-1[M],c[M],g[M],e[M],(G-1.c1)[M],c1[M],(c.g1)[M],e1[M],(e.c2)[M],g1[M],(g.e1)[M],c1[M],(d.#a)[M],b[M],(f.#g1)[M],f1[M],(#g.b1)[M],b1[M],(f.#g2)[M],f2[M],(b.b2)[M],#g2[M],(#g.f2)[M],b1[M],(c.#g1)[M],a1[M],(e.e2)[M],c2[M],(a.a2)[M],a2[M],(e.c3)[M],a2[M],(c1.a3)[M],e3[M],(a.c3)[M],a2[M],(B-1.#f2)[M],g2[M],(d.d3)[M],b2[M],(g.g3)[M],g3[M],(d.d4)[M],b3[M],(b.g4)[M],d4[M],(g.b3)[M],g3[M],(A-1.e3)[M],f3[M],(c.a3)[M],c4[M],(f.e4)[M],f4[M],(a.b3)[M],c4[M],(c1.a3)[M],c4[M],(f1.#g3)[M],a3[M],(a1.f3)[M],a3[M],e3[M],f3[M],c3[M],f3[M],b2[M],c3[M],a2[M],c3[M],#g2[M],a2[M],#A-1[M],#c2[M],(#c.e2)[M],g2[M],(e.#a2)[M],#c3[M],(g.d3)[M],#d3[M],(#a.e3)[M],#c3[M],(#c1.#a2)[M],g2[M],(g1.e2)[M],#c2[M],#a1[M],g1[M],e1[M],#c1[M],#a[M],g[M],e[M],#d[M],#c[M],#A-1[M],B-1[M],#c1[M],(b.#f1.#d1)[M],#a[M],(b.#d2.b1)[M],#c1[M],(#d1.b1.#f1)[M],#c1[M],(b.#d2.#f2)[M],#a[M],(#g.b1.#f1)[M],#f[M],e[M],#f[M],(e.b1.g1)[M],#d[M],(e.g2.e2)[M],#f[M],(g.e2.b1)[M],#f[M],(e.g2.b2)[M],d[M],(c.e2.b1)[M],B-1[M],#A-1[M],B-1[M],(#A-1.#f2.#c2.e2)[M],#G-1[M],(#A-1.e2.#f2.#c3)[M],B-1[M],(#c.#f2.#a1.e2)[M],B-1[M],(#A-1.#c3.#f3)[M],#G-1[M],(#F-1.#a2.#c3)[M],E-1[M],(#D-1.#d3.#f3)[M],#F-1[M],(B-1.b2.#f2)[M],#d[M],(#f.#d3.b2)[M],#d[M],(b.#f2.#d2)[M],#f[M],(#d1.#f2.b2)[M],b[M],(#f1.#d2.b1)[M],#d1[M],b1[M],#c2[M],(b1.#d2.#f2)[M],#a1[M],(b1.#d3.b2)[M],#c2[M],(#d2.#f2.b2)[M],#c2[M],(b1.#d3.#f3)[M],#a1[M],(#g1.b2.#f2)[M],#f1[M],e1[M],#f1[M],(e1.g2.b2)[M],#d1[M],(e1.g3.e3)[M],#f1[M],(g1.e3.b2)[M],#f1[M],(e1.g3.b3)[M],d1[M],(c1.e3.b2)[M],b[M],#a[M],b[M],(#a.e3.#c3.#f3)[M],#g[M],(#a.#c4.#f3.e3)[M],b[M],(#c1.e3.#a2.#f3)[M],b[M],(#a.#f4.#c4)[M],#g[M],(#f.#c4.#a3)[M],e[M],(#d.#f4.#d4)[M],#f[M],(b.#f3.b3)[M],#d1[M],(#f1.b3.#d4)[M],#d1[M],(b1.#d3.#f3)[M],#f1[M],(#d2.b3.#f3)[M],b1[M],(#f2.b2.#d3)[M],#d2[M],g2[M],#f2[M],(g2.#a2.#c3)[M],e2[M],(#c2.e3.#a3)[M],#a1[M],(g1.#c4.#c3)[M],e1[M],(#c1.#d4.#d3)[M],#a[M],(g.e4.e3)[M],e[M],(#d.#d4.#f4)[M],#f[M],(b.#f3.b3)[M],#d1[M],(#f1.#d4.b3)[M],#d1[M],(b1.#f3.#d3)[M],#f1[M],(#d2.#c4.#a3)[M],b1[M],(#f2.g3.#c3)[M],#d2[M],(g2.#f4.#d4)[M],#f2[M],(g2.b3.#f3)[M],e2[M],(#c2.#d4.b3)[M],#a1[M],(g1.#f3.#d3)[M],e1[M],(#c1.#a3.#c4)[M],#a[M],(g.g3.#c3)[M],e[M],(#d.#f4.#d4)[M],#f[M],(b.b3.#f3)[M],#d1[M],(#f1.b3.#d4)[M],#d1[M],(b1.#d3.#f3)[M],#f1[M],(g1.#a3.#c4)[M],#c1[M],(#a.#c3.g3)[M],e[M],(#d.#d4.#f4)[M],#f[M],(b.#f3.b3)[M],#d1[M],(#f1.b3.#d4)[M],#d1[M],(b1.#d3.#f3)[M],#f1[M],(g1.#c4.#a3)[M],#c1[M],(#a.#c3.g3)[M],e[M],(#d.#d3.#f3)[M],#f[M],(b.b2.#f2)[M],#f1[M],(e.#c3.#a2)[M],#a[M],(#c1.g2.#c2)[M],g1[M],(#d.#d3.#f3)[M],#f[M],(b.#f2.b2)[M],#f1[M],(e.#a2.#c3)[M],#a[M],(#c1.g2.#c2)[M],g1[M],(#d.b2.#d3)[M],#f[M],(b.#f2.b2)[M],#f1[M],(e.#a2.#c3)[M],#a[M],(#c1.g2.#c2)[M],g1[M],(#d.#f4@a@b@#f1)[M],#g4[M],#f4[M],f4[M],(#f1.#f4.B-2.B-1)[M],#g4[M],a4[M],#g4[M],#f4[M],e4[M],#d4[M],#c4[M],(d3.#a3)[M],(#d3.b3)[M],(#f3.#d4)[M],(e3.#c4)[M],(#d3.b3)[M],(#c3.a3)[M],(b2.#g3)[M],(a2.#f3)[M],(#g2.e3)[M],(#f2.#d3)[M],(e2.#c3)[M],(#d2.b2)[M],(d2.#a2)[M],(#d2.b2)[M],(#f2.#d3)[M],(e2.#c3)[M],(#d2.b2)[M],(#c2.a2)[M],(b1.#g2)[M],(a1.#f2)[M],(#g1.e2)[M],(#f1.#d2)[M],(e1.#c2)[M],(#d1.b1)[M],(#c1.#a1)[M],(b.b1)[M],(a.c2)[M],(#g.#c2)[M],(#f.#d2)[M],(e.e2)[M],(#d.#f2)[M],(#c.#g2)[M],(B-1.a2)[M],(A-1.b2)[M],(#G-1.#c3)[M],(#F-1.#d3)[M],(B-1.E-1.e.#G-1.e3)[M],#f3[M],e3[M],#d3[M]>,(a1.a2.a3.a4.#a1.#a2.#a3.#a3)[K],8<(#d2~#d3~#d3)[M]>,6<(#d3~#d3~#d4)[M]>,V,8<(#d3~#d3~#d4)[M]>,6<(#c3~#c3~#c4)[M]>,V,8<(b2~b2~b3)[M]>,6<(b2~b2~b3)[M]>,V,8<(#a2~#a2~#a3)[M]>,6<(#g2~#g2~#g3)[M]>,V;8<(g2~g2~g3)[M]>,6<(#g2~#g2~#g3)[M]>,V,8<(#a2~#a2~#a3)[M]>,6<(#d2~#d2~#d3)[M]>,V,8<(#d2~#d2~#d3)[M]>,6<(e2~e2~e3)[M]>,V,8<(#d2~#d2~#d3)[M]>,(#d4~e4~#d4~e4~#d4~e4~#d4~e4~#d4~e4~#d4~e4~#d4~e4~#d4~e4~#d4~e4~#d4~e4~#d4~e4~#d4~e4~#d4~e4~#d4~e4~#d4~e4~#d4~e4~#d4~e4~#d4~e4~#d4~e4~#d4~e4~#d4~e4~#d4~e4~#d4~e4~#d4~e4~#d4~e4~#d4~e4~#d4~e4~#d4~e4~#d4~e4~#d4~e4~#d4~e4~#d4~e4~#d4~e4~#d4~e4~#d4~e4~#d4~e4)[III],(#d4~e4)[M],8<(#d4~e4)[M]>,(#d4~e4)[M],(#d4~e4)[M],6<(#d4~e4)[M]>,(#d4~e4)[M],(#d4~e4)[M],8<(#d4~e4)[M]>,(#d4~e4)[M],(#d4~e4)[M],6<(#d4~e4)[M]>,(#d4~e4)[M],(#d4~e4)[M],8<(#d4~e4)[M]>,(#d4~e4)[M],(#d4~e4)[M],(#d4~e4)[M],8<(#d4~e4)[M]>,(#d4~e4)[M],(#d4~e4)[M],6<(#d4~e4)[M]>,(#d4~e4)[M],(#d4~e4)[M],8<(#d4~e4)[M]>,(#d4~e4)[M],(#d4~e4)[M],6<(#d4~e4)[M]>,(#d4~e4)[M],(#d4~e4)[M],8<(#d4~e4)[M]>,(#d4~e4)[M],(#d4~e4)[M],(#d4~e4)[M],8<(#d4~e4)[M]>,(#d4~e4)[M],(#d4~e4)[M],6<(#d4~e4)[M]>,(#d4~e4)[M],(#d4~e4)[M],8<(#d4~e4)[M]>,(#d4~e4)[M],(#d4~e4)[M],6<(#d4~e4)[M]>,(#d4~e4)[M],(#d4~e4)[M],8<(#d4~e4)[M]>,(#d4~e4)[M],(#d4~e4)[M],(#d4~e4)[M],8<(#d4~e4)[M]>,(#d4~e4)[M],(#d4~e4)[M],6<(#d4~e4)[M]>,(#d4~e4)[M],(#d4~e4)[M],8<(#d4~e4)[M]>,(#d4~e4)[M],(#d4~e4)[M],6<(#d4~e4)[M]>,(#d4~e4)[M],(#d4~e4)[M],8<(#d4~e4)[M]>,8<(#d4~e4)[M]>,(#d4~e4)[M],6<#d4[N],e4[N]>,6<#d4[N],e4[N]>,6<#d4[N],e4[N]>,6<#d4[N],e4[N]>;6<#d4[N],e4[N]>,6<#d4[N],e4[N]>,6<#d4[N],e4[N]>,6<#d4[N],e4[N]>,6<#d4[N],e4[N]>,6<#d4[N],e4[N]>,6<#d4[N],e4[N]>,6<#d4[N],e4[N]>,6<#d4[N],e4[N]>,6<#d4[N],e4[N]>,6<#d4[N],e4[N]>,6<(#d4~e4~#d4~e4)[M]>,6<(#d4~e4~#d4~e4)[M]>,6<(#d4~e4~#d4~e4)[M]>,6<(#d4~e4~#d4~e4)[M]>,6<(#d4~e4~#d4~e4)[M]>,6<(#d4~e4~#d4~e4)[M]>,6<(#d4~e4~#d4~e4)[M]>,#d4[K],6<#c3[N],d3[N]>,6<#c3[N],b2[N]>,6<a2[N],b2[N]>,6<a2[N],#g2[N]>,6<#f2[N],a2[N]>,6<#g2[N],#f2[N]>;6<f2[N],#f2[N]>,6<#g2[N],f2[N]>,6<#c2[N],#d2[N]>,6<f2[N],#c2[N]>,6<#f2[N],f2[N]>,6<#f2[N],#g2[N]>,6<a2[N],#g2[N]>,6<a2[N],b2[N]>;6<#c3[N],c3[N]>,6<#c3[N],c3[N]>,6<#c3[N],d3[N]>,6<#c3[N],b2[N]>,6<a2[N],b2[N]>,6<a2[N],#g2[N]>,6<#f2[N],a2[N]>,6<#g2[N],#f2[N]>;6<e2[N],#f2[N]>,6<#g2[N],e2[N]>,6<#c2[N],#d2[N]>,6<e2[N],#c2[N]>,6<#d2[N],e2[N]>,6<#f2[N],#d2[N]>,6<c2[N],#c2[N]>,6<#d2[N],c2[N]>;#c2[L],3<#c3[N],d3[N],#c3[N],b2[N],a2[N],b2[N],a2[N],#g2[N],#f2[N],a2[N],#g2[N],#f2[N];f2[N],#f2[N],#g2[N],f2[N],#c2[N],#d2[N],f2[N],#c2[N],#f2[N],f2[N],#f2[N],#g2[N],a2[N],#g2[N],a2[N],b2[N];#c3[N],c3[N],#c3[N],c3[N],#c3[N],d3[N],#c3[N],b2[N],a2[N],b2[N],a2[N],#g2[N],#f2[N],a2[N],#g2[N],#f2[N];e2[N],#f2[N],#g2[N],e2[N],#c2[N],#d2[N],e2[N],#c2[N],#d2[N],e2[N],#f2[N],#d2[N],c2[N],#c2[N],#d2[N],c2[N]>,#c2[L]","e3[N],#d3[N],(E-1.e.e3)[N],#f3[N],#g3[N],#f3[N],e3[N],#d3[N],#c3[N],b2[N],(a.#f1.#c1.a2)[N],b2[N],a2[N],#g2[N],(e.E-1.a2)[N],b2[N],#c3[N],b2[N],a2[N],#g2[N],#f2[N],e2[N],(#f.a.#d1.#d2)[N],e2[N],#d2[N],#c2[N],(e.E-1.#d2)[N],e2[N],#f2[N],e2[N],#d2[N],#c2[N],b1[N],a1[N],(#g.e1.b.#g1)[N],b1[N],e2[N],b1[N],(e.E-1.#g2)[N],e2[N],b2[N],#g2[N],e3[N],b2[N],#g3[N],e3[N],(#d.b.#f.b3)[N],a3[N],#f3[N],#d3[N],(#d.b2)[N],#c3[N],(B-1.a2)[N],b2[N],(e.#g.b.#g2)[N],b2[N],e3[N],#g3[N],(#d.b.b3)[N],a3[N],#f3[N],#d3[N],(#d.b2)[N],#c3[N],(B-1.a2)[N],b2[N],(e.#g2)[N],b2[N],(#d.#c3)[N],#d3[N],(#c.e.e3)[N],#g3[N],#f3[N],f3[N],e3[N],#d3[N],#c3[N],b2[N],(#c.e.#F-1.#a.#a2)[N],#c3[N],#f2[N],e2[N],(#d.B-1.#f.b.#d2)[N],b2[N],a2[N],#f2[N],#d2[N],b1[N],a1[N],#f1[N],#d1[N],b[N],a[N],#f[N],(e1.#g.e.b.e2)[N],#f2[N],e2[N],#d2[N],(e.E-1.e2)[N],#f2[N],#g2[N],#f2[N],e2[N],#d2[N],#c2[N],b1[N],(#f1.#c1.a.a1)[N],b1[N],a1[N],#g1[N],(e.E-1.a1)[N],b1[N],#c2[N],b1[N],a1[N],#g1[N],#f1[N],e1[N],(b.a.#f.#d1)[N],e1[N],#d1[N],#c1[N],(e.E-1.#d1)[N],e1[N],#f1[N],e1[N],#d1[N],#c1[N],b[N],a[N],(B-1.e.#g)[N],b[N],e1[N],b[N],(E-1.#g1)[N],e1[N],b1[N],#g1[N],e2[N],b1[N],#g2[N],e2[N],(#f.b.#d.b2)[N],a2[N],#f2[N],#d2[N],(#d.b1)[N],#c2[N],(B-1.a1)[N],b1[N],(b.#g.e.#g1)[N],b1[N],e2[N],#g2[N],(b.#d.b2)[N],a2[N],#f2[N],#d2[N],(#d.b1)[N],#c2[N],(B-1.a1)[N],b1[N],(e.#g1)[N],b1[N],(#d.#c2)[N],#d2[N],(#g.e.#c.e2)[N],#g2[N],#f2[N],f2[N],e2[N],#d2[N],#c2[N],b1[N],(#g.#c1.e.#a1)[N],#c2[N],a1[N],#g1[N],(#c1.#a.#d.g1)[N],#a1[N],e1[N],#d1[N],d1[N],#c1[N],#a[N],g[N],e[N],#d[N],#c[N],#A-1[N],(#G-1.b)[N],#d1[N],(#d.f1)[N],g1[N],(b.#g1)[N],#a1[N],(#d1.b1)[N],#c2[N],(#g1.#d2)[N],f2[N],(b1.g2)[N],#g2[N],(#c1.e1.b2)[N],g2[N],b2[N],g2[N],e2[N],#c2[N],e2[N],#c2[N],(#d.#a1)[N],g1[N],#a1[N],g1[N],(#G-1.b)[N],#d1[N],(#d.f1)[N],g1[N],(b.#g1)[N],#a1[N],(#d1.b1)[N],#c2[N],(#g1.#d2)[N],f2[N],(b1.g2)[N],#g2[N],(#c1.e1.b2)[N],g2[N],b2[N],g2[N],e2[N],#c2[N],e2[N],#c2[N],(#d.#a1)[N],g1[N],#a1[N],g1[N],(#G-1.b)[N],#d1[N],(#d.f1)[N],g1[N],(b.#g1)[N],#a1[N],(#d1.b1)[N],#c2[N],(#g1.#d2)[N],f2[N],(b1.g2)[N],#g2[N],(#d2.#a2)[N],b2[N],(#g1.g2)[N],#g2[N],(b1.#a2)[N],b2[N],(#d2.#c3)[N],#d3[N],(#g2.f3)[N],g3[N],(b2.#g3)[N],#a3[N],(#d3.b3)[N],#g3[N],b3[N],#g3[N],#d3[N],b2[N],#d3[N],b2[N],#g2[N],#d2[N],#g2[N],#d2[N],b1[N],#g1[N],b1[N],#g1[N],#d1[N],b[N],#d1[N],b[N],#g[N],#d[N],#g[N],#d[N],(#F-1.#d1)[N],#f1[N],(#f.#g1)[N],#a1[N],(#d1.b1)[N],#c2[N],(#f1.#d2)[N],e2[N],(b1.#f2)[N],#g2[N],(#d2.#a2)[N],b2[N],(g1.e2.#a1.#d3)[N],#a2[N],#d3[N],#a2[N],g2[N],e2[N],g2[N],e2[N],(#f.#d2)[N],#a1[N],#d2[N],#a1[N],(#F-1.#d1)[N],#f1[N],(#f.#g1)[N],#a1[N],(#d1.b1)[N],#c2[N],(#f1.#d2)[N],e2[N],(b1.#f2)[N],#g2[N],(#d2.#a2)[N],b2[N],(e2.g1.#a1.#d3)[N],#a2[N],#d3[N],#a2[N],g2[N],e2[N],g2[N],e2[N],(#f.#d2)[N],#a1[N],#d2[N],#a1[N],(B-1.#d1)[N],#f1[N],(#f.#g1)[N],#a1[N],(#d1.b1)[N],#c2[N],(#f1.#d2)[N],e2[N],(b1.#f2)[N],#g2[N],(#d2.#a2)[N],b2[N],(#f2.#c3)[N],#d3[N],(b1.#a2)[N],b2[N],(#d2.#c3)[N],#d3[N],(#f2.e3)[N],#f3[N],(b2.#g3)[N],#a3[N],(#d3.b3)[N],#c4[N],(#f3.#d4)[N],b3[N],#d4[N],b3[N],#f3[N],#d3[N],#f3[N],#d3[N],b2[N],#f2[N],b2[N],#f2[N],#d2[N],b1[N],#d2[N],b1[N],#f1[N],#d1[N],#f1[N],#d1[N],b[N],#f[N],b[N],#f[N],B-1[N],g[N],d1[N],b[N],(d.g1)[N],d1[N],(g.b1)[N],g1[N],(b.d2)[N],b1[N],(d1.g2)[N],d2[N],(g1.b2)[N],g2[N],(b1.d3)[N],b2[N],(d2.g3)[N],d3[N],(g2.b3)[N],g3[N],(d2.d4)[N],b3[N],(b1.g4)[N],d4[N],(a1.#d4)[N],g4[N],(g2.c4)[N],g3[N],(c2.#d3)[N],g3[N],R,e4[P],#d4[P],d4[P],#c4[P],c4[P],b3[P],#a3[P],a3[P],#g3[P],g3[P],#f3[P],f3[P],e3[P],#d3[P],d3[P],#c3[P],c3[P],b2[P],#a2[P],a2[P],#g2[P],g2[P],#f2[P],f2[P],e2[P],#d2[P],d2[P],#c2[P],c2[P],b1[P],#a1[P],a1[P],#g1[P],g1[P],#f1[P],f1[P],e1[P],#d1[P],d1[P],#c1[P],c1[P],b[P],#a[P],a[P],#g[P],g[P],#f[P],f[P],e[P],#d[P],d[P],#c[P],c[P],B-1[P],#A-1[P],A-1[P],#G-1[P],G-1[P],#F-1[P],F-1[P],V,(c5.b4.#a4.a4.#g4.g4.#f4.f4.e4.#d4.d4.#c4.c4.b3.#a3.a3.#g3.g3.#f3.f3.e3.#d3.d3.#c3.c3.b2.#a2.a2.#g2.g2.#f2.f2.e2.#d2.d2.#c2.c2.b1.#a1.a1.#g1.g1.#f1.f1.e1.#d1.d1.#c1.c1.b.#a.a.#g.g.#f.f.e.#d.d.#c.c.B-1.#A-1.A-1.#G-1.G-1.#F-1.F-1.E-1.#D-1.D-1.#C-1.C-1.B-2.#A-2.A-2.#G-2.G-2.#F-2.F-2.E-2.#D-2.D-2.#C-2.C-2.B-3.#A-3.A-3)[K],V,F-1[P],#F-1[P],G-1[M],#G-1[P],A-1[P],#A-1[P],B-1[P],c[P],#c[P],d[P],#d[P],e[P],f[P],#f[P],g[P],#g[P],a[P],#a[P],b[P],c1[P],#c1[P],d1[P],#d1[P],e1[P],f1[P],#f1[P],g1[P],#g1[P],a1[P],#a1[P],b1[P],c2[P],#c2[P],d2[P],#d2[P],e2[P],f2[P],#f2[P],g2[P],#g2[P],a2[P],#a2[P],c3[P],#c3[P],d3[P],#d3[P],e3[P],#f3[P],g3[P],#g3[P],a3[P],#a3[P],T,e4[P],#d4[P],d4[P],#c4[P],c4[P],b3[P],#a3[P],a3[P],#g3[P],g3[P],#f3[P],f3[P],e3[P],#d3[P],d3[P],#c3[P],c3[P],b2[P],#a2[P],a2[P],#g2[P],g2[P],#f2[P],f2[P],e2[P],#d2[P],d2[P],#c2[P],c2[P],b1[P],#a1[P],a1[P],#g1[P],g1[P],#f1[P],f1[P],e1[P],#d1[P],d1[P],#c1[P],c1[P],b[P],#a[P],a[P],#g[P],g[P],#f[P],f[P],e[P],#d[P],d[P],#c[P],c[P],B-1[P],#A-1[P],A-1[P],#G-1[P],G-1[P],#F-1[P],F-1[P],V,(c5.b4.#a4.a4.#g4.g4.#f4.f4.e4.#d4.d4.#c4.c4.b3.#a3.a3.#g3.g3.#f3.f3.e3.#d3.d3.#c3.c3.b2.#a2.a2.#g2.g2.#f2.f2.e2.#d2.d2.#c2.c2.b1.#a1.a1.#g1.g1.#f1.f1.e1.#d1.d1.#c1.c1.b.#a.a.#g.g.#f.f.e.#d.d.#c.c.B-1.#A-1.A-1.#G-1.G-1.#F-1.F-1.E-1.#D-1.D-1.#C-1.C-1.B-2.#A-2.A-2.#G-2.G-2.#F-2.F-2.E-2.#D-2.D-2.#C-2.C-2.B-3.#A-3.A-3)[K],V,F-1[P],#F-1[P],G-1[M],#G-1[P],A-1[P],#A-1[P],B-1[P],c[P],#c[P],d[P],#d[P],e[P],f[P],#f[P],g[P],#g[P],a[P],#a[P],b[P],c1[P],#c1[P],d1[P],#d1[P],e1[P],f1[P],#f1[P],g1[P],#g1[P],a1[P],#a1[P],b1[P],c2[P],#c2[P],d2[P],#d2[P],e2[P],f2[P],#f2[P],g2[P],#g2[P],a2[P],#a2[P],c3[P],#c3[P],d3[P],#d3[P],e3[P],#f3[P],g3[P],#g3[P],a3[P],#a3[P],T,e4[P],#d4[P],d4[P],#c4[P],c4[P],b3[P],#a3[P],a3[P],#g3[P],g3[P],#f3[P],f3[P],e3[P],#d3[P],d3[P],#c3[P],c3[P],b2[P],#a2[P],a2[P],#g2[P],g2[P],#f2[P],f2[P],e2[P],#d2[P],d2[P],#c2[P],c2[P],b1[P],#a1[P],a1[P],#g1[P],g1[P],#f1[P],f1[P],e1[P],#d1[P],d1[P],#c1[P],c1[P],b[P],#a[P],a[P],#g[P],g[P],#f[P],f[P],e[P],#d[P],d[P],#c[P],c[P],B-1[P],#A-1[P],A-1[P],#G-1[P],G-1[P],#F-1[P],F-1[P],V,(c5.b4.#a4.a4.#g4.g4.#f4.f4.e4.#d4.d4.#c4.c4.b3.#a3.a3.#g3.g3.#f3.f3.e3.#d3.d3.#c3.c3.b2.#a2.a2.#g2.g2.#f2.f2.e2.#d2.d2.#c2.c2.b1.#a1.a1.#g1.g1.#f1.f1.e1.#d1.d1.#c1.c1.b.#a.a.#g.g.#f.f.e.#d.d.#c.c.B-1.#A-1.A-1.#G-1.G-1.#F-1.F-1.E-1.#D-1.D-1.#C-1.C-1.B-2.#A-2.A-2.#G-2.G-2.#F-2.F-2.E-2.#D-2.D-2.#C-2.C-2.B-3.#A-3.A-3)[K],V,F-1[P],#F-1[P],G-1[M],#G-1[P],A-1[P],#A-1[P],B-1[P],c[P],#c[P],d[P],#d[P],e[P],f[P],#f[P],g[P],#g[P],a[P],#a[P],b[P],c1[P],#c1[P],d1[P],#d1[P],e1[P],f1[P],#f1[P],g1[P],#g1[P],a1[P],#a1[P],b1[P],c2[P],#c2[P],d2[P],#d2[P],e2[P],f2[P],#f2[P],g2[P],#g2[P],a2[P],#a2[P],c3[P],#c3[P],d3[P],#d3[P],e3[P],#f3[P],g3[P],#g3[P],a3[P],#a3[P],R,R,e4[P],#d4[P],d4[P],#c4[P],c4[P],b3[P],#a3[P],a3[P],#g3[P],g3[P],#f3[P],f3[P],e3[P],#d3[P],d3[P],#c3[P],c3[P],b2[P],#a2[P],a2[P],#g2[P],g2[P],#f2[P],f2[P],e2[P],#d2[P],d2[P],#c2[P],c2[P],b1[P],#a1[P],a1[P],#g1[P],g1[P],#f1[P],f1[P],e1[P],#d1[P],d1[P],#c1[P],c1[P],b[P],#a[P],a[P],#g[P],g[P],#f[P],f[P],e[P],#d[P],d[P],#c[P],c[P],B-1[P],#A-1[P],A-1[P],#G-1[P],G-1[P],#F-1[P],F-1[P],V,(c5.b4.#a4.a4.#g4.g4.#f4.f4.e4.#d4.d4.#c4.c4.b3.#a3.a3.#g3.g3.#f3.f3.e3.#d3.d3.#c3.c3.b2.#a2.a2.#g2.g2.#f2.f2.e2.#d2.d2.#c2.c2.b1.#a1.a1.#g1.g1.#f1.f1.e1.#d1.d1.#c1.c1.b.#a.a.#g.g.#f.f.e.#d.d.#c.c.B-1.#A-1.A-1.#G-1.G-1.#F-1.F-1.E-1.#D-1.D-1.#C-1.C-1.B-2.#A-2.A-2.#G-2.G-2.#F-2.F-2.E-2.#D-2.D-2.#C-2.C-2.B-3.#A-3.A-3)[K],V,F-1[P],#F-1[P],G-1[M],#G-1[P],A-1[P],#A-1[P],B-1[P],c[P],#c[P],d[P],#d[P],e[P],f[P],#f[P],g[P],#g[P],a[P],#a[P],b[P],c1[P],#c1[P],d1[P],#d1[P],e1[P],f1[P],#f1[P],g1[P],#g1[P],a1[P],#a1[P],b1[P],c2[P],#c2[P],d2[P],#d2[P],e2[P],f2[P],#f2[P],g2[P],#g2[P],a2[P],#a2[P],c3[P],#c3[P],d3[P],#d3[P],e3[P],#f3[P],g3[P],#g3[P],a3[P],#a3[P],R,R,e4[P],#d4[P],d4[P],#c4[P],c4[P],b3[P],#a3[P],a3[P],#g3[P],g3[P],#f3[P],f3[P],e3[P],#d3[P],d3[P],#c3[P],c3[P],b2[P],#a2[P],a2[P],#g2[P],g2[P],#f2[P],f2[P],e2[P],#d2[P],d2[P],#c2[P],c2[P],b1[P],#a1[P],a1[P],#g1[P],g1[P],#f1[P],f1[P],e1[P],#d1[P],d1[P],#c1[P],c1[P],b[P],#a[P],a[P],#g[P],g[P],#f[P],f[P],e[P],#d[P],d[P],#c[P],c[P],B-1[P],#A-1[P],A-1[P],#G-1[P],G-1[P],#F-1[P],F-1[P],V,(c5.b4.#a4.a4.#g4.g4.#f4.f4.e4.#d4.d4.#c4.c4.b3.#a3.a3.#g3.g3.#f3.f3.e3.#d3.d3.#c3.c3.b2.#a2.a2.#g2.g2.#f2.f2.e2.#d2.d2.#c2.c2.b1.#a1.a1.#g1.g1.#f1.f1.e1.#d1.d1.#c1.c1.b.#a.a.#g.g.#f.f.e.#d.d.#c.c.B-1.#A-1.A-1.#G-1.G-1.#F-1.F-1.E-1.#D-1.D-1.#C-1.C-1.B-2.#A-2.A-2.#G-2.G-2.#F-2.F-2.E-2.#D-2.D-2.#C-2.C-2.B-3.#A-3.A-3)[K],V,F-1[P],#F-1[P],G-1[M],#G-1[P],A-1[P],#A-1[P],B-1[P],c[P],#c[P],d[P],#d[P],e[P],f[P],#f[P],g[P],#g[P],a[P],#a[P],b[P],c1[P],#c1[P],d1[P],#d1[P],e1[P],f1[P],#f1[P],g1[P],#g1[P],a1[P],#a1[P],b1[P],c2[P],#c2[P],d2[P],#d2[P],e2[P],f2[P],#f2[P],g2[P],#g2[P],a2[P],#a2[P],c3[P],#c3[P],d3[P],#d3[P],e3[P],#f3[P],g3[P],#g3[P],a3[P],#a3[P],T,e4[P],#d4[P],d4[P],#c4[P],c4[P],b3[P],#a3[P],a3[P],#g3[P],g3[P],#f3[P],f3[P],e3[P],#d3[P],d3[P],#c3[P],c3[P],b2[P],#a2[P],a2[P],#g2[P],g2[P],#f2[P],f2[P],e2[P],#d2[P],d2[P],#c2[P],c2[P],b1[P],#a1[P],a1[P],#g1[P],g1[P],#f1[P],f1[P],e1[P],#d1[P],d1[P],#c1[P],c1[P],b[P],#a[P],a[P],#g[P],g[P],#f[P],f[P],e[P],#d[P],d[P],#c[P],c[P],B-1[P],#A-1[P],A-1[P],#G-1[P],G-1[P],#F-1[P],F-1[P],V,(c5.b4.#a4.a4.#g4.g4.#f4.f4.e4.#d4.d4.#c4.c4.b3.#a3.a3.#g3.g3.#f3.f3.e3.#d3.d3.#c3.c3.b2.#a2.a2.#g2.g2.#f2.f2.e2.#d2.d2.#c2.c2.b1.#a1.a1.#g1.g1.#f1.f1.e1.#d1.d1.#c1.c1.b.#a.a.#g.g.#f.f.e.#d.d.#c.c.B-1.#A-1.A-1.#G-1.G-1.#F-1.F-1.E-1.#D-1.D-1.#C-1.C-1.B-2.#A-2.A-2.#G-2.G-2.#F-2.F-2.E-2.#D-2.D-2.#C-2.C-2.B-3.#A-3.A-3)[K],V,F-1[P],#F-1[P],G-1[M],#G-1[P],A-1[P],#A-1[P],B-1[P],c[P],#c[P],d[P],#d[P],e[P],f[P],#f[P],g[P],#g[P],a[P],#a[P],b[P],c1[P],#c1[P],d1[P],#d1[P],e1[P],f1[P],#f1[P],g1[P],#g1[P],a1[P],#a1[P],b1[P],c2[P],#c2[P],d2[P],#d2[P],e2[P],f2[P],#f2[P],g2[P],#g2[P],a2[P],#a2[P],c3[P],#c3[P],d3[P],#d3[P],e3[P],#f3[P],g3[P],#g3[P],a3[P],#a3[P],R,R,R,e4[P],#d4[P],d4[P],#c4[P],c4[P],b3[P],#a3[P],a3[P],#g3[P],g3[P],#f3[P],f3[P],e3[P],#d3[P],d3[P],#c3[P],c3[P],b2[P],#a2[P],a2[P],#g2[P],g2[P],#f2[P],f2[P],e2[P],#d2[P],d2[P],#c2[P],c2[P],b1[P],#a1[P],a1[P],#g1[P],g1[P],#f1[P],f1[P],e1[P],#d1[P],d1[P],#c1[P],c1[P],b[P],#a[P],a[P],#g[P],g[P],#f[P],f[P],e[P],#d[P],d[P],#c[P],c[P],B-1[P],#A-1[P],A-1[P],#G-1[P],G-1[P],#F-1[P],F-1[P],V,(c5.b4.#a4.a4.#g4.g4.#f4.f4.e4.#d4.d4.#c4.c4.b3.#a3.a3.#g3.g3.#f3.f3.e3.#d3.d3.#c3.c3.b2.#a2.a2.#g2.g2.#f2.f2.e2.#d2.d2.#c2.c2.b1.#a1.a1.#g1.g1.#f1.f1.e1.#d1.d1.#c1.c1.b.#a.a.#g.g.#f.f.e.#d.d.#c.c.B-1.#A-1.A-1.#G-1.G-1.#F-1.F-1.E-1.#D-1.D-1.#C-1.C-1.B-2.#A-2.A-2.#G-2.G-2.#F-2.F-2.E-2.#D-2.D-2.#C-2.C-2.B-3.#A-3.A-3)[K],V,F-1[P],#F-1[P],G-1[M],#G-1[P],A-1[P],#A-1[P],B-1[P],c[P],#c[P],d[P],#d[P],e[P],f[P],#f[P],g[P],#g[P],a[P],#a[P],b[P],c1[P],#c1[P],d1[P],#d1[P],e1[P],f1[P],#f1[P],g1[P],#g1[P],a1[P],#a1[P],b1[P],c2[P],#c2[P],d2[P],#d2[P],e2[P],f2[P],#f2[P],g2[P],#g2[P],a2[P],#a2[P],c3[P],#c3[P],d3[P],#d3[P],e3[P],#f3[P],g3[P],#g3[P],a3[P],#a3[P],T,e4[P],#d4[P],d4[P],#c4[P],c4[P],b3[P],#a3[P],a3[P],#g3[P],g3[P],#f3[P],f3[P],e3[P],#d3[P],d3[P],#c3[P],c3[P],b2[P],#a2[P],a2[P],#g2[P],g2[P],#f2[P],f2[P],e2[P],#d2[P],d2[P],#c2[P],c2[P],b1[P],#a1[P],a1[P],#g1[P],g1[P],#f1[P],f1[P],e1[P],#d1[P],d1[P],#c1[P],c1[P],b[P],#a[P],a[P],#g[P],g[P],#f[P],f[P],e[P],#d[P],d[P],#c[P],c[P],B-1[P],#A-1[P],A-1[P],#G-1[P],G-1[P],#F-1[P],F-1[P],V,(c5.b4.#a4.a4.#g4.g4.#f4.f4.e4.#d4.d4.#c4.c4.b3.#a3.a3.#g3.g3.#f3.f3.e3.#d3.d3.#c3.c3.b2.#a2.a2.#g2.g2.#f2.f2.e2.#d2.d2.#c2.c2.b1.#a1.a1.#g1.g1.#f1.f1.e1.#d1.d1.#c1.c1.b.#a.a.#g.g.#f.f.e.#d.d.#c.c.B-1.#A-1.A-1.#G-1.G-1.#F-1.F-1.E-1.#D-1.D-1.#C-1.C-1.B-2.#A-2.A-2.#G-2.G-2.#F-2.F-2.E-2.#D-2.D-2.#C-2.C-2.B-3.#A-3.A-3)[K],V,F-1[P],#F-1[P],G-1[M],#G-1[P],A-1[P],#A-1[P],B-1[P],c[P],#c[P],d[P],#d[P],e[P],f[P],#f[P],g[P],#g[P],a[P],#a[P],b[P],c1[P],#c1[P],d1[P],#d1[P],e1[P],f1[P],#f1[P],g1[P],#g1[P],a1[P],#a1[P],b1[P],c2[P],#c2[P],d2[P],#d2[P],e2[P],f2[P],#f2[P],g2[P],#g2[P],a2[P],#a2[P],c3[P],#c3[P],d3[P],#d3[P],e3[P],#f3[P],g3[P],#g3[P],a3[P],#a3[P],T,e4[P],#d4[P],d4[P],#c4[P],c4[P],b3[P],#a3[P],a3[P],#g3[P],g3[P],#f3[P],f3[P],e3[P],#d3[P],d3[P],#c3[P],c3[P],b2[P],#a2[P],a2[P],#g2[P],g2[P],#f2[P],f2[P],e2[P],#d2[P],d2[P],#c2[P],c2[P],b1[P],#a1[P],a1[P],#g1[P],g1[P],#f1[P],f1[P],e1[P],#d1[P],d1[P],#c1[P],c1[P],b[P],#a[P],a[P],#g[P],g[P],#f[P],f[P],e[P],#d[P],d[P],#c[P],c[P],B-1[P],#A-1[P],A-1[P],#G-1[P],G-1[P],#F-1[P],F-1[P],V,(c5.b4.#a4.a4.#g4.g4.#f4.f4.e4.#d4.d4.#c4.c4.b3.#a3.a3.#g3.g3.#f3.f3.e3.#d3.d3.#c3.c3.b2.#a2.a2.#g2.g2.#f2.f2.e2.#d2.d2.#c2.c2.b1.#a1.a1.#g1.g1.#f1.f1.e1.#d1.d1.#c1.c1.b.#a.a.#g.g.#f.f.e.#d.d.#c.c.B-1.#A-1.A-1.#G-1.G-1.#F-1.F-1.E-1.#D-1.D-1.#C-1.C-1.B-2.#A-2.A-2.#G-2.G-2.#F-2.F-2.E-2.#D-2.D-2.#C-2.C-2.B-3.#A-3.A-3)[K],V,F-1[P],#F-1[P],G-1[M],#G-1[P],A-1[P],#A-1[P],B-1[P],c[P],#c[P],d[P],#d[P],e[P],f[P],#f[P],g[P],#g[P],a[P],#a[P],b[P],c1[P],#c1[P],d1[P],#d1[P],e1[P],f1[P],#f1[P],g1[P],#g1[P],a1[P],#a1[P],b1[P],c2[P],#c2[P],d2[P],#d2[P],e2[P],f2[P],#f2[P],g2[P],#g2[P],a2[P],#a2[P],c3[P],#c3[P],d3[P],#d3[P],e3[P],#f3[P],g3[P],#g3[P],a3[P],#a3[P],R,R,e4[P],#d4[P],d4[P],#c4[P],c4[P],b3[P],#a3[P],a3[P],#g3[P],g3[P],#f3[P],f3[P],e3[P],#d3[P],d3[P],#c3[P],c3[P],b2[P],#a2[P],a2[P],#g2[P],g2[P],#f2[P],f2[P],e2[P],#d2[P],d2[P],#c2[P],c2[P],b1[P],#a1[P],a1[P],#g1[P],g1[P],#f1[P],f1[P],e1[P],#d1[P],d1[P],#c1[P],c1[P],b[P],#a[P],a[P],#g[P],g[P],#f[P],f[P],e[P],#d[P],d[P],#c[P],c[P],B-1[P],#A-1[P],A-1[P],#G-1[P],G-1[P],#F-1[P],F-1[P],V,(c5.b4.#a4.a4.#g4.g4.#f4.f4.e4.#d4.d4.#c4.c4.b3.#a3.a3.#g3.g3.#f3.f3.e3.#d3.d3.#c3.c3.b2.#a2.a2.#g2.g2.#f2.f2.e2.#d2.d2.#c2.c2.b1.#a1.a1.#g1.g1.#f1.f1.e1.#d1.d1.#c1.c1.b.#a.a.#g.g.#f.f.e.#d.d.#c.c.B-1.#A-1.A-1.#G-1.G-1.#F-1.F-1.E-1.#D-1.D-1.#C-1.C-1.B-2.#A-2.A-2.#G-2.G-2.#F-2.F-2.E-2.#D-2.D-2.#C-2.C-2.B-3.#A-3.A-3)[K],V,F-1[P],#F-1[P],G-1[M],#G-1[P],A-1[P],#A-1[P],B-1[P],c[P],#c[P],d[P],#d[P],e[P],f[P],#f[P],g[P],#g[P],a[P],#a[P],b[P],c1[P],#c1[P],d1[P],#d1[P],e1[P],f1[P],#f1[P],g1[P],#g1[P],a1[P],#a1[P],b1[P],c2[P],#c2[P],d2[P],#d2[P],e2[P],f2[P],#f2[P],g2[P],#g2[P],a2[P],#a2[P],c3[P],#c3[P],d3[P],#d3[P],e3[P],#f3[P],g3[P],#g3[P],a3[P],#a3[P],R,R,e4[P],#d4[P],d4[P],#c4[P],c4[P],b3[P],#a3[P],a3[P],#g3[P],g3[P],#f3[P],f3[P],e3[P],#d3[P],d3[P],#c3[P],c3[P],b2[P],#a2[P],a2[P],#g2[P],g2[P],#f2[P],f2[P],e2[P],#d2[P],d2[P],#c2[P],c2[P],b1[P],#a1[P],a1[P],#g1[P],g1[P],#f1[P],f1[P],e1[P],#d1[P],d1[P],#c1[P],c1[P],b[P],#a[P],a[P],#g[P],g[P],#f[P],f[P],e[P],#d[P],d[P],#c[P],c[P],B-1[P],#A-1[P],A-1[P],#G-1[P],G-1[P],#F-1[P],F-1[P],V,(c5.b4.#a4.a4.#g4.g4.#f4.f4.e4.#d4.d4.#c4.c4.b3.#a3.a3.#g3.g3.#f3.f3.e3.#d3.d3.#c3.c3.b2.#a2.a2.#g2.g2.#f2.f2.e2.#d2.d2.#c2.c2.b1.#a1.a1.#g1.g1.#f1.f1.e1.#d1.d1.#c1.c1.b.#a.a.#g.g.#f.f.e.#d.d.#c.c.B-1.#A-1.A-1.#G-1.G-1.#F-1.F-1.E-1.#D-1.D-1.#C-1.C-1.B-2.#A-2.A-2.#G-2.G-2.#F-2.F-2.E-2.#D-2.D-2.#C-2.C-2.B-3.#A-3.A-3)[K],V,F-1[P],#F-1[P],G-1[M],#G-1[P],A-1[P],#A-1[P],B-1[P],c[P],#c[P],d[P],#d[P],e[P],f[P],#f[P],g[P],#g[P],a[P],#a[P],b[P],c1[P],#c1[P],d1[P],#d1[P],e1[P],f1[P],#f1[P],g1[P],#g1[P],a1[P],#a1[P],b1[P],c2[P],#c2[P],d2[P],#d2[P],e2[P],f2[P],#f2[P],g2[P],#g2[P],a2[P],#a2[P],c3[P],#c3[P],d3[P],#d3[P],e3[P],#f3[P],g3[P],#g3[P],a3[P],#a3[P],T,e4[P],#d4[P],d4[P],#c4[P],c4[P],b3[P],#a3[P],a3[P],#g3[P],g3[P],#f3[P],f3[P],e3[P],#d3[P],d3[P],#c3[P],c3[P],b2[P],#a2[P],a2[P],#g2[P],g2[P],#f2[P],f2[P],e2[P],#d2[P],d2[P],#c2[P],c2[P],b1[P],#a1[P],a1[P],#g1[P],g1[P],#f1[P],f1[P],e1[P],#d1[P],d1[P],#c1[P],c1[P],b[P],#a[P],a[P],#g[P],g[P],#f[P],f[P],e[P],#d[P],d[P],#c[P],c[P],B-1[P],#A-1[P],A-1[P],#G-1[P],G-1[P],#F-1[P],F-1[P],V,(c5.b4.#a4.a4.#g4.g4.#f4.f4.e4.#d4.d4.#c4.c4.b3.#a3.a3.#g3.g3.#f3.f3.e3.#d3.d3.#c3.c3.b2.#a2.a2.#g2.g2.#f2.f2.e2.#d2.d2.#c2.c2.b1.#a1.a1.#g1.g1.#f1.f1.e1.#d1.d1.#c1.c1.b.#a.a.#g.g.#f.f.e.#d.d.#c.c.B-1.#A-1.A-1.#G-1.G-1.#F-1.F-1.E-1.#D-1.D-1.#C-1.C-1.B-2.#A-2.A-2.#G-2.G-2.#F-2.F-2.E-2.#D-2.D-2.#C-2.C-2.B-3.#A-3.A-3)[K],V,F-1[P],#F-1[P],G-1[M],#G-1[P],A-1[P],#A-1[P],B-1[P],c[P],#c[P],d[P],#d[P],e[P],f[P],#f[P],g[P],#g[P],a[P],#a[P],b[P],c1[P],#c1[P],d1[P],#d1[P],e1[P],f1[P],#f1[P],g1[P],#g1[P],a1[P],#a1[P],b1[P],c2[P],#c2[P],d2[P],#d2[P],e2[P],f2[P],#f2[P],g2[P],#g2[P],a2[P],#a2[P],c3[P],#c3[P],d3[P],#d3[P],e3[P],#f3[P],g3[P],#g3[P],a3[P],#a3[P],R,R,R,e4[P],#d4[P],d4[P],#c4[P],c4[P],b3[P],#a3[P],a3[P],#g3[P],g3[P],#f3[P],f3[P],e3[P],#d3[P],d3[P],#c3[P],c3[P],b2[P],#a2[P],a2[P],#g2[P],g2[P],#f2[P],f2[P],e2[P],#d2[P],d2[P],#c2[P],c2[P],b1[P],#a1[P],a1[P],#g1[P],g1[P],#f1[P],f1[P],e1[P],#d1[P],d1[P],#c1[P],c1[P],b[P],#a[P],a[P],#g[P],g[P],#f[P],f[P],e[P],#d[P],d[P],#c[P],c[P],B-1[P],#A-1[P],A-1[P],#G-1[P],G-1[P],#F-1[P],F-1[P],V,(c5.b4.#a4.a4.#g4.g4.#f4.f4.e4.#d4.d4.#c4.c4.b3.#a3.a3.#g3.g3.#f3.f3.e3.#d3.d3.#c3.c3.b2.#a2.a2.#g2.g2.#f2.f2.e2.#d2.d2.#c2.c2.b1.#a1.a1.#g1.g1.#f1.f1.e1.#d1.d1.#c1.c1.b.#a.a.#g.g.#f.f.e.#d.d.#c.c.B-1.#A-1.A-1.#G-1.G-1.#F-1.F-1.E-1.#D-1.D-1.#C-1.C-1.B-2.#A-2.A-2.#G-2.G-2.#F-2.F-2.E-2.#D-2.D-2.#C-2.C-2.B-3.#A-3.A-3)[K],V,F-1[P],#F-1[P],G-1[M],#G-1[P],A-1[P],#A-1[P],B-1[P],c[P],#c[P],d[P],#d[P],e[P],f[P],#f[P],g[P],#g[P],a[P],#a[P],b[P],c1[P],#c1[P],d1[P],#d1[P],e1[P],f1[P],#f1[P],g1[P],#g1[P],a1[P],#a1[P],b1[P],c2[P],#c2[P],d2[P],#d2[P],e2[P],f2[P],#f2[P],g2[P],#g2[P],a2[P],#a2[P],c3[P],#c3[P],d3[P],#d3[P],e3[P],#f3[P],g3[P],#g3[P],a3[P],#a3[P],T,e4[P],#d4[P],d4[P],#c4[P],c4[P],b3[P],#a3[P],a3[P],#g3[P],g3[P],#f3[P],f3[P],e3[P],#d3[P],d3[P],#c3[P],c3[P],b2[P],#a2[P],a2[P],#g2[P],g2[P],#f2[P],f2[P],e2[P],#d2[P],d2[P],#c2[P],c2[P],b1[P],#a1[P],a1[P],#g1[P],g1[P],#f1[P],f1[P],e1[P],#d1[P],d1[P],#c1[P],c1[P],b[P],#a[P],a[P],#g[P],g[P],#f[P],f[P],e[P],#d[P],d[P],#c[P],c[P],B-1[P],#A-1[P],A-1[P],#G-1[P],G-1[P],#F-1[P],F-1[P],V,(c5.b4.#a4.a4.#g4.g4.#f4.f4.e4.#d4.d4.#c4.c4.b3.#a3.a3.#g3.g3.#f3.f3.e3.#d3.d3.#c3.c3.b2.#a2.a2.#g2.g2.#f2.f2.e2.#d2.d2.#c2.c2.b1.#a1.a1.#g1.g1.#f1.f1.e1.#d1.d1.#c1.c1.b.#a.a.#g.g.#f.f.e.#d.d.#c.c.B-1.#A-1.A-1.#G-1.G-1.#F-1.F-1.E-1.#D-1.D-1.#C-1.C-1.B-2.#A-2.A-2.#G-2.G-2.#F-2.F-2.E-2.#D-2.D-2.#C-2.C-2.B-3.#A-3.A-3)[K],V,F-1[P],#F-1[P],G-1[M],#G-1[P],A-1[P],#A-1[P],B-1[P],c[P],#c[P],d[P],#d[P],e[P],f[P],#f[P],g[P],#g[P],a[P],#a[P],b[P],c1[P],#c1[P],d1[P],#d1[P],e1[P],f1[P],#f1[P],g1[P],#g1[P],a1[P],#a1[P],b1[P],c2[P],#c2[P],d2[P],#d2[P],e2[P],f2[P],#f2[P],g2[P],#g2[P],a2[P],#a2[P],c3[P],#c3[P],d3[P],#d3[P],e3[P],#f3[P],g3[P],#g3[P],a3[P],#a3[P],T,e4[P],#d4[P],d4[P],#c4[P],c4[P],b3[P],#a3[P],a3[P],#g3[P],g3[P],#f3[P],f3[P],e3[P],#d3[P],d3[P],#c3[P],c3[P],b2[P],#a2[P],a2[P],#g2[P],g2[P],#f2[P],f2[P],e2[P],#d2[P],d2[P],#c2[P],c2[P],b1[P],#a1[P],a1[P],#g1[P],g1[P],#f1[P],f1[P],e1[P],#d1[P],d1[P],#c1[P],c1[P],b[P],#a[P],a[P],#g[P],g[P],#f[P],f[P],e[P],#d[P],d[P],#c[P],c[P],B-1[P],#A-1[P],A-1[P],#G-1[P],G-1[P],#F-1[P],F-1[P],V,(c5.b4.#a4.a4.#g4.g4.#f4.f4.e4.#d4.d4.#c4.c4.b3.#a3.a3.#g3.g3.#f3.f3.e3.#d3.d3.#c3.c3.b2.#a2.a2.#g2.g2.#f2.f2.e2.#d2.d2.#c2.c2.b1.#a1.a1.#g1.g1.#f1.f1.e1.#d1.d1.#c1.c1.b.#a.a.#g.g.#f.f.e.#d.d.#c.c.B-1.#A-1.A-1.#G-1.G-1.#F-1.F-1.E-1.#D-1.D-1.#C-1.C-1.B-2.#A-2.A-2.#G-2.G-2.#F-2.F-2.E-2.#D-2.D-2.#C-2.C-2.B-3.#A-3.A-3)[K],V,F-1[P],#F-1[P],G-1[M],#G-1[P],A-1[P],#A-1[P],B-1[P],c[P],#c[P],d[P],#d[P],e[P],f[P],#f[P],g[P],#g[P],a[P],#a[P],b[P],c1[P],#c1[P],d1[P],#d1[P],e1[P],f1[P],#f1[P],g1[P],#g1[P],a1[P],#a1[P],b1[P],c2[P],#c2[P],d2[P],#d2[P],e2[P],f2[P],#f2[P],g2[P],#g2[P],a2[P],#a2[P],c3[P],#c3[P],d3[P],#d3[P],e3[P],#f3[P],g3[P],#g3[P],a3[P],#a3[P],R,R,e4[P],#d4[P],d4[P],#c4[P],c4[P],b3[P],#a3[P],a3[P],#g3[P],g3[P],#f3[P],f3[P],e3[P],#d3[P],d3[P],#c3[P],c3[P],b2[P],#a2[P],a2[P],#g2[P],g2[P],#f2[P],f2[P],e2[P],#d2[P],d2[P],#c2[P],c2[P],b1[P],#a1[P],a1[P],#g1[P],g1[P],#f1[P],f1[P],e1[P],#d1[P],d1[P],#c1[P],c1[P],b[P],#a[P],a[P],#g[P],g[P],#f[P],f[P],e[P],#d[P],d[P],#c[P],c[P],B-1[P],#A-1[P],A-1[P],#G-1[P],G-1[P],#F-1[P],F-1[P],V,(c5.b4.#a4.a4.#g4.g4.#f4.f4.e4.#d4.d4.#c4.c4.b3.#a3.a3.#g3.g3.#f3.f3.e3.#d3.d3.#c3.c3.b2.#a2.a2.#g2.g2.#f2.f2.e2.#d2.d2.#c2.c2.b1.#a1.a1.#g1.g1.#f1.f1.e1.#d1.d1.#c1.c1.b.#a.a.#g.g.#f.f.e.#d.d.#c.c.B-1.#A-1.A-1.#G-1.G-1.#F-1.F-1.E-1.#D-1.D-1.#C-1.C-1.B-2.#A-2.A-2.#G-2.G-2.#F-2.F-2.E-2.#D-2.D-2.#C-2.C-2.B-3.#A-3.A-3)[K],V,F-1[P],#F-1[P],G-1[M],#G-1[P],A-1[P],#A-1[P],B-1[P],c[P],#c[P],d[P],#d[P],e[P],f[P],#f[P],g[P],#g[P],a[P],#a[P],b[P],c1[P],#c1[P],d1[P],#d1[P],e1[P],f1[P],#f1[P],g1[P],#g1[P],a1[P],#a1[P],b1[P],c2[P],#c2[P],d2[P],#d2[P],e2[P],f2[P],#f2[P],g2[P],#g2[P],a2[P],#a2[P],c3[P],#c3[P],d3[P],#d3[P],e3[P],#f3[P],g3[P],#g3[P],a3[P],#a3[P],R,R,e4[P],#d4[P],d4[P],#c4[P],c4[P],b3[P],#a3[P],a3[P],#g3[P],g3[P],#f3[P],f3[P],e3[P],#d3[P],d3[P],#c3[P],c3[P],b2[P],#a2[P],a2[P],#g2[P],g2[P],#f2[P],f2[P],e2[P],#d2[P],d2[P],#c2[P],c2[P],b1[P],#a1[P],a1[P],#g1[P],g1[P],#f1[P],f1[P],e1[P],#d1[P],d1[P],#c1[P],c1[P],b[P],#a[P],a[P],#g[P],g[P],#f[P],f[P],e[P],#d[P],d[P],#c[P],c[P],B-1[P],#A-1[P],A-1[P],#G-1[P],G-1[P],#F-1[P],F-1[P],V,(c5.b4.#a4.a4.#g4.g4.#f4.f4.e4.#d4.d4.#c4.c4.b3.#a3.a3.#g3.g3.#f3.f3.e3.#d3.d3.#c3.c3.b2.#a2.a2.#g2.g2.#f2.f2.e2.#d2.d2.#c2.c2.b1.#a1.a1.#g1.g1.#f1.f1.e1.#d1.d1.#c1.c1.b.#a.a.#g.g.#f.f.e.#d.d.#c.c.B-1.#A-1.A-1.#G-1.G-1.#F-1.F-1.E-1.#D-1.D-1.#C-1.C-1.B-2.#A-2.A-2.#G-2.G-2.#F-2.F-2.E-2.#D-2.D-2.#C-2.C-2.B-3.#A-3.A-3)[K],V,F-1[P],#F-1[P],G-1[M],#G-1[P],A-1[P],#A-1[P],B-1[P],c[P],#c[P],d[P],#d[P],e[P],f[P],#f[P],g[P],#g[P],a[P],#a[P],b[P],c1[P],#c1[P],d1[P],#d1[P],e1[P],f1[P],#f1[P],g1[P],#g1[P],a1[P],#a1[P],b1[P],c2[P],#c2[P],d2[P],#d2[P],e2[P],f2[P],#f2[P],g2[P],#g2[P],a2[P],#a2[P],c3[P],#c3[P],d3[P],#d3[P],e3[P],#f3[P],g3[P],#g3[P],a3[P],#a3[P],T,e4[P],#d4[P],d4[P],#c4[P],c4[P],b3[P],#a3[P],a3[P],#g3[P],g3[P],#f3[P],f3[P],e3[P],#d3[P],d3[P],#c3[P],c3[P],b2[P],#a2[P],a2[P],#g2[P],g2[P],#f2[P],f2[P],e2[P],#d2[P],d2[P],#c2[P],c2[P],b1[P],#a1[P],a1[P],#g1[P],g1[P],#f1[P],f1[P],e1[P],#d1[P],d1[P],#c1[P],c1[P],b[P],#a[P],a[P],#g[P],g[P],#f[P],f[P],e[P],#d[P],d[P],#c[P],c[P],B-1[P],#A-1[P],A-1[P],#G-1[P],G-1[P],#F-1[P],F-1[P],V,(c5.b4.#a4.a4.#g4.g4.#f4.f4.e4.#d4.d4.#c4.c4.b3.#a3.a3.#g3.g3.#f3.f3.e3.#d3.d3.#c3.c3.b2.#a2.a2.#g2.g2.#f2.f2.e2.#d2.d2.#c2.c2.b1.#a1.a1.#g1.g1.#f1.f1.e1.#d1.d1.#c1.c1.b.#a.a.#g.g.#f.f.e.#d.d.#c.c.B-1.#A-1.A-1.#G-1.G-1.#F-1.F-1.E-1.#D-1.D-1.#C-1.C-1.B-2.#A-2.A-2.#G-2.G-2.#F-2.F-2.E-2.#D-2.D-2.#C-2.C-2.B-3.#A-3.A-3)[K],V,F-1[P],#F-1[P],G-1[M],#G-1[P],A-1[P],#A-1[P],B-1[P],c[P],#c[P],d[P],#d[P],e[P],f[P],#f[P],g[P],#g[P],a[P],#a[P],b[P],c1[P],#c1[P],d1[P],#d1[P],e1[P],f1[P],#f1[P],g1[P],#g1[P],a1[P],#a1[P],b1[P],c2[P],#c2[P],d2[P],#d2[P],e2[P],f2[P],#f2[P],g2[P],#g2[P],a2[P],#a2[P],c3[P],#c3[P],d3[P],#d3[P],e3[P],#f3[P],g3[P],#g3[P],a3[P],#a3[P],R,R,R,e4[P],#d4[P],d4[P],#c4[P],c4[P],b3[P],#a3[P],a3[P],#g3[P],g3[P],#f3[P],f3[P],e3[P],#d3[P],d3[P],#c3[P],c3[P],b2[P],#a2[P],a2[P],#g2[P],g2[P],#f2[P],f2[P],e2[P],#d2[P],d2[P],#c2[P],c2[P],b1[P],#a1[P],a1[P],#g1[P],g1[P],#f1[P],f1[P],e1[P],#d1[P],d1[P],#c1[P],c1[P],b[P],#a[P],a[P],#g[P],g[P],#f[P],f[P],e[P],#d[P],d[P],#c[P],c[P],B-1[P],#A-1[P],A-1[P],#G-1[P],G-1[P],#F-1[P],F-1[P],V,(c5.b4.#a4.a4.#g4.g4.#f4.f4.e4.#d4.d4.#c4.c4.b3.#a3.a3.#g3.g3.#f3.f3.e3.#d3.d3.#c3.c3.b2.#a2.a2.#g2.g2.#f2.f2.e2.#d2.d2.#c2.c2.b1.#a1.a1.#g1.g1.#f1.f1.e1.#d1.d1.#c1.c1.b.#a.a.#g.g.#f.f.e.#d.d.#c.c.B-1.#A-1.A-1.#G-1.G-1.#F-1.F-1.E-1.#D-1.D-1.#C-1.C-1.B-2.#A-2.A-2.#G-2.G-2.#F-2.F-2.E-2.#D-2.D-2.#C-2.C-2.B-3.#A-3.A-3)[K],V,F-1[P],#F-1[P],G-1[M],#G-1[P],A-1[P],#A-1[P],B-1[P],c[P],#c[P],d[P],#d[P],e[P],f[P],#f[P],g[P],#g[P],a[P],#a[P],b[P],c1[P],#c1[P],d1[P],#d1[P],e1[P],f1[P],#f1[P],g1[P],#g1[P],a1[P],#a1[P],b1[P],c2[P],#c2[P],d2[P],#d2[P],e2[P],f2[P],#f2[P],g2[P],#g2[P],a2[P],#a2[P],c3[P],#c3[P],d3[P],#d3[P],e3[P],#f3[P],g3[P],#g3[P],a3[P],#a3[P],T,e4[P],#d4[P],d4[P],#c4[P],c4[P],b3[P],#a3[P],a3[P],#g3[P],g3[P],#f3[P],f3[P],e3[P],#d3[P],d3[P],#c3[P],c3[P],b2[P],#a2[P],a2[P],#g2[P],g2[P],#f2[P],f2[P],e2[P],#d2[P],d2[P],#c2[P],c2[P],b1[P],#a1[P],a1[P],#g1[P],g1[P],#f1[P],f1[P],e1[P],#d1[P],d1[P],#c1[P],c1[P],b[P],#a[P],a[P],#g[P],g[P],#f[P],f[P],e[P],#d[P],d[P],#c[P],c[P],B-1[P],#A-1[P],A-1[P],#G-1[P],G-1[P],#F-1[P],F-1[P],V,(c5.b4.#a4.a4.#g4.g4.#f4.f4.e4.#d4.d4.#c4.c4.b3.#a3.a3.#g3.g3.#f3.f3.e3.#d3.d3.#c3.c3.b2.#a2.a2.#g2.g2.#f2.f2.e2.#d2.d2.#c2.c2.b1.#a1.a1.#g1.g1.#f1.f1.e1.#d1.d1.#c1.c1.b.#a.a.#g.g.#f.f.e.#d.d.#c.c.B-1.#A-1.A-1.#G-1.G-1.#F-1.F-1.E-1.#D-1.D-1.#C-1.C-1.B-2.#A-2.A-2.#G-2.G-2.#F-2.F-2.E-2.#D-2.D-2.#C-2.C-2.B-3.#A-3.A-3)[K],V,F-1[P],#F-1[P],G-1[M],#G-1[P],A-1[P],#A-1[P],B-1[P],c[P],#c[P],d[P],#d[P],e[P],f[P],#f[P],g[P],#g[P],a[P],#a[P],b[P],c1[P],#c1[P],d1[P],#d1[P],e1[P],f1[P],#f1[P],g1[P],#g1[P],a1[P],#a1[P],b1[P],c2[P],#c2[P],d2[P],#d2[P],e2[P],f2[P],#f2[P],g2[P],#g2[P],a2[P],#a2[P],c3[P],#c3[P],d3[P],#d3[P],e3[P],#f3[P],g3[P],#g3[P],a3[P],#a3[P],T,e4[P],#d4[P],d4[P],#c4[P],c4[P],b3[P],#a3[P],a3[P],#g3[P],g3[P],#f3[P],f3[P],e3[P],#d3[P],d3[P],#c3[P],c3[P],b2[P],#a2[P],a2[P],#g2[P],g2[P],#f2[P],f2[P],e2[P],#d2[P],d2[P],#c2[P],c2[P],b1[P],#a1[P],a1[P],#g1[P],g1[P],#f1[P],f1[P],e1[P],#d1[P],d1[P],#c1[P],c1[P],b[P],#a[P],a[P],#g[P],g[P],#f[P],f[P],e[P],#d[P],d[P],#c[P],c[P],B-1[P],#A-1[P],A-1[P],#G-1[P],G-1[P],#F-1[P],F-1[P],V,(c5.b4.#a4.a4.#g4.g4.#f4.f4.e4.#d4.d4.#c4.c4.b3.#a3.a3.#g3.g3.#f3.f3.e3.#d3.d3.#c3.c3.b2.#a2.a2.#g2.g2.#f2.f2.e2.#d2.d2.#c2.c2.b1.#a1.a1.#g1.g1.#f1.f1.e1.#d1.d1.#c1.c1.b.#a.a.#g.g.#f.f.e.#d.d.#c.c.B-1.#A-1.A-1.#G-1.G-1.#F-1.F-1.E-1.#D-1.D-1.#C-1.C-1.B-2.#A-2.A-2.#G-2.G-2.#F-2.F-2.E-2.#D-2.D-2.#C-2.C-2.B-3.#A-3.A-3)[K],V,F-1[P],#F-1[P],G-1[M],#G-1[P],A-1[P],#A-1[P],B-1[P],c[P],#c[P],d[P],#d[P],e[P],f[P],#f[P],g[P],#g[P],a[P],#a[P],b[P],c1[P],#c1[P],d1[P],#d1[P],e1[P],f1[P],#f1[P],g1[P],#g1[P],a1[P],#a1[P],b1[P],c2[P],#c2[P],d2[P],#d2[P],e2[P],f2[P],#f2[P],g2[P],#g2[P],a2[P],#a2[P],c3[P],#c3[P],d3[P],#d3[P],e3[P],#f3[P],g3[P],#g3[P],a3[P],#a3[P],R,R,e4[P],#d4[P],d4[P],#c4[P],c4[P],b3[P],#a3[P],a3[P],#g3[P],g3[P],#f3[P],f3[P],e3[P],#d3[P],d3[P],#c3[P],c3[P],b2[P],#a2[P],a2[P],#g2[P],g2[P],#f2[P],f2[P],e2[P],#d2[P],d2[P],#c2[P],c2[P],b1[P],#a1[P],a1[P],#g1[P],g1[P],#f1[P],f1[P],e1[P],#d1[P],d1[P],#c1[P],c1[P],b[P],#a[P],a[P],#g[P],g[P],#f[P],f[P],e[P],#d[P],d[P],#c[P],c[P],B-1[P],#A-1[P],A-1[P],#G-1[P],G-1[P],#F-1[P],F-1[P],V,(c5.b4.#a4.a4.#g4.g4.#f4.f4.e4.#d4.d4.#c4.c4.b3.#a3.a3.#g3.g3.#f3.f3.e3.#d3.d3.#c3.c3.b2.#a2.a2.#g2.g2.#f2.f2.e2.#d2.d2.#c2.c2.b1.#a1.a1.#g1.g1.#f1.f1.e1.#d1.d1.#c1.c1.b.#a.a.#g.g.#f.f.e.#d.d.#c.c.B-1.#A-1.A-1.#G-1.G-1.#F-1.F-1.E-1.#D-1.D-1.#C-1.C-1.B-2.#A-2.A-2.#G-2.G-2.#F-2.F-2.E-2.#D-2.D-2.#C-2.C-2.B-3.#A-3.A-3)[K],V,F-1[P],#F-1[P],G-1[M],#G-1[P],A-1[P],#A-1[P],B-1[P],c[P],#c[P],d[P],#d[P],e[P],f[P],#f[P],g[P],#g[P],a[P],#a[P],b[P],c1[P],#c1[P],d1[P],#d1[P],e1[P],f1[P],#f1[P],g1[P],#g1[P],a1[P],#a1[P],b1[P],c2[P],#c2[P],d2[P],#d2[P],e2[P],f2[P],#f2[P],g2[P],#g2[P],a2[P],#a2[P],c3[P],#c3[P],d3[P],#d3[P],e3[P],#f3[P],g3[P],#g3[P],a3[P],#a3[P],R,R,e4[P],#d4[P],d4[P],#c4[P],c4[P],b3[P],#a3[P],a3[P],#g3[P],g3[P],#f3[P],f3[P],e3[P],#d3[P],d3[P],#c3[P],c3[P],b2[P],#a2[P],a2[P],#g2[P],g2[P],#f2[P],f2[P],e2[P],#d2[P],d2[P],#c2[P],c2[P],b1[P],#a1[P],a1[P],#g1[P],g1[P],#f1[P],f1[P],e1[P],#d1[P],d1[P],#c1[P],c1[P],b[P],#a[P],a[P],#g[P],g[P],#f[P],f[P],e[P],#d[P],d[P],#c[P],c[P],B-1[P],#A-1[P],A-1[P],#G-1[P],G-1[P],#F-1[P],F-1[P],V,(c5.b4.#a4.a4.#g4.g4.#f4.f4.e4.#d4.d4.#c4.c4.b3.#a3.a3.#g3.g3.#f3.f3.e3.#d3.d3.#c3.c3.b2.#a2.a2.#g2.g2.#f2.f2.e2.#d2.d2.#c2.c2.b1.#a1.a1.#g1.g1.#f1.f1.e1.#d1.d1.#c1.c1.b.#a.a.#g.g.#f.f.e.#d.d.#c.c.B-1.#A-1.A-1.#G-1.G-1.#F-1.F-1.E-1.#D-1.D-1.#C-1.C-1.B-2.#A-2.A-2.#G-2.G-2.#F-2.F-2.E-2.#D-2.D-2.#C-2.C-2.B-3.#A-3.A-3)[K],V,F-1[P],#F-1[P],G-1[M],#G-1[P],A-1[P],#A-1[P],B-1[P],c[P],#c[P],d[P],#d[P],e[P],f[P],#f[P],g[P],#g[P],a[P],#a[P],b[P],c1[P],#c1[P],d1[P],#d1[P],e1[P],f1[P],#f1[P],g1[P],#g1[P],a1[P],#a1[P],b1[P],c2[P],#c2[P],d2[P],#d2[P],e2[P],f2[P],#f2[P],g2[P],#g2[P],a2[P],#a2[P],c3[P],#c3[P],d3[P],#d3[P],e3[P],#f3[P],g3[P],#g3[P],a3[P],#a3[P],T,e4[P],#d4[P],d4[P],#c4[P],c4[P],b3[P],#a3[P],a3[P],#g3[P],g3[P],#f3[P],f3[P],e3[P],#d3[P],d3[P],#c3[P],c3[P],b2[P],#a2[P],a2[P],#g2[P],g2[P],#f2[P],f2[P],e2[P],#d2[P],d2[P],#c2[P],c2[P],b1[P],#a1[P],a1[P],#g1[P],g1[P],#f1[P],f1[P],e1[P],#d1[P],d1[P],#c1[P],c1[P],b[P],#a[P],a[P],#g[P],g[P],#f[P],f[P],e[P],#d[P],d[P],#c[P],c[P],B-1[P],#A-1[P],A-1[P],#G-1[P],G-1[P],#F-1[P],F-1[P],V,(c5.b4.#a4.a4.#g4.g4.#f4.f4.e4.#d4.d4.#c4.c4.b3.#a3.a3.#g3.g3.#f3.f3.e3.#d3.d3.#c3.c3.b2.#a2.a2.#g2.g2.#f2.f2.e2.#d2.d2.#c2.c2.b1.#a1.a1.#g1.g1.#f1.f1.e1.#d1.d1.#c1.c1.b.#a.a.#g.g.#f.f.e.#d.d.#c.c.B-1.#A-1.A-1.#G-1.G-1.#F-1.F-1.E-1.#D-1.D-1.#C-1.C-1.B-2.#A-2.A-2.#G-2.G-2.#F-2.F-2.E-2.#D-2.D-2.#C-2.C-2.B-3.#A-3.A-3)[K],V,F-1[P],#F-1[P],G-1[M],#G-1[P],A-1[P],#A-1[P],B-1[P],c[P],#c[P],d[P],#d[P],e[P],f[P],#f[P],g[P],#g[P],a[P],#a[P],b[P],c1[P],#c1[P],d1[P],#d1[P],e1[P],f1[P],#f1[P],g1[P],#g1[P],a1[P],#a1[P],b1[P],c2[P],#c2[P],d2[P],#d2[P],e2[P],f2[P],#f2[P],g2[P],#g2[P],a2[P],#a2[P],c3[P],#c3[P],d3[P],#d3[P],e3[P],#f3[P],g3[P],#g3[P],a3[P],#a3[P],R,R,R,e4[P],#d4[P],d4[P],#c4[P],c4[P],b3[P],#a3[P],a3[P],#g3[P],g3[P],#f3[P],f3[P],e3[P],#d3[P],d3[P],#c3[P],c3[P],b2[P],#a2[P],a2[P],#g2[P],g2[P],#f2[P],f2[P],e2[P],#d2[P],d2[P],#c2[P],c2[P],b1[P],#a1[P],a1[P],#g1[P],g1[P],#f1[P],f1[P],e1[P],#d1[P],d1[P],#c1[P],c1[P],b[P],#a[P],a[P],#g[P],g[P],#f[P],f[P],e[P],#d[P],d[P],#c[P],c[P],B-1[P],#A-1[P],A-1[P],#G-1[P],G-1[P],#F-1[P],F-1[P],V,(c5.b4.#a4.a4.#g4.g4.#f4.f4.e4.#d4.d4.#c4.c4.b3.#a3.a3.#g3.g3.#f3.f3.e3.#d3.d3.#c3.c3.b2.#a2.a2.#g2.g2.#f2.f2.e2.#d2.d2.#c2.c2.b1.#a1.a1.#g1.g1.#f1.f1.e1.#d1.d1.#c1.c1.b.#a.a.#g.g.#f.f.e.#d.d.#c.c.B-1.#A-1.A-1.#G-1.G-1.#F-1.F-1.E-1.#D-1.D-1.#C-1.C-1.B-2.#A-2.A-2.#G-2.G-2.#F-2.F-2.E-2.#D-2.D-2.#C-2.C-2.B-3.#A-3.A-3)[K],V,F-1[P],#F-1[P],G-1[M],#G-1[P],A-1[P],#A-1[P],B-1[P],c[P],#c[P],d[P],#d[P],e[P],f[P],#f[P],g[P],#g[P],a[P],#a[P],b[P],c1[P],#c1[P],d1[P],#d1[P],e1[P],f1[P],#f1[P],g1[P],#g1[P],a1[P],#a1[P],b1[P],c2[P],#c2[P],d2[P],#d2[P],e2[P],f2[P],#f2[P],g2[P],#g2[P],a2[P],#a2[P],c3[P],#c3[P],d3[P],#d3[P],e3[P],#f3[P],g3[P],#g3[P],a3[P],#a3[P],T,e4[P],#d4[P],d4[P],#c4[P],c4[P],b3[P],#a3[P],a3[P],#g3[P],g3[P],#f3[P],f3[P],e3[P],#d3[P],d3[P],#c3[P],c3[P],b2[P],#a2[P],a2[P],#g2[P],g2[P],#f2[P],f2[P],e2[P],#d2[P],d2[P],#c2[P],c2[P],b1[P],#a1[P],a1[P],#g1[P],g1[P],#f1[P],f1[P],e1[P],#d1[P],d1[P],#c1[P],c1[P],b[P],#a[P],a[P],#g[P],g[P],#f[P],f[P],e[P],#d[P],d[P],#c[P],c[P],B-1[P],#A-1[P],A-1[P],#G-1[P],G-1[P],#F-1[P],F-1[P],V,(c5.b4.#a4.a4.#g4.g4.#f4.f4.e4.#d4.d4.#c4.c4.b3.#a3.a3.#g3.g3.#f3.f3.e3.#d3.d3.#c3.c3.b2.#a2.a2.#g2.g2.#f2.f2.e2.#d2.d2.#c2.c2.b1.#a1.a1.#g1.g1.#f1.f1.e1.#d1.d1.#c1.c1.b.#a.a.#g.g.#f.f.e.#d.d.#c.c.B-1.#A-1.A-1.#G-1.G-1.#F-1.F-1.E-1.#D-1.D-1.#C-1.C-1.B-2.#A-2.A-2.#G-2.G-2.#F-2.F-2.E-2.#D-2.D-2.#C-2.C-2.B-3.#A-3.A-3)[K],V,F-1[P],#F-1[P],G-1[M],#G-1[P],A-1[P],#A-1[P],B-1[P],c[P],#c[P],d[P],#d[P],e[P],f[P],#f[P],g[P],#g[P],a[P],#a[P],b[P],c1[P],#c1[P],d1[P],#d1[P],e1[P],f1[P],#f1[P],g1[P],#g1[P],a1[P],#a1[P],b1[P],c2[P],#c2[P],d2[P],#d2[P],e2[P],f2[P],#f2[P],g2[P],#g2[P],a2[P],#a2[P],c3[P],#c3[P],d3[P],#d3[P],e3[P],#f3[P],g3[P],#g3[P],a3[P],#a3[P],T,e4[P],#d4[P],d4[P],#c4[P],c4[P],b3[P],#a3[P],a3[P],#g3[P],g3[P],#f3[P],f3[P],e3[P],#d3[P],d3[P],#c3[P],c3[P],b2[P],#a2[P],a2[P],#g2[P],g2[P],#f2[P],f2[P],e2[P],#d2[P],d2[P],#c2[P],c2[P],b1[P],#a1[P],a1[P],#g1[P],g1[P],#f1[P],f1[P],e1[P],#d1[P],d1[P],#c1[P],c1[P],b[P],#a[P],a[P],#g[P],g[P],#f[P],f[P],e[P],#d[P],d[P],#c[P],c[P],B-1[P],#A-1[P],A-1[P],#G-1[P],G-1[P],#F-1[P],F-1[P],V,(c5.b4.#a4.a4.#g4.g4.#f4.f4.e4.#d4.d4.#c4.c4.b3.#a3.a3.#g3.g3.#f3.f3.e3.#d3.d3.#c3.c3.b2.#a2.a2.#g2.g2.#f2.f2.e2.#d2.d2.#c2.c2.b1.#a1.a1.#g1.g1.#f1.f1.e1.#d1.d1.#c1.c1.b.#a.a.#g.g.#f.f.e.#d.d.#c.c.B-1.#A-1.A-1.#G-1.G-1.#F-1.F-1.E-1.#D-1.D-1.#C-1.C-1.B-2.#A-2.A-2.#G-2.G-2.#F-2.F-2.E-2.#D-2.D-2.#C-2.C-2.B-3.#A-3.A-3)[K],V,F-1[P],#F-1[P],G-1[M],#G-1[P],A-1[P],#A-1[P],B-1[P],c[P],#c[P],d[P],#d[P],e[P],f[P],#f[P],g[P],#g[P],a[P],#a[P],b[P],c1[P],#c1[P],d1[P],#d1[P],e1[P],f1[P],#f1[P],g1[P],#g1[P],a1[P],#a1[P],b1[P],c2[P],#c2[P],d2[P],#d2[P],e2[P],f2[P],#f2[P],g2[P],#g2[P],a2[P],#a2[P],c3[P],#c3[P],d3[P],#d3[P],e3[P],#f3[P],g3[P],#g3[P],a3[P],#a3[P],R,R,e4[P],#d4[P],d4[P],#c4[P],c4[P],b3[P],#a3[P],a3[P],#g3[P],g3[P],#f3[P],f3[P],e3[P],#d3[P],d3[P],#c3[P],c3[P],b2[P],#a2[P],a2[P],#g2[P],g2[P],#f2[P],f2[P],e2[P],#d2[P],d2[P],#c2[P],c2[P],b1[P],#a1[P],a1[P],#g1[P],g1[P],#f1[P],f1[P],e1[P],#d1[P],d1[P],#c1[P],c1[P],b[P],#a[P],a[P],#g[P],g[P],#f[P],f[P],e[P],#d[P],d[P],#c[P],c[P],B-1[P],#A-1[P],A-1[P],#G-1[P],G-1[P],#F-1[P],F-1[P],V,(c5.b4.#a4.a4.#g4.g4.#f4.f4.e4.#d4.d4.#c4.c4.b3.#a3.a3.#g3.g3.#f3.f3.e3.#d3.d3.#c3.c3.b2.#a2.a2.#g2.g2.#f2.f2.e2.#d2.d2.#c2.c2.b1.#a1.a1.#g1.g1.#f1.f1.e1.#d1.d1.#c1.c1.b.#a.a.#g.g.#f.f.e.#d.d.#c.c.B-1.#A-1.A-1.#G-1.G-1.#F-1.F-1.E-1.#D-1.D-1.#C-1.C-1.B-2.#A-2.A-2.#G-2.G-2.#F-2.F-2.E-2.#D-2.D-2.#C-2.C-2.B-3.#A-3.A-3)[K],V,F-1[P],#F-1[P],G-1[M],#G-1[P],A-1[P],#A-1[P],B-1[P],c[P],#c[P],d[P],#d[P],e[P],f[P],#f[P],g[P],#g[P],a[P],#a[P],b[P],c1[P],#c1[P],d1[P],#d1[P],e1[P],f1[P],#f1[P],g1[P],#g1[P],a1[P],#a1[P],b1[P],c2[P],#c2[P],d2[P],#d2[P],e2[P],f2[P],#f2[P],g2[P],#g2[P],a2[P],#a2[P],c3[P],#c3[P],d3[P],#d3[P],e3[P],#f3[P],g3[P],#g3[P],a3[P],#a3[P],R,R,e4[P],#d4[P],d4[P],#c4[P],c4[P],b3[P],#a3[P],a3[P],#g3[P],g3[P],#f3[P],f3[P],e3[P],#d3[P],d3[P],#c3[P],c3[P],b2[P],#a2[P],a2[P],#g2[P],g2[P],#f2[P],f2[P],e2[P],#d2[P],d2[P],#c2[P],c2[P],b1[P],#a1[P],a1[P],#g1[P],g1[P],#f1[P],f1[P],e1[P],#d1[P],d1[P],#c1[P],c1[P],b[P],#a[P],a[P],#g[P],g[P],#f[P],f[P],e[P],#d[P],d[P],#c[P],c[P],B-1[P],#A-1[P],A-1[P],#G-1[P],G-1[P],#F-1[P],F-1[P],V,(c5.b4.#a4.a4.#g4.g4.#f4.f4.e4.#d4.d4.#c4.c4.b3.#a3.a3.#g3.g3.#f3.f3.e3.#d3.d3.#c3.c3.b2.#a2.a2.#g2.g2.#f2.f2.e2.#d2.d2.#c2.c2.b1.#a1.a1.#g1.g1.#f1.f1.e1.#d1.d1.#c1.c1.b.#a.a.#g.g.#f.f.e.#d.d.#c.c.B-1.#A-1.A-1.#G-1.G-1.#F-1.F-1.E-1.#D-1.D-1.#C-1.C-1.B-2.#A-2.A-2.#G-2.G-2.#F-2.F-2.E-2.#D-2.D-2.#C-2.C-2.B-3.#A-3.A-3)[K],V,F-1[P],#F-1[P],G-1[M],#G-1[P],A-1[P],#A-1[P],B-1[P],c[P],#c[P],d[P],#d[P],e[P],f[P],#f[P],g[P],#g[P],a[P],#a[P],b[P],c1[P],#c1[P],d1[P],#d1[P],e1[P],f1[P],#f1[P],g1[P],#g1[P],a1[P],#a1[P],b1[P],c2[P],#c2[P],d2[P],#d2[P],e2[P],f2[P],#f2[P],g2[P],#g2[P],a2[P],#a2[P],c3[P],#c3[P],d3[P],#d3[P],e3[P],#f3[P],g3[P],#g3[P],a3[P],#a3[P],T,e4[P],#d4[P],d4[P],#c4[P],c4[P],b3[P],#a3[P],a3[P],#g3[P],g3[P],#f3[P],f3[P],e3[P],#d3[P],d3[P],#c3[P],c3[P],b2[P],#a2[P],a2[P],#g2[P],g2[P],#f2[P],f2[P],e2[P],#d2[P],d2[P],#c2[P],c2[P],b1[P],#a1[P],a1[P],#g1[P],g1[P],#f1[P],f1[P],e1[P],#d1[P],d1[P],#c1[P],c1[P],b[P],#a[P],a[P],#g[P],g[P],#f[P],f[P],e[P],#d[P],d[P],#c[P],c[P],B-1[P],#A-1[P],A-1[P],#G-1[P],G-1[P],#F-1[P],F-1[P],V,(c5.b4.#a4.a4.#g4.g4.#f4.f4.e4.#d4.d4.#c4.c4.b3.#a3.a3.#g3.g3.#f3.f3.e3.#d3.d3.#c3.c3.b2.#a2.a2.#g2.g2.#f2.f2.e2.#d2.d2.#c2.c2.b1.#a1.a1.#g1.g1.#f1.f1.e1.#d1.d1.#c1.c1.b.#a.a.#g.g.#f.f.e.#d.d.#c.c.B-1.#A-1.A-1.#G-1.G-1.#F-1.F-1.E-1.#D-1.D-1.#C-1.C-1.B-2.#A-2.A-2.#G-2.G-2.#F-2.F-2.E-2.#D-2.D-2.#C-2.C-2.B-3.#A-3.A-3)[K],V,F-1[P],#F-1[P],G-1[M],#G-1[P],A-1[P],#A-1[P],B-1[P],c[P],#c[P],d[P],#d[P],e[P],f[P],#f[P],g[P],#g[P],a[P],#a[P],b[P],c1[P],#c1[P],d1[P],#d1[P],e1[P],f1[P],#f1[P],g1[P],#g1[P],a1[P],#a1[P],b1[P],c2[P],#c2[P],d2[P],#d2[P],e2[P],f2[P],#f2[P],g2[P],#g2[P],a2[P],#a2[P],c3[P],#c3[P],d3[P],#d3[P],e3[P],#f3[P],g3[P],#g3[P],a3[P],#a3[P],R,R,R,e4[P],#d4[P],d4[P],#c4[P],c4[P],b3[P],#a3[P],a3[P],#g3[P],g3[P],#f3[P],f3[P],e3[P],#d3[P],d3[P],#c3[P],c3[P],b2[P],#a2[P],a2[P],#g2[P],g2[P],#f2[P],f2[P],e2[P],#d2[P],d2[P],#c2[P],c2[P],b1[P],#a1[P],a1[P],#g1[P],g1[P],#f1[P],f1[P],e1[P],#d1[P],d1[P],#c1[P],c1[P],b[P],#a[P],a[P],#g[P],g[P],#f[P],f[P],e[P],#d[P],d[P],#c[P],c[P],B-1[P],#A-1[P],A-1[P],#G-1[P],G-1[P],#F-1[P],F-1[P],V,(c5.b4.#a4.a4.#g4.g4.#f4.f4.e4.#d4.d4.#c4.c4.b3.#a3.a3.#g3.g3.#f3.f3.e3.#d3.d3.#c3.c3.b2.#a2.a2.#g2.g2.#f2.f2.e2.#d2.d2.#c2.c2.b1.#a1.a1.#g1.g1.#f1.f1.e1.#d1.d1.#c1.c1.b.#a.a.#g.g.#f.f.e.#d.d.#c.c.B-1.#A-1.A-1.#G-1.G-1.#F-1.F-1.E-1.#D-1.D-1.#C-1.C-1.B-2.#A-2.A-2.#G-2.G-2.#F-2.F-2.E-2.#D-2.D-2.#C-2.C-2.B-3.#A-3.A-3)[K],V,F-1[P],#F-1[P],G-1[M],#G-1[P],A-1[P],#A-1[P],B-1[P],c[P],#c[P],d[P],#d[P],e[P],f[P],#f[P],g[P],#g[P],a[P],#a[P],b[P],c1[P],#c1[P],d1[P],#d1[P],e1[P],f1[P],#f1[P],g1[P],#g1[P],a1[P],#a1[P],b1[P],c2[P],#c2[P],d2[P],#d2[P],e2[P],f2[P],#f2[P],g2[P],#g2[P],a2[P],#a2[P],c3[P],#c3[P],d3[P],#d3[P],e3[P],#f3[P],g3[P],#g3[P],a3[P],#a3[P],T,e4[P],#d4[P],d4[P],#c4[P],c4[P],b3[P],#a3[P],a3[P],#g3[P],g3[P],#f3[P],f3[P],e3[P],#d3[P],d3[P],#c3[P],c3[P],b2[P],#a2[P],a2[P],#g2[P],g2[P],#f2[P],f2[P],e2[P],#d2[P],d2[P],#c2[P],c2[P],b1[P],#a1[P],a1[P],#g1[P],g1[P],#f1[P],f1[P],e1[P],#d1[P],d1[P],#c1[P],c1[P],b[P],#a[P],a[P],#g[P],g[P],#f[P],f[P],e[P],#d[P],d[P],#c[P],c[P],B-1[P],#A-1[P],A-1[P],#G-1[P],G-1[P],#F-1[P],F-1[P],V,(c5.b4.#a4.a4.#g4.g4.#f4.f4.e4.#d4.d4.#c4.c4.b3.#a3.a3.#g3.g3.#f3.f3.e3.#d3.d3.#c3.c3.b2.#a2.a2.#g2.g2.#f2.f2.e2.#d2.d2.#c2.c2.b1.#a1.a1.#g1.g1.#f1.f1.e1.#d1.d1.#c1.c1.b.#a.a.#g.g.#f.f.e.#d.d.#c.c.B-1.#A-1.A-1.#G-1.G-1.#F-1.F-1.E-1.#D-1.D-1.#C-1.C-1.B-2.#A-2.A-2.#G-2.G-2.#F-2.F-2.E-2.#D-2.D-2.#C-2.C-2.B-3.#A-3.A-3)[K],V,F-1[P],#F-1[P],G-1[M],#G-1[P],A-1[P],#A-1[P],B-1[P],c[P],#c[P],d[P],#d[P],e[P],f[P],#f[P],g[P],#g[P],a[P],#a[P],b[P],c1[P],#c1[P],d1[P],#d1[P],e1[P],f1[P],#f1[P],g1[P],#g1[P],a1[P],#a1[P],b1[P],c2[P],#c2[P],d2[P],#d2[P],e2[P],f2[P],#f2[P],g2[P],#g2[P],a2[P],#a2[P],c3[P],#c3[P],d3[P],#d3[P],e3[P],#f3[P],g3[P],#g3[P],a3[P],#a3[P],T,e4[P],#d4[P],d4[P],#c4[P],c4[P],b3[P],#a3[P],a3[P],#g3[P],g3[P],#f3[P],f3[P],e3[P],#d3[P],d3[P],#c3[P],c3[P],b2[P],#a2[P],a2[P],#g2[P],g2[P],#f2[P],f2[P],e2[P],#d2[P],d2[P],#c2[P],c2[P],b1[P],#a1[P],a1[P],#g1[P],g1[P],#f1[P],f1[P],e1[P],#d1[P],d1[P],#c1[P],c1[P],b[P],#a[P],a[P],#g[P],g[P],#f[P],f[P],e[P],#d[P],d[P],#c[P],c[P],B-1[P],#A-1[P],A-1[P],#G-1[P],G-1[P],#F-1[P],F-1[P],V,(c5.b4.#a4.a4.#g4.g4.#f4.f4.e4.#d4.d4.#c4.c4.b3.#a3.a3.#g3.g3.#f3.f3.e3.#d3.d3.#c3.c3.b2.#a2.a2.#g2.g2.#f2.f2.e2.#d2.d2.#c2.c2.b1.#a1.a1.#g1.g1.#f1.f1.e1.#d1.d1.#c1.c1.b.#a.a.#g.g.#f.f.e.#d.d.#c.c.B-1.#A-1.A-1.#G-1.G-1.#F-1.F-1.E-1.#D-1.D-1.#C-1.C-1.B-2.#A-2.A-2.#G-2.G-2.#F-2.F-2.E-2.#D-2.D-2.#C-2.C-2.B-3.#A-3.A-3)[K],V,F-1[P],#F-1[P],G-1[M],#G-1[P],A-1[P],#A-1[P],B-1[P],c[P],#c[P],d[P],#d[P],e[P],f[P],#f[P],g[P],#g[P],a[P],#a[P],b[P],c1[P],#c1[P],d1[P],#d1[P],e1[P],f1[P],#f1[P],g1[P],#g1[P],a1[P],#a1[P],b1[P],c2[P],#c2[P],d2[P],#d2[P],e2[P],f2[P],#f2[P],g2[P],#g2[P],a2[P],#a2[P],c3[P],#c3[P],d3[P],#d3[P],e3[P],#f3[P],g3[P],#g3[P],a3[P],#a3[P],R,R,e4[P],#d4[P],d4[P],#c4[P],c4[P],b3[P],#a3[P],a3[P],#g3[P],g3[P],#f3[P],f3[P],e3[P],#d3[P],d3[P],#c3[P],c3[P],b2[P],#a2[P],a2[P],#g2[P],g2[P],#f2[P],f2[P],e2[P],#d2[P],d2[P],#c2[P],c2[P],b1[P],#a1[P],a1[P],#g1[P],g1[P],#f1[P],f1[P],e1[P],#d1[P],d1[P],#c1[P],c1[P],b[P],#a[P],a[P],#g[P],g[P],#f[P],f[P],e[P],#d[P],d[P],#c[P],c[P],B-1[P],#A-1[P],A-1[P],#G-1[P],G-1[P],#F-1[P],F-1[P],V,(c5.b4.#a4.a4.#g4.g4.#f4.f4.e4.#d4.d4.#c4.c4.b3.#a3.a3.#g3.g3.#f3.f3.e3.#d3.d3.#c3.c3.b2.#a2.a2.#g2.g2.#f2.f2.e2.#d2.d2.#c2.c2.b1.#a1.a1.#g1.g1.#f1.f1.e1.#d1.d1.#c1.c1.b.#a.a.#g.g.#f.f.e.#d.d.#c.c.B-1.#A-1.A-1.#G-1.G-1.#F-1.F-1.E-1.#D-1.D-1.#C-1.C-1.B-2.#A-2.A-2.#G-2.G-2.#F-2.F-2.E-2.#D-2.D-2.#C-2.C-2.B-3.#A-3.A-3)[K],V,F-1[P],#F-1[P],G-1[M],#G-1[P],A-1[P],#A-1[P],B-1[P],c[P],#c[P],d[P],#d[P],e[P],f[P],#f[P],g[P],#g[P],a[P],#a[P],b[P],c1[P],#c1[P],d1[P],#d1[P],e1[P],f1[P],#f1[P],g1[P],#g1[P],a1[P],#a1[P],b1[P],c2[P],#c2[P],d2[P],#d2[P],e2[P],f2[P],#f2[P],g2[P],#g2[P],a2[P],#a2[P],c3[P],#c3[P],d3[P],#d3[P],e3[P],#f3[P],g3[P],#g3[P],a3[P],#a3[P],R,R,e4[P],#d4[P],d4[P],#c4[P],c4[P],b3[P],#a3[P],a3[P],#g3[P],g3[P],#f3[P],f3[P],e3[P],#d3[P],d3[P],#c3[P],c3[P],b2[P],#a2[P],a2[P],#g2[P],g2[P],#f2[P],f2[P],e2[P],#d2[P],d2[P],#c2[P],c2[P],b1[P],#a1[P],a1[P],#g1[P],g1[P],#f1[P],f1[P],e1[P],#d1[P],d1[P],#c1[P],c1[P],b[P],#a[P],a[P],#g[P],g[P],#f[P],f[P],e[P],#d[P],d[P],#c[P],c[P],B-1[P],#A-1[P],A-1[P],#G-1[P],G-1[P],#F-1[P],F-1[P],V,(c5.b4.#a4.a4.#g4.g4.#f4.f4.e4.#d4.d4.#c4.c4.b3.#a3.a3.#g3.g3.#f3.f3.e3.#d3.d3.#c3.c3.b2.#a2.a2.#g2.g2.#f2.f2.e2.#d2.d2.#c2.c2.b1.#a1.a1.#g1.g1.#f1.f1.e1.#d1.d1.#c1.c1.b.#a.a.#g.g.#f.f.e.#d.d.#c.c.B-1.#A-1.A-1.#G-1.G-1.#F-1.F-1.E-1.#D-1.D-1.#C-1.C-1.B-2.#A-2.A-2.#G-2.G-2.#F-2.F-2.E-2.#D-2.D-2.#C-2.C-2.B-3.#A-3.A-3)[K],V,F-1[P],#F-1[P],G-1[M],#G-1[P],A-1[P],#A-1[P],B-1[P],c[P],#c[P],d[P],#d[P],e[P],f[P],#f[P],g[P],#g[P],a[P],#a[P],b[P],c1[P],#c1[P],d1[P],#d1[P],e1[P],f1[P],#f1[P],g1[P],#g1[P],a1[P],#a1[P],b1[P],c2[P],#c2[P],d2[P],#d2[P],e2[P],f2[P],#f2[P],g2[P],#g2[P],a2[P],#a2[P],c3[P],#c3[P],d3[P],#d3[P],e3[P],#f3[P],g3[P],#g3[P],a3[P],#a3[P],T,e4[P],#d4[P],d4[P],#c4[P],c4[P],b3[P],#a3[P],a3[P],#g3[P],g3[P],#f3[P],f3[P],e3[P],#d3[P],d3[P],#c3[P],c3[P],b2[P],#a2[P],a2[P],#g2[P],g2[P],#f2[P],f2[P],e2[P],#d2[P],d2[P],#c2[P],c2[P],b1[P],#a1[P],a1[P],#g1[P],g1[P],#f1[P],f1[P],e1[P],#d1[P],d1[P],#c1[P],c1[P],b[P],#a[P],a[P],#g[P],g[P],#f[P],f[P],e[P],#d[P],d[P],#c[P],c[P],B-1[P],#A-1[P],A-1[P],#G-1[P],G-1[P],#F-1[P],F-1[P],V,(c5.b4.#a4.a4.#g4.g4.#f4.f4.e4.#d4.d4.#c4.c4.b3.#a3.a3.#g3.g3.#f3.f3.e3.#d3.d3.#c3.c3.b2.#a2.a2.#g2.g2.#f2.f2.e2.#d2.d2.#c2.c2.b1.#a1.a1.#g1.g1.#f1.f1.e1.#d1.d1.#c1.c1.b.#a.a.#g.g.#f.f.e.#d.d.#c.c.B-1.#A-1.A-1.#G-1.G-1.#F-1.F-1.E-1.#D-1.D-1.#C-1.C-1.B-2.#A-2.A-2.#G-2.G-2.#F-2.F-2.E-2.#D-2.D-2.#C-2.C-2.B-3.#A-3.A-3)[K],V,F-1[P],#F-1[P],G-1[M],#G-1[P],A-1[P],#A-1[P],B-1[P],c[P],#c[P],d[P],#d[P],e[P],f[P],#f[P],g[P],#g[P],a[P],#a[P],b[P],c1[P],#c1[P],d1[P],#d1[P],e1[P],f1[P],#f1[P],g1[P],#g1[P],a1[P],#a1[P],b1[P],c2[P],#c2[P],d2[P],#d2[P],e2[P],f2[P],#f2[P],g2[P],#g2[P],a2[P],#a2[P],c3[P],#c3[P],d3[P],#d3[P],e3[P],#f3[P],g3[P],#g3[P],a3[P],#a3[P],F-1[P],#F-1[P],G-1[M],#G-1[P],A-1[P],#A-1[P],B-1[P],c[P],#c[P],d[P],#d[P],e[P],f[P],#f[P],g[P],#g[P],a[P],#a[P],b[P],c1[P],#c1[P],d1[P],#d1[P],e1[P],f1[P],#f1[P],g1[P],#g1[P],a1[P],#a1[P],b1[P],c2[P],#c2[P],d2[P],#d2[P],e2[P],f2[P],#f2[P],g2[P],#g2[P],a2[P],#a2[P],c3[P],#c3[P],d3[P],#d3[P],e3[P],#f3[P],g3[P],#g3[P],a3[P],#a3[P],T,e4[P],#d4[P],d4[P],#c4[P],c4[P],b3[P],#a3[P],a3[P],#g3[P],g3[P],#f3[P],f3[P],e3[P],#d3[P],d3[P],#c3[P],c3[P],b2[P],#a2[P],a2[P],#g2[P],g2[P],#f2[P],f2[P],e2[P],#d2[P],d2[P],#c2[P],c2[P],b1[P],#a1[P],a1[P],#g1[P],g1[P],#f1[P],f1[P],e1[P],#d1[P],d1[P],#c1[P],c1[P],b[P],#a[P],a[P],#g[P],g[P],#f[P],f[P],e[P],#d[P],d[P],#c[P],c[P],B-1[P],#A-1[P],A-1[P],#G-1[P],G-1[P],#F-1[P],F-1[P],V,(c5.b4.#a4.a4.#g4.g4.#f4.f4.e4.#d4.d4.#c4.c4.b3.#a3.a3.#g3.g3.#f3.f3.e3.#d3.d3.#c3.c3.b2.#a2.a2.#g2.g2.#f2.f2.e2.#d2.d2.#c2.c2.b1.#a1.a1.#g1.g1.#f1.f1.e1.#d1.d1.#c1.c1.b.#a.a.#g.g.#f.f.e.#d.d.#c.c.B-1.#A-1.A-1.#G-1.G-1.#F-1.F-1.E-1.#D-1.D-1.#C-1.C-1.B-2.#A-2.A-2.#G-2.G-2.#F-2.F-2.E-2.#D-2.D-2.#C-2.C-2.B-3.#A-3.A-3)[K],V,F-1[P],#F-1[P],G-1[M],#G-1[P],A-1[P],#A-1[P],B-1[P],c[P],#c[P],d[P],#d[P],e[P],f[P],#f[P],g[P],#g[P],a[P],#a[P],b[P],c1[P],#c1[P],d1[P],#d1[P],e1[P],f1[P],#f1[P],g1[P],#g1[P],a1[P],#a1[P],b1[P],c2[P],#c2[P],d2[P],#d2[P],e2[P],f2[P],#f2[P],g2[P],#g2[P],a2[P],#a2[P],c3[P],#c3[P],d3[P],#d3[P],e3[P],#f3[P],g3[P],#g3[P],a3[P],#a3[P],R,R,R,e4[P],#d4[P],d4[P],#c4[P],c4[P],b3[P],#a3[P],a3[P],#g3[P],g3[P],#f3[P],f3[P],e3[P],#d3[P],d3[P],#c3[P],c3[P],b2[P],#a2[P],a2[P],#g2[P],g2[P],#f2[P],f2[P],e2[P],#d2[P],d2[P],#c2[P],c2[P],b1[P],#a1[P],a1[P],#g1[P],g1[P],#f1[P],f1[P],e1[P],#d1[P],d1[P],#c1[P],c1[P],b[P],#a[P],a[P],#g[P],g[P],#f[P],f[P],e[P],#d[P],d[P],#c[P],c[P],B-1[P],#A-1[P],A-1[P],#G-1[P],G-1[P],#F-1[P],F-1[P],F-1[P],#F-1[P],G-1[M],#G-1[P],A-1[P],#A-1[P],B-1[P],c[P],#c[P],d[P],#d[P],e[P],f[P],#f[P],g[P],#g[P],a[P],#a[P],b[P],c1[P],#c1[P],d1[P],#d1[P],e1[P],f1[P],#f1[P],g1[P],#g1[P],a1[P],#a1[P],b1[P],c2[P],#c2[P],d2[P],#d2[P],e2[P],f2[P],#f2[P],g2[P],#g2[P],a2[P],#a2[P],c3[P],#c3[P],d3[P],#d3[P],e3[P],#f3[P],g3[P],#g3[P],a3[P],#a3[P],T,e4[P],#d4[P],d4[P],#c4[P],c4[P],b3[P],#a3[P],a3[P],#g3[P],g3[P],#f3[P],f3[P],e3[P],#d3[P],d3[P],#c3[P],c3[P],b2[P],#a2[P],a2[P],#g2[P],g2[P],#f2[P],f2[P],e2[P],#d2[P],d2[P],#c2[P],c2[P],b1[P],#a1[P],a1[P],#g1[P],g1[P],#f1[P],f1[P],e1[P],#d1[P],d1[P],#c1[P],c1[P],b[P],#a[P],a[P],#g[P],g[P],#f[P],f[P],e[P],#d[P],d[P],#c[P],c[P],B-1[P],#A-1[P],A-1[P],#G-1[P],G-1[P],#F-1[P],F-1[P],V,(c5.b4.#a4.a4.#g4.g4.#f4.f4.e4.#d4.d4.#c4.c4.b3.#a3.a3.#g3.g3.#f3.f3.e3.#d3.d3.#c3.c3.b2.#a2.a2.#g2.g2.#f2.f2.e2.#d2.d2.#c2.c2.b1.#a1.a1.#g1.g1.#f1.f1.e1.#d1.d1.#c1.c1.b.#a.a.#g.g.#f.f.e.#d.d.#c.c.B-1.#A-1.A-1.#G-1.G-1.#F-1.F-1.E-1.#D-1.D-1.#C-1.C-1.B-2.#A-2.A-2.#G-2.G-2.#F-2.F-2.E-2.#D-2.D-2.#C-2.C-2.B-3.#A-3.A-3)[K],V,F-1[P],#F-1[P],G-1[M],#G-1[P],A-1[P],#A-1[P],B-1[P],c[P],#c[P],d[P],#d[P],e[P],f[P],#f[P],g[P],#g[P],a[P],#a[P],b[P],c1[P],#c1[P],d1[P],#d1[P],e1[P],f1[P],#f1[P],g1[P],#g1[P],a1[P],#a1[P],b1[P],c2[P],#c2[P],d2[P],#d2[P],e2[P],f2[P],#f2[P],g2[P],#g2[P],a2[P],#a2[P],c3[P],#c3[P],d3[P],#d3[P],e3[P],#f3[P],g3[P],#g3[P],a3[P],#a3[P],R,R,R,e4[P],#d4[P],d4[P],#c4[P],c4[P],b3[P],#a3[P],a3[P],#g3[P],g3[P],#f3[P],f3[P],e3[P],#d3[P],d3[P],#c3[P],c3[P],b2[P],#a2[P],a2[P],#g2[P],g2[P],#f2[P],f2[P],e2[P],#d2[P],d2[P],#c2[P],c2[P],b1[P],#a1[P],a1[P],#g1[P],g1[P],#f1[P],f1[P],e1[P],#d1[P],d1[P],#c1[P],c1[P],b[P],#a[P],a[P],#g[P],g[P],#f[P],f[P],e[P],#d[P],d[P],#c[P],c[P],B-1[P],#A-1[P],A-1[P],#G-1[P],G-1[P],#F-1[P],F-1[P],F-1[P],#F-1[P],G-1[M],#G-1[P],A-1[P],#A-1[P],B-1[P],c[P],#c[P],d[P],#d[P],e[P],f[P],#f[P],g[P],#g[P],a[P],#a[P],b[P],c1[P],#c1[P],d1[P],#d1[P],e1[P],f1[P],#f1[P],g1[P],#g1[P],a1[P],#a1[P],b1[P],c2[P],#c2[P],d2[P],#d2[P],e2[P],f2[P],#f2[P],g2[P],#g2[P],a2[P],#a2[P],c3[P],#c3[P],d3[P],#d3[P],e3[P],#f3[P],g3[P],#g3[P],a3[P],#a3[P],T,e4[P],#d4[P],d4[P],#c4[P],c4[P],b3[P],#a3[P],a3[P],#g3[P],g3[P],#f3[P],f3[P],e3[P],#d3[P],d3[P],#c3[P],c3[P],b2[P],#a2[P],a2[P],#g2[P],g2[P],#f2[P],f2[P],e2[P],#d2[P],d2[P],#c2[P],c2[P],b1[P],#a1[P],a1[P],#g1[P],g1[P],#f1[P],f1[P],e1[P],#d1[P],d1[P],#c1[P],c1[P],b[P],#a[P],a[P],#g[P],g[P],#f[P],f[P],e[P],#d[P],d[P],#c[P],c[P],B-1[P],#A-1[P],A-1[P],#G-1[P],G-1[P],#F-1[P],F-1[P],V,(c5.b4.#a4.a4.#g4.g4.#f4.f4.e4.#d4.d4.#c4.c4.b3.#a3.a3.#g3.g3.#f3.f3.e3.#d3.d3.#c3.c3.b2.#a2.a2.#g2.g2.#f2.f2.e2.#d2.d2.#c2.c2.b1.#a1.a1.#g1.g1.#f1.f1.e1.#d1.d1.#c1.c1.b.#a.a.#g.g.#f.f.e.#d.d.#c.c.B-1.#A-1.A-1.#G-1.G-1.#F-1.F-1.E-1.#D-1.D-1.#C-1.C-1.B-2.#A-2.A-2.#G-2.G-2.#F-2.F-2.E-2.#D-2.D-2.#C-2.C-2.B-3.#A-3.A-3)[K],V,F-1[P],#F-1[P],G-1[M],#G-1[P],A-1[P],#A-1[P],B-1[P],c[P],#c[P],d[P],#d[P],e[P],f[P],#f[P],g[P],#g[P],a[P],#a[P],b[P],c1[P],#c1[P],d1[P],#d1[P],e1[P],f1[P],#f1[P],g1[P],#g1[P],a1[P],#a1[P],b1[P],c2[P],#c2[P],d2[P],#d2[P],e2[P],f2[P],#f2[P],g2[P],#g2[P],a2[P],#a2[P],c3[P],#c3[P],d3[P],#d3[P],e3[P],#f3[P],g3[P],#g3[P],a3[P],#a3[P],R,R,R,e4[P],#d4[P],d4[P],#c4[P],c4[P],b3[P],#a3[P],a3[P],#g3[P],g3[P],#f3[P],f3[P],e3[P],#d3[P],d3[P],#c3[P],c3[P],b2[P],#a2[P],a2[P],#g2[P],g2[P],#f2[P],f2[P],e2[P],#d2[P],d2[P],#c2[P],c2[P],b1[P],#a1[P],a1[P],#g1[P],g1[P],#f1[P],f1[P],e1[P],#d1[P],d1[P],#c1[P],c1[P],b[P],#a[P],a[P],#g[P],g[P],#f[P],f[P],e[P],#d[P],d[P],#c[P],c[P],B-1[P],#A-1[P],A-1[P],#G-1[P],G-1[P],#F-1[P],F-1[P],F-1[P],#F-1[P],G-1[M],#G-1[P],A-1[P],#A-1[P],B-1[P],c[P],#c[P],d[P],#d[P],e[P],f[P],#f[P],g[P],#g[P],a[P],#a[P],b[P],c1[P],#c1[P],d1[P],#d1[P],e1[P],f1[P],#f1[P],g1[P],#g1[P],a1[P],#a1[P],b1[P],c2[P],#c2[P],d2[P],#d2[P],e2[P],f2[P],#f2[P],g2[P],#g2[P],a2[P],#a2[P],c3[P],#c3[P],d3[P],#d3[P],e3[P],#f3[P],g3[P],#g3[P],a3[P],#a3[P],T,e4[P],#d4[P],d4[P],#c4[P],c4[P],b3[P],#a3[P],a3[P],#g3[P],g3[P],#f3[P],f3[P],e3[P],#d3[P],d3[P],#c3[P],c3[P],b2[P],#a2[P],a2[P],#g2[P],g2[P],#f2[P],f2[P],e2[P],#d2[P],d2[P],#c2[P],c2[P],b1[P],#a1[P],a1[P],#g1[P],g1[P],#f1[P],f1[P],e1[P],#d1[P],d1[P],#c1[P],c1[P],b[P],#a[P],a[P],#g[P],g[P],#f[P],f[P],e[P],#d[P],d[P],#c[P],c[P],B-1[P],#A-1[P],A-1[P],#G-1[P],G-1[P],#F-1[P],F-1[P],V,(c5.b4.#a4.a4.#g4.g4.#f4.f4.e4.#d4.d4.#c4.c4.b3.#a3.a3.#g3.g3.#f3.f3.e3.#d3.d3.#c3.c3.b2.#a2.a2.#g2.g2.#f2.f2.e2.#d2.d2.#c2.c2.b1.#a1.a1.#g1.g1.#f1.f1.e1.#d1.d1.#c1.c1.b.#a.a.#g.g.#f.f.e.#d.d.#c.c.B-1.#A-1.A-1.#G-1.G-1.#F-1.F-1.E-1.#D-1.D-1.#C-1.C-1.B-2.#A-2.A-2.#G-2.G-2.#F-2.F-2.E-2.#D-2.D-2.#C-2.C-2.B-3.#A-3.A-3)[K],V,F-1[P],#F-1[P],G-1[M],#G-1[P],A-1[P],#A-1[P],B-1[P],c[P],#c[P],d[P],#d[P],e[P],f[P],#f[P],g[P],#g[P],a[P],#a[P],b[P],c1[P],#c1[P],d1[P],#d1[P],e1[P],f1[P],#f1[P],g1[P],#g1[P],a1[P],#a1[P],b1[P],c2[P],#c2[P],d2[P],#d2[P],e2[P],f2[P],#f2[P],g2[P],#g2[P],a2[P],#a2[P],c3[P],#c3[P],d3[P],#d3[P],e3[P],#f3[P],g3[P],#g3[P],a3[P],#a3[P],R,R,R,e4[P],#d4[P],d4[P],#c4[P],c4[P],b3[P],#a3[P],a3[P],#g3[P],g3[P],#f3[P],f3[P],e3[P],#d3[P],d3[P],#c3[P],c3[P],b2[P],#a2[P],a2[P],#g2[P],g2[P],#f2[P],f2[P],e2[P],#d2[P],d2[P],#c2[P],c2[P],b1[P],#a1[P],a1[P],#g1[P],g1[P],#f1[P],f1[P],e1[P],#d1[P],d1[P],#c1[P],c1[P],b[P],#a[P],a[P],#g[P],g[P],#f[P],f[P],e[P],#d[P],d[P],#c[P],c[P],B-1[P],#A-1[P],A-1[P],#G-1[P],G-1[P],#F-1[P],F-1[P],R,R;,"]},{"id":4,"baseBeats":0.25,"scores":["RS,V,V,V,V,V,V,V,V,V,V,V,V,V,V,V,V,V,V,V,V,V,V,V,V,V,V,V,V,V,V,V,V,V,V,V,V,V,V,V,V,V,V,V,V,V,V,V,V,V,V,V,V,V,V,V,V,V,V,V,V,V,V,V,V,V,V,V,V,V,V,V,VW,V,V,V,V,V,V,V,V,V,V,V,V,V,V,V,V,V,V,V,V,V,V,V,V,V,V,V,V,V,V,V,V,V,V,V,V,V,V,V,V,V,V,V,V,V,V,V,V,V,V,V,V,V,V,V,V,V,V,V,V,V,V,V,V,V,V,V,V,V,V,V,V,V,V,V,V,V,V,V,V,V,V,V,V,V,V,V,V,V,V,V,V,V,V,V,V,V,V,V,V,V,V,V,V,V,V,V,V,V,V,V,V,V,V,V,V,V,V,V,V,V,V,V,V,V,V,V,V,V,V,V,V,V,V,V,V,V,V,V,V,V,V,V,V,V,V,V,V,V,V,V,V,V,V,V,V,V,V,V,V,V,V,V,V,V,V,V,V,V,V,V,V,V,V,V,V,V,V,V,V,V,V,V,V,V,V,V,V,V,V,V,V,V,V,V,V,V,V,V,V,V,V,V,V,V,V,V,V,V,V,V,V,V,V,V,V,V,V,V,V,V,V,V,V,V,V,V,V,V,V,V,V,V,V,V,V,V,V,V,VW;","QRWX,#g1[NO],a1[NO],#g1[NO],g1[NO],#g1[NO],#c2[NO],e2[NO],#d2[NO],#c2[NO],#d2[NO],#c2[NO],c2[NO],#c2[NO],e2[NO],#g2[MN],#g1[NO],a1[NO],#g1[NO],g1[NO],#g1[NO],#c2[NO],e2[NO],#d2[NO],#c2[NO],#d2[NO],#c2[NO],c2[NO],#c2[NO],e2[NO],#g2[MN],a1[NO],#c2[NO],#d2[NO],#f2[NO],a2[NO],#c3[NO],#d3[NO],b3[NO],a3[NO],#g3[NO],#f3[NO],e3[NO],#d3[NO],#f3[NO],#c3[NO],c3[NO],#d3[NO],a2[NO],#g2[NO],#f2[NO],a2[NO],e2[NO],#d2[NO],#f2[NO],#c2[NO],c2[NO],#d2[NO],a1[NO],#g1[NO],b1[NO],a1[MN],#g1[NO],a1[NO],#g1[NO],g1[NO],#g1[NO],#c2[NO],e2[NO],#d2[NO],#c2[NO],#d2[NO],#c2[NO],c2[NO],#c2[NO],e2[NO],#g2[MN],#g1[NO],a1[NO],#g1[NO],g1[NO],#g1[NO],#c2[NO],e2[NO],#d2[NO],#c2[NO],#d2[NO],#c2[NO],c2[NO],#c2[NO],e2[NO],#g2[NO],#d2[NO],e2[NO],#d2[NO],d2[NO],#d2[NO],b2[NO],#a2[NO],#g2[NO],g2[NO],e3[NO],#d3[NO],#c3[NO],b2[NO],#a2[NO],#g2[NO],g2[NO],#a2[NO],#g2[NO],b2[NO],d2[NO],e2[NO],#d2[NO],#g2[NO],#a1[NO],#c2[NO],b1[NO],#d2[NO],g1[NO],#a1[NO],#g1[NO],g1[NO],#g1[NO],#g1[NO],#g2[NO],c2[NO],#c2[NO],#f1[NO],#f2[NO],c2[NO],#c2[NO],f1[NO],f2[NO],c2[NO],#c2[NO],#f1[NO],#f2[NO],c2[NO],#c2[NO],#c1[NO],#c2[NO],#f1[NO],a1[NO],#d1[NO],#d2[NO],#f1[NO],a1[NO],e1[NO],e2[NO],#g1[NO],b1[NO],#g1[NO],#g2[NO],b1[NO],e2[NO],#g1[NO],#g2[NO],c2[NO],#c2[NO],#f1[NO],#f2[NO],c2[NO],#c2[NO],f1[NO],f2[NO],c2[NO],#c2[NO],#f1[NO],#f2[NO],c2[NO],#c2[NO],f1[NO],f2[NO],b1[NO],#d2[NO],#f1[NO],#f2[NO],b1[NO],#d2[NO],a1[NO],a2[NO],b1[NO],e2[NO],#g1[NO],#g2[NO],b1[NO],e2[NO],#g1[NO],#g2[NO],c2[NO],#c2[NO],#f1[NO],#f2[NO],c2[NO],#c2[NO],f1[NO],f2[NO],c2[NO],#c2[NO],#f1[NO],#f2[NO],c2[NO],#c2[NO],#c1[NO],#c2[NO],#f1[NO],a1[NO],#d1[NO],#d2[NO],#f1[NO],a1[NO],e1[NO],e2[NO],#g1[NO],b1[NO],#g1[NO],#g2[NO],b1[NO],e2[NO],#g1[NO],#g2[NO],c2[NO],#c2[NO],#f1[NO],#f2[NO],c2[NO],#c2[NO],#d2[NO],#d3[NO],#f2[NO],a2[NO],#c2[NO],#c3[NO],#f2[NO],a2[NO],#c2[NO],#c3[NO],#d2[NO],#f2[NO],c2[NO],c3[NO],#d2[NO],#f2[NO],c2[NO],c3[NO],#d2[NO],#f2[NO],c2[NO],c3[NO],#d2[NO],#f2[NO],c2[NO],c3[NO],#d2[NO],#f2[NO],b1[NO],b2[NO],#d2[NO],#f2[NO],b1[NO],b2[NO],#d2[NO],#f2[NO],#a1[NO],#a2[NO],#d2[NO],#f2[NO],#a1[NO],#a2[NO],#d2[NO],#f2[NO],a1[NO],a2[NO],#d2[NO],#f2[NO],a1[NO],a2[NO],#d2[NO],#f2[NO],a1[NO],a2[NO],#d2[NO],#f2[NO],c2[NO],c3[NO],#d2[NO],#f2[NO],b1[NO],b2[NO],#d2[NO],#f2[NO],b1[NO],b2[NO],#d2[NO],#f2[NO],#a1[NO],#a2[NO],#d2[NO],#f2[NO],#a1[NO],#a2[NO],#d2[NO],#f2[NO],a1[NO],a2[NO],#d2[NO],#f2[NO],a1[NO],a2[NO],#d2[NO],#f2[NO],#g1[NO],#g2[NO],#d2[NO],#f2[MN],#g1[NO],a1[NO],#g1[NO],g1[NO],#g1[NO],#c2[NO],e2[NO],#d2[NO],#c2[NO],#d2[NO],#c2[NO],c2[NO],#c2[NO],e2[NO],#g2[MN],#g1[NO],a1[NO],#g1[NO],g1[NO],#g1[NO],#c2[NO],e2[NO],#d2[NO],#c2[NO],#d2[NO],#c2[NO],c2[NO],#c2[NO],e2[NO],#g2[MN],a1[NO],#c2[NO],#d2[NO],#f2[NO],a2[NO],#c3[NO],#d3[NO],b3[NO],a3[NO],#g3[NO],#f3[NO],e3[NO],#d3[NO],#f3[NO],#c3[NO],c3[NO],#d3[NO],a2[NO],#g2[NO],#f2[NO],a2[NO],e2[NO],#d2[NO],#f2[NO],#c2[NO],c2[NO],#d2[NO],a1[NO],#g1[NO],b1[NO],a1[MN],#g1[NO],a1[NO],#g1[NO],g1[NO],#g1[NO],#c2[NO],e2[NO],#d2[NO],#c2[NO],#d2[NO],#c2[NO],c2[NO],#c2[NO],e2[NO],#g2[NO],e2[NO],#d2[NO],e2[NO],#d2[NO],d2[NO],#d2[NO],#f2[NO],a2[NO],#f2[NO],f2[NO],#f2[NO],f2[NO],e2[NO],f2[NO],#g2[NO],#c3[MN],#c2[NO],d2[NO],#c2[NO],c2[NO],#c2[NO],#f2[NO],a2[NO],#f2[NO],f2[NO],#f2[NO],f2[NO],e2[NO],f2[NO],#g2[NO],#c3[NO],#g2[NO],#f2[NO],#g2[NO],#f2[NO],f2[NO],#f2[NO],a2[NO],#c3[NO],a2[NO],#g2[NO],a2[NO],#g2[NO],g2[NO],#g2[NO],c3[NO],#d3[NO],#g2[NO],a2[NO],#g2[NO],g2[NO],#g2[NO],e3[NO],#d3[NO],d3[NO],#c3[NO],c3[NO],b2[NO],#a2[NO],a2[NO],#g2[NO],g2[NO],#f2[NO],e2[NO],#f2[NO],e2[NO],#d2[NO],e2[NO],e3[NO],#d3[NO],d3[NO],#c3[NO],c3[NO],b2[NO],#a2[NO],a2[NO],#g2[NO],g2[NO],#f2[NO],#g2[MN],#g3[NO],g3[NO],#f3[NO],f3[NO],e3[NO],#d3[NO],d3[NO],#c3[NO],c3[NO],b2[NO],#a2[NO],a2[NO],#g2[NO],g2[NO],#f2[NO],f2[NO],e2[NO],#d2[NO],d2[NO],#c2[NO],c2[NO],b1[NO],#a1[NO],a1[NO],#g1[NO],g1[NO],#f1[NO],e1[NO],#d1[NO],#c1[NO],#g[LMO],a3[NO],#g3[NO],e4[NO],e3[NO],#f3[NO],e3[NO],#c4[NO],#c3[NO],#d3[NO],#c3[NO],#g3[NO],#g2[NO],a2[NO],#g2[NO],e3[NO],e2[NO],#f2[NO],e2[NO],#c3[NO],#c2[NO],#d2[NO],#c2[NO],#g2[NO],#g1[NO],a1[NO],#g1[NO],e2[NO],e1[NO],#f1[NO],e1[NO],#c2[NO],#c1[NO],#d1[NO],#c1[NO],#g1[NO],#g[NO],#d1[NO],#c1[NO],#g1[NO],#g[NO],#d1[NO],#c1[NO],a1[NO],a[NO],#d1[NO],#c1[NO],#g1[NO],#g[NO],#d1[NO],#c1[NO],g1[NO],g[NO],#d1[NO],#c1[NO],#g1[NO],#g[NO],#d1[NO],c1[NO],#g1[NO],#g[NO],","(#G-1.#g)[IJ],(#C-1.#c)[M],#g[M],#c1[M],e1[M],#c1[M],#g[M],#c[M],#g[M],#c1[M],e1[M],#c1[M],#g[M],#c[M],#g[M],#c1[M],e1[M],#c1[M],#g[M],#c[M],#g[M],#c1[M],e1[M],#c1[M],#g[M],#c[M],#g[M],#c1[M],e1[M],#c1[M],#g[M],e[M],#g[M],#c1[M],e1[M],#c1[M],#g[M],#c[M],#g[M],#c1[M],e1[M],#c1[M],#g[M],e[M],#g[M],#c1[M],e1[M],#c1[M],#g[M],#d[M],a[M],#c1[M],#f1[M],#c1[M],a[M],#f[M],#c1[M],#d1[M],a1[M],#d1[M],#a1[M],#G-1[M],#d[M],#f[M],c1[M],#f[M],#d[M],#G-1[M],#d[M],#f[M],c1[M],#f[M],#d[M],#c[M],#g[M],#c1[M],e1[M],#c1[M],#g[M],e[M],#g[M],#c1[M],e1[M],#c1[M],#g[M],#c[M],#g[M],#a[M],e1[M],#a[M],#g[M],e[M],#g[M],#a[M],#c1[M],#a[M],#g[M],#d[M],#g[M],b[M],#d1[M],b[M],#g[M],#d[M],#a[M],#c1[M],g1[M],#c1[M],#a[M],#G-1[M],#d[M],#g[M],b[M],#g[M],#d[M],#G-1[M],#d[M],#g[M],b[M],#g[M],#d[M],A-1[M],#c[M],#f[M],a[M],#f[M],#c[M],A-1[M],#c[M],#f[M],a[M],#f[M],#c[M],B-1[M],#f[M],a[M],b[M],a[M],#f[M],E-1[M],B-1[M],e[M],#g[M],e[M],B-1[M],A-1[M],#c[M],#f[M],a[M],#f[M],#c[M],A-1[M],#c[M],#f[M],a[M],#f[M],#c[M],B-1[M],#d[M],a[M],b[M],a[M],#d[M],E-1[M],A-1[M],e[M],#g[M],e[M],A-1[M],A-1[M],#c[M],#f[M],a[M],#f[M],#c[M],A-1[M],#c[M],#f[M],a[M],#f[M],#c[M],B-1[M],#f[M],a[M],b[M],a[M],#f[M],E-1[M],B-1[M],e[M],#g[M],e[M],B-1[M],A-1[M],#c[M],#f[M],a[M],#f[M],#c[M],A-1[M],#d[M],#f[M],a[M],#f[M],#d[M],#G-1[M],#d[M],#f[M],c[M],#f[M],#d[M],#G-1[M],#d[M],#f[M],c[M],#f[M],#d[M],A-1[M],#d[M],#f[M],b[M],#f[M],#d[M],#A-1[M],#d[M],#f[M],#a[M],#f[M],#d[M],c[M],#d[M],#f[M],a[M],#f[M],#d[M],c[M],#d[M],#f[M],a[M],#f[M],#d[M],A-1[M],#d[M],#f[M],b[M],#f[M],#d[M],#A-1[M],#d[M],#f[M],#a[M],#f[M],#d[M],B-1[M],#d[M],#f[M],a[M],#f[M],#d[M],c[M],#d[M],#f[M],#g[M],#f[M],#d[M],#c[M],#g[M],#c1[M],e1[M],#c1[M],#g[M],e[M],#g[M],#c1[M],e1[M],#c1[M],#g[M],#c[M],#g[M],#c1[M],e1[M],#c1[M],#g[M],e[M],#g[M],#c1[M],e1[M],#c1[M],#g[M],#d[M],a[M],#c1[M],#f1[M],#c1[M],a[M],#f[M],#c1[M],#d1[M],a1[M],#d1[M],#a1[M],#G-1[M],#d[M],#f[M],c1[M],#f[M],#d[M],#G-1[M],#d[M],#f[M],c1[M],#f[M],#d[M],#c[M],#g[M],#c1[M],e1[M],#c1[M],#g[M],e[M],#g[M],#c1[M],e1[M],#c1[M],#g[M],#f[M],#c1[M],#d1[M],a1[M],#d1[M],#c1[M],#g[M],#c1[M],f1[M],b1[M],f1[M],#c1[M],a[M],#c1[M],#f1[M],a1[M],#f1[M],#c1[M],#g[M],#c1[M],f1[M],b1[M],f1[M],#c1[M],a[M],#c1[M],#f1[M],a1[M],#f1[M],#c1[M],c[M],#f[M],#g[M],#d1[M],#g[M],#f[M],#c[M],#g[M],#c1[M],e1[M],#c1[M],#g[M],#d[M],#g[M],c1[M],#f1[M],c1[M],#g[M],e[M],#g[M],#c1[M],e1[M],#c1[M],#g[M],#f[M],#c1[M],#d1[M],a1[M],#d1[M],#c1[M],(#g.#c1.e1.#g1)[KLN],(g.#c1.e1.a1)[IMO],(#G-1.#g)[LMO],(e1.e2)[LM],(#c1.#c2)[LM],(#g.#g1)[LM],(e.e1)[LM],(#c.#c1)[LM],(#G-1.#g)[LM],(E-1.e)[LM],(#C-1.#c)[LM],(#G-2.#G-1)[LM],(#G-2.#G-1)[LM],(A-2.A-1)[LM],(#G-2.#G-1)[LM],(G-2.G-1)[LM],(#G-2.#G-1)[KL],"]},{"id":5,"baseBeats":0.25,"scores":["S,5<c2[N],e2[N]>,a2[M],U,5<c2[N],e2[N]>,a2[M],U,5<c2[N],e2[N]>,a2[M],U,5<c2[N],e2[N]>,a2[M],U,5<c2[N],e2[N]>,a2[M],U,5<c2[N],e2[N]>,a2[M],U,5<c2[N],e2[N]>,a2[M],U,5<c2[N],e2[N]>,a2[M],U,5<b1[N],e2[N]>,a2[M],U,5<b1[N],e2[N]>,a2[M],U,5<b1[N],e2[N]>,a2[M],U,5<b1[N],e2[N]>,g2[M],U,5<b1[N],e2[N]>,g2[M],U,5<b1[N],e2[N]>,g2[M],U,5<b1[N],e2[N]>,g2[M],U,5<b1[N],e2[N]>,g2[M],U,5<c2[N],e2[N]>,a2[M],U,5<c2[N],e2[N]>,a2[M],U,5<c2[N],e2[N]>,a2[M],U,5<c2[N],e2[N]>,a2[M],U,5<c2[N],e2[N]>,a2[M],U,5<c2[N],e2[N]>,a2[M],U,5<c2[N],e2[N]>,a2[M],U,5<c2[N],e2[N]>,a2[M],U,5<b1[N],e2[N]>,a2[M],U,5<b1[N],e2[N]>,a2[M],U,5<b1[N],e2[N]>,a2[M],U,5<b1[N],e2[N]>,g2[M],U,5<b1[N],e2[N]>,g2[M],U,5<b1[N],e2[N]>,g2[M],U,5<b1[N],e2[N]>,g2[M],U,5<b1[N],e2[N]>,g2[M],U,5<c2[N],e2[N]>,a2[M],U,5<c2[N],e2[N]>,a2[M],U,5<c2[N],e2[N]>,a2[M],U,5<c2[N],e2[N]>,a2[M],U,5<c2[N],e2[N]>,a2[M],U,5<c2[N],e2[N]>,a2[M],U,5<c2[N],e2[N]>,a2[M],U,5<c2[N],e2[N]>,a2[M],U,5<b1[N],e2[N]>,a2[M],U,5<b1[N],e2[N]>,a2[M],U,5<b1[N],e2[N]>,a2[M],U,5<b1[N],e2[N]>,g2[M],U,5<b1[N],e2[N]>,g2[M],U,5<b1[N],e2[N]>,g2[M],U,5<b1[N],e2[N]>,g2[M],U,5<b1[N],e2[N]>,g2[M],U,5<c2[N],e2[N]>,a2[M],U,5<c2[N],e2[N]>,a2[M],U,5<c2[N],e2[N]>,a2[M],U,5<c2[N],e2[N]>,a2[M],U,5<c2[N],e2[N]>,a2[M],U,5<c2[N],e2[N]>,a2[M],U,5<c2[N],e2[N]>,a2[M],U,5<c2[N],e2[N]>,a2[M],U,5<b1[N],e2[N]>,a2[M],U,5<b1[N],e2[N]>,a2[M],U,5<b1[N],e2[N]>,a2[M],U,5<b1[N],e2[N]>,g2[M],U,5<b1[N],e2[N]>,g2[M],U,5<b1[N],e2[N]>,g2[M],b1[L],5<b1[N],e2[N]>,g2[M],b1[L],5<b1[N],e2[N]>,g2[M],e2[L],5<c2[N],e2[N]>,a2[M],b1[L],5<c2[N],e2[N]>,a2[M],b1[L],5<c2[N],e2[N]>,a2[M],U,5<c2[N],e2[N]>,a2[M],U,5<c2[N],e2[N]>,a2[M],U,5<c2[N],e2[N]>,a2[M],U,5<c2[N],e2[N]>,a2[M],U,5<c2[N],e2[N]>,a2[M],U,5<b1[N],e2[N]>,a2[M],U,5<b1[N],e2[N]>,a2[M],U,5<b1[N],e2[N]>,a2[M],U,5<b1[N],e2[N]>,g2[M],U,5<b1[N],e2[N]>,g2[M],U,5<b1[N],e2[N]>,g2[M],U,5<b1[N],e2[N]>,g2[M],U,5<b1[N],e2[N]>,g2[M],U;","e[J],(A-2.A-1)[IJ],(B-2.B-1)[J],(E-2.E-1)[IJ],(E-2.E-1)[J],(A-2.A-1)[IJ],(B-2.B-1)[J],(E-2.E-1)[IJ],(E-2.E-1.G-1)[K],E-1[K],(A-2.A-1)[IJ],(B-2.B-1)[J],(E-2.E-1)[IJ],(E-2.E-1)[J],(A-2.A-1)[IJ],(B-2.B-1)[J],(E-2.E-1)[IJ],(E-2.E-1.G-1)[K],E-1[K],(A-2.A-1)[IJ],(B-2.B-1)[J],(E-2.E-1)[IJ],(E-2.E-1)[J],"]}]}