{"baseBpm":100,"musics":[{"id":1,"baseBeats":0.5,"scores":["5<e2[M],e2[M]>,5<e2[M],e2[M]>,5<e2[M],e2[M]>,5<e2[M],e2[M]>,5<e2[M],e2[M]>,5<e2[M],e2[M]>,5<e2[M],e2[M]>,5<e2[M],e2[M]>;5<d2[M],d2[M]>,5<d2[M],d2[M]>,5<d2[M],d2[M]>,5<d2[M],d2[M]>,5<d2[M],d2[M]>,5<d2[M],d2[M]>,5<d2[M],d2[M]>,5<d2[M],d2[M]>;5<c2[M],c2[M]>,5<c2[M],c2[M]>,5<c2[M],c2[M]>,5<c2[M],c2[M]>,5<c2[M],c2[M]>,5<c2[M],c2[M]>,5<c2[M],c2[M]>,5<c2[M],c2[M]>;5<b1[M],b1[M]>,5<b1[M],b1[M]>,5<b1[M],b1[M]>,5<b1[M],b1[M]>,5<b1[M],b1[M]>,5<b1[M],b1[M]>,5<b1[M],b1[M]>,5<b1[M],b1[M]>;5<a1[M],a1[M]>,5<a1[M],a1[M]>,5<a1[M],a1[M]>,5<a1[M],a1[M]>,5<a1[M],a1[M]>,5<a1[M],a1[M]>,5<a1[M],a1[M]>,5<a1[M],a1[M]>;5<g1[M],g1[M]>,5<g1[M],g1[M]>,5<g1[M],g1[M]>,5<g1[M],g1[M]>,5<g1[M],g1[M]>,5<g1[M],g1[M]>,5<g1[M],g1[M]>,5<g1[M],g1[M]>;5<a1[M],a1[M]>,5<a1[M],a1[M]>,5<a1[M],a1[M]>,5<a1[M],a1[M]>,5<a1[M],a1[M]>,5<a1[M],a1[M]>,5<a1[M],a1[M]>,5<a1[M],a1[M]>;5<b1[M],b1[M]>,5<b1[M],b1[M]>,5<b1[M],b1[M]>,5<b1[M],b1[M]>,5<b1[M],b1[M]>,5<b1[M],b1[M]>,5<b1[M],b1[M]>,5<b1[M],b1[M]>;5<e2[M],e2[M]>,5<e2[M],e2[M]>,5<e2[M],e2[M]>,5<e2[M],e2[M]>,5<e2[M],e2[M]>,5<e2[M],e2[M]>,5<e2[M],e2[M]>,5<e2[M],e2[M]>;5<d2[M],d2[M]>,5<d2[M],d2[M]>,5<d2[M],d2[M]>,5<d2[M],d2[M]>,5<d2[M],d2[M]>,5<d2[M],d2[M]>,5<d2[M],d2[M]>,5<d2[M],d2[M]>;5<c2[M],c2[M]>,5<c2[M],c2[M]>,5<c2[M],c2[M]>,5<c2[M],c2[M]>,5<c2[M],c2[M]>,5<c2[M],c2[M]>,5<c2[M],c2[M]>,5<c2[M],c2[M]>;5<b1[M],b1[M]>,5<b1[M],b1[M]>,5<b1[M],b1[M]>,5<b1[M],b1[M]>,5<b1[M],b1[M]>,5<b1[M],b1[M]>,5<b1[M],b1[M]>,5<b1[M],b1[M]>;5<a1[M],a1[M]>,5<a1[M],a1[M]>,5<a1[M],a1[M]>,5<a1[M],a1[M]>,5<a1[M],a1[M]>,5<a1[M],a1[M]>,5<a1[M],a1[M]>,5<a1[M],a1[M]>;5<g1[M],g1[M]>,5<g1[M],g1[M]>,5<g1[M],g1[M]>,5<g1[M],g1[M]>,5<g1[M],g1[M]>,5<g1[M],g1[M]>,5<g1[M],g1[M]>,5<g1[M],g1[M]>;5<a1[M],a1[M]>,5<a1[M],a1[M]>,5<a1[M],a1[M]>,5<a1[M],a1[M]>,5<a1[M],a1[M]>,5<a1[M],a1[M]>,5<a1[M],a1[M]>,5<a1[M],a1[M]>;5<b1[M],b1[M]>,5<b1[M],b1[M]>,5<b1[M],b1[M]>,5<b1[M],b1[M]>,5<b1[M],b1[M]>,5<b1[M],b1[M]>,5<b1[M],b1[M]>,b1[L];(c2.e1)[IJKL];","c[K],g[K],c1[K],e1[K];G-1[K],d[K],g[K],b[K];A-1[K],e[K],a[K],c1[K];E-1[K],e[K],g[K],b[K];F-1[K],f[K],a[K],c1[K];E-1[K],e[K],g[K],c1[K];F-1[K],d[K],a[K],c1[K];G-1[K],d[K],g[K],b[K];c[K],g[K],c1[K],e1[K];G-1[K],d[K],g[K],b[K];A-1[K],e[K],a[K],c1[K];E-1[K],e[K],g[K],b[K];F-1[K],f[K],a[K],c1[K];E-1[K],e[K],g[K],c1[K];D-1[K],f[K],a[K],c1[K];G-1[K],d[K],g[K],b[K];(g.c)[IJKL],"]},{"id":2,"baseBeats":0.5,"scores":["(#g1.e2)[JKL],(g1.#d2)[JK],5<(e2)[M],(#d2)[M]>,(#D-1.#c2)[JL],(#f1.#g1)[JK],(#g1.e2)[JK],(g1.#d2)[JK],5<(e2)[M],(#d2)[M]>,(#D-1.#c2)[JL],(#f1.#g1)[JK],(#g1.e2)[KL],G-1[K],(g1.#d2)[KL],G-1[KL],5<(e2)[M],(#d2)[M]>,(#D-1.#c2)[L],5<c2[N],d2[N]>,5<b1[N],d2[N]>,5<a1[N],d2[N]>,5<g1[N],c2[N]>,5<e1[N],d2[N]>,5<d1[N],d2[N]>,5<c1[N],d2[N]>,(#f1.#g1)[K],g[L],a[L],(#g1.e2)[KL],G-1[K],(g1.#d2)[KL],G-1[KL],5<(e2)[M],(#d2)[M]>,(#D-1.#c2)[L],5<c2[N],d2[N]>,5<b1[N],d2[N]>,5<a1[N],d2[N]>,5<g1[N],c2[N]>,5<e1[N],d2[N]>,5<d1[N],d2[N]>,5<c1[N],d2[N]>,(#f1.#g1)[K],g[L],a[L];"]},{"id":3,"baseBeats":0.25,"scores":["A-2[L],A-2[L],A-1[L],A-2[L],A-2[L],A-2[L],A-1[L],A-2[L];A-2[L],A-2[L],A-1[L],A-2[L],A-2[L],A-2[L],A-1[L],A-2[L],A-2[L],A-2[L],A-1[L],A-2[L],A-2[L],A-2[L],A-1[L],A-2[L];A-2[L],A-2[L],A-1[L],A-2[L],A-2[L],A-2[L],A-1[L],A-2[L],A-2[L],A-2[L],A-1[L],A-2[L],A-2[L],A-2[L],A-1[L],A-2[L];F-2[L],F-2[L],F-1[L],F-2[L],F-2[L],F-2[L],F-1[L],F-2[L],G-2[L],G-2[L],G-1[L],G-2[L],G-2[L],G-2[L],G-1[L],G-2[L];A-2[L],A-2[L],A-1[L],A-2[L],A-2[L],A-2[L],A-1[L],A-2[L],A-2[L],A-2[L],A-1[L],A-2[L],A-2[L],A-2[L],A-1[L],A-2[L];A-2[L],A-2[L],A-1[L],A-2[L],A-2[L],A-2[L],A-1[L],A-2[L],A-2[L],A-2[L],A-1[L],A-2[L],A-2[L],A-2[L],A-1[L],A-2[L];A-2[L],A-2[L],A-1[L],A-2[L],A-2[L],A-2[L],A-1[L],A-2[L],A-2[L],A-2[L],A-1[L],A-2[L],A-2[L],A-2[L],A-1[L],A-2[L];F-2[L],F-2[L],F-1[L],F-2[L],F-2[L],F-2[L],F-1[L],F-2[L],G-2[L],G-2[L],G-1[L],G-2[L],G-2[L],G-2[L],G-1[L],G-2[L];A-2[L],A-2[L],A-1[L],A-2[L],A-2[L],A-2[L],A-1[L],A-2[L],A-2[L],A-2[L],A-1[L],A-2[L],A-2[L],A-2[L],A-1[L],A-2[L];A-2[L],A-2[L],A-1[L],A-2[L],A-2[L],A-2[L],A-1[L];"]},{"id":4,"baseBeats":0.125,"scores":["#f1[M],#g1[M],a1[M],#g1[M],(#f1.a1)[L],(e1.#g1)[M],(d1.#f1)[M],e1[L],b[L],#c1[M],(#c1.e1)[LM];#f1[M],#g1[M],a1[M],#g1[M],(#f1.a1)[L],(e1.#g1)[M],(d1.#f1)[M],e1[L],#c2[L],a1[K];#f1[M],#g1[M],a1[M],#g1[M],(#f1.a1)[L],(e1.#g1)[M],(d1.#f1)[M],e1[L],b[L],#c1[M],(#c1.e1)[LM];#f1[M],#g1[M],a1[M],#g1[M],(#f1.a1)[L],(e1.#g1)[M],(d1.#f1)[M],#f1[L],d2[L],#c2[K];#f1[M],#g1[M],a1[M],#g1[M],(#f1.a1)[L],(e1.#g1)[M],(d1.#f1)[M],e1[M],#g1[N],#f1[N],e1[M],b[M],#c1[N],#f1[N],e1[LM];#f1[M],#g1[M],a1[M],#g1[M],(#g1.b1)[M],(#f1.a1)[M],(e1.#g1)[M],(d1.#f1)[M],(d1.e1)[L],(d1.e1.b1)[L],#c2[N],b1[N],a1[LM];(#f1.#c2.#f2)[M],(#g1.#c2.#g2)[M],(a1.#c2.a2)[M],(#g1.#c2.#g2)[M],(b1.#f2.b2)[M],(a1.#f2.a2)[M],(a1.#g2)[M],(a1.#f2)[M],(e1.#g1.e2)[M],(#f1.#f2)[M],(e1.e2)[M],(b.b1)[M],(#c1.e1.#c2)[M],(e1.e2)[LM];(#f1.#c2.#f2)[M],(#g1.#c2.#g2)[M],(a1.#c2.a2)[M],(#g1.#c2.#g2)[M],(a1.#f2.a2)[L],(#g1.e2.#g2)[M],(#f1.d2.#f2)[M],(#f1.d2.#f2)[L],(e2.#f2.e3)[M],(d2.#f2.d3)[M],(#c2.f2.#c3)[K];","#c1[K],a[K],S;#c1[K],a[K],d1[K],#c1[K];#c1[K],a[K],S;#c1[K],a[K],d1[L],#f1[L],f1[K];#c1[K],a[K],T,#c1[K];#c1[K],a[K],T,e1[K];S,S;S,S;","(#f.a)[K],(d.#f)[K],(e.#g)[K],e[L],#c[M],e[M];(#f.a)[K],(d.#f)[K],a[L],#g[L],e1[M],#c1[M],a[M],e[M];(#f.a)[K],(d.#f)[K],(e.#g)[K],e[L],#c[M],e[M];(#f.a)[K],(d.#f)[K],b[K],a[L],#g[L];(#f.a)[L],#F-1[L],(d.#f)[L],D-1[L],(e.#g)[L],E-1[L],A-1[L],#c[M],e[M];(#f.a)[L],#F-1[L],(d.#f)[L],D-1[L],e[M],#f[M],a[M],#g[M],#c1[L],#c1[M],b[M];(#f.a)[L],#F-1[L],(d.#f)[L],D-1[L],(B-1.#g)[L],(E-1.d.e)[L],e[L],#c[M],e[M];(#f.a)[L],#F-1[M],#F-1[M],(d.#f)[L],D-1[M],D-1[M],(#G-1.b)[L],(B-1.#g)[L],(#c.#g.b.f1)[K];","S,T,A-1[K];S,B-1[L],e[L],A-1[K];S,T,A-1[K];S,#G-1[K],#c[K];S,T,A-1[K];S,E-1[K],(A-1.e)[K];S,T,A-1[K];S,T,T;"]},{"id":5,"baseBeats":0.5,"scores":["7<(e1~a1~#c2~e2~a2~#c3~e3~#c3~a2~e2~#c2~a1)[K]>,e1[KL],5<V,e1[M]>;e1[K],7<(e1~a1~#c2~e2~a2~#c3~e3~#c3~a2~e2~#c2~a1)[K]>,e1[KL],5<V,e1[M]>;e1[K],7<(e1~a1~#c2~e2~a2~#c3~e3~#c3~a2~e2~#c2~a1)[K]>,e1[KL],5<V,e1[M]>;e1[K],7<(e1~a1~#c2~e2~a2~#c3~e3~#c3~a2~e2~#c2~a1)[K]>,e1[KL],5<V,e1[M]>;e1[K],7<(e1~a1~#c2~e2~a2~#c3~e3~#c3~a2~e2~#c2~a1)[K]>,e1[KL],5<V,e1[M]>;e1[K],7<(e1~a1~#c2~e2~a2~#c3~e3~#c3~a2~e2~#c2~a1)[K]>,e1[KL],5<V,e1[M]>;e1[K],7<(e1~a1~#c2~e2~a2~#c3~e3~#c3~a2~e2~#c2~a1)[K]>,e1[KL],5<V,e1[M]>;e1[K],7<(e1~a1~#c2~e2~a2~#c3~e3~#c3~a2~e2~#c2~a1)[K]>,e1[KL],5<V,e1[M]>;e1[K],"]}]}