{"baseBpm":180,"musics":[{"id":1,"baseBeats":0.25,"scores":["d1[KL];d1[KL];d1[KL];d1[KL];mute[KL];d1[KL];d1[KL];d1[KL];d1[KL];d1[KL];d1[KL];TU;mute[IJ];","RS;(d1@#f1@a1@d2)[JK];RSTU;d1[KL];(#f1@a1@d2@#f2)[JK];"]},{"id":2,"baseBeats":0.25,"scores":["mute[K],mute[M],mute[M],mute[M],mute[M],mute[M],mute[M],mute[M],mute[M],mute[M],mute[M],mute[M],mute[M],mute[M],mute[M],mute[M],mute[M],mute[M],mute[M],mute[M],mute[M],mute[M],mute[M],mute[M],mute[M],mute[LM],5<V>,mute[I];","A-3[K],(e1.#f1.b1)[M],e2[M],(a.b.a2)[M],e2[M],(d.e.d3)[M],e2[M],(#c1.#d1.#c3)[M],#g2[M],(#f.#g.#d2)[M];#g2[M],(B-1.#c.#f2)[M],#c2[M],(#f.#g.#g1)[M],#c2[M],(c1.d1.d2)[M],g2[M],(f.g.c3)[M],f3[M],(#a1.c2.#a3)[M];f3[M],(g.a.c3)[M],a3[M],(d1.e1.e3)[M],b2[M],(#g1.#a1.#g3)[LM],5<#A-2[N],F-1[N]>,(g.c1.e1)[I];"]},{"id":3,"baseBeats":0.25,"scores":["V,#g1[M],a1[M],#g1[M],g1[M],#g1[M],#c2[M],e2[M],#d2[M],#c2[M],#d2[M],#c2[M],c2[M],#c2[M],e2[M],#g2[M];V,#g1[M],a1[M],#g1[M],g1[M],#g1[M],#c2[M],e2[M],#d2[M],#c2[M],#d2[M],#c2[M],c2[M],#c2[M],e2[M],#g2[M];V,a1[M],#c2[M],#d2[M],#f2[M],a2[M],#c3[M],#d3[M],b3[M],a3[M],#g3[M],#f3[M],e3[M],#d3[M],#f3[M],#c3[M];c3[M],#d3[M],a2[M],#g2[M],#f2[M],a2[M],e2[M],#d2[M],#f2[M],#c2[M],c2[M],#d2[M],a1[M],#g1[M],b1[M],a1[L];#g1[M],a1[M],#g1[M],g1[M],#g1[M],#c2[M],e2[M],#d2[M],#c2[M],#d2[M],#c2[M],c2[M],#c2[M],e2[M],#g2[M];V,#g1[M],#a1[M],#g1[M],g1[M],#g1[M],#c2[M],e2[M],#d2[M],#c2[M],#d2[M],#c2[M],c2[M],#c2[M],e2[M],#g2[M];#d2[M],e2[M],#d2[M],d2[M],#d2[M],b2[M],#a2[M],#g2[M],g2[M],e3[M],#d3[M],#c3[M],b2[M],#a2[M],#g2[M],g2[M];#a2[M],#g2[M],b2[M],d2[M],e2[M],#d2[M],#g2[M],#a1[M],#c2[M],b1[M],#d2[M],g1[M],#a1[M],#g1[M],g1[M],#g1[M];#g1[M],#g2[M],c2[M],#c2[M],#f1[M],#f2[M],c2[M],#c2[M],f1[M],f2[M],c2[M],#c2[M],#f1[M],#f2[M],c2[M],#c2[M];#c1[M],#c2[M],#f1[M],a1[M],#d1[M],#d2[M],#f1[M],a1[M],e1[M],e2[M],#g1[M],b1[M],#g1[M],#g2[M],b1[M],e2[M];#g1[M],#g2[M],c2[M],#c2[M],#f1[M],#f2[M],c2[M],#c2[M],f1[M],f2[M],c2[M],#c2[M],#f1[M],#f2[M],c2[M],#c2[M];f1[M],f2[M],b1[M],#d2[M],#f1[M],#f2[M],b1[M],#d2[M],a1[M],a2[M],b1[M],e2[M],#g1[M],#g2[M],b1[M],e2[M];","#c[L],#g[L],#c1[L],e1[L],#c1[L],#g[L],#c1[L],e1[L];#c[L],#g[L],#c1[L],e1[L],#c1[L],#g[L],#c1[L],e1[L];#d[L],a[L],#c1[L],#f1[L],#c1[L],a[L],#c1[L],#f1[L];#G-1[L],#d[L],#f[L],c1[L],#f[L],#d[L],#f[L],c1[L];#c[L],#g[L],#c1[L],e1[L],#c1[L],#g[L],#c1[L],e1[L];#c[L],#g[L],#a[L],e1[L],#a[L],#g[L],#a[L],#c1[L];#d[L],#g[L],b[L],#d1[L],#d[L],#a[L],#c1[L],#a[L];#G-1[L],#d[L],#g[L],b[L],#g[L],#d[L],#g[L],b[L];A-1[L],#c[L],#f[L],a[L],#f[L],#c[L],#f[L],a[L];B-1[L],#f[L],a[L],b[L],E-1[L],B-1[L],e[L],B-1[L];A-1[L],#c[L],#f[L],a[L],#f[L],#c[L],#f[L],a[L];B-1[L],#f[L],a[L],b[L],E-1[L],B-1[L],e[L],B-1[L],"]},{"id":4,"baseBeats":0.25,"scores":["c2[L],g2[L],g3[L],g4[L],#g4[L],3<b2[M],a2[M],e2[M],b2[M],a2[M],e2[M],b2[M],a2[M],e2[M],b2[M],a2[M],e2[M],b2[M],a2[M],e2[M],b2[M],a2[M],e2[M],b2[M],a2[M],e2[M],b2[M],a2[M],e2[M],b2[M],a2[M],e2[M],(c.e.g)[M],b2[M],a2[M],e2[M],b2[M],a2[M],e2[M],b2[M],a2[M],e2[M],b2[M],a2[M],e2[M],b2[M],a2[M],e2[M],b2[M],a2[M],e2[M],b2[M],a2[M],e2[M],b2[M],a2[M],e2[M],b2[M],a2[M],e2[M],(c.e.g)[M],b2[M],a2[M],e2[M],b2[M],a2[M],e2[M],b2[M],a2[M],e2[M],b2[M],a2[M],e2[M],b2[M],a2[M],e2[M],b2[M],a2[M],e2[M],b2[M],a2[M],e2[M],b2[M],a2[M],e2[M],b2[M],a2[M],e2[M],(c.e.g)[M],b2[M],a2[M],e2[M],b2[M],a2[M],e2[M],b2[M],a2[M],e2[M],b2[M],a2[M],e2[M],b2[M],a2[M],e2[M],b2[M],a2[M],e2[M],b2[M],a2[M],e2[M],b2[M],a2[M],e2[M],b2[M],a2[M],e2[M],(c.e.g)[M],b2[M],a2[M],e2[M],b2[M],a2[M],e2[M],b2[M],a2[M],e2[M],b2[M],a2[M],e2[M],b2[M],a2[M],e2[M],b2[M],a2[M],e2[M],b2[M],a2[M],e2[M],b2[M],a2[M],e2[M],b2[M],a2[M],e2[M],(c.e.g)[M]>,U,U,5<g1[N],c3[N]>,5<g1[N],c3[N]>,U,5<g1[N],c3[N]>,5<g1[N],c3[N]>,U,5<g1[N],c3[N]>,U,5<g1[N],c3[N]>,U,5<g1[N],c3[N]>,5<g1[N],c3[N]>,5<g1[N],c3[N]>,(c.e.g)[I],(B-1.d.f)[I],7<(b2~a2~e2)[L]>,(b2.a2.e2)[I];"]},{"id":5,"baseBeats":0.25,"scores":["b1[M],a1[M],b1[M],#d2[M],#f2[M],#d2[M],b1[M];b2[KM],c3[M],a1[M],b1[M],#d2[M],#f2[M],#d2[M],b1[M],U,U,U,7<(c5~b4~#a4~a4~#g4~g4~#f4~f4~e4~#d4~d4~#c4~c4~b3~#a3~a3~#g3~g3~#f3~f3~e3~#d3~d3~#c3~c3~b2~#a2~a2~#g2~g2~#f2~f2~e2~#d2~d2~#c2~c2~b1~#a1~a1~#g1~g1~#f1~f1~e1~#d1~d1~#c1~c1~b~#a~a~#g~g~#f~f~e~#d~d~#c~c~B-1~#A-1~A-1~#G-1~G-1~#F-1~F-1~E-1~#D-1~D-1~#C-1~C-1~B-2~#A-2~A-2~#G-2~G-2~#F-2~F-2~E-2~#D-2~D-2~#C-2~C-2~B-3~#A-3~A-3)[KLM]>,7<(c5~b4~#a4~a4~#g4~g4~#f4~f4~e4~#d4~d4~#c4~c4~b3~#a3~a3~#g3~g3~#f3~f3~e3~#d3~d3~#c3~c3~b2~#a2~a2~#g2~g2~#f2~f2~e2~#d2~d2~#c2~c2~b1~#a1~a1~#g1~g1~#f1~f1~e1~#d1~d1~#c1~c1~b~#a~a~#g~g~#f~f~e~#d~d~#c~c~B-1~#A-1~A-1~#G-1~G-1~#F-1~F-1~E-1~#D-1~D-1~#C-1~C-1~B-2~#A-2~A-2~#G-2~G-2~#F-2~F-2~E-2~#D-2~D-2~#C-2~C-2~B-3~#A-3~A-3)[KLM]>,7<(c5~b4~#a4~a4~#g4~g4~#f4~f4~e4~#d4~d4~#c4~c4~b3~#a3~a3~#g3~g3~#f3~f3~e3~#d3~d3~#c3~c3~b2~#a2~a2~#g2~g2~#f2~f2~e2~#d2~d2~#c2~c2~b1~#a1~a1~#g1~g1~#f1~f1~e1~#d1~d1~#c1~c1~b~#a~a~#g~g~#f~f~e~#d~d~#c~c~B-1~#A-1~A-1~#G-1~G-1~#F-1~F-1~E-1~#D-1~D-1~#C-1~C-1~B-2~#A-2~A-2~#G-2~G-2~#F-2~F-2~E-2~#D-2~D-2~#C-2~C-2~B-3~#A-3~A-3)[KLM]>,7<(c5~b4~#a4~a4~#g4~g4~#f4~f4~e4~#d4~d4~#c4~c4~b3~#a3~a3~#g3~g3~#f3~f3~e3~#d3~d3~#c3~c3~b2~#a2~a2~#g2~g2~#f2~f2~e2~#d2~d2~#c2~c2~b1~#a1~a1~#g1~g1~#f1~f1~e1~#d1~d1~#c1~c1~b~#a~a~#g~g~#f~f~e~#d~d~#c~c~B-1~#A-1~A-1~#G-1~G-1~#F-1~F-1~E-1~#D-1~D-1~#C-1~C-1~B-2~#A-2~A-2~#G-2~G-2~#F-2~F-2~E-2~#D-2~D-2~#C-2~C-2~B-3~#A-3~A-3)[KLM]>,7<(c5~b4~#a4~a4~#g4~g4~#f4~f4~e4~#d4~d4~#c4~c4~b3~#a3~a3~#g3~g3~#f3~f3~e3~#d3~d3~#c3~c3~b2~#a2~a2~#g2~g2~#f2~f2~e2~#d2~d2~#c2~c2~b1~#a1~a1~#g1~g1~#f1~f1~e1~#d1~d1~#c1~c1~b~#a~a~#g~g~#f~f~e~#d~d~#c~c~B-1~#A-1~A-1~#G-1~G-1~#F-1~F-1~E-1~#D-1~D-1~#C-1~C-1~B-2~#A-2~A-2~#G-2~G-2~#F-2~F-2~E-2~#D-2~D-2~#C-2~C-2~B-3~#A-3~A-3)[KLM]>,U,U,(c.d.e.f.g.a.b)[IL],g2[K],c2[J],(e.c1)[I],(c.e.g)[JL],(c1.e2.g3)[L],U,5<g1[N],g2[N]>,U,5<G-1[N],G-2[N]>,U,U,(C-2.E-2.G-2)[KM],(C-1.E-1.G-1)[KM],(c.e.g)[KM],(c1.e1.g1)[K],g[M],3<G-1[M],G-2[M],g[M],g1[M],g2[M],g3[M],g4[M]>,(c2.e2.g2)[KL],(c3.e3.g3)[K],(c4.e4.g4)[JKLM],7<(g1~g2~g3~g4~g3~g2~g1~g)[K]>,G-2[IL],(e2.e3)[JK],b2[KM],a2[K],e2[J],(a1.a2)[K],(d2.d3)[J],(c2.c3~b2~a2~e2)[IL];"]},{"id":6,"baseBeats":0.25,"scores":["(B-1.#d2)[K],(#f.#a.#d1)[M],U,(#f1)[M],(E-1)[M],U,(#d2)[M],(e.#c2)[M],U,(b1)[M],(#A-1.#c2)[K],(#g)[M],U,5<(e2)[N],(#d2)[N]>,(#D-1.#c2)[M],U,(b1)[M],(g.#a1)[M],U,(#d1)[M],(#G-1.#g1)[M],U,(#d1)[M],(#g.#a1)[M],U,(#d1)[M],(#G-1.b1)[M],U,(#g1)[M],(#g.#a1)[M],U,(b1)[M],(#c.e2)[K],(#g.b)[M],U,(#f2)[M],(#F-1.#g2)[M],U,(#a2)[M],(#f.b2)[M],U,(e2)[M],(B-1.#d2)[K],(#f.#a.#d1)[M],U,(#f1)[M],(E-1)[M],U,(#d2)[M],(e.#c2)[M],U,(b1)[M],(#A-1.#c2)[K],(#g)[M],U,5<(e2)[N],(#d2)[N]>,(#D-1.#c2)[M],U,(b1)[M],(g.#a1)[M],U,(#d1)[M],(#G-1.#g1)[M],U,(#g)[M],(#g.#a)[M],U,(b)[M],(#G-1.#d1)[M],U,#g2[M],(#g.#a2)[M],U,b2[M],(#c.e3)[K],(#g.b)[M],U,(#f3)[M],(#F-1.#g3)[M],U,(#a3)[M],(#f.b3)[M],U,(e3)[M],(B-1.#d3)[K],(#f.#a.#d1)[M],U,(#f1)[M],(E-1.#g1)[M],U,(#a1)[M],(e.b1)[M],U,(#c2)[M],(#A-1.#d2)[KLM],5<(#c2)[N],(b1)[N]>,(#D-1.#a1)[K],(#d.g.g1)[K],(#G-1.#g1)[M],U,(#d1)[M],(#d.#c1)[M],U,(b)[M],(#G-1.#g)[HH],"]}]}