{"baseBpm":83,"musics":[{"bpm":83,"baseBeats":0.5,"scores":["TU,U,U,T;T,U,T;TU,U,T;TU,U,U,U;TU,U,T;TU,U,U,U;TU,U,T;TU,U,U,U;","#a2[L],f2[M],#a2[L],f2[M],c3[L],d3[L],f2[K];f2[M],#a2[L],f3[M],#d3[L],d3[K];#d2[L],f2[M],#a2[L],f2[M],(#d2.c3)[L],d3[K];#a2[L],f2[M],#a2[L],f3[M],#d3[L],d3[L],f2[L];d2[L],f2[M],#a2[L],f2[M],f3[L],#d3[K];c3[L],f2[M],a2[L],f2[M],f3[L],#d3[L],d3[L];#a2[L],f2[M],#a2[L],f2[M],c3[L],d3[K];#a2[L],f2[M],#a2[L],f3[M],#d3[L],d3[L],#a2[L];","(#a.#a1)[KL],#a1[KL];#a1[KL],#a1[KL];(#d1.#a1)[KL],#d1[KL];#d1[KL],(#d1.#a1)[KL];g1[KL],g1[KL];(f1.a1)[KL],f1[KL];(#d1.#a1)[KL],#d1[KL];#d1[KL],#d1[KL];"],"id":1,"instruments":["piano","piano","piano"],"alternatives":["","",""],"measureBeats":3},{"baseBeats":0.5,"measureBeats":3,"scores":["TU,U,T;TU,U,T;TU,U,T;TU,U,U,U;TU,U,T;TU,U,T;TU,TU;TU,T,U;TU,U,T;TU,TU;","f1[L],f1[M],#a1[L],f1[M],c2[L],d2[K],#a[L],f1[M],#a1[L];f2[M],#d2[L],d2[K],(#a1.#a2)[L],f1[M],#a1[L],f1[M],c2[L];d2[K],a1[L],f1[M],#a1[L],f2[M],(a1.g2)[L],d2[L],c2[L];#a1[LM],#a1[LM],c2[L],d2[K],#a1[LM],#a1[L];e1[M],c2[L],#a1[K],g1[KL],a1[KL];#a1[KL],#a1[K],a1[L];#a1[KL],#g1[L],#a1[K],c2[LM],c2[LM];(#a1.#c2)[L],#a1[K],T,","#a[KL],#a[JK];#a[KL],(G-1.g.d1)[JK];(G-1.g.#d1)[KL],(G-1.g.d1)[KL];(#d.#a)[L],f1[LM],f1[M],#d[KL],(c.g.c1.e1)[KL];c[KL],(#d.#a)[KL],(d.#a.f1)[K];#a[M],f1[M],(c.c1.#d1)[K],c1[L],(f.#d1.f1)[KL];(#f.#f1)[L],#c1[M],#f1[L],#c1[M],#f[KL],(#f.f1)[L],f1[LM];f1[M],(#F-1.#f.#c1)[KL],"],"instruments":["piano","piano","piano"],"alternatives":["","",""],"id":2,"bpm":83},{"baseBeats":0.5,"measureBeats":3,"scores":["TU,U,T;TU,U,U,U;TU,U,T;TU,U,T;TU,U,T;TU,U,T;TU,U,T;TU,U,T;T,T,T;TU,U,T;TU,U,T;TU,U,T;TU,U,T;TU,U,U,U;7<T,T,T>;7<T,T,T>;7<T,T,T>;7<T,T,T>;T,8<T,T;TU>,TU;ST;","(#g1.#a1)[LM],#a1[LM],#c2[L],#a1[K];(#a1.#d2)[LM],(#a1.#d2)[LM],(#a1.#c2)[L],#a1[L],#g1[L];#a1[LM],#a1[LM],(#a1.#d2)[L],#a1[K];g1[LM],#a1[LM],#d2[L],#a1[K];(#f1.#a1)[K],#c1[M],#f1[M],(f1.#g1)[L],#f1[K];f1[KL],#d1[L],f1[K];#f1[LM],#f1[LM],#g1[L],#f1[K];#a1[LM],(#f1.#a1)[LM],#g1[L],#f1[K];#f1[LM],#f1[LM],#g1[L],#f1[K];(#f1.#c2)[LM],(#f1.#c2)[LM],(#f1.b1)[L],(#f1.#a1)[KLM];#f1[LM],#g1[L],#f1[K];#a1[LM],(#f1.#a1)[LM],#g1[L],#f1[KLM];#f1[LM],#g1[L],#f1[K];#g1[LM],#f1[LM],(f1.#c2)[L],(f1.b1)[L],(f1.#a1)[L];(#c1.#f1)[L],b[M],#c1[M],#f1[M],#c2[M],(f1.#f2)[M],#f1[M],#c2[M],#f2[M],#f1[M],(f1.#c2)[M];(#d1.#g2)[M],#f1[M],#c2[M],#f2[M],#f1[L],(#g1.#c3)[M],#c2[M],#f2[M],b2[M],#c2[M],#f2[M];#a2[M],#c2[M],#f2[M],#g2[M],#c2[M],#f2[M],#c3[M],#c2[M],#f2[M],#f3[M],#f2[M],#a2[M];(#c2.f3)[M],#f2[M],#a2[M],#f3[M],#f2[M],#a2[M],#a3[M],#a2[M],#c3[M],#g3[M],#a2[MNO],#c3[KO];#f3[MO],f3[MN],#f3[MO],#c3[MO],#g2[MN],#f2[MO];f2[MO],#c2[MN],#g2[MO],#f2[MO],#c2[KLNO];(#F-1.#c1.#a1)[JK];T,","(f.#c1)[L],#c1[LM],#c1[M],f[KL];(f.#c1)[L],#c1[LM],#c1[M],f[KL];(#d.#a.g1)[L],#d1[LM],#d1[M],#d[KM],#a[M];(#c.#d1)[LM],#F-1[L],#d1[M],#c[K],#d1[L];(B-1.#f.#c1)[LM],#f[LM],(#A-1.f)[L],(#d.b)[LM],#d[M];(#A-1.f.#g.#c1)[LM],#A-1[M],#g[L],(B-1.#f.b.#c1)[L],(#c.#g.#c1)[LM],#F-1[M];(#F-1.#f.#c1)[L],#c1[K],#c1[KM],#c1[LM];#c1[K],#c1[L],#c1[L],#F-1[M],#G-1[M];(#A-1.#f.#c1)[L],#f[M],#c1[LM],#c1[L],#c1[LM],#c1[LM];#c1[LM],#c1[LM],#c1[L],#G-2[M],#A-2[M];B-2[L],#c1[M],#c1[L],#c1[M],#c1[L],#c1[K];(B-2.B-1.#c1)[L],#c1[M],#c1[L],#c1[M],#c1[L],#c1[L],B-2[M],#C-1[M];#D-1[L],#a[M],#c1[L],#c1[M],#c1[L],#c1[LM],#c1[M];(#C-1.#c.#c1)[LM],#c1[L],#c1[KM],#c[L];(B-2.B-1)[IL];b[KL];b[KL],b[JK];B-1[JL];#F-1[K],#c[L],#a[L];#c1[L],#f1[K],"],"instruments":["piano","piano","piano"],"alternatives":["","",""],"id":3,"bpm":83}],"audition":{"end":[0,27],"start":[0,0]}}