{"baseBpm":90,"musics":[{"bpm":90,"baseBeats":0.25,"scores":["3<(C-2.E-2.G-2)[M]>,3<(C-1.E-1.G-1)[M]>,3<(c.e.g)[M]>,3<(c1.e1.g1)[M]>,3<(c2.e2.g2)[M]>,3<(c3.e3.g3)[M]>,3<(c4.e4.g4)[M]>,3<(C-2.E-2.G-2)[M]>,3<(C-1.E-1.G-1)[M]>,3<(c.e.g)[M]>,3<(c1.e1.g1)[M]>,3<(c2.e2.g2)[M]>,3<(c3.e3.g3)[M]>,3<(c4.e4.g4)[M]>,3<(C-2.E-2.G-2)[M]>,3<(C-1.E-1.G-1)[M]>,3<(c.e.g)[M]>,3<(c1.e1.g1)[M]>,3<(c2.e2.g2)[M]>,3<(c3.e3.g3)[M]>,3<(c4.e4.g4)[M]>,3<(C-2.E-2.G-2)[M]>,3<(C-1.E-1.G-1)[M]>,3<(c.e.g)[M]>,3<(c1.e1.g1)[M]>,3<(c2.e2.g2)[M]>,3<(c3.e3.g3)[M]>,3<(c4.e4.g4)[M]>,3<(C-2.E-2.G-2)[M]>,3<(C-1.E-1.G-1)[M]>,3<(c.e.g)[M]>,3<(c1.e1.g1)[M]>,3<(c2.e2.g2)[M]>,3<(c3.e3.g3)[M]>,3<(c4.e4.g4)[M]>,3<(C-2.E-2.G-2)[M]>,3<(C-1.E-1.G-1)[M]>,3<(c.e.g)[M]>,3<(c1.e1.g1)[M]>,3<(c2.e2.g2)[M]>,3<(c3.e3.g3)[M]>,3<(c4.e4.g4)[M]>,3<(C-2.E-2.G-2)[M]>,3<(C-1.E-1.G-1)[M]>,3<(c.e.g)[M]>,3<(c1.e1.g1)[M]>,3<(c2.e2.g2)[M]>,3<(c3.e3.g3)[M]>,3<(c4.e4.g4)[M]>,3<(C-2.E-2.G-2)[M]>,3<(C-1.E-1.G-1)[M]>,3<(c.e.g)[M]>,3<(c1.e1.g1)[M]>,3<(c2.e2.g2)[M]>,3<(c3.e3.g3)[M]>,3<(c4.e4.g4)[M]>,3<(C-2.E-2.G-2)[M]>,3<(C-1.E-1.G-1)[M]>,3<(c.e.g)[M]>,3<(c1.e1.g1)[M]>,3<(c2.e2.g2)[M]>,3<(c3.e3.g3)[M]>,3<(c4.e4.g4)[M]>,3<(C-2.E-2.G-2)[M]>,3<(C-1.E-1.G-1)[M]>,3<(c.e.g)[M]>,3<(c1.e1.g1)[M]>,3<(c2.e2.g2)[M]>,3<(c3.e3.g3)[M]>,3<(c4.e4.g4)[M]>,3<(C-2.E-2.G-2)[M]>,3<(C-1.E-1.G-1)[M]>,3<(c.e.g)[M]>,3<(c1.e1.g1)[M]>,3<(c2.e2.g2)[M]>,3<(c3.e3.g3)[M]>,3<(c4.e4.g4)[M]>,3<(C-2.E-2.G-2)[M]>,3<(C-1.E-1.G-1)[M]>,3<(c.e.g)[M]>,3<(c1.e1.g1)[M]>,3<(c2.e2.g2)[M]>,3<(c3.e3.g3)[M]>,3<(c4.e4.g4)[M]>,3<(C-2.E-2.G-2)[M]>,3<(C-1.E-1.G-1)[M]>,3<(c.e.g)[M]>,3<(c1.e1.g1)[M]>,3<(c2.e2.g2)[M]>,3<(c3.e3.g3)[M]>,3<(c4.e4.g4)[M]>,3<(C-2.E-2.G-2)[M]>,3<(C-1.E-1.G-1)[M]>,3<(c.e.g)[M]>,3<(c1.e1.g1)[M]>,3<(c2.e2.g2)[M]>,3<(c3.e3.g3)[M]>,3<(c4.e4.g4)[M]>,3<(C-2.E-2.G-2)[M]>,3<(C-1.E-1.G-1)[M]>,3<(c.e.g)[M]>,3<(c1.e1.g1)[M]>,3<(c2.e2.g2)[M]>,3<(c3.e3.g3)[M]>,3<(c4.e4.g4)[M]>,3<(C-2.E-2.G-2)[M]>,3<(C-1.E-1.G-1)[M]>,3<(c.e.g)[M]>,3<(c1.e1.g1)[M]>,3<(c2.e2.g2)[M]>,3<(c3.e3.g3)[M]>,3<(c4.e4.g4)[M]>,3<(C-2.E-2.G-2)[M]>,3<(C-1.E-1.G-1)[M]>,3<(c.e.g)[M]>,3<(c1.e1.g1)[M]>,3<(c2.e2.g2)[M]>,3<(c3.e3.g3)[M]>,3<(c4.e4.g4)[M]>,3<(C-2.E-2.G-2)[M]>,3<(C-1.E-1.G-1)[M]>,3<(c.e.g)[M]>,3<(c1.e1.g1)[M]>,3<(c2.e2.g2)[M]>,3<(c3.e3.g3)[M]>,3<(c4.e4.g4)[M]>,3<(C-2.E-2.G-2)[M]>,3<(C-1.E-1.G-1)[M]>,3<(c.e.g)[M]>,3<(c1.e1.g1)[M]>,3<(c2.e2.g2)[M]>,3<(c3.e3.g3)[M]>,3<(c4.e4.g4)[M]>,3<(C-2.E-2.G-2)[M]>,3<(C-1.E-1.G-1)[M]>,3<(c.e.g)[M]>,3<(c1.e1.g1)[M]>,3<(c2.e2.g2)[M]>,3<(c3.e3.g3)[M]>,3<(c4.e4.g4)[M]>,3<(C-2.E-2.G-2)[M]>,3<(C-1.E-1.G-1)[M]>,3<(c.e.g)[M]>,3<(c1.e1.g1)[M]>,3<(c2.e2.g2)[M]>,3<(c3.e3.g3)[M]>,3<(c4.e4.g4)[M]>,3<(C-2.E-2.G-2)[M]>,3<(C-1.E-1.G-1)[M]>,3<(c.e.g)[M]>,3<(c1.e1.g1)[M]>,3<(c2.e2.g2)[M]>,3<(c3.e3.g3)[M]>,3<(c4.e4.g4)[M]>,3<(C-2.E-2.G-2)[M]>,3<(C-1.E-1.G-1)[M]>,3<(c.e.g)[M]>,3<(c1.e1.g1)[M]>,3<(c2.e2.g2)[M]>,3<(c3.e3.g3)[M]>,3<(c4.e4.g4)[M]>,3<(C-2.E-2.G-2)[M]>,3<(C-1.E-1.G-1)[M]>,3<(c.e.g)[M]>,3<(c1.e1.g1)[M]>,3<(c2.e2.g2)[M]>,3<(c3.e3.g3)[M]>,3<(c4.e4.g4)[M]>,3<(C-2.E-2.G-2)[M]>,3<(C-1.E-1.G-1)[M]>,3<(c.e.g)[M]>,3<(c1.e1.g1)[M]>,3<(c2.e2.g2)[M]>,3<(c3.e3.g3)[M]>,3<(c4.e4.g4)[M]>,3<(C-2.E-2.G-2)[M]>,3<(C-1.E-1.G-1)[M]>,3<(c.e.g)[M]>,3<(c1.e1.g1)[M]>,3<(c2.e2.g2)[M]>,3<(c3.e3.g3)[M]>,3<(c4.e4.g4)[M]>,3<(C-2.E-2.G-2)[M]>,3<(C-1.E-1.G-1)[M]>,3<(c.e.g)[M]>,3<(c1.e1.g1)[M]>,3<(c2.e2.g2)[M]>,3<(c3.e3.g3)[M]>,3<(c4.e4.g4)[M]>,3<(C-2.E-2.G-2)[M]>,3<(C-1.E-1.G-1)[M]>,3<(c.e.g)[M]>,3<(c1.e1.g1)[M]>,3<(c2.e2.g2)[M]>,3<(c3.e3.g3)[M]>,3<(c4.e4.g4)[M]>,3<(C-2.E-2.G-2)[M]>,3<(C-1.E-1.G-1)[M]>,3<(c.e.g)[M]>,3<(c1.e1.g1)[M]>,3<(c2.e2.g2)[M]>,3<(c3.e3.g3)[M]>,3<(c4.e4.g4)[M]>,3<(C-2.E-2.G-2)[M]>,3<(C-1.E-1.G-1)[M]>,3<(c.e.g)[M]>,3<(c1.e1.g1)[M]>,3<(c2.e2.g2)[M]>,3<(c3.e3.g3)[M]>,3<(c4.e4.g4)[M]>,3<(C-2.E-2.G-2)[M]>,3<(C-1.E-1.G-1)[M]>,3<(c.e.g)[M]>,3<(c1.e1.g1)[M]>,3<(c2.e2.g2)[M]>,3<(c3.e3.g3)[M]>,3<(c4.e4.g4)[M]>,3<(C-2.E-2.G-2)[M]>,3<(C-1.E-1.G-1)[M]>,3<(c.e.g)[M]>,3<(c1.e1.g1)[M]>,3<(c2.e2.g2)[M]>,3<(c3.e3.g3)[M]>,3<(c4.e4.g4)[M]>,3<(C-2.E-2.G-2)[M]>,3<(C-1.E-1.G-1)[M]>,3<(c.e.g)[M]>,3<(c1.e1.g1)[M]>,3<(c2.e2.g2)[M]>,3<(c3.e3.g3)[M]>,3<(c4.e4.g4)[M]>,3<(C-2.E-2.G-2)[M]>,3<(C-1.E-1.G-1)[M]>,3<(c.e.g)[M]>,3<(c1.e1.g1)[M]>,3<(c2.e2.g2)[M]>,3<(c3.e3.g3)[M]>,3<(c4.e4.g4)[M]>,3<c1[N],c1[N],c1[N],c1[N],c1[N],c1[N],c1[N],c1[N],c1[N],c1[N],c1[N],c1[N],c1[N],c1[N],c1[N],c1[N],c1[N],c1[N],c1[N],c1[N],c1[N],c1[N],c1[N],c1[N],c1[N],c1[N],c1[N],c1[N],c1[N],c1[N],c1[N],c1[N],c1[N],c1[N],c1[N],c1[N],c1[N],c1[N],c1[N],c1[N],c1[N],c1[N],c1[N],c1[N],c1[N],c1[N],c1[N],c1[N],c1[N],c1[N],c1[N],c1[N],c1[N],c1[N],c1[N],c1[N],c1[N],c1[N],c1[N],c1[N],c1[N],c1[N],c1[N],c1[N],c1[N],c1[N],c1[N],c1[N],c1[N],c1[N],c1[N],c1[N],c1[N],c1[N],c1[N],c1[N],c1[N],c1[N],c1[N],c1[N],c1[N],c1[N],c1[N],c1[N],c1[N],c1[N],c1[N],c1[N],c1[N],c1[N],c1[N],c1[N],c1[N],c1[N],c1[N],c1[N],c1[N],c1[N],c1[N],c1[N],c1[N],c1[N],c1[N],c1[N],c1[N],c1[N],c1[N],c1[N],c1[N],c1[N],c1[N],c1[N],c1[N],c1[N],c1[N],c1[N],c1[N],c1[N],c1[N],c1[N],c1[N],c1[N],c1[N],c1[N],c1[N],c1[N],c1[N],c1[N],c1[N],c1[N],c1[N],c1[N],c1[N],c1[N],c1[N],c1[N],c1[N],c1[N],c1[N],c1[N],c1[N],c1[N],c1[N],c1[N],c1[N],c1[N],c1[N],c1[N],c1[N],c1[N],c1[N],c1[N],c1[N],c1[N],c1[N],c1[N],c1[N],c1[N],c1[N],c1[N],c1[N],c1[N],c1[N],c1[N],c1[N],c1[N],c1[N],c1[N],c1[N],c1[N],c1[N],c1[N],c1[N],c1[N],c1[N],c1[N],c1[N],c1[N],c1[N],c1[N],c1[N],c1[N],c1[N],c1[N],c1[N],c1[N],c1[N],c1[N],c1[N],c1[N],c1[N],c1[N],c1[N],c1[N],c1[N],c1[N],c1[N],c1[N],c1[N],c1[N],c1[N],c1[N],c1[N],c1[N],c1[N],c1[N],c1[N],c1[N],c1[N],c1[N],c1[N],c1[N],c1[N],c1[N],c1[N],c1[N],c1[N],c1[N],c1[N],c1[N],c1[N],c1[N],c1[N],c1[N],c1[N],c1[N],c1[N],c1[N],c1[N],c1[N],c1[N],c1[N],c1[N],c1[N],c1[N],c1[N],c1[N],c1[N],c1[N],c1[N],c1[N],c1[N],c1[N],c1[N],c1[N],c1[N],c1[N],c1[N],c1[N],c1[N],c1[N],c1[N],c1[N],c1[N],c1[N],c1[N],c1[N],c1[N],c1[N],c1[N],c1[N],c1[N],c1[N],c1[N],c1[N],c1[N],c1[N],c1[N],c1[N],c1[N],c1[N],c1[N],c1[N],c1[N],c1[N],c1[N],c1[N],c1[N],c1[N],c1[N],c1[N],c1[N],c1[N],c1[N],c1[N],c1[N],c1[N],c1[N],c1[N],c1[N],c1[N],c1[N],c1[N],c1[N],c1[N],c1[N],c1[N],c1[N],c1[N],c1[N],c1[N],c1[N],c1[N],c1[N],c1[N],c1[N],c1[N],c1[N],c1[N],c1[N],c1[N],c1[N],c1[N],c1[N],c1[N],c1[N],c1[N],c1[N],c1[N],c1[N],c1[N],c1[N],c1[N],c1[N],c1[N],c1[N],c1[N],c1[N],c1[N],c1[N],c1[N],c1[N],c1[N]>,;"],"id":1},{"bpm":95,"baseBeats":0.25,"scores":["3<(C-2.E-2.G-2)[M]>,3<(C-1.E-1.G-1)[M]>,3<(c.e.g)[M]>,3<(c1.e1.g1)[M]>,3<(c2.e2.g2)[M]>,3<(c3.e3.g3)[M]>,3<(c4.e4.g4)[M]>,3<(C-2.E-2.G-2)[M]>,3<(C-1.E-1.G-1)[M]>,3<(c.e.g)[M]>,3<(c1.e1.g1)[M]>,3<(c2.e2.g2)[M]>,3<(c3.e3.g3)[M]>,3<(c4.e4.g4)[M]>,3<(C-2.E-2.G-2)[M]>,3<(C-1.E-1.G-1)[M]>,3<(c.e.g)[M]>,3<(c1.e1.g1)[M]>,3<(c2.e2.g2)[M]>,3<(c3.e3.g3)[M]>,3<(c4.e4.g4)[M]>,3<(C-2.E-2.G-2)[M]>,3<(C-1.E-1.G-1)[M]>,3<(c.e.g)[M]>,3<(c1.e1.g1)[M]>,3<(c2.e2.g2)[M]>,3<(c3.e3.g3)[M]>,3<(c4.e4.g4)[M]>,3<(C-2.E-2.G-2)[M]>,3<(C-1.E-1.G-1)[M]>,3<(c.e.g)[M]>,3<(c1.e1.g1)[M]>,3<(c2.e2.g2)[M]>,3<(c3.e3.g3)[M]>,3<(c4.e4.g4)[M]>,3<(C-2.E-2.G-2)[M]>,3<(C-1.E-1.G-1)[M]>,3<(c.e.g)[M]>,3<(c1.e1.g1)[M]>,3<(c2.e2.g2)[M]>,3<(c3.e3.g3)[M]>,3<(c4.e4.g4)[M]>,3<(C-2.E-2.G-2)[M]>,3<(C-1.E-1.G-1)[M]>,3<(c.e.g)[M]>,3<(c1.e1.g1)[M]>,3<(c2.e2.g2)[M]>,3<(c3.e3.g3)[M]>,3<(c4.e4.g4)[M]>,3<(C-2.E-2.G-2)[M]>,3<(C-1.E-1.G-1)[M]>,3<(c.e.g)[M]>,3<(c1.e1.g1)[M]>,3<(c2.e2.g2)[M]>,3<(c3.e3.g3)[M]>,3<(c4.e4.g4)[M]>,3<(C-2.E-2.G-2)[M]>,3<(C-1.E-1.G-1)[M]>,3<(c.e.g)[M]>,3<(c1.e1.g1)[M]>,3<(c2.e2.g2)[M]>,3<(c3.e3.g3)[M]>,3<(c4.e4.g4)[M]>,3<(C-2.E-2.G-2)[M]>,3<(C-1.E-1.G-1)[M]>,3<(c.e.g)[M]>,3<(c1.e1.g1)[M]>,3<(c2.e2.g2)[M]>,3<(c3.e3.g3)[M]>,3<(c4.e4.g4)[M]>,3<(C-2.E-2.G-2)[M]>,3<(C-1.E-1.G-1)[M]>,3<(c.e.g)[M]>,3<(c1.e1.g1)[M]>,3<(c2.e2.g2)[M]>,3<(c3.e3.g3)[M]>,3<(c4.e4.g4)[M]>,3<(C-2.E-2.G-2)[M]>,3<(C-1.E-1.G-1)[M]>,3<(c.e.g)[M]>,3<(c1.e1.g1)[M]>,3<(c2.e2.g2)[M]>,3<(c3.e3.g3)[M]>,3<(c4.e4.g4)[M]>,3<(C-2.E-2.G-2)[M]>,3<(C-1.E-1.G-1)[M]>,3<(c.e.g)[M]>,3<(c1.e1.g1)[M]>,3<(c2.e2.g2)[M]>,3<(c3.e3.g3)[M]>,3<(c4.e4.g4)[M]>,3<(C-2.E-2.G-2)[M]>,3<(C-1.E-1.G-1)[M]>,3<(c.e.g)[M]>,3<(c1.e1.g1)[M]>,3<(c2.e2.g2)[M]>,3<(c3.e3.g3)[M]>,3<(c4.e4.g4)[M]>,3<(C-2.E-2.G-2)[M]>,3<(C-1.E-1.G-1)[M]>,3<(c.e.g)[M]>,3<(c1.e1.g1)[M]>,3<(c2.e2.g2)[M]>,3<(c3.e3.g3)[M]>,3<(c4.e4.g4)[M]>,3<(C-2.E-2.G-2)[M]>,3<(C-1.E-1.G-1)[M]>,3<(c.e.g)[M]>,3<(c1.e1.g1)[M]>,3<(c2.e2.g2)[M]>,3<(c3.e3.g3)[M]>,3<(c4.e4.g4)[M]>,3<(C-2.E-2.G-2)[M]>,3<(C-1.E-1.G-1)[M]>,3<(c.e.g)[M]>,3<(c1.e1.g1)[M]>,3<(c2.e2.g2)[M]>,3<(c3.e3.g3)[M]>,3<(c4.e4.g4)[M]>,3<(C-2.E-2.G-2)[M]>,3<(C-1.E-1.G-1)[M]>,3<(c.e.g)[M]>,3<(c1.e1.g1)[M]>,3<(c2.e2.g2)[M]>,3<(c3.e3.g3)[M]>,3<(c4.e4.g4)[M]>,3<(C-2.E-2.G-2)[M]>,3<(C-1.E-1.G-1)[M]>,3<(c.e.g)[M]>,3<(c1.e1.g1)[M]>,3<(c2.e2.g2)[M]>,3<(c3.e3.g3)[M]>,3<(c4.e4.g4)[M]>,3<(C-2.E-2.G-2)[M]>,3<(C-1.E-1.G-1)[M]>,3<(c.e.g)[M]>,3<(c1.e1.g1)[M]>,3<(c2.e2.g2)[M]>,3<(c3.e3.g3)[M]>,3<(c4.e4.g4)[M]>,3<(C-2.E-2.G-2)[M]>,3<(C-1.E-1.G-1)[M]>,3<(c.e.g)[M]>,3<(c1.e1.g1)[M]>,3<(c2.e2.g2)[M]>,3<(c3.e3.g3)[M]>,3<(c4.e4.g4)[M]>,3<(C-2.E-2.G-2)[M]>,3<(C-1.E-1.G-1)[M]>,3<(c.e.g)[M]>,3<(c1.e1.g1)[M]>,3<(c2.e2.g2)[M]>,3<(c3.e3.g3)[M]>,3<(c4.e4.g4)[M]>,3<(C-2.E-2.G-2)[M]>,3<(C-1.E-1.G-1)[M]>,3<(c.e.g)[M]>,3<(c1.e1.g1)[M]>,3<(c2.e2.g2)[M]>,3<(c3.e3.g3)[M]>,3<(c4.e4.g4)[M]>,3<(C-2.E-2.G-2)[M]>,3<(C-1.E-1.G-1)[M]>,3<(c.e.g)[M]>,3<(c1.e1.g1)[M]>,3<(c2.e2.g2)[M]>,3<(c3.e3.g3)[M]>,3<(c4.e4.g4)[M]>,3<(C-2.E-2.G-2)[M]>,3<(C-1.E-1.G-1)[M]>,3<(c.e.g)[M]>,3<(c1.e1.g1)[M]>,3<(c2.e2.g2)[M]>,3<(c3.e3.g3)[M]>,3<(c4.e4.g4)[M]>,3<(C-2.E-2.G-2)[M]>,3<(C-1.E-1.G-1)[M]>,3<(c.e.g)[M]>,3<(c1.e1.g1)[M]>,3<(c2.e2.g2)[M]>,3<(c3.e3.g3)[M]>,3<(c4.e4.g4)[M]>,3<(C-2.E-2.G-2)[M]>,3<(C-1.E-1.G-1)[M]>,3<(c.e.g)[M]>,3<(c1.e1.g1)[M]>,3<(c2.e2.g2)[M]>,3<(c3.e3.g3)[M]>,3<(c4.e4.g4)[M]>,3<(C-2.E-2.G-2)[M]>,3<(C-1.E-1.G-1)[M]>,3<(c.e.g)[M]>,3<(c1.e1.g1)[M]>,3<(c2.e2.g2)[M]>,3<(c3.e3.g3)[M]>,3<(c4.e4.g4)[M]>,3<(C-2.E-2.G-2)[M]>,3<(C-1.E-1.G-1)[M]>,3<(c.e.g)[M]>,3<(c1.e1.g1)[M]>,3<(c2.e2.g2)[M]>,3<(c3.e3.g3)[M]>,3<(c4.e4.g4)[M]>,3<(C-2.E-2.G-2)[M]>,3<(C-1.E-1.G-1)[M]>,3<(c.e.g)[M]>,3<(c1.e1.g1)[M]>,3<(c2.e2.g2)[M]>,3<(c3.e3.g3)[M]>,3<(c4.e4.g4)[M]>,3<(C-2.E-2.G-2)[M]>,3<(C-1.E-1.G-1)[M]>,3<(c.e.g)[M]>,3<(c1.e1.g1)[M]>,3<(c2.e2.g2)[M]>,3<(c3.e3.g3)[M]>,3<(c4.e4.g4)[M]>,3<(C-2.E-2.G-2)[M]>,3<(C-1.E-1.G-1)[M]>,3<(c.e.g)[M]>,3<(c1.e1.g1)[M]>,3<(c2.e2.g2)[M]>,3<(c3.e3.g3)[M]>,3<(c4.e4.g4)[M]>,3<(C-2.E-2.G-2)[M]>,3<(C-1.E-1.G-1)[M]>,3<(c.e.g)[M]>,3<(c1.e1.g1)[M]>,3<(c2.e2.g2)[M]>,3<(c3.e3.g3)[M]>,3<(c4.e4.g4)[M]>,3<(C-2.E-2.G-2)[M]>,3<(C-1.E-1.G-1)[M]>,3<(c.e.g)[M]>,3<(c1.e1.g1)[M]>,3<(c2.e2.g2)[M]>,3<(c3.e3.g3)[M]>,3<(c4.e4.g4)[M]>,3<e[N],e[N],e[N],e[N],e[N],e[N],e[N],e[N],e[N],e[N],e[N],e[N],e[N],e[N],e[N],e[N],e[N],e[N],e[N],e[N],e[N],e[N],e[N],e[N],e[N],e[N],e[N],e[N],e[N],e[N],e[N],e[N],e[N],e[N],e[N],e[N],e[N],e[N],e[N],e[N],e[N],e[N],e[N],e[N],e[N],e[N],e[N],e[N],e[N],e[N],e[N],e[N],e[N],e[N],e[N],e[N],e[N],e[N],e[N],e[N],e[N],e[N],e[N],e[N],e[N],e[N],e[N],e[N],e[N],e[N],e[N],e[N],e[N],e[N],e[N],e[N],e[N],e[N],e[N],e[N],e[N],e[N],e[N],e[N],e[N],e[N],e[N],e[N],e[N],e[N],e[N],e[N],e[N],e[N],e[N],e[N],e[N],e[N],e[N],e[N],e[N],e[N],e[N],e[N],e[N],e[N],e[N],e[N],e[N],e[N],e[N],e[N],e[N],e[N],e[N],e[N],e[N],e[N],e[N],e[N],e[N],e[N],e[N],e[N],e[N],e[N],e[N],e[N],e[N],e[N],e[N],e[N],e[N],e[N],e[N],e[N],e[N],e[N],e[N],e[N],e[N],e[N],e[N],e[N],e[N],e[N],e[N],e[N],e[N],e[N],e[N],e[N],e[N],e[N],e[N],e[N],e[N],e[N],e[N],e[N],e[N],e[N],e[N],e[N],e[N],e[N],e[N],e[N],e[N],e[N],e[N],e[N],e[N],e[N],e[N],e[N],e[N],e[N],e[N],e[N],e[N],e[N],e[N],e[N],e[N],e[N],e[N],e[N],e[N],e[N],e[N],e[N],e[N],e[N],e[N],e[N],e[N],e[N],e[N],e[N],e[N],e[N],e[N],e[N],e[N],e[N],e[N],e[N],e[N],e[N],e[N],e[N],e[N],e[N],e[N],e[N],e[N],e[N]>,;"],"id":2},{"bpm":100,"baseBeats":0.25,"scores":["3<(C-2.E-2.G-2)[M]>,3<(C-1.E-1.G-1)[M]>,3<(c.e.g)[M]>,3<(c1.e1.g1)[M]>,3<(c2.e2.g2)[M]>,3<(c3.e3.g3)[M]>,3<(c4.e4.g4)[M]>,3<(C-2.E-2.G-2)[M]>,3<(C-1.E-1.G-1)[M]>,3<(c.e.g)[M]>,3<(c1.e1.g1)[M]>,3<(c2.e2.g2)[M]>,3<(c3.e3.g3)[M]>,3<(c4.e4.g4)[M]>,3<(C-2.E-2.G-2)[M]>,3<(C-1.E-1.G-1)[M]>,3<(c.e.g)[M]>,3<(c1.e1.g1)[M]>,3<(c2.e2.g2)[M]>,3<(c3.e3.g3)[M]>,3<(c4.e4.g4)[M]>,3<(C-2.E-2.G-2)[M]>,3<(C-1.E-1.G-1)[M]>,3<(c.e.g)[M]>,3<(c1.e1.g1)[M]>,3<(c2.e2.g2)[M]>,3<(c3.e3.g3)[M]>,3<(c4.e4.g4)[M]>,3<(C-2.E-2.G-2)[M]>,3<(C-1.E-1.G-1)[M]>,3<(c.e.g)[M]>,3<(c1.e1.g1)[M]>,3<(c2.e2.g2)[M]>,3<(c3.e3.g3)[M]>,3<(c4.e4.g4)[M]>,3<(C-2.E-2.G-2)[M]>,3<(C-1.E-1.G-1)[M]>,3<(c.e.g)[M]>,3<(c1.e1.g1)[M]>,3<(c2.e2.g2)[M]>,3<(c3.e3.g3)[M]>,3<(c4.e4.g4)[M]>,3<(C-2.E-2.G-2)[M]>,3<(C-1.E-1.G-1)[M]>,3<(c.e.g)[M]>,3<(c1.e1.g1)[M]>,3<(c2.e2.g2)[M]>,3<(c3.e3.g3)[M]>,3<(c4.e4.g4)[M]>,3<(C-2.E-2.G-2)[M]>,3<(C-1.E-1.G-1)[M]>,3<(c.e.g)[M]>,3<(c1.e1.g1)[M]>,3<(c2.e2.g2)[M]>,3<(c3.e3.g3)[M]>,3<(c4.e4.g4)[M]>,3<(C-2.E-2.G-2)[M]>,3<(C-1.E-1.G-1)[M]>,3<(c.e.g)[M]>,3<(c1.e1.g1)[M]>,3<(c2.e2.g2)[M]>,3<(c3.e3.g3)[M]>,3<(c4.e4.g4)[M]>,3<(C-2.E-2.G-2)[M]>,3<(C-1.E-1.G-1)[M]>,3<(c.e.g)[M]>,3<(c1.e1.g1)[M]>,3<(c2.e2.g2)[M]>,3<(c3.e3.g3)[M]>,3<(c4.e4.g4)[M]>,3<(C-2.E-2.G-2)[M]>,3<(C-1.E-1.G-1)[M]>,3<(c.e.g)[M]>,3<(c1.e1.g1)[M]>,3<(c2.e2.g2)[M]>,3<(c3.e3.g3)[M]>,3<(c4.e4.g4)[M]>,3<(C-2.E-2.G-2)[M]>,3<(C-1.E-1.G-1)[M]>,3<(c.e.g)[M]>,3<(c1.e1.g1)[M]>,3<(c2.e2.g2)[M]>,3<(c3.e3.g3)[M]>,3<(c4.e4.g4)[M]>,3<(C-2.E-2.G-2)[M]>,3<(C-1.E-1.G-1)[M]>,3<(c.e.g)[M]>,3<(c1.e1.g1)[M]>,3<(c2.e2.g2)[M]>,3<(c3.e3.g3)[M]>,3<(c4.e4.g4)[M]>,3<(C-2.E-2.G-2)[M]>,3<(C-1.E-1.G-1)[M]>,3<(c.e.g)[M]>,3<(c1.e1.g1)[M]>,3<(c2.e2.g2)[M]>,3<(c3.e3.g3)[M]>,3<(c4.e4.g4)[M]>,3<(C-2.E-2.G-2)[M]>,3<(C-1.E-1.G-1)[M]>,3<(c.e.g)[M]>,3<(c1.e1.g1)[M]>,3<(c2.e2.g2)[M]>,3<(c3.e3.g3)[M]>,3<(c4.e4.g4)[M]>,3<(C-2.E-2.G-2)[M]>,3<(C-1.E-1.G-1)[M]>,3<(c.e.g)[M]>,3<(c1.e1.g1)[M]>,3<(c2.e2.g2)[M]>,3<(c3.e3.g3)[M]>,3<(c4.e4.g4)[M]>,3<(C-2.E-2.G-2)[M]>,3<(C-1.E-1.G-1)[M]>,3<(c.e.g)[M]>,3<(c1.e1.g1)[M]>,3<(c2.e2.g2)[M]>,3<(c3.e3.g3)[M]>,3<(c4.e4.g4)[M]>,3<(C-2.E-2.G-2)[M]>,3<(C-1.E-1.G-1)[M]>,3<(c.e.g)[M]>,3<(c1.e1.g1)[M]>,3<(c2.e2.g2)[M]>,3<(c3.e3.g3)[M]>,3<(c4.e4.g4)[M]>,3<(C-2.E-2.G-2)[M]>,3<(C-1.E-1.G-1)[M]>,3<(c.e.g)[M]>,3<(c1.e1.g1)[M]>,3<(c2.e2.g2)[M]>,3<(c3.e3.g3)[M]>,3<(c4.e4.g4)[M]>,3<(C-2.E-2.G-2)[M]>,3<(C-1.E-1.G-1)[M]>,3<(c.e.g)[M]>,3<(c1.e1.g1)[M]>,3<(c2.e2.g2)[M]>,3<(c3.e3.g3)[M]>,3<(c4.e4.g4)[M]>,3<(C-2.E-2.G-2)[M]>,3<(C-1.E-1.G-1)[M]>,3<(c.e.g)[M]>,3<(c1.e1.g1)[M]>,3<(c2.e2.g2)[M]>,3<(c3.e3.g3)[M]>,3<(c4.e4.g4)[M]>,3<(C-2.E-2.G-2)[M]>,3<(C-1.E-1.G-1)[M]>,3<(c.e.g)[M]>,3<(c1.e1.g1)[M]>,3<(c2.e2.g2)[M]>,3<(c3.e3.g3)[M]>,3<(c4.e4.g4)[M]>,3<(C-2.E-2.G-2)[M]>,3<(C-1.E-1.G-1)[M]>,3<(c.e.g)[M]>,3<(c1.e1.g1)[M]>,3<(c2.e2.g2)[M]>,3<(c3.e3.g3)[M]>,3<(c4.e4.g4)[M]>,3<(C-2.E-2.G-2)[M]>,3<(C-1.E-1.G-1)[M]>,3<(c.e.g)[M]>,3<(c1.e1.g1)[M]>,3<(c2.e2.g2)[M]>,3<(c3.e3.g3)[M]>,3<(c4.e4.g4)[M]>,3<(C-2.E-2.G-2)[M]>,3<(C-1.E-1.G-1)[M]>,3<(c.e.g)[M]>,3<(c1.e1.g1)[M]>,3<(c2.e2.g2)[M]>,3<(c3.e3.g3)[M]>,3<(c4.e4.g4)[M]>,3<(C-2.E-2.G-2)[M]>,3<(C-1.E-1.G-1)[M]>,3<(c.e.g)[M]>,3<(c1.e1.g1)[M]>,3<(c2.e2.g2)[M]>,3<(c3.e3.g3)[M]>,3<(c4.e4.g4)[M]>,3<(C-2.E-2.G-2)[M]>,3<(C-1.E-1.G-1)[M]>,3<(c.e.g)[M]>,3<(c1.e1.g1)[M]>,3<(c2.e2.g2)[M]>,3<(c3.e3.g3)[M]>,3<(c4.e4.g4)[M]>,3<(C-2.E-2.G-2)[M]>,3<(C-1.E-1.G-1)[M]>,3<(c.e.g)[M]>,3<(c1.e1.g1)[M]>,3<(c2.e2.g2)[M]>,3<(c3.e3.g3)[M]>,3<(c4.e4.g4)[M]>,3<(C-2.E-2.G-2)[M]>,3<(C-1.E-1.G-1)[M]>,3<(c.e.g)[M]>,3<(c1.e1.g1)[M]>,3<(c2.e2.g2)[M]>,3<(c3.e3.g3)[M]>,3<(c4.e4.g4)[M]>,3<(C-2.E-2.G-2)[M]>,3<(C-1.E-1.G-1)[M]>,3<(c.e.g)[M]>,3<(c1.e1.g1)[M]>,3<(c2.e2.g2)[M]>,3<(c3.e3.g3)[M]>,3<(c4.e4.g4)[M]>,3<(C-2.E-2.G-2)[M]>,3<(C-1.E-1.G-1)[M]>,3<(c.e.g)[M]>,3<(c1.e1.g1)[M]>,3<(c2.e2.g2)[M]>,3<(c3.e3.g3)[M]>,3<(c4.e4.g4)[M]>,3<(C-2.E-2.G-2)[M]>,3<(C-1.E-1.G-1)[M]>,3<(c.e.g)[M]>,3<(c1.e1.g1)[M]>,3<(c2.e2.g2)[M]>,3<(c3.e3.g3)[M]>,3<(c4.e4.g4)[M]>,3<(C-2.E-2.G-2)[M]>,3<(C-1.E-1.G-1)[M]>,3<(c.e.g)[M]>,3<(c1.e1.g1)[M]>,3<(c2.e2.g2)[M]>,3<(c3.e3.g3)[M]>,3<(c4.e4.g4)[M]>,3<(C-2.E-2.G-2)[M]>,3<(C-1.E-1.G-1)[M]>,3<(c.e.g)[M]>,3<(c1.e1.g1)[M]>,3<(c2.e2.g2)[M]>,3<(c3.e3.g3)[M]>,3<(c4.e4.g4)[M]>,3<f3[N],f3[N],f3[N],f3[N],f3[N],f3[N],f3[N],f3[N],f3[N],f3[N],f3[N],f3[N],f3[N],f3[N],f3[N],f3[N],f3[N],f3[N],f3[N],f3[N],f3[N],f3[N],f3[N],f3[N],f3[N],f3[N],f3[N],f3[N],f3[N],f3[N],f3[N],f3[N],f3[N],f3[N],f3[N],f3[N],f3[N],f3[N],f3[N],f3[N],f3[N],f3[N],f3[N],f3[N],f3[N],f3[N],f3[N],f3[N],f3[N],f3[N],f3[N],f3[N],f3[N],f3[N],f3[N],f3[N],f3[N],f3[N],f3[N],f3[N],f3[N],f3[N],f3[N],f3[N],f3[N],f3[N],f3[N],f3[N],f3[N],f3[N],f3[N],f3[N],f3[N],f3[N],f3[N],f3[N],f3[N],f3[N],f3[N],f3[N],f3[N],f3[N],f3[N],f3[N],f3[N],f3[N],f3[N],f3[N],f3[N],f3[N],f3[N],f3[N],f3[N],f3[N],f3[N],f3[N],f3[N],f3[N],f3[N],f3[N],f3[N],f3[N],f3[N],f3[N],f3[N],f3[N],f3[N],f3[N],f3[N],f3[N],f3[N],f3[N],f3[N],f3[N],f3[N],f3[N],f3[N],f3[N],f3[N],f3[N],f3[N],f3[N],f3[N],f3[N],f3[N],f3[N],f3[N],f3[N],f3[N],f3[N],f3[N],f3[N],f3[N],f3[N],f3[N],f3[N],f3[N],f3[N],f3[N],f3[N],f3[N],f3[N],f3[N],f3[N],f3[N],f3[N],f3[N],f3[N],f3[N],f3[N],f3[N],f3[N],f3[N],f3[N],f3[N],f3[N],f3[N],f3[N],f3[N],f3[N],f3[N],f3[N],f3[N],f3[N],f3[N],f3[N],f3[N],f3[N],f3[N],f3[N],f3[N],f3[N],f3[N],f3[N],f3[N],f3[N],f3[N],f3[N],f3[N],f3[N],f3[N],f3[N],f3[N],f3[N],f3[N],f3[N],f3[N],f3[N],f3[N],f3[N],f3[N],f3[N],f3[N],f3[N],f3[N],f3[N],f3[N],f3[N],f3[N],f3[N],f3[N],f3[N],f3[N],f3[N],f3[N],f3[N],f3[N],f3[N],f3[N],f3[N],f3[N],f3[N],f3[N],f3[N],f3[N],f3[N],f3[N],f3[N],f3[N],f3[N],f3[N],f3[N],f3[N],f3[N],f3[N],f3[N],f3[N],f3[N],f3[N],f3[N],f3[N],f3[N],f3[N],f3[N],f3[N],f3[N],f3[N],f3[N],f3[N],f3[N],f3[N],f3[N],f3[N],f3[N],f3[N],f3[N],f3[N],f3[N],f3[N],f3[N],f3[N],f3[N],f3[N],f3[N],f3[N],f3[N],f3[N],f3[N],f3[N],f3[N],f3[N],f3[N],f3[N],f3[N],f3[N],f3[N],f3[N],f3[N],f3[N],f3[N],f3[N],f3[N],f3[N],f3[N],f3[N],f3[N],f3[N],f3[N],f3[N],f3[N],f3[N],f3[N],f3[N],f3[N],f3[N],f3[N],f3[N],f3[N],f3[N],f3[N],f3[N]>,3<(C-2.E-2.G-2)[M]>,3<(C-1.E-1.G-1)[M]>,3<(c.e.g)[M]>,3<(c1.e1.g1)[M]>,3<(c2.e2.g2)[M]>,3<(c3.e3.g3)[M]>,3<(c4.e4.g4)[M]>,3<(C-2.E-2.G-2)[M]>,3<(C-1.E-1.G-1)[M]>,3<(c.e.g)[M]>,3<(c1.e1.g1)[M]>,3<(c2.e2.g2)[M]>,3<(c3.e3.g3)[M]>,3<(c4.e4.g4)[M]>,3<(C-2.E-2.G-2)[M]>,3<(C-1.E-1.G-1)[M]>,3<(c.e.g)[M]>,3<(c1.e1.g1)[M]>,3<(c2.e2.g2)[M]>,3<(c3.e3.g3)[M]>,3<(c4.e4.g4)[M]>,3<(C-2.E-2.G-2)[M]>,3<(C-1.E-1.G-1)[M]>,3<(c.e.g)[M]>,3<(c1.e1.g1)[M]>,3<(c2.e2.g2)[M]>,3<(c3.e3.g3)[M]>,3<(c4.e4.g4)[M]>,3<(C-2.E-2.G-2)[M]>,3<(C-1.E-1.G-1)[M]>,3<(c.e.g)[M]>,3<(c1.e1.g1)[M]>,3<(c2.e2.g2)[M]>,3<(c3.e3.g3)[M]>,3<(c4.e4.g4)[M]>,3<(C-2.E-2.G-2)[M]>,3<(C-1.E-1.G-1)[M]>,3<(c.e.g)[M]>,3<(c1.e1.g1)[M]>,3<(c2.e2.g2)[M]>,3<(C-2.E-2.G-2)[M]>,3<(C-1.E-1.G-1)[M]>,3<(c.e.g)[M]>,3<(c1.e1.g1)[M]>,3<(c2.e2.g2)[M]>,3<(c3.e3.g3)[M]>,3<(c4.e4.g4)[M]>,3<(C-2.E-2.G-2)[M]>,3<(C-1.E-1.G-1)[M]>,3<(c.e.g)[M]>,3<(c1.e1.g1)[M]>,3<(c2.e2.g2)[M]>,3<(c3.e3.g3)[M]>,3<(c4.e4.g4)[M]>,3<(C-2.E-2.G-2)[M]>,3<(C-1.E-1.G-1)[M]>,3<(c.e.g)[M]>,3<(c1.e1.g1)[M]>,3<(c2.e2.g2)[M]>,3<(c3.e3.g3)[M]>,3<(c4.e4.g4)[M]>,3<(C-2.E-2.G-2)[M]>,3<(C-1.E-1.G-1)[M]>,3<(c.e.g)[M]>,3<(c1.e1.g1)[M]>,3<(c2.e2.g2)[M]>,3<(c3.e3.g3)[M]>,3<(c4.e4.g4)[M]>,3<(C-2.E-2.G-2)[M]>,3<(C-1.E-1.G-1)[M]>,3<(c.e.g)[M]>,3<(c1.e1.g1)[M]>,3<(c2.e2.g2)[M]>,3<(c3.e3.g3)[M]>,3<(c4.e4.g4)[M]>,3<(C-2.E-2.G-2)[M]>,3<(C-1.E-1.G-1)[M]>,3<(c.e.g)[M]>,3<(c1.e1.g1)[M]>,3<(c2.e2.g2)[M]>,3<(C-2.E-2.G-2)[M]>,3<(C-1.E-1.G-1)[M]>,3<(c.e.g)[M]>,3<(c1.e1.g1)[M]>,3<(c2.e2.g2)[M]>,3<(c3.e3.g3)[M]>,3<(c4.e4.g4)[M]>,3<(C-2.E-2.G-2)[M]>,3<(C-1.E-1.G-1)[M]>,3<(c.e.g)[M]>,3<(c1.e1.g1)[M]>,3<(c2.e2.g2)[M]>,3<(c3.e3.g3)[M]>,3<(c4.e4.g4)[M]>,3<(C-2.E-2.G-2)[M]>,3<(C-1.E-1.G-1)[M]>,3<(c.e.g)[M]>,3<(c1.e1.g1)[M]>,3<(c2.e2.g2)[M]>,3<(c3.e3.g3)[M]>,3<(c4.e4.g4)[M]>,3<(C-2.E-2.G-2)[M]>,3<(C-1.E-1.G-1)[M]>,3<(c.e.g)[M]>,3<(c1.e1.g1)[M]>,3<(c2.e2.g2)[M]>,3<(c3.e3.g3)[M]>,3<(c4.e4.g4)[M]>,3<(C-2.E-2.G-2)[M]>,3<(C-1.E-1.G-1)[M]>,3<(c.e.g)[M]>,3<(c1.e1.g1)[M]>,3<(c2.e2.g2)[M]>,3<(c3.e3.g3)[M]>,3<(c4.e4.g4)[M]>,3<(C-2.E-2.G-2)[M]>,3<(C-1.E-1.G-1)[M]>,3<(c.e.g)[M]>,3<(c1.e1.g1)[M]>,3<(c2.e2.g2)[M]>,3<c1[N],c1[N],c1[N],c1[N],c1[N],c1[N],c1[N],c1[N],c1[N],c1[N],c1[N],c1[N],c1[N],c1[N],c1[N],c1[N],c1[N],c1[N],c1[N],c1[N],c1[N],c1[N],c1[N],c1[N],c1[N],c1[N],c1[N],c1[N],c1[N],c1[N],c1[N],c1[N],c1[N],c1[N],c1[N],c1[N],c1[N],c1[N],c1[N],c1[N],c1[N],c1[N],c1[N],c1[N],c1[N],c1[N],c1[N],c1[N],c1[N],c1[N],c1[N],c1[N],c1[N],c1[N],c1[N],c1[N],c1[N],c1[N],c1[N],c1[N],c1[N],c1[N],c1[N],c1[N],c1[N],c1[N],c1[N],c1[N],c1[N],c1[N],c1[N],c1[N],c1[N],c1[N],c1[N],c1[N],c1[N],c1[N],c1[N],c1[N],c1[N],c1[N],c1[N],c1[N],c1[N],c1[N],c1[N],c1[N],c1[N],c1[N],c1[N],c1[N],c1[N],c1[N],c1[N],c1[N],c1[N],c1[N],c1[N],c1[N],c1[N],c1[N],c1[N],c1[N],c1[N],c1[N],c1[N],c1[N],c1[N],c1[N],c1[N],c1[N],c1[N],c1[N],c1[N],c1[N],c1[N],c1[N],c1[N],c1[N],c1[N],c1[N],c1[N],c1[N],c1[N],c1[N],c1[N],c1[N],c1[N],c1[N],c1[N],c1[N],c1[N],c1[N],c1[N],c1[N],c1[N],c1[N],c1[N],c1[N],c1[N],c1[N],c1[N],c1[N],c1[N],c1[N],c1[N],c1[N],c1[N],c1[N],c1[N],c1[N],c1[N],c1[N],c1[N],c1[N],c1[N],c1[N],c1[N],c1[N],c1[N],c1[N],c1[N],c1[N],c1[N],c1[N],c1[N],c1[N],c1[N],c1[N],c1[N],c1[N],c1[N],c1[N],c1[N],c1[N],c1[N],c1[N],c1[N],c1[N],c1[N],c1[N],c1[N],c1[N],c1[N],c1[N],c1[N],c1[N],c1[N],c1[N],c1[N],c1[N],c1[N],c1[N],c1[N],c1[N],c1[N],c1[N],c1[N],c1[N],c1[N],c1[N],c1[N],c1[N],c1[N],c1[N],c1[N],c1[N],c1[N],c1[N],c1[N],c1[N],c1[N],c1[N],c1[N],c1[N],c1[N],c1[N],c1[N],c1[N],c1[N],c1[N],c1[N],c1[N],c1[N],c1[N],c1[N],c1[N],c1[N],c1[N],c1[N],c1[N],c1[N],c1[N],c1[N],c1[N],c1[N],c1[N],c1[N],c1[N],c1[N],c1[N],c1[N],c1[N],c1[N],c1[N],c1[N],c1[N],c1[N],c1[N],c1[N],c1[N],c1[N],c1[N],c1[N],c1[N],c1[N],c1[N],c1[N],c1[N],c1[N],c1[N],c1[N],c1[N],c1[N],c1[N],c1[N],c1[N],c1[N],c1[N],c1[N],c1[N],c1[N],c1[N],c1[N],c1[N],c1[N],c1[N],c1[N],c1[N],c1[N],c1[N],c1[N],c1[N],c1[N],c1[N],c1[N],c1[N],c1[N],c1[N],c1[N],c1[N],c1[N],c1[N],c1[N],c1[N],c1[N],c1[N],c1[N],c1[N],c1[N],c1[N],c1[N],c1[N],c1[N],c1[N],c1[N],c1[N],c1[N],c1[N],c1[N],c1[N],c1[N],c1[N],c1[N],c1[N],c1[N],c1[N],c1[N],c1[N],c1[N],c1[N],c1[N],c1[N],c1[N],c1[N],c1[N],c1[N],c1[N],c1[N],c1[N],c1[N],c1[N]>,3<e[N],e[N],e[N],e[N],e[N],e[N],e[N],e[N],e[N],e[N],e[N],e[N],e[N],e[N],e[N],e[N],e[N],e[N],e[N],e[N],e[N],e[N],e[N],e[N],e[N],e[N],e[N],e[N],e[N],e[N],e[N],e[N],e[N],e[N],e[N],e[N],e[N],e[N],e[N],e[N],e[N],e[N],e[N],e[N],e[N],e[N],e[N],e[N],e[N],e[N],e[N],e[N],e[N],e[N],e[N],e[N],e[N],e[N],e[N],e[N],e[N],e[N],e[N],e[N],e[N],e[N],e[N],e[N],e[N],e[N],e[N],e[N],e[N],e[N],e[N],e[N],e[N],e[N],e[N],e[N],e[N],e[N],e[N],e[N],e[N],e[N],e[N],e[N],e[N],e[N],e[N],e[N],e[N],e[N],e[N],e[N],e[N],e[N],e[N],e[N],e[N],e[N],e[N],e[N],e[N],e[N],e[N],e[N],e[N],e[N],e[N],e[N],e[N],e[N],e[N],e[N],e[N],e[N],e[N],e[N],e[N],e[N],e[N],e[N],e[N],e[N],e[N],e[N],e[N],e[N],e[N],e[N],e[N],e[N],e[N],e[N],e[N],e[N],e[N],e[N],e[N],e[N],e[N],e[N],e[N],e[N],e[N],e[N],e[N],e[N],e[N],e[N],e[N],e[N],e[N],e[N],e[N],e[N],e[N],e[N],e[N],e[N],e[N],e[N],e[N],e[N],e[N],e[N],e[N],e[N],e[N],e[N],e[N],e[N],e[N],e[N],e[N],e[N],e[N],e[N],e[N],e[N],e[N],e[N],e[N],e[N],e[N],e[N],e[N],e[N],e[N],e[N],e[N],e[N],e[N],e[N],e[N],e[N],e[N],e[N],e[N],e[N],e[N],e[N],e[N],e[N],e[N],e[N],e[N],e[N],e[N],e[N],e[N],e[N],e[N],e[N],e[N],e[N]>,3<f3[N],f3[N],f3[N],f3[N],f3[N],f3[N],f3[N],f3[N],f3[N],f3[N],f3[N],f3[N],f3[N],f3[N],f3[N],f3[N],f3[N],f3[N],f3[N],f3[N],f3[N],f3[N],f3[N],f3[N],f3[N],f3[N],f3[N],f3[N],f3[N],f3[N],f3[N],f3[N],f3[N],f3[N],f3[N],f3[N],f3[N],f3[N],f3[N],f3[N],f3[N],f3[N],f3[N],f3[N],f3[N],f3[N],f3[N],f3[N],f3[N],f3[N],f3[N],f3[N],f3[N],f3[N],f3[N],f3[N],f3[N],f3[N],f3[N],f3[N],f3[N],f3[N],f3[N],f3[N],f3[N],f3[N],f3[N],f3[N],f3[N],f3[N],f3[N],f3[N],f3[N],f3[N],f3[N],f3[N],f3[N],f3[N],f3[N],f3[N],f3[N],f3[N],f3[N],f3[N],f3[N],f3[N],f3[N],f3[N],f3[N],f3[N],f3[N],f3[N],f3[N],f3[N],f3[N],f3[N],f3[N],f3[N],f3[N],f3[N],f3[N],f3[N],f3[N],f3[N],f3[N],f3[N],f3[N],f3[N],f3[N],f3[N],f3[N],f3[N],f3[N],f3[N],f3[N],f3[N],f3[N],f3[N],f3[N],f3[N],f3[N],f3[N],f3[N],f3[N],f3[N],f3[N],f3[N],f3[N],f3[N],f3[N],f3[N],f3[N],f3[N],f3[N],f3[N],f3[N],f3[N],f3[N],f3[N],f3[N],f3[N],f3[N],f3[N],f3[N],f3[N],f3[N],f3[N],f3[N],f3[N],f3[N],f3[N],f3[N],f3[N],f3[N],f3[N],f3[N],f3[N],f3[N],f3[N],f3[N],f3[N],f3[N],f3[N],f3[N],f3[N],f3[N],f3[N],f3[N],f3[N],f3[N],f3[N],f3[N],f3[N],f3[N],f3[N],f3[N],f3[N],f3[N],f3[N],f3[N],f3[N],f3[N],f3[N],f3[N],f3[N],f3[N],f3[N],f3[N],f3[N],f3[N],f3[N],f3[N],f3[N],f3[N],f3[N],f3[N],f3[N],f3[N],f3[N],f3[N],f3[N],f3[N],f3[N],f3[N],f3[N],f3[N],f3[N],f3[N],f3[N],f3[N],f3[N],f3[N],f3[N],f3[N],f3[N],f3[N],f3[N],f3[N],f3[N],f3[N],f3[N],f3[N],f3[N],f3[N],f3[N],f3[N],f3[N],f3[N],f3[N],f3[N],f3[N],f3[N],f3[N],f3[N],f3[N],f3[N],f3[N],f3[N],f3[N],f3[N],f3[N],f3[N],f3[N],f3[N],f3[N],f3[N],f3[N],f3[N],f3[N],f3[N],f3[N],f3[N],f3[N],f3[N],f3[N],f3[N],f3[N],f3[N],f3[N],f3[N],f3[N],f3[N],f3[N],f3[N],f3[N],f3[N],f3[N],f3[N],f3[N],f3[N],f3[N],f3[N],f3[N],f3[N],f3[N],f3[N],f3[N],f3[N],f3[N],f3[N],f3[N],f3[N],f3[N],f3[N],f3[N],f3[N],f3[N],f3[N],f3[N],f3[N],f3[N]>,3<c1[N],e[N],f3[N],c1[N],e[N],f3[N],c1[N],e[N],f3[N],c1[N],e[N],f3[N],c1[N],e[N],f3[N],c1[N],e[N],f3[N],c1[N],e[N],f3[N],c1[N],e[N],f3[N],c1[N],e[N],f3[N],c1[N],e[N],f3[N],c1[N],e[N],f3[N],c1[N],e[N],f3[N],c1[N],e[N],f3[N],c1[N],e[N],f3[N],c1[N],e[N],f3[N],c1[N],e[N],f3[N],c1[N],e[N],f3[N],c1[N],e[N],f3[N],c1[N],e[N],f3[N],c1[N],e[N],f3[N],c1[N],e[N],f3[N],c1[N],e[N],f3[N],c1[N],e[N],f3[N],c1[N],e[N],f3[N],c1[N],e[N],f3[N],c1[N],e[N],f3[N],c1[N],e[N],f3[N],c1[N],e[N],f3[N],c1[N],e[N],f3[N],c1[N],e[N],f3[N],c1[N],e[N],f3[N],c1[N],e[N],f3[N],c1[N],e[N],f3[N],c1[N],e[N],f3[N],c1[N],e[N],f3[N],c1[N],e[N],f3[N],c1[N],e[N],f3[N],c1[N],e[N],f3[N],c1[N],e[N],f3[N],c1[N],e[N],f3[N],c1[N],e[N],f3[N],c1[N],e[N],f3[N],c1[N],e[N],f3[N],c1[N],e[N],f3[N],c1[N],e[N],f3[N],c1[N],e[N],f3[N],c1[N],e[N],f3[N],c1[N],e[N],f3[N],c1[N],e[N],f3[N],c1[N],e[N],f3[N],c1[N],e[N],f3[N],c1[N],e[N],f3[N],c1[N],e[N],f3[N],c1[N],e[N],f3[N],c1[N],e[N],f3[N],c1[N],e[N],f3[N],c1[N],e[N],f3[N],c1[N],e[N],f3[N],c1[N],e[N],f3[N],c1[N],e[N],f3[N],c1[N],e[N],f3[N],c1[N],e[N],f3[N],c1[N],e[N],f3[N],c1[N],e[N],f3[N],c1[N],e[N],f3[N],c1[N],e[N],f3[N],c1[N],e[N],f3[N],c1[N],e[N],f3[N],c1[N],e[N],f3[N],c1[N],e[N],f3[N],c1[N],e[N],f3[N],c1[N],e[N],f3[N],c1[N],e[N],f3[N],c1[N],e[N],f3[N],c1[N],e[N],f3[N],c1[N],e[N],f3[N],c1[N],e[N],f3[N],c1[N],e[N],f3[N],c1[N],e[N],f3[N],c1[N],e[N],f3[N],c1[N],e[N],f3[N],c1[N],e[N],f3[N],c1[N],e[N],f3[N],c1[N],e[N],f3[N],c1[N],e[N],f3[N],c1[N],e[N],f3[N],c1[N],e[N],f3[N],c1[N],e[N],f3[N],c1[N],e[N],f3[N],c1[N],e[N],f3[N],c1[N],e[N],f3[N],c1[N],e[N],f3[N],c1[N],e[N],f3[N],c1[N],e[N],f3[N],c1[N],e[N],f3[N],c1[N],e[N],f3[N],c1[N],e[N],f3[N],c1[N],e[N],f3[N],c1[N],e[N],f3[N],c1[N],e[N],f3[N],c1[N],e[N],f3[N],c1[N],e[N],f3[N],c1[N],e[N],f3[N],c1[N],e[N],f3[N],c1[N],e[N],f3[N],c1[N],e[N],f3[N],c1[N],e[N],f3[N],c1[N],e[N],f3[N],c1[N],e[N],f3[N],c1[N],e[N],f3[N],c1[N],e[N],f3[N],c1[N],e[N],f3[N],c1[N],e[N],f3[N],c1[N],e[N],f3[N],c1[N],e[N],f3[N],c1[N],e[N],f3[N],c1[N],e[N],f3[N],c1[N],e[N],f3[N],c1[N],e[N],f3[N],c1[N],e[N],f3[N],c1[N],e[N],f3[N],c1[N],e[N],f3[N],c1[N],e[N],f3[N],c1[N],e[N],f3[N],c1[N],e[N],f3[N],c1[N],e[N],f3[N],c1[N],e[N],f3[N],c1[N],e[N],f3[N],c1[N],e[N],f3[N],c1[N],e[N],f3[N],c1[N],e[N],f3[N],c1[N],e[N],f3[N],c1[N],e[N],f3[N],c1[N],e[N],f3[N],c1[N],e[N],f3[N],c1[N],e[N],f3[N],c1[N],e[N],f3[N],c1[N],e[N],f3[N],c1[N],e[N],f3[N],c1[N],e[N],f3[N],c1[N],e[N],f3[N],c1[N],e[N],f3[N],c1[N],e[N],f3[N],c1[N],e[N],f3[N],c1[N],e[N],f3[N],c1[N],e[N],f3[N],c1[N],e[N],f3[N],c1[N],e[N],f3[N],c1[N],e[N],f3[N],c1[N],e[N],f3[N],c1[N],e[N],f3[N],c1[N],e[N],f3[N],c1[N],e[N],f3[N],c1[N],e[N],f3[N],c1[N],e[N],f3[N],c1[N],e[N],f3[N],c1[N],e[N],f3[N],c1[N],e[N],f3[N],c1[N],e[N],f3[N],c1[N],e[N],f3[N],c1[N],e[N],f3[N],c1[N],e[N],f3[N],c1[N],e[N],f3[N],c1[N],e[N],f3[N],c1[N],e[N],f3[N],c1[N],e[N],f3[N],c1[N],e[N],f3[N],c1[N],e[N],f3[N],c1[N],e[N],f3[N],c1[N],e[N],f3[N],c1[N],e[N],f3[N],c1[N],e[N],f3[N],c1[N],e[N],f3[N],c1[N],e[N],f3[N],c1[N],e[N],f3[N],c1[N],e[N],f3[N],c1[N],e[N],f3[N],c1[N],e[N],f3[N],c1[N],e[N],f3[N],c1[N],e[N],f3[N],c1[N],e[N],f3[N],c1[N],e[N],f3[N],c1[N],e[N],f3[N],c1[N],e[N],f3[N],c1[N],e[N],f3[N],c1[N],e[N],f3[N],c1[N],e[N],f3[N],c1[N],e[N],f3[N],c1[N],e[N],f3[N],c1[N],e[N],f3[N],c1[N],e[N],f3[N],c1[N],e[N],f3[N],c1[N],e[N],f3[N],c1[N],e[N],f3[N],c1[N],e[N],f3[N],c1[N],e[N],f3[N],c1[N],e[N],f3[N],c1[N],e[N],f3[N],c1[N],e[N],f3[N],c1[N],e[N],f3[N],c1[N],e[N],f3[N],c1[N],e[N],f3[N],c1[N],e[N],f3[N]>,3<(c1.e.f3)[N],(c1.e.f3)[N],(c1.e.f3)[N],(c1.e.f3)[N],(c1.e.f3)[N],(c1.e.f3)[N],(c1.e.f3)[N],(c1.e.f3)[N],(c1.e.f3)[N],(c1.e.f3)[N],(c1.e.f3)[N],(c1.e.f3)[N],(c1.e.f3)[N],(c1.e.f3)[N],(c1.e.f3)[N],(c1.e.f3)[N],(c1.e.f3)[N],(c1.e.f3)[N],(c1.e.f3)[N],(c1.e.f3)[N],(c1.e.f3)[N],(c1.e.f3)[N],(c1.e.f3)[N],(c1.e.f3)[N],(c1.e.f3)[N],(c1.e.f3)[N],(c1.e.f3)[N],(c1.e.f3)[N],(c1.e.f3)[N],(c1.e.f3)[N],(c1.e.f3)[N],(c1.e.f3)[N],(c1.e.f3)[N],(c1.e.f3)[N],(c1.e.f3)[N],(c1.e.f3)[N],(c1.e.f3)[N],(c1.e.f3)[N],(c1.e.f3)[N],(c1.e.f3)[N],(c1.e.f3)[N],(c1.e.f3)[N],(c1.e.f3)[N],(c1.e.f3)[N],(c1.e.f3)[N],(c1.e.f3)[N],(c1.e.f3)[N],(c1.e.f3)[N],(c1.e.f3)[N],(c1.e.f3)[N],(c1.e.f3)[N],(c1.e.f3)[N],(c1.e.f3)[N],(c1.e.f3)[N],(c1.e.f3)[N],(c1.e.f3)[N],(c1.e.f3)[N],(c1.e.f3)[N],(c1.e.f3)[N],(c1.e.f3)[N],(c1.e.f3)[N],(c1.e.f3)[N],(c1.e.f3)[N],(c1.e.f3)[N],(c1.e.f3)[N],(c1.e.f3)[N],(c1.e.f3)[N],(c1.e.f3)[N],(c1.e.f3)[N],(c1.e.f3)[N],(c1.e.f3)[N],(c1.e.f3)[N],(c1.e.f3)[N],(c1.e.f3)[N],(c1.e.f3)[N],(c1.e.f3)[N],(c1.e.f3)[N],(c1.e.f3)[N],(c1.e.f3)[N],(c1.e.f3)[N],(c1.e.f3)[N],(c1.e.f3)[N],(c1.e.f3)[N],(c1.e.f3)[N],(c1.e.f3)[N],(c1.e.f3)[N],(c1.e.f3)[N],(c1.e.f3)[N],(c1.e.f3)[N],(c1.e.f3)[N],(c1.e.f3)[N],(c1.e.f3)[N],(c1.e.f3)[N],(c1.e.f3)[N],(c1.e.f3)[N],(c1.e.f3)[N],(c1.e.f3)[N],(c1.e.f3)[N],(c1.e.f3)[N],(c1.e.f3)[N],(c1.e.f3)[N],(c1.e.f3)[N],(c1.e.f3)[N],(c1.e.f3)[N],(c1.e.f3)[N],(c1.e.f3)[N],(c1.e.f3)[N],(c1.e.f3)[N],(c1.e.f3)[N],(c1.e.f3)[N],(c1.e.f3)[N],(c1.e.f3)[N],(c1.e.f3)[N],(c1.e.f3)[N],(c1.e.f3)[N],(c1.e.f3)[N],(c1.e.f3)[N],(c1.e.f3)[N],(c1.e.f3)[N],(c1.e.f3)[N],(c1.e.f3)[N],(c1.e.f3)[N],(c1.e.f3)[N],(c1.e.f3)[N],(c1.e.f3)[N],(c1.e.f3)[N],(c1.e.f3)[N],(c1.e.f3)[N],(c1.e.f3)[N],(c1.e.f3)[N],(c1.e.f3)[N],(c1.e.f3)[N],(c1.e.f3)[N],(c1.e.f3)[N],(c1.e.f3)[N],(c1.e.f3)[N],(c1.e.f3)[N],(c1.e.f3)[N],(c1.e.f3)[N],(c1.e.f3)[N],(c1.e.f3)[N],(c1.e.f3)[N],(c1.e.f3)[N],(c1.e.f3)[N],(c1.e.f3)[N],(c1.e.f3)[N],(c1.e.f3)[N],(c1.e.f3)[N],(c1.e.f3)[N],(c1.e.f3)[N],(c1.e.f3)[N],(c1.e.f3)[N],(c1.e.f3)[N],(c1.e.f3)[N],(c1.e.f3)[N],(c1.e.f3)[N],(c1.e.f3)[N],(c1.e.f3)[N],(c1.e.f3)[N],(c1.e.f3)[N],(c1.e.f3)[N],(c1.e.f3)[N],(c1.e.f3)[N],(c1.e.f3)[N],(c1.e.f3)[N],(c1.e.f3)[N],(c1.e.f3)[N],(c1.e.f3)[N],(c1.e.f3)[N],(c1.e.f3)[N],(c1.e.f3)[N],(c1.e.f3)[N],(c1.e.f3)[N],(c1.e.f3)[N],(c1.e.f3)[N],(c1.e.f3)[N],(c1.e.f3)[N],(c1.e.f3)[N],(c1.e.f3)[N],(c1.e.f3)[N],(c1.e.f3)[N],(c1.e.f3)[N],(c1.e.f3)[N],(c1.e.f3)[N],(c1.e.f3)[N],(c1.e.f3)[N],(c1.e.f3)[N],(c1.e.f3)[N],(c1.e.f3)[N],(c1.e.f3)[N],(c1.e.f3)[N],(c1.e.f3)[N],(c1.e.f3)[N],(c1.e.f3)[N],(c1.e.f3)[N],(c1.e.f3)[N],(c1.e.f3)[N],(c1.e.f3)[N],(c1.e.f3)[N],(c1.e.f3)[N],(c1.e.f3)[N],(c1.e.f3)[N],(c1.e.f3)[N],(c1.e.f3)[N],(c1.e.f3)[N],(c1.e.f3)[N],(c1.e.f3)[N],(c1.e.f3)[N],(c1.e.f3)[N],(c1.e.f3)[N],(c1.e.f3)[N],(c1.e.f3)[N],(c1.e.f3)[N],(c1.e.f3)[N],(c1.e.f3)[N],(c1.e.f3)[N],(c1.e.f3)[N],(c1.e.f3)[N],(c1.e.f3)[N],(c1.e.f3)[N],(c1.e.f3)[N],(c1.e.f3)[N],(c1.e.f3)[N],(c1.e.f3)[N],(c1.e.f3)[N],(c1.e.f3)[N],(c1.e.f3)[N],(c1.e.f3)[N],(c1.e.f3)[N],(c1.e.f3)[N],(c1.e.f3)[N],(c1.e.f3)[N],(c1.e.f3)[N],(c1.e.f3)[N],(c1.e.f3)[N],(c1.e.f3)[N],(c1.e.f3)[N],(c1.e.f3)[N],(c1.e.f3)[N],(c1.e.f3)[N],(c1.e.f3)[N],(c1.e.f3)[N],(c1.e.f3)[N],(c1.e.f3)[N],(c1.e.f3)[N],(c1.e.f3)[N],(c1.e.f3)[N],(c1.e.f3)[N],(c1.e.f3)[N],(c1.e.f3)[N],(c1.e.f3)[N],(c1.e.f3)[N],(c1.e.f3)[N],(c1.e.f3)[N],(c1.e.f3)[N],(c1.e.f3)[N],(c1.e.f3)[N],(c1.e.f3)[N],(c1.e.f3)[N],(c1.e.f3)[N],(c1.e.f3)[N],(c1.e.f3)[N],(c1.e.f3)[N],(c1.e.f3)[N],(c1.e.f3)[N],(c1.e.f3)[N],(c1.e.f3)[N],(c1.e.f3)[N],(c1.e.f3)[N],(c1.e.f3)[N],(c1.e.f3)[N],(c1.e.f3)[N],(c1.e.f3)[N],(c1.e.f3)[N],(c1.e.f3)[N],(c1.e.f3)[N],(c1.e.f3)[N],(c1.e.f3)[N],(c1.e.f3)[N],(c1.e.f3)[N],(c1.e.f3)[N],(c1.e.f3)[N],(c1.e.f3)[N],(c1.e.f3)[N],(c1.e.f3)[N],(c1.e.f3)[N],(c1.e.f3)[N],(c1.e.f3)[N],(c1.e.f3)[N],(c1.e.f3)[N],(c1.e.f3)[N],(c1.e.f3)[N],(c1.e.f3)[N],(c1.e.f3)[N],(c1.e.f3)[N],(c1.e.f3)[N],(c1.e.f3)[N],(c1.e.f3)[N],(c1.e.f3)[N],(c1.e.f3)[N],(c1.e.f3)[N],(c1.e.f3)[N],(c1.e.f3)[N],(c1.e.f3)[N],(c1.e.f3)[N],(c1.e.f3)[N],(c1.e.f3)[N],(c1.e.f3)[N],(c1.e.f3)[N],(c1.e.f3)[N],(c1.e.f3)[N],(c1.e.f3)[N],(c1.e.f3)[N],(c1.e.f3)[N],(c1.e.f3)[N],(c1.e.f3)[N],(c1.e.f3)[N],(c1.e.f3)[N],(c1.e.f3)[N],(c1.e.f3)[N],(c1.e.f3)[N],(c1.e.f3)[N],(c1.e.f3)[N],(c1.e.f3)[N],(c1.e.f3)[N],(c1.e.f3)[N],(c1.e.f3)[N],(c1.e.f3)[N],(c1.e.f3)[N],(c1.e.f3)[N],(c1.e.f3)[N],(c1.e.f3)[N],(c1.e.f3)[N],(c1.e.f3)[N],(c1.e.f3)[N],(c1.e.f3)[N],(c1.e.f3)[N],(c1.e.f3)[N],(c1.e.f3)[N],(c1.e.f3)[N],(c1.e.f3)[N],(c1.e.f3)[N],(c1.e.f3)[N],(c1.e.f3)[N],(c1.e.f3)[N],(c1.e.f3)[N],(c1.e.f3)[N],(c1.e.f3)[N],(c1.e.f3)[N],(c1.e.f3)[N],(c1.e.f3)[N],(c1.e.f3)[N],(c1.e.f3)[N],(c1.e.f3)[N],(c1.e.f3)[N],(c1.e.f3)[N],(c1.e.f3)[N],(c1.e.f3)[N],(c1.e.f3)[N],(c1.e.f3)[N]>,QQ;"],"id":3}],"audition":{"end":[1,10],"start":[0,0]}}