{"baseBpm":80,"musics":[{"bpm":80,"baseBeats":0.25,"scores":["(g1.e2)[M],(#f1.#d2)[M],(g1.e2)[M],(e1.c2)[M],V,e1[M],f1[M],#f1[M],g1[M],c2[M],e2[M],(g1.e2.g2)[M],V,(#f1.#d2.#f2)[M],(g1.e2.g2)[L];(g1.e2)[M],(#f1.#d2)[M],(g1.e2)[M],g1[M],V,#a1[M],a1[M],#g1[M],a1[M],d2[M],f2[M],(a1.f2.a2)[M],V,f2[M],d2[M],a1[M];a1[M],#g1[M],a1[M],b1[M],c2[M],b1[M],c2[M],d2[M],e2[L],(g1.#c2.f2)[L],U,(g1.#c2.e2)[L];(#f1.c2.e2)[L],(f1.b1.e2)[L],U,(f1.b1.d2)[L],(e1.c2)[K],(e2.c3)[K];(g1.e2)[M],(#f1.#d2)[M],(g1.e2)[M],(e1.c2)[M],V,e1[M],f1[M],#f1[M],g1[M],c2[M],e2[M],(g1.e2.g2)[M],V,(#f1.#d2.#f2)[M],(g1.e2.g2)[L];(g1.e2)[M],(#f1.#d2)[M],(g1.e2)[M],g1[M],V,#a1[M],a1[M],#g1[M],a1[M],d2[M],f2[M],(a1.f2.a2)[M],V,f2[M],d2[M],a1[M];a1[M],#g1[M],a1[M],b1[M],c2[M],b1[M],c2[M],d2[M],e2[L],(g1.#c2.f2)[L],U,(g1.#c2.e2)[L];(#f1.c2.e2)[L],(f1.b1.e2)[L],U,(f1.b1.d2)[L],(e1.c2)[K],(e2.c3)[K];","c[L],(g.c1.e1)[L],G-1[L],(g.c1.e1)[L],c[L],(g.c1.e1)[L],G-1[L],(g.c1.e1)[L];c[L],(g.c1.e1)[L],#c[L],(g.a.e1)[L],d[L],(f.a.d1)[L],f[L],(a.d1)[L];(#f.a.c1.#d1)[L],U,(#f.a.c1.#d1)[L],U,(g.c1.e1)[L],(A-1.a)[L],A-1[K];(D-1.d)[L],(G-1.g)[L],G-1[K],c[K],c[K];c[L],(g.c1.e1)[L],G-1[L],(g.c1.e1)[L],c[L],(g.c1.e1)[L],G-1[L],(g.c1.e1)[L];c[L],(g.c1.e1)[L],#c[L],(g.a.e1)[L],d[L],(f.a.d1)[L],f[L],(a.d1)[L];(#f.a.c1.#d1)[L],U,(#f.a.c1.#d1)[L],U,(g.c1.e1)[L],(A-1.a)[L],A-1[K];(D-1.d)[L],(G-1.g)[L],G-1[K],c[K],c[K];"],"id":1,"instruments":["piano","piano"],"alternatives":["",""]},{"bpm":84,"baseBeats":0.25,"scores":["(a1.f2.a2)[L],(c2.a2.c3)[L],U,(a1.f2.a2)[L];(a1.f2.a2)[L],(g1.e2.g2)[L],U,U;(d2.f2)[M],(c2.e2)[M],(b1.d2)[M],(c2.e2)[M],(d2.f2)[M],(f2.a2)[L],(f2.a2)[M];(e2.g2)[M],(d2.f2)[M],(c2.e2)[M],(d2.f2)[M],(e2.g2)[M],(e2.c3)[L],(e2.c3)[M];(d2.d3)[L],(d2.d3)[L],V,c3[M],b2[M],a2[M];(e2.a2)[L],(e2.g2)[L],V,c2[M],d2[M],e2[M];(b1.g2)[L],(b1.f2)[L],U,(f1.g1.b1)[L];(e1.g1.c2)[K],(e2.c3)[K];(c2.#d2.c3)[L],(c2.#d2.c3)[L],V,#d2[M],#g2[M],#a2[M];(c2.#d2.c3)[M],(c2.#d2.c3)[L],(c2.#d2.c3)[M],V,(c2.c3)[M],(#c2.#c3)[M],(#d2.#d3)[M];(f2.#g2.f3)[L],(f2.#g2.f3)[L],V,(f2.#g2.f3)[M],(#d2.g2.#d3)[M],(#c2.f2.#c3)[M];(c2.#d2.c3)[M],(c2.#d2.c3)[L],(c2.#d2.c3)[M],V,(c2.c3)[M],(#a1.#a2)[M],(#g1.#g2)[M];","(F-1)[L],(a.c1.f1)[L],(A-1)[L],(a.c1.f1)[L];c[L],(g.c1.e1)[L],e[L],(g.c1.e1)[L];(G-1)[L],(g.b.f1)[L],(B-1)[L],(g.b.f1)[L];c[L],(g.c1.e1)[L],e[L],(g.c1.e1)[L];f[L],(a.c1.d1)[L],#f[L],(a.c1.#d1)[L];g[L],(c1.e1)[L],e[L],(g.c1.e1)[L];d[L],(g.d1)[L],(G-1.g)[K];c[K],c[K];(#G-1.#g)[L],(#d.#g.c1)[L],(#D-1.#d)[L],(#d.#g.c1)[L];(#G-1.#g)[L],(#d.#g.c1)[L],(#D-1.#d)[L],(#d.#g.c1)[L];(#C-1.#c)[L],(f.#g.#c1)[L],(#C-1.#d)[L],(f.#g.#c1)[L];(#G-1.#g)[L],(#d.#g.c1)[L],(#D-1.#d)[L],(#d.#g.c1)[L];"],"id":2},{"bpm":88,"baseBeats":0.25,"scores":["(g1.#c2.g2)[L],(g1.#c2.g2)[L],V,(#d1.#d2)[M],(f1.f2)[M],(g1.g2)[M];(#g1.c2.#g2)[M],(#g1.c2.#g2)[L],(#g1.c2.#g2)[M],V,(c2.c3)[M],(#a1.#a2)[M],(#g1.#g2)[M];(f1.#a1.f2)[L],(#c2.f2.#c3)[L],V,(#c2.#c3)[M],(c2.c3)[M],(#a1.#a2)[M];(#g1.#g2)[L],(#g1.#g2)[M],(#g1.#g2)[M],(#g1.#g2)[L],(#a1.#a2)[L];(b1.b2)[L],(b1.b2)[L],V,(e1.e2)[M],(#g1.#g2)[M],(b1.b2)[M];(#f1.b1.#d2.#f2)[M],(#f1.b1.#d2.#f2)[L],(#f1.b1.#d2.#f2)[M],V,(#f1.#f2)[M],(b1.b2)[M],(#d2.#d3)[M];(#c2.#c3)[L],(#c2.#c3)[L],V,(#f1.#f2)[M],(#g1.#g2)[M],(#a1.#a2)[M];(b1.b2)[L],(b1.b2)[M],(b1.b2)[LM],(b1.b2)[L];(b1.b2)[L],(b1.b2)[L],V,(e1.e2)[M],(#g1.#g2)[M],(b1.b2)[M];(c2.#d2.c3)[M],(c2.#d2.c3)[L],(c2.#d2.c3)[M],V,(c2.c3)[M],(#a1.#a2)[M],(#g1.#g2)[M];(g1.#c2.g2)[L],(#d2.#d3)[L],V,(#c2.#c3)[M],(c2.c3)[M],(#a1.#a2)[M];(#g1.#g2)[L],(#g1.#g2)[M],(#g1.#g2)[M],(#g1.#g2)[L],(#g1.#g2)[L];(a1.a2)[L],(f2.f3)[LM],(e2.e3)[M],(d2.d3)[M],(c2.c3)[M];(g1.g2)[M],(a1.a2)[M],(#a1.#a2)[LM],(#a1.d2.#a2)[M],(a1.c2.a2)[M],(g1.#a1.g2)[M];(f1.a1.f2)[L],(f1.#g1.#c2.f2)[K],(f1.#g1.#c2.f2)[L];(f1.a1.c2.f2)[K],(f2.a2.c3.f3)[K];","(#A-1.#a)[L],(#d.#a.#c1)[L],(#D-1.#d)[L],(#d.#a.#c1)[L];(#G-1.#g)[L],(#d.#g.c1)[L],(#D-1.#d)[L],(#d.#g.c1)[L];(#C-1.#c)[L],(#A-1)[L],(#D-1.#d)[L],(#d.g.#c1)[L];(#g.c1)[L],U,T;e[L],(#g.b)[L],e[L],(#g.b)[L];#d[L],(#f.b)[L],(B-1)[L],(#d.#f.b)[L];(#F-1)[L],(e.#f.#a)[L],(#F-1)[L],(e.#f.#a)[L];(B-1.#d.#f.b)[L],U,T;e[L],(#g.b)[L],e[L],(#g.b)[L];#d[L],(#d.#g.c1)[L],#d[L],(#g.c1)[L];(#D-1.#d)[L],(#d.g.#c1)[L],(#D-1.#d)[L],(#d.g.#c1)[L];(#g.c1)[L],U,(#c.f.#g.#c1)[K];(c.f.a.c1)[L],(f.f1)[LM],(e.e1)[M],(d.d1)[M],(c.c1)[M];(E-1.e)[M],(F-1.f)[M],(G-1.g)[LM],(C-1.c)[M],(D-1.d)[M],(E-1.e)[M];(F-1.f)[L],(#C-1.#c)[K],(#C-1.#c)[L];(F-1.f)[K],(F-1)[K];"],"id":3}],"audition":{"start":[0,0],"end":[0,47]}}