{"baseBpm":175,"musics":[{"id":1,"baseBeats":0.5,"scores":["mute[L],mute[KM],mute[LM],mute[KLM],mute[LM],mute[JL],mute[L],mute[LM],mute[KM],mute[L],mute[IILM],mute[LM],mute[L],mute[KM],mute[LM],mute[KLM],mute[LM],mute[JK],mute[KM],mute[LM],mute[L],mute[IK],mute[IL],mute[L],mute[KM],mute[LM],mute[KM],mute[KLM],mute[LM],mute[KM],mute[KLM],mute[LM],mute[L],mute[JL],mute[IJK],mute[L],mute[KM],mute[KM],mute[KM],mute[LM],mute[KM],mute[KLM],mute[KM],mute[KM],mute[IK],mute[JKM],mute[L],mute[LM],mute[L],mute[KM],mute[LM],mute[KM],mute[KM],mute[L],mute[KM],mute[KM],mute[KM],mute[KM],mute[KM],mute[IJK],mute[L],mute[LM],mute[L],mute[KM],mute[LM],mute[KLM],mute[LM],mute[JL],mute[L],mute[KM],mute[KM],mute[KM],mute[JKLM],mute[IL],mute[L],mute[LMNO],mute[KO],mute[L],mute[LMNO],mute[KLO],mute[LMNO],mute[KO],mute[KLM],mute[KM],mute[KM],mute[IIM],mute[L],mute[LMNO],mute[KO],mute[L],mute[J],mute[L],mute[LMNO],mute[KO],mute[KLM],mute[KM],mute[KM],mute[JKLM],mute[JKLM],mute[LM],mute[L],mute[JKLM],mute[LM],mute[L],mute[JKLM],mute[LM],mute[L],mute[IK],mute[JKLM],mute[LM],mute[L],mute[JKLM],mute[LM],mute[L],mute[JKLM],mute[LM],mute[L],mute[JKLM],mute[KM],mute[KM],mute[JL],mute[KM],mute[IIIII];","f1[L],(g1.d.f.#a)[KM],f1[LM],g1[KLM],f1[LM],g1[JL],f1[L],g1[LM],f1[KM],c1[L],(c.f.a)[IILM],c1[LM],c1[L],(g1.d.f.a)[KM],f1[LM],g1[KLM],f1[LM],g1[JK],g1[KM],f1[LM],c1[L],(c.f.g)[IK],e[IL],f1[L],(g1.d.f.#a)[KM],f1[LM],g1[KM],f1[KLM],g1[LM],f1[KM],g1[KLM],f1[LM],a1[L],(c.f.a)[JL],f1[IJK],f1[L],(g1.d.f.a)[KM],f1[KM],g1[KM],f1[LM],g1[KM],f1[KLM],g1[KM],f1[KM],(a1.c.f.g)[IK],(e1.e)[JKM],c1[L],c1[LM],c1[L],(g1.d.f.#a)[KM],f1[LM],g1[KM],f1[KM],c1[L],g1[KM],f1[KM],g1[KM],f1[KM],(c.f.a)[KM],c1[IJK],c1[L],c1[LM],c1[L],(g1.d.f.a)[KM],f1[LM],g1[KLM],f1[LM],g1[JL],f1[L],g1[KM],f1[KM],(c.f.g)[KM],c1[JKLM],e[IL],f1[L],(g1.d.f.#a)[LMNO],g1[KO],f1[L],g1[LMNO],f1[KLO],g1[LMNO],f1[KO],g1[KLM],f1[KM],(c.f.a)[KM],a1[IIM],f1[L],(g1.d.f.a)[LMNO],g1[KO],f1[L],g1[J],f1[L],g1[LMNO],f1[KO],g1[KLM],f1[KM],(c.f.g)[KM],a1[JKLM],e[JKLM],c1[LM],d1[L],(#A-1.d.f)[JKLM],f1[LM],c1[L],(A-1.c.f)[JKLM],a[LM],a[L],(A-1.d.f)[IK],(g.G-1.c.e)[JKLM],f[LM],f[L],(d1.#A-1.d.f)[JKLM],f1[LM],c1[L],(F-1.c.f)[JKLM],a[LM],a[L],(D-1.A-1.d)[JKLM],a[KM],(C-1.G-1.c)[KM],g[JL],f[KM],(#A-2.F-1.#A-1)[IIIII];"]},{"id":2,"baseBeats":0.5,"scores":["mute[JL],mute[KM],mute[JKLM],mute[KM],mute[KM],mute[JL],mute[KM],mute[JKLM],mute[KM],mute[KM],mute[JL],mute[KM],mute[JKLM],mute[KM],mute[KM],mute[JL],mute[KM],mute[JKLM],mute[KM],mute[KM],mute[KM],mute[LMO],mute[KLNO],mute[KM],mute[KM],mute[LMO],mute[KLNO],mute[KM],mute[KM],mute[LMO],mute[KLNO],mute[KM],mute[KM],mute[LMO],mute[KLNO],mute[KM],mute[KM],mute[LMO],mute[KLNO],mute[KM],mute[KM],mute[LMO],mute[KLNO],mute[KM],mute[KM],mute[LMO],mute[KLNO],mute[KM],mute[KM],mute[LMO],mute[KLNO],mute[LM],mute[L],mute[LM],mute[KM],mute[KM],mute[KLM],mute[LM],mute[KM],mute[KM],mute[KLM],mute[KM],mute[IJK],mute[L],mute[LM],mute[L],mute[LM],mute[KM],mute[KLM],mute[LM],mute[L],mute[J],mute[L],mute[KM],mute[KM],mute[KM],mute[JKLM],mute[IL],mute[L],mute[KM],mute[LM],mute[L],mute[KM],mute[LM],mute[JK],mute[KM],mute[LM],mute[L],mute[JL],mute[KM],mute[JKLM],mute[KM],mute[LM],mute[L],mute[LMO],mute[LMO],mute[LMO],mute[KM],mute[LM],mute[L],mute[KM],mute[KM],mute[KM],mute[LM],mute[L],mute[JL],mute[KM],mute[KM],mute[J],mute[L],mute[LMNO],mute[KO],mute[L],mute[J],mute[L],mute[LMNO],mute[KO],mute[L],mute[J],mute[L],mute[LMNO],mute[KO],mute[L],mute[J],mute[L],mute[LMNO],mute[KO],mute[L],mute[J],mute[L],mute[LMNO],mute[KO],mute[L],mute[J],mute[L],mute[KM],mute[LM],mute[L],mute[JL];","(d1.f1.#a1.#A-1.#a)[JL],g2[KM],g2[JKLM],g2[KM],g2[KM],(c1.f1.a1.F-1.f)[JL],g2[KM],g2[JKLM],g2[KM],g2[KM],(d1.f1.a1.D-1.d)[JL],g2[KM],g2[JKLM],g2[KM],g2[KM],(c1.f1.g1.C-1.c)[JL],g2[KM],g2[JKLM],g2[KM],g2[KM],(d1.f1.#a1.#A-1.#a.g1)[KM],g1[LMO],f1[MNO],(g2.g1)[KM],(g2.g1)[KM],g1[KM],g1[LMO],f1[MNO],(g2.g1)[KM],(g2.a1)[KM],(c1.f1.a1.F-1.f.g1)[KM],g1[LMO],f1[MNO],(g2.g1)[KM],(g2.g1)[KM],g1[KM],g1[LMO],f1[MNO],(g2.g1)[KM],(g2.a1)[KM],(d1.f1.a1.D-1.d.g1)[KM],g1[LMO],f1[MNO],(g2.g1)[KM],(g2.g1)[KM],g1[KM],g1[LMO],f1[MNO],(g2.g1)[KM],(g2.a1)[KM],(c1.f1.C-1.c.g1)[KM],g1[LMO],f1[MNO],(g2.g1)[KM],(g2.g1)[KM],g1[KM],g1[LMO],f1[MNO],(g2.g1)[KM],(g2.a1)[LM],f1[L],(g1.d.f.#a)[LM],f1[KM],g1[KM],f1[KLM],g1[LM],f1[KM],g1[KM],f1[KLM],(c.f.a)[KM],c1[IJK],c1[L],c1[LM],c1[L],(g1.d.f.a)[LM],f1[KM],g1[KLM],f1[LM],f1[L],g1[J],f1[L],g1[KM],f1[KM],(c.f.g)[KM],c1[JKLM],e[IL],f1[L],(g1.d.f.#a)[KM],f1[LM],g1[L],g2[KM],(f1.g2)[LM],g1[JK],(f1.g2)[KM],(f1.g2)[LM],a1[L],(c.f.a)[JL],g2[KM],g2[JKLM],g2[KM],g2[LM],f1[L],(g1.d.f.a)[LMO],g1[LMO],f1[LMO],(g1.g2)[KM],g2[LM],f1[L],g1[KM],f1[KM],(g1.g2)[KM],(f1.g2)[LM],a1[L],(c.f.g)[JL],g2[KM],(g1.g2)[KM],e[J],c1[L],(c1.g2)[LMNO],d1[MO],g2[LM],f1[L],(f.#a.#A-2.#A-1)[J],c1[L],(c1.f.#a)[LMNO],d1[KO],f1[L],(f.#a)[J],c1[L],(c1.f.#a)[LMNO],d1[KO],f1[L],(a.c1.F-1.f)[J],f1[L],(g1.a.c1)[LMNO],g1[KO],g1[L],(a.c1)[J],c1[L],(a.c1)[LMNO],d1[KO],f1[L],(f.a.D-1.d)[J],c1[L],(c1.f.a)[KM],d1[LM],f1[L],(f.a)[JL];"]},{"id":3,"baseBeats":0.5,"scores":["mute[LMNO],mute[KO],mute[L],mute[KM],mute[LM],mute[L],mute[LM],mute[KM],mute[L],mute[J],mute[L],mute[LMNO],mute[KO],mute[L],mute[LM],mute[KLM],mute[KM],mute[LM],mute[L],mute[J],mute[L],mute[LMNO],mute[KO],mute[L],mute[J],mute[L],mute[LMNO],mute[KO],mute[L],mute[J],mute[L],mute[LMNO],mute[KO],mute[L],mute[J],mute[L],mute[KM],mute[LM],mute[L],mute[JL],mute[LM],mute[KLM],mute[LMNO],mute[KO],mute[L],mute[LM],mute[KM],mute[L],mute[J],mute[L],mute[LMNO],mute[KO],mute[L],mute[J],mute[L],mute[LMNO],mute[KO],mute[L],mute[J],mute[L],mute[LMNO],mute[KO],mute[L],mute[J],mute[L],mute[LMNO],mute[KO],mute[L],mute[J],mute[L],mute[LMNO],mute[KO],mute[L],mute[J],mute[L],mute[KM],mute[LM],mute[L],mute[JL],mute[LMNO],mute[KO],mute[L],mute[KM],mute[LM],mute[L],mute[LM],mute[KM],mute[L],mute[J],mute[L],mute[LMNO],mute[KO],mute[L],mute[LM],mute[KLM],mute[KM],mute[LM],mute[L],mute[J],mute[L],mute[LMNO],mute[KO],mute[L],mute[J],mute[L],mute[LMNO],mute[KO],mute[L],mute[J],mute[L],mute[LMNO],mute[KO],mute[L],mute[J],mute[L],mute[KM],mute[LM],mute[L],mute[JL],mute[LM],mute[KLM],mute[LMNO],mute[KO],mute[L],mute[LM],mute[KM],mute[L],mute[JL],mute[KM],mute[KM],mute[IK],mute[IK],mute[IK],mute[JKLM],mute[LM],mute[L],mute[JKLM],mute[LM],mute[L],mute[JKLM],mute[LM],mute[L],mute[JKLM],mute[KM],mute[KM],mute[JL],mute[KM],mute[JL],mute[KM],mute[KM],mute[JL],mute[KM],mute[KM],mute[JL],mute[KM],mute[KM],mute[JL],mute[KM],mute[LM],mute[L],mute[JL],mute[KM],mute[KM],mute[JL],mute[KM],mute[KM],mute[JL],mute[KM],mute[KM],mute[JL],mute[KM],mute[LM],mute[L],mute[KM],mute[LM],mute[KLM],mute[LM],mute[JL],mute[L],mute[LM],mute[KM],mute[L],mute[IILM],mute[LM],mute[L],mute[KM],mute[LM],mute[KLM],mute[LM],mute[KM],mute[KLM],mute[KM],mute[KM],mute[KM],mute[JKLM],mute[IK],mute[KM],mute[LM],mute[L],mute[KM],mute[LM],mute[KM],mute[KM],mute[L],mute[KM],mute[KM],mute[KM],mute[KM],mute[KM],mute[JKLM],mute[LM],mute[L],mute[LM],mute[L],mute[LM],mute[KM],mute[L],mute[KM],mute[LM],mute[JL],mute[L],mute[KM],mute[KM],mute[KM],mute[KM],mute[KM],mute[KM],mute[JL],mute[KM],mute[LM],mute[L],mute[JKLM],mute[LM],mute[L],mute[JKLM],mute[LM],mute[L],mute[IK],mute[JKLM],mute[LM],mute[L],mute[JKLM],mute[LM],mute[L],mute[JKLM],mute[LM],mute[L],mute[JKLM],mute[KM],mute[KM],mute[JL],mute[KM],mute[IIJ],mute[ILM];","(c1.f.a)[LMNO],d1[KO],f1[L],(g.c1.C-1.c)[KM],f1[LM],g1[L],(g.c1)[LM],g1[KM],g1[L],(g.c1)[J],c1[L],(g.c1)[LMNO],d1[KO],f1[L],(f.#a.#A-2.#A-1)[LM],d1[KLM],(c1.f.#a)[KM],d1[LM],f1[L],(f.#a)[J],c1[L],(c1.f.#a)[LMNO],d1[KO],f1[L],(a.c1.F-1.f)[J],f1[L],(g1.a.c1)[LMNO],g1[KO],g1[L],(a.c1)[J],g1[L],(g1.a.c1)[LMNO],g1[KO],g1[L],(a.d1.D-1.d)[J],g1[L],(g1.a.d1)[KM],g1[LM],g1[L],(a.d1)[JL],(g1.a.d1)[LM],g1[KLM],(g1.g.c1.C-1.c)[LMNO],g1[KO],g1[L],(g.c1)[LM],g1[KM],g1[L],(g.c1)[J],c1[L],(g.c1)[LMNO],d1[KO],f1[L],(f.#a.#A-2.#A-1)[J],c1[L],(c1.f.#a)[LMNO],d1[KO],f1[L],(f.#a)[J],c1[L],(c1.f.#a)[LMNO],d1[KO],f1[L],(a.c1.F-1.f)[J],f1[L],(g1.a.c1)[LMNO],g1[KO],g1[L],(a.c1)[J],c1[L],(a.c1)[LMNO],d1[KO],f1[L],(f.a.D-1.d)[J],c1[L],(c1.f.a)[KM],d1[LM],f1[L],(f.a)[JL],(c1.f.a)[LMNO],d1[KO],f1[L],(g.c1.C-1.c)[KM],f1[LM],g1[L],(g.c1)[LM],g1[KM],g1[L],(g.c1)[J],c1[L],(g.c1)[LMNO],d1[KO],f1[L],(f.#a.#A-2.#A-1)[LM],d1[KLM],(c1.f.#a)[KM],d1[LM],f1[L],(f.#a)[J],c1[L],(c1.f.#a)[LMNO],d1[KO],f1[L],(a.c1.F-1.f)[J],f1[L],(g1.a.c1)[LMNO],g1[KO],g1[L],(a.c1)[J],g1[L],(g1.a.c1)[LMNO],g1[KO],g1[L],(a.d1.D-1.d)[J],g1[L],(g1.a.d1)[KM],g1[LM],g1[L],(a.d1)[JL],(g1.a.d1)[LM],g1[KLM],(g1.g.c1.C-1.c)[LMNO],g1[KO],g1[L],(g.c1)[LM],g1[KM],g1[L],(g1.g.c1.C-1.c)[JL],(g.c1)[KM],f1[KM],(d.f.#a)[IK],(c.f.a)[IK],(d.f.a)[IK],(c.f.g)[JKLM],f[LM],f[L],(d1.d.f.#a)[JKLM],f1[LM],c1[L],(c.f.a)[JKLM],a[LM],a[L],(d.f.a)[JKLM],a[KM],(c.e.g)[KM],g[JL],f[KM],(d1.f1.#a1.#A-1.#a)[JL],g2[KM],g2[KM],(c1.f1.a1.F-1.f)[JL],g2[KM],g2[KM],(d1.f1.a1.D-1.d)[JL],g2[KM],g2[KM],(c1.f1.g1.C-1.c)[JL],g2[KM],g2[LM],f1[L],(d1.f1.#a1.#A-1.#a)[JL],g2[KM],g2[KM],(c1.f1.a1.F-1.f)[JL],g2[KM],g2[KM],(d1.f1.a1.D-1.d)[JL],g2[KM],g2[KM],(c1.f1.g1.C-1.c)[JL],g2[KM],g2[LM],f1[L],(g1.d.f.#a)[KM],f1[LM],g1[KLM],f1[LM],g1[JL],f1[L],g1[LM],f1[KM],c1[L],(c.f.a)[IILM],c1[LM],c1[L],(g1.d.f.a)[KM],f1[LM],g1[KLM],f1[LM],g1[KM],f1[KLM],g1[KM],f1[KM],(c.f.g)[KM],c1[JKLM],e[IK],(g1.d.f.#a)[KM],f1[LM],g1[L],g2[KM],(f1.g2)[LM],g1[KM],f1[KM],f1[L],(g1.g2)[KM],(f1.g2)[KM],(c.f.a)[KM],a1[KM],g2[KM],g2[JKLM],g2[LM],c1[L],(c1.g2)[LM],c1[L],(g1.d.f.a)[LM],f1[KM],g1[L],g2[KM],(f1.g2)[LM],g1[JL],f1[L],(g1.g2)[KM],(f1.g2)[KM],(c.f.g)[KM],a1[KM],g2[KM],g2[KM],e[JL],g2[KM],(c1.g2)[LM],d1[L],(#A-1.d.f)[JKLM],f1[LM],c1[L],(A-1.c.f)[JKLM],a[LM],a[L],(A-1.d.f)[IK],(g.G-1.c.e)[JKLM],f[LM],f[L],(d1.#A-1.d.f)[JKLM],f1[LM],c1[L],(F-1.c.f)[JKLM],a[LM],a[L],(D-1.A-1.d)[JKLM],a[KM],(C-1.G-1.c)[KM],g[JL],f[KM],(#A-2.F-1.#A-1)[IIJ],(c2.f2.a2.F-1.f)[ILM];"]}]}