{"baseBpm":160,"musics":[{"bpm":160,"baseBeats":0.5,"scores":["a2[L],g2[K],b2[L],a2[K],a1[L],g1[K];b1[L],a1[K],a[L],g[K],b[L];a[K],A-1[L],G-1[K],B-1[L],A-1[K];(g.c1.e1)[L],T,U,T,(g.c1.#d1)[L],T;U,T,(#f.c1.d1)[JK];(c1.#f1.a1)[JK];(b.d1.a1)[L],g1[K],b1[L],a1[K],(#c1.g1.a1)[L],g1[K];b1[L],a1[K],(c1.#f1.a1)[L],c2[K],b1[L];(c1.#f1.a1)[K],(b.e1.g1)[K],T,T;(c2.e2)[L],a2[K],e2[L],(c2.g2)[K],(g1.b1)[L],e2[K];b1[L],(g1.b1.d2)[K],(#c1.g1)[L],b1[K],g1[L];(#c1.g1.b1)[K],(c1.#f1.a1)[K],T,T;","ST,ST;ST;ST;A-1[L],G-1[K],B-1[L],A-1[K],A-1[L],c[K];B-1[L],A-1[K],d[JK];(D-1.d)[JK];G-1[K],(d.g)[K],(d.g)[K],(E-1.e)[K];(e.g.a)[K],(e.g.a)[K],(D-1.d)[K],(#f.a)[K];(#D-1.#d)[K],(E-1.e)[K],(e.g)[K],(e.g)[K];(C-1.c)[K],(e.g.c1)[K],(e.g.c1)[K],(D-1.d)[K];(d.g.b)[K],(d.g.b)[K],(A-2.A-1)[K],(e.g.a)[K];(A-2.A-1)[K],(D-1.d)[K],(d.#f.a)[K],(d.#f.a)[K];"],"id":1,"instruments":["piano","piano"],"alternatives":["",""]},{"bpm":168,"baseBeats":0.5,"scores":["(b.d1.a1)[L],g1[K],b1[L],a1[K];(#c1.g1.a1)[L],g1[K],b1[L],a1[K];(c1.#f1.a1)[L],c2[K],b1[L],(c1.#f1.a1)[K];(b.e1.g1)[K],T,T;(c2.e2)[L],a2[K],e2[L],(c2.g2)[K];(g1.b1)[L],e2[K],b1[L],d2[L],d1[L];#c1[L],(g1.b1)[K],c1[L],(c1.#f1.a1)[K];(b.d1.g1)[JK];(c1.f1.a1)[K],(c1.e1.#a1)[K],(d1.f1.b1)[K];c2[L],(f2.a2)[K],c2[L],(f2.a2)[K];#a1[L],(e2.g2)[K],#a1[L],(#a1.e2.g2)[K];(a1.d2.f2)[K],T,(a1.a2)[K];(a1.c2.#d2.a2)[L],(a1.c2.#d2.a2)[K],(a1.c2.#d2.f2)[L],(a1.c2.#d2.f2)[K];(a1.c2.e2.a2)[L],(a1.c2.e2.a2)[K],(a1.c2.e2)[L],(a1.c2.e2)[K];(#g1.e2)[L],(#g1.e2)[K],(#g1.e2)[L],(#g1.e2)[K];a1[K],c2[K],#a1[K];(c1.f1.a1)[K],(c1.e1.#a1)[K],(d1.f1.b1)[K];c2[L],(f2.a2)[K],c2[L],(f2.a2)[K];#a1[L],(e2.g2)[K],#a1[L],(#a1.e2.g2)[K];(a1.d2.f2)[K],T,d2[L],e2[L];(f1.f2)[L],(#a1.d2)[K],(f1.f2)[L],(f1.#g1.d2)[K];(f1.a1.d2)[L],(f1.a1.c2)[K],(f1.a1.d2)[L],(c1.#f1.a1)[K];(b.f1.a1)[L],f1[K],a1[L],(#a.e1.g1)[K];(a.c1.f1)[JK];","(G-1)[K],(d.g)[K],(d.g)[K];(E-1.e)[K],(e.g.a)[K],(e.g.a)[K];(D-1.d)[K],(#f.a)[K],(#D-1.#d)[K];(E-1.e)[K],(e.g)[K],(e.g)[K];(C-1.c)[K],(e.g.c1)[K],(e.g.c1)[K];(D-1.d)[K],(d.g.b)[K],(d.g.b)[K];(E-1.e)[K],(A-2.A-1)[K],(D-1.d)[K];(G-1.g)[JK];(F-1.f)[K],(G-1.g)[K],(#G-1.#g)[K];(A-1.a)[K],(a.c1.f1)[K],(a.c1.f1)[K];(C-1.c)[K],(#a.c1.e1)[K],(#C-1.#c)[K];(D-1.d)[K],(a.d1.f1)[K],(a.d1.f1)[K];(F-1.f)[K],(a.c1.#d1)[K],(a.c1.#d1)[K];(E-1.e)[K],(a.c1.e1)[K],(a.c1.e1)[K];(E-1.e)[K],(#g.d1.e1)[K],(#g.d1.e1)[K];(a.c1.e1)[J],(g.c1.e1)[K];(F-1.f)[K],(G-1.g)[K],(#G-1.#g)[K];(A-1.a)[K],(a.c1.f1)[K],(a.c1.f1)[K];(C-1.c)[K],(#a.c1.e1)[K],(#C-1.#c)[K];(D-1.d)[K],(a.d1.f1)[K],T;(#A-2.#A-1)[K],(f.#a.d1)[K],(B-2.B-1)[K];(C-1.c)[K],(f.a.c1)[K],(D-1.d)[K];(G-2.G-1)[K],(d.f)[K],(C-1.c)[K];(F-1.f)[JK];"],"id":2},{"bpm":176,"baseBeats":0.5,"scores":["(b.d1.a1)[L],g1[K],b1[L],a1[K];(#c1.g1.a1)[L],g1[K],b1[L],a1[K];(c1.#f1.a1)[L],c2[K],b1[L],(c1.#f1.a1)[K];(b.e1.g1)[K],T,T;(c2.e2)[L],a2[K],e2[L],(c2.g2)[K];(g1.b1)[L],e2[K],b1[L],(g1.b1.d2)[K];(#c1.g1)[L],b1[K],g1[L],(#c1.g1.b1)[K];(c1.#f1.a1)[K],T,T;(b.d1.a1)[L],g1[K],b1[L],a1[K];(#c1.g1.a1)[L],g1[K],b1[L],a1[K];(c1.#f1.a1)[L],c2[K],b1[L],(c1.#f1.a1)[K];(b.e1.g1)[K],T,T;(c2.e2)[L],a2[K],e2[L],(c2.g2)[K];(g1.b1)[L],e2[K],b1[L],d2[L],d1[L];#c1[L],(g1.b1)[K],c1[L],(c1.#f1.a1)[K];(g.b.d1.g1)[JK];","(G-1)[K],(d.g)[K],(d.g)[K];(E-1.e)[K],(e.g.a)[K],(e.g.a)[K];(D-1.d)[K],(#f.a)[K],(#D-1.#d)[K];(E-1.e)[K],(e.g)[K],(e.g)[K];(C-1.c)[K],(e.g.c1)[K],(e.g.c1)[K];(D-1.d)[K],(d.g.b)[K],(d.g.b)[K];(A-2.A-1)[K],(e.g.a)[K],(A-2.A-1)[K];(D-1.d)[K],(d.#f.a)[K],(d.#f.a)[K];(G-1)[K],(d.g)[K],(d.g)[K];(E-1.e)[K],(e.g.a)[K],(e.g.a)[K];(D-1.d)[K],(#f.a)[K],(#D-1.#d)[K];(E-1.e)[K],(e.g)[K],(e.g)[K];(C-1.c)[K],(e.g.c1)[K],(e.g.c1)[K];(D-1.d)[K],(d.g.b)[K],(d.g.b)[K];(E-1.e)[K],(A-2.A-1)[K],(D-1.d)[K];(G-2.G-1)[JK];"],"id":3}],"audition":{"start":[0,26],"end":[0,55]}}