{"baseBpm":390,"musics":[{"bpm":390,"baseBeats":0.75,"scores":["RTWX,RTWX,STUVWY,STUVWY,SUVW,5<UV>,TUX,SUW,SUXY,SUXY,TVX,SUXY,STUVWY,STWX,UV,STUVXY,RTWXY,STUVW,STUVWY,STWXY,UV,TV,SUXY,SUXY,STWY,UV,UV,TUVXY,RSVWY,5<UV>,5<UV>,UV,5<UV>,5<UV>,5<UV>,5<UV>,5<UV>,5<UV>,UV,UV,UV,UV,UV,QRSTUXY,UV,UV,TU,TU,UV,UV,TU,TU,TU,UV,UV,TU,TU,TU,UV,UV,TU,TU,UV,UV,UV,UV,TU,TU,TU,UV,UV,TU,TU,TU,UV,UV,TU,TU,TU,UV,UV,TU,TU,SV,SV,TU,ST,TU,UV,SV,TU,TU,TU,SV,SV,TU,TU,TU,TU,TU,SV,SV,TU,SV,SV,TU,SV,SV,TU,TU,TU,TU,UV,UV,SV,SV,TU,TU,TU,TU,UV,UV,SV,SV,TU,TU,TU,TU,TU,SV,SV,TWX,5<UV>,5<UV>,TUVX,ST,RU,TU,TU,TU,TU,TU,ST,TU,UV,SV,TU,TU,TU,SV,SV,TU,TU,TU,","(g.#d.c.c2.#d1.c1)[IKNO],#d2[IKNO],(f.c.F-1.f2.#g1.f1)[JKLMNP],#d2[JKLMNP],(f2.f1)[JLOP],(#A-1.f2.#a1.f1)[MOP],f[MO],#a[MN],d1[KLO],(f2.#a1.f1)[JLN],(d.#a2.#a1)[JLOP],(#g2.#g1)[JLOP],(d1.#a.#d.g2.g1)[KMO],f2[JLOP],g2[JKLMNP],d[JLOP],(c.g2.#a1.g1)[LNP],g[LNO],#d1[JKLMOP],#a2[IKNOP],(#g.c.F-1.c3.g2.#d2.c2)[JKLMN],(f2.#g1.f1)[JKLMNP],(#d2.#d1)[JLOP],(G-1.#a2.d2.#a1)[LNP],d[LNOP],#a[KM],(#a2.#a1)[JLOP],(g2.g1)[JLOP],(#a2.#a1)[JLOP],(#G-1.#a2.#a1)[LNP],#d[LNO],#g[LNOP],c1[KLMOP],(#G-1.#G-2.c3.#g2.#d2.c2)[IJL],#G-1[L],#d[LP],#g[MNOP],#a[LO],c1[LP],#d1[L],#g1[LP],#a1[L],c2[LP],#d2[LP],#g2[L],#a2[LP],c3[L],#d3[LP],#g3[LO],c4[LN],#d4[LNP],#g4[LNP],#a4[LNP],c5[HIJKLOP],(#a.#A-1.#a1.f1.d1)[LM],f[LM],#A-1[KL],(c.C-1.c2.g1.#d1.c1)[KL],c[LM],g[LM],(#d.#d2.#a1.#d1)[KL],(#d.#D-1)[KL],(f.F-1.f2.#g1.f1)[KL],f[LM],(c1.#d2.#d1)[LM],#g[KL],(c.C-1.f2.f1)[KL],(#A-1.#A-2.f2.#a1.f1)[KL],(#A-1.f2.#a1.f1)[LM],d1[LM],(#a.#a2.#a1)[KL],(d.D-1.#g2.#g1)[KL],(#d.#D-1.g2.g1)[LM],f2[LM],#d[LM],(#d1.g2)[LM],#a[KL],(d.D-1)[KL],(c.C-1.g2.#d2.c2.g1)[KL],c[LM],g[LM],(#d.#a2.#a1)[KL],(#d.#D-1)[KL],(f.F-1.c3.g2.#d2.c2)[KL],f[LM],(c1.f2.c2.#g1.f1)[LM],#g[KL],(c.C-1.#d2.#d1)[KL],(#A-1.#A-2.#a2.#a1)[KL],(#A-1.#a2.#a1)[LM],d1[LM],(#a.g2.g1)[KL],(#A-1.#A-2.#a2.#a1)[KL],(c.C-1.#a2.#a1)[JM],(c3.g2.#d2.c2)[JM],(d.D-1)[KL],(#d.#D-1)[JK],#d1[KL],#a[LM],#a[JM],(#D-1.#a1)[KL],(g.#A-1.#a2.#d2)[KL],#d1[KL],(#A-1.#A-2.#d1)[JM],f1[JM],#a[KL],#a[KL],(#A-1.#a1)[KL],(d1.#a.#a2.d2)[KL],#a[KL],(c.C-1.g1.#d1.#a)[JM],#g1[JM],g1[KL],(#A-1.#A-2.f1)[JM],#d1[JM],f1[KL],(#G-1.#G-2.g1.c1)[JM],#g1[JM],g1[KL],c1[KL],(#G-1.c2)[KL],(c1.#g.#d.c3.g2.#d2)[KL],c1[LM],d1[LM],(#A-1.#A-2.#d1)[JM],#d1[JM],d1[KL],d1[KL],(#A-1.d2)[KL],(d1.#a.d3.#a2.f2)[KL],#d1[LM],f1[LM],(#d.#D-1.#g1)[JM],g1[JM],(d.D-1.f1)[KL],(c.C-1.#d1)[KL],(c.#d2)[KL],(#a.#d.#d3.#a2.g2)[KL],g1[KL],(d.D-1.g1)[JM],f1[JM],e1[KL],(d.f1)[MN],f[MNP],#g[MNP],c1[KLMO],(d.D-1.c1)[JK],(G-1.G-2.c1)[IL],d1[KL],(g.d1.b)[KL],G-1[KL],d[KL],g[KL],(#d.#D-1)[JK],#d2[KL],#a1[LM],#a1[JM],(#d.#a2)[KL],(g1.#d1.#a.#a3.#d3)[KL],#d2[KL],(#A-1.#A-2.#d2)[JM],f2[JM],#a1[KL],#a1[KL],(#A-1.#a2)[KL],"],"id":1},{"bpm":390,"baseBeats":0.75,"scores":["TU,TU,SV,SV,TU,SV,SV,TU,SV,SV,TU,TU,TU,TU,UV,UV,SV,SV,TU,TU,TU,TU,UV,UV,SV,SV,TU,TU,TU,TU,TU,SV,SV,TWX,5<UV>,5<UV>,TX,UV,TU,TU,TU,TU,TU,TU,TU,TU,TU,TU,TU,UV,UV,TU,TU,TU,UV,UV,TU,TU,TU,UV,UV,TU,TU,TU,UV,UV,TU,TU,TU,UV,UV,TU,TU,TU,UV,UV,TU,TU,TU,TU,TU,TU,TU,TU,TU,TU,TU,UV,UV,TU,TU,TU,UV,UV,TU,TU,TU,UV,UV,TU,TU,TU,UV,UV,TU,TU,SV,SV,TU,SV,UV,TU,TU,STY,5<UV>,TVWXY,UV,SV,SV,TU,TU,TU,TU,","(d1.#a.#a3.d3)[KL],#a1[KL],(c.C-1.g2.#d2.#a1)[JM],(g.c.#g2.#a1)[JM],(#d1.g2)[KL],(#A-1.#A-2.f2)[JM],(f.#A-1.#d2)[JM],(#d1.f2)[KL],(#G-1.#G-2.g2)[JM],#g2[JM],(#G-1.g2)[KL],c2[KL],(#G-1.c3)[KL],(c1.#g.#d.c4.g3.#d3)[KL],c2[LM],d2[LM],(#A-1.#A-2.#d2)[JM],#d2[JM],d2[KL],(#A-1.d2)[KL],(f.d3)[KL],(d1.d4.#a3.f3)[KL],#d2[LM],f2[LM],(#d.#D-1.#g2)[JM],g2[JM],(d.D-1.f2)[KL],(c.C-1.#d2)[KL],(c.#d3)[KL],(#a.g.#d.#d4.#a3.g3)[KL],g2[KL],(d.D-1.g2)[JM],f2[JM],e2[KL],(d.f2)[MN],f[MNP],#g[MNP],c1[KO],g2[LM],(d.D-1)[KL],#g2[KL],(G-1.G-2.g2)[KL],G-1[KL],(g.d.b)[KL],G-1[KL],(a.d.c1)[KL],G-1[KL],(b.d.d1)[KL],G-1[KL],(#G-1.#G-2.#d1)[KL],#G-1[LM],#d1[LM],(g.#d)[KL],(#G-1.d1)[KL],(g.#d.#d1)[KL],#G-1[LM],#d1[LM],(g.#d)[KL],(#G-1.d1)[KL],(G-1.G-2.f1.d1)[KL],G-1[LM],(f1.d1)[LM],(f.d.#A-1)[KL],#d1[KL],(c.C-1.d1)[KL],c[LM],c1[LM],(#a.g.#d)[KL],d1[KL],(F-1.F-2.#d1)[KL],F-1[LM],#d1[LM],(#g.c)[KL],d1[KL],(#A-1.#A-2.f1)[KL],#A-1[LM],d1[LM],(#a.f)[KL],c1[KL],(#A-1.#a)[KL],#A-2[KL],(f.F-1.g2.#c2.#a1.g1)[KL],(e.E-1)[KL],(#d.#D-1.#g2.#g1)[KL],(#d.#D-1)[KL],(#A-1.#A-2.#a2.#a1)[KL],(A-1.A-2)[KL],(#G-1.#G-2.#d1)[KL],#G-1[LM],#d1[LM],(g.#d)[KL],(#G-1.d1)[KL],(g.#d.#d1)[KL],#G-1[LM],#d1[LM],(g.#d)[KL],(#G-1.d1)[KL],(G-1.G-2.f1.d1)[KL],G-1[LM],(f1.d1)[LM],(f.d.#A-1)[KL],#d1[KL],(C-1.C-2.d1)[KL],c[LM],(g.#d1)[LM],#d[KL],f1[KL],(D-1.D-2.g1)[JM],#g1[JM],(c1.#g.f.d.g1)[KL],(d.D-1.f1)[JM],#d1[LM],(D-1.D-2)[KL],f1[KL],(G-1.G-2.g1)[JK],G-1[MN],B-1[MNP],d[LNOP],g[MN],b[MNP],d1[LNOP],(G-1.G-2.g1.g)[JM],(A-1.A-2.a1.a)[JM],(B-1.B-2.b1.b)[KL],(c.C-1.c2.g1.#d1.c1)[KL],c[KL],(c1.g.#d.#d2.#a1.#d1)[KL],"],"id":2},{"bpm":390,"baseBeats":0.75,"scores":["(#d.#D-1)[KL],(f.F-1.f2.#g1.f1)[KL],f[LM],(c1.#d2.#d1)[LM],#g[KL],(c.C-1.f2.f1)[KL],(#A-1.#A-2.f2.#a1.f1)[KL],(#A-1.f2.#a1.f1)[KL],(d1.#a.#a2.#a1)[KL],(#A-1.#A-2.#g2.#g1)[KL],(#d.#D-1.g2.g1)[LM],f2[LM],#d[LM],g2[LM],(#d1.#a)[KL],(d.D-1)[KL],(c.C-1.g2.#d2.c2.g1)[KL],c[KL],(c1.g.#d.#a2.#a1)[KL],(#d.#D-1)[KL],(f.F-1.c3.g2.#d2.c2)[KL],f[LM],(c1.f2.c2.#g1.f1)[LM],#g[KL],(c.C-1.#d2.#d1)[KL],(#A-1.#A-2.d2.d1)[KL],(#A-1.d2.d1)[KL],(d1.#a.c2.c1)[KL],(#A-1.#A-2.d2.d1)[KL],(#d.#D-1.f2.f1)[LM],#d2[LM],#d[LM],#d2[LM],(#d1.#a)[KL],(d.D-1)[KL],(c.C-1.c2.g1.#d1.c1)[KL],c[KL],(c1.g.#d.#d2.#a1.#d1)[KL],(#d.#D-1)[KL],(f.F-1.f2.#g1.f1)[KL],f[LM],(c1.#d2.#d1)[LM],#g[KL],(c.C-1.f2.f1)[KL],(#A-1.#A-2.f2.#a1.f1)[KL],(#A-1.f2.#a1.f1)[KL],(d1.#a.#a2.#a1)[KL],(#A-1.#A-2.#g2.#g1)[KL],(#d.#D-1.g2.g1)[LM],f2[LM],#d[LM],g2[LM],(#d1.#a)[KL],(d.D-1)[KL],(c.C-1.g2.#d2.c2.g1)[KL],c[KL],(c1.g.#d.#a2.#a1)[KL],(#d.#D-1)[KL],(f.F-1.c3.g2.#d2.c2)[KL],f[LM],(c1.f2.c2.#g1.f1)[LM],#g[KL],(c.C-1.#d2.#d1)[KL],(#A-1.#A-2.#a2.#a1)[KL],(#A-1.#a2.#a1)[KL],(d1.#a.g2.g1)[KL],(#A-1.#A-2.#a2.#a1)[KL],(c.C-1.#a2.#a1)[JM],(c3.g2.#d2.c2)[JM],(c.C-1)[KL],(C-1.C-2.c3.g2.#d2.c2)[JK],(c1.g.#d.c.#d3.#a2.#d2)[JK],(F-1.F-2.f3.#g2.f2)[JM],(F-1.#d3.#d2)[JM],(#g.c.f3.f2)[KL],(#A-1.#A-2.f3.#a2.f2)[KL],(#A-1.f3.#a2.f2)[KL],(d1.#a.#a3.#a2)[KL],(#A-1.#A-2.#g3.#g2)[KL],(#d.#D-1.g3.g2)[LM],f3[LM],#d[LM],g3[LM],(#d1.#a)[KL],(d.D-1)[KL],(c.C-1.g3.#d3.c3.g2)[KL],c[KL],(c1.g.#d.#a3.#a2)[JK],(F-1.F-2.c4.g3.#d3.c3)[KL],F-1[LM],(#g.c.f3.c3.#g2.f2)[JM],(c.F-1.#d3.#d2)[KL],(#A-1.#A-2.#a3.#a2)[KL],(#A-1.#a3.#a2)[KL],(d1.#a.g3.g2)[KL],(#A-1.#A-2.#a3.#a2)[KL],(c.C-1.#a3.#a2)[JK],(C-1.C-2.c4.g3.#d3.c3)[HIJNOP],"],"id":3}],"audition":{"start":[0,0],"end":[1,0]}}