{"baseBpm":139.5,"musics":[{"bpm":139.5,"baseBeats":0.75,"scores":["TU,UV,UV,UV,5<UV>,UV,UV,UV,UV,UV,UV,","(d2.g2.d3.g)[LM],d1[LM],b1[LM],(d2.g2.d3)[LM],c3[LM],b2[L],e2[N],g2[N],(c3.g)[LM],e1[LM],c2[LM],(e2.g2.c3)[LM],b2[LM],a2[LO],d2[NO],"],"id":1},{"bpm":139.5,"baseBeats":0.75,"scores":["TU,UV,UV,UV,5<UV>,UV,UV,UV,UV,UV,UV,UV,UV,UV,UV,UV,UV,","(g2.g)[LMO],d1[LM],#f1[LM],d2[LNO],g2[LM],b2[L],c2[N],e2[N],(g2.g)[LMO],e1[LM],g1[LM],c2[LM],g2[LNO],a2[LN],g2[N],(#a2.d2.#d)[LM],#a[LM],#d1[LM],f1[LM],g1[LM],#a1[LN],c2[N],"],"id":2},{"bpm":139.5,"baseBeats":0.75,"scores":["UV,UV,UV,UV,UV,UV,UV,UV,UV,UV,TX,5<UV>,RW,","(f2.f1.#g)[LM],c1[LM],#d1[LM],#g1[LM],#g1[LM],(c1.#d2)[LO],g1[NO],(d2.d)[LM],a[LM],d1[LM],g1[LM],a1[LMN],d2[LO],e1[N],#f1[N],a1[N],(d2.d)[IN],"],"id":3}],"audition":{"start":[0,0],"end":[1,0]}}