{"baseBpm":150,"musics":[{"id":1,"baseBeats":0.5,"scores":["mute[K],mute[K],mute[L],mute[K],mute[L],mute[L],mute[L],mute[KL],mute[L],mute[L],mute[L],mute[K],mute[K],mute[L],mute[K],mute[L],mute[L],mute[L],mute[K],mute[K],mute[K],mute[L],mute[L],mute[L],mute[L],mute[L],mute[L],mute[L],mute[L],mute[L],mute[L],mute[L],mute[L],mute[L],mute[L],mute[L],mute[L],mute[L],mute[L],mute[L],mute[L],mute[L],mute[L],mute[L],mute[L],mute[L],mute[L],mute[L],mute[L],mute[L],mute[L],mute[L],mute[L],mute[L],mute[L],mute[L],mute[L],mute[L],mute[L],mute[L],mute[L],mute[L],mute[L],mute[L],mute[L],mute[L],mute[L],mute[L],mute[L],mute[L],mute[L],mute[L],mute[L],mute[L],mute[L],mute[L],mute[L],mute[L],mute[L],mute[L],mute[L],mute[L],mute[L],mute[L],mute[L],mute[L],mute[L],mute[L],mute[L],mute[L],mute[L],mute[L],mute[L],mute[L],mute[L],mute[L],mute[L],mute[L],mute[L],mute[L],mute[L],mute[L],mute[L],mute[L],mute[L],mute[L],mute[L],mute[L],mute[L],mute[L],mute[L],mute[L],mute[L],mute[L],mute[L],mute[L],mute[L],mute[L],mute[L],5<mute[M],mute[M]>,mute[L],mute[L],mute[L],5<mute[M],mute[M]>,mute[L],mute[L],mute[L],5<mute[M],mute[M]>,mute[L],mute[L],mute[L],5<mute[M],mute[M]>,mute[L],mute[L],mute[L],5<mute[M],mute[M]>,mute[L],mute[L],mute[L],5<mute[M],mute[M]>,mute[L],mute[L],mute[L],5<mute[M],mute[M]>,mute[L],mute[L],mute[L],5<mute[M],mute[M]>,mute[L],mute[L],mute[L],5<mute[M],mute[M]>,mute[L],mute[L],mute[L],5<mute[M],mute[M]>,mute[L],mute[L],mute[L],5<mute[M],mute[M]>,mute[L],mute[L],mute[L],5<mute[M],mute[M]>,mute[L],mute[L],mute[L],5<mute[M],mute[M]>,mute[L],mute[L],mute[L],5<mute[M],mute[M]>,mute[L],mute[LM],mute[LM],mute[L],mute[LM],mute[LM],mute[L],mute[K],mute[K],mute[K],mute[L],mute[L],mute[L],mute[L],mute[L],mute[L],mute[K],mute[K],mute[K],mute[K],mute[K],mute[K],mute[K],mute[K],mute[L],mute[L],mute[L],mute[L],mute[K],mute[K],mute[K],mute[L],mute[L],mute[L],mute[L],mute[L],mute[L],mute[K],mute[K],mute[K],mute[K],mute[K],mute[K],mute[K],mute[K],mute[L],mute[L],mute[L],mute[L],mute[L],mute[L],mute[L],mute[L],mute[L],mute[L],mute[L],mute[L],mute[L],mute[L],mute[L],mute[L],mute[L],mute[L],mute[L],mute[L],mute[L],mute[L],mute[L],mute[L],mute[L],mute[L],mute[L],mute[L],mute[L],mute[L],mute[L],mute[L],mute[L],mute[L],mute[L],mute[L],mute[L],mute[L],mute[L],mute[L],mute[L],mute[L],mute[L],mute[L],mute[L],mute[L],mute[L],mute[L],mute[L],mute[L],mute[L],mute[L],mute[L],mute[L],mute[L],mute[L],mute[L],mute[L],mute[L],mute[L],mute[L],mute[L],mute[L],mute[L],mute[L],mute[L],mute[L],mute[L],mute[L],mute[L],mute[L],mute[L],mute[L],mute[L],mute[L],mute[L],mute[L],mute[L],mute[L],mute[L],mute[L],mute[L],mute[L],mute[L],mute[L],mute[L],mute[L],mute[L],mute[L],mute[L],mute[L],mute[L],mute[L],mute[L],mute[L],mute[L],mute[L],mute[L],mute[L],mute[L],mute[L],mute[L],mute[L],mute[L];","(d.g1.a1)[K],(g1.a1)[K],(f1.a1)[L],(f1.a1)[K],(e1.a1)[L],(A-1.d)[L],(e1.a1)[L],(a1.f1)[KL],a[L],d1[L],a[L],(#A-1.f.g1.a1)[K],(g1.a1)[K],(f1.a1)[L],(f1.a1)[K],(e1.g1)[L],(c.g)[L],(e1.g1)[L],(e1.g1)[K],(#c.e.d1.e1)[K],(#c1.e1)[K],(A-1.g1.a1)[L],d[L],(A-1.g1.a1)[L],d[L],(A-1.f1.a1)[L],(d.f1.a1)[L],A-1[L],(d.e1.a1)[L],A-1[L],(d.e1.a1)[L],(A-1.a1.f1)[L],d[L],A-1[L],(d.a)[L],(A-1.d1)[L],(d.a)[L],(#A-1.g1.a1)[L],f[L],(#A-1.g1.a1)[L],f[L],(#A-1.f1.a1)[L],(f.f1.a1)[L],#A-1[L],(f.e1.g1)[L],c[L],(g.e1.g1)[L],(c.e1.g1)[L],g[L],(#c.d1.e1)[L],e[L],(#c.#c1.e1)[L],e[L],(d.a1)[L],a[L],d[L],a[L],(d.c2)[L],a[L],(d.d2)[L],a[L],(c.a1)[L],g[L],(c.g1)[L],g[L],(c.f1)[L],g[L],(c.e1)[L],g[L],(#A-1.f1)[L],f[L],(#A-1.g1)[L],f[L],(#A-1.a1)[L],f[L],#A-1[L],f[L],(c.d1)[L],g[L],c[L],g[L],(c.e1)[L],g[L],c[L],g[L],(d.f1)[L],a[L],(d.g1)[L],a[L],(d.a1)[L],a[L],d[L],a[L],(c.g1)[L],g[L],(c.a1)[L],g[L],(c.e2)[L],g[L],(c.f2)[L],g[L],(f.a1)[L],c1[L],f[L],c1[L],f[L],c1[L],f[L],c1[L],(#A-1.d1.f1)[L],d[L],f[L],d[L],(G-1.e1.g1)[L],c[L],e[L],g[L],(d.a1)[L],a[L],(d~a)[L],f[L],(d.e2)[L],(a.f2)[L],(d.a1~a)[L],f[L],(c.a1)[L],g[L],(c~g)[L],e[L],(c.e2)[L],(g.f2)[L],(c.g2~g)[L],(e.a2)[L],(#A-1.a1)[L],f[L],(#A-1~f)[L],d[L],(#A-1.e2)[L],(f.f2)[L],(#A-1.a1~f)[L],(d.g1)[L],(A-1.f1)[L],(e.g1)[L],(A-1.a1~e)[L],c[L],(A-1.g1)[L],(e.c2)[L],(A-1.a1~e)[L],c[L],(d.a1)[L],a[L],(d~a)[L],f[L],(d.e2)[L],(a.f2)[L],(d.a1~a)[L],f[L],(c.a1)[L],g[L],(c~g)[L],e[L],(c.e2)[L],(g.f2)[L],(c.g2~g)[L],(e.a2)[L],(f.d2)[L],c1[L],(f~c1)[L],a[L],f[L],c1[L],(f~a)[L],c1[L],(#A-1.f.d2)[LM],e2[LM],f2[L],(c.g.e2)[LM],d2[LM],c2[L],(#A-1.d2)[K],(d.f)[K],(c.e2)[K],(e.g.d2)[L],e2[L],(d.f2)[L],e2[L],(f.a.d2)[L],a1[L],(f.a)[K],(c.g.d2)[K],(#A-1.d2)[K],(d.f.a2)[K],(c.g2)[K],(e.g.c3)[K],(d.a2)[K],(f.a)[K],c[L],a[L],(f.d2)[L],(a.e2)[L],(#A-1.d2)[K],(d.f)[K],(c.e2)[K],(e.g.d2)[L],e2[L],(d.f2)[L],e2[L],(f.a.d2)[L],a1[L],(f.a)[K],(c.g)[K],(#A-1.a1)[K],(d.f)[K],(c.d2)[K],(e.g)[K],(d.d2)[K],(f.a)[K],c[L],a[L],f[L],a[L],(#A-1.d2.#a1)[L],f[L],#A-1[L],f[L],(#A-1.e2)[L],f[L],(#A-1.d2)[L],(f.e2)[L],(c.g2.c2)[L],g[L],c[L],(g.a2)[L],(c.e2)[L],g[L],c[L],g[L],(d.d2.f2)[L],a[L],d[L],(a.g2)[L],(d.a2.d3)[L],a[L],(d.f2.a2)[L],(a.e2.g2)[L],(c.d2.f2)[L],g[L],c[L],(g.e2.g2)[L],(c.c2.e2)[L],g[L],c[L],g[L],(#A-1.#a1.d2)[L],f[L],#A-1[L],f[L],(#A-1.c2.e2)[L],f[L],(#A-1.#a1.d2)[L],(f.c2.e2)[L],(c.e2.g2)[L],g[L],c[L],(g.f2.a2)[L],(c.e2.d2)[L],g[L],(c.c2)[L],g[L],(d.d2.f2)[L],(a.e2.g2)[L],(d.f2.a2)[L],a[L],(d.a2.d3)[L],a[L],(d.f2.a2)[L],(a.e2.g2)[L],(d.f2.d2)[L],(a.a2)[L],(d.g2)[L],(a.a2)[L],(d.f2)[L],(a.a2)[L],(c.e2.c2)[L],(g.a2)[L],(#A-1.d2)[L],a2[L],(d.f.g2)[L],a2[L],(d.f.f2)[L],a2[L],(d.f.e2)[L],a2[L],(c.d2)[L],a2[L],(e.g.g2)[L],a2[L],(e.g.f2)[L],a2[L],(e.g.e2)[L],a2[L],(d.d2)[L],a2[L],(f.a.g2)[L],a2[L],(f.a.f2)[L],a2[L],(f.a.e2)[L],a2[L],(d.d2)[L],a2[L],(f.a.g2)[L],a2[L],(f.a.f2)[L],a2[L],(g.c.e2)[L],(e.a2)[L],(#A-1.d2)[L],a2[L],(d.f.g2)[L],a2[L];"]},{"id":2,"baseBeats":0.5,"scores":["mute[L],mute[L],mute[L],mute[L],mute[L],mute[L],mute[L],mute[L],mute[L],mute[L],mute[L],mute[L],mute[L],mute[L],mute[L],mute[L],mute[L],mute[L],mute[L],mute[LNO],mute[LNO],mute[LNO],mute[LNO],mute[LMO],mute[LMO],mute[LMO],mute[LMO],mute[LMNO],mute[K],mute[KO],mute[KNO],mute[L],mute[L],mute[L],mute[L],mute[L],mute[L],mute[L],mute[L],mute[L],mute[L],mute[L],mute[L],mute[L],mute[L],mute[L],mute[L],mute[L],mute[L],mute[L],mute[L],mute[L],mute[L],mute[L],mute[L],mute[L],mute[L],mute[L],mute[L],mute[L],mute[L],mute[L],mute[L],mute[L],mute[L],mute[L],mute[L],mute[L],mute[L],mute[L],mute[L],mute[L],mute[L],mute[L],mute[L],mute[L],mute[L],mute[L],mute[L],mute[L],mute[L],mute[L],mute[L],mute[L],mute[L],mute[L],mute[L],mute[L],mute[L],mute[L],mute[L],mute[L],mute[L],mute[L],mute[L],mute[L],mute[L],mute[L],mute[L],mute[L],mute[L],mute[L],mute[L],mute[L],mute[L],mute[L],mute[L],mute[L],mute[L],mute[L],mute[L],mute[L],mute[L],mute[L],mute[L],mute[L],mute[L],mute[L],mute[L],mute[L],mute[L],mute[L],mute[L],mute[L],mute[L],mute[L],mute[L],mute[L],mute[L],mute[L],mute[L],mute[L],mute[L],mute[L],mute[L],mute[L],mute[L],mute[L],mute[L],mute[L],mute[L],mute[L],mute[L],mute[L],mute[L],mute[L],mute[L],mute[L],mute[L],mute[L],mute[L],mute[L],mute[L],mute[L],mute[L],5<mute[M],mute[M]>,5<mute[M],mute[M]>,5<mute[M],mute[M]>,mute[KL],mute[K],mute[K],mute[L],mute[K],mute[L],mute[L],mute[L],mute[KL],mute[L],mute[L],mute[L],mute[K],mute[K],mute[L],mute[K],mute[L],mute[L],mute[L],mute[K],mute[K],mute[K],mute[L],mute[L],mute[L],mute[L],mute[L],mute[L],mute[L],mute[L],mute[L],mute[L],mute[L],mute[L],mute[L],mute[L],mute[L],mute[L],mute[L],mute[L],mute[L],mute[L],mute[L],mute[L],mute[L],mute[L],mute[L],mute[L],mute[L],mute[L],mute[L],mute[L],mute[L],mute[L],mute[L],mute[L],mute[L],mute[L],mute[L],mute[L],mute[L],mute[L],mute[L],mute[L],mute[L],mute[L],mute[L],mute[L],mute[L],mute[L],mute[L],mute[L],mute[L],mute[L],mute[L],mute[L],mute[L];","(d.f.f2)[LO],a2[LO],(d.f.e2)[LO],a2[LO],(c.d2)[LO],a2[LO],(e.g.g2)[LO],a2[LO],(e.g.f2)[LN],a2[LN],(e.g.e2)[LN],a2[LN],(d.d2)[LN],(a.a2)[LN],(f.g2)[LN],(a.a2)[LN],(c.f2)[LNO],(g.g2)[LNO],(e.e2)[LNO],(g.f2)[LNO],(#A-1.#c2)[LMO],(f.f2)[LMO],(#c.#d2)[LMO],(f.f2)[LMO],(#c.#c2)[LMNO],(f.f2)[K],(#c.c2)[KO],(f.f2)[KNO],(#F-1.#a1.c2)[L],(#c.#a1.#c2)[L],(#F-1.#a1.#c2)[L],#c[L],#F-1[L],#c[L],(#F-1.c2.#d2)[L],#c[L],(#G-1.#g1.c2)[L],(#d.#g1.#c2)[L],(#G-1.#g1.#c2)[L],#d[L],(#G-1.#c2)[L],(#d.c2)[L],(#G-1.#a1)[L],(#d.#g1)[L],(#A-1.f1.#a1)[L],f[L],#A-1[L],(f.#c2.f2)[L],(#A-1.#c2.f2)[L],f[L],#A-1[L],f[L],#A-1[L],f[L],#A-1[L],f[L],(#G-1.f2)[L],(#d.#d2)[L],(#G-1.#c2)[L],(#d.c2)[L],(#F-1.#a1.c2)[L],(#c.#a1.#c2)[L],(#F-1.#a1.#c2)[L],#c[L],#F-1[L],#c[L],(#F-1.c2.#d2)[L],#c[L],(#G-1.#g1.c2)[L],(#d.#g1.#c2)[L],(#G-1.#g1.#c2)[L],#d[L],(#G-1.#c2)[L],(#d.c2)[L],(#G-1.#a1)[L],(#d.#g1)[L],(#A-1.#c1.f1)[L],f[L],#A-1[L],(f.f1.#a1)[L],(#A-1.f1.#a1)[L],f[L],#A-1[L],f[L],#A-1[L],f[L],#A-1[L],f[L],(#G-1.#c2.f2)[L],(#d.f2.#g2)[L],(#G-1.f2.#a2)[L],#d[L],(#F-1.#a2.c3)[L],(#c.#a2.#c3)[L],(#F-1.#a2.#c3)[L],#c[L],#F-1[L],#c[L],(#F-1.c3.#d3)[L],#c[L],(#G-1.#g2.c3)[L],(#d.#g2.#c3)[L],(#G-1.#g2.#c3)[L],#d[L],(#G-1.#c3)[L],(#d.c3)[L],(#G-1.#a2)[L],(#d.#g2)[L],(#A-1.f2.#a2)[L],f[L],#A-1[L],(f.#c3.f3)[L],(#A-1.#c3.f3)[L],f[L],#A-1[L],f[L],#A-1[L],f[L],#A-1[L],f[L],(#G-1.f3)[L],(#d.#d3)[L],(#G-1.#c3)[L],(#d.c3)[L],(#F-1.#a2.c3)[L],(#c.#a2.#c3)[L],(#F-1.#a2.#c3)[L],#c[L],#F-1[L],#c[L],(#F-1.c3.#d3)[L],#c[L],(#G-1.#g2.c3)[L],(#d.#g2.#c3)[L],(#G-1.#g2.#c3)[L],#d[L],(#G-1.#c3)[L],(#d.c3)[L],(#G-1.#a2)[L],(#d.#g2)[L],(#A-1.f2.#a2)[L],f[L],#A-1[L],f[L],#A-1[L],f[L],#A-1[L],f[L],#A-1[L],f[L],#A-1[L],f[L],(#A-1.#a2~f3)[L],(f.#a3~#a2)[L],(#A-1.f3~#a3)[L],(f.#a2)[M],f3[KM],(d.g1.a1)[K],(g1.a1)[K],(f1.a1)[L],(f1.a1)[K],(e1.a1)[L],(A-1.d)[L],(e1.a1)[L],(a1.f1)[KL],a[L],d1[L],a[L],(#A-1.f.g1.a1)[K],(g1.a1)[K],(f1.a1)[L],(f1.a1)[K],(e1.g1)[L],(c.g)[L],(e1.g1)[L],(e1.g1)[K],(#c.e.d1.e1)[K],(#c1.e1)[K],(A-1.g1.a1)[L],d[L],(A-1.g1.a1)[L],d[L],(A-1.f1.a1)[L],(d.f1.a1)[L],A-1[L],(d.e1.a1)[L],A-1[L],(d.e1.a1)[L],(A-1.a1.f1)[L],d[L],A-1[L],(d.a)[L],(A-1.d1)[L],(d.a)[L],(#A-1.g1.a1)[L],f[L],(#A-1.g1.a1)[L],f[L],(#A-1.f1.a1)[L],(f.f1.a1)[L],#A-1[L],(f.e1.g1)[L],c[L],(g.e1.g1)[L],(c.e1.g1)[L],g[L],(#c.d1.e1)[L],e[L],(#c.#c1.e1)[L],e[L],(d.a1)[L],a[L],d[L],a[L],(d.c2)[L],a[L],(d.d2)[L],a[L],(c.a1)[L],g[L],(c.g1)[L],g[L],(c.f1)[L],g[L],(c.e1)[L],g[L],(#A-1.f1)[L],f[L],(#A-1.g1)[L],f[L],(#A-1.a1)[L],f[L],#A-1[L];"]},{"id":3,"baseBeats":0.5,"scores":["mute[L],mute[L],mute[L],mute[L],mute[L],mute[L],mute[L],mute[L],mute[L],mute[L],mute[L],mute[L],mute[L],mute[L],mute[L],mute[L],mute[L],mute[L],mute[L],mute[L],mute[L],mute[L],mute[L],mute[L],mute[L],mute[L],mute[L],mute[L],mute[L],mute[L],mute[L],mute[L],mute[L],mute[L],mute[L],mute[L],mute[L],mute[L],mute[L],mute[L],mute[L],mute[L],mute[L],5<mute[M],mute[M]>,mute[L],mute[L],mute[L],5<mute[M],mute[M]>,mute[L],mute[L],mute[L],5<mute[M],mute[M]>,mute[L],mute[L],mute[L],5<mute[M],mute[M]>,mute[L],mute[L],mute[L],5<mute[M],mute[M]>,mute[L],mute[L],mute[L],5<mute[M],mute[M]>,mute[L],mute[LM],mute[LM],mute[L],mute[LM],mute[LM],mute[L],mute[K],mute[K],mute[K],mute[L],mute[L],mute[L],mute[L],mute[L],mute[L],mute[K],mute[K],mute[K],mute[K],mute[K],mute[K],mute[K],mute[K],mute[L],mute[L],mute[L],mute[L],mute[K],mute[K],mute[K],mute[L],mute[L],mute[L],mute[L],mute[L],mute[L],mute[K],mute[K],mute[K],mute[K],mute[K],mute[K],mute[K],mute[K],mute[L],mute[L],mute[L],mute[L],mute[L],mute[L],mute[L],mute[L],mute[L],mute[L],mute[L],mute[L],mute[L],mute[L],mute[L],mute[L],mute[L],mute[L],mute[L],mute[L],mute[L],mute[L],mute[L],mute[L],mute[L],mute[L],mute[L],mute[L],mute[L],mute[L],mute[L],mute[L],mute[L],mute[L],mute[L],mute[L],mute[L],mute[L],mute[L],mute[L],mute[L],mute[L],mute[L],mute[L],mute[L],mute[L],mute[L],mute[L],mute[L],mute[L],mute[L],mute[L],mute[L],mute[L],mute[L],mute[L],mute[L],mute[L],mute[L],mute[L],mute[L],mute[L],mute[L],mute[L],mute[L],mute[L],mute[L],mute[L],mute[L],mute[L],mute[L],mute[L],mute[L],mute[L],mute[L],mute[L],mute[L],mute[L],mute[L],mute[L],mute[L],mute[L],mute[L],mute[L],mute[L],mute[L],mute[L],mute[L],mute[L],mute[L],mute[L],mute[L],mute[L],mute[L],mute[L],mute[L],mute[L],mute[L],mute[L],mute[L],mute[L],mute[L],mute[L],mute[L],mute[L],mute[L],mute[L],mute[L],mute[L],mute[L],mute[L],mute[L],mute[L],mute[L],mute[L],mute[L],mute[L],mute[L],mute[L],mute[L],mute[L],mute[L],mute[L],mute[LNO],mute[LNO],mute[LNO],mute[LNO],mute[LMO],mute[LMO],mute[LMO],mute[LMO],mute[LMNO],mute[K],mute[KO],mute[KNO],mute[L],mute[L],mute[L],mute[L],mute[L],mute[L],mute[L],mute[L],mute[L],mute[L],mute[L],mute[L],mute[L],mute[L],mute[L],mute[L],mute[L],mute[L],mute[L],mute[L],mute[L],mute[L],mute[L],mute[L],mute[L],mute[L],mute[L],mute[L],mute[L],mute[L],mute[L],mute[L],mute[L],mute[L],mute[L],mute[L],mute[L],mute[L],mute[L],mute[L],mute[L],mute[L],mute[L],mute[L],mute[L],mute[L],mute[L],mute[L],mute[L],mute[L],mute[L],mute[L],mute[L],mute[L],mute[L],mute[L],mute[L],mute[L],mute[L],mute[L],5<mute[M],mute[M]>,5<mute[M],mute[M]>,5<mute[M],mute[M]>,5<mute[M],mute[M]>;","f[L],(c.d1)[L],g[L],c[L],g[L],(c.e1)[L],g[L],c[L],g[L],(d.f1)[L],a[L],(d.g1)[L],a[L],(d.a1)[L],a[L],d[L],a[L],(c.g1)[L],g[L],(c.a1)[L],g[L],(c.e2)[L],g[L],(c.f2)[L],g[L],(f.a1)[L],c1[L],f[L],c1[L],f[L],c1[L],f[L],c1[L],(#A-1.d1.f1)[L],d[L],f[L],d[L],(G-1.e1.g1)[L],c[L],e[L],g[L],(d.a1)[L],a[L],(d~a)[L],f[L],(d.e2)[L],(a.f2)[L],(d.a1~a)[L],f[L],(c.a1)[L],g[L],(c~g)[L],e[L],(c.e2)[L],(g.f2)[L],(c.g2~g)[L],(e.a2)[L],(f.d2)[L],c1[L],(f~c1)[L],a[L],f[L],c1[L],(f~a)[L],c1[L],(#A-1.f.d2)[LM],e2[LM],f2[L],(c.g.e2)[LM],d2[LM],c2[L],(#A-1.d2)[K],(d.f)[K],(c.e2)[K],(e.g.d2)[L],e2[L],(d.f2)[L],e2[L],(f.a.d2)[L],a1[L],(f.a)[K],(c.g.d2)[K],(#A-1.d2)[K],(d.f.a2)[K],(c.g2)[K],(e.g.c3)[K],(d.a2)[K],(f.a)[K],c[L],a[L],(f.d2)[L],(a.e2)[L],(#A-1.d2)[K],(d.f)[K],(c.e2)[K],(e.g.d2)[L],e2[L],(d.f2)[L],e2[L],(f.a.d2)[L],a1[L],(f.a)[K],(c.g)[K],(#A-1.a1)[K],(d.f)[K],(c.d2)[K],(e.g)[K],(d.d2)[K],(f.a)[K],c[L],a[L],f[L],a[L],(#A-1.d2.#a1)[L],f[L],#A-1[L],f[L],(#A-1.e2)[L],f[L],(#A-1.d2)[L],(f.e2)[L],(c.g2.c2)[L],g[L],c[L],(g.a2)[L],(c.e2)[L],g[L],c[L],g[L],(d.d2.f2)[L],a[L],d[L],(a.g2)[L],(d.a2.d3)[L],a[L],(d.f2.a2)[L],(a.e2.g2)[L],(c.d2.f2)[L],g[L],c[L],(g.e2.g2)[L],(c.c2.e2)[L],g[L],c[L],g[L],(#A-1.#a1.d2)[L],f[L],#A-1[L],f[L],(#A-1.c2.e2)[L],f[L],(#A-1.#a1.d2)[L],(f.c2.e2)[L],(c.e2.g2)[L],g[L],c[L],(g.f2.a2)[L],(c.e2.d2)[L],g[L],(c.c2)[L],g[L],(d.d2.f2)[L],(a.e2.g2)[L],(d.f2.a2)[L],a[L],(d.a2.d3)[L],a[L],(d.f2.a2)[L],(a.e2.g2)[L],(d.f2.d2)[L],(a.a2)[L],(d.g2)[L],(a.a2)[L],(d.f2)[L],(a.a2)[L],(c.e2.c2)[L],(g.a2)[L],(#A-1.d2)[L],a2[L],(d.f.g2)[L],a2[L],(d.f.f2)[L],a2[L],(d.f.e2)[L],a2[L],(c.d2)[L],a2[L],(e.g.g2)[L],a2[L],(e.g.f2)[L],a2[L],(e.g.e2)[L],a2[L],(d.d2)[L],a2[L],(f.a.g2)[L],a2[L],(f.a.f2)[L],a2[L],(f.a.e2)[L],a2[L],(d.d2)[L],a2[L],(f.a.g2)[L],a2[L],(f.a.f2)[L],a2[L],(g.c.e2)[L],(e.a2)[L],(#A-1.d2)[L],a2[L],(d.f.g2)[L],a2[L],(d.f.f2)[LO],a2[LO],(d.f.e2)[LO],a2[LO],(c.d2)[LO],a2[LO],(e.g.g2)[LO],a2[LO],(e.g.f2)[LN],a2[LN],(e.g.e2)[LN],a2[LN],(d.d2)[LN],(a.a2)[LN],(f.g2)[LN],(a.a2)[LN],(c.f2)[LNO],(g.g2)[LNO],(e.e2)[LNO],(g.f2)[LNO],(#A-1.#c2)[LMO],(f.f2)[LMO],(#c.#d2)[LMO],(f.f2)[LMO],(#c.#c2)[LMNO],(f.f2)[K],(#c.c2)[KO],(f.f2)[KNO],(#F-1.#a1.c2)[L],(#c.#a1.#c2)[L],(#F-1.#a1.#c2)[L],#c[L],#F-1[L],#c[L],(#F-1.c2.#d2)[L],#c[L],(#G-1.#g1.c2)[L],(#d.#g1.#c2)[L],(#G-1.#g1.#c2)[L],#d[L],(#G-1.#c2)[L],(#d.c2)[L],(#G-1.#a1)[L],(#d.#g1)[L],(#A-1.#c1.f1)[L],f[L],#A-1[L],(f.f1.#a1)[L],(#A-1.f1.#a1)[L],f[L],#A-1[L],f[L],#A-1[L],f[L],#A-1[L],f[L],(#G-1.#c2.f2)[L],(#d.f2.#g2)[L],(#G-1.f2.#a2)[L],#d[L],(#F-1.#a2.c3)[L],(#c.#a2.#c3)[L],(#F-1.#a2.#c3)[L],#c[L],#F-1[L],#c[L],(#F-1.c3.#d3)[L],#c[L],(#G-1.#g2.c3)[L],(#d.#g2.#c3)[L],(#G-1.#g2.#c3)[L],#d[L],(#G-1.#c3)[L],(#d.c3)[L],(#G-1.#a2)[L],(#d.#g2)[L],(#A-1.f2.#a2)[L],f[L],#A-1[L],f[L],#A-1[L],f[L],#A-1[L],f[L],#A-1[L],f[L],#A-1[L],f[L],(#A-1.#a2~f3)[L],(f.#a3~#a2)[L],(#A-1.f3~#a3)[L],(f.#a2~f3)[L];"]}]}