{"baseBpm":438,"musics":[{"bpm":438,"baseBeats":0.75,"scores":["ST,S,T,ST,S,T,ST,S,T,ST,S,T,ST,S,T,ST,S,T,ST,TU,5<UV>,mute[LM],mute[LM],mute[LM],mute[LM],mute[LM],T,mute[LM],TV,S,T,TV,5<UV>,T,TU,TU,TV,5<UV>,T,TU,5<UV>,mute[LM],TV,5<UV>,TU,TU,TU,TU,T,TU,5<UV>,mute[LM],TV,5<UV>,T,TU,TU,TV,5<UV>,T,TU,5<UV>,mute[LM],TUW,5<UV>,5<UV>,5<UV>,5<UV>,5<UV>,TW,TU,T,S,T,TV,5<UV>,T,TU,TU,TV,5<UV>,T,TU,5<UV>,mute[LM],TV,5<UV>,TU,TU,TU,TU,T,TU,5<UV>,5<UV>,TV,5<UV>,T,S,TU,TW,5<UV>,5<UV>,5<UV>,5<UV>,5<UV>,TW,TU,TU,TW,5<UV>,TW,TU,TU,TU,TU,T,RU,RS,RS,ST,ST,T,T,T,T,S,ST,ST,QR,T,T,T,T,S,ST,ST,T,T,T,T,S,RS,S,T,T,T,T,S,","F-2[JK],(f1.#a.#a1.f2.#A-2)[J],(f1.#a1)[K],(f1.#a1.#A-1)[JK],(f1.#a1.#A-2)[J],(f1.#a1)[K],(f1.#a1.#A-1)[JK],(f1.#a1.#A-2)[J],(f1.#a1)[K],(f1.#a1.#A-1)[JK],(f1.#a1.#A-2)[J],(f1.#a1)[K],(f1.#a1.#A-1)[JK],(#d1.g1.#a1.#d)[J],(#d1.g1.#a1)[K],(#d1.g1.#a1.#D-1)[JK],(e1.g1.#a1.e)[J],(e1.g1.#a1)[K],(e1.g1.#a1.E-1)[JK],(f1.a1.e2.#d1.F-1)[KL],(f1.a1.e2)[L],(#d1.f1.a1)[M],(f1.a1.e2)[LM],(f1.a1.e2.#d1)[LM],(f1.a1.e2)[LM],(f1.a1.e2)[LM],(f1.a1.e2)[LM],(c1.#d1)[K],(#d1.g1)[LM],(g1.#a1)[K],(a1.c2)[M],F-1[J],(a1.c2)[K],(d2.#a.d1.f1.#a1.#A-2)[KL],d2[L],(f1.#a1)[K],(f2.#a.d1.f1.#a1.#A-1)[KL],f2[KL],(f2.d1.f1.#a.#a1.#A-2)[KL],f2[L],(f.f1.#a1)[K],(#a2.d1.f1.#a.#a1.#A-1)[KL],#a2[L],f[M],F-1[LM],(c3.#a.d1.f1.#a1.#A-2)[KL],c3[L],(#a2.f1.#a1)[K],(c3.#a.d1.f1.#a1.#A-1)[L],#a2[K],c3[L],#d3[K],(d3.d1.f1.#a.#a1.#A-2)[L],#d3[K],d3[L],(f.f1.#a1)[K],(#a2.d1.f1.#a.#a1.#A-1)[KL],#a2[L],f[M],F-1[LM],(f2.#a.#d1.f1.#a1.#D-1)[KL],f2[L],(f1.#a1)[K],(#a.#d1.f1.#a2.#a1.#d)[KL],#a2[KL],(#d1.f1.#a.c3.#a1.#D-1)[KL],c3[L],(f.f1.#a1)[K],(#d1.f1.#a.#d3.#a1.#d)[KL],#d3[L],f[M],#A-1[LM],(#a.#d1.f1.d3.#a1.#D-1)[KL],d3[L],(#d3.f1.#a1)[L],d3[L],(#a.#d1.f1.c3.#a1.#d)[L],#d3[L],d3[L],c3[L],#a2[M],#A-1[LM],(#d1.f1.#a.f3.#a1.#D-1)[L],#a2[K],f3[L],(f.f1.#a1)[K],(#d1.f1.#a.#a1.#d)[J],f[K],(d2.#a.d1.f1.#a1.#A-2)[KL],d2[L],(f1.#a1)[K],(f2.#a.d1.f1.#a1.#A-1)[KL],f2[KL],(f2.d1.f1.#a.#a1.#A-2)[KL],f2[L],(f.f1.#a1)[K],(#a2.d1.f1.#a.#a1.#A-1)[KL],#a2[L],f[M],F-1[LM],(c3.#a.d1.f1.#a1.#A-2)[KL],c3[L],(#a2.f1.#a1)[K],(c3.#a.d1.f1.#a1.#A-1)[L],#a2[K],c3[L],#d3[K],(d3.d1.f1.#a.#a1.#A-2)[L],#d3[K],d3[L],(f.f1.#a1)[K],(#a2.d1.f1.#a.#a1.#A-1)[KL],#a2[L],f[M],F-1[M],d3[L],(f3.#a.#d1.f1.#d3.#a1.#D-1)[K],d3[L],(f3.#d3)[L],(f1.#a1)[K],(#a.#d1.f1.#a1.#d)[J],d3[K],(#d1.f1.#a.#d3.#a1.#D-1)[L],d3[K],#d3[L],(f.f3.f1.#a1)[L],d3[L],(#d1.f1.#a.#d3.#a1.#d)[L],f3[L],d3[L],#d3[L],(f.d3)[M],#A-1[LM],(#a.#d1.f1.#a1.#D-1)[L],d3[KL],(#a2.f1.#a1)[K],(#a.#d1.f1.d3.#a1.#d)[L],#a2[K],d3[L],#a2[M],#A-1[LM],(#d1.f1.#a.#d3.#a1.#D-1)[L],#a2[K],#d3[L],(f.f3)[K],(#d1.f1.#a.d3.#d)[MN],#d3[N],f3[K],d3[MN],#d3[N],(f.d3)[K],(#a.#d.f1.#a2.g2.g3.#D-1)[L],d3[K],#a2[IL],(a2.a3)[IJ],(f1.#a1.#a2.#a3)[IJ],(a2.a3)[JK],(f2.f3)[JK],(f1.#a1.#a.d.g2.g3.D-1)[K],(f1.#a1)[K],(f1.#a1)[K],(f1.#a1.a2.a3)[K],(f1.#a1)[J],(g2.g3)[JK],(f2.f3)[JK],(f1.#a1.d2.d3)[HI],(f1.#a1.g.c.#d1.c2.c3.C-1)[K],(f1.#a1)[K],(f1.#a1)[K],(f1.#a1.d2.d3)[K],(f1.#a1)[J],(#d1.#a1.c2.c3)[JK],(#a1.#a2)[JK],(#d1.#a1.#f.c.c2.c3.C-1)[K],(#d1.#a1)[K],(#d1.#a1)[K],(#d1.#a1)[K],(#d1.#a1)[J],(#d1.c2.f2.f3)[IJ],(f1.d2.f.#a.#A-1.d1.d3)[J],(f1.d2.f.#a.d1)[K],(f1.d2.f.#a.d1)[K],(f1.d2.f.#a.d1)[K],(f1.d2.f.#a.d1)[K],(g1.#d2.g.c1.#d1)[J],"],"id":1},{"bpm":438,"baseBeats":0.75,"scores":["T,TV,5<UV>,T,QT,TV,5<UV>,T,TU,TU,TU,TU,TU,TU,TU,TU,TU,RU,RS,TU,TU,TU,TU,TU,TU,TU,TU,TU,RU,TU,RU,TU,TU,S,T,ST,S,T,ST,S,T,ST,S,T,ST,S,T,ST,S,T,TU,TU,TV,5<UV>,T,TU,TU,TV,5<UV>,T,TU,STUV,T,T,TV,5<UV>,T,mute[LM],T,S,T,T,T,TW,mute[LM],TW,T,mute[LM],TV,T,T,RV,T,T,TV,5<UV>,T,mute[LM],T,TU,5<UV>,mute[LM],TU,5<UV>,mute[LM],T,T,T,ST,TV,5<UV>,T,TU,TU,TV,5<UV>,T,TU,5<UV>,mute[LM],TV,5<UV>,TU,TU,TU,TU,T,TU,5<UV>,mute[LM],TV,5<UV>,T,TU,TU,TV,5<UV>,T,TU,5<UV>,mute[LM],TUW,5<UV>,5<UV>,5<UV>,5<UV>,5<UV>,TW,TU,T,S,T,TV,5<UV>,T,TU,TU,TV,5<UV>,T,TU,5<UV>,mute[LM],","(g1.#d2.g.c1.#d1)[K],(g1.#d2.g.c1.#A-1.#d1)[K],(g1.#d2.g.c1.#d1)[L],#A-1[L],(g1.#d2.g.c1.#d1)[K],(#a1.f2.#a.#G-1.d1.f1)[HK],(#a1.f2.#a.d1.#G-1.f1)[K],(#a1.f2.#a.d1.f1)[L],#G-1[L],(#a1.f2.#a.d1.f1)[K],(G-1.g1.f2.#a1.g.#d1.c2.#d2.c3)[KL],c2[KL],(#d.d2.f2.d3)[KL],d2[KL],(g.c2.#d2.c3)[KL],c2[KL],(#a.#a1.d2.#a2)[KL],#a1[KL],(a.#f1.a1.c1.#F-1.c2.#d2.c3)[KL],c2[IL],(c1.a1.c2.a.#d1)[IJ],(f.d1.#a1.#a.#A-1.d2.f2.d3)[KL],d2[KL],(#a.#d2.g2.#d3)[KL],#d2[KL],(c1.#d1.c2.A-1.d2.f2.d3)[KL],d2[KL],(#d1.c2.#d2.c3)[KL],c2[KL],(b.d1.f1.d2.G-1.f2.d3)[KL],d2[IL],(d1.f1.#g1.f2.F-1.#g2.f3)[KL],f2[IL],(#a1.g2.#a.#d1.#D-1.g1.c1.g3)[KL],g2[KL],(c1.g1.#d1.#a1)[J],(c1.g1.#d1.#a1)[K],(g1.c1.#D-1)[JK],(c1.g1.#d1.#a1)[J],(c1.g1.#d1.#a1)[K],(c1.g1.#D-1)[JK],(c1.g1.#d1.#a1)[J],(c1.g1.#d1.#a1)[K],(g1.c1.#D-1)[JK],(c1.g1.#d1.#a1)[J],(c1.g1.#d1.#a1)[K],(#a1.g2.#a.e1.E-1.g1.c1)[JK],(c1.g1.e1.#a1)[J],(c1.g1.e1.#a1)[K],(g1.c1.E-1)[JK],(c1.g1.e1.#a1)[J],(c1.g1.e1.#a1)[K],(c1.g1.g2.g3.E-1)[KL],g2[KL],(c1.g1.e2.e3.e1.#a1)[KL],e2[L],(c1.g1.e1.#a1)[K],(g1.c1.g2.g3.E-1)[KL],g2[KL],(c1.g1.#a2.#a3.e1.#a1)[KL],#a2[L],(c1.g1.e1.#a1)[K],(f2.#a1.#a.f1.F-1.c1.c3.c4)[K],f2[L],c3[JKLM],e2[LM],(c1.f1.#a1.F-1)[M],(f2.e2)[K],f2[K],g2[LM],f2[N],#f2[N],g2[LM],f2[N],#f2[LMN],e2[K],(#a1.f2.#a.f1.e2.c1.F-1)[J],c2[K],(c2.f2)[K],f2[K],e2[LMN],f2[N],(e2.c1.f1.#a1.F-1)[LMN],f2[KN],g2[LM],(f2.e2)[M],g2[LM],(f2.e2)[KM],e2[K],(f2.#a1.#a.f1.F-1.c1.e2)[K],f2[IM],e2[LM],(c1.f1.#a1.F-1)[M],(f2.e2)[K],f2[K],g2[LM],f2[N],#f2[N],g2[LM],f2[N],#f2[LMN],e2[K],(a1.f2.c1.f1.F-1.e2)[K],(a1.f2)[L],(c1.f1.F-1.a1.f2)[L],(a1.f2)[M],(c1.f1.F-1.a1.f2)[LM],(a1.f2.c1.f1.F-1)[LM],(c1.f1.F-1.a1.f2)[M],(a1.f2)[L],(c1.f1.F-1.a1.f2)[L],(a1.f2)[M],(c1.f1.F-1.a1.f2)[LM],(c1.f1.F-1.a1.f2.#d1)[K],(#d1.g1)[K],(g1.#a1)[K],(a1.c2)[JK],(d2.#a.d1.f1.#a1.#A-2)[KL],d2[L],(f1.#a1)[K],(f2.#a.d1.f1.#a1.#A-1)[KL],f2[KL],(f2.d1.f1.#a.#a1.#A-2)[KL],f2[L],(f.f1.#a1)[K],(#a2.d1.f1.#a.#a1.#A-1)[KL],#a2[L],f[M],F-1[LM],(c3.#a.d1.f1.#a1.#A-2)[KL],c3[L],(#a2.f1.#a1)[K],(c3.#a.d1.f1.#a1.#A-1)[L],#a2[K],c3[L],#d3[K],(d3.d1.f1.#a.#a1.#A-2)[L],#d3[K],d3[L],(f.f1.#a1)[K],(#a2.d1.f1.#a.#a1.#A-1)[KL],#a2[L],f[M],F-1[LM],(f2.#a.#d1.f1.#a1.#D-1)[KL],f2[L],(f1.#a1)[K],(#a.#d1.f1.#a2.#a1.#d)[KL],#a2[KL],(#d1.f1.#a.c3.#a1.#D-1)[KL],c3[L],(f.f1.#a1)[K],(#d1.f1.#a.#d3.#a1.#d)[KL],#d3[L],f[M],#A-1[LM],(#a.#d1.f1.d3.#a1.#D-1)[KL],d3[L],(#d3.f1.#a1)[L],d3[L],(#a.#d1.f1.c3.#a1.#d)[L],#d3[L],d3[L],c3[L],#a2[M],#A-1[LM],(#d1.f1.#a.f3.#a1.#D-1)[L],#a2[K],f3[L],(f.f1.#a1)[K],(#d1.f1.#a.#a1.#d)[J],f[K],(d2.#a.d1.f1.#a1.#A-2)[KL],d2[L],(f1.#a1)[K],(f2.#a.d1.f1.#a1.#A-1)[KL],f2[KL],(f2.d1.f1.#a.#a1.#A-2)[KL],f2[L],(f.f1.#a1)[K],(#a2.d1.f1.#a.#a1.#A-1)[KL],#a2[L],f[M],F-1[LM],"],"id":2},{"bpm":438,"baseBeats":0.75,"scores":["TV,5<UV>,TU,TU,TU,TU,T,TU,5<UV>,5<UV>,TV,5<UV>,T,S,TU,TW,5<UV>,5<UV>,5<UV>,5<UV>,5<UV>,TW,TU,TU,TW,5<UV>,TW,TU,TU,TU,TU,T,RU,RS,RS,ST,ST,T,T,T,T,S,ST,ST,QR,T,T,T,T,S,ST,ST,T,T,T,T,S,RS,S,T,T,T,T,S,T,TV,5<UV>,T,QT,TV,5<UV>,T,TU,TU,TU,TU,TU,TU,TU,TU,TU,RU,RS,TU,TU,TU,TU,TU,TU,TU,TU,TU,RU,TU,RU,TU,TU,S,T,ST,S,T,ST,S,T,ST,S,T,ST,S,T,ST,S,T,TU,TU,TV,5<UV>,T,TU,TU,TV,5<UV>,T,TU,STUV,T,T,TV,5<UV>,T,mute[LM],T,S,T,T,T,TW,mute[LM],TW,T,mute[LM],TV,T,T,RV,T,T,TV,5<UV>,T,mute[LM],T,TU,5<UV>,mute[LM],TU,5<UV>,mute[LM],T,T,T,ST,","(c3.#a.d1.f1.#a1.#A-2)[KL],c3[L],(#a2.f1.#a1)[K],(c3.#a.d1.f1.#a1.#A-1)[L],#a2[K],c3[L],#d3[K],(d3.d1.f1.#a.#a1.#A-2)[L],#d3[K],d3[L],(f.f1.#a1)[K],(#a2.d1.f1.#a.#a1.#A-1)[KL],#a2[L],f[M],F-1[M],d3[L],(f3.#a.#d1.f1.#d3.#a1.#D-1)[K],d3[L],(f3.#d3)[L],(f1.#a1)[K],(#a.#d1.f1.#a1.#d)[J],d3[K],(#d1.f1.#a.#d3.#a1.#D-1)[L],d3[K],#d3[L],(f.f3.f1.#a1)[L],d3[L],(#d1.f1.#a.#d3.#a1.#d)[L],f3[L],d3[L],#d3[L],(f.d3)[M],#A-1[LM],(#a.#d1.f1.#a1.#D-1)[L],d3[KL],(#a2.f1.#a1)[K],(#a.#d1.f1.d3.#a1.#d)[L],#a2[K],d3[L],#a2[M],#A-1[LM],(#d1.f1.#a.#d3.#a1.#D-1)[L],#a2[K],#d3[L],(f.f3)[K],(#d1.f1.#a.d3.#d)[MN],#d3[N],f3[K],d3[MN],#d3[N],(f.d3)[K],(#a.#d.f1.#a2.g2.g3.#D-1)[L],d3[K],#a2[IL],(a2.a3)[IJ],(f1.#a1.#a2.#a3)[IJ],(a2.a3)[JK],(f2.f3)[JK],(f1.#a1.#a.d.g2.g3.D-1)[K],(f1.#a1)[K],(f1.#a1)[K],(f1.#a1.a2.a3)[K],(f1.#a1)[J],(g2.g3)[JK],(f2.f3)[JK],(f1.#a1.d2.d3)[HI],(f1.#a1.g.c.#d1.c2.c3.C-1)[K],(f1.#a1)[K],(f1.#a1)[K],(f1.#a1.d2.d3)[K],(f1.#a1)[J],(#d1.#a1.c2.c3)[JK],(#a1.#a2)[JK],(#d1.#a1.#f.c.c2.c3.C-1)[K],(#d1.#a1)[K],(#d1.#a1)[K],(#d1.#a1)[K],(#d1.#a1)[J],(#d1.c2.f2.f3)[IJ],(f1.d2.f.#a.#A-1.d1.d3)[J],(f1.d2.f.#a.d1)[K],(f1.d2.f.#a.d1)[K],(f1.d2.f.#a.d1)[K],(f1.d2.f.#a.d1)[K],(g1.#d2.g.c1.#d1)[J],(g1.#d2.g.c1.#d1)[K],(g1.#d2.g.c1.#A-1.#d1)[K],(g1.#d2.g.c1.#d1)[L],#A-1[L],(g1.#d2.g.c1.#d1)[K],(#a1.f2.#a.#G-1.d1.f1)[HK],(#a1.f2.#a.d1.#G-1.f1)[K],(#a1.f2.#a.d1.f1)[L],#G-1[L],(#a1.f2.#a.d1.f1)[K],(G-1.g1.f2.#a1.g.#d1.c2.#d2.c3)[KL],c2[KL],(#d.d2.f2.d3)[KL],d2[KL],(g.c2.#d2.c3)[KL],c2[KL],(#a.#a1.d2.#a2)[KL],#a1[KL],(a.#f1.a1.c1.#F-1.c2.#d2.c3)[KL],c2[IL],(c1.a1.c2.a.#d1)[IJ],(f.d1.#a1.#a.#A-1.d2.f2.d3)[KL],d2[KL],(#a.#d2.g2.#d3)[KL],#d2[KL],(c1.#d1.c2.A-1.d2.f2.d3)[KL],d2[KL],(#d1.c2.#d2.c3)[KL],c2[KL],(b.d1.f1.d2.G-1.f2.d3)[KL],d2[IL],(d1.f1.#g1.f2.F-1.#g2.f3)[KL],f2[IL],(#a1.g2.#a.#d1.#D-1.g1.c1.g3)[KL],g2[KL],(c1.g1.#d1.#a1)[J],(c1.g1.#d1.#a1)[K],(g1.c1.#D-1)[JK],(c1.g1.#d1.#a1)[J],(c1.g1.#d1.#a1)[K],(c1.g1.#D-1)[JK],(c1.g1.#d1.#a1)[J],(c1.g1.#d1.#a1)[K],(g1.c1.#D-1)[JK],(c1.g1.#d1.#a1)[J],(c1.g1.#d1.#a1)[K],(#a1.g2.#a.e1.E-1.g1.c1)[JK],(c1.g1.e1.#a1)[J],(c1.g1.e1.#a1)[K],(g1.c1.E-1)[JK],(c1.g1.e1.#a1)[J],(c1.g1.e1.#a1)[K],(c1.g1.g2.g3.E-1)[KL],g2[KL],(c1.g1.e2.e3.e1.#a1)[KL],e2[L],(c1.g1.e1.#a1)[K],(g1.c1.g2.g3.E-1)[KL],g2[KL],(c1.g1.#a2.#a3.e1.#a1)[KL],#a2[L],(c1.g1.e1.#a1)[K],(f2.#a1.#a.f1.F-1.c1.c3.c4)[K],f2[L],c3[JKLM],e2[LM],(c1.f1.#a1.F-1)[M],(f2.e2)[K],f2[K],g2[LM],f2[N],#f2[N],g2[LM],f2[N],#f2[LMN],e2[K],(#a1.f2.#a.f1.e2.c1.F-1)[J],c2[K],(c2.f2)[K],f2[K],e2[LMN],f2[N],(e2.c1.f1.#a1.F-1)[LMN],f2[KN],g2[LM],(f2.e2)[M],g2[LM],(f2.e2)[KM],e2[K],(f2.#a1.#a.f1.F-1.c1.e2)[K],f2[IM],e2[LM],(c1.f1.#a1.F-1)[M],(f2.e2)[K],f2[K],g2[LM],f2[N],#f2[N],g2[LM],f2[N],#f2[LMN],e2[K],(a1.f2.c1.f1.F-1.e2)[K],(a1.f2)[L],(c1.f1.F-1.a1.f2)[L],(a1.f2)[M],(c1.f1.F-1.a1.f2)[LM],(a1.f2.c1.f1.F-1)[LM],(c1.f1.F-1.a1.f2)[M],(a1.f2)[L],(c1.f1.F-1.a1.f2)[L],(a1.f2)[M],(c1.f1.F-1.a1.f2)[LM],(c1.f1.F-1.a1.f2.#d1)[K],(#d1.g1)[K],(g1.#a1)[K],(a1.c2)[JK],"],"id":3}],"audition":{"start":[0,0],"end":[1,0]}}