{"baseBpm":189,"musics":[{"bpm":189,"baseBeats":0.375,"scores":["mute[KL],mute[LMNO],mute[LO],mute[LMNO],mute[LN],mute[LMN],mute[LO],mute[K],mute[L],mute[K],mute[LO],mute[LMNO],mute[LO],mute[LMNO],mute[L],mute[KLO],mute[LMN],mute[LN],mute[LMN],mute[LN],mute[LMNO],mute[LO],mute[LMNO],mute[LO],mute[LMNO],mute[LO],mute[LMNO],mute[LO],mute[LMN],mute[LN],mute[KMNO],mute[LMNO],mute[LN],mute[LMO],mute[LN],mute[K],mute[L],mute[K],mute[LO],mute[LMN],mute[LN],mute[LMO],mute[LNO],mute[LMN],mute[LN],mute[K],mute[L],mute[K],mute[L],mute[LMN],mute[LN],mute[LMN],mute[LN],mute[LMNO],mute[LO],mute[K],mute[KMNO],mute[LO],mute[LMNO],mute[LO],mute[LMN],mute[LN],mute[K],mute[L],mute[K],mute[LN],mute[LMN],mute[L],mute[LMNO],mute[LN],mute[LMNO],mute[LO],mute[LMNO],mute[LN],mute[LMN],mute[LO],mute[KLO],mute[LMN],mute[LO],mute[LMNO],mute[LN],mute[LMO],mute[LNO],mute[LMN],mute[LO],mute[LMNO],mute[LN],mute[LMNO],mute[L],mute[MN],mute[MN],mute[MN],mute[MNO],mute[LMN],mute[LO],mute[LMN],mute[MN],mute[MNO],mute[LNO],mute[LNO],mute[LMN],mute[LN],mute[LMN],mute[LN],mute[K],mute[LO],mute[LMN],mute[LN],mute[LMNO],mute[LO],mute[LMN],mute[LN],mute[LMNO],mute[LN],mute[LMN],mute[LO],mute[LMNO],mute[LO],mute[LMNO],mute[LN],mute[LMN],mute[LO],mute[LMNO],mute[LO],mute[LMN],mute[LNO],mute[LMNO],mute[LN],mute[KN],5<VW>,mute[LMO],mute[LNO],mute[LM],mute[MN],mute[MNO],mute[KN],5<VW>,mute[LM],mute[MN],mute[MNO],mute[LNO],mute[MN],mute[MN],mute[LM],mute[LN],mute[LMNO],mute[LN],mute[LMO],mute[MN],mute[MN],mute[LMN],mute[LN],mute[LMO],mute[LNO],mute[LMN],mute[LN],mute[LMN],mute[MN],mute[MN],mute[MN],mute[MN],mute[MN],mute[MN],mute[MN],mute[MN],mute[LO],mute[LMNO],mute[LO],mute[LMO],mute[MN],mute[MNO],mute[LNO],mute[MN],mute[MN],mute[LMN],mute[LO],mute[LMNO],mute[LN],mute[LMO],mute[LNO],mute[LMO],mute[LNO],mute[LMNO],mute[LO],mute[LMN],mute[LN],mute[LMN],mute[LNO],mute[LMO],mute[LNO],mute[LMO],mute[LN],mute[LMNO],mute[LN],mute[KO],5<VW>,mute[L],mute[L],mute[L],mute[L],mute[L],mute[LO],mute[LMNO],mute[LN],mute[LMO],mute[LNO],mute[LMN],mute[LN],mute[LM],mute[MN],mute[MNO],mute[LMO],mute[MN],mute[MN],mute[LM],mute[MN],mute[MN],mute[LM],mute[LNO],mute[LMO],mute[LN],mute[LMN],mute[LN],mute[KNO],5<VW>,mute[LMO],mute[LNO],mute[LMNO],mute[LO],mute[LMN],mute[LNO],mute[LMO],mute[MN],mute[MN],mute[LM],mute[MN],mute[MN],mute[MN],mute[MN],mute[LO],mute[K],mute[L],mute[LMN],mute[MN],mute[MNO],mute[LNO],mute[LNO],mute[LMN],mute[LN],mute[LMNO],mute[LN],mute[LMNO],mute[LO],mute[LMN],mute[LN],mute[LMNO],mute[LO],mute[LMNO],mute[LO],mute[LMN],mute[LNO],mute[LMN],mute[LO],mute[K],mute[LO],mute[LMNO],mute[LO],mute[LMNO],mute[MN],mute[MN],mute[MN],mute[MN],mute[L],mute[MN],mute[LN],mute[LO],mute[LMNO],mute[LN],mute[LMN],mute[LNO],mute[LMO],mute[LNO],mute[LNO],mute[MN],mute[MNO],mute[LMO],mute[MN],mute[MN],mute[LM],mute[MN],mute[MNO],mute[LNO],mute[LNO],mute[LMO],mute[LN],mute[LMNO],mute[LN],mute[LMN],mute[LNO],mute[LMN],mute[LO],mute[LMNO],mute[MN],mute[LN],mute[L],mute[MN],mute[MN],mute[MN],mute[MN],mute[MN],mute[LN],mute[L],mute[MN],mute[MN],mute[MN],mute[MN],mute[LO],mute[LMNO],mute[LO],mute[LMO],mute[MN],mute[MNO],mute[LNO],mute[MN],mute[MN],mute[LMN],mute[LN],mute[LMNO],mute[LO],mute[LMN],mute[LN],mute[LMO],mute[LNO],mute[LMO],mute[LNO],mute[LMNO],mute[LO],mute[LMN],mute[LNO],mute[LMO],mute[LNO],mute[LMN],mute[LO],mute[LMNO],mute[LN],mute[LMN],mute[LO],mute[K],mute[L],mute[K],mute[LO],mute[LMNO],mute[LN],mute[LMN],mute[LN],mute[LMN],mute[LN],mute[LM],mute[MN],mute[MNO],mute[LMO],mute[LNO],mute[LMO],mute[L],5<VW>,mute[MN],mute[MN],mute[LO],mute[LMO],mute[LN],mute[LMN],mute[LN],mute[LMNO],mute[LN],mute[LMO],mute[LNO],mute[LMNO],mute[L],mute[MN],mute[MN],mute[MN],mute[MN],mute[MNO],mute[L],mute[MN],mute[MN],mute[MN],mute[MN],mute[LN],mute[LMN],mute[LN],mute[LMN],mute[LN],mute[LMO],mute[LNO];","(E-1.B-1)[KMNO],(e.b.g)[O],e1[LMNO],(e1.b.g)[O],e[MNO],E-1[O],B-1[LMNO],g[L],B-1[O],(e.g)[O],(b.e1)[LMO],B-1[O],(e1.e)[L],#F-1[O],A-1[LMNO],(e1.b)[O],(a.#F-1.A-1.#f)[L],(#F-1.A-1)[LMNO],(e1.b.a.#f)[O],A-1[LO],(#F-1.A-1)[LMN],(b.e1.a.#f)[O],A-1[L],(#F-1.A-1)[O],#f[LMN],(b.g)[O],d[L],(B-1.E-1.e)[KL],(e.g)[O],(b.e1)[LMN],e1[N],(b.g.E-1.B-1)[O],e[MNO],(E-1.B-1)[LMN],g[LO],(b.g.e)[O],e1[LMNO],e1[O],#F-1[MN],#F-1[O],(#f.A-1)[O],a[LMNO],(e1.b.A-1.a)[O],#f[MNO],#F-1[O],A-1[LMN],(b.e1)[O],(a.#f.A-1)[LO],(#F-1.A-1)[LMO],e1[O],b[O],(#f.A-1)[L],(#F-1.A-1)[O],(#f.a)[LMN],e1[O],(a.#F-1)[O],(g.A-1)[MN],E-1[O],B-1[O],(e.b)[KMN],(e.E-1.g.B-1)[O],b[LMN],e1[O],(b.g.e)[LO],b[O],(g.E-1)[LMO],g[LO],(e.B-1.E-1.g)[O],(e1.a)[LMN],e1[O],g[O],b[L],(#F-1.A-1)[LMN],e1[O],(b.a.#f)[O],A-1[LO],(A-1.#F-1)[LMO],e1[O],(b.a.#f)[LN],A-1[LMO],e1[O],b[O],#f[O],A-1[MNO],a[O],A-1[LMN],(a.e1.g.#F-1)[L],b[O],E-1[O],(B-1.e.g)[K],b[L],(e.B-1.b.e1.a.g)[LMN],e1[O],b[O],g[L],E-1[LMN],(g.e)[LO],(g.e.B-1)[O],(e1.a)[LMN],e1[O],b[O],#F-1[MNO],(A-1.#F-1)[O],(#f.a)[LMNO],e1[O],(b.a.A-1)[O],#f[MNO],#F-1[LMN],e1[O],b[O],(a.#f.A-1)[KMO],e1[O],(b.a)[O],#f[L],(#F-1.A-1.#f)[O],a[LMN],(e1.#f)[O],a[L],b[O],(E-1.e.B-1)[LMN],b[LO],a[O],(g.e.e1)[LMN],b[N],(b.e1.g.e)[L],(E-1.B-1)[K],g[L],(a.B-1.e.g)[N],e1[LMO],(B-1.b.e1)[O],e[L],(#F-1.A-1)[LMNO],b[O],(e1.b.a.A-1.#F-1)[O],#f[MNO],#F-1[O],A-1[LMN],e1[O],(b.a.#f.A-1)[LO],(#F-1.A-1)[LMN],(b.e1.a)[O],(b.#f.A-1)[L],#F-1[O],A-1[O],#f[LMN],(a.g)[O],d[MNO],(B-1.b)[O],(e.E-1)[KMNO],(e.g)[O],a[O],e1[LMN],(b.e1)[O],b[O],(g.e.B-1.E-1)[MNO],(E-1.B-1)[LMNO],g[L],a[O],(e.g)[O],e1[LMO],e1[O],b[O],#F-1[MNO],#F-1[O],(#f.A-1)[O],a[LMN],(b.e1)[O],(a.A-1)[O],#f[MNO],(A-1.#F-1)[LMNO],(b.e1.a)[O],(#f.A-1)[MO],d[N],e[O],#F-1[O],A-1[LMO],e1[O],(b.a.#f)[O],(e.A-1)[L],(e.#F-1.A-1)[O],#f[MNO],d[MN],e1[O],a[O],(B-1.#F-1)[O],A-1[MN],(g.E-1)[O],(#F-1.C-1.e.b.B-1)[O],d1[LMN],#F-1[L],(B-1.#C-1)[O],(e.b.#G-1.g.E-1.d1)[LMN],e1[O],(a.#f1.d1)[O],(g.E-1.e.#F-1)[MNO],b[O],(E-1.#F-1)[O],(C-1.g)[N],E-1[LNO],g[N],#F-1[MNO],(B-1.e.g.b)[O],(e1.g.#C-1.e.#G-1)[O],(d1.E-1)[LMN],(g.e1)[O],(a.#f)[O],#F-1[MN],b[O],(A-1.#F-1)[O],C-1[LMN],b[O],(e1.A-1.#f)[O],#F-1[MNO],(a.#G-1)[O],(#C-1.A-1.#F-1)[LMNO],(b.a.e1)[O],(a.#F-1.#f)[L],(#F-1.C-1.B-2)[O],A-1[LMN],(e1.a)[O],(b.#f.#F-1.A-1)[MNO],a[O],(e1.#C-1.B-2.#G-1)[O],A-1[LMO],(e1.b.g)[O],(a.#F-1)[O],(b.D-1)[L],(E-1.#F-1.b.C-1.B-1.e)[O],g[LMN],#F-1[LO],(#C-1.#G-1.e.d1.E-1.B-1)[O],(g.b.e1)[LMN],(e1.#F-1)[O],(#f1.d1.g.D-1)[L],(C-1.#F-1.b)[N],E-1[LMO],(g.e)[O],(a.#F-1)[L],(B-1.e.#C-1.E-1.g.#G-1.e1)[O],d1[LMNO],(b.E-1.#F-1.e1)[NO],#F-1[MO],(C-1.A-1.#F-1.#f)[O],a[LMNO],(#F-1.e1)[O],(b.a)[O],(#f.A-1)[MN],(#C-1.#G-1)[N],#F-1[LMN],(e1.#f.b.#F-1.A-1.a)[L],(#F-1.C-1)[O],B-2[LMO],e1[O],b[O],(a.#f.e1.b.#F-1)[L],(A-1.#f.#C-1)[O],(e1.a.#G-1.B-2)[LMN],e1[O],(#f.a.#F-1)[O],D-1[MNO],(b.#F-1)[O],(E-1.C-1)[O],(e.B-1)[LMNO],#F-1[MNO],a[O],(#G-1.#C-1.E-1.e)[O],e[O],e1[LMO],(b.#f1)[O],(#F-1.d1.g.e1)[O],(D-1.b)[O],g[O],e[M],(C-1.#F-1)[NO],(E-1.B-1)[LMO],(#F-1.b)[O],(g.E-1)[MNO],#C-1[O],#G-1[O],(B-1.g.E-1.e.d1)[O],(b.e1)[LM],B-1[N],#F-1[O],(a.e1.#f.E-1)[O],e[MN],(C-1.#F-1)[O],b[O],#F-1[O],A-1[LMO],(#F-1.e1)[O],(b.#F-1.#f)[N],(A-1.#F-1)[M],#C-1[N],(#G-1.a)[N],(#F-1.A-1)[LM],#F-1[O],(b.e1)[O],(#F-1.#f.a)[O],A-1[MO],#F-1[N],(C-1.B-2)[NO],A-1[LNO],(#F-1.b)[O],b[O],(e1.#f.a)[O],A-1[MO],#C-1[N],(#G-1.a.#f.B-2.#F-1)[O],#f[O],A-1[LM],#F-1[O],(a.D-1)[O],(g.d)[MNO],(#F-1.C-1)[O],(b.B-1.E-1.e)[LMNO],#F-1[L],(E-1.#C-1)[O],(#G-1.e)[O],(b.e1)[LMO],a[N],(#f1.d1.e1.#F-1.g.E-1)[N],(g.e)[O],B-1[MO],(b.#F-1.E-1.C-1)[N],(B-1.E-1)[LMO],(g.a)[O],(#F-1.E-1)[L],(#C-1.#G-1.E-1.e)[O],(g.d1)[O],e1[LMO],b[O],(e1.#F-1.E-1)[O],#F-1[MNO],(#F-1.C-1.#f.A-1)[O],A-2[O],a[LMN],(#F-1.b.e1)[O],(a.#f.A-1)[MNO],(#C-1.#G-1)[O],A-2[O],A-1[LMN],(b.#F-1.e1)[O],(a.#f)[O],A-1[MN],(#F-1.c1.C-1.B-2)[NO],A-1[MO],#c1[MNO],e1[O],(#F-1.a.b.#f.B-2.c1)[N],A-1[MN],(#G-1.#C-1.B-2.e1.a.#c1)[O],A-1[O],(#f.#F-1)[MN],c1[MNO],e1[O],(D-1.#c1.#F-1.a)[O],(g.#F-1)[N],A-1[MO],(C-1.#c1.#F-1.b)[O],(e.E-1.B-1)[LMNO],#F-1[O],#c1[MNO],(g.B-1.#C-1.E-1.e.#G-1)[O],(b.c1)[LMO],e1[N],(e.#c1.#f1.b.E-1.#F-1)[O],(g.d1)[MNO],(E-1.#c1.b)[O],(#F-1.g.C-1)[N],E-1[LNO],g[N],(E-1.b)[O],(#c1.#F-1)[MN],(B-1.b.e)[O],(e1.E-1)[O],(#C-1.#G-1.c1.b)[O],(g.d1)[LMN],(g.b.E-1)[O],(e1.#F-1.#f)[MNO],a[O],(#c1.#F-1.A-1.C-1)[LMNO],(b.#c1.A-1)[O],(#F-1.e1.a)[O],#f[MN],(#f.#G-1.c1)[O],#C-1[O],(A-1.#F-1)[LMO],b[O],#c1[O],(#F-1.e1.E-1)[O],(a.#f)[MN],#c1[O],(D-1.#F-1.C-1)[O],A-1[LMO],e1[N],(#f.b.#F-1.D-1.#c1)[O],A-1[MNO],(#f.b.e1.#C-1.a.D-1.c1)[O],(#G-1.A-1)[LMO],e1[O],(g.#F-1)[O],(#c1.d.D-1)[L],(b.#c1.#F-1.E-1.C-1)[O],(B-1.e.g)[LMN],#F-1[O],b[O],#c1[MNO],(#C-1.b.#G-1)[O],(E-1.#d.c1.B-1.g.b.e1)[LMN],(e1.#F-1)[O],(#f1.b.d1.#c1)[O],(e.g)[MNO],(#c1.#F-1.C-1)[N],E-1[LMO],g[O],(e.b.#F-1)[O],(E-1.#c1)[MNO],(e.B-1.#C-1)[O],(#G-1.e1.E-1.b)[O],(g.e.c1)[LMO],b[O],E-1[O],(#F-1.e1.#c1)[N],#F-1[MO],C-1[O],(A-1.#c1.#f.#F-1.a)[LMNO],#c1[O],(#F-1.e1.b.a)[O],#f[O],A-1[MN],(#G-1.#C-1.c1)[O],#F-1[LMNO],(b.c1.#F-1.A-1.e1.a)[O],#f[N],#d[M],e[O],(#F-1.C-1.#c1)[L],c1[MN],e1[O],(a.#f)[O],(b.#F-1.e.#c1)[L],(e.A-1.#C-1.#f.c1.e1.#G-1.a)[L],(#c1.d)[MN],e1[O],#f[O],(#F-1.B-1.a.c1)[L],(#F-1.b.#c1.C-1.E-1)[O],(e.B-1)[LMNO],(#F-1.#c1)[L],(#c1.#G-1.#C-1)[O],(E-1.d1.e)[O],(g.b.e1)[LMO],c1[O],(#f1.d1.g.#F-1)[O],(e.e1.D-1)[O],(b.g)[O],e[MO],(C-1.#F-1.#c1)[N],(E-1.B-1)[LMN],(#F-1.b.g)[O],#c1[MNO],(#C-1.#G-1.b)[O],(B-1.g.e.c1)[O],(E-1.b.e1)[LM],B-1[N],(#F-1.#c1.b)[O],(e1.E-1)[O],e[MN],(C-1.#F-1)[O],(#c1.a)[O],#F-1[O],A-1[LMO],#F-1[O],(e1.#F-1.#c1.a.b)[O],#f[O],(#F-1.A-1)[MO],(#C-1.#f)[O],(#G-1.c1)[O],a[N],A-1[LM],#F-1[O],(e1.a.#c1.#f.b)[O],A-1[MN],#F-1[O],(C-1.#c1.B-2)[NO],A-1[LM],(#F-1.e1.b.a)[O],(#f.#c1.D-1.e1.b)[O],A-1[MN],#C-1[O],#G-1[O],(a.c1.E-1.e1.#F-1.#f.b)[O],A-1[LMO],(#F-1.a)[O],(D-1.#c1)[O],d[MN],(#F-1.C-1)[O],(#c1.B-1)[O],(g.E-1.b.e)[LMN],(#F-1.#c1)[L],#C-1[O],(E-1.b.#G-1)[O],(c1.g.e.b.e1)[LMNO],(e1.#f1.#c1.#F-1)[O],(d1.a)[O],(g.e)[O],B-1[O],E-1[M],b[O],(#F-1.#c1.E-1.C-1)[O],(E-1.B-1)[LMO],g[O],(#F-1.#c1)[MNO],b[O],#C-1[O],(#G-1.c1.e.g.b.E-1.a)[O],e1[LMN],#F-1[O],(e1.E-1.b.#F-1)[L],(C-1.#F-1.A-1.#c1.#f)[O],a[LMN],(#c1.#F-1)[O],(#F-1.b.e1.a.A-1)[O],#f[MN],(#f.#C-1)[O],(#G-1.a.c1)[O],#F-1[O],A-1[LMO],(e1.#c1)[O],(b.#F-1.a.#f)[N],A-1[MO],#F-1[O],(C-1.B-2)[NO],A-1[LM],(e1.#F-1.b.#c1.a)[O],(D-1.#f)[O],A-1[MN],a[O],(E-1.b.#G-1.#C-1.c1.e1)[O],(A-1.#F-1.#f)[MNO],#c1[MNO],e1[O],(#F-1.b.c1.D-1)[O],#F-1[O],A-1[MN],(b.g.#F-1.C-1.e.#c1.E-1.B-1)[K],(#F-1.#c1)[L],(e.B-1.#C-1.b.g.#d.#G-1.E-1.#c1.c1)[LMN],(e1.b)[N],(g.e.#F-1.D-1)[O],#c1[MNO],(b.#f1.d1.#F-1)[O],(C-1.g.#c1)[N],E-1[LNO],g[N],(#f1.g.d1)[O],(#c1.#F-1)[MN],(e.b.g.B-1)[O],e1[O],(#G-1.#C-1.E-1.c1)[LMN],g[O],(d1.#f1.b)[O],(E-1.#f.#F-1)[MNO],(e1.a)[O],(A-1.C-1.#F-1.#c1)[LMNO],(g.d1.b.#c1.A-1.e1)[O],#F-1[MNO],(a.#c1.#f)[O],(#G-1.#C-1)[O],(A-1.c1.#F-1)[LMNO],(b.#F-1.e1.a)[O],#f[MN],(a.#f)[O],#c1[O],(C-1.#F-1.D-1.A-1)[LMN],(#c1.a.e1)[O],(#f.b.#F-1)[O],A-1[MNO],(e.a.#f.#C-1.c1)[O],(e1.b.#G-1.D-1.A-1)[LMN],(b.g.e1)[O],(#F-1.D-1.a.#c1.#f)[L],#F-1[O],(C-1.b.B-1.E-1.e.#c1.g)[LMN],#F-1[O],#c1[L],(E-1.#C-1)[O],(#G-1.c1.B-1.e.e1.b.g)[LMN],e1[O],(#F-1.#c1)[O],(b.E-1.d1.g)[MNO],#c1[O],(C-1.#F-1.E-1.d1.#f1.b)[O],E-1[LMN],(g.e.E-1)[O],(#F-1.#c1)[MNO],(B-1.e)[O],(#C-1.g.d1.b.e1.E-1.#G-1.c1)[K],(#c1.b.e1.#F-1.E-1)[NO],#F-1[MO],(C-1.A-1.#c1.#f.#F-1)[O],a[LMNO],(#c1.#F-1.b.e1)[O],a[O],(#f.A-1)[MN],(#C-1.#G-1.c1)[O],B-2[LMNO],(b.#c1.A-1.#F-1)[O],(a.e1.B-2.#f)[MNO],(#F-1.c1.C-1)[O],B-2[MNO],#c1[MN],e1[N],(a.#f.c1.#F-1.b)[L],(D-1.#C-1.#c1.A-1.#f)[O],(a.#G-1.e1)[O],b[MN],c1[MN],e1[O],#f[O],(#c1.#F-1)[L],(#F-1.c1.b)[O],(C-1.E-1.e.B-1)[LMNO],(#c1.#F-1)[L],c1[O],(#C-1.#G-1.E-1.b)[O],(e.e1.b)[LMN],(d1.#F-1)[O],(#c1.g.e1)[O],(b.g)[O],e[MO],(#F-1.C-1.d1.#f1.b)[O],#c1[O],E-1[O],B-1[LMO],(#F-1.g)[O],#c1[MNO],(#C-1.#G-1)[O],(B-1.E-1)[O],(c1.e.g.b)[O],e1[LNO],B-1[N],(b.#f1.d1.#F-1)[O],#c1[O],(#f.E-1)[O],e[MO],(a.e1.C-1.#F-1)[O],#c1[O],#F-1[O],A-1[LMO],(d1.g.b.#F-1)[O],(e1.b.#c1)[O],#F-1[O],(A-1.#F-1)[MO],(#C-1.a.#f)[O],#G-1[O],c1[N],A-1[LM],(#F-1.b)[O],(#f.e1.a)[O],(#c1.A-1)[MN],(#F-1.#f.a)[O],C-1[O],(#c1.D-1)[NO],A-1[LNO],(#F-1.e1.a)[O],(#c1.#f.e1)[O],A-1[MN],#C-1[O],(c1.b.e.#f.#G-1.a)[O],(e1.D-1.#F-1.#f)[O],A-1[LMO],#F-1[O],(#c1.a.#f)[O],(D-1.d)[MN],#F-1[O],(C-1.#c1)[O],(B-1.b.g.E-1.e)[LMNO],(#F-1.#c1)[L],(#C-1.c1)[O],(e.#G-1.E-1.b)[O],e1[LMN],d1[O],(e1.#F-1.g.D-1.#c1.b)[O],g[O],(e.B-1)[MN],(C-1.#F-1.b.E-1.#f1.d1.#c1)[N],(B-1.E-1)[LMO],g[O],(#F-1.#c1)[L],(E-1.#C-1.#G-1.e.b.c1)[O],(d1.g.e1)[LMNO],(E-1.#F-1.e1.#c1)[O],#F-1[MNO],(#F-1.C-1.A-1.#f)[O],#c1[O],a[MN],c1[L],(#F-1.e1.b.#c1)[O],(a.#f.A-1)[MN],#C-1[O],(#G-1.c1)[N],(#F-1.A-1)[MN],#c1[MNO],b[O],(c1.#F-1.e1.a.#f)[N],A-1[MN],(#F-1.#c1.C-1.B-2)[NO],A-1[MO],c1[L],(#F-1.#f.e1.b.#c1.a)[O],A-1[MNO],(D-1.#C-1.c1.#G-1.a)[O],A-1[O],(#f.#F-1)[MN],#c1[MNO],e1[O],(a.#F-1.c1)[O],(B-2.g.#F-1)[N],A-1[MO],(#c1.C-1.#F-1)[O],(b.B-1.e.E-1)[LMNO],(#F-1.#c1)[L],(B-1.g.c1.#C-1.e.#G-1)[O],(b.E-1)[LMO],e1[O],b[O],(e.#c1.#f1.#F-1.d1)[O],(D-1.g)[MNO],#c1[O],(#F-1.g.C-1)[N],E-1[LNO],g[N],#c1[O],#F-1[MN],(g.e.B-1)[O],(c1.e1)[O],(b.#G-1.#C-1.g)[O],(E-1.d1)[LMN],(g.e1)[O],(#F-1.a.#f)[MNO],#c1[O],(A-1.b.#F-1.C-1)[O],#F-1[LMN],(#c1.e1)[O],(a.A-1.b.#f.#F-1)[L],(#G-1.c1.#C-1)[O],(A-1.#F-1)[LMN],(#c1.#f.b)[O],(#F-1.e1)[O],a[MNO],(#F-1.C-1)[O],(D-1.A-1)[LMO],e1[O],a[O],(b.#F-1)[O],(#c1.A-1)[MNO],(#f.e1.a.#C-1)[O],(D-1.#G-1.A-1.c1)[LMO],e1[O],(a.g.#F-1)[N],(D-1.#c1)[MN],b[O],(#F-1.#c1.C-1)[O],(E-1.B-1.e.g)[LMN],#F-1[O],#c1[L],(#C-1.a.#G-1)[O],(E-1.c1.B-1.e.g.b.e1)[LMN],(e1.b.#F-1)[O],(b.#f1.#c1)[O],(d1.D-1.g)[MNO],(#F-1.C-1)[O],E-1[O],E-1[LMO],(a.g)[O],(e.#F-1)[O],#c1[MNO],(B-1.e.#C-1)[O],(#G-1.e1.E-1.c1.b.g)[O],d1[LMN],#c1[O],(#F-1.e1.E-1)[N],#F-1[MO],C-1[O],(b.A-1.#c1.#f.#F-1.a)[LMNO],#F-1[O],(e1.#c1.b.a)[O],#f[O],A-1[MN],(#G-1.#C-1.c1)[O],#F-1[LMN],(b.#c1)[O],(#F-1.A-1.e1.a)[O],#f[MN],#F-1[O],(C-1.#c1)[LMN],e1[O],(a.#f)[O],(#F-1.b.#c1)[L],(B-2.#C-1.A-1.#f.e1.b.a.c1.#G-1)[LMN],e1[O],(#f.b)[O],(#F-1.D-1.d.a.#c1)[L],(#F-1.E-1.g.#c1.C-1.b)[O],(e.B-1)[LMNO],(#F-1.E-1.#c1)[L],(#G-1.#C-1.c1.E-1)[O],#d[O],(g.b.e1)[LMN],(#f1.#F-1.d1.g.e1)[O],(D-1.e.b.#c1)[O],g[O],e[MO],(#F-1.C-1.#c1)[N],(E-1.B-1)[LMN],(#F-1.g.E-1.#c1)[L],(#C-1.#G-1)[O],(b.B-1.E-1.c1)[O],(g.e.b.e1)[LM],B-1[N],#F-1[O],(e1.a.#f.#c1)[O],e[MN],(#F-1.C-1)[O],#c1[O],b[O],A-1[LMO],(#F-1.e1)[O],(#c1.b.a.#F-1)[O],(#f.#F-1)[O],A-1[MO],(#C-1.#G-1)[O],c1[N],(#F-1.A-1)[LMO],(#F-1.b.#c1)[O],(e1.#F-1.a.#f)[O],A-1[MN],(#F-1.c1)[O],(C-1.#F-1)[N],#F-1[O],A-1[M],#c1[MNO],#F-1[O],(e1.a.#F-1.c1.b.#f)[N],A-1[MN],#C-1[O],(#G-1.#f.#c1.e1.D-1.a)[O],(#F-1.#f)[O],A-1[LMO],(#F-1.a.#c1)[O],g[O],d[MN],(#F-1.C-1)[O],(b.B-1)[O],(#c1.e.E-1)[LMN],#F-1[O],(b.#c1)[MNO],#C-1[O],(c1.#G-1)[O],(g.E-1.e.d1.b.e1)[LMNO],(#f1.#c1.e1.a.#F-1.d1.g)[O],(e.D-1)[O],(g.e)[O],B-1[MO],#c1[O],(#F-1.b.E-1.C-1)[O],(E-1.B-1)[LMO],g[O],(b.#F-1.#c1)[O],E-1[MNO],(#C-1.a)[O],(#G-1.e.g.c1.E-1)[O],e1[LMN],#F-1[O],(b.E-1.#c1.e1.#F-1)[L],(#F-1.C-1.c1.#f.A-1)[O],a[MNO],#c1[MNO],#F-1[O],(c1.#F-1.e1.a.b.A-1)[O],#f[MN],#C-1[O],(#c1.#G-1)[O],(a.#F-1)[O],A-1[MO],c1[L],#c1[O],(e1.#F-1.a.#f.b)[N],A-1[MO],#F-1[O],(c1.C-1.B-2)[NO],A-1[MO],#c1[MN],e1[O],(b.#F-1.a)[O],(#f.c1.e1.B-2)[O],(A-1.b)[MNO],(#G-1.#C-1.#c1.B-2.a)[O],(e1.A-1.b.#f.#F-1)[LMN],(e1.b)[O],(#c1.#F-1.a.D-1)[O],#F-1[O],A-1[MN],(c1.b.#F-1.C-1.B-1.E-1)[O],(e.g)[LMN],#c1[O],(#F-1.b)[MNO],#c1[O],(B-1.a.#C-1.#G-1.b)[O],(E-1.e.g)[LMO],e1[O],(b.g)[O],(e.#f1.#F-1.c1.d1)[N],a[MN],(#F-1.#c1)[O];"],"id":1,"instruments":["piano","piano"],"alternatives":["",""]},{"bpm":189,"baseBeats":0.375,"scores":["mute[MN],mute[LNO],mute[MN],mute[MN],mute[LMO],mute[LN],mute[LMNO],mute[LN],mute[LMN],mute[LN],mute[LMN],mute[LN],mute[LMN],mute[LN],mute[LMN],mute[LN],mute[LMN],mute[LN],mute[LMN],mute[LN],mute[KN],5<VW>,mute[LMN],mute[LN],mute[LMNO],mute[MN],mute[MN],mute[MN],mute[MN],mute[LO],mute[L],mute[MN],mute[LN],mute[K],mute[LN],mute[LMN],mute[LN],mute[LMN],mute[LN],mute[LM],mute[MN],mute[MN],mute[LMO],mute[MN],mute[MN],mute[LMO],mute[MN],mute[MN],mute[MN],mute[MN],mute[LNO],mute[LMO],mute[LN],mute[LMN],mute[LN],mute[LMN],mute[LNO],mute[LMN],mute[LN],mute[LMO],mute[LNO],mute[LMN],mute[LNO],mute[LMO],mute[LO],5<VW>,mute[L],mute[MN],mute[MN],mute[MN],mute[MN],mute[LNO],mute[LMN],mute[LO],mute[LMN],mute[MN],mute[MN],mute[LM],mute[LN],mute[K],mute[L],mute[K],mute[LN],mute[LM],mute[MN],mute[MN],mute[LMO],mute[LNO],mute[LM],mute[MN],mute[MN],mute[LMN],mute[LN],mute[LMO],mute[LNO],mute[LMN],mute[LN],mute[LMN],5<VW>,mute[MN],mute[MN],mute[MN],mute[MN],mute[LNO],mute[L],mute[L],mute[LO],mute[MN],mute[LN],mute[L],mute[MN],mute[LN],mute[LMNO],mute[LN],mute[KN],5<VW>,mute[LMO],mute[LNO],mute[LM],mute[MN],mute[MNO],mute[LM],5<VW>,5<VW>,mute[LMO],mute[MN],mute[MN],mute[LNO],mute[MN],mute[MN],mute[LMO],mute[LN],mute[LMNO],mute[LO],mute[LMNO],mute[LN],mute[LMN],mute[LN],mute[LMN],mute[MN],mute[LN],mute[L],mute[LNO],mute[LMN],mute[MNO],5<VW>,mute[MN],mute[MN],mute[MN],mute[MN],mute[MN],mute[L],5<VW>,mute[LMN],mute[LN],mute[LMO],mute[MN],mute[MNO],mute[LNO],mute[LNO],mute[LMN],mute[LN],mute[LMN],mute[LNO],mute[LMO],mute[LNO],mute[LMO],mute[LNO],mute[LMNO],mute[LO],mute[LMN],mute[LN],mute[LMN],mute[LNO],mute[LMO],mute[LN],mute[LMNO],mute[MN],mute[MN],mute[MN],mute[MNO],mute[L],mute[L],mute[L],mute[L],mute[L],mute[L],mute[L],mute[L],mute[MN],mute[LNO],mute[LMN],mute[LN],mute[LMNO],mute[LO],mute[L],mute[MN],mute[MN],mute[MN],mute[MN],mute[MN],mute[LN],mute[L],mute[MN],mute[LN],mute[LMN],mute[LN],mute[L],mute[MN],mute[MN],mute[MN],mute[MN],mute[MN],mute[LN],mute[L],mute[MNO],mute[L],mute[MN],mute[MN],mute[MN],mute[MNO],mute[L],mute[MN],mute[MN],mute[MN],mute[LMO],mute[LO],mute[L],mute[L],mute[L],mute[MN],mute[MN],mute[MN],mute[MN],mute[MN],mute[MN],mute[MN],mute[MN],mute[MN],mute[MN],mute[MN],mute[MN],mute[L],mute[L],mute[L],mute[L],mute[L],mute[LO],mute[LO],mute[MN],mute[MN],mute[MN],mute[MN],mute[MN],mute[LO],mute[L],mute[MN],mute[MN],mute[MN],mute[MN],mute[MN],mute[MN],mute[MN],mute[MN],mute[MN],mute[MN],mute[LNO],mute[L],mute[MN],mute[MN],mute[MN],mute[MNO],mute[L],mute[MN],mute[MN],mute[MN],mute[MN],mute[MN],mute[MN],mute[MN],mute[MN],mute[MN],mute[MN],mute[MN],mute[MN],mute[MN],mute[MN],mute[MN],mute[MN],mute[MN],mute[MN],mute[MN],mute[MNO],mute[L],mute[MNO],5<VW>,mute[MN],mute[MN],mute[MN],mute[LN],mute[LMNO],mute[LN],mute[LMN],mute[LN],mute[LMN],mute[LNO],mute[LNO],mute[MN],mute[MNO],mute[LMN],mute[LNO],mute[LM],mute[MN],mute[MN],mute[LMO],mute[LN],mute[LMO],mute[LN],mute[LMNO],mute[LO],mute[LMN],mute[MN],mute[MN],mute[LMN],mute[LO],mute[LMNO],mute[LO],mute[LMNO],mute[LN],mute[LMO],mute[MN],mute[MN],mute[MN],mute[MN],mute[LN],mute[LMO],mute[LN],mute[K],mute[L],mute[LMN],mute[MN],mute[MN],mute[MN],mute[MN],mute[MN],mute[MN],mute[LMO],mute[LN],mute[LMN],mute[LNO],mute[LMN],mute[LN],mute[LMO],mute[LNO],mute[LMO],mute[LNO],mute[LMN],mute[LN],mute[K],mute[LO],mute[LMO],mute[LN],mute[LMNO],mute[LO],mute[LMNO],mute[LN],mute[LMN],mute[LO],mute[L],mute[L],mute[L],mute[L],mute[L],mute[LO],mute[LMNO],mute[LN],mute[LMO],mute[LNO],mute[LMN],mute[LN],mute[LM],mute[MN],mute[MNO],mute[LMO],mute[LNO],mute[LMO],mute[MN],mute[MN],mute[LNO],mute[LNO],mute[LMN],mute[LN],mute[LMN],mute[LN],mute[LMN],mute[LNO],mute[LMN],mute[LO],mute[LMNO],mute[LN],mute[LMN],mute[LNO],mute[LMO],mute[L];","(C-1.g)[MN],E-1[LNO],g[N],(b.#c1)[O],#F-1[MN],(g.B-1.e.E-1.b)[O],(c1.e1)[O],(#C-1.#G-1.a)[O],E-1[LMO],g[O],(#c1.E-1)[O],(#F-1.e1.a)[MNO],(b.#c1)[O],(A-1.#F-1.C-1)[LMNO],(#f.e1.b.a.A-1)[O],(#c1.#F-1)[MNO],#G-1[O],(#C-1.c1.a)[O],(A-1.#F-1)[LMN],(e1.b.a.#c1)[O],(#f.#F-1)[MNO],(#c1.E-1)[O],(C-1.#F-1.B-2)[O],A-1[LMN],(e1.a.#f.#c1)[O],(#F-1.b.B-2)[O],A-1[MN],(a.b)[O],(#C-1.c1.e1.B-2.#G-1)[O],A-1[LMN],(e1.g.b.#F-1.D-1.a)[N],#c1[MNO],(#c1.#F-1.C-1.B-1.E-1.b)[O],(e.g)[LMN],#F-1[O],#c1[MNO],#C-1[O],(#G-1.E-1.#d.a.B-1.c1.#c1)[O],(e1.g)[LMN],(e1.b.#F-1.#f1.d1)[O],(b.e)[O],g[MNO],(C-1.#F-1.#c1)[O],E-1[LMN],(a.#f1.e.#c1)[O],(#F-1.d1.g)[MNO],(e.B-1.g)[O],(#C-1.E-1)[O],(c1.#G-1.e1)[LMN],(#c1.b)[O],(e1.#F-1.E-1)[NO],#F-1[M],b[O],(C-1.#c1.A-1.#f)[O],(#F-1.a)[LMN],b[O],(#c1.e1.#F-1)[O],(b.#F-1.a)[O],#f[O],A-1[MO],(#G-1.#C-1)[O],(c1.#F-1)[LMNO],(#c1.b)[O],(A-1.#F-1.e1.a.#f)[MNO],(#F-1.c1)[O],(C-1.D-1)[MNO],#c1[MN],e1[O],a[O],(c1.#f.e1.b.#F-1)[L],(#C-1.A-1.#c1.a.#f)[O],(D-1.e1.b.#G-1)[L],c1[MN],(#f.e1)[O],(#F-1.b.a)[O],(B-2.#c1)[MNO],#F-1[O],(C-1.b.d1.E-1.g.e.#c1.B-1)[K],(#F-1.#c1)[MNO],d1[O],(c1.E-1.#G-1.#C-1)[O],e[O],(e1.b)[LMN],(#F-1.b.#c1.#f1.e1.g.d1)[O],b[O],(g.e)[MO],#F-1[O],(C-1.d1.b.#c1)[N],(E-1.B-1)[LMO],#F-1[O],(b.d1.E-1.g.#c1)[L],(#C-1.#G-1.b.d1.B-1.E-1)[O],(g.e.c1)[O],(b.e1)[LM],B-1[O],d1[O],(#F-1.#c1.b.E-1.e1)[O],#f[O],e[MN],(#F-1.a.C-1.#c1)[N],(#F-1.A-1)[LMO],#c1[O],(#F-1.b)[O],(e1.a.#f)[O],(#F-1.A-1)[MO],(#f.a.#C-1)[O],(c1.#G-1)[N],#F-1[O],A-1[LMO],(#F-1.#c1.b)[O],(e1.a.#f)[O],A-1[MN],#F-1[O],(C-1.#c1.D-1)[NO],A-1[MO],c1[MN],#F-1[O],(e1.a.b.#c1.#f)[N],A-1[MO],#C-1[O],(c1.#G-1)[O],(#f.a.D-1.e1)[O],(b.#F-1.#f)[O],A-1[LMO],(#F-1.#c1)[O],(g.D-1)[O],d[MN],(#F-1.C-1.#c1)[O],(d1.b.B-1)[O],(e.E-1)[LMN],(b.d1.#c1.#F-1)[L],#C-1[O],(b.d1.c1.#G-1.E-1)[O],(e.b.e1)[LMN],(b.#f1)[O],(e1.d1.#c1.#F-1.g)[O],b[O],(g.e)[O],B-1[MO],#c1[O],(#F-1.C-1.E-1)[O],(E-1.B-1)[LMO],g[O],(d1.b.#c1.#F-1)[L],#C-1[O],(#G-1.c1.E-1.e.b.g)[O],e1[LMO],(d1.b)[O],(#c1.#F-1)[O],(e1.#F-1.E-1)[MNO],(#F-1.#c1)[O],(C-1.#f.A-1.#F-1)[O],a[LMN],(#c1.#F-1)[O],(b.e1.a.#f.A-1)[MNO],(#C-1.c1)[O],#G-1[N],A-1[LMO],(b.#c1)[O],(#F-1.e1.a.#f)[O],A-1[O],#d[MO],(e.c1.#F-1)[O],C-1[NO],A-1[NO],#c1[L],(e1.c1.b)[O],(#F-1.a)[O],(#f.e.e1)[O],A-1[MN],(#c1.e)[O],(#G-1.#C-1.e1.a.#c1)[O],(A-1.#f.#F-1)[MN],c1[O],d[MN],e1[O],(#c1.a.B-1.#F-1)[O],(g.#F-1)[N],A-1[MN],(d1.b.E-1.#F-1.C-1.B-1.e)[O],#c1[LMN],(b.#F-1)[O],#c1[MNO],B-1[O],(e.c1.#C-1.#G-1.g.E-1.d1.b)[LMN],(e1.b)[O],(#f1.#c1.d1)[O],(e.#F-1.g.D-1)[MNO],#c1[O],(#F-1.g.C-1)[N],E-1[LM],g[O],(d1.b)[O],(#c1.#F-1)[MN],(e.B-1.b.g)[N],(e1.b.g.c1.e.#G-1.#C-1.d1.E-1)[LMNO],(g.e1.b.d1)[O],(#c1.E-1.#F-1.#f)[L],(A-1.#F-1.#c1.a.C-1)[LMNO],b[O],(e1.#c1.a.#f.A-1.#F-1)[L],(a.#f.#G-1.#C-1.c1)[O],A-1[O],#F-1[LM],b[O],a[O],(e1.#c1.#F-1.a)[O],#f[MNO],(D-1.#F-1.C-1)[N],A-1[LMO],b[O],(e1.#c1.a.#f.#F-1)[O],A-1[MNO],(#c1.a.e1.D-1.#C-1)[O],(c1.#G-1)[O],A-1[LM],e1[O],g[O],(a.#F-1.b.#c1)[O],D-1[MNO],(#F-1.C-1)[O],(b.B-1.d1.#c1.E-1.e)[O],g[LMN],(#F-1.#c1)[L],(#C-1.e.E-1.c1.#G-1)[O],(d1.B-1.e)[O],(b.e1.g)[LMO],e1[O],(#F-1.#c1.#f1)[O],(D-1.g)[MNO],(b.d1.#F-1.#c1.C-1)[N],E-1[LMN],(g.e.#F-1.#c1)[L],(d1.b.B-1.e.#C-1)[O],(c1.E-1.g.e1.#G-1.b)[O],d1[LMN],d1[O],(b.#F-1.#c1.E-1.e1)[NO],#F-1[M],C-1[O],(A-1.#F-1.#f.c1)[O],a[MNO],#c1[MNO],(a.#F-1)[O],(c1.e1)[O],(a.b.#f)[O],A-1[MO],(a.#f)[O],(#C-1.#G-1.#c1)[O],#F-1[MNO],c1[L],(b.e1.a.#f.#c1.#F-1.A-1)[MNO],#F-1[O],(C-1.B-2.c1)[LO],#c1[MO],e1[O],(b.a.#f.e1)[O],(#F-1.c1)[MNO],A-1[O],(#f.#C-1.e1.a)[O],(#G-1.#c1.B-2)[L],c1[MO],e1[O],#f[O],#F-1[O],(#c1.D-1)[MNO],(#F-1.E-1.C-1.b)[O],(B-1.e.#c1)[LMNO],#F-1[O],#c1[MNO],(E-1.#C-1.#G-1)[O],(c1.e)[O],(e1.b)[LMN],(#c1.#F-1.D-1)[O],(g.e1.b)[O],g[O],e[M],#F-1[O],(C-1.d1.#c1.#f1.b)[N],(E-1.B-1)[LMO],#F-1[O],(g.#c1)[MNO],#C-1[O],#G-1[O],(E-1.c1.B-1.g.e.d1)[O],(b.e1)[LM],B-1[O],(#f1.d1.b)[O],(#c1.#F-1)[O],#f[O],e[MN],(#F-1.#c1.a.e1.C-1)[N],#F-1[O],A-1[LM],(d1.g.b)[O],(#F-1.#c1)[O],(e1.b)[N],(#F-1.A-1)[M],#C-1[O],(#f.a.c1)[O],#G-1[N],(#F-1.A-1)[LMO],(#F-1.#c1.e1.b)[O],(a.#F-1.#f)[O],A-1[MN],(a.#f.#F-1.#c1)[O],(C-1.D-1)[NO],A-1[LNO],#F-1[O],(e1.b.a)[O],(#f.#c1)[O],A-1[MO],#C-1[O],(#f.e)[O],(c1.a.#G-1.b.e1.D-1.#F-1)[O],#f[O],A-1[LMO],(#F-1.B-2)[O],(#c1.a.#f.d)[MNO],#F-1[O],(C-1.b.#c1.g.B-1.E-1)[O],e[LMNO],(#F-1.#c1)[L],(#C-1.E-1.c1.#G-1.e)[O],(b.e1)[LMNO],(e1.g.d1.#F-1.D-1)[O],b[O],(g.e)[O],B-1[MO],(E-1.#f1.b.d1.#F-1)[O],C-1[O],(#c1.B-1.E-1)[LMN],(g.#c1.#F-1)[L],(#C-1.#G-1.g)[O],(E-1.b.e.g.c1.#f1.d1)[O],e1[LMN],(b.e1.#F-1)[O],(#c1.E-1)[O],#F-1[MN],(C-1.#F-1)[O],(A-1.#F-1.c1.#f)[O],a[MN],#c1[L],(#F-1.c1)[O],(e1.b.a)[O],(A-1.#f)[MN],(#C-1.#c1.#G-1)[N],#F-1[O],A-1[LMN],(b.#c1.#F-1.e1.a.#f)[O],A-1[MN],(#F-1.c1)[O],C-1[N],#F-1[O],A-1[M],#c1[MNO],e1[O],(b.c1.#F-1.a)[O],#f[O],A-1[MNO],(b.#G-1.#C-1.#c1.a.e1)[O],(B-2.A-1.#f.#F-1)[MNO],c1[MNO],(e1.b.#F-1)[O],(#c1.D-1)[O],#F-1[N],A-1[M],c1[O],(C-1.b.#F-1.g.B-1)[O],(e.E-1)[LMN],#F-1[N],#c1[MN],B-1[O],(#C-1.E-1.e.b.c1.#G-1)[O],g[LMO],e1[O],(b.e)[O],(#c1.D-1.d1.#F-1)[O],g[MNO],(#f1.d1.b.E-1)[O],(#c1.#F-1.g.C-1)[N],E-1[LNO],g[NO],(#F-1.#c1)[MN],(b.B-1.e.g)[O],(e1.E-1)[O],(#C-1.#G-1.g.c1.d1)[LMN],(g.d1.#f1)[O],(#c1.b)[O],(E-1.#F-1)[MNO],(#c1.e1.a)[O],(#F-1.A-1.C-1)[LMN],(b.g.d1)[O],(#c1.e1.A-1)[O],#F-1[MNO],(#f.a.c1.#G-1)[O],(#C-1.A-1)[O],#F-1[LMO],(b.#c1)[O],(#f.e1.a)[O],(E-1.#F-1)[MNO],(a.#f.#c1)[O],(#F-1.C-1.D-1)[O],A-1[LMO],e1[O],(c1.a)[O],(#f.#F-1.A-1)[MNO],(b.e)[O],(#f.#C-1.D-1.#c1.e1.a.#G-1)[O],A-1[LMO],(b.g)[O],(e1.c1.#F-1)[O],(#f.a.#c1.D-1)[L],(#F-1.C-1.#c1.b.B-1.E-1.e)[O],g[LMN],(#c1.#F-1)[LO],(#C-1.#G-1.E-1.c1.e.B-1)[O],(e1.b.g)[LMN],e1[O],(#F-1.d1.#c1.b.D-1)[O],g[MNO],(C-1.#F-1.d1.b.#f1)[N],E-1[LMO],g[O],(e.E-1.#F-1)[O],#c1[MNO],(e.B-1.#C-1)[O],(b.g.e1.E-1.#G-1.c1.d1)[LMNO],(b.e1.#c1.E-1)[O],#F-1[N],#F-1[MO],(C-1.#G-1.#c1)[O],(#f.A-2.a)[O],(b.e1)[MNO],#c1[MNO],A-2[O],#c1[L],(#c1.B-2)[L],#c1[MNO],D-1[O],#c1[L],E-1[O],c1[MN],#F-1[O],c1[L],A-1[O],c1[MNO],(c1.A-1)[L],(B-1.c1)[MNO],e[O],c1[MNO],(E-1.#F-1.C-1)[O],(e1.e.#c1)[O],(g.d1.b)[LMN],#F-1[O],#c1[MNO],(a1.#f.E-1.c1.#C-1.e1)[O],(#G-1.b)[O],d1[LMN],(B-1.d1.b.g)[O],(#F-1.#f1.#c1)[L],(#F-1.#c1.#f1)[O],C-1[L],g1[MN],e[O],(#c1.g1.#F-1)[MNO],(#f.c1)[O],(a1.#G-1.#C-1.g1)[NO],(e.d1)[MN],a1[MN],a1[O],(e1.#F-1.#c1.b.E-1)[O],a[MNO],(#F-1.#c1.a1)[O],(C-1.#F-1)[L],#f1[MN],(b.e1.a)[O],(#c1.#f1)[O],#F-1[MNO],(c1.#G-1.#f1.#C-1)[O],(#f.a1.#c)[LMN],(#c1.b.g1)[O],(a.#F-1)[O],#f[MNO],g1[O],(C-1.#F-1)[L],e1[MNO],(#c1.#F-1)[O],(#c.e1.a)[MN],e1[O],(c1.#C-1)[O],(#G-1.a.#f.a1)[MNO],#f1[MNO],(e1.#c1.#f1)[O],(b.#F-1)[O],g[MNO],(#c1.E-1.#F-1)[O],(d1.e.#f1.C-1.g)[L],g1[MN],(#F-1.g1)[O],(#c1.E-1)[L],(g1.#C-1.c1.B-1.a1)[O],(#f.#G-1.g.d1)[O],#f1[MNO],a1[MNO],(a1.#F-1.#c1)[O],(#f1.d1)[O],(e.g)[MN],(a1.#F-1)[O],(C-1.#c1)[L],b1[MNO],b1[O],(#F-1.#c1.B-1)[MNO],a1[O],(#C-1.b1.#f.c1.#G-1)[N],(d1.#f1)[LMO],#c1[O],(a1.E-1.#F-1.e1)[N],a[MN],(#G-1.C-1.#c1.#D-1.b1.A-2)[L],(#D-1.#c1)[MN],e1[O],#c1[O],(#D-1.a.A-2)[L],(#G-1.#D-1.#c1.#f.a1.A-2)[N],#c1[MO],#c1[O],#D-1[MNO],(e1.#D-1.#c1)[O],(a.A-2)[MNO],#c1[O],(A-1.C-1.#G-1.a)[O],B-2[MN],c1[O],A-1[MNO],(c1.#f1)[O],(e1.#c1.D-1.a)[MNO],c1[O],(F-1.#f.a1.#G-1.E-1)[MNO],c1[O],F-1[MNO],c1[O],(D-1.b)[O],g[MNO],(#c1.#F-1.C-1.e2)[O],(E-1.e)[O],(d1.g.b)[MN],e2[L],(#c1.#F-1.e2)[L],(c1.a1.#D-1.#f.#G-1.e2)[O],E-1[O],d1[MN],e2[L],(C-1.#F-1.#c1.b.D-1)[O],(d1.e2.g)[O],e[MN],(#F-1.E-1)[O],(#c1.e2)[LO],e2[MN],(#F-1.C-1.#c1)[O],e2[MNO],(c1.#G-1.#f.#D-1.E-1)[O],(a1.e2)[O],(e.g.d1)[O],e1[MNO],e2[MN],(#F-1.D-1)[O],(#c1.b)[O],(e2.e1)[O],a[MO],#F-1[O],(#c1.#F-1.C-1.e2)[L],e2[MNO],(b.e1.#F-1.#c1)[O],(e2.a)[MNO],(c1.a1.#G-1.#f)[O],(e2.#F-1)[O],(#D-1.#f)[O],e1[MO],e2[MNO],b[O],(e1.#F-1.C-1.#c1.a.e2)[O],(#F-1.#f)[MNO],(#F-1.e2)[O],D-1[MNO],e2[MNO],#F-1[O],(#c1.b.e2)[O],(C-1.e1.a)[MNO],(c1.e2.#G-1)[O],(#D-1.a.a1.#f)[O],(b.D-1.e1)[MN],e2[L],(#F-1.#c1.e2.b)[O],g[O],D-1[MN],(#F-1.e2.e.#c1.b1.g)[O],(d2.d1.#f1)[O],(E-1.C-1)[MN],e2[O],(#c2.a1)[MNO],#F-1[O],(#c1.e2.g1.b1)[L],(e2.c1.#f.a1.#c2.#G-1)[O],(e.E-1.#D-1.d1)[O],#f1[MN],(g1.e2.b1)[MNO],e2[O],(#c1.C-1.#F-1)[O],(#f1.a1.d1)[O],g[MO],e[O],(e2.b1.g)[O],(g1.#F-1.#c1.d1.E-1)[MNO],e2[O],(a1.#f1)[MNO],(#c1.e2.#F-1.C-1)[O],(e1.g1.E-1)[MNO],(#D-1.c1.g)[O],(#G-1.e2.d1.a1.#f1.#f.E-1)[MNO],e2[O],(g1.e1)[MO],e1[N],(e2.#c1.#F-1)[O],(E-1.#f1.d1)[MNO],(e2.c1)[O],(C-1.#F-1.a.g1.A-2.e1)[MNO],e2[O],(#c1.d1.#f1)[MNO],(e2.c1.#F-1)[O],(a.#c1.e1.A-2)[O],A-1[MN],e2[O],(#c1.#G-1.d1.#f1.A-2.#D-1)[O],(#f.a1)[MN],e2[O],(c1.#c1)[MN],e1[N],(e2.#F-1.#c1.A-1.d1.C-1.b)[O],A-2[MNO],(#F-1.e2.B-2.c1.e1.#c1)[L],(d1.#c1.e2)[O],b[MN],e1[O],(#F-1.#c1.C-1.e2.D-1.c1)[O],a[M],#f1[NO],(a.#G-1.E-1.A-1.d1.e2)[O],(#f.#f1.#c1.b)[O],e1[MN],(#c1.e2)[O],(c1.a)[MNO],(#F-1.a.D-1.b)[O],(#c1.g)[MNO],(E-1.#F-1.C-1)[O],(b.#c1.B-1.e)[LMNO],(#F-1.#c1)[L],(#f.#C-1.#G-1)[O],(e.E-1.c1)[O],(b.e1)[LMN],(#f1.d1.E-1.g.#F-1)[O],(e1.#c1)[O],(b.g)[O],e[MN],(#F-1.C-1)[O],(E-1.B-1)[LMN],(b.g.#c1)[O],#F-1[MNO],(c1.b.#f)[O],(#C-1.#G-1.E-1.B-1)[O],(g.e.d1.b)[O],e1[LNO],B-1[N],#c1[O],(e1.a.#F-1.#f)[O],e[MN],(#c1.b)[O],(#F-1.C-1)[O],#F-1[O],A-1[LMN],(e1.b.#c1.a.#F-1)[N],A-1[MN],(#F-1.#G-1.#C-1.#f.c1)[N],#F-1[O],A-1[LM],b[O],(e1.#c1.#f.a.#F-1)[O],A-1[MNO],(#F-1.C-1)[O],B-2[N],A-1[LMO],(e1.#f.#c1.b.#F-1.a)[O],A-1[MNO],(c1.#f.#C-1.a)[O],(#G-1.B-2.b.#F-1.#f)[O],A-1[LMO],(b.#F-1)[O],(g.#c1.D-1.a)[O],d[MNO],(#c1.#F-1.C-1.B-1)[O],(E-1.e.b)[LMN],#F-1[O],(#c1.b)[L],(#C-1.c1.E-1.#G-1.#f)[O],(e.a.b.e1)[LMN],#F-1[O],(#f1.b.e1.d1)[O],(g.#c1.D-1.b)[O],g[O],(e.B-1)[MO],(C-1.#F-1)[O],(E-1.#c1)[N],(B-1.E-1)[LMO],(g.a)[O],(#F-1.#c1)[L],(#C-1.#f.E-1.e.#G-1.c1.g.d1)[O],e1[LMNO],(e1.b.E-1.#F-1.#c1)[O],#F-1[MNO],(C-1.A-1.#F-1.#c1.#f)[O],a[LMNO],(#F-1.b.e1.#c1.a)[O],A-1[MNO],(#G-1.#C-1.c1.#f)[O],#F-1[O],A-1[LMO],b[O],(e1.#F-1.a.#f.#c1)[N],A-1[MO],#F-1[O],(#c1.C-1.B-2)[NO],A-1[MO],#c1[MN],e1[O],a[O],(#F-1.b.#c1.#f)[O],A-1[MNO],(b.#C-1.e1.a.#G-1.c1.#f.B-2)[O],(A-1.#f.#F-1)[LMO],e1[O],a[O],(#F-1.c1.D-1)[O],(g.#F-1)[O],A-1[MN],(b.#c1.#F-1.C-1.E-1.e.B-1)[LMNO],(#c1.b)[O],#F-1[L],(#f.B-1.g.a.c1.e.#G-1.#C-1.E-1.b)[LMN],e1[O],(b.e)[O],(#c1.#F-1.#f1.g.d1)[O],D-1[MNO],(#F-1.C-1.c1)[O],g[N],E-1[MO],#c1[MN],g[N],(#F-1.c1.E-1)[O],a[MN],(B-1.e)[O],(#C-1.#G-1.e1.#f.#c1)[O],(E-1.g)[O],d1[LMO],(b.g)[O],(#F-1.#c1.e1)[O],(#f.a.E-1)[MNO],(C-1.#F-1.c1.A-1)[O],#F-1[LMN],b[O],(#c1.#F-1.A-1)[O],(#F-1.e1.a)[MNO],(#C-1.c1)[O],(#G-1.#f.A-1)[O],#F-1[LMN],(b.#F-1)[O],(#c1.#F-1.e1.a)[O],#f[MN],#F-1[O],(#c1.C-1.B-2)[O],A-1[LMO],(e1.#F-1)[O],(#f.#c1.b)[N],A-1[MO],#C-1[O],(#G-1.a)[O],(e1.b.c1.#f.B-2)[O],A-1[LMO],e1[O],(g.a.#F-1.#c1.D-1)[O],d[MNO],(#F-1.b.C-1.#c1)[O],(E-1.B-1)[O],(e.g)[LMN],#F-1[O],(#c1.b)[MNO],(#C-1.E-1)[O],(a.#f.E-1.c1.#G-1)[O],(#d.B-1.b.e1.g)[LMN],(e1.#f1)[O],(#c1.b.d1.E-1.#F-1)[O],(g.e)[L],(#F-1.C-1)[O],E-1[LMO],(g.e)[O],(#c1.#F-1.a)[O],E-1[MNO],(e.B-1.#C-1)[O],(#G-1.c1.E-1.e1.#f.g.e)[LMNO],(#c1.b.#F-1)[O],(E-1.e1)[N],#F-1[MO],#F-1[O],(C-1.#f.#c1.A-1.a.A-2)[LMNO],#F-1[O],(e1.#c1.b.a)[O],#f[O],A-1[MO],#C-1[O],(#G-1.c1.A-2)[O],#f[LMN],(#c1.b)[O],(#F-1.e1.A-1.a.#f)[MNO],#F-1[O],(c1.C-1.B-2)[L],#c1[MN],e1[O],(a.#F-1.#f)[O],(c1.b.B-2)[L],(A-1.#c1.#G-1.#C-1.a.B-2.#f.e1)[L],c1[MN],(e1.b)[O],(#f.D-1)[O],(#F-1.#c1.a)[L],(C-1.#F-1.E-1.b)[O],(B-1.e.#c1)[LMN],b[O],(#F-1.#c1)[L],(#C-1.#f.c1.#G-1.E-1)[O],(d1.e)[O],(g.b.e1)[LMO],a[O],(#f1.E-1.#F-1.d1.g.#c1.e.e1)[N],g[O],e[MO],(b.#F-1)[O],C-1[O],(E-1.B-1)[LMN],(b.g.#c1)[O],#F-1[MNO],(#f.#G-1.#C-1.c1.b)[O],(B-1.g.e.E-1)[O],(b.e1)[LM],B-1[N],(#c1.e1.#F-1)[O],a[O],e[MN],(b.#c1.#F-1)[O],C-1[O],#F-1[O],A-1[LMO],#c1[O],(#F-1.e1.b.a)[O],A-1[MN],(#F-1.#G-1.#C-1.c1)[O],#f[O],(a.#F-1)[O],A-1[LMO],(#c1.#F-1.e1)[O],(a.b.#f)[O],A-1[MN],#c1[O],(#F-1.C-1.D-1)[NO],A-1[LNO],e1[O],(b.a.#f.#c1.#F-1.e1)[O],b[O],A-1[MN],#C-1[O],(c1.a.#G-1.D-1.e1.#F-1)[O],(#f.b.A-1)[LMN],(a.#F-1)[O],(D-1.d)[O],#c1[MN],(b.#F-1)[O],(C-1.B-1.e.g.E-1)[O],#c1[LMN],(#F-1.b)[O],#c1[MNO],(#C-1.a)[O],(E-1.#G-1.#f.c1)[O],(g.e.e1)[LMN],(#F-1.#f1)[O],(#c1.b.e1.d1.D-1)[O],(b.a)[O],(g.e)[O],B-1[MO],(C-1.#F-1.E-1)[N],(E-1.B-1)[LMO],g[O],(#F-1.#c1)[L],(#C-1.#f.c1.#G-1)[O],(g.e.E-1.a.e1)[LMNO],(#c1.e1)[O],(E-1.#F-1.b)[MNO],C-1[O],(A-1.#F-1.#c1.#f)[O],a[LMN],(#c1.#F-1.e1.b)[O],(a.A-1)[MNO],(#C-1.#G-1)[O],(c1.#f.a)[O],#F-1[O],A-1[LMO],(#c1.e1.b)[O],(a.#f.#F-1)[O],A-1[MN];"],"id":2,"instruments":["piano","piano"],"alternatives":["",""]},{"bpm":189,"baseBeats":0.375,"scores":["mute[MN],mute[MN],mute[MN],mute[L],mute[LMO],mute[LNO],mute[L],mute[MN],mute[LO],mute[LMN],mute[MN],mute[MNO],mute[LNO],mute[LNO],mute[LMN],mute[LN],mute[LMNO],mute[LN],mute[LMN],mute[LN],mute[LMN],mute[LN],mute[LMN],mute[LN],mute[LMN],mute[LN],mute[K],mute[LO],mute[LMO],mute[LN],mute[LMNO],mute[LO],mute[L],mute[MN],mute[MN],mute[MN],mute[MN],mute[MN],mute[LN],mute[L],mute[MN],mute[LNO],mute[L],mute[MNO],mute[LO],mute[LMNO],mute[LN],mute[LMN],mute[LN],mute[LMN],mute[LN],mute[LM],mute[MN],mute[MNO],mute[LMO],mute[LNO],mute[LMO],mute[MN],mute[MN],mute[LM],mute[LNO],mute[LMO],mute[LN],mute[LMN],mute[LN],mute[LMN],mute[LNO],mute[LMN],mute[LN],mute[LMO],mute[MN],mute[LNO],mute[L],mute[MN],mute[MN],mute[MN],mute[MN],mute[MN],mute[LNO],mute[L],mute[MN],mute[MN],mute[MN],mute[MN],mute[L],mute[LMNO],mute[LO],mute[LMN],mute[MN],mute[MNO],mute[LNO],mute[LNO],mute[LMN],mute[LN],mute[LMO],mute[MN],mute[MN],mute[LMO],mute[LNO],mute[LMO],mute[LNO],mute[LMO],mute[LNO],mute[LMNO],mute[LO],mute[LMN],mute[LNO],mute[LMO],mute[LN],mute[LMNO],mute[LO],mute[LMNO],mute[LN],mute[LMNO],mute[L],mute[L],mute[L],mute[L],mute[L],mute[L],mute[LO],mute[LMNO],mute[LN],mute[LMN],mute[LN],mute[LMN],mute[LN],mute[LM],mute[MN],mute[MNO],mute[LM],mute[MN],mute[MNO],mute[LM],mute[MN],mute[MN],mute[LM],mute[LNO],mute[LMO],mute[LN],mute[LMN],mute[LN],mute[LMN],mute[LNO],mute[LMN],mute[LO],mute[LMN],mute[LNO],mute[LMO],mute[MN],mute[MN],mute[LMO],mute[MN],mute[MN],mute[MN],mute[MN],mute[MN],mute[MN],mute[MN],mute[MN],mute[LO],mute[K],mute[LO],mute[LMO],mute[MN],mute[MN],mute[LM],mute[LNO],mute[LMN],mute[LO],mute[LMNO],mute[LN],mute[LMNO],mute[LN],mute[LMO],mute[LNO],mute[LMO],mute[LNO],mute[LMN],mute[LN],mute[K],mute[L],mute[LMN],mute[LN],mute[LMN],mute[LN],mute[KN],5<VW>,mute[LMNO],mute[MN],mute[MN],mute[MN],mute[MN],mute[MN],mute[LO],mute[LN],mute[L],mute[LMNO],mute[LNO],mute[LMO],mute[LNO],mute[LMN],mute[LN],mute[LM],mute[MN],mute[MN],mute[LMO],mute[MN],mute[MN],mute[LMO],mute[MN],mute[MN],mute[LNO],mute[LNO],mute[LMN],mute[LO],mute[LMNO],mute[LN],mute[LMN],mute[LN],mute[LMN],mute[LN],mute[LMNO],mute[MN],mute[LN],mute[L],mute[MN],mute[LO],mute[L],mute[MN],mute[MN],mute[MN],mute[MN],mute[MN],mute[MN],mute[MN],mute[MN],mute[LN],mute[K],mute[L],mute[LMN],mute[MN],mute[MN],mute[LM],mute[LNO],mute[LMO],mute[LN],mute[LMN],mute[LNO],mute[LMO],mute[MN],mute[MN],mute[MN],mute[MN],mute[LNO],mute[LMO],mute[LNO],mute[LMNO],mute[LO],mute[K],mute[LO],mute[LMN],mute[LN],mute[KN],5<VW>,mute[LMN],mute[LN],mute[LMN],mute[MN],mute[MN],mute[MN],mute[MN],mute[LN],mute[L],mute[MN],mute[LN],mute[LMN],mute[LNO],mute[LMN],mute[LN],mute[LMN],mute[LNO],mute[LNO],mute[MN],mute[MNO],mute[LM],mute[MN],mute[MN],mute[LMO],mute[MN],mute[MNO],mute[LNO],mute[LNO],mute[LMO],mute[LN],mute[LMNO],mute[LO],mute[LMNO],mute[LN],mute[LMN],mute[LN],mute[LMNO],mute[LO],mute[LMO],mute[LNO],mute[LMN],mute[L],5<VW>,mute[MN],mute[MN],mute[L],mute[LMO],mute[LN],mute[LMNO],mute[LN],mute[LMO],mute[MN],mute[MNO],mute[LN],mute[MN],mute[MN],mute[LMN],mute[LN],mute[LMN],mute[LN],mute[LMN],mute[LN],mute[LMO],mute[MN],mute[MN],mute[LMO],mute[LNO],mute[LMN],mute[LN],mute[LMO],mute[LNO],mute[LMN],mute[LN],mute[LMN],mute[LN],mute[LMNO],mute[LN],mute[LMN],mute[L],mute[L],mute[L],mute[LO],mute[L],mute[MNO],mute[LN],mute[LMN],mute[LNO],mute[LMN],mute[LN],mute[LMO],mute[LNO],mute[LM],mute[MN],mute[MNO],mute[LM],5<VW>,5<VW>,mute[LM],mute[MN],mute[MNO],mute[LM],mute[LNO],mute[LM],mute[LN],mute[LMNO],mute[LN],mute[LMN],mute[LNO],mute[LMN],mute[LO],mute[LMNO],mute[MN],mute[LN],mute[L],mute[MN],mute[MN],mute[MN],mute[MN],mute[MN],mute[MN],mute[MN],mute[MN],mute[LN],mute[LMO],mute[LN],mute[LMNO],mute[LO],mute[LMN],mute[MN],mute[MNO],mute[LN],mute[MN],mute[MN],mute[LMN],mute[LO],mute[LMNO],mute[LN],mute[LMN],mute[LN],mute[LMO],mute[LNO],mute[LMO],mute[MN],mute[MN],mute[LMN],mute[LO],mute[LMN],mute[LNO],mute[LMN],mute[LN],mute[LMNO],mute[LO],mute[LMN],mute[LN],mute[LMNO],mute[LO],mute[LMNO],mute[MN],mute[L],mute[IKLM];","(c1.#F-1.E-1)[O],(C-1.B-2)[N],A-1[MO],#c1[MNO],(c1.e1)[O],(a.b.#F-1)[O],(#f.A-1)[MNO],(a.#c1.#C-1)[O],(b.#G-1.e1.#f.B-2.A-1)[O],(#f.#F-1)[LMO],e1[O],(a.b.#F-1)[O],(D-1.#c1.#F-1)[N],A-1[MO],#F-1[O],(C-1.b.g.E-1.B-1.e)[O],#c1[L],b[MNO],(#F-1.#c1)[MNO],(#f.B-1.e)[O],(c1.b.#d.#G-1.#C-1.g.#c1.E-1)[LMN],(e1.b)[O],#f1[O],(d1.g.e.#F-1.D-1)[O],#c1[MNO],(C-1.#F-1.#c1)[O],g[N],E-1[LNO],g[O],(#F-1.#f1.b)[O],(#c1.d1.g.E-1)[MNO],(e.B-1.g.b)[O],(#C-1.e1.#G-1.#f.c1)[O],E-1[LMN],g[O],(#F-1.b.e1.#c1.#f.a)[O],E-1[MNO],(C-1.#F-1.b.a.A-1.#c1)[O],#F-1[LMNO],(b.#c1.#F-1.A-1.e1)[O],#F-1[MNO],(#C-1.a.c1)[O],(#f.#G-1)[O],(A-1.#F-1)[LMN],(#F-1.#c1.b)[O],(#F-1.e1.a.#f)[MNO],#F-1[O],(C-1.D-1)[O],A-1[LMN],(#F-1.b.a.e1)[O],(#f.b.#c1)[O],A-1[MN],#C-1[O],(#G-1.a.#f.e1)[O],(b.D-1.A-1.c1)[LMN],(g.a.e1.#F-1.D-1)[O],#c1[MNO],(#F-1.b.C-1)[O],#c1[O],(E-1.B-1.e.g)[LMN],(b.#F-1.#c1)[L],#C-1[O],(c1.E-1.a.#f)[O],(#G-1.B-1.e.e1.b.g)[LMN],(e1.#c1)[O],(b.#f1)[O],(d1.E-1.#F-1.g)[L],(C-1.#c1.#F-1)[O],E-1[LMO],g[O],(e.a.#F-1.#c1)[O],E-1[MNO],(B-1.e)[O],(#C-1.c1.e1.#G-1.#f.d1.g.E-1)[LMNO],(b.#F-1.#c1)[O],E-1[N],#F-1[MN],(A-1.e1.#F-1.c1.#f.C-1.A-2.a)[L],#c1[MNO],#F-1[O],(c1.e1.b.a)[N],A-1[MO],#C-1[O],(#G-1.#c1.A-2)[O],#f[MNO],c1[MNO],b[O],(#F-1.e1.#c1.A-1.a.#f)[MNO],#F-1[O],(C-1.c1.B-2)[L],#c1[MN],e1[O],(a.#f.#F-1)[O],(b.D-1.c1)[MNO],A-1[O],(#G-1.#C-1.E-1.e1.#f.#c1.a)[O],b[L],c1[MO],e1[O],(#f.D-1.b)[O],(#F-1.#c1.a)[L],(d1.b.#f1.C-1.#F-1.c1.E-1)[O],(e.B-1)[LMNO],(#F-1.#c1)[L],(#f1.d1.#f.E-1.#C-1.#G-1.#c1)[O],(b.e)[O],(b.e1)[LMN],(c1.d1.b.#f1.#F-1.E-1.g)[O],e1[O],(b.g)[O],e[MO],(#c1.#F-1.#f1.b.d1)[O],C-1[O],(E-1.B-1)[LMN],(#c1.E-1.d1.b.#f1.g)[O],#F-1[MNO],(c1.E-1.#f.d1.#f1.b)[O],(#C-1.#G-1.B-1.e)[O],(g.b.e1)[LM],B-1[O],#c1[O],(b.#f1.d1.E-1)[O],(#F-1.#f)[O],e[MN],(#c1.e1.a.#F-1)[O],C-1[N],A-1[LMO],#c1[O],(#F-1.e1.b.a)[O],(#f.#F-1)[O],A-1[MO],(a.#c1.#G-1.c1.#C-1)[O],#f[N],(#F-1.A-1)[LMO],(b.#c1.#f)[O],(#F-1.e1.a.E-1)[O],A-1[MNO],(B-2.#F-1.C-1)[NO],A-1[LM],(e1.b.a.#c1.#f)[O],(#F-1.e1.B-2)[O],A-1[MN],(#f.a)[O],(e1.#C-1.c1.B-2.#G-1)[O],(#F-1.#f)[O],A-1[LMO],(#F-1.#c1.g)[O],D-1[O],d[MN],(#c1.#f1.d1.b)[O],(#F-1.B-1.C-1.E-1)[O],e[LMN],(#F-1.#c1.d1.b.#f1)[L],(#C-1.c1)[O],(#f1.b.d1.#f.#G-1.e.E-1)[O],(b.e1)[LMN],(#F-1.#c1.#f1.b)[O],(e1.d1.g)[O],b[O],(g.e)[O],B-1[MO],(C-1.#c1.#F-1)[O],E-1[O],(B-1.E-1)[LMO],g[O],(d1.b.#f1.#F-1.#c1.E-1)[L],(#f.#C-1)[O],(#G-1.c1.E-1.b.e.d1.g)[O],e1[LMO],(b.#f1.d1)[O],(#c1.E-1)[O],#F-1[MNO],(e1.C-1)[O],(#c1.#F-1.A-1.#f)[O],a[MN],c1[L],#F-1[O],(e1.b.#c1.a.A-1)[MNO],(#G-1.#C-1)[O],(c1.#f)[O],#F-1[O],A-1[MN],#c1[MNO],b[O],(e1.#F-1.a.c1.#f)[O],A-1[O],#d[MO],(e.#F-1)[O],(C-1.#c1)[NO],A-1[MO],c1[L],(#f.b.#F-1.e.a.#c1)[O],A-1[MN],e[O],(#C-1.a.e1.c1.#G-1.#f)[O],(A-1.#F-1.#f)[MNO],(#c1.d)[MNO],(a.#c1.e1.B-1)[O],(c1.#F-1.g)[O],#F-1[O],A-1[MN],(#F-1.b.d1.#f1.#c1.C-1.E-1.B-1.e)[LMNO],b[O],(#c1.#F-1)[MNO],(g.B-1)[O],(#f.c1.e.#C-1.#G-1.b.E-1)[LMN],(e1.b)[O],e[O],(#c1.#f1.d1.#F-1.g)[O],D-1[MNO],(#F-1.C-1)[O],g[N],E-1[LNO],g[N],(#f1.b.d1.#F-1.#c1)[MNO],(B-1.e.g.b)[O],(#C-1.e1.#G-1.#f.b.#f1)[O],(g.c1.E-1.d1)[LMN],g[O],(#f1.d1.b.#F-1.#c1)[O],(#f.E-1)[MNO],(#F-1.C-1.a.#c1.e1)[O],(A-1.#F-1)[LMO],e1[O],b[O],(#c1.e1.#F-1.#f.A-1.a)[O],#F-1[MNO],(#C-1.#c1.a.c1)[O],(#f.#G-1)[O],A-1[LMO],b[O],(#c1.#F-1)[O],(#f.#c1.e1.a)[MNO],#F-1[O],(C-1.B-2)[O],A-1[LMO],e1[O],(#F-1.#c1.a.b)[O],D-1[O],A-1[MN],#C-1[O],(#c1.#G-1.e1.a.c1)[O],(#f.E-1.A-1)[LMO],e1[O],(g.#F-1.e1.a)[O],(D-1.#c1)[MNO],(#F-1.C-1)[O],#c1[O],(B-1.b.#f1.d1.e.E-1.g)[LMN],#F-1[O],#c1[L],(#C-1.#f.#f1.E-1.d1)[O],(#G-1.e.B-1.b.e1.g.c1)[LMN],e1[O],(E-1.#c1)[O],(#F-1.g)[MNO],(b.#f1.d1)[O],(C-1.#F-1)[O],E-1[LMO],g[O],(e.#F-1.#c1)[MNO],(d1.b.#f1)[O],(B-1.e)[O],(#C-1.c1.E-1.e1.#G-1.#f.b.g.d1)[LMNO],(d1.b.#c1.#f1.#F-1)[O],E-1[N],#F-1[MN],(A-1.#F-1.C-1.e1.#c1.#f.a.A-2)[LMNO],(#c1.a.#F-1)[O],(b.e1.A-2.a)[O],#f[O],A-1[MO],(#C-1.#c1.a)[O],(c1.#G-1.A-2)[O],#f[LMNO],(b.#F-1.#c1.c1.A-1.e1)[O],(a.#f)[MNO],(#F-1.c1.C-1.B-2)[L],c1[MN],e1[O],(a.#f.c1)[O],(#F-1.D-1.b)[L],(A-1.E-1.a.#C-1.#G-1.c1.e1.b.#f)[L],c1[MN],e1[O],#f[O],(#F-1.c1.d.D-1)[L],(b.#c1.#F-1.C-1.E-1.g)[O],(e.B-1)[LMNO],#F-1[O],#c1[MNO],(#f.#C-1.#G-1)[O],(#d.E-1.c1)[O],(g.e1.b)[LMN],(#F-1.#c1.g)[O],(e.e1.D-1)[O],(b.g)[O],e[MO],(#c1.d1.#f1.b)[O],(#F-1.C-1)[O],(E-1.B-1)[LMN],g[O],(#F-1.#c1)[MNO],#f[O],(#C-1.#G-1.B-1.c1.E-1)[O],(g.e.b.e1)[LM],B-1[N],(d1.#f1.b)[O],(#F-1.#c1.E-1)[O],(#f.e)[MN],(e1.a)[O],(C-1.#F-1.#c1)[O],#F-1[O],A-1[LM],(d1.g.b)[O],#c1[O],(e1.#F-1.b)[N],(#F-1.A-1)[MO],(a.#G-1)[O],(#C-1.c1.#f)[N],#F-1[O],A-1[LM],(b.#c1)[O],(e1.#F-1.a)[O],(#f.A-1)[MN],(a.#f)[O],C-1[O],#F-1[N],(#F-1.A-1)[LM],(e1.a)[O],(#f.#c1.#F-1)[O],A-1[MN],(e.b)[O],(#f.c1.#C-1.a)[O],(#G-1.e1.D-1.#F-1.#f)[O],A-1[LMO],#F-1[O],(D-1.a.#c1.#f)[O],d[MNO],(#F-1.#c1.C-1.B-1.b.g)[O],(e.E-1)[LMN],(#F-1.#c1)[LO],(E-1.#C-1.#f.#G-1.c1)[O],(e.g.d1.b.e1)[LMN],#F-1[O],(e1.E-1.d1.g)[O],(e.b)[O],(g.e)[O],B-1[MO],(C-1.#F-1.E-1)[O],(#f1.d1.b.#c1)[O],(B-1.E-1)[LMO],g[O],(E-1.#F-1.#c1)[L],(#f.#C-1.c1)[O],(#G-1.E-1.g.e.b.e1)[LMN],#c1[O],b[O],(E-1.#F-1.e1)[MNO],(C-1.#F-1)[O],(A-1.A-2.#f)[O],a[LMO],#c1[O],(#F-1.A-2)[O],(e1.b.a.#f.A-1)[MNO],(#G-1.#C-1.c1)[O],(#f.A-2)[O],a[O],A-1[LMO],#c1[O],(#F-1.e1.a.A-2.b.#f)[O],A-1[MN],(#F-1.c1)[O],(C-1.B-2)[NO],A-1[MO],#c1[MN],(e1.b)[O],a[O],(c1.#f.#F-1.e1.b)[O],A-1[MNO],(D-1.#C-1.#G-1.#f.#c1.a)[O],(A-1.e1.#f.#F-1.b)[MNO],c1[MN],e1[O],#F-1[O],#c1[O],#F-1[O],A-1[MN],(#F-1.b.E-1.C-1.e.g.B-1.#c1)[K],(#F-1.#c1)[MNO],(c1.B-1)[O],(#f.E-1.#G-1.#C-1.b)[O],(e.g)[LMO],(e1.b)[O],(g.e)[O],(#c1.#F-1.d1)[N],a[MN],(C-1.#F-1.#f1.d1.b)[O],g[O],E-1[LM],g[O],#F-1[O],#c1[MN],(e.B-1.g.E-1.b)[N],(#C-1.e1.#G-1.#f.c1)[O],(a.E-1)[LMN],(g.d1.#f1)[O],(#c1.#F-1)[O],(b.E-1)[MNO],(#F-1.#c1.C-1.e1.a.A-1)[LMNO],(d1.#c1.g)[O],(e1.b.#F-1.a.A-1)[O],#F-1[MN],#C-1[O],(c1.#G-1.#f)[O],(a.A-1)[LMNO],(#F-1.#c1.e1.b.a.#f)[L],(a.#F-1.#f.E-1.C-1)[N],A-1[LMO],#F-1[O],(#c1.a.e1.b.#f)[O],A-1[MN],#C-1[O],(e.a.b.#G-1)[O],(c1.e1.#f)[O],(B-2.A-1)[LMO],b[O],(#F-1.g.e1.b.#f.a.#c1)[O],D-1[MNO],(#F-1.#c1.C-1)[O],(b.B-1)[O],(e.E-1.g)[LMN],(#c1.#F-1)[L],(#C-1.c1)[O],(#d.#f.#c1.#G-1)[O],(E-1.B-1.g.e1.b)[LMN],(e1.d1)[O],(b.#F-1.#c1.e)[O],(D-1.g)[L],(C-1.#f1.b.#F-1.d1.#c1.E-1)[LMN],(#f1.#c1.e)[O],(d1.g.#F-1)[MNO],(e.g.B-1)[O],(c1.E-1.#C-1)[O],(e1.#G-1.#f.b)[LMN],(b.#c1)[O],(e1.#F-1.E-1)[NO],#F-1[MO],(A-1.#F-1)[O],(#f.A-2.C-1.#c1.a)[LMN],b[O],(#c1.#F-1.e1)[O],(b.a)[O],#f[O],A-1[M],#C-1[O],(c1.#G-1)[O],(A-2.#f)[LMNO],(#c1.#F-1.b)[O],(A-1.e1.a.#f)[MN],c1[O],#F-1[O],(C-1.B-2)[MNO],#c1[MN],e1[O],(a.c1)[O],(#f.e1.#F-1.b)[O],D-1[MNO],(#c1.A-1.a)[O],(E-1.#G-1.#C-1.e1.#f.b)[MN],c1[L],(e1.#c1.#f)[O],#F-1[O],D-1[L],(#c1.C-1.b.#F-1.g.E-1.e.B-1)[LMNO],#F-1[L],#f[O],(#C-1.#G-1.c1.E-1)[O],e[O],(b.e1)[LMO],#c1[O],(#F-1.D-1.g.e1)[O],b[O],(g.e)[MN],(d1.#f1.b.#F-1.C-1)[N],(E-1.B-1)[LMN],(g.#c1.#F-1)[L],(c1.#f.#C-1.#G-1.d1.B-1)[O],(E-1.e.g)[O],(b.e1)[LM],B-1[O],(#f1.d1)[O],(#c1.b.#F-1)[O],#f[O],e[MN],(e1.a.#c1.#F-1.C-1)[N],(#F-1.A-1)[LMO],(g.b.d1)[O],(#c1.b.e1.#F-1)[N],(A-1.#F-1)[MO],a[O],(#G-1.c1.#C-1.#f)[N],#F-1[O],A-1[LMO],(#c1.b.#F-1.a.e1)[O],#f[O],A-1[MO],(#f.a)[O],C-1[O],#F-1[N],#F-1[O],A-1[LNO],e1[O],(a.#f.b.#F-1.#c1)[N],A-1[MN],(e.#f.#C-1.D-1.a)[O],(#G-1.e1.c1.#F-1.b)[O],(#f.A-1)[LMN],(#F-1.#f.a)[O],(#c1.D-1.d)[MNO],(#F-1.B-1.C-1.b.g)[O],(#c1.e.E-1)[LMNO],#F-1[L],(#C-1.#G-1.#f)[O],(e.c1.E-1.b)[O],e1[LMN],(#F-1.#c1.d1.e1)[O],(D-1.g)[O],(b.g)[O],(e.B-1)[MO],(#F-1.C-1)[O],(E-1.d1.#f1.b)[O],(B-1.E-1)[LMN],(g.#F-1)[O],#c1[MNO],(#C-1.#f)[O],(#G-1.E-1.b.e)[O],(c1.g.e1)[LMNO],(#c1.#F-1.E-1.e1)[O],#F-1[MN],C-1[O],(#c1.#F-1.#f.A-1)[O],(#F-1.a)[MNO],c1[L],(#F-1.e1.b)[O],(#c1.a.A-1.#f)[MNO],(#G-1.#C-1.c1)[O],#f[O],(#F-1.A-1)[MO],#c1[L],b[N],(#F-1.e1.a.#f.c1)[O],A-1[MN],#F-1[O],(#F-1.C-1.#c1)[N],A-1[MN],c1[MN],(e1.b)[O],(a.#f.#F-1)[O],(e1.#c1.A-1)[MNO],(#C-1.D-1.a)[O],(c1.#f.e1.#G-1.A-1)[O],(#f.#F-1)[MNO],#c1[MN],e1[O],(#F-1.B-2)[O],(c1.#F-1)[N],A-1[MO],#F-1[O],(C-1.E-1.g.b.B-1.#c1.e)[K],(#F-1.E-1.#c1)[MNO],(c1.#f.B-1.g)[O],(b.#C-1.#G-1.e.E-1)[LMN],(e1.b)[O],(#c1.e)[O],(#F-1.d1.g.D-1)[MNO],(#F-1.C-1)[O],(#f1.b.d1.g)[N],E-1[LM],g[O],#F-1[O],(#c1.E-1)[MN],(e.b.B-1)[O],#C-1[O],(c1.e1.#G-1.#f.g.E-1)[O],d1[LMO],g[O],(b.d1.#f1.#c1.#F-1)[O],#f[MNO],(#F-1.#c1.C-1.e1.a)[O],A-1[LMN],(b.d1.g)[O],(#c1.#F-1)[O],(e1.A-1.#F-1)[MN],#C-1[O],a[O],(c1.#f.#G-1.A-1)[O],#F-1[LMO],b[O],#F-1[O],(#c1.e1.a.#F-1.#f)[MNO],(c1.a.#f.#F-1)[O],(C-1.#F-1)[O],A-1[MNO],#c1[MN],(e1.#F-1)[N],(#F-1.c1.e1.#f.a.A-1)[MN],#C-1[N],(e.b.#G-1.#c1.#f.a.D-1)[O],A-1[LMO],(e1.b)[O],(g.#F-1)[O],(#c1.a.#f)[MNO],#F-1[O],(C-1.#c1.b.B-1.E-1)[O],(e.g)[LMN],#c1[O],#F-1[L],(c1.#C-1.#f.#G-1)[O],(e.B-1.E-1.b.e1.g)[LMN],e1[O],(d1.b.#c1.#F-1)[O],(D-1.g)[L],(b.#F-1.#f1.d1.C-1.#c1)[O],E-1[LMN],(g.e.#F-1)[O],(#c1.E-1)[MNO],(B-1.e.g.#C-1)[O],(#G-1.b.e1.g.#f)[O],(E-1.c1.d1)[LMN],(#c1.#F-1.e1)[O],E-1[NO],#F-1[M],#F-1[O],(C-1.#f.A-1.#F-1)[O],a[LMN],(#c1.e1.#F-1)[O],(#F-1.b)[O],(a.#f)[O],A-1[MO],#C-1[O],(#G-1.c1)[O],(#f.#F-1)[LMN],b[O],(#f.#F-1.A-1.#c1.e1)[O],a[MN],#F-1[O],(#c1.C-1)[O],B-2[MNO],c1[MN],e1[O],(a.#f.b.#F-1)[O],#c1[MNO],A-1[O],(#C-1.#G-1.e1.a)[O],(#f.B-2.c1)[L],#c1[MO],e1[O],#f[O],(#F-1.D-1)[O],c1[MNO],(C-1.b.#F-1)[O],(E-1.e.B-1.#c1)[LMN],#F-1[N],#c1[MNO],(#f.#C-1.#G-1)[O],(E-1.c1.e)[O],(b.e1)[LMN],(#c1.#F-1)[O],(g.e1.b)[O],g[O],e[MO],(#f1.d1.b)[O],(#F-1.C-1)[O],(E-1.B-1)[LMN],(#c1.g)[O],#F-1[MNO],(c1.E-1.#f)[O],(#C-1.#G-1.B-1.g.e.d1)[O],b[O],e1[LNO],B-1[N],(b.d1.#f1.E-1)[O],(#F-1.#f)[N],e[MO],(e1.a)[O],(#F-1.C-1.#c1)[O],#F-1[O],A-1[LM],(b.d1.g)[O],#c1[O],(b.e1.#F-1)[N],A-1[MO],a[O],(#F-1.#G-1.c1.#C-1.#f)[N],(#F-1.A-1)[LMO],(#c1.b)[O],(#F-1.e1.a)[O],(#f.A-1)[MN],(a.#f)[O],(#F-1.C-1)[N],#F-1[N],A-1[LNO],(e1.#c1.a)[O],(#f.b.#F-1)[O],A-1[MN],c1[O],(e.#f.a.#C-1.e1.b.B-2)[O],(#F-1.#G-1)[O],(#f.A-1)[LMO],#c1[O],(D-1.a.#f.#F-1)[O],d[MNO],(#c1.#F-1.C-1.B-1.b.g)[O],(e.E-1)[LMN],#F-1[O],#c1[L],(#C-1.#G-1.#f.E-1.c1)[O],(g.#d.b.e1)[LMNO],(#c1.#F-1.d1.e1.g)[O],(e.b)[O],(g.e)[O],B-1[MO],(#F-1.C-1.E-1.c1)[O],(#f1.b.d1)[O],(B-1.E-1)[LMN],(g.c1.#F-1)[L],(#C-1.#f.#c1.E-1)[O],(b.#G-1)[O],(e.e1.g)[LMNO],(e1.E-1.#c1.#F-1)[O],#F-1[MN],(C-1.#c1)[O],(#f.#F-1.A-1)[O],a[LMO],#c1[O],(#F-1.b.e1)[O],(a.A-1)[O],#f[MN],(c1.#C-1.#G-1)[O],#f[O],(#F-1.A-1)[LMN],(#c1.b)[O],(#F-1.e1.a.#f)[O],A-1[MN],(#F-1.c1)[O],C-1[N],#F-1[O],A-1[M],#c1[MNO],e1[O],(a.b.c1.#f.#F-1)[N],A-1[MN],(#C-1.#c1)[O],(D-1.a.#f.e1.#G-1)[O],(A-1.#f.#F-1)[LMO],e1[O],(c1.#F-1.B-2)[N],#F-1[O],A-1[MO],(#c1.#F-1)[O],(C-1.b.g.B-1.E-1.e)[LMNO],#c1[O],#F-1[MNO],(#f.B-1.c1)[O],(E-1.g.b.#G-1.#C-1.e)[O],d1[LMO],(e1.b)[O],#c1[O],(d1.g.#F-1.e)[MNO],(C-1.#F-1)[O],(b.#f1.d1.#c1)[O],g[N],E-1[LN],g[N],(#F-1.#c1)[O],E-1[MNO],(e.b.g.B-1.#C-1)[O],(c1.#G-1.e1.E-1.#f.e)[O],g[LMN],(g.#f1.d1.#c1.#F-1)[O],b[O],E-1[MN],(a.#c1.e1.C-1.#F-1)[O],A-1[O],#F-1[LMN],(d1.g.#F-1.#c1)[O],A-1[O],(e1.b)[MN],(#C-1.a)[O],(c1.#f.#G-1)[O],(A-1.#F-1.a)[LMN],#F-1[O],(#c1.e1)[O],(a.b.#f)[MN],(a.#F-1.#f)[O],(#c1.C-1)[O],A-1[LMO],e1[O],(#F-1.b.a)[O],(#c1.#f)[O],(e1.b.A-1)[MN],#C-1[O],(#f.e.#G-1)[O],(c1.D-1.a.#f.e1.A-1)[O],b[LMO],(e1.b.g.#F-1)[O],(#f.a.#c1)[O],D-1[MN],#F-1[O],C-1[O],(b.#c1.E-1.B-1.e)[O],g[LMN],#F-1[O],#c1[MNO],#C-1[O],(E-1.#f.#G-1.c1.B-1.g.e)[O],(b.e1)[LMO],e1[N],(b.#F-1.d1.g)[O],a[MNO],(#c1.C-1.#f1.d1.b.#F-1)[O],E-1[LMN],(g.#c1.e)[O],#F-1[MNO],(B-1.g.e)[O],(c1.#C-1.e1.#G-1.#f.b)[O],(a.E-1)[LMN],#c1[O],(#F-1.e1)[O],(b.E-1)[N],#F-1[MO],(#F-1.#f.C-1.A-1)[O],(a.#F-1)[LMNO],(e1.#c1.#F-1)[O],(b.a)[O],(#f.A-1)[MN],(#C-1.#G-1.c1)[O],a[O],(#f.#F-1)[LMN],(e1.b.#F-1.#c1)[O],(A-1.#f.a)[MNO],(#F-1.C-1.c1.E-1)[L],#c1[MN],e1[N],(a.e1.#f.c1.#F-1.b.D-1)[L],(B-2.A-1.a)[O],(#G-1.b.#C-1.#c1.#f.e1)[L],c1[MNO],(#f.e1.b.D-1.#c1.#F-1)[L],#c1[O],(C-1.#F-1.b.g.E-1)[O],(e.B-1)[LMN],#F-1[N],#c1[MN],#f[O],(#C-1.#G-1.E-1.#c1)[O],(c1.g)[O],(b.e1)[LMN],(g.#F-1)[O],(#c1.e1.b)[O],g[O],e[MO],(d1.b.#f1.#F-1)[O],C-1[O],(E-1.B-1)[LMO],#f1[O],(d1.g)[O],(#F-1.#c1)[MNO],#f[O],(#C-1.#G-1.E-1.B-1.g.e.c1)[O],(b.e1)[LM],B-1[O],(#f1.d1.b)[N],(#f.#F-1.E-1.#c1)[O],e[MN],(e1.a)[O],(#F-1.C-1.#c1)[O],#F-1[O],A-1[LM],(g.d1.b)[O],(e1.#c1)[O],(b.#F-1)[N],(A-1.#F-1)[M],a[O],#G-1[O],(#C-1.c1.#f)[N],(#F-1.A-1)[LM],#c1[O],b[O],(e1.#F-1.a.#f)[O],A-1[MO],(a.#f)[N],(C-1.#F-1)[N],#F-1[O],A-1[LM],(e1.a.#f.b)[O],(#F-1.#c1)[O],A-1[MN],(e.c1.#f.a)[O],(#C-1.D-1.e1.#G-1.b.#F-1)[O],#f[O],A-1[LM],e1[O],(#c1.#F-1.#f.a)[O],(D-1.d)[MNO],#c1[O],(b.#F-1.B-1.C-1.E-1.g.e)[LMNO],#F-1[O],#c1[MNO],#C-1[O],(E-1.#f.#G-1.e.c1.b)[O],e1[LMN],#F-1[O],(e1.d1.#c1.D-1.g)[O],b[O],(g.e.B-1)[MN],(#F-1.#c1.C-1.#f1.b.E-1.d1)[N],(B-1.E-1)[LMO],g[O],(#F-1.#c1)[L],(#C-1.#f.#G-1.c1.E-1.e.d1.g.b)[O],e1[LMNO],(b.#c1.e1.#F-1.E-1)[O],(a.#F-1)[MNO],(C-1.#F-1.#f.#c1.A-1)[N],a[MN],c1[L],(#F-1.#c1.b.e1)[O],(a.A-1.#f)[MNO],(#G-1.c1.#C-1)[O],#f[O],(#F-1.A-1)[MN],#c1[MNO],b[O],(c1.e1.#F-1)[O],(a.#f)[O],A-1[MN],(#F-1.C-1.#c1)[NO],A-1[MO],c1[MNO],e1[O],(a.#F-1.b.#f)[O],#c1[O],A-1[MN],(#C-1.c1)[O],(a.#f.#G-1.e1.B-2.b)[O],(A-1.#f.#F-1)[LMO],e1[O],(#F-1.#c1)[O],D-1[O],#F-1[O],A-1[MO],(#F-1.b.g)[O],(#c1.C-1.e.E-1.B-1)[LMNO],#F-1[O],#c1[MNO],(B-1.g.#f)[O],(#G-1.#C-1.E-1.e.c1.b)[LMN],(e1.b)[O],(e.#c1.d1)[O],(#F-1.g.D-1)[MNO],(C-1.#F-1)[O],(d1.#f1.b.E-1)[O],g[N],E-1[LN],g[N],#F-1[O],#c1[MNO],(b.B-1.e.#C-1)[O],(#G-1.e1.c1.#f.E-1)[O],g[LMN],(g.#f1.b.d1.#c1.#F-1)[N],#f[MN],(#F-1.a.e1.C-1)[O],(#c1.#F-1.A-1)[LMNO],(#c1.d1.b.g.#F-1)[O],(A-1.e1)[MNO],(#C-1.a)[O],(c1.#G-1.#f)[O],(A-1.#F-1)[LMN],(b.#f.#F-1.#c1)[O],(#F-1.e1)[O],a[MN],(#f.#F-1.a)[O],C-1[O],A-1[LMO],e1[O],(#F-1.a)[O],(#c1.#f)[O],(e1.A-1)[MN],#C-1[O],(b.e.#G-1.a.c1)[O],(e1.#f.D-1.A-1)[LMO],e1[O],(#F-1.g)[O],(B-2.#c1.a.#f)[MNO],#F-1[O],(C-1.#c1)[O],(b.E-1.B-1.e)[O],g[LMN],(#F-1.#c1)[L],#C-1[O],(#f.#G-1.c1.e.B-1.E-1.e1.b.g)[LMN],e1[O],#c1[O],(b.d1.#F-1.D-1.g)[MNO],#c1[O],(E-1.#f1.#F-1.d1.b.C-1)[O],E-1[LMN],(g.e.#c1)[O],#F-1[MNO],(e.B-1)[O],(#C-1.c1.#G-1.E-1.b.e1.#f)[O],(d1.g)[LMNO],(#F-1.#c1.e1)[NO],#F-1[MO],(A-1.#F-1.#c1.#f.C-1)[O],a[LMN],#F-1[O],(e1.c1.b)[O],(a.#f)[O],A-1[MNO],(#f.#c1.#F-1)[LMNO],(b.#c1.#F-1.e1.#f.a.A-1)[L],#F-1[O],#F-1[LMNO],#F-1[N],(a.#f)[MN],b[MN],e1[IKLM];"],"id":3,"instruments":["piano","piano"],"alternatives":["",""]}],"audition":{"start":[0,0],"end":[1,0]}}