{"baseBpm":79,"musics":[{"id":1,"baseBeats":0.5,"scores":["mute[L],mute[L],mute[L],mute[L],mute[K],mute[K],mute[L],mute[L],mute[L],mute[L],mute[J],mute[L],mute[L],mute[L],mute[L],mute[K],mute[K],mute[L],mute[L],mute[L],mute[L],mute[KL],mute[L],mute[L],mute[L],mute[L],mute[L],mute[L],mute[L],mute[L],mute[L],mute[L],mute[L],mute[L],mute[L],mute[L],mute[L],mute[L],mute[L],mute[L],mute[L],mute[L],5<mute[M],mute[M]>,mute[L],mute[L],mute[L],mute[L],mute[L],mute[L],mute[L],mute[L],mute[J],mute[L],mute[L],mute[L],mute[L],mute[K],mute[K],mute[L],mute[L],mute[L],mute[L],mute[J],mute[L],mute[L],mute[L],mute[L],mute[K],mute[K],5<mute[M],mute[M]>,5<mute[M],mute[M]>,mute[L],mute[L],mute[K],mute[K],mute[L],mute[L],mute[L],mute[L],mute[L],mute[L],mute[L],mute[L],mute[L],mute[L],mute[L],mute[L],mute[L],mute[L],mute[L],mute[L],mute[L],mute[L],mute[L],mute[L],mute[L],mute[L],mute[L],mute[L],mute[L],mute[L],mute[L],mute[L],mute[L],mute[L],mute[L],mute[L],mute[L],mute[L],mute[L],mute[L],mute[L],mute[L],mute[L],mute[L],mute[L],mute[L],mute[L],mute[L],mute[L],mute[L],mute[L],mute[L],mute[L],mute[L],mute[L],mute[L],mute[L],mute[L],mute[L],mute[L],mute[L],mute[L],mute[L],mute[L],mute[L],mute[L],mute[L],mute[L],mute[L],mute[L],mute[L],mute[L],mute[L],mute[L],mute[L],mute[L],mute[K],mute[K],mute[L],mute[L],mute[L],5<mute[M],mute[M]>,mute[L],mute[L],mute[L],mute[L],mute[L],mute[L],mute[L],mute[L],mute[L],mute[L],mute[L],mute[L],mute[L],mute[L],5<mute[M],mute[M]>,mute[L],mute[L],mute[L],mute[L],5<mute[M],mute[M]>,mute[L],mute[L],mute[L],mute[L],mute[L],mute[L],mute[L],5<mute[M],mute[M]>,mute[L],mute[L],mute[L],mute[L],mute[L],mute[L],mute[L],5<mute[M],mute[M]>,mute[L],mute[L],mute[L],mute[L],mute[L],5<mute[M],mute[M]>,mute[L],mute[L],mute[L],mute[L],mute[L],mute[L],mute[L],mute[L],mute[L],5<mute[M],mute[M]>,mute[L],mute[L],mute[L],mute[L],mute[L],mute[L],mute[L],5<mute[M],mute[M]>,mute[L],mute[L],5<mute[M],mute[M]>,5<mute[M],mute[M]>,mute[L],5<mute[M],mute[M]>,mute[L],mute[L],mute[L],mute[L],mute[L],mute[L],mute[L],mute[L],mute[L],mute[L],mute[K];","(G-1.d1.#a1)[L],d[L],g[L],(a.c2)[L],(#a.d2)[K],g2[K],(D-1.d2.a2)[L],A-1[L],(d.f2)[L],(f.d2)[L],(a.a1.f2)[J],(#D-1.#a1.g2)[L],#A-1[L],#d[L],(#A-1.#a1)[L],(g.#a1)[K],c2[K],(#A-2.d2.f1)[L],F-1[L],#A-1[L],F-1[L],d[KL],d2[L],(A-2.a1.d2)[L],(C-1.c2)[L],(#D-1.d2)[L],#d2[L],(D-1.d1.a1)[L],A-1[L],d[L],c2[L],(G-1.g1.c2)[L],(d.#a1)[L],(g.c2)[L],d2[L],(C-1.c1.g1)[L],G-1[L],c[L],a1[L],(#D-1.#d1.#a1)[L],#A-1[L],#d[L],(c2~#a1)[L],(A-1.#c1.a1)[L],#c[L],g[L],g1[L],(D-1.a1.d1)[L],A-1[L],d[L],g[L],(d.#f)[J],(G-1.d1.#a1)[L],d[L],g[L],(a.c2)[L],(#a.d2)[K],g2[K],(D-1.d2.a2)[L],A-1[L],(d.f2)[L],(f.d2)[L],(a.a1.f2)[J],(#D-1.#a1.g2)[L],#A-1[L],#d[L],(#A-1.#a1)[L],(g.#a1)[K],c2[K],(#A-2.#d2~d2)[L],(F-1.c2~d2)[L],#A-1[L],F-1[L],d[K],d2[K],(A-2.a1.d2)[L],(C-1.c2)[L],(#D-1.d2)[L],#d2[L],(D-1.d1.a1)[L],A-1[L],d[L],c2[L],(G-1.g1.c2)[L],(d.#a1)[L],(g.c2)[L],d2[L],(C-1.c2.g2)[L],G-1[L],(c.g1)[L],#a1[L],(#D-1.g1.d2)[L],(#A-1.c2)[L],(#d.c2)[L],#a1[L],(D-1.d1.#a1)[L],(A-1.a1)[L],(d.g1)[L],f1[L],(G-1.d1.g1)[L],d[L],g[L],a[L],(#a.g1)[L],a1[L],#a1[L],d2[L],(#D-1.#a1.g2)[L],#A-1[L],g[L],(#a1.g2)[L],(F-1.c2.a2)[L],c[L],(a.#a1.g2)[L],(a1.f2)[L],(#A-2.f1.d2)[L],F-1[L],#A-1[L],c[L],(d.#a1)[L],c2[L],d2[L],f2[L],(#D-1.#a1.g2)[L],#A-1[L],g[L],(#a1.g2)[L],(F-1.c2.a2)[L],c[L],(a.#a1.g2)[L],(a1.f2)[L],(#A-2.f1.d2)[L],F-1[L],#A-1[L],c[L],d[L],(f1.d2)[L],(g1.#d2)[L],(a1.f2)[L],(#D-1.g1.d2.g2)[L],#A-1[L],g[L],(d2.g2)[L],(F-1.#d2.a2)[L],c[L],(a.d2.g2)[L],(c2.f2)[L],(#A-1.#a.d2.d3)[K],(A-1.a.c2.c3)[K],(G-1.g.#a1.#a2)[L],d[L],(G-1.g)[L],(d.g2~a2)[L],(#D-1.#d.#a1.#a2)[L],(#A-1.c3)[L],(#D-1.#d.a2)[L],(#A-1.g2)[L],(A-1.a.a1.#a2)[L],(#d.c3)[L],(A-1.a.a2)[L],(#d.g2)[L],(D-1.d2.a2)[L],A-1[L],d[L],g[L],(d.#f)[L],(mute~d)[L],(#f~g)[L],(a.d2)[L],(#D-1.#a1.#a2)[L],(#A-1.a1.a2)[L],(#d.a1.a2)[L],(#A-1.g1.g2~g1.g2)[L],f[L],#A-1[L],g[L],(#A-1.c2)[L],(D-1.a1.a2)[L],(A-1.g1.g2)[L],(d.g1.g2)[L],(A-1.f1.f2~f1.f2)[L],f[L],A-1[L],d[L],(A-1.d2)[L],(#D-1.#a1.#a2)[L],(#A-1.a1.a2)[L],(#d.a1.a2)[L],(#A-1.g1.g2~g1.g2)[L],F-1[L],(c.c2.c3)[L],(f.a1.a2)[L],(c.g1.g2)[L],(#A-2.a1.a2)[L],(F-1.g1.g2~f1.f2)[L],#A-1[L],F-1[L],d[L],F-1[L],(#A-1.#a1)[L],(F-1.d2)[L],(#D-1.#a1.#a2)[L],(#A-1.a1.a2)[L],(#d.a1.a2)[L],(#A-1.g1.g2~g1.g2)[L],f[L],#A-1[L],g[L],(#A-1.c2)[L],(D-1.a1.a2)[L],(A-1.g1.g2)[L],(d.g1.g2)[L],(A-1.f1.f2~f1.f2)[L],f[L],A-1[L],(d~d2)[L],(A-1.#d2~f2)[L],(#D-1.g1.g2)[L],(#A-1~#d2.#f2)[L],#d[L],(#A-1.g1.g2)[L],(D-1.#f1.#f2)[L],(A-1.d1.d2)[L],(d.a1.a2)[L],(A-1.#a1.#a2)[L],(G-1.a1.a2)[L],d[L],(#a.g1.#a1.d2.g2)[L],d[L],(G-1.d.g)[K];"]},{"id":2,"baseBeats":0.5,"scores":["5<mute[M],mute[M]>,5<mute[M],mute[M]>,5<mute[M],mute[M]>,5<mute[M],mute[M]>,5<mute[M],mute[M]>,5<mute[M],mute[M]>,5<mute[M],mute[M]>,5<mute[M],mute[M]>,5<mute[M],mute[M]>,5<mute[M],mute[M]>,5<mute[M],mute[M]>,5<mute[M],mute[M]>,5<mute[M],mute[M]>,5<mute[M],mute[M]>,5<mute[M],mute[M]>,mute[L],5<mute[M],mute[M]>,5<mute[M],mute[M]>,5<mute[M],mute[M]>,5<mute[M],mute[M]>,5<mute[M],mute[M]>,5<mute[M],mute[M]>,5<mute[M],mute[M]>,5<mute[M],mute[M]>,5<mute[M],mute[M]>,5<mute[M],mute[M]>,5<mute[M],mute[M]>,5<mute[M],mute[M]>,5<mute[M],mute[M]>,5<mute[M],mute[M]>,mute[L],mute[L],5<mute[M],mute[M]>,5<mute[M],mute[M]>,5<mute[M],mute[M]>,5<mute[M],mute[M]>,5<mute[M],mute[M]>,5<mute[M],mute[M]>,5<mute[M],mute[M]>,5<mute[M],mute[M]>,5<mute[M],mute[M]>,5<mute[M],mute[M]>,5<mute[M],mute[M]>,5<mute[M],mute[M]>,5<mute[M],mute[M]>,5<mute[M],mute[M]>,5<mute[M],mute[M]>,mute[L],5<mute[M],mute[M]>,5<mute[M],mute[M]>,mute[LNO],mute[LNO],mute[LNO],mute[J],mute[L],mute[L],mute[L],mute[L],mute[J],mute[L],mute[L],mute[L],mute[L],mute[J],mute[L],mute[L],mute[L],mute[L],mute[K],mute[K],mute[L],mute[L],mute[L],mute[L],mute[J],mute[L],mute[L],mute[L],mute[L],mute[K],mute[K],5<mute[M],mute[M]>,5<mute[M],mute[M]>,mute[L],mute[L],mute[K],mute[K],mute[L],mute[L],mute[L],mute[L],mute[L],mute[L],mute[L],mute[L],mute[L],mute[L],mute[L],mute[L],mute[L],mute[L],mute[L],mute[L],mute[L],mute[L],mute[L],mute[L],mute[L],mute[L],mute[L],mute[L],mute[L],mute[L],mute[L],mute[L],mute[L],mute[L],mute[L],mute[L],mute[L],mute[L],mute[L],mute[L],mute[L],mute[L],mute[L],mute[L],mute[L],mute[L],mute[L],mute[L],mute[L],mute[L],mute[L],mute[L],mute[L],mute[L],mute[L],mute[L],mute[L],mute[L],mute[L],mute[L],mute[L],mute[L],mute[L],mute[L],mute[L],mute[L],mute[L],mute[L],mute[L],mute[L],mute[L],mute[L],mute[L],mute[L],mute[L],mute[L],mute[K],mute[K],mute[L],mute[L],mute[L],5<mute[M],mute[M]>,mute[L],mute[L],mute[L],mute[L],mute[L],mute[L],mute[L],mute[L],mute[L],mute[L],mute[L],mute[L],mute[L],mute[L],5<mute[M],mute[M]>,mute[L],mute[L],mute[L],mute[L],5<mute[M],mute[M]>,mute[L],mute[L],mute[L],mute[L],mute[L],mute[L],mute[L],5<mute[M],mute[M]>,mute[L],mute[L],mute[L],mute[L],mute[L],mute[L],mute[L],5<mute[M],mute[M]>,mute[L],mute[L],mute[L],mute[L],mute[L],5<mute[M],mute[M]>,mute[L],mute[L],mute[L],mute[L],mute[L],mute[L],mute[L],mute[L],mute[L],5<mute[M],mute[M]>,mute[L],mute[L],mute[L],mute[L],mute[L],mute[L],mute[L],5<mute[M],mute[M]>,mute[L],mute[L];","(g1~a1)[L],(#a1~c2)[L],(g.d2~g1)[L],(#a.#a1~d2)[L],(d1~#a1)[L],(c2~d2)[L],(#d.g2~g1)[L],(g.a1~#a1)[L],(d1~d1)[L],(g1~#a1)[L],(f.a1~c1)[L],(a.g1~a1)[L],(c1~a1)[L],(#a1~c2)[L],(g.a1~#a1~a1~mute)[L],(#a.g1)[L],(d1~d1)[L],(g1~a1)[L],(g.d2~#a1)[L],(#a.c2~d2)[L],(d1~#a1)[L],(c2~d2)[L],(#d.g2~g1)[L],(g.a1~#a1)[L],(d1~d1)[L],(g1~#a1)[L],(f.a1~c1)[L],(a.g1~a1)[L],(c1~a1)[L],(#a1~c2)[L],(g.g1)[L],#a[L],(d1~d1)[L],(g1~a1)[L],(g.d2~g1)[L],(#a.#a1~d2)[L],(d1~#a1)[L],(c2~d2)[L],(#d.g2~g1)[L],(g.a1~#a1)[L],(d1~d1)[L],(g1~#a1)[L],(f.a1~c1)[L],(a.g1~a1)[L],(c1~a1)[L],(#a1~c2)[L],(g.a1~#a1~a1~mute)[L],(#a.g1)[L],(d1~d1)[L],(g1~a1)[L],(G-2.G-1.#a.#a1)[LNO],(F-2.F-1.a.a1)[LNO],(#D-2.#D-1.g.g1)[LNO],(D-2.D-1.f.f1)[J],(#D-1.#a.g1)[L],#A-1[L],f[L],#A-1[L],g[J],(F-1.c1.g1)[L],c[L],g[L],c[L],a[J],(G-1.d1.#a1)[L],d[L],g[L],(a.c2)[L],(#a.d2)[K],g2[K],(D-1.d2.a2)[L],A-1[L],(d.f2)[L],(f.d2)[L],(a.a1.f2)[J],(#D-1.#a1.g2)[L],#A-1[L],#d[L],(#A-1.#a1)[L],(g.#a1)[K],c2[K],(#A-2.#d2~d2)[L],(F-1.c2~d2)[L],#A-1[L],F-1[L],d[K],d2[K],(A-2.a1.d2)[L],(C-1.c2)[L],(#D-1.d2)[L],#d2[L],(D-1.d1.a1)[L],A-1[L],d[L],c2[L],(G-1.g1.c2)[L],(d.#a1)[L],(g.c2)[L],d2[L],(C-1.c2.g2)[L],G-1[L],(c.g1)[L],#a1[L],(#D-1.g1.d2)[L],(#A-1.c2)[L],(#d.c2)[L],#a1[L],(D-1.d1.#a1)[L],(A-1.a1)[L],(d.g1)[L],f1[L],(G-1.d1.g1)[L],d[L],g[L],a[L],(#a.g1)[L],a1[L],#a1[L],d2[L],(#D-1.#a1.g2)[L],#A-1[L],g[L],(#a1.g2)[L],(F-1.c2.a2)[L],c[L],(a.#a1.g2)[L],(a1.f2)[L],(#A-2.f1.d2)[L],F-1[L],#A-1[L],c[L],(d.#a1)[L],c2[L],d2[L],f2[L],(#D-1.#a1.g2)[L],#A-1[L],g[L],(#a1.g2)[L],(F-1.c2.a2)[L],c[L],(a.#a1.g2)[L],(a1.f2)[L],(#A-2.f1.d2)[L],F-1[L],#A-1[L],c[L],d[L],(f1.d2)[L],(g1.#d2)[L],(a1.f2)[L],(#D-1.g1.d2.g2)[L],#A-1[L],g[L],(d2.g2)[L],(F-1.#d2.a2)[L],c[L],(a.d2.g2)[L],(c2.f2)[L],(#A-1.#a.d2.d3)[K],(A-1.a.c2.c3)[K],(G-1.g.#a1.#a2)[L],d[L],(G-1.g)[L],(d.g2~a2)[L],(#D-1.#d.#a1.#a2)[L],(#A-1.c3)[L],(#D-1.#d.a2)[L],(#A-1.g2)[L],(A-1.a.a1.#a2)[L],(#d.c3)[L],(A-1.a.a2)[L],(#d.g2)[L],(D-1.d2.a2)[L],A-1[L],d[L],g[L],(d.#f)[L],(mute~d)[L],(#f~g)[L],(a.d2)[L],(#D-1.#a1.#a2)[L],(#A-1.a1.a2)[L],(#d.a1.a2)[L],(#A-1.g1.g2~g1.g2)[L],f[L],#A-1[L],g[L],(#A-1.c2)[L],(D-1.a1.a2)[L],(A-1.g1.g2)[L],(d.g1.g2)[L],(A-1.f1.f2~f1.f2)[L],f[L],A-1[L],d[L],(A-1.d2)[L],(#D-1.#a1.#a2)[L],(#A-1.a1.a2)[L],(#d.a1.a2)[L],(#A-1.g1.g2~g1.g2)[L],F-1[L],(c.c2.c3)[L],(f.a1.a2)[L],(c.g1.g2)[L],(#A-2.a1.a2)[L],(F-1.g1.g2~f1.f2)[L],#A-1[L],F-1[L],d[L],F-1[L],(#A-1.#a1)[L],(F-1.d2)[L],(#D-1.#a1.#a2)[L],(#A-1.a1.a2)[L],(#d.a1.a2)[L],(#A-1.g1.g2~g1.g2)[L],f[L],#A-1[L],g[L],(#A-1.c2)[L],(D-1.a1.a2)[L],(A-1.g1.g2)[L],(d.g1.g2)[L],(A-1.f1.f2~f1.f2)[L],f[L],A-1[L];"]},{"id":3,"baseBeats":0.5,"scores":["5<mute[M],mute[M]>,5<mute[M],mute[M]>,mute[L],5<mute[M],mute[M]>,mute[L],mute[L],mute[L],mute[L],mute[L],mute[L],mute[L],mute[L],mute[L],mute[L],mute[L],mute[L],5<mute[M],mute[M]>,5<mute[M],mute[M]>,mute[L],mute[L],mute[L],5<mute[M],mute[M]>,mute[L],mute[L],mute[L],mute[L],mute[L],mute[L],mute[L],5<mute[M],mute[M]>,mute[L],mute[L],mute[L],mute[L],mute[L],mute[L],mute[L],5<mute[M],mute[M]>,mute[L],mute[L],mute[L],mute[L],mute[L],5<mute[M],mute[M]>,mute[L],mute[L],mute[L],mute[L],mute[L],mute[L],mute[L],mute[L],mute[L],5<mute[M],mute[M]>,mute[L],mute[L],mute[L],mute[L],mute[L],mute[L],mute[L],5<mute[M],mute[M]>,mute[L],mute[L],5<mute[M],mute[M]>,5<mute[M],mute[M]>,mute[L],5<mute[M],mute[M]>,mute[L],mute[L],mute[L],mute[L],mute[L],mute[L],mute[L],mute[L],mute[L],mute[L],mute[K],5<mute[M],mute[M]>,5<mute[M],mute[M]>,5<mute[M],mute[M]>,5<mute[M],mute[M]>,5<mute[M],mute[M]>,5<mute[M],mute[M]>,5<mute[M],mute[M]>,5<mute[M],mute[M]>,5<mute[M],mute[M]>,5<mute[M],mute[M]>,5<mute[M],mute[M]>,5<mute[M],mute[M]>,5<mute[M],mute[M]>,5<mute[M],mute[M]>,5<mute[M],mute[M]>,mute[L],5<mute[M],mute[M]>,5<mute[M],mute[M]>,5<mute[M],mute[M]>,5<mute[M],mute[M]>,5<mute[M],mute[M]>,5<mute[M],mute[M]>,5<mute[M],mute[M]>,5<mute[M],mute[M]>,5<mute[M],mute[M]>,5<mute[M],mute[M]>,5<mute[M],mute[M]>,5<mute[M],mute[M]>,5<mute[M],mute[M]>,5<mute[M],mute[M]>,mute[L],mute[L],5<mute[M],mute[M]>,5<mute[M],mute[M]>,5<mute[M],mute[M]>,5<mute[M],mute[M]>,5<mute[M],mute[M]>,5<mute[M],mute[M]>,5<mute[M],mute[M]>,5<mute[M],mute[M]>,5<mute[M],mute[M]>,5<mute[M],mute[M]>,5<mute[M],mute[M]>,5<mute[M],mute[M]>,5<mute[M],mute[M]>,5<mute[M],mute[M]>,5<mute[M],mute[M]>,mute[L],5<mute[M],mute[M]>,5<mute[M],mute[M]>,mute[LNO],mute[LNO],mute[LNO],mute[J],mute[L],mute[L],mute[L],mute[L],mute[J],mute[L],mute[L],mute[L],mute[L],mute[J],mute[L],mute[L],mute[L],mute[L],mute[J],mute[L],mute[L],mute[L],mute[L],mute[J],mute[I];","(d~d2)[L],(A-1.#d2~f2)[L],(#D-1.g1.g2)[L],(#A-1~#d2.#f2)[L],#d[L],(#A-1.g1.g2)[L],(D-1.#f1.#f2)[L],(A-1.d1.d2)[L],(d.a1.a2)[L],(A-1.#a1.#a2)[L],(G-1.a1.a2)[L],d[L],(#a.g1.#a1.d2.g2)[L],d[L],G-1[L],d[L],(g.g1~#a1)[L],(d.c2~d2)[L],(#D-1.#d.#a1.#a2)[L],(#A-1.a1.a2)[L],(#D-1.#d.a1.a2)[L],(#A-1.g1.g2~g1.g2)[L],(F-1.f)[L],#A-1[L],(G-1.g)[L],(#A-1.c1.c2)[L],(D-1.d.a1.a2)[L],(A-1.g1.g2)[L],(D-1.d.g1.g2)[L],(A-1.f1.f2~f1.f2)[L],(F-1.f)[L],A-1[L],(D-1.d)[L],(A-1.d1.d2)[L],(#D-1.#d.#a1.#a2)[L],(#A-1.a1.a2)[L],(#D-1.#d.a1.a2)[L],(#A-1.g1.g2~g1.g2)[L],(F-1.f)[L],(c.d2.d3)[L],(F-1.f.c2.c3)[L],(c.a1.a2)[L],(#A-2.#A-1.g1.g2)[L],(F-1.a1.a2~f1.f2)[L],#A-1[L],F-1[L],d[L],F-1[L],#A-1[L],(F-1.d1.d2)[L],(#D-1.#d.#a1.#a2)[L],(#A-1.a1.a2)[L],(#D-1.#d.a1.a2)[L],(#A-1.g1.g2~g1.g2)[L],(F-1.f)[L],#A-1[L],(G-1.g)[L],(#A-1.c1.c2)[L],(D-1.d.a1.a2)[L],(A-1.g1.g2)[L],(D-1.d.g1.g2)[L],(A-1.f1.f2~f1.f2)[L],(F-1.f)[L],A-1[L],(D-1.d~d2)[L],(A-1.#d2~f2)[L],(#D-1.#A-1.#d.g1.g2)[L],(#A-1~#d2.#f2)[L],#d[L],(#A-1.g1.g2)[L],(D-1.A-1.d.#f1.#f2)[L],(A-1.d1.d2)[L],(d.a1.a2)[L],(A-1.#a1.#a2)[L],(G-1.d.g.a1.a2)[L],d[L],(#a.g1.#a1.d2.g2)[L],d[L],(G-1.d.g)[K],(g2~a2)[L],(#a2~c3)[L],(g1.d3~g2)[L],(#a1.#a2~d3)[L],(d2~#a2)[L],(c3~d3)[L],(#d1.g3~g2)[L],(g1.a2~#a2)[L],(d2~d2)[L],(g2~#a2)[L],(f1.a2~c2)[L],(a1.g2~a2)[L],(c2~a2)[L],(#a2~c3)[L],(g1.a2~#a2~a2~mute)[L],(#a1.g2)[L],(d2~d2)[L],(g2~a2)[L],(g1.d3~#a2)[L],(#a1.c3~d3)[L],(d2~#a2)[L],(c3~d3)[L],(#d1.g3~g2)[L],(g1.a2~#a2)[L],(d2~d2)[L],(g2~#a2)[L],(f1.a2~c2)[L],(a1.g2~a2)[L],(c2~a2)[L],(#a2~c3)[L],(g1.g2)[L],#a1[L],(d2~d)[L],(g~a)[L],(g.d2~g1)[L],(#a.#a1~d2)[L],(d1~#a1)[L],(c2~d2)[L],(#d.g2~g1)[L],(g.a1~#a1)[L],(d1~d1)[L],(g1~#a1)[L],(f.a1~c1)[L],(a.g1~a1)[L],(c1~a1)[L],(#a1~c2)[L],(g.a1~#a1~a1~mute)[L],(#a.g1)[L],(d1~d1)[L],(g1~a1)[L],(G-2.G-1.#a.#a1)[LNO],(F-2.F-1.a.a1)[LNO],(#D-2.#D-1.g.g1)[LNO],(D-2.D-1.f.f1)[J],(#D-1.#a.g1)[L],#A-1[L],f[L],#A-1[L],g[J],(F-1.c1.g1)[L],c[L],g[L],c[L],a[J],(G-1.d1.g1)[L],d[L],g[L],a[L],(d.g.#a)[J],G-1[L],d[L],g[L],a[L],(d.g.#a)[J],G-2[I];"]}]}