{"baseBpm":100,"musics":[{"bpm":100,"baseBeats":0.5,"scores":["c1[K],(f.a1)[K],a1[K],a1[K];f1[K],(e.g1)[K],g1[L],a1[L],g1[J];(d.f1)[K],f1[L],g1[L],a1[K];f1[K],(c.e1)[K],e1[L],d1[L],c1[J];(#A-1.d1)[K],d1[L],d1[L],(f.f1)[K];d2[K],(A-1.c2)[KL],a1[L],(d.a1)[J];(G-1.f1)[K],(d.d1)[K],(f.f1)[KL];c1[L],(C-1.g1)[K],e[K],g[K];c1[K],(F-1.a1)[L],c[L],(f.a1)[L],c[L],(a.a1)[L],c[L];(f.f1)[L],c[L],(E-1.g1)[L],c[L],(e.g1)[L],(c.a1)[L],(g.g1)[L],c[L];e[L],c[L],(D-1.f1)[L],A-1[L],(d.f1)[L],(A-1.g1)[L],(f.a1)[L],A-1[L];(d.f1)[K],(C-1.e2)[L],A-1[L],(c.e2)[L],(A-1.d2)[L],(e.c2)[L],A-1[L];c[L],A-1[L],(#A-1.f1)[L],f[L],(#a.d2)[L],f[L],(#a.d2)[J];(A-1.f1)[L],f[L],(a.c2)[K],(d.c2)[L],a[L];d1[L],f1[L],(G-1.a1)[L],d[L],g[L],f1[L],(c.g1)[L],g[L];c1[K],(F-1.f1)[L],c[L],f[L],g[L],a[L],c1[L];f1[L],g1[L],a1[J],"],"id":1,"instruments":["piano"],"alternatives":[""]},{"baseBeats":0.5,"measureBeats":4,"scores":["a1[LM],#a1[LM],c2[L],(#A-1.d2)[L],f[L],#a[L],f[L];(c1.d2)[L],f[L],(#a.f1)[L],g1[L],c[L],g[L],c1[L],g[L];(c1.g1)[L],5<g[M],a1[M]>,c1[L],#a1[L],(A-1.c2)[L],e[L],a[L],e[L];(c1.c2)[L],e[L],(a.e1)[L],f1[L],D-1[L],A-1[L],d[L],A-1[L];(f.f1)[L],9<A-1[M],g1[M]>,5<d[L]>,a1[L],(G-1.#a1)[L],d[L],(g.a1)[L],(d.g1)[L];#a[L],d[L],(g.f1)[L],g1[L],C-1[L],G-1[L],(c.e1)[L],(e.c1)[L];g[L],c1[L],g[L],c1[L],(F-1.a1)[L],(c.g1)[L],(f.f1)[L],(c.a1)[L];a[L],(c.c1)[L],(f.f1)[L],(c.g1)[L],(F-1.a1)[L],c[L],f[L],c[L];(f.a1)[L],5<c[M],#a1[M]>,a[L],c2[L],(#A-1.d2)[L],f[L],#a[L],f[L];(c1.d2)[K],f1[L],g1[L],c[L],g[L],c1[L],g[L];(c1.g1)[LM],a1[LM],#a1[L],(A-1.c2)[L],e[L],a[L],e[L];(c1.c2)[K],e2[K],(d.d2)[L],a[L],d1[L],#f1[L];a1[K],d1[L],f1[L],(G-1.a1)[K],g1[K];#a[K],f1[K],(c.g.g1)[J];c1[LM],d1[LM],e1[L],(F-1.f1)[L],c[L],f[L],g[L];a[L],c1[L],f1[L],g1[L],a1[J];"],"instruments":["piano"],"alternatives":[""],"id":2,"bpm":100},{"baseBeats":0.5,"measureBeats":4,"scores":["a2[LM],#a2[L],c3[LM],(#a.f1.d3)[J];d3[K],f2[L],g2[L],(c1.g1)[J];(c2.g2)[LM],a2[LM],#a2[L],(a.c3)[J];(e1.a1.c3)[K],e2[L],f2[L],d1[J];(a1.c2.f2)[LM],g2[LM],a2[L],(G-1.#a2)[L],d[L],(g.a2)[L],(a.g2)[L];#a[K],f2[L],g2[L],c[L],g[L],(c1.e2)[L],c2[L];d1[K],e1[L],c2[L],(F-1.c1.a2)[L],(c.g2)[L],(f.c1.f2)[L],(c.c1.a2)[L];a[L],(c.c2)[L],(f.c1.f2)[L],(c.c1.g2)[L],(F-1.c1.a2)[L],c[L],#d[L],c[L];(f.a1.a2)[LM],(#a1.#a2)[LM],(c2.c3)[L],(#A-1.f1.d2.d3)[L],f[L],#a[L],c1[L];(c1.f1.f2.d3)[K],(f2.f3)[L],(e2.e3)[L],c[L],g[L],c1[L],d1[L];(c1.e2.e3)[LM],(e2.e3)[LM],(d2.d3)[L],(A-1.c2.c3)[L],e[L],a[L],c1[L];(f1.c2.f2.c3)[K],(g2.g3)[K],(d.f2.f3)[L],a[L],f1[L],g1[L];a1[KL],(d2.d3)[L],(#A-1.c2.c3)[K],(#a1.#a2)[L],(a1.a2)[L];(f.#a)[K],(g1.g2)[L],(f1.f2)[L],(c.g1.g2)[J];(g.c1.c2)[LM],(d1.d2)[LM],(e1.e2)[L],(F-1.f1.f2)[L],c[L],f[L],g[L];a[L],c1[L],f1[L],g1[L],(F-1.#a1)[L],c[L],f[L],c[L];g[L],c[L],a[L],c[L],(F-1.f1.c2)[H];"],"instruments":["piano"],"alternatives":[""],"id":3,"bpm":100}],"audition":{"end":[0,27],"start":[0,0]}}