{"baseBpm":360,"musics":[{"bpm":360,"baseBeats":0.75,"scores":["TU,5<UV>,5<UV>,TU,TU,TU,TU,TU,TU,TU,TU,TU,TU,TU,TU,TU,TU,TU,TU,TU,TU,TU,TU,TU,TU,TU,5<UV>,mute[LM],TU,QT,TU,TU,TU,TU,TU,TU,TU,TU,TU,TU,TU,TU,TU,TU,TU,TU,TU,TU,TU,TU,TU,TU,TU,","d2[KLMN],g2[MN],a2[MN],c3[MN],(d3.a.d1.D-1.d.#f1)[KL],(g2.a.d1)[KL],(#f2.#f1)[KL],(d2.a.a1)[KL],g2[KL],(#f2.a.#f1)[KL],d2[KL],(g2.a)[KL],(a.D-1.d.d1.#f1.a1)[KL],(#f2.a.#f1)[KL],(a.d1.a1)[KL],(d2.d1.e1.a)[KL],(d1.e1)[KL],(e1.g1.a)[KL],(e1.g1)[KL],(g1.#f1.a)[KL],(g1.#f1.a.d1.C-1.c)[KL],(#f1.g2.a.e1)[KL],(#f2.g1)[KL],(d2.a.c2)[KL],(g2.#f1)[KL],(#f2.#f1.d1.a.g1)[KL],(#f1.d2.d1.c2)[KL],(d1.a2.a1.g.e1.c1.g1)[MN],c2[MN],e2[LM],(d1.a1.g.c1.e1)[KL],a1[HK],a1[KL],(a1.a.d1.B-2.B-1.#f1)[KL],(a1.g2.a.d1)[KL],(#f2.#f1)[KL],(d2.a.a1)[KL],g2[KL],(#f2.a.#f1)[KL],d2[KL],(g2.a)[KL],(a1.B-2.B-1.a.b.d1)[KL],(#f2.a1.a.#f1)[KL],(a1.d2)[KL],(d2.e2.a)[KL],(d2.e2)[KL],(e2.g2.a)[KL],(e2.g2)[KL],(g2.#f2.a)[KL],(g2.#f2.g.c1.C-1.c.e1)[KL],(#f2.g2.c1.e1)[KL],(#f2.g1)[KL],(d2.c1.c2)[KL],(g2.#f2)[KL],(#f2.d2.c1.g1)[KL],"],"id":1},{"bpm":360,"baseBeats":0.75,"scores":["TU,5<UV>,mute[LM],TU,ST,ST,ST,TU,TU,TU,TU,TU,TU,TU,TU,TU,TU,ST,TU,TU,TU,TU,TU,TU,TU,TU,ST,TU,TUVW,TW,QR,TU,TU,TU,ST,TU,TUVW,TW,QR,TU,TU,TU,TU,TU,TU,TU,TU,TU,TU,TU,TU,TU,TU,TU,TU,TU,","(#f2.d2.c2)[KL],(d2.a2.c1.g1.e1)[MN],c2[MN],e2[LM],(d2.a2)[KL],(a2.g1)[JK],g1[JK],g1[JK],(a2.g1)[KL],(a2.c1.c.g1.e2.e1.c2)[KL],(a2.c4.c2)[KL],b3[KL],(g3.c2)[KL],(c4.g1.g)[KL],(b3.c2)[KL],g3[KL],(c4.c2)[KL],(e2.e1)[KL],(b3.c2)[JK],(g3.c2)[KL],(g2.g1)[KL],(d3.c2)[KL],c3[KL],(b2.c2.e2.g1)[KL],(e1.d2.a2.a.d1.#f1.d.#f2)[KL],d1[KL],#f1[KL],(d1.a1)[JK],#f1[KL],a1[KL],#f1[MN],a1[LN],d2[L],(#f2.a2.d3)[HI],(e1.c.d2.g2.c1.c3)[KL],e1[KL],g1[KL],(d1.c2)[JK],g1[KL],(a.c2)[KL],g1[MN],c2[LN],e2[L],(g2.b2.e3)[HI],(f2.g.c1.#G-1.f1.#d.#a.#g2.f3)[KL],(f2.#g.c1)[KL],(f2.c2.f1)[KL],(c2.g2.#g)[KL],(c2.g2)[KL],(g2.c2.g.c1.#g.f1)[KL],c2[KL],(c2.#g2.c1.f1.#g.f2)[KL],(c2.#g2.c3.#g3)[KL],(#g2.c2.#g.f1)[KL],c2[KL],(c2.#a2.#g.f2)[KL],(c2.#a2)[KL],(#a2.#d3.#g.c2)[KL],(#d3.#g2)[KL],(#d3.c3.#g)[KL],(c2.#d3.c3.g.d1.#A-1.g1.f.c1.a2.g3)[KL],"],"id":2},{"bpm":360,"baseBeats":0.75,"scores":["TU,TU,TU,TU,TU,TU,TU,TU,TU,TU,TU,TU,TU,TU,TU,TU,TU,TU,TU,TU,TU,TU,TU,TU,TU,TU,TU,TU,TU,TU,TU,TU,TU,TU,TU,TU,TU,TU,TU,TU,TU,TU,TU,TU,TU,TU,TU,5<UV>,mute[LM],QRTU,","(c3.c2.#a.f1)[KL],(g1.c2)[KL],(d2.g1.#a.g2)[KL],(g1.d2)[KL],(g1.d2.g.d1.#a.f1)[KL],(g1.c2)[KL],(#d2.g1.c1.#a.g2)[KL],#d2[KL],(g1.#d2.#a.f1)[KL],(g1.c2)[KL],(f2.g1.#a)[KL],c2[KL],(#g2.f2.#a.#a1)[KL],(f2.#a2)[KL],(g2.#g2.f2.#a)[KL],(f2.#a2.g2.c1.f1.#c.#c1.#d1.#g.#a1.c3.#a3)[KL],(g2.#a2.#c1.#g1)[KL],(#a2.f2.#d2)[KL],(f2.c3.#c1.#a2)[KL],(f2.c3)[KL],(c3.f2.c1.f1.#c1.#a1)[KL],(f2.#d2)[KL],(f2.#c3.#c1.#g1.#a2)[KL],(f2.#c3.#c1.#g1.f3.#c4)[KL],(#c3.f2.#c1.#a1)[KL],(f2.#d2)[KL],(f2.#d3.#c1.#a2)[KL],(f2.#d3)[KL],(#d3.g3.#c1.f2)[KL],(g3.#c3)[KL],(g3.f3.#c1)[KL],(#d2.g3.f3.#a.g1.#d.#d1.c2.f1.#d3.c4)[KL],(f3.#d2.#d1.#a1)[KL],(#a1.#d2.f2)[KL],(f2.#a1.#d1.c3)[KL],(#a1.f2)[KL],(#a1.f2.#d1.c2)[KL],(#a1.f2)[KL],(g2.#a1.#d1.c3)[KL],(g2.#a.g1)[KL],(#a1.g2.#d1.c2)[KL],(#a1.f2)[KL],(#g2.#a1.#d1.c3)[KL],#g2[KL],(c3.#g2.#a.f1.#d1.g2)[KL],(c3.#d3)[KL],(#a2.c3.#d1.#a1)[KL],(#a2.#d2.g2)[MN],g2[MN],#a2[LM],#a2[HIKL],"],"id":3}],"audition":{"start":[0,0],"end":[1,0]}}