{"baseBpm":93,"musics":[{"id":1,"baseBeats":0.25,"scores":["c1[M],c1[M],c1[M],TU,UV,c1[M],c1[M],c1[M],TU,UV,c1[M],c1[M],c1[M],V,U,(c1.e1)[M],(c1.e1)[M],(c1.e1)[M],V,U,(c1.e1)[M],(c1.e1)[M],(c1.e1)[M],V,U,(c1.e1.g1)[M],(c1.e1.g1)[M],(c1.e1.g1)[M],V,U,(c1.e1.g1)[M],(c1.e1.g1)[M],(c1.e1.g1)[M],(e1.g1.c2)[I],TV,c1[M],c1[M],c1[M],V,U,(c1.e1)[M],(c1.e1)[M],(c1.e1)[M],V,U,(c1.e1)[M],(c1.e1)[M],(c1.e1)[M],V,U,(c1.e1.g1)[M],(c1.e1.g1)[M],(c1.e1.g1)[M],V,U,(c1.e1.g1)[M],(c1.e1.g1)[M],(c1.e1.g1)[M],(e1.#f1.c2)[I],TV,A-2[M],A-2[M],A-2[M],V,S,E-1[M],E-1[M],E-1[M],V,S,A-1[M],A-1[M],A-1[M],V,U,e[M],e[M],e[M],V,U,A-1[M],A-1[M],A-1[M],V,U,E-1[M],E-1[M],E-1[M],V,U,A-2[M],A-2[M],A-2[M],T,(e.#f.c1)[KL],(#d.#f.b)[KM],(#d.#f)[M],(#d.#f.a)[LM],(e.g)[LM],(d.f)[LM],(d.a)[LM],3<e[N],f[N],e[N],f[N],e[N],f[N],e[N],f[N],e[N],#d[N],e[N]>,(B-1.e.g)[M],U,(B-1.d.f)[M],V,(B-1.e.g)[M],(B-1.d.e)[KL],(c.e)[KL],(e.#f.c1)[KL],(#d.#f.b)[KM],(#d.#f)[M],(#d.#f.a)[LM],(e.g)[LM],(d.f)[LM],(d.a)[LM],3<e[N],f[N],e[N],f[N],e[N],f[N],e[N],f[N],e[N],#d[N],e[N]>,(B-1.e.g)[M],U,(B-1.d.f)[M],V,(B-1.e.g)[M],(d.g.b)[KL],(e.c1)[M],U,c1[M],e1[M],g1[M],c2[KL],b1[KM],#f1[M],a1[LM],g1[LM],f1[LM],d1[LM],3<c1[N],d1[N],c1[N],d1[N],c1[N],d1[N],c1[N],d1[N],c1[N],b[N],c1[N]>,d1[LM],g[L],d1[M],(g.e1)[LM],c1[L],e1[M],g1[MN],c1[MN],e1[MN],g1[MN],c2[KL],b1[KM],#f1[M],a1[LM],g1[LM],f1[LM],d1[LM],3<c1[N],d1[N],c1[N],d1[N],c1[N],d1[N],c1[N],d1[N],c1[N],b[N],c1[N]>,(g.e1)[LM],(g.d1)[L],e1[M],(g.d1)[KL],(g.c1)[L],V,V,V,V,UV,c1[M],e1[M],g1[M],c2[LM],V,V,V,UV,(c1.e1)[M],(e1.g1)[M],(g1.c2)[M],(c2.e1)[LM],V,V,V,UV,(c1.e1)[M],(e1.g1)[M],(g1.c2)[M],(c2.e2)[LM],(c1.e1)[M],(e1.g1)[M],(g1.c2)[M],(c2.e2.g2)[LM],(c1.e1)[M],(e1.g1)[M],(g1.c2)[M],(c2.e2.g2)[LM],(c1.e1)[M],(e1.g1)[M],(g1.c2)[M];","UV,c1[JK],c1[JK],(c1.e1)[KL],(c1.e1)[KL],(c1.e1.g1)[KL],(c1.e1.g1)[KL],(#a.c1)[IJ],(#a.c1.e1)[KL],(#a.c1.e1)[KL],(#a.c1.e1.g1)[KL],(#a.c1.e1.g1)[KL],a[IJ],C-1[JK],#F-1[JK],c[KL],c[KL],#F-1[KL],C-1[KL],T,A-1[KL],(B-2.B-1)[KM],B-1[M],(E-1.B-1)[KL],(F-1.A-1)[LM],(F-1.A-1)[LM],(G-1.c)[KN],B-1[N],c[N],(G-2.G-1)[LM],(G-2.G-1)[L],(G-2.G-1)[M],(C-1.G-1)[KN],G-2[N],G-2[N],G-2[N],C-1[L],G-1[M],C-1[L],G-2[M],(A-2.A-1)[KL],(B-2.B-1)[KM],B-1[M],(E-1.B-1)[KL],(F-1.A-1)[LM],(F-1.A-1)[LM],(G-1.c)[KN],B-1[N],c[N],(G-2.G-1)[LM],(G-2.G-1)[L],(G-2.G-1)[M],(C-1.G-1)[KL],(C-1.G-1)[KL],G-1[L],(e1.#f1)[M],(#f.c1.e1)[LM],A-1[L],(#d1.#f1)[M],(#f.c1.#d1)[LM],E-1[L],(b.e1)[M],(b.e1)[LM],F-1[L],(a.d1)[M],(f.a)[LM],U,G-1[N],(e.g)[LN],G-1[N],(f.b)[LN],G-1[N],b[LM],(c.e.c1)[JK],G-1[L],(e1.#f1)[M],(#f.c1.e1)[LM],A-1[L],(#d1.#f1)[M],(#f.c1.#d1)[LM],E-1[L],(b.e1)[M],(b.e1)[LM],F-1[L],(a.d1)[M],(f.a)[LM],U,G-1[N],(e.g)[LN],G-1[N],c1[LM],(F-1.e.b)[LM],(F-1.e.b)[KL],(c.e)[LM],c1[M],c1[M],c1[M],c1[JM],c1[M],c1[M],c1[M],c1[JM],c1[M],c1[M],c1[M],(c1.e1)[KL],(c1.e1)[KL],(c1.e1.g1)[KL],(c1.e1.g1)[KL];"]},{"id":2,"baseBeats":0.25,"scores":["(c2.c3)[KL],(b1.b2)[KM],(#f1.#f2)[M],(a1.a2)[LM],g2[LM],(a1.d2.f2)[LM],(f1.a1.d2)[LM],3<c2[N],d2[N],c2[N],d2[N],c2[N],d2[N],c2[N],d2[N],c2[N],b1[N],c2[N]>,(f1.d2)[LM],(d1.g1)[L],d2[M],(e1.g1.e2)[LM],c1[M],e1[M],g1[M],c2[M],e1[M],g1[M],c2[M],e2[M],g2[M],(c2.c3)[KL],(b1.b2)[KM],(#f1.#f2)[M],(a1.a2)[LM],g2[LM],(a1.d2.f2)[LM],(f1.a1.d2)[LM],3<c2[N],d2[N],c2[N],d2[N],c2[N],d2[N],c2[N],d2[N],c2[N],b1[N],c2[N]>,(e1.e2)[LM],(d1.g1.d2)[L],e2[M],(d1.g1.d2)[KL],(c1.g1.c2)[LM],V,V,V,(c.e.g.c1)[KL],(c.e.g.c1)[KM],(e.g.c1)[M],(g.c1.e1)[LM],(f.b.d1)[LM],(d.f.b)[LM],(G-1.B-1.d.g)[LM],(c.e.g)[KM],(e.g.c1)[M],(e.g.c1)[KM],(g.c1.e1)[M],(G-1.g.c1.e1)[LM],(f.b.d1)[LM],(d.f.b)[LM],(G-1.B-1.d.g)[LM],(c.e.g)[KM],(e.g.c1)[M],(g.c1.e1)[M],(c1.e1.g1)[KM],(f@a@e1.g1)[KL],(d1.f1)[LM],(f.a.c1.e1)[LM],(f.a.d1)[LM],(f.a.#c1)[L],e1[M],(#f.a.d1)[LM],(#F-1.a)[LM],(G-1.b)[LM],(g.g1)[M],(g.g1)[M],(g.g1)[M],(g.g1)[M],U,V,V,V,(c2.c3)[KL],(b1.b2)[KM],(#f1.#f2)[M],(a1.a2)[LM],g2[LM],(a1.d2.f2)[LM],(f1.a1.d2)[LM],3<c2[N],d2[N],c2[N],d2[N],c2[N],d2[N],c2[N],d2[N],c2[N],b1[N],c2[N]>,(f1.d2)[LM],(d1.g1)[L],d2[M],(e1.g1.e2)[LM],c1[M],e1[M],g1[M],c2[M],e1[M],g1[M],c2[M],e2[M],g2[M],(c2.c3)[KL],(b1.b2)[KM],(#f1.#f2)[M],(a1.a2)[LM],g2[LM],(a1.d2.f2)[LM],(f1.a1.d2)[LM],3<c2[N],d2[N],c2[N],d2[N],c2[N],d2[N],c2[N],d2[N],c2[N],b1[N],c2[N]>,(e1.e2)[LM],(d1.g1.d2)[L],e2[M],(d1.g1.d2)[KL],(c1.g1.c2)[LM],V,V,V,(c.e.g.c1)[KL],(c.e.g.c1)[KM],(e.g.c1)[M],(g.c1.e1)[LM],(f.b.d1)[LM],(d.f.b)[LM],(G-1.B-1.d.g)[LM],(c.e.g)[KM],(e.g.c1)[M],(e.g.c1)[KM],(g.c1.e1)[M],(G-1.g.c1.e1)[LM],(f.b.d1)[LM],(d.f.b)[LM],(G-1.B-1.d.g)[LM],(c.e.g)[KM],(e.g.c1)[M],(g.c1.e1)[M],(c1.e1.g1)[KM],(f@a@e1.g1)[KL],(d1.f1)[LM],(f.a.c1.e1)[LM],(f.a.d1)[LM],(f.a.#c1)[L],e1[M],(#f.a.d1)[LM],(#F-1.a)[LM],(G-1.b)[LM],(g.g1)[M],(g.g1)[M],(g.g1)[M],(g.g1)[M],U,V,V,V;","G-1[L],(e1.#f1)[M],(c1.e1.#f1)[LM],B-1[L],(#d1.#f1)[M],(#a.#d1.#f1)[LM],E-1[L],(b1.e2)[M],(b.e1)[LM],F-1[L],d[M],(F-1.f)[L],d1[M],(g.e1)[M],G-1[M],e[M],g[M],c1[NO],e1[NO],(b.f1)[LM],(G-1.f.b)[LM],(c.e.c1)[JK],G-1[L],(e1.#f1)[M],(c1.e1.#f1)[LM],B-1[L],(#d1.#f1)[M],(#a.#d1.#f1)[LM],(E-1.e)[L],(b1.e2)[M],(#a.#c1.g1)[LM],f[L],d1[M],(F-1.a)[L],d2[M],g[M],G-1[M],e[M],g[M],c1[M],e1[N],(g.c1.g1)[LM],(G-1.f.b)[LM],(G-1.f.b)[KL],(C-1.e)[LM],c[M],e[M],g[M],UV,(e1.g1)[M],(e1.g1)[M],(e1.g1)[M],(e1.g1.c2)[LM],(g1.c2.e2)[M],(g1.c2.e2)[M],(g1.c2.e2)[M],(g1.c2.e2.g2)[LM],(b1.d2.g2.b2)[M],(b1.d2.g2.b2)[M],(b1.d2.g2.b2)[M],(d2.g2.b2.d3)[LM],(g2.b2.d3.g3)[M],(g2.b2.d3.g3)[M],(g2.b2.d3.g3)[M],UV,(e1.g1)[M],(e1.g1)[M],(e1.g1)[M],(e1.g1.c2)[LM],(g1.c2.e2)[M],(g1.c2.e2)[M],(g1.c2.e2)[M],(g1.c2.e2.g2)[LM],(b1.d2.g2.b2)[M],(b1.d2.g2.b2)[M],(b1.d2.g2.b2)[M],(d2.g2.b2.d3)[LM],(g2.g3)[M],(g2.g3)[M],(g2.g3)[M],UV,(e1.g1)[M],(e1.g1)[M],(e1.g1)[M],(g1.c2.e2)[LM],(c2.e2.g2)[M],(c2.e2.g2)[M],(c2.e2.g2)[M],(c2.e2.a2)[LM],(e2.a2)[M],(e2.a2)[M],(e2.a2)[M],(a2.e3)[LM],(f3.a3)[M],(f3.a3)[M],(f3.a3)[M],(f3.d4)[LM],(f3.a3)[M],(f3.a3.#c4)[M],(f3.a3.e4)[M],(d3.a3.d4)[LM],(d3.d4)[M],(d3.a3.d4)[M],(d3.c4.d4)[M],(d3.b3.d4)[LM],(g3.g4)[M],(g3.g4)[M],(g3.g4)[M],(g3.g4)[LM],g1[M],a1[M],b1[M],G-1[L],(e1.#f1)[M],#g[M],c1[M],e1[M],B-1[L],(#d1.#f1)[M],#g[M],b[M],#f1[M],E-1[L],(b1.e2)[M],g[M],b[M],e1[M],F-1[L],d[M],f[M],b[M],d1[M],(e.g)[LN],G-1[M],e[M],g[M],(b.f1)[LM],(G-1.f.b)[LM],(c.e.c1)[JK],G-1[L],(e1.#f1)[M],#g[M],c1[M],e1[M],B-1[L],(#d1.#f1)[M],#g[M],b[M],#f1[M],E-1[L],(b1.e2)[M],g[M],b[M],e1[M],F-1[L],d[M],f[M],b[M],d1[M],(e.g)[LN],G-1[M],e[M],g[M],(b.f1)[LM],(G-1.f.b)[LM],(G-1.f.b)[KL],(C-1.e)[LM],c[M],e[M],g[M],UV,(e1.g1)[M],(e1.g1)[M],(e1.g1)[M],(e1.g1.c2)[LM],(g1.c2.e2)[M],(g1.c2.e2)[M],(g1.c2.e2)[M],(g1.c2.e2.g2)[LM],(b1.d2.g2.b2)[M],(b1.d2.g2.b2)[M],(b1.d2.g2.b2)[M],(d2.g2.b2.d3)[LM],(g2.b2.d3.g3)[M],(g2.b2.d3.g3)[M],(g2.b2.d3.g3)[M],UV,(e1.g1)[M],(e1.g1)[M],(e1.g1)[M],(e1.g1.c2)[LM],(g1.c2.e2)[M],(g1.c2.e2)[M],(g1.c2.e2)[M],(g1.c2.e2.g2)[LM],(b1.d2.g2.b2)[M],(b1.d2.g2.b2)[M],(b1.d2.g2.b2)[M],(d2.g2.b2.d3)[LM],(g2.g3)[M],(g2.g3)[M],(g2.g3)[M],UV,(e1.g1)[M],(e1.g1)[M],(e1.g1)[M],(g1.c2.e2)[LM],(c2.e2.g2)[M],(c2.e2.g2)[M],(c2.e2.g2)[M],(c2.e2.a2)[LM],(e2.a2)[M],(e2.a2)[M],(e2.a2)[M],(a2.e3)[LM],(f3.a3)[M],(f3.a3)[M],(f3.a3)[M],(f3.d4)[LM],(f3.a3)[M],(f3.a3.#c4)[M],(f3.a3.e4)[M],(d3.a3.d4)[LM],(d3.d4)[M],(d3.a3.d4)[M],(d3.c4.d4)[M],(d3.b3.d4)[LM],(g3.g4)[M],(g3.g4)[M],(g3.g4)[M],(g3.g4)[LM],g1[M],a1[M],b1[M];"]},{"id":3,"baseBeats":0.25,"scores":["(c2.c3)[KL],(b1.b2)[KM],(#f1.#f2)[M],(a1.a2)[LM],g2[LM],(a1.d2.f2)[LM],(f1.a1.d2)[LM],3<c2[N],d2[N],c2[N],d2[N],c2[N],d2[N],c2[N],d2[N],c2[N],b1[N],c2[N]>,(f1.d2)[LM],(d1.g1)[L],d2[M],(e1.g1.e2)[LM],c1[M],e1[M],g1[M],e1[M],c1[M],g[M],c1[M],e1[M],g1[M],(c2.c3)[KL],(b1.b2)[KM],(#f1.#f2)[M],(a1.a2)[LM],g2[LM],(a1.d2.f2)[LM],(f1.a1.d2)[LM],3<c2[N],d2[N],c2[N],d2[N],c2[N],d2[N],c2[N],d2[N],c2[N],b1[N],c2[N]>,(e1.e2)[LM],(d1.g1.d2)[L],e2[M],(d1.g1.d2)[KL],(c1.g1.c2)[LM],c1[M],e1[M],g1[M],(c2.e2.#f2.c3)[KL],(b1.#d2.#f2.b2)[KM],(#f1.b1.#d2.#f2)[M],(a1.#d2.#f2.a2)[LM],(g1.e2.g2)[LM],(f1.a1.d2.f2)[LM],(d1.f1.a1.d2)[LM],3<(c1.c2)[N],(d1.d2)[N],(c1.c2)[N],(d1.d2)[N],(c1.c2)[N],(d1.d2)[N],(c1.c2)[N],(d1.d2)[N],(c1.c2)[N],(b.b1)[N],(c1.c2)[N]>,(d1.g1.d2)[LM],(d1.g1)[L],d2[M],(e1.g1.e2)[LM],(c1.c2)[MN],(e1.e2)[MN],(g1.g2)[MN],(c1.c2)[MN],(e1.e2)[MN],(g1.g2)[MN],(c2.e2.#f2.c3)[KL],(b1.#d2.#f2.b2)[KM],(#f1.b1.#f2)[M],(a1.b1.e2.a2)[LM],(g1.#a1.e2.g2)[LM],(f1.a1.d2.f2)[LM],(a1.d2.a2)[LM],3<(c1.c2)[N],(d1.d2)[N],(c1.c2)[N],(d1.d2)[N],(c1.c2)[N],(d1.d2)[N],(c1.c2)[N],(d1.d2)[N],(c1.c2)[N],(b.b1)[N],(c1.c2)[N]>,(e1.e2)[LM],(d1.g1.d2)[L],(e1.g1.e2)[M],(d1.g1.d2)[KL],(c1.g1.c2)[LM],V,7<(e~g~c1~e1~g1~c2~e2~g2)[L]>,(c2.e2.g2.c3)[KL],(c2.e2.g2.c3)[KM],(c2.e2.g2.c3)[M],(e2.g2.c3.e3)[LM],(d2.f2.b2.d2)[LM],(b1.d2.f2.b2)[LM],(g1.b1.d2.g2)[LM],(c2.e2.g2.c3)[KL],(c2.e2.g2.c3)[KM],(c2.e2.g2.c3)[M],(e2.g2.c3.e3)[LM],(d2.f2.b2.d2)[LM],(b1.d2.f2.b2)[LM],(g1.b1.d2.g2)[LM],(g1.c2.e2.g2)[KM],(c2.e2.g2.c3)[M],(e2.g2.c3.e3)[KM],(g2.c3.e3.g3)[M],(g2.a2.c3.e3.g3)[KL],(f2.a2.d3.f3)[LM],(e2.a2.c3.e3)[LM],(d2.a2.d3)[LM],(#c2.a2.#c3)[L],(e2.e3)[M],(d2.a2.d3)[LM],(a1.d2.a2)[L],(c2.c3)[M],(b1.d2.b2)[LM],(g2.g3)[M],(g2.g3)[M],(g2.g3)[M],(g2.g3)[M],(g2.g3)[M],(g2.g3)[M],(g2.g3)[M],(a2.a3)[M],(b2.b3)[M],(c3.e3.#f3.c4)[KL],(b2.#d3.#f3.b3)[KM],(#f1.b1.#d2.#f2)[M],(a1.#d2.#f2.a2)[LM],(g1.b1.d2.g2)[LM],(f1.a1.d2.f2)[LM],(d1.a1.d2)[LM],3<c2[N],d2[N],c2[N],d2[N],c2[N],d2[N],c2[N],d2[N],c2[N],b1[N],c2[N]>,(d1.d2)[LM],(e1.g1)[L],d2[M],(e1.g1.e2)[LM],(c1.c2)[MN],(e1.e2)[MN],(g1.g2)[MN],(c1.c2)[MN],(e1.e2)[MN],(g1.g2)[MN],(c2.e2.#f2.c3)[KL],(b1.#d2.#f2.b2)[KM],(#f1.#f2)[M],(a1.b1.e2.a2)[LM],(g1.#a1.d2.g2)[LM],(f1.a1.d2.f2)[LM],(d1.f1.a1.d2)[LM],3<c2[N],d2[N],c2[N],d2[N],c2[N],d2[N],c2[N],d2[N],c2[N],b1[N],c2[N]>,(e1.e2)[LM],(d1.g1.d2)[L],e2[M],(G-2.G-1)[M],(A-2.A-1)[M],(G-2.G-1)[M],(A-2.A-1)[M],(G-2.G-1)[M],(A-2.A-1)[M],(G-2.G-1)[M],(A-2.A-1)[M],(G-2.G-1)[M],(A-2.A-1)[M],(G-2.G-1)[M],5<(#F-2.#F-1)[N],(G-2.G-1)[N]>,(c1.g1.c2)[KN],(c2.g2.c3)[KN],(c3.g3.c4)[JM];","G-1[L],(e1.#f1)[M],#g[M],c1[M],e1[M],B-1[L],(#d1.#f1)[M],#g[M],b[M],#f1[M],E-1[L],(b1.e2)[M],g[M],b[M],e1[M],F-1[L],d[M],f[M],b[M],d1[M],(e.g)[LN],G-1[M],e[M],g[M],(b.f1)[LM],(G-1.f.b)[LM],(c.e.c1)[JK],G-1[L],(e1.#f1)[M],#g[M],c1[M],e1[M],B-1[L],(#d1.#f1)[M],#g[M],b[M],#f1[M],E-1[L],(b1.e2)[M],g[M],b[M],e1[M],F-1[L],d[M],f[M],b[M],d1[M],(e.g)[LN],G-1[M],e[M],g[M],(b.f1)[LM],(G-1.f.b)[LM],(G-1.f.b)[KL],(C-1.e)[LM],c[M],e[M],g[M],(A-2.A-1.e.#f.c1)[KL],(B-2.B-1.#d.#f.b)[KM],(B-2.B-1.#d.#f.b)[M],(E-1.B-1.e)[KL],(F-1.d.f)[LM],(F-1.d.a)[LM],(G-1.e.g)[N],(G-1.e.g)[N],(G-1.e.g)[N],(G-1.e.g)[N],(G-1.e.g)[N],(G-1.e.g)[N],(G-1.e.g)[N],(G-1.e.g)[N],(G-1.e.g)[N],(G-1.e.g)[N],(G-1.e.g)[N],(G-1.B-1.g)[LM],(G-1.B-1.f.g)[LM],(c.e.g.c1)[KN],(G-1.g)[MN],(E-1.e)[MN],(G-1.g)[MN],(E-1.e)[MN],(C-1.c)[MN],(A-2.A-1)[LM],(#F-2.#F-1)[LM],(B-2.B-1)[LM],(D-1.d)[LM],(E-1.e)[LM],(#C-1.#c)[LM],(D-1.d)[LM],(F-1.f)[LM],(G-1.e.g)[N],(G-1.e.g)[N],(G-1.e.g)[N],(G-1.e.g)[N],(G-1.e.g)[N],(G-1.e.g)[N],(G-1.e.g)[N],(G-1.e.g)[N],(G-1.e.g)[N],(G-1.e.g)[N],(G-1.e.g)[N],(G-1.c.e.g)[LM],(G-1.B-1.f.g)[L],(G-1.B-1.f.g)[M],(G-1.B-1.f.g)[KL],(c.e)[KL],(c@e@g@c1)[LM],(G-1@c@e@g)[LM],(E-1@G-1@c@e)[LM],(C-1@E-1@G-1@c)[LM],(G-2.G-1)[LM],(g.g1)[M],(g.g1)[M],(g.g1)[M],(g.g1)[LM],(G-1.B-1.d.g)[LM],(c@e@g@c1)[LM],(G-1@c@e@g)[LM],(E-1@G-1@c@e)[LM],(C-1@E-1@G-1@c)[LM],(G-2.G-1)[LM],(g.g1)[M],(g.g1)[M],(g.g1)[M],(g.g1)[LM],(G-1.B-1.d.g)[LM],(c@e@g@c1)[LM],(G-1@c@e@g)[LM],(E-1@G-1@c@e)[LM],(C-1@E-1@G-1@c)[LM],(G-2.G-1)[LM],(g.g1)[M],(g.g1)[M],(g.g1)[M],(g.g1)[LM],(G-1.B-1.d.g)[LM],(e.a.d1)[LM],(F-1.d.a)[LM],(#F-1.d.a)[LM],(#f.a.d1)[LM],(G-1.g)[LM],(g.g1)[LM],(a.a1)[LM],(b.b1)[LM],(G-2.G-1)[M],(C-1.c)[M],(E-1.e)[M],(G-1.g)[LM],(B-2.B-1)[M],(#D-1.#d)[M],(#F-1.#f)[M],(B-1.b)[LM],(E-1.e)[M],(G-1.g)[M],(B-1.b)[M],(e.e1)[LM],(F-1.f)[M],(A-1.a)[M],(d.d1)[M],(f.f1)[LM],(G-1.e.g)[N],(G-1.e.g)[N],(G-1.e.g)[N],(G-1.e.g)[N],(G-1.e.g)[N],(G-1.e.g)[N],(G-1.e.g)[N],(G-1.e.g)[N],(G-1.e.g)[N],(G-1.e.g)[N],(G-1.e.g)[N],(G-1.B-1.f.g)[LM],(G-1.B-1.f.g)[LM],(C-1.E-1.G-1.c)[KN],(G-1.g)[MN],(E-1.e)[MN],(G-1.g)[MN],(E-1.e)[MN],(C-1.c)[MN],(A-2.A-1)[MN],(A-1.a)[MN],(#F-2.#F-1)[MN],(#F-1.#f)[MN],(B-2.B-1)[MN],(B-1.b)[MN],(#D-1.#d)[MN],(#d.#d1)[MN],(E-1.e)[MN],(e.e1)[MN],(#C-1.#c)[MN],(#c.c1)[MN],(D-1.d)[MN],(d.d1)[MN],(F-2.F-1)[MN],(F-1.f)[MN],(G-1.e.g)[N],(G-1.e.g)[N],(G-1.e.g)[N],(G-1.e.g)[N],(G-1.e.g)[N],(G-1.e.g)[N],(G-1.e.g)[N],(G-1.e.g)[N],(G-1.e.g)[N],(G-1.e.g)[N],(G-1.e.g)[N],(G-1.c.e.g)[LM],(G-1.B-1.f.g)[LM],(d1.f1.b1.d2)[JK],(C-1.G-1.c)[KN],(c.g.c1)[KN],(c1.g1.c2)[JM];"]}],"audition":{"start":[1,0],"end":[1,53]}}