{"baseBpm":324,"musics":[{"bpm":324,"baseBeats":0.75,"scores":["#f[JK],b[JK],e[JM],#f[LM],g[JK],#c[JK],#f[JK],(d.#f2)[JM],#c[LM],B-1[JK],(#A-1.#c2)[JM],d2[LM],(#F-1.e2)[JK],(B-1.d2)[JM],#c2[LM],(#d.b1)[JK],(e.g2.b1)[JM],#f2[LM],(g.e2)[JM],d2[LM],(f.d2)[JKN],(#f.#a1.#c2)[JKM],#f[JK],b[JK],e[JM],#f[LM],g[JK],#c[JK],#f[JK],(d.#f2)[JM],#c[LM],B-1[JK],(#A-1.#c2)[JM],d2[LM],(#F-1.e2)[JK],(B-1.d2)[JM],#c2[LM],(#d.b1)[JK],(e.g2.b1)[JM],#f2[LM],(g.e2)[JM],d2[LM],(f.d2)[JKN],(#f.#a1.#c2)[JKM],(#f.d2.a1)[JK],(d.#f2)[JK],(a.#c2)[JK],(A-1.e2)[KL],c2[KL],(g.b1)[JK],(e.g2)[JK],(b.#d2)[JK],(B-1.#f2)[KL],d2[KL],(b.g2)[JK],(g.b2)[JK],(d1.#f2)[JK],(d.a2)[JK],(a.e2)[JK],(A-1.g2)[JK],(d.a1)[JK],(D-1.d2.#f2)[JK],(#F-1.#a1)[JK],(#f.#c2.e2)[JK],(B-1.#f1)[JK],(b.d2.b1)[JK],(#f.#c2)[JK],(e1.#f2.#a1)[JKM],(b.d1.b2.b1)[JKN],(a.e1.g1)[KLN],#c2[KLN],(#f.d2.a1)[JK],(d.#f2)[JK],(a.#c2)[JK],(A-1.e2)[KL],c2[KL],(g.b1)[JK],(e.g2)[JK],(b.#d2)[JK],(B-1.#f2)[KL],d2[KL],(b.g2)[JK],(g.b2)[JK],(d1.#f2)[JK],(d.a2)[JK],(a.e2)[JK],(A-1.g2)[JK],(d.a1)[JK],(D-1.d2.#f2)[JK],(#F-1.#a1)[JK],(#f.#c2.e2)[JK],(B-1.#f1)[JK],(b.d2.b1)[JK],(#f.#c2)[JKN],(e1.#f2.#a1)[JKN],(b.d1.b1)[JKM],#f1[JMN],e1[LMN],(#f.#d1)[JK],b[JK],(e.g1)[JM],"],"id":1},{"bpm":324,"baseBeats":0.75,"scores":["#f[LM],g[JK],(#c.#a)[JK],#f[JK],(d.b)[JMN],#c[LM],B-1[JKM],#f2[JK],(#d1.b2)[JK],(g1.e2)[JM],#f2[LM],g2[JK],(#a.#c2)[JK],#f2[JK],(b.d2)[JM],#c2[LM],b1[JK],(#F-1.#d2)[JK],(B-1.b1)[JM],c2[LM],(E-1.b1.g2)[JM],#F-1[LM],G-1[JK],(#C-1.#a1)[JK],(#F-1.#f1)[JM],g1[LM],(D-1.b1.#f1)[JM],#C-1[LM],(B-2.d2)[JK],(#C-1.#a1)[JK],(#F-1.#f1)[JM],g1[LM],(D-1.b1.#f1)[JM],#C-1[LM],(B-2.#f2)[JK],(#C-1.#a1)[JK],(#F-1.#f1)[JM],g1[LMN],(D-1.b1.#f1)[JMN],#C-1[LM],(B-2.b2)[IJKM],(B-2.B-1.b1)[HN],(B-1.#f.b1.#d2)[JKN],(e.#g.#g1.#c2)[JK],(#f.#c1.#f1.#a1)[IJ],(B-1.#f.b1.#d2)[JK],(e.#g.#g1.#c2)[JK],(#f.#c1.#f1.#a1)[IJ],(#g.b.b1.#d2)[JK],(#a.#c1.#a1.#c2)[JK],(b.#d1.#g1.#f2)[JK],(#c1.#f1.#a1.#f2)[JKN],(#C-1.#c.#g1.b1.f2)[JKM],(#F-2.#F-1.#f1.#a1.#f2)[HKLN],(B-1.#f.b1.#d2)[JK],(e.#g.#g1.#c2)[JK],(#f.#c1.#f1.#a1)[IJ],(B-1.#f.b1.#d2)[JK],(e.#g.#g1.#c2)[JK],(#f.#c1.#f1.#a1)[IJ],(#g.b.b1.#d2)[JK],(#a.#c1.#a1.#c2)[JK],(b.#d1.#g1.#f2)[JK],(#c1.#f1.#a1.#f2)[JKM],(#C-1.#c.#g1.b1.f2)[JKM],(#F-2.#F-1.#f1.#a1.#f2)[HKLN],(c1.#d1.a1.#f2)[JK],(#c1.e1.#g1.e2)[JK],(e1.g1.#c2)[IJ],(#g.b1.e2)[JK],(#a.#f1.#d2)[JK],(b.#f1.b1)[IJ],(e1.#c1.#a1.#g2)[JK],(#d1.#f1.b1.#f2)[JK],(#c.#c1.b1.e2.b2)[JK],(#f1.#f.b1.#c2.e2.b2)[JKN],(#F-1.#f.#a1.#c2.e2.#a2)[JKM],(B-2.B-1.b1.#d2.b2)[HKLM],(c1.#d1.a1.#f2)[JK],(#c1.e1.#g1.e2)[JK],(e1.g1.#c2)[IJ],(#g.b1.e2)[JK],(#a.#f1.#d2)[JK],(b.#f1.b1)[IJ],(e1.#c1.#a1.#g2)[JK],(#d1.#f1.b1.#f2)[JK],(#c.#c1.b1.e2.b2)[JKN],(#f1.#f.b1.#c2.e2.b2)[JKM],(#F-1.#f.#a1.#c2.e2.#a2)[JKMN],(B-2.B-1.b1.#d2.b2)[HN],(#f.#f1.b1.d2.b2)[JKM],(#F-1.#f.#a1.#c2.#a2)[JKMN],#f[JK],b[JK],e[JM],#f[LM],g[JK],#c[JK],#f[JK],(d.#f2)[JM],#c[LM],B-1[JK],(#A-1.#c2)[JM],d2[LM],(#F-1.e2)[JK],(B-1.d2)[JM],#c2[LM],(#d.b1)[JK],(e.g2.b1)[JM],#f2[LM],(g.e2)[JM],d2[LM],(f.d2)[JKN],(#f.#a1.#c2)[JKN],#f[JK],b[JK],e[JM],#f[LM],g[JK],#c[JK],#f[JK],(d.#f2)[JM],#c[LM],B-1[JK],(#A-1.#c2)[JM],d2[LM],(#F-1.e2)[JK],(B-1.d2)[JM],"],"id":2},{"bpm":324,"baseBeats":0.75,"scores":["#c2[LM],(#d.b1)[JK],(e.g2.b1)[JM],#f2[LM],(g.e2)[JMN],d2[LMN],(f.d2)[JKM],(#f.#a1.#c2)[JKM],(#f.d2.a1)[JK],(d.#f2)[JK],(a.#c2)[JK],(A-1.e2)[KL],c2[KL],(g.b1)[JK],(e.g2)[JK],(b.#d2)[JK],(B-1.#f2)[KL],d2[KL],(b.g2)[JK],(g.b2)[JK],(d1.#f2)[JK],(d.a2)[JK],(a.e2)[JK],(A-1.g2)[JK],(d.a1)[JK],(D-1.d2.#f2)[JK],(#F-1.#a1)[JK],(#f.#c2.e2)[JK],(B-1.#f1)[JK],(b.d2.b1)[JKN],(#f.#c2)[JKN],(e1.#f2.#a1)[JKM],(b.d1.b2.b1)[JKM],(a.e1.g1)[KLN],#c2[KLN],(#f.d2.a1)[JK],(d.#f2)[JK],(a.#c2)[JK],(A-1.e2)[KL],c2[KL],(g.b1)[JK],(e.g2)[JK],(b.#d2)[JK],(B-1.#f2)[KL],d2[KL],(b.g2)[JK],(g.b2)[JK],(d1.#f2)[JK],(d.a2)[JK],(a.e2)[JK],(A-1.g2)[JK],(d.a1)[JK],(D-1.d2.#f2)[JK],(#F-1.#a1)[JK],(#f.#c2.e2)[JK],(B-1.#f1)[JK],(b.d2.b1)[JKN],(#f.#c2)[JKN],(e1.#f2.#a1)[JKM],(b.d1.b1)[JKM],#f1[JMN],e1[LMN],(#f.#d1)[JK],b[JK],(e.g1)[JMN],#f[LM],g[JKN],(#c.#a)[JK],#f[JK],(d.b)[JMN],#c[LM],B-1[JK],#f2[JKN],(#d1.b2)[JK],(g1.e2)[JM],#f2[LMN],g2[JK],(#a.#c2)[JKN],#f2[JK],(b.d2)[JM],#c2[LM],b1[JKN],(#F-1.#d2)[JK],(B-1.b1)[JMN],c2[LM],(E-1.b1.g2)[JM],#F-1[LM],G-1[JKN],(#C-1.#a1)[JK],(#F-1.#f1)[JMN],g1[LM],(D-1.b1.#f1)[JM],#C-1[LM],(B-2.d2)[JKM],(#C-1.#a1)[JK],(#F-1.#f1)[JMN],g1[LM],(D-1.b1.#f1)[JMN],#C-1[LMN],(B-2.#f2)[JKN],(#C-1.#a1)[JKM],(#F-1.#f1)[JMN],g1[LMN],(D-1.b1.#f1)[JLN],#C-1[LMN],(B-2.b2)[HN],(B-2.B-1.b1)[HHHIJMN],"],"id":3}],"audition":{"start":[0,0],"end":[1,0]}}