{"baseBpm":189,"musics":[{"bpm":189,"baseBeats":0.75,"scores":["TU,TU,TU,TW,5<UV>,TW,TU,TU,TU,TU,TU,TU,TU,TU,TU,TU,TU,TU,TU,TU,TU,TU,TU,TUV,TUW,TU,TU,TU,","#d2[KL],d2[KL],a1[KL],c2[KL],#a1[M],c2[N],#a1[LM],a1[MN],#a1[KL],a1[KL],g1[KL],(#d1.#f1)[KL],(d1.a1)[KL],(a.c2)[KL],(c1.#d2)[KL],(#a.d2)[KN],a[MN],(#a.e2)[KL],(a.#f2)[KL],(#a.g2)[KL],#g2[KL],(b.g2)[KL],d2[KL],f2[KL],d1[KL],(c1.e2)[KL],g[KLM],#a[KLN],g2[KL],(a.f2)[KL],c2[KL],"],"id":1},{"bpm":190.5,"baseBeats":0.75,"scores":["TU,TU,TU,TU,TU,TU,TU,TU,","(c1.d2)[KL],(#a.#d2)[KL],d2[KL],(#f.a1)[KL],(g.c2)[KL],(#d1.#a1)[KN],a1[MN],(d1.#a1)[KL],(a.#f1)[KL],"],"id":2},{"bpm":192,"baseBeats":0.75,"scores":["TU,TU,TU,TUW,TUV,TU,TU,TU,TU,TUW,TUVW,SW,QQRS,","(c1.#d2)[KL],(#a.d2)[KN],a[MN],(#a.e2)[KL],(a.#f2)[KLN],(g.g2)[KLM],(D-1.#a2)[KN],a2[MN],(#D-1.#a2)[KL],(#F-1.a2)[KL],(G-1.g2)[KL],(d2.g1.f2.g2)[KLN],(c2.#d2)[KLMN],(c2.g1.#d2.#f2)[JN],(b1.g1.g2.d2)[HHIJ],"],"id":3}],"audition":{"start":[0,0],"end":[1,0]}}