{"baseBpm":194,"musics":[{"id":1,"baseBeats":0.25,"scores":["#f2[KM],a2[KNO],(b2.d2.#g2.#g1)[JMNO],#f2[KNO],a2[KM],(b2.g2.d2.g1)[JMNO],b2[KNO],#f3[KNO],(e3.e2.#c2.#f1)[KM],#f3[KM],e3[KM],d3[KM],(b2.b1.d2.f1)[JLO],a2[KMO],#f2[KMN],(e2.b1.e1)[KMO],b1[KMN],e2[KMN],#f2[KMN],(e2.#a1.g1)[KLMNO],#f2[MNO],e2[L],d2[KMNO],e2[HJLNO],#f1[M],a1[M],b1[M],d2[M],(e2.g.d.G-1)[LO],(b1.g.d.G-1)[L],#f2[L],b1[L],e2[M],#f2[M],e2[M],d2[M],b1[L],d2[L],(e2.a.e.A-1)[LO],(a1.a.e.A-1)[L],#f2[L],a1[L],(e2.A-2)[M],(#f2.E-1)[M],(e2.A-1)[M],(d2.e)[M],(a1.a)[L],(d2.A-1)[L],(e2.#f.#c.#F-1)[LO],(a1.#f.#c.#F-1)[L],#f2[L],a1[L],e2[M],#f2[M],e2[M],d2[M],a1[L],(d2.B-2)[L],(e2.#F-1.B-1.B-2)[LO],(#f2.#F-1.B-2.B-1)[L],(e2.#F-1.B-1.B-2)[M],(#f2.B-1.B-2)[M],(e2.#F-1.B-1.B-2)[M],(d2.B-1.B-2)[M],(b1.B-1.#F-1.B-2)[LO],(B-1.#F-1.B-2)[L],(b1.A-1.E-1.A-2)[L],(d2.A-1.E-1.A-2)[L],(e2.G-1.G-2)[LO],(b1.g.d)[L],(#f2.G-1.G-2)[L],(b1.g.d)[LO],(e2.G-1.G-2)[M],#f2[M],(e2.g.d)[M],d2[M],(b1.G-1.G-2)[L],(d2.g.d)[LO],(e2.A-1.A-2)[L],(a1.a.e)[L],(#f2.A-1.A-2)[L],(a1.a.e)[LO],(e2.A-1.A-2)[M],#f2[M],(e2.a.e)[M],d2[M],(a1.A-1.A-2)[L],(d2.a.e)[LO],(e2.B-2.B-1)[M],(#f2.B-2.B-1)[M],(e2.B-2.B-1)[M],(d2.B-2.B-1)[M],b1[L],(a1.B-2.B-1)[M],(b1.B-2.B-1)[M],(a1.B-2.B-1)[M],(#f1.B-2.B-1)[M],e1[L],(#c2.B-2.B-1)[M],(d2.B-2.B-1)[M],(#c2.B-2.B-1)[M],(a1.B-2.B-1)[M],#f1[L],(e2.B-2.B-1)[M],(#f2.B-2.B-1)[M],(a2.B-2.B-1)[M],(d3.B-2.B-1)[M],b2[LO],a[K],(d1.#f)[L],(a.#f)[LO],(e1.a.#f)[L],(a.#f)[K],(#f1.a.#f)[LO],(e1.a.#f)[L],(a.#f)[K],(#f1.a.#f)[LO],(e1.d1.g)[L],(d1.g)[L],d1[L],(d1.g)[LO],(d1.g)[L],(d1.g)[L],a[L],(d1.g)[LO],(e1.a)[L],(e1.a)[KO],(#f1.e1.a)[L],(e1.a)[L],(e1.a)[L],e1[LO],(#f1.e1.a)[L],(e1.d1.b)[L],(d1.b)[L],d1[LO],(d1.b)[L],(d1.b)[L],(d1.b)[KO],(d1.b)[L],(e1.#f)[L],(e1.#f)[KO],(d1.e1.#f)[L],(d1.e1.#f)[L],(e1.#f)[KO],(d1.e1.#f)[L],(e1.d1.g)[L],(d1.g)[KO],(d1.g)[L],(d1.g)[L],(d1.g)[L],#f1[LO],(d1.g)[L],(e1.a)[L],(e1.a)[L],#f1[LO],(e1.a)[L],(e1.a)[L],(e1.a)[L],d1[LO],(d1.e1.a)[L],(d1.b)[L],(d1.b)[KO],(d1.b)[L],(a.d1.b)[K],8<(d1~b2)[N],#a2[O],a2[O],#g2[O],g2[O],#f2[O],f2[O],e2[O],#d2[O],d2[O],#c2[O],c2[M]>,(e1.#F-2.#F-1)[L],(#F-2.#F-1)[LO],(#c.#F-1)[L],(#f1.#F-1.#F-2)[L],(e1.#F-2.#F-1)[L],(#F-2.#F-1)[LO],(#c.#F-1)[L],(#f1.#F-1.#F-2)[L],(e1.G-2.G-1)[L],(e1.G-2.G-1)[LO],(d1.d.G-1)[L],(G-1.G-2)[L],(d1.G-2.G-1)[L],(G-2.G-1)[LO],(a.d.G-1)[L],(d1.G-1.G-2)[L],(e1.A-2.A-1)[L],(A-2.A-1)[LO],(e.A-1)[L],(#f1.A-1.A-2)[L],(e1.A-2.A-1)[L],(A-2.A-1)[LO],(e.A-1)[L],(#f1.A-1.A-2)[L],(e1.B-2.B-1)[L],(B-2.B-1)[LO],(d1.#f.B-1)[L],(d1.B-1.B-2)[L],(d1.B-2.B-1)[L],(B-2.B-1)[LO],(#f.B-1)[L],(B-1.B-2)[L],(e1.#F-2.#F-1)[L],(#F-2.#F-1)[LO],(#c.#F-1)[L],(d1.#F-1.#F-2)[L],(d1.#F-2.#F-1)[L],(#F-2.#F-1)[LO],(#c.#F-1)[L],(d1.#F-1.#F-2)[L],(e1.G-2.G-1)[L],(G-2.G-1)[LO],(d.G-1)[L],(d1.G-1.G-2)[L],(d1.G-2.G-1)[L],(G-2.G-1)[LO],(#f1.d.G-1)[L],(G-1.G-2)[L],(e1.A-2.A-1)[LO],(A-2.A-1)[L],(#f1.e.A-1)[L],(e1.A-1.A-2)[L],(A-2.A-1)[LO],(A-2.A-1)[L],(d1.e.A-1)[L],(d1.A-1.A-2)[L],(B-2.B-1)[LO],(B-2.B-1)[K],(B-1.B-2)[L],(#f1.B-2.B-1)[KO],a1[K],(b1.D-1.G-1.G-2)[KO],d2[L],(a1.A-1.E-1.A-2)[KO],b1[L],(#f1.d.A-1.D-1)[JKO],#f1[LO],D-2[L],(a1.E-2)[L],F-2[L],(e1.#F-2)[LO],#F-1[L],(#f1.B-1)[L],(e1.#A-1)[KO],(d1.#F-2)[L],(#f1.B-2)[JKN],(#f1.B-1)[M],B-1[MN],B-2[M],(a1.B-2)[MN],B-3[M],B-3[MN],(b1.e1.a)[K],d2[KO],(a1.#c1.#a)[K],b1[KO],(#f1.d1.b)[JO],(e1.G-2.G-1)[K],d1[KO],(e1.#F-2.#F-1)[L],(#F-2.#F-1)[L],(#f1.#F-2.#F-1)[L],(#F-2.#F-1)[LO],(a1.#F-2.#F-1)[L],(#C-1.#F-2.#F-1)[L],(#f1.#C-1.#F-2.#F-1)[L],(#C-1.#F-2.#F-1)[LO],(#a1.#C-1.#F-2.#F-1)[K],8<b2[O],#a2[O],a2[O],#g2[O],g2[O],#f2[O],f2[O],e2[O],#d2[O],d2[O],#c2[N],c2[M]>,"]},{"id":2,"baseBeats":0.25,"scores":["#f1[K],a1[KO],(b1.G-1.G-2)[L],(G-1.d)[M],(d.G-1)[M],(#f1.G-1.G-2)[L],(a1.d.G-1)[LO],(b1.A-1.A-2)[L],(A-1.e)[M],(e.A-1)[M],(a1.A-1.A-2)[L],(#f1.e.A-1)[LO],(e1.#F-1.#F-2)[L],(d1.#F-1.#c)[M],(#c.#F-1)[M],(e1.#F-1.#F-2)[LO],(#f1.#c.#F-1)[L],(d1.B-1.B-2)[L],(B-1.#f)[M],(#f.B-1)[M],(b.B-1.B-2)[LO],(d1.#f.B-1)[L],(e1.#A-1.#A-2)[L],(#A-1.e)[M],(e.#A-1)[M],(e1.#A-1.#A-2)[LO],(#f1.f.#A-1)[L],(a1.#F-1.#F-2)[L],5<(#f1.#F-1.#c)[NO],a1[O]>,5<(#c.#F-1)[N],#f1[N]>,(e1.#F-1.#F-2)[LO],(d1.#c.#F-1)[L],(e1.B-1.B-2)[L],(#c.#F-1)[M],(#c.#F-1)[M],(e1.B-1.B-2)[LO],(d1.#c.#C-1)[L],(#f1.d.D-1)[L],(#f.d)[M],(#f.d)[M],(#f1.#F-1.#F-2)[LO],(a1.#c.#F-1)[L],(b1.G-1.G-2)[L],(G-1.d)[M],(d.G-1)[M],(#f1.G-1.G-2)[LO],(a1.d.G-1)[L],(b1.A-1.A-2)[L],(A-1.e)[M],(e.A-1)[M],(b1.A-1.A-2)[LO],(#f2.e.A-1)[L],(e2.#F-1.#F-2)[L],(#f2.#F-1.#c)[M],(#c.#F-1)[M],(e2.#F-1.#F-2)[LO],(d2.#c.#F-1)[L],(b1.B-1.B-2)[L],(B-1.#f)[M],(#f.B-1)[M],(b1.B-1.B-2)[LO],(d2.#f.B-1)[L],(e2.G-1.G-2)[L],(e2.G-1.d)[M],(d2.d.G-1)[M],(e2.G-1.G-2)[LO],(e2.d.G-1)[M],d2[M],(e2.A-1.A-2)[L],(e2.A-1.e)[M],(d2.e.A-1)[M],(e2.A-1.A-2)[LO],(e2.e.A-1)[M],d2[M],(b1.B-1.B-2)[L],(d2.d.D-1)[LO],(b1.B-1.B-2)[L],(a1.A-1.A-2)[L],(b1.B-1.B-2)[KO],(#f1.#f.#F-1)[L],a1[L],b1[KO],(#f1.G-1.G-2)[L],(a1.d.G-1)[L],(b1.A-1.A-2)[L],(A-1.e)[M],(e.A-1)[M],(a1.A-1.A-2)[L],(#f1.e.A-1)[L],(e1.#F-1.#F-2)[L],(d1.#F-1.#c)[M],(#c.#F-1)[M],(e1.#F-1.#F-2)[L],(#f1.#c.#F-1)[L],(d1.B-1.B-2)[L],(B-1.#f)[M],(#f.B-1)[M],(b.B-1.B-2)[L],(d1.#f.B-1)[L],(e1.#A-1.#A-2)[L],(#A-1.e)[M],(e.#A-1)[M],(e1.#A-1.#A-2)[L],(#f1.f.#A-1)[L],(a1.#F-1.#F-2)[L],5<(#f1.#F-1.#c)[NO],a1[N]>,5<(#c.#F-1)[O],#f1[NO]>,(e1.#F-1.#F-2)[L],(d1.#c.#F-1)[L],(e1.B-1.B-2)[L],(#c.#F-1)[M],(#c.#F-1)[M],(e1.B-1.B-2)[L],(d1.#c.#C-1)[L],(#f1.d.D-1)[L],(#f.d)[M],(#f.d)[M],(#f1.#F-1.#F-2)[L],(a1.#c.#F-1)[L],(b1.G-1.G-2)[L],(G-1.d)[M],(d.G-1)[M],(#f1.G-1.G-2)[L],(a1.d.G-1)[L],(b1.A-1.A-2)[L],(A-1.e)[M],(e.A-1)[M],(b1.A-1.A-2)[L],(#f2.e.A-1)[L],(e2.#F-1.#F-2)[LO],(#f2.#F-1.#c)[M],(#c.#F-1)[M],(e2.#F-1.#F-2)[L],(d2.#c.#F-1)[L],(b1.B-1.B-2)[LO],(B-1.#f)[M],(#f.B-1)[M],(b1.B-1.B-2)[L],(d2.#f.B-1)[L],(e2.G-1.G-2)[LO],(e2.G-1.d)[M],(d2.d.G-1)[M],(e2.G-1.G-2)[L],(e2.d.G-1)[M],d2[M],(e2.A-1.A-2)[LO],(e2.A-1.e)[M],(d2.e.A-1)[M],(e2.A-1.A-2)[L],(e2.e.A-1)[M],d2[M],(b1.B-1.B-2)[LO],(d2.d.D-1)[L],(b1.B-1.B-2)[L],(a1.A-1.A-2)[L],(b1.B-1.B-2)[KO],(#f1.#f.#F-1)[M],a1[M],b1[M],d2[M],(e2.G-1.G-2)[LO],(b1.d.G-1)[L],(#f2.G-1.G-2)[L],(b1.d.G-1)[L],(e2.G-1.G-2)[M],#f2[M],(e2.d.G-1)[M],d2[M],(b1.G-1.G-2)[L],(d2.d.G-1)[L],(e2.A-1.A-2)[LO],(a1.e.A-1)[L],(#f2.A-1.A-2)[L],(a1.e.A-1)[L],(e2.A-1.A-2)[M],#f2[M],(e2.e.A-1)[M],d2[M],(a1.A-1.A-2)[L],(d2.e.A-1)[L],(e2.#F-1.#F-2)[LO],(a1.#c.#F-1)[L],(#f2.#F-1.#F-2)[L],(a1.#c.#F-1)[L],(e2.#F-1.#F-2)[M],#f2[M],(e2.#c.#F-1)[M],d2[M],(a1.#F-1.#F-2)[L],(d2.#c.#F-1)[LO],(e2.B-1.B-2)[L],(#f2.#f.B-1)[L],(e2.B-1.B-2)[M],#f2[M],(e2.#f.B-1)[M],d2[M],(b1.B-1.B-2)[L],(#f.B-1)[L],(b1.B-1.B-2)[L],(d2.#f.B-1)[LO],(e2.G-1.G-2)[L],(b1.d.G-1)[L],(#f2.G-1.G-2)[L],(b1.d.G-1)[LO],(e2.G-1.G-2)[M],#f2[M],(e2.d.G-1)[M],d2[M],(b1.G-1.G-2)[L],(d2.d.G-1)[LO],(e2.A-1.A-2)[L],(a1.e.A-1)[L],(#f2.A-1.A-2)[L],(a1.e.A-1)[LO],(e2.A-1.A-2)[M],#f2[M],(e2.e.A-1)[M],d2[M],(a1.A-1.A-2)[L],(d2.e.A-1)[LO],(e2.B-2.B-1)[M],(#f2.B-2.B-1)[M],(e2.B-2.B-1)[M],(d2.B-2.B-1)[M],b1[L],(a1.B-2.B-1)[M],(b1.B-2.B-1)[M],(a1.B-2.B-1)[M],(#f1.B-2.B-1)[M],e1[L],(#c2.B-2.B-1)[M],(d2.B-2.B-1)[M],(#c2.B-2.B-1)[M],(a1.B-2.B-1)[M],#f1[L],(e2.B-2.B-1)[M],(#f2.B-2.B-1)[M],(a2.B-2.B-1)[M],(d3.B-2.B-1)[M],b2[LO],a[K],(d1.#f)[L],(a.#f)[LO],(e1.a.#f)[L],(a.#f)[K],(#f1.a.#f)[LO],(e1.a.#f)[L],(a.#f)[KO],(#f1.a.#f)[L],(e1.d1.g)[L],(d1.g)[L],d1[LO],(d1.g)[L],(d1.g)[L],(d1.g)[L],a[LO],(d1.g)[L],(e1.a)[L],(e1.a)[KO],(#f1.e1.a)[L],(e1.a)[L],(e1.a)[L],e1[LO],(#f1.e1.a)[L],(e1.d1.b)[L],(d1.b)[L],d1[LO],(d1.b)[L],(d1.b)[L],(d1.b)[KO],(d1.b)[L],(e1.#f)[L],(e1.#f)[KO],(d1.e1.#f)[L],(d1.e1.#f)[L],(e1.#f)[KO],(d1.e1.#f)[L],(e1.d1.g)[L],(d1.g)[KO],(d1.g)[L],(d1.g)[L],(d1.g)[L],#f1[LO],(d1.g)[L],(e1.a)[L],(e1.a)[L],#f1[LO],(e1.a)[L],(e1.a)[L],(e1.a)[LO],d1[L],(d1.e1.a)[L],(d1.b)[L],(d1.b)[LO],#c3[L],d3[L],(a.d2)[L],a2[LO],(d1.#c3)[L],d3[L],(e1.#F-2.#F-1)[L],(#F-2.#F-1)[LO],(#c.#F-1)[L],(#f1.#F-1.#F-2)[L],(e1.#F-2.#F-1)[L],(#F-2.#F-1)[LO],(#c.#F-1)[L],(#f1.#F-1.#F-2)[L],(e1.G-2.G-1)[L],(e1.G-2.G-1)[LO],(d1.d.G-1)[L],(G-1.G-2)[L],(d1.G-2.G-1)[L],(G-2.G-1)[LO],(a.d.G-1)[L],(d1.G-1.G-2)[L],(e1.A-2.A-1)[L],(A-2.A-1)[LO],(e.A-1)[L],(#f1.A-1.A-2)[L],(e1.A-2.A-1)[L],(A-2.A-1)[LO],(e.A-1)[L],(#f1.A-1.A-2)[L],(e1.B-2.B-1)[L],(B-2.B-1)[LO],(d1.#f.B-1)[L],(d1.B-1.B-2)[L],(d1.B-2.B-1)[L],(B-2.B-1)[LO],(#f.B-1)[L],(B-1.B-2)[L],(e1.#F-2.#F-1)[L],(#F-2.#F-1)[LO],(#c.#F-1)[L],(d1.#F-1.#F-2)[L],(d1.#F-2.#F-1)[LO],(#F-2.#F-1)[L],(#c.#F-1)[L],(d1.#F-1.#F-2)[L],(e1.G-2.G-1)[LO],(G-2.G-1)[L],(d.G-1)[L],(d1.G-1.G-2)[L],(d1.G-2.G-1)[LO],(G-2.G-1)[L],(#f1.d.G-1)[L],(G-1.G-2)[L],(e1.A-2.A-1)[LO],(A-2.A-1)[L],(#f1.e.A-1)[L],(e1.A-1.A-2)[L],(A-2.A-1)[LO],(A-2.A-1)[L],(d1.e.A-1)[L],(d1.A-1.A-2)[L],(B-2.B-1)[LO],(B-2.B-1)[K],(B-1.B-2)[L],(#f1.B-2.B-1)[KO],a1[K],(b1.D-1.G-1.G-2)[KO],d2[L],(a1.A-1.E-1.A-2)[KO],b1[L],(#f1.d.A-1.D-1)[JKO],#f1[LO],D-2[L],(a1.E-2)[L],F-2[L],(e1.#F-2)[LO],#F-1[L],(#f1.B-1)[L],(e1.#A-1)[KO],(d1.#F-2)[L],(#f1.B-2)[JKN],(#f1.B-1)[M],B-1[MN],B-2[M],(a1.B-2)[MN],B-3[M],B-3[MN],(b1.e1.a)[K],d2[KO],(a1.#c1.#a)[K],b1[KO],(#f1.d1.b)[JO],(e1.G-2.G-1)[K],d1[KO],(e1.#F-2.#F-1)[L],(#F-2.#F-1)[L],(#f1.#F-2.#F-1)[L],(#F-2.#F-1)[LO],(a1.#F-2.#F-1)[L],(#C-1.#F-2.#F-1)[L],(#f1.#C-1.#F-2.#F-1)[L],(#C-1.#F-2.#F-1)[LO],(#a1.#C-1.#F-2.#F-1)[K],8<b2[O],#a2[O],a2[O],#g2[O],g2[O],#f2[O],f2[O],e2[O],#d2[O],d2[N],#c2[O],c2[M]>,"]},{"id":3,"baseBeats":0.25,"scores":["#f1[K],a1[KO],(b1.G-1.G-2)[L],(G-1.d)[M],(d.G-1)[M],(#f1.G-1.G-2)[LO],(a1.d.G-1)[L],(b1.A-1.A-2)[L],(A-1.e)[M],(e.A-1)[M],(a1.A-1.A-2)[LO],(#f1.e.A-1)[L],(e1.#F-1.#F-2)[L],(d1.#F-1.#c)[M],(#c.#F-1)[M],(e1.#F-1.#F-2)[LO],(#f1.#c.#F-1)[L],(d1.B-1.B-2)[L],(B-1.#f)[M],(#f.B-1)[M],(b.B-1.B-2)[LO],(d1.#f.B-1)[L],(e1.#A-1.#A-2)[L],(#A-1.e)[M],(e.#A-1)[M],(e1.#A-1.#A-2)[LO],(#f1.f.#A-1)[L],(a1.#F-1.#F-2)[L],5<(#f1.#F-1.#c)[NO],a1[O]>,5<(#c.#F-1)[N],#f1[N]>,(e1.#F-1.#F-2)[LO],(d1.#c.#F-1)[L],(e1.B-1.B-2)[L],(#c.#F-1)[M],(#c.#F-1)[M],(e1.B-1.B-2)[LO],(d1.#c.#C-1)[L],(#f1.d.D-1)[L],(#f.d)[M],(#f.d)[M],(#f1.#F-1.#F-2)[LO],(a1.#c.#F-1)[L],(b1.G-1.G-2)[L],(G-1.d)[M],(d.G-1)[M],(#f1.G-1.G-2)[LO],(a1.d.G-1)[L],(b1.A-1.A-2)[L],(A-1.e)[M],(e.A-1)[M],(b1.A-1.A-2)[LO],(#f2.e.A-1)[L],(e2.#F-1.#F-2)[L],(#f2.#F-1.#c)[M],(#c.#F-1)[M],(e2.#F-1.#F-2)[LO],(d2.#c.#F-1)[L],(b1.B-1.B-2)[L],(B-1.#f)[M],(#f.B-1)[M],(b1.B-1.B-2)[LO],(d2.#f.B-1)[L],(e2.G-1.G-2)[L],(e2.G-1.d)[M],(d2.d.G-1)[M],(e2.G-1.G-2)[L],(e2.d.G-1)[M],d2[M],(e2.A-1.A-2)[L],(e2.A-1.e)[M],(d2.e.A-1)[M],(e2.A-1.A-2)[L],(e2.e.A-1)[M],d2[M],(b1.B-1.B-2)[L],(d2.d.D-1)[LO],(b1.B-1.B-2)[L],(a1.A-1.A-2)[L],(b1.B-1.B-2)[KO],(#f1.#f.#F-1)[L],a1[L],b1[KO],(#f1.G-1.G-2)[L],(a1.d.G-1)[L],(b1.A-1.A-2)[L],(A-1.e)[M],(e.A-1)[M],(a1.A-1.A-2)[L],(#f1.e.A-1)[L],(e1.#F-1.#F-2)[L],(d1.#F-1.#c)[M],(#c.#F-1)[M],(e1.#F-1.#F-2)[L],(#f1.#c.#F-1)[L],(d1.B-1.B-2)[L],(B-1.#f)[M],(#f.B-1)[M],(b.B-1.B-2)[L],(d1.#f.B-1)[L],(e1.#A-1.#A-2)[L],(#A-1.e)[M],(e.#A-1)[M],(e1.#A-1.#A-2)[L],(#f1.f.#A-1)[L],(a1.#F-1.#F-2)[L],5<(#f1.#F-1.#c)[NO],a1[N]>,5<(#c.#F-1)[O],#f1[NO]>,(e1.#F-1.#F-2)[L],(d1.#c.#F-1)[L],(e1.B-1.B-2)[L],(#c.#F-1)[M],(#c.#F-1)[M],(e1.B-1.B-2)[L],(d1.#c.#C-1)[L],(#f1.d.D-1)[L],(#f.d)[M],(#f.d)[M],(#f1.#F-1.#F-2)[L],(a1.#c.#F-1)[L],(b1.G-1.G-2)[LO],(G-1.d)[M],(d.G-1)[M],(#f1.G-1.G-2)[L],(a1.d.G-1)[L],(b1.A-1.A-2)[LO],(A-1.e)[M],(e.A-1)[M],(b1.A-1.A-2)[L],(#f2.e.A-1)[L],(e2.#F-1.#F-2)[LO],(#f2.#F-1.#c)[M],(#c.#F-1)[M],(e2.#F-1.#F-2)[L],(d2.#c.#F-1)[L],(b1.B-1.B-2)[LO],(B-1.#f)[M],(#f.B-1)[M],(b1.B-1.B-2)[L],(d2.#f.B-1)[L],(e2.G-1.G-2)[LO],(e2.G-1.d)[M],(d2.d.G-1)[M],(e2.G-1.G-2)[L],(e2.d.G-1)[M],d2[M],(e2.A-1.A-2)[LO],(e2.A-1.e)[M],(d2.e.A-1)[M],(e2.A-1.A-2)[L],(e2.e.A-1)[M],d2[M],(b1.B-1.B-2)[LO],(d2.d.D-1)[L],(b1.B-1.B-2)[L],(a1.A-1.A-2)[L],(b1.B-1.B-2)[JO],(b2.G-1.G-2)[LO],(d.B-1)[L],(#f2.G-1.G-2)[L],(a2.d.B-1)[L],(b2.A-1.A-2)[LO],(e.#c)[M],b2[M],(a2.A-1.A-2)[L],(#f2.e.#c)[L],(e2.#F-1.#F-2)[LO],(d2.#c.#A-1)[L],(#F-1.#F-2)[L],(d2.#c.#A-1)[L],(b1.B-1.B-2)[LO],(#f.d)[L],(B-1.B-2)[L],(#f.d)[LO],(#a1.e2.#c)[KL],(#c2.g2)[LO],(#c2.#f2)[L],(#c2.g2.#F-1)[M],(#c2.#f2)[M],(#c2.e2.#c)[L],(#c2.#A-1)[LO],(b1.#F-1.B-2.B-1)[L],(#c2.B-2.B-1)[M],(#a1.B-2.B-1)[M],(b1.#F-1.B-2.B-1)[L],(d2.B-2.B-1)[M],(B-2.B-1)[M],(#f2.#F-1.B-2.B-1)[L],(B-2.B-1)[M],(B-2.B-1)[M],(#f2.E-1.A-2.A-1)[L],(a2.B-2.B-1)[M],(B-2.B-1)[M],(b2.G-2.G-1)[M],d3[M],(b2.d.G-1)[M],d3[M],(b2.G-2.G-1)[M],d3[M],(b2.d.G-1)[M],d3[M],(b2.A-2.A-1)[M],d3[M],(b2.e.A-1)[M],d3[M],(a1.A-2.A-1)[M],a2[M],(#f1.e.A-1)[M],#f2[M],(e1.#F-2.#F-1)[M],e2[M],(a1.#c.#F-1)[M],a2[M],(d2.#F-2.#F-1)[M],e3[M],(d2.#c.#F-1)[M],d3[M],(b1.B-2.B-1)[L],(#f.B-1)[L],(#f1.B-2.B-1)[L],(a1.#f.B-1)[LO],(g1.G-2.G-1)[M],a1[M],(d2.d.G-1)[M],a1[M],(g1.G-2.G-1)[M],a1[M],(d2.d.G-1)[M],a1[M],(g2.A-2.A-1)[M],a2[M],(d3.e.A-1)[M],a3[M],(g3.A-2.A-1)[M],a3[M],(#c4.e.A-1)[M],d4[M],(#c4.B-2.B-1)[L],(#f.B-1)[M],d4[M],(#c4.B-2.B-1)[M],d4[M],(#c4.#f.B-1)[M],d4[M],(#c4.B-2.B-1)[M],d4[M],(#c4.#f.B-1)[M],d4[M],8<(#c4~B-2.B-1)[O],b3[O],a3[O],g3[O],#f3[O],e3[O],d3[O],#c3[N],b2[O],a2[O],g2[O],#f2[O],e2[O],d2[O],#c2[O],b1[O]>,(G-1.B-1.d)[L],(G-1.B-1.d)[KO],d2[L],(b1.A-1.#c.e)[L],(A-1.#c.e)[L],a1[LO],#f1[L],(e1.#F-1.B-1.d)[L],(e1~#f1~e1)[L],(d1.#F-1.B-1.d)[LO],e1[L],(#f1.#F-1.B-1.d)[JO],(e1.G-1.B-1.d)[L],(G-1.B-1.d)[L],d1[LO],e1[L],(e1.A-1.d.e)[L],(e1.A-1.d.e)[L],d1[LO],e1[L],(e1.#F-1.A-1.d)[L],d1[L],(e1.#F-1.A-1.d)[KO],(#f1.#F-1.A-1.d)[K],(d.A-1.#F-1)[KO],(b.#G-2.#G-1)[L],(e.#G-1)[L],(#f1.#G-2.#G-1)[LO],(#f1.e.#G-1)[L],(e1.G-2.G-1)[L],(d.B-1)[L],(a1.G-2.G-1)[LO],(b1.d.B-1)[L],(#f1.#F-2.#F-1)[L],(a1.#c.A-1)[L],(e1.#A-2.#A-1)[LO],(#f1.#c.#A-1)[L],(d1.B-2.B-1)[L],(B-1.d)[LO],(d1.E-2.E-1)[L],(d.B-1)[L],(e1.G-1.B-1.e)[KLO],(#f1.G-1.B-1.e)[L],(a1.G-1.B-1.e)[L],6<#f1[NO],a1[NO],#f1[NO]>,e1[L],d1[L],e1[L],(#F-1.#A-1.#c)[LO],e1[L],d1[L],(#f1.#F-1.#A-1.#c)[KO],(d1.#F-1.#A-1.#c)[K],(e1.E-1.G-1.#c)[KO],(e1.E-1.G-1.#c)[L],#f1[L],(a1.E-1.G-1.#c)[L],#f1[LO],(a1.E-1.G-1.#c)[L],b1[L],(#a1.#F-1.#A-1.#c)[KO],(#a1.#F-1.#A-1.#c)[L],b1[L],(#c2.#c.#A-1.#F-1)[MN],(#c.#A-1.#F-1)[M],(#c.#A-1.#F-1)[MN],(#c.#A-1.#F-1)[M],(#c.#A-1.#F-1)[MN],(#c.#A-1.#F-1)[JMN],#f1[KO],a1[K],(b1.G-1)[L],d[LO],(#f1.a)[L],(a1.d1)[L],(b1.A-1)[LO],e[M],b1[M],(a1.b)[L],(#f1.e1)[L],(e1.#F-1)[LO],#c[M],d1[M],(e1.a)[L],(#f1.e1)[L],(d1.B-1)[LO],#f[L],(b.a)[L],d1[L],(e1.#c)[LO],#g[L],(e1.b)[L],(#f1.e1)[L],(a1.#A-1)[LO],(#f1.#c~a1~#f1)[L],(e1.#f)[L],(d1.#a)[L],(e1.B-1.B-2)[KO],(e1.A-1.A-2)[L],(d1.A-1.A-2)[L],(#f1.D-1.d)[KO],(#f1.#f.#F-1)[L],a1[L],(b1.G-1.G-2)[LO],(G-1.d)[M],(d.G-1)[M],(#f1.G-1.G-2)[L],(a1.d.G-1)[L],(b1.A-1.A-2)[LO],(A-1.e)[M],(e.A-1)[M],(b1.A-1.A-2)[L],(#f2.e.A-1)[L],(e2.#F-1.#F-2)[LO],(#f2.#F-1.#c)[M],(#c.#F-1)[M],(e2.#F-1.#F-2)[L],(d2.#c.#F-1)[L],(b1.B-1.B-2)[LO],(B-1.#f)[M],(#f.B-1)[M],(b1.B-1.B-2)[L],(d2.#f.B-1)[L],(e2.G-1.G-2)[LO],(e2.G-1.d)[M],(d2.d.G-1)[M],(e2.G-1.G-2)[L],(e2.d.G-1)[M],d2[M],(e2.A-1.A-2)[L],(e2.A-1.e)[M],(d2.e.A-1)[M],(e2.A-1.A-2)[L],(e2.e.A-1)[M],d2[M],(b1.B-1.B-2)[L],(d2.d.D-1)[L],(b1.B-1.B-2)[L],(a1.A-1.A-2)[LO],(b1.B-1.B-2)[K],(#f1.#f.#F-1)[L],a1[LO],b1[K],(#f1.G-1.G-2)[L],(a1.d.G-1)[LO],(b1.A-1.A-2)[L],(A-1.e)[M],(e.A-1)[M],(a1.A-1.A-2)[L],(#f1.e.A-1)[LO],(e1.#F-1.#F-2)[L],(d1.#F-1.#c)[M],(#c.#F-1)[M],(e1.#F-1.#F-2)[L],(#f1.#c.#F-1)[LO],(d1.B-1.B-2)[L],(B-1.#f)[M],(#f.B-1)[M],(b.B-1.B-2)[L],(d1.#f.B-1)[LO],(e1.#A-1.#A-2)[L],(#A-1.e)[M],(e.#A-1)[M],(e1.#A-1.#A-2)[L],(#f1.f.#A-1)[LO],(a1.#F-1.#F-2)[L],5<(#f1.#F-1.#c)[NO],a1[O]>,5<(#c.#F-1)[O],#f1[NO]>,(e1.#F-1.#F-2)[L],(d1.#c.#F-1)[LO],(e1.B-1.B-2)[L],(#c.#F-1)[M],(#c.#F-1)[M],(e1.B-1.B-2)[L],(d1.#c.#C-1)[LO],(#f1.d.D-1)[L],(#f.d)[M],(#f.d)[M],(#f1.#F-1.#F-2)[L],(a1.#c.#F-1)[LO],(b1.G-1.G-2)[L],(G-1.d)[M],(d.G-1)[M],(#f1.G-1.G-2)[LO],(a1.d.G-1)[L],(b1.A-1.A-2)[L],(A-1.e)[M],(e.A-1)[M],(b1.A-1.A-2)[LO],(#f2.e.A-1)[L],(e2.#F-1.#F-2)[L],(#f2.#F-1.#c)[M],(#c.#F-1)[M],(e2.#F-1.#F-2)[LO],(d2.#c.#F-1)[L],(b1.B-1.B-2)[L],(B-1.#f)[M],(#f.B-1)[M],(b1.B-1.B-2)[LO],(d2.#f.B-1)[L],(e2.G-1.G-2)[L],(e2.G-1.d)[M],(d2.d.G-1)[M],(e2.G-1.G-2)[LO],(e2.d.G-1)[M],d2[M],(e2.A-1.A-2)[L],(e2.A-1.e)[M],(d2.e.A-1)[M],(e2.A-1.A-2)[LO],(e2.e.A-1)[M],d2[M],(b1.B-1.B-2)[L],(d2.d.D-1)[L],(b1.B-1.B-2)[LO],(a1.A-1.A-2)[L],(b1.B-1.B-2)[K],(#f1.#F-1.#F-2)[LO],(a1.#c.#F-1)[L],(b1.G-1.G-2)[L],(G-1.d)[M],(d.G-1)[M],(#f1.G-1.G-2)[LO],(a1.d.G-1)[L],(b1.A-1.A-2)[L],(A-1.e)[M],(e.A-1)[M],(b1.A-1.A-2)[L],(#f2.e.A-1)[LO],(e2.#F-1.#F-2)[LO],(#f2.#F-1.#c)[M],(#c.#F-1)[M],(e2.#F-1.#F-2)[LO],(d2.#c.#F-1)[LN],(b1.B-1.B-2)[LN],(B-1.#f)[M],(#f.B-1)[MN],(B-1.B-2)[LNO],(#f.B-1)[JKMN],b1[K],d2[KO],(e2.G-1.G-2)[L],(e2.G-1.d)[M],(d2.d.G-1)[M],(e2.G-1.G-2)[LO],(e2.d.G-1)[M],d2[M],(e2.A-1.A-2)[L],(e2.A-1.e)[M],(d2.e.A-1)[M],(e2.A-1.A-2)[LO],(e2.e.A-1)[M],d2[M],(b1.B-1.B-2)[L],(d2.d.D-1)[L],(b1.B-1.B-2)[LO],(a1.A-1.A-2)[L],(b1.B-1.B-2)[K],#f1[M],a1[M],b1[M],d2[M],(e2.G-1.G-2)[L],(b1.g.d)[L],(#f2.G-1.G-2)[LO],(b1.g.d)[L],(e2.G-1.G-2)[M],#f2[M],(e2.g.d)[M],d2[M],(b1.G-1.G-2)[LO],(d2.g.d)[L],(e2.A-1.A-2)[L],(a1.a.e)[L],(#f2.A-1.A-2)[LO],(a1.a.e)[L],(e2.A-1.A-2)[M],#f2[M],(e2.a.e)[M],d2[M],(a1.A-1.A-2)[LO],(d2.a.e)[L],(e2.#F-1.#F-2)[L],(a1.#f.#c)[L],(#f2.#F-1.#F-2)[LO],(a1.#f.#c)[L],(e2.#F-1.#F-2)[M],#f2[M],(e2.#f.#c)[M],d2[M],(a1.#F-1.#F-2)[LO],(d2.#f.#c)[L],(e2.B-1.B-2)[L],(#f2.b.#f)[LO],(e2.B-1.B-2)[M],#f2[M],(e2.b.#f)[M],d2[M],(b1.B-1.B-2)[L],(b.#f)[LO],(b1.B-1.B-2)[L],(d2.b.#f)[L],(e2.G-1.G-2)[L],(b1.g.d)[LO],(#f2.G-1.G-2)[L],(b1.g.d)[L],(e2.G-1.G-2)[M],#f2[M],(e2.g.d)[M],d2[M],(b1.G-1.G-2)[L],(d2.g.d)[L],(e2.A-1.A-2)[L],(a1.a.e)[LO],(#f2.A-1.A-2)[L],(a1.a.e)[L],(e2.A-1.A-2)[M],#f2[M],(e2.a.e)[M],d2[M],(a1.A-1.A-2)[L],(d2.a.e)[L],(e2.#F-1.#F-2)[L],(#f.#c)[LO],(#f2.#F-1.#F-2)[L],(#f.#c)[L],(a2.#F-1.#F-2)[L],(#c3.#f.#c)[LO],(d3.#F-1.#F-2)[L],(#f3.#f.#c)[L],(#c3.B-1.B-2)[L],(d3.b.#f)[LO],(#c3.B-1.B-2)[M],d3[M],(#c3.b.#f)[M],a2[M],(#f2.B-1.B-2)[L],(b.#f)[LO],(#f1.B-1.B-2)[M],a1[M],(b1.b.#f)[M],d2[M],(e2.G-1.G-2)[L],(b1.g.d)[LO],(#f2.G-1.G-2)[L],(b1.g.d)[L],(e2.G-1.G-2)[M],#f2[M],(e2.g.d)[M],d2[M],(b1.G-1.G-2)[L],(d2.g.d)[L],(e2.A-1.A-2)[LO],(a1.a.e)[L],(#f2.A-1.A-2)[L],(a1.a.e)[L],(e2.A-1.A-2)[M],#f2[M],(e2.a.e)[M],d2[M],(a1.A-1.A-2)[L],(d2.a.e)[L],(e2.#F-1.#F-2)[LO],(a1.#f.#c)[L],(#f2.#F-1.#F-2)[L],(a1.#f.#c)[L],(e2.#F-1.#F-2)[M],#f2[M],(e2.#f.#c)[M],d2[M],(a1.#F-1.#F-2)[L],(d2.#f.#c)[L],(e2.B-1.B-2)[LO],(#f2.b.#f)[L],(e2.B-1.B-2)[M],#f2[M],(e2.b.#f)[M],d2[M],(b1.B-1.B-2)[LO],(b.#f)[L],(b1.B-1.B-2)[L],(d2.b.#f)[L],(e2.G-1.G-2)[LO],(b1.g.d)[L],(#f2.G-1.G-2)[L],(b1.g.d)[L],(e2.G-1.G-2)[M],#f2[M],(e2.g.d)[M],d2[M],(b1.G-1.G-2)[L],(d2.g.d)[L],(e2.A-1.A-2)[LO],(a1.a.e)[L],(#f2.A-1.A-2)[L],(a1.a.e)[L],(e2.A-1.A-2)[M],#f2[M],(e2.a.e)[M],d2[M],(a1.A-1.A-2)[L],(d2.a.e)[L],(e2.B-2.B-1)[M],(#f2.B-2.B-1)[M],(e2.B-2.B-1)[M],(d2.B-2.B-1)[M],b1[L],(a2.B-2.B-1)[M],(b2.B-2.B-1)[M],(a2.B-2.B-1)[M],(#f2.B-2.B-1)[M],e2[L],(#c2.B-2.B-1)[M],(d2.B-2.B-1)[M],(#c2.B-2.B-1)[M],(a1.B-2.B-1)[M],#f1[L],(e2.B-2.B-1)[M],(#f2.B-2.B-1)[M],(a2.B-2.B-1)[M],(d3.B-2.B-1)[M],b2[KLO],(B-2.B-1)[L],(B-2.B-1)[LO],(e2.B-2.B-1)[M],(#f2.B-2.B-1)[M],(e2.B-2.B-1)[M],(d2.B-2.B-1)[M],b1[L],(a1.B-2.B-1)[M],(b1.B-2.B-1)[M],(a1.B-2.B-1)[M],(#f1.B-2.B-1)[M],e1[L],(#c2.B-2.B-1)[M],(d2.B-2.B-1)[M],(#c2.B-2.B-1)[M],(a1.B-2.B-1)[M],#f1[L],(e2.B-2.B-1)[M],(#f2.B-2.B-1)[M],(a2.B-2.B-1)[M],(d3.B-2.B-1)[M],b2[HH],"]}]}