{"baseBpm":100,"musics":[{"id":1,"baseBeats":0.25,"scores":["#F-1[L],(G-1.B-1.d)[L],g2[M],#f2[L],g2[L],e2[KLM],g2[L],#f2[L],g2[M],a2[L],#f2[LM],g2[M],d2[L],d2[KLM],g2[M],#f2[L],g2[L],e2[KLM],g2[L],#f2[L],g2[M],a2[L],#f2[LM],g2[JL],g2[M],#f2[L],g2[L],e2[KLM],g2[L],#f2[L],g2[M],a2[L],#f2[LM],g2[M],d2[L],d2[KLM],g2[M],#f2[L],g2[L],e2[KLM],g2[L],#f2[L],g2[M],a2[L],#f2[LM],g2[KL],g1[M],g1[M],g1[M],g1[M],g1[M],g1[M],g1[M],g1[M],g1[M],e1[LM],g1[K],g1[M],g1[M],d1[M],d1[M],d1[M],d1[M],a1[L],#f1[M],g1[ML],d1[K],g1[M],g1[M],g1[M],g1[M],g1[M],g1[M],b1[L],g1[M],g1[LM],e1[K],e1[M],e1[M],d1[M],d1[M],d1[M],d1[M],a1[L],#f1[M],g1[KM],b[L],c1[L],d1[K],g1[L],g1[M],g1[LM],#f1[L],#f1[L],e1[M],d1[LM],d1[L],a[L],b[M],c1[LM],b[K],g[K],g[L],e1[L],#f1[M],e1[LM],d1[K],b[L],c1[L],d1[L],e1[L],#f1[M],e1[LM],d1[KL],d1[K],g1[L],g1[M],g1[ML],e1[K],e1[L],d1[L],a1[L],a1[L],#f1[M],g1[LM],b1[K],c2[K],b1[L],a1[L],g1[M],g1[LM],e1[L],#f1[L],g1[M],a1[JLM],g1[L],g1[L],a1[L],b1[K],d2[LM],d2[LM],c2[K],g1[L],a1[L],a1[L],c2[L],d2[M],c2[LM],b1[K],g1[K],e2[L],e2[L],c2[M],c2[LM],a1[L],a1[L],g1[L],g1[K],b1[L],c2[M],b1[LM],a1[K],d1[L],b1[K],d2[L],e2[M],d2[LM],c2[K],g1[L],a1[K],c2[L],d2[M],c2[LM],b1[K],g1[L],g1[L],e2[K],e1[K],#f1[L],b1[L],b1[M],b1[LM],g1[K],a1[M],g1[KLM],#F-1[L],","U,UV,(G-1.B-1.d)[LM],(G-1.B-1.d)[L],(G-1.c.e)[LM],(G-1.c.e)[LM],(G-1.c.e)[L],(A-1.d.#f)[LM],(A-1.d.#f)[LM],(A-1.d.#f)[L],(G-1.B-1.d)[LM],(G-1.B-1.d)[LM],(G-1.B-1.d)[L],(G-1.B-1.d)[LM],(G-1.B-1.d)[LM],(G-1.B-1.d)[L],(G-1.c.e)[LM],(G-1.c.e)[LM],(G-1.c.e)[L],(A-1.d.#f)[LM],(A-1.d.#f)[LM],(A-1.d.#f)[L],(B-1.d.g)[LM],(B-1.d.g)[LM],(B-1.d.g)[L],(G-1.B-1.d)[LM],(G-1.B-1.d)[LM],(G-1.B-1.d)[L],(G-1.c.e)[LM],(G-1.c.e)[LM],(G-1.c.e)[L],(A-1.d.#f)[LM],(A-1.d.#f)[LM],(A-1.d.#f)[L],(G-1.B-1.d)[LM],(G-1.B-1.d)[LM],(G-1.B-1.d)[L],(G-1.B-1.d)[LM],(G-1.B-1.d)[LM],(G-1.B-1.d)[L],(G-1.c.e)[LM],(G-1.c.e)[LM],(G-1.c.e)[L],(A-1.d.#f)[LM],(A-1.d.#f)[LM],(A-1.d.#f)[L],(B-1.d.g)[LM],(B-1.d.g)[LM],(B-1.d.g)[L],(G-1.B-1.d)[LM],(G-1.B-1.d)[LM],(G-1.B-1.d)[L],(G-1.c.e)[LM],(G-1.c.e)[LM],(G-1.c.e)[L],(A-1.d.#f)[LM],(A-1.d.#f)[LM],(A-1.d.#f)[L],(G-1.B-1.d)[LM],(G-1.B-1.d)[LM],(G-1.B-1.d)[L],(G-1.B-1.d)[LM],(G-1.B-1.d)[LM],(G-1.B-1.d)[L],(G-1.c.e)[LM],(G-1.c.e)[LM],(G-1.c.e)[L],(A-1.d.#f)[LM],(A-1.d.#f)[LM],(A-1.d.#f)[L],(B-1.d.g)[LM],(B-1.d.g)[LM],(B-1.d.g)[L],(G-1.B-1.d)[LM],(G-1.B-1.d)[LM],(G-1.B-1.d)[L],(G-1.c.e)[LM],(G-1.c.e)[LM],(G-1.c.e)[L],(A-1.d.#f)[LM],(A-1.d.#f)[LM],(A-1.d.#f)[L],(G-1.B-1.d)[LM],(G-1.B-1.d)[LM],(G-1.B-1.d)[L],(G-1.c.e)[LM],(G-1.c.e)[LM],(G-1.c.e)[L],(#F-1.B-1.d)[LM],(#F-1.B-1.d)[LM],(#F-1.B-1.d)[L],(E-1.A-1.c)[LM],(E-1.A-1.c)[LM],(E-1.A-1.c)[L],(#F-1.B-1.d)[LM],(#F-1.B-1.d)[KM],(G-1.B-1.d)[LM],(G-1.B-1.d)[LM],(G-1.B-1.d)[L],(G-1.c.e)[LM],(G-1.c.e)[LM],(G-1.c.e)[L],(A-1.d.#f)[LM],(A-1.d.#f)[LM],(A-1.d.#f)[L],(G-1.B-1.d)[LM],(G-1.B-1.d)[LM],(G-1.B-1.d)[L],(c.e.g)[J],(A-1.c.e)[J],(a.d.#f)[L],(a.d.#f)[L],(a.d.#f)[L],(a.d.#f)[L],(a.d.#f)[J],(G-1.B-1.d)[LM],(G-1.B-1.d)[LM],(G-1.B-1.d)[L],(G-1.c.e)[LM],(G-1.c.e)[LM],(G-1.c.e)[L],(A-1.d.#f)[LM],(A-1.d.#f)[LM],(A-1.d.#f)[L],(G-1.B-1.d)[LM],(G-1.B-1.d)[LM],(G-1.B-1.d)[L],(c.e.g)[J],(A-1.c.e)[J],(G-1.c.e)[J],(A-1.d.#f)[J],(G-1.B-1.d)[LM],(G-1.B-1.d)[LM],(G-1.B-1.d)[L],(G-1.c.e)[LM],(G-1.c.e)[LM],(G-1.c.e)[L],(A-1.d.#f)[LM],(A-1.d.#f)[LM],(A-1.d.#f)[L],(G-1.B-1.d)[LM],(G-1.B-1.d)[LM],(G-1.B-1.d)[L],(G-1.c.e)[LM],(G-1.c.e)[KM],(A-1.d.#f)[LM],(A-1.d.#f)[KM],(G-1.B-1.d)[L],(G-1.B-1.d)[L],(G-1.B-1.d)[L],(G-1.B-1.d)[M],(G-1.B-1.d)[JM],"]},{"bpm":105,"baseBeats":0.25,"scores":["(G-1.B-1.d)[L],g2[M],#f2[L],g2[L],e2[KLM],g2[L],#f2[L],g2[M],a2[L],#f2[LM],g2[M],d2[L],d2[KLM],g2[M],#f2[L],g2[L],e2[KLM],g2[L],#f2[L],g2[M],a2[L],#f2[LM],g2[KL],g1[M],g1[M],g1[M],g1[M],g1[M],g1[M],g1[M],g1[M],g1[M],e1[LM],g1[K],g1[M],g1[M],d1[M],d1[M],d1[M],d1[M],a1[L],#f1[M],g1[ML],d1[K],g1[M],g1[M],g1[M],g1[M],g1[M],g1[M],b1[L],g1[M],g1[LM],e1[K],e1[M],e1[M],d1[M],d1[M],d1[M],d1[M],a1[L],#f1[M],g1[KM],b[L],c1[L],d1[K],g1[L],g1[M],g1[LM],#f1[L],#f1[L],e1[M],d1[LM],d1[L],a[L],b[M],c1[LM],b[K],g[K],g[L],e1[L],#f1[M],e1[LM],d1[K],b[L],c1[L],d1[L],e1[L],#f1[M],e1[LM],d1[KL],d1[K],g1[L],g1[M],g1[ML],e1[K],e1[L],d1[L],a1[L],a1[L],#f1[M],g1[LM],b1[K],c2[K],b1[L],a1[L],g1[M],g1[LM],e1[L],#f1[L],g1[M],a1[JLM],g1[L],g1[L],a1[L],b1[K],d2[LM],d2[LM],c2[K],g1[L],a1[L],a1[L],c2[L],d2[M],c2[LM],b1[K],g1[K],e2[L],e2[L],c2[M],c2[LM],a1[L],a1[L],g1[L],g1[K],b1[L],c2[M],b1[LM],a1[K],d1[L],b1[K],d2[L],e2[M],d2[LM],c2[K],g1[L],a1[K],c2[L],d2[M],c2[LM],b1[K],g1[L],g1[L],e2[K],e1[K],#f1[L],b1[L],b1[M],b1[LM],g1[K],a1[M],g1[LM],b1[L],a1[L],g1[L],","UV,(G-1.B-1.d)[LM],(G-1.B-1.d)[L],(G-1.c.e)[LM],(G-1.c.e)[LM],(G-1.c.e)[L],(A-1.d.#f)[LM],(A-1.d.#f)[LM],(A-1.d.#f)[L],(G-1.B-1.d)[LM],(G-1.B-1.d)[LM],(G-1.B-1.d)[L],(G-1.B-1.d)[LM],(G-1.B-1.d)[LM],(G-1.B-1.d)[L],(G-1.c.e)[LM],(G-1.c.e)[LM],(G-1.c.e)[L],(A-1.d.#f)[LM],(A-1.d.#f)[LM],(A-1.d.#f)[L],(B-1.d.g)[LM],(B-1.d.g)[LM],(B-1.d.g)[L],(G-1.B-1.d)[LM],(G-1.B-1.d)[LM],(G-1.B-1.d)[L],(G-1.c.e)[LM],(G-1.c.e)[LM],(G-1.c.e)[L],(A-1.d.#f)[LM],(A-1.d.#f)[LM],(A-1.d.#f)[L],(G-1.B-1.d)[LM],(G-1.B-1.d)[LM],(G-1.B-1.d)[L],(G-1.B-1.d)[LM],(G-1.B-1.d)[LM],(G-1.B-1.d)[L],(G-1.c.e)[LM],(G-1.c.e)[LM],(G-1.c.e)[L],(A-1.d.#f)[LM],(A-1.d.#f)[LM],(A-1.d.#f)[L],(B-1.d.g)[LM],(B-1.d.g)[LM],(B-1.d.g)[L],(G-1.B-1.d)[LM],(G-1.B-1.d)[LM],(G-1.B-1.d)[L],(G-1.c.e)[LM],(G-1.c.e)[LM],(G-1.c.e)[L],(A-1.d.#f)[LM],(A-1.d.#f)[LM],(A-1.d.#f)[L],(G-1.B-1.d)[LM],(G-1.B-1.d)[LM],(G-1.B-1.d)[L],(G-1.c.e)[LM],(G-1.c.e)[LM],(G-1.c.e)[L],(#F-1.B-1.d)[LM],(#F-1.B-1.d)[LM],(#F-1.B-1.d)[L],(E-1.A-1.c)[LM],(E-1.A-1.c)[LM],(E-1.A-1.c)[L],(#F-1.B-1.d)[LM],(#F-1.B-1.d)[KM],(G-1.B-1.d)[LM],(G-1.B-1.d)[LM],(G-1.B-1.d)[L],(G-1.c.e)[LM],(G-1.c.e)[LM],(G-1.c.e)[L],(A-1.d.#f)[LM],(A-1.d.#f)[LM],(A-1.d.#f)[L],(G-1.B-1.d)[LM],(G-1.B-1.d)[LM],(G-1.B-1.d)[L],(c.e.g)[J],(A-1.c.e)[J],(a.d.#f)[L],(a.d.#f)[L],(a.d.#f)[L],(a.d.#f)[L],(a.d.#f)[J],(G-1.B-1.d)[LM],(G-1.B-1.d)[LM],(G-1.B-1.d)[L],(G-1.c.e)[LM],(G-1.c.e)[LM],(G-1.c.e)[L],(A-1.d.#f)[LM],(A-1.d.#f)[LM],(A-1.d.#f)[L],(G-1.B-1.d)[LM],(G-1.B-1.d)[LM],(G-1.B-1.d)[L],(c.e.g)[J],(A-1.c.e)[J],(G-1.c.e)[J],(A-1.d.#f)[J],(G-1.B-1.d)[LM],(G-1.B-1.d)[LM],(G-1.B-1.d)[L],(G-1.c.e)[LM],(G-1.c.e)[LM],(G-1.c.e)[L],(A-1.d.#f)[LM],(A-1.d.#f)[LM],(A-1.d.#f)[L],(G-1.B-1.d)[LM],(G-1.B-1.d)[LM],(G-1.B-1.d)[L],(G-1.c.e)[LM],(G-1.c.e)[KM],(A-1.d.#f)[LM],(A-1.d.#f)[KM],(G-1.B-1.d)[L],(G-1.B-1.d)[L],(G-1.B-1.d)[L],(G-1.B-1.d)[M],(G-1.B-1.d)[JM],"],"id":2},{"bpm":110,"baseBeats":0.25,"scores":["#f1[LM],g1[LM],a1[L],#f1[LM],g1[KLM],g1[L],g1[M],a1[L],b1[LM],a1[L],g1[L],#f1[L],#f1[LM],g1[LM],a1[L],#f1[LM],g1[KLM],g1[L],g1[M],a1[L],b1[LM],c2[L],b1[L],d2[JK],c2[L],b1[L],a1[M],b1[L],a1[JM],g1[L],g1[L],a1[L],b1[K],d2[LM],d2[LM],c2[K],g1[L],a1[L],a1[L],c2[L],d2[M],c2[LM],b1[K],g1[K],e2[L],e2[L],c2[M],c2[LM],a1[L],a1[L],g1[L],g1[K],b1[L],c2[M],b1[LM],a1[K],d1[L],b1[K],d2[L],e2[M],d2[LM],c2[K],g1[L],a1[K],c2[L],d2[M],c2[LM],b1[K],g1[L],g1[L],e2[K],e1[K],#f1[L],b1[L],b1[M],b1[LM],g1[K],a1[M],g1[KM],g1[L],a1[L],b1[K],d2[L],d2[M],d2[LM],c2[K],g1[L],a1[K],c2[L],d2[M],c2[LM],b1[K],g1[K],e2[L],e2[L],c2[M],c2[LM],a1[L],a1[L],g1[L],g1[K],b1[L],c2[M],b1[LM],a1[K],d1[L],b1[K],d2[L],e2[M],d2[LM],c2[K],g1[L],a1[K],c2[L],d2[M],c2[LM],b1[K],g1[L],g1[L],e2[K],e1[K],#f1[L],b1[L],b1[M],b1[LM],g1[K],a1[M],g1[KLM],g1[L],g1[L],e2[K],e1[K],#f1[L],b1[L],b1[M],b1[LM],g1[JK],c2[L],b1[L],a1[K],g1[L],g1[L],#f1[L],e1[M],#f1[L],g1[IM],","(c.e.g)[LM],(c.e.g)[LM],(c.e.g)[L],(B-1.d.g)[LM],(B-1.d.g)[LM],(B-1.d.g)[L],(A-1.c.e)[LM],(A-1.c.e)[LM],(A-1.c.e)[L],(A-1.c.e)[J],(c.e.g)[LM],(c.e.g)[LM],(c.e.g)[L],(B-1.d.g)[LM],(B-1.d.g)[LM],(B-1.d.g)[L],(A-1.c.e)[LM],(A-1.c.e)[LM],(A-1.c.e)[L],(A-1.c.e)[J],(d.g.b)[L],(d.g.b)[L],(d.g.b)[L],(d.g.b)[L],(d.g.b)[L],(d.g.b)[L],(d.g.b)[L],(d.g.b)[L],(d.#f.a)[L],(d.#f.a)[L],(d.#f.a)[L],(d.#f.a)[L],(d.#f.a)[J],(G-1.B-1.d)[L],U,U,(G-1.B-1.d)[L],(G-1.c.e)[L],U,U,(G-1.c.e)[L],(A-1.d.#f)[L],U,U,(A-1.d.#f)[L],(G-1.B-1.d)[L],U,U,(G-1.B-1.d)[L],(c.e.g)[J],(A-1.c.e)[J],(G-1.c.e)[J],(A-1.d.#f)[J],(G-1.B-1.d)[LM],(G-1.B-1.d)[LM],(G-1.B-1.d)[L],(G-1.c.e)[LM],(G-1.c.e)[LM],(G-1.c.e)[L],(A-1.d.#f)[LM],(A-1.d.#f)[LM],(A-1.d.#f)[L],(G-1.B-1.d)[LM],(G-1.B-1.d)[LM],(G-1.B-1.d)[L],(G-1.c.e)[LM],(G-1.c.e)[KM],(A-1.d.#f)[LM],(A-1.d.#f)[KM],(G-1.B-1.d)[L],(G-1.B-1.d)[L],(G-1.B-1.d)[L],(G-1.B-1.d)[M],(G-1.B-1.d)[JM],(G-1.B-1.d)[L],U,U,(G-1.B-1.d)[L],(G-1.c.e)[L],U,U,(G-1.c.e)[L],(A-1.d.#f)[L],U,U,(A-1.d.#f)[L],(G-1.B-1.d)[L],U,U,(G-1.B-1.d)[L],(c.e.g)[LM],(c.e.g)[LM],(c.e.g)[L],(A-1.c.e)[LM],(A-1.c.e)[LM],(A-1.c.e)[L],(c.e.g)[LM],(c.e.g)[LM],(c.e.g)[L],(A-1.d.#f)[J],(G-1.B-1.d)[LM],(G-1.B-1.d)[LM],(G-1.B-1.d)[L],(G-1.c.e)[LM],(G-1.c.e)[LM],(G-1.c.e)[L],(A-1.d.#f)[LM],(A-1.d.#f)[LM],(A-1.d.#f)[L],(G-1.B-1.d)[LM],(G-1.B-1.d)[LM],(G-1.B-1.d)[L],(G-1.c.e)[LM],(G-1.c.e)[KM],(A-1.d.#f)[LM],(A-1.d.#f)[KM],(G-1.B-1.d)[L],(G-1.B-1.d)[L],(G-1.B-1.d)[L],(G-1.B-1.d)[M],(G-1.B-1.d)[JM],(G-1.c.e)[LM],(G-1.c.e)[KM],(A-1.d.#f)[LM],(A-1.d.#f)[KM],(G-1.B-1.d)[LM],(G-1.B-1.d)[KM],(G-1.B-1.d)[LM],(G-1.B-1.d)[KM],(G-1.c.e)[LM],(G-1.c.e)[KM],(A-1.d.#f)[LM],(A-1.d.#f)[KM],(G-1.B-1.d)[L],(G-1.B-1.d)[L],(G-1.B-1.d)[L],(G-1.B-1.d)[L],(G-1.B-1.d)[J],"],"id":3}],"audition":{"start":[0,0],"end":[0,40]}}