{"baseBpm":70,"musics":[{"baseBeats":0.5,"scores":["G-1[L],g[L],G-1[L],g[L],G-1[L],g[L],G-1[L],g[L],G-1[L],g[L],G-1[L],g[L],G-1[L],g[L],G-1[L],g[L];"],"id":1,"instruments":["piano","piano"],"alternatives":["",""]},{"baseBeats":0.25,"scores":["A-1[M],(d2.#f2.d3)[L],(d2.#f2.#c3)[L],(d2.#f2.c3)[L],c3[M],c3[M],(d2.#f2.b2)[L],(d2.#f2.#a2)[L],(d2.#f2.a2)[L],a2[M];a2[M],(a1.d2.#g2)[L],(a1.d2.g2)[L],(a1.d2.#f2)[L],5<g2[N],#f2[N]>,5<e2[N],#f2[N]>,g2[L],(a1.d2.#f2)[L],(g1.b1.d2.e2)[L],V;B-1[M],(d2.e2.g2.d3)[L],(d2.e2.g2.#c3)[L],(d2.e2.g2.c3)[L],c3[M],c3[M],(d2.e2.b2)[L],(d2.e2.#a2)[L],(d2.e2.a2)[L],a2[M];a2[M],(b1.d2.g2)[L],(b1.d2.#f2)[L],(g1.#c2.e2)[L],5<#f2[N],e2[N]>,5<d2[N],e2[N]>,(g1.#c2.#f2)[L],(g1.#c2.e2)[L],(#f1.d2)[L],V;a1[M],d1[L],(a.e1)[L],(d1.#f1)[L],V,a1[M],(d1.#f1)[L],(a.e1)[L],(#f.d1)[L],V;e1[M],(d1.#f1)[L],(e1.g1)[L],(#f1.a1)[M],(#f1.a1)[M],(#f1.a1)[M],(#f1.a1)[M],(g1.b1)[L],(#f1.a1)[L],(e1.g1)[L],V;b1[M],e1[L],(b.#f1)[L],(e1.g1)[L],V,b1[M],(e1.g1)[L],(b.#f1)[L],(g.e1)[L],V;#f1[M],(e1.g1)[L],(#f1.a1)[L],(g1.b1)[M],(g1.b1)[M],(g1.b1)[M],(g1.b1)[M],(a1.#c2)[L],(g1.b1)[L],(#f1.a1)[L],V;a2[M],(d2.#f2.d3)[L],(e2.a2.e3)[L],(#f2.d3.#f3)[L],V,a1[M],(d1.#f1)[L],(a.e1)[L],(#f.d1)[L],V;(a.e1)[M],(d1.#f1)[L],(e1.g1)[L],(#f1.a1)[M],(#f1.a1)[M],(#f1.a1)[M],(#f1.a1)[M],(a1%b1.d2)[M],(a1.#c2)[M],d2[M],#c2[M],(e1.g1)[L],V;b2[M],(e2.g2.e3)[L],(#f2.b2.#f3)[L],(g2.e3.g3)[L],V,b1[M],(e1.g1)[L],(b.#f1)[L],(g.e1)[L],V;(b.#f1)[M],(e1.g1)[L],(#f1.a1)[L],#c2[M],b1[M],#g1[M],a1[M],(d.a.#c1)[L],5<#f2[N],e2[N]>,5<#f2[N],e2[N]>,(#f1.d2)[L],","V,#f[L],A-1[L],D-1[L],V,a[M],(d1.#f1)[L],a[L],D-1[L],V;A-1[M],#f[L],A-1[L],D-1[L],V,a[M],(d1.#f1)[L],a[L],D-1[L],U;g[L],B-1[L],D-1[L],V,b[M],(d1.g1)[L],b[L],D-1[L],V;B-1[M],g[L],B-1[L],D-1[L],V,A-1[M],g[L],A-1[L],D-1[L],V;A-1[M],#f[L],A-1[L],D-1[L],V,A-1[M],#f[L],A-1[L],D-1[L],V;A-1[M],#f[L],A-1[L],D-1[L],V,A-1[M],#f[L],A-1[L],D-1[L],V;B-1[M],g[L],B-1[L],D-1[L],V,B-1[M],g[L],B-1[L],D-1[L],V;B-1[M],g[L],B-1[L],D-1[L],V,#c[M],a[L],A-1[L],D-1[L],V;A-1[M],#f[L],A-1[L],D-1[L],V,A-1[M],#f[L],A-1[L],D-1[L],V;A-1[M],#f[L],A-1[L],D-1[L],V,A-1[M],#f[L],A-1[L],D-1[L],V;B-1[M],g[L],B-1[L],D-1[L],V,B-1[M],g[L],B-1[L],D-1[L],V;B-1[M],g[L],B-1[L],(D-1.A-1)[K],(d.a.#c1)[K],(d.a.d1)[L],"],"id":2,"instruments":["piano","piano"],"alternatives":["",""]},{"baseBeats":0.25,"scores":["a1[M],d1[L],(a.e1)[L],(d1.#f1)[L],V,a1[M],(d1.#f1)[L],(a.e1)[L],(#f.d1)[L],V;e1[M],(d1.#f1)[L],(e1.g1)[L],(#f1.a1)[M],(#f1.a1)[M],(#f1.a1)[M],(#f1.a1)[M],(g1.b1)[L],(#f1.a1)[L],(e1.g1)[L],V;b1[M],e1[L],(b.#f1)[L],(e1.g1)[L],V,b1[M],(e1.g1)[L],(b.#f1)[L],(g.e1)[L],V;#f1[M],(e1.g1)[L],(#f1.a1)[L],(g1.b1)[M],(g1.b1)[M],(g1.b1)[M],(g1.b1)[M],(a1.#c2)[L],(g1.b1)[L],(#f1.a1)[L],V;a2[M],(d2.#f2.d3)[L],(e2.a2.e3)[L],(#f2.d3.#f3)[L],V,a1[M],(d1.#f1)[L],(a.e1)[L],(#f.d1)[L],V;(a.e1)[M],(d1.#f1)[L],(e1.g1)[L],(#f1.a1)[M],(#f1.a1)[M],(#f1.a1)[M],(#f1.a1)[M],(a1%b1.d2)[M],(a1.#c2)[M],d2[M],#c2[M],(e1.g1)[L],V;b2[M],(e2.g2.e3)[L],(#f2.b2.#f3)[L],(g2.e3.g3)[L],V,b1[M],(e1.g1)[L],(b.#f1)[L],(g.e1)[L],V;(b.#f1)[M],(e1.g1)[L],(#f1.a1)[L],#c2[M],b1[M],#g1[M],a1[M],(d.a.#c1)[L],5<#f2[N],e2[N]>,5<#f2[N],e2[N]>,(#f1.d2)[L],V;a2[M],(d2.#f2.d3)[L],","A-1[M],#f[L],A-1[L],D-1[L],V,A-1[M],#f[L],A-1[L],D-1[L],V;A-1[M],#f[L],A-1[L],D-1[L],V,A-1[M],#f[L],A-1[L],D-1[L],V;B-1[M],g[L],B-1[L],D-1[L],V,B-1[M],g[L],B-1[L],D-1[L],V;B-1[M],g[L],B-1[L],D-1[L],V,#c[M],a[L],A-1[L],D-1[L],V;A-1[M],#f[L],A-1[L],D-1[L],V,A-1[M],#f[L],A-1[L],D-1[L],V;A-1[M],#f[L],A-1[L],D-1[L],V,A-1[M],#f[L],A-1[L],D-1[L],V;B-1[M],g[L],B-1[L],D-1[L],V,B-1[M],g[L],B-1[L],D-1[L],V;B-1[M],g[L],B-1[L],(D-1.A-1)[K],(d.a.#c1)[K],(d.a.d1)[L],V;A-1[M],(D-1.d)[L],"],"id":3,"instruments":["piano","piano"],"alternatives":["",""]}],"audition":{"end":[0,60],"start":[0,18]}}