{"baseBpm":450,"musics":[{"bpm":450,"baseBeats":1.5,"scores":["(e.d1)[KL],d1[KL],#f1[KL],TU,c1[KL],c1[KL],e1[KL],TU,d1[KL],d1[KL],#f1[KL],TU,c1[KL],c1[KL],e1[KL],TU,d1[KL],d1[KL],#f1[KL],TU,c1[KL],c1[KL],e1[KL],TU,d1[KL],d1[KL],#f1[KL],TU,c1[KL],c1[KL],e1[KL],TU,(B-1.#a)[KL],#a[KL],d1[KL],TU,#g[KL],#g[KL],c1[KL],TU,#a[KL],#a[KL],d1[KL],TU,#g[KL],#g[KL],c1[KL],TU,"],"id":1},{"bpm":450,"baseBeats":1.5,"scores":["#a[KL],#a[KL],d1[KL],TU,#g[KL],#g[KL],c1[KL],TU,#a[KL],#a[KL],d1[KL],TU,#g[KL],#g[KL],b[KL],#c1[KL],(e.d1)[KL],d1[KL],#f1[KL],TU,c1[KL],c1[KL],e1[KL],TU,d1[KL],d1[KL],#f1[KL],TU,c1[KL],c1[KL],e1[KL],TU,"],"id":2},{"bpm":450,"baseBeats":1.5,"scores":["d1[KL],d1[KL],#f1[KL],TU,c1[KL],c1[KL],e1[KL],TU,d1[KL],d1[KL],#f1[KL],TU,c1[KL],c1[KL],e1[KL],TU,(B-1.#a)[KL],#a[KL],d1[KL],TU,#g[KL],#g[KL],c1[KL],TU,#a[KL],#a[KL],d1[KL],TU,#g[KL],#g[KL],c1[KL],TU,#a[KL],#a[KL],d1[KL],TU,#g[KL],#g[KL],c1[KL],TU,#a[KL],#a[KL],d1[KL],TU,#g[KL],#g[KL],b[KL],#c1[KL],"],"id":3}],"audition":{"start":[0,0],"end":[1,0]}}