{"baseBpm":120,"musics":[{"bpm":316,"baseBeats":1,"scores":["9<#G-1[HI]>;9<G-1[HI]>;9<F-1[HI]>;9<#A-1[HI]>;9<#d[HI]>;#G-1[K],T,T;#d[K],T,T;9<#g[IJ]>;9<#G-1[HK]>;#d[K],T,T;9<(#g.c1)[HI]>;9<(g.c1)[HJK]>;c1[K];9<(f.c1)[IK]>;c1[K];9<#c1[IK]>;c1[K];9<(#A-1.c1)[IJ]>;9<(#A-1.f)[IK]>;f[K];(#d.f)[K],T;g[K],T;#g[K],T;9<(#d.c1)[IK]>;#a[K];9<(#G-1.#g)[HI]>;9<#d2[IJ]>;9<f2[IJ]>;e2[JK];g2[JK];9<f2[I]>;T,d2[K];9<f2[IJ]>;9<d2[IJ]>;#d2[JK];c2[JK];9<#a1[IJ]>;9<#a1[IJ]>;9<d2[IJ]>;e2[JK];a1[JK];9<f2[IJ]>;e2[JK];d2[JK];9<c2[IJ]>;d2[JK];e2[JK];f2[IJ];","c1[K],#d1[K],#g1[K],c2[K];#g1[K],#d1[K],c1[K],#d1[K];#g1[K],c2[K],#g1[K],#d1[K];c1[K],e1[K],#a1[K],c2[K];#a1[K],e1[K],c1[K],e1[K];#a1[K],c2[K],#a1[K],e1[K];c1[K],#d1[K],a1[K],c2[K];a1[K],#d1[K],c1[K],#d1[K];a1[K],c2[K],a1[K],#d1[K];c1[K],d1[K],#g1[K],c2[K];#g1[K],d1[K],c1[K],d1[K];#g1[K],c2[K],#g1[K],d1[K];#c1[K],#d1[K],g1[K],c2[K];g1[K],#d1[K],#c1[K],#d1[K];g1[K],#a1[K],g1[K],#d1[K];c1[K],#d1[K],#g1[K],c2[K];#g1[K],#d1[K],c1[K],#d1[K];#g1[K],c2[K],#g1[K],#d1[K];c1[K],#d1[K],#g1[K],c2[K];#g1[K],#d1[K],c1[K],#d1[K];#g1[K],c2[K],#g1[K],#d1[K];c1[K],#d1[K],#g1[K],c2[K];#g1[K],#d1[K],c1[K],#d1[K];#g1[K],c2[K],#g1[K],#d1[K];c1[K],e1[K],#a1[K],c2[K];#a1[K],e1[K],c1[K],e1[K];#a1[K],c2[K],#a1[K],e1[K];c1[K],#d1[K],a1[K],c2[K];a1[K],#d1[K],#c1[K],#d1[K];a1[K],c2[K],a1[K],#d1[K];c1[K],d1[K],#g1[K],c2[K];#g1[K],d1[K],c1[K],d1[K];#g1[K],c2[K],#g1[K],d1[K];#c1[K],#d1[K],g1[K],c2[K];g1[K],#d1[K],#c1[K],#d1[K];g1[K],#a1[K],g1[K],#d1[K];c1[K],#d1[K],#g1[K],c2[K];#g1[K],#d1[K],c1[K],#d1[K];#g1[K],c2[K],#d2[K],#g2[K];#D-1[K],#d1[K],g1[K],#A-1[K];d1[K],f1[K],#A-1[K],d1[K];#a[K],f1[K],d1[K],#a[K];g[K],#c1[K],#a[K],e1[K];#c1[K],#a[K],#A-1[K],d1[K];#a[K],f1[K],d1[K],#a[K];f[K],d1[K],#a[K],f1[K];d1[K],#a[K],#A-1[K],d1[K];#a[K],f1[K],d1[K],#a[K];#f[K],c1[K],a[K],#d1[K];c1[K],a[K],#A-1[K],d1[K];#a[K],f1[K],d1[K],#a[K];f[K],d1[K],#a[K],f1[K];d1[K],#a[K],#A-1[K],d1[K];#a[K],f1[K],d1[K],#a[K];A-1[K],#c1[K],a[K],g1[K];#c1[K],a[K],d[K],d1[K];a[K],f1[K],d1[K],a[K];B-1[K],d1[K],#g[K],f1[K];d1[K],#g[K],c[K],#a[K];g[K],e1[K],#a[K],g[K];c[K],#a[K],g[K],e1[K];#a[K],g[K],f[IJ];"],"id":1,"instruments":["piano","piano"],"alternatives":["",""]},{"bpm":367,"baseBeats":1,"scores":["9<(e.b)[IJ]>;9<(e1.b1)[IJ]>;(e1.b1)[JK];(e1.#c2)[JK];(e1.b1)[JK];e2[JK];9<(e.b)[IJ]>;9<(e.b)[IJ]>;(e.b)[JK];(#c.#c1)[JK];#d2[K],c2[K];#a1[K],#g1[JK];9<(#g1.c2)[IJ]>;9<(#g1.c2)[IJ]>;(#g1.c2)[JK];(e1.c2)[JK];9<(#g.c1)[IJ]>;","b2[K],#g2[K],#f2[K],e2[K];#f2[K],#g2[K],b2[K],#g2[K];#f2[K],e2[K],#f2[K],#g2[K];b2[K],#g2[K],b2[K],#c3[K];#g2[K],#c3[K],b2[K],#g2[K];#f2[K],b[K],#g[K],#f[K];b1[K],#g1[K],#f1[K],e1[K];#f1[K],#g1[K],b1[K],#g1[K];#f1[K],e1[K],#f1[K],#g1[K];b1[K],#g1[K],b1[K],#c2[K];#g1[K],#c2[K],(#g.c1)[JK];#d1[K],c1[K],#a[K];#d3[K],c3[K],#a2[K],#g2[K];#a2[K],c3[K],#d3[K],c3[K];#a2[K],#g2[K],#a2[K],c3[K];#d3[K],c3[K],#d3[K],e3[K];c3[K],e3[K],#d2[K],c2[K];#d2[K],e2[K],c2[K],e2[K];"],"id":2,"instruments":["piano","piano"],"alternatives":["",""]},{"bpm":201,"baseBeats":0.5,"scores":["9<c2[J]>,9<c2[J]>;9<(c2.g2)[J]>,9<(c2.g2)[J]>;9<a2[J]>,9<f2[J]>;9<g2[J]>,9<e2[J]>;9<f2[J]>,9<(g1.d2.f2)[J]>;9<e2[J]>,9<(a1.c2.e2)[J]>;9<d2[J]>,(g1.b1.d2)[KL],f1[L];(e1.g1.c2)[J],S;9<(c2.g2)[J]>,9<(c2.g2)[J]>;9<(c2.f2)[J]>,9<(b1.f2)[J]>;(c2.e2)[KL],d2[L],(c2.e2)[KL],f2[L];9<(b1.e2)[J]>,9<d2[J]>;9<(c2.g2)[J]>,9<(c2.g2)[J]>;9<(c2.f2)[J]>,9<(b1.f2)[J]>;(g1.e2)[KL],d2[L],(g1.e2)[KL],f2[L];9<(g1.e2)[J]>,d2[J];","c[L],c1[L],b[L],c1[L],d1[L],c1[L],b[L],c1[L];e[L],c1[L],b[L],c1[L],d1[L],c1[L],b[L],c1[L];f[L],c1[L],b[L],c1[L],d1[L],c1[L],b[L],c1[L];c[L],c1[L],b[L],c1[L],d1[L],c1[L],b[L],c1[L];A-1[L],a[L],#g[L],a[L],B-1[L],b[L],#a[L],b[L];c[L],c1[L],b[L],c1[L],A-1[L],a[L],#g[L],a[L];F-1[L],f[L],e[L],f[L],G-1[L],g[L],#f[L],g[L];C-1[J],c[J];g[L],e1[L],#d1[L],e1[L],f1[L],e1[L],#d1[L],e1[L];g[L],d1[L],#c1[L],d1[L],e1[L],d1[L],#c1[L],d1[L];g[L],g1[L],#f1[L],g1[L],a1[L],g1[L],#f1[L],g1[L];g[L],f1[L],e1[L],f1[L],g1[L],f1[L],e1[L],f1[L];g[L],e1[L],#d1[L],e1[L],f1[L],e1[L],#d1[L],e1[L];g[L],d1[L],#c1[L],d1[L],e1[L],d1[L],#c1[L],d1[L];g[L],c1[L],b[L],c1[L],d1[L],c1[L],b[L],c1[L];g[L],b[L],#a[L],b[L],c1[J];"],"id":3,"instruments":["piano","piano"],"alternatives":["",""]}],"audition":{"start":[0,0],"end":[2,167]}}