{"baseBpm":120,"musics":[{"bpm":120,"baseBeats":0.25,"scores":["V,V,V,U,UV,U,U,U,U,U,UV,UV,VW,5<V>,VW,U,U,U,UV,UV,STV,UV,T,U,U,V,V,V,U,UV,U,U,U,U,U,UV,UV,VW,5<V>,VW,U,U,U,UV,UV,","#g2[M],a2[M],(e1.b.#g.e.b2)[M],a2[L],(e1.b.#g.e.#g2)[LM],(e1.b.#g.e.e2)[L],#c2[L],(#c1.a.e.#c)[L],(#c1.a.e.#c)[L],e2[L],(e1.#c1.a.#f.#c2)[LM],(e1.#c1.a.#f.#c2)[LM],(e1.#c1.a.#f.e2)[L],#g2[N],a2[MN],(#c1.a.e.#c.#g2)[L],(#d1.b.#f.#d.#f2)[L],#d2[MN],#d2[N],(e1.b.#g.e.e2)[LM],(e1.b.#g.e.e2)[LM],(e1.b.#g.e.e2)[JL],(e1.b.#g.e.e2.b1)[LM],(e1.b.#g.e.e2.b1)[LM],(e1.b.#g.e.e2.b1)[K],B-1[L],#c[L],(#d.#g2)[M],a2[M],(e1.b.#g.e.b2)[M],a2[L],(e1.b.#g.e.#g2)[LM],(e1.b.#g.e.e2)[L],#c2[L],(#c1.a.e.#c)[L],(#c1.a.e.#c)[L],e2[L],(e1.#c1.a.#f.#c2)[LM],(e1.#c1.a.#f.#c2)[LM],(e1.#c1.a.#f.e2)[L],#g2[N],a2[MN],(#c1.a.e.#c.#g2)[L],(#d1.b.#f.#d.#f2)[L],b2[MN],#d2[N],(e1.b.#g.e.e2)[LM],(e1.b.#g.e.e2)[LM],"],"id":1},{"bpm":120,"baseBeats":0.25,"scores":["S,5<V>,5<V>,UV,UV,TUVW,5<V>,VW,V,V,V,V,V,V,V,V,V,V,V,V,V,V,V,V,V,V,V,V,V,V,V,V,V,V,V,V,V,V,V,V,V,V,V,V,V,V,V,V,V,V,V,V,V,V,V,V,V,V,V,V,V,V,V,V,V,V,V,V,V,V,V,V,V,V,V,V,V,V,V,V,V,V,V,V,V,V,V,V,V,V,V,V,V,V,V,V,V,V,V,V,V,V,V,V,V,V,V,V,V,V,V,V,5<V>,V,V,V,V,V,V,V,V,V,V,V,V,V,V,V,V,V,V,V,V,V,V,V,V,U,UV,U,U,U,U,U,UV,UV,VW,5<V>,VW,U,U,U,UV,UV,STV,UV,","(e1.b.#g.e.e2)[JN],b2[N],#c3[N],#d3[N],(e1.b.#g.e.e3.#g2)[LM],(e1.b.#g.e.e3.#g2)[LM],(e1.b.#g.e.e3.#g2)[J],#d2[N],e2[MN],(A-1.#c2)[M],#g[M],#c1[M],e1[M],e[M],#g[M],(#c1.e2)[M],(e1.b2)[M],d[M],a[M],(c1.a2)[M],e1[M],(a.#g2)[M],c1[M],(e1.b2)[M],g1[M],(#G-1.#g2)[M],#f[M],b[M],#d1[M],(#d.e2)[M],#f[M],(b.#f2)[M],(#d1.e2)[M],G-1[M],#a[M],d1[M],f1[M],d[M],f[M],(#a.d2)[M],d1[M],(#F-1.#c2)[M],e[M],a[M],#c1[M],(#c.#d2)[M],e[M],(a.e2)[M],(#c1.c2)[M],#G-1[M],#f[M],(c1.#d2)[M],#d1[M],(#d.e2)[M],#f[M],(c1.#f2)[M],#d1[M],(B-1.#f2)[M],a[M],d1[M],#f1[M],(#F-1.e2)[M],#f[M],(b.#f2)[M],(d1.#g2)[M],#A-1[M],#g[M],c1[M],e1[M],#A-1[M],e[M],#g[M],#c1[M],(A-1.e2)[M],#g[M],#c1[M],e1[M],(e.#c2)[M],#g[M],(#c1.e2)[M],(e1.b2)[M],A-1[M],#f[M],(b.a2)[M],#d1[M],(e.#g2)[M],b[M],(#d1.e3)[M],#f1[M],(#G-1.#d3)[M],#f[M],(b.b2)[M],#d1[M],(#d.#g2)[M],#f[M],(b.b2)[M],(#d1.e2)[M],#c[M],f[M],b[M],d1[M],#G-1[M],f[M],(b.d2)[M],d1[M],(#F-1.#c2)[M],e[M],a[M],#c1[M],#c[M],e[M],(a.e2)[M],#c1[M],(#d2.F-1)[N],e2[N],e[M],a[M],c1[M],(c.#f2)[M],a[M],c1[M],e1[M],(E-1.e2)[M],#g[M],b[M],#d1[M],B-1[M],e[M],#g[M],b[M],e[M],b[M],#d1[M],#g1[M],B-1[M],#g[M],(b.#g2)[M],(#d1.a2)[M],(e1.b.#g.e.b2)[M],a2[L],(e1.b.#g.e.#g2)[LM],(e1.b.#g.e.e2)[L],#c2[L],(#c1.a.e.#c)[L],(#c1.a.e.#c)[L],e2[L],(e1.#c1.a.#f.#c2)[LM],(e1.#c1.a.#f.#c2)[LM],(e1.#c1.a.#f.e2)[L],#g2[N],a2[MN],(#c1.a.e.#c.#g2)[L],(#d1.b.#f.#d.#f2)[L],#d2[MN],#d2[N],(e1.b.#g.e.e2)[LM],(e1.b.#g.e.e2)[LM],(e1.b.#g.e.e2)[JL],(e1.b.#g.e.e2.b1)[LM],(e1.b.#g.e.e2.b1)[LM],"],"id":2},{"bpm":120,"baseBeats":0.25,"scores":["T,U,U,V,V,V,U,UV,U,U,U,U,U,UV,UV,VW,5<V>,VW,U,U,U,UV,UV,S,5<V>,5<V>,UV,UV,TUVW,5<V>,VW,V,V,V,V,V,V,V,V,V,V,V,V,V,V,V,V,V,V,V,V,V,V,V,V,V,V,V,V,V,V,V,V,V,V,V,V,V,V,V,V,V,V,V,V,V,V,V,V,V,V,V,V,V,V,V,V,V,V,V,V,V,V,V,V,V,V,V,V,V,V,V,V,V,V,V,V,V,V,V,V,V,V,V,V,V,V,V,V,V,V,V,V,V,V,V,V,V,V,V,V,V,V,V,V,5<V>,V,V,V,V,V,V,V,V,V,V,V,V,V,V,V,V,V,V,V,V,V,","(e1.b.#g.e.e2.b1)[K],B-1[L],#c[L],(#d.#g2)[M],a2[M],(e1.b.#g.e.b2)[M],a2[L],(e1.b.#g.e.#g2)[LM],(e1.b.#g.e.e2)[L],#c2[L],(#c1.a.e.#c)[L],(#c1.a.e.#c)[L],e2[L],(e1.#c1.a.#f.#c2)[LM],(e1.#c1.a.#f.#c2)[LM],(e1.#c1.a.#f.e2)[L],#g2[N],a2[MN],(#c1.a.e.#c.#g2)[L],(#d1.b.#f.#d.#f2)[L],b2[MN],#d2[N],(e1.b.#g.e.e2)[LM],(e1.b.#g.e.e2)[LM],(e1.b.#g.e.e2)[JN],b2[N],#c3[N],#d3[N],(e1.b.#g.e.e3.#g2)[LM],(e1.b.#g.e.e3.#g2)[LM],(e1.b.#g.e.e3.#g2)[J],#d2[N],e2[MN],(A-1.#c2)[M],#g[M],#c1[M],e1[M],e[M],#g[M],(#c1.e2)[M],(e1.b2)[M],d[M],a[M],(c1.a2)[M],e1[M],(a.#g2)[M],c1[M],(e1.b2)[M],g1[M],(#G-1.#g2)[M],#f[M],b[M],#d1[M],(#d.e2)[M],#f[M],(b.#f2)[M],(#d1.e2)[M],G-1[M],#a[M],d1[M],f1[M],d[M],f[M],(#a.d2)[M],d1[M],(#F-1.#c2)[M],e[M],a[M],#c1[M],(#c.#d2)[M],e[M],(a.e2)[M],(#c1.c2)[M],#G-1[M],#f[M],(c1.#d2)[M],#d1[M],(#d.e2)[M],#f[M],(c1.#f2)[M],#d1[M],(B-1.#f2)[M],a[M],d1[M],#f1[M],(#F-1.e2)[M],#f[M],(b.#f2)[M],(d1.#g2)[M],#A-1[M],#g[M],c1[M],e1[M],#A-1[M],e[M],#g[M],#c1[M],(A-1.e2)[M],#g[M],#c1[M],e1[M],(e.#c2)[M],#g[M],(#c1.e2)[M],(e1.b2)[M],A-1[M],#f[M],(b.a2)[M],#d1[M],(e.#g2)[M],b[M],(#d1.e3)[M],#f1[M],(#G-1.#d3)[M],#f[M],(b.b2)[M],#d1[M],(#d.#g2)[M],#f[M],(b.b2)[M],(#d1.e2)[M],#c[M],f[M],b[M],d1[M],#G-1[M],f[M],(b.d2)[M],d1[M],(#F-1.#c2)[M],e[M],a[M],#c1[M],#c[M],e[M],(a.e2)[M],#c1[M],(#d2.F-1)[N],e2[N],e[M],a[M],c1[M],(c.#f2)[M],a[M],c1[M],e1[M],(E-1.e2)[M],#g[M],b[M],#d1[M],B-1[M],e[M],#g[M],b[M],e[M],b[M],#d1[M],#g1[M],B-1[M],#g[M],"],"id":3}],"audition":{"start":[0,0],"end":[1,0]}}