{"baseBpm":140,"demo":null,"audition":{"start":[1,0],"end":[1,30]},"musics":[{"baseBeats":0.5,"measureBeats":4,"scores":["(#g1.b1)[L],U,(#g1.b1)[L],T,(#g1.b1)[L],U,(#g1.b1)[L];(#f1.a1)[L],U,(#f1.a1)[L],S,U;(b1.d2)[L],U,(b1.d2)[L],T,(b1.d2)[L],U,(b1.d2)[L];(a1.#c2)[L],U,(a1.#c2)[L],S,U;E-1[L],U,e[L],U,E-1[L],e[L],U,D-1[L];U,D-1[L],d[L],U,D-1[L],d[L],U,B-1[L];T,b[L],U,B-1[L],b[L],U,A-1[L];U,A-1[L],a[L],#G-1[L],#g[L],#F-1[L],#f[L],U;E-1[L],U,e[L],U,E-1[L],e[L],U,D-1[L];U,D-1[L],d[L],U,D-1[L],d[L],U,B-1[L];U,B-1[L],b[L],U,B-1[L],b[L],U,A-1[L];U,A-1[L],a[L],A-1[L],#G-1[L],#g[L],#F-1[L],#f[L];","R;R;R;R;(#g1.b1)[L],U,(#g1.b1)[L],T,(#g1.b1)[L],U,(#g1.b1)[L];(#f1.a1)[L],U,(#f1.a1)[L],S,U;(b1.d2)[L],U,(b1.d2)[L],T,(b1.d2)[L],U,(b1.d2)[L];(a1.#c2)[L],U,(a1.#c2)[L],S,U;(#g1.b1)[L],U,(#g1.b1)[L],T,(#g1.b1)[L],U,(#g1.b1)[L];(#f1.a1)[L],U,(#f1.a1)[L],S,U;(b1.d2)[L],U,(b1.d2)[L],T,(b1.d2)[L],U,(b1.d2)[L];(a1.#c2)[L],U,(a1.#c2)[L],S,U;"],"instruments":["piano","piano"],"alternatives":["",""],"id":1,"bpm":140},{"baseBeats":0.5,"measureBeats":4,"scores":["#g2[K],a2[K],#c3[K],b2[L],a2[K];#g2[KL],S;#g2[K],a2[K],#c3[K],b2[L],d3[K];#c3[JKL];#g2[K],a2[K],#c3[K],b2[L],a2[K];#g2[JKL];#g2[K],a2[K],d3[K],#c3[L],d3[K];U,a3[L],#g3[L],#f3[L],e3[L],d3[L],#c3[L];#g2[L],#g3[L],a2[L],a3[L],#c3[L],#c4[L],b2[L],a2[L];a3[L],#g2[L],#g3[L],#g2[L],a2[L],e2[L],a2[L],d2[L];#g2[L],#g3[L],a2[L],a3[L],#c3[L],#c4[L],b2[L],d3[L];d4[L],#c3[L],a3[L],a3[L],b3[L],a3[L],a3[L],a3[L];#g2[L],#g3[L],a2[L],a3[L],#c3[L],#c4[L],b2[L],a2[L];a3[L],a2[L],a3[L],a2[L],a3[L],a2[L],a3[L],a2[L];#g2[L],#g3[L],a2[L],a3[L],d3[L],d4[L],#c3[L],d3[L];d4[L],b3[L],a3[L],#g3[L],#f3[L],e3[L],d3[L],#c3[L];","E-1[L],U,e[L],U,E-1[L],e[L],U,D-1[L];(#f1.a1)[L],D-1[L],(d.#f1.a1)[L],U,D-1[L],d[L],U,B-1[L];T,b[L],U,B-1[L],b[L],U,A-1[L];(a1.#c2)[L],A-1[L],(a.a1.#c2)[L],#G-1[L],#g[L],#F-1[L],#f[L],U;E-1[L],U,e[L],U,E-1[L],e[L],U,D-1[L];(#f1.a1)[L],D-1[L],(d.#f1.a1)[L],U,D-1[L],d[L],U,B-1[L];U,B-1[L],b[L],U,B-1[L],b[L],U,A-1[L];U,A-1[L],a[L],A-1[L],#G-1[L],#g[L],#F-1[L],#f[L];E-1[L],U,e[L],U,E-1[L],e[L],U,D-1[L];U,D-1[L],d[L],U,D-1[L],d[L],U,B-1[L];T,b[L],U,B-1[L],b[L],U,A-1[L];U,A-1[L],a[L],#G-1[L],#g[L],#F-1[L],#f[L],U;E-1[L],U,e[L],U,E-1[L],e[L],U,D-1[L];U,D-1[L],d[L],U,D-1[L],d[L],U,B-1[L];U,B-1[L],b[L],U,B-1[L],b[L],U,A-1[L];U,A-1[L],a[L],A-1[L],#G-1[L],#g[L],#F-1[L],#f[L];"],"instruments":["piano","piano"],"alternatives":["",""],"id":2,"bpm":140},{"baseBeats":0.5,"measureBeats":4,"scores":["E-1[L],U,e[L],U,E-1[L],e[L],U,D-1[L];U,D-1[L],d[L],U,D-1[L],d[L],U,B-1[L];T,b[L],U,B-1[L],b[L],U,A-1[L];U,A-1[L],a[L],#G-1[L],#g[L],#F-1[L],#f[L],U;E-1[L],U,e[L],U,E-1[L],e[L],U,D-1[L];U,D-1[L],d[L],U,D-1[L],d[L],U,B-1[L];U,B-1[L],b[L],U,B-1[L],b[L],U,A-1[L];U,A-1[L],a[L],A-1[L],#G-1[L],#g[L],#F-1[L],#f[L];","(#g1.b1)[L],U,(#g1.b1)[L],T,(#g1.b1)[L],U,(#g1.b1)[L];(#f1.a1)[L],U,(#f1.a1)[L],S,U;(b1.d2)[L],U,(b1.d2)[L],T,(b1.d2)[L],U,(b1.d2)[L];(a1.#c2)[L],U,(a1.#c2)[L],S,U;(#g1.b1)[L],U,(#g1.b1)[L],T,(#g1.b1)[L],U,(#g1.b1)[L];(#f1.a1)[L],U,(#f1.a1)[L],S,U;(b1.d2)[L],U,(b1.d2)[L],T,(b1.d2)[L],U,(b1.d2)[L];(a1.#c2)[L],U,(a1.#c2)[L],T,T,T;"],"instruments":["piano","piano"],"alternatives":["",""],"id":3,"bpm":140}]}