{"baseBpm":450,"musics":[{"bpm":450,"baseBeats":0.75,"scores":["mute[HMO],mute[HMO],mute[JLMO],mute[JLM],mute[JLMO],mute[JLM],mute[JLM],mute[JLMO],mute[JLMO],mute[JLM],mute[JLM],mute[JLMO],mute[JLM],mute[JLMO],mute[JLM],mute[JLM],mute[JLMO],mute[JLMO],mute[KMN],mute[JO],mute[JO],mute[JLMO],mute[KMN],mute[KMN],mute[JLMO],mute[JLM],mute[KMN],mute[KMN],mute[JLMO],mute[JLMO],mute[JKMNO],mute[JO],mute[JLMO],mute[JLM],mute[JLMO],mute[JLM],mute[KMN],mute[KMN],mute[LM],mute[JO],mute[JO],mute[LM],mute[KMN],mute[JO],mute[JO],mute[JN],mute[LM],mute[KMO],mute[JO],mute[JN],mute[JLM],mute[JLM],mute[JLMO],mute[JLMO],mute[JLM],mute[JLM],mute[JLMN],mute[JK],mute[JK],mute[JK],mute[JLMN],mute[JLM],mute[JLMO],mute[JLM],mute[JLMO],mute[JLM],mute[JLM],mute[JLMO],mute[JLMO],mute[JLM],mute[JLM],mute[JLMO],mute[JLM],mute[JLMO],mute[JLM],mute[JLM],mute[JLMO],mute[JLMO],mute[JLM],mute[JLM],mute[JLMO],mute[JLM],mute[JLMO],mute[JLM],mute[JLM],mute[JLMO],mute[JLMO],mute[KMN],mute[KMN],mute[JLM],mute[JLMO],mute[KMN],mute[KMN],mute[JLMO],mute[JLM],mute[KMN],mute[KMN],mute[JLMO],mute[JLMO],mute[KMN],mute[KMN],mute[JLM],mute[JLMO],mute[JLM],mute[JLMO],mute[JLM],mute[JLM],mute[JLMO],mute[JLMO],mute[JLM],mute[JLM],mute[JLMO],mute[JLM],mute[JLMO],mute[JLM],mute[KMN],mute[KMN],mute[JLMO],mute[JLMO],mute[JLM],mute[JLM],mute[JLMN],mute[JK],mute[JK],mute[JK],mute[JLMN],mute[JLM],mute[JLMO],mute[JLM],mute[JLMO],mute[JLM],mute[JLM],mute[JLMO],mute[JLM],mute[JLMO],mute[JLM],mute[JLMO],mute[JLM],mute[JLMO],mute[JLM],mute[JLM],mute[JLMO],mute[JLM],mute[KMNO],mute[KMN],mute[JLM],mute[JLMO],mute[KMN],mute[KMN],mute[JLMO],mute[JLM],mute[JLM],mute[JLMO],mute[JLM],mute[JLMO],mute[JLM],mute[JLMO],mute[JLM],mute[JLMO],mute[JLM],mute[KMN],mute[KMNO],mute[JLMNO],mute[JK],mute[KL],mute[KL],mute[JK],mute[JLM],mute[JLM],mute[JLMO],mute[JLM],mute[JLMO],mute[JLM],mute[JLM],mute[JLMO],mute[JLMO],mute[JLM],mute[JLM],mute[JLMO],mute[JLM],mute[JLMO],mute[JLM],mute[JLM],mute[JLMO],mute[JLMO],mute[JLM],mute[JLM],mute[JLMO],mute[JLM],mute[JLMO],mute[JLM],mute[JLM],mute[JLMO],mute[JLMO],mute[JLM],mute[JLM],mute[JLMO],mute[JLM],mute[JLMO],mute[JLM],mute[JLM],mute[JLMO],mute[JLMO],mute[JLM],mute[JLM],mute[JLMO],mute[JLM],mute[JLMO],mute[JLM],mute[JLM],mute[JLMO],mute[JLMO],mute[JLM],mute[JLM],mute[JLMO],mute[JLM],mute[JLMO],mute[JLM],mute[JLM],mute[JLMO],mute[JLMO],mute[JLM],mute[JLM],mute[JLMO],mute[JLM],mute[JLMO],mute[JLM],mute[JLM],mute[JLM],5<UV>,mute[JN],mute[JLM],mute[JLM],mute[JLMO],mute[JLM],mute[JLMO],mute[JLM],mute[JLM],mute[KMNO],mute[KMN],mute[JLMO],mute[JLM],mute[JLM],mute[JLMO],mute[JLM],mute[JLMO],mute[JLM],mute[JLM],mute[JLMO],mute[JLMO],mute[JLM],mute[JLM],mute[JLMO],mute[JLM],mute[JLMO],mute[JLM],mute[JLM],mute[JLMO],mute[JLMO],mute[JLM],mute[JLM],mute[JLMO],mute[JLM],mute[JLMO],mute[JLM],mute[JLM],mute[JLMO],mute[JLMO],mute[JLM],mute[JLM],mute[JLMO],mute[JLM],mute[KMNO],mute[KMN],mute[JLM],mute[JLM],mute[JLMO],mute[JLMO],mute[JLM],mute[JLM],mute[LM],mute[JO],mute[JLM],mute[KMNO],mute[JO],mute[JO],mute[JLM],mute[KMNO],mute[JO],mute[JN],mute[JLM],mute[KMN],mute[KMN],mute[JLMO],mute[JLM],mute[JLMO],mute[JLM],mute[JLM],mute[JLMO],mute[JLMO],mute[JLM],mute[JLM],mute[LM],mute[JO],mute[JLM],mute[JLMO],mute[JLM],mute[JLM],mute[JLMO],mute[JLMO],mute[JLM],mute[JLM],mute[JLMO],mute[JLM],mute[KMNO],mute[KMN],mute[JLM],mute[JLM],mute[KMNO],mute[KMN],mute[JLMO],mute[JLM],mute[JLM],mute[JLMO],mute[JLM],mute[JLMO],mute[JLM],mute[JLM],mute[JLM],5<UV>,mute[JN],mute[JLM],mute[KMN],mute[KMN],mute[JLMO],mute[JLM],mute[JLMO],mute[JLM],mute[JLM],mute[JLMO],mute[JLMO],mute[JLM],mute[JLM],mute[JLMO],mute[JLM],mute[KMNO],mute[KMN],mute[JLM],mute[JLM],mute[KMNO],mute[KMN],mute[JLMO],mute[JLMN],mute[JLMN],mute[JLMN],mute[JK],mute[JKO],mute[LMO],mute[JMO],mute[JKN],mute[KLO],mute[KL],mute[JK],mute[JLMN],mute[JLMO],mute[JLMO],mute[JLM],mute[JLMO],mute[JLM],mute[JLMO],mute[JLM],mute[JLM],mute[JLMO],mute[JLM],mute[JLMO],mute[JLM],mute[JLMO],mute[JLM],mute[JLMO],mute[JLM],mute[JLM],mute[JLMO],mute[JLM],mute[JLMO],mute[JLM],mute[JLMO],mute[JLM],mute[JLMO],mute[JKMNO],mute[JO],mute[JLMO],mute[KMN],mute[JO],mute[JN],mute[JLM],mute[KMN],mute[JN],mute[JO],mute[JLMO],mute[KMN],mute[KMN],mute[JLM],mute[JLMO],mute[JLM],mute[JLMO],mute[JLM],mute[JLMO],mute[JLM],mute[JLMO],mute[JKMNO],mute[JO],mute[JLMO],mute[JLM],mute[JLMO],mute[JLM],mute[JLMO],mute[JLM],mute[JLMO],mute[JLM],mute[JLM],mute[JLMO],mute[KMN],mute[KMN],mute[JLMO],mute[JLM],mute[KMN],mute[KMNO],mute[JLM],mute[JLMO],mute[JLM],mute[JLM],mute[JLMN],mute[JLMNO],mute[JLMN],mute[JK],mute[JKO],mute[JKN],mute[JKN],mute[JLMNO],mute[JLMO],mute[JLM],mute[JLM],mute[JLMO],mute[JLM],mute[KMNO],mute[KMN],mute[JLM],mute[JLMO],mute[KMN],mute[KMN],mute[JLMO],mute[JLM],mute[KMN],mute[KMN],mute[JLMO],mute[JLM],mute[JLMO],mute[JLM],mute[JLMO],mute[JLM],mute[JLMO],mute[JLM],mute[KMN],mute[KMN],mute[JLMO],mute[JLM],mute[KMNO],mute[KMN],mute[JLM],mute[JLMO],mute[JLM],mute[JLMO],mute[JLM],mute[JLM],mute[JLMO],mute[JLM],mute[JLMO],mute[JLM],mute[JLMO],mute[JLM],mute[JLMO],mute[JLM],mute[JLM],mute[JLMO],mute[JLM],mute[KMNO],mute[KMN],mute[JLM],mute[JLMO],mute[KMN],mute[KMN],mute[JLMO],mute[JLM],mute[KMN],mute[KMN],mute[JLMO],mute[JLM];","f1[HMO],#a1[HMO],(d2.#A-1)[JLMO],d[JLM],f[JLMO],#a[JLM],f[JLM],d[JLMO],(d2.#A-1)[JLMO],d[JLM],f[JLM],(d2.#a)[JLMO],f[JLM],d[JLMO],(#d2.c)[JLM],#d[JLM],f[JLMO],a[JLMO],f[KMN],f2[KMN],#d[LNO],#d2[JO],(d2.c)[JLMO],#d[KMN],c2[KMN],f[JLMO],(#a1.a)[JLM],f[KMN],a1[KMN],#d[JLMO],(c2.d)[JLMO],f[JLM],#a[LNO],#a1[JO],(#a2.d1)[JLMO],#a[JLM],f[JLMO],#d[JLM],g[KMN],a2[KMN],#a[LM],#a2[JO],(c3.#d)[JO],#a2[LM],g[KMN],a2[KMN],#a[LNO],g2[JO],(f2.f)[JN],g2[LNO],(f2.#a)[LNO],e2[LNO],f2[KMN],d1[LNO],#a2[JN],(d2.f1)[JLM],d1[JLM],#a[JLMO],f[JLMO],(g2.#a)[JLM],(f2.d1)[JLM],(#d2.f)[JLMN],(d2.a)[JK],(c2.#d1)[JK],(#a1.d1.#a)[JK],f2[JLMN],d2[JLM],#a1[JLMO],d2[JLM],#a1[JLMO],f1[JLM],#a1[JLM],f1[JLMO],(#a1.d1)[JLMO],f1[JLM],d1[JLM],(d2.#a.#A-2.#A-1)[JLMO],d1[JLM],#a[JLMO],f1[JLM],d1[JLM],#a[JLMO],(d2.f.#A-2.#A-1)[JLMO],#a[JLM],d1[JLM],(d2.f1)[JLMO],d1[JLM],#a[JLMO],(#d2.f.A-2.A-1)[JLM],c1[JLM],#d1[JLMO],f1[JLMO],#d1[KMN],#d2[KMN],c1[JLM],(d2.f.#D-1.#d)[JLMO],a[KMN],c2[KMN],c1[JLMO],(#a1.f1)[JLM],c1[KMN],a1[KMN],a[JLMO],(c2.f.D-1.d)[JLMO],#a[KMN],#a1[KMN],d1[JLM],(#a1.f1)[JLMO],d1[JLM],#a[JLMO],(g1.g.#D-1.#d)[JLM],#a[JLM],#d1[JLMO],g1[JLMO],#d1[JLM],#a[JLM],(f1.F-1.f)[JLMO],#a[JLM],d1[JLMO],(#a1.f1)[JLM],d1[KMN],d2[KMN],#a[JLMO],(f2.F-2.F-1)[JLMO],(g2.a)[JLM],(f2.c1)[JLM],(#d2.#d1)[JLMN],(d2.c1)[JK],(#d2.a)[JK],(#d2.#A-2.#A-1)[JK],#a[JLMN],d1[JLM],(d2.f1)[JLMO],d1[JLM],#a[JLMO],(d2.f.D-1.d)[JLM],#a[JLM],d1[JLMO],(d2.f)[JLM],#g[JLMO],b[JLM],(c2.g.#D-1.#d)[JLMO],c1[JLM],#d1[JLMO],g1[JLM],#d1[JLM],c1[JLMO],#d[JLM],#d1[KMNO],g2[KMN],g1[JLM],(#d2.c2)[JLMO],g1[KMN],c2[KMN],#d1[JLMO],(#a1.f)[JLM],d1[JLM],f1[JLMO],#a1[JLM],f1[JLMO],d1[JLM],(#a1.F-1)[JLMO],f1[JLM],d1[JLMO],(d2.a1.F-1)[JLM],f1[KMN],c2[KMNO],#d1[JLMNO],(c2.#A-1)[JK],d1[KL],#a1[KL],#a1[JK],d1[JLM],f2[JLM],f1[JLMO],c1[JLM],#d2[JLMO],f1[JLM],#a[JLM],d2[JLMO],f1[JLMO],#d1[JLM],c2[JLM],f1[JLMO],d1[JLM],#a1[JLMO],f1[JLM],(a1.c1)[JLM],(a1.#d1)[JLMO],f1[JLMO],f[JLM],(#a1.a1.#d1)[JLM],(c2.f1)[JLMO],(c2.#a)[JLM],(d1.#a1)[JLMO],f1[JLM],(#a1.d1.f1)[JLM],f2[JLMO],f1[JLMO],(#d1.c1)[JLM],#d2[JLM],f1[JLMO],(d1.#a)[JLM],d2[JLMO],f1[JLM],(c1.#d)[JLM],c2[JLMO],f1[JLMO],(#a.d)[JLM],#a1[JLM],f1[JLMO],(#d2.a.c)[JLM],(a1.#d1)[JLMO],f1[JLM],(f.F-1)[JLM],(c2.a1.#d1)[JLMO],(a1.f1)[JLMO],(c2.#A-1)[JLM],(#a1.f1.d1.#a)[JLM],(#a1.f1.d1.#a)[JLMO],(#a1.f1.d1.#a)[JLM],(#a1.f1.d1.#a)[JLMO],(#a1.f1.d1.#a)[JLM],(#a1.f1.d1.f)[JLM],(#a1.f1.d1.f)[JLMO],(#a1.f1.d1.f)[JLMO],(#a1.f1.d1.d)[JLM],(#a1.f1.d1.d)[JLM],(#a1.f1.d1.d)[JLMO],(#a1.f1.d1.#A-1)[JLM],(#a1.f1.d1.#A-1)[JLMO],(#a1.f1.d1.#A-1)[JLM],(f1.#a1.d1.f.F-1)[JLM],(#a1.f1.d1.f.F-1)[JLMO],(#a1.f1.d1.f.F-1)[LNO],f1[JN],(#a1.f1.d1.d.D-1)[JLM],(#a1.f1.d1.d.D-1)[JLM],(#a1.f1.d1.d.D-1)[JLMO],(#a1.f1.d1.#A-1.#A-2)[JLM],(c2.#a1.f1.d1.#A-1.#A-2)[JLMO],(d2.#a1.f1.d1.#A-1.#A-2)[JLM],(b1.F-1.F-2)[JLM],(c2.a1.f1.#d1.f)[KMNO],c2[KMN],(c2.a1.f1.#d1.f)[JLMO],(c2.a1.f1.#d1.f)[JLM],(c2.a1.f1.#d1.f)[JLM],(c2.a1.f1.#d1.f)[JLMO],(c2.a1.f1.#d1.c1.c)[JLM],(c2.a1.f1.#d1.c1.c)[JLMO],(c2.a1.f1.#d1.c1.c)[JLM],(f1.c2.a1.#d1.a.A-1)[JLM],(c2.a1.f1.#d1.a.A-1)[JLMO],(c2.a1.f1.#d1.a.A-1)[JLMO],(f2.c2.a1.f1.#d1.f.F-1)[JLM],(c2.a1.f1.#d1.f.F-1)[JLM],(c2.a1.f1.#d1.f.F-1)[JLMO],(c2.a1.f1.#d1.c.C-1)[JLM],(c2.a1.f1.#d1.c.C-1)[JLMO],(c2.a1.f1.#d1.c.C-1)[JLM],(c2.a1.f1.#d1.A-1.A-2)[JLM],(c2.a1.f1.#d1.A-1.A-2)[JLMO],(c2.a1.f1.#d1.A-1.A-2)[JLMO],(#d2.c2.a1.f1.#d1.F-1.F-2)[JLM],(c2.a1.f1.#d1.F-1.F-2)[JLM],(c2.a1.f1.#d1.F-1.F-2)[JLMO],(#d2.#A-1.#A-2)[JLM],d1[JLMO],d2[JLM],(d2.#a)[JLM],d2[JLMO],d1[JLMO],a[JLM],c2[JLM],d1[JLMO],(d2.g)[JLM],#a1[KMNO],d2[KMN],d1[JLM],(d2.c1)[JLM],a1[JLMO],d1[JLMO],(d2.#a)[JLM],g1[JLM],d1[LM],d2[JO],(d2.a)[JLM],(#f1.c1)[KMNO],#d2[KMN],d1[LNO],d2[JO],(d2.d)[JN],c2[LN],(#f1.c1)[KMNO],#a1[KMN],d1[LNO],a1[JN],(c2.g)[JLM],(g1.#a)[KMN],#a1[KMN],d1[JLMO],(#a1.G-1)[JLM],#a1[JLMO],d1[JLM],g[JLM],#a1[JLMO],d1[JLMO],(#a1.f)[JLM],#a1[JLM],#c1[LM],#a1[JO],(g2.e)[JLM],(#a1.g1)[JLMO],c1[JLM],e[JLM],(#a1.g1)[JLMO],c1[JLMO],(f2.d)[JLM],(b1.f1)[JLM],c1[JLMO],d[JLM],(b1.f1)[KMNO],f2[KMN],c1[JLM],(f2.c)[JLM],(c2.e1)[KMNO],e2[KMN],c1[JLMO],(e2.c)[JLM],(c2.e1)[JLM],c1[JLMO],#A-1[JLM],(d2.g1.e1.#a)[JLMO],(d2.g1.e1.#a)[JLM],(d2.g1.e1.#a)[JLM],(d2.g1.e1.#a)[JLMO],(d2.g1.e1.#a)[LNO],d2[JN],(d2.A-1)[JLM],(c2.f1.a)[KMN],c2[KMN],(c2.f1.a)[JLMO],(c2.f1.a)[JLM],(c2.f1.a)[JLMO],(c2.f1.a)[JLM],G-1[JLM],(#a1.e1.c1.g)[JLMO],(#a1.e1.c1.g)[JLMO],(#a1.e1.c1.g)[JLM],(#a1.e1.c1.g)[JLM],(#a1.e1.c1.g)[JLMO],(#a1.F-1)[JLM],(a1.f1.c1.f)[KMNO],a1[KMN],(a1.f1.c1.f)[JLM],(a1.f1.c1.f)[JLM],(a1.f1.c1.f)[KMNO],f2[KMN],(a1.f1.c1.f)[JLMO],(f2.b1.f1.b.d.D-1)[JLMN],(b1.f1.b.d.D-1)[JLMN],(b1.f1.b.d.D-1)[JLMN],(b1.f1.b.d.D-1)[JK],(b1.f1.b.d.D-1)[JKO],(b1.f1.b.d.D-1)[LMO],b1[JMO],(d2.c2.e1.c1.c.C-1)[JKN],c1[KLO],c2[KL],e1[JK],(g1.#a.#A-1)[JLMN],e1[JLMO],c1[JLMO],(a1.a.A-1)[JLM],f1[JLMO],c1[JLM],(#a1.g.G-1)[JLMO],g1[JLM],c1[JLM],(c2.f.F-1)[JLMO],a1[JLM],c1[JLMO],(c2.A-1.c)[JLM],f1[JLMO],c1[JLM],(#a1.G-1)[JLMO],e1[JLM],c1[JLM],(c2.a1.F-1)[JLMO],f1[JLM],c1[JLMO],(c2.g1.c.E-1)[JLM],c1[JLMO],#a[JLM],(c2.e1.c.C-1)[JLMO],c1[JLM],#a[LNO],c2[JO],(c2.f1.c.D-1)[JLMO],c1[KMN],d2[KMN],#a[LNO],c2[JN],(c2.g1.c.E-1)[JO],#a1[LNO],c1[KMN],a1[KMNO],#a[LNO],g1[JO],(#a1.c.F-1)[JLMO],a1[KMN],a1[KMN],c1[JLM],(a1.c2.a)[JLMO],f1[JLM],c1[JLMO],(#a1.g)[JLM],e1[JLMO],c1[JLM],(c2.a1.f)[JLMO],f1[JLM],c1[LNO],c2[JO],(d2.#a1.f1.#A-1)[JLMO],(d2.#a1.f1.d1.#a)[JLM],(d2.#a1.f1.d1.#a)[JLMO],(d2.#a1.f1.d1.#a)[JLM],(d2.#a1.f1.d1.#a)[JLMO],(d2.#a1.f1.d1.#a)[JLM],(g2.d2.#a1.g1.d1.#a)[JLMO],(d2.#a1.g1.d1.#a)[JLM],(d2.#a1.g1.d1.#a)[JLM],(d2.#a1.g1.d1.#a)[JLMO],(d2.#a1.g1.d1.#a)[KMN],f2[KMN],(d2.#a1.g1.d1.#a)[JLMO],(f2.e2.c2.g1.e1.c1.#a)[JLM],(e2.c2.g1.e1.c1.#a)[KMN],e2[KMNO],(e2.c2.g1.e1.c1.#a)[JLM],(e2.c2.g1.e1.c1.#a)[JLMO],(e2.c2.g1.e1.c1.#a)[JLM],(e2.c2.g1.e1.c1.#a)[JLM],(e2.c2.g1.e1.c1.#a)[JLMN],(e2.c2.g1.e1.c1.#a)[JLMNO],(e2.c2.g1.e1.c1.#a)[JLMN],(e2.c2.g1.e1.c1.#a)[JK],(e2.c2.g1.e1.c1.#a)[JKO],(e2.c2.g1.e1.c1.#a)[JKN],(f2.a)[JKN],f2[JLMNO],c2[JLMO],a1[JLM],f1[JLM],c1[JLMO],(e2.A-1.A-2)[JLM],a[KMNO],f2[KMN],c1[JLM],(a2.f1)[JLMO],c1[KMN],f2[KMN],a[JLMO],(e2.f.#A-1.#A-2)[JLM],#a[KMN],d2[KMN],d1[JLMO],(d2.f1)[JLM],d1[JLMO],#a[JLM],(f.#A-1.#A-2)[JLMO],#a[JLM],d1[JLMO],(f2.f1)[JLM],d1[KMN],d2[KMN],#a[JLMO],(b1.f.c.C-1)[JLM],a[KMNO],c2[KMN],c1[JLM],(c2.f1)[JLMO],c1[JLM],a[JLMO],(f.#c.#C-1)[JLM],#g[JLM],b[JLMO],f1[JLM],b[JLMO],#g[JLM],(c2.f.c.C-1)[JLMO],a[JLM],c1[JLMO],f1[JLM],c1[JLM],a[JLMO],(g.c.C-1)[JLM],#a[KMNO],#a1[KMN],c1[JLM],(a1.e1)[JLMO],c1[KMN],g1[KMN],#a[JLMO],(g1.f1.a.F-1)[JLM],f[KMN],f1[KMN],f[JLMO],f[JLM];"],"id":1,"instruments":["piano","piano"],"alternatives":["",""]},{"bpm":450,"baseBeats":0.75,"scores":["mute[JLMO],mute[JLM],mute[JLMO],mute[JLM],mute[JLMO],mute[JLM],mute[JLM],mute[JLMO],mute[JLM],mute[JLMO],mute[JLM],mute[JLMO],mute[JLM],mute[JLMO],mute[JLM],mute[JLM],mute[JLMO],mute[JLM],mute[JLMO],mute[JLM],mute[JLMO],mute[JLM],mute[JLMO],mute[JLM],mute[JLM],mute[JLMO],mute[JLM],mute[JLMO],mute[JLM],mute[JLMO],mute[JLM],mute[JLMO],mute[JLM],mute[JLM],mute[JLMO],mute[JLM],mute[JLMO],mute[JLM],mute[JLMN],mute[JLMN],mute[JLMNO],mute[JK],mute[JKO],mute[JKN],mute[JKN],mute[JLMNO],mute[JLM],mute[JLMO],mute[JLM],mute[JLMO],mute[JLM],mute[JLMO],mute[JLM],mute[JLM],mute[JLMO],mute[JLM],mute[JLMO],mute[KMN],mute[KMN],mute[JLMO],mute[JLM],mute[KMN],mute[KMNO],mute[JLM],mute[JLM],mute[JLMO],mute[JLM],mute[JLMO],mute[JLM],mute[JLMO],mute[JLM],mute[KMN],mute[KMNO],mute[JLM],mute[JLM],mute[JLMO],mute[JLM],mute[JLMO],mute[JLM],mute[JLMO],mute[JLM],mute[JLMO],mute[JLM],mute[JLM],mute[JLMO],mute[JLM],mute[JLMO],mute[JLM],mute[JLMO],mute[JLMN],mute[JLMN],mute[JLMN],mute[JK],mute[JKO],mute[JKN],mute[JKN],mute[JK],mute[JLM],mute[JLM],mute[JLMO],mute[JLM],mute[JLMO],mute[JLM],mute[JLM],mute[JLMO],mute[JLMO],mute[JLM],mute[JLM],mute[KMN],mute[KMNO],mute[JLM],mute[JLMO],mute[KMN],mute[KMN],mute[JLM],mute[JLMO],mute[JLMO],mute[JLM],mute[JLM],mute[JLMO],mute[JLM],mute[JLMO],mute[KMN],mute[KMN],mute[JLM],mute[JLMO],mute[JLMO],mute[JLM],mute[JLM],mute[JLMO],mute[JLM],mute[JLMO],mute[JKMNO],mute[JO],mute[JLMO],mute[JLMO],mute[JLM],mute[JLM],mute[JLM],5<UV>,5<UV>,mute[KMO],mute[JLMO],mute[JLM],mute[JLM],mute[JLMO],mute[JLMO],mute[JLM],mute[JLM],mute[JLMO],mute[JLM],mute[JLMO],mute[JLM],mute[JLM],mute[JLMO],mute[JLMO],mute[JLM],mute[JLM],mute[JLMO],mute[JLM],mute[JLMO],mute[KMN],mute[KMN],mute[JLM],mute[JLMO],mute[JLMO],mute[JLM],mute[JLM],mute[JLMO],mute[JLM],mute[JLMO],mute[JLM],mute[JLM],mute[JLMO],mute[JLMO],mute[JLM],mute[JLM],mute[JLMO],mute[JLM],mute[JLMO],mute[JLM],mute[JLM],mute[JLMNO],mute[JLMNO],mute[LM],mute[JM],mute[JK],mute[JLMN],mute[JLM],mute[JLMO],mute[JLM],mute[LM],mute[LM],mute[KMO],mute[JLM],mute[JLM],mute[JLMO],mute[JLMO],mute[JLM],mute[JLM],mute[JLMO],mute[JLM],mute[JLMO],mute[JLM],mute[JLM],mute[JLMO],mute[JLMO],mute[JLM],mute[JLM],mute[JLMO],mute[JLM],mute[JLMO],mute[JLM],mute[JLM],mute[JLMO],mute[JLMO],mute[JLM],mute[JLM],mute[JLMO],mute[JLM],mute[JLMO],mute[JLM],mute[JLM],mute[JLMO],mute[JLMO],mute[JLM],mute[JLM],mute[JLMO],mute[JLM],mute[JLMO],mute[JLM],mute[JLM],mute[JLMO],mute[JLMO],mute[KMN],mute[KMN],mute[JLM],mute[JLMO],mute[JLM],mute[JLMO],mute[JLM],mute[JLM],mute[JLMO],mute[JLMO],mute[JLM],mute[JLM],mute[JLMO],mute[JLM],mute[JLMO],mute[JLM],mute[JLM],mute[JLMO],mute[JLMO],mute[JLM],mute[JLM],mute[JLMO],mute[JLM],mute[JLMO],mute[JLM],mute[JLM],mute[LM],mute[JO],mute[JLMO],mute[JLM],mute[JLM],mute[JLMO],mute[JKMNO],mute[JN],mute[KMN],mute[KMN],mute[JLM],mute[JLMO],mute[KMN],mute[KMNO],mute[JLM],mute[JLM],mute[JLMO],mute[KMN],mute[KMN],mute[JLMO],mute[JLM],mute[JLM],mute[JLMO],mute[JLMO],mute[JLM],mute[JLM],mute[JLMO],mute[JKMNO],mute[JN],mute[JLM],mute[JLM],mute[JLMO],mute[JLMO],mute[JKMNO],mute[JO],mute[KMN],mute[KMNO],mute[JLM],mute[JLMO],mute[KMN],mute[KMN],mute[JLM],mute[JLMO],mute[JLMO],mute[KMN],mute[KMN],mute[JLM],mute[JLMO],mute[JLM],mute[JLMO],mute[JLM],mute[JLM],mute[JLMO],mute[JLMO],mute[JKMNO],mute[JO],mute[JLMO],mute[KMN],mute[KMN],mute[JLMO],mute[JLM],mute[JLM],mute[JLMO],mute[JLMO],mute[JLM],mute[JLM],mute[JLMO],mute[JLM],mute[JLMO],mute[JLM],mute[JLM],mute[JLMO],mute[JLMO],mute[JLM],mute[JLM],mute[JLMN],mute[JLMNO],mute[JLMN],mute[JK],mute[JKO],mute[JKN],mute[JKN],mute[JLMNO],mute[JLMO],mute[JLM],mute[JLM],mute[JLMO],mute[JLM],mute[JLMO],mute[JLM],mute[JLMO],mute[JLM],mute[JLMO],mute[JLM],mute[JLM],mute[JLMO],mute[JLM],mute[JLMO],mute[JLM],mute[JLMO],mute[JLM],mute[JLMO],mute[JLM],mute[KMN],mute[KMN],mute[JLMO],mute[JLM],mute[KMNO],mute[KMN],mute[JLM],mute[JLMO],mute[JLM],mute[JLMO],mute[JLM],mute[JLM],mute[JLMO],mute[JLM],mute[JLMO],mute[JLM],mute[JLMN],mute[JLMN],mute[JLMNO],mute[JLMN];","f[JLMO],f[JLM],f[JLMO],(f1.f)[JLM],(f1.f)[JLMO],(f1.f)[JLM],(f1.f)[JLM],(f1.f)[JLMO],(f1.f)[JLM],(#f1.#f)[JLMO],(#f1.#f)[JLM],(#f1.#f.#d)[JLMO],(#f1.#a.#f.#d)[JLM],(#f1.#a.#f.#d)[JLMO],(#f1.#a.#f.#d)[JLM],(#f1.c1.#f.#d.#G-1)[JLM],(#f1.c1.#f.#d.#G-1)[JLMO],(#f1.c1.#f.#d.#G-1)[JLM],(#f1.c1.#f.#d.#G-1)[JLMO],(#f1.c1.#f.#d.#G-1)[JLM],(f1.#c1.#c.f)[JLMO],(f1.#g.#c)[JLM],(f1.#g.#c)[JLMO],(f1.#g.#c)[JLM],(f1.#g.#c)[JLM],(f1.#g.#c)[JLMO],(f1.f2.#g.#c)[JLM],(f1.#d2.#g.#c)[JLMO],(f1.#c2.#g.#c)[JLM],(f1.c2.#g.#c)[JLMO],(f1.#a1.#g.#c)[JLM],(f1.#g1.#g.#c)[JLMO],(#f1.#g1.#g.#d)[JLM],(#f1.#g.#d)[JLM],(#f1.#g.#d)[JLMO],(#f1.#g.#d)[JLM],(#f1.#g.#d)[JLMO],(#f1.#g1.#g.#d)[JLM],(#f1.#a1.#g.c)[JLMN],(#f1.#g1.#g.c)[JLMN],(#f1.#g1.#g.c)[JLMNO],(#f1.#a1.#g.c)[JK],(#f1.#g1.#g.c)[JKO],(#f1.#g1.#g.c)[JKN],(#g1.f1.#c)[JKN],(f1.#c1.#g)[JLMNO],(f1.#c1.#g)[JLM],(f1.#c1.#g.#G-1)[JLMO],(f1.#c1.#g)[JLM],(f1.#c1.#g)[JLMO],(#c2.f1.#c1.#g.F-1)[JLM],(f1.#c1.#g)[JLMO],(f1.#c1.#g)[JLM],(f1.#c1.#g.#C-1)[JLM],(f1.#c1.#g)[JLMO],(f1.#c1.#g)[JLM],(f2.#F-1.#F-2)[JLMO],(#d1.#c1.#a)[KMN],#d2[KMN],(#d1.#c1.#a)[JLMO],(#d2.#d1.#c1.#a)[JLM],(#d1.#c1.#a)[KMN],#d2[KMNO],(#d1.#c1.#a)[JLM],(#d2.#G-1.#G-2)[JLM],(#c2.#f1.#d1.c1.#g)[JLMO],(c2.#f1.#d1.c1.#g)[JLM],(c2.#f1.#d1.c1.#g)[JLMO],(#a1.#f1.#d1.c1.#g)[JLM],(#g1.#f1.#d1.c1.#g)[JLMO],(#d2.f1.#c1.#g.#c.#C-1)[JLM],(f1.#g.#c)[KMN],#c2[KMNO],(f1.#g.#c)[JLM],(f1.#g.#c)[JLM],(f1.#g.#c)[JLMO],(f1.#g.#c)[JLM],(f1.f2.#c1.#g.#c)[JLMO],(f1.#d2.#c1.#g.#c)[JLM],(f1.#c2.#c1.#g.#c)[JLMO],(f1.c2.#c1.#g.#c)[JLM],(f1.#a1.#c1.#g.#c)[JLMO],(f1.#g1.#c1.#g.#c)[JLM],(#f1.#g1.#g.#d.c1)[JLM],(#f1.#g.#d.c1)[JLMO],(#f1.#g.#d.c1)[JLM],(#f1.#g.#d.c1)[JLMO],(#f1.#g1.#g.#d.c1)[JLM],(#f1.#g1.#g.#d.c1)[JLMO],(#f1.#a1.#g.c)[JLMN],(#f1.#g1.#g.c)[JLMN],(#f1.#g1.#g.c)[JLMN],(#f1.#a1.#g.c)[JK],(#f1.#g1.#g.c)[JKO],(#f1.#g1.#g.c)[JKN],(#g1.f1.#c)[JKN],(f1.#c1.#g)[JK],(f1.#c1.#g)[JLM],(f1.#c1.#g.#G-1)[JLM],(f1.#c1.#g)[JLMO],(f1.#c1.#g)[JLM],(#c2.f1.#c1.#g.F-1)[JLMO],(f1.#c1.#g)[JLM],(f1.#c1.#g)[JLM],(f1.#c1.#g.#C-1)[JLMO],(f1.#c1.#g)[JLMO],(f1.#c1.#g)[JLM],(f2.#F-1.#F-2)[JLM],(#d1.#c1.#a)[KMN],#d2[KMNO],(#d1.#c1.#a)[JLM],(#d2.#d1.#c1.#a)[JLMO],(#d1.#c1.#a)[KMN],#d2[KMN],(#d1.#c1.#a)[JLM],(#d2.#G-1.#G-2)[JLMO],(#c2.#f1.#d1.c1.#g)[JLMO],(c2.#f1.#d1.c1.#g)[JLM],(c2.#f1.#d1.c1.#g)[JLM],(#a1.#f1.#d1.c1.#g)[JLMO],(#g1.#f1.#d1.c1.#g)[JLM],(#d2.f1.#c1.#g.#c.#C-1)[JLMO],(f1.#c1.#g)[KMN],#c2[KMN],(f1.#c1.#g)[JLM],(f1.#c1.#g)[JLMO],(f1.#c1.#g)[JLMO],(f1.#c1.#g)[JLM],(f1.#c1.#g.f)[JLM],(f1.#c1.#g.#d)[JLMO],(f1.#c1.#g.#c)[JLM],(#c2.f1.#c1.#g.c)[JLMO],(f1.#c1.#g.#A-1)[JLM],(f1.#c1.#g.#G-1)[LNO],#c2[JO],(#c2.#d1.#c1.#a.G-1)[JLMO],(#d1.#c1.#a.g)[JLMO],(#d1.#c1.#a.g)[JLM],(#d1.#d2.#c1.#a.g)[JLM],(#d1.#c1.#a.g)[JLMO],(#d1.#c1.#a.g)[LNO],f2[L],#d2[L],d2[LO],#d2[L],(#a2.#d1.#c1.#a.g)[JLMO],(#g2.#d1.#c1.#a.g)[JLM],(g2.#d1.#c1.#a.g)[JLM],(#c2.f2.#d1.#c1.#a.g)[JLMO],(#d2.#d1.#c1.#a.g)[JLMO],(#c2.#d1.#c1.#a.g)[JLM],(c2.#g)[JLM],c2[JLMO],#d2[JLM],#d2[JLMO],#d2[JLM],#d2[JLM],(#a1.g)[JLMO],#a1[JLMO],#d2[JLM],#d2[JLM],#d2[JLMO],#d2[JLM],(#c2.#g)[JLMO],(#d3.c1)[KMN],c2[KMN],(#d3.#d1)[JLM],(c2.f3.#g1)[JLMO],(#d3.#d1)[JLMO],(#d3.c1)[JLM],g[JLM],(#d3.#a)[JLMO],(#d3.#c1)[JLM],(f3.#d1)[JLMO],(#d3.#c1)[JLM],(#d3.#a)[JLM],#g[JLMO],(#d2.c1)[JLMO],(#d2.#d1)[JLM],(f2.#g1)[JLM],(#d2.c1)[JLMO],(#d2.#d1)[JLM],(#f2.#f1)[JLMO],(f2.f1)[JLM],(#d2.#d1)[JLM],(#d2.#c2.#c1)[JLMNO],(c2.c1)[JLMNO],(#a1.#a)[LM],#d2[JM],(#d2.a1.f1.#d1.c1.a)[JK],(f1.#d1.c1.a)[JLMN],(f1.#d1.c1.a)[JLM],(f1.f2.#d1.c1.a)[JLMO],(f1.#d1.c1.a)[JLM],(f1.#d1.c1.a)[LNO],#f2[LO],f2[L],e2[LO],f2[L],(c3.f1.#d1.c1.a)[JLM],(#a2.f1.#d1.c1.a)[JLM],(a2.f1.#d1.c1.a)[JLMO],(#d2.#f2.f1.#d1.c1.a)[JLMO],(f2.f1.#d1.c1.a)[JLM],(#d2.f1.#d1.c1.a)[JLM],(#c2.#a)[JLMO],#c2[JLM],f2[JLMO],f2[JLM],f2[JLM],f2[JLMO],(c2.a)[JLMO],c2[JLM],f2[JLM],f2[JLMO],f2[JLM],f2[JLMO],(#d2.#c1.#a)[JLM],(f1.f2.#c1.#a)[JLM],(f1.f2.#c1.#a)[JLMO],(#c2.#f1.#f2.#c1.#a)[JLMO],(f1.f2.#c1.#a)[JLM],(f1.f2.#c1.#a)[JLM],(#c1.b.#g)[JLMO],(f1.f2.#c1.b.#g)[JLM],(f1.f2.#c1.b.#g)[JLMO],(b1.#f1.#f2.#c1.b.#g)[JLM],(f1.f2.#c1.b.#g)[JLM],(f1.f2.#c1.b.#g)[JLMO],(#a1.#c1.#a.#f)[JLMO],#a1[JLM],#c2[JLM],#f2[JLMO],#c2[JLM],#a1[JLMO],(#d2.B-1)[JLM],#g1[JLM],b1[JLMO],#d2[JLMO],b1[KMN],#d2[KMN],#g1[JLM],(#c2.#c)[JLMO],#f1[JLM],#a1[JLMO],#c2[JLM],#a1[JLM],#f1[JLMO],#C-1[JLMO],b[JLM],f1[JLM],#g1[JLMO],f1[JLM],b[JLMO],(#f1.#a.#c.#F-1)[JLM],(#a.#c.#F-1)[JLM],(#a.#c.#F-1)[JLMO],(#a.#c.#F-1)[JLMO],(#a.#c.#F-1)[JLM],(#a.#c.#F-1)[JLM],(#a.#a1.#c.#F-1)[JLMO],(#a.#g1.#c.#F-1)[JLM],(#a.#f1.#c.#F-1)[JLMO],(#a1.#a.f1.#c.#F-1)[JLM],(#a.#d1.#c.#F-1)[JLM],(#a.#c1.#c.#F-1)[LM],#a1[JO],(b1.#c1.b.#g.#c.F-1)[JLMO],(#c1.b.#g.#c.F-1)[JLM],(#c1.b.#g.#c.F-1)[JLM],(b1.#c1.b.#g.#c.F-1)[JLMO],(#c1.b.#g.#c.F-1)[JLM],(#c1.b.#g.#c.F-1)[LNO],b1[JN],(#c2.#c1.b.#g.#c.F-1)[KMN],b1[KMN],(#a1.#c1.b.#g.#c.F-1)[JLM],(b1.#c1.b.#g.#c.F-1)[JLMO],(#c2.#c1.b.#g.#c.F-1)[KMN],b1[KMNO],(#a1.#c1.b.#g.#c.F-1)[JLM],(b1.#c1.b.#g.#c.F-1)[JLM],(b1.#a.#c1.#c.#F-1)[JLMO],(#a.#c.#F-1)[KMN],#a1[KMN],(#a.#c.#F-1)[JLMO],(#a.#c.#F-1)[JLM],(#a.#c.#F-1)[JLM],(#a.#c.#F-1)[JLMO],(#a.#a1.#c.#F-1)[JLMO],(#a.#g1.#c.#F-1)[JLM],(#a.#f1.#c.#F-1)[JLM],(#a1.#a.f1.#c.#F-1)[JLMO],(#a.#d1.#c.#F-1)[JLM],(#a.#c1.#c.#F-1)[LNO],#a1[JN],(b1.#c1.b.#g.#c.F-1)[JLM],(#c1.b.#g.#c.F-1)[JLM],(#c1.b.#g.#c.F-1)[JLMO],(b1.#c1.b.#g.#c.F-1)[JLMO],(#c1.b.#g.#c.F-1)[JLM],(#c1.b.#g.#c.F-1)[LNO],b1[JO],(#c2.#c1.b.#g.#c.F-1)[KMN],b1[KMNO],(#a1.#c1.b.#g.#c.F-1)[JLM],(b1.#c1.b.#g.#c.F-1)[JLMO],(#c2.#c1.b.#g.#c.F-1)[KMN],b1[KMN],(#a1.#c1.b.#g.#c.F-1)[JLM],(b1.#c1.b.#g.#c.F-1)[JLMO],(b1.#c.#F-1)[JLMO],(#c1.#a)[KMN],#a1[KMN],(#a1.#c1.#a)[JLM],(#a1.#c1.#a)[JLMO],(#a1.#c1.#a)[JLM],(#a1.#c1.#a)[JLMO],(#a1.e1.#a.#f.#F-1)[JLM],(#a1.e1.#a)[JLM],(#a1.e1.#a)[JLMO],(#c2.#a1.e1.#a)[JLMO],(#a1.e1.#a)[JLM],(#a1.e1.#a)[LNO],#a1[JO],(a1.f1.c1.A-1.a)[JLMO],f1[KMN],c2[KMN],f1[JLMO],(A-2.A-1)[JLM],(f1.c1)[JLM],(f2.f1.c1)[JLMO],(f2.#A-2.#A-1)[JLMO],(#d2.f1.#c1.#a)[JLM],(#c2.f1.#c1.#a)[JLM],(#c2.#C-1.#c)[JLMO],(c2.f1.#c1.#a)[JLM],(#a1.f1.#c1.#a)[JLMO],(a1.A-1.a)[JLM],(c2.f1.c1.a)[JLM],(c2.f1.c1.a)[JLMO],(A-2.A-1)[JLMO],(f1.#d1.c1)[JLM],(f2.f1.#d1.c1)[JLM],(f2.#A-2.#A-1)[JLMN],(#d2.f1.#c1.#a)[JLMNO],(#c2.f1.#c1.#a)[JLMN],(#c2.#C-1.#c)[JK],(c2.f1.#c1.#a)[JKO],(#a1.f1.#c1.#a)[JKN],(f2.f)[JKN],(f2.c2.a1.f1)[JLMNO],(f2.c2.a1.f1)[JLMO],(f1.c2.a1.#f2.#d1)[JLM],(f2.c2.a1.f1)[JLM],(f2.c2.a1.f1)[JLMO],(c2.a1.#d2.#f1)[JLM],(f2.c2.a1.f1)[JLMO],(f2.c2.a1.f1)[JLM],(c2.a1.#f2.#d1)[JLMO],(f2.c2.a1.f1)[JLM],(f2.c2.a1.f1)[JLMO],(#d2.#f1)[JLM],(#d2.c2.a1)[JLM],(#d2.c2.a1)[JLMO],(#d2.c2.a1)[JLM],(#d2.c2.a1)[JLMO],(#d2.c2.a1)[JLM],(e2.g1)[JLMO],(e2.#c2.#a1)[JLM],(e2.#c2.#a1)[JLMO],(e2.#c2.#a1)[JLM],(e2.#c2.#a1)[KMN],e2[KMN],(e2.#c2.#a1)[JLMO],(g2.f)[JLM],(f2.c2.a1.f1)[KMNO],f2[KMN],(f2.c2.a1.f1)[JLM],(c2.a1.#f2.#d1)[JLMO],(f2.c2.a1.f1)[JLM],(f2.c2.a1.f1)[JLMO],(c2.a1.#d2.#f1)[JLM],(f2.c2.a1.f1)[JLM],(f2.c2.a1.f1)[JLMO],(c2.a1.#f2.#d1)[JLM],(f2.c2.a1.f1)[JLMO],(f2.c2.a1.f1)[JLM],(#d2.#f1)[JLMN],(#d2.c2.a1)[JLMN],(#d2.c2.a1)[JLMNO],(#d2.c2.a1)[JLMN];"],"id":2,"instruments":["piano","piano"],"alternatives":["",""]},{"bpm":450,"baseBeats":0.75,"scores":["mute[JLMN],mute[JLMN],mute[JK],mute[JK],mute[JK],mute[JKNO],mute[KLN],mute[KLM],mute[JKLN],mute[HJLNO],mute[HHHHIJLMNP],mute[JM],mute[JM],mute[JM],mute[JM],mute[JM],mute[JKMN],mute[KN],mute[IL],mute[IL],mute[JM],mute[JM],mute[JM],mute[IL],mute[JM],mute[IL],mute[JM],mute[JM],mute[JM],mute[JM],mute[JM],mute[JM],mute[JM],mute[JM],mute[JM],mute[JM],mute[IL],mute[JM],mute[JM],mute[JM],mute[JM],mute[JM],mute[JMN],mute[JKLN],mute[KM],mute[ILMN],mute[JM],mute[JM],mute[JM],mute[JM],mute[JM],mute[JM],mute[JM],mute[JM],mute[IL],mute[JM],mute[JM],mute[JM],mute[JM],mute[JM],mute[JM],mute[JM],mute[JM],mute[JM],mute[JM],mute[KN],mute[KN],mute[KN],mute[KN],mute[KN],mute[KN],mute[KN],mute[KN],mute[KN],mute[KN],mute[KN],mute[KN],mute[KN],mute[KN],mute[KN],mute[KN],mute[KN],mute[KN],mute[KN],mute[KN],mute[KN],mute[KN],mute[KN],mute[KN],mute[KN],mute[KN],mute[KN],mute[KN],mute[KN],mute[KN],mute[KN],mute[KN],mute[KN],mute[KN],mute[KN],mute[KN],mute[KN],mute[KN],mute[KN],mute[KN],mute[KN],mute[KN],mute[KN],mute[KN],mute[KN],mute[KN],mute[KN],mute[KN],mute[KN],mute[KN],mute[KN],mute[KN],mute[KN],mute[KN],mute[KN],mute[KN],mute[KN],mute[KN],mute[KN],mute[KN],mute[KN],mute[KN],mute[KN],mute[KN],mute[KN],mute[KN],mute[KN],mute[KN],mute[KNO],mute[KNO],mute[KNO],mute[KNO],mute[JM],mute[JM],mute[JM],mute[JM],mute[JM],mute[JM],mute[JM],mute[JM],mute[JM],mute[JM],mute[JM],mute[JM],mute[JM],mute[JM],mute[JM],mute[JM],mute[JM],mute[JM],mute[JM],mute[JM],mute[JM],mute[JM],mute[JM],mute[LM],mute[LM],mute[LMN],mute[JMN],mute[JMO],mute[JMNO],mute[JLNO],mute[IKMN],mute[HHIJL],mute[JM],mute[JM],mute[JM],mute[JM],mute[JM],mute[JM],mute[JM],mute[JM],mute[JM],mute[JM],mute[JM],mute[KN],mute[KN],mute[JM],mute[JM],mute[JM],mute[JM],mute[JM],mute[JM],mute[JM],mute[JM],mute[JM],mute[JM],mute[JM],mute[JM],mute[JM],mute[JM],mute[JM],mute[JM],mute[JM],mute[IL],mute[KN],mute[KN],mute[JM],mute[JM],mute[JM],mute[JM],mute[KN],mute[KN],mute[KN],mute[KN],mute[KNO],mute[KN],mute[KM],mute[KNO],mute[JM],mute[JM],mute[JM],mute[JMN],mute[JKLNO],mute[KNO],mute[ILMNO],mute[JM],mute[JM],mute[JM],mute[JM],mute[JM],mute[IL],mute[LM],mute[LM],mute[LM],mute[JM],mute[JM],mute[JM],mute[JMO],mute[JKLNO],mute[KNO],mute[ILMNO],mute[JM],mute[JM],mute[JM],mute[JM],mute[JM],mute[JM],mute[JM],mute[JM],mute[KN],mute[KN],mute[KN],mute[KN],mute[KN],mute[KN],mute[KN],mute[KN],mute[JM],mute[JM],mute[JM],mute[JM],mute[KN],mute[KN],mute[KN],mute[KN],mute[KN],mute[KN],mute[KN],mute[KN],mute[KN],mute[KN],mute[KN],mute[KN],mute[KN],mute[KN],mute[KN],mute[KN],mute[KN],mute[KN],mute[KN],mute[KN],mute[KN],mute[KN],mute[KN],mute[KN],mute[KN],mute[KN],mute[KN],mute[KN],mute[KN],mute[KN],mute[KN],mute[KN],mute[KN],mute[KN],mute[KN],mute[KN],mute[KN],mute[KN],mute[KN],mute[KN],mute[KN],mute[KN],mute[KN],mute[KN],mute[KN],mute[KN],mute[KN],mute[KN],mute[KN],mute[KN],mute[KN],mute[KN],mute[KN],mute[KN],mute[KN],mute[KN],mute[KN],mute[KN],mute[KN],mute[KN],mute[KN],mute[KN],mute[KN],mute[KN],mute[KN],mute[KN],mute[KN],mute[KN],mute[KN],mute[KN],mute[KN],mute[KN],mute[KN],mute[KN],mute[KN],mute[KN],mute[KN],mute[KN],mute[KN],mute[KN],mute[KN],mute[KN],mute[KN],mute[KN],mute[KN],mute[KN],mute[KN],mute[KN],mute[JM],mute[KN],mute[KN],mute[KN],mute[KN],mute[KN],mute[KN],mute[KN],mute[KNO],mute[KNO],mute[KN],mute[KM],mute[KM],mute[KM],mute[KMN],mute[JM],mute[JM],mute[JM],mute[JM],mute[JM],mute[JM],mute[JM],mute[JM],mute[JM],mute[JM],mute[JM],mute[JM],mute[JM],mute[JM],mute[JM],mute[JM],mute[JM],mute[JM],mute[JM],mute[JM],mute[JM],mute[JM],mute[JM],mute[JM],mute[JM],mute[JM],mute[JM],mute[JM],mute[IL],mute[HIKL],mute[JM],mute[JM],mute[JM],mute[JM],mute[JM],mute[JM],mute[JM],mute[JM],mute[JM],mute[JM],mute[JM],mute[KN],mute[KN],mute[JM],mute[JM],mute[JM],mute[JM],mute[JM],mute[JM],mute[JM],mute[JM],mute[JM],mute[JM],mute[JM],mute[JM],mute[JM],mute[JM],mute[JM],mute[JM],mute[JM],mute[KN],mute[KN],mute[KN],mute[KN],mute[KN],mute[KN],mute[JMO],mute[JMO],mute[JL],mute[JMNO],mute[KNO],mute[KM],mute[KN],mute[KN],mute[KN],mute[KN],mute[KN],mute[KN],mute[KN],mute[KN],mute[KN],mute[KN],mute[KN],mute[KN],mute[KN],mute[KN],mute[KN],mute[KN],mute[KN],mute[KN],mute[KN],mute[KN],mute[KN],mute[KN],mute[KN],mute[KN],mute[KN],mute[KN],mute[KN],mute[KN],mute[KN],mute[KN],mute[KN],mute[KN],mute[KN],mute[KN],mute[KN],mute[KN],mute[KN],mute[KN],mute[KN],mute[KN],mute[KN],mute[KN],mute[KN],mute[KN],mute[KN],mute[KN],mute[KN],mute[KN],mute[KN],mute[KN],mute[KN],mute[KN],mute[KN],mute[KN],mute[KN],mute[KN],mute[KN],mute[KN],mute[KN],mute[KN],mute[KN],mute[KN],mute[KN],mute[KN],mute[KN],mute[KN],mute[KN],mute[KN],mute[KN],mute[KN],mute[KN],mute[KN],mute[KN],mute[KN],mute[KN],mute[KN],mute[KN],mute[KN],mute[KN],mute[KN],mute[KN],mute[KN],mute[KN],mute[KN],mute[KN],mute[KN],mute[KN],mute[KN],mute[KN],mute[KN],mute[KN],mute[KN],mute[KN],mute[KN],mute[JM],mute[JM],mute[JM],mute[JM],mute[JM],mute[JM],mute[JM],mute[LM],mute[LM],mute[LM],mute[JM],mute[JM],mute[JM],mute[LM],mute[LM],mute[LM],mute[JM],mute[KN],mute[KN],mute[KN],mute[KN],mute[KN],mute[KN],mute[KN],mute[KN],mute[KN],mute[KN],mute[KN],mute[KN],mute[KN],mute[KN],mute[KN],mute[KN],mute[KN],mute[KN],mute[KN],mute[KN],mute[KN],mute[KN],mute[KN],mute[KN],mute[KN],mute[KN],mute[KN],mute[KN],mute[KN],mute[KN],mute[JM],mute[JM],mute[JM],mute[JM],mute[JM],mute[JM],mute[JM],mute[JM],mute[JM],mute[JM],mute[JM],mute[JM],mute[JM],mute[JM],mute[JM],mute[JM],mute[JM],mute[JM],mute[JM],mute[JM],mute[JM],mute[JM],mute[JM],mute[JM],mute[JM],mute[JM],mute[JM],mute[JM],mute[JM],mute[JM],mute[JM],mute[JM],mute[JM],mute[JM],mute[JM],mute[JM],mute[JM],mute[JM],mute[JM],mute[IL],mute[HH],ST;","(#d2.c2.a1)[JLMN],(#d2.c2.a1)[JLMN],(e2.g1)[JK],(e2.#c2.#a1)[JK],(e2.#c2.#a1)[JK],(e2.#c2.#a1)[JKNO],(e2.#c2.#a1)[KLN],e2[KLM],(e2.#c2.#a1)[JKLN],(f2.c2.f1.#d1.c1.a)[HJLNO],(#d2.#d1.c1.f.A-1.A-2)[HHHHIJLMNP],f1[JM],(d2.f1.d1.#a)[JM],(d2.f1.d1.#a)[JM],(d2.f1.d1.#a)[JM],(d2.f1.d1.#a)[JM],(#d2.f1.c1.a)[JKMN],c2[LO],a1[LO],(f1.#d1.c1)[IL],(#a1.f1.d.d1)[IL],(#a1.d1.#A-1.#a)[JM],#a1[JM],(d2.#a1.F-1.f)[JM],(c2.a1)[IL],c2[JM],(d2.#a1.f1.#A-1.#a)[IL],(#d2.a1.f1.c.c1)[JM],#d2[JM],(g2.f2.#a1.f1.d.d1)[JM],f2[JM],#d2[JM],d2[JM],(d2.c2.g1.#d1)[JM],c2[JM],(c2.#a1.g1.e1)[JM],#a1[JM],(d2.#a1.f1)[IL],(c2.a1)[JM],f1[JM],(d2.f1.#a.f.#A-1)[JM],(d2.f1.#a.f.#A-1)[JM],(d2.f1.#a.f.#A-1)[JM],(d2.f1.#a.f.#A-1)[JMN],(#d2.f1.a.f.A-1)[JKLN],c2[LN],a1[LN],f1[ILMN],#a1[JM],(#a1.d1)[JM],(a1.c1)[JM],(#a1.#a)[JM],(d2.#a1.f)[JM],f1[JM],(c2.a1.f1)[JM],(c2.f1)[JM],(d2.#a1.f1.#A-1.#a)[IL],(#d2.a1.f1.c.c1)[JM],#d2[JM],(g2.f2.#a1.f1.d.d1)[JM],f2[JM],#d2[JM],d2[JM],(d2.c2.g1.#d1.#d)[JM],c2[JM],(#a1.a1.#d1.c1.f)[JM],a1[JM],(c2.#A-1)[KN],#a[KN],d1[KN],#a[KN],(#a1.f)[KN],#a[KN],d1[KN],f1[KN],(#a1.f.#A-2.#A-1)[KN],#a[KN],d1[KN],f1[KN],(#a1.f)[KN],#a[KN],d1[KN],f1[KN],(#a1.f.A-2.A-1)[KN],c1[KN],(c2.#d1)[KN],f1[KN],(c2.f)[KN],c1[KN],(d2.#d1)[KN],f1[KN],(#d2.f.F-2.F-1)[KN],c1[KN],(c2.#d1)[KN],f1[KN],(g1.f)[KN],c1[KN],(a1.#d1)[KN],f1[KN],(c2.f.#A-2.#A-1)[KN],#a[KN],(#a1.d1)[KN],f1[KN],(#a1.f)[KN],#a[KN],d1[KN],f1[KN],(#a1.f.#A-2.#A-1)[KN],#a[KN],d1[KN],f1[KN],f[KN],#a[KN],(b1.d1)[KN],f1[KN],(c2.f.A-2.A-1)[KN],c1[KN],#d1[KN],f1[KN],f[KN],c1[KN],(d2.#d1)[KN],f1[KN],(f2.f.F-2.F-1)[KN],c1[KN],(#d2.#d1)[KN],f1[KN],(d2.f)[KN],c1[KN],(c2.#d1)[KN],f1[KN],(c2.#A-2.#A-1)[KN],d1[KN],(#a1.#d1)[KN],f1[KN],g1[KNO],a1[KNO],#a1[KNO],c2[KNO],d2[JM],(#a.f.d)[JM],(#a.f.d)[JM],(#a1.#a.f.d)[JM],a1[JM],(g1.#a.g.#d)[JM],(#a.g.#d)[JM],(#a.g.#d)[JM],#d2[JM],(c1.g.#d)[JM],(c1.g.#d)[JM],(c2.c1.g.#d)[JM],#a1[JM],(a1.c1.a.f)[JM],(c1.a.f)[JM],(a1.c1.a.f)[JM],f2[JM],(f2.d1.a.f)[JM],(f2.d1.a.f)[JM],(d2.d1.a.f)[JM],c2[JM],(#a1.d1.#a.g)[JM],(d1.#a.g)[JM],(#a1.c2.d1.#a.g)[LN],#a1[LO],a1[LN],#a1[LO],g2[JMN],(g2.#d1.#a.g)[JMO],(g2.#d1.#a.g)[JMNO],(#d2.#d1.#a.g)[JLNO],(d2.f1.#d1.a)[IKMN],c2[HHIJL],(c1.a.#d)[JM],f[JM],(d1.#a.d)[JM],f[JM],(a.f1.c)[JM],(#d1.f)[JM],(#a.d1.d)[JM],f[JM],(c2.c1.a.#d)[JM],f[JM],(d2.d1.#a.d)[JM],f[KN],d2[KN],(f2.a.f1.c)[JM],(#d2.#d1.f)[JM],(d2.#a.d1.d)[JM],f[JM],(f1.d1.#G-1.#g)[JM],#a[JM],(g1.#d1.G-1.g)[JM],#a[JM],(#a1.d1.F-1.f)[JM],(#g1.#a)[JM],(g1.#d1.G-1.g)[JM],#a[JM],(f2.f1.d1.#G-1.#g)[JM],#a[JM],(#f2.#f1.D-1.d)[JM],#a[JM],(g2.g1.#D-1.#d)[JM],g2[IL],#d2[KN],c2[KN],(#a1.F-1.f)[JM],(#a1.f1.d1)[JM],(d2.F-1)[JM],(c2.a1.f1.#d1)[JM],(#a1.#A-1)[KN],f1[KN],g1[KN],#g1[KN],a1[KNO],#a1[KN],b1[KM],c2[KNO],(f1.#c2.#c1.#a)[JM],(f1.#c2.#c1.#a)[JM],(f1.#c2.#c1.#a)[JM],(f1.#c2.#c1.#a)[JMN],(#d2.f1.c1.a)[JKLNO],c2[LO],a1[LN],(f1.#d1.c1)[ILMNO],(#a1.#c1.#c)[JM],(#a1.f1)[JM],(#a.#A-1)[JM],(#a1.#c1)[JM],(#c2.#a1.f.F-1)[JM],(c2.a1)[IL],#a1[L],#g1[LN],g1[L],#g1[LN],(f2.#g1.f1.#c1)[JM],(f2.#g1.f1.#c1)[JM],(f2.#g1.f1.#c1)[JM],(f2.#g1.f1.#c1)[JMO],(#f2.#g1.#d1.c1)[JKLNO],#d2[LO],c2[LN],(#g1.#d1.#f1)[ILMNO],(#c2.f1)[JM],(#c2.#g1)[JM],#c1[JM],(#c2.f1)[JM],(f2.#c2.#g)[JM],(#d2.c2.#g1)[JM],g1[JM],#g1[JM],#f1[KN],#d2[KN],(d2.#a1)[KN],#d2[KN],(d2.#d1)[KN],#d2[KN],(d2.#a1)[KN],#d2[KN],(#f2.#d2.#a)[JM],#a1[JM],(f2.d2.a1)[JM],(f2.#a1)[JM],(#f2.#d1.#a.#d)[KN],#a1[KN],#f2[KN],#a1[KN],(f2.#c1.#a.f)[KN],#a1[KN],f2[KN],#a1[KN],(f2.#f)[KN],#d1[KN],(#d2.#a1)[KN],#d2[KN],f[KN],#c1[KN],(#c2.#a1)[KN],#c2[KN],(#c2.#d)[KN],c1[KN],(c2.#f1)[KN],c2[KN],(c2.e)[KN],c1[KN],(#a1.g1)[KN],#a1[KN],(#a1.F-1)[KN],f1[KN],a1[KN],f1[KN],(a1.c1.A-1)[KN],f1[KN],a1[KN],f1[KN],(c1.c)[KN],f1[KN],a1[KN],f1[KN],(c2.c1.f)[KN],f1[KN],(c2.a1)[KN],f1[KN],(#c2.#c1.F-1)[KN],f1[KN],#a1[KN],f1[KN],(#c2.#c1.#A-1)[KN],f1[KN],(#c2.#a1)[KN],f1[KN],(#d2.#c1.#c)[KN],f1[KN],(#c2.#a1)[KN],f1[KN],(c2.#c1.f)[KN],f1[KN],#a1[KN],f1[KN],(a1.c1.F-1)[KN],f1[KN],(c2.a1)[KN],f1[KN],(c2.c1.A-1)[KN],f1[KN],a1[KN],f1[KN],(c1.c)[KN],f1[KN],a1[KN],f1[KN],(f2.c1.f)[KN],f1[KN],a1[KN],f1[KN],(e2.#c1.F-1)[KN],f1[KN],(f2.#a1)[KN],f1[KN],(#f2.#c1.#A-1)[KN],f1[KN],(f2.#a1)[KN],f1[KN],(#d2.#c1.#c)[KN],f1[KN],(#c2.#a1)[KN],f1[KN],(c2.#c1.f)[KN],f1[KN],#a1[KN],f1[KN],(f2.F-1)[JM],f1[KN],e1[KN],(f1.g1)[KN],f1[KN],a1[KN],g1[KN],#a1[KN],a1[KNO],c2[KNO],#a1[KN],d2[KM],c2[KM],#d2[KM],d2[KMN],(d2.#a)[JM],d2[JM],(#a.d)[JM],#a1[JM],(a1.#d.#a)[JM],g1[JM],(#d.#d1)[JM],(g1.g2)[JM],(#d2.g.#d)[JM],#d2[JM],(#d.c1)[JM],c2[JM],(#a1.c1.f)[JM],a1[JM],(f.f1)[JM],(a1.a2)[JM],(f2.a.f)[JM],f2[JM],(f2.f.d1)[JM],d2[JM],(c2.g.d1)[JM],#a1[JM],(g.g1)[JM],(#a1.#a2)[JM],(g2.g.#d1)[JM],(g2.#a1)[JM],(g2.g.#d1)[JM],(#d2.#a1)[JM],(d2.c2.f1.#d1.a)[IL],c2[HIKL],(c1.a.#d)[JM],f[JM],(d1.#a.d)[JM],f[JM],(a.f1.c)[JM],(#d1.f)[JM],(#a.d1.d)[JM],f[JM],(c2.c1.a.#d)[JM],f[JM],(d2.d1.#a.d)[JM],f[KN],d2[KN],(f2.a.f1.c)[JM],(#d2.#d1.f)[JM],(d2.#a.d1.d)[JM],f[JM],(f1.d1.#G-1.#g)[JM],#a[JM],(g1.#d1.G-1.g)[JM],#a[JM],(#a1.d1.F-1.f)[JM],(#g1.#a)[JM],(g1.#d1.G-1.g)[JM],#a[JM],(f2.f1.d1.#G-1.#g)[JM],#a[JM],(#f2.#f1.D-1.d)[JM],#a[JM],(g2.g1.#d.#D-1)[JM],a2[KN],g2[KN],f2[KN],#d2[KN],d2[KN],c2[KN],(#a1.f.F-1)[JMO],(#a1.d1)[JMO],(d2.f.F-1)[JL],(c2.a1.#d1)[JMNO],(#a1.d1.#A-1)[KNO],f[KM],e[KN],f[KN],e[KN],f[KN],e[KN],f[KN],(c2.#d)[KN],f[KN],(c2.a1.f1.e)[KN],f[KN],#d[KN],f[KN],(c2.a1.f1.e)[KN],f[KN],(d2.d)[KN],f[KN],(d2.#a1.f1.e)[KN],f[KN],d[KN],f[KN],(d2.#a1.f1.e)[KN],f[KN],(#d2.A-1)[KN],f[KN],(#d2.c2.f1.e)[KN],f[KN],(#d2.A-1)[KN],f[KN],(#d2.c2.f1.e)[KN],f[KN],(#d2.#A-1)[KN],f[KN],(d2.#a1.f1.e)[KN],f[KN],#A-1[KN],f[KN],(d2.#a1.f1.e)[KN],f[KN],(b1.#d)[KN],f[KN],(c2.a1.f1.e)[KN],f[KN],(b1.#d)[KN],f[KN],(c2.a1.f1.e)[KN],f[KN],(#c2.d)[KN],f[KN],(d2.#a1.f1.e)[KN],f[KN],(#c2.d)[KN],f[KN],(d2.#a1.f1.e)[KN],f[KN],(f2.A-1)[KN],f[KN],(e2.#d2.c2.f1.e)[KN],f[KN],(#d2.c2.f1.A-1)[KN],c[KN],(#d2.c2.f1.f)[KN],a[KN],(#d2.c2.f1.A-1)[KN],c[KN],(#d2.c2.f1.f)[KN],a[KN],(d2.#a1.f1.#A-1)[KN],d[KN],(d2.#a1.f1.f)[KN],#a[KN],(c2.c1.#a.g.#d)[KN],c2[KN],(c1.#a.g.#d)[KN],c2[KN],(c1.#a.g.#d)[KN],c2[KN],(c1.#a.g.#d)[KN],c2[KN],(c2.c1.#a.g.#d)[KN],c2[KN],(c1.#a.g.#d)[KN],c2[KN],(c1.#a.g.#d)[KN],c2[KN],(c2.c1.#a.g.#d)[KN],c2[KN],(#c2.#c1.#a.g.e)[KN],#c2[KN],(#c1.#a.g.e)[KN],#c2[KN],(#c1.#a.g.e)[KN],#c2[KN],(#a1.#c1.#a.g.e)[KN],#c2[KN],(#a1.#c1.#a.g.e)[JM],(#c1.#a.g.e)[JM],(#c3.#c2.#c1.#a.g.e)[JM],(#c3.#c2.#c1.#a.g.e)[JM],(#c3.#c2.#c1.#a.f)[JM],(#c1.#a.f)[JM],(#c1.#a.f)[JM],(c3.#c1.#a.f)[LO],#a2[LO],a2[LO],#a2[LO],(#c3.#c2.e1.#c1.#a.#f)[JM],(e1.#c1.#a.#f)[JM],(e1.#c1.#a.g)[JM],(c3.e1.#c1.#a.g)[LO],#a2[LO],a2[LO],#a2[LO],(d2.d3.d1.f1.#a.f)[JM],d2[KN],#a1[KN],(f1.d1.#a)[KN],#a1[KN],d2[KN],#a1[KN],(#d2.f1.c1.#d1)[KN],c2[KN],#d2[KN],c2[KN],(e2.f1.#c1.e1)[KN],#c2[KN],e2[KN],#c2[KN],(f2.d1.f1)[KN],f2[KN],#d2[KN],d2[KN],c2[KN],#a1[KN],a1[KN],g1[KN],(f1.#d.F-1)[KN],e1[KN],f1[KN],g1[KN],f1[KN],#d1[KN],d1[KN],c1[KN],(#a1.#a.d.#A-1)[JM],f[JM],(f1.d1)[JM],f[JM],(#d1.c1)[JM],f[JM],(d1.#a)[JM],f[JM],(c1.a.F-1)[JM],f[JM],(d1.#a)[JM],f[JM],(#d1.c1)[JM],f[JM],(c1.a)[JM],f[JM],(d1.#a.#A-2)[JM],f[JM],(d1.#a)[JM],f[JM],(c1.#d)[JM],f[JM],(#a.d)[JM],f[JM],(f1.c.a.F-1.F-2)[JM],f[JM],(d.#a)[JM],f[JM],(f1.#d.c1)[JM],f[JM],(c.a)[JM],(f1.f)[JM],(c2.d.#a.#A-2)[JM],f[JM],(#a1.d1)[JM],f[JM],(#a.d.#A-1)[JM],f[JM],d1[JM],f[IL],(#a.d.#A-1.#A-2)[HH],ST;"],"id":3,"instruments":["piano","piano"],"alternatives":["",""]}],"audition":{"start":[0,0],"end":[2,614]}}