{"baseBpm":75,"musics":[{"id":1,"baseBeats":0.25,"scores":["e4[M],c4[M],e4[M],b3[M],g4[M],e4[M],d4[M],g4[M],g4[M],d4[M];c4[M],a3[M],c4[M],g3[M],e4[M],c4[M],b3[M],e4[M],e4[M],b3[M];a3[M],f3[M],a3[M],e3[M],c4[M],a3[M],g3[M],c4[M],c4[M],g3[M];f3[M],d3[M],f3[M],c3[M],d3[M],f3[M],e3[M],g3[M],g3[M],e3[M];a3[M],f3[M],a3[M],e3[M],c4[M],a3[M],g3[M],c4[M],c4[M],g3[M];c4[M],a3[M],c4[M],g3[M],e4[M],c4[M],b3[M],e4[M],e4[M],b3[M];e4[M],d4[M],e4[M],b3[M],c4[M],g3[M],a3[M],b3[M],d4[M],f4[M];c4[M],b3[M],c4[M],g3[M],a3[M],e3[M],f3[M],g3[M];b3[M],d4[M];a3[M],g3[M],a3[M],e3[M];f3[M],c3[M],d3[M],e3[M],g3[M],b3[M];f3[M],e3[M],f3[M],c3[M],d3[M],e3[M],b2[M],c3[M],e3[M],g3[M];","c1[JL];b[JL];a[JL];g[JL];a[JL];b[JL];c1[JL],b[JL];a[JL];g[JL];"]},{"id":2,"baseBeats":0.25,"scores":["a3[M],g3[M],a3[M],e3[M],f3[M],c3[M],d3[M],e3[M],g3[M],b3[M];c4[M],b3[M],c4[M],g3[M],a3[M],e3[M],f3[M],g3[M],b3[M],d4[M];c4[M],a3[M],b3[M],f4[M],a3[M],a3[M],f3[M],d4[M],g4[M],a3[M];b3[M],f3[M],g3[M],d4[M],f3[M],f3[M],d3[M],b3[M],e4[M],f3[M];g3[M],d3[M],e3[M],b3[M],d3[M],d3[M],b2[M],g3[M],c4[M],d3[M];e3[M],b2[M],c3[M],g3[M],b2[M],b2[M],g2[M],e3[M],a3[M],b2[M];g3[M],d3[M],e3[M],b3[M],d3[M],d3[M],b2[M],g3[M],c4[M],d3[M];b3[M],f3[M],g3[M],d4[M],f3[M],f3[M],d3[M],b3[M],e4[M],f3[M];e4[M],g4[M],d4[M],a4[M],c5[M],c4[M],f4[M],e4[M],g4[M],c4[M];c4[M],e4[M],b3[M],f4[M],a4[M],a3[M],d4[M],c4[M],e4[M],a3[M];","a[JL];b[JL],c1[JL];b[JL];a[JL];g[JL],a[JL];b[JL];c1[JL],b[JL];"]},{"id":3,"baseBeats":0.25,"scores":["a3[M],c4[M],g3[M],d4[M],f4[M],f3[M],b3[M],a3[M],c4[M],f3[M];f3[M],a3[M],e3[M],b3[M],d4[M];d3[M],g3[M],f3[M],a3[M],d3[M];a3[M],c4[M],g3[M],d4[M],f4[M],f3[M],b3[M],a3[M],c4[M],f3[M];c4[M],e4[M],b3[M],f4[M],a4[M],a3[M],d4[M],c4[M],e4[M],a3[M];d4[M],b3[M],c4[M],d4[M],f4[M],d4[M],a3[M],g3[M],c4[M],e4[M];b3[M],g3[M],a3[M],b3[M],d4[M],b3[M],f3[M],e3[M],a3[M],c4[M];g3[M],e3[M],f3[M],g3[M],b3[M],g3[M],d3[M],c3[M],f3[M],a3[M];e3[M],c3[M],d3[M],e3[M],g3[M],e3[M],b2[M],a2[M],d3[M],f3[M];g3[M],e3[M],f3[M],g3[M],b3[M],g3[M],d3[M],c3[M],f3[M],a3[M];b3[M],g3[M],a3[M],b3[M],d4[M],b3[M],f3[M],e3[M],a3[M],c4[M];(C-1.c.c1.c2.c3)[JL];","a[JL];g[JL];a[JL],b[JL];c1[JL];b[JL];a[JL];g[JL],a[JL];b[JL];SU;"]}]}