{"baseBpm":130,"musics":[{"bpm":130,"baseBeats":0.5,"scores":["5<b1[M],a1[M]>,5<#g1[M],a1[M]>,5<d2[M],c2[M]>,5<b1[M],c2[M]>,e2[L],U,5<f2[M],e2[M]>,5<#d2[M],e2[M]>;a2[L],b2[L],c3[L],U,a2[L],b2[L],c3[L],U;5<c3[M],d3[M]>,5<c3[M],b2[M]>,a2[L],e2[L],5<b2[M],c3[M]>,5<b2[M],a2[M]>,g2[L],d2[L];c2[L],d2[L],e2[L],U,#c2[L],d2[L],e2[L],g2[L];f2[L],5<f2[M],e2[M]>,f2[L],e3[L],d3[L],b2[L],a2[L],g2[L];g2[L],5<g2[M],#f2[M]>,5<g2[M],e2[M]>,5<g2[M],d3[M]>,5<#c3[M],d3[M]>,e3[L],5<#c3[M],d3[M]>,e3[L];","a[L],(c1.e1)[L],#g[L],(b.e1)[L],g[L],(a.c1)[L],#f[L],(c1.e1)[L];f[L],(a.c1)[L],U,(a.c1)[L],e[L],(a.c1)[L],U,(a.c1)[L];d[L],(f.a)[L],U,(a.c1)[L],g[L],(b.d1)[L],U,(b.d1)[L];c[L],(g.c1)[L],U,(g.c1)[L],A-1[L],(#c.e)[L],U,(e.a)[L];d[L],(f.a)[L],U,(a.c1)[L],g[L],(b.d1)[L],U,(b.d1)[L];e[L],(g.b)[L],U,(b.d1)[L],a[L],(#c1.e1)[L],U,(#c1.e1)[L];"],"id":1,"instruments":["piano","piano"],"alternatives":["",""]},{"bpm":132,"baseBeats":0.5,"scores":["5<f2[M],g2[M]>,5<f2[M],e2[M]>,d2[L],a1[L],5<f2[M],g2[M]>,5<f2[M],e2[M]>,d2[L],a1[L];b1[L],g1[L],d2[L],b1[L],c2[L],5<e2[M],e2[M]>,e2[L],#f2[L];5<#g2[M],b[M]>,e1[L],e2[L],#f2[L],5<#g2[M],b[M]>,#f2[L],e2[L],#d2[L];5<#c2[M],e[M]>,#d2[L],e2[L],#f2[L],5<#d2[M],#f[M]>,b1[L],e2[L],#f2[L];5<#g2[M],b[M]>,U,e2[L],#f2[L],5<#g2[M],b[M]>,#f2[L],e2[L],#d2[L];5<#c2[M],e[M]>,5<#f2[M],#c1[M]>,5<#d2[M],#f[M]>,5<b1[M],#d1[M]>,e2[K],#c3[L],#d3[L];5<e3[M],#f3[M]>,5<e3[M],#d3[M]>,#c3[L],#g2[L],5<#d3[M],e3[M]>,5<#d3[M],#c3[M]>,b2[L],#f2[L];e2[L],5<#f2[M],e1[M]>,#g2[L],U,","d[L],(f.a)[L],U,(a.c1)[L],#A-1[L],(d.f)[L],U,(f.a)[L];G-1[L],(d.b)[L],G-1[L],(d.f)[L],c[L],(e.g)[L],A-1[L],(e.#c1)[L];e[M],V,U,#g1[L],e1[L],e[M],V,e1[L],#g1[L],e1[L];A-1[M],V,a[L],#c1[L],#d1[L],B-1[M],V,b[L],#c1[L],#d1[L];e[M],V,e1[L],#g1[L],e1[L],e[M],V,e1[L],#g1[L],e1[L];A-1[M],V,a[M],V,B-1[M],V,b[M],V,e[K],(a.#f1)[K];#f[L],(a.#c1)[L],U,(#c1.e1)[L],b[L],(#d1.#f1)[L],U,(#d1.#f1)[L];e[L],b[M],V,#g1[L],e1[L],"],"id":2,"instruments":["piano","piano"],"alternatives":["",""]},{"bpm":134,"baseBeats":0.5,"scores":["f2[L],5<#f2[M],#c1[M]>,#g2[L],b2[L],a2[L],5<a2[M],#g2[M]>,a2[L],#g3[L];#f3[L],#d3[L],#c3[L],b2[L],b2[L],5<b2[M],#a2[M]>,5<b2[M],#g2[M]>,5<b2[M],#f3[M]>;5<f3[M],#f3[M]>,5<#g3[M],#c1[M]>,5<f3[M],#f3[M]>,#g3[L],5<a2[M],b2[M]>,5<a2[M],#g2[M]>,#f2[L],#c2[L];5<a2[M],b2[M]>,5<a2[M],#g2[M]>,#f2[L],#c2[L],#d2[L],b1[L],#f2[L],#d2[L];e2[L],5<#g2[M],#g2[M]>,#g2[L],#a2[L],5<c3[M],#d1[M]>,U,#g2[L],#a2[L];5<c3[M],#d1[M]>,#a2[L],#g2[L],g2[L],5<f2[M],#g[M]>,g2[L],#g2[L],#a2[L];5<g2[M],#a[M]>,#d2[L],#g2[L],#a2[L],5<c3[M],#d1[M]>,U,#g2[L],#a2[L];5<c3[M],#d1[M]>,#a2[L],#g2[L],g2[L],5<f2[M],#g[M]>,5<#a2[M],f1[M]>,5<g2[M],#a[M]>,5<#d2[M],g1[M]>;#g2[L],U,U,U,#g3[J];","#c[L],#g[M],V,f1[L],#c1[L],#f[L],(a.#c1)[L],U,(#c1.e1)[L];b[L],(#d1.#f1)[L],U,(#d1.#f1)[L],#G-1[L],#f[M],b[M],#d1[L],b[L];#c[L],#g[M],V,f1[L],#c1[L],#f[L],(a.#c1)[L],U,(#c1.e1)[L];d[L],(#f.a)[L],U,(a.#c1)[L],B-1[L],(#f.#d1)[L],B-1[L],(#f.a)[L];e[L],(#g.b)[L],#c[L],(#g.f1)[L],#g[M],V,#g1[L],c2[L],#g1[L];#g[M],V,#g1[L],c2[L],#g1[L],#c[M],V,#c1[L],f1[L],g1[L];#d[M],V,#d1[L],f1[L],g1[L],#g[M],V,#g1[L],c2[L],#g1[L];#g[M],V,#g1[L],c2[L],#g1[L],#c[M],V,#c1[M],V,#d[M],V,#d1[M],V;#g[L],(c1.#d1)[L],(c1.#d1)[L],(c1.#d1)[L],#G-1[J];"],"id":3,"instruments":["piano","piano"],"alternatives":["",""]}],"audition":{"end":[2,44],"start":[1,60]}}