{"baseBpm":130,"musics":[{"id":1,"baseBeats":0.5,"scores":["B-1[K],(d1.#f1.d2.#f2.d3.#f3)[K],(#f.d2.#f2.d3.#f3)[K],(d1.#f1.d2.#f2.d3.#f3)[K],(B-1.d2.#f2.d3.e3.#f3)[L],(#c2.e2.#c3)[L],(d1.#f1.d2.#f2.d3.#f3)[L],(e2.g2.e3)[L],(#f.#c2.e2.#c3.#f3)[K],(d1.#f1.b1.d2.b2.#f3)[K],(B-1.#f3)[K],(d1.#f1.d2.#f2.d3.#f3)[K],(#f.d2.#f2.d3.#f3)[K],(d1.#f1.d2.#f2.d3.#f3)[K],(B-1.d2.#f2.d3.e3.#f3)[L],(#c2.e2.#c3)[L],(d1.#f1.d2.#f2.d3.#f3)[L],(e2.g2.e3)[L],(#f.#c2.e2.#c3.#f3)[K],(d1.#f1.b1.d2.b2.#f3)[L],(#f2.a2)[L],(g.b1.g2.b2.#f3)[K],(b.d1.a1.#f2.a2.#f3)[K],(d.g1.e2.g2.#f3)[K],(b.d1.#f1.d2.#f2.#f3)[K],(A-1.e1.a1.#c2.e2.#f3)[K],(#c1.e1.a1.#c2.e2.a2.#f3)[K],(e.#f3)[K],(#c1.e1.a1.#c2.e2.#f3)[L],(#c2.e2)[L],5<(A-1.a1.#c2.a2.#f3)[M],b2[M]>,5<(#c2.a2)[M],b2[M]>,5<(#c1.e1.a1.#c2.a2.#f3)[M],b2[M]>,5<(#c2.a2)[M],b2[M]>,5<(g.g1.b1.g2.#f3)[M],a2[M]>,5<(b1.g2)[M],a2[M]>,5<(b.d1.g1.b1.g2.#f3)[M],a2[M]>,5<(b1.g2)[M],a2[M]>,5<(#f.#f1.#f2.#f3)[M],g3[M]>,5<(#f2.#f3)[M],g3[M]>,5<(e.e1.#f2.#f3)[M],g3[M]>,5<(#f2.#f3)[M],g3[M]>,5<(d.d1.#f2.#f3)[M],g3[M]>,5<(#f2.#f3)[M],g3[M]>,5<(#c.#c1.#f2.#f3)[M],g3[M]>,5<(#f2.#f3)[M],g3[M]>;"]},{"id":2,"baseBeats":0.5,"scores":["(chuanshao.B-1.#f3)[K],(d1.#f1.d2.#f2.d3)[K],(chuanshao.#f.d2.#f2.d3)[K],(d1.#f1.d2.#f2.d3)[K],(chuanshao.B-1.d2.#f2.d3.e3)[L],(#c2.e2.#c3)[L],(d1.#f1.d2.#f2.d3)[L],(e2.g2.e3)[L],(chuanshao.#f.#c2.e2.#c3)[K],(d1.#f1.b1.d2.b2)[K],(chuanshao.B-1)[K],(d1.#f1.d2.#f2.d3)[K],(chuanshao.#f.d2.#f2.d3)[K],(d1.#f1.d2.#f2.d3)[K],(chuanshao.B-1.d2.#f2.d3.e3)[L],(#c2.e2.#c3)[L],(d1.#f1.d2.#f2.d3)[L],(e2.g2.e3)[L],(chuanshao.#f.#c2.e2.#c3)[K],(d1.#f1.b1.d2.b2)[L],(#f2.a2)[L],(chuanshao.g.b1.g2.b2)[K],(b.d1.a1.#f2.a2)[K],(chuanshao.d.g1.e2.g2)[K],(b.d1.#f1.d2.#f2)[K],(chuanshao.A-1.e1.a1.#c2.e2)[K],(#c1.e1.a1.#c2.e2.a2)[K],(chuanshao.e)[K],(#c1.e1.a1.#c2.e2)[L],(#c2.e2)[L],5<(chuanshao.A-1.a1.#c2.a2)[M],b2[M]>,5<(#c2.a2)[M],b2[M]>,5<(#c1.e1.a1.#c2.a2)[M],b2[M]>,5<(#c2.a2)[M],b2[M]>,5<(chuanshao.g.g1.b1.g2)[M],a2[M]>,5<(b1.g2)[M],a2[M]>,5<(b.d1.g1.b1.g2)[M],a2[M]>,5<(b1.g2)[M],a2[M]>,5<(#f.#f1.#f2.#f3)[M],g3[M]>,5<(#f2.#f3)[M],g3[M]>,5<(e.e1.#f2.#f3)[M],g3[M]>,5<(#f2.#f3)[M],g3[M]>,5<(d.d1.#f2.#f3)[M],g3[M]>,5<(#f2.#f3)[M],g3[M]>,5<(#c.#c1.#f2.#f3)[M],g3[M]>,5<(#f2.#f3)[M],g3[M]>;"]},{"id":3,"baseBeats":0.5,"scores":["5<(#f.e2)[M],(e1.g1)[M]>,5<e2[M],(e1.g1)[M]>,5<(#c1.#f1.#a1.e2)[M],(e1.g1)[M]>,5<e2[M],(e1.g1)[M]>,5<(#c.e2)[M],(e1.g1)[M]>,5<d2[M],(d1.#f1)[M]>,5<(#c1.#f1.#a1.d2)[M],(d1.#f1)[M]>,5<#c2[M],(#c1.e1)[M]>,5<(#f.e2.e3)[M],(e1.g1)[M]>,5<(e2.d3)[M],(e1.g1)[M]>,5<(#c1.#f1.#a1.e2.d3)[M],(e1.g1)[M]>,5<(e2.#c3)[M],(e1.g1)[M]>,(#c.e2.e3)[K],(#c1.#f1.#a1)[K],5<(B-1.d2)[M],(d1.#f1)[M]>,5<d2[M],(d1.#f1)[M]>,5<(d1.#f1.d2)[M],(d1.#f1)[M]>,5<d2[M],(d1.#f1)[M]>,(#f.d2)[L],#c2[L],(d1.#f1.#c2)[L],b1[L],5<(B-1.d2.d3)[M],(d1.#f1)[M]>,5<d2[M],(d1.#f1)[M]>,5<(d1.#f1.d2.#c3)[M],(d1.#f1)[M]>,5<(d2.d3)[M],(d1.#f1)[M]>,5<(#f.d2.e3)[M],(d1.#f1)[M]>,5<(d2.d2)[M],(d1.#f1)[M]>,5<(d1.#f1.d2.#c3)[M],(d1.#f1)[M]>,5<(d2.e3)[M],(d1.#f1)[M]>,(B-1.d2.d3)[K],(d1.#f1)[L],(d2.b2.d2)[L],(chuanshao.#f.e2.#c3.e3)[K],(#c1.#f1.#a1.d2.b2.d3)[K],(chuanshao.#c.#c2.#a2.#c3)[K],(#c1.#f1.#a1.b1.g2.b2)[K],(chuanshao.#f.#a1.#f2.#a2)[K],(#c1.#f1.#a1.g2.g3)[K],(chuanshao.#c.#f2.#f3)[K],(#c1.#f1.#a1)[L],(e2.#c3.f3)[L],(chuanshao.#f.#f2.d3.#f3)[K],(#c1.#f1.#a1.e2.#c3.e3)[K],(chuanshao.#c.#c1.d2.b2.d3)[K],(#f.#f1.#c2.#a2.#c3)[K],(chuanshao.B-1.#f2.b2.d3.#f3)[I];"]}],"audition":{"end":[0,19],"start":[0,0]}}