{"baseBpm":285,"musics":[{"bpm":285,"baseBeats":0.75,"scores":["mute[KL],mute[KL],mute[KL],mute[JK],mute[KL],mute[KL],mute[KL],mute[KL],mute[KL],mute[KL],mute[KL],mute[KL],mute[KL],mute[KL],mute[KL],5<UV>,5<UV>,mute[KL],mute[KL],mute[JK],mute[KL],mute[KL],mute[KL],mute[KL],mute[KL],mute[KL],mute[JK],mute[KL],mute[KL],mute[KL],5<UV>,mute[LM],mute[KL],mute[KL],mute[JK],mute[KL],mute[KL],mute[KL],mute[KL],mute[KL],mute[KL],mute[KL],mute[KL],mute[LM],mute[JKLM],5<UV>,5<UV>,mute[KL],mute[KL],mute[JK],mute[KL],mute[KL],mute[KL],mute[KL],mute[KL],mute[KL],mute[JK],mute[KL],mute[KL],mute[KL],5<UV>,mute[LM],mute[KL],mute[KL],mute[JK],mute[KL],mute[KL],mute[KL],5<UV>,5<UV>,mute[JK],mute[KL],mute[JK],mute[JK],mute[LM],mute[LM],mute[LM],mute[LM],mute[LM],mute[LM],mute[LM],mute[LM],mute[LM],mute[LM],mute[LM],mute[LM],mute[LM],mute[LM],mute[LM],mute[LM],mute[LM],mute[LM],mute[LM],mute[LM],mute[LM],mute[LM],mute[LM],mute[LM],mute[LM],mute[LM],mute[LM],mute[LM],mute[LM],mute[LM],mute[LM],mute[LM],mute[LM],mute[LM],mute[LM],mute[LM],mute[LM],mute[LM],mute[LM],mute[LM],mute[LM],mute[LM],mute[LM],mute[LM],mute[LM],mute[LM],mute[LM],mute[LM],mute[LM],mute[LM],mute[LM],mute[LM],mute[LM],mute[LM],mute[LM],mute[LM],mute[LM],mute[LM],mute[LM],mute[LM],mute[LM],mute[LM],mute[LM],mute[LM],mute[LM],mute[LM],mute[LM],mute[LM],mute[LM],mute[LM],mute[LM],mute[LM],mute[LM],mute[LM],mute[LM],mute[LM],mute[LM],mute[LM],mute[LM],mute[LM],mute[LM],mute[LM],mute[LM],mute[LM],mute[LM],mute[LM],mute[LM],mute[LM],mute[LM],mute[LM],mute[LM],mute[LM],mute[LM],mute[LM],mute[LM],mute[LM],mute[LM],mute[LM],mute[LM],mute[LM],mute[LM],mute[LM],mute[LM],mute[LM],mute[LM],mute[LM],mute[LM],mute[LM],mute[LM],mute[LM],mute[LM],mute[LM],mute[LM],mute[LM],mute[LM],mute[LM],mute[LM],mute[LM],mute[LM],mute[LM],mute[LM],mute[LM],mute[LM],mute[LM],mute[LM],mute[LM],mute[LM],mute[LMO],5<UV>,5<UV>,mute[IJMO],mute[IJKLMNO],mute[IJKLMNO],mute[IJKLMN],mute[IJKLMNO],mute[IJKLMNO],mute[IJKLMN],mute[IJKLMNO],mute[IJKLMNO],mute[IJKLMN],mute[IJKLMNO],mute[IJKLMNO],mute[IJKLMN],mute[IJKLMNO],mute[IJKLMNO],mute[IJKLMN],mute[LM],mute[LM],mute[LM],mute[LM],mute[LM],mute[LM],mute[LM],mute[LM],mute[LM],mute[LM],mute[LM],mute[LM],mute[LM],mute[LM],mute[LM],mute[LM];","#a1[KL],b1[KL],#c2[KL],#f2[JK],#c2[KL],#f2[KL],#g2[KL],#a2[KL],#f2[KL],#c2[KL],b2[KL],#f2[KL],#c2[KL],#g1[KL],#f1[KL],(b.b1)[M],#d2[N],#d1[N],#f2[M],(#f1.#a2)[MNO],#a1[MO],#g2[KL],#a2[KL],#d3[JK],#d3[KL],#a2[KL],#g2[KL],(#c2.#g1.f1.#c1.#a2.f2)[KL],#g2[KL],#a2[KL],f3[JK],f3[KL],#a2[KL],#g2[KL],(#a.#g2)[MN],#g1[MN],#c2[LM],#f2[KL],#g2[KL],#c3[JK],#c3[KL],#g2[KL],#f2[KL],(#c2.#a1.#f1.#d1.f2)[KL],#f2[KL],#g2[KL],#c3[KL],(#c2.#a1.#f1.#c1)[KL],#g2[LM],#f2[JKLM],(b.b1)[M],#d2[N],#d1[N],#f2[M],(#f1.#a2)[MNO],#a1[MO],#g2[KL],#a2[KL],#d3[JK],#d3[KL],#a2[KL],#g2[KL],(#c2.#g1.f1.#c1.#a2.f2)[KL],#g2[KL],#a2[KL],f3[JK],f3[KL],#f3[KL],#c3[KL],(#a.#g3)[MN],#g1[MN],#c2[LM],#f3[KL],f3[KL],#f3[JK],f3[KL],#c3[KL],#g2[KL],(#d1.#g3.#g2)[MN],#f1[MN],#a1[MNO],#c2[MO],(#a3.#a2)[JK],(#a3.#a2)[KL],(#g1.#c1.#f)[JK],#a1[JK],(b.f1.#a2)[LM],#f1[LM],(#g1.#g2)[LM],#c2[LM],(f2.#a2)[LM],#c2[LM],(#g1.#d3)[LM],#f2[LM],#c2[LM],#g1[LM],(f2.#d3)[LM],#c2[LM],(#g1.#a2)[LM],#c2[LM],(#g1.#g2)[LM],#f1[LM],(#c1.f1.#a2)[LM],#f1[LM],(#g1.#g2)[LM],#c2[LM],(f2.#a2)[LM],#c2[LM],(#g1.f3)[LM],#f2[LM],#c2[LM],#g1[LM],(f2.f3)[LM],#c2[LM],(#g1.#a2)[LM],#c2[LM],(#g1.#g2)[LM],#f1[LM],(#a.f1.#g2)[LM],#f1[LM],(#g1.#f2)[LM],#c2[LM],(f2.#g2)[LM],#c2[LM],(#g1.#c3)[LM],#f2[LM],#c2[LM],#g1[LM],(f2.#c3)[LM],#c2[LM],(#g1.#g2)[LM],#c2[LM],(#g1.#f2)[LM],#f1[LM],(#d.f1.f2)[LM],#f1[LM],(#g1.#f2)[LM],#c2[LM],(f2.#g2)[LM],#c2[LM],(#g1.#c3)[LM],#f2[LM],#c2[LM],#g1[LM],(f2.#g2)[LM],(#c2.#f2)[LM],#g1[LM],#c2[LM],#g1[LM],#f1[LM],(b.f1.#a2)[LM],#f1[LM],(#g1.#g2)[LM],#c2[LM],(f2.#a2)[LM],#c2[LM],(#g1.#d3)[LM],#f2[LM],#c2[LM],#g1[LM],(f2.#d3)[LM],#c2[LM],(#g1.#a2)[LM],#c2[LM],(#g1.#g2)[LM],#f1[LM],(#c1.f1.#a2)[LM],#f1[LM],(#g1.#g2)[LM],#c2[LM],(f2.#a2)[LM],#c2[LM],(#g1.f3)[LM],#f2[LM],#c2[LM],#g1[LM],(f2.f3)[LM],#c2[LM],(#g1.#f3)[LM],#c2[LM],(#g1.#c3)[LM],#f1[LM],(#a.f1.#g3)[LM],#f1[LM],(#g1.#f3)[LM],#c2[LM],(f2.f3)[LM],#c2[LM],(#g1.#f3)[LM],#f2[LM],#c2[LM],#g1[LM],(f2.f3)[LM],#c2[LM],(#g1.#c3)[LM],#c2[LM],(#g1.#g2)[LM],#f1[LM],(#d.f1.#g3.#g2)[LM],#f1[LM],(#g1.#a3.#a2)[LM],#c2[LM],f2[LM],#c2[LM],(#g1.#a3.#a2)[LM],#f2[LM],#c2[LM],#g1[LM],f2[LM],#c2[LM],#g1[LM],#c2[LM],#g1[LM],#f1[LM],(B-1.b)[L],(#d.#d1)[L],#f1[O],#f[L],(#a.#a1)[IJMO],B-2[IJKLMNO],(#g.f.#c.#a1.f1.#c1)[IJKLMNO],#C-1[IJKLMN],(#g.f.#A-1.#g1.f1.#c1)[IJKLMNO],#A-2[IJKLMNO],(#a.#f.#a1.#f1.#c1)[IJKLMN],(#a.#f.#c.#c2.#a1.#f1.#c1)[IJKLMNO],(b.#f.B-1.#d2.b1.#f1.#d1)[IJKLMNO],(B-1.B-2)[IJKLMN],(#c1.#g.#c.f2.#c2.#g1.f1)[IJKLMNO],(#c.#C-1)[IJKLMNO],(#g.f.#A-1.#c2.#g1.f1.#c1)[IJKLMN],(#c1.#g2.#c2.#g1)[IJKLMNO],(#c1.#a.#d.#a2.#d2.#a1)[IJKLMNO],(#c1.#a.#f.#c)[IJKLMN],(b.B-1.f1)[LM],#f1[LM],#g1[LM],#c2[LM],f2[LM],#c2[LM],#g1[LM],(#a2.#f2)[LM],#c2[LM],#g1[LM],f2[LM],#c2[LM],#g1[LM],#c2[LM],#g1[LM],#f1[LM];"],"id":1,"instruments":["piano","piano"],"alternatives":["",""]},{"bpm":285,"baseBeats":0.75,"scores":["mute[LM],mute[LM],mute[LM],mute[LM],mute[LM],mute[LM],mute[LM],mute[LM],mute[LM],mute[LM],mute[LM],mute[LM],mute[LM],mute[LM],mute[LM],mute[LM],mute[LM],mute[LM],mute[LM],mute[LM],mute[LM],mute[LM],mute[LM],mute[LM],mute[LM],mute[LM],mute[LM],mute[LM],mute[LM],mute[LM],mute[LM],mute[LM],mute[LM],mute[LM],mute[LM],mute[LM],mute[LM],mute[LM],mute[LM],mute[LM],mute[LM],mute[LM],mute[LM],mute[LM],mute[LM],mute[LM],mute[LM],mute[LM],mute[LM],mute[LM],mute[LM],mute[LM],mute[LM],mute[LM],mute[LM],mute[LM],mute[LM],mute[LM],mute[LM],mute[LM],mute[LM],mute[LM],mute[LM],mute[LM],mute[LM],mute[LM],mute[LM],mute[LM],mute[LM],mute[LM],mute[LM],mute[LM],mute[LM],mute[LM],mute[LM],mute[LM],mute[LM],mute[LM],mute[LM],mute[LM],mute[LM],mute[LM],mute[LM],mute[LM],mute[LM],mute[LM],mute[LM],mute[LM],mute[LM],mute[LM],mute[LM],mute[LM],mute[LM],mute[LM],mute[LM],mute[LM],mute[LM],mute[LM],mute[LM],mute[LM],mute[LM],mute[LM],mute[LM],mute[LM],mute[LM],mute[LM],mute[LM],mute[LM],mute[LM],mute[LM],mute[LM],mute[LM],mute[LM],mute[LM],mute[LM],mute[LM],mute[LM],mute[LM],mute[LM],mute[LM],mute[LM],mute[LM],mute[LM],mute[LM],mute[LM],mute[LM],mute[LM],mute[LM],mute[LM],mute[LM],mute[LM],mute[LM],mute[LM],mute[LM],mute[LM],mute[LM],mute[LM],mute[LM],mute[LM],mute[LM],mute[LM],mute[LM],mute[LM],mute[LM],mute[LM],mute[LM],mute[LM],mute[LM],mute[LM],mute[LM],mute[LM],mute[LM],mute[LM],mute[LM],mute[LM],mute[LM],mute[LM],mute[LM],mute[LM],mute[LM],mute[LM],mute[LM],mute[LM],mute[LM],mute[LM],mute[LM],mute[LM],mute[LM],mute[LM],mute[LM],mute[LM],mute[LM],mute[LM],mute[LM],mute[LM],mute[LM],mute[LM],mute[LM],mute[LM],mute[LM],mute[LM],mute[LM],mute[LM],mute[LM],mute[LM],mute[LM],mute[LM],mute[LM],mute[LM],mute[LM],mute[LM],mute[LM],mute[LM],mute[LM],mute[LM],mute[LM],mute[LM],mute[LM],mute[LM],mute[LM];","(#c1.#c.f1)[LM],#f1[LM],#g1[LM],#c2[LM],f2[LM],#c2[LM],#g1[LM],(#a2.#f2)[LM],#c2[LM],#g1[LM],f2[LM],#c2[LM],#g1[LM],#c2[LM],#g1[LM],#f1[LM],(#a.#A-1.f1)[LM],#f1[LM],#g1[LM],#c2[LM],f2[LM],#c2[LM],#g1[LM],(#g2.#f2)[LM],#c2[LM],#g1[LM],f2[LM],#c2[LM],#g1[LM],#c2[LM],#g1[LM],#f1[LM],(#c1.#a.#d.f1)[LM],#f1[LM],#g1[LM],#c2[LM],f2[LM],#c2[LM],#g1[LM],(#a2.#f2)[LM],#c2[LM],#g1[LM],f2[LM],#c2[LM],#g1[LM],#c2[LM],#g1[LM],#f1[LM],(b.#f.B-1.f1)[LM],#f1[LM],#g1[LM],#c2[LM],(B-1.B-2.f2)[LM],#c2[LM],#g1[LM],(#a3.#a2.#f2)[LM],#c2[LM],#g1[LM],f2[LM],#c2[LM],#g1[LM],#c2[LM],#g1[LM],#f1[LM],(#c1.#g.#c.f1)[LM],#f1[LM],#g1[LM],#c2[LM],(#c.#C-1.f2)[LM],#c2[LM],#g1[LM],(#a3.#a2.#f2)[LM],#c2[LM],#g1[LM],f2[LM],#c2[LM],#g1[LM],#c2[LM],#g1[LM],#f1[LM],(#a.#f.#A-1.f1)[LM],#f1[LM],#g1[LM],#c2[LM],(#A-1.#A-2.f2)[LM],#c2[LM],#g1[LM],(#f2.#g3.#g2)[LM],#c2[LM],#g1[LM],f2[LM],#c2[LM],#g1[LM],#c2[LM],#g1[LM],#f1[LM],(#c1.#a.#d.f1)[LM],#f1[LM],#g1[LM],#c2[LM],f2[LM],#c2[LM],#g1[LM],#f2[LM],#c2[LM],#g1[LM],f2[LM],#c2[LM],#g1[LM],#c2[LM],#g1[LM],#f1[LM],(b.B-1.#a3.#a2)[LM],#f1[LM],(#g1.#g3.#g2)[LM],#c2[LM],(f2.#a3.#a2)[LM],#c2[LM],(#g1.#d4.#d3)[LM],#f2[LM],#c2[LM],#g1[LM],(f2.#d4.#d3)[LM],#c2[LM],(#g1.#a3.#a2)[LM],#c2[LM],(#g1.#g3.#g2)[LM],#f1[LM],(#c1.#c.#a3.#a2)[LM],#f1[LM],(#g1.#g3.#g2)[LM],#c2[LM],(f2.#a3.#a2)[LM],#c2[LM],(#g1.f4.f3)[LM],#f2[LM],#c2[LM],#g1[LM],(f2.f4.f3)[LM],#c2[LM],(#g1.#a3.#a2)[LM],#c2[LM],(#g1.#g3.#g2)[LM],#f1[LM],(#a.#A-1.#g3.#g2)[LM],#f1[LM],(#g1.#f3.#f2)[LM],#c2[LM],(f2.#g3.#g2)[LM],#c2[LM],(#g1.#c4.#c3)[LM],#f2[LM],#c2[LM],#g1[LM],(f2.#c4.#c3)[LM],#c2[LM],(#g1.#g3.#g2)[LM],#c2[LM],(#g1.#f3.#f2)[LM],#f1[LM],(#d1.#d.f3.f2)[LM],#f1[LM],(#g1.#f3.#f2)[LM],#c2[LM],(f2.#g3.#g2)[LM],#c2[LM],(#g1.#c4.#c3)[LM],#f2[LM],#c2[LM],#g1[LM],(f2.#g3.#g2)[LM],(#c2.#f3.#f2)[LM],#g1[LM],#c2[LM],#g1[LM],#f1[LM],(b.B-1.#a3.#a2)[LM],#f1[LM],(#g1.#g3.#g2)[LM],#c2[LM],(f2.#a3.#a2)[LM],#c2[LM],(#g1.#d4.#d3)[LM],#f2[LM],#c2[LM],#g1[LM],(f2.#d4.#d3)[LM],#c2[LM],(#g1.#a3.#a2)[LM],#c2[LM],(#g1.#g3.#g2)[LM],#f1[LM],(#c1.#c.#a3.#a2)[LM],#f1[LM],(#g1.#g3.#g2)[LM],#c2[LM],(f2.#a3.#a2)[LM],#c2[LM],(#g1.f4.f3)[LM],#f2[LM];"],"id":2,"instruments":["piano","piano"],"alternatives":["",""]},{"bpm":285,"baseBeats":0.75,"scores":["mute[LM],mute[LM],mute[LM],mute[LM],mute[LM],mute[LM],mute[LM],mute[LM],mute[LM],mute[LM],mute[LM],mute[LM],mute[LM],mute[LM],mute[LM],mute[LM],mute[LM],mute[LM],mute[LM],mute[LM],mute[LM],mute[LM],mute[LM],mute[LM],mute[LM],mute[LM],mute[LM],mute[LM],mute[LM],mute[LM],mute[LM],mute[LM],mute[LM],mute[LM],mute[LM],mute[LM],mute[LM],mute[LM],mute[LM],mute[LM],mute[KL],mute[LM],mute[LM],mute[LM],mute[LM],mute[LM],mute[LM],mute[LM],mute[LM],mute[LM],mute[LM],mute[LM],mute[LM],mute[LM],mute[LM],mute[LM],mute[LM],mute[LM],mute[LM],mute[LM],mute[LM],mute[LM],mute[LM],mute[LM],mute[LM],mute[LM],mute[LM],mute[LM],mute[LM],mute[LM],mute[LM],mute[LM],mute[LM],mute[LM],mute[LM],mute[LM],mute[LM],mute[LM],mute[LM],mute[LM],mute[LM],mute[LM],mute[LM],mute[LM],mute[LM],mute[LM],mute[LM],mute[LM],mute[LM],mute[LM],mute[LM],mute[LM],mute[LM],mute[LM],mute[LM],mute[LM],mute[LM],mute[LM],mute[LM],mute[LM],mute[LM],mute[KL],mute[KL],mute[LM],mute[LM],mute[LM],mute[LM],mute[LM],mute[LM],mute[LM],mute[LM],mute[LM],mute[LM],mute[LM],mute[LM],mute[LM],mute[LM],mute[LM],mute[LM],mute[LM],mute[LM],mute[LM],mute[LM],mute[LM],mute[LM],mute[LM],mute[LM],mute[LM],mute[LM],mute[LM],mute[LM],mute[LM],mute[LM],mute[LM],mute[LM],mute[LM],mute[LM],mute[LM],mute[LM],mute[LM],mute[LM],mute[LM],mute[LM],mute[LM],mute[LM],mute[LM],mute[LM],mute[LM],mute[LM],mute[KL],mute[LM],mute[LM],mute[LM],mute[LM],mute[LM],mute[LM],mute[KL],mute[LM],mute[LM],mute[LM],mute[LM],mute[KL],mute[LM],mute[LM],mute[LM],mute[LM],mute[LM],mute[LM],mute[LM],mute[LM],mute[LM],mute[LM],mute[LM],mute[LM],mute[LM],mute[LM],mute[LM],mute[LM],mute[LM],mute[LM],mute[LM],mute[LM],mute[LM],mute[LM],mute[LM],mute[LM],mute[LM],mute[LM],mute[LM],mute[LM],mute[LM],mute[LM],mute[LM],mute[LM],mute[LM],mute[LM],mute[LM],mute[LM],mute[LM],mute[LM],mute[LM],mute[LM],mute[LM],mute[LM],mute[LM],mute[LM],mute[LM],mute[LM],mute[LM],mute[LM],mute[LM],mute[LM],mute[LM],mute[LM],mute[LM],mute[LM],mute[LM],mute[LM],mute[LM],mute[LM],mute[LM],mute[LM],mute[LM],mute[LM],mute[LM],mute[LM],mute[LM],mute[LM],mute[LM],mute[LM],mute[LM],mute[LM],mute[LM],mute[LM],mute[LM],mute[LM],mute[LM],mute[LM],mute[LM],mute[LM],mute[LM],mute[LM],mute[LM],mute[LM],mute[LM],mute[LM],mute[LM],mute[LM],mute[LM],mute[LM],mute[LM],mute[LM],mute[LM],mute[LM],mute[LM],mute[LM],mute[LM],mute[LM],mute[LM],mute[LM],mute[LM],mute[LM],mute[LM],mute[LM],mute[LM],mute[LM],mute[LM],mute[LM],mute[LM],mute[LM],mute[LM],mute[LM],mute[LM],mute[LM],mute[LM],mute[LM],mute[LM],mute[LM],mute[LM],mute[LM],mute[LM],mute[LM],mute[LM],mute[LM],mute[LM],mute[LM],mute[LM],mute[LM],mute[LM],mute[LM],mute[HI],mute[HI],ST;","#c2[LM],#g1[LM],(f2.f4.f3)[LM],#c2[LM],(#g1.#f4.#f3)[LM],#c2[LM],(#g1.#c4.#c3)[LM],#f1[LM],(#a.#A-1.#g4.#g3)[LM],#f1[LM],(#g1.#f4.#f3)[LM],#c2[LM],(f2.f4.f3)[LM],#c2[LM],(#g1.#f4.#f3)[LM],#f2[LM],#c2[LM],#g1[LM],(f2.f4.f3)[LM],#c2[LM],(#g1.#c4.#c3)[LM],#c2[LM],(#g1.#g3.#g2)[LM],#f1[LM],(#d1.#d.#g4.#g3)[LM],#f1[LM],(#g1.#a4.#a3)[LM],#c2[LM],f2[LM],#c2[LM],(#g1.#a4.#a3)[LM],#f2[LM],#c2[LM],#g1[LM],f2[LM],#c2[LM],#g1[LM],#c2[LM],#g1[LM],#f1[LM],(B-1.B-2.#a2.#a1)[KL],(B-1.#g2.#g1)[LM],#f[LM],(b.#a2.#a1)[LM],#d1[LM],(#f1.#d3.#d2)[LM],b1[LM],#f1[LM],#d1[LM],(b.#d3.#d2)[LM],#f[LM],(#d.#a2.#a1)[LM],b[LM],(#f.#g2.#g1)[LM],#d[LM],(#c.#C-1.#a2.#a1)[LM],#c[LM],(#g.#g2.#g1)[LM],#c1[LM],(f1.#a2.#a1)[LM],#g1[LM],(#c1.f3.#c3.#g2.f2)[LM],#c2[LM],#g1[LM],f1[LM],(#c1.f3.#c3.#g2.f2)[LM],#g[LM],(f.#a2.#a1)[LM],#c1[LM],(#g.#g2.#g1)[LM],f[LM],(#A-1.#A-2.#g2.#g1)[LM],#A-1[LM],(f.#f2.#f1)[LM],#a[LM],(#c1.#g2.#g1)[LM],#f1[LM],(#a.#c3.#a2.#f2.#c2)[LM],#a1[LM],#f1[LM],#c1[LM],(#a.#c3.#a2.#f2.#c2)[LM],#f[LM],(#c.#g2.#g1)[LM],#a[LM],(#f.#f2.#f1)[LM],#c[LM],(#d.#D-1.f2.f1)[LM],#d[LM],(#a.#f2.#f1)[LM],#d[LM],(#a.#g2.#g1)[LM],#d1[LM],(#a.#c3.#a2.#f2.#c2)[LM],#f[LM],#d[LM],#A-1[LM],(#D-1.#g1)[LM],(#d.#f1)[LM],#A-1[LM],#D-1[LM],#d[KL],(B-1.B-2.#a2.#f2.#d2.#a1)[KL],(B-1.#g2.#g1)[LM],#f[LM],(b.#a2.#a1)[LM],#d1[LM],(#f1.#d3.#a2.#f2.#d2)[LM],b1[LM],#f1[LM],#d1[LM],(b.#d3.#a2.#f2.#d2)[LM],#f[LM],(#d.#a2.#a1)[LM],b[LM],(#f.#g2.#g1)[LM],#d[LM],(#c.#C-1.#a2.#a1)[LM],#c[LM],(#g.#g2.#g1)[LM],#c1[LM],(f1.#a2.#a1)[LM],#g1[LM],(#c1.f3.#c3.#g2.f2)[LM],#c2[LM],#g1[LM],f1[LM],(#c1.f3.#c3.#g2.f2)[LM],#g[LM],(f.#f3.#f2)[LM],#c[LM],(#G-1.#c3.#c2)[LM],F-1[LM],(#A-1.#A-2.#g3.#g2)[LM],#A-1[LM],(f.#f3.#f2)[LM],#a[LM],(#c1.f3.f2)[LM],#f1[LM],(#a.#f3.#f2)[LM],#a1[LM],#f1[LM],#c1[LM],(#a.f3.f2)[LM],#f[LM],(#c.#c3.#c2)[LM],#a[LM],(#f.#g2.#g1)[LM],#c[LM],(#D-1.#D-2.#g3.#g2)[KL],(#d.#a3.#a2)[LM],#a[LM],#d1[LM],#a[LM],(#d.#a3.#a2)[LM],#A-1[LM],(#F-1.#F-2)[KL],#F-1[LM],#c[LM],#c1[LM],#a[LM],#c[KL],(b.B-1.f1)[LM],#f1[LM],#g1[LM],#c2[LM],f2[LM],#c2[LM],#g1[LM],#f2[LM],#c2[LM],#g1[LM],f2[LM],#c2[LM],#g1[LM],#c2[LM],#g1[LM],#f1[LM],(#c1.#c.f1)[LM],#f1[LM],#g1[LM],#c2[LM],f2[LM],#c2[LM],#g1[LM],#f2[LM],#c2[LM],#g1[LM],f2[LM],#c2[LM],#g1[LM],#c2[LM],#g1[LM],#f1[LM],(#c1.#A-1.f1)[LM],#f1[LM],#g1[LM],#c2[LM],f2[LM],#c2[LM],#g1[LM],#f2[LM],#c2[LM],#g1[LM],f2[LM],#c2[LM],#g1[LM],#c2[LM],#g1[LM],#f1[LM],(#c1.#d.f1)[LM],#f1[LM],#g1[LM],#c2[LM],f2[LM],#c2[LM],#g1[LM],#f2[LM],(#c.#c2)[LM],#g1[LM],f2[LM],#c2[LM],#g1[LM],#c2[LM],#g1[LM],#f1[LM],(b.f1)[LM],#f1[LM],#g1[LM],#c2[LM],f2[LM],#c2[LM],#g1[LM],#f2[LM],#c2[LM],#g1[LM],f2[LM],#c2[LM],#g1[LM],#c2[LM],#g1[LM],#f1[LM],(#c1.f1)[LM],#f1[LM],#g1[LM],#c2[LM],f2[LM],#c2[LM],#g1[LM],#f2[LM],#c2[LM],#g1[LM],f2[LM],#c2[LM],#g1[LM],#c2[LM],#g1[LM],#f1[LM],(#a.f1)[LM],#f1[LM],#g1[LM],#c2[LM],f2[LM],#c2[LM],#g1[LM],#f2[LM],#c2[LM],#g1[LM],f2[LM],#c2[LM],#g1[LM],#c2[LM],#g1[LM],#f1[LM],(#d1.f1)[LM],#f1[LM],#g1[LM],#c2[LM],f2[LM],#c2[LM],#g1[LM],#f2[LM],#c2[LM],#g1[LM],f2[LM],#c2[LM],#g1[LM],#c2[LM],#g1[LM],#f1[LM],(#c1.#a.f1)[HI],#F-2[HI],ST;"],"id":3,"instruments":["piano","piano"],"alternatives":["",""]}],"audition":{"start":[0,0],"end":[2,292]}}