{"baseBpm":418.5,"musics":[{"bpm":418.5,"baseBeats":0.75,"scores":["mute[HJL],mute[JLN],mute[LMN],mute[HJL],mute[JLN],mute[LM],mute[LM],mute[LM],mute[LM],mute[LM],mute[LM],mute[LM],mute[LM],mute[LM],mute[LM],mute[LM],mute[LM],mute[LM],mute[LM],mute[LM],mute[LM],mute[LM],mute[LM],mute[LM],mute[LM],mute[LM],mute[LM],mute[LM],mute[LM],mute[LM],mute[LM],mute[LM],mute[LM],mute[LM],mute[LM],mute[LM],mute[LM],mute[LM],mute[LM],mute[LM],mute[LM],mute[LM],mute[LM],mute[LM],mute[LM],mute[LM],mute[LM],mute[LM],mute[LM],mute[LM],mute[LM],mute[LM],mute[LM],mute[KN],mute[KL],mute[KL],mute[KL],mute[KL],mute[KL],mute[KL],mute[KL],mute[KL],mute[JK],mute[JK],mute[JKL],mute[INO],mute[IJMO],mute[JN],mute[JKN],mute[KO],mute[JKN],mute[KO],mute[IJMO],mute[JO],mute[IM],mute[JKN],mute[KO],mute[JO],mute[KO],mute[KO],mute[JN],mute[JO],mute[IJMO],mute[JN],mute[LM],mute[LM],mute[LM],mute[LM],mute[LM],mute[LM],mute[LM],mute[LM],mute[LM],mute[LM],mute[LM],mute[LM],mute[LM],mute[LM],mute[LM],mute[LM],mute[LM],mute[LM],mute[LM],mute[LM],mute[LM],mute[LM],mute[LM],mute[LM],mute[LM],mute[LM],mute[LM],mute[LM],mute[LM],mute[LM],mute[LM],mute[K],mute[KL],mute[KL],mute[KL],mute[KL],mute[KL],mute[KL],mute[KL],mute[KL],mute[JK],mute[JK],mute[JKMN],mute[INO],mute[JO],mute[JN],mute[JN],mute[JO],mute[JN],mute[KO],mute[K],mute[JKNO],mute[KO],mute[KMO],mute[KMO],mute[KMO],mute[KMO],mute[KMO],mute[KMO],mute[KMO],mute[KMO],mute[KMO],mute[KMO],mute[KMO],mute[KMO],mute[KMO],mute[KMO],mute[KMO],mute[KMO],mute[JLN],mute[KMO],mute[KMO],mute[JLN],mute[KMO],mute[KMO],mute[JLN],mute[JLN],mute[JKLMNO],mute[KMO],mute[KMO],mute[KMO],mute[KMO],mute[KMO],mute[KMO],mute[KMO],mute[KMO],mute[KMO],mute[KMN],mute[KMN],mute[KMN],mute[KMN],mute[KL],mute[KMNO],mute[KLM],mute[KLM],mute[HJL],mute[IKM],mute[JLN],mute[JLN],mute[KLM],mute[KLM],mute[JKL],mute[IJK],mute[IKM],mute[KLM],mute[JKL],mute[KLM],mute[KLM],mute[JKL],mute[JKL],mute[JKL],mute[KLM],mute[KLM],mute[JKL],mute[KLM],mute[KLM],mute[IKM],mute[KLM],5<UV>,5<UV>,5<UV>,5<UV>,5<UV>,5<UV>,5<UV>,5<UV>,5<UV>,5<UV>,5<UV>,5<UV>,5<UV>,5<UV>,5<UV>,5<UV>,5<UV>,5<UV>,5<UV>,5<UV>,5<UV>,5<UV>,5<UV>,5<UV>,5<UV>,5<UV>,5<UV>,5<UV>,5<UV>,5<UV>,5<UV>,5<UV>,5<UV>,5<UV>,5<UV>,5<UV>,5<UV>,5<UV>,5<UV>,5<UV>,5<UV>,5<UV>,5<UV>,5<UV>,5<UV>,5<UV>,5<UV>,5<UV>,5<UV>,5<UV>,5<UV>,5<UV>,5<UV>,5<UV>,5<UV>,5<UV>,5<UV>,5<UV>,5<UV>,5<UV>,5<UV>,5<UV>,5<UV>,5<UV>,5<UV>,5<UV>,5<UV>,5<UV>,5<UV>,5<UV>,5<UV>,5<UV>,5<UV>,5<UV>,5<UV>,5<UV>,5<UV>,5<UV>,5<UV>,5<UV>,5<UV>,5<UV>,5<UV>,5<UV>,5<UV>,5<UV>,5<UV>,5<UV>,5<UV>,5<UV>,5<UV>,5<UV>,5<UV>,5<UV>,5<UV>,5<UV>,5<UV>,5<UV>,5<UV>,5<UV>,5<UV>,5<UV>,5<UV>,5<UV>,5<UV>,5<UV>,5<UV>,5<UV>,5<UV>,5<UV>,5<UV>,5<UV>,5<UV>,5<UV>,5<UV>,5<UV>,5<UV>,5<UV>,5<UV>,5<UV>,5<UV>,5<UV>,5<UV>,5<UV>,5<UV>,5<UV>,5<UV>,5<UV>,5<UV>,5<UV>,5<UV>,5<UV>,5<UV>,5<UV>,5<UV>,5<UV>,5<UV>,5<UV>,5<UV>,5<UV>,5<UV>,5<UV>,5<UV>,5<UV>,5<UV>,5<UV>,5<UV>,5<UV>,5<UV>,5<UV>,5<UV>,5<UV>,5<UV>,5<UV>,5<UV>,5<UV>,5<UV>,5<UV>,5<UV>,5<UV>,5<UV>,5<UV>,5<UV>,5<UV>,5<UV>,5<UV>,5<UV>,5<UV>,5<UV>,5<UV>,5<UV>,5<UV>,5<UV>,5<UV>,5<UV>,5<UV>,5<UV>,5<UV>,5<UV>,5<UV>,5<UV>,5<UV>,5<UV>,5<UV>,5<UV>,5<UV>,5<UV>,5<UV>,5<UV>,5<UV>,5<UV>,5<UV>,5<UV>,5<UV>,5<UV>,5<UV>,5<UV>,5<UV>,5<UV>,5<UV>,5<UV>,5<UV>,5<UV>,5<UV>,5<UV>,mute[J],mute[KLM],mute[JKO],mute[KMO],mute[IL],mute[KL],mute[IJKLMN],mute[JLN],mute[LM],mute[LM],mute[LM],mute[LM],mute[LM],mute[LM],mute[LM],mute[LM],mute[LM],mute[LM],mute[LM],mute[LM],mute[LM],mute[LM],mute[LM],mute[LM],mute[LM],mute[LM],mute[LM],mute[LM],mute[LM],mute[LM],mute[LM],mute[LM],mute[LM],mute[LM],mute[LM],mute[LM],mute[LM],mute[KMNO],mute[LMNO],mute[LMNO],mute[KO],mute[KO],mute[JN],mute[JO],mute[JN],mute[JO],mute[JN],mute[JN],mute[JO],mute[JN],mute[JO],mute[IM],mute[JO],mute[JN],mute[JO],mute[JN],mute[JN],mute[JO],mute[INO],mute[JN],mute[JMO],mute[JMO],mute[JLN],mute[JKL],mute[LM],mute[LM],mute[LM],mute[LM],mute[LM],mute[LM],mute[LM],mute[KMN],mute[KLN],mute[JKM],mute[KLN],mute[LM],mute[LM],mute[LM],mute[LM],mute[LM],mute[LM],mute[LM],mute[KMN],mute[KLN],mute[JKM],mute[KLN],mute[LM],mute[LM],mute[LM],mute[LM],mute[LM],mute[LM],mute[LM],mute[KMN],mute[KLN],mute[JKM],mute[KLN],mute[KLNO],mute[JKM],mute[KLNO],mute[KLN],mute[JKM],mute[KLN],mute[JLN],mute[JLN],mute[JKL],mute[JKL],mute[JKL],mute[JKL],mute[IKM],mute[IKM],mute[JKL],mute[JKL],mute[JKL],mute[JKL],mute[JKL],mute[KLM],mute[KLM],mute[KLM],mute[KLM],mute[KLM],mute[KLM],mute[JLMNO],mute[JLMNO],mute[JLMN],mute[JLMNO],mute[JLMNO],mute[JLMN],mute[JLMNO],mute[JLMNO],mute[JLMN],mute[JLMNO],mute[JLMNO],mute[JLMN],mute[JLMNO],mute[JLMNO],mute[JLMN],mute[JLMNO],mute[JLMNO],mute[JLMN],mute[JLMNO],mute[JLMNO],mute[JLMN],mute[JLMNO],mute[JLMNO],mute[JLMN],mute[JLMNO],mute[JLMNO],mute[JLMN],mute[JLMNO],mute[JLMNO],mute[JLMN],mute[JLMNO],mute[JLMNO],mute[JLMN],mute[KL],mute[KMNO],mute[JLMNO],mute[KMNO],mute[KMNO],mute[IMN],mute[KL],mute[IMN],mute[KMNO],mute[JLMNO],mute[JLMN],mute[JLMNO],mute[JLMNO],mute[JLMN],mute[JLMNO],mute[JLMNO],mute[JLMN],mute[JLMNO],mute[JLMNO],mute[JLMN],mute[JLMNO],mute[JLMNO],mute[JLMN],mute[JLMNO],mute[JLMNO],mute[JLMN],mute[JLMNO],mute[JLMNO];","(c1.c2.c.C-1.c3)[HJL],(c1.c.c2.C-1.c3)[JLN],(c1.c.c2.C-1.c3)[LMN],(c1.c.c2.C-1.c3)[HJL],(c1.c.c2.C-1.c3)[JLN],(c1.c.c2.C-1.c3)[LMN],(c1.c.c2.C-1.c3)[LMN],c1[LMN],e1[LM],e1[LM],d1[LM],d1[LM],c1[LM],c1[LM],b[LM],b[LM],d1[LM],d1[LM],g1[LM],g1[LM],f1[LM],f1[LM],(c1.e1)[LM],c1[LM],e1[LM],e1[LM],d1[LM],d1[LM],(c1.e2)[LM],c1[LM],(b.f2)[LM],b[LM],d1[LM],d1[LM],g1[LM],g1[LM],(f1.b1)[LM],f1[LM],(e1.c.c1.C-1.c2)[LM],e1[LM],(g1.e.e1.E-1.g2)[LM],g1[LM],(f1.d.d1.D-1)[LM],f1[LM],(e1.c.c1.C-1.g2)[LM],e1[LM],(d1.B-1.b.B-2)[LM],d1[LM],(f2.d.d1.D-1.g2)[LM],f2[LM],(b1.g.g1.G-1)[LM],b1[LM],(d2.f.f1.F-1.g2)[LM],d2[LM],(c2.e.e1.E-1)[KL],(c3.c1.c2.c)[KL],(b2.b.b1.B-1)[KL],(a2.a.a1.A-1)[KL],(g2.g.g1.G-1)[KL],(f2.f.f1.F-1)[KL],(e2.e.e1.E-1)[KL],(d2.d.d1.D-1)[KL],(c2.c.c1.C-1)[JK],(b1.b.B-1)[JK],(a1.a.A-1)[JKL],(g1.g.G-1)[INO],(a1.d1.#f.#f1.#F-1.d2)[IJMO],a1[JN],e2[JKN],d2[KO],d2[JKN],(c2.d1.#f.#f1.#F-1.a2)[KO],(c2.d1.#f.#f1.#F-1.a2)[IJMO],a1[JO],d2[IM],c2[JKN],(#f2.a1.d.d1.D-1.c3)[KO],(#f2.a1.d.d1.D-1.c2.c3)[JO],c2[KO],c2[KO],d2[JN],e2[JO],d2[IJMO],a1[JN],(g1.g.G-1.c2.g2.b1.d1)[LMN],g1[LMN],b1[LM],b1[LM],a1[LM],a1[LM],g1[LM],g1[LM],#f1[LM],#f1[LM],a1[LM],a1[LM],d2[LM],d2[LM],c2[LM],c2[LM],(b1.g2)[LM],g2[LM],b2[LM],b2[LM],a2[LM],a2[LM],(b1.g2)[LM],g2[LM],(c2.#f2)[LM],#f2[LM],a2[LM],a2[LM],d3[LM],d3[LM],(#f1.c3)[LM],c3[LM],(g1.g.G-1.b2)[KL],(d2.b.b1.B-1.d3)[KL],(c2.a.a1.A-1)[KL],(b1.g.g1.G-1.d3.d2)[KL],(a1.#f.#f1.#F-1)[KL],(c2.a.a1.A-1.d3.d2)[KL],(d1.d2.d)[KL],(#f1.c1.c2.c.d3.d2)[KL],(g1.b.b1.B-1.d3.d2)[JK],(c2.d1.a.a1.A-1.d2)[JK],(b1.d1.g.g1.G-1.d2)[JKMN],(a1.d1.f.f1.F-1.d2)[INO],(#g1.e.b.E-1.d2)[JO],a1[JN],b1[JN],b1[JO],d2[JN],d2[KO],d2[K],f2[JKNO],e2[KO],(e1.a.e.A-1.c2)[KMO],(#g.#G-1.b1)[KMO],(e1.#g.#G-1.c2.b1)[KMO],(e1.#g.#G-1.b1)[KMO],(#g1.b.B-1.d2)[KMO],(a1.a.A-1.c2)[KMO],(a1.a.A-1.c2)[KMO],(a1.a.A-1.c2)[KMO],(a1.c1.e1.c.e2)[KMO],(#g1.b.B-1.d2)[KMO],(#g1.b.B-1.d2)[KMO],(#g1.b.B-1.d2)[KMO],(#g1.d1.d.f2)[KMO],(a1.#c1.e1.#c.e2)[KMO],(a1.#c1.e1.#c.e2)[KMO],(a1.#c1.e1.#c.e2)[KMO],(#a1.#c1.e1.#c.#c2.g2)[JLN],d2[KMO],e2[KMO],e2[JLN],g1[KMO],a1[KMO],#a1[JLN],#a1[JLN],#a1[JKLMNO],a1[KMO],(a1.d1.g1.f2)[KMO],(#c1.e2)[KMO],(a1.#c1.f1.e2)[KMO],(a1.#c1.e2)[KMO],(#c2.e1.g2)[KMO],(d2.d1.f2)[KMO],(d2.d1.f2)[KMO],(d2.d1.f2)[KMO],(d2.f1.a2)[KMN],(#c2.e1.g2)[KMN],(#c2.e1.g2)[KMN],(#c2.e1.g2)[KMN],(#c2.g1.#a2)[KL],(d2.f1.a1.a2)[KMNO],(d2.f1.a1.a2)[KLM],(d2.f1.a1.a2)[KLM],(#d2.f1.a1.F-1.c3)[HJL],a1[IKM],g1[JLN],a1[JLN],(f1.f.F-1.g1.f2)[KLM],f1[KLM],(a1.a.A-1.a2)[JKL],(c2.c1.c.c3)[IJK],c2[IKM],c2[KLM],c2[JKL],#a1[KLM],c2[KLM],(a1.a.A-1.a2)[JKL],(c2.c1.c.c3)[JKL],(#d2.#d1.#d.c2.#d3)[JKL],c2[KLM],c2[KLM],f2[JKL],#d2[KLM],#d2[KLM],#d2[IKM],d2[KLM],(d1.#A-1.#a.#A-2.c2.f1)[MNO],(d1.#a.f1)[MNO],(d1.#a.f1)[MNO],(d1.#a.f1)[MNO],(d1.#a.f1)[MNO],(d1.#a.f1)[MNO],(d1.#a.f1)[MNO],(d1.#a.f1)[MNO],(d1.#a.#a1.f1)[MNO],(d1.#a.f1)[MNO],(d1.#a.f1)[MNO],(d1.#a.f1)[MNO],(d1.#a.f1)[MNO],(d1.#a.f1)[MNO],(d1.A-1.#a.A-2.f1)[MNO],(d1.#a.f1)[MNO],(d1.#A-1.#a.#A-2.f1)[MNO],(d1.#a.f1)[MNO],(d1.#a.f1)[MNO],(d1.#a.f1)[MNO],(d1.#a.f1)[MNO],(d1.#a.f1)[MNO],(d1.c.#a.C-1.f1)[MNO],(d1.#a.f1)[MNO],(d1.d.#a.D-1.f1)[MNO],(d1.#a.f1)[MNO],(d1.#a.f1)[MNO],(d1.#a.f1)[MNO],(d1.#a.f1)[MNO],(d1.#a.f1)[MNO],(d1.c.#a.C-1.f1)[MNO],(d1.#a.f1)[MNO],(d1.B-1.#a.#a1.f2.B-2.f1.#a2)[MNO],(d1.#a.f1)[MNO],(d1.#a.f1)[MNO],(d1.#a.f1)[MNO],(d1.#a.f1)[MNO],(d1.#a.f1)[MNO],(d1.#a.f1)[MNO],(d1.#a.f1)[MNO],(d1.#a.f2.f1)[MNO],(d1.#a.f1)[MNO],(d1.#a.f1)[MNO],(d1.#a.f1)[MNO],(d1.#a.f1)[MNO],(d1.#a.f1)[MNO],(d1.#a.f2.f1)[MNO],(d1.#a.f1)[MNO],(d1.#a.f2.f1)[MNO],(d1.#a.f1)[MNO],(d1.#a.f1)[MNO],(d1.#a.f1)[MNO],(d1.#a.f1)[MNO],(d1.#a.f1)[MNO],(d1.#a.f1)[MNO],(d1.#a.f1)[MNO],(d1.#a.f1)[MNO],(d1.#a.f1)[MNO],(d1.#a.f1)[MNO],(d1.#a.f1)[MNO],(d1.#a.#a1.f1)[MNO],(d1.#a.f1)[MNO],(d1.#a.f1)[MNO],(d1.#a.f1)[MNO],(#d1.c.c1.a1.C-1.f1.a.a2)[MNO],(#d1.c1.f1.a)[MNO],(#d1.c1.f1.a)[MNO],(#d1.c1.f1.a)[MNO],(#d1.c1.f1.a)[MNO],(#d1.c1.f1.a)[MNO],(#d1.c1.f1.a)[MNO],(#d1.c1.f1.a)[MNO],(#d1.c1.f1.a)[MNO],(#d1.c1.f1.a)[MNO],(#d1.c1.f1.a)[MNO],(#d1.c1.f1.a)[MNO],(#d1.c1.f1.a)[MNO],(#d1.c1.f1.a)[MNO],(#d1.B-1.c1.B-2.f1.a)[MNO],(#d1.c1.f1.a)[MNO],(#d1.c.c1.C-1.f1.a)[MNO],(#d1.c1.f1.a)[MNO],(#d1.c1.f1.a)[MNO],(#d1.c1.f1.a)[MNO],(#d1.c1.f1.a)[MNO],(#d1.c1.f1.a)[MNO],(#d1.d.c1.D-1.f1.a)[MNO],(#d1.c1.f1.a)[MNO],(#d1.#d.c1.#D-1.f1.a)[MNO],(#d1.c1.f1.a)[MNO],(#d1.c1.f1.a)[MNO],(#d1.c1.f1.a)[MNO],(#d1.c1.f1.a)[MNO],(#d1.c1.f1.a)[MNO],(#d1.d.c1.D-1.f1.a)[MNO],(#d1.c1.f1.a)[MNO],(#d1.c.c1.a1.f2.C-1.f1.a.a2)[MNO],(#d1.c1.f1.a)[MNO],(#d1.c1.f1.a)[MNO],(#d1.c1.f1.a)[MNO],(#d1.c1.f1.a)[MNO],(#d1.c1.f1.a)[MNO],(#d1.c1.f1.a)[MNO],(#d1.c1.f1.a)[MNO],(#d1.c1.f1.a)[MNO],(#d1.c1.f1.a)[MNO],(#d1.c1.f1.a)[MNO],(#d1.c1.f1.a)[MNO],(#d1.c1.f1.a)[MNO],(#d1.c1.f1.a)[MNO],(#d1.c1.f1.a)[MNO],(#d1.c1.f1.a)[MNO],(#d1.c1.f2.f1.a)[MNO],(#d1.c1.f1.a)[MNO],(#d1.c1.f1.a)[MNO],(#d1.c1.f1.a)[MNO],(#d1.c1.f1.a)[MNO],(#d1.c1.f1.a)[MNO],(#d1.c1.f1.a)[MNO],(#d1.c1.f1.a)[MNO],(#d1.c1.f1.a)[MNO],(#d1.c1.f1.a)[MNO],(#d1.c1.f1.a)[MNO],(#d1.c1.f1.a)[MNO],(#d1.c1.a1.f1.a)[MNO],(#d1.c1.f1.a)[MNO],(#d1.c1.f1.a)[MNO],(#d1.c1.f1.a)[MNO],(d1.d.#a.#a1.D-1.f1.#a2)[MNO],(d1.#a.f1)[MNO],(d1.#a.f1)[MNO],(d1.#a.f1)[MNO],(d1.#a.f1)[MNO],(d1.#a.f1)[MNO],(d1.#a.f1)[MNO],(d1.#a.f1)[MNO],(d1.#a.f1)[MNO],(d1.#a.f1)[MNO],(d1.#a.f1)[MNO],(d1.#a.f1)[MNO],(d1.#a.f1)[MNO],(d1.#a.f1)[MNO],(d1.#c.#a.#C-1.f1)[MNO],(d1.#a.f1)[MNO],(d1.d.#a.D-1.f1)[MNO],(d1.#a.f1)[MNO],(d1.#a.f1)[MNO],(d1.#a.f1)[MNO],(d1.#a.f1)[MNO],(d1.#a.f1)[MNO],(d1.#d.#a.#D-1.f1)[MNO],(d1.#a.f1)[MNO],(d1.f.#a.F-1.f1)[MNO],(d1.#a.f1)[MNO],(d1.#a.f1)[MNO],(d1.#a.f1)[MNO],(d1.#a.f1)[MNO],(d1.#a.f1)[MNO],(d1.#d.#a.#D-1.f1)[MNO],(d1.#a.f1)[MNO],(d1.d.#a.d2.#a1.D-1.f1.f2)[MNO],(d1.#a.f1)[MNO],(d1.#a.f1)[MNO],(d1.#a.f1)[MNO],(d1.#a.f1)[MNO],(d1.#a.f1)[MNO],(d1.#a.f1)[MNO],(d1.#a.f1)[MNO],(d1.#a.#a1.f1)[MNO],(d1.#a.f1)[MNO],(d1.#a.f1)[MNO],(d1.#a.f1)[MNO],(d1.#a.f1)[MNO],(d1.#a.f1)[MNO],(d1.#a.f1)[MNO],(d1.#a.f1)[MNO],(d1.#a.#a1.f1)[MNO],(d1.#a.f1)[MNO],(d1.#a.f1)[MNO],(d1.#a.f1)[MNO],(d1.#a.f1)[MNO],(d1.#a.f1)[MNO],(d1.#a.f1)[MNO],(d1.#a.f1)[MNO],(d1.#a.f1)[MNO],(d1.#a.f1)[MNO],(d1.#a.f1)[MNO],(d1.#a.f1)[MNO],(d1.#a.#a1.f1)[MNO],(d1.#a.f1)[MNO],(d1.#a.f1)[MNO],(d1.#a.f1)[MNO],(f1.d1.f.d2.b1.F-1.b.#g1.#g2)[MNO],(f1.d1.#g1.b)[MNO],(f1.d1.#g1.b)[MNO],(f1.d1.#g1.b)[MNO],(f1.d1.#g1.b)[MNO],(f1.d1.#g1.b)[MNO],(f1.d1.#g1.b)[MNO],(f1.d1.#g1.b)[MNO],(f1.d1.b1.#g1.b)[MNO],(f1.d1.#g1.b)[MNO],(f1.d1.#g1.b)[MNO],(f1.d1.#g1.b)[MNO],(f1.d1.#g1.b)[MNO],(f1.d1.#g1.b)[MNO],(f1.d1.e.E-1.#g1.b)[MNO],(f1.d1.#g1.b)[MNO],(f1.d1.f.F-1.b1.#g1.b)[MNO],(f1.d1.#g1.b)[MNO],(f1.d1.#g1.b)[MNO],(f1.d1.#g1.b)[MNO],(f1.d1.#g1.b)[MNO],(f1.d1.#g1.b)[MNO],(f1.d1.g.G-1.#g1.b)[MNO],(f1.d1.#g1.b)[MNO],(f1.d1.#g.#G-1.b1.#g1.b)[MNO],(f1.d1.#g1.b)[MNO],(f1.d1.#g1.b)[MNO],(f1.d1.#g1.b)[MNO],(f1.d1.#g1.b)[MNO],(f1.d1.#g1.b)[MNO],(f1.d1.g.G-1.c2.#g1.b)[MNO],(f1.d1.#g1.b)[MNO],(f1.f.d1.F-1.#d2.#g1.b)[MNO],(f1.d1.#g1.b)[MNO],(f1.d1.#g1.b)[MNO],(f1.d1.#g1.b)[MNO],(f1.d1.d2.#g1.b)[MNO],(f1.d1.#g1.b)[MNO],(f1.g.d1.G-1.#g1.b)[MNO],(f1.d1.#g1.b)[MNO],(f1.#g.d1.f2.d2.#G-1.#g1.b)[MNO],(f1.d1.#g1.b)[MNO],(f1.d1.#g1.b)[MNO],(f1.d1.#g1.b)[MNO],(f1.d1.#g1.b)[MNO],(f1.d1.#g1.b)[MNO],(f1.g.d1.G-1.#g1.b)[MNO],(f1.d1.#g1.b)[MNO],(f1.f.d1.F-1.#g1.b)[MNO],(f1.d1.#g1.b)[MNO],(f1.d1.#g1.b)[MNO],(f1.d1.#g1.b)[MNO],(f1.d1.#g1.b)[MNO],(f1.d1.#g1.b)[MNO],(f1.#d.d1.#D-1.#g1.b)[MNO],(f1.d1.#g1.b)[MNO],(f1.d.d1.f2.d2.D-1.#g1.b)[MNO],(f1.d1.#g1.b)[MNO],(f1.d1.#g1.b)[MNO],(f1.d1.#g1.b)[MNO],(f1.d1.#g1.b)[MNO],(f1.d1.#g1.b)[MNO],(f1.c.d1.C-1.#g1.b)[MNO],(f1.d1.#g1.b)[MNO],(f1.B-1.d1.f2.d2.B-2.b.g1.g2)[MNO],(f1.d1.g1.b)[MNO],(f1.d1.g1.b)[MNO],(f1.d1.g1.b)[MNO],(f1.d1.g1.b)[MNO],(f1.d1.g1.b)[MNO],(f1.d1.g1.b)[MNO],(f1.d1.g1.b)[MNO],(f1.d1.g1.b)[MNO],(f1.d1.g1.b)[MNO],(f1.d1.g1.b)[MNO],(f1.d1.g1.b)[MNO],(f1.d1.g1.b)[MNO],(f1.d1.g1.b)[MNO],(f1.d1.g1.b)[MNO],(f1.d1.g1.b)[MNO],(f1.d1.g2.g1.b)[MNO],(f1.d1.g1.b)[MNO],(f1.d1.g1.b)[MNO],(f1.d1.g1.b)[MNO],(f1.d1.g1.b)[MNO],(f1.d1.g1.b)[MNO],(f1.d1.g1.b)[MNO],(f1.d1.g1.b)[MNO],(f1.d1.g1.b)[MNO],(f1.d1.g1.b)[MNO],(f1.d1.g1.b)[MNO],(f1.d1.g1.b)[MNO],(f1.d1.d2.g1.b)[MNO],(f1.d1.g1.b)[MNO],(f1.d1.g1.b)[MNO],(f1.d1.g1.b)[MNO],(#d1.c.c1.#d2.c2.C-1.f2.g1.g2)[MNO],(#d1.c1.g1)[MNO],(#d1.c1.g1)[MNO],(#d1.c1.g1)[MNO],(#d1.c1.#d2.g1)[MNO],(#d1.c1.g1)[MNO],(#d1.c1.g1)[MNO],(#d1.c1.g1)[MNO],(#d1.c1.g1)[MNO],(#d1.c1.g1)[MNO],(#d1.c1.g1)[MNO],(#d1.c1.g1)[MNO],(#d1.c1.g1)[MNO],(#d1.c1.g1)[MNO],(#d1.B-1.c1.B-2.g1)[MNO],(#d1.c1.g1)[MNO],(#d1.c.c1.C-1.g1)[MNO],(#d1.c1.g1)[MNO],(#d1.c1.g1)[MNO],(#d1.c1.g1)[MNO],(#d1.c1.g1)[MNO],(#d1.c1.g1)[MNO],(#d1.d.c1.D-1.g1)[MNO],(#d1.c1.g1)[MNO],(#d1.#d.c1.#D-1.g1)[MNO],(#d1.c1.g1)[MNO],(#d1.c1.g1)[MNO],(#d1.c1.g1)[MNO],(#d1.c1.c2.g1)[MNO],(#d1.c1.g1)[MNO],(#d1.d.c1.D-1.g1)[MNO],(#d1.c1.g1)[MNO],(#d1.c.c1.C-1.c2.g1.c3)[MNO],(#d1.c1.g1)[MNO],(#d1.c1.g1)[MNO],(#d1.c1.g1)[MNO],(#d1.c1.g1)[MNO],(#d1.c1.g1)[MNO],(#d1.d.c1.D-1.g1)[MNO],(#d1.c1.g1)[MNO],(#d1.#d.c1.#D-1.g1)[MNO],(#d1.c1.g1)[MNO],(#d1.c1.g1)[MNO],(#d1.c1.g1)[MNO],(#d1.c1.c2.g1)[MNO],(#d1.c1.g1)[MNO],(#d1.d.c1.D-1.g1)[MNO],(#d1.c1.g1)[MNO],(#d1.c.c1.C-1.c2.g1.#d3)[MNO],(#d1.c1.g1)[MNO],(#d1.c1.g1)[MNO],(#d1.c1.g1)[MNO],(#d1.c1.g1)[MNO],(#d1.c1.g1)[MNO],(#d1.#A-1.c1.#A-2.g1)[MNO],(#d1.c1.g1)[MNO],(#d1.A-1.c1.A-2.g1)[MNO],(#d1.c1.g1)[MNO],(#d1.c1.g1)[MNO],(#d1.c1.g1)[MNO],(#d1.c1.#d2.g1)[MNO],(#d1.c1.g1)[MNO],(#d1.G-1.c1.G-2.g1)[MNO],(#d1.c1.g1)[MNO],(d1.#F-1.c1.d2.a1.#F-2.#f.#d2.d3)[KLM],d2[KLM],(c2.d1.#f.#f1.a1.#F-1.a2.c3)[JKO],a2[KMO],a2[IL],c2[KL],#d2[IJKLMN],d2[JLN],(g.g1.g2.#a1.G-1.d1.#a.c2.#a2)[LMO],g[LMO],(g.#a1)[LMO],g[LMO],g[LMO],g[LMN],g[LMO],g[LMO],#a[LMO],#a[LMO],#a[LMO],#a[LMO],d1[LMN],d1[LM],d1[LMN],d1[LMO],(g1.g2.#a1.d1.#a.#a2)[LMO],g1[LMO],g1[LMO],g1[LMO],(g1.g.g2.#a1.G-1.d1.#a.#a2)[LMO],(g1.#a1)[LMN],(g1.#a1)[LMO],(g1.#a1)[LMO],(#a1.d.d1.g2.D-1.#a.d2.#a2)[LMN],(#a1.d2)[LMN],(#a1.d2)[LMN],(#a1.d2)[LMN],(d2.#A-1.#a.g2.#a1.#A-2.d1.#a2)[LMNO],(d2.g2)[LMNO],(d2.g2)[KO],(d2.g2)[KO],(d2.d1.G-1.g.g2.#a1.G-2.#a.#a2)[JN],g1[JO],g1[JN],a1[JO],c2[JN],#a1[JN],#a1[JO],c2[JN],#d2[JO],d2[IM],d2[JO],g2[JN],g2[JO],g2[JN],e2[JN],(g1.e.#a.E-1.d2.#c2)[JO],#c2[INO],#c2[JN],(g1.#c.a.#C-1.e2)[JMO],e2[JMO],#c2[JLN],a1[JKL],(d1.d.d2.D-1)[LMN],d1[LMO],(#c1.#c.#C-1.d2)[LMO],#c1[LMO],(d1.d.D-1)[LMO],d1[LMO],(e1.e.E-1)[LMO],e1[LMN],(f1.f.F-1)[KLN],(d2.d1.d3)[JKM],(d2.d1.d3)[KLN],(e1.e.d2.d1.E-1.d)[LMN],e1[LMO],(#d1.#d.#D-1)[LMO],#d1[LMO],(e1.e.E-1)[LMO],e1[LMO],(#f1.#f.#F-1)[LMO],#f1[LMN],(g1.g.G-1)[KLN],(d2.d1.d3)[JKM],(d2.d1.d3)[KLN],(#f1.#f.d2.d1.#F-1.d)[LMN],#f1[LMO],(e1.e.E-1)[LMO],e1[LMO],(#f1.#f.#F-1)[LMO],#f1[LMO],(g1.g.G-1)[LMO],g1[LMN],(a1.a.A-1)[KLN],(d2.d1.d3)[JKM],(d2.d1.d3)[KLN],(d2.d1.g.g1.G-1.#a2.#a1)[KLNO],(d2.d1.d3)[JKM],(d2.d1.d3)[KLNO],(d2.d1.#f.#f1.#F-1.a2.a1)[KLN],(d2.d1.d3)[JKM],(d2.d1.d3)[KLN],(#g1.#a.f.f1.d2.F-1.d1.#g2.d3)[JLN],#a1[JLN],#d2[JKL],d2[JKL],(#g1.#a.d.d1.D-1.f2)[JKL],d2[JKL],g2[IKM],f2[IKM],(f1.#A-1.d1.#A-2.#g1.#a)[JKL],f2[JKL],f2[JKL],g2[JKL],#g2[JKL],g2[KLM],f2[KLM],#d2[KLM],d2[KLM],c2[KLM],#a1[KLM],(#d1.#d.#a1.#D-1.#g1.g1)[JLMNO],(g1.#d1.#a1)[JLMNO],(g1.#d1.#a1)[JLMN],(g1.#d1.#a1)[JLMNO],(g1.#d1.#d2.#a1)[JLMNO],(g1.#d1.g2.#a1)[JLMN],(g1.#d1.f2.#a1)[JLMNO],(g1.#d1.#d2.#a1)[JLMNO],(#g1.b.f1.d2.#a1)[JLMN],(#g1.#a1)[JLMNO],(#g1.f2.#a1)[JLMNO],(#g1.#a1)[JLMN],(#g1.#g2.#a1)[JLMNO],(#g1.g1.#a1)[JLMNO],(#g1.f1.#a1)[JLMN],(#g1.#d1.#a1)[JLMNO],(#g1.#A-1.d1.#a1.#A-2)[JLMNO],(#g1.d1.#d1.#a1)[JLMN],(#g1.d1.f1.#a1)[JLMNO],(#g1.d1.#d1.#a1)[JLMNO],(#g1.d1.f2.#a1)[JLMN],(#g1.d1.#g2.c1.#a1)[JLMNO],(#g1.d1.g2.#a.#a1)[JLMNO],(#g1.d1.f2.#g.#a1)[JLMN],(g1.#d.#d1.#d2.#D-1.g.#a1)[JLMNO],(g1.#d1.#a1)[JLMNO],(g1.#d1.g2.#a1)[JLMN],(g1.#d1.#a1)[JLMNO],(g1.#d1.#a2.#a1)[JLMNO],(g1.#d1.#a1)[JLMN],(f1.#c.#c1.#C-1.#a1)[JLMNO],(f1.#c1.#a1)[JLMNO],(e1.c.c1.C-1.#a1.g1)[JLMN],g1[KL],g1[KMNO],g1[JLMNO],g1[KMNO],#g1[KMNO],#a1[IMN],#a1[KL],#c2[IMN],c2[KMNO],(c1.f.#g.F-1.#a1.c2)[JLMNO],(c1.#g.#g1)[JLMN],(c1.#g)[JLMNO],(c1.#g)[JLMNO],(c1.#g.f1.f2)[JLMN],(c1.#g.#g1.#g2)[JLMNO],(c1.#g.g1.g2)[JLMNO],(c1.#g.f1.f2)[JLMN],(c1.g.#a.G-1.e1.e2)[JLMNO],(c1.#a)[JLMNO],(c1.#a.g1.g2)[JLMN],(c1.#a)[JLMNO],(c1.#a.#a1.#a2)[JLMNO],(c1.#g.#a.#G-1)[JLMN],(c1.g.#a.G-1)[JLMNO],(c1.f.#a.F-1.#g)[JLMNO],(c1.e.#a.E-1.g.c2)[JLMN],(c1.#a)[JLMNO],(c1.#a)[JLMNO];"],"id":1,"instruments":["piano","piano"],"alternatives":["",""]},{"bpm":418.5,"baseBeats":0.75,"scores":["mute[JLMN],mute[JLMNO],mute[JLMNO],mute[JLMN],mute[JLMNO],mute[JLMNO],mute[KMNO],mute[KMNO],mute[JLMNO],mute[JLMNO],mute[KMNO],mute[JLMNO],mute[KMNO],mute[IMN],mute[KMNO],mute[JLMNO],mute[JLMNO],mute[JLMN],mute[JLMNO],mute[JLMNO],mute[JLMN],mute[JLMNO],mute[JLMNO],mute[JLMN],mute[JLMNO],mute[JLMNO],mute[JLMN],mute[JLMNO],mute[JLMNO],mute[JLMN],mute[JLMNO],mute[JLMNO],mute[JLMN],mute[JKM],mute[JKN],mute[JKL],mute[JKL],mute[IKM],mute[KLM],mute[JKL],mute[JKL],mute[IKM],mute[KLM],mute[IJK],mute[JKL],mute[JKL],mute[HJKLO],mute[IO],mute[I],mute[IO],mute[HO],mute[HHHKMO],mute[IJLMO],mute[JMO],mute[IMN],mute[IMN],mute[IMN],mute[IMN],mute[JNO],mute[JNO],mute[JNO],mute[JNO],mute[HLM],mute[HIKN],mute[IMN],mute[IMN],mute[IMN],mute[IMN],mute[IMN],mute[ILM],mute[IKM],mute[JMN],mute[JMNO],mute[JMN],mute[JMN],mute[HKLO],mute[JMN],mute[JMN],mute[JMN],mute[JMN],mute[IJLN],mute[JN],mute[HLM],mute[JM],mute[JN],mute[JM],mute[JN],mute[IJLN],mute[JN],mute[HLM],mute[JM],mute[JN],mute[JM],mute[JN],mute[JM],mute[JN],mute[JM],mute[JN],mute[JM],mute[JN],mute[JM],mute[JN],mute[JMO],mute[JMO],mute[JMN],mute[JLN],mute[JMN],mute[JMN],mute[JMN],mute[JMN],mute[JMNO],mute[JMN],mute[JMN],mute[JMN],mute[JMNO],mute[JMN],mute[JMN],mute[JMN],mute[HKLO],mute[HKLO],mute[IJKN],mute[JMN],mute[IMN],mute[IMN],mute[IMN],mute[IMN],mute[JNO],mute[JNO],mute[JNO],mute[JNO],mute[IMN],mute[IMN],mute[HIKN],mute[IMN],mute[IMN],mute[IMN],mute[IMN],mute[IMN],mute[ILO],mute[IK],mute[ILO],mute[ILO],mute[HKNO],mute[IJLMO],mute[JMO],mute[IMN],mute[IMN],mute[IMN],mute[IMN],mute[JN],mute[JM],mute[JN],mute[JM],mute[IMN],mute[IMN],mute[IMN],mute[IMN],mute[IMN],mute[IMN],mute[JN],mute[JM],mute[JN],mute[JM],mute[IMN],mute[IMN],mute[IMN],mute[IMN],mute[IMN],mute[IMN],mute[JN],mute[JM],mute[JN],mute[JM],mute[JN],mute[JM],mute[JN],mute[JM],mute[IMN],mute[IMN],mute[IMN],mute[IMN],mute[IMN],mute[IMN],mute[IMN],mute[IMN],mute[JN],mute[JM],mute[JN],mute[JM],mute[JN],mute[JM],mute[JN],mute[JM],mute[IMN],mute[IMN],mute[IMN],mute[JN],mute[JM],mute[JN],mute[JM],mute[JN],mute[JM],mute[IMN],mute[IMN],mute[JN],mute[JM],mute[JN],mute[JM],mute[JN],mute[JM],mute[JN],mute[JM],mute[IMN],mute[IMN],mute[IMN],mute[JN],mute[JM],mute[JN],mute[JM],mute[JN],mute[JM],mute[JN],mute[JM],mute[IMN],mute[IMN],mute[IMN],mute[IMN],mute[IMN],mute[JN],mute[JM],mute[JN],mute[JM],mute[JN],mute[JM],mute[JN],mute[JM],mute[JN],mute[JM],mute[JN],mute[JM],mute[IMN],mute[IMN],mute[IMN],mute[IMN],mute[IMN],mute[IMN],mute[IMN],mute[JN],mute[JM],mute[IMN],mute[IMN],mute[ILM],mute[IKM],mute[IKM],mute[IMN],mute[IMN],mute[IMN],mute[ILO],mute[IK],mute[IMN],mute[JNO],mute[JNO],mute[JNO],mute[JNO],mute[JNO],mute[JNO],mute[JNO],mute[JNO],mute[JNO],mute[JNO],mute[IMN],mute[IMN],mute[IMN],mute[IMN],mute[ILNO],mute[IKM],mute[IJLMO],mute[JMO],mute[IJLMO],mute[JMO],mute[IJLMO],mute[JMO],mute[JNO],mute[JNO],mute[JNO],mute[JNO],mute[JNO],mute[JNO],mute[JNO],mute[JNO],mute[JNO],mute[JNO],mute[JNO],mute[JNO],mute[JNO],mute[JNO],mute[JNO],mute[JNO],mute[JM],mute[JMO],mute[JMN],mute[JMN],mute[JLN],mute[JLN],mute[JLN],mute[IMN],mute[HHHHHIKNO],mute[IJKN],mute[JMN],mute[JNO],mute[JNO],mute[JNO],mute[JNO],mute[JNO],mute[JNO],mute[JNO],mute[JNO],mute[JNO],mute[JNO],mute[JNO],mute[JNO],mute[JNO],mute[JNO],mute[JNO],mute[JNO],mute[JNO],mute[JNO],mute[JNO],mute[JNO],mute[JNO],mute[JNO],mute[JNO],mute[JNO],mute[JNO],mute[JNO],mute[JNO],mute[JNO],mute[JNO],mute[JNO],mute[JNO],mute[JNO],mute[JNO],mute[JNO],mute[JNO],mute[JNO],mute[JNO],mute[JNO],mute[JNO],mute[JNO],mute[JNO],mute[JNO],mute[JNO],mute[JNO],mute[JNO],mute[JNO],mute[JNO],mute[JNO],mute[IMN],mute[IMN],mute[IMN],mute[IMN],mute[JNO],mute[JNO],mute[JNO],mute[JNO],mute[JNO],mute[JNO],mute[JNO],mute[JNO],mute[JNO],mute[JNO],mute[JNO],mute[JNO],mute[IMN],mute[IMN],mute[JNO],mute[JNO],mute[JNO],mute[JNO],mute[IMN],mute[IMN],mute[IMN],mute[IMN],mute[IMN],mute[IMN],mute[IMN],mute[IMN],mute[ILO],mute[IK],mute[IMN],mute[JNO],mute[JNO],mute[IMN],mute[JNO],mute[JNO],mute[IMN],mute[JNO],mute[JNO],mute[JNO],mute[JNO],mute[JNO],mute[JNO],mute[JNO],mute[JNO],mute[JNO],mute[JNO],mute[JNO],mute[JNO],mute[JNO],mute[JNO],mute[IMN],mute[JNO],mute[JNO],mute[IMN],mute[JNO],mute[JNO],mute[IMN],mute[JNO],mute[JNO],mute[JNO],mute[JNO],mute[IMN],mute[IMN],mute[IMN],mute[ILNO],mute[IKM],mute[ILO],mute[ILO],mute[ILO],mute[ILO],mute[ILO],mute[ILO],mute[JMO],mute[JM],mute[JMO],mute[JM],mute[JMO],mute[JM],mute[JMO],mute[JM],mute[JMN],mute[JMNO],mute[JLN],mute[JLN],mute[IMN],mute[IMN],mute[IMN],mute[IMN],mute[IMN],mute[IMN],mute[JNO],mute[JNO],mute[JNO],mute[JNO],mute[JNO],mute[JNO],mute[JNO],mute[JNO],mute[JNO],mute[JNO],mute[JNO],mute[JNO],mute[JNO],mute[JNO],mute[JNO],mute[JNO],mute[JNO],mute[JNO],mute[JNO],mute[JNO],mute[JNO],mute[JNO],mute[JNO],mute[JNO],mute[IMN],mute[IMN],mute[IMN],mute[IMN],mute[IMN],mute[IMN],mute[IMN],mute[IMN],mute[IMN],mute[IMN],mute[IMN],mute[JNO],mute[JNO],mute[IMN],mute[IMN],mute[IMN],mute[IMN],mute[JNO],mute[JNO],mute[JNO],mute[JNO],mute[JNO],mute[JNO],mute[JNO],mute[JNO],mute[JNO],mute[JNO],mute[JNO],mute[JNO],mute[JNO],mute[JNO],mute[JNO],mute[JNO],mute[JNO],mute[JNO],mute[JNO],mute[JNO],mute[JNO],mute[JNO],mute[JM],mute[JMO],mute[JMN],mute[JMN],mute[JLN],mute[JLN],mute[JMO],mute[JM],mute[JMO],mute[JM],mute[JMO],mute[JM],mute[JMO],mute[JM],mute[JMO],mute[JMO],mute[JM],mute[JM],mute[ILN],mute[IL],mute[ILN],mute[ILO],mute[ILO],mute[ILO],mute[ILO],mute[ILO],mute[ILO],mute[ILO],mute[ILO],mute[ILO],mute[ILO],mute[ILO],mute[ILO],mute[ILO],mute[ILO],mute[ILO],mute[ILO],mute[ILO],mute[ILO],mute[ILN],mute[IL],mute[ILN],mute[IL],mute[ILN],mute[ILO],mute[ILO],mute[ILO],mute[ILO],mute[ILO],mute[ILO],mute[ILO],mute[ILO],mute[ILO],mute[ILO],mute[ILO],mute[ILO],mute[JMO],mute[JM],mute[JMO],mute[JM],mute[JMO],mute[JM],mute[JMO],mute[JM],mute[JMO],mute[JM],mute[ILO],mute[ILN],mute[IL],mute[ILN],mute[IL],mute[ILN],mute[ILO],mute[ILO],mute[ILO],mute[ILO],mute[ILO],mute[ILO],mute[ILO],mute[ILO],mute[ILO],mute[ILO],mute[ILO],mute[ILO],mute[ILO],mute[ILO],mute[ILO],mute[ILO],mute[ILO],mute[ILO],mute[ILN],mute[IL],mute[ILN],mute[ILM],mute[IKM],mute[HIJMO],mute[ILM],mute[IKM],mute[IJLO],mute[IKM],mute[IKM],mute[IKM],mute[IKM],mute[IJNO],mute[IJNO],mute[HHHHHHHI],mute[LM],mute[LM],mute[LM],mute[LM],mute[LM],mute[LM],mute[LM],mute[LM],mute[LM],mute[LM],mute[LM],mute[LM],mute[LM],mute[LM],mute[LM],mute[LM],mute[LM],mute[LM],mute[LM],mute[LM],mute[LM],mute[LM],mute[LM],mute[LM],mute[LM],mute[LM],mute[LM],mute[LM],mute[LM],mute[LM],mute[LM],mute[LM],mute[LM],mute[LM],mute[LM],mute[LM],mute[LM],mute[LM],mute[LM],mute[LM],mute[LM],mute[LM],mute[LM],mute[LM],mute[LM],mute[LM],mute[LM],mute[LM],mute[LM],mute[LM],mute[K],mute[KLO],mute[KLO],mute[KLO],mute[KLO],mute[KL],mute[KLN],mute[KL],mute[KLO],mute[KLO],mute[KLO],mute[KLO],mute[KLO],mute[KLO],mute[KL],mute[KLN],mute[KL],mute[KLO],mute[KLO],mute[KLO],mute[KLO],mute[KLO],mute[KLO],mute[KL],mute[KLN],mute[KL],mute[KLO],mute[KLO],mute[KLO],mute[KLO],mute[KLO],mute[KLO],mute[KL],mute[KLN],mute[KL],mute[KLO],mute[KLO],mute[KLO],mute[KLO],mute[KLO],mute[KLO],mute[KL],mute[KLN],mute[KL],mute[KLO],mute[KLO],mute[KLO],mute[KLO],mute[KLO],mute[KLO],mute[KL],mute[KLN],mute[KL],mute[KLO],mute[KLO],mute[KLO],mute[KLO],mute[KLO],mute[KLO],mute[KL],mute[KLN],mute[KL],mute[KLO],mute[KLO],mute[KLO],mute[LM],mute[LM],mute[LM],mute[LM],mute[LM],mute[LM],mute[LM],mute[LM],mute[LM],mute[LM],mute[LM],mute[LM],mute[LM],mute[LM],mute[LM],mute[LM],mute[LM],mute[LM],mute[LM],mute[LM],mute[LM],mute[LM],mute[LM],mute[LM],mute[LM],mute[LM],mute[LM],mute[LM],mute[LM],mute[LM],mute[LM],mute[LM],mute[LM],mute[LM],mute[LM],mute[LM],mute[LM],mute[LM],mute[LM],mute[LM],mute[LM],mute[LM],mute[LM],mute[LM],mute[LM],mute[LM],mute[LM],mute[LM],mute[LM],mute[LM],mute[LM],mute[LM],mute[LM],mute[LM],mute[LM],mute[LM],mute[LM],mute[LM],mute[LM],mute[LM],mute[LM],mute[LM],mute[LM],mute[KMO],mute[K],mute[KO],mute[HHHIJKL],mute[IKM],mute[IKM],mute[HJL],mute[JLN],mute[JLN],mute[JLN],mute[JLN],mute[HJL],mute[IKM],mute[IKM],mute[IJKLMN],mute[JLN],mute[JLN],mute[JLN],mute[JLN],mute[JLN],mute[JLN],mute[JLN],mute[IKM],mute[JLN],mute[JLN],mute[JLN],mute[JLN],mute[JLN];","(c1.#a)[JLMN],(c1.#a.g1.g2)[JLMNO],(c1.#a.#a1.#a2)[JLMNO],(c1.#a.#g1.#g2)[JLMN],(c1.#a.g1.g2)[JLMNO],(c1.f.#g.F-1.f1.#g1.#g2)[JLMNO],f1[KMNO],g1[KMNO],#g1[JLMNO],f1[JLMNO],(#g1.d.f1.D-1.c2.b1)[KMNO],b1[JLMNO],b1[KMNO],d2[IMN],#d2[KMNO],(g1.#d.#d1.#D-1.g.d2)[JLMNO],(#d1.c2.g1)[JLMNO],(#d1.g1)[JLMN],(#d1.g1)[JLMNO],(#d1.c2.c1.g1)[JLMNO],(#d1.#d2.g1)[JLMN],(#d1.d2.d1.g1)[JLMNO],(#d1.c2.c1.g1)[JLMNO],(f1.d.b1.D-1.b.g1)[JLMN],(f1.g1)[JLMNO],(f1.d2.d1.g1)[JLMNO],(f1.g1)[JLMN],(f1.d1.f2.g1)[JLMNO],(f1.g1)[JLMNO],(f1.b.g1)[JLMN],(f1.b1.b.g1)[JLMNO],(g1.#d.c2.#D-1.c1)[JLMNO],g1[JLMN],(c1.g1.#d2.#d1)[JKM],g1[JKN],(#d1.c1.g2.g1)[JKL],c2[JKL],c2[IKM],d2[KLM],(a1.c1.#d1.c.f2.#f2)[JKL],#d2[JKL],(a1.c1.#d1.c.#f2)[IKM],(a1.c1.#d1.c.#f2)[KLM],(#a1.#c1.e1.#c.g2)[IJK],a1[JKL],g1[JKL],#f1[HJKLO],g1[IO],#d1[I],d1[IO],(c1.d.a.D-1.#f1)[HO],(#a.G-1.g.G-2.g1)[HHHKMO],g1[IJLMO],#g1[JMO],(#d.#D-1.#a1)[IMN],(g1.#a)[IMN],(#d1.g)[IMN],(g1.#a.#d2)[IMN],(f1.#A-1.#g.#A-2.d2)[JNO],c2[JNO],(d1.f.#a1)[JNO],#g1[JNO],(d1.B-1.f.B-2.#g1)[HLM],(#d1.c.#d.C-1.g1)[HIKN],(g1.g2)[IMN],(#G-1.#G-2.f1.f2)[IMN],(b.#g.f1.b1.#G-1)[IMN],(c1.c2)[IMN],(e1.g.#a.e2.g1.G-1.g2)[IMN],(f1.f.#g.f2.#g1.F-1.#g2)[ILM],(f1.#g.#g1.c2.#G-1.c1.c3)[IKM],(g.#a.g1.#d1.#d2.#A-1)[JMN],a[JMNO],#a[JMN],a[JMN],(#a.#A-1.f1.f.d2.#A-2.d1)[HKLO],#a[JMN],d1[JMN],f1[JMN],#g1[JMN],(f1.#A-1.#a.f2.#g1.#A-2.#g.f.#g2)[IJLN],(#d1.#d2.g1.g.#d.g2)[JN],(d1.d2.f1.f.d.f2)[HLM],(#a.d1)[JM],(d1.f1)[JN],(f1.#g1)[JM],(#g1.c2)[JN],(#g1.#A-1.#a.#g2.c2.#A-2.c1.#g.c3)[IJLN],(g1.g2.#a1.#a.g.#a2)[JN],(f1.f2.#g1.#g.f.#g2)[HLM],f1[JM],#g1[JN],d2[JM],f2[JN],(d1.#A-1.f1.#a.#g1.d2.#A-2.#g2)[JM],d[JN],f[JM],#g[JN],#a[JM],(d1.b)[JN],(#d1.#A-1.c1.#d2.#A-2)[JM],(f1.d1.f2)[JN],(g1.#d.#d1.#a1.#D-1.g2)[JMO],d2[JMO],(#d1.G-1.#d.g.G-2.#d2)[JMN],b1[JLN],(#d1.#G-1.#d.#g.c2.#G-2.#d2)[JMN],(b.b1.g1.g2)[JMN],(c1.c2.#g1.#g2)[JMN],(#g.#g1.f1.f2)[JMN],(g.#A-1.#d1.#d.g1.#A-2.#d2)[JMNO],g1[JMN],#a1[JMN],#a1[JMN],(#g.#A-1.f1.#a.f.d2.#A-2.d1.#a1)[JMNO],#g1[JMN],f1[JMN],d1[JMN],(#g.#d.f1.#a.d1.f2.#g1.#D-1)[HKLO],(g.#d1.#d2.g1)[HKLO],g1[IJKN],#g1[JMN],(#d.#D-1.#a1)[IMN],(#d1.#a.g1)[IMN],(#d1.#a.g1)[IMN],(#d1.#a.#d2.g1)[IMN],(#A-1.#A-2.d2)[JNO],c2[JNO],(f1.d1.#a1.#g1)[JNO],#g1[JNO],(B-1.B-2.#g1)[IMN],(f1.d1.#g1)[IMN],(#d1.c.C-1.g1)[HIKN],g1[IMN],(#G-1.#G-2.f1)[IMN],c1[IMN],(#g.#G-1.f1)[IMN],(#a.g.e1.G-1.g1)[IMN],(#g.f.f1.F-1.#g1)[ILO],(f1.#g.#G-1.c2)[IK],(#a.#A-1.#d1)[ILO],(g1.#a.#d1)[ILO],(f1.#A-1.#A-2.d1)[HKNO],#a1[IJLMO],#a1[JMO],(#g.d2.f1.#G-1.#a)[IMN],(#a1.f1.d2)[IMN],(#a1.f1.d2)[IMN],(#a1.f1.f2.d2)[IMN],(#a1.#g.f1.#G-1.#d2.d2)[JN],d2[JM],(#a1.f1.c2.d2)[JN],#a1[JM],(g.#d2.g1.G-1.f2)[IMN],(#a1.g1.#d2)[IMN],(#a1.g1.#d2)[IMN],(#a1.g1.#d2)[IMN],(g1.#a.d1.e2.#A-1.#c1)[IMN],e2[IMN],(#g1.#g.c1.f2.#G-1)[JN],(#a1.g2)[JM],(c2.c1.#g2)[JN],(#g1.f2)[JM],(#a.#A-1.#d2)[IMN],(g1.#a.#d2)[IMN],(#A-1.#A-2.g2)[IMN],(#g1.d1.f2)[IMN],(g1.#d.#d1.#D-1.#d2)[IMN],#a2[IMN],a2[JN],#a2[JM],c3[JN],#a2[JM],#a2[JN],#g2[JM],g2[JN],f2[JM],(g1.#d1.#a1.#d2)[IMN],(g1.#d1.#a1)[IMN],(g1.#d1.#a1)[IMN],(g1.#d1.#a1)[IMN],(g1.#d1.#a1)[IMN],(g1.#d1.#a1)[IMN],c2[IMN],(f1.d1.f2.#a1)[IMN],(f1.d1.e2.#a1)[JN],f2[JM],(f1.d1.g2.#a1)[JN],f2[JM],(f1.d1.#d2.#a1)[JN],d2[JM],(f1.d1.c2.#a1)[JN],#a1[JM],(a1.#d2)[IMN],(#d1.c1.a1)[IMN],(#d1.c1.a1)[IMN],(#d1.c1.f2.a1)[JN],g2[JM],(#d1.a.f2.c2)[JN],#d2[JM],(#d1.a.d2.c2)[JN],c2[JM],#d2[IMN],(d1.#a.d2.d3)[IMN],(d1.#a)[JN],(#d2.#d3)[JM],(d1.#a.e2.e3)[JN],(f2.f3)[JM],(d1.#a.#d2.#d3)[JN],(d2.d3)[JM],(d1.#a.d2.c2.c3)[JN],(#a1.#a2)[JM],(c2.a2)[IMN],(f1.#d1.a1)[IMN],(f1.#d1.a1)[IMN],(f1.#d1.f2.a1)[JN],#d2[JM],(f1.#d1.d2.a1)[JN],c2[JM],(f1.#d1.#a1.a1)[JN],a1[JM],c2[JN],#a1[JM],(f1.d1.#a1)[IMN],(f1.#a.#c1.#A-1.#a1)[IMN],(f1.#c1.#a1)[IMN],(f1.#g.#c1.#G-1.#a1)[IMN],(f1.#c1.#a1)[IMN],(#a.#f.#A-1.e1.e2.#a1.#F-1.#c2.e3)[JN],(a.a1)[JM],(#a.#a1)[JN],(c1.c2)[JM],(#c1.#c2)[JN],(c1.c2)[JM],(#d1.#d2)[JN],(#c1.#c2)[JM],(c1.#f.#F-1.c2)[JN],(#c1.#c2)[JM],(#a.#a1)[JN],(c1.c2)[JM],(f.#d2.a1.F-1.#d1.a.#d3)[IMN],(#d1.c1.a1)[IMN],(#f.#F-1)[IMN],(#d1.c1.a1)[IMN],(g.G-1.#a1)[IMN],(d1.#a.#a1)[IMN],(#d.#D-1.c2)[IMN],(g1.#d1.#d2.c2)[JN],g2[JM],(f.F-1.g2)[IMN],(f1.d1.f2.#a1)[IMN],(f.F-1)[ILM],(#d1.c1.a1)[IKM],(d1.#A-1.#a.#A-2.#a1)[IKM],(f2.d2.#a2)[IMN],(#d2.c2.#g2)[IMN],(d2.#a1.g2)[IMN],(c2.#g1.f2)[ILO],(#a1.g1.#d2)[IK],(#a.#g1.f1.#A-1.d2)[IMN],(#g1.f1.d2)[JNO],d2[JNO],(#a.#A-1.f2)[JNO],#d2[JNO],(g1.#d1.d2.#d2)[JNO],c2[JNO],(#a.#A-1.c2)[JNO],#a1[JNO],(#d1.c1.#a1.a1)[JNO],a1[JNO],(#a.#A-1.c2)[IMN],(d1.#a.#a1.#a2)[IMN],(#g1.#d1.b.#g2)[IMN],(#f1.#c1.#a.#f2)[IMN],(f1.b.#g.f2)[ILNO],(#d1.#a.#f.#d2)[IKM],(#g.#A-1.f1.#a.f.d1.#A-2.d2)[IJLMO],(#g1.#A-1.f1.#a.d2.#A-2.#g.f.d3)[JMO],(#f1.B-1.#d1.#d.#d2.B-2.#f.#d3)[IJLMO],(#f1.B-1.#d1.#d.#d2.B-2.#f.f2.#d3)[JMO],(#d1.B-1.#d.#d2.a1.B-2.a.#f2.a2)[IJLMO],(#d1.B-1.#d.#d2.a1.B-2.a.a2)[JMO],(d1.#A-1.#a.f.d2.#a1.#A-2.d.#a2)[JNO],(d1.f1.#a1)[JNO],(#a.#A-1)[JNO],(d1.f1.#a1)[JNO],(#g.#G-1)[JNO],(d1.f1.#a1)[JNO],(f.F-1)[JNO],(d1.#g1.#a1)[JNO],(#d1.#f.#a.#A-1.#f1.#d2.#F-1.#f2)[JNO],(#d1.#f1.#a1)[JNO],(#d.#D-1)[JNO],(#d1.#f1.a1)[JNO],(d1.#A-1.#a.f1.d2.#A-2.f.#a1.f2)[JNO],(f1.#a1.d2)[JNO],(#a.#A-1)[JNO],(f1.#a1.d2)[JNO],(#g.#G-1)[JM],(f1.#a1.d2)[JMO],(f.F-1)[JMN],(#g1.#a1.d2)[JMN],(#f1.#f.#a.#A-1.#f2.#d2.#F-1.#d.#d3)[JLN],(#f1.#a1.#d2)[JLN],(#d.#D-1)[JLN],(#f1.#a1.#d1.#d2)[IMN],(f1.#A-1.#a.#a1.f2.d2.#A-2.f.d.d3)[HHHHHIKNO],g1[IJKN],#g1[JMN],(g.#d.#D-1.#a1)[JNO],#a[JNO],#d1[JNO],g1[JNO],(g.#d.#D-1)[JNO],#a[JNO],(#d2.#d1)[JNO],g1[JNO],(#g.b.f.B-1.d2)[JNO],(c2.d1)[JNO],(#a1.f1)[JNO],#g1[JNO],(#g.b.f.B-1.#g1)[JNO],d1[JNO],f1[JNO],#g1[JNO],(g.c1.#d.c.g1)[JNO],#d1[JNO],g1[JNO],f1[JNO],#d1[JNO],d1[JNO],(g1.#d1)[JNO],c1[JNO],(c1.#g.#G-1.f1)[JNO],#g[JNO],c1[JNO],f1[JNO],(c1.#g.#G-1)[JNO],#g[JNO],(g1.c1)[JNO],f1[JNO],(f1.#g.#G-1.#g1)[JNO],c1[JNO],(c2.f1)[JNO],#g1[JNO],(#d1.#a.g.#A-1)[JNO],#a[JNO],#d1[JNO],g1[JNO],(d1.#A-1.f.#A-2)[JNO],#a[JNO],d1[JNO],f1[JNO],#a1[JNO],d2[JNO],f2[JNO],(#a1.#d2)[JNO],(f1.#g.#a.#A-1.#a1.d2.#G-1)[IMN],(f1.#a1.d2)[IMN],(#g.#G-1)[IMN],(f1.#a1.f2.d2)[IMN],(#g.#G-1.#d2)[JNO],d2[JNO],(f1.#a1.c2.d2)[JNO],#a1[JNO],(g1.g.#d2.G-1.f2)[JNO],#d1[JNO],g1[JNO],#a1[JNO],#d2[JNO],g2[JNO],#a2[JNO],g2[JNO],(#a1.g.d1.e2.g1.G-1.#a.#c1)[IMN],e2[IMN],(#g1.#g.c1.f2.#G-1)[JNO],(#a1.g2)[JNO],(c2.c1.#g2)[JNO],(#g1.f2)[JNO],(#a.#A-1.#d2)[IMN],(g1.#a.#d2)[IMN],(#A-1.#A-2.g2)[IMN],(#g1.d1.f2)[IMN],(g1.#d.#d1.#D-1.#d2)[IMN],(#d2.#a1.g1)[IMN],(#c2.#g1.f1)[IMN],(c2.g1.#d1)[IMN],(#a1.f1.#c1)[ILO],(#g1.#d1.c1)[IK],(#a.g1.#c1)[IMN],(#c1.g1)[JNO],g1[JNO],(c1.#g1)[IMN],(#d1.#g1)[JNO],#g1[JNO],(g.#a1)[IMN],(#d1.#a1)[JNO],#a1[JNO],(#d1.#g.#c2.c2)[JNO],c2[JNO],(g1.#d.#a1)[JNO],#d2[JNO],(#g1.#d2.f1)[JNO],#c2[JNO],(g1.#c2.#d1)[JNO],c2[JNO],(f1.c2.#c1)[JNO],#a1[JNO],(#d1.#a1.c1)[JNO],#g1[JNO],(#a.g1.#c1)[IMN],(#c1.#a1.g1)[JNO],#g1[JNO],(c1.#g1)[IMN],(#d1.c2.#g1)[JNO],#a1[JNO],(g.#a1)[IMN],(#d1.#d2.#a1)[JNO],#c2[JNO],(#g.b1)[JNO],c2[JNO],(#d1.c1.c2.c3)[IMN],(f1.#c1.#a1.#a2)[IMN],(#d1.c1.#g1.#g2)[IMN],(#c1.#a.g1.g2)[ILNO],(c1.#g.#g1.f1.#G-1.f2)[IKM],(#c1.g.#a.#a1.e1.G-1.e2)[ILO],(#c1.#a.e1)[ILO],(#c1.#a.e1)[ILO],(#c1.#a.e1)[ILO],(#c1.g.#a.G-1.e2.e1)[ILO],(#c1.#a.e1)[ILO],(#g.#g1.#G-1.g2.f2)[JMO],f1[JM],(c1.#g.#g1)[JMO],(f2.c2)[JM],(c1.#g.f2)[JMO],#g2[JM],(c1.#g.c3)[JMO],#a2[JM],(c1.#g.#g2)[JMN],g2[JMNO],(c1.#g.f2)[JLN],(f2.#d2)[JLN],(#g.f.F-1.#d2.d2)[IMN],(#g.#a.d2.d1)[IMN],(f.F-1)[IMN],(#g.#a.d2.d1)[IMN],(f.F-1.d2)[IMN],(#g.#a.d2.d1)[IMN],(g.G-1.f2)[JNO],#d1[JNO],(#d1.#a.g1)[JNO],#a1[JNO],(#d1.g.#d2.#a.g2)[JNO],f2[JNO],(#d1.#d.g2)[JNO],b1[JNO],(#g.#g1.f1.#G-1.c1.c2.f2)[JNO],#g1[JNO],(c1.g1)[JNO],(#g1.f1)[JNO],(#a.g1.#d1.#A-1)[JNO],g1[JNO],(g.#a.#d1)[JNO],#a[JNO],(g.#d1.#d2.g1.#d.g2)[JNO],#a[JNO],(g.#a1.#d1)[JNO],#a[JNO],(#a.f1.d2.#g1.#A-1.#g.f.#a1.f2)[JNO],(#g1.d1)[JNO],(#g.d1.g1.#a)[JNO],(f1.#g)[JNO],(g.#d.#d1.#d2.g1.#D-1)[IMN],#d1[IMN],#d1[IMN],(#d1.#f1)[IMN],(#d1.#f1)[IMN],(#d1.#f1)[IMN],(#d1.b.#d2.#f1)[IMN],(#d1.b.#f1)[IMN],(#d1.b.#f1)[IMN],(#d1.b.#f1)[IMN],(e1.#a.#c1.e2.#f1)[IMN],(e1.#a.#c1.#f1)[JNO],#c2[JNO],(#d1.b.#d2.#f1)[IMN],(#d1.b.#f1)[IMN],(#d1.b.#f1)[IMN],(#d1.b.#f2.#f1)[IMN],(e1.#a.#c1.#f2.#f1)[JNO],e2[JNO],(e1.#a.#c1.#d2.#f1)[JNO],#c2[JNO],(#d1.b.#f1.#d2.B-1.#f.e2.#d3)[JNO],f1[JNO],(#f1.#f.#d2)[JNO],(f1.f)[JNO],(#f1.#f)[JNO],(f1.f)[JNO],(#f1.#f)[JNO],(f1.f)[JNO],(#f1.#a.#f.e2.#A-1.e1.e3)[JNO],(f1.f)[JNO],(#f1.#f)[JNO],(f1.f.#c2.#c1.#c3)[JNO],(#f1.c1.#f.#d2.c.#d1.#d3)[JNO],(f1.f)[JNO],(#f1.#f)[JNO],(f1.f)[JNO],(#f1.c.#d1.#d.#f.C-1)[JNO],(f1.f)[JNO],(#f1.#f.#d2.#d1.#d3)[JM],(f1.f)[JMO],(#f1.#A-1.#d1.#d.#f.#d2.#A-2.#d3)[JMN],(f1.f)[JMN],(#f1.#f.#d2.#d1.#d3)[JLN],(f1.f)[JLN],(#f1.A-1.#d1.#d.#f2.#d2.A-2.c1.a.#f3)[JMO],(c1.#d1.#f1.a)[JM],(c1.A-1.#d1.A-2.#f1.a)[JMO],(c1.#d1.#f1.a)[JM],(c1.A-1.#d1.A-2.#f1.a)[JMO],(c1.#d1.#f1.a)[JM],(c1.A-1.#d1.A-2.#f1.a)[JMO],(c1.#d1.#f1.a)[JM],(c1.A-1.#d1.A-2.f2.#f1.a)[JMO],(c1.#d1.#f1.a)[JMO],(c1.A-1.#d1.A-2.#d2.#f1.a)[JM],(c1.#d1.#f1.a)[JM],(#A-1.#A-2.#a1)[ILN],(f1.#a.#d1)[IL],(f1.#a.#d1)[ILN],(f1.#a.#d1)[ILO],(#A-1.#A-2.#a1)[ILO],(#g.f1.d1)[ILO],(#d1.g.#d.#D-1)[ILO],#d1[ILO],g1[ILO],#a1[ILO],#d2[ILO],g2[ILO],(#d1.#a.G-1.g.G-2.#d2)[ILO],#a2[ILO],g2[ILO],#d2[ILO],#a1[ILO],g1[ILO],(f1.c1.#G-1.#g.#G-2.g1)[ILO],f1[ILO],(#g1.f1)[ILO],c2[ILN],f2[IL],#g2[ILN],(d1.#g.#A-1.f.#A-2.#a1)[IL],#g2[ILN],f2[ILO],d2[ILO],#g1[ILO],(f1.#a1)[ILO],(#d1.g.#d.#D-1.#g1)[ILO],(#a.g1)[ILO],#d1[ILO],g1[ILO],#a1[ILO],#d2[ILO],(#d.#d1.g1.#D-1.g2)[ILO],(#d1.#a)[ILO],(g1.#d1)[JMO],#d2[JM],(#a1.g1)[JMO],g1[JM],(#d2.#d1.#a1)[JMO],#a1[JM],(g2.g1.#d2)[JMO],#d1[JM],(#G-1.f1.d1)[JMO],c1[JM],(f1.#g.c1)[ILO],(#g1.c1.f1)[ILN],(c2.f1.#g1)[IL],(f2.#g1.c2)[ILN],(#g2.c2.f2)[IL],(#A-1.#a)[ILN],(f1.#g.d1)[ILO],(#g1.d1.f1)[ILO],(d2.f1.#g1)[ILO],(f2.#g1.d2)[ILO],(#g2.d2.#a.f2)[ILO],(#d.g1.#d1)[ILO],(g2.#a1.#d2)[ILO],(#d2.g1.#a1)[ILO],(#a1.#d1.g1)[ILO],(g1.#a.#d1)[ILO],(#d1.g.#a)[ILO],(#A-1.d2.#g1.#a1)[ILO],(d1.f.#g)[ILO],(f1.#g.d1)[ILO],(#g1.d1.f1)[ILO],(d2.f1.#g1)[ILO],(f2.#g1.#a1.d2)[ILO],(#d.#d2.g1.#g1)[ILO],(g2.#a1.g1.#d2)[ILN],(#d2.g1.#a1)[IL],(#a1.#d1.g1)[ILN],(g1.#a.#d1)[ILM],(#d1.g.#a)[IKM],(#g.#A-1.f1.#a.f.d2.#g1.#a1.#g2)[HIJMO],b1[ILM],c2[IKM],d1[IJLO],(g.#d.#d1.#d2.g1.g2)[IKM],#a[IKM],(g.#a.#D-1.#d2.g1.#d1.g2)[IKM],#a[IKM],(g.#a.#D-1.#d2.g1.#d1.g2)[IJNO],#a[IJNO],(g.#a.#D-1.#d2.g1.#d.#d1)[HHHHHHHI],(b.g.d1.G-1.g1)[LMN],(b.d1.g1)[LMN],(b.g.d1.G-1.g1)[LMN],(b.d1.g1)[LMN],(b.g.d1.G-1.g1)[LMN],(b.d1.g1)[LMN],(b.g.d1.G-1.g1)[LMN],(b.d1.g1)[LMN],(b.g.d1.G-1.g1)[LMN],(b.d1.g1)[LMO],(b.g.d1.G-1.g1)[LMN],(b.d1.g1)[LMO],(b.g.d1.G-1.#a1.g1)[LMO],(b.d1.g1)[LMO],(b.g.d1.G-1.#a1.g1)[LMO],(b.d1.g1)[LMO],(g1.g.d1.G-1.b1)[LM],(g1.d1.b1)[LMO],(g1.g.d1.G-1.b1)[LM],(g1.d1.b1)[LMO],(g1.g.d1.G-1.b1)[LM],(g1.d1.b1)[LM],(g1.g.d1.G-1.b1)[LMO],(g1.d1.b1)[LMO],(b1.g.g1.G-1.d2)[LM],(b1.g1.d2)[LM],(b1.g.g1.G-1.d2)[LMO],(b1.g1.d2)[LM],(b1.g.g1.G-1.d2)[LMO],(b1.g1.d2)[LM],(b1.g.g1.G-1.d2)[LM],(b1.g1.d2)[LMO],(b1.g.g1.d2.G-1.d1.b.g2.d3)[LMO],(d2.f1.b2)[LM],(d2.g.f1.G-1.b2)[LM],(d2.f1.b2)[LMO],(d2.g.f1.G-1.b2)[LM],(d2.f1.b2)[LMO],(d2.g.f1.G-1.b2)[LM],(d2.f1.b2)[LM],(d2.g.f1.G-1.b2)[LMO],(d2.f1.b2)[LMO],(d2.g.f1.G-1.b2)[LM],(d2.f1.b2)[LM],(d2.g.f1.G-1.g2.b2)[LMO],(d2.f1.b2)[LM],(d2.g.f1.G-1.b2)[LMO],(d2.f1.b2)[LM],(#d2.g1.c.g.c2.#d1.C-1.c1.c3.#d3)[KLO],g1[KLO],(c2.#d1.g.c.g1.C-1.c1.c3.#d2)[KLO],g1[KLO],g1[KL],g1[KLN],(#d1.g1.c2)[KL],(g1.c2)[KLO],(d1.g1.b1)[KLO],g1[KLO],(#d1.g1.c2)[KLO],g1[KLO],(d1.g1.b1)[KLO],g1[KL],(#d1.g1.c2)[KLN],g1[KL],(c1.g1.#d2)[KLO],g1[KLO],(b.g1.d2)[KLO],g1[KLO],g1[KLO],g1[KLO],(b.g1.d2)[KL],(g1.d2)[KLN],(a.g1.#c2)[KL],g1[KLO],(b.g1.d2)[KLO],g1[KLO],(a.g1.#c2)[KLO],g1[KLO],(b.g1.d2)[KLO],g1[KL],(d1.g1.f2)[KLN],g1[KL],(c1.g1.#d2)[KLO],g1[KLO],g1[KLO],g1[KLO],(g1.#d.#D-1.c2)[KLO],(g1.c2)[KLO],(f.F-1.d2)[KL],(c2.#g1.d2)[KLN],(c2.#g1.d2)[KL],(c2.#g1.d2)[KLO],(g.G-1.e2)[KLO],(c2.#a1.e2)[KLO],(c2.#a1.e2)[KLO],(c2.#a1.e2)[KLO],(#g.#G-1.g2)[KLO],(c2.f1.f2)[KL],(c2.f1.f2)[KLN],(c2.f1.f2)[KL],(#g.#G-1)[KLO],(c2.f1.f2)[KLO],(c2.f1.f2)[KLO],(c2.f1.f2)[KLO],(#g.#f2.c2.#G-1.c1.#f1.c3)[KLO],(c2.c1.#f2)[KLO],(c2.c1.#f2)[KL],(c2.c1.#f2)[KLN],(#g.#G-1.#f2)[KL],(c2.c1.#f2)[KLO],(c2.c1.#f2)[KLO],(c2.c1.#f2)[KLO],(b1.G-1.g1.g.d1.g2.G-2.b2)[LMO],(g1.d1)[LM],(g1.g.d1.G-1)[LM],(g1.d1)[LMO],(g1.b.#f.d1.#F-1.#f1)[LM],(g1.b.d1)[LMO],(g1.b.g.d1.G-1)[LM],(g1.b.d1)[LM],(g1.b.#f.d1.#F-1.#f1)[LMO],(g1.b.d1)[LMO],(g1.b.g.d1.G-1)[LM],(g1.b.d1)[LM],(g1.b.d.g.d1.D-1.b2.d2)[LMO],(g1.b.d1)[LM],(g1.b.B-1.d1.B-2.g2)[LMO],(g1.b.g.d1)[LM],(g1.c1.G-1.g.#d1.#d2.c2.G-2.g2.c3)[LM],(g1.c1.#d1)[LMO],(g1.c1.g.#d1.G-1)[LMO],(g1.c1.#d1)[LM],(g1.c1.#f.#d1.#F-1.#f1)[LM],(g1.c1.#d1)[LMO],(g1.c1.g.#d1.G-1.g2)[LM],(g1.c1.#d1)[LMO],(g1.c1.#f.#d1.#F-1.#f1.#d2)[LM],(g1.c1.#d1)[LM],(g1.c1.g.#d1.G-1)[LMO],(g1.c1.#d1)[LMO],(g1.c1.#d.g.#d1.#D-1.c3.#d2)[LM],(g1.c1.#d1)[LM],(g1.c1.c.#d1.C-1.c2)[LMO],(g1.c1.g.#d1)[LM],(g1.b.G-1.g.d1.d2.b1.G-2.g2.b2)[LMO],(g1.b.d1)[LM],(g1.b.g.d1.G-1)[LM],(g1.b.d1)[LMO],(g1.b.#f.d1.#F-1.#f1)[LMO],(g1.b.d1)[LM],(g1.b.g.d1.G-1)[LM],(g1.b.d1)[LMO],(g1.b.#f.d1.#F-1.#f1)[LM],(g1.b.d1)[LMO],(g1.b.g.d1.G-1)[LM],(g1.b.d1)[LM],(g1.b.d.g.d1.D-1.b2.d2)[LMO],(g1.b.d1)[LMO],(g1.b.B-1.d1.B-2.g2)[LM],(g1.b.g.d1)[LM],(g1.c1.G-1.g.#d1.#d2.c2.G-2.g2.c3)[LMO],(g1.c1.#d1)[LM],(g1.c1.g.#d1.G-1)[LMO],(g1.c1.#d1)[LM],(g1.c1.#f.#d1.#F-1.#f1)[LM],(g1.c1.#d1)[LMO],(g1.c1.g.#d1.G-1.g2)[LMO],(g1.c1.#d1)[LM],(g1.c1.#f.#d1.#F-1.#f1.#d2)[LMO],(g1.c1.#d1)[LMO],(g1.c1.g.#d1.G-1)[LMO],(g1.c1.#d1)[LMO],(g1.c1.#d.g.#d1.#D-1.c2.c3.#d2)[LMN],(g1.c1.#d1)[LMN],(g1.c1.c.#d1.C-1)[K],(g1.c1.g.#d1)[KO],(g1.b.G-1.g.d1.d2.b1.G-2.b2)[HHHIJKL],g1[IKM],g1[IKM],(#a.#d.#D-1.g1)[HJL],(d1.#g.#G-1.f1)[JLN],g1[JLN],#g1[JLN],f1[JLN],(#d1.g.G-1.#a1)[HJL],g1[IKM],g1[IKM],(#d1.#d.#a.#D-1.g1)[IJKLMN],g1[JLN],(d1.#g.#G-1.f1)[JLN],g1[JLN],#g1[JLN],f1[JLN],(#d1.g.G-1.c2.#a1)[JLN],#a1[JLN],#a1[IKM],#a1[JLN],c2[JLN],d2[JLN],#d2[JLN],#d2[JLN];"],"id":2,"instruments":["piano","piano"],"alternatives":["",""]},{"bpm":418.5,"baseBeats":0.75,"scores":["mute[JLN],mute[JLN],mute[JLN],mute[JLNO],mute[JLM],mute[JLMO],mute[JLM],mute[IJNO],mute[IJN],mute[IKMNO],mute[IKLNO],mute[HJL],mute[JLN],mute[JLN],mute[JLN],mute[JLN],mute[HJL],mute[JLN],mute[JLN],mute[JLN],mute[JLN],mute[JLN],mute[JLN],mute[JLN],mute[JLN],mute[JLN],mute[JLN],mute[JLN],mute[JLN],mute[IKM],mute[IKM],mute[JLN],mute[JLN],mute[JLN],mute[JLN],mute[JLN],mute[JLN],mute[JLN],mute[JLN],mute[IKL],mute[JLMN],mute[JKM],mute[LM],mute[LM],mute[LM],mute[LM],mute[LM],mute[LM],mute[LM],mute[LM],mute[LM],mute[LM],mute[LM],mute[LM],mute[LM],mute[LM],mute[LM],mute[LM],mute[LM],mute[LM],mute[LM],mute[LM],mute[LM],mute[LM],mute[LM],mute[LM],mute[LM],mute[LM],mute[LM],mute[LM],mute[LM],mute[LM],mute[LM],mute[LM],mute[LM],mute[LM],mute[LM],mute[LM],mute[LM],mute[LM],mute[LM],mute[LM],mute[LM],mute[LM],mute[LM],mute[LM],mute[LM],mute[LM],mute[LM],mute[LM],mute[LM],mute[LM],mute[LM],mute[LM],mute[LM],mute[LM],mute[LM],mute[LM],mute[LM],mute[LM],mute[LM],mute[LM],mute[LM],mute[LM],mute[LM],mute[LM],mute[LM],mute[LM],mute[LM],mute[LM],mute[LM],mute[LM],mute[LM],mute[LM],mute[LM],mute[LM],mute[LM],mute[LM],mute[LM],mute[LM],mute[LM],mute[LM],mute[LM],mute[LM],mute[LM],mute[LM],mute[LM],mute[LM],mute[LM],mute[LM],mute[LM],mute[LM],mute[LM],mute[LM],mute[LM],mute[LM],mute[LM],mute[LM],mute[LM],mute[LM],mute[LM],mute[LM],mute[LM],mute[LM],mute[LM],mute[LM],mute[LM],mute[LM],mute[LM],mute[LM],mute[LM],mute[LM],mute[LM],mute[LM],mute[LM],mute[LM],mute[LM],mute[LM],mute[LM],mute[LM],mute[LM],mute[LM],mute[LM],mute[LM],mute[LM],mute[LM],mute[LM],mute[LM],mute[LM],mute[LM],mute[LM],mute[LM],mute[LM],mute[LM],mute[LM],mute[LM],mute[LM],mute[LM],mute[LM],mute[LM],mute[LM],mute[LM],mute[LM],mute[LM],mute[LM],mute[LM],mute[LM],mute[LM],mute[LM],mute[LM],mute[LM],mute[LM],mute[LM],mute[LM],mute[LM],mute[LM],mute[LM],mute[LM],mute[LM],mute[LM],mute[LM],mute[LM],mute[LM],mute[LM],mute[KNO],mute[KLO],mute[KL],mute[KL],mute[KLO],mute[KLO],mute[KL],mute[KL],mute[KLO],mute[KLO],mute[KL],mute[KLO],mute[KL],mute[KLO],mute[KL],mute[KLO],mute[KL],mute[KLO],mute[KL],mute[KLO],mute[KLO],mute[KL],mute[KL],mute[KLO],mute[KLO],mute[KL],mute[KL],mute[KLO],mute[KLO],mute[KL],mute[KLO],mute[KL],mute[KLO],mute[KL],mute[KLO],mute[KL],mute[KLO],mute[KL],mute[KLO],mute[KL],mute[KLO],mute[KL],mute[KLO],mute[KLO],mute[KL],mute[KL],mute[KLO],mute[KLO],mute[KL],mute[KLO],mute[KL],mute[KLO],mute[KL],mute[KLO],mute[KL],mute[LM],mute[LM],mute[LM],mute[LMO],mute[KLO],mute[KL],mute[KLO],mute[KL],mute[KLO],mute[KLO],mute[KL],mute[KL],mute[KLO],mute[KLO],mute[KL],mute[KL],mute[KLO],mute[KLO],mute[LM],mute[LM],mute[LM],mute[LMO],mute[KL],mute[KLO],mute[KL],mute[KLO],mute[KLO],mute[KLO],mute[KLN],mute[KLN],mute[KLN],mute[KLNO],mute[KLM],mute[KLM],mute[KLMN],mute[KLMNO],mute[JN],mute[JO],mute[HHIK],mute[JN],mute[JN],mute[JO],mute[JN],mute[JO],mute[JKNO],mute[HHHJM],mute[IKM],mute[IKM],mute[HJL],mute[JLN],mute[JLN],mute[JLN],mute[JLN],mute[HJL],mute[IKM],mute[IKM],mute[IJKLMN],mute[JLN],mute[JLN],mute[JLN],mute[JLN],mute[JLN],mute[JLN],mute[JLN],mute[IKM],mute[JLN],mute[JLN],mute[JLN],mute[JLN],mute[JLN],mute[JLN],mute[JLN],mute[JLN],mute[JLN],mute[JLN],mute[JLN],mute[JLN],mute[IKM],mute[IKM],mute[IKM],mute[IKM],mute[HJL],mute[JLN],mute[JLN],mute[JLN],mute[JLN],mute[HJL],mute[JLN],mute[JLN],mute[JLN],mute[JLN],mute[JLN],mute[JLN],mute[JLN],mute[JLN],mute[JLN],mute[JLN],mute[JLN],mute[JLN],mute[IKM],mute[IKM],mute[JLN],mute[JLN],mute[JLN],mute[JLN],mute[JLN],mute[JLN],mute[JLN],mute[JLN],mute[IKMN],mute[JLM],mute[JLMO],mute[KLN],mute[KLO],mute[KL],mute[KL],mute[KLO],mute[KL],mute[KL],mute[KLO],mute[KL],mute[KLO],mute[KL],mute[KL],mute[KL],mute[KLO],mute[KL],mute[KLO],mute[KL],mute[KL],mute[KL],mute[KLO],mute[KL],mute[KLO],mute[KL],mute[KL],mute[KLO],mute[KL],mute[KL],mute[KLO],mute[KL],mute[KL],mute[KLO],mute[KL],mute[KLO],mute[KL],mute[KL],mute[KL],mute[KLO],mute[KL],mute[KLO],mute[KL],mute[KL],mute[KL],mute[KLO],mute[KL],mute[KLO],mute[KL],mute[KL],mute[KLO],mute[JK],mute[KLO],mute[KL],mute[KL],mute[KLO],mute[KL],mute[KLO],mute[JK],mute[JKO],mute[JKO],mute[JK],mute[JKO],mute[KL],mute[KLO],mute[KL],mute[KL],mute[KLO],mute[KL],mute[JKO],mute[JK],mute[JKO],mute[JKO],mute[ILO],mute[KL],mute[KLO],mute[KL],mute[KL],mute[KL],mute[KLO],mute[KL],mute[KLO],mute[KL],mute[KLO],mute[KLO],mute[KLN],mute[KLNO],mute[KL],mute[KLO],mute[KL],mute[KL],mute[KL],mute[KLO],mute[KL],mute[KLO],mute[KL],mute[KL],mute[KL],mute[KLO],mute[KL],mute[KLO],mute[KL],mute[KL],mute[JKO],mute[KL],mute[KLO],mute[KL],mute[KL],mute[KLO],mute[KL],mute[KLO],mute[KL],mute[KL],mute[KL],mute[KLO],mute[KLO],mute[KLN],mute[KLNO],mute[KLO],mute[KL],mute[KL],mute[KL],mute[KLO],mute[KL],mute[KLO],mute[KL],mute[KL],mute[KLO],mute[KL],mute[KL],mute[KLO],mute[KL],mute[KL],mute[KLO],mute[LM],mute[LM],mute[LM],mute[LM],mute[LM],mute[LM],mute[LM],mute[LM],mute[LM],mute[LM],mute[LM],mute[LM],mute[LM],mute[LM],mute[LM],mute[LM],mute[LM],mute[LM],mute[LM],mute[LM],mute[LM],mute[LM],mute[LM],mute[LM],mute[LM],mute[LM],mute[LM],mute[LM],mute[LM],mute[LM],mute[LM],mute[LM],mute[LM],mute[LM],mute[LM],mute[LM],mute[LM],mute[LM],mute[LM],mute[LM],mute[LM],mute[LM],mute[LM],mute[LM],mute[LM],mute[LM],mute[LM],mute[LM],mute[LM],mute[LM],mute[LM],mute[LM],mute[LM],mute[LM],mute[LM],mute[LM],mute[LM],mute[LM],mute[LM],mute[LM],mute[LM],mute[LM],mute[LM],mute[KMNO],mute[KL],mute[KL],mute[KLO],mute[KL],mute[KLO],mute[KL],mute[KL],mute[KLO],mute[KL],mute[KL],mute[KLO],mute[KL],mute[KL],mute[KLO],mute[KL],mute[KLO],mute[KL],mute[KL],mute[KL],mute[KLO],mute[KL],mute[KLO],mute[KL],mute[KL],mute[KL],mute[KLO],mute[KL],mute[KLO],mute[KL],mute[KL],mute[KLO],mute[KL],mute[LM],mute[LM],mute[LM],mute[LM],mute[LM],mute[LM],mute[LM],mute[LM],mute[LM],mute[LM],mute[LM],mute[LM],mute[LM],mute[LM],mute[LM],mute[LM],mute[LM],mute[LM],mute[LM],mute[LM],mute[LM],mute[LM],mute[LM],mute[LM],mute[LM],mute[LM],mute[LM],mute[LM],mute[LM],mute[LM],mute[LM],mute[LM],mute[LM],mute[LM],mute[LM],mute[LM],mute[LM],mute[LM],mute[LM],mute[LM],mute[LM],mute[LM],mute[LM],mute[LM],mute[LM],mute[LM],mute[LM],mute[LM],mute[LM],mute[LM],mute[LM],mute[LM],mute[LM],mute[LM],mute[LM],mute[LM],mute[LM],mute[LM],mute[LM],mute[LM],mute[LM],mute[LM],mute[LM],mute[KMNO],mute[KL],mute[KLO],mute[KL],mute[KLO],mute[KL],mute[KL],mute[KL],mute[KLO],mute[KL],mute[KLO],mute[KL],mute[KL],mute[KLO],mute[KL],mute[KL],mute[KLO],mute[KL],mute[KL],mute[KLO],mute[KL],mute[KLO],mute[KL],mute[KL],mute[KL],mute[KLO],mute[KL],mute[KLO],mute[KL],mute[KLO],mute[KLO],mute[KLN],mute[KLM],mute[KLN],mute[KL],mute[KL],mute[KL],mute[KL],mute[KL],mute[KL],mute[KL],mute[KL],mute[KL],mute[KL],mute[KL],mute[KL],mute[KL],mute[KL],mute[KL],mute[KL],mute[KL],mute[KL],mute[KL],mute[KL],mute[KL],mute[KL],mute[KL],mute[KL],mute[KL],mute[KL],mute[KL],mute[KL],mute[KL],mute[KL],mute[KL],mute[KL],mute[KL],mute[KL],mute[KL],mute[KL],mute[KL],mute[KL],mute[KL],mute[KL],mute[KL],mute[KL],mute[KL],mute[KL],mute[KL],mute[KL],mute[KL],mute[LM],mute[LM],mute[LM],mute[LM],mute[LM],mute[LM],mute[LM],mute[LM],mute[LM],mute[LM],mute[LM],mute[LM],mute[LM],mute[LM],mute[LM],mute[LM],mute[LM],mute[LM],mute[LM],mute[LM],mute[LM],mute[LM],mute[LM],mute[LM],mute[LM],mute[LM],mute[LM],mute[LM],mute[LM],mute[LM],mute[LM],mute[LM],mute[LM],mute[LM],mute[LM],mute[LM],mute[LM],mute[LM],mute[LM],mute[LM],mute[LM],mute[LM],mute[LM],mute[LM],mute[LM],mute[LM],mute[LM],mute[LM],mute[LM],mute[LM],mute[LM],mute[LM],mute[LM],mute[LM],mute[LM],mute[LM],mute[LM],mute[LM],mute[LM],mute[LM],mute[LM],mute[LM],mute[LM],mute[LM],mute[LM],mute[LM],mute[LM],mute[LM],mute[LM],mute[LM],mute[LM],mute[LM],mute[LM],mute[LM],mute[LM],mute[LM],mute[LM],mute[LM],mute[LM],mute[LM],mute[LM],mute[LM],mute[LM],mute[LM],mute[LM],mute[LM],mute[LM],mute[LM],mute[LM],mute[LM],mute[LM],mute[LM],mute[LM],mute[LM],mute[LM],mute[LM],mute[HJKM],mute[LM],mute[IKMN],mute[LM],mute[IKLN],mute[LM],mute[HN],mute[KLN],mute[KLO],mute[KLN],mute[KLN],mute[KLN],mute[KLN],mute[KLO],mute[KLNO],mute[KLM],mute[JN],mute[JKLMO],mute[HHHHILM],mute[IJKLMN],mute[JLN],mute[IJKLMN],mute[JLN],mute[JLN],mute[JLN],mute[JLN],mute[JLN],mute[JLN],mute[JLN],mute[IKM],mute[JLN],mute[JLN],mute[JLN],mute[JLN],mute[JLN],mute[JLN],mute[JLN],mute[JLN],mute[JLN],mute[JLN],mute[JLN],mute[JLN],mute[IKM],mute[IKM],mute[IKM],mute[IKM],mute[IJKLMN],mute[JLN],mute[JLM],mute[JLN],mute[JLMO],mute[JKL],mute[HHHJM],mute[KLO],mute[KLN],mute[IL],mute[KL],mute[IL],mute[KL],mute[HIJK],mute[KL],mute[KL],mute[KL],mute[KL],mute[KL],mute[KL],mute[IL],mute[KL],mute[IL],mute[KL],mute[LM],mute[LM],mute[LM],mute[LM],mute[LM],mute[LM],mute[LM],mute[LM],mute[LM],mute[LM],mute[LM],mute[LM],mute[LM],mute[LM],mute[LM],mute[LM],mute[LM],mute[LM],mute[LM],mute[LM],mute[LM],mute[LM],mute[LM],mute[LM],mute[LM],mute[LM],mute[LM],mute[LM],mute[LM],mute[LM],mute[LM],mute[LM],mute[LM],mute[LM],mute[LM],mute[LM],mute[LM],mute[LM],mute[LM],mute[LM],mute[LM],mute[LM],mute[LM],mute[LM],mute[LM],mute[LM],mute[LM],mute[LM],mute[IJ],mute[IJ],mute[IJ],mute[JK],mute[JK],mute[IJ],mute[KL],mute[KL],mute[KL],mute[KL],mute[IJ],mute[JK],mute[JK],mute[IJ],mute[KL],mute[KL],mute[KL],mute[KL],mute[IKLNO],mute[LMO],mute[IJN],mute[KLM],mute[HHH],ST;","d2[JLN],(#d1.g.#a.G-1.c2.#a1)[JLN],#a1[JLN],(f1.d.#a.D-1.#a1.#g1)[JLNO],#g1[JLM],(#d1.#d.#a.#D-1.#g1.g1)[JLMO],g1[JLM],(#c1.#A-1.#a.#A-2.e1)[IJNO],(d1.f1)[IJN],(g1.#a.g2.#a1.#d1.#d)[IKMNO],(g1.#a.g2.#a1.#d1.#d)[IKLNO],(g1.#a.g2.#a1.#d1.#d)[HJL],(f1.#a.f2.d1.#g)[JLN],g2[JLN],#g2[JLN],f2[JLN],(g1.#a.#a2.#d1.g)[HJL],(g.G-1.#a1)[JLN],c2[JLN],(#d1.g.d2.#a1)[JLN],#d2[JLN],(#g.#G-1.#d2)[JLN],c2[JLN],(#d1.#g.c2)[JLN],#g1[JLN],(#a.#A-1.f1)[JLN],#a1[JLN],(f1.d.#a1.#g1)[JLN],#g1[JLN],(#d.#D-1.#g1)[IKM],(#d1.#d.g1)[IKM],(G-1.G-2.g2)[JLN],#d2[JLN],(#a1.g.#d2.g1)[JLN],#a1[JLN],(#G-1.#G-2.b1)[JLN],c2[JLN],(c2.#g.#G-1.#g1.#d2.f1)[JLN],f1[JLN],(#a1.#a.g.#A-1.#d1.#d2)[IKL],(#g1.#A-1.f.#A-2.g1.d2)[JLMN],f1[JKM],(#d1.#d.#D-1.#d2)[LM],#d1[LMO],#d1[LMO],#d1[LM],#d1[LM],#d1[LM],(d1.d.D-1.d2)[LMO],d1[LM],(#d1.#d.#D-1.#d2)[LM],#d1[LMO],#d1[LM],#d1[LM],#d1[LM],#d1[LM],(d1.d.D-1.d2)[LMO],d1[LM],(#d1.#d.#D-1.#d2)[LM],#d1[LMO],(f1.f.F-1.f2)[LM],f1[LM],(g1.g.G-1.g2)[LM],g1[LM],(#g1.#g.#G-1.#g2)[LMO],#g1[LM],(#a1.#a.#A-1.#a2)[LMO],#a1[LM],(c2.c1.c.c3)[LM],c2[LM],(#c2.#c1.#d1.#d.#c.#c3)[LM],#c2[LMO],(c2.c1.c.c3)[LM],(c2.#d1.#d)[LM],(#a1.#a.#d1.#d.#A-1.#a2)[LMO],#a1[LM],(#g1.#g.#G-1.#g2)[LM],#g1[LM],(g1.g.#d1.#d.G-1.g2)[LM],g1[LMO],(f1.f.F-1.f2)[LM],f1[LM],(#d1.#d.#D-1.#d2)[LMO],#d1[LM],(#c1.#c.#C-1.#c2)[LM],#c1[LM],(c1.c.#d1.#d.C-1.c2)[LMO],c1[LM],(#a.#A-1.#A-2.#a1)[LM],#a[LMO],(#g.#G-1.#d1.#d.#G-2.#g2.#g1)[LM],(#d1.c1)[LM],(#d1.c1)[LM],(#d1.c1)[LM],(#d1.c1.#g2.c2)[LMO],(#d1.c1)[LM],(#d1.c1)[LM],(#d1.c1)[LMO],(#d1.c1)[LM],(#d1.c1)[LM],(#d1.c1)[LM],(#d1.c1)[LM],(#d1.c1.#g2)[LMO],(#d1.c1)[LM],(#d1.c1.#d2)[LMO],(#d1.c1)[LM],(#d1.c1.#d2)[LM],(#d1.c1)[LM],(#d1.c1.c2)[LM],(#d1.c1)[LMO],(#d1.c1.c2)[LM],(#d1.c1)[LM],(#d1.c1.#g1)[LMO],(#d1.c1)[LM],(#d1.c1.#g1)[LM],(#d1.c1)[LM],(#d1.c1)[LM],(#d1.c1)[LMO],(#d1.c1)[LM],(#d1.c1)[LM],(#d1.c1.#g.#d.c2.#G-1.c3)[LMO],(#d1.c1)[LM],(#d1.#c1.#a.#d.#c2.#A-1.#c3)[LM],(#d1.#c1)[LM],(#d1.#c1)[LMO],(#d1.#c1)[LM],(#d1.#c1)[LM],(#d1.#c1)[LMO],(#d1.#c1.#g.c2.#G-1.c1.c3)[LM],(#d1.#c1)[LM],(#d1.#c1.#a.#d.#c2.#A-1.#c3)[LM],(#d1.#c1)[LM],(#d1.#c1)[LMO],(#d1.#c1)[LM],(#d1.#c1)[LM],(#d1.#c1)[LMO],(#d1.#c1.#g.c2.#G-1.c1.c3)[LM],(#d1.#c1)[LM],(#d1.#c1.#a.#d.#c2.#A-1.#c3)[LM],(#d1.#c1)[LM],(#d1.#c1.c1.#d2.c.#d3)[LMO],(#d1.#c1)[LM],(#d1.#c1.#d.f2.#c.f1.f3)[LM],(#d1.#c1)[LMO],(#d1.#c1.c1.#d2.c.#d3)[LM],(#d1.#c1.#d)[LM],(#d1.#c1.#a.#d.#c2.#A-1.#c3)[LM],(#d1.#c1)[LMO],(#d1.#c1.#g.c2.#G-1.c1.c3)[LM],(#d1.#c1)[LM],(#d1.#c1.g.#d.#a1.G-1.#a.#a2)[LMO],(#d1.#c1)[LM],(#d1.#c1.f.#g1.F-1.#g.#g2)[LM],(#d1.#c1)[LM],(#d1.#c1.#d.g1.#D-1.g.#a2.g2)[LM],(#d1.#c1)[LMO],(#d1.#c1)[LM],(#d1.#c1)[LM],(#d1.#c1.#a2.#c2)[LMO],(#d1.#c1)[LM],(#d1.#c1)[LM],(#d1.#c1)[LM],(#d1.#c1)[LM],(#d1.#c1)[LMO],(#d1.#c1)[LM],(#d1.#c1)[LMO],(#d1.#c1.g2)[LM],(#d1.#c1)[LM],(#d1.#c1.#d2)[LM],(#d1.#c1)[LM],(#d1.#c1.#d2)[LMO],(#d1.#c1)[LM],(#d1.#c1.#c2)[LM],(#d1.#c1)[LMO],(#d1.#c1.#c2)[LM],(#d1.#c1)[LM],(#d1.#c1.#a1)[LM],(#d1.#c1)[LM],(#d1.#c1.#a1)[LMO],(#d1.#c1)[LM],(#d1.#c1.g1)[LM],(#d1.#c1)[LMO],(#d1.#c1)[LM],(#d1.#c1)[LM],(#d1.#c1.g.#d.#a1.G-1.#a.#a2)[LM],(#d1.#c1)[LMO],(c1.#g.#d1.#d.c2.#G-1.#c1.c3)[LM],#d1[LM],#d1[LMO],#d1[LM],(#d1.c1)[LM],#d1[LM],(#d1.g.b1.G-1.b.b2)[LM],#d1[LMO],(#d1.#g.#d.c2.#G-1.c1.c3)[LM],#d1[LM],#d1[LMO],#d1[LM],#d1[LM],#d1[LM],(#d1.g.b1.G-1.b.b2)[LM],#d1[LMO],(#d1.#g.#d.c2.#G-1.c1.c3)[KLO],(c2.c1.c)[KL],(b1.b.B-1)[KL],(c2.c1.c)[KLO],(#a1.#a.#A-1)[KLO],(#g1.#g.#G-1)[KL],(g1.g.G-1.c2)[KL],(f1.f.F-1.c2)[KLO],(e1.e.E-1.c2)[KLO],(#a1.g1.e.c2)[KL],(#a1.g1.g.c2)[KLO],(#a1.g1.c1.c2)[KL],(e.E-1.c2)[KLO],(#a1.g1.e.c2)[KL],(#a1.g1.g.c2)[KLO],(#a1.g1.c1.c2)[KL],(f.f1.F-1.#a1)[KLO],(f1.#g2.c3.#g1)[KL],(g1.g2.#a2.#g1.#a1)[KLO],(#g1.f2.#g2.c2)[KLO],(#a1.e2.g2.#c2)[KL],(#g1.f2.#g2.c2)[KL],(g1.e2.#a2.#a1)[KLO],(f1.f2.#g2.#g1)[KLO],(d.D-1.#a1)[KL],(#g1.f1.d.#a1)[KL],(#g1.f1.f.#a1)[KLO],(#g1.f1.#a.#a1)[KLO],(d.D-1.#a1)[KL],(#g1.f1.d.#a1)[KLO],(#g1.f1.f.#a1)[KL],(#g1.f1.#a.#a1)[KLO],(#d.#d1.#D-1.#g1)[KL],(#d1.g2.#a2.g1)[KLO],(f1.f2.#g2.g1.#g1)[KL],(g1.#d2.g2.#a1)[KLO],(#g1.d2.f2.#a1)[KL],(g1.#d2.g2.#a1)[KLO],(f1.d2.#g2.#a1.#g1)[KL],(#d1.#d2.g2.#a1.g1)[KLO],(f.F-1.d2)[KL],(#g1.#a.d2)[KLO],(#g1.#a.d2)[KLO],(#g1.#a.d2)[KL],(#d.#D-1.#d2)[KL],(#g1.#a.d2)[KLO],(#g1.#a.d2)[KLO],(#g1.#a.#d2.d2)[KL],(#g1.d.#a.D-1.g2.f2)[KLO],(#a.#A-1.#a1.#g1.#g.#g2)[KL],(#g1.#a.#A-1.#a1.#g.f2.#g2)[KLO],(#a.#A-1.#a1.#g1.#g.#g2)[KL],(#a.#A-1.#a1.#g1.#g.#g2)[KLO],(#a.#A-1.#a1.#g1.#g.#g2)[KL],(#g1.#d.#a.#A-1.#a1.#D-1.#g.#d2.#g2)[LMO],(g1.g2)[LM],(f1.#a.#A-1.#a1.#g1.#g.#d2.f2.#g2)[LM],(#d1.#d2)[LM],(d1.f.#a.#A-1.#a1.#g1.F-1.#g.d2.#g2)[KLO],(#g1.#a.d2)[KL],(#g1.#a.d2)[KLO],(#g1.#a.d2)[KL],(#d.#D-1.#d2)[KLO],(#g1.#a.#d2)[KLO],(#g1.#a.#d2)[KL],(#g1.#a.#d2)[KL],(#g1.d.#a.D-1.g2.f2)[KLO],(#a.#A-1.#a1.#g1.#g.#g2)[KLO],(#g1.#a.#A-1.#a1.#g.f2.#g2)[KL],(#a.#A-1.#a1.#g1.#g.#g2)[KL],(#a.#A-1.#a1.#g1.#g.#g2)[KLO],(#a.#A-1.#a1.#g1.#g.#g2)[KLO],(#g1.#d.#a.#A-1.#a1.#D-1.#g.#d2.#g2)[LM],(g1.g2)[LM],(f1.#a.#A-1.#a1.#g1.#g.#d2.f2.#g2)[LM],(#d1.#d2)[LMO],(d1.f.F-1.d2)[KL],(#g1.#a.d2)[KLO],(#g1.#a.#A-1.d2.d1.#g.#g2)[KL],(#g1.#a.d2)[KLO],(#d.#D-1.#d2)[KLO],(#g1.c1.#d2)[KLO],(#g1.#a.#A-1.c1.#d2.#d1.#g.#g2)[KLN],(#g1.c1.#d2)[KLN],(d.D-1.f2)[KLN],(#g1.d1.f2)[KLNO],(#g1.#a.#A-1.d1.f2.d2.#g)[KLM],(#g1.d1.f2)[KLM],(c.C-1.g2)[KLMN],(#g1.#d1.g2)[KLMNO],(#g1.#a.#A-1.#d1.g2.#d2.c1)[JN],(#g1.#d1.g2)[JO],(#g1.#a.#A-1.f1.d.#g2.d2.#A-2.#a1.d1)[HHIK],g2[JN],f2[JN],#d2[JO],d2[JN],c2[JO],#a1[JKNO],#g1[HHHJM],(#a.#d.#D-1.g1)[IKM],(#a.#d.#D-1.g1)[IKM],(#a.#d.#D-1.g1)[HJL],(d1.#g.#G-1.f1)[JLN],g1[JLN],#g1[JLN],f1[JLN],(#d1.g.G-1.#a1)[HJL],g1[IKM],g1[IKM],(#d1.#d.#a.#D-1.g1)[IJKLMN],g1[JLN],(d1.#g.#G-1.f1)[JLN],g1[JLN],#g1[JLN],f1[JLN],(#d1.g.G-1.c2.#a1)[JLN],#a1[JLN],#a1[IKM],#a1[JLN],c2[JLN],d2[JLN],#d2[JLN],#d2[JLN],d2[JLN],(#d1.g.#a.G-1.c2.#a1)[JLN],#a1[JLN],(f1.d.#a.D-1.#a1.#g1)[JLN],#g1[JLN],(#d1.#d.#a.#D-1.#g1.g1)[JLN],g1[JLN],(#c1.#A-1.#a.#A-2.e1)[IKM],(d1.f1)[IKM],(g1.#a.g2.#a1.#d1.#d)[IKM],(g1.#a.g2.#a1.#d1.#d)[IKM],(g1.#a.g2.#a1.#d1.#d)[HJL],(f1.#a.f2.d1.#g)[JLN],g2[JLN],#g2[JLN],f2[JLN],(g1.#a.#a2.#d1.g)[HJL],(g.G-1.#a1)[JLN],c2[JLN],(#d1.g.d2.#a1)[JLN],#d2[JLN],(#g.#G-1.#d2)[JLN],c2[JLN],(#d1.#g.c2)[JLN],#g1[JLN],(#a.#A-1.f1)[JLN],#a1[JLN],(f1.d.#a1.#g1)[JLN],#g1[JLN],(#d.#D-1.#g1)[IKM],(#d1.#d.g1)[IKM],(G-1.G-2.g2)[JLN],#d2[JLN],(#a1.g.#d2.g1)[JLN],#a1[JLN],(#G-1.#G-2.b1)[JLN],c2[JLN],(c2.#g.#G-1.#g1.#d2.f1)[JLN],f1[JLN],(#a1.#a.g.#A-1.#d1.#d2)[IKMN],(#g1.#A-1.f.#A-2.g1.d2)[JLM],f1[JLMO],(g1.#d.#d1.#D-1.#d2)[KLN],#a[KLO],(#d1.g1.#a1)[KL],#a[KL],(#d1.#d)[KLO],(#a.g2)[KL],(#d1.f2)[KL],(#a.#d2)[KLO],(f1.#a.#A-1.#d2.#g1)[KL],(#a.d2)[KLO],(f1.c2)[KL],(#a.#a1)[KL],(d1.#g.f1.#a.#a1.#G-1.d2.f2)[KL],#a[KLO],d1[KL],(#a.#a1)[KLO],(#d1.g.g1.G-1.c2.#d2.g2)[KL],#a[KL],(#d1.#a1.g1.#a2)[KL],#a[KLO],(#d1.#d)[KL],(#a.g2.g3)[KLO],(#d1.f2.f3)[KL],(#a.#d2.#d3)[KL],(f1.#a.#A-1.#g1.#d2.#d3)[KLO],(#a.d2.d3)[KL],(f1.c2.#a1.c3)[KL],(#a.#a1.#a2)[KLO],(d1.#g.f1.#a.#a1.#G-1.d2.#a2)[KL],#a[KL],d1[KLO],(#a.#a1)[KL],(#d1.g.g1.G-1.c2.#d2)[KLO],#a[KL],(#d1.g1.#a1.#a2)[KL],#a[KL],(#d1.#d.g1)[KLO],(#a.g2.g3)[KL],(#d1.f2.g1.f3)[KLO],(#a.#d2.#d3)[KL],(f1.#a.#A-1.#g1.#d2.#d3)[KL],(#a.d2.d3)[KL],(f1.c2.#a1.#g1.c3)[KLO],(#a.#a1.#a2)[KL],(d1.#g.f1.#a.f.#A-1.#a1.#G-1.d2.#a2)[KLO],#a[KL],d1[KL],(#a.#a1)[KLO],(e1.g.#a.#d.#c2.#a1.G-1.#c1.#c3)[JK],(#c1.#A-1.c2.e1)[KLO],#a1[KL],(#c1.#A-1.#g1.e1)[KL],g1[KLO],(#c1.#A-1.f1.e1)[KL],e1[KLO],(#g.#G-1.f1)[JK],(c1.#g.#g1.f1)[JKO],(c1.#g.c2.f1)[JKO],(c1.#g.f1.c2.#G-1.f2)[JK],(#c1.#a.#c2.#A-1)[JKO],(#c1.#a.#d2.g1)[KL],#c2[KLO],(#c1.#a.c2.g1)[KL],#a1[KL],(#c1.#a.#g1.g1)[KLO],g1[KL],(c1.c.#g1)[JKO],(#d1.c1.c2.#g1)[JK],(#d1.c1.#d2.#g1)[JKO],(#d1.b.c1.#g2.#d2.B-1.#g1.#d3)[JKO],(d1.#a.d2.#A-1.d3)[ILO],g2[KL],#f2[KLO],f2[KL],e2[KL],(#d2.#d1)[KL],(d2.d1)[KLO],(#c2.#c1)[KL],(c2.c1)[KLO],(b1.b)[KL],(#a1.#a)[KLO],(#g1.#g)[KLO],(g1.g)[KLN],(f1.f)[KLNO],(g.#a1.G-1.#a)[KL],#d1[KLO],g1[KL],#a1[KL],(#g.#G-1.c2)[KL],c1[KLO],f1[KL],#g1[KLO],(#a.#A-1.g1)[KL],#a[KL],#d1[KL],(g1.#a1)[KLO],(#A-1.#a.#A-2.#g1)[KL],#g[KLO],d1[KL],f1[KL],(#d1.B-1.b.#g2.#d2.B-2.#g1.#g.#d3)[JKO],(d1.#A-1.#a.d2.#A-2.d3)[KL],g2[KLO],#f2[KL],f2[KL],e2[KLO],(#d2.#d1)[KL],(d2.d1)[KLO],(#c2.#c1)[KL],(c2.c1)[KL],(b1.b)[KL],(#a1.#a)[KLO],(#g1.#g)[KLO],(g1.g)[KLN],(f1.f)[KLNO],(g.#a1.G-1.#a)[KLO],#d1[KL],g1[KL],#a1[KL],(#g.#G-1.c2)[KLO],c1[KL],f1[KLO],#g1[KL],(#a.#A-1.g1)[KL],#a[KLO],#d1[KL],(g1.#a1)[KL],(#A-1.#a.#A-2.#g.#g1)[KLO],#g[KL],d1[KL],f1[KLO],(#d1.#d.#a1.g1.#D-1)[LM],(#a1.g1.#d1.#d2)[LM],(#a1.g1.#d1.#d2)[LM],(#a1.g1.#d1.#d2)[LMO],(#a1.g1.#c1.#d1.#d.#c2.#c.#d2)[LM],(#a1.g1.#d1.#d2)[LM],(#a1.g1.#d1.#d2)[LM],(#a1.g1.#d1.#d2)[LM],(#a1.g1.#d1.#d2)[LM],(#a1.g1.#d1.#d2)[LM],(#a1.g1.#d1.#d2)[LMO],(#a1.g1.#d1.#d2)[LM],(#a1.g1.#a.#A-1.#d1.#d2)[LM],(#a1.g1.#d1.#d2)[LM],(#a1.g1.#d1.#d2)[LM],(#a1.g1.#d1.#d2)[LMO],(#a1.g1.g.G-1.#d1.#d2)[LM],(#a1.g1.#d1.#d2)[LM],(#a1.g1.#d1.#d2)[LM],(#a1.g1.#d1.#d2)[LM],(#a1.g1.#d.#d1.#D-1.#d2)[LM],(#a1.g1.#d1.#d2)[LM],(#a1.g1.#d1.#d2)[LMO],(#a1.g1.#d1.#d2)[LM],(#a1.g1.#c.#c1.#C-1.#d2.#d1)[LM],(#a1.g1.#d1.#d2)[LM],(#a1.g1.#d1.#d2)[LMO],(#a1.g1.#d1.#d2)[LM],(#a1.g1.#d1.#d2)[LM],(#a1.g1.#d1.#d2)[LM],(#a1.g1.#d2.#d1)[LM],(#a1.g1.#d1.#d2)[LM],(c2.#g1.c.c1.C-1.f2.#d1.#d2)[LM],(c2.#g1.#d1.#d2)[LMO],(c2.#g1.#d1.#d2)[LM],(c2.#g1.#d1.#d2)[LM],(c2.#g1.#d1.#d.#d2)[LM],(c2.#g1.#d1.#d2)[LM],(c2.#g1.#d1.#d2)[LMO],(c2.#g1.#d1.#d2)[LM],(c2.#g1.#d1.#d2)[LM],(c2.#g1.#d1.#d2)[LM],(c2.#g1.#d1.#d2)[LM],(c2.#g1.#d1.#d2)[LM],(c2.#g1.c1.c.#d1.#d2)[LM],(c2.#g1.#d1.#d2)[LMO],(c2.#g1.#d1.#d2)[LM],(c2.#g1.#d1.#d2)[LM],(c2.#g1.#g.#G-1.#d1.#d2)[LM],(c2.#g1.#d1.#d2)[LMO],(c2.#g1.#d1.#d2)[LM],(c2.#g1.#d1.#d2)[LM],(c2.#g1.#d.#d1.#D-1.#d2)[LM],(c2.#g1.#d1.#d2)[LM],(c2.#g1.#d1.#d2)[LM],(c2.#g1.#d1.#d2)[LM],(c2.#g1.c.c1.#d2.C-1.#d1)[LMO],(c2.#g1.#d1.#d2)[LM],(c2.#g1.#d1.#d2)[LM],(c2.#g1.#d1.#d2)[LM],(c2.#g1.#d1.#d2)[LM],(c2.#g1.#d1.#d2)[LMO],(c2.#g1.#d2.#d1)[LM],(c2.#g1.#d1.#d2)[LM],(a1.B-1.b.B-2.#d1.f2.#d2)[KL],(#d2.#f2)[KL],(#d2.#f2.#f1)[KLO],(#d2.#f2)[KL],(#d2.#f2)[KLO],(#d2.#f2)[KL],(#d2.#d1.#f2)[KL],(#d2.#f2)[KLO],(#d2.c2.c1.#f2)[KL],(#d2.#f2)[KL],(#d2.#a1.#a.#f2)[KLO],(#d2.#f2)[KL],(#d2.a1.a.#f2)[KL],(#d2.#f2)[KLO],(#d2.a.a1.A-1.#f2)[KL],(#d2.#f2)[KLO],(#g.#g1.#G-1.d2)[KL],(d2.f2)[KL],(d2.f2)[KL],(d2.f2)[KLO],(g.G-1.#d2)[KL],(#a1.g1.#d2)[KLO],(#a1.g1.#d2)[KL],(#a1.g1.#d2)[KL],(#g.#G-1.f2)[KL],(c2.#g1.f2)[KLO],(c2.#g1.f2)[KL],(c2.#g1.f2)[KLO],(#a.#A-1.d2)[KL],(#g1.f1.d2)[KL],(#g1.f1.d2)[KLO],(#g1.f1.d2)[KL],(#a1.g1.#d.#d1.#D-1.#d2)[LM],(#a1.g1.#d1.#d2)[LM],(#a1.g1.#d1.#d2)[LMO],(#a1.g1.#d1.#d2)[LM],(#a1.g1.#c1.#d.#d1.#c2.#c.#d2)[LM],(#a1.g1.#d1.#d2)[LM],(#a1.g1.#d1.#d2)[LM],(#a1.g1.#d1.#d2)[LM],(#a1.g1.#d1.#d2)[LM],(#a1.g1.#d1.#d2)[LMO],(#a1.g1.#d1.#d2)[LM],(#a1.g1.#d1.#d2)[LM],(#a1.g1.#a.#A-1.#d1.#d2)[LM],(#a1.g1.#d1.#d2)[LMO],(#a1.g1.#d1.#d2)[LM],(#a1.g1.#d1.#d2)[LM],(#a1.g1.g.G-1.#d1.#d2)[LM],(#a1.g1.#d1.#d2)[LM],(#a1.g1.#d1.#d2)[LM],(#a1.g1.#d1.#d2)[LM],(#a1.g1.#d.#d1.#D-1.#d2)[LMO],(#a1.g1.#d1.#d2)[LM],(#a1.g1.#d1.#d2)[LM],(#a1.g1.#d1.#d2)[LM],(#a1.g1.#c.#c1.#C-1.#d2.#d1)[LM],(#a1.g1.#d1.#d2)[LMO],(#a1.g1.#d1.#d2)[LM],(#a1.g1.#d1.#d2)[LM],(#a1.g1.#d1.#d2)[LM],(#a1.g1.#d1.#d2)[LM],(#a1.g1.#d2.#d1)[LM],(#a1.g1.#d1.#d2)[LM],(c2.#g1.c.c1.C-1.f2.#d1.#d2)[LMO],(c2.#g1.#d1.#d2)[LM],(c2.#g1.#d1.#d2)[LM],(c2.#g1.#d1.#d2)[LM],(c2.#g1.#d1.#d.#d2)[LMO],(c2.#g1.#d1.#d2)[LM],(c2.#g1.#d1.#d2)[LM],(c2.#g1.#d1.#d2)[LM],(c2.#g1.#d1.#d2)[LM],(c2.#g1.#d1.#d2)[LM],(c2.#g1.#d1.#d2)[LM],(c2.#g1.#d1.#d2)[LMO],(c2.#g1.c1.c.#d1.#d2)[LM],(c2.#g1.#d1.#d2)[LM],(c2.#g1.#d1.#d2)[LM],(c2.#g1.#d1.#d2)[LM],(c2.#g1.#g.#G-1.#d1.#d2)[LMO],(c2.#g1.#d1.#d2)[LM],(c2.#g1.#d1.#d2)[LM],(c2.#g1.#d1.#d2)[LM],(c2.#g1.#d.#d1.#D-1.#d2)[LM],(c2.#g1.#d1.#d2)[LM],(c2.#g1.#d1.#d2)[LM],(c2.#g1.#d1.#d2)[LMO],(c2.#g1.c.c1.#d2.C-1.#d1)[LM],(c2.#g1.#d1.#d2)[LM],(c2.#g1.#d1.#d2)[LM],(c2.#g1.#d1.#d2)[LMO],(c2.#g1.#d1.#d2)[LM],(c2.#g1.#d1.#d2)[LM],(c2.#g1.#d2.#d1)[LM],(c2.#g1.#d1.#d2)[LM],(a1.B-1.b.B-2.#d1.f2.#d2)[KL],(#d2.#f2)[KLO],(#d2.#f2.#f1)[KL],(#d2.#f2)[KLO],(#d2.#f2)[KL],(#d2.#f2)[KL],(#d2.#d1.#f2)[KL],(#d2.#f2)[KLO],(#d2.c2.c1.#f2)[KL],(#d2.#f2)[KLO],(#d2.#a1.#a.#f2)[KL],(#d2.#f2)[KL],(#d2.a1.a.#f2)[KLO],(#d2.#f2)[KL],(#d2.A-1.a1.A-2.#f2)[KL],(#d2.#f2)[KLO],(#G-1.#g1.#G-2.#g.d2)[KL],(d2.f2)[KL],(d2.#a1.f2)[KLO],(d2.f2)[KL],(G-1.g1.G-2.g.#d2)[KLO],(#d2.#a1.g2)[KL],(#d2.#a1.g2)[KL],(#d2.#a1.g2)[KL],(#G-1.#g1.#G-2.#g.f2)[KLO],(c2.#g1.f2)[KL],(c2.#g1.f2)[KLO],(c2.#g1.f2)[KL],(#A-1.#a1.#A-2.#a.d2)[KLO],(#g1.f1.d2)[KLO],(#g1.f1.d2)[KLN],(#g1.f1.d2)[KLM],(g1.#d.#d1.#D-1.#d2)[KLN],(#d1.g1)[KL],(#d1.g2.g1.g3)[KL],(#d1.g1)[KL],(c1.c)[KL],(#d1.g1)[KL],(#d1.#d2.g1.#d3)[KL],(#d1.g1)[KL],(#g.#G-1)[KL],(#d1.f1)[KL],(#d1.c2.c1.f1.c3)[KL],(#d1.f1)[KL],(#a.f1.d2.#g1.#A-1.#g.f.#g2)[KL],d1[KL],(d1.#g1)[KL],d1[KL],(#d.g1.#d1.#d2.#D-1.g.#g1.g2)[KL],(#d1.g1)[KL],(#d1.g2.g1.g3)[KL],(#d1.g1)[KL],(c1.c)[KL],(#d1.g1)[KL],(#d1.#d2.g1.#d3)[KL],(#d1.g1)[KL],(#g.#G-1)[KL],(#d1.f1)[KL],(#d1.c2.c1.f1.c3)[KL],(#d1.f1)[KL],(#a.f1.d2.#g1.#A-1.#g.f.#g2)[KL],d1[KL],d1[KL],(d1.#g1)[KL],(#d.g1.#d1.#d2.#D-1.g.g2)[KL],(g1.g2)[KL],(g1.g2.g3)[KL],(g1.g2)[KL],(#d1.#d)[KL],(#d1.#d2)[KL],(#d1.#d2.#d3)[KL],(#d1.#d2)[KL],(c1.c)[KL],(c1.c2)[KL],(c1.c2.c3)[KL],(c1.c2)[KL],(a.#d1.#d.A-1.#d2)[KL],(a.a1)[KL],(a.a1.a2)[KL],(a.#d1.#d.#d2.a1)[KL],(#a.#A-1.g1.#d1.#a1.#A-2.#a2)[LM],(g1.#d2)[LM],(g1.#a.#a1.#A-1.#d2)[LM],(g1.#d2)[LM],(g1.#a.#a1.#A-1.#d2)[LM],(g1.#d2)[LM],(g1.#a.#a1.#A-1.#d2)[LM],(g1.#d2)[LM],(g1.#a.#a1.#d2.g2.#A-1.#d1.g.#d3)[LM],(g1.#d2)[LM],(g1.#a.#a1.#A-1.#d2)[LM],(g1.#d2)[LM],(g1.#a.g.#a1.#A-1.#a2.#d2)[LM],(g1.#d2)[LM],(g1.#a.#d1.#d.#a1.#A-1.#d2)[LM],(g1.#d2)[LM],(#g1.#a.#A-1.f2.d2.#A-2.d1.#g.#a1.f1.d3)[LM],(#g1.#a.d2.f1)[LM],(#g1.#a.#a1.#A-1.d2.f1)[LM],(#g1.#a.d2.f1)[LM],(#g1.#a.f1.#a1.#A-1.d2)[LM],(#g1.#a.d2.f1)[LM],(#g1.#a.#a1.#A-1.d2.f1)[LM],(#g1.#a.d2.f1)[LM],(#g1.#a.#a1.#A-1.d2.f1)[LM],(#g1.#a.d2.f1)[LM],(#g1.#a.#a1.#A-1.d2.f1)[LM],(#g1.#a.d2.f1)[LM],(#g1.#a.f1.#a1.#A-1.d2)[LM],(#g1.#a.d2.f1)[LM],(#g1.#a.#a1.#A-1.d2.f1)[LM],(#g1.#a.d2.f1)[LM],(g1.#d.#d1.g.#d2.#D-1.#d3)[LM],(#d2.g2)[LM],(#d2.#d1.#d.g2)[LM],(#d2.g2)[LM],(#d2.#d1.#d.g2)[LM],(#d2.g2)[LM],(#d2.#d1.#d.g2)[LM],(#d2.g2)[LM],(#d2.c.#d1.g1.c1.C-1.g2)[LM],(#d2.g2)[LM],(#d2.c1.c2.c.g2)[LM],(#d2.g2)[LM],(#d2.c1.c2.c.g2)[LM],(#d2.g2)[LM],(#d2.c1.c2.c.g2)[LM],(#d2.g2)[LM],(#d2.#G-1.f1.#g.#G-2.f.f2)[LM],(#d2.f2)[LM],(#d2.#g.#g1.#G-1.f2)[LM],(#d2.f2)[LM],(#d2.#g.#g1.#G-1.f2)[LM],(#d2.f2)[LM],(#d2.#g.#g1.#G-1.f2)[LM],(#d2.f2)[LM],(#d2.#A-1.#a.d2.#A-2.d1.f2)[LM],(#d2.f2)[LM],(#d2.#a.#a1.#A-1.f2)[LM],(#d2.f2)[LM],(#d2.#a.#a1.#A-1.f2)[LM],(#d2.f2)[LM],(#d2.#a.#a1.#A-1.f2)[LM],(#d2.f2)[LM],(#d2.#d.g1.#d1.#D-1.g2)[LM],(g2.#d3)[LM],(g2.#d1.#d2.#d.#d3)[LM],(g2.#d3)[LM],(g2.#d1.#d2.#d.#d3)[LM],(g2.#d3)[LM],(g2.#d1.#d2.#d.#d3)[LM],(g2.#d3)[LM],(g2.c.c1.#d2.C-1.#d1.#d3)[LM],(g2.#d3)[LM],(g2.c1.c2.c.#d3)[LM],(g2.#d3)[LM],(g2.c1.c2.c.#d3)[LM],(g2.#d3)[LM],(g2.c1.c2.c.#d3)[LM],(g2.#d3)[LM],(f2.#G-1.f1.#g.#G-2.#d3)[LM],(f2.#d3)[LM],(f2.#g.#g1.#G-1.#d3)[LM],(f2.#d3)[LM],(f2.#g.#g1.#G-1.#d3)[LM],(f2.#d3)[LM],(f2.#g.#g1.#G-1.#d3)[LM],(f2.#d3)[LM],(f2.#A-1.#a.#d2.#A-2.d1.#a2.d3)[LM],(f2.d3)[LM],(f2.#a.#a1.#A-1.d3)[LM],(f2.d3)[LM],(f2.#a.#a1.#A-1.d3)[LM],(f2.d3)[LM],(f2.#a.#a1.#A-1.#a2.d3)[LM],(f2.d3)[LM],(a1.a2.c1.#d1.#d.c2.#d2.c.#d3)[HJKM],(a1.c.#d1.#d.c1.#d2.C-1.#d3)[LM],(a1.c.#d1.#d.c1.#d2.C-1.#d3)[IKMN],(a1.c.#d1.#d.c1.#d2.C-1.#d3)[LM],(a1.c.#d1.#d.c1.#d2.C-1.#d3)[IKLN],(a1.c.#d1.#d.c1.#d2.C-1.#d3)[LM],(#g1.#a.#A-1.f1.d2.#A-2.d1.#g2.d3)[HN],g2[KLN],f2[KLO],#d2[KLN],d2[KLN],c2[KLN],#a1[KLN],a1[KLO],(#g1.f3)[KLNO],g1[KLM],f1[JN],#d1[JKLMO],(d1.#g2)[HHHHILM],g1[IJKLMN],g1[JLN],(#d1.#d.#a.#D-1.g1)[IJKLMN],g1[JLN],(d1.#g.#G-1.f1)[JLN],g1[JLN],#g1[JLN],f1[JLN],(#d1.g.G-1.c2.#a1)[JLN],#a1[JLN],#a1[IKM],#a1[JLN],c2[JLN],d2[JLN],#d2[JLN],#d2[JLN],d2[JLN],(#d1.g.c2.#a.c3)[JLN],(#a1.#a2)[JLN],(f1.#a.#a1.d.#a2)[JLN],(#g1.#g2)[JLN],(g1.#d1.#g1.#a.#d.#g2)[JLN],(g1.g2)[JLN],(f1.#a.e1.#c1.#A-1.e2)[IKM],(f1.d1.f2)[IKM],g1[IKM],g1[IKM],(#d1.#d.#a.#D-1.g1)[IJKLMN],g1[JLN],(d1.#g.#G-1.f1)[JLM],g1[JLN],#g1[JLMO],f1[JKL],(#d1.g.G-1.#a1)[HHHJM],#a1[KLO],#a1[KLN],(c2.#g.f2.#G-1.c1)[IL],f2[KL],(#g1.#a.f.d2.#A-1.f1)[IL],d2[KL],(#a1.#d1.g.#a.#d.G-1.#a2.#d2)[HIJK],#g2[KL],g2[KL],f2[KL],#d2[KL],d2[KL],c2[KL],(#d2.g1.#a.#A-1.#d1.g2.#A-2.g.#a1.#a2)[IL],#a1[KL],(d2.f1.#a.#A-1.#g.f2.#g1.#A-2.d1.d3)[IL],d1[KL],(g1.#d.#d1.g.#a.#d2.#D-1.#d3)[LM],#d2[LM],(#a.#A-1.#a1.#A-2)[LM],(#a.#a1)[LM],(c1.c.c2.C-1)[LM],(c1.c2)[LM],(d1.d.d2.D-1)[LM],(d1.d2)[LM],(#d1.#d.#d2.#D-1)[LM],(#d1.#d2)[LM],(f1.f.f2.F-1)[LM],(f1.f2)[LM],(g1.g.g2.G-1)[LM],(g1.g2)[LM],(#g1.#g.#g2.#G-1)[LM],(#g1.#g2)[LM],(#a1.#a.#a2.#A-1)[LM],(#a1.#a2)[LM],(b1.b.b2.B-1)[LM],(b1.b2)[LM],(c2.c1.c3.c)[LM],(c2.c3)[LM],(a1.a.a2.A-1)[LM],(a1.a2)[LM],(#a1.#a.#a2.#A-1)[LM],(#a1.#a2)[LM],(g1.g.g2.G-1)[LM],(g1.g2)[LM],(#g1.#g.#g2.#G-1)[LM],(#g1.#g2)[LM],(f1.f.f2.F-1)[LM],(f1.f2)[LM],(g1.g.g2.G-1)[LM],(g1.g2)[LM],(#f1.#f.#f2.#F-1.#f3)[LM],(#f1.#f2)[LM],(g1.g.#d1.#d.g2.G-1.g3)[LM],(g1.g2)[LM],(d1.d.d2.D-1.d3)[LM],(d1.#d1.#d.d2)[LM],(#d1.#d.#d2.#D-1.#d3)[LM],(#d1.#d2)[LM],(b.B-1.b1.B-2.b2)[LM],(b.b1)[LM],(c1.c.#d1.#d.c2.C-1.c3)[LM],(c1.c2)[LM],(a.A-1.a1.A-2.a2)[LM],(a.a1)[LM],(#a.#A-1.#a1.#A-2.#a2)[IJ],(d2.f1.#a.#A-1.f2.#g1.#A-2.d3)[IJ],(#a.g1.#d2.#d.#d1.g.#D-1.#d3)[IJ],(g1.#d1.g2.#a1.g)[JK],(g1.#d1.g2.#a1.g)[JK],(g1.#d1.g2.#a1.#a)[IJ],(f1.#a.#g1.f2.d1.#A-1.d3)[KL],(g2.#d1)[KL],(d2.f1.#a.#A-1.#g2.#A-2)[KL],(f2.d1)[KL],(#a.g1.#d2.#d.#d1.g.#D-1.#d3)[IJ],(#d1.#d.g2.#a1.g.#d3)[JK],(#d1.#d.g2.#a1.g.#d3)[JK],(#d1.#d.g2.#a1.g.#d3)[IJ],(#a.#A-1.#g1.f2.#g.d1.d3)[KL],(g2.#d1.#d3)[KL],(d2.f1.#a.#A-1.#g2.#A-2.f3)[KL],(f2.d1.d3)[KL],(#a.g1.#d2.#d.#d1.#D-1.g.#d3)[IKLNO],(#d1.g.#d.g2.#d2.#D-1.#a.#d3)[LMO],(#d1.g.#d.g2.#d2.#D-1.#a.#d3)[IJN],(#d1.g.#d.g2.#d2.#D-1.#a.#d3)[KLM],(#d1.g.#d.#d2.g1.#D-1.#d3)[HHH],ST;"],"id":3,"instruments":["piano","piano"],"alternatives":["",""]}],"audition":{"start":[0,0],"end":[2,979]}}