{"baseBpm":110,"musics":[{"id":1,"baseBeats":0.5,"scores":["mute[LNO],mute[LNO],mute[LNO],mute[LNO],mute[LNO],mute[JO],mute[LNO],mute[LNO],mute[LNO],mute[LNO],mute[KMN],mute[KMN],mute[LNO],mute[LNO],mute[LNO],mute[LNO],mute[LNO],mute[JO],mute[LNO],mute[LNO],mute[LNO],mute[LNO],mute[LNO],mute[JO],mute[LNO],mute[LNO],mute[LNO],mute[LNO],mute[LNO],mute[LNO],mute[LNO],mute[LNO],mute[L],mute[L],mute[L],mute[L],mute[L],mute[L],mute[L],mute[L],mute[L],mute[L],mute[L],mute[L],mute[L],mute[L],mute[L],mute[L],mute[L],mute[L],mute[L],mute[L],mute[L],mute[L],mute[L],mute[L],mute[L],mute[L],mute[L],mute[L],mute[L],mute[L],mute[L],mute[L],mute[L],mute[L],mute[L],mute[L],mute[L],mute[L],mute[L],mute[L],mute[L],mute[L],mute[L],mute[L],mute[L],mute[L],mute[L],mute[L],mute[L],mute[L],mute[L],mute[L],mute[L],mute[L],mute[L],mute[L],mute[L],mute[L],mute[L],mute[L],mute[L],mute[L],mute[L],mute[L],mute[L],mute[L],mute[L],mute[L],mute[L],mute[L],mute[L],mute[L],mute[L],mute[L],mute[L],mute[L],mute[L],mute[L],mute[L],mute[L],mute[L],mute[L],mute[L],mute[L],mute[L],mute[L],mute[L],mute[L],mute[L],mute[L],mute[L],mute[L],mute[L],mute[L],mute[L],mute[L],mute[L],mute[L],mute[L],mute[L],mute[L],mute[L],mute[L],mute[L],mute[L],mute[L],mute[L],mute[L],mute[L],mute[L],mute[L],mute[L],mute[L],mute[L],mute[L],mute[L],mute[L],mute[L],mute[L],mute[L],mute[L],mute[L],mute[L],mute[L],mute[L],mute[L],mute[L],mute[L],mute[L],mute[L],mute[L],mute[L],mute[L],mute[L],mute[L],mute[L],mute[L],mute[L],mute[L],mute[L],mute[L],mute[L],mute[L],mute[L],mute[L],mute[L],mute[L],mute[L],mute[L],mute[L],mute[L],mute[L],mute[L],mute[L],mute[L],mute[L],mute[L],mute[L],mute[L],mute[L],mute[L],mute[L],mute[L],mute[L],mute[L],mute[L],mute[L],mute[L],mute[L],mute[L],mute[L],mute[L],mute[L],mute[L],mute[L],mute[L],mute[L],mute[L],mute[L],mute[L],mute[L],mute[L],mute[L],mute[L],mute[L],mute[L],mute[L],mute[L],mute[L],mute[L],mute[L],mute[L],mute[L],mute[L],mute[L],mute[L],mute[L],mute[L],mute[L],mute[L],mute[L],mute[L],mute[L],mute[L],mute[L],mute[L],mute[L],mute[L],mute[L],mute[L],mute[L],mute[L],mute[L],mute[L],mute[L],mute[L],mute[L],mute[L],mute[L],mute[L],mute[L],mute[L],mute[L],mute[L],mute[L],mute[L],mute[L],mute[L],mute[L],mute[L],mute[L],mute[L],mute[L],mute[L],mute[L],mute[L],mute[L],mute[L],mute[L],mute[L],mute[L],mute[L],mute[L],mute[L],mute[L],mute[L],mute[L],mute[L],mute[J],mute[J],mute[L],mute[L],mute[L],mute[L],mute[L],mute[L],mute[L],mute[L],mute[L],mute[L],mute[L],mute[L],mute[L],mute[L],mute[L],mute[L],mute[L],mute[L],mute[L],mute[L],mute[L],mute[L],mute[L],mute[L],mute[L],mute[L],mute[L],mute[L],mute[L],mute[L],mute[L],mute[L],mute[L],mute[L],mute[L],mute[L],mute[L],mute[L],mute[L],mute[L],mute[L],mute[L],mute[L],mute[L],mute[L],mute[L],mute[L],mute[L],mute[L],mute[L],mute[L],mute[L],mute[L],mute[L],mute[L],mute[L],mute[I];","(#A-1.#c2)[LNO],f[LNO],#a[LNO],f1[LNO],#a1[LNO],#c2[JO],(#G-1.#c2)[LNO],(f.#a1)[LNO],#g[LNO],f1[LNO],#a1[KMN],#c2[KMN],(#G-1.#c2)[LNO],f[LNO],#g[LNO],f1[LNO],#a1[LNO],#c2[JO],(G-1.g1)[LNO],#c[LNO],g[LNO],f1[LNO],c2[LNO],#c2[JO],c[LNO],g[LNO],c1[LNO],e1[LNO],g1[LNO],c2[LNO],e2[LNO],g2[LNO],(#D-1.#d.g.#a.#c1.#d1)[L],(#d.g.#a.#c1.#d1)[L],(#d.g.#a.#c1.#d1)[L],(#D-1.#d.g.#a.#c1.#d1)[L],(#d.g.#a.#c1.#d1)[L],(#d.g.#a.#c1.#d1)[L],(#D-1.#d.g.#a.#c1.#d1)[L],(#d.g.#a.#c1.#d1)[L],(#D-1.#d.g.#a.#c1.#d1)[L],(#d.g.#a.#c1.#d1)[L],(#d.g.#a.#c1.#d1)[L],(#D-1.#d.g.#a.#c1.#d1)[L],(#d.g.#a.#c1.#d1)[L],(#d.g.#a.#c1.#d1)[L],(#D-1.#d.g.#a.#c1.#d1)[L],(#d.g.#a.#c1.#d1)[L],(#A-2.#A-1.f.#a.#c1)[L],(#A-1.f.#a.#c1)[L],(#A-1.f.#a.#c1)[L],(#A-2.#A-1.f.#a.#c1)[L],(#A-1.f.#a.#c1)[L],(#A-1.f.#a.#c1)[L],(#A-2.#A-1.f.#a.#c1)[L],(#A-1.f.#a.#c1)[L],(#A-2.#A-1.f.#a.#c1)[L],(#A-1.f.#a.#c1)[L],(#A-1.f.#a.#c1)[L],(#A-2.#A-1.f.#a.#c1)[L],(#A-1.f.#a.#c1)[L],(#A-1.f.#a.#c1)[L],(#A-2.#A-1.f.#a.#c1)[L],(#A-1.f.#a.#c1)[L],(#G-2.#G-1.f.#g.#c1)[L],(#G-1.f.#g.#c1)[L],(#G-1.f.#g.#c1)[L],(#G-2.#G-1.f.#g.#c1)[L],(#G-1.f.#g.#c1)[L],(#G-1.f.#g.#c1)[L],(#G-2.#G-1.f.#g.#c1)[L],(#G-1.f.#g.#c1)[L],(G-2.G-1.f.g.#c1)[L],(G-1.f.g.#c1)[L],(G-1.f.g.#c1)[L],(G-2.G-1.f.g.#c1)[L],(G-1.f.g.#c1)[L],(G-1.f.g.#c1)[L],(G-2.G-1.f.g.#c1)[L],(G-1.f.g.#c1)[L],(C-1.c.e.g.c1)[L],(c.e.g.c1)[L],(c.e.g.c1)[L],(C-1.c.e.g.c1)[L],(c.e.g.c1)[L],(c.e.g.c1)[L],(C-1.c.e.g.c1)[L],(c.e.g.c1)[L],(C-1.c.e.g.c1)[L],(c.e.g.c1)[L],(c.e.g.c1)[L],(C-1.c.e.g.c1)[L],(c.e.g.c1)[L],(c.e.g.c1)[L],(C-1.c.e.g.c1)[L],(c.e.g.c1)[L],(g.#a.#c1.#d1)[L],(g.#a.#c1.#d1)[L],(g.#a.#c1.#d1.f2)[L],(g.#a.#c1.#d1.#d2)[L],(g.#a.#c1.#d1)[L],(g.#a.#c1.#d1.f2)[L],(g.#a.#c1.#d1)[L],(g.#a.#c1.#d1.#a1)[L],(g.#a.#c1.#d1)[L],(g.#a.#c1.#d1.#g1)[L],(g.#a.#c1.#d1.#g1)[L],(g.#a.#c1.#d1.#a1)[L],(g.#a.#c1.#d1)[L],(g.#a.#c1.#d1.#c2)[L],(g.#a.#c1.#d1)[L],(g.#a.#c1.#d1)[L],(f.#a.#c1)[L],(f.#a.#c1)[L],(f.#a.#c1.f2)[L],(f.#a.#c1.#d2)[L],(f.#a.#c1)[L],(f.#a.#c1.f2)[L],(f.#a.#c1)[L],(f.#a.#c1.#a1)[L],(f.#a.#c1)[L],(f.#a.#c1)[L],(f.#a.#c1)[L],(f.#a.#c1)[L],(f.#a.#c1)[L],(f.#a.#c1)[L],(f.#a.#c1)[L],(f.#a.#c1)[L],(f.#g.#c1)[L],(f.#g.#c1)[L],(f.#g.#c1.f2)[L],(f.#g.#c1.#d2)[L],(f.#g.#c1)[L],(f.#g.#c1.f2)[L],(f.#g.#c1.#a1)[L],(f.#g.#c1.#a1)[L],(f.g.#c1)[L],(f.g.#c1)[L],(f.g.#c1)[L],(f.g.#c1.#a1)[L],(f.g.#c1)[L],(f.g.#c1.#c2)[L],(f.g.#c1)[L],(f.g.#c1.c2)[L],(e.g.c1)[L],(e.g.c1)[L],(e.g.c1.#c2)[L],(e.g.c1.c2)[L],(e.g.c1)[L],(e.g.c1.#c2)[L],(e.g.c1)[L],(e.g.c1.c2)[L],(e.g.c1)[L],(e.g.c1.#c2)[L],(e.g.c1)[L],(e.g.c1.c2)[L],(e.g.c1)[L],(e.g.c1)[L],(e.g.c1)[L],(e.g.c1)[L],(g.#a.#c1.#d1)[L],(g.#a.#c1.#d1)[L],(g.#a.#c1.#d1.f2)[L],(g.#a.#c1.#d1.#d2)[L],(g.#a.#c1.#d1)[L],(g.#a.#c1.#d1)[L],(g.#a.#c1.#d1.f2)[L],(g.#a.#c1.#d1.#a1)[L],(g.#a.#c1.#d1)[L],(g.#a.#c1.#d1)[L],(g.#a.#c1.#d1.#g1)[L],(g.#a.#c1.#d1.#a1)[L],(g.#a.#c1.#d1)[L],(g.#a.#c1.#d1.#c2)[L],(g.#a.#c1.#d1)[L],(g.#a.#c1.#d1)[L],(f.#a.#c1)[L],(f.#a.#c1)[L],(f.#a.#c1.f2)[L],(f.#a.#c1)[L],(f.#a.#c1.#d2)[L],(f.#a.#c1)[L],(f.#a.#c1.f2)[L],(f.#a.#c1.#a1)[L],(f.#a.#c1)[L],(f.#a.#c1)[L],(f.#a.#c1)[L],(f.#a.#c1)[L],(f.#a.#c1)[L],(f.#a.#c1)[L],(f.#a.#c1)[L],(f.#a.#c1)[L],(f.#g.#c1)[L],(f.#g.#c1)[L],(f.#g.#c1.f2)[L],(f.#g.#c1.#d2)[L],(f.#g.#c1)[L],(f.#g.#c1)[L],(f.#g.#c1.f2)[L],(f.#g.#c1.#a1)[L],(f.g.#c1)[L],(f.g.#c1.#g1)[L],(f.g.#c1)[L],(f.g.#c1.#a1)[L],(f.g.#c1)[L],(f.g.#c1.#c2)[L],(f.g.#c1)[L],(f.g.#c1.#c2)[L],(e.g.c1.c2)[L],(e.g.c1)[L],(e.g.c1)[L],(e.g.c1.#c2)[L],(e.g.c1.c2)[L],(e.g.c1)[L],(e.g.c1)[L],(e.g.c1.#c2)[L],(e.g.c1.c2)[L],(e.g.c1)[L],(e.g.c1.#c2)[L],(e.g.c1)[L],(e.g.c1.c2)[L],(e.g.c1)[L],(e.g.c1)[L],(e.g.c1)[L],(F-1.c.f.#g.c1.f1)[L],(F-1.c.f.#g.c1)[L],(f.#g.c1)[L],(f.#g.c1)[L],(f.#g.c1.g1)[L],(f.#g.c1)[L],(f.#g.c1)[L],(f.#g.c1)[L],(f.#g.c1.g1)[L],(f.#g.c1)[L],(f.#g.c1)[L],(f.#g.c1)[L],(f.#g.c1.#g1)[L],(f.#g.c1)[L],(f.#g.c1)[L],(f.#g.c1)[L],(#C-1.#G-1.#c.#g.#c1.f1)[L],(#C-1.#G-1.#c.#g.#c1)[L],(#c.#g.#c1)[L],(#c.#g.#c1)[L],(#c.#g.#c1.g1)[L],(#c.#g.#c1)[L],(#c.#g.#c1)[L],(#c.#g.#c1)[L],(#c.#g.#c1.#a1)[L],(#c.#g.#c1)[L],(#c.#g.#c1)[L],(#c.#g.#c1)[L],(#c.#g.#c1.#g1)[L],(#c.#g.#c1)[L],(#c.#g.#c1)[L],(#c.#g.#c1)[L],(#G-2.#D-1.#G-1.#g.c1.#g1)[L],(#G-2.#D-1.#G-1.#g.c1)[L],(#G-1.#g.c1)[L],(#G-1.#g.c1)[L],(#G-1.#g.c1.#d1)[L],(#G-1.#g.c1)[L],(#G-1.#g.c1)[L],(#G-1.#g.c1)[L],(#G-1.#g.c1)[L],(#G-1.#g.c1)[L],(#G-1.#g.c1)[L],(#G-1.#g.c1)[L],(#G-1.#g.c1.#g1)[L],(#G-1.#g.c1)[L],(#G-1.#g.c1)[L],(#G-1.#g.c1)[L],(C-1.G-1.c.g.c1.g1)[L],(C-1.G-1.c.g.c1)[L],(c.g.c1)[L],(c.g.c1)[L],(c.g.c1.e1)[L],(c.g.c1)[L],(c.g.c1)[L],(c.g.c1)[L],(C-1.G-1.c.g)[J],(c1.e1.g1)[J],(F-2.C-1.F-1.#g.c1.f1)[L],(F-1.#g.c1.f1)[L],(F-1.#g.c1.f1)[L],(F-2.F-1.#g.c1.f1)[L],(F-1.#g.c1.f1)[L],(F-1.#g.c1.f1)[L],(F-2.F-1.#g.c1.f1)[L],(F-1.#g.c1.f1)[L],(F-2.C-1.F-1.#g.c1.f1)[L],(F-1.#g.c1.f1)[L],(F-1.#g.c1.f1)[L],(F-2.F-1.#g.c1.f1)[L],(F-1.#g.c1.f1)[L],(F-1.#g.c1.f1)[L],(F-2.F-1.#g.c1.f1)[L],(F-1.#g.c1.f1)[L],(#C-2.#G-2.#C-1.#g.#c1.f1)[L],(#C-1.#g.#c1.f1)[L],(#C-1.#g.#c1.f1)[L],(#C-2.#C-1.#g.#c1.f1)[L],(#C-1.#g.#c1.f1)[L],(#C-1.#g.#c1.f1)[L],(#C-2.#C-1.#g.#c1.f1)[L],(#C-1.#g.#c1.f1)[L],(#C-2.#G-2.#C-1.#g.#c1.f1)[L],(#C-1.#g.#c1.f1)[L],(#C-1.#g.#c1.f1)[L],(#C-2.#C-1.#g.#c1.f1)[L],(#C-1.#g.#c1.f1)[L],(#C-1.#g.#c1.f1)[L],(#C-2.#C-1.#g.#c1.f1)[L],(#C-1.#g.#c1.f1)[L],(#G-2.#D-1.#G-1.#g.c1.#d1)[L],(#G-1.#g.c1.#d1)[L],(#G-1.#g.c1.#d1)[L],(#G-2.#G-1.#g.c1.#d1)[L],(#G-1.#g.c1.#d1)[L],(#G-1.#g.c1.#d1)[L],(#G-2.#G-1.#g.c1.#d1)[L],(#G-1.#g.c1.#d1)[L],(#G-2.#D-1.#G-1.#g.c1.#d1)[L],(#G-1.#g.c1.#d1)[L],(#G-1.#g.c1.#d1)[L],(#G-2.#G-1.#g.c1.#d1)[L],(#G-1.#g.c1.#d1)[L],(#G-1.#g.c1.#d1)[L],(#G-2.#G-1.#g.c1.#d1)[L],(#G-1.#g.c1.#d1)[L],(C-1.G-1.c.g.c1.e1)[L],(c.g.c1.e1)[L],(c.g.c1.e1)[L],(C-1.c.g.c1.e1)[L],(c.g.c1.e1)[L],(c.g.c1.e1)[L],(C-1.c.g.c1.e1)[L],(c.g.c1.e1)[L],(C-1.G-1.c.g.c1.e1)[I];"]},{"id":2,"baseBeats":0.5,"scores":["mute[L],mute[L],mute[L],mute[L],mute[L],mute[L],mute[L],mute[L],mute[L],mute[L],mute[L],mute[L],mute[L],mute[L],mute[L],mute[L],mute[L],mute[L],mute[L],mute[L],mute[L],mute[L],mute[L],mute[L],mute[L],mute[L],mute[L],mute[L],mute[L],mute[L],mute[L],mute[L],mute[L],mute[L],mute[L],mute[L],mute[L],mute[L],mute[L],mute[L],mute[L],mute[L],mute[L],mute[L],mute[L],mute[L],mute[L],mute[L],mute[L],mute[L],mute[L],mute[L],mute[L],mute[L],mute[L],mute[L],mute[L],mute[L],mute[L],mute[L],mute[L],mute[L],mute[L],mute[L],mute[L],mute[L],mute[L],mute[L],mute[L],mute[L],mute[L],mute[L],mute[L],mute[L],mute[L],mute[L],mute[L],mute[L],mute[L],mute[L],mute[L],mute[L],mute[L],mute[L],mute[L],mute[L],mute[L],mute[L],mute[L],mute[L],mute[L],mute[L],mute[L],mute[L],mute[L],mute[L],mute[L],mute[L],mute[L],mute[L],mute[L],mute[L],mute[L],mute[L],mute[L],mute[L],mute[L],mute[L],mute[L],mute[L],mute[L],mute[L],mute[L],mute[L],mute[L],mute[L],mute[L],mute[L],mute[L],mute[L],mute[L],mute[L],mute[L],mute[L],mute[L],mute[L],mute[L],mute[L],mute[L],mute[L],mute[L],mute[L],mute[L],mute[L],mute[L],mute[L],mute[L],mute[L],mute[L],mute[L],mute[L],mute[L],mute[L],mute[L],mute[L],mute[L],mute[L],mute[L],mute[L],mute[L],mute[L],mute[L],mute[L],mute[L],mute[L],mute[L],mute[L],mute[L],mute[L],mute[L],mute[L],mute[L],mute[L],mute[L],mute[L],mute[L],mute[L],mute[L],mute[L],mute[L],mute[L],mute[L],mute[L],mute[L],mute[L],mute[L],mute[L],mute[L],mute[L],mute[L],mute[L],mute[L],mute[L],mute[L],mute[J],mute[J],mute[L],mute[L],mute[L],mute[L],mute[L],mute[L],mute[L],mute[L],mute[L],mute[L],mute[L],mute[L],mute[L],mute[L],mute[L],mute[L],mute[L],mute[L],mute[L],mute[L],mute[L],mute[L],mute[L],mute[L],mute[L],mute[L],mute[L],mute[L],mute[L],mute[L],mute[L],mute[L],mute[L],mute[L],mute[L],mute[L],mute[L],mute[L],mute[L],mute[L],mute[L],mute[L],mute[L],mute[L],mute[L],mute[L],mute[L],mute[L],mute[L],mute[L],mute[L],mute[L],mute[L],mute[L],mute[L],mute[L],mute[L],mute[L],mute[L],mute[L],mute[L],mute[L],mute[L],mute[L];","(g.#a.#c1.#d1)[L],(g.#a.#c1.#d1)[L],(g.#a.#c1.#d1.f2)[L],(g.#a.#c1.#d1.#d2)[L],(g.#a.#c1.#d1)[L],(g.#a.#c1.#d1.f2)[L],(g.#a.#c1.#d1.#a1)[L],(g.#a.#c1.#d1.#a1)[L],(g.#a.#c1.#d1)[L],(g.#a.#c1.#d1.#g1)[L],(g.#a.#c1.#d1)[L],(g.#a.#c1.#d1.#a1)[L],(g.#a.#c1.#d1)[L],(g.#a.#c1.#d1.#c2)[L],(g.#a.#c1.#d1)[L],(g.#a.#c1.#d1.#c2)[L],(f.#a.#c1)[L],(f.#a.#c1)[L],(f.#a.#c1.f2)[L],(f.#a.#c1.#d2)[L],(f.#a.#c1)[L],(f.#a.#c1.f2)[L],(f.#a.#c1)[L],(f.#a.#c1.#a1)[L],(f.#a.#c1)[L],(f.#a.#c1)[L],(f.#a.#c1)[L],(f.#a.#c1)[L],(f.#a.#c1)[L],(f.#a.#c1)[L],(f.#a.#c1)[L],(f.#a.#c1)[L],(f.#g.#c1)[L],(f.#g.#c1)[L],(f.#g.#c1.f2)[L],(f.#g.#c1.f2)[L],(f.#g.#c1.#d2)[L],(f.#g.#c1)[L],(f.#g.#c1.f2)[L],(f.#g.#c1.#a1)[L],(f.g.#c1.#g1)[L],(f.g.#c1.#g1)[L],(f.g.#c1)[L],(f.g.#c1.#a1)[L],(f.g.#c1)[L],(f.g.#c1.#c2)[L],(f.g.#c1)[L],(f.g.#c1)[L],(e.g.c1.c2)[L],(e.g.c1.#c2)[L],(e.g.c1)[L],(e.g.c1.c2)[L],(e.g.c1)[L],(e.g.c1.#c2)[L],(e.g.c1)[L],(e.g.c1)[L],(e.g.c1.c2)[L],(e.g.c1.#c2)[L],(e.g.c1)[L],(e.g.c1.c2)[L],(e.g.c1)[L],(e.g.c1)[L],(e.g.c1)[L],(e.g.c1)[L],(g.#a.#c1.#d1)[L],(g.#a.#c1.#d1)[L],(g.#a.#c1.#d1.f2)[L],(g.#a.#c1.#d1.f2)[L],(g.#a.#c1.#d1.#d2)[L],(g.#a.#c1.#d1.f2)[L],(g.#a.#c1.#d1)[L],(g.#a.#c1.#d1.#a1)[L],(g.#a.#c1.#d1)[L],(g.#a.#c1.#d1.#g1)[L],(g.#a.#c1.#d1.#g1)[L],(g.#a.#c1.#d1.#a1)[L],(g.#a.#c1.#d1)[L],(g.#a.#c1.#d1.#c2)[L],(g.#a.#c1.#d1)[L],(g.#a.#c1.#d1.#c2)[L],(f.#a.#c1)[L],(f.#a.#c1)[L],(f.#a.#c1.f2)[L],(f.#a.#c1.f2)[L],(f.#a.#c1.#d2)[L],(f.#a.#c1.f2)[L],(f.#a.#c1)[L],(f.#a.#c1.#a1)[L],(f.#a.#c1)[L],(f.#a.#c1)[L],(f.#a.#c1)[L],(f.#a.#c1)[L],(f.#a.#c1)[L],(f.#a.#c1)[L],(f.#a.#c1)[L],(f.#a.#c1)[L],(f.#g.#c1)[L],(f.#g.#c1.#a1)[L],(f.#g.#c1.f2)[L],(f.#g.#c1)[L],(f.#g.#c1.#d2)[L],(f.#g.#c1.f2)[L],(f.#g.#c1.#a1)[L],(f.#g.#c1.#a1)[L],(f.g.#c1.#g1)[L],(f.g.#c1)[L],(f.g.#c1)[L],(f.g.#c1.#a1)[L],(f.g.#c1)[L],(f.g.#c1.#c2)[L],(f.g.#c1)[L],(f.g.#c1.#c2)[L],(e.g.c1.c2)[L],(e.g.c1.#c2)[L],(e.g.c1)[L],(e.g.c1.c2)[L],(e.g.c1)[L],(e.g.c1.#c2)[L],(e.g.c1)[L],(e.g.c1.c2)[L],(e.g.c1.c2)[L],(e.g.c1.#c2)[L],(e.g.c1)[L],(e.g.c1.c2)[L],(e.g.c1)[L],(e.g.c1)[L],(e.g.c1)[L],(e.g.c1)[L],(F-1.c.f.#g.c1.f1)[L],(F-1.c.f.#g.c1)[L],(f.#g.c1)[L],(f.#g.c1)[L],(f.#g.c1.g1)[L],(f.#g.c1)[L],(f.#g.c1)[L],(f.#g.c1)[L],(f.#g.c1.g1)[L],(f.#g.c1)[L],(f.#g.c1)[L],(f.#g.c1)[L],(f.#g.c1.#g1)[L],(f.#g.c1)[L],(f.#g.c1)[L],(f.#g.c1)[L],(#C-1.#G-1.#c.#g.#c1.f1)[L],(#C-1.#G-1.#c.#g.#c1)[L],(#c.#g.#c1)[L],(#c.#g.#c1)[L],(#c.#g.#c1.g1)[L],(#c.#g.#c1)[L],(#c.#g.#c1)[L],(#c.#g.#c1)[L],(#c.#g.#c1.#a1)[L],(#c.#g.#c1)[L],(#c.#g.#c1)[L],(#c.#g.#c1)[L],(#c.#g.#c1.#g1)[L],(#c.#g.#c1)[L],(#c.#g.#c1)[L],(#c.#g.#c1)[L],(#G-2.#D-1.#G-1.#g.c1.#g1)[L],(#G-2.#D-1.#G-1.#g.c1)[L],(#G-1.#g.c1)[L],(#G-1.#g.c1)[L],(#G-1.#g.c1.#d1)[L],(#G-1.#g.c1)[L],(#G-1.#g.c1)[L],(#G-1.#g.c1)[L],(#G-1.#g.c1)[L],(#G-1.#g.c1)[L],(#G-1.#g.c1)[L],(#G-1.#g.c1)[L],(#G-1.#g.c1.#g1)[L],(#G-1.#g.c1)[L],(#G-1.#g.c1)[L],(#G-1.#g.c1)[L],(C-1.G-1.c.g.c1.g1)[L],(C-1.G-1.c.g.c1)[L],(c.g.c1)[L],(c.g.c1)[L],(c.g.c1.e1)[L],(c.g.c1)[L],(c.g.c1)[L],(c.g.c1)[L],(C-1.G-1.c.g)[J],(c1.e1.g1)[J],(F-2.C-1.F-1.#g.c1.f1)[L],(F-1.#g.c1.f1)[L],(F-1.#g.c1.f1)[L],(F-2.F-1.#g.c1.f1)[L],(F-1.#g.c1.f1.g1)[L],(F-1.#g.c1.f1)[L],(F-2.F-1.#g.c1.f1)[L],(F-1.#g.c1.f1)[L],(F-2.C-1.F-1.#g.c1.f1.g1)[L],(F-1.#g.c1.f1)[L],(F-1.#g.c1.f1)[L],(F-2.F-1.#g.c1.f1)[L],(F-1.#g.c1.f1.#g1)[L],(F-1.#g.c1.f1)[L],(F-2.F-1.#g.c1.f1)[L],(F-1.#g.c1.f1)[L],(#C-2.#G-2.#C-1.#g.#c1.f1)[L],(#C-1.#g.#c1.f1)[L],(#C-1.#g.#c1.f1)[L],(#C-2.#C-1.#g.#c1.f1)[L],(#C-1.#g.#c1.f1.g1)[L],(#C-1.#g.#c1.f1)[L],(#C-2.#C-1.#g.#c1.f1)[L],(#C-1.#g.#c1.f1)[L],(#C-2.#G-2.#C-1.#g.#c1.f1.#a1)[L],(#C-1.#g.#c1.f1)[L],(#C-1.#g.#c1.f1)[L],(#C-2.#C-1.#g.#c1.f1)[L],(#C-1.#g.#c1.f1.#g1)[L],(#C-1.#g.#c1.f1)[L],(#C-2.#C-1.#g.#c1.f1)[L],(#C-1.#g.#c1.f1)[L],(#G-2.#D-1.#G-1.#g.c1.#d1.#g1)[L],(#G-1.#g.c1.#d1)[L],(#G-1.#g.c1.#d1)[L],(#G-2.#G-1.#g.c1.#d1)[L],(#G-1.#g.c1.#d1.g1)[L],(#G-1.#g.c1.#d1)[L],(#G-2.#G-1.#g.c1.#d1)[L],(#G-1.#g.c1.#d1)[L],(#G-2.#D-1.#G-1.#g.c1.#d1.#g1)[L],(#G-1.#g.c1.#d1)[L],(#G-1.#g.c1.#d1)[L],(#G-2.#G-1.#g.c1.#d1)[L],(#G-1.#g.c1.#d1.#g1)[L],(#G-1.#g.c1.#d1)[L],(#G-2.#G-1.#g.c1.#d1)[L],(#G-1.#g.c1.#d1)[L],(C-1.G-1.c.g.c1.e1.g1)[L],(c.g.c1.e1)[L],(c.g.c1.e1)[L],(C-1.c.g.c1.e1)[L],(c.g.c1.e1.g1)[L],(c.g.c1.e1)[L],(C-1.c.g.c1.e1)[L],(c.g.c1.e1)[L],(C-1.G-1.c.g.c1.e1.g1)[L],(c.g.c1.e1)[L],(c.g.c1.e1)[L],(C-1.c.g.c1.e1)[L],(c.g.c1.e1)[L],(c.g.c1.e1)[L],(C-1.c.g.c1.e1)[L],(c.g.c1.e1)[L];"]},{"id":3,"baseBeats":0.5,"scores":["mute[KL],mute[L],mute[KL],mute[L],mute[LM],mute[LM],mute[L],mute[L],mute[L],mute[L],mute[L],mute[KL],mute[L],mute[J],mute[LM],mute[LM],mute[L],mute[L],mute[L],mute[L],mute[L],mute[L],mute[K],mute[L],mute[KL],mute[L],mute[LM],mute[LM],mute[L],mute[L],mute[L],mute[L],mute[L],mute[L],mute[K],mute[L],mute[J],mute[LM],mute[LM],mute[L],mute[K],mute[K],mute[J],mute[KL],mute[L],mute[KL],mute[L],mute[K],mute[L],mute[L],mute[J],mute[KL],mute[L],mute[KL],mute[L],mute[L],mute[L],mute[L],mute[L],mute[L],mute[KL],mute[K],mute[L],mute[L],mute[KL],mute[L],mute[L],mute[L],mute[L],mute[L],mute[L],mute[L],mute[K],mute[K],mute[K],mute[K],mute[K],mute[J],mute[J],mute[J],mute[J],mute[J],mute[J],mute[J],mute[J],mute[J],mute[J],mute[J],mute[J],mute[J],mute[J],mute[J],mute[J],mute[J],mute[J],mute[J],mute[J],mute[J],mute[J],mute[J],mute[J],mute[J],mute[J],mute[J],mute[J],mute[J],mute[J],mute[J],mute[I],mute[IJKLN];","f[KL],f[L],(c1.f1)[KL],c2[L],(f.#a2)[LM],f[LM],(f.#g2)[L],(c1.f1)[L],c2[L],(c1.f1)[L],#a1[L],(#g.c2)[KL],#g[L],(#d1.#g1)[J],(#g.#a2)[LM],#g[LM],(#g.#g2)[L],(#d1.#g1)[L],c2[L],(#d1.#g1.c2)[L],c2[L],#a[L],#a1[K],#a[L],(f1.#a1)[KL],c2[L],(#a.#a2)[LM],#a[LM],(#a.#g2)[L],(f1.#a1)[L],c2[L],(f1.#a1)[L],c2[L],#c[L],#a1[K],#c[L],(#g.#c1)[J],#c[LM],#c[LM],#c[L],(#a.#d1)[K],(#a.#d1)[K],(f.#g.c1)[J],(f.#g.c1)[KL],c2[L],(f.#g.c1.#a2)[KL],#g2[L],(f.#g.c1)[K],c2[L],#a1[L],(#d.#g.c1.c2)[J],(#d.#g.c1)[KL],c2[L],(#d.#g.c1.#a2)[KL],#g2[L],(#d.#g.c1)[L],c2[L],c2[L],c2[L],(#c.f.#a)[L],#a1[KL],(#c.f.#a)[K],(#c.f.#a)[L],c2[L],(#c.f.#a.#a2)[KL],#g2[L],(#c.f.#a)[L],c2[L],(#c.f.#a.c2)[L],c2[L],(#c.f.#g)[L],#a1[L],(#c.f.#g)[K],(#c.f.#g)[K],(#c.f.#g)[K],(#c.f.#g)[K],(#c.f.#g)[K],(#c.f.#a)[J],(f.#g.c1.f1)[J],g1[J],g1[J],#g1[J],(f.#g.#c1.f1)[J],g1[J],#a1[J],#g1[J],(c.#d.#g.#g1)[J],#d1[J],#d1[J],#g1[J],(c.e.g.g1)[J],g1[J],g1[J],g1[J],(f.#g.c1.f1)[J],g1[J],g1[J],#g1[J],(f.#g.#c1.f1)[J],g1[J],#a1[J],#g1[J],(c.#d.#g.#g1)[J],#d1[J],#d1[J],#g1[J],(c.e.g.g1)[J],g1[J],(c.e.g.g1)[I],(F-1.c.f.#g.c1.f1)[IJKLN];"]}]}