{"baseBpm":330,"musics":[{"bpm":330,"baseBeats":0.5,"scores":["TU,QSU,T,mute[L],5<U>,mute[L],5<U>,mute[L],5<U>,mute[L],5<U>,mute[L],5<U>,mute[L],5<U>,mute[L],5<U>,mute[L],5<U>,mute[L],5<U>,mute[L],5<U>,mute[L],5<U>,mute[L],5<U>,mute[L],5<U>,mute[L],5<U>,mute[L],5<U>,mute[L],5<U>,mute[L],5<U>,mute[L],5<U>,mute[L],5<U>,mute[L],5<U>,mute[L],5<U>,mute[L],5<U>,mute[L],5<U>,mute[L],5<U>,mute[L],5<U>,mute[L],5<U>,mute[L],5<U>,mute[L],5<U>,mute[L],5<U>,mute[L],5<U>,mute[L],5<U>,mute[L],5<U>,mute[L],5<U>,mute[L],5<U>,mute[L],5<U>,mute[L],5<U>,mute[L],5<U>,mute[L],5<U>,mute[L],5<U>,mute[L],5<U>,mute[L],5<U>,mute[L],5<U>,mute[L],5<U>,mute[L],5<U>,mute[L],5<U>,mute[L],5<U>,mute[L],5<U>,mute[L],5<U>,mute[L],5<U>,mute[L],5<U>,mute[L],5<U>,mute[L],5<U>,mute[L],5<U>,mute[L],5<U>,mute[L],5<U>,mute[L],5<U>,mute[L],5<U>,mute[L],5<U>,mute[L],5<U>,mute[L],5<U>,mute[L],5<U>,mute[L],5<U>,mute[L],5<U>,mute[L],5<U>,,","(b1.f1.g1)[KL],(b1.f1.g1)[HJL],(f.b1.c2.#d1.F-1.f1.b2)[LM],(f.b1)[M],(f.a1.#c2.e1.a2)[L],(c2.#d1)[M],(f.a1)[M],(#d1.c2.F-1.#d2)[L],(#c2.e1)[M],#d1[M],(g.#c1.#c2.e1.#d.G-1.g1)[L],(c2.#d1)[M],(g.#c1)[M],(g.b1.c2.#d1.b2)[L],(#c2.e1)[M],(g.b1)[M],(a1.#c2.e1.#d.G-1.a2)[L],(c2.#d1)[M],a1[M],(f.#d1.c2.B-2.F-1.f1.#d2)[L],(#c2.e1)[M],(f.#d1)[M],(f.#c1.#c2.e1)[L],(c2.#d1)[M],(f.#c1)[M],(b1.c2.#d1.B-2.F-1.b2)[L],(#c2.e1)[M],b1[M],(g.a1.#c2.e1.A-1.G-1.g1.a2)[L],(c2.#d1)[M],(g.a1)[M],(g.#d1.c2.#d2)[L],(#c2.e1)[M],(g.#d1)[M],(#c1.#c2.e1.A-1.G-1)[L],(c2.#d1)[M],#c1[M],(f.b1.c2.#d1.F-1.#a4.f1.b2)[L],(#c2.e1)[M],(f.b1)[M],(f.a1.#c2.e1.a2)[L],(c2.#d1)[M],(f.a1)[M],(#d1.c2.F-1.#d2)[L],(#c2.e1)[M],#d1[M],(g.#c1.#c2.e1.#d.G-1.g1)[L],(c2.#d1)[M],(g.#c1)[M],(g.b1.c2.#d1.b2)[L],(#c2.e1)[M],(g.b1)[M],(a1.#c2.e1.#d.G-1.a2)[L],(c2.#d1)[M],a1[M],(f.#d1.c2.B-2.F-1.f1.#d2)[L],(#c2.e1)[M],(f.#d1)[M],(f.#c1.#c2.e1)[L],(c2.#d1)[M],(f.#c1)[M],(b1.c2.#d1.B-2.F-1.b2)[L],(#c2.e1)[M],b1[M],(g.a1.#c2.e1.A-1.G-1.g1.a2)[L],(c2.#d1)[M],(g.a1)[M],(g.#d1.c2.#d2)[L],(#c2.e1)[M],(g.#d1)[M],(#c1.#c2.e1.A-1.G-1)[L],(c2.#d1)[M],#c1[M],(c2.#f1.c3.#f.#c2.e1.#F-1)[L],(#c2.e1)[M],(c2.#f)[M],(#a1.#a2.#f.d2.f1)[L],(#c2.e1)[M],(#a1.#f)[M],(e1.e2.#c2.#F-1)[L],(d2.f1)[M],e1[M],(d1.#g1.d2.#g.f1.e.#G-1)[L],(#c2.e1)[M],(d1.#g)[M],(c2.c3.#g.#c2.e1)[L],(d2.f1)[M],(c2.#g)[M],(#a1.#a2.d2.f1.e.#G-1)[L],(#c2.e1)[M],#a1[M],(e1.#f1.e2.#f.#c2.C-1.#F-1)[L],(d2.f1)[M],(e1.#f)[M],(d1.d2.#f.f1)[L],(#c2.e1)[M],(d1.#f)[M],(c2.c3.#c2.e1.C-1.#F-1)[L],(d2.f1)[M],c2[M],(#a1.#g1.#a2.#g.d2.f1.#A-1.#G-1)[L],(#c2.e1)[M],(#a1.#g)[M],(e1.e2.#g.#c2)[L],(d2.f1)[M],(e1.#g)[M],(d1.d2.f1.#A-1.#G-1)[L],(#c2.e1)[M],d1[M],(c2.#f1.c3.#f.#c2.e1.#F-1)[L],(d2.f1)[M],(c2.#f)[M],(#a1.#a2.#f.d2.f1)[L],(#c2.e1)[M],(#a1.#f)[M],(e1.e2.#c2.#F-1)[L],(d2.f1)[M],e1[M],(d1.#g1.d2.#g.f1.e.#G-1)[L],(#c2.e1)[M],(d1.#g)[M],(c2.c3.#g.#c2.e1)[L],(d2.f1)[M],(c2.#g)[M],(#a1.#a2.d2.f1.e.#G-1)[L],(#c2.e1)[M],#a1[M],(e1.#f1.e2.#f.#c2.C-1.#F-1)[L],(d2.f1)[M],(e1.#f)[M],(d1.d2.#f.f1)[L],(#c2.e1)[M],(d1.#f)[M],(c2.c3.#c2.e1.C-1.#F-1)[L],(d2.f1)[M],c2[M],(#a1.#g1.#a2.#g.d2.f1.#A-1.#G-1)[L],(#c2.e1)[M],(#a1.#g)[M],(e1.e2.#g.#c2)[L],(d2.f1)[M],(e1.#g)[M],(d1.d2.f1.#A-1.#G-1)[L],(#c2.e1)[M],d1[M],(f.b1.c2.#d1.F-1.f1.b2)[L],(d2.f1)[M],(f.b1)[M],(f.a1.#c2.e1.a2)[L],(c2.#d1)[M],(f.a1)[M],(#d1.c2.F-1.#d2)[L],(#c2.e1)[M],#d1[M],(g.#c1.#c2.e1.#d.G-1.g1)[L],(c2.#d1)[M],(g.#c1)[M],(g.b1.c2.#d1.b2)[L],(#c2.e1)[M],(g.b1)[M],(a1.#c2.e1.#d.G-1.a2)[L],(c2.#d1)[M],a1[M],(f.#d1.c2.B-2.F-1.f1.#d2)[L],(#c2.e1)[M],(f.#d1)[M],(f.#c1.#c2.e1)[L],(c2.#d1)[M],(f.#c1)[M],(b1.c2.#d1.B-2.F-1.b2)[L],(#c2.e1)[M],b1[M],(g.a1.#c2.e1.A-1.G-1.g1.a2)[L],(c2.#d1)[M],(g.a1)[M],(g.#d1.c2.#d2)[L],(#c2.e1)[M],(g.#d1)[M],(#c1.#c2.e1.A-1.G-1)[L],(c2.#d1)[M],#c1[M],(f.b1.c2.#d1.F-1.#a4.f1.b2)[L],(#c2.e1)[M],(f.b1)[M],(f.a1.#c2.e1.a2)[L],(c2.#d1)[M],(f.a1)[M],(#d1.c2.F-1.#d2)[L],(#c2.e1)[M],#d1[M],(g.#c1.#c2.e1.#d.G-1.g1)[L],(c2.#d1)[M],(g.#c1)[M],(g.b1.c2.#d1.b2)[L],(#c2.e1)[M],(g.b1)[M],"],"id":1},{"bpm":330,"baseBeats":0.5,"scores":["U,5<U>,mute[L],5<U>,mute[L],5<U>,mute[L],5<U>,mute[L],5<U>,mute[L],5<U>,mute[L],5<U>,mute[L],5<U>,mute[L],5<U>,mute[L],5<U>,mute[L],5<U>,mute[L],5<U>,mute[L],5<U>,mute[L],5<U>,mute[L],5<U>,mute[L],5<U>,mute[L],5<U>,mute[L],5<U>,mute[L],5<U>,mute[L],5<U>,mute[L],5<U>,mute[L],5<U>,mute[L],5<U>,mute[L],5<U>,mute[L],5<U>,mute[L],5<U>,mute[L],5<U>,mute[L],5<U>,mute[L],5<U>,mute[L],5<U>,mute[L],5<U>,T,mute[L],5<U>,mute[L],5<U>,mute[L],5<U>,mute[L],5<U>,mute[L],5<U>,mute[L],5<U>,mute[L],5<U>,mute[L],5<U>,mute[L],5<U>,mute[L],5<U>,mute[L],5<U>,mute[L],5<U>,mute[L],5<U>,mute[L],5<U>,mute[L],5<U>,mute[L],5<U>,mute[L],5<U>,mute[L],5<U>,mute[L],5<U>,mute[L],5<U>,mute[L],5<U>,mute[L],5<U>,mute[L],5<U>,mute[L],5<U>,mute[L],5<U>,mute[L],5<U>,mute[L],5<U>,mute[L],5<U>,mute[L],5<U>,mute[L],5<U>,mute[L],5<U>,mute[L],5<U>,mute[L],5<U>,mute[L],5<U>,mute[L],5<U>,mute[L],5<U>,,","(a1.#c2.e1.#d.G-1.a2)[L],(c2.#d1)[M],a1[M],(f.#d1.c2.B-2.F-1.f1.#d2)[L],(#c2.e1)[M],(f.#d1)[M],(f.#c1.#c2.e1)[L],(c2.#d1)[M],(f.#c1)[M],(b1.c2.#d1.B-2.F-1.b2)[L],(#c2.e1)[M],b1[M],(g.a1.#c2.e1.A-1.G-1.g1.a2)[L],(c2.#d1)[M],(g.a1)[M],(g.#d1.c2.#d2)[L],(#c2.e1)[M],(g.#d1)[M],(#c1.#c2.e1.A-1.G-1)[L],(c2.#d1)[M],#c1[M],(c2.#f1.c3.#f.#c2.e1.#F-1)[L],(#c2.e1)[M],(c2.#f)[M],(#a1.#a2.#f.d2.f1)[L],(#c2.e1)[M],(#a1.#f)[M],(e1.e2.#c2.#F-1)[L],(d2.f1)[M],e1[M],(d1.#g1.d2.#g.f1.e.#G-1)[L],(#c2.e1)[M],(d1.#g)[M],(c2.c3.#g.#c2.e1)[L],(d2.f1)[M],(c2.#g)[M],(#a1.#a2.d2.f1.e.#G-1)[L],(#c2.e1)[M],#a1[M],(e1.#f1.e2.#f.#c2.C-1.#F-1)[L],(d2.f1)[M],(e1.#f)[M],(d1.d2.#f.f1)[L],(#c2.e1)[M],(d1.#f)[M],(c2.c3.#c2.e1.C-1.#F-1)[L],(d2.f1)[M],c2[M],(#a1.#g1.#a2.#g.d2.f1.#A-1.#G-1)[L],(#c2.e1)[M],(#a1.#g)[M],(e1.e2.#g.#c2)[L],(d2.f1)[M],(e1.#g)[M],(d1.d2.f1.#A-1.#G-1)[L],(#c2.e1)[M],d1[M],(c2.#f1.c3.#f.#c2.e1.#F-1)[L],(d2.f1)[M],(c2.#f)[M],(#a1.#a2.#f.d2.f1)[L],(#c2.e1)[M],(#a1.#f)[M],(e1.e2.#c2.#F-1)[L],(d2.f1)[M],e1[M],(d1.#g1.d2.#g.f1.e.#G-1)[L],(#c2.e1)[M],(d1.#g)[M],(c2.c3.#g.#c2.e1)[L],(d2.f1)[M],(c2.#g)[M],(#a1.#a2.d2.f1.e.#G-1)[L],(#c2.e1)[M],#a1[M],(e1.#f1.e2.#f.#c2.C-1.#F-1)[L],(d2.f1)[M],(e1.#f)[M],(d1.d2.#f.f1)[L],(#c2.e1)[M],(d1.#f)[M],(c2.c3.#d2.#f1.C-1.#F-1)[L],(d2.f1)[M],c2[M],(#a1.#g1.#a2.#g.e2.g1.#A-1.#G-1)[L],(#d2.#f1)[M],(#a1.#g)[M],(e1.e2.#g.f2.#g1)[L],(e2.g1)[M],(e1.#g)[M],(d1.d2.#f2.a1.#A-1.#G-1)[L],(f2.#g1)[M],d1[M],(f.b1.c2.#d1.F-1.f1.b2)[LM],(f.b1)[M],(f.a1.#c2.e1.a2)[L],(c2.#d1)[M],(f.a1)[M],(#d1.c2.F-1.#d2)[L],(#c2.e1)[M],#d1[M],(g.#c1.#c2.e1.#d.G-1.g1)[L],(c2.#d1)[M],(g.#c1)[M],(g.b1.c2.#d1.b2)[L],(#c2.e1)[M],(g.b1)[M],(a1.#c2.e1.#d.G-1.a2)[L],(c2.#d1)[M],a1[M],(f.#d1.c2.B-2.F-1.f1.#d2)[L],(#c2.e1)[M],(f.#d1)[M],(f.#c1.#c2.e1)[L],(c2.#d1)[M],(f.#c1)[M],(b1.c2.#d1.B-2.F-1.b2)[L],(#c2.e1)[M],b1[M],(g.a1.#c2.e1.A-1.G-1.g1.a2)[L],(c2.#d1)[M],(g.a1)[M],(g.#d1.c2.#d2)[L],(#c2.e1)[M],(g.#d1)[M],(#c1.#c2.e1.A-1.G-1)[L],(c2.#d1)[M],#c1[M],(f.b1.c2.#d1.F-1.#a4.f1.b2)[L],(#c2.e1)[M],(f.b1)[M],(f.a1.#c2.e1.a2)[L],(c2.#d1)[M],(f.a1)[M],(#d1.c2.F-1.#d2)[L],(#c2.e1)[M],#d1[M],(g.#c1.#c2.e1.#d.G-1.g1)[L],(c2.#d1)[M],(g.#c1)[M],(g.b1.c2.#d1.b2)[L],(#c2.e1)[M],(g.b1)[M],(a1.#c2.e1.#d.G-1.a2)[L],(c2.#d1)[M],a1[M],(f.#d1.c2.B-2.F-1.f1.#d2)[L],(#c2.e1)[M],(f.#d1)[M],(f.#c1.#c2.e1)[L],(c2.#d1)[M],(f.#c1)[M],(b1.c2.#d1.B-2.F-1.b2)[L],(#c2.e1)[M],b1[M],(g.a1.#c2.e1.A-1.G-1.g1.a2)[L],(c2.#d1)[M],(g.a1)[M],(g.#d1.c2.#d2)[L],(#c2.e1)[M],(g.#d1)[M],(#c1.#c2.e1.A-1.G-1)[L],(c2.#d1)[M],#c1[M],(c2.#f1.c3.#f.#c2.e1.#F-1)[L],(#c2.e1)[M],(c2.#f)[M],(#a1.#a2.#f.d2.f1)[L],(#c2.e1)[M],(#a1.#f)[M],(e1.e2.#c2.#F-1)[L],(d2.f1)[M],e1[M],(d1.#g1.d2.#g.f1.e.#G-1)[L],(#c2.e1)[M],(d1.#g)[M],(c2.c3.#g.#c2.e1)[L],(d2.f1)[M],(c2.#g)[M],(#a1.#a2.d2.f1.e.#G-1)[L],(#c2.e1)[M],#a1[M],(e1.#f1.e2.#f.#c2.C-1.#F-1)[L],(d2.f1)[M],(e1.#f)[M],(d1.d2.#f.f1)[L],(#c2.e1)[M],(d1.#f)[M],(c2.c3.#c2.e1.C-1.#F-1)[L],(d2.f1)[M],c2[M],(#a1.#g1.#a2.#g.d2.f1.#A-1.#G-1)[L],(#c2.e1)[M],(#a1.#g)[M],(e1.e2.#g.#c2)[L],(d2.f1)[M],(e1.#g)[M],(d1.d2.f1.#A-1.#G-1)[L],(#c2.e1)[M],d1[M],(c2.#f1.c3.#f.#c2.e1.#F-1)[L],(d2.f1)[M],(c2.#f)[M],"],"id":2},{"bpm":330,"baseBeats":0.5,"scores":["U,5<U>,mute[L],5<U>,mute[L],5<U>,mute[L],5<U>,mute[L],5<U>,mute[L],5<U>,mute[L],5<U>,mute[L],5<U>,mute[L],5<U>,mute[L],5<U>,mute[L],5<U>,mute[L],5<U>,mute[L],5<U>,mute[L],5<U>,mute[L],5<U>,mute[L],5<U>,mute[L],5<U>,mute[L],5<U>,mute[L],5<U>,mute[L],5<U>,mute[L],5<U>,mute[L],5<U>,mute[L],5<U>,mute[L],5<U>,mute[L],5<U>,mute[L],5<U>,mute[L],5<U>,mute[L],5<U>,mute[L],5<U>,mute[L],5<U>,mute[L],5<U>,mute[L],5<U>,mute[L],5<U>,mute[L],5<U>,mute[L],5<U>,mute[L],5<U>,mute[L],5<U>,mute[L],5<U>,mute[L],5<U>,mute[L],5<U>,mute[L],5<U>,mute[L],5<U>,mute[L],5<U>,mute[L],5<U>,mute[L],5<U>,mute[L],5<U>,mute[L],5<U>,mute[L],5<U>,mute[L],5<U>,mute[L],5<U>,mute[L],5<U>,mute[L],5<U>,mute[L],5<U>,mute[L],5<U>,mute[L],5<U>,mute[L],5<U>,mute[L],5<U>,mute[L],5<U>,mute[L],","(#a1.#a2.#f.d2.f1)[L],(#c2.e1)[M],(#a1.#f)[M],(e1.e2.#c2.#F-1)[L],(d2.f1)[M],e1[M],(d1.#g1.d2.#g.f1.e.#G-1)[L],(#c2.e1)[M],(d1.#g)[M],(c2.c3.#g.#c2.e1)[L],(d2.f1)[M],(c2.#g)[M],(#a1.#a2.d2.f1.e.#G-1)[L],(#c2.e1)[M],#a1[M],(e1.#f1.e2.#f.#c2.C-1.#F-1)[L],(d2.f1)[M],(e1.#f)[M],(d1.d2.#f.f1)[L],(#c2.e1)[M],(d1.#f)[M],(c2.c3.#c2.e1.C-1.#F-1)[L],(d2.f1)[M],c2[M],(#a1.#g1.#a2.#g.d2.f1.#A-1.#G-1)[L],(#c2.e1)[M],(#a1.#g)[M],(e1.e2.#g.#c2)[L],(d2.f1)[M],(e1.#g)[M],(d1.d2.f1.#A-1.#G-1)[L],(#c2.e1)[M],d1[M],(f.b1.c2.#d1.F-1.f1.b2)[L],(d2.f1)[M],(f.b1)[M],(f.a1.#c2.e1.a2)[L],(c2.#d1)[M],(f.a1)[M],(#d1.c2.F-1.#d2)[L],(#c2.e1)[M],#d1[M],(g.#c1.#c2.e1.#d.G-1.g1)[L],(c2.#d1)[M],(g.#c1)[M],(g.b1.c2.#d1.b2)[L],(#c2.e1)[M],(g.b1)[M],(a1.#c2.e1.#d.G-1.a2)[L],(c2.#d1)[M],a1[M],(f.#d1.c2.B-2.F-1.f1.#d2)[L],(#c2.e1)[M],(f.#d1)[M],(f.#c1.#c2.e1)[L],(c2.#d1)[M],(f.#c1)[M],(b1.c2.#d1.B-2.F-1.b2)[L],(#c2.e1)[M],b1[M],(g.a1.#c2.e1.A-1.G-1.g1.a2)[L],(c2.#d1)[M],(g.a1)[M],(g.#d1.c2.#d2)[L],(#c2.e1)[M],(g.#d1)[M],(#c1.#c2.e1.A-1.G-1)[L],(c2.#d1)[M],#c1[M],(f.b1.c2.#d1.F-1.#a4.f1.b2)[L],(#c2.e1)[M],(f.b1)[M],(f.a1.#c2.e1.a2)[L],(c2.#d1)[M],(f.a1)[M],(#d1.c2.F-1.#d2)[L],(#c2.e1)[M],#d1[M],(g.#c1.#c2.e1.#d.G-1.g1)[L],(c2.#d1)[M],(g.#c1)[M],(g.b1.c2.#d1.b2)[L],(#c2.e1)[M],(g.b1)[M],(a1.#c2.e1.#d.G-1.a2)[L],(c2.#d1)[M],a1[M],(f.#d1.c2.B-2.F-1.f1.#d2)[L],(#c2.e1)[M],(f.#d1)[M],(f.#c1.#c2.e1)[L],(c2.#d1)[M],(f.#c1)[M],(b1.c2.#d1.B-2.F-1.b2)[L],(#c2.e1)[M],b1[M],(g.a1.#c2.e1.A-1.G-1.g1.a2)[L],(c2.#d1)[M],(g.a1)[M],(g.#d1.c2.#d2)[L],(#c2.e1)[M],(g.#d1)[M],(#c1.#c2.e1.A-1.G-1)[L],(c2.#d1)[M],#c1[M],(c2.#f1.c3.#f.#c2.e1.#F-1)[L],(#c2.e1)[M],(c2.#f)[M],(#a1.#a2.#f.d2.f1)[L],(#c2.e1)[M],(#a1.#f)[M],(e1.e2.#c2.#F-1)[L],(d2.f1)[M],e1[M],(d1.#g1.d2.#g.f1.e.#G-1)[L],(#c2.e1)[M],(d1.#g)[M],(c2.c3.#g.#c2.e1)[L],(d2.f1)[M],(c2.#g)[M],(#a1.#a2.d2.f1.e.#G-1)[L],(#c2.e1)[M],#a1[M],(e1.#f1.e2.#f.#c2.C-1.#F-1)[L],(d2.f1)[M],(e1.#f)[M],(d1.d2.#f.f1)[L],(#c2.e1)[M],(d1.#f)[M],(c2.c3.#c2.e1.C-1.#F-1)[L],(d2.f1)[M],c2[M],(#a1.#g1.#a2.#g.d2.f1.#A-1.#G-1)[L],(#c2.e1)[M],(#a1.#g)[M],(e1.e2.#g.#c2)[L],(d2.f1)[M],(e1.#g)[M],(d1.d2.f1.#A-1.#G-1)[L],(#c2.e1)[M],d1[M],(c2.#f1.c3.#f.#c2.e1.#F-1)[L],(d2.f1)[M],(c2.#f)[M],(#a1.#a2.#f.d2.f1)[L],(#c2.e1)[M],(#a1.#f)[M],(e1.e2.#c2.#F-1)[L],(d2.f1)[M],e1[M],(d1.#g1.d2.#g.f1.e.#G-1)[L],(#c2.e1)[M],(d1.#g)[M],(c2.c3.#g.#c2.e1)[L],(d2.f1)[M],(c2.#g)[M],(#a1.#a2.d2.f1.e.#G-1)[L],(#c2.e1)[M],#a1[M],(e1.#f1.e2.#f.#c2.C-1.#F-1)[L],(d2.f1)[M],(e1.#f)[M],(d1.d2.#f.f1)[L],(#c2.e1)[M],(d1.#f)[M],(c2.c3.#d2.#f1.C-1.#F-1)[L],(d2.f1)[M],c2[M],(#a1.#g1.#a2.#g.e2.g1.#A-1.#G-1)[L],(#d2.#f1)[M],(#a1.#g)[M],(e1.e2.#g.f2.#g1)[L],(e2.g1)[M],(e1.#g)[M],(d1.d2.#f2.a1.#A-1.#G-1)[L],"],"id":3}],"audition":{"start":[0,0],"end":[1,0]}}