{"baseBpm":35,"musics":[{"id":1,"baseBeats":0.125,"scores":["9<(a1.d2.#f2)[J]>;9<(b1.d2.#f2)[J]>;#f2[L],b2[M],g2[NO],8<#f2[O]>,e2[M],d2[M],#c2[M],d2[M];9<(e1.a1.#c2)[K]>,b1[M],a1[LM];9<a2[K]>,c2[L],a2[M],c2[M];b1[M],#f2[M],c2[M],b1[M],e2[M],#d2[M],a2[M],g2[M];(b1.e2.g2)[L],e2[M],d2[M],e2[M],#f2[M],g2[M],e2[M];a1[M],e2[M],b1[M],a1[M],d2[M],#c2[M],g2[M],#f2[M];9<(a1.d2.#f2)[KL]>,#g2[M],a2[M];(#f1.a1.d2)[L],d2[N],e2[N],#f2[M],(#g1.b1.#f2)[M],e2[M],(e1.#g1.e2)[M],d2[M];#c2[M],b1[M],b1[N],#c2[N],d2[M],d2[L],(e1.#g1.#c2)[M],b1[M];9<(#c1.e1.a1)[J]>;9<(a1.d2.#f2)[J]>;9<(b1.d2.#f2)[J]>;#f2[L],b2[M],g2[NO],8<#f2[O]>,e2[M],d2[M],#c2[M],d2[M];9<(e1.a1.#c2)[K]>,b1[M],a1[LM];9<a2[K]>,c2[L],a2[M],c2[M];b1[M],#f2[M],c2[M],b1[M],e2[M],#d2[M],a2[M],g2[M];(b1.e2.g2)[L],e2[M],d2[M],e2[M],#f2[M],g2[M],e2[M];a1[M],e2[M],b1[M],a1[M],d2[M],#c2[M],g2[M],#f2[M];9<(a1.d2.#f2)[KL]>,#g2[M],a2[M];(#f1.a1.d2)[L],d2[N],e2[N],#f2[M],(#g1.b1.#f2)[M],e2[M],(e1.#g1.e2)[M],d2[M];#c2[M],b1[M],b1[N],#c2[N],d2[M],d2[L],(e1.#g1.#c2)[M],b1[M];(#c1.e1.a1)[J];","d[L],d1[L],#c1[L],#c[L];B-1[L],b[L],a[L],A-1[L];G-1[L],g[L],#g[L],#G-1[L];A-1[L],a[L],g[L],G-1[L];e2[L],c2[M],b1[M],T;#D-1[L],#d[L],B-1[L],b[L];e[L],e1[L],d1[L],d[L];#c[L],#c1[L],A-1[L],a[L];d[L],d1[L],#c1[L],#c[L];B-1[L],b[L],#g[L],e[L];a[L],d[L],e[L],E-1[L];A-1[M],B-1[M],#c[M],d[M],e[M],g[M],#f[M],e[M];d[L],d1[L],#c1[L],#c[L];B-1[L],b[L],a[L],A-1[L];G-1[L],g[L],#g[L],#G-1[L];A-1[L],a[L],g[L],G-1[L];e2[L],c2[M],b1[M],T;#D-1[L],#d[L],B-1[L],b[L];e[L],e1[L],d1[L],d[L];#c[L],#c1[L],A-1[L],a[L];d[L],d1[L],#c1[L],#c[L];B-1[L],b[L],#g[L],e[L];a[L],d[L],e[L],E-1[L];A-1[J];","T,T;T,T;T,T;T,T;#F-1[L],#f[L],e[L],E-1[L];T,T;T,T;T,T;T,T;T,T;T,T;T,T;T,T;T,T;T,T;T,T;#F-1[L],#f[L],e[L],E-1[L];T,T;T,T;T,T;T,T;T,T;T,T;T,T;"]},{"id":2,"baseBeats":0.125,"scores":["9<(e1.a1.#c2)[K]>,mute[M],d2[N],#c2[N],b1[N],#c2[N],a1[M];9<a2[K]>,mute[M],b1[M],9<c2[L]>;(#f1.b1)[L],b2[LM],a2[M],g2[M],#f2[M];g2[KN],#f2[N],e2[N],d2[N],#c2[M],b1[M];(#c1.#a1)[M],(d1.b1)[M],(e1.#c2)[M],#f1[M],g1[M],(#f1.d2)[M],(g1.e2)[M],e1[M];(g1.e2)[M],#f2[M],9<(b1.g2)[K]>,#f2[L];e2[M],d2[M],#c2[M],b1[M],#c2[M],d2[N],e2[N],d2[M],#c2[M];9<(d1.#f1.b1)[J]>;9<(b1.d2)[K]>,mute[M],#f2[M],e2[M],d2[M];9<(e2.#g2.b2)[K]>,U,a2[M],#g2[M];#f2[N],e2[N],a2[M],a1[L],b1[LM],#c2[N],d2[N];(e1.#c2)[LM],(d1.b1)[M],9<(#c1.a1)[K]>;d2[L],b1[M],c2[M],b1[M],#c2[M],(d2.#f2)[M],e2[M];e2[L],#c2[M],b1[M],#c2[M],#d2[M],(e2.g2)[M],#f2[M];#f2[L],#d2[M],#c2[M],#d2[M],e2[M],(#f2.a2)[M],g2[M];g2[M],#d2[M],e2[M],b1[M],g1[L],e1[L];a1[KM],#c2[M],e2[M],g2[M];g2[M],e2[M],#f2[KM],g2[N],a2[N];d2[KM],#f2[M],a2[M],c3[M];9<(d2.g2.b2)[KL]>,d2[L];#c2[M],e2[M],9<g2[K]>,b1[L];a1[L],e2[M],#f2[N],g2[N],g2[M],#f2[L],e2[M];d2[N],#c2[N],b1[M],6<#c2[MNO],d2[O]>,5<#c2[O],d2[O]>,5<#c2[O],d2[O]>,5<#c2[O],d2[O]>,5<#c2[O],d2[O]>,#c2[M],d2[M];(a1.d2)[J];","A-1[L],a[L],g[L],G-1[L];V,b1[M],c2[L],V,V,a1[M],g1[M];#D-1[L],#d[L],#f[L],B-1[L];(b1.e2)[K],U,U;#c[L],#c1[L],b[L],B-1[L];#A-1[L],B-1[L],#c[L],#A-1[L];B-1[L],g[L],e[L],#f[L];B-1[L],b[L],a[L],A-1[L];#G-1[L],#g[L],#f[L],#F-1[L];E-1[L],e[L],d[L],D-1[L];#C-1[L],#c[L],d[L],e[L];A-1[L],a[L],g[L],G-1[L];#F-1[L],#f[L],g[L],G-1[L];#G-1[L],#g[L],a[L],A-1[L];#A-1[L],#a[L],b[L],B-1[L];e[L],e1[L],d1[L],d[L];#c[L],#c1[L],a[L],#c1[L];d1[L],d[L],c[L],c1[L];b[L],B-1[L],A-1[L],a[L];g[L],G-1[L],#F-1[L],#f[L];e[L],E-1[L],D-1[L],d[L];#c[L],A-1[L],d[L],g[L];a[L],g[L],a[L],A-1[L];(d.d1)[J];","T,T;#F-1[L],#f[L],e[L],E-1[L];T,T;e[L],e1[L],d1[L],d[L];T,T;T,T;T,T;T,T;T,T;T,T;T,T;T,T;T,T;T,T;T,T;T,T;T,T;T,T;T,T;T,T;T,T;T,T;T,T;T,T;"]},{"id":3,"baseBeats":0.125,"scores":["9<(e1.a1.#c2)[K]>,mute[M],d2[N],#c2[N],b1[N],#c2[N],a1[M];9<a2[K]>,mute[M],b1[M],9<c2[L]>;(#f1.b1)[L],b2[LM],a2[M],g2[M],#f2[M];g2[KN],#f2[N],e2[N],d2[N],#c2[M],b1[M];(#c1.#a1)[M],(d1.b1)[M],(e1.#c2)[M],#f1[M],g1[M],(#f1.d2)[M],(g1.e2)[M],e1[M];(g1.e2)[M],#f2[M],9<(b1.g2)[K]>,#f2[L];e2[M],d2[M],#c2[M],b1[M],#c2[M],d2[N],e2[N],d2[M],#c2[M];9<(d1.#f1.b1)[J]>;9<(b1.d2)[K]>,mute[M],#f2[M],e2[M],d2[M];9<(e2.#g2.b2)[K]>,U,a2[M],#g2[M];#f2[N],e2[N],a2[M],a1[L],b1[LM],#c2[N],d2[N];(e1.#c2)[LM],(d1.b1)[M],9<(#c1.a1)[K]>;d2[L],b1[M],c2[M],b1[M],#c2[M],(d2.#f2)[M],e2[M];e2[L],#c2[M],b1[M],#c2[M],#d2[M],(e2.g2)[M],#f2[M];#f2[L],#d2[M],#c2[M],#d2[M],e2[M],(#f2.a2)[M],g2[M];g2[M],#d2[M],e2[M],b1[M],g1[L],e1[L];a1[KM],#c2[M],e2[M],g2[M];g2[M],e2[M],#f2[KM],g2[N],a2[N];d2[KM],#f2[M],a2[M],c3[M];9<(d2.g2.b2)[KL]>,d2[L];#c2[M],e2[M],9<g2[K]>,b1[L];a1[L],e2[M],#f2[N],g2[N],g2[M],#f2[L],e2[M];d2[N],#c2[N],b1[M],6<#c2[MNO],d2[O]>,5<#c2[O],d2[O]>,5<#c2[O],d2[O]>,5<#c2[O],d2[O]>,5<#c2[O],d2[O]>,#c2[M],d2[M];(a1.d2)[J];","A-1[L],a[L],g[L],G-1[L];V,b1[M],c2[L],V,V,a1[M],g1[M];#D-1[L],#d[L],#f[L],B-1[L];(b1.e2)[K],U,U;#c[L],#c1[L],b[L],B-1[L];#A-1[L],B-1[L],#c[L],#A-1[L];B-1[L],g[L],e[L],#f[L];B-1[L],b[L],a[L],A-1[L];#G-1[L],#g[L],#f[L],#F-1[L];E-1[L],e[L],d[L],D-1[L];#C-1[L],#c[L],d[L],e[L];A-1[L],a[L],g[L],G-1[L];#F-1[L],#f[L],g[L],G-1[L];#G-1[L],#g[L],a[L],A-1[L];#A-1[L],#a[L],b[L],B-1[L];e[L],e1[L],d1[L],d[L];#c[L],#c1[L],a[L],#c1[L];d1[L],d[L],c[L],c1[L];b[L],B-1[L],A-1[L],a[L];g[L],G-1[L],#F-1[L],#f[L];e[L],E-1[L],D-1[L],d[L];#c[L],A-1[L],d[L],g[L];a[L],g[L],a[L],A-1[L];(d.d1)[J];","T,T;#F-1[L],#f[L],e[L],E-1[L];T,T;e[L],e1[L],d1[L],d[L];T,T;T,T;T,T;T,T;T,T;T,T;T,T;T,T;T,T;T,T;T,T;T,T;T,T;T,T;T,T;T,T;T,T;T,T;T,T;T,T;"]}]}