{"baseBpm":600,"musics":[{"bpm":600,"baseBeats":0.75,"scores":["TU,TU,TU,TU,TU,TU,TU,TU,TU,TU,TU,TU,TU,TU,TU,TU,TU,TU,TU,TU,TU,TU,TU,TU,TU,TU,TU,TU,TU,TU,TU,TU,TU,TU,TU,TU,TU,TU,TU,TU,TU,TU,TU,TU,TU,TU,TU,TU,TU,TU,TU,TU,TU,TU,TU,TU,TU,TU,TU,TU,TU,TU,TU,TU,5<UV>,5<UV>,5<UV>,5<UV>,5<UV>,5<UV>,5<UV>,5<UV>,5<UV>,5<UV>,5<UV>,5<UV>,5<UV>,5<UV>,5<UV>,5<UV>,5<UV>,5<UV>,5<UV>,5<UV>,5<UV>,5<UV>,5<UV>,5<UV>,5<UV>,5<UV>,5<UV>,5<UV>,5<UV>,5<UV>,5<UV>,5<UV>,5<UV>,5<UV>,5<UV>,5<UV>,5<UV>,5<UV>,5<UV>,5<UV>,5<UV>,5<UV>,5<UV>,5<UV>,5<UV>,5<UV>,5<UV>,5<UV>,5<UV>,5<UV>,5<UV>,5<UV>,5<UV>,5<UV>,5<UV>,5<UV>,5<UV>,5<UV>,5<UV>,5<UV>,5<UV>,5<UV>,5<UV>,5<UV>,5<UV>,5<UV>,5<UV>,5<UV>,5<UV>,5<UV>,5<UV>,5<UV>,5<UV>,5<UV>,5<UV>,5<UV>,5<UV>,5<UV>,5<UV>,5<UV>,5<UV>,5<UV>,5<UV>,5<UV>,5<UV>,5<UV>,5<UV>,5<UV>,5<UV>,5<UV>,5<UV>,5<UV>,5<UV>,5<UV>,5<UV>,5<UV>,5<UV>,5<UV>,5<UV>,5<UV>,5<UV>,5<UV>,5<UV>,5<UV>,5<UV>,5<UV>,5<UV>,5<UV>,5<UV>,5<UV>,5<UV>,5<UV>,5<UV>,5<UV>,5<UV>,5<UV>,5<UV>,5<UV>,5<UV>,5<UV>,5<UV>,5<UV>,5<UV>,5<UV>,5<UV>,5<UV>,5<UV>,5<UV>,TU,TU,TU,TU,TU,TU,TU,TU,TU,TU,TU,TU,TU,TU,TU,TU,TU,TU,TU,TU,TU,TU,TU,TU,TU,TU,TU,TU,TU,TU,TU,TU,TU,TU,TU,TU,TU,TU,TU,TU,TU,TU,TU,TU,TU,TU,TU,TU,TU,TU,TU,TU,TU,TU,TU,TU,TU,TU,TU,TU,TU,TU,TU,TU,TU,TU,TU,TU,TU,TU,TU,TU,TU,TU,TU,TU,TU,TU,TU,TU,TU,TU,TU,TU,TU,TU,TU,TU,TU,TU,TU,TU,TU,TU,TU,TU,TU,TU,TU,TU,TU,TU,TU,TU,TU,TU,TU,TU,TU,TU,TU,TU,TU,TU,TU,TU,TU,TU,TU,TU,TU,TU,TU,TU,TU,TU,TU,TU,ST,TU,ST,TU,TU,TU,ST,TU,ST,TU,TU,TU,ST,TU,ST,TU,TU,TU,ST,TU,ST,TU,TU,TU,ST,TU,ST,TU,TU,TU,ST,TU,ST,TU,TU,TU,ST,TU,ST,TU,TU,TU,ST,TU,ST,TU,TU,TU,TU,TU,TU,UV,UV,TU,TU,TU,UV,UV,TU,TU,TU,UV,UV,TU,TU,TU,UV,UV,TU,TU,TU,UV,UV,TU,TU,TU,UV,UV,TU,TU,TU,UV,UV,TU,TU,TU,UV,UV,TU,TU,TU,UV,UV,TU,TU,TU,UV,UV,TU,TU,TU,UV,UV,TU,TU,TU,UV,UV,TU,TU,TU,UV,UV,TU,TU,TU,UV,UV,TU,UV,UV,TU,UV,UV,UV,UV,TU,TU,UV,UV,TU,TU,TU,UV,UV,TU,TU,TU,UV,UV,TU,TU,TU,UV,UV,TU,TU,TU,UV,UV,TU,TU,TU,UV,UV,TU,TU,TU,UV,UV,TU,TU,TU,UV,UV,TU,TU,TU,UV,UV,TU,TU,TU,UV,UV,TU,TU,TU,UV,UV,TU,TU,TU,UV,UV,TU,TU,TU,UV,UV,TU,TU,TU,UV,UV,TU,TU,TU,UV,UV,TU,UV,UV,TU,UV,UV,UV,UV,TU,TU,UV,UV,TU,TU,TU,UV,UV,TU,TU,TU,UV,UV,TU,TU,TU,UV,UV,TU,TU,TU,UV,UV,TU,TU,TU,UV,UV,TU,TU,TU,UV,UV,TU,TU,TU,UV,UV,TU,TU,TU,UV,UV,TU,TU,TU,UV,UV,TU,TU,TU,UV,UV,TU,TU,TU,UV,UV,TU,TU,TU,UV,UV,TU,TU,TU,UV,UV,TU,TU,TU,UV,UV,TU,UV,UV,TU,UV,UV,UV,UV,TU,TU,UV,UV,TU,UV,UV,TU,UV,UV,UV,UV,TU,TU,UV,UV,TU,UV,UV,TU,UV,UV,UV,UV,TU,TU,UV,UV,TU,UV,UV,TU,UV,UV,UV,UV,TU,TU,UV,UV,TU,UV,UV,TU,UV,UV,TU,TU,TU,UV,UV,TU,UV,UV,TU,UV,UV,UV,UV,TU,TU,UV,UV,TU,UV,UV,TU,UV,UV,UV,UV,TU,TU,UV,UV,TU,UV,UV,TU,UV,UV,UV,UV,TU,TU,UV,UV,RU,RU,ST,RU,RU,ST,TU,TU,TU,TU,TU,TU,TU,TU,TU,TU,TU,TU,TU,TU,TU,TU,TU,TU,TU,TU,TU,TU,TU,TU,TU,TU,TU,TU,TU,TU,TU,TU,TU,TU,TU,TU,TU,TU,TU,TU,TU,TU,TU,TU,TU,TU,TU,TU,TU,TU,TU,TU,TU,TU,TU,TU,TU,TU,TU,TU,TU,TU,TU,","(d2.#a1.g1)[KL],(d2.#a1.g1)[KL],(d2.#a1.g1)[KL],(d2.#a1.g1)[KL],(d2.#a1.g1)[KL],(d2.#a1.g1)[KL],(d2.#a1.g1)[KL],(d2.#a1.g1)[KL],(d2.#a1.g1)[KL],(d2.#a1.g1)[KL],(d2.#a1.g1)[KL],(d2.#a1.g1)[KL],(d2.#a1.g1)[KL],(d2.#a1.g1)[KL],(c2.a1.f1)[KL],(c2.a1.f1)[KL],(d2.#a1.g1)[KL],(d2.#a1.g1)[KL],(d2.#a1.g1)[KL],(d2.#a1.g1)[KL],(d2.#a1.g1)[KL],(d2.#a1.g1)[KL],(d2.#a1.g1)[KL],(d2.#a1.g1)[KL],(d2.#a1.g1)[KL],(d2.#a1.g1)[KL],(d2.#a1.g1)[KL],(d2.#a1.g1)[KL],(d2.#a1.g1)[KL],(d2.#a1.g1)[KL],(c2.a1.f1)[KL],(c2.a1.f1)[KL],(d2.#a1.g1)[KL],(d2.#a1.g1)[KL],(d2.#a1.g1)[KL],(d2.#a1.g1)[KL],(d2.#a1.g1)[KL],(d2.#a1.g1)[KL],(d2.#a1.g1)[KL],(d2.#a1.g1)[KL],(d2.#a1.g1)[KL],(d2.#a1.g1)[KL],(d2.#a1.g1)[KL],(d2.#a1.g1)[KL],(d2.#a1.g1)[KL],(d2.#a1.g1)[KL],(c2.a1.f1)[KL],(c2.a1.f1)[KL],(d2.#a1.g1)[KL],(d2.#a1.g1)[KL],(d2.#a1.g1)[KL],(d2.#a1.g1)[KL],(d2.#a1.g1)[KL],(d2.#a1.g1)[KL],(d2.#a1.g1)[KL],(d2.#a1.g1)[KL],(d2.#a1.g1)[KL],(d2.#a1.g1)[KL],(d2.#a1.g1)[KL],(d2.#a1.g1)[KL],(d2.#a1.g1)[KL],(d2.#a1.g1)[KL],(c2.a1.f1)[KL],(c2.a1.f1)[KL],g[MN],#a[MN],d1[MN],d1[MN],#a[MN],d1[MN],g1[MN],g1[MN],d1[MN],g1[MN],#a1[MN],#a1[MN],g1[MN],#a1[MN],d2[MN],d2[MN],#a1[MN],d2[MN],g2[MN],g2[MN],d2[MN],g2[MN],#a2[MN],#a2[MN],g2[MN],#a2[MN],d3[MN],d3[MN],#a2[MN],d3[MN],g3[MN],g3[MN],f[MN],a[MN],c1[MN],c1[MN],a[MN],c1[MN],f1[MN],f1[MN],c1[MN],f1[MN],a1[MN],a1[MN],f1[MN],a1[MN],c2[MN],c2[MN],a1[MN],c2[MN],f2[MN],f2[MN],c2[MN],f2[MN],a2[MN],a2[MN],f2[MN],a2[MN],c3[MN],c3[MN],a2[MN],c3[MN],f3[MN],f3[MN],#d[MN],#d[MN],g[MN],#d[MN],g[MN],g[MN],#a[MN],g[MN],#a[MN],#a[MN],#d1[MN],#a[MN],#d1[MN],#d1[MN],g1[MN],#d1[MN],g1[MN],g1[MN],#a1[MN],g1[MN],#a1[MN],#a1[MN],#d2[MN],#a1[MN],#d2[MN],#d2[MN],g2[MN],#d2[MN],g2[MN],g2[MN],#a2[MN],g2[MN],#d2[MN],#d2[MN],g2[MN],#d2[MN],g2[MN],g2[MN],#a2[MN],g2[MN],#a2[MN],#a2[MN],#d3[MN],#a2[MN],#d3[MN],#d3[MN],g3[MN],#d3[MN],g3[MN],g3[MN],#a3[MN],g3[MN],#a3[MN],#a3[MN],#d4[MN],#a3[MN],#d4[MN],#d4[MN],g4[MN],#d4[MN],g4[MN],g4[MN],#a4[MN],#a4[MN],#d[MN],#d[MN],g[MN],#a[MN],g[MN],g[MN],#a[MN],#d1[MN],#a[MN],#a[MN],#d1[MN],g1[MN],#d1[MN],#d1[MN],g1[MN],#a1[MN],g1[MN],g1[MN],#a1[MN],#d2[MN],#a1[MN],#a1[MN],#d2[MN],g2[MN],#d2[MN],#d2[MN],g2[MN],#a2[MN],g2[MN],g2[MN],#a2[MN],#d3[MN],f[MN],f[MN],a[MN],c1[MN],a[MN],a[MN],c1[MN],f1[MN],c1[MN],c1[MN],f1[MN],a1[MN],f1[MN],f1[MN],a1[MN],c2[MN],a1[MN],a1[MN],c2[MN],f2[MN],c2[MN],c2[MN],f2[MN],a2[MN],f2[MN],f2[MN],a2[MN],c3[MN],a2[MN],a2[MN],c3[MN],f3[MN],#d[MN],#d[MN],g[MN],#d[MN],g[MN],g[MN],#a[MN],g[MN],#a[MN],#a[MN],#d1[MN],#a[MN],#d1[MN],#d1[MN],g1[MN],#d1[MN],g1[MN],g1[MN],#a1[MN],g1[MN],#a1[MN],#a1[MN],#d2[MN],#a1[MN],#d2[MN],#d2[MN],g2[MN],#d2[MN],g2[MN],g2[MN],#a2[MN],g2[MN],#d2[MN],#d2[MN],g2[MN],#d2[MN],g2[MN],g2[MN],#a2[MN],g2[MN],#a2[MN],#a2[MN],#d3[MN],#a2[MN],#d3[MN],#d3[MN],g3[MN],#d3[MN],g3[MN],g3[MN],#a3[MN],g3[MN],#a3[MN],#a3[MN],#d4[MN],#a3[MN],#d4[MN],#d4[MN],g4[MN],#d4[MN],g4[MN],g4[MN],#a4[MN],#a4[MN],(d2.#a1.g1)[KL],(d2.#a1.g1)[KL],(c2.d2.#a1.g1)[KL],(#a1.d2.g1)[KL],(d2.#a1.g1)[KL],(d1.d2.#a1.g1)[KL],(g1.d2.#a1)[KL],(a1.d2.#a1.g1)[KL],(c2.a1.f1)[KL],(c1.c2.a1.f1)[KL],(a1.c2.f1)[KL],(g1.c2.a1.f1)[KL],(d1.c2.a1.f1)[KL],(c1.c2.a1.f1)[KL],(f1.c2.a1)[KL],(g1.c2.a1.f1)[KL],(#a1.f1.#d1)[KL],(#a1.f1.#d1)[KL],(#a1.f1.#d1)[KL],(#a1.f1.#d1)[KL],(#a1.f1.#d1)[KL],(#a1.f1.#d1)[KL],(c2.#a1.f1.#d1)[KL],(d2.#a1.f1.#d1)[KL],(#a1.g1.#d1)[KL],(#a1.g1.#d1)[KL],(#a1.g1.#d1)[KL],(#a1.g1.#d1)[KL],(#a1.g1.#d1)[KL],(#a1.g1.#d1)[KL],(g1.#a1.#d1)[KL],(#a1.g1.#d1)[KL],(d2.#a1.g1.#d1)[KL],(#a1.g1.#d1)[KL],(c2.#a1.g1.#d1)[KL],(#a1.g1.#d1)[KL],(#a1.g1.#d1)[KL],(d1.#a1.g1.#d1)[KL],(g1.#a1.#d1)[KL],(a1.#a1.g1.#d1)[KL],(c2.a1.f1)[KL],(c1.c2.a1.f1)[KL],(a1.c2.f1)[KL],(g1.c2.a1.f1)[KL],(d1.c2.a1.f1)[KL],(c1.c2.a1.f1)[KL],(f1.c2.a1)[KL],(g1.c2.a1.f1)[KL],(#a1.f1.#d1)[KL],(#a1.f1.#d1)[KL],(#a1.f1.#d1)[KL],(#a1.f1.#d1)[KL],(#a1.f1.#d1)[KL],(#a1.f1.#d1)[KL],(c2.#a1.f1.#d1)[KL],(d2.#a1.f1.#d1)[KL],(#a1.g1.#d1)[KL],(#a1.g1.#d1)[KL],(#a1.g1.#d1)[KL],(#a1.g1.#d1)[KL],(#a1.g1.#d1)[KL],(#a1.g1.#d1)[KL],(g1.#a1.#d1)[KL],(#a1.g1.#d1)[KL],(d2.#a1.g1)[KL],(d2.#a1.g1)[KL],(c2.d2.#a1.g1.g2)[KL],(#a1.d2.g1.#a2)[KL],(d2.#a1.g1)[KL],(d1.d2.#a1.g1)[KL],(g1.d2.#a1.g2)[KL],(a1.d2.#a1.g1.f2)[KL],(c2.a1.f1)[KL],(c1.c2.a1.f1)[KL],(a1.c2.f1.f2)[KL],(g1.c2.a1.f1.a2)[KL],(d1.c2.a1.f1)[KL],(c1.c2.a1.f1)[KL],(f1.c2.a1.f2)[KL],(g1.c2.a1.f1)[KL],(#a1.f1.#d1)[KL],(#a1.f1.#d1)[KL],(#a1.f1.#d1.#d2)[KL],(#a1.f1.#d1.g2)[KL],(#a1.f1.#d1)[KL],(#a1.f1.#d1)[KL],(c2.#a1.f1.#d1.#d2)[KL],(d2.#a1.f1.#d1)[KL],(#a1.g1.#d1)[KL],(#a1.g1.#d1)[KL],(#a1.g1.#d1.#d2)[KL],(#a1.g1.#d1.g2)[KL],(#a1.g1.#d1)[KL],(#a1.g1.#d1)[KL],(g1.#a1.#d1.#d2)[KL],(#a1.g1.#d1)[KL],(d2.#a1.g1.#d1)[KL],(#a1.g1.#d1)[KL],(c2.#a1.g1.#d1.#d2)[KL],(#a1.g1.#d1.g2)[KL],(#a1.g1.#d1)[KL],(d1.#a1.g1.#d1)[KL],(g1.#a1.#d1.#d2)[KL],(a1.#a1.g1.#d1)[KL],(c2.a1.f1)[KL],(c1.c2.a1.f1)[KL],(a1.c2.f1.f2)[KL],(g1.c2.a1.f1.a2)[KL],(d1.c2.a1.f1)[KL],(c1.c2.a1.f1)[KL],(f1.c2.a1.f2)[KL],(g1.c2.a1.f1)[KL],(#a1.f1.#d1)[KL],(#a1.f1.#d1)[KL],(#a1.f1.#d1.#d2)[KL],(#a1.f1.#d1.g2)[KL],(#a1.f1.#d1)[KL],(#a1.f1.#d1)[KL],(c2.#a1.f1.#d1.#d2)[KL],(d2.#a1.f1.#d1)[KL],(#a1.g1.#d1)[KL],(#a1.g1.#d1)[KL],(#a1.g1.#d1.#d2)[KL],(#a1.g1.#d1.g2)[KL],(#a1.g1.#d1)[KL],(#a1.g1.#d1)[KL],(g1.#a1.#d1.#d2)[KL],(#a1.g1.#d1)[KL],d3[JK],c3[KL],#a2[JK],c2[KL],d2[KL],g1[KL],d3[JK],c3[KL],#a2[JK],c2[KL],d2[KL],g1[KL],d3[JK],c3[KL],#a2[JK],c2[KL],d2[KL],g1[KL],d3[JK],c3[KL],#a2[JK],c2[KL],d2[KL],g1[KL],d3[JK],c3[KL],#a2[JK],c2[KL],d2[KL],g1[KL],d3[JK],c3[KL],#a2[JK],c2[KL],d2[KL],g1[KL],d3[JK],c3[KL],#a2[JK],c2[KL],d2[KL],g1[KL],d3[JK],c3[KL],#a2[JK],c2[KL],d2[KL],g1[KL],(d2.#a1.g1.G-1)[KL],G-1[KL],G-1[KL],G-1[LM],G-1[LM],G-1[KL],G-1[KL],G-1[KL],G-1[LM],G-1[LM],G-1[KL],G-1[KL],G-1[KL],G-1[LM],G-1[LM],G-1[KL],G-1[KL],G-1[KL],G-1[LM],G-1[LM],(d2.#a1.g1.G-1)[KL],(d2.#a1.g1.G-1)[KL],G-1[KL],G-1[LM],G-1[LM],G-1[KL],G-1[KL],G-1[KL],G-1[LM],G-1[LM],G-1[KL],G-1[KL],G-1[KL],G-1[LM],G-1[LM],G-1[KL],G-1[KL],G-1[KL],G-1[LM],G-1[LM],(c2.a1.f1.G-1)[KL],(d2.#a1.g1.G-1)[KL],G-1[KL],G-1[LM],G-1[LM],G-1[KL],G-1[KL],G-1[KL],G-1[LM],G-1[LM],G-1[KL],G-1[KL],G-1[KL],G-1[LM],G-1[LM],G-1[KL],G-1[KL],G-1[KL],G-1[LM],G-1[LM],(d2.#a1.g1.G-1)[KL],(d2.#a1.g1.G-1)[KL],G-1[KL],G-1[LM],G-1[LM],G-1[KL],G-1[KL],G-1[KL],G-1[LM],G-1[LM],(g1.G-1)[KL],(g1.G-1)[LM],g1[LM],(g1.G-1)[KL],(g2.G-1)[LM],G-1[LM],(g1.G-1)[LM],g1[LM],(c2.G-1.F-1)[KL],(#a1.G-1)[KL],(g1.G-1)[LM],G-1[LM],(d2.#a1.g1.G-1)[KL],G-1[KL],G-1[KL],G-1[LM],G-1[LM],G-1[KL],G-1[KL],G-1[KL],G-1[LM],G-1[LM],G-1[KL],G-1[KL],G-1[KL],G-1[LM],G-1[LM],G-1[KL],G-1[KL],G-1[KL],G-1[LM],G-1[LM],(d2.#a1.g1.G-1)[KL],(d2.#a1.g1.G-1)[KL],G-1[KL],G-1[LM],G-1[LM],G-1[KL],G-1[KL],G-1[KL],G-1[LM],G-1[LM],G-1[KL],G-1[KL],G-1[KL],G-1[LM],G-1[LM],G-1[KL],G-1[KL],G-1[KL],G-1[LM],G-1[LM],(c2.a1.f1.G-1)[KL],(d2.#a1.g1.G-1)[KL],G-1[KL],G-1[LM],G-1[LM],G-1[KL],G-1[KL],G-1[KL],G-1[LM],G-1[LM],G-1[KL],G-1[KL],G-1[KL],G-1[LM],G-1[LM],G-1[KL],G-1[KL],G-1[KL],G-1[LM],G-1[LM],(d2.#a1.g1.G-1)[KL],(d2.#a1.g1.G-1)[KL],G-1[KL],G-1[LM],G-1[LM],G-1[KL],G-1[KL],G-1[KL],G-1[LM],G-1[LM],(g1.G-1)[KL],(g1.G-1)[LM],g1[LM],(g1.G-1)[KL],(g2.G-1)[LM],G-1[LM],(g1.G-1)[LM],g1[LM],(c2.G-1.F-1)[KL],(g2.G-1)[KL],(d2.G-1)[LM],G-1[LM],(g1.G-1.d2.#a1)[KL],(g1.G-1)[KL],(g1.G-1)[KL],(g1.G-1)[LM],G-1[LM],(g1.G-1)[KL],(g1.G-1)[KL],(g1.G-1)[KL],(g2.G-1)[LM],G-1[LM],G-1[KL],(g1.G-1)[KL],(g1.G-1)[KL],(g1.G-1)[LM],G-1[LM],(g1.G-1)[KL],(g1.G-1)[KL],(g1.G-1)[KL],(g2.G-1)[LM],G-1[LM],(G-1.d2.#a1.g1)[KL],(g1.G-1.d2.#a1)[KL],(g1.G-1)[KL],(g1.G-1)[LM],G-1[LM],(g1.G-1)[KL],(g1.G-1)[KL],(g1.G-1)[KL],(g2.G-1)[LM],G-1[LM],G-1[KL],(g1.G-1)[KL],(g1.G-1)[KL],(f2.G-1)[LM],G-1[LM],(g2.G-1)[KL],G-1[KL],(f2.G-1)[KL],G-1[LM],G-1[LM],(G-1.c2.a1.f1)[KL],(g1.G-1.d2.#a1)[KL],(g1.G-1)[KL],(g1.G-1)[LM],G-1[LM],(g1.G-1)[KL],(g1.G-1)[KL],(g1.G-1)[KL],(g2.G-1)[LM],G-1[LM],G-1[KL],(g1.G-1)[KL],(g1.G-1)[KL],(g1.G-1)[LM],G-1[LM],(g1.G-1)[KL],(g1.G-1)[KL],(g1.G-1)[KL],(g2.G-1)[LM],G-1[LM],(G-1.d2.#a1.g1)[KL],(g1.G-1.d2.#a1)[KL],(g1.G-1)[KL],(g1.G-1)[LM],G-1[LM],(g1.G-1)[KL],(g1.G-1)[KL],(g1.G-1)[KL],(g2.G-1)[LM],G-1[LM],(g1.G-1)[KL],(g1.G-1)[LM],g1[LM],(g1.G-1)[KL],(g2.G-1)[LM],G-1[LM],(g1.G-1)[LM],g1[LM],(c2.G-1.F-1)[KL],(#a1.G-1)[KL],(g1.G-1)[LM],G-1[LM],(g2.G-1.d2.#a1.g1)[KL],(g2.G-1)[LM],g2[LM],(g2.G-1)[KL],(g2.G-1)[LM],G-1[LM],(g2.G-1)[LM],g2[LM],(g2.G-1)[KL],(g2.G-1)[KL],(g2.G-1)[LM],G-1[LM],(g2.G-1)[KL],(g2.G-1)[LM],g2[LM],(g2.G-1)[KL],(g2.G-1)[LM],G-1[LM],(g2.G-1)[LM],g2[LM],(g2.G-1)[KL],(g2.G-1)[KL],(g2.G-1)[LM],G-1[LM],(g2.G-1.d2.#a1.g1)[KL],(g2.G-1.d2.#a1.g1)[LM],g2[LM],(g2.G-1)[KL],(g2.G-1)[LM],G-1[LM],(g2.G-1)[LM],g2[LM],(g2.G-1)[KL],(g2.G-1)[KL],(g2.G-1)[LM],G-1[LM],(g2.G-1)[KL],(g2.G-1)[LM],g2[LM],(g2.G-1)[KL],(g2.G-1)[LM],G-1[LM],(c2.G-1)[KL],(d2.G-1)[KL],(f1.G-1)[KL],(g1.G-1)[LM],G-1[LM],(g2.G-1.d2.#a1.g1)[KL],(g2.G-1)[LM],g2[LM],(g2.G-1)[KL],(g2.G-1)[LM],G-1[LM],(g2.G-1)[LM],g2[LM],(g2.G-1)[KL],(g2.G-1)[KL],(g2.G-1)[LM],G-1[LM],(g2.G-1)[KL],(g2.G-1)[LM],g2[LM],(g2.G-1)[KL],(g2.G-1)[LM],G-1[LM],(g2.G-1)[LM],g2[LM],(g2.G-1)[KL],(g2.G-1)[KL],(g2.G-1)[LM],G-1[LM],(g2.G-1.d2.#a1.g1)[KL],(g2.G-1.d2.#a1.g1)[LM],g2[LM],(g2.G-1)[KL],(g2.G-1)[LM],G-1[LM],(g2.G-1)[LM],g2[LM],(g2.G-1)[KL],(g2.G-1)[KL],(g2.G-1)[LM],G-1[LM],G-1[IL],G-1[IL],G-1[JK],G-1[IL],G-1[IL],G-1[JK],(d2.#a1.g1)[KL],(d2.#a1.g1)[KL],(c2.d2.#a1.g1)[KL],(#a1.d2.g1)[KL],(d2.#a1.g1)[KL],(d1.d2.#a1.g1)[KL],(g1.d2.#a1)[KL],(a1.d2.#a1.g1)[KL],(c2.a1.f1)[KL],(c1.c2.a1.f1)[KL],(a1.c2.f1)[KL],(g1.c2.a1.f1)[KL],(d1.c2.a1.f1)[KL],(c1.c2.a1.f1)[KL],(f1.c2.a1)[KL],(g1.c2.a1.f1)[KL],(#a1.f1.#d1)[KL],(#a1.f1.#d1)[KL],(#a1.f1.#d1)[KL],(#a1.f1.#d1)[KL],(#a1.f1.#d1)[KL],(#a1.f1.#d1)[KL],(c2.#a1.f1.#d1)[KL],(d2.#a1.f1.#d1)[KL],(#a1.g1.#d1)[KL],(#a1.g1.#d1)[KL],(#a1.g1.#d1)[KL],(#a1.g1.#d1)[KL],(#a1.g1.#d1)[KL],(#a1.g1.#d1)[KL],(g1.#a1.#d1)[KL],(#a1.g1.#d1)[KL],(d2.#a1.g1.#d1)[KL],(#a1.g1.#d1)[KL],(c2.#a1.g1.#d1)[KL],(#a1.g1.#d1)[KL],(#a1.g1.#d1)[KL],(d1.#a1.g1.#d1)[KL],(g1.#a1.#d1)[KL],(a1.#a1.g1.#d1)[KL],(c2.a1.f1)[KL],(c1.c2.a1.f1)[KL],(a1.c2.f1)[KL],(g1.c2.a1.f1)[KL],(d1.c2.a1.f1)[KL],(c1.c2.a1.f1)[KL],(f1.c2.a1)[KL],(g1.c2.a1.f1)[KL],(#a1.f1.#d1)[KL],(#a1.f1.#d1)[KL],(#a1.f1.#d1)[KL],(#a1.f1.#d1)[KL],(#a1.f1.#d1)[KL],(#a1.f1.#d1)[KL],(c2.#a1.f1.#d1)[KL],(d2.#a1.f1.#d1)[KL],(#a1.g1.#d1)[KL],(#a1.g1.#d1)[KL],(#a1.g1.#d1)[KL],(#a1.g1.#d1)[KL],(#a1.g1.#d1)[KL],(#a1.g1.#d1)[KL],(g1.#a1.#d1)[KL],"],"id":1},{"bpm":600,"baseBeats":0.75,"scores":["TU,TU,TU,TU,TU,TU,TU,TU,TU,TU,TU,TU,TU,TU,TU,TU,TU,TU,TU,TU,TU,TU,TU,TU,TU,TU,TU,TU,TU,TU,TU,TU,TU,TU,TU,TU,TU,TU,TU,TU,TU,TU,TU,TU,TU,TU,TU,TU,TU,TU,TU,TU,TU,TU,TU,TU,TU,TU,TU,TU,TU,TU,TU,TU,TU,TU,TU,TU,TU,TU,TU,TU,TU,TU,TU,TU,TU,TU,TU,TU,TU,TU,TU,TU,TU,TU,TU,TU,TU,TU,TU,TU,TU,TU,TU,TU,TU,TU,TU,TU,TU,TU,TU,TU,TU,TU,TU,TU,TU,TU,TU,TU,TU,TU,TU,TU,TU,TU,TU,TU,TU,TU,TU,TU,TU,TU,TU,TU,TU,TU,TU,TU,TU,TU,TU,TU,TU,TU,TU,TU,TU,TU,TU,TU,TU,TU,TU,TU,TU,TU,TU,TU,TU,TU,TU,TU,TU,TU,TU,TU,TU,TU,TU,TU,TU,TU,TU,TU,TU,TU,TU,TU,TU,TU,TU,TU,TU,TU,TU,TU,TU,TU,TU,TU,TU,TU,TU,TU,TU,TU,TU,TU,TU,TU,TU,TU,TU,TU,TU,TU,TU,TU,TU,TU,TU,TU,TU,TU,TU,TU,TU,TU,TU,TU,TU,TU,TU,TU,TU,TU,TU,TU,TU,TU,TU,TU,TU,TU,TU,TU,TU,TU,TU,TU,TU,TU,TU,TU,TU,TU,TU,TU,TU,TU,TU,TU,TU,TU,TU,TU,TU,TU,TU,TU,TU,ST,TU,TU,TU,TU,TU,TU,TU,TU,TU,TU,TU,TU,TU,TU,TU,TU,TU,TU,TU,TU,TU,TU,TU,TU,TU,TU,TU,TU,TU,TU,TU,TU,TU,TU,TU,TU,TU,TU,TU,TU,TU,TU,TU,TU,TU,TU,TU,TU,TU,TU,TU,TU,TU,TU,TU,TU,TU,TU,TU,TU,TU,TU,TU,TU,TU,TU,TU,TU,TU,TU,TU,TU,TU,TU,TU,TU,TU,TU,TU,TU,TU,TU,TU,TU,TU,TU,TU,TU,TU,TU,TU,TU,TU,TU,TU,TU,TU,TU,TU,TU,TU,TU,TU,TU,TU,TU,TU,TU,TU,TU,TU,TU,TU,TU,TU,TU,TU,TU,TU,TU,TU,TU,TU,TU,TU,TU,TU,TU,TU,ST,RU,TU,TU,RU,RU,TU,TU,TU,ST,RU,TU,TU,RU,RU,TU,TU,TU,ST,RU,TU,TU,RU,RU,TU,TU,TU,ST,RU,TU,TU,RU,RU,TU,TU,5<UV>,5<UV>,5<UV>,5<UV>,5<UV>,5<UV>,5<UV>,5<UV>,5<UV>,5<UV>,5<UV>,5<UV>,5<UV>,5<UV>,5<UV>,5<UV>,5<UV>,5<UV>,5<UV>,5<UV>,5<UV>,5<UV>,5<UV>,5<UV>,5<UV>,5<UV>,5<UV>,5<UV>,5<UV>,5<UV>,5<UV>,5<UV>,5<UV>,5<UV>,5<UV>,5<UV>,5<UV>,5<UV>,5<UV>,5<UV>,5<UV>,5<UV>,5<UV>,5<UV>,5<UV>,5<UV>,5<UV>,5<UV>,5<UV>,5<UV>,5<UV>,5<UV>,5<UV>,5<UV>,5<UV>,5<UV>,5<UV>,5<UV>,5<UV>,5<UV>,5<UV>,5<UV>,5<UV>,5<UV>,5<UV>,5<UV>,5<UV>,5<UV>,5<UV>,5<UV>,5<UV>,5<UV>,5<UV>,5<UV>,5<UV>,5<UV>,5<UV>,5<UV>,5<UV>,5<UV>,5<UV>,5<UV>,5<UV>,5<UV>,5<UV>,5<UV>,5<UV>,5<UV>,5<UV>,5<UV>,5<UV>,5<UV>,5<UV>,5<UV>,5<UV>,5<UV>,5<UV>,5<UV>,5<UV>,5<UV>,5<UV>,5<UV>,5<UV>,5<UV>,5<UV>,5<UV>,5<UV>,5<UV>,5<UV>,5<UV>,5<UV>,5<UV>,5<UV>,5<UV>,5<UV>,5<UV>,5<UV>,5<UV>,5<UV>,5<UV>,5<UV>,5<UV>,5<UV>,5<UV>,5<UV>,5<UV>,5<UV>,5<UV>,,","(#a1.g1.#d1)[KL],(d2.#a1.g1.d3)[KL],(d2.#a1.g1)[KL],(c2.d2.#a1.g1.c3)[KL],(#a1.d2.g1.#a2)[KL],(d2.#a1.g1)[KL],(d1.d2.#a1.g1)[KL],(g1.d2.#a1.g2)[KL],(a1.d2.#a1.g1.a2)[KL],(c2.a1.f1)[KL],(c1.c2.a1.f1)[KL],(a1.c2.f1.a2)[KL],(g1.c2.a1.f1.g2)[KL],(d1.c2.a1.f1.d2)[KL],(c1.c2.a1.f1)[KL],(f1.c2.a1.f2)[KL],(g1.c2.a1.f1.g2)[KL],(#a1.f1.#d1)[KL],(#a1.f1.#d1)[KL],(#a1.f1.#d1)[KL],(#a1.f1.#d1)[KL],(#a1.f1.#d1)[KL],(#a1.f1.#d1)[KL],(c2.#a1.f1.#d1.c3)[KL],(d2.#a1.f1.#d1.d3)[KL],(#a1.g1.#d1)[KL],(#a1.g1.#d1)[KL],(#a1.g1.#d1)[KL],(#a1.g1.#d1)[KL],(#a1.g1.#d1)[KL],(#a1.g1.#d1)[KL],(g1.#a1.#d1.g2)[KL],(#a1.g1.#d1)[KL],(d2.#a1.g1.#d1.d3)[KL],(#a1.g1.#d1)[KL],(c2.#a1.g1.#d1.c3)[KL],(#a1.g1.#d1.#a2)[KL],(#a1.g1.#d1)[KL],(d1.#a1.g1.#d1.d2)[KL],(g1.#a1.#d1.g2)[KL],(a1.#a1.g1.#d1.a2)[KL],(c2.a1.f1)[KL],(c1.c2.a1.f1)[KL],(a1.c2.f1.a2)[KL],(g1.c2.a1.f1.g2)[KL],(d1.c2.a1.f1.d2)[KL],(c1.c2.a1.f1)[KL],(f1.c2.a1.f2)[KL],(g1.c2.a1.f1.g2)[KL],(#a1.f1.#d1)[KL],(#a1.f1.#d1)[KL],(#a1.f1.#d1)[KL],(#a1.f1.#d1)[KL],(#a1.f1.#d1)[KL],(#a1.f1.#d1)[KL],(c2.#a1.f1.#d1.c3)[KL],(d2.#a1.f1.#d1.d3)[KL],(#a1.g1.#d1)[KL],(#a1.g1.#d1)[KL],(#a1.g1.#d1)[KL],(#a1.g1.#d1)[KL],(#a1.g1.#d1)[KL],(#a1.g1.#d1)[KL],(g1.#a1.#d1)[KL],(#a1.g1.#d1)[KL],(d2.#a1.g1)[KL],(d2.#a1.g1)[KL],(c2.d2.#a1.g1)[KL],(#a1.d2.g1)[KL],(d2.#a1.g1)[KL],(d1.d2.#a1.g1)[KL],(g1.d2.#a1)[KL],(a1.d2.#a1.g1)[KL],(c2.a1.f1)[KL],(c1.c2.a1.f1)[KL],(a1.c2.f1)[KL],(g1.c2.a1.f1)[KL],(d1.c2.a1.f1)[KL],(c1.c2.a1.f1)[KL],(f1.c2.a1)[KL],(g1.c2.a1.f1)[KL],(#a1.f1.#d1)[KL],(#a1.f1.#d1)[KL],(#a1.f1.#d1)[KL],(#a1.f1.#d1)[KL],(#a1.f1.#d1)[KL],(#a1.f1.#d1)[KL],(c2.#a1.f1.#d1)[KL],(d2.#a1.f1.#d1)[KL],(#a1.g1.#d1)[KL],(#a1.g1.#d1)[KL],(#a1.g1.#d1)[KL],(#a1.g1.#d1)[KL],(#a1.g1.#d1)[KL],(#a1.g1.#d1)[KL],(g1.#a1.#d1)[KL],(#a1.g1.#d1)[KL],(d2.#a1.g1.#d1)[KL],(#a1.g1.#d1)[KL],(c2.#a1.g1.#d1)[KL],(#a1.g1.#d1)[KL],(#a1.g1.#d1)[KL],(d1.#a1.g1.#d1)[KL],(g1.#a1.#d1)[KL],(a1.#a1.g1.#d1)[KL],(c2.a1.f1)[KL],(c1.c2.a1.f1)[KL],(a1.c2.f1)[KL],(g1.c2.a1.f1)[KL],(d1.c2.a1.f1)[KL],(c1.c2.a1.f1)[KL],(f1.c2.a1)[KL],(g1.c2.a1.f1)[KL],(#a1.f1.#d1)[KL],(#a1.f1.#d1)[KL],(#a1.f1.#d1)[KL],(#a1.f1.#d1)[KL],(#a1.f1.#d1)[KL],(#a1.f1.#d1)[KL],(c2.#a1.f1.#d1)[KL],(d2.#a1.f1.#d1)[KL],(#a1.g1.#d1)[KL],(#a1.g1.#d1)[KL],(#a1.g1.#d1)[KL],(#a1.g1.#d1)[KL],(#a1.g1.#d1)[KL],(#a1.g1.#d1)[KL],(g1.#a1.#d1)[KL],(#a1.g1.#d1)[KL],(d2.#a1.g1)[KL],(d2.#a1.g1)[KL],(c2.d2.#a1.g1)[KL],(#a1.d2.g1)[KL],(d2.#a1.g1)[KL],(d1.d2.#a1.g1)[KL],(g1.d2.#a1)[KL],(a1.d2.#a1.g1)[KL],(c2.a1.f1)[KL],(c1.c2.a1.f1)[KL],(a1.c2.f1)[KL],(g1.c2.a1.f1)[KL],(d1.c2.a1.f1)[KL],(c1.c2.a1.f1)[KL],(f1.c2.a1)[KL],(g1.c2.a1.f1)[KL],(#a1.f1.#d1)[KL],(#a1.f1.#d1)[KL],(#a1.f1.#d1)[KL],(#a1.f1.#d1)[KL],(#a1.f1.#d1)[KL],(#a1.f1.#d1)[KL],(c2.#a1.f1.#d1)[KL],(d2.#a1.f1.#d1)[KL],(#a1.g1.#d1)[KL],(#a1.g1.#d1)[KL],(#a1.g1.#d1)[KL],(#a1.g1.#d1)[KL],(#a1.g1.#d1)[KL],(#a1.g1.#d1)[KL],(g1.#a1.#d1)[KL],(#a1.g1.#d1)[KL],(d2.#a1.g1.#d1)[KL],(#a1.g1.#d1)[KL],(c2.#a1.g1.#d1)[KL],(#a1.g1.#d1)[KL],(#a1.g1.#d1)[KL],(d1.#a1.g1.#d1)[KL],(g1.#a1.#d1)[KL],(a1.#a1.g1.#d1)[KL],(c2.a1.f1)[KL],(c1.c2.a1.f1)[KL],(a1.c2.f1)[KL],(g1.c2.a1.f1)[KL],(d1.c2.a1.f1)[KL],(c1.c2.a1.f1)[KL],(f1.c2.a1)[KL],(g1.c2.a1.f1)[KL],(#a1.f1.#d1)[KL],(#a1.f1.#d1)[KL],(#a1.f1.#d1)[KL],(#a1.f1.#d1)[KL],(#a1.f1.#d1)[KL],(#a1.f1.#d1)[KL],(c2.#a1.f1.#d1)[KL],(d2.#a1.f1.#d1)[KL],(#a1.g1.#d1)[KL],(#a1.g1.#d1)[KL],(#a1.g1.#d1)[KL],(#a1.g1.#d1)[KL],(#a1.g1.#d1)[KL],(#a1.g1.#d1)[KL],(#a1.g1.#d1)[KL],(#a1.g1.#d1)[KL],(g1.d2.#a1)[KL],(g.d2.#a1.g1)[KL],(d1.d2.#a1.g1)[KL],(g1.d2.#a1)[KL],(#a1.d2.g1)[KL],(g.d2.#a1.g1)[KL],(d1.d2.#a1.g1)[KL],(g1.d2.#a1)[KL],(c2.d2.#a1.g1)[KL],(g.d2.#a1.g1)[KL],(d1.d2.#a1.g1)[KL],(g1.d2.#a1)[KL],(d2.#a1.g1)[KL],(g.d2.#a1.g1)[KL],(d1.d2.#a1.g1)[KL],(g1.d2.#a1)[KL],(#a1.g1.#d1)[KL],(#d1.#a1.g1)[KL],(g1.#a1.#d1)[KL],(#a1.g1.#d1)[KL],(c2.#a1.g1.#d1)[KL],(#d1.#a1.g1)[KL],(g1.#a1.#d1)[KL],(#a1.g1.#d1)[KL],(d2.c2.a1.f1)[KL],(f1.c2.a1)[KL],(a1.c2.f1)[KL],(g1.c2.a1.f1)[KL],(f1.c2.a1)[KL],(g1.c2.a1.f1)[KL],(f2.c2.a1.f1)[KL],(d2.c2.a1.f1)[KL],(g1.d2.#a1)[KL],(g.d2.#a1.g1)[KL],(d1.d2.#a1.g1)[KL],(g1.d2.#a1)[KL],(#a1.d2.g1)[KL],(g.d2.#a1.g1)[KL],(d1.d2.#a1.g1)[KL],(g1.d2.#a1)[KL],(c2.d2.#a1.g1)[KL],(g.d2.#a1.g1)[KL],(d1.d2.#a1.g1)[KL],(g1.d2.#a1)[KL],(d2.#a1.g1)[KL],(g.d2.#a1.g1)[KL],(d1.d2.#a1.g1)[KL],(g1.d2.#a1)[KL],(#a1.g1.#d1)[KL],(#d1.#a1.g1)[KL],(g1.#a1.#d1)[KL],(#a1.g1.#d1)[KL],(c2.#a1.g1.#d1)[KL],(#d1.#a1.g1)[KL],(g1.#a1.#d1)[KL],(#a1.g1.#d1)[KL],G-2[KL],G-2[KL],#A-2[KL],G-2[KL],D-1[KL],F-1[KL],D-1[JK],(g1.G-2.d2.#a1)[KL],g[KL],d1[KL],(g1.G-2)[KL],#a1[KL],g[KL],(d1.G-2)[KL],g1[KL],(c2.G-2)[KL],g[KL],d1[KL],(g1.G-2)[KL],d2[KL],g[KL],(d1.G-2)[KL],g1[KL],(#a1.#D-1.d2.g1)[KL],#d1[KL],g1[KL],(#a1.#D-1)[KL],c2[KL],#d1[KL],(g1.#D-1)[KL],#a1[KL],(d2.F-1)[KL],f1[KL],a1[KL],(g1.F-1)[KL],f1[KL],g1[KL],(f2.F-1)[KL],d2[KL],(g1.G-2.d2.#a1)[KL],g[KL],d1[KL],(g1.G-2)[KL],#a1[KL],g[KL],(d1.G-2)[KL],g1[KL],(c2.G-2)[KL],g[KL],d1[KL],(g1.G-2)[KL],d2[KL],g[KL],(d1.G-2)[KL],g1[KL],(#a1.#D-1.d2.g1)[KL],#d1[KL],g1[KL],(g2.#D-1)[KL],f2[KL],#d1[KL],(d2.#D-1)[KL],c2[KL],(d2.F-1.#a1.g1)[KL],f1[KL],a1[KL],(g1.F-1)[KL],f1[KL],g1[KL],(f2.F-1)[KL],d2[KL],(g1.G-2.d2.#a1)[KL],g[KL],d1[KL],(g1.G-2)[KL],#a1[KL],g[KL],(d1.G-2)[KL],g1[KL],(c2.G-2)[KL],g[KL],d1[KL],(g1.G-2)[KL],d2[KL],g[KL],(d1.G-2)[KL],g1[KL],(#a1.#D-1.d2.g1)[KL],#d1[KL],g1[KL],(#a1.#D-1)[KL],c2[KL],#d1[KL],(g1.#D-1)[KL],#a1[KL],(d2.F-1)[KL],f1[KL],a1[KL],(g1.F-1)[KL],f1[KL],g1[KL],(f2.F-1)[KL],d2[KL],(g1.G-2.d2.#a1)[KL],g[KL],d1[KL],(g1.G-2)[KL],#a1[KL],g[KL],(d1.G-2)[KL],g1[KL],(c2.G-2)[KL],g[KL],d1[KL],(g1.G-2)[KL],d2[KL],g[KL],(d1.G-2)[KL],g1[KL],(#a1.#D-1.d2.g1)[KL],#d1[KL],g1[KL],(g2.#D-1)[KL],f2[KL],#d1[KL],(d2.#D-1)[KL],c2[KL],(d2.F-1.#a1.g1)[KL],f1[KL],a1[KL],(g1.F-1)[KL],f1[KL],g1[KL],(f2.F-1)[KL],d2[KL],(g1.G-2.d2.#a1)[KL],(d2.#a1.g1)[JK],d2[IL],c2[KL],d2[KL],g1[IL],#a1[IL],a1[KL],f1[KL],(g1.G-2.d2.#a1)[KL],(d2.#a1.g1)[JK],d2[IL],c2[KL],d2[KL],g1[IL],#a1[IL],a1[KL],f1[KL],(g1.G-2.d2.#a1)[KL],(d2.#a1.g1)[JK],d2[IL],c2[KL],d2[KL],g1[IL],#a1[IL],a1[KL],f1[KL],(g1.#D-1.d2.#a1)[KL],(d2.#a1.g1)[JK],d2[IL],c2[KL],d2[KL],(g1.F-1)[IL],#a1[IL],a1[KL],f1[KL],(g.d2.#a1.g1)[MN],#a[MN],d1[MN],d1[MN],(#a.d2.#a1.g1)[MN],d1[MN],g1[MN],g1[MN],(d1.d2.#a1.g1)[MN],g1[MN],#a1[MN],#a1[MN],(g1.d2.#a1)[MN],#a1[MN],d2[MN],d2[MN],(#a1.d2.g1)[MN],d2[MN],g2[MN],g2[MN],(d2.#a1.g1)[MN],g2[MN],#a2[MN],#a2[MN],(g2.d2.#a1.g1)[MN],#a2[MN],d3[MN],d3[MN],(#a2.d2.#a1.g1)[MN],d3[MN],g3[MN],g3[MN],(f.c2.a1.f1)[MN],a[MN],c1[MN],c1[MN],(a.c2.a1.f1)[MN],c1[MN],f1[MN],f1[MN],(c1.c2.a1.f1)[MN],f1[MN],a1[MN],a1[MN],(f1.c2.a1)[MN],a1[MN],c2[MN],c2[MN],(a1.c2.f1)[MN],c2[MN],f2[MN],f2[MN],(c2.a1.f1)[MN],f2[MN],a2[MN],a2[MN],(f2.c2.a1.f1)[MN],a2[MN],c3[MN],c3[MN],(a2.c2.a1.f1)[MN],c3[MN],f3[MN],f3[MN],(#d.#a1.f1.#d1)[MN],#d[MN],g[MN],#d[MN],(g.#a1.f1.#d1)[MN],g[MN],#a[MN],g[MN],(#a.#a1.f1.#d1)[MN],#a[MN],#d1[MN],#a[MN],(#d1.#a1.f1)[MN],#d1[MN],g1[MN],#d1[MN],(g1.#a1.f1.#d1)[MN],g1[MN],#a1[MN],g1[MN],(#a1.f1.#d1)[MN],#a1[MN],#d2[MN],#a1[MN],(#d2.#a1.f1.#d1)[MN],#d2[MN],g2[MN],#d2[MN],(g2.#a1.f1.#d1)[MN],g2[MN],#a2[MN],g2[MN],(#d2.#a1.g1.#d1)[MN],#d2[MN],g2[MN],#d2[MN],(g2.#a1.g1.#d1)[MN],g2[MN],#a2[MN],g2[MN],(#a2.#a1.g1.#d1)[MN],#a2[MN],#d3[MN],#a2[MN],(#d3.#a1.g1.#d1)[MN],#d3[MN],g3[MN],#d3[MN],(g3.#a1.g1.#d1)[MN],g3[MN],#a3[MN],g3[MN],(#a3.#a1.g1.#d1)[MN],#a3[MN],#d4[MN],#a3[MN],(#d4.#a1.g1.#d1)[MN],#d4[MN],g4[MN],#d4[MN],(g4.#a1.g1.#d1)[MN],g4[MN],#a4[MN],#a4[MN],(#d.#a1.g1.#d1)[MN],#d[MN],g[MN],#a[MN],(g.#a1.g1.#d1)[MN],g[MN],#a[MN],#d1[MN],(#a.#a1.g1.#d1)[MN],#a[MN],#d1[MN],g1[MN],(#d1.#a1.g1)[MN],#d1[MN],g1[MN],#a1[MN],(g1.#a1.#d1)[MN],g1[MN],#a1[MN],#d2[MN],(#a1.g1.#d1)[MN],#a1[MN],#d2[MN],g2[MN],(#d2.#a1.g1.#d1)[MN],#d2[MN],g2[MN],#a2[MN],(g2.#a1.g1.#d1)[MN],g2[MN],#a2[MN],#d3[MN],(f.c2.a1.f1)[MN],f[MN],a[MN],c1[MN],(a.c2.a1.f1)[MN],a[MN],c1[MN],f1[MN],(c1.c2.a1.f1)[MN],c1[MN],f1[MN],a1[MN],(f1.c2.a1)[MN],f1[MN],a1[MN],c2[MN],(a1.c2.f1)[MN],a1[MN],c2[MN],f2[MN],(c2.a1.f1)[MN],c2[MN],f2[MN],a2[MN],(f2.c2.a1.f1)[MN],f2[MN],a2[MN],c3[MN],(a2.c2.a1.f1)[MN],a2[MN],c3[MN],f3[MN],(#d.#a1.f1.#d1)[MN],#d[MN],g[MN],#d[MN],(g.#a1.f1.#d1)[MN],g[MN],#a[MN],g[MN],(#a.#a1.f1.#d1)[MN],#a[MN],#d1[MN],#a[MN],(#d1.#a1.f1)[MN],#d1[MN],g1[MN],#d1[MN],(g1.#a1.f1.#d1)[MN],g1[MN],#a1[MN],g1[MN],(#a1.f1.#d1)[MN],#a1[MN],#d2[MN],#a1[MN],(#d2.#a1.f1.#d1)[MN],#d2[MN],g2[MN],#d2[MN],(g2.#a1.f1.#d1)[MN],g2[MN],#a2[MN],g2[MN],(#d2.#a1.g1.#d1)[MN],#d2[MN],g2[MN],#d2[MN],(g2.#a1.g1.#d1)[MN],g2[MN],#a2[MN],g2[MN],(#a2.#a1.g1.#d1)[MN],#a2[MN],#d3[MN],#a2[MN],(#d3.#a1.g1.#d1)[MN],#d3[MN],g3[MN],#d3[MN],(g3.#a1.g1.#d1)[MN],g3[MN],#a3[MN],g3[MN],(#a3.#a1.g1.#d1)[MN],#a3[MN],#d4[MN],#a3[MN],(#d4.#a1.g1.#d1)[MN],#d4[MN],g4[MN],#d4[MN],(g4.#a1.g1.#d1)[MN],g4[MN],#a4[MN],#a4[MN],"],"id":2},{"bpm":600,"baseBeats":0.75,"scores":["(d2.#a1.g1)[KL],(d2.#a1.g1)[KL],(c2.d2.#a1.g1)[KL],(#a1.d2.g1)[KL],(d2.#a1.g1)[KL],(d1.d2.#a1.g1)[KL],(g1.d2.#a1)[KL],(a1.d2.#a1.g1)[KL],(c2.a1.f1)[KL],(c1.c2.a1.f1)[KL],(a1.c2.f1)[KL],(g1.c2.a1.f1)[KL],(d1.c2.a1.f1)[KL],(c1.c2.a1.f1)[KL],(f1.c2.a1)[KL],(g1.c2.a1.f1)[KL],(#a1.f1.#d1)[KL],(#a1.f1.#d1)[KL],(#a1.f1.#d1)[KL],(#a1.f1.#d1)[KL],(#a1.f1.#d1)[KL],(#a1.f1.#d1)[KL],(c2.#a1.f1.#d1)[KL],(d2.#a1.f1.#d1)[KL],(#a1.g1.#d1)[KL],(#a1.g1.#d1)[KL],(#a1.g1.#d1)[KL],(#a1.g1.#d1)[KL],(#a1.g1.#d1)[KL],(#a1.g1.#d1)[KL],(g1.#a1.#d1)[KL],(#a1.g1.#d1)[KL],(d2.#a1.g1.#d1)[KL],(#a1.g1.#d1)[KL],(c2.#a1.g1.#d1)[KL],(#a1.g1.#d1)[KL],(#a1.g1.#d1)[KL],(d1.#a1.g1.#d1)[KL],(g1.#a1.#d1)[KL],(a1.#a1.g1.#d1)[KL],(c2.a1.f1)[KL],(c1.c2.a1.f1)[KL],(a1.c2.f1)[KL],(g1.c2.a1.f1)[KL],(d1.c2.a1.f1)[KL],(c1.c2.a1.f1)[KL],(f1.c2.a1)[KL],(g1.c2.a1.f1)[KL],(#a1.f1.#d1)[KL],(#a1.f1.#d1)[KL],(#a1.f1.#d1)[KL],(#a1.f1.#d1)[KL],(#a1.f1.#d1)[KL],(#a1.f1.#d1)[KL],(c2.#a1.f1.#d1)[KL],(d2.#a1.f1.#d1)[KL],(#a1.g1.#d1)[KL],(#a1.g1.#d1)[KL],(#a1.g1.#d1)[KL],(#a1.g1.#d1)[KL],(#a1.g1.#d1)[KL],(#a1.g1.#d1)[KL],(g1.#a1.#d1)[KL],(#a1.g1.#d1)[KL],(d2.#a1.g1)[KL],(d2.#a1.g1)[KL],(c2.d2.#a1.g1.g2)[KL],(#a1.d2.g1.#a2)[KL],(d2.#a1.g1)[KL],(d1.d2.#a1.g1)[KL],(g1.d2.#a1.g2)[KL],(a1.d2.#a1.g1.f2)[KL],(c2.a1.f1)[KL],(c1.c2.a1.f1)[KL],(a1.c2.f1.f2)[KL],(g1.c2.a1.f1.a2)[KL],(d1.c2.a1.f1)[KL],(c1.c2.a1.f1)[KL],(f1.c2.a1.f2)[KL],(g1.c2.a1.f1)[KL],(#a1.f1.#d1)[KL],(#a1.f1.#d1)[KL],(#a1.f1.#d1.#d2)[KL],(#a1.f1.#d1.g2)[KL],(#a1.f1.#d1)[KL],(#a1.f1.#d1)[KL],(c2.#a1.f1.#d1.#d2)[KL],(d2.#a1.f1.#d1)[KL],(#a1.g1.#d1)[KL],(#a1.g1.#d1)[KL],(#a1.g1.#d1.#d2)[KL],(#a1.g1.#d1.g2)[KL],(#a1.g1.#d1)[KL],(#a1.g1.#d1)[KL],(g1.#a1.#d1.#d2)[KL],(#a1.g1.#d1)[KL],(d2.#a1.g1.#d1)[KL],(#a1.g1.#d1)[KL],(c2.#a1.g1.#d1.#d2)[KL],(#a1.g1.#d1.g2)[KL],(#a1.g1.#d1)[KL],(d1.#a1.g1.#d1)[KL],(g1.#a1.#d1.#d2)[KL],(a1.#a1.g1.#d1)[KL],(c2.a1.f1)[KL],(c1.c2.a1.f1)[KL],(a1.c2.f1.f2)[KL],(g1.c2.a1.f1.a2)[KL],(d1.c2.a1.f1)[KL],(c1.c2.a1.f1)[KL],(f1.c2.a1.f2)[KL],(g1.c2.a1.f1)[KL],(#a1.f1.#d1)[KL],(#a1.f1.#d1)[KL],(#a1.f1.#d1.#d2)[KL],(#a1.f1.#d1.g2)[KL],(#a1.f1.#d1)[KL],(#a1.f1.#d1)[KL],(c2.#a1.f1.#d1.#d2)[KL],(d2.#a1.f1.#d1)[KL],(#a1.g1.#d1)[KL],(#a1.g1.#d1)[KL],(#a1.g1.#d1.#d2)[KL],(#a1.g1.#d1.g2)[KL],(#a1.g1.#d1)[KL],(#a1.g1.#d1)[KL],(g1.#a1.#d1.#d2)[KL],(#a1.g1.#d1)[KL],d3[JK],c3[KL],#a2[JK],c2[KL],d2[KL],g1[KL],d3[JK],c3[KL],#a2[JK],c2[KL],d2[KL],g1[KL],d3[JK],c3[KL],#a2[JK],c2[KL],d2[KL],g1[KL],d3[JK],c3[KL],#a2[JK],c2[KL],d2[KL],g1[KL],d3[JK],c3[KL],#a2[JK],c2[KL],d2[KL],g1[KL],d3[JK],c3[KL],#a2[JK],c2[KL],d2[KL],g1[KL],d3[JK],c3[KL],#a2[JK],c2[KL],d2[KL],g1[KL],d3[JK],c3[KL],#a2[JK],c2[KL],d2[KL],g1[KL],(d2.#a1.g1.G-1)[KL],G-1[KL],G-1[KL],G-1[LM],G-1[LM],G-1[KL],G-1[KL],G-1[KL],G-1[LM],G-1[LM],G-1[KL],G-1[KL],G-1[KL],G-1[LM],G-1[LM],G-1[KL],G-1[KL],G-1[KL],G-1[LM],G-1[LM],(d2.#a1.g1.G-1)[KL],(d2.#a1.g1.G-1)[KL],G-1[KL],G-1[LM],G-1[LM],G-1[KL],G-1[KL],G-1[KL],G-1[LM],G-1[LM],G-1[KL],G-1[KL],G-1[KL],G-1[LM],G-1[LM],G-1[KL],G-1[KL],G-1[KL],G-1[LM],G-1[LM],(c2.a1.f1.G-1)[KL],(d2.#a1.g1.G-1)[KL],G-1[KL],G-1[LM],G-1[LM],G-1[KL],G-1[KL],G-1[KL],G-1[LM],G-1[LM],G-1[KL],G-1[KL],G-1[KL],G-1[LM],G-1[LM],G-1[KL],G-1[KL],G-1[KL],G-1[LM],G-1[LM],(d2.#a1.g1.G-1)[KL],(d2.#a1.g1.G-1)[KL],G-1[KL],G-1[LM],G-1[LM],G-1[KL],G-1[KL],G-1[KL],G-1[LM],G-1[LM],(g1.G-1)[KL],(g1.G-1)[LM],g1[LM],(g1.G-1)[KL],(g2.G-1)[LM],G-1[LM],(g1.G-1)[LM],g1[LM],(c2.G-1.F-1)[KL],(#a1.G-1)[KL],(g1.G-1)[LM],G-1[LM],(d2.#a1.g1.G-1)[KL],G-1[KL],G-1[KL],G-1[LM],G-1[LM],G-1[KL],G-1[KL],G-1[KL],G-1[LM],G-1[LM],G-1[KL],G-1[KL],G-1[KL],G-1[LM],G-1[LM],G-1[KL],G-1[KL],G-1[KL],G-1[LM],G-1[LM],(d2.#a1.g1.G-1)[KL],(d2.#a1.g1.G-1)[KL],G-1[KL],G-1[LM],G-1[LM],G-1[KL],G-1[KL],G-1[KL],G-1[LM],G-1[LM],G-1[KL],G-1[KL],G-1[KL],G-1[LM],G-1[LM],G-1[KL],G-1[KL],G-1[KL],G-1[LM],G-1[LM],(c2.a1.f1.G-1)[KL],(d2.#a1.g1.G-1)[KL],G-1[KL],G-1[LM],G-1[LM],G-1[KL],G-1[KL],G-1[KL],G-1[LM],G-1[LM],G-1[KL],G-1[KL],G-1[KL],G-1[LM],G-1[LM],G-1[KL],G-1[KL],G-1[KL],G-1[LM],G-1[LM],(d2.#a1.g1.G-1)[KL],(d2.#a1.g1.G-1)[KL],G-1[KL],G-1[LM],G-1[LM],G-1[KL],G-1[KL],G-1[KL],G-1[LM],G-1[LM],(g1.G-1)[KL],(g1.G-1)[LM],g1[LM],(g1.G-1)[KL],(g2.G-1)[LM],G-1[LM],(g1.G-1)[LM],g1[LM],(c2.G-1.F-1)[KL],(g2.G-1)[KL],(d2.G-1)[LM],G-1[LM],(g1.G-1.d2.#a1)[KL],(g1.G-1)[KL],(g1.G-1)[KL],(g1.G-1)[LM],G-1[LM],(g1.G-1)[KL],(g1.G-1)[KL],(g1.G-1)[KL],(g2.G-1)[LM],G-1[LM],G-1[KL],(g1.G-1)[KL],(g1.G-1)[KL],(g1.G-1)[LM],G-1[LM],(g1.G-1)[KL],(g1.G-1)[KL],(g1.G-1)[KL],(g2.G-1)[LM],G-1[LM],(G-1.d2.#a1.g1)[KL],(g1.G-1.d2.#a1)[KL],(g1.G-1)[KL],(g1.G-1)[LM],G-1[LM],(g1.G-1)[KL],(g1.G-1)[KL],(g1.G-1)[KL],(g2.G-1)[LM],G-1[LM],G-1[KL],(g1.G-1)[KL],(g1.G-1)[KL],(f2.G-1)[LM],G-1[LM],(g2.G-1)[KL],G-1[KL],(f2.G-1)[KL],G-1[LM],G-1[LM],(G-1.c2.a1.f1)[KL],(g1.G-1.d2.#a1)[KL],(g1.G-1)[KL],(g1.G-1)[LM],G-1[LM],(g1.G-1)[KL],(g1.G-1)[KL],(g1.G-1)[KL],(g2.G-1)[LM],G-1[LM],G-1[KL],(g1.G-1)[KL],(g1.G-1)[KL],(g1.G-1)[LM],G-1[LM],(g1.G-1)[KL],(g1.G-1)[KL],(g1.G-1)[KL],(g2.G-1)[LM],G-1[LM],(G-1.d2.#a1.g1)[KL],(g1.G-1.d2.#a1)[KL],(g1.G-1)[KL],(g1.G-1)[LM],G-1[LM],(g1.G-1)[KL],(g1.G-1)[KL],(g1.G-1)[KL],(g2.G-1)[LM],G-1[LM],(g1.G-1)[KL],(g1.G-1)[LM],g1[LM],(g1.G-1)[KL],(g2.G-1)[LM],G-1[LM],(g1.G-1)[LM],g1[LM],(c2.G-1.F-1)[KL],(#a1.G-1)[KL],(g1.G-1)[LM],G-1[LM],(g2.G-1.d2.#a1.g1)[KL],(g2.G-1)[LM],g2[LM],(g2.G-1)[KL],(g2.G-1)[LM],G-1[LM],(g2.G-1)[LM],g2[LM],(g2.G-1)[KL],(g2.G-1)[KL],(g2.G-1)[LM],G-1[LM],(g2.G-1)[KL],(g2.G-1)[LM],g2[LM],(g2.G-1)[KL],(g2.G-1)[LM],G-1[LM],(g2.G-1)[LM],g2[LM],(g2.G-1)[KL],(g2.G-1)[KL],(g2.G-1)[LM],G-1[LM],(g2.G-1.d2.#a1.g1)[KL],(g2.G-1.d2.#a1.g1)[LM],g2[LM],(g2.G-1)[KL],(g2.G-1)[LM],G-1[LM],(g2.G-1)[LM],g2[LM],(g2.G-1)[KL],(g2.G-1)[KL],(g2.G-1)[LM],G-1[LM],(g2.G-1)[KL],(g2.G-1)[LM],g2[LM],(g2.G-1)[KL],(g2.G-1)[LM],G-1[LM],(c2.G-1)[KL],(d2.G-1)[KL],(f1.G-1)[KL],(g1.G-1)[LM],G-1[LM],(g2.G-1.d2.#a1.g1)[KL],(g2.G-1)[LM],g2[LM],(g2.G-1)[KL],(g2.G-1)[LM],G-1[LM],(g2.G-1)[LM],g2[LM],(g2.G-1)[KL],(g2.G-1)[KL],(g2.G-1)[LM],G-1[LM],(g2.G-1)[KL],(g2.G-1)[LM],g2[LM],(g2.G-1)[KL],(g2.G-1)[LM],G-1[LM],(g2.G-1)[LM],g2[LM],(g2.G-1)[KL],(g2.G-1)[KL],(g2.G-1)[LM],G-1[LM],(g2.G-1.d2.#a1.g1)[KL],(g2.G-1.d2.#a1.g1)[LM],g2[LM],(g2.G-1)[KL],(g2.G-1)[LM],G-1[LM],(g2.G-1)[LM],g2[LM],(g2.G-1)[KL],(g2.G-1)[KL],(g2.G-1)[LM],G-1[LM],G-1[IL],G-1[IL],G-1[JK],G-1[IL],G-1[IL],G-1[JK],(d2.#a1.g1)[KL],(d2.#a1.g1)[KL],(c2.d2.#a1.g1)[KL],(#a1.d2.g1)[KL],(d2.#a1.g1)[KL],(d1.d2.#a1.g1)[KL],(g1.d2.#a1)[KL],(a1.d2.#a1.g1)[KL],(c2.a1.f1)[KL],(c1.c2.a1.f1)[KL],(a1.c2.f1)[KL],(g1.c2.a1.f1)[KL],(d1.c2.a1.f1)[KL],(c1.c2.a1.f1)[KL],(f1.c2.a1)[KL],(g1.c2.a1.f1)[KL],(#a1.f1.#d1)[KL],(#a1.f1.#d1)[KL],(#a1.f1.#d1)[KL],(#a1.f1.#d1)[KL],(#a1.f1.#d1)[KL],(#a1.f1.#d1)[KL],(c2.#a1.f1.#d1)[KL],(d2.#a1.f1.#d1)[KL],(#a1.g1.#d1)[KL],(#a1.g1.#d1)[KL],(#a1.g1.#d1)[KL],(#a1.g1.#d1)[KL],(#a1.g1.#d1)[KL],(#a1.g1.#d1)[KL],(g1.#a1.#d1)[KL],(#a1.g1.#d1)[KL],(d2.#a1.g1.#d1)[KL],(#a1.g1.#d1)[KL],(c2.#a1.g1.#d1)[KL],(#a1.g1.#d1)[KL],(#a1.g1.#d1)[KL],(d1.#a1.g1.#d1)[KL],(g1.#a1.#d1)[KL],(a1.#a1.g1.#d1)[KL],(c2.a1.f1)[KL],(c1.c2.a1.f1)[KL],(a1.c2.f1)[KL],(g1.c2.a1.f1)[KL],(d1.c2.a1.f1)[KL],(c1.c2.a1.f1)[KL],(f1.c2.a1)[KL],(g1.c2.a1.f1)[KL],(#a1.f1.#d1)[KL],(#a1.f1.#d1)[KL],(#a1.f1.#d1)[KL],(#a1.f1.#d1)[KL],(#a1.f1.#d1)[KL],(#a1.f1.#d1)[KL],(c2.#a1.f1.#d1)[KL],(d2.#a1.f1.#d1)[KL],(#a1.g1.#d1)[KL],(#a1.g1.#d1)[KL],(#a1.g1.#d1)[KL],(#a1.g1.#d1)[KL],(#a1.g1.#d1)[KL],(#a1.g1.#d1)[KL],(g1.#a1.#d1)[KL],(#a1.g1.#d1)[KL],(d2.#a1.g1.d3)[KL],(d2.#a1.g1)[KL],(c2.d2.#a1.g1.c3)[KL],(#a1.d2.g1.#a2)[KL],(d2.#a1.g1)[KL],(d1.d2.#a1.g1)[KL],(g1.d2.#a1.g2)[KL],(a1.d2.#a1.g1.a2)[KL],(c2.a1.f1)[KL],(c1.c2.a1.f1)[KL],(a1.c2.f1.a2)[KL],(g1.c2.a1.f1.g2)[KL],(d1.c2.a1.f1.d2)[KL],(c1.c2.a1.f1)[KL],(f1.c2.a1.f2)[KL],(g1.c2.a1.f1.g2)[KL],(#a1.f1.#d1)[KL],(#a1.f1.#d1)[KL],(#a1.f1.#d1)[KL],(#a1.f1.#d1)[KL],(#a1.f1.#d1)[KL],(#a1.f1.#d1)[KL],(c2.#a1.f1.#d1.c3)[KL],(d2.#a1.f1.#d1.d3)[KL],(#a1.g1.#d1)[KL],(#a1.g1.#d1)[KL],(#a1.g1.#d1)[KL],(#a1.g1.#d1)[KL],(#a1.g1.#d1)[KL],(#a1.g1.#d1)[KL],(g1.#a1.#d1.g2)[KL],(#a1.g1.#d1)[KL],(d2.#a1.g1.#d1.d3)[KL],(#a1.g1.#d1)[KL],(c2.#a1.g1.#d1.c3)[KL],(#a1.g1.#d1.#a2)[KL],(#a1.g1.#d1)[KL],(d1.#a1.g1.#d1.d2)[KL],(g1.#a1.#d1.g2)[KL],(a1.#a1.g1.#d1.a2)[KL],(c2.a1.f1)[KL],(c1.c2.a1.f1)[KL],(a1.c2.f1.a2)[KL],(g1.c2.a1.f1.g2)[KL],(d1.c2.a1.f1.d2)[KL],(c1.c2.a1.f1)[KL],(f1.c2.a1.f2)[KL],(g1.c2.a1.f1.g2)[KL],(#a1.f1.#d1)[KL],(#a1.f1.#d1)[KL],(#a1.f1.#d1)[KL],(#a1.f1.#d1)[KL],(#a1.f1.#d1)[KL],(#a1.f1.#d1)[KL],(c2.#a1.f1.#d1.c3)[KL],(d2.#a1.f1.#d1.d3)[KL],(#a1.g1.#d1)[KL],(#a1.g1.#d1)[KL],(#a1.g1.#d1)[KL],(#a1.g1.#d1)[KL],(#a1.g1.#d1)[KL],(#a1.g1.#d1)[KL],(g1.#a1.#d1)[KL],(#a1.g1.#d1)[KL],(d2.#a1.g1)[KL],(d2.#a1.g1)[KL],(c2.d2.#a1.g1)[KL],(#a1.d2.g1)[KL],(d2.#a1.g1)[KL],(d1.d2.#a1.g1)[KL],(g1.d2.#a1)[KL],(a1.d2.#a1.g1)[KL],(c2.a1.f1)[KL],(c1.c2.a1.f1)[KL],(a1.c2.f1)[KL],(g1.c2.a1.f1)[KL],(d1.c2.a1.f1)[KL],(c1.c2.a1.f1)[KL],(f1.c2.a1)[KL],(g1.c2.a1.f1)[KL],(#a1.f1.#d1)[KL],(#a1.f1.#d1)[KL],(#a1.f1.#d1)[KL],(#a1.f1.#d1)[KL],(#a1.f1.#d1)[KL],(#a1.f1.#d1)[KL],(c2.#a1.f1.#d1)[KL],(d2.#a1.f1.#d1)[KL],(#a1.g1.#d1)[KL],(#a1.g1.#d1)[KL],(#a1.g1.#d1)[KL],(#a1.g1.#d1)[KL],(#a1.g1.#d1)[KL],(#a1.g1.#d1)[KL],(g1.#a1.#d1)[KL],(#a1.g1.#d1)[KL],(d2.#a1.g1.#d1)[KL],(#a1.g1.#d1)[KL],(c2.#a1.g1.#d1)[KL],(#a1.g1.#d1)[KL],(#a1.g1.#d1)[KL],(d1.#a1.g1.#d1)[KL],(g1.#a1.#d1)[KL],(a1.#a1.g1.#d1)[KL],(c2.a1.f1)[KL],(c1.c2.a1.f1)[KL],(a1.c2.f1)[KL],(g1.c2.a1.f1)[KL],(d1.c2.a1.f1)[KL],(c1.c2.a1.f1)[KL],(f1.c2.a1)[KL],(g1.c2.a1.f1)[KL],(#a1.f1.#d1)[KL],(#a1.f1.#d1)[KL],(#a1.f1.#d1)[KL],(#a1.f1.#d1)[KL],(#a1.f1.#d1)[KL],(#a1.f1.#d1)[KL],(c2.#a1.f1.#d1)[KL],(d2.#a1.f1.#d1)[KL],(#a1.g1.#d1)[KL],(#a1.g1.#d1)[KL],(#a1.g1.#d1)[KL],(#a1.g1.#d1)[KL],(#a1.g1.#d1)[KL],(#a1.g1.#d1)[KL],(g1.#a1.#d1)[KL],(#a1.g1.#d1)[KL],G-2[IL],G-2[IL],G-2[JK],G-2[IL],G-2[IL],G-2[JK],G-2[IL],G-2[IL],G-2[JLMO],"],"id":3}],"audition":{"start":[0,0],"end":[1,0]}}