{"baseBpm":390,"musics":[{"bpm":390,"baseBeats":0.75,"scores":["mute[IL],mute[IL],mute[IJ],5<UV>,mute[JM],mute[JK],mute[JK],mute[HIJK],mute[JK],mute[JM],mute[JM],mute[KL],mute[HI],mute[JK],5<UV>,mute[JM],mute[JK],mute[JK],mute[IL],mute[IL],mute[IJ],mute[KL],mute[IL],mute[IL],mute[KL],mute[KL],mute[KL],mute[KL],mute[IJ],mute[KL],mute[KL],mute[KL],mute[KL],mute[KL],mute[JK],mute[KL],mute[KL],mute[KL],mute[KL],mute[KL],mute[IJ],mute[KL],mute[KL],mute[KL],mute[KL],mute[KL],mute[KL],mute[KL],mute[JK],mute[KL],mute[KL],mute[KL],mute[IJ],mute[KL],mute[KL],mute[KL],mute[KL],mute[KL],mute[KL],mute[KL],mute[JK],mute[KL],mute[KL],mute[KL],mute[IL],mute[KL],mute[KL],mute[KL],mute[KL],mute[KL],mute[KL],mute[KL],mute[KL],mute[JK],mute[IL],mute[KL],mute[KL],mute[KL],mute[JK],mute[IL],mute[KL],mute[KL],mute[KL],mute[KL],mute[KL],mute[KL],mute[KL],mute[KL],mute[KL],mute[KL],mute[KL],mute[JK],mute[IL],mute[KL],mute[KL],mute[KL],mute[JM],mute[LM],mute[IL],mute[KL],mute[KL],mute[KL],mute[JM],mute[LM],mute[IL],mute[KL],mute[KL],mute[KL],mute[JM],mute[LM],mute[HK],mute[KL],mute[KL],mute[KL],mute[KL],mute[KL],mute[KL],mute[KL],mute[KL],mute[IJ],mute[JM],mute[JM],mute[JK],mute[JM],mute[JM],mute[IJ],mute[IJ],mute[JM],mute[JM],mute[JK],mute[JM],mute[JM],mute[IJ],mute[JM],mute[LM],mute[JK],mute[JM],mute[JM],mute[KL],mute[KL],mute[JM],mute[JM],mute[IJ],mute[JM],mute[LM],mute[JK],mute[JM],mute[JM],mute[JK],mute[JM],mute[JM],mute[IJ],mute[JK],mute[KL],mute[KL],mute[LM],mute[LM],mute[KL],mute[JK],mute[KL],mute[KL],mute[LM],mute[LM],mute[KL],mute[IL],mute[KL],mute[JK],mute[KL],mute[KL],mute[LM],mute[LM],mute[KL],mute[JK],mute[KL],mute[KL],mute[LM],mute[LM],mute[KL],mute[IL],mute[KL],mute[JK],mute[KL],mute[KL],mute[LM],mute[LM],mute[KL],mute[JK],mute[KL],mute[LM],mute[LM],mute[KL],mute[KL],mute[KL],mute[KL],mute[KL],mute[KL],mute[KL],mute[KL],mute[KL],mute[KL],mute[KL],mute[KL],mute[KL],mute[JK],mute[KL],mute[KL],mute[KL],mute[KL],mute[KL],mute[KL],mute[KL];","(c1.#d1.g1)[IL],#g1[IL],g1[IJ],c1[MN],#d1[MN],g1[JM],#g1[JK],g1[JK],(c1.#d1.g1)[HIJK],g1[JK],#g1[JM],g1[JM],f1[KL],(#a.d1.f1)[HI],f1[JK],#a[MN],d1[MN],f1[JM],g1[JK],f1[JK],g2[IL],f2[IL],#d2[IJ],d2[KL],#d2[IL],d2[IL],c2[KL],c2[KL],d2[KL],#d2[KL],d2[IJ],c2[KL],c2[KL],d2[KL],#d2[KL],d2[KL],c2[JK],c2[KL],g1[KL],c2[KL],d2[KL],#d2[KL],d2[IJ],g1[KL],g1[KL],g1[KL],#d2[KL],f2[KL],#d2[KL],d2[KL],d2[JK],g1[KL],g1[KL],d2[KL],d2[IJ],g1[KL],g1[KL],g1[KL],#d2[KL],f2[KL],#d2[KL],d2[KL],d2[JK],g1[KL],g1[KL],d2[KL],d2[IL],d2[KL],g1[KL],c2[KL],d2[KL],#d2[KL],d2[KL],c2[KL],d2[KL],#d2[JK],c2[IL],g1[KL],c2[KL],d2[KL],#d2[JK],c2[IL],g1[KL],c2[KL],d2[KL],#d2[KL],d2[KL],c2[KL],d2[KL],#d2[KL],d2[KL],c2[KL],d2[KL],#d2[JK],c2[IL],g1[KL],g1[KL],#a1[KL],#g1[JM],g1[LM],f1[IL],g1[KL],g1[KL],#a1[KL],#g1[JM],g1[LM],f1[IL],g1[KL],g1[KL],#a1[KL],#g1[JM],g1[LM],f1[HK],c2[KL],g1[KL],c2[KL],d2[KL],#d2[KL],d2[KL],c2[KL],d2[KL],(g2.#d3)[IJ],c2[JM],c2[JM],c2[JK],c2[JM],c2[JM],c2[IJ],(g2.#d3)[IJ],c2[JM],c2[JM],c2[JK],c2[JM],c2[JM],c2[IJ],d3[JM],c3[LM],#a2[JK],d2[JM],d2[JM],d2[KL],d2[KL],c2[JM],#d2[JM],d2[IJ],d3[JM],c3[LM],#a2[JK],d2[JM],d2[JM],d2[JK],c2[JM],#d2[JM],d2[IJ],(g1.#d2)[JK],(g1.#d2)[KL],c2[KL],(g1.#d2)[LM],#d2[LM],c2[KL],#d2[JK],c2[KL],c2[KL],(g1.#d2)[LM],#d2[LM],c2[KL],(g1.#d2)[IL],g1[KL],(g1.#d2)[JK],(g1.#d2)[KL],c2[KL],(g1.#d2)[LM],#d2[LM],c2[KL],#d2[JK],c2[KL],c2[KL],#d2[LM],#d2[LM],c2[KL],#d2[IL],g1[KL],(#a1.d2)[JK],d2[KL],#a1[KL],d2[LM],d2[LM],#a1[KL],d2[JK],g1[KL],#a1[LM],c2[LM],d2[KL],#a1[KL],d2[KL],c2[KL],c2[KL],c2[KL],g1[KL],g1[KL],g1[KL],g1[KL],g1[KL],g1[KL],g1[KL],g1[JK],(g1.g2)[KL],(g1.g2)[KL],(g1.g2)[KL],(g1.g2)[KL],(g1.g2)[KL],(g1.g2)[KL],(#g1.#g2)[KL];","(c.g.#a)[HHH],(c.#d.g)[HHH],(G-1.d.f)[IL],g[IL],f[JK],G-1[IL],f[KL],g[JK],f[JK],(G-1.f)[IL],(f.#a)[HJL],d[JK],(f.#a)[IJ],(c.c1)[IL],g[KL],(c1.#d1)[IL],g[KL],(c1.#d1)[IL],g[KL],c1[MN],d1[JLN],g[JK],(c.c1)[IL],g[KL],d1[JK],(c1.#d1)[HK],g[JK],c[JK],(G-1.g)[IL],#a[KL],d1[JK],g[JK],(#a.d1)[IJ],(#a.d1)[JK],#g[JK],(G-1.g)[IL],d[KL],(g.#a)[IL],d[KL],(#a.d1)[JK],d[JK],(g.#a)[IL],d[KL],(c.c1)[IL],c[KL],(g.c1)[IL],c[KL],(g.c1)[IL],(g.c1)[JK],c[IL],c[JK],g[JK],#d1[JK],g[JK],c1[JK],g[JK],#a[JK],c[JK],(G-1.f)[IL],G-1[KL],(d.f)[JK],G-1[KL],(d.g)[IJ],G-1[KL],(d.f)[JK],G-1[JK],G-1[IL],G-1[KL],(d.f)[JK],G-1[IL],G-1[JK],G-1[KL],(d.f)[JK],G-1[JK],c[IL],g[KL],(c1.#d1)[IJKL],g[IL],(c1.#d1)[JK],#d[JK],c[IL],g[KL],(c1.#d1)[IJ],(c1.#d1)[KL],g[IL],(c1.#d1)[JK],#d[JK],(G-1.g)[IL],g[KL],(#a.d1)[IL],(#a.d1)[HJL],g[JK],(G-1.g)[IL],g[KL],(#a.d1)[IL],(#a.d1)[JK],g[JK],(#a.d1)[IL],G-1[JK],c[IL],g[KL],c1[IL],#d1[HJL],g[JK],c[IL],g[KL],(c1.#d1)[IJKL],g[IL],(c1.#d1)[JK],g[JK],(G-1.g)[IL],g[KL],(#a.d1)[IL],(#a.d1)[HJL],g[JK],G-1[IL],G-1[KL],(d.g)[JK],G-1[IJKL],G-1[KL],G-2[IJ],"],"id":1,"instruments":["piano","piano","piano"],"alternatives":["","",""]},{"bpm":390,"baseBeats":0.75,"scores":["mute[JK],mute[IL],mute[KL],mute[KL],mute[KL],mute[JK],mute[IL],mute[KL],mute[KL],mute[KL],mute[KL],mute[KL],mute[KL],mute[KL],mute[KL],mute[KL],mute[KL],mute[KL],mute[JK],mute[IL],mute[KL],mute[KL],mute[KL],mute[JK],mute[IL],mute[KL],mute[KL],mute[KL],mute[JK],mute[IL],mute[KL],mute[KL],mute[KL],mute[JK],mute[HJL],mute[KL],mute[KL],mute[KL],mute[KL],mute[KL],mute[KL],mute[KL],mute[JK],mute[IL],mute[KL],mute[KL],mute[KL],mute[JK],mute[IL],mute[KL],mute[KL],mute[KL],mute[KL],mute[KL],mute[KL],mute[KL],mute[KL],mute[KL],mute[KL],mute[KL],mute[JK],mute[IL],mute[KL],mute[KL],mute[KL],mute[JK],mute[IL],mute[KL],mute[KL],mute[KL],mute[JK],mute[IL],mute[KL],mute[KL],mute[KL],mute[JK],mute[HIKL],mute[KL],mute[KL],mute[KL],mute[KL],mute[KL],mute[HHL],mute[JK],mute[KL],mute[KL],mute[KL],mute[HHL],mute[JK],mute[KL],mute[KL],mute[KL],mute[JK],mute[HIKL],mute[JK],mute[KL],mute[KL],mute[KL],mute[JK],mute[IJ],mute[HIJK],mute[JK],mute[LM],mute[LM],mute[KL],mute[KL],mute[IL],mute[LM],mute[LM],mute[KL],mute[KL],mute[JK],mute[JK],mute[KL],mute[JK],mute[LM],mute[LM],mute[KL],mute[KL],mute[IL],mute[LM],mute[LM],mute[KL],mute[KL],mute[JK],mute[JK],mute[KL],mute[JK],mute[LM],mute[LM],mute[KL],mute[KL],mute[JK],mute[LM],mute[LM],mute[KL],mute[KL],mute[KL],mute[JK],mute[JK],mute[IL],mute[LM],mute[LM],mute[KL],mute[KL],mute[KL],mute[LM],mute[LM],mute[KL],mute[KL],mute[KL],mute[LM],mute[LM],mute[KL],mute[KL],mute[KL],mute[KL],mute[KL],mute[KL],mute[LM],mute[LM],mute[KL],mute[KL],mute[IL],mute[KL],mute[KL],mute[LM],mute[LM],mute[KL],mute[KL],mute[IJ],mute[KL],mute[LM],mute[LM],mute[KL],mute[KL],mute[KL],mute[LM],mute[LM],mute[KL],mute[KL],mute[LM],mute[LM],mute[LM],mute[LM],mute[KL],mute[KL],mute[JK],mute[KL],mute[KL],mute[IJ],mute[KL],mute[KL],mute[KL],mute[KL],mute[LM],mute[LM],mute[LM],mute[LM],mute[KL],mute[KL],mute[JK],mute[LM],mute[LM],mute[LM],mute[LM],mute[KL],mute[LM],mute[LM],mute[KL],mute[LM],mute[LM],mute[LM],mute[LM],mute[LM],mute[LM],mute[LM],mute[LM],mute[LM],mute[LM],mute[KL],mute[LM],mute[LM],mute[KL],mute[KL],mute[IJ],mute[LM],mute[LM],mute[KL],mute[LM],mute[LM],mute[KL],mute[LM],mute[LM],mute[KL],mute[LM],mute[LM],mute[IJ],mute[LM],mute[LM],mute[KL],mute[KL],mute[KL],mute[KL],mute[LM],mute[LM],mute[KL],mute[LM],mute[LM],mute[KL],mute[LM],mute[LM],mute[KL],mute[LM],mute[LM],mute[IJ],mute[LM],mute[LM],mute[KL],mute[KL],mute[KL],mute[KL],mute[LM],mute[LM],mute[KL],mute[LM],mute[LM],mute[KL],mute[LM],mute[LM],mute[KL],mute[LM],mute[LM],mute[IJ],mute[LM],mute[LM],mute[KL],mute[KL],mute[KL],mute[KL],mute[LM],mute[LM],mute[KL],mute[LM],mute[LM],mute[KL],mute[LM],mute[LM],mute[KL],mute[LM],mute[LM],mute[IJ],mute[LM],mute[LM],mute[KL],mute[KL],mute[KL],mute[KL];","(g2.c2.g1)[JK],c2[IL],(g2.g1)[KL],(g2.g1)[KL],(#g2.#g1)[KL],(g2.c2.g1)[JK],c2[IL],(g2.c2)[KL],g2[KL],g2[KL],(g2.c2)[KL],g2[KL],g2[KL],(#g2.c2)[KL],(g2.c2)[KL],#g2[KL],g2[KL],#g2[KL],(g2.c2)[JK],c2[IL],c2[KL],g2[KL],#d2[KL],(f2.#a1)[JK],(d2.#a1)[IL],c2[KL],g2[KL],#d2[KL],(f2.#a1)[JK],(d2.#a1)[IL],c2[KL],g2[KL],#d2[KL],(f2.#a1)[JK],d2[HJL],g2[KL],g2[KL],g2[KL],g2[KL],g2[KL],g2[KL],#g2[KL],(g1.c2.g2)[JK],c2[IL],(g1.g2)[KL],(g1.g2)[KL],(#g2.#g1)[KL],(g1.c2.g2)[JK],c2[IL],(g2.c2)[KL],g2[KL],g2[KL],(g2.c2)[KL],g2[KL],g2[KL],g2[KL],(#a2.c2)[KL],#g2[KL],g2[KL],f2[KL],(g2.c2)[JK],c2[IL],c2[KL],g2[KL],#d2[KL],(f2.#a1)[JK],d2[IL],c2[KL],g2[KL],#d2[KL],(f2.c2)[JK],d2[IL],c2[KL],g2[KL],#d2[KL],(#a1.f2)[JK],d2[HIKL],#d2[KL],#d2[KL],d2[KL],c2[KL],d2[KL],(#d2.#d1)[HHL],(#d3.#d2)[JK],(d3.d2)[KL],(c3.c2)[KL],(#a2.#a1)[KL],(c3.c2)[HHL],#d2[JK],d2[KL],c2[KL],#a1[KL],(c2.c3)[JK],(g1.g2)[HIKL],(#d3.#d2)[JK],(d2.d3)[KL],(c3.c2)[KL],(#a1.#a2)[KL],(c2.c3)[JK],(g1.g2)[IJ],(f1.f2)[HIJK],c1[JK],g1[LM],g1[LM],g1[KL],g1[KL],f1[IL],g1[LM],g1[LM],g1[KL],g1[KL],f1[JK],#d1[JK],#d1[KL],(#d1.c1)[JK],g1[LM],g1[LM],g1[KL],g1[KL],f1[IL],g1[LM],g1[LM],g1[KL],g1[KL],f1[JK],#d1[JK],#d1[KL],(d1.#a)[JK],g1[LM],g1[LM],g1[KL],g1[KL],f1[JK],#d1[LM],#d1[LM],g1[KL],g1[KL],g1[KL],f1[JK],#d1[JK],#d1[IL],g1[LM],g1[LM],g1[KL],g1[KL],f1[KL],#d1[LM],#d1[LM],#d1[KL],g1[KL],f1[KL],#d1[LM],#d1[LM],#d1[KL],g1[KL],f1[KL],#d1[KL],d1[KL],g2[KL],g2[LM],g2[LM],g2[KL],f2[KL],#d2[IL],#d2[KL],g2[KL],g2[LM],g2[LM],g2[KL],f2[KL],#d2[IJ],g2[KL],c2[LM],c2[LM],g2[KL],g2[KL],g2[KL],c2[LM],c2[LM],g2[KL],g2[KL],g2[LM],g2[LM],g2[LM],g2[LM],g2[KL],f2[KL],#d2[JK],g2[KL],f2[KL],#d2[IJ],g2[KL],f2[KL],#d2[KL],#d2[KL],#d2[LM],#d2[LM],#d2[LM],#d2[LM],g2[KL],f2[KL],#d2[JK],g2[LM],g2[LM],c2[LM],c2[LM],g2[KL],c2[LM],c2[LM],g2[KL],c2[LM],c2[LM],g2[LM],g2[LM],c2[LM],c2[LM],g2[LM],g2[LM],c2[LM],c2[LM],#d2[KL],#d2[LM],#d2[LM],g2[KL],f2[KL],#d2[IJ],#d2[LM],#d2[LM],#d2[KL],#d2[LM],#d2[LM],#d2[KL],#d2[LM],#d2[LM],#d2[KL],#d2[LM],#d2[LM],#d2[IJ],c2[LM],d2[LM],#d2[KL],d2[KL],c2[KL],#a1[KL],#d2[LM],#d2[LM],#d2[KL],#d2[LM],#d2[LM],#d2[KL],#d2[LM],#d2[LM],#d2[KL],#d2[LM],#d2[LM],#d2[IJ],d2[LM],#d2[LM],f2[KL],#d2[KL],d2[KL],c2[KL],d2[LM],d2[LM],d2[KL],d2[LM],d2[LM],d2[KL],d2[LM],d2[LM],d2[KL],d2[LM],d2[LM],d2[IJ],d2[LM],#d2[LM],f2[KL],#d2[KL],d2[KL],c2[KL],d2[LM],d2[LM],d2[KL],d2[LM],d2[LM],d2[KL],d2[LM],d2[LM],d2[KL],d2[LM],d2[LM],d2[IJ],d2[LM],#d2[LM],f2[KL],#d2[KL],d2[KL],#a1[KL];","(C-1.c)[IL],c[KL],(g.c1)[IL],(g.c1)[IJ],c[KL],(c1.g)[JK],c[JK],(c.C-1)[IL],c[KL],(g.c1)[IL],(g.c1)[IJ],c[KL],(c1.g)[JK],c[JK],(G-2.G-1)[IL],G-1[KL],(d.f)[IL],G-1[IJ],G-1[KL],(d.f)[JK],#G-1[JK],(G-1.G-2)[IL],G-1[KL],(d.f)[IL],G-1[IJ],G-1[KL],(g.#a)[JK],(G-2.G-1)[JK],(C-1.c)[IL],c[KL],(c1.g)[JK],c[IL],c[JK],c[KL],(g.c1)[JK],c[JK],(c.C-1)[IL],c[KL],(g.c1)[IL],(g.c1)[IJ],c[KL],(c1.g)[JK],c[JK],(G-2.G-1)[IL],G-1[KL],(d.f)[IL],G-1[IJ],G-1[KL],(d.f)[JK],#G-1[JK],(G-1.G-2)[IL],G-1[KL],(d.f)[JK],G-1[JK],(#A-1.f)[IL],d[KL],(g.#a)[JK],d[JK],(C-1.c)[IL],c[KL],(g.c1)[JK],c[KL],(#d.g)[IL],c[KL],(c1.g)[JK],c[KL],(#d.g)[JK],(#A-2.#A-1)[IL],#A-1[KL],(#a.f)[JK],#A-1[KL],(f.d)[IL],#A-1[KL],(f.#a)[JK],#A-1[KL],(d.f)[JK],(#G-2.#G-1)[IL],#G-1[KL],(#d.g)[JK],#G-1[KL],(#d.g)[IL],#G-1[KL],(g.#d)[JK],#G-1[IL],G-1[IL],G-1[KL],(d.g)[JK],G-1[KL],(#a.g)[IJ],d[KL],(#a.d1)[JK],g[JK],(c.g)[HHH],(c.g)[HHH],(G-1.d.f)[IL],g[IL],f[JK],G-1[IL],f[KL],g[JK],f[JK],(f.G-1)[IL],(f.#a)[HJL],d[JK],(#a.f)[IJ],(c1.c)[IL],g[KL],(c1.#d1)[IL],g[KL],(#d1.c1)[IL],g[KL],(d1.c1)[JK],g[JK],(c.c1)[IL],g[KL],d1[JK],(#d1.c1)[HK],g[JK],c[JK],(G-1.g)[IL],#a[KL],d1[JK],g[JK],(d1.#a)[IJ],(d1.#a)[JK],#g[JK],(g.G-1)[IL],d[KL],(g.#a)[IL],d[KL],(#a.d1)[JK],d[JK],(#a.g)[IL],d[KL],(c1.c)[IL],c[KL],(c1.g)[IL],c[KL],(c1.g)[IL],(c1.g)[JK],c[IL],c[JK],g[JK],#d1[JK],g[JK],c1[JK],g[JK],#a[JK],c[JK],(f.G-1)[IL],G-1[KL],(f.d)[JK],G-1[KL],(g.d)[IJ],G-1[KL],(f.d)[JK],G-1[JK],G-1[IL],G-1[KL],(f.d)[JK],G-1[IL],G-1[JK],G-1[KL],(f.d)[JK],G-1[JK],"],"id":2,"instruments":["piano","piano","piano"],"alternatives":["","",""]},{"bpm":390,"baseBeats":0.75,"scores":["mute[IL],mute[KL],mute[JK],mute[IL],mute[JK],mute[KL],mute[JK],mute[JK],mute[IL],mute[KL],mute[JK],mute[IL],mute[JK],mute[KL],mute[JK],mute[JK],mute[IL],mute[KL],mute[JK],mute[IL],mute[JK],mute[KL],mute[JK],mute[JK],mute[IL],mute[KL],mute[JK],mute[IL],mute[KL],mute[KL],mute[KL],mute[KL],mute[KL],mute[KL],mute[KL],mute[JK],mute[IL],mute[KL],mute[KL],mute[KL],mute[JK],mute[IL],mute[KL],mute[KL],mute[KL],mute[KL],mute[KL],mute[KL],mute[KL],mute[KL],mute[KL],mute[KL],mute[KL],mute[JK],mute[IL],mute[KL],mute[KL],mute[KL],mute[JK],mute[IL],mute[KL],mute[KL],mute[KL],mute[JK],mute[IL],mute[KL],mute[KL],mute[KL],mute[JK],mute[HJL],mute[KL],mute[KL],mute[KL],mute[KL],mute[KL],mute[KL],mute[KL],mute[JK],mute[IL],mute[KL],mute[KL],mute[KL],mute[JK],mute[IL],mute[KL],mute[KL],mute[KL],mute[KL],mute[KL],mute[KL],mute[KL],mute[KL],mute[KL],mute[KL],mute[KL],mute[JK],mute[IL],mute[KL],mute[KL],mute[KL],mute[JK],mute[IL],mute[KL],mute[KL],mute[KL],mute[JK],mute[IL],mute[KL],mute[KL],mute[KL],mute[JK],mute[HIKL],mute[KL],mute[KL],mute[KL],mute[KL],mute[KL],mute[HHL],mute[JK],mute[KL],mute[KL],mute[KL],mute[HHL],mute[JK],mute[KL],mute[KL],mute[KL],mute[JK],mute[HK],mute[IL],mute[JK],mute[KL],mute[KL],mute[KL],mute[JK],mute[IJ],mute[IL],mute[KL],mute[KL],mute[KL],mute[JK],mute[KL],mute[LM],mute[LM],mute[LM],mute[HHIJ];","c2[IL],(g2.c2)[KL],(c2.#g2)[JK],(g2.c2)[IL],c2[JK],(c2.g2)[KL],(c2.#g2)[JK],(g2.c2)[JK],c2[IL],(g2.c2)[KL],(#g2.c2)[JK],(c2.g2)[IL],c2[JK],(c2.g2)[KL],(#g2.c2)[JK],(c2.g2)[JK],g1[IL],(#a1.d2)[KL],(#a1.f2)[JK],(d2.#a1)[IL],g1[JK],(#a1.d2)[KL],(#a1.f2)[JK],(d2.#a1)[JK],g1[IL],(d2.#a1)[KL],(f2.#a1)[JK],(#a1.d2)[IL],(g1.g2)[KL],(g1.g2)[KL],(g1.g2)[KL],(g2.g1)[KL],(g1.g2)[KL],(g2.g1)[KL],(#g1.#g2)[KL],(g2.c2.g1)[JK],c2[IL],(g1.g2)[KL],(g2.g1)[KL],(#g2.#g1)[KL],(g2.c2.g1)[JK],c2[IL],(c2.g2)[KL],g2[KL],g2[KL],(g2.c2)[KL],g2[KL],g2[KL],(#g2.c2)[KL],(g2.c2)[KL],#g2[KL],g2[KL],#g2[KL],(c2.g2)[JK],c2[IL],c2[KL],g2[KL],#d2[KL],(f2.#a1)[JK],(#a1.d2)[IL],c2[KL],g2[KL],#d2[KL],(f2.d2)[JK],d2[IL],c2[KL],g2[KL],#d2[KL],(#a1.f2)[JK],d2[HJL],g2[KL],g2[KL],g2[KL],g2[KL],g2[KL],g2[KL],#g2[KL],(g2.c2.g1)[JK],c2[IL],(g1.g2)[KL],(g2.g1)[KL],(#g1.#g2)[KL],(g2.c2.g1)[JK],c2[IL],(g2.c2)[KL],g2[KL],g2[KL],(c2.g2)[KL],g2[KL],g2[KL],g2[KL],(c2.#a2)[KL],#g2[KL],g2[KL],f2[KL],(g2.c2)[JK],c2[IL],c2[KL],g2[KL],#d2[KL],(f2.#a1)[JK],d2[IL],c2[KL],g2[KL],#d2[KL],(#a1.f2)[JK],d2[IL],c2[KL],g2[KL],#d2[KL],f2[JK],d2[HIKL],#d2[KL],#d2[KL],d2[KL],c2[KL],d2[KL],#d2[HHL],#d2[JK],d2[KL],c2[KL],#a1[KL],c2[HHL],#d2[JK],d2[KL],c2[KL],#a1[KL],c2[JK],g1[HK],g1[IL],(#d2.g1)[JK],d2[KL],(c2.#d1)[KL],#a1[KL],c2[JK],g1[IJ],f1[IL],g1[KL],#g1[KL],g1[KL],(g1.#d2)[JK],(d2.f1)[KL],c1[LM],#d1[LM],g1[LM],c2[HHIJ];","c[IL],g[KL],(c1.#d1)[IJKL],g[IL],(c1.#d1)[JK],#d[JK],c[IL],g[KL],(c1.#d1)[IJKL],g[IL],(c1.#d1)[JK],#d[JK],(G-1.g)[IL],g[KL],(#a.d1)[IL],(#a.d1)[HJL],g[JK],G-1[IL],G-1[KL],(g.d)[JK],G-1[JK],(G-2.G-1)[IL],G-1[KL],(G-2.G-1)[KL],(G-2.G-1)[KL],(G-2.G-1)[JK],(c.C-1)[IL],c[KL],(g.c1)[IL],(c1.g)[IJ],c[KL],(c1.g)[JK],c[JK],(c.C-1)[IL],c[KL],(g.c1)[IL],(c1.g)[IJ],c[KL],(c1.g)[JK],c[JK],(G-1.G-2)[IL],G-1[KL],(d.f)[IL],G-1[IJ],G-1[KL],(d.f)[JK],#G-1[JK],(G-1.G-2)[IL],G-1[KL],(f.d)[JK],G-1[KL],g[IJ],G-1[KL],(g.#a)[JK],(G-1.G-2)[JK],(c.C-1)[IL],c[KL],(c1.g)[JK],c[IL],c[JK],c[KL],(c1.g)[JK],c[JK],(c.C-1)[IL],c[KL],(g.c1)[IL],(c1.g)[IJ],c[KL],(c1.g)[JK],c[JK],(G-1.G-2)[IL],G-1[KL],(d.f)[IL],G-1[IJ],G-1[KL],(d.f)[JK],#G-1[JK],(G-1.G-2)[IL],G-1[KL],(d.f)[JK],G-1[JK],(#A-1.f)[IJ],(#a.g)[IJ],c[JK],g[JK],d1[JK],#d1[JK],g[HI],#a[JK],f1[JK],d2[JK],#d2[JK],f[HI],A-1[JK],#d[JK],g[JK],c1[IJ],#d[JK],g[JK],f[JK],(g.#d.#G-1)[HI],(G-1.d.f)[IL],#a[JK],g[IL],(C-1.c)[HHIJLM],"],"id":3,"instruments":["piano","piano","piano"],"alternatives":["","",""]}],"audition":{"start":[0,0],"end":[2,145]}}