{"baseBpm":69,"musics":[{"id":1,"baseBeats":0.5,"scores":["(d2.a2)[LM],(d2.#f2)[JLM],e2[L],(b1.a2)[LM],(b1.#g2)[JKM],(#f2.a2)[LM],(a1.#f2)[JLM],(d2.e2)[L],(c2.e2)[LM],(c2.#f2)[JKM],(d2.a2)[LM],(d2.#f2)[JLM],(d2.e2)[L],(#c2.a2)[LM],(#c2.#g2)[JKM],(#f2.a2)[LM],(a1.#f2)[JKM],5<e[M],#g[M]>,5<b[M],e1[M]>,5<#g1[M],b1[M]>,e2[L],(a1.a2)[L],(b1.b2)[L],(a1.a2)[L],(b1.b2)[L],(a1.e2)[L],(a1.e2)[L],(a1.e2)[L],5<(a1.e2)[M],(a1.e2)[M]>,5<d1[M],(a1.e2)[M]>,(a1.#f2)[L],(a1.a2)[L],(a1.#c3)[L],(b1.e2)[L],(b1.e2)[L],(b1.e2)[L],5<(b1.e2)[M],(b1.e2)[M]>,5<e1[M],(b1.e2)[M]>,(b1.#f2)[L],(b1.a2)[L],(b1.#c3)[L],(#c2.e2.a2.a3)[L],(#c2.e2)[L],(#c2.e2.#f2.#f3)[L],5<(#c2.e2.e3)[M],(#c2.e2)[M]>,5<(#f1.#f2.#f3)[M],(#c2.e2)[M]>,(#c2.#f2)[L],(#c2.a2.e3)[L],(#c2.b2.#c3)[L],(b1.e2.e3)[L],(b1.e2.#c3)[L],(b1.e2.b2)[L],5<(b1.e2)[M],(b1.e2)[M]>,5<g1[M],(b1.e2)[M]>,(b1.#f2)[L],(g1.a2)[L],(g1.#c3)[L],(a1.e2)[L],(a1.e2)[L],(a1.e2)[L],5<(a1.e2)[M],(a1.e2)[M]>,5<d1[M],(a1.e2)[M]>,(a1.#f2)[L],(a1.a2)[L],(a1.#c3)[L],(b1.e2)[L],(b1.e2)[L],(b1.e2)[L],5<(b1.e2)[M],(b1.e2)[M]>,5<e1[M],(b1.e2)[M]>,(b1.#f2)[L],(b1.a2)[L],(b1.#c3)[L],(#c2.e2.a2.a3)[L],(#c2.e2)[L],(#c2.e2.#f2.#f3)[L],5<(#c2.e2.e3)[M],(#c2.e2)[M]>,5<(#f1.#f2.#f3)[M],(#c2.e2)[M]>,(#c2.#f2)[L],(#c2.a2.e3)[L],(#c2.b2.#c3)[L],(b1.e2.e3)[L],(b1.e2.#c3)[L],(b1.e2.b2)[L],5<(b1.e2)[M],(b1.e2)[M]>,5<g1[M],(b1.e2)[M]>,(b1.#f2)[L],(g1.a2)[L],(g1.#c3)[L],U,a2[L],a2[L],a2[L],a2[L],#f2[L],e2[L],a2[L],#f1[L],a2[L],a2[L],a2[L],#c3[K],e2[L],a2[L],U,a2[L],a2[L],a2[L],a2[L],#f2[L],e2[L],a2[L],5<#f1[M],a1[M]>,5<#c2[M],a1[M]>,5<#c2[M],#f2[M]>,5<a2[M],#c3[M]>,5<b2[M],#g2[M]>,5<e2[M],b1[M]>,5<#g1[M],e1[M]>,(#g.b)[L],U,a2[L],a2[L],a2[L],a2[L],#f2[L],e2[L],a2[L],U,a2[L],a2[L],a2[L],#c3[K],e2[L],a2[L],d1[L],#f2[L],e2[L],#f2[L],e2[L],#c2[L],b1[L],a1[L],5<a[M],#c1[M]>,5<#f1[M],a1[M]>,5<#c2[M],#f2[M]>,5<a2[M],#c3[M]>,5<b2[M],#g2[M]>,5<e2[M],b1[M]>,5<#g1[M],e1[M]>,5<b[M],#g[M]>,U,#f2[L],e2[L],#f2[L],#c2[L],b1[L],a1[L],b1[L],#c2[L],d2[L],#c2[L],b1[L],U,a1[L],a1[L],b1[L],U,#f2[L],e2[L],#f2[L],#c2[L],b1[L],a1[L],b1[L],(g1.b1)[L],#c2[L],d2[L],e2[L],U,e2[L],e2[L],a2[L],U,a2[L],a2[L],a2[L],#c3[L],U,e2[L],a2[L],U,a2[L],a2[L],a2[L],#c3[L],e2[L],e2[L],a2[L],U,b2[L],#c3[L],d3[L],#c3[L],b2[L],U,b2[L],U,#c3[L],T,(a1.a2)[L],(b1.b2)[L],(a1.a2)[L],(b1.b2)[L],(a1.e2.a2)[L],(a1.e2)[L],(a1.e2)[L],5<(a1.e2)[M],(a1.e2)[M]>,5<d1[M],(a1.e2)[M]>,(a1.#f2)[L],(a1.a2)[L],(a1.#c3)[L],(b1.e2)[L],(b1.e2)[L],(b1.e2)[L],5<(b1.e2)[M],(b1.e2)[M]>,5<(e1.a1.a2.a3)[M],(b1.e2)[M]>,(b1.#f2.b2.b3)[L],(b1.a2.a3)[L],(b1.#c3.b3)[L],(#c2.e2.a2.a3)[L],(#c2.e2)[L],(#c2.e2.#f2.#f3)[L],5<(#c2.e2.e3)[M],(#c2.e2)[M]>,5<(#f1.#f2.#f3)[M],(#c2.e2)[M]>,(#c2.#f2)[L],(#c2.a2.e3)[L],(#c2.b2.#c3)[L],(b1.e2.e3)[L],(b1.e2.#c3)[L],(b1.e2.b2)[L],5<(b1.e2)[M],(b1.e2)[M]>,(e2.e3)[L],(#f2.#f3)[L],(a2.a3)[L],(b2.b3)[L],","(d.a.d1)[J],#f1[J],(e.b.e1)[J],#g1[J],(#f.#c1.#f1)[J],a1[J],(c.g.c1)[J],e1[J],(d.a.d1)[J],#f1[J],(e.b.e1)[J],#g1[J],(#f.#c1.#f1)[J],a1[J],(e.b.#g1)[K],(E-2.E-1)[JK],(D-2.D-1)[K],(#F-1.d.a)[L],(D-1.d)[K],(D-1.d)[L],(#F-1.d.a)[K],(E-2.E-1)[K],(#G-1.e.b)[L],(E-1.e)[K],(E-1.e)[L],(#G-1.e.b)[K],(#F-2.#F-1)[K],(A-1.#f.#c1)[L],(#F-1.#f)[K],(#F-1.#f)[L],(A-1.#f.#c1)[K],(G-2.G-1)[K],(B-1.g.d1)[L],(G-1.g)[K],(G-1.g)[L],(B-1.g.d1)[K],(D-2.D-1)[K],(#F-1.d.a)[L],(D-1.d)[K],(D-1.d)[L],(#F-1.d.a)[K],(E-2.E-1)[K],(#G-1.e.b)[L],(E-1.e)[K],(E-1.e)[L],(#G-1.e.b)[K],(#F-2.#F-1)[K],(A-1.#f.#c1)[L],(#F-1.#f)[K],(#F-1.#f)[L],(A-1.#f.#c1)[K],(G-2.G-1)[K],(B-1.g.d1)[L],(G-1.g)[K],(G-1.g)[L],(B-1.g.d1)[K],(D-1.A-1.d)[JL],(E-1.B-1.e)[KL],(#F-1.#c.#f)[JL],(E-1.B-1.e)[KL],(D-1.A-1.d)[JL],(E-1.B-1.e)[KL],(#F-1.#c.#f)[JL],(E-1.B-1.e)[KL],(D-1.A-1.d)[JL],(E-1.B-1.e)[KL],(#F-1.#c.#f)[JL],(E-1.B-1.e)[KL],(D-1.A-1.d)[JL],(E-1.B-1.e)[KL],(#F-1.#c.#f)[JL],(E-1.B-1.e)[KL],D-1[L],(A-1.#f)[L],D-1[L],(A-1.#f)[L],D-1[L],(A-1.#f)[L],D-1[L],(A-1.#f)[L],E-1[L],(B-1.#g)[L],E-1[L],(B-1.#g)[L],E-1[L],(B-1.#g)[L],E-1[L],(B-1.#g)[L],#F-1[L],(#c.a)[L],#F-1[L],(#c.a)[L],#F-1[L],(#c.a)[L],#F-1[L],(#c.a)[L],G-1[L],(d.b)[L],G-1[L],(d.b)[L],G-1[L],(d.b)[L],G-1[L],(d.b)[L],D-1[L],(A-1.#f)[L],D-1[L],(A-1.#f)[L],D-1[L],(A-1.#f)[L],D-1[L],(A-1.#f)[L],E-1[L],(B-1.#g)[L],E-1[L],(B-1.#g)[L],E-1[L],(B-1.#g)[L],E-1[L],(B-1.#g)[L],#F-1[L],(#c.a)[L],#F-1[L],(#c.a)[L],#F-1[L],(#c.a)[L],#F-1[L],(#c.a)[L],E-1[L],(B-1.#g)[L],E-1[L],(B-1.#g)[L],(E-1.e)[K],(E-2.E-1)[K],(D-2.D-1)[K],(#F-1.d.a)[L],(D-1.d)[K],(D-1.d)[L],(#F-1.d.a)[K],(E-2.E-1)[K],(#G-1.e.b)[L],(E-1.e)[K],(E-1.e)[L],(#G-1.e.b)[K],(#F-2.#F-1)[K],(A-1.#f.#c1)[L],(#F-1.#f)[K],(#F-1.#f)[L],(A-1.#f.#c1)[K],(G-2.G-1)[K],(B-1.g.d1)[K],(E-2.E-1)[K],(E-1.B-1.#g)[K],"]},{"id":2,"baseBeats":0.5,"scores":["(#c3.#c4)[K],(#c3.#c4)[K],(#c3.#c4)[K],(#c3.#c4)[K],(b2.b3)[L],(a2.a3)[L],(a2.a3)[K],(e2.e3)[K],(a2.a3)[L],(b2.b3)[L],(#c3.#c4)[K],(#c3.#c4)[K],(#c3.#c4)[K],(#c3.#c4)[K],(b2.b3)[L],(a2.a3)[L],(a2.a3)[K],(a2.a3)[L],(b2.b3)[L],(a2.a3)[L],(b2.b3)[L],(a1.e2)[L],(a1.e2)[L],(a1.e2)[L],5<(a1.e2)[M],(a1.e2)[M]>,5<d1[M],(a1.e2)[M]>,(a1.#f2)[L],(a1.a2)[L],(a1.#c3)[L],(b1.e2)[L],(b1.e2)[L],(b1.e2)[L],5<(b1.e2)[M],(b1.e2)[M]>,5<e1[M],(b1.e2)[M]>,(b1.#f2)[L],(b1.a2)[L],(b1.#c3)[L],(#c2.e2.e3)[L],(#c2.e2.d3)[L],(#c2.e2.#c3)[L],5<(#c2.d3)[M],(#c2.e2)[M]>,5<(#f1.#c3)[M],(#c2.e2)[M]>,(#c2.#f2.b2)[L],(#c2.a2)[L],(#c2.b2.#c3)[L],(b1.e2.e3)[L],(b1.e2.d3)[L],(b1.e2.#c3)[L],5<(b1.e2.d3)[M],(b1.e2)[M]>,5<(g1.#c3)[M],(b1.e2)[M]>,(b1.#f2.d3)[L],(g1.a2.#c3)[L],(g1.#c3)[L],(a1.e2)[L],(a1.e2)[L],(a1.e2)[L],5<(a1.e2)[M],(a1.e2)[M]>,5<d1[M],(a1.e2)[M]>,(a1.#f2)[L],(a1.a2)[L],(a1.#c3)[L],(b1.e2)[L],(b1.e2)[L],(b1.e2)[L],5<(b1.e2)[M],(b1.e2)[M]>,5<e1[M],(b1.e2)[M]>,(b1.#f2)[L],(b1.a2)[L],(b1.#c3)[L],(#c2.e2.e3)[L],(#c2.e2.d3)[L],(#c2.e2.#c3)[L],5<(#c2.d3)[M],(#c2.e2)[M]>,5<(#f1.#c3)[M],(#c2.e2)[M]>,(#c2.#f2.b2)[L],(#c2.a2)[L],(#c2.b2.#c3)[L],(b1.e2.e3)[L],(b1.e2.d3)[L],(b1.e2.#c3)[L],5<(b1.e2.d3)[M],(b1.e2)[M]>,5<(g1.#c3)[M],(b1.e2)[M]>,(b1.#f2.d3)[L],(g1.a2.#c3)[L],(g1.#c3)[L],U,a2[L],a2[L],a2[L],a2[L],#f2[L],e2[L],a2[L],U,a2[L],a2[L],a2[L],#c3[L],U,e2[L],a2[L],U,a2[L],a2[L],a2[L],a2[L],#f2[L],e2[L],a2[L],5<#f1[M],a1[M]>,5<#c2[M],a1[M]>,5<#c2[M],#f2[M]>,5<a2[M],#c3[M]>,5<b2[M],#g2[M]>,5<e2[M],b1[M]>,5<#g1[M],e1[M]>,(#g.b)[L],U,a2[L],a2[L],a2[L],a2[L],#f2[L],e2[L],a2[L],U,a2[L],a2[L],a2[L],#c3[L],U,e2[L],a2[K],b2[L],#c3[L],d3[L],#c3[L],b2[L],a2[L],b2[L],5<a[M],#c1[M]>,5<#f1[M],a1[M]>,5<#c2[M],#f2[M]>,5<a2[M],#c3[M]>,5<b2[M],#g2[M]>,5<e2[M],b1[M]>,5<#g1[M],e1[M]>,5<b[M],#g[M]>,U,#f2[L],e2[L],#f2[L],#c2[L],b1[L],a1[L],b1[L],#c2[L],d2[L],#c2[L],b1[L],U,a1[L],a1[L],b1[L],U,#f2[L],e2[L],#f2[L],#c2[L],b1[L],a1[L],b1[L],(g1.b1)[L],#c2[L],d2[L],e2[L],U,e2[L],e2[L],a2[L],U,a2[L],a2[L],a2[L],#c3[L],U,e2[L],a2[L],U,a2[L],a2[L],a2[L],#c3[L],e2[L],e2[L],a2[L],U,b2[L],#c3[L],d3[L],#c3[L],b2[L],U,b2[L],U,#c3[L],T,(a1.a2)[L],(b1.b2)[L],(a1.a2)[L],(b1.b2)[L],(a1.e2.a2)[L],(a1.e2)[L],(a1.e2)[L],5<(a1.e2)[M],(a1.e2)[M]>,5<d1[M],(a1.e2)[M]>,(a1.#f2)[L],(a1.a2)[L],(a1.#c3)[L],(b1.e2)[L],(b1.e2)[L],(b1.e2)[L],5<(b1.e2)[M],(b1.e2)[M]>,5<(e1.a1.a2.a3)[M],(b1.e2)[M]>,(b1.#f2.b2.b3)[L],(b1.a2.a3)[L],(b1.#c3.b3)[L],(#c2.e2.a2.a3)[L],(#c2.e2)[L],(#c2.e2.#f2.#f3)[L],5<(#c2.e2.e3)[M],(#c2.e2)[M]>,5<(#f1.#f2.#f3)[M],(#c2.e2)[M]>,(#c2.#f2)[L],(#c2.a2.e3)[L],(#c2.b2.#c3)[L],(b1.e2.e3)[L],(b1.e2.#c3)[L],(b1.e2.b2)[L],5<(b1.e2)[M],(b1.e2)[M]>,(e2.e3)[L],(#f2.#f3)[L],(a2.a3)[L],(b2.b3)[L],(#c3.#c4)[K],(#c3.#c4)[K],(#c3.#c4)[K],(#c3.#c4)[K],(b2.b3)[L],(a2.a3)[L],(a2.a3)[K],(e2.e3)[K],(a2.a3)[L],(b2.b3)[L],","(D-2.D-1)[K],(#F-1.d.a)[L],(D-1.d)[K],(D-1.d)[L],(#F-1.d.a)[K],(E-2.E-1)[K],(#G-1.e.b)[L],(E-1.e)[K],(E-1.e)[L],(#G-1.e.b)[K],(#F-2.#F-1)[K],(A-1.#f.#c1)[L],(#F-1.#f)[K],(#F-1.#f)[L],(A-1.#f.#c1)[K],(G-2.G-1)[K],(B-1.g.d1)[K],(E-2.E-1)[K],(E-1.B-1.#g)[K],(D-2.D-1)[K],(#F-1.d.a)[L],(D-1.d)[K],(D-1.d)[L],(#F-1.d.a)[K],(E-2.E-1)[K],(#G-1.e.b)[L],(E-1.e)[K],(E-1.e)[L],(#G-1.e.b)[K],(#F-2.#F-1)[K],(A-1.#f.#c1)[L],(#F-1.#f)[K],(#F-1.#f)[L],(A-1.#f.#c1)[K],(G-2.G-1)[K],(B-1.g.d1)[L],(G-1.g)[K],(G-1.g)[L],(B-1.g.d1)[K],(D-2.D-1)[K],(#F-1.d.a)[L],(D-1.d)[K],(D-1.d)[L],(#F-1.d.a)[K],(E-2.E-1)[K],(#G-1.e.b)[L],(E-1.e)[K],(E-1.e)[L],(#G-1.e.b)[K],(#F-2.#F-1)[K],(#F-1.#f)[L],(#F-1.#f)[L],(#F-1.#c.a)[K],(#F-1.#f)[L],(#F-1.#f)[L],(G-2.G-1)[K],(B-1.g.d1)[K],(e.e1)[K],(#f.#f1)[K],(D-1.A-1.d)[JL],(E-1.B-1.e)[KL],(#F-1.#c.#f)[JL],(E-1.B-1.e)[KL],(D-1.A-1.d)[JL],(E-1.B-1.e)[KL],(#F-1.#c.#f)[JL],(E-1.B-1.e)[KL],(D-1.A-1.d)[JL],(E-1.B-1.e)[KL],(#F-1.#c.#f)[JL],(E-1.B-1.e)[KL],(D-1.A-1.d)[JL],(E-1.B-1.e)[KL],(#F-1.#c.#f)[JL],(E-1.B-1.e)[KL],D-1[L],(A-1.#f)[L],D-1[L],(A-1.#f)[L],D-1[L],(A-1.#f)[L],D-1[L],(A-1.#f)[L],E-1[L],(B-1.#g)[L],E-1[L],(B-1.#g)[L],E-1[L],(B-1.#g)[L],E-1[L],(B-1.#g)[L],#F-1[L],(#c.a)[L],#F-1[L],(#c.a)[L],#F-1[L],(#c.a)[L],#F-1[L],(#c.a)[L],G-1[L],(d.b)[L],G-1[L],(d.b)[L],G-1[L],(d.b)[L],G-1[L],(d.b)[L],D-1[L],(A-1.#f)[L],D-1[L],(A-1.#f)[L],D-1[L],(A-1.#f)[L],D-1[L],(A-1.#f)[L],E-1[L],(B-1.#g)[L],E-1[L],(B-1.#g)[L],E-1[L],(B-1.#g)[L],E-1[L],(B-1.#g)[L],#F-1[L],(#c.a)[L],#F-1[L],(#c.a)[L],#F-1[L],(#c.a)[L],#F-1[L],(#c.a)[L],E-1[L],(B-1.#g)[L],E-1[L],(B-1.#g)[L],(E-1.e)[K],(E-2.E-1)[K],(D-2.D-1)[K],(#F-1.d.a)[L],(D-1.d)[K],(D-1.d)[L],(#F-1.d.a)[K],(E-2.E-1)[K],(#G-1.e.b)[L],(E-1.e)[K],(E-1.e)[L],(#G-1.e.b)[K],(#F-2.#F-1)[K],(A-1.#f.#c1)[L],(#F-1.#f)[K],(#F-1.#f)[L],(A-1.#f.#c1)[K],(G-2.G-1)[K],(B-1.g.d1)[K],(E-2.E-1)[K],(E-1.B-1.#g)[K],(D-2.D-1)[K],(#F-1.d.a)[L],(D-1.d)[K],(D-1.d)[L],(#F-1.d.a)[K],(E-2.E-1)[K],(#G-1.e.b)[L],(E-1.e)[K],(E-1.e)[L],(#G-1.e.b)[K],"]},{"id":3,"baseBeats":0.5,"scores":["(#c3.#c4)[K],(#c3.#c4)[K],(#c3.#c4)[K],(#c3.#c4)[K],(b2.b3)[L],(a2.a3)[L],(a2.a3)[K],(a2.a3)[L],(b2.b3)[L],(a2.a3)[L],(b2.b3)[L],(a1.#c2.e2)[L],5<(a1.#c2.e2)[M],(a1.#c2.e2)[M]>,5<(#c.e.a)[M],(a1.#c2.e2)[M]>,(a1.#c2.e2)[L],(a1.d2.#f2)[L],(#f1.a1.d2)[L],(#f1.a1.d2)[L],(d1.#f1.a1)[L],U,5<(#c2.e2.a2)[M],(#c2.e2.a2)[M]>,5<(#c.e.a)[M],(#c2.e2.a2)[M]>,(#c2.e2.a2)[L],(e2.#g2.b2)[L],(b1.e2.#g2)[L],(#g1.b1.e2)[L],(e1.#g1.b1)[L],(a1.#c2.e2)[L],5<(a1.#c2.e2)[M],(a1.#c2.e2)[M]>,5<(#c.e.a)[M],(a1.#c2.e2)[M]>,(a1.#c2.e2)[L],(a1.d2.#f2)[L],(#f1.a1.d2)[L],(#f1.a1.d2)[L],(d1.#f1.a1)[L],U,5<(#c2.e2.a2)[M],(#c2.e2.a2)[M]>,5<(#c.e.a)[M],(#c2.e2.a2)[M]>,(#c2.e2.a2)[L],(e2.#g2.b2)[L],(b1.e2.#g2)[L],(#g1.b1.e2)[L],(e1.#g1.b1)[L],U,(e2.a2)[L],(e2.a2)[L],(#c2.#f2)[L],(d2.a2)[L],(d2.#f2)[L],(d2.a2)[L],(d2.#f2)[L],(e2.a2)[L],(e2.b2)[L],(e2.#c3)[L],(e2.b2)[K],(e2.a2)[L],(e2.a2)[L],(e2.b2)[L],U,(e2.a2)[L],(e2.a2)[L],#f2[L],(d2.a2)[K],(d2.a2)[L],#f2[L],(e2.a2)[L],b2[L],#c3[L],#c3[K],d3[L],#c3[L],#c3[K],b2[JK],a2[JL],#c3[L],#c3[L],#c3[L],d3[L],#c3[J],#c3[L],#c3[L],#c3[L],d3[L],#c3[J],#c3[L],#c3[L],#c3[L],d3[L],#c3[K],b2[K],a2[K],b2[K],a2[K],a2[L],#f2[L],a2[L],#f2[L],a2[L],#f2[L],a2[K],a2[L],#f2[L],a2[L],#f2[L],a2[L],#f2[L],a2[K],b2[K],#c3[K],d3[K],e3[L],d3[L],d3[K],(a1.a2)[L],(b1.b2)[L],(a1.a2)[L],(b1.b2)[L],(a1.e2.a2)[L],(a1.e2)[L],(a1.e2)[L],5<(a1.e2)[M],(a1.e2)[M]>,5<d1[M],(a1.e2)[M]>,(a1.#f2)[L],(a1.a2)[L],(a1.#c3)[L],(b1.e2)[L],(b1.e2)[L],(b1.e2)[L],5<(b1.e2)[M],(b1.e2)[M]>,5<(e1.a1.a2.a3)[M],(b1.e2)[M]>,(b1.#f2.b2.b3)[L],(b1.a2.a3)[L],(b1.#c3.b3)[L],(#c2.e2.a2.a3)[L],(#c2.e2)[L],(#c2.e2.#f2.#f3)[L],5<(#c2.e2.e3)[M],(#c2.e2)[M]>,5<(#f1.#f2.#f3)[M],(#c2.e2)[M]>,(#c2.#f2)[L],(#c2.a2.e3)[L],(#c2.b2.#c3)[L],(b1.e2.e3)[L],(b1.e2.#c3)[L],(b1.e2.b2)[L],5<(b1.e2)[M],(b1.e2)[M]>,(e2.e3)[L],(#f2.#f3)[L],(a2.a3)[L],(b2.b3)[L],(#c3.#c4)[K],(#c3.#c4)[K],(#c3.#c4)[K],(#c3.#c4)[K],(b2.b3)[L],(a2.a3)[L],(a2.a3)[K],(e2.e3)[K],(a2.a3)[L],(b2.b3)[L],(#c3.#c4)[K],(#c3.#c4)[K],(#c3.#c4)[K],(#c3.#c4)[K],(b2.b3)[L],(a2.a3)[L],(a2.a3)[K],(a2.a3)[L],(b2.b3)[L],(a2.a3)[L],(b2.b3)[L],(a1.e2.a2.a3)[L],(a1.e2.b2.b3)[L],(a1.e2.a2.a3)[L],5<(a1.e2.b2.b3)[M],(a1.e2)[M]>,5<(d1.a2.a3)[M],(a1.e2)[M]>,(a1.#f2)[L],(a1.a2)[L],(a1.a2.#c3.a3)[L],(b1.e2.b2.b3)[L],(b1.e2.a2.a3)[L],(b1.e2.b2.b3)[L],5<(b1.e2.a2.a3)[M],(b1.e2)[M]>,5<e1[M],(b1.e2)[M]>,(b1.#f2.a2.a3)[L],(b1.a2.b2.b3)[L],(b1.a2.#c3.a3)[L],(#c2.e2.e3)[L],(#c2.e2.d3)[L],(#c2.e2.#c3)[L],5<(#c2.d3)[M],(#c2.e2)[M]>,5<(#f1.#c3)[M],(#c2.e2)[M]>,(#c2.#f2.b2)[L],(#c2.a2)[L],(#c2.b2.#c3)[L],(b1.e2.e3)[L],(b1.e2.d3)[L],(b1.e2.#c3)[L],5<(b1.e2.d3)[M],(b1.e2)[M]>,5<(g1.#c3)[M],(b1.e2)[M]>,(b1.#f2.d3)[L],(g1.a2.#c3)[L],(g1.#c3)[L],(a1.e2.a2.a3)[L],(a1.e2.b2.b3)[L],(a1.e2.a2.a3)[L],5<(a1.e2.b2.b3)[M],(a1.e2)[M]>,5<(d1.a2.a3)[M],(a1.e2)[M]>,(a1.#f2)[L],(a1.a2)[L],(a1.a2.#c3.a3)[L],(b1.e2.b2.b3)[L],(b1.e2.a2.a3)[L],(b1.e2.b2.b3)[L],5<(b1.e2.a2.a3)[M],(b1.e2)[M]>,5<e1[M],(b1.e2)[M]>,(b1.#f2.a2.a3)[L],(b1.a2.b2.b3)[L],(b1.a2.#c3.a3)[L],(#c2.e2.e3)[L],(#c2.e2.d3)[L],(#c2.e2.#c3)[L],5<(#c2.d3)[M],(#c2.e2)[M]>,5<(#f1.#c3)[M],(#c2.e2)[M]>,(#c2.#f2.b2)[L],(#c2.a2)[L],(#c2.b2.#c3)[L],(b1.e2.e3)[L],(b1.e2.d3)[L],(b1.e2.#c3)[L],5<(b1.e2.d3)[M],(b1.e2)[M]>,5<(g1.#c3)[M],(b1.e2)[M]>,(b1.#f2.d3)[L],(g1.a2.#c3)[L],(g1.#c3)[L],(a1.d2.e2.a2)[I],S,","(#F-2.#F-1)[K],(A-1.#f.#c1)[L],(#F-1.#f)[K],(#F-1.#f)[L],(A-1.#f.#c1)[K],(G-2.G-1)[K],(B-1.g.d1)[K],(E-2.E-1)[K],(E-1.B-1.#g)[K],(#c.e.a)[L],(A-2.A-1)[K],(A-2.A-1)[L],(#F-1.A-1.d)[L],(D-2.D-1)[L],(#F-1.A-1.d)[L],(D-2.D-1)[L],(#c.e.a)[L],(A-2.A-1)[K],(A-2.A-1)[L],(B-1.e.#g)[L],(E-2.E-1)[L],(B-1.e.#g)[L],(E-2.E-1)[L],(#c.e.a)[L],(A-2.A-1)[K],(A-2.A-1)[L],(#F-1.A-1.d)[L],(D-2.D-1)[L],(#F-1.A-1.d)[L],(D-2.D-1)[L],(#c.e.a)[L],(A-2.A-1)[K],(A-2.A-1)[L],(B-1.e.#g)[L],(E-2.E-1)[L],(B-1.e.#g)[L],(E-2.E-1)[L],(#c.e.a)[L],(A-2.A-1)[L],(#c.e.a)[L],(A-2.A-1)[L],(#F-1.A-1.d)[L],(D-2.D-1)[L],(#F-1.A-1.d)[L],(D-2.D-1)[L],(#c.e.a)[L],(A-2.A-1)[L],(#c.e.a)[L],(A-2.A-1)[L],(B-1.e.#g)[L],(E-2.E-1)[L],(B-1.e.#g)[L],(E-2.E-1)[L],(#c.e.a)[L],(A-3.A-2)[L],(#c.e.a)[L],(A-3.A-2)[L],(#F-1.A-1.d)[L],(D-2.D-1)[L],(#F-1.A-1.d)[L],(D-2.D-1)[L],(#c.e.a)[L],(A-2.A-1)[L],(#c.e.a)[L],(A-2.A-1)[L],(B-1.e.#g)[L],(E-2.E-1)[L],(B-1.e.#g)[L],(E-2.E-1)[L],(E-1.B-1.#g)[I],#F-1[L],#c[L],#f[L],a[L],#c1[L],a[L],#f[L],#F-1[L],E-1[L],B-1[L],e[L],#g[L],b[L],#g[L],e[L],E-1[L],#F-1[L],#c[L],#f[L],a[L],#c1[L],a[L],#f[L],#F-1[L],G-1[L],d[L],g[L],b[L],d1[L],b[L],g[L],G-1[L],#F-1[L],#c[L],#f[L],a[L],#c1[L],a[L],#f[L],#F-1[L],E-1[L],B-1[L],e[L],#g[L],b[L],#g[L],e[L],E-1[L],#F-1[L],#c[L],#f[L],a[L],#c1[L],a[L],#f[L],#F-1[L],(E-1.B-1.#g)[L],(E-1.B-1.#g)[L],(E-1.B-1.#g)[K],(E-1.e)[K],(E-2.E-1)[K],(D-2.D-1)[K],(#F-1.d.a)[L],(D-1.d)[K],(D-1.d)[L],(#F-1.d.a)[K],(E-2.E-1)[K],(#G-1.e.b)[L],(E-1.e)[K],(E-1.e)[L],(#G-1.e.b)[K],(#F-2.#F-1)[K],(A-1.#f.#c1)[L],(#F-1.#f)[K],(#F-1.#f)[L],(A-1.#f.#c1)[K],(G-2.G-1)[K],(B-1.g.d1)[K],(E-2.E-1)[K],(E-1.B-1.#g)[K],(D-2.D-1)[K],(#F-1.d.a)[L],(D-1.d)[K],(D-1.d)[L],(#F-1.d.a)[K],(E-2.E-1)[K],(#G-1.e.b)[L],(E-1.e)[K],(E-1.e)[L],(#G-1.e.b)[K],(#F-2.#F-1)[K],(A-1.#f.#c1)[L],(#F-1.#f)[K],(#F-1.#f)[L],(A-1.#f.#c1)[K],(G-2.G-1)[K],(B-1.g.d1)[K],(E-2.E-1)[K],(E-1.B-1.#g)[K],(D-2.D-1)[K],(#F-1.d.a)[L],(D-1.d)[K],(D-1.d)[L],(#F-1.d.a)[K],(E-2.E-1)[K],(#G-1.e.b)[L],(E-1.e)[K],(E-1.e)[L],(#G-1.e.b)[K],(#F-2.#F-1)[K],(A-1.#f.#c1)[L],(#F-1.#f)[K],(#F-1.#f)[L],(A-1.#f.#c1)[K],(G-2.G-1)[K],(B-1.g.d1)[L],(G-1.g)[K],(G-1.g)[L],(B-1.g.d1)[K],(D-2.D-1)[K],(#F-1.d.a)[L],(D-1.d)[K],(D-1.d)[L],(#F-1.d.a)[K],(E-2.E-1)[K],(#G-1.e.b)[L],(E-1.e)[K],(E-1.e)[L],(#G-1.e.b)[K],(#F-2.#F-1)[K],(#F-1.#f)[L],(#F-1.#f)[L],(#F-1.#c.a)[K],(#F-1.#f)[L],(#F-1.#f)[L],(G-2.G-1)[K],(B-1.g.d1)[K],(e.e1)[K],(#f.#f1)[K],(D-2.#F-1)[I],"]}],"audition":{"start":[0,0],"end":[0,20]}}