{"baseBpm":555,"musics":[{"bpm":555,"baseBeats":0.75,"scores":["mute[LM],mute[LM],mute[LM],mute[LM],mute[HI],mute[HI],mute[HI],mute[HK],mute[KL],mute[KL],mute[HI],mute[HK],mute[KL],mute[KL],mute[HI],mute[IJKL],mute[KL],mute[KL],mute[KL],mute[HK],mute[JK],mute[HI],mute[HK],mute[KL],mute[KL],mute[IL],mute[KL],mute[KL],mute[KL],mute[LM],mute[LM],mute[LM],mute[LM],mute[HI],mute[HK],mute[KL],mute[KL],mute[HK],mute[JK],mute[HK],mute[LM],mute[LM],mute[LM],mute[LM],mute[KL],mute[LM],mute[LM],mute[LM],mute[LM],mute[KL],mute[KL],mute[KL],mute[LM],mute[LM],mute[LM],mute[LM],mute[LM],mute[LM],mute[LM],mute[LM],mute[LM],mute[LM],mute[LM],mute[LM],5<UV>,5<UV>,mute[KL],mute[LM],5<UV>,mute[KL],mute[KL],mute[KL],mute[KL],mute[LM],mute[LM],mute[LM],mute[LM],mute[LM],mute[LM],mute[LM],mute[LM],mute[LM],mute[LM],mute[KL],mute[KL],mute[KL],mute[KL],mute[KL],mute[KL],mute[KL],mute[KL],mute[KL],mute[KL],mute[KL],mute[KL],mute[KL],mute[LM],mute[LM],mute[LM],mute[LM],mute[LM],mute[LM],mute[LM],mute[LM],mute[LM],mute[LM],mute[LM],mute[LM],mute[LM],mute[LM],mute[LM],mute[LM],mute[LM],mute[LM],mute[LM],mute[LM],mute[LM],mute[LM],mute[LM],mute[LM],5<UV>,5<UV>,mute[LM],mute[LM],5<UV>,5<UV>,mute[LM],mute[LM],5<UV>,5<UV>,mute[LM],mute[LM],mute[LM],mute[LM],mute[LM],mute[LM],mute[LM],mute[LM],mute[LM],mute[LM],mute[LM],mute[LM],mute[LM],mute[LM],mute[LM],mute[LM],mute[LM],mute[LM],mute[LM],mute[LM],mute[KL],mute[LM],mute[LM],mute[LM],mute[LM],mute[KL],mute[KL],mute[KL],mute[LM],mute[LM],mute[LM],mute[LM],mute[LM],mute[LM],mute[LM],mute[LM],mute[LM],mute[LM],mute[LM],mute[LM],5<UV>,5<UV>,mute[KL],mute[LM],5<UV>,mute[KL],mute[KL],mute[KL],mute[KL],mute[LM],mute[LM],5<UV>,5<UV>,5<UV>,5<UV>,mute[LM],mute[LM],mute[LM],mute[LM],mute[KL],mute[KL],mute[KL],mute[KL],mute[KL],mute[KL],mute[KL],mute[KL],mute[KL],mute[KL],mute[KL],mute[KL],mute[KL],mute[LM],mute[LM],mute[LM],mute[LM],mute[LM],mute[LM],mute[LM],mute[LM],mute[LM],mute[LM],mute[LM],mute[LM],mute[LM],mute[LM],mute[LM],mute[LM],mute[LM],mute[LM],mute[LM],mute[LM],mute[LM],mute[LM],mute[LM],mute[LM],5<UV>,5<UV>,mute[LM],mute[LM],5<UV>,5<UV>,mute[LM],mute[LM],5<UV>,5<UV>,mute[LM],mute[LM],5<UV>,5<UV>,mute[LM],mute[LM],mute[LM],mute[LM],mute[LM],mute[LM],mute[LM],mute[LM],mute[LM],mute[LM],mute[LM],mute[LM],5<UV>,5<UV>,5<UV>,5<UV>,mute[HHIK],mute[LM],mute[LM],mute[LM],mute[LM],mute[KL],mute[LM],mute[KL],mute[LM],mute[LM],mute[LM],mute[KL],mute[LM],mute[KL],mute[LM],mute[LM],mute[LM],mute[KL],mute[LM],mute[KL],mute[LM],mute[LM],mute[LM],mute[KL],mute[LM],mute[KL],mute[LM],mute[LM],mute[LM],mute[KL],mute[LM],mute[KL],mute[LM],mute[LM],mute[LM],mute[KL],mute[LM],mute[KL],mute[LM],mute[LM],mute[LM],mute[KL],mute[LM],mute[KL],mute[LM],mute[KL],mute[KL],mute[LM],mute[LM],mute[LM],mute[LM],mute[KL],mute[KL],mute[LM],mute[KL],mute[LM],mute[LM],mute[LM],mute[KL],mute[LM],mute[KL],mute[LM],mute[LM],mute[LM],mute[KL],mute[LM],mute[KL],mute[LM],mute[KL],mute[KL],mute[KL],mute[JK],mute[IL],mute[LM],mute[LM],mute[JK],mute[JK],mute[KL],mute[KL],mute[KL],mute[LM],mute[LM],mute[LM],mute[LM],mute[LM],mute[LM],mute[LM],mute[LM],mute[LM],mute[LM],mute[KL],mute[LM],mute[LM],mute[LM],mute[LM],mute[LM],mute[LM],mute[KL],mute[LM],mute[LM],mute[LM],mute[LM],mute[LM],mute[LM],mute[KL],mute[LM],mute[LM],mute[LM],mute[LM],mute[LM],mute[LM],mute[KL],mute[LM],mute[LM],mute[LM],mute[LM],mute[LM],mute[LM],mute[KL],mute[LM],mute[LM],mute[LM],mute[LM],mute[LM],mute[LM],mute[KL],mute[LM],mute[LM],mute[LM],mute[LM],mute[LM],mute[LM],mute[KL],mute[LM],mute[LM],mute[LM],mute[LM],mute[KL],mute[LM],mute[LM],mute[LM],mute[LM],mute[KL],mute[KL],mute[KL],mute[LM],mute[LM],mute[KL],mute[KL],mute[KL],mute[LM],mute[LM],mute[KL],mute[KL],mute[KL],mute[LM],mute[LM],mute[KL],mute[KL],mute[KL],mute[LM],mute[LM],mute[KL],mute[KL],mute[KL],5<UV>,mute[LM],mute[KL],mute[LM],mute[LM],mute[KL],mute[KL],mute[KL],mute[KL],mute[KL],mute[KL],mute[KL],mute[KL],mute[KL],mute[KL],mute[KL],mute[KL],mute[LM],mute[LM],mute[LM],mute[LM],mute[LM],mute[LM],mute[LM],mute[LM],mute[LM],mute[LM],mute[LM],mute[LM],mute[LM],mute[LM],mute[LM],mute[LM],mute[KL],mute[LM],mute[LM],mute[LM],mute[LM],mute[KL],mute[LM],mute[LM],mute[LM],mute[LM],mute[LM],mute[LM],mute[LM],mute[LM],mute[LM],mute[LM],mute[LM],mute[LM],mute[LM],mute[LM],mute[LM],mute[LM],mute[LM],mute[LM],mute[LM],mute[LM],mute[LM],mute[LM],mute[LM],mute[LM],mute[LM],mute[LM],mute[LM],mute[LM],mute[LM],mute[LM],mute[LM],mute[LM],mute[LM],mute[LM],mute[LM],mute[LM],mute[LM],mute[LM],mute[LM],mute[LM],mute[KL],mute[LM],mute[LM],mute[LM],mute[LM],mute[LM],mute[LM],mute[LM],mute[LM],mute[LM],mute[LM],mute[LM],mute[LM],mute[LM],mute[LM],mute[KL],mute[LM],mute[LM],mute[LM],mute[LM],mute[LM],mute[LM],mute[LM],mute[LM],mute[LM],mute[LM],mute[LM],mute[LM],mute[LM],mute[LM],mute[LM],mute[LM],mute[LM],mute[LM],mute[LM],mute[LM],mute[LM],mute[LM],mute[LM],mute[LM],mute[LM],mute[LM],mute[LM],mute[LM],mute[LM],mute[LM],mute[LM],mute[LM],mute[LM],mute[LM],mute[LM],mute[LM],mute[LM],mute[LM],mute[LM],mute[LM],mute[LM],mute[LM],mute[LM],mute[LM],mute[LM],mute[LM],mute[LM],mute[LM],mute[LM],mute[LM],mute[LM],mute[LM],mute[LM],mute[LM],mute[LM],mute[LM],mute[LM],mute[LM],mute[LM],mute[LM],mute[LM],mute[LM],mute[LM],mute[LM],mute[LM],mute[LM],mute[LM],mute[LM],mute[LM],mute[LM],mute[LM],mute[LM],mute[LM],mute[LM],mute[LM],mute[LM],mute[LM],mute[LM],mute[LM],mute[LM],mute[LM],mute[LM],mute[LM],mute[LM],mute[LM],mute[LM],mute[LM],mute[LM],mute[LM],mute[LM],mute[LM],mute[LM],mute[LM],mute[LM],mute[LM],mute[LM],mute[LM],mute[LM],mute[LM],mute[LM],mute[LM],mute[LM],mute[LM],mute[LM],mute[LM],mute[LM],mute[LM],mute[LM],mute[LM],mute[LM],mute[LM],mute[LM],mute[LM],mute[LM],mute[LM],mute[LM],mute[LM],mute[LM],mute[KL],mute[KL],mute[LM],mute[LM],mute[LM],mute[LM],mute[LM],mute[LM],mute[LM],mute[LM],mute[LM],mute[LM],mute[LM],mute[LM],mute[LM],mute[LM],mute[LM],mute[LM],mute[LM],mute[LM],mute[LM],mute[LM],mute[LM],mute[LM],mute[LM],mute[LM],mute[LM],mute[LM],mute[LM],mute[LM],mute[LM],mute[LM],mute[LM],mute[LM],mute[LM],mute[LM],mute[LM],mute[LM],mute[LM],mute[LM],mute[LM],mute[LM],mute[LM],mute[LM],mute[LM],mute[LM];","a1[LM],c2[LM],e2[LM],g2[LM],(f2.A-1.d.D-1.d2)[HI],(d3.f3)[HI],(c.e.E-1.e2.g2)[HI],(d.f.F-1.f2.a2)[HK],e3[KL],c3[KL],(a2.d.#a.#A-1.d2.f2)[HI],(a2.d3)[HK],#a2[KL],a2[KL],(g2.G-1.c.C-1.d2.f2)[HI],(g3.c3.e2.g2)[IJKL],f3[KL],e3[KL],f3[KL],(e3.A-1.d.D-1.d2.f2)[HK],a2[JK],(d3.f3)[HI],(c.e.E-1.e2.g2)[HK],e3[KL],f3[KL],(g3.d.f.F-1.f2.a2)[IL],f3[KL],e3[KL],f3[KL],e3[LM],f3[LM],e3[LM],c3[LM],(a2.d.#a.#A-1.d2.f2)[HI],(f3.a3)[HK],g3[KL],f3[KL],(g3.G-1.c.C-1.d2.f2)[HK],c3[JK],(g3.c4.e2.g2)[HK],e1[LM],f1[LM],g1[LM],a1[LM],(a.A-1.d.D-1.a1.c2)[KL],(e1.d.A-1)[LM],f1[LM],(g1.D-1.a.d.A-1)[LM],a1[LM],(a1.d2.d.A-1)[KL],(D-1.a.d.A-1)[KL],(f1.d.A-1)[KL],(f1.D-1.a.d.A-1)[LM],e1[LM],(f1.d.A-1)[LM],g1[LM],(a1.D-1.a.d.A-1)[LM],f1[LM],(a1.d.A-1)[LM],d2[LM],(f2.D-1.a.d.A-1)[LM],a1[LM],(d2.d.A-1)[LM],f2[LM],(#f2.D-1.a.d.A-1)[L],g2[L],#g2[L],(f2.a2.d.A-1)[KL],(D-1.a.d.A-1)[K],g2[M],#g2[M],(f2.a2.d.A-1)[KL],(b.B-1.e.E-1)[KL],(e2.g2.e.B-1)[KL],(E-1.b.e.B-1)[KL],(f2.e.B-1)[LM],e2[LM],(f2.E-1.b.e.B-1)[LM],e2[LM],(c2.e.B-1)[LM],g1[LM],(f1.E-1.b.e.B-1)[LM],g1[LM],(f1.e.B-1)[LM],e1[LM],(c1.c.f.F-1.e2.c2.a1)[KL],(f.c)[KL],(F-1.c1.c.f)[KL],(c2.a1.f2.f.c)[KL],(F-1.c1.c.f)[KL],(c2.e2.g2.f.c)[KL],(F-1.c1.c.f)[KL],(c2.a1.e2.f.c)[KL],(f1.f.#a.#A-1)[KL],(f1.a1.c2.#a.f)[KL],(#A-1.f1.f.#a)[KL],(f2.#a1.d2.#a.f)[KL],(#A-1.f1.f.#a)[KL],(f1.#a.f)[LM],e1[LM],(f1.#A-1.f.#a)[LM],e1[LM],(f1.#a.f)[LM],g1[LM],(a1.#A-1.f1.f.#a)[LM],f1[LM],(a1.#a.f)[LM],c2[LM],(d2.#A-1.f1.f.#a)[LM],#a1[LM],(f1.#a.f)[LM],d2[LM],(f2.#A-1.f1.f.#a)[LM],d2[LM],(#a1.#a.f)[LM],f2[LM],(a2.#A-1.f1.f.#a)[LM],f2[LM],(d2.#a.f)[LM],a2[LM],(f.G-1.c.C-1.g2)[LM],c2[LM],(e2.c.G-1)[L],f2[L],#f2[L],(g2.C-1.f.G-1.c)[LM],c2[LM],(e2.c.G-1)[L],f2[L],#f2[L],(g2.C-1.f.G-1.c)[LM],c2[LM],(e2.c.G-1)[L],f2[L],#f2[L],(g2.C-1.f.G-1.c)[LM],a2[LM],(#a2.c.G-1)[LM],b2[LM],(c3.f2.f3.C-1.f.G-1.c)[LM],#a2[LM],(a2.c.G-1)[LM],g2[LM],(f2.e2.e3.C-1.f.G-1.c)[LM],g2[LM],(f2.c.G-1)[LM],e2[LM],(c2.c3.C-1.f.G-1.c)[LM],g1[LM],(c2.c.G-1)[LM],d2[LM],(e2.#a1.#a2.C-1.f.G-1.c)[LM],c2[LM],(e2.c.G-1)[LM],g2[LM],(a.A-1.d.D-1.a1.f1.a2)[KL],(e1.d.A-1)[LM],f1[LM],(g1.D-1.a.d.A-1)[LM],a1[LM],(a1.d2.d.A-1)[KL],(D-1.a.d.A-1)[KL],(f1.d.A-1)[KL],(f1.D-1.a.d.A-1)[LM],e1[LM],(f1.d.A-1)[LM],g1[LM],(a1.f2.f3.D-1.a.d.A-1)[LM],f1[LM],(a1.d.A-1)[LM],d2[LM],(f2.D-1.a.d.A-1)[LM],a1[LM],(d2.d.A-1)[LM],f2[LM],(#f2.D-1.a.d.A-1)[L],g2[L],#g2[L],(f2.a2.d.A-1)[KL],(D-1.a.d.A-1)[K],g2[M],#g2[M],(f2.a2.d.A-1)[KL],(b.B-1.e.E-1.g2.g3)[KL],(e2.g2.e.B-1)[KL],(E-1.b.e.B-1)[KL],(f2.e.B-1)[LM],e2[LM],(f2.E-1.b.e.B-1)[L],e2[L],f2[L],(e2.e.B-1)[L],f2[L],e2[L],(f2.c2.c3.E-1.b.e.B-1)[LM],e2[LM],(f2.e.B-1)[LM],g2[LM],(c1.c.f.F-1.a2.f2.c3.c4)[KL],(f.c)[KL],(F-1.c1.c.f)[KL],(d2.f2.#a2.#a3.f.c)[KL],(F-1.c1.c.f)[KL],(d2.f2.a2.a3.f.c)[KL],(F-1.c1.c.f)[KL],(d2.#a1.g2.g3.f.c)[KL],(f1.f.#a.#A-1)[KL],(f2.#a1.a2.a3.#a.f)[KL],(#A-1.f1.f.#a)[KL],(d2.#a1.f2.f3.#a.f)[KL],(#A-1.f1.f.#a)[KL],(f1.#a.f)[LM],e1[LM],(f1.c2.c3.#A-1.f.#a)[LM],e1[LM],(f1.#a.f)[LM],g1[LM],(a1.g2.g3.#A-1.f1.f.#a)[LM],f1[LM],(a1.#a.f)[LM],c2[LM],(d2.#A-1.f1.f.#a)[LM],#a1[LM],(f1.#a.f)[LM],d2[LM],(f2.f3.#A-1.f1.f.#a)[LM],d2[LM],(#a1.#a.f)[LM],f2[LM],(a2.#A-1.f1.f.#a)[LM],f2[LM],(d2.#a.f)[LM],a2[LM],(f.G-1.c.C-1.g2.g3)[LM],c2[LM],(e2.c.G-1)[L],f2[L],#f2[L],(g2.C-1.f.G-1.c)[LM],c2[LM],(e2.c.G-1)[L],f2[L],#f2[L],(c3.C-1.f.G-1.c)[LM],g2[LM],(a2.c.G-1)[L],#a2[L],b2[L],(c3.c2.C-1.f.G-1.c)[LM],g2[LM],(e3.c.G-1)[L],f3[L],#f3[L],(g3.c3.c4.C-1.f.G-1.c)[LM],f3[LM],(e3.c.G-1)[LM],c3[LM],(g2.C-1.f.G-1.c)[LM],f2[LM],(e2.c.G-1)[LM],c2[LM],(e3.C-1.f.G-1.c)[LM],c3[LM],(g2.c.G-1)[LM],f2[LM],(e2.C-1.f.G-1.c)[L],f2[L],e2[L],(c2.c.G-1)[L],g1[L],e1[L],(A-1.E-1.e.a.e2.a1)[HHIK],a[LM],c1[LM],e1[LM],g1[LM],(D-1.F-1.A-1.d.a1.d1.f1)[KL],d1[LM],(a1.d1.f1)[KL],d1[LM],(a1.d1.f1)[LM],d1[LM],(a1.d1.f1)[KL],d1[LM],(a1.d1.f1)[KL],d1[LM],(#a1.d1.f1)[LM],d1[LM],(E-1.G-1.c.e.a1.c1.e1)[KL],e1[LM],(a1.c1.e1)[KL],e1[LM],(a1.c1.e1)[LM],e1[LM],(a1.c1.e1)[KL],e1[LM],(a1.c1.e1)[KL],e1[LM],(#a1.c1.e1)[LM],e1[LM],(F-1.A-1.c.f.c2.f1.a1)[KL],f1[LM],(c2.f1.a1)[KL],f1[LM],(c2.f1.a1)[LM],f1[LM],(c2.f1.a1)[KL],f1[LM],(#a1.f1.c1)[KL],f1[LM],(a1.f1.c1)[LM],f1[LM],(#A-1.d.f.#a.#a1)[KL],(#a.f)[LM],a1[KL],(#a.f)[LM],f1[KL],(A-1.c.f.a)[KL],f1[LM],#a[LM],(f1.f)[LM],#a[LM],c1[KL],(G-1.#A-1.d.g.c2.#a.d1)[KL],g1[LM],(c2.#a.d1)[KL],g1[LM],(c2.#a.d1)[LM],g1[LM],(c2.#a.d1)[KL],g1[LM],(#a1.#a.d1)[KL],g1[LM],(a1.#a.d1)[LM],g1[LM],(e.c.A-1.a.#a1.c1)[KL],c1[LM],(a1.a.c1)[KL],c1[LM],(f1.f.a)[KL],f1[KL],(c1.f.a)[KL],(g1.a.c1)[JK],(d.#A-1.f.#a.g1.g)[IL],a1[LM],g1[LM],(f1.g.#a)[JK],(c1.d.f)[JK],(#D-1.G-1.C-1.c.f1.a.c1)[KL],c1[KL],e1[KL],c1[LM],e1[LM],(F-1.A-1.#C-1.#c.f1.a.#c1)[LM],d1[LM],a[LM],f1[LM],g1[LM],c1[LM],f1[LM],g1[LM],(D-1.F-1.A-1.d.a1.d1.f1)[KL],(d1.A-1.d)[LM],(a1.d1.f1)[LM],(D-1.A-1.F-1.d)[LM],d1[LM],(a1.A-1.d.d1.f1)[LM],d1[LM],(a1.D-1.d1.f1.A-1.F-1.d)[KL],(d1.A-1.d)[LM],(a1.d1.f1)[LM],(D-1.A-1.F-1.d)[LM],d1[LM],(#a1.A-1.d.d1.f1)[LM],d1[LM],(E-1.G-1.c.e.a1.c1.e1)[KL],(e1.c.e)[LM],(a1.c1.e1)[LM],(E-1.c.G-1.e)[LM],e1[LM],(a1.c.e.c1.e1)[LM],e1[LM],(a1.E-1.c1.e1.c.G-1.e)[KL],(e1.c.e)[LM],(a1.c1.e1)[LM],(E-1.c.G-1.e)[LM],e1[LM],(#a1.c.e.c1.e1)[LM],e1[LM],(F-1.A-1.c.f.c2.f1.a1)[KL],(f1.c.f)[LM],(c2.f1.a1)[LM],(F-1.A-1.c.f)[LM],f1[LM],(c2.c.f.f1.a1)[LM],f1[LM],(f2.F-1.f1.a1.A-1.c.f)[KL],(f1.c.f)[LM],(f2.f1.a1)[LM],(F-1.A-1.c.f)[LM],f1[LM],(e2.c.f.f1.a1)[LM],f1[LM],(d.f.#a.#A-1.e2.f1.#a1)[KL],(f1.f.#a)[LM],(e2.f1.#a1)[LM],(#A-1.f.d.#a)[LM],f1[LM],(f2.f.#a.f1.#a1)[KL],(f.c.a.A-1.f2)[LM],f1[LM],(c2.f.a)[LM],f1[LM],(g2.A-1.f1.a1.c.f.a)[KL],(f.a)[KL],(d.#A-1.g.G-1.e2.e1.g1)[KL],(d.g)[LM],(e1.g1)[LM],(G-1.#A-1.d.g)[KL],(f2.f1.d.g.e1.g1)[KL],(G-1.e1.g1.#A-1.d.g)[KL],(d.g)[LM],(e1.g1)[LM],(c3.c2.G-1.f2.#A-1.d.g)[KL],(d.g.e1.g1)[KL],(c.e.a.A-1.#a2.#a1.c2.f1.a1)[KL],(e.a)[LM],(f1.a1)[LM],(a2.a1.A-1.c2.c.e.a)[KL],(e.a.f1.a1)[KL],(f2.f1.A-1.c2.a1.c.e.a)[KL],(e.a)[LM],(f1.a1)[LM],(g2.g1.A-1.e2.c.e.a)[KL],(e.a.f1.a1)[KL],(d.f.#a.#A-1.g2.g1.d2.f1.#a1)[KL],(f.#a)[L],f1[M],#a1[LM],(#A-1.d.f.#a)[KL],(a2.a1.f.#a.f1.#a1)[LM],(g2.g1)[LM],(f2.f1.#A-1.d2.#a1.d.f.#a)[KL],(f.#a)[KL],(c2.c1.#A-1.g1.d.f.#a)[KL],(f.#a)[KL],(e.c.g.c1.f2.f1.g1)[KL],(g.c1)[KL],(e2.e1.c.e.g.c1)[KL],(g.c1)[KL],(e.#c.a.#c1.f2.f1.a1)[KL],(a.#c1)[KL],(g2.g1.#c.e.a.#c1)[KL],(a.#c1)[KL],(f3.g2.a1.e.a.#c.#c1)[LM],e3[LM],#c3[LM],a2[LM],#c3[LM],a2[LM],e2[LM],#c2[LM],a2[LM],e2[LM],#c2[LM],a1[LM],f1[LM],g1[LM],a1[LM],c2[LM],(d.f.#A-1.#a.e2)[KL],(#a1.f.#a)[LM],e2[LM],(#A-1.d.f.#a)[LM],#a1[LM],(f2.f.#a)[KL],(#a1.#A-1.d.f.#a)[LM],c2[LM],(f2.f.#a)[LM],c3[LM],(c2.#A-1.d.f.#a)[LM],f2[LM],(#a2.f.#a)[LM],c3[LM],(c3.f3.#A-1.d.f.#a)[LM],a2[LM],(f2.f.#a)[LM],(c3.e3)[LM],(a2.#A-1.d.f.#a)[LM],f2[LM],(a2.c3.f.#a)[LM],f2[LM],(f2.a2.#A-1.d.f.#a)[LM],c2[LM],(a1.f.#a)[LM],(e2.g2)[LM],(c2.#A-1.d.f.#a)[LM],a2[LM],(g2.f.#a)[LM],f2[LM],(#c.A-1.e.a.e2.g2)[LM],c2[LM],(a1.e.a)[LM],(e2.a2)[LM],(c2.A-1.#c.e.a)[LM],a1[LM],(c2.e2.e.a)[LM],a1[LM],(c2.A-1.#c.e.a)[LM],a1[LM],(c2.e.a)[LM],a1[LM],(c2.A-1.#c.e.a)[LM],a1[LM],(c2.e.a)[LM],e2[LM],(c2.g2.A-1.#c.e.a)[KL],(a1.e.a)[LM],(c2.f2)[LM],(A-1.#c.e.a)[LM],a1[LM],(c2.e2.e.a)[LM],a1[LM],(c2.e2.A-1.#c.e.a)[LM],f2[LM],(e2.e.a)[LM],d2[LM],(e2.A-1.#c.e.a)[LM],c2[LM],(a1.e.a)[LM],c2[LM],(#A-1.d.G-1.g.g1.d2)[KL],(#a1.d.g)[LM],(g1.c2)[LM],(d2.G-1.#A-1.d.g)[LM],e2[LM],(#a1.d.g)[LM],(d2.f2)[LM],(G-1.#A-1.d.g)[LM],#a1[LM],(d2.d.g)[LM],f2[LM],(f2.a2.G-1.#A-1.d.g)[LM],#a1[LM],(e2.d2.d.g)[LM],a2[LM],(E-1.G-1.C-1.c.g2)[LM],f2[LM],(e2.G-1.c)[LM],f2[LM],(g2.C-1.E-1.G-1.c)[LM],f2[LM],(e2.G-1.c)[LM],f2[LM],(g2.C-1.E-1.G-1.c)[LM],f2[LM],(e2.G-1.c)[LM],g2[LM],(c3.e3.C-1.E-1.G-1.c)[LM],(c3.g2)[LM],(#a2.d3.G-1.c)[LM],(a2.c3)[LM],(A-1.c.f.F-1.f2.#a2)[LM],c2[LM],(a1.c.f)[LM],(f2.a2.c3)[LM],(c2.F-1.A-1.c.f)[LM],a1[LM],(c2.f2.a2.c.f)[LM],a1[LM],(f2.F-1.A-1.c.f)[LM],c2[LM],(f2.c.f)[LM],g2[LM],(f2.a2.F-1.A-1.c.f)[LM],c2[LM],(a2.f2.c.f)[LM],a2[LM],(c.G-1.e.E-1.g2.#a2)[LM],c2[LM],(e2.B-1.e)[LM],g2[LM],(e2.a2.E-1.G-1.c.e)[LM],c2[LM],(e2.B-1.e)[LM],g2[LM],(a.c.e.A-1.#c2.g2)[LM],a1[LM],(#c2.e.a)[LM],e2[LM],(#c2.f2.A-1.c.e.a)[LM],a1[LM],(#c2.e.a)[LM],f2[LM],(F-1.d.A-1.D-1.d2.e2)[LM],a1[LM],(f1.d.A-1)[LM],(d2.e2)[LM],(a1.D-1.F-1.A-1.d)[LM],f1[LM],(d2.f2.d.A-1)[LM],a1[LM],(f1.D-1.F-1.A-1.d)[LM],a1[LM],(a1.d2.d.A-1)[LM],f2[LM],(a1.D-1.F-1.A-1.d)[LM],d2[LM],(d2.e2.d.A-1)[LM],f2[LM],(E-1.#c.#G-1.#C-1.#c2.g2)[LM],a1[LM],(f1.#G-1.#c)[LM],(#c2.g2)[LM],(a1.#C-1.E-1.#G-1.#c)[LM],f1[LM],(a1.#c2.g2.#G-1.#c)[LM],a1[LM],(f1.#c2.#C-1.E-1.#G-1.#c)[LM],a1[LM],(f1.#c2.#G-1.#c)[LM],(a1.e2)[LM],(#c2.g2.#C-1.E-1.#G-1.#c)[LM],a1[LM],(#c2.f2.#G-1.#c)[LM],a1[LM],(#D-1.c.G-1.C-1.c2.e2)[LM],a1[LM],(f1.G-1.c)[LM],(c2.e2)[LM],(a1.C-1.#D-1.G-1.c)[LM],f1[LM],(a1.f2.G-1.c)[LM],(f1.c2)[LM],(f1.C-1.#D-1.G-1.c)[LM],a1[LM],(a1.c2.G-1.c)[LM],f2[LM],(a1.C-1.#D-1.G-1.c)[LM],c2[LM],(d2.G-1.c)[LM],f2[LM],(d.b.#f.B-1.f2.g2)[LM],d2[LM],(b1.#f.b)[LM],(f2.a2)[LM],(d2.B-1.d.#f.b)[LM],b1[LM],(d2.f2.#f.b)[LM],b1[LM],(b1.B-1.d.#f.b)[KL],(f3.d2.#f.b)[KL],(e3.B-1.d.#f.b)[LM],d3[LM],(e3.#f.b)[LM],f3[LM],(d.#a.f.#A-1.d2.g3)[LM],f1[LM],(#a1.f.#a)[LM],c2[LM],(d2.#A-1.d.f.#a)[LM],f1[LM],(f3.#a1.f.#a)[LM],(e3.c2)[LM],(f3.f2.#A-1.d.f.#a)[LM],d2[LM],(#a1.f.#a)[LM],f1[LM],(d2.#A-1.d.f.#a)[LM],#a1[LM],(f1.f.#a)[LM],d1[LM],(d.b.#f.B-1)[LM],d1[LM],(f3.f1.#f.b)[LM],b1[LM],(e3.d1.B-1.d.#f.b)[LM],g1[LM],(f3.b1.#f.b)[LM],d2[LM],(e3.f1.B-1.d.#f.b)[LM],b1[LM],(d2.#f.b)[LM],e2[LM],(b1.e3.B-1.d.#f.b)[LM],(e2.d3)[LM],(g2.e3.#f.b)[LM],(c3.f3)[LM],(E-1.C-1.G-1.c.e2.g3)[LM],c2[LM],(g1.G-1.c)[LM],(e2.a3)[LM],(c2.C-1.E-1.G-1.c)[LM],g1[LM],(g1.f3.G-1.c)[LM],(e2.e3)[LM];"],"id":1,"instruments":["piano","piano"],"alternatives":["",""]},{"bpm":555,"baseBeats":0.75,"scores":["mute[LM],mute[LM],mute[LM],mute[LM],mute[LM],mute[LM],mute[LM],mute[LM],mute[LM],mute[LM],mute[LM],mute[LM],mute[LM],mute[LM],mute[LM],mute[LM],5<UV>,5<UV>,5<UV>,5<UV>,mute[LM],mute[LM],mute[LM],mute[LM],mute[KL],mute[LM],mute[LM],mute[LM],mute[LM],mute[LM],mute[LM],mute[KL],mute[LM],mute[LM],mute[LM],mute[LM],mute[LM],mute[LM],mute[KL],mute[LM],mute[LM],mute[LM],mute[LM],mute[LM],mute[LM],mute[KL],mute[LM],mute[LM],mute[LM],mute[LM],mute[LM],mute[LM],mute[KL],mute[LM],mute[LM],mute[LM],mute[LM],mute[LM],mute[LM],mute[KL],mute[LM],mute[LM],mute[LM],mute[LM],mute[LM],mute[LM],mute[KL],mute[LM],mute[LM],mute[LM],mute[LM],mute[KL],mute[KL],mute[LM],mute[LM],mute[LM],mute[LM],mute[KL],mute[KL],mute[LM],mute[LM],mute[LM],mute[LM],mute[LM],mute[LM],mute[KL],mute[LM],mute[LM],mute[LM],mute[LM],mute[LM],mute[LM],mute[KL],mute[LM],mute[LM],mute[LM],mute[LM],mute[KL],mute[KL],mute[KL],mute[KL],mute[KL],mute[KL],mute[KL],mute[KL],mute[LM],mute[LM],mute[KL],mute[KL],mute[KL],mute[KL],mute[KL],mute[KL],mute[KL],mute[LM],mute[LM],mute[LM],mute[LM],mute[LM],mute[LM],mute[LM],mute[LM],mute[LM],mute[LM],mute[KL],mute[LM],mute[LM],mute[LM],mute[LM],mute[LM],mute[LM],mute[KL],mute[LM],mute[LM],mute[LM],mute[LM],mute[LM],mute[LM],mute[KL],mute[LM],mute[LM],mute[LM],mute[LM],mute[LM],mute[LM],mute[KL],mute[LM],mute[LM],mute[LM],mute[LM],mute[LM],mute[LM],mute[KL],mute[LM],mute[LM],mute[LM],mute[LM],mute[LM],mute[LM],mute[KL],mute[LM],mute[LM],mute[LM],mute[LM],mute[LM],mute[LM],mute[KL],mute[LM],mute[LM],mute[LM],mute[LM],mute[KL],mute[LM],mute[LM],mute[LM],mute[LM],mute[KL],mute[KL],mute[KL],mute[LM],mute[LM],mute[KL],mute[KL],mute[KL],mute[LM],mute[LM],mute[KL],mute[KL],mute[KL],mute[LM],mute[LM],mute[KL],mute[KL],mute[KL],mute[LM],mute[LM],mute[KL],mute[KL],mute[KL],5<UV>,mute[LM],mute[KL],mute[LM],mute[LM],mute[KL],mute[KL],mute[KL],mute[KL],mute[KL],mute[KL],mute[KL],mute[KL],mute[KL],mute[KL],mute[KL],mute[KL],mute[HI],mute[HK],mute[KL],mute[KL],mute[HK],mute[JK],mute[HK],mute[JK],mute[HK],mute[JK],mute[HK],mute[KL],mute[KL],mute[IJ],mute[IJ],mute[IJ],mute[JK],mute[LM],mute[LM],mute[LM],mute[LM],mute[KL],mute[KL],mute[LM],mute[LM],mute[LM],mute[LM],mute[LM],mute[LM],mute[LM],mute[LM],5<UV>,5<UV>,5<UV>,5<UV>,mute[KL],mute[LM],mute[LM],mute[LM],mute[LM],5<UV>,5<UV>,mute[LM],mute[LM],mute[LM],mute[LM],mute[LM],mute[LM],mute[LM],mute[LM],mute[KL],mute[LM],mute[LM],5<UV>,5<UV>,5<UV>,5<UV>,mute[LM],mute[LM],mute[LM],mute[LM],5<UV>,5<UV>,5<UV>,5<UV>,mute[LM],mute[LM],mute[LM],mute[LM],mute[LM],mute[LM],mute[LM],mute[LM],mute[LM],mute[LM],mute[LM],mute[LM],mute[LM],mute[LM],mute[LM],mute[LM],mute[KL],5<UV>,5<UV>,mute[LM],mute[LM],mute[LM],mute[LM],mute[LM],mute[LM],mute[LM],mute[LM],5<UV>,5<UV>,5<UV>,5<UV>,mute[KL],5<UV>,5<UV>,mute[LM],mute[LM],mute[LM],mute[LM],mute[LM],mute[LM],mute[LM],mute[LM],mute[LM],mute[LM],mute[LM],mute[LM],mute[KL],mute[LM],mute[LM],mute[LM],mute[LM],mute[LM],mute[LM],mute[LM],mute[LM],mute[LM],mute[LM],mute[LM],mute[LM],mute[LM],mute[LM],mute[LM],mute[LM],mute[LM],mute[LM],5<UV>,5<UV>,5<UV>,5<UV>,5<UV>,5<UV>,5<UV>,5<UV>,5<UV>,5<UV>,5<UV>,5<UV>,mute[KL],mute[LM],mute[LM],mute[KL],mute[LM],mute[LM],mute[KL],mute[LM],mute[LM],mute[KL],mute[LM],mute[LM],mute[LM],mute[LM],mute[LM],mute[LM],mute[LM],mute[LM],mute[LM],mute[LM],mute[LM],mute[LM],mute[LM],mute[LM],mute[LM],mute[LM],mute[LM],mute[LM],mute[KL],mute[LM],mute[LM],mute[KL],mute[LM],mute[LM],mute[KL],mute[LM],mute[LM],mute[KL],mute[LM],mute[LM],mute[LM],mute[LM],mute[LM],mute[LM],mute[LM],mute[LM],mute[LM],mute[LM],5<UV>,5<UV>,5<UV>,5<UV>,5<UV>,5<UV>,5<UV>,5<UV>,mute[KL],mute[LM],mute[LM],mute[KL],mute[LM],mute[LM],mute[KL],mute[LM],mute[LM],mute[KL],mute[LM],mute[LM],mute[LM],mute[LM],mute[LM],mute[LM],mute[LM],mute[LM],mute[LM],mute[LM],mute[LM],mute[LM],mute[LM],mute[LM],mute[LM],mute[LM],mute[LM],mute[LM],mute[KL],mute[LM],mute[LM],mute[KL],mute[LM],mute[LM],mute[KL],mute[LM],mute[LM],mute[KL],mute[LM],mute[LM],mute[LM],mute[LM],mute[LM],mute[LM],mute[LM],mute[LM],mute[LM],mute[LM],5<UV>,5<UV>,5<UV>,5<UV>,5<UV>,5<UV>,5<UV>,5<UV>,mute[KL],mute[LM],mute[LM],mute[KL],mute[LM],mute[LM],mute[KL],mute[LM],mute[LM],5<UV>,5<UV>,5<UV>,5<UV>,mute[LM],mute[LM],mute[LM],mute[LM],mute[LM],mute[LM],mute[LM],mute[LM],mute[LM],mute[LM],mute[LM],mute[LM],mute[LM],mute[LM],mute[LM],mute[LM],mute[KL],mute[LM],mute[LM],mute[KL],mute[LM],mute[LM],mute[KL],mute[LM],mute[LM],5<UV>,5<UV>,5<UV>,5<UV>,mute[LM],mute[LM],mute[LM],mute[LM],mute[LM],mute[LM],mute[LM],mute[LM],5<UV>,5<UV>,5<UV>,5<UV>,5<UV>,5<UV>,5<UV>,5<UV>,mute[KL],mute[LM],mute[LM],mute[KL],mute[LM],mute[LM],mute[KL],mute[LM],mute[LM],5<UV>,5<UV>,5<UV>,5<UV>,mute[KL],mute[LM],mute[LM],mute[KL],mute[LM],mute[LM],mute[KL],mute[LM],mute[LM],5<UV>,5<UV>,5<UV>,5<UV>,mute[KL],mute[LM],mute[LM],mute[KL],mute[LM],mute[LM],mute[KL],mute[LM],mute[LM],5<UV>,5<UV>,5<UV>,5<UV>,mute[LM],mute[LM],mute[LM],mute[LM],mute[LM],mute[LM],mute[LM],mute[LM],5<UV>,5<UV>,5<UV>,5<UV>,mute[LM],mute[LM],mute[LM],mute[LM],mute[KL],mute[LM],mute[LM],mute[LM],mute[LM],mute[LM],mute[LM],mute[KL],mute[LM],mute[LM],mute[LM],mute[LM],mute[LM],mute[LM],mute[KL],mute[LM],mute[LM],mute[LM],mute[LM],mute[LM],mute[LM],mute[KL],mute[LM],mute[LM],mute[LM],mute[LM],mute[LM],mute[LM],mute[KL],mute[LM],mute[LM],mute[LM],mute[LM],mute[LM],mute[LM],mute[KL],mute[LM],mute[LM],mute[LM],mute[LM],mute[LM],mute[LM],mute[KL],mute[LM],mute[LM],mute[LM],mute[LM],mute[KL],mute[KL],mute[LM],mute[LM],mute[LM],mute[LM],mute[KL],mute[KL],mute[LM],mute[LM],mute[LM],mute[LM],mute[LM],mute[LM];","(g2.f3.C-1.E-1.G-1.c)[LM],g1[LM],(c2.G-1.c)[LM],f2[LM],(g2.C-1.E-1.G-1.c)[LM],a2[LM],(c3.G-1.c)[LM],e3[LM],(F-1.#C-1.A-1.#c.g3)[LM],f3[LM],(e3.A-1.#c)[LM],f3[LM],(g3.#C-1.F-1.A-1.#c)[LM],f3[LM],(e3.A-1.#c)[LM],c3[LM],(c4.#C-1.F-1.A-1.#c)[M],a3[M],g3[M],e3[M],d3[M],c3[M],(a2.A-1.#c)[M],g2[M],e2[M],c2[M],a1[M],g1[M],(a1.#C-1.F-1.A-1.#c)[LM],c2[LM],(e2.A-1.#c)[LM],g2[LM],(D-1.F-1.A-1.d.f.a.d1.a2.d2.f2)[KL],(d2.A-1.d)[LM],(a2.d2.f2)[LM],(D-1.a.f.d1.A-1.F-1.d)[LM],d2[LM],(a2.A-1.d.d2.f2)[LM],d2[LM],(a2.D-1.a.f.d1.A-1.F-1.d.d2.f2)[KL],(d2.A-1.d)[LM],(a2.d2.f2)[LM],(D-1.a.f.d1.A-1.F-1.d)[LM],d2[LM],(#a2.A-1.d.d2.f2)[LM],d2[LM],(E-1.G-1.c.e.g.c1.e1.a2.c2.e2)[KL],(e2.c.e)[LM],(a2.c2.e2)[LM],(E-1.c1.g.e1.c.G-1.e)[LM],e2[LM],(a2.c.e.c2.e2)[LM],e2[LM],(a2.E-1.c1.g.e1.c.G-1.e.c2.e2)[KL],(e2.c.e)[LM],(a2.c2.e2)[LM],(E-1.c1.g.e1.c.G-1.e)[LM],e2[LM],(#a2.c.e.c2.e2)[LM],e2[LM],(F-1.A-1.c.f.a.c1.f1.c3.f2.a2)[KL],(f2.c.f)[LM],(c3.f2.a2)[LM],(F-1.a.c1.f1.A-1.c.f)[LM],f2[LM],(c3.c.f.f2.a2)[LM],f2[LM],(c3.F-1.a.c1.f1.A-1.c.f.f2.a2)[KL],(f2.c.f)[LM],(#a2.f2.c2)[LM],(F-1.a.c1.f1.A-1.c.f)[LM],f2[LM],(a2.c.f.f2.c2)[LM],f2[LM],(#A-1.d.f.#a.d1.f1.#a1.#a2)[KL],(#a1.f.#a.f1)[LM],a2[LM],(#A-1.f1.d1.#a1.f.d.#a)[LM],(#a1.f1)[LM],(f2.f.#a)[KL],(A-1.c.f.a.c1.f1.a1)[KL],(f2.f.a)[LM],#a1[LM],(f2.A-1.c1.a1.c.f.a.f1)[LM],#a1[LM],(c2.f.a)[KL],(G-1.#A-1.d.g.#a.d1.g1.c3.#a1.d2)[KL],(g2.d.g)[LM],(c3.#a1.d2)[LM],(G-1.#a.d1.g1.#A-1.d.g)[LM],g2[LM],(c3.d.g.#a1.d2)[LM],g2[LM],(c3.G-1.#a.d1.g1.#A-1.d.g.#a1.d2)[KL],(g2.d.g)[LM],(#a2.#a1.d2)[LM],(G-1.#a.d1.g1.#A-1.d.g)[LM],g2[LM],(a2.d.g.#a1.d2)[LM],g2[LM],(e.c.A-1.e1.c1.a.a1.#a2.c2)[KL],(c2.e.a)[LM],(a2.a1.c2)[LM],(A-1.c1.e1.a1.c.e.a)[LM],c2[LM],(f2.e.a.f1.a1)[KL],(f2.A-1.c1.e1.a1.c.e.a)[KL],(c2.e.a.f1.a1)[KL],(g2.A-1.c1.e1.c.e.a.a1.c2)[KL],(e.a)[KL],(d.#A-1.f.d1.#a.f1.#a1.g2.g1)[KL],(f.#a)[KL],(#A-1.d1.f1.#a1.d.f.#a)[KL],(a2.f.#a)[LM],g2[LM],(f2.#A-1.d1.f1.d.f.#a.g1.#a1)[KL],(f.#a)[KL],(c2.#A-1.#a1.d.f.#a.d1.f1)[KL],(f.#a)[KL],(c2.a1.g.c.e.c1.e1.g1.f2)[KL],(c2.g.c1)[KL],(e2.c.e1.g1.c2.e.g.c1)[KL],(c2.g.c1)[LM],e2[LM],(#c.e.a.#c1.e1.a1.#c2.f2)[LM],d2[LM],(a1.a.#c1)[LM],f2[LM],(g2.#c.e1.a1.#c2.e.a.#c1)[LM],c2[LM],(f2.a.#c1)[LM],g2[LM],(D-1.F-1.A-1.d.f.a.d1.a2.d2.f2)[KL],(d2.A-1.d)[LM],(a2.d2.f2)[LM],(D-1.A-1.F-1.a.f.d.d1)[LM],d2[LM],(a2.A-1.d.d2.f2)[LM],d2[LM],(a2.D-1.A-1.F-1.d2.f2.a.f.d.d1)[KL],(d2.A-1.d)[LM],(a2.d2.f2)[LM],(D-1.A-1.F-1.a.f.d.d1)[LM],d2[LM],(#a2.A-1.d.d2.f2)[LM],d2[LM],(E-1.G-1.c.e.g.c1.e1.a2.c2.e2)[KL],(e2.c.e)[LM],(a2.c2.e2)[LM],(E-1.c.G-1.c1.g.e.e1)[LM],e2[LM],(a2.c.e.c2.e2)[LM],e2[LM],(a2.E-1.c.G-1.c2.e2.c1.g.e.e1)[KL],(e2.c.e)[LM],(a2.c2.e2)[LM],(E-1.c.G-1.c1.g.e.e1)[LM],e2[LM],(#a2.c.e.c2.e2)[LM],e2[LM],(F-1.A-1.c.f.a.c1.f1.c3.f2.a2)[KL],(f2.c.f)[LM],(c3.f2.a2)[LM],(F-1.A-1.c.a.c1.f.f1)[LM],f2[LM],(c3.c.f.f2.a2)[LM],f2[LM],(f3.F-1.A-1.c.f2.a2.a.c1.f.f1)[KL],(f2.c.f)[LM],(f3.f2.a2)[LM],(F-1.A-1.c.a.c1.f.f1)[LM],f2[LM],(e3.c.f.f2.a2)[LM],f2[LM],(d.f.#A-1.d1.f1.#a1.#a.e3.f2.#a2)[KL],(f2.f.#a)[LM],(e3.f2.#a2)[LM],(#A-1.f.d.f1.d1.#a1.#a)[LM],f2[LM],(f3.f.#a.f2.#a2)[KL],(f.c.A-1.f1.c1.a1.a.f3)[LM],f2[LM],(c3.f.a)[LM],f2[LM],(g3.A-1.c.f.f2.a2.c1.f1.a1.a)[KL],(f.a)[KL],(d.#A-1.G-1.d1.#a.g1.g.e3.e2.g2)[KL],(d.g)[LM],(e2.g2)[LM],(G-1.#A-1.d.g.#a.d1.g1)[KL],(f3.f2.d.g.e2.g2)[KL],(G-1.#A-1.d.e2.g2.g.#a.d1.g1)[KL],(d.g)[LM],(e2.g2)[LM],(c4.c3.G-1.#A-1.d.f3.g.#a.d1.g1)[KL],(d.g.e2.g2)[KL],(c.e.A-1.c1.e1.a1.a.#a3.#a2.c3.f2.a2)[KL],(e.a)[LM],(f2.a2)[LM],(a3.a2.A-1.c.e.c3.a.c1.e1.a1)[KL],(e.a.f2.a2)[KL],(f3.f2.A-1.c.e.c3.a2.a.c1.e1.a1)[KL],(e.a)[LM],(f2.a2)[LM],(g3.g2.A-1.c.e.e3.a.c1.e1.a1)[KL],(e.a.f2.a2)[KL],(d.f.#A-1.d1.f1.#a1.#a.g3.g2.d3.f2.#a2)[KL],(f.#a)[L],f2[M],#a2[LM],(#A-1.d.f.d1.#a.f1.#a1)[KL],(a3.a2.f.#a.f2.#a2)[LM],(g3.g2)[LM],(f3.f2.#A-1.d.f.d3.#a2.d1.#a.f1.#a1)[KL],(f.#a)[KL],(c3.c2.#A-1.d.f.g2.d1.#a.f1.#a1)[KL],(f.#a)[KL],(e.c.g.e1.c1.g1.c2.f3.f2.g2)[KL],(g.c1)[KL],(e3.e2.c.e.g.e1.g1.c1.c2)[KL],(g.c1)[KL],(e.#c.a.e1.#c1.a1.#c2.f3.f2.a2)[KL],(a.#c1)[KL],(g3.g2.#c.e.a.e1.a1.#c1.#c2)[KL],(a.#c1)[KL],(#a.d1.g1.#A-1.d.g.G-1.f2.f3)[HI],(c2.f2.a2)[HK],g2[KL],a2[KL],(e1.c1.a1.e.c.a.A-1.e2.c2.g2)[HK],(a1.c2)[JK],(c2.e2.c3)[HK],f3[JK],(f.a.d1.F-1.A-1.d.D-1.e2.c3.e3)[HK],c2[JK],(c2.e2.c3)[HK],e3[KL],f3[KL],(f.a.c1.F-1.A-1.c.C-1.c2.c3.g3)[IJ],(c2.#a2.f3)[IJ],(c1.a.f1.c.A-1.f.F-1.f2.a2.e3)[IJ],(a2.f3)[JK],#a[LM],d1[LM],f1[LM],#a1[LM],(d.f.#a.#A-1.f1.c2.D-1.#A-2.F-1)[KL],(#a.f1.f)[KL],(#a1.#A-1.#a.d.f.D-1.#A-2.F-1)[LM],d1[LM],(f1.f.#a)[LM],#a1[LM],(d1.#A-1.#a.d.f.D-1.#A-2.F-1)[LM],f1[LM],(#a1.f.#a)[LM],c2[LM],(f1.#A-1.#a.d.f.D-1.#A-2.F-1)[L],g1[L],a1[L],(#a1.f.#a)[L],c2[L],#c2[L],(#a1.d2.#A-1.#a.d.f.D-1.#A-2.F-1)[KL],(f1.f.#a)[LM],#a1[LM],(d2.#A-1.#a.d.f.D-1.#A-2.F-1)[LM],#a1[LM],(d2.f.#a)[L],#d2[L],e2[L],(f2.#A-1.#a.d.f.D-1.#A-2.F-1)[LM],#a1[LM],(d2.f.#a)[LM],f2[LM],(d2.a2.#A-1.#a.d.f.D-1.#A-2.F-1)[LM],#a1[LM],(f2.f.#a)[LM],(d2.a2)[LM],(e.c.a.A-1.c2.g2.C-1.A-2.E-1)[KL],(e1.e.a)[LM],a1[LM],(c2.A-1.c.a.e.C-1.A-2.E-1)[L],d2[L],#d2[L],(e2.e.a)[L],f2[L],#f2[L],(e2.g2.A-1.c.a.e.C-1.A-2.E-1)[LM],a1[LM],(c2.e.a)[LM],d2[LM],(c2.A-1.c.a.e.C-1.A-2.E-1)[L],d2[L],e2[L],(f2.e.a)[L],g2[L],#a2[L],(F-1.A-1.d.D-1.a2.c3.F-2.D-2.A-2)[LM],(a1.d2)[LM],(f2.A-1.d)[LM],(a2.c3)[LM],(g2.#a2.D-1.F-1.d.A-1.F-2.D-2.A-2)[LM],d2[LM],(f2.A-1.d)[LM],(g2.#a2)[LM],(f2.a2.D-1.F-1.d.A-1.F-2.D-2.A-2)[LM],a1[LM],(d2.A-1.d)[LM],(f2.a2)[LM],(e2.g2.D-1.F-1.d.A-1.F-2.D-2.A-2)[LM],a1[LM],(d2.A-1.d)[LM],(e2.g2)[LM],(#A-1.d.g.G-1.d2.f2.#A-2.G-2.D-1)[KL],(d1.d.g)[L],g1[L],a1[L],(#a1.G-1.#A-1.g.d.#A-2.G-2.D-1)[LM],g1[LM],(#a1.d.g)[LM],c2[LM],(#a1.d2.G-1.#A-1.g.d.#A-2.G-2.D-1)[LM],g1[LM],(#a1.d.g)[LM],d2[LM],(f2.G-1.#A-1.g.d.#A-2.G-2.D-1)[L],#a1[L],c2[L],(d2.d.g)[L],#d2[L],e2[L],(d.g.b.B-1.b1.f2.G-1.D-1.B-2)[KL],(d1.g.b)[L],g1[L],a1[L],(b1.B-1.g.d.b.G-1.D-1.B-2)[LM],g1[LM],(b1.g.b)[LM],c2[LM],(d2.B-1.g.d.b.G-1.D-1.B-2)[LM],g1[LM],(b1.g.b)[LM],d2[LM],(f2.a2.B-1.g.d.b.G-1.D-1.B-2)[LM],b1[LM],(d2.g.b)[LM],(f2.a2)[LM],(E-1.G-1.c.C-1.e2.g2.E-2.C-2.G-2)[KL],(e1.G-1.c)[LM],g1[LM],(c2.C-1.E-1.c.G-1.E-2.C-2.G-2)[LM],g1[LM],(c2.G-1.c)[LM],e2[LM],(g2.C-1.E-1.c.G-1.E-2.C-2.G-2)[LM],e2[LM],(c2.G-1.c)[LM],g1[LM],(e2.C-1.E-1.c.G-1.E-2.C-2.G-2)[LM],c2[LM],(g1.G-1.c)[LM],e1[LM],(E-1.A-1.#c.#C-1.a2.#c3.A-2.E-2.#C-2)[LM],e1[LM],(a1.A-1.#c)[LM],#c2[LM],(e2.#C-1.A-1.E-1.#c.A-2.E-2.#C-2)[L],a1[L],#c2[L],(e2.A-1.#c)[L],a2[L],#c3[L],(e3.#C-1.A-1.E-1.#c.A-2.E-2.#C-2)[L],#c3[L],a2[L],(e2.A-1.#c)[L],#c2[L],a1[L],(#c3.#C-1.A-1.E-1.#c.A-2.E-2.#C-2)[L],a2[L],e2[L],(#c2.A-1.#c)[L],a1[L],e1[L],(d.f.#a.#A-1.f1.D-1.#A-2.F-1)[KL],(f2.f.#a)[LM],(d3.f3)[LM],(d3.f3.#A-1.d.#a.f.D-1.#A-2.F-1)[KL],(f2.f.#a)[LM],(#a2.d3)[LM],(#a2.d3.#A-1.d.#a.f.D-1.#A-2.F-1)[KL],(d2.f.#a)[LM],(f2.#a2)[LM],(f2.#a2.#A-1.d.#a.f.D-1.#A-2.F-1)[KL],(#a2.f.#a)[LM],a2[LM],(E-1.G-1.c.C-1.g2.E-2.C-2.G-2)[LM],a2[LM],(g2.G-1.c)[LM],f2[LM],(e2.C-1.E-1.c.G-1.E-2.C-2.G-2)[LM],f2[LM],(e2.G-1.c)[LM],d2[LM],(e2.C-1.E-1.c.G-1.E-2.C-2.G-2)[LM],c2[LM],(g1.G-1.c)[LM],c2[LM],(d.f.#a.#A-1.g2.D-1.#A-2.F-1)[LM],e2[LM],(c2.f.#a)[LM],#a2[LM],(#c.e.a.A-1.a2.#C-1.A-2.E-1)[KL],(a2.e.a)[LM],(e3.g3)[LM],(e3.g3.A-1.#c.a.e.#C-1.A-2.E-1)[KL],(a2.e.a)[LM],(#c3.e3)[LM],(#c3.e3.A-1.#c.a.e.#C-1.A-2.E-1)[KL],(e2.e.a)[LM],(e2.a2)[LM],(E-1.A-1.#c.#C-1.e2.a2.E-2.A-2.#C-2)[KL],(a2.A-1.#c)[LM],#c3[LM],(F-1.A-1.d.D-1.f3.F-2.D-2.A-2)[LM],e3[LM],(d3.A-1.d)[LM],a2[LM],(d3.D-1.F-1.d.A-1.F-2.D-2.A-2)[LM],a2[LM],(d3.A-1.d)[LM],f3[LM],(G-1.F-1.c.C-1.a3.G-2.F-2.C-2)[L],f3[L],d3[L],(a2.G-1.c)[L],f2[L],d2[L],(f3.C-1.G-1.F-1.c.G-2.F-2.C-2)[L],d3[L],a2[L],(f2.G-1.c)[L],d2[L],a1[L],(d.f.#a.#A-1.f1.D-1.#A-2.F-1)[KL],(f2.f.#a)[LM],(d3.f3)[LM],(d3.f3.#A-1.d.#a.f.D-1.#A-2.F-1)[KL],(f2.f.#a)[LM],(#a2.d3)[LM],(#a2.d3.#A-1.d.#a.f.D-1.#A-2.F-1)[KL],(#a1.f.#a)[LM],(f2.#a2)[LM],(f2.#a2.#A-1.d.#a.f.D-1.#A-2.F-1)[KL],(d2.f.#a)[LM],a2[LM],(G-1.F-1.c.C-1.g2.F-2.C-2.G-2)[LM],a2[LM],(g2.G-1.c)[LM],f2[LM],(e2.C-1.F-1.c.G-1.F-2.C-2.G-2)[LM],f2[LM],(e2.G-1.c)[LM],d2[LM],(e2.C-1.F-1.c.G-1.F-2.C-2.G-2)[LM],c2[LM],(e2.G-1.c)[LM],g2[LM],(c3.C-1.F-1.c.G-1.F-2.C-2.G-2)[LM],#a2[LM],(a2.G-1.c)[LM],g2[LM],(A-1.c.f.F-1.a1.A-2.F-2.C-1)[KL],(a2.c.f)[LM],(f3.a3)[LM],(f3.a3.F-1.A-1.f.c.A-2.F-2.C-1)[KL],(a2.c.f)[LM],(d3.f3)[LM],(d3.f3.F-1.A-1.f.c.A-2.F-2.C-1)[KL],(f2.c.f)[LM],(f2.a2)[LM],(f2.a2.F-1.A-1.f.c.A-2.F-2.C-1)[KL],(f2.c.f)[LM],a2[LM],(B-1.G-1.e.E-1.e3.B-2.G-2.E-2)[LM],d3[LM],(#c3.B-1.e)[LM],d3[LM],(e3.E-1.B-1.G-1.e.B-2.G-2.E-2)[LM],a2[LM],(#c3.B-1.e)[LM],e3[LM],(c.e.a.A-1.a3.C-1.A-2.E-1)[L],e3[L],#c3[L],(a2.e.a)[L],e2[L],#c2[L],(e3.A-1.c.a.e.C-1.A-2.E-1)[L],#c3[L],a2[L],(e2.e.a)[L],#c2[L],a1[L],(F-1.A-1.d.D-1.f1.F-2.D-2.A-2)[KL],(f2.A-1.d)[LM],(d3.f3)[LM],(d3.f3.D-1.F-1.d.A-1.F-2.D-2.A-2)[KL],(f2.A-1.d)[LM],(a2.d3)[LM],(a2.d3.D-1.F-1.d.A-1.F-2.D-2.A-2)[KL],(d2.A-1.d)[LM],(f2.a2)[LM],(a2.D-1.F-1.d.A-1.F-2.D-2.A-2)[L],a1[L],c2[L],(d2.A-1.d)[L],f2[L],a2[L],(E-1.#G-1.#c.#C-1.g2.E-2.#C-2.#G-2)[LM],a2[LM],(g2.#G-1.#c)[LM],f2[LM],(e2.#C-1.E-1.#c.#G-1.E-2.#C-2.#G-2)[LM],f2[LM],(e2.#G-1.#c)[LM],d2[LM],(e2.#C-1.E-1.#c.#G-1.E-2.#C-2.#G-2)[LM],#c2[LM],(a1.#G-1.#c)[LM],#c2[LM],(g2.#C-1.E-1.#c.#G-1.E-2.#C-2.#G-2)[LM],e2[LM],(#c2.#G-1.#c)[LM],#a2[LM],(E-1.G-1.c.C-1.a1.E-2.C-2.G-2)[KL],(g2.G-1.c)[LM],(e3.g3)[LM],(e3.g3.C-1.E-1.c.G-1.E-2.C-2.G-2)[KL],(g2.G-1.c)[LM],(c3.e3)[LM],(c3.e3.C-1.E-1.c.G-1.E-2.C-2.G-2)[KL],(c2.e2.G-1.c)[LM],g2[LM],(g2.C-1.E-1.c.G-1.E-2.C-2.G-2)[L],c2[L],e2[L],(g2.G-1.c)[L],#a2[L],c3[L],(#F-1.D-1.B-1.B-2.f3.#F-2.D-2.B-3)[LM],e3[LM],(d3.#F-1.B-1)[LM],a2[LM],(d3.B-2.#F-1.D-1.B-1.#F-2.D-2.B-3)[LM],a2[LM],(d3.#F-1.B-1)[LM],f3[LM],(d.f.#a.#A-1.a3.D-1.#A-2.F-1)[L],f3[L],d3[L],(#a2.f.#a)[L],f2[L],d2[L],(c.e.a.A-1.f3.C-1.A-2.E-1)[L],d3[L],a2[L],(e2.e.a)[L],#c2[L],a1[L],(#A-1.d.g.G-1.f1.#A-2.G-2.D-1)[KL],(f2.d.g)[LM],(d3.f3)[LM],(d3.f3.G-1.#A-1.g.d.#A-2.G-2.D-1)[KL],(f2.d.g)[LM],(#a2.d3)[LM],(#a2.d3.G-1.#A-1.g.d.#A-2.G-2.D-1)[KL],(d2.d.g)[LM],(f2.#a2)[LM],(#a2.G-1.#A-1.g.d.#A-2.G-2.D-1)[L],#a1[L],c2[L],(d2.d.g)[L],f2[L],a2[L],(c.e.a.A-1.g1.C-1.A-2.E-1)[KL],(g2.e.a)[LM],(e3.g3)[LM],(e3.g3.A-1.c.a.e.C-1.A-2.E-1)[KL],(g2.e.a)[LM],(c3.e3)[LM],(c3.e3.A-1.c.a.e.C-1.A-2.E-1)[KL],(e2.e.a)[LM],(g2.c3)[LM],(c3.A-1.c.a.e.C-1.A-2.E-1)[L],c2[L],d2[L],(e2.e.a)[L],g2[L],#a2[L],(d.f.#a.#A-1.a1.D-1.#A-2.F-1)[KL],(a2.f.#a)[LM],(f3.a3)[LM],(f3.a3.#A-1.d.#a.f.D-1.#A-2.F-1)[KL],(a2.f.#a)[LM],(d3.f3)[LM],(d3.f3.#A-1.d.#a.f.D-1.#A-2.F-1)[KL],(f2.f.#a)[LM],(a2.d3)[LM],(d3.#A-1.d.#a.f.D-1.#A-2.F-1)[L],#a1[L],d2[L],(f2.f.#a)[L],#a2[L],c3[L],(e.g.c1.c.e3.E-1.C-1.G-1)[LM],g2[LM],(c3.g.c1)[LM],d3[LM],(e3.c.e.c1.g.E-1.C-1.G-1)[LM],g2[LM],(c3.g.c1)[LM],e3[LM],(a.e.#c1.#c.c4.A-1.E-1.#C-1)[MN],a3[MN],g3[MN],e3[MN],(d3.a.#c1)[MN],c3[MN],a2[MN],g2[MN],(a.#c.e.#c1.A-1.E-1.#C-1)[LM],c1[LM],(e1.a.#c1)[LM],g1[LM],(a1.D-1)[KL],(d1.A-1.d)[LM],a1[LM],D-1[LM],d1[LM],(a1.d.A-1)[LM],d1[LM],(a1.D-1)[KL],(d1.A-1.d)[LM],a1[LM],D-1[LM],d1[LM],(#a1.A-1.d)[LM],d1[LM],(a1.E-1)[KL],(e1.c.e)[LM],a1[LM],E-1[LM],e1[LM],(a1.c.e)[LM],e1[LM],(a1.E-1)[KL],(e1.c.e)[LM],a1[LM],E-1[LM],e1[LM],(#a1.c.e)[LM],e1[LM],(c2.F-1)[KL],(f1.c.f)[LM],c2[LM],F-1[LM],f1[LM],(c2.c.f)[LM],f1[LM],(c2.F-1)[KL],(f1.c.f)[LM],#a1[LM],F-1[LM],f1[LM],(a1.c.f)[LM],f1[LM],(#a1.#A-1)[KL],(#a.f)[LM],a1[LM],#A-1[LM],#a[LM],(f1.f.#a)[KL],A-1[KL],(f1.f.a)[LM],#a[LM],(f1.A-1)[LM],#a[LM],(c1.f.a)[KL],(c2.G-1)[KL],(g1.d.g)[LM],c2[LM],G-1[LM],g1[LM],(c2.d.g)[LM],g1[LM];"],"id":2,"instruments":["piano","piano"],"alternatives":["",""]},{"bpm":555,"baseBeats":0.75,"scores":["mute[KL],mute[LM],mute[LM],mute[LM],mute[LM],mute[LM],mute[LM],mute[KL],mute[LM],mute[LM],mute[LM],mute[LM],mute[KL],mute[KL],mute[KL],mute[KL],mute[KL],mute[KL],mute[KL],mute[KL],mute[LM],mute[LM],mute[KL],mute[KL],mute[KL],mute[KL],mute[KL],mute[KL],mute[KL],mute[LM],mute[LM],mute[LM],mute[LM],mute[LM],mute[LM],mute[LM],mute[LM],mute[LM],mute[LM],mute[KL],mute[LM],mute[LM],mute[LM],mute[LM],mute[LM],mute[LM],mute[KL],mute[LM],mute[LM],mute[LM],mute[LM],mute[LM],mute[LM],mute[KL],mute[LM],mute[LM],mute[LM],mute[LM],mute[LM],mute[LM],mute[KL],mute[LM],mute[LM],mute[LM],mute[LM],mute[LM],mute[LM],mute[KL],mute[LM],mute[LM],mute[LM],mute[LM],mute[LM],mute[LM],mute[KL],mute[LM],mute[LM],mute[LM],mute[LM],mute[LM],mute[LM],mute[KL],mute[LM],mute[LM],mute[LM],mute[LM],mute[KL],mute[LM],mute[LM],mute[LM],mute[LM],mute[KL],mute[KL],mute[KL],mute[LM],mute[LM],mute[KL],mute[KL],mute[KL],mute[LM],mute[LM],mute[KL],mute[KL],mute[KL],mute[LM],mute[LM],mute[KL],mute[KL],mute[KL],mute[LM],mute[LM],mute[KL],mute[KL],mute[KL],5<UV>,mute[LM],mute[KL],mute[LM],mute[LM],mute[KL],mute[KL],mute[KL],mute[KL],mute[KL],mute[KL],mute[KL],mute[KL],mute[KL],mute[KL],mute[LM],mute[LM],mute[LM],mute[LM],mute[KL],mute[LM],mute[LM],mute[LM],mute[LM],mute[LM],mute[LM],mute[KL],mute[LM],mute[LM],mute[LM],mute[LM],mute[LM],mute[LM],mute[KL],mute[LM],mute[LM],mute[LM],mute[LM],mute[LM],mute[LM],mute[KL],mute[LM],mute[LM],mute[LM],mute[LM],mute[LM],mute[LM],mute[KL],mute[LM],mute[LM],mute[LM],mute[LM],mute[LM],mute[LM],mute[KL],mute[LM],mute[LM],mute[LM],mute[LM],mute[LM],mute[LM],mute[KL],mute[LM],mute[LM],mute[LM],mute[LM],mute[KL],mute[KL],mute[LM],mute[LM],mute[LM],mute[LM],mute[KL],mute[KL],mute[LM],mute[LM],mute[LM],mute[LM],mute[LM],mute[LM],mute[KL],mute[LM],mute[LM],mute[LM],mute[LM],mute[LM],mute[LM],mute[KL],mute[LM],mute[LM],mute[LM],mute[LM],mute[KL],mute[KL],mute[KL],mute[KL],mute[KL],mute[KL],mute[KL],mute[KL],mute[LM],mute[LM],mute[KL],mute[KL],mute[KL],mute[KL],mute[KL],mute[KL],mute[KL],mute[LM],mute[LM],mute[LM],mute[LM],mute[LM],mute[LM],mute[LM],mute[LM],mute[LM],mute[LM],mute[KL],mute[LM],mute[LM],mute[LM],mute[LM],mute[LM],mute[LM],mute[KL],mute[LM],mute[LM],mute[LM],mute[LM],mute[LM],mute[LM],mute[KL],mute[LM],mute[LM],mute[LM],mute[LM],mute[LM],mute[LM],mute[KL],mute[LM],mute[LM],mute[LM],mute[LM],mute[LM],mute[LM],mute[KL],mute[LM],mute[LM],mute[LM],mute[LM],mute[LM],mute[LM],mute[KL],mute[LM],mute[LM],mute[LM],mute[LM],mute[LM],mute[LM],mute[KL],mute[LM],mute[LM],mute[LM],mute[LM],mute[KL],mute[LM],mute[LM],mute[LM],mute[LM],mute[KL],mute[KL],mute[KL],mute[LM],mute[LM],mute[KL],mute[KL],mute[KL],mute[LM],mute[LM],mute[KL],mute[KL],mute[KL],mute[LM],mute[LM],mute[KL],mute[KL],mute[KL],mute[LM],mute[LM],mute[KL],mute[KL],mute[KL],5<UV>,mute[LM],mute[KL],mute[LM],mute[LM],mute[KL],mute[KL],mute[KL],mute[KL],mute[KL],mute[KL],mute[KL],mute[KL],mute[KL],mute[KL],mute[KL],mute[KL],mute[KL],mute[LM],mute[LM],mute[LM],mute[LM],mute[KL],mute[KL],mute[KL],mute[LM],mute[LM],mute[LM],mute[LM],mute[LM],mute[LM],mute[LM],mute[LM],mute[LM],mute[LM],mute[LM],mute[LM],5<UV>,5<UV>,mute[KL],mute[LM],5<UV>,mute[KL],mute[KL],mute[KL],mute[KL],mute[LM],mute[LM],mute[LM],mute[LM],mute[LM],mute[LM],mute[LM],mute[LM],mute[LM],mute[LM],mute[KL],mute[KL],mute[KL],mute[KL],mute[KL],mute[KL],mute[KL],mute[KL],mute[KL],mute[KL],mute[KL],mute[KL],mute[KL],mute[LM],mute[LM],mute[LM],mute[LM],mute[LM],mute[LM],mute[LM],mute[LM],mute[LM],mute[LM],mute[LM],mute[LM],mute[LM],mute[LM],mute[LM],mute[LM],mute[LM],mute[LM],mute[LM],mute[LM],mute[LM],mute[LM],mute[LM],mute[LM],5<UV>,5<UV>,mute[LM],mute[LM],5<UV>,5<UV>,mute[LM],mute[LM],5<UV>,5<UV>,mute[LM],mute[LM],mute[LM],mute[LM],mute[LM],mute[LM],mute[LM],mute[LM],mute[LM],mute[LM],mute[LM],mute[LM],mute[LM],mute[LM],mute[LM],mute[LM],mute[LM],mute[LM],mute[LM],mute[LM],mute[KL],mute[LM],mute[LM],mute[LM],mute[LM],mute[KL],mute[KL],mute[KL],mute[LM],mute[LM],mute[LM],mute[LM],mute[LM],mute[LM],mute[LM],mute[LM],mute[LM],mute[LM],mute[LM],mute[LM],5<UV>,5<UV>,mute[KL],mute[LM],5<UV>,mute[KL],mute[KL],mute[KL],mute[KL],mute[LM],mute[LM],5<UV>,5<UV>,5<UV>,5<UV>,mute[LM],mute[LM],mute[LM],mute[LM],mute[KL],mute[KL],mute[KL],mute[KL],mute[KL],mute[KL],mute[KL],mute[KL],mute[KL],mute[KL],mute[KL],mute[KL],mute[KL],mute[LM],mute[LM],mute[LM],mute[LM],mute[LM],mute[LM],mute[LM],mute[LM],mute[LM],mute[LM],mute[LM],mute[LM],mute[LM],mute[LM],mute[LM],mute[LM],mute[LM],mute[LM],mute[LM],mute[LM],mute[LM],mute[LM],mute[LM],mute[LM],5<UV>,5<UV>,mute[LM],mute[LM],5<UV>,5<UV>,mute[LM],mute[LM],5<UV>,5<UV>,mute[LM],mute[LM],5<UV>,5<UV>,mute[LM],mute[LM],mute[LM],mute[LM],mute[LM],mute[LM],mute[LM],mute[LM],mute[LM],mute[LM],mute[LM],mute[LM],5<UV>,5<UV>,5<UV>,5<UV>,mute[KL],mute[LM],mute[LM],mute[LM],mute[LM],mute[KL],mute[KL],mute[KL],mute[LM],mute[LM],mute[LM],mute[LM],mute[LM],mute[LM],mute[LM],mute[LM],mute[LM],mute[LM],mute[LM],mute[LM],5<UV>,5<UV>,mute[KL],mute[LM],5<UV>,mute[KL],mute[KL],mute[KL],mute[KL],mute[LM],mute[LM],mute[LM],mute[LM],mute[LM],mute[LM],mute[LM],mute[LM],mute[LM],mute[LM],mute[KL],mute[KL],mute[KL],mute[KL],mute[KL],mute[KL],mute[KL],mute[KL],mute[KL],mute[KL],mute[KL],mute[KL],mute[KL],mute[LM],mute[LM],mute[LM],mute[LM],mute[LM],mute[LM],mute[LM],mute[LM],mute[LM],mute[LM],mute[LM],mute[LM],mute[LM],mute[LM],mute[LM],mute[LM],mute[LM],mute[LM],mute[LM],mute[LM],mute[LM],mute[LM],mute[LM],mute[LM],5<UV>,5<UV>,mute[LM],mute[LM],5<UV>,5<UV>,mute[LM],mute[LM],5<UV>,5<UV>,mute[LM],mute[LM],mute[LM],mute[LM],mute[LM],mute[LM],mute[LM],mute[LM],mute[LM],mute[LM],mute[LM],mute[LM],mute[LM],mute[LM],mute[LM],mute[LM],mute[LM],mute[LM],mute[LM],mute[LM],mute[KL],mute[LM],mute[LM],mute[LM],mute[LM],mute[KL],mute[KL],mute[KL],mute[LM],mute[LM],mute[LM],mute[LM],mute[LM],mute[LM],mute[LM],mute[LM],mute[LM],mute[LM],mute[LM],mute[LM],5<UV>,5<UV>,mute[KL],mute[LM],5<UV>,mute[KL],mute[KL],mute[KL],mute[KL],mute[LM],mute[LM],5<UV>,5<UV>,5<UV>,5<UV>,mute[LM],mute[LM],mute[LM],mute[LM],mute[KL],mute[KL],mute[KL],mute[KL],mute[KL],mute[KL],mute[KL],mute[KL],mute[KL],mute[KL],mute[KL],mute[KL],mute[KL],mute[LM],mute[LM],mute[LM],mute[LM],mute[LM],mute[LM],mute[LM],mute[LM],mute[LM],mute[LM],mute[LM],mute[LM],mute[LM],mute[LM],mute[LM],mute[LM],mute[LM],mute[LM],mute[LM],mute[LM],mute[LM],mute[LM],mute[LM],mute[LM],5<UV>,5<UV>,mute[LM],mute[LM],5<UV>,5<UV>,mute[LM],mute[LM],5<UV>,5<UV>,mute[LM],mute[LM],5<UV>,5<UV>,mute[LM],mute[LM],mute[LM],mute[LM],mute[LM],mute[LM],mute[LM],mute[LM],mute[LM],mute[LM],mute[LM],mute[LM],K,5<UV>,5<UV>,mute[JKL],mute[HHH],Q;","(c2.G-1)[KL],(g1.d.g)[LM],#a1[LM],G-1[LM],g1[LM],(a1.d.g)[LM],g1[LM],(#a1.A-1)[KL],(c1.e.a)[LM],a1[LM],A-1[LM],c1[LM],(f1.e.a)[KL],(f1.A-1)[KL],(c1.e.a)[KL],(g1.A-1)[KL],(e.a)[KL],(g1.#A-1)[KL],(f.#a)[KL],#A-1[KL],(a1.f.#a)[LM],g1[LM],(f1.#A-1)[KL],(f.#a)[KL],(c1.#A-1)[KL],(f.#a)[KL],(f1.c)[KL],(c1.g)[KL],(e1.c)[KL],(c1.g)[LM],e1[LM],(f1.#c)[LM],d1[LM],(a.#c1)[LM],f1[LM],(g1.#c)[LM],c1[LM],(f1.a.#c1)[LM],g1[LM],a1[KL],d1[LM],a1[LM],(d.f.a.d1.D-1.A-1.F-1)[LM],d1[LM],(a1.d.A-1.d1.f1)[LM],d1[LM],(a1.D-1.d1.f1.A-1.F-1.d)[KL],(d1.A-1.d)[LM],(a1.d1.f1)[LM],(D-1.A-1.F-1.d)[LM],d1[LM],(#a1.A-1.d.d1.f1)[LM],d1[LM],(e.g.c1.e1.a1.E-1.c.G-1)[KL],(e1.c.e)[LM],(a1.c1.e1)[LM],(E-1.c.G-1.e)[LM],e1[LM],(a1.c.e.c1.e1)[LM],e1[LM],(a1.E-1.c1.e1.c.G-1.e)[KL],(e1.c.e)[LM],(a1.c1.e1)[LM],(E-1.c.G-1.e)[LM],e1[LM],(#a1.c.e.c1.e1)[LM],e1[LM],(f.a.c1.f1.c2.F-1.a1.A-1.c)[KL],(f1.c.f)[LM],(c2.f1.a1)[LM],(F-1.A-1.c.f)[LM],f1[LM],(c2.c.f.f1.a1)[LM],f1[LM],(f2.F-1.f1.a1.A-1.c.f)[KL],(f1.c.f)[LM],(f2.f1.a1)[LM],(F-1.A-1.c.f)[LM],f1[LM],(e2.c.f.f1.a1)[LM],f1[LM],(d1.f1.#a1.#a.e2.#A-1.f.d)[KL],(f1.f.#a)[LM],(e2.f1.#a1)[LM],(#A-1.f.d.#a)[LM],f1[LM],(f2.f.#a.f1.#a1)[KL],(f1.c1.a1.a.f2.A-1.c.f)[LM],f1[LM],(c2.f.a)[LM],f1[LM],(g2.A-1.f1.a1.c.f.a)[KL],(f.a)[KL],(d1.#a.g1.g.e2.e1.G-1.#A-1.d)[KL],(d.g)[LM],(e1.g1)[LM],(G-1.#A-1.d.g)[KL],(f2.f1.d.g.e1.g1)[KL],(G-1.e1.g1.#A-1.d.g)[KL],(d.g)[LM],(e1.g1)[LM],(c3.c2.G-1.f2.#A-1.d.g)[KL],(d.g.e1.g1)[KL],(c1.e1.a1.a.#a2.#a1.A-1.c2.f1.c.e)[KL],(e.a)[LM],(f1.a1)[LM],(a2.a1.A-1.c2.c.e.a)[KL],(e.a.f1.a1)[KL],(f2.f1.A-1.c2.a1.c.e.a)[KL],(e.a)[LM],(f1.a1)[LM],(g2.g1.A-1.e2.c.e.a)[KL],(e.a.f1.a1)[KL],(d1.f1.#a1.#a.g2.g1.#A-1.d2.d.f)[KL],(f.#a)[L],f1[M],#a1[LM],(#A-1.d.f.#a)[KL],(a2.a1.f.#a.f1.#a1)[LM],(g2.g1)[LM],(f2.f1.#A-1.d2.#a1.d.f.#a)[KL],(f.#a)[KL],(c2.c1.#A-1.g1.d.f.#a)[KL],(f.#a)[KL],(e1.c1.g1.c2.f2.f1.c.e.g)[KL],(g.c1)[KL],(e2.e1.c.e.g.c1)[KL],(g.c1)[KL],(e1.#c1.a1.#c2.f2.f1.#c.e.a)[KL],(a.#c1)[KL],(g2.g1.#c.e.a.#c1)[LM],c1[LM],(e1.a.#c1)[LM],g1[LM],(d.f.a.d1.a1.D-1.A-1.F-1.f1)[KL],(d1.A-1.d)[LM],(a1.d1.f1)[LM],(D-1.A-1.F-1.d)[LM],d1[LM],(a1.A-1.d.d1.f1)[LM],d1[LM],(a1.D-1.A-1.F-1.d.d1.f1)[KL],(d1.A-1.d)[LM],(a1.d1.f1)[LM],(D-1.A-1.F-1.d)[LM],d1[LM],(#a1.A-1.d.d1.f1)[LM],d1[LM],(e.g.c1.e1.a1.E-1.c.G-1)[KL],(e1.c.e)[LM],(a1.c1.e1)[LM],(E-1.c.G-1.e)[LM],e1[LM],(a1.c.e.c1.e1)[LM],e1[LM],(a1.E-1.c.G-1.e.c1.e1)[KL],(e1.c.e)[LM],(a1.c1.e1)[LM],(E-1.c.G-1.e)[LM],e1[LM],(#a1.c.e.c1.e1)[LM],e1[LM],(f.a.c1.f1.c2.F-1.A-1.c.a1)[KL],(f1.c.f)[LM],(c2.f1.a1)[LM],(F-1.A-1.c.f)[LM],f1[LM],(c2.c.f.f1.a1)[LM],f1[LM],(c2.F-1.A-1.c.f.f1.a1)[KL],(f1.c.f)[LM],(#a1.f1.c1)[LM],(F-1.A-1.c.f)[LM],f1[LM],(a1.c.f.f1.c1)[LM],f1[LM],(d1.f1.#a1.#a.#A-1.f.d)[KL],(#a.f)[LM],a1[LM],(#A-1.f.d.#a)[LM],(#a.f)[LM],(f1.f.#a)[KL],(f1.c1.a1.a.A-1.c.f)[KL],(f1.f.a)[LM],#a[LM],(f1.A-1.c.a.f)[LM],#a[LM],(c1.f.a)[KL],(d1.#a.g1.g.c2.G-1.#A-1.d)[KL],(g1.d.g)[LM],(c2.#a.d1)[LM],(G-1.#A-1.d.g)[LM],g1[LM],(c2.d.g.#a.d1)[LM],g1[LM],(c2.G-1.#A-1.d.g.#a.d1)[KL],(g1.d.g)[LM],(#a1.#a.d1)[LM],(G-1.#A-1.d.g)[LM],g1[LM],(a1.d.g.#a.d1)[LM],g1[LM],(c1.e1.a1.a.#a1.A-1.c.e)[KL],(c1.e.a)[LM],(a1.a.c1)[LM],(A-1.c.e.a)[LM],c1[LM],(f1.e.a.f)[KL],(f1.A-1.c.e.a)[KL],(c1.e.a.f)[KL],(g1.A-1.c.e.a.c1)[KL],(e.a)[KL],(d1.f1.#a1.#a.g1.#A-1.d.f.g)[KL],(f.#a)[KL],(#A-1.d.f.#a)[KL],(a1.f.#a)[LM],g1[LM],(f1.#A-1.f3.f2.d.f.g.#a)[KL],(f.#a)[KL],(c1.#A-1.#a.d.f)[KL],(f.#a)[KL],(e1.c1.g1.c2.f1.c.e3.e2.e.g.a)[KL],(c1.g)[KL],(e1.c.e.g.c1)[KL],(c1.g)[LM],e1[LM],(e1.#c1.a1.#c2.f1.#c.g3.g2.e.a)[LM],d1[LM],(a.#c1)[LM],f1[LM],(g1.#c.e.a.#c1)[LM],c1[LM],(f1.a.#c1)[LM],g1[LM],(d.f.a.d1.a1.D-1.a2.f1.A-1.F-1)[KL],(d1.A-1.d)[LM],(a1.d1.f1)[LM],(D-1.A-1.F-1.d)[LM],d1[LM],(a1.A-1.d.d1.f1)[LM],d1[LM],(a1.D-1.d1.f1.A-1.F-1.d)[KL],(d1.A-1.d)[LM],(a1.d1.f1)[LM],(D-1.A-1.F-1.d)[LM],d1[LM],(#a1.A-1.d.d1.f1)[LM],d1[LM],(e.g.c1.e1.a1.E-1.c3.c2.c.G-1)[KL],(e1.c.e)[LM],(a1.c1.e1)[LM],(E-1.c.G-1.e)[LM],e1[LM],(a1.c.e.c1.e1)[LM],e1[LM],(a1.E-1.c1.e1.c.G-1.e)[KL],(e1.c.e)[LM],(a1.c1.e1)[LM],(E-1.c.G-1.e)[LM],e1[LM],(#a1.c.e.c1.e1)[LM],e1[LM],(f.a.c1.f1.c2.F-1.f3.f2.a1.A-1.c)[KL],(f1.c.f)[LM],(c2.f1.a1)[LM],(F-1.A-1.c.f)[LM],f1[LM],(c2.c.f.f1.a1)[LM],f1[LM],(f2.F-1.f1.a1.A-1.c.f)[KL],(f1.c.f)[LM],(f2.f1.a1)[LM],(F-1.A-1.c.f)[LM],f1[LM],(e2.c.f.f1.a1)[LM],f1[LM],(d1.f1.#a1.#a.e2.#A-1.f3.f2.f.d)[KL],(f1.f.#a)[LM],(e2.f1.#a1)[LM],(#A-1.f.d.#a)[LM],f1[LM],(f2.f.#a.f1.#a1)[KL],(f1.c1.a1.a.f2.A-1.c.f)[LM],f1[LM],(c2.f.a)[LM],f1[LM],(g2.A-1.f1.a1.c.f.a)[KL],(f.a)[KL],(d1.#a.g1.g.e2.e1.G-1.g2.g3.#A-1.d)[KL],(d.g)[LM],(e1.g1)[LM],(G-1.#A-1.d.g)[KL],(f2.f1.d.g.e1.g1)[KL],(G-1.e1.g1.#A-1.d.g)[KL],(d.g)[LM],(e1.g1)[LM],(c3.c2.G-1.f2.#A-1.d.g)[KL],(d.g.e1.g1)[KL],(c1.e1.a1.a.#a2.#a1.A-1.a2.a3.c2.f1.c.e)[KL],(e.a)[LM],(f1.a1)[LM],(a2.a1.A-1.c2.c.e.a)[KL],(e.a.f1.a1)[KL],(f2.f1.A-1.c2.a1.c.e.a)[KL],(e.a)[LM],(f1.a1)[LM],(g2.g1.A-1.e2.c.e.a)[KL],(e.a.f1.a1)[KL],(d1.f1.#a1.#a.g2.g1.#A-1.#a2.#a3.d2.d.f)[KL],(f.#a)[L],f1[M],#a1[LM],(#A-1.d.f.#a)[KL],(a2.a1.f.#a.f1.#a1)[LM],(g2.g1)[LM],(f2.f1.#A-1.d2.#a1.d.f.#a)[KL],(f.#a)[KL],(c2.c1.#A-1.g1.d.f.#a)[KL],(f.#a)[KL],(e1.c1.g1.c2.f2.f1.c.c4.c3.e.g)[KL],(g.c1)[KL],(e2.e1.c.e.g.c1)[KL],(g.c1)[KL],(e1.#c1.a1.#c2.f2.f1.#c.#c4.#c3.e.a)[KL],(a.#c1)[KL],(g2.g1.#c.e.a.#c1)[KL],(a.#c1)[KL],(a.A-1.d.D-1.a1.c2.f1.f2)[KL],(e1.d.A-1)[LM],f1[LM],(g1.D-1.a.d.A-1)[LM],a1[LM],(a1.d2.d.A-1)[KL],(D-1.a.d.A-1)[KL],(f1.d.A-1)[KL],(f1.D-1.a.d.A-1)[LM],e1[LM],(f1.d.A-1)[LM],g1[LM],(a1.D-1.a.d.A-1)[LM],f1[LM],(a1.d.A-1)[LM],d2[LM],(f2.D-1.a.d.A-1)[LM],a1[LM],(d2.d.A-1)[LM],f2[LM],(#f2.D-1.a.d.A-1)[L],g2[L],#g2[L],(f2.a2.d.A-1)[KL],(D-1.a.d.A-1)[K],g2[M],#g2[M],(f2.a2.d.A-1)[KL],(b.B-1.e.E-1)[KL],(e2.g2.e.B-1)[KL],(E-1.b.e.B-1)[KL],(f2.e.B-1)[LM],e2[LM],(f2.E-1.b.e.B-1)[LM],e2[LM],(c2.e.B-1)[LM],g1[LM],(f1.E-1.b.e.B-1)[LM],g1[LM],(f1.e.B-1)[LM],e1[LM],(c1.c.f.F-1.e2.c2.a1)[KL],(f.c)[KL],(F-1.c1.c.f)[KL],(c2.a1.f2.f.c)[KL],(F-1.c1.c.f)[KL],(c2.e2.g2.f.c)[KL],(F-1.c1.c.f)[KL],(c2.a1.e2.f.c)[KL],(f1.f.#a.#A-1)[KL],(f1.a1.c2.#a.f)[KL],(#A-1.f1.f.#a)[KL],(f2.#a1.d2.#a.f)[KL],(#A-1.f1.f.#a)[KL],(f1.#a.f)[LM],e1[LM],(f1.#A-1.f.#a)[LM],e1[LM],(f1.#a.f)[LM],g1[LM],(a1.#A-1.f1.f.#a)[LM],f1[LM],(a1.#a.f)[LM],c2[LM],(d2.#A-1.f1.f.#a)[LM],#a1[LM],(f1.#a.f)[LM],d2[LM],(f2.#A-1.f1.f.#a)[LM],d2[LM],(#a1.#a.f)[LM],f2[LM],(a2.#A-1.f1.f.#a)[LM],f2[LM],(d2.#a.f)[LM],a2[LM],(f.G-1.c.C-1.g2)[LM],c2[LM],(e2.c.G-1)[L],f2[L],#f2[L],(g2.C-1.f.G-1.c)[LM],c2[LM],(e2.c.G-1)[L],f2[L],#f2[L],(g2.C-1.f.G-1.c)[LM],c2[LM],(e2.c.G-1)[L],f2[L],#f2[L],(g2.C-1.f.G-1.c)[LM],a2[LM],(#a2.c.G-1)[LM],b2[LM],(c3.f2.f3.C-1.f.G-1.c)[LM],#a2[LM],(a2.c.G-1)[LM],g2[LM],(f2.e2.e3.C-1.f.G-1.c)[LM],g2[LM],(f2.c.G-1)[LM],e2[LM],(c2.c3.C-1.f.G-1.c)[LM],g1[LM],(c2.c.G-1)[LM],d2[LM],(e2.#a1.#a2.C-1.f.G-1.c)[LM],c2[LM],(e2.c.G-1)[LM],g2[LM],(a.A-1.d.D-1.a1.f1.a2)[KL],(e1.d.A-1)[LM],f1[LM],(g1.D-1.a.d.A-1)[LM],a1[LM],(a1.d2.d.A-1)[KL],(D-1.a.d.A-1)[KL],(f1.d.A-1)[KL],(f1.D-1.a.d.A-1)[LM],e1[LM],(f1.d.A-1)[LM],g1[LM],(a1.f2.f3.D-1.a.d.A-1)[LM],f1[LM],(a1.d.A-1)[LM],d2[LM],(f2.D-1.a.d.A-1)[LM],a1[LM],(d2.d.A-1)[LM],f2[LM],(#f2.D-1.a.d.A-1)[L],g2[L],#g2[L],(f2.a2.d.A-1)[KL],(D-1.a.d.A-1)[K],g2[M],#g2[M],(f2.a2.d.A-1)[KL],(b.B-1.e.E-1.g2.g3)[KL],(e2.g2.e.B-1)[KL],(E-1.b.e.B-1)[KL],(f2.e.B-1)[LM],e2[LM],(f2.E-1.b.e.B-1)[L],e2[L],f2[L],(e2.e.B-1)[L],f2[L],e2[L],(f2.c2.c3.E-1.b.e.B-1)[LM],e2[LM],(f2.e.B-1)[LM],g2[LM],(c1.c.f.F-1.a2.f2.c3.c4)[KL],(f.c)[KL],(F-1.c1.c.f)[KL],(d2.f2.#a2.#a3.f.c)[KL],(F-1.c1.c.f)[KL],(d2.f2.a2.a3.f.c)[KL],(F-1.c1.c.f)[KL],(d2.#a1.g2.g3.f.c)[KL],(f1.f.#a.#A-1)[KL],(f2.#a1.a2.a3.#a.f)[KL],(#A-1.f1.f.#a)[KL],(d2.#a1.f2.f3.#a.f)[KL],(#A-1.f1.f.#a)[KL],(f1.#a.f)[LM],e1[LM],(f1.c2.c3.#A-1.f.#a)[LM],e1[LM],(f1.#a.f)[LM],g1[LM],(a1.g2.g3.#A-1.f1.f.#a)[LM],f1[LM],(a1.#a.f)[LM],c2[LM],(d2.#A-1.f1.f.#a)[LM],#a1[LM],(f1.#a.f)[LM],d2[LM],(f2.f3.#A-1.f1.f.#a)[LM],d2[LM],(#a1.#a.f)[LM],f2[LM],(a2.#A-1.f1.f.#a)[LM],f2[LM],(d2.#a.f)[LM],a2[LM],(f.G-1.c.C-1.g2.g3)[LM],c2[LM],(e2.c.G-1)[L],f2[L],#f2[L],(g2.C-1.f.G-1.c)[LM],c2[LM],(e2.c.G-1)[L],f2[L],#f2[L],(c3.C-1.f.G-1.c)[LM],g2[LM],(a2.c.G-1)[L],#a2[L],b2[L],(c3.c2.C-1.f.G-1.c)[LM],g2[LM],(e3.c.G-1)[L],f3[L],#f3[L],(g3.c3.c4.C-1.f.G-1.c)[LM],f3[LM],(e3.c.G-1)[LM],c3[LM],(g2.C-1.f.G-1.c)[LM],f2[LM],(e2.c.G-1)[LM],c2[LM],(e3.C-1.f.G-1.c)[LM],c3[LM],(g2.c.G-1)[LM],f2[LM],(e2.C-1.f.G-1.c)[L],f2[L],e2[L],(c2.c.G-1)[L],g1[L],e1[L],(a.A-1.d.D-1.a1.c2)[KL],(e1.d.A-1)[LM],f1[LM],(g1.D-1.a.d.A-1)[LM],a1[LM],(a1.d2.d.A-1)[KL],(D-1.a.d.A-1)[KL],(f1.d.A-1)[KL],(f1.D-1.a.d.A-1)[LM],e1[LM],(f1.d.A-1)[LM],g1[LM],(a1.D-1.a.d.A-1)[LM],f1[LM],(a1.d.A-1)[LM],d2[LM],(f2.D-1.a.d.A-1)[LM],a1[LM],(d2.d.A-1)[LM],f2[LM],(#f2.D-1.a.d.A-1)[L],g2[L],#g2[L],(f2.a2.d.A-1)[KL],(D-1.a.d.A-1)[K],g2[M],#g2[M],(f2.a2.d.A-1)[KL],(b.B-1.e.E-1.#a3.#a2)[KL],(e2.g2.e.B-1)[KL],(E-1.b.e.B-1)[KL],(f2.e.B-1)[LM],e2[LM],(f2.E-1.b.e.B-1)[LM],e2[LM],(c2.e.B-1)[LM],g1[LM],(f1.a3.a2.E-1.b.e.B-1)[LM],g1[LM],(f1.g3.g2.e.B-1)[LM],e1[LM],(c1.c.f.F-1.e2.c2.a1.a3.a2)[KL],(f.c)[KL],(F-1.c1.c.f)[KL],(c2.a1.f2.f.c)[KL],(F-1.c1.c.f)[KL],(c2.e2.g2.#a3.#a2.f.c)[KL],(a3.a2.F-1.c1.c.f)[KL],(c2.a1.e2.f3.f2.f.c)[KL],(f1.f.#a.#A-1.c3.c2)[KL],(f1.a1.c2.#a.f)[KL],(#A-1.f1.f.#a)[KL],(f2.#a1.d2.#a.f)[KL],(#A-1.f1.f.#a)[KL],(f1.#a.f)[LM],e1[LM],(f1.#A-1.f.#a)[LM],e1[LM],(f1.#a.f)[LM],g1[LM],(a1.d3.d2.#A-1.f1.f.#a)[LM],f1[LM],(a1.#a.f)[LM],c2[LM],(d2.#A-1.f1.f.#a)[LM],#a1[LM],(f1.#a.f)[LM],d2[LM],(f2.#A-1.f1.f.#a)[LM],d2[LM],(#a1.#a.f)[LM],f2[LM],(a2.#A-1.f1.f.#a)[LM],f2[LM],(d2.#a.f)[LM],a2[LM],(f.G-1.c.C-1.g2.e3.e2)[LM],c2[LM],(e2.c.G-1)[L],f2[L],#f2[L],(g2.C-1.f.G-1.c)[LM],c2[LM],(e2.c.G-1)[L],f2[L],#f2[L],(g2.C-1.f.G-1.c)[LM],c2[LM],(e2.c.G-1)[L],f2[L],#f2[L],(g2.c3.c2.C-1.f.G-1.c)[LM],a2[LM],(#a2.c.G-1)[LM],b2[LM],(c3.f3.f2.C-1.f.G-1.c)[LM],#a2[LM],(a2.c.G-1)[LM],g2[LM],(f2.e3.e2.C-1.f.G-1.c)[LM],g2[LM],(f2.c.G-1)[LM],e2[LM],(c2.c3.C-1.f.G-1.c)[LM],g1[LM],(c2.c.G-1)[LM],d2[LM],(e2.#a2.#a1.C-1.f.G-1.c)[LM],c2[LM],(e2.c.G-1)[LM],g2[LM],(a.A-1.d.D-1.a1.f1.a2)[KL],(e1.d.A-1)[LM],f1[LM],(g1.D-1.a.d.A-1)[LM],a1[LM],(a1.d2.d.A-1)[KL],(D-1.a.d.A-1)[KL],(f1.d.A-1)[KL],(f1.D-1.a.d.A-1)[LM],e1[LM],(f1.d.A-1)[LM],g1[LM],(a1.f3.f2.D-1.a.d.A-1)[LM],f1[LM],(a1.d.A-1)[LM],d2[LM],(f2.D-1.a.d.A-1)[LM],a1[LM],(d2.d.A-1)[LM],f2[LM],(#f2.D-1.a.d.A-1)[L],g2[L],#g2[L],(f2.a2.d.A-1)[KL],(D-1.a.d.A-1)[K],g2[M],#g2[M],(f2.a2.d.A-1)[KL],(b.B-1.e.E-1.g3.g2)[KL],(e2.g2.e.B-1)[KL],(E-1.b.e.B-1)[KL],(f2.e.B-1)[LM],e2[LM],(f2.E-1.b.e.B-1)[L],e2[L],f2[L],(e2.e.B-1)[L],f2[L],e2[L],(f2.c3.c2.E-1.b.e.B-1)[LM],e2[LM],(f2.e.B-1)[LM],g2[LM],(c1.c.f.F-1.a2.f2.c3.c4)[KL],(f.c)[KL],(F-1.c1.c.f)[KL],(c3.f3.d2.f2.#a2.#a3.f.c)[KL],(F-1.c1.c.f)[KL],(c3.e3.d2.f2.a2.a3.f.c)[KL],(F-1.c1.c.f)[KL],(c3.e3.d2.#a1.g2.g3.f.c)[KL],(f1.f.#a.#A-1)[KL],(d3.f3.f2.#a1.a2.a3.#a.f)[KL],(#A-1.f1.f.#a)[KL],(d3.f3.d2.#a1.f2.#a.f)[KL],(#A-1.f1.f.#a)[KL],(f1.#a.f)[LM],e1[LM],(f1.c3.c2.#A-1.f.#a)[LM],e1[LM],(f1.#a.f)[LM],g1[LM],(a1.f3.f2.#A-1.f1.f.#a)[LM],f1[LM],(a1.#a.f)[LM],c2[LM],(d2.#A-1.f1.f.#a)[LM],#a1[LM],(f1.g3.g2.#a.f)[LM],d2[LM],(f2.#A-1.f1.f.#a)[LM],d2[LM],(#a1.#a.f)[LM],f2[LM],(a2.a3.#A-1.f1.f.#a)[LM],f2[LM],(d2.#a.f)[LM],a2[LM],(f.G-1.c.C-1.g2.g3)[LM],c2[LM],(e2.c.G-1)[L],f2[L],#f2[L],(g2.C-1.f.G-1.c)[LM],c2[LM],(e2.c.G-1)[L],f2[L],#f2[L],(c3.C-1.f.G-1.c)[LM],g2[LM],(a2.c.G-1)[L],#a2[L],b2[L],(c3.c2.C-1.f.G-1.c)[LM],g2[LM],(e3.c.G-1)[L],f3[L],#f3[L],(g3.c4.c3.C-1.f.G-1.c)[LM],f3[LM],(e3.c.G-1)[LM],c3[LM],(g2.C-1.f.G-1.c)[LM],f2[LM],(e2.c.G-1)[LM],c2[LM],(e3.C-1.f.G-1.c)[LM],c3[LM],(g2.c.G-1)[LM],f2[LM],(e2.C-1.f.G-1.c)[L],f2[L],e2[L],(c2.c.G-1)[L],g1[L],e1[JKL],(a1.a.A-1.e2.a2.e1.e)[HHH],Q;"],"id":3,"instruments":["piano","piano"],"alternatives":["",""]}],"audition":{"start":[0,0],"end":[2,782]}}