{"baseBpm":120,"musics":[{"id":1,"baseBeats":0.25,"scores":["#f1[L],#f1[L],#f1[L],#a1[L];#d2[L],#d2[L],#d2[L],#c2[L];#a1[L],#a1[L],#a1[L],#a1[L];f1[L],f1[L],f1[L],#d1[L];V,#f2[M],#f2[M],#d2[M],#f2[M],#d2[M],#f2[M],#g2[M];#a2[L],#f2[M],#f2[M],#c2[M],#a2[LM];U,U,V,#f2[M],#f2[M],#f2[M];f2[LM],f2[M],f2[M],#d2[M],#f2[L];V,#f2[M],#f2[M],#d2[M],#f2[M],#d2[M],#f2[M],#g2[M];#a2[L],#f2[M],#f2[M],#c3[M],#a2[LM];U,U,V,#f2[M],#g2[KM],U,#a2[M],#a2[M],#a2[M];(#f2.#a2)[L],#f2[L],#f2[L],#a2[L];#d3[L],#d3[L],#d3[M],#a2[M],(#a2.#c3)[M],#a2[M];#a2[L],#a2[L],#a2[L],#a2[L];f2[L],f2[L],f2[M],#a2[M],#a2[M],#a2[M];(#f2.#a2)[L],#f2[L],#f2[L],#a2[L];#d3[L],#d3[L],#d3[M],#a2[M],(#a2.#c3)[M],#a2[M];#a2[L],#a2[L],#a2[L],#a2[L];f2[L],f2[L],f2[K],U,#a2[M],#a2[M],#a2[M];#d[L],(#f.#a)[L],#d[L],V,#f1[M];#d1[M],#c1[K],#f1[M],#c2[L];#a1[K],V,#f1[M],#c2[L];#a1[LM],#g1[L],#a2[M],#a2[M],#a2[M];#a2[K],V,#f1[M],#f1[L];b1[KLM],#c2[M];#a1[M],#c2[M],#a1[M],#c2[M],#a1[M],#c2[M],#a1[L];b1[LM],#d1[M],b1[L],#a1[L];#f1[M],#f1[M],#f1[M],#f1[M],#a1[M],#a1[M],#f2[M],f2[M];#d2[M],#d2[M],#d2[M],#d2[M],b2[L],#a2[L];#a1[M],#a1[M],#a1[M],#a1[M],#c2[M],b1[M],#a1[M],#f1[M];f1[M],f1[M],f1[M],#d2[M],b2[L],#a2[L];#f1[M],#f1[M],#f1[M],#f1[M],#a1[M],#a1[M],#f2[M],f2[M];#d1[M],#d1[M],#d1[M],#d1[M],b2[L],#c3[L];#a1[M],#a1[M],#a1[M],#a1[M],#c2[M],b1[M],#a1[M],#f1[M];f1[M],f1[M],f1[M],#d2[M],b2[L],#a2[L];U,U;","#d[J];B-1[J];#f[J];#c[J];#d[J];B-1[J];#f[J];#c[J];#d[J];B-1[J];#f[J];#c[J];#d[J];B-1[J];#f[J];#c[J];#d[J];B-1[J];#f[J];#c[JKM];#a2[KL],(#f.#a)[L];B-1[L],(#d.#f)[L],B-1[L],(#d.#f)[MN],#c2[N];#f[L],(#a.#c1)[L],#f[L],(#a.#c1)[MN],#c2[N];#c[L],(f.#g)[L],#c[L],(f.#g)[L];#d[L],(#f.#a)[L],#d[L],(#f.#a)[MN],#d[N];B-1[L],(#d.#f)[L],B-1[L],(#d.#f)[L];#f[L],(#a.#c1)[L],#f[L],(#a.#c1)[MN],#g1[N];#c[L],(f.#g)[L],#c[L],(f.#g)[L];#d[L],(#f.#a)[L],#d[L],(#f.#a)[L];B-1[L],(#d.#f)[L],B-1[L],(#d.#f)[L];#f[L],(#a.#c1)[L],#f[L],(#a.#c1)[L];#c[L],(f.#g)[L],#c[L],(f.#g)[L];#d[L],(#f.#a)[L],#d[L],(#f.#a)[L];B-1[L],(#d.#f)[L],B-1[L],(#d.#f)[L];#f[L],(#a.#c1)[L],#f[L],(#a.#c1)[L];#c[L],(f.#g)[L],#c[K];U,U;"]},{"id":2,"baseBeats":0.25,"scores":["g2[MN],g2[MN],e2[MN],e2[MN],#f2[MN],#f2[MN],d2[MN],d2[MN],e2[JL],V;e2[MN],g2[MN],g2[MN],e2[MN],e2[MN],#f2[MN],#f2[MN],d2[MN],d2[MN],c2[JL],V;e2[MN],g2[MN],g2[MN],e2[MN],e2[MN],#f2[MN],#f2[MN],d2[MN],d2[MN],e2[JL],V;g2[MN],g2[MN],e2[MN],e2[MN],#f2[MN],#f2[MN],d2[MN],d2[MN],c2[JL],V,V;b2[MN],e2[MN],e2[LM],b2[MN],e2[MN],e2[LM],b2[MN],e2[MN],e2[LM],b2[MN],e2[MN],e2[MN],d3[MN],c3[L],b2[M],a2[L],g2[M],e2[KL];c3[L],b2[M],a2[L],g2[M],e2[KL],b2[MN],e2[MN],e2[LM],b2[MN],e2[MN],e2[LM],b2[MN],e2[MN],e2[LM],b2[MN],e2[MN],e2[MN],d3[MN],c3[L],b2[M],a2[L],g2[M],e2[KM],e2[MN],c3[L],b2[M],a2[L],g2[M],e2[KLM],c3[KL],#f2[KM],#f2[M],b2[KMM],e2[KL],c3[KL],#f2[KM],#f2[M],b2[J],d3[L],b2[MN],c3[KL],#f2[KM],#f2[M],b2[KMM],e2[KL],c3[KL],#f2[KM],g2[M],g2[JK];g1[M],e1[M],g1[M],a1[MN],g1[MN],b1[LM],b1[MN],d2[L],g2[MN],#f2[M],d2[MN],b1[L],c3[MN],b2[M],g2[MN],#f2[L],g1[M],e1[M],g1[M],a1[MN],g1[MN],b1[LM],b1[MN],d2[L],g2[MN],#f2[M],d2[MN],b1[L],a2[MN],b2[M],#f2[MN],g2[L],g1[M],e1[M],g1[M],a1[MN],g1[MN],b1[LM],b1[MN],d2[L],g2[MN],#f2[M],d2[MN],b1[L],c3[MN],b2[M],g2[MN],#f2[L],g1[M],e1[M],g1[M],a1[MN],g1[MN],b1[LM],b1[MN],d2[L],g2[MN],#f2[M],d2[MN],b1[L],a2[MN],b2[M],#f2[MN],g2[IIM];","e[KL],e[KL],e[KL],e[K],V,V,W;c[KL],c[KL],c[KL],c[KM],V,W;e[KL],e[KL],e[KL],e[KM],c[KL],c[KL],c[KL],c[KL],(e.b)[LM],e[LM],e[LM],e[LM],(e.b)[LM],e[LM],e[LM],e[LM],(c.g)[LM],c[LM],c[LM],c[LM];(c.g)[LM],c[LM],c[LM],c[LM],(e.b)[LM],e[LM],e[LM],e[LM],(e.b)[LM],e[LM],e[LM],e[LM],(c.g)[LM],c[LM],c[LM],c[L],V,W;(c.g)[JKM],c[LM],(e.g)[LM],d[LM],(#f.a)[LM],g[LM],(b.d1)[LM],e[LM],(g.b)[LM],c[LM],(e.g)[LM],d[LM],(#f.a)[LM],g[LM],(b.d1)[LM],g[LM],(b.d1)[LN],c[LM],(e.g)[LM],d[LM],(#f.a)[LM],g[LM],(b.d1)[LM],e[LM],(g.b)[LM],c[LM],(e.g)[LM],d[LM],(#f.a)[LM],g[LM],(b.d1)[LM],g[LM],(b.d1)[LM];(E-1.B-1)[L],V;(#F-1.d)[L],V;(G-1.d)[L],V;(G-1.d)[L],V;(c.g)[L],V;(c.g)[L],V;(d.a)[L],V;(d.a)[L],V;(E-1.B-1)[L],V;(#F-1.d)[L],V;(G-1.d)[LM],V;(G-1.d)[L],V;(c.g)[L],V;(c.g)[L],V;(d.a)[L],V;(d.a)[L],V;(E-1.B-1)[L],V;(#F-1.d)[L],V;(G-1.d)[L],V;(G-1.d)[L],V;(c.g)[L],V;(c.g)[L],V;(d.a)[L],V;(d.a)[L],V;(E-1.B-1)[L],V;(#F-1.d)[L],V;(G-1.d)[L],V;(G-1.d)[L],V;(c.g)[L],V;(c.g)[L],V;(d.a)[IIKM];"]},{"id":3,"baseBeats":0.25,"scores":["#g1[L],#c2[L],(e2.e3)[K],a1[L],(#c2.#c3)[L],(a1.a2)[K],b1[L],#g1[L],e2[K],b1[L],#f2[L],#d2[K],#g1[L],#c2[L],(e2.e3)[K],a1[L],(#c2.#c3)[L],(a1.a2)[K],b1[L],#g1[L],e2[K],b1[L],#f2[L],#d2[K],#g1[L],#c2[L],(e2.e3)[K],a1[L],(#c2.#c3)[L],(a1.a2)[K],b1[L],#g1[L],e2[K],b1[L],#f2[L],#d2[K],#g1[L],#c2[L],(e2.e3)[K],a1[L],(#c2.#c3)[L],(a1.a2)[K],b1[L],#g1[L],e2[K],b1[L],#f2[L],#d2[K];#c2[L],#g2[M],#c3[M],e3[L];5<#c3[N],#d3[N]>;5<b2[N],#c3[N]>,#c3[L],e3[M],#c3[M],a2[K],#g2[L],#g2[M],#f2[M],e2[L];5<#c3[N],#g2[N]>;5<#f2[N],e2[N]>,#f2[M],#f2[M],#f2[M],#g2[M],#d2[K],#c2[L],#g2[M],#c3[M],e3[L];5<#c3[N],#d3[N]>;5<b2[N],#c3[N]>,#c3[L],e3[M],#c3[M],a2[K],#g2[L],#g2[M],#f2[M],e2[L];5<#c3[N],#g2[N]>;5<#f2[N],e2[N]>,#f2[M],#f2[M],#f2[M],#g2[M],#d2[K],#c2[L],#g2[M],#c3[M],e3[L];5<#c3[N],#d3[N]>;5<b2[N],#c3[N]>,#c3[L],e3[M],#c3[M],a2[K],#g2[L],#g2[M],#f2[M],e2[L];5<#c3[N],#g2[N]>;5<#f2[N],e2[N]>,#f2[M],#f2[M],#f2[M],#g2[M],#d2[K],#c2[L],#g2[M],#c3[M],e3[L];5<#c3[N],#d3[N]>;5<b2[N],#c3[N]>,#c3[L],e3[M],#c3[M],a2[K],#g2[L],#g2[M],#f2[M],e2[L];5<#c3[N],#g2[N]>;5<#f2[N],e2[N]>,#f2[M],#f2[M],#f2[M],#g2[M],#d2[K];(#c2.#c3)[M],(#c2.#c3)[M],(#g2.#g3)[M],(#c3.#c4)[M],(e3.e4)[M],(e3.e4)[M];5<(#d3.#d4)[N],(#c3.#c4)[N]>;5<(b2.b3)[N],(#c3.#c4)[N]>,(#c3.#c4)[M],(#c3.#c4)[M],(e3.e4)[M],(#c3.#c4)[M],(a2.a3)[M],(a2.a3)[M],(a2.a3)[M],(a2.a3)[M],(#g2.#g3)[M],(#g2.#g3)[M],(#g2.#g3)[M],(#f2.#f3)[M],(e2.e3)[M],(e2.e3)[M];5<(#c3.#c4)[N],(#g2.#g3)[N]>;5<(#f2.#f3)[N],(e2.e3)[N]>,(#f2.#f3)[M],(#f2.#f3)[M],(#f2.#f3)[M],(#g2.#g3)[M],(#d2.#d3)[M],(#d2.#d3)[M],(#d2.#d3)[M],(#d2.#d3)[M],(#c2.#c3)[M],(#c2.#c3)[M],(#g2.#g3)[M],(#c3.#c4)[M],(e3.e4)[M],(e3.e4)[M];5<(#d3.#d4)[N],(#c3.#c4)[N]>;5<(b2.b3)[N],(#c3.#c4)[N]>,(#c3.#c4)[M],(#c3.#c4)[M],(e3.e4)[M],(#c3.#c4)[M],(a2.a3)[M],(a2.a3)[M],(a2.a3)[M],(a2.a3)[M],(#g2.#g3)[M],(#g2.#g3)[M],(#g2.#g3)[M],(#f2.#f3)[M],(e2.e3)[M],(e2.e3)[M];5<(#c3.#c4)[N],(#g2.#g3)[N]>;5<(#f2.#f3)[N],(e2.e3)[N]>,(#f2.#f3)[M],(#f2.#f3)[M],(#f2.#f3)[M],(#g2.#g3)[M],(#d2.#d3)[M],(#d2.#d3)[M],(#d2.#d3)[M],(#d2.#d3)[M],(#c2.#c3)[M],(#c2.#c3)[M],(#g2.#g3)[M],(#c3.#c4)[M],(e3.e4)[M],(e3.e4)[M];5<(#d3.#d4)[N],(#c3.#c4)[N]>;5<(b2.b3)[N],(#c3.#c4)[N]>,(#c3.#c4)[M],(#c3.#c4)[M],(e3.e4)[M],(#c3.#c4)[M],(a2.a3)[M],(a2.a3)[M],(a2.a3)[M],(a2.a3)[M],(#g2.#g3)[M],(#g2.#g3)[M],(#g2.#g3)[M],(#f2.#f3)[M],(e2.e3)[M],(e2.e3)[M];5<(#c3.#c4)[N],(#g2.#g3)[N]>;5<(#f2.#f3)[N],(e2.e3)[N]>,(#f2.#f3)[M],(#f2.#f3)[M],(#f2.#f3)[M],(#g2.#g3)[M],(#d2.#d3)[M],(#d2.#d3)[M],(#d2.#d3)[M],(#d2.#d3)[M],(#c2.#c3)[M],(#c2.#c3)[M],(#g2.#g3)[M],(#c3.#c4)[M],(e3.e4)[M],(e3.e4)[M];5<(#d3.#d4)[N],(#c3.#c4)[N]>;5<(b2.b3)[N],(#c3.#c4)[N]>,(#c3.#c4)[M],(#c3.#c4)[M],(e3.e4)[M],(#c3.#c4)[M],(a2.a3)[M],(a2.a3)[M],(a2.a3)[M],(a2.a3)[M],(#g2.#g3)[M],(#g2.#g3)[M],(#g2.#g3)[M],(#f2.#f3)[M],(e2.e3)[M],(e2.e3)[M];5<(#c3.#c4)[N],(#g2.#g3)[N]>;5<(#f2.#f3)[N],(e2.e3)[N]>,(#f2.#f3)[M],(#f2.#f3)[M],(#f2.#f3)[M],(#g2.#g3)[M],(#d2.#d3)[M],(#d2.#d3)[M],(#d2.#d3)[M],(#d2.#d3)[M],U;","(#c.e.#g.#c1)[J],(A-1.#c.e.a)[J],(e.#g.b.e1)[J],(B-1.#d.#f.b)[J],(#c.e.#g.#c1)[J],(A-1.#c.e.a)[J],(e.#g.b.e1)[J],(B-1.#d.#f.b)[J],(#c.e.#g.#c1)[J],(A-1.#c.e.a)[J],(e.#g.b.e1)[J],(B-1.#d.#f.b)[J],(#c.e.#g.#c1)[J],(A-1.#c.e.a)[J],(e.#g.b.e1)[J],(B-1.#d.#f.b)[J];#c[M],(e.#g.#c1)[M],#c[M],(e.#g.#c1)[M],#c[M],(e.#g.#c1)[M],#c[M],(e.#g.#c1)[M],A-1[M],(#c.e.a)[M],A-1[M],(#c.e.a)[M],A-1[M],(#c.e.a)[M],A-1[M],(#c.e.a)[M],e[M],(#g.b.e1)[M],e[M],(#g.b.e1)[M],e[M],(#g.b.e1)[M],e[M],(#g.b.e1)[M],B-1[M],(#d.#f.b)[M],B-1[M],(#d.#f.b)[M],B-1[M],(#d.#f.b)[M],B-1[M],(#d.#f.b)[M],#c[M],(e.#g.#c1)[M],#c[M],(e.#g.#c1)[M],#c[M],(e.#g.#c1)[M],#c[M],(e.#g.#c1)[M],A-1[M],(#c.e.a)[M],A-1[M],(#c.e.a)[M],A-1[M],(#c.e.a)[M],A-1[M],(#c.e.a)[M],e[M],(#g.b.e1)[M],e[M],(#g.b.e1)[M],e[M],(#g.b.e1)[M],e[M],(#g.b.e1)[M],B-1[M],(#d.#f.b)[M],B-1[M],(#d.#f.b)[M],B-1[M],(#d.#f.b)[M],B-1[M],(#d.#f.b)[M],#c[M],(e.#g.#c1)[M],#c[M],(e.#g.#c1)[M],#c[M],(e.#g.#c1)[M],#c[M],(e.#g.#c1)[M],A-1[M],(#c.e.a)[M],A-1[M],(#c.e.a)[M],A-1[M],(#c.e.a)[M],A-1[M],(#c.e.a)[M],e[M],(#g.b.e1)[M],e[M],(#g.b.e1)[M],e[M],(#g.b.e1)[M],e[M],(#g.b.e1)[M],B-1[M],(#d.#f.b)[M],B-1[M],(#d.#f.b)[M],B-1[M],(#d.#f.b)[M],B-1[M],(#d.#f.b)[M],#c[M],(e.#g.#c1)[M],#c[M],(e.#g.#c1)[M],#c[M],(e.#g.#c1)[M],#c[M],(e.#g.#c1)[M],A-1[M],(#c.e.a)[M],A-1[M],(#c.e.a)[M],A-1[M],(#c.e.a)[M],A-1[M],(#c.e.a)[M],e[M],(#g.b.e1)[M],e[M],(#g.b.e1)[M],e[M],(#g.b.e1)[M],e[M],(#g.b.e1)[M],B-1[M],(#d.#f.b)[M],B-1[M],(#d.#f.b)[M],B-1[M],(#d.#f.b)[M],B-1[M],(#d.#f.b)[M];(#c.e.#g.#c1)[L],(#c.e.#g.#c1)[L],(#c.e.#g.#c1)[L],(#c.e.#g.#c1)[L],(A-1.#c.e.a)[L],(A-1.#c.e.a)[L],(A-1.#c.e.a)[L],(A-1.#c.e.a)[L],(e.#g.b.e1)[L],(e.#g.b.e1)[L],(e.#g.b.e1)[L],(e.#g.b.e1)[L],(B-1.#d.#f.b)[L],(B-1.#d.#f.b)[L],(B-1.#d.#f.b)[L],(B-1.#d.#f.b)[L],(#c.e.#g.#c1)[L],(#c.e.#g.#c1)[L],(#c.e.#g.#c1)[L],(#c.e.#g.#c1)[L],(A-1.#c.e.a)[L],(A-1.#c.e.a)[L],(A-1.#c.e.a)[L],(A-1.#c.e.a)[L],(e.#g.b.e1)[L],(e.#g.b.e1)[L],(e.#g.b.e1)[L],(e.#g.b.e1)[L],(B-1.#d.#f.b)[L],(B-1.#d.#f.b)[L],(B-1.#d.#f.b)[L],(B-1.#d.#f.b)[L],(#c.e.#g.#c1)[L],(#c.e.#g.#c1)[L],(#c.e.#g.#c1)[L],(#c.e.#g.#c1)[L],(A-1.#c.e.a)[L],(A-1.#c.e.a)[L],(A-1.#c.e.a)[L],(A-1.#c.e.a)[L],(e.#g.b.e1)[L],(e.#g.b.e1)[L],(e.#g.b.e1)[L],(e.#g.b.e1)[L],(B-1.#d.#f.b)[L],(B-1.#d.#f.b)[L],(B-1.#d.#f.b)[L],(B-1.#d.#f.b)[L],(#c.e.#g.#c1)[L],(#c.e.#g.#c1)[L],(#c.e.#g.#c1)[L],(#c.e.#g.#c1)[L],(A-1.#c.e.a)[L],(A-1.#c.e.a)[L],(A-1.#c.e.a)[L],(A-1.#c.e.a)[L],(e.#g.b.e1)[L],(e.#g.b.e1)[L],(e.#g.b.e1)[L],(e.#g.b.e1)[L],(B-1.#d.#f.b)[L],(B-1.#d.#f.b)[L],(B-1.#d.#f.b)[L],(B-1.#d.#f.b)[L];"]}]}