{"baseBpm":200,"musics":[{"id":1,"baseBeats":0.5,"scores":["mute[L],mute[L],mute[L],mute[L],mute[L],mute[L],mute[L],mute[L],mute[L],mute[L],mute[L],mute[L],mute[L],mute[L],mute[L],mute[L],mute[L],mute[L],mute[L],mute[L],mute[L],mute[L],mute[L],mute[L],mute[L],mute[L],mute[L],mute[L],mute[L],mute[L],mute[L],mute[L],mute[L],mute[L],mute[L],mute[L],mute[L],mute[L],mute[L],mute[LNO],mute[LNO],mute[LM],mute[LM],mute[LMO],mute[LMO],mute[LMNO],mute[LMNO],mute[KN],mute[KN],mute[L],mute[L],mute[L],mute[L],mute[L],mute[L],mute[L],mute[L],mute[L],mute[L],mute[L],mute[L],mute[L],mute[L],mute[L],mute[L],mute[L],mute[L],mute[L],mute[L],mute[L],mute[L],mute[L],mute[L],mute[L],mute[L],mute[L],mute[L],mute[L],mute[L],mute[L],mute[L],mute[L],mute[L],mute[L],mute[L],mute[L],mute[L],mute[L],mute[L],mute[L],mute[LNO],mute[LNO],mute[LM],mute[LM],mute[LMO],mute[LMO],mute[LMNO],mute[LMNO],mute[KN],mute[KN],mute[KMN],mute[KMN],mute[L],mute[L],mute[L],mute[L],mute[L],mute[L],mute[L],mute[L],mute[L],mute[L],mute[L],mute[L],mute[L],mute[L],mute[L],mute[L],mute[L],mute[L],mute[L],mute[L],mute[L],mute[L],mute[L],mute[L],mute[L],mute[L],mute[L],mute[L],mute[L],mute[L],mute[L],mute[L],mute[L],mute[L],mute[L],mute[L],mute[L],mute[L],mute[L],mute[L],mute[L],mute[L],mute[L],mute[L],mute[L],mute[L],mute[L],mute[L],mute[L],mute[L],mute[L],mute[L],mute[L],mute[L],mute[L],mute[L],mute[L],mute[L],mute[L],mute[L],mute[L],mute[L],mute[L],mute[L],mute[L],mute[L],mute[L],mute[L],mute[L],mute[L],mute[L],mute[L],mute[L],mute[L],mute[L],mute[L],mute[L],mute[L],mute[L],mute[L],mute[L],mute[L],mute[L],mute[L],mute[L],mute[L],mute[L],mute[L],mute[L],mute[L],mute[L],mute[L],mute[L],mute[L],mute[L],mute[L],mute[L],mute[L],mute[L],mute[L],mute[L],mute[L],mute[L],mute[L],mute[L],mute[L],mute[L],mute[KO],mute[L],mute[L],mute[L],mute[L],mute[L],mute[L],mute[L],mute[L],mute[L],mute[L],mute[L],mute[L],mute[L],mute[L],mute[L],mute[L],mute[L],mute[L],mute[L],mute[L],mute[L],mute[L],mute[L],mute[L],mute[L],mute[L],mute[L],mute[L],mute[L],mute[L],mute[L],mute[L],mute[L],mute[L],mute[L],mute[KO],mute[L],mute[L],mute[L],mute[L],mute[L],mute[L],mute[L],mute[L],mute[L],mute[L],mute[L],mute[L],mute[L],mute[KO],mute[KO],mute[L],mute[L],mute[L],mute[L],mute[L],mute[L],mute[L],mute[L],mute[L],mute[L],mute[L],mute[L],mute[L],mute[KO],mute[KO],mute[L],mute[L],mute[L],mute[L],mute[L],mute[L],mute[L],mute[L],mute[L],mute[L],mute[L],mute[L],mute[L],mute[KO],mute[KO],mute[L],mute[L],mute[L],mute[L],mute[L],mute[L],mute[L],mute[L],mute[L],mute[L],mute[L],mute[L],mute[L],mute[KO],mute[LM],mute[L],mute[L],mute[L],mute[KL],mute[L],mute[L],mute[L],mute[KL],mute[L],mute[L],mute[L],mute[KL],mute[L],mute[L],mute[L],mute[KL],mute[L],mute[L],mute[L],mute[KL],mute[L],mute[L],mute[L],mute[KL],mute[LMN],mute[LMN],mute[L],mute[L],mute[K],mute[L],mute[L],mute[L],mute[L],mute[L],mute[L],mute[LNO],mute[KO],mute[KO],mute[L],mute[L],mute[L],mute[L],mute[L],mute[L],mute[L],mute[L],mute[L],mute[L],mute[L],mute[L],mute[L],mute[KO],mute[KO],mute[L],mute[L],mute[L],mute[L],mute[L],mute[L],mute[L],mute[L],mute[L],mute[L],mute[L],mute[L],mute[L],mute[KO],mute[KO],mute[L],mute[L],mute[L],mute[L],mute[L],mute[L],mute[L],mute[L],mute[L],mute[L],mute[L],mute[L],mute[L],mute[KO],mute[KO],mute[L],mute[L],mute[L],mute[L],mute[L],mute[L],mute[L],mute[L],mute[L],mute[L],mute[L],mute[L],mute[L],mute[KLMO];","e1[L],e2[L],#c1[L],#c2[L],e1[L],e2[L],b[L],b1[L],e1[L],e2[L],a[L],a1[L],e1[L],e2[L],#g[L],#g1[L],e1[L],e2[L],#f[L],#f1[L],#d1[L],b1[L],#c1[L],a1[L],b[L],#g1[L],a[L],#f1[L],b[L],#g1[L],#c1[L],a1[L],#g[LO],(b1.e1)[LO],B-1[LO],b[LO],#f[LN],#d1[LN],B-2[LNO],b[LNO],#g[LM],(b1.e1)[LM],B-1[LMO],b[LMO],#f[LMNO],#d1[LMNO],B-2[KN],b[KN],e1[LO],e2[LO],#c1[LO],#c2[LO],e1[LO],e2[LO],b[LO],b1[LO],e1[LO],e2[LO],a[LO],a1[LO],e1[LO],e2[LO],#g[LO],#g1[LO],e1[LO],e2[LO],#f[LO],#f1[LO],#d1[LO],b1[LO],#c1[LO],a1[LO],b[LO],#g1[LO],a[LO],#f1[LO],b[LO],#g1[LO],#c1[LO],a1[LO],a[LN],(#c2.#f1)[LN],#c[LN],#c1[LN],#g[LNO],e1[LNO],#C-1[LM],#c1[LM],a[LMO],(#c2.#f1)[LMO],#c[LMNO],#c1[LMNO],#g[KN],e1[KN],#C-1[KMN],#c1[KMN],e1[LO],e2[LO],#c1[LO],#c2[LO],e1[LO],e2[LO],#d1[LO],b1[LO],e1[LO],e2[LO],#c1[LO],a1[LO],e1[LO],e2[LO],b[LO],#g1[LO],e1[LO],e2[LO],#a[LO],g1[LO],#d2[LO],b2[LO],#c2[LO],#a2[LO],#a1[LO],g2[LO],g1[LO],e2[LO],e1[LO],#c2[LO],#c1[LO],#a1[LO],e[LO],(e1.e2)[LO],#c[LO],(#c1.#c2)[LO],e[LO],(e1.e2)[LO],#d[LO],(b.b1)[LO],e[LO],(e1.e2)[LO],#c[LO],(a.a1)[LO],e[LO],(e1.e2)[LO],B-1[LO],(#g.#g1)[LO],e[LO],(e1.e2)[LO],#A-1[LO],(g.g1)[LO],#d1[LO],b1[LO],#c1[LO],#a1[LO],#a[LO],g1[LO],g[LO],e1[LO],e[LO],#c1[LO],#c[LO],#a[LO],B-1[LO],#g1[LO],#G-2[LO],#g[LO],e[LO],#c1[LO],#d[LO],b[LO],b[LO],#g2[LO],#G-1[LO],#g1[LO],e1[LO],#c2[LO],#d1[LO],b1[LO],b1[LO],#g3[LO],#g[LO],#g2[LO],e2[LO],#c3[LO],#d2[LO],b2[LO],e2[LO],#d2[LO],b1[LO],#g1[LO],e1[LO],#d1[LO],b[LN],#g[KO],#g1[LO],#F-2[LO],#g[LO],e[LO],#c1[LO],#d[LO],c1[LO],c1[LO],#g2[LO],#F-1[LO],#g1[LO],e1[LO],#c2[LO],#d1[LO],c2[LO],c2[LO],#g3[LO],#f[LO],#g2[LO],e2[LO],#c3[LO],#d2[LO],c3[LO],e2[LO],#d2[LO],c2[LO],#g1[LO],e1[LO],#d1[LO],c1[LO],#g[LN],(E-2.E-1)[KO],(#c2.#c3)[L],(e.a.#c1.e1)[LO],e2[L],(e.a.#c1.e1)[LO],(b1.b2)[LO],(e.a.#c1.e1)[LO],e2[L],(e.a.#c1.e1)[LO],(a1.a2)[LO],(e.a.#c1.e1)[LO],e2[L],(e.a.#c1.e1)[LO],(#g1.#g2)[KO],(E-1.e)[KO],(#f1.#f2)[L],(e.#f.a.#c1)[LO],a1[L],(e.#f.a.#c1)[LO],(e1.e2)[LO],(e.#f.a.#c1)[LO],a1[L],(e.#f.a.#c1)[LO],(d1.d2)[LO],(e.a.#f1)[LO],a1[L],(e.a.#f1)[LO],(#c1.#c2)[KO],(E-2.E-1)[KO],(d2.d3)[L],(e.#f.b.d1)[LO],#f2[L],(e.#f.b.d1)[LO],(#c2.#c3)[LO],(e.#f.b.d1)[LO],#f2[L],(e.#f.b.d1)[LO],(b1.b2)[LO],(e.#f.b.d1)[LO],#f2[L],(e.#f.b.d1)[LO],(a1.a2)[KO],(E-1.e)[KO],(#g1.#g2)[L],(e.#g.b.d1)[LO],b1[L],(e.#g.b.d1)[LO],(#f1.#f2)[LO],(e.#g.b.d1)[LO],b1[L],(e.#g.b.d1)[LO],(e1.e2)[LO],(e.#g.b.d1)[LO],#g1[L],(e.#g.b.e1)[LO],(d1.d2)[KO],#c2[LM],#c1[MN],(F-1.f)[MN],a1[MN],#c1[MN],#g1[MN],b[MN],d2[LM],d1[MN],(#F-1.#f)[MN],#g1[MN],b[MN],#f1[MN],a[MN],e2[LM],e1[MN],(#G-1.#g)[MN],c2[MN],e1[MN],b1[MN],d1[MN],f2[LM],f1[MN],(A-1.a)[MN],b1[MN],d1[MN],a1[MN],c1[MN],g2[LM],g1[MN],(B-1.b)[MN],#d2[MN],g1[MN],d2[MN],f1[MN],#g2[LM],#g1[MN],(c.c1)[MN],d2[MN],f1[MN],c2[MN],#d1[MN],#a2[LM],#a1[MNO],(d.d1)[MNO],#d2[MNO],(c.c1)[MNO],d2[L],(#A-1.#a)[L],b2[K],b1[LO],(#G-1.#g)[LO],#f2[LN],(D-1.d)[LN],f2[LN],(#C-1.#c)[LNO],(#F-2.#F-1)[KO],(#d3.#d4)[KO],(#f3.#f1)[LO],#d1[L],(#c3.#c4.b)[LO],#f[LO],(#f3.#g1)[LO],#d1[L],(b2.b3.b)[LO],#f[L],(#d3.#a1)[LO],#d1[L],(#a2.#a3.b)[LO],#f[LO],#F-1[KO],(#g2.#g3)[KO],(b2.b1)[LO],#g1[L],(#f2.#f3.#d1)[LO],b[LO],(b2.#c2)[LO],#g1[L],(e2.e3.#d1)[LO],b[L],(#g2.#d2)[LO],#g1[L],(#d2.#d3.#d1)[LO],b[LO],(#F-2.#F-1)[KO],(e3.e4)[KO],(#g3.e1)[LO],#c1[L],(#d3.#d4.#g)[LO],e[LO],(#g3.#f1)[LO],#c1[L],(#c3.#c4.#g)[LO],e[L],(e3.#g1)[LO],#c1[L],(b2.b3.#g)[LO],e[LO],(#F-1.#f)[KO],(a2.a3)[KO],(#c3.a1)[LO],e1[L],(#g2.#g3.#c1)[LO],a[LO],(#c3.b1)[LO],e1[L],(#f2.#f3.#c1)[LO],a[L],(a2.#c2)[LO],e1[L],(e2.e3.#c1)[LO],a[LO],(d2.a2.d3.#f.d1.#f1)[KLMO];"]},{"id":2,"baseBeats":0.5,"scores":["mute[L],mute[L],mute[L],mute[L],mute[L],mute[L],mute[L],mute[L],mute[L],mute[L],mute[L],mute[L],mute[L],mute[L],mute[L],mute[L],mute[L],mute[L],mute[L],mute[L],mute[L],mute[L],mute[L],mute[LNO],mute[L],mute[L],mute[L],mute[L],mute[L],mute[L],mute[L],mute[L],mute[L],mute[L],mute[L],mute[L],mute[L],mute[L],mute[L],mute[L],mute[L],mute[L],mute[L],mute[L],mute[L],mute[L],mute[L],mute[LNO],mute[L],mute[L],mute[L],mute[L],mute[L],mute[L],mute[L],mute[L],mute[L],mute[L],mute[L],mute[L],mute[L],mute[L],mute[L],mute[L],mute[L],mute[L],mute[L],mute[L],mute[L],mute[L],mute[LNO],mute[L],mute[L],mute[L],mute[L],mute[L],mute[L],mute[L],mute[L],mute[L],mute[L],mute[L],mute[L],mute[L],mute[L],mute[L],mute[L],mute[L],mute[L],mute[L],mute[L],mute[L],mute[L],mute[L],mute[L],mute[L],mute[L],mute[L],mute[L],mute[L],mute[L],mute[L],mute[L],mute[L],mute[L],mute[L],mute[L],mute[L],mute[L],mute[L],mute[L],mute[L],mute[L],mute[L],mute[L],mute[L],mute[L],mute[L],mute[L],mute[L],mute[L],mute[L],mute[L],mute[L],mute[L],mute[L],mute[L],mute[L],mute[L],mute[L],mute[L],mute[L],mute[L],mute[L],mute[L],mute[L],mute[L],mute[L],mute[L],mute[JLMN],mute[LMNO],mute[KMNO],mute[L],mute[IILO],mute[L],mute[L],mute[L],mute[L],mute[L],mute[L],mute[L],mute[L],mute[L],mute[L],mute[L],mute[L],mute[L],mute[L],mute[L],mute[L],mute[L],mute[L],mute[L],mute[L],mute[L],mute[L],mute[L],mute[L],mute[L],mute[L],mute[L],mute[L],mute[L],mute[L],mute[L],mute[L],mute[L],mute[L],mute[L],mute[L],mute[L],mute[L],mute[L],mute[L],mute[L],mute[L],mute[JLMN],mute[L],mute[L],mute[L],mute[L],mute[L],mute[L],mute[L],mute[L],mute[L],mute[L],mute[L],mute[L],mute[L],mute[L],mute[L],mute[L],mute[L],mute[L],mute[L],mute[L],mute[L],mute[L],mute[L],mute[L],mute[L],mute[L],mute[L],mute[L],mute[L],mute[L],mute[L],mute[L],mute[L],mute[L],mute[L],mute[L],mute[L],mute[L],mute[L],mute[L],mute[L],mute[L],mute[L],mute[L],mute[L],mute[L],mute[L],mute[L],mute[L],mute[L],mute[L],mute[L],mute[L],mute[L],mute[L],mute[L],mute[L],mute[L],mute[L],mute[L],mute[L],mute[L],mute[L],mute[L],mute[L],mute[L],mute[L],mute[L],mute[L],mute[L],mute[L],mute[L],mute[L],mute[L],mute[L],mute[L],mute[L],mute[L],mute[L],mute[L],mute[L],mute[L],mute[L],mute[L],mute[L],mute[L],mute[L],mute[LNO],mute[LNO],mute[LNO],mute[LNO],mute[LNO],mute[LNO],mute[LNO],mute[LNO],mute[K],mute[L],mute[L],mute[L],mute[L],mute[L],mute[L],mute[L],mute[L],mute[L],mute[L],mute[L],mute[L],mute[L],mute[L],mute[L],mute[L],mute[L],mute[L],mute[L],mute[L],mute[L],mute[L],mute[L],mute[L],mute[L],mute[L],mute[L],mute[L],mute[L],mute[L],mute[L],mute[L],mute[L],mute[L],mute[L],mute[L],mute[L],mute[L],mute[LNO],mute[LM],mute[LM],mute[LMO],mute[LMO],mute[LMNO],mute[LMNO],mute[KN],mute[KN],mute[L],mute[L],mute[L],mute[L],mute[L],mute[L],mute[L],mute[L],mute[L],mute[L],mute[L],mute[L],mute[L],mute[L],mute[L],mute[L],mute[L],mute[L],mute[L],mute[L],mute[L],mute[L],mute[L],mute[L],mute[L],mute[L],mute[L],mute[L],mute[L],mute[L],mute[L],mute[L],mute[L],mute[L],mute[L],mute[L],mute[L],mute[L],mute[L],mute[L],mute[L],mute[L],mute[LNO],mute[LM],mute[LM],mute[LMO],mute[LMO],mute[LMNO],mute[LMNO],mute[KN],mute[KN],mute[KMN],mute[KMN];","#f1[MN],b1[MN],a1[MN],d2[MN],#f2[MN],b2[MN],a2[MN],(d3.#f.#f1)[MNO],#f3[MN],b3[MN],a3[MN],(d4.f.#g.b.d1.f1)[MNO],b3[MN],a3[MN],#g3[MN],(d3.d1)[MN],b2[MN],a2[MN],#g2[MN],d2[MN],b1[MN],a1[MN],#g1[MN],(E-1.B-1.d)[MNO],b[MN],a[MN],#g[MN],(a.#F-1.A-1.d)[MNO],#f1[MN],e1[MN],d1[LNO],#f[MN],b[MN],a[MN],d1[MN],#f1[MN],b1[MN],a1[MN],(d2.#f.#f1)[MNO],#f2[MN],b2[MN],a2[MN],(d3.f.#g.b.d1.f1)[MNO],b2[MN],a2[MN],#g2[MN],(d2.d1)[MN],b1[MN],a1[MN],#g1[MN],d2[MN],b1[MN],a1[MN],#g1[MN],(F-1.B-1.d)[MNO],b[MN],a[MN],#g[MN],(g.E-1.c.e)[MNO],e1[MN],d1[MN],c1[LNO],g[MN],d1[MN],c1[MN],e1[MN],g1[MN],d2[MN],c2[O],e[N],g[O],#c1[O],(e2.g1)[MN],g2[MN],d3[MN],c3[O],#d[O],a[O],c1[N],(b3.#f1)[MN],a3[MN],#f3[MN],c3[MN],(b2.c1)[MN],a2[MN],#f2[MO],c2[MN],b1[MN],a1[MN],#f1[MO],c1[MN],(b.#D-1.c.#d)[MN],a[MN],g[MN],#f[MN],(g.E-1.G-1.c.e)[MN],g1[MN],e1[MN],c1[LNO],g[MN],d1[MN],c1[MN],e1[MN],g1[MN],d2[MN],c2[MN],(e2.e.g.c1)[MN],g2[MN],d3[MN],c3[O],d[N],a[O],c1[O],(b3.#f1)[MN],a3[MN],#f3[MN],c3[MN],b2[MN],a2[MN],#f2[MN],c2[MN],b1[MN],a1[MN],#f1[MN],c1[MN],(b.D-2.D-1)[MN],a[MN],#f[MO],c[MN],c1[MN],#a[MN],f[MN],#A-1[MN],(d1.F-2.F-1)[MN],c1[MN],a[MN],f[MN],(#d1.#A-2.#A-1)[MN],d1[MN],#a[MN],f[MN],(g1.C-1.c)[MN],f1[MN],c1[MN],a[MN],(c2.D-1.d)[MN],#a1[MN],f1[MN],#a[MN],(d2.F-1.f)[MN],c2[MN],a1[MN],f1[MN],(#d2.#A-1.#a)[MN],d2[MN],#a1[MN],f1[MN],(g2.c.c1)[MN],f2[MN],c2[MN],a1[MN],(c3.d.d1)[MN],#a2[MN],f2[MN],#a1[MN],(d3.f.f1)[MN],c3[MN],a2[MN],f2[MN],(#d3.#a.d1.f1.#a1)[MN],d3[MN],#a2[MN],f2[MN],g3[MN],f3[MN],d3[MN],#a2[MN],(g3.g2)[MN],(f3.f2)[MN],(d3.d2)[MN],(#a2.#a1)[MN],(g2.g1)[MN],(f2.f1)[MN],(d2.d1)[MN],(#a1.#a)[MN],(g1.g)[MN],(f1.f)[MN],(d1.d)[MN],(#a.#A-1)[MN],(g.G-1)[MN],(f.F-1)[MN],(d.D-1)[MN],(#A-1.#A-2)[MN],(d.D-2.D-1)[JLMN],(#a1.#a)[LMNO],(c2.c1)[KMNO],(d2.d1)[L],(d2.d1)[IILO],D-1[MN],d[MN],D-1[MN],d[MN],#C-1[MN],#c[MN],#C-1[MN],#c[MN],C-1[MN],c[MN],C-1[MN],c[MN],B-2[MN],B-1[MN],B-2[MN],B-1[MN],(f.#a.d1.#A-2)[MN],#A-1[MN],#A-2[MN],#A-1[MN],A-2[MN],A-1[MN],A-2[MN],A-1[MN],(f.b.#d1.f1.#G-2)[MN],#G-1[MN],#G-2[MN],#G-1[MN],#G-2[MN],#G-1[MN],#G-2[MN],#G-1[MN],G-2[MN],G-1[MN],G-2[MN],G-1[MN],G-2[MN],G-1[MN],G-2[MN],G-1[MN],#F-2[MN],#F-1[MN],#F-2[MN],#F-1[MN],#F-2[MN],#F-1[MN],#F-2[MN],#F-1[MN],(f.b.#d1.f1.#F-2)[MN],#F-1[MN],#F-2[MN],#F-1[MN],#F-2[MN],#F-1[MN],#F-2[MN],#F-1[MN],(f.f1.b.#d1.F-2.F-1)[JLMN],(#a.d1.D-1)[MN],d[MN],D-1[MN],d[MN],#C-1[MN],#c[MN],#C-1[MN],#c[MN],C-1[MN],c[MN],C-1[MN],c[MN],B-2[MN],B-1[MN],B-2[MN],B-1[MN],(f.#a.d1.#A-2)[MN],#A-1[MN],#A-2[MN],#A-1[MN],A-2[MN],A-1[MN],A-2[MN],A-1[MN],(f.b.#d1.f1.#G-2)[MN],#G-1[MN],#G-2[MN],#G-1[MN],#G-2[MN],#G-1[MN],#G-2[MN],#G-1[MN],#G-2[MN],#G-1[MN],#G-2[MN],#G-1[MN],#G-2[MN],#G-1[MN],#G-2[MN],#G-1[MN],G-2[MN],G-1[MN],G-2[MN],G-1[MN],G-2[MN],G-1[MN],G-2[MN],G-1[MN],(g.b.#d1.g1.G-2)[MN],G-1[MN],G-2[MN],G-1[MN],G-2[MN],G-1[MN],G-2[MN],G-1[MN],#F-2[MN],#F-1[MN],#F-2[MN],#F-1[MN],#F-2[MN],#F-1[MN],#F-2[MN],#F-1[MN],(#g.b.#d1.#g1.#F-2)[MN],#F-1[MN],#F-2[MN],#F-1[MN],#F-2[MN],#F-1[MN],#F-2[MN],#F-1[MN],#F-2[MN],#F-1[MN],#F-2[MN],#F-1[MN],#F-2[MN],#F-1[MN],#F-2[MN],#F-1[MN],(b.#d1.#g1.b1.#F-2)[MN],#F-1[MN],#F-2[MN],#F-1[MN],#F-2[MN],#F-1[MN],#F-2[MN],#F-1[MN],(#d1.#g1.b1.#d2.#F-2)[MN],#F-1[MN],#F-2[MN],#F-1[MN],#F-2[MN],#F-1[MN],#F-2[MN],#F-1[MN],(#g1.b1.#d2.#g2.#F-2)[MN],#F-1[MN],#F-2[MN],#F-1[MN],#F-2[MN],#F-1[MNO],#F-2[MNO],#F-1[MNO],(b1.#d2.#g2.b2.F-2)[MNO],F-1[MNO],F-2[L],F-1[LO],F-2[LO],F-1[LO],F-2[LN],F-1[LN],(#d2.#g2.b2.#d3.F-2)[LNO],F-1[LNO],F-2[LNO],F-1[LNO],F-2[LNO],F-1[LNO],F-2[LNO],F-1[LNO],(e2.#g2.b2.e3.E-2.E-1)[K],#c1[L],#c2[L],e1[L],e2[L],b[L],b1[L],e1[L],e2[L],a[L],a1[L],e1[L],e2[L],#g[L],#g1[L],e1[L],e2[L],#f[L],#f1[L],#d1[L],b1[L],#c1[L],a1[L],b[L],#g1[L],a[L],#f1[L],b[L],#g1[L],#c1[L],a1[L],#g[L],(b1.e1)[L],B-1[LO],b[LO],#f[LO],#d1[LN],B-2[LNO],b[LNO],#g[LM],(b1.e1)[LM],B-1[LMO],b[LMO],#f[LMNO],#d1[LMNO],B-2[KN],b[KN],e1[LO],e2[LO],#c1[LO],#c2[LO],e1[LO],e2[LO],b[LO],b1[LO],e1[LO],e2[LO],a[LO],a1[LO],e1[LO],e2[LO],#g[LO],#g1[LO],e1[LO],e2[LO],#f[LO],#f1[LO],#d1[LO],b1[LO],#c1[LO],a1[LO],b[LO],#g1[LO],a[LO],#f1[LO],b[LO],#g1[LO],#c1[LO],a1[LO],a[LO],(#c2.#f1)[LO],#c[LO],#c1[LN],#g[LNO],e1[LNO],#C-1[LM],#c1[LM],a[LMO],(#c2.#f1)[LMO],#c[LMNO],#c1[LMNO],#g[KN],e1[KN],#C-1[KMN],#c1[KMN];"]},{"id":3,"baseBeats":0.5,"scores":["mute[L],mute[L],mute[L],mute[L],mute[L],mute[L],mute[L],mute[L],mute[L],mute[L],mute[L],mute[L],mute[L],mute[L],mute[L],mute[L],mute[L],mute[L],mute[L],mute[L],mute[L],mute[L],mute[L],mute[L],mute[L],mute[L],mute[L],mute[L],mute[L],mute[L],mute[L],mute[L],mute[L],mute[L],mute[L],mute[L],mute[L],mute[L],mute[L],mute[L],mute[L],mute[L],mute[L],mute[L],mute[L],mute[L],mute[L],mute[L],mute[L],mute[L],mute[L],mute[L],mute[L],mute[L],mute[L],mute[L],mute[L],mute[L],mute[L],mute[L],mute[L],mute[L],mute[L],mute[L],mute[L],mute[L],mute[L],mute[L],mute[L],mute[L],mute[L],mute[L],mute[L],mute[L],mute[L],mute[L],mute[L],mute[L],mute[L],mute[L],mute[L],mute[L],mute[L],mute[L],mute[L],mute[L],mute[L],mute[LNO],mute[LM],mute[LM],mute[LMO],mute[LMO],mute[LMNO],mute[LMNO],mute[KN],mute[KN],mute[KMN],mute[IKLM],mute[L],mute[L],mute[L],mute[L],mute[L],mute[L],mute[L],mute[L],mute[L],mute[L],mute[L],mute[L],mute[L],mute[L],mute[L],mute[L],mute[LNO],mute[LM],mute[LM],mute[LMO],mute[LMO],mute[LMNO],mute[LMNO],mute[KN],mute[IKL],mute[II],mute[L],mute[L],mute[L],mute[L],mute[L],mute[L],mute[L],mute[L],mute[L],mute[L],mute[L],mute[JL],mute[II],mute[L],mute[L],mute[L],mute[L],mute[L],mute[L],mute[L],mute[L],mute[L],mute[L],mute[L],mute[JL],mute[L],mute[L],mute[L],mute[L],mute[L],mute[L],mute[L],mute[L],mute[K],mute[K],mute[IO],mute[JL],mute[JKN],mute[INO],mute[L],mute[L],mute[L],mute[L],mute[L],mute[L],mute[L],mute[L],mute[L],mute[L],mute[L],mute[L],mute[L],mute[L],mute[L],mute[L],mute[L],mute[L],mute[L],mute[L],mute[L],mute[L],mute[L],mute[L],mute[LNO],mute[LM],mute[LM],mute[LMO],mute[LMO],mute[LMNO],mute[LMNO],mute[KN],mute[KN],mute[KMN],mute[KMN],mute[L],mute[L],mute[L],mute[L],mute[L],mute[L],mute[L],mute[L],mute[L],mute[L],mute[L],mute[L],mute[L],mute[L],mute[L],mute[L],mute[L],mute[L],mute[L],mute[L],mute[L],mute[L],mute[L],mute[L],mute[LNO],mute[LM],mute[LM],mute[LMO],mute[LMO],mute[LMNO],mute[LMNO],mute[KN],mute[KN],mute[KMN],mute[KMN],mute[L],mute[L],mute[L],mute[L],mute[L],mute[L],mute[L],mute[L],mute[L],mute[L],mute[L],mute[L],mute[L],mute[L],mute[L],mute[L],mute[L],mute[L],mute[L],mute[L],mute[L],mute[L],mute[L],mute[L],mute[L],mute[LNO],mute[L],mute[L],mute[L],mute[L],mute[L],mute[L],mute[L],mute[L],mute[LNO],mute[IILNO],mute[IO],mute[IN],mute[IILN],mute[IIIKL];","e1[LO],e2[LO],#c1[LO],#c2[LO],e1[LO],e2[LO],#d1[LO],b1[LO],e1[LO],e2[LO],#c1[LO],a1[LO],e1[LO],e2[LO],b[LO],#g1[LO],e1[LO],e2[LO],#a[LO],g1[LO],#d2[LO],b2[LO],#c2[LO],#a2[LO],#a1[LO],g2[LO],g1[LO],e2[LO],e1[LO],#c2[LO],#c1[LO],#a1[LO],e[LO],(e1.e2)[LO],#c[LO],(#c1.#c2)[LO],e[LO],(e1.e2)[LO],#d[LO],(b.b1)[LO],e[LO],(e1.e2)[LO],#c[LO],(a.a1)[LO],e[LO],(e1.e2)[LO],B-1[LO],(#g.#g1)[LO],e[LO],(e1.e2)[LO],#A-1[LO],(g.g1)[LO],#d1[LO],b1[LO],#c1[LO],#a1[LO],#a[LO],g1[LO],g[LO],e1[LO],e[LO],#c1[LO],#c[LO],#a[LO],e[LO],e1[LO],(G-2.G-1)[LO],g[LO],#d[LO],b[LO],#c[LO],#a[LO],e[LO],e1[LO],(G-2.G-1)[LO],g[LN],#d[LNO],b[LNO],#c[LM],#a[LM],e[LMO],e1[LMO],(G-2.G-1)[LMNO],g[LMNO],#d[KN],b[KN],#c[KMN],#a[IKLM],g[L],g1[L],(#C-1.#c)[L],#a[L],#f[L],#d1[L],e[L],#c1[L],g[L],g1[L],(#C-1.#c)[LO],#a[LO],#f[LO],#d1[LN],e[LNO],#c1[LNO],g[LM],g1[LM],(#C-1.#c)[LMO],#a[LMO],#f[LMNO],#d1[LMNO],e[KN],#c1[IKL],(d1.g1.b1.d.g.b)[II],#d[L],#g[L],b[L],#d1[L],#g1[L],b1[L],#d2[L],#g2[L],b2[L],#d3[L],#g3[L],b3[JL],(d1.g1.b1.d.g.b)[II],#D-1[L],#G-1[L],B-1[L],#d[L],#g[L],b[L],#d1[L],#g1[L],b1[L],#d2[L],#g2[L],b2[JL],#d[L],#f[L],a[L],b[L],#d1[L],#f1[L],a1[L],b1[L],#d2[K],#f2[K],(b1.b2)[IO],(c2.c3)[JL],(#c2.#c3)[JKN],(#d2.#d3)[INO],e1[LO],(e2.e3)[LO],#c1[LO],(#c2.#c3)[LO],e1[LO],(e2.e3)[LO],b[LO],(b1.b2)[LO],e1[LO],(e2.e3)[LO],a[LO],(a1.a2)[LO],e1[LO],(e2.e3)[LO],#g[LO],(#g1.#g2)[LO],e1[LO],(e2.e3)[LO],#f[LO],(#f1.#f2)[LN],#d1[LNO],(b1.b2)[LNO],#c1[LM],(a1.a2)[LM],b[LMO],(#g1.#g2)[LMO],a[LMNO],(#f1.#f2)[LMNO],(B-1.#g.b)[KN],(b1.e2.b2)[KN],#f[KMN],#d2[KMN],e[LO],(e1.e2)[LO],#c[LO],(#c1.#c2)[LO],e[LO],(e1.e2)[LO],B-1[LO],(b.b1)[LO],e[LO],(e1.e2)[LO],A-1[LO],(a.a1)[LO],e[LO],(e1.e2)[LO],#G-1[LO],(#g.#g1)[LO],e[LO],(e1.e2)[LO],#F-1[LO],(#f.#f1)[LN],#d[LNO],(b.b1)[LNO],#c[LM],(a.a1)[LM],B-1[LMO],(#g.#g1)[LMO],A-1[LMNO],(#f.#f1)[LMNO],(B-2.#G-1.B-1)[KN],(b.e1.b1)[KN],#F-1[KMN],#d1[KMN],E-1[LO],e1[LO],E-2[LO],e[LO],#c[LO],a[LO],B-1[LO],#g[LO],E-1[L],e1[L],E-2[L],e[L],#c[L],a[L],B-1[L],#g[L],E-1[L],e1[L],E-2[LO],e[LO],#c[LO],a[LN],B-1[LNO],#g[LNO],E-1[L],e1[L],E-2[LO],e[LO],#c[LO],a[LN],B-1[LNO],#g[LNO],(g.e1.C-1.#A-1)[IILNO],(#g.f1.B-2.#G-1)[IO],A-2[M],(a.#f1.c)[JKLMN],E-2[O],E-1[O],B-1[O],e[O],#g[O],b[O],e1[O],#g1[IINO],E-2[O],E-1[O],B-1[O],e[O],#g[O],b[O],e1[O],#g1[IIIKO];"]}]}