{"baseBpm":90,"musics":[{"bpm":90,"baseBeats":0.25,"scores":["a1[M],c2[M],a1[M],g1[M],c1[L],d1[L],(a.c1)[L],V,c1[M],d1[M],e1[M],f1[M],g1[M];a1[M],c2[M],a1[M],g1[M],c1[L],d1[L],(a.c1)[L],V,c1[M],d1[M],e1[M],f1[M],g1[M];a1[M],c2[M],a1[M],g1[M],f1[L],g1[L],a1[M],c2[M],a1[M],g1[M],f1[L],g1[L];a1[M],f2[M],(a1.d2)[M],#g1[M],g1[L],(g1.e2)[L],c2[K],V,V,V,V;a1[M],c2[M],a1[M],g1[M],c1[L],d1[L],(a.c1)[L],V,c1[M],d1[M],e1[M],f1[M],g1[M];a1[M],c2[M],a1[M],g1[M],c1[L],d1[L],(a.c1)[L],V,c1[M],d1[M],e1[M],f1[M],g1[M];a1[M],c2[M],a1[M],g1[M],f1[L],g1[L],a1[M],c2[M],a1[M],g1[M],f1[L],g1[L];a1[M],f2[M],(a1.d2)[M],#g1[M],g1[L],(g1.e2)[L],c2[L],V,c2[M],g1[M],a1[M],#a1[M],c2[M];d2[M],#a2[M],d2[M],#c2[M],c2[L],d2[L],c2[L],V,c2[M],g1[M],a1[M],#a1[M],c2[M];d2[M],#a2[M],d2[M],#c2[M],c2[L],d2[L],c2[L],V,c2[M],g1[M],a1[M],#a1[M],c2[M];","F-1[L],c[M],f[M],a[M],V,(f.#a)[M],V,F-1[M],c[M],f[M],a[M],T;F-1[L],c[M],f[M],a[M],V,(f.#a)[M],V,F-1[M],c[M],f[M],a[M],T;d[L],(a.d1)[M],(a.d1)[M],(a.d1)[M],V,(a.d1)[M],V,d[L],(a.d1)[M],(a.d1)[M],(a.d1)[M],V,(a.d1)[M],V;G-1[M],V,(b.f1)[M],(b.f1)[M],(b.f1)[M],V,(b.f1)[M],V,c2[LM],c1[M],d1[M],e1[M],f1[M],g1[M];F-1[L],c[M],f[M],a[M],V,(f.#a)[M],V,F-1[M],c[M],f[M],a[M],T;F-1[L],c[M],f[M],a[M],V,(f.#a)[M],V,F-1[M],c[M],f[M],a[M],T;d[L],(a.d1)[M],(a.d1)[M],(a.d1)[M],V,(a.d1)[M],V,d[L],(a.d1)[M],(a.d1)[M],(a.d1)[M],V,(a.d1)[M],V;G-1[M],V,(b.f1)[M],(b.f1)[M],(b.f1)[M],V,(b.f1)[M],V,e[L],(g.e1)[M],V,T;c[L],(#a.e1.g1)[M],(#a.e1.g1)[M],(#a.e1.g1)[M],V,(#a.e1.g1)[M],V,c[M],V,(#a.e1.g1)[M],V,T;c[L],(#a.e1.g1)[M],(#a.e1.g1)[M],(#a.e1.g1)[M],V,(#a.e1.g1)[M],V,c[M],V,(#a.e1.g1)[M],V,T;"],"id":1,"instruments":["piano","piano"],"alternatives":["",""]},{"bpm":98,"baseBeats":0.25,"scores":["#c2[M],#a2[M],f2[M],e2[M],#d2[M],g2[M],#a2[M],#c3[M];f3[M],d3[M],#a2[M],g2[M],f2[M],d2[M],#a1[M],g1[M];d2[M],#a2[M],d2[M],#c2[M],c2[M],#a1[M],g1[M],e1[M];c1[L],U,V,V,V,V;a1[M],c2[M],a1[M],g1[M],c1[L],(#a.d1)[L];(a.c1)[L],V,c1[M],d1[M],e1[M],f1[M],g1[M];a1[M],c2[M],a1[M],g1[M],c1[L],(#a.g1)[L];(a.f1)[L],V,f1[M],d1[M],e1[M],f1[M],g1[M];d2[M],f2[M],d2[M],c2[M],f1[L],#f1[L];g1[M],f2[M],d2[M],#a1[M],g1[L],a1[L];d2[M],f2[M],#a1[M],g1[M],e1[M],d1[M],e1[L];(a.f1)[L],V,f1[M],g1[M],a1[M],#a1[M],c2[M];d2[M],#a2[M],d2[M],#c2[M],c2[L],d2[L];c2[L],V,c2[M],g1[M],a1[M],#a1[M],c2[M];d2[M],#a2[M],d2[M],#c2[M],c2[L],d2[L];c2[L],V,c2[M],g1[M],a1[M],#a1[M],c2[M];#c2[M],#a2[M],f2[M],e2[M],#d2[M],g2[M],#a2[M],#c3[M];f3[M],d3[M],#a2[M],g2[M],f2[M],d2[M],#a1[M],g1[M];d2[M],#a2[M],d2[M],#c2[M],c2[M],#a1[M],g1[M],e1[M];c1[L],U,V,V,V,V;","#d[L],d[M],V,T;d[M],V,(#a.f1)[M],V,T;c[L],(e1.g1)[M],V,T;#a1[M],g1[M],e1[M],c1[M],#a[M],g[M],e[M],c[M];(F-1)[L],c[M],f[M],a[M],V,c[M],V;(F-1)[M],c[M],f[M],a[M],T;(F-1)[L],c[M],f[M],a[M],V,e[M],V;(F-1)[M],c[M],f[M],V,T;(#A-1)[L],(f.#a.d1)[M],(f.#a.d1)[M],(f.#a.d1)[M],V,(#f.#a.d1)[M],V;(#A-1)[L],(g.d1.f1)[M],(g.d1.f1)[M],(g.d1.f1)[M],V,(g.d1.f1)[M],V;(G-1)[M],V,(b.f1)[M],(b.f1)[M],(b.f1)[M],V,(b.f1)[M],V;e[M],V,(g.e1)[M],V,T;c[L],(#a.e1.g1)[M],(#a.e1.g1)[M],(#a.e1.g1)[M],V,(#a.e1.g1)[M],V;c[M],V,(#a.e1.g1)[M],V,T;c[L],(#a.e1.g1)[M],(#a.e1.g1)[M],(#a.e1.g1)[M],V,(#a.e1.g1)[M],V;c[M],V,(#a.e1.g1)[M],V,T;#d[L],(E-1.#A-1.d)[M],V,T;d[M],V,(g.#a.f1)[M],V,T;c[L],(#a.e1.g1)[M],V,T;#a1[M],g1[M],e1[M],c1[M],#a[M],g[M],e[M],c[M];"],"id":2},{"bpm":106,"baseBeats":0.25,"scores":["a1[M],c2[M],a1[M],g1[M],c1[L],(#a.d1)[L];(a.c1)[L],V,c1[M],d1[M],e1[M],f1[M],g1[M];a1[M],c2[M],a1[M],g1[M],c1[L],(#a.#d1.g1)[L];(a.#d1.f1)[L],V,f1[M],d1[M],e1[M],f1[M],g1[M];d2[M],f2[M],d2[M],c2[M],f1[L],#f1[L];g1[M],f2[M],d2[M],#a1[M],g1[L],a1[L];V,d3[M],#a2[M],g2[M],U,e2[L];(a1.f2)[L],V,g[M],a[M],#a[M],c1[M],d1[M];(#d1.g1)[M],#d2[M],g1[M],#f1[M],f1[L],a1[L];f2[K],f1[M],g1[M],a1[M],b1[M];(#a1.c2)[M],#a2[M],d2[M],#c2[M],c2[L],e2[M],V;f2[L],V,g1[M],a1[M],#a1[M],c2[M],d2[M];(#d2.g2)[M],(#a2.#d3)[M],g2[M],#f2[M],f2[M],V,a2[M],V;f3[K],f3[M],#f2[M],g2[M],a2[M];(e2.#a2)[M],#a3[M],g3[M],e3[M],#c3[M],#a2[M],g2[M],e2[M];#c2[M],#a1[M],g1[M],e1[M],U,(#a1.e2)[L];(a1.f2)[M],c2[M],a1[M],f1[M],T;a2[M],c3[M],a2[M],g2[M],c2[L],#a1[L];a1[M],c2[M],a1[M],g1[M],c1[L],d1[L];c1[L],V,c1[M],d1[M],e1[M],f1[M],g1[M];(c1.a1)[K],T;(a.f1)[K],U,(#a.c1)[L];(a.f1)[J];","(F-1)[L],c[M],f[M],a[M],V,c[M],V;(F-1)[M],c[M],f[M],a[M],T;(F-1)[L],c[M],f[M],a[M],V,e[M],V;(F-1)[M],c[M],f[M],V,T;(#A-1)[L],(f.#a.d1)[M],(f.#a.d1)[M],(f.#a.d1)[M],V,(#f.#a.d1)[M],V;(#A-1)[L],(g.d1.f1)[M],(g.d1.f1)[M],(g.d1.f1)[M],V,(g.d1.f1)[M],V;#a1[M],V,U,d2[M],#c2[M],c2[M],#a1[M];f[M],V,(c1.f1)[M],V,T;(F-1)[L],U,V,#d1[M],c1[M],f[M];f[M],g[M],b[M],d1[M],f1[K];c[M],V,U,V,#a1[M],g1[M],c1[M];f[M],V,(c1.f1)[M],V,T;f[M],V,U,V,#d2[M],c2[M],f1[M];f1[M],g1[M],a1[M],#a1[M],f2[M],V,U;(f1.g1.#c2)[K],T;T,#c1[M],#a[M],g[M],f[M];f[L],U,c1[M],V,d1[M],V;c1[LM],c1[M],d1[M],e1[M],f1[M],g1[M];T,U,#a[L];a[M],c1[M],a[M],f[M],c[M],V,d[M],V;(F-1.c)[L],d[L],c[L],d[L];(F-1.c)[L],d[L],c[L],d[L];(F-1.c)[J];"],"id":3}],"audition":{"start":[0,49],"end":[0,93]}}