{"baseBpm":219,"musics":[{"id":1,"baseBeats":0.5,"scores":["mute[LMN],mute[LMN],mute[LMN],mute[LMN],mute[LMN],mute[LMN],mute[LMN],mute[LMN],mute[LMN],mute[LMN],mute[LMN],mute[LMN],mute[L],mute[L],mute[L],mute[L],mute[L],mute[L],mute[L],mute[L],mute[L],mute[L],mute[L],mute[L],mute[L],mute[L],mute[L],mute[L],mute[L],mute[L],mute[L],mute[L],mute[L],mute[L],mute[L],mute[L],mute[L],mute[L],mute[L],mute[L],mute[L],mute[L],mute[L],mute[L],mute[L],mute[L],mute[L],mute[L],mute[L],mute[L],mute[L],mute[L],mute[LMN],mute[L],mute[L],mute[L],mute[L],mute[L],mute[L],mute[L],mute[L],mute[L],mute[L],mute[L],mute[L],mute[L],mute[L],mute[L],mute[L],mute[L],mute[L],mute[L],mute[LMN],mute[L],mute[L],mute[L],mute[L],mute[L],mute[L],mute[L],mute[L],mute[L],mute[L],mute[L],mute[L],mute[L],mute[L],mute[L],mute[L],mute[L],mute[L],mute[L],mute[L],mute[L],mute[L],mute[L],mute[L],mute[L],mute[L],mute[L],mute[L],mute[L],mute[L],mute[L],mute[L],mute[L],mute[L],mute[L],mute[L],mute[L],mute[L],mute[L],mute[L],mute[L],mute[L],mute[L],mute[L],mute[L],mute[L],mute[L],mute[L],mute[L],mute[L],mute[L],mute[L],mute[L],mute[L],mute[L],mute[L],mute[L],mute[L],mute[L],mute[L],mute[L],mute[L],mute[L],mute[L],mute[L],mute[L],mute[L],mute[L],mute[L],mute[L],mute[L],mute[L],mute[L],mute[L],mute[L],mute[L],mute[L],mute[L],mute[L],mute[L],mute[L],mute[L],mute[L],mute[L],mute[L],mute[LMN],mute[LMN],mute[LMN],mute[LMN],mute[LMN],mute[LMN],mute[LMN],mute[LMN],mute[LMN],mute[LMN],mute[LMN],mute[LMN],mute[L],mute[L],mute[L],mute[L],mute[L],mute[L],mute[L],mute[L],mute[L],mute[L],mute[L],mute[L],mute[L],mute[L],mute[L],mute[L],mute[L],mute[L],mute[L],mute[L],mute[L],mute[L],mute[L],mute[L],mute[L],mute[L],mute[L],mute[L],mute[L],mute[L],mute[L],mute[L],mute[L],mute[L],mute[L],mute[L],mute[L],mute[L],mute[L],mute[L],mute[LMN],mute[L],mute[L],mute[L],mute[L],mute[L],mute[L],mute[L],mute[L],mute[L],mute[L],mute[L],mute[L],mute[L],mute[L],mute[L],mute[L],mute[L],mute[L],mute[L],mute[L],mute[L],mute[L],mute[L],mute[L],mute[L],mute[L],mute[L],mute[L],mute[L],mute[L],mute[L],mute[L],mute[L],mute[L],mute[L],mute[L],mute[L],mute[L],mute[L],mute[L],mute[L],mute[L],mute[L],mute[L],mute[L],mute[L],mute[L],mute[L],mute[L],mute[L],mute[L],mute[L],mute[L],mute[L],mute[L],mute[L],mute[L],mute[L],mute[L],mute[L],mute[L],mute[L],mute[L],mute[L],mute[L],mute[L],mute[L],mute[L],mute[L],mute[L],mute[L],mute[L],mute[L],mute[L],mute[L],mute[L],mute[L],mute[L],mute[L],mute[L],mute[L],mute[L],mute[L],mute[L],mute[L],mute[L],mute[L],mute[L],mute[L],mute[L],mute[L],mute[L],mute[L],mute[L],mute[L],mute[L],mute[L],mute[L],mute[L],mute[L],mute[L],mute[KMO],mute[L],mute[L],mute[L],mute[L],mute[L],mute[L],mute[L],mute[L],mute[L],mute[L],mute[L],mute[L],mute[L],mute[L],mute[L],mute[L],mute[L],mute[L],mute[L],mute[L],mute[L],mute[L],mute[L],mute[L],mute[L],mute[L],mute[L],mute[L],mute[L],mute[L],mute[L],mute[L],mute[L],mute[L],mute[L],mute[L],mute[L],mute[L],mute[L],mute[L],mute[L],mute[L],mute[L],mute[L],mute[L],mute[L],mute[L],mute[L],mute[L],mute[L],mute[L],mute[L],mute[L],mute[L],mute[L],mute[L],mute[L],mute[L],mute[L],mute[L],mute[L],mute[L],mute[L],mute[L],mute[L],mute[L],mute[L],mute[L],mute[L],mute[L],mute[L],mute[L],mute[L],mute[L],mute[L],mute[L],mute[L],mute[L],mute[L],mute[L],mute[L],mute[L],mute[L],mute[KMO],mute[KMO],mute[LMN],mute[LMN],mute[LMN],mute[LMN],mute[LMN],mute[LMN],mute[LMN],mute[LMN],mute[LMN],mute[LMN],mute[LMN],mute[L],mute[L],mute[L],mute[L],mute[L],mute[L],mute[L],mute[L],mute[L],mute[L],mute[L],mute[L],mute[L],mute[L],mute[L],mute[L],mute[L],mute[L],mute[L],mute[L],mute[L],mute[LMN],mute[LMN],mute[LMN],mute[LMN],mute[LMN],mute[LMN],mute[LMN],mute[LMN],mute[LMN],mute[LMN],mute[LMN],mute[LMN];","A-1[LMN],(#c3.e.a.#c1)[LMN],(e.a.d1)[LMN],(#f2.#c)[LMN],(e.a.#d1)[LMN],(e2.e.a.e1)[LMN],B-1[LMN],(d2.f.b.d1)[LMN],(#f.b.d1)[LMN],(#g1.A-1)[LMN],(#g.b.d1)[LMN],(#f1.a.b.d1)[LMN],#G-1[MNO],b[MNO],(#f1.e.d1)[MNO],b1[MN],#f1[MNO],e1[MNO],#F-1[MNO],a1[MNO],(e2.#f.d1)[MNO],a2[MNO],e2[MNO],d2[MNO],E-1[MNO],d2[MNO],(a2.e.b.d1.e1)[MNO],d3[MNO],a2[MNO],#g2[MNO],#f2[MNO],e2[MNO],#d2[MNO],d2[MNO],#c2[MNO],b1[MNO],A-1[MNO],#c1[MNO],(a1.e)[MNO],#c2[MNO],(a1.A-1)[MNO],#c1[MNO],(#g1.f)[MNO],#c2[MN],(#g1.A-1)[MNO],#c1[MNO],(#f1.#f)[MNO],#c2[MNO],#A-1[MNO],#c1[MNO],(e1.#f)[MNO],#c2[MNO],(e1.#A-1)[MNO],#c1[MNO],e1[MNO],#c2[MNO],#c2[MNO],e2[MNO],#c3[LMN],B-1[MNO],d1[MNO],(b1.#f)[MNO],d2[MN],(b1.B-1)[MNO],d1[MNO],(a1.g)[MNO],d2[MNO],(a1.B-1)[MNO],d1[MNO],(#g1.#g)[MNO],d2[MNO],c[MNO],#d1[MNO],(#g1.#g)[MNO],#d2[MN],(#g1.c)[MNO],#d1[MNO],#f1[MNO],#d2[MNO],#d2[MNO],#f2[MNO],#d3[LMN],c[MNO],g[MNO],(e2.e3.c1)[MNO],e1[MNO],c1[MNO],g[MNO],(a2.e)[MNO],g[MNO],c1[MNO],e1[MNO],(g2.c1)[MNO],g[MNO],d[MNO],g[MNO],(f2.b)[MNO],f1[MNO],b[MNO],g[MNO],(b1.G-1)[MNO],g[MNO],b[MNO],f1[MNO],(a1.b)[MNO],g[MNO],c[MNO],g[MNO],(e2.c1)[MNO],e1[MNO],(e3.c1)[MNO],g[MNO],e[MNO],g[MNO],(a2.c1)[MNO],e1[MNO],(g2.c1)[MNO],g[MNO],d[MNO],g[MNO],(f3.b)[MNO],f1[MNO],(f2.b)[MNO],g[MNO],G-1[MNO],g[MNO],(b1.b)[MNO],f1[MNO],(a1.f2.b)[MNO],g[MNO],c[MNO],g[MNO],(g1.e2.c1)[MNO],e1[MNO],(g1.e2.c1)[MNO],g[MNO],c[MNO],e[MNO],(e2.#f1.c1)[MNO],e1[MNO],(g1.c1)[MNO],e[MNO],B-1[MNO],e[MNO],(e2.g1.d1)[MNO],e[MNO],(#g1.B-1)[MNO],e[MNO],A-1[MNO],e[MNO],(e2.a1.#f)[MNO],d1[MNO],(#a1.#f)[MNO],e[L],#G-1[L],e[L],(e2.#a1.d1)[L],e[L],#G-1[L],b1[L],c2[L],#c2[MNO],d2[MNO],b1[MNO],#g1[MNO],#f1[MNO],(e1.#g.b)[MNO],(#f1.a.#c1)[MNO],(#g1.b.d1)[MNO],(a1.#c1.e1)[MNO],(b1.d1.#f1)[MNO],#c2[MNO],(d2.#f1.a1)[MNO],(e2.#g1.b1)[MNO],#f2[MNO],#g2[MNO],a2[MNO],b2[MNO],A-1[LMN],(#c3.e.a.#c1)[LMN],(e.a.d1)[LMN],(#f2.#c)[LMN],(e.a.#d1)[LMN],(e2.e.a.e1)[LMN],B-1[LMN],(d2.f.b.d1)[LMN],(#f.b.d1)[LMN],(#g1.A-1)[LMN],(#g.b.d1)[LMN],(#f1.a.b.d1)[LMN],#G-1[MNO],b[MNO],(#f1.e.d1)[MNO],b1[MNO],#f1[MNO],e1[MNO],#F-1[MNO],a1[MNO],(e2.#f.d1)[MNO],a2[MNO],e2[MNO],d2[MNO],E-1[MNO],d2[MNO],(a2.e.b.d1.e1)[MNO],d3[MNO],a2[MNO],#g2[MNO],#f2[MNO],e2[MNO],#d2[MNO],d2[MNO],#c2[MNO],b1[MNO],A-1[MNO],#c1[MNO],(a1.e)[MNO],#c2[MNO],(a1.A-1)[MNO],#c1[MNO],(#g1.f)[MN],#c2[MNO],(#g1.A-1)[MNO],#c1[MNO],(#f1.#f)[MNO],#c2[MNO],#A-1[MNO],#c1[MNO],(e1.#f)[MNO],#c2[MNO],(e1.#A-1)[MNO],#c1[MN],e1[MNO],#c2[MNO],#c2[MNO],e2[MNO],#c3[LMN],#A-1[L],d1[MNO],(#a1.f)[MNO],d2[MNO],(#a1.#A-1)[MNO],d1[MNO],(a1.#f)[MNO],d2[MNO],(a1.#A-1)[MNO],d1[MNO],(g1.g)[MNO],d2[MNO],B-1[MNO],d1[MNO],(f1.#g)[MNO],d2[MNO],(f1.B-1)[MNO],d1[MNO],f1[MNO],d2[MNO],d2[MNO],f2[MNO],d3[MNO],d2[MNO],B-1[MNO],#f[MO],#d2[N],(#d3.b)[MNO],#d1[MNO],b[MNO],#f[MNO],(#g2.#d)[MNO],#f[MNO],b[MNO],#d1[MNO],(#f2.b)[MNO],#f[MNO],#c[MNO],#f[MNO],(e2.#a)[MNO],e1[MNO],#a[MNO],#f[MNO],(#a1.#F-1)[MNO],#f[MNO],#a[MNO],e1[MNO],(#g1.#a)[MNO],#f[MNO],B-1[MNO],#f[MNO],(#d2.b)[MNO],#d1[MNO],(#d3.b)[MNO],#f[MNO],#d[MNO],#f[MNO],(#g2.b)[MNO],#d1[MNO],(#f2.b)[MNO],#f[MNO],#c[MNO],#f[MNO],(e3.#a)[MNO],e1[MNO],(e2.#a)[MNO],#f[MNO],#F-1[MNO],#f[MNO],(#a1.#a)[MNO],e1[MNO],(#g1.e2.#a)[MNO],#f[MNO],B-1[MNO],#f[MNO],(#f1.#d2.b)[MNO],#d1[MNO],(#f1.#d2.b)[MNO],#f[MNO],B-1[MNO],#f[MNO],(f1.f2.#d2.b)[MNO],#d1[MNO],(#f1.#f2.b)[MNO],#f[MNO],B-1[MNO],#f[MNO],(#f1.#f2.#d2.b)[MNO],#d1[MNO],(g1.g2.b)[L],#f[L],B-1[L],f[L],(#g1.#g2.#d2.b)[L],#d1[L],(a1.a2.b)[L],f[L],(#a2.#a3.#A-2.#A-1)[L],g[MNO],#a[MNO],#d1[MNO],(#a1.#a)[MNO],g[MNO],(#g2.c2.#A-1)[MNO],#a[MNO],#a[MNO],f1[MNO],(d2.#g1)[MNO],#a[MNO],(#d2.g1.#d)[MNO],#d1[MNO],#a[MNO],#d[MNO],#d[MNO],#A-1[MNO],#D-1[KMO],#a[MNO],#d1[MNO],c1[MNO],#c1[MNO],f1[MNO],(g1.#a1)[MNO],#d1[MNO],#a[MNO],#c1[MNO],c1[MNO],g1[MNO],(#g1.#d2)[MNO],c1[MNO],f1[MNO],#c1[MNO],#d1[MNO],g1[MNO],(a1.c2)[MNO],f1[MNO],c1[MNO],#d1[MNO],#c1[MNO],a1[MNO],(#a1.f2)[MNO],#c1[MNO],f1[MNO],#a1[MNO],#c2[MNO],(#a2.#a1)[MNO],(f2.f1)[MNO],(g2.g1)[MNO],(#a2.c2.#a1)[MNO],(#g2.#g1)[MNO],#a1[MNO],(g2.g1)[MNO],(d2.d1)[MNO],(e2.e1)[MNO],(g2.#g1.g1)[MNO],(f2.f1)[MNO],(f2.#c1)[MNO],#a[MNO],(#c3.f3.f)[MNO],#c[MNO],#d[MNO],(#c1.g1)[MNO],(c1.#g1)[MNO],#d[MNO],#G-1[MNO],#a[MNO],#d1[MNO],c1[MNO],#c1[MNO],f1[MNO],(g1.#a1)[MNO],#d1[MNO],#a[MNO],#c1[MNO],c1[MNO],g1[MNO],(#g1.#d2)[MNO],c1[MNO],f1[MNO],#c1[MNO],#d1[MNO],g1[MNO],(a1.c2)[MNO],f1[MNO],c1[MNO],#d1[MNO],#c1[MNO],a1[MN],(#a1.f2)[MNO],#c1[MNO],f1[MNO],#a1[MNO],#c2[MNO],(#a2.#a1)[MNO],(f2.f1)[MNO],(g2.g1)[MNO],(#a2.c2.#a1)[MNO],(#g2.#g1)[MNO],#d2[MNO],(c3.c2)[MNO],(g2.g1)[MNO],(a2.a1)[MNO],(c3.#c2.c2)[MNO],(#a2.#a1)[MNO],(#a2.#c2)[MNO],#a1[MNO],(#c3.#a3.f1)[MNO],#c1[MNO],#a[MNO],(#a2.#g)[MNO],(f3.f2.g.d1)[MNO],b2[MNO],(c3.e2.c1.e1)[KMO],c2[MNO],(#g2.c3.F-1)[LMN],(c2.c)[LMN],d[MNO],(#g1.b1)[MNO],(g1.#a1.e)[LMN],c[LMN],(f1.#g1.f)[LMN],(#g1.c2.F-1)[LMN],(c1.c)[LMN],d[MNO],(#g.b)[MNO],(g.#a.e)[LMN],c[LMN],(#g.f)[LMN],(#f1.#a)[MNO],(f1.#c1)[MNO],(#a1.#f1.#a)[MNO],(f1.#c1)[MNO],(#c2.#f1.#a)[MNO],(f1.#c1)[MNO],(#d1.g)[MNO],(e1.#a)[MNO],(b1.#d1.g)[MNO],(e1.#a)[MNO],(c2.#d1.g)[MNO],(e1.#a)[MNO],(#f1.#a)[MNO],(f1.#c1)[MNO],(#a1.#f1.#a)[MNO],(f1.#c1)[MNO],(#c2.#f1.#a)[MNO],(f1.#c1)[MNO],(#d1.g)[MNO],(e1.#a)[MNO],(b1.#d1.g)[MNO],(e1.#a)[MNO],(c2.#d1.g)[MNO],(e1.#a)[MNO],(#g2.c3.F-1)[LMN],(c2.c)[LMN],d[MNO],(#g1.b1)[MNO],(g1.#a1.e)[LMN],c[LMN],(f1.#g1.f)[LMN],(#g1.c2.F-1)[LMN],(c1.c)[LMN],d[MNO],(#g.b)[MNO],(g.#a.e)[LMN],c[LMN],(#g.f)[LMN];"]},{"id":2,"baseBeats":0.5,"scores":["mute[L],mute[L],mute[L],mute[L],mute[L],mute[L],mute[L],mute[L],mute[L],mute[L],mute[L],mute[L],mute[L],mute[L],mute[L],mute[L],mute[L],mute[L],mute[L],mute[L],mute[L],mute[L],mute[L],mute[L],mute[L],mute[L],mute[L],mute[L],mute[L],mute[L],mute[L],mute[L],mute[L],mute[L],mute[L],mute[L],mute[L],mute[L],mute[L],mute[L],mute[L],mute[L],mute[L],mute[L],mute[L],mute[L],mute[L],mute[L],mute[L],mute[L],mute[L],mute[L],mute[L],mute[L],mute[L],mute[L],mute[L],mute[L],mute[L],mute[L],mute[L],mute[L],mute[L],mute[L],mute[L],mute[L],mute[L],mute[L],mute[L],mute[L],mute[L],mute[L],mute[L],mute[L],mute[L],mute[L],mute[L],mute[L],mute[L],mute[L],mute[L],mute[L],mute[L],mute[L],mute[L],mute[L],mute[L],mute[L],mute[L],mute[L],mute[L],mute[L],mute[L],mute[L],mute[L],mute[L],mute[L],mute[L],mute[L],mute[L],mute[L],mute[L],mute[L],mute[L],mute[L],mute[L],mute[L],mute[L],mute[L],mute[L],mute[L],mute[L],mute[L],mute[L],mute[L],mute[L],mute[L],mute[L],mute[L],mute[L],mute[L],mute[L],mute[L],mute[L],mute[L],mute[L],mute[L],mute[L],mute[L],mute[L],mute[L],mute[L],mute[L],mute[L],mute[L],mute[L],mute[L],mute[L],mute[L],mute[L],mute[L],mute[L],mute[L],mute[L],mute[L],mute[L],mute[L],mute[L],mute[L],mute[L],mute[L],mute[L],mute[L],mute[L],mute[L],mute[L],mute[L],mute[L],mute[L],mute[L],mute[L],mute[L],mute[L],mute[L],mute[L],mute[L],mute[L],mute[L],mute[L],mute[L],mute[L],mute[L],mute[L],mute[L],mute[L],mute[L],mute[L],mute[L],mute[L],mute[L],mute[L],mute[L],mute[L],mute[L],mute[L],mute[L],mute[L],mute[L],mute[L],mute[L],mute[L],mute[L],mute[L],mute[L],mute[L],mute[L],mute[L],mute[L],mute[L],mute[L],mute[L],mute[L],mute[L],mute[L],mute[L],mute[L],mute[L],mute[L],mute[L],mute[L],mute[L],mute[L],mute[L],mute[L],mute[L],mute[L],mute[L],mute[L],mute[L],mute[L],mute[L],mute[L],mute[L],mute[L],mute[L],mute[L],mute[L],mute[L],mute[L],mute[L],mute[L],mute[L],mute[L],mute[L],mute[L],mute[L],mute[L],mute[L],mute[L],mute[L],mute[L],mute[L],mute[L],mute[L],mute[L],mute[L],mute[L],mute[L],mute[L],mute[LMN],mute[L],mute[L],mute[L],mute[L],mute[L],mute[L],mute[L],mute[L],mute[L],mute[L],mute[L],mute[L],mute[L],mute[L],mute[L],mute[L],mute[L],mute[L],mute[L],mute[L],mute[LM],mute[K],mute[LMN],mute[LMN],mute[LMN],mute[LMN],mute[LMN],mute[LMN],mute[LMN],mute[LMN],mute[LMN],mute[LMN],mute[L],mute[L],mute[L],mute[L],mute[L],mute[L],mute[L],mute[L],mute[L],mute[L],mute[L],mute[L],mute[L],mute[L],mute[L],mute[L],mute[L],mute[L],mute[L],mute[L],mute[L],mute[L],mute[L],mute[L],mute[L],mute[L],mute[L],mute[L],mute[L],mute[L],mute[L],mute[L],mute[L],mute[L],mute[L],mute[L],mute[L],mute[L],mute[L],mute[L],mute[LMN],mute[L],mute[L],mute[L],mute[L],mute[L],mute[L],mute[L],mute[L],mute[L],mute[L],mute[L],mute[L],mute[L],mute[L],mute[L],mute[L],mute[L],mute[L],mute[L],mute[LMN],mute[L],mute[L],mute[L],mute[L],mute[L],mute[L],mute[L],mute[L],mute[L],mute[L],mute[L],mute[L],mute[L],mute[L],mute[L],mute[L],mute[L],mute[L],mute[L],mute[L],mute[L],mute[L],mute[L],mute[L],mute[L],mute[L],mute[L],mute[L],mute[L],mute[L],mute[L],mute[L],mute[L],mute[L],mute[L],mute[L],mute[L],mute[L],mute[L],mute[L],mute[L],mute[L],mute[L],mute[L],mute[L],mute[L],mute[L],mute[L],mute[L],mute[L],mute[L],mute[L],mute[L],mute[L],mute[L],mute[L],mute[L],mute[L],mute[L],mute[L],mute[L],mute[L],mute[LMN],mute[L],mute[L],mute[L],mute[L],mute[L],mute[L],mute[L],mute[L],mute[L],mute[L],mute[L],mute[L],mute[L],mute[L],mute[L],mute[L],mute[KMO],mute[L],mute[L],mute[L],mute[L],mute[L],mute[L],mute[L],mute[L],mute[L],mute[L],mute[L],mute[L],mute[L],mute[L],mute[L],mute[L],mute[L],mute[L],mute[L],mute[L],mute[L],mute[L],mute[L],mute[L],mute[L],mute[L],mute[L],mute[L],mute[L],mute[L],mute[L],mute[L],mute[L],mute[L],mute[L],mute[L],mute[L],mute[L],mute[L],mute[L],mute[L],mute[L],mute[L],mute[L],mute[L],mute[L],mute[L],mute[L],mute[L],mute[L],mute[L],mute[L],mute[L],mute[L],mute[L],mute[L],mute[L],mute[L],mute[L],mute[L],mute[L],mute[L],mute[L],mute[L],mute[L],mute[L],mute[L],mute[L],mute[L],mute[L],mute[L],mute[L],mute[L],mute[L],mute[L],mute[L],mute[L],mute[L],mute[L],mute[L],mute[L],mute[L],mute[L],mute[KMO],mute[KMO],mute[LMN],mute[LMN],mute[LMN],mute[LMN],mute[LMN],mute[LMN],mute[LMN],mute[LMN],mute[LMN],mute[LMN],mute[LMN];","(#f.#A-1)[MNO],(f.#c)[MNO],(#a.#f.#A-1)[MNO],(f.#c)[MNO],(#c1.#f.#A-1)[MNO],(f.#c)[MNO],(#d.G-1)[MNO],(e.#A-1)[MNO],(b.#d.G-1)[MNO],(e.#A-1)[MNO],(c1.#d.G-1)[MNO],(e.#A-1)[MNO],(#a.#c)[MNO],(a.e)[MNO],(#c1.#a.#c)[MNO],(a.e)[MNO],(e1.#a.#c)[MNO],(#g.e)[MNO],(#f.#A-1)[MNO],(g.#c)[MNO],(d1.#f.#A-1)[MNO],(g.#c)[MNO],(#d1.#f.#A-1)[MNO],(g.#c)[MNO],(#f.#A-1)[MNO],(g.B-1)[MNO],(#g.c)[MNO],(a.#c)[MNO],(#a.d)[MNO],(b.#d)[MNO],(c1.e)[MNO],(#c1.f)[MNO],(d1.#f)[MNO],(#d1.g)[MNO],(e1.#g)[MNO],(f1.a)[MNO],(#a.#f1.#G-2.#G-1)[LO],#G-1[LO],(b.#f)[LO],(#f1.#d)[LO],(c1.#G-1)[LO],#f1[LO],(c1.e1.#C-1)[MNO],#G-1[MNO],(#c1.f1.f)[MNO],(#g.#c)[MNO],(#c1.#G-1)[MNO],f1[MNO],(c1.#g1.#A-2.#A-1)[MNO],#A-1[MNO],(#c1.#g)[MNO],(#g1.f)[MNO],(d1.#A-1)[MNO],#g1[MNO],(d1.#f1.#D-1)[MNO],#A-1[MNO],(#d1.g1.g)[MNO],(#a.#d)[MNO],(#d1.#A-1)[MNO],g1[MNO],(f1.#c2.#D-1.#d)[MNO],#d[MNO],(#f1.#c1)[MNO],(#c2.#a)[MNO],(g1.#d)[MNO],#c2[MNO],(g1.b1.#G-1)[MNO],#d[MNO],(#g1.c2.c1)[MNO],(#d1.#g)[MNO],(#g1.#d)[MNO],c2[MNO],(g1.#d2.g)[MNO],G-1[MNO],(#f1.a)[MNO],(g1.#d2.G-1)[MNO],(g1.b)[MNO],(f1.d2)[MNO],(#d1.c2.c)[MO],g[MO],b[MO],c1[MO],#d1[MO],g1[MO],b1[MO],c2[MO],#d2[MO],(#f1.#a1.#f2)[MNO],#d1[MNO],(b1.#g)[MNO],(#f1.#f2.#d)[MNO],(c2.#G-1)[MNO],(#f1.#f2)[MNO],(e1.c2.e2)[MNO],#c1[MNO],(f1.#c2.f2.#g)[MNO],(#g1.f)[MNO],(#c2.#c)[MNO],(f1.f2)[MNO],(#g1.c2.#g2)[MNO],f1[MNO],(#c2.#a)[MNO],(#g1.#g2.f)[MNO],(d2.#A-1)[MNO],(#g1.#g2)[MNO],(#f1.d2.#f2)[MNO],#d1[MNO],(g1.#d2.g2.#a)[MNO],(#a1.g)[MNO],(g1.#d2.#d)[MNO],(#a1.g2)[MNO],(#c2.f2.#c3.#a1)[MNO],#d1[MNO],(#f2.#a)[MNO],(#c2.#c3.#d)[MNO],g2[MNO],(#c2.#c3)[MNO],(b1.g2.b2)[MNO],#d2[MNO],(c2.#g2.c3.#g1)[MNO],(#d2.#d1)[MNO],(#g2.#g)[MNO],(c2.c3)[MNO],(e2.g2.e3.g1)[MNO],g[MNO],(e2.#f1.a1)[MNO],(g2.e3.g)[MNO],(d2.f1.b1)[MNO],(g2.d3)[MNO],(c3.c1)[MNO],(g2.e1)[MNO],(e2.g1)[MNO],c2[MNO],d2[MNO],#d2[MNO],(g1.e2)[MNO],g[MNO],(#f1.e2.a)[MNO],g[MNO],(f1.d2.b)[MNO],g[MNO],(e1.d2.c1)[MNO],b1[MNO],d2[MNO],c2[MNO],#f1[MNO],a1[MNO],g1[MNO],#d1[MNO],f1[MNO],e1[MNO],b[MNO],d1[MNO],c1[MNO],b[MNO],d1[MNO],c1[MNO],b[MNO],d1[L],c1[L],b[L],d1[L],c1[L],f1[L],d1[L],#d1[MNO],g1[MNO],(a1.c2)[MNO],f1[MNO],c1[MNO],#d1[MNO],d1[MNO],a1[MNO],(#a1.f2)[MNO],d1[MNO],g1[MNO],e1[MNO],f1[MNO],a1[MNO],(b1.d2)[MNO],g1[MNO],d1[MNO],f1[MNO],#d1[MNO],b1[MNO],(c2.g2)[MNO],#d1[MNO],g1[MNO],c2[MNO],#d2[MNO],(c3.c2)[MNO],(g2.g1)[MNO],(a2.a1)[MNO],(c3.d2.c2)[MNO],(#a2.#a1)[MNO],c2[MNO],(a2.a1)[MNO],(e2.e1)[MNO],(#f2.#f1)[MNO],(a2.#a1.a1)[MNO],(g2.g1)[MNO],(g2.#d2)[MNO],c2[MNO],(#d3.g3.g1)[MNO],#d1[MNO],f1[MNO],(#d2.a2)[MNO],(d2.#a2)[MNO],f1[MNO],#a[MNO],(c2.a1)[MNO],(f2.#a1)[MNO],(d2.b1)[MNO],(#d2.c2)[MNO],f1[MNO],f[MNO],(f2.g1)[MNO],(c2.#g1)[MNO],(#d2.a1)[MNO],(d2.#a1)[MNO],f1[MNO],f[MNO],(d2.b1)[MNO],(g2.c2)[MNO],(e2.#c2)[MNO],(f2.d2)[MNO],g1[MNO],g[MNO],(g2.a1)[MNO],(d2.#a1)[MNO],(f2.b1)[MNO],(e2.c2)[MNO],g[MNO],g1[MNO],e1[MNO],g1[MNO],c2[MNO],e2[MNO],(c3.c2)[MNO],(g2.g1)[MNO],(a2.a1)[MNO],(c3.c2)[MNO],(b2.b1)[MNO],e2[L],(c3.c2)[MNO],(g2.g1)[MNO],(a2.a1)[MNO],(c3.c2)[MNO],(b2.b1)[MNO],e2[L],(c3.c2)[MNO],(g2.g1)[MNO],(a2.a1)[MNO],(c3.c2)[MNO],(b2.b1)[MNO],e2[L],(c3.c2)[MNO],(g2.g1)[MNO],(a2.a1)[MNO],(c3.c2)[MNO],(b2.b1)[MNO],(d2.e2)[MNO],(#c3.a1)[MNO],(#g2.e1)[MNO],(a2.#f1)[MNO],(#c3.a1)[MNO],(b2.#g1)[MNO],(d2.e2)[MNO],(#c3.a1)[MNO],(#g2.e1)[MNO],(a2.#f1)[MNO],(#c3.a1)[MNO],(b2.#g1)[MNO],(d2.e2)[MNO],(#c3.a1)[MNO],(#g2.e1)[MNO],(a2.#f1)[MNO],(#c3.a1)[MNO],(b2.#g1)[MNO],(d2.e2)[MNO],(#c3.a1)[MNO],(#g2.e1)[MNO],(a2.#f1)[MNO],(#c3.a1)[MNO],(b2.#g1)[LMN],#c3[MNO],#g2[MNO],a2[MNO],#c3[MNO],b2[MNO],e2[MNO],#f2[MNO],a2[MNO],#g2[MNO],d2[MNO],e2[MNO],#g2[MNO],(#f2.#f1)[MN],(#c2.#c1)[MNO],(d2.d1)[MNO],(#f2.#f1)[MNO],(e2.e1)[MNO],(b1.b)[MNO],(#c2.#c1)[MNO],(e2.e1)[MNO],(d2.d1)[MNO],(a1.a)[MNO],(b1.b)[MNO],A-1[LM],#c2[N],(#c3.e.a.#c1)[LMN],(e.a.d1)[LMN],(#f2.#c)[LMN],(e.a.#d1)[LMN],(e2.e.a.e1)[LMN],B-1[LMN],(d2.f.b.d1)[LMN],(#f.b.d1)[LMN],(#g1.A-1)[LMN],(#g.b.d1)[LMN],(#f1.a.b.d1)[LMN],#G-1[MNO],b[MNO],(#f1.e.d1)[MNO],b1[MNO],#f1[MNO],e1[MNO],#F-1[MNO],a1[MNO],(e2.#f.d1)[MNO],a2[MNO],e2[MNO],d2[MNO],E-1[MNO],d2[MN],(a2.e.b.d1.e1)[MNO],d3[MNO],a2[MNO],#g2[MNO],#f2[MNO],e2[MNO],#d2[MNO],d2[MNO],#c2[MNO],b1[MNO],A-1[MNO],#c1[MNO],(a1.e)[MNO],#c2[MNO],(a1.A-1)[MNO],#c1[MNO],(#g1.f)[MNO],#c2[MNO],(#g1.A-1)[MNO],#c1[MN],(#f1.#f)[MNO],#c2[MNO],A-1[MNO],#c1[MNO],(e1.g)[MNO],#c2[MNO],(e1.A-1)[MNO],#c1[MNO],(e1.#g)[MNO],b1[MNO],d2[MNO],e2[MNO],b2[LMN],A-1[MNO],#c1[MNO],(a1.e)[MNO],#c2[MNO],(a1.A-1)[MNO],#c1[MNO],(#g1.f)[MNO],#c2[MNO],(#g1.A-1)[MNO],#c1[MNO],(#f1.#f)[MNO],#c2[MN],#A-1[MNO],#c1[MNO],(e1.#f)[MNO],#c2[MNO],(e1.#A-1)[MNO],#c1[MN],e1[MNO],#c2[MNO],#c2[MNO],e2[MNO],#c3[LMN],#A-1[MNO],f[MNO],(d2.d3.#a)[MNO],d1[MNO],#a[MNO],f[MNO],(g2.d)[MNO],f[MNO],#a[MNO],d1[MNO],(f2.#a)[MNO],f[MNO],c[MNO],f[MNO],(#d2.a)[MNO],#d1[MNO],a[MNO],f[MNO],(a1.F-1)[MNO],f[MNO],a[MNO],#d1[MNO],(g1.a)[MNO],f[MNO],#A-1[MNO],f[MNO],(d2.#a)[MNO],d1[MNO],(d3.#a)[MNO],f[MNO],d[MNO],f[MNO],(g2.#a)[MNO],d1[MNO],(f2.#a)[MNO],f[MNO],c[MNO],f[MNO],(#d3.a)[MNO],#d1[MNO],(#d2.a)[MNO],f[MNO],F-1[MNO],f[MNO],(a1.a)[MNO],#d1[MNO],(g1.#d2.a)[MNO],f[MNO],#A-1[MNO],f[MNO],(f1.d2.#a)[MNO],d1[MNO],(f1.d2.#a)[MNO],f[MNO],#A-1[MNO],f[MNO],(e1.e2.d2.#a)[MNO],d1[MNO],(f1.f2.#a)[MNO],f[MNO],#A-1[MNO],f[MNO],(f1.f2.d2.#a)[MNO],d1[MNO],(#f1.#f2.#a)[L],f[L],#A-1[L],e[L],(g1.g2.d2.d1)[L],e[L],(#g1.#g2.#A-1)[LMN],a2[N],(a3.A-2.A-1)[MNO],#f[MNO],a[MNO],d1[MNO],(a1.a)[MNO],#f[MNO],(g2.b1.A-1)[MNO],a[MNO],a[MNO],e1[MNO],(#c2.g1)[MNO],a[MNO],(d2.#f1.d)[MNO],d1[MNO],a[MNO],d[MNO],d[MNO],A-1[MNO],D-1[KMO],a[MNO],d1[MNO],b[MNO],c1[MNO],e1[MNO],(#f1.a1)[MNO],d1[MNO],a[MNO],c1[MNO],b[MNO],#f1[MNO],(g1.d2)[MNO],b[MNO],e1[MNO],c1[MNO],d1[MNO],#f1[MNO],(#g1.b1)[MNO],e1[MNO],b[MNO],d1[MNO],c1[MNO],#g1[MNO],(a1.e2)[MNO],c1[MNO],e1[MNO],a1[MNO],c2[MNO],(a2.a1)[MNO],(e2.e1)[MNO],(#f2.#f1)[MNO],(a2.b1.a1)[MNO],(g2.g1)[MNO],a1[MNO],(#f2.#f1)[MNO],(#c2.#c1)[MNO],(#d2.#d1)[MNO],(#f2.g1.#f1)[MNO],(e2.e1)[MNO],(e2.c1)[MNO],a[MNO],(c3.e3.e)[MNO],c[MNO],d[MNO],(c1.#f1)[MNO],(b.g1)[MNO],d[MNO],G-1[MNO],a[MNO],d1[MNO],b[MNO],c1[MNO],e1[MNO],(#f1.a1)[MNO],d1[MNO],a[MNO],c1[MNO],b[MNO],#f1[MNO],(g1.d2)[MNO],b[MNO],e1[MNO],c1[MNO],d1[MNO],#f1[MNO],(#g1.b1)[MNO],e1[MNO],b[MNO],d1[MNO],c1[MNO],#g1[MNO],(a1.e2)[MNO],c1[MNO],e1[MNO],a1[MNO],c2[MNO],(a2.a1)[MNO],(e2.e1)[MNO],(#f2.#f1)[MNO],(a2.b1.a1)[MNO],(g2.g1)[MNO],d2[MN],(b2.b1)[MNO],(#f2.#f1)[MNO],(#g2.#g1)[MNO],(b2.c2.b1)[MNO],(a2.a1)[MNO],(a2.c2)[MNO],a1[MNO],(e3.a3.e1)[MNO],c1[MNO],#c1[MNO],a2[MNO],(e3.e2.#f.#c1)[MNO],#a2[MNO],(b2.#d2.b.#d1)[KMO],b2[MNO],(g3.b3.E-1.e)[LMN],(b2.b)[LMN],#c1[MNO],(g2.#a2)[MNO],(#f2.a2.#d1)[LMN],b[LMN],(e2.g2.e1)[LMN],(g2.b2.E-1.e)[LMN],(b1.b)[LMN],#c1[MNO],(g1.#a1)[MNO],(#f1.a1.#d1)[LMN],b[LMN],(g1.e1)[LMN];"]},{"id":3,"baseBeats":0.5,"scores":["mute[L],mute[L],mute[L],mute[L],mute[L],mute[L],mute[L],mute[L],mute[L],mute[L],mute[L],mute[L],mute[L],mute[L],mute[L],mute[L],mute[L],mute[L],mute[L],mute[L],mute[L],mute[LMN],mute[LMN],mute[LMN],mute[LMN],mute[LMN],mute[LMN],mute[LMN],mute[LMN],mute[LMN],mute[LMN],mute[LMN],mute[LMN],mute[L],mute[L],mute[L],mute[L],mute[L],mute[L],mute[L],mute[L],mute[L],mute[L],mute[L],mute[L],mute[L],mute[L],mute[L],mute[L],mute[L],mute[L],mute[L],mute[L],mute[L],mute[L],mute[L],mute[L],mute[L],mute[L],mute[L],mute[L],mute[L],mute[L],mute[L],mute[L],mute[L],mute[L],mute[L],mute[L],mute[L],mute[L],mute[L],mute[L],mute[L],mute[L],mute[L],mute[L],mute[L],mute[L],mute[L],mute[L],mute[L],mute[L],mute[L],mute[L],mute[L],mute[L],mute[L],mute[L],mute[L],mute[L],mute[L],mute[L],mute[L],mute[L],mute[L],mute[L],mute[L],mute[L],mute[L],mute[L],mute[L],mute[L],mute[L],mute[L],mute[L],mute[L],mute[L],mute[L],mute[L],mute[L],mute[L],mute[L],mute[L],mute[L],mute[L],mute[L],mute[L],mute[L],mute[L],mute[L],mute[L],mute[L],mute[L],mute[L],mute[L],mute[L],mute[L],mute[L],mute[L],mute[L],mute[L],mute[L],mute[L],mute[L],mute[L],mute[L],mute[L],mute[L],mute[L],mute[L],mute[L],mute[L],mute[L],mute[L],mute[L],mute[L],mute[L],mute[L],mute[L],mute[L],mute[L],mute[L],mute[L],mute[L],mute[L],mute[L],mute[L],mute[L],mute[L],mute[L],mute[L],mute[L],mute[L],mute[L],mute[L],mute[L],mute[L],mute[L],mute[L],mute[L],mute[L],mute[L],mute[L],mute[L],mute[L],mute[L],mute[L],mute[L],mute[L],mute[L],mute[L],mute[L],mute[L],mute[L],mute[L],mute[L],mute[L],mute[L],mute[L],mute[L],mute[L],mute[L],mute[L],mute[L],mute[L],mute[L],mute[L],mute[L],mute[L],mute[L],mute[L],mute[L],mute[L],mute[L],mute[L],mute[L],mute[L],mute[L],mute[L],mute[L],mute[L],mute[L],mute[L],mute[L],mute[L],mute[L],mute[L],mute[L],mute[L],mute[L],mute[L],mute[L],mute[L],mute[L],mute[L],mute[L],mute[L],mute[L],mute[L],mute[L],mute[L],mute[L],mute[L],mute[L],mute[L],mute[L],mute[L],mute[L],mute[L],mute[L],mute[L],mute[L],mute[L],mute[L],mute[L],mute[L],mute[L],mute[L],mute[L],mute[L],mute[L],mute[L],mute[L],mute[L],mute[L],mute[L],mute[L],mute[L],mute[L],mute[L],mute[L],mute[L],mute[L],mute[L],mute[L],mute[L],mute[L],mute[L],mute[L],mute[L],mute[L],mute[L],mute[L],mute[L],mute[L],mute[L],mute[L],mute[L],mute[L],mute[L],mute[L],mute[L],mute[LM],mute[K],mute[LMN],mute[LMN],mute[LMN],mute[LMN],mute[LMN],mute[LMN],mute[LMN],mute[LMN],mute[LMN],mute[LMN],mute[L],mute[L],mute[L],mute[L],mute[L],mute[L],mute[L],mute[L],mute[L],mute[L],mute[L],mute[L],mute[L],mute[L],mute[L],mute[L],mute[L],mute[L],mute[L],mute[L],mute[L],mute[L],mute[L],mute[L],mute[L],mute[L],mute[L],mute[L],mute[L],mute[L],mute[L],mute[L],mute[L],mute[L],mute[L],mute[L],mute[L],mute[L],mute[L],mute[L],mute[LMN],mute[L],mute[L],mute[L],mute[L],mute[L],mute[L],mute[L],mute[L],mute[L],mute[L],mute[L],mute[L],mute[L],mute[L],mute[L],mute[L],mute[L],mute[L],mute[L],mute[LMN],mute[L],mute[L],mute[L],mute[L],mute[L],mute[L],mute[L],mute[L],mute[L],mute[L],mute[L],mute[L],mute[L],mute[L],mute[L],mute[L],mute[L],mute[L],mute[L],mute[L],mute[L],mute[L],mute[L],mute[L],mute[L],mute[L],mute[L],mute[L],mute[L],mute[L],mute[L],mute[L],mute[L],mute[L],mute[L],mute[L],mute[L],mute[L],mute[L],mute[L],mute[L],mute[L],mute[L],mute[L],mute[L],mute[L],mute[L],mute[L],mute[L],mute[L],mute[L],mute[L],mute[L],mute[L],mute[L],mute[L],mute[L],mute[L],mute[L],mute[L],mute[L],mute[L],mute[L],mute[L],mute[L],mute[L],mute[L],mute[LMN],mute[L],mute[L],mute[L],mute[L],mute[L],mute[L],mute[L],mute[L],mute[L],mute[L],mute[L],mute[L],mute[L],mute[L],mute[L],mute[L],mute[L],mute[L],mute[L],mute[L],mute[L],mute[L],mute[L],mute[L],mute[L],mute[L],mute[L],mute[L],mute[L],mute[L],mute[L],mute[L],mute[L],mute[L],mute[L],mute[L],mute[L],mute[L],mute[L],mute[L],mute[L],mute[L],mute[L],mute[L],mute[L],mute[L],mute[L],mute[L],mute[L],mute[L],mute[L],mute[L],mute[L],mute[L],mute[L],mute[L],mute[L],mute[L],mute[L],mute[L],mute[L],mute[L],mute[L],mute[L],mute[L],mute[L],mute[L],mute[L],mute[L],mute[L],mute[L],mute[L],mute[L],mute[L],mute[L],mute[L],mute[L],mute[L],mute[L],mute[L],mute[L],mute[L],mute[L],mute[L],mute[KLM],mute[LMN],mute[LMN],mute[LMN],mute[LMN],mute[KLM],mute[LMN],mute[LMN],mute[LMN],mute[LMN],mute[KLM],mute[LMN],mute[LMN],mute[LMN],mute[LMN],mute[KLM],mute[LMN],mute[LMN],mute[LMN],mute[LMN],mute[KLM],mute[LMN],mute[LMN],mute[LMN],mute[LMN],mute[KLM],mute[LMN],mute[LMN],mute[LMN],mute[LMN],mute[KLMO],mute[LMNO],mute[L],mute[L],mute[L],mute[L],mute[L],mute[L],mute[J],mute[K],mute[L],mute[L],mute[L],mute[L],mute[L],mute[L],mute[L],mute[L],mute[L],mute[L],mute[L],mute[L],mute[L],mute[L],mute[L],mute[L],mute[L],mute[L],mute[L],mute[L],mute[L],mute[L],mute[L],mute[L],mute[L],mute[L],mute[L],mute[L],mute[L],mute[L],mute[L],mute[L],mute[L],mute[L],mute[L],mute[L],mute[L],mute[L],mute[L],mute[L],mute[L],mute[L],mute[L],mute[L],mute[L],mute[L],mute[L],mute[L],mute[L],mute[L],mute[L],mute[L],mute[L],mute[L],mute[L],mute[L],mute[L],mute[L],mute[L],mute[L],mute[L],mute[L],mute[L],mute[L],mute[L],mute[L],mute[L],mute[L],mute[L],mute[L],mute[L],mute[L],mute[L],mute[L],mute[L],mute[L],mute[L],mute[L],mute[L],mute[L],mute[L],mute[IJK],mute[I];","(f1.a)[MNO],(e1.c1)[MNO],(a1.f1.a)[MNO],(e1.c1)[MNO],(c2.f1.a)[MNO],(e1.c1)[MNO],(d1.#f)[MNO],(#d1.a)[MNO],(#a1.d1.#f)[MNO],(#d1.a)[MNO],(b1.d1.#f)[MNO],(#d1.a)[MNO],(f1.a)[MNO],(e1.c1)[MNO],(a1.f1.a)[MNO],(e1.c1)[MNO],(c2.f1.a)[MNO],(e1.c1)[MNO],(d1.#f)[MNO],(#d1.a)[MNO],(#a1.d1.#f)[MNO],(#d1.a)[MNO],(b1.d1.#f)[MNO],(#d1.a)[MNO],(g2.b2.E-1)[LMN],(b1.B-1)[LMN],#c[MNO],(g1.#a1)[MNO],(#f1.a1.#d)[LMN],B-1[LMN],(e1.g1.e)[LMN],(g1.b1.E-1)[LMN],(b.B-1)[LMN],#c[MNO],(g.#a)[MNO],(#f.a.#d)[LMN],B-1[LMN],(g.e)[LMN],(f.A-1)[MNO],(e.c)[MNO],(a.f.A-1)[MNO],(e.c)[MNO],(c1.f.A-1)[MNO],(e.c)[MNO],(d.#F-1)[MNO],(#d.A-1)[MNO],(#a.d.#F-1)[MNO],(#d.A-1)[MNO],(b.d.#F-1)[MNO],(#d.A-1)[MNO],(a.c)[MNO],(g.#d)[MNO],(c1.a.c)[MNO],(g.#d)[MNO],(#d1.a.c)[MNO],(g.#d)[MNO],(f.A-1)[MNO],(#f.c)[MNO],(#c1.f.A-1)[MNO],(#f.c)[MNO],(d1.f.A-1)[MNO],(#f.c)[MNO],(f.A-1)[MNO],(#f.#A-1)[MNO],(g.B-1)[MNO],(#g.c)[MNO],(a.#c)[MNO],(#a.d)[MNO],(b.#d)[MNO],(c1.e)[MNO],(#c1.f)[MNO],(d1.#f)[MNO],(#d1.g)[MNO],(e1.#g)[MNO],(a.f1.G-2.G-1)[LO],G-1[LO],(#a.f)[LO],(f1.d)[LO],(b.G-1)[LO],f1[LO],(b.#d1.C-1)[LO],G-1[LO],(c1.e1.e)[LO],(g.c)[LO],(c1.G-1)[LO],e1[LO],(b.g1.A-2.A-1)[MNO],A-1[MNO],(c1.g)[MNO],(g1.e)[MNO],(#c1.A-1)[MNO],g1[MNO],(#c1.f1.D-1)[MNO],A-1[MNO],(d1.#f1.#f)[MNO],(a.d)[MNO],(d1.A-1)[MNO],#f1[MNO],(e1.c2.D-1.d)[MNO],d[MNO],(f1.c1)[MNO],(c2.a)[MNO],(#f1.d)[MNO],c2[MNO],(#f1.#a1.G-1)[MNO],d[MNO],(g1.b1.b)[MNO],(d1.g)[MNO],(g1.d)[MNO],b1[MNO],(#f1.#d2.#f)[MNO],#F-1[MNO],(f1.#g)[MNO],(#f1.#d2.#F-1)[MNO],(e1.#a)[MNO],(#f1.#c2)[MNO],(#d1.b1.B-1)[MO],#d[MO],#f[MO],#a[MO],b[MO],#d1[MO],#f1[MO],#a1[MO],b1[MO],(f1.a1.f2)[MNO],d1[MNO],(#a1.g)[MNO],(f1.f2.d)[MNO],(b1.G-1)[MNO],(f1.f2)[MNO],(#d1.b1.#d2)[MNO],c1[MNO],(e1.c2.e2.g)[MNO],(g1.e)[MNO],(c2.c)[MNO],(e1.e2)[MNO],(g1.b1.g2)[MNO],e1[MNO],(c2.a)[MNO],(g1.g2.e)[MNO],(#c2.A-1)[MNO],(g1.g2)[MNO],(f1.#c2.f2)[MNO],d1[MNO],(#f1.d2.#f2.a)[MNO],(a1.#f)[MNO],(#f1.d2.d)[MNO],(a1.#f2)[MNO],(c2.e2.c3)[MNO],a1[MNO],(f2.d1)[MNO],(c2.c3.a)[MNO],(#f2.d)[MNO],(c2.c3)[MNO],(#a1.#f2.#a2)[MNO],d2[MNO],(b1.g2.b2.g1)[MNO],(d2.d1)[MNO],(g2.g)[MNO],(b1.b2)[MNO],(#d2.#f2.#d3.#f1)[MNO],#f[MNO],(#d2.#g1)[MNO],(#f2.#d3.#f)[MNO],(#c2.#a1)[MNO],(e2.#c3)[MNO],(b1.b.#f1)[MNO],(#d2.b2)[MNO],#f2[MNO],#d2[MNO],b1[MNO],#c2[MNO],(#f1.#d2)[MNO],#f[MNO],(f1.#g)[MNO],#f[MNO],(e1.#c2.#a)[MNO],#f[MNO],(#d1.b)[MNO],#a1[MNO],#c2[MNO],b1[MNO],f1[MNO],#g1[MNO],#f1[MNO],d1[MNO],e1[MNO],#d1[MNO],#a[MNO],#c1[MNO],b[MNO],#a[MNO],#c1[MNO],b[MNO],#a[MNO],#c1[MNO],b[MNO],#a[MNO],#c1[MNO],b[MNO],e1[MNO],c1[MNO],d1[MNO],#f1[MNO],(#g1.b1)[MNO],e1[MNO],b[MNO],d1[MNO],#c1[MNO],#g1[MNO],(a1.e2)[MNO],#c1[MNO],#f1[MNO],d1[MNO],e1[MNO],#g1[MNO],(#a1.#c2)[MNO],#f1[MNO],#c1[MNO],e1[MNO],d1[MNO],#a1[MNO],(b1.#f2)[MNO],d1[MNO],#f1[MNO],b1[MNO],d2[MNO],(b2.b1)[MNO],(#f2.#f1)[MNO],(#g2.#g1)[MNO],(b2.#c2.b1)[MNO],(a2.a1)[MNO],b1[MNO],(#g2.#g1)[MNO],(#d2.#d1)[MNO],(f2.f1)[MNO],(#g2.a1.#g1)[MNO],(#f2.#f1)[MNO],(#f2.d2)[MNO],b1[MNO],(d3.#f3.#f1)[MNO],d1[MNO],e1[MNO],(d2.#g2)[MNO],(#c2.a2)[MNO],e1[MNO],a[MNO],(b1.#g1)[MNO],(e2.a1)[MNO],(#c2.#a1)[MNO],(d2.b1)[MNO],e1[MNO],e[MNO],(e2.#f1)[MNO],(b1.g1)[MNO],(d2.#g1)[MNO],(#c2.a1)[MNO],e[MNO],E-1[MNO],(#c2.#a1)[MNO],(#f2.b1)[MNO],(#d2.c2)[MNO],(e2.#c2)[MNO],e1[MNO],e[MNO],(#f2.#g1)[MNO],(#c2.a1)[MNO],(e2.#a1)[MNO],(d2.b1)[MNO],e[MNO],E-1[MNO],(#f2.#c2)[MNO],(b2.d2)[MNO],(a2.#d2)[MNO],(#g2.e2)[MNO],b1[MNO],e1[MNO],(#f2.#c2)[MNO],(b2.d2)[MNO],(a2.#d2)[MNO],(#g2.e2)[MNO],b1[MNO],e1[MNO],(#f2.#c2)[MNO],(b2.d2)[MNO],(a2.#d2)[MNO],(#g2.e2)[MNO],b1[MNO],e1[MNO],(#f2.#c2)[MNO],(b2.d2)[MNO],(a2.#d2)[MNO],(#g2.e2)[MNO],b1[MNO],e1[MNO],(#f2.#c2)[MNO],(b2.d2)[MNO],(a2.#d2)[MNO],(#g2.e2)[MNO],b1[MNO],e1[MNO],#f1[MNO],a1[MNO],#g1[MN],d1[MNO],(e2.e1)[MNO],(#g2.#g1)[MNO],(#f2.#f1)[MNO],(b1.b)[MNO],(#c2.#c1)[MNO],(e2.e1)[MNO],(d2.d1)[MNO],(#g1.#g)[MNO],(a1.a)[MNO],(#c2.#c1)[MNO],(b1.b)[MNO],(d1.d)[MNO],(e1.e)[MNO],(#g1.#g)[MNO],(#f1.#f)[MNO],(d1.d)[MNO],(b.B-1)[MNO],A-1[LM],#c2[N],(#c3.e.a.#c1)[LMN],(e.a.d1)[LMN],(#f2.#c)[LMN],(e.a.#d1)[LMN],(e2.e.a.e1)[LMN],B-1[LMN],(d2.f.b.d1)[LMN],(#f.b.d1)[LMN],(#g1.A-1)[LMN],(#g.b.d1)[LMN],(#f1.a.b.d1)[LMN],#G-1[MNO],b[MNO],(#f1.e.d1)[MNO],b1[MNO],#f1[MNO],e1[MNO],#F-1[MNO],a1[MNO],(e2.#f.d1)[MNO],a2[MNO],e2[MNO],d2[MNO],E-1[MNO],d2[MNO],(a2.e.b.d1.e1)[MNO],d3[MNO],a2[MNO],#g2[MNO],#f2[MNO],e2[MNO],#d2[MNO],d2[MNO],#c2[MNO],b1[MNO],A-1[MNO],#c1[MNO],(a1.e)[MNO],#c2[MNO],(a1.A-1)[MNO],#c1[MNO],(#g1.f)[MNO],#c2[MN],(#g1.A-1)[MNO],#c1[MNO],(#f1.#f)[MNO],#c2[MNO],#A-1[MNO],#c1[MNO],(e1.#f)[MNO],#c2[MNO],(e1.#A-1)[MNO],#c1[MN],(e1.#g)[MNO],#c2[MNO],#c2[MNO],e2[MNO],#c3[LMN],B-1[MNO],d1[MNO],(b1.#f)[MNO],d2[MNO],(b1.B-1)[MNO],d1[MNO],(a1.g)[MNO],d2[MN],(a1.B-1)[MNO],d1[MNO],(#g1.#g)[MNO],d2[MNO],c[MNO],#d1[MNO],(#g1.#g)[MNO],#d2[MN],(#g1.c)[MNO],#d1[MNO],#f1[MNO],#d2[MNO],#d2[MNO],#f2[MNO],#d3[LMN],#c[MNO],#g[MNO],(e2.e3.#c1)[MNO],e1[MNO],#c1[MNO],#g[MNO],(a2.e)[MNO],#g[MNO],#c1[MNO],e1[MNO],(#g2.#c1)[MNO],#g[MNO],#d[MNO],#g[MNO],(#f2.c1)[MNO],#f1[MNO],c1[MNO],#g[MNO],(b1.#G-1)[L],#g[MNO],c1[MNO],#f1[MNO],(a1.c1)[MNO],#g[MNO],#c[MNO],#g[MNO],(e2.#c1)[MNO],e1[MNO],(e3.#c1)[MNO],#g[MNO],e[MNO],#g[MNO],(a2.#c1)[MNO],e1[MNO],(#g2.#c1)[MNO],#g[MNO],#d[MNO],#g[MNO],(#f3.c1)[MNO],#f1[MNO],(#f2.c1)[MNO],#g[MNO],#G-1[L],#g[MNO],(b1.c1)[MNO],#f1[MNO],(a1.#f2.c1)[MNO],#g[MNO],#c[MNO],#g[MNO],(#g1.e2.#c1)[MNO],e1[MNO],(#g1.e2.#c1)[MNO],#g[MNO],#c[MNO],#g[MNO],(e2.g1.#c1)[MNO],e1[MNO],(#g1.#c1)[MNO],#g[MNO],B-1[L],e[MNO],(e2.#g1.#g)[MNO],d1[MNO],(a1.#g)[MNO],e[MNO],A-1[L],e[MNO],(e2.a1.#f)[MNO],d1[MNO],(#a1.#f)[MNO],e[MNO],#G-1[MNO],e[MNO],(e2.#a1.d1)[MNO],e[MNO],(b1.#G-1)[LMN],#c[MNO],e[MNO],(e2.g1.#g)[MNO],e1[MNO],(#g1.#g)[MNO],e[MNO],B-1[MNO],e[MNO],(e2.#g1.#g)[MNO],d1[MNO],(a1.#g)[MNO],e[MNO],A-1[MNO],e[MNO],(e2.a1.#f)[MNO],d1[MNO],(#a1.#f)[MNO],e[MNO],#G-1[MNO],e[MNO],(e2.#a1.d1)[MNO],e[MNO],#G-1[MNO],b1[MNO],#c2[MNO],d2[MNO],b1[MNO],#g1[MNO],#f1[MNO],e1[MNO],#G-1[MNO],e[MNO],(e2.#a1.d1)[MNO],e[MNO],#G-1[MNO],b1[MNO],#c2[MNO],d2[MNO],b1[MNO],#g1[MNO],#f1[MNO],e1[MNO],#A-1[MNO],e[MNO],(e2.c2.#f)[MNO],#c1[MNO],#f[MNO],(#c2.e)[MNO],(d2.#A-1)[MNO],e2[MNO],#c2[MNO],#a1[MNO],#g1[MNO],#f1[MNO],#A-1[MNO],e[MNO],(e2.c2.#f)[MNO],#c1[MNO],#f[MNO],(#c2.e)[MNO],(d2.#A-1)[MNO],e2[MNO],#c2[MNO],#a1[MNO],#g1[MNO],#f1[MNO],B-1[MNO],e[MNO],(e2.#c2.#g)[MNO],d1[MNO],e1[MNO],(d2.#g1)[MNO],e2[MNO],#f2[MNO],d2[MNO],b1[MNO],(#g1.b)[MNO],(#f1.#c1)[MNO],(e1.d1)[MNO],(#f1.#c1)[MNO],(#g1.b)[MNO],(a1.a)[MNO],(b1.#g)[MNO],(#c2.#f)[MNO],(d2.e)[MNO],(e2.d)[MNO],(#f2.#c)[MNO],(#g2.B-1)[MNO],(a2.A-1)[MNO],(b2.#G-1)[MNO],G-1[MNO],#c[MNO],(#c3.e)[MNO],a[MNO],#c1[MNO],e1[MNO],(#f2.a1)[KLM],e2[LMN],#F-1[MNO],B-1[MNO],(b2.#d)[MNO],a[MNO],b[MNO],#d1[MNO],(e2.a1)[KLM],#d2[LMN],E-1[MNO],#c[MNO],(a2.e)[MNO],a[MNO],#c1[MNO],e1[MNO],(d2.a1)[KLM],#c2[LMN],E-1[MNO],B-1[MNO],(#f2.d)[MNO],e[MNO],b[MNO],d1[MNO],(a1.e1)[KLM],#g1[LMN],A-2[MNO],E-1[MNO],(#c2.A-1)[MNO],#c[MNO],e[MNO],a[MNO],(#f1.g)[KLM],e1[LMN],A-2[MNO],#F-1[MNO],(b1.A-1)[MNO],B-1[MNO],#f[MNO],a[MNO],(e1.f)[KLM],#d1[LMN],A-2[MNO],E-1[MNO],(a1.#F-1)[MNO],A-1[MNO],e[MNO],#f[MNO],(d1.a)[KLMO],#c1[LMNO],A-2[L],D-1[L],(#f1.E-1)[L],B-1[L],d[L],e[L],(a.b)[J],#g[K],A-2[MNO],#C-1[MNO],E-1[MNO],(#c1.A-1)[MNO],#f[MNO],e[MNO],E-1[MNO],B-1[MNO],d[MNO],(#f1.e)[MNO],a[MNO],#g[MNO],A-1[MN],#c[MN],e[MN],(#c2.a)[MN],#f1[MN],e1[MN],e[MN],b[MN],d1[MN],(#f2.e1)[MN],a1[MN],#g1[MN],a[MN],#c1[MN],e1[MN],(#c3.a1)[MN],#f2[MN],e2[MN],e1[MN],b1[MN],d2[MN],(#f3.e2)[MN],a2[MN],#g2[MN],e1[MO],b1[MO],d2[MO],(#f3.e2)[MO],a2[MO],#g2[MO],e1[MO],b1[MO],d2[MO],(#f3.e2)[MO],a2[MO],#g2[MO],e1[MO],b1[MO],d2[MO],e2[MO],#f2[MO],#g2[MO],a2[MO],b2[MO],#c3[MO],d3[MO],#g2[MO],a2[MO],b2[MO],#c3[MO],d3[MO],e3[MO],#f3[MO],#c3[MO],d3[MO],e3[MO],#f3[MO],#g3[MO],a3[MO],b3[MO],(#c4.a1)[MO],#f3[MO],e3[MO],d3[MO],#g2[MO],#f2[MO],(#c4.a1)[MO],#f3[MO],e3[MO],d3[MO],#g2[MO],#f2[MO],(#c4.a1)[MO],#f3[MO],e3[MO],d3[MO],#g2[MO],#f2[MO],(#c4.a1)[MO],#f3[MO],e3[MO],d3[MO],#g2[MO],#f2[MO],(#c4.a1)[MO],#f3[MO],e3[MO],d3[MO],#g2[MO],#f2[MO],#c3[MO],#f2[MO],e2[MO],d2[MO],#g1[MO],#f1[MO],#c2[MO],#f1[MO],e1[MO],d1[MO],#g[MO],#f[MO],#c1[MO],#f[MO],e[MO],d[MO],#G-1[MO],#F-1[MO],(A-2.E-1.#c)[IJK],a[NO],e1[M],#c2[NO],e2[NO],a2[NO],#c3[M],a3[JLM];"]}]}