{"baseBpm":107,"musics":[{"id":1,"baseBeats":0.5,"scores":["(#A-1.f1.#g1.c2)[L],U,(f.#a.f1.#g1.c2)[L],U,#c[L],(f.#a.f1.#g1.c2)[K],U,#A-1[L],U,(f.#a.f1.#g1.c2)[L],U,#c[L],(f.#a.f1.#g1.c2)[K],U,#D-1[L],U,(#d.g.f1.#g1.c2)[L],U,#A-1[L],(#d.g.f1.#g1.c2)[K],U,(#D-1.f1.#g1.c2)[L],U,(#d.g)[L],(f1.#g1.c2)[L],#A-1[L],(#d.g.f1.#g1.c2)[K],U,(#G-1.#d1.g1.#a1)[L],U,(#d.#g.#d1.g1.#a1)[L],U,c[L],(#d.#g.#d1.g1.#a1)[K],U,#G-1[L],U,(#d.#g.#d1.g1.#a1)[L],U,(c.#d1.g1.#a1)[L],(#d.#g)[K],U,(#F-1.c.c1.#d1.#g1)[KL],U,5<(#d.#g.#g4)[N],f4[N],#c4[N],#g3[N]>,5<f3[N],#c3[N],(#c.#a.#g2)[N],f2[N]>,5<#c2[N],#g1[N],f1[N],#c1[N]>,U,#d2[L],f2[L],g2[L],U,g2[L],f2[L],U,c2[L],U,f2[L],#A-1[L],U,(f.#a.#g1.c2)[L],U,#c[L],(f.#a.#g1.c2)[K],U,#A-1[L],U,(f.#a.#g1.c2)[L],U,#c[L],(f.#a.#g1.c2)[K],U,#D-1[L],U,(#d.g.g1.c2)[L],U,#A-1[L],(#d.g.g1.c2)[L],g2[L],#g2[L],(#D-1.g2)[L],U,(#d.g.g2)[L],g2[L],#A-1[L],(#d.g.#g2)[L],U,f2[L],#A-1[L],#d2[L],(#d.#g)[L],#c2[L],(c.c2)[L],(#d.#g)[K],U,#G-1[L],U,(#d.#g.#d1.g1.#a1)[L],U,(c.#d1.g1)[L],(#d.#g)[K],U,F-1[L],U,(c.f.#d1.g1.c2)[L],U,#G-1[L],(c.f.#d1.g1.c2)[L],#d2[L],f2[L],(F-1.g2)[L],U,(c.f.f2)[L],#d2[L],#G-1[L],(c.f.c2)[L],U,f2[L],#A-1[L],U,(f.#a)[L],U,#c[L],(f.#a.#d2)[L],f2[L],#d2[L],#A-1[L],U,(f.#a.#g1.c2)[L],U,#c[L],(f.#a.#g1.c2)[K],U,#D-1[L],U,(#d.g.g1.c2)[L],U,#A-1[L],(#d.g.g1.c2)[L],g2[L],#g2[L],(#D-1.g2)[L],U,(#d.g.g2)[L],g2[L],#A-1[L],(#d.g.#g2)[L],U,#a2[L],#G-1[L],U,(#d.#g.#g2)[L],U,c[L],(#d.#g)[K],U,#G-1[L],U,(#d.#g.#d1.g1.#a1)[L],U,(c.#d1.g1)[L],(#d.#g)[K],U,F-1[L],U,(c.f.#d1.g1.c2)[L],U,#G-1[L],(c.f.#d1.g1.c2)[L],(#g1.#g2)[L],(#g1.#g2)[L],(F-2.F-1.#a1.#a2)[L],U,(#a1.#a2)[L],(#a1.#a2)[L],(c.f)[L],(#g1.#g2)[L],c[L],(#a1.#d2.#a2)[L],(#D-2.#D-1)[L],U,8<(#F-1.#f.f2~g2~a2~b2~c3~d3.F-1.f~e3~f3~g3~a3~b3~c4~d4~e4~f4)[K]>,(#D-1.#A-1.#d)[L],U,#g2[L],#g2[L],(#G-2.#G-1.#d2.#a2)[L],U,#a2[L],#a2[L],(#G-1.#d.#g)[L],c3[L],U,(#c2.#g2)[L],(#C-1.#c)[L],g2[L],f2[L],U,(f.#g.#c1)[L],U,(#g1.#g2)[L],(#g1.#g2)[L],(f.#g.#c1.#a1.#a2)[L],U,(#a1.#a2)[L],(#a1.#a2)[L],(f.#g.#c1)[L],(#g1.#g2)[L],U,(#a1.d2.#a2)[L],(G-2.G-1)[L],U,8<(#G-1.#g.c5~b4~a4~g4~f4~e4~d4~c4~b3~a3~g3~f3~e3~d3~c3~b2~a2~g2)[K]>,(G-1.d.g)[L],U,#g2[L],#g2[L],(C-1.c.e2.#a2)[L],U,#a2[L],#a2[L],(c.g.c1)[L],c3[L],U,(c2.#g2)[L],(F-2.F-1)[L],U,(c2.#a2)[L],U,(c.f.#g)[L],U,(#g1.#g2)[L],(#g1.#g2)[L],(F-2.F-1.#a1.#a2)[L],U,(#a1.#a2)[L],(#a1.#a2)[L],(c.f)[L],(#g1.#g2)[L],c[L],(#a1.#d2.#a2)[L],(#D-2.#D-1)[L],U,8<(#A-1.#a.f2~g2~a2~b2~c3~d3.F-1.f~e3~f3~g3~a3~b3~c4~d4~e4~f4)[K]>,(#D-1.#A-1.#d)[L],#g2[L],#g2[L],#g2[L],(#G-2.#G-1.#d2.#a2)[L],U,#g2[L],#a2[L],(#G-1.#d.#g)[L],c3[K],U,(#C-1.#c.#g1.f2.#g2)[L],U,8<(#F-1.#f.c5~b4~a4~g4~f4~e4~d4~c4~b3~a3~g3~f3~e3~d3~c3~b2~a2~g2)[K]>,(C-1.c.g1.#d2.g2)[L],U,8<(#D-1.#d.f2~g2~a2~b2~c3~d3.F-1.f~e3~f3~g3~a3~b3~c4~d4~e4~f4)[K]>,(#A-2.#A-1.f1.#c2.f2)[L],U,8<(E-1.e.c5~b4~a4~g4~f4~e4~d4~c4~b3~a3~g3~f3~e3~d3~c3~b2~a2~g2)[K]>,(g1.c2)[L],U,(g1.c2)[L],U,(#g1.#g2)[L],(#F-2.#F-1)[L],(g1.c2)[L],(f1.#a1)[JK],U,5<(#F-2.#F-1.#g4)[N],f4[N],#c4[N],#g3[N]>,5<f3[N],#c3[N],(d.#a.#g2)[N],f2[N]>,5<#c2[N],#g1[N],f1[N],#c1[N]>,U,(#D-1.#d.#a.#c1.f1)[KL],U,(#g1.#g2)[L],(#a1.#a2)[L],(c2.c3)[L],U,(c2.c3)[L],U,(#D-1.#d.c2.c3)[L],U,(#a1.#a2)[L],(#g1.#g2)[L],(#A-2.#A-1.#a1.f2.#a2)[L],(#a1.f2.#a2)[K],U,(f.#a)[L],U,#A-1[L],U,(f1.c2.f2)[L],U,#A-1[L],(#d1.#a1.#d2)[L],(f.#a)[L],U,(f1.c2.f2)[L],U,(#D-2.#D-1)[L],(#d1.#a1.#d2)[K],U,(#A-1.#d)[L],U,(#D-1.#g1.#g2)[L],(#a1.#a2)[L],(c2.c3)[L],U,#D-1[L],(c2.c3)[L],(#A-1.#d)[L],(#a1.#a2)[L],U,(#g1.#g2)[L],(#G-2.#G-1.#a1.f2.#a2)[L],U,(#g1.#d2.#g2)[L],U,(#d.#g)[L],(f1.f2)[L],(#G-1.#d1.#d2)[L],U,#g2[L],U,#d2[L],f2[L],(#d.#g)[L],U,(#g1.#d2)[L],U,(F-2.F-1)[L],(f1.#c2)[L],(#d1.c2)[L],U,(c.f)[L],U,(#g1.#g2)[L],(#a1.#a2)[L],(c2.c3)[L],U,(c2.c3)[L],U,(#D-1.#d.c2.c3)[L],U,(#a1.#a2)[L],(#g1.#g2)[L],(#A-2.#A-1.#a1.f2.#a2)[L],(#a1.f2.#a2)[K],U,(f.#a)[L],U,#A-1[L],U,(f1.c2.f2)[L],U,#A-1[L],(#d1.#a1.#d2)[L],(f.#a)[L],U,(#g1.c2.#g2)[L],U,(#D-2.#D-1)[L],(g1.#a1.g2)[K],U,(#A-1.#d)[L],U,(#D-1.#g1.#g2)[L],(#a1.#a2)[L],(c2.c3)[L],U,(#D-1.c2.c3)[L],(c2.c3)[L],(#A-1.#d)[L],(#a1.#a2)[L],U,(#g1.#g2)[L],(#G-2.#G-1.#a1.f2.#a2)[L],(#g1.#d2.#g2)[K],U,(#d.#g)[L],U,#G-1[L],U,8<(#G-1.#g.c5~b4~a4~g4~f4~e4~d4~c4~b3~a3~g3~f3~e3~d3~c3~b2~a2~g2)[K]>,"]},{"id":2,"baseBeats":0.5,"scores":["(#G-1.#d1.g1.#a1)[L],U,(#d.#g.#d1.g1)[L],U,8<(#D-1.#d.f2~g2~a2~b2~c3~d3.F-1.f~e3~f3~g3~a3~b3~c4~d4~e4~f4)[K]>,(F-2.F-1)[L],U,(#d1.g1.c2)[L],U,(c.f)[L],U,(F-1.#d2.#d3)[L],U,(c2.c3)[L],(c2.c3)[L],(F-1.c2.c3)[L],(c2.c3)[L],(c.f.#a1.#a2)[L],(#g1.#g2)[L],(#g1.#g2)[L],U,(#A-2.#A-1.#a1.f2.#a2)[L],U,(#a1.f2.#a2)[L],U,(f.#a)[L],(#g1.#d2.#g2)[L],#A-1[L],(#a1.f2.#a2)[K],U,#A-1[L],U,(f.#a)[L],(#a1.#a2)[K],U,(#D-2.#D-1.#a1.f2.#a2)[L],U,(c2.c3)[L],U,(#A-1.#d)[L],(#g1.#g2)[L],#D-1[L],(#g1.#g2)[L],(#a1.f2.#a2)[L],U,(#D-1.c2.#d2.c3)[L],U,(#A-1.#d)[L],(#g1.#g2)[K],U,(#G-2.#G-1.#a1.f2.#a2)[L],U,(#a1.f2.#a2)[L],U,(#d.#g)[L],(#g1.#d2.#g2)[L],#G-1[L],(#a1.f2.#a2)[K],U,#G-1[L],U,(#d.#g)[L],(#g1.#g2)[L],U,(#g1.#g2)[L],(F-2.F-1.#a1.#a2)[L],U,(c2.c3)[L],U,(c.f.#g1.#g2)[L],(#g1.#g2)[L],F-1[L],(#g1.#g2)[L],(#a1.#c2.#a2)[L],U,(F-1.c2.#d2.c3)[L],U,(c.f)[L],#g1[K],U,(#A-2.#A-1.#g1)[L],U,#d1[L],f1[L],(f.#a)[L],#g2[L],#A-1[L],U,#g2[L],U,#d2[L],f2[L],(f.#a)[L],(g1.#d2)[L],(#g1.f2)[L],(g2.#d2)[L],(#D-2.#D-1)[L],U,8<(e1~#d1.#F-1.#f~d1~#c1~c1~b~#a~a~#g~g~#f~f~e~#d~d~#c~c)[K]>,(#A-1.#d)[L],(f1.#c2)[L],(#D-1.#d1.c2)[L],(f1.#c2)[L],(g1.#d2)[L],U,#D-1[L],U,(#A-1.#d)[L],#g1[K],U,(#G-2.#G-1.g1)[L],U,#d1[L],#d1[L],(#d.#g)[L],(c2.#d2)[L],#G-1[L],U,(c2.#d2)[L],U,(#G-1.#g1.c2)[L],(#g1.c2)[L],(#d.#g)[L],(#a1.#c2)[L],(#g1.c2)[L],(#a1.#c2)[L],(F-2.F-1.#g1.c2)[KL],U,5<(F-1.f.#a4)[N],g4[N],#d4[N],#a3[N]>,5<(A-1.a.g3)[N],#d3[N],#a2[N],g2[N]>,5<(G-1.g.#d2)[N],#a1[N],g1[N],#d1[N]>,U,#d2[L],f2[L],g2[L],U,f2[L],#d2[L],U,c2[L],U,f2[L],(#A-1.c2.c3)[L],U,(f.#a.b1.b2)[L],(#a1.#a2)[L],#c[L],(f.#a.a1.a2)[L],U,(b1.b2)[L],(#A-1.c2.c3)[L],U,(f.#a.b1.b2)[L],U,#c[L],(f.#a)[K],U,(#D-1.c2.c3)[L],U,(#d.g.b1.b2)[L],(#a1.#a2)[L],#A-1[L],(#d.g.b1.b2)[L],(c2.g2.c3)[L],#g2[L],(#D-1.g2)[L],U,(#d.g.#g2)[L],g2[L],#A-1[L],(#d.g.#g2)[L],U,f2[L],#G-1[L],#d2[L],(#d.#g)[L],#c2[L],(c.c2)[L],(#d.#g)[L],U,(b1.b2)[L],(#G-1.c1.c2)[L],U,(#d.#g.b1.b2)[L],U,(c.#a1.#a2)[L],(#d.#g)[K],U,(F-1.c2.c3)[L],U,(c.f.b1.b2)[L],(#a1.#a2)[L],#G-1[L],(c.f.a1.a2)[L],#d2[L],f2[L],(F-1.g2)[L],U,(c.f.f2)[L],#d2[L],#G-1[L],(c.f.c2)[L],U,(#g1.f2)[L],#A-1[L],U,(f.#a)[L],U,#c[L],(f.#a.g2)[L],#g2[L],(#a1.g2)[L],#A-1[L],U,(f.#a)[L],U,#A-1[L],(f.#a.g1.#d2)[L],(#g1.f2)[L],(g1.#d2)[L],#D-1[L],U,(#d.g)[L],U,#A-1[L],(#d.g)[L],g2[L],#g2[L],(#D-1.#d2.g2)[L],U,(#d.g.#d2.g2)[L],(#d2.g2)[L],#A-1[L],(#d.g.#g2)[L],U,(#c2.#a2)[L],#A-1[L],U,(#d.#g.c2.#g2)[L],U,c[L],(#d.#g)[K],U,#G-1[L],U,(#d.#g.c2.c3)[L],U,(c.c2.c3)[L],(#d.#g)[L],(c2.c3)[L],(#a1.#a2)[L],(F-1.#g1.#g2)[L],U,(c.f)[L],U,#G-1[L],(c.f)[L],(#g1.#g2)[L],(#g1.#g2)[L],(F-2.F-1.#a1.#a2)[L],U,(#a1.#a2)[L],(#a1.#a2)[L],(c.f)[L],(#g1.#g2)[L],c[L],(#a1.#d2.#a2)[L],(#D-2.#D-1)[L],U,8<(#A-1.#a.f2~g2~a2~b2~c3~d3.F-1.f~e3~f3~g3~a3~b3~c4~d4~e4~f4)[K]>,(#D-1.#A-1.#d)[L],#g2[L],#g2[L],(#G-2.#G-1.#d2.#a2)[L],,U,#a2[L],#a2[L],(#G-1.#d.#g)[L],c3[L],U,(#c2.#g2)[L],(#C-1.#c)[L],g2[L],f2[L],U,(f.#g.#c1)[L],U,(#g1.#g2)[L],(#g1.#g2)[L],(f.#g.#c1.#a1.#a2)[L],U,(#a1.#a2)[L],(#a1.#a2)[L],(f.#g.#c1)[L],(#g1.#g2)[L],U,(#a1.d2.#a2)[L],(G-2.G-1)[L],U,8<(#G-1.#g.c5~b4~a4~g4~f4~e4~d4~c4~b3~a3~g3~f3~e3~d3~c3~b2~a2~g2)[K]>,(G-1.d.g)[L],U,#g2[L],#g2[L],(C-1.c.e2.#a2)[L],U,#a2[L],#a2[L],(c.g.c1)[L],c3[L],U,(c2.#g2)[L],(F-2.F-1)[L],U,(c2.#a2)[L],U,(c.f.#g)[L],U,(#g1.#g2)[L],(#g1.#g2)[L],(F-2.F-1.#a1.#a2)[L],U,(#a1.#a2)[L],(#a1.#a2)[L],(c.f)[L],(#g1.#g2)[L],c[L],(#a1.#d2.#a2)[L],(#D-2.#D-1)[L],U,8<(#A-1.#a.f2~g2~a2~b2~c3~d3.F-1.f~e3~f3~g3~a3~b3~c4~d4~e4~f4)[K]>,(#D-1.#A-1.#d)[L],#g2[L],#g2[L],#g2[L],(#G-2.#G-1.#d2.#a2)[L],U,#g2[L],#a2[L],(#G-1.#d.#g)[L],c3[K],U,(#C-1.#c.#g1.f2.#g2)[L],U,8<(#F-1.#f.c5~b4~a4~g4~f4~e4~d4~c4~b3~a3~g3~f3~e3~d3~c3~b2~a2~g2)[K]>,(C-1.c.g1.#d2.g2)[L],U,8<(#D-1.#d.f2~g2~a2~b2~c3~d3.F-1.f~e3~f3~g3~a3~b3~c4~d4~e4~f4)[K]>,(#A-2.#A-1.f1.#c2.f2)[L],U,8<(E-1.e.c5~b4~a4~g4~f4~e4~d4~c4~b3~a3~g3~f3~e3~d3~c3~b2~a2~g2)[K]>,(g1.c2)[L],U,(g1.c2)[L],U,(#g1.#g2)[L],(#F-2.#F-1)[L],(g1.c2)[L],(f1.#a1)[JK],U,5<(#F-2.#F-1.#g4)[N],f4[N],#c4[N],#g3[N]>,5<f3[N],#c3[N],(d.#a.#g2)[N],f2[N]>,5<#c2[N],#g1[N],f1[N],#c1[N]>,U,(#D-1.#d.#a.#c1.f1)[KL],U,(#g1.#g2)[L],(#a1.#a2)[L],(c2.c3)[L],U,(c2.c3)[L],U,(#D-1.#d.c2.c3)[L],U,(#a1.#a2)[L],(#g1.#g2)[L],(#A-2.#A-1.#a1.f2.#a2)[L],(#a1.f2.#a2)[K],U,(f.#a)[L],U,#A-1[L],U,(f1.c2.f2)[L],U,#A-1[L],(#d1.#a1.#d2)[L],(f.#a)[L],U,(f1.c2.f2)[L],U,(#D-2.#D-1)[L],(#d1.#a1.#d2)[K],U,(#A-1.#d)[L],U,(#D-1.#g1.#g2)[L],(#a1.#a2)[L],(c2.c3)[L],U,#D-1[L],(c2.c3)[L],(#A-1.#d)[L],(#a1.#a2)[L],U,(#g1.#g2)[L],(#G-2.#G-1.#a1.f2.#a2)[L],U,(#g1.#d2.#g2)[L],U,(#d.#g)[L],(f1.f2)[L],(#G-1.#d1.#d2)[L],U,#g2[L],U,#d2[L],f2[L],(#d.#g)[L],U,(#g1.#d2)[L],U,(F-2.F-1)[L],(f1.#c2)[L],(#d1.c2)[L],U,(c.f)[L],U,(#g1.#g2)[L],(#a1.#a2)[L],(c2.c3)[L],U,(c2.c3)[L],U,(#D-1.#d.c2.c3)[L],U,(#a1.#a2)[L],(#g1.#g2)[L],(#A-2.#A-1.#a1.f2.#a2)[L],(#a1.f2.#a2)[K],U,(f.#a)[L],U,#A-1[L],U,(f1.c2.f2)[L],U,#A-1[L],(#d1.#a1.#d2)[L],(f.#a)[L],U,(#g1.c2.#g2)[L],U,(#D-2.#D-1)[L],(g1.#a1.g2)[K],U,(#A-1.#d)[L],U,(#D-1.#g1.#g2)[L],(#a1.#a2)[L],(c2.c3)[L],U,(#D-1.c2.c3)[L],(c2.c3)[L],(#A-1.#d)[L],(#a1.#a2)[L],U,(#g1.#g2)[L],(#G-2.#G-1.#a1.f2.#a2)[L],(#g1.#d2.#g2)[K],U,(#d.#g)[L],U,#G-1[L],U,8<(#G-1.#g.c5~b4~a4~g4~f4~e4~d4~c4~b3~a3~g3~f3~e3~d3~c3~b2~a2~g2)[K]>,"]},{"id":3,"baseBeats":0.5,"scores":["(#G-1.#d1.g1.#a1)[L],U,(#d.#g.#d1.g1)[L],U,8<(#D-1.#d.f2~g2~a2~b2~c3~d3.F-1.f~e3~f3~g3~a3~b3~c4~d4~e4~f4)[K]>,(F-2.F-1)[L],U,(#d1.g1.c2)[L],U,(c.f)[L],(#d1.g1.c2)[L],F-1[K],U,c2[L],(F-1.c2)[L],c2[L],(c.f.c2)[L],c2[L],c2[L],c2[L],(#A-2.#A-1.c2)[L],U,#d2[L],U,(f.#a.c2)[L],U,#A-1[K],U,c2[L],(F-1.c2)[L],c2[L],(c.f.c2)[L],c2[L],c2[L],c2[L],(#A-2.#A-1.c2)[L],c2[L],#d2[L],#d2[L],(#A-1.#d.c2)[L],U,#D-1[K],U,(#d2)[L],(#D-1.#d2)[L],#d2[L],(#A-1.#d.#d2)[L],c2[L],c2[L],c2[L],(#G-2.#G-1.c2)[L],(#a1.f2)[L],(#g1.#d2)[K],U,(#d.#g)[L],U,#G-1[K],U,f2[L],(#G-1.f2)[L],f2[L],(#d.#g.#d2)[L],#d2[L],#d2[L],#d2[L],(F-2.F-1.c2)[L],#d2[L],(c2.d2)[L],U,(c.f)[L],U,F-1[L],U,#d2[L],#d2[L],(F-1.#d2)[L],#d2[L],(c.f.#d2)[L],U,c2[L],(#g1.f2)[L],(#A-2.#A-1)[L],(g1.#d2)[K],U,(f.#a)[L],U,#A-1[L],U,#d2[L],#d2[L],(#A-1.#d2)[L],U,(f.#a.#d2)[L],U,c2[L],(#g1.f2)[L],(#A-2.#A-1)[L],(g1.#d2)[K],U,(#A-1.#d)[L],U,F-1[L],U,#d2[L],#d2[L],(F-1.#d2)[L],#d2[L],(c.f.#d2)[L],c2[L],c2[L],#d2[L],(#A-2.#A-1.#g1.f2)[L],U,(g1.#d2)[K],U,(#d.#g)[L],U,#G-1[L],U,#g2[L],#g2[L],(#G-1.#g2)[L],U,(#d.#g.g2)[K],U,(c2.#g2)[L],(F-2.F-1)[L],(#a1.g2)[L],(c2.#g2)[L],U,(c2.g2)[L],U,(#g1.#g2)[L],(#a1.#a2)[L],(c2.c3)[L],U,(c2.c3)[L],U,(#D-1.#d.c2.c3)[L],U,(#a1.#a2)[L],(#g1.#g2)[L],(#A-2.#A-1.#a1.f2.#a2)[L],(#a1.f2.#a2)[K],U,(f.#a)[L],U,#A-1[L],U,(f1.c2.f2)[L],U,#A-1[L],(#d1.#a1.#d2)[L],(f.#a)[L],U,(f1.c2.f2)[L],U,(#D-2.#D-1)[L],(#d1.#a1.#d2)[K],U,(#A-1.#d)[L],U,(#D-1.#g1.#g2)[L],(#a1.#a2)[L],(c2.c3)[L],U,#D-1[L],(c2.c3)[L],(#A-1.#d)[L],(#a1.#a2)[L],U,(#g1.#g2)[L],(#G-2.#G-1.#a1.f2.#a2)[L],U,(#g1.#d2.#g2)[L],U,(#d.#g)[L],(f1.f2)[L],(#G-1.#d1.#d2)[L],U,#g2[L],U,#d2[L],f2[L],(#d.#g)[L],U,(#g1.#d2)[L],U,(F-2.F-1)[L],(f1.#c2)[L],(#d1.c2)[L],U,(c.f)[L],U,(#g1.#g2)[L],(#a1.#a2)[L],(c2.c3)[L],U,(c2.c3)[L],U,(#D-1.#d.c2.c3)[L],U,(#a1.#a2)[L],(#g1.#g2)[L],(#A-2.#A-1.#a1.f2.#a2)[L],(#a1.f2.#a2)[K],U,(f.#a)[L],U,#A-1[L],U,(f1.c2.f2)[L],U,#A-1[L],(#d1.#a1.#d2)[L],(f.#a)[L],U,(#g1.c2.#g2)[L],U,(#D-2.#D-1)[L],(g1.#a1.g2)[K],U,(#A-1.#d)[L],U,(#D-1.#g1.#g2)[L],(#a1.#a2)[L],(c2.c3)[L],U,(#D-1.c2.c3)[L],(c2.c3)[L],(#A-1.#d)[L],(#a1.#a2)[L],U,(#g1.#g2)[L],(#G-2.#G-1.#a1.f2.#a2)[L],(#g1.#d2.#g2)[K],U,(#d.#g)[L],U,#G-1[L],U,8<(#G-1.#g.c5~b4~a4~g4~f4~e4~d4~c4~b3~a3~g3~f3~e3~d3~c3~b2~a2~g2)[K]>,(#G-1.#d1.g1.#a1)[L],U,(#d.#g.#d1.g1)[L],U,8<(#D-1.#d.f2~g2~a2~b2~c3~d3.F-1.f~e3~f3~g3~a3~b3~c4~d4~e4~f4)[K]>,(F-2.F-1)[L],U,(#d1.g1.c2)[L],U,(c.f)[L],U,(F-1.#d2.#d3)[L],U,(c2.c3)[L],(c2.c3)[L],(F-1.c2.c3)[L],(c2.c3)[L],(c.f.#a1.#a2)[L],(#g1.#g2)[L],(#g1.#g2)[L],U,(#A-2.#A-1.#a1.f2.#a2)[L],U,(#a1.f2.#a2)[L],U,(f.#a)[L],(#g1.#d2.#g2)[L],#A-1[L],(#a1.f2.#a2)[K],U,#A-1[L],U,(f.#a)[L],(#a1.#a2)[K],U,(#D-2.#D-1.#a1.f2.#a2)[L],U,(c2.c3)[L],U,(#A-1.#d)[L],(#g1.#g2)[L],#D-1[L],(#g1.#g2)[L],(#a1.f2.#a2)[L],U,(#D-1.c2.#d2.c3)[L],U,(#A-1.#d)[L],(#g1.#g2)[K],U,(#G-2.#G-1.#a1.f2.#a2)[L],U,(#a1.f2.#a2)[L],U,(#d.#g)[L],(#g1.#d2.#g2)[L],#G-1[L],(#a1.f2.#a2)[K],U,#G-1[L],U,(#d.#g)[L],(#g1.#g2)[L],U,(#g1.#g2)[L],(F-2.F-1.#a1.#a2)[L],U,(c2.c3)[L],U,(c.f.#g1.#g2)[L],(#g1.#g2)[L],F-1[L],(#g1.#g2)[L],(#a1.#c2.#a2)[L],U,(F-1.c2.#d2.c3)[L],U,(c.f)[L],#g1[K],U,(#A-2.#A-1.#g1)[L],U,#d1[L],f1[L],(f.#a)[L],#g2[L],#A-1[L],U,#g2[L],U,#d2[L],f2[L],(f.#a)[L],(g1.#d2)[L],(#g1.f2)[L],(g2.#d2)[L],(#D-2.#D-1)[L],U,8<(e1~#d1.#F-1.#f~d1~#c1~c1~b~#a~a~#g~g~#f~f~e~#d~d~#c~c)[K]>,(#A-1.#d)[L],(f1.#c2)[L],(#D-1.#d1.c2)[L],(f1.#c2)[L],(g1.#d2)[L],U,#D-1[L],U,(#A-1.#d)[L],#g1[K],U,(#G-2.#G-1.g1)[L],U,#d1[L],#d1[L],(#d.#g)[L],(c2.#d2)[L],#G-1[L],U,(c2.#d2)[L],U,(#G-1.#g1.c2)[L],(#g1.c2)[L],(#d.#g)[L],(#a1.#c2)[L],(#g1.c2)[L],(#a1.#c2)[L],(F-2.F-1.#g1.c2)[L],U,(#d1.f1.#g1.c2)[K],U,(#d1.f1.#g1.c2)[K],U,(F-2.F-1.#d1.f1.#g1.c2)[K],U,(F-2.F-1.#d1.f1.#g1.c2)[K],U,(F-2.F-1.#d1.f1.#g1.c2)[K],S,"]}],"audition":{"start":[0,0],"end":[0,20]}}