{"baseBpm":229.348,"musics":[{"bpm":229.348,"baseBeats":0.5,"scores":["TUVXY,TUWXYXY,TUVXY,TUVXY,TUVXY,TUWXYXY,TUVXY,TUVXY,TUVX,TUVXY,TUVXY,TUVXY,TUVX,TUVXY,TUVXY,UWXY,TXY,6<VWXY,VWXY,WXY>,UVWXYWY,ST,TWY,UVXXY,UVWX,UVXXY,UVWY,UVXYXY,UVWY,UVXXY,UVWX,UVX,U,U,UVWX,UVWY,UVWX,TVYXY,TVYXY,UVXY,UVWXY,UVWX,UVWY,UVWY,TVW,UVWXYVWY,UVW,UVWXY,UVWX,UVXY,UXVWY,TVXX,TVXX,UVW,UVWXY,UVWY,UVWX,UVWY,STU,U,UY,UXVWY,UVWX,UVXY,TXVXX,TVXX,UVW,UVWY,UXVWY,UVWY,UVWX,TVW,TVXX,UVW,UVWY,UXVXY,UXVWY,UVWX,TVYXY,TVYXY,UVW,UVWX,UVWX,UVWY,UVWX,TVW,TVYXY,UVXYX,UVX,UVYY,UVYX,UVX,UVX,UVX,UVY,UY,UVXYVX,UVX,UVX,UWXYXY,UVYX,UVX,UVX,UVYY,UVXY,UVX,UWXW,UVX,UVX,UVYX,UVX,UWWX,UVX,UVYY,UVXY,UWXYXY,UVX,UVYY,UVY;","(G-2.G-1)[KLMOP],c[KLNOP],XY,#d[KLM],XY,d[KLM],XY,G-1[KLMOP],c[KLNOP],XY,#d[KLM],XY,d[KLM],XY,G-1[KLMO],c[KLM],XY,#d[KLM],XY,d[KLM],XY,G-1[KLMO],c[KLM],XY,#d[KLM],XY,d[LNOP],TXY,g2[MNO],Y,#a2[MNO],Y,#a2[NOP],VWXY,#f2[NOP],g2[MNO],STV,(D-1.d)[LMNP],c3[LMO],XY,(D-1.d.g2)[LMNO],d2[LMO],XY,(D-1.d.#d3)[LMNP],#a2[LMOP],XY,(D-1.d.f2)[LMNP],d2[LMO],XY,(D-1.d.g1)[LMNO],d1[LMO],XY,(G-1.d2)[MNOP],d[MNP],Y,(g.g2)[MNOP],d[MNP],X,(G-1.c3)[MNOP],d[MNP],Y,(g.a2)[MNOP],d[MNP],X,(G-1.g.b2)[KMP],XY,(G-1.g.f2)[KMP],XY,(G-1.g.e2)[LMOP],X,(G-1.d2)[MNOP],d[MNP],Y,(g.g2)[MNOP],d[MNP],X,(G-1.c3)[MNO],d[MNO],Y,(g.a2)[MNOP],d[MNP],Y,(G-1.g.b2)[KMN],(G-1.g)[MNO],Y,b[LMN],Y,(G-1.g)[LMN],X,(G-1.d2)[MNOP],d[MNP],Y,(g.g2)[MNOP],d[MNP],X,(G-1.c3)[MNO],d[MNP],X,(g.a2)[MNOP],d[MNP],Y,(G-1.g.b2)[KMO],X,(G-1.g.f2)[KMO],X,(G-1.g.e2)[LMN],X,(G-1.d2)[MNO],d[MNO],Y,(g.g2)[MNOP],d[MNP],Y,(G-1.c3)[MNOP],d[MNP],X,(g.a2)[MNO],d[MNO],Y,(G-1.g.b2)[JKL],WX,(G-1.a2)[MNO],d[MNP],X,(g.d3)[MNOP],d[MNP],Y,(G-1.g3)[MNOP],d[MNP],X,(g.e3)[MNO],d[MNP],X,(G-1.g.f3)[KMO],X,(G-1.g.c3)[KMO],X,(G-1.g.b2)[LMN],Y,(G-1.a2)[MNOP],d[MNP],X,(g.d3)[MNO],d[MNO],Y,(G-1.g3)[MNOP],d[MNP],Y,(g.e3)[MNOP],d[MNP],X,(G-1.g.f3)[KMN],(G-1.g)[KMO],X,(G-1.g)[LMN],Y,(G-1.a2)[MNOP],d[MNP],X,(g.d3)[MNO],d[MNP],X,(G-1.g3)[MNOP],d[MNP],Y,(g.e3)[MNOP],d[MNP],X,(G-1.g.f3)[KMP],XY,(G-1.g.c3)[KMP],XY,(G-1.g.b2)[LMN],Y,(G-1.a2)[MNOP],d[MNP],Y,(g.d3)[MNOP],d[MNP],X,(G-1.g3)[MNO],d[MNO],Y,(g.e3)[MNOP],d[MNP],X,(G-1.g.f3)[KMN],(G-1.g)[KMP],XY,(G-1.g)[LMOP],X,(g.g1)[LMO],d1[LMP],Y,g2[LMP],X,#d2[LM],X,#d3[LM],X,#a2[LM],X,f2[LMP],Y,d2[L],VXY,g1[LM],X,d1[LM],X,(g.d2)[LMO],#a1[LNOP],XY,(g.c3)[LMP],X,(g.g2)[LM],X,#d2[LM],X,d2[LMP],Y,(g.#a1)[LMOP],g1[LM],X,d2[LNO],W,(g.#d2)[LM],X,(g.#a2)[LMO],f2[LMP],X,d2[LM],X,#a1[LN],WX,f1[LM],X,#a1[LMP],Y,(g.f2)[LMOP],#a2[LNOP],XY,(g.c3)[LM],X,(g.g2)[LMP],Y,#d2[LMP];"],"id":1,"instruments":["piano","piano"],"alternatives":["",""]},{"bpm":229.348,"baseBeats":0.5,"scores":["6<Y,UVYX>,UVX,UVX,UVYY,UVYX,UVX,UVX,UV,UY,UVXYVYX,UVX,UVX,UWXYXY,UVYY,UVYX,UVX,UVX,UVX,UVYX,UWYWY,UVX,UVX,UVYY,UVYX,UWWX,UVX,UVX,UVX,UV,UVXY,UXVX,UVX,UVX,UVYX,UVX,UVX,UVYY,SUV,SVWXYWXXY,TVWXY,RU,UVWXYVWY,UVXYXY,UVXYX,UVWY,UVWX,UVWY,TVXVY,TXY,UVWXY,TVYVY,TXYVWXYVWXY,6<VWX,UVXY>,U,UVX,UVWX,UVW,UVW,UVW,UVXY,6<TVX,WX>,UWXYVXVWXY,TVWXWXYVY,UWXVXVWXYVWY,6<VWX,UVY>,UVWXYVYVWX,UVWXVX,UVX,UVXY,UVX,6<TWXY,WX>,UWXYVVWX,TVWYWY,UVWXYVVWXVW,6<VWY,UV>,UVWXVVWX,UVWVY,UVY,UVY,UV,6<TWY,WXY>,UWXWXYVWY,TVWYX,UVWXWXYVWYVW,6<VW,UWXYVWY>,UWXYY,UWXX,UWXY,UV,UWXYY,6<UWXY,VW>,5<U>,6<WXY,VW,U,WXY,U,WXY>,5<U>,6<WXY,VW,VXY,U,WXY>,5<U>,UWXY,UX,U,6<UX,WX>,5<U>,UWXY,UWX,UWXY,UWX,5<U>,6<U,Y>;","Y,d2[LMP],X,(g.g1)[LMO],d1[LM],X,g2[LMP],Y,#d2[LMP],X,#d3[LM],X,#a2[LM],X,f2[LM],X,d2[MNOP],VXY,g1[LMP],X,d1[LM],X,(g.d2)[LMO],#a1[LNOP],XY,(g.c3)[LMP],Y,(g.g2)[LMP],X,#d2[LM],X,d2[LM],X,(g.#a1)[LMO],g1[LMP],X,d2[LNP],WY,(g.#d2)[LM],X,(g.#a2)[LMO],f2[LMP],Y,d2[LMP],X,#a1[LN],WX,f1[LM],X,#a1[LM],X,(g.f2)[LMO],#a2[LM],XY,(g.c3)[MNP],g[MOP],X,(g.g2)[MNP],g[MOP],X,(g.#d2)[MNP],g[MOP],X,(g.d2)[MNP],g[MN],Y,g2[LMP],X,d2[LM],X,g2[LM],X,d2[LMP],Y,(g.#a.d1.a2)[JLM],a2[MNO],Y,a2[JNO],XY,a2[KMNOP],RUVWXY,(D-2.D-1)[LMNP],c3[LMOP],XY,g2[LMOP],X,d2[LMN],Y,g1[LMN],X,(d.g)[LMN],Y,(D-1.d.a)[KMO],X,(D-1.a)[NOP],V,(D-1.d)[LMOP],X,(D-1.a)[MNO],VWXY,(D-1.d.a)[KMP],X,(D-1.a)[NOP],V,(D-1.d)[LMOP],Y,(D-1.a)[MNO],VWXY,(D-1.d.a)[MNO],(d.a)[LMOP],Y,(D-1.d.a)[NOP],V,(D-1.d.a)[LMO],X,(D-1.d.a)[MNO],VWX,(G-1.d.g)[LMN],(A-1.d.a)[LMN],(#A-1.d.#a)[LMN],(G-1.d.g)[LMOP],(A-1.d.a)[KMO],(D-1.a)[NO],WXY,(D-1.d)[LMO],X,(D-1.a)[MNP],VWX,(D-1.d.a)[KNOP],X,(D-1.a)[NOP],WX,(D-1.d)[LMO],Y,(D-1.a)[MNO],VWY,(D-1.d.a)[MNO],(d.a)[LMP],Y,(D-1.d.a)[NOP],WXY,(D-1.d.a)[LMP],Y,(D-1.d.a)[MNP],VWX,(G-1.c.c1)[LMO],(A-1.d.d1)[LMO],(#A-1.#d.#d1)[LMOP],(c.f.f1)[LMO],(d.g.g1)[KNOP],(D-1.g)[NO],WXY,(D-1.d)[LM],X,(D-1.g)[MN],VWY,(D-1.d.g)[KNP],X,(D-1.g)[NO],WXY,(D-1.d)[LM],Y,(D-1.d.g)[MNP],VW,(D-1.d.g)[MNP],(d.g)[LM],Y,(D-1.d.g)[NOP],WX,(D-1.d.g)[LM],Y,(D-1.d.g)[MNP],VW,(F-1.c.f)[LMP],(G-1.c.g)[LMP],(#G-1.c.#g)[LMP],(F-1.c.f)[LM],(G-1.d.g)[KNP],(D-1.g)[NOP],WX,(D-1.d)[LNOP],Y,(D-1.g)[MN],VWY,(D-1.d.g)[KO],X,(D-1.g)[NO],WX,(D-1.d)[LNOP],Y,(D-1.d.g)[MN],VW,(D-1.d.g)[MN],(d.g)[LNOP],Y,(D-1.d.g)[MN],(D-1.d.g)[LNOP],Y,(D-1.d.g)[LNO],X,(#G-2.c.f)[LNOP],(#A-2.d.g)[LM],(C-1.#d.#g)[LNOP],Y,(D-1.f.b)[LNOP],(c.g.c1)[MN],C-1[MOP],#D-1[MOP],Y,(C-1.c1)[MOP],Y,(#D-1.g)[MOP],D-1[MOP],Y,(#D-1.g.c1)[MOP],C-1[MOP],Y,(c.g.c1)[MOP],C-1[MOP],Y,#D-1[MO],X,(C-1.c1)[MO],Y,(#D-1.g)[MOP],D-1[MOP],Y,(#D-1.c1)[MOP],C-1[MOP],Y,(c.g.c1)[MOP],(C-1.g.c1)[MN],#D-1[MO],Y,(C-1.g.c1)[MOP],(#D-1.g.c1)[MN],D-1[MO],Y,(#D-1.g.c1)[MOP],C-1[MOP],(D-1.B-1.b)[LNOP],(#D-1.c.c1)[LNO],(F-1.d.d1)[LNOP],(D-1.B-1.b)[LNO],(c.g.c1)[MOP],C-1[MOP],#D-1[MOP];"],"id":2,"instruments":["piano","piano"],"alternatives":["",""]},{"bpm":229.348,"baseBeats":0.5,"scores":["U,UX,5<U>,6<WX,U,WX,VX>,5<U>,6<U,Y>,5<U>,6<WX,VXY>,5<U>,6<WX,U,U,WY>,5<U>,UWX,UWY,UWX,UWY,5<U>,U,5<U>,VWXY,5<U>,5<U>,6<U,XYX>,5<U>,6<VWXY,U,WY>,5<U>,6<VWXY,U,VWXY,W>,5<U>,UWY,UW,UWY,UW,5<U>,5<U>,5<U>,6<VWY,U,W>,5<U>,6<W,VX,VX>,5<U>,6<W,U>,5<U>,6<U,Y>,5<U>,6<VWX,XY>,5<U>,UW,UW,UXY,UW,5<U>,6<VWY,U,XYVX,U,XY,VX>,5<U>,6<XVX,VX,U,XY>,5<U>,6<XVX,VX>,5<U>,6<XY,U,XVX,VX,VY>,5<U>,6<XY,VYVY,VX>,5<U>,UVWX,6<VX,VY>,5<U>,5<U>,UVWXVXY,UXY,UX,U,UWY,UX,UXY,UX,UX,UXY,UX,UX,UXY,UX,UX,UXY,5<U>,6<WXY,VY,VWX,VY,U,WXY>,5<U>,8<WXY,VY>,5<U>,6<WXY,U,WXY>,5<U>,8<WXY,VY>,5<U>,6<WXY,U,WXY,VY,VWX,VY>,5<U>,6<W,RSTWXYVXY>;","(C-1.c1)[MOP],(#D-1.g)[MN],D-1[MP],X,(#D-1.g.c1)[MOP],C-1[MO],Y,(c.g.c1)[MOP],C-1[MO],Y,#D-1[MP],Y,(C-1.c1)[MOP],(#D-1.g)[MOP],D-1[MO],Y,(#D-1.c1)[MOP],C-1[MO],Y,(c.g.c1)[MO],Y,(C-1.g.c1)[MOP],#D-1[MP],X,(C-1.g.c1)[MO],(#D-1.g.c1)[MOP],D-1[MO],Y,(#D-1.g.c1)[MOP],D-1[MO],(#A-2.d.b)[LNO],(C-1.#d.c1)[LNP],(D-1.f.d1)[LNO],(#D-1.g.#d1)[LNP],(F-1.#g.f1)[MO],C-1[MOP],#G-2[MO],Y,(C-1.f1)[MO],(F-1.#g)[MOP],C-1[MP],Y,(#G-1.c1.f1)[MOP],C-1[MO],(F-1.#g.c1.f1)[MOP],C-1[MO],#C-1[MP],X,(C-1.f1)[MO],(F-1.#g)[MOP],C-1[MP],Y,(#G-1.c1.f1)[MO],C-1[MO],Y,(F-1.#g.c1.f1)[MO],(C-1.#g.c1.f1)[MO],#G-2[MO],Y,(C-1.#g.c1.f1)[MO],(F-1.#g.c1.f1)[MO],C-1[MO],Y,(#G-1.#g.c1.f1)[MO],C-1[MO],(#D-1.#f.#d1)[LNP],(F-1.#g.f1)[LN],(#F-1.#a.#f1)[LNP],(#D-1.#f.#d1)[LN],(F-1.#g.f1)[MO],C-1[MO],#G-2[MO],(C-1.f1)[MO],(F-1.#g)[MO],C-1[MO],Y,(#G-1.c1.f1)[MO],C-1[MP],Y,(F-1.#g.c1.f1)[MO],C-1[MP],Y,#C-1[M],X,(C-1.f1)[MP],Y,(F-1.#g)[MO],C-1[MP],Y,(#G-1.c1.f1)[MO],C-1[MP],(F-1.#g.c1.f1)[MO],(C-1.#g.c1.f1)[MO],#G-2[MP],Y,(C-1.#g.c1.f1)[MO],(F-1.#g.c1.f1)[MO],C-1[MP],Y,(#G-1.#g.c1.f1)[MO],C-1[MP],(#D-1.#d.#d1)[LN],(F-1.f.f1)[LN],(#F-1.#f.#f1)[LOP],(#G-1.#g.#g1)[LN],(#A-2.#A-1)[MP],(#A-1.#a)[MO],(#A-2.#A-1)[MP],Y,(#A-1.#a)[MP],(#A-2.#A-1)[MO],VX,(#A-1.#a)[MP],(#A-2.#A-1)[MP],Y,(#A-1.#a)[MP],Y,(#A-2.#A-1)[MP],(#A-1.#a)[MP],VX,(#A-2.#A-1)[MP],Y,(#A-1.#a)[MP],(#A-2.#A-1)[MP],Y,(#A-1.#a)[MP],(#A-2.#A-1)[MP],VX,(#D-1.#d)[MP],Y,(#d.#d1)[MP],(#D-1.#d)[MP],Y,(#d.#d1)[MP],(#D-1.#d)[MP],VX,(#d.#d1)[MP],Y,(#D-1.#d)[M],Y,(#d.#d1)[MP],(#D-1.#d)[MP],Y,(#d.#d1)[MP],VY,(#D-1.#d)[MP],Y,(#d.#d1)[MP],(#D-1.#d)[MP],(#d.#d1)[MP],Y,(#D-1.#d)[M],VX,(#d.#d1)[MP],Y,(#D-1.#d)[M],Y,(#d.#d1)[MP],(#D-1.#d)[MP],(#d.#d1)[MP],(#D-1.#d)[MP],Y,(#d.#d1)[M],Y,(#D-1.#d)[MP],#d1[LP],Y,g1[LO],Y,g2[LP],Y,#d2[LO],#d3[LO],Y,#a2[LP],Y,f2[LO],Y,d2[LP],Y,g1[LP],Y,d1[LO],Y,d2[LP],Y,#a1[LP],Y,c3[LO],Y,g2[LP],Y,#d2[LP],Y,d2[LO],Y,(#A-1.#a)[N],(#a1.#a2)[NP],(#A-1.#a)[N],(#a1.#a2)[NP],(G-1.g)[N],Y,(g1.g2)[N],(G-1.g)[N],Y,(g1.g2)[N],(d.d1)[NP],(d2.d3)[N],Y,(d.d1)[N],(d2.d3)[N],Y,(#d.#d1)[N],(#d2.#d3)[NP],(#d.#d1)[N],(#d2.#d3)[NP],(#a.#a1)[N],Y,(#a2.#a3)[N],(#a.#a1)[NP],(#a2.#a3)[N],(f.f1)[NP],(f2.f3)[N],Y,(f.f1)[N],(f2.f3)[N],Y,(d.d1)[N],(d2.d3)[NP],(d.d1)[N],(d2.d3)[NP],(#A-1.#a)[N],Y,(#a1.#a2)[N],(#A-1.#a)[NP],(#a1.#a2)[N],(F-1.f)[NP],(f1.f2)[N],Y,(F-1.f)[N],(f1.f2)[NP],(#A-1.#a)[N],(#a1.#a2)[NP],(#A-1.#a)[N],Y,(#a1.#a2)[N],(f.f1)[N],Y,(f2.f3)[N],(f.f1)[NP],(f2.f3)[N],(#a.#a1)[NP],(#a2.#a3)[N],Y,(#a.#a1)[N],(#a2.#a3)[NP],(c1.c2)[N],(c3.c4)[NP],(c1.c2)[N],Y,(c3.c4)[N],(g.g1)[N],Y,(g2.g3)[N],(g.g1)[NP],(g2.g3)[N],Y,(#d.#d1)[N],(#d2.#d3)[N],Y,(#d.#d1)[N],(#d2.#d3)[NP],(d.d1)[N],(d2.d3)[NP],(d.d1)[N],Y,(d2.d3)[N],(D-2.D-1)[IJKMOP];"],"id":3,"instruments":["piano","piano"],"alternatives":["",""]}],"audition":{"start":[0,0],"end":[2,277]}}