{"baseBpm":200,"musics":[{"bpm":200,"baseBeats":0.375,"scores":["mute[KNO],mute[KNOP],mute[HHLN],mute[JKM],6<VW,VY>,5<VW>,5<VW>,mute[K],mute[LMO],mute[KLMP],mute[LN],mute[MN],mute[MN],mute[MN],mute[MN],mute[MN],mute[MN],mute[MN],mute[MN],mute[MN],mute[MN],mute[MN],mute[MN],mute[MN],mute[LNOP],mute[IKLMOP],mute[JKLM],mute[MN],mute[MNO],mute[LMP],mute[JKNOP],mute[LMP],mute[LMO],mute[LMO],mute[LMO],mute[LMO],mute[LMP],mute[LMO],mute[LMO],mute[LMO],mute[LMO],mute[LMP],mute[LMO],mute[LMP],mute[KLN],mute[LMP],mute[KLOP],mute[LMO],mute[LMO],mute[LMP],mute[KLOP],mute[LMO],mute[LMO],mute[LMP],mute[LMO],mute[LMP],mute[LMO],mute[KLOP],mute[LMO],mute[KLOP],mute[LMO],mute[LMP],mute[LMO],mute[I],mute[LMP],mute[LMO],mute[LMO],mute[KLOP],mute[LMP],mute[KLN],mute[LMP],mute[LMO],mute[LMP],mute[KLN],mute[LMP],mute[LMO],mute[LMP],mute[LMO],mute[LMO],mute[LMP],mute[KLOP],mute[LMO],mute[KLOP],mute[LMO],mute[LMP],mute[LMO],mute[I],mute[LMP],mute[LMO],mute[LMO],mute[LMP],mute[KNOP],mute[KNO],mute[LMO],mute[LMP],mute[LMO],mute[LMP],mute[LMO],mute[KNO],mute[MNP],mute[LMO],mute[LMP],mute[LMO],mute[LMO],mute[LMP],mute[LMO],mute[KNO],mute[KNOP],mute[LMP],mute[LMO],mute[LMP],mute[LMO],mute[LMO],mute[KNO],mute[MNP],mute[LMP],mute[LMO],mute[LMO],mute[LMP],mute[LMO],mute[LMP],mute[KNOP],mute[KNO],mute[LMO],mute[LMP],mute[LMO],mute[LMO],mute[LMP],mute[KNOP],mute[MN],mute[LMO],mute[LMO],mute[LMP],mute[LMO],mute[LMP],mute[LMO],mute[KNO],mute[KNOP],mute[LMP],mute[LMO],mute[LMO],mute[LMP],mute[LMO],mute[KNO],mute[MNP],mute[LMO],mute[LMP],mute[MN],mute[MN],mute[MN],mute[MN],mute[MN],mute[MN],mute[MN],mute[LOP],mute[KNO],mute[KNO],mute[LMO],mute[MN],mute[MN],mute[MN],mute[MN],mute[MN],mute[MN],mute[MN],mute[LO],mute[KNOP],mute[MN],mute[MN],mute[MNO],mute[LMO],mute[MN],mute[MN],mute[MN],mute[MN],mute[MN],mute[MN],mute[MN],mute[LO],mute[KNOP],mute[KNO],mute[LMO],mute[MN],mute[MN],mute[MN],mute[MN],mute[MN],mute[L],mute[LMO],mute[LMO],mute[LMP],mute[LMO],mute[LMP],mute[MN],mute[MN],mute[MN],mute[MN],mute[MN],mute[MN],mute[MN],mute[LOP],mute[KNO],mute[KNOP],mute[LMP],mute[MN],mute[MN],mute[MN],mute[MN],mute[MN],mute[MN],mute[MN],mute[LOP],mute[KNO],mute[MN],mute[MN],mute[MNO],mute[LMO],mute[MN],mute[MN],mute[MN],mute[MN],mute[MN],mute[MN],mute[MN],mute[LO],mute[KNOP],mute[KNO],mute[LMO],mute[MN],mute[MN],mute[MN],mute[MN],mute[MN],mute[MN],mute[MN],mute[LO],mute[KNOP],mute[MN],mute[KLNP],mute[KMNO],mute[KMNO],mute[KMNP],mute[KMNO],mute[KMNO],mute[KMNP],mute[KMNO],mute[JLMN],mute[LNO],mute[LNOP],mute[LNOP],mute[LNOP],mute[LNOP],mute[LNOP],mute[LNOP],mute[LNO],mute[LNOP],mute[LNOP],mute[LNOP],mute[LNOP],mute[LNOP],mute[LNOP],mute[KMNP],mute[KMNO],mute[KMNO],mute[KMNP],mute[KMNO],mute[KMNO],mute[KMNO],mute[JLMOP],mute[LNOP],mute[LNOP],mute[LNOP],mute[LNO],mute[LNOP],mute[LNOP],mute[LNOP],mute[LNOP],mute[LNOP],mute[LNOP],mute[LNO],mute[LNOP],mute[LNOP],mute[LNOP],mute[LNOP],mute[LNOP],mute[LNOP],mute[LNO],mute[LNOP],mute[LNOP],mute[LNOP],mute[LNOP],mute[LNOP],mute[LNOP],mute[LNO],mute[LNOP],mute[LNOP],mute[LNOP],mute[LNOP],mute[LNOP],mute[LNOP],mute[LNO],mute[LNOP],mute[LNOP],mute[LNOP],mute[LNOP],mute[LNOP],mute[LNOP],mute[LNO],mute[LNOP],mute[LNOP],mute[LNOP],mute[LNOP],mute[LNOP],mute[LNOP],mute[LNO],mute[LNOP],mute[LNOP],mute[LNOP],mute[LNOP],mute[LNOP],mute[LNOP],mute[LNO],mute[LNOP],mute[LNOP],mute[LNOP],mute[LNOP],mute[LNOP],mute[LNOP],mute[LNO],mute[LNOP],mute[LNOP],mute[LNOP],mute[LNOP],mute[LNOP],mute[LNOP],mute[LNO],mute[LNOP],mute[LNOP],mute[LNOP],mute[LNOP],mute[LNOP],mute[LNOP],mute[LNO],mute[LNOP],mute[LNOP],mute[LNOP],mute[JKLP],mute[JLMN],mute[LNOP],mute[KO],mute[KO],mute[MN],mute[MN],mute[MN],mute[MN],mute[MN],mute[MN],mute[MN],mute[MN],mute[MN],mute[MN],mute[MN],mute[MN],mute[MN],mute[MNP],mute[LMN],mute[LMN],mute[LMN],mute[LMN],mute[LMN],mute[LMN],mute[LMN],mute[LMN],mute[LMN],mute[KNO],mute[MNP],mute[LMP],mute[LMP],mute[KNO],mute[MN],mute[LMP],mute[LMP],mute[MNP],mute[LM],mute[MNP],mute[LM],mute[LMP],mute[LM],mute[LM],mute[LMP],mute[LM],mute[KN],mute[MN],mute[LM],mute[LNOP],mute[KN],mute[MN],mute[LNOP],mute[LNOP],mute[MN],mute[LNOP],mute[MN],mute[LNOP],mute[LNOP],mute[LNOP],mute[LNOP],mute[LNOP],mute[LNOP],mute[KMNP],mute[LNO],mute[LNOP],mute[KMN],mute[LNOP],mute[KP],mute[KP],mute[LNO],mute[LNP],mute[LNO],mute[LNO],mute[LNP],mute[LNO],mute[KMOP],mute[LNP],mute[LNP],mute[KMO],mute[LNP],mute[K],mute[LMNOP],mute[LNP],mute[LNP],mute[LN],mute[LNP],mute[LN],mute[LNP],mute[LMN],5<VW>,mute[LN],mute[LNP],mute[LMN],5<VW>,mute[LN],mute[LMNO],mute[LMNP],mute[LN],mute[LN],mute[LOP],mute[LN],mute[LOP],mute[LN],mute[KNO],mute[LN],mute[LOP],mute[KNO],mute[LOP],mute[LMN],mute[LMNP],mute[LO],mute[LOP],mute[LOP],mute[LOP],mute[LO],mute[LOP],mute[KNP],mute[LO],mute[LO],mute[KNP],mute[LO],mute[LMOP],mute[LMOP],mute[LO],mute[LO],mute[LO],mute[LP],mute[LO],mute[LO],mute[KOP],mute[LO],mute[LP],mute[KOP],mute[LP],mute[LMO],mute[LMO],mute[LP],mute[LO],mute[LP],mute[LP],mute[LP],mute[LP],mute[LNP],5<VW>,mute[LMO],5<VW>,mute[MNP],mute[LMP],5<VW>,mute[MNP],mute[LMP],5<VW>,5<VW>,mute[LMP],5<VW>,5<VW>,mute[LMP],5<VW>,5<VW>,mute[L],mute[LP],5<VW>,5<VW>,5<VW>,5<VW>,mute[IJKL],mute[L],mute[K],mute[L],mute[L],mute[K],mute[LP],mute[MN],5<VW>,mute[LMP],mute[L],mute[LP],mute[L],mute[LP],mute[L],mute[LP],mute[KP],mute[LP],mute[LP],mute[KO],mute[L],mute[LMO],mute[LMO],mute[LP],mute[LP],mute[LP],mute[LP],mute[LO],mute[LP],mute[KOP],mute[LP],mute[LO],mute[KOP],mute[LO],mute[LMO],mute[LMOP],mute[LO],mute[LO],mute[LO],mute[LO],mute[LO],mute[LO],mute[KNP],mute[LO],mute[LO],mute[KNP],mute[LO],mute[LMN],mute[LMN],mute[LOP],mute[LOP],mute[LOP],mute[LO],mute[LOP],mute[LOP],mute[KNO],mute[LN],mute[LOP],mute[KNO],mute[LN],mute[LMNP],mute[LMNP],mute[LN],mute[LN],mute[LOP],mute[LN],mute[LN],mute[LN],mute[LMN],5<VW>,mute[LN],mute[LN],mute[KMP];","G-2[KNO],G-1[KNOP],g[HHLN],D-2[JKM],(F-1.#c2)[NOP],#c3[NO],#g2[NOP],#c3[NO],#c2[NO],#c3[NOP],#g2[NO],#c3[LM],#c1[M],#c1[LOP],#c4[NOP],#c4[KLOP],#g1[NO],#g1[LN],(F-2.#f2)[MN],g2[MNP],#g2[MNP],a2[MNP],#a2[MNP],b2[MN],c3[MNP],#c3[MNP],d3[MNP],#d3[MNP],e3[MN],f3[MNP],#f3[MNP],g3[MNP],G-1[IKLOP],g4[M],g4[JKLM],g2[MNP],#a2[MNP],#a2[LOP],#f2[NO],g2[JKNOP],(D-1.d)[LMP],c3[LMO],(D-1.d.g2)[LMO],d2[LMO],(D-1.d.#d3)[LMO],#a2[LMP],(D-1.d.f2)[LMO],d2[LMO],(D-1.d.g1)[LMO],d1[LMO],(G-2.G-1.d2)[LMP],e2[LMO],f2[LMP],(C-1.c.c3)[KLN],d[LMP],g[KLOP],(G-2.G-1.d2)[LMO],e2[LMO],f2[LMP],(C-1.c.c3)[KLOP],G-1[LMO],g[LMO],d[LMP],(G-2.G-1.d2)[LMO],e2[LMP],f2[LMO],(C-1.c.c3)[KLOP],d[LMO],g[KLOP],(G-2.G-1.d2)[LMO],e2[LMP],f2[LMO],(C-1.c.c3)[I],(A-2.A-1.a2)[LMP],b2[LMO],c3[LMO],(D-1.d.g3)[KLOP],e[LMP],a[KLN],(A-2.A-1.a2)[LMP],b2[LMO],c3[LMP],(D-1.d.g3)[KLN],A-1[LMP],a[LMO],d[LMP],(A-2.A-1.a2)[LMO],b2[LMO],c3[LMP],(D-1.d.g3)[KLOP],e[LMO],a[KLOP],(A-2.A-1.a2)[LMO],b2[LMP],c3[LMO],g3[I],(G-1.d2)[LMP],(d.g2)[LMO],(g.c3)[LMO],(F-1.a2)[LMP],(G-1.b2)[KNOP],(#A-1.f.f2)[KNO],(A-1.e.e2)[LMO],(G-1.d2)[LMP],(d.g2)[LMO],(g.c3)[LMP],(F-1.a2)[LMO],(G-1.b2)[KNO],G-1[MNP],(d.g)[LMO],G-1[LMP],(G-1.d2)[LMO],(d.g2)[LMO],(g.c3)[LMP],(F-1.a2)[LMO],(G-1.b2)[KNO],(#A-1.f.f2)[KNOP],(A-1.e.e2)[LMP],(G-1.d2)[LMO],(d.g2)[LMP],(g.c3)[LMO],(F-1.a2)[LMO],(G-1.b2)[KNO],G-1[MNP],(d.g)[LMP],G-1[LMO],(A-1.a2)[LMO],(e.d3)[LMP],(a.g3)[LMO],(G-1.e3)[LMP],(A-1.f3)[KNOP],(c.g.c3)[KNO],(B-1.#f.b2)[LMO],(A-1.a2)[LMP],(e.d3)[LMO],(a.g3)[LMO],(G-1.e3)[LMP],(A-1.f3)[KNOP],A-1[MN],(e.a)[LMO],A-1[LMO],(A-1.a2)[LMP],(e.d3)[LMO],(a.g3)[LMP],(G-1.e3)[LMO],(A-1.f3)[KNO],(c.g.c3)[KNOP],(B-1.#f.b2)[LMP],(A-1.a2)[LMO],(e.d3)[LMO],(a.g3)[LMP],(G-1.e3)[LMO],(A-1.f3)[KNO],A-1[MNP],(e.a)[LMO],A-1[LMP],(G-1.a1.d2)[MNP],d[MNP],(g.e2.g2)[MNP],d[MN],(G-1.a2.c3)[MNP],F-1[MNP],(D-1.f2.a2)[MNP],F-1[MNP],(G-1.g2.b2)[KNO],(#A-1.f.d2.f2)[KNO],(A-1.e.c2.e2)[LMO],(G-1.a1.d2)[MNP],d[MNP],(g.e2.g2)[MN],d[MNP],(G-1.a2.c3)[MNP],F-1[MNP],(D-1.f2.a2)[MNP],F-1[MN],(G-1.g2.b2)[KNOP],G-1[MNP],d[MN],g[MNP],G-1[LMO],(G-1.a1.d2)[MNP],d[MN],(g.e2.g2)[MNP],d[MNP],(G-1.a2.c3)[MNP],F-1[MNP],(D-1.f2.a2)[MN],F-1[MNP],(G-1.g2.b2)[KNOP],(#A-1.f.d2.f2)[KNO],(A-1.e.c2.e2)[LMO],(G-1.a1.d2)[MN],d[MNP],(g.e2.g2)[MNP],d[MNP],(G-1.a2.c3)[MNP],F-1[MN],(D-1.f2.a2)[LMO],(D-2.g2.b2)[LMO],f3[LMP],e3[LMO],d3[LMP],(A-1.f2.a2)[MNP],e[MNP],(a.a2.d3)[MNP],e[MNP],(A-1.d3.g3)[MN],G-1[MNP],(E-1.d3.e3)[MNP],G-1[MNP],(A-1.d3.f3)[KNO],(c.g.a2.c3)[KNOP],(B-1.#f.g2.b2)[LMP],(A-1.f2.a2)[MNP],e[MNP],(a.a2.d3)[MNP],e[MN],(A-1.d3.g3)[MNP],G-1[MNP],(E-1.d3.e3)[MNP],G-1[MNP],(A-1.d3.f3)[KNO],A-1[MNP],e[MNP],a[MN],A-1[LMO],(A-1.f2.a2)[MNP],e[MNP],(a.a2.d3)[MN],e[MNP],(A-1.d3.g3)[MNP],G-1[MNP],(E-1.d3.e3)[MNP],G-1[MN],(A-1.d3.f3)[KNOP],(c.g.a2.c3)[KNO],(B-1.#f.g2.b2)[LMO],(A-1.f2.a2)[MNP],e[MN],(a.a2.d3)[MNP],e[MNP],(A-1.d3.g3)[MNP],G-1[MNP],(E-1.d3.e3)[MN],G-1[MNP],(A-1.d3.f3)[KNOP],A-1[MN],(e.a)[KLNP],(G-2.c2)[KMNO],d2[KMNO],#d2[KMNP],#a2[KMNO],(g.#d2)[KMNO],#a2[KMNP],(g.#a2)[KMNO],(g.#a2)[JLMN],(G-1.e2)[LNO],#f2[LNOP],(G-1.#g2)[LNOP],#a2[LNOP],c3[LNOP],d3[LNOP],(G-1.e3)[LNOP],#f3[LNO],(G-1.#g3)[LNOP],#a3[LNOP],(G-1.c4)[LNOP],d4[LNOP],e4[LNOP],#f4[LNOP],(G-2.c2)[KMNP],d2[KMNO],#d2[KMNO],#a2[KMNP],(g.#d2)[KMNO],#a2[KMNO],(g.#a2)[KMNO],(g.#a2)[JLMOP],(G-1.e4)[LNOP],d4[LNOP],(G-1.c4)[LNOP],#a3[LNO],#g3[LNOP],#f3[LNOP],(G-1.e3)[LNOP],d3[LNOP],(G-1.c3)[LNOP],#a2[LNOP],(G-1.#g2)[LNO],#f2[LNOP],e2[LNOP],d2[LNOP],(g.g1)[LNOP],d1[LNOP],g2[LNOP],#d2[LNO],#d3[LNOP],#a2[LNOP],f2[LNOP],d2[LNOP],g1[LNOP],d1[LNOP],(g.d2)[LNO],#a1[LNOP],(g.c3)[LNOP],(g.g2)[LNOP],#d2[LNOP],d2[LNOP],(g.#a1)[LNOP],g1[LNO],d2[LNOP],(g.#d2)[LNOP],(g.#a2)[LNOP],f2[LNOP],d2[LNOP],#a1[LNOP],f1[LNO],#a1[LNOP],(g.f2)[LNOP],#a2[LNOP],(g.c3)[LNOP],(g.g2)[LNOP],#d2[LNOP],d2[LNO],(g.g1)[LNOP],d1[LNOP],g2[LNOP],#d2[LNOP],#d3[LNOP],#a2[LNOP],f2[LNO],d2[LNOP],g1[LNOP],d1[LNOP],(g.d2)[LNOP],#a1[LNOP],(g.c3)[LNOP],(g.g2)[LNO],#d2[LNOP],d2[LNOP],(g.#a1)[LNOP],g1[LNOP],d2[LNOP],(g.#d2)[LNOP],(g.#a2)[LNO],f2[LNOP],d2[LNOP],#a1[LNOP],f1[LNOP],#a1[LNOP],(g.f2)[LNOP],#a2[LNO],(g.c3)[LNOP],(g.g2)[LNOP],(g.#d2)[LNOP],(g.d2)[JKLP],D-2[JLMN],g3[LNOP],d3[KO],g3[KO],c2[MOP],d2[MO],e2[MOP],#f2[MO],#g2[MOP],#a2[MO],c3[MOP],d3[MO],c3[MOP],#a2[MO],#g2[MOP],#f2[MO],e2[MOP],d2[OP],D-2[M],c2[MO],#a1[MOP],c3[LMN],g2[LMN],d2[LMN],#d3[LMN],#a2[LMN],f2[LMN],d2[LMN],g1[LMN],(c1.e1.g1)[LMN],(D-1.d.d1.#f1.a1)[KNO],(d1.#f1.a1)[MNP],(D-1.d)[LMP],(D-1.d.d1.#f1.a1)[LMP],(D-1.d.d1.#f1.a1)[KNO],(d1.#f1.a1)[MN],(D-1.d.d1.#f1.a1)[LMP],(D-1.d.d1.#f1.a1)[LMP],(D-1.d.d1.#f1.a1)[MNP],(D-1.d.d1.#f1.a1)[LM],(D-1.d.d1.#f1.a1)[MNP],(D-1.d.d1.#f1.a1)[LM],(D-1.d.d1.#f1.a1)[LMP],(C-1.c.c1.e1.g1)[LM],(D-1.d.d1.#f1.a1)[LM],(#D-1.#d.#d1.g1.#a1)[LMP],(C-1.c.c1.e1.g1)[LM],(D-1.d.d1.#f1.a1)[KN],(d1.#f1.a1)[MN],(D-1.d)[LM],(D-1.d.d1.#f1.a1)[LNOP],(D-1.d.d1.#f1.a1)[KN],(d1.#f1.a1)[MN],(D-1.d.d1.#f1.a1)[LNOP],(D-1.d.d1.#f1.a1)[LNOP],(D-1.d.d1.#f1.a1)[MN],(D-1.d.d1.#f1.a1)[LNOP],(D-1.d.d1.#f1.a1)[MN],(D-1.d.d1.#f1.a1)[LNOP],(D-1.d.d1.#f1.a1)[LNOP],(C-1.c.c1.e1.g1)[LNOP],(D-1.d.d1.#f1.a1)[LNOP],(#D-1.#d.#d1.g1.#a1)[LNOP],(F-1.f.f1.a1.c2)[LNOP],(G-1.g.d1.g1.b1)[KO],(d1.g1.b1)[MOP],(G-1.g)[LNO],(G-1.g.d1.g1.b1)[LNOP],(G-1.g.d1.g1.b1)[KP],(d1.g1.b1)[MOP],(G-1.g.d1.g1.b1)[LNOP],(G-1.g.d1.g1.b1)[LNO],(G-1.g.d1.g1.b1)[MOP],(G-1.g.d1.g1.b1)[LNO],(G-1.g.d1.g1.b1)[MOP],(G-1.g.d1.g1.b1)[LNO],(G-1.g.d1.g1.b1)[LNP],(F-1.f.c1.f1.a1)[LNO],(G-1.g.d1.g1.b1)[LNO],(#G-1.#g.#d1.#g1.c2)[LNP],(F-1.f.c1.f1.a1)[LNO],(G-1.g.d1.g1.b1)[K],(d1.g1.b1)[MOP],(G-1.g)[LNP],(G-1.g.d1.g1.b1)[LNP],(G-1.g.d1.g1.b1)[K],(d1.g1.b1)[MO],(G-1.g.d1.g1.b1)[LNP],(G-1.g.d1.g1.b1)[LNP],(G-1.g.d1.g1.b1)[MOP],(G-1.g.d1.g1.b1)[LNP],(G-1.g.d1.g1.b1)[MO],(G-1.g.d1.g1.b1)[LNP],(G-1.g.d1.g1.b1)[LNP],(F-1.f.c1.f1.a1)[LN],(G-1.g.d1.g1.b1)[LNP],(#G-1.#g.#d1.#g1.c2)[LN],(#A-1.#a.f1.#a1.d2)[LNP],(C-1.c.c1.e1.g1)[LMNO],(c1.e1.g1)[MO],(C-1.c)[LN],(C-1.c.c1.e1.g1)[LNP],(C-1.c.c1.e1.g1)[LMNO],(c1.e1.g1)[MO],(C-1.c.c1.e1.g1)[LN],(C-1.c.c1.e1.g1)[LN],(C-1.c.c1.e1.g1)[MO],(C-1.c.c1.e1.g1)[LOP],(C-1.c.c1.e1.g1)[MO],(C-1.c.c1.e1.g1)[LN],(C-1.c.c1.e1.g1)[LN],(#A-2.#A-1.#a.d1.f1)[LOP],(C-1.c.c1.e1.g1)[LN],(#C-1.#c.#c1.f1.#g1)[LOP],(#A-2.#A-1.#a.d1.f1)[LN],(C-1.c.c1.e1.g1)[LMNP],(c1.e1.g1)[MP],(C-1.c)[LN],(C-1.c.c1.e1.g1)[LOP],(C-1.c.c1.e1.g1)[LMN],(c1.e1.g1)[MO],(C-1.c.c1.e1.g1)[LOP],(C-1.c.c1.e1.g1)[LOP],(C-1.c.c1.e1.g1)[MP],(C-1.c.c1.e1.g1)[LOP],(C-1.c.c1.e1.g1)[MO],(C-1.c.c1.e1.g1)[LO],(C-1.c.c1.e1.g1)[LOP],(#A-2.#A-1.#a.d1.f1)[LOP],(C-1.c.c1.e1.g1)[LOP],(#C-1.#c.#c1.f1.#g1)[LO],(#D-1.#d.#d1.g1.#a1)[LOP],(F-1.f.f1.a1.c2)[LMOP],(f1.a1.c2)[MO],(F-1.f)[LO],(F-1.f.f1.a1.c2)[LO],(F-1.f.f1.a1.c2)[LMN],(f1.a1.c2)[MP],(F-1.f.f1.a1.c2)[LO],(F-1.f.f1.a1.c2)[LO],(F-1.f.f1.a1.c2)[MP],(F-1.f.f1.a1.c2)[LO],(F-1.f.f1.a1.c2)[MP],(F-1.f.f1.a1.c2)[LO],(F-1.f.f1.a1.c2)[LO],(#D-1.#d.#d1.g1.#a1)[LO],(F-1.f.f1.a1.c2)[LP],(#F-1.#f.#f1.#a1.#c2)[LO],(#D-1.#d.#d1.g1.#a1)[LO],(F-1.f.f1.a1.c2)[LMO],(f1.a1.c2)[MP],(F-1.f)[LO],(F-1.f.f1.a1.c2)[LP],(F-1.f.f1.a1.c2)[LMO],(f1.a1.c2)[MP],(F-1.f.f1.a1.c2)[LP],(F-1.f.f1.a1.c2)[LO],(F-1.f.f1.a1.c2)[M],(F-1.f.f1.a1.c2)[LO],(F-1.f.f1.a1.c2)[M],(F-1.f.f1.a1.c2)[LP],(F-1.f.f1.a1.c2)[LO],(#D-1.#d.#d1.g1.#a1)[LP],(F-1.f.f1.a1.c2)[LP],(#F-1.#f.#f1.#a1.#c2)[LP],(#G-1.#g.#g1.c2.#d2)[LP],#a[M],(#A-2.#a1)[MP],(#A-1.#a)[M],(#A-2.#a1)[M],#A-1[LP],#a[MP],(#A-2.#a1)[M],(#A-1.#a)[M],(#A-2.#a1)[MP],#A-1[L],#a[MP],(#A-2.#a1)[M],(#A-1.#a)[M],(#A-2.#a1)[MP],#A-1[L],#a[MP],(#A-2.#a1)[M],(#A-1.#a)[M],(#A-2.#a1)[M],#A-1[LP],#d1[M],(#D-1.#d2)[M],(#d.#d1)[M],(#D-1.#d2)[M],#d[LP],#d1[M],(#D-1.#d2)[M],(#d.#d1)[M],(#D-1.#d2)[M],#d[L],#d1[M],(#D-1.#d2)[MP],(#d.#d1)[M],(#D-1.#d2)[M],(#d.#d1)[M],(#D-1.#d2)[M],(#d.#d1)[M],(#D-1.#d2)[M],(#D-1.#d.#d1.#d2)[IJKL],(f1.#g1)[L],(#D-1.#d.#d1.g1.#a1)[LM],(#d1.g1.#a1)[M],(#D-1.#d)[L],(#D-1.#d.#d1.g1.#a1)[L],(#D-1.#d.#d1.g1.#a1)[LM],(#d1.g1.#a1)[M],(#D-1.#d.#d1.g1.#a1)[LP],(#D-1.#d.#d1.g1.#a1)[L],(#D-1.#d.#d1.g1.#a1)[M],(#D-1.#d.#d1.g1.#a1)[L],(#D-1.#d.#d1.g1.#a1)[MP],(#D-1.#d.#d1.g1.#a1)[L],(#D-1.#d.#d1.g1.#a1)[LP],(E-1.e.e1.#g1.b1)[L],(#D-1.#d.#d1.g1.#a1)[LP],(#C-1.#c.#c1.f1.#g1)[L],(E-1.e.e1.#g1.b1)[LP],(#D-1.#d.#d1.g1.#a1)[LMP],(#d1.g1.#a1)[M],(#D-1.#d)[LP],(#D-1.#d.#d1.g1.#a1)[LP],(#D-1.#d.#d1.g1.#a1)[LMP],(#d1.g1.#a1)[MP],(#D-1.#d.#d1.g1.#a1)[L],(#D-1.#d.#d1.g1.#a1)[LP],(#D-1.#d.#d1.g1.#a1)[MP],(#D-1.#d.#d1.g1.#a1)[LP],(#D-1.#d.#d1.g1.#a1)[MP],(#D-1.#d.#d1.g1.#a1)[LP],(#D-1.#d.#d1.g1.#a1)[LP],(#C-1.#c.#c1.f1.#g1)[LP],(#D-1.#d.#d1.g1.#a1)[LP],(E-1.e.e1.#g1.b1)[LO],(#F-1.#f.#f1.#a1.#c2)[LP],(#G-1.#g.#g1.c2.#d2)[LMO],(#g1.c2.#d2)[MP],(#G-1.#g)[LP],(#G-1.#g.#g1.c2.#d2)[LO],(#G-1.#g.#g1.c2.#d2)[LMO],(#g1.c2.#d2)[MP],(#G-1.#g.#g1.c2.#d2)[LO],(#G-1.#g.#g1.c2.#d2)[LP],(#G-1.#g.#g1.c2.#d2)[MP],(#G-1.#g.#g1.c2.#d2)[LO],(#G-1.#g.#g1.c2.#d2)[MP],(#G-1.#g.#g1.c2.#d2)[LO],(#G-1.#g.#g1.c2.#d2)[LO],(A-1.a.a1.#c2.e2)[LO],(#G-1.#g.#g1.c2.#d2)[LO],(#F-1.#f.#a1.#c2.#f2)[LO],(A-1.a.a1.#c2.e2)[LO],(#G-1.#g.#g1.c2.#d2)[LMOP],(#g1.c2.#d2)[MO],(#G-1.#g)[LO],(#G-1.#g.#g1.c2.#d2)[LO],(#G-1.#g.#g1.c2.#d2)[LMN],(#g1.c2.#d2)[MP],(#G-1.#g.#g1.c2.#d2)[LO],(#G-1.#g.#g1.c2.#d2)[LOP],(#G-1.#g.#g1.c2.#d2)[MP],(#G-1.#g.#g1.c2.#d2)[LOP],(#G-1.#g.#g1.c2.#d2)[MP],(#G-1.#g.#g1.c2.#d2)[LOP],(#G-1.#g.#g1.c2.#d2)[LOP],(#F-1.#f.#f1.#a1.#c2)[LOP],(#G-1.#g.#g1.c2.#d2)[LO],(A-1.a.a1.#c2.e2)[LOP],(B-1.b.b1.#d2.#f2)[LOP],(#C-1.#c.f1.#g1.#c2)[LMNP],(f1.#g1.#c2)[MP],(#C-1.#c)[LN],(#C-1.#c.f1.#g1.#c2)[LOP],(#C-1.#c.f1.#g1.#c2)[LMNP],(f1.#g1.#c2)[MP],(#C-1.#c.f1.#g1.#c2)[LN],(#C-1.#c.f1.#g1.#c2)[LOP],(#C-1.#c.f1.#g1.#c2)[MO],(#C-1.#c.f1.#g1.#c2)[LOP],(#C-1.#c.f1.#g1.#c2)[MO],(#C-1.#c.f1.#g1.#c2)[LN],(#C-1.#c.f1.#g1.#c2)[LN],(D-1.d.#f1.a1.d2)[LOP],(#C-1.#c.f1.#g1.#c2)[LN],(B-2.B-1.#d1.#f1.b1)[LN],(D-1.d.#f1.a1.d2)[LN],(#C-1.#c.f1.#g1.#c2)[LMNO],(f1.#g1.#c2)[MO],(#C-1.#c)[LN],(#C-1.#c.f1.#g1.#c2)[LN],(#C-1.#c.f1.#g1.#c2)[LMNO],(f1.#g1.#c2)[MOP];"],"id":1,"instruments":["piano","piano"],"alternatives":["",""]},{"bpm":200,"baseBeats":0.375,"scores":["mute[LN],mute[LMNOP],mute[LMNO],mute[LNP],mute[LNP],mute[LN],mute[LNP],mute[LNP],mute[LNP],mute[KMO],mute[LNP],mute[LNO],mute[KMO],mute[LNO],mute[K],mute[K],mute[LNO],mute[LNO],mute[LNO],mute[LNO],mute[LNO],mute[LNO],mute[KMN],mute[LNOP],mute[LNO],mute[KMNP],mute[LNOP],mute[LNO],mute[MN],mute[KO],mute[LNOP],mute[LNOP],mute[LNOP],mute[LNOP],mute[LM],mute[LNOP],mute[KOP],mute[MN],mute[LM],mute[LNOP],mute[KN],mute[MN],mute[LM],mute[LM],mute[MN],mute[LMP],mute[MN],mute[LM],mute[LM],mute[LMP],mute[LMP],mute[LM],mute[LMP],mute[KNO],mute[MN],mute[LMP],mute[LMP],mute[KNO],mute[MNP],mute[LMO],mute[LMP],mute[MNP],mute[LMO],mute[MNP],mute[LMO],mute[LMO],mute[LMO],mute[LMO],mute[LMO],mute[LMOP],mute[KM],mute[KM],mute[LMO],mute[KMP],mute[MNO],mute[LMOP],mute[LMOP],mute[MNO],mute[LMOP],mute[MNO],mute[LMN],mute[LMN],mute[LMN],mute[LMN],mute[LMN],mute[LMN],mute[KMOP],mute[KMOP],mute[LMN],mute[KMN],mute[MNO],mute[LMNO],mute[LMNP],mute[MNOP],mute[LMNP],mute[MNOP],mute[LMNO],mute[LMNO],mute[LMNO],mute[LMNO],mute[KLMN],mute[IJKLN],mute[L],mute[L],mute[L],mute[L],mute[L],mute[L],mute[L],mute[L],mute[L],mute[L],mute[L],mute[L],mute[L],mute[L],mute[L],mute[L],5<VW>,5<VW>,5<VW>,5<VW>,5<VW>,5<VW>,5<VW>,5<VW>,5<VW>,5<VW>,5<VW>,5<VW>,5<VW>,5<VW>,5<VW>,5<VW>,5<VW>,5<VW>,6<VW,W>,5<VW>,5<VW>,mute[JMNP],mute[JKNO],mute[LMO],mute[KNO],mute[MNP],mute[LMO],mute[LMP],mute[KNOP],mute[KNO],mute[LMO],mute[MN],mute[LMO],mute[MNP],mute[LMP],mute[LMO],mute[LMO],mute[LMP],mute[LMO],mute[LMP],mute[KNOP],mute[MNP],mute[LMP],mute[LMO],mute[KNO],mute[KNOP],mute[LMP],mute[MNP],mute[LMO],mute[MN],mute[LMO],mute[LMO],mute[LMP],mute[LMO],mute[LMP],mute[LMO],mute[KNO],mute[MNP],mute[LMO],mute[LMP],mute[KNOP],mute[KNO],mute[LMO],mute[MNP],mute[LMP],mute[MNP],mute[LMO],mute[LMP],mute[LMO],mute[LMP],mute[LMO],mute[LMO],mute[KNO],mute[MNP],mute[LMP],mute[LMO],mute[KNO],mute[KNOP],mute[LMP],mute[MNP],mute[LMO],mute[MNP],mute[LMP],mute[LMO],mute[LMP],mute[LMO],mute[LMO],mute[LMP],mute[LMO],mute[MN],mute[MNP],mute[LMO],mute[JKNO],mute[LMO],mute[LMO],mute[LMP],mute[LMO],mute[LMP],mute[LMO],mute[LMO],mute[LMP],mute[LMO],mute[LMP],mute[MN],mute[MNO],mute[LMO],mute[I],mute[LMP],mute[LMO],mute[LMP],mute[JMNP],mute[MN],mute[MN],mute[MN],mute[MN],mute[MN],mute[MN],mute[MN],mute[MN],mute[MN],mute[MN],mute[MN],mute[MN],mute[MN],mute[MN],mute[MN],mute[MN],mute[MN],mute[MN],mute[MN],mute[MN],mute[L],mute[JLMO],mute[KNO],mute[LMO],mute[LMP],mute[LMO],mute[LMO],mute[LMP],mute[LMO],mute[LMP],mute[LMO],mute[LMO],mute[LMP],mute[MN],mute[MNO],mute[LMP],mute[KNOP],mute[KNO],mute[KLOP],mute[KNOP],mute[KNO],mute[MNP],mute[LMO],mute[KNO],mute[KLOP],mute[KNOP],mute[KNO],mute[KNO],mute[KNOP],mute[KLOP],mute[KNO],mute[KNOP],mute[MNP],mute[LMP],mute[KNOP],mute[KLOP],mute[KNO],mute[KNOP],mute[KNO],mute[KNO],mute[KLN],mute[KNO],mute[KNO],mute[MNP],mute[LMO],mute[KNO],mute[KLOP],mute[KNOP],mute[KNO],mute[KNOP],mute[KNO],mute[KLOP],mute[KNOP],mute[KNO],mute[MNP],mute[LMP],mute[KNOP],mute[KLOP],mute[KNO],mute[KNOP],mute[MNP],mute[LMP],mute[LMO],mute[MNP],mute[JKNO],mute[LMO],mute[MN],mute[LMO],mute[LMO],mute[MN],mute[KLN],mute[MN],mute[MN],mute[MN],mute[MN],mute[MN],mute[L],mute[KNOP],mute[LMP],mute[MNP],mute[JKNOP],mute[LMP],mute[MNP],mute[LMO],mute[LMP],mute[MNP],mute[KLOP],mute[MN],mute[MN],mute[MN],mute[MN],mute[MN],mute[MN],mute[LO],mute[LMP],mute[LMO],mute[MNP],mute[JKNO],mute[LMO],mute[MNP],mute[LMP],mute[LMO],mute[MNP],mute[KLOP],mute[MN],mute[MN],mute[MN],mute[MN],mute[MN],mute[LP],mute[KNO],mute[LMO],mute[MN],mute[JKNOP],mute[LMP],mute[MNP],mute[LMO],mute[LMP],mute[MNP],mute[KLOP],mute[MN],mute[MN],mute[MN],mute[MN],mute[MN],mute[LP],mute[LMO],mute[LMP],mute[LMO],mute[LMO],mute[LMP],mute[LMO],mute[LMP],mute[LMO],mute[LMO],mute[LMP],mute[LMO],mute[LMP],mute[LMO],mute[LMO],mute[LMP],mute[LMO],mute[KMNO],mute[KMNP],mute[KMNO],mute[KMNO],mute[KMNP],mute[KMNO],mute[KMNO],mute[JLMOP],mute[KMNO],mute[JLMOP],mute[KMNO],mute[KMNO],mute[JLMOP],mute[KMNO],mute[KMNO],mute[KMNP],mute[KMNO],mute[KMNO],mute[KMNO],mute[KMNP],mute[JLMN],mute[KMNP],mute[JLMN],mute[KMNO],mute[KMNP],mute[JLMN],mute[LNOP],mute[LNO],mute[LNOP],mute[LNOP],mute[LNOP],mute[LNOP],mute[LNOP],mute[LNOP],mute[LNO],mute[LNOP],mute[LNOP],mute[LNOP],mute[LNOP],mute[LNOP],mute[LNOP],mute[LNO],mute[LNOP],mute[LNOP],mute[LNOP],mute[LNOP],mute[LNOP],mute[LNOP],mute[LNO],mute[LNOP],mute[LNOP],mute[LNOP],mute[LNOP],mute[LNOP],mute[LNOP],mute[LNO],mute[LNOP],mute[LNOP],mute[LNOP],mute[LNOP],mute[LNOP],mute[LNOP],mute[LNO],mute[LNOP],mute[LNOP],mute[LNOP],mute[LNOP],mute[LNOP],mute[LNOP],mute[LNO],mute[LNOP],mute[LNOP],mute[LNOP],mute[LNOP],mute[LNOP],mute[LNOP],mute[LNO],mute[LNOP],mute[LNOP],mute[LNOP],mute[LNOP],mute[LNOP],mute[LNOP],mute[LNO],mute[LNOP],mute[LNOP],mute[LNOP],mute[LNOP],mute[LNOP],mute[LNOP],mute[MN],mute[MN],mute[MN],mute[MN],mute[MN],mute[MN],mute[MN],mute[MN],mute[MN],mute[MN],mute[MN],mute[MN],mute[MN],mute[MN],mute[MN],mute[MN],mute[MN],mute[MN],mute[MN],mute[MN],mute[MN],mute[MN],mute[MN],mute[MN],mute[MN],mute[MN],mute[MN],mute[MN],mute[MN],mute[MN],mute[MN],mute[MN],mute[MN],mute[MN],mute[MN],mute[MN],mute[MN],mute[MN],mute[MN],mute[MN],mute[MN],mute[MN],mute[MN],mute[MN],mute[MN],mute[MN],mute[MN],mute[MN],mute[MN],mute[MN],mute[MN],mute[MN],mute[MN],mute[MN],mute[MN],mute[MN],mute[MN],mute[MN],mute[MN],mute[MN],mute[MN],mute[MN],mute[MN],mute[MN],mute[MN],mute[MN],mute[MN],mute[MN],mute[MN],mute[MN],mute[MN],mute[MN],mute[MN],mute[MN],mute[MN],mute[MN],mute[MN],mute[MN],mute[MN],mute[MN],mute[MN],mute[MN],mute[MN],mute[MN],mute[MN],mute[MN],mute[MN],mute[MN],mute[MN],mute[MN],mute[MN],mute[MN],mute[MN],mute[MN],mute[MN],mute[MN],mute[MN],mute[MN],mute[MN],mute[MN],mute[MN],mute[MN],mute[MN],mute[MN],mute[MN],mute[MN],mute[MN],mute[MN],mute[MN],mute[MN],mute[MN],mute[MN],mute[MN],mute[MN],mute[MN],mute[MN],mute[MN],mute[MN],mute[MN],mute[MN],mute[LNO],5<VW>,5<VW>,mute[MNO],5<VW>,5<VW>,5<VW>,5<VW>,5<VW>,mute[MN],mute[MN],mute[MN],mute[MN],mute[MN],mute[LN];","(#C-1.#c.f1.#g1.#c2)[LN],(#C-1.#c.f1.#g1.#c2)[LN],(#C-1.#c.f1.#g1.#c2)[MOP],(#C-1.#c.f1.#g1.#c2)[LN],(#C-1.#c.f1.#g1.#c2)[MO],(#C-1.#c.f1.#g1.#c2)[LNP],(#C-1.#c.f1.#g1.#c2)[LNP],(B-2.B-1.#d1.#f1.b1)[LN],(#C-1.#c.f1.#g1.#c2)[LNP],(D-1.d.#f1.a1.d2)[LNP],(E-1.e.#g1.b1.e2)[LNP],(#F-1.#f.#a1.#c2.#f2)[K],(#a1.#c2.#f2)[MO],(#F-1.#f)[LNP],(#F-1.#f.#a1.#c2.#f2)[LNO],(#F-1.#f.#a1.#c2.#f2)[K],(#a1.#c2.#f2)[MO],(#F-1.#f.#a1.#c2.#f2)[LNO],(#F-1.#f.#a1.#c2.#f2)[LNP],(#F-1.#f.#a1.#c2.#f2)[MOP],(#F-1.#f.#a1.#c2.#f2)[LNO],(#F-1.#f.#a1.#c2.#f2)[MO],(#F-1.#f.#a1.#c2.#f2)[LNO],(#F-1.#f.#a1.#c2.#f2)[LNO],(G-1.g.b1.d2.g2)[LNO],(#F-1.#f.#a1.#c2.#f2)[LNO],(E-1.e.#g1.b1.e2)[LNO],(G-1.g.b1.d2.g2)[LNO],(#F-1.#f.#a1.#c2.#f2)[KP],(#a1.#c2.#f2)[MOP],(#F-1.#f)[LNOP],(#F-1.#f.#a1.#c2.#f2)[LNO],(#F-1.#f.#a1.#c2.#f2)[KO],(#a1.#c2.#f2)[MOP],(#F-1.#f.#a1.#c2.#f2)[LNOP],(#F-1.#f.#a1.#c2.#f2)[LNO],(#F-1.#f.#a1.#c2.#f2)[MN],(#F-1.#f.#a1.#c2.#f2)[LNOP],(#F-1.#f.#a1.#c2.#f2)[MOP],(#F-1.#f.#a1.#c2.#f2)[LNOP],(#F-1.#f.#a1.#c2.#f2)[LNOP],(E-1.e.#g1.b1.e2)[LNOP],(#F-1.#f.#a1.#c2.#f2)[LNOP],(G-1.g.b1.d2.g2)[LM],(A-1.a.#c2.e2.a2)[LNOP],(B-2.B-1.b.#d1.#f1)[KOP],(b.#d1.#f1)[MN],(B-2.B-1)[LM],(B-2.B-1.b.#d1.#f1)[LNOP],(B-2.B-1.b.#d1.#f1)[KN],(b.#d1.#f1)[MN],(B-2.B-1.b.#d1.#f1)[LM],(B-2.B-1.b.#d1.#f1)[LM],(B-2.B-1.b.#d1.#f1)[MN],(B-2.B-1.b.#d1.#f1)[LMP],(B-2.B-1.b.#d1.#f1)[MN],(B-2.B-1.b.#d1.#f1)[LM],(B-2.B-1.b.#d1.#f1)[LM],(A-2.A-1.a.#c1.e1)[LMP],(B-2.B-1.b.#d1.#f1)[LMP],(C-1.c.c1.e1.g1)[LM],(A-2.A-1.a.#c1.e1)[LMP],(B-2.B-1.b.#d1.#f1)[KNO],(b.#d1.#f1)[MN],(B-2.B-1)[LMP],(B-2.B-1.b.#d1.#f1)[LMP],(B-2.B-1.b.#d1.#f1)[KNO],(b.#d1.#f1)[MNP],(B-2.B-1.b.#d1.#f1)[LMO],(B-2.B-1.b.#d1.#f1)[LMP],(B-2.B-1.b.#d1.#f1)[MNP],(B-2.B-1.b.#d1.#f1)[LMO],(B-2.B-1.b.#d1.#f1)[MNP],(B-2.B-1.b.#d1.#f1)[LMO],(B-2.B-1.b.#d1.#f1)[LMO],(A-2.A-1.a.#c1.e1)[LMO],(B-2.B-1.b.#d1.#f1)[LMO],(C-1.c.c1.e1.g1)[LMO],(D-1.d.d1.#f1.a1)[LMOP],(E-1.e.e1.#g1.b1)[KM],(e1.#g1.b1)[KM],(E-2.E-1.e1.#g1.b1)[LMO],(e1.#g1.b1)[KMP],(e1.#g1.b1)[MNO],(e1.#g1.b1)[LMOP],(e1.#g1.b1)[LMOP],(E-1.e.e1.#g1.b1)[MNO],(E-1.e.e1.#g1.b1)[LMOP],(E-1.e.e1.#g1.b1)[MNO],(E-1.e.e1.#g1.b1)[LMN],(E-1.e.e1.#g1.b1)[LMN],(D-1.d.d1.#f1.a1)[LMN],(E-1.e.e1.#g1.b1)[LMN],(F-1.f.f1.a1.c2)[LMN],(D-1.d.d1.#f1.a1)[LMN],(E-1.e.e1.#g1.b1)[KMOP],(e1.#g1.b1)[KMOP],(E-2.E-1.e1.#g1.b1)[LMN],(e1.#g1.b1)[KMN],(e1.#g1.b1)[MNO],(e1.#g1.b1)[LMNO],(e1.#g1.b1)[LMNP],(E-1.e.e1.#g1.b1)[MNOP],(E-1.e.e1.#g1.b1)[LMNP],(E-1.e.e1.#g1.b1)[MNOP],(E-1.e.e1.#g1.b1)[LMNO],(E-1.e.e1.#g1.b1)[LMNO],(D-1.d.d1.#f1.a1)[LMNO],(E-1.e.e1.#g1.b1)[LMNO],(F-1.f.f1.a1.c2)[KLMN],(E-2.E-1.e1.#g1.b1)[IJKLN],(G-2.g1)[L],d1[L],g2[L],#d2[L],#d3[L],#a2[L],f2[L],d2[L],g1[L],d1[L],d2[L],#a1[L],c3[L],g2[L],#d2[L],d2[L],(G-2.G-1.#a1)[M],(G-2.G-1)[M],(G-2.G-1.g1)[M],(G-2.G-1)[M],(G-2.G-1.d2)[M],(G-2.G-1)[M],(G-2.G-1.#d2)[M],(G-2.G-1)[M],(G-2.G-1.#a2)[M],(G-2.G-1)[M],(G-2.G-1.f2)[M],(G-2.G-1)[M],(G-2.G-1.d2)[M],(G-2.G-1)[M],(G-2.G-1.#a1)[M],(G-2.G-1)[M],(G-2.G-1.f1)[M],(G-2.G-1)[M],(G-2.G-1.#a1)[M],(G-2.G-1)[M],(G-2.G-1.f2)[M],(G-2.G-1)[M],(G-2.G-1.#a2)[M],(G-2.G-1)[M],(G-2.G-1.c3)[M],(G-2.G-1)[M],(G-2.G-1.g2)[M],(G-2.G-1)[M],(G-2.G-1.#d2)[M],(G-2.G-1)[M],(G-2.G-1.d2)[M],(G-2.G-1)[M],D-2[JMNP],(D-2.D-1)[JKNO],(c1.e1.g1)[LMO],(D-1.d.d1.#f1.a1)[KNO],(d1.#f1.a1)[MNP],(D-1.d)[LMO],(D-1.d.g1)[LMP],(D-1.d)[KNOP],(D-1.d)[KNO],(D-1.d)[LMO],(D-1.d)[MN],(D-1.d)[LMO],(D-1.d)[MNP],(D-1.d)[LMP],(D-1.d)[LMO],(C-1.c.c1.e1.g1)[LMO],(D-1.d.d1.#f1.a1)[LMP],(#D-1.#d.#d1.g1.#a1)[LMO],(C-1.c.c1.e1.g1)[LMP],(D-1.d.d1.#f1.a1)[KNOP],(d1.#f1.a1)[MNP],(D-1.d)[LMP],(D-1.d.g1)[LMO],(D-1.d)[KNO],(D-1.d)[KNOP],(D-1.d)[LMP],(D-1.d)[MNP],(D-1.d)[LMO],(D-1.d)[MN],(D-1.d)[LMO],(D-1.d)[LMO],(C-1.c.c1.e1.g1)[LMP],(D-1.d.d1.#f1.a1)[LMO],(#D-1.#d.#d1.g1.#a1)[LMP],(F-1.f.f1.a1.c2)[LMO],(G-1.g.d1.g1.b1)[KNO],(d1.g1.b1)[MNP],(G-1.g)[LMO],(G-1.g)[LMP],(G-1.g)[KNOP],(G-1.g)[KNO],(G-1.g)[LMO],(G-1.g)[MNP],(G-1.g)[LMP],(G-1.g)[MNP],(G-1.g)[LMO],(G-1.g)[LMP],(F-1.f.c1.f1.a1)[LMO],(G-1.g.d1.g1.b1)[LMP],(#G-1.#g.#d1.#g1.c2)[LMO],(F-1.f.c1.f1.a1)[LMO],(G-1.g.d1.g1.b1)[KNO],(d1.g1.b1)[MNP],(G-1.g)[LMP],(G-1.g)[LMO],(G-1.g)[KNO],(G-1.g)[KNOP],(G-1.g)[LMP],(G-1.g)[MNP],(G-1.g)[LMO],(G-1.g)[MNP],(G-1.g)[LMP],(G-1.g)[LMO],(F-1.f.c1.f1.a1)[LMP],(G-1.g.d1.g1.b1)[LMO],(#G-1.#g.#d1.#g1.c2)[LMO],(#A-1.#a.f1.#a1.d2)[LMP],(C-2.C-1.c1.e1.g1.c2)[LMO],d2[MNP],(c1.e1.g1)[MN],#d2[LMO],#a2[JKNO],C-2[LMO],(C-2.C-1.c2)[LMO],d2[LMP],#d2[LMO],#a2[LMP],(#a.d1.f1)[LMO],(c1.e1.g1)[LMO],(#c1.f1.#g1)[LMP],(B-3.B-2.#a.d1.f1)[LMO],(C-2.C-1.c1.e1.g1.c2)[LMP],d2[MNP],(c1.e1.g1)[MNP],#d2[LMO],#a2[I],c2[LMP],d2[LMO],#d2[LMP],#a2[JMNP],#A-3[MNP],(#A-2.#a2)[MNP],(#A-3.#a2)[MNP],(#A-2.#a2)[MN],(#A-3.#a2)[MNP],(#A-2.#a2)[MNP],(#A-3.#a2)[MNP],(#A-2.#a2)[MNP],(#A-3.#a2)[MN],(#A-2.#a2)[MNP],(#A-3.#a2)[MNP],(#A-2.#a2)[MNP],(#A-3.#a2)[MNP],(#A-2.#a2)[MN],(#A-3.#a2)[MNP],(#A-2.#a2)[MNP],(#A-3.#a2)[MNP],(#A-2.#a2)[MNP],(#A-3.#a2)[MN],(#A-2.#a2)[MNP],D-2[JLOP],g3[NOP],g3[KNO],(D-1.d)[LMO],c3[LMP],(D-1.d.g2)[LMO],d2[LMO],(D-1.d.#d3)[LMP],#a2[LMO],(D-1.d.f2)[LMP],d2[LMO],(D-1.d.g1)[LMO],d1[LMP],D-1[MNP],G-1[MNP],d[LMP],(D-1.d1.#f1.a1)[KNOP],(D-1.d1.#f1.a1)[KNO],D-2[KLOP],D-2[KNOP],D-2[KNO],(D-1.d1.#f1.a1)[MNP],(D-1.d1.#f1.a1)[LMO],(D-1.d1.#f1.a1)[KNO],D-2[KLOP],(C-1.c.c1.e1.g1)[KNOP],(#D-1.#d.#d1.g1.#a1)[KNO],(D-1.d1.#f1.a1)[KNO],(D-1.d1.#f1.a1)[KNOP],D-2[KLOP],D-2[KNO],D-2[KNOP],(D-1.d1.#f1.a1)[MNP],(D-1.d1.#f1.a1)[LMP],(D-1.d1.#f1.a1)[KNOP],D-2[KLOP],(C-1.c.c1.e1.g1)[KNO],(#D-1.#d.#d1.g1.#a1)[KNOP],(G-1.d1.g1.b1)[KNO],(G-1.d1.g1.b1)[KNO],G-2[KLN],G-2[KNO],G-2[KNO],(G-1.d1.g1.b1)[MNP],(G-1.d1.g1.b1)[LMO],(G-1.d1.g1.b1)[KNO],G-2[KLOP],(F-1.f.c1.f1.a1)[KNOP],(#G-1.#g.#d1.#g1.c2)[KNO],(G-1.d1.g1.b1)[KNOP],(G-1.d1.g1.b1)[KNO],G-2[KLOP],G-2[KNOP],G-2[KNO],(G-1.d1.g1.b1)[MNP],(G-1.d1.g1.b1)[LMP],(G-1.d1.g1.b1)[KNOP],G-2[KLOP],(f.c1.f1.a1)[KNO],(#g.#d1.#g1.c2)[KNOP],(C-1.e.g.c1)[MNP],C-1[LMP],(C-1.e.g.c1)[LMO],F-2[MNP],(F-1.f1)[JKNO],F-2[LMO],(C-1.e.g.c1)[MN],(C-1.e.g.c1)[LMO],(C-1.e.g.c1)[LMO],F-2[MN],(F-1.f1)[KLN],(#A-2.#c.f.#a)[MN],#F-2[MNP],#A-2[MNP],(#C-1.f.#g.#c1)[MNP],#A-2[MNP],F-2[MN],(C-1.e.g.c1)[KNOP],(C-1.e.g.c1)[LMP],F-2[MNP],(F-1.f1)[JKNOP],F-2[LMP],(C-1.e.g.c1)[MNP],(C-1.e.g.c1)[LMO],(C-1.e.g.c1)[LMP],F-2[MNP],(F-1.f1)[KLOP],(#A-2.#c.f.#a)[MNP],#F-2[MNP],#A-2[MNP],(#C-1.f.#g.#c1)[MN],#A-2[MNP],#C-1[MNP],(F-1.a.c1.f1)[MNP],F-1[LMP],(F-1.a.c1.f1)[LMO],#A-2[MNP],(F-1.f1)[JKNO],#A-2[LMO],(F-1.a.c1.f1)[MNP],(F-1.a.c1.f1)[LMP],(F-1.a.c1.f1)[LMO],#A-2[MNP],(F-1.f1)[KLOP],(#D-1.g.#a.#d1)[MNP],B-2[MN],#D-1[MNP],(#F-1.#a.#c1.#f1)[MNP],#D-1[MNP],#A-2[MNP],(F-1.a.c1.f1)[KNO],(F-1.a.c1.f1)[LMO],#A-2[MN],(F-1.f1)[JKNOP],#A-2[LMP],(F-1.a.c1.f1)[MNP],(F-1.a.c1.f1)[LMO],(F-1.a.c1.f1)[LMP],#A-2[MNP],(F-1.f1)[KLOP],(F-1.g.#a.#d1)[MNP],G-1[MNP],#G-1[MNP],(#A-1.#a.#c1.#f1)[MNP],#G-1[MN],G-1[MNP],(C-2.C-1)[LMO],(D-1.d)[LMP],(G-1.g)[LMO],(D-1.d1)[LMO],(#A-1.#a1)[LMP],(d.d2)[LMO],(#d.#d2)[LMP],(d.d2)[LMO],(D-1.A-1.g2)[LMO],g1[LMP],c2[LMO],f2[LMP],#a2[LMO],c3[LMO],#a2[LMP],a2[LMO],(G-2.c2)[KMNO],d2[KMNP],#d2[KMNO],#a2[KMNO],(g.#d2)[KMNP],#a2[KMNO],(g.#a2)[KMNO],(g.#a2)[JLMOP],G-1[KMNO],G-1[JLMOP],G-1[KMNO],G-1[KMNO],G-1[JLMOP],(G-2.c2)[KMNO],d2[KMNO],#d2[KMNP],#a2[KMNO],(g.#d2)[KMNO],#a2[KMNO],(g.#a2)[KMNP],(g.#a2)[JLMN],G-1[KMNP],G-1[JLMN],G-1[KMNO],G-1[KMNP],G-1[JLMN],(g.g1)[LNOP],d1[LNO],g2[LNOP],#d2[LNOP],#d3[LNOP],#a2[LNOP],f2[LNOP],d2[LNOP],g1[LNO],d1[LNOP],(g.d2)[LNOP],#a1[LNOP],(g.c3)[LNOP],(g.g2)[LNOP],#d2[LNOP],d2[LNO],(g.#a1)[LNOP],g1[LNOP],d2[LNOP],(g.#d2)[LNOP],(g.#a2)[LNOP],f2[LNOP],d2[LNO],#a1[LNOP],f1[LNOP],#a1[LNOP],(g.f2)[LNOP],#a2[LNOP],(g.c3)[MNOP],g[M],g2[LNO],#d2[LNOP],d2[LNOP],(g.g1)[LNOP],d1[LNOP],g2[LNOP],#d2[LNOP],#d3[LNO],#a2[LNOP],f2[LNOP],d2[LNOP],g1[LNOP],d1[LNOP],(g.d2)[LNOP],#a1[LNO],(g.c3)[LNOP],(g.g2)[LNOP],#d2[LNOP],d2[LNOP],(g.#a1)[LNOP],g1[LNOP],d2[LNO],(g.#d2)[LNOP],(g.#a2)[LNOP],f2[LNOP],d2[LNOP],#a1[LNOP],f1[LNOP],#a1[LNO],(g.f2)[LNOP],#a2[LNOP],(g.c3)[LNOP],(g.g2)[LNOP],(g.#d2)[LNOP],(g.d2)[LNOP],(G-2.G-1.g2)[MOP],g2[MOP],d2[MN],d2[MOP],g3[MN],g3[MOP],#d3[MN],#d3[MOP],#d4[MOP],#d4[MN],#a3[MOP],#a3[MN],f3[MOP],f3[MN],d3[MOP],d3[MOP],g2[MN],g2[MOP],d2[MN],d2[MOP],(G-1.g.d3)[MN],d3[MOP],#a2[MOP],#a2[MN],(G-1.g.c4)[MOP],c4[MN],(G-1.g.g3)[MOP],g3[MN],#d3[MOP],#d3[MOP],d3[MN],d3[MOP],(G-1.g.#a2)[MN],#a2[MOP],g2[MN],g2[MOP],d3[MOP],d3[MN],(G-1.g.#d3)[MOP],#d3[MN],(G-1.g.#a3)[MOP],#a3[MN],f3[MOP],f3[MOP],d3[MN],d3[MOP],#a2[MN],#a2[MOP],f2[MN],f2[MOP],#a2[MOP],#a2[MN],(G-1.g.f3)[MOP],f3[MN],#a3[MOP],#a3[MN],(G-1.g.c4)[MOP],c4[MOP],(G-1.g.g3)[MN],g3[MOP],#d3[MN],#d3[MOP],d3[MN],d3[MOP],(G-1.g.g2)[MOP],g2[MN],d2[MOP],d2[MN],g3[MOP],g3[MN],#d3[MOP],#d3[MOP],#d4[MN],#d4[MOP],#a3[MN],#a3[MOP],f3[MN],f3[MOP],d3[MOP],d3[MN],g2[MOP],g2[MN],d2[MOP],d2[MN],(G-1.g.d3)[MOP],d3[MOP],#a2[MN],#a2[MOP],(G-1.g.c4)[MN],c4[MOP],(G-1.g.g3)[MN],g3[MOP],#d3[MOP],#d3[MN],d3[MOP],d3[MN],(G-1.g.#a2)[MOP],#a2[MN],g2[MOP],g2[MOP],d3[MN],d3[MOP],(G-1.g.#d3)[MN],#d3[MOP],(G-1.g.#a3)[MN],#a3[MOP],f3[MOP],f3[MN],d3[MOP],d3[MN],#a2[MOP],#a2[MN],f2[MOP],f2[MOP],#a2[MN],#a2[MOP],(G-1.g.f3)[MN],f3[MOP],#a3[MN],#a3[MOP],(G-1.g.c4)[MOP],c4[MN],(G-1.g.g3)[MOP],g3[MN],(G-1.g.#d3)[MOP],#d3[MN],(G-1.g.d3)[MOP],d3[MOP],(g.g2)[M],(g1.g2)[M],(g.g2)[NOP],(g1.g2)[NO],(g.g2)[MOP],(g1.g2)[NO],(g.g2)[NO],(g1.g2)[MOP],(g.g2)[NO],(g1.g2)[NO],(g.g2)[MOP],(g1.g2)[NO],(g.g2)[NO],(g1.g2)[MOP],(g.g2)[NO],(g1.g2)[NP],(g.g2)[MN],(g1.g2)[NO],(g.g2)[NP],(g1.g2)[MN],(g.g2)[NP],(g1.g2)[NO],(g.g2)[MN];"],"id":2,"instruments":["piano","piano"],"alternatives":["",""]},{"bpm":200,"baseBeats":0.375,"scores":["6<WY,mute[JKNOP]>,mute[KLOP],mute[KLOP],mute[JKNOP],mute[KLOP],mute[KLOP],mute[JKNO],mute[KLN],mute[KLOP],mute[KLOP],mute[KLOP],mute[KLOP],mute[KLN],mute[JKNO],mute[KLOP],mute[KLOP],mute[KLN],mute[KLOP],mute[JKNO],mute[IJMNP],mute[JKNO],mute[KLN],mute[KLOP],mute[JKNO],mute[KLOP],mute[KLN],mute[JKNO],mute[KLOP],mute[KLOP],mute[JKNOP],mute[KLOP],mute[KLOP],mute[KLOP],mute[KLN],mute[KLOP],mute[KLOP],mute[JKNO],mute[KLN],mute[KLOP],mute[KLOP],mute[KLOP],mute[JKNOP],mute[IJMN],mute[JKNOP],mute[KLOP],mute[KLOP],mute[KLOP],mute[KLN],mute[KLOP],mute[KLOP],mute[KLOP],mute[KLOP],mute[KLN],mute[KLOP],mute[KLOP],mute[KLOP],mute[KLOP],mute[KLN],mute[KLOP],mute[KLOP],mute[KLOP],mute[KLOP],mute[KLN],mute[KLOP],mute[KLOP],mute[KLOP],mute[KLOP],mute[KLN],mute[KLOP],mute[KLOP],mute[KLOP],mute[KLOP],mute[KLN],mute[KLOP],mute[KLOP],mute[KLOP],mute[KLOP],mute[KLN],mute[MN],mute[MN],mute[MN],mute[MN],mute[MN],mute[MN],mute[MN],mute[MN],mute[MN],mute[MN],mute[MN],mute[MN],mute[MN],mute[MN],mute[MN],mute[LNO],mute[KLO],mute[KLOP],mute[MN],mute[MN],mute[MN],mute[MN],mute[MN],mute[MN],mute[MN],mute[MN],mute[MN],mute[MN],mute[MN],mute[MN],mute[MN],mute[MN],mute[MN],mute[MN],mute[MN],mute[MN],mute[MN],mute[MN],mute[MN],mute[MN],mute[MN],mute[MN],mute[MN],mute[MN],mute[MN],mute[MN],mute[MN],mute[MN],mute[MN],mute[MN],mute[MN],mute[MNP],mute[KLN],mute[KLN],mute[MN],mute[MN],mute[MN],mute[MN],mute[MN],mute[MN],mute[MN],mute[MN],mute[MN],mute[MN],mute[MN],mute[MN],mute[MN],mute[MN],mute[MN],mute[MN],mute[MNP],mute[KLOP],mute[KLN],mute[MN],mute[MN],mute[MN],mute[MN],mute[MN],mute[MN],mute[MN],mute[MN],mute[MN],mute[MN],mute[MN],mute[MN],mute[MN],mute[MN],mute[MN],mute[MN],mute[MN],mute[MN],mute[MN],mute[MN],mute[MN],mute[MN],mute[MN],mute[MN],mute[MN],mute[MN],mute[MN],mute[MN],mute[MN],mute[MN],mute[MN],mute[MN],mute[MN],mute[MNP],mute[KLOP],mute[KLN],mute[JKNO],mute[MN],mute[MN],mute[MN],mute[MN],mute[MN],mute[MN],mute[MN],mute[MN],mute[MN],mute[MN],mute[MN],mute[MN],mute[MN],mute[MN],mute[MN],mute[MN],mute[MNP],mute[KLOP],mute[KLOP],mute[MN],mute[MN],mute[MN],mute[MN],mute[MN],mute[MN],mute[MN],mute[MN],mute[MN],mute[MN],mute[MN],mute[MN],mute[MN],mute[MN],mute[MN],mute[MN],mute[MN],mute[MN],mute[MN],mute[MN],mute[MN],mute[MN],mute[MN],mute[MN],mute[MN],mute[MN],mute[MN],mute[MN],mute[MN],mute[MN],mute[MN],mute[MN],mute[MN],mute[MNO],mute[JKNP],mute[MN],mute[MN],mute[MN],mute[MN],mute[MN],mute[MN],mute[MN],mute[MN],mute[MN],mute[MN],mute[MN],mute[MN],mute[MN],mute[MN],mute[MN],mute[MN],mute[MN],mute[JKM],mute[MN],mute[MN],mute[MN],mute[MN],mute[MN],mute[MN],mute[MN],mute[MN],mute[MN],mute[MN],mute[MN],mute[MN],mute[MN],mute[MN],mute[MN],mute[MN],mute[MN],mute[MN],mute[MN],mute[MN],mute[MN],mute[MN],mute[MN],mute[MN],mute[MN],mute[MN],mute[MN],mute[MN],mute[MN],mute[MN],mute[MN],mute[MN],mute[MN],mute[MNP],5<VW>,5<VW>,5<VW>,5<VW>,5<VW>,5<VW>,5<VW>,5<VW>,5<VW>,5<VW>,5<VW>,5<VW>,5<VW>,5<VW>,6<VW,Y>,5<VW>,5<VW>,mute[JKNO],5<VW>,5<VW>,5<VW>,5<VW>,5<VW>,5<VW>,5<VW>,5<VW>,5<VW>,5<VW>,5<VW>,5<VW>,5<VW>,5<VW>,5<VW>,5<VW>,5<VW>,5<VW>,5<VW>,5<VW>,5<VW>,5<VW>,5<VW>,5<VW>,5<VW>,5<VW>,5<VW>,5<VW>,5<VW>,5<VW>,5<VW>,6<VW,X>,5<VW>,5<VW>,mute[KLOP],mute[KLOP],5<VW>,5<VW>,5<VW>,5<VW>,5<VW>,5<VW>,5<VW>,5<VW>,5<VW>,5<VW>,5<VW>,5<VW>,5<VW>,5<VW>,6<VW,Y>,5<VW>,5<VW>,mute[KLOP],mute[KLN],5<VW>,5<VW>,5<VW>,5<VW>,5<VW>,5<VW>,5<VW>,5<VW>,5<VW>,5<VW>,5<VW>,5<VW>,5<VW>,5<VW>,5<VW>,5<VW>,5<VW>,5<VW>,5<VW>,5<VW>,5<VW>,5<VW>,5<VW>,5<VW>,5<VW>,5<VW>,5<VW>,5<VW>,5<VW>,5<VW>,5<VW>,6<VW,Y>,5<VW>,5<VW>,mute[KLOP],mute[KLN],mute[KLOP],mute[MN],mute[MN],mute[MN],mute[MN],mute[MN],mute[MN],mute[MN],mute[MN],mute[MN],mute[MN],mute[MN],mute[MN],mute[MN],mute[MN],mute[MN],mute[MN],mute[MN],mute[MN],mute[MN],mute[MN],mute[MN],mute[MN],mute[MN],mute[MN],mute[MN],mute[MN],mute[MN],mute[MN],mute[MN],mute[MN],mute[MN],mute[MN],mute[MN],mute[MN],mute[MN],mute[MN],mute[MN],mute[MN],mute[MN],mute[MN],mute[MN],mute[MN],mute[MN],mute[MN],mute[MN],mute[MN],mute[MN],mute[MN],mute[MN],mute[MN],mute[MN],mute[MN],mute[MN],mute[MN],mute[MN],mute[MN],mute[MN],mute[MN],mute[MN],mute[MN],mute[MN],mute[MN],mute[MN],mute[MN],mute[HHHMO];","(g1.g2)[NP],(d.g.d1.g1)[JKNOP],d2[KLOP],#d2[KLOP],(f.#a.f1.f2)[JKNOP],#d2[KLOP],d2[KLOP],(d.g.d1.#a1)[JKNO],a1[KLN],#a1[KLOP],(f.#a.f1.c2)[KLOP],d2[KLOP],(d.g.d1.#a1)[KLOP],a1[KLN],(d.#a.d1.#a1)[JKNO],(a1.a2)[KLOP],(#a1.#a2)[KLOP],(f.#a.f1.c2.c3)[KLN],(g1.g2)[KLOP],(#d.#a.#d1.#d2.#d3)[JKNO],(d.#a.d1.d2.d3)[IJMNP],(c.g.c1.c2.c3)[JKNO],(#A-1.f.#a.#a1.#a2)[KLN],(a1.a2)[KLOP],(d.g.d1.g1.g2)[JKNO],(d2.d3)[KLOP],(#d2.#d3)[KLN],(f.#a.f1.f2.f3)[JKNO],(#d2.#d3)[KLOP],(d2.d3)[KLOP],(d.g.d1.#a1.#a2)[JKNOP],(a1.a2)[KLOP],(#a1.#a2)[KLOP],(f.#a.f1.c2.c3)[KLOP],(d2.d3)[KLN],(d.g.d1.#a1.#a2)[KLOP],(a1.a2)[KLOP],(d.#a.d1.#a1.#a2)[JKNO],(a1.a2)[KLN],(#a1.#a2)[KLOP],(f.#a.f1.c2.c3)[KLOP],(g1.g2)[KLOP],(#d.#a.#d1.#d2.#d3)[JKNOP],(d.#a.d1.d2.d3)[IJMN],(c.g.c1.c2.c3)[JKNOP],(#A-1.f.#a.#a1.#a2)[KLOP],(a1.a2)[KLOP],(G-1.d.g.g1.g2)[KLOP],d[KLN],(g.d2.d3)[KLOP],(d.#d2.#d3)[KLOP],(#A-1.f.#a.f2.f3)[KLOP],f[KLOP],(#d1.#d2.#d3)[KLN],(d.d2.d3)[KLOP],(G-1.d.g.#a1.#a2)[KLOP],d[KLOP],(g.a1.a2)[KLOP],(d.#a1.#a2)[KLN],(#A-1.d.#a.c2.c3)[KLOP],(d.d2.d3)[KLOP],(#A-1.f.#a.#a1.#a2)[KLOP],(a.a1.a2)[KLOP],(G-1.d.g.#a1.#a2)[KLN],d[KLOP],(g.a1.a2)[KLOP],(d.#a1.#a2)[KLOP],(#A-1.f.#a.c2.c3)[KLOP],(f.g1.g2)[KLN],(#d.#a.#d1.#d2.#d3)[KLOP],g[KLOP],(d.g.d1.d2.d3)[KLOP],#a[KLOP],g[KLN],d[KLOP],(c.f.c1.c2.c3)[KLOP],c[KLOP],(#A-1.f.#a.#a1.#a2)[KLOP],(A-1.e.a.a1.a2)[KLN],(G-2.G-1.g1)[MN],(G-2.G-1)[MNP],(G-2.G-1)[MN],(G-2.G-1)[MNP],(G-2.G-1)[MNP],(G-2.G-1)[MN],(G-2.G-1)[MNP],(G-2.G-1)[MNP],(D-1.d.d2)[MN],(D-1.d)[MNP],(D-1.d)[MNP],(D-1.d)[MN],(D-1.d.#d2)[MNP],(D-1.d)[MNP],(D-1.d)[MN],(D-1.d)[MNP],(f.#a.f1.f2)[KLO],#A-1[KLOP],(D-1.d.#d2)[MN],(D-1.d)[MNP],(D-1.d)[MNP],(D-1.d)[MNP],(D-1.d.d2)[MNP],(D-1.d)[MN],(D-1.d)[MNP],(D-1.d)[MNP],(G-2.G-1.#a1)[MNP],(G-2.G-1)[MNP],(G-2.G-1)[MN],(G-2.G-1)[MNP],(G-2.G-1)[MNP],(G-2.G-1)[MNP],(G-2.G-1)[MNP],(G-2.G-1)[MN],(#A-2.#A-1.a1)[MNP],(#A-2.#A-1)[MNP],(#A-2.#A-1)[MNP],(#A-2.#A-1)[MNP],(#A-2.#A-1.#a1)[MN],(#A-2.#A-1)[MNP],(#A-2.#A-1)[MNP],(#A-2.#A-1)[MNP],(C-1.c.c2)[MNP],(C-1.c)[MN],(C-1.c)[MNP],(C-1.c)[MNP],(C-1.c.d2)[MNP],(C-1.c)[MNP],(C-1.c)[MN],(C-1.c)[MNP],(#A-1.d.#a.#a1)[KLN],(A-1.d.a.a1)[KLN],(G-2.G-1.#a1)[MNP],(G-2.G-1)[MNP],(G-2.G-1)[MNP],(G-2.G-1)[MNP],(G-2.G-1)[MN],(G-2.G-1)[MNP],(G-2.G-1)[MNP],(G-2.G-1)[MNP],(#A-2.#A-1.a1)[MNP],(#A-2.#A-1)[MN],(#A-2.#A-1)[MNP],(#A-2.#A-1)[MNP],(#A-2.#A-1.#a1)[MNP],(#A-2.#A-1)[MNP],(#A-2.#A-1)[MN],(#A-2.#A-1)[MNP],(#A-1.f.#a.c2)[KLOP],(G-1.d.g.g1)[KLN],(#D-1.#d.#d2)[MN],(#D-1.#d)[MNP],(#D-1.#d)[MNP],(#D-1.#d)[MNP],(#D-1.#d)[MNP],(#D-1.#d)[MN],(#D-1.#d)[MNP],(#D-1.#d)[MNP],(D-1.d.d2)[MNP],(D-1.d)[MNP],(D-1.d)[MN],(D-1.d)[MNP],(D-1.d)[MNP],(D-1.d)[MNP],(D-1.d)[MNP],(D-1.d)[MN],(D-1.d)[MNP],(D-1.d)[MNP],(D-1.d)[MNP],(D-1.d)[MNP],(D-1.d)[MN],(D-1.d)[MNP],(D-1.d)[MNP],(D-1.d)[MNP],(C-1.c.c2)[MNP],(C-1.c)[MN],(C-1.c)[MNP],(C-1.c)[MNP],(C-1.c)[MNP],(C-1.c)[MNP],(C-1.c)[MN],(C-1.c)[MNP],(#A-1.#a.#a1)[KLOP],(A-1.a.a1)[KLN],(G-1.d.g.g1)[JKNO],(D-1.d.d2.d3)[MNP],(D-1.d)[MNP],(D-1.d)[MN],(D-1.d)[MNP],(D-1.d.#d2.#d3)[MNP],(D-1.d)[MNP],(D-1.d)[MNP],(D-1.d)[MN],(F-1.f.f2.f3)[MNP],(F-1.f)[MNP],(F-1.f)[MNP],(F-1.f)[MNP],(F-1.f)[MN],(F-1.f)[MNP],(F-1.f)[MNP],(F-1.f)[MNP],(#d.c1.#d1.#d2)[KLOP],(d.#a.d1.d2)[KLOP],(G-2.G-1.#a1.#a2)[MNP],(G-2.G-1)[MNP],(G-2.G-1)[MNP],(G-2.G-1)[MN],(G-2.G-1)[MNP],(G-2.G-1)[MNP],(G-2.G-1)[MNP],(G-2.G-1)[MNP],(#A-2.#A-1.a1.a2)[MN],(#A-2.#A-1)[MNP],(#A-2.#A-1)[MNP],(#A-2.#A-1)[MNP],(#A-2.#A-1.#a1.#a2)[MNP],(#A-2.#A-1)[MN],(#A-2.#A-1)[MNP],(#A-2.#A-1)[MNP],(C-1.c.c2.c3)[MNP],(C-1.c)[MNP],(C-1.c)[MN],(C-1.c)[MNP],(C-1.c.d2.d3)[MNP],(C-1.c)[MNP],(C-1.c)[MNP],(C-1.c)[MN],(#A-2.#A-1.#a1.#a2)[MNP],(#A-2.#A-1)[MNP],(#A-2.#A-1)[MNP],(#A-2.#A-1)[MNP],(#A-2.#A-1.a1.a2)[MN],(#A-2.#A-1)[MNP],(#A-2.#A-1)[MNP],(#A-2.#A-1)[MNP],(d.g.#a.#a1)[JKNP],(#A-2.#A-1.a1.a2)[MNP],(#A-2.#A-1)[MNP],(#A-2.#A-1)[MNP],(#A-2.#A-1)[MN],(#A-2.#A-1.#a1.#a2)[MNP],(#A-2.#A-1)[MNP],(#A-2.#A-1)[MNP],(#A-2.#A-1)[MN],(C-1.c.c2.c3)[MNP],(C-1.c)[MNP],(C-1.c)[MNP],(C-1.c)[MN],(C-1.c.g1.g2)[MNP],(C-1.c)[MNP],(C-1.c)[MNP],(C-1.c)[MN],(#d.#a.#d1.#d2.#d3)[JKM],(D-1.d.d2.d3)[MN],(D-1.d)[MNP],(D-1.d)[MNP],(D-1.d)[MNP],(D-1.d)[MNP],(D-1.d)[MN],(D-1.d)[MNP],(D-1.d)[MNP],(D-1.d)[MNP],(D-1.d)[MNP],(D-1.d)[MN],(D-1.d)[MNP],(D-1.d)[MNP],(D-1.d)[MNP],(D-1.d)[MNP],(D-1.d)[MN],(C-1.c.c2.c3)[MNP],(C-1.c)[MNP],(C-1.c)[MNP],(C-1.c)[MNP],(C-1.c)[MN],(C-1.c)[MNP],(C-1.c)[MNP],(C-1.c)[MNP],(#A-1.#a1)[MNP],#a[MN],#A-1[MNP],#a[MNP],(A-1.a1)[MNP],a[MNP],A-1[MN],a[MNP],(G-2.g1.g2)[OP],G-1[N],(G-2.g1.g2)[OP],G-1[OP],(G-2.g1.g2)[OP],G-1[OP],(G-2.g1.g2)[N],G-1[OP],(G-2.g1.g2)[OP],G-1[OP],(G-2.g1.g2)[OP],G-1[N],(G-2.g1.g2)[OP],G-1[OP],(G-2.g1.g2)[OP],G-1[OP],(G-2.g1.g2)[N],G-1[OP],(G-2.g1.g2)[OP],G-1[OP],(G-2.g1.g2)[OP],G-1[N],(G-2.g1.g2)[OP],G-1[OP],(G-2.g1.g2)[OP],G-1[OP],(G-2.g1.g2)[N],G-1[OP],(G-2.g1.g2)[OP],G-1[OP],(G-2.g1.g2)[OP],G-1[N],(D-1.d2.d3)[OP],d[OP],(D-1.d2.d3)[OP],d[OP],(D-1.d2.d3)[N],d[OP],(D-1.d2.d3)[OP],d[OP],(D-1.d2.d3)[OP],d[N],(D-1.d2.d3)[OP],d[OP],(D-1.d2.d3)[OP],d[OP],(D-1.d2.d3)[N],d[OP],(D-1.#d2.#d3)[OP],d[OP],(D-1.#d2.#d3)[OP],d[N],(D-1.#d2.#d3)[OP],d[OP],(D-1.#d2.#d3)[OP],d[OP],(D-1.#d2.#d3)[N],d[OP],(D-1.#d2.#d3)[OP],d[OP],(D-1.#d2.#d3)[OP],d[N],(D-1.#d2.#d3)[OP],d[OP],(f.#a.f1.f2.f3)[JKNO],(#D-1.#d2.#d3)[N],#d[OP],(#D-1.#d2.#d3)[OP],#d[OP],(#D-1.#d2.#d3)[OP],#d[N],(#D-1.#d2.#d3)[OP],#d[OP],(#D-1.#d2.#d3)[OP],#d[OP],(#D-1.#d2.#d3)[N],#d[OP],(#D-1.#d2.#d3)[OP],#d[OP],(#D-1.#d2.#d3)[OP],#d[N],(#D-1.d2.d3)[OP],#d[OP],(#D-1.d2.d3)[OP],#d[OP],(#D-1.d2.d3)[N],#d[OP],(#D-1.d2.d3)[OP],#d[OP],(#D-1.d2.d3)[OP],#d[N],(#D-1.d2.d3)[OP],#d[OP],(#D-1.d2.d3)[OP],#d[OP],(#D-1.d2.d3)[N],#d[OP],(G-2.g1.g2)[OP],G-1[OP],(G-2.g1.g2)[OP],G-1[N],(G-2.g1.g2)[OP],G-1[OP],(G-2.g1.g2)[OP],G-1[OP],(G-2.g1.g2)[N],G-1[OP],(G-2.g1.g2)[OP],G-1[OP],(G-2.g1.g2)[OP],G-1[N],(G-2.g1.g2)[OP],G-1[OP],(G-2.g1.g2)[OP],G-1[OP],(G-2.g1.g2)[N],G-1[OP],(G-2.g1.g2)[OP],G-1[OP],(G-2.g1.g2)[OP],G-1[N],(G-2.g1.g2)[OP],G-1[OP],(G-2.g1.g2)[OP],G-1[OP],(G-2.g1.g2)[N],G-1[OP],(G-2.g1.g2)[OP],G-1[OP],(#A-2.a1.a2)[OP],#A-1[N],(#A-2.a1.a2)[OP],#A-1[OP],(#A-2.a1.a2)[OP],#A-1[OP],(#A-2.a1.a2)[N],#A-1[OP],(#A-2.a1.a2)[OP],#A-1[OP],(#A-2.a1.a2)[OP],#A-1[N],(#A-2.a1.a2)[OP],#A-1[OP],(#A-2.a1.a2)[OP],#A-1[OP],(#A-2.#a1.#a2)[N],#A-1[OP],(#A-2.#a1.#a2)[OP],#A-1[OP],(#A-2.#a1.#a2)[OP],#A-1[N],(#A-2.#a1.#a2)[OP],#A-1[OP],(#A-2.#a1.#a2)[OP],#A-1[OP],(#A-2.#a1.#a2)[N],#A-1[OP],(#A-2.#a1.#a2)[OP],#A-1[OP],(#A-2.#a1.#a2)[OP],#A-1[N],(C-1.c2.c3)[OP],c[OP],(C-1.c2.c3)[OP],c[OP],(C-1.c2.c3)[N],c[OP],(C-1.c2.c3)[OP],c[OP],(C-1.c2.c3)[OP],c[N],(C-1.c2.c3)[OP],c[OP],(C-1.c2.c3)[OP],c[OP],(C-1.c2.c3)[N],c[OP],(C-1.d2.d3)[OP],c[OP],(C-1.d2.d3)[OP],c[N],(C-1.d2.d3)[OP],c[OP],(C-1.d2.d3)[OP],c[OP],(C-1.d2.d3)[N],c[OP],(C-1.d2.d3)[OP],c[OP],(C-1.d2.d3)[OP],c[N],(C-1.d2.d3)[OP],c[OP],(#A-1.d.#a.#a1.#a2)[KLOP],(a1.a2)[KLOP],(G-2.#a1.#a2)[N],G-1[OP],(G-2.#a1.#a2)[OP],G-1[OP],(G-2.#a1.#a2)[OP],G-1[N],(G-2.#a1.#a2)[OP],G-1[OP],(G-2.#a1.#a2)[OP],G-1[OP],(G-2.#a1.#a2)[N],G-1[OP],(G-2.#a1.#a2)[OP],G-1[OP],(G-2.#a1.#a2)[OP],G-1[N],(G-2.#a1.#a2)[OP],G-1[OP],(G-2.#a1.#a2)[OP],G-1[OP],(G-2.#a1.#a2)[N],G-1[OP],(G-2.#a1.#a2)[OP],G-1[OP],(G-2.#a1.#a2)[OP],G-1[N],(G-2.#a1.#a2)[OP],G-1[OP],(G-2.#a1.#a2)[OP],G-1[OP],(G-2.#a1.#a2)[N],G-1[OP],(#A-2.a1.a2)[OP],#A-1[OP],(#A-2.a1.a2)[OP],#A-1[N],(#A-2.a1.a2)[OP],#A-1[OP],(#A-2.a1.a2)[OP],#A-1[OP],(#A-2.a1.a2)[N],#A-1[OP],(#A-2.a1.a2)[OP],#A-1[OP],(#A-2.a1.a2)[OP],#A-1[N],(#A-2.a1.a2)[OP],#A-1[OP],(#A-2.#a1.#a2)[OP],#A-1[OP],(#A-2.#a1.#a2)[N],#A-1[OP],(#A-2.#a1.#a2)[OP],#A-1[OP],(#A-2.#a1.#a2)[OP],#A-1[N],(#A-2.#a1.#a2)[OP],#A-1[OP],(#A-2.#a1.#a2)[OP],#A-1[OP],(#A-2.#a1.#a2)[N],#A-1[OP],(#A-2.#a1.#a2)[OP],#A-1[OP],(#A-1.f.#a.c2.c3)[KLOP],(g1.g2)[KLN],(#D-1.#d2.#d3)[OP],#d[OP],(#D-1.#d2.#d3)[OP],#d[OP],(#D-1.#d2.#d3)[N],#d[OP],(#D-1.#d2.#d3)[OP],#d[OP],(#D-1.#d2.#d3)[OP],#d[N],(#D-1.#d2.#d3)[OP],#d[OP],(#D-1.#d2.#d3)[OP],#d[OP],(#D-1.#d2.#d3)[N],#d[OP],(#D-1.#d2.#d3)[OP],#d[OP],(#D-1.#d2.#d3)[OP],#d[N],(#D-1.#d2.#d3)[OP],#d[OP],(#D-1.#d2.#d3)[OP],#d[OP],(#D-1.#d2.#d3)[N],#d[OP],(#D-1.#d2.#d3)[OP],#d[OP],(#D-1.#d2.#d3)[OP],#d[N],(#D-1.#d2.#d3)[OP],#d[OP],(D-1.d2.d3)[OP],d[OP],(D-1.d2.d3)[N],d[OP],(D-1.d2.d3)[OP],d[OP],(D-1.d2.d3)[OP],d[N],(D-1.d2.d3)[OP],d[OP],(D-1.d2.d3)[OP],d[OP],(D-1.d2.d3)[N],d[OP],(D-1.d2.d3)[OP],d[OP],(D-1.d2.d3)[OP],d[N],(D-1.d2.d3)[OP],d[OP],(D-1.d2.d3)[OP],d[OP],(D-1.d2.d3)[N],d[OP],(D-1.d2.d3)[OP],d[OP],(D-1.d2.d3)[OP],d[N],(D-1.d2.d3)[OP],d[OP],(D-1.d2.d3)[OP],d[OP],(D-1.d2.d3)[N],d[OP],(D-1.d2.d3)[OP],d[OP],(D-1.d2.d3)[OP],d[N],(D-1.d2.d3)[OP],d[OP],(D-1.d2.d3)[OP],d[OP],(D-1.d2.d3)[N],d[OP],(D-1.d2.d3)[OP],d[OP],(D-1.d2.d3)[OP],d[N],(D-1.d2.d3)[OP],d[OP],(D-1.d2.d3)[OP],d[OP],(D-1.d2.d3)[N],d[OP],(D-1.d2.d3)[OP],d[OP],(D-1.d2.d3)[OP],d[N],(D-1.d2.d3)[OP],d[OP],(D-1.d2.d3)[OP],d[OP],(D-1.d2.d3)[N],d[OP],(C-1.c2.c3)[OP],c[OP],(C-1.c2.c3)[OP],c[N],(C-1.c2.c3)[OP],c[OP],(C-1.c2.c3)[OP],c[OP],(C-1.c2.c3)[N],c[OP],(C-1.c2.c3)[OP],c[OP],(C-1.c2.c3)[OP],c[N],(C-1.c2.c3)[OP],c[OP],(C-1.c2.c3)[OP],c[OP],(C-1.c2.c3)[N],c[OP],(C-1.c2.c3)[OP],c[OP],(C-1.c2.c3)[OP],c[N],(C-1.c2.c3)[OP],c[OP],(C-1.c2.c3)[OP],c[OP],(C-1.c2.c3)[N],c[OP],(c2.c3)[NO],(#A-1.#a.#a1.#a2)[KLOP],(A-1.a.a1.a2)[KLN],(G-2.G-1.g1.g2)[KLOP],(g1.g2)[MNP],g1[MN],(g1.g2)[MNP],g1[MNP],(G-2.G-1.g1.g2)[MNP],(G-2.g1)[MNP],(G-2.G-1.g1.g2)[MN],(G-2.g1)[MNP],(G-2.G-1.g1.g2)[MNP],(G-2.g1)[MNP],(G-2.G-1.g1.g2)[MNP],(G-2.g1)[MN],(G-2.G-1.g1.g2)[MNP],(G-2.g1)[MNP],(G-2.G-1.g1.g2)[MNP],(G-2.g1)[MNP],(G-2.G-1.g1.g2)[MN],(G-2.g1)[MNP],(G-2.G-1.g1.g2)[MNP],(G-2.g1)[MNP],(G-2.G-1.g1.g2)[MNP],(G-2.g1)[MN],(G-2.G-1.g1.g2)[MNP],(G-2.g1)[MNP],(G-2.G-1.g1.g2)[MNP],(G-2.g1)[MNP],(G-2.G-1.g1.g2)[MN],(G-2.g1)[MNP],(G-2.G-1.g1.g2)[MNP],(G-2.g1)[MNP],(G-2.G-1.g1.g2)[MNP],(G-2.g1)[MN],(G-2.G-1.g1.g2)[MNP],(G-2.g1)[MNP],(G-2.G-1.g1.g2)[MNP],(G-2.g1)[MNP],(G-2.G-1.g1.g2)[MN],(G-2.g1)[MNP],(G-2.G-1.g1.g2)[MNP],(G-2.g1)[MNP],(G-2.G-1.g1.g2)[MNP],(G-2.g1)[MN],(G-2.G-1.g1.g2)[MNP],(G-2.g1)[MNP],(G-2.G-1.g1.g2)[MNP],(G-2.g1)[MNP],(G-2.G-1.g1.g2)[MN],(G-2.g1)[MNP],(G-2.G-1.g1.g2)[MNP],(G-2.g1)[MNP],(G-2.G-1.g1.g2)[MNP],(G-2.g1)[MN],(G-2.G-1.g1.g2)[MNP],(G-2.g1)[MNP],(G-2.G-1.g1.g2)[MNP],(G-2.g1)[MNP],(G-2.G-1.g1)[MN],(G-2.g1)[MNP],(G-2.G-1.g1)[MNP],(G-2.g1)[MNP],D-2[HHHMO];"],"id":3,"instruments":["piano","piano"],"alternatives":["",""]}]}