{"baseBpm":180,"musics":[{"id":1,"baseBeats":0.5,"scores":["(e2.e3)[L],(#f2.#f3)[L],(#d2.#d3)[K],U,(#c2.#c3)[L],(e2.e3)[K];T,T,U,(#d2.#d3)[L],(e2.e3)[L],(#f2.#f3)[L];(#d2.#d3)[L],(#c2.#c3)[L],(b1.b2)[K],(b1.b2)[K],T;(a1.a2)[K],(c2.c3)[K],(e2.e3)[K],g2[L],g3[L];g2[L],(#f2.#f3)[L],(e2.e3)[K],U,(#f2.#f3)[L],(#d2.#d3)[KL];(#d2.#d3)[L],(e2.e3)[K],T,T;T,T,T,e1[L],#f1[L];g1[L],a1[L],b1[L],g1[L],b1[K],b1[K];T,a1[L],b1[L],c2[L],a1[L],c2[L],a1[L];e2[K],e2[K],T,e2[L],#f2[L];g2[L],#f2[L],e2[L],#f2[L],b1[K],b1[K];T,a1[L],b1[L],a1[L],g1[L],#f1[L],g1[L];","e[K],(#g.b.e1)[K],(#g.b.e1)[L],U,#f[K];(#f.a.#c1.e1)[K],(#f.a.#c1.e1)[K],B-1[K],(a.b.#d1)[K];(a.b.#d1)[K],e[K],(#g.b.e1)[K],(#g.b.e1)[K];A-1[K],(e.a.c1)[K],(e.a.c1)[K],B-1[K];(g.b.e1)[K],(g.b.e1)[K],B-1[K],(a.b.#d1)[K];(a.b.#d1)[K],(E-1.e)[K],(e.g.b)[K],(g.b.e1)[K];(E-1.e)[K],(e.g.b)[K],(g.b.e1)[K],(E-1.e)[K];(e.g.b)[K],(g.b.e1)[K],(E-1.e)[K],(e.g.b)[K];(g.b.e1)[K],(E-1.e)[K],(e.#f.a.c1)[K],(#f.a.c1.e1)[K];(E-1.e)[K],(e.g.b)[K],(g.b.e1)[K],(C-1.c)[K];(g.c1.e1)[K],(A-1.e.a)[K],(B-2.B-1)[K],(e.g.b)[K];(g.b.e1)[K],(B-2.B-1)[K],(#d.a.b)[K],(a.b.#d1)[K],"]},{"id":2,"baseBeats":0.75,"scores":["mute[JK],mute[KL],mute[KL],mute[JK],mute[JK],mute[KL],mute[KL],mute[JK],mute[JK],mute[KL],mute[KL],mute[KL],mute[KL],mute[KL],mute[KL],5<UV>,mute[LM],mute[KL],mute[JK],mute[JK],mute[KL],mute[KL],mute[JK],mute[JK],mute[KL],mute[KL],mute[JK],mute[JK],mute[KL],mute[KL],mute[KL],mute[KL],mute[KL],mute[KL],mute[JK],mute[JK],mute[JK],mute[KL],mute[KL],mute[JK],mute[JK],mute[KL],mute[KL],mute[JK],mute[JK],mute[KL],mute[KL],mute[KL],mute[KL],mute[KL],mute[KL],5<UV>,mute[LM],mute[KL],mute[JK],mute[JK],mute[KL],mute[KL],mute[JK],mute[JK],mute[KL],mute[KL],mute[JK],mute[JK],mute[JK],mute[KL],mute[KL],mute[KL],mute[KL],mute[JK],mute[JK],mute[JK],mute[KL],mute[KL],mute[KL],mute[KL],mute[KL],mute[KL],5<UV>,mute[LM],mute[KL],mute[KL],mute[KL],mute[JK],5<UV>,mute[LM],mute[KL],mute[KL],mute[KL],mute[JK],5<UV>,mute[LM],mute[KL],mute[KL],mute[KL],mute[JK],mute[K],mute[K],mute[K],5<UV>,5<UV>,mute[LM],mute[LM],mute[JM],mute[LM],5<UV>,mute[LM],mute[KL],mute[KL],mute[KL],mute[JK],","e1[JK],(A-2.a1)[KL],b1[KL],(e1.c1.a.c2)[JK],(e1.c1.a.c2)[JK],(D-1.d2)[KL],e2[KL],(f1.d1.a.f2)[JK],(f1.d1.a)[JK],(G-1.b1)[KL],c2[KL],(f1.b.g.d2)[KL],a2[KL],(f1.b.g.g2)[KL],f2[KL],(c.e2)[MN],f2[MN],e2[LM],#d2[KL],(e1.c1.g.e2)[JK],(e1.c1.g)[JK],(A-1.a1)[KL],b1[KL],(e1.c1.a.c2)[JK],(e1.c1.a.c2)[JK],(D-1.d2)[KL],e2[KL],(f1.d1.a.f2)[JK],(f1.d1.a)[JK],(G-1.b1)[KL],c2[KL],(f1.b.g.d2)[KL],a2[KL],(f1.d1.g.g2)[KL],b1[KL],(c.c2)[JK],(e1.c1.g)[JK],e1[JK],(A-2.a1)[KL],b1[KL],(e1.c1.a.c2)[JK],(e1.c1.a.c2)[JK],(D-1.d2)[KL],e2[KL],(f1.d1.a.f2)[JK],(f1.d1.a)[JK],(G-1.b1)[KL],c2[KL],(f1.b.g.d2)[KL],a2[KL],(f1.b.g.g2)[KL],f2[KL],(c.e2)[MN],f2[MN],e2[LM],#d2[KL],(e1.c1.g.e2)[JK],(e1.c1.g)[JK],(A-1.c2)[KL],d2[KL],(e1.c1.a.e2)[JK],(e1.c1.a.e2)[JK],(D-1.f2)[KL],g2[KL],(f1.d1.a.a2)[JK],(f1.d1.a)[JK],(G-1.g2)[JK],(f1.b.g.#f2)[KL],g2[KL],(f1.b.g.d3)[KL],f2[KL],(c.e2)[JK],(e1.c1.g)[JK],(e1.c1.g)[JK],(E-1.e2)[KL],#f2[KL],(d1.b.e.#g2)[KL],a2[KL],(d1.#g.e.b2)[KL],c3[KL],(A-1.b2)[MN],c3[MN],b2[LM],a2[KL],(c1.a.e.e2)[KL],b2[KL],(c1.a.e.a2)[JK],(E-1.a2)[MN],b2[MN],a2[LM],#g2[KL],(d1.b.e.e2)[KL],f2[KL],(d1.b.e.e2)[JK],(A-1.e2)[MN],f2[MN],e2[LM],c2[KL],(c1.a.e.a1)[KL],b1[KL],(c1.a.e.a1)[JK],(E-1.e1)[K],#g1[K],b1[K],(d1.b.e.e2)[L],#g2[L],b2[L],e3[LM],#g3[LM],(d1.#g.e.b3)[JM],c4[LM],(A-1.b3)[MN],c4[MN],b3[LM],a3[KL],(c1.a.e.e3)[KL],b3[KL],(c1.a.e.a3)[JK],"]},{"id":3,"baseBeats":1.5,"scores":["TU,TU,TU,TU,TU,TU,TU,TU,TU,TU,TU,TU,TU,TU,TU,TU,TU,TU,TU,TU,TU,TU,TU,TU,TU,TU,TU,TU,TU,TU,TU,TU,TU,5<TU>,TU,5<TU>,TU,TU,TU,TU,TU,5<TU>,TU,5<TU>,TU,TU,TU,TU,TU,5<TU>,TU,5<TU>,TU,TU,TU,TU,TU,5<TU>,TU,TU,TU,TU,TU,TU,TU,5<TU>,TU,5<TU>,TU,TU,TU,TU,TU,5<TU>,TU,5<TU>,TU,TU,TU,TU,TU,5<TU>,TU,5<TU>,TU,TU,TU,TU,TU,5<TU>,TU,TU,TU,TU,TU,TU,TU,TU,TU,TU,TU,TU,TU,TU,TU,TU,TU,TU,TU,TU,TU,TU,TU,TU,TU,TU,TU,TU,TU,TU,TU,TU,TU,TU,TU,TU,TU,TU,TU,TU,TU,TU,TU,TU,TU,TU,TU,TU,TU,TU,TU,TU,TU,TU,TU,TU,TU,TU,TU,TU,TU,TU,TU,TU,TU,TU,TU,TU,TU,TU,5<TU>,5<TU>,5<TU>,5<TU>,5<TU>,5<TU>,5<TU>,5<TU>,5<TU>,5<TU>,5<TU>,5<TU>,5<TU>,5<TU>,5<TU>,5<TU>,5<TU>,5<TU>,5<TU>,5<TU>,5<TU>,5<TU>,5<TU>,5<TU>,5<TU>,5<TU>,5<TU>,5<TU>,5<TU>,5<TU>,5<TU>,5<TU>,5<TU>,5<TU>,5<TU>,5<TU>,5<TU>,5<TU>,5<TU>,5<TU>,5<TU>,5<TU>,5<TU>,5<TU>,5<TU>,5<TU>,5<TU>,5<TU>,5<TU>,5<TU>,5<TU>,5<TU>,5<TU>,5<TU>,5<TU>,5<TU>,5<TU>,5<TU>,5<TU>,5<TU>,5<TU>,5<TU>,5<TU>,TU,TU,5<TU>,TU,5<TU>,TU,TU,TU,TU,TU,5<TU>,TU,5<TU>,TU,TU,TU,TU,TU,5<TU>,TU,5<TU>,TU,TU,TU,TU,TU,5<TU>,TU,TU,TU,TU,","(e1.e)[KL],b[KL],(e1.g)[KL],b[KL],(e1.e)[KL],b[KL],(e1.g)[KL],b[KL],(d1.d)[KL],b[KL],(d1.g)[KL],b[KL],(d1.d)[KL],b[KL],(d1.g)[KL],b[KL],(d1.d)[KL],b[KL],(d1.#f)[KL],b[KL],(d1.d)[KL],b[KL],(d1.#f)[KL],b[KL],(d1.d)[KL],a[KL],(d1.#f)[KL],a[KL],(d1.d)[KL],a[KL],(d1.#f)[KL],a[KL],(e1.e)[KL],(b.g1)[LM],#f1[LM],(e1.g.g1)[KL],(b.b1)[LM],c2[LM],(e1.e.b1)[KL],b[KL],(e1.g)[KL],b[KL],(d1.d)[KL],(b.#f1)[LM],g1[LM],(d1.g.#f1)[KL],(b.g1)[LM],a1[LM],(d1.d.g1)[KL],b[KL],(d1.g)[KL],b[KL],(d1.d)[KL],(b.#f1)[LM],e1[LM],(d1.#f.#f1)[KL],(b.b1)[LM],c2[LM],(d1.d.b1)[KL],b[KL],(d1.#f)[KL],b[KL],(d1.d)[KL],(a.#f1)[LM],e1[LM],(d1.#f.#f1)[KL],a[KL],(d1.d)[KL],a[KL],(d1.#f)[KL],a[KL],(e1.e)[KL],(b.g1)[LM],#f1[LM],(e1.g.g1)[KL],(b.b1)[LM],c2[LM],(e1.e.b1)[KL],b[KL],(e1.g)[KL],b[KL],(d1.d)[KL],(b.#f1)[LM],g1[LM],(d1.g.#f1)[KL],(b.g1)[LM],a1[LM],(d1.d.g1)[KL],b[KL],(d1.g)[KL],b[KL],(d1.d)[KL],(b.#f1)[LM],e1[LM],(d1.#f.#f1)[KL],(b.b1)[LM],c2[LM],(d1.d.b1)[KL],b[KL],(d1.#f)[KL],b[KL],(d1.d)[KL],(a.#f1)[LM],e1[LM],(d1.#f.#f1)[KL],a[KL],(d1.d)[KL],a[KL],(d1.#f)[KL],a[KL],(e1.e.e2)[KL],b[KL],(e1.g)[KL],(b.b1)[KL],(e1.e)[KL],b[KL],(e1.g)[KL],b[KL],(d1.d.d2)[KL],b[KL],(d1.g)[KL],(b.b1)[KL],(d1.d)[KL],b[KL],(d1.g)[KL],b[KL],(d1.d.#f2)[KL],b[KL],(d1.#f)[KL],(b.b1)[KL],(d1.d)[KL],b[KL],(d1.#f)[KL],b[KL],(d1.d.#f2)[KL],a[KL],(d1.#f)[KL],(a.a1)[KL],(d1.d)[KL],a[KL],(d1.#f)[KL],a[KL],(e1.e.g2.b1)[KL],b[KL],(e1.g)[KL],(b.e2.g1)[KL],(e1.e)[KL],b[KL],(e1.g)[KL],b[KL],(d1.d.g2.b1)[KL],b[KL],(d1.g)[KL],(b.d2.g1)[KL],(d1.d)[KL],b[KL],(d1.g)[KL],b[KL],(d1.d.#f2.b1)[KL],b[KL],(d1.#f)[KL],(b.d2.#f1)[KL],(d1.d)[KL],b[KL],(d1.#f)[KL],b[KL],(d1.d.#f2.a1)[KL],a[KL],(d1.#f)[KL],(a.d2.#f1)[KL],(d1.d)[KL],a[KL],(d1.#f)[KL],a[KL],(e1.e.b1)[LM],e2[LM],(b.b2)[LM],b1[LM],(e1.g.e2)[LM],b2[LM],(b.b1)[LM],e2[LM],(e1.e.b2)[LM],b1[LM],(b.e2)[LM],b2[LM],(e1.g.b1)[LM],e2[LM],(b.c2)[LM],e2[LM],(d1.d.b1)[LM],d2[LM],(b.b2)[LM],b1[LM],(d1.g.d2)[LM],b2[LM],(b.b1)[LM],d2[LM],(d1.d.b2)[LM],b1[LM],(b.d2)[LM],b2[LM],(d1.g.b1)[LM],d2[LM],(b.a1)[LM],d2[LM],(d1.d.#f1)[LM],b1[LM],(b.#f2)[LM],#f1[LM],(d1.#f.b1)[LM],#f2[LM],(b.#f1)[LM],b1[LM],(d1.d.#f2)[LM],#f1[LM],(b.b1)[LM],#f2[LM],(d1.#f.#f1)[LM],b1[LM],(b.g1)[LM],b1[LM],(d1.d.a1)[LM],d2[LM],(a.a2)[LM],a1[LM],(d1.#f.d2)[LM],a2[LM],(a.a1)[LM],d2[LM],(d1.d.a2)[LM],a1[LM],(a.d2)[LM],a2[LM],(d1.#f.a1)[LM],d2[LM],(a.g1)[LM],d2[LM],(e1.e.b1)[LM],e2[LM],(b.b2)[LM],b1[LM],(e1.g.e2)[LM],b2[LM],(b.b1)[LM],e2[LM],(e1.e.b2)[LM],b1[LM],(b.e2)[LM],b2[LM],(e1.g.b1)[LM],e2[LM],(b.c2)[LM],e2[LM],(d1.d.b1)[LM],d2[LM],(b.b2)[LM],b1[LM],(d1.g.d2)[LM],b2[LM],(b.b1)[LM],d2[LM],(d1.d.b2)[LM],b1[LM],(b.d2)[LM],b2[LM],(d1.g.b1)[LM],d2[LM],(b.a1)[LM],d2[LM],(d1.d.#f1)[LM],b1[LM],(b.#f2)[LM],#f1[LM],(d1.#f.b1)[LM],#f2[LM],(b.#f1)[LM],b1[LM],(d1.d.#f2)[LM],#f1[LM],(b.b1)[LM],#f2[LM],(d1.#f.#f1)[LM],b1[LM],(b.g1)[LM],b1[LM],(d1.d.a1)[LM],d2[LM],(a.a2)[LM],a1[LM],(d1.#f.d2)[LM],a2[LM],(a.a1)[LM],d2[LM],(d1.d.a2)[LM],a1[LM],(a.d2)[LM],a2[LM],(d1.#f.a1)[LM],d2[LM],(a.a2)[KL],(e1.e)[KL],(b.g2)[LM],#f2[LM],(e1.g.g2)[KL],(b.b2)[LM],c3[LM],(e1.e.b2)[KL],b[KL],(e1.g)[KL],b[KL],(d1.d)[KL],(b.#f2)[LM],g2[LM],(d1.g.#f2)[KL],(b.g2)[LM],a2[LM],(d1.d.g2)[KL],b[KL],(d1.g)[KL],b[KL],(d1.d)[KL],(b.#f2)[LM],e2[LM],(d1.#f.#f2)[KL],(b.b2)[LM],c3[LM],(d1.d.b2)[KL],b[KL],(d1.#f)[KL],b[KL],(d1.d)[KL],(a.#f2)[LM],e2[LM],(d1.#f.#f2)[KL],a[KL],(d1.d)[KL],a[KL],"]},{"id":4,"baseBeats":0.25,"scores":["#G-1[M],#c[M],e[M],#g[M],#c[M],e[M],#g[M],#c1[M],e[M],#g[M],#c1[M],e1[M],#g[M],#c1[M],e1[M];#g1[M],#c1[M],e1[M],#g1[M],#c2[M],e1[M],#g1[M],#c2[M],e2[M],#g1[M],#c2[M],e2[M],(#g1.#g2)[L],(#g1.#g2)[L];V,#G-1[M],c[M],#d[M],#g[M],c[M],#d[M],#g[M],c1[M],#d[M],#g[M],c1[M],#d1[M],#g[M],c1[M],#d1[M];#g1[M],c1[M],#d1[M],#g1[M],c2[M],#d1[M],#g1[M],c2[M],#d2[M],#g1[M],c2[M],#d2[M],(#g1.#g2)[L],(#g1.#g2)[L];V,#c[M],f[M],#g[M],#c1[M],f[M],#g[M],#c1[M],f1[M],#g[M],#c1[M],f1[M],#g1[M],#c1[M],f1[M],#g1[M];#c2[M],f1[M],#g1[M],#c2[M],f2[M],#g1[M],#c2[M],f2[M],#g2[M],#c2[M],f2[M],#g2[M],(#c2.#c3)[L],(#c2.#c3)[L];V,#c[M],#f[M],a[M],#c1[M],#c1[M],#f1[M],a1[M],#c2[M],#c2[M],#f2[M],a2[M],(#c2.#c3)[L],(#c2.#c3)[L];V,#c[M],e[M],g[M],#c1[M],#c1[M],e1[M],g1[M],#c2[M],#c2[M],e2[M],g2[M],(#c2.#c3)[L],(#c2.#c3)[L];(c2.#g2.c3)[L],#g1[M],#g2[M],#g1[M],#g2[M],#a1[M],#g2[M],c2[M],#g2[M],#c2[M],#g2[M],#d2[M],#g2[M],c2[M],#g2[M];#d2[M],#g2[M],#c2[M],#g2[M],#f2[M],#g2[M],e2[M],#g2[M],#d2[M],#g2[M],#c2[M],#g2[M],c2[M],#g2[M],a1[M],g2[M];#g1[M],#g2[M],#g1[M],#g2[M],#g1[M],#g2[M],#a1[M],#g2[M],c2[M],#g2[M],#c2[M],#g2[M],#d2[M],#g2[M],c2[M],#g2[M];#d2[M],#g2[M],#c2[M],#g2[M],#f2[M],#g2[M],e2[M],#g2[M],#d2[M],#g2[M],#c2[M],#g2[M],c2[M],#g2[M],a1[M],g2[M];#g1[M],#g2[M],a1[M],g2[M],#g1[M],#g2[M],a1[M],g2[M],#g1[M],#g2[M],a1[M],g2[M],#g1[M],#g2[M],a1[M],g2[M];(#g1.#g2)[KL],#g[J],U;","#C-1[L],#G-1[L],#C-1[L],#G-1[L],#C-1[L],#G-1[L],#C-1[L],#G-1[L];#C-1[L],#G-1[L],#C-1[L],#G-1[L],#C-1[L],#G-1[L],#c[L],#G-1[L];C-1[L],#G-1[L],C-1[L],#G-1[L],C-1[L],#G-1[L],C-1[L],#G-1[L];C-1[L],#G-1[L],C-1[L],#G-1[L],C-1[L],#G-1[L],c[L],#G-1[L];B-2[L],#G-1[L],B-2[L],#G-1[L],B-2[L],#G-1[L],B-2[L],#G-1[L];B-2[L],#G-1[L],B-2[L],#G-1[L],B-2[L],#G-1[L],B-1[L],#G-1[L];A-2[L],A-1[L],A-2[L],A-1[L],A-2[L],A-1[L],A-2[L],A-1[L];A-2[L],A-1[L],A-2[L],A-1[L],A-2[L],A-1[L],A-2[L],A-1[L];(#G-2.#G-1)[L],c1[L],c1[L],#c1[L],#d1[L],e1[L],#f1[L],#d1[L];#f1[L],e1[L],a1[L],#g1[L],#f1[L],e1[L],#d1[L],#c1[L];c1[L],c1[L],c1[L],#c1[L],#d1[L],e1[L],#f1[L],#d1[L];#f1[L],e1[L],a1[L],#g1[L],#f1[L],e1[L],#d1[L],#c1[L];(#g.c1)[L],(#g.#c1)[L],(#g.c1)[L],(#g.#c1)[L],(#g.c1)[L],(#g.#c1)[L],(#g.c1)[L],(#g.#c1)[L];(#g.c1)[KL],(#G-2.#G-1)[J],U,"]},{"id":5,"baseBeats":0.25,"scores":["#g1[L],g1[M],#g1[M],c2[M],#a1[M],g1[M],#g1[M],#a1[M],#g1[M],c2[M],#a1[M],g1[M],#g1[M],c2[M],#a1[M],g1[M],#g1[M],c2[M],#a1[M],g1[M],#g1[M],c2[M],#a1[M],(#c.g1)[M],#g1[M],(#g.#c1.f1.c2)[M],#a1[M],(#g.#c1.f1.g1)[M],#g1[M],(f.c2)[M],#a1[M],(#g.#c1.f1.g1)[M],#g1[M],(f1.#c1.#g.c2)[M],#a1[M],(#c.g1)[M],#g1[M],(#g.#c1.f1.c2)[M],#a1[M],(#g.#c1.f1.g1)[M],#g1[M],(f.#a1)[M],c2[M],(f1.#c1.#g.#c2)[M],#d2[M],(#g.#c1.f1.f2)[M],#f2[M],(#G-1.#a2)[L],(#g.#f1.c1)[M],#g2[M],(#f1.c1.#g.#f2)[M],f2[M],(#d.f2)[M],#d2[M],5<(#f1.c1.#g.#d2~f2~#d2)[M]>,d2[M],(#f1.c1.#g.#d2)[L],(#G-1.#a2)[L],(#f1.c1)[M],#g2[M],(c1.#f1.#f2)[M],f2[M],(#g.f2)[M],5<(#d2~f2~#d2)[M]>,(c1.#f1.d2)[M],#d2[M],(c1.#f1.f2)[M],#a1[M],(#c.g1)[M],#g1[M],(#g.#c1.f1.c2)[M],#a1[M],(#g.#c1.f1.g1)[M],#g1[M],(f.c2)[M],#a1[M],(#g.#c1.f1.g1)[M],#g1[M],(f1.#c1.#g.c2)[M],#a1[M],(#c.g1)[M],#g1[M],(#g.#c1.f1.c2)[M],#a1[M],(#g.#c1.f1.g1)[M],#g1[M],(f.#a1)[M],c2[M],(f1.#c1.#g.#c2)[M],#d2[M],(f1.#c1.#g.f2)[M],#f2[M],(#G-1.#a2)[L],(#g.c1.#f1)[M],#g2[M],(#f1.c1.#g.#f2)[M],f2[M],(#d.f2)[M],#d2[M],5<(#f1.c1.#g.#d2~f2~#d2)[M]>,d2[M],(#g.c1.#f1.#d2)[L],(#G-1.#a2)[L],(#g.c1.#f1)[M],#g2[M],(#f1.c1.#g.#f2)[M],f2[M],(#g.#d2)[M],f2[M],(#f1.c1.#d2)[M],d2[M],(#G-1.#d2)[M],e2[M],5<V>,5<V>,(#d1.c1.f.e2)[M],f2[M],(f.c1.#d1.#g2)[M],#f2[M],(#A-1.f2)[M],#f2[M],(#c1.f.f2)[M],e2[M],(#c1.f.f2)[M],#a2[M],5<V>,5<V>,(#g.#d1.#f1.g2)[M],#g2[M],(#g.#d1.#f1.c3)[M],#a2[M],(#c.#g2)[M],#a2[M],(#g.f1.#g2)[M],g2[M],#g2[M],#c3[M],(#f.c3)[M],#a2[M],(#a.#d1.#g2)[M],#f2[M],f2[M],#d2[M],(#G-1.#c2)[M],c2[M],(f.#g.#c1.#a1)[M],#g1[M],#f1[M],f1[M],(#G-1.#d1)[M],#c1[M],(#g.#f.c1)[M],#d1[M],(c1.#g.#f.#a1)[M],#g1[M],(#c.g1)[M],#g1[M],(f1.#c1.#g.#a1)[M],c2[M],#c2[M],#d2[M],5<V>,5<V>,(f1.#d1.e2)[M],f2[M],(#d1.f1.#g2)[M],#f2[M],(#a.f2)[M],#f2[M],(f1.#c1.f2)[M],e2[M],(f1.#c1.f2)[M],#a2[M],5<V>,5<V>,(#f1.#g1.g2)[M],#g2[M],(#f1.#g1.c3)[M],#a2[M],(#c1.#g2)[M],#a2[M],(f1.#g1.#g2)[M],g2[MO],#g2[MOP],f3[MOP],(#f.#d3)[MO],#c3[M],(#c1.#d1.#a1.c3)[M],#a2[M],#g2[M],#f2[M],(#G-1.f2)[M],#d2[M],(f.#g.#c1.#c2)[M],c2[M],#a1[M],#g1[M],(#G-1.a1)[M],c2[M],(#f.#g.#a1)[M],f1[M],(#f.#g.#f1)[M],c1[MO],(#c.#c1)[LN],(f1.#g)[LOP],f2[L],5<V>,5<V>,(#d1.c1.f.e2)[M],f2[M],(c1.#d1.f.#g2)[M],#f2[M],(#A-1.f2)[M],#f2[M],(#c1.f.f2)[M],e2[M],(#c1.f.f2)[M],#a2[M],5<V>,5<V>,(#g.#d1.#f1.g2)[M],#g2[M],(#g.#d1.#f1.c3)[M],#a2[M],(#c.#g2)[M],#a2[M],(#g.f1.#g2)[M],g2[M],#g2[MO],#c3[MOP],(#f.c3)[MOP],#a2[MO],(#a.#d1.#g2)[M],#f2[M],f2[M],#d2[M],(#G-1.#c2)[M],c2[M],(f.#g.#c1.#a1)[M],#g1[M],#f1[M],f1[M],(#G-1.#d1)[M],#c1[M],(#g.#f.c1)[M],#d1[M],(c1.#g.#f.#a1)[M],#g1[M],(#c.g1)[M],#g1[M],(#c1.f1.#g.#a1)[M],c2[M],#c2[M],#d2[M],5<V>,5<V>,(f1.#d1.e2)[M],f2[M],(#d1.f1.#g2)[M],#f2[M],(#a.f2)[M],#f2[M],(f1.#c1.f2)[M],e2[M],(f1.#c1.f2)[M],#a2[M],5<V>,5<V>,(#f1.#g1.g2)[M],#g2[M],(#f1.#g1.c3)[M],#a2[M],(#c1.#g2)[M],#a2[M],(f1.#g1.#g2)[M],g2[M],#g2[M],f3[M],(#f.#d3)[M],#c3[M],(#c1.#d1.#a1.c3)[M],#a2[M],#g2[M],#f2[M],(#G-1.f2)[M],#d2[M],(f.#g.#c1.#c2)[M],c2[M],#a1[M],#g1[M],(#G-1.a1)[M],c2[M],(#g.#f.#a1)[M],f1[M],(#f.#g.#f1)[M],c1[MO],(#c.#c1)[KN],(#g.f1)[K];"]},{"id":6,"baseBeats":0.25,"scores":["(f.g2)[KM],f2[L],(c1.c3)[KM],V,V,V,V,V,V,V,V,V,(e3~e4)[M],V,V,V,V,V,V,(f.g2)[KM],f2[L],(c1.c3)[KM],V,V,V,V,V,V,V,V,V,(e3~e4)[M],V,V,V,V,V,V,(e3~e4)[IL];"]},{"id":7,"baseBeats":0.25,"scores":["(e2.e3)[L],(#f2.#f3)[L],(#d2.#d3)[K],U,(#c2.#c3)[L],(e2.e3)[K];T,T,U,(#d2.#d3)[L],(e2.e3)[L],(#f2.#f3)[L];(#d2.#d3)[L],(#c2.#c3)[L],(b1.b2)[K],(b1.b2)[K],T;(a1.a2)[K],(c2.c3)[K],(e2.e3)[K],g2[L],g3[L];g2[L],(#f2.#f3)[L],(e2.e3)[K],U,(#f2.#f3)[L],(#d2.#d3)[KL];(#d2.#d3)[L],(e2.e3)[K],T,T;T,T,T,e1[L],#f1[L];g1[L],a1[L],b1[L],g1[L],b1[K],b1[K];T,a1[L],b1[L],c2[L],a1[L],c2[L],a1[L];e2[K],e2[K],T,e2[L],#f2[L];g2[L],#f2[L],e2[L],#f2[L],b1[K],b1[K];T,a1[L],b1[L],a1[L],g1[L],#f1[L],g1[L];","e[K],(#g.b.e1)[K],(#g.b.e1)[L],U,#f[K];(#f.a.#c1.e1)[K],(#f.a.#c1.e1)[K],B-1[K],(a.b.#d1)[K];(a.b.#d1)[K],e[K],(#g.b.e1)[K],(#g.b.e1)[K];A-1[K],(e.a.c1)[K],(e.a.c1)[K],B-1[K];(g.b.e1)[K],(g.b.e1)[K],B-1[K],(a.b.#d1)[K];(a.b.#d1)[K],(E-1.e)[K],(e.g.b)[K],(g.b.e1)[K];(E-1.e)[K],(e.g.b)[K],(g.b.e1)[K],(E-1.e)[K];(e.g.b)[K],(g.b.e1)[K],(E-1.e)[K],(e.g.b)[K];(g.b.e1)[K],(E-1.e)[K],(e.#f.a.c1)[K],(#f.a.c1.e1)[K];(E-1.e)[K],(e.g.b)[K],(g.b.e1)[K],(C-1.c)[K];(g.c1.e1)[K],(A-1.e.a)[K],(B-2.B-1)[K],(e.g.b)[K];(g.b.e1)[K],(B-2.B-1)[K],(#d.a.b)[K],(a.b.#d1)[K],"]}]}