{"baseBpm":142,"musics":[{"bpm":142,"baseBeats":0.25,"scores":["5<V>,mute[KNOP],mute[JL],mute[L],mute[M],mute[M],mute[L],mute[L],mute[LM],mute[LM],mute[L],mute[KL],mute[L],mute[J],mute[L],mute[L],mute[L],mute[L],mute[LM],mute[M],mute[L],mute[LNP],mute[MN],mute[L],mute[L],mute[L],mute[L],mute[L],mute[L],mute[L],mute[L],mute[M],mute[M],mute[L],mute[L],mute[L],mute[M],mute[M],mute[L],mute[L],mute[L],mute[L],mute[L],mute[L],mute[L],mute[L],mute[L],mute[L],mute[L],mute[L],mute[L],mute[L],mute[L],mute[M],mute[M],mute[L],mute[LO],5<V>,mute[LNP],mute[L],mute[L],mute[K],mute[K],mute[LM],mute[M],mute[L],mute[L],mute[LM],mute[M],mute[L],mute[LO],5<V>,mute[LNP],mute[L],mute[L],mute[K],mute[K],mute[K],mute[K],mute[LM],mute[M],mute[L],mute[LO],5<V>,mute[LNP],mute[L],mute[L],mute[K],mute[K],mute[LM],mute[M],mute[L],mute[L],mute[LM],mute[M],mute[L],mute[L],mute[MNO],mute[LP],mute[L],mute[L],mute[K],mute[K],mute[K],mute[K],mute[LM],mute[M],mute[L],mute[L],mute[K],mute[L],mute[L],mute[L],mute[L],mute[L],mute[L],mute[L],mute[M],mute[M],mute[L],mute[L],mute[L],mute[M],mute[M],mute[L],mute[L],mute[L],mute[L],mute[L],mute[L],mute[L],mute[L],mute[L],mute[L],mute[L],mute[L],mute[L],mute[L],mute[L],mute[M],mute[M],mute[L],mute[L],mute[L],mute[L],mute[L],mute[L],mute[L],mute[L],mute[L],mute[L],mute[L],mute[M],mute[M],mute[L],mute[L],mute[L],mute[M],mute[M],mute[L],mute[L],mute[L],mute[L],mute[L],mute[L],mute[L],mute[L],mute[L],mute[L],mute[L],mute[L],mute[L],mute[L],mute[L],mute[M],mute[M],mute[L],mute[L],mute[L],mute[L],mute[L],mute[L],mute[L],mute[L],mute[L],mute[L],mute[L],mute[M],mute[M],mute[L],mute[L],mute[L],mute[M],mute[M],mute[L],mute[L],mute[L],mute[L],mute[L],mute[L],mute[L],mute[L],mute[L],mute[L],mute[L],mute[L],mute[L],mute[L],mute[L],mute[M],mute[M],mute[L],mute[L],mute[L],mute[L],mute[L],mute[L],mute[L],mute[L],mute[L],mute[L],mute[L],mute[M],mute[M],mute[L],mute[L],mute[L],mute[M],mute[M],mute[L],mute[L],mute[L],mute[L],mute[L],mute[L],mute[L],mute[L],mute[L],mute[L],mute[L],mute[L],mute[L],mute[L],mute[L],mute[L],mute[M],mute[M],mute[L],mute[J],mute[LM],mute[LM],mute[L],mute[J],mute[LM],mute[LMO],mute[MNOP],mute[J],mute[LM],mute[LM],mute[L],mute[KL],mute[M],mute[M],mute[K],mute[M],mute[M],mute[M],mute[M],mute[LM],mute[LM],mute[L],mute[K],mute[L],mute[L],mute[LM],mute[LM],mute[L],mute[KO],mute[MNOP],mute[L],mute[LM],mute[LM],mute[L],mute[KL],mute[L],mute[J],mute[LM],mute[M],mute[L],mute[L],mute[K],mute[K],mute[LM],mute[M],mute[L],mute[LP],mute[K],mute[K],mute[LM],mute[M],mute[M],5<V>,mute[L],mute[K],mute[K],mute[LM],mute[M],mute[M],5<V>,mute[L],mute[K],mute[L],mute[M],mute[M],mute[K],mute[M],mute[M],mute[M],mute[M],mute[LM],mute[M],mute[L],mute[L],mute[LMNOP],mute[K],mute[LM],mute[M],mute[L],mute[L],mute[LMNOP],mute[K],mute[LM],mute[M],mute[L],mute[L],mute[K],mute[K],mute[K],mute[K],mute[LM],mute[M],mute[L],mute[L],mute[L],mute[L],mute[L],mute[L],mute[L],mute[M],mute[M],mute[L],mute[L],mute[L],mute[L],mute[L],mute[L],mute[L],mute[M],mute[M],mute[M],5<V>,mute[L],mute[L],mute[L],mute[L],mute[L],mute[L],mute[M],mute[M],mute[L],mute[L],mute[L],mute[L],mute[L],mute[M],mute[M],mute[L],mute[L],mute[M],mute[M],mute[M],mute[M],mute[L],mute[M],mute[M],mute[L],mute[L],mute[L],mute[L],mute[L],mute[L],mute[L],mute[M],mute[M],mute[L],mute[L],mute[L],mute[L],mute[L],mute[L],mute[L],mute[M],mute[M],mute[L],mute[L],mute[L],mute[L],mute[L],mute[L],mute[L],mute[L],mute[L],mute[L],mute[L],mute[M],mute[M],mute[L],mute[L],mute[L],mute[L],mute[L],mute[L],mute[L],mute[M],mute[M],mute[L],mute[L],mute[L],mute[L],mute[L],mute[L],mute[L],mute[M],mute[M],mute[M],5<V>,mute[L],mute[L],mute[L],mute[L],mute[L],mute[L],mute[M],mute[M],mute[M],5<V>,mute[L],mute[L],mute[L],mute[L],mute[M],mute[M],mute[L],mute[L],mute[M],mute[M],mute[M],mute[M],mute[L],mute[M],mute[M],mute[L],mute[L],mute[L],mute[L],5<V>,mute[M],mute[L],mute[L],mute[M],mute[M],mute[L],mute[L],mute[L],mute[L],5<V>,mute[M],mute[L],mute[L],mute[M],mute[M],mute[L],mute[L],mute[L],mute[M],mute[M],mute[L],mute[L],mute[L],mute[L],mute[LN],mute[LO],mute[LO],mute[LN],mute[ILN];","(c.f1)[NP],#a1[NP],d2[KNP],(c2.#d1)[JL],(c.g1)[L],#d[M],f1[M],g[L],(c1.g1)[L],c1[LM],d1[LM],#d1[L],(#G-1.d2.#a1.f1)[KL],(#d2.g1)[L],(c2.#d1)[J],#G-1[L],d[L],#d[L],#g[L],(d1.d2)[LM],#d2[M],d[L],f2[L],(c.#a1)[O],d2[OP],f2[MN],d[L],#d[L],(g.c2.#d2)[L],c1[L],g[L],#d[L],d[L],(c.g2)[L],#d[M],f2[M],g[L],(c1.g2)[L],(#d1.c2)[L],g[M],d2[M],d1[L],(g.#d2)[L],(#G-1.f2.d2.#a1)[L],#A-1[L],c[L],(#d.#d2.g2)[L],(#g.c2.#d2)[L],#a[L],c1[L],#d1[L],#G-1[L],d[L],#d[L],#g[L],d1[L],c[M],#d1[M],#a[L],(f.f1)[L],(C-1.c.f1)[NP],#a1[NP],d2[LNP],C-1[L],(c2.#d1)[L],C-1[K],C-1[K],(C-1.g1)[LM],f1[M],C-1[L],g1[L],(C-1.c1)[LM],d1[M],C-1[L],#d1[L],(#G-1.#G-2.f1)[NP],#a1[NP],d2[LNP],#G-2[L],(#d2.g1)[L],(#G-2.#d1.c2)[K],#G-2[K],#G-2[K],#G-2[K],(#G-2.d2)[LM],#d2[M],#G-2[L],f2[L],(c.C-1.#a1)[NP],d2[NP],f2[LNP],C-1[L],(c2.#d2)[L],C-1[K],C-1[K],(C-1.g2)[LM],f2[M],C-1[L],g2[L],(C-1.c2)[LM],d2[M],C-1[L],#d2[L],(#G-1.#G-2.#a1)[M],d2[NO],f2[LP],#G-2[L],(#d2.g2)[L],(#G-2.#d2.c2)[K],#G-2[K],#G-2[K],#G-2[K],(#G-2.d1)[LM],#d1[M],#G-2[L],f1[L],(c.C-1.f1.d2)[K],C-1[L],(c.c2.#d1)[L],C-1[L],c[L],C-1[L],c[L],(C-1.g1)[L],c[M],f1[M],C-1[L],(c.g1)[L],(C-1.c1)[L],c[M],d1[M],C-1[L],(c.#d1)[L],(#G-2.f1.d2)[L],#G-1[L],#G-2[L],(#G-1.#d2.g1)[L],(#G-2.#d1.c2)[L],#G-1[L],#G-2[L],#G-1[L],#G-2[L],#G-1[L],#G-2[L],#G-1[L],(#G-2.d2)[L],#G-1[M],#d2[M],#G-2[L],(#G-1.f2)[L],(C-1.d2.f2)[L],c[L],C-1[L],(c.c2.#d2)[L],C-1[L],c[L],C-1[L],c[L],(C-1.g2)[L],c[M],f2[M],C-1[L],(c.g2)[L],(C-1.c2)[L],c[M],d2[M],C-1[L],(c.#d2)[L],(#G-2.d2.f2)[L],#G-1[L],#G-2[L],(#G-1.g2.#d2)[L],(#G-2.c2.#d2)[L],#G-1[L],#G-2[L],#G-1[L],#G-2[L],#G-1[L],#G-2[L],#G-1[L],(#G-2.d1)[L],#G-1[M],#d1[M],#G-2[L],(#G-1.f1)[L],(C-1.d2.f1)[L],c[L],C-1[L],(c.c2.#d1)[L],C-1[L],c[L],C-1[L],c[L],(C-1.g1)[L],c[M],f1[M],C-1[L],(c.g1)[L],(C-1.c1)[L],c[M],d1[M],C-1[L],(c.#d1)[L],(#G-2.d2.f1)[L],#G-1[L],#G-2[L],(#G-1.#d2.g1)[L],(#G-2.c2.#d1)[L],#G-1[L],#G-2[L],#G-1[L],#G-2[L],#G-1[L],#G-2[L],#G-1[L],(#G-2.d2)[L],#G-1[M],#d2[M],#G-2[L],(#G-1.f2)[L],(C-1.d2.f2)[L],c[L],C-1[L],(c.c2.#d2)[L],C-1[L],c[L],C-1[L],c[L],(C-1.g2)[L],c[M],f2[M],C-1[L],(c.g2)[L],(C-1.c2)[L],c[M],d2[M],C-1[L],(c.#d2)[L],(#G-2.d2.f2)[L],#G-1[L],#G-2[L],(#G-1.#d2.g2)[L],(#G-2.c2.#d2)[L],#G-1[L],#G-2[L],#G-1[L],#G-2[L],#G-1[L],#G-2[L],#G-1[L],#G-2[L],#G-1[L],(#G-2.d1)[M],#d1[M],(#G-1.f1)[L],(c.g.g1)[J],c1[LM],#d1[LM],g1[L],(#d.#G-1.c2)[J],c1[LM],#d1[LNO],#a1[N],c2[MNOP],(d.#A-1.#a1)[J],f1[LM],d1[LN],#g1[N],#a1[L],(g.#d.#g1)[KL],g1[M],f1[M],g1[K],c1[M],d1[M],#d1[M],g1[M],(f.d.g1)[LM],f1[LM],e1[L],f1[K],(d.c2)[L],f[L],(g.#d.f1)[LM],#d1[LM],d1[L],#d1[K],(#d.#d1)[O],c2[MNOP],g[L],(d.b.b1)[LM],c2[LM],d2[L],g1[KL],d[L],(f.B-1.F-1.b1)[J],d1[LM],#d1[M],F-1[L],(B-1.f1)[L],(C-1.c.g1)[K],(c.C-1)[K],(c.C-1.c1)[LM],#d1[M],(c.C-1)[L],g1[MNOP],g1[O],(#G-1.#G-2.c2)[K],(#G-1.#G-2)[K],(#G-1.#G-2.c1)[LM],#d1[M],(#G-1.#G-2)[MN],#a1[N],c2[L],(#A-1.#A-2.#a1)[K],(#A-1.#A-2)[K],(#A-1.#A-2.f1)[LM],d1[M],(#A-1.#A-2)[MN],#g1[N],#a1[L],(#d.#D-1.#g1)[K],(#D-1.#d)[L],g1[M],f1[M],(#d.#D-1.g1)[K],(#D-1.#d.c1)[M],d1[M],#d1[M],g1[M],(d.D-1.g1.c1)[LM],(c1.f1)[M],(d.D-1)[L],(e1.c1)[L],(d.D-1.f1.c1)[LMOP],f1[N],(d.D-1.c2)[K],(#d.#D-1.f1.c1)[LM],(c1.#d1)[M],(#D-1.#d)[L],(d1.c1)[L],(#D-1.#d.c1.#d1)[LMOP],#d1[N],(#D-1.#d.c2)[K],(d.D-1.b1.d1)[LM],(d1.c2)[M],(d.D-1)[L],(d2.d1)[L],(d.D-1.g1.d1)[K],(D-1.d)[K],(f.b.F-1.f1.b1)[K],(f.F-1)[K],(B-1.g.b.d1.d2.b1)[LM],(c2.#d2.#d1)[M],(g.G-1)[L],(D-1.d.d2.f2.f1)[L],(C-1.g2.g1)[L],(G-1.c)[L],C-1[L],(G-1.c)[L],(C-1.c2.c1)[L],(G-1.c)[M],(#d1.#d2)[M],C-1[L],(c.G-1.g1.g2)[L],(#G-2.c2.c3.g2)[L],(#G-1.#D-1)[L],#G-2[L],(#G-1.#D-1)[L],(#G-2.c2.c1)[L],(#D-1.#G-1)[M],(#d2.#d1)[M],#G-2[MN],#a2[N],(#D-1.#G-1.c3)[L],(#A-2.#a1.#a2.f2)[L],(#A-1.F-1)[L],#A-2[L],(#A-1.F-1)[L],(#A-2.f2)[L],(#A-1.F-1)[M],d2[M],#A-2[L],(F-1.#A-1.#a1.#a2.f2)[L],(#D-1.#g2.#d2)[L],(#d.#A-1)[L],#D-1[L],(#A-1.#d.g2)[M],f2[M],(#D-1.g2.d2)[L],(#d.#A-1)[L],(#D-1.c2)[M],d2[M],(#d.#A-1.#d2)[M],g2[M],(#G-1.g2.c2)[L],(#g.f)[M],(f2.c2)[M],#G-1[L],(#g.f.e2.c2)[L],(#G-1.f2.c2)[L],(#g.f)[L],(#G-1.c3.f2)[L],(#g.f)[L],(#D-1.f2.c2)[L],(#d.c)[M],(#d2.c2)[M],#D-1[L],(#d.c.d2.c2)[L],(#D-1.#d2.c2)[L],(#d.c)[L],(#D-1.c3.#d2)[L],(#d.c)[L],(D-1.b2.d2)[L],(d.B-1)[M],(c3.d2)[M],D-1[L],(d.B-1.d3.d2)[L],(D-1.g2.d2)[L],(d.B-1)[L],D-1[L],(d.B-1)[L],(F-1.b2.f2)[L],(f.d)[L],F-1[L],(d.f)[L],(G-1.b1.d2.d1)[L],(d.g)[M],(#d1.#d2.c2)[M],G-1[L],(g.d.f1.f2.d2)[L],(C-2.C-1.g2.g1)[L],(c.G-1)[L],C-1[L],(c.G-1)[L],(C-1.c2.c1)[L],(c.G-1)[M],(#d2.#d1)[M],C-1[L],(G-1.c.g2.g1)[L],(#A-3.#G-2.c3.c2)[L],(#G-1.#D-1)[L],#G-2[L],(#G-1.#D-1)[L],(#G-2.c2.c1)[L],(#G-1.#D-1)[M],(#d2.#d1)[M],#G-2[MN],c2[N],(#D-1.#G-1.c2.c3)[L],(#A-3.#A-2.#a1.#a2)[L],(F-1.#A-1)[L],#A-2[L],(F-1.#A-1)[L],(#A-2.f1.f2)[L],(F-1.#A-1)[M],(d1.d2)[M],#A-2[MN],#a1[N],(#A-1.F-1.#a1.#a2)[L],(#D-2.#D-1.#g2.#g1)[L],(#A-1.#d)[L],#D-1[L],(#d.#A-1.g2)[M],f2[M],(#D-1.g2)[L],(#d.#A-1)[L],(#D-1.c2)[M],d2[M],(#A-1.#d.#d2)[M],g2[M],(#G-2.#G-1.g2.c2.g1)[L],(f.#g)[M],(f2.c2.f1)[M],#G-1[L],(#g.f.e2.c2.e1)[L],(#G-1.f2.c2.f1)[L],(f.#g)[L],(#G-1.f1.c2)[N],f2[N],c3[M],(f.#g)[L],(#D-2.#D-1.f2.c2.f1)[L],(c.#d)[M],(#d2.c2.#d1)[M],#D-1[L],(#d.c.d2.c2.d1)[L],(#D-1.#d2.c2.#d1)[L],(c.#d)[L],(#D-1.f1.c2)[N],#d2[N],c3[M],(#d.c)[L],(D-2.D-1.d2.b2.b1)[L],(d.B-1)[M],(c3.d2.c2)[M],D-1[L],(B-1.d.d2.d3)[L],(D-1.g2.d2.g1)[L],(B-1.d)[M],(b2.f3.f2)[M],D-1[L],(d.B-1.d3.f2.d2.f1)[L],(#D-2.#d.#A-1.#D-1.g2.#d3.#d2)[L],#d[L],#a[LN],#d1[LO],#a1[LO],#d2[LN],#a2[ILN];"],"instruments":["piano","piano"],"alternatives":["",""],"id":1},{"bpm":142,"baseBeats":0.25,"scores":["5<V>,mute[KNOP],mute[JL],mute[L],mute[M],mute[M],mute[L],mute[L],mute[LM],mute[LM],mute[L],mute[KL],mute[L],mute[J],mute[L],mute[L],mute[L],mute[L],mute[LM],mute[M],mute[L],mute[LNOP],5<V>,mute[L],mute[L],mute[L],mute[L],mute[L],mute[L],mute[L],mute[L],mute[M],mute[M],mute[L],mute[L],mute[L],mute[M],mute[M],mute[L],mute[L],mute[L],mute[L],mute[L],mute[L],mute[L],mute[L],mute[L],mute[L],mute[L],mute[L],mute[L],mute[L],mute[L],mute[M],mute[M],mute[L],mute[LO],5<V>,mute[LNP],mute[L],mute[L],mute[L],mute[L],mute[L],mute[L],mute[L],mute[M],mute[M],mute[L],mute[L],mute[L],mute[M],mute[M],mute[L],mute[LNOP],5<V>,mute[L],mute[L],mute[L],mute[L],mute[L],mute[L],mute[L],mute[L],mute[L],mute[L],mute[L],mute[L],mute[M],mute[M],mute[L],mute[LNOP],5<V>,mute[L],mute[L],mute[L],mute[L],mute[L],mute[L],mute[L],mute[L],mute[M],mute[M],mute[L],mute[L],mute[L],mute[M],mute[M],mute[L],mute[L],mute[L],mute[L],mute[L],mute[L],mute[L],mute[L],mute[L],mute[L],mute[L],mute[L],mute[L],mute[L],mute[L],mute[L],mute[J],mute[M],mute[M],mute[L],mute[J],mute[LM],mute[LM],mute[L],mute[J],mute[LM],mute[LMO],mute[MNOP],mute[J],mute[LM],mute[LM],mute[L],mute[KL],mute[M],mute[M],mute[K],mute[M],mute[M],mute[M],mute[M],mute[LM],mute[LM],mute[L],mute[K],mute[L],mute[L],mute[LM],mute[LM],mute[L],mute[KNP],mute[MOP],mute[L],mute[LM],mute[LM],mute[L],mute[KL],mute[L],mute[J],mute[LM],mute[M],mute[L],mute[L],mute[K],mute[K],mute[LM],mute[M],mute[L],mute[LP],mute[K],mute[K],mute[LM],mute[M],mute[M],5<V>,mute[L],mute[K],mute[K],mute[LM],mute[M],mute[M],5<V>,mute[L],mute[K],mute[L],mute[M],mute[M],mute[K],mute[M],mute[M],mute[M],mute[M],mute[LM],mute[M],mute[L],mute[L],mute[LMNOP],mute[K],mute[LM],mute[M],mute[L],mute[L],mute[LMNOP],mute[K],mute[LM],mute[M],mute[L],mute[L],mute[K],mute[K],mute[K],mute[K],mute[LM],mute[M],mute[L],mute[L],mute[L],mute[L],mute[L],mute[L],mute[L],mute[M],mute[M],mute[L],mute[L],mute[L],mute[L],mute[L],mute[L],mute[L],mute[M],mute[M],mute[M],5<V>,mute[L],mute[L],mute[L],mute[L],mute[L],mute[L],mute[M],mute[M],mute[LNO],mute[MOP],mute[L],mute[L],mute[L],mute[M],mute[M],mute[L],mute[L],mute[M],mute[M],mute[M],mute[M],mute[L],mute[M],mute[M],mute[L],mute[L],mute[L],mute[L],mute[L],mute[L],mute[L],mute[M],mute[M],mute[L],mute[L],mute[L],mute[L],mute[L],mute[L],mute[L],mute[M],mute[M],mute[L],mute[L],mute[L],mute[L],mute[L],mute[L],mute[L],mute[L],mute[L],mute[L],mute[L],mute[M],mute[M],mute[L],mute[L],mute[L],mute[L],mute[L],mute[L],mute[L],mute[M],mute[M],mute[L],mute[L],mute[L],mute[L],mute[L],mute[L],mute[L],mute[M],mute[M],mute[M],5<V>,mute[L],mute[L],mute[L],mute[L],mute[L],mute[L],mute[M],mute[M],mute[M],5<V>,mute[L],mute[L],mute[L],mute[L],mute[M],mute[M],mute[L],mute[L],mute[M],mute[M],mute[M],mute[M],mute[L],mute[M],mute[M],mute[L],mute[L],mute[L],mute[L],5<V>,mute[M],mute[L],mute[L],mute[M],mute[M],mute[L],mute[L],mute[L],mute[L],5<V>,mute[M],mute[L],mute[L],mute[M],mute[M],mute[L],mute[L],mute[L],mute[L],mute[L],mute[L],mute[L],mute[L],mute[L],mute[L],mute[L],mute[M],mute[M],mute[L],mute[L];","(#c.#f1)[NP],b1[NP],#d2[KNP],(e1.#c2)[JL],(#c.#g1)[L],e[M],#f1[M],#g[L],(#c1.#g1)[L],#c1[LM],#d1[LM],e1[L],(A-1.#d2.b1.#f1)[KL],(#g1.e2)[L],(#c2.e1)[J],A-1[L],#d[L],e[L],a[L],#d2[LM],e2[M],#d[L],#f2[L],(#c.b1)[NP],#d2[NP],#f2[NP],#d[L],e[L],(#g.e2.#c2)[L],#c1[L],#g[L],e[L],#d[L],(#c.#g2)[L],e[M],#f2[M],#g[L],(#c1.#g2)[L],#c2[L],#g[M],#d2[M],#d1[L],(#g.e2)[L],(A-1.b1.#d2.#f2)[L],B-1[L],#c[L],(e.#g2.e2)[L],(a.e2.#c2)[L],b[L],#c1[L],e1[L],A-1[L],#d[L],e[L],a[L],#d1[L],#c[M],e1[M],b[L],(#f.#f1)[L],(#C-2.#C-1.#f1)[NP],b1[NP],#d2[LNP],#C-1[L],(#c.e1.#c2)[L],#C-1[L],#c[L],#C-1[L],#c[L],(#C-1.#g1)[L],#c[M],#f1[M],#C-1[L],(#c.#g1)[L],(#C-1.#c1)[L],#c[M],#d1[M],#C-1[L],(#c.e1)[L],(A-3.A-2.#f1)[NP],b1[NP],#d2[NP],A-1[L],A-2[L],(A-1.#g1.e2)[L],(A-2.#c2.e1)[L],A-1[L],A-2[L],A-1[L],A-2[L],A-1[L],A-2[L],A-1[L],(A-2.#d2)[L],A-1[M],e2[M],A-2[L],(A-1.#f2)[L],(#C-2.#C-1.b1)[NP],#d2[NP],#f2[NP],#c[L],#C-1[L],(#c.e2.#c2)[L],#C-1[L],#c[L],#C-1[L],#c[L],(#C-1.#g2)[L],#c[M],#f2[M],#C-1[L],(#c.#g2)[L],(#C-1.#c2)[L],#c[M],#d2[M],#C-1[L],(#c.e2)[L],(A-3.A-2.#f2.#d2)[L],A-1[L],A-2[L],(A-1.e2.#g2)[L],(A-2.#c2.e2)[L],A-1[L],A-2[L],A-1[L],A-2[L],A-1[L],A-2[L],A-1[L],A-2[L],A-1[L],(A-1.A-2)[J],#c1[M],d1[M],e1[L],(B-1.#f.#f1)[J],b[LM],d1[LM],#f1[L],(G-1.d.b1)[J],b[LM],d1[LNO],a1[N],b1[MNOP],(A-1.#c.a1)[J],e1[LM],#c1[LN],g1[N],a1[L],(A-1.d.g1)[KL],#f1[M],e1[M],#f1[K],b[M],#c1[M],d1[M],#f1[M],(e.#c.#f1)[LM],e1[LM],#d1[L],e1[K],(#c.b1)[L],e[L],(#f.d.e1)[LM],d1[LM],#c1[L],d1[K],(d.d1)[NP],b1[MOP],#f[L],(#c.#a.#a1)[LM],b1[LM],#c2[L],#f1[KL],#c[L],(e.#A-1.E-1.#a1)[J],#c1[LM],d1[M],E-1[L],(#A-1.e1)[L],(B-2.B-1.#f1)[K],(B-1.B-2)[K],(B-1.B-2.b)[LM],d1[M],(B-1.B-2)[L],#f1[MNOP],#f1[O],(G-1.G-2.b1)[K],(G-1.G-2)[K],(G-1.G-2.b)[LM],d1[M],(G-1.G-2)[MN],a1[N],b1[L],(A-1.A-2.a1)[K],(A-1.A-2)[K],(A-1.A-2.e1)[LM],#c1[M],(A-1.A-2)[MN],g1[N],a1[L],(d.D-1.g1)[K],(D-1.d)[L],#f1[M],e1[M],(d.D-1.#f1)[K],(D-1.d.b)[M],#c1[M],d1[M],#f1[M],(#c.#C-1.#f1.b)[LM],(b.e1)[M],(#c.#C-1)[L],(#d1.b)[L],(#c.#C-1.e1.b)[LMOP],e1[N],(#c.#C-1.b1)[K],(d.D-1.e1.b)[LM],(b.d1)[M],(D-1.d)[L],(#c1.b)[L],(D-1.d.b.d1)[LMOP],d1[N],(D-1.d.b1)[K],(#c.#C-1.#a1.#c1)[LM],(#c1.b1)[M],(#c.#C-1)[L],(#c2.#c1)[L],(#C-1.#c.#c1.#f1)[K],(#c.#C-1)[K],(E-1.#a.e.#a1.e1)[K],(E-1.e)[K],(#A-1.#f.#a.#c1.#c2.#a1)[LM],(b1.d2.d1)[M],(#f.#F-1)[L],(#C-1.#c.#c2.e2.e1)[L],(B-2.#f1.#f2)[L],(#F-1.B-1)[L],B-2[L],(B-1.#F-1)[L],(B-2.b.b1)[L],(B-1.#F-1)[M],(d1.d2)[M],B-2[L],(B-1.#F-1.#f2.#f1)[L],(G-2.#f2.b2.b1)[L],(D-1.G-1)[L],G-2[L],(D-1.G-1)[L],(G-2.b.b1)[L],(D-1.G-1)[M],(d2.d1)[M],G-2[MN],a2[N],(D-1.G-1.b2)[L],(A-2.e2.a2.a1)[L],(A-1.E-1)[L],A-2[L],(E-1.A-1)[L],(A-2.e1.e2)[L],(E-1.A-1)[M],(#c1.#c2)[M],A-2[L],(E-1.A-1.a1)[OP],e2[OP],a2[MOP],(D-1.d2.g2)[L],(d.A-1)[L],D-1[L],(A-1.d.#f2)[M],e2[M],(D-1.#c2.#f2)[L],(A-1.d)[L],(D-1.b1)[M],#c2[M],(A-1.d.d2)[M],#f2[M],(G-1.b1.#f2)[L],(e.g)[M],(e2.b1)[M],G-1[L],(e.g.b1.#d2)[L],(G-1.b1.e2)[L],(g.e)[L],(G-1.e2.b2)[L],(g.e)[L],(D-1.b1.e2)[L],(d.B-1)[M],(d2.b1)[M],D-1[L],(d.B-1.b1.#c2)[L],(D-1.b1.d2)[L],(B-1.d)[L],(D-1.d2.b2)[L],(B-1.d)[L],(#C-1.#c2.#a2)[L],(#c.#A-1)[M],(b2.#c2)[M],#C-1[L],(#c.#A-1.#c2.#c3)[L],(#C-1.#c2.#f2)[L],(#c.#A-1)[L],#C-1[L],(#A-1.#c)[L],(E-1.e2.#a2)[L],(#c.e)[L],E-1[L],(e.#c)[L],(#F-1.#c1.#c2.#a1)[L],(#f.#c)[M],(d1.d2.b1)[M],#F-1[L],(#f.#c.#c2.e2.e1)[L],(B-2.B-3.#f1.#f2)[L],(#F-1.B-1)[L],B-2[L],(B-1.#F-1)[L],(B-2.b.b1)[L],(B-1.#F-1)[M],(d2.d1)[M],B-2[L],(B-1.#F-1.#f1.#f2)[L],(G-2.A-3.b1.b2)[L],(D-1.G-1)[L],G-2[L],(D-1.G-1)[L],(G-2.b.b1)[L],(D-1.G-1)[M],(d2.d1)[M],G-2[MN],b1[N],(D-1.G-1.b2.b1)[L],(A-2.A-3.a2.a1)[L],(A-1.E-1)[L],A-2[L],(E-1.A-1)[L],(A-2.e2.e1)[L],(E-1.A-1)[M],(#c1.#c2)[M],A-2[MN],a1[N],(E-1.A-1.a2.a1)[L],(D-1.D-2.g1.g2)[L],(d.A-1)[L],D-1[L],(A-1.d.#f1.#f2)[M],(e1.e2)[M],(D-1.#f1.#f2)[L],(A-1.d)[L],(D-1.b.b1)[M],(#c1.#c2)[M],(A-1.d.d1.d2)[M],#f2[M],(G-1.G-2.#f1.b1.#f2)[L],(e.g)[M],(e2.b1.e1)[M],G-1[L],(e.g.#d1.b1.#d2)[L],(G-1.e1.b1.e2)[L],(g.e)[L],(G-1.b1.e1)[N],e2[N],b2[M],(g.e)[L],(D-1.D-2.e1.b1.e2)[L],(d.B-1)[M],(d2.b1.d1)[M],D-1[L],(B-1.d.#c1.b1.#c2)[L],(D-1.d2.b1.d1)[L],(B-1.d)[L],(D-1.e1.b1)[N],d2[N],b2[M],(d.B-1)[L],(#C-1.#C-2.#c2.#a2.#a1)[L],(#c.#A-1)[M],(b1.#c2.b2)[M],#C-1[L],(#A-1.#c.#c2.#c3)[L],(#C-1.#f2.#c2.#f1)[L],(#c.#A-1)[L],#C-1[L],(#c.#A-1)[L],(E-1.E-2.#a1.#a2.e2)[L],(e.B-1)[L],E-1[L],(B-1.e)[L],(#F-1.#F-2.#a2.#c3.#c2)[L],(#c.#f)[M],(b2.d3.d2)[M],#F-1[L],(#c.#f.e2.e3.#c3)[L];"],"instruments":["piano","piano"],"alternatives":["",""],"id":2},{"bpm":142,"baseBeats":0.25,"scores":["mute[L],mute[L],mute[L],mute[L],mute[L],mute[M],mute[M],mute[L],mute[L],mute[L],mute[L],mute[L],mute[L],mute[L],mute[M],mute[M],mute[M],5<V>,mute[L],mute[L],mute[L],mute[L],mute[L],mute[L],mute[M],mute[M],mute[L],mute[L],mute[L],mute[L],mute[L],mute[M],mute[M],mute[L],mute[L],mute[M],mute[M],mute[M],mute[M],mute[L],mute[M],mute[M],mute[L],mute[L],mute[L],mute[L],5<V>,mute[M],mute[L],mute[L],mute[M],mute[M],mute[L],mute[L],mute[L],mute[LN],mute[MN],mute[L],mute[L],mute[M],mute[M],mute[L],mute[L],mute[L],mute[L],mute[L],mute[L],mute[L],mute[L],mute[L],mute[L],mute[L],mute[M],mute[M],mute[L],mute[L],mute[L],mute[L],mute[L],mute[L],mute[L],mute[M],mute[M],mute[L],mute[L],mute[L],mute[L],mute[L],mute[L],mute[L],mute[M],mute[M],mute[M],5<V>,mute[L],mute[L],mute[L],mute[L],mute[L],mute[L],mute[M],mute[M],mute[M],5<V>,mute[L],mute[L],mute[L],mute[L],mute[M],mute[M],mute[L],mute[L],mute[M],mute[M],mute[M],mute[M],mute[L],mute[M],mute[M],mute[L],mute[L],mute[L],mute[L],5<V>,mute[M],mute[L],mute[L],mute[M],mute[M],mute[L],mute[L],mute[L],mute[L],5<V>,mute[M],mute[L],mute[L],mute[M],mute[M],mute[L],mute[L],mute[L],mute[L],mute[L],mute[L],mute[L],mute[L],mute[L],mute[L],mute[L],mute[M],mute[M],mute[L],mute[L],mute[L],mute[L],mute[L],mute[L],mute[L],mute[M],mute[M],mute[L],mute[L],mute[L],mute[L],mute[L],mute[L],mute[L],mute[M],mute[M],mute[LOP],mute[MNOP],mute[L],mute[L],mute[L],mute[L],mute[L],mute[M],mute[M],mute[M],5<V>,mute[L],mute[L],mute[L],mute[L],mute[M],mute[M],mute[L],mute[L],mute[M],mute[M],mute[M],mute[M],mute[L],mute[M],mute[M],mute[L],mute[L],mute[L],mute[M],mute[M],mute[L],mute[L],mute[L],mute[M],mute[M],mute[L],mute[L],mute[L],mute[M],mute[M],mute[L],mute[L],mute[L],mute[M],mute[M],mute[L],mute[L],mute[L],mute[L],mute[L],mute[L],mute[L],mute[L],mute[L],mute[L],mute[LM],mute[M],mute[L],mute[L],mute[J],mute[LM],mute[LM],mute[LP],mute[J],mute[LM],mute[LM],mute[L],mute[J],mute[LM],mute[LM],mute[L],mute[KL],mute[M],mute[M],mute[K],mute[M],mute[M],mute[M],mute[M],mute[LM],mute[LM],mute[L],mute[LMNOP],mute[K],mute[LM],mute[LM],mute[L],mute[LMNOP],mute[K],mute[LM],mute[LM],mute[L],mute[L],mute[LM],mute[LM],mute[LNO],mute[LMO],mute[LM],mute[LMOP],mute[K],mute[KM],mute[KLNOP],mute[IK],mute[HMOP];","(#c3.B-2.B-3.#f2.#f3)[L],(#F-1.B-1)[L],B-2[L],(B-1.#F-1)[L],(B-2.b2.b1)[L],(B-1.#F-1)[M],(d2.d3)[M],B-2[L],(B-1.#F-1.#f2.#f3)[L],(G-2.A-3.b2.b3.#f3)[L],(D-1.G-1)[L],G-2[L],(G-1.D-1)[L],(G-2.b1.b2)[L],(G-1.D-1)[M],(d3.d2)[M],G-2[MN],a3[N],(G-1.D-1.b3)[L],(A-2.A-3.a2.a3.e3)[L],(A-1.E-1)[L],A-2[L],(E-1.A-1)[L],(A-2.e2.e3)[L],(E-1.A-1)[M],(#c2.#c3)[M],A-2[L],(E-1.A-1.a2.a3.e3)[L],(D-1.D-2.g3.d3)[L],(d.A-1)[L],D-1[L],(A-1.d.#f2.#f3)[M],(e2.e3)[M],(D-1.#f2.#f3.#c3)[L],(A-1.d)[L],(D-1.b1.b2)[M],(#c2.#c3)[M],(A-1.d.d2.d3)[M],#f3[M],(G-1.G-2.#f2.#f3.b2)[L],(g.e)[M],(e2.e3.b2)[M],G-1[L],(e.g.#d2.#d3.b2)[L],(G-1.e2.e3.b2)[L],(e.g)[L],(G-1.b2)[N],e3[N],b3[M],(e.g)[L],(D-1.D-2.e2.e3.b2)[L],(B-1.d)[M],(d2.d3.b2)[M],D-1[L],(d.B-1.#c2.#c3.b2)[L],(D-1.d2.d3.b2)[L],(d.B-1)[L],(D-1.d2.d3)[O],#f3[O],b3[MN],(B-1.d)[L],(#C-1.#C-2.#a2.#a3.#c3)[L],(#c.#A-1)[M],(b2.b3.#c3)[M],#C-1[L],(#c.#A-1.#c4.#c3)[L],(#C-1.#f2.#f3.#c3)[L],(#c.#A-1)[L],#C-1[L],(#c.#A-1)[L],(E-1.E-2.#a2.#a3.e3)[L],(#c.e)[L],E-1[L],(e.#c)[L],(#F-1.#F-2.#a2.#c3.#c2)[L],(#f.#c)[M],(d2.d3.b2)[M],#F-1[L],(#c.#f.e2.e3.#c3)[L],(B-2.B-3.#f3.#f2)[L],(#F-1.B-1)[L],B-2[L],(B-1.#F-1)[L],(B-2.b2.b1)[L],(B-1.#F-1)[M],(d3.d2)[M],B-2[L],(B-1.#F-1.#f3.#f2)[L],(G-2.A-3.b3.b2)[L],(D-1.G-1)[L],G-2[L],(G-1.D-1)[L],(G-2.b2.b1)[L],(G-1.D-1)[M],(d3.d2)[M],G-2[MN],b2[N],(D-1.G-1.b2.b3)[L],(A-2.A-3.a2.a3)[L],(A-1.E-1)[L],A-2[L],(A-1.E-1)[L],(A-2.e2.e3)[L],(A-1.E-1)[M],(#c2.#c3)[M],A-2[MN],a2[N],(E-1.A-1.a2.a3)[L],(D-1.D-2.g3.g2)[L],(d.A-1)[L],D-1[L],(A-1.d.#f2.#f3)[M],(e2.e3)[M],(D-1.#f2.#f3)[L],(A-1.d)[L],(D-1.b1.b2)[M],(#c2.#c3)[M],(d.A-1.d2.d3)[M],#f3[M],(G-1.G-2.#f3.b2.#f2)[L],(g.e)[M],(e3.b2.e2)[M],G-1[L],(e.g.#d3.b2.#d2)[L],(G-1.e3.b2.e2)[L],(g.e)[L],(G-1.e2)[O],b2[O],e3[N],b3[M],(g.e)[L],(D-1.D-2.e3.b2.e2)[L],(B-1.d)[M],(d3.b2.d2)[M],D-1[L],(B-1.d.#c3.b2.#c2)[L],(D-1.d2.b2.d3)[L],(B-1.d)[L],(D-1.e2)[O],b2[O],e3[N],b3[M],(B-1.d)[L],(#C-1.#C-2.#c3.#a3.#a2)[L],(#c.#A-1)[M],(b3.#c3.b2)[M],#C-1[L],(#A-1.#c.#c3.#c4)[L],(#C-1.#f3.#c3.#f2)[L],(#A-1.#c)[L],#C-1[L],(#A-1.#c)[L],(E-1.E-2.#a2.#a3.e3)[L],(B-1.e)[L],E-1[L],(e.B-1)[L],(#F-1.#F-2.#c2.#c1)[L],(#f.#c)[M],(d1.d2)[M],#F-1[L],(#c.#f.e1.e2)[L],(B-2.#f2.#f1)[L],#F-1[L],B-1[L],#f[L],(b.b1)[L],#f[M],d2[M],B-1[L],(#F-1.#f2)[L],(G-2.b2)[L],D-1[L],G-1[L],d[L],(g.b1)[L],d[M],d2[M],G-1[MNOP],a2[O],D-1[O],b2[MNOP],(A-2.a2)[L],E-1[L],A-1[L],e[L],(a.e2)[L],e[M],#c2[M],A-1[MN],g2[N],(E-1.a2)[L],(D-1.g2)[L],A-1[L],d[L],(a.#f2)[M],e2[M],(d1.#f2)[L],a[L],(d.b1)[M],#c2[M],(A-1.d2)[M],#f2[M],(G-1.#f2)[L],d[M],e2[M],g[L],(d.#d2)[L],(d1.e2)[L],d[M],e2[M],(g.b2)[L],d[L],(D-1.e2)[L],A-1[M],d2[M],d[L],(A-1.#c2)[L],(a.d2)[L],A-1[M],d2[M],(d.b2)[L],A-1[L],(#C-1.#a2)[L],#G-1[M],b2[M],#c[L],(#G-1.#c3)[L],(#C-1.#f2)[L],#G-1[L],#f[L],#G-1[L],(E-1.#a2)[L],B-1[L],e[L],b[L],(#F-1.#F-2.#c2)[LM],d2[M],(#f.#F-1)[L],e2[L],(B-3.B-2.#f2)[J],b1[LM],d2[LM],#f2[MNO],#f2[OP],(G-2.A-3.b2)[J],b1[LM],d2[LN],a2[N],b2[L],(A-2.A-3.a2)[J],e2[LM],#c2[LN],g2[N],a2[L],(D-1.D-2.g2)[KL],#f2[M],e2[M],#f2[K],b1[M],#c2[M],d2[M],#f2[M],(G-1.G-2.#f2)[LM],e2[LM],#d2[L],e2[LMOP],e2[N],(G-1.G-2.b2)[K],(D-1.D-2.e2)[LM],d2[LM],#c2[L],d2[LMOP],d2[N],(D-1.D-2.b2)[K],(#C-1.#C-2.#a2)[LM],b2[LM],#c3[L],#f2[L],(e3.#c3)[LM],#c3[LM],(D-1.D-2.d3)[LNO],A-1[LMO],d[LM],a[LMOP],d1[K],a1[KM],d2[KLNOP],a2[IK],d3[HMOP];"],"instruments":["piano","piano"],"alternatives":["",""],"id":3}],"audition":{"start":[0,0],"end":[2,274]}}