{"baseBpm":240,"musics":[{"id":1,"baseBeats":0.5,"scores":["mute[K],mute[K],mute[K],mute[K],mute[L],mute[L],mute[L],mute[L],mute[K],mute[K],mute[K],mute[K],mute[K],mute[L],mute[L],mute[I],mute[K],mute[K],mute[K],mute[K],mute[L],mute[L],mute[L],mute[L],mute[K],mute[K],mute[K],mute[K],mute[K],mute[L],mute[L],mute[JK],mute[K],mute[K],mute[K],mute[K],mute[L],mute[L],mute[K],mute[K],mute[K],mute[K],mute[L],mute[L],mute[K],mute[L],mute[L],mute[K],mute[K],mute[K],mute[K],mute[L],mute[L],mute[K],mute[K],mute[K],mute[L],mute[L],mute[KL],mute[L],mute[K],mute[L],mute[L],mute[K],mute[K],mute[K],mute[L],mute[L],mute[I],mute[K],mute[K],mute[K],mute[K],mute[L],mute[L],mute[L],mute[L],mute[K],mute[K],mute[K],mute[K],mute[K],mute[L],mute[L],mute[I],mute[K],mute[K],mute[K],mute[K],mute[L],mute[L],mute[L],mute[L],mute[K],mute[K],mute[K],mute[K],mute[K],mute[L],mute[L],mute[JK],mute[K];","(d.g.b1.d2)[K],(g1.b1)[LMO],(G-1)[NO],(#f.a1.c2)[K],(g.g1.b1)[LN],(#f1.a1)[NO],(g1.b1)[NO],(A-1.e.#f1.a1)[L],(e1.g1)[L],(a.d1.#f1)[L],(g.c1.e1)[L],(d.#f.b.d1)[K],(D-1.g.d1.b1)[K],(c.g.e1.c2)[K],(c1.e1)[K],(d.a.d1.#f1)[LN],(c1.e1)[NO],(d1.#f1)[NO],(D-1.c1.e1)[L],(d1.#f1)[L],(G-1.b.g1)[K],(#F-1.d)[K],(E-1.g)[K],(D-1.a)[K],(d.g.b1.d2)[K],(g1.b1)[LMO],(G-1)[NO],(#f.a1.c2)[K],(g.g1.b1)[LN],(#f1.a1)[NO],(g1.b1)[NO],(A-1.e.#f1.a1)[L],(e1.g1)[L],(a.d1.#f1)[L],(g.c1.e1)[L],(d.#f.b.d1)[K],(D-1.g.d1.b1)[K],(c.g.e1.c2)[K],(c1.e1)[K],(d.a.d1.#f1)[LN],(c1.e1)[NO],(d1.#f1)[NO],(D-1.c1.e1)[L],(d1.#f1)[L],(G-1.b.g1)[K],(d)[K],(d.g)[K],(D-1.a.b.d1)[K],(G-1.d.g.b)[K],(g.b.d1)[LN],(b.d1)[NO],(c1.e1)[NO],(G-1.#f.b.d1)[K],(g.a.c1)[L],(g.b)[L],(c.e.a.c1)[K],(g.c1.e1)[K],(c.c1)[LMO],(b.d1)[NO],(b.c1.e1)[K],(d.a.d1.#f1)[L],(e1.g1)[L],(#f.#f1.a1)[LN],(a.#f1)[NO],(b.g1)[NO],(d.a.c1.#f1)[L],(b.g1)[L],(e.c1.a1)[K],(d.#f.a.d1)[K],(e.g)[K],(#f.a)[K],(d.b.d1.g1)[L],(d1.a1)[L],(g.d1.g1.b1)[K],(#f1.a1)[K],(d.e.e1.g1)[K],(#f.#f1.a1)[L],(g.g1.b1)[L],(A-1.a.a1.c2)[KL],(g.g1.b1)[L],(d.#f.#f1.a1)[K],(g1.b1)[L],(a1.c2)[L],(d.g.b1.d2)[K],(c1.e1)[K],(D-1.d.d1.#f1)[LN],(c1.e1)[NO],(d1.#f1)[NO],(#F-1.c1.e1)[L],(d1.#f1)[L],(G-1.g.b.g1)[K],(d)[K],(G-1.g)[K],(a)[K],(d.g.b1.d2)[K],(g1.b1)[LMO],(G-1)[NO],(#f.a1.c2)[K],(g.g1.b1)[K],(A-1.e.#f1.a1)[L],(e1.g1)[L],(a.d1.#f1)[L],(g.c1.e1)[L],(d.#f.b.d1)[K],(D-1.g.d1.b1)[K],(c.g.e1.c2)[K],(c1.e1)[K],(d.a.d1.#f1)[K],(D-1.c1.e1)[L],(d1.#f1)[L],(G-1.b.g1)[K],(#F-1.d)[K],(E-1.g)[K],(D-1.a)[K],(d.g.b1.d2)[K],(g1.b1)[LMO],(G-1)[NO],(#f.a1.c2)[K],(g.g1.b1)[K],(A-1.e.#f1.a1)[L],(e1.g1)[L],(a.d1.#f1)[L],(g.c1.e1)[L],(d.#f.b.d1)[K],(D-1.g.d1.b1)[K],(c.g.e1.c2)[K],(c1.e1)[K],(d.a.d1.#f1)[K],(D-1.c1.e1)[L],(d1.#f1)[L],(G-1.b.g1)[K],(d)[K],(d.g)[K],(D-1.a.b.d1)[K];"]},{"id":2,"baseBeats":0.5,"scores":["mute[K],mute[K],mute[K],mute[L],mute[L],mute[K],mute[K],mute[K],mute[K],mute[L],mute[L],mute[K],mute[L],mute[L],mute[K],mute[K],mute[K],mute[K],mute[L],mute[L],mute[K],mute[K],mute[K],mute[L],mute[L],mute[KL],mute[L],mute[K],mute[L],mute[L],mute[K],mute[K],mute[K],mute[L],mute[L],mute[I],mute[K],mute[K],mute[K],mute[K],mute[L],mute[L],mute[L],mute[L],mute[K],mute[K],mute[K],mute[K],mute[K],mute[L],mute[L],mute[I],mute[K],mute[K],mute[K],mute[K],mute[L],mute[L],mute[L],mute[L],mute[K],mute[K],mute[K],mute[K],mute[K],mute[L],mute[L],mute[JK],mute[K],mute[K],mute[K],mute[K],mute[L],mute[L],mute[K],mute[K],mute[K],mute[K],mute[L],mute[L],mute[K],mute[L],mute[L],mute[K],mute[K],mute[K],mute[K],mute[L],mute[L],mute[K],mute[K],mute[K],mute[L],mute[L],mute[KL],mute[L],mute[K],mute[L],mute[L],mute[K],mute[K],mute[K],mute[L],mute[L],mute[I];","(G-1.d.g.b)[K],(g.b.d1)[K],(G-1.#f.b.d1)[K],(g.a.c1)[L],(g.b)[L],(c.e.a.c1)[K],(g.c1.e1)[K],(c.c1)[K],(b.c1.e1)[K],(d.a.d1.#f1)[L],(e1.g1)[L],(#f.#f1.a1)[K],(d.a.c1.#f1)[L],(b.g1)[L],(e.c1.a1)[K],(d.#f.a.d1)[K],(e.g)[K],(#f.a)[K],(d.b.d1.g1)[L],(d1.a1)[L],(g.d1.g1.b1)[K],(#f1.a1)[K],(d.e.e1.g1)[K],(#f.#f1.a1)[L],(g.g1.b1)[L],(A-1.a.a1.c2)[KL],(g.g1.b1)[L],(d.#f.#f1.a1)[K],(g1.b1)[L],(a1.c2)[L],(d.g.b1.d2)[K],(c1.e1)[K],(D-1.d.d1.#f1)[K],(#F-1.c1.e1)[L],(d1.#f1)[L],(G-1.g.b.g1)[K],(d)[K],(G-1.g)[K],(a)[K],(d.g.b1.d2)[K],(g1.b1)[LMO],(G-1)[NO],(#f.a1.c2)[K],(g.g1.b1)[LN],(#f1.a1)[NO],(g1.b1)[NO],(A-1.e.#f1.a1)[L],(e1.g1)[L],(a.d1.#f1)[L],(g.c1.e1)[L],(d.#f.b.d1)[K],(D-1.g.d1.b1)[K],(c.g.e1.c2)[K],(c1.e1)[K],(d.a.d1.#f1)[LN],(c1.e1)[NO],(d1.#f1)[NO],(D-1.c1.e1)[L],(d1.#f1)[L],(G-1.b.g1)[K],(#F-1.d)[K],(E-1.g)[K],(D-1.a)[K],(d.g.b1.d2)[K],(g1.b1)[LMO],(G-1)[NO],(#f.a1.c2)[K],(g.g1.b1)[LN],(#f1.a1)[NO],(g1.b1)[NO],(A-1.e.#f1.a1)[L],(e1.g1)[L],(a.d1.#f1)[L],(g.c1.e1)[L],(d.#f.b.d1)[K],(D-1.g.d1.b1)[K],(c.g.e1.c2)[K],(c1.e1)[K],(d.a.d1.#f1)[LN],(c1.e1)[NO],(d1.#f1)[NO],(D-1.c1.e1)[L],(d1.#f1)[L],(G-1.b.g1)[K],(d)[K],(d.g)[K],(D-1.a.b.d1)[K],(G-1.d.g.b)[K],(g.b.d1)[LN],(b.d1)[NO],(c1.e1)[NO],(G-1.#f.b.d1)[K],(g.a.c1)[L],(g.b)[L],(c.e.a.c1)[K],(g.c1.e1)[K],(c.c1)[LMO],(b.d1)[NO],(b.c1.e1)[K],(d.a.d1.#f1)[L],(e1.g1)[L],(#f.#f1.a1)[LN],(a.#f1)[NO],(b.g1)[NO],(d.a.c1.#f1)[L],(b.g1)[L],(e.c1.a1)[K],(d.#f.a.d1)[K],(e.g)[K],(#f.a)[K],(d.b.d1.g1)[L],(d1.a1)[L],(g.d1.g1.b1)[K],(#f1.a1)[K],(d.e.e1.g1)[K],(#f.#f1.a1)[L],(g.g1.b1)[L],(A-1.a.a1.c2)[KL],(g.g1.b1)[L],(d.#f.#f1.a1)[K],(g1.b1)[L],(a1.c2)[L],(d.g.b1.d2)[K],(c1.e1)[K],(D-1.d.d1.#f1)[LN],(c1.e1)[NO],(d1.#f1)[NO],(#F-1.c1.e1)[L],(d1.#f1)[L],(G-1.g.b.g1)[K],(d)[K],(G-1.g)[K],(a)[K];"]},{"id":3,"baseBeats":0.5,"scores":["mute[K],mute[K],mute[K],mute[K],mute[L],mute[L],mute[L],mute[L],mute[K],mute[K],mute[K],mute[K],mute[K],mute[L],mute[L],mute[I],mute[K],mute[K],mute[K],mute[K],mute[L],mute[L],mute[L],mute[L],mute[K],mute[K],mute[K],mute[K],mute[K],mute[L],mute[L],mute[JK],mute[K],mute[K],mute[K],mute[K],mute[L],mute[L],mute[K],mute[K],mute[K],mute[K],mute[L],mute[L],mute[K],mute[L],mute[L],mute[K],mute[K],mute[K],mute[K],mute[L],mute[L],mute[K],mute[K],mute[K],mute[L],mute[L],mute[KL],mute[L],mute[K],mute[L],mute[L],mute[K],mute[K],mute[K],mute[L],mute[L],mute[JK],mute[L],mute[L],mute[K],mute[K],mute[K],mute[L],mute[L],mute[KL],mute[L],mute[K],mute[L],mute[L],mute[K],mute[K],mute[K],mute[L],mute[L],mute[I],R;","(e.a.e1.#c2.e2)[K],(#c1.a1.#c2)[LMO],(A-1)[NO],(#g.d1.b1.d2)[K],(a.#c1.a1.#c2)[LN],(b.#g1.b1)[NO],(#c1.a1.#c2)[NO],(B-1.#f.b.#g1.b1)[L],(a.#f1.a1)[L],(#g.b.e1.#g1)[L],(#f.a.d1.#f1)[L],(e.#g.#c1.e1)[K],(E-1.a.#c1.e1.#c2)[K],(d.a.d1.#f1.d2)[K],(#f.d1.#f1)[K],(e.#g.b.e1.#g1)[LN],(#f.d1.#f1)[NO],(#g.e1.#g1)[NO],(E-1.#f.d1.#f1)[L],(#g.e1.#g1)[L],(A-1.a.#c1.a1)[K],(#G-1.e)[K],(#F-1.a)[K],(E-1.b)[K],(e.a.e1.#c2.e2)[K],(#c1.a1.#c2)[LMO],(A-1)[NO],(#g.d1.b1.d2)[K],(a.#c1.a1.#c2)[LN],(b.#g1.b1)[NO],(#c1.a1.#c2)[NO],(B-1.#f.b.#g1.b1)[L],(a.#f1.a1)[L],(#g.b.e1.#g1)[L],(#f.a.d1.#f1)[L],(e.#g.#c1.e1)[K],(E-1.a.#c1.e1.#c2)[K],(d.a.d1.#f1.d2)[K],(#f.d1.#f1)[K],(e.#g.b.e1.#g1)[LN],(#f.d1.#f1)[NO],(#g.e1.#g1)[NO],(E-1.#f.d1.#f1)[L],(#g.e1.#g1)[L],(A-1.a.#c1.a1)[K],(e)[K],(e.a)[K],(E-1.e.b.#c1.e1)[K],(A-1.#c.e.a.#c1)[K],(e.a.#c1.e1)[LN],(e.#c1.e1)[NO],(#f.d1.#f1)[NO],(A-1.e.#g.#c1.e1)[K],(d.a.b.d1)[L],(#c.a.#c1)[L],(d.#f.b.d1)[K],(#f.a.d1.#f1)[K],(d.d1)[LMO],(e.#c1.e1)[NO],(#f.#c1.d1.#f1)[K],(e.#g.b.e1.#g1)[L],(a.#f1.a1)[L],(#g.b.#g1.b1)[LN],(#g.b.#g1)[NO],(a.#c1.a1)[NO],(e.#g.b.d1.#g1)[L],(a.#c1.a1)[L],(#f.b.d1.b1)[K],(e.#g.b.e1)[K],(#f.a)[K],(#g.b)[K],(e.a.#c1.e1.a1)[L],(b.e1.b1)[L],(a.#c1.e1.a1.#c2)[K],(b.#g1.b1)[K],(e.#f.a.#f1.a1)[K],(#g.b.#g1.b1)[L],(a.#c1.a1.#c2)[L],(B-1.b.d1.b1.d2)[KL],(a.#c1.a1.#c2)[L],(e.#g.b.#g1.b1)[K],(#c1.a1.#c2)[L],(d1.b1.d2)[L],(e.a.e1.#c2.e2)[K],(#f.d1.#f1)[K],(E-1.e.#g.e1.#g1)[LN],(#f.d1.#f1)[NO],(#g.e1.#g1)[NO],(#G-1.#f.d1.#f1)[L],(#g.e1.#g1)[L],(A-1.a.#c1.a1)[K],(e)[K],(A-1.a)[K],(a.b.#c1.a1)[L],(b.e1.b1)[L],(a.#c1.e1.a1.#c2)[K],(b.#g1.b1)[K],(e.#f.a.#f1.a1)[K],(#g.b.#g1.b1)[L],(a.#c1.a1.#c2)[L],(B-1.b.d1.b1.d2)[KL],(a.#c1.a1.#c2)[L],(e.#g.b.#g1.b1)[K],(#c1.a1.#c2)[L],(d1.b1.d2)[L],(e.a.e1.#c2.e2)[K],(#f.d1.#f1)[K],(E-1.e.#g.e1.#g1)[LN],(#f.d1.#f1)[NO],(#g.e1.#g1)[NO],(#G-1.#f.d1.#f1)[L],(#g.e1.#g1)[L],(a.#c1.a1)[K],(e)[K],(A-1)[J],R;"]}]}







































