{"baseBpm":140,"musics":[{"baseBeats":0.25,"scores":["9<g2[JI]>,g2[JKI],TU,TU,TU,TU,TU,TU,TU,TU,TU,TU,TU,TU,TU,9<g2[JL]>,g2[HJ],10<g2[K],g2[M],g2[M],g2[M],g2[M],g2[M]>,g2[H];",",T,g2[L],g2[L],T,T,g2[L],T,g2[L],T,g2[L],T,T,g2[L],T,g2[L],T,g2[L],T,T,g2[L],g2[L],T,T,g2[L],g2[L],T,T,g2[L],g2[L],T,T,g2[L],g2[L],T,T,g2[L],g2[L],T,T,g2[L],g2[L],T,T,g2[L],g2[L],T,T,g2[L],g2[L],T,T,g2[L],g2[L],T,g2[L],g2[L],T,T,g2[L],g2[L],T,T,g2[L],T,T,g2[L],g2[L],T,T,g2[L],g2[L],T,T,g2[L],g2[L],T,T,g2[L],g2[L],T,T,g2[L],g2[L],T,T,g2[L],g2[L],T,T,g2[L],g2[L],T,T,g2[L],g2[L],T,T,g2[L],g2[L],T,T,g2[L],T,T,g2[L],g2[L],T,T,g2[L],g2[L],T,T,g2[L],g2[L],T,T,g2[L],g2[L],T,T,g2[L],g2[L],T,g2[L],g2[L],T,T,g2[L],g2[L],T,T,g2[L],g2[L],T,T,g2[L],g2[L],T,T,g2[L],T,T,g2[L],g2[L],T,T,g2[L],g2[L],T,g2[L],T,T,g2[L],g2[L],T,T,g2[L],g2[L],T,T,T,g2[L],g2[L],T,T,g2[L],g2[L],T,T,g2[L],g2[L],g2[L],T,T,g2[L],g2[L],T,T,T,T,T,T,g2[L],g2[L],T,T,g2[L],g2[L],g2[L],T,T,T,T,T,g2[L],g2[L],T,T,g2[L],g2[L],T,T,g2[L],T,T,g2[L],T,T,g2[L],g2[L],T,g2[L],T,T,T,T,T,g2[L],T,g2[L],T,T,T,T,g2[L],T,g2[L],T,g2[L],T,g2[L],T,g2[L],T,g2[L],T,g2[L],T,g2[L],T,g2[L],T,g2[L],T,g2[L],T,T,g2[L],g2[L],T,T,g2[L],g2[L],T,T,g2[L],g2[L],T,g2[L],g2[L],T,T,g2[L],g2[L],T,;"],"instruments":["piano","piano"],"alternatives":["",""],"id":1,"bpm":140},{"baseBeats":0.25,"scores":["8<g2[M],g2[M],g2[M]>,7<g2[M],g2[M],g2[M]>,6<g2[JK]>,g2[M],g2[M],g2[M],g2[M],g2[M],g2[M],g2[N],g2[N],g2[N],g2[N],g2[N],g2[N];",",T,g2[L],g2[L],T,T,g2[L],T,g2[L],T,g2[L],T,T,g2[L],T,g2[L],T,g2[L],T,T,g2[L],g2[L],T,T,g2[L],g2[L],T,T,g2[L],g2[L],T,T,g2[L],g2[L],T,T,g2[L],g2[L],T,T,g2[L],g2[L],T,T,g2[L],g2[L],T,T,g2[L],g2[L],T,T,g2[L],g2[L],T,g2[L],g2[L],T,T,g2[L],g2[L],T,T,g2[L],T,T,g2[L],g2[L],T,T,g2[L],g2[L],T,T,g2[L],g2[L],T,T,g2[L],g2[L],T,T,g2[L],g2[L],T,T,g2[L],g2[L],T,T,g2[L],g2[L],T,T,g2[L],g2[L],T,T,g2[L],g2[L],T,T,g2[L],T,T,g2[L],g2[L],T,T,g2[L],g2[L],T,T,g2[L],g2[L],T,T,g2[L],g2[L],T,T,g2[L],g2[L],T,g2[L],g2[L],T,T,g2[L],g2[L],T,T,g2[L],g2[L],T,T,g2[L],g2[L],T,T,g2[L],T,T,g2[L],g2[L],T,T,g2[L],g2[L],T,g2[L],T,T,g2[L],g2[L],T,T,g2[L],g2[L],T,T,T,g2[L],g2[L],T,T,g2[L],g2[L],T,T,g2[L],g2[L],g2[L],T,T,g2[L],g2[L],T,T,T,T,T,T,g2[L],g2[L],T,T,g2[L],g2[L],g2[L],T,T,T,T,T,g2[L],g2[L],T,T,g2[L],g2[L],T,T,g2[L],T,T,g2[L],T,T,g2[L],g2[L],T,g2[L],T,T,T,T,T,g2[L],T,g2[L],T,T,T,T,g2[L],T,g2[L],T,g2[L],T,g2[L],T,g2[L],T,g2[L],T,g2[L],T,g2[L],T,g2[L],T,g2[L],T,g2[L],T,T,g2[L],g2[L],T,T,g2[L],g2[L],T,T,g2[L],g2[L],T,g2[L],g2[L],T,T,g2[L],g2[L],T,;"],"instruments":["piano","piano"],"alternatives":["",""],"id":2,"bpm":148},{"baseBeats":0.25,"scores":["5<g2[M]>,5<g2[M]>,5<g2[M]>,5<g2[M]>,5<g2[M]>,5<g2[M]>,3<g2[M]>,3<g2[M]>,3<g2[M]>,3<g2[M]>,3<g2[M]>,3<g2[M]>,3<g2[M]>,3<g2[M]>,3<g2[M]>,3<g2[M]>,3<g2[M]>,TU,TU,TU,3<g2[M],g2[M],g2[M],g2[M],g2[M],g2[M],g2[M],g2[M],g2[M],g2[M],g2[M],g2[M]>,;",",T,g2[L],g2[L],T,T,g2[L],T,g2[L],T,g2[L],T,T,g2[L],T,g2[L],T,g2[L],T,T,g2[L],g2[L],T,T,g2[L],g2[L],T,T,g2[L],g2[L],T,T,g2[L],g2[L],T,T,g2[L],g2[L],T,T,g2[L],g2[L],T,T,g2[L],g2[L],T,T,g2[L],g2[L],T,T,g2[L],g2[L],T,g2[L],g2[L],T,T,g2[L],g2[L],T,T,g2[L],T,T,g2[L],g2[L],T,T,g2[L],g2[L],T,T,g2[L],g2[L],T,T,g2[L],g2[L],T,T,g2[L],g2[L],T,T,g2[L],g2[L],T,T,g2[L],g2[L],T,T,g2[L],g2[L],T,T,g2[L],g2[L],T,T,g2[L],T,T,g2[L],g2[L],T,T,g2[L],g2[L],T,T,g2[L],g2[L],T,T,g2[L],g2[L],T,T,g2[L],g2[L],T,g2[L],g2[L],T,T,g2[L],g2[L],T,T,g2[L],g2[L],T,T,g2[L],g2[L],T,T,g2[L],T,T,g2[L],g2[L],T,T,g2[L],g2[L],T,g2[L],T,T,g2[L],g2[L],T,T,g2[L],g2[L],T,T,T,g2[L],g2[L],T,T,g2[L],g2[L],T,T,g2[L],g2[L],g2[L],T,T,g2[L],g2[L],T,T,T,T,T,T,g2[L],g2[L],T,T,g2[L],g2[L],g2[L],T,T,T,T,T,g2[L],g2[L],T,T,g2[L],g2[L],T,T,g2[L],T,T,g2[L],T,T,g2[L],g2[L],T,g2[L],T,T,T,T,T,g2[L],T,g2[L],T,T,T,T,g2[L],T,g2[L],T,g2[L],T,g2[L],T,g2[L],T,g2[L],T,g2[L],T,g2[L],T,g2[L],T,g2[L],T,g2[L],T,T,g2[L],g2[L],T,T,g2[L],g2[L],T,T,g2[L],g2[L],T,g2[L],g2[L],T,T,g2[L],g2[L],T,;"],"instruments":["piano","piano"],"alternatives":["",""],"id":3,"bpm":156}],"audition":{"start":[1,0],"end":[1,43]}}