{"baseBpm":145,"musics":[{"bpm":145,"baseBeats":0.5,"scores":["(d1.g1)[K],g1[L],5<V,g1[M]>,(d1.#a1)[L],(d1.a1)[L],(d1.g1)[K],T,#a1[L],5<a1[M],#g1[M]>,(d1.g1)[K],(d1.g1)[K],(d1.g1)[K],g1[L],5<V,g1[M]>,(d1.#a1)[L],(d1.a1)[L],(d1.g1)[K],T,(g1.#a1)[L],a1[L],(d1.g1)[K],(d1.g1)[K],(d1.g1)[K],g1[L],5<V,g1[M]>,(d1.#a1)[L],(d1.a1)[L],(d1.g1)[K],T,(g1.#a1)[L],a1[L],(d1.g1)[K],(d1.g1)[K],(d1.g1)[K],g1[L],5<V,g1[M]>,(d1.#a1)[L],(d1.a1)[L],(d1.g1)[K],TU,(d1.#a1)[L],(d1.#a1)[L],(d1.#a1)[L],(d1.#a1)[K],(g1.#a1)[L],(g.g1)[KL],mute[KL],mute[KL],U,g1[L],(g1.c2)[L],d2[L],(g1.c2)[L],#a1[L],(g1.c2)[L],(g1.d2)[L],(g1.#a1)[K],T,(g1.#a1)[K],TU,(d1.#a1)[L],(d1.#a1)[L],(d1.#a1)[L],(d1.#a1)[K],(g1.#a1)[L],(g.g1)[KL],mute[KL],mute[KL],T,(d1.g1)[K],(c2.#d2)[L],(#a1.d2)[K],(d1.c2)[KL],mute[KL],mute[KL],U,(d1.#a1)[L],(d1.#a1)[L],(d1.#a1)[L],(d1.#a1)[K],(d1.g1)[K],g1[L],5<V,g1[M]>,(d1.#a1)[L],(d1.a1)[L],(d1.g1)[K],T,#a1[L],5<a1[M],#g1[M]>,(d1.g1)[K],(d1.g1)[K],(d1.g1)[K],g1[L],5<V,g1[M]>,(d1.#a1)[L],(d1.a1)[L],(d1.g1)[K],T,(g1.#a1)[L],a1[L],(d1.g1)[K],(d1.g1)[K],(d1.g1)[K],g1[L],5<Vg1[M]>,(d1.#a1)[L],(d1.a1)[L],(d1.g1)[K],T,#a1[L],5<a1[M],#g1[M]>,(d1.g1)[K],(d1.g1)[K],(d1.g1)[K],g1[L],5<V,g1[M]>,(d1.#a1)[L],(d1.a1)[L],(d1.g1)[K],T,(g1.#a1)[L],a1[L],(d1.g1)[K],(d1.g1)[KL],g1[L],(g1.c2)[L],d2[L],(g1.d2)[L],c2[L],(g1.c2)[L],#a1[L],(f1.#a1)[K],(f1.#a1)[K],(f1.#a1)[K],(f1.#a1)[K],T,(#d1.c2)[L],d2[L],(#d1.d2)[L],c2[L],(#d1.c2)[L],#a1[L],(#a1.d2)[K],(#a1.d2)[K],(c2.#d2)[K],(d2.f2)[JK],d2[L],#d2[L],d2[L],(a1.f2)[KL],f2[L],(a1.f2)[K],(d1.d2)[K],(#d1.c2)[K],TU,(#d1.d2)[J],mute[L],mute[L],mute[L],#a1[L],f2[L],f2[L],f2[L],d2[L],(g1.f2)[L],(#a1.d2)[K],(g1.f2)[L],(#a1.d2)[K],#a1[L],#a1[L],(d1.#a1)[L],c2[L],c2[L],c2[L],(d2.f2)[L],d2[L],(d1.c2)[L],(#d1.c2)[K],(#d1.#a1)[K],(#d1.#a1)[K],(#d1.c2)[K],(f1.c2)[K],T,#a1[L],f2[L],f2[L],f2[L],d2[L],","(G-1.g)[K],g[K],g[K],g[K],g[K],g[K],g[K],g[K],(G-1.g)[K],g[K],g[K],g[K],g[K],g[K],g[K],g[K],g[L],g[L],(G-1.g)[K],g[K],g[K],g[K],g[K],g[K],g[K],(G-1.g)[K],g[K],g[K],g[K],(G-1.g)[K],g[K],g[K],g[K],(G-1.d)[K],(G-1.d)[K],(G-1.d)[KL],(G-1.d)[KL],(G-1.d)[KL],(G-1.d)[L],(G-1.d)[K],(G-1.d)[K],(G-1.d)[K],(G-1.d)[KL],(G-1.d)[KL],(G-1.d)[KL],(G-1.d)[L],(G-1.d)[K],(G-1.d)[K],(G-1.d)[K],(G-1.d)[KL],(G-1.d)[KL],(G-1.d)[KL],(G-1.d)[L],(G-1.d)[K],(G-1.d)[K],(G-1.d)[K],(G-1.d)[KL],(G-1.d)[KL],(G-1.d)[KL],(G-1.d)[L],(G-1.d)[K],G-1[L],G-1[L],g[KL],g[KL],(g.G-1)[KL],g[KL],g[K],G-1[L],G-1[L],g[KL],g[KL],(g.G-1)[KL],g[KL],g[K],G-1[L],G-1[L],g[KL],g[KL],(g.G-1)[KL],g[KL],g[K],G-1[L],G-1[L],g[KL],g[KL],(g.G-1)[KL],g[KL],g[K],(G-1.d.g)[K],(G-1.d.g)[K],(G-1.d.g)[K],(G-1.d.g)[K],(D-1.A-1.d)[K],(D-1.A-1.d)[K],(D-1.A-1.d)[K],(D-1.A-1.d)[K],(#D-1.#A-1.#d)[K],(#D-1.#A-1.#d)[K],(#D-1.#A-1.#d)[K],(#D-1.#A-1.#d)[K],(F-1.c.f)[K],(F-1.c.f)[K],(F-1.c.f)[K],(F-1.c.f)[K],(G-1.d.g)[L],(G-1.d.g)[L],(G-1.d.g)[L],(G-1.d.g)[L],(G-1.d.g)[L],(G-1.d.g)[L],(G-1.d.g)[L],(G-1.d.g)[L],(D-1.A-1.d)[L],(D-1.A-1.d)[L],(D-1.A-1.d)[L],(D-1.A-1.d)[L],(D-1.A-1.d)[L],(D-1.A-1.d)[L],(D-1.A-1.d)[L],(D-1.A-1.d)[L],(#D-1.#A-1.#d)[L],(#D-1.#A-1.#d)[L],(#D-1.#A-1.#d)[L],(#D-1.#A-1.#d)[L],(#D-1.#A-1.#d)[L],(#D-1.#A-1.#d)[L],(#D-1.#A-1.#d)[L],(#D-1.#A-1.#d)[L],(F-1.c.f)[L],(F-1.c.f)[L],(F-1.c.f)[JK],(G-1.d.g)[J],(G-1.d.g)[KL],(D-1.A-1.d)[KL],(D-1.A-1.d)[KL],(D-1.A-1.d)[L],(D-1.A-1.d)[K],(#D-1.#A-1.#d)[J],(#D-1.#A-1.#d)[KL],(F-1.c.f)[KL],(F-1.c.f)[KL],(F-1.c.f)[L],(F-1.c.f)[K],"],"id":1},{"bpm":150,"baseBeats":0.5,"scores":["(g1.f2)[L],(#a1.d2)[K],(g1.f2)[L],(#a1.d2)[K],#a1[L],#a1[L],f2[L],#d2[L],d2[L],(d1.c2)[K],#a1[L],d2[L],(#d1.c2)[K],#a1[L],d2[L],(#d1.c2)[K],#a1[L],#a1[L],(f1.c2)[K],d2[L],(f1.c2)[J],#a1[L],c2[L],(g1.d2)[L],(g1.d2)[L],(g1.d2)[L],(d2.f2)[K],d2[L],d2[L],(d1.c2)[JKL],#a1[L],c2[L],(#d1.d2)[L],(#d1.d2)[L],(#d1.d2)[L],(d2.f2)[K],d2[L],d2[L],(f1.c2)[JKL],#a1[L],c2[L],(g1.d2)[L],(g1.d2)[L],(g1.d2)[L],(#a1.g2)[K],d2[L],d2[L],(d1.c2)[JK],#a1[L],d2[L],(#d1.c2)[K],#a1[L],d2[L],(#d1.c2)[K],#a1[L],#a1[L],(f1.c2)[J],(f1.#a1)[L],(f1.#a1)[K],(f1.#a1)[K],#a1[L],g1[L],ST,mute[K],U,g1[L],(g1.d2)[L],c2[L],(#a1.d2)[K],(#a1.d2)[K],(d1.d2)[L],c2[L],(d1.d2)[L],c2[L],(d1.g1)[KL],g1[L],(#a1.d2)[L],c2[L],(a1.d2)[L],c2[L],(g1.d2)[L],c2[L],(f1.d2)[L],c2[L],(#d1.d2)[L],c2[L],(d1.d2)[L],c2[L],g1[KL],g1[L],(g1.d2)[L],c2[L],(g1.c2)[K],(g1.c2)[K],(f1.c2)[L],#a1[L],(#d1.#a1)[L],a1[L],(d1.a1)[L],(d1.g1)[K],a1[L],(g1.c2)[K],(d1.g1)[K],(d1.g1)[K],g1[L],f1[L],(d1.f1)[L],g1[L],(d1.g1)[J],T,mute[L],(c2.f2)[L],(c2.f2)[L],(c2.f2)[L],(c2.f2)[L],(#a1.d2)[K],#a1[L],(d2.f2)[L],(d2.f2)[L],(d2.f2)[L],f2[L],(d2.f2)[L],(#a1.d2)[K],#a1[L],(#d1.c2)[L],d2[L],(#d1.c2)[L],#a1[L],(#d1.#a1)[K],#a1[L],#a1[L],(#d1.c2)[L],d2[L],(#d1.c2)[L],#a1[L],(#d1.#a1)[K],#d2[L],(g1.d2)[K],(c2.f2)[L],(c2.f2)[L],(c2.f2)[L],(c2.f2)[L],(#a1.d2)[K],#a1[L],(d2.f2)[L],(d2.f2)[L],(d2.f2)[L],d2[L],(d2.f2)[L],g2[L],(d2.f2)[L],(#d1.d2)[K],g1[L],(#d1.#a1)[L],g1[L],(#d1.#a1)[L],g1[L],(#d1.#a1)[K],(f1.c2)[KL],#a1[L],f2[L],f2[L],f2[L],d2[L],(g1.f2)[L],(#a1.d2)[K],(g1.f2)[L],(#a1.d2)[K],#a1[L],#a1[L],(d1.#a1)[L],c2[L],c2[L],c2[L],(d2.f2)[L],d2[L],(d1.c2)[L],(#d1.c2)[K],(#d1.#a1)[K],(#d1.#a1)[K],(#d1.c2)[K],(f1.c2)[K],T,#a1[L],f2[L],f2[L],f2[L],d2[L],(g1.f2)[L],(#a1.d2)[K],(g1.f2)[L],(#a1.d2)[K],#a1[L],#a1[L],f2[L],#d2[L],d2[L],(d1.c2)[K],#a1[L],d2[L],(#d1.c2)[K],#a1[L],d2[L],(#d1.c2)[K],#a1[L],#a1[L],(f1.c2)[K],d2[L],(f1.c2)[J],#a1[L],c2[L],","(G-1.d.g)[J],(G-1.d.g)[KL],(D-1.A-1.d)[KL],(D-1.A-1.d)[KL],(D-1.A-1.d)[L],(D-1.A-1.d)[K],(#D-1.#A-1.#d)[J],(#D-1.#A-1.#d)[KL],(F-1.c.f)[KL],(F-1.c.f)[KL],(F-1.c.f)[L],(F-1.c.f)[K],(G-1.d.g)[J],(G-1.d.g)[KL],(D-1.A-1.d)[KL],(D-1.A-1.d)[KL],(D-1.A-1.d)[L],(D-1.A-1.d)[K],(#D-1.#A-1.#d)[J],(#D-1.#A-1.#d)[KL],(F-1.c.f)[KL],(F-1.c.f)[KL],(F-1.c.f)[L],(F-1.c.f)[K],(G-1.d.g)[J],(G-1.d.g)[KL],(D-1.A-1.d)[KL],(D-1.A-1.d)[KL],(D-1.A-1.d)[L],(D-1.A-1.d)[K],(#D-1.#A-1.#d)[J],(#D-1.#A-1.#d)[KL],(F-1.c.f)[KL],(F-1.c.f)[KL],(F-1.c.f)[L],(F-1.c.f)[K],(G-1.d.g)[I],G-1[L],G-1[L],g[KL],g[KL],(g.G-1)[KL],g[KL],g[K],G-1[L],G-1[L],g[KL],g[KL],(g.G-1)[KL],g[KL],g[K],G-1[L],G-1[L],g[KL],g[KL],(g.G-1)[KL],g[KL],g[K],G-1[L],G-1[L],g[KL],g[KL],(g.G-1)[KL],g[KL],g[K],(C-1.G-1.c)[K],(C-1.G-1.c)[K],(C-1.G-1.c)[K],(C-1.G-1.c)[K],(D-1.A-1.d)[K],(D-1.A-1.d)[K],(D-1.A-1.d)[K],(D-1.A-1.d)[K],(#D-1.#A-1.#d)[K],(#D-1.#A-1.#d)[K],(#D-1.#A-1.#d)[K],(#D-1.#A-1.#d)[K],(#D-1.#A-1.#d)[K],(#D-1.#A-1.#d)[K],(#D-1.#A-1.#d)[K],(#D-1.#A-1.#d)[K],(C-1.G-1.c)[L],(C-1.G-1.c)[L],(C-1.G-1.c)[L],(C-1.G-1.c)[L],(C-1.G-1.c)[L],(C-1.G-1.c)[L],(C-1.G-1.c)[L],(C-1.G-1.c)[L],(D-1.A-1.d)[L],(D-1.A-1.d)[L],(D-1.A-1.d)[L],(D-1.A-1.d)[L],(D-1.A-1.d)[L],(D-1.A-1.d)[L],(D-1.A-1.d)[L],(D-1.A-1.d)[L],(#D-1.#A-1.#d)[L],(#D-1.#A-1.#d)[L],(#D-1.#A-1.#d)[L],(#D-1.#A-1.#d)[L],(#D-1.#A-1.#d)[L],(#D-1.#A-1.#d)[L],(#D-1.#A-1.#d)[L],(#D-1.#A-1.#d)[L],(F-1.c.f)[L],(F-1.c.f)[L],(F-1.c.f)[JK],(G-1.d.g)[J],(G-1.d.g)[KL],(D-1.A-1.d)[KL],(D-1.A-1.d)[KL],(D-1.A-1.d)[L],(D-1.A-1.d)[K],(#D-1.#A-1.#d)[J],(#D-1.#A-1.#d)[KL],(F-1.c.f)[KL],(F-1.c.f)[KL],(F-1.c.f)[L],(F-1.c.f)[K],(G-1.d.g)[J],(G-1.d.g)[KL],(D-1.A-1.d)[KL],(D-1.A-1.d)[KL],(D-1.A-1.d)[L],(D-1.A-1.d)[K],(#D-1.#A-1.#d)[J],(#D-1.#A-1.#d)[KL],(F-1.c.f)[KL],(F-1.c.f)[KL],(F-1.c.f)[L],(F-1.c.f)[K],"],"id":2},{"bpm":155,"baseBeats":0.5,"scores":["(g1.d2)[L],(g1.d2)[L],(g1.d2)[L],(d2.f2)[K],d2[L],d2[L],(d1.c2)[JKL],#a1[L],c2[L],(#d1.d2)[L],(#d1.d2)[L],(#d1.d2)[L],(d2.f2)[K],d2[L],d2[L],(f1.c2)[JKL],#a1[L],c2[L],(g1.d2)[L],(g1.d2)[L],(g1.d2)[L],(#a1.g2)[K],d2[L],d2[L],(d1.c2)[JK],#a1[L],d2[L],(#d1.c2)[K],#a1[L],d2[L],(#d1.c2)[K],#a1[L],#a1[L],(f1.c2)[J],(f1.#a1)[L],(f1.#a1)[K],(f1.#a1)[K],#a1[L],g1[L],g1[L],5<V,g1[M]>,(d1.#a1)[L],(d1.a1)[L],(d1.g1)[K],T,#a1[L],5<a1[M],#g1[M]>,(d1.g1)[K],(d1.g1)[K],(d1.g1)[K],g1[L],5<V,g1[M]>,(d1.#a1)[L],(d1.a1)[L],(d1.g1)[K],T,(g1.#a1)[L],a1[L],(d1.g1)[K],(d1.g1)[K],(d1.g1)[K],g1[L],5<V,g1[M]>,(d1.#a1)[L],(d1.a1)[L],(d1.g1)[K],T,#a1[L],5<a1[M],#g1[M]>,(d1.g1)[K],(d1.g1)[K],(d1.g1)[K],g1[L],5<V,g1[M]>,#a1[L],a1[L],g1[K],T,(g1.#a1)[L],a1[L],(d1.g1)[K],(d1.g1)[K],(c1.g1)[K],a1[L],(c1.#a1)[K],(c1.c2)[K],(d1.d2)[KL],#d2[L],(d1.d2)[K],(d1.c2)[K],(#d1.c2)[JL],(#a1.d2)[J],mute[J],mute[KL],mute[L],mute[K],mute[K],(c2.#d2)[L],f2[L],f2[L],(d2.f2)[K],f2[K],f2[K],d2[K],(#d2.a2)[JL],(#d2.#a2)[J],mute[L],mute[L],mute[L],(d1.#a1)[L],(d1.#a1)[L],(d1.#a1)[L],(d1.#a1)[K],(g1.#a1)[L],(#a.g1)[KL],mute[KL],mute[KL],U,g1[L],(g1.c2)[L],d2[L],(g1.c2)[L],#a1[L],(g1.c2)[L],(g1.d2)[L],(g1.#a1)[K],T,(g1.#a1)[J],U,(d1.#a1)[L],(d1.#a1)[L],(d1.#a1)[L],(d1.#a1)[K],(g1.#a1)[L],(#a.g1)[KL],mute[LK],mute[LK],T,(d1.g1)[K],(c2.#d2)[L],(#a1.d2)[K],(d1.c2)[KL],mute[LK],mute[LK],U,(d1.#a1)[L],(d1.#a1)[L],(d1.#a1)[L],(d1.#a1)[K],(g1.#a1)[L],(#a.g1)[K],U,(g1.d2)[K],(g1.d2)[L],c2[L],(g1.c2)[L],d2[L],(g1.d2)[L],g1[L],(g1.c2)[L],d2[L],(g1.c2)[L],#a1[L],(d1.c2)[L],(g1.d2)[K],U,(#a1.d2)[K],(#a1.d2)[L],(g1.#a1)[L],(d1.#a1)[L],c2[L],(d1.c2)[L],#a1[L],(d1.#a1)[L],#a1[L],(d1.#a1)[K],(g1.#a1)[L],(#a.g1)[K],U,(#a1.d2)[K],(g1.d2)[L],(g1.#a1)[L],(g1.#a1)[L],g1[L],(d1.g1)[L],d1[L],(d1.g1)[K],(c2.#d2)[L],(#a1.d2)[K],(d1.c2)[K],U,(g1.d2)[K],(#a1.d2)[L],(d1.c2)[L],(g1.c2)[L],#a1[L],(d1.a1)[L],#a1[L],(d1.#a1)[L],#a1[L],(g1.#a1)[K],#a1[L],g1[JKL],","(G-1.d.g)[J],(G-1.d.g)[KL],(D-1.A-1.d)[KL],(D-1.A-1.d)[KL],(D-1.A-1.d)[L],(D-1.A-1.d)[K],(#D-1.#A-1.#d)[J],(#D-1.#A-1.#d)[KL],(F-1.c.f)[KL],(F-1.c.f)[KL],(F-1.c.f)[L],(F-1.c.f)[K],(G-1.d.g)[J],(G-1.d.g)[KL],(D-1.A-1.d)[KL],(D-1.A-1.d)[KL],(D-1.A-1.d)[L],(D-1.A-1.d)[K],(#D-1.#A-1.#d)[J],(#D-1.#A-1.#d)[KL],(F-1.c.f)[KL],(F-1.c.f)[KL],(F-1.c.f)[L],(F-1.c.f)[K],(G-1.g)[K],g[K],g[K],g[K],g[K],g[K],g[K],g[K],(G-1.g)[K],g[K],g[K],g[K],g[K],g[K],g[K],g[K],g[L],g[L],(G-1.g)[K],g[K],g[K],g[K],g[K],g[K],g[K],(G-1.g)[K],g[K],g[K],g[K],g[I],C-1[J],(G-1.#A-1)[KL],C-1[L],D-1[J],(A-1.c)[KL],D-1[L],#D-1[J],(#A-1.d)[KL],#D-1[L],#D-1[J],(#A-1.d)[KL],#D-1[L],(C-1.G-1.c)[K],(C-1.G-1.c)[K],(C-1.G-1.c)[K],(C-1.G-1.c)[K],(D-1.A-1.d)[K],(D-1.A-1.d)[K],(D-1.A-1.d)[K],(D-1.A-1.d)[K],(#D-1.#A-1.#d)[L],(#D-1.#A-1.#d)[L],(#D-1.#A-1.#d)[L],(#D-1.#A-1.#d)[L],(#D-1.#A-1.#d)[L],(#D-1.#A-1.#d)[L],(#D-1.#A-1.#d)[L],(#D-1.#A-1.#d)[L],(F-1.c.f)[L],(F-1.c.f)[L],(F-1.c.f)[L],(F-1.c.f)[L],(F-1.c.f)[L],(F-1.c.f)[L],(F-1.c.f)[K],(G-1.d.g)[L],(G-1.d.g)[L],(G-1.d.g)[K],(G-1.d.g)[KL],(G-1.d.g)[KL],(G-1.d.g)[KL],(G-1.d.g)[L],(G-1.d.g)[L],(G-1.d.g)[L],(G-1.d.g)[L],(G-1.d.g)[L],(G-1.d.g)[K],(G-1.d.g)[KL],(G-1.d.g)[KL],(G-1.d.g)[KL],(G-1.d.g)[L],(G-1.d.g)[K],(G-1.d.g)[L],(G-1.d.g)[L],(G-1.d.g)[K],(G-1.d.g)[KL],(G-1.d.g)[KL],(G-1.d.g)[KL],(G-1.d.g)[L],(G-1.d.g)[L],(G-1.d.g)[L],(G-1.d.g)[L],(G-1.d.g)[L],(G-1.d.g)[K],(G-1.d.g)[KL],(G-1.d.g)[KL],(G-1.d.g)[KL],(G-1.d.g)[L],(G-1.d.g)[K],(G-1.d.g)[L],(G-1.d.g)[L],(G-1.d.g)[K],(G-1.d.g)[KL],(G-1.d.g)[KL],(G-1.d.g)[KL],(G-1.d.g)[L],(G-1.d.g)[L],(G-1.d.g)[L],(G-1.d.g)[L],(G-1.d.g)[L],(G-1.d.g)[K],(G-1.d.g)[KL],(G-1.d.g)[KL],(G-1.d.g)[KL],(G-1.d.g)[L],(G-1.d.g)[L],(G-1.d.g)[L],(G-1.d.g)[L],(G-1.d.g)[L],(G-1.d.g)[K],(G-1.d.g)[KL],(G-1.d.g)[KL],(G-1.d.g)[KL],(G-1.d.g)[L],(G-1.d.g)[L],(G-1.d.g)[L],(G-1.d.g)[L],(G-1.d.g)[L],(G-1.d.g)[K],(G-1.d.g)[KL],(G-1.d.g)[KL],(G-1.d.g)[KL],(G-1.d.g)[L],(G-1.d.g)[L],(G-1.d.g)[IL],"],"id":3}]}