{"baseBpm":112,"musics":[{"bpm":112,"baseBeats":0.25,"scores":["g2[LMO],b2[LMO],d3[LMO],#f3[LMO],(e2.g3)[LMO],#f3[LMO],d3[LMO],b2[LMO],(g2.c2)[LMO],c3[LMN],d3[LMNO],g3[LMNO],(d2.d3)[JKMNO],g1[LM],a1[LM],G-1[M],d[M],g[M],b[M],g1[JKN],b1[LM],d2[LM],#f2[LM],g2[LM],#f2[MNO],e2[M],d2[MNO],e2[KMO],d2[KLNO],B-1[MO],d[MO],g[MO],d1[LO],a2[KN],g2[L],g2[LN],#f2[LM],g2[LM],#f2[MN],e2[M],d2[M],b1[M],e2[LMN],d2[KLM],c[MO],g[MO],c1[MO],e1[LO],c2[LM],e2[LN],g2[LNO],a2[LMO],b2[LMN],a2[LM],g2[L],5<W,d2[N]>,e2[KL],#d[MO],g[MO],c1[MO],g1[LO],b2[KN],d3[M],5<W,a2[N]>,g2[LM],g2[L],5<W,g2[N]>,a2[LM],g2[K],#d2[KLMN],d[LM],b[M],d1[M],g1[L],g2[K],a2[LN],#f2[LMN],g2[LM],e2[LM],#f2[LM],(B-1.e2)[MN],5<W,a[N]>,b[M],(#d2.#f1)[KLN],e[L],b[M],e1[M],g1[M],b2[K],a2[MN],5<b2[N],a2[N]>,g2[LMN],#f2[L],e2[LM],#f2[LM],6<e2[NO],#d[NO],g[NO],c1[NO],(g1.#d2)[JL]>,d[MN],6<b[NO],d1[NO],g1[NO],d2[LMNO]>,e2[M],d2[M],g2[LM],d3[LM],5<W,e[N]>,5<b[N],d1[N]>,5<(c3.#g1)[N],d3[N]>,c3[LMN],5<e1[N],#g1[N]>,5<e2[N],#g2[N]>,5<e3[N],e4[N]>,STUVWX,(a.c1.e1.g1.b2)[KL],b2[M],a2[M],g2[M],e2[M],g2[KM],e2[KMO],d[MN],6<a[NO],c1[NO],#d1[NO],(#d2.g1)[JM]>,(c2.a2)[IN],g2[LM],(g2.d2.b1)[LM],(g1.b1.g2.d2)[M],(b1.d2.g2)[M],(g2.d2.b1)[M],(d1.g2.d2.b1)[M],(b1.d2.g2)[M],(g2.d2.b1)[M],(b.g2.d2.b1)[M],(g2.d2.b1)[M],(g2.d2.b1)[M],(e1.g2.e2.b1)[M],(b1.e2.g2)[M],(g2.e2.b1)[M],(b.g2.e2.b1)[M],(g2.e2.b1)[M],(g2.e2.b1)[M],(g.g2.e2.b1)[M],(g2.e2.b1)[M],(g2.e2.b1)[M],(e.b1.e2.g2)[M],(g2.e2.b1)[M],(b1.e2.g2)[M],(c1.g2.e2.c2)[M],(g2.e2.c2)[M],(g2.e2.c2)[M],(g.c2.e2.g2)[M],(g2.e2.c2)[M],(c2.e2.g2)[M],(e.g2.e2.c2)[M],(c2.e2.g2)[M],(g2.e2.c2)[M],(c.g2.e2.c2)[M],(g2.e2.c2)[M],(g2.e2.c2)[M],(g2.e2.c2)[LM],(d2.d1.D-1.d)[M],(D-1.d.d2.d1)[M],V,(d2.d1.D-1.d)[M],(D-1.d.d2.d1)[M],V,(d1.D-1.d.d2)[M],8<(d.D-1.g4.f4.e4.d4.c4.b3~a3~g3~f3~e3~d3~c3~b2~a2~g2~f2~e2~d2~c2)[LMN]>,"],"id":1,"instruments":["piano"],"alternatives":[""]},{"bpm":112,"baseBeats":0.25,"scores":["(g1.G-2.G-1)[L],g[M],(G-2.G-1.d1.b.g1.b1)[L],g[M],(d2.g1.G-2.G-1)[L],g[M],(#f2.b1.d1.b.G-1.G-2)[L],(g.g2.b1)[M],(G-2.G-1)[L],(g.#f2.b1)[M],(G-2.G-1.d1.b)[L],(b1.e2.g)[M],(G-1.G-2)[L],(g.d2.b1)[M],(d1.b.G-1.G-2)[L],g[M],(a2.b1.G-1.G-2)[L],g[M],(b.d1.G-1.G-2.b1.g2)[L],g[M],(b1.g2.G-2.G-1)[L],(b1.#f2.g)[M],(G-2.G-1.b.d1)[L],(b1.g2.g)[M],(G-2.G-1)[L],(b.g.b1.#f2)[M],(A-2.A-1)[L],(a.c1.e2.b1)[M],(b1.#A-1.#A-2.d2)[L],(#c1.#a)[M],(B-1.B-2)[L],(d1.b)[M],(c.C-1)[L],g[M],(e2.c2.C-1.c.c1.e1)[L],g[M],(g2.c2.c.C-1)[L],g[M],(e1.c1.c.C-1.a2.c2)[L],(g.b2.c2)[M],(C-1.c)[L],(g.a2.c2)[M],(c.C-1.c1.e1)[L],(g.g2.c2)[M],(C-1.c)[L],(g.e2.c2)[M],(e1.c1.c.C-1)[L],(d.D-1)[M],(#d.#D-1.c2)[L],g[M],(c2.#d2.#D-1.#d.#d1.c1)[L],(g2.c2.g)[M],(#D-1.#d)[L],g[M],(#d.#D-1.#d1.c1.a2.c2)[L],(#a2.c2.g)[M],(#D-1.#d)[L],(c2.a2.g)[M],(#D-1.#d.#d1.c1)[L],(f2.c2.g)[M],(#D-1.#d)[L],(c2.#d2.g)[M],(c1.#d1.#D-1.#d)[L],g[M],(a2.b1.G-1.G-2)[L],g[M],(G-2.G-1.d1.b.b1.g2)[L],(#f2.b1.g)[M],(G-2.G-1)[L],g[M],(G-2.G-1.b.d1.#f2.b1)[L],(b1.g2.g)[M],(G-2.G-1)[L],(#f2.b1.g)[M],(b.d1.G-1.G-2)[L],(g.b1.e2)[M],(G-1.G-2)[L],(g.b1.d2)[M],(G-2.G-1.b.d1)[L],g[M],(G-1.G-2.g1)[L],g[M],(g1.b1.b.d1.G-1.G-2)[L],(d2.g1.g)[M],(G-1.G-2)[L],(b1.#f2.g)[M],(d1.b.G-1.G-2)[L],(b1.g2.g)[M],(G-2.G-1)[L],(#f2.b1.g.b)[M],(A-1.A-2)[L],(c1.a.b1.e2)[M],(b1.#A-2.#A-1.d2)[L],(#a.#c1)[M],(B-1.B-2)[L],(d1.b)[M],(c.C-1)[L],g[M],(C-1.c.c1.e1.b2.e2)[L],(e2.b2.g)[M],(e2.b2.C-1.c)[L],g[M],(a2.e2.e1.c1.c.C-1)[L],(e2.b2.g)[M],(c.C-1)[L],(e2.a2.g)[M],(c.C-1.c1.e1)[L],(g.g2.e2)[M],(C-1.c)[L],(g.e2)[M],(e1.c1.c.C-1)[L],(D-1.d)[M],(c2.#d.#D-1)[L],g[M],(#d2.c2.#D-1.#d.#d1.c1)[L],(g.c2.g2)[M],(#D-1.#d)[L],g[M],(a2.c2.#d.#D-1.#d1.c1)[L],(g.#a2.c2)[M],(#d.#D-1)[L],(g.c2.a2)[M],(c1.#d1.#d.#D-1)[L],(g.c2.f2)[M],(#d.#D-1)[L],(g.#d2.c2)[M],(#d.#D-1.#d1.c1)[L],g[M],(G-2.G-1.g2.b1)[L],g[M],(b1.a2.b.d1.G-2.G-1)[L],g[M],(G-2.G-1.#f2.b1)[L],g[M],(b.d1.G-1.G-2.b1.g2)[L],(g.e2.b1)[M],(G-1.G-2)[L],(g.#f2.b1)[M],(b.d1.G-2.G-1)[L],(c2.#d2.g)[M],(B-1.B-2)[L],#f[M],(a.#d1.B-1.B-2)[L],#f[M],(b1.g2.E-1.e)[L],g[M],(e1.b.e.E-1.b1.a2)[L],g[M],(E-1.e.#f2.b1)[L],g[M],(b1.g2.e.E-1.b.e1)[L],(b1.e2.g)[M],(e.E-1)[L],(g.#f2.b1)[M],(E-1.e.b.e1)[L],(g.#d2.c2)[M],(#d.#D-1)[L],g[M],(c1.#d.#D-1.#d1)[L],g[M],(d.D-1.d2.b1)[L],g[M],(d1.b.D-1.d.e2.b1)[L],g[M],(g2.b1.d.D-1)[L],(g.d3.d2)[M],(D-1.d.b.d1)[L],(g.e2.c3)[M],(e.E-1)[L],(d3.e2.#g)[M],(c3.e2.E-1.e.b.d1)[L],#g[M],(E-1.e)[L],#g[M],(d1.b.#G-2.#G-1)[L],#g[M],(A-1.A-2.c2.b2)[L],g[M],(A-2.A-1.c1.e1.a2.c2)[L],g[M],(A-1.A-2.g2.c2)[L],g[M],(A-1.A-2.c1.e1.e2.c2)[L],g[M],(c2.#d2.d.D-1)[L],g[M],(c2.a2.c1.#d1.d.D-1)[L],g[M],(D-1.d)[L],g[M],(c1.#d1.D-1.d.b2.c2)[L],g[M],(a2.b1.G-2.G-1)[L],(b1.g2.g)[M],(G-2.G-1.b.d1)[L],g[M],(G-1.G-2)[L],g[M],(d1.b.G-2.G-1)[L],g[M],(E-2.E-1)[L],g[M],(e1.b.E-2.E-1)[L],g[M],(E-1.E-2)[L],g[M],(E-2.E-1.b.e1)[L],g[M],(b2.g2.A-1.A-2)[L],a[M],(A-2.A-1.c1.e1)[L],a[M],(A-2.A-1)[L],(d3.b2.a)[M],(e1.c1.A-2.A-1.b2.g2)[L],a[M],(g2.b2)[L],(D-1.d)[M],(d.D-1)[M],V,(d.D-1.a2.#f2)[M],(D-1.d)[M],V,(e2.g2.d.D-1)[M],(d.D-1)[M],V,(a2.#f2)[M],(G-1.G-2.b1.b2)[L],g[M],(b1.a2.G-2.G-1.d1.b)[L],g[M],(g2.b1.G-2.G-1)[L],g[M],(b1.#f2.G-2.G-1.b.d1)[L],(g2.b1.g)[M],(G-2.G-1)[L],(g.#f2.b1)[M],(G-2.G-1.d1.b)[L],(b1.e2.g)[M],(G-2.G-1)[L],(d2.b1.g)[M],(G-2.G-1.b.d1)[L],g[M],(b1.a2.G-2.G-1)[L],g[M],(b1.g2.b.d1.G-1.G-2)[L],(g.#f2.b1)[M],(G-1.G-2)[L],g[M],(b1.#f2.G-2.G-1.b.d1)[L],(b1.g2.g)[M],(G-2.G-1)[L],(g.b.b1.#f2)[M],(A-1.A-2)[L],(e2.b1.c1.a)[M],(b1.d2.#A-2.#A-1)[L],(#c1.#a)[M],(B-1.B-2)[L],(b.d1)[M],(c.C-1)[L],g[M],(d3.e2.C-1.c.c1.e1)[L],(b2.e2.g)[M],(c.C-1.e2.a2)[L],(g.e2.a2)[M],(e1.c1.c.C-1)[L],(g.e2.b2)[M],(c.C-1)[L],(e3.e2.g)[M],(c.C-1.c1.e1)[L],(e2.g2.g)[M],(c.C-1)[L],(e2.g2.g)[M],(e1.c1.c.C-1)[L],(D-1.d)[M],(#d.#D-1.#d2.b2)[L],g[M],(d3.#d2.#D-1.#d.#d1.c1)[L],(g.g2.#d2)[M],(#D-1.#d)[L],g[M],(#d2.g2.c1.#d1.#D-1.#d)[L],(g.a2.#d2)[M],(#D-1.#d)[L],(#d2.g2.g)[M],(#D-1.#d.#d1.c1)[L],(c2.#d2.g)[M],(#D-1.#d)[L],g[M],(c1.#d1.#D-1.#d)[L],g[M],(G-1.G-2.a2.b1)[L],g[M],(b.d1.G-1.G-2.b1.g2)[L],(g.b1.#f2)[M],(G-2.G-1)[L],g[M],(#f2.b1.d1.b.G-1.G-2)[L],(b1.g2.g)[M],(G-2.G-1)[L],(g.#f2.b1)[M],(b.d1.G-1.G-2)[L],(g.e2.b1)[M],(G-1.G-2)[L],(g.b1.d2)[M],(d1.b.G-1.G-2)[L],g[M],(g1.G-2.G-1)[L],g[M],(b1.g1.G-2.G-1.d1.b)[L],(g.d2.g1)[M],(G-2.G-1)[L],(g.#f2.b1)[M],(G-2.G-1.b.d1)[L],(g2.b1.g)[M],(G-2.G-1)[L],(b1.#f2.b.g)[M],(A-1.A-2)[L],(c1.a.b1.e2)[M],(b1.d2.#A-1.#A-2)[L],(#a.#c1)[M],(B-1.B-2)[L],(b.d1)[M],(c.C-1)[L],g[M],(e2.d3.C-1.c.c1.e1)[L],(g.b2.e2)[M],(b2.e2.C-1.c)[L],(e2.a2.g)[M],(e1.c1.c.C-1)[L],(g.b2.e2)[M],(c.C-1)[L],(e3.e2.g)[M],(c.C-1.c1.e1)[L],(g.a2.e2)[M],(c.C-1)[L],(g.g2.e2)[M],(e1.c1.c.C-1)[L],(d.D-1)[M],(#D-1.#d.c2)[L],g[M],(c2.#d2.c1.#d1.#d.#D-1)[L],(c2.g2.g)[M],(#D-1.#d)[L],g[M],(a2.c2.c1.#d1.#D-1.#d)[L],(#a2.c2.g)[M],(#d.#D-1)[L],(c2.a2.g)[M],(#D-1.#d.#d1.c1)[L],(c2.f2.g)[M],(#D-1.#d)[L],(#d2.c2.g)[M],(#d.#D-1.#d1.c1)[L],g[M],(g2.b1.G-1.G-2)[L],g[M],(a2.b1.b.d1.G-2.G-1)[L],g[M],(G-1.G-2.b1.#f2)[L],g[M],(G-2.G-1.d1.b.b1.g2)[L],(b1.e2.g)[M],(G-2.G-1)[L],(g.#f2.b1)[M],(G-1.G-2.d1.b)[L],(g.c2.#d2)[M],(B-1.B-2)[L],#f[M],(B-2.B-1.#d1.a)[L],#f[M],(b2.b1.E-2.E-1)[L],g[M],(a2.b1.e1.b.E-1.E-2)[L],(g2.b1.g)[M],(E-1.E-2)[L],g[M],(b1.#f2.e1.b.E-2.E-1)[L],(e2.b1.g)[M],(E-1.E-2)[L],(g.#f2.b1)[M],(E-2.E-1.b.e1)[L],(g.#d2.c2)[M],(#D-1.#D-2)[L],g[M],(c1.#D-1.#D-2.#d1)[L],g[M],(b1.d2.d.D-1)[L],g[M],(b1.e2.d.D-1.b.d1)[L],g[M],(g2.b1.D-1.d)[L],(g.d2.d3)[M],(D-1.d.b.d1)[L],(g.c3.e2)[M],(e.E-1)[L],(d3.e2.#g)[M],(e2.c3.E-1.e.b.d1)[L],#g[M],(e.E-1)[L],(#g.c3)[M],(c3.#G-1.#G-2.b.d1)[L],(d3.#g)[M],(A-1.A-2.b2.c2)[L],g[M],(A-2.A-1.c1.e1.c2.a2)[L],g[M],(c2.g2.A-1.A-2)[L],g[M],(e2.c2.A-1.A-2.c1.e1)[L],g[M],(c2.#d2.D-1.d)[L],g[M],(a2.c2.c1.#d1.d.D-1)[L],g[M],(D-1.d)[L],g[M],(c2.b2.c1.#d1.D-1.d)[L],g[M],(G-1.G-2.b1.a2)[L],(b1.g2.g)[M],(G-2.G-1.b.d1)[L],g[M],(G-2.G-1)[L],g[M],(d1.b.G-2.G-1)[L],g[M],(E-1.E-2)[L],g[M],(e1.b.E-2.E-1)[L],g[M],(E-1.E-2)[L],g[M],(e1.b.E-1.E-2)[L],g[M],(A-1.A-2.g2.b2)[L],a[M],(e1.c1.A-1.A-2)[L],a[M],(A-2.A-1)[L],(b2.d3.a)[M],(g2.b2.A-1.A-2.c1.e1)[L],a[M],(g2.b2)[L],(d.D-1)[M],(d.D-1)[M],V,(a2.D-1.d.#f2)[M],(D-1.d)[M],V,(D-1.d)[M],(d.D-1.d3)[M],U,(#d2.b2.B-2)[M],B-1[M],#d[M],#f[M],a[M],b[M],(#d2.b2.B-2)[M],B-1[M],#f[M],(a.#d2.b2)[M],b[M],(#d1.c3.#d2)[M],B-2[M],B-1[M],(a.#d2.b2)[M],b[M],#d1[M],(a2.#d2.#f1)[M],B-2[M],B-1[M],(#f.#d2.g2)[M],a[M],b[M],(#d2.g2.#d1)[M],(E-1.e2.b1)[M],B-1[M],e[M],(g.b1.#f2)[M],b[M],(e1.g2.b1)[M],E-1[M],e[M],(a2.b1.g)[M],b[M],e1[M],(g1.a2.b1)[M],E-1[M],B-1[M],e[M],(b1.g2.g)[M],b[M],e1[M],E-1[M],e[M],g[M],b[M],e1[M],g1[M],B-2[M],B-1[M],#d[M],#f[M],a[M],b[M],(B-2.a2.#d2)[M],B-1[M],(#f.#d2.b2)[M],a[M],b[M],(#d1.#d2.e3)[M],B-2[M],B-1[M],(#d2.d3.a)[M],b[M],#d1[M],(a2.#d2.#f1)[M],B-2[M],B-1[M],(#d2.g2.#f)[M],a[M],b[M],#d1[M],(b2.e2.E-1)[M],B-1[M],e[M],(g.e2.d3)[M],b[M],(a2.e2.e1)[M],E-1[M],e[M],(g.g2.e2)[M],b[M],e1[M],(b2.e2.g1)[M],E-1[M],B-1[M],e[M],g[M],b[M],e1[M],E-1[M],e[M],g[M],b[M],e1[M],g1[M],#D-1[M],c[M],#d[M],g[M],c1[M],(d2.#d1)[M],(#D-1.g2.c2)[M],#d[M],(c2.a2.g)[M],c1[M],#d1[M],(g1.a2.c2)[M],#D-1[M],c[M],(#d.a2.c2)[M],g[M],c1[M],(#d1.g2.c2)[M],#D-1[M],#d[M],(g2.c2.g)[M],c1[M],#d1[M],g1[M],D-1[M],B-1[M],d[M],g[M],b[M],(d2.d1)[M],(D-1.d2.g2)[M],d[M],(g.d2.a2)[M],b[M],d1[M],(g1.e2.e3)[M],E-1[M],B-1[M],(d.e2.d3)[M],#g[M],b[M],(a2.e2.e1)[M],E-1[M],e[M],(#g.e2.g2)[M],b[M],d1[M],#g1[M],(A-2.c2.b2)[M],A-1[M],(c.c2.b2)[M],(b2.c2.e)[M],g[M],(b2.c2.a)[M],(A-2.c2.b2)[M],A-1[M],e[M],(g.b2.c2)[M],a[M],(c2.b2.c1)[M],(A-2.c2.b2)[M],A-1[M],(g.c2.b2)[M],(c2.b2.a)[M],c1[M],(e1.c2.b2)[M],(c2.b2.A-2)[M],A-1[M],a[M],(b2.c2.c1)[M],e1[M],(g1.c2.b2)[M],(e3.e2.D-1)[M],d[M],g[M],(d3.e2.c1)[M],e1[M],(b2.e2.g1)[M],(d3.e2.D-1)[M],g[M],(c1.b2.e2)[M],(e1.d3.e2)[M],g1[M],(b1.e2.e3)[M],U,(d1.D-1.d.e2.d3)[M],(d.d1.D-1)[M],V,(D-1.d1.d.b2)[M],(d1.D-1.d.b2)[M],a2[M],(D-1.d1.d.g2)[M],(D-1.d1.d.g2)[M],a2[M],b2[M],"],"id":2,"instruments":["piano"],"alternatives":[""]},{"bpm":112,"baseBeats":0.25,"scores":["(b1.G-1.G-2.b2.b3)[L],(d2.g)[M],(b1.b.d1.G-1.G-2.a3.a2)[L],(g.d2)[M],(b1.g2.g3.G-1.G-2)[L],(d2.#f2.#f3.g)[M],(b1.#f2.#f3.d1.b.G-1.G-2)[L],(d2.g2.g.g3)[M],(b1.G-2.G-1)[L],(d2.#f2.g.#f3)[M],(b1.b.d1.G-1.G-2)[L],(d2.e2.g.e3)[M],(b1.G-2.G-1)[L],(d2.g.d3)[M],(b1.G-2.G-1.b.d1)[L],(d2.g)[M],(a2.G-2.G-1.a3.b1)[L],(g.d2)[M],(g2.b.d1.G-1.G-2.g3.b1)[L],(#f3.g.#f2.d2)[M],(G-1.G-2.b1)[L],(g.d2)[M],(#f3.#f2.G-2.G-1.b.d1.b1)[L],(d2.g2.g.g3)[M],(G-2.G-1.g1)[L],(b1.#f3.#f2.b.g)[M],(a1.A-1.A-2)[L],(c2.e3.e2.a.c1)[M],(#a1.#A-2.#A-1)[L],(d2.d3.#c2.#c1.#a)[M],(b1.B-1.B-2)[L],(d2.d1.b)[M],(C-1.c.c2)[L],(e2.g)[M],(e1.c1.c.C-1.d3.d4.c2)[L],(e2.b3.g.b2)[M],(c2.a2.C-1.c.a3)[L],(a3.g.a2.e2)[M],(c2.C-1.c.c1.e1)[L],(e2.b3.g.b2)[M],(c2.C-1.c)[L],(e4.e3.g.e2)[M],(c2.e1.c1.C-1.c)[L],(g3.g.g2.e2)[M],(c2.C-1.c)[L],(g3.g.g2.e2)[M],(c2.C-1.c.c1.e1)[L],(D-1.d.e2)[M],(c2.b3.#d.#D-1.b2)[L],(#d2.g)[M],(c2.d3.c1.#d1.#d.#D-1.d4)[L],(#d2.g3.g2.g)[M],(c2.#D-1.#d)[L],(#d2.g)[M],(c2.g2.c1.#d1.#D-1.#d.g3)[L],(#d2.a3.g.a2)[M],(g1.#d.#D-1)[L],(c2.g3.g2.g)[M],(g1.#D-1.#d.#d1.c1)[L],(c2.#d3.g.#d2)[M],(g1.#d.#D-1)[L],(c2.g)[M],(g1.#d.#D-1.#d1.c1)[L],(c2.g)[M],(g3.g2.G-2.G-1.b1)[L],(d2.g)[M],(a2.G-1.G-2.d1.b.a3.b1)[L],(g.d2)[M],(#f3.#f2.G-1.G-2.b1)[L],(d2.g)[M],(g3.G-2.G-1.d1.b.g2.b1)[L],(d2.e3.g.e2)[M],(G-1.G-2.b1)[L],(g.#f2.#f3.d2)[M],(b1.G-1.G-2.d1.b)[L],(#d2.g.#d3)[M],(#f1.B-2.B-1)[L],(b1.#f)[M],(a.#d1.B-1.B-2.#f1)[L],(b1.#f)[M],(b1.b2.E-1.e.b3)[L],(e2.g)[M],(b1.a3.a2.E-1.e.b.e1)[L],(e2.g3.g.g2)[M],(E-1.e.b1)[L],(e2.g)[M],(b1.e1.b.E-1.e.#f2.#f3)[L],(e2.e3.g)[M],(b1.e.E-1)[L],(#f3.#f2.g)[M],(b1.e1.b.e.E-1)[L],(#d2.#d3.g)[M],(#D-1.#d.g1)[L],(g.c2)[M],(c1.#d.#D-1.#d1.g1)[L],(c2.g)[M],(b1.D-1.d.e3.e4)[L],(d2.g)[M],(b3.b2.d.D-1.b.d1.b1)[L],(g.d2)[M],(b1.b3.d.D-1.b2)[L],(d2.d4.d3.g)[M],(D-1.d.b.d1.b1)[L],(d2.d4.d3.g)[M],(e.E-1.b1)[L],(e2.#g)[M],(c4.c3.E-1.e.b.d1.b1)[L],(e2.#g)[M],(e.E-1.b1)[L],(e2.#g)[M],(c4.c3.d1.b.#G-2.#G-1.b1)[L],(e2.d4.d3.#g)[M],(b3.b2.A-2.A-1.c2)[L],(e2.g)[M],(a3.a2.e1.c1.A-1.A-2.c2)[L],(g.e2)[M],(g3.g2.A-2.A-1.c2)[L],(g.e2)[M],(A-2.e3.e2.A-1.c1.e1.c2)[L],(g.e2)[M],(a1.c2.#d3.#d2.D-1.d)[L],g[M],(#d2.c2.a3.a2.c1.#d1.d.D-1)[L],g[M],(D-1.d)[L],g[M],(D-1.d.#d1.c1)[L],g[M],(D-2.D-1)[JK],A-1[M],c[M],#d[M],5<g[N],a[N]>,5<c1[N],#d1[N]>,5<g1[N],a[N]>,5<c1[N],#d1[N]>,5<g1[N],a1[N]>,5<c2[N],#d2[N]>,5<g2[N],a1[N]>,5<c2[N],#d2[N]>,5<g2[N],a2[N]>,5<c3[N],#d3[N]>,5<a3[N],a4[N]>,RTU,(a1.g2)[LM],g1[LN],#d1[LN],c1[LN],(b1.g1.G-1)[LM],d[L],(b.a1.#f1)[L],d[L],(b.g1.e1)[KN],(a1.#f1)[K],(e.g1.b1)[L],g[L],(e1.g1.b)[KLM],(#f1.a1)[KN],(c.g1.b1)[LO],g[LO],b[KL],(d2.b1)[L],(b1.g1)[K],(b1.g1.d)[L],g[L],d1[L],g[L],(c1.a1.#f1)[KLM],(G-1.g1.b1)[LM],d[L],(#f1.a1.b)[L],d[L],(e1.g1.b)[KN],(a1.#f1)[K],(e.g1.b1)[L],g[L],(e1.g1.b)[KLM],(a1.#f1)[KN],(b1.g1.c)[LO],g[LO],b[KL],(d2.b1)[L],(g1.b1)[K],(b1.g1.d)[L],g[L],d1[L],g[L],(c1.a1.#f1)[KLM],(b2.g2.g)[LM],d1[L],(b1.a2.#f2)[L],d1[L],(b1.g2.e2)[KN],(#f2.a2)[K],(e1.g2.b2)[L],g1[L],(e2.g2.b1)[KLM],(a2.#f2)[KN],(c1.g2.b2)[LO],g1[LO],b1[KL],(b2.d3)[L],(b2.g2)[K],(d1.g2.b2)[L],g1[L],d2[L],g1[L],(#f2.a2.c2)[KLM],(g.g2.b2)[LM],d1[L],(#f2.a2.b1)[L],d1[L],(e2.g2.b1)[KN],(#d1.#f2.a2)[L],b1[L],(b2.g2.e1)[L],g1[L],(b1.g2.e2)[KLM],(a2.#f2)[KN],(b2.g2.c1)[LO],g1[LO],b1[KL],(b2.d3)[LM],(g2.b2)[KL],(b2.d1.g2)[LM],g1[LM],c2[KN],#d2[KLMN],(#f2.a2)[JKMN],g2[L],d2[M],b1[M],g1[M],d1[M],g[M],b[M],g[M],d[M],G-1[L],G-2[IJ],"],"id":3,"instruments":["piano"],"alternatives":[""]}],"audition":{"start":[0,0],"end":[0,10]}}