{"baseBpm":270,"musics":[{"bpm":270,"baseBeats":0.75,"scores":["mute[JK],mute[JK],mute[JK],mute[KL],mute[KL],mute[JK],mute[JK],mute[KL],mute[KL],mute[KL],mute[KL],mute[JK],mute[JK],mute[KL],mute[KL],mute[KL],mute[KL],mute[KL],mute[KL],mute[KL],mute[KL],mute[KL],mute[KL],mute[KL],mute[KL],mute[KL],mute[KL],mute[KL],mute[KL],mute[KL],mute[KL],mute[KL],mute[KL],mute[KL],mute[KL],mute[KL],mute[KL],mute[KL],mute[KL],mute[KL],mute[KL],mute[KL],mute[KL],mute[KL],mute[KL],mute[KL],mute[KL],mute[KL],mute[KL],mute[KL],mute[KL],mute[KL],mute[KL],mute[KL],mute[KL],mute[KL],mute[KL],mute[KL],mute[KL],mute[KL],mute[KL],mute[KL],mute[KL],mute[KL],mute[KL],mute[KL],mute[KL],mute[KL],mute[KL],mute[KL],mute[KL],mute[KL],mute[KL],mute[KL],mute[KL],mute[KL],mute[KL],mute[KL],mute[KL],mute[KL],mute[KL],mute[KL],mute[KL],mute[KL],mute[KL],mute[KL],mute[KL],mute[KL],mute[KL],mute[KL],mute[KL],mute[KL],mute[KL],mute[KL],mute[KL],mute[KL],mute[KL],mute[KL],mute[KL],mute[KL],mute[KL],mute[KL],mute[KL],mute[KL],mute[KL],mute[KL],mute[KL],mute[KL],mute[KL],mute[KL],mute[KL],mute[KL],mute[KL],mute[KL],mute[KL],mute[KL],mute[KL],mute[KL],mute[KL],mute[KL],mute[KL],mute[KL],mute[KL],mute[KL],mute[KL],mute[KL],mute[KL],mute[KL],mute[KL],mute[KL],mute[KL],mute[KL],mute[KL],mute[KL],mute[KL],mute[KL],mute[KL],mute[KL],mute[KL],mute[KL],mute[KL],mute[KL],mute[KL],mute[KL],mute[KL],mute[KL],mute[KL],mute[KL],mute[KL],mute[KL],mute[KL],mute[KL],mute[KL],mute[KL],mute[KL],mute[KL],mute[KL],mute[KL],mute[KL],mute[KL],mute[KL],mute[KL],mute[KL],mute[KL],mute[KL],mute[KL],mute[KL],mute[KL],mute[KL],mute[KL],mute[KL],mute[KL],mute[KL],mute[KL],mute[KL],mute[KL],mute[KL],mute[KL],mute[KL],mute[KL],mute[KL],mute[KL],mute[KL],mute[KL],mute[KL],mute[KL],mute[KL],mute[KL],mute[KL],mute[KL],mute[KL],mute[KL],mute[KL],mute[KL],mute[KL],mute[KL],mute[KL],mute[KL],mute[KL],mute[KL],mute[KL],mute[KL],mute[KL],mute[KL],mute[KL],mute[KL],mute[KL],mute[KL],mute[KL],mute[KL],mute[KL],mute[KL],mute[KL],mute[KL],mute[KL],mute[KL],mute[KL],mute[KL],mute[KL],mute[KL],mute[KL],mute[KL],mute[KL],mute[KL],mute[KL],mute[KL],mute[KL],mute[KL],mute[KL],mute[KL],mute[KL],mute[KL],mute[KL],mute[KL],mute[KL],mute[KL],mute[KL],mute[KL],mute[KL],mute[KL],mute[KL],mute[KL],mute[KL],mute[KL],mute[KL],mute[KL],mute[KL],mute[KL],mute[KL],mute[KL],mute[KL],mute[KL],mute[KL],mute[KL],mute[KL];","d2[JK],d1[JK],e2[JK],#c1[KL],#f2[KL],(b.g2)[JK],e1[JK],(a.#f2)[KL],e2[KL],(d1.#f2)[KL],d2[KL],(a.e2)[JK],(#c1.a2)[JK],(b.d1)[KL],#c1[KL],(d1.g2)[KL],(#c1.e1)[KL],(d1.#f1.#f2)[KL],e1[KL],(#f1.b2)[KL],#g1[KL],(#c1.e2.a1)[KL],b[KL],(#c1.a2.e2)[KL],a[KL],(b.d2)[KL],#c2[KL],(e1.g2.d2)[KL],b1[KL],(a.#c2)[KL],a1[KL],(d1.D-1.#f2)[KL],b1[KL],(E-1.g1)[KL],#f1[KL],(#c1.e2.g1)[KL],(#F-1.a1)[KL],(b.G-1.d2.b1)[KL],a1[KL],(e1.g2.b1)[KL],#c2[KL],(a.#F-1.d2)[KL],E-1[KL],(d1.#F-1.#f2)[KL],(#f2.D-1)[KL],(E-1.#g2.e2)[KL],d2[KL],(#c1.A-1.a2.e2)[KL],#c2[KL],(#f1.b2.d2)[KL],#c2[KL],(e1.#G-1.d2)[KL],b1[KL],(A-1.#c2.e2)[KL],d1[KL],(e1.a2)[KL],#c1[KL],(d1.b1)[KL],#c1[KL],(d1.g2)[KL],b[KL],(#c1.A-2.a1)[KL],b[KL],(#c1.#f2)[KL],(a.e2)[KL],(#f.B-2.d2)[KL],#c2[KL],(b.g1.d2)[KL],(#C-1.e2)[KL],(a.D-1.#f1.#f2)[KL],e2[KL],(#f1.b1.#f2)[KL],#g2[KL],(e1.#C-1.a1.a2)[KL],(d1.B-2.e2)[KL],(e1.#C-1.a2)[KL],(#c1.A-2)[KL],(d1.B-2)[KL],#c1[KL],(d1.#g2)[KL],b[KL],(#c1.A-2.a1.a2)[KL],b[KL],(#c1.A-1)[KL],(a.#g2)[KL],(d1.b1.#f2)[KL],#c1[KL],(d1.#G-1.e2)[KL],(e1.#c2)[KL],(a.d2.#F-1)[KL],#c2[KL],(d1.b1.B-1)[KL],a1[KL],(e1.#c2.E-1.#g1)[KL],b1[KL],(#c2.A-1.a1)[KL],(a1.e1)[KL],(d1.#f2.b1)[KL],#c1[KL],(d1.#G-1.e2)[KL],b[KL],(#c1.A-1.a1)[KL],(b.G-1)[KL],(#c1.A-1.#f2)[KL],(a.#F-1)[KL],(b.G-1)[KL],(a.#F-1)[KL],(b.G-1.e2)[KL],(g.E-1)[KL],(a.#F-1)[KL],(g.E-1)[KL],(a.#F-1.d2)[KL],(#f.D-1)[KL],(g.E-1)[KL],(#f.D-1)[KL],(g.E-1.c2)[KL],(a.#F-1)[KL],(b.G-1.d1.b1)[KL],(A-1.#c2)[KL],(G-1.d2)[KL],(a.#F-1)[KL],(g.E-1.e1)[KL],(a.#F-1)[KL],(g.E-1.#c2)[KL],(#f.D-1.d2.#f1)[KL],(e.#C-1.g1.e2)[KL],B-2[KL],(a.#C-1)[KL],A-2[KL],(D-1.#f1)[KL],e1[KL],(d.B-2.d2.#f1)[KL],d1[KL],(G-2.e1)[KL],b[KL],(a.A-2.#c2)[KL],g[KL],(#f.D-2.#f1.#c2)[KL],(d.a1)[KL],(#c.d2)[KL],(B-1.#g1)[KL],(A-1.a1)[KL],(a.#c2)[KL],g[KL],(#f.#d2)[KL],(e.e2.g1)[KL],(d.#f1)[KL],(#c.g1)[KL],(B-1.e1)[KL],(#A-1.#f1)[KL],#F-1[KL],(B-1.d2)[KL],(#c.#c2)[KL],(d.#g1.b1)[KL],(e.#a1)[KL],(d.b1)[KL],(#c.#c2.#a1)[KL],(B-1.b1.d2)[KL],(#c.e2)[KL],(d.#f2)[KL],(e.g2)[KL],(#f.#F-2.#c2.#a1)[KL],#g1[KL],(#f2.#a1)[KL],#f1[KL],(#G-2.b1)[KL],#a1[KL],(e2.b1)[KL],(#A-2.#c2)[KL],(b.d2.B-2)[KL],#c2[KL],(d2.g2)[KL],e2[KL],(#c1.A-2.#f2.#c2)[KL],G-2[KL],(A-2.#f2)[KL],(#d1.#F-2)[KL],(e1.G-2.b1)[KL],(#F-2.#a1)[KL],(G-2.b1)[KL],(E-2.#c2)[KL],(d1.#F-2.#f1)[KL],#c1[KL],(d1.b1)[KL],b[KL],#c1[KL],b[KL],(#c1.#F-1.#a1)[KL],d1[KL],(e1.#C-1)[KL],(#d1.B-2)[KL],(e1.#C-1.a1)[KL],(#f1.#D-1)[KL],(b.E-1)[KL],a[KL],(b.E-2.#g1)[KL],#c1[KL],(d1.B-2)[KL],(#c1.A-2)[KL],(d1.B-2.g1)[KL],(e1.#C-1)[KL],(a.D-1)[KL],g[KL],(a.#f1)[KL],(b.#g1)[KL],(e.a1)[KL],#g1[KL],(e1.#C-1.a1)[KL],b1[KL],(#F-1.a1.#c2)[KL],b1[KL],(a.#c2)[KL],#d2[KL],(E-1.e2.b1)[KL],#f[KL],(#g.E-2)[KL],#c2[KL],(#f.B-2.d2.#f2)[KL],e[KL],#f[KL],(d.#g2)[KL],(e.#C-1.a2.#c2)[KL],b1[KL],(a.#F-1.#c2)[KL],a1[KL],(d.B-2.b1.#g2)[KL],#f2[KL],(e2.#C-1.g2)[KL],e2[KL],(#f.D-1.#f2)[KL],e2[KL],(b2.d2)[KL],#c2[KL],(#g.e2.b1)[KL],a1[KL],(#C-1.b1)[KL],(a.#c2)[KL],(b.B-2.d2)[KL],#c2[KL],(F-2.d2)[KL],#g2[KL],(a.#F-2.#c2)[KL],(#g.b1.f2)[KL],(a.#f2.#c2)[KL],(#f.d2)[KL],(#g.b1)[KL],(#f.a1.d2)[KL],(#g.e2.b1)[KL],(#a.#c2)[KL],(b.#f1)[KL],#c1[KL],(d1.b1.d2)[KL],e1[KL],(#f1.#c2)[KL],#c1[KL];"],"id":1,"instruments":["piano","piano"],"alternatives":["",""]},{"bpm":270,"baseBeats":0.75,"scores":["mute[KL],mute[KL],mute[KL],mute[KL],mute[KL],mute[KL],mute[KL],mute[KL],mute[KL],mute[KL],mute[KL],mute[KL],mute[KL],mute[KL],mute[KL],mute[KL],mute[KL],mute[KL],mute[KL],mute[KL],mute[KL],mute[KL],mute[KL],mute[KL],mute[KL],mute[KL],mute[KL],mute[KL],mute[KL],mute[KL],mute[KL],mute[KL],mute[KL],mute[KL],mute[KL],mute[KL],mute[KL],mute[KL],mute[KL],mute[KL],mute[KL],mute[KL],mute[KL],mute[KL],mute[KL],mute[KL],mute[KL],mute[KL],mute[KL],mute[KL],mute[KL],mute[KL],mute[KL],mute[KL],mute[KL],mute[KL],mute[KL],mute[KL],mute[KL],mute[KL],mute[KL],mute[KL],mute[KL],mute[KL],mute[KL],mute[KL],mute[KL],mute[KL],mute[KL],mute[KL],mute[KL],mute[KL],mute[KL],mute[KL],mute[KL],mute[KL],mute[KL],mute[KL],mute[KL],mute[KL],mute[KL],mute[KL],mute[KL],mute[KL],mute[KL],mute[KL],mute[KL],mute[KL],mute[KL],mute[KL],mute[KL],mute[KL],mute[KL],mute[KL],mute[KL],mute[KL],mute[KL],mute[KL],mute[KL],mute[KL],mute[KL],mute[KL],mute[KL],mute[KL],mute[KL],mute[KL],mute[KL],mute[KL],mute[KL],mute[KL],mute[KL],mute[KL],mute[KL],mute[KL],mute[KL],mute[KL],mute[KL],mute[KL],mute[KL],mute[KL],mute[KL],mute[KL],mute[KL],mute[KL],mute[KL],mute[KL],mute[KL],mute[KL],mute[KL],mute[KL],mute[KL],mute[KL],mute[KL],mute[KL],mute[KL],mute[KL],mute[KL],mute[KL],mute[KL],mute[KL],mute[KL],mute[KL],mute[KL],mute[KL],mute[KL],mute[KL],mute[KL],mute[KL],mute[KL],mute[KL],mute[KL],mute[KL],mute[KL],mute[KL],mute[KL],mute[KL],mute[KL],mute[KL],mute[KL],mute[KL],mute[KL],mute[KL],mute[KL],mute[KL],mute[KL],mute[KL],mute[KL],mute[KL],mute[KL],mute[KL],mute[KL],mute[KL],mute[KL],mute[KL],mute[KL],mute[KL],mute[KL],mute[KL],mute[KL],mute[KL],mute[KL],mute[KL],mute[KL],mute[KL],mute[KL],mute[KL],mute[KL],mute[KL],mute[KL],mute[KL],mute[KL],mute[KL],mute[KL],mute[KL],mute[KL],mute[KL],mute[KL],mute[KL],mute[KL],mute[KL],mute[KL],mute[KL],mute[KL],mute[KL],mute[KL],mute[KL],mute[KL],mute[KL],mute[KL],mute[KL],mute[KL],mute[KL],mute[KL],mute[KL],mute[KL],mute[KL],mute[KL],mute[KL],mute[KL],mute[KL],mute[KL],mute[KL],mute[KL],mute[KL],mute[KL],mute[KL],mute[KL],mute[KL],mute[KL],mute[KL],mute[KL],mute[KL],mute[KL],mute[KL],mute[KL],mute[KL],mute[KL],mute[KL],mute[KL],mute[KL],mute[KL],mute[KL],mute[KL],mute[KL],mute[KL],mute[KL],mute[KL],mute[KL],mute[KL],mute[KL],mute[KL],mute[KL],mute[KL],mute[KL],mute[KL],mute[KL];","(#f1.a1)[KL],(e1.#g1)[KL],(d1.#f1)[KL],(#c1.f1)[KL],(d1.b1.#f1)[KL],(b.#g1)[KL],(#c1.f1)[KL],(b.#g1)[KL],(#c1.#f1.a1)[KL],a[KL],(b.#g1)[KL],a[KL],(b.g1)[KL],(#c1.e1)[KL],(d1.#f1)[KL],(#c1.a)[KL],(b.d1.#g1)[KL],(a.a1)[KL],(#g.b1)[KL],e[KL],(a.a1.#c1)[KL],d1[KL],(b.E-1.e1)[KL],(a.#f1)[KL],(#g1.b)[KL],e1[KL],(#c1.#F-1.a1)[KL],a[KL],(d1.#f1)[KL],(#G-1.b1)[KL],(#c1.A-1.#c2.e1)[KL],(b.d1)[KL],(#c1.e1)[KL],(d1.#f1)[KL],(e1.#G-1.#g1.b1)[KL],(#F-1.a1)[KL],(#G-1.b1)[KL],(E-1.#c2)[KL],(a.#F-1.#f1.d2)[KL],(#g.E-1)[KL],(a.#F-1)[KL],(b.#G-1)[KL],(#c1.A-1.e1.#c2)[KL],(#G-1.b1)[KL],(#f1.A-1.a1.#c2)[KL],(B-1.#d2)[KL],(e1.c.e2.g1)[KL],(#d1.B-1)[KL],(e1.c.a2.c2)[KL],(#f1.A-1)[KL],(#d1.B-1.#f1)[KL],A-1[KL],(e1.B-1.g2)[KL],(G-1.b1)[KL],(A-1.c2)[KL],(G-1.b1)[KL],(#d1.A-1.#f2.c2)[KL],(#F-1.a1)[KL],(G-1.b1)[KL],(b.a1)[KL],(e1.e2.g1)[KL],(#f1.A-1.c2)[KL],(g1.A-1.b1)[KL],e2[KL],(#f1.B-2.b1)[KL],#d2[KL],(e1.#C-1.e2)[KL],#d1[KL],(e1.a1)[KL],(#f1.#D-1)[KL],(b.E-1)[KL],a[KL],(b.#g1)[KL],(#c1.#a1)[KL],(#f.D-1.b1)[KL],(#C-1.#f1)[KL],(D-1.b1)[KL],(d1.B-2.#f2)[KL],(#c1.#C-1.e2)[KL],(b.d2)[KL],(#c1.#F-1.a1.e2)[KL],(a.#c2)[KL],(b.g1.d2)[KL],(a.#c2)[KL],(b.E-1.d2)[KL],(#c1.e2)[KL],(d1.#F-1.#f1.#a1)[KL],(#c1.e1)[KL],(b.G-1.b1.d1)[KL],(a.#F-1)[KL],(g.E-1.#c1)[KL],#C-1[KL],(#f.#F-1.#a1)[KL],#F-2[KL],(B-2.d1.b1)[KL],#f1[KL],d2[KL],b[KL],#g1[KL],b1[KL],e2[KL],(e1.d2)[KL],(a1.#c2)[KL],(g1.e2)[KL],(#f1.a2)[KL],a1[KL],d2[KL],#f2[KL],b2[KL],(b1.a2)[KL],(e2.g2)[KL],(d2.e2)[KL],(#c2.a2)[KL],(a1.g2)[KL],(d2.#f2)[KL],(#c2.a2)[KL],(b1.g2)[KL],(a1.#f2)[KL],(g1.e2)[KL],(#f1.a1)[KL],(e1.d2)[KL],d1[KL],(a.e1)[KL],#f1[KL],g1[KL],#c2[KL],(b.d2)[KL],#f1[KL],b1[KL],(#c1.e2)[KL],(d1.D-1.#f2)[KL],a1[KL],(e2.g1)[KL],(d2.#f1)[KL],(#c1.E-1.g2.e1)[KL],b[KL],#c1[KL],(a.#F-1.a2)[KL],(b.G-1.d2)[KL],b1[KL],(e1.#c2.a1)[KL],g1[KL],(a.#F-1.d2.a1)[KL],(E-1.g1)[KL],(d1.#F-1.a1)[KL],(D-1.d2.#f2)[KL],(E-1.g2.b1)[KL],b[KL],(c1.A-1.a1)[KL],e2[KL],(D-1.#f2)[KL],a[KL],(b.G-1.g1)[KL],g2[KL],(a1.e1.c2)[KL],b1[KL],(d1.#F-1.c2)[KL],a1[KL],(G-1.b1)[KL],#f1[KL],(g1.g2)[KL],(b1.G-2)[KL],(a1.D-1)[KL],g1[KL],(a1.#f2)[KL],(#f1.#D-1)[KL],(g.E-1.g1)[KL],#f1[KL],(e2.g1)[KL],(D-1.e1)[KL],(a.C-1.#f1)[KL],e1[KL],(d2.#f1)[KL],(b.B-2.#g1)[KL],(c1.A-2.c2.a1)[KL],G-2[KL],(A-2.#f1.#d1)[KL],#F-2[KL],(b.G-2.b1.e1)[KL],(a.#F-2)[KL],(b.G-2.e2)[KL],(g.E-2.b1)[KL],(a.#F-2.a1)[KL],g1[KL],(#f.B-2.#d2.a1)[KL],#f1[KL],(e.E-2.e2.#g1)[KL],#f1[KL],#g1[KL],(e1.e2)[KL],(d2.#f1)[KL],(#c2.e1)[KL],(d2.#f1)[KL],(b1.#g1)[KL],(#c2.a1)[KL],(b1.g1)[KL],(#f1.#c2)[KL],(a.a1)[KL],(g.b1)[KL],(#f.a1)[KL],(g.e1.b1)[KL],(e.#c2)[KL],(#f.a.d2)[KL],(e.#c2)[KL],(#f.d2)[KL],(d.#f2.d1)[KL],(e.g2.c1)[KL],(d.b)[KL],(e.a2.c1)[KL],(#f.a)[KL],(g.d2.b)[KL],#f[KL],(g.g2.e1)[KL],e[KL],#f[KL],e[KL],(#f.#f2.d1)[KL],g[KL],(a.e2.#c1)[KL],g[KL],(a.a2.#f1)[KL],#f[KL],g[KL],#f[KL],(g.g2.e1)[KL],a[KL],(b.#f2.d1)[KL],a[KL],(b.b2.g1)[KL],g[KL],a[KL],g[KL],(a.a2.#f1)[KL],b[KL],(c1.g2.e1)[KL],b[KL],(c1.c3.a1)[KL],a[KL],(b.d1)[KL],a[KL],(b.g1.b2)[KL],#c1[KL],(d1.a2)[KL],e1[KL],(d1.#f1)[KL],(#c1.e1)[KL],(b.d1)[KL],#c1[KL],(e.g2.d1)[KL],b[KL],(a.#c1)[KL],b[KL],(d.#f2.c1)[KL],a[KL],(g.b)[KL],(a.d1)[KL];"],"id":2,"instruments":["piano","piano"],"alternatives":["",""]},{"bpm":270,"baseBeats":0.75,"scores":["mute[KL],mute[KL],mute[KL],mute[KL],mute[KL],mute[KL],mute[KL],mute[KL],mute[KL],mute[KL],mute[KL],mute[KL],mute[KL],mute[KL],mute[KL],mute[KL],mute[KL],mute[KL],mute[KL],mute[KL],mute[KL],mute[KL],mute[KL],mute[KL],mute[KL],mute[KL],mute[KL],mute[KL],mute[KL],mute[KL],mute[KL],mute[KL],mute[KL],mute[KL],mute[KL],mute[KL],mute[KL],mute[KL],mute[KL],mute[KL],mute[KL],mute[KL],mute[KL],mute[KL],mute[KL],mute[KL],mute[KL],mute[KL],mute[KL],mute[KL],mute[KL],mute[KL],mute[KL],mute[KL],mute[KL],mute[KL],mute[KL],mute[KL],mute[KL],mute[KL],mute[KL],mute[KL],mute[KL],mute[KL],mute[KL],mute[KL],mute[KL],mute[KL],mute[KL],mute[KL],mute[KL],mute[KL],mute[KL],mute[KL],mute[KL],mute[KL],mute[KL],mute[KL],mute[KL],mute[KL],mute[KL],mute[KL],mute[KL],mute[KL],mute[KL],mute[KL],mute[KL],mute[KL],mute[KL],mute[KL],mute[KL],mute[KL],mute[KL],mute[KL],mute[KL],mute[KL],mute[KL],mute[KL],mute[KL],mute[KL],mute[KL],mute[KL],mute[KL],mute[KL],mute[KL],mute[KL],mute[KL],mute[KL],mute[KL],mute[KL],mute[KL],mute[KL],mute[KL],mute[KL],mute[KL],mute[KL],mute[KL],mute[KL],mute[KL],mute[KL],mute[KL],mute[KL],mute[KL],mute[KL],mute[KL],mute[KL],mute[KL],mute[KL],mute[KL],mute[KL],mute[KL],mute[KL],mute[KL],mute[KL],mute[KL],mute[KL],mute[KL],mute[KL],mute[KL],mute[KL],mute[KL],mute[KL],mute[KL],mute[KL],mute[KL],mute[KL],mute[KL],mute[KL],mute[KL],mute[KL],mute[KL],mute[KL],mute[KL],mute[KL],mute[KL],mute[KL],mute[KL],mute[KL],mute[KL],mute[KL],mute[KL],mute[KL],mute[KL],mute[KL],mute[KL],mute[KL],mute[KL],mute[KL],mute[KL],mute[KL],mute[KL],mute[KL],mute[KL],mute[KL],mute[KL],mute[KL],mute[KL],mute[KL],mute[KL],mute[KL],mute[KL],mute[KL],mute[KL],mute[KL],mute[KL],mute[KL],mute[KL],mute[KL],mute[KL],mute[KL],mute[KL],mute[KL],mute[KL],mute[KL],mute[KL],mute[KL],mute[KL],mute[KL],mute[KL],mute[KL],mute[KL],mute[KL],mute[KL],mute[KL],mute[KL],mute[KL],mute[KL],mute[KL],mute[KL],mute[KL],mute[KL],mute[KL],mute[KL],mute[KL],mute[KL],mute[KL],mute[KL],mute[KL],mute[KL],mute[KL],mute[KL],mute[KL],mute[KL],mute[KL],mute[KL],mute[KL],mute[KL],mute[KL],mute[JK],mute[KL],mute[KL],mute[KL],mute[KL],mute[KL],mute[KL],mute[KL],mute[KL],mute[KL],mute[KL],mute[KL],mute[KL],mute[KL],mute[KL],mute[KL],mute[KL],mute[KL],mute[KL],mute[KL],mute[KL],mute[KL],mute[KL],mute[KL],mute[KL],mute[KL],mute[KL],mute[KL],mute[KL],mute[KL],mute[KL],mute[KLMN],mute[KLMN],mute[JKLM],mute[JO],mute[JKLM],mute[HIJKLM];","(b.g1.e2)[KL],(g.d2)[KL],(a.#c2)[KL],(a1.#f1)[KL],(b.d2.e1)[KL],d1[KL],(#c1.e1)[KL],#g1[KL],(a1.#c2)[KL],(d1.#f2)[KL],(e1.b1)[KL],#c2[KL],(e.#g1.d2)[KL],e2[KL],(a1.a.A-2.#c2)[KL],(g.b1)[KL],(a1.#f.#c2)[KL],(e.a1)[KL],(d.B-2.d2)[KL],#f[KL],(b.g1)[KL],#C-1[KL],(a.D-1.d2)[KL],g[KL],(a.#f1)[KL],b[KL],(#c1.#C-1.e2.e1)[KL],B-2[KL],(#C-1.a1)[KL],(A-2.#f2)[KL],(b.B-2.g2.d1)[KL],(a.#c1)[KL],(b.E-1.d1)[KL],(g.b)[KL],(a.A-2.#c1.#f2)[KL],(g.e2)[KL],(a.D-1.#f2)[KL],(#f.d2.b1)[KL],(b.e2.#g1)[KL],e1[KL],(e.#C-1.a2)[KL],e2[KL],(#f.B-2.d2)[KL],#c2[KL],(b.g2.d2)[KL],b1[KL],(e.A-2.#c2)[KL],a1[KL],(#f.d2.#f2)[KL],g[KL],(a.e2)[KL],b[KL],(#c1.#A-2.#c2)[KL],#f[KL],(#f1.B-2.d2)[KL],#C-1[KL],(D-1.b1)[KL],(#f.B-2)[KL],(g.E-1.#c2)[KL],(#f.D-1)[KL],(g.E-1.a1.c2)[KL],(a.#F-1)[KL],(b.G-1.b1)[KL],(a.#F-1)[KL],(b.G-1.e2.g1)[KL],(g.E-1)[KL],(a.#F-1.#d2.#f1)[KL],(g.E-1)[KL],(a.#F-1.d2)[KL],(b.#G-1)[KL],(#c1.A-1.#c2)[KL],(b.#G-1)[KL],(#c1.A-1.#f2)[KL],(d1.#F-1.#a1)[KL],(b.#G-1.f2.b1)[KL],(#F-1.#a1)[KL],(#G-1.e2.b1)[KL],(#A-1.#c2)[KL],(d1.B-1.#f1.d2)[KL],e2[KL],#f2[KL],d2[KL],(e1.g2.#c2)[KL],E-1[KL],(A-1.c2)[KL],(#f1.#D-1.#f2)[KL],(g1.E-1.b1.e2)[KL],d2[KL],(#c2.#A-2.e2)[KL],#c2[KL],(#f1.B-2.d2)[KL],e1[KL],(b1.#f1)[KL],d1[KL],(e1.#C-1.#c2)[KL],d2[KL],(a1.e2)[KL],(D-1.#f2)[KL],(E-1.b1)[KL],a1[KL],(g1.b1)[KL],#c2[KL],(#f1.D-1.d2)[KL],(#C-1.e2)[KL],(b1.D-1.#f2)[KL],(B-2.#g2)[KL],(e1.#C-1.a2)[KL],(d1.e2)[KL],(e1.#F-1.a2)[KL],#c1[KL],(d1.B-2)[KL],#c1[KL],(d1.#g2)[KL],b[KL],(#c1.A-2.a2.e1)[KL],b[KL],#c1[KL],(a.#f1)[KL],(b.g1)[KL],a[KL],b[KL],#c1[KL],(d1.#f1)[KL],(#c1.e1)[KL],(d1.#f1)[KL],(b.d1)[KL],(#c1.e1)[KL],b[KL],(#c1.a1)[KL],#d1[KL],(e1.g1)[KL],(#d1.#f1)[KL],(e1.g1)[KL],(#c1.e1)[KL],(d1.#f1)[KL],#c1[KL],(d1.b1)[KL],e1[KL],#f1[KL],#c1[KL],(#f1.a1)[KL],e1[KL],#d1[KL],b[KL],(e1.g1)[KL],d1[KL],(#c1.a1)[KL],a[KL],(d1.#f1)[KL],#c1[KL],(b.b1.#g1)[KL],#c1[KL],b[KL],(a.#c2.a1)[KL],(#g.d2.b1)[KL],#f[KL],#g[KL],e[KL],(a.#c2.a1)[KL],(b1.#g1)[KL],(A-1.#c2.a1)[KL],(a1.#f1)[KL],(e.b1.g1)[KL],#f1[KL],(#c.e2.g1)[KL],e1[KL],(#A-1.#f1)[KL],#c2[KL],(B-1.d2)[KL],d1[KL],(#G-1.e1)[KL],b1[KL],(A-1.#c2)[KL],g1[KL],(d.d2)[KL],#f1[KL],b1[KL],#g1[KL],(e.A-2.#c2)[KL],e1[KL],(c2.a1)[KL],#f[KL],(g.B-2.d1)[KL],c1[KL],(b1.d1)[KL],(#C-1.e1)[KL],(#f.D-1.a1.#f1)[KL],e[KL],(#f.b1)[KL],d[KL],(e.#C-1)[KL],(B-2.#g1)[KL],(a.#C-1.a1)[KL],(A-2.#f1)[KL],(B-2.d1)[KL],d2[KL],(g.E-1)[KL],#c2[KL],A-2[KL],a1[KL],(#f.D-1.d2)[KL],b1[KL],(e.#C-1.e2)[KL],#a1[KL],(C-1.a1)[KL],#f2[KL],(d.B-2.g2)[KL],f2[KL],(g.#A-2.e2)[KL],d2[KL],(a.A-2.#c2.#f2)[KL],e2[KL],(d.#G-2.b1.f2)[KL],d2[KL],(g.G-2.#d2.#a1)[KL],(a.#c2.a1)[KL],(#a.d2.g1)[KL],(b.#G-2.f1)[KL],(e.A-2.e1)[KL],d1[KL],(a.#c2.e1)[KL],a1[KL],(b.D-2.d2.#f1)[KL],d1[KL],g1[KL],#c1[KL],(d1.d2)[KL],#f1[KL],b1[JK],(#c1.e2)[KL],b[KL],(c1.a1)[KL],(a.#f2)[KL],(d1.b.g2)[KL],(#c1.a)[KL],(d1.b)[KL],(e1.#c1)[KL],(d1.#f2.#f1)[KL],(e2.g1)[KL],(#f2.a1)[KL],(#f1.d2.b1)[KL],(e1.e2.#c2)[KL],d1[KL],(e1.a2.c2)[KL],#f1[KL],(g1.b1)[KL],#f1[KL],(e1.g2.#c2)[KL],(d1.d2)[KL],(#c1.e2)[KL],a1[KL],(d1.#f2)[KL],a1[KL],(e1.b1.g1)[KL],(d1.#f1)[KL],(e1.g1.#c2)[KL],a[KL],(b.d2)[KL],a[KL],b[KLMN],g[KLMN],a[JKLM],#f1[JO],e1[JKLM],#f1[HIJKLM];"],"id":3,"instruments":["piano","piano"],"alternatives":["",""]}],"audition":{"start":[0,0],"end":[2,264]}}