{"baseBpm":399,"musics":[{"bpm":399,"baseBeats":0.75,"scores":["(#c1.e.a1.A-1)[JNOP],(b1.e.#c1.A-1)[JNOP],(#c1.e.#c2.A-1)[JNOP],(d2.e.#c1.A-1)[JNOP],(d1.b1.A-1.#g1.e)[JNOP],(d1.#c2.A-1.#g1.e)[KN],(#c2~b1)[KN],(#c1.e.a1.A-1)[IMNO],(#c1.e.#c2.A-1.a1)[JNOP],(#d2.e.#d1.A-1.a1)[JNOP],(e1.e.e2.A-1.a1)[JNOP],(#f2.e.#f1.A-1.a1)[JNOP],(e1.#f.e2.B-1.a1)[JNOP],(a1.b.#d1.#f.#d2.B-1)[JNOP],(#f.#d1.b.a1.B-1.b1)[IMNO],(#g1.e.e1.b.e2.d1)[IMNO],(b.d1.e.e1.d2.#g1)[JNOP],(e.d1.b.e1.b1.#g1)[JNOP],(a1.#c1.e.A-1)[JNOP],(#c2.#c1.A-1.e)[JNOP],(#c1.A-1.e1.e)[IMNO],(a1.e.#c1.A-1)[JNOP],(a1.e.#c1.A-1)[JNOP],(#c2.e.#c1.A-1)[JNOP],(e2.e.#c1.A-1)[JNOP],(d2.d1.E-1.#g1.e)[JNOP],(#g1.b1.e.d1.E-1)[JNOP],(a1.A-1.#c1.e)[IMNO],(e.E-1.#g1.e1.e2.d1)[IMNO],(e.E-1.d1.e1.d2.#g1)[JNOP],(e.E-1.d1.b1.#g1)[JNOP],(a1.#c1.e.A-1)[JNOP],(#c2.#c1.A-1.e)[JNOP],(#c1.A-1.e1.e)[IMNO],(a1.e.#c1.A-1)[JNOP],(a1.e.#c1.A-1)[JNOP],(#F-1.#f.a1.#c2)[JNOP],(#c.#C-1.a1.e1.e2)[JNOP],(B-2.B-1.f1.a1.d2)[JNOP],(#g1.b1.e.d1.E-1)[JNOP],(a1.A-1.#c1.e)[IMNO],(c1.e.a1.A-1)[JNOP],(b1.e.c1.A-1)[JNOP],(c1.e.c2.A-1)[JNOP],(d2.e.c1.A-1)[JNOP],(d1.b1.A-1.#g1.e)[JNOP],(d1.c2.A-1.#g1.e)[KN],(#c2~b1)[KN],(c1.e.a1.A-1)[IMNO],(c1.e.c2.A-1.a1)[JNOP],(d2.e.d1.A-1.a1)[JNOP],(e1.e.e2.A-1.a1)[JNOP],(f2.e.f1.A-1.a1)[JNOP],(e1.f.e2.B-1.a1)[JNOP],(a1.b.#d1.f.#d2.B-1)[JNOP],(f.#d1.b.a1.B-1.b1)[IMNO],(#g1.e.e1.b.e2.d1)[IMNO],(b.d1.e.d2.#g1)[JNOP],(e.d1.b.b1.#g1)[JNOP],(a1.c1.e.A-1)[JNOP],(c2.c1.A-1.e)[JNOP],(c1.A-1.e1.e)[IMNO],(a1.e.c1.A-1)[JNOP],(a1.e.c1.A-1)[JNOP],(c2.e.c1.A-1)[JNOP],(e2.e.c1.A-1)[JNOP],(d2.d1.E-1.#g1.e)[JNOP],(#g1.b1.e.d1.E-1)[JNOP],(a1.A-1.c1.e)[IMNO],(e.E-1.#g1.e1.e2.d1)[IMNO],(e.E-1.d1.e1.d2.#g1)[JNOP],(e.E-1.d1.b1.#g1)[JNOP],(a1.c1.e.A-1)[JNOP],(c2.c1.A-1.e)[JNOP],(c1.A-1.e1.e)[IMNO],(a1.e.c1.A-1)[JNOP],(a1.e.c1.A-1)[JNOP],(F-1.f.a1.c2)[JNOP],(c.C-1.a1.e1.e2)[JNOP],(B-2.B-1.f1.a1.d2)[JNOP],(#g1.b1.e.d1.E-1)[JNOP],(a1.A-1.c1.e)[IMNO],"],"id":1,"instruments":["piano","piano"],"alternatives":["",""]},{"bpm":399,"baseBeats":0.75,"scores":["d2[JLOP],f2[LM],a2[JKMO],a2[JKMO],#g2[KLNP],e2[KLNP],#g2[JKMO],a2[JKMO],d2[JLOP],f2[LM],a2[JKMO],a2[JKMO],g2[JLOP],a1[LM],#c2[JKMO],d2[JKMO],d2[JL],"],"id":2,"instruments":["piano","piano"],"alternatives":["",""]},{"bpm":399,"baseBeats":0.75,"scores":["f2[LM],(a.f1.a2)[JK],(f1.a.a2)[JK],(#g2.d)[KL],e2[KL],(a.e1.#g2)[JK],(a.f1.a2)[JK],(d2.d)[JM],f2[LM],(a.f1.a2)[JK],(a.f1.#a2)[KL],a2[KL],(g2.A-1)[JM],a1[LM],(#c2.a.e1.g1)[JK],(f1.d1.d2)[JK],(f2.d)[K],g2[K],f2[K],(a.f1.e2)[JK],(a.f1)[KL],d2[KL],(#c2.A-1)[JM],e2[LM],(#g2.e1.#g1.a)[JK],(a2.a.a1.e1)[JK],(f2.d)[K],g2[K],f2[K],(a.f1.e2)[JK],(a.f1.d2)[JK],(a2.A-1)[JM],a1[LM],(#c2.a.g1.e1)[JK],(f1.d1.d2)[JK],(f2.d)[K],g2[K],f2[K],(a.f1.e2)[JK],(f1.a)[KL],d2[KL],(#c2.A-1)[JM],e2[LM],(#g2.e1.#g1.a)[JK],(a2.a.a1.e1)[JK],(f2.d)[K],g2[K],f2[K],(a.f1.e2)[JK],(f1.a.d2)[JK],(a2.A-1)[JLNOP],a1[LMNP],(#c2.a.g1.e1)[JKLN],(f1.d1.d2)[JKLN],(a2.A-1)[JKMOP],a1[KN],(#c2.a.g1.e1)[IMNO],(f1.d1.d2)[IMNO],(D-1.d3)[HI],"],"id":3,"instruments":["piano","piano"],"alternatives":["",""]}],"audition":{"start":[0,0],"end":[1,0]}}