{"baseBpm":48,"musics":[{"bpm":48,"baseBeats":0.5,"scores":["U,U,U,U,U,U,U,U,U,U,U,U,U,U,U,U,U,U,U,U,U,U,U,U,U,U,U,U,U,U,U,U,U,U,U,U,U,U,U,U,U,U,U,U,U,U,U,U,U,U,U,U,U,U,U,U,U,U,U,U,U,U,U,U,U,U,U,U,U,U,U,U,U,U,U,U,U,U,U,U,U,U,U,U,U,U,U,U,U,U,U,U,U,U,U,U,U,U,U,U,U,U,U,U,U,U,U,U,U,U,U,U,U,U,U,U,U;","(c3.c2.c1)[L],(f3.a2.f2.f1.a)[L],(g3.#a2.g2.g1.#a)[L],(a3.c3.a2.F-1.F-2)[L],(a3.c3.a2.a1.c1)[L],(a3.c3.a2.a1.c1)[L],(a3.c3.a2.a1.c1)[L],(a3.c3.a2.a1.c1)[L],(a3.c3.a2.a1.c1)[L],(a3.c3.a2.C-1.C-2)[L],(g3.#a2.g2.g1.#a)[L],(a3.c3.a2.a1.c1)[L],(#a3.d3.#a2.#a1.d1)[L],(d3.f2.d2.d1.f)[L],(e3.g2.e2.e1.g)[L],(e3.g2.e2.F-1.F-2)[L],(f3.a2.f2.f1.a)[L],(f3.a2.f2.f1.a)[L],(f3.a2.f2.f1.a)[L],(f3.a2.f2.f1.a)[L],(f3.a2.f2.f1.a)[L],(f3.a2.f2.f1.a)[L],(f3.a2.f2.f1.a)[L],(f3.a2.f2.f1.a)[L],(g3.e3.g2.g1.e1)[L],(a3.f3.a2.a1.f1)[L],(#a3.g3.#a2.#a1.g1)[L],(c4.a3.c3.F-1.F-2)[L],(c4.a3.c3.c2.a1)[L],(c4.a3.c3.c2.a1)[L],(c4.a3.c3.c2.a1)[L],(c4.a3.c3.c2.a1)[L],(c4.a3.c3.c2.a1)[L],(c4.a3.c3.#A-1.#A-2)[L],(#a3.g3.#a2.#a1.g1)[L],(c4.a3.c3.c2.a1)[L],(d4.#a3.d3.d2.#a1)[L],(#a3.g3.#a2.#a1.g1)[L],(a3.f3.a2.a1.f1)[L],(a3.f3.a2.c.C-1)[L],(g3.e3.g2.g1.e1)[L],(g3.e3.g2.g1.e1)[L],(g3.e3.g2.g1.e1)[L],(g3.e3.g2.g1.e1)[L],(g3.e3.g2.g1.e1)[L],(g3.e3.g2.g1.e1)[L],(g3.e3.g2.g1.e1)[L],(g3.e3.g2.g1.e1)[L],(#f3.#d3.#f2.c.C-1)[L],(g3.d3.g2.#A-1.#A-2)[L],(a3.c3.a2.A-1.A-2)[L],(#a3.d3.#a2.G-1.G-2)[L],(#a3.d3.#a2.#a1.d1)[L],(#a3.d3.#a2.#a1.d1)[L],(#a3.d3.#a2.#a1.d1)[L],(#a3.d3.#a2.#a1.d1)[L],(#a3.d3.#a2.#a1.d1)[L],(#a3.d3.#a2.D-1.D-2)[L],(a3.c3.a2.a1.c1)[L],(#a3.d3.#a2.#a1.d1)[L],(c4.#d3.c3.c2.#d1)[L],(a3.c3.a2.a1.c1)[L],(#a3.d3.#a2.#a1.d1)[L],(a3.c3.a2.G-1.G-2)[L],(g3.#a2.g2.g1.#a)[L],(g3.#a2.g2.g1.#a)[L],(g3.#a2.g2.g1.#a)[L],(g3.#a2.g2.g1.#a)[L],(g3.#a2.g2.g1.#a)[L],(g3.#a2.g2.g1.#a)[L],(g3.#a2.g2.g1.#a)[L],(g3.#a2.g2.g1.#a)[L],(f4.#a3.f3.f2.#a1.g1)[L],(e4.#a3.e3.e2.#a1.g1)[L],(d4.#a3.d3.d2.#a1.g1)[L],(d4.#a3.d3.C-1.C-2)[L],(e4.#a3.e3.e2.#a1.g1)[L],(#a3.g3.#a2.#a1.g1)[L],(#a3.g3.#a2.#a1.g1)[L],(#a3.g3.#a2.#a1.g1)[L],(c4.a3.c3.c2.a1)[L],(d4.#a3.d3.d2.#a1)[L],(c4.a3.c3.c2.a1)[L],(e4.c4.e3.e2.c2)[L],(d4.#a3.d3.d2.#a1)[L],(c4.a3.c3.c2.a1)[L],(#a3.g3.#a2.#a1.g1)[L],(#a3.g3.#a2.F-1.F-2)[L],(c4.a3.c3.c2.a1)[L],(a3.f3.a2.a1.f1)[L],(a3.f3.a2.a1.f1)[L],(a3.f3.a2.a1.f1)[L],(a3.f3.a2.a1.f1)[L],(a3.f3.a2.a1.f1)[L],(a3.f3.a2.a1.f1)[L],(a3.f3.a2.a1.f1)[L],(#g3.f3.#g2.#g1.f1)[L],(a3.f3.a2.a1.f1)[L],(b3.f3.b2.b1.f1)[L],(c4.e3.c3.G-1.G-2)[L],(c4.e3.c3.c2.g1.e1)[L],(c4.e3.c3.c2.g1.e1)[L],(c4.e3.c3.c2.g1.e1)[L],(c4.e3.c3.c2.g1.e1)[L],(c4.e3.c3.c2.g1.e1)[L],(c4.f3.c3.g.G-1)[L],(b3.f3.b2.b1.g1.f1)[L],(c4.f3.c3.c2.g1.f1)[L],(d4.f3.d3.d2.g1.f1)[L],(a3.f3.a2.a1.g1.f1)[L],(b3.f3.b2.b1.g1.f1)[L],(b3.f3.b2.C-1.C-2)[L],(c4.e3.c3.c2.g1.e1)[L],(c4.e3.c3.c2.g1.e1)[L],(c4.e3.c3.c2.g1.e1)[L],(c4.e3.c3.c2.g1.e1)[L],(c4.e3.c3.c2.g1.e1)[L];"],"id":1,"instruments":["piano","piano"],"alternatives":["",""]},{"bpm":48,"baseBeats":0.5,"scores":["U,U,U,U,U,U,U,U,U,U,U,U,U,U,U,U,U,U,U,U,U,U,U,U,U,U,U,U,U,U,U,U,U,U,U,U,U,U,U,U,U,U,U,U,U,U,U,U,U,U,U,U,U,U,U,U,U,U,U,U,U,U,U,U,U,U,U,U,U,U,U,U,U,U,U,U,U,U,U,U,U,U,U,U,U,U,U,U,U,U,U,U,U,U,U,U,U,U,U,U,U,U,U,U,U,U,U,U,U,U,U,U,U,U,U,U,U,U,U,U,U,U,U,U,U,U,U,U,U,U,U,U,U,U,U,U,U,U,U,U;","(c4.e3.c3.c2.g1.e1)[L],(c4.e3.c3.c2.g1.e1)[L],(c4.e3.c3.c2.g1.e1)[L],(b3.e3.b2.b1.g1.e1)[L],(c4.e3.c3.c2.g1.e1)[L],(d4.e3.d3.d2.g1.e1)[L],(e4.b3.#g3.e3.B-1.B-2)[L],(e4.b3.#g3.e3.e2.b1.#g1)[L],(e4.b3.#g3.e3.e2.b1.#g1)[L],(e4.b3.#g3.e3.e2.b1.#g1)[L],(e4.b3.#g3.e3.e2.b1.#g1)[L],(e4.b3.#g3.e3.e2.b1.#g1)[L],(e4.b3.a3.e3.b.B-1)[L],(#d4.b3.a3.#d3.#d2.b1.a1.#f1)[L],(e4.b3.a3.e3.e2.b1.a1.#f1)[L],(#f4.b3.a3.#f3.#f2.b1.a1.#f1)[L],(#c4.b3.a3.#c3.#c2.b1.a1.#f1)[L],(#d4.b3.a3.#d3.#d2.b1.a1.#f1)[L],(#d4.b3.a3.#d3.E-1.E-2)[L],(e4.b3.#g3.e3.e2.b1.#g1)[L],(e4.b3.#g3.e3.e2.b1.#g1)[L],(e4.b3.#g3.e3.e2.b1.#g1)[L],(e4.b3.#g3.e3.e2.b1.#g1)[L],(e4.b3.#g3.e3.e2.b1.#g1)[L],(e4.b3.#g3.e3.e2.b1.#g1)[L],(e4.b3.#g3.e3.e2.b1.#g1)[L],(e4.b3.#g3.e3.e2.b1.#g1)[L],(f4.d4.f3.f2.d2)[L],(e4.c4.e3.e2.c2)[L],(d4.b3.d3.d2.b1)[L],(c4.e3.c3.c2.e1.a)[L],(c4.e3.c3.c2.e1)[L],(c4.e3.c3.c2.e1)[L],(e4.g3.e3.e2.g1)[L],(d4.f3.d3.d2.f1)[L],(c4.e3.c3.c2.e1)[L],(b3.d3.b2.b1.d1.e)[L],(b3.d3.b2.b1.d1)[L],(b3.d3.b2.b1.d1)[L],(d4.f3.d3.d2.f1)[L],(c4.e3.c3.c2.e1)[L],(b3.d3.b2.b1.d1)[L],(b3.d3.b2.b1.d1.a)[L],(c4.e3.c3.c2.e1)[L],(e3.c3.e2.e1.c1)[L],(e3.c3.e2.e1.c1)[L],(e3.c3.e2.e1.c1)[L],(e3.c3.e2.e1.c1)[L],(#f3.d3.#f2.#f1.d1)[L],(#g3.e3.#g2.#g1.e1)[L],(a3.#f3.a2.a1.#f1)[L],(b3.#g3.b2.b1.#g1)[L],(c4.a3.c3.c2.a1)[L],(d4.b3.d3.d2.b1)[L],(e4.c4.e3.e2.c2.g1)[L],(e4.g3.e3.g2.e2)[L],(#d4.#f3.#d3.#f2.#d2)[L],(e4.g3.e3.g2.e2)[L],(f4.a3.f3.a2.f2)[L],(#c4.e3.#c3.e2.#c2)[L],(e4.g3.e3.g2.e2.g)[L],(d4.f3.d3.f2.d2)[L],(#c4.e3.#c3.e2.#c2)[L],(d4.f3.d3.f2.d2)[L],(e4.g3.e3.g2.e2)[L],(b3.#d3.b2.#d2.b1)[L],(d4.f3.d3.f2.d2.c1)[L],(c4.e3.c3.e2.c2)[L],(g4.#a3.g3.d3.#a2)[L],(f4.a3.f3.c3.a2)[L],(e4.g3.e3.#a2.g2)[L],(f4.a3.f3.c3.a2)[L],(e4.g3.e3.#a2.g2)[L],(d4.f3.d3.a2.f2)[L],(c4.e3.c3.g2.e2)[L],(d4.f3.d3.a2.f2)[L],(c4.e3.c3.g2.e2)[L],(#a3.d3.#a2.f2.d2)[L],(a3.f3.c3.a2.f.c.A-1.F-1)[L],(a3.f3.c3.a2.a1.f1.c1.a)[L],(a3.f3.c3.a2.a1.f1.c1.a)[L],(a3.f3.c3.a2.a1.f1.c1.a)[L],(a3.f3.c3.a2.a1.f1.c1.a)[L],(a3.f3.c3.a2.a1.f1.c1.a)[L],(a3.e3.#a2.a2.c.G-1.E-1.C-1)[L],(g3.e3.#a2.g2.g1.e1.#a.g)[L],(a3.e3.#a2.a2.a1.e1.#a.a)[L],(#a3.e3.#a2.#a1.e1.#a)[L],(d3.#a2.d2.d1.#a.d)[L],(e3.#a2.e2.e1.#a.e)[L],(e3.#a2.e2.F-1.C-1.A-2.F-2)[L],(f3.a2.f2.f1.c1.a.f)[L],(f3.a2.f2.f1.c1.a.f)[L],(f3.a2.f2.f1.c1.a.f)[L],(f3.a2.f2.f1.c1.a.f)[L],(f3.a2.f2.f1.c1.a.f)[L],(f3.a2.f2.f1.c1.a.f)[L],(f3.a2.f2.f1.c1.a.f)[L],(f3.a2.f2.f1.c1.a.f)[L],(g3.e3.g2.g1.e1.g)[L],(a3.f3.a2.a1.f1.a)[L],(#a3.g3.#a2.#a1.g1.#a)[L],(#a3.g3.#a2.F-1.C-1.A-2.F-2)[L],(c4.a3.c3.c2.a1.f1.c1)[L],(c4.a3.c3.c2.a1.f1.c1)[L],(c4.a3.c3.c2.a1.f1.c1)[L],(c4.a3.c3.c2.a1.f1.c1)[L],(c4.a3.c3.c2.a1.f1.c1)[L],(c4.a3.c3.#A-1.G-1.D-1.#A-2)[L],(#a3.g3.#a2.#a1.g1.#a)[L],(d4.#a3.d3.d2.#a1.d1)[L],(c4.a3.c3.c2.a1.c1)[L],(#a3.g3.#a2.#a1.g1.#a)[L],(a3.f3.a2.a1.f1.a)[L],(a3.f3.c3.a2.c.G-1.E-1.C-1)[L],(g3.e3.c3.g2.g1.e1.c1.g)[L],(g3.e3.c3.g2.g1.e1.c1.g)[L],(g3.e3.c3.g2.g1.e1.c1.g)[L],(g3.e3.c3.g2.g1.e1.c1.g)[L],(g3.e3.c3.g2.g1.e1.c1.g)[L],(g3.e3.c3.g2.g1.e1.c1.g)[L],(g3.e3.c3.g2.g1.e1.c1.g)[L],(g3.e3.c3.g2.g1.e1.c1.g)[L],(#f3.#d3.#f2.c.#F-1.#D-1.C-1)[L],(g3.d3.g2.#A-1.G-1.D-1.#A-2)[L],(a3.#f3.c3.a2.A-1.#F-1.C-1.A-2)[L],(#a3.g3.d3.#a2.G-1.D-1.#A-2.G-2)[L],(#a3.g3.d3.#a2.#a1.g1.d1.#a)[L],(#a3.g3.d3.#a2.#a1.g1.d1.#a)[L],(#a3.g3.d3.#a2.#a1.g1.d1.#a)[L],(#a3.g3.d3.#a2.#a1.g1.d1.#a)[L],(#a3.g3.d3.#a2.#a1.g1.d1.#a)[L],(#a3.#f3.#d3.#a2.D-1.C-1.#F-2.D-2)[L],(a3.#f3.#d3.a2.a1.#f1.#d1.a)[L],(d4.#f3.#d3.d3.d2.#f1.#d1.d1)[L],(c4.#f3.#d3.c3.c2.#f1.#d1.c1)[L],(#a3.#f3.#d3.#a2.#a1.#f1.#d1.#a)[L],(a3.#f3.#d3.a2.a1.#f1.#d1.a)[L],(a3.#f3.#d3.a2.#A-2.G-2.D-2.#A-3)[L],(#a3.g3.d3.#a2.#a1.g1.d1.#a)[L];"],"id":2,"instruments":["piano","piano"],"alternatives":["",""]},{"bpm":48,"baseBeats":0.5,"scores":["U,U,U,U,U,U,U,U,U,U,U,U,U,U,U,U,U,U,U,U,U,U,U,U,U,U,U,U,U,U,U,U,U,U,U,U,U,U,U,U,U,U,U,U,U,U,U,U,U,U,U,U,U,U,U,U,U,U,U,U,U,U,U,U,U,U,U,U,U,U,U,U,U,U,U,U,U,U,U,U,U,U,U,U,U,U,U,U,U,U,U,U,U,U,U,U,U,U,U,U,U,U,U,U,U,U,U,U,U,U,U,U,U,U,U,U,U,U,U,U,U,U,U,U,U,U,U,U,U,U,U,U,U,U,U,U,U,U,U,U,U,UX,R,TU;","(d3.#a2.g2.d2.d1.#a.g.d)[L],(d3.#a2.g2.d2.d1.#a.g.d)[L],(d3.#a2.g2.d2.d1.#a.g.d)[L],(d3.#a2.g2.d2.d1.#a.g.d)[L],(d3.#a2.g2.d2.d1.#a.g.d)[L],(d3.#a2.g2.d2.d1.#a.g.d)[L],(d3.#a2.g2.d2.d1.#a.g.d)[L],(f4.#a3.g3.f3.f2.#a1.g1.f1)[L],(e4.#a3.g3.e3.e2.#a1.g1.e1)[L],(d4.#a3.g3.d3.d2.#a1.g1.d1)[L],(g4.#a3.g3.g2.#a1.g1)[L],(#a3.g3.#a2.C-1.C-2)[L],(#a3.g3.#a2.#a1.g1.#a)[L],(#a3.g3.#a2.#a1.g1.#a)[L],(#a3.g3.#a2.#a1.g1.#a)[L],(c4.a3.c3.c2.a1.c1)[L],(d4.#a3.d3.d2.#a1.d1)[L],(c4.a3.c3.c2.a1.c1)[L],(e4.c4.e3.e2.c2.e1)[L],(d4.#a3.d3.d2.#a1.d1)[L],(d4.#a3.d3.d2.#a1.d1)[MO],(c4.a3.c3.c2.a1.c1)[MN],(#a3.g3.#a2.#a1.g1.#a)[MO],(d4.#a3.d3.d2.#a1.d1)[L],(c4.a3.c3.c2.a1.c1)[L],(a3.f3.c3.a2.F-1.C-1.A-2.F-2)[L],(a3.f3.c3.a2.a1.f1.c1.a)[L],(a3.f3.c3.a2.a1.f1.c1.a)[L],(a3.f3.c3.a2.a1.f1.c1.a)[L],(a3.f3.c3.a2.a1.f1.c1.a)[L],(a3.f3.c3.a2.a1.f1.c1.a)[L],(a3.f3.c3.a2.a1.f1.c1.a)[L],(e3.e2.e1.e)[L],(f3.f2.f1.f)[L],(g3.g2.g1.g)[L],(a3.f3.#c3.a2.#c.#C-1)[L],(a3.f3.#c3.a2.a1.f1.#c1.a)[L],(a3.f3.#c3.a2.a1.f1.#c1.a)[L],(a3.f3.#c3.a2.a1.f1.#c1.a)[L],(a3.f3.#c3.a2.a1.f1.#c1.a)[L],(a3.f3.#c3.a2.a1.f1.#c1.a)[L],(a3.f3.c3.a2.F-1.F-2)[L],(g3.e3.g2.g1.e1.g)[L],(a3.f3.a2.a1.f1.a)[L],(c4.a3.c3.c2.a1.c1)[L],(#a3.g3.#a2.#a1.g1.#a)[L],(a3.f3.a2.a1.f1.a)[L],(a3.f3.#c3.a2.#c.#C-1)[L],(a3.f3.#c3.a2.a1.f1.#c1.a)[L],(a3.f3.#c3.a2.a1.f1.#c1.a)[L],(a3.f3.#c3.a2.a1.f1.#c1.a)[L],(a3.f3.#c3.a2.a1.f1.#c1.a)[L],(a3.f3.#c3.a2.a1.f1.#c1.a)[L],(a3.f3.c3.a2.F-1.F-2)[L],(g3.e3.g2.g1.e1.g)[L],(a3.f3.a2.a1.f1.a)[L],(c4.a3.c3.c2.a1.c1)[L],(#a3.g3.#a2.#a1.g1.#a)[L],(a3.f3.a2.a1.f1.a)[L],(a3.f3.#c3.a2.#c.#C-1)[L],(a3.f3.#c3.a2.a1.f1.#c1.a)[L],(a3.f3.#c3.a2.a1.f1.#c1.a)[L],(a3.f3.#c3.a2.a1.f1.#c1.a)[L],(a3.f3.#c3.a2.a1.f1.#c1.a)[L],(a3.f3.#c3.a2.a1.f1.#c1.a)[L],(a3.f3.c3.a2.F-1.F-2)[L],(g3.e3.g2.g1.e1.g)[L],(a3.f3.a2.a1.f1.a)[L],(c4.a3.c3.c2.a1.c1)[L],(#a3.g3.#a2.#a1.g1.#a)[L],(a3.f3.a2.a1.f1.a)[L],(a3.f3.#c3.a2.#c.#C-1)[L],(a3.f3.#c3.a2.a1.f1.#c1.a)[L],(a3.f3.#c3.a2.a1.f1.#c1.a)[L],(a3.f3.#c3.a2.a1.f1.#c1.a)[L],(a3.f3.#c3.a2.a1.f1.#c1.a)[L],(a3.f3.#c3.a2.a1.f1.#c1.a)[L],(a3.f3.c3.a2.F-1.F-2)[L],(a3.f3.c3.a2.a1.f1.c1.a)[L],(a3.f3.c3.a2.a1.f1.c1.a)[L],(e2.e1.e)[L],(f2.f1.f)[L],(g2.g1.g)[L],(a2.f2.#c2.a1.#c.#C-1)[L],(a2.f2.#c2.a1.f1.#c1.a.f)[L],(a2.f2.#c2.a1.f1.#c1.a.f)[L],(a2.f2.#c2.a1.f1.#c1.a.f)[L],(a2.f2.#c2.a1.f1.#c1.a.f)[L],(a2.f2.#c2.a1.f1.#c1.a.f)[L],(a2.f2.c2.a1.F-1.F-2)[L],(a2.e2.g1.e1.g.f)[L],(a2.f2.a1.f1.a.f)[L],(a2.c2.a1.c1.f)[L],(a2.g2.#a1.g1.#a.f)[L],(a2.f2.a1.f1.a.f)[L],(a2.f2.#c2.a1.#c.#C-1)[L],(a2.f2.#c2.a1.f1.#c1.a.f)[L],(a2.f2.#c2.a1.f1.#c1.a.f)[L],(a2.f2.#c2.a1.f1.#c1.a.f)[L],(a2.f2.#c2.a1.f1.#c1.a.f)[L],(a2.f2.#c2.a1.f1.#c1.a.f)[L],(a2.f2.c2.a1.F-1.F-2)[L],(a2.e2.g1.e1.g.f)[L],(a2.f2.a1.f1.a.f)[L],(a2.c2.a1.c1.f)[L],(a2.g2.#a1.g1.#a.f)[L],(a2.f2.a1.f1.a.f)[L],(a2.f2.#c2.a1.#c.#C-1)[L],(a2.f2.#c2.a1.f1.#c1.a.f)[L],(a2.f2.#c2.a1.f1.#c1.a.f)[L],(a2.f2.#c2.a1.f1.#c1.a.f)[L],(a2.f2.#c2.a1.f1.#c1.a.f)[L],(a2.f2.#c2.a1.f1.#c1.a.f)[L],(a2.f2.c2.a1.F-1.F-2)[L],(a2.e2.g1.e1.g.f)[L],(a2.f2.a1.f1.a.f)[L],(a2.c2.a1.c1.f)[L],(a2.g2.#a1.g1.#a.f)[L],(a2.f2.a1.f1.a.f)[L],(a2.f2.#c2.a1.#c.#C-1)[L],(a2.f2.#c2.a1.f1.#c1.a.f)[L],(a2.f2.#c2.a1.f1.#c1.a.f)[L],(a2.f2.#c2.a1.f1.#c1.a.f)[L],(a2.f2.#c2.a1.f1.#c1.a.f)[L],(a2.f2.#c2.a1.f1.#c1.a.f)[L],(a2.f2.#c2.a1.f1.#c1.a.f)[L],(a2.f2.#c2.a1.f1.#c1.a.f)[L],(a2.f2.#c2.a1.f1.#c1.a.f)[L],(a2.f2.#c2.a1.f1.#c1.a.f)[L],(a2.f2.#c2.a1.f1.#c1.a.f)[L],(a2.f2.#c2.a1.f1.#c1.a.f)[L],(a2.f2.#c2.a1.f1.#c1.a.f)[L],(a2.f2.#c2.a1.f1.#c1.a.f)[L],(a2.f2.#c2.a1.f1.#c1.a.f)[L],(a2.f2.#c2.a1.f1.#c1.a.f)[L],(a2.f2.#c2.a1.f1.#c1.a.f)[L],(a2.f2.#c2.a1.f1.#c1.a.f)[L],(a2.f2.#c2.a1.f1.#c1.a.f)[L],(a2.f2.#c2.a1.f1.#c1.a.f)[L],(a2.f2.#c2.a1.f1.#c1.a.f)[L],(a2.f2.#c2.a1.f1.#c1.a.f)[L],(a2.f2.#c2.a1.f1.#c1.a.f)[L],(a2.f2.#c2.a1.f1.#c1.a.f)[L],(a2.f2.c2.a1.f1.c1.a.f)[O],(f4.c4.a3.f3.F-1.C-1.A-2.F-2)[I],TU;"],"id":3,"instruments":["piano","piano"],"alternatives":["",""]}],"audition":{"start":[0,0],"end":[2,143]}}