{"baseBpm":198,"musics":[{"bpm":198,"baseBeats":0.75,"scores":["mute[LM],mute[LM],mute[LM],mute[LM],mute[LM],mute[LM],mute[LM],mute[LM],mute[LM],mute[LM],mute[LM],mute[LM],mute[LM],mute[LM],mute[LM],mute[LM],mute[LM],mute[LM],mute[LM],mute[LM],mute[LM],mute[LM],mute[LM],mute[LM],mute[LM],mute[LM],mute[LM],mute[LM],mute[LM],mute[LM],mute[LM],mute[LM],mute[LM],mute[LM],mute[LM],mute[LM],mute[LM],mute[LM],mute[LM],mute[LM],mute[LM],mute[LM],mute[LM],mute[LM],mute[LM],mute[LM],mute[LM],mute[LM],mute[LM],mute[LM],mute[LM],mute[LM],mute[LM],mute[LM],mute[LM],mute[LM],mute[LM],mute[LM],mute[LM],mute[LM],mute[LM],mute[LM],mute[LM],mute[LM],mute[LM],mute[LM],mute[LM],mute[LM],mute[LM],mute[LM],mute[LM],mute[LM],mute[LM],mute[LM],mute[LM],mute[LM],mute[LM],mute[LM],mute[LM],mute[LM],mute[LM],mute[LM],mute[LM],mute[LM],mute[LM],mute[LM],mute[LM],mute[LM],mute[LM],mute[LM],mute[LM],mute[LM],mute[LM],mute[LM],mute[LM],mute[LM],mute[LM],mute[LM],mute[LM],mute[LM],mute[LM],mute[LM],mute[LM],mute[LM],mute[LM],mute[LM],mute[LM],mute[LM],mute[LM],mute[LM],mute[LM],mute[LM],mute[LM],mute[LM],mute[LM],mute[LM],mute[LM],mute[LM],mute[LM],mute[LM],mute[LM],mute[LM],mute[LM],mute[LM],mute[LM],mute[LM],mute[LM],mute[LM],mute[LM],mute[LM],mute[LM],mute[LM],mute[LM],mute[LM],mute[LM],mute[LM],mute[LM],mute[LM],mute[LM],mute[LM],mute[LM],mute[LM],mute[LM],mute[LM],mute[LM],mute[LM],mute[LM],mute[LM],mute[LM],mute[LM],mute[LM],mute[LM],mute[LM],mute[LM],mute[LM],mute[LM],mute[LM],mute[LM],mute[LM],mute[LM],mute[LM],mute[LM],mute[LM],mute[LM],mute[LM],mute[LM],mute[LM],mute[LM],mute[LM],mute[LM],mute[LM],mute[LM],mute[LM],mute[LM],mute[LM],mute[LM],mute[LM],mute[LM],mute[LM],mute[LM],mute[LM],mute[LM],mute[LM],mute[LM],mute[LM],mute[LM],mute[LM],mute[LM],mute[LM],mute[LM],mute[LM],mute[LM],mute[LM],mute[LM],mute[LM],mute[LM],mute[LM],mute[LM],mute[LM],mute[LM],mute[LM],mute[LM],mute[LM],mute[LM],mute[LM],mute[LM],mute[LM],mute[LM],mute[LM],mute[LM],mute[LM],mute[KM];","f2[LM],e2[LM],d2[LM],(e2.A-1)[LM],d2[LM],(c2.a)[LM],b1[LM],c2[LM],b1[LM],(a1.b)[LM],#g1[LM],(a1.c1)[LM],g1[LM],(f1.#c1)[LM],e1[LM],(f1.d1)[LM],c1[LM],(d2.b)[LM],a[LM],(e1.#g)[LM],e[LM],(c2.#f)[LM],(b1.#g)[LM],(c2.a)[LM],b[LM],(a1.c1)[LM],d1[LM],(b1.e1)[LM],a1[LM],#g1[LM],#f1[LM],#g1[LM],d1[LM],(e2.c1)[LM],(d2.b)[LM],(c2.a1.a)[LM],g[LM],(d2.f)[LM],(e2.e)[LM],(f2.d)[LM],(e2.c)[LM],(d2.B-1)[LM],(c2.A-1)[LM],(b1.G-1)[LM],(d2.F-1)[LM],(g2.E-1)[LM],(f2.D-1)[LM],(c2.e2.C-1)[LM],b1[LM],(a1.g2.e)[LM],g1[LM],(a1.f)[LM],e[LM],(f2.d)[LM],c[LM],(g1.B-1)[LM],f2[LM],(e2.#c)[LM],a1[LM],(f1.d)[LM],e[LM],(d2.f)[LM],g[LM],(e1.a)[LM],d2[LM],(a1.c2)[LM],A-1[LM],(b1.a1.d)[LM],A-1[LM],(#c2.e)[LM],A-1[LM],(d2.f)[LM],e[LM],d[LM],(e2.#c)[LM],(f2.d)[LM],a[LM],(e2.c)[LM],a[LM],(#d2.B-1)[LM],(c2.a)[LM],(b1.g)[LM],(a1.#f)[LM],(e2.b1.g)[LM],#f[LM],(#f2.e)[LM],#d[LM],(g2.e)[LM],(b1.a2)[LM],(e2.b2.G-1)[LM],d2[LM],(c2.A-1)[LM],(e2.G-1)[LM],(a2.#F-1)[LM],(g2.E-1)[LM],(#f2.#D-1)[LM],c2[LM],b1[LM],a1[LM],(g1.E-1)[LM],b1[LM],(e2.b1.g)[LM],d2[LM],(c2.g)[LM],a[LM],(a1.b)[LM],e[LM],(b1.#d)[LM],a1[LM],(g1.b)[LM],#f1[LM],(g1.e)[LM],#f1[LM],(e1.c2.a)[LM],#d1[LM],(e1.b1)[LM],g[LM],(g1.e2.#f)[LMN],e[LM],(#f1.b)[LM],e2[LM],(a1.B-1)[LMN],#d2[LM],(#g1.e2.e)[LM],E-1[LM],#G-1[LM],B-1[LMN],e[LMN],f2[LM],e2[LM],d2[LM],(e2.A-1)[LM],d2[LM],(c2.a)[LM],b1[LM],c2[LM],b1[LM],(a1.b)[LM],#g1[LM],(a1.c1)[LM],g1[LM],(f1.#c1)[LM],e1[LM],(f1.d1)[LM],c1[LM],(d2.b)[LM],a[LM],(e1.#g)[LM],e[LM],(c2.#f)[LM],(b1.#g)[LM],(c2.a)[LM],b[LM],(a1.c1)[LM],d1[LM],(b1.e1)[LM],a1[LM],#g1[LM],#f1[LM],#g1[LM],d1[LM],(e2.c1)[LM],(d2.b)[LM],(c2.a1.a)[LM],g[LM],(d2.f)[LM],(e2.e)[LM],(f2.d)[LM],(e2.c)[LM],(d2.B-1)[LM],(c2.A-1)[LM],(b1.G-1)[LM],(d2.F-1)[LM],(g2.E-1)[LM],(f2.D-1)[LM],(c2.e2.C-1)[LM],b1[LM],(a1.g2.e)[LM],g1[LM],(a1.f)[LM],e[LM],(f2.d)[LM],c[LM],(g1.B-1)[LM],f2[LM],(e2.#c)[LM],a1[LM],(f1.d)[LM],e[LM],(d2.f)[LM],g[LM],(e1.a)[LM],d2[LM],(a1.c2)[LM],A-1[LM],(b1.a1.d)[LM],A-1[LM],(#c2.e)[LM],A-1[LM],(d2.f)[LM],e[LM],d[LM],(e2.#c)[LM],(f2.d)[LM],a[LM],(e2.c)[LM],a[LM],(#d2.B-1)[LM],(c2.a)[LM],(b1.g)[LM],(a1.#f)[LM],(e2.b1.g)[LM];"],"id":1,"instruments":["piano","piano"],"alternatives":["",""]},{"bpm":198,"baseBeats":0.75,"scores":["mute[LM],mute[LM],mute[LM],mute[LM],mute[LM],mute[LM],mute[LM],mute[LM],mute[LM],mute[LM],mute[LM],mute[LM],mute[LM],mute[LM],mute[LM],mute[LM],mute[LM],mute[LM],mute[LM],mute[LM],mute[LM],mute[LM],mute[LM],mute[LM],mute[LM],mute[LM],mute[LM],mute[LM],mute[LM],mute[LM],mute[LM],mute[LM],mute[LM],mute[LM],mute[LM],mute[LM],mute[LM],mute[LM],mute[LM],mute[LM],mute[KM],mute[K],mute[K],mute[K],mute[LM],mute[LM],mute[LM],mute[LM],mute[LM],mute[LM],mute[LM],mute[LM],mute[LM],mute[LM],mute[LM],mute[LM],mute[LM],mute[LM],mute[LM],mute[LM],mute[LM],mute[LM],mute[LM],mute[LM],mute[LM],mute[LM],mute[LM],mute[LM],mute[LM],mute[LM],mute[LM],mute[LM],mute[LM],mute[LM],mute[LM],mute[LM],mute[LM],mute[LM],mute[LM],mute[LM],mute[LM],mute[LM],mute[LM],mute[LM],mute[LM],mute[LM],mute[LM],mute[LM],mute[LM],mute[LM],mute[LM],mute[LM],mute[LM],mute[LM],mute[LM],mute[LM],mute[LM],mute[LM],mute[LM],mute[LM],mute[LM],mute[LM],mute[LM],mute[LM],mute[LM],mute[LM],mute[LM],mute[LM],mute[LM],mute[LM],mute[LM],mute[LM],mute[LM],mute[LM],mute[LM],mute[LM],mute[LM],mute[LM],mute[LM],mute[LM],mute[LM],mute[LM],mute[LM],mute[LM],mute[LM],mute[LM],mute[LM],mute[LM],mute[LM],mute[LM],mute[LM],mute[LM],mute[LM],mute[LM],mute[LM],mute[LM],mute[LM],5<UV>,5<UV>,mute[LM],mute[LM],mute[LM],mute[LM],mute[LM],mute[LM],mute[LM],mute[LM],mute[LM],mute[LM],mute[LM],mute[LM],mute[LM],mute[LM],mute[LM],mute[LM],mute[LM],mute[LM],mute[LM],mute[LM],mute[LM],mute[LM],mute[LM],mute[LM],mute[LM],mute[LM],mute[LM],mute[LM],mute[LM],mute[LM],mute[LM],mute[LM],mute[LM],mute[LM],mute[LM],mute[LM],mute[LM],mute[LM],mute[LM],mute[LM],mute[LM],mute[LM],mute[LM],mute[LM],mute[LM],mute[LM],mute[LM],mute[KM],mute[K],mute[K],mute[LM],mute[LM],mute[LM],mute[LM],mute[LM],mute[LM],mute[LM],mute[LMN];","#f[LM],(#f2.e)[LM],#d[LM],(g2.e)[LM],(b1.a2)[LM],(e2.b2.G-1)[LM],d2[LM],(c2.A-1)[LM],(e2.G-1)[LM],(a2.#F-1)[LM],(g2.E-1)[LM],(#f2.#D-1)[LM],c2[LM],b1[LM],a1[LM],(g1.E-1)[LM],b1[LM],(e2.b1.g)[LM],d2[LM],(c2.g)[LM],a[LM],(a1.b)[LM],e[LM],(b1.#d)[LM],a1[LM],(g1.b)[LM],#f1[LM],(g1.e)[LM],#f1[LM],(e1.c2.a)[LM],#d1[LM],(e1.b1)[LM],g[LM],(g1.e2.#f)[LM],e[LMN],(#f1.b)[LMN],e2[LM],(a1.B-1)[LMN],#d2[LM],(#g1.e2.e)[LMN],E-1[LM],#G-1[K],B-1[K],e[K],#d1[LM],e1[LM],#f1[LM],e1[LM],#f1[LM],#g1[LM],a1[LM],#g1[LM],(#f1.a1.c1)[LM],(#g1.b1.b)[LM],(a1.c2.a)[LM],(#g1.b1.b)[LM],(a1.c2.a)[LM],(b1.d2.#g)[LM],(c2.e2.#f)[LM],(b1.d2.#g)[LM],(a1.#f)[LM],(#g1.e)[LM],(#f1.d)[LM],(e1.c)[LM],d[LM],(c2.a1.e)[LM],f[LM],(b1.d)[LM],f1[LM],(#g1.e1)[LM],d1[LM],(a1.c1)[LM],d1[LM],c1[LM],b[LM],a[LM],(#c1.g)[LM],(d1.#f)[LM],(e1.e)[LM],(d1.#f)[LM],(e1.e)[LM],(#f1.d)[LM],(g1.#c)[LM],(#f1.d)[LM],(e1.g1.b)[LM],(#f1.a1.a)[LM],(g1.b1.g)[LM],(#f1.a1.a)[LM],(g1.b1.g)[LM],(a1.c2.#f)[LM],(b1.d2.e)[LM],(a1.c2.#f)[LM],(g1.e)[LM],(#f1.d)[LM],(e1.c)[LM],(d1.B-1)[LM],c[LM],(b1.g1.d)[LM],e[LM],(a1.c)[LM],e1[LM],(#f1.d1)[LM],c1[LM],(g1.b)[LM],c1[LM],b[LM],a[LM],g[LM],G-1[LM],(g2.B-1)[LM],(b1.G-1)[LM],(a1.#c)[LM],A-1[LM],(#f2.#d)[LM],B-1[LM],(g1.e)[LM],#f[LM],(e2.g)[LM],(g1.e)[LM],(#f1.B-1)[LM],b[LM],(d2.d1)[LM],b[LM],(e1.c1)[LM],b[LM],(c2.a)[LM],(e1.g)[LM],(d1.#f)[LM],a[LM],(b1.#g)[LM],e[LM],(c1.a)[LM],A-1[LM],(a1.c)[LM],A-1[LM],(b.a1.d)[LM],A-1[LM],(#c1.e)[M],d1[M],#c1[M],(d1.A-1)[M],#c1[L],(d1.f)[LM],a[LM],(e1.#c)[LM],a[LM],(f1.d)[LM],e1[LM],d1[LM],#c1[LM],d1[LM],c1[LM],(f1.d2.b)[LM],a[LM],(e1.#g)[LM],d2[LM],(c2.e)[LM],b1[LM],(c2.a)[LM],b1[LM],(f1.a1.d)[LM],#g1[LM],(e1.a1)[LM],c[LM],(c2.a2.B-1)[LM],A-1[LMN],(b1.e)[LM],a2[LM],(d2.E-1)[LM],#g2[LMN],(c2.a2.A-1)[LM],A-2[LMN],C-1[LM],E-1[LMN],A-1[LM],#d1[LM],e1[LM],#f1[LM],(e1.b1)[LMN],g[LM],(g1.e2.#f)[LM],e[LMN],(#f1.b)[LM],e2[LMN],(a1.B-1)[LMN],#d2[LM],(#g1.e2.e)[LMN],E-1[LM],#G-1[LMN],B-1[K],e[K],#d1[LM],e1[LM],#f1[LMN],e1[LM],#f1[LM],#g1[LM],a1[LM],#g1[LM];"],"id":2,"instruments":["piano","piano"],"alternatives":["",""]},{"bpm":198,"baseBeats":0.75,"scores":["mute[LM],mute[LM],mute[LM],mute[LM],mute[LM],mute[LM],mute[LM],mute[LM],mute[LM],mute[LM],mute[LM],mute[LM],mute[LM],mute[LM],mute[LM],mute[LM],mute[LM],mute[LM],mute[LM],mute[LM],mute[LM],mute[LM],mute[LM],mute[LM],mute[LM],mute[LM],mute[LM],mute[LM],mute[LM],mute[LM],mute[LM],mute[LM],mute[LM],mute[LM],mute[LM],mute[LM],mute[LM],mute[LM],mute[LM],mute[LM],mute[LM],mute[LM],mute[LM],mute[LM],mute[LM],mute[LM],mute[LM],mute[LM],mute[LM],mute[LM],mute[LM],mute[LM],mute[LM],mute[LM],mute[LM],mute[LM],mute[LM],mute[LM],mute[LM],mute[LM],mute[LM],mute[LM],mute[LM],mute[LM],mute[LM],mute[LM],mute[LM],mute[LM],mute[LM],mute[LM],mute[LM],mute[LM],mute[LM],mute[LM],mute[LM],mute[LM],mute[LM],mute[LM],mute[LM],mute[LM],mute[LM],mute[LM],mute[LM],mute[LM],mute[LM],5<UV>,5<UV>,mute[LM],mute[LM],mute[LM],mute[LM],mute[LM],mute[LM],mute[LM],mute[LM],mute[LM],mute[LM],mute[LM],mute[LM],mute[LM],mute[LM],mute[LM],mute[LM],mute[LM],mute[LM],mute[LM],mute[LM],mute[LM],mute[LM],mute[LM],mute[LM],mute[LM],mute[LM],mute[LM],mute[LM],mute[LM],mute[LM],mute[LM],mute[K],mute[KLM],mute[HHKMN];","(#f1.a1.c1)[LM],(#g1.b1.b)[LM],(a1.c2.a)[LM],(#g1.b1.b)[LM],(a1.c2.a)[LM],(b1.d2.#g)[LM],(c2.e2.#f)[LM],(b1.d2.#g)[LM],(a1.#f)[LM],(#g1.e)[LM],(#f1.d)[LM],(e1.c)[LM],d[LM],(c2.a1.e)[LM],f[LM],(b1.d)[LM],f1[LM],(#g1.e1)[LM],d1[LM],(a1.c1)[LM],d1[LM],c1[LM],b[LM],a[LM],(#c1.g)[LM],(d1.#f)[LM],(e1.e)[LM],(d1.#f)[LM],(e1.e)[LM],(#f1.d)[LM],(g1.#c)[LM],(#f1.d)[LM],(e1.g1.b)[LM],(#f1.a1.a)[LM],(g1.b1.g)[LM],(#f1.a1.a)[LM],(g1.b1.g)[LM],(a1.c2.#f)[LM],(b1.d2.e)[LM],(a1.c2.#f)[LM],(g1.e)[LM],(#f1.d)[LM],(e1.c)[LM],(d1.B-1)[LM],c[LM],(b1.g1.d)[LM],e[LM],(a1.c)[LM],e1[LM],(#f1.d1)[LM],c1[LM],(g1.b)[LM],c1[LM],b[LM],a[LM],g[LM],G-1[LM],(g2.B-1)[LM],(b1.G-1)[LM],(a1.#c)[LM],A-1[LM],(#f2.#d)[LM],B-1[LM],(g1.e)[LM],#f[LM],(e2.g)[LM],(g1.e)[LM],(#f1.B-1)[LM],b[LM],(d2.d1)[LM],b[LM],(e1.c1)[LM],b[LM],(c2.a)[LM],(e1.g)[LM],(d1.#f)[LM],a[LM],(b1.#g)[LM],e[LM],(c1.a)[LM],A-1[LM],(a1.c)[LM],A-1[LM],(b.a1.d)[LM],A-1[LM],(#c1.e)[M],d1[M],#c1[M],(d1.A-1)[M],#c1[L],(d1.f)[LM],a[LM],(e1.#c)[LM],a[LM],(f1.d)[LM],e1[LM],d1[LM],#c1[LM],d1[LM],c1[LM],(f1.d2.b)[LM],a[LM],(e1.#g)[LM],d2[LM],(c2.e)[LM],b1[LM],(c2.a)[LM],b1[LM],(f1.a1.d)[LM],#g1[LM],(e1.a1)[LM],c[LM],(c2.a2.B-1)[LMN],A-1[LM],(b1.e)[LMN],a2[LMN],(d2.E-1)[LM],#g2[LMN],(c2.a2.A-1)[LMN],A-2[LMN],C-1[K],E-1[KLM],A-1[HHKMN];"],"id":3,"instruments":["piano","piano"],"alternatives":["",""]}],"audition":{"start":[0,0],"end":[2,120]}}