{"baseBpm":1,"musics":[{"id":1,"baseBeats":0.5,"scores":["G-1[L],d[L],b[L],d1[L],g1[L],#a1[L],b1[L],e2[L],d2[J],(a.e1.g1.c2)[K],e2[K],(d.c1.#f1.a1)[J],(e.b.d1.g1)[K],b1[K],(A-1.g.#c1.e1)[L],#g1[L],b1[L],a1[L],e2[J],(d.#f.c1)[L],g1[L],b1[L],a1[L],d2[K],#f1[K],"]},{"id":2,"baseBeats":0.5,"scores":["(G-1.g.b.g1)[I],G-1[L],d[L],b[L],d1[L],g1[L],#a1[L],b1[L],e2[L],d2[J],(#a.e1.g1.#c2)[K],g2[K],(b.d1.#f1.e2)[K],d2[K],(#g.d1.f1.b1)[K],d2[K],(a.d1.#f1.c2)[K],a1[K],(#f.a.d1)[K],g1[K],(A-1.g.#c1.#f1)[K],"]},{"id":3,"baseBeats":0.5,"scores":["b[K],(#c1.#f1.a1)[K],e1[K],(d.#f.d1)[J],(a.e1.g1.c2)[K],d2[K],(d.c1.#f1.a1)[J],(e.b.d1.g1)[K],b1[K],(A-1.g.#c1.e1)[L],#g1[L],b1[L],a1[L],#f2[K],e2[K],(d.#f.c1)[L],g1[L],b1[L],a1[L],d2[K],#f1[K],(G-1.g.b.g1)[J],(G-2.G-1)[IJ],S,"]}],"audition":{"start":[0,0],"end":[0,9]}}