{"baseBpm":252,"musics":[{"bpm":252,"baseBeats":0.75,"scores":["mute[KL],mute[JM],mute[LM],mute[KL],mute[KL],mute[KL],mute[LM],mute[LM],mute[KL],mute[KL],mute[KL],mute[LM],mute[LM],mute[KL],mute[KL],mute[KL],mute[LM],mute[LM],mute[KL],mute[KL],mute[KL],mute[LM],mute[LM],mute[KL],mute[KL],mute[KL],mute[KL],mute[KL],mute[KL],mute[LM],mute[LM],mute[LM],mute[LM],mute[KL],mute[LM],mute[LM],mute[JK],mute[JM],mute[LM],mute[KL],mute[LM],mute[LM],mute[KLN],mute[LM],mute[LM],mute[JKN],mute[KLN],mute[KL],mute[JM],mute[LM],mute[KL],mute[KL],mute[KL],mute[LM],mute[LM],mute[KL],mute[KL],mute[KL],mute[LM],mute[LM],mute[KL],mute[KL],mute[KL],mute[LM],mute[LM],mute[KL],mute[KL],mute[KL],mute[LM],mute[LM],mute[KL],mute[KL],mute[KL],mute[KL],mute[KL],mute[KL],mute[LM],mute[LM],mute[LM],mute[LM],mute[KL],mute[LM],mute[LM],mute[JK],mute[JM],mute[LM],mute[KL],mute[LM],mute[LM],mute[KLN],mute[LM],mute[LMN],mute[JKL],mute[KLM],mute[KLN],mute[LM],mute[LM],mute[LM],mute[LM],mute[KL],mute[KL];","(d2.g)[KL],(#d2.g)[JM],#a1[LM],(c2.a)[KL],(d2.#f)[KL],(#a1.g)[KL],a1[LM],#a1[LM],g1[KL],(g2.#a.g)[KL],(f2.c1.a)[KL],#d2[LM],d2[LM],#d2[KL],(f2.a.f)[KL],(d2.#a)[KL],c2[LM],d2[LM],#a1[KL],(#a2.d1.#a)[KL],(#a2.c1.f)[KL],a2[LM],g2[LM],a2[KL],(a2.c1.#f)[KL],(a2.g.c1)[KL],d2[KL],(g2.#a)[KL],(g2.#a.d1)[KL],(g2.a.#c1)[LM],a2[LM],(f2.d1.d)[LM],g2[LM],(e2.d1.a)[KL],#c1[LM],d2[LM],(d2.d1.d)[JK],a1[JM],g1[LM],(a1.f.d1)[KL],(g1.g)[LM],f1[LM],(e1.a)[KLN],A-1[LM],d1[LM],(d1.d)[JKN],D-1[KLN],(d2.g)[KL],(#d2.g)[JM],#a1[LM],(c2.a)[KL],(d2.#f)[KL],(#a1.g)[KL],a1[LM],#a1[LM],g1[KL],(g2.#a.g)[KL],(f2.c1.a)[KL],#d2[LM],d2[LM],#d2[KL],(f2.a.f)[KL],(d2.#a)[KL],c2[LM],d2[LM],#a1[KL],(#a2.d1.#a)[KL],(#a2.c1.f)[KL],a2[LM],g2[LM],a2[KL],(a2.c1.#f)[KL],(a2.g.c1)[KL],d2[KL],(g2.#a)[KL],(g2.#a.d1)[KL],(g2.a.#c1)[LM],a2[LM],(f2.d1.d)[LM],g2[LM],(e2.d1.a)[KL],#c1[LM],d2[LM],(d2.d1.d)[JK],a1[JM],g1[LM],(a1.f.d1)[KL],(g1.g)[LM],f1[LM],(e1.a)[KLN],A-1[LM],d1[LMN],(d1.d)[JKL],D-1[KLM],a2[KLN],(a2.d.d1)[LM],g2[LM],#f2[LM],e2[LM],(d2.d1.#f)[KL],c3[KL];"],"id":1,"instruments":["piano","piano"],"alternatives":["",""]},{"bpm":252,"baseBeats":0.75,"scores":["mute[KL],5<UV>,mute[LM],mute[KL],mute[KL],mute[LM],mute[LM],mute[LM],mute[LM],mute[LM],mute[LM],mute[LM],mute[LM],mute[KL],mute[LM],mute[LM],mute[KL],mute[KL],mute[KL],mute[LM],mute[LM],mute[KL],mute[KL],mute[KL],mute[KL],mute[KL],mute[KL],mute[KL],mute[LM],mute[LM],mute[KL],mute[KL],mute[KL],mute[KL],mute[KL],mute[KL],mute[LM],mute[LM],mute[LM],mute[LM],mute[LM],mute[LM],mute[LM],mute[LM],mute[JK],mute[JK],mute[LM],mute[LM],mute[LM],mute[LM],mute[LM],mute[LM],mute[LM],mute[LM],mute[LM],mute[LM],mute[LM],mute[LM],mute[LM],mute[LM],mute[LM],mute[LM],mute[JK],5<UV>,mute[JM],mute[IL],mute[KL],mute[LM],mute[LM],mute[LM],mute[LM],mute[KL],mute[KL],mute[KL],5<UV>,mute[LM],mute[KL],mute[KL],mute[LM],mute[LM],mute[LM],mute[LM],mute[LM],mute[LM],mute[LM],mute[LM],mute[KL],mute[LM],mute[LM],mute[KL],mute[KL],mute[KL],mute[LM],mute[LM],mute[KL],mute[KL],mute[KL],mute[KL],mute[KL],mute[KL],mute[KL],mute[LM],mute[LM],mute[KL],mute[KL],mute[KL],mute[KL],mute[KL],mute[KL],mute[LM],mute[LM],mute[LM],mute[LM];","(c3.g.d1)[KL],#a2[M],c3[M],#a2[M],a2[LM],#a2[KL],(#a2.#a)[KL],(a2.c1)[LM],c3[LM],b2[LM],#a2[LM],(a2.#c1)[LM],#g2[LM],g2[LM],a2[LM],(#f2.d1)[KL],(d2.d1)[LM],c1[LM],#a[KL],(g2.g)[KL],(#d2.c1)[KL],d2[LM],#d2[LM],(f2.a)[KL],#d2[KL],(d2.#a)[KL],#a1[KL],#a2[KL],(d1.#a)[KL],(c1.f)[KL],a2[LM],g2[LM],a2[KL],(c1.#f)[KL],(a.#f)[KL],d2[KL],g2[KL],#a[KL],(a.#c1)[LM],#a2[LM],a2[LM],#g2[LM],g2[LM],#f2[LM],f2[LM],e2[LM],(f2.d1.g)[JK],(e2.a.#c1)[JK],(d2.d)[LM],d1[LM],#c1[LM],d1[LM],d[LM],d1[LM],#c1[LM],d1[LM],f[LM],#a1[LM],a1[LM],#g1[LM],g1[LM],#f1[LM],f1[LM],e1[LM],(f1.a)[JK],(f1.A-1)[M],e1[M],f1[M],e1[JM],(d1.d)[IL],a2[KL],(a2.d.d1)[LM],g2[LM],#f2[LM],e2[LM],(d2.d1.#f)[KL],c3[KL],(c3.g.d1)[KL],#a2[M],c3[M],#a2[M],a2[LM],#a2[KL],(#a2.#a)[KL],(a2.c1)[LM],c3[LM],b2[LM],#a2[LM],(a2.#c1)[LM],#g2[LM],g2[LM],a2[LM],(#f2.d1)[KL],(d2.d1)[LM],c1[LM],#a[KL],(g2.g)[KL],(#d2.c1)[KL],d2[LM],#d2[LM],(f2.a)[KL],#d2[KL],(d2.#a)[KL],#a1[KL],#a2[KL],(d1.#a)[KL],(c1.f)[KL],a2[LM],g2[LM],a2[KL],(c1.#f)[KL],(a.#f)[KL],d2[KL],g2[KL],#a[KL],(a.#c1)[LM],#a2[LM],a2[LM],#g2[LM];"],"id":2,"instruments":["piano","piano"],"alternatives":["",""]},{"bpm":252,"baseBeats":0.75,"scores":["mute[LM],mute[LM],mute[LM],mute[LM],mute[JK],mute[JK],mute[LM],mute[LM],mute[LM],mute[LM],mute[LM],mute[LM],mute[LM],mute[LM],mute[LM],mute[LM],mute[LM],mute[LM],mute[LM],mute[LM],mute[LM],mute[LM],mute[JK],5<UV>,mute[JM],mute[IL],mute[KL],mute[LM],mute[LM],mute[LM],mute[LM],mute[KL],mute[KL],mute[KL],mute[LM],mute[LM],mute[KL],mute[KL],mute[LM],mute[LM],mute[LM],mute[LM],mute[KL],mute[KL],mute[KL],mute[LM],mute[LM],mute[KL],mute[KL],mute[LM],mute[LM],mute[LM],mute[LM],mute[KL],mute[KL],mute[KL],mute[LM],mute[LM],mute[JK],mute[KL],mute[LM],mute[LM],mute[KL],mute[LM],mute[LM],mute[KL],mute[LM],mute[LM],mute[KL],mute[KL],mute[KL],mute[JKLM],mute[LM],mute[JM],mute[LM],mute[KL],mute[LM],mute[LM],mute[KL],mute[LM],mute[LM],mute[KL],mute[LM],mute[LM],mute[LM],mute[LM],mute[LM],mute[LM],mute[KL],mute[LM],mute[LM],mute[LM],mute[LM],mute[LM],mute[LM],mute[LM],mute[LM],mute[LM],mute[LM],mute[LM],mute[LM],mute[LM],mute[LM],mute[LM],mute[LM],mute[LM],mute[LM],mute[LM],mute[LM],mute[LM],mute[LM],mute[KL],mute[LM],mute[LM],mute[IL],mute[KL],mute[LM],mute[LM],mute[LM],mute[LM],mute[KL],mute[KL],mute[KL],mute[LM],mute[LM],mute[KL],mute[KL],mute[LM],mute[LM],mute[LM],mute[LM],mute[KL],mute[KL],mute[KL],mute[LM],mute[LM],mute[KL],mute[KL],mute[LM],mute[LM],mute[LM],mute[LM],mute[KL],mute[KL],mute[KL],mute[LM],mute[LM],mute[JK],mute[KL],mute[LM],mute[LM],mute[KL],mute[LM],mute[LM],mute[KL],mute[LM],mute[LM],mute[KL],mute[KL],mute[KL],mute[JKLM],mute[LM],mute[JM],mute[LM],mute[KL],mute[LM],mute[LM],mute[KL],mute[LM],mute[LM],mute[KL],mute[LM],mute[LM],mute[LM],mute[LM],mute[LM],mute[LM],mute[KL],mute[LM],mute[LM],mute[LM],mute[LM],mute[LM],mute[LM],mute[LM],mute[LM],mute[LM],mute[LM],mute[LM],mute[LM],mute[LM],mute[LM],mute[LM],mute[LM],mute[LM],mute[LM],mute[LM],mute[LM],mute[LM],mute[LMN],mute[KL],mute[LMN],mute[KL],mute[HIJLMN];","g2[LM],#f2[LM],f2[LM],e2[LM],(f2.d1.g)[JK],(e2.a.#c1)[JK],(d2.d)[LM],d1[LM],#c1[LM],d1[LM],d[LM],d1[LM],#c1[LM],d1[LM],f[LM],#a1[LM],a1[LM],#g1[LM],g1[LM],#f1[LM],f1[LM],e1[LM],(f1.a)[JK],(f1.A-1)[M],e1[M],f1[M],e1[JM],(d1.d)[IL],a1[KL],(a1.d)[LM],g1[LM],#f1[LM],e1[LM],d1[KL],(c2.#f.d1)[KL],(c2.d1.g)[KL],#a1[LM],a1[LM],#a1[KL],(c2.a)[KL],(d2.b)[LM],c2[LM],b1[LM],a1[LM],g1[KL],(f2.g)[KL],(f2.c1)[KL],#d2[LM],d2[LM],#d2[KL],(g2.d1)[KL],(g2.e1)[LM],f2[LM],e2[LM],d2[LM],c2[KL],(#a2.g1.e1)[KL],(#a2.f1)[KL],#g2[LM],g2[LM],#g2[JK],#d1[KL],g2[LM],#f2[LM],g2[KL],d1[LM],c1[LM],b[KL],a2[LM],#a2[LM],(a2.c1)[KL],g2[KL],(#f2.d1)[KL],d2[JKLM],(d2.g)[LM],(#d2.g)[JM],#a1[LM],(c2.a)[KL],#f[LM],d2[LM],(#a1.g)[KL],a1[LM],#a1[LM],(g1.#a)[KL],g2[LM],f2[LM],(#d2.c1)[LM],d2[LM],c2[LM],#a1[LM],(a1.d1)[KL],d[LM],g1[LM],(g1.g)[LM],d2[LM],c2[LM],d2[LM],#a1[LM],c2[LM],a1[LM],#a1[LM],(g1.#A-1.g)[LM],#a1[LM],a1[LM],#a1[LM],g1[LM],a1[LM],f1[LM],g1[LM],(#d1.c.g)[LM],d1[LM],c1[LM],#a[LM],(a.d)[KL],D-1[LM],g[LM],(g.G-1)[IL],a1[KL],(a1.d)[LM],g1[LM],#f1[LM],e1[LM],d1[KL],(c2.#f.d1)[KL],(c2.d1.g)[KL],#a1[LM],a1[LM],#a1[KL],(c2.a)[KL],(d2.b)[LM],c2[LM],b1[LM],a1[LM],g1[KL],(f2.g)[KL],(f2.c1)[KL],#d2[LM],d2[LM],#d2[KL],(g2.d1)[KL],(g2.e1)[LM],f2[LM],e2[LM],d2[LM],c2[KL],(#a2.g1.e1)[KL],(#a2.f1)[KL],#g2[LM],g2[LM],#g2[JK],#d1[KL],g2[LM],#f2[LM],g2[KL],d1[LM],c1[LM],b[KL],a2[LM],#a2[LM],(a2.c1)[KL],g2[KL],(#f2.d1)[KL],d2[JKLM],(d2.g)[LM],(#d2.g)[JM],#a1[LM],(c2.a)[KL],#f[LM],d2[LM],(#a1.g)[KL],a1[LM],#a1[LM],(g1.#a)[KL],g2[LM],f2[LM],(#d2.c1)[LM],d2[LM],c2[LM],#a1[LM],(a1.d1)[KL],d[LM],g1[LM],(g1.g)[LM],d2[LM],c2[LM],d2[LM],#a1[LM],c2[LM],a1[LM],#a1[LM],(g1.#A-1.g)[LM],#a1[LM],a1[LM],#a1[LM],g1[LM],a1[LM],f1[LM],g1[LM],(#d1.c.g)[LM],d1[LM],c1[LM],#a[LMN],(a.d)[KL],D-1[LMN],g[KL],(g.G-1)[HIJLMN];"],"id":3,"instruments":["piano","piano"],"alternatives":["",""]}],"audition":{"start":[0,0],"end":[2,203]}}