{"baseBpm":80,"demo":null,"audition":{"start":[0,0],"end":[0,40]},"musics":[{"baseBeats":0.25,"measureBeats":4,"scores":["a1[M],9<(a1.e1.c1)[KM]>,a1[M],b1[M],c2[M],9<b1[KM]>,e2[M],d2[M];e2[M],V,c2[M],d2[M],e2[M],f2[M],#g1[M],a1[M],b1[M],9<#g1[KL]>,e2[M];d2[M],e2[M],a1[M],g1[M],a1[M],e1[M],g1[M],f1[M],e1[M],9<f1[KM]>,a1[M],b1[M];c2[M],d2[M],g1[M],f1[M],g1[M],d1[M],f1[M],e1[M],d1[M],9<e1[KM]>,c2[M],d2[M];e2[M],d2[M],g2[M],f2[M],g2[M],c2[M],f2[M],b1[M],e2[M],a1[M],d2[M],c2[M],d2[M],b1[M],g1[M],a1[M];b1[M],a1[M],b1[M],c2[M],d2[M],5<b1[N],c2[N]>,b1[L],c2[M],9<(c2.g1.e1)[KL]>,c2[M];","V,a[L],e[L],A-1[K],#g[L],#f[L],#g[L],e[L];a[L],g[L],f[L],d[L],e[L],E-1[L],e[L],d[L];#c[L],e[L],a[L],A-1[L],d[M],f[M],a[M],f[M],d[L],c[L];B-1[L],d[L],g[L],G-1[L],c[M],e[M],g[M],e[M],c[K];B-1[L],b[L],a[L],g[L],f[L],#f[L],g[L],e[L];f[L],d[L],g[L],G-1[L],c[M],g[M],c1[M],b[M],c1[M],b[M],a[M];"],"instruments":["piano","piano"],"alternatives":["",""],"id":1,"bpm":80},{"baseBeats":0.25,"measureBeats":4,"scores":["b1[M],a1[M],g1[M],#f1[M],e1[M],#d1[M],b[M],#c1[M],#d1[M],e1[M],#f1[M],g1[M],#f1[M],5<#f1[N],g1[N]>,5<#f1[N],g1[N]>,5<#f1[N],g1[N]>;e1[M],e1[M],b[M],g[LM],e1[M],#f[M],#d1[M],9<(e1.g.b)[KL]>,b1[M];b1[M],#g1[M],e1[LM],d2[M],b1[M],d2[M],c2[M],a1[M],e1[LM],e2[M],d2[M],#c2[M];d2[M],e2[M],d2[M],e2[M],5<e2[N],f2[N]>,5<e2[N],f2[N]>,5<e2[N],f2[N]>,5<d2[N],e2[N]>,f2[M],d2[M],a1[LM],a1[M],b1[M],c2[M];d2[M],e2[M],f2[M],e2[M],d2[M],c2[M],b1[M],a1[M],b1[M],c2[M],b1[M],a1[M],9<g1[LM]>,f1[M];e1[M],g1[M],c2[M],e1[M],d1[M],c2[M],d1[M],b1[M],c2[M],g1[M],e1[LM],e1[M],#f1[M],g1[M];#f1[M],a1[M],d2[LM],#f1[M],#g1[M],a1[M],9<#g1[KL]>,e2[M],d2[M];","g[M],a[L],c1[L],b[M],V,a[L],g[L],a[L],(b.#d1)[L],B-1[L];E-1[LM],B-1[M],e[L],B-1[L],e[L],E-1[L],UV;e[LM],#f[M],#g[L],e[L],a[LM],e[M],A-1[L],g[L];f[L],d[L],#c[L],A-1[L],d[LM],A-1[M],D-1[K];d[L],e[L],f[L],d[L],g[M],a[M],g[M],f[M],e[M],f[M],e[M],d[M];c[L],e[M],f[M],g[L],G-1[L],c[LM],g[M],c1[L],#c[L];d[LM],a[M],d1[L],#d[L],e[M],b[M],e1[M],d1[M],e1[M],d1[M],c1[M],b[M];"],"instruments":["piano","piano"],"alternatives":["",""],"id":2,"bpm":80},{"baseBeats":0.25,"measureBeats":4,"scores":["c2[M],5<d2[N],e2[N]>,a1[M],c2[M],b1[M],e2[M],e1[M],b1[M],c2[M],5<d2[N],e2[N]>,a1[M],c2[M],b1[M],e2[M],e1[M],b1[M];c2[M],5<d2[N],e2[N]>,9<a1[LM]>,d2[M],a1[M],c2[M],b1[M],5<c2[N],d2[N]>,g1[LM],c2[M],g1[M],#a1[M];a1[M],#g1[M],a1[L],a1[M],c2[M],b1[M],a1[M],#g1[M],e1[M],a1[M],e1[M],b1[M],e1[M],c2[M],e1[M];d2[M],c2[M],b1[M],a1[M],#g1[M],e1[M],e2[M],d2[M],c2[M],b1[M],a1[M],5<b1[N],c2[N]>,5<a1[N],b1[N]>,5<a1[N],b1[N]>,5<a1[N],b1[N]>,#g1[M];a1[M],e1[M],9<c1[LM]>,a1[M],b[M],#g1[M],a1[M],e1[M],c1[L],U,U;","a[K],#g[L],e[L],a[L],A-1[L],#g[L],e[L];a[LM],g[M],#f[L],d[L],g[LM],f[M],e[L],c[L];f[LM],e[M],d[L],#d[L],e[L],c[L],#G-1[L],A-1[L];B-1[L],d[L],e[L],#g[L],a[L],d[L],e[L],E-1[L];A-1[LM],e[M],a[L],e[L],a[LM],e[M],A-1[L],U;"],"instruments":["piano","piano"],"alternatives":["",""],"id":3,"bpm":80}]}