{"baseBpm":216,"musics":[{"bpm":216,"baseBeats":0.75,"scores":["mute[LM],mute[LM],mute[LM],mute[LM],mute[LM],mute[LM],mute[KL],mute[LM],mute[LM],mute[KL],mute[LM],mute[LM],mute[LM],mute[LM],mute[LM],mute[LM],mute[LM],mute[LM],mute[LM],mute[LM],mute[KL],mute[LM],mute[LM],mute[KL],mute[LM],mute[LM],mute[LM],mute[LM],mute[LM],mute[LM],mute[KL],mute[LM],mute[LM],mute[KL],mute[LM],mute[LM],mute[KL],mute[LM],mute[LM],mute[LM],mute[LM],mute[LM],mute[LM],mute[LM],mute[LM],mute[LM],mute[LM],mute[LM],mute[LM],mute[LM],mute[LM],mute[KL],mute[LM],mute[LM],mute[LM],mute[LM],mute[LM],mute[LM],mute[LM],mute[LM],mute[LM],mute[LM],mute[LM],mute[LM],mute[LM],mute[LM],mute[LM],mute[LM],mute[LM],mute[LM],mute[LM],mute[LM],mute[LM],mute[LM],mute[KL],mute[LM],mute[LM],mute[LM],mute[LM],mute[LM],mute[LM],mute[LM],mute[LM],mute[LM],mute[LM],mute[KL],mute[KL],mute[LM],mute[LM],mute[LM],mute[LM],mute[JM],mute[K],mute[IKMN];","g1[LM],a1[LM],(#a1.g)[LM],#a1[LM],(a1.#d)[LM],g1[LM],(#f1.d)[KL],#d[LM],g1[LM],(a1.d)[KL],(d1.d)[LM],e[LM],#f[LM],a1[LM],d2[LM],c2[LM],(#a1.g)[LM],#a1[LM],(a1.c)[LM],g1[LM],(#f1.#a.d)[KL],a[LM],g1[LM],(g1.G-1.g)[KL],g[LM],a[LM],#a[LM],#a1[LM],(a1.d)[LM],#a1[LM],(c2.#d.#a)[KL],#a1[LM],c2[LM],(f1.f.a)[KL],f2[LM],#d2[LM],(d2.#A-1.#a)[KL],(#a1.#A-1)[LM],c[LM],d[LM],d2[LM],(#d2.#a.#A-1)[LM],f2[LM],(c2.a)[LM],d2[LM],(#d2.c1)[LM],f2[LM],(#a1.g)[LM],d2[LM],(#d2.#a)[LM],f2[LM],(a1.f.c1)[KL],(f1.f)[LM],#d[LM],f[LM],#a1[LM],(c2.#a)[LM],d2[LM],(g1.#d)[LM],c2[LM],(d2.c1)[LM],#d2[LM],(a1.f)[LM],d2[LM],(#d2.d1)[LM],f2[LM],(#a1.g)[LM],#a1[LM],(c2.#a)[LM],d2[LM],(#d2.c1.#d)[LM],d2[LM],c2[LM],#a1[LM],(a1.f)[KL],(f1.f)[LM],#d[LM],d[LM],f1[LM],(#a1.#a)[LM],a1[LM],(g1.#d)[LM],f1[LM],(#d1.c1)[LM],d1[LM],(c1.a.f)[KL],#a[KL],(#a.#A-1)[LM],a1[LM],(#a1.#d1.#d)[LM],c2[LM],(a1.c1.f)[JM],#a1[K],(#a1.f1.d1.#a.#A-1)[IKMN];"],"id":1,"instruments":["piano","piano"],"alternatives":["",""]},{"bpm":216,"baseBeats":0.75,"scores":["mute[LM],mute[LM],mute[LM],mute[LM],mute[LM],mute[LM],mute[KL],mute[LM],mute[LM],mute[KL],mute[LM],mute[LM],mute[LM],mute[LM],mute[LM],mute[LM],mute[LM],mute[LM],mute[LM],mute[LM],mute[KL],mute[LM],mute[LM],mute[KL],mute[LM],mute[LM],mute[LM],mute[LM],mute[LM],mute[LM],mute[KL],mute[LM],mute[LM],mute[KL],mute[LM],mute[LM],mute[KL],mute[LM],mute[LM],mute[LM],mute[LM],mute[LM],mute[LM],mute[LM],mute[LM],mute[LM],mute[LM],mute[LM],mute[LM],mute[LM],mute[LM],mute[KL];","g1[LM],a1[LM],(#a1.g)[LM],#a1[LM],(a1.#d)[LM],g1[LM],(#f1.d)[KL],#d[LM],g1[LM],(a1.d)[KL],(d1.d)[LM],e[LM],#f[LM],a1[LM],d2[LM],c2[LM],(#a1.g)[LM],#a1[LM],(a1.c)[LM],g1[LM],(#f1.#a.d)[KL],a[LM],g1[LM],(g1.G-1.g)[KL],g[LM],a[LM],#a[LM],#a1[LM],(a1.d)[LM],#a1[LM],(c2.#d.#a)[KL],#a1[LM],c2[LM],(f1.f.a)[KL],f2[LM],#d2[LM],(d2.#A-1.#a)[KL],(#a1.#A-1)[LM],c[LM],d[LM],d2[LM],(#d2.#a.#A-1)[LM],f2[LM],(c2.a)[LM],d2[LM],(#d2.c1)[LM],f2[LM],(#a1.g)[LM],d2[LM],(#d2.#a)[LM],f2[LM],(a1.f.c1)[KL];"],"id":2,"instruments":["piano","piano"],"alternatives":["",""]},{"bpm":216,"baseBeats":0.75,"scores":["mute[LM],mute[LM],mute[LM],mute[LM],mute[LM],mute[LM],mute[LM],mute[LM],mute[LM],mute[LM],mute[LM],mute[LM],mute[LM],mute[LM],mute[LM],mute[LM],mute[LM],mute[LM],mute[LM],mute[LM],mute[LM],mute[LM],mute[KL],mute[LM],mute[LM],mute[LM],mute[LM],mute[LM],mute[LM],mute[LM],mute[LM],mute[LM],mute[LM],mute[KL],mute[KL],mute[LM],mute[LM],mute[LM],mute[LMN],mute[JM],mute[LMN],mute[IMN],mute[LM],mute[LM],mute[LM],mute[LM],mute[LM],mute[LM],mute[LM],mute[LM],mute[K],mute[K],mute[H];","(f1.f)[LM],#d[LM],f[LM],#a1[LM],(c2.#a)[LM],d2[LM],(g1.#d)[LM],c2[LM],(d2.c1)[LM],#d2[LM],(a1.f)[LM],d2[LM],(#d2.d1)[LM],f2[LM],(#a1.g)[LM],#a1[LM],(c2.#a)[LM],d2[LM],(#d2.c1.#d)[LM],d2[LM],c2[LM],#a1[LM],(a1.f)[KL],(f1.f)[LM],#d[LM],d[LM],f1[LM],(#a1.#a)[LM],a1[LM],(g1.#d)[LM],f1[LM],(#d1.c1)[LM],d1[LM],(c1.a.f)[KL],#a[KL],(#a.#A-1)[LM],a1[LM],(#a1.#d1.#d)[LMN],c2[LM],(a1.c1.f)[JM],#a1[LMN],(d1.f1.#a1.#A-1.#a)[IMN],d2[LM],#d2[LM],f2[LM],(b1.g.d1)[LM],d2[LMN],(#d2.a)[LM],f2[LMN],(g1.b.d1)[LM],d2[LM],(#d2.g)[K],f2[H];"],"id":3,"instruments":["piano","piano"],"alternatives":["",""]}],"audition":{"start":[0,0],"end":[2,52]}}