{"baseBpm":534,"musics":[{"bpm":534,"baseBeats":0.75,"scores":["B-1[LM],#f[LM],#c1[LM],d1[LM],a1[LM],d1[LM],#c1[LM],#f[LM],G-1[LM],e[LM],b[LM],#f1[LM],e1[LM],d1[LM],#c1[LM],#f[LM],A-1[LM],e[LM],d1[LM],e[LM],#c1[LM],a[LM],a1[LM],e1[LM],d1[LM],d2[LM],#c2[LM],a1[LM],#f1[LM],e1[LM],#f1[LM],#c1[LM],B-1[LM],#f[LM],#c1[LM],d1[LM],a1[LM],d1[LM],#c1[LM],#f[LM],G-1[LM],e[LM],b[LM],#f1[LM],e1[LM],d1[LM],#c1[LM],#f[LM],A-1[LM],e[LM],d1[LM],e[LM],#c1[LM],a[LM],a1[LM],e1[LM],d1[LM],d2[LM],#c2[LM],a1[LM],#f1[LM],e1[LM],#f1[LM],#c1[LM],B-1[LM],#f[LM],#c1[LM],d1[LM],a1[LM],d1[LM],#c1[LM],#f[LM],G-1[LM],e[LM],b[LM],#f1[LM],e1[LM],d1[LM],#c1[LM],#f[LM],A-1[LM],e[LM],d1[LM],e[LM],#c1[LM],a[LM],a1[LM],e1[LM],d1[LM],d2[LM],#c2[LM],a1[LM],#f1[LM],e1[LM],#f1[LM],#c1[LM],B-1[LM],#f[LM],#c1[LM],d1[LM],a1[LM],d1[LM],#c1[LM],#f[LM],G-1[LM],e[LM],b[LM],#f1[LM],e1[LM],d1[LM],#c1[LM],#f[LM],A-1[LM],e[LM],d1[LM],e[LM],#c1[LM],a[LM],a1[LM],e1[LM],d1[LM],d2[LM],#c2[LM],a1[LM],#f1[LM],e1[LM],#f1[LM],#c1[LM],#c3[LM],d3[LM],e3[LM],#f3[LM],#c2[LM],d2[LM],e2[LM],#f2[LM],#c3[LM],a2[LM],e2[LM],#f2[LM],#c2[LM],a1[LM],#f1[LM],#c2[LM],d2[LM],a1[LM],e1[LM],#f1[LM],#c1[LM],a[LM],e[LM],B-1[LM],(b1.#f1.e1.b.B-1.B-2)[LM],(b1.#f1.e1.b.B-1.B-2)[KL],(b1.#f1.e1.b.B-1.B-2)[KL],(b1.#f1.e1.b.B-1.B-2)[JM],B-2[KL],(b1.#F-1)[LM],B-1[LM],(#f.B-2)[LM],b[LM],(b1.d1.B-1)[LM],#f1[LM],(b1.B-2)[LM],#c2[LM],(d2.b1.B-1)[LM],#f2[LM],B-2[KL],(d2.b1.B-1)[KL],G-2[KL],(#c2.b1.#c1.G-1)[LM],d1[LM],(#f.G-2)[LM],b[LM],(d1.G-1)[LM],#f1[LM],(b1.G-2)[LM],#c2[LM],(d2.#c2.G-1)[LM],#f2[LM],G-2[KL],(d2.#c2.G-1)[KL],A-2[LM],d1[LM],(d2.a1.e1.A-1)[LM],a1[LM],(d1.A-2)[LM],e1[LM],(d2.a1.A-1)[LM],d2[LM],(#c2.A-2)[LM],d2[LM],(e2.d2.A-1)[LM],(a2.#f2)[LM],A-2[LM],a2[LM],(d2.A-1)[KL],#F-2[LM],a[LM],(e2.a1.d1.#F-1)[LM],e1[LM],(#c1.#F-2)[LM],d1[LM],(e2.e1.#F-1)[LM],a1[LM],(d2.#F-2)[LM],e2[LM],(#f2.e2.#F-1)[LM],a2[LM],(d3.#F-2)[LM],#c3[LM],(a2.e2.#F-1)[LM],#f2[LM],B-2[KL],(b1.#F-1)[LM],B-1[LM],(#f.B-2)[LM],b[LM],(b1.d1.B-1)[LM],#f1[LM],(b1.B-2)[LM],#c2[LM],(d2.b1.B-1)[LM],#f2[LM],B-2[LM],#f2[LM],(d2.b1.B-1)[KL],G-2[KL],(#c2.b1.#c1.G-1)[LM],d1[LM],(#f.G-2)[LM],b[LM],(d1.G-1)[LM],#f1[LM],(b1.G-2)[LM],#c2[LM],(d2.#c2.G-1)[LM],#f2[LM],(b2.G-2)[LM],#f2[LM],(#c2.G-1)[KL],A-2[LM],d1[LM],(d2.a1.e1.A-1)[LM],a1[LM],(d1.A-2)[LM],e1[LM],(d2.a1.A-1)[LM],d2[LM],(#c2.A-2)[LM],d2[LM],(e2.d2.A-1)[LM],#f2[LM],(a2.A-2)[LM],#f2[LM],(e2.A-1)[LM],d2[LM],#F-2[LM],a[LM],(e2.a1.d1.#F-1)[LM],e1[LM],(#c1.#F-2)[LM],d1[LM],(e2.e1.#F-1)[LM],a1[LM],(d2.#F-2)[LM],e2[LM],(#f2.e2.#F-1)[LM],a2[LM],(d3.#F-2)[LM],#c3[LM],(a2.e2.#F-1)[LM],#f2[LM],B-2[KL],(b1.d1.B-1)[LM],#f1[LM],(#c2.B-2)[LM],d2[LM],(#f1.B-1)[LM],b1[LM],(#c2.B-2)[LM],d2[LM],(b2.b1.B-1)[LM],e2[LM],(e3.B-2)[KL],(b1.B-1)[LM],#f3[LM],G-2[KL],(#c2.b1.d1.G-1)[LM],#f1[LM],(#c2.G-2)[LM],b1[LM],(#c2.#f1.G-1)[LM],#c2[LM],(d2.G-2)[LM],e2[LM],(b2.b1.G-1)[LM],#f2[LM],(e3.G-2)[KL],(b1.G-1)[LM],#f3[LM],A-2[LM],e1[LM],(a1.A-1)[LM],(d2.b1)[LM],A-2[LM],e1[LM],(d2.a1.A-1)[LM],b1[LM],(#c2.A-2)[LM],d2[LM],(e2.d2.A-1)[LM],#f2[LM],(a2.A-2)[LM],#f2[LM],(e2.A-1)[LM],#f2[LM],(#f.#F-2)[KL],(e2.a1.#F-1)[KL],(#c1.#F-2)[LM],d1[LM],(e2.e1.#F-1)[LM],a1[LM],(d2.#F-2)[LM],(e2.#F-1)[LM],"],"id":1},{"bpm":534,"baseBeats":0.75,"scores":["UV,UV,UV,UV,UV,UV,TU,UV,UV,UV,UV,UV,UV,UV,UV,UV,UV,TU,UV,UV,TU,UV,UV,UV,UV,UV,UV,UV,UV,UV,UV,TU,UV,UV,UV,UV,UV,UV,UV,UV,UV,UV,UV,UV,UV,UV,UV,UV,UV,UV,TU,TU,UV,UV,UV,UV,UV,UV,UV,UV,UV,UV,UV,QRUV,TU,TU,TU,TU,TU,TU,TU,TU,TU,ST,TU,TU,TU,TU,TU,TU,TU,TU,TU,TU,TU,TU,TU,TU,TU,TU,TU,TU,TU,TU,TU,TU,TU,TU,TU,TU,TU,TU,TU,TU,TU,TU,TU,TU,TU,TU,TU,TU,TU,TU,TU,TU,TU,TU,TU,TU,TU,TU,TU,TU,TU,TU,TU,TU,TU,UV,UV,UV,UV,UV,UV,UV,UV,UV,UV,UV,UV,UV,UV,UV,UV,UV,UV,UV,UV,UV,UV,UV,UV,UV,UV,UV,UV,TU,TU,UV,UV,UV,UV,UV,UV,UV,UV,UV,UV,UV,UV,UV,UV,UV,UV,UV,UV,UV,UV,UV,UV,UV,UV,UV,UV,UV,UV,TU,TU,UV,UV,UV,UV,UV,UV,UV,UV,UV,UV,UV,UV,UV,UV,UV,UV,UV,UV,UV,UV,UV,UV,UV,UV,UV,UV,UV,UV,TU,TU,UV,UV,UV,UV,UV,UV,UV,UV,UV,UV,UV,TU,5<UV>,5<UV>,5<UV>,5<UV>,5<UV>,5<UV>,5<UV>,UV,UV,UV,UV,UV,UV,UV,QRUV,UV,UV,UV,UV,UV,UV,UV,T,5<UV>,5<UV>,5<UV>,TV,5<UV>,5<UV>,5<UV>,UV,UV,UV,UV,UV,UV,UV,UV,UV,UV,UV,UV,UV,UV,UV,UV,UV,UV,UV,UV,UV,UV,UV,UV,UV,UV,UV,UV,UV,UV,UV,UV,TU,UV,UV,UV,UV,UV,UV,UV,UV,UV,UV,UV,UV,UV,UV,UV,UV,UV,UV,UV,UV,UV,","(#f2.e2.#F-2)[LM],a2[LM],(d3.#F-2)[LM],#c3[LM],(b2.#f2.#F-1)[LM],#f2[LM],B-2[KL],(b1.d1.B-1)[LM],#f1[LM],(#c2.B-2)[LM],d2[LM],(#f1.B-1)[LM],b1[LM],(#c2.B-2)[LM],d2[LM],(b2.b1.B-1)[LM],e2[LM],(e3.B-2)[KL],(b1.B-1)[LM],#f3[LM],G-2[KL],(#c2.b1.d1.G-1)[LM],#f1[LM],(#c2.G-2)[LM],b1[LM],(#c2.#f1.G-1)[LM],#c2[LM],(d2.G-2)[LM],e2[LM],(b2.b1.G-1)[LM],#f2[LM],(e3.G-2)[KL],(b1.G-1)[LM],#f3[LM],A-2[LM],e1[LM],(a1.A-1)[LM],(d2.b1)[LM],A-2[LM],e1[LM],(d2.a1.A-1)[LM],b1[LM],(#c2.A-2)[LM],d2[LM],(e2.d2.A-1)[LM],#f2[LM],(a2.A-2)[LM],#f2[LM],(e2.A-1)[LM],#f2[LM],(#f.#F-2)[KL],(d2.a1.#F-1)[KL],(#c1.#F-2)[LM],d1[LM],(d2.e1.#F-1)[LM],a1[LM],(d2.#F-2)[LM],(e2.#F-1)[LM],(#f2.d2.#F-2)[LM],(a2.#F-1)[LM],(d3.#F-2)[LM],(#c3.#F-1)[LM],(b2.e2.#F-2)[LM],(#f2.#F-1)[HILM],(b2.a2.#f2.b1.B-2)[KL],(b2.a2.#f2.b1.B-1)[KL],B-2[KL],B-1[KL],B-2[KL],B-1[KL],B-2[KL],B-1[KL],B-1[KL],B-2[JK],B-2[KL],B-1[KL],B-2[KL],B-1[KL],B-2[KL],(b2.a2.#f2.b1.B-2)[KL],(b2.a2.#f2.b1.B-1)[KL],B-2[KL],B-1[KL],B-2[KL],B-1[KL],B-2[KL],B-1[KL],B-2[KL],B-1[KL],B-2[KL],B-1[KL],B-2[KL],B-1[KL],B-2[KL],B-1[KL],(b2.a2.#f2.b1.B-2)[KL],(b2.a2.#f2.b1.B-1)[KL],B-2[KL],B-1[KL],B-2[KL],B-1[KL],B-2[KL],B-1[KL],B-2[KL],B-1[KL],B-2[KL],B-1[KL],B-2[KL],B-1[KL],B-2[KL],B-1[KL],B-2[KL],B-1[KL],B-2[KL],B-1[KL],B-2[KL],B-1[KL],B-2[KL],B-1[KL],B-2[KL],B-1[KL],B-2[KL],B-1[KL],B-2[KL],B-1[KL],B-2[KL],B-1[KL],(b2.a2.#f2.b1.B-2)[KL],(b2.a2.#f2.b1.B-1)[KL],(a1.B-2)[LM],e2[LM],(d2.B-1)[LM],a[LM],(#g.B-2)[LM],#f[LM],(e.B-1)[LM],#c1[LM],B-2[LM],b[LM],(#f1.B-1)[LM],a1[LM],(#g1.B-2)[LM],#f1[LM],(b.B-1)[LM],e1[LM],(#f1.B-2)[LM],e1[LM],(d1.B-1)[LM],#f1[LM],(e1.B-2)[LM],#c1[LM],(a.B-1)[LM],#f[LM],(b.B-2)[LM],#g[LM],(e.B-1)[LM],d[LM],(b2.a2.#f2.b1.B-2)[KL],(b2.a2.#f2.b1.B-1)[KL],(a1.B-2)[LM],e2[LM],(d2.B-1)[LM],a[LM],(#g.B-2)[LM],#f[LM],(e.B-1)[LM],#c1[LM],B-2[LM],b[LM],(#f1.B-1)[LM],a1[LM],(#g1.B-2)[LM],#f1[LM],B-1[LM],e1[LM],(#f1.B-2)[LM],e1[LM],(d1.B-1)[LM],#f1[LM],(e1.B-2)[LM],#c1[LM],(a.B-1)[LM],#f[LM],(b.B-2)[LM],#g[LM],(e.B-1)[LM],d[LM],(b2.a2.#f2.b1.B-2)[KL],(b2.a2.#f2.b1.B-1)[KL],(a1.B-2)[LM],e2[LM],(d2.B-1)[LM],a[LM],(#g.B-2)[LM],#f[LM],(e.B-1)[LM],#c1[LM],B-2[LM],b[LM],(#f1.B-1)[LM],a1[LM],(#g1.B-2)[LM],#f1[LM],B-1[LM],e1[LM],(#f1.B-2)[LM],e1[LM],(d1.B-1)[LM],#f1[LM],(e1.B-2)[LM],#c1[LM],(a.B-1)[LM],#f[LM],(b.B-2)[LM],#g[LM],(e.B-1)[LM],d[LM],B-2[KL],B-1[KL],(#c1.B-2)[LM],d1[LM],(e1.B-1)[LM],#f[LM],(#c1.B-2)[LM],d1[LM],(e1.B-1)[LM],a1[LM],(e3.B-2)[LM],#c3[LM],(a2.B-1)[LM],#f2[LM],(#c3.B-2)[L],a3[L],e3[L],(#c2.B-1)[L],d2[L],a1[L],(#f1.B-2)[L],b1[L],a1[L],(a.B-1)[L],#c1[L],a[L],(e1.B-2)[LM],#c1[LM],(a.B-1)[LM],#f[LM],(b.B-2)[LM],#g[LM],(e.B-1)[LM],d[HILM],d4[LM],#c4[LM],a3[LM],e3[LM],d3[LM],#c3[LM],a2[LM],e2[LM],e3[L],d3[L],a2[L],#f2[L],e2[L],#c2[K],e2[L],#c2[L],a1[L],#f1[L],d1[L],(#c3.#c2.B-2)[LM],d2[LM],(e2.d.B-1)[LM],#f2[LM],(b2.B-2)[LM],#c3[LM],(d3.d.B-1)[LM],#f3[LM],(b2.B-2)[LM],#c3[LM],(d3.d.B-1)[LM],e3[LM],(#f2.B-2)[LM],d3[LM],(#c3.d.B-1)[LM],a2[LM],(d3.d2.G-2)[LM],#f3[LM],(a2.B-1.G-1)[LM],e2[LM],(d3.G-2)[LM],#c3[LM],(a2.B-1.G-1)[LM],e2[LM],(d2.G-2)[LM],#c2[LM],(a1.B-1.G-1)[LM],e1[LM],(d2.G-2)[LM],b1[LM],(b.B-1.G-1)[LM],d1[LM],(e3.e2.A-2)[KL],(d2.#c.A-1)[LM],#c2[LM],(a1.A-2)[LM],d2[LM],(e2.#c.A-1)[LM],a2[LM],(e2.A-2)[LM],d3[LM],(#c3.#c.A-1)[LM],a2[LM],(e2.A-2)[LM],e3[LM],(d3.#c.A-1)[LM],#c3[LM],(d3.a2.d2.#F-2)[LM],e2[LM],(d2.A-1.#F-1)[LM],a1[LM],(#f1.#F-2)[LM],g1[LM],(a1.A-1.#F-1)[LM],"],"id":2},{"bpm":534,"baseBeats":0.75,"scores":["UV,UV,UV,UV,UV,UV,UV,UV,UV,UV,UV,UV,UV,UV,UV,UV,UV,UV,UV,UV,UV,UV,UV,UV,UV,UV,UV,UV,UV,UV,UV,UV,UV,UV,UV,UV,UV,UV,UV,UV,UV,UV,UV,UV,UV,UV,UV,UV,UV,UV,UV,UV,UV,UV,UV,UV,UV,UV,UV,UV,UV,UV,UV,UV,UV,UV,UV,UV,UV,UV,UV,UV,UV,UV,UV,UV,UV,UV,UV,UV,UV,UV,UV,UV,UV,UV,UV,UV,UV,UV,UV,UV,UV,UV,UV,UV,UV,UV,UV,TU,UV,UV,UV,UV,UV,UV,UV,UV,UV,UV,UV,UV,UV,UV,UV,UV,UV,UV,UV,UV,UV,UV,UV,UV,UV,UV,UV,UV,UV,UV,UV,UV,UV,UV,UV,UV,UV,UV,UV,UV,UV,UV,UV,UV,UV,UV,UV,UV,UV,UV,UV,UV,UV,UV,UV,UV,UV,UV,UV,UV,UV,UV,TU,UV,UV,UV,UV,TU,UV,UV,UV,UV,UV,UV,UV,UV,UV,UV,UV,UV,UV,UV,TU,UV,UV,UV,UV,UV,UV,UV,UV,UV,UV,TU,5<UV>,5<UV>,TU,UV,UV,UV,UV,TU,UV,UV,UV,UV,UV,UV,UV,UV,UV,TU,UV,UV,UV,UV,UV,UV,UV,UV,UV,UV,UV,TU,TU,UV,UV,UV,UV,TU,UV,UV,UV,UV,UV,UV,UV,UV,UV,TU,UV,UV,UV,UV,UV,UV,UV,UV,UV,UV,UV,UV,UV,UV,UV,UV,UV,UV,UV,UV,UV,UV,UV,UV,UV,UV,UV,UV,UV,UV,UV,UV,UV,UV,UV,UV,UV,UV,UV,UV,UV,UV,UV,UV,UV,UV,UV,UV,UV,UV,UV,UV,UV,UV,UV,UV,UV,UV,UV,UV,UV,TU,UV,UV,UV,UV,UV,TU,UV,UV,UV,UV,UV,TU,5<UV>,UV,UV,UV,UV,UV,UV,UV,UV,UV,UV,UV,UV,UV,UV,QQR,ST,","d2[LM],(#c3.#c2.#F-2)[LM],b1[LM],(#c2.A-1.#F-1)[LM],#f2[LM],(d3.#F-2)[LM],#c3[LM],(#a2.A-1.#F-1)[LM],#f2[LM],(b2.#c2.b1.B-2)[LM],d2[LM],(e2.d.B-1)[LM],#f2[LM],(b2.B-2)[LM],#c3[LM],(d3.d.B-1)[LM],#f3[LM],(b2.B-2)[LM],#c3[LM],(d3.d.B-1)[LM],e3[LM],(#f2.B-2)[LM],d3[LM],(#c3.d.B-1)[LM],a2[LM],(#f3.#f2.G-2)[LM],#f3[LM],(a2.B-1.G-1)[LM],e2[LM],(d3.G-2)[LM],#c3[LM],(a2.B-1.G-1)[LM],e2[LM],(d2.G-2)[LM],#c2[LM],(a1.B-1.G-1)[LM],e1[LM],(d1.G-2)[LM],b[LM],(#c1.B-1.G-1)[LM],d1[LM],(d3.d2.A-2)[LM],e2[LM],(d2.#c.A-1)[LM],#c2[LM],(a1.A-2)[LM],d2[LM],(e2.#c.A-1)[LM],a2[LM],(e3.A-2)[LM],d3[LM],(#c3.#c.A-1)[LM],a2[LM],(d2.A-2)[LM],e3[LM],(d3.#c.A-1)[LM],#c3[LM],(#c3.#c2.#F-2)[LM],d2[LM],(#c2.A-1.#F-1)[LM],a1[LM],(#f1.#F-2)[LM],g1[LM],(a1.A-1.#F-1)[LM],d2[LM],(#c2.#F-2)[LM],d2[LM],(#c2.#A-1.#F-1)[LM],#f1[LM],(#a1.#F-2)[LM],b1[LM],(#c2.#A-1.#F-1)[LM],d2[LM],(#c3.#c2.B-2)[LM],d2[LM],(e2.d.B-1)[LM],#f2[LM],(b2.B-2)[LM],#f3[LM],(b2.d.B-1)[LM],#f2[LM],(b2.B-2)[LM],#f3[LM],(b2.d.B-1)[LM],#f2[LM],(#f4.B-2)[LM],b4[LM],(#f2.d.B-1)[LM],b1[LM],(d3.d2.G-2)[LM],e4[LM],(b4.B-1.G-1)[LM],#f3[LM],(e4.G-2)[LM],b4[LM],(#f3.B-1.G-1)[LM],b2[LM],(e4.G-2)[LM],b4[LM],(#f3.B-1.G-1)[KL],(b3.G-2)[LM],#f3[LM],(b2.B-1.G-1)[LM],#f2[LM],(e3.e2.A-2)[LM],e2[LM],(d2.#c.A-1)[LM],#c2[LM],(a1.A-2)[LM],d2[LM],(e2.#c.A-1)[LM],a2[LM],(e2.A-2)[LM],d3[LM],(#c3.#c.A-1)[LM],a2[LM],(a3.A-2)[LM],e3[LM],(d3.#c.A-1)[LM],#c3[LM],(d3.d2.#F-2)[LM],e3[LM],(a2.A-1.#F-1)[LM],e2[LM],(#f1.#F-2)[LM],g1[LM],(a1.A-1.#F-1)[LM],d2[LM],(#c3.#c2.#F-2)[LM],d2[LM],(#c2.#A-1.#F-1)[LM],#f1[LM],(#a1.#F-2)[LM],b1[LM],(#c2.#A-1.#F-1)[LM],d2[LM],(b2.#c2.b1.B-2)[LM],d2[LM],(e2.d.B-1)[LM],#f2[LM],B-2[LM],#f3[LM],(b2.d.B-1)[LM],#f2[LM],B-2[LM],#f3[LM],(b2.d.B-1)[LM],#f2[LM],(#f4.B-2)[LM],b4[LM],(#f3.d.B-1)[LM],b2[LM],(#f3.#f2.G-2)[LM],e4[LM],(b4.B-1.G-1)[LM],#f3[LM],(e4.G-2)[LM],b4[LM],(#f3.B-1.G-1)[LM],b2[LM],(e4.G-2)[LM],b4[LM],(#f3.B-1.G-1)[KL],(b2.G-2)[LM],#f2[LM],(#c2.B-1.G-1)[LM],#f1[LM],(d3.d2.A-2)[KL],(d2.#c.A-1)[LM],#c2[LM],(a1.A-2)[LM],d2[LM],(e2.#c.A-1)[LM],a2[LM],(e3.A-2)[LM],d3[LM],(#c3.#c.A-1)[LM],a2[LM],(d2.A-2)[LM],e3[LM],(d3.#c.A-1)[LM],#c3[LM],(#c3.#c2.#F-2)[KL],(a2.A-1.#F-1)[LM],e3[LM],(d3.#F-2)[LM],#c3[LM],(a2.A-1.#F-1)[LM],e2[LM],(#c2.#F-2)[LM],#a1[LM],(#f1.#A-1.#F-1)[LM],#c1[LM],#F-2[KL],(a1.#A-1.#F-1)[L],#f1[L],#c1[L],B-1[KL],(#c1.#f)[LM],(d1.a)[LM],(#f2.b1.a1.a.e)[LM],(d1.a)[LM],(d1.#f)[KL],(a2.b.G-1)[LM],a1[LM],d1[LM],a[LM],(b.#f)[LM],#f1[LM],e1[LM],d1[LM],A-1[LM],(e2.d2.d1.b.e)[KL],e[LM],(e2.#c2.d1.a)[LM],#c1[LM],a[LM],e[LM],#f[LM],d1[LM],#c1[LM],e[LM],(#f2.#c2.a1.a)[LM],a[LM],#f[KL],B-1[KL],(#c1.#f)[LM],(d2.d1.a)[LM],(a2.a.e)[LM],(d1.a)[LM],(d1.#f)[KL],(e2.b.G-1)[LM],a1[LM],d1[LM],a[LM],(#f2.b1.b.#f)[LM],#f1[LM],e1[LM],d1[LM],(e2.d2.d1.A-1)[LM],(b.e)[KL],(e2.#c2.d1.e)[LM],a[LM],#c1[LM],a[LM],e[LM],#f[LM],d1[LM],#c1[LM],e[LM],(#c2.#c1.#a)[LM],(d2.d1)[LM],(e2.e1)[LM],(#f2.#f1)[LM],B-1[LM],d1[LM],#c1[LM],#a[LM],(#f2.#c2.b1.d1.b)[LM],#c1[LM],#f[LM],G-1[LM],(b.G-1)[LM],a1[LM],a2[LM],#c2[LM],(a2.d2.b.a)[LM],#f1[LM],e1[LM],b[LM],A-1[LM],#c1[LM],(#c2.#c1)[LM],(d2.#f1)[LM],(#c3.a)[LM],a[LM],e2[LM],#f2[LM],#f[LM],(d3.d1)[LM],(#c3.#c1)[LM],(#f2.e)[LM],(d3.a)[LM],#c3[LM],(a2.#f)[LM],(#f2.a)[LM],B-1[LM],d1[LM],#c1[LM],d1[LM],(a2.d2.#c2)[LM],#c1[LM],#f[LM],B-1[LM],(b.G-1)[LM],(a1.d)[LM],(a2.d2.b)[LM],(#c2.B-1)[LM],(#f2.b1.d)[LM],#f1[LM],e1[LM],b1[LM],A-1[KL],#c2[LM],d2[LM],(#c3.e2.a)[LM],d2[LM],e2[LM],#f2[KL],(d3.d1)[LM],(#c3.#c1)[LM],(#f2.e)[LM],(a2.#a)[LM],(b2.b1)[LM],(#c3.#f1)[LM],e3[L],a2[M],#c3[M],#f3[L],d3[LM],#f3[LM],#c3[LM],d3[LM],e3[LM],#f3[LM],#c3[LM],d3[LM],e3[LM],#c3[LM],d3[LM],e3[LM],#c3[LM],d3[LM],e3[HHI],ST,"],"id":3}],"audition":{"start":[0,0],"end":[2,0]}}