{"baseBpm":120,"musics":[{"bpm":120,"baseBeats":0.25,"scores":["G-1[M],d[M],G-1[M],d[M],G-1[M],d[M],G-1[M],A-1[M],A-1[M],#f[M],A-1[M],#f[M],A-1[M],#f[M],A-1[M],#c[M],B-1[M],d[M],B-1[M],d[M],B-1[M],d[M],B-1[M],#c[M],d[M],A-1[M],d[M],A-1[M],d[M],A-1[M],d[M],#F-1[M],G-1[M],d[M],G-1[M],d[M],G-1[M],d[M],G-1[M],A-1[M],A-1[M],#f[M],A-1[M],#f[M],A-1[M],#f[M],A-1[M],#c[M],B-1[M],d[M],B-1[M],d[M],B-1[M],d[M],B-1[M],#c[M],d[M],A-1[M],d[M],A-1[M],d[M],A-1[M],d[M],#F-1[M],(G-1.#f2)[M],d[M],(G-1.d2)[M],d[M],(G-1.a2)[M],d[M],(G-1.e2)[M],(A-1.#f2)[M],(A-1.e2)[M],#f[M],A-1[M],#f[M],A-1[M],#f[M],(A-1.g2)[M],#c[M],(B-1.#f2)[M],d[M],(B-1.g2)[M],d[M],(B-1.#f2)[M],d[M],(B-1.e2)[M],(#c.#f2)[M],(d.d2)[M],A-1[M],d[M],A-1[M],d[M],A-1[M],(d.e2)[M],#F-1[M],(G-1.#f2)[M],d[M],(G-1.d2)[M],d[M],(G-1.a2)[M],d[M],(G-1.e2)[M],(A-1.#f2)[M],(A-1.e2)[M],#f[M],A-1[M],#f[M],A-1[M],#f[M],(A-1.g2)[M],#c[M],(B-1.#f2)[M],d[M],(B-1.g2)[M],d[M],(B-1.#f2)[M],d[M],(B-1.e2)[M],(#c.#f2)[M],(d.d2)[M],A-1[M],d[M],A-1[M],d[M],A-1[M],(d.e2)[M],#F-1[M],(G-1.#f2.d2)[M],d[M],(G-1.d2.a1)[M],d[M],(G-1.a2.e2)[M],d[M],(G-1.e2.#c2)[M],(A-1.#f2.d2)[M],(A-1.e2.#c2)[M],#f[M],A-1[M],#f[M],A-1[M],#f[M],(A-1.g2.e2)[M],#c[M],(B-1.#f2.d2)[M],d[M],(B-1.g2.e2)[M],d[M],(B-1.#f2.d2)[M],d[M],(B-1.e2.#c2)[M],(#c.#f2.d2)[M],(d.d2.a1)[M],A-1[M],d[M],A-1[M],d[M],A-1[M],(d.e2.a1)[M],#F-1[M],(G-1.#f2.d2)[M],d[M],(G-1.d2.a1)[M],d[M],(G-1.a2.e2)[M],d[M],(G-1.e2.#c2)[M],(A-1.#f2.d2)[M],(A-1.e2.#c2)[M],#f[M],A-1[M],#f[M],A-1[M],#f[M],(A-1.g2.e2)[M],#c[M],(B-1.#f2.d2)[M],d[M],(B-1.g2.e2)[M],d[M],(B-1.#f2.d2)[M],d[M],(B-1.e2.#c2)[M],(#c.#f2.d2)[M],d2[KL],e2[L],(G-1.G-2.d2)[M],5<#f2[N],(G-1.G-2)[N]>,#f2[M],(G-1.G-2)[M],d2[M],#f2[M],(G-1.G-2.d2)[M],g2[M],(A-1.A-2.e2)[M],5<#f2[N],(A-1.A-2)[N]>,d2[M],(A-1.A-2)[M],e2[M],#f2[M],(A-1.A-2.e2)[M],d2[M],(B-1.B-2)[M],5<d2[N],(B-1.B-2)[N]>,g2[M],(B-1.B-2)[M],#f2[M],d2[M],(B-1.B-2)[M],g2[M],(d.D-1)[M],5<d2[N],(d.D-1)[N]>,#f2[M],(d.D-1.g2)[M],a2[M],g2[M],(d.D-1)[M],d1[M],(G-1.G-2.d2)[M],5<#f2[N],(G-1.G-2)[N]>,#f2[M],(G-1.G-2)[M],d2[M],#f2[M],(G-1.G-2.d2)[M],g2[M],(A-1.A-2.e2)[M],5<#f2[N],(A-1.A-2)[N]>,d2[M],(A-1.A-2)[M],e2[M],#f2[M],(A-1.A-2.e2)[M],d2[M],(B-1.B-2)[M],5<d2[N],(B-1.B-2)[N]>,g2[M],(B-1.B-2)[M],#f2[M],d2[M],(B-1.B-2)[M],g2[M],(d.D-1)[M],5<d2[N],(d.D-1)[N]>,#f2[M],(d.D-1.g2)[M],a2[M],g2[M],(d.D-1)[M],d3[M],(G-1.G-2.d2)[M],5<#f2[N],(G-1.G-2)[N]>,#f2[M],(G-1.G-2)[M],d2[M],#f2[M],(G-1.G-2.d2)[M],g2[M],(A-1.A-2.e2)[M],5<#f2[N],(A-1.A-2)[N]>,d2[M],(A-1.A-2)[M],e2[M],#f2[M],(A-1.A-2.e2)[M],d2[M],(B-1.B-2)[M],5<d2[N],(B-1.B-2)[N]>,g2[M],(B-1.B-2)[M],#f2[M],d2[M],(B-1.B-2)[M],g2[M],(d.D-1)[M],5<d2[N],(d.D-1)[N]>,#f2[M],(d.D-1.g2)[M],a2[M],g2[M],(d.D-1)[M],d1[M],(G-1.G-2.d2)[M],5<#f2[N],(G-1.G-2)[N]>,#f2[M],(G-1.G-2)[M],d2[M],#f2[M],(G-1.G-2.d2)[M],g2[M],(A-1.A-2.e2)[M],5<#f2[N],(A-1.A-2)[N]>,d2[M],(A-1.A-2)[M],e2[M],#f2[M],(A-1.A-2.e2)[M],d2[M],(B-1.B-2)[M],5<d2[N],(B-1.B-2)[N]>,g2[M],(B-1.B-2)[M],#f2[M],d2[M],(B-1.B-2)[M],g2[M],(d.D-1)[M],5<d2[N],(d.D-1)[N]>,#f2[M],(d.D-1.g2)[M],a2[M],g2[M],(d.D-1)[M],d3[M],G-1[M],d[M],(G-1.d2)[M],d[M],(G-1.a2)[M],d[M],(G-1.e2)[M],(A-1.e2)[M],A-1[M],#f[M],A-1[M],#f[M],A-1[M],#f[M],A-1[M],#c[M],(B-1.#f2)[M],(d.g2)[M],B-1[M],(d.#f2)[M],B-1[M],(d.e2)[M],B-1[M],(#c.d2)[M],d[M],A-1[M],d[M],A-1[M],d[M],A-1[M],d[M],#F-1[M],G-1[M],d[M],(G-1.d2)[M],d[M],(G-1.a2)[M],d[M],(G-1.e2)[M],(A-1.e2)[M],A-1[M],#f[M],A-1[M],#f[M],A-1[M],#f[M],A-1[M],#c[M],(B-1.#f2)[M],d[M],(B-1.g2)[M],(d.#f2)[M],B-1[M],d[M],(B-1.d2)[M],(#c.#f2)[M],d[M],(A-1.g2)[M],d[M],(A-1.#f2)[M],d[M],(A-1.e2)[M],(d.d2)[M],#F-1[M],G-1[M],d[M],(G-1.d2)[M],d[M],(G-1.a2)[M],d[M],(G-1.e2)[M],(A-1.e2)[M],A-1[M],#f[M],A-1[M],#f[M],A-1[M],#f[M],A-1[M],#c[M],(B-1.#f2)[M],(d.g2)[M],B-1[M],(d.#f2)[M],B-1[M],(d.e2)[M],B-1[M],(#c.d2)[M],d[M],A-1[M],d[M],A-1[M],d[M],A-1[M],d[M],#F-1[M],G-1[M],d[M],(G-1.d2)[M],d[M],(G-1.a2)[M],d[M],(G-1.e2)[M],(A-1.e2)[M],A-1[M],#f[M],A-1[M],#f[M],A-1[M],#f[M],A-1[M],#c[M],(B-1.#f2)[M],d[M],(B-1.g2)[M],(d.#f2)[M],B-1[M],d[M],(B-1.d2)[M],(#c.#f2)[M],d[M],(A-1.g2)[M],d[M],(A-1.#f2)[M],d[M],(A-1.e2)[M],(d.d2)[M],#F-1[M],(G-1.d2)[M],d[M],(G-1.d2)[M],d[M],(G-1.d2)[M],d[M],(G-1.e2)[M],(A-1.#f2)[M],(A-1.e2)[M],#f[M],A-1[M],#f[M],A-1[M],#f[M],(A-1.d2)[M],#c[M],(B-1.#f2)[M],d[M],(B-1.g2)[M],d[M],(B-1.#f2)[M],d[M],(B-1.#f2)[M],(#c.g2)[M],(d.#f2)[M],A-1[M],(d.#f2)[M],(A-1.g2)[M],(d.a2)[M],(A-1.#f2)[M],(d.d2)[M],#F-1[M],G-1[M],d[M],(G-1.d2)[M],d[M],(G-1.a2)[M],d[M],(G-1.e2)[M],(A-1.e2)[M],A-1[M],#f[M],A-1[M],#f[M],A-1[M],#f[M],A-1[M],#c[M],(B-1.#f2)[M],d[M],(B-1.g2)[M],(d.#f2)[M],B-1[M],d[M],(B-1.d2)[M],(#c.#f2)[L],g2[L],#f2[L],e2[M],d2[L],"],"id":1,"instruments":["piano","piano"],"alternatives":["",""]},{"bpm":120,"baseBeats":0.25,"scores":["(G-2.#f1)[M],(G-2.#f1)[M],(G-2.#f1)[M],(G-2.#f1)[M],(G-2.#f1)[M],(G-2.d1)[M],(G-2.#f1)[M],(G-2.g1)[M],(A-2.#f1)[M],(A-2.#f1)[M],(A-2.#f1)[M],(A-2.#f1)[M],(A-2.#f1)[M],(A-2.d1)[M],(A-2.#f1)[M],(A-2.g1)[M],(B-2.#f1)[M],(B-2.#f1)[M],(B-2.#f1)[M],(B-2.#f1)[M],(B-2.#f1)[M],(B-2.d1)[M],(B-2.#f1)[M],(B-2.g1)[M],(D-1.#f1)[M],(D-1.#f1)[M],(D-1.#f1)[M],(D-1.#f1)[M],(D-1.#f1)[M],(D-1.g1)[M],(D-1.a1)[M],(D-1.d1)[M],(G-2.d2)[M],(G-2.#f1)[M],(G-2.#f1)[M],(G-2.#f1)[M],(G-2.#f1)[M],(G-2.d1)[M],(G-2.#f1)[M],(G-2.g1)[M],(A-2.#f1)[M],(A-2.#f1)[M],(A-2.#f1)[M],(A-2.#f1)[M],(A-2.#f1)[M],(A-2.d1)[M],(A-2.#f1)[M],(A-2.g1)[M],(B-2.#f1)[M],(B-2.#f1)[M],(B-2.#f1)[M],(B-2.#f1)[M],(B-2.#f1)[M],(B-2.d1)[M],(B-2.#f1)[M],(B-2.g1)[M],(D-1.#f1)[M],(D-1.g1)[M],(D-1.a1)[M],(D-1.g1)[M],(D-1.#f1)[M],(D-1.e1)[M],(D-1.#f1)[M],(D-1.d1)[M],#f1[M],#f1[M],#f1[M],#f1[M],#f1[M],d1[M],#f1[M],g1[M],(A-1.A-2.#f1)[M],#f1[M],(A-1.A-2.#f1)[M],#f1[M],(A-1.A-2.#f1)[M],5<d1[N],(A-1.A-2)[N]>,#f1[M],(A-1.A-2.g1)[M],(B-1.B-2.#f1)[M],#f1[M],(B-1.B-2.#f1)[M],#f1[M],(B-1.B-2.#f1)[M],5<d1[N],(B-1.B-2)[N]>,#f1[M],(B-1.B-2.g1)[M],(d.D-1.#f1)[M],g1[M],(d.D-1.a1)[M],g1[M],(d.D-1.#f1)[M],5<e1[N],(d.D-1)[N]>,#f1[M],(d.D-1.d1)[M],(G-1.G-2.d2)[M],#f1[M],(G-1.G-2.#f1)[M],#f1[M],(G-1.G-2.#f1)[M],5<d1[N],(G-1.G-2)[N]>,#f1[M],(G-1.G-2.g1)[M],(A-1.A-2.#f1)[M],#f1[M],(A-1.A-2.#f1)[M],#f1[M],(A-1.A-2.#f1)[M],5<d1[N],(A-1.A-2)[N]>,#f1[M],(A-1.A-2.g1)[M],(B-1.B-2.#f1)[M],#f1[M],(B-1.B-2.#f1)[M],#f1[M],(B-1.B-2.#f1)[M],5<d1[N],(B-1.B-2)[N]>,#f1[M],(B-1.B-2.g1)[M],(d.D-1.#f1)[M],g1[M],(d.D-1.a1)[M],g1[M],(d.D-1.#f1)[M],5<e1[N],(d.D-1)[N]>,#f1[M],(d.D-1.d1)[M],(G-1.#f2)[M],d[M],(G-1.d2)[M],d[M],(G-1.a2)[M],d[M],(G-1.e2)[M],(A-1.#f2)[M],(A-1.e2)[M],#f[M],A-1[M],#f[M],A-1[M],#f[M],(A-1.g2)[M],#c[M],(B-1.#f2)[M],d[M],(B-1.g2)[M],d[M],(B-1.#f2)[M],d[M],(B-1.e2)[M],(#c.#f2)[M],(d.d2)[M],A-1[M],d[M],A-1[M],d[M],A-1[M],(d.e2)[M],#F-1[M],(G-1.#f2)[M],d[M],(G-1.d2)[M],d[M],(G-1.a2)[M],d[M],(G-1.e2)[M],(A-1.#f2)[M],(A-1.e2)[M],#f[M],A-1[M],#f[M],A-1[M],#f[M],(A-1.g2)[M],#c[M],(B-1.#f2)[M],d[M],(B-1.g2)[M],d[M],(B-1.#f2)[M],d[M],(B-1.e2)[M],(#c.#f2)[M],(d.d2)[M],A-1[M],d[M],A-1[M],d[M],A-1[M],(d.e2)[M],#F-1[M],(G-1.#f2.d2)[M],d[M],(G-1.d2.a1)[M],d[M],(G-1.a2.e2)[M],d[M],(G-1.e2.#c2)[M],(A-1.#f2.d2)[M],(A-1.e2.#c2)[M],#f[M],A-1[M],#f[M],A-1[M],#f[M],(A-1.g2.e2)[M],#c[M],(B-1.#f2.d2)[M],d[M],(B-1.g2.e2)[M],d[M],(B-1.#f2.d2)[M],d[M],(B-1.e2.#c2)[M],(#c.#f2.d2)[M],(d.d2.a1)[M],A-1[M],d[M],A-1[M],d[M],A-1[M],(d.e2.a1)[M],#F-1[M],(G-1.#f2.d2)[M],d[M],(G-1.d2.a1)[M],d[M],(G-1.a2.e2)[M],d[M],(G-1.e2.#c2)[M],(A-1.#f2.d2)[M],(A-1.e2.#c2)[M],#f[M],A-1[M],#f[M],A-1[M],#f[M],(A-1.g2.e2)[M],#c[M],(B-1.#f2.d2)[M],d[M],(B-1.g2.e2)[M],d[M],(B-1.#f2.d2)[M],d[M],(B-1.e2.#c2)[M],(#c.#f2.d2)[M],d2[KL],e2[L],(G-1.G-2.d2)[M],5<#f2[N],(G-1.G-2)[N]>,#f2[M],(G-1.G-2)[M],d2[M],#f2[M],(G-1.G-2.d2)[M],g2[M],(A-1.A-2.e2)[M],5<#f2[N],(A-1.A-2)[N]>,d2[M],(A-1.A-2)[M],e2[M],#f2[M],(A-1.A-2.e2)[M],d2[M],(B-1.B-2)[M],5<d2[N],(B-1.B-2)[N]>,g2[M],(B-1.B-2)[M],#f2[M],d2[M],(B-1.B-2)[M],g2[M],(d.D-1)[M],5<d2[N],(d.D-1)[N]>,#f2[M],(d.D-1.g2)[M],a2[M],g2[M],(d.D-1)[M],d1[M],(G-1.G-2.d2)[M],5<#f2[N],(G-1.G-2)[N]>,#f2[M],(G-1.G-2)[M],d2[M],#f2[M],(G-1.G-2.d2)[M],g2[M],(A-1.A-2.e2)[M],5<#f2[N],(A-1.A-2)[N]>,d2[M],(A-1.A-2)[M],e2[M],#f2[M],(A-1.A-2.e2)[M],d2[M],(B-1.B-2)[M],5<d2[N],(B-1.B-2)[N]>,g2[M],(B-1.B-2)[M],#f2[M],d2[M],(B-1.B-2)[M],g2[M],(d.D-1)[M],5<d2[N],(d.D-1)[N]>,#f2[M],(d.D-1.g2)[M],a2[M],g2[M],(d.D-1)[M],d3[M],(G-1.G-2.d2)[M],5<#f2[N],(G-1.G-2)[N]>,#f2[M],(G-1.G-2)[M],d2[M],#f2[M],(G-1.G-2.d2)[M],g2[M],(A-1.A-2.e2)[M],5<#f2[N],(A-1.A-2)[N]>,d2[M],(A-1.A-2)[M],e2[M],#f2[M],(A-1.A-2.e2)[M],d2[M],(B-1.B-2)[M],5<d2[N],(B-1.B-2)[N]>,g2[M],(B-1.B-2)[M],#f2[M],d2[M],(B-1.B-2)[M],g2[M],(d.D-1)[M],5<d2[N],(d.D-1)[N]>,#f2[M],(d.D-1.g2)[M],a2[M],g2[M],(d.D-1)[M],d1[M],(G-1.G-2.d2)[M],5<#f2[N],(G-1.G-2)[N]>,#f2[M],(G-1.G-2)[M],d2[M],#f2[M],(G-1.G-2.d2)[M],g2[M],(A-1.A-2.e2)[M],5<#f2[N],(A-1.A-2)[N]>,d2[M],(A-1.A-2)[M],e2[M],#f2[M],(A-1.A-2.e2)[M],d2[M],(B-1.B-2)[M],5<d2[N],(B-1.B-2)[N]>,g2[M],(B-1.B-2)[M],#f2[M],d2[M],(B-1.B-2)[M],g2[M],(d.D-1)[M],5<d2[N],(d.D-1)[N]>,#f2[M],(d.D-1.g2)[M],a2[M],g2[M],(d.D-1)[M],d3[M],"],"id":2,"instruments":["piano","piano"],"alternatives":["",""]},{"bpm":120,"baseBeats":0.25,"scores":["G-1[M],d[M],(G-1.d2)[M],d[M],(G-1.a2)[M],d[M],(G-1.e2)[M],(A-1.e2)[M],A-1[M],#f[M],A-1[M],#f[M],A-1[M],#f[M],A-1[M],#c[M],(B-1.#f2)[M],(d.g2)[M],B-1[M],(d.#f2)[M],B-1[M],(d.e2)[M],B-1[M],(#c.d2)[M],d[M],A-1[M],d[M],A-1[M],d[M],A-1[M],d[M],#F-1[M],G-1[M],d[M],(G-1.d2)[M],d[M],(G-1.a2)[M],d[M],(G-1.e2)[M],(A-1.e2)[M],A-1[M],#f[M],A-1[M],#f[M],A-1[M],#f[M],A-1[M],#c[M],(B-1.#f2)[M],d[M],(B-1.g2)[M],(d.#f2)[M],B-1[M],d[M],(B-1.d2)[M],(#c.#f2)[M],d[M],(A-1.g2)[M],d[M],(A-1.#f2)[M],d[M],(A-1.e2)[M],(d.d2)[M],#F-1[M],G-1[M],d[M],(G-1.d2)[M],d[M],(G-1.a2)[M],d[M],(G-1.e2)[M],(A-1.e2)[M],A-1[M],#f[M],A-1[M],#f[M],A-1[M],#f[M],A-1[M],#c[M],(B-1.#f2)[M],(d.g2)[M],B-1[M],(d.#f2)[M],B-1[M],(d.e2)[M],B-1[M],(#c.d2)[M],d[M],A-1[M],d[M],A-1[M],d[M],A-1[M],d[M],#F-1[M],G-1[M],d[M],(G-1.d2)[M],d[M],(G-1.a2)[M],d[M],(G-1.e2)[M],(A-1.e2)[M],A-1[M],#f[M],A-1[M],#f[M],A-1[M],#f[M],A-1[M],#c[M],(B-1.#f2)[M],d[M],(B-1.g2)[M],(d.#f2)[M],B-1[M],d[M],(B-1.d2)[M],(#c.#f2)[M],d[M],(A-1.g2)[M],d[M],(A-1.#f2)[M],d[M],(A-1.e2)[M],(d.d2)[M],#F-1[M],(G-1.d2)[M],d[M],(G-1.d2)[M],d[M],(G-1.d2)[M],d[M],(G-1.e2)[M],(A-1.#f2)[M],(A-1.e2)[M],#f[M],A-1[M],#f[M],A-1[M],#f[M],(A-1.d2)[M],#c[M],(B-1.#f2)[M],d[M],(B-1.g2)[M],d[M],(B-1.#f2)[M],d[M],(B-1.#f2)[M],(#c.g2)[M],(d.#f2)[M],A-1[M],(d.#f2)[M],(A-1.g2)[M],(d.a2)[M],(A-1.#f2)[M],(d.d2)[M],#F-1[M],G-1[M],d[M],(G-1.d2)[M],d[M],(G-1.a2)[M],d[M],(G-1.e2)[M],(A-1.e2)[M],A-1[M],#f[M],A-1[M],#f[M],A-1[M],#f[M],A-1[M],#c[M],(B-1.#f2)[M],d[M],(B-1.g2)[M],(d.#f2)[M],B-1[M],d[M],(B-1.d2)[M],(#c.#f2)[L],g2[L],#f2[L],e2[M],d2[L],(G-2.d2)[M],(G-2.#f2)[M],(G-2.#f2)[M],(G-2.#f2)[M],(G-2.d2)[M],(G-2.#f2)[M],(G-2.#f2)[M],(G-2.g2)[M],(A-2.e2)[M],(A-2.#f2)[M],(A-2.d2)[M],(A-2.d2)[M],(A-2.e2)[M],(A-2.#f2)[M],(A-2.e2)[M],(A-2.d2)[M],(B-2.#f2)[M],(B-2.d2)[M],(B-2.g2)[M],(B-2.d2)[M],(B-2.#f2)[M],(B-2.d2)[M],(B-2.d2)[M],(B-2.g2)[M],(D-1.#f2)[M],(D-1.d2)[M],(D-1.#f2)[M],(D-1.g2)[M],(D-1.a2)[M],(D-1.g2)[M],(D-1.#f2)[M],(D-1.d2)[M],(G-2.d2)[M],(G-2.#f2)[M],(G-2.#f2)[M],(G-2.#f2)[M],(G-2.d2)[M],(G-2.#f2)[M],(G-2.#f2)[M],(G-2.g2)[M],(A-2.e2)[M],(A-2.#f2)[M],(A-2.d2)[M],(A-2.d2)[M],(A-2.e2)[M],(A-2.#f2)[M],(A-2.e2)[M],(A-2.d2)[M],(B-2.#f2)[M],(B-2.d2)[M],(B-2.g2)[M],(B-2.d2)[M],(B-2.#f2)[M],(B-2.d2)[M],(B-2.d2)[M],(B-2.g2)[M],(D-1.#f2)[M],(D-1.d2)[M],(D-1.#f2)[M],(D-1.g2)[M],(D-1.a2)[M],(D-1.g2)[M],(D-1.#f2)[M],(D-1.d2)[M],d1[M],#f1[M],#f1[M],#f1[M],d1[M],#f1[M],#f1[M],g1[M],(A-1.A-2.e1)[M],#f1[M],(A-1.A-2.d1)[M],d1[M],(A-1.A-2.e1)[M],5<#f1[N],(A-1.A-2)[N]>,e1[M],(A-1.A-2.d1)[M],(B-1.B-2.#f1)[M],d1[M],(B-1.B-2.g1)[M],d1[M],(B-1.B-2.#f1)[M],5<d1[N],(B-1.B-2)[N]>,d1[M],(B-1.B-2.g1)[M],(d.D-1.#f1)[M],d1[M],(d.D-1.#f1)[M],g1[M],(d.D-1.a1)[M],5<g1[N],(d.D-1)[N]>,#f1[M],(d.D-1.d1)[M],(G-1.G-2.d1)[M],#f1[M],(G-1.G-2.#f1)[M],#f1[M],(G-1.G-2.d1)[M],5<#f1[N],(G-1.G-2)[N]>,#f1[M],(G-1.G-2.g1)[M],(A-1.A-2.e1)[M],#f1[M],(A-1.A-2.d1)[M],d1[M],(A-1.A-2.e1)[M],5<#f1[N],(A-1.A-2)[N]>,e1[M],(A-1.A-2.d1)[M],(B-1.B-2.#f1)[M],d1[M],(B-1.B-2.g1)[M],d1[M],(B-1.B-2.#f1)[M],5<d1[N],(B-1.B-2)[N]>,d1[M],(B-1.B-2.g1)[M],(d.D-1.#f1)[M],d1[M],(d.D-1.#f1)[M],g1[M],(d.D-1.a1)[M],5<g1[N],(d.D-1)[N]>,#f1[M],(d.D-1.d1)[M],(G-2.d)[M],#f[M],(G-2.#f)[M],#f[M],(G-2.d)[M],5<#f[N],G-2[N]>,#f[M],(G-2.g)[M],(A-2.e)[M],#f[M],(A-2.d)[M],d[M],(A-2.e)[M],5<#f[N],A-2[N]>,e[M],(A-2.d)[M],(B-2.#f)[M],d[M],(B-2.g)[M],d[M],(B-2.#f)[M],5<d[N],B-2[N]>,d[M],(B-2.g)[M],(D-1.#f)[M],d[M],(D-1.#f)[M],g[M],(D-1.a)[M],5<g[N],D-1[N]>,#f[M],(D-1.d)[M],(G-2.d)[M],#f[M],(G-2.#f)[M],#f[M],(G-2.d)[M],5<#f[N],G-2[N]>,#f[M],(G-2.g)[M],(A-2.e)[M],#f[M],(A-2.d)[M],d[M],(A-2.e)[M],5<#f[N],A-2[N]>,e[M],(A-2.d)[M],(B-2.#f)[M],d[M],(B-2.g)[M],d[M],(B-2.#f)[M],5<d[N],B-2[N]>,d[M],(B-2.g)[M],(D-1.#f)[M],d[M],#f[M],g[M],a[M],g[M],#f[M],#c[M],"],"id":3,"instruments":["piano","piano"],"alternatives":["",""]}],"audition":{"start":[0,0],"end":[1,0]}}