{"baseBpm":120,"musics":[{"id":1,"baseBeats":0.25,"scores":["(#a1.g2)[J],(#a1.f2)[J];(g1.#d2)[J],(g1.#a1)[J];(#a1.d2)[JLM],d2[M],d2[M],c2[M],c2[JKL],d2[L],f2[L];(#a1.g2)[J],(#a1.f2)[J];(g1.#d2)[J],(g1.#a1)[J];(#a1.d2)[JL],c2[M],d2[M],d2[M],c2[M],c2[JL],(d2.g2)[K],(d2.a2)[K];(d2.#a2)[L],(d2.#a2)[L],(d2.#a2)[L],a2[M],(d2.a2)[L],(d2.g2)[LM],U,#a1[L];(#a1.f2)[L],(#a1.f2)[L],(#a1.f2)[L],g2[M],(#a1.d2)[L],(#a1.d2)[LM],V,5<V>,c2[L];(d1.#a1)[L],(d1.#a1)[L],(d1.#a1)[L],d2[M],(#a1.f2)[KLM],#a1[L];(d1.a1)[L],(d1.a1)[L],(d1.a1)[L],d2[M],(a1.f2)[JM];(d2.#a2)[L],(d2.#a2)[L],(d2.#a2)[L],a2[M],(d2.a2)[L],(d2.g2)[LM],U,#a1[L];(#a1.f2)[L],(#a1.f2)[L],(#a1.f2)[L],g2[M],(#a1.d2)[L],(#a1.d2)[LM],V,5<V>,c2[L];(d1.#a1)[L],(d1.#a1)[L],(d1.#a1)[L],d2[M],(#a1.f2)[KLM],(#a1.f2)[L];(a1.f2)[K],(a1.g2)[K],(d2.#a2)[L],(d2.g2)[L],(d2.g2)[L],(d2.#a2)[L];(d2.g2.#a2)[LM],(#a1.d2)[LM],(#a1.d2.f2)[L],(g2.#a2.d3)[M],5<W,(g2.c3)[N]>,(g2.d3)[M],5<W,(g2.c3)[N]>,(g2.d3)[M],5<W,(g2.c3)[N]>,(d2.g2.#a2)[L];(#a1.#d2.g1)[LM],(#a1.#d2)[LM],(g1.#a1.f2)[L],(g2.#a2.#d3)[M],5<W,(g2.d3)[N]>,(g2.#d3)[M],5<W,(g2.d3)[N]>,(g2.c3)[L],(#d2.g2.#a2)[L];(#a1.d2.f2)[LM],(#a1.d2)[LM],(#a1.d2.f2)[L],(g2.#a2.d3)[M],5<W,(g2.c3)[N]>,(g2.d3)[M],5<W,(g2.c3)[N]>,(g2.d3)[M],5<W,(g2.c3)[N]>,(d2.g2.#a2)[L];(a1.c2.f2)[L],a1[L],(a1.c2.g2)[L],a1[L],(c2.f2.#a2)[L],(a1.c2.g2)[L],(a1.c2.g2)[L],(c2.f2.#a2)[L];(d2.g2.#a2)[LM],(d2.a2)[LM],(#a1.d2.f2)[L],(g2.#a2.d3)[M],5<W,(g2.c3)[N]>,(g2.#a2.d3)[M],5<W,(g2.c3)[N]>,(d2.a2)[L],(d2.g2.#a2)[L];","g[L],d1[L],g1[K],g1[L],d1[L],g1[K],#d[L],#a[L],#d1[K],#d1[L],#a[L],#d1[K],#A-1[L],f[L],#a[K],#a[L],f[L],#a[K],d[L],a[L],d1[K],a1[L],d1[L],a1[K],g[L],d1[L],g1[K],g1[L],d1[L],g1[K],#d[L],#a[L],#d1[K],#d1[L],#a[L],#d1[K],#A-1[L],f[L],#a[K],#a[L],f[L],#a[K],d[L],a[L],d1[K],a1[L],d1[L],a1[K],G-1[L],(g.#a)[K],(g.#a)[K],(g.#a)[K],(g.#a)[L],#D-1[L],(#d.g)[K],(#d.g)[K],(#d.g)[LMN],#d[N],(#d.g)[MN],#A-1[N],#A-2[L],(d.f)[K],(d.f)[K],(d.f)[K],(d.f)[L],D-1[L],(d.f)[K],(d.f)[K],(d.f)[LMN],c[N],(d.f)[MN],c[N],G-1[L],(g.#a)[L],G-1[L],(g.#a)[L],G-1[L],(g.#a)[L],G-1[L],(g.#a)[L],#D-1[L],(#d.g)[L],#D-1[L],(#d.g)[L],#D-1[L],(#d.g)[L],#D-1[MN],#d[N],(#d.g)[MN],#A-1[N],#A-2[L],(d.f)[L],#A-2[L],(d.f)[L],#A-2[L],(d.f)[L],#A-2[L],(d.f)[L],(D-1.d)[L],d[L],(D-1.d)[L],d[L],(D-1.d)[L],d[L],(D-1.d)[M],d[M],(D-1.d)[M],d[M],(G-2.G-1)[L],G-1[M],(d.g)[L],G-1[M],(d.g)[L],G-1[L],(d.g)[L],(g.d1)[L],(d.g)[L],(#D-2.#D-1)[L],#D-1[M],(#A-1.#d)[L],#D-1[M],(#A-1.#d)[L],#D-1[L],(#A-1.#d)[L],(#d.#a)[L],(#A-1.#d)[L],(#A-2.#A-1)[L],#A-1[M],(f.#a)[L],#A-1[M],(f.#a)[L],#A-1[L],(f.#a)[L],(#a.f1)[L],(f.#a)[L],(F-2.F-1)[L],F-1[M],(c.f)[L],F-1[M],(c.f)[L],F-1[L],(c.f)[L],(f.c1)[L],(c.f)[L],(G-2.G-1)[L],G-1[M],(d.g)[L],G-1[M],(d.g)[L],G-1[L],(d.g)[L],(g.d1)[L],(d.g)[L],"]},{"id":2,"baseBeats":0.25,"scores":["(g2.#a2.#d3)[LM],(g2.d3)[LM],(#d2.g2.#a2)[L],(g2.#a2.#d3)[M],5<W,(g2.d3)[N]>,(g2.#a2.#d3)[M],5<W,(g2.d3)[N]>,(g2.c3)[L],(g2.#a2.d3)[L];(#a1.d2.f2)[LM],(d2.#a2)[LM],(d2.f2.#a2)[L],(f2.#a2.d3)[M],5<W,(f2.c3)[N]>,(f2.#a2.d3)[M],5<W,(f2.c3)[N]>,(f2.#a2.d3)[L],(#a1.f2)[L];(a1.c2.f2)[L],a1[L],(a1.c2.g2)[L],a1[L],(c2.f2.#a2)[L],(a1.c2.g2)[L],(a1.c2.g2)[L],(c2.f2.#a2)[L];(a1.c2.g2)[LM],a1[LM],d1[L],g1[M],5<W,d1[N]>,g1[M],5<W,d1[N]>,a1[L],#a1[L];(d2.g2)[L],#a1[L],d2[L],#a1[L],(d2.f2)[L],#a1[L],d2[L],#a1[L];(g1.#d2)[L],#a1[L],g1[L],#a1[L],(g1.#a1)[L],#d1[L],g1[L],#d1[L];(#a1.d2)[L],f1[L],#a1[L],f1[L],#a1[L],f1[M],d2[M],(#a1.d2)[M],c2[M],(f1.c2)[L];a1[L],f1[L],a1[L],f1[L],a1[L],f1[L],(a1.d2)[L],(a1.f2)[L];(d2.g2)[L],#a1[L],d2[L],#a1[L],(d2.f2)[L],#a1[L],d2[L],#a1[L];(g1.#d2)[L],#a1[L],g1[L],#a1[L],(g1.#a1)[L],#d1[L],g1[L],#d1[L];(#a1.d2)[L],f1[L],#a1[L],f1[L],#a1[L],(f1.c2)[M],d2[M],(#a1.d2)[M],c2[M],(f1.c2)[L];a1[L],f1[L],a1[L],f1[L],(f1.f2)[L],(d1.d2)[L],(a1.a2)[L],(#a1.#a2)[L];(g1.g2)[J],(f1.f2)[L],(d1.d2)[L],(g1.g2)[L],(d2.d3)[L];(g1.g2)[J],(f1.f2)[L],(d1.d2)[L],(a1.a2)[L],(#a1.#a2)[L];(#a1.#a2)[K],(f1.f2)[K],(d1.d2)[L],(d1.d2)[L],(#a1.#a2)[L],(#a1.#a2)[M],(c2.c3)[M];(a1.a2)[J],(d2.g2)[K],(d2.a2)[K];(d2.#a2)[L],(d2.#a2)[L],(d2.#a2)[L],a2[M],(d2.a2)[L],(d2.g2)[LM],U,#a1[L];(#a1.f2)[L],(#a1.f2)[L],(#a1.f2)[L],g2[M],(#a1.d2)[L],(#a1.d2)[LM],V,5<V>,c2[L];(d1.#a1)[L],(d1.#a1)[L],(d1.#a1)[L],d2[M],(#a1.f2)[KLM],#a1[L];(d1.a1)[L],(d1.a1)[L],(d1.a1)[L],d2[M],(a1.f2)[JM];(d2.#a2)[L],(d2.#a2)[L],(d2.#a2)[L],a2[M],(d2.a2)[L],(d2.g2)[LM],U,#a1[L];(#a1.f2)[L],(#a1.f2)[L],(#a1.f2)[L],g2[M],(#a1.d2)[L],(#a1.d2)[LM],V,5<V>,c2[L];(d1.#a1)[L],(d1.#a1)[L],(d1.#a1)[L],d2[M],(#a1.f2)[KLM],(#a1.f2)[L];(a1.f2)[K],(a1.g2)[K],(d2.#a2)[L],(d2.g2)[L],(d2.g2)[L],(d2.#a2)[L];","(#D-2.#D-1)[L],#D-1[M],(#A-1.#d)[L],#D-1[M],(#A-1.#d)[L],#D-1[L],(#A-1.#d)[L],(#d.#a)[L],(#A-1.#d)[L],(#A-2.#A-1)[L],#A-1[M],(f.#a)[L],#A-1[M],(f.#a)[L],(#A-1)[L],(f.#a)[L],(#a.f1)[L],(f.#a)[L],(F-2.F-1)[L],F-1[M],(c.f)[L],F-1[M],(c.f)[L],F-1[L],(c.f)[L],(f.c1)[L],(c.f)[L],(F-2.F-1)[I],G-1[K],(d.#a)[K],(g.d1)[K],G-1[K],#D-1[K],(#A-1.g)[K],(#d.#a)[K],#D-1[K],#A-2[K],(#A-1.f)[K],(f.d1)[K],#A-2[K],D-1[K],(d.a)[K],(d.f)[K],(d.a)[K],(G-1.g)[L],d[L],(d.#a)[K],(g.d1)[L],d[L],(G-1.g)[K],(#D-1.#d)[L],#A-1[L],(#A-1.g)[K],(#d.#a)[L],#A-1[L],(#D-1.#d)[K],(#A-2.#A-1)[L],#A-1[L],(#A-1.f)[K],(f.d1)[L],#A-1[L],(#A-2.#A-1)[K],(D-1.d)[L],d[L],(d.a)[K],(D-1.d)[L],d[L],(d.a)[K],(g.#a.d1)[I],(#d.g.#a)[I],(f.#a.d1)[I],(d.f.a)[I],G-1[L],(g.#a)[K],(g.#a)[K],(g.#a)[K],(g.#a)[L],#D-1[L],(#d.g)[K],(#d.g)[K],(#d.g)[LMN],#d[N],(#d.g)[MN],#A-1[N],#A-2[L],(d.f)[K],(d.f)[K],(d.f)[K],(d.f)[L],D-1[L],(d.f)[K],(d.f)[K],(d.f)[LMN],c[N],(d.f)[MN],c[N],G-1[L],(g.#a)[L],G-1[L],(g.#a)[L],G-1[L],(g.#a)[L],G-1[L],(g.#a)[L],#D-1[L],(#d.g)[L],#D-1[L],(#d.g)[L],#D-1[L],(#d.g)[L],#D-1[MN],#d[N],(#d.g)[MN],#A-1[N],#A-2[L],(d.f)[L],#A-2[L],(d.f)[L],#A-2[L],(d.f)[L],#A-2[L],(d.f)[L],(D-1.d)[L],d[L],(D-1.d)[L],d[L],(D-1.d)[L],d[L],(D-1.d)[M],d[M],(D-1.d)[M],d[M],"]},{"id":3,"baseBeats":0.25,"scores":["(d2.g2.#a2)[LM],(#a1.d2)[LM],(#a1.d2.f2)[L],(g2.#a2.d3)[M],5<W,(g2.c3)[N]>,(g2.d3)[M],5<W,(g2.c3)[N]>,(g2.d3)[M],5<W,(g2.c3)[N]>,(d2.g2.#a2)[L];(#a1.#d2.g1)[LM],(#a1.#d2)[LM],(g1.#a1.f2)[L],(g2.#a2.#d3)[M],5<W,(g2.d3)[N]>,(g2.#d3)[M],5<W,(g2.d3)[N]>,(g2.c3)[L],(#d2.g2.#a2)[L];(#a1.d2.f2)[LM],(#a1.d2)[LM],(#a1.d2.f2)[L],(g2.#a2.d3)[M],5<W,(g2.c3)[N]>,(g2.d3)[M],5<W,(g2.c3)[N]>,(g2.d3)[M],5<W,(g2.c3)[N]>,(d2.g2.#a2)[L];(a1.c2.f2)[L],a1[L],(a1.c2.g2)[L],a1[L],(c2.f2.#a2)[L],(a1.c2.g2)[L],(a1.c2.g2)[L],(c2.f2.#a2)[L];(d2.g2.#a2)[LM],(d2.a2)[LM],(#a1.d2.f2)[L],(g2.#a2.d3)[M],5<W,(g2.c3)[N]>,(g2.#a2.d3)[M],5<W,(g2.c3)[N]>,(d2.a2)[L],(d2.g2.#a2)[L];(g2.#a2.#d3)[LM],(g2.d3)[LM],(#d2.g2.#a2)[L],(g2.#a2.#d3)[M],5<W,(g2.d3)[N]>,(g2.#a2.#d3)[M],5<W,(g2.d3)[N]>,(g2.c3)[L],(g2.#a2.d3)[L];(#a1.d2.f2)[LM],(d2.#a2)[LM],(d2.f2.#a2)[L],(f2.#a2.d3)[M],5<W,(f2.c3)[N]>,(f2.#a2.d3)[M],5<W,(f2.c3)[N]>,(f2.#a2.d3)[L],(#a1.f2)[L];(a1.c2.f2)[L],a1[L],(a1.c2.g2)[L],a1[L],(c2.f2.#a2)[L],(a1.c2.g2)[L],(a1.c2.g2)[L],(c2.f2.#a2)[L];(#a1.d2.g2)[M],#a1[M],d2[M],#a1[M],d2[M],#a1[M],d2[M],#a1[M],d2[M],#a1[M],(d2.g2)[M],#a1[M],(d2.a2)[M],#a1[M],(d2.#a2)[M],(#a1.#d2)[M];#a1[M],g1[M],#a1[M],d2[M],#a1[M],#d2[M],#a1[M],g2[M],#d2[M],5<W,d2[N]>,(#d2.#a2)[M],5<W,d2[N]>,(c2.#a2)[M],#d2[M],(#d2.a2)[M],(d2.#a2)[M];(d2.f2)[M],d2[M],f2[M],#a2[M],f2[M],d2[M],#a2[M],d2[M],d2[M],5<W,c2[N]>,d2[M],5<W,c2[N]>,(f2.d3)[M],d2[M],(f2.c3)[M],(d2.c3)[M];(c2.f2)[M],(f2.#a2)[M],(c2.a2)[M],f2[M],g2[M],c2[M],f2[M],c2[M],(f2.#a2)[M],c2[M],g2[M],c2[M],g2[M],c2[M],(f2.#a2)[M],c2[M];(#a1.d2.g2)[M],#a1[M],d2[M],a1[M],d2[M],#a1[M],d2[M],#a1[M],d2[M],#a1[M],(d2.g2)[M],#a1[M],(d2.a2)[M],#a1[M],(d2.#a2)[M],(#a1.d2)[M];#a1[M],g1[M],#a1[M],d2[M],#a1[M],#d2[M],#a1[M],g2[M],#d2[M],5<W,d2[N]>,(#d2.#a2)[M],5<W,d2[N]>,(c2.#a2)[M],#d2[M],(#d2.a2)[M],(d2.#a2)[M];(d2.f2)[M],d2[M],f2[M],#a2[M],f2[M],d2[M],#a2[M],d2[M],d2[M],5<W,c2[N]>,(d2.#a2)[M],5<W,c2[N]>,(f2.d3)[M],d2[M],(f2.c3)[M],(d2.c3)[M];(c2.f2)[M],(f2.#a2)[M],(c2.a2)[M],f2[M],g2[M],c2[M],f2[M],c2[M],(f2.#a2)[M],c2[M],g2[M],c2[M],g2[M],c2[M],(f2.#a2)[L];(#a1.d2.g2)[I];T;","(G-2.G-1)[L],G-1[M],(d.g)[L],G-1[M],(d.g)[L],G-1[L],(d.g)[L],(g.d1)[L],(d.g)[L],(#D-2.#D-1)[L],#D-1[M],(#A-1.#d)[L],#D-1[M],(#A-1.#d)[L],#D-1[L],(#A-1.#d)[L],(#d.#a)[L],(#A-1.#d)[L],(#A-2.#A-1)[L],#A-1[M],(f.#a)[L],#A-1[M],(f.#a)[L],#A-1[L],(f.#a)[L],(#a.f1)[L],(f.#a)[L],(F-2.F-1)[L],F-1[M],(c.f)[L],F-1[M],(c.f)[L],F-1[L],(c.f)[L],(f.c1)[L],(c.f)[L],(G-2.G-1)[L],G-1[M],(d.g)[L],G-1[M],(d.g)[L],G-1[L],(d.g)[L],(g.d1)[L],(d.g)[L],(#D-2.#D-1)[L],#D-1[M],(#A-1.#d)[L],#D-1[M],(#A-1.#d)[L],#D-1[L],(#A-1.#d)[L],(#d.#a)[L],(#A-1.#d)[L],(#A-2.#A-1)[L],#A-1[M],(f.#a)[L],#A-1[M],(f.#a)[L],(#A-1)[L],(f.#a)[L],(#a.f1)[L],(f.#a)[L],(F-2.F-1)[L],F-1[M],(c.f)[L],F-1[M],(c.f)[L],F-1[L],(c.f)[L],(f.c1)[L],(c.f)[L],(G-2.G-1)[L],G-1[M],(d.g)[L],G-1[M],(d.g)[L],G-1[L],(d.g)[L],(g.d1)[L],(d.g)[L],(#D-2.#D-1)[L],#D-1[M],(#A-1.#d)[L],#D-1[M],(#A-1.#d)[L],#D-1[L],(#A-1.#d)[L],(#d.#a)[L],(#A-1.#d)[L],(#A-2.#A-1)[L],#A-1[M],(f.#a)[L],#A-1[M],(f.#a)[L],#A-1[L],(f.#a)[L],(#a.f1)[L],(f.#a)[L],(F-2.F-1)[L],F-1[M],(c.f)[L],F-1[M],(c.f)[L],F-1[L],(c.f)[L],(f.c1)[L],(c.f)[L],(G-2.G-1)[L],G-1[M],(d.g)[L],G-1[M],(d.g)[L],G-1[L],(d.g)[L],(g.d1)[L],(d.g)[L],(#D-2.#D-1)[L],#D-1[M],(#A-1.#d)[L],#D-1[M],(#A-1.#d)[L],#D-1[L],(#A-1.#d)[L],(#d.#a)[L],(#A-1.#d)[L],(#A-2.#A-1)[L],#A-1[M],(f.#a)[L],#A-1[M],(f.#a)[L],(#A-1)[L],(f.#a)[L],(#a.f1)[L],(f.#a)[L],(F-2.F-1)[L],F-1[M],(c.f)[L],F-1[M],(c.f)[L],F-1[L],(c.f)[L],(f.c1)[L],(c.f)[L],(G-2.G-1)[I],"]}],"audition":{"start":[0,0],"end":[0,20]}}