{"baseBpm":63,"musics":[{"id":1,"baseBeats":0.25,"instruments":["piano","piano","bass","drum"],"scores":["#a2[M],a2[M],g2[LM],f2[LM],#d2[LM],#a1[LM],d2[K],d2[M],d2[M],c2[M],c2[LM],d2[M],f2[M],g2[LM],f2[LM],#d2[LM],#a1[LM],d2[K],c2[M],d2[M],d2[M],c2[M],c2[LM],g2[L],a2[L],#a2[M],#a2[M],#a2[M],a2[M],a2[M],g2[L],#a1[M],f2[M],f2[M],f2[M],g2[M],f2[M],d2[L],c2[M],#a1[M],#a1[M],#a1[M],d2[M],f2[L],#a1[M],a1[M],a1[M],a1[M],d2[M],f2[L],#a2[M],#a2[M],#a2[M],a2[M],a2[MN],g2[L],#a1[M],f2[M],f2[M],f2[M],g2[M],f2[M],d2[L],c2[M],#a1[M],#a1[M],#a1[M],d2[M],f2[LM],f2[M],f2[L],g2[L],#a2[L],g2[M],#a2[M];","mute[M],mute[M],(#a.d1.g1)[KLM],(#a.#d1.g1)[KLM],(#a.d1.f1)[J],(a.d1.f1)[K],(#a.d1.g1)[KLM],(#a.#d1.g1)[KLM],(#a.d1.f1)[JM],(a.d1.f1)[J],mute[M],(#a.d1.g1)[M],mute[M],(#a.d1.g1)[M],mute[M],(#a.d1.g1)[M],mute[MN],(#a.d1.g1)[M],mute[M],(#a.#d1.g1)[M],mute[M],(#a.#d1.g1)[M],mute[M],(#a.#d1.g1)[M],mute[MN],(#a.#d1.g1)[M],mute[M],(#a.d1.f1)[M],mute[M],(#a.d1.f1)[M],mute[MN],(#a.d1.f1)[M],mute[M],(a.d1.f1)[M],mute[M],(a.d1.f1)[M],mute[MN],(a.d1.f1)[M],mute[M],(#a.d1.g1)[M],mute[M],(#a.d1.g1)[M],mute[MN],(#a.d1.g1)[M],mute[MN],(#a.d1.g1)[M],mute[M],(#a.d1.g1)[M],mute[M],(#a.d1.g1)[M],mute[M],(#a.d1.g1)[M],mute[MN],(#a.d1.g1)[M],mute[M],(#a.d1.f1)[M],mute[M],(#a.d1.f1)[M],mute[MN],(#a.d1.f1)[M],(#a.d1.f1)[M],","mute[M],mute[M],(#a.d1.g1)[KLM],(#a.#d1.g1)[KLM],(#a.d1.f1)[J],(a.d1.f1)[K],(#a.d1.g1)[KLM],(#a.#d1.g1)[KLM],(#a.d1.f1)[JM],(a.d1.f1)[J],mute[M],(#a.d1.g1)[M],mute[M],(#a.d1.g1)[M],mute[M],(#a.d1.g1)[M],mute[MN],(#a.d1.g1)[M],mute[M],(#a.#d1.g1)[M],mute[M],(#a.#d1.g1)[M],mute[M],(#a.#d1.g1)[M],mute[MN],(#a.#d1.g1)[M],mute[M],(#a.d1.f1)[M],mute[M],(#a.d1.f1)[M],mute[MN],(#a.d1.f1)[M],mute[M],(a.d1.f1)[M],mute[M],(a.d1.f1)[M],mute[MN],(a.d1.f1)[M],mute[M],(#a.d1.g1)[M],mute[M],(#a.d1.g1)[M],mute[MN],(#a.d1.g1)[M],mute[MN],(#a.d1.g1)[M],mute[M],(#a.d1.g1)[M],mute[M],(#a.d1.g1)[M],mute[M],(#a.d1.g1)[M],mute[MN],(#a.d1.g1)[M],mute[M],(#a.d1.f1)[M],mute[M],(#a.d1.f1)[M],mute[MN],(#a.d1.f1)[M],(#a.d1.f1)[M],","mute[M],mute[M],(#a.d1.g1)[KLM],(#a.#d1.g1)[KLM],(#a.d1.f1)[J],(a.d1.f1)[K],(#a.d1.g1)[KLM],(#a.#d1.g1)[KLM],(#a.d1.f1)[JM],(a.d1.f1)[J],mute[M],(#a.d1.g1)[M],mute[M],(#a.d1.g1)[M],mute[M],(#a.d1.g1)[M],mute[MN],(#a.d1.g1)[M],mute[M],(#a.#d1.g1)[M],mute[M],(#a.#d1.g1)[M],mute[M],(#a.#d1.g1)[M],mute[MN],(#a.#d1.g1)[M],mute[M],(#a.d1.f1)[M],mute[M],(#a.d1.f1)[M],mute[MN],(#a.d1.f1)[M],mute[M],(a.d1.f1)[M],mute[M],(a.d1.f1)[M],mute[MN],(a.d1.f1)[M],mute[M],(#a.d1.g1)[M],mute[M],(#a.d1.g1)[M],mute[MN],(#a.d1.g1)[M],mute[MN],(#a.d1.g1)[M],mute[M],(#a.d1.g1)[M],mute[M],(#a.d1.g1)[M],mute[M],(#a.d1.g1)[M],mute[MN],(#a.d1.g1)[M],mute[M],(#a.d1.f1)[M],mute[M],(#a.d1.f1)[M],mute[MN],(#a.d1.f1)[M],(#a.d1.f1)[M],"]},{"id":2,"baseBeats":0.25,"instruments":["piano","piano","bass","drum"],"scores":["g2[M],d2[M],f2[M],d3[M],5<c3[N],d3[N]>,5<c3[N],d3[N]>,#a2[M],g2[MN],#d2[M],f2[M],#d3[M],5<d3[N],#d3[N]>,5<d3[N],c3[N]>,#a2[M],f2[MN],d2[M],f2[M],d3[M],5<c2[N],d2[N]>,5<c2[N],d2[N]>,#a2[M],f2[MN],d2[M],f2[M],#a2[M],5<a2[N],#a2[N]>,5<a2[N],#a2[N]>,a2[M],#a2[MN],a2[M],d2[M],d3[M],5<c3[N],d3[N]>,c3[M],g2[M],a2[M],#a2[M],#d3[MN],d3[M],#a2[M],#d3[M],5<d3[N],#d3[N]>,5<d3[N],c3[N]>,d3[M],f2[MN],d2[M],f2[M],d3[M],5<c2[N],d2[N]>,5<c2[N],d2[N]>,c3[M],f2[L],g2[L],#a2[L],g2[M],#a2[M],(#a1.g2)[M],a1[M],d1[M];g1[M],d1[M],g1[M],d1[M],a1[M],#a1[M];","(G-2.g)[M],(#a.d1.g1)[M],(#a.d1.g1)[M],(G-2.g)[MN],(#a.d1.g1)[M],(#a.d1.g1)[M],(#D-2.#d)[MN],(#a.#d1.g1)[M],(#a.#d1.g1)[M],(#D-2.#d)[MN],(#a.#d1.g1)[M],(#a.#d1.g1)[M],(#D-2.#d)[MN],(#a.#d1.g1)[M],(#a.#d1.g1)[M],(#D-2.#d)[MN],(#a.#d1.g1)[M],(#a.#d1.g1)[M],(F-2.f)[MN],(a.c1.f1)[M],(a.c1.f1)[M],(F-2.f)[MN],(a.c1.f1)[M],(a.c1.f1)[M],(G-2.g)[M],(#a.d1.g1)[M],(#a.d1.g1)[M],(G-2.g)[MN],(#a.d1.g1)[M],(#a.d1.g1)[M],(G-2.g)[MN],(#a.d1.g1)[M],(#a.d1.g1)[M],(G-2.g)[MN],(#a.d1.g1)[M],mute[M],mute[M],(#a.d1.g1)[M],(#D-2.#d)[MN],(#a.#d1.g1)[M],(#a.#d1.g1)[M],(#D-2.#d)[MN],(#a.#d1.g1)[M],(#a.#d1.g1)[M],(#D-2.#d)[MN],(#a.#d1.g1)[M],(#a.#d1.g1)[M],(#D-2.#d)[MN],(#a.#d1.g1)[M],(#a.#d1.g1)[M],(F-2.f)[MN],(a.c1.f1)[M],mute[M],(a.c1.f1)[M],mute[M],(F-2.f)[MN],(a.c1.f1)[M],mute[M],(a.c1.f1)[M],","(G-2.g)[M],(#a.d1.g1)[M],(#a.d1.g1)[M],(G-2.g)[MN],(#a.d1.g1)[M],(#a.d1.g1)[M],(#D-2.#d)[MN],(#a.#d1.g1)[M],(#a.#d1.g1)[M],(#D-2.#d)[MN],(#a.#d1.g1)[M],(#a.#d1.g1)[M],(#D-2.#d)[MN],(#a.#d1.g1)[M],(#a.#d1.g1)[M],(#D-2.#d)[MN],(#a.#d1.g1)[M],(#a.#d1.g1)[M],(F-2.f)[MN],(a.c1.f1)[M],(a.c1.f1)[M],(F-2.f)[MN],(a.c1.f1)[M],(a.c1.f1)[M],(G-2.g)[M],(#a.d1.g1)[M],(#a.d1.g1)[M],(G-2.g)[MN],(#a.d1.g1)[M],(#a.d1.g1)[M],(G-2.g)[MN],(#a.d1.g1)[M],(#a.d1.g1)[M],(G-2.g)[MN],(#a.d1.g1)[M],mute[M],mute[M],(#a.d1.g1)[M],(#D-2.#d)[MN],(#a.#d1.g1)[M],(#a.#d1.g1)[M],(#D-2.#d)[MN],(#a.#d1.g1)[M],(#a.#d1.g1)[M],(#D-2.#d)[MN],(#a.#d1.g1)[M],(#a.#d1.g1)[M],(#D-2.#d)[MN],(#a.#d1.g1)[M],(#a.#d1.g1)[M],(F-2.f)[MN],(a.c1.f1)[M],mute[M],(a.c1.f1)[M],mute[M],(F-2.f)[MN],(a.c1.f1)[M],mute[M],(a.c1.f1)[M],","(G-2.g)[M],(#a.d1.g1)[M],(#a.d1.g1)[M],(G-2.g)[MN],(#a.d1.g1)[M],(#a.d1.g1)[M],(#D-2.#d)[MN],(#a.#d1.g1)[M],(#a.#d1.g1)[M],(#D-2.#d)[MN],(#a.#d1.g1)[M],(#a.#d1.g1)[M],(#D-2.#d)[MN],(#a.#d1.g1)[M],(#a.#d1.g1)[M],(#D-2.#d)[MN],(#a.#d1.g1)[M],(#a.#d1.g1)[M],(F-2.f)[MN],(a.c1.f1)[M],(a.c1.f1)[M],(F-2.f)[MN],(a.c1.f1)[M],(a.c1.f1)[M],(G-2.g)[M],(#a.d1.g1)[M],(#a.d1.g1)[M],(G-2.g)[MN],(#a.d1.g1)[M],(#a.d1.g1)[M],(G-2.g)[MN],(#a.d1.g1)[M],(#a.d1.g1)[M],(G-2.g)[MN],(#a.d1.g1)[M],mute[M],mute[M],(#a.d1.g1)[M],(#D-2.#d)[MN],(#a.#d1.g1)[M],(#a.#d1.g1)[M],(#D-2.#d)[MN],(#a.#d1.g1)[M],(#a.#d1.g1)[M],(#D-2.#d)[MN],(#a.#d1.g1)[M],(#a.#d1.g1)[M],(#D-2.#d)[MN],(#a.#d1.g1)[M],(#a.#d1.g1)[M],(F-2.f)[MN],(a.c1.f1)[M],mute[M],(a.c1.f1)[M],mute[M],(F-2.f)[MN],(a.c1.f1)[M],mute[M],(a.c1.f1)[M],"]},{"id":3,"baseBeats":0.25,"instruments":["piano","piano","bass","drum"],"scores":["g2[LM],f2[LM],#d2[LM],#a1[LM],d2[K],d2[M],d2[M],c2[M],c2[LM],d1[MN],d2[M],f2[M],g2[LM],f2[LM],#d2[LM],#a1[LM],d2[LM],c2[M],d2[M],d2[M],c2[M],c2[LM],f2[M],d2[M],g2[M],5<a2[N],g2[N]>,g2[L],f2[M],g2[M],d2[MN],g2[M],d3[M],g2[M],g2[L],f2[M],d2[MN],g2[M],a2[M],g2[M],#a2[L],f2[M],d2[M],a2[M],#a2[M],d2[M],f2[M],#a2[MN],#a2[M],c3[M],a2[K];","g[LM],g[LM],#d[LM],#d[LM],#A-2[K],#A-2[LM],d[LM],d[LM],g[LM],g[LM],#d[LM],#d[LM],#A-2[LM],#A-2[LM],d[LM],d[LM],(#a.d1.g1)[KLM],(#a.#d1.g1)[J],(#a.d1.f1)[JLL],(a.c1.f1)[K];","g1[MN],g1[MN],g1[MN],g1[MN],#d1[MN],#d1[MN],#d1[MN],#d1[MN],#a[MN],#a[MN],#a[MN],#a[MN],d1[MN],d1[MN],d1[MN],d1[MN],g1[MN],g1[MN],g1[MN],g1[MN],#d1[MN],#d1[MN],#d1[MN],#d1[MN],#a[MN],#a[MN],#a[MN],#a[MN],d1[MN],d1[MN],d1[MN],d1[MN];","mute[M],d1[M],#a[M],d1[M],mute[M],d1[M],#a[M],d1[M],mute[M],#a[M],g[M],#a[M],mute[M],#a[M],g[M],#a[M],mute[M],f[M],d[M],f[M],mute[M],f[M],d[M],f[M],mute[M],a[M],#f[M],a[M],mute[M],a[M],#f[M],a[M],mute[M],d1[M],#a[M],d1[M],mute[M],d1[M],#a[M],d1[M],mute[M],#a[M],g[M],#a[M],mute[M],#a[M],g[M],#a[M],mute[M],f[M],d[M],f[M],mute[M],f[M],d[M],f[M],mute[M],a[M],#f[M],a[M],mute[M],a[M],#f[M],a[M],"]}]}
