{"baseBpm":270,"musics":[{"bpm":270,"baseBeats":0.75,"scores":["mute[LM],mute[LM],mute[LM],mute[LM],mute[LM],mute[LM],mute[LM],mute[LM],mute[LM],mute[KL],mute[LM],mute[LM],mute[LM],mute[LM],mute[LM],mute[LM],mute[LM],mute[LM],mute[LM],mute[LM],mute[LM],mute[LM],mute[LM],mute[LM],mute[KL],mute[LM],mute[LM],mute[LM],mute[LM],mute[LM],mute[LM],mute[LM],mute[LM],mute[LM],mute[LM],mute[LM],mute[LM],mute[LM],mute[LM],mute[LM],mute[LM],mute[LM],mute[LM],mute[LM],mute[LM],mute[LM],mute[LM],mute[LM],mute[LM],mute[LM],mute[LM],mute[LM],mute[LM],mute[LM],mute[LM],mute[LM],mute[LM],mute[LM],mute[LM],mute[LM],mute[LM],mute[LM],mute[LM],mute[LM],mute[LM],mute[LM],mute[LM],mute[LM],mute[LM],mute[LM],mute[LM],mute[KL],mute[LM],mute[LM],mute[LM],mute[LM],mute[LM],mute[LM],mute[LM],mute[LM],mute[LM],mute[LM],mute[LM],mute[LM],mute[LM],mute[LM],mute[KL],mute[LM],mute[LM],mute[LM],mute[LM],mute[LM],mute[LM],mute[LM],mute[LM],mute[LM],mute[LM],mute[LM],mute[LM],mute[LM],mute[LM],mute[LM],mute[LM],mute[LM],mute[LM],mute[LM],mute[LM],mute[LM],mute[LM],mute[LM],mute[LM],mute[LM],mute[LM],mute[LM],mute[LM],mute[LM],mute[LM],mute[LM],mute[LM],mute[LM],mute[LM],mute[LM],mute[LM],mute[LM],mute[LM],mute[LM],mute[LM],mute[LM],mute[LM],mute[LM],mute[LM],mute[LM],mute[LM],mute[KL],mute[LM],mute[LM],mute[LM],mute[LM],mute[LM],mute[LM],mute[LM],mute[LM],mute[LM],mute[LM],mute[LM],mute[LM],mute[LM],mute[LM],mute[KL],mute[LM],mute[LM],mute[LM],mute[LM],mute[LM],mute[LM],mute[LM],mute[LM],mute[LM],mute[LM],mute[LM],mute[LM],mute[LM],mute[LM],mute[LM],mute[LM],mute[LM],mute[LM],mute[LM],mute[LM],mute[LM],mute[LM],mute[LM],mute[LM],mute[LM],mute[LM],mute[KL],mute[KL],mute[KL],mute[LM],mute[LM],mute[LM],mute[LM],mute[LM],mute[LM],mute[LM],mute[LM],mute[LM],mute[LM],mute[LM],mute[LM],mute[LM],5<UV>,5<UV>,5<UV>,5<UV>,mute[LM],mute[LM],5<UV>,5<UV>,5<UV>,5<UV>,mute[LM],5<UV>,mute[LM],mute[LM],mute[LM],mute[LM],mute[LM],mute[LM],mute[LM],mute[LM],mute[LM],mute[LM],mute[LM],mute[LM],mute[LM],mute[LM],mute[LM],mute[LM],mute[LM],mute[LM],mute[LM],mute[LM],5<UV>,5<UV>,5<UV>,5<UV>,mute[LM],mute[LM],5<UV>,5<UV>,mute[LM],mute[LM],mute[LM],mute[LM],mute[LM],mute[LM],mute[LM],mute[LM],5<UV>,mute[LM],mute[LM],mute[LM],mute[LM],mute[LM],mute[LM],mute[LM],mute[LM],mute[LM],mute[LM],mute[LM],mute[LM],mute[LM],mute[LM],mute[LM],5<UV>,5<UV>,5<UV>,5<UV>,mute[LM],mute[LM],5<UV>,5<UV>,5<UV>,5<UV>,mute[LM],5<UV>,mute[LM],mute[LM],mute[LM],mute[LM],mute[LM],mute[LM],mute[LM],mute[LM],mute[LM],mute[LM],","f3[LM],f2[LM],#g2[LM],#d3[LM],f2[LM],#a2[LM],#c3[LM],#d2[LM],#g2[LM],#d3[KL],f2[LM],#a2[LM],#g2[LM],c3[LM],#a2[LM],#c3[LM],f2[LM],#a2[LM],#d3[LM],#d2[LM],#g2[LM],c3[LM],f2[LM],#c2[LM],#c3[KL],#g2[LM],c3[LM],f2[LM],#a2[LM],#d2[LM],f3[LM],f2[LM],#a2[LM],#d3[LM],f2[LM],#a2[LM],#c3[LM],f2[LM],#a2[LM],#d3[LM],#c2[LM],f2[LM],c3[LM],#g2[LM],#c3[LM],#d2[LM],#f2[LM],#a1[LM],#c2[LM],#a2[LM],#a1[LM],#c2[LM],#c3[LM],#a1[LM],c3[LM],#d2[LM],#g1[LM],#g2[LM],#d2[LM],#g1[LM],#a2[LM],#d2[LM],(f3.#f2.#c2.#f1.#F-1.#C-1.#F-2)[LM],f2[LM],#g2[LM],#d3[LM],f2[LM],#a2[LM],#c3[LM],#d2[LM],#g2[LM],#d3[KL],f2[LM],#a2[LM],#g2[LM],c3[LM],#a2[LM],(#c3.#d2.#a1.#d1.#d.#A-1.#D-1)[LM],f2[LM],#a2[LM],#d3[LM],#d2[LM],#g2[LM],c3[LM],f2[LM],#c2[LM],#c3[KL],#g2[LM],c3[LM],f2[LM],#a2[LM],#d2[LM],(f3.#a1.f1.#a.#A-1.F-1.#A-2)[LM],f2[LM],#a2[LM],#d3[LM],f2[LM],#a2[LM],#c3[LM],f2[LM],#a2[LM],#d3[LM],#c2[LM],f2[LM],c3[LM],#g2[LM],#c3[LM],#d2[LM],(#f2.#f1.#c1.#f.#F-1.#C-1.#F-2)[LM],#a1[LM],#c2[LM],#a2[LM],#a1[LM],#c2[LM],#c3[LM],#a1[LM],(c3.#g1.#d1.#g.#G-1.#D-1.#G-2)[LM],#d2[LM],#g1[LM],#g2[LM],#d2[LM],#g1[LM],#a2[LM],#d2[LM],(f3.#f2.#c2.#f1.#F-1.#C-1.#F-2.#a)[LM],f2[LM],#g2[LM],#d3[LM],f2[LM],#a2[LM],#c3[LM],#d2[LM],#g2[LM],#d3[KL],f2[LM],#a2[LM],#g2[LM],c3[LM],#a2[LM],(#c3.#d2.#a1.#d1.#D-1.#A-2.#D-2.#c1)[LM],f2[LM],#a2[LM],#d3[LM],#d2[LM],#g2[LM],(c3.#a)[LM],f2[LM],#c2[LM],f3[KL],#g2[LM],#g3[LM],f2[LM],(#f3.c1)[LM],#d2[LM],(f3.#a2.f2.#a1.#A-1.F-1.#A-2.#c1)[LM],f2[LM],#a2[LM],#d3[LM],f2[LM],#a2[LM],#c3[LM],f2[LM],#a2[LM],#d3[LM],#c2[LM],f2[LM],(c3.f1)[LM],#g2[LM],#a2[LM],(c3.#d2)[LM],#c3[LM],c3[LM],(#c3.#c2)[LM],c3[LM],#a1[LM],(#g2.#c2)[KL],(f2.#a1)[KL],#d2[KL],f2[LM],(#g2.#d2)[LM],#a2[LM],#c3[LM],(#a2.#d2)[LM],(#A-2.f2.#c2.f1.#a1)[LM],(#A-2.#c2)[LM],(#C-1.#c2)[LM],(#A-2.#d2.c2.#d1.f1)[LM],#a1[LM],(#A-2.#c2)[LM],(#C-1.#c2.#a1.#c1)[LM],(#A-2.f1)[LM],#c2[MN],c2[MN],(#A-2.#d2.c2.#d1.#c2)[MN],#d2[MN],(#C-1.#c2)[MN],c2[MN],(#A-2.#c2)[MN],c2[MN],(#C-1.#a1.f1.#a)[LM],(#A-2.f1)[LM],(#D-1.c2.#d1.c1.#g1)[MN],#a1[MN],(F-1.#g1)[MN],#a1[MN],(#C-1.#c2.#g1.#c1)[MN],c2[MN],(#G-2.#c2)[MN],c2[MN],(#C-1.#c2)[LM],(F-1.#d2.c2.#d1.#c2)[MN],#d2[MN],(#G-1.#c2)[LM],F-1[LM],(#G-1.c2.f1.c1.f2)[LM],(F-1.#f2)[LM],(#G-1.#g2)[LM],(F-1.#c2.#g1.#c1)[LM],(#G-1.f2)[LM],#A-1[LM],(#c.c2.f1.c1.#d2)[LM],(#A-1.f2)[LM],(#G-1.#a1.f1.#a.c2)[LM],(#A-1.#c2)[LM],(#A-2.f2.#c2.f1.#a1)[LM],(#A-2.#c2)[LM],(#C-1.#c2)[LM],(#A-2.#d2.c2.#d1.f1)[LM],#a1[LM],(#A-2.#c2)[LM],(#C-1.#c2.#a1.#c1)[LM],(#A-2.f1)[LM],#c2[MN],c2[MN],(#A-2.#d2.c2.#d1.#c2)[MN],#d2[MN],(#C-1.#c2)[MN],c2[MN],(#A-2.#c2)[MN],c2[MN],(#C-1.#a1.f1.#a)[LM],(#A-2.f1)[LM],(#D-1.c2.#d1.c1.#g1)[MN],#a1[MN],(F-1.#g1)[MN],#a1[MN],(#F-2.#f1.#c1.#f.#f2)[LM],(#F-2.#c2)[LM],(#F-2.#c2)[LM],(#F-2.#a1.#c1.#a.#f2)[LM],(#F-2.#c2)[LM],(#F-2.#f2)[LM],(#F-2.#c2.#f1.#c1.#g2)[LM],(#F-2.#f2)[LM],(F-2.#d2)[MN],f2[MN],(F-1.c2.#g1.c1.#g2)[LM],F-1[LM],(F-2.#g2)[LM],(F-1.#g1.#d1.#g)[LM],(F-1.#a2)[LM],(#G-1.#a1.f1.#a.#a2)[LM],#A-1[LM],(#A-2.#a.#a2.f2.#c2.f1.#a1)[LM],(#A-2.#c2)[LM],(#C-1.#c2)[LM],(#A-2.c1.c3.#d2.c2.#d1.f1)[LM],#a1[LM],(#A-2.#c2)[LM],(#C-1.#c1.#c3.#c2.#a1)[LM],(#A-2.#d1.#d3.f1)[LM],(f1.f3.#c2)[MN],c2[MN],(#A-2.#d2.c2.#d1.#c2)[MN],#d2[MN],(#C-1.#c2)[MN],c2[MN],(#A-2.#c2)[MN],c2[MN],(#C-1.#a1.f1.#a)[LM],(#A-2.f1)[LM],(#D-1.c2.#d1.c1.#g1)[MN],#a1[MN],(F-1.#g1)[MN],#a1[MN],(#C-1.#c1.#c3.#c2.#g1)[MN],c2[MN],(#G-2.#c2)[MN],c2[MN],(#C-1.#c2)[LM],(F-1.#d1.#d3.#d2.c2.#c2)[MN],#d2[MN],(#G-1.#c2)[LM],F-1[LM],(#G-1.f1.f3.c2.c1.f2)[LM],(F-1.#f1.#f3.#f2)[LM],(#G-1.#g1.#g3.#g2)[LM],(F-1.#c2.#g1.#c1)[LM],(#G-1.f2)[LM],#A-1[LM],(#c.c2.f1.c1.#d2)[LM],(#A-1.f2)[LM],"],"id":1,"instruments":["piano","piano"],"alternatives":["",""]},{"bpm":270,"baseBeats":0.75,"scores":["mute[LM],mute[LM],mute[LM],mute[LM],mute[LM],mute[LM],mute[LM],mute[LM],mute[LM],mute[LM],5<UV>,5<UV>,5<UV>,5<UV>,mute[LM],mute[LM],5<UV>,5<UV>,mute[LM],mute[LM],mute[LM],mute[LM],mute[LM],mute[LM],mute[LM],mute[LM],5<UV>,mute[LM],mute[LM],mute[LM],mute[LM],mute[LM],mute[LM],mute[LM],mute[LM],mute[LM],mute[LM],mute[LM],mute[LM],mute[LM],mute[LM],mute[LM],mute[LM],mute[LM],mute[LM],mute[LM],mute[LM],mute[LM],mute[LM],mute[LM],mute[LM],mute[LM],mute[LM],mute[LM],mute[LM],mute[LM],mute[LM],5<UV>,mute[LM],mute[LM],mute[LM],mute[KL],mute[LM],mute[LM],mute[LM],mute[LM],mute[LM],mute[LM],mute[LM],mute[LM],mute[LM],mute[LM],5<UV>,mute[LM],mute[LM],mute[LM],mute[LM],mute[LM],mute[LM],mute[LM],mute[LM],mute[LM],mute[LM],mute[LM],mute[LM],mute[LM],mute[LM],mute[LM],5<UV>,mute[LM],mute[LM],mute[LM],mute[LM],mute[LM],mute[LM],mute[LM],mute[LM],mute[LM],mute[LM],mute[LM],mute[LM],mute[LM],mute[LM],mute[LM],5<UV>,mute[LM],mute[LM],mute[LM],mute[KL],mute[LM],mute[LM],mute[LM],mute[LM],mute[LM],mute[LM],mute[LM],mute[LM],mute[LM],mute[LM],5<UV>,mute[LM],mute[LM],mute[LM],mute[KL],mute[LM],mute[LM],mute[LM],mute[LM],mute[LM],mute[LM],mute[LM],mute[LM],mute[LM],mute[LM],5<UV>,mute[LM],mute[LM],mute[LM],mute[LM],mute[LM],mute[LM],mute[LM],mute[LM],mute[LM],mute[LM],mute[LM],mute[LM],mute[LM],mute[LM],mute[LM],5<UV>,mute[LM],mute[LM],mute[LM],mute[LM],mute[LM],mute[LM],mute[LM],mute[LM],mute[LM],mute[LM],mute[LM],mute[LM],mute[LM],mute[LM],mute[LM],5<UV>,mute[LM],mute[LM],mute[LM],mute[LM],mute[LM],mute[LM],mute[LM],mute[LM],mute[LM],mute[LM],mute[LM],mute[LM],mute[LM],mute[LM],mute[LM],mute[LM],mute[LM],mute[LM],mute[LM],mute[LM],mute[LM],mute[LM],mute[LM],mute[LM],mute[LM],mute[LM],mute[LM],mute[LM],mute[LM],mute[LM],mute[LM],mute[LM],mute[LM],mute[LM],mute[LM],mute[LM],mute[LM],mute[LM],mute[LM],mute[LM],mute[LM],mute[LM],mute[LM],mute[LM],mute[LM],mute[LM],mute[LM],mute[LM],mute[LM],5<UV>,mute[LM],mute[LM],mute[LM],mute[LM],mute[LM],mute[LM],mute[LM],mute[LM],mute[LM],5<UV>,mute[LM],mute[LM],mute[LM],mute[LM],mute[LM],5<UV>,mute[LM],mute[LM],mute[LM],mute[LM],mute[LM],mute[LM],mute[LM],mute[LM],mute[LM],mute[LM],mute[LM],mute[LM],mute[LM],mute[LM],mute[LM],mute[LM],mute[LM],mute[LM],mute[LM],mute[LM],mute[LM],mute[LM],mute[LM],mute[LM],mute[LM],mute[LM],mute[LM],mute[LM],mute[LM],mute[LM],mute[LM],mute[LM],mute[LM],mute[LM],mute[LM],mute[LM],mute[LM],mute[LM],mute[LM],mute[LM],mute[LM],mute[LM],mute[LM],mute[LM],mute[LM],mute[LM],mute[LM],5<UV>,mute[LM],mute[LM],","(#G-1.#a1.f1.#a.c2)[LM],(#A-1.#c2)[LM],(#A-2.#a.#a2.f2.#c2.f1.#a1)[LM],(#A-2.#c2)[LM],(#C-1.#c2)[LM],(#A-2.c1.c3.#d2.c2.#d1.f1)[LM],(#D-1.#a1)[LM],(F-1.#c2)[LM],(#C-1.#c1.#c3.#c2.#a1)[LM],(C-1.#d1.#d3.f1)[LM],(#A-2.f1.f3.#c2)[MN],c2[MN],(#A-2.#d2.c2.#d1.#c2)[MN],#d2[MN],(#C-1.#c2)[MN],c2[MN],(#A-2.#c2)[MN],c2[MN],(C-1.#g1.#g3.#a1.f1.#a.#g2)[LM],(#G-2.f1)[LM],(#A-2.c2.c4.#d1.c1.c3.#g1)[MN],#a1[MN],(C-1.#g1)[MN],#a1[MN],(#F-1.#f1.#f3.#f2.#c2.#c3)[LM],(#F-1.#c2)[LM],(#F-2.c3.#c2)[LM],(#F-2.#c1.#c3.#c2.#a1.#f2)[LM],(#F-1.#d3.#c2)[LM],(#F-1.#f2)[LM],(#F-2.#a1.#a3.#g2.#d2.#g1.#a2)[LM],(#F-2.#f2)[LM],(#G-1.#g1.#g3.#c3.#d2)[MN],f2[MN],(F-1.f2.c2.f1.c3.#g2)[LM],(#G-1.#a2)[LM],(#A-1.f1.f3.#g2)[LM],(#c.#d2.#a1.#d1.#c3)[LM],(#G-1.c3.#a2)[LM],(#A-1.#d1.#d3.#c2.#g1.#c1.#a2)[LM],(F-1.#g2)[LM],(f.#c.F-1.#a)[LM],f1[LM],f1[LM],(#g.#d.#G-1.f)[LM],#a[LM],f1[LM],(#d.c.#D-1.f1)[LM],f[LM],#a[LM],(#c.#A-1.#C-1.f1)[LM],f1[LM],f[LM],(f.c.F-1.#f)[LM],#f1[LM],(#g.#c.#G-1.#g1)[LM],#a1[LM],(#d3.#F-1.#f1)[LM],(f3.#F-1.#f1)[LM],(#c3.f1.#a.#F-1.#F-2.f2.#f1.#f)[LM],(#d3.#F-1.#f1)[LM],(c3.#d1.#g.#F-1.#F-2.#d2.#f1.#f)[LM],(#c3.#F-1.#f1)[LM],(#g2.#F-1.#f1)[LM],(#g3.c1.f.#F-1.c2.#f1)[MN],(#c1.#f.#c2)[MN],(#d3.#d1.#g.#F-1.#F-2.#d2.#f1.#f)[LM],(f3.#F-1.#f1)[LM],(#c3.f1.#a.#F-1.f2.#f1)[LM],(#d3.#d1.#g.#F-1.#d2.#f1)[KL],(c3.c1.f.#F-1.c2.#f1)[LM],(f3.f1.#a.#F-1.#F-2.f2.#f1.#f)[LM],(#d3.#d1.#g.#F-1.#d2.#f1)[LM],(#c3.#G-1.#g1)[LM],(#d3.#G-1.#g1)[LM],(#a2.f1.#a.#G-1.#G-2.f2.#g1.#g)[LM],(#d3.#G-1.#g1)[LM],(f3.#d1.#g.#G-1.#G-2.#d2.#g1)[LM],(#G-1.#g1)[LM],(c4.#G-1.#g1)[LM],(#c1.#a.#G-1.#c2.#g1)[MN],(#d1.c1.#d2)[MN],(#d3.#a1.f1.#G-1.#G-2.#c1.#c3.#a2.#g1.#g)[LM],(#G-1.c1.#g1)[LM],(#g1.#d1.#G-1.#c1.#g2)[LM],(#d1.#G-1.#G-2.#a.#d2.#g1.#g)[LM],(#d3.#G-1.#g1)[LM],(#g3.#c1.#G-1.#g1)[LM],(#f3.c1.c.C-1.c2)[LM],(f3.#c.#C-1.#c2.#c1)[LM],(#d3.#F-1.#f1)[LM],(f3.#F-1.#f1)[LM],(#c3.f1.#a.#F-1.#F-2.f2.#f1.#f)[LM],(#d3.#F-1.#f1)[LM],(c3.#d1.#g.#F-1.#F-2.#d2.#f1.#f)[LM],(#c3.#F-1.#f1)[LM],(#a2.#F-1.#f1)[LM],(f2.c1.f.#F-1.c2.#f1)[MN],(#c1.#f.#c2)[MN],(#a2.#d1.#g.#F-1.#F-2.#d2.#f1.#f)[LM],(#f2.#F-1.#f1)[LM],(f2.f1.#a.#F-1.#f1)[LM],(#g2.#d1.#g.#F-1.#d2.#f1)[LM],f2[LM],(#f2.c1.f.#F-1.c2.#f1)[LM],(#g2.f1.#a.#F-1.#F-2.f2.#f1.#f)[LM],(#a2.#d1.#g.#F-1.#d2.#f1)[LM],(#c3.#G-1.#g1)[LM],(c3.#G-1.#g1)[LM],(#c3.f1.#a.#G-1.#G-2.f2.#g1.#g)[LM],(c3.#G-1.#g1)[LM],(#c3.#d1.#g.#G-1.#G-2.#d2.#g1)[LM],(#G-1.#g1)[LM],(#d3.#G-1.#g1)[LM],(#c3.#c1.#a.#G-1.#c2.#g1)[MN],(#d3.#d1.c1.#d2)[MN],(f3.f1.#c1.#G-1.#G-2.f2.#g1.#g)[LM],(#d3.#d1.c1.F-1.#d2.f1)[LM],(f3.f1.#c1.#G-1.f2.#g1)[LM],(#c3.#c1.#a.#A-1.#A-2.#c2.#a1)[KL],(f3.f1.#c1.#G-1.f2.#g1)[LM],(#d3.#d1.c1.#G-1.#d2.#g1)[LM],(#A-1.#a1)[LM],(#d3.#F-1.#f1)[LM],(f3.#F-1.#f1)[LM],(#c3.f1.#a.#F-1.#F-2.f2.#f1.#f)[LM],(#d3.#F-1.#f1)[LM],(c3.#d1.#g.#F-1.#F-2.#d2.#f1.#f)[LM],(#c3.#F-1.#f1)[LM],(#g2.#F-1.#f1)[LM],(#g3.c1.f.#F-1.c2.#f1)[MN],(#c1.#f.#c2)[MN],(#d3.#d1.#g.#F-1.#F-2.#d2.#f1.#f)[LM],(f3.#F-1.#f1)[LM],(#c3.f1.#a.#F-1.f2.#f1)[LM],(#d3.#d1.#g.#F-1.#F-2.#d2.#f1.#f)[KL],(c3.c1.f.#F-1.c2.#f1)[LM],(f3.f1.#a.#F-1.#F-2.f2.#f1.#f)[LM],(#d3.#d1.#g.#F-1.#d2.#f1)[LM],(#c3.#G-1.#g1)[LM],(#d3.#G-1.#g1)[LM],(#a2.f1.#a.#G-1.#G-2.f2.#g1.#g)[LM],(#d3.#G-1.#g1)[LM],(f3.#d1.#g.#G-1.#G-2.#d2.#g1)[LM],(#G-1.#g1)[LM],(c4.#G-1.#g1)[LM],(#c1.#a.#G-1.#c2.#g1)[MN],(#d1.c1.#d2)[MN],(#d3.#a1.f1.#G-1.#G-2.#c1.#c3.#a2.#g1.#g)[LM],(#G-1.c1.#g1)[LM],(#g1.#d1.#G-1.#c1.#g2)[LM],(#d1.#G-1.#G-2.#a.#d2.#g1.#g)[LM],(#d3.#G-1.#g1)[LM],(#g3.#c1.#G-1.#g1)[LM],(#f3.c1.c.C-1.c2)[LM],(f3.#c.#C-1.#c2.#c1)[LM],(#d3.#F-1.#f1)[LM],(f3.#F-1.#f1)[LM],(#c3.f1.#a.#F-1.#F-2.f2.#f1.#f)[LM],(#d3.#F-1.#f1)[LM],(c3.#d1.#g.#F-1.#F-2.#d2.#f1.#f)[LM],(#c3.#F-1.#f1)[LM],(#a2.#F-1.#f1)[LM],(f2.c1.f.#F-1.c2.#f1)[MN],(#c1.#f.#c2)[MN],(#a2.#d1.#g.#F-1.#F-2.#d2.#f1.#f)[LM],(#f2.#F-1.#f1)[LM],(f2.f1.#a.#F-1.#f1)[LM],(#g2.#d1.#g.#F-1.#d2.#f1)[LM],f2[LM],(#f2.c1.f.#F-1.c2.#f1)[LM],(#g2.f1.#a.#F-1.#F-2.f2.#f1.#f)[LM],(#a2.#d1.#g.#F-1.#d2.#f1)[LM],(#c3.#G-1.#g1)[LM],(c3.#G-1.#g1)[LM],(#c3.f1.#a.#G-1.#G-2.f2.#g1.#g)[LM],(c3.#G-1.#g1)[LM],(#c3.#d1.#g.#G-1.#G-2.#d2.#g1)[LM],(#G-1.#g1)[LM],(#d3.#G-1.#g1)[LM],(#c3.#c.#A-1.#G-1.#c1.#g1)[MN],(#d3.#d.c.#d1)[MN],(f3.f.#c.#G-1.#G-2.c2.f1)[LM],(#d3.#d.c.F-1.#d1)[LM],(f3.f.#c.#G-1.f1)[LM],(#c3.#c.#A-1.#A-2.#c1)[LM],#d2[LM],(f3.f.#c.#G-1.f1)[LM],(#d3.#d.c.#G-1.#d1)[LM],#A-1[LM],(F-1.F-2.f1.f.#c.#G-1.#c1.#g.#a1.f2)[LM],(F-1.#c2)[LM],(F-1.c2)[LM],(F-1.F-2.#d1.f.#c.#G-1.f1.#c1.#g.#c2.#d2)[LM],(F-1.#a1)[LM],F-1[LM],(F-1.F-2.c2.f.#c.#G-1.f1.#c1.#g.c3)[LM],(F-1.#a1)[LM],F-1[LM],(F-1.F-2.#a1.f.#c.#G-1.f1.#c1.#g.c2.#a2)[LM],(F-1.#c2)[LM],(F-1.#g2)[LM],(F-1.F-2.#c2.f.#c.#G-1.f1.#c1.#g.f2.#c3)[LM],F-1[LM],(#G-1.#G-2.c2.#g.f.#c.#g1.f1.#c1.c3)[LM],#G-1[LM],(#F-1.#F-2.#c2.#f.#c.#A-1.#f1.#c1.#a.#a1.#c3)[LM],(#F-1.#c2)[LM],(#F-1.c2)[LM],(#F-1.#F-2.#g1.#f.#c.#A-1.#f1.#c1.#a.#c2.#g2)[LM],(#F-1.#a1)[LM],#F-1[LM],(#F-1.#F-2.#d2.#f.#c.#A-1.#f1.#c1.#a.#d3)[LM],(#F-1.#a1)[LM],#F-1[LM],(#F-1.#F-2.c2.#f.#c.#A-1.#f1.#c1.#a.c3)[LM],(#F-1.#c2)[LM],(#F-1.#g2)[LM],(#F-1.#F-2.#c2.#f.#c.#A-1.#f1.#c1.#a.f2.#c3)[LM],#F-1[LM],(#G-1.#G-2.f2.#g.#d.c.#g1.#d1.c1.f3)[LM],#G-1[LM],(#c.#C-1.#d2.#c1.#g.f.#c2.#g1.f1.#a1.#d3)[LM],(#c.#c2)[LM],(#c.c2)[LM],(#c.#C-1.#c2.#c1.#g.f.#g1.f1.#c3)[LM],(#c.#a1)[LM],#c[LM],(#c.#C-1.#c1.#g.f.#c2.#g1.f1)[LM],(#c.#a1)[LM],#G-1[LM],(F-1.#c1.#g.f.#c2.#g1.f1.c2)[MN],#G-1[MN],(#D-1.c2.#c2.c3)[LM],(F-1.#g2)[LM],(#C-1.#c2.#c1.#g.f.#g1.f1.f2.#c3)[LM],#D-1[LM],(C-1.f2.#a1.f1.#c1.#a2.#c2.f3)[LM],#C-1[LM],(F-1.#d2.#f.#d.#A-1.#f1.#d1.#a.#g1.#d3)[LM],#D-1[LM],#A-1[LM],(#D-1.c2.#f.#d.#A-1.#f1.#d1.#a.#d2.c3)[MN],#F-1[MN],#G-1[LM],#D-1[LM],(#F-1.#f.#d.#A-1.#f1.#d1.#a.#c2)[LM],#D-1[LM],(#F-1.c2)[LM],(#C-1.#f.#d.#A-1.#f1.#d1.#a.#a1)[MN],#D-1[MN],F-1[LM],(#D-1.#g1)[LM],(#C-1.#a1.f.#c.#G-1.f1.#c1.#g.#a2)[LM],#D-1[LM],(C-1.#g1.#c1.#g.f.#c2.f1.c2.#g2)[LM],#C-1[LM],(#a2.F-1.F-2.f1.f.#c.#G-1.#c1.#g.#a1.f2.#c2)[LM],(#c3.F-1.#c2)[LM],(c3.F-1.c2)[LM],(#c3.F-1.F-2.#d1.f.#c.#G-1.f1.#c1.#g.#c2.#d2.c2)[LM],(#a2.F-1.#a1)[LM],F-1[LM],(F-1.F-2.c2.f.#c.#G-1.f1.#c1.#g.c3.#g2)[LM],(#a2.F-1.#a1)[LM],F-1[LM],(c3.F-1.F-2.#a1.f.#c.#G-1.f1.#c1.#g.c2.#a2.f2)[LM],(#c3.F-1.#c2)[LM],(#g3.F-1.#g2)[LM],(f3.F-1.F-2.#c2.f.#c.#G-1.f1.#c1.#g.f2.#c3.#a2)[LM],F-1[LM],(#G-1.#G-2.c2.#g.f.#c.#g1.f1.#c1.c3.#g2)[LM],#G-1[LM],(#a2.#F-1.#F-2.#c2.#f.#c.#A-1.#f1.#c1.#a.#a1.#c3)[LM],(#c3.#F-1.#c2)[LM],(c3.#F-1.c2)[LM],(#c3.#F-1.#F-2.#g1.#f.#c.#A-1.#f1.#c1.#a.#c2.#g2.f2)[LM],(#a2.#F-1.#a1)[LM],#F-1[LM],(#F-1.#F-2.#d2.#f.#c.#A-1.#f1.#c1.#a.#d3.c3)[LM],(#a2.#F-1.#a1)[LM],#F-1[LM],(c3.#F-1.#F-2.c2.#f.#c.#A-1.#f1.#c1.#a.#g2)[LM],(#c3.#F-1.#c2)[LM],(#g3.#F-1.#g2)[LM],(f3.#F-1.#F-2.#c2.#f.#c.#A-1.#f1.#c1.#a.f2.#c3.#a2)[LM],#F-1[LM],(#G-1.#G-2.f2.#g.#d.c.#g1.#d1.c1.f3.#c3)[LM],#G-1[LM],(#a2.#c.#C-1.#d2.#c1.#g.f.#c2.#g1.f1.#a1.#d3.c3)[LM],(#c3.#c.#c2)[LM],(c3.#c.c2)[LM],(#c3.#c.#C-1.#c2.#c1.#g.f.#g1.f1.#g2)[LM],(#a2.#c.#a1)[LM],#c[LM],(#c.#C-1.#c1.#g.f.#c2.#g1.f1)[LM],(#a2.#c.#a1)[LM],#G-1[LM],(c3.F-1.#c1.#g.f.#c2.#g1.f1.c2)[MN],#G-1[MN],(#c3.#D-1.c2.#c2.c3.#g2)[LM],(#g3.F-1.#g2)[LM],"],"id":2,"instruments":["piano","piano"],"alternatives":["",""]},{"bpm":270,"baseBeats":0.75,"scores":["mute[LM],mute[LM],mute[LM],mute[LM],mute[LM],mute[LM],mute[LM],5<UV>,mute[LM],mute[LM],mute[LM],mute[LM],mute[LM],5<UV>,mute[LM],mute[LM],mute[LM],mute[LM],mute[LM],mute[LM],mute[LM],mute[LM],mute[LM],mute[KN],mute[KN],mute[LM],mute[LM],mute[LM],mute[LM],mute[KN],5<UV>,mute[KN],mute[LM],mute[LM],mute[LM],mute[LM],mute[LM],mute[KN],mute[KN],mute[LM],mute[LM],mute[LM],mute[LM],mute[KN],5<UV>,mute[KN],mute[LM],mute[LM],mute[LM],mute[LM],mute[LM],mute[KN],mute[KN],mute[LM],mute[LM],mute[LM],mute[LM],mute[KN],5<UV>,mute[KN],mute[LM],mute[LM],mute[LM],mute[LM],mute[LM],mute[KN],mute[KN],mute[LM],mute[LM],mute[LM],mute[LM],mute[KN],5<UV>,mute[KN],mute[LM],mute[LM],mute[LM],mute[LM],mute[LM],mute[KN],mute[KN],mute[LM],mute[LM],mute[LM],mute[LM],mute[KN],5<UV>,mute[KN],mute[LM],mute[LM],mute[LM],mute[LM],mute[LM],mute[KN],mute[KN],mute[LM],mute[LM],mute[LM],mute[LM],mute[KN],5<UV>,mute[KN],mute[LM],mute[LM],mute[LM],mute[LM],mute[LM],mute[KN],mute[KN],mute[LM],mute[LM],mute[LM],mute[LM],mute[KN],5<UV>,mute[KN],mute[LM],mute[LM],mute[LM],mute[LM],mute[LM],mute[KN],mute[KN],mute[LM],mute[LM],mute[LM],mute[LM],mute[KN],5<UV>,mute[KN],mute[LM],mute[LM],mute[LM],5<UV>,mute[LM],5<UV>,mute[LM],mute[LM],mute[LM],mute[LM],mute[LM],5<UV>,mute[LM],5<UV>,mute[LM],mute[LM],mute[LM],mute[LM],mute[LM],5<UV>,mute[LM],mute[KN],mute[KN],mute[LM],mute[LM],mute[LM],mute[LM],mute[KN],5<UV>,mute[KN],mute[LM],mute[LM],mute[LM],mute[LM],mute[LM],mute[KN],5<UV>,mute[LM],mute[LM],mute[LM],mute[LM],mute[KN],5<UV>,5<UV>,mute[LM],mute[LM],mute[LM],mute[LM],mute[LM],mute[LM],mute[KN],mute[KN],mute[LM],mute[LM],mute[LM],mute[LM],mute[LM],5<UV>,5<UV>,mute[LM],mute[LM],mute[LM],mute[LM],5<UV>,mute[LM],5<UV>,mute[LM],mute[LM],mute[LM],mute[LM],mute[LM],5<UV>,mute[LM],5<UV>,mute[LM],mute[LM],mute[LM],mute[LM],mute[LM],5<UV>,mute[LM],mute[KN],mute[KN],mute[LM],mute[LM],mute[LM],mute[LM],mute[KN],5<UV>,mute[KN],mute[LM],mute[LM],mute[LM],mute[LM],mute[LM],5<UV>,5<UV>,5<UV>,mute[LM],mute[LM],mute[LM],mute[LM],mute[LM],5<UV>,5<UV>,5<UV>,mute[LM],mute[LM],mute[LM],mute[LM],mute[LM],5<UV>,5<UV>,5<UV>,mute[LM],mute[LM],mute[LM],mute[LM],mute[LM],5<UV>,5<UV>,5<UV>,mute[LM],mute[IJLM],mute[KL],mute[LM],mute[LM],mute[KL],mute[KL],mute[JM],mute[LM],mute[KL],mute[LM],mute[LM],mute[KL],mute[LM],mute[LM],mute[KL],mute[KL],mute[JM],mute[LM],mute[LM],mute[LM],mute[LM],mute[LM],mute[KL],mute[KL],mute[KL],mute[KL],mute[JM],mute[LM],mute[KL],mute[KL],mute[KL],mute[KL],mute[KL],mute[KL],mute[JM],mute[LM],mute[KL],mute[KL],mute[KL],mute[LM],mute[LM],mute[KL],mute[KL],mute[JM],mute[LM],mute[KL],mute[LM],mute[LM],mute[KL],mute[LM],mute[LM],mute[KL],mute[KL],mute[JM],mute[LM],mute[LM],mute[LM],mute[LM],mute[LM],mute[KL],mute[KL],mute[KL],mute[KL],mute[JM],mute[LM],mute[KL],mute[KL],mute[HI],ST,","(f3.#C-1.#c2.#c1.#g.f.#g1.f1.f2.#c3.#a2)[LM],#D-1[LM],(C-1.f2.#a1.f1.#c1.#a2.#c2.f3.#c3)[LM],#C-1[LM],(#g2.F-1.#d2.#f.#d.#A-1.#f1.#d1.#a.#g1.#d3.c3)[LM],#D-1[LM],#A-1[LM],(#d3.#D-1.c2.#f.#d.#A-1.#f1.#d1.#a.#d2.c3.#g2)[MN],#F-1[MN],#G-1[LM],#D-1[LM],(#c3.#F-1.#f.#d.#A-1.#f1.#d1.#a.#c2)[LM],#D-1[LM],(c3.#F-1.c2)[LM],(#a2.#C-1.#f.#d.#A-1.#f1.#d1.#a.#a1)[MN],#D-1[MN],F-1[LM],(#g2.#D-1.#g1)[LM],(#C-1.#a1.f.#c.#G-1.f1.#c1.#g.#a2.f2)[LM],#D-1[LM],(c3.C-1.#g1.#c1.#g.f.#c2.f1.c2.#g2.#d2)[LM],#C-1[LM],(#a1.#F-2.#a.#c.#F-1.#a2)[LM],#a2[LM],#d2[LM],(#F-2.f2.#A-1.#F-1)[MN],#d2[LM],#c2[KN],(#F-2.#c2.#c.#F-1)[LM],#d2[LM],#a1[LM],(#F-2.#a2.#d.#F-1)[LM],(c2.#d2.c1.c3)[LM],f2[MN],#d2[MN],(#c2.#F-2.#c1.#c.#F-1.#c3)[MN],#c2[KN],(#d2.#F-2.#c2.#d1.#A-1.#F-1.#d3)[LM],#d2[LM],(f2.F-2.#a1.f1.#A-1.F-1.f3)[LM],#a2[LM],#d2[LM],(F-2.f2.#G-1.F-1)[MN],#d2[LM],#c2[KN],(F-2.#c2.#A-1.F-1)[LM],#d2[LM],(#d2.#a1.#d1.#d3)[LM],(#G-2.#a2.c.#G-1)[LM],#d2[LM],f2[MN],#d2[MN],(#c2.#G-2.#c1.#d.#G-1.#c3)[MN],#c2[KN],(#G-2.#c2.f.#G-1)[LM],#d2[LM],(c2.G-2.g1.c1.#c.G-1.c3)[LM],#a2[LM],#d2[LM],(G-2.f2.#c.G-1)[MN],#d2[LM],#c2[KN],(G-2.#c2.#d.G-1)[LM],#d2[LM],(#c2.g1.#c1.#c3)[LM],(G-2.#a2.#c.G-1)[LM],#d2[LM],f2[MN],#d2[MN],(#d2.G-2.#d1.#c.G-1.#d3)[MN],#c2[KN],(G-2.#c2.#d.G-1)[LM],#d2[LM],(c2.G-2.g1.c1.#A-1.G-1.c3)[LM],#a2[LM],#d2[LM],(G-2.f2.#A-1.G-1)[MN],#d2[LM],#c2[KN],(#c2.G-2.#c1.#A-1.G-1.#c3)[LM],(c2.#d2.c1.c3)[LM],(#a1.g1.#a.#a2)[LM],(G-2.#a2.#A-1.G-1)[LM],#d2[LM],f2[MN],#d2[MN],(c2.G-2.c1.#c.G-1.c3)[MN],#c2[KN],(G-2.#c2.#d.G-1)[LM],#d2[LM],(#a1.#F-2.#a.#c.#F-1.#a2)[LM],#a2[LM],#d2[LM],(#F-2.f2.#A-1.#F-1)[MN],#d2[LM],#c2[KN],(#F-2.#c2.#c.#F-1)[LM],#d2[LM],#a1[LM],(#F-2.#a2.#d.#F-1)[LM],(c2.#d2.c1.c3)[LM],f2[MN],#d2[MN],(#c2.#F-2.#c1.#c.#F-1.#c3)[MN],#c2[KN],(#d2.#F-2.#c2.#d1.#A-1.#F-1.#d3)[LM],#d2[LM],(f2.F-2.#a1.f1.#A-1.F-1.f3)[LM],#a2[LM],#d2[LM],(F-2.f2.#G-1.F-1)[MN],#d2[LM],#c2[KN],(F-2.#c2.#A-1.F-1)[LM],#d2[LM],(#d2.#a1.#d1.#d3)[LM],(#G-2.#a2.c.#G-1)[LM],#d2[LM],f2[MN],#d2[MN],(#c2.#G-2.#c1.#d.#G-1.#c3)[MN],#c2[KN],(#G-2.#c2.f.#G-1)[LM],#d2[LM],(c2.G-2.g1.c1.#c.G-1.c3)[LM],#a2[LM],#d2[LM],(G-2.f2.#c.G-1)[MN],#d2[LM],#c2[KN],(G-2.#c2.#d.G-1)[LM],#d2[LM],(#c2.g1.#c1.#c3)[LM],(G-2.#a2.#c.G-1)[LM],#d2[LM],f2[MN],#d2[MN],(#d2.G-2.#d1.#c.G-1.#d3)[MN],#c2[KN],(G-2.#c2.#d.G-1)[LM],#d2[LM],(f2.F-2.#a1.f1.F-1.f.f3)[LM],a2[LM],f2[LM],(F-2.#f2.F-1)[MN],f2[LM],c2[KN],(F-2.c2.F-1)[LM],(#f2.#d2.#f1.#f.#F-1.#f3)[LM],(f2.#a1.f1.f.F-1.f3)[LM],(F-2.a2.F-1)[LM],f2[LM],#f2[MN],f2[MN],(F-2.F-1)[MN],c2[KN],(F-2.c2.F-1)[LM],#d2[LM],(#a1.#F-2.#a.#c.#F-1.#a2)[LM],#a2[MN],f2[MN],#d2[LM],(#F-2.f2.#A-1.#F-1.#g2)[MN],#d2[MN],g2[MN],#c2[LM],#d2[MN],(#F-2.#c2.#c.#F-1)[LM],(#d2.f2)[LM],(#a1.#a2)[LM],(#F-2.#a2.#d.#F-1)[MN],f2[MN],(c2.#d2.c1)[LM],(f2.#a2)[MN],#d2[MN],(#c2.#F-2.#c1.#c.#F-1.c3)[MN],#c2[LM],#g2[MN],(#d2.#F-2.#c2.#d1.#A-1.#F-1)[LM],(#d2.#a2)[LM],(f2.F-2.#a1.f1.#A-1.F-1.#a2)[LM],#a2[MN],c2[MN],(#d2.#a2)[LM],(F-2.f2.#G-1.F-1.#c2)[MN],#d2[LM],(#c2.#d2)[KN],(F-2.#c2.#A-1.F-1)[LM],(#d2.c2)[LM],(#d2.#a1.#d1.#c2)[LM],(#G-2.#a2.c.#G-1.c2)[LM],(#d2.#a1)[LM],(f2.#g1)[MN],#d2[MN],(#c2.#G-2.#c1.#d.#G-1.#a1)[MN],#c2[KN],(#G-2.#c2.f.#G-1.f1)[LM],#d2[LM],(c2.G-2.g1.c1.#c.G-1.#c2)[LM],#a2[LM],#d2[LM],(G-2.f2.#c.G-1)[MN],#d2[LM],#c2[N],c2[M],#a1[N],#g1[N],#f1[M],(f1.#d1)[M],(G-2.#c2.#d.G-1.#c1)[LM],#d2[LM],(#c2.g1.#c1)[LM],(G-2.#a2.#c.G-1)[LM],#d2[LM],f2[MN],#d2[MN],(#d2.G-2.#d1.#c.G-1.c2)[MN],#c2[MN],#c2[LM],(G-2.#c2.#d.G-1.c2)[LM],(#d2.#c2)[LM],(c2.G-2.g1.c1.#A-1.G-1)[LM],#a2[LM],#d2[LM],(G-2.f2.#A-1.G-1.#d2)[MN],#d2[LM],#c2[KN],(#c2.G-2.#c1.#A-1.G-1.#a1)[LM],(c2.#d2.c1)[LM],(#a1.g1.#a)[LM],(G-2.#a2.#A-1.G-1)[LM],#d2[LM],f2[MN],#d2[MN],(c2.G-2.c1.#c.G-1.#g1)[MN],#c2[MN],#a1[LM],(G-2.#c2.#d.G-1)[LM],#d2[LM],(#a1.#F-2.#a.#c.#F-1.#a2)[LM],#a2[MN],f2[MN],#d2[LM],(#F-2.f2.#A-1.#F-1.#g2)[MN],#d2[MN],g2[MN],#c2[LM],#d2[MN],(#F-2.#c2.#c.#F-1)[LM],(#d2.f2)[LM],(#a1.#a2)[LM],(#F-2.#a2.#d.#F-1)[MN],f2[MN],(c2.#d2.c1)[LM],(f2.#a2)[MN],#d2[MN],(#c2.#F-2.#c1.#c.#F-1.c3)[MN],#c2[LM],#g2[MN],(#d2.#F-2.#c2.#d1.#A-1.#F-1)[LM],(#d2.#a2)[LM],(f2.F-2.#a1.f1.#A-1.F-1.#a2)[LM],#a2[MN],c2[MN],(#d2.#a2)[LM],(F-2.f2.#G-1.F-1.#c2)[MN],#d2[LM],(#c2.#d2)[KN],(F-2.#c2.#A-1.F-1)[LM],(#d2.c2)[LM],(#d2.#a1.#d1.#c2)[LM],(#G-2.#a2.c.#G-1.c2)[LM],(#d2.#a1)[LM],(f2.#g1)[MN],#d2[MN],(#c2.#G-2.#c1.#d.#G-1.c2)[MN],#c2[KN],(#G-2.#c2.f.#G-1.#a1)[LM],#d2[LM],(c2.G-2.g1.c1.#c.G-1.#d1.#d.f2)[LM],#a2[LM],#d2[LM],(G-2.f2.#c.G-1)[MN],#d2[MN],#c1[M],#a[N],#c2[N],#f[M],#d[M],c[M],#G-1[M],(G-2.#c2.#d.G-1.F-1)[LM],#d2[LM],(#c2.g1.#c1.#a.#A-1)[LM],(G-2.#a2.#c.G-1)[LM],#d2[LM],f2[MN],#d2[MN],(#d2.G-2.#d1.#c.G-1.#f)[M],#d[N],#c2[N],c[M],#G-1[M],F-1[M],#C-1[M],(G-2.#c2.#d.G-1.#A-2)[LM],#d2[LM],(f2.F-2.#a1.f1.F-1.f)[LM],a2[LM],f2[LM],(F-2.#f2.F-1)[MN],f2[MN],#c1[M],#a[N],c2[N],#f[M],#d[M],c[M],#G-1[M],(F-2.c2.F-1)[LM],(#f2.#d2.#f1)[LM],(f2.#a1.f1.F-1.F-2.f)[LM],(F-2.a2.F-1)[LM],f2[LM],#f2[MN],f2[MN],(a2.F-2.a1.F-1.a3.#c)[M],#A-1[N],c2[N],#F-1[M],#D-1[M],C-1[M],#G-2[M],(F-2.c2.F-1)[LM],#d2[IJLM],(f1.#c1.#F-1.#c.#C-1.#a3.#a2.#c2)[KL],(f4.f3)[LM],(#a1.f1)[LM],(#F-1.#d4.#d3)[KL],(#c2.#g1.#a3.#a2)[KL],(#a1.#f1.#d1.#d.#G-1.c4.c3.#d2)[JM],(c4.c3)[LM],#d[KL],(c2.#g1.#c4.#c3)[LM],(#c2.#a1)[LM],(#d2.c2.#g1.#G-1.#g.#c)[KL],(#a3.#a2)[LM],(#c2.#a1)[LM],(#G-1.#c4.#c3)[KL],(c2.#g1.#a3.#a2)[KL],(#g1.#d1.#c1.#A-1.c4.c3.#c2)[JM],(c4.c3)[LM],(c2.#g1.#c)[LM],(#c2.#a1)[LM],(#d2.c2.#c4.#c3)[LM],(f2.#c2)[LM],(#a1.f1.#f.#A-1.#c.#a3.#a2.#f1)[KL],(f4.f3)[KL],(#A-1.#d4.#d3)[KL],(#a3.#a2)[KL],(#c.c.c4.c3.#c1)[JM],(c4.c3)[LM],#A-1[KL],(#c4.#c3)[KL],(#G-1.#d.F-1.#d1)[KL],(#a3.#a2)[KL],(#A-1.#c4.#c3)[KL],(#a3.#a2)[KL],(f.c.c4.c3.f1)[JM],(c4.c3)[LM],#A-1[KL],(#c4.#c3)[KL],(f2.#c2.#F-1.#c.#C-1.#a3.#a2)[KL],(f4.f3)[LM],(#a2.f2)[LM],(#F-1.#d4.#d3)[KL],(#c3.#g2.#a3.#a2)[KL],(#a2.#f2.#d2.#d.#G-1.c4.c3)[JM],(c4.c3)[LM],#d[KL],(c3.#g2.#c4.#c3)[LM],(#c3.#a2)[LM],(#d3.c3.#g2.#G-1.#g.#c.#g1)[KL],(#a3.#a2)[LM],(#c3.#a2)[LM],(#G-1.#c4.#c3)[KL],(c3.#g2.#a3.#a2)[KL],(#g2.#d2.#c2.#c1.#A-1.c4.c3)[JM],(c4.c3)[LM],(c3.#g2.#c)[LM],(#c3.#a2)[LM],(#d3.c3.#c4.#c3)[LM],(f3.#c3)[LM],(#g3.#d3.#c3.#f2.#A-1.#f.#c.#a3.#a2.#f1)[KL],(f4.f3)[KL],(#A-1.#d4.#d3)[KL],(#a3.#a2)[KL],(#c.c.c4.c3.#c1)[JM],(c4.c3)[LM],#A-1[KL],(#c4.#c3)[KL],(f3.d3.#a2)[HI],ST,"],"id":3,"instruments":["piano","piano"],"alternatives":["",""]}],"audition":{"start":[0,0],"end":[2,402]}}