{"baseBpm":250,"musics":[{"baseBeats":1,"scores":["d2[K],g2[K],g2[J];g1[K],a1[K],b2[K],5<a2[L],g2[L]>;b2[J],T,T;a2[J],g2[J];T,T,e2[J];d2[J],T,T;d2[K],g2[K],g2[J];g1[K],a1[K],b2[K],5<a2[L],g2[L]>;b2[J],T,T;a2[K],5<b2[L],d3[L]>,d3[J];T,T,b1[K],d3[K];d3[J],T,T;b2[K],5<a2[L],g2[L]>,b2[J];T,T,a2[J];g2[J],T,T;e2[J],d2[J];T,T,d2[K],g2[K];g2[J],T,T;b2[K],5<a2[L],g2[L]>,b2[J];T,T,a2[J];g2[J],T,T;e2[J],g2[J];T,T,","T,T,g[K],d1[K];T,T,b1[K],b1[K];e[K],b[K],e1[K],#f1[K];g1[K],g1[K],c[K],g[K];c1[K],d1[K],e1[K],e1[K];d[K],a[K],d1[K],e1[K];#f1[K],#f1[K],g[K],d1[K];T,T,b1[K],b1[K];e[K],b[K],e1[K],#f1[K];g1[K],g1[K],B-1[K],#f[K];b[K],d1[K],#f1[K],T;g[K],d1[K],g1[K],a1[K];b1[K],b1[K],e[K],b[K];e1[K],#f1[K],g1[K],g1[K];c[K],g[K],c1[K],d1[K];e1[K],e1[K],d[K],a[K];d1[K],e1[K],#f1[K],#f1[K];g[K],d1[K],g1[K],a1[K];b1[K],b1[K],e[K],b[K];e1[K],#f1[K],g1[K],g1[K];c[K],g[K],c1[K],d1[K];e1[K],e1[K],d[K],a[K];d1[K],g1[K],"],"id":1,"instruments":["piano","piano"],"alternatives":["",""],"bpm":250},{"bpm":260,"baseBeats":1,"scores":["d2[K],g2[J],T;T,T,b2[K],5<a2[L],g2[L]>;b2[J],T,T;a2[K],a2[K],g2[J];T,T,e2[J];d2[J],T,T;d2[K],g2[K],g2[J];T,T,b2[K],5<a2[L],g2[L]>;b2[J],T,T;a2[K],5<b2[L],d3[L]>,d3[J];T,T,b2[J];d3[J],T,b2[K];d3[K],b2[K],g2[J];T,T,a2[J];g2[J],T,T;e2[J],d2[J];T,T,d2[K],g2[K];g2[J],T,T;b2[K],5<a2[L],g2[L]>,b2[J];T,T,a2[J];g2[J],T,T;T,d2[K],g2[K],d3[J];g1[K],c2[K],d3[K];d3[K],#f1[K],b1[K],5<#f3[L],g3[L]>;e3[K],g1[K],c2[K],d2[K];g2[K],d2[K],b1[K],e1[K];g1[K],#f1[K],d2[K],#f2[K];a2[K],d3[K],g3[K],(g2.g3)[J];T,T,(b2.b3)[K];5<(a2.a3)[L],(g2.g3)[L]>,(b2.b3)[K],(b2.b3)[K],T;T,(a2.a3)[J],(g2.g3)[J];T,T,(e2.e3)[J];(d2.d3)[J],T;T,(d2.d3)[K],(g2.g3)[K],(g2.g3)[J];T,T,(b2.b3)[K];5<(a2.a3)[L],(g2.g3)[L]>,(b2.b3)[J],T;T,(a2.a3)[K],5<(b2.b3)[L],(d3.d4)[L]>,(d3.d4)[J];T,T,(b2.b3)[J];(d3.d4)[J],T;(b2.b3)[K],(d3.d4)[K],(b2.b4)[K],(g2.g3)[J];T,T,(a2.a3)[J];(g2.g3)[J],T;T,(e2.e3)[J],(d2.d3)[J];T,T,(d2.d3)[K];(g2.g3)[K],(g2.g3)[J],T;T,(b2.b3)[K],5<(a2.a3)[L],(g2.g3)[L]>,(b2.b3)[J];T,T,(a2.a3)[J];(g2.g3)[J],T;T,(e2.e3)[J],g3[J];g1[K],#f2[K],e3[K];(g1.e3)[K],c2[K],b2[K],5<c3[L],b2[L]>;a2[K],T,a1[K],g2[K];a2[J],d1[K],","#f1[K],#f1[K],g[K],d1[K];g1[K],a1[K],b1[K],b1[K];e[K],b[K],e1[K],#f1[K];g1[K],g1[K],c[K],g[K];c1[K],d1[K],e1[K],e1[K];d[K],a[K],d1[K],e1[K];#f1[K],#f1[K],g[K],d1[K];g1[K],a1[K],b1[K],b1[K];e[K],b[K],e1[K],#f1[K];g1[K],g1[K],c[K],g[K];c1[K],d1[K],e1[K],e1[K];g[K],d1[K],g1[K],a1[K];b1[K],b1[K],e[K],b[K];e1[K],#f1[K],g1[K],g1[K];c[K],g[K],c1[K],d1[K];e1[K],e1[K],d[K],a[K];d1[K],e1[K],#f1[K],#f1[K];g[K],d1[K],g1[K],a1[K];b1[K],b1[K],e[K],b[K];e1[K],#f1[K],g1[K],g1[K];c[K],g[K],c1[K],d1[K];g1[K],T,T,g[K];d1[K],T,T,T;b[K],T,T,T;c1[K],T,T,T;T,T,a[K],T;T,T,T,T;T,T,T,g[K];d1[K],g1[K],a1[K],b1[J];e[K],b[K],e1[K];#f1[K],g1[J],c[K];g[K],c1[K],d1[K],e1[J];d[K],a[K],d1[K];e1[K],#f1[K],#f1[K],g[K];d1[K],g1[K],a1[K],b1[K];b1[K],e[K],b[K],e1[K];#f1[K],g1[J],c[K];g[K],c1[K],d1[K],e1[J];g[K],d1[K],g1[K];a1[K],b1[J],e[K];b[K],e1[K],#f1[K],g1[K];g1[K],c[K],g[K],c1[K];d1[K],e1[K],e1[K],d[K];a[K],d1[K],e1[K],#f1[K];#f1[K],g[K],d1[K],g1[K];a1[K],b1[K],b1[K],e[K];b[K],e1[K],#f1[K],g1[J];c[K],g[K],c1[K];d1[K],e1[J],g[K];d1[K],T,T,c1[K];T,T,T,T;a[K],e1[K],T,T;d[K],a[K],T,"],"id":2,"instruments":["piano","piano"],"alternatives":["",""]},{"bpm":270,"baseBeats":1,"scores":["#f1[K],d2[K],g2[K],g2[J];T,T,b2[K];5<a2[L],g2[L]>,b2[J],T;T,a2[J],g2[J];T,T,e2[J];d2[J],T;T,d2[K],g2[K],g2[J];T,T,b2[K];5<a2[L],g2[L]>,b2[J],T;T,a2[K],5<b2[L],d3[L]>,d3[J];T,T,b2[J];d3[J],T;T,b2[K],5<a2[L],g2[L]>,b2[J];T,T,a2[J];g2[J],T;T,e2[J],d2[J];T,T,d2[K];g2[K],g2[J],T;T,b2[K],5<a2[L],g2[L]>,b2[J];T,T,a2[J];g2[J],T;T,e2[J],g2[J];T,a[K],g[K];#f[K],ST;(d1.g1)[J],","T,T,T,g[K];d1[K],g1[K],a1[K],b1[K];b1[K],e[K],b[K],e1[K];#f1[K],g1[K],g1[K],c[K];g[K],c1[K],d1[K],e1[J];d[K],a[K],d1[K];e1[K],#f1[J],g[K];d1[K],g1[K],a1[K],b1[K];b1[K],e[K],b[K],e1[K];#f1[K],g1[J],c[K];g[K],c1[K],d1[K],e1[J];g[K],d1[K],g1[K];a1[K],b1[K],b1[K],e[K];b[K],e1[K],#f1[K],g1[J];c[K],g[K],c1[K];d1[K],e1[J],d[K];a[K],d1[K],e1[K],#f1[J];g[K],d1[K],g1[K];a1[K],b1[K],b1[K],e[K];b[K],e1[K],#f1[K],g1[J];c[K],g[K],c1[K];d1[K],e1[J],d[K];a[K],d1[K],ST;d[K],G-1[J];G-1[J],"],"id":3,"instruments":["piano","piano"],"alternatives":["",""]}],"audition":{"end":[0,36],"start":[0,0]}}