{"baseBpm":64,"musics":[{"id":1,"bpm":120,"baseBeats":0.25,"scores":["(b.b1.b2)[L],(c1.c2.c3)[L],(#c1.#c2.#c3)[L];(G-2.d.g.b.d1.g1.b1.d2.g2.d3)[M],b[M],d1[M],b[M],d1[M],g1[M],d1[M],g1[M],(b1.b2.b3)[M],g1[M],b1[M],d2[M];(#F-2.#d.#f.b.#d1.#f1.b1.#d2.#f2.#d3)[M],b[M],#d1[M],b[M],#d1[M],#f1[M],#d1[M],#f1[M],b1[M],#f1[M],b1[M],#d2[M];"]},{"id":2,"bpm":120,"baseBeats":0.25,"scores":["(E-2.e.g.b.e1.g1.b1.#d2.e2.g2.e3)[M],b[M],e1[M],b[M],e1[M],g1[M],e1[M],g1[M],b1[M],g1[M],b1[M],e2[M],b1[M],e2[M],g2[M],e2[M],(b1.e3)[M],g1[M],e1[M],b[M];(#D-2.#d.g.c1.#d1.g1.c2.#d2.g2.#d3)[M],c1[M],#d1[M],c1[M],"]},{"id":3,"bpm":120,"baseBeats":0.25,"scores":["5<(#d1.b1.b2.c4)[N],d4[N]>,5<(g1.c4)[N],d4[N]>,5<(#d1.c4)[N],d4[N]>,5<(g1.c4)[N],d4[N]>,5<(c2.c4)[N],d4[N]>,5<(g1.c4)[N],d4[N]>,5<(c2.c4)[N],d4[N]>,5<(#d2.c4)[N],d4[N]>;(G-2.d.g.b.d1.g1.b1.d2.g2.b3)[M],g[M],b[M],b[MP],d1[MP],g1[MP],d1[MP],g1[MP],b1[MP],g1[MO],b1[MO],d2[L],g2[H];"]}]}