{"baseBpm":95,"musics":[{"baseBeats":0.25,"measureBeats":4,"scores":["(c.b2)[M],g2[M],d2[M],b2[M],g2[M],d2[M],b2[M],g2[M],d2[M],b2[M],g2[M],d2[M],b2[L],a2[L];(d.b2)[M],g2[M],d2[M],b2[M],g2[M],d2[M],b2[M],g2[M],d2[M],b2[M],g2[M],d2[M],b2[L],a2[L];(e.b2)[M],g2[M],d2[M],b2[M],g2[M],d2[M],b2[M],g2[M],d2[M],b2[M],g2[M],d2[M],b2[L],a2[L];(B-1.d3)[M],c3[M],b2[M],c3[M],b2[M],a2[M],b2[M],a2[M],g2[M],a2[M],g2[M],#f2[M],g2[M],#f2[M],g2[M],a2[M];(c.b2)[M],g2[M],(c.d2)[M],b2[M],(c.g2)[M],d2[M],(c.b2)[M],g2[M],(c.d2)[M],b2[M],(c.g2)[M],d2[M],(c.b2)[L],(c.a2)[L];(d.b2)[M],g2[M],(d.d2)[M],b2[M],(d.g2)[M],d2[M],(d.b2)[M],g2[M],(d.d2)[M],b2[M],(d.g2)[M],d2[M],(d.b2)[L],(d.a2)[L];(e.b2)[M],g2[M],(e.d2)[M],b2[M],(e.g2)[M],d2[M],(e.b2)[M],g2[M],(e.d2)[M],b2[M],(e.g2)[M],d2[M],(e.b2)[L],(e.a2)[L];g3[M],#f3[M],d3[M],#f3[M],d3[M],a2[M],d3[M],a2[M],#f2[M],a2[M],#f2[M],d2[M],a2[M],g2[M],#f2[M],d2[M];(c.e2)[M],g[M],c1[M],(g.e1.g1.b1)[L],g[M],(c1.d2)[M],g[M],(d.b1)[M],a[M],d1[M],(a.a1)[M],#f1[M],a[M],(d1.g1)[M],(a.a1)[M];(E-1.b1)[M],B-1[M],e[M],#f[M],g[M],a[M],b[M],d1[M],g1[M],#f1[M],d1[M],a[M],d1[M],a[M],#f[M],d[M];(c.e2)[M],g[M],c1[M],(g.e1.g1.b1)[L],g[M],(c1.d2)[M],g[M],(d.b1)[M],a[M],d1[M],(a.a1)[M],#f1[M],a[M],(d1.g1)[M],(a.a1)[M];(E-1.b1)[M],B-1[M],e[M],g[M],(b.g2)[M],e1[M],b[M],g[M],(B-1.#f2)[M],#f[M],b[M],d1[M],(#f1.d2)[M],b1[M],#f1[M],d1[M];(c.g2)[M],g[M],c1[M],g[M],e1[M],g[M],(c1.#f2)[M],(g.g2)[M],(d.a2)[M],a[M],(d1.g2)[M],a[M],(#f1.#f2)[M],a[M],(d1.d2)[M],a[M];(e.d2)[M],b[M],e1[M],(b.e2)[M],(g1.b1.d2)[M],b[M],(e1.a1)[M],b[M],(B-1.g1)[M],#f[M],b[M],#f[M],(d1.#f1)[M],#f[M],b[M],#f[M];(c.g1)[M],g[M],c1[M],g[M],e1[M],g[M],(c1.d2)[M],g[M],(d.b1)[M],a[M],d1[M],a[M],(#f1.a1)[M],a[M],d1[M],a[M];(E-1.b1)[M],B-1[M],e[M],g[M],b[M],e1[M],(b.d2)[M],g[M],(B-1.e2)[M],#f[M],b[M],d1[M],(#f1.g2)[M],b1[M],(#f1.a2)[M],d1[M];"],"instruments":["piano"],"alternatives":[""],"id":1,"bpm":95},{"baseBeats":0.25,"measureBeats":4,"scores":["(c.g.c1.b2)[L],(c.g.c1.b2)[L],(c.g.c1.b2)[L],(c.g.c1.a2)[M],b2[M],(d.a.d1.a2)[L],(d.a.d1.a2)[L],(d.a.d1.a2)[L],(d.a.d1.g2)[M],a2[M];(e.b.e1.d2.b2)[L],(e.b.e1.d2.b2)[L],(e.b.e1.d2.b2)[L],(e.b.e1.d3)[M],e3[M],(B-1.#f.b.d3)[L],(B-1.#f.b.b2)[L],(B-1.#f.b.a2)[L],(B-1.#f.b.g2)[M],a2[M];(c.g.c1.d2.b2)[L],(c.g.c1.d2.b2)[L],(c.g.c1.d2.b2)[L],(c.g.c1.a2)[M],b2[M],(d.a.d1.d2.a2)[L],(d.a.d1.d2.a2)[L],(d.a.d1.d2.a2)[L],(d.a.d1.g2)[M],a2[M];(e.b.e1.b2)[L],(e.b.e1.g3)[L],(e.b.e1.#f3)[L],(e.b.e1.d3)[L],(B-1.#f.b.d3)[M],e3[M],(B-1.#f.b.d3)[M],c3[M],b2[M],c3[M],d3[M],b2[M];(c.g3)[M],#f3[M],(g.c1.g3)[M],#f3[M],(c.g3)[M],#f3[M],(g.c1.g3)[M],#f3[M],(d.a3)[M],g3[M],(a.d1.a3)[M],g3[M],(d.a3)[M],g3[M],(a.d1.a3)[M],g3[M];(e.b3)[M],a3[M],(b.e1.g3)[M],#f3[M],(e.g3)[M],#f3[M],(b.e3)[M],d3[M],(B-1.e3)[M],d3[M],(#f.b.b2)[M],a2[M],(#f.b.d3)[M],c3[M],(#f.b.b2)[M],c3[M];(c.g.g2.b2)[L],(c.g.c1.c2.g2.b2)[L],(c.g.c1.c2.g2.b2)[L],(g.c1.a2)[M],b2[M],(d.a.d1.d2.a2)[L],(d.a.d1.d2.a2)[L],(d.a.d1.d2.a2)[L],(a.d1.g2)[M],a2[M];(e.#g.b.e1.e2.#g2.b2)[L],(e2.#g2.b2)[M],(e.#g.b.e1)[M],(e2.b2)[L],(e.#g.b.e1.e2.d3)[L],(e.e3)[M],#g[M],b[M],d1[M],e1[K];(c.b2)[M],g2[M],(g.d2)[M],b2[M],(c1.g2)[M],d2[M],(g.b2)[M],g2[M],(d.d2)[M],b2[M],(a.g2)[M],d2[M],(d1.b2)[L],(a.a2)[L];(e.b2)[M],g2[M],(b.d2)[M],b2[M],(e1.g2)[M],d2[M],(b.b2)[M],g2[M],(B-1.d2)[M],b2[M],(#f.g2)[M],d2[M],(d1.d3)[M],c3[M],(#f.b2)[M],g2[M];(c.b2)[M],g2[M],(g.d2)[M],b2[M],(c1.g2)[M],d2[M],(g.b2)[M],g2[M],(d.d2)[M],b2[M],(a.g2)[M],d2[M],(d1.b2)[L],(a.a2)[L];(e.b2)[M],g2[M],(b.d2)[M],b2[M],(e1.g2)[M],d2[M],(b.b2)[M],g2[M],(B-1.d2)[M],b2[M],(#f.g2)[M],d2[M],(d1.d3)[M],c3[M],(#f.b2)[M],c3[M];"],"instruments":["piano"],"alternatives":[""],"id":2,"bpm":95},{"baseBeats":0.25,"measureBeats":4,"scores":["(c.g3)[M],#f3[M],(g.e3)[M],g3[M],(c1.#f3)[M],e3[M],(g.#f3)[M],g3[M],(d.a3)[M],g3[M],(a.#f3)[M],a3[M],(d1.g3)[M],#f3[M],(a.g3)[M],a3[M];(e.b3)[M],a3[M],(b.g3)[M],#f3[M],(e1.g3)[M],#f3[M],(b.e3)[M],d3[M],(B-1.e3)[M],d3[M],(#f.b2)[M],d3[M],(d1.b2)[M],a2[M],(#f.g2)[M],a2[M];(c.b2)[M],g2[M],(g.c1.d2)[M],b2[M],(g.c1.g2)[M],d2[M],(g.c1.b2)[M],d2[M],(d.d2.a2)[M],g2[M],(#f.a.d1.d2)[M],a2[M],(#f.a.d1.g2)[M],d2[M],(#f.a.d1.a2)[M],d2[M];(E-1.b2)[M],B-1[M],e[M],(#f.b2)[M],g[M],a[M],(b.d3)[M],d1[M],(g1.e3)[M],#f1[M],d1[M],a[M],d1[M],a[M],(#f.b2)[M],d[M];(c.g.c1.g2)[KL],#f2[M],g2[M],(d.a.d1.a2)[L],b2[L],a2[L],g2[L];(e.b.e1.g2)[KL],#f2[M],g2[M],(B-1.#f.a.#f2)[L],d2[L],b1[L],a1[L];(c.g.c1.g2)[KL],#f2[M],g2[M],(d.#f.d1.a2)[L],g2[L],a2[L],b2[L];(e.b.g1.d3)[K],e3[K],(B-1.#f.d1.d3)[L],b2[L],a2[L],g2[L];(c.g2)[L],g[L],c1[L],#f2[M],g2[M],(d.a2)[L],(a.d3)[L],(d1.c3)[L],b2[L];(e.g2.d3)[LM],(d.a2)[LM],(#c.g.b.b2)[KL],a2[L],g2[L];(c.c1.e1.e2)[KL],(g1.g2)[L],(d.d1.#f1.#f2)[K],d2[K];(e.#g1.b1.e2)[I];"],"instruments":["piano"],"alternatives":[""],"id":3,"bpm":95}],"audition":{"end":[0,27],"start":[0,0]}}