{"baseBpm":255,"musics":[{"bpm":255,"baseBeats":0.75,"scores":["UV,STUV,TU,RTUV,5<UV>,R,TU,RTUV,5<UV>,RTU,ST,SUV,5<UV>,RTU,TU,TU,TU,TV,5<UV>,R,TU,RTUV,5<UV>,R,TU,RTUV,5<UV>,RST,TU,TU,TUV,RTUV,TU,TU,TU,TU,TU,TU,TU,TU,RU,TU,ST,","(d1.e2)[M],a1[M],b1[M],#f2[JKLM],#c3[KL],e3[IKL],e1[L],(a1.e2)[M],b1[M],#f2[I],#c3[KL],e3[IKL],#c1[L],(#g1.e2)[M],b1[M],#f2[IKL],e3[JK],#f3[JL],#f1[L],(#c2.b2.a2)[M],e2[M],#c3[IKL],(e2.#c2.e1.#c3)[KL],b2[KL],a2[KL],#g2[K],d1[L],(a1.e2)[M],b1[M],#f2[I],#c3[KL],e3[IKL],e1[L],(a1.e2)[M],b1[M],#f2[I],#c3[KL],e3[IKL],#c1[L],(#g1.e2)[M],b1[M],#f2[IJK],b2[KL],a2[KL],#g2[KL],(a1.e2.b1.#f1)[M],a1[IKLM],#c2[KL],b1[KL],a1[KL],#g1[KL],(d.#f1.e1)[KL],a[KL],d1[KL],#c2[KL],e2[IL],(d.D-1)[KL],(e1.b.#f1.e.E-1)[JK],"],"id":1},{"bpm":255,"baseBeats":0.75,"scores":["TU,TU,TU,TU,TU,TU,TU,TU,TU,TU,ST,ST,TU,TU,TU,TU,TU,TU,TU,TU,TU,TU,TU,TU,ST,TU,TU,TU,TU,TU,TU,TU,TU,TU,TU,TU,TU,TU,TU,TU,TU,TU,TU,RS,ST,TU,TV,5<UV>,RUV,5<UV>,ST,SV,5<UV>,QR,5<UV>,STUV,TU,RTUV,5<UV>,R,TU,RTUV,5<UV>,RTU,ST,SUV,5<UV>,RTU,TU,TU,TU,TV,5<UV>,R,TU,RTU,","(e1.b)[KL],(#c2.#g1)[KL],(e2.b1)[KL],b[KL],e1[KL],b1[K],b[M],e1[M],(#c.#f1)[KL],#g[KL],b[KL],e1[KL],(e2.b1.#g1)[JK],(#f2.b1.a1)[JK],(#f.#c2.a1.e1)[KL],#c1[KL],e1[KL],#g1[KL],(e.#f1.#c2)[KL],b1[KL],(e1.#c1.a1)[KL],#g1[KL],(B-1.#f1.d1.b)[KL],#f[KL],a[KL],#f[KL],(b.#f1.d1)[JK],(#f.d.b1.#f1.d1)[KL],(B-1.B-2)[KL],(#c.#C-1.#g1.e1.b)[KL],#g[KL],b[KL],e1[KL],(#g1.e1)[KL],#g[KL],(b1.#g1.e1.b)[KL],(#c.#C-1)[KL],(d.D-1.a1.#f1.e1.#c1)[KL],a[KL],d1[KL],#f[KL],a[KL],d1[KL],#f1[KL],(d.D-1.a1)[KL],(e1.b.e.E-1.a1)[IJ],#g1[JK],#g2[KL],a2[K],#f1[L],a1[M],#c2[M],a2[IK],e1[M],b1[M],(#c2.#g2)[JK],e2[JL],d1[M],b1[M],(#c2.#f2)[HI],(d1.e2)[M],a1[M],b1[M],#f2[JKLM],#c3[KL],e3[IKL],e1[L],(a1.e2)[M],b1[M],#f2[I],#c3[KL],e3[IKL],#c1[L],(#g1.e2)[M],b1[M],#f2[IKL],e3[JK],#f3[JL],#f1[L],(#c2.b2.a2)[M],e2[M],#c3[IKL],(e2.#c2.e1.#c3)[KL],b2[KL],a2[KL],#g2[K],d1[L],(a1.e2)[M],b1[M],#f2[I],#c3[KL],e3[IKL],"],"id":2},{"bpm":255,"baseBeats":0.75,"scores":["T,R,TU,RTUV,5<UV>,RST,TU,TU,TUV,RTUV,TU,TU,TU,TU,TU,TU,TU,TU,RU,TU,ST,TU,TU,TU,TU,TU,TU,TU,TU,TU,TU,ST,ST,TU,TU,TU,TU,TU,TU,TU,TU,TU,TU,TU,TU,ST,TU,TU,TU,TU,TU,TU,TU,TU,TU,TU,TU,TU,TU,TU,TU,TU,TU,TU,RS,ST,TU,TV,5<UV>,RUV,5<UV>,ST,SV,5<UV>,QR,","e1[L],(a1.e2)[M],b1[M],#f2[I],#c3[KL],e3[IKL],#c1[L],(#g1.e2)[M],b1[M],#f2[IJK],b2[KL],a2[KL],#g2[KL],(a1.e2.b1.#f1)[M],a1[IKLM],#c2[KL],b1[KL],a1[KL],#g1[KL],(d.#f1.e1)[KL],a[KL],d1[KL],#c2[KL],e2[IL],(d.D-1)[KL],(e1.b.#f1.e.E-1)[JK],(e1.b)[KL],(#c2.#g1)[KL],(e2.b1)[KL],b[KL],e1[KL],b1[K],b[M],e1[M],(#c.#f1)[KL],#g[KL],b[KL],e1[KL],(e2.b1.#g1)[JK],(#f2.b1.a1)[JK],(#f.#c2.a1.e1)[KL],#c1[KL],e1[KL],#g1[KL],(e.#f1.#c2)[KL],b1[KL],(e1.#c1.a1)[KL],#g1[KL],(B-1.#f1.d1.b)[KL],#f[KL],a[KL],#f[KL],(b.#f1.d1)[JK],(#f.d.b1.#f1.d1)[KL],(B-1.B-2)[KL],(#c.#C-1.#g1.e1.b)[KL],#g[KL],b[KL],e1[KL],(#g1.e1)[KL],#g[KL],(b1.#g1.e1.b)[KL],(#c.#C-1)[KL],(d.D-1.a1.#f1.e1.#c1)[KL],a[KL],d1[KL],#f[KL],a[KL],d1[KL],#f1[KL],(d.D-1.a1)[KL],(e1.b.e.E-1.a1)[IJ],#g1[JK],#g2[KL],a2[K],#f1[L],a1[M],#c2[M],a2[IK],e1[M],b1[M],(#c2.#g2)[JK],e2[JL],d1[M],b1[M],(#c2.#f2)[HI],"],"id":3}],"audition":{"start":[0,0],"end":[1,0]}}