{"baseBpm":220,"musics":[{"bpm":150,"baseBeats":0.125,"scores":["5<(A-1.a1.e1.c1)[O],#a1[O]>,5<b1[O],c2[O]>,5<(e.a.c1.e1.a1.#c2)[O],d2[O]>,5<#d2[O],e2[O]>,5<(a1.d2.f2.A-1)[O],#f2[O]>,5<g2[O],#g2[O]>,5<(d2.f2.a2.f.a.d1)[O],#a2[O]>,5<b2[O],c3[O]>,5<(A-1.a.e2.a2.#c3)[O],d3[O]>,5<#d3[O],e3[O]>,5<(e.a.c1.a2.c3.f3)[O],e3[O]>,5<#d3[O],d3[O]>,5<(e1.c1.a.e2.a2.#c3)[O],c3[O]>,5<b2[O],#a2[O]>,5<(c2.e2.a2)[O],#g2[O]>,5<b2[O],a2[O]>,5<(b1.e2.E-1.#g2)[O],g2[O]>,5<#f2[O],f2[O]>,5<(#g1.b1.d1.b.e.e2)[O],#d2[O]>,5<f2[O],e2[O]>,5<(a1.c2.A-1.#d2)[O],d2[O]>,5<#c2[O],c2[O]>,5<(e1.a1.c1.a.e.b1)[O],c2[O]>,5<d2[O],c2[O]>,5<(e.b.e1.#g1.b1)[O],c2[O]>,5<b1[O],c2[O]>,5<(f.b.a1.#d1.b1)[O],c2[O]>,5<b1[O],c2[O]>,5<(e.b1.#g1.e1)[O],e2[O]>,5<#d2[O],d2[O]>,5<(d1.#g1.#c2)[O],c2[O]>,5<b1[O],#a1[O]>,5<(A-1.a1.e1.c1)[O],#a1[O]>,5<b1[O],c2[O]>,5<(e.a.c1.e1.a1.#c2)[O],d2[O]>,5<#d2[O],e2[O]>,5<(a1.d2.f2.A-1)[O],#f2[O]>,5<g2[O],#g2[O]>,5<(d2.f2.a2.f.a.d1)[O],#a2[O]>,5<b2[O],c3[O]>,5<(A-1.a.e2.a2.#c3)[O],d3[O]>,5<#d3[O],e3[O]>,5<(e.a.c1.a2.c3.f3)[O],e3[O]>,5<#d3[O],d3[O]>,5<(e1.c1.a.e2.a2.#c3)[O],c3[O]>,5<b2[O],#a2[O]>,5<(c2.e2.a2)[O],#g2[O]>,5<b2[O],a2[O]>,5<(B-1.b1.e2.g2)[O],#g2[O]>,5<a2[O],#a2[O]>,5<(g1.e1.b.g2.e2.b2)[O],c3[O]>,5<b2[O],#a2[O]>,5<(B-1.#d2.#f2.a2)[O],#g2[O]>,5<g2[O],#f2[O]>,5<(b1.a1.#f1.b.#d2.f2)[O],#f2[O]>,5<g2[O],#f2[O]>,5<(e.e1.#g1.b1.e2)[O],f2[O]>,5<#d2[O],e2[O]>,5<(E-1.e.f1.a1.d2)[O],e2[O]>,5<#c2[O],d2[O]>,5<(a1.e1.c2)[O],d2[O]>,5<b1[O],c2[O]>,5<(E-1.e.d1.#g1.b1)[O],c2[O]>,5<#a1[O],b1[O]>,5<(A-1.a1.e1.c1)[O],#a1[O]>,5<b1[O],c2[O]>,5<(e.a.c1.e1.a1.#c2)[O],d2[O]>,5<#d2[O],e2[O]>,5<(a1.d2.f2.A-1)[O],#f2[O]>,5<g2[O],#g2[O]>,5<(d2.f2.a2.f.a.d1)[O],#a2[O]>,5<b2[O],c3[O]>,5<(A-1.a.e2.a2.#c3)[O],d3[O]>,5<#d3[O],e3[O]>,5<(e.a.c1.a2.c3.f3)[O],e3[O]>,5<#d3[O],d3[O]>,5<(e1.c1.a.e2.a2.#c3)[O],c3[O]>,5<b2[O],#a2[O]>,5<(c2.e2.a2)[O],#g2[O]>,5<b2[O],a2[O]>,5<(b1.e2.E-1.#g2)[O],g2[O]>,5<#f2[O],f2[O]>,5<(#g1.b1.d1.b.e.e2)[O],#d2[O]>,5<f2[O],e2[O]>,5<(a1.c2.A-1.#d2)[O],d2[O]>,5<#c2[O],c2[O]>,5<(e1.a1.c1.a.e.b1)[O],c2[O]>,5<d2[O],c2[O]>,5<(e.b.e1.#g1.b1)[O],c2[O]>,5<b1[O],c2[O]>,5<(f.b.a1.#d1.b1)[O],c2[O]>,5<b1[O],c2[O]>,5<(e.b1.#g1.e1)[O],e2[O]>,5<#d2[O],d2[O]>,5<(d1.#g1.#c2)[O],c2[O]>,5<b1[O],#a1[O]>,5<(A-1.a1.e1.c1)[O],#a1[O]>,5<b1[O],c2[O]>,5<(e.a.c1.e1.a1.#c2)[O],d2[O]>,5<#d2[O],e2[O]>,5<(a1.d2.f2.A-1)[O],#f2[O]>,5<g2[O],#g2[O]>,5<(d2.f2.a2.f.a.d1)[O],#a2[O]>,5<b2[O],c3[O]>,5<(A-1.a.e2.a2.#c3)[O],d3[O]>,5<#d3[O],e3[O]>,5<(e.a.c1.a2.c3.f3)[O],e3[O]>,5<#d3[O],d3[O]>,5<(e1.c1.a.e2.a2.#c3)[O],c3[O]>,5<b2[O],#a2[O]>,5<(c2.e2.a2)[O],#g2[O]>,5<b2[O],a2[O]>,5<(D-1.d.d2.f2.#a2)[O],b2[O]>,5<c3[O],#c3[O]>,5<(d1.#a.f.d.f2.#a2.d3)[O],#d3[O]>,5<e3[O],f3[O]>,5<(E-1.e.d3.#g2.e3)[O],f3[O]>,5<#f3[O],g3[O]>,5<(d1.b.e.d3.#g3)[O],a3[O]>,5<#a3[O],b3[O]>,"],"id":1,"instruments":["piano"],"alternatives":[""]},{"bpm":150,"baseBeats":0.125,"scores":["5<(c3.f3.a3.f.F-1)[O],#g3[O]>,5<g3[O],#f3[O]>,5<(a2.c3.f3.f1.c1.a)[O],e3[O]>,5<#d3[O],d3[O]>,5<(e2.a2.#c3.C-1.c)[O],c3[O]>,5<b2[O],#a2[O]>,5<(c2.e2.a2.e1.a.e)[O],#g2[O]>,5<g2[O],#f2[O]>,5<(D-1.#a1.d2.f2)[O],e2[O]>,5<#d2[O],d2[O]>,5<(d1.#a.f.d.f1.#a1.#c2)[O],d2[O]>,5<f2[O],d2[O]>,5<(c1.a.e.e1.a1.b1)[O],c2[O]>,5<e2[O],c2[O]>,5<(e.d1.#g1.#a1)[O],b1[O]>,5<e2[O],b1[O]>,5<(a1.e1.c1.A-1.a)[O],#a1[O]>,5<b1[O],c2[O]>,5<(e1.#g1.#c2.E-1.e)[O],d2[O]>,5<#d2[O],e2[O]>,5<(a2.c2.a1.A-2.A-1)[O],#g2[O]>,5<g2[O],#f2[O]>,5<f2[O],e2[O]>,5<#d2[O],d2[O]>,5<(C-1.c.#c2.#a1.e1)[O],c2[O]>,5<b1[O],c2[O]>,5<(c1.g.c.e1.#a1.#c2)[O],d2[O]>,5<#d2[O],e2[O]>,5<(F-1.f2.a1)[O],#f2[O]>,5<g2[O],#g2[O]>,5<(c1.a.c.c2.a2)[O],e2[O]>,5<f2[O],d2[O]>,5<(#a1.#c2.C-1)[O],c2[O]>,5<b1[O],c2[O]>,5<(e1.#a1.#c2.c1.g.c)[O],d2[O]>,5<#d2[O],e2[O]>,5<(f1.#g1.f2.#C-1)[O],#f2[O]>,5<g2[O],#g2[O]>,5<(g2.b1.#g.b.#c)[O],#f2[O]>,5<f2[O],e2[O]>,5<(D-1.c2.#d2)[O],d2[O]>,5<#c2[O],d2[O]>,5<(c1.a.d.#f1.c2.#d2)[O],e2[O]>,5<f2[O],#f2[O]>,5<(G-1.g2.#a1)[O],#g2[O]>,5<a2[O],#a2[O]>,5<(#a.g.d.d2.a2)[O],f2[O]>,5<g2[O],#d2[O]>,5<(D-1.c2.d2)[O],#d2[O]>,5<#c2[O],d2[O]>,5<(c1.a.d.#f1.c2.#d2)[O],e2[O]>,5<f2[O],#f2[O]>,5<(#D-1.g1.#a1.g2)[O],#g2[O]>,5<a2[O],#a2[O]>,5<(#a.#c1.#d.#c2.a2)[O],#g2[O]>,5<g2[O],#f2[O]>,5<(d2.f2.E-1)[O],e2[O]>,5<#d2[O],e2[O]>,5<(#g1.d2.f2.d1.b.e)[O],#f2[O]>,5<g2[O],#g2[O]>,5<(a2.c2.A-1)[O],#a2[O]>,5<b2[O],c3[O]>,5<(e2.b2.e1.c1.a.e)[O],#a2[O]>,5<a2[O],#g2[O]>,5<(E-1.d2.g2)[O],#f2[O]>,5<f2[O],e2[O]>,5<(d1.b.e.#g1.d2.f2)[O],#f2[O]>,5<g2[O],#g2[O]>,5<(A-1.a.a2.c2)[O],#a2[O]>,5<b2[O],c3[O]>,5<(G-1.g.#c3.a2.e2)[O],d3[O]>,5<#d3[O],e3[O]>,5<(f3.a2.F-1.f)[O],e3[O]>,5<#d3[O],d3[O]>,5<(f2.a2.#c3.B-1.b)[O],c3[O]>,5<b2[O],#a2[O]>,5<(a2.d2.f2)[O],#g2[O]>,5<g2[O],#f2[O]>,5<(#g1.d2.f2.e1.e)[O],e2[O]>,5<#d2[O],e2[O]>,5<(#D-1.#d.g2.#d3)[O],d3[O]>,5<#c3[O],c3[O]>,5<(a.A-1.#d2.g2.b2)[O],#a2[O]>,5<a2[O],#g2[O]>,5<(g2.#d2.c2)[O],#f2[O]>,5<f2[O],e2[O]>,5<(d1.d.#f1.c2.#d2)[O],d2[O]>,5<#c2[O],d2[O]>,5<(d3.#a2.g2.g.G-1)[O],#c3[O]>,5<c3[O],b2[O]>,5<(#c2.g2.#a2.#d.#d1)[O],a2[O]>,5<#g2[O],g2[O]>,5<(a1.d2.#f2.d.d1)[O],g2[O]>,5<#g2[O],a2[O]>,5<(c2.f2.#a2.A-1.a)[O],b2[O]>,5<c3[O],b2[O]>,5<(f2.a2.d3.F-1.f)[O],c3[O]>,5<#a2[O],a2[O]>,5<(b1.f2.#g2.#c.#c1)[O],g2[O]>,"],"id":2,"instruments":["piano"],"alternatives":[""]},{"bpm":150,"baseBeats":0.125,"scores":["5<#f2[O],f2[O]>,5<(e2.c2.g1.c.c1)[O],f2[O]>,5<#f2[O],g2[O]>,5<(#a1.#d2.#g2.G-1.g)[O],a2[O]>,5<#a2[O],a2[O]>,5<(#d2.g2.c3.#d.#D-1)[O],#a2[O]>,5<a2[O],#g2[O]>,5<(#a1.e2.g2.#d1.#d)[O],#f2[O]>,5<f2[O],e2[O]>,5<(#d2.#a1.g1)[O],d2[O]>,5<#c2[O],c2[O]>,5<(#c1.g1.#a1.#D-1.#d)[O],a1[O]>,5<#g1[O],g1[O]>,5<(#f1.d1.a.D-1.d)[O],g1[O]>,5<#g1[O],a1[O]>,5<(#D-1.A-1.#c1.g1.#a1)[O],a1[O]>,5<#g1[O],g1[O]>,5<(d.D-1.#f1.d1.a)[O],g1[O]>,5<#g1[O],a1[O]>,5<(#D-1.A-1.#c1.g1.#a1)[O],a1[O]>,5<#g1[O],g1[O]>,5<(d.D-1.#f1.d1.a)[O],g1[O]>,5<#g1[O],a1[O]>,5<(F-1.B-1.#d1.c2)[O],b1[O]>,5<#a1[O],a1[O]>,5<(g1.e1.b.e.E-1)[O],a1[O]>,5<#a1[O],b1[O]>,5<(F-1.B-1.#d1.c2)[O],b1[O]>,5<#a1[O],a1[O]>,(#g1.e1.b.E-1.e)[M],V,5<(e3.b2.#g2)[O],f3[O]>,5<d3[O],e3[O]>,5<(c3.a2.e2)[O],d3[O]>,5<b2[O],c3[O]>,5<(a2.c2.e2)[O],b2[O]>,5<g2[O],a2[O]>,5<(a1.c2.f2)[O],g2[O]>,5<e2[O],f2[O]>,5<(d3.a2)[O],e3[O]>,5<c3[O],d3[O]>,5<(d2.f2.b2)[O],c3[O]>,5<a2[O],b2[O]>,5<(#g2.b1.d2)[O],a2[O]>,5<f2[O],g2[O]>,5<(#g1.b1.e2)[O],f2[O]>,5<#d2[O],e2[O]>,5<(c3.a2)[O],d3[O]>,5<b2[O],c3[O]>,5<(c2.e2.a2)[O],b2[O]>,5<g2[O],a2[O]>,5<(a1.c2.f2)[O],g2[O]>,5<e2[O],f2[O]>,5<(d2.a1.f1)[O],e2[O]>,5<c2[O],d2[O]>,5<(d1.f1.b1)[O],c2[O]>,5<a1[O],b1[O]>,5<(#g1.b.d1)[O],f1[O]>,5<#d1[O],e1[O]>,5<f1[O],#f1[O]>,5<g1[O],#g1[O]>,5<(A-1.a1.e1.c1)[O],#a1[O]>,5<b1[O],c2[O]>,5<(e.a.c1.e1.a1.#c2)[O],d2[O]>,5<#d2[O],e2[O]>,5<(a1.d2.f2.A-1)[O],#f2[O]>,5<g2[O],#g2[O]>,5<(d2.f2.a2.f.a.d1)[O],#a2[O]>,5<b2[O],c3[O]>,5<(A-1.a.e2.a2.#c3)[O],d3[O]>,5<#d3[O],e3[O]>,5<(e.a.c1.a2.c3.f3)[O],e3[O]>,5<#d3[O],d3[O]>,5<(e1.c1.a.e2.a2.#c3)[O],c3[O]>,5<b2[O],#a2[O]>,5<(c2.e2.a2)[O],#g2[O]>,5<b2[O],a2[O]>,5<(b1.e2.E-1.#g2)[O],g2[O]>,5<#f2[O],f2[O]>,5<(#g1.b1.d1.b.e.e2)[O],#d2[O]>,5<f2[O],e2[O]>,5<(a1.c2.A-1.#d2)[O],d2[O]>,5<#c2[O],c2[O]>,5<(e1.a1.c1.a.e.b1)[O],c2[O]>,5<d2[O],c2[O]>,5<(e.b.e1.#g1.b1)[O],c2[O]>,5<b1[O],c2[O]>,5<(f.b.a1.#d1.b1)[O],c2[O]>,5<b1[O],c2[O]>,5<(e.b1.#g1.e1)[O],e2[O]>,5<#d2[O],d2[O]>,5<(d1.#g1.#c2)[O],c2[O]>,5<b1[O],#a1[O]>,5<(A-1.a1.e1.c1)[O],#a1[O]>,5<b1[O],c2[O]>,5<(e.a.c1.e1.a1.#c2)[O],d2[O]>,5<#d2[O],e2[O]>,5<(a1.d2.f2.A-1)[O],#f2[O]>,5<g2[O],#g2[O]>,5<(d2.f2.a2.f.a.d1)[O],#a2[O]>,5<b2[O],c3[O]>,5<(A-1.a.e2.a2.#c3)[O],d3[O]>,5<#d3[O],e3[O]>,5<(e.a.c1.a2.c3.f3)[O],e3[O]>,5<#d3[O],d3[O]>,5<(e1.c1.a.e2.a2.#c3)[O],c3[O]>,5<b2[O],#a2[O]>,5<(c2.e2.a2)[O],#g2[O]>,5<b2[O],a2[O]>,5<(d.D-1.d2.f2.#a2)[O],b2[O]>,5<c3[O],#c3[O]>,5<(d1.#a.f.d.#a2.f2.d3)[O],#d3[O]>,5<e3[O],f3[O]>,5<(e.E-1.d3.#g2.e3)[O],f3[O]>,5<#f3[O],g3[O]>,5<(d1.b.e.d3.#g3)[O],a3[O]>,5<#a3[O],b3[O]>,5<(F-1.f.c3.f3.a3)[O],#g3[O]>,5<g3[O],#f3[O]>,5<(f1.c1.a.a2.c3.f3)[O],e3[O]>,5<#d3[O],d3[O]>,5<(C-1.c.e2.a2.#c3)[O],c3[O]>,5<b2[O],#a2[O]>,5<(e1.a.e.c2.e2.a2)[O],#g2[O]>,5<g2[O],#f2[O]>,5<(D-1.d.#a1.d2.f2)[O],e2[O]>,5<#d2[O],d2[O]>,5<(d1.#a.f.d.f1.#a1.#c2)[O],d2[O]>,5<f2[O],d2[O]>,5<(e.a.c1.b1.a1.e1)[O],c2[O]>,5<e2[O],c2[O]>,5<(e.b.d1.#g1.#a1)[O],b1[O]>,5<e2[O],b1[O]>,5<(a1.c1.A-1.a)[O],#a1[O]>,5<b1[O],c2[O]>,5<(#c2.a1.d1.F-1.f)[O],d2[O]>,5<#d2[O],e2[O]>,5<(a1.d2.f2)[O],#f2[O]>,5<g2[O],#g2[O]>,5<(d2.e2.a2.E-1.e)[O],#a2[O]>,5<b2[O],c3[O]>,5<(A-2.A-1.c2.e2.a2)[O],#a2[O]>,5<b2[O],c3[O]>,5<(F-2.F-1.#c3.a2.d2)[O],d3[O]>,5<#d3[O],e3[O]>,5<(a2.d3.f3)[O],#f3[O]>,5<g3[O],#g3[O]>,5<(E-2.E-1.d3.e3.a3)[O],#a3[O]>,5<b3[O],c4[O]>,5<(A-2.A-1.c3.e3.a3)[O],#g3[O]>,5<g3[O],#f3[O]>,5<(a2.d3.f3)[O],e3[O]>,5<#d3[O],d3[O]>,5<(f2.a2.#c3)[O],c3[O]>,5<b2[O],#a2[O]>,5<(d2.f2.a2)[O],#g2[O]>,5<g2[O],#f2[O]>,5<(a1.d2.f2)[O],e2[O]>,5<#d2[O],d2[O]>,5<(#c2.f1.a1)[O],c2[O]>,5<b1[O],#a1[O]>,5<(d1.f1.a1)[O],#g1[O]>,5<g1[O],#f1[O]>,5<(a.d1.f1)[O],e1[O]>,5<#d1[O],d1[O]>,(e@a@#c1)[K],S,"],"id":3,"instruments":["piano"],"alternatives":[""]}],"audition":{"start":[0,0],"end":[1,0]}}