{"baseBpm":83,"musics":[{"bpm":83,"baseBeats":0.25,"scores":["c5[M],c5[M],c5[M],c5[M],c5[M],c5[M],c5[M],c5[M],c5[M],c5[M],c5[M],c5[M],c5[M],c5[M],c5[M],c5[M],c5[M],c5[M],c5[M],c5[M],c5[M],c5[M],c5[M],c5[M],c5[M],c5[M],c5[M],c5[M],c5[M],c5[M],c5[M],c5[M],c5[M],c5[M],c5[M],c5[M],c5[M],c5[M],c5[M],c5[M],c5[M],c5[M],c5[M],c5[M],c5[M],c5[M],c5[M],c5[M],c5[M],c5[M],c5[M],c5[M],c5[M],c5[M],c5[M],c5[M],c5[M],c5[M],c5[M],c5[M],c5[M],c5[M],c5[M],c5[M],c5[M],c5[M],c5[M],c5[M],c5[M],c5[M],c5[M],c5[M],c5[M],c5[M],c5[M],c5[M],c5[M],c5[M],c5[M],c5[M],c5[M],c5[M],c5[M],c5[M],c5[M],c5[M],c5[M],c5[M],c5[M],c5[M],c5[M],c5[M],c5[M],c5[M],c5[M],c5[M],c5[M],c5[M],c5[M],c5[M],c5[M],c5[M],c5[M],c5[M],c5[M],c5[M],c5[M],c5[M],c5[M],c5[M],c5[M],c5[M],c5[M],c5[M],c5[M],c5[M],c5[M],c5[M],c5[M],c5[M],c5[M],c5[M],c5[M],c5[M],c5[M],c5[M],c5[M],c5[M],c5[M],c5[M],c5[M],c5[M],c5[M],c5[M],c5[M],c5[M],c5[M],c5[M],c5[M],c5[M],c5[M],c5[M],c5[M],c5[M],c5[M],c5[M],c5[M],c5[M],c5[M],c5[M],c5[M],c5[M],c5[M],c5[M],c5[M],c5[M],c5[M],c5[M],c5[M],c5[M],c5[M],c5[M],c5[M],c5[M],c5[M],c5[M],c5[M],c5[M],c5[M],c5[M],c5[M],c5[M],c5[M],c5[M],c5[M],c5[M],c5[M],c5[M],c5[M],c5[M],c5[M],c5[M],c5[M],c5[M],c5[M],c5[M],c5[M],c5[M],c5[M],c5[M],c5[M],c5[M],c5[M],c5[M],c5[M],c5[M],c5[M],c5[M],c5[M],c5[M],c5[M],c5[M],c5[M],c5[M],c5[M],c5[M],c5[M],c5[M],c5[M],c5[M],c5[M],c5[M],c5[M],c5[M],c5[M],c5[M],c5[M],c5[M],c5[M],c5[M],c5[M],c5[M],c5[M],c5[M],c5[M],c5[M],c5[M],c5[M],c5[M],c5[M],c5[M],c5[M],c5[M],c5[M],c5[M],c5[M],c5[M],c5[M],c5[M],c5[M],c5[M],c5[M],c5[M],c5[M],c5[M],c5[M],c5[M],c5[M],c5[M],c5[M],c5[M],c5[M],c5[M],c5[M],c5[M],c5[M],c5[M],c5[M],c5[M],c5[M],c5[M],c5[M],c5[M],c5[M],c5[M],c5[M],c5[M],c5[M],c5[M],c5[M],c5[M],c5[M],c5[M],c5[M],c5[M],c5[M],c5[M],c5[M],c5[M],c5[M],c5[M],c5[M],c5[M],c5[M],c5[M],c5[M],c5[M],c5[M],c5[M],c5[M],c5[M],c5[M],c5[M],c5[M],c5[M],c5[M],c5[M],c5[M],c5[M],c5[M],c5[M],c5[M],c5[M],c5[M],c5[M],c5[M],c5[M],c5[M],c5[M],c5[M],c5[M],c5[M],c5[M],c5[M],c5[M],c5[M],c5[M],c5[M],c5[M],c5[M],c5[M],c5[M],c5[M],c5[M],c5[M],c5[M],c5[M],c5[M],c5[M],c5[M],c5[M],c5[M],c5[M],c5[M],c5[M],c5[M],c5[M],c5[M],c5[M],c5[M],c5[M],c5[M],c5[M],c5[M],c5[M],c5[M],c5[M],c5[M],c5[M],c5[M],c5[M],c5[M],c5[M],c5[M],c5[M],c5[M],c5[M],c5[M],c5[M],c5[M],c5[M],c5[M],c5[M],c5[M],c5[M],c5[M],c5[M],c5[M],c5[M],c5[M],c5[M],c5[M],c5[M],c5[M],c5[M],c5[M],c5[M],c5[M],c5[M],c5[M],c5[M],c5[M],c5[M],c5[M],c5[M],c5[M],c5[M],c5[M],c5[M],c5[M],c5[M],c5[M],c5[M],c5[M],c5[M],c5[M],c5[M],c5[M],c5[M],c5[M],c5[M],c5[M],c5[M],c5[M],c5[M],c5[M],c5[M],c5[M],c5[M],c5[M],c5[M],c5[M],c5[M],c5[M],c5[M],c5[M],c5[M],c5[M],c5[M],c5[M],c5[M],c5[M],c5[M],c5[M],c5[M],c5[M],c5[M],c5[M],c5[M],c5[M],c5[M],c5[M],c5[M],c5[M],c5[M],c5[M],c5[M],c5[M],c5[M],c5[M],c5[M],c5[M],c5[M],c5[M],c5[M],c5[M],c5[M],c5[M],c5[M],c5[M],c5[M],c5[M],c5[M],c5[M],c5[M],c5[M],c5[M],c5[M],c5[M],c5[M],c5[M],c5[M],c5[M],c5[M],c5[M],c5[M],c5[M],c5[M],;"],"id":1,"instruments":["piano","piano"],"alternatives":["",""]},{"bpm":78,"baseBeats":0.25,"scores":["c5[M],c5[M],c5[M],c5[M],c5[M],c5[M],c5[M],c5[M],c5[M],c5[M],c5[M],c5[M],c5[M],c5[M],c5[M],c5[M],c5[M],c5[M],c5[M],c5[M],c5[M],c5[M],c5[M],c5[M],c5[M],c5[M],c5[M],c5[M],c5[M],c5[M],c5[M],c5[M],c5[M],c5[M],c5[M],c5[M],c5[M],c5[M],c5[M],c5[M],c5[M],c5[M],c5[M],c5[M],c5[M],c5[M],c5[M],c5[M],c5[M],c5[M],c5[M],c5[M],c5[M],c5[M],c5[M],c5[M],c5[M],c5[M],c5[M],c5[M],c5[M],c5[M],c5[M],c5[M],c5[M],c5[M],c5[M],c5[M],c5[M],c5[M],c5[M],c5[M],c5[M],c5[M],c5[M],c5[M],c5[M],c5[M],c5[M],c5[M],c5[M],c5[M],c5[M],c5[M],c5[M],c5[M],c5[M],c5[M],c5[M],c5[M],c5[M],c5[M],c5[M],c5[M],c5[M],c5[M],c5[M],c5[M],c5[M],c5[M],c5[M],c5[M],c5[M],c5[M],c5[M],c5[M],c5[M],c5[M],c5[M],c5[M],c5[M],c5[M],c5[M],c5[M],c5[M],c5[M],c5[M],c5[M],c5[M],c5[M],c5[M],c5[M],c5[M],c5[M],c5[M],c5[M],c5[M],c5[M],c5[M],c5[M],c5[M],c5[M],c5[M],c5[M],c5[M],c5[M],c5[M],c5[M],c5[M],c5[M],c5[M],c5[M],c5[M],c5[M],c5[M],c5[M],c5[M],c5[M],c5[M],c5[M],c5[M],c5[M],c5[M],c5[M],c5[M],c5[M],c5[M],c5[M],c5[M],c5[M],c5[M],c5[M],c5[M],c5[M],c5[M],c5[M],c5[M],c5[M],c5[M],c5[M],c5[M],c5[M],c5[M],c5[M],c5[M],c5[M],c5[M],c5[M],c5[M],c5[M],c5[M],c5[M],c5[M],c5[M],c5[M],c5[M],c5[M],c5[M],c5[M],c5[M],c5[M],c5[M],c5[M],c5[M],c5[M],c5[M],c5[M],c5[M],c5[M],c5[M],c5[M],c5[M],c5[M],c5[M],c5[M],c5[M],c5[M],c5[M],c5[M],c5[M],c5[M],c5[M],c5[M],c5[M],c5[M],c5[M],c5[M],c5[M],c5[M],c5[M],c5[M],c5[M],c5[M],c5[M],c5[M],c5[M],c5[M],c5[M],c5[M],c5[M],c5[M],c5[M],c5[M],c5[M],c5[M],c5[M],c5[M],c5[M],c5[M],c5[M],c5[M],c5[M],c5[M],c5[M],c5[M],c5[M],c5[M],c5[M],c5[M],c5[M],c5[M],c5[M],c5[M],c5[M],c5[M],c5[M],c5[M],c5[M],c5[M],c5[M],c5[M],c5[M],c5[M],c5[M],c5[M],c5[M],c5[M],c5[M],c5[M],c5[M],c5[M],c5[M],c5[M],c5[M],c5[M],c5[M],c5[M],c5[M],c5[M],c5[M],c5[M],c5[M],c5[M],c5[M],c5[M],c5[M],c5[M],c5[M],c5[M],c5[M],c5[M],c5[M],c5[M],c5[M],c5[M],c5[M],c5[M],c5[M],c5[M],c5[M],c5[M],c5[M],c5[M],c5[M],c5[M],c5[M],c5[M],c5[M],c5[M],c5[M],c5[M],c5[M],c5[M],c5[M],c5[M],c5[M],c5[M],c5[M],c5[M],c5[M],c5[M],c5[M],c5[M],c5[M],c5[M],c5[M],c5[M],c5[M],c5[M],c5[M],c5[M],c5[M],c5[M],c5[M],c5[M],c5[M],c5[M],c5[M],c5[M],c5[M],c5[M],c5[M],c5[M],c5[M],c5[M],c5[M],c5[M],c5[M],c5[M],c5[M],c5[M],c5[M],c5[M],c5[M],c5[M],c5[M],c5[M],c5[M],c5[M],c5[M],c5[M],c5[M],c5[M],c5[M],c5[M],c5[M],c5[M],c5[M],c5[M],c5[M],c5[M],c5[M],c5[M],c5[M],c5[M],c5[M],c5[M],c5[M],c5[M],c5[M],c5[M],c5[M],c5[M],c5[M],c5[M],c5[M],c5[M],c5[M],c5[M],c5[M],c5[M],c5[M],c5[M],c5[M],c5[M],c5[M],c5[M],c5[M],c5[M],c5[M],c5[M],c5[M],c5[M],c5[M],c5[M],c5[M],c5[M],c5[M],c5[M],c5[M],c5[M],c5[M],c5[M],c5[M],c5[M],c5[M],c5[M],c5[M],c5[M],c5[M],c5[M],c5[M],c5[M],c5[M],c5[M],c5[M],c5[M],c5[M],c5[M],c5[M],c5[M],c5[M],c5[M],c5[M],c5[M],c5[M],c5[M],c5[M],c5[M],c5[M],c5[M],c5[M],c5[M],c5[M],c5[M],c5[M],c5[M],c5[M],c5[M],c5[M],c5[M],c5[M],c5[M],c5[M],c5[M],c5[M],c5[M],c5[M],c5[M],c5[M],c5[M],c5[M],c5[M],c5[M],c5[M],c5[M],c5[M],c5[M],;"],"id":2,"instruments":["piano","piano"],"alternatives":["",""]},{"bpm":78,"baseBeats":0.25,"scores":["c5[M],c5[M],c5[M],c5[M],c5[M],c5[M],c5[M],c5[M],c5[M],c5[M],c5[M],c5[M],c5[M],c5[M],c5[M],c5[M],c5[M],c5[M],c5[M],c5[M],c5[M],c5[M],c5[M],c5[M],c5[M],c5[M],c5[M],c5[M],c5[M],c5[M],c5[M],c5[M],c5[M],c5[M],c5[M],c5[M],c5[M],c5[M],c5[M],c5[M],c5[M],c5[M],c5[M],c5[M],c5[M],c5[M],c5[M],c5[M],c5[M],c5[M],c5[M],c5[M],c5[M],c5[M],c5[M],c5[M],c5[M],c5[M],c5[M],c5[M],c5[M],c5[M],c5[M],c5[M],c5[M],c5[M],c5[M],c5[M],c5[M],c5[M],c5[M],c5[M],c5[M],c5[M],c5[M],c5[M],c5[M],c5[M],c5[M],c5[M],c5[M],c5[M],c5[M],c5[M],c5[M],c5[M],c5[M],c5[M],c5[M],c5[M],c5[M],c5[M],c5[M],c5[M],c5[M],c5[M],c5[M],c5[M],c5[M],c5[M],c5[M],c5[M],c5[M],c5[M],c5[M],c5[M],c5[M],c5[M],c5[M],c5[M],c5[M],c5[M],c5[M],c5[M],c5[M],c5[M],c5[M],c5[M],c5[M],c5[M],c5[M],c5[M],c5[M],c5[M],c5[M],c5[M],c5[M],c5[M],c5[M],c5[M],c5[M],c5[M],c5[M],c5[M],c5[M],c5[M],c5[M],c5[M],c5[M],c5[M],c5[M],c5[M],c5[M],c5[M],c5[M],c5[M],c5[M],c5[M],c5[M],c5[M],c5[M],c5[M],c5[M],c5[M],c5[M],c5[M],c5[M],c5[M],c5[M],c5[M],c5[M],c5[M],c5[M],c5[M],c5[M],c5[M],c5[M],c5[M],c5[M],c5[M],c5[M],c5[M],c5[M],c5[M],c5[M],c5[M],c5[M],c5[M],c5[M],c5[M],c5[M],c5[M],c5[M],c5[M],c5[M],c5[M],c5[M],c5[M],c5[M],c5[M],c5[M],c5[M],c5[M],c5[M],c5[M],c5[M],c5[M],c5[M],c5[M],c5[M],c5[M],c5[M],c5[M],c5[M],c5[M],c5[M],c5[M],c5[M],c5[M],c5[M],c5[M],c5[M],c5[M],c5[M],c5[M],c5[M],c5[M],c5[M],c5[M],c5[M],c5[M],c5[M],c5[M],c5[M],c5[M],c5[M],c5[M],c5[M],c5[M],c5[M],c5[M],c5[M],c5[M],c5[M],c5[M],c5[M],c5[M],c5[M],c5[M],c5[M],c5[M],c5[M],c5[M],c5[M],c5[M],c5[M],c5[M],c5[M],c5[M],c5[M],c5[M],c5[M],c5[M],c5[M],c5[M],c5[M],c5[M],c5[M],c5[M],c5[M],c5[M],c5[M],c5[M],c5[M],c5[M],c5[M],c5[M],c5[M],c5[M],c5[M],c5[M],c5[M],c5[M],c5[M],c5[M],c5[M],c5[M],c5[M],c5[M],c5[M],c5[M],c5[M],c5[M],c5[M],c5[M],c5[M],c5[M],c5[M],c5[M],c5[M],c5[M],c5[M],c5[M],c5[M],c5[M],c5[M],c5[M],c5[M],c5[M],c5[M],c5[M],c5[M],c5[M],c5[M],c5[M],c5[M],c5[M],c5[M],c5[M],c5[M],c5[M],c5[M],c5[M],c5[M],c5[M],c5[M],c5[M],c5[M],c5[M],c5[M],c5[M],c5[M],c5[M],c5[M],c5[M],c5[M],c5[M],c5[M],c5[M],c5[M],c5[M],c5[M],c5[M],c5[M],c5[M],c5[M],c5[M],c5[M],c5[M],c5[M],c5[M],c5[M],c5[M],c5[M],c5[M],c5[M],c5[M],c5[M],c5[M],c5[M],c5[M],c5[M],c5[M],c5[M],c5[M],c5[M],c5[M],c5[M],c5[M],c5[M],c5[M],c5[M],c5[M],c5[M],c5[M],c5[M],c5[M],c5[M],c5[M],c5[M],c5[M],c5[M],c5[M],c5[M],c5[M],c5[M],c5[M],c5[M],c5[M],c5[M],c5[M],c5[M],c5[M],c5[M],c5[M],c5[M],c5[M],c5[M],c5[M],c5[M],c5[M],c5[M],c5[M],c5[M],c5[M],c5[M],c5[M],c5[M],c5[M],c5[M],c5[M],c5[M],c5[M],c5[M],c5[M],c5[M],c5[M],c5[M],c5[M],c5[M],c5[M],c5[M],c5[M],c5[M],c5[M],c5[M],c5[M],c5[M],c5[M],c5[M],c5[M],c5[M],c5[M],c5[M],c5[M],c5[M],c5[M],c5[M],c5[M],c5[M],c5[M],c5[M],c5[M],c5[M],c5[M],c5[M],c5[M],c5[M],c5[M],c5[M],c5[M],c5[M],c5[M],c5[M],c5[M],c5[M],c5[M],c5[M],c5[M],c5[M],c5[M],c5[M],c5[M],c5[M],c5[M],c5[M],c5[M],c5[M],c5[M],c5[M],c5[M],c5[M],c5[M],c5[M],c5[M],c5[M],c5[M],c5[M],;"],"id":3}],"audition":{"start":[1,0],"end":[1,91]}}