{"baseBpm":80,"musics":[{"id":1,"baseBeats":0.25,"scores":["e1[M],RUVX;e1[M],TUVX;e1[M],TVX,e1[M],UVW;e1[M],VX,e1[MNO],e1[MNO];e1[MNP],e1[MNP],e1[MN],e1[MN],e1[MN],e1[MOP],e1[MOP],e1[MO],e1[MO],e1[M],e1[M],e1[M],e1[M],e1[M],(e1.e2)[M],(e1.e2)[M];3<(e1.e2.e3)[N],(e1.e2.e3)[N],(e1.e2.e3)[N],(e1.e2.e3)[N],(e.e1.e2.e3)[N],(e.e1.e2.e3)[N],(e.e1.e2.e3)[N],(e.e1.e2.e3)[N],(E-1.e.e1.e2.e3)[N],(E-1.e.e1.e2.e3)[N],(E-1.e.e1.e2.e3)[N],(E-1.e.e1.e2.e3)[N],(E-2.E-1.e.e1.e2.e3)[N],(E-2.E-1.e.e1.e2.e3)[N],(E-2.E-1.e.e1.e2.e3)[N],(E-2.E-1.e.e1.e2.e3)[N],(E-2.E-1.e.e1.e2.e3)[N],(E-2.E-1.e.e1.e2.e3)[N],(E-2.E-1.e.e1.e2.e3.e4)[N],(E-2.E-1.e.e1.e2.e3.e4)[N],(E-2.E-1.e.e1.e2.e3.e4)[N],(E-2.E-1.e.e1.e2.e3.e4)[N],(E-2.E-1.e.e1.e2.e3.e4)[N],(E-2.E-1.e.e1.e2.e3.e4)[N]>;(A-2.A-1)[KN],(c.e)[M],UV;E-1[M],UV,(c.e)[M],UV,8<(E-2.E-1~mute~#F-2.#F-1~#G-2.#G-1)[M]>;(A-2.A-1)[LMN],(c.e)[M],UV;E-1[M],UV,(c.e)[M],UV;e1[MN],e1[MN],e1[MN],e1[MN],e1[MN],e1[MN],e1[MN],e1[MN];e1[MN],e1[MN],e1[MN],e1[MN],e1[MN],e1[MN],e1[MN],e1[MN];e1[MN],e1[MN],e1[MN],e1[MN];e1[MOP],f1[MOP],e1[MOP],#d1[MOP],e1[M],VW,a1[M],VW;c2[KM];d2[M],d2[M],d2[M],d2[M],d2[M],c2[M],b1[M],d2[M];c2[M],c2[M],c2[M],c2[M],c2[M],b1[M],a1[M],c2[M];b1[M],b1[M],b1[M],b1[M],#f1[M],V,b1[M],V;#g1[M],UWX,e[LNO],8<(mute~#F-2.#F-1~#G-2.#G-1)[M]>;VW,VX,VY,VY,V,V,V;V,V,V,V,V,V,V;e1[MN],(a1~c2)[MN];e2[MN],a2[MN];c3[LM],V,V,V,V,V,V,V,V,V,5<a2[N],e2[N]>,5<c2[N],a1[N]>,5<f2[N],e2[N]>,5<d2[N],c2[N]>,5<b1[N],a1[N]>,5<#g1[N],b1[N]>,a1[M],VW,VW,8<(mute~#F-2.#F-1~#G-2.#G-1)[M]>;5<e1[N],e1[N]>,5<e1[N],e1[N]>,5<e1[N],e1[N]>,5<e1[N],e1[N]>,5<e1[N],e1[N]>,5<e1[N],e1[N]>,5<e1[N],e1[N]>,5<e1[N],e1[N]>,5<e1[N],e1[N]>;5<e1[N],e1[N]>,5<e1[N],f1[N]>,5<e1[N],#d1[N]>,e1[M],a1[M];c2[L],5<d2[N],d2[N]>,5<d2[N],d2[N]>,5<d2[N],c2[N]>,5<b1[N],d2[N]>,5<c2[N],c2[N]>,5<c2[N],c2[N]>,5<c2[N],b1[N]>,5<a1[N],c2[N]>,5<b1[N],b1[N]>,5<b1[N],b1[N]>,#f1[M],b1[M],#g1[M],V,e[MN],8<(mute~#F-2.#F-1~#G-2.#G-1)[M]>;5<e1[N],e1[N]>,5<e1[N],e1[N]>,5<e1[N],e1[N]>,5<e1[N],e1[N]>,5<e1[N],e1[N]>,5<e1[N],e1[N]>,5<e1[N],e1[N]>,5<e1[N],e1[N]>,5<e1[N],f1[N]>,5<e1[N],#d1[N]>,e1[M],5<a1[N],c2[N]>,e2[M],a2[M],c3[L],5<d3[N],c3[N]>,5<b2[N],d3[N]>,5<c3[N],b2[N]>,5<a2[N],c3[N]>,5<b2[N],a2[N]>,5<#g2[N],b2[N]>,5<a2[N],e2[N]>,5<c2[N],a1[N]>,5<f2[N],e2[N]>,5<d2[N],c2[N]>,5<b1[N],a1[N]>,5<#g1[N],b1[N]>,a1[M],V,VW,8<(mute~B-2.B-1~#C-1.#c)[M]>;d2[M],5<W,#c2[N]>,d2[M],e2[M],f2[M],e2[M],d2[M],f2[M],e2[M],5<W,d2[N]>,c2[M],d2[M],e2[LM],c2[M],b1[M],5<W,#a1[N]>,b1[M],c2[M],d2[M],c2[M],b1[M],d2[M],c2[M],a1[M],c2[M],e2[M],a2[M],e2[M],c2[M],a1[M],d2[M],5<W,#c2[N]>,d2[M],e2[M],f2[M],e2[M],d2[M],f2[M],e2[M],5<W,d2[N]>,c2[M],d2[M],e2[M],V,a2[M],V,V,d2[M],V,f2[M],e2[M],c2[M],d2[M],b1[M],a1[M],U,e2[M],a2[M],V,V,8<(mute~#F-2.#F-1~#G-2.#G-1)[M]>;5<(e1.e2)[N],(e1.e2)[N]>,5<(e1.e2)[N],(e1.e2)[N]>,5<(e1.e2)[N],(e1.e2)[N]>,5<(e1.e2)[N],(e1.e2)[N]>,5<(e1.e2.e3~e3)[N],(e1.e2.e3~e3)[N]>,5<(e1.e2.e3~e3)[N],(e1.e2.e3~e3)[N]>,5<(e1.e2.e3.e4~e3.e4)[N],(e1.e2.e3.e4~e3.e4)[N]>,5<(e1.e2.e3.e4~e3.e4)[N],(e1.e2.e3.e4~e3.e4)[N]>,5<(e1.e2.e3.e4~e3.e4)[N],(e1.e2.e3.e4~e3.e4)[N]>,5<(e1.e2.e3.e4~e3.e4)[N],(e1.e2.e3.e4~e3.e4)[N]>,5<(e1.e2.e3.e4)[N],(f1.f2)[N]>,5<(e1.e2)[N],(#d1.#d2)[N]>,(e1.e2)[M],(a1.a2)[M],(c2.c3)[L],5<(d2.d3)[N],(d2.d3)[N]>,5<(d2.d3)[N],(d2.d3)[N]>,5<(d2.d3)[N],(c2.c3)[N]>,5<(b1.b2)[N],(d2.d3)[N]>,5<(c2.c3)[N],(c3.c2)[N]>,5<(c2.c3)[N],(c3.c2)[N]>,5<(c2.c3)[N],(b1.b2)[N]>,5<(a1.a2)[N],(c2.c3)[N]>,5<(b1.b2)[N],(b1.b2)[N]>,5<(b1.b2)[N],(b1.b2)[N]>,(#f1.#f2)[M],(b1.b2)[M],(#g1.#g2)[M],V;e[MN],8<(mute~#F-1.#F-2~#G-2.#G-1)[M]>;5<(e1.e2)[N],(e1.e2)[N]>,5<(e1.e2)[N],(e1.e2)[N]>,5<(e1.e2)[N],(e1.e2)[N]>,5<(e1.e2)[N],(e1.e2)[N]>,5<(e1.e2.e3~e3)[N],(e1.e2.e3~e3)[N]>,5<(e1.e2.e3~e3)[N],(e1.e2.e3~e3)[N]>,5<(e1.e2.e3.e4~e3.e4)[N],(e1.e2.e3.e4~e3.e4)[N]>,5<(e1.e2.e3.e4~e3.e4)[N],(e1.e2.e3.e4~e3.e4)[N]>,5<(e1.e2.e3.e4)[N],(f1.f2)[N]>,5<(e1.e2)[N],(#d1.#d2)[N]>,(e1.e2)[M],5<(a1.a2)[N],(c2.c3)[N]>,(e2.e3)[M],(a2.a3)[M],(c3.c4)[L],5<(d2.d3.f3.d4)[N],(c2.c3.e3.c4)[N]>,5<(b1.b2.d3.b3)[N],(d2.d3.f3.d4)[N]>,5<(c2.c3.f3.c4)[N],(b1.b2.d3.b3)[N]>,5<(a1.a2.c3.a3)[N],(c2.c3.f3.c4)[N]>,5<(b1.b2.d3.b3)[N],(a1.a2.c3.a3)[N]>,5<(#g1.#g2.b2.#g3)[N],(b1.b2.d3.b3)[N]>,5<(a1.a2.c3.a3)[N],(e1.e2.a2.e3)[N]>,5<(c1.c2.e2.c3)[N],(a.a1.c2.a2)[N]>,5<(f1.f2.a2.f3)[N],(e1.e2.g2.e3)[N]>,5<(d1.d2.f2.d3)[N],(c1.c2.e2.c3)[N]>,5<(b.b1.d2.b2)[N],(a.a1.c2.a2)[N]>,5<(#g.#g1.b1.#g2)[N],(b.b1.d2.b2)[N]>,(a.a1.c2.a2)[M],T;","QQQSTU,A-1[LM],(c.e)[LM],E-1[LM],(c.e)[LM],A-1[LM],(c.e)[LM],E-1[LM],(c.e)[LM],A-1[LM],(c.e)[LM],E-1[LNO],(c.e)[LNO],A-1[LN],(c.e)[LN],E-1[LN],(c.e)[LN],#G-1[L],(d.e)[L],E-1[L],(d.e)[L],A-1[L],(c.e)[L],E-1[L],(c.e)[L],B-1[L],(#d.b)[L],#F-1[L],(#d.a)[L],(B-1.e.#g)[LMNO],(E-1.E-2)[LMNO],(A-2.A-1.e1)[NO],e1[NO],(c.e.e1)[NO],e1[NO],(E-1.e1)[NO],e1[NO],(c.e.e1)[NO],e1[NO],(A-1.e1)[NO],e1[NO],(c.e.e1)[NO],e1[NO],(E-1.e1)[NO],e1[NO],(c.e.e1)[NO],e1[NO],(A-1.e1)[NO],f1[NO],(c.e.e1)[NO],#d1[NO],E-1[MN],(c.e)[MN],A-1[MN],(c.e)[MN],E-1[MN],(c.e)[MN],(d.d3)[NO],c3[NO],(f.b.b2)[NO],d3[NO],(c.c3)[NO],b2[NO],(e.c1.a2)[NO],c3[NO],(B-1.b2)[NO],a2[NO],(d.#g.#g2)[NO],b2[NO],A-1[M],(c.a)[M],(E-1.e)[M],(#F-1.#f)[M],(#G-1.#g)[M],(E-1.e)[M],(A-1.a)[LN],(E-2.E-1)[LN],(A-2.A-1)[M],(c.e)[M],E-1[M],(c.e)[M],A-1[M],(c.e)[M],E-1[M],(c.e)[M],A-1[M],(c.e)[M],E-1[M],(c.e)[M],A-1[M],(c.e)[M],E-1[M],(c.e)[M],#G-1[M],(d.e)[M],E-1[M],(d.e)[M],A-1[M],(c.e)[M],E-1[M],(c.e)[M],B-1[M],(B-1.#d)[M],#F-1[M],(#d.a)[M],(B-1.e.#g)[L],(E-2.E-1)[LN],(A-2.A-1)[M],(c.e)[M],E-1[M],(c.e)[M],A-1[M],(c.e)[M],E-1[M],(c.e)[M],A-1[M],(c.e)[M],E-1[M],(c.e)[M],A-1[M],(c.e)[M],E-1[M],(c.e)[M],d[M],(f.b)[M],c[M],(c1.e)[M],B-1[M],(d.#g)[M],A-1[M],(c.a)[M],(E-2.E-1)[M],(#F-2.#F-1)[M],(#G-2.#G-1)[M],(E-2.E-1)[M],(A-2.A-1)[L],(A-2.A-1)[LN],(D-1.d)[M],(f.a)[M],A-1[M],(f.a)[M],D-1[M],(f.a)[M],A-1[M],(f.a)[M],c[M],(f.a)[M],A-1[M],(f.a)[M],c[M],(e.a)[M],A-1[M],(e.a)[M],B-1[M],(d.#g)[M],E-1[M],(d.#g)[M],B-1[M],(d.#g)[M],E-1[M],(d.#g)[M],(C-1.c)[M],(A-2.A-1)[M],(C-1.c)[M],(E-1.e)[M],(A-1.a)[L],(A-3.A-2.A-1)[L],d[M],(f.a)[M],A-1[M],(f.a)[M],d[M],(f.a)[M],A-1[M],(f.a)[M],c[M],(e.a)[M],A-1[M],(e.a)[M],c[M],(e.a)[M],A-1[M],(e.a)[M],B-1[M],(f.a)[M],d[M],(f.a)[M],(E-1.e.#g)[M],(C-1.c)[M],(D-1.d)[M],(B-2.B-1)[M],(A-2.A-1)[LM],(E-2.E-1.e.#g.b)[M],(A-2.A-1.e.a.c1)[L],(E-2.E-1)[L],(A-2.A-1)[M],(c.e)[M],E-1[M],(c.e)[M],A-1[M],(c.e)[M],E-1[M],(c.e)[M],A-1[M],(c.e)[M],E-1[M],(c.e)[M],A-1[M],(c.e)[M],E-1[M],(c.e)[M],#G-1[M],(d.e)[M],E-1[M],(d.e)[M],A-1[M],(c.e)[M],E-1[M],(c.e)[M],B-1[M],(#d.b)[M],#F-1[M],(#d.a)[M],(B-1.e.#g)[L],(E-2.E-1)[LN],(A-2.A-1)[M],(c.e)[M],E-1[M],(c.e)[M],A-1[M],(c.e)[M],E-1[M],(c.e)[M],A-1[M],(c.e)[M],E-1[M],(c.e)[M],A-1[M],(c.e)[M],E-1[M],(c.e)[M],(D-1.d)[M],(B-1.f)[M],(C-1.c)[M],(c.e)[M],(B-2.B-1)[M],(#G-1.d)[M],(A-2.A-1)[M],(A-1.c)[M],(E-2.E-1)[M],(#F-2.#F-1)[M],(#G-2.#G-1)[M],(E-2.E-1)[M],(A-2.A-1)[M],"]},{"id":2,"baseBeats":0.25,"scores":["(A-2.A-1)[KN],(c.e)[M],UVW,E-1[M],UWY,(c.e)[M],UWY;(A-2.A-1)[LMO],(c.e)[M],U,E-1[M],VWX,(c.e)[M],VWX;(A-2.A-1)[LOP],(c.e.a.c1.e1)[M],VX,E-1[M],VX,(c.e.a.c1.e1)[M],VX,(A-2.A-1)[LO],(c.e.a.c1.e1)[M],V,E-1[M],V,(c.e.a.c1.e1)[MNO];(A-2.A-1.a)[MNP],(c.e.a.c1.e1.a1.c2.e2)[MNP],(E-1.e)[MNP],(c.e.a.c1.e1.a1.c2.e2)[MN];(A-2.A-1.a)[MO],(c.e.a.c1.e1.a1.c2.e2)[MO],(E-1.e)[MO],(c.e.a.c1.e1.a1)[MO];(A-2.A-1.a)[M],(c.e.a.c1.e1.a1.c2.e2.a2.c3.e3)[M],(E-1.e)[M],(c.e.a.c1.e1.a1.c2.e2.a2.c3.e3)[M],(A-2.A-1.a)[M],(c.e.a.c1.e1.a1.c2.e2.a2.c3.e3.a3.c4.e4)[M],(E-1.e)[M],(c.e.a.c1.e1.a1.c2.e2.a2.c3.e3.a3.c4.e4)[M],5<(e1.e2)[N],(e1.e2)[N]>,5<(e1.e2)[N],(e1.e2)[N]>,5<(e1.e2)[N],(e1.e2)[N]>,5<(e1.e2)[N],(e1.e2)[N]>,5<(e1.e2.e3~e3)[N],(e1.e2.e3~e3)[N]>,5<(e1.e2.e3~e3)[N],(e1.e2.e3~e3)[N]>,5<(e1.e2.e3.e4~e3.e4)[N],(e1.e2.e3.e4~e3.e4)[N]>,5<(e1.e2.e3.e4~e3.e4)[N],(e1.e2.e3.e4~e3.e4)[N]>,5<(e1.e2.e3.e4~e3.e4)[N],(e1.e2.e3.e4~e3.e4)[N]>,5<(e1.e2.e3.e4~e3.e4)[N],(e1.e2.e3.e4~e3.e4)[N]>,5<(e1.e2)[N],(f1.f2)[N]>,5<(e1.e2)[N],(#d1.#d2)[N]>,(e1.e2)[M],(a1.a2)[M],(c2.c3)[L],5<(d2.d3)[N],(d2.d3)[N]>,5<(d2.d3)[N],(d2.d3)[N]>,5<(d2.d3)[N],(c2.c3)[N]>,5<(b1.b2)[N],(d2.d3)[N]>,5<(c2.c3)[N],(c2.c3)[N]>,5<(c2.c3)[N],(c2.c3)[N]>,5<(c2.c3)[N],(b2.b1)[N]>,5<(a1.a2)[N],(c2.c3)[N]>,5<(b1.b2)[N],(b1.b2)[N]>,5<(b1.b2)[N],(b1.b2)[N]>,(#f1.#f2)[M],(b1.b2)[M],(#g1.#g2)[M],V,(e.e1)[MN],8<(mute~#F-2.#F-1~#G-2.#G-1)[M]>,;5<(e1.e2)[N],(e1.e2)[N]>,5<(e1.e2)[N],(e1.e2)[N]>,5<(e1.e2)[N],(e1.e2)[N]>,5<(e1.e2)[N],(e1.e2)[N]>,5<(e1.e2.e3~e3)[N],(e1.e2.e3~e3)[N]>,5<(e1.e2.e3~e3)[N],(e1.e2.e3~e3)[N]>,5<(e1.e2.e3.e4~e3.e4)[N],(e1.e2.e3.e4~e3.e4)[N]>,5<(e1.e2.e3.e4~e3.e4)[N],(e1.e2.e3.e4~e3.e4)[N]>,5<(e1.e2)[N],(f1.f2)[N]>,5<(e1.e2)[N],(#d1.#d2)[N]>,(e1.e2)[M],5<(a1.a2)[N],(c2.c3)[N]>,(e2.e3)[M],(a2.a3)[M],(c3.c4)[L],5<(d2.d3.f3.d4)[N],(c2.c3.e3.c4)[N]>,5<(b1.b2.d3.b3)[N],(d2.d3.f3.d4)[N]>,5<(c2.c3.f3.c4)[N],(b1.b2.d3.b3)[N]>,5<(a1.a2.c3.a3)[N],(c2.c3.f3.c4)[N]>,5<(b1.b2.d3.b3)[N],(a1.a2.c3.a3)[N]>,5<(#g1.#g2.b2.#g3)[N],(b1.b2.d3.b3)[N]>,5<(a1.a2.c3.a3)[N],(e1.e2.a2.e3)[N]>,5<(c1.c2.e2.c3)[N],(a.a1.c2.a2)[N]>,5<(f1.f2.a2.f3)[N],(e1.e2.g2.e3)[N]>,5<(d1.d2.f2.d3)[N],(c1.c2.e2.c3)[N]>,5<(b.b1.d2.b2)[N],(a.a1.c2.a2)[N]>,5<(#g.#g1.b1.#g2)[N],(b.b1.d2.b2)[N]>,(a.a1.c2.a2)[M],V,VW,8<(mute~B-1.B-2~#C-1.#c)[M]>,(f1.d2.f2.d3)[M],5<W,(e1.#c2.e2.#c3)[N]>,(f1.d2.f2.d3)[M],(g1.e2.g2.e3)[M],(a1.f2.a2.f3)[M],(g1.e2.g2.e3)[M],(f1.d2.f2.d3)[M],8<(a1.f2.a2.f3~C-1.c~B-2.B-1)[M]>,(c2.e2.c3.e3)[M],5<W,(b1.d2.b2.d3)[N]>,(a1.c2.a2.c3)[M],(b1.d2.b2.d3)[M],(c2.e3.c3.e3)[LM],8<(A-1.a1.c2.a2.c3~B-2.B-1~C-1.c~D-1.d)[M]>,(#g1.b1.#g2.b2)[M],5<W,(g1.#a1.g2.#a2)[N]>,(#g1.b1.#g2.b2)[M],(a1.c2.a2.c3)[M],(b1.d2.b2.d3)[M],(a1.c2.a2.c3)[M],(#g1.b2.#g2.b2)[M],8<(b1.d2.b2.d3~D-1.d~C-1.c~B-2.B-1)[M]>,(a1.c1.a2.c2)[M],(c1.a1.c2.a2)[M],(e1.c2.e2.c3)[M],(a1.e2.a2.e3)[M],(A-2.A-1.a.a1.a2.a3.a4)[M],(E-2.E-1.e.e1.e2.e3.e4)[M],(C-2.C-1.c.c1.c2.c3.c4)[M],(A-3.A-2.A-1.a.a1.a2.a3)[M];(f1.d2.f2.d3.f3.d4)[M],5<W,(e1.#c2.e2.#c3.e3.#c4)[N]>,(f1.d2.f2.d3.f3.d4)[M],(g1.e2.g2.e3.g3.e4)[M],(a1.f2.a2.f3.a3.f4)[M],(g1.e2.g2.e3.g3.e4)[M],(f1.a1.f2.a2.f3.a3)[M],(a1.f2.a2.f3.a3.f4)[M],(c2.e2.c3.e3.c4.e4)[M],5<W,(b1.d2.b2.d3.b3.d4)[N]>,(a1.c2.a2.c3.a3.c4)[M],(b1.d2.b2.d3.b3.d4)[M],(c2.e2.c3.e3.c4.e4)[L],(c2.a2.c3.a3.c4.a4)[LM],(f1.d2.f2.d3.f3.d4)[L],(a1.f2.a2.f3.a3.f4)[M],(#g1.e2.#g2.e3.#g3.e4)[M],(e1.c2.e2.c3.e3.c4)[M],(f1.d2.f2.d3.f3.d4)[M],(d1.b1.d2.b2.d3.b3)[M],(c1.a1.c2.a2.c3.a3)[M],U,(E-2.E-1.e.e1.e2.e3.e4)[M],(A-3.A-2.A-1.a.a1.a2.a3.a4)[M],UV;","QQW,(A-2.A-1)[M],(c.e)[M],E-1[M],(c.e)[M],(A-2.A-1)[M],(c.e)[M],E-1[M],(c.e)[M],(A-2.A-1)[M],(c.e)[M],E-1[M],(c.e)[M],(A-2.A-1)[M],(c.e)[M],E-1[M],(c.e)[M],(#G-2.#G-1)[M],(d.e)[M],E-1[M],(d.e)[M],(A-2.A-1)[M],(c.e)[M],E-1[M],(c.e)[M],(B-2.B-1)[M],(B-1.#d)[M],B-1[M],(A-1.#d)[M],(E-1.#G-1.e.#g)[L],(E-2.E-1)[LN],(A-2.A-1)[M],(c.e)[M],E-1[M],(c.e)[M],(A-2.A-1)[M],(c.e)[M],E-1[M],(c.e)[M],(A-2.A-1)[M],(c.e)[M],E-1[M],(c.e)[M],(A-2.A-1)[M],(c.e)[M],E-1[M],(c.e)[M],(D-1.d)[M],(d.f)[M],(C-1.c)[M],(c.e)[M],(B-1.B-2)[M],(B-1.d)[M],(A-1.A-2)[M],(A-1.c)[M],(E-1.e)[M],(#F-1.#f)[M],(#G-1.#g)[M],(E-1.e)[M],(A-1.a)[L],(A-2.A-1)[LN],(D-1.d)[M],(d.f.a)[L],(d.f.a)[L],(d.f.a)[M],(D-1.d)[M],(d.f.a)[M],(A-2.A-1)[M],(c.e.a)[L],(c.e.a)[L],(c.e.a)[M],(A-2.A-1)[M],(c.e.a)[M],(E-1.e)[M],(e.#g.b)[L],(e.#g.b)[L],(e.#g.b)[M],(E-1.e)[M],(e.#g.b)[M],(A-2.A-1)[M],(A-2.A-1)[M],(C-1.c)[M],(E-1.e)[KM],(D-1.d)[M],(d.f.a)[M],A-1[M],(d.f.a)[M],(D-1.d)[M],(d.f.a)[M],A-1[M],(d.f.a)[M],(C-1.c)[M],(c.e.a)[M],A-1[M],(c.e.a)[M],(C-1.c)[M],(c.e.a)[M],A-1[M],(c.e.a)[M],(F-1.f)[M],(d.f.a)[M],(D-1.d)[M],(d.f.a)[M],(E-1.e)[M],(B-1.e.#g)[M],(E-2.E-1)[M],(B-1.e.#g)[M],(A-2.A-1.c.e.a)[M],"]},{"id":3,"baseBeats":0.25,"scores":["5<(a.c1.e1.a1.c2.e2)[N],(a.c1.e1.a1.c2.e2)[N]>,5<(a.c1.e1.a1.c2.e2)[N],(a.c1.e1.a1.c2.e2)[N]>,5<(a.c1.e1.a1.c2.e2)[N],(a.c1.e1.a1.c2.e2)[N]>,5<(a.c1.e1.a1.c2.e2)[N],(a.c1.e1.a1.c2.e2)[N]>,5<(a.c1.e1.a1.c2.e2.e3~e3)[N],(a.c1.e1.a1.c2.e2.e3~e3)[N]>,5<(a.c1.e1.a1.c2.e2.e3~e3)[N],(a.c1.e1.a1.c2.e2.e3~e3)[N]>,5<(a.c1.e1.a1.c2.e2.e3.e4~e3.e4)[N],(a.c1.e1.a1.c2.e2.e3.e4~e3.e4)[N]>,5<(a.c1.e1.a1.c2.e2.e3.e4~e3.e4)[N],(a.c1.e1.a1.c2.e2.e3.e4~e3.e4)[N]>,5<(a.c1.e1.a1.c2.e2.e3.e4~e3.e4)[N],(a.c1.e1.a1.c2.e2.e3.e4~e3.e4)[N]>,5<(a.c1.e1.a1.c2.e2.e3.e4~e3.e4)[N],(a.c1.e1.a1.c2.e2.e3.e4~e3.e4)[N]>,5<(a.c1.e1.a1.c2.e2.e3.e4)[N],(a.d1.f1.a1.d2.f2)[N]>,5<(a.c1.e1.a1.c2.e2)[N],(a.b.#d1.a1.b1.#d1)[N]>,(a.c1.e1.a1.c2.e2)[M],(c1.e1.a1.c2.e2.a2)[M],(e1.a1.c2.e2.a2.c3)[L],5<(f1.a1.d2.f2.a2.d3)[N],(f1.a1.d2.f2.a2.d3)[N]>,5<(f1.a1.d2.f2.a2.d3)[N],(f1.a1.d2.f2.a2.d3)[N]>,5<(f1.a1.d2.f2.a2.d3)[N],(e1.a1.c2.e2.a2.c3)[N]>,5<(e1.#g1.b1.e2.#g2.b2)[N],(f1.b1.d2.f2.b2.d3)[N]>,5<(e1.a1.c2.e2.a2.c3)[N],(e1.a1.c2.e2.a2.c3)[N]>,5<(e1.a1.c2.e2.a2.c3)[N],(e1.a1.c2.e2.a2.c3)[N]>,5<(e1.a1.c2.e2.a2.c3)[N],(d1.b1.d2.b2)[N]>,5<(c1.e1.a1.c2.e2.a2)[N],(e1.a1.c2.e2.a2.c3)[N]>,5<(#d1.#f1.b1.#d2.#f2.b2)[N],(#d1.#f1.b1.#d2.#f2.b2)[N]>,5<(#d1.#f1.b1.#d2.#f2.b2)[N],(#d1.#f1.b1.#d2.#f2.b2)[N]>,(b.#d1.#f1.b1.#d2.#f2)[M],(#d1.#f1.b1.#d2.#f2.b2)[M],(b.e1.#g1.b1.e2.#g2)[M],V,VW,8<(mute~#F-2.#F-1~#G-2.#G-1)[M]>;5<(a.c1.e1.a1.c2.e2)[N],(a.c1.e1.a1.c2.e2)[N]>,5<(a.c1.e1.a1.c2.e2)[N],(a.c1.e1.a1.c2.e2)[N]>,5<(a.c1.e1.a1.c2.e2)[N],(a.c1.e1.a1.c2.e2)[N]>,5<(a.c1.e1.a1.c2.e2)[N],(a.c1.e1.a1.c2.e2)[N]>,5<(a.c1.e1.a1.c2.e2.e3~e3)[N],(a.c1.e1.a1.c2.e2.e3~e3)[N]>,5<(a.c1.e1.a1.c2.e2.e3~e3)[N],(a.c1.e1.a1.c2.e2.e3~e3)[N]>,5<(a.c1.e1.a1.c2.e2.e3.e4~e3.e4)[N],(a.c1.e1.a1.c2.e2.e3.e4~e3.e4)[N]>,5<(a.c1.e1.a1.c2.e2.e3.e4~e3.e4)[N],(a.c1.e1.a1.c2.e2.e3.e4~e3.e4)[N]>,5<(a.c1.e1.a1.c2.e2.e3.e4)[N],(a.d1.f1.a1.d2.f2)[N]>,5<(a.c1.e1.a1.c2.e2)[N],(a.b.#d1.a1.b1.#d2)[N]>,(a.c1.e1.a1.c2.e2)[M],5<(c1.e1.a1.c2.e2.a2)[N],(e1.a1.c2.e2.a2.c3)[N]>,(a1.c2.e2.a2.c3.e3)[M],(c2.e2.a2.c3.e3.a3)[M],(e2.a2.c3.e3.a3.c4)[L],5<(f2.b2.d3.f3.b3.d4)[N],(e2.a2.c3.e3.a3.c4)[N]>,5<(d2.#g2.b2.d3.#g3.b3)[N],(f2.a2.d3.f3.a3.d4)[N]>,5<(e2.a2.c3.e3.a3.c4)[N],(d2.e2.a2.d3.e3.a3)[N]>,5<(c2.e2.a2.c3.e3.a3)[N],(e2.a2.c3.e3.a3.c4)[N]>,5<(d2.#g2.b2.d3.#g3.b3)[N],(c2.e2.a2.c3.e3.a3)[N]>,5<(b1.d2.#g2.b2.d3.#g3)[N],(d2.#g2.b2.d3.#g3.b3)[N]>,5<(c2.e2.a2.c3.e3.a3)[N],(a1.c2.e2.a2.c3.e3)[N]>,5<(e1.a1.c2.e2.a2.c3)[N],(c1.e1.a1.c2.e2.a2)[N]>,5<(a1.d2.f2.a2.d3.f3)[N],(a1.c2.e2.a2.c3.e3)[N]>,5<(f1.a1.d2.f2.a2.d3)[N],(e1.a1.c2.e2.a2.c3)[N]>,5<(d1.e1.b1.d2.e2.b2)[N],(c1.e1.a1.c2.e2.a2)[N]>,5<(b.e1.#g1.b1.e2.#g2)[N],(d1.e1.b1.d2.e2.b2)[N]>,(c1.e1.a1.c2.e2.a2)[M],V,(A-3.A-2.A-1)[L];5<(#a.#c1.f1.#a1.#c2.f2)[N],(#a.#c1.f1.#a1.#c2.f2)[N]>,5<(#a.#c1.f1.#a1.#c2.f2)[N],(#a.#c1.f1.#a1.#c2.f2)[N]>,5<(#a.#c1.f1.#a1.#c2.f2)[N],(#a.#c1.f1.#a1.#c2.f2)[N]>,5<(#a.#c1.f1.#a1.#c2.f2)[N],(#a.#c1.f1.#a1.#c2.f2)[N]>,5<(#a.#c1.f1.#a1.#c2.f2.f3~f3)[N],(#a.#c1.f1.#a1.#c2.f2.f3~f3)[N]>,5<(#a.#c1.f1.#a1.#c2.f2.f3~f3)[N],(#a.#c1.f1.#a1.#c2.f2.f3~f3)[N]>,5<(#a.#c1.f1.#a1.#c2.f2.f3.f4~f3.f4)[N],(#a.#c1.f1.#a1.#c2.f2.f3.f4~f3.f4)[N]>,5<(#a.#c1.f1.#a1.#c2.f2.f3.f4~f3.f4)[N],(#a.#c1.f1.#a1.#c2.f2.f3.f4~f3.f4)[N]>,5<(#a.#c1.f1.#a1.#c2.f2.f3.f4~f3.f4)[N],(#a.#c1.f1.#a1.#c2.f2.f3.f4~f3.f4)[N]>,5<(#a.#c1.f1.#a1.#c2.f2.f3.f4~f3.f4)[N],(#a.#c1.f1.#a1.#c2.f2.f3.f4~f3.f4)[N]>,5<(#a.#c1.f1.#a1.#c2.f2.f3.f4)[N],(#a.#d1.#f1.#a1.#d2.#f2)[N]>,5<(#a.#c1.f1.#a1.#c2.f2)[N],(#a.c1.e1.#a1.c2.e2)[N]>,(#a.#c1.f1.#a1.#c2.f2)[M],(#c1.f1.#f1.#c2.f2.#f2)[M],(f1.#a1.#c2.f2.#a2.#c3)[L],5<(#f1.#a1.#d2.#f2.#a2.#d3)[N],(#f1.#a1.#d2.#f2.#a2.#d3)[N]>,5<(#f1.#a1.#d2.#f2.#a2.#d3)[N],(#f1.#a1.#d2.#f2.#a2.#d3)[N]>,5<(#f1.#a1.#d2.#f2.#a2.#d3)[N],(f1.#a1.#c2.f2.#a2.#c3)[N]>,5<(f1.a1.c2.f2.a2.c3)[N],(#f1.c2.#d2.#f2.c3.#d3)[N]>,5<(f1.#a1.#c2.f2.#a2.#c3)[N],(f1.#a1.#c2.f2.#a2.#c3)[N]>,5<(f1.#a1.#c2.f2.#a2.#c3)[N],(f1.#a1.#c2.f2.#a2.#c3)[N]>,5<(f1.#a1.#c2.f2.#a2.#c3)[N],(#d1.c2.#d2.c3)[N]>,5<(#c1.f1.#a1.#c2.f2.#a2)[N],(f1.#a1.#c2.f2.#a2.#c3)[N]>,5<(e1.g1.c2.e2.g2.c3)[N],(e1.g1.c2.e2.g2.c3)[N]>,5<(e1.g1.c2.e2.g2.c3)[N],(e1.g1.c2.e2.g2.c3)[N]>,(c1.e1.g1.c2.e2.g2)[M],(f1.#g1.c2.f2.#g2.c3)[M],(c1.f1.a1.c2.f2.a2)[M],V,VW,8<(mute~G-2.G-1~A-2.A-1)[M]>;5<(#a.#c1.f1.#a1.#c2.f2)[N],(#a.#c1.f1.#a1.#c2.f2)[N]>,5<(#a.#c1.f1.#a1.#c2.f2)[N],(#a.#c1.f1.#a1.#c2.f2)[N]>,5<(#a.#c1.f1.#a1.#c2.f2)[N],(#a.#c1.f1.#a1.#c2.f2)[N]>,5<(#a.#c1.f1.#a1.#c2.f2)[N],(#a.#c1.f1.#a1.#c2.f2)[N]>,5<(#a.#c1.f1.#a1.#c2.f2.f3~f3)[N],(#a.#c1.f1.#a1.#c2.f2.f3~f3)[N]>,5<(#a.#c1.f1.#a1.#c2.f2.f3~f3)[N],(#a.#c1.f1.#a1.#c2.f2.f3~f3)[N]>,5<(#a.#c1.f1.#a1.#c2.f2.f3.f4~f3.f4)[N],(#a.#c1.f1.#a1.#c2.f2.f3.f4~f3.f4)[N]>,5<(#a.#c1.f1.#a1.#c2.f2.f3.f4~f3.f4)[N],(#a.#c1.f1.#a1.#c2.f2.f3.f4~f3.f4)[N]>,5<(#a.#c1.f1.#a1.#c2.f2.f3.f4)[N],(#a.#d1.#f1.#a1.#d2.#f2)[N]>,5<(#a.#c1.f1.#a1.#c2.f2)[N],(#a.c1.e1.#a1.c2.e2)[N]>,(b.d1.f1.b1.d2.f2)[M],5<(#c1.f1.#a1.#c2.f2.#a2)[N],(#f1.b1.#c2.#f2.b2.#c3)[N]>,(#a1.#c2.f2.#a2.#c3.f3)[M],(#c2.f2.#a2.#c3.f3.#a3)[M],(f2.#a2.#c3.f3.#a3.#c4)[L],5<(#f2.c3.#d3.#f3.c4.#d4)[N],(f2.#a2.#c3.f3.#a3.#c4)[N]>,5<(#d2.a2.c3.#d3.a3.c4)[N],(#f2.#a2.#d3.#f3.#a3.#d4)[N]>,5<(f2.#a2.#c3.f3.#a3.#c4)[N],(#d2.f2.#a2.#d3.e3.#a3)[N]>,5<(#c2.f2.#a2.#c3.f3.#a3)[N],(f2.#a2.#c3.f3.#a3.#c4)[N]>,5<(#d2.a2.c3.#d3.a3.c4)[N],(#c2.f2.#a2.#c3.f3.#a3)[N]>,5<(c2.#d2.a2.c3.#d3.a3)[N],(#d2.a2.c3.#d3.a3.c4)[N]>,5<(#c2.f2.#a2.#c3.f3.#a3)[N],(#a1.#c2.f2.#a2.#c3.f3)[N]>,5<(#f1.b1.d2.#f2.b2.d3)[N],(#c1.f1.#a1.#c2.f2.#a2)[N]>,5<(#a1.#d2.#f2.#a2.#d3.#f3)[N],(#a1.#c2.f2.#a2.#c3.f3)[N]>,5<(g1.b1.e2.g2.b2.e3)[N],(#f1.b1.d2.#f2.b2.d3)[N]>,5<(#d1.f1.c2.#d2.f2.c3)[N],(#c1.f1.#a1.#c2.f2.#a2)[N]>,5<(c1.f1.a1.c2.f2.a2)[N],(#d1.f1.c2.#d2.f2.c3)[N]>,(#c1.f1.#a1.#c2.f2.#a2)[M],UV,5<#d2[N],#c2[N]>,5<c2[N],#d2[N]>,5<#c2[N],c2[N]>,5<#a1[N],#c2[N]>,5<c2[N],#a1[N]>,5<a1[N],c2[N]>,5<#a1[N],f1[N]>,5<#c1[N],#a[N]>,5<(C-1.c.c1.#f.#f1.#f2.#f3.#f4)[N],(f.f1.f2.f3.f4)[N]>,5<(#A-2.#A-1.#a.#d.#d1.#d2.#d3.#d4)[N],(#c.#c1.#c2.#c3.#c4)[N]>,5<(A-2.A-1.a.c.c1.c2.c3.c4)[N],(#A-1.#a.#a1.#a2.#a3)[N]>,5<(C-1.c.c1.A-1.a.a1.a2.a3)[N],(c.c1.c2.c3.c4)[N]>,(#A-2.#A-1.#a.#a1.#a2.#a3)[M],V,(#A-2.#A-1.#a.#c1.f1.#a1.#c2.f2.#a2.#a3.#a4)[J],T;","(A-2.A-1)[M],(c.e)[M],E-1[M],(c.e)[M],(A-2.A-1)[M],(c.e)[M],E-1[M],(c.e)[M],(A-2.A-1)[M],(c.e)[M],E-1[M],(c.e)[M],(A-2.A-1)[M],(c.e)[M],E-1[M],(c.e)[M],(#G-2.#G-1)[M],(d.e)[M],E-1[M],(d.e)[M],(A-2.A-1)[M],(c.e)[M],E-1[M],(c.e)[M],(B-2.B-1)[M],(B-1.#d)[M],B-1[M],(A-1.#d)[M],(E-1.#G-1.e.#g)[L],(E-2.E-1)[LN],(A-2.A-1)[M],(c.e)[M],E-1[M],(c.e)[M],(A-2.A-1)[M],(c.e)[M],E-1[M],(c.e)[M],(A-2.A-1)[M],(c.e)[M],E-1[M],(c.e)[M],(A-2.A-1)[M],(c.e)[M],E-1[M],(c.e)[M],(D-1.d)[M],(d.f)[M],(C-1.c)[M],(c.e)[M],(B-1.B-2)[M],(B-1.d)[M],(A-1.A-2)[M],(A-1.c)[M],(E-1.e)[M],(#F-1.#f)[M],(#G-1.#g)[M],(E-1.e)[M],(A-1.a)[K],(#A-2.#A-1)[M],(#c.f)[M],F-1[M],(#c.f)[M],(#A-2.#A-1)[M],(#c.f)[M],F-1[M],(#c.f)[M],(#A-2.#A-1)[M],(#c.f)[M],F-1[M],(#c.f)[M],(#A-2.#A-1)[M],(#c.f)[M],F-1[M],(#c.f)[M],(A-2.A-1)[M],(#d.f)[M],F-1[M],(#d.f)[M],(B-2.B-1)[M],(d.#f)[M],F-1[M],(d.#f)[M],(C-1.c)[M],(c.e)[M],c[M],(#A-1.e)[M],(F-1.A-1.f.#a)[L],(F-2.F-1)[LN],(B-2.B-1)[M],(d.#f)[M],F-1[M],(d.#f)[M],(B-2.B-1)[M],(d.#f)[M],F-1[M],(d.#f)[M],(B-2.B-1)[M],(d.#f)[M],F-1[M],(d.#f)[M],(B-2.B-1)[M],(d.#f)[M],F-1[M],(d.#f)[M],(#D-1.#d)[M],(#c.#f)[M],(#C-1.#c)[M],(d.#f)[M],(c.C-1)[M],(c.#d)[M],(#A-1.#A-2)[M],(#A-1.#c)[M],(F-1.f)[M],(G-1.g)[M],(A-1.a)[M],(F-1.f)[M],(#A-1.#a)[K],"]}],"audition":{"start":[0,0],"end":[0,60]}}