{"baseBpm":1500,"musics":[{"bpm":1500,"baseBeats":0.25,"scores":["mute[HHHHHHHHHHH],Q,S,mute[K],mute[K],mute[K],mute[K],mute[K],mute[K],mute[K],mute[K],mute[K],mute[K],mute[K],mute[K],mute[K],mute[K],mute[K],mute[K],mute[K],mute[K],mute[K],mute[K],mute[K],mute[K],mute[K],mute[K],mute[K],mute[K],mute[K],mute[K],mute[K],mute[K],mute[K],mute[K],mute[K],mute[K],mute[K],mute[K],mute[K],mute[K],mute[K],mute[K];","(c1.c.e.g)[HHHHHHHHHHH],Q,S,c1[K],c1[K],c1[K],c1[K],c1[K],c1[K],c1[K],c1[K],c1[K],c1[K],c1[K],c1[K],c1[K],c1[K],c1[K],c1[K],c1[K],c1[K],c1[K],c1[K],c1[K],c1[K],c1[K],c1[K],c1[K],c1[K],c1[K],c1[K],c1[K],c1[K],c1[K],c1[K],c1[K],c1[K],c1[K],c1[K],c1[K],c1[K],c1[K];"],"id":1,"instruments":["piano","piano"],"alternatives":["",""]},{"bpm":1500,"baseBeats":0.25,"scores":["mute[K],mute[K],mute[K],mute[K],mute[K],mute[K],mute[K],mute[K],mute[K],mute[K],mute[K],mute[K],mute[K],mute[K],mute[K],mute[K],mute[K],mute[K],mute[K],mute[K],mute[K],mute[K],mute[K],mute[K],mute[K],mute[K],mute[K],mute[K],mute[K],mute[K],mute[K],mute[K],mute[K],mute[K],mute[K],mute[K],mute[K],mute[K],mute[K],mute[K],mute[K],mute[K];","c1[K],c1[K],c1[K],c1[K],c1[K],c1[K],c1[K],c1[K],c1[K],c1[K],c1[K],c1[K],c1[K],c1[K],c1[K],c1[K],c1[K],c1[K],c1[K],c1[K],c1[K],c1[K],c1[K],c1[K],c1[K],c1[K],c1[K],c1[K],c1[K],c1[K],c1[K],c1[K],c1[K],c1[K],c1[K],c1[K],c1[K],c1[K],c1[K],c1[K],c1[K],c1[K];"],"id":2,"instruments":["piano","piano"],"alternatives":["",""]},{"bpm":1500,"baseBeats":0.25,"scores":["mute[K],mute[K],mute[K],mute[K],mute[K],mute[K],mute[K],mute[K],mute[K],mute[K],mute[K],mute[K],mute[K],mute[K],mute[K],mute[K],mute[K],mute[K],mute[K],mute[K],mute[K],mute[K],mute[K],mute[K],mute[K],mute[K],mute[K],mute[K],mute[K],mute[K],mute[K],mute[K],mute[K],mute[K],mute[K],mute[K],mute[K],mute[K],mute[K],mute[K],mute[K],mute[K],mute[K],mute[K],mute[K],mute[K],mute[K],mute[HHHIKLMK];","c1[K],c1[K],c1[K],c1[K],c1[K],c1[K],c1[K],c1[K],c1[K],c1[K],c1[K],c1[K],c1[K],c1[K],c1[K],c1[K],c1[K],c1[K],c1[K],c1[K],c1[K],c1[K],c1[K],c1[K],c1[K],c1[K],c1[K],c1[K],c1[K],c1[K],c1[K],c1[K],c1[K],c1[K],c1[K],c1[K],c1[K],c1[K],c1[K],c1[K],c1[K],c1[K],c1[K],c1[K],c1[K],c1[K],c1[K],c1[HHHIKLM];"],"id":3,"instruments":["piano","piano"],"alternatives":["",""]}],"audition":{"start":[0,0],"end":[2,47]}}