{"baseBpm":120,"musics":[{"bpm":120,"baseBeats":0.75,"scores":["5<UV>,5<UV>,5<UV>,5<UV>,5<UV>,5<UV>,5<UV>,5<UV>,5<UV>,5<UV>,5<UV>,5<UV>,5<UV>,5<UV>,5<UV>,5<UV>,5<UV>,5<UV>,5<UV>,5<UV>,5<UV>,5<UV>,5<UV>,5<UV>,5<UV>,5<UV>,5<UV>,5<UV>,5<UV>,5<UV>,5<UV>,5<UV>,5<UV>,5<UV>,5<UV>,5<UV>,5<UV>,5<UV>,5<UV>,5<UV>,5<UV>,5<UV>,5<UV>,5<UV>,5<UV>,5<UV>,5<UV>,5<UV>,5<UV>,5<UV>,5<UV>,5<UV>,5<UV>,5<UV>,5<UV>,5<UV>,5<UV>,5<UV>,5<UV>,5<UV>,5<UV>,5<UV>,5<UV>,5<UV>,5<UV>,5<UV>,5<UV>,5<UV>,5<UV>,5<UV>,5<UV>,5<UV>,5<UV>,5<UV>,5<UV>,5<UV>,5<UV>,5<UV>,5<UV>,5<UV>,5<UV>,5<UV>,5<UV>,5<UV>,5<UV>,5<UV>,5<UV>,5<UV>,5<UV>,5<UV>,5<UV>,5<UV>,5<UV>,5<UV>,5<UV>,5<UV>,5<UV>,5<UV>,5<UV>,5<UV>,5<UV>,5<UV>,5<UV>,5<UV>,5<UV>,5<UV>,5<UV>,5<UV>,5<UV>,5<UV>,5<UV>,5<UV>,5<UV>,5<UV>,5<UV>,5<UV>,5<UV>,5<UV>,5<UV>,5<UV>,5<UV>,5<UV>,5<UV>,5<UV>,5<UV>,5<UV>,5<UV>,5<UV>,5<UV>,5<UV>,5<UV>,5<UV>,5<UV>,5<UV>,5<UV>,5<UV>,5<UV>,5<UV>,5<UV>,5<UV>,5<UV>,5<UV>,5<UV>,5<UV>,5<UV>,5<UV>,5<UV>,5<UV>,5<UV>,5<UV>,5<UV>,5<UV>,5<UV>,5<UV>,5<UV>,5<UV>,5<UV>,5<UV>,5<UV>,5<UV>,5<UV>,5<UV>,5<UV>,5<UV>,5<UV>,5<UV>,5<UV>,5<UV>,5<UV>,5<UV>,5<UV>,5<UV>,5<UV>,5<UV>,5<UV>,5<UV>,5<UV>,5<UV>,5<UV>,5<UV>,5<UV>,5<UV>,5<UV>,5<UV>,5<UV>,5<UV>,5<UV>,5<UV>,5<UV>,5<UV>,5<UV>,5<UV>,5<UV>,5<UV>,5<UV>,5<UV>,5<UV>,5<UV>,5<UV>,5<UV>,5<UV>,5<UV>,5<UV>,5<UV>,5<UV>,5<UV>,5<UV>,5<UV>,5<UV>,5<UV>,5<UV>,5<UV>,5<UV>,5<UV>,5<UV>,5<UV>,5<UV>,5<UV>,5<UV>,5<UV>,5<UV>,5<UV>,5<UV>,5<UV>,5<UV>,5<UV>,5<UV>,5<UV>,5<UV>,5<UV>,5<UV>,5<UV>,5<UV>,5<UV>,5<UV>,5<UV>,5<UV>,5<UV>,5<UV>,5<UV>,5<UV>,5<UV>,5<UV>,5<UV>,5<UV>,5<UV>,5<UV>,5<UV>,5<UV>,5<UV>,5<UV>,5<UV>,5<UV>,5<UV>,5<UV>,5<UV>,5<UV>,5<UV>,5<UV>,5<UV>,5<UV>,5<UV>,5<UV>,5<UV>,5<UV>,5<UV>,5<UV>,5<UV>,5<UV>,5<UV>,5<UV>,5<UV>,5<UV>,5<UV>,5<UV>,5<UV>,5<UV>,5<UV>,5<UV>,5<UV>;","(b1.a.c2)[MN],(c2.c1.b1)[MN],(e1.b1.c2)[MN],c1[MN],(a.b1.a1)[MN],(b1.c1.a1)[MN],(e1.a1.b1)[MN],c1[MN],(a.a1.g1)[MN],(g1.c1.a1)[MN],(e1.a1.g1)[MN],c1[MN],(a.b1.a1)[MN],c1[MN],(e1.c2.b1)[MN],c1[MN],(d2.d.b.c2.d3)[MN],(b.d3.f)[MN],(a.d3.b)[MN],f[MN],(b2.d1.c3)[MN],(c3.b2.a)[MN],(c3.b2.f)[MN],a[MN],(d.a2.b2)[MN],(b2.a2.f)[MN],(a2.b2.a)[MN],f[MN],(a2.g2.d1)[MN],(a2.a.g2)[MN],(f.g2.a2)[MN],a[MN],(#g2.b1.a1.#f2.e)[MN],(a1.b1.#g)[MN],(b.a1.b1)[MN],d1[MN],(d.a1.g1)[MN],(a1.#g.g1)[MN],(g1.a1.b)[MN],d1[MN],(e.#g1.#f1)[MN],(#g.#g1.#f1)[MN],(b.#g1.#f1)[MN],d1[MN],(g1.d.a1)[MN],#g[MN],(#f1.b.#g1)[MN],d1[MN],(b.c.a1.a2.g2)[MN],(a2.g2.e)[MN],(a.g2.a2)[MN],c1[MN],(b2.e.a2)[MN],(a2.a.b2)[MN],(a2.c1.b2)[MN],a[MN],(c3.b2.c)[MN],(b2.e.c3)[MN],(c3.b2.a)[MN],c1[MN],(e.b.d3)[MN],(d3.a.b)[MN],(c1.d3.b)[MN],a[MN],(c3.B-2.b2.#c)[MN],(#F-1.e1)[MN],(#F-1.a1)[MN],(B-2.#F-1.e1)[MN],(#F-1.c2.#C-1)[MN],(#F-1.e1)[MN],(a1.#F-1)[MN],(#F-1.e1)[MN],(#F-1.B-2)[MN],(#F-1.e1)[MN],(#F-1.a1)[MN],(#F-1.B-2.e1)[MN],(#C-1.#F-1.c2)[MN],(#F-1.e1)[MN],(#F-1.a1)[MN],(#F-1.e1)[MN],(#F-1.B-2)[MN],(#F-1.e1)[MN],(#F-1.a1)[MN],(e1.#F-1.B-2)[MN],(c2.#C-1.#F-1)[MN],(e1.#F-1)[MN],(#F-1.a1)[MN],(#F-1.e1)[MN],(#F-1.B-2)[MN],(e1.#F-1)[MN],(a1.#F-1)[MN],(B-2.#F-1.e1)[MN],(#C-1.c2.#F-1)[MN],(#F-1.e1)[MN],(#F-1.a1)[MN],(#F-1.e1)[MN],(A-2.#F-1.B-2)[MN],(e1.#F-1)[MN],(#F-1.a1)[MN],(A-2.B-2.#F-1.e1)[MN],(c2.#C-1.#F-1.E-2)[MN],(#F-1.e1)[MN],(#F-1.a1)[MN],(e1.#F-1)[MN],(A-2.#F-1.B-2)[MN],(#F-1.e1)[MN],(a1.#F-1)[MN],(A-2.e1.#F-1.B-2)[MN],(#C-1.c2.E-2.#F-1)[MN],(#F-1.e1)[MN],(#F-1.a1)[MN],(e1.#F-1)[MN],(#F-1.B-2.A-2)[MN],(e1.#F-1)[MN],(b1.#F-1)[MN],(e1.#F-1.A-2.B-2)[MN],(#F-1.E-2.#C-1.d2)[MN],(e1.#F-1)[MN],(b1.#F-1)[MN],(#F-1.e1)[MN],(#F-1.B-2.A-2)[MN],(#F-1.e1)[MN],(#F-1.b1)[MN],(#F-1.e1.B-2.A-2)[MN],(E-2.d2.#C-1.#F-1)[MN],(#F-1.e1)[MN],(b1.#F-1)[MN],(e1.#F-1)[MN],(B-2.#F-1.A-2)[MN],(#F-1.e1)[MN],(#F-1.b1)[MN],(A-2.#F-1.B-2.e1)[MN],(d2.#C-1.E-2.#F-1)[MN],(#F-1.e1)[MN],(#F-1.b1)[MN],(#F-1.e1)[MN],(A-2.B-2.#F-1)[MN],(#F-1.e1)[MN],(b1.#F-1)[MN],(e1.B-2.#F-1.A-2)[MN],(#F-1.d2.E-2.#C-1)[MN],(e1.#F-1)[MN],(#F-1.b1)[MN],(e1.#F-1)[MN],(B-2.#F-1)[MN],(#F-1.e1)[MN],(#F-1.b1)[MN],(B-2.e1.#F-1)[MN],(#F-1.d2.#C-1.E-2)[MN],(e1.#F-1)[MN],(b1.#F-1)[MN],(e1.#F-1)[MN],(#F-1.B-2)[MN],(e1.#F-1)[MN],(#F-1.b1)[MN],(B-2.e1.#F-1)[MN],(E-2.d2.#C-1.#F-1)[MN],(#F-1.e1)[MN],(#F-1.b1)[MN],(e1.#F-1)[MN],(#F-1.B-2)[MN],(#F-1.e1)[MN],(b1.#F-1)[MN],(B-2.e1.#F-1)[MN],(#F-1.d2.#C-1.E-2)[MN],(e1.#F-1)[MN],(#F-1.b1)[MN],(#F-1.e1)[MN],(B-2.#F-1)[MN],(e1.#F-1)[MN],(b1.#F-1)[MN],(B-2.#F-1.e1)[MN],(E-2.#C-1.d2.#F-1)[MN],(#F-1.e1)[MN],(#F-1.b1)[MN],(#F-1.e1)[MN],(#F-1.B-2)[MN],(e1.#F-1)[MN],(a1.#F-1)[MN],(B-2.e1.#F-1)[MN],(#F-1.#C-1.E-2.c2)[MN],(#F-1.e1)[MN],(#F-1.e2)[MN],(#F-1.e1)[MN],(B-2.#F-1)[MN],(e1.#A-1)[MN],(#F-1.c2)[MN],(B-2.a1.#F-1)[MN],(#F-1.#C-1.E-2.e2)[MN],(a1.#F-1)[MN],(c2.#F-1)[MN],(#A-1.a1)[MN],(#F-1.B-2)[MN],(e1.#F-1)[MN],(#F-1.a1)[MN],(#F-1.B-2.e1)[MN],(E-2.#F-1.c2.#C-1)[MN],(#F-1.e1)[MN],(a1.#F-1)[MN],(#F-1.e1)[MN],(B-2.#F-1)[MN],(e1.#F-1)[MN],(a1.#F-1)[MN],(#F-1.e1.B-2)[MN],(c2.E-2.#C-1.#F-1)[MN],(e1.#F-1)[MN],(#F-1.a1)[MN],(e1.#F-1)[MN],(#F-1.A-2.B-2)[MN],(e1.#F-1)[MN],(#F-1.a1)[MN],(B-2.e1.A-2.#F-1)[MN],(#C-1.c2.E-2.#F-1)[MN],(e1.#F-1)[MN],(#F-1.a1)[MN],(e1.#F-1)[MN],(A-2.#F-1.B-2)[MN],(#F-1.e1)[MN],(a1.#F-1)[MN],(e1.#F-1.A-2.B-2)[MN],(c2.#F-1.#C-1.E-2)[MN],(e1.#F-1)[MN],(a1.#F-1)[MN],(#F-1.e1)[MN],(B-2.A-2.#F-1)[MN],(e1.#F-1)[MN],(a1.#F-1)[MN],(e1.#F-1.B-2.A-2)[MN],(#F-1.c2.#C-1.E-2)[MN],(e1.#F-1)[MN],(a1.#F-1)[MN],(e1.#F-1)[MN],(#F-1.A-2.B-2)[MN],(#F-1.e1)[MN],(a1.#F-1)[MN],(B-2.#F-1.e1.A-2)[MN],(#C-1.c2.E-2.#F-1)[MN],(#F-1.e1)[MN],(#F-1.a1)[MN],(e1.#F-1)[MN],(B-2.A-2.#F-1)[MN],(e1.#F-1)[MN],(#F-1.b1)[MN],(A-2.e1.B-2.#F-1)[MN],(d2.E-2.#F-1.#C-1)[MN],(#F-1.e1)[MN],(#F-1.b1)[MN],(e1.#F-1)[MN],(B-2.A-2.#F-1)[MN],(#F-1.e1)[MN],(b1.#F-1)[MN],(B-2.A-2.e1.#F-1)[MN],(d2.#F-1.#C-1.E-2)[MN],(#F-1.e1)[MN],(b1.#F-1)[MN],(#F-1.e1)[MN],(B-2.#F-1.A-2)[MN],(e1.#F-1)[MN],(b1.#F-1)[MN],(#F-1.B-2.e1.A-2)[MN],(E-2.#C-1.d2.#F-1)[MN],(e1.#F-1)[MN],(b1.#F-1)[MN],(#F-1.e1)[MN],(#F-1.B-2.A-2)[MN],(e1.#F-1)[MN],(b1.#F-1)[MN],(A-2.e1.B-2.#F-1)[MN],(E-2.#C-1.#F-1.d2)[MN],(#F-1.e1)[MN],(b1.#F-1)[MN],(e1.#F-1)[MN],(#F-1.B-2)[MN],(#F-1.e1)[MN],(b1.#F-1)[MN],(#F-1.e1.B-2)[MN],(#F-1.#C-1.E-2.d2)[MN],(#F-1.e1)[MN],(#F-1.b1)[MN],(#F-1.e1)[MN],(B-2.#F-1)[MN],(#F-1.e1)[MN],(#F-1.b1)[MN],(e1.#F-1.B-2)[MN],(#C-1.d2.#F-1.E-2)[MN],(e1.#F-1)[MN],(b1.#F-1)[MN],(#F-1.e1)[MN],(B-2.#F-1)[MN],(#F-1.e1)[MN],(#F-1.b1)[MN],(#F-1.B-2.e1)[MN],(#F-1.#C-1.d2.E-2)[MN],(e1.#F-1)[MN],(#F-1.b1)[MN],(#F-1.e1)[MN],(#F-1.B-2)[MN],(e1.#F-1)[MN],(#F-1.b1)[MN],(#F-1.B-2.e1)[MN],(d2.E-2.#F-1.#C-1)[MN],(#F-1.e1)[MN],(b1.#F-1)[MN],(#F-1.e1)[MN],(B-2.#F-1)[MN],(#F-1.e1)[MN],(#F-1.a1)[MN],(#F-1.e1.B-2)[MN],(c2.#C-1.E-2.#F-1)[MN],(e1.#F-1)[MN],(e2.#F-1)[MN],(#F-1.e1)[MN],(#F-1.B-2)[MN],(e1.#F-1.#C-1)[MN],(#A-1.c2)[MN],(#F-1.B-2.a1)[MN],(#C-1.#F-1.E-2.e2)[MN],(a1.#F-1)[MN],(c2.#F-1)[MN],(#A-1.a1)[MN],(#c.a.e.c1.c2.B-2)[MN],(e2.#F-1)[MN],(a2.#F-1)[MN],(B-2.c3.#F-1)[MN],(#C-1.#F-1.c2.E-2)[MN],(e2.#F-1)[MN],(a2.#F-1)[MN],(#F-1.c3)[MN],(#F-1.B-2.c2)[MN],(#F-1.e2)[MN],(#F-1.a2)[MN],(#F-1.B-2.c3)[MN],(#F-1.E-2.#C-1.c2)[MN],(e2.#F-1)[MN],(a2.#F-1)[MN],(#F-1.c3)[MN],(A-2.#F-1.f.B-2.d2.a.d1)[MN],(#F-1.f2)[MN],(a2.#F-1)[MN],(A-2.d3.#F-1.B-2)[MN],(#F-1.#C-1.d2.E-2)[MN],(f2.#F-1)[MN],(a2.#F-1)[MN],(#F-1.d3)[MN],(B-2.A-2.#F-1.d2)[MN],(f2.#F-1)[MN],(#F-1.a2)[MN],(#F-1.B-2.d3.A-2)[MN],(#F-1.#C-1.E-2.d2)[MN],(f2.#F-1)[MN],(#F-1.a2)[MN],(d3.#F-1)[MN],(A-2.d2.B-2.#F-1)[MN],(f2.#F-1)[MN],(a2.#F-1)[MN],(B-2.#F-1.d3.A-2)[MN],(#F-1.E-2.#C-1.d2)[MN],(f2.#F-1)[MN],(#F-1.a2)[MN],(#F-1.d3.E-2)[MN],(A-2.B-2.#F-1.d2)[MN],(#F-1.f2)[MN],(#F-1.a2)[MN],(#F-1.A-2.B-2.d3)[MN],(d2.#F-1.#C-1.E-2)[MN],(#F-1.f2)[MN],(#F-1.a2)[MN],(#F-1.E-2.d3)[MN],(a.D-1.c2.c1.#F-1.B-2.e1)[MN],(#F-1.e2)[MN],(#F-1.a2)[MN],(B-2.c3.#F-1.D-1)[MN],(#C-1.c2.#F-1.A-2)[MN],(#F-1.e2)[MN],(a2.#F-1)[MN],(#F-1.c3.A-2)[MN],(B-2.#F-1.D-1.c2)[MN],(e2.#F-1)[MN],(#F-1.a2)[MN],(#F-1.B-2.D-1.c3)[MN],(#C-1.c2.#F-1.A-2)[MN],(#F-1.e2)[MN],(a2.#F-1)[MN],(#F-1.A-2.c3)[MN],(c2.D-1.#F-1.B-2)[MN],(e2.#F-1)[MN],(#F-1.a2)[MN],(c3.D-1.B-2.#F-1)[MN],(#C-1.c2.#F-1.A-2)[MN],(e2.#F-1)[MN],(#F-1.a2)[MN],(c3.A-2.#F-1)[MN],(c2.#F-1.B-2.D-1)[MN],(e2.#F-1)[MN],(#F-1.a2)[MN],(#F-1.c3.D-1.B-2)[MN],(#F-1.A-2.#C-1.c2)[MN],(#F-1.e2)[MN],(a2.#F-1)[MN],(c3.A-2.#F-1)[MN],(b.A-2.#F-1.b1.B-2.#g.e1)[MN],(d2.#F-1)[MN],(#g2.#F-1)[MN],(A-2.#F-1.B-2.d2)[MN],(b2.#C-1.E-2.#F-1)[MN],(#F-1.d2)[MN],(#g2.#F-1)[MN],(#F-1.d2.E-2)[MN],(B-2.#F-1.A-2.b1)[MN],(d2.#F-1)[MN],(#g2.#F-1)[MN],(B-2.A-2.#F-1.d2)[MN],(#F-1.#C-1.E-2.b2)[MN],(#F-1.d2)[MN],(#F-1.#g2)[MN],(#F-1.E-2.d2)[MN],(#F-1.B-2.b1.A-2)[MN],(d2.#F-1)[MN],(#g2.#F-1)[MN],(#F-1.B-2.d2.A-2)[MN],(#F-1.b2.#C-1.E-2)[MN],(d2.#F-1)[MN],(#F-1.#g2)[MN],(E-2.#F-1.d2)[MN],(B-2.b1.#F-1.A-2)[MN],(d2.#F-1)[MN],(#F-1.#g2)[MN],(d2.B-2.A-2.#F-1)[MN],(b2.#C-1.#F-1.E-2)[MN],(#F-1.d2)[MN],(#F-1.#g2)[MN],(d2.E-2.#F-1)[MN],(e1.a.#F-1.c1.B-2.a1)[MN],(#F-1.c2)[MN],(#F-1.e2)[MN],(B-2.#F-1.c2)[MN],(#C-1.#F-1.E-2.a2)[MN],(c2.#F-1)[MN],(#F-1.e2)[MN],(#F-1.E-2.c2)[MN],(B-2.#F-1.a1)[MN],(c2.#A-1)[MN],(e2.#F-1)[MN],(B-2.#F-1.c2)[MN],(#F-1.E-2.#C-1.a2)[MN],(#F-1.c2)[MN],(e2.#F-1)[MN],(#A-1.E-2.c2)[MN],(B-2.#F-1.c2.e.c1.a)[MN],(#F-1.e2)[MN],(a2.#F-1)[MN],(B-2.#F-1.c3)[MN],(#C-1.c2.#F-1.E-2)[MN],(e2.#F-1)[MN],(a2.#F-1)[MN],(#F-1.c3.E-2)[MN],(c2.#F-1.B-2)[MN],(e2.#F-1)[MN],(#F-1.a2)[MN],(B-2.c3.#F-1)[MN],(E-2.c2.#C-1.#F-1)[MN],(#F-1.e2)[MN],(a2.#F-1)[MN],(c3.E-2.#F-1)[MN],(A-2.a.f.#F-1.d1.d2.B-2)[MN],(f2.#F-1)[MN],(#F-1.a2)[MN],(#F-1.d3.A-2.B-2)[MN],(#C-1.E-2.#F-1.d2)[MN],(#F-1.f2)[MN],(a2.#F-1)[MN],(E-2.#F-1.d3)[MN],(#F-1.A-2.d2.B-2)[MN],(#F-1.f2)[MN],(#F-1.a2)[MN],(d3.A-2.B-2.#F-1)[MN],(#C-1.d2.E-2.#F-1)[MN],(#F-1.f2)[MN],(E-2.#F-1.a2)[MN],(d3.#F-1)[MN],(A-2.d2.#F-1.B-2)[MN],(f2.#F-1)[MN],(#F-1.a2)[MN],(#F-1.A-2.B-2.d3)[MN],(#F-1.#C-1.E-2.d2)[MN],(#F-1.f2)[MN],(a2.#F-1)[MN],(E-2.#F-1.d3)[MN],(A-2.#F-1.d2.B-2)[MN],(#F-1.f2)[MN],(#F-1.a2)[MN],(#F-1.B-2.d3.A-2)[MN],(E-2.#C-1.d2.#F-1)[MN],(f2.#F-1)[MN],(#F-1.a2)[MN],(#F-1.E-2.d3)[MN],(e1.c1.a.c2.#F-1.D-1.B-2)[MN],(e2.#F-1)[MN],(#F-1.a2)[MN],(B-2.c3.#F-1.D-1)[MN],(A-2.#C-1.c2.#F-1)[MN],(e2.#F-1)[MN],(a2.#F-1)[MN],(#F-1.A-2.c3)[MN],(B-2.c2.#F-1.D-1)[MN],(#F-1.e2)[MN],(a2.#F-1)[MN],(c3.D-1.#F-1.B-2)[MN],(A-2.#C-1.#F-1.c2)[MN],(#F-1.e2)[MN],(#F-1.a2)[MN],(#F-1.c3.A-2)[MN],(c2.#F-1.D-1.B-2)[MN],(#F-1.e2)[MN],(#F-1.a2)[MN],(c3.B-2.D-1.#F-1)[MN],(#F-1.c2.A-2.#C-1)[MN],(e2.#F-1)[MN],(#F-1.a2)[MN],(#F-1.c3.A-2)[MN],(D-1.#F-1.c2.B-2)[MN],(e2.#F-1)[MN],(a2.#F-1)[MN],(c3.#F-1.B-2.D-1)[MN],(#C-1.c2.A-2.#F-1)[MN],(#F-1.e2)[MN],(#F-1.a2)[MN],(c3.#F-1.A-2)[MN],(A-2.#F-1.b1.b.e1.#g.B-2)[MN],(#F-1.d2)[MN],(#g2.#F-1)[MN],(B-2.#F-1.b2.A-2)[MN],(#F-1.#C-1.b1.E-2)[MN],(d2.#F-1)[MN],(#g2.#F-1)[MN],(E-2.#F-1.b2)[MN],(b1.B-2.A-2.#F-1)[MN],(#F-1.d2)[MN],(#F-1.#g2)[MN],(b2.#F-1.B-2.A-2)[MN],(#F-1.E-2.b1.#C-1)[MN],(#F-1.d2)[MN],(#g2.#F-1)[MN],(#F-1.E-2.b2)[MN],(#F-1.B-2.b1.A-2)[MN],(d2.#F-1)[MN],(#F-1.#g2)[MN],(B-2.A-2.b2.#F-1)[MN],(#C-1.#F-1.E-2.b1)[MN],(d2.#F-1)[MN],(#F-1.#g2)[MN],(b2.E-2.#F-1)[MN],(#F-1.B-2.b1.A-2)[MN],(d2.#F-1)[MN],(#g2.#F-1)[MN],(B-2.#F-1.b2.A-2)[MN],(#F-1.E-2.b1.#C-1)[MN],(d2.#F-1)[MN],(#g2.#F-1)[MN],(#F-1.E-2.b2)[MN];"],"id":1,"instruments":["piano","piano"],"alternatives":["",""]},{"bpm":120,"baseBeats":0.75,"scores":["5<UV>,5<UV>,5<UV>,5<UV>,5<UV>,5<UV>,5<UV>,5<UV>,5<UV>,5<UV>,5<UV>,5<UV>,5<UV>,5<UV>,5<UV>,5<UV>,5<UV>,5<UV>,5<UV>,5<UV>,5<UV>,5<UV>,5<UV>,5<UV>,5<UV>,5<UV>,5<UV>,5<UV>,5<UV>,5<UV>,5<UV>,5<UV>,5<UV>,5<UV>,5<UV>,5<UV>,5<UV>,5<UV>,5<UV>,5<UV>,5<UV>,5<UV>,5<UV>,5<UV>,5<UV>,5<UV>,5<UV>,5<UV>,5<UV>,5<UV>,5<UV>,5<UV>,5<UV>,5<UV>,5<UV>,5<UV>,5<UV>,5<UV>,5<UV>,5<UV>,5<UV>,5<UV>,5<UV>,5<UV>,5<UV>,5<UV>,5<UV>,5<UV>,5<UV>,5<UV>,5<UV>,5<UV>,5<UV>,5<UV>,5<UV>,5<UV>,5<UV>,5<UV>,5<UV>,5<UV>,5<UV>,5<UV>,5<UV>,5<UV>,5<UV>,5<UV>,5<UV>,5<UV>,5<UV>,5<UV>,5<UV>,5<UV>,5<UV>,5<UV>,5<UV>,5<UV>,5<UV>,5<UV>,5<UV>,5<UV>,5<UV>,5<UV>,5<UV>,5<UV>,5<UV>,5<UV>,5<UV>,5<UV>,5<UV>,5<UV>,5<UV>,5<UV>,5<UV>,5<UV>,5<UV>,5<UV>,5<UV>,5<UV>,5<UV>,5<UV>,5<UV>,5<UV>,5<UV>,5<UV>,5<UV>,5<UV>,5<UV>,5<UV>,5<UV>,5<UV>,5<UV>,5<UV>,5<UV>,5<UV>,5<UV>,5<UV>,5<UV>,5<UV>,5<UV>,5<UV>,5<UV>,5<UV>,5<UV>,5<UV>,5<UV>,5<UV>,5<UV>,5<UV>,5<UV>,5<UV>,5<UV>,5<UV>,5<UV>,5<UV>,5<UV>,5<UV>,5<UV>,5<UV>,5<UV>,5<UV>,5<UV>,5<UV>,5<UV>,5<UV>,5<UV>,5<UV>,5<UV>,5<UV>,5<UV>,5<UV>,5<UV>,5<UV>,5<UV>,5<UV>,5<UV>,5<UV>,5<UV>,5<UV>,5<UV>,5<UV>,5<UV>,5<UV>,5<UV>,5<UV>,5<UV>,5<UV>,5<UV>,5<UV>,5<UV>,5<UV>,5<UV>,5<UV>,5<UV>,5<UV>,5<UV>,5<UV>,5<UV>,5<UV>,5<UV>,5<UV>,5<UV>,5<UV>,5<UV>,5<UV>,5<UV>,5<UV>,5<UV>,5<UV>,5<UV>,5<UV>,5<UV>,5<UV>,5<UV>,5<UV>,5<UV>,5<UV>,5<UV>,5<UV>,5<UV>,5<UV>,5<UV>,5<UV>,5<UV>,5<UV>,5<UV>,5<UV>,5<UV>,5<UV>,5<UV>,5<UV>,5<UV>,5<UV>,5<UV>,5<UV>,5<UV>,5<UV>,5<UV>,5<UV>,5<UV>,5<UV>,5<UV>,5<UV>,5<UV>,5<UV>,5<UV>,5<UV>,5<UV>,5<UV>,5<UV>,5<UV>,5<UV>,5<UV>,5<UV>,5<UV>,5<UV>,5<UV>,5<UV>,5<UV>,5<UV>,5<UV>,5<UV>,5<UV>,5<UV>,5<UV>,5<UV>,5<UV>,5<UV>,5<UV>,5<UV>,5<UV>,5<UV>,5<UV>,5<UV>,5<UV>,5<UV>,5<UV>,5<UV>,5<UV>,5<UV>,5<UV>;","(#F-1.a.B-2.e1.c2.c1)[MN],(#F-1.e2)[MN],(#F-1.a2)[MN],(B-2.#F-1.e2)[MN],(#F-1.#C-1.c3.E-2)[MN],(#F-1.e2)[MN],(#F-1.a2)[MN],(#F-1.e2.E-2)[MN],(B-2.c2.#F-1)[MN],(#C-1.#F-1.e2)[MN],(a2.#A-1)[MN],(B-2.e2.#F-1)[MN],(#C-1.E-2.#F-1.c3)[MN],(e2.#F-1)[MN],(#F-1.a2)[MN],(#A-1.e2.E-2)[MN],(B-2.c1.e1.#c.a)[MN],(e1.#F-1)[MN],(d2.c3.a2.a1.g2.#F-1)[MN],(e1.B-2.#F-1)[MN],(#F-1.c2.E-2)[MN],(e2.e1.#g2.#F-1)[MN],(a1.#F-1)[MN],(E-2.#F-1.e1)[MN],(c2.B-2.e2.#F-1)[MN],(e1.#F-1)[MN],(a1.#F-1)[MN],(B-2.e1.c3.#F-1)[MN],(E-2.#F-1.c2)[MN],(e1.e2.#F-1)[MN],(#F-1.a2.a1)[MN],(e1.#F-1.c3.E-2)[MN],(A-2.#F-1.B-2)[MN],(c3.e1.#F-1.c)[MN],(e3.a1.#F-1)[MN],(e1.#F-1.B-2.c3.A-2)[MN],(#F-1.e1.E-2.c2)[MN],(c3.e1.#F-1)[MN],(#F-1.a1.e3)[MN],(e1.c3.#F-1.E-2)[MN],(A-2.B-2.B-1.#F-1)[MN],(e1.c3.#F-1)[MN],(#F-1.e3.a1)[MN],(c3.B-2.A-2.#F-1.e1)[MN],(E-2.e1.c2.#F-1)[MN],(c3.G-1.e1.#F-1)[MN],(#F-1.a1.e3)[MN],(c3.e1.#F-1)[MN],(#F-1.a.c1.e1.A-2.B-2)[MN],(#F-1.c3.e1)[MN],(#F-1.a1.e3)[MN],(#F-1.B-2.e1.c3.A-2)[MN],(#F-1.c2.D-1.E-2.e1)[MN],(c3.e1.#F-1)[MN],(a1.e3.#F-1)[MN],(e1.#F-1.c3)[MN],(B-2.#F-1.A-2)[MN],(#F-1.c3.e1)[MN],(#F-1.e3.a1)[MN],(B-2.A-2.#F-1.e1.c3)[MN],(D-1.e1.E-2.#F-1.c2)[MN],(e1.c3.#F-1)[MN],(e3.#F-1.a1)[MN],(c3.#F-1.e1)[MN],(A-2.#g.B-2.b.d1.#F-1)[MN],(b2.#F-1.e1)[MN],(#F-1.b1.d3)[MN],(#F-1.B-2.A-2.b2.e1)[MN],(D-1.#F-1.d2.e1.E-2)[MN],(b2.e1.#F-1)[MN],(d3.#F-1.b1)[MN],(e1.#g2.#F-1)[MN],(#F-1.A-2.B-2)[MN],(#F-1.e1.b2)[MN],(#F-1.d3.b1)[MN],(b2.e1.#F-1.A-2.B-2)[MN],(d2.e1.D-1.E-2.#F-1)[MN],(b2.e1.#F-1)[MN],(#F-1.b1.d3)[MN],(e1.#F-1.b2)[MN],(b.#g.e.#F-1.B-2.A-2)[MN],(e1.#g2.#F-1)[MN],(#F-1.b1.d3)[MN],(e1.A-2.#F-1.B-2.b2)[MN],(D-1.d2.#F-1.E-2.e1)[MN],(e1.#F-1.b2)[MN],(#F-1.b1.d3)[MN],(e1.b2.#F-1)[MN],(#F-1.B-2.A-2)[MN],(#g2.e1.#F-1)[MN],(d3.#F-1.b1)[MN],(#F-1.B-2.b2.e1.A-2)[MN],(#F-1.E-2.d2.e1.D-1)[MN],(e1.#F-1.b2)[MN],(d3.#F-1.b1)[MN],(e1.#F-1.b2)[MN],(B-2.#F-1)[MN],(e1.#g2.#F-1)[MN],(b1.#F-1.d3)[MN],(#F-1.e1.B-2.b2)[MN],(D-1.#F-1.E-2.e1.d2)[MN],(#F-1.b2.e1)[MN],(#F-1.b1.d3)[MN],(b2.#F-1.e1)[MN],(B-2.#F-1)[MN],(e1.#F-1.#g2)[MN],(#F-1.b1.d3)[MN],(B-2.e1.b2.#F-1)[MN],(D-1.E-2.e1.#F-1.d2)[MN],(#F-1.e1.b2)[MN],(d3.#F-1.b1)[MN],(#F-1.e1.b2)[MN],(B-2.#F-1)[MN],(#F-1.e1.#g2)[MN],(b1.d3.#F-1)[MN],(e1.#F-1.b2.B-2)[MN],(E-2.#F-1.e1.d2.D-1)[MN],(b2.e1.#F-1)[MN],(d3.b1.#F-1)[MN],(b2.#F-1.e1)[MN],(#F-1.B-2)[MN],(#g2.#F-1.e1)[MN],(d3.b1.#F-1)[MN],(B-2.#F-1.e1.b2)[MN],(e1.D-1.d2.E-2.#F-1)[MN],(e1.b2.#F-1)[MN],(b1.#F-1.d3)[MN],(e1.b2.#F-1)[MN],(c1.a.#F-1.B-2.e1)[MN],(a2.#F-1.e1)[MN],(a1.#F-1.e3)[MN],(#F-1.B-2.e1.c3)[MN],(E-2.c2.#F-1.e1.D-1)[MN],(#F-1.e1.a2)[MN],(e2.e3.#F-1)[MN],(c3.e1.#F-1)[MN],(#F-1.B-2)[MN],(#A-1.e1.a2)[MN],(c2.e3.#F-1)[MN],(c3.B-2.a1.#F-1)[MN],(E-2.#F-1.e1.D-1.e2)[MN],(a1.a2.#C-1.#F-1)[MN],(e3.c2.#F-1)[MN],(a1.c3.#A-1)[MN],(#c.B-2)[MN],(c3.#F-1.e1)[MN],(a1.#F-1.e3)[MN],(e1.B-2.#F-1.c3)[MN],(E-2.#F-1.e1.D-1.c2)[MN],(e1.#F-1.c3)[MN],(#F-1.a1.e3)[MN],(e1.c3.#F-1)[MN],(#F-1.B-2)[MN],(e1.c3.#F-1)[MN],(#F-1.a1.e3)[MN],(c3.e1.B-2.#F-1)[MN],(#F-1.E-2.c2.D-1.e1)[MN],(e1.#F-1.c3)[MN],(#F-1.a1.e3)[MN],(e1.#F-1.c3)[MN],(A-2.B-2.#F-1.a.e1.c1)[MN],(c3.#F-1.e1)[MN],(a1.e3.#F-1)[MN],(e1.#F-1.A-2.B-2.c3)[MN],(#F-1.E-2.D-1.c2.e1)[MN],(e1.c3.#F-1)[MN],(#F-1.e3.a1)[MN],(e1.#F-1.c3)[MN],(B-2.A-2.#F-1)[MN],(#F-1.c3.e1)[MN],(#F-1.a1.e3)[MN],(#F-1.B-2.A-2.c3.e1)[MN],(E-2.#F-1.e1.D-1.c2)[MN],(#F-1.c3.e1)[MN],(e3.a1.#F-1)[MN],(c3.e1.#F-1)[MN],(B-2.c1.A-2.e1.a.#F-1)[MN],(#F-1.e1.c3)[MN],(e3.a1.#F-1)[MN],(#F-1.e1.c3.A-2.B-2)[MN],(c2.e1.D-1.#F-1.E-2)[MN],(#F-1.c3.e1)[MN],(a1.#F-1.e3)[MN],(c3.e1.#F-1)[MN],(#F-1.B-2.A-2)[MN],(e1.#F-1.c3)[MN],(a1.#F-1.e3)[MN],(A-2.e1.c3.#F-1.B-2)[MN],(c2.e1.#F-1.D-1.E-2)[MN],(e1.#F-1.c3)[MN],(e3.a1.#F-1)[MN],(c3.e1.#F-1)[MN],(b.B-2.d1.#F-1.A-2.#g)[MN],(b2.e1.#F-1)[MN],(b1.#F-1.d3)[MN],(A-2.B-2.#F-1.e1.b2)[MN],(D-1.d2.E-2.#F-1.e1)[MN],(e1.b2.#F-1)[MN],(#F-1.d3.b1)[MN],(#g2.#F-1.e1)[MN],(#F-1.A-2.B-2)[MN],(#F-1.b2.e1)[MN],(d3.b1.#F-1)[MN],(A-2.B-2.#F-1.e1.b2)[MN],(#F-1.d2.e1.E-2.D-1)[MN],(b2.#F-1.e1)[MN],(b1.#F-1.d3)[MN],(b2.e1.#F-1)[MN],(#F-1.B-2.#g.e.A-2.b)[MN],(#g2.#F-1.e1)[MN],(d3.#F-1.b1)[MN],(#F-1.b2.A-2.B-2.e1)[MN],(d2.e1.E-2.#F-1.D-1)[MN],(#F-1.b2.e1)[MN],(b1.d3.#F-1)[MN],(e1.#F-1.b2)[MN],(B-2.#F-1.A-2)[MN],(e1.#g2.#F-1)[MN],(d3.#F-1.b1)[MN],(#F-1.A-2.e1.B-2.b2)[MN],(e1.d2.#F-1.E-2.D-1)[MN],(b2.e1.#F-1)[MN],(#F-1.d3.b1)[MN],(b2.e1.#F-1)[MN],(B-2.#F-1)[MN],(#g2.e1.#F-1)[MN],(d3.b1.#F-1)[MN],(B-2.#F-1.b2.e1)[MN],(#F-1.e1.d2.D-1.E-2)[MN],(e1.#F-1.b2)[MN],(#F-1.b1.d3)[MN],(#F-1.e1.b2)[MN],(B-2.#F-1)[MN],(#g2.#F-1.e1)[MN],(b1.#F-1.d3)[MN],(e1.b2.B-2.#F-1)[MN],(E-2.D-1.e1.#F-1.d2)[MN],(b2.e1.#F-1)[MN],(d3.#F-1.b1)[MN],(e1.#F-1.b2)[MN],(B-2.#F-1)[MN],(e1.#F-1.#g2)[MN],(d3.#F-1.b1)[MN],(#F-1.B-2.e1.b2)[MN],(E-2.e1.d2.D-1.#F-1)[MN],(#F-1.b2.e1)[MN],(#F-1.d3.b1)[MN],(b2.e1.#F-1)[MN],(B-2.#F-1)[MN],(e1.#F-1.#g2)[MN],(d3.b1.#F-1)[MN],(#F-1.b2.e1.B-2)[MN],(d2.e1.D-1.E-2.#F-1)[MN],(b2.#F-1.e1)[MN],(b1.d3.#F-1)[MN],(#F-1.b2.e1)[MN],(a.B-2.c1.e1.#F-1)[MN],(a2.e1.#F-1)[MN],(a1.e3.#F-1)[MN],(#F-1.B-2.c3.e1)[MN],(#F-1.e1.E-2.D-1.c2)[MN],(#F-1.a2.e1)[MN],(#F-1.e3.e2)[MN],(#F-1.e1.c3)[MN],(B-2.#F-1)[MN],(a2.e1.#F-1)[MN],(c2.e3.#A-1)[MN],(B-2.a1.c3.#F-1)[MN],(D-1.e2.e1.E-2.#F-1)[MN],(a1.a2.#F-1)[MN],(c2.e3.#F-1)[MN],(a1.#A-1.c3)[MN],(e.B-2.a.e3.#c.c2.c1)[MN],(c3.e2.#F-1)[MN],(a2.#F-1)[MN],(B-2.c3.e2.#F-1)[MN],(c2.c3.E-2.D-1.#F-1)[MN],(a2.#F-1.e2)[MN],(a2.e2.#F-1)[MN],(c2.#F-1.c3)[MN],(c2.B-2.#F-1.e3)[MN],(#F-1.e2.c3)[MN],(a2.#F-1)[MN],(c3.#F-1.e2.B-2)[MN],(#F-1.c2.E-2.c3.D-1)[MN],(#F-1.e2.a2)[MN],(#F-1.e2.a2)[MN],(c2.c3.#F-1)[MN],(f.a.e1.d1.d2.#F-1.A-2.B-2)[MN],(d3.f2.#F-1)[MN],(#F-1.a2)[MN],(d3.B-2.A-2.#F-1.f2)[MN],(E-2.#F-1.d3.d2.D-1)[MN],(a2.f2.#F-1)[MN],(#F-1.f2.a2)[MN],(d3.#F-1.d2)[MN],(#F-1.A-2.B-2.d2.e1)[MN],(f2.D-1.#F-1.d3)[MN],(a2.#F-1)[MN],(f2.B-2.A-2.#F-1.d3)[MN],(D-1.E-2.#F-1.d2.d3)[MN],(#F-1.a2.f2)[MN],(a2.#F-1.f2.B-1)[MN],(d2.#F-1.G-1.d3)[MN],(d2.#F-1.e1.B-2.A-2)[MN],(f2.d3.#F-1)[MN],(a2.#F-1)[MN],(B-2.A-2.d3.#F-1.f2)[MN],(d3.#F-1.D-1.d2.E-2)[MN],(a2.#F-1.f2)[MN],(f2.#F-1.a2)[MN],(d2.d3.E-2.#F-1)[MN],(d2.A-2.e1.B-2.#F-1)[MN],(#F-1.d3.f2)[MN],(a2.#F-1)[MN],(#F-1.f2.d3.B-2.A-2)[MN],(d2.#F-1.D-1.E-2.d3)[MN],(#F-1.f2.a2)[MN],(a2.#F-1.f2)[MN],(#F-1.E-2.d3.a2)[MN],(e3.D-1.B-2.#F-1.c2.a.c1.e1)[MN],(e2.#F-1.c3)[MN],(a2.#F-1)[MN],(B-2.c3.D-1.e2.#F-1)[MN],(#F-1.D-1.c3.A-2.c2)[MN],(#F-1.e2.a2)[MN],(e2.a2.#F-1)[MN],(c3.c2.A-2.#F-1)[MN],(#F-1.c2.D-1.B-2.e3)[MN],(#F-1.c3.e2)[MN],(#F-1.a2)[MN],(#F-1.c3.D-1.B-2.e2)[MN],(D-1.#F-1.c3.A-2.c2)[MN],(e2.a2.#F-1)[MN],(#F-1.e2.a2)[MN],(A-2.#F-1.c2.c3)[MN],(c2.B-2.#F-1.e3.D-1)[MN],(#F-1.e2.c3)[MN],(a2.#F-1)[MN],(e2.#F-1.B-2.D-1.c3)[MN],(A-2.c3.D-1.#F-1.c2)[MN],(#F-1.a2.e2)[MN],(e2.a2.#F-1)[MN],(c2.c3.A-2.#F-1)[MN],(D-1.e3.c2.#F-1.B-2)[MN],(c3.#F-1.e2)[MN],(a2.#F-1)[MN],(c3.#F-1.D-1.B-2.e2)[MN],(c3.A-2.D-1.c2.#F-1)[MN],(#F-1.a2.e2)[MN],(e2.a2.#F-1)[MN],(c3.A-2.#F-1.c2)[MN],(b2.#g.B-2.e1.#F-1.b1.A-2.b)[MN],(d2.e2.#F-1)[MN],(#g2.#F-1)[MN],(#F-1.B-2.b2.d2.A-2)[MN],(E-2.#F-1.d3.b2.D-1)[MN],(b2.#F-1.d2)[MN],(#g2.#F-1)[MN],(#F-1.e2.d2.E-2)[MN],(B-2.A-2.#F-1.b1.b2)[MN],(d2.#F-1.e2)[MN],(#F-1.#g2)[MN],(A-2.d2.b2.B-2.#F-1)[MN],(E-2.D-1.#F-1.b2.d3)[MN],(b2.#F-1.d2)[MN],(#F-1.#g2)[MN],(e2.#F-1.E-2.d2)[MN],(A-2.#F-1.b1.#g2.B-2)[MN],(d2.e2.#F-1)[MN],(#F-1.#g2)[MN],(#F-1.b2.B-2.A-2.d2)[MN],(D-1.b2.d3.#F-1.E-2)[MN],(#F-1.b2.d2)[MN],(#g2.#F-1)[MN],(d2.#F-1.e2.E-2)[MN],(b2.b1.A-2.#F-1.B-2)[MN],(#F-1.d2.e2)[MN],(#g2.#F-1)[MN],(B-2.#F-1.b2.d2.A-2)[MN],(E-2.D-1.#F-1.b2.d3)[MN],(d2.#F-1.b2)[MN],(#F-1.#g2)[MN],(e2.E-2.#F-1.d2)[MN],(#F-1.e3.B-2.e1.a.a1.c1)[MN],(c2.#F-1.c3)[MN],(e2.a2.#F-1)[MN],(e2.#F-1.c2.B-2)[MN],(#F-1.D-1.E-2.a2.c3)[MN],(#F-1.a2.c2)[MN],(e2.#F-1)[MN],(E-2.c2.#F-1)[MN],(e3.B-2.a1.#F-1)[MN],(c2.c3.#A-1)[MN],(a2.#F-1.e2)[MN],(B-2.e2.#F-1.c2)[MN],(a2.D-1.c3.E-2.#F-1)[MN],(c2.a2.#F-1)[MN],(e2.#F-1)[MN],(#A-1.E-2.c2)[MN],(B-2.#F-1.e3.c2.a.e.c1)[MN],(c3.e2.#F-1)[MN],(a2.#F-1)[MN],(#F-1.c3.B-2.e2)[MN],(D-1.#F-1.c2.c3.E-2)[MN],(e2.a2.#F-1)[MN],(#F-1.a2.e2)[MN],(c2.E-2.c3.#F-1)[MN],(e3.c2.B-2.#F-1)[MN],(#F-1.e2.c3)[MN],(a2.#F-1)[MN],(B-2.c3.e2.#F-1)[MN],(D-1.E-2.c3.#F-1.c2)[MN],(#F-1.e2.a2)[MN],(a2.e2.#F-1)[MN],(#F-1.c3.c2.E-2)[MN],(B-2.e1.d2.d1.A-2.#F-1.a.f)[MN],(#F-1.f2.d3)[MN],(a2.#F-1)[MN],(B-2.d3.A-2.f2.#F-1)[MN],(E-2.D-1.d3.d2.#F-1)[MN],(f2.a2.#F-1)[MN],(a2.f2.#F-1)[MN],(E-2.d2.d3.#F-1)[MN],(e1.A-2.#F-1.d2.B-2)[MN],(#F-1.d3.f2)[MN],(#F-1.a2)[MN],(f2.d3.B-2.#F-1.A-2)[MN],(d3.E-2.#F-1.D-1.d2)[MN],(#F-1.a2.f2)[MN],(a2.#F-1.E-2.f2)[MN],(d2.#F-1.d3)[MN],(#F-1.d2.A-2.B-2.e1)[MN],(#F-1.d3.f2)[MN],(a2.#F-1)[MN],(#F-1.A-2.B-2.d3.f2)[MN],(E-2.#F-1.D-1.d3.d2)[MN],(f2.#F-1.a2)[MN],(a2.f2.#F-1)[MN],(#F-1.d2.d3.E-2)[MN],(d2.A-2.B-2.e1.#F-1)[MN],(d3.#F-1.f2)[MN],(#F-1.a2)[MN],(d3.#F-1.B-2.f2.A-2)[MN],(#F-1.d3.E-2.D-1.d2)[MN],(f2.#F-1.a2)[MN],(a2.f2.#F-1)[MN],(a2.d3.E-2.#F-1)[MN],(c1.B-2.a.D-1.c2.e3.#F-1.e1)[MN],(e2.c3.#F-1)[MN],(a2.#F-1)[MN],(e2.B-2.D-1.c3.#F-1)[MN],(c2.D-1.c3.#F-1.A-2)[MN],(a2.#F-1.e2)[MN],(#F-1.a2.e2)[MN],(c2.A-2.#F-1.c3)[MN],(#F-1.e3.D-1.c2.B-2)[MN],(c3.#F-1.e2)[MN],(#F-1.a2)[MN],(D-1.B-2.e2.c3.#F-1)[MN],(D-1.c2.A-2.c3.#F-1)[MN],(#F-1.a2.e2)[MN],(#F-1.e2.a2)[MN],(A-2.#F-1.c2.c3)[MN],(B-2.#F-1.c2.e3.D-1)[MN],(#F-1.c3.e2)[MN],(#F-1.a2)[MN],(e2.D-1.B-2.c3.#F-1)[MN],(c3.A-2.D-1.c2.#F-1)[MN],(a2.e2.#F-1)[MN],(e2.a2.#F-1)[MN],(A-2.c2.#F-1.c3)[MN],(D-1.e3.B-2.#F-1.c2)[MN],(c3.#F-1.e2)[MN],(#F-1.a2)[MN],(D-1.B-2.c3.e2.#F-1)[MN],(D-1.A-2.#F-1.c2.c3)[MN],(a2.e2.#F-1)[MN],(#F-1.a2.e2)[MN],(#F-1.c3.c2.A-2)[MN],(#F-1.A-2.#g.B-2.e1.b1.b2.b)[MN],(#F-1.e2.d2)[MN],(#g2.#F-1)[MN],(b2.A-2.B-2.#F-1)[MN],(#F-1.D-1.d3.b1.E-2)[MN],(d2.b2.#F-1)[MN],(#F-1.#g2)[MN],(E-2.#F-1.e2.b2)[MN],(A-2.#F-1.b1.B-2.b2)[MN],(e2.d2.#F-1)[MN],(#g2.#F-1)[MN],(#F-1.B-2.b2.A-2)[MN],(#F-1.b1.D-1.E-2.d3)[MN],(b2.d2.#F-1)[MN],(#F-1.#g2)[MN],(E-2.#F-1.b2.e2)[MN],(#F-1.B-2.A-2.b1.#g2)[MN],(e2.d2.#F-1)[MN],(#g2.#F-1)[MN],(B-2.b2.A-2.#F-1)[MN],(d3.D-1.b1.#F-1.E-2)[MN],(b2.d2.#F-1)[MN],(#g2.#F-1)[MN],(#F-1.E-2.b2.e2)[MN],(#F-1.A-2.B-2.b1.b2)[MN],(e2.d2.#F-1)[MN],(#g2.#F-1)[MN],(b2.B-2.A-2.#F-1)[MN],(#F-1.d3.D-1.E-2.b1)[MN],(b2.d2.#F-1)[MN],(#g2.#F-1)[MN],(e2.#F-1.b2.E-2)[MN],(a.e1.B-2.c2.c1.#F-1.a2)[MN],(e2.#F-1)[MN],(#F-1.a2)[MN],(c3.B-2.#F-1.e2)[MN],(e3.E-2.D-1.#F-1.c3)[MN],(#F-1.e2.c3)[MN],(a2.#F-1)[MN],(E-2.e2.#F-1)[MN],(B-2.#F-1.c2)[MN],(#F-1.b1.c2.e2)[MN],(a2.#A-1)[MN],(B-2.e2.#F-1)[MN],(e2.a2.D-1.c2.c3.E-2.#F-1)[MN],(#F-1.e2)[MN],(#F-1.a2)[MN],(e2.E-2.#A-1)[MN],(B-2.#c.f1)[MN],(f1.#F-1)[MN],(#a1.#a2.#c3.g.#F-1.d)[MN],(B-2.#F-1.f1)[MN],(D-1.#F-1.E-2.#f1.#c2)[MN],(f2.f1.#F-1.a2)[MN],(f1.#F-1.#a1)[MN],(f1.E-2.#F-1)[MN],(f2.#F-1.#a1.B-2.#c2)[MN],(#F-1.f1)[MN],(#F-1.#a1)[MN],(B-2.#c3.f1.#F-1)[MN],(#F-1.E-2.#c2.D-1.c2)[MN],(f2.#F-1.f1)[MN],(#F-1.#a1.#a2)[MN],(#c3.E-2.#F-1.f1)[MN],(#F-1.B-2.A-2.#c2)[MN],(#F-1.f1.#c3)[MN],(e1.#F-1.#a1)[MN],(B-2.#F-1.#c3.A-2.f1)[MN],(e1.E-2.#c2.#F-1.D-1)[MN],(#c3.#F-1.f1)[MN],(e1.#a1.#F-1)[MN],(#F-1.f1.#c3.E-2)[MN],(A-2.B-2.#F-1)[MN],(#F-1.#c3.D-1.f1)[MN],(#a1.#F-1.e1)[MN],(B-2.f1.#F-1.A-2.#c3)[MN],(#F-1.e1.E-2.#c2.D-1)[MN],(f1.#F-1.c.#c3)[MN],(#F-1.#a1.e1.A-1)[MN],(#c1.#F-1.c1.F-1.#c3.f1)[NO],(#a1.#g1)[NO];"],"id":2,"instruments":["piano","piano"],"alternatives":["",""]},{"bpm":120,"baseBeats":0.75,"scores":["5<UV>,5<UV>,5<UV>,5<UV>,5<UV>,5<UV>,5<UV>,5<UV>,5<UV>,5<UV>,5<UV>,5<UV>,5<UV>,5<UV>,5<UV>,5<UV>,5<UV>,5<UV>,5<UV>,5<UV>,5<UV>,5<UV>,5<UV>,5<UV>,5<UV>,5<UV>,5<UV>,5<UV>,5<UV>,5<UV>,5<UV>,5<UV>,5<UV>,5<UV>,5<UV>,5<UV>,5<UV>,5<UV>,5<UV>,5<UV>,5<UV>,5<UV>,5<UV>,5<UV>,5<UV>,5<UV>,5<UV>,5<UV>,5<UV>,5<UV>,5<UV>,5<UV>,5<UV>,5<UV>,5<UV>,5<UV>,5<UV>,5<UV>,5<UV>,5<UV>,5<UV>,5<UV>,5<UV>,5<UV>,5<UV>,5<UV>,5<UV>,5<UV>,5<UV>,5<UV>,5<UV>,5<UV>,5<UV>,5<UV>,5<UV>,5<UV>,5<UV>,5<UV>,5<UV>,5<UV>,5<UV>,5<UV>,5<UV>,5<UV>,5<UV>,5<UV>,5<UV>,5<UV>,5<UV>,5<UV>,5<UV>,5<UV>,5<UV>,5<UV>,5<UV>,5<UV>,5<UV>,5<UV>,5<UV>,5<UV>,5<UV>,5<UV>,5<UV>,5<UV>,5<UV>,5<UV>,5<UV>,5<UV>,5<UV>,5<UV>,5<UV>,5<UV>,5<UV>,5<UV>,5<UV>,5<UV>,5<UV>,5<UV>,5<UV>,5<UV>,5<UV>,5<UV>,5<UV>,5<UV>,5<UV>,5<UV>,5<UV>,5<UV>,5<UV>,5<UV>,5<UV>,5<UV>,5<UV>,5<UV>,5<UV>,5<UV>,5<UV>,5<UV>,5<UV>,5<UV>,5<UV>,5<UV>,5<UV>,5<UV>,5<UV>,5<UV>,5<UV>,5<UV>,5<UV>,5<UV>,5<UV>,5<UV>,5<UV>,5<UV>,5<UV>,5<UV>,5<UV>,5<UV>,5<UV>,5<UV>,5<UV>,5<UV>,5<UV>,5<UV>,5<UV>,5<UV>,5<UV>,5<UV>,5<UV>,5<UV>,5<UV>,5<UV>,5<UV>,5<UV>,5<UV>,5<UV>,5<UV>,5<UV>,5<UV>,5<UV>,5<UV>,5<UV>,5<UV>,5<UV>,5<UV>,5<UV>,5<UV>,5<UV>,5<UV>,5<UV>,5<UV>,5<UV>,5<UV>,5<UV>,5<UV>,5<UV>,5<UV>,5<UV>,5<UV>,5<UV>,5<UV>,5<UV>,5<UV>,5<UV>,5<UV>,5<UV>,5<UV>,5<UV>,5<UV>,5<UV>,5<UV>,5<UV>,5<UV>,5<UV>,5<UV>,5<UV>,5<UV>,5<UV>,5<UV>,5<UV>,5<UV>,5<UV>,5<UV>,5<UV>,5<UV>,5<UV>,5<UV>,5<UV>,5<UV>,5<UV>,5<UV>,5<UV>,5<UV>,5<UV>,5<UV>,5<UV>,5<UV>,5<UV>,5<UV>,5<UV>,5<UV>,5<UV>,5<UV>,5<UV>,5<UV>,5<UV>,5<UV>,5<UV>,5<UV>,5<UV>,5<UV>,5<UV>,5<UV>,5<UV>,5<UV>,5<UV>,5<UV>,5<UV>,5<UV>,5<UV>,5<UV>,5<UV>,5<UV>,5<UV>,5<UV>,5<UV>,5<UV>,5<UV>,5<UV>,5<UV>,5<UV>,5<UV>,5<UV>,5<UV>,5<UV>,5<UV>,5<UV>,5<UV>,5<UV>,5<UV>,5<UV>,5<UV>,5<UV>,5<UV>,5<UV>,5<UV>,5<UV>,5<UV>,5<UV>,5<UV>,5<UV>,5<UV>,5<UV>,5<UV>,5<UV>,5<UV>,5<UV>,5<UV>,5<UV>,5<UV>,5<UV>,5<UV>,5<UV>,5<UV>,mute[LM],5<UV>,mute[LM],5<UV>,mute[LM],5<UV>,mute[LM],5<UV>,mute[LM],5<UV>,mute[KN],5<UV>,mute[LM],5<UV>,5<UV>,mute[J],mute[I];","(f2.B-2.#F-1.#A-2)[MN],(f1.#F-1.#c3)[MN],(#a1.e1.#F-1)[MN],(f1.B-2.#A-2.#c3.#F-1)[MN],(#a2.e1.#F-1.#c2.D-1.F-2)[MN],(f1.#c3.#F-1)[MN],(#F-1.#a1.e1)[MN],(#c3.f1.#F-1)[MN],(#A-2.#F-1.B-2)[MN],(#F-1.#c3.f1)[MN],(#F-1.e1.#a1)[MN],(#A-2.B-2.#F-1.f1.#c3)[MN],(#c2.#g2.e1.D-1.F-2.#F-1)[MN],(#F-1.#c3.f1)[MN],(e1.#a1.#F-1)[MN],(f1.#F-1.#c3)[MN],(#F-1.B-2.#f2.#A-2)[MN],(c3.f1.#F-1)[MN],(f2.#F-1.c2.#d3)[MN],(#F-1.B-2.c3.#A-2.f1)[MN],(D-1.e1.F-2.#F-1.#d2)[MN],(#F-1.c3.f1)[MN],(c2.#d2.#d3.#F-1)[MN],(#c2.a2.f1.#F-1)[MN],(c2.#F-1.#A-2.B-2)[MN],(f1.c3.#F-1)[MN],(#F-1.c2.#d3)[MN],(c3.#A-2.B-2.f1.#F-1)[MN],(#F-1.D-1.#d2.e1.F-2)[MN],(#F-1.f1.c3)[MN],(c2.#d3.#F-1)[MN],(c3.f1.#F-1)[MN],(#A-2.B-2.f1.#F-1)[MN],(f1.#F-1.a2)[MN],(c2.#F-1.#d3)[MN],(c3.#F-1.f1.B-2.#A-2)[MN],(#F-1.e1.#f1.#d2.F-2.D-1)[MN],(f1.#F-1.c3)[MN],(c2.#d3.#F-1.f1)[MN],(c3.#F-1.f1)[MN],(#A-2.#F-1.B-2.a1)[MN],(#F-1.a2.f1)[MN],(#F-1.c2.#d3)[MN],(f1.c3.#A-2.B-2.#F-1)[MN],(e1.D-1.F-2.#F-1.#d2.a1)[MN],(f1.#F-1.c3)[MN],(#F-1.#d3.c2.#a1)[MN],(c3.f1.#F-1)[MN],(#F-1.c2.B-2.C-1)[MN],(#F-1.a2.f1)[MN],(#d3.c2.#F-1)[MN],(C-1.#F-1.c3.f1.B-2)[MN],(e1.D-1.F-2.#d2.#F-1)[MN],(f1.#F-1.c3)[MN],(#F-1.#d3.c2)[MN],(#F-1.c3.f1)[MN],(#F-1.C-1.B-2)[MN],(f1.#F-1.a2)[MN],(#F-1.#d3.c2)[MN],(C-1.f1.#F-1.c3.B-2)[MN],(e1.D-1.#F-1.F-2.#d2)[MN],(c3.f1.#F-1)[MN],(c2.#F-1.#d3)[MN],(f1.e1.c3.#F-1)[NO],c2[NO],(C-1.c3.B-2.#F-1)[MN],(a2.f1.#F-1)[MN],(#F-1.c2.#d3)[MN],(C-1.#F-1.f1.B-2.c3)[MN],(#d2.#d3.e1.D-1.#F-1.F-2)[MN],(#F-1.f1.c3)[MN],(#d3.#F-1.c2)[MN],(f1.#F-1.c3)[MN],(#c3.B-2.C-1.#F-1)[MN],(#F-1.f1.a2)[MN],(c2.#F-1.#d3)[MN],(c3.C-1.#F-1.B-2.f1)[MN],(F-2.#F-1.#d2.D-1.e1.c3)[MN],(c3.#F-1.f1)[MN],(#F-1.c2.#d3)[MN],(f1.c3.#F-1)[MN],(#F-1.#a2.C-1.B-2)[MN],(#F-1.#a2.f1)[MN],(e1.#a1.#F-1)[MN],(#c3.C-1.B-2.f1.#F-1)[MN],(D-1.e1.#c2.#F-1.F-2)[MN],(#F-1.f1.#a2)[MN],(e1.#F-1.f2)[MN],(#F-1.#c3.f1)[MN],(#g2.C-1.#F-1.B-2)[MN],(f1.#A-1.#a2)[MN],(e1.#c2.#F-1)[MN],(B-2.#c3.#a1.#F-1.C-1)[MN],(F-2.D-1.e1.#f2.#F-1.f2)[MN],(#a1.#a2.#C-1.#F-1)[MN],(#F-1.e1.#c2)[MN],(#a1.#c3.#A-1)[MN],(#c.f1.B-2.C-1)[MN],(f1.#F-1.#c3)[MN],(#a1.#F-1.e1)[MN],(B-2.C-1.#F-1.#c3.f1)[MN],(#c2.e1.D-1.#F-1.#f1.F-2)[MN],(#F-1.#c3.f1)[MN],(#a1.f1.e1.#F-1)[MN],(#c3.#F-1.f1)[MN],(B-2.#a1.C-1.#F-1)[MN],(f1.#c3.#F-1)[MN],(#F-1.#a1.e1)[MN],(C-1.B-2.#c3.f1.#F-1)[MN],(#F-1.#c2.c2.F-2.D-1.e1)[MN],(#c3.#F-1.f1)[MN],(e1.#F-1.#a1)[MN],(#c3.f1.#F-1)[MN],(#F-1.#c2.B-2.#A-2)[MN],(#F-1.f1.#c3)[MN],(#a1.#F-1.e1)[MN],(#A-2.f1.#c3.#F-1.B-2)[MN],(D-1.#F-1.e1.F-2.#c2)[MN],(#c3.#F-1.f1)[MN],(e1.#a1.#F-1)[MN],(f1.#F-1.#c3)[MN],(#F-1.B-2.#A-2)[MN],(#c3.f1.#F-1)[MN],(#F-1.e1.#a1)[MN],(#A-2.#c3.#F-1.f1.B-2)[MN],(#c2.e1.F-2.#F-1.D-1)[MN],(#F-1.#c3.f1)[MN],(#a1.e1.#F-1)[MN],(f1.c1.#c3.#c1.#F-1)[NO],(#a1.#g1)[NO],(f2.#F-1.#A-2.B-2)[MN],(f1.#c3.#F-1)[MN],(e1.#F-1.#a1)[MN],(#F-1.f1.#c3.#A-2.B-2)[MN],(#a2.#F-1.#c2.e1.F-2.D-1)[MN],(f1.#F-1.#c3)[MN],(#F-1.#a1.e1)[MN],(#c3.#F-1.f1)[MN],(#A-2.B-2.#F-1)[MN],(#F-1.#c3.f1)[MN],(#a1.#F-1.e1)[MN],(#c3.B-2.f1.#F-1.#A-2)[MN],(F-2.D-1.#F-1.e1.#g2.#c2)[MN],(#c3.#F-1.f1)[MN],(#F-1.#a1.e1)[MN],(f1.#F-1.#c3)[MN],(#f2.B-2.#A-2.#F-1)[MN],(c3.f1.#F-1)[MN],(#F-1.#d3.f2.c2)[MN],(f1.B-2.#F-1.#A-2.c3)[MN],(#d2.F-2.e1.D-1.#F-1)[MN],(f1.c3.#F-1)[MN],(#F-1.c2.#d2.#d3)[MN],(f1.#c2.#F-1.a2)[MN],(c2.#F-1.#A-2.B-2)[MN],(#F-1.f1.c3)[MN],(#F-1.#d3.c2)[MN],(c3.f1.#A-2.B-2.#F-1)[MN],(#d2.D-1.#F-1.e1.F-2)[MN],(c3.#F-1.f1)[MN],(#d3.c2.#F-1)[MN],(#F-1.c3.f1)[MN],(#A-2.f1.B-2.#F-1)[MN],(#F-1.f1.a2)[MN],(#F-1.#d3.c2)[MN],(c3.f1.#A-2.#F-1.B-2)[MN],(#f1.#d2.D-1.e1.#F-1.F-2)[MN],(#F-1.c3.f1)[MN],(c2.#d3.f1.#F-1)[MN],(f1.#F-1.c3)[MN],(#F-1.B-2.a1.#A-2)[MN],(f1.a2.#F-1)[MN],(c2.#F-1.#d3)[MN],(#A-2.c3.#F-1.B-2.f1)[MN],(e1.D-1.F-2.#d2.#F-1.a1)[MN],(f1.c3.#F-1)[MN],(#d3.#F-1.c2.#a1)[MN],(c3.f1.#F-1)[MN],(B-2.c2.#F-1.C-1)[MN],(a2.#F-1.f1)[MN],(#d3.#F-1.c2)[MN],(f1.B-2.C-1.c3.#F-1)[MN],(F-2.D-1.e1.#F-1.#d2)[MN],(#F-1.c3.f1)[MN],(#d3.#F-1.c2)[MN],(c3.f1.#F-1)[MN],(#F-1.B-2.C-1)[MN],(#F-1.f1.a2)[MN],(c2.#d3.#F-1)[MN],(#F-1.C-1.f1.c3.B-2)[MN],(F-2.#F-1.e1.#d2.D-1)[MN],(f1.c3.#F-1)[MN],(#d3.c2.#F-1)[MN],(f1.e1.c3.#F-1)[NO],c2[NO],(c3.C-1.#F-1.B-2)[MN],(f1.#F-1.a2)[MN],(c2.#d3.#F-1)[MN],(c3.C-1.#F-1.B-2.f1)[MN],(#d2.F-2.e1.#d3.D-1.#F-1)[MN],(#F-1.c3.f1)[MN],(c2.#F-1.#d3)[MN],(c3.f1.#F-1)[MN],(B-2.#F-1.#c3.C-1)[MN],(#F-1.a2.f1)[MN],(#d3.c2.#F-1)[MN],(B-2.c3.#F-1.C-1.f1)[MN],(e1.#d2.c3.#F-1.D-1.F-2)[MN],(f1.#F-1.c3)[MN],(c2.#d3.#F-1)[MN],(c3.#F-1.f1)[MN],(#F-1.C-1.#a2.B-2)[MN],(f1.#F-1.#a2)[MN],(#a1.#F-1.e1)[MN],(#c3.#F-1.B-2.f1.C-1)[MN],(#c2.F-2.e1.D-1.#F-1)[MN],(#a2.#F-1.f1)[MN],(f2.e1.#F-1)[MN],(#c3.#F-1.f1)[MN],(C-1.#F-1.B-2)[MN],(#F-1.f1.#a2)[MN],(#A-1.e1.#c2)[MN],(C-1.B-2.#c3.#a1.#F-1)[MN],(F-2.D-1.#F-1.e1.f2)[MN],(#a2.#a1.#F-1)[MN],(#c2.e1.#F-1)[MN],(#a1.#A-1.#c3)[MN],(f2.#c2.e1.C-1)[MN],(f2.#c3)[MN],(f2.#a2)[MN],(f2.C-1.#c3)[MN],(D-1.#d2.f2.F-2.#c3)[MN],(#a2.#d2)[MN],(#c3.f2.#d2)[MN],(e1.#c2)[MN],(C-1.e1.#c2)[MN],(#c3.#c2.f2)[MN],(#a2.#c2)[MN],(f2.#c3.C-1)[MN],(#d2.#c2.#c3.F-2.D-1)[MN],(#a2.f2)[MN],(f2.#a2)[MN],(#c2.#c3)[MN],(#d2.#f2.#A-2.e1)[MN],(#d3.#f2)[MN],#a2[MN],(#A-2.#f2.#d3)[MN],(D-1.#d3.F-2.#a1)[MN],(#a2.#d2)[MN],#f2[MN],(#a2.#d2)[MN],(e1.#A-2.#d2)[MN],(#d3.#f2)[MN],#a2[MN],(#d3.#f2.#A-2)[MN],(#d3.F-2.#d2.D-1)[MN],(#f2.#a2)[MN],(#a2.#f2)[MN],(#d3.#d2)[MN],(#d2.#f2.e1)[MN],(#f2.#d3)[MN],(#a2.#f2)[MN],(#d3.#f2)[MN],(#d2.f2.#d3)[MN],(#f2.f2.#a2)[MN],(#f2.f2.#a2)[MN],(#d3.#d2)[MN],(e1.#d2)[MN],(#d3.#f2.#d2)[MN],(#a2.#d2)[MN],(#d3.#f2)[MN],(#d2.#d3.#c2)[MN],(#f2.#a2)[MN],(#a2.#f2.#d2)[MN],(#a2.#d3)[MN],(e1.#c2.f2)[MN],(f2.#c3)[MN],#a2[MN],(f2.#c3)[MN],(#c2.#c3)[MN],(f2.#a2)[MN],(#a2.f2)[MN],(#c3.#c2)[MN],(e1.#c2)[MN],(f2.#c3)[MN],#a2[MN],(#c3.f2)[MN],(#c3.#c2)[MN],(#a2.f2)[MN],(f2.#a2)[MN],(#c2.#c3)[MN],(f2.#c2.e1)[MN],(#c3.f2)[MN],(#a2.f2)[MN],(#c3.f2)[MN],(#c2.#c3.#d2)[MN],(#d2.f2.#a2)[MN],(#a2.f2.#d2)[MN],(#c2.#c3)[MN],(#c2.e1)[MN],(#c2.f2.#c3)[MN],(#a2.#c2)[MN],(f2.#c3)[MN],(#c3.#c2.c2)[MN],(#a2.f2)[MN],(f2.#c2.#a2)[MN],(#c2.#c3)[MN],(c3.#d2.c2)[MN],(f2.#d2)[MN],a2[MN],c3[MN],(c2.#d3)[MN],(#d2.c3)[MN],a2[MN],(f2.c3)[MN],(c2.c3)[MN],(f2.#d2)[MN],a2[MN],c3[MN],(#d3.c2)[MN],(c3.#d2)[MN],a2[MN],(f2.c3)[MN],(a2.c2.#d2)[MN],(#d2.f2)[MN],(#d2.a2)[MN],c3[MN],(#d3.#c2.c2)[MN],(#d2.#c2.c3)[MN],(#c2.a2)[MN],(f2.c3)[MN],(c2.c3)[MN],(#d2.c2.f2)[MN],(a2.c2)[MN],c3[MN],(#c2.c2.#d3)[MN],(c3.#d2)[MN],(c2.a2)[MN],(c3.f2)[MN],(#a1.#a2.#c2)[MN],f2[MN],#a2[MN],(#c3.f2)[MN],(#c3.e1)[MN],(f2.#c3)[MN],#a2[MN],f2[MN],(#a2.f2.#c2)[MN],(#c2.c2.f2)[MN],#a2[MN],(#a1.#g1.f2.#c2)[MN],(#c3.#c2.#a2.f2)[MN],f2[MN],(f1.#a2.#f1.#g1)[MN],f2[MN],(#c1.e1.B-2.f.#c.#a.#c2)[MN],(#F-1.#a1.f2.#c2.#c3)[MN],(#a2.#a1.#c2.#F-1)[MN],(#c3.f1.B-2.#F-1.f2)[MN],(#c2.#g1.#F-1.#c3.c2)[MN],(#c2.#F-1.f2.#a1.#a2)[MN],(#a2.#F-1.f2)[MN],(#c3.#c2.#F-1.#a1)[MN],(B-2.#a2.#c2.e1.#F-1)[MN],(#a1.#F-1.#c3.#c2.f2)[MN],(#a2.#c2.#a1.#F-1)[MN],(f1.#c3.#F-1.f2.B-2)[MN],(#g1.#c2.#F-1.#c3.c2)[MN],(#c2.#a2.#F-1.#a1.f2)[MN],(#F-1.#a2.f2)[MN],(#c3.f1.#c2.#F-1)[MN],(B-2.e1.#F-1.#d2.#f.#a.#d1)[MN],(#f2.#d2.#a1.#d3.#F-1)[MN],(#f2.#d2.#F-1.#a1.#a2)[MN],(#d3.#F-1.f1.B-2.#f2)[MN],(f2.#a1.#d2.#d3.#F-1)[MN],(f2.#F-1.#a2.#a1.#f2)[MN],(#d2.#a2.#F-1.#f2)[MN],(#d3.#d2.#F-1.#a1.#f2)[MN],(B-2.e1.#a2.#F-1.#d2)[MN],(#f2.#a1.D-1.#d3.#F-1.#d2)[MN],(#f2.#F-1.#a1.#a2)[MN],(#a1.#d3.#F-1.D-1.B-2.#f2)[MN],(#F-1.#d3.f2.#d2.#f2.D-1.#a1)[MN],(D-1.#f2.#a2.#a1.#d2.#F-1)[MN],(c3.#a2.G-1.#f2.#F-1)[MN],(#F-1.#d2.D-1.#d3.#a1.#f2)[MN],(#A-2.#c3.#F-1.e1.B-2.#d2)[MN],(#d3.#F-1.#f2)[MN],(#a2.#F-1)[MN],(#A-2.B-2.#d3.#F-1.#f2)[MN],(#d3.#d2.#F-1.D-1.F-2)[MN],(#a2.#F-1.#f2)[MN],(#f2.#F-1.#a2)[MN],(#F-1.F-2.#d2.#d3)[MN],(#A-2.#F-1.B-2.#d2.e1)[MN],(#F-1.#d3.#f2)[MN],(#a2.#F-1)[MN],(#d3.#A-2.B-2.#f2.#F-1)[MN],(#d3.#F-1.#d2.F-2.D-1.#c3)[MN],(#F-1.#a2.#f2)[MN],(#a2.#f2.#F-1)[MN],(#d3.#a2.#F-1.F-2)[MN],(#a.#c1.B-2.f1.#F-1.e1.#D-1.#c2.#a2)[MN],(f2.#F-1.#c3)[MN],(#F-1.#a2.#g2)[MN],(#D-1.B-2.#F-1.f2.#f2.#c3)[MN],(#F-1.#c2.#A-2.f2.D-1.#c3)[MN],(#F-1.#a2.f2)[MN],(#a2.#F-1.f2)[MN],(#F-1.#c3.#c2.#A-2)[MN],(e1.#D-1.#F-1.B-2.#c2)[MN],(#F-1.#c3.f2)[MN],(#a2.#F-1)[MN],(#c3.B-2.#F-1.f2.#D-1)[MN],(#c2.D-1.#F-1.#c3.#A-2)[MN],(f2.#a2.#F-1)[MN],(f2.#a2.#F-1)[MN],(#c2.#c3.#F-1.#A-2)[MN],(#c2.f2.#D-1.e1.#F-1.B-2)[MN],(#F-1.f2.#c3)[MN],(#a2.#F-1)[MN],(f2.#F-1.B-2.#c3.#D-1)[MN],(#d2.#c2.#F-1.D-1.#c3.#A-2)[MN],(#F-1.#a2.f2)[MN],(#F-1.f2.#c2.#a2)[MN],(#A-2.#F-1.#c2.#c3)[MN],(B-2.e1.#c2.#D-1.#F-1.#a2)[MN],(f2.#F-1.#c3)[MN],(#a2.#F-1)[MN],(f2.#c3.#F-1.B-2.#D-1)[MN],(#F-1.#A-2.#c2.D-1.#c3)[MN],(f2.#a2.#F-1)[MN],(#a2.#F-1.f2)[MN],(#F-1.#c2.#c3.#A-2)[MN],(c3.c1.c2.#F-1.f1.B-2.a.#A-2)[MN],(#d2.#F-1.f2)[MN],(a2.#F-1)[MN],(c3.#d2.B-2.#F-1.#A-2)[MN],(F-2.#d3.#a2.c3.#F-1.D-1)[MN],(c3.#F-1.#d2)[MN],(a2.#F-1.c3)[MN],(F-2.#d2.f2.#F-1)[MN],(c2.c3.#d2.#F-1.B-2.#A-2)[MN],(#F-1.f2.#d2)[MN],(#F-1.a2)[MN],(#F-1.#d2.#A-2.B-2.c3)[MN],(#d3.#F-1.D-1.c3.F-2)[MN],(#F-1.#d2.c3)[MN],(f2.#F-1.a2)[MN],(#d2.#F-1.f2.F-2)[MN],(a2.B-2.#F-1.#A-2.#f2.c2)[MN],(#d2.#F-1.f2)[MN],(a2.#F-1)[MN],(B-2.#F-1.#A-2.c3.#d2)[MN],(#d3.f2.#F-1.c3.F-2.D-1)[MN],(#F-1.#d2.c3)[MN],(a2.#F-1)[MN],(#d2.F-2.#F-1.f2)[MN],(#A-2.#F-1.#d2.c3.B-2.c2)[MN],(#F-1.f2.#d2)[MN],(a2.#F-1)[MN],(B-2.#d2.#F-1.#A-2.c3)[MN],(F-2.#d3.f2.c3.#F-1.D-1)[MN],(#d2.c3.#F-1)[MN],(#d2.a2.#F-1)[MN],(#F-1.f2.#d2.F-2)[MN],(C-1.B-2.#a.#F-1.#a1.#c1.#c2.f1.e1)[MN],(#c2.#F-1.#c3)[MN],(#a2.#F-1.f2)[MN],(#F-1.C-1.#c2.f2.B-2)[MN],(#F-1.#a2.#c3.F-2.D-1)[MN],(#c2.#a2.#F-1)[MN],(#F-1.f2)[MN],(#c2.F-2.#F-1)[MN],(C-1.B-2.e1.#a1.#F-1)[MN],(#c3.#A-1.#c2)[MN],(#F-1.f2.#a2)[MN],(#c2.C-1.f2.B-2.#F-1)[MN],(#F-1.F-2.#a2.#c3.D-1)[MN],(#c2.#F-1.#a2)[MN],(f2.#F-1)[MN],(#c2.F-2.#A-1)[MN],(#c2.C-1.B-2.f.e1.#a.#c1.#F-1)[MN],(f2.#F-1.#c3)[MN],(#a2.#F-1)[MN],(#c3.B-2.#F-1.C-1.f2)[MN],(#F-1.#c2.F-2.#c3.D-1)[MN],(f2.#F-1.#a2)[MN],(f2.#F-1.#a2)[MN],(#c2.F-2.#F-1.#c3)[MN],(e1.#F-1.#a2.C-1.B-2.#c2)[MN],(#F-1.f2.#c3)[MN],(#a2.#F-1)[MN],(#c3.#F-1.f2.B-2.C-1)[MN],(#c3.#c2.F-2.D-1.#F-1)[MN],(#F-1.f2.#a2)[MN],(#a2.f2.#F-1)[MN],(#c2.#c3.F-2.#F-1)[MN],(#A-2.#d2.e1.#a.B-2.#f.#d1.#F-1)[MN],(#F-1.#f2.#d3)[MN],(#f2.#a2.#F-1)[MN],(#F-1.#A-2.B-2.#f2.#d3)[MN],(D-1.#F-1.#d3.#d2.F-2.f2)[MN],(#a2.#F-1.#f2)[MN],(#f2.#a2.#d2.#F-1)[MN],(#d3.#F-1.#d2.F-2)[MN],(#A-2.#a2.#F-1.e1.B-2.#d2)[MN],(#F-1.#f2.#d3)[MN],(#a2.#F-1)[MN],(#d3.B-2.#f2.#F-1.#A-2)[MN],(F-2.#F-1.#d3.#d2.D-1)[MN],(#a2.#F-1.#f2)[MN],(#f2.F-2.c3.#a2.#F-1)[MN],(#F-1.#d3.#d2)[MN],(#A-2.e1.#d2.B-2.#c3.#F-1)[MN],(#d3.#f2.#F-1)[MN],(#F-1.#a2)[MN],(#A-2.#d3.#F-1.#f2.B-2)[MN],(F-2.D-1.#d3.#d2.#F-1)[MN],(#f2.#a2.#F-1)[MN],(#f2.#F-1.#a2)[MN],(F-2.#d2.#F-1.#d3)[MN],(#d2.B-2.#F-1.e1.#A-2)[MN],(#d3.#f2.#F-1)[MN],(#a2.#F-1)[MN],(#d3.#f2.#F-1.B-2.#A-2)[MN],(#c3.F-2.#d2.#d3.#F-1.D-1)[MN],(#f2.#a2.#F-1)[MN],(#F-1.#f2.#a2)[MN],(#d3.F-2.#F-1.#a2)[MN],(#a2.#a.#D-1.#c1.#F-1.e1.f1.#c2.B-2)[MN],(#F-1.#c3.f2)[MN],(#a2.#F-1.#g2)[MN],(#f2.#F-1.f2.#D-1.B-2.#c3)[MN],(#F-1.#c3.#A-2.#c2.D-1.f2)[MN],(f2.#a2.#F-1)[MN],(f2.#F-1.#a2)[MN],(#c3.#F-1.#A-2.#c2)[MN],(#D-1.B-2.#c2.e1.#F-1)[MN],(#c3.f2.#F-1)[MN],(#a2.#F-1)[MN],(#D-1.#F-1.B-2.#c3.f2)[MN],(#F-1.D-1.#c3.#c2.#A-2)[MN],(#a2.f2.#F-1)[MN],(#a2.#F-1.f2)[MN],(#A-2.#c2.#c3.#F-1)[MN],(#D-1.f2.B-2.#F-1.#c2.e1)[MN],(#c3.#F-1.f2)[MN],(#a2.#F-1)[MN],(#c3.B-2.#F-1.#D-1.f2)[MN],(#A-2.#c3.#d2.#c2.#F-1.D-1)[MN],(#a2.#F-1.f2)[MN],(#F-1.#c2.#a2.f2)[MN],(#F-1.#c3.#A-2.#c2)[MN],(e1.#c2.B-2.#F-1.#a2.#D-1)[MN],(f2.#F-1.#c3)[MN],(#a2.#F-1)[MN],(#F-1.B-2.#D-1.f2.#c3)[MN],(#c2.#c3.#A-2.D-1.#F-1)[MN],(#a2.f2.#F-1)[MN],(#F-1.#a2.f2)[MN],(#A-2.#c3.#c2.#F-1)[MN],(B-2.c2.c1.f1.c3.a.#A-2.#F-1)[MN],(f2.#F-1.#d2)[MN],(a2.#F-1)[MN],(c3.#A-2.B-2.#F-1)[MN],(D-1.F-2.#d3.c2.#F-1.#a2)[MN],(#d2.#F-1.c3)[MN],(#F-1.a2.c3)[MN],(#F-1.c3.f2.F-2)[MN],(#F-1.B-2.#A-2.c3.#d2.c2)[MN],(#d2.f2.#F-1)[MN],(a2.#F-1)[MN],(c3.#A-2.B-2.#F-1)[MN],(c2.#d3.D-1.F-2.#F-1)[MN],(#F-1.c3.#d2)[MN],(a2.f2.#F-1)[MN],(f2.F-2.#F-1.c3)[MN],(#F-1.a2.#f2.c2.B-2.#A-2)[MN],(f2.#F-1.#d2)[MN],(#F-1.a2)[MN],(c3.#A-2.B-2.#F-1)[MN],(F-2.c2.#d3.D-1.#F-1.f2)[MN],(#F-1.#d2.c3)[MN],(a2.#F-1)[MN],(f2.F-2.#F-1.c3)[MN],(c2.B-2.#A-2.c3.#F-1.#d2)[MN],(#d2.f2.#F-1)[MN],(a2.#F-1)[MN],(c3.#F-1.B-2.#A-2)[MN],(#F-1.#d3.f2.c2.D-1.F-2)[MN],(c3.#F-1.#d2)[MN],(#d2.a2.#F-1)[MN],(#F-1.c3.f2.F-2)[MN],(#a.#c2.#c1.B-2.#a2.C-1.#F-1.f1)[MN],(#F-1.f2)[MN],(#F-1.#a2)[MN],(#F-1.#c3.f2.B-2.C-1)[MN],(#F-1.e1.D-1.F-2.#c3)[MN],(#F-1.f2.#c3)[MN],(#F-1.#a2)[MN],(F-2.#F-1.f2)[MN],(C-1.#F-1.#c2.B-2)[MN],(#c2.f2.c2.#F-1)[MN],(#a2.#A-1)[MN],(C-1.B-2.#F-1.f2)[MN],(#c3.#F-1.#c2.f2.#a2.D-1.F-2)[MN],(#F-1.f2)[MN],(#a2.#F-1)[MN],(f2.#A-1.F-2)[MN],C-1[KN],C-1[MN],(D-1.F-2)[KN],F-2[MN],C-1[KN],C-1[MN],(F-2.D-1)[KN],F-2[MN],#A-2[KN],#A-2[MN],(D-1.F-2)[KN],F-2[MN],#A-2[MN],D-1[LM],#A-2[MN],(F-2.D-1)[MN],c[MN],A-1[MN],F-1[J],F-1[I];"],"id":3,"instruments":["piano","piano"],"alternatives":["",""]}],"audition":{"start":[0,0],"end":[2,630]}}