{"baseBpm":360,"musics":[{"bpm":360,"baseBeats":0.75,"scores":["(#f2.a2)[KL],B-1[KL],(a1.#f2)[KL],b[KL],(b1.#g2)[KL],e[KL],(a1.#f2)[KL],b[KL],(#g1.e2)[KL],B-1[KL],(#f1.#d2)[KL],b[KL],(a1.#f2)[KL],E-1[KL],(#g1.e2)[KL],e[KL],(d3.b2)[KL],E-1[KL],(d2.b2)[KL],e[KL],(#c3.e2)[KL],A-1[KL],(d2.b2)[KL],e[KL],(#c2.a2)[KL],E-1[KL],(b1.#g2)[KL],e[KL],(d2.b2)[KL],A-2[KL],(#c2.a2)[KL],A-1[KL],(#f2.a2)[KL],B-1[KL],(a1.#f2)[KL],b[KL],(b1.#g2)[KL],e[KL],(a1.#f2)[KL],b[KL],(#g1.e2)[KL],B-1[KL],"],"id":1},{"bpm":360,"baseBeats":0.75,"scores":["(#f1.#d2)[KL],b[KL],(a1.#f2)[KL],E-1[KL],(#g1.e2)[KL],e[KL],(d3.b2)[KL],E-1[KL],(d2.b2)[KL],e[KL],(#c3.e2)[KL],A-1[KL],(d2.b2)[KL],e[KL],(#c2.a2)[KL],E-1[KL],(b1.#g2)[KL],e[KL],(#c2.a2)[KL],A-2[KL],(e3.#c3)[KL],A-1[KL],(#f3.d3)[KL],A-2[KL],(a3.a2)[KL],A-1[KL],(e3.#c3)[KL],"],"id":2},{"bpm":360,"baseBeats":0.75,"scores":["A-2[KL],(a3.a2)[KL],A-1[KL],(b2.#g2)[KLM],A-2[KLMN],(e3.e2)[JM],A-1[JM],(A-2.a2.#c2)[HHHJKLMN],"],"id":3}],"audition":{"start":[0,0],"end":[1,0]}}