{"baseBpm":252,"musics":[{"bpm":252,"baseBeats":0.75,"scores":["(e1.#c)[JK],(a1.A-1)[KL],#c2[KL],(#g1.#c2.e)[KL],b1[KL],a1[KL],b1[KL],(e1.#c2.a)[JK],(e1.#c2.A-1)[KL],(g1.e2)[KL],(g1.e2.d)[KL],(#f1.d2)[KL],(e1.#c2)[KL],(#f1.d2)[KL],(e1.e2.#c)[KL],#c1[KL],(#f2.a)[KL],(e2.#c1)[KL],(d2.b)[KL],(#c2.a)[KL],(b1.#g)[KL],(a1.#f)[KL],(#g1.e)[KL],(b1.d)[KL],(a1.#c)[KL],(#c2.A-1)[KL],(a1.#c2.e)[JK],(#g1.b1)[KL],d[KL],(e1.#c)[JK],(a1.A-1)[KL],#c2[KL],(#g1.#c2.e)[KL],b1[KL],(a1.E-1)[KL],b1[KL],(#c2.e1.A-1)[JK],(e1.#c2.a)[KL],(g1.e2)[KL],(g1.e2)[KL],(#f1.d2)[KL],(#g1.#c2.b)[KL],d2[KL],(e2.e1.#c1)[JK],(#f2.a.#c1)[KL],e2[KL],(#f1.d2.b)[KL],#c2[KL],(#f1.b1.#d)[KL],a1[KL],(#g1.e)[KL],(e1.a1.#c)[KL],(#f1.A-1)[KL],(#d1.b1.B-1)[KL],(e1.e)[KL],d[KL],B-1[KL],e[KL],(e1.#c)[JK],(a1.A-1)[KL],#c2[KL],(#g1.#c2.e)[KL],b1[KL],a1[KL],b1[KL],(e1.#c2.a)[JK],(e1.#c2.A-1)[KL],(g1.e2)[KL],(g1.e2.d)[KL],(#f1.d2)[KL],(e1.#c2)[KL],(#f1.d2)[KL],(e1.e2.#c)[KL],#c1[KL],(#f2.a)[KL],(e2.#c1)[KL],(d2.b)[KL],"],"id":1},{"bpm":252,"baseBeats":0.75,"scores":["TU,TU,TU,TU,TU,TU,TU,ST,TU,TU,ST,TU,TU,TU,TU,TU,TU,ST,TU,TU,TU,TU,TU,TU,ST,TU,TU,TU,TU,TU,TU,TU,TU,TU,TU,TU,TU,5<UV>,5<UV>,5<UV>,5<UV>,ST,TU,mute[LM],mute[LM],mute[LM],mute[LM],mute[LM],mute[LM],ST,ST,TU,mute[LM],mute[LM],mute[LM],mute[LM],mute[LM],mute[LM],ST,ST,TUVW,mute[LM],mute[LM],mute[LM],mute[LM],mute[LM],mute[LM],mute[LM],mute[LM],mute[LM],mute[LM],mute[LM],mute[LM],mute[LM],mute[LM],mute[LM],mute[LM],mute[LM],mute[LM],mute[LM],mute[LM],mute[LM],mute[LM],mute[LM],mute[LM],mute[LM],mute[LM],STW,TU,TU,TU,TU,TU,TU,ST,","(#c2.a)[KL],(b1.#g)[KL],(a1.#f)[KL],(#g1.e)[KL],(b1.d)[KL],(a1.#c)[KL],(#c2.A-1)[KL],(a1.#c2.e)[JK],(#g1.b1)[KL],d[KL],(e1.#c)[JK],(a1.A-1)[KL],#c2[KL],(#g1.#c2.e)[KL],b1[KL],(a1.E-1)[KL],b1[KL],(#c2.e1.A-1)[JK],(e1.#c2.a)[KL],(g1.e2)[KL],(g1.e2)[KL],(#f1.d2)[KL],(#g1.#c2.b)[KL],d2[KL],(e2.e1.#c1)[JK],(#f2.a.#c1)[KL],e2[KL],(#f1.d2.b)[KL],#c2[KL],(#f1.b1.#d)[KL],a1[KL],(#g1.e)[KL],(e1.a1.#c)[KL],(#f1.A-1)[KL],(#d1.b1.B-1)[KL],(e1.e)[KL],(a2.#c1)[KL],(#f2.#d1)[MN],e1[MN],#d1[MN],e1[MN],(b2.#d1)[MN],e1[MN],#c1[MN],#d1[MN],(e2.e1)[JK],#c1[KL],e2[LM],a2[LM],(a2.d1)[LM],#g2[LM],#f2[LM],e2[LM],(e2.b)[JK],(#c1.e1)[JK],a[KL],#c3[LM],e3[LM],(e3.b)[LM],d3[LM],#c3[LM],b2[LM],(b2.#g)[JK],e[JK],#c[KL],e2[LM],a2[LM],(a2.d)[LM],#g2[LM],#f2[LM],e2[LM],(e2.B-1)[LM],d2[LM],#c2[LM],b1[LM],(b1.#c)[LM],a1[LM],#g1[LM],#f1[LM],(#f1.A-1)[LM],e1[LM],d1[LM],#c1[LM],(#c1.e)[LM],b[LM],a[LM],#g[LM],#f[LM],e[LMN],#d[LMN],d[LMN],(e1.#c.e)[JKN],(a1.A-1)[KL],#c2[KL],(#g1.#c2.e)[KL],b1[KL],a1[KL],b1[KL],(e1.#c2.a)[JK],"],"id":2},{"bpm":252,"baseBeats":0.75,"scores":["(e1.#c2.A-1)[KL],(g1.e2)[KL],(g1.e2.d)[KL],(#f1.d2)[KL],(e1.#c2)[KL],(#f1.d2)[KL],(e1.e2.#c)[KL],#c1[KL],(#f2.a)[KL],(e2.#c1)[KL],(d2.b)[KL],(#c2.a)[KL],(b1.d1)[KL],(a1.#c1)[KL],(#f1.b.d)[KL],(a1.#d)[KL],(#g1.e)[KL],(b1.#g)[KL],(d1.A-1)[KLN],e1[KLN],(a1.#c1.a)[JKMN],(e2.e1)[JKN],#c1[KL],e2[LM],a2[LM],(a2.d1)[LM],#g2[LM],#f2[LM],e2[LM],(e2.b)[JK],(#c1.e1)[JK],a[KL],#c3[LM],e3[LM],(e3.b)[LM],d3[LM],#c3[LM],b2[LM],(b2.#g)[JK],e[JK],#c[KL],e2[LM],a2[LM],(a2.d)[LM],#g2[LM],#f2[LM],e2[LM],(e2.B-1)[LM],d2[LM],#c2[LM],b1[LM],(b1.#c)[LM],a1[LM],#g1[LM],#f1[LM],(#f1.A-1)[LM],e1[LM],d1[LM],#c1[LM],(#c1.e)[LM],b[LM],a[LM],#g[LM],#f[LM],e[LMN],#d[LMN],d[LMN],(e1.#c.e)[JKN],(a1.A-1)[KL],#c2[KL],(#g1.#c2.e)[KL],b1[KL],a1[KL],b1[KL],(e1.#c2.a)[JK],(e1.#c2.A-1)[KL],(g1.e2)[KL],(g1.e2.d)[KL],(#f1.d2)[KL],(e1.#c2)[KL],(#f1.d2)[KL],(e1.e2.#c)[KL],#c1[KL],(#f2.a)[KL],(e2.#c1)[KL],(d2.b)[KL],(#c2.a)[KL],(b1.d1)[KL],(a1.#c1)[KL],(#f1.b.d)[KL],(a1.#d)[KL],(#g1.e)[KLN],(b1.#g)[KLN],(d1.A-1)[J],e1[JL],(a1.#c1.a)[IJKL],"],"id":3}],"audition":{"start":[0,0],"end":[1,0]}}