{"baseBpm":360,"musics":[{"bpm":360,"baseBeats":0.75,"scores":["RTVW,TUVW,RTVW,TUV,RSTV,STUW,TUV,TUV,RTU,TUV,RSTV,STU,STUW,RSTV,STUW,STU,STUW,STUW,STUW,STUW,R,RU,QRUV,mute[LM],mute[LM],mute[LM],mute[LM],mute[LM],TW,TW,TW,TW,TW,TW,TW,TW,TW,T,mute[LM],mute[LM],mute[LM],mute[LM],QQU,TU,TU,TU,TU,TU,TU,TU,TU,TU,TU,TU,TU,TU,TU,TUW,TUW,TUVW,QTUVW,mute[LM],mute[LM],TU,mute[LM],mute[LM],TU,mute[LM],mute[LM],TU,mute[LM],mute[LM],TU,mute[LM],mute[LM],TU,mute[LM],mute[LM],TU,mute[LM],mute[LM],TU,mute[LM],mute[LM],TU,mute[LM],mute[LM],TU,mute[LM],mute[LM],TU,mute[LM],mute[LM],TU,mute[LM],mute[LM],TU,mute[LM],mute[LM],TU,mute[LM],mute[LM],TU,mute[LM],mute[LM],TU,mute[LM],mute[LM],TU,mute[LM],mute[LM],TU,mute[LM],mute[LM],TU,mute[LM],mute[LM],TU,mute[LM],mute[LM],TU,mute[LM],mute[LM],TU,mute[LM],mute[LM],TU,mute[LM],mute[LM],TU,mute[LM],mute[LM],TU,mute[LM],mute[LM],TU,mute[LM],mute[LM],TU,","c2[IKMN],e2[KLMN],a1[IKMN],b1[KLM],c2[IJKM],(c1.a1)[JKLN],g1[KLM],e1[KLM],(a.g1)[IKL],b[KLM],(c1.d1.#f1)[IJKM],(b.d1.g1)[JKL],d2[JKLN],(b.d1.g1.d2)[IJKM],(#a.e1)[JKLN],(#a.e1.g1.#c2)[JKL],(a.e1.#c2.g2)[JKLN],(a.e1.#c2.g2)[JKLN],(a.e1.#c2.g2)[JKLN],#g2[JKLN],(d1.a2.b1)[I],(g1.e1.g2.#c2)[IL],(d1.#f1.d2.#f2)[HI],a2[LMN],#f2[LMN],#c2[LM],d2[LM],#f2[LN],d2[LN],#g1[LN],a1[L],d2[LN],a1[L],f1[LN],#f1[L],a1[LN],#f1[L],#c1[LN],d1[L],#f1[LN],d1[L],#g[LN],a[L],d1[LN],a[L],f[LN],#f[L],a[LN],#f[L],#c[LM],d[LN],A-1[LM],#F-1[LM],D-1[HHL],(#f.a.d1)[KL],(g.b.d1)[KL],(g.b.d1)[KL],(a.c1.d1)[KL],(a.c1.d1)[KL],(f.#g.d1)[KL],(f.#g.d1)[KL],(#f.a.d1)[KL],(#f.a.d1)[KL],(g.b.d1)[KL],(#f.a.d1)[KL],(#f.a.d1)[KL],(g.b.d1)[KL],(g.b.d1)[KL],(a.c1.d1)[KLN],(a.c1.d1)[KLN],(#a.#c1.d1)[KLMN],(#a.#c1.d1)[HKLM],(g.b.d2)[LM],g2[LMN],(c1.g.e2)[KL],(d1.g.b1)[LM],d2[LM],(e1.g.d2)[KL],(d1.g.g1)[LM],b1[LM],(e1.g.c2)[KL],(#f1.g.a1)[LM],d2[LM],(g1.g.b1)[KL],(b.g.d2)[LM],g2[LM],(c1.g.e2)[KL],(d1.g.b1)[LM],d2[LM],(e1.g.c2)[KL],(d1.g.g1)[LM],b1[LM],(e1.g.c2)[KL],(#f1.g.a1)[LM],d2[LM],(g.g1)[KL],(b.d2.g1)[LM],d[LM],(c1.#f1)[KL],(b.d2.g1)[LM],d[LM],(a.#f1)[KL],(g.d2.b1)[LM],d[LM],(#f.c2)[KL],(g.d2.b1)[LM],d[LM],(a.#f1)[KL],(b.d2.g1)[LM],d[LM],(c1.#f1)[KL],(b.d2.g1)[LM],d[LM],(a.#f1)[KL],(g.d2.b1)[LM],d[LM],(e.c2)[KL],(#f.d2.a1)[LM],d[LM],(g.b1)[KL],(b.d2.g2)[LM],d[LM],(c1.#f2)[KL],(b.d2.g2)[LM],d[LM],(a.a2)[KL],(g.d2.b2)[LM],d[LM],(#f.c3)[KL],(g.d2.b2)[LM],d[LM],(a.#f2)[KL],(b.d2.g2)[LM],d[LM],(c1.#f2)[KL],(b.d2.g2)[LM],d[LM],(a.a2)[KL],(g.d2.b2)[LM],d[LM],(e.c3)[KL],(#f.d2.d3)[LM],d[LM],(g.b2)[KL],(b.d2.g1)[LM],d[LM],(c1.#f1)[KL],(b.d2.g1)[LM],d[LM],(a.a1)[KL],"],"id":1},{"bpm":360,"baseBeats":0.75,"scores":["(g.d2.b1)[LM],d[LM],(#f.a1.#d2)[KL],(#d.a1.#f2)[LM],B-1[LM],(e.g1.e2)[KL],#f[LM],B-1[LM],e[KL],b2[LM],#f2[LM],g2[KL],#f[LM],B-1[LM],e[KL],b2[LM],#f2[LM],g2[KL],(e1.g2)[LM],a[LM],d1[KL],(d1.f2)[LM],g[LM],(c1.e2)[KL],(a1.c3.e2)[LM],#f1[LM],(#g1.d2)[KL],(#g1.b2.d2)[LM],e1[LM],(a1.c2)[KL],(#f1.a2.c2)[LM],d1[LM],(g1.b1)[KL],(e1.g2.b1)[LM],d1[LM],(#c1.a1)[KL],(e1.g2.a1)[LM],a[LM],#c1[KL],(d1.a1.#f2)[LM],a[LM],(e1.g1.a1.#c2)[KL],(#f1.a1.d2)[LM],a[LM],(g1.a1.e2)[KL],(#f1.a1.d2)[LM],a[LM],(e1.g1.a1.#c2)[KL],(d1.#f1.a1.d2)[LM],a[LM],(g1.a1.e2)[KLN],(#f1.a1.d2)[LM],a[LM],(e1.g1.g2)[LMN],a[LMN],(#d1.#f1.#f2)[LM],d1[K],(c1.g1.g2)[K],b[K],(c1.a2)[KM],a[KM],#f[KMN],(d.#f2)[KM],(b.d2)[KLN],(d.g2)[JK],(c1.e2)[LMN],d[LM],(g.b1)[LM],(d.d2)[LM],(a.c2)[LM],d[LM],(b.g1)[LM],(d.b1)[LM],(e.c2)[LM],d[LM],(#f.a1)[LM],(d.d2)[LM],(g.b1)[LM],d[LM],(b.d2)[LM],(d.g2)[LM],(c1.e2)[LM],d[LM],(g.b1)[LM],(d.d2)[LM],(a.c2)[LM],d[LM],(b.g1)[LM],(d.b1)[LM],(e.c2)[LM],d[LM],(#f.a1)[LM],(d.d2)[LM],(g.b1)[KL],(g.b1.d2)[LM],g2[LM],(c2.e2)[KL],(G-1.b1)[LM],d2[LM],(a1.c2)[KL],(G-1.f.g1)[LM],b1[LM],(G-1.e.c2)[KL],(#f.G-1.a1)[LM],d2[LM],(g.G-1.b1)[KL],(g.b1.d2)[LM],g2[LM],(c2.e2)[KL],(G-1.b1)[LM],d2[LM],(a1.c2)[KL],(G-1.f.g1)[LM],b1[LM],(G-1.e.d2)[KL],(G-1.#f.a1)[LM],d2[LM],(G-1.g.g1)[K],(G-1.d2.b1)[K],(G-1.g2)[K],(G-2.c2.e2)[K],(G-1.b1)[K],(G-1.d2)[K],(G-2.e1.c2)[K],(G-1.g1)[K],(G-1.b1)[K],(G-2.e1.c2)[K],(G-1.#f1.a1)[K],(G-1.d2)[K],(G-2.g1.b1)[K],(G-1.b1.d2)[K],(G-1.g2)[K],(G-2.#f2)[LM],(G-1.c2)[LM],(G-2.#d2)[LM],(G-1.e2)[LM],(G-2.b1)[LM],(G-1.d2)[LM],(G-2.e1)[LM],(G-1.d2)[LM],(G-2.c2)[LM],(G-1.e1)[LM],(G-2.d1)[LM],(G-1.b1)[LM],(G-2.e1)[LM],(G-1.d2)[LM],(G-2.c2)[LM],"],"id":2},{"bpm":360,"baseBeats":0.75,"scores":["UV,mute[LM],mute[LM],mute[LM],mute[LM],mute[LM],mute[LM],mute[LM],mute[LM],mute[LM],mute[LM],mute[LM],mute[LM],mute[LM],mute[LM],mute[LM],mute[LM],mute[LM],mute[LM],mute[LM],mute[LM],mute[LM],mute[LM],mute[LM],mute[LM],mute[LM],mute[LM],RU,RU,mute[LM],mute[LM],mute[LM],mute[LM],mute[LM],mute[LM],RU,RU,RU,mute[LM],mute[LM],mute[LM],mute[LM],mute[LM],mute[LM],RU,RU,RU,TU,TU,TU,RU,TU,TU,TU,TU,TU,TU,TU,TU,TU,TU,TU,TU,TU,TU,TU,TU,TU,TU,TU,TU,TU,TU,TU,TU,RU,RUV,RUVW,RU,ST,ST,TU,mute[LM],mute[LM],ST,ST,ST,TU,mute[LM],mute[LM],TU,5<UV>,5<UV>,TU,mute[LM],mute[LM],TU,5<UV>,5<UV>,TU,mute[LM],mute[LM],TU,5<UV>,5<UV>,TU,mute[LM],mute[LM],mute[LM],mute[LM],mute[LM],mute[LM],mute[LM],mute[LM],mute[LM],mute[LM],TU,mute[LM],mute[LM],TU,mute[LM],mute[LM],TU,mute[LM],mute[LM],5<UV>,5<UV>,mute[LM],mute[LM],TU,mute[LM],mute[LM],TUV,mute[LM],mute[LM],TUV,TW,TU,SUVW,","(G-1.e1)[LM],(G-2.#f1)[LM],(G-1.d2)[LM],(G-2.c2)[LM],(G-1.#f1)[LM],(G-2.b1)[LM],(G-1.g1)[LM],(G-2.d2)[LM],(G-1.g2)[LM],(G-2.#f2)[LM],(G-1.c2)[LM],(G-2.#d2)[LM],(G-1.e2)[LM],(G-2.b1)[LM],(G-1.d2)[LM],(G-2.e1)[LM],(G-1.d2)[LM],(G-2.c2)[LM],(G-1.#d1)[LM],(G-2.d1)[LM],(G-1.b1)[LM],(G-2.f1.#g1)[LM],(G-1.d2)[LM],(G-2.e1.g1)[LM],(G-1.c2)[LM],(G-2.#f1.a1)[LM],(G-1.d2)[LM],(G-2.g1)[IL],D-1[IL],c1[LM],f[LM],#f[LM],a[LM],#f[LM],d1[LM],(G-1.b)[IL],(g.b.g1)[IL],(a.c1.d1)[IL],(c1.a.d.c2)[LM],f1[LM],#f1[LM],a1[LM],(c1.#f1)[LM],d2[LM],(b.g.g1.b1)[IL],(g1.g)[IL],(d.d1)[IL],(E-1.c)[KL],(F-1.A-1)[KL],(#F-1.d)[KL],(G-1.B-1)[IL],(e1.c2)[KL],(f1.a1)[KL],(#f1.d2)[KL],(g1.b1)[KL],(g1.b1)[KL],(a1.c2)[KL],(d1.g2.b1)[KL],(b.d2)[KL],(e1.b1)[KL],(c1.e2)[KL],(a.c2)[KL],(d1.#f2.a1)[KL],(b.d2)[KL],(g.b1)[KL],(c1.e2.g1)[KL],a[KL],(#f.a1)[KL],(b.#d2.#f1)[KL],(e.g1.e2)[KL],#f2[KL],g2[KL],(B-1.g2)[KL],a2[KL],f2[KL],(c.g1.e2)[IL],(f.d1.g1.b1)[ILM],(e.c1.g1.g2)[ILMN],(a2.#f2.#f1.d2)[IL],(g3.g2)[JK],(d3.d2)[JK],c1[KL],(a.e2)[LM],(d1.#f2)[LM],(a.g2)[JK],(g3.g2)[JK],(d3.d2)[JK],c1[KL],(a.e2)[LM],(d1.#f2)[LM],(a.g2)[KL],(g.b2)[M],c3[M],b2[M],(#g.a2)[MN],b2[MN],(a.c3)[KL],(#f.a2)[LM],d3[LM],(g.b2)[KL],(b.g2)[M],c1[M],b[M],(#g2.a)[MN],b[MN],(c1.a2)[KL],(a.#f2)[LM],d1[LM],(b.g2)[KL],(g.b2)[M],c3[M],b2[M],(#g.a2)[MN],b2[MN],(a.c3)[KL],(#f.a2)[LM],d3[LM],(d.#f2)[LM],d3[LM],(#f.a2)[LM],d3[LM],(g.b2)[LM],(a.c3)[LM],(b.d3)[LM],(g.g3)[LM],(g.c1.e3)[KL],(g.d1.b2)[LM],d3[LM],(g.e1.c3)[KL],(g.d1.g2)[LM],b2[LM],(g.e1.c3)[KL],(g.#f1.a2)[LM],d3[LM],(g.g1.b2)[MN],c3[MN],b2[MN],c3[MN],(g.b.d3)[LM],g3[LM],(g.c1.e3)[KL],(g.d1.b2)[LM],d3[LM],(g.e1.c3)[KL],(g.d1.g2)[LMN],b2[LMN],(g.e1.c3)[KLM],(g.#f1.a2)[KN],d3[KL],(g.g1.g2)[JLMN],"],"id":3}],"audition":{"start":[0,0],"end":[1,0]}}