{"baseBpm":630,"musics":[{"bpm":630,"baseBeats":1.5,"scores":["f2[KL],g2[KL],a2[KL],g2[KL],f2[KL],e2[KL],d2[KL],c2[KL],#a1[KL],a1[KL],g1[KL],f1[KL],e1[KL],d1[KL],(c.c1)[JK],(c1.c.#a2.g2)[JK],(c1.c.e2.g2)[JK],(f.c1.a2.f2)[IJ],f2[KL],g2[KL],a2[KL],g2[KL],f2[KL],e2[KL],d2[KL],c2[KL],#a1[KL],a1[KL],g1[KL],f1[KL],e1[KL],d1[KL],(c.c1)[JK],(c1.c.#a1.g2)[JK],(c1.c.g1.e2)[JK],(F-1.f.a1.f2)[IJ],f2[KL],g2[KL],a2[KL],g2[KL],f2[KL],e2[KL],d2[KL],c2[KL],#a1[KL],a1[KL],g1[KL],f1[KL],e1[KL],d1[KL],(c.c1)[JK],(c1.c.#a2.g2)[JK],(c1.c.e2.g2)[JK],(f.c1.a2.f2)[IJ],f2[KL],g2[KL],a2[KL],g2[KL],f2[KL],e2[KL],d2[KL],c2[KL],#a1[KL],a1[KL],g1[KL],f1[KL],e1[KL],d1[KL],(c.c1)[JK],(c1.c.#a1.g2)[JKN],(c1.c.g1.e2)[JKMN],(F-1.f.a1.f2)[IJLN],(f.a1)[KL],b1[KL],(e.c1.c2)[JK],c[JK],(f.a1)[KL],b1[KL],(e.c1.c2)[JK],c[JK],(#a.d2)[KL],e2[KL],(a.f1.f2)[JK],f[JK],(#a.d2)[KL],e2[KL],(a.f1.f2)[JK],f[JK],f2[KL],g2[KL],a2[KL],g2[KL],(F-1.f2)[KL],e2[KL],(G-1.d2)[KL],c2[KL],(A-1.#a1)[KL],a1[KL],(#A-1.g1)[KL],f1[KL],(B-1.e1)[KL],d1[KL],(c.c1)[JK],(c1.c.#a1.g2)[JK],(c1.c.g1.e2)[JK],(F-1.f.a1.f2)[IJ],(f.a1)[KL],b1[KL],(e.c1.c2)[JK],c[JK],(f.a1)[KL],b1[KL],(e.c1.c2)[JK],c[JK],(#a.d2)[KL],e2[KL],(a.f1.f2)[JK],f[JK],(#a.d2)[KL],e2[KL],(a.f1.f2)[JKN],f[JKN],f2[KL],g2[KL],a2[KL],g2[KL],(F-1.f2)[KL],e2[KL],(G-1.d2)[KL],c2[KL],(A-1.#a1)[KL],a1[KL],(#A-1.g1)[KL],f1[KL],(B-1.e1)[KL],d1[KL],(c.c1)[JK],"],"id":1},{"bpm":630,"baseBeats":1.5,"scores":["(c1.c.#a1.g2)[JKN],(c1.c.g1.e2)[JKMN],(F-1.f.a1.f2)[IJLN],c1[JK],(f.f1)[KL],a[KL],(c1.a1)[KL],a[KL],(c1.c2)[KL],a[KL],(f.d2)[KL],#a[KL],d1[KL],#a[KL],(d1.f2)[KL],#a[KL],(f.c2)[KL],a[KL],c1[KL],a[KL],(c1.f2)[KL],a[KL],(e.c2)[KL],g[KL],(c1.#a1)[KL],g[KL],(c1.g1)[KL],g[KL],(f.f1)[KL],a[KL],(c1.a1)[KL],a[KL],(c1.c2)[KL],a[KL],(#A-1.d2)[KL],f[KL],#a[KL],f[KL],(#a.f2)[KL],f[KL],(c.g1)[KL],e[KL],#a[KL],e[KL],(#a.c2)[KLM],e[KL],(f.a.f1)[IJL],c1[JK],(f.f1)[KL],a[KL],(c1.a1)[KL],a[KL],(c1.c2)[KL],a[KL],(f.d2)[KL],#a[KL],d1[KL],#a[KL],(d1.f2)[KL],#a[KL],(f.c2)[KL],a[KL],c1[KL],a[KL],(c1.f2)[KL],a[KL],(e.c2)[KL],g[KL],(c1.#a1)[KL],g[KL],(c1.g1)[KL],g[KL],(f.f1)[KL],a[KL],(c1.a1)[KL],a[KL],(c1.c2)[KL],a[KL],(#A-1.d2)[KL],f[KL],#a[KL],f[KL],(#a.f2)[KL],f[KL],(c.g1)[KL],e[KL],#a[KL],e[KLN],(#a.c2)[KLN],e[KLM],(f.a.f1)[IJL],c2[JK],(c.b1)[KL],c1[KL],(d.c2)[KL],c1[KL],(e.g1)[KL],c1[KL],(f.#a1)[KL],c1[KL],(g.a1)[KL],c1[KL],(a.c2)[KL],c1[KL],(c.b1)[KL],c1[KL],(d.c2)[KL],c1[KL],(e.g1)[KL],c1[KL],(f.#a1)[KL],c1[KL],(g.a1)[KL],c1[KL],(a.f2)[KL],c1[KL],(A-1.e2)[KL],c[KL],(f.f2)[KL],c[KL],(f.c2)[KL],c[KL],(#A-1.#c2)[KL],d[KL],(g.d2)[KL],d[KL],(g.#a1)[KL],d[KL],(c.g1)[KL],e[KL],#a[KLN],e[KL],(#a.c2)[KLN],e[KLN],(f.a.f1)[IJMN],c2[JK],(c.b1)[KL],c1[KL],(d.c2)[KL],c1[KL],(e.g1)[KL],c1[KL],(f.#a1)[KL],c1[KL],"],"id":2},{"bpm":630,"baseBeats":1.5,"scores":["(g.a1)[KL],c1[KL],(a.c2)[KL],c1[KL],(c.b1)[KL],c1[KL],(d.c2)[KL],c1[KL],(e.g1)[KL],c1[KL],(f.#a1)[KL],c1[KL],(g.a1)[KL],c1[KL],(a.f2)[KL],c1[KL],(A-1.e2)[KL],c[KL],(f.f2)[KL],c[KL],(f.c2)[KL],c[KL],(#A-1.#c2)[KL],d[KL],(g.d2)[KL],d[KL],(g.#a1)[KL],d[KL],(c.g1)[KLN],e[KLN],#a[KL],e[KLN],(#a.c2)[KLN],e[KLN],(f.a.f1)[IJLN],f2[KL],g2[KL],a2[KL],g2[KL],f2[KL],e2[KL],d2[KL],c2[KL],#a1[KL],a1[KL],g1[KL],f1[KL],e1[KL],d1[KL],(c.c1)[JK],(c1.c.#a2.g2)[JK],(c1.c.e2.g2)[JK],(f.c1.a2.f2)[IJ],f2[KL],g2[KL],a2[KL],g2[KL],f2[KL],e2[KL],d2[KL],c2[KL],#a1[KL],a1[KL],g1[KL],f1[KL],e1[KL],d1[KL],(c.c1)[JK],(c1.c.#a1.g2)[JKN],(c1.c.g1.e2)[JKM],(F-1.f.a1.f2)[IJMN],(f.a1)[KL],b1[KL],(e.c1.c2)[JK],c[JK],(f.a1)[KL],b1[KL],(e.c1.c2)[JK],c[JK],(#a.d2)[KL],e2[KL],(a.f1.f2)[JK],f[JK],(#a.d2)[KL],e2[KL],(a.f1.f2)[JK],f[JK],f2[KL],g2[KL],a2[KL],g2[KL],(F-1.f2)[KL],e2[KL],(G-1.d2)[KL],c2[KL],(A-1.#a1)[KL],a1[KL],(#A-1.g1)[KL],f1[KL],(B-1.e1)[KL],d1[KL],(c.c1)[JK],(c1.c.#a1.g2)[JKN],(c1.c.g1.e2)[JKMN],(F-1.f.a1.f2)[IJLN],(f.a1)[KL],b1[KL],(e.c1.c2)[JK],c[JK],(f.a1)[KL],b1[KL],(e.c1.c2)[JK],c[JK],(#a.d2)[KL],e2[KL],(a.f1.f2)[JK],f[JK],(#a.d2)[KL],e2[KL],(a.f1.f2)[JK],f[JK],f2[KL],g2[KL],a2[KL],g2[KL],(F-1.f2)[KL],e2[KL],(G-1.d2)[KL],c2[KL],(A-1.#a1)[KL],a1[KL],(#A-1.g1)[KL],f1[KL],(B-1.e1)[KLN],d1[KL],(c.c1)[JKMN],(c1.c.#a1.g2)[JKL],(c1.c.g1.e2)[IN],(F-1.f.a1.f2)[HK],"],"id":3}],"audition":{"start":[0,0],"end":[1,0]}}