{"baseBpm":600,"musics":[{"bpm":600,"baseBeats":1.5,"scores":["a1[JK],(d.d2)[KL],#c2[KL],(#f.a.e2)[KL],d2[KL],(#f.a.#f2)[KL],e2[KL],(d.g2)[KL],#f2[KL],(#f.a.a2)[KL],g2[KL],(#f.a.b2)[KL],a2[KL],(A-1.g2)[KL],a2[KL],(g.a.#f2)[KL],g2[KL],(g.a.e2)[KL],#f2[KL],(A-1.d2)[KL],e2[KL],(g.a.#c2)[KL],e2[KL],(g.a.g2)[KL],e2[KL],(d.d2)[KL],#c2[KL],(#f1.d1.e2)[KL],d2[KL],(#f1.d1.#f2)[KL],e2[KL],(d1.#f1.g2)[KL],#f2[KL],(d1.#f1.a2)[KL],#g2[KL],(e1.#c1.b2)[KL],a2[KL],(b.#c3)[KL],b2[KL],(d1.d3)[KL],b2[KL],(e1.#g2)[KL],e2[KL],(a.a2)[IJ],a1[JK],(d.d2)[KL],#c2[KL],(#f.a.e2)[KL],d2[KL],(#f.a.#f2)[KL],e2[KL],(d.g2)[KL],#f2[KL],(#f.a.a2)[KL],g2[KL],(#f.a.b2)[KL],a2[KL],(A-1.g2)[KL],a2[KL],(g.a.#f2)[KL],g2[KL],(g.a.e2)[KL],#f2[KL],(A-1.d2)[KL],e2[KL],(g.a.#c2)[KL],e2[KL],(g.a.g2)[KL],e2[KL],(d.d2)[KL],#c2[KL],(#f1.d1.e2)[KL],d2[KL],(#f1.d1.#f2)[KL],e2[KL],(d1.#f1.g2)[KL],#f2[KL],(d1.#f1.a2)[KL],#g2[KL],(e1.#c1.b2)[KL],a2[KL],(b.#c3)[KL],b2[KL],(d1.d3)[KL],b2[KLN],(e1.#g2)[KLN],e2[KLM],(a.a2)[IJLN],a2[KL],#g2[KL],(A-1.a.a2)[KL],#f2[KL],d2[KL],a1[KL],a2[KL],#f2[KL],(a.A-1.g2)[KL],e2[KL],#c2[KL],a1[KL],g2[KL],e2[KL],(A-1.a.#f2)[KL],d2[KL],a1[KL],#f1[KL],#f2[KL],d2[KL],(#A-1.#a.e2)[KL],#c2[KL],g1[KL],e1[KL],e2[KL],#c2[KL],(B-1.#f1)[KL],g1[KL],(b.a1)[KL],b1[KL],(b.#c2)[KL],d2[KL],(G-1.e2)[KL],#f2[KL],(g.g2)[KL],a2[KL],(g.b2)[JK],(A-1.#f1.d2)[JK],(a.g1.e2)[JK],(a.e1.#c2)[JK],(d.#f1.d2)[IJ],a2[KL],#g2[KL],(A-1.a.a2)[KL],#f2[KL],d2[KL],a1[KL],a2[KL],#f2[KL],(a.A-1.g2)[KL],e2[KL],#c2[KL],a1[KL],g2[KL],e2[KL],(A-1.a.#f2)[KL],d2[KL],a1[KL],#f1[KL],#f2[KL],d2[KL],(#A-1.#a.e2)[KL],#c2[KL],g1[KL],e1[KL],e2[KL],#c2[KL],(B-1.#f1)[KL],"],"id":1},{"bpm":600,"baseBeats":1.5,"scores":["TU,mute[KL],mute[KL],mute[KL],mute[KL],mute[KL],mute[KL],mute[KL],mute[KL],ST,ST,STW,STVW,RSTVW,mute[KL],mute[KL],SUW,mute[KL],mute[KL],ST,ST,mute[KL],mute[KL],ST,ST,mute[KL],mute[KL],ST,ST,mute[KL],mute[KL],STVW,SUW,mute[KL],mute[KL],ST,ST,mute[KL],mute[KL],ST,ST,ST,ST,RSVW,5<TU>,5<TU>,SUW,mute[KL],mute[KL],ST,ST,mute[KL],mute[KL],ST,ST,mute[KL],mute[KL],ST,ST,mute[KL],mute[KL],STVW,SUW,mute[KL],mute[KL],ST,ST,mute[KL],mute[KL],ST,ST,STW,STVW,RSUW,ST,ST,mute[KL],mute[KL],ST,ST,ST,STVW,SUW,mute[KL],mute[KL],ST,ST,ST,ST,ST,mute[KL],mute[KL],ST,ST,ST,STVW,SUW,mute[KL],mute[KL],ST,RS,ST,ST,mute[KL],mute[KL],ST,ST,ST,STVW,SUW,mute[KL],","g1[KL],(b.a1)[KL],b1[KL],(b.#c2)[KL],d2[KL],(G-1.e2)[KL],#f2[KL],(g.g2)[KL],a2[KL],(g.b2)[JK],(A-1.#f1.d2)[JK],(a.g1.e2)[JKN],(a.e1.#c2)[JKMN],(d.#f1.d2)[IJLN],a1[KN],b1[KN],#c2[KN],(D-1.d.e2)[MN],d2[JLN],(D-1.d.d2)[KL],#c2[KL],(D-1.d.d2)[JK],(d.f.a.d2)[JK],(d.f.a.d2)[KL],e2[KL],(d.f.a.f2)[JK],(d.g.a.e2)[JK],(d.g.a.e2)[KL],f2[KL],(d.g.a.g2)[JK],(g.d.a.#c2)[JK],(g.d.a.#c2)[KL],d2[KL],(g.d.a.e2)[JK],(D-1.d.e2)[MN],d2[JLN],(D-1.d.d2)[KL],#c2[KL],(D-1.d.d2)[JK],(d.f.a.d2)[JK],(d.f.a.d2)[KL],e2[KL],(d.f.a.f2)[JK],(d.g.a.e2)[JK],(d.g.a.g2)[JK],(d.g.a.#c2)[JK],(d.f.a.d2)[IJ],a1[K],b1[K],#c2[K],(D-1.d.e2)[MN],d2[JLN],(D-1.d.d2)[KL],#c2[KL],(D-1.d.d2)[JK],(d.f.a.d2)[JK],(d.f.a.d2)[KL],e2[KL],(d.f.a.f2)[JK],(d.g.a.e2)[JK],(d.g.a.e2)[KL],f2[KL],(d.g.a.g2)[JK],(g.d.a.#c2)[JK],(g.d.a.#c2)[KL],d2[KL],(g.d.a.e2)[JK],(D-1.d.e2)[MN],d2[JLN],(D-1.d.d2)[KL],#c2[KL],(D-1.d.d2)[JK],(d.f.a.d2)[JK],(d.f.a.d2)[KL],e2[KL],(d.f.a.f2)[JK],(d.g.a.e2)[JK],(d.g.a.g2)[JKN],(d.g.a.#c2)[JKMN],(d.f.a.d2)[IJLN],d2[JK],(A-1.a.#c2)[JK],(A-1.a.#c2)[KL],d2[KL],(A-1.a.e2)[JK],(g1.e1.a.a1)[JK],(g1.e1.a.b1)[JK],(g1.e1.a.#c2)[JK],(a.d1.f1.e2)[MN],d2[JLN],(a.d1.f1.d2)[KL],#c2[KL],(a.d1.f1.d2)[JK],(a.d1.f1.f2)[JK],(a.d1.f1.e2)[JK],(a.d1.f1.d2)[JK],(A-1.a.#c2)[JK],(A-1.a.#c2)[KL],d2[KL],(A-1.a.e2)[JK],(g1.e1.a.a1)[JK],(g1.e1.a.b1)[JK],(g1.e1.#c2)[JK],(d1.f1.e2)[MN],d2[JLN],(d1.f1.d2)[KL],#c2[KL],(d1.f1.d2)[JK],(d1.f1.d2)[IJ],d2[JK],(A-1.a.#c2)[JK],(A-1.a.#c2)[KL],d2[KL],(A-1.a.e2)[JK],(g1.e1.a.a1)[JK],(g1.e1.a.b1)[JK],(g1.e1.a.#c2)[JK],(a.d1.f1.e2)[MN],d2[JLN],(a.d1.f1.d2)[KL],"],"id":2},{"bpm":600,"baseBeats":1.5,"scores":["TU,ST,ST,ST,ST,ST,mute[KL],mute[KL],ST,ST,ST,STVW,SUVW,mute[KL],mute[KL],STV,RSUV,STU,mute[KL],mute[KL],mute[KL],mute[KL],mute[KL],mute[KL],mute[KL],mute[KL],mute[KL],mute[KL],mute[KL],mute[KL],mute[KL],mute[KL],mute[KL],mute[KL],mute[KL],mute[KL],mute[KL],mute[KL],mute[KL],mute[KL],mute[KL],mute[KL],mute[KL],mute[KL],mute[KL],mute[KL],mute[KL],mute[KL],mute[KL],mute[KL],mute[KL],mute[KL],mute[KL],mute[KL],mute[KL],mute[KL],mute[KL],mute[KL],mute[KL],mute[KL],RSUW,mute[KL],mute[KL],mute[KL],mute[KL],mute[KL],mute[KL],mute[KL],mute[KL],mute[KL],mute[KL],mute[KL],mute[KL],mute[KL],mute[KL],mute[KL],mute[KL],mute[KL],mute[KL],mute[KL],mute[KL],mute[KL],mute[KL],mute[KL],mute[KL],mute[KL],mute[KL],mute[KL],mute[KL],mute[KL],mute[KL],mute[KL],mute[KL],mute[KL],mute[KL],mute[KL],mute[KL],ST,ST,ST,ST,RS,mute[KL],mute[KL],mute[KL],mute[KL],mute[KL],mute[KL],mute[KL],mute[KL],mute[KL],mute[KL],mute[KL],mute[KL],mute[KL],mute[KL],mute[KL],mute[KL],mute[KL],mute[KL],mute[KL],mute[KL],mute[KL],mute[KL],mute[KL],mute[KL],mute[KL],mute[KL],mute[KL],mute[KL],mute[KL],mute[KL],mute[KL],mute[KL],mute[KL],mute[KL],mute[KL],mute[KL],STW,STVW,STUV,RV,QU,","#c2[KL],(a.d1.f1.d2)[JK],(a.d1.f1.f2)[JK],(a.d1.f1.e2)[JK],(a.d1.f1.d2)[JK],(A-1.a.#c2)[JK],(A-1.a.#c2)[KL],d2[KL],(A-1.a.e2)[JK],(g1.e1.a.a1)[JK],(g1.e1.a.b1)[JK],(g1.e1.#c2)[JK],(d1.f1.e2)[MN],d2[JLN],(d1.f1.d2)[KLN],#c2[KLN],(d1.f1.d2)[JKM],(d1.f1.d2)[IJLM],a1[JK],(d.d2)[KL],#c2[KL],(#f.a.e2)[KL],d2[KL],(#f.a.#f2)[KL],e2[KL],(d.g2)[KL],#f2[KL],(#f.a.a2)[KL],g2[KL],(#f.a.b2)[KL],a2[KL],(A-1.g2)[KL],a2[KL],(g.a.#f2)[KL],g2[KL],(g.a.e2)[KL],#f2[KL],(A-1.d2)[KL],e2[KL],(g.a.#c2)[KL],e2[KL],(g.a.g2)[KL],e2[KL],(d.d2)[KL],#c2[KL],(#f1.d1.e2)[KL],d2[KL],(#f1.d1.#f2)[KL],e2[KL],(d1.#f1.g2)[KL],#f2[KL],(d1.#f1.a2)[KL],#g2[KL],(e1.#c1.b2)[KL],a2[KL],(b.#c3)[KL],b2[KL],(d1.d3)[KL],b2[KLN],(e1.#g2)[KLN],e2[KLM],(a.a2)[IJLN],a2[KL],#g2[KL],(A-1.a.a2)[KL],#f2[KL],d2[KL],a1[KL],a2[KL],#f2[KL],(a.A-1.g2)[KL],e2[KL],#c2[KL],a1[KL],g2[KL],e2[KL],(A-1.a.#f2)[KL],d2[KL],a1[KL],#f1[KL],#f2[KL],d2[KL],(#A-1.#a.e2)[KL],#c2[KL],g1[KL],e1[KL],e2[KL],#c2[KL],(B-1.#f1)[KL],g1[KL],(b.a1)[KL],b1[KL],(b.#c2)[KL],d2[KL],(G-1.e2)[KL],#f2[KL],(g.g2)[KL],a2[KL],(g.b2)[JK],(A-1.#f1.d2)[JK],(a.g1.e2)[JK],(a.e1.#c2)[JK],(d.#f1.d2)[IJ],a2[KL],#g2[KL],(A-1.a.a2)[KL],#f2[KL],d2[KL],a1[KL],a2[KL],#f2[KL],(a.A-1.g2)[KL],e2[KL],#c2[KL],a1[KL],g2[KL],e2[KL],(A-1.a.#f2)[KL],d2[KL],a1[KL],#f1[KL],#f2[KL],d2[KL],(#A-1.#a.e2)[KL],#c2[KL],g1[KL],e1[KL],e2[KL],#c2[KL],(B-1.#f1)[KL],g1[KL],(b.a1)[KL],b1[KL],(b.#c2)[KL],d2[KL],(G-1.e2)[KL],#f2[KL],(g.g2)[KL],a2[KL],(g.b2)[JKN],(A-1.#f1.d2)[JKMN],(a.g1.e2)[JKLM],(a.e1.#c2)[IM],(d.#f1.d2)[HL],"],"id":3}],"audition":{"start":[0,0],"end":[1,0]}}