{"baseBpm":600,"musics":[{"bpm":600,"baseBeats":1.5,"scores":["e2[JK],(a.#c1.a2)[JK],(e1.#c1.a1)[JK],(b.d1)[JK],(a.#c1.#c3)[JK],(e1.#c1.a1)[JK],(b.d1)[JK],(a.#c1.e3)[JK],(e1.#c1.a1)[JK],(b.d1)[JK],(a.#c1.#c3)[KL],d3[KL],#c3[KL],b2[KL],a2[JK],(e.b2)[KL],#c3[KL],(#g.b2)[KL],#g2[KL],(b.e2)[KL],#g2[KL],(e.b2)[KL],#c3[KL],(#g.b2)[KL],#g2[KL],(b.e2)[KL],#g2[KL],(B-1.b2)[KL],a2[KL],(a.b.#g2)[KL],#f2[KL],(a.b.e2)[KL],#d2[KL],(e.#g.b.e2)[IJ],e2[JK],(a.#c1.a2)[JK],(e1.#c1.a1)[JK],(b.d1)[JK],(a.#c1.#c3)[JK],(e1.#c1.a1)[JK],(b.d1)[JK],(a.#c1.e3)[JK],(e1.#c1.a1)[JK],(b.d1)[JK],(a.#c1.#c3)[KL],d3[KL],#c3[KL],b2[KL],a2[JK],(e.b2)[KL],#c3[KL],(#g.b2)[KL],#g2[KL],(b.e2)[KL],#g2[KL],(e.b2)[KL],#c3[KL],(#g.b2)[KL],#g2[KL],(b.e2)[KL],#g2[KL],(B-1.b2)[KL],a2[KL],(a.b.#g2)[KL],#f2[KLN],(a.b.e2)[KLN],#d2[KLN],(e.#g.b.e2)[IJLN],e2[JK],(d1.#f2)[KL],e1[KL],(d1.b1)[KL],e1[KL],(d1.b1)[KL],e1[KL],(d1.b1)[KL],e1[KL],d1[KL],e1[KL],(d1.#c2)[KL],(e1.d2)[KL],(#c1.e2)[KL],e1[KL],(#c1.a1)[KL],e1[KL],(#c1.a1)[KL],e1[KL],(#c1.a1)[KL],e1[KL],#c1[KL],e1[KL],(#c1.b1)[KL],(e1.#c2)[KL],(d.b.d2)[KL],#c2[KL],(d.b.b1)[KL],a1[KL],(d.b.#g1)[KL],#f1[KL],(e.b.d1.e1)[KL],#f1[KL],(e.b.d1.#g1)[KL],a1[KL],(e.b.d1.b1)[KL],#g1[KL],(a.a1)[KL],#c2[KL],(e.d2)[KL],e2[KL],(#c.#f2)[KL],#g2[KL],(A-1.a2)[IJ],e2[JK],(d1.#f2)[KL],e1[KL],(d1.b1)[KL],e1[KL],(d1.b1)[KL],e1[KL],(d1.b1)[KL],e1[KL],d1[KL],e1[KL],(d1.#c2)[KL],(e1.d2)[KL],(#c1.e2)[KL],e1[KL],(#c1.a1)[KL],e1[KL],(#c1.a1)[KL],e1[KL],(#c1.a1)[KL],e1[KL],#c1[KL],"],"id":1},{"bpm":600,"baseBeats":1.5,"scores":["e1[KL],(#c1.b1)[KL],(e1.#c2)[KL],(d.b.d2)[KL],#c2[KL],(d.b.b1)[KL],a1[KL],(d.b.#g1)[KL],#f1[KL],(e.b.d1.e1)[KL],#f1[KL],(e.b.d1.#g1)[KL],a1[KL],(e.b.d1.b1)[KL],#g1[KL],(a.a1)[KL],#c2[KLN],(e.d2)[KL],e2[KLN],(#c.#f2)[KLN],#g2[KLN],(A-1.a2)[IJLM],(e1.e3.e2)[JK],(e1.e3.e2)[JK],(#d1.#d3.#d2)[JK],(d1.d3.d2)[JK],(#c1.#c3.#c2)[IJ],(a.A-1.a1.#c2)[JK],(a.A-1.b1.d2)[JK],(a.A-1.b1.d2)[KL],(#c2.e2)[KL],(a.A-1.d2.#f2)[JK],(a.A-1.#c2.e2)[IJ],(e1.e3.e2)[JK],(e1.e3.e2)[JK],(#d1.#d3.#d2)[JK],(d1.d3.d2)[JK],(#c1.#c3.#c2)[IJ],(#c1.a.a1)[JK],(e.d1.b1)[JK],(e.d1.e2)[KL],d2[KL],(e.d1.#c2)[KL],b1[KL],(a.#c1.a1)[IJ],(e1.e3.e2)[JK],(e1.e3.e2)[JK],(#d1.#d3.#d2)[JK],(d1.d3.d2)[JK],(#c1.#c3.#c2)[IJ],(a.A-1.a1.#c2)[JK],(a.A-1.b1.d2)[JK],(a.A-1.b1.d2)[KL],(#c2.e2)[KLN],(a.A-1.d2.#f2)[JKN],(a.A-1.#c2.e2)[IJL],(e1.e3.e2)[JK],(e1.e3.e2)[JK],(#d1.#d3.#d2)[JK],(d1.d3.d2)[JK],(#c1.#c3.#c2)[IJ],(#c1.a.a1)[JK],(e.d1.b1)[JK],(e.d1.e2)[KLN],d2[KL],(e.d1.#c2)[KLM],b1[KLN],(a.#c1.a1)[IJLN],a1[JK],(d.d2.#f2)[KL],a1[KL],(a.e2.g2)[KL],a1[KL],(A-1.#c2.e2)[KL],a1[KL],(d.d2.#f2)[KL],a1[KL],(a.e2.g2)[KL],a1[KL],(A-1.#c2.e2)[KL],a1[KL],(d.d2.#f2)[KL],a1[KL],(a.e2.g2)[KLN],a1[KL],(A-1.#c2.e2)[KLN],a1[KLN],(d.d2.#f2)[IJL],(e3.e2)[JK],(e.#g.e3.e2)[JK],(#f.a.#d3.#d2)[JK],(#g.b.d3.d2)[JK],(a.#c1.#c3.#c2)[JK],(b.d1)[JK],(e1.#c1.a1)[JK],(e.d1.#g1.b1)[JK],(e.d1.e2)[KL],d2[KLN],(e.d1.#c2)[KLN],b1[KLM],(a.#c1.a1)[IJLN],a1[JK],(d.d2.#f2)[KL],a1[KL],(a.e2.g2)[KL],a1[KL],(A-1.#c2.e2)[KL],a1[KL],(d.d2.#f2)[KL],a1[KL],(a.e2.g2)[KL],a1[KL],(A-1.#c2.e2)[KL],a1[KL],"],"id":2},{"bpm":600,"baseBeats":1.5,"scores":["(d.d2.#f2)[KL],a1[KL],(a.e2.g2)[KL],a1[KLN],(A-1.#c2.e2)[KL],a1[KLN],(d.d2.#f2)[IJL],(e3.e2)[JK],(e.#g.e3.e2)[JK],(#f.a.#d3.#d2)[JK],(#g.b.d3.d2)[JK],(a.#c1.#c3.#c2)[JK],(b.d1)[JK],(e1.#c1.a1)[JK],(e.d1.#g1.b1)[JK],(e.d1.e2)[KLN],d2[KL],(e.d1.#c2)[KLM],b1[KLN],(a.#c1.a1)[IJLN],e2[JK],(a.#c1.a2)[JK],(e1.#c1.a1)[JK],(b.d1)[JK],(a.#c1.#c3)[JK],(e1.#c1.a1)[JK],(b.d1)[JK],(a.#c1.e3)[JK],(e1.#c1.a1)[JK],(b.d1)[JK],(a.#c1.#c3)[KL],d3[KL],#c3[KL],b2[KL],a2[JK],(e.b2)[KL],#c3[KL],(#g.b2)[KL],#g2[KL],(b.e2)[KL],#g2[KL],(e.b2)[KL],#c3[KL],(#g.b2)[KL],#g2[KL],(b.e2)[KL],#g2[KL],(B-1.b2)[KL],a2[KL],(a.b.#g2)[KLN],#f2[KLN],(a.b.e2)[KLN],#d2[KLN],(e.#g.b.e2)[IJLM],e2[JK],(d1.#f2)[KL],e1[KL],(d1.b1)[KL],e1[KL],(d1.b1)[KL],e1[KL],(d1.b1)[KL],e1[KL],d1[KL],e1[KL],(d1.#c2)[KL],(e1.d2)[KL],(#c1.e2)[KL],e1[KL],(#c1.a1)[KL],e1[KL],(#c1.a1)[KL],e1[KL],(#c1.a1)[KL],e1[KL],#c1[KL],e1[KL],(#c1.b1)[KL],(e1.#c2)[KL],(d.b.d2)[KL],#c2[KL],(d.b.b1)[KL],a1[KL],(d.b.#g1)[KL],#f1[KL],(e.b.d1.e1)[KL],#f1[KL],(e.b.d1.#g1)[KL],a1[KL],(e.b.d1.b1)[KL],#g1[KL],(a.a1)[KL],#c2[KL],(e.d2)[KL],e2[KL],(#c.#f2)[KL],#g2[KL],(A-1.a2)[IJ],e2[JK],(d1.#f2)[KL],e1[KL],(d1.b1)[KL],e1[KL],(d1.b1)[KL],e1[KL],(d1.b1)[KL],e1[KL],d1[KL],e1[KL],(d1.#c2)[KL],(e1.d2)[KL],(#c1.e2)[KL],e1[KL],(#c1.a1)[KL],e1[KL],(#c1.a1)[KL],e1[KL],(#c1.a1)[KL],e1[KL],#c1[KL],e1[KL],(#c1.b1)[KL],(e1.#c2)[KL],(d.b.d2)[KL],#c2[KL],(d.b.b1)[KL],a1[KL],(d.b.#g1)[KL],#f1[KL],(e.b.d1.e1)[KL],#f1[KL],(e.b.d1.#g1)[KL],a1[KL],(e.b.d1.b1)[KL],#g1[KLN],(a.a1)[KLN],#c2[KLM],(e.d2)[KLM],e2[J],(#c.#f2)[J],#g2[JL],(A-1.a2)[HJ],"],"id":3}],"audition":{"start":[0,0],"end":[1,0]}}