{"baseBpm":720,"musics":[{"bpm":720,"baseBeats":1.5,"scores":["STV,mute[KL],mute[KL],mute[KL],mute[KL],mute[KL],mute[KL],mute[KL],mute[KL],mute[KL],mute[KL],mute[KL],mute[KL],mute[KL],mute[KL],mute[KL],mute[KL],mute[KL],mute[KL],mute[KL],mute[KL],mute[KL],mute[KL],mute[KL],mute[KL],mute[KL],mute[KL],mute[KL],mute[KL],mute[KL],mute[KL],mute[KL],mute[KL],mute[KL],mute[KL],mute[KL],mute[KL],mute[KL],mute[KL],mute[KL],mute[KL],mute[KL],mute[KL],RSV,STVW,mute[KL],mute[KL],mute[KL],mute[KL],mute[KL],mute[KL],mute[KL],mute[KL],mute[KL],mute[KL],mute[KL],mute[KL],mute[KL],mute[KL],mute[KL],mute[KL],mute[KL],mute[KL],mute[KL],mute[KL],mute[KL],mute[KL],mute[KL],mute[KL],mute[KL],mute[KL],mute[KL],mute[KL],mute[KL],mute[KL],mute[KL],mute[KL],mute[KL],mute[KL],mute[KL],mute[KL],mute[KL],mute[KL],mute[KL],mute[KL],mute[KL],mute[KL],RSUW,STW,mute[KL],mute[KL],mute[KL],mute[KL],mute[KL],mute[KL],mute[KL],mute[KL],mute[KL],mute[KL],mute[KL],mute[KL],mute[KL],mute[KL],mute[KL],mute[KL],mute[KL],mute[KL],mute[KL],mute[KL],mute[KL],mute[KL],mute[KL],mute[KL],mute[KL],mute[KL],mute[KL],mute[KL],mute[KL],mute[KL],mute[KL],mute[KL],mute[KL],mute[KL],mute[KL],mute[KL],mute[KL],mute[KL],mute[KL],mute[KL],STW,RSV,STW,mute[KL],mute[KL],mute[KL],mute[KL],mute[KL],mute[KL],mute[KL],mute[KL],mute[KL],mute[KL],mute[KL],mute[KL],mute[KL],mute[KL],mute[KL],mute[KL],mute[KL],mute[KL],mute[KL],mute[KL],mute[KL],mute[KL],mute[KL],mute[KL],mute[KL],mute[KL],mute[KL],mute[KL],mute[KL],mute[KL],mute[KL],mute[KL],mute[KL],mute[KL],mute[KL],mute[KL],mute[KL],mute[KL],mute[KL],mute[KL],STV,RSUW,ST,ST,ST,ST,ST,5<TU>,mute[KL],ST,ST,ST,ST,ST,5<TU>,mute[KL],ST,ST,5<TU>,mute[KL],ST,ST,ST,ST,ST,ST,STVW,RSU,ST,ST,ST,ST,ST,5<TU>,mute[KL],ST,ST,ST,ST,ST,5<TU>,mute[KL],ST,ST,5<TU>,mute[KL],ST,ST,ST,ST,ST,STW,STV,RSU,ST,ST,5<TU>,mute[KL],ST,ST,ST,ST,ST,5<TU>,mute[KL],ST,ST,ST,ST,ST,5<TU>,mute[KL],ST,ST,ST,ST,ST,ST,ST,RS,ST,ST,5<TU>,mute[KL],","a1[JK],(d2.d)[KL],(e2.#c)[KL],(#f2.d)[KL],(g2.#c)[KL],(a2.d)[KL],(b2.#c)[KL],(#c3.d)[KL],#c[KL],d[KL],#c[KL],(d3.d)[KL],#c[KL],(d2.#f2.d)[KL],#c[KL],(d2.#f2.d)[KL],#c[KL],(e2.g2.d)[KL],#c[KL],(a2.#f2.d)[KL],#c[KL],d[KL],#c[KL],(d2.#f2.d)[KL],#c[KL],(d2.d)[KL],(e2.#c)[KL],(#f2.d)[KL],(g2.#c)[KL],(a2.d)[KL],(b2.#c)[KL],(#c3.d)[KL],#c[KL],d[KL],#c[KL],(d3.d)[KL],#c[KL],(d2.#f2.d)[KL],#c[KL],(g2.e2.d)[KL],#c[KLN],(a1.e2.d)[KLN],#c[KL],(#f1.d2.d)[IJM],a1[JK],(d2.d)[KL],(e2.#c)[KL],(#f2.d)[KL],(g2.#c)[KL],(a2.d)[KL],(b2.#c)[KL],(#c3.d)[KL],#c[KL],d[KL],#c[KL],(d3.d)[KL],#c[KL],(d2.#f2.d)[KL],#c[KL],(d2.#f2.d)[KL],#c[KL],(e2.g2.d)[KL],#c[KL],(a2.#f2.d)[KL],#c[KL],d[KL],#c[KL],(d2.#f2.d)[KL],#c[KL],(d2.d)[KL],(e2.#c)[KL],(#f2.d)[KL],(g2.#c)[KL],(a2.d)[KL],(b2.#c)[KL],(#c3.d)[KL],#c[KL],d[KL],#c[KL],(d3.d)[KL],#c[KL],(d2.#f2.d)[KL],#c[KL],(g2.e2.d)[KL],#c[KLN],(a1.e2.d)[KLN],#c[KLN],(#f1.d2.d)[IJLN],a1[JK],(a2.A-1)[KL],(g2.#G-1)[KL],(#f2.A-1)[KL],(e2.#G-1)[KL],(d2.A-1)[KL],(#c2.#G-1)[KL],(b1.A-1)[KL],#G-1[KL],A-1[KL],#G-1[KL],(a1.A-1)[KL],#G-1[KL],(a1.e2.A-1)[KL],#G-1[KL],(a1.e2.A-1)[KL],#G-1[KL],(d2.#f2.A-1)[KL],#G-1[KL],(e2.g2.A-1)[KL],#G-1[KL],A-1[KL],#G-1[KL],(a1.e2.A-1)[KL],#G-1[KL],(a2.A-1)[KL],(g2.#G-1)[KL],(#f2.A-1)[KL],(e2.#G-1)[KL],(d2.A-1)[KL],(#c2.#G-1)[KL],(b1.A-1)[KL],#G-1[KL],A-1[KL],#G-1[KL],(a1.A-1)[KL],#G-1[KL],(a1.e2.A-1)[KL],#G-1[KL],(g2.e2.A-1)[KL],#G-1[KLN],(a1.e2.A-1)[JKN],(#f1.d2.d)[IJM],a1[JK],(a2.A-1)[KL],(g2.#G-1)[KL],(#f2.A-1)[KL],(e2.#G-1)[KL],(d2.A-1)[KL],(#c2.#G-1)[KL],(b1.A-1)[KL],#G-1[KL],A-1[KL],#G-1[KL],(a1.A-1)[KL],#G-1[KL],(a1.e2.A-1)[KL],#G-1[KL],(a1.e2.A-1)[KL],#G-1[KL],(d2.#f2.A-1)[KL],#G-1[KL],(e2.g2.A-1)[KL],#G-1[KL],A-1[KL],#G-1[KL],(a1.e2.A-1)[KL],#G-1[KL],(a2.A-1)[KL],(g2.#G-1)[KL],(#f2.A-1)[KL],(e2.#G-1)[KL],(d2.A-1)[KL],(#c2.#G-1)[KL],(b1.A-1)[KL],#G-1[KL],A-1[KL],#G-1[KL],(a1.A-1)[KL],#G-1[KL],(a1.e2.A-1)[KL],#G-1[KL],(g2.e2.A-1)[KL],#G-1[KLN],(a1.e2.A-1)[JKM],(#f1.d2.d)[IJLN],a2[JK],(d3.d1.#f1.a1)[JK],(d3.d1.#f1.a1)[JK],(d3.d1.#f1.a1)[JK],(d3.d1.g1.b1)[JK],(e3.d1.g1.b1)[LM],d3[LM],#c3[KL],(d3.d1.g1.b1)[JK],(d3.d1.#f1.a1)[JK],(d3.d1.#f1.a1)[JK],(d3.d1.#f1.a1)[JK],(d3.d1.g1.b1)[JK],(e3.d1.g1.b1)[LM],d3[LM],#c3[KL],(d3.d1.g1.b1)[JK],(d3.d1.g1.b1)[JK],(e3.d1.g1.b1)[LM],d3[LM],#c3[KL],(d3.d1.g1.b1)[JK],(#c3.a.e1.g1)[JK],(d3.a.e1.g1)[JK],(e3.a.e1.g1)[JK],(a2.a.e1.g1)[JK],(b2.a.e1.g1)[JK],(#c3.a.e1.g1)[JKMN],(d3.#f1.d1)[IJL],a2[JK],(d3.d1.#f1.a1)[JK],(d3.d1.#f1.a1)[JK],(d3.d1.#f1.a1)[JK],(d3.d1.g1.b1)[JK],(e3.d1.g1.b1)[LM],d3[LM],#c3[KL],(d3.d1.g1.b1)[JK],(d3.d1.#f1.a1)[JK],(d3.d1.#f1.a1)[JK],(d3.d1.#f1.a1)[JK],(d3.d1.g1.b1)[JK],(e3.d1.g1.b1)[LM],d3[LM],#c3[KL],(d3.d1.g1.b1)[JK],(d3.d1.g1.b1)[JK],(e3.d1.g1.b1)[LM],d3[LM],#c3[KL],(d3.d1.g1.b1)[JK],(#c3.a.e1.g1)[JK],(d3.a.e1.g1)[JK],(e3.a.e1.g1)[JK],(a2.a.e1.g1)[JK],(b2.a.e1.g1)[JKN],(#c3.a.e1.g1)[JKM],(d3.#f1.d1)[IJL],a1[JK],(#c2.a.e1.g1)[JK],(d2.a.e1.g1)[LM],#c2[LM],b1[KL],(#c2.a.e1.g1)[JK],(e2.a.e1.g1)[JK],(#c2.a.e1.g1)[JK],(a1.a.e1.g1)[JK],(#c2.a.e1.g1)[JK],(d2.a.e1.g1)[LM],#c2[LM],b1[KL],(#c2.a.e1.g1)[JK],(e2.a.e1.g1)[JK],(#c2.a.e1.g1)[JK],(a1.a.e1.g1)[JK],#c3[JK],(d3.a1.e2.g2)[LM],#c3[LM],b2[KL],(#c3.a1.e2.g2)[JK],(e3.a1.e2.g2)[JK],(#c3.a1.e2.g2)[JK],(e3.a1.e2.g2)[JK],(a2.a1.e2.g2)[JK],(b2.a1.e2.g2)[JK],(#c3.a1.e2.g2)[JK],(d3.d2.#f2)[IJ],a1[JK],(#c2.a.e1.g1)[JK],(d2.a.e1.g1)[LM],#c2[LM],b1[KL],"],"id":1},{"bpm":720,"baseBeats":1.5,"scores":["ST,ST,ST,ST,ST,5<TU>,mute[KL],ST,ST,ST,ST,ST,5<TU>,mute[KL],ST,ST,ST,ST,STV,STW,STV,RSU,ST,ST,5<TU>,mute[KL],ST,ST,ST,ST,ST,5<TU>,mute[KL],ST,ST,ST,ST,ST,5<TU>,mute[KL],ST,ST,ST,ST,ST,ST,ST,STW,STW,STUVW,mute[KL],mute[KL],mute[KL],mute[KL],mute[KL],mute[KL],mute[KL],mute[KL],mute[KL],mute[KL],mute[KL],mute[KL],mute[KL],mute[KL],mute[KL],mute[KL],mute[KL],mute[KL],mute[KL],mute[KL],mute[KL],mute[KL],mute[KL],mute[KL],mute[KL],mute[KL],mute[KL],mute[KL],mute[KL],mute[KL],mute[KL],mute[KL],mute[KL],mute[KL],mute[KL],mute[KL],mute[KL],mute[KL],mute[KL],mute[KL],mute[KL],mute[KL],mute[KL],mute[KL],mute[KL],mute[KL],mute[KL],mute[KL],STV,ST,ST,ST,ST,ST,ST,ST,ST,STW,STV,STU,ST,5<TU>,mute[KL],ST,ST,ST,ST,mute[KL],mute[KL],mute[KL],mute[KL],ST,mute[KL],mute[KL],mute[KL],mute[KL],ST,mute[KL],mute[KL],mute[KL],mute[KL],ST,mute[KL],mute[KL],mute[KL],mute[KL],mute[KL],mute[KL],ST,mute[KL],mute[KL],ST,ST,ST,ST,ST,5<TU>,mute[KL],ST,ST,ST,ST,mute[KL],mute[KL],mute[KL],mute[KL],ST,mute[KL],mute[KL],mute[KL],mute[KL],ST,mute[KL],mute[KL],mute[KL],mute[KL],ST,mute[KL],mute[KL],mute[KL],mute[KL],mute[KL],mute[KL],ST,mute[KL],mute[KL],ST,ST,ST,ST,ST,5<TU>,mute[KL],ST,ST,5<TU>,mute[KL],ST,mute[KL],mute[KL],mute[KL],mute[KL],ST,mute[KL],mute[KL],mute[KL],mute[KL],ST,ST,5<TU>,mute[KL],ST,ST,5<TU>,mute[KL],ST,ST,ST,mute[KL],mute[KL],ST,ST,ST,ST,5<TU>,mute[KL],ST,ST,5<TU>,mute[KL],ST,mute[KL],mute[KL],mute[KL],mute[KL],ST,mute[KL],mute[KL],mute[KL],mute[KL],ST,ST,5<TU>,mute[KL],ST,ST,5<TU>,mute[KL],ST,ST,5<TU>,mute[KL],ST,","(#c2.a.e1.g1)[JK],(e2.a.e1.g1)[JK],(#c2.a.e1.g1)[JK],(a1.a.e1.g1)[JK],(#c2.a.e1.g1)[JK],(d2.a.e1.g1)[LM],#c2[LM],b1[KL],(#c2.a.e1.g1)[JK],(e2.a.e1.g1)[JK],(#c2.a.e1.g1)[JK],(a1.a.e1.g1)[JK],#c3[JK],(d3.a1.e2.g2)[LM],#c3[LM],b2[KL],(#c3.a1.e2.g2)[JK],(e3.a1.e2.g2)[JK],(#c3.a1.e2.g2)[JK],(e3.a1.e2.g2)[JK],(a2.a1.e2.g2)[JKM],(b2.a1.e2.g2)[JKN],(#c3.a1.e2.g2)[JKM],(d3.d2.#f2)[IJL],a1[JK],(d2.d1)[JK],e2[LM],d2[LM],#c2[KL],d2[JK],(#f2.#f1)[JK],(d2.d1)[JK],(a1.a)[JK],(d2.d1)[JK],e2[LM],d2[LM],#c2[KL],d2[JK],(#f2.#f1)[JK],(d2.d1)[JK],(a1.a)[JK],(d2.d1)[JK],e2[LM],d2[LM],#c2[KL],d2[JK],(#f2.#f1)[JK],(d2.d1)[JK],(#a1.#a)[JK],(b1.b)[JK],(d2.d1)[JK],(#f1.#f)[JK],(g1.g)[JKN],(b1.b)[JKN],(#d1.#d)[JKMN],(e.E-1)[KL],e1[KL],(#d.#D-1)[KL],#d1[KL],(e.E-1)[KL],e1[KL],(#f.#F-1)[KL],#f1[KL],(e.E-1)[KL],e1[KL],(#f.#F-1)[KL],#f1[KL],(g.G-1)[KL],g1[KL],(#f.#F-1)[KL],#f1[KL],(g.G-1)[KL],g1[KL],(#g.#G-1)[KL],#g1[KL],(#f.#F-1)[KL],#f1[KL],(#g.#G-1)[KL],#g1[KL],(a1.A-1)[KL],d2[KL],(d1.#f1.a)[KL],d2[KL],(d1.#f1.a)[KL],d2[KL],(d1.#f1.B-1)[KL],d2[KL],(d1.#f1.b)[KL],d2[KL],(d1.#f1.b)[KL],d2[KL],(e1.b1.G-1)[KL],d2[KL],(e1.b1.g)[KL],d2[KL],(e1.b1.g)[KL],d2[KL],(e1.g1.A-1)[KL],#c2[KL],(e1.g1.a)[KLN],#c2[KLN],(e1.g1.a)[KLN],#c2[KLN],(#f1.d2.d)[JKM],d2[JK],d2[JK],d2[JK],d2[JK],d2[JK],d2[JK],d2[JK],d2[JK],d2[JKN],d2[JKM],d2[JKL],(d2.#A-1.d.f)[JK],(#d2.#A-1.d.f)[LM],d2[LM],c2[KL],(d2.#A-1.d.f)[JK],(f2.#A-1.d.f)[JK],(d2.#A-1.d.f)[JK],(#a1.#A-1.d.f)[JK],(a1.#A-1.#d.f)[KL],#a1[KL],(c2.#A-1.#d.f)[KL],d2[KL],(#d2.#A-1.#d.f)[JK],(f1.#A-1.#d.f)[KL],g1[KL],(a1.#A-1.#d.f)[KL],#a1[KL],(c2.#A-1.#d.f)[JK],(#a1.#A-1.d.f)[KL],c2[KL],(d2.#A-1.d.f)[KL],#d2[KL],(f2.#A-1.d.f)[JK],(d2.#A-1.d.f)[KL],#d2[KL],(f2.#A-1.d.f)[KL],g2[KL],(a2.#A-1.d.f)[KL],#a2[KL],(a2.#A-1.#d.f)[JK],(c3.#A-1.#d.f)[KL],a2[KL],(f2.#A-1.#d.f)[JK],(#a2.#A-1.d.f)[JK],(#A-1.d.f)[JK],(#A-1.d.f)[JK],(d2.#A-1.d.f)[JK],(#d2.#A-1.d.f)[LM],d2[LM],c2[KL],(d2.#A-1.d.f)[JK],(f2.#A-1.d.f)[JK],(d2.#A-1.d.f)[JK],(#a1.#A-1.d.f)[JK],(a1.#A-1.#d.f)[KL],#a1[KL],(c2.#A-1.#d.f)[KL],d2[KL],(#d2.#A-1.#d.f)[JK],(f1.#A-1.#d.f)[KL],g1[KL],(a1.#A-1.#d.f)[KL],#a1[KL],(c2.#A-1.#d.f)[JK],(#a1.#A-1.d.f)[KL],c2[KL],(d2.#A-1.d.f)[KL],#d2[KL],(f2.#A-1.d.f)[JK],(d2.#A-1.d.f)[KL],#d2[KL],(f2.#A-1.d.f)[KL],g2[KL],(a2.#A-1.d.f)[KL],#a2[KL],(a2.#A-1.#d.f)[JK],(c3.#A-1.#d.f)[KL],a2[KL],(f2.#A-1.#d.f)[JK],(#a2.#A-1.d.f)[JK],(#A-1.d.f)[JK],(#A-1.d.f)[JK],(f2.A-1.#d.f)[JK],(g2.A-1.#d.f)[LM],f2[LM],e2[KL],(f2.A-1.#d.f)[JK],(f2.c.#d.f)[JK],(g2.c.#d.f)[LM],f2[LM],e2[KL],(f2.c.#d.f)[JK],(f2.#A-1.d.f)[KL],#d2[KL],(d2.#A-1.d.f)[KL],c2[KL],(#a1.#A-1.d.f)[JK],(f2.#A-1.d.f)[KL],#d2[KL],(d2.#A-1.d.f)[KL],c2[KL],(#a1.#A-1.d.f)[JK],(f2.A-1.#d.f)[JK],(g2.A-1.#d.f)[LM],f2[LM],e2[KL],(f2.A-1.#d.f)[JK],(f2.c.#d.f)[JK],(g2.c.#d.f)[LM],f2[LM],e2[KL],(f2.c.#d.f)[JK],(f2.#A-1.d.f)[JK],(f2.#A-1.d.f)[JK],(g2.#A-1.d.f)[KL],a2[KL],(#a2.#A-1.d.f)[JK],(#A-1.d.f)[JK],(#A-1.d.f)[JK],(f2.A-1.#d.f)[JK],(g2.A-1.#d.f)[LM],f2[LM],e2[KL],(f2.A-1.#d.f)[JK],(f2.c.#d.f)[JK],(g2.c.#d.f)[LM],f2[LM],e2[KL],(f2.c.#d.f)[JK],(f2.#A-1.d.f)[KL],#d2[KL],(d2.#A-1.d.f)[KL],c2[KL],(#a1.#A-1.d.f)[JK],(f2.#A-1.d.f)[KL],#d2[KL],(d2.#A-1.d.f)[KL],c2[KL],(#a1.#A-1.d.f)[JK],(f2.A-1.d.f)[JK],(g2.A-1.d.f)[LM],f2[LM],e2[KL],(f2.A-1.d.f)[JK],(f2.A-1.d.f)[JK],(g2.A-1.d.f)[LM],f2[LM],e2[KL],(f2.A-1.d.f)[JK],(f2.#G-1.B-1.d.f)[JK],(g2.#G-1.B-1.d.f)[LM],f2[LM],e2[KL],(f2.#G-1.B-1.d.f)[JK],"],"id":2},{"bpm":720,"baseBeats":1.5,"scores":["STW,5<TU>,mute[KL],STUVW,mute[KL],mute[KL],mute[KL],mute[KL],mute[KL],mute[KL],mute[KL],mute[KL],mute[KL],mute[KL],mute[KL],mute[KL],mute[KL],mute[KL],mute[KL],mute[KL],mute[KL],mute[KL],mute[KL],mute[KL],mute[KL],mute[KL],mute[KL],mute[KL],mute[KL],mute[KL],mute[KL],mute[KL],mute[KL],mute[KL],mute[KL],mute[KL],mute[KL],mute[KL],mute[KL],mute[KL],mute[KL],mute[KL],mute[KL],mute[KL],mute[KL],mute[KL],mute[KL],mute[KL],mute[KL],mute[KL],mute[KL],mute[KL],mute[KL],mute[KL],5<TU>,mute[KL],mute[KL],mute[KL],mute[KL],mute[KL],mute[KL],mute[KL],mute[KL],mute[KL],mute[KL],mute[KL],mute[KL],mute[KL],mute[KL],mute[KL],mute[KL],mute[KL],mute[KL],mute[KL],mute[KL],mute[KL],mute[KL],mute[KL],5<TU>,mute[KL],mute[KL],mute[KL],mute[KL],mute[KL],mute[KL],mute[KL],mute[KL],mute[KL],mute[KL],mute[KL],mute[KL],mute[KL],mute[KL],mute[KL],mute[KL],mute[KL],mute[KL],mute[KL],mute[KL],mute[KL],mute[KL],mute[KL],5<TU>,mute[KL],mute[KL],mute[KL],mute[KL],mute[KL],mute[KL],mute[KL],mute[KL],mute[KL],mute[KL],mute[KL],mute[KL],mute[KL],mute[KL],mute[KL],mute[KL],mute[KL],mute[KL],mute[KL],mute[KL],mute[KL],mute[KL],ST,mute[KL],mute[KL],mute[KL],mute[KL],mute[KL],mute[KL],mute[KL],mute[KL],mute[KL],mute[KL],mute[KL],mute[KL],mute[KL],mute[KL],mute[KL],mute[KL],mute[KL],mute[KL],mute[KL],mute[KL],mute[KL],mute[KL],mute[KL],mute[KL],mute[KL],mute[KL],mute[KL],mute[KL],mute[KL],mute[KL],mute[KL],mute[KL],mute[KL],mute[KL],mute[KL],mute[KL],mute[KL],mute[KL],mute[KL],mute[KL],mute[KL],mute[KL],mute[KL],mute[KL],mute[KL],mute[KL],mute[KL],mute[KL],mute[KL],mute[KL],mute[KL],mute[KL],mute[KL],mute[KL],mute[KL],mute[KL],mute[KL],mute[KL],mute[KL],mute[KL],mute[KL],mute[KL],mute[KL],mute[KL],mute[KL],mute[KL],mute[KL],mute[KL],mute[KL],mute[KL],mute[KL],mute[KL],mute[KL],mute[KL],mute[KL],mute[KL],mute[KL],mute[KL],mute[KL],mute[KL],mute[KL],mute[KL],mute[KL],mute[KL],mute[KL],mute[KL],mute[KL],mute[KL],mute[KL],mute[KL],mute[KL],mute[KL],mute[KL],mute[KL],mute[KL],mute[KL],mute[KL],mute[KL],mute[KL],mute[KL],mute[KL],mute[KL],mute[KL],mute[KL],mute[KL],mute[KL],mute[KL],mute[KL],mute[KL],mute[KL],mute[KL],mute[KL],mute[KL],mute[KL],mute[KL],mute[KL],mute[KL],mute[KL],mute[KL],mute[KL],mute[KL],mute[KL],mute[KL],mute[KL],mute[KL],mute[KL],mute[KL],mute[KL],mute[KL],mute[KL],mute[KL],mute[KL],mute[KL],mute[KL],mute[KL],mute[KL],mute[KL],mute[KL],mute[KL],mute[KL],mute[KL],mute[KL],mute[KL],mute[KL],mute[KL],mute[KL],mute[KL],mute[KL],mute[KL],mute[KL],mute[KL],mute[KL],mute[KL],mute[KL],mute[KL],mute[KL],mute[KL],mute[KL],mute[KL],mute[KL],mute[KL],mute[KL],mute[KL],mute[KL],mute[KL],mute[KL],mute[KL],mute[KL],mute[KL],mute[KL],mute[KL],mute[KL],QTVW,QSV,QSV,","(f2.#G-1.B-1.d.f)[JK],(g2.#G-1.B-1.d.f)[LM],f2[LM],e2[KLN],(f2.#G-1.B-1.d.f)[JKM],(d2.f2.#G-1)[KLN],d3[KL],(d2.f2.f1.d1.b.#g)[KL],d3[KL],(d2.f2.f1.d1.b.#g)[KL],d3[KL],(d2.f2.f1.d1.b.#g)[KL],d3[KL],(d2.f2.f1.d1.b.#g)[KL],d3[KL],(d2.f2.f1.d1.b.#g)[KL],d3[KL],(d2.#f2.a.d1.#f1)[KL],d3[KL],(d2.#f2.a.d1.#f1)[KL],d3[KL],(d2.#f2.a.d1.#f1)[KL],d3[KL],(d2.g2.b.d1.g1)[KL],d3[KL],(d2.g2.b.d1.g1)[KL],d3[KL],(d2.g2.b.d1.g1)[KL],d3[KL],(d2.#f2.a.d1.#f1)[KL],d3[KL],(d2.#f2.a.d1.#f1)[KL],d3[KL],(d2.#f2.a.d1.#f1)[KL],d3[KL],(#c2.e2.a.#c1.e1)[KL],#c3[KL],(#c2.e2.a.#c1.e1)[KLN],#c3[KL],(#c2.e2.a.#c1.e1)[KLN],#c3[KLN],(d3.#f2.d2.d)[KLN],a[KL],#f[KL],a[KL],#f[KL],a[KL],#f[KL],a[KL],#f[KL],a[KL],#f[KL],a[KL],(#c2.A-1)[KL],a[KL],(d2.g)[LM],#c2[LM],(b1.a)[KL],(#c2.g)[KL],a[KL],(e2.g)[KL],a[KL],(#c2.g)[KL],a[KL],(a1.g)[KL],a[KL],(d2.d1.d)[KL],a[KL],(#f2.#f1.#f)[KL],a[KL],(a2.a1.#f)[KL],a[KL],(d3.d2.#f)[KL],a[KL],#f[KL],a[KL],#f[KL],a[KL],(#c3.A-1)[KL],a[KL],(d3.g)[LM],#c3[LM],(b2.a)[KL],(#c3.g)[KL],a[KL],(e3.g)[KL],a[KL],(#c3.g)[KL],a[KL],(a2.g)[KL],a[KL],(d3.d2.d)[KL],a[KL],(a2.a1.#f)[KL],a[KL],(#f2.#f1.#f)[KL],a[KL],(d2.d1.#f)[KL],a[KL],#f[KL],a[KL],#f[KL],a[KL],(#c2.A-1)[KL],a[KL],(d2.g)[LM],#c2[LM],(b1.a)[KL],(#c2.g)[KL],a[KL],(e2.g)[KL],a[KL],(#c2.g)[KL],a[KL],(a1.g)[KL],a[KL],(d2.d1.d)[KL],a[KL],(#f2.#f1.#f)[KL],a[KL],(a2.a1.#f)[KL],a[KL],(d3.d2.#f)[KL],a[KL],#f[KL],a[KL],#f[KL],a[KL],(#c3.A-1)[KL],a[KL],(d3.g)[LM],#c3[LM],(b2.a)[KL],(#c3.g)[KL],a[KL],(e3.g)[KL],a[KL],(#c3.g)[KL],a[KL],(a2.g)[KL],a[KL],(d3.#f2.d)[JK],d[KL],#c[KMN],d[KL],#c[KL],(d2.d)[KMN],(e2.#c)[KL],(#f2.d)[KMN],(g2.#c)[KL],(a2.d)[KL],(b2.#c)[KL],(#c3.d)[KMN],#c[KMN],d[KL],#c[KL],(d3.d)[KL],#c[KMN],(d2.#f2.d)[KL],#c[KMN],(d2.#f2.d)[KL],#c[KL],(e2.g2.d)[KMN],#c[KL],(a2.#f2.d)[KMN],#c[KL],d[KL],#c[KMN],(d2.#f2.d)[KL],#c[KMN],(d2.d)[KL],(e2.#c)[KL],(#f2.d)[KMN],(g2.#c)[KL],(a2.d)[KMN],(b2.#c)[KL],(#c3.d)[KL],#c[KMN],d[KL],#c[KMN],(d3.d)[KL],#c[KL],(d2.#f2.d)[KL],#c[KMN],(g2.e2.d)[KMN],#c[KL],(a1.e2.d)[KL],#c[KL],(#f1.d2.d)[KMN],#c[KL],d[KMN],#c[KL],d[KL],#c[KMN],(d2.d)[KL],(e2.#c)[KMN],(#f2.d)[KL],(g2.#c)[KL],(a2.d)[KMN],(b2.#c)[KL],(#c3.d)[KMN],#c[KL],d[KL],#c[KMN],(d3.d)[KL],#c[KMN],(d2.#f2.d)[KL],#c[KL],(d2.#f2.d)[KMN],#c[KL],(e2.g2.d)[KMN],#c[KL],(a2.#f2.d)[KL],#c[KL],d[KMN],#c[KMN],(d2.#f2.d)[KL],#c[KL],(d2.d)[KL],(e2.#c)[KMN],(#f2.d)[KL],(g2.#c)[KMN],(a2.d)[KL],(b2.#c)[KL],(#c3.d)[KMN],#c[KL],d[KMN],#c[KL],(d3.d)[KL],#c[KMN],(d2.#f2.d)[KL],#c[KMN],(g2.e2.d)[KL],#c[KL],(a1.e2.d)[KMN],#c[KL],(d2.d)[KMN],d3[KL],d2[KL],d3[KMN],(d2.a1.#f1)[KL],d3[KMN],(d2.#f1.d1)[KL],d3[KL],d2[KL],d3[KMN],(d2.a1.#f1)[KMN],d3[KL],(d2.#f1.d1)[KL],d3[KL],d2[KMN],d3[KL],(d2.a1.#f1)[KMN],d3[KL],(d2.#f1.d1)[KL],d3[KMN],d2[KL],d3[KMN],(d2.a1.#f1)[KL],d3[KL],(d2.#f1.d1)[KMN],d3[KL],a1[KMN],a2[KL],#f1[KL],#f2[KMN],d1[KL],d2[KMN],#f1[KL],#f2[KL],d1[KMN],d2[KL],a[KMN],a1[KL],d1[KL],d2[KL],a[KMN],a1[KMN],#f[KL],#f1[KL],a[KL],a1[KL],#f[KL],#f1[KL],(d1.d)[KL],(#c1.#c)[KMN],(d1.d)[KL],(a.A-1)[KMN],(b.B-1)[KL],(#c1.#c)[KL],(d1.d)[KMN],(#c1.#c)[KL],(d1.d)[KMN],(a.A-1)[KL],(b.B-1)[KL],(#c1.#c)[KMN],(d1.d)[KL],(#c1.#c)[KMN],(d1.d)[KL],(a.A-1)[KL],(b.B-1)[KMN],(#c1.#c)[KL],(d1.d)[KL],(#c1.#c)[KMN],(d1.d)[KL],(a.A-1)[KL],(b.B-1)[KLN],(#c1.#c)[KL],(d1.d)[HKMN],(d3.a2.#f2.d2.d1.a.#f.d)[HJM],(d1.D-1.d)[HJM],"],"id":3}],"audition":{"start":[0,0],"end":[1,0]}}