{"baseBpm":690,"musics":[{"bpm":690,"baseBeats":1.5,"scores":["g2[KL],b2[KL],(g.b2.d3)[KL],(#a2.#c3)[KL],(g.b2.d3)[KL],(#a2.#c3)[KL],(g.b2.d3)[KL],(#a2.#c3)[KL],(g.d3.b2)[IJ],(g1.b1.d2)[JK],(g1.b1.d2)[JK],(g1.c2.e2)[JKN],(g1.a1.c2)[JKN],(g1.b1.d2)[IJM],g2[KL],b2[KL],(g.b2.d3)[KL],(#a2.#c3)[KL],(g.b2.d3)[KL],(#a2.#c3)[KL],(g.b2.d3)[KL],(#a2.#c3)[KL],(g.d3.b2)[IJ],(#g.d2.f2)[JK],(a.d2.#f2)[JK],(a.e2.g2)[JKN],(a.#c2.e2)[JKN],(d.#f1.d2)[IJM],g2[KL],b2[KL],(g.b2.d3)[KL],(#a2.#c3)[KL],(g.b2.d3)[KL],(#a2.#c3)[KL],(g.b2.d3)[KL],(#a2.#c3)[KL],(g.d3.b2)[IJ],(g1.b1.d2)[JK],(g1.b1.d2)[JK],(g1.c2.e2)[JKM],(g1.a1.c2)[JKN],(g1.b1.d2)[IJM],g2[KL],b2[KL],(g.b2.d3)[KL],(#a2.#c3)[KL],(g.b2.d3)[KL],(#a2.#c3)[KL],(g.b2.d3)[KL],(#a2.#c3)[KL],(g.d3.b2)[IJ],(#g.d2.f2)[JK],(a.d2.#f2)[JK],(a.e2.g2)[JKN],(a.#c2.e2)[JKM],(d.#f1.d2)[IJLN],d2[JK],(d.c3)[KL],b2[KL],(#f.a2)[KL],g2[KL],(g.#f2)[KL],e2[KL],(a.d2)[KL],c2[KL],(b.b1)[KL],a1[KL],(c1.g1)[KL],#f1[KL],(b.g1)[KL],a1[KL],(d1.b1)[KL],c2[KL],(b.d2)[KL],e2[KL],(g.#f2)[KL],g2[KL],(b.a2)[KL],b2[KL],(g.c3)[KL],d3[KL],(d.c3)[KL],b2[KL],(#f.a2)[KL],g2[KL],(g.#f2)[KL],e2[KL],(a.d2)[KL],c2[KL],(b.b1)[KL],a1[KL],(c1.g1)[KL],#f1[KL],(b.g1)[KL],a1[KL],(d1.b1)[KL],c2[KL],(b.d2)[KL],b1[KL],(g.g1)[IJ],d2[JK],(d.c3)[KL],b2[KL],(#f.a2)[KL],g2[KL],(g.#f2)[KL],e2[KL],(a.d2)[KL],c2[KL],(b.b1)[KL],a1[KL],(c1.g1)[KL],#f1[KL],(b.g1)[KL],a1[KL],(d1.b1)[KL],c2[KL],(b.d2)[KL],e2[KL],(g.#f2)[KL],g2[KL],(b.a2)[KL],b2[KL],"],"id":1},{"bpm":690,"baseBeats":1.5,"scores":["TUVW,mute[KL],mute[KL],mute[KL],mute[KL],mute[KL],mute[KL],mute[KL],mute[KL],mute[KL],mute[KL],mute[KL],mute[KL],mute[KL],mute[KL],mute[KL],mute[KL],mute[KL],mute[KL],mute[KL],RSUW,mute[KL],mute[KL],ST,ST,ST,ST,ST,SV,5<TU>,SV,ST,ST,ST,ST,mute[KL],mute[KL],mute[KL],mute[KL],mute[KL],mute[KL],mute[KL],mute[KL],ST,ST,SV,5<TU>,SV,STV,mute[KL],mute[KL],RSV,mute[KL],mute[KL],ST,ST,ST,ST,ST,SV,5<TU>,SV,ST,ST,ST,ST,mute[KL],mute[KL],mute[KL],mute[KL],mute[KL],mute[KL],mute[KL],mute[KL],ST,ST,SV,5<TU>,SV,STVW,mute[KL],mute[KL],RSUW,mute[KL],mute[KL],ST,ST,ST,RS,mute[KL],mute[KL],ST,ST,ST,RS,mute[KL],mute[KL],ST,ST,ST,ST,ST,ST,STV,mute[KL],mute[KL],mute[KL],mute[KL],RSVW,mute[KL],mute[KL],ST,ST,ST,RS,mute[KL],mute[KL],ST,ST,STW,RSVW,mute[KL],mute[KL],ST,ST,ST,ST,","(g.c3)[KL],d3[KL],(d.c3)[KL],b2[KL],(#f.a2)[KL],g2[KL],(g.#f2)[KL],e2[KL],(a.d2)[KL],c2[KL],(b.b1)[KL],a1[KL],(c1.g1)[KL],#f1[KL],(b.g1)[KL],a1[KL],(d1.b1)[KLN],c2[KL],(b.d2)[KLN],b1[KLN],(g.g1)[IJLN],b2[KL],c3[KL],d3[JK],(g.b.d1)[JK],(g.b.d1.b2)[JK],g2[JK],(b.g.d1)[JK],(b.g.d1.b2)[JK],b2[LM],a2[JM],(#f.c1.d1)[JK],(#f.c1.d1.a2)[JK],a2[JK],(#f.c1.d1)[JK],(#f.c1.d1.b2)[KL],c3[KL],d3[KL],e3[KL],(g.b.d1.d3)[KL],c3[KL],(g.b.d1.b2)[KL],a2[KL],g2[JK],(b.g.d1)[JK],(b.g.d1.b2)[JK],b2[LM],a2[JM],(d.#f.a.d1)[JKN],(d.#f.a.d1.a2)[KL],#f2[KLN],(d.#f.a.d1.d2)[IJM],b2[KL],c3[KL],d3[JK],(g.b.d1)[JK],(g.b.d1.b2)[JK],g2[JK],(b.g.d1)[JK],(b.g.d1.b2)[JK],b2[LM],a2[JM],(#f.c1.d1)[JK],(#f.c1.d1.a2)[JK],a2[JK],(#f.c1.d1)[JK],(#f.c1.d1.b2)[KL],c3[KL],d3[KL],e3[KL],(g.b.d1.d3)[KL],c3[KL],(g.b.d1.b2)[KL],a2[KL],g2[JK],(b.g.d1)[JK],(b.g.d1.b2)[JK],b2[LM],a2[JM],(d.#f.a.d1)[JKN],(d.#f.a.d1.a2)[KLM],#f2[KL],(d.#f.a.d1.d2)[IJLN],c3[KL],d3[KL],e3[JK],(e1.c1)[JK],(b.d1.#g2)[JK],(a.c1.a2)[IJ],b2[KL],c3[KL],d3[JK],(b1.d2)[JK],(a1.c2.#f2)[JK],(g1.b1.g2)[IJ],c3[KL],d3[KL],e3[JK],(c1.e1)[JK],(b.d1.#g2)[JK],(a.c1.a2)[JK],b2[JK],c3[JK],(d.#f.c1.d3)[JK],(d.#f.c1.d3)[KLN],c3[KL],(d.#f.c1.b2)[KLN],a2[KL],(g.b.g2)[IJMN],c3[KL],d3[KL],e3[JK],(e1.c1)[JK],(b.d1.#g2)[JK],(a.c1.a2)[IJ],b2[KL],c3[KL],d3[JK],(b1.d2)[JK],(a1.c2.#f2)[JKN],(g1.b1.g2)[IJMN],c3[KL],d3[KL],e3[JK],(c1.e1)[JK],(b.d1.#g2)[JK],(a.c1.a2)[JK],"],"id":2},{"bpm":690,"baseBeats":1.5,"scores":["b2[JK],c3[JK],(d.#f.c1.d3)[JK],(d.#f.c1.d3)[KLN],c3[KL],(d.#f.c1.b2)[KLN],a2[KLM],(g.b.g2)[IJL],g2[KL],b2[KL],(g.b2.d3)[KL],(#a2.#c3)[KL],(g.b2.d3)[KL],(#a2.#c3)[KL],(g.b2.d3)[KL],(#a2.#c3)[KL],(g.d3.b2)[IJ],(g1.b1.d2)[JK],(g1.b1.d2)[JK],(g1.c2.e2)[JK],(g1.a1.c2)[JK],(g1.b1.d2)[IJ],g2[KL],b2[KL],(g.b2.d3)[KL],(#a2.#c3)[KL],(g.b2.d3)[KL],(#a2.#c3)[KL],(g.b2.d3)[KL],(#a2.#c3)[KL],(g.d3.b2)[IJ],(#g.d2.f2)[JK],(a.d2.#f2)[JK],(a.e2.g2)[JKN],(a.#c2.e2)[JKMN],(d.#f1.d2)[IJL],d2[JK],(d.c3)[KL],b2[KL],(#f.a2)[KL],g2[KL],(g.#f2)[KL],e2[KL],(a.d2)[KL],c2[KL],(b.b1)[KL],a1[KL],(c1.g1)[KL],#f1[KL],(b.g1)[KL],a1[KL],(d1.b1)[KL],c2[KL],(b.d2)[KL],e2[KL],(g.#f2)[KL],g2[KL],(b.a2)[KL],b2[KL],(g.c3)[KL],d3[KL],(d.c3)[KL],b2[KL],(#f.a2)[KL],g2[KL],(g.#f2)[KL],e2[KL],(a.d2)[KL],c2[KL],(b.b1)[KL],a1[KL],(c1.g1)[KL],#f1[KL],(b.g1)[KL],a1[KL],(d1.b1)[KL],c2[KL],(b.d2)[KL],b1[KL],(g.g1)[IJ],d2[JK],(d.c3)[KL],b2[KL],(#f.a2)[KL],g2[KL],(g.#f2)[KL],e2[KL],(a.d2)[KL],c2[KL],(b.b1)[KL],a1[KL],(c1.g1)[KL],#f1[KL],(b.g1)[KL],a1[KL],(d1.b1)[KL],c2[KL],(b.d2)[KL],e2[KL],(g.#f2)[KL],g2[KL],(b.a2)[KL],b2[KL],(g.c3)[KL],d3[KL],(d.c3)[KL],b2[KL],(#f.a2)[KL],g2[KL],(g.#f2)[KL],e2[KL],(a.d2)[KL],c2[KL],(b.b1)[KL],a1[KL],(c1.g1)[KLN],#f1[KL],(b.g1)[KLN],a1[KLM],(d1.b1)[KLN],c2[KLM],(b.d2)[KLMN],b1[JM],(g.g1)[HL],"],"id":3}],"audition":{"start":[0,0],"end":[1,0]}}