{"baseBpm":600,"musics":[{"bpm":600,"baseBeats":1.5,"scores":["ST,ST,ST,mute[KL],mute[KL],ST,ST,ST,ST,mute[KL],mute[KL],mute[KL],mute[KL],ST,ST,ST,mute[KL],mute[KL],mute[KL],mute[KL],mute[KL],mute[KL],ST,ST,STVW,mute[KL],mute[KL],mute[KL],mute[KL],mute[KL],mute[KL],RSU,ST,ST,ST,mute[KL],mute[KL],ST,ST,ST,ST,mute[KL],mute[KL],mute[KL],mute[KL],ST,ST,ST,mute[KL],mute[KL],mute[KL],mute[KL],mute[KL],mute[KL],ST,ST,STU,mute[KL],mute[KL],mute[KL],mute[KL],mute[KL],mute[KL],RSUW,ST,ST,RS,ST,RS,ST,RS,ST,ST,ST,ST,ST,ST,ST,ST,ST,STU,mute[KL],mute[KL],mute[KL],mute[KL],RSU,ST,ST,RS,ST,RS,ST,RS,STW,STW,STV,ST,ST,ST,","d2[JK],(G-1.g2)[JK],b2[JK],(A-1.d2)[KL],B-1[KL],(G-1.c.e2)[JK],(G-1.c.g2)[JK],(G-1.d.b1)[JK],(e.G-1.c2)[JK],(G-1.e.c2)[KL],e2[KL],(G-1.#f.d2)[KL],c2[KL],(G-1.g.b1)[JK],g1[JK],b1[JK],(d.#f.a.d1.a1)[KL],d2[KL],(d.#f.a.d1.#c2)[KL],d2[KL],(d.#f.a.d1.e2)[KL],d2[KL],(g.b.d1.b1)[JK],g1[JK],b1[JK],(d.#f.a.d1.a1)[KL],d2[KL],(d.#f.a.d1.#c2)[KL],d2[KLN],(d.#f.a.d1.e2)[KLN],d2[KLN],(g.b.d1.g1)[IJL],d2[JK],(G-1.g2)[JK],b2[JK],(A-1.d2)[KL],B-1[KL],(G-1.c.e2)[JK],(G-1.c.g2)[JK],(G-1.d.b1)[JK],(e.G-1.c2)[JK],(G-1.e.c2)[KL],e2[KL],(G-1.#f.d2)[KL],c2[KL],(G-1.g.b1)[JK],g1[JK],b1[JK],(d.#f.a.d1.a1)[KL],d2[KL],(d.#f.a.d1.#c2)[KL],d2[KL],(d.#f.a.d1.e2)[KL],d2[KL],(g.b.d1.b1)[JK],g1[JK],b1[JK],(d.#f.a.d1.a1)[KL],d2[KL],(d.#f.a.d1.#c2)[KLN],d2[KL],(d.#f.a.d1.e2)[KLM],d2[KLN],(g.b.d1.g1)[IJLN],b1[JK],(B-1.#d.#f.b.b1.b2)[JK],(B-1.#d.#f.b.b1.#f2)[IJ],(g.e.b.b1.g2)[JK],(g.e.b.b1.e2)[IJ],(d.#f.a.d1.d2.d3)[JK],(d.#f.a.d1.d2.a2)[IJ],(g.b.d1.d2.b2)[JK],(g.b.d1.g2)[JK],d2[JK],(b.g2)[JLM],#a2[M],(g.b2)[JK],(b.#d2)[JK],(c1.e2)[JLM],b2[M],(a.c3)[JK],(c1.a2)[JK],(d1.#f2)[JK],(d1.d3)[KLN],c3[KLN],(d.b2)[KL],a2[KLM],(g.g2)[IJL],b1[JK],(B-1.#d.#f.b.b1.b2)[JK],(B-1.#d.#f.b.b1.#f2)[IJ],(g.e.b.b1.g2)[JK],(g.e.b.b1.e2)[IJ],(d.#f.a.d1.d2.d3)[JK],(d.#f.a.d1.d2.a2)[IJ],(g.b.d1.d2.b2)[JKN],(g.b.d1.g2)[JKN],d2[JKM],(b.g2)[JL],#a2[L],(g.b2)[JK],(b.#d2)[JK],"],"id":1},{"bpm":600,"baseBeats":1.5,"scores":["ST,ST,ST,STU,mute[KL],mute[KL],mute[KL],mute[KL],RSUW,mute[KL],mute[KL],mute[KL],mute[KL],ST,mute[KL],mute[KL],ST,ST,mute[KL],mute[KL],mute[KL],mute[KL],ST,mute[KL],mute[KL],ST,ST,mute[KL],mute[KL],mute[KL],mute[KL],ST,mute[KL],mute[KL],ST,ST,mute[KL],mute[KL],mute[KL],mute[KL],ST,mute[KL],mute[KL],RS,mute[KL],mute[KL],mute[KL],mute[KL],ST,mute[KL],mute[KL],ST,ST,mute[KL],mute[KL],mute[KL],mute[KL],ST,mute[KL],mute[KL],ST,ST,mute[KL],mute[KL],mute[KL],mute[KL],ST,mute[KL],mute[KL],ST,ST,mute[KL],mute[KL],mute[KL],mute[KL],STU,mute[KL],mute[KL],RSUW,mute[KL],mute[KL],mute[KL],mute[KL],ST,mute[KL],mute[KL],mute[KL],mute[KL],ST,mute[KL],mute[KL],mute[KL],mute[KL],mute[KL],mute[KL],mute[KL],mute[KL],ST,ST,mute[KL],mute[KL],mute[KL],mute[KL],ST,mute[KL],mute[KL],ST,ST,mute[KL],mute[KL],mute[KL],mute[KL],STV,mute[KL],mute[KL],RSU,mute[KL],mute[KL],mute[KL],mute[KL],ST,mute[KL],mute[KL],mute[KL],mute[KL],ST,mute[KL],mute[KL],","(c1.e2)[JL],b2[L],(a.c3)[JK],(c1.a2)[JK],(d1.#f2)[JK],(d1.d3)[KL],c3[KLN],(d.b2)[KLN],a2[KLM],(g.g2)[IJLN],b1[KL],d2[KL],(g.a1)[KL],c2[KL],(c1.e2)[JK],(#f1.d2)[KL],c2[KL],(g.d2)[JK],(b.b1)[JK],(d1.g1)[KL],b1[KL],(g.#f1)[KL],a1[KL],(a.c2)[JK],(c1.b1)[KL],a1[KL],(g.b1)[JK],(b.g1)[JK],(d1.b1)[KL],d2[KL],(g.a1)[KL],c2[KL],(c1.e2)[JK],(#f1.d2)[KL],c2[KL],(g.d2)[JK],(b.b1)[JK],(d1.g1)[KL],b1[KL],(d.#f1)[KL],a1[KL],(a.c2)[JK],(c1.b1)[KL],a1[KL],(g.b.g1)[IJ],b1[KL],d2[KL],(g.a1)[KL],c2[KL],(c1.e2)[JK],(#f1.d2)[KL],c2[KL],(g.d2)[JK],(b.b1)[JK],(d1.g1)[KL],b1[KL],(g.#f1)[KL],a1[KL],(a.c2)[JK],(c1.b1)[KL],a1[KL],(g.b1)[JK],(b.g1)[JK],(d1.b1)[KL],d2[KL],(g.a1)[KL],c2[KL],(c1.e2)[JK],(#f1.d2)[KL],c2[KL],(g.d2)[JK],(b.b1)[JK],(d1.g1)[KL],b1[KL],(d.#f1)[KL],a1[KL],(a.c2)[JKN],(c1.b1)[KLN],a1[KLM],(g.b.g1)[IJLN],g1[KL],b1[KL],(d.a.c1.#f1)[KL],a1[KL],(d.a.c1.c2)[JK],a1[KL],c2[KL],(g.b.d1.g1)[KL],b1[KL],(g.b.d1.d2)[JK],b1[KL],d2[KL],(c1.e1.c2)[KL],e2[KL],(c1.e1.c2)[KL],e2[KL],(c1.e1.g2)[KL],e2[KL],(g.b.d1.#c2)[JK],d2[JK],b1[KL],d2[KL],(g.a1)[KL],c2[KL],(c1.e2)[JK],(#f1.d2)[KL],c2[KL],(g.d2)[JK],(b.b1)[JK],(d1.g1)[KL],b1[KL],(d.#f1)[KL],a1[KL],(a.c2)[JKN],(c1.b1)[KLN],a1[KL],(g.b.g1)[IJL],g1[KL],b1[KL],(d.a.c1.#f1)[KL],a1[KL],(d.a.c1.c2)[JK],a1[KL],c2[KL],(g.b.d1.g1)[KL],b1[KL],(g.b.d1.d2)[JK],b1[KL],d2[KL],"],"id":2},{"bpm":600,"baseBeats":1.5,"scores":["TUV,mute[KL],mute[KL],mute[KL],mute[KL],mute[KL],STV,STVW,mute[KL],mute[KL],mute[KL],mute[KL],ST,mute[KL],mute[KL],ST,ST,mute[KL],mute[KL],mute[KL],mute[KL],STU,mute[KL],mute[KL],RSUW,ST,ST,ST,mute[KL],mute[KL],ST,ST,ST,ST,mute[KL],mute[KL],mute[KL],mute[KL],ST,ST,ST,mute[KL],mute[KL],mute[KL],mute[KL],mute[KL],mute[KL],ST,ST,STU,mute[KL],mute[KL],mute[KL],mute[KL],mute[KL],mute[KL],RSUW,ST,ST,RS,ST,RS,ST,RS,ST,ST,ST,ST,ST,ST,ST,ST,ST,STVW,mute[KL],mute[KL],mute[KL],mute[KL],RSU,ST,ST,RS,ST,RS,ST,RS,STV,STW,STW,ST,ST,ST,ST,ST,STV,STUV,mute[KL],mute[KL],mute[KL],SV,QU,","(c1.e1.c2)[KL],e2[KL],(c1.e1.c2)[KL],e2[KL],(c1.e1.g2)[KLN],e2[KLN],(g.b.d1.#c2)[JKM],d2[JKMN],b1[KL],d2[KL],(g.a1)[KL],c2[KL],(c1.e2)[JK],(#f1.d2)[KL],c2[KL],(g.d2)[JK],(b.b1)[JK],(d1.g1)[KL],b1[KL],(d.#f1)[KL],a1[KL],(a.c2)[JKN],(c1.b1)[KLN],a1[KLM],(g.b.g1)[IJLN],d2[JK],(G-1.g2)[JK],b2[JK],(A-1.d2)[KL],B-1[KL],(G-1.c.e2)[JK],(G-1.c.g2)[JK],(G-1.d.b1)[JK],(e.G-1.c2)[JK],(G-1.e.c2)[KL],e2[KL],(G-1.#f.d2)[KL],c2[KL],(G-1.g.b1)[JK],g1[JK],b1[JK],(d.#f.a.d1.a1)[KL],d2[KL],(d.#f.a.d1.#c2)[KL],d2[KL],(d.#f.a.d1.e2)[KL],d2[KL],(g.b.d1.b1)[JK],g1[JK],b1[JK],(d.#f.a.d1.a1)[KL],d2[KL],(d.#f.a.d1.#c2)[KLN],d2[KL],(d.#f.a.d1.e2)[KLN],d2[KLM],(g.b.d1.g1)[IJLN],b1[JK],(B-1.#d.#f.b.b1.b2)[JK],(B-1.#d.#f.b.b1.#f2)[IJ],(g.e.b.b1.g2)[JK],(g.e.b.b1.e2)[IJ],(d.#f.a.d1.d2.d3)[JK],(d.#f.a.d1.d2.a2)[IJ],(g.b.d1.d2.b2)[JK],(g.b.d1.g2)[JK],d2[JK],(b.g2)[JLN],#a2[MN],(g.b2)[JK],(b.#d2)[JK],(c1.e2)[JLN],b2[MN],(a.c3)[JK],(c1.a2)[JK],(d1.#f2)[JK],(d1.d3)[KLN],c3[KL],(d.b2)[KLN],a2[KLN],(g.g2)[IJL],b1[JK],(B-1.#d.#f.b.b1.b2)[JK],(B-1.#d.#f.b.b1.#f2)[IJ],(g.e.b.b1.g2)[JK],(g.e.b.b1.e2)[IJ],(d.#f.a.d1.d2.d3)[JK],(d.#f.a.d1.d2.a2)[IJ],(g.b.d1.d2.b2)[JKM],(g.b.d1.g2)[JKN],d2[JKN],(b.g2)[JLN],#a2[MN],(g.b2)[JK],(b.#d2)[JK],(c1.e2)[JLN],b2[MN],(a.c3)[JK],(c1.a2)[JKM],(d1.#f2)[JKN],(d1.d3)[KLN],c3[KLM],(d.b2)[KLM],a2[JM],(g.g2)[HL],"],"id":3}],"audition":{"start":[0,0],"end":[1,0]}}