{"baseBpm":696,"musics":[{"bpm":696,"baseBeats":1.5,"scores":["(d1.f1)[JK],(#A-1.#a.#d1.g1)[JK],(#d1.g1)[JK],(c1.a1)[JK],(#A-1.#a.d1.#a1)[JK],(d1.#a1)[JK],(f1.c2)[JK],(#A-1.#a.#a1.d2)[JK],(#a1.d2)[JK],(c2.#d2)[JK],(#A-1.#a.d2.f2)[IJ],(#a1.d2)[JK],(f.c1.#d1.#d2)[JK],(f.c1.#d1)[JK],(f.c1.#d1.c2)[JK],(f.c1.#d1.a1)[JK],(f.c1.#d1)[JK],(f.c1.#d1.c2)[JK],(f.c1.#d1.f1)[JK],(f.c1.#d1.f1)[KL],a1[KL],(f.c1.#d1.c2)[KL],a1[KL],(#a.d1.#a1)[IJ],(d1.f1)[JK],(#A-1.#a.#d1.g1)[JK],(#d1.g1)[JK],(c1.a1)[JK],(#A-1.#a.d1.#a1)[JK],(d1.#a1)[JK],(f1.c2)[JK],(#A-1.#a.#a1.d2)[JK],(#a1.d2)[JK],(c2.#d2)[JK],(#A-1.#a.d2.f2)[IJ],(#a1.d2)[JK],(f.c1.#d1.#d2)[JK],(f.c1.#d1)[JK],(f.c1.#d1.c2)[JK],(f.c1.#d1.a1)[JK],(f.c1.#d1)[JK],(f.c1.#d1.c2)[JK],(f.c1.#d1.f1)[JK],(f.c1.#d1.f1)[KL],a1[KL],(f.c1.#d1.c2)[KLN],a1[KLN],(#a.d1.#a1)[IJM],(f.f1)[JK],(#d1.#d2)[JK],(#d1.#d2)[KL],(d1.d2)[KL],(c1.c2)[KL],(#a.#a1)[KL],(a.a1)[JK],(#a.#a1)[JK],(b.b1)[JK],(c1.c2)[JK],(a.a1)[JK],(f.f1)[JK],(c1.c2)[JK],(a.a1)[JK],(f.f1)[JK],(#D-1.#d.g2)[KL],f2[KL],(#D-1.#d.#d2)[KL],d2[KL],(E-1.e.c2)[KL],#a1[KL],(F-1.f.a1)[KL],g1[KL],(F-1.f.f1)[KL],#d1[KL],(F-1.f.d1)[KL],c1[KL],(#A-1.#a)[JK],(#A-1.#a)[JKN],(#A-1.#a)[JKM],(#A-1.#a)[IJL],(f.f1)[JK],(#d1.#d2)[JK],(#d1.#d2)[KL],(d1.d2)[KL],(c1.c2)[KL],(#a.#a1)[KL],(a.a1)[JK],(#a.#a1)[JK],(b.b1)[JK],"],"id":1},{"bpm":696,"baseBeats":1.5,"scores":["ST,ST,ST,ST,ST,ST,mute[KL],mute[KL],mute[KL],mute[KL],mute[KL],mute[KL],mute[KL],mute[KL],mute[KL],mute[KL],mute[KL],mute[KL],ST,STW,STV,RSUV,SV,5<TU>,SV,ST,ST,RS,SV,5<TU>,SV,ST,ST,RS,SV,5<TU>,SV,ST,ST,ST,ST,ST,ST,ST,ST,RS,SV,5<TU>,SV,ST,ST,RS,SV,5<TU>,SV,ST,ST,RS,SV,5<TU>,SV,ST,ST,ST,ST,ST,ST,ST,ST,RS,SV,5<TU>,SV,ST,ST,mute[KL],mute[KL],mute[KL],mute[KL],SV,5<TU>,SV,ST,ST,mute[KL],mute[KL],mute[KL],mute[KL],ST,ST,ST,ST,ST,ST,ST,ST,ST,ST,RS,SV,5<TU>,SV,ST,ST,mute[KL],mute[KL],mute[KL],mute[KL],SV,5<TU>,SV,ST,","(c1.c2)[JK],(a.a1)[JK],(f.f1)[JK],(c1.c2)[JK],(a.a1)[JK],(f.f1)[JK],(#D-1.#d.g2)[KL],f2[KL],(#D-1.#d.#d2)[KL],d2[KL],(E-1.e.c2)[KL],#a1[KL],(F-1.f.a1)[KL],g1[KL],(F-1.f.f1)[KL],#d1[KL],(F-1.f.d1)[KL],c1[KL],(#A-1.#a)[JK],(#A-1.#a)[JKN],(#A-1.#a)[JKM],(#A-1.#a)[IJLM],#a1[JK],(f1.#a.#d2)[LM],d2[JM],(#d1.c2)[JK],(f1.d2)[JK],(g1.#d2)[IJ],(f1.d2)[JK],(#d1.#a.d2)[LM],c2[JM],(d1.#a1)[JK],(#d1.c2)[JK],(f1.d2)[IJ],(#d1.c2)[JK],(d1.#a.c2)[LM],#a1[JM],(c1.a1)[JK],(d1.#a1)[JK],(#d1.c2)[JK],(d1.#a1)[JK],(#d1.c2)[JK],(f1.#a)[JK],g1[JK],(#d1.a1)[JK],#a1[IJ],#a1[JK],(f1.#a.#d2)[LM],d2[JM],(#d1.c2)[JK],(f1.d2)[JK],(g1.#d2)[IJ],(f1.d2)[JK],(#d1.#a.d2)[LM],c2[JM],(d1.#a1)[JK],(#d1.c2)[JK],(f1.d2)[IJ],(#d1.c2)[JK],(d1.#a.c2)[LM],#a1[JM],(c1.a1)[JK],(d1.#a1)[JK],(#d1.c2)[JK],(d1.#a1)[JK],(#d1.c2)[JK],(f1.#a)[JK],g1[JK],(#d1.a1)[JK],#a1[IJ],c2[JK],(a.c1.f.g2)[LM],f2[JM],(g.#a.e2)[JK],(a.c1.f2)[JK],a2[KL],#a2[KL],c3[KL],a2[KL],f2[JK],(c1.f.f2)[LM],#d2[JM],(b.d2)[JK],(c1.#d2)[JK],a2[KL],#a2[KL],c3[KL],a2[KL],#d2[JK],(f.#A-1.d2)[JK],(#d.c2)[JK],(f.d2)[JK],(g.#d2)[JK],(f.d2)[JK],(g.#d2)[JK],(a.#A-1.#d1.c2)[JK],(g.f1.d2)[JK],(a.#d1.c2)[JK],(#a.d1.#a1)[IJ],c2[JK],(a.c1.f.g2)[LM],f2[JM],(g.#a.e2)[JK],(a.c1.f2)[JK],a2[KL],#a2[KL],c3[KL],a2[KL],f2[JK],(c1.f.f2)[LM],#d2[JM],(b.d2)[JK],"],"id":2},{"bpm":696,"baseBeats":1.5,"scores":["(c1.#d2)[JK],a2[KL],#a2[KL],c3[KL],a2[KL],#d2[JK],(f.#A-1.d2)[JK],(#d.c2)[JK],(f.d2)[JK],(g.#d2)[JK],(f.d2)[JK],(g.#d2)[JK],(a.#A-1.#d1.c2)[JK],(g.f1.d2)[JK],(a.#d1.c2)[JKMN],(#a.d1.#a1)[IJLN],(d1.f1)[JK],(#A-1.#a.#d1.g1)[JK],(#d1.g1)[JK],(c1.a1)[JK],(#A-1.#a.d1.#a1)[JK],(d1.#a1)[JK],(f1.c2)[JK],(#A-1.#a.#a1.d2)[JK],(#a1.d2)[JK],(c2.#d2)[JK],(#A-1.#a.d2.f2)[IJ],(#a1.d2)[JK],(f.c1.#d1.#d2)[JK],(f.c1.#d1)[JK],(f.c1.#d1.c2)[JK],(f.c1.#d1.a1)[JK],(f.c1.#d1)[JK],(f.c1.#d1.c2)[JK],(f.c1.#d1.f1)[JK],(f.c1.#d1.f1)[KLN],a1[KL],(f.c1.#d1.c2)[KLN],a1[KLM],(#a.d1.#a1)[IJLN],(f.f1)[JK],(#d1.#d2)[JK],(#d1.#d2)[KL],(d1.d2)[KL],(c1.c2)[KL],(#a.#a1)[KL],(a.a1)[JK],(#a.#a1)[JK],(b.b1)[JK],(c1.c2)[JK],(a.a1)[JK],(f.f1)[JK],(c1.c2)[JK],(a.a1)[JK],(f.f1)[JK],(#D-1.#d.g2)[KL],f2[KL],(#D-1.#d.#d2)[KL],d2[KL],(E-1.e.c2)[KL],#a1[KL],(F-1.f.a1)[KL],g1[KL],(F-1.f.f1)[KL],#d1[KL],(F-1.f.d1)[KL],c1[KL],(#A-1.#a)[JK],(#A-1.#a)[JK],(#A-1.#a)[JK],(#A-1.#a)[IJ],(f.f1)[JK],(#d1.#d2)[JK],(#d1.#d2)[KL],(d1.d2)[KL],(c1.c2)[KL],(#a.#a1)[KL],(a.a1)[JK],(#a.#a1)[JK],(b.b1)[JK],(c1.c2)[JK],(a.a1)[JK],(f.f1)[JK],(c1.c2)[JK],(a.a1)[JK],(f.f1)[JK],(#D-1.#d.g2)[KL],f2[KL],(#D-1.#d.#d2)[KL],d2[KL],(E-1.e.c2)[KL],#a1[KL],(F-1.f.a1)[KL],g1[KL],(F-1.f.f1)[KL],#d1[KL],(F-1.f.d1)[KLN],c1[KL],(#A-1.#a)[JKL],(#A-1.#a)[JKLMN],(#A-1.#a)[IMN],(#A-1.#a)[HLN],"],"id":3}],"audition":{"start":[0,0],"end":[1,0]}}