{"baseBpm":690,"musics":[{"bpm":690,"baseBeats":1.5,"scores":["#c2[KL],d2[KL],(g.b1)[KL],g1[KL],(b.d1)[KL],g1[KL],(d1.b1)[KL],d2[KL],(g.b1)[KL],g1[KL],(b.d1)[KL],g1[KL],(d1.b1)[KL],d2[KL],(g.b1)[KL],g1[KL],(d1.b1)[KL],d2[KL],(b.g2)[KL],a2[KL],(g.b2)[KL],a2[KL],(d.g2)[KL],#f2[KL],(B-1.e2)[KL],d2[KL],(A-1.c2)[KL],d2[KL],(A-1.e2)[KL],d2[KL],(B-1.c2)[KL],b1[KL],(c.a1)[KL],b1[KL],(c.c2)[KL],b1[KL],(#c.a1)[KL],g1[KL],(d.#f1)[KL],g1[KL],(#f.a1)[KL],g1[KL],(a.#f1)[KL],e1[KL],(d.d1)[IJ],#c2[KL],d2[KL],(g.b1)[KL],g1[KL],(b.d1)[KL],g1[KL],(d1.b1)[KL],d2[KL],(g.b1)[KL],g1[KL],(b.d1)[KL],g1[KL],(d1.b1)[KL],d2[KL],(g.b1)[KL],g1[KL],(d1.b1)[KL],d2[KL],(b.g2)[KL],a2[KL],(g.b2)[KL],a2[KL],(d.g2)[KL],#f2[KL],(B-1.e2)[KL],d2[KL],(A-1.c2)[KL],d2[KL],(A-1.e2)[KL],d2[KL],(B-1.c2)[KL],b1[KL],(c.a1)[KL],b1[KL],(c.c2)[KL],b1[KL],(#c.a1)[KL],g1[KL],(d.#f1)[KL],g1[KL],(#f.a1)[KL],g1[KLN],(a.#f1)[KLN],e1[KLN],(d.d1)[IJLN],#c2[KL],d2[KL],(#f.c2)[KL],b1[KL],(a.c2)[KL],a1[KL],(d1.a2)[KL],c2[KL],(g.b1)[KL],#a1[KL],(b.b1)[KL],g1[KL],(d1.g2)[KL],b1[KL],(#f.c2)[KL],b1[KL],(a.c2)[KL],a1[KL],(d1.a2)[KL],c2[KL],(g.b1)[KL],#a1[KL],(b.b1)[KL],g1[KL],(d1.g2)[KL],b1[KL],(b.f2)[KL],e2[KL],(b.f2)[KL],d2[KL],(c1.e2)[KL],c2[KL],(#g.d2)[KL],#c2[KL],(#g.d2)[KL],b1[KL],(a.c2)[KL],a1[KL],(d.g1)[KL],#f1[KL],(c1.d.e1)[KL],d1[KL],(c1.d.e1)[KL],#f1[KL],(b.g.g1)[IJ],#c2[KL],d2[KL],(#f.c2)[KL],b1[KL],(a.c2)[KL],a1[KL],(d1.a2)[KL],c2[KL],(g.b1)[KL],#a1[KL],(b.b1)[KL],g1[KL],(d1.g2)[KL],b1[KL],(#f.c2)[KL],b1[KL],(a.c2)[KL],a1[KL],(d1.a2)[KL],"],"id":1},{"bpm":690,"baseBeats":1.5,"scores":["c2[KL],(g.b1)[KL],#a1[KL],(b.b1)[KL],g1[KL],(d1.g2)[KL],b1[KL],(b.f2)[KL],e2[KL],(b.f2)[KL],d2[KL],(c1.e2)[KL],c2[KL],(#g.d2)[KL],#c2[KL],(#g.d2)[KL],b1[KL],(a.c2)[KL],a1[KL],(d.g1)[KL],#f1[KL],(c1.d.e1)[KL],d1[KLN],(c1.d.e1)[KLN],#f1[KLN],(b.g.g1)[IJLN],(#g1.#g2)[JK],(a1.a2)[JK],(b1.b2)[JK],(c2.c3)[JK],(d2.d3)[IJ],(g.b.d1.e2)[KL],d2[KL],(g.c1.e1.c2)[KL],d2[KL],(g.c1.e1.e2)[KL],#f2[KL],(g.c1.e1.g2)[KL],e2[KL],(g.b.d1.d2)[IJ],(#g1.#g2)[JK],(a1.a2)[JK],(b1.b2)[JK],(c2.c3)[JK],(d2.d3)[IJ],(g.b.e2)[KL],d2[KL],(d.c1.c2)[KL],b1[KL],(c1.d.a1)[KL],b1[KL],(c1.d.c2)[KL],d2[KL],(g.b.g1)[IJ],(#g1.#g2)[JK],(a1.a2)[JK],(b1.b2)[JK],(c2.c3)[JK],(d2.d3)[IJ],(g.b.d1.e2)[KL],d2[KL],(g.c1.e1.c2)[KL],d2[KL],(g.c1.e1.e2)[KL],#f2[KL],(g.c1.e1.g2)[KL],e2[KL],(g.b.d1.d2)[IJ],(#g1.#g2)[JK],(a1.a2)[JK],(b1.b2)[JK],(c2.c3)[JK],(d2.d3)[IJ],(g.b.e2)[KL],d2[KL],(d.c1.c2)[KL],b1[KL],(c1.d.a1)[KL],b1[KLN],(c1.d.c2)[KLN],d2[KLN],(g.b.g1)[IJLN],d2[JK],(c1.#f.d1.d2)[JK],(c1.#f.d1.d2)[JK],(c1.#f.d1.d2)[JK],(c1.#f.d1.d2)[KL],e2[KL],d2[KL],e2[KL],d2[JK],(a.c1.d1.d2)[JK],(a.c1.d1.d2)[JK],(a.c1.d1.d2)[JK],(a.c1.d1.d2)[KL],#c2[KL],d2[KL],#c2[KL],d2[JK],(c1.#f.d1.a1)[KL],b1[KL],(c1.#f.d1.a1)[KL],b1[KL],a1[JK],(d.c1.d2)[KL],e2[KL],(d.c1.d2)[KL],e2[KL],d2[JK],(b.g.g1)[KL],a1[KL],(b.g.b1)[KL],c2[KL],(b.g.d2)[KL],b1[KL],(g.b.g1)[IJ],d2[JK],(c1.#f.d1.d2)[JK],(c1.#f.d1.d2)[JK],(c1.#f.d1.d2)[JK],(c1.#f.d1.d2)[KL],e2[KL],d2[KL],e2[KL],d2[JK],(a.c1.d1.d2)[JK],(a.c1.d1.d2)[JK],"],"id":2},{"bpm":690,"baseBeats":1.5,"scores":["(a.c1.d1.d2)[JK],(a.c1.d1.d2)[KL],#c2[KL],d2[KL],#c2[KL],d2[JK],(c1.#f.d1.a1)[KL],b1[KL],(c1.#f.d1.a1)[KL],b1[KL],a1[JK],(d.c1.d2)[KL],e2[KL],(d.c1.d2)[KL],e2[KL],d2[JK],(b.g.g1)[KL],a1[KL],(b.g.b1)[KL],c2[KLN],(b.g.d2)[KLN],b1[KLN],(g.b.g1)[IJLN],#c2[KL],d2[KL],(g.b1)[KL],g1[KL],(b.d1)[KL],g1[KL],(d1.b1)[KL],d2[KL],(g.b1)[KL],g1[KL],(b.d1)[KL],g1[KL],(d1.b1)[KL],d2[KL],(g.b1)[KL],g1[KL],(d1.b1)[KL],d2[KL],(b.g2)[KL],a2[KL],(g.b2)[KL],a2[KL],(d.g2)[KL],#f2[KL],(B-1.e2)[KL],d2[KL],(A-1.c2)[KL],d2[KL],(A-1.e2)[KL],d2[KL],(B-1.c2)[KL],b1[KL],(c.a1)[KL],b1[KL],(c.c2)[KL],b1[KL],(#c.a1)[KL],g1[KL],(d.#f1)[KL],g1[KL],(#f.a1)[KL],g1[KLN],(a.#f1)[KLN],e1[KLN],(d.d1)[IJLN],#c2[KL],d2[KL],(#f.c2)[KL],b1[KL],(a.c2)[KL],a1[KL],(d1.a2)[KL],c2[KL],(g.b1)[KL],#a1[KL],(b.b1)[KL],g1[KL],(d1.g2)[KL],b1[KL],(#f.c2)[KL],b1[KL],(a.c2)[KL],a1[KL],(d1.a2)[KL],c2[KL],(g.b1)[KL],#a1[KL],(b.b1)[KL],g1[KL],(d1.g2)[KL],b1[KL],(b.f2)[KL],e2[KL],(b.f2)[KL],d2[KL],(c1.e2)[KL],c2[KL],(#g.d2)[KL],#c2[KL],(#g.d2)[KL],b1[KL],(a.c2)[KL],a1[KL],(d.g1)[KL],#f1[KL],(c1.d.e1)[KL],d1[KLN],(c1.d.e1)[KL],#f1[KLN],(b.g.g1)[IJM],#c2[KL],d2[KL],(#f.c2)[KL],b1[KL],(a.c2)[KL],a1[KL],(d1.a2)[KL],c2[KL],(g.b1)[KL],#a1[KL],(b.b1)[KL],g1[KL],(d1.g2)[KL],b1[KL],(#f.c2)[KL],b1[KL],(a.c2)[KL],a1[KL],(d1.a2)[KL],c2[KL],(g.b1)[KL],#a1[KL],(b.b1)[KL],g1[KL],(d1.g2)[KL],b1[KL],(b.f2)[KL],e2[KL],(b.f2)[KL],d2[KL],(c1.e2)[KL],c2[KL],(#g.d2)[KL],#c2[KL],(#g.d2)[KL],b1[KL],(a.c2)[KL],a1[KLN],(d.g1)[KLN],#f1[KLM],(c1.d.e1)[KLN],d1[KLM],(c1.d.e1)[KLMN],#f1[JM],(b.g.g1)[HL],"],"id":3}],"audition":{"start":[0,0],"end":[1,0]}}