{"baseBpm":690,"musics":[{"bpm":690,"baseBeats":1.5,"scores":["ST,ST,mute[KL],mute[KL],ST,ST,ST,ST,ST,ST,ST,RTV,5<TU>,SV,ST,mute[KL],mute[KL],ST,ST,ST,ST,ST,ST,ST,RTV,5<TU>,SV,ST,mute[KL],mute[KL],ST,ST,ST,ST,ST,ST,ST,RTV,5<TU>,SV,ST,mute[KL],mute[KL],ST,ST,ST,ST,ST,ST,ST,RS,ST,ST,mute[KL],mute[KL],mute[KL],mute[KL],ST,mute[KL],mute[KL],mute[KL],mute[KL],ST,mute[KL],mute[KL],mute[KL],mute[KL],ST,ST,ST,mute[KL],mute[KL],mute[KL],mute[KL],mute[KL],mute[KL],mute[KL],mute[KL],mute[KL],mute[KL],mute[KL],mute[KL],mute[KL],mute[KL],mute[KL],mute[KL],mute[KL],mute[KL],RS,ST,ST,mute[KL],mute[KL],mute[KL],mute[KL],ST,mute[KL],mute[KL],mute[KL],mute[KL],ST,mute[KL],mute[KL],mute[KL],mute[KL],ST,ST,STVW,mute[KL],mute[KL],mute[KL],mute[KL],mute[KL],mute[KL],mute[KL],mute[KL],mute[KL],mute[KL],mute[KL],mute[KL],mute[KL],mute[KL],mute[KL],mute[KL],mute[KL],mute[KL],RSUW,ST,5<TU>,mute[KL],mute[KL],mute[KL],mute[KL],mute[KL],5<TU>,mute[KL],","#c3[LM],d3[JM],(d.D-1.d1)[JK],d1[KL],d1[KL],(#c.d1)[JK],(B-1.d1)[JK],e1[JK],(A-1.#f1)[JK],(B-1.g1)[JK],e1[JK],(#c.a1)[JK],(d.#f1)[IJ],#c3[LM],d3[JM],(d.D-1.d1)[JK],d1[KL],d1[KL],(#c.d1)[JK],(B-1.d1)[JK],e1[JK],(A-1.#f1)[JK],(B-1.g1)[JK],e1[JK],(#c.a1)[JK],(d.d1)[IJ],#c3[LM],d3[JM],(d.D-1.d1)[JK],d1[KL],d1[KL],(#c.d1)[JK],(B-1.d1)[JK],e1[JK],(A-1.#f1)[JK],(B-1.g1)[JK],e1[JK],(#c.a1)[JK],(d.#f1)[IJ],#c3[LM],d3[JM],(d.D-1.d1)[JK],d1[KL],d1[KL],(#c.d1)[JK],(B-1.d1)[JK],e1[JK],(A-1.#f1)[JK],(B-1.g1)[JK],e1[JK],(#c.a1)[JK],(d.d1)[IJ],a2[JK],(a.a1)[JK],a1[KL],#c2[KL],(#g1.b1)[KL],d2[KL],(a.#c2)[JK],(g1.#c2)[KL],e2[KL],(#f1.d2)[KL],#f2[KL],(a.e2)[JK],(#c1.e2)[KL],g2[KL],(d1.#f2)[KL],a2[KL],(e1.g2)[JK],b[JK],(#c1.e2)[JK],(d1.#f2)[KL],g2[KL],(#f.#f2)[KL],e2[KL],(d.#f2)[KL],d2[KL],(A-1.g2)[KL],a2[KL],(#c.g2)[KL],#f2[KL],(A-1.g2)[KL],e2[KL],(d.a2)[KL],b2[KL],(#f.a2)[KL],#f2[KL],(a.g2)[KL],e2[KL],(d.d2)[IJ],a2[JK],(a.a1)[JK],a1[KL],#c2[KL],(#g1.b1)[KL],d2[KL],(a.#c2)[JK],(g1.#c2)[KL],e2[KL],(#f1.d2)[KL],#f2[KL],(a.e2)[JK],(#c1.e2)[KL],g2[KL],(d1.#f2)[KL],a2[KL],(e1.g2)[JK],b[JK],(#c1.e2)[JK],(d1.#f2)[KL],g2[KL],(#f.#f2)[KL],e2[KL],(d.#f2)[KL],d2[KL],(A-1.g2)[KL],a2[KL],(#c.g2)[KL],#f2[KL],(A-1.g2)[KL],e2[KL],(d.a2)[KL],b2[KL],(#f.a2)[KL],#f2[KLN],(a.g2)[KLN],e2[KLN],(d.d2)[IJLN],a1[JK],(d1.e2)[LM],d2[LM],a1[KL],(#f1.d2)[KL],(a1.#c2)[KL],(d1.d2)[KL],a1[KL],(d1.g2)[LM],#f2[LM],a1[KL],"],"id":1},{"bpm":690,"baseBeats":1.5,"scores":["TU,mute[KL],mute[KL],mute[KL],5<TU>,mute[KL],mute[KL],mute[KL],mute[KL],mute[KL],mute[KL],mute[KL],mute[KL],mute[KL],mute[KL],mute[KL],5<TU>,mute[KL],mute[KL],mute[KL],mute[KL],mute[KL],5<TU>,mute[KL],mute[KL],mute[KL],mute[KL],mute[KL],mute[KL],mute[KL],mute[KL],mute[KL],mute[KL],mute[KL],RS,STVW,5<TU>,mute[KL],mute[KL],mute[KL],mute[KL],mute[KL],5<TU>,mute[KL],mute[KL],mute[KL],mute[KL],mute[KL],5<TU>,mute[KL],mute[KL],mute[KL],mute[KL],mute[KL],mute[KL],mute[KL],mute[KL],mute[KL],mute[KL],mute[KL],5<TU>,mute[KL],mute[KL],mute[KL],mute[KL],mute[KL],5<TU>,mute[KL],mute[KL],mute[KL],mute[KL],mute[KL],mute[KL],mute[KL],mute[KL],mute[KL],mute[KL],mute[KL],RSUW,ST,5<TU>,mute[KL],mute[KL],mute[KL],mute[KL],mute[KL],mute[KL],mute[KL],mute[KL],mute[KL],mute[KL],mute[KL],5<TU>,mute[KL],mute[KL],mute[KL],mute[KL],mute[KL],mute[KL],mute[KL],mute[KL],mute[KL],mute[KL],mute[KL],5<TU>,mute[KL],mute[KL],mute[KL],mute[KL],mute[KL],5<TU>,mute[KL],mute[KL],mute[KL],mute[KL],mute[KL],5<TU>,mute[KL],mute[KL],mute[KL],mute[KL],mute[KL],RS,","(#f1.#f2)[KL],(a1.e2)[KL],(d1.#f2)[KL],a1[KL],(d1.b2)[LM],a2[LM],a1[KL],(#f1.a2)[KL],(a1.#g2)[KL],(d1.a2)[KL],a1[KL],(#d1.#a2)[KL],b1[KL],#f1[KL],b1[KL],(#d1.b2)[KL],b1[KL],(e1.a2)[LM],g2[LM],b1[KL],(g1.g2)[KL],(b1.#f2)[KL],(e1.g2)[KL],b1[KL],(e1.#f2)[LM],e2[LM],b1[KL],(g1.e2)[KL],(b1.#d2)[KL],(e1.e2)[KL],b1[KL],(a.#c2)[KL],g1[KL],(e1.#c2)[KL],(g1.d2)[KL],(a.e2)[KL],(g1.#c2)[KL],(d1.#f1.d2)[IJ],a1[JK],(d1.e2)[LM],d2[LM],a1[KL],(#f1.d2)[KL],(a1.#c2)[KL],(d1.d2)[KL],a1[KL],(d1.g2)[LM],#f2[LM],a1[KL],(#f1.#f2)[KL],(a1.e2)[KL],(d1.#f2)[KL],a1[KL],(d1.b2)[LM],a2[LM],a1[KL],(#f1.a2)[KL],(a1.#g2)[KL],(d1.a2)[KL],a1[KL],(#d1.#a2)[KL],b1[KL],#f1[KL],b1[KL],(#d1.b2)[KL],b1[KL],(e1.a2)[LM],g2[LM],b1[KL],(g1.g2)[KL],(b1.#f2)[KL],(e1.g2)[KL],b1[KL],(e1.#f2)[LM],e2[LM],b1[KL],(g1.e2)[KL],(b1.#d2)[KL],(e1.e2)[KL],b1[KL],(a.#c2)[KL],g1[KL],(e1.#c2)[KL],(g1.d2)[KLN],(a.e2)[KLN],(g1.#c2)[KLN],(d1.#f1.d2)[IJLN],e2[JK],(#c2.b2)[LM],a2[LM],e2[KL],(#c2.a2)[KL],(e2.#g2)[KL],(#c2.a2)[KL],e2[KL],(d2.b2)[KL],e2[KL],(d2.#g2)[KL],e2[KL],(#c2.a2)[KL],e2[KL],(#c2.b2)[LM],a2[LM],e2[KL],(#c2.a2)[KL],(e2.#g2)[KL],(#c2.a2)[KL],e2[KL],(d2.b2)[KL],e2[KL],(d2.#g2)[KL],e2[KL],(#c2.a2)[KL],e2[KL],(b1.a2)[LM],g2[LM],d2[KL],(#c2.g2)[KL],(d2.#f2)[KL],(b1.g2)[KL],d2[KL],(a1.g2)[LM],#f2[LM],d2[KL],(#c2.#f2)[KL],(d2.e2)[KL],(a1.#f2)[KL],d2[KL],(a.#f2)[LM],e2[LM],a1[KL],(g1.e2)[KL],(a1.#d2)[KL],(g1.e2)[KL],a1[KL],(#f1.d1.d2)[IJ],"],"id":2},{"bpm":690,"baseBeats":1.5,"scores":["ST,5<TU>,mute[KL],mute[KL],mute[KL],mute[KL],mute[KL],mute[KL],mute[KL],mute[KL],mute[KL],mute[KL],mute[KL],5<TU>,mute[KL],mute[KL],mute[KL],mute[KL],mute[KL],mute[KL],mute[KL],mute[KL],mute[KL],mute[KL],mute[KL],5<TU>,mute[KL],mute[KL],mute[KL],mute[KL],mute[KL],5<TU>,mute[KL],mute[KL],mute[KL],mute[KL],S,5<TU>,mute[KL],mute[KL],mute[KL],mute[KL],mute[KL],RSW,5<TU>,SV,ST,mute[KL],mute[KL],ST,ST,ST,ST,ST,ST,ST,RTV,5<TU>,SV,ST,mute[KL],mute[KL],ST,ST,ST,ST,ST,ST,ST,RS,ST,ST,mute[KL],mute[KL],mute[KL],mute[KL],ST,mute[KL],mute[KL],mute[KL],mute[KL],ST,mute[KL],mute[KL],mute[KL],mute[KL],ST,ST,ST,mute[KL],mute[KL],mute[KL],mute[KL],mute[KL],mute[KL],mute[KL],mute[KL],mute[KL],mute[KL],mute[KL],mute[KL],mute[KL],mute[KL],mute[KL],mute[KL],mute[KL],mute[KL],RS,ST,ST,mute[KL],mute[KL],mute[KL],mute[KL],ST,mute[KL],mute[KL],mute[KL],mute[KL],ST,mute[KL],mute[KL],mute[KL],mute[KL],ST,ST,STUW,mute[KL],mute[KL],mute[KL],mute[KL],mute[KL],mute[KL],mute[KL],mute[KL],mute[KL],mute[KL],mute[KL],mute[KL],mute[KL],mute[KL],TUVW,TUVW,SV,SVW,QTUVW,","e2[JK],(#c2.b2)[LM],a2[LM],e2[KL],(#c2.a2)[KL],(e2.#g2)[KL],(#c2.a2)[KL],e2[KL],(d2.b2)[KL],e2[KL],(d2.#g2)[KL],e2[KL],(#c2.a2)[KL],e2[KL],(#c2.b2)[LM],a2[LM],e2[KL],(#c2.a2)[KL],(e2.#g2)[KL],(#c2.a2)[KL],e2[KL],(d2.b2)[KL],e2[KL],(d2.#g2)[KL],e2[KL],(#c2.a2)[KL],e2[KL],(b1.a2)[LM],g2[LM],d2[KL],(#c2.g2)[KL],(d2.#f2)[KL],(b1.g2)[KL],d2[KL],(a1.g2)[LM],#f2[LM],d2[KL],(#c2.#f2)[KL],(d2.e2)[KL],(a1.#f2)[KL],d2[KL],(a.#f2)[LM],e2[LM],a1[KL],(g1.e2)[KL],(a1.#d2)[KLN],(g1.e2)[KLN],a1[KLM],(#f1.d1.d2)[IJLMN],#c3[LM],d3[JM],(d.D-1.d1)[JK],d1[KL],d1[KL],(#c.d1)[JK],(B-1.d1)[JK],e1[JK],(A-1.#f1)[JK],(B-1.g1)[JK],e1[JK],(#c.a1)[JK],(d.#f1)[IJ],#c3[LM],d3[JM],(d.D-1.d1)[JK],d1[KL],d1[KL],(#c.d1)[JK],(B-1.d1)[JK],e1[JK],(A-1.#f1)[JK],(B-1.g1)[JK],e1[JK],(#c.a1)[JK],(d.#f1)[IJ],a2[JK],(a.a1)[JK],a1[KL],#c2[KL],(#g1.b1)[KL],d2[KL],(a.#c2)[JK],(g1.#c2)[KL],e2[KL],(#f1.d2)[KL],#f2[KL],(a.e2)[JK],(#c1.e2)[KL],g2[KL],(d1.#f2)[KL],a2[KL],(e1.g2)[JK],b[JK],(#c1.e2)[JK],(d1.#f2)[KL],g2[KL],(#f.#f2)[KL],e2[KL],(d.#f2)[KL],d2[KL],(A-1.g2)[KL],a2[KL],(#c.g2)[KL],#f2[KL],(A-1.g2)[KL],e2[KL],(d.a2)[KL],b2[KL],(#f.a2)[KL],#f2[KL],(a.g2)[KL],e2[KL],(d.d2)[IJ],a2[JK],(a.a1)[JK],a1[KL],#c2[KL],(#g1.b1)[KL],d2[KL],(a.#c2)[JK],(g1.#c2)[KL],e2[KL],(#f1.d2)[KL],#f2[KL],(a.e2)[JK],(#c1.e2)[KL],g2[KL],(d1.#f2)[KL],a2[KL],(e1.g2)[JK],b[JK],(#c1.e2)[JK],(d1.#f2)[KL],g2[KL],(#f.#f2)[KL],e2[KL],(d.#f2)[KL],d2[KL],(A-1.g2)[KL],a2[KL],(#c.g2)[KL],#f2[KL],(A-1.g2)[KLN],e2[KL],(d.a2)[KLM],b2[KLM],(#f.a2)[KLMN],#f2[KLMN],(a.g2)[JM],e2[JMN],(d.d2)[HKLMN],"],"id":3}],"audition":{"start":[0,0],"end":[1,0]}}