{"baseBpm":660,"musics":[{"bpm":660,"baseBeats":1.5,"scores":["#a1[KL],b1[KL],(#f.#a.#c2.#f1)[JK],(#f.c2)[KL],#c2[KL],(#f.c2)[KL],#c2[KL],(#f.b.#d2.#f1)[JK],#f[JK],(#f.a.c2)[JK],(#f.#a.#c2.#f1)[HK],(#f.#g.#d2)[KL],c2[KL],(f.f2)[KL],#c2[KL],(#d.#f2)[KL],#d2[KL],(f.#g2)[KL],#a2[KL],(#d.#g2)[KL],#f2[KL],(#c.f2)[KL],#g2[KL],(#d.#f2)[KL],#g2[KL],(#c.#f2)[KL],f2[KL],(c.#d2)[KL],#f2[KL],(#c.f2)[KL],#d2[KL],(f.#c2)[KL],c2[KL],(#g.#a1)[KL],#g1[KL],(#c.#c2)[IJ],#a1[KL],b1[KL],(#f.#a.#c2.#f1)[JK],(#f.c2)[KL],#c2[KL],(#f.c2)[KL],#c2[KL],(#f.b.#d2.#f1)[JK],#f[JK],(#f.a.c2)[JK],(#f.#a.#c2.#f1)[HK],(#f.#g.#d2)[KL],c2[KL],(f.f2)[KL],#c2[KL],(#d.#f2)[KL],#d2[KL],(f.#g2)[KL],#a2[KL],(#d.#g2)[KL],#f2[KL],(#c.f2)[KL],#g2[KL],(#d.#f2)[KL],#g2[KL],(#c.#f2)[KL],f2[KL],(c.#d2)[KL],#f2[KL],(#c.f2)[KL],#d2[KL],(f.#c2)[KL],c2[KL],(#g.#a1)[KL],#g1[KL],(#c.#c2)[IJ],c2[KL],#c2[KL],(#c.b2)[KL],#g2[KL],f2[KL],#c2[KL],b1[KL],#g1[KL],#f1[KL],#c[KL],f[KL],#g[KL],(b.f1)[KL],#c1[KL],(#c.f1)[KL],#g1[KL],b1[KL],#c2[KL],f2[KL],#g2[KL],#c3[KL],#c[KL],f[KL],#g[KL],(b.b2)[KL],#c1[KL],(#c.b2)[KL],#g2[KL],f2[KL],#c2[KL],b1[KL],#g1[KL],#f1[KL],#c[KL],f[KL],#g[KL],(b.f1)[KL],#g[KL],(#f.#f1)[KL],#a1[KL],(#c.b1)[KL],#c2[KL],(#A-1.#d2)[KL],f2[KL],(#F-1.#f2)[IJ],c2[KL],#c2[KL],(#c.b2)[KL],#g2[KL],f2[KL],#c2[KL],b1[KL],#g1[KL],#f1[KL],#c[KL],f[KL],#g[KL],(b.f1)[KL],#c1[KL],(#c.f1)[KL],#g1[KL],b1[KL],#c2[KL],f2[KL],#g2[KL],#c3[KL],#c[KL],f[KL],#g[KL],(b.b2)[KL],#c1[KL],(#c.b2)[KL],#g2[KL],f2[KL],#c2[KL],b1[KL],#g1[KL],#f1[KL],#c[KL],f[KL],#g[KL],(b.f1)[KL],#g[KL],"],"id":1},{"bpm":660,"baseBeats":1.5,"scores":["(#f.#f1)[KL],#a1[KL],(#c.b1)[KL],#c2[KL],(#A-1.#d2)[KLN],f2[KLN],(#F-1.#f2)[IJL],#c2[JK],(#f.#c3)[KL],#a[KL],#c1[KL],(#a.#d3)[KL],(#c1.#c3)[KL],#a[KL],(#f.#f2)[KL],#a[KL],#c1[KL],#a[KL],#c1[KL],#a[KL],(#g.#c3)[KL],b[KL],#c1[KL],(b.#d3)[KL],(#c1.#c3)[KL],b[KL],(#g.f2)[KL],b[KL],#c1[KL],b[KL],#c1[KL],b[KL],(#a.#c3)[KL],#c1[KL],#f1[KL],(#c1.#d3)[KL],(#f1.#c3)[KL],#c1[KL],(#f.#f3)[KL],#a[KL],(#c1.f3)[KL],#a[KL],(#c1.#d3)[KL],#a[KL],(f.#c3)[KL],#g[KL],(#c1.#d3)[KL],#g[KL],(#c1.b2)[KL],#g[KL],(#f.#a2)[KL],#a[KL],#c1[KL],#a[KL],#c1[KL],#a[KL],(#f.#c3)[KL],#a[KL],#c1[KL],(#a.#d3)[KL],(#c1.#c3)[KL],#a[KL],(#f.#f2)[KL],#a[KL],#c1[KL],#a[KL],#c1[KL],#a[KL],(#g.#c3)[KL],b[KL],#c1[KL],(b.#d3)[KL],(#c1.#c3)[KL],b[KL],(#g.f2)[KL],b[KL],#c1[KL],b[KL],#c1[KL],b[KL],(#a.#c3)[KL],#c1[KL],#f1[KL],(#c1.#d3)[KL],(#f1.#c3)[KL],#c1[KL],(#f.#f3)[KL],#a[KL],(#c1.f3)[KL],#a[KL],(#c1.#d3)[KL],#a[KL],(f.#c3)[KL],#g[KL],(#c1.#d3)[KL],#g[KL],(#c1.b2)[KL],#g[KL],(#f.#a2)[KL],#a[KL],#c1[KL],#a[KL],#c1[KL],#a[KL],(b.#g2)[KL],#c1[KL],f1[KL],(#c1.#a2)[KL],(f1.#g2)[KL],#c1[KL],(b.#g2)[KL],#c1[KL],(f1.#a2)[KL],#c1[KL],(f1.b2)[KL],#c1[KL],(#a.#c3)[KL],#c1[KL],(#f1.#d3)[KL],#c1[KL],(#f1.f3)[KL],#c1[KL],(#a.#f3)[KL],#c1[KL],#f1[KL],#c1[KL],#f1[KL],#c1[KL],(b.#g2)[KL],#c1[KL],f1[KL],(#c1.#a2)[KL],(f1.#g2)[KL],#c1[KL],(b.#g2)[KL],#c1[KL],(f1.#a2)[KL],#c1[KL],(f1.b2)[KL],#c1[KL],(#a.c3)[KL],#c1[KL],(#f1.#c3)[KL],#c1[KL],(#f1.#a2)[KL],#c1[KL],(#a.#f2)[KL],#c1[KL],#f1[KL],#c1[KL],#f1[KL],#c1[KL],(b.#g2)[KL],"],"id":2},{"bpm":660,"baseBeats":1.5,"scores":["#c1[KL],f1[KL],(#c1.#a2)[KL],(f1.#g2)[KL],#c1[KL],(b.#g2)[KL],#c1[KL],(f1.#a2)[KL],#c1[KL],(f1.b2)[KL],#c1[KL],(#a.#c3)[KL],#c1[KL],(#f1.#d3)[KL],#c1[KL],(#f1.f3)[KL],#c1[KL],(#a.#f3)[KL],#c1[KL],#f1[KL],#c1[KL],#f1[KL],#c1[KL],(#c.#g2)[KL],b[KL],#c1[KL],(b.#a2)[KL],(#c1.#g2)[KL],b[KL],(#c.#g2)[KL],b[KL],(#c1.#a2)[KL],b[KL],(#c1.b2)[KL],b[KL],(#f.c3)[KL],#a[KL],(#c1.#c3)[KL],#a[KL],(#c1.#a2)[KLM],#a[KLN],(#f.#f2)[IJLN],#a1[KL],b1[KL],(#f.#a.#c2.#f1)[JK],(#f.c2)[KL],#c2[KL],(#f.c2)[KL],#c2[KL],(#f.b.#d2.#f1)[JK],#f[JK],(#f.a.c2)[JK],(#f.#a.#c2.#f1)[HK],(#f.#g.#d2)[KL],c2[KL],(f.f2)[KL],#c2[KL],(#d.#f2)[KL],#d2[KL],(f.#g2)[KL],#a2[KL],(#d.#g2)[KL],#f2[KL],(#c.f2)[KL],#g2[KL],(#d.#f2)[KL],#g2[KL],(#c.#f2)[KL],f2[KL],(c.#d2)[KL],#f2[KL],(#c.f2)[KL],#d2[KL],(f.#c2)[KL],c2[KL],(#g.#a1)[KLN],#g1[KLN],(#c.#c2)[IJMN],c2[KL],#c2[KL],(#c.b2)[KL],#g2[KL],f2[KL],#c2[KL],b1[KL],#g1[KL],#f1[KL],#c[KL],f[KL],#g[KL],(b.f1)[KL],#c1[KL],(#c.f1)[KL],#g1[KL],b1[KL],#c2[KL],f2[KL],#g2[KL],#c3[KL],#c[KL],f[KL],#g[KL],(b.b2)[KL],#c1[KL],(#c.b2)[KL],#g2[KL],f2[KL],#c2[KL],b1[KL],#g1[KL],#f1[KL],#c[KL],f[KL],#g[KL],(b.f1)[KL],#g[KL],(#f.#f1)[KL],#a1[KL],(#c.b1)[KL],#c2[KL],(#A-1.#d2)[KL],f2[KL],(#F-1.#f2)[IJ],c2[KL],#c2[KL],(#c.b2)[KL],#g2[KL],f2[KL],#c2[KL],b1[KL],#g1[KL],#f1[KL],#c[KL],f[KL],#g[KL],(b.f1)[KL],#c1[KL],(#c.f1)[KL],#g1[KL],b1[KL],#c2[KL],f2[KL],#g2[KL],#c3[KL],#c[KL],f[KL],#g[KL],(b.b2)[KL],#c1[KL],(#c.b2)[KL],#g2[KL],f2[KL],#c2[KL],b1[KL],#g1[KL],#f1[KL],#c[KL],f[KL],#g[KL],(b.f1)[KLN],#g[KL],(#f.#f1)[KLM],#a1[KLN],(#c.b1)[KLMN],#c2[KLM],(#A-1.#d2)[JN],f2[J],(#F-1.#f2)[HM],"],"id":3}],"audition":{"start":[0,0],"end":[1,0]}}