{"baseBpm":384,"musics":[{"bpm":384,"baseBeats":0.75,"scores":["ST,ST,ST,ST,ST,ST,mute[LM],mute[LM],mute[LM],mute[LM],ST,ST,mute[LM],mute[LM],mute[LM],mute[LM],ST,ST,mute[LM],mute[LM],mute[LM],mute[LM],ST,ST,mute[LM],mute[LM],mute[LM],mute[LM],ST,ST,mute[LM],mute[LM],mute[LM],mute[LM],ST,STW,SVW,mute[LM],RSU,ST,ST,ST,ST,ST,ST,mute[LM],mute[LM],mute[LM],mute[LM],ST,ST,mute[LM],mute[LM],mute[LM],mute[LM],ST,ST,mute[LM],mute[LM],mute[LM],mute[LM],ST,ST,mute[LM],mute[LM],mute[LM],mute[LM],ST,ST,mute[LM],mute[LM],mute[LM],mute[LM],ST,ST,SU,mute[LM],RSUW,SUV,ST,ST,ST,ST,ST,ST,ST,ST,ST,ST,ST,ST,TU,TU,TU,TU,TU,TU,TU,TU,TU,TU,TU,TU,ST,STW,T,TW,TW,STW,STVW,SUV,ST,ST,ST,ST,ST,ST,ST,ST,ST,ST,ST,ST,TU,TU,TU,TU,TU,TU,TU,TU,TU,","(c3.c2)[JK],(a2.a1)[JK],(f2.f1)[JK],(c2.c1.c)[JK],(f1.f2.a.A-1)[JK],(f.F-1)[JK],(g2.c.C-1)[LM],f2[LM],e2[LM],f2[LM],(c2.g2.e.E-1)[JK],(c2.g2)[JK],(a2.f)[LM],(g2.e)[LM],(f2.d)[LM],(g2.e)[LM],(c2.a2.f)[JK],f[JK],(#a2.g)[LM],(a2.f)[LM],(g2.e)[LM],(a2.f)[LM],(c2.#a2.g)[JK],(c2.#a2)[JK],(c3.a)[LM],(#a2.g)[LM],(a2.#f)[LM],(#a2.g)[LM],(c2.c3.a)[JK],a[JK],(d3.a)[LM],c3[LM],b2[LM],c3[LM],(d3.c3.#f)[JK],(d3.c3.g)[JKN],(b2.d3.G-1)[JMN],e3[LM],(c3.c)[IJL],(c3.c2)[JK],(a2.a1)[JK],(f2.f1)[JK],(c2.c1.c)[JK],(f1.f2.a.A-1)[JK],(f.F-1)[JK],(g2.c.C-1)[LM],f2[LM],e2[LM],f2[LM],(c2.g2.e.E-1)[JK],(c2.g2)[JK],(a2.f)[LM],(g2.e)[LM],(f2.d)[LM],(g2.e)[LM],(c2.a2.f)[JK],f[JK],(#a2.g)[LM],(a2.f)[LM],(g2.e)[LM],(a2.f)[LM],(c2.#a2.g)[JK],(c2.#a2)[JK],(c3.a)[LM],(#a2.g)[LM],(a2.#f)[LM],(#a2.g)[LM],(c2.c3.a)[JK],a[JK],(d3.a)[LM],c3[LM],b2[LM],c3[LM],(d3.c3.#f)[JK],(d3.c3.g)[JK],(b2.d3.G-1)[JL],e3[LM],(c3.c)[IJMN],d3[M],c3[JL],#a2[M],a2[JLM],g2[M],#f2[JLM],#d2[M],(d2.#f.a.c1)[JK],(d2.#f.a.c1)[JK],(g2.g.#a)[JLM],c3[M],#a2[JLM],a2[M],g2[JLM],f2[M],e2[JLM],d2[M],(c2.e.g.#a)[JK],(c2.e.g.#a)[JK],(f2.f.a)[JK],(c2.c1)[JK],(a1.a)[KL],a1[KL],(#a1.f1.f)[KL],c2[KL],(d2.c1.c)[KL],e2[KL],(f2.a.A-1)[KL],c2[KL],(d2.f.F-1)[KL],e2[KL],(f2.B-1.B-2)[KL],g2[KL],(a2.c.C-1)[JK],(#a2.c.g.#a)[JKN],(c.g.#a)[K],g2[KN],e2[KN],(f2.f.a)[JKN],f1[JKN],d3[M],c3[JL],#a2[M],a2[JLM],g2[M],#f2[JLM],#d2[M],(d2.#f.a.c1)[JK],(d2.#f.a.c1)[JK],(g2.g.#a)[JLM],c3[M],#a2[JLM],a2[M],g2[JLM],f2[M],e2[JLM],d2[M],(c2.e.g.#a)[JK],(c2.e.g.#a)[JK],(f2.f.a)[JK],(c2.c1)[JK],(a1.a)[KL],a1[KL],(#a1.f1.f)[KL],c2[KL],(d2.c1.c)[KL],e2[KL],(f2.a.A-1)[KL],c2[KL],(d2.f.F-1)[KL],"],"id":1},{"bpm":384,"baseBeats":0.75,"scores":["e2[KL],(f2.B-1.B-2)[KL],g2[KL],(a2.c.C-1)[JKN],(#a2.c.g.#a)[JKN],(c.g.#a)[KN],g2[K],e2[KN],(f2.f.a)[JKN],f1[JKM],(f1.a1)[JM],(g1.#a1)[LM],(a1.c2.F-1)[JK],f[JK],(#a1.d2)[JM],(b1.#g1)[LM],(a1.c2.F-1)[JK],f[JK],(g1.#a1)[JM],(e1.g1)[LM],(f1.a1.f)[JK],(g1.#a1.#A-1)[JKN],(#a.e1.g1.c)[JKN],(a.f1.F-1)[JKM],f[JKN],(d1.f1.d)[KL],a1[KL],(#c1.e1.A-1)[KL],a1[KL],(e1.g1)[KL],a1[KL],(d1.f1.d)[KL],a1[KL],(#c1.e1.A-1)[KL],a1[KL],(e1.g1)[KL],a1[KL],(d1.f1.d)[KL],a1[KL],(#c1.e1.A-1)[KL],a1[KL],(c1.e1.e)[KLN],a1[KL],(b.#g1.e)[KLN],(d1.b1)[KLN],(c1.a1.A-1)[IJMN],(f1.a1)[JM],(g1.#a1)[LM],(a1.c2.F-1)[JK],f[JK],(#a1.d2)[JM],(b1.#g1)[LM],(a1.c2.F-1)[JK],f[JK],(g1.#a1)[JM],(e1.g1)[LM],(f1.a1.f)[JK],(g1.#a1.#A-1)[JKN],(#a.e1.g1.c)[JKN],(a.f1.F-1)[JKM],f[JKM],(d1.f1.d)[KL],a1[KL],(#c1.e1.A-1)[KL],a1[KL],(e1.g1)[KL],a1[KL],(d1.f1.d)[KL],a1[KL],(#c1.e1.A-1)[KL],a1[KL],(e1.g1)[KL],a1[KL],(d1.f1.d)[KL],a1[KL],(#c1.e1.A-1)[KL],a1[KL],(c1.e1.e)[KL],a1[KL],(b.#g1.e)[KLN],(d1.b1)[KLN],(c1.a1.A-1)[IJMN],(a1.f1.f)[KL],c2[KL],(e1.g1.c)[KL],c2[KL],(g1.#a1.e)[KL],c2[KL],(f1.a1.f)[KL],c2[KL],(e1.g1.c)[KL],c2[KL],(g1.#a1.e)[KL],c2[KL],(f1.a1.f)[KL],c2[KL],(e1.g1.c)[KL],c2[KL],(e1.g1.e)[KL],c2[KL],(f1.b1.g)[KL],d2[KL],(e1.c2.c)[KL],b1[KL],c2[KLN],b1[KL],c2[KLN],b1[KLN],(a1.c2.F-1)[JK],f[JK],(#a1.d2)[JM],(b1.#g1)[LM],(a1.c2.F-1)[JK],f[JK],(g1.#a1)[JM],(e1.g1)[LM],(f1.a1.f)[JK],(g1.#a1.#A-1)[JKN],(#a.e1.g1.c)[JKN],(c1.a.f1.f.F-1)[IJL],(a1.f1.f)[KL],c2[KL],(e1.g1.c)[KL],c2[KL],(g1.#a1.e)[KL],c2[KL],(f1.a1.f)[KL],c2[KL],(e1.g1.c)[KL],c2[KL],(g1.#a1.e)[KL],c2[KL],(f1.a1.f)[KL],c2[KL],(e1.g1.c)[KL],c2[KL],(e1.g1.e)[KL],c2[KL],(f1.b1.g)[KL],"],"id":2},{"bpm":384,"baseBeats":0.75,"scores":["TU,TU,TU,TU,TU,TUW,TUV,ST,ST,SV,mute[LM],ST,ST,SV,mute[LM],STW,ST,STV,RSVW,ST,ST,ST,ST,ST,ST,mute[LM],mute[LM],mute[LM],mute[LM],ST,ST,mute[LM],mute[LM],mute[LM],mute[LM],ST,ST,mute[LM],mute[LM],mute[LM],mute[LM],ST,ST,mute[LM],mute[LM],mute[LM],mute[LM],ST,ST,mute[LM],mute[LM],mute[LM],mute[LM],ST,STW,SU,mute[LM],RSU,SUV,ST,ST,ST,ST,ST,ST,ST,ST,ST,ST,ST,ST,TU,TU,TU,TU,TU,TU,TU,TU,TU,TU,TU,TU,ST,ST,T,T,T,ST,STV,SUV,ST,ST,ST,STV,STW,ST,ST,ST,ST,STW,STW,ST,TU,TU,TU,TU,TU,TU,TU,TU,TU,TU,TUW,TU,STV,STU,TV,TV,TV,STUVW,RSTUW,","d2[KL],(e1.c2.c)[KL],b1[KL],c2[KL],b1[KL],c2[KLN],b1[KLM],(a1.c2.F-1)[JK],f[JK],(#a1.d2)[JM],(b1.#g1)[LM],(a1.c2.F-1)[JK],f[JK],(g1.#a1)[JM],(e1.g1)[LM],(f1.a1.f)[JKN],(g1.#a1.#A-1)[JK],(#a.e1.g1.c)[JKM],(c1.a.f1.f.F-1)[IJMN],(c3.c2)[JK],(a2.a1)[JK],(f2.f1)[JK],(c2.c1.c)[JK],(f1.f2.a.A-1)[JK],(f.F-1)[JK],(g2.c.C-1)[LM],f2[LM],e2[LM],f2[LM],(c2.g2.e.E-1)[JK],(c2.g2)[JK],(a2.f)[LM],(g2.e)[LM],(f2.d)[LM],(g2.e)[LM],(c2.a2.f)[JK],f[JK],(#a2.g)[LM],(a2.f)[LM],(g2.e)[LM],(a2.f)[LM],(c2.#a2.g)[JK],(c2.#a2)[JK],(c3.a)[LM],(#a2.g)[LM],(a2.#f)[LM],(#a2.g)[LM],(c2.c3.a)[JK],a[JK],(d3.a)[LM],c3[LM],b2[LM],c3[LM],(d3.c3.#f)[JK],(d3.c3.g)[JKN],(b2.d3.G-1)[JMN],e3[LMN],(c3.c)[IJM],d3[M],c3[JL],#a2[M],a2[JLM],g2[M],#f2[JLM],#d2[M],(d2.#f.a.c1)[JK],(d2.#f.a.c1)[JK],(g2.g.#a)[JLM],c3[M],#a2[JLM],a2[M],g2[JLM],f2[M],e2[JLM],d2[M],(c2.e.g.#a)[JK],(c2.e.g.#a)[JK],(f2.f.a)[JK],(c2.c1)[JK],(a1.a)[KL],a1[KL],(#a1.f1.f)[KL],c2[KL],(d2.c1.c)[KL],e2[KL],(f2.a.A-1)[KL],c2[KL],(d2.f.F-1)[KL],e2[KL],(f2.B-1.B-2)[KL],g2[KL],(a2.c.C-1)[JK],(#a2.c.g.#a)[JK],(c.g.#a)[K],g2[K],e2[K],(f2.f.a)[JK],f1[JK],d3[M],c3[JL],#a2[M],a2[JLM],g2[M],#f2[JLM],#d2[M],(d2.#f.a.c1)[JK],(d2.#f.a.c1)[JKM],(g2.g.#a)[JLMN],c3[M],#a2[JLM],a2[M],g2[JLM],f2[M],e2[JLM],d2[M],(c2.e.g.#a)[JK],(c2.e.g.#a)[JKN],(f2.f.a)[JKN],(c2.c1)[JK],(a1.a)[KL],a1[KL],(#a1.f1.f)[KL],c2[KL],(d2.c1.c)[KL],e2[KL],(f2.a.A-1)[KL],c2[KL],(d2.f.F-1)[KL],e2[KL],(f2.B-1.B-2)[KLN],g2[KL],(a2.c.C-1)[JKM],(#a2.c.g.#a)[JKL],(c.g.#a)[KM],g2[KM],e2[KM],(f2.f.a)[JKLMN],f1[IJKLN],"],"id":3}],"audition":{"start":[0,0],"end":[1,0]}}