{"baseBpm":384,"musics":[{"bpm":384,"baseBeats":0.75,"scores":["ST,ST,TU,TU,TU,TU,ST,ST,ST,TU,TU,TU,TU,TU,TU,STW,STW,TU,TU,TU,TU,TU,TU,TU,TU,TU,TU,TU,TU,TU,TU,TU,TU,TUW,TU,TUW,TU,STV,STV,ST,ST,TU,TU,TU,TU,ST,ST,ST,TU,TU,TU,TU,TU,TU,ST,STV,TU,TU,TU,TU,TU,TU,TU,TU,TU,TU,TU,TU,TU,TU,TU,TU,TU,TUW,TUW,TU,STV,STV,TU,TU,TU,TU,TU,TU,5<UV>,5<UV>,mute[LM],mute[LM],TU,TU,TU,TU,TU,TU,TU,TU,TU,TU,5<UV>,5<UV>,mute[LM],mute[LM],ST,ST,TU,TU,TU,TU,TU,TU,TU,TU,TU,TU,TU,TU,TU,TU,TU,TU,TU,TU,TUW,TUW,STV,STW,TU,TU,TU,TU,TU,TU,5<UV>,5<UV>,mute[LM],mute[LM],TU,TU,TU,TU,TU,TU,TUW,TU,TUW,TUV,5<UV>,5<UV>,mute[LM],mute[LM],STV,","d2[JK],(g1.b1.d2.g2.G-1.B-1.d.g)[JK],(b1.g2.b.g1)[KL],(b1.g2.b.g1)[KL],(b1.g2.b.g1)[KL],(b1.g2.b.g1)[KL],(d2.b2.G-1.B-1.d.g)[JK],(b1.g2.b.g1)[JK],(b2.g2.b1.g1)[JK],(#f2.d3.d1.a1)[KL],(#f2.d3.d1.a1)[KL],(#f2.d3.d1.a1)[KL],(#f2.d3.d1.a1)[KL],(#f2.d3.d1.a1)[KL],(#f2.d3.d1.a1)[KL],(b2.g2.b1.g1)[JKN],(b1.g2.b.g1)[JKN],d2[KL],d3[KL],d3[KL],(b2.B-1)[KL],(b2.d)[KL],(g2.g)[KL],(g2.b)[KL],(d2.B-1)[KL],d2[KL],(#d2.c)[KL],(#d2.e)[KL],(e2.a)[KL],(e2.c1)[KL],(c2.c)[KL],c2[KL],a1[KL],(a1.d.a.c1)[KLN],#f1[KL],(#f1.c1.a.d)[KLN],d1[KL],(b.g1.g)[JKM],G-1[JKM],d2[JK],(g1.b1.d2.g2.G-1.B-1.d.g)[JK],(b1.g2.b.g1)[KL],(b1.g2.b.g1)[KL],(b1.g2.b.g1)[KL],(b1.g2.b.g1)[KL],(d2.b2.G-1.B-1.d.g)[JK],(b1.g2.b.g1)[JK],(b2.g2.b1.g1)[JK],(#f2.d3.d1.a1)[KL],(#f2.d3.d1.a1)[KL],(#f2.d3.d1.a1)[KL],(#f2.d3.d1.a1)[KL],(#f2.d3.d1.a1)[KL],(#f2.d3.d1.a1)[KL],(b2.g2.b1.g1)[JK],(b1.g2.b.g1)[JKM],d2[KL],d3[KL],d3[KL],(b2.B-1)[KL],(b2.d)[KL],(g2.g)[KL],(g2.b)[KL],(d2.B-1)[KL],d2[KL],(#d2.c)[KL],(#d2.e)[KL],(e2.a)[KL],(e2.c1)[KL],(c2.c)[KL],c2[KL],a1[KL],(a1.d.a.c1)[KL],#f1[KLN],(#f1.c1.a.d)[KLN],d1[KL],(b.g1.g)[JKM],G-1[JKM],(g1.b1.d1.d)[KL],g2[KL],(#f1.a1.#d1.#d)[KL],#f2[KL],(#f1.a1.d1.d)[KL],#f2[KL],(#f2.c1.c)[L],g2[L],#f2[L],e2[LM],#f2[LM],(g2.b.B-1)[KL],d2[KL],(b1.g.G-1)[KL],g1[KL],(b1.d2.g.G-1)[KL],b2[KL],(b1.d2.#g.#G-1)[KL],b2[KL],(b1.d2.g.G-1)[KL],b2[KL],(b2.f.F-1)[L],c3[L],b2[L],a2[LM],b2[LM],(c3.e.E-1)[JK],c1[JK],e3[KL],e3[KL],e3[KL],(c3.c)[KL],(c3.e)[KL],(a2.a)[KL],(c3.c1)[KL],(c3.c)[KL],c3[KL],(a2.d)[KL],(a2.#f)[KL],(#f2.a)[KL],(#f2.c1)[KL],(d2.d)[KL],d2[KL],c2[KL],(c2.d.a.c1)[KL],a1[KL],(a1.d.a.c1)[KLN],#f1[KLN],(b.g1.g)[JKM],G-1[JKN],(g1.b1.d1.d)[KL],g2[KL],(#f1.a1.#d1.#d)[KL],#f2[KL],(#f1.a1.d1.d)[KL],#f2[KL],(#f2.c1.c)[L],g2[L],#f2[L],e2[LM],#f2[LM],(g2.b.B-1)[KL],d2[KL],(b1.g.G-1)[KL],g1[KL],(b1.d2.g.G-1)[KL],b2[KL],(b1.d2.#g.#G-1)[KLN],b2[KL],(b1.d2.g.G-1)[KLN],b2[KLN],(b2.f.F-1)[L],c3[L],b2[L],a2[LMN],b2[LM],(c3.e.E-1)[JKM],"],"id":1},{"bpm":384,"baseBeats":0.75,"scores":["c1[JKN],e3[KL],e3[KL],e3[KL],(c3.c)[KL],(c3.e)[KL],(a2.a)[KL],(c3.c1)[KL],(c3.c)[KL],c3[KL],(a2.d)[KL],(a2.#f)[KL],(#f2.a)[KL],(#f2.c1)[KL],(d2.d)[KL],d2[KL],c2[KL],(c2.d.a.c1)[KLN],a1[KL],(a1.d.a.c1)[KLN],#f1[KLN],(b.g1.g)[JKN],G-1[JKM],d1[JK],(b.g1)[JK],(d1.a1)[JK],(g1.b1)[JK],(c2.a1)[KL],#c2[KL],d2[KL],d2[KL],(d2.g1.b1)[KL],d2[KL],(d1.a1)[KL],#c2[KL],(d2.d1.a1)[KL],d2[KL],(d2.g1.b1)[KL],d2[KL],(d1.a1)[KL],#c2[KL],d2[KL],d2[KLN],(d2.b)[KLN],d2[KLN],(g1.d2.g2.b)[KL],d1[KL],(a1.d2.a2.a)[KL],d1[KL],(b1.d2.b2.#g)[KL],d1[KL],(d2.b2.#g.d1.e1)[KL],#c2[KL],d2[KL],d2[KL],(d2.e2.b.d1.#g1)[KL],d2[KL],(d2.e2.a.e1.g1)[KL],#c2[KL],(#c2.a.e1.g1)[KL],(#f2.#c2)[KLN],(g2.#c2.a.e1.g1)[KL],(a2.#c2)[KLN],(d2.d1.#f1)[IJMN],d1[JK],(b.g1)[JK],(d1.a1)[JK],(g1.b1)[JK],(c2.a1)[KL],#c2[KL],d2[KL],d2[KL],(d2.g1.b1)[KL],d2[KL],(d1.a1)[KL],#c2[KL],(d2.d1.a1)[KL],d2[KL],(d2.g1.b1)[KL],d2[KL],(d1.a1)[KL],#c2[KL],d2[KLN],d2[KL],(d2.b)[KLN],d2[KLN],(g1.d2.g2.b)[KL],d1[KL],(a1.d2.a2.a)[KL],d1[KL],(b1.d2.b2.#g)[KL],d1[KL],(d2.b2.#g.d1.e1)[KL],#c2[KL],d2[KL],d2[KL],(d2.e2.b.d1.#g1)[KL],d2[KL],(d2.e2.a.e1.g1)[KL],#c2[KL],(#c2.a.e1.g1)[KLN],(#f2.#c2)[KL],(g2.#c2.a.e1.g1)[KLN],(a2.#c2)[KLN],(d2.d1.#f1)[IJMN],(d1.a1)[JK],(g1.b1)[KL],#c2[KL],(d2.a1.c2)[KL],d2[KL],(d2.g1.b1)[KL],d2[KL],(a2.#f2.d.a)[KL],d2[KL],(b2.g2.g.b)[KL],d2[KL],(#f2.a2.d.a)[KL],d2[KL],(g1.b1)[KL],(#c2.g1.b1)[KL],(d2.a1.c2)[KL],(d2.a1.c2)[KL],(d2.g1.b1)[KL],d2[KL],(#f2.a2.d.a)[KL],(#f2.a2.d.a)[KLN],(g2.b2.g.b)[KL],(g2.b2.g.b)[KLN],(#f2.a2.d.a)[JKM],(c2.g2.c3.e.g.c1)[JK],(d2.g2.d3.d.g.b)[JK],(e2.g2.e3.#c.g.a)[JK],(e2.g2.e3.g.#c.a)[IJ],(a2.g2.e.g.#c1)[JK],(g2.a2.d.a.c1)[KL],#f2[KL],(#f2.a.c1.d)[KL],(b2.#f2)[KLN],(c3.#f2.d.a.c1)[KL],(d3.#f2)[KLN],(g2.b.g)[IJMN],(d1.a1)[JK],(g1.b1)[KL],#c2[KL],(d2.a1.c2)[KL],d2[KL],(d2.g1.b1)[KL],d2[KL],(a2.#f2.d.a)[KL],d2[KL],(b2.g2.g.b)[KL],d2[KL],(#f2.a2.d.a)[KL],d2[KL],(g1.b1)[KL],(#c2.g1.b1)[KL],(d2.a1.c2)[KL],(d2.a1.c2)[KL],"],"id":2},{"bpm":384,"baseBeats":0.75,"scores":["TU,TU,TUW,TU,TUW,TUW,STW,ST,ST,ST,RS,ST,TU,TU,TUW,TU,TUW,TUW,RSVW,ST,ST,TU,TU,TU,TU,ST,ST,ST,TU,TU,TU,TU,TU,TU,STW,STW,TU,TU,TU,TU,TU,TU,TU,TU,TU,TU,TU,TU,TU,TU,TU,TU,TUW,TU,TUW,TUW,STW,STV,TU,TU,TU,TU,TU,TU,5<UV>,5<UV>,mute[LM],mute[LM],TU,TU,TU,TU,TU,TU,TU,TUW,TU,TUV,5<UV>,5<UV>,mute[LM],mute[LM],STV,STW,TU,TU,TU,TU,TU,TU,TU,TU,TU,TU,TU,TU,TU,TU,TU,TU,TU,TU,TUW,TU,STV,STW,TU,TU,TU,TU,TU,TU,5<UV>,5<UV>,mute[LM],mute[LM],TU,TU,TU,TU,TU,TU,TUW,TU,TUW,TUV,5<UV>,5<UV>,mute[LM],mute[LM],STW,STW,TU,TU,TU,TU,TU,TU,TU,TU,TU,TU,TU,TU,TU,TU,TUW,TU,TUW,TUW,TUV,TUVW,STUVW,STUVW,","(d2.g1.b1)[KL],d2[KL],(#f2.a2.d.a)[KLN],(#f2.a2.d.a)[KL],(g2.b2.g.b)[KLN],(g2.b2.g.b)[KLN],(#f2.a2.d.a)[JKN],(c2.g2.c3.e.g.c1)[JK],(d2.g2.d3.d.g.b)[JK],(e2.g2.e3.#c.g.a)[JK],(e2.g2.e3.g.#c.a)[IJ],(a2.g2.e.g.#c1)[JK],(g2.a2.d.a.c1)[KL],#f2[KL],(#f2.a.c1.d)[KLN],(b2.#f2)[KL],(c3.#f2.d.a.c1)[KLN],(d3.#f2)[KLN],(g2.b.g)[IJMN],d2[JK],(g1.b1.d2.g2.G-1.B-1.d.g)[JK],(b1.g2.b.g1)[KL],(b1.g2.b.g1)[KL],(b1.g2.b.g1)[KL],(b1.g2.b.g1)[KL],(d2.b2.G-1.B-1.d.g)[JK],(b1.g2.b.g1)[JK],(b2.g2.b1.g1)[JK],(#f2.d3.d1.a1)[KL],(#f2.d3.d1.a1)[KL],(#f2.d3.d1.a1)[KL],(#f2.d3.d1.a1)[KL],(#f2.d3.d1.a1)[KL],(#f2.d3.d1.a1)[KL],(b2.g2.b1.g1)[JKN],(b1.g2.b.g1)[JKN],d2[KL],d3[KL],d3[KL],(b2.B-1)[KL],(b2.d)[KL],(g2.g)[KL],(g2.b)[KL],(d2.B-1)[KL],d2[KL],(#d2.c)[KL],(#d2.e)[KL],(e2.a)[KL],(e2.c1)[KL],(c2.c)[KL],c2[KL],a1[KL],(a1.d.a.c1)[KLN],#f1[KL],(#f1.c1.a.d)[KLN],d1[KLN],(b.g1.g)[JKN],G-1[JKM],(g1.b1.d1.d)[KL],g2[KL],(#f1.a1.#d1.#d)[KL],#f2[KL],(#f1.a1.d1.d)[KL],#f2[KL],(#f2.c1.c)[L],g2[L],#f2[L],e2[LM],#f2[LM],(g2.b.B-1)[KL],d2[KL],(b1.g.G-1)[KL],g1[KL],(b1.d2.g.G-1)[KL],b2[KL],(b1.d2.#g.#G-1)[KL],b2[KLN],(b1.d2.g.G-1)[KL],b2[KLN],(b2.f.F-1)[L],c3[L],b2[L],a2[LMN],b2[LM],(c3.e.E-1)[JKM],c1[JKN],e3[KL],e3[KL],e3[KL],(c3.c)[KL],(c3.e)[KL],(a2.a)[KL],(c3.c1)[KL],(c3.c)[KL],c3[KL],(a2.d)[KL],(a2.#f)[KL],(#f2.a)[KL],(#f2.c1)[KL],(d2.d)[KL],d2[KL],c2[KL],(c2.d.a.c1)[KL],a1[KL],(a1.d.a.c1)[KLN],#f1[KL],(b.g1.g)[JKM],G-1[JKN],(g1.b1.d1.d)[KL],g2[KL],(#f1.a1.#d1.#d)[KL],#f2[KL],(#f1.a1.d1.d)[KL],#f2[KL],(#f2.c1.c)[L],g2[L],#f2[L],e2[LM],#f2[LM],(g2.b.B-1)[KL],d2[KL],(b1.g.G-1)[KL],g1[KL],(b1.d2.g.G-1)[KL],b2[KL],(b1.d2.#g.#G-1)[KLN],b2[KL],(b1.d2.g.G-1)[KLN],b2[KL],(b2.f.F-1)[L],c3[L],b2[L],a2[LMN],b2[LMN],(c3.e.E-1)[JKN],c1[JKN],e3[KL],e3[KL],e3[KL],(c3.c)[KL],(c3.e)[KL],(a2.a)[KL],(c3.c1)[KL],(c3.c)[KL],c3[KL],(a2.d)[KL],(a2.#f)[KL],(#f2.a)[KL],(#f2.c1)[KL],(d2.d)[KL],d2[KLN],c2[KL],(c2.d.a.c1)[KLN],a1[KLN],(a1.d.a.c1)[KLM],#f1[KLMN],(b.g1.g)[JKLMN],G-1[JKLMN],"],"id":3}],"audition":{"start":[0,0],"end":[1,0]}}