{"baseBpm":86,"musics":[{"id":1,"baseBeats":0.5,"scores":["b4[L],#a4[L],a4[L],#g4[L],g4[L],#f4[L],f4[L],e4[L],#d4[L],d4[L],#c4[L],c4[L],b3[L],#a3[L],a3[L],#g3[L],g3[L],#f3[L],f3[L],e3[L],#d3[L],d3[L],#c3[L],c3[L],b2[L],#a2[L],a2[L],#g2[L],g2[L],#f2[L],f2[L],e2[L],#d2[L],d2[L],#c2[L],c2[L],b[L],#a[L],a[L],#g[L],g[L],#f[L],f[L],e[L],#d[L],d[L],#c[L],c[L],B-1[L],#A-1[L],A-1[L],#G-1[L],G-1[L],#F-1[L],F-1[L],E-1[L],#D-1[L],D-1[L],#C-1[L],C-1[L],B-2[L],#A-2[L],A-2[L],#G-2[L],G-2[L],#F-2[L],F-2[L],E-2[L],#D-2[L],D-2[L],#C-2[L],C-2[L],B-3[L],#A-3[L],A-3[L],b4[L],#a4[L],a4[L],#g4[L],g4[L],#f4[L],f4[L],e4[L],#d4[L],d4[L],#c4[L],c4[L],b3[L],#a3[L],a3[L],#g3[L],g3[L],#f3[L],f3[L],e3[L],#d3[L],d3[L],#c3[L],c3[L],b2[L],#a2[L],a2[L],#g2[L],g2[L],#f2[L],f2[L],e2[L],#d2[L],d2[L],#c2[L],c2[L],b[L],#a[L],a[L],#g[L],g[L],#f[L],f[L],e[L],#d[L],d[L],#c[L],c[L],B-1[L],#A-1[L],A-1[L],#G-1[L],G-1[L],#F-1[L],F-1[L],E-1[L],#D-1[L],D-1[L],#C-1[L],C-1[L],B-2[L],#A-2[L],A-2[L],#G-2[L],G-2[L],#F-2[L],F-2[L],E-2[L],#D-2[L],D-2[L],#C-2[L],C-2[L],B-3[L],#A-3[L],A-3[L];"]},{"id":2,"baseBeats":0.5,"scores":["b4[L],#a4[L],a4[L],#g4[L],g4[L],#f4[L],f4[L],e4[L],#d4[L],d4[L],#c4[L],c4[L],b3[L],#a3[L],a3[L],#g3[L],g3[L],#f3[L],f3[L],e3[L],#d3[L],d3[L],#c3[L],c3[L],b2[L],#a2[L],a2[L],#g2[L],g2[L],#f2[L],f2[L],e2[L],#d2[L],d2[L],#c2[L],c2[L],b[L],#a[L],a[L],#g[L],g[L],#f[L],f[L],e[L],#d[L],d[L],#c[L],c[L],B-1[L],#A-1[L],A-1[L],#G-1[L],G-1[L],#F-1[L],F-1[L],E-1[L],#D-1[L],D-1[L],#C-1[L],C-1[L],B-2[L],#A-2[L],A-2[L],#G-2[L],G-2[L],#F-2[L],F-2[L],E-2[L],#D-2[L],D-2[L],#C-2[L],C-2[L],B-3[L],#A-3[L],A-3[L],b4[L],#a4[L],a4[L],#g4[L],g4[L],#f4[L],f4[L],e4[L],#d4[L],d4[L],#c4[L],c4[L],b3[L],#a3[L],a3[L],#g3[L],g3[L],#f3[L],f3[L],e3[L],#d3[L],d3[L],#c3[L],c3[L],b2[L],#a2[L],a2[L],#g2[L],g2[L],#f2[L],f2[L],e2[L],#d2[L],d2[L],#c2[L],c2[L],b[L],#a[L],a[L],#g[L],g[L],#f[L],f[L],e[L],#d[L],d[L],#c[L],c[L],B-1[L],#A-1[L],A-1[L],#G-1[L],G-1[L],#F-1[L],F-1[L],E-1[L],#D-1[L],D-1[L],#C-1[L],C-1[L],B-2[L],#A-2[L],A-2[L],#G-2[L],G-2[L],#F-2[L],F-2[L],E-2[L],#D-2[L],D-2[L],#C-2[L],C-2[L],B-3[L],#A-3[L],A-3[L];"]},{"id":3,"baseBeats":0.5,"scores":["b4[L],#a4[L],a4[L],#g4[L],g4[L],#f4[L],f4[L],e4[L],#d4[L],d4[L],#c4[L],c4[L],b3[L],#a3[L],a3[L],#g3[L],g3[L],#f3[L],f3[L],e3[L],#d3[L],d3[L],#c3[L],c3[L],b2[L],#a2[L],a2[L],#g2[L],g2[L],#f2[L],f2[L],e2[L],#d2[L],d2[L],#c2[L],c2[L],b[L],#a[L],a[L],#g[L],g[L],#f[L],f[L],e[L],#d[L],d[L],#c[L],c[L],B-1[L],#A-1[L],A-1[L],#G-1[L],G-1[L],#F-1[L],F-1[L],E-1[L],#D-1[L],D-1[L],#C-1[L],C-1[L],B-2[L],#A-2[L],A-2[L],#G-2[L],G-2[L],#F-2[L],F-2[L],E-2[L],#D-2[L],D-2[L],#C-2[L],C-2[L],B-3[L],#A-3[L],A-3[L],b4[L],#a4[L],a4[L],#g4[L],g4[L],#f4[L],f4[L],e4[L],#d4[L],d4[L],#c4[L],c4[L],b3[L],#a3[L],a3[L],#g3[L],g3[L],#f3[L],f3[L],e3[L],#d3[L],d3[L],#c3[L],c3[L],b2[L],#a2[L],a2[L],#g2[L],g2[L],#f2[L],f2[L],e2[L],#d2[L],d2[L],#c2[L],c2[L],b[L],#a[L],a[L],#g[L],g[L],#f[L],f[L],e[L],#d[L],d[L],#c[L],c[L],B-1[L],#A-1[L],A-1[L],#G-1[L],G-1[L],#F-1[L],F-1[L],E-1[L],#D-1[L],D-1[L],#C-1[L],C-1[L],B-2[L],#A-2[L],A-2[L],#G-2[L],G-2[L],#F-2[L],F-2[L],E-2[L],#D-2[L],D-2[L],#C-2[L],C-2[L],B-3[L],#A-3[L],A-3[L];"]}]}