{"baseBpm":120,"musics":[{"id":1,"baseBeats":0.25,"scores":["g2[K],d3[K],g4[L],c3[L],10<(c.e.g)[K],(c.e.g)[M]>,(c.d.e.f.g.a.b)[L],(c.d.e.f.g.a.b)[L],(c.d.e.f.g.a.b)[L],(c.d.e.f.g.a.b)[L],5<g2[N],g4[N]>,5<g2[N],g4[N]>,5<g2[N],g4[N]>,5<g2[N],g4[N]>,5<g2[N],g4[N]>,5<g2[N],g4[N]>,5<g2[N],g4[N]>,5<g2[N],g4[N]>,8<(g1~g2~g3~g4~g3~g2~g1)[L]>,8<(g1~g2~g3~g4~g3~g2~g1)[L]>,8<(g1~g2~g3~g4~g3~g2~g1)[L]>,A-2[J];"]},{"id":2,"baseBeats":0.25,"scores":["b1[L],b1[M],a1[M],b1[L],b1[M],a1[M];b1[L],b1[M],a1[M],b1[M],a1[M],e1[M],c1[M];g1[L],a1[M],f1[KM];3<f3[N],d3[N],a2[N],f2[N],d3[N],a2[N],f2[N],d2[N],a2[N],f2[N],d2[N],a1[N],f2[N],d2[N],a1[N],f1[N],a1[N],d2[N],f2[N],a1[N],d2[N],f2[N],a2[N],d2[N],f2[N],a2[N],d3[N],f2[N],a2[N],d3[N],f3[N]>,a1[JK],8<(#g3~a3~#a3)[M]>,(d2.f2.#g2.b2.d3.b3)[L],8<(#g2~a2~#a2)[M]>;(d1.f1.#g1.b1.d2.b2)[L],8<(#g1~a1~#a1)[M]>,(d.f.#g.b.d1.b1)[L],7<(B-1~c~d~e~f~g~a~b~c1~d1~e1~f1~g1~a1~b1~c2~d2~e2~f2~g2)[L]>,(#g2.b2)[L];(B-3.B-2.D-1.#F-1.B-1)[I],(D-1.d)[L],(#C-1.#c)[L],(B-2.B-1)[M],(A-2.A-1)[M],(G-2.G-1)[M],(#F-2.#F-1)[M],(B-2.B-1)[M],(A-2.A-1)[M],(G-2.G-1)[M],(#F-2.#F-1)[M],(B-2.B-1)[M],(A-2.A-1)[M],(G-2.G-1)[M],(#F-2.#F-1)[M],10<(c.e.g)[K],G-1[M],A-1[M],B-1[M]>,U,U,U,7<(A-3~G-2~C-1~A-1~g~c)[LM]>,U,(g1.g3)[K],g[LM];"]},{"id":3,"baseBeats":0.25,"scores":["c2[L],g2[L],g3[L],g4[L],#g4[L],3<b2[M],a2[M],e2[M],b2[M],a2[M],e2[M],b2[M],a2[M],e2[M],b2[M],a2[M],e2[M],b2[M],a2[M],e2[M],b2[M],a2[M],e2[M],b2[M],a2[M],e2[M],b2[M],a2[M],e2[M],b2[M],a2[M],e2[M],(c.e.g)[M],b2[M],a2[M],e2[M],b2[M],a2[M],e2[M],b2[M],a2[M],e2[M],b2[M],a2[M],e2[M],b2[M],a2[M],e2[M],b2[M],a2[M],e2[M],b2[M],a2[M],e2[M],b2[M],a2[M],e2[M],b2[M],a2[M],e2[M],(c.e.g)[M],b2[M],a2[M],e2[M],b2[M],a2[M],e2[M],b2[M],a2[M],e2[M],b2[M],a2[M],e2[M],b2[M],a2[M],e2[M],b2[M],a2[M],e2[M],b2[M],a2[M],e2[M],b2[M],a2[M],e2[M],b2[M],a2[M],e2[M],(c.e.g)[M],b2[M],a2[M],e2[M],b2[M],a2[M],e2[M],b2[M],a2[M],e2[M],b2[M],a2[M],e2[M],b2[M],a2[M],e2[M],b2[M],a2[M],e2[M],b2[M],a2[M],e2[M],b2[M],a2[M],e2[M],b2[M],a2[M],e2[M],(c.e.g)[M],b2[M],a2[M],e2[M],b2[M],a2[M],e2[M],b2[M],a2[M],e2[M],b2[M],a2[M],e2[M],b2[M],a2[M],e2[M],b2[M],a2[M],e2[M],b2[M],a2[M],e2[M],b2[M],a2[M],e2[M],b2[M],a2[M],e2[M],(c.e.g)[M]>,U,U,5<g1[N],c3[N]>,5<g1[N],c3[N]>,U,5<g1[N],c3[N]>,5<g1[N],c3[N]>,U,5<g1[N],c3[N]>,U,5<g1[N],c3[N]>,U,5<g1[N],c3[N]>,5<g1[N],c3[N]>,5<g1[N],c3[N]>,(c.e.g)[I],(B-1.d.f)[I],7<(b2~a2~e2)[L]>,(b2.a2.e2)[I];"]}],"audition":{"start":[0,0],"end":[2,4]}}