{"baseBpm":165,"musics":[{"bpm":165,"baseBeats":0.25,"scores":["mute[JKLM],mute[LM],mute[LM],mute[LM],mute[JKLM],mute[LM],mute[LM],mute[LM],mute[JKLM],mute[LM],mute[LM],mute[LM],mute[JM],mute[KL],mute[KL],mute[KL],mute[LM],mute[LM],mute[MN],mute[MN],mute[LM],mute[LM],mute[LM],mute[LM],mute[KL],mute[KL],mute[LM],mute[LM],mute[LM],mute[LM],mute[LM],mute[LM],mute[LM],mute[LM],mute[LM],mute[LM],mute[LM],mute[LM],mute[KL],mute[LM],mute[KL],mute[LM],mute[LM],mute[KL],mute[LM],mute[LM],mute[MN],mute[MN],mute[LM],mute[LM],mute[KL],mute[LM],mute[LM],mute[KL],mute[KL],mute[KN],mute[MN],mute[LM],mute[LM],mute[KL],mute[LM],mute[LM],mute[LM],mute[LM],mute[LM],mute[LM],mute[LM],mute[LM],mute[LM],mute[LM],mute[LM],mute[LM],mute[LM],mute[LM],mute[LM],mute[LM],mute[LM],mute[LM],mute[LM],mute[LM],mute[LM],mute[LM],mute[LM],mute[LM],mute[LM],mute[LM],mute[LM],mute[LM],mute[LM],mute[LM],mute[LM],mute[LM],mute[LM],mute[LM],mute[LM],mute[MN],mute[MN],mute[LM],mute[LM],mute[KL],mute[LM],mute[LM],mute[LM],mute[LM],mute[LM],mute[LM],mute[LM],mute[MN],mute[MN],mute[LM],mute[LM],mute[LM],mute[MN],mute[MN],mute[LM],mute[LM],mute[LM],mute[LM],mute[LM],mute[LM],mute[LM],mute[LM],mute[LM],mute[LM],mute[LM],mute[LM],mute[LM],mute[LM],mute[LM],mute[LM],mute[LM],mute[LM],mute[LM],mute[LM],mute[LM],mute[LM],mute[LM],mute[LM],mute[LM],mute[LM],mute[LM],mute[LM],mute[LM],mute[LM],mute[LM],mute[LM],mute[LM],mute[LM],mute[LM],mute[LM],mute[LM],mute[LM],mute[LM],mute[LM],mute[LM],mute[LM],mute[LM],mute[LM],mute[LM],mute[LM],mute[LM],mute[MN],mute[MN],mute[LM],mute[M],mute[L],mute[L],mute[K],mute[LM],mute[LM],mute[LM],mute[LM],mute[LM],mute[LM],mute[LM],mute[MN],mute[MN],mute[LM],mute[LM],mute[LM],mute[MN],mute[MN],mute[LM],mute[M],mute[L],mute[L],mute[M],mute[M],mute[L],mute[LM],mute[LM],mute[LM],mute[LM],mute[LM],mute[LM],mute[LM],mute[LM],mute[LM],mute[LM],mute[LM],mute[LM],mute[LM],mute[LM],mute[LM],mute[LM],mute[LM],mute[LM],mute[MN],mute[MN],mute[MN],mute[MN],mute[LM],mute[MN],mute[MN],mute[MN],mute[MN],mute[MN],mute[MN],mute[LM],mute[LM],mute[LM],mute[LM],mute[KL],mute[KL],mute[LM],mute[LM],mute[LM],mute[LM],mute[LM],mute[LM],mute[LM],mute[LM],mute[LM],mute[LM],mute[LM],mute[LM],mute[KL],mute[LM],mute[KL],mute[KL],mute[KL],mute[LM],mute[LM],mute[MN],mute[MN],mute[LM],mute[LM],mute[LM],mute[LM],mute[KL],mute[KL],mute[LM],mute[LM],mute[LM],mute[LM],mute[LM],mute[LM],mute[LM],mute[LM],mute[LM],mute[LM],mute[LM],mute[LM],mute[KL],mute[LM],mute[KL],mute[LM],mute[LM],mute[KL],mute[LM],mute[LM],mute[MN],mute[MN],mute[LM],mute[LM],mute[KL],mute[LM],mute[LM],mute[KL],mute[KL],mute[KN],mute[MN],mute[LM],mute[LM],mute[KL],mute[LM],mute[LM],mute[LM],mute[MN],mute[MN],mute[LM],mute[LM],mute[LM],mute[LM],mute[LM],mute[LM],mute[LM],mute[MN],mute[MN],mute[LM],mute[LM],mute[LM],mute[LM],mute[LM],mute[LM],mute[LM],mute[LM],mute[LM],mute[M],mute[L],mute[L],mute[M],mute[M],mute[L],mute[LM],mute[LM],mute[LM],mute[LM],mute[LM],mute[LM],mute[LM],mute[LM],mute[LM],mute[LM],mute[LM],mute[MN],mute[MN],mute[LM],mute[M],mute[L],mute[L],mute[K],mute[LM],mute[LM],mute[LM],mute[LM],mute[LM],mute[LM],mute[LM],mute[MN],mute[MN],mute[LM],mute[LM];","(d.d1.g.G-1.b)[JKLM],(e.b.g1.e1.b1)[LM],(e1.g1.e.b1.b)[LM],(#f1.a.d1.a1.d)[LM],(d1.d.a.a1.#f1)[JKLM],(d2.g1.b1.g.G-1.d)[LM],(g1.g.b1.d2.d.G-1)[LM],(e1.g1.c1.g.c)[LM],(c1.g1.g.e1.c)[JKLM],(e.g1.e1.b1.b)[LM],(b1.e1.b.g1.e)[LM],(d1.#f1.a.a1.d)[LM],(d1.a1.a.#f1.d)[JM],(e.g1.b1.G-1.e1.#c.E-1.b)[KL],(c1.g.g1.G-1.e1.#c.C-1.c)[KL],(G-1.b.g1.g.d.d1.#c.G-2)[KL],(d.D-1.#c.G-1.d1.#f1.a1.a)[LM],D-1[LM],D-1[MN],D-1[MN],(B-2.#G-1)[LM],(e1.e.b.B-2.E-1.b1.g1)[LM],(#G-1.E-1.b1.g1.e1.e.D-1.b)[LM],(d.D-1.B-2.a.a1.d1.#f1)[LM],(B-2.#f1.D-1.d1.a.a1.d.#G-1)[KL],(#G-1.D-1)[KL],(#G-1.a1.B-2)[LM],(B-2.b1.d2.d.g1.G-2.G-1.g)[LM],(g1.d2.a1.g.d.b1.G-1.G-2.#G-1.D-1)[LM],(C-1.c.B-2.g1.g.c1.e1)[LM],(g.e1.g1.c.B-2.C-1.c1.#G-1.a1)[LM],g1[LM],(#G-1.D-1.a1)[LM],a1[LM],(#G-1.B-2)[LM],(e1.e.b1.E-1.g1.B-2.b)[LM],(#G-1.e.E-1.b.e1.D-1.g1.b1)[LM],(D-1.d1.B-2.a.d.a1.#f1)[LM],(D-1.a1.B-2.#G-1.a.d.d1.#f1)[KL],(#G-1.D-1)[LM],(e.g1.B-2.b1.E-1.b.e1.#c)[KL],(g1.c1.e1.C-1.B-2.c.g)[LM],D-1[LM],(d.G-1.#c.g.B-2.g1.G-2.d1.b)[KL],(D-1.d1.#f1.B-2.a1.d.a)[LM],D-1[LM],D-1[MN],D-1[MN],(e1.e.E-1.E-2.#c.B-2)[LM],B-2[LM],D-1[KL],(#A-1.#G-1)[LM],B-2[LM],D-1[KL],(#G-1.B-2)[KL],(D-1.#G-1)[KN],D-1[MN],(#G-1.F-1)[LM],G-1[LM],(e3.b2.D-1.#G-1.e1)[KL],(e1.B-2.E-2.e.#A-1.b)[LM],(b.E-2.B-2.e.e1)[LM],(e.b.D-1.e1.E-2.#A-1)[LM],(e1.E-2)[LM],(e1.#A-1.B-2.E-2)[LM],(E-2.g1)[LM],(A-2.#A-1.D-1.e1)[LM],#A-2[LM],(#A-1.B-1.#f.b.B-2)[LM],(B-1.#f.b.B-2)[LM],(#A-1.#f.D-1.b.B-2.B-1)[LM],(B-2.b)[LM],(#A-1.b.B-2)[LM],(d1.B-2)[LM],(b.D-1.#A-1.B-2)[LM],B-2[LM],(B-2.E-2.e.b.#A-1.e1)[LM],(B-2.E-2.b.e.e1)[LM],(b.e.e1.D-1.#A-1.E-2)[LM],(E-2.e1)[LM],(#A-1.E-2.e1.B-2)[LM],(E-2.g1)[LM],(A-2.e1.D-1.#A-1)[LM],(#A-2.d1)[LM],(#A-1.#f.B-2.B-1.b.a)[LM],(b.B-2.#f.B-1)[LM],(#f.#A-1.B-1.D-1.B-2.b)[LM],(a.B-2)[LM],(b.B-2.B-1.#f.#A-1)[LM],B-2[LM],(D-1.#A-1.d.a.d1)[LM],D-1[LM],(c1.B-2.g.C-1.c.#A-1)[LM],(C-1.g.c.c1.B-2)[LM],(#A-1.C-1.D-1)[LM],(C-1.b)[MN],d1[MN],(#A-1.C-1.e1.B-2)[LM],(C-1.g1)[LM],(D-1.d.d1.e1.a.#A-1)[KL],(e.e1.E-1.E-2.B-1.B-2.#A-1.g)[LM],(E-2.E-1.B-2.B-1)[LM],(B-1.#A-1.E-1.D-1.E-2)[LM],(#f1.E-1.B-1.E-2)[LM],(d.#F-1.#F-2.d1.g1.#f.#f1.B-2.#A-1)[LM],(#f1.B-2.#F-1.d.#F-2)[LM],(d.#F-2.D-1.#F-1.#A-1)[LM],(e1.#F-2.#F-1.d)[MN],d1[MN],(B-2.d1.#A-1.b.G-2.d.g.G-1)[LM],(G-2.B-2.d.G-1)[LM],(#A-1.D-1.d.G-1.G-2)[LM],(G-1.G-2.d.e1)[MN],#f1[MN],(A-2.a1.e.a.c1.A-1.#A-1.g1.B-2)[LM],(e.A-2.B-2.A-1.#f1)[LM],(#A-1.A-2.A-1.D-1.e1.e)[LM],(A-2.d1.A-1.e)[LM],(d1.d.#A-1.a.B-2.#f1.D-1)[LM],(D-1.B-2)[LM],(#A-1.D-1.d1)[LM],D-1[LM],(D-1.#A-1.B-2)[LM],(B-2.D-1)[LM],(D-1.d1.#A-1)[LM],D-1[LM],(B-2.E-1.e1.b.e.#A-1.E-2)[LM],(E-1.e1.B-2.E-2.b.e)[LM],(D-1.e.E-1.e1.b.E-2.#A-1)[LM],(e1.E-2)[LM],(E-2.e1.B-2.#A-1)[LM],(g1.E-2)[LM],(e1.#A-1.A-2.D-1)[LM],#A-2[LM],(B-1.B-2.b.#A-1.#f)[LM],(B-1.b.#f.B-2)[LM],(B-1.D-1.#A-1.B-2.#f.b)[LM],(b.B-2)[LM],(b.B-2.#A-1)[LM],(B-2.d1)[LM],(#A-1.B-2.b.D-1)[LM],B-2[LM],(E-1.#A-1.e.b.e1.E-2.B-2)[LM],(e.B-2.e1.E-1.b.E-2)[LM],(e1.b.E-1.#A-1.D-1.E-2.e)[LM],E-2[LM],(e1.E-2.B-2.#A-1)[LM],(g1.E-2)[LM],(A-2.#A-1.D-1.e1)[LM],(d1.#A-2)[LM],(#A-1.b.B-1.B-2.a.#f)[LM],(B-2.b.#f.B-1)[LM],(B-1.B-2.b.#f.#A-1.D-1)[LM],(a.B-2)[LM],(B-1.#f.#A-1.B-2.b)[LM],B-2[LM],(D-1.#A-1.d1.a.d)[LM],D-1[LM],(#A-1.c.g.B-2.c1.C-1)[LM],(c1.B-2.c.g.C-1)[LM],(C-1.#A-1.D-1)[LM],(C-1.b)[MN],d1[MN],(B-2.C-1.e1.#A-1)[LM],C-1[M],g1[L],(d.D-1.d1.a.#A-1)[L],e1[K],(B-2.B-1.e.e1.g.#A-1.E-2.E-1)[LM],(E-2.E-1.B-2.B-1)[LM],(D-1.E-1.E-2.B-1.#A-1)[LM],(E-1.B-1.#f1.E-2)[LM],(#F-1.g1.#f1.d1.#f.#F-2.#A-1.d.B-2)[LM],(#F-2.B-2.d.#F-1.#f1)[LM],(#F-2.d.#A-1.#F-1.D-1)[LM],(d.#F-2.e1.#F-1)[MN],d1[MN],(d1.G-1.g.#A-1.G-2.b.d.B-2)[LM],(G-1.B-2.G-2.d)[LM],(D-1.#A-1.G-2.d.G-1)[LM],(d.G-1.G-2.e1)[MN],#f1[MN],(g1.B-2.e1.#A-1.A-1.e.A-2.c1.a)[LM],(A-1.e.A-2.B-2)[M],#f1[L],(#A-1.D-1.e.A-2.A-1)[L],e1[M],(A-1.A-2.e)[M],d1[L],(b.g.d1.#A-1.B-1.B-2)[LM],(B-1.g.B-2)[LM],(g.#A-1.B-1.B-2.D-1)[LM],(B-1.g.B-2)[LM],(e1.c1.g.#A-1.b1.g1.B-2.C-1.c)[LM],(C-1.c.a1.B-2.g.#f1)[LM],(c.C-1.g.#A-1.D-1.a1.#f1)[LM],(g1.C-1.c.e1.g)[LM],(B-2.#f1.d1.g1.d.e1.#c.D-1.a)[LM],(B-2.D-1)[LM],(D-1.d1.#f1)[LM],D-1[LM],(g1.a1.#G-1.#A-1.a.D-1.d1.d)[LM],(B-2.D-1)[LM],D-1[LM],D-1[LM],(a1.#G-1.d1.D-1.d.#c.d2.a)[LM],(D-1.#A-1)[LM],D-1[MN],(#G-1.D-1)[MN],(A-1.D-1)[MN],G-1[MN],(B-2.D-1)[LM],(b1.g1)[MN],D-1[MN],(a1.#f1.A-1.B-2)[MN],G-1[MN],(b1.F-1.g1)[MN],F-1[MN],(#G-1.B-2)[LM],(E-1.e1.b.e.g1.b1.B-2)[LM],(D-1.e1.g1.b.e.E-1.b1.#G-1)[LM],(d.#f1.d1.D-1.a1.a.B-2)[LM],(#f1.d.a.d1.a1.B-2.D-1.#G-1)[KL],(D-1.#f1.#G-1)[KL],(#G-1.B-2)[LM],(B-2.G-1.g1.d2.b1.G-2.d.g)[LM],(d2.d.G-1.g.#G-1.g1.b1.G-2.D-1)[LM],(c1.B-2.C-1.c.g1.e1.g)[LM],(B-2.C-1.e1.#G-1.c1.c.g.g1)[LM],#f1[LM],(e1.D-1.#G-1)[LM],d1[LM],(B-2.#G-1.g1)[LM],(E-1.e.e1.B-2.b.g1.b1)[LM],(#G-1.e1.b1.E-1.g1.e.D-1.b.#f1)[LM],(a.d1.B-2.d.#f1.D-1.a1)[LM],(D-1.d1.a1.#G-1.B-2.d.a.#f1)[KL],(#G-1.D-1)[LM],(g1.E-1.b1.e.b.B-2.e1.#c)[KL],(C-1.e1.g1.c.c1.G-1.#c.g)[KL],(d.G-2.G-1.g1.#c.g.b.d1)[KL],(d1.d.D-1.G-1.#c.g1.b1.a.a1.#f1)[LM],(a1.D-1.#f1)[LM],(g1.b1.D-1)[MN],D-1[MN],(#G-1.B-2)[LM],(b1.B-2.e.E-1.g1.b.e1)[LM],(g1.e1.E-1.D-1.b.e.#G-1.b1)[LM],(a1.d1.a.B-2.D-1.d.#f1)[LM],(a.d1.#G-1.B-2.#f1.d.a1.D-1)[KL],(g1.D-1.#G-1)[KL],(#G-1.B-2)[LM],(d.B-2.G-2.g1.d2.b1.g.G-1)[LM],(G-2.D-1.G-1.b1.g1.#G-1.d2.g.d)[LM],(c1.g1.c.g.e1.C-1.B-2)[LM],(#G-1.c1.c.g1.g.C-1.e1.B-2)[LM],#f1[LM],(e1.#G-1.D-1)[LM],d1[LM],(B-2.#G-1.b1.d2)[LM],(B-2.e.b.E-1.e1.g1.b1)[LM],(a1.e1.b1.b.c2.E-1.D-1.#G-1.g1.e)[LM],(d.a1.a.c2.D-1.d1.B-2.#f1)[LM],(d1.#G-1.B-2.#f1.d.a1.a.D-1)[KL],(D-1.#G-1)[LM],(b.g1.e.b1.#c.e1.B-2.E-1)[KL],(c1.C-1.g1.e1.B-2.g.c)[LM],D-1[LM],(G-1.d.b.B-2.d1.#c.g1.g.G-2)[KL],(d1.D-1.B-2.a.d.a1.#f1)[LM],D-1[LM],D-1[MN],D-1[MN],(B-2.E-1.#c.e1.e.E-2)[LM],B-2[LM],D-1[KL],(#G-1.#A-1)[LM],B-2[LM],D-1[KL],(B-2.#G-1)[KL],(#G-1.D-1)[KN],D-1[MN],(#G-1.F-1)[LM],G-1[LM],(#G-1.e3.e1.b2.D-1)[KL],(B-2.e.#A-1.E-2.b.e1)[LM],(E-2.B-2.e.b.e1)[LM],(b.#A-1.D-1.e.E-2.e1)[LM],(E-2.e1)[MN],e1[MN],(#A-1.e1.E-2.B-2)[LM],(g1.E-2)[LM],(e1.#A-1.D-1.A-2)[LM],#A-2[LM],(#A-1.b.B-1.#f.B-2)[LM],(B-1.#f.B-2.b)[LM],(#A-1.b.B-2.#f.B-1.D-1)[LM],B-2[MN],d2[MN],(B-2.#A-1.e2)[LM],(B-2.d2)[LM],(B-2.#A-1.d2.D-1)[LM],B-2[LM],(b.B-2.e.#A-1.e1.E-2)[LM],(b.B-2.e1.E-2.e)[LM],(D-1.E-2.b.e1.#A-1.e)[LM],(e1.E-2)[LM],(B-2.E-2.#A-1.e1)[LM],E-2[M],g1[L],(D-1.A-2.#A-1)[L],e1[M],#A-2[M],d1[L],(B-2.#A-1.a.B-1.b.#f)[LM],(B-2.B-1.b.#f)[LM],(D-1.#A-1.b.#f.B-1.B-2)[LM],(a.B-2)[LM],(B-1.B-2.b.#A-1.#f)[LM],B-2[LM],(d1.#A-1.D-1.d.a)[LM],D-1[LM],(g.c1.c.B-2.C-1.#A-1)[LM],(B-2.c1.g.C-1.c)[LM],(C-1.#A-1.D-1)[LM],(b.C-1)[MN],d1[MN],(#A-1.e1.C-1.B-2)[LM],C-1[M],g1[L],(d.a.#A-1.D-1.d1)[L],e1[K],(g.B-2.E-1.#A-1.e.B-1.E-2.e1)[LM],(E-2.E-1.B-1.B-2)[LM],(E-2.D-1.E-1.#A-1.B-1)[LM],(E-2.#f1.B-1.E-1)[LM],(#f1.d1.B-2.#F-1.#A-1.#f.g1.#F-2.d)[LM],(d.#F-1.#F-2.B-2.#f1)[LM],(d.#A-1.D-1.#F-2.#F-1)[LM],(e1.#F-1.d.#F-2)[MN],d1[MN],(G-2.B-2.d1.d.G-1.#A-1.g.b)[LM],(G-2.G-1.B-2.d)[LM];"],"id":1,"instruments":["piano","piano"],"alternatives":["",""]},{"bpm":165,"baseBeats":0.25,"scores":["mute[LM],mute[LM],mute[LM],mute[M],mute[L],mute[L],mute[M],mute[M],mute[L],mute[LM],mute[LM],mute[LM],mute[MN],mute[MN],mute[LM],mute[LM],mute[LM],mute[LM],mute[LM],mute[LM],mute[LM],mute[LM],mute[LM],mute[LM],mute[LM],mute[LM],mute[LM],mute[LM],mute[LM],mute[MN],mute[MN],mute[LM],mute[LM],mute[LM],mute[LM],mute[LM],mute[LM],mute[LM],mute[LM],mute[LM],mute[M],mute[L],mute[L],mute[M],mute[M],mute[L],mute[LM],mute[LM],mute[LM],mute[LM],mute[LM],mute[LM],mute[LM],mute[LM],mute[LM],mute[LM],mute[LM],mute[LM],mute[LM],mute[M],mute[L],mute[L],mute[K],mute[LM],mute[LM],mute[LM],mute[LM],mute[LM],mute[LM],mute[L],mute[M],mute[MO],mute[L],mute[LM],mute[LM],mute[LM],mute[MN],mute[MN],mute[LM],mute[M],mute[L],mute[L],mute[M],mute[M],mute[L],mute[LM],mute[LM],mute[LM],mute[LM],mute[LM],mute[LM],mute[LM],mute[LM],mute[LM],mute[LM],mute[LM],mute[LM],mute[LM],mute[LM],mute[LM],mute[LM],mute[LM],mute[LM],mute[MN],mute[MN],mute[MN],mute[MN],mute[LM],mute[MN],mute[MN],mute[MN],mute[MN],mute[MN],mute[MN],mute[LM],mute[LM],mute[LM],mute[LM],mute[KL],mute[KL],mute[LM],mute[LM],mute[LM],mute[LM],mute[LM],mute[LM],mute[LM],mute[LM],mute[LM],mute[LM],mute[LM],mute[LM],mute[KL],mute[LM],mute[KL],mute[KL],mute[KL],mute[LM],mute[LM],mute[MN],mute[MN],mute[LM],mute[LM],mute[LM],mute[LM],mute[KL],mute[KL],mute[LM],mute[LM],mute[LM],mute[LM],mute[LM],mute[LM],mute[LM],mute[LM],mute[LM],mute[LM],mute[LM],mute[LM],mute[KL],mute[LM],mute[KL],mute[LM],mute[LM],mute[KL],mute[LM],mute[LM],mute[MN],mute[MN],mute[LM],mute[LM],mute[KL],mute[LM],mute[LM],mute[KL],mute[KL],mute[KN],mute[MN],mute[LM],mute[LM],mute[M],mute[MO],mute[LMNO],mute[LM],mute[LM],mute[LM],mute[LM],mute[LM],mute[LM],mute[LM],mute[MN],mute[MN],mute[LM],mute[M],mute[M],mute[M],mute[LM],mute[LM],mute[LM],mute[LM],mute[LM],mute[LM],mute[LM],mute[LM],mute[LM],mute[LM],mute[LM],mute[LM],mute[LM],mute[MN],mute[MN],mute[LM],mute[M],mute[M],mute[M],mute[LM],mute[LM],mute[LM],mute[LM],mute[LMNO],mute[M],mute[MO],mute[LM],mute[LM],mute[LM],mute[LM],mute[LM],mute[LM],mute[MN],mute[MN],mute[MN],mute[MN],mute[MN],mute[MN],mute[MN],mute[MN],mute[MN],mute[MN],mute[MN],mute[MN],mute[MN],mute[MN],mute[MN],mute[MN],mute[KL],mute[LM],mute[LM],mute[LM],mute[LM],mute[LM],mute[LM],mute[LM],mute[MN],mute[MN],mute[MN],mute[MN],mute[MN],mute[MN],mute[MN],mute[MN],mute[MN],mute[MN],mute[MN],mute[MN],mute[MN],mute[MN],mute[MN],mute[MN],mute[MN],mute[MN],mute[MN],mute[MN],mute[MN],mute[MN],mute[LM],mute[LM],mute[LM],mute[MN],mute[MN],mute[MN],mute[MN],mute[MN],mute[MN],mute[MN],mute[MN],mute[MN],mute[MN],mute[LM],mute[LM],mute[LM],mute[MN],mute[MN],mute[MN],mute[MN],mute[MN],mute[MN],mute[MN],mute[MN],mute[MN],mute[MN],mute[MN],mute[MN],mute[MN],mute[MN],mute[MN],mute[MN],mute[MN],mute[MN],mute[MN],mute[MN],mute[MN],mute[MN],mute[MN],mute[MN],mute[MN],mute[MN],mute[MN],mute[MN],mute[MN],mute[MN],mute[MN],mute[MN],mute[MN],mute[MN],mute[MN],mute[MN],mute[MN],mute[MN],mute[M],mute[M],mute[M],mute[M],5<V>,mute[M],mute[M],mute[M],mute[M],mute[M],5<V>;","(#A-1.d.e1.G-1.G-2.D-1)[LM],(#f1.d.G-2.G-1)[LM],(a1.g1.A-1.A-2.#A-1.e.B-2.c1.a)[LM],(A-2.e.A-1.B-2)[M],#f1[L],(A-1.e.A-2.#A-1.D-1)[L],e1[M],(A-1.A-2.e)[M],d1[L],(#f1.#A-1.d1.d.a.D-1.B-2)[LM],(D-1.B-2)[LM],(#A-1.D-1)[LM],(D-1.e1)[MN],d1[MN],(#A-1.d1.B-2.D-1)[LM],(D-1.B-2)[LM],(#A-1.D-1)[LM],D-1[LM],(b.B-2.E-1.E-2.e.#A-1.e1)[LM],(e.e1.E-2.b.E-1.B-2)[LM],(E-2.b.e.E-1.e1.D-1.#A-1)[LM],(E-2.e1)[LM],(E-2.B-2.#A-1.e1)[LM],(g1.E-2)[LM],(#A-1.D-1.e1.A-2)[LM],#A-2[LM],(#A-1.B-1.B-2.#f.b)[LM],(B-2.B-1.#f.b)[LM],(#f.B-2.B-1.b.#A-1.D-1)[LM],B-2[MN],d2[MN],(B-2.e2.#A-1)[LM],(B-2.#f2)[LM],(B-2.D-1.#A-1.d2)[LM],(d2.B-2)[LM],(E-2.e.e1.#A-1.b.B-2.E-1)[LM],(e1.B-2.E-1.e.E-2.b)[LM],(b.#A-1.e.D-1.E-2.E-1.e1)[LM],E-2[LM],(#A-1.g2.B-2.E-2)[LM],E-2[M],#f2[L],(A-2.#A-1.D-1)[L],e2[M],#A-2[M],d2[L],(B-2.#f.e2.b.#A-1.B-1)[LM],(b.B-1.#f.B-2)[LM],(#f.#A-1.D-1.b.B-2.B-1)[LM],B-2[LM],(B-2.#f.B-1.b.#A-1)[LM],B-2[LM],(d.d1.a.D-1.#A-1)[LM],D-1[LM],(c.c1.g.C-1.B-2.#A-1)[LM],(c1.B-2.c.C-1.g)[LM],(D-1.#A-1.C-1.b)[LM],(d1.C-1)[LM],(B-2.e1.#A-1.C-1)[LM],C-1[M],g1[L],(D-1.d1.a.#A-1.d)[L],e1[K],(#A-1.B-1.e1.e.E-2.B-2.g.E-1)[LM],(E-2.B-1.B-2.E-1)[LM],(B-1.E-1.E-2.D-1.#A-1)[LM],(E-1.B-1.E-2.#f2)[LM],(B-2.#f1.d1.#A-1.#F-2.g2.#f.d.#F-1)[LM],(d.#F-2.#F-1.#f2.B-2)[LM],(#A-1.#F-1.#F-2.d.D-1)[L],e2[M],(#F-2.#F-1.d)[MO],d2[L],(#A-1.G-2.G-1.d1.B-2.g.g2.b.d)[LM],(G-2.d.B-2.G-1)[LM],(G-1.D-1.d.#A-1.G-2)[LM],(#f2.d.G-1.G-2)[MN],g2[MN],(B-2.a.#A-1.A-2.e1.A-1.g2.c1.e)[LM],(A-2.B-2.A-1.e)[M],#f2[L],(e.A-2.#A-1.A-1.D-1)[L],e2[M],(e.A-2.A-1)[M],d2[L],(#A-1.g.B-1.d2.B-2.b.d1)[LM],(g.B-1.B-2)[LM],(D-1.g.B-1.#A-1.B-2)[LM],(B-2.g.B-1)[LM],(B-2.b2.g.#A-1.e1.C-1.c1.g2.c)[LM],(#f2.c.B-2.C-1.a2.g)[LM],(#A-1.g.e2.c.C-1.D-1.g2)[LM],(C-1.#f2.c.d2.g)[LM],(d.b2.B-2.g2.#f1.#c.D-1.d1.a)[LM],(D-1.B-2)[LM],(#f2.D-1.a2)[LM],D-1[LM],(a1.d.a.d1.D-1.g1.#A-1.#G-1)[LM],(B-2.D-1)[LM],D-1[LM],D-1[LM],(d1.a1.#G-1.#c.D-1.d2.a.d)[LM],(D-1.#A-1)[LM],D-1[MN],(#G-1.D-1)[MN],(D-1.A-1)[MN],G-1[MN],(D-1.B-2)[LM],(b1.g1)[MN],D-1[MN],(a1.A-1.#f1.B-2)[MN],G-1[MN],(F-1.e1.g1)[MN],F-1[MN],(B-2.#G-1)[LM],(b.E-1.e1.B-2.g1.b1.e)[LM],(e1.b.g1.b1.#G-1.D-1.E-1.e)[LM],(d1.B-2.D-1.d.a1.a.#f1)[LM],(a1.B-2.a.d1.d.#f1.D-1.#G-1)[KL],(#f1.D-1.#G-1)[KL],(B-2.#G-1)[LM],(g1.d.g.b1.B-2.d2.G-1.G-2)[LM],(G-2.d.g.D-1.g1.b1.d2.G-1.#G-1)[LM],(c1.g1.B-2.g.C-1.c.e1)[LM],(c1.C-1.g1.c.g.e1.B-2.#G-1)[LM],#f1[LM],(#G-1.e1.D-1)[LM],d1[LM],(#G-1.B-2.g1)[LM],(b.e1.E-1.g1.b1.e.B-2)[LM],(b.b1.#f1.g1.#G-1.D-1.e1.E-1.e)[LM],(d.D-1.d1.a.#f1.B-2.a1)[LM],(a.d1.B-2.D-1.#G-1.d.a1.#f1)[KL],(#G-1.D-1)[LM],(e1.b1.b.e.g1.B-2.#c.E-1)[KL],(g.c1.e1.C-1.#c.c.g1.G-1)[KL],(d.g1.#c.G-1.g.d1.b.G-2)[KL],(a.d1.G-1.d.a1.#f1.#c.g1.b1.D-1)[LM],(D-1.a1.#f1)[LM],(g1.b1.D-1)[MN],D-1[MN],(B-2.#G-1)[LM],(e1.b1.g1.E-1.e.B-2.b)[LM],(b1.g1.b.E-1.D-1.e1.#G-1.e)[LM],(d1.#f1.d.a1.B-2.a.D-1)[LM],(D-1.a1.B-2.d1.a.d.#f1.#G-1)[KL],(D-1.g1.#G-1)[KL],(#G-1.B-2)[LM],(G-2.b1.G-1.d.g.d2.g1.B-2)[LM],(#G-1.g1.g.b1.d.G-2.G-1.d2.D-1)[LM],(c1.B-2.c.e1.g.C-1.g1)[LM],(#G-1.g1.e1.g.C-1.c.B-2.c1)[LM],#f1[LM],(e1.D-1.#G-1)[LM],d1[LM],(b1.B-2.d2.#G-1)[LM],(e1.b.B-2.g1.b1.E-1.e)[LM],(g1.D-1.b.e1.E-1.b1.#G-1.c2.a1.e)[LM],(a1.B-2.a.D-1.c2.d.d1.#f1)[LM],(d1.a1.#G-1.D-1.B-2.#f1.d.a)[KL],(D-1.#G-1)[LM],(E-1.B-2.b.e1.g1.b1.e.#c)[KL],(e1.c1.B-2.C-1.g.c.g1)[LM],D-1[LM],(b.G-2.g.d.G-1.d1.g1.#c.B-2)[KL],(a.D-1.a1.B-2.#f1.d.d1)[LM],D-1[LM],D-1[MN],D-1[MN],(B-2.E-1.e.e1.E-2.#c)[LM],B-2[LM],D-1[KL],(#G-1.#A-1)[LM],B-2[LM],D-1[KL],(B-2.#G-1)[KL],(#G-1.D-1)[KN],D-1[MN],(#G-1.F-1)[LM],G-1[LM],(D-1.#G-1)[NO],D-1[NO],F-1[NO],F-1[LMNO],(a1.B-2.E-1.E-2.B-1.#G-1)[LM],(a1.B-1.B-2.E-1.#G-1.E-2)[LM],(#G-1.B-2.g1.D-1.E-2.E-1.B-1)[LM],(b.B-1.B-2.#f.e2)[LM],#G-1[LM],(#G-1.B-2)[LM],(B-2.#G-1.D-1.A-2)[LM],(e2.B-2)[MN],#f2[MN],(g.B-2.#G-1.c.g2.C-1)[LM],(#G-1.c.g.#f2.B-2.C-1)[M],g2[M],#f2[M],(C-1.B-2.e2.g.#G-1.D-1.c)[LM],(g.G-2.B-2.d2.d.G-1)[LM],#G-1[LM],(c2.B-2.#G-1)[LM],(b1.#G-1.#f.D-1.B-2.#F-2.d.#F-1)[LM],a1[LM],(a1.B-1.#G-1.E-2.B-2.E-1)[LM],(a1.E-1.E-2.B-1.B-2.#G-1)[LM],(#G-1.g1.E-2.D-1.E-1.B-2.B-1)[LM],(e2.#f.b.B-1.B-2)[LM],#G-1[LM],(B-2.#G-1)[LM],(A-2.B-2.#G-1.D-1)[LM],(B-2.#f2)[MN],g2[MN],(#G-1.c.g.B-2.C-1.a2)[LM],(C-1.B-2.#G-1.c.g.g2)[M],a2[M],g2[M],(c.g.#f2.C-1.B-2.#G-1.D-1)[LM],(d.B-2.d2.G-1.g.G-2)[LM],#G-1[LM],(B-2.#G-1)[LM],(#F-2.#G-1.#F-1.#f.D-1.d.B-2)[LMNO],A-1[NO],G-1[NO],B-1[NO],(B-2.#G-1.E-1.#f2.E-2.B-1)[LM],(#f2.E-1.E-2.B-1.B-2.#G-1)[LM],(E-2.e2.#G-1.E-1.D-1.B-2.B-1)[LM],(B-1.B-2.#f.b.d2)[LM],#G-1[LM],(B-2.#G-1)[LM],(A-2.B-2.D-1.#G-1.e2)[MN],g2[MN],(e2.B-2)[MN],d2[MN],(C-1.g2.c.B-2.#G-1.g)[MN],e2[MN],(#G-1.d2.g.C-1.c.B-2)[MN],b1[MN],(D-1.#G-1.a1.C-1.B-2.g.c)[MN],b1[MN],(G-1.g.d2.d.B-2.G-2)[MN],b1[MN],(a1.#G-1)[MN],b1[MN],(a1.B-2.#G-1)[MN],g1[MN],(#G-1.D-1.#F-1.B-2.#f.d.#F-2.a1)[KL],(E-1.E-2.a1.#G-1.B-2.B-1)[LM],(E-2.B-1.E-1.a1.#G-1.B-2)[LM],(E-2.#G-1.D-1.B-1.E-1.g1.B-2)[LM],(B-2.e2.b.B-1.#f)[LM],#G-1[LM],(#G-1.B-2)[LM],(#G-1.A-2.D-1.B-2)[LM],(B-2.#f2)[MN],g2[MN],(B-2.a2.c.g.#G-1.C-1)[MN],g2[MN],(g.#G-1.C-1.B-2.#f2.c)[MN],d2[MN],(B-2.#G-1.g.c.a1.C-1.D-1)[MN],g1[MN],(G-2.g.G-1.d.a1.B-2)[MN],d2[MN],(#G-1.g1)[MN],a1[MN],(B-2.D-1.d2.#G-1)[MN],(#f2.D-1)[MN],(D-1.#F-1.d.g2.#f.#F-2)[MN],(#f2.D-1)[MN],(G-1.e2)[MN],(d2.B-1)[MN],(g1.C-1.c.g.#c.B-2.c2)[MN],#f1[MN],(e1.C-1.c.g)[MN],d1[MN],(g.D-1.c.e1.C-1.#G-1.B-2)[LM],(g.c.C-1)[LM],(#G-1.B-2.C-1.g.c)[LM],(c.B-2.g.d1.C-1)[MN],e1[MN],(C-1.D-1.#G-1.B-2.g.c.#f1)[MN],g1[MN],(c.#f1.C-1.g)[MN],e1[MN],(B-2.#f1.#f.B-1.#G-1)[MN],b1[MN],(#f1.B-2.#f.B-1)[MN],e1[MN],(d1.B-2.#G-1.D-1.B-1.#f)[LM],(B-1.#f.B-2)[LM],(#G-1.B-2.#f.B-1)[LM],(B-2.B-1.d1.#f)[MN],e1[MN],(#G-1.B-2.#f.D-1.B-1.#f1)[MN],g1[MN],(B-2.#f.#f1.B-1)[MN],e1[MN],(#G-1.c.B-2.g.#f1.C-1)[MN],d1[MN],(c.e1.C-1.g)[MN],#f1[MN],(g.#G-1.g1.B-2.C-1.D-1.c)[MN],e1[MN],(#f1.c.C-1.g)[MN],g1[MN],(C-1.a1.g.c1.c.#G-1.B-2)[MN],#f1[MN],(C-1.B-2.g1)[MN],a1[MN],(B-2.#G-1.D-1.c1.g.C-1.c.b1)[MN],g1[MN],(C-1.a1)[MN],b1[MN],(#f2.D-1.#G-1.B-2.a.d)[MN],g2[MN],(a.e2.D-1.d)[MN],g2[MN],(#G-1.D-1.d.B-2.a.d2)[MN],g2[MN],(d.c2.D-1.a)[MN],g2[MN],(D-1.b1.a.B-2.d.d1.#G-1)[MN],c2[MN],(a1.B-2.D-1)[MN],c2[MN],(g1.#G-1.D-1.B-2)[MN],c2[MN],(#f1.D-1)[MN],(B-2.c2)[MN],(d.B-2.#c.a.D-1.g1.d1)[M],d1[M],a[M],g1[M],d1[N],#A-1[N],a[M],(g1.#A-1)[M],d1[M],a[M],g1[M],d1[N],#A-1[N];"],"id":2,"instruments":["piano","piano"],"alternatives":["",""]},{"bpm":165,"baseBeats":0.25,"scores":["mute[M],mute[MO],mute[M],mute[M],mute[M],5<V>,mute[M],mute[M],mute[M],mute[M],mute[M],5<V>,mute[M],mute[M],mute[M],mute[M],mute[M],5<V>,mute[M],mute[M],mute[M],mute[M],mute[M],5<V>,mute[M],mute[M],mute[M],mute[M],mute[M],5<V>,mute[M],mute[MO],mute[M],mute[M],mute[M],5<V>,mute[M],mute[M],mute[M],mute[M],mute[M],5<V>,mute[M],mute[M],mute[M],mute[M],mute[M],5<V>,mute[M],mute[MO],mute[M],mute[M],mute[M],5<V>,mute[M],mute[M],mute[M],mute[M],mute[M],5<V>,mute[M],mute[M],mute[M],mute[M],mute[M],5<V>,mute[M],mute[M],mute[M],mute[M],mute[M],5<V>,mute[M],mute[M],mute[M],mute[M],mute[M],mute[M],mute[M],mute[MO],mute[M],mute[M],mute[M],mute[M],mute[M],mute[M],mute[M],mute[M],mute[M],5<V>,mute[M],mute[M],mute[M],mute[M],mute[M],5<V>,mute[M],mute[MO],mute[M],mute[M],mute[M],5<V>,mute[M],mute[M],mute[M],mute[M],mute[M],5<V>,mute[M],mute[M],mute[M],mute[M],mute[M],5<V>,mute[M],mute[M],mute[M],mute[M],mute[M],5<V>,mute[M],mute[M],mute[M],mute[M],mute[M],5<V>,mute[M],mute[MO],mute[M],mute[M],mute[M],5<V>,mute[M],mute[M],mute[M],mute[M],mute[M],5<V>,mute[M],mute[M],mute[M],mute[M],mute[M],5<V>,mute[M],mute[MO],mute[M],mute[M],mute[M],5<V>,mute[M],mute[M],mute[M],mute[M],mute[M],5<V>,mute[M],mute[M],mute[M],mute[M],mute[M],mute[M],mute[M],mute[M],5<V>,mute[M],mute[M],5<V>,mute[M],mute[M],mute[M],mute[M],mute[M],5<V>,mute[M],mute[MO],5<V>,mute[M],mute[M],5<V>,mute[K],mute[LM],mute[LM],mute[LM],mute[JKLM],mute[LM],mute[LM],mute[LM],mute[JK],mute[LM],mute[LM],mute[LM],mute[LM],mute[LM],mute[MN],mute[MN],mute[MN],mute[MN],mute[LM],mute[MN],mute[MN],mute[LM],mute[MN],mute[MN],mute[LM],mute[LM],mute[LM],mute[LM],mute[MN],mute[MN],mute[LM],mute[LM],mute[LM],mute[LM],mute[KL],mute[KL],mute[LM],mute[LM],mute[LM],mute[LM],mute[LM],mute[LM],mute[LM],mute[LM],mute[LM],mute[LM],mute[LM],mute[LM],mute[KL],mute[LM],mute[MN],mute[MN],mute[LM],mute[MN],mute[MN],mute[LM],mute[MN],mute[MN],mute[LM],mute[MN],mute[MN],mute[LM],mute[MN],mute[MN],mute[LM],mute[LM],mute[LM],mute[LM],mute[KL],mute[KL],mute[LM],mute[LM],mute[LM],mute[LM],mute[LM],mute[LM],mute[LM],mute[LM],mute[LM],mute[LM],mute[LM],mute[LM],mute[KL],mute[LM],mute[MN],mute[MN],mute[LM],mute[MN],mute[MN],mute[LM],mute[MN],mute[MN],mute[LM],mute[MN],mute[MN],mute[LM],mute[MN],mute[MN],mute[LM],mute[LM],mute[LM],mute[LM],mute[KL],mute[KL],mute[LM],mute[LM],mute[LM],mute[LM],mute[LM],mute[LM],mute[LM],mute[LM],mute[LM],mute[LM],mute[LM],mute[LM],mute[KL],mute[LM],mute[MN],mute[MN],mute[LM],mute[MN],mute[MN],mute[LM],mute[MN],mute[MN],mute[LM],mute[MN],mute[MN],mute[LM],mute[MN],mute[MN],mute[LM],mute[LM],mute[LM],mute[LM],mute[KL],mute[KL],mute[LM],mute[LM],mute[LM],mute[LM],mute[LM],mute[LM],mute[LM],mute[LM],mute[LM],mute[LM],mute[LM],mute[LM],mute[KL],mute[LM],mute[MN],mute[MN],mute[LM],mute[MN],mute[MN],mute[LM],mute[MN],mute[MN],mute[LM],mute[MN],mute[MN],mute[LM],mute[MN],mute[KN],mute[LM],mute[LM],mute[LM],mute[LM],mute[LM],mute[LM],mute[LM],mute[KL],mute[LM],mute[LM],mute[IJ];","a[M],(g1.#A-1)[MO],d1[M],a[M],g1[M],d1[N],#A-1[N],a[M],(#A-1.e1.g1)[M],d1[M],a[M],g1[M],d1[N],(D-1.#f1.B-2.#c)[N],a[M],(B-2.d1.a.D-1.d.#f1.#c)[M],d1[M],a[M],#f1[M],d1[N],#A-1[N],a[M],(#f1.#A-1)[M],d1[M],a[M],#f1[M],d1[N],#A-1[N],a[M],(#f1.#A-1)[M],d1[M],a[M],#f1[M],d1[N],#A-1[N],a[M],(#f1.#A-1)[MO],d1[M],a[M],#f1[M],d1[N],(B-2.D-1.#c)[N],a[M],(B-2.a.D-1.d1.d.#c.g1)[M],d1[M],a[M],g1[M],d1[N],#A-1[N],a[M],(g1.#A-1)[M],d1[M],a[M],g1[M],d1[N],#A-1[N],a[M],(g1.#A-1.d1)[MO],d1[M],a[M],(g1.e1)[M],d1[N],#A-1[N],a[M],(#A-1.#f1.g1)[M],d1[M],a[M],g1[M],d1[N],(D-1.#c.B-2)[N],a[M],(a.a1.#c.D-1.d.B-2.d1)[M],d1[M],a[M],a1[M],d1[N],#A-1[N],a[M],(a1.#A-1)[M],d1[M],a[M],a1[M],d1[N],#A-1[N],a[M],(D-1.B-2.d.a1)[M],d1[M],a[M],(B-2.e.a1.E-1)[M],d1[M],a[M],(a1.#F-1.B-2.#f)[MO],d1[M],a[M],(g.G-1.B-2.a1)[M],d1[M],a[M],(#c.A-1.B-2.c2.g1.A-2)[M],d1[M],a[M],g1[M],d1[N],#A-1[N],a[M],(g1.#A-1)[M],d1[M],a[M],g1[M],d1[N],#A-1[N],a[M],(#A-1.D-1.g1)[MO],d1[M],a[M],g1[M],d1[N],#A-1[N],a[M],(#A-1.g1.d2)[M],d1[M],a[M],g1[M],d1[N],(#A-1.e2)[N],a[M],(B-1.d2.B-2.#c.#f1)[M],d1[M],a[M],#f1[M],d1[N],#A-1[N],a[M],(#f1.#A-1.g1)[M],d1[M],a[M],#f1[M],d1[N],#A-1[N],a[M],(#f1.#A-1.D-1)[M],d1[M],a[M],#f1[M],d1[N],#A-1[N],a[M],(#A-1.#f1)[MO],d1[M],a[M],#f1[M],d1[N],#A-1[N],a[M],(C-1.c.g1.e2.B-2.#c)[M],d1[M],a[M],g1[M],d1[N],#A-1[N],a[M],(#A-1.g1)[M],d1[M],a[M],g1[M],d1[N],#A-1[N],a[M],(D-1.g1.#A-1)[MO],d1[M],a[M],g1[M],d1[N],#A-1[N],a[M],(#A-1.#f2.g1)[M],d1[M],a[M],g1[M],d1[N],(g2.#A-1)[N],a[M],(d.#f2.a1.D-1.#c.B-2)[M],d1[M],a[M],(a1.c)[M],d1[M],a[M],(a1.a2)[M],d1[N],c[N],a[M],(D-1.a1)[M],d1[N],c[N],a[M],(a1.B-1)[M],d1[M],a[M],a1[M],d1[N],(B-2.B-1)[N],a[M],(a1.A-1.B-2)[MO],d1[N],(A-1.#c)[N],a[M],(a1.G-1)[M],d1[N],F-1[N],a[K],(E-1.g1.b1.b.e1.e)[LM],(e1.g1.b1.e.b.E-1)[LM],(d.d1.D-1.a.a1.#f1)[LM],(d1.a.a1.d.D-1.#f1)[JKLM],(b1.G-2.g1.g.d.d2.G-1)[LM],(b1.G-1.g1.g.d2.d.G-2)[LM],(C-1.g.c1.c.e1.g1)[LM],(c1.e1.C-1.g1.g.c)[JK],a1[LM],(g1.b1.e1.E-1.e.b)[LM],(e1.e.E-1.a1.g1.b.b1)[LM],(a1.#f1.d1.d.a.D-1)[LM],(D-1.a1.d1.a.#f1.d)[LM],(g1.B-1)[MN],B-1[MN],(a1.D-1)[MN],D-1[MN],(g1.a1.e1.b.B-2.E-1.b1.#c.e)[LM],D-1[MN],D-1[MN],(c.c1.g1.#c.C-1.B-2.e1.g)[LM],D-1[MN],D-1[MN],(#c.g.b.G-1.g1.d.G-2.B-2.d1)[LM],D-1[LM],(g1.D-1.a.d1.#f1.b1.a1.d.#c)[LM],(D-1.#f1.a1)[LM],(e1.D-1.g1)[MN],D-1[MN],(#G-1.B-2)[LM],(e1.b1.#f2.g1.b.e.B-2.E-1)[LM],(g1.e1.b1.e.b.E-1.D-1.#f2.#G-1)[LM],(a.d1.#f2.a1.#f1.D-1.d.B-2)[LM],(d1.#f1.d.B-2.a.#G-1.a1.D-1)[KL],(#f1.#G-1.D-1)[KL],(#G-1.B-2)[LM],(b1.G-1.B-2.d2.g1.g.d.G-2)[LM],(d.b1.D-1.g.#G-1.G-2.d2.G-1.g1)[LM],(c.C-1.g.g1.c1.e1.B-2)[LM],(g1.B-2.g.c1.e1.c.#G-1.C-1)[LM],#f1[LM],(D-1.#G-1.e1)[LM],d1[LM],(B-2.g1.#G-1)[LM],(e.g1.e1.B-2.b1.E-1.b)[LM],(b.e1.#G-1.e.D-1.g1.b1.E-1.#f1)[LM],(d.d1.#f1.D-1.a1.B-2.a)[LM],(d1.B-2.D-1.#G-1.d.a.a1.#f1)[KL],(D-1.#G-1)[LM],(e1.#c.b.E-1.e.B-2.b1.g1)[MN],g1[MN],g1[LM],(g.c.#f1.C-1.e1.c1.g1.B-2)[MN],#f1[MN],(#f1.D-1)[LM],(g.G-1.g1.B-2.d1.#c.e1.b.G-2.d)[MN],e1[MN],e1[LM],(d.d1.b1.B-2.#f1.a1.a.g1.D-1)[MN],d1[MN],(a1.d1.D-1.#f1)[LM],(g1.b1.D-1)[MN],D-1[MN],(B-2.#G-1)[LM],(e1.#f2.E-1.b1.e.g1.b.B-2)[LM],(D-1.b.#f2.e1.g1.#G-1.b1.e.E-1)[LM],(#f1.d1.#f2.a1.D-1.d.B-2.a)[LM],(a1.#G-1.d.B-2.#f1.a.d1.D-1)[KL],(D-1.g1.#G-1)[KL],(#G-1.B-2)[LM],(b1.G-1.g1.g.d2.d.B-2.G-2)[LM],(D-1.#G-1.b1.G-2.d2.g1.g.G-1.d)[LM],(c1.C-1.c.e1.B-2.g.g1)[LM],(c.#G-1.g1.B-2.c1.e1.C-1.g)[LM],#f1[LM],(#G-1.e1.D-1)[LM],d1[LM],(B-2.#G-1.d2.b1)[LM],(B-2.e1.b.g1.E-1.e.b1)[LM],(e.b1.e1.b.D-1.E-1.#G-1.g1.a1.c2)[LM],(d1.#f1.d.D-1.c2.a.B-2.a1)[LM],(d1.B-2.D-1.a.d.#G-1.#f1.a1)[KL],(#G-1.D-1)[LM],(b1.B-2.e.b.E-1.e1.#c.g1)[MN],g1[MN],g1[LM],(g.C-1.e1.g1.B-2.c1.#f1.c)[MN],#f1[MN],(#f1.D-1)[LM],(g.e1.b.#c.G-2.B-2.g1.d1.G-1.d)[MN],e1[MN],e1[LM],(a1.B-2.d1.b1.g1.#f1.D-1.a.d)[MN],d1[MN],(#f1.D-1.a1.d1)[LM],(e1.D-1.g1)[MN],D-1[MN],(B-2.#G-1)[LM],(b1.e1.g1.#f2.E-1.B-2.e.b)[LM],(D-1.e1.b.#G-1.E-1.#f2.b1.e.g1)[LM],(d1.d.#f2.B-2.a1.#f1.D-1.a)[LM],(d1.#f1.a.a1.#G-1.D-1.B-2.d)[KL],(#G-1.D-1.#f1)[KL],(B-2.#G-1)[LM],(G-2.g.d2.G-1.b1.B-2.d.g1)[LM],(d.#G-1.b1.G-2.G-1.d2.g.D-1.g1)[LM],(B-2.e1.c1.g.C-1.g1.c)[LM],(g1.C-1.e1.g.#G-1.c.c1.B-2)[LM],#f1[LM],(#G-1.D-1.e1)[LM],d1[LM],(B-2.g1.#G-1)[LM],(e1.b1.E-1.g1.B-2.b.e)[LM],(e.e1.b.g1.b1.#G-1.E-1.D-1.#f1)[LM],(d1.a.#f1.d.B-2.D-1.a1)[LM],(D-1.#f1.#G-1.d.a.d1.a1.B-2)[KL],(#G-1.D-1)[LM],(e1.#c.B-2.b1.E-1.g1.b.e)[MN],g1[MN],g1[LM],(B-2.e1.c1.g.#f1.c.g1.C-1)[MN],#f1[MN],(D-1.#f1)[LM],(d1.d.B-2.#c.b.G-1.g.g1.e1.G-2)[MN],e1[MN],e1[LM],(a1.g1.#f1.D-1.d1.a.b1.d.B-2)[MN],d1[MN],(d1.#f1.a1.D-1)[LM],(D-1.b1.g1)[MN],D-1[MN],(#G-1.B-2)[LM],(#f2.e1.B-2.E-1.b.g1.e.b1)[LM],(g1.e1.#G-1.D-1.#f2.e.b.b1.E-1)[LM],(a.a1.d1.#f2.D-1.d.#f1.B-2)[LM],(d1.a.#f1.a1.B-2.#G-1.D-1.d)[KL],(g1.D-1.#G-1)[KL],(B-2.#G-1)[LM],(g.G-2.G-1.g1.d2.b1.B-2.d)[LM],(G-2.d2.g.d.g1.#G-1.D-1.b1.G-1)[LM],(e1.B-2.C-1.c1.g.c.g1)[LM],(g.g1.c1.e1.C-1.B-2.c.#G-1)[LM],#f1[LM],(e1.D-1.#G-1)[LM],d1[LM],(B-2.#G-1.b1.d2)[LM],(e1.E-1.e.g1.b.B-2.b1)[LM],(e.b.b1.E-1.c2.#G-1.g1.a1.e1.D-1)[LM],(d1.#f1.a.D-1.a1.c2.B-2.d)[LM],(#f1.#G-1.d1.a.B-2.D-1.d.a1)[KL],(#G-1.D-1)[LM],(g1.e1.e.#c.E-1.b.b1.B-2)[MN],g1[MN],g1[LM],(g1.#f1.c1.B-2.e1.c.g.C-1)[MN],#f1[MN],(D-1.#f1)[LM],(g.b.e1.g1.B-2.d.#c.d1.G-1.G-2)[MN],e1[MN],e1[LM],(d1.a.a1.#f1.d.D-1.B-2)[MN],d1[MN],(d1.D-1)[LM],D-1[MN],D-1[KN],(g.b1.B-2.B-1.g1.b)[LM],(b1.b.g.B-1.B-2.g1)[LM],(C-1.#c.c2.B-2.c.c1.g1.g)[LM],(g.c1.C-1.#c.B-2.c.g1.c2)[LM],D-1[LM],D-1[LM],(#c.d.B-2.a.a1.D-1.d1.d2)[LM],(B-2.#c.a1.D-1.d1.d.d2.a)[KL],(b.#c.e2.b1.e.e1.B-2.E-1.#G-1)[LM],(e.B-2.E-1.b1.e2.e1.#c.b)[LM],#G-1[IJ];"],"id":3,"instruments":["piano","piano"],"alternatives":["",""]}],"audition":{"start":[0,0],"end":[2,385]}}