{"baseBpm":120,"musics":[{"id":1,"baseBeats":0.25,"scores":["(f.c1.a1.c2)[LM],(e.c1.g1.#a1)[M],(f.c1.f1.a1)[L];(c.#a.e1.g1)[L],(d.a.d1.f1)[L],(c.c1.e1.g1)[L],(f.c.f1.a1)[L],(f.a.c1.f1)[L];(c.c1.e1.g1)[M],(f1.a1)[M],(g1.#a1)[M],(e1.g1)[M],(f.c1.f1.a1)[LM],(g.#a.d1.g1)[M],(f.a.c1.f1)[L];(c.#a.c1.e1)[L],(f.a.c1.f1)[K],(f.c1.a1.c2)[LM],(e.c1.g1.#a1)[M],(f.c1.f1.a1)[L];(c.#a.e1.g1)[L],(d.a.d1.f1)[L];","F-1[LM],E-1[M],F-1[L];C-1[L],D-1[L],C-1[L],F-1[L],F-1[L];C-1[K],F-1[LM],G-1[M],F-1[L];C-1[L],F-1[K],F-1[LM],E-1[M],F-1[L];C-1[L],D-1[L];"]},{"id":2,"baseBeats":0.25,"scores":["(c.c1.e1.g1)[L],(f.c.f1.a1)[L],(f.a.c1.f1)[L];(c.c1.e1.g1)[M],(f1.a1)[M],(g1.#a1)[M],(e1.g1)[M],(f.c1.f1.a1)[LM],(g.#a.d1.g1)[M],(f.a.c1.f1)[L];(c.#a.c1.e1)[L],(f.a.c1.f1)[K],(c.c1.e1.g1)[LM],(f1.a1)[M];(g1.#a1)[L],(c.c1.e1.g1)[L],(f.c1.f1.a1)[LM],(f.g.f1.#a1)[M],(f.a.f1.c2)[L];(e.c1.g1)[L],(f.c1.f1.a1)[M],b1[M],(a.c1.e1.c2)[L],(f.c1.a1.d2)[M];","C-1[L],F-1[L],F-1[L];C-1[K],F-1[LM],G-1[M],F-1[L];C-1[L],F-2[K],C-1[LM],C-1[M],C-1[L],C-1[L],F-1[LM],F-1[M],F-1[L];E-1[L],F-1[LM],E-1[M],D-1[M];"]},{"id":3,"baseBeats":0.25,"scores":["e2[M],(d.c1.a1.f2)[L];(g.c1.g1.e2)[L],(g.b.f1.d2)[L],(c.c1.e1.c2)[K],(f.c1.a1.c2)[LM],(e.c1.g1.#a1)[M],(f.c1.f1.a1)[L];(c.#a.e1.g1)[L],(d.a.d1.f1)[L],(c.c1.e1.g1)[L],(f.c.f1.a1)[L],(f.a.c1.f1)[L];(#a.d2)[M],f1[M],(f1.#a1)[M],(#a.d2)[M],(a.c2)[M],f1[M],a1[M],(#a.g1.#a1)[M],(c1.f1.a1)[L],(c.#a.e1.g1)[L],(f.a.c1.f1)[K],T;","U,F-1[M];G-1[L],G-2[L],C-1[K],F-1[LM],E-1[M],F-1[L];C-1[L],D-1[L],C-1[L],F-1[L],C-1[L];#A-2[LM],#A-2[M],A-2[LM],#A-2[M],C-1[L],C-1[L],F-2[J];"]}],"audition":{"start":[0,0],"end":[0,20]}}