{"baseBpm":105,"musics":[{"id":1,"baseBeats":0.25,"scores":["(#f.#F-1)[M],(f.F-1)[M],(e.E-1)[L],TU,(b.e.B-1)[L],U,(d1.e.d)[L];U,(#c1.a)[L],(#c1.a)[L],SU;(#f.#F-1)[M],(f.F-1)[M],(e.E-1)[L],TU,(b.e.B-1)[L],U,(d1.e.d)[L];U,(e1.a.e)[L],TU,(b.a)[K],ST;(b.a)[K],ST;(b.a)[L],U,(b.a)[L];U,(b.a)[L],U,(b.a)[L],RU;(A-1.A-2)[L],(#c1.a.g)[M],(#c1.a.g)[M],(e1.#c1.g)[L];(#f3.#f2)[L],(#f3.e3.e2)[L],(d3.d2)[L],(d3.d2)[L],(#f3.#f2)[L],(g3.g2)[L],(b3.b2)[L],(d4.#c4.d3)[L];(b3.b2)[L],(b3.b2)[L],(a3.a2)[L],(a3.a2)[K],(b3.a3.b2)[L],(#c3.#c2)[L],(#c3.#c2)[L];(b3.b2)[L],(b3.a3.a2)[L],(d3.d2)[L],(d3.d2)[L],(#f3.#f2)[L],(#g3.#f3.#f2)[L],(e3.e2)[L],(#g3.#f3.#f2)[L];(e3.e2)[L],(#g3.#f3.#f2)[L],(e3.e2)[L],(#g3.#f3.#f2)[L],(e3.e2)[L],(a2.a1)[L],(e3.e2)[L],(e3.e2)[L];(#f3.#f2)[L],(#f3.e3.e2)[L],(d3.d2)[L],(d3.d2)[L],(#f3.#f2)[L],(g3.g2)[L],(b3.b2)[L],(d4.#c4.d3)[L];(b3.b2)[L],(b3.b2)[L],(a3.a2)[L],(a3.a2)[K],(b3.a3.b2)[L],(#c3.#c2)[L],(#c3.#c2)[L];(b3.b2)[L],(b3.a3.a2)[L],(d3.d2)[L],(d3.d2)[L],(#f3.#f2)[L],(#g3.#f3.#f2)[L],(e3.e2)[L],(#g3.#f3.#f2)[L];(e3.e2)[L],(e3.e2)[L],(d3.d2)[L],(d3.d2)[L],U,(#f3.#f2)[K],(d3.d2)[K];(b2.b1)[K],(a2.a1)[K],(a2.a1)[L],(e2.a1)[L],(#f2.a1)[L];(g2.a1)[L],(g2.#f2.a1)[L],(#f2.e2.a1)[M],(e2.e2)[M],(d2.a1)[L],U,(#f4.#f3)[K],(d4.d3)[K];(b3.b2)[K],(a3.a2)[K],(#g3.e3.#g2)[L],(a3.e3.a2)[L],(b3.e3.b2)[L];(#c4.e3.#c3)[M],e3[M],(#f3.e3.e2)[L],(d3.d2)[L],(d3.d2)[L],U,(#f3.#f2)[K],(d3.d2)[K];(b2.b1)[K],(a2.a1)[K],(a2.a1)[L],(e2.a1)[L],(#f2.a1)[L];(g2.a1)[L],(g2.#f2.a1)[L],(#f2.e2.a1)[M],(e2.e2)[M],(d2.a1)[L],U,(#f4.#f3)[K],(d4.d3)[K];(b3.b2)[K],(a3.a2)[K],(#g3.e3.#g2)[L],(a3.e3.a2)[L],(b3.e3.b2)[L];(#c4.e3.#c3)[M],e3[M],(#f3.e3.e2)[L],(d3.d2)[L],(d3.d2)[L],V,(d3.c3)[M],(g3.#f3.e3)[J];(a3.a2)[L],(c4.c3)[L],(b3.b2)[L],(a3.a2)[L],(d4.d3)[L],U,(d4.d3)[L];U,(d4.d3)[L],(e4.e3)[L],(b3.b2)[L],(c4.c3)[L],(a3.a2)[L],U,(a3.a2)[L];U,(a3.a2)[L],(c4.c3)[L],(b3.b2)[L],(a3.a2)[L],g2[L],V,e4[M],(g4.#f4.g3)[L];(#f4.#f3)[L],(e4.e3)[L],(d4.d3)[L],(c4.c3)[L],(b3.b2)[L],(a3.a2)[L],(g3.g2)[L],(a3.a2)[L];","(#f3.#f2)[M],(f3.f2)[M],(e3.e2)[L],TU,(d4.#g3.d3)[L],U,(#g3.e3.#g2)[L];U,(a3.e3)[L],(e4.e3)[L],SU;(#f3.#f2)[M],(f3.f2)[M],(e3.e2)[L],TU,(d4.#g3.d3)[L],U,(#g3.e3.#g2)[L];U,(a3.e3.a2)[L],STU;(b2.a2)[K],ST;(b2.a2)[K],RT;(b2.a2)[L],U,(b2.a2)[L];U,(b2.a2)[L],U,(b2.a2)[L],U,(a2.a1)[L],(e3.e2)[L],(e3.e2)[L];(#f1.#c1.g)[L],(d.D-1)[L],(d1.a.#f)[M],(d1.a.#f)[M],(d1.a.#f)[L],(g1.d1.g)[L],(g.G-1)[L],(d1.b.g)[M],(d1.b.g)[M],(d1.b.g)[L];(b.g.d)[L],(d.D-1)[L],(d1.a.#f)[M],(d1.a.#f)[M],(d1.a.#f)[L],(#f1.d1.a)[L],(A-1.A-2)[L],(e1.a.g)[L],(e1.a.g)[L];(e1.b.g)[L],D-1[L],d1[M],#f[M],a[M],d1[M],#f[M],a[M],(#g.e.d)[L],(#g.e.d)[L],(#g.e.B-1)[L];(#g.e.B-1)[L],(a.g.e)[L],(a.g.e)[L],(a.e.#c)[L],(a.e.#c)[L],(A-1.A-2)[L],(#c1.a.g)[M],(#c1.a.g)[M],(e1.#c1.g)[L];(#f1.#c1.g)[L],(d.D-1)[L],(d1.a.#f)[M],(d1.a.#f)[M],(d1.a.#f)[L],(g1.d1.g)[L],(g.G-1)[L],(d1.b.g)[M],(d1.b.g)[M],(d1.b.g)[L];(b.g.d)[L],(d.D-1)[L],(d1.a.#f)[M],(d1.a.#f)[M],(d1.a.#f)[L],(#f1.d1.a)[L],(A-1.A-2)[L],(e1.a.g)[L],(e1.a.g)[L];(e1.b.g)[L],D-1[L],d1[M],#f[M],a[M],d1[M],#f[M],a[M],(A-1.A-2)[L],(e1.#c1.a)[L],(g1.#c1.a)[L];(#c.A-1)[L],(#f1.d1.a)[L],(a.#f.d)[L],(a.d.A-1)[L],U,(#f.#F-1)[K],(d.D-1)[K];(B-1.B-2)[K],(A-1.A-2)[K],A-1[L],(#c1.e)[L],(#c1.g)[L];(#c1.e)[L],(d1.#f)[L],#f[L],(#f.A-1)[L],U,(#f1.#f)[K],(d1.d)[K];(b.B-1)[K],(a.A-1)[K],(g.G-1)[L],(g.G-1)[L],(e.E-1)[L];(e.E-1)[L],(#f.#F-1)[L],(#f.#F-1)[L],(d.D-1)[L],U,(#f.#F-1)[K],(d.D-1)[K];(B-1.B-2)[K],(A-1.A-2)[K],A-1[L],(#c1.e)[L],(#c1.g)[L];(#c1.e)[L],(d1.#f)[L],#f[L],(#f.A-1)[L],U,(#f1.#f)[K],(d1.d)[K];(b.B-1)[K],(a.A-1)[K],(g.G-1)[L],(g.G-1)[L],(e.E-1)[L];(e.E-1)[L],(#f.#F-1)[L],(#f.#F-1)[L],(d.D-1)[L],U,(G-1.G-2)[L],(d1.b)[L],(D-1.D-2)[L];(d1.b)[L],(#F-1.#F-2)[L],(c1.a)[L],(D-1.D-2)[L],(c1.#f)[L],(G-1.G-2)[L],(d1.b)[L],(D-1.D-2)[L];(d1.b)[L],(G-1.G-2)[L],(d1.b)[L],(D-1.D-2)[L],(d1.b)[L],(#F-1.#F-2)[L],(c1.a)[L],(D-1.D-2)[L];(c1.#f)[L],(#F-1.#F-2)[L],(a.#f)[L],(D-1.D-2)[L],(c1.#f)[L],(G-1.G-2)[L],(b.g)[L],(B-1.B-2)[L];(b.g)[L],(d.D-1)[L],(b.g)[L],(g.G-1)[L],(d1.b)[L],(G-1.G-2)[L],(d1.b)[L],(D-1.D-2)[L];"]},{"id":2,"baseBeats":0.25,"scores":["(g3.g2)[L],(a3.a2)[M],a2[M],(g3.g2)[M],g2[M],a2[M],(a3.a2)[M],g2[M],(g3.g2)[M],g3[M],g3[M],g3[M],g3[M],g3[M],g3[M];g3[M],g3[M],a3[M],a3[M],c4[M],c4[M],b3[M],b3[M],a3[M],a3[M],d4[M],d4[M],d4[M],d4[M],d4[M],d4[M];d4[M],d4[M],d4[M],d4[M],e4[M],e4[M],b3[M],b3[M],c4[M],c4[M],a3[M],a3[M],a3[M],a3[M],a3[M],a3[M];a3[M],a3[M],a3[M],a3[M],c4[M],c4[M],b3[M],b3[M],a3[M],a3[M],g3[M],g3[M],d4[M],d4[M],a3[M],a3[M];b3[M],b3[M],(g3.g2)[L],U,(g4.d4.b3)[K],(#f2.d2)[M],(g3.g2)[M],U,T;a3[M],a3[M],c4[M],c4[M],b3[M],b3[M],a3[M],a3[M],(d4.c4.a3)[L],U,(d4.b3.a3)[L];U,(d4.d3)[L],(e4.e3)[L],(b3.b2)[L],(c4.c3)[L],(a3.#f3.a2)[L],U,(a3.#f3.a2)[L];U,(a3.a2)[L],(c4.c3)[L],(b3.b2)[L],(a3.a2)[L],(g3.g2)[L],(g4.g3)[L],(#f4.#f3)[L];(e4.e3)[L],d4[M],d4[M],c4[M],c4[M],b3[M],b3[M],a3[M],(a3.d3.c3)[M],(g3.#f3.e3)[J];(a3.a2)[L],(c4.c3)[L],(b3.b2)[L],(a3.a2)[L],(d4.d3)[L],U,(d4.d3)[L];U,(d4.d3)[L],(e4.e3)[L],(b3.b2)[L],(c4.c3)[L],(a3.a2)[L],U,(a3.a2)[L];U,(a3.a2)[L],(c4.c3)[L],(b3.b2)[L],(a3.a2)[L],(g3.g2)[L],(d4.d3)[L],(a3.a2)[L];(b3.b2)[L],(g3.g2)[L],U,(g4.d4.b3)[K],a2[L],e3[L],(e3.a2)[L];(#f3.e3)[L],(#f3.e3.e3)[L],(#f3.d3)[L],(e3.d3)[L],(#f3.d3)[L],(g3.d3)[L],(b3.#f3)[L],(d4.g3)[L];(b3.b3)[L],(d4.c4.b3)[L],(b3.a3)[L],(a3.a3)[K],(b3.#f3)[L],(#c3.a2)[L],(#c3.a2)[L];(b3.#f3)[L],(a3.a2)[L],(d3.b2)[L],(d3.b2)[L],(#f3.a2)[L],(#g3.#f3)[L],e3[L],(#g2.#f2)[L];e2[L],(#g3.#f3)[L],e3[L],(#g4.#f4)[L],e4[L],a2[L],e3[L],(e3.a2)[L];(#f3.e3)[L],(#f3.e3.e3)[L],(#f3.d3)[L],(e3.d3)[L],(#f3.d3)[L],(g3.d3)[L],(b3.#f3)[L],(d4.g3)[L];(b3.b3)[L],(d4.c4.b3)[L],(b3.a3)[L],(a3.a3)[K],(c3.b2)[L],a2[L],a2[K];b2[L],a2[L],a2[K],(b3.b2)[L],(a3.a2)[L],(a3.a2)[K];(b3.b2)[L],(a3.a2)[L],(a3.a2)[K],(c3.b2)[L],a2[L],a2[K];b2[L],a2[L],a2[K],(b3.b2)[L],(a3.a2)[L],(a3.a2)[K];(b3.b2)[L],(a3.a2)[L],(a3.a2)[L],(d3.c3)[L],(g3.#f3.e3)[J];(a3.a2)[L],(c4.c3)[L],(b3.b2)[L],(a3.a2)[L],d4[M],d4[M],d4[M],d4[M],(d4.d3)[L];U,(d4.d3)[L],(e4.e3)[L],(b3.b2)[L],(c4.c3)[L],a3[M],a3[M],a3[M],a3[M],(a3.a2)[L];U,(a3.a2)[L],(c4.c3)[L],(b3.b2)[L],(a3.a2)[L],(g3.g2)[L],(g4.g3)[L],(#f4.#f3)[L];(e4.e3)[L],d4[M],d4[M],c4[M],c4[M],b3[M],b3[M],a3[M],(a3.d3.c3)[M],(g3.#f3.e3)[L],g3[L],(a3.g3.g2)[K];a3[M],a3[M],c4[M],c4[M],b3[M],b3[M],a3[M],a3[M],d4[M],d4[M],d4[M],d4[M],d4[M],d4[M];","(d1.b)[L],(d.D-1)[L],(b.g)[L],(g.G-1)[L],(d1.b)[L],(G-1.G-2)[L],(d1.b)[L],(D-1.D-2)[L];(d1.b)[L],(#F-1.#F-2)[L],(c1.a)[L],(D-1.D-2)[L],(c1.#f)[L],(G-1.G-2)[L],(d1.b)[L],(D-1.D-2)[L];(d1.b)[L],(G-1.G-2)[L],(d1.b)[L],(D-1.D-2)[L],(d1.b)[L],(#F-1.#F-2)[L],(c1.a)[L],(D-1.D-2)[L];(c1.#f)[L],(#F-1.#F-2)[L],(a.#f)[L],(D-1.D-2)[L],(c1.#f)[L],(g.G-1)[L],(g.G-1)[L],(d.D-1)[L];(d.D-1)[L],(g.G-1)[L],U,(d.A-1.G-1)[K],(G-1.G-2)[L],(d1.b)[L],(D-1.D-2)[L];(d1.b)[L],(#F-1.#F-2)[L],(c1.a)[L],(D-1.D-2)[L],(c1.#f)[L],(G-1.G-2)[L],(d1.b)[L],(D-1.D-2)[L];(d1.b)[L],(G-1.G-2)[L],(d1.b)[L],(D-1.D-2)[L],(d1.b)[L],(#F-1.#F-2)[L],(c1.a)[L],(D-1.D-2)[L];(c1.#f)[L],(#F-1.#F-2)[L],(a.#f)[L],(D-1.D-2)[L],(c1.#f)[L],(G-1.G-2)[L],(b.g)[L],(B-1.B-2)[L];(b.g)[L],(d.D-1)[L],(b.g)[L],(g.G-1)[L],(d1.b)[L],(G-1.G-2)[L],(d1.b)[L],(D-1.D-2)[L];(d1.b)[L],(#F-1.#F-2)[L],(c1.a)[L],(D-1.D-2)[L],(c1.#f)[L],(G-1.G-2)[L],(d1.b)[L],(D-1.D-2)[L];(d1.b)[L],(G-1.G-2)[L],(d1.b)[L],(D-1.D-2)[L],(d1.b)[L],(#F-1.#F-2)[L],(c1.a)[L],(D-1.D-2)[L];(c1.#f)[L],(#F-1.#F-2)[L],(a.#f)[L],(D-1.D-2)[L],(c1.#f)[L],(a.A-1)[L],(a.A-1)[L],(d.D-1)[L];(d.D-1)[L],(g.G-1)[L],U,(d.A-1.G-1)[K],a[L],(#c2.a1.g1)[L],a[L];(#c2.a1.g1)[L],d1[L],(d2.a1.#f1)[L],d1[L],(d2.a1.#f1)[L],g1[L],(d2.b1)[L],g1[L];(d2.b1)[L],a1[L],(#f2.d2)[L],a1[L],(#f2.d2)[L],#f1[L],(d2.a1.g1)[L],#f1[L];(d2.a1.g1)[L],d1[L],(a1.#f1)[L],d1[L],(a1.#f1)[L],e1[M],#f1[M],(#g1.e1)[M],a1[M],(b1.#g1)[M],#c2[M];(d2.b1)[M],e2[M],(#f2.#c2)[M],#g2[M],(a2.e2)[M],b2[M],(#c3.#g2)[M],d3[M],(#c3.a2)[M],d3[M],a1[M],#c2[M],g1[M],#c2[M],a1[M],#c2[M];g1[M],#c2[M],d1[M],a1[M],#f1[M],a1[M],d1[M],a1[M],#f1[M],a1[M],g1[M],d2[M],b1[M],d2[M],d1[M],b1[M];g1[M],b1[M],a1[M],#f2[M],d2[M],#f2[M],a1[M],#f2[M],d2[M],#f2[M],(e.#c.A-1)[L],a[L],(e.#c.A-1)[L];a[L],(f.d.A-1)[L],a[L],(f.d.A-1)[L],a[L],(#f.#d.#A-1)[L],a[L],(#f.#d.#A-1)[L];a[L],(g.e.A-1)[L],a[L],(g.e.A-1)[L],a[L],(e.#c.A-1)[L],(A-2.A-3)[L],(e.#c.A-1)[L];(A-2.A-3)[L],(f.d.A-1)[L],(A-2.A-3)[L],(f.d.A-1)[L],(A-2.A-3)[L],(#f.#d.#A-1)[L],(A-2.A-3)[L],(#f.#d.#A-1)[L];(A-2.A-3)[L],(g.e.A-1)[L],(A-2.A-3)[L],(g.e.A-1)[L],(A-2.A-3)[L],(G-1.G-2)[L],(d1.b)[L],(D-1.D-2)[L];(d1.b)[L],(#F-1.#F-2)[L],(c1.a)[L],(D-1.D-2)[L],(c1.#f)[L],(G-1.G-2)[L],(d1.b)[L],(D-1.D-2)[L];(d1.b)[L],(G-1.G-2)[L],(d1.b)[L],(D-1.D-2)[L],(d1.b)[L],(#F-1.#F-2)[L],(c1.a)[L],(D-1.D-2)[L];(c1.#f)[L],(#F-1.#F-2)[L],(a.#f)[L],(D-1.D-2)[L],(c1.#f)[L],(G-1.G-2)[L],(b.g)[L],(B-1.B-2)[L];(b.g)[L],(d.D-1)[L],(b.g)[L],(g.G-1)[L],(d1.b)[L],(G-1.G-2)[L],(d1.b)[L],(D-1.D-2)[L];(d1.b)[L],(#F-1.#F-2)[L],(c1.a)[L],(D-1.D-2)[L],(c1.#f)[L],(G-1.G-2)[L],(d1.b)[L],(D-1.D-2)[L];"]},{"id":3,"baseBeats":0.25,"scores":["d4[M],d4[M],d4[M],d4[M],e4[M],e4[M],b3[M],b3[M],c4[M],c4[M],a3[M],a3[M],a3[M],a3[M],a3[M],a3[M];a3[M],a3[M],a3[M],a3[M],c4[M],c4[M],b3[M],b3[M],a3[M],a3[M],g3[M],g3[M],d4[M],d4[M],a3[M],a3[M];b3[M],b3[M],(g3.g2)[L],U,(g4.d4.b3)[K],(#f3.d3)[M],(g3.g2)[M],U,T;a3[M],a3[M],c4[M],c4[M],b3[M],b3[M],a3[M],a3[M],(d4.c4.a3)[L],U,(d4.b3.a3)[L];U,(d4.d3)[L],(e4.e3)[L],(b3.b2)[L],(c4.c3)[L],(a3.#f3.a2)[L],U,(a3.#f3.a2)[L];U,(a3.a2)[L],(c4.c3)[L],(b3.b2)[L],(a3.a2)[L],(g3.g2)[L],(a4.g4.g3)[L],(g4.#f4.#f3)[L];(#f4.e4.e3)[L],d4[M],d4[M],c4[M],c4[M],b3[M],b3[M],a3[M],(a3.d3.c3)[M],(g3.#f3.e3)[J];(a3.a2)[L],(c4.c3)[L],(b3.b2)[L],(a3.a2)[L],(d4.c4.d3)[L],U,(e4.d4.d3)[L];U,(d4.d3)[L],(e4.e3)[M],#c4[M],(b3.b3.b2)[L],(c4.c3)[L],(a3.g3.a2)[L],U,(b3.a3.a2)[L];U,(a3.a2)[L],(c4.c3)[L],(b3.b2)[L],(a3.a2)[L],(g3.g2)[L],(d4.d3)[L],(a3.a2)[L];(b3.b2)[L],(g3.g2)[K],(g3.g2)[L],(d3.d2)[L],(a3.a2)[L],(d3.d2)[L],(b3.b2)[L];(g3.g2)[L],(d4.d3)[L],(c4.c3)[L],(#f4.#f3)[L],(e4.e3)[L],(d4.d3)[L],(c4.c3)[L],(b3.b2)[L];(a3.a2)[L],(g3.g2)[L],U,(g3.g2)[L],(d3.d2)[L],(a3.a2)[L],(#f3.#f2)[L],(b3.b2)[L];(g3.g2)[L],(d4.d3)[L],(c4.c3)[L],(#f4.#f3)[L],(e4.e3)[L],(d4.d3)[L],(c4.c3)[L],(b3.b2)[L];(a3.a2)[L],(g3.g2.g2)[L],#g2[M],a2[M],(b2.#c2)[M],a2[M],#g2[M],a2[M],(b2.d2)[M],a2[M],#g2[M],a2[M],(b2.#c2)[M],a2[M];#g2[M],a2[M],(b2.d2)[M],a2[M],#g2[M],a2[M],(b2.#c2)[M],a2[M],#g2[M],a2[M],(b2.d2)[M],a2[M],#g2[M],a2[M],(b2.#c2)[M],a2[M];#g2[M],a2[M],d3[L],#g2[M],a2[M],b2[M],a2[M],#g2[M],a2[M],(b2.d2.#c2)[M],a2[M],#g2[M],a2[M],(b2.#c2.a1)[M],a2[M];#g2[M],a2[M],(b2.d2.#c2)[M],a2[M],#g2[M],a2[M],(b2.#c2.a1)[M],a2[M],#g2[M],a2[M],(b2.d2.#c2)[M],a2[M],#g2[M],a2[M],(b2.#c2.a1)[M],a2[M];#g2[M],a2[M],d3[K],(d3.#f2)[M],d2[M],#f2[M],d2[M],(d3.#f2)[M],d2[M],#f2[M],d2[M],(d3.#f2)[M],d2[M];#f2[M],d2[M],(d3.#f2)[M],d2[M],#f2[M],d2[M],(d3.#f2)[M],d2[M],#f2[M],d2[M],(d3.#f2)[M],d2[M],#f2[M],d2[M],(d3.#f2)[M],d2[M];#f2[M],d2[M],(d3.#f2)[M],d2[M],#f2[M],d2[M],(d3.#f2)[M],d2[M],#f2[M],d2[M],(d3.#f2)[M],d2[M],(#a2.#d2)[M],d2[M],(d3.#f2)[M],d2[M];(#a2.#d2)[M],d2[M],(d3.#f2)[M],d2[M],(#a2.#d2)[M],d2[M],(d3.#f2)[M],d2[M],(e3.a2)[M],d2[M],(d3.#f2)[M],d2[M],a2[M],d2[M],(d3.#f2)[M],d2[M];a2[M],d2[M],(d3.#f2)[M],d2[M],a2[M],d2[M],(#f3.d3.a2)[L],V,(#f3.d3.a2)[M],(#f3.d3.a2)[L],V,(#f3.d3.a2)[M],(#f3.d3.a2)[L];V,(#f3.d3.a2)[M],(#f3.d3.a2)[L],TU,(#f3.d3.a2)[L],TU;(d3.a2.#f2)[L],TU,(a2.#f2.d2)[L],TU;(d3.a2.d2)[M],(#f2.a1)[M],(d3.a2.d2)[M],(#f2.a1)[M],(d3.a2.d2)[M],(#f2.a1)[M],(d3.a2.d2)[M],(#f2.a1)[M],(d3.a2.d2)[M],(#f2.a1)[M],(d3.a2.d2)[M],(#f2.a1)[M],(d3.a2.d2)[M],(#f2.a1)[M];(d3.a2.d2)[M],(#f2.a1)[M],(d3.a2.#f2)[JK],","(d1.b)[L],(G-1.G-2)[L],(d1.b)[L],(D-1.D-2)[L],(d1.b)[L],(#F-1.#F-2)[L],(c1.a)[L],(D-1.D-2)[L];(c1.#f)[L],(#F-1.#F-2)[L],(a.#f)[L],(D-1.D-2)[L],(c1.#f)[L],(g.G-1)[L],(g.G-1)[L],(d.D-1)[L];(d.D-1)[L],(g.G-1)[L],U,(d.A-1.G-1)[K],(G-1.G-2)[L],(d1.b)[L],(D-1.D-2)[L];(d1.b)[L],(#F-1.#F-2)[L],(c1.a)[L],(D-1.D-2)[L],(c1.#f)[L],(G-1.G-2)[L],(d1.b)[L],(D-1.D-2)[L];(d1.b)[L],(G-1.G-2)[L],(d1.b)[L],(D-1.D-2)[L],(d1.b)[L],(#F-1.#F-2)[L],(c1.a)[L],(D-1.D-2)[L];(c1.#f)[L],(#F-1.#F-2)[L],(a.#f)[L],(D-1.D-2)[L],(c1.#f)[L],(G-1.G-2)[L],(b.g)[L],(B-1.B-2)[L];(b.g)[L],(d.D-1)[L],(b.g)[L],(g.G-1)[L],(d1.b)[L],(G-1.G-2)[L],(d1.b)[L],(D-1.D-2)[L];(d1.b)[L],(#F-1.#F-2)[L],(c1.a)[L],(D-1.D-2)[L],(c1.#f)[L],(G-1.G-2)[L],(d1.b)[L],(D-1.D-2)[L];(d1.b)[L],(G-1.G-2)[L],(d1.b)[L],(D-1.D-2)[L],(d1.b)[L],(#F-1.#F-2)[L],(c1.a)[L],(D-1.D-2)[L];(c1.#f)[L],(#F-1.#F-2)[L],(a.#f)[L],(D-1.D-2)[L],(c1.#f)[L],(a.A-1)[L],(a.A-1)[L],(d.D-1)[L];(d.D-1)[L],(g.B-1.G-1)[K],(g.d.G-1)[K],(a.#f)[K],(b.f)[K];(g.e)[K],(#f1.c1.g)[L],(e1.c1.e)[L],(b.#f.d)[L],c1[L],(b.#f.d)[L];c1[L],(g.B-1.G-1)[K],(G-1.D-1.G-2)[K],(A-1.#F-1)[K],(B-1.F-1)[K];(G-1.E-1)[K],(#f.c.G-1)[L],(e1.c1.e)[L],B-1[L],c[L],B-1[L];c[L],(g.G-1)[L],U,A-1[L],U,(d.D-1)[L],U,A-1[L];U,(d.D-1)[L],U,A-1[L],U,(d.D-1)[L],U,A-1[L];U,(d.D-1)[L],U,(A-1.A-2)[L],U,(d.D-1)[L],U,(A-1.A-2)[L];U,(d.D-1)[L],U,(A-1.A-2)[L],U,(d.D-1)[L],U,(A-1.A-2)[L];U,#f[K],(d.D-1)[K],(#c.#C-1)[K],(B-1.B-2)[K];(A-1.A-2)[K],(G-1.G-2)[K],(#F-1.#F-2)[K],(E-1.E-2)[K];(D-1.D-2)[K],(d.D-1)[K],(#c.#C-1)[K],(B-1.B-2)[K];(A-1.A-2)[K],(G-1.G-2)[K],(#F-1.#F-2)[K],(E-1.E-2)[K];(D-1.D-2)[K],(d.A-1.#F-1)[L],V,(d.A-1.#F-1)[M],(d.A-1.#F-1)[L],V,(d.A-1.#F-1)[M],(d.A-1.#F-1)[L];V,(d.A-1.#F-1)[M],(d.A-1.#F-1)[L],TU,(d1.a.#f)[L],TU;(a.#f.d)[L],TU,(a.#f.d)[L],TU;D-1[M],d[M],D-1[M],d[M],D-1[M],d[M],D-1[M],d[M],D-1[M],d[M],D-1[M],d[M],D-1[M],d[M];D-1[M],d[M],(d.A-1.D-1)[K],T,S,"]}]}