{"baseBpm":72,"musics":[{"bpm":72,"baseBeats":0.25,"scores":["(c1.c2)[K],(#c1.#c2)[K],(#d.#f1.a1)[L],(c1.c2)[L],(#a.#c.#a1.f1)[L],(#g.#g1)[L],(g.g1)[J],(#a.c.e1.#a1)[L],(#g.#g1)[L],(g.g1)[K],B-1[K],(f.#d1.#g1)[L],#c1[L],(c.c1)[K],(e.#a.g1)[K],(c.F-1.f.f1.c1.#g)[J],(f.F-1.c1.f1.#g)[LM],c1[M],(#A-1.f.#c1.#a.f1)[K],(f.F-1.c1.#g.f1)[KL],f1[L],(#c.#C-1.f1.#g)[L],f[L],(f1.#a)[L],g[M],5<g1[N],f1[N]>,(e1.b.f1)[L],(f1.#g)[L],(c.C-1.#g1.f1.c1)[L],#g[L],(g1.e1.c1)[L],g[L],(#c1.#a)[L],(c1.g)[L],(c.F-1.f.f1.c1.#g)[J],(f.F-1.c1.f1.#g)[LM],c1[M],(#c.#C-1.#c1.f.f1.#g)[K],(#G-1.#G-2.c1.f1.f)[KL],f1[M],5<W,f[N]>,(f1.b)[L],f[L],(G-1.b.f1)[L],g[M],5<g1[N],f1[N]>,(e1.f1.#c1.b)[L],(f1.g)[L],(c.#g1.e1.c1)[L],g[L],(g1.c1.e1)[L],g[L],(#A-1.#d1.#c1)[L],g[L],(#G-1.#G-2.#g1.#d1.#g.c1.#d)[J],(#G-1.#G-2.#d1.#g.c1.#d)[LM],#d1[M],(G-1.G-2.e1.#c1.a.e)[K],(G-2.G-1.#d1.#d.#c1.#a)[K],(#c1.#d1.#a)[L],(#d1.#d)[L],(#G-2.#G-1.#d1.#g1.c1)[L],(#g1.#f)[L],(g1.#g1.c1.#d1)[L],(#g1.#f)[L],(#a1.#g1.c1.#d1)[L],#f[M],#g1[M],(#C-1.#c.#g1.#c1)[L],f[L],(#c1.f1)[L],#g[L],(#a1.f1)[L],g[L],(C-1.c.c2.#a.e1)[L],g[L],(#a.e1)[L],g[L],(g1.#a.e1)[L],g[M],g1[M],(F-1.#g1.f1.#g.c1)[L],f[L],(f1.#g.c1)[L],f[L],(#G-1.f1.#g.c1)[L],(#A-1.f)[L],(C-1.c.e1.#a)[L],g[M],g1[M],(#c2.e1.#a)[L],g[L],(e1.#a)[L],(c2.g)[L],(#a1.c1.#g.f1)[L],f[L],(#g1.c1.#g.f1)[L],f[L],(c1.#g.f1)[L],f[L],(C-1.c.c2.e1.c1.g)[L],e[L],(e1.c1.g)[L],e[L],(g1.g.c1.e1)[L],e[M],g1[M],(c.C-1.#g1.#c1.b)[L],f[L],(#c1.b)[L],f[L],(f1.#a.#c1)[L],f[L],(c.C-1.c1.#g)[L],5<(#c1.f)[N],c1[N]>,5<b[N],c1[N]>,(#g1.g.#c1.#a)[L],f[L],(g.c1.#a)[L],(g1.e)[L],(F-1.c.g1.#g.f)[L],c1[L],f1[L],#g1[L],c2[K],(c1.#g1.f.c2)[L],f2[L],#g2[L],b2[L],c3[K],#g2[L],f2[L],c2[L],#g2[L],(e1.c1.#a1.g2)[K],(#g1.f1.c2)[L],f2[L],#g2[L],b2[L],c3[K],#g2[L],f2[L],c2[L],#g2[L],(e1.c1.#a1.g2)[K],(f1.#g1.c2)[L],f2[L],#g2[L],b2[L],c3[K],#g2[L],f2[L],c2[L],#g1[L],f1[K],(F-2.F-1.f.c1.#g)[JK],(G-2.G-1.#d.#d1.#a)[JKMO],"],"id":1,"instruments":["piano"],"alternatives":[""]},{"bpm":72,"baseBeats":0.25,"scores":["(#G-1.#d1.#g.c1)[L],#d[L],(#g1.#d1.c1)[L],(g1.#g)[L],(#c.#C-1.f1.#c1)[L],5<(g1.#g)[N],f1[N]>,5<e1[N],f1[N]>,(g1.f1.#c1)[L],(#g1.#g)[L],(G-1.#d1.#a.#c1)[L],#d[M],f1[M],(#d1.#c1.#a)[L],(f1.#d)[L],(#G-1.#d1.c1.#g)[L],#d[M],#c1[M],(c1.#d1.#g)[L],#d[L],(#G-1.#d1.c1.#g)[L],#d[L],(f1.d1.#a)[L],f[M],f1[M],(G-1.g1.b.d1)[L],g[L],(c.g1.#d1.c1)[L],(#g1.g)[M],5<W,#A-2[N]>,(#A-1.c2.g.#d1.g1)[L],(#a1.#a)[L],(f1.d1.#g)[L],#a[M],g1[M],(#D-1.#d.f1.#d1.g)[L],#a[L],(#d1.g)[L],#a[L],(#D-1.#d.#a1.#d1.g1)[L],#a[L],(c2.g1.#d1)[L],#a[M],#a1[M],(#D-1.#d.f1.d1.#g1)[L],#a[L],(#a1.#g1.d1.f1)[L],(#a1.#a)[L],(#d.#D-1.a1.g1.#c1.#d1)[L],#a[M],#a1[M],(#c.#C-1.c2.#d1.g1)[L],#a[M],#a1[M],(c.C-1.#d1.#g1)[L],#g[M],5<g1[N],f1[N]>,(#A-1.#A-2.#d1.g.#c1)[L],#d[L],(#G-1.#d.#d1.c1.#g)[L],#d1[L],(#D-1.#g1.#d2)[L],#d1[M],#a1[M],(#G-1.#d.c2.c1.#g.#d1)[L],#d1[L],(#D-1.#c2.#d2)[L],#d1[M],c2[M],(#d.#A-1.c2.#c1.g.#d1)[L],(#a1.#d1)[L],(#D-1.g1.#d2)[L],(f1.#d1)[L],(#d.#A-1.f1.#c1.g.#d1)[L],#d1[L],(#D-1.#d2)[L],#d1[L],(#G-1.#d.#d1.c1.#g)[L],#d1[L],(#g1.#d2)[L],#d1[M],#a1[M],c2[L],(c.c1.g.e1.c2)[L],(#g.c1.f.c2.f1)[L],(#d.#d1.#a.#a1.g1.#d2)[L],(#d1.#g.c2.#g1)[L],5<(f1.#d1.c1)[N],#d1[N]>,5<d1[N],#d1[N]>,(#D-1.#d.f1.b.d1)[L],(g1.#a.#c1)[L],(#d.#G-1.#a1.#g1.#g.c1)[L],(#g1.#g2)[L],c2[L],f2[L],(f1.d2.#g1)[L],(#d1.#d2.g1)[L],(#g.#f1.c2)[L],(#c1.f1.#c2)[L],(d1.f1.b1)[L],(c1.c2.e1)[L],(f.a1.#d1)[L],(#a.d1.#a1)[L],(e.#c1.g1)[L],(f.c1.#g1)[L],(#c.#a)[LO],(#d.#c1.g1)[LOP],(#G-2.#G-1.c1.#g1)[LO],#d[LO],(c1.#g.#d1)[LO],#d[LO],"],"id":2,"instruments":["piano"],"alternatives":[""]},{"bpm":72,"baseBeats":0.25,"scores":["(#G-1.#d1.#g.c1)[L],#d[L],(#g1.#d1.c1)[L],(g1.#g)[L],(#c.#C-1.f1.#c1)[L],5<(g1.#g)[N],f1[N]>,5<e1[N],f1[N]>,(g1.f1.#c1)[L],(#g1.#g)[L],(G-1.#d1.#a.#c1)[L],#d[M],f1[M],(#d1.#c1.#a)[L],(f1.#d)[L],(#G-1.#d1.c1.#g)[L],#d[M],#c1[M],(c1.#d1.#g)[L],#d[L],(#G-1.#d1.c1.#g)[L],#d[L],(f1.d1.#a)[L],f[M],f1[M],(G-1.g1.b.d1)[L],g[L],(c.g1.#d1.c1)[L],(#g1.g)[M],5<W,#A-2[N]>,(#A-1.c2.g.#d1.g1)[L],(#a1.#a)[L],(f1.d1.#g)[L],#a[M],g1[M],(#D-1.#d.f1.#d1.g)[L],#a[L],(#d1.g)[L],#a[L],(#D-1.#d.#a1.#d1.g1)[L],#a[L],(c2.g1.#d1)[L],#a[M],#a1[M],(#D-1.#d.f1.d1.#g1)[L],#a[L],(#a1.#g1.d1.f1)[L],(#a1.#a)[L],(#d.#D-1.a1.g1.#c1.#d1)[L],#a[M],#a1[M],(#c.#C-1.c2.#d1.g1)[L],#a[M],#a1[M],(c.C-1.#d1.#g1)[L],#g[M],5<g1[N],f1[N]>,(#A-1.#A-2.#d1.g.#c1)[L],#d[L],(#G-1.#d.#d1.c1.#g)[L],#d1[L],(#D-1.#g1.#d2)[L],#d1[M],#a1[M],(#G-1.#d.c2.c1.#g.#d1)[L],#d1[L],(#D-1.#c2.#d2)[L],#d1[M],c2[M],(#d.#A-1.c2.#c1.g.#d1)[L],(#a1.#d1)[L],(#D-1.g1.#d2)[L],(f1.#d1)[L],(#d.#A-1.f1.#c1.g.#d1)[L],#d1[L],(#D-1.#d2)[L],#d1[L],(#G-1.#d.#d1.c1.#g)[L],#d1[L],(#g1.#d2)[L],#d1[M],#a1[M],c2[L],(c.c1.g.e1.c2)[L],(#g.c1.f.c2.f1)[L],(#d.#d1.#a.#a1.g1.#d2)[L],(#g.#d1.#g1.c2)[L],5<(f1.c1.#d1)[N],#d1[N]>,5<d1[N],#d1[N]>,(#D-1.#d.f1.b.d1)[LP],(g1.#c1.#a)[LP],(#d.#G-1.#a1.#g1.#g.c1)[LP],(#g1.#g2)[LP],c2[LP],f2[LP],(f1.#g1.d2)[LP],(#d1.g1.#d2)[LP],(#g.c2.#f1)[LO],(#c1.f1.#c2)[LO],(d1.b1.f1)[LO],(c1.e1.c2)[LO],(f.#d1.a1)[LOP],(#a.#a1.d1)[LOP],(e.#c1.g1)[LN],(f.c1.#g1)[LN],(#c.#a)[LNOP],(#d.g1.#c1)[LNOP],(#G-1.#d.#g1.c1)[J],S,"],"id":3,"instruments":["piano"],"alternatives":[""]}],"audition":{"start":[0,0],"end":[1,0]}}