{"baseBpm":50,"musics":[{"bpm":50,"baseBeats":0.25,"scores":["(d.a.a1.f1.d1)[L],(d.a.a1.f1.d1)[M],(d.a.g1.e1.d1)[M],(d.a.a1.f1.d1)[L],(g.G-1.#a1.g1.d1)[M],#a1[M],(F-1.a1.d1.a)[M],(G-1.g1.e1.#a)[M],(A-1.f1.d1.a)[M],(g.A-1.e1.#c1.a)[M],(f.d.f1.d1.a)[LM],(d.g1.e1.#a)[M],(d.a1.f1.a)[L],(d.a.d2.#f1.c1)[M],(d.c2.#f1.c1)[M],(g.c2.g1.d1.#a1)[M],#a1[M],(d.a1.f1.d1)[M],"],"id":1,"instruments":["piano"],"alternatives":[""]},{"bpm":50,"baseBeats":0.25,"scores":["(g.#a1.g1.d1)[M],(d.a1.f1.d1)[M],5<g1[N],f1[N]>,(G-1.e1.#a.d1)[M],(A-1.f1.#c1.g)[M],(D-1.d1.a.f)[M],5<f1[N],e1[N]>,d1[L],(c.e1.#a)[M],c1[M],(F-1.f1.a)[M],(f1.c1)[M],(c.g1.e1.#a)[M],5<(f1.c1)[N],g1[N]>,(f.F-1.a1.a.f1)[M],#d1[M],5<(#A-1.f.#a1.d1)[N],a1[N]>,5<W,g1[N]>,(f.#A-1.f1.d1)[M],(f.#A-1.g1.#c1)[M],(f.F-1.a1.c1)[L],"],"id":2,"instruments":["piano"],"alternatives":[""]},{"bpm":50,"baseBeats":0.25,"scores":["(a1.f1.a)[M],c1[M],(A-1.#c1.g)[M],a[M],(d.d1.f)[M],(d1.a)[M],(A-1.e1.#c1.g)[M],5<(d1.a)[N],e1[N]>,(d.D-1.f1.d1.f)[M],a[M],5<(G-1.g.a1.e1.#a)[N],g1[N]>,5<W,f1[N]>,(e.A-1.e1.#c1.g)[M],(e.A-1.f1.#c1.g)[M],(D-1.d1.f)[MO],(f1.a)[MO],(d.d2.f.d1)[J],"],"id":3,"instruments":["piano"],"alternatives":[""]}],"audition":{"start":[0,0],"end":[1,0]}}