{"baseBpm":50,"musics":[{"bpm":50,"baseBeats":0.25,"scores":["(#d.d1.#a.#g1.g2)[M],f2[M],(d1.#d.#a.#a1.#g1)[L],(#a.#d1.#d.g1.g2)[L],(b.d1.#d.g2.#g1)[M],f2[M],(#a.#d.d1.#g1.#a1)[L],(#d.#d1.#a.g2.g1)[L],(#a.d1.#d.g2.#g1)[M],f2[M],(#a.#d.d1.#g1.#a1)[L],(#d.d1.#a.f2.#g1)[L],(#d.#d1.#a.#d2.g1)[K],#D-1[L],g1[M],#g1[M],(F-1.c2.c1.#g.f1)[L],(F-1.#a1.c1.#g.f1)[M],#g1[M],g1[M],#f1[M],(c.g1.c1.g.#d1)[L],(c.g1.c1.g.#d1)[L],(f.g1)[M],#g1[M],(c2.c1.#g.f1)[L],(#a1.c1.#g.f1)[M],#g1[M],(c.#g1)[L],"],"id":1,"instruments":["piano"],"alternatives":[""]},{"bpm":50,"baseBeats":0.25,"scores":["(c1.#g.#d1)[L],(g1.c1.g.#d1)[L],(#A-1.g1)[M],#g1[M],(c2.d1.f1.#g)[L],(#a1.f1.#g.d1)[M],#g1[M],(#D-1.#d.g1)[M],#f1[M],(g1.g.#d1.#a)[L],(g1.g.#d1.#a)[L],(#A-1.g1)[M],#g1[M],(c2.#g.f1.d1)[L],(#a1.#g.f1.d1)[M],#g1[M],(#D-1.#d.#g1)[L],(g.#d1.#a)[L],(g1.g.#d1.#a)[L],(B-1.g1)[L],(g.f1.d1)[M],#g1[M],(g1.g.f1.d1)[M],#f1[M],(c.g1)[M],#f1[M],(g1.#d1.g.c1)[L],(#g1.#d1.g.c1)[L],(d.a1)[M],#a1[M],(d2.#a.#g1.f1)[L],(c2.#g1.#a.f1)[M],#a1[M],"],"id":2,"instruments":["piano"],"alternatives":[""]},{"bpm":50,"baseBeats":0.25,"scores":["(#d.#a1)[L],(g1.#a)[L],(G-1.b1.#d1.b)[L],(#G-1.d2)[L],(e1.c1)[M],c2[M],(#a1.c1.f1)[M],#g1[M],(#A-1.#A-2.#g1)[M],g1[M],(c2.#d1.#a.g1)[L],(#a1.#d1.g1.#a)[L],(#A-2.c2)[M],#a1[M],(a1.d1.f1.#g)[L],(#g1.d1.f1.#g)[L],(#D-1.#f1)[L],(#f1.a.#d1)[L],(g1.#d1.#a)[L],(#G-1.d2)[L],(b.g1)[M],c2[M],(#a1.c1.#g1.f1)[M],#g1[M],(#A-1.#g1)[M],g1[M],(c2.g1.#a.#d1)[L],(#a1.e1.g1.#a)[L],(#A-2.#A-1.c2)[M],#a1[M],(#g1.#a.f1)[L],(f1.d1.#g1.#a)[L],(#D-1.#A-1.f1)[L],(#d1.g)[L],(#a.#d1.#d.g1.g2)[L],"],"id":3,"instruments":["piano"],"alternatives":[""]}],"audition":{"start":[0,0],"end":[1,0]}}