{"baseBpm":172,"musics":[{"bpm":62.5,"baseBeats":0.5,"scores":["a1[L],#c2[L],9<#f1[LLLLLL]>,a1[L],#c2[L],9<#f1[LLLLLL]>,a2[L],#c3[L],9<#f2[LLLLLL]>,b2[K],9<#c3[LLLLLL]>,e3[L],#f3[L],9<#c3[LLLLL]>,b2[L],#c3[L],e3[L],9<a3[LLLLLL]>,#f2[L],a2[L],9<#c2[L]>,9<U>,9<U>,9<U>,9<U>,9<U>,b1[L],5<V,a1[M]>,9<#f1[L]>,9<U>,9<U>,9<U>,9<U>,9<U>,(#f1.b2)[L],#c3[L],","T,d[L],a[L],d1[L],U,e[L],b[L],e1[K],#f[L],#c1[L],#g1[L],a1[L],#c2[J],d[L],a[L],d1[L],U,e[L],b[L],#g1[K],a[L],e1[L],#g1[L],#c2[L],e2[J],d[L],a[L],#g1[L],a[L],e[L],b[L],e1[K],#f[L],#c1[L],#g1[L],a1[L],#c2[L],#c1[L],#f1[K],d[L],a[L],d1[L],#f1[L],e[L],b[L],e1[K],#f[L],#c1[L],#f1[L],#g1[L],a1[L],#c1[L],T,"],"id":1,"instruments":["piano","piano"],"alternatives":["",""]},{"bpm":62.5,"baseBeats":0.5,"scores":["(#f2.d)[L],a[L],(#f1.b2)[L],#c3[L],(e.e2.b2)[L],b[L],(#c3.#g1)[K],9<(#f2)[LLLLLL]>,(#f1.b2)[L],#c3[L],(#f2.d)[L],a[L],(#f1.b2)[L],#c3[L],(e.e2.b2)[L],b[L],(e1.a2)[K],9<(e2.#c3)[LLLLLL]>,(b.e3)[L],#f3[L],(#c3.d)[L],a[L],(#f1.#f3)[L],e3[L],(#c3.e)[L],b[L],(#g1.#g3~a3)[K],9<(#f3)[LLLLL]>,U,e2[L],#f2[L],(d.#c2)[L],a[L],(a1.d1)[L],#f1[L],(#g1.e)[L],b[L],(a1.e1~mute~mute~e1)[K],9<(#f1)[LLLLLL]>,#f1[L],a1[L];(#f1.#c2.D-1)[L],(A-1.b1)[L],(b1.#f)[L],A-1[L],E-1[L],(B-1.e1.#c2)[L],(b1.#g)[L],#f1[L],(#f1.#F-1)[L],(a1.#c)[L],9<(a1)[LLLL]>,(#f.#f1)[L],a1[L];(#f1.#c2.D-1)[L],(A-1.b1)[L],(b1.#f)[L],A-1[L],E-1[L],(B-1.e1.#c2)[L],(b1.#g)[L],a1[L],(e1.b1.A-1)[L],(e.#c2)[L],9<(#c2)[LLLL]>,(#f2.a)[L],a2[L],","UUUUUUT,#f[L],#c1[L],#g1[L],a1[L],#c2[L],#c1[L],UUUUUUUUT,A-1[L],e[L],b[L],#c1[L],e1[L],e[L],UUUUUUUUT,#f[L],#c1[L],#g1[L],a1[L],#c2[L],U,UUUUUUUUT,#F-1[L],#c[L],#f[L],a[L],#c1[L],U,T,UUUUUUUUT,#g[L],#c[L],a[L],#c[L],T,UUUUUUUUT,b[L],e[L],#c1[L],e[L],T,"],"id":2,"instruments":["piano","piano"],"alternatives":["",""]},{"bpm":62.5,"baseBeats":0.5,"scores":["7<(d.#f2~a2~#c3~mute)[K]>,(a.b2)[L],(b2.#f1)[L],a[L],e[L],(b.#c3)[L],(#g1.b2)[L],(#f2.b)[L],(#f2.#f)[L],(a2.#c1)[L],(#g1.a2)[L],#c1[L],a1[L],#c1[L],(#f1.a2)[L],#f2[L];(d.#c2)[L],a[L],(#f1.a2)[L],#c2[L],(e.#g2)[L],b[L],10<(#g1.a2~#c2)[K],(#f2.#F-1)[L],#c[L],#g[L],a[L],#c1[L],#c[L]>,#f1[L],a1[L];(#f1.#c2.D-1)[L],(A-1.b1)[L],(b1.#f)[L],A-1[L],E-1[L],(B-1.e1.#c2)[L],(b1.#g)[L],#f1[L],(#f1.#F-1)[L],(a1.#c)[L],9<a1[LLLL]>,(#f.#f1)[L],a1[L];(#f1.#c2.D-1)[L],(A-1.b1)[L],(b1.#f)[L],A-1[L],E-1[L],(B-1.e1.#c2)[L],(b1.#g)[L],a1[L],(e1.b1.A-1)[L],(e.#c2)[L],9<(#c2.e1)[LLLL]>,(#f2.a)[L],a2[L],7<(d.#f2~a2~#c3~mute)[K]>,(a.b2)[L],(b2.#f1)[L],a[L],e[L],(b.#c3)[L],(#g1.b2)[L],(#f2.b)[L],(#f2.#f)[L],(a2.#c1)[L],(#g1.a2)[L],#c1[L],a1[L],#c1[L],(#f1.a2)[L],#f2[L];(d.#c2)[L],a[L],(#f1.a2)[L],#f2[L],(e.#c2)[L],b[L],(#g1.#g2)[L],a2[L],(#F-1.#f2)[L],#c[L],a[K],3<(#F-1.#f)[K]>,ST,","U,U,U,U,U,U,U,U,U,U,U,U,U,U,U,U,U,U,U,U,U,U,U,T,U,U,U,U,U,U,U,U;UUUUUUUUT,#g[L],#c[L],a[L],#c[L],T,UUUUUUUUT,b[L],e[L],#c1[L],e[L],T,"],"id":3,"instruments":["piano","piano"],"alternatives":["",""]}]}