{"baseBpm":127,"musics":[{"bpm":127,"baseBeats":0.25,"scores":["c3[LM],c3[M],T,c3[L],5<e2[N],W>,5<g2[N],W>,5<b2[N],W>,5<c3[N],W>,U,c3[LM],c3[M],T,c3[L],5<e2[N],W>,5<g2[N],W>,5<b2[N],W>,5<c3[N],W>,U,c3[LM],c3[M],T,c3[L],5<e2[N],W>,5<g2[N],W>,5<b2[N],W>,5<c3[N],W>,U,c3[LM],c3[LM],g2[M],c3[M],g3[M],c3[M],c3[M],e3[M],g3[M],c4[M],U,c3[LM],c3[M],T,c3[L],5<e2[N],W>,5<g2[N],W>,5<b2[N],W>,5<c3[N],W>,U,c3[LM],c3[M],T,c3[L],5<e2[N],W>,5<g2[N],W>,5<b2[N],W>,5<c3[N],W>,U,g2[LM],g2[M],T,g2[L],5<e2[N],W>,5<g2[N],W>,5<b2[N],W>,5<c3[N],W>,U,g3[LM],g3[LM],(g1.c2.d2)[M],(g1.c2.d2)[L],(g1.c2.d2)[M],T,d2[L],d3[M],c2[M],e3[L],(d2.d3)[L],U,c2[M],c3[M],V,c2[M],5<d3[N],W>,e3[M],d2[M],V,d3[M],c2[M],e3[L],(d2.d3)[L],U,c2[M],5<g2[N],W>,c3[M],5<c2[N],W>,d3[M],5<e3[N],W>,d2[L],d3[M],c2[M],e3[L],(d2.d3)[L],U,c2[M],c3[M],V,5<c2[N],W>,d3[M],e3[M],8<d2[NO],g2[N],e2[NO]>,g2[M],c2[M],U,e3[M],d2[M],c3[M],a2[M],g2[M],e2[M],d3[M],c2[M],e3[L],d2[L],d3[M],c2[M],e3[L],(d2.d3)[L],U,c2[M],c3[M],V,c2[M],d3[M],e3[M],d2[M],V,5<d3[N],W>,c2[M],e3[L],(d2.d3)[L],U,c2[M],g2[M],c3[M],c2[M],d3[M],e3[M],b1[L],d3[M],c2[M],e3[L],b1[M],d3[M],U,(c2.c3)[M],g2[M],c3[M],c2[M],5<d3[N],W>,5<e3[N],W>,8<b1[NO],g2[N],e2[NO]>,g2[M],c2[M],U,e3[M],b1[M],c3[M],a2[M],g2[M],e2[M],g2[M],c2[M],g2[M],c2[M],(f1.c2)[LM],(f1.c2)[LM],(f1.c2)[K],mute[M],mute[M],mute[M],mute[M],g1[L],(f1.b1)[LM],(f1.c2)[M],U,(f1.c2)[K],mute[M],mute[M],mute[M],mute[M],mute[M],mute[M],","c2[LM],c2[KM],c2[L],e1[M],g1[M],b1[M],c2[LM],c2[LM],c2[KM],c2[L],e1[M],g1[M],b1[M],c2[LM],c2[LM],c2[KM],c2[L],e1[M],g1[M],b1[M],c2[LM],c2[LM],c2[LM],g1[M],c2[M],g2[M],c2[M],c2[M],e2[M],g2[M],c3[LM],c2[LM],c2[KM],c2[L],e1[M],g1[M],b1[M],c2[LM],c2[LM],c2[KM],c2[L],e1[M],g1[M],b1[M],c2[LM],g1[LM],g1[KM],g1[L],e1[M],g1[M],b1[M],c2[LM],g2[LM],g2[LM],(g.c1.d1)[K],(G-2.G-1)[K],(F-2.F-1)[K],(c.f.F-1)[LM],(c.f.F-1)[L],c[M],(f.f)[M],a[M],c1[M],(f.f)[M],a[L],(F-2.F-1)[K],(F-1.c.f)[LM],(F-1.c.f)[LM],(c.f.a.c1)[LM],(c.f.a.c1)[LM],(E-2.E-1)[K],(c.e.E-1)[LM],(c.e.E-1)[L],c[M],(e.e)[M],g[M],c1[M],(e.e)[M],g[L],(E-1.c.e)[LM],(E-1.c.e)[LM],(E-1.c.e)[K],(c.e.g.c1)[LM],(c.e.g.c1)[LM],(D-2.D-1)[K],(A-1.d.D-1)[LM],(A-1.d.D-1)[L],A-1[M],(d.d)[M],f[M],a[M],(d.d)[M],f[L],(D-2.D-1)[K],(D-1.A-1.d)[LM],(D-1.A-1.d)[LM],(A-1.d.f.a)[LM],(A-1.d.f.a)[LM],(A-2.A-1)[K],(e.a.A-1)[LM],(e.a.A-1)[L],e[M],(a.a)[M],c1[M],e1[M],(a.a)[M],c1[L],(A-1.e.a)[LM],(A-1.e.a)[LM],(A-1.e.a)[K],(e.a.c1.e1)[LM],(e.a.c1.e1)[LM],(F-2.F-1)[K],(F-1.c.f)[LM],(F-1.c.f)[LM],g[M],a[M],c1[M],f[M],a[M],g[M],(F-1.c.f)[LM],(F-1.c.f)[LM],(F-1.c.f)[K],c[M],f[M],a[M],c1[M],f1[M],a1[M],"],"id":1},{"bpm":131,"baseBeats":0.25,"scores":["(e1.c2)[LM],(e1.c2)[LM],(e1.c2)[L],U,g1[K],g1[L],e2[L],f2[L],e2[L],d2[K],c2[L],mute[M],mute[M],mute[M],mute[M],8<f1[N],a1[N],c2[N],f2[N]>,T,(e1.e2)[KL],(c1.c2)[K],(d1.f1.b1)[LM],(d1.f1.c2)[M],U,(d1.f1.c2)[L],U,mute[M],mute[M],mute[M],mute[M],c2[L],(e1.g1.b1)[LM],(e1.g1.c2)[M],U,(a1.c2.g2)[KL],U,(e1.g1.c2)[L],(e1.g1.b1)[LM],(e1.g1.c2)[M],U,(a1.c2.g2)[L],5<d2[N],e2[N]>,UV,d2[K],(a1.c2.f2)[LM],(a1.c2.e2)[M],U,(a1.c2)[L],U,(a1.c2)[L],(a1.c2)[L],(a1.c2)[L],(#g1.g2)[L],c2[L],U,(#g1.g2)[L],c2[L],mute[M],mute[M],5<W,W>,5<W,W>,(e2.a1)[L],f2[L],e2[L],c2[L],U,c2[L],c2[L],c2[L],(a1.g2)[L],c2[L],U,a1[L],c2[L],mute[M],mute[M],5<W,W>,5<W,W>,(a1.c2.f2)[L],f1[M],a1[M],c2[M],g2[M],(g1.c2)[K],e1[M],g1[M],c2[M],g2[M],(a1.f2)[K],c1[M],f1[M],a1[M],e2[M],d2[K],c2[K],d2[L],mute[K],mute[K],mute[L],d2[L],e2[L],(#g1~b1~f2)[LM],d1[M],f1[M],#g1[M],b1[M],f1[M],#g1[M],b1[M],d2[M],#g1[M],b1[M],d2[M],f2[M],b1[M],d2[M],f2[M],(c2.f2.a2.c3)[K],c1[M],a[M],b[M],c1[M],d1[M],b[M],c1[M],d1[M],e1[M],c1[M],d1[M],e1[M],f1[M],d1[M],e1[M],f1[M],g1[M],e1[M],f1[M],g1[M],a1[M],f1[M],g1[M],a1[M],8<c5[O],b4[O],a4[O],g4[O],f4[N],e4[O],d4[O],c4[O],b3[O],a3[O],g3[O],f3[N],e3[O],d3[O]>,c3[M],UV,(c2.e2.g2.c3)[K],(b1.b2)[L],(c2.c3)[L],e2[M],g2[M],b1[M],c3[LM],(c2.c3)[LM],c3[M],c2[L],5<g2[N],W>,5<c3[N],W>,5<g3[N],W>,c3[M],5<c3[N],W>,,e3[M],5<g3[N],W>,c4[M],","(E-2.E-1)[K],(E-1.c.e)[LM],(E-1.c.e)[LM],(e.g)[M],a[M],c1[M],e[M],a[M],g[M],(E-1.c.e)[LM],(E-1.c.e)[LM],(E-1.c.e)[K],d1[N],e1[MN],d1[M],c1[M],a[M],g[M],(D-2.D-1)[K],(d.g.a.c1)[KL],(d.g)[M],a[M],c1[M],d[M],a[M],g[M],(D-1.A-1.d)[LM],(D-1.A-1.d)[LM],(D-1.A-1.d)[K],A-1[M],d[M],f[M],a[M],d1[M],f1[M],(A-2.A-1)[K],(c.e.g.c1)[KL],(e.g)[M],a[M],c1[M],e[M],a[M],g[M],(A-1.e.a)[LM],(A-1.e.a)[LM],(A-1.e.a)[JL],(F-2.F-1)[K],(F-1.c.f)[KL],(f.a.c1.f1)[LM],(f.a.c1.f1)[LM],(E-2.E-1)[K],(e.b.d1)[LM],(e.b.d1)[LM],e[M],b[M],d1[M],#g1[M],c2[M],g2[M],A-1[K],(e.g.c1)[KL],(e.g.c1)[LM],c1[LM],(e1.#f)[K],c1[KL],a[M],c1[M],e1[M],a1[M],c2[M],e2[M],(d.a.d1)[KL],(e.c1.e1)[J],(f.c1.f1)[JL],f1[M],c1[M],f[M],c1[M],f1[M],a1[M],d2[L],G-1[K],G-1[K],G-1[K],G-1[K],(G-2.G-1)[K],(B-1.d.f.b)[K],(d.f.b.d1)[K],(f.b.d1.f1)[K],(F-2.F-1)[K],(c2.f2.a2.c3)[K],(c2.f2.a2.c3)[L],(c2.f2.a2.c3)[KL],(b1.d2.g2.b2)[L],(b1.d2.g2.b2)[L],(b1.d2.g2.b2)[L],(c2.d2.g2.c3)[K],(d2.g2.b2.d3)[L],b1[M],g1[M],a1[M],b1[KM],(f.c1.a1)[KL],a1[M],f1[M],c1[M],a[M],f[M],c[M],(G-2.G-1)[K],(g.c1.d1.g1)[LM],(g.c1.d1.g1)[LM],(g.c1.d1.g1)[LM],(g.c1.d1.g1)[LM],"],"id":2},{"bpm":135,"baseBeats":0.25,"scores":["(d3.d2.g2.b2)[L],c3[L],(c3.c2)[L],b2[L],(b2.b1)[L],g2[L],e2[L],(b2.b1.e2.g2)[K],(c2.e2.g2.c3.c3)[LM],c3[LM],c3[M],b2[L],g2[L],e2[M],c2[L],(f1.a1.c2.f2)[K],f2[M],a1[M],c2[M],f2[M],a2[L],(a1.a2)[L],U,(#g1.b1.e2.#g2)[L],U,(a1.c2.#f2.a2)[L],U,(b1.d2.#g2.b2)[L],U,(d2.f2.b2.d3)[L],T,(d3.d2.e2.g2)[L],c3[L],(b2.c2)[L],c3[L],c2[L],d3[L],e3[L],(f2.g2.#a2.f3)[K],g3[LM],g3[M],e2[L],g3[L],f3[L],e3[L],c3[L],c3[L],U,(c2.e2.g2.c3)[K],(b1.b2)[L],(c2.c3)[L],e2[M],g2[M],b1[M],c3[LM],(c2.c3)[LM],c3[M],c2[L],g2[M],c3[M],g3[M],c3[M],c3[M],e3[M],g3[M],c4[M],(d3.d2.g2.b2)[L],c3[L],(c3.c2)[L],b2[L],(b2.b1)[L],g2[L],e2[L],(b2.b1.e2.g2)[K],(a1.a2)[LM],c3[M],b1[L],c3[M],b2[M],c2[M],g2[L],e2[M],c2[L],(g1.#a1.d2.g2)[K],(f1.f2)[L],(c2.d2.f2.c3)[KL],(g1.g2)[L],(g1.c2.e2.g2)[KL],(f1.f2)[L],(f1.a1.c2.f2)[K],(c2.c3)[K],(c2.f2.#g2.c3)[L],5<W,W>,5<c1[N],W>,5<f1[N],W>,5<#g1[N],W>,5<c2[N],W>,5<f1[N],W>,5<#g1[N],W>,5<c2[N],W>,5<f2[N],W>,5<#g1[N],W>,5<c2[N],W>,5<f2[N],W>,5<#g2[N],W>,5<c2[N],W>,5<f2[N],W>,5<#g2[N],W>,5<W,W>,5<g[N],W>,5<c1[N],W>,5<d1[N],W>,5<g1[N],W>,5<c1[N],W>,5<d1[N],W>,5<g1[N],W>,5<c2[N],W>,5<g1[N],W>,5<d1[N],W>,5<c1[N],W>,5<g1[N],W>,5<d1[N],W>,5<c1[N],W>,5<g[N],W>,d2[L],d3[M],c2[M],e3[L],(d2.d3)[K],c2[M],c3[L],c2[M],d3[M],e3[M],d2[L],d3[M],c2[M],e3[L],(d2.d3)[K],c2[M],g2[M],c3[M],c2[M],d3[M],e3[M],d2[L],d3[M],c2[M],e3[L],(d2.d3)[K],c2[M],c3[L],c2[M],d3[M],e3[M],8<d2[NO],g2[N],e2[NO]>,g2[M],c2[LM],e3[M],d2[M],c3[M],a2[M],g2[M],e2[M],d3[M],c2[M],e3[L],d2[L],d3[M],c2[M],e3[L],(d2.d3)[K],c2[M],c3[L],c2[M],d3[M],e3[M],d2[L],d3[M],c2[M],e3[L],(d2.d3)[K],c2[M],g2[M],c3[M],c2[M],d3[M],e3[M],b1[L],d3[M],c2[M],e3[L],b1[M],d3[LM],(c2.c3)[M],g2[M],c3[M],c2[M],d3[M],e3[M],8<b1[NO],g2[N],e2[NO]>,g2[M],c2[LM],e3[M],b1[M],c3[M],a2[M],g2[M],e2[M],g2[M],c2[M],g2[M],c2[M],","(E-2.E-1)[K],(g.b.d1.g1)[LM],(g.b.d1.g1)[LM],(g.b.d1.g1)[LM],(g.b.d1.g1)[LM],(A-2.A-1)[LM],(a.c1.e1.g1)[LM],(a.c1.e1.g1)[K],(a.c1.e1.g1)[LM],(a.c1.e1.g1)[LM],(F-2.F-1)[K],(c.f.a.c1)[LM],(c.f.a.c1)[LM],c[M],f[M],a[M],c1[LM],(E-2.E-1)[K],(E-1.B-1.e)[K],(B-1.e.#g.b)[K],(e.#g.b.d1)[K],(A-2.A-1)[K],(a.e1.g1)[K],(c1.c2)[K],(e1.g1.a1.c2.e2)[K],(G-2.G-1)[K],(g.#a.d1.f1)[LM],(g.#a.d1.f1)[LM],(g.#a.c1.e1)[LM],(g.#a.c1.e1)[KLM],(f.c1.a1)[KL],a1[M],f1[M],c1[M],a[M],f[M],c[M],(G-2.G-1)[K],(g.c1.d1.g1)[LM],(g.c1.d1.g1)[LM],(g.c1.d1.g1)[LM],(g.c1.d1.g1)[LM],(E-2.E-1)[K],(g.b.d1.g1)[LM],(g.b.d1.g1)[LM],(g.b.d1.g1)[LM],(g.b.d1.g1)[LM],(A-2.A-1)[LM],(a.c1.e1.g1)[LM],(a.c1.e1.g1)[K],(a.c1.e1.g1)[LM],(a.c1.e1.g1)[LM],(#A-2.#A-1)[LM],f[M],#a[M],d1[M],f1[LM],f[M],#a[M],d1[M],f1[M],f[M],#a[L],(A-2.A-1)[LM],e[M],a[M],c1[M],e1[LM],e[M],a[M],c1[M],e1[M],e[M],a[L],(#G-2.#G-1)[K],(c.f.#g.c1)[K],(f.#g.c1.f1)[K],(#g.c1.f1.#g1)[K],(c2.d2.g2.c3)[L],(c2.d2.g2.c3)[L],(c2.d2.g2.c3)[L],(c2.d2.g2.c3)[L],(d2.g2.c3.d3)[L],(c2.d2.g2.c3)[L],(c2.d2.g2.c3)[K],(F-2.F-1)[K],(c.f.F-1)[LM],(c.f.F-1)[L],c[M],(f.f)[M],a[M],c1[M],(f.f)[M],a[L],(F-2.F-1)[K],(F-1.c.f)[LM],(F-1.c.f)[LM],(c.f.a.c1)[LM],(c.f.a.c1)[LM],(E-2.E-1)[K],(c.e.E-1)[LM],(c.e.E-1)[L],c[M],(e.e)[M],g[M],c1[M],(e.e)[M],g[L],(E-1.c.e)[LM],(E-1.c.e)[LM],(E-1.c.e)[K],(c.e.g.c1)[LM],(c.e.g.c1)[LM],(D-2.D-1)[K],(A-1.d.D-1)[LM],(A-1.d.D-1)[L],A-1[M],(d.d)[M],f[M],a[M],(d.d)[M],f[L],(D-2.D-1)[K],(D-1.A-1.d)[LM],(D-1.A-1.d)[LM],(A-1.d.f.a)[LM],(A-1.d.f.a)[LM],(A-2.A-1)[K],(e.a.A-1)[LM],(e.a.A-1)[L],e[M],(a.a)[M],c1[M],e1[M],(a.a)[M],c1[L],(A-1.e.a)[LM],(A-1.e.a)[LM],(A-1.e.a)[K],(e.a.c1.e1)[LM],(e.a.c1.e1)[LM],"],"id":3}]}