{"baseBpm":285,"musics":[{"bpm":285,"baseBeats":0.5,"scores":["mute[L],mute[L],mute[L],mute[L],mute[L],mute[L],mute[L],mute[L],mute[L],mute[L],mute[L],mute[L],mute[L],mute[L],mute[L],mute[L],mute[L],mute[L],mute[L],mute[L],mute[L],mute[L],mute[L],mute[L],mute[L],mute[L],mute[L],mute[L],mute[L],mute[L],mute[L],mute[L],mute[L],mute[L],mute[L],mute[L],mute[L],mute[L],mute[L],mute[L],mute[L],mute[L],mute[L],mute[L],mute[L],mute[L],mute[L],mute[L],mute[L],mute[L],mute[L],mute[L],mute[L],mute[L],mute[L],mute[L],mute[L],mute[L],mute[L],mute[L],mute[L],mute[L],mute[L],mute[L],mute[L],mute[L],mute[L],mute[L],mute[L],mute[L],mute[L],mute[L],mute[L],mute[L],mute[L],mute[L],mute[L],mute[L],mute[L],mute[L],mute[L],mute[L],mute[L],mute[L],mute[L],mute[L],mute[L],mute[L],mute[L],mute[L],mute[L],mute[L],mute[L],mute[L],mute[L],mute[L],mute[L],mute[L],mute[L],mute[L],mute[L],mute[L],mute[L],mute[L],mute[L],mute[L],mute[L],mute[L],mute[L],mute[L],mute[LMN],mute[LN],mute[LN],mute[LN],mute[LN],mute[LN],mute[LN],mute[LN],mute[LN],mute[LN],mute[LN],mute[L],mute[L],mute[L],mute[L],mute[L],mute[L],mute[L],mute[L],mute[L],mute[L],mute[L],5<U>,mute[L],mute[L],mute[L],mute[L],mute[L],mute[L],mute[L],mute[L],mute[L],mute[L],mute[L],5<U>,mute[L],mute[L],mute[L],mute[L],mute[L],mute[L],mute[L],mute[L],mute[L],mute[L],mute[L],5<U>,mute[L],mute[L],mute[L],mute[L],mute[L],mute[L],mute[L],mute[L],mute[L],mute[L],mute[L],mute[L],mute[L],mute[L],mute[L],mute[L],mute[L],mute[L],mute[L],mute[L],mute[L],mute[L],mute[L],mute[L],mute[L],mute[L],mute[L],mute[L],mute[L],mute[L],mute[L],mute[L],mute[L],mute[L],mute[L],mute[L],mute[L],mute[L],mute[L],mute[L],mute[L],mute[L],mute[L],mute[L],mute[L],mute[L],mute[L],mute[L],mute[L],mute[L],mute[L],mute[L],mute[L],mute[L],mute[L],mute[L],5<U>,mute[L],mute[L],mute[L],mute[L],mute[L],mute[L],mute[L],mute[L],mute[L],mute[L],mute[L],mute[L],mute[L],mute[L],mute[L],mute[L],mute[L],mute[L],mute[L],mute[L],mute[L],mute[L],mute[L],5<U>,mute[L],mute[L],mute[L],mute[L],mute[L],mute[L],mute[L],mute[L],mute[L],mute[L],mute[L],mute[L],mute[L],mute[L],mute[L],mute[L],mute[LMN],mute[LN],mute[LN],mute[LN],mute[LN],mute[LN],mute[LN],mute[LN],mute[LN],mute[LN],mute[LN],mute[L],mute[L],mute[L],mute[L],mute[L],mute[L],mute[L],mute[L],mute[L],mute[L],mute[L],5<U>,mute[L],mute[L],mute[L],mute[L],mute[L],mute[L],mute[L],mute[L],mute[L],mute[L],mute[L],5<U>,mute[L],mute[L],mute[L],mute[L],mute[L],mute[L],mute[L],mute[L],mute[L],mute[L],mute[L],5<U>,mute[L],mute[L],mute[LN],mute[LN],mute[LN],mute[LN],mute[LN],mute[LN],mute[L],mute[L],mute[L],mute[L],mute[L],mute[L],mute[L],mute[L],mute[L],mute[L],mute[L],mute[L],mute[LM],mute[LMP],mute[LMP],mute[LMP],mute[LMP],mute[LMP],mute[LMP],mute[KNO],mute[KNO],mute[KNO],mute[KLOP],mute[KLOP],mute[KLOP],mute[LN],mute[LN],mute[LN],mute[LN],mute[LN],mute[LN],mute[LN],mute[LN],mute[LN],mute[LN],mute[LN],mute[LN],mute[L],mute[L],mute[L],mute[L],mute[L],mute[L],mute[L],mute[L],mute[L],mute[L],mute[L],mute[L],mute[L],mute[L],mute[L],mute[L],mute[L],mute[L],mute[L],mute[L],mute[L],mute[L],mute[L],mute[L],mute[L],mute[L],mute[L],mute[L],mute[L],mute[L],mute[L],mute[L],mute[L],mute[L],mute[L],mute[L],mute[L],mute[L],mute[L],mute[L],mute[L],mute[L],mute[L],mute[L],mute[L],mute[L],mute[L],mute[L],mute[L],mute[L],mute[L],mute[L],mute[L],mute[L],mute[L],mute[L],mute[L],mute[L],mute[L],mute[L],mute[L],mute[L],mute[L],mute[L],mute[L],mute[L],mute[LM],mute[LN],mute[LN],mute[LN],mute[LN],mute[LN],mute[LN],mute[LN],mute[LN],mute[LN],mute[LN],mute[LN],mute[LN],mute[LN],mute[LN],mute[LN],mute[LN],mute[LN],mute[LN],mute[LN],mute[LN],mute[LN],mute[LN],mute[LN],mute[LN],mute[LN],mute[LN],mute[LN],mute[LN],mute[LN],mute[LN],mute[L],mute[L],mute[L],mute[L],mute[L],mute[L],mute[L],mute[L],mute[L],mute[L],mute[L],mute[L],mute[L],mute[L],mute[L],mute[L],mute[L],mute[L],mute[L],mute[L],mute[L],mute[L],mute[L],mute[L],mute[L],mute[L],mute[L],mute[L],mute[L],mute[L],mute[L],mute[L],mute[L],mute[L],mute[L],mute[L],mute[L],mute[L],mute[L],mute[L],mute[L],mute[L],mute[L],mute[L],mute[L],mute[L],mute[L],mute[L],mute[L],mute[L],mute[L],mute[L],mute[L],mute[L],mute[L],mute[L],mute[L],mute[L],mute[L],mute[L],mute[L],mute[L],mute[L],mute[L],mute[L],mute[L],mute[L],mute[L],mute[L],mute[L],mute[L],mute[L],mute[L],mute[L],mute[L],mute[L],mute[L],mute[L],mute[L],mute[L],mute[L],mute[L],mute[L],mute[L],mute[LM],5<U>,mute[L],mute[L],mute[L],mute[L],mute[L],mute[L],mute[L],mute[L],mute[L],mute[L],mute[L],mute[L],mute[L],mute[L],mute[L],mute[L],mute[L],mute[L],mute[L],mute[L],mute[L],mute[L],mute[L],5<U>,mute[L],mute[L],mute[L],mute[L],mute[L],mute[L],mute[L],mute[L],mute[L],mute[L],mute[L],mute[L],mute[L],mute[L],mute[L],mute[L],mute[L],mute[LM],mute[LN],mute[LN],mute[LN],mute[LN],mute[LN],mute[LN],mute[LN],mute[LN],mute[LN],mute[LN],mute[LN],mute[LN],mute[LN],mute[LN],mute[LN],mute[LN],mute[LN],mute[LN],mute[L],mute[L],mute[L],mute[L],mute[L],mute[L],mute[L],mute[L],mute[L],mute[L],mute[L],mute[L],mute[L],mute[L],mute[L],5<U>,mute[L],mute[L],mute[L],mute[L],mute[L],mute[L],mute[L],mute[L],mute[L],mute[L],mute[L],mute[L],mute[L],mute[L],mute[L],mute[L],mute[L],mute[L],mute[L],mute[L],mute[L],mute[L],mute[L],mute[L],mute[L],mute[L],mute[L],mute[L],mute[L],mute[L],mute[L],mute[L],mute[L],mute[L],mute[L],mute[L],mute[L],mute[L],mute[L],mute[L],mute[L],mute[L],mute[L],mute[L],mute[L],mute[L],mute[L],mute[L],mute[L],mute[L],mute[L],mute[L],mute[L],mute[L],mute[L],mute[L],mute[L],mute[L],mute[L],mute[L],mute[L],mute[L],mute[L],mute[L],mute[K],mute[K],mute[K],mute[KMN],mute[KN],","(f2.#g2)[L],#d2[L],c2[L],#g1[L],#d2[L],c2[L],(f2.#g2)[L],#d2[L],c2[L],#g1[L],#d2[L],c2[L],(f2.#g2)[L],#d2[L],c2[L],#g1[L],#d2[L],c2[L],(f2.#g2)[L],#d2[L],c2[L],#g1[L],#d2[L],c2[L],(f2.#g2.#f1)[L],#d2[L],c2[L],#g1[L],#d2[L],c2[L],(f2.#g2.f1)[L],#d2[L],c2[L],(#g1.d1)[L],#d2[L],c2[L],(f2.#g2.f1)[L],#d2[L],c2[L],(#g1.#d1)[L],#d2[L],c2[L],(f2.#g2.#c1)[L],#d2[L],c2[L],(#g1.b)[L],#d2[L],c2[L],(f2.#g2.#c1)[L],#d2[L],c2[L],(#g1.c1)[L],#d2[L],c2[L],(f2.#g2.#a)[L],#d2[L],c2[L],(#g1.g)[L],#d2[L],c2[L],(f2.#g2.#a)[L],#d2[L],c2[L],(#g1.#g)[L],#d2[L],c2[L],(f2.#g2.#f)[L],#d2[L],c2[L],(#g1.f)[L],#d2[L],#c2[L],(f2.#g2.#g)[L],#d2[L],#c2[L],(#g1.#c1)[L],#d2[L],#c2[L],(f2.#g2.#d1)[L],#d2[L],#c2[L],(#g1.e1)[L],#d2[L],#c2[L],(f2.#g2)[L],#d2[L],#c2[L],(#g1.f1)[L],#d2[L],#c2[L],(f2.#g2.#c1)[L],#d2[L],#c2[L],(#g1.#a)[L],#d2[L],#c2[L],(f2.#g2.#g)[L],#d2[L],#c2[L],(#g1.#c1)[L],#d2[L],#c2[L],(f2.#g2.f1)[L],#d2[L],#c2[L],#a1[LO],#d2[LO],#c2[LO],(f2.#g2)[LO],#d2[LO],#c2[LO],#g1[LN],#d2[LN],#c2[LN],(f2.#g2)[LN],#d2[LN],#c2[LN],#g1[LN],#d2[LN],c2[LN],(f2.#g2.#f1)[LN],#d2[L],c2[L],#g1[L],#d2[L],c2[L],(f2.#g2.f1)[L],#d2[L],c2[L],(#g1.d1)[L],#d2[L],c2[L],(f2.#g2.f1)[M],#d1[M],#d2[L],c2[L],(#g1.#c1)[L],#d2[L],c2[L],(f2.#g2.c1)[L],#d2[L],c2[L],(#g1.b)[L],#d2[L],c2[L],(f2.#g2.#c1)[M],c1[M],#d2[L],c2[L],(#g1.#a)[L],#d2[L],c2[L],(f2.#g2.#g)[L],#d2[L],c2[L],(#g1.g)[L],#d2[L],c2[L],(f2.#g2.#a)[M],#g[M],#d2[L],c2[L],(#g1.g)[L],#d2[L],c2[L],(f2.#g2.#f)[L],#d2[L],c2[L],(#g1.f)[L],#d2[L],#c2[L],(f2.#g2.#g)[L],#d2[L],#c2[L],(#g1.#c1)[L],#d2[L],#c2[L],(f2.#g2.#d1)[L],#d2[L],#c2[L],(#g1.e1)[L],#d2[L],#c2[L],(f2.#g2)[L],#d2[L],#c2[L],(#g1.f1)[L],#d2[L],#c2[L],(f2.#g2.#c1)[L],#d2[L],#c2[L],(#g1.b)[L],#d2[L],#c2[L],(f2.#g2.a)[L],#d2[L],#c2[L],(a1.#c1)[L],#d2[L],#c2[L],(#f2.a2.#f1)[L],#d2[L],#c2[L],#g1[L],#d2[L],#c2[L],(#f2.a2)[L],#d2[L],#c2[L],a1[L],#d2[L],#c2[L],(#f2.a2.#f1)[L],#d2[L],#c2[L],(a1.#d1)[M],#c1[M],#d2[L],#c2[L],(#f2.a2.b)[L],#d2[L],#c2[L],(b1.e1)[L],#f2[L],e2[L],(#g2.b2.#g1)[L],#f2[L],e2[L],#a1[L],#f2[L],e2[L],(#g2.b2)[L],#f2[L],e2[L],b1[L],#f2[L],e2[L],(#g2.b2.#g1)[L],#f2[L],e2[L],(b1.e1)[M],#d1[M],#f2[L],e2[L],(#g2.b2.#c1)[L],#f2[L],e2[L],(c2.e1)[L],#f2[L],e2[L],(#g2.c3.a1)[L],#f2[L],e2[L],c2[LO],#f2[LO],e2[LO],(#g2.c3)[LO],#f2[LO],e2[LO],#c2[LN],#f2[LN],e2[LN],(#g2.#c3)[LN],#f2[LN],e2[LN],#c2[LN],#f2[LN],e2[LN],(#g2.#c3.a1)[LN],#f2[L],e2[L],#c2[L],#f2[L],e2[L],(#g2.#c3.#g1)[L],#f2[L],e2[L],(d2.f1)[L],#g2[L],#f2[L],(a2.d3.#g1)[M],#f1[M],#g2[L],#f2[L],(d2.e1)[L],#g2[L],#f2[L],(a2.d3.d1)[L],#g2[L],#f2[L],(#d2.c1)[L],#g2[L],#f2[L],(a2.#d3.#d1)[M],#c1[M],#g2[L],#f2[L],(#d2.b)[L],#g2[L],#f2[L],(a2.#d3.a)[L],#g2[L],#f2[L],(e2.#g)[L],b2[L],a2[L],(#c3.e3.b)[M],a[M],b2[L],a2[L],(f2.#g)[LN],b2[LN],a2[LN],(#c3.f3.#f)[LN],b2[LN],a2[LN],(#f2.e)[LO],b2[LO],a2[LO],(#c3.#f3.#d)[LO],b2[LO],a2[LO],(#f2.#f)[LO],b2[LO],a2[LO],(#c3.#f3.#g)[LO],b2[LO],a2[LO],(#f2.b)[LMP],b2[LMP],a2[LMP],(#c3.#f3.a)[LMP],b2[LMP],a2[LMP],(#f2.#c1)[KNO],b2[KNO],a2[KNO],(#c3.#f3.#d1)[KLOP],b2[KLOP],a2[KLOP],#G-1[LN],#g[LN],#f[LN],(#f2.#f3.c1)[LN],#g[LN],#f[LN],#A-1[LN],#g[LN],#f[LN],(f2.f3.#c1)[LN],#g[LN],#f[LN],(d2.d3.c)[LO],#g[LO],#f[LO],(f2.f3.#d1)[LO],#g[LO],#f[LO],(#d2.#d3.#c)[LO],#a[LO],#f[LO],(#c2.#c3.#f1)[LO],#a[LO],#f[LO],(b1.b2.#d)[L],c1[L],#g[L],(#c2.#c3.#f1)[L],c1[L],#g[L],(c2.c3.e)[L],#c1[L],#g[L],(#a1.#a2.g1)[L],#c1[L],#g[L],(g1.g2.f)[L],b[L],(#g1.#g2.d1)[L],#g[L],(#a1.#a2.b)[L],d1[L],(#g1.#g2.#f)[L],c1[L],#d1[L],(#f1.#f2.#g)[L],c1[L],#d1[L],(f1.f2.#c)[L],#c1[L],#g[L],(#g1.#g2.f)[L],#g[L],#c1[L],(#c2.#c3.#a)[L],#f1[L],#c1[L],(#d2.#d3.#g)[L],f1[L],#c1[L],(e2.e3.g)[L],#a1[L],e1[L],#c1[L],a1[L],#c1[L],(f2.f3.#g)[L],#g1[L],#c1[L],(#c2.#c3.#g)[L],f1[L],#c1[L],(#a1.#a2.g)[L],e1[L],#c1[L],(#g1.#g2.#g)[L],f1[L],#c1[L],(#c2.#c3.#f)[LN],#d1[LN],#a[LN],(f2.f3.f)[LN],#c1[LN],#g[LN],(#a2.#a3.e)[LN],c1[LN],g[LN],f[LN],#c1[LN],#g[LN],(#g2.#g3.c)[LN],e1[LN],#g[LN],#c[LN],f1[LN],#g[LN],#G-1[LN],#g[LN],#f[LN],(#f2.#f3.c1)[LN],#g[LN],#f[LN],#A-1[LN],#g[LN],#f[LN],(f2.f3.#c1)[LN],#g[LN],#f[LN],(d2.d3.c)[LO],#g[LO],(#d2.#d3.#f)[LO],#d1[LO],(f2.f3.#g)[LO],#f[LO],(#d2.#d3.#c)[LO],#a[LO],#f[LO],(#c2.#c3.#f1)[LO],#a[LO],#f[LO],(b1.b2.#d)[L],c1[L],(c2.c3.#g)[L],#f1[L],(#c2.#c3.c1)[L],#g[L],(c2.c3.e)[L],#c1[L],#g[L],(#a1.#a2.g1)[L],#c1[L],#g[L],(g1.g2.f)[L],b[L],(#g1.#g2.d1)[L],#g[L],(#a1.#a2.b)[L],d1[L],(#g1.#g2.#f)[L],c1[L],#d1[L],(#f1.#f2.#g)[L],c1[L],#d1[L],(f1.f2.#c)[L],#c1[L],#g[L],(#g1.#g2.f)[L],#g[L],#c1[L],(#c2.#c3.#a)[L],#f1[L],#c1[L],(#d2.#d3.#g)[L],f1[L],#c1[L],(e2.e3.g)[L],#a1[L],e1[L],#c1[L],a1[L],#c1[L],(f2.f3.#g)[L],#g1[L],#c1[L],(#c2.#c3.b)[L],#g1[L],f1[L],(b1.b2.#g)[L],f1[L],#c1[L],(a1.a2.a)[L],#f1[L],#c1[L],(#c2.#c3.#g)[L],e1[L],b[L],(#f2.#f3.#f)[L],#d1[L],a[L],(#g2.#g3.e)[L],#c1[L],#g[L],#f[L],#d1[L],a[L],(a2.a3.e)[L],#c1[L],#f[L],(#f2.#f3.#d)[L],b[L],#d1[L],(#d3.a)[M],(#c2.#c3)[M],#f1[L],#d1[L],(b1.b2.b)[L],#g1[L],e1[L],(e2.e3.a)[L],#f1[L],#c1[L],(#g2.#g3.#g)[L],e1[L],b[L],(#a2.#a3.g)[L],#d1[L],#c1[L],#g[L],e1[L],b[L],(b2.b3.#f)[L],#d1[L],a[L],(#g2.#g3.e)[L],b[L],e1[L],(e3.b)[M],(#d2.#d3)[M],#g1[L],e1[L],(#c2.#c3.#c1)[L],a1[L],e1[L],(e2.e3.b)[LO],#g1[LO],#d1[LO],(a2.a3.a)[LO],#f1[LO],#c1[LO],(c3.c4.#f)[LO],#d1[LO],a[LO],#g[LO],e1[LO],b[LO],(#c3.#c4.#f)[LN],#d1[LN],a[LN],e[LN],#c1[LN],a[LN],#d[LN],c1[LN],a[LN],(a2.#f1)[LN],c1[LN],a[LN],e[LN],#c1[LN],a[LN],(#g2.#g1)[LN],#c1[LN],a[LN],(f2.#d)[L],c1[L],a[L],(#f2.#f1)[L],c1[L],a[L],(#g2.#c)[L],a[L],#f[L],(a2.e1)[L],a[L],#f[L],c[L],a[L],#f[L],(a2.#d1)[M],a2[M],(a3.a)[L],#f[L],#c[L],a[L],#f[L],(#g2.#g3.e1)[L],a[L],#f[L],(f2.f3.c)[L],a[L],#f[L],(#f2.#f3.#d1)[L],a[L],#f[L],(#g2.#g3.B-1)[L],a[L],#f[L],(a2.a3.#d1)[L],a[L],#f[L],#A-1[L],#f[L],a[L],(#a2.#a3.d1)[L],#f1[L],a1[L],d2[L],a1[L],#f1[L],(a2.a3.d1)[L],a[L],#f[L],(#f2.#f3.#A-1)[L],g[L],#a[L],(a2.a3.d1)[L],g1[L],#a1[L],(g2.g3.d2)[L],#a1[L],g1[L],(e2.e3.d1)[L],#a[L],g[L],(#c2.#c3.#A-1)[L],g[L],e[L],(e2.e3.#c1)[L],g[L],e[L],(d2.d3.B-1)[L],#g[L],f[L],(#g1.#g2.d1)[L],#g[L],f[L],(a1.a2.c)[L],a[L],(c2.c3.#f)[L],#d1[L],(#a1.#a2.a)[L],#f[L],(#f1.#f2.c)[L],c1[L],(a1.a2.#a)[K],e1[K],c1[K],(g1.g2.#a)[K],(f1.f2.F-1)[MN],a[KN],"],"id":1,"instruments":["piano","piano"],"alternatives":["",""]},{"bpm":285,"baseBeats":0.5,"scores":["mute[L],mute[L],mute[L],mute[L],mute[L],mute[L],mute[L],mute[L],mute[L],mute[L],mute[L],mute[L],mute[L],mute[L],mute[L],mute[L],mute[L],mute[L],mute[L],mute[L],mute[L],mute[L],mute[L],mute[L],5<U>,mute[L],mute[L],mute[L],mute[L],mute[L],mute[L],mute[L],mute[L],mute[L],mute[L],mute[L],5<U>,mute[L],mute[L],mute[L],mute[L],mute[L],mute[L],mute[L],mute[L],mute[L],mute[L],mute[L],mute[L],mute[L],mute[L],mute[L],mute[L],mute[L],mute[L],mute[L],mute[L],mute[L],mute[L],mute[L],mute[L],mute[L],mute[L],mute[L],mute[L],mute[L],mute[L],mute[L],mute[L],mute[L],mute[L],mute[L],5<U>,mute[L],mute[L],mute[L],mute[L],mute[L],mute[L],mute[L],mute[L],mute[L],mute[L],mute[L],5<U>,mute[L],mute[L],mute[L],mute[L],mute[L],mute[L],mute[L],mute[L],mute[L],mute[L],mute[L],5<U>,mute[L],mute[L],mute[L],mute[L],mute[L],mute[L],mute[L],mute[L],mute[L],mute[L],mute[L],5<U>,mute[L],mute[L],mute[L],mute[L],mute[L],mute[L],mute[L],mute[L],mute[KL],mute[L],mute[L],mute[L],mute[L],mute[L],mute[L],mute[L],mute[L],mute[L],mute[L],mute[L],mute[L],mute[L],mute[L],mute[L],mute[L],mute[L],mute[L],mute[L],mute[L],mute[L],mute[L],mute[L],mute[L],mute[L],mute[L],mute[L],mute[L],mute[L],mute[L],mute[L],mute[L],mute[L],mute[L],mute[L],mute[L],mute[L],mute[L],mute[L],mute[L],mute[L],mute[L],mute[L],mute[L],mute[L],mute[L],mute[L],mute[L],mute[L],mute[L],mute[L],mute[LN],mute[LN],mute[LN],mute[LN],mute[LN],mute[LN],mute[LM],mute[LM],mute[LM],mute[LM],mute[LM],mute[LM],mute[LMNO],mute[LMNO],mute[LMNO],mute[LMNO],mute[LMNO],mute[LMNO],mute[L],mute[L],mute[L],mute[L],mute[L],mute[L],mute[L],mute[L],mute[L],mute[L],mute[L],mute[L],mute[L],mute[L],mute[L],mute[L],mute[L],mute[L],mute[L],mute[L],mute[L],mute[L],mute[L],mute[L],mute[L],mute[L],mute[L],5<U>,mute[L],mute[L],mute[L],mute[L],mute[L],mute[L],mute[L],mute[L],mute[L],mute[L],mute[L],5<U>,mute[L],mute[L],mute[L],mute[L],mute[L],mute[L],mute[L],mute[L],mute[L],mute[L],mute[L],mute[L],mute[L],mute[L],mute[L],mute[L],mute[L],mute[L],mute[L],mute[L],mute[L],mute[L],mute[L],mute[L],mute[L],mute[L],mute[L],mute[L],mute[L],mute[L],mute[L],mute[L],mute[L],mute[L],mute[L],5<U>,mute[L],mute[L],mute[L],mute[L],mute[L],mute[L],mute[L],mute[L],mute[L],mute[L],mute[L],5<U>,mute[L],mute[L],mute[L],mute[L],mute[L],mute[L],mute[L],mute[L],mute[L],mute[L],mute[L],5<U>,mute[L],mute[L],mute[L],mute[L],mute[L],mute[L],mute[L],mute[L],mute[L],mute[L],mute[L],5<U>,mute[L],mute[L],mute[L],mute[L],mute[L],mute[L],mute[L],mute[L],mute[KL],mute[L],mute[L],mute[L],mute[L],mute[L],mute[L],mute[L],mute[L],mute[L],mute[L],mute[L],mute[L],mute[L],mute[L],mute[L],mute[L],mute[L],mute[L],mute[L],mute[L],mute[L],mute[L],mute[L],mute[L],mute[L],mute[L],mute[L],mute[L],mute[L],mute[L],mute[L],mute[L],mute[L],mute[L],mute[L],mute[L],mute[L],mute[L],mute[L],mute[L],mute[L],mute[L],mute[L],mute[L],mute[L],mute[L],mute[L],mute[L],mute[L],mute[L],mute[L],mute[L],mute[L],mute[L],mute[L],mute[L],mute[L],mute[L],mute[L],mute[L],mute[L],mute[L],mute[L],mute[L],mute[L],mute[L],mute[L],mute[L],mute[L],mute[L],mute[L],mute[L],mute[L],mute[L],mute[L],mute[L],mute[L],mute[L],mute[L],mute[L],mute[L],mute[L],mute[L],mute[L],mute[L],mute[L],mute[L],mute[L],mute[L],mute[L],mute[L],mute[L],mute[L],mute[L],mute[L],mute[L],mute[L],mute[L],mute[L],mute[L],mute[L],mute[L],mute[L],mute[L],mute[L],mute[L],mute[L],mute[L],mute[L],mute[L],mute[L],mute[L],mute[L],mute[L],mute[L],mute[L],mute[L],mute[L],mute[L],mute[L],mute[L],mute[L],mute[L],mute[L],mute[L],mute[L],mute[L],mute[L],mute[L],mute[L],mute[L],mute[L],mute[L],mute[L],mute[L],mute[L],mute[L],mute[L],mute[L],mute[L],mute[L],mute[L],mute[L],mute[L],mute[L],mute[L],mute[L],mute[L],mute[L],mute[L],mute[L],mute[L],mute[L],mute[L],mute[L],mute[L],mute[L],mute[L],mute[L],mute[L],mute[L],mute[L],mute[L],mute[L],mute[L],mute[L],mute[L],mute[L],mute[L],mute[L],mute[L],mute[L],mute[L],mute[L],mute[L],mute[L],mute[L],mute[L],mute[L],mute[L],mute[L],mute[L],mute[L],mute[L],mute[L],mute[L],mute[L],mute[L],mute[L],mute[L],mute[L],mute[L],mute[L],mute[L],mute[L],mute[L],mute[L],mute[L],mute[L],mute[L],mute[L],mute[L],mute[L],mute[L],mute[L],mute[L],mute[L],mute[L],mute[L],mute[L],mute[LNOP],mute[LNOP],mute[LNOP],mute[JNO],mute[LNOP],mute[LNOP],mute[LNOP],mute[L],mute[L],mute[L],mute[L],mute[L],mute[L],mute[L],mute[L],mute[L],mute[L],mute[L],mute[L],mute[L],mute[L],mute[L],mute[L],mute[L],mute[L],mute[L],mute[L],mute[L],mute[L],mute[L],mute[L],mute[L],mute[L],mute[L],mute[L],mute[L],mute[L],mute[L],mute[L],mute[L],mute[L],mute[L],mute[L],mute[L],mute[L],mute[L],mute[L],mute[L],mute[L],mute[L],mute[L],mute[L],mute[L],mute[L],mute[L],mute[L],mute[L],mute[L],mute[L],mute[L],mute[L],mute[L],mute[L],mute[L],mute[L],mute[L],mute[L],mute[L],mute[L],mute[L],mute[L],mute[L],mute[L],mute[L],mute[L],mute[L],mute[L],mute[L],mute[L],mute[L],mute[L],mute[L],mute[L],mute[L],mute[L],mute[L],mute[L],mute[L],mute[L],mute[L],mute[L],mute[L],mute[L],mute[L],mute[L],mute[L],mute[L],mute[L],mute[L],mute[LMNO],mute[LM],mute[LM],mute[LM],mute[LM],mute[LM],mute[LM],mute[LM],mute[LM],mute[L],mute[L],mute[L],mute[L],mute[L],mute[L],mute[L],mute[L],mute[L],mute[L],mute[L],mute[L],mute[LM],mute[LM],mute[LM],mute[LM],mute[LM],mute[LM],mute[LM],mute[LM],mute[L],mute[L],mute[L],mute[L],mute[L],mute[L],mute[L],mute[L],mute[L],mute[L],mute[L],mute[L],mute[LM],mute[LM],mute[LM],mute[LM],mute[LM],mute[LM],mute[LM],mute[LM],mute[LNP],mute[LNP],mute[LNP],mute[LNP],mute[LNP],mute[LNP],mute[LNP],mute[LNP],mute[LMNP],mute[LMNP],mute[LMNP],mute[LMNP],mute[LMNP],mute[LMNP],mute[LMNP],mute[LMNP],mute[LMNP],mute[LMNP],mute[LMNP],mute[LMNP],mute[LMNP],mute[LMNP],mute[LMNP],mute[LMNP],mute[LMNP],mute[LMNP],mute[LMNP],mute[LMNP],mute[LMNP],mute[LMNP],mute[LMNP],mute[LMNP],mute[KLOP],mute[JP],mute[JLMOP],mute[ILM],mute[JKNP],","(f1.a1)[L],d1[L],c1[L],(f.a)[L],d1[L],c1[L],(f2.a2)[L],d2[L],c2[L],(f1.a1)[L],d2[L],c2[L],(f3.a3)[L],d3[L],c3[L],(f2.a2)[L],d2[L],c2[L],(a2.c3)[L],g2[L],f2[L],c2[L],g2[L],e2[L],(a2.c3.f)[M],#a1[M],g2[L],e2[L],c2[L],g2[L],e2[L],(a2.c3.a1)[L],g2[L],e2[L],(c2.#f1)[L],g2[L],e2[L],(a2.c3.a1)[M],g1[M],g2[L],e2[L],(c2.e1)[L],g2[L],e2[L],(a2.c3.#a)[MN],g2[MN],e2[MN],c2[MN],b[L],d1[L],c1[L],(f1.a1)[L],d1[L],c1[L],(f.a)[L],d1[L],c1[L],(f2.a2)[L],d2[L],c2[L],(f1.a1)[L],d2[L],c2[L],(f3.a3)[L],d3[L],c3[L],(f2.a2)[L],d2[L],c2[L],(a2.c3)[L],g2[L],f2[L],c2[L],g2[L],e2[L],(a2.c3.f)[M],#a1[M],g2[L],e2[L],c2[L],g2[L],e2[L],(a2.c3.a1)[L],g2[L],e2[L],(c2.#f1)[L],g2[L],e2[L],(a2.c3.a1)[M],g1[M],g2[L],e2[L],(c2.e1)[L],g2[L],e2[L],(a2.c3.#a)[L],g2[L],e2[L],(c2.b)[L],g2[L],f2[L],(a2.c3.d1)[M],c1[M],g2[L],f2[L],(c2.a)[L],g2[L],f2[L],(a2.c3.f)[L],g2[L],f2[L],(c2.#f)[L],g2[L],f2[L],(a2.c3.a)[M],g[M],g2[L],f2[L],(c2.e)[L],g2[L],e2[L],(a2.c3.#A-1)[MN],g2[MN],e2[MN],c2[MN],A-1[KL],(a3.c)[L],c3[L],a2[L],(c3.f)[L],a2[L],c3[L],(g3.g)[L],c3[L],a2[L],(e3.#g)[L],c3[L],a2[L],g3[L],c3[L],a2[L],(f3.a)[L],c3[L],a2[L],(d3.f)[L],a2[L],f2[L],(b2.c)[L],a2[L],f2[L],(d3.f)[L],a2[L],f2[L],(c3.a)[L],f2[L],c2[L],(#a2.#a)[L],f2[L],d2[L],(#g2.b)[L],f2[L],d2[L],a2[L],f2[L],d2[L],(a2.c1)[L],f2[L],a1[L],(g2.a)[L],c2[L],a1[L],(e2.f)[L],c2[L],a1[L],(g2.a)[L],c2[L],a1[L],(f2.c1)[LN],c2[LN],a1[LN],(e2.e1)[LN],c2[LN],a1[LN],(#d2.g1)[LM],c2[LM],a1[LM],(#g2.f1)[LM],#d2[LM],c2[LM],a2[LMNO],#d2[LMNO],c2[LMNO],(b2.#d1)[LMNO],a2[LMNO],#f2[LMNO],(#c3.e1)[L],a2[L],e2[L],#c2[L],a1[L],e1[L],(a.#c1)[L],#f1[L],e1[L],(a2.#c3)[L],#f2[L],e2[L],(a1.#c2)[L],#f2[L],e2[L],(a3.#c4)[L],#f3[L],e3[L],(a2.#c3)[L],#f2[L],e2[L],(#c3.e3)[L],b2[L],a2[L],e2[L],b2[L],#g2[L],(#c3.e3.a)[M],d2[M],b2[L],#g2[L],e2[L],b2[L],#g2[L],(#c3.e3.#c2)[L],b2[L],#g2[L],(e2.#a1)[L],b2[L],#g2[L],(#c3.e3.#c2)[M],b1[M],b2[L],#g2[L],(e2.#g1)[L],b2[L],#g2[L],(#c3.e3.d1)[MN],b2[MN],#g2[MN],e2[MN],#d1[L],#f1[L],e1[L],(a1.#c2)[L],#f1[L],e1[L],(a.#c1)[L],#f1[L],e1[L],(a2.#c3)[L],#f2[L],e2[L],(a1.#c2)[L],#f2[L],e2[L],(a3.#c4)[L],#f3[L],e3[L],(a2.#c3)[L],#f2[L],e2[L],(#c3.e3)[L],b2[L],a2[L],e2[L],b2[L],#g2[L],(#c3.e3.a)[M],d2[M],b2[L],#g2[L],e2[L],b2[L],#g2[L],(#c3.e3.#c2)[L],b2[L],#g2[L],(e2.#a1)[L],b2[L],#g2[L],(#c3.e3.#c2)[M],b1[M],b2[L],#g2[L],(e2.#g1)[L],b2[L],#g2[L],(#c3.e3.d1)[L],b2[L],#g2[L],(e2.#d1)[L],b2[L],#g2[L],(#c3.e3.#f1)[M],e1[M],b2[L],#g2[L],(e2.#c1)[L],b2[L],#g2[L],(#c3.e3.a)[L],b2[L],#g2[L],(e2.#a)[L],b2[L],#g2[L],(#c3.e3.#c1)[M],b[M],b2[L],#g2[L],(e2.#g)[L],b2[L],#g2[L],(#c3.e3.d)[MN],b2[MN],#g2[MN],e2[MN],#c[KL],(#c4.e)[L],e3[L],#c3[L],(e3.a)[L],#c3[L],e3[L],(b3.b)[L],e3[L],#c3[L],(#g3.c1)[L],e3[L],#c3[L],b3[L],e3[L],#c3[L],(a3.#c1)[L],e3[L],#c3[L],(#f3.a)[L],#c3[L],a2[L],(#d3.e)[L],#c3[L],a2[L],(#f3.a)[L],#c3[L],a2[L],(e3.#c1)[L],a2[L],e2[L],(d3.d1)[L],a2[L],#f2[L],(c3.#d1)[L],a2[L],#f2[L],#c3[L],a2[L],#f2[L],(#c3.e1)[L],a2[L],#c2[L],(b2.#c1)[L],e2[L],#c2[L],(#g2.a)[L],e2[L],#c2[L],(b2.#c1)[L],e2[L],#c2[L],(a2.e1)[L],e2[L],#c2[L],(#d2.#f1)[L],#c2[L],a1[L],(#f2.#d1)[L],#c2[L],a1[L],(e2.e1)[L],#c2[L],a1[L],e1[L],#c1[L],a[L],g[L],a[L],#a[L],#c1[L],g[L],e[L],(e1.#A-1)[L],#c1[L],g[L],g1[L],e1[L],#c1[L],(a1.A-1)[L],e1[L],#c1[L],(a.a1.#F-1)[L],e1[L],#c1[L],(c1.G-1)[L],e1[L],#c1[L],(#a.#a1.E-1)[L],g1[L],d1[L],(#c1.D-1)[L],d1[L],g1[L],#C-1[L],#A-1[L],#c[L],(#a2.#a3.E-1)[L],#c[L],e[L],G-1[L],e[L],g[L],(a2.a3.A-1)[L],#f[L],a[L],(#f2.#f3.#c)[L],#a[L],#c1[L],(g2.g3.#a)[L],e[L],#a[L],(e2.e3.d)[L],#a[L],d1[L],(d2.d3.#a)[L],g[L],#a[L],d1[L],#g[L],f[L],(f1.B-1)[L],d1[L],#g[L],#g1[L],f1[L],d1[L],(#a1.#A-1)[L],f1[L],d1[L],(#a.#a1.G-1)[L],f1[L],d1[L],(#c1.#G-1)[L],f1[L],d1[L],(b.b1.F-1)[L],#g1[L],#d1[L],(d1.#D-1)[L],#d1[L],#g1[L],D-1[L],B-1[L],d[L],(b2.b3.F-1)[L],d[L],f[L],#G-1[L],f[L],#g[L],(#a2.#a3.#A-1)[L],g[L],#a[L],(g2.g3.d)[L],b[L],d1[L],(#g2.#g3.b)[L],f[L],b[L],(f2.f3.#d)[L],b[L],#d1[L],(#d2.#d3.b)[L],#g[L],b[L],#d1[L],a[L],#f[L],(#f1.c)[L],#d1[L],a[L],a1[L],f1[L],#d1[L],(b1.B-1)[L],f1[L],#d1[L],(b.b1.#G-1)[L],f1[L],#d1[L],(d1.A-1)[L],f1[L],#d1[L],(c1.c2.#F-1)[L],#g1[L],e1[L],(#d1.E-1)[L],#g1[L],e1[L],(#f.#D-1)[L],#f1[L],c1[L],(a.#D-1)[MN],#d[N],a1[L],#f1[L],c1[L],c2[L],(#f1.a1)[L],(d1.D-1.d)[L],d2[L],(#f1.a1)[L],(d1.B-2.B-1)[MN],d2[N],a1[L],#f1[L],(f1.C-1.c)[L],a1[L],#f1[L],(#d1.#d2.A-2.A-1)[L],c2[L],#f1[L],(f1.#G-2.#G-1)[LNOP],c2[LNOP],#f1[LNOP],(#F-2.#F-1)[JNO],(#f2.#f3.A-1)[LNOP],#f[LNOP],a[LNOP],c[L],a[L],c1[L],(f2.f3.#d)[L],c1[L],#d1[L],(d2.d3.f)[L],c1[L],f1[L],(#d2.#d3.a)[L],c1[L],#f1[L],(c2.c3.#f)[L],#d1[L],#f1[L],(#a1.#a2.#a)[L],#d1[L],#f1[L],(a1.a2.#F-1)[L],#d[L],#f[L],(#f2.#f3.A-1)[L],#f[L],a[L],c[L],a[L],c1[L],(f2.f3.#d)[L],c1[L],#d1[L],(d2.d3.f)[L],c1[L],(#d2.#d3.f1)[L],a[L],(f2.f3.c1)[L],#f1[L],(#d2.#d3.#f)[L],#d1[L],(c2.c3.#f1)[L],#a[L],(#a1.#a2.#d1)[L],#f1[L],#f[MOP],#f1[N],a1[MNO],(c2.a2)[MNO],#d[MOP],#d1[N],c2[MNO],(#d2.c3)[MNO],(c.c1)[MNO],#d2[MNO],(#f2.#d3)[MNO],(#A-1.#a)[MNO],e2[MNO],(g2.e3)[MNO],(A-1.a)[MNO],f2[MNO],(a2.f3)[MNO],(#d.#d1)[MNP],#f2[MNP],(a2.#f3)[MNP],(c.c1)[MNP],#d2[MNP],(#f2.#d3)[MNP],(A-1.a)[MNP],#f2[MNP],(a2.#f3)[MNP],(#F-1.#f)[MNP],a2[MNP],(c3.a3)[MNP],(E-1.e)[MNP],#a2[MNP],(#c3.#a3)[MNP],(#D-1.#d)[MNP],b2[MNP],(#d3.b3)[MNP],(A-1.a)[MN],c3[MN],(#d3.c4)[MN],(#F-1.#f)[MN],a2[MN],(c3.a3)[MN],(#D-1.#d)[MN],c3[MN],(#d3.c4)[MN],(C-1.c)[MN],#d3[MN],(#f3.#d4)[MN],(#A-2.#A-1)[L],e3[L],(g3.e4)[L],(A-2.A-1)[L],f3[L],a3[L],(f4.f.a.c1.f1)[L],a3[L],f3[L],f3[L],a2[L],f2[L],(f2.#c.#c1)[L],a1[L],f1[L],(b.B-1)[LM],b[LM],(#c1.#c)[LM],#c1[LM],(c1.c)[LM],c1[LM],(a.A-1)[LM],a[LM],(A-2.A-1)[L],f3[L],a3[L],(f4.f.a.#c1.f1)[L],a3[L],f3[L],f3[L],a2[L],f2[L],(f2.#c.#c1)[L],a1[L],f1[L],(b.B-1)[LM],b[LM],(d1.d)[LM],d1[LM],(#c1.#c)[LM],#c1[LM],(a.A-1)[LM],a[LM],(A-2.A-1)[L],#f3[L],a3[L],(#f4.#f.a.d1.#f1)[L],a3[L],#f3[L],#f3[L],a2[L],f2[L],(#f2.d.d1)[L],a1[L],#f1[L],(#c1.#c)[LM],#c1[LM],(e1.e)[LM],e1[LM],(d1.d)[LM],d1[LM],(b.B-1)[LM],b[LM],(#g.#G-1)[LNP],#g[LNP],(b.B-1)[LNP],b[LNP],(a.A-1)[LNP],a[LNP],(#f.#F-1)[LNP],#f[LNP],(#C-1.#c)[LMNP],(D-1.d)[LMNP],(E-1.e)[LMNP],(D-1.d)[LMNP],(#C-1.#c)[LMNP],(B-2.B-1)[LMNP],(#G-2.#G-1)[LMNP],(A-2.A-1)[LMNP],(B-2.B-1)[LMNP],(A-2.A-1)[LMNP],(#G-2.#G-1)[LMNP],(#F-2.#F-1)[LMNP],(F-2.F-1)[LMNP],(#F-2.#F-1)[LMNP],(#G-2.#G-1)[LMNP],(A-2.A-1)[LMNP],(#C-1.#c)[LMNP],(D-1.d)[LMNP],(F-1.f)[LMNP],(#F-1.#f)[LMNP],(#G-1.#g)[LMNP],(A-1.a)[LMNP],(#c.#c1)[LMNP],(d.d1)[LMNP],(f.f1)[KLOP],(#f.#f1)[JP],(#g.#g1)[JLMOP],(a.a1)[ILM],(#G-2.#G-1)[JKNP],"],"id":2,"instruments":["piano","piano"],"alternatives":["",""]},{"bpm":285,"baseBeats":0.5,"scores":["mute[LN],mute[LN],mute[LN],mute[LN],mute[LN],mute[LN],mute[LN],mute[LN],mute[LN],mute[LN],mute[LN],mute[L],mute[L],mute[L],mute[L],mute[L],mute[L],mute[L],mute[L],mute[L],mute[L],mute[L],mute[L],mute[L],mute[L],mute[L],mute[L],mute[L],mute[L],mute[L],mute[L],mute[L],mute[L],mute[L],mute[L],mute[L],mute[L],mute[L],mute[L],mute[L],mute[L],mute[L],mute[L],mute[L],mute[L],mute[L],mute[L],mute[L],mute[L],mute[L],mute[L],mute[L],mute[L],mute[L],mute[L],mute[L],mute[L],mute[L],mute[L],mute[L],mute[L],mute[L],mute[L],mute[L],mute[L],mute[L],mute[L],mute[L],mute[L],mute[L],mute[L],mute[L],mute[L],mute[L],mute[L],mute[L],mute[L],mute[L],mute[L],mute[L],mute[LN],mute[LN],mute[LN],mute[LN],mute[LN],mute[LN],mute[LN],mute[LN],mute[LN],mute[LN],mute[LN],mute[LN],mute[LN],mute[LN],mute[LN],mute[LN],mute[LN],mute[LN],mute[L],mute[L],mute[L],mute[L],mute[L],mute[L],mute[L],mute[L],mute[L],mute[L],mute[L],mute[L],mute[L],mute[L],mute[L],mute[L],mute[L],mute[L],mute[L],mute[L],mute[L],mute[L],mute[L],mute[L],mute[L],mute[L],mute[L],mute[L],mute[L],mute[L],mute[L],mute[L],mute[L],mute[L],mute[L],mute[L],mute[L],mute[L],mute[L],mute[L],mute[L],mute[L],mute[L],mute[L],mute[L],mute[L],mute[L],mute[L],mute[L],mute[L],mute[L],mute[L],mute[L],mute[L],mute[L],mute[L],mute[L],mute[L],mute[L],mute[L],mute[L],mute[L],mute[L],mute[L],mute[L],mute[L],mute[L],mute[L],mute[L],mute[L],mute[L],mute[L],mute[L],mute[L],mute[L],mute[L],mute[L],mute[L],mute[L],mute[L],mute[L],mute[L],mute[L],mute[L],mute[L],mute[L],mute[L],mute[KL],mute[KL],mute[L],mute[L],mute[L],mute[L],mute[L],mute[L],mute[KL],mute[KL],mute[L],mute[L],mute[L],mute[L],mute[L],mute[L],mute[KL],mute[KL],mute[L],mute[L],mute[L],mute[L],mute[L],mute[L],mute[KL],mute[KL],mute[KL],mute[KL],mute[KL],mute[KL],mute[KL],mute[KL],mute[KL],mute[KNO],mute[KNO],mute[KP],mute[KP],mute[KP],mute[KP],mute[KP],mute[KP],mute[KP],mute[KP],mute[KP],mute[KP],mute[KP],mute[KP],mute[KMNP],mute[KMNP],mute[KNO],mute[KNO],mute[KP],mute[KP],mute[KP],mute[KP],mute[KP],mute[KP],mute[KP],mute[KP],mute[KP],mute[KP],mute[KP],mute[KP],mute[KP],mute[KP],mute[LMNO],mute[LMNO],mute[LMNP],mute[LMNP],mute[LMNP],mute[LMNP],mute[LMOP],mute[LMOP],mute[LMP],mute[LMP],mute[LMP],mute[LMP],mute[LMP],mute[LMP],mute[LMNP],mute[LMNP],mute[LMNP],mute[L],mute[L],mute[L],mute[L],mute[L],mute[L],mute[L],mute[L],mute[L],mute[L],mute[L],mute[L],mute[L],mute[L],mute[L],mute[LOP],mute[LOP],mute[LNOP],mute[LNOP],mute[LMP],mute[LMP],mute[LMNP],mute[LMNP],mute[L],mute[L],mute[L],mute[L],mute[L],mute[L],mute[L],mute[L],mute[L],mute[L],mute[L],mute[L],mute[L],mute[L],mute[L],mute[L],mute[L],mute[L],mute[L],mute[L],mute[L],mute[L],mute[L],mute[L],mute[L],mute[LM],mute[LOP],mute[LOP],mute[LOP],mute[KNO],mute[L],mute[L],mute[L],mute[L],mute[L],mute[L],mute[L],mute[L],mute[L],mute[LM],mute[LOP],mute[KNO],mute[L],mute[L],mute[L],mute[L],mute[L],mute[L],mute[LM],mute[LOP],mute[LOP],mute[LOP],mute[LOP],mute[LNOP],mute[LNOP],mute[LNOP],mute[KNO],mute[L],mute[L],mute[L],mute[L],mute[L],mute[L],mute[L],mute[L],mute[L],mute[L],mute[L],mute[L],mute[L],mute[L],mute[L],mute[L],mute[L],mute[L],mute[L],mute[L],mute[L],mute[L],mute[L],mute[L],mute[L],mute[L],mute[L],mute[L],mute[L],mute[L],mute[L],mute[L],mute[L],mute[L],mute[L],mute[L],mute[L],mute[L],mute[L],mute[L],mute[L],mute[LMNOP],5<U>,mute[LMNO],5<U>,mute[LMNO],5<U>,mute[LMNO],5<U>,mute[L],mute[L],5<U>,mute[L],mute[KOP],mute[L],mute[LMN],5<U>,mute[LNO],mute[LMNO],mute[LMNO],mute[LMNO],mute[LMNP],mute[LMNP],mute[LMNP],mute[JOP],mute[JMN],mute[KLOP],mute[LMO],mute[JMN],mute[KLOP],mute[JLO],mute[LOP],mute[HKL],mute[KNO],mute[KNO],mute[JMN],mute[ILM],mute[LMP],mute[LMP],mute[KLOP],mute[LN],mute[LN],mute[LN],mute[LN],mute[LN],mute[LN],mute[LN],mute[LN],mute[LN],mute[LN],mute[LN],mute[LN],mute[LN],mute[LN],mute[LN],mute[LN],mute[LN],mute[LN],mute[LN],mute[LN],mute[LN],mute[LN],mute[LN],mute[LN],mute[LN],5<U>,mute[L],mute[L],mute[L],mute[L],mute[L],mute[L],mute[L],mute[L],mute[L],mute[L],mute[LN],5<U>,mute[L],mute[L],mute[L],mute[L],mute[L],mute[L],mute[L],mute[L],mute[L],mute[L],mute[L],mute[L],mute[L],mute[L],mute[L],mute[L],mute[LN],mute[LN],mute[LN],mute[LN],mute[LN],mute[LN],mute[LN],mute[LN],mute[LN],mute[LN],mute[LN],mute[LN],mute[LN],mute[LN],mute[LN],mute[LN],mute[L],mute[L],mute[L],5<U>,mute[L],mute[L],mute[L],mute[L],mute[L],mute[L],mute[L],mute[L],mute[L],mute[L],mute[L],5<U>,mute[L],mute[L],mute[L],mute[L],mute[L],mute[L],mute[L],mute[L],mute[L],mute[L],mute[L],5<U>,mute[L],mute[L],mute[L],mute[L],mute[L],mute[L],mute[L],mute[L],mute[L],mute[L],mute[L],5<U>,mute[L],mute[L],mute[L],mute[L],mute[L],mute[L],mute[L],mute[L],mute[L],mute[L],mute[L],mute[L],mute[L],mute[L],mute[L],mute[L],mute[L],mute[L],mute[L],mute[L],mute[L],mute[L],mute[L],mute[L],mute[L],mute[L],mute[L],mute[L],mute[L],mute[L],mute[L],mute[L],mute[L],mute[L],mute[L],mute[L],mute[L],mute[L],mute[L],mute[L],mute[L],mute[L],mute[L],mute[L],mute[L],mute[L],mute[L],mute[L],mute[L],mute[L],mute[L],mute[L],mute[L],mute[L],mute[L],mute[L],mute[L],mute[L],mute[L],mute[L],mute[L],mute[L],mute[L],mute[L],mute[L],mute[L],mute[L],mute[L],mute[L],mute[L],mute[L],mute[L],mute[L],mute[L],mute[L],mute[L],mute[L],mute[L],mute[L],mute[L],mute[L],mute[L],mute[L],mute[L],mute[L],mute[L],mute[L],mute[L],mute[L],mute[L],mute[L],mute[L],mute[L],mute[L],mute[L],mute[L],mute[L],mute[LMN],mute[LNOP],mute[LNOP],mute[LNOP],mute[LMN],mute[KO],mute[KMOP],mute[HLMP],mute[L],mute[LN],mute[IJKLNO],mute[L],mute[LN],mute[HI],","#g[LN],#f[LN],(#f2.#f3.c1)[LN],#g[LN],#f[LN],#A-1[LN],#g[LN],#f[LN],(f2.f3.#c1)[LN],#g[LN],#f[LN],(d2.d3.c)[L],#g[L],#f[L],(f2.f3.#d1)[L],#g[L],#f[L],(#d2.#d3.#c)[L],#a[L],#f[L],(#c2.#c3.#f1)[L],#a[L],#f[L],(b1.b2.#d)[L],c1[L],#g[L],(#c2.#c3.#f1)[L],c1[L],#g[L],(c2.c3.e)[L],#c1[L],#g[L],(#a1.#a2.g1)[L],#c1[L],#g[L],(g1.g2.f)[L],b[L],(#g1.#g2.d1)[L],#g[L],(#a1.#a2.b)[L],d1[L],(#g1.#g2.#f)[L],c1[L],#d1[L],(#f1.#f2.#g)[L],c1[L],#d1[L],(f1.f2.#c)[L],#c1[L],#g[L],(#g1.#g2.f)[L],#g[L],#c1[L],(#c2.#c3.#a)[L],#f1[L],#c1[L],(#d2.#d3.#g)[L],f1[L],#c1[L],(e2.e3.g)[L],#a1[L],e1[L],#c1[L],a1[L],#c1[L],(f2.f3.#g)[L],#g1[L],#c1[L],(#c2.#c3.#g)[L],f1[L],#c1[L],(#a1.#a2.g)[L],e1[L],#c1[L],(#g1.#g2.#g)[L],f1[L],#c1[L],(#c2.#c3.#f)[L],#d1[L],#a[L],(f2.f3.f)[LN],#c1[LN],#g[LN],(#a2.#a3.e)[LN],c1[LN],g[LN],f[LN],#c1[LN],#g[LN],(#g2.#g3.c)[LN],e1[LN],#g[LN],#c[LN],f1[LN],#g[LN],#G-1[LN],#g[LN],#f[LN],(#f2.#f3.c1)[L],#g[L],#f[L],#A-1[L],#g[L],#f[L],(f2.f3.#c1)[L],#g[L],#f[L],(d2.d3.c)[L],#g[L],(#d2.#d3.#f)[L],#d1[L],(f2.f3.#g)[L],#f[L],(#d2.#d3.#c)[L],#a[L],#f[L],(#c2.#c3.#f1)[L],#a[L],#f[L],(b1.b2.#d)[L],c1[L],(c2.c3.#g)[L],#f1[L],(#c2.#c3.c1)[L],#g[L],(c2.c3.e)[L],#c1[L],#g[L],(#a1.#a2.g1)[L],#c1[L],#g[L],(g1.g2.f)[L],b[L],(#g1.#g2.d1)[L],#g[L],(#a1.#a2.b)[L],d1[L],(#g1.#g2.#f)[L],c1[L],#d1[L],(#f1.#f2.#g)[L],c1[L],#d1[L],(f1.f2.#c)[L],#c1[L],#g[L],(#g1.#g2.f)[L],#g[L],#c1[L],(#c2.#c3.#a)[L],#f1[L],#c1[L],(#d2.#d3.#g)[L],f1[L],#c1[L],(e2.e3.g)[L],#a1[L],e1[L],#c1[L],a1[L],#c1[L],(f2.f3.#g)[L],#g1[L],#c1[L],(#c2.#c3.#g)[L],f1[L],#c1[L],(#a1.#a2.g)[L],e1[L],#c1[L],(#g1.#g2.#g)[L],f1[L],#c1[L],(#c2.#c3.f)[L],#c1[L],#g[L],(f2.f3.#c)[L],#c1[L],#g[L],(#a2.#a3.B-1)[L],f[L],#g[L],#c1[L],f1[L],#g1[L],(#g2.#g3.#c2)[KL],(f2.f3)[KL],(#d2.#d3.#A-1)[L],#f[L],#a[L],(#c2.#c3.#c1)[L],#f1[L],#a1[L],(#f2.#f3.#c2)[KL],(#a2.#a3)[KL],(c3.c4.A-1)[L],#f[L],a[L],#c1[L],#f1[L],a1[L],(#c3.#c4.#c2)[KL],(#f2.#f3)[KL],(e2.e3.A-1)[L],#f[L],a[L],(d2.d3.d1)[L],#f1[L],a1[L],(#f2.#f3.d2)[KL],(a2.a3)[KL],(#c3.#c4)[KL],(d3.d4.#f1.a1.d2)[KL],a[KL],(#d3.#d4.#f1.c2.#d2)[KL],#g[KL],(e3.e4.#g1.b1.e2)[KL],b[KL],(#f3.#f4.#g1.b1.#f2)[KNO],e1[KNO],(g3.g4.b1.e2.g2)[KP],#g1[KP],(#g3.#g4.b1.e2.#g2)[KP],#f1[KP],(a3.a4.c2.#d2.a2)[KP],#d1[KP],(#g3.#g4.c2.#d2.#g2)[KP],(f3.f4.c1)[KP],(#f3.#f4.a1.#d2.#f2)[KP],(d3.d4.a)[KP],(#d3.#d4.#f1.c2.#d2)[KP],#g[KP],(e3.e4.#g1.b1.e2)[KMNP],b[KMNP],(#f3.#f4.#g1.b1.#f2)[KNO],e1[KNO],(g3.g4.b1.e2.g2)[KP],#g1[KP],(#g3.#g4.b1.e2.#g2)[KP],#f1[KP],(a3.a4.c2.#d2.a2)[KP],#d1[KP],(#g3.#g4.c2.#d2.#g2)[KP],(f3.f4.c1)[KP],(#f3.#f4.a1.#d2.#f2)[KP],(d3.d4.a)[KP],(#d3.#d4.#f1.c2.#d2)[KP],#g[KP],(e3.e4.#g1.b1.e2)[KP],b[KP],(#f3.#f4.#g1.b1.#f2)[LMNO],e1[LMNO],(g3.g4.b1.e2.g2)[LMNP],#g1[LMNP],(#g3.#g4.b1.e2.#g2)[LMNP],d1[LMNP],(f3.f4.#g1.b1.f2)[LMOP],#d1[LMOP],(#f3.#f4.a1.c2.#f2)[LMP],e1[LMP],(g3.g4.#a1.#c2.g2)[LMP],f1[LMP],(#g3.#g4.b1.d2.#g2)[LMP],#f1[LMP],(a3.a4.c2.#d2.a2)[LMNP],g1[LMNP],(a3.a4.#c2.e2.a2)[LMNP],#f1[MNOP],a3[MNOP],(a4.c2.#d2.a2)[MNOP],a3[MNOP],(a4.g1)[MNOP],a3[MNOP],(a4.#c2.e2.a2)[MNOP],a3[MNOP],(a4.#g1)[MNOP],a3[MNOP],(a4.#d2.#f2.c3)[MNOP],a3[MNOP],(a4.#g1)[MNOP],a3[MNOP],(a4.e2.#f2.#c3)[MNOP],a3[MNOP],(a4.#g1)[LOP],a3[LOP],(a4.#d2.#f2.c3)[LNOP],a3[LNOP],(a4.#g1)[LMP],a3[LMP],(a4.#f2.c3.#d3)[LMNP],a3[LMNP],(#f3.#g3)[MNOP],(c3.#d3.a3)[MNOP],(#f3.#g3)[MNOP],(c3.#d3.a3)[MNOP],(#f3.#g3)[MNOP],(c3.#d3.a3)[MNOP],(#f3.#g3)[MNOP],(c3.#d3.a3)[MNOP],(#f3.#g3)[MNOP],(c3.#d3.a3)[MNOP],(#f3.#g3)[MNOP],(c3.#d3.a3)[MNOP],(#f3.#g3)[MNOP],(c3.#d3.a3)[MNOP],(#f3.#g3)[MNOP],(c3.#d3.a3)[MNOP],(#f3.#g3)[MNOP],(c3.#d3.a3)[MNOP],(#f3.#g3)[MNOP],(c3.#d3.a3)[MNOP],(#f3.#g3)[MNOP],(c3.#d3.a3)[MNOP],(#f3.#g3)[MNOP],(c3.#d3.a3)[MNOP],(#f3.#g3)[L],(c3.#d3.#a3)[L],(#f3.#g3)[L],(c3.#d3.#a3)[L],(#f3.#g3)[LOP],(c3.#d3.b3)[LOP],(#f3.#g3)[LOP],(c3.#d3.b3)[KNO],#g2[MN],(#d3.#f3.c4)[MN],d3[MN],(#d3.#f3.c4)[MN],#g2[MN],(e3.g3.#c4)[MN],#d3[MN],(e3.g3.#c4)[MN],#g2[MN],(f3.#g3.d4)[MN],e3[MN],(f3.#g3.d4)[MN],#g2[MN],(#f3.a3.#d4)[MN],f3[LOP],(#f3.a3.#d4)[KNO],#g2[MNOP],(f3.#g3.d4)[MNOP],e3[MNOP],(f3.#g3.d4)[MNOP],#g2[MNOP],(#f3.a3.#d4)[MNOP],f3[MNOP],(#f3.a3.#d4)[MNOP],#g2[LOP],(g3.#a3.e4)[LOP],#f3[LOP],(g3.#a3.e4)[LOP],#g2[LNOP],(#g3.b3.f4)[LNOP],g3[LNOP],(#g3.b3.f4)[KNO],(d4.#f3)[MNO],f4[NOP],#a3[NOP],#d4[MNO],(c4.f3)[MNO],#d4[NOP],#g3[NOP],#c4[MNO],(b3.#d3)[MNO],#c4[NOP],#f3[NOP],c4[MNO],(a3.#c3)[MNO],c4[NOP],f3[NOP],#a3[MNO],(g3.c3)[MNO],#a3[NOP],#d3[NOP],#g3[MNO],(f3.#a2)[MNO],#g3[NOP],#c3[NOP],#f3[MNO],(e3.#g2)[MNO],#f3[NOP],c3[NOP],f3[MNO],(d3.#f2)[MNO],f3[NOP],#a2[NOP],#d3[MNO],(c3.f2)[MNO],#d3[NOP],#g2[NOP],#c3[MNO],(b2.#d2)[MNO],#c3[NOP],#f2[NOP],c3[MNO],(a2.#c2)[MNO],c3[NOP],f2[NOP],#a2[MNO],(g2.c2)[MNO],#a2[NOP],#d2[NOP],#g2[MNO],(f2.#a1)[MNO],#g2[NOP],#c2[NOP],#f2[MNO],(e2.#g1)[MNO],#f2[NOP],c2[NOP],f2[MNO],(d2.#f1)[MNO],f2[NOP],#a1[NOP],#d2[MNO],(c2.f1)[MNO],#d2[NOP],#g1[NOP],#c2[MNO],(b1.#d1)[MNOP],#c2[M],#f1[M],c2[MNOP],(a1.#c1)[MNOP],c2[M],f1[M],#a1[MNOP],(g1.c1)[MNOP],#a1[M],#d1[M],#g1[MNOP],(f1.#a)[MNOP],#g1[M],#c1[M],#f1[MNOP],(e1.#g)[LP],#f1[M],c1[M],f1[LP],(d1.#f)[LP],f1[M],#a[M],#d1[LP],(c1.f)[LNO],#d1[MOP],#g[MOP],#c1[LNO],(b.e)[LMNO],#c1[MNOP],g[MNOP],c1[LMNO],#d[LMNP],#f[LMNP],a[LMNP],b[JOP],c1[JMN],#c1[KLOP],c1[MNP],#c1[MNP],c1[JMN],b[KLOP],c1[JLO],c1[LOP],f1[HKL],#G-1[KNO],#f[KNO],c1[JMN],#d1[ILM],(#c1.#C-1)[LMP],f[LMP],#g[KLOP],#c1[LN],#g1[LN],#d1[LN],#c1[LN],#g1[LN],#c1[LN],#g1[LN],#c2[LN],#a1[LN],#g1[LN],#c2[LN],#g1[LN],#c2[LN],#g2[LN],#d2[LN],#c2[LN],#g1[LN],#d2[LN],#c2[LN],#g2[LN],#d2[LN],#c2[LN],#g1[LN],#d2[LN],c2[LN],(f2.#g2.#c)[MO],#f1[MO],#d2[L],c2[L],#g1[L],#d2[L],c2[L],(f2.#g2.f1)[L],#d2[L],c2[L],(#g1.d1)[L],#d2[L],c2[L],(f2.#g2.f1)[M],#d1[M],#d2[L],c2[L],(#g1.c1)[L],#d2[L],c2[L],(f2.#g2.#a)[L],#d2[L],c2[L],(#g1.g)[L],#d2[L],#c2[L],(f2.#g2.#g)[L],#d2[L],#c2[L],(#g1.#c1)[L],#d2[L],#c2[LN],(f2.#g2.f1)[LN],#d2[LN],#c2[LN],g1[LN],#c2[LN],f2[LN],#c3[LN],#a2[LN],#g2[LN],#g1[LN],f2[LN],#g2[LN],f3[LN],#c3[LN],#a2[LN],#g2[L],#d3[L],c3[L],(f3.#g3.#c1)[M],#f2[M],#d3[L],c3[L],#g2[L],#d3[L],c3[L],(f3.#g3.f2)[L],#d3[L],c3[L],(#g2.d2)[L],#d3[L],c3[L],(f3.#g3.f2)[M],#d2[M],#d3[L],c3[L],(#g2.c2)[L],#d3[L],c3[L],(f3.#g3.#f1)[L],#d3[L],c3[L],(#g2.g1)[L],#d3[L],#c3[L],(f3.#g3.#a1)[M],#g1[M],#d3[L],#c3[L],(#g2.f1)[L],#d3[L],#c3[L],(f3.#g3.#c1)[L],#d3[L],#c3[L],(#g2.d1)[L],#d3[L],c3[L],(f3.#g3.f1)[M],#d1[M],#d3[L],c3[L],(#g2.c1)[L],#d3[L],c3[L],(f3.#g3.#f)[L],#d3[L],c3[L],(#g2.f)[L],#d3[L],#c3[L],(f3.#g3.#g)[L],#d3[L],#c3[L],(#g2.#c1)[L],#d3[L],#c3[L],(f3.#g3.#d1)[L],#d3[L],#c3[L],(#g2.e1)[L],#d3[L],#c3[L],(f3.#g3)[L],#d3[L],#c3[L],(#g2.f1)[L],#d3[L],#c3[L],(f3.#g3.#c1)[L],#d3[L],#c3[L],(#g2.#a)[L],#d3[L],#c3[L],(f3.#g3.#g)[L],#d3[L],#c3[L],(#g2.#c1)[L],#d3[L],#c3[L],(f3.#g3.f1)[L],#d3[L],#c3[L],(#g2.#a1)[L],#d3[L],#c3[L],(f3.#g3)[L],#d3[L],#c3[L],(#g2.#g1)[L],#d3[L],#c3[L],(f3.#g3.f1)[L],#d3[L],#c3[L],(#g2.#c1)[L],#d3[L],#c3[L],(f3.#g3.f1)[L],#d3[L],#c3[L],(#g2.#g1)[L],#d3[L],#c3[L],(f3.#g3.#c2)[L],#d3[L],#c3[L],(#g2.e2)[L],#d3[L],#c3[L],(f3.#g3)[L],#d3[L],#c3[L],#g2[L],#d3[L],#c3[L],(f3.#g3)[L],#d3[L],#c3[L],(#g2.f2)[L],#d3[L],#c3[L],(f3.#g3)[L],#d3[L],#c3[L],#g2[L],#d3[L],#c3[L],(f3.#g3)[L],#d3[L],#c3[L],#g2[LO],#d3[LO],#c3[LO],(f3.#g3)[LO],#d3[LO],#c3[LO],#g2[LNOP],#d3[LNOP],#c3[LNOP],(f3.#g3)[LMN],#d3[KO],#c3[KMOP],#g2[HLMP],#c1[MN],#g1[MN],#c2[MN],f2[IJKLNO],#g2[MN],#c3[MN],f3[MN],#c4[HI],"],"id":3,"instruments":["piano","piano"],"alternatives":["",""]}],"audition":{"start":[0,0],"end":[1,0]}}