{"baseBpm":73,"musics":[{"id":1,"baseBeats":0.125,"scores":["(e)[M],(b.#f1)[M],e1[M],g1[M],g1[M],b[M],(e1.g1)[M],g1[N],#f1[N],(b1.#f1)[M],g1[M],(#f1.e1)[M],e1[N],(#f1)[N],(e1.b1)[M],b[M],(g.b1)[M],#f[M];(c)[M],g[M],(#f1.c1)[M],e1[N],g1[N],g1[M],g[N],g1[N],(c1.g1)[M],e1[N],g1[N];(d.#f1)[M],a[M],(d1.#f1)[M],#f1[N],g1[N],b1[M],g1[M],(#f1.b1)[M],d1[M];(e.d2)[M],b[M],(e1.b1)[M],g1[N],a1[N],b1[M],b[N],e1[N],e1[M],g1[N],e1[N],b1[M],g1[M],b1[M],#f1[M],(e1.a1)[M],b[M],(g.b1)[M],#f[M];(e.d2)[M],g[M],(d1.b1)[M],g1[N],b1[N],b1[MN],e1[N],(d1.g1)[M],g1[N],g1[N],(b1.e1)[M],d[N],e1[N],(a.e1)[M],d1[N],e1[N],(#f1.e1)[M],a1[M],#f1[M],d1[M],3<(e2.f2.#f2.g2.#g2.a2)[P],(e2.f2.#f2.g2.#g2.a2)[P],(e2.f2.#f2.g2.#g2.a2)[P],(e2.f2.#f2.g2.#g2.a2)[P],(e2.f2.#f2.g2.#g2.a2)[P],(e2.f2.#f2.g2.#g2.a2)[P],(e2.f2.#f2.g2.#g2.a2)[P],(e2.f2.#f2.g2.#g2.a2)[P],(e2.f2.#f2.g2.#g2.a2)[P],(e2.f2.#f2.g2.#g2.a2)[P],(e2.f2.#f2.g2.#g2.a2)[P],(e2.f2.#f2.g2.#g2.a2)[P],(e2.f2.#f2.g2.#g2.a2)[P],(e2.f2.#f2.g2.#g2.a2)[P],(e2.f2.#f2.g2.#g2.a2)[P],(e2.f2.#f2.g2.#g2.a2)[P],(e2.f2.#f2.g2.#g2.a2)[P],(e2.f2.#f2.g2.#g2.a2)[P],(e2.f2.#f2.g2.#g2.a2)[P],(e2.f2.#f2.g2.#g2.a2)[P],(e2.f2.#f2.g2.#g2.a2)[P],(e2.f2.#f2.g2.#g2.a2)[P],(e2.f2.#f2.g2.#g2.a2)[P],(e2.f2.#f2.g2.#g2.a2)[P],(e2.f2.#f2.g2.#g2.a2)[P],(e2.f2.#f2.g2.#g2.a2)[P],(e2.f2.#f2.g2.#g2.a2)[P],(e2.f2.#f2.g2.#g2.a2)[P],(e2.f2.#f2.g2.#g2.a2)[P],(e2.f2.#f2.g2.#g2.a2)[P],(e2.f2.#f2.g2.#g2.a2)[P],(e2.f2.#f2.g2.#g2.a2)[P]>;(A-3.B-2)[M],(B-2.A-3)[M],(B-2.A-3)[M],(B-2.A-3)[L],(B-2.A-3)[L],(A-3.D-1)[L],(A-1.B-2)[MN],(A-3.A-2)[N],(A-2.A-3)[L],(G-2.A-3)[L];A-3[M],(A-3.B-2)[M],(B-2.A-3)[M],(B-2.A-3)[M],(B-2.A-3)[L],(B-2.A-3)[L],(A-3.D-1)[L],(A-1.B-2)[MN],(A-3.A-2)[N],(A-2.A-3)[L],(G-2.A-3)[L];(E-1.e1)[M],B-1[M],(e.d2)[M],B-1[M],(g.d2)[M],B-1[M],(b1.e)[M],B-1[M],(a1.E-1)[M],B-1[M],(g1.e)[M],B-1[M],(g.e1)[M],g[M],(B-1.d1)[M],e[M];(B-1.e1)[M],G-1[M],(d.d2)[M],g[M],(d2.b)[M],G-1[M],(b1.d)[M],g[M];(b.a1)[M],D-1[M],(A-1.g1)[M],d[M],(D-1.d.e1)[LM],8<(e1~#f1~g1~a1)[N]>,W;(E-2.E-1.e1)[M],W,(E-2.E-1)[N],#f1[M],(E-2.E-1)[M],(E-2.E-1.g1)[MN],5<(E-2.E-1.a1)[O],b1[O]>,(b1.E-2.E-1)[M],(E-1.E-2)[M],(E-1.E-2.b1)[MN],(E-2.E-1)[N],a1[M],(E-2.E-1)[M],(E-1.E-2.g1)[MN],(E-2.E-1)[N],8<(b1~a1~g1~#f1~e1)[N]>,W;8<(E-2.E-1.e1~#f1~g1~a1)[N]>,W,(E-2.E-1.e1)[M],W,(E-2.E-1)[N],#f1[M],(E-2.E-1)[M],(E-2.E-1.g1)[MN],5<(E-2.E-1.a1)[O],b1[O]>,(b1.E-2.E-1)[M],(E-1.E-2)[M],(E-1.E-2.b1)[MN],(E-2.E-1)[N],a1[M],(E-2.E-1)[M],(E-1.E-2.g1)[MN],(E-2.E-1)[N],8<(b1~a1~g1~#f1~e1)[N]>,W;8<(E-2.E-1.e1~#f1~g1~a1)[N]>,W;(E-2.E-1.e1)[M],(E-2.E-1)[M],(E-2.E-1.#f1)[M],(E-2.E-1)[M],(E-2.E-1.g1)[M],5<(E-2.E-1.a1)[O],b1[O]>,b1[N],(E-2.E-1)[M],(E-1.E-2)[M],(E-1.E-2.b1)[M],(E-2.E-1)[M],(E-2.E-1.a1)[M],(E-2.E-1)[M],(E-1.E-2.g1)[M],(E-2.E-1)[M],8<(E-2.E-1.b1~a1~g1~#f1~e1)[N]>,W;8<(E-2.E-1.e1~#f1~g1~a1)[N]>,W,3<(E-2.E-1.e1)[N],(E-2.E-1)[N],(E-2.E-1)[N],(E-2.E-1)[N],(E-2.E-1.#f1)[N],(E-2.E-1)[N],(E-2.E-1)[N],(E-2.E-1)[N],(E-2.E-1.g1)[N],(E-2.E-1)[N],(E-2.E-1)[N],(E-2.E-1)[N],(E-2.E-1.b1)[N],(E-2.E-1)[N],(E-2.E-1)[N],(E-2.E-1)[N]>;(E-2.E-1.b1)[L],(E-1.E-2.a1)[L],(E-1.E-2.g1)[L],8<(#A-3~#A-3~#A-3~#A-3~#A-3~#A-3~#A-3~#A-3~#A-3~#A-3~#A-3~#A-3~#A-3~#A-3~#A-3~#A-3~#A-3~#A-3~#A-3~#A-3~#A-3~#A-3~#A-3~#A-3~#A-3~#A-3~#A-3~#A-3~#A-3~#A-3~#A-3~#A-3~#A-3~#A-3~#A-3~#A-3~#A-3~#A-3~#A-3~#A-3~#A-3~#A-3~#A-3~#A-3~#A-3~#A-3~#A-3~#A-3~#A-3~#A-3~#A-3~#A-3~#A-3~#A-3~#A-3~#A-3~#A-3~#A-3~#A-3~#A-3~#A-3~#A-3~#A-3~#A-3~#A-3~#A-3~#A-3~#A-3~#A-3~#A-3~#A-3~#A-3~#A-3~#A-3~#A-3~#A-3~#A-3~#A-3~#A-3~#A-3~#A-3~#A-3~#A-3~#A-3~#A-3~#A-3~#A-3~#A-3~#A-3~#A-3~#A-3~#A-3~#A-3~#A-3~#A-3~#A-3~#A-3~#A-3~#A-3~#A-3~#A-3~#A-3~#A-3~#A-3~#A-3~#A-3~#A-3~#A-3~#A-3~#A-3~#A-3~#A-3~#A-3~#A-3~#A-3~#A-3~#A-3~#A-3~#A-3~#A-3~#A-3~#A-3~#A-3~#A-3~#A-3~#A-3~#A-3~#A-3~#A-3~#A-3~#A-3~#A-3~#A-3~#A-3~#A-3~#A-3~#A-3~#A-3~#A-3~#A-3~#A-3~#A-3~#A-3~#A-3~#A-3~#A-3~#A-3~#A-3~#A-3~#A-3~#A-3~#A-3~#A-3~#A-3~#A-3~#A-3~#A-3~#A-3~#A-3~#A-3~#A-3~#A-3~#A-3~#A-3~#A-3~#A-3~#A-3~#A-3~#A-3~#A-3~#A-3~#A-3~#A-3~#A-3~#A-3~#A-3~#A-3~#A-3~#A-3~#A-3~#A-3~#A-3~#A-3~#A-3~#A-3~#A-3~#A-3~#A-3~#A-3~#A-3~#A-3~#A-3~#A-3~#A-3~#A-3~#A-3~#A-3~#A-3~#A-3~#A-3~#A-3~#A-3~#A-3~#A-3~#A-3~#A-3~#A-3~#A-3~#A-3~#A-3~#A-3~#A-3~#A-3~#A-3~#A-3~#A-3~#A-3~#A-3~#A-3~#A-3~#A-3~#A-3~#A-3~#A-3~#A-3~#A-3~#A-3~#A-3~#A-3~#A-3~#A-3~#A-3~#A-3~#A-3~#A-3~#A-3~#A-3~#A-3~#A-3~#A-3~#A-3~#A-3~#A-3~#A-3~#A-3~#A-3~#A-3~#A-3~#A-3~#A-3~#A-3~#A-3~#A-3~#A-3~#A-3~#A-3~#A-3~#A-3~#A-3~#A-3~#A-3)[NP]>;7<(E-2.E-1.E-2~#F-2~G-2~A-2~B-3)[M]>,W,B-2[L],B-2[L],B-2[L],B-2[L],B-2[L],B-2[L],7<(E-1.e.B-2~A-2~G-2~#F-2~E-1)[M]>,W;7<(E-2.E-1.E-2~#F-2~G-2~A-2~B-3)[M]>,W,B-2[L],B-2[L],B-2[L],B-2[L],B-2[L],B-2[L],7<(E-1.e.B-2~A-2~G-2~#F-2~E-1)[M]>,W;7<(E-2.E-1.E-2~#F-2~G-2~A-2~B-3)[M]>,W,B-2[L],B-2[L],B-2[L],B-2[L],B-2[L],B-2[L],7<(E-1.e.B-2~A-2~G-2~#F-2~E-1)[M]>,W;7<(E-2.E-1.E-2~#F-2~G-2~A-2~B-3)[M]>,W,B-2[L],B-2[L],B-2[L],B-2[L],B-2[L],B-2[L],7<(E-1.e.B-2~A-2~G-2~#F-2~E-1)[M]>,W;7<(E-2.E-1.e1~#f1~g1~a1~b1)[M]>,(E-1.e.b1.g2.b2)[M],(E-2.E-1.e1)[M],(E-1.e.b1)[M],(E-2.E-1.e1)[M],(E-1.e.b1.g2.b2)[M],(E-2.E-1.e1)[M],(E-2.E-1.b1)[M],(e1)[M],(E-1.e.b1.g2.b2)[M],(E-2.E-1.e1)[M],(E-1.e.b1)[M],(E-2.E-1.e1)[M],7<(E-1.e.b1~a1~g1~#f1~e1)[M]>,W;7<(E-2.E-1.e1~#f1~g1~a1~b1)[M]>,(E-1.e.b1.g2.b2)[M],(E-2.E-1.e1)[M],(E-1.e.b1)[M],(E-2.E-1.e1)[M],(E-1.e.b1.g2.b2)[M],(E-2.E-1.e1)[M],(E-2.E-1.b1)[M],(e1)[M],(E-1.e.b1.g2.b2)[M],(E-2.E-1.e1)[M],(E-1.e.b1)[M],(E-2.E-1.e1)[M],7<(E-1.e.b1~a1~g1~#f1~e1)[M]>,W,7<(E-2.E-1.e1~#f1~g1~a1~b1)[M]>,(E-1.e.b1.g2.b2)[M],(E-2.E-1.e1)[M],(E-1.e.b1)[M],(E-2.E-1.e1)[M],(E-1.e.b1.g2.b2)[M],(E-2.E-1.e1)[M],(E-2.E-1.b1)[M],(e1)[M],(E-1.e.b1.g2.b2)[M],(E-2.E-1.e1)[M],(E-1.e.b1)[M],(E-2.E-1.e1)[M],7<(E-1.e.b1~a1~g1~#f1~e1)[M]>,W,7<(E-2.E-1.e1~#f1~g1~a1~b1)[M]>,(E-1.b.b1.g2.b2)[M],(E-2.E-1.e1)[M],(E-1.e.b1)[M],(E-2.E-1.e1)[M],(E-1.e.b1.g2.b2)[M],(E-2.E-1.e1)[M];3<(d.#f.a.e1)[M]>,V,3<e1[M]>,V,3<e1[M]>,V,3<e1[M]>,V;(E-1.e1)[M],B-1[M],(e.d2)[M],B-1[M],(g.d2)[M],B-1[M],(b1.e)[M],B-1[M],(a1.E-1)[M],B-1[M],(g1.e)[M],B-1[M],(g.e1)[M],B-1[M],e[M],B-1[M];(E-1.e1)[M],B-1[M],(e.d2)[M],B-1[M],(d2.g)[M],B-1[M],(b1.e)[M],B-1[M];(E-1.a1)[M],B-1[M],(e.g1)[M],B-1[M],(g.e1)[K],(E-1.e1)[M],B-1[M],(e.d2)[M],B-1[M],(g.d2)[M],B-1[M],(b1.e)[M],B-1[M],(a1.E-1)[M],B-1[M],(g1.e)[M],B-1[M],(g.e1)[M],B-1[M],e[M],B-1[M];(E-1.e1)[M],B-1[M],(e.d2)[M],B-1[M],(d2.g)[M],B-1[M],(b1.e)[M],B-1[M];(E-1.a1)[M],B-1[M],(e.g1)[M],B-1[M],(g.e1)[K],(E-2.E-1)[J],(E-2.E-1)[M],(E-2.E-1)[M],(E-2.E-1)[M],(E-2.E-1)[M],(E-2.E-1)[M],(E-2.E-1)[M],5<(E-2.E-1)[N]>,5<(E-2.E-1)[N]>,5<(E-2.E-1)[N]>,5<(E-2.E-1)[N]>,8<(#A-3~#A-3~#A-3~#A-3~#A-3~#A-3~#A-3~#A-3~#A-3~#A-3~#A-3~#A-3~#A-3~#A-3~#A-3~#A-3~#A-3~#A-3~#A-3~#A-3~#A-3~#A-3~#A-3~#A-3~#A-3~#A-3~#A-3~#A-3~#A-3~#A-3~#A-3~#A-3~#A-3~#A-3~#A-3~#A-3~#A-3~#A-3~#A-3~#A-3~#A-3~#A-3~#A-3~#A-3~#A-3~#A-3~#A-3~#A-3~#A-3~#A-3~#A-3~#A-3~#A-3~#A-3~#A-3~#A-3~#A-3~#A-3~#A-3~#A-3~#A-3~#A-3~#A-3~#A-3~#A-3~#A-3~#A-3~#A-3~#A-3~#A-3~#A-3~#A-3~#A-3~#A-3~#A-3~#A-3~#A-3~#A-3~#A-3~#A-3~#A-3~#A-3~#A-3~#A-3~#A-3~#A-3~#A-3~#A-3~#A-3~#A-3~#A-3~#A-3~#A-3~#A-3~#A-3~#A-3~#A-3~#A-3~#A-3~#A-3~#A-3~#A-3~#A-3~#A-3~#A-3~#A-3~#A-3~#A-3~#A-3~#A-3~#A-3~#A-3~#A-3~#A-3~#A-3~#A-3~#A-3~#A-3~#A-3~#A-3~#A-3~#A-3~#A-3~#A-3~#A-3~#A-3~#A-3~#A-3~#A-3~#A-3~#A-3~#A-3~#A-3~#A-3~#A-3~#A-3~#A-3~#A-3~#A-3~#A-3~#A-3~#A-3~#A-3~#A-3~#A-3~#A-3~#A-3~#A-3~#A-3~#A-3~#A-3~#A-3~#A-3~#A-3~#A-3~#A-3~#A-3~#A-3~#A-3~#A-3~#A-3~#A-3~#A-3~#A-3~#A-3~#A-3~#A-3~#A-3~#A-3~#A-3~#A-3~#A-3~#A-3~#A-3~#A-3~#A-3~#A-3~#A-3~#A-3~#A-3~#A-3~#A-3~#A-3~#A-3~#A-3~#A-3~#A-3~#A-3~#A-3~#A-3~#A-3~#A-3~#A-3~#A-3~#A-3~#A-3~#A-3~#A-3~#A-3~#A-3~#A-3~#A-3~#A-3~#A-3~#A-3~#A-3~#A-3~#A-3~#A-3~#A-3~#A-3~#A-3~#A-3~#A-3~#A-3~#A-3~#A-3~#A-3~#A-3~#A-3~#A-3~#A-3~#A-3~#A-3~#A-3~#A-3~#A-3~#A-3~#A-3~#A-3~#A-3~#A-3~#A-3~#A-3~#A-3~#A-3~#A-3~#A-3~#A-3~#A-3~#A-3~#A-3~#A-3~#A-3~#A-3~#A-3~#A-3~#A-3~#A-3~#A-3~#A-3~#A-3~#A-3~#A-3~#A-3~#A-3~#A-3~#A-3~#A-3~#A-3~#A-3)[LM]>;(e)[M],(b.#f1)[M],e1[M],g1[M],g1[M],b[M],(e1.g1)[M],g1[N],#f1[N],(b1.#f1)[M],g1[M],(#f1.e1)[M],e1[N],(#f1)[N],(e1.b1)[M],b[M],(g.b1)[M],#f[M];(c)[M],g[M],(#f1.c1)[M],e1[N],g1[N],g1[M],g[N],g1[N],(c1.g1)[M],e1[N],g1[N];(d.#f1)[M],a[M],(d1.#f1)[M],#f1[N],g1[N],b1[M],g1[M],(#f1.b1)[M],d1[M];(e.d2)[M],b[M],(e1.b1)[M],g1[N],a1[N],b1[M],b[N],e1[N],e1[M],g1[N],e1[N],b1[M],g1[M],b1[M],#f1[M],(e1.a1)[M],b[M],(g.b1)[M],#f[M];(e.d2)[M],g[M],(d1.b1)[M],g1[N],b1[N],b1[MN],e1[N],(d1.g1)[M],g1[N],g1[N],(b1.e1)[M],d[N],e1[N],(a.e1)[M],d1[N],e1[N],(#f1.e1)[M],a1[M],#f1[M],d1[M],3<(e2.f2.#f2.g2.#g2.a2)[P],(e2.f2.#f2.g2.#g2.a2)[P],(e2.f2.#f2.g2.#g2.a2)[P],(e2.f2.#f2.g2.#g2.a2)[P],(e2.f2.#f2.g2.#g2.a2)[P],(e2.f2.#f2.g2.#g2.a2)[P],(e2.f2.#f2.g2.#g2.a2)[P],(e2.f2.#f2.g2.#g2.a2)[P],(e2.f2.#f2.g2.#g2.a2)[P],(e2.f2.#f2.g2.#g2.a2)[P],(e2.f2.#f2.g2.#g2.a2)[P],(e2.f2.#f2.g2.#g2.a2)[P],(e2.f2.#f2.g2.#g2.a2)[P],(e2.f2.#f2.g2.#g2.a2)[P],(e2.f2.#f2.g2.#g2.a2)[P],(e2.f2.#f2.g2.#g2.a2)[P],(e2.f2.#f2.g2.#g2.a2)[P],(e2.f2.#f2.g2.#g2.a2)[P],(e2.f2.#f2.g2.#g2.a2)[P],(e2.f2.#f2.g2.#g2.a2)[P],(e2.f2.#f2.g2.#g2.a2)[P],(e2.f2.#f2.g2.#g2.a2)[P],(e2.f2.#f2.g2.#g2.a2)[P],(e2.f2.#f2.g2.#g2.a2)[P],(e2.f2.#f2.g2.#g2.a2)[P],(e2.f2.#f2.g2.#g2.a2)[P],(e2.f2.#f2.g2.#g2.a2)[P],(e2.f2.#f2.g2.#g2.a2)[P],(e2.f2.#f2.g2.#g2.a2)[P],(e2.f2.#f2.g2.#g2.a2)[P],(e2.f2.#f2.g2.#g2.a2)[P],(e2.f2.#f2.g2.#g2.a2)[P]>;(A-3.B-2)[M],(B-2.A-3)[M],(B-2.A-3)[M],(B-2.A-3)[L],(B-2.A-3)[L],(A-3.D-1)[L],(A-1.B-2)[MN],(A-3.A-2)[N],(A-2.A-3)[L],(G-2.A-3)[L];A-3[M],(A-3.B-2)[M],(B-2.A-3)[M],(B-2.A-3)[M],(B-2.A-3)[L],(B-2.A-3)[L],(A-3.D-1)[L],(A-1.B-2)[MN],(A-3.A-2)[N],(A-2.A-3)[L],(G-2.A-3)[L];(E-1.e1)[M],B-1[M],(e.d2)[M],B-1[M],(g.d2)[M],B-1[M],(b1.e)[M],B-1[M],(a1.E-1)[M],B-1[M],(g1.e)[M],B-1[M],(g.e1)[M],g[M],(B-1.d1)[M],e[M];(B-1.e1)[M],G-1[M],(d.d2)[M],g[M],(d2.b)[M],G-1[M],(b1.d)[M],g[M];(b.a1)[M],D-1[M],(A-1.g1)[M],d[M],(D-1.d.e1)[LM],8<(e1~#f1~g1~a1)[N]>,W;(E-2.E-1.e1)[M],W,(E-2.E-1)[N],#f1[M],(E-2.E-1)[M],(E-2.E-1.g1)[MN],5<(E-2.E-1.a1)[O],b1[O]>,(b1.E-2.E-1)[M],(E-1.E-2)[M],(E-1.E-2.b1)[MN],(E-2.E-1)[N],a1[M],(E-2.E-1)[M],(E-1.E-2.g1)[MN],(E-2.E-1)[N],8<(b1~a1~g1~#f1~e1)[N]>,W;8<(E-2.E-1.e1~#f1~g1~a1)[N]>,W,(E-2.E-1.e1)[M],W,(E-2.E-1)[N],#f1[M],(E-2.E-1)[M],(E-2.E-1.g1)[MN],5<(E-2.E-1.a1)[O],b1[O]>,(b1.E-2.E-1)[M],(E-1.E-2)[M],(E-1.E-2.b1)[MN],(E-2.E-1)[N],a1[M],(E-2.E-1)[M],(E-1.E-2.g1)[MN],(E-2.E-1)[N],8<(b1~a1~g1~#f1~e1)[N]>,W;8<(E-2.E-1.e1~#f1~g1~a1)[N]>,W;(E-2.E-1.e1)[M],(E-2.E-1)[M],(E-2.E-1.#f1)[M],(E-2.E-1)[M],(E-2.E-1.g1)[M],5<(E-2.E-1.a1)[O],b1[O]>,b1[N],(E-2.E-1)[M],(E-1.E-2)[M],(E-1.E-2.b1)[M],(E-2.E-1)[M],(E-2.E-1.a1)[M],(E-2.E-1)[M],(E-1.E-2.g1)[M],(E-2.E-1)[M],8<(E-2.E-1.b1~a1~g1~#f1~e1)[N]>,W;8<(E-2.E-1.e1~#f1~g1~a1)[N]>,W,3<(E-2.E-1.e1)[N],(E-2.E-1)[N],(E-2.E-1)[N],(E-2.E-1)[N],(E-2.E-1.#f1)[N],(E-2.E-1)[N],(E-2.E-1)[N],(E-2.E-1)[N],(E-2.E-1.g1)[N],(E-2.E-1)[N],(E-2.E-1)[N],(E-2.E-1)[N],(E-2.E-1.b1)[N],(E-2.E-1)[N],(E-2.E-1)[N],(E-2.E-1)[N]>;(E-2.E-1.b1)[L],(E-1.E-2.a1)[L],(E-1.E-2.g1)[L],8<(#A-3~#A-3~#A-3~#A-3~#A-3~#A-3~#A-3~#A-3~#A-3~#A-3~#A-3~#A-3~#A-3~#A-3~#A-3~#A-3~#A-3~#A-3~#A-3~#A-3~#A-3~#A-3~#A-3~#A-3~#A-3~#A-3~#A-3~#A-3~#A-3~#A-3~#A-3~#A-3~#A-3~#A-3~#A-3~#A-3~#A-3~#A-3~#A-3~#A-3~#A-3~#A-3~#A-3~#A-3~#A-3~#A-3~#A-3~#A-3~#A-3~#A-3~#A-3~#A-3~#A-3~#A-3~#A-3~#A-3~#A-3~#A-3~#A-3~#A-3~#A-3~#A-3~#A-3~#A-3~#A-3~#A-3~#A-3~#A-3~#A-3~#A-3~#A-3~#A-3~#A-3~#A-3~#A-3~#A-3~#A-3~#A-3~#A-3~#A-3~#A-3~#A-3~#A-3~#A-3~#A-3~#A-3~#A-3~#A-3~#A-3~#A-3~#A-3~#A-3~#A-3~#A-3~#A-3~#A-3~#A-3~#A-3~#A-3~#A-3~#A-3~#A-3~#A-3~#A-3~#A-3~#A-3~#A-3~#A-3~#A-3~#A-3~#A-3~#A-3~#A-3~#A-3~#A-3~#A-3~#A-3~#A-3~#A-3~#A-3~#A-3~#A-3~#A-3~#A-3~#A-3~#A-3~#A-3~#A-3~#A-3~#A-3~#A-3~#A-3~#A-3~#A-3~#A-3~#A-3~#A-3~#A-3~#A-3~#A-3~#A-3~#A-3~#A-3~#A-3~#A-3~#A-3~#A-3~#A-3~#A-3~#A-3~#A-3~#A-3~#A-3~#A-3~#A-3~#A-3~#A-3~#A-3~#A-3~#A-3~#A-3~#A-3~#A-3~#A-3~#A-3~#A-3~#A-3~#A-3~#A-3~#A-3~#A-3~#A-3~#A-3~#A-3~#A-3~#A-3~#A-3~#A-3~#A-3~#A-3~#A-3~#A-3~#A-3~#A-3~#A-3~#A-3~#A-3~#A-3~#A-3~#A-3~#A-3~#A-3~#A-3~#A-3~#A-3~#A-3~#A-3~#A-3~#A-3~#A-3~#A-3~#A-3~#A-3~#A-3~#A-3~#A-3~#A-3~#A-3~#A-3~#A-3~#A-3~#A-3~#A-3~#A-3~#A-3~#A-3~#A-3~#A-3~#A-3~#A-3~#A-3~#A-3~#A-3~#A-3~#A-3~#A-3~#A-3~#A-3~#A-3~#A-3~#A-3~#A-3~#A-3~#A-3~#A-3~#A-3~#A-3~#A-3~#A-3~#A-3~#A-3~#A-3~#A-3~#A-3~#A-3~#A-3~#A-3~#A-3~#A-3~#A-3~#A-3~#A-3~#A-3~#A-3~#A-3~#A-3~#A-3~#A-3~#A-3~#A-3~#A-3~#A-3~#A-3~#A-3~#A-3~#A-3~#A-3~#A-3~#A-3~#A-3~#A-3~#A-3~#A-3~#A-3~#A-3~#A-3~#A-3~#A-3~#A-3~#A-3~#A-3~#A-3~#A-3~#A-3~#A-3~#A-3~#A-3~#A-3~#A-3~#A-3~#A-3~#A-3~#A-3~#A-3~#A-3~#A-3~#A-3~#A-3~#A-3~#A-3~#A-3~#A-3~#A-3~#A-3~#A-3~#A-3~#A-3~#A-3~#A-3~#A-3~#A-3~#A-3~#A-3~#A-3~#A-3~#A-3~#A-3~#A-3~#A-3~#A-3~#A-3~#A-3~#A-3~#A-3~#A-3~#A-3~#A-3~#A-3~#A-3~#A-3~#A-3~#A-3~#A-3~#A-3~#A-3~#A-3~#A-3~#A-3~#A-3~#A-3~#A-3~#A-3~#A-3~#A-3~#A-3~#A-3~#A-3~#A-3~#A-3~#A-3~#A-3~#A-3~#A-3~#A-3~#A-3~#A-3~#A-3~#A-3~#A-3~#A-3~#A-3~#A-3~#A-3~#A-3~#A-3~#A-3~#A-3~#A-3~#A-3~#A-3~#A-3~#A-3~#A-3~#A-3~#A-3~#A-3~#A-3~#A-3~#A-3~#A-3~#A-3~#A-3~#A-3~#A-3~#A-3~#A-3~#A-3~#A-3~#A-3~#A-3~#A-3~#A-3~#A-3~#A-3~#A-3~#A-3~#A-3~#A-3~#A-3~#A-3~#A-3~#A-3~#A-3~#A-3~#A-3~#A-3~#A-3~#A-3~#A-3~#A-3~#A-3~#A-3~#A-3~#A-3~#A-3~#A-3~#A-3~#A-3~#A-3~#A-3~#A-3~#A-3~#A-3~#A-3~#A-3~#A-3~#A-3~#A-3~#A-3~#A-3~#A-3~#A-3~#A-3~#A-3~#A-3~#A-3~#A-3~#A-3~#A-3~#A-3~#A-3~#A-3~#A-3~#A-3~#A-3~#A-3~#A-3~#A-3~#A-3~#A-3~#A-3~#A-3~#A-3~#A-3~#A-3~#A-3~#A-3~#A-3~#A-3~#A-3~#A-3~#A-3~#A-3~#A-3~#A-3~#A-3~#A-3~#A-3~#A-3~#A-3~#A-3~#A-3~#A-3~#A-3~#A-3~#A-3~#A-3~#A-3~#A-3~#A-3~#A-3~#A-3~#A-3~#A-3~#A-3~#A-3~#A-3~#A-3~#A-3~#A-3~#A-3~#A-3~#A-3~#A-3~#A-3~#A-3~#A-3~#A-3~#A-3~#A-3~#A-3~#A-3~#A-3~#A-3~#A-3~#A-3~#A-3~#A-3~#A-3~#A-3~#A-3~#A-3~#A-3~#A-3~#A-3~#A-3~#A-3~#A-3~#A-3~#A-3~#A-3~#A-3)[LMN]>,TW;(E-2.E-1)[M],(E-2.E-1)[M],(E-2.E-1)[M],(E-2.E-1)[M],(E-2.E-1)[M],(E-2.E-1)[M],5<(E-2.E-1)[N]>,5<(E-2.E-1)[N]>,5<(E-2.E-1)[N]>,5<(E-2.E-1)[N]>,a3[K];R,"]},{"id":2,"baseBeats":0.125,"scores":["3<c5[M]>,3<c5[M]>,3<c5[M]>,3<c5[M]>,3<c5[M]>,3<c5[M]>,3<c5[M]>,3<c5[M]>,3<c5[M]>,3<c5[M]>,3<c5[M]>,3<c5[M]>,3<c5[M]>,3<c5[M]>,3<c5[M]>,3<c5[M]>,3<c5[M]>,3<c5[M]>,3<c5[M]>,3<c5[M]>,3<c5[M]>,3<c5[M]>,3<c5[M]>,3<c5[M]>,3<c5[M]>,3<c5[M]>,3<c5[M]>,3<c5[M]>,3<c5[M]>,3<c5[M]>,3<c5[M]>,3<c5[M]>,3<c5[M]>,3<c5[M]>,3<c5[M]>,3<c5[M]>,3<c5[M]>,3<c5[M]>,3<c5[M]>,3<c5[M]>,3<c5[M]>,3<c5[M]>,3<c5[M]>,3<c5[M]>,3<c5[M]>,3<c5[M]>,3<c5[M]>,3<c5[M]>,3<c5[M]>,3<c5[M]>,3<c5[M]>,3<c5[M]>,3<c5[M]>,3<c5[M]>,3<c5[M]>,3<c5[M]>,3<c5[M]>,3<c5[M]>,3<c5[M]>,3<c5[M]>,3<c5[M]>,3<c5[M]>,3<c5[M]>,3<c5[M]>,3<c5[M]>,3<c5[M]>,3<c5[M]>,3<c5[M]>,3<c5[M]>,3<c5[M]>,3<c5[M]>,3<c5[M]>,3<c5[M]>,3<c5[M]>,3<c5[M]>,3<c5[M]>,3<c5[M]>,3<c5[M]>,3<c5[M]>,3<c5[M]>,3<c5[M]>,3<c5[M]>,3<c5[M]>,3<c5[M]>,3<c5[M]>,3<c5[M]>,3<c5[M]>,3<c5[M]>,3<c5[M]>,3<c5[M]>,3<c5[M]>,3<c5[M]>,3<c5[M]>,3<c5[M]>,3<c5[M]>,3<c5[M]>,3<c5[M]>,3<c5[M]>,3<c5[M]>,3<c5[M]>,3<c5[M]>,3<c5[M]>,3<c5[M]>,3<c5[M]>,3<c5[M]>,3<c5[M]>,3<c5[M]>,3<c5[M]>,3<c5[M]>,3<c5[M]>,3<c5[M]>,3<c5[M]>,3<c5[M]>,3<c5[M]>,3<c5[M]>,3<c5[M]>,3<c5[M]>,3<c5[M]>,3<c5[M]>,3<c5[M]>,3<c5[M]>,3<c5[M]>,3<c5[M]>,3<c5[M]>,3<c5[M]>,3<c5[M]>,3<c5[M]>,3<c5[M]>,3<c5[M]>,3<c5[M]>,3<c5[M]>,3<c5[M]>,3<c5[M]>,3<c5[M]>,3<c5[M]>,3<c5[M]>,3<c5[M]>,3<c5[M]>,3<c5[M]>,3<c5[M]>,3<c5[M]>,3<c5[M]>,3<c5[M]>,3<c5[M]>,3<c5[M]>,3<c5[M]>,3<c5[M]>,3<c5[M]>,3<c5[M]>,3<c5[M]>,3<c5[M]>,3<c5[M]>,3<c5[M]>,3<c5[M]>,3<c5[M]>,3<c5[M]>,3<c5[M]>,3<c5[M]>,3<c5[M]>,3<c5[M]>,3<c5[M]>,3<c5[M]>,3<c5[M]>,3<c5[M]>,3<c5[M]>,3<c5[M]>,3<c5[M]>,R,3<(b3.c5.c5.b4.a4~a3~a3~g3~g3~g3~f3~f3~f3~d3~d3~d3~d3~d3~d3~d3~d3~d3~d3~d3~d3~d3~d3~f3~f3~f3~f3~f3~f3~f3~f3~f3~f3~f3~f3~f3~f3~f3~f3~f3~f3~f3~f3~f3~f3~f3~f3~g3~g3~g3~g3~g3~g3~g3~g3~g3~g3~g3~g3~g3~g3~g3~g3~g3~g3~g3~g3~g3~g3~g3~g3~g3~g3~g3~g3~g3~g3~g3~g3~e3~e3~e3~e3~e3~e3~e3~e3~e3~e3~e3~e3~e3~e3~e3~e3~e3~e3~e3~e3~e3~e3~e3~e3~#f3~#f3~#f3~#f3~#f3~#f3~#f3~#f3~#f3~#f3~#f3~#f3~#f3~#f3~#f3~#f3~#f3~#f3~#f3~#f3~#f3~#f3~#f3~#f3~#f3~#f3~#f3~#f3~#d3~#d3~#d3~#d3~#d3~#d3~#d3~#d3~#d3~#d3~#d3~#d3~#d3~#d3~#d3~#d3~#d3~#d3~#d3~#d3~#d3~#d3~#d3~#d3~#d3~#d3~#d3~#d3~#d3~#d3~#d3~#d3~#d3~#d3~#d3~#d3~#d3~#d3~#d3~#d3~#d3~#d3~#d3~#d3~c3~c3~c3~c3~c3~c3~c3~c3~c3~c3~c3~c3~c3~c3~c3~c3~c3~c3~c3~c3~c3~c3~c3~c3~c3~c3~c3~c3~c3~c3~c3~c3~c3~c3~c3~c3~c3~c3~d3~d3~d3~d3~d3~d3~d3~d3~d3~d3~d3~d3~d3~d3~f3~f3~f3~f3~f3~f3~f3~f3~f3~f3~f3~f3~f3~f3~f3~f3~f3~f3~f3~f3~f3~f3~f3~f3~g3~g3~g3~g3~g3~g3~g3~g3~g3~g3~g3~g3~g3~g3~g3~g3~g3~g3~g3~g3~g3~g3~g3~g3~g3~g3~g3~g3~g3~g3~g3~g3~e3~e3~e3~e3~e3~e3~e3~e3~e3~e3~e3~e3~e3~e3~e3~e3~e3~e3~e3~e3~e3~e3~e3~e3~#f3~#f3~#f3~#f3~#f3~#f3~#f3~#f3~#f3~#f3~#f3~#f3~#f3~#f3~#f3~#f3~#f3~#f3~#f3~#f3~#f3~#f3~#f3~#f3~#f3~#f3~#f3~#f3~#d3~#d3~#d3~#d3~#d3~#d3~#d3~#d3~#d3~#d3~#d3~#d3~#d3~#d3~#d3~#d3~#d3~#d3~#d3~#d3~#d3~#d3~#d3~#d3~#d3~#d3~#d3~#d3~#d3~#d3~#d3~#d3~#d3~#d3~#d3~#d3~#d3~#d3~#d3~#d3~#d3~#d3~#d3~#d3~c3~c3~c3~c3~c3~c3~c3~c3~c3~c3~c3~c3~c3~c3~c3~c3~c3~c3~c3~c3~c3~c3~c3~c3~c3~c3~c3~c3~c3~c3~c3~c3~c3~c3~c3~c3~c3~c3~b2~b2~a2~a2~g2~g2~g2~f2~f2~f2~d3~d3~d3~d3~d3~d3~d3~d3~d3~d3~d3~d3~d3~d3~f3~f3~f3~f3~f3~f3~f3~f3~f3~f3~f3~f3~f3~f3~f3~f3~f3~f3~f3~f3~f3~f3~f3~f3~g3~g3~g3~g3~g3~g3~g3~g3~g3~g3~g3~g3~g3~g3~g3~g3~g3~g3~g3~g3~g3~g3~g3~g3~g3~g3~g3~g3~g3~g3~g3~g3~e3~e3~e3~e3~e3~e3~e3~e3~e3~e3~e3~e3~e3~e3~e3~e3~e3~e3~e3~e3~e3~e3~e3~e3~#f3~#f3~#f3~#f3~#f3~#f3~#f3~#f3~#f3~#f3~#f3~#f3~#f3~#f3~#f3~#f3~#f3~#f3~#f3~#f3~#f3~#f3~#f3~#f3~#f3~#f3~#f3~#f3~#d3~#d3~#d3~#d3~#d3~#d3~#d3~#d3~#d3~#d3~#d3~#d3~#d3~#d3~#d3~#d3~#d3~#d3~#d3~#d3~#d3~#d3~#d3~#d3~#d3~#d3~#d3~#d3~#d3~#d3~#d3~#d3~#d3~#d3~#d3~#d3~#d3~#d3~#d3~#d3~#d3~#d3~#d3~#d3~c3~c3~c3~c3~c3~c3~c3~c3~c3~c3~c3~c3~c3~c3~c3~c3~c3~c3~c3~c3~c3~c3~c3~c3~c3~c3~c3~c3~c3~c3~c3~c3~c3~c3~c3~c3~c3~c3~d3~d3~d3~d3~d3~d3~d3~d3~d3~d3~d3~d3~d3~d3~f3~f3~f3~f3~f3~f3~f3~f3~f3~f3~f3~f3~f3~f3~f3~f3~f3~f3~f3~f3~f3~f3~f3~f3~g3~g3~g3~g3~g3~g3~g3~g3~g3~g3~g3~g3~g3~g3~g3~g3~g3~g3~g3~g3~g3~g3~g3~g3~g3~g3~g3~g3~g3~g3~g3~g3~e3~e3~e3~e3~e3~e3~e3~e3~e3~e3~e3~e3~e3~e3~e3~e3~e3~e3~e3~e3~e3~e3~e3~e3~#f3~#f3~#f3~#f3~#f3~#f3~#f3~#f3~#f3~#f3~#f3~#f3~#f3~#f3~#f3~#f3~#f3~#f3~#f3~#f3~#f3~#f3~#f3~#f3~#f3~#f3~#f3~#f3~#d3~#d3~#d3~#d3~#d3~#d3~#d3~#d3~#d3~#d3~#d3~#d3~#d3~#d3~#d3~#d3~#d3~#d3~#d3~#d3~#d3~#d3~#d3~#d3~#d3~#d3~#d3~#d3~#d3~#d3~#d3~#d3~#d3~#d3~#d3~#d3~#d3~#d3~#d3~#d3~#d3~#d3~#d3~#d3~c3~c3~c3~c3~c3~c3~c3~c3~c3~c3~c3~c3~c3~c3~c3~c3~c3~c3~c3~c3~c3~c3~c3~c3~c3~c3~c3~c3~c3~c3~c3~c3~c3~c3~c3~c3~c3~c3~b2~b2~a2~a2~g2~g2~g2~f2~f2~f2~d3~d3~d3~d3~d3~d3~d3~d3~d3~d3~d3~d3~d3~d3~f3~f3~f3~f3~f3~f3~f3~f3~f3~f3~f3~f3~f3~f3~f3~f3~f3~f3~f3~f3~f3~f3~f3~f3~g3~g3~g3~g3~g3~g3~g3~g3~g3~g3~g3~g3~g3~g3~g3~g3~g3~g3~g3~g3~g3~g3~g3~g3~g3~g3~g3~g3~g3~g3~g3~g3~e3~e3~e3~e3~e3~e3~e3~e3~e3~e3~e3~e3~e3~e3~e3~e3~e3~e3~e3~e3~e3~e3~e3~e3~#f3~#f3~#f3~#f3~#f3~#f3~#f3~#f3~#f3~#f3~#f3~#f3~#f3~#f3~#f3~#f3~#f3~#f3~#f3~#f3~#f3~#f3~#f3~#f3~#f3~#f3~#f3~#f3~#d3~#d3~#d3~#d3~#d3~#d3~#d3~#d3~#d3~#d3~#d3~#d3~#d3~#d3~#d3~#d3~#d3~#d3~#d3~#d3~#d3~#d3~#d3~#d3~#d3~#d3~#d3~#d3~#d3~#d3~#d3~#d3~#d3~#d3~#d3~#d3~#d3~#d3~#d3~#d3~#d3~#d3~#d3~#d3~c3~c3~c3~c3~c3~c3~c3~c3~c3~c3~c3~c3~c3~c3~c3~c3~c3~c3~c3~c3~c3~c3~c3~c3~c3~c3~c3~c3~c3~c3~c3~c3~c3~c3~c3~c3~c3~c3~d3~d3~d3~d3~d3~d3~d3~d3~d3~d3~d3~d3~d3~d3~f3~f3~f3~f3~f3~f3~f3~f3~f3~f3~f3~f3~f3~f3~f3~f3~f3~f3~f3~f3~f3~f3~f3~f3~g3~g3~g3~g3~g3~g3~g3~g3~g3~g3~g3~g3~g3~g3~g3~g3~g3~g3~g3~g3~g3~g3~g3~g3~g3~g3~g3~g3~g3~g3~g3~g3~e3~e3~e3~e3~e3~e3~e3~e3~e3~e3~e3~e3~e3~e3~e3~e3~e3~e3~e3~e3~e3~e3~e3~e3~#f3~#f3~#f3~#f3~#f3~#f3~#f3~#f3~#f3~#f3~#f3~#f3~#f3~#f3~#f3~#f3~#f3~#f3~#f3~#f3~#f3~#f3~#f3~#f3~#f3~#f3~#f3~#f3~#d3~#d3~#d3~#d3~#d3~#d3~#d3~#d3~#d3~#d3~#d3~#d3~#d3~#d3~#d3~#d3~#d3~#d3~#d3~#d3~#d3~#d3~#d3~#d3~#d3~#d3~#d3~#d3~#d3~#d3~#d3~#d3~#d3~#d3~#d3~#d3~#d3~#d3~#d3~#d3~#d3~#d3~#d3~#d3~c3~c3~c3~c3~c3~c3~c3~c3~c3~c3~c3~c3~c3~c3~c3~c3~c3~c3~c3~c3~c3~c3~c3~c3~c3~c3~c3~c3~c3~c3~c3~c3~c3~c3~c3~c3~c3~c3~b2~b2~a2~a2~g2~g2~g2~f2~f2~f2)[IIIIIIIIIIIIIIII]>,QQ,8<(A-3~B-3~C-2~D-2~E-2~F-2~G-2~A-2~B-2~C-1~D-1~E-1~F-1~G-1~A-1~B-1~c~d~e~f~g~a~b~c1~d1~e1~f1~g1~a1~b1~c2~d2~e2~f2~g2~a2~b2~c3~d3~e3~f3~g3~a3~b3~c4~d4~e4~f4~g4~a4~b4~c5.f2.d3)[N],(#c1.#f2.#d3)[M]>,R,"]},{"id":3,"baseBeats":0.125,"scores":["3<c5[K]>,UV,(E-1.E-2.e1)[L],#f1[L],(E-2.E-1.g1)[MN],5<a1[O],b1[O]>,b1[L],b1[N],(E-2.E-1)[MN],(E-2.E-1.a1)[L],(E-2.E-1.a1)[L],(E-2.E-1.a1)[L],(E-2.E-1.a1)[L];(E-1.e.a1)[N],W,(E-2.E-1)[N],W,(E-1.e.a1)[N],W,(E-2.E-1)[N],W,(E-1.e.a1)[N],W,(E-2.E-1.a1)[N],W,(E-2.E-1.a1)[N],VW;(E-1.e.a1)[N],W,(E-2.E-1.a1)[N],W,(E-1.e.a1)[N],W,(E-2.E-1.a1)[N],W,(E-1.e.a1)[N],W,(E-2.E-1.a1)[N],W,(E-2.E-1.a1)[M],V;(E-1.e.a1)[N],W,(E-2.E-1)[N],W,(E-1.e.a1)[N],W,(E-2.E-1)[N],W,(E-1.e.a1)[N],W,(E-2.E-1)[N],W,(E-2.E-1.a1)[N];W,a1[N],W,(E-1.e.a1)[N],W,(E-2.E-1.a1)[N],W,(E-1.e.a1)[N],W,(E-2.E-1.a1)[N],W,(E-1.e.e2)[N],W,(E-2.E-1.e2)[N],W,(E-2.E-1.a1)[M],V;(E-1.e.a1)[N],W,(E-2.E-1)[N],W,(E-1.e.a1)[N],W,(E-2.E-1)[N],W,(E-1.e.a1)[N],W,(E-2.E-1.a1)[N],W,(E-2.E-1.a1)[N],VW;(E-1.e.a1)[N],W,(E-2.E-1.a1)[N],W,(E-1.e.a1)[N],W,(E-2.E-1.a1)[N],W,(E-1.e.a1)[N],W,(E-2.E-1.a1)[N],W,(E-2.E-1.a1)[M],V;(E-1.e.a1)[N],W,(E-2.E-1)[N],W,(E-1.e.a1)[N],W,(E-2.E-1)[N],W,(E-1.e.a1)[N],W,(E-2.E-1)[N],W,(E-2.E-1.a1)[N];W,a1[N],W,(E-1.e.a1)[N],W,(E-2.E-1.a1)[N],W,(E-1.e.a1)[N],W,(E-2.E-1.a1)[N],W,(E-1.e.e2)[N],W,(E-2.E-1.e2)[N],W,(E-2.E-1.a1)[M],V;(E-1.e.a1)[N],W,(E-2.E-1)[N],W,(E-1.e.a1)[N],W,(E-2.E-1)[N],W,(E-1.e.a1)[N],W,(E-2.E-1.a1)[N],W,(E-2.E-1.a1)[N],VW;(E-1.e.a1)[N],W,(E-2.E-1.a1)[N],W,(E-1.e.a1)[N],W,(E-2.E-1.a1)[N],W,(E-1.e.a1)[N],W,(E-2.E-1.a1)[N],W,(E-2.E-1.a1)[M],V;(E-1.e.a1)[N],W,(E-2.E-1)[N],W,(E-1.e.a1)[N],W,(E-2.E-1)[N],W,(E-1.e.a1)[N],W,(E-2.E-1)[N],W,(E-2.E-1.a1)[N],VW,(E-1.e.a1)[N],W,(E-2.E-1)[N],W,(E-1.e.a1)[N],W,(E-2.E-1.a1)[N],W,(E-1.e.a1)[N],W,(E-2.E-1.a1)[N],W,(E-2.E-1.a1)[M],V;(E-1.e.a1)[N],W,(E-2.E-1)[N],W,(E-1.e.a1)[N],W,(E-2.E-1)[N],W,(E-1.e.a1)[N],W,(E-2.E-1.a1)[N],W,(E-2.E-1.a1)[N],VW;(E-1.e.a1)[N],W,(E-2.E-1.a1)[N],W,(E-1.e.a1)[N],W,(E-2.E-1.a1)[N],W,(E-1.e.a1)[N],W,(E-2.E-1.a1)[N],W,(E-2.E-1.a1)[M],V;(E-1.e.a1)[N],W,(E-2.E-1)[N],W,(E-1.e.a1)[N],W,(E-2.E-1)[N],W,(E-1.e.a1)[N],W,(E-2.E-1)[N],W,(E-2.E-1.a1)[N];W,a1[N],W,(E-1.e.a1)[N],W,(E-2.E-1.a1)[N],W,(E-1.e.a1)[N],W,(E-2.E-1.a1)[N],W,(E-1.e.e2)[N],W,(E-2.E-1.e2)[N],W,(E-2.E-1.e1)[L],V,(E-2.E-1.e1)[M],V,(E-2.E-1.e1)[M],V,(E-2.E-1.e1)[M],(E-2.E-1.e1)[L],V,(E-2.E-1.e1)[M],V,(E-2.E-1.e1)[M],(E-2.E-1.e2)[M],(E-2.E-1.e2)[M];(E-2.E-1.e1)[L],V,(E-2.E-1.e1)[M],V,(E-1.E-2.e1)[M],V,(E-2.E-1.e1)[M];(E-2.E-1)[M],(e1.E-1.E-2)[M],V,(e1.E-2.E-1)[M],V,(E-1.E-2.e1)[M],V,(E-2.E-1.e1)[M];(E-1.E-2.e1)[L],V,(E-2.E-1.e1)[M],V,(e1.E-1.E-2)[M],V,(E-2.E-1.e1)[M],(E-1.E-2.e1)[L],V,(E-2.E-1.e1)[M],V,(e1.E-2.E-1)[M],(E-2.E-1.e2)[M],(E-2.E-1.e2)[M];(E-1.E-2.e1)[L],V,(E-2.E-1.e1)[M],V,(E-2.E-1.e1)[M],V,(E-2.E-1.e1)[M];(E-2.E-1.e2)[M],V,(E-1.E-2.e2)[M],V,(E-2.E-1.e2)[M],V,(E-2.E-1.e2)[M],3<(E-2.E-1.e.e1)[M]>,U,(#a2.b2.c3.#c3.d3.#d3.e3)[MO],3<a1[P],#c2[P],b1[P],#d2[P],e2[P],#g2[P],c3[P],e3[P]>,T;"]}]}