{"baseBpm":360,"musics":[{"bpm":360,"baseBeats":1,"scores":["c[JK],(g.e1)[JK],(a.f1)[JK],(f.a1.c1)[JK],(e.g1)[JK],(a.c1)[JK],(d.f1)[JK],(g.b)[KL],g1[KL],(c.c1.e1)[JK],(g1.c1.e2)[JK],(a1.f2)[JK],(f1.a2.c2)[JK],(e1.g2)[JK],(a1.c2)[JK],(d1.f2)[JK],(g1.b1)[KL],g2[KL],(c1.c2.e2)[JK],(b.g1)[JK],(a.c2)[JK],(d1.#f1)[KL],d2[KL],(g.g1.b1)[JK],B-1[JK],c[JK],(e.g.a.#c1)[JK],(d.#f.d1)[JK],(d1.c1.a1.#f1)[JK],(b.d2.g1)[JK],(a.d1.#f1.c2)[JK],(g.g1.b1)[JK],b1[JK],c2[JK],(g1.#c2.e2.a1)[JK],#f1[JK],(b.d1)[JK],(e.g1)[JK],(a.#c1)[KL],a1[KL],(d.d1.#f1)[JK],(#c.a1.e1)[JK],(B-1.d2)[JK],(E-1.#g1)[KL],e2[KL],(A-1.a1.#c2)[JK],(#G-1.b1.e2)[JK],(#F-1.a2)[JKN],(B-1.#d2)[KLN],b2[KLM],(E-1.#g2.e2)[JKLN],#g[JK],a[JK],#c1[JK],b[JK],(B-1.#g1.e1)[JK],(#c.a1)[JK],(A-1.#d1.#f1.#c2)[JK],(#G-1.e1.b1)[JK],(#c.#c1.f1)[JK],(#F-1.#a1.e1)[JK],(B-1.b.a1.#d1)[JK],(E-1.e1.#g1)[JK],(e.#a.#c1)[JK],(#d.g1)[JK],(#G-1.#g.c1.#f1)[JK],(#c.#c1.e1)[JK],(#g.e.B-1.#c1)[JK],(#c1.#c.#A-1.#f1)[JKN],(#F-1.#a.#f)[KLN],e1[KLN],(B-1.b.#d1)[JKM],(#f1.#d2.b1)[JK],(#g1.e2)[JK],(e1.#g2.b1)[JK],(#d1.#f2)[JK],(#g1.b1)[JK],(#c1.e2)[JK],(#a1.#f1)[KL],#f2[KL],(b.b1.#d2)[JK],(#a.#f1.#f2)[JK],(#g.b1)[JK],(#c1.f2)[KL],#c2[KL],(#f.#a1.#f2)[JK],(f.#c1)[JK],(#d.#f1)[JK],(#g.c1)[KL],#g1[KL],(#c.#c1.f1)[JK],(F-1.#C-1.#c.#g.#c1)[JK],(#F-1.#a)[JK],(#A-1.#C-1.#f.#c1)[JK],(#G-1.f)[JK],(#G-1.#c.f.#c1)[JK],(#A-1.#f)[JK],(#F-1.#c.#a.#c1)[JK],(F-1.#g)[JK],(#c.#g.f1.#c1)[JK],(#a.#f1)[JKN],(#f.#a1.#d1)[JKM],(c.a1)[JKMN],a1[JK],(#A-1.#f.#a1.#d1)[JK],#c2[JK],(A-1.c2)[JKN],(A-1.#f.c1.#d1)[JKN],(#A-1.#c1)[JK],"],"id":1},{"bpm":360,"baseBeats":1,"scores":["(#c.#f.#a.#d1)[JK],(c.a)[JKN],(c.#f.a)[JK],(#c.#a)[JKN],(e.#A-1.#c1)[JK],(f.A-1.c1)[JK],(f.#G-1.#a.d1)[JKN],(g.G-1.#d1)[JKN],(#a.#f.#D-1.#d.#c1)[JKM],(#G-1.c1)[JKM],c[KL],e1[KLN],#c[KL],f1[KL],f[KL],#c1[KLN],#d[KL],b[KL],c1[KL],e[KL],#c1[KL],f[KLN],f1[KL],g[KL],#d1[KL],#g[KLN],(#g.c2)[KL],(#d1.#f1)[KL],#c2[KL],(#c1.f1)[KL],f2[KL],(#a.g1)[KLN],(#g.#d2)[KL],(#d1.c1)[KL],#g1[KL],f[KLN],#c2[KL],#g[KL],g1[KL],(#d.#d2)[KL],(#g1.c2)[KL],#g[KLN],#d2[KL],(g.#d1)[KL],f[KLN],#g1[KL],(#A-1.d2)[KL],#a1[KL],(g1.#d2)[KL],#d[KL],#a1[KLN],(d.f1)[KL],#d2[KLN],(c.#a1)[KL],a1[KLN],(F-1.f2)[KLN],(#A-1.#a1.d2)[JKM],d[JK],#d[JK],(g.#a.#d1)[JK],(#f.a.d1)[JK],(f.d1.#g.#a)[JK],(#d.g.#d1)[JK],(c.a.#d1.g1)[JK],(d.b.d1.f1)[JK],(G-1.g.#a.f1)[JK],(c.#a.e1)[JK],(F-1.f.a.#d1)[JK],(#A-1.#a.d1)[JK],(c.A-1.c1.f1)[JK],(f.G-1.d1.#a1)[JKN],(c.g.e1)[KLN],c2[KLM],(F-1.f.f1.a1)[JKM],a1[JK],#a1[JK],(f1.a1.d2)[JK],(e1.g1.c2)[JK],(d1.f1)[JK],g1[JK],(#c1.#a1.e1)[JK],(c1.a1)[JK],(#a.d1)[JK],e1[JK],(a.#c1.g1)[JK],(#g.d1.f1)[JK],(A-1.g.#c1)[JK],(#A-1.f.d1)[JK],(d.f.#g)[JK],(#c.e.a)[JK],a1[JK],#a1[JK],(f1.d2.g1.#a1)[JK],(e1.#c2)[JK],(e.#c1.#a1)[JK],(f.d1.a1)[JK],(a.c1.#d1)[JK],(#g.b.e1)[JK],e1[JK],f1[JK],(a1.f2.b1.d2)[JK],(#g1.e2)[JK],(g1.#c2.e2.a2)[JK],(#f1.c2.d2)[JK],(f1.g1.b1.d2.g2)[JKMN],(e1.g1.c2)[JKM],(g.c.e1)[JK],(a.f1)[JK],(f.a1.c1)[JK],(e.g1)[JK],(a.c1)[JK],(d.f1)[JK],(g.b)[KL],g1[KL],(c.c1.e1)[JK],(g1.c1.e2)[JK],(a1.f2)[JK],(f1.a2.c2)[JK],(e1.g2)[JK],(a1.c2)[JK],(d1.f2)[JK],(g1.b1)[KL],g2[KL],(c1.c2.e2)[JK],(e1.g1)[JK],(a.c2)[JK],(d1.#f1)[KL],d2[KL],(g.g1.b1)[JK],(b.d1.d2)[JK],(e.g1)[JK],(a.#c2)[KL],a1[KL],(d.#f1.d2)[JK],(e.A-1.a)[JK],(B-1.#f.d1)[JK],(#G-1.e.b)[KL],e1[KL],(A-1.e.a.#c1)[JK],"],"id":2},{"bpm":360,"baseBeats":1,"scores":["(#G-1.e1)[KL],B-1[KL],(A-1.#f1)[KL],#c[KL],(B-1.#d1.#f1)[KL],A-1[KL],(#G-1.e1.#g1)[KL],E-1[KL],(#d.b1)[KL],#f[KL],(e.#c2)[KL],#g[KL],(#f.#a1.#c2)[KL],e[KL],(#d.b1.#d2)[KL],B-1[KL],(#A-1.#c.#f1)[KL],#c2[KL],(#G-1.#d.b1)[KL],#d2[KL],(#c.f.#c2.#g1)[KL],b1[KL],(#F-1.#f.#a1.#c1)[KL],#f1[KL],(f.#c2)[KL],#g1[KL],(#d.#f1)[KL],#a1[KL],(#g.#g1.c2)[KL],#f1[KL],(#c.f1.#c2)[KL],#c1[KL],(c.#g1)[KL],#d[KL],(#c.#a1)[KL],f[KL],(#d.g1.#a1)[KL],#c[KL],(c.#g1.c2)[KL],#G-1[KL],(G-1.#a)[KL],#d1[KL],(#G-1.#g.c1)[KL],f1[KL],(#A-1.f.d1)[KL],#g1[KL],(#D-1.#d.g1)[KL],#d1[KL],(d.f1)[KL],#a1[KL],(#d.#d1.g1)[KL],c2[KL],(f.c1.a1)[KL],#d2[KL],(#A-1.#a.d2)[KL],#a1[KL],(A-1.c2.c1)[KL],f[KL],(#A-1.#a1.d1)[KL],g[KL],(c.g1.e1)[KL],#a[KL],(a.f1.a1)[KL],f[KL],(e.g2.g1)[KL],c1[KL],(f.f2.a1)[KL],d1[KL],(g.d2.b1)[KL],f1[KL],(e1.c2.e2)[KL],c1[KL],(e.g2.g1)[KLN],c1[KL],(f.f2.a1)[KL],d1[KLN],(g.d2.b1)[KLMN],f1[JN],(#g.#d1.c2)[HHIKMN],G-1[JK],#G-1[JKN],c[JK],B-1[JKN],(#g.d1)[JK],(g.c.#d1)[JK],(#d.g1)[JKN],#f1[JK],(c1.d1.#f2.a1)[JKN],(#a.g2.#a1)[JK],(d1.g.#a2.#a1)[JK],(#c1.e2.a1)[JKN],(#f.c1.d1.a1.a2)[JK],(f.b.g1.d2)[JKN],(e.c1.#a.g1.g2)[JK],(f1.a.f.c2)[JK],(g.d1.f2.b1)[JKN],(c1.a.c2.e2)[JKN],(E-1.g1.#a1.#c2)[JK],(F-1.f1.a1.d2)[JK],(G-1.d1.f1.b1)[JK],(#G-1.c1.#d1.c2)[JKM],(A-1.c1.d1.#f1)[JKM],(G-1.g1.e1.c1.g)[IJL],(d.f.g.b)[JKL],G-1[JKMN],(C-1.c.e.g.c1)[JKN],(G-1.e.c1)[JKN],(A-1.f)[JKN],(F-1.a.c1)[JKM],(E-1.g)[JKN],(c.e.c1.g1)[JKN],(f.#g1)[JKM],(#g.b.f1)[JKN],(g.c1.e1)[JKN],(#a.e2.c2)[JKM],(a.f2)[JKM],(f.b.d2.a2)[JKMN],(e.c1.g2.e2)[IJLM],(A-1.#c.e.a.e1.g1.a1.#c2.e2)[IJLMN],(D-1.F-1.A-1.d.f1.a1.d2.f2)[IJKN],(G-1.B-1.d.g.b.d1.f1.g1.b1)[HK],(C-1.E-1.G-1.c.c1.e1.g1.c2)[HHHHHHJKLM],"],"id":3}],"audition":{"start":[0,0],"end":[1,0]}}