{"baseBpm":360,"musics":[{"bpm":360,"baseBeats":1,"scores":["ST,RS,mute[K],mute[K],mute[K],ST,ST,ST,mute[K],mute[K],mute[K],ST,ST,ST,ST,ST,ST,ST,ST,ST,ST,ST,TU,TU,ST,ST,ST,TU,TU,ST,ST,ST,TU,TU,ST,ST,ST,TU,TU,ST,ST,ST,mute[K],mute[K],mute[K],ST,ST,ST,mute[K],mute[K],mute[K],ST,TU,TU,ST,mute[K],mute[K],mute[K],ST,TU,TU,ST,mute[K],mute[K],mute[K],TU,TU,TU,TU,TU,TU,TU,TU,TU,TU,TU,TU,TU,TU,TU,TU,TU,TU,TU,TU,TU,TU,TU,TU,TU,TU,TU,TU,TU,TU,TU,TU,TU,TU,TU,TU,TU,TU,TU,TU,TU,TU,TU,TU,TU,TU,TU,TU,TU,TU,TU,TU,TU,TU,mute[K],mute[K],mute[K],ST,TU,TU,ST,mute[K],mute[K],mute[K],ST,ST,ST,mute[K],mute[K],mute[K],ST,ST,ST,mute[K],mute[K],mute[K],ST,ST,ST,mute[K],mute[K],mute[K],ST,ST,ST,mute[K],mute[K],mute[K],ST,S,mute[K],ST,mute[K],mute[K],mute[K],TU,TU,ST,mute[K],mute[K],mute[K],mute[K],mute[K],mute[K],mute[K],mute[K],mute[K],mute[K],mute[K],mute[K],ST,mute[K],mute[K],mute[K],TU,TU,TU,TU,TU,TU,mute[K],mute[K],mute[K],TU,TU,TU,TU,TU,TU,mute[K],mute[K],mute[K],TU,TU,mute[K],mute[K],mute[K],TU,TU,mute[K],mute[K],mute[K],TU,TU,TU,TU,TU,TU,mute[K],mute[K],mute[K],TU,TU,TU,TU,TU,TU,mute[K],mute[K],mute[K],TU,TU,TU,TU,TU,TU,mute[K],mute[K],mute[K],TU,TU,TU,TU,TU,TU,mute[K],mute[K],mute[K],TU,TU,TU,TU,TU,TU,TU,TU,TU,TU,TU,TU,TU,TU,mute[K],mute[K],mute[K],TU,TU,TU,TU,TU,TU,TU,TU,ST,ST,ST,ST,ST,ST,ST,ST,ST,ST,ST,","c1[JK],e1[IJ],f1[LM],e1[LM],d1[LM],c1[LM],(g.g1.G-1)[JK],B-1[JK],(f1.g.d1)[JK],c[LM],B-1[LM],A-1[LM],G-1[LM],(g.c1.c)[JK],e1[JK],(d1.a.f1)[JK],(#f1.c)[JK],(g1.B-1.g)[JK],d1[JK],(#d1.#A-1.c)[JK],(g1.e1)[JK],(c1.A-1)[JK],(f1.A-1)[JK],(d1.#A-1)[JK],(g1.g.B-1)[KL],f1[KL],(c1.e1.c)[JK],(c.a.F-1)[JK],(#c.#a)[JK],(g.d.b.G-1)[KL],F-1[KL],(e.c1.E-1)[JK],(d.b.G-1)[JK],(#d.c1)[JK],(e.a.#c1.A-1)[KL],G-1[KL],(f.d1.F-1)[JK],(g.#c1.E-1)[JK],(a.F-1)[JK],(d1.#F-1.d)[KL],c1[KL],(g.b.G-1)[JK],B-1[JK],g[JK],c[LM],B-1[LM],A-1[LM],G-1[LM],A-1[JK],c1[JK],d[JK],d1[LM],c1[LM],b[LM],a[LM],(g1.b)[JK],b1[KL],#d[KL],(g1.e)[JK],(c2.c1)[LM],b1[LM],a1[LM],g1[LM],a1[JK],c2[KL],f[KL],(a1.#f)[JK],(d2.d1)[LM],c2[LM],b1[LM],a1[LM],(b1.g)[KL],a[KL],g[KL],(#d2.#f)[KL],(e2.e)[KL],d[KL],c[KL],(#g1.B-1)[KL],(a1.c)[KL],#g[KL],a[KL],(#c2.g)[KL],(d2.#f)[KL],e[KL],d[KL],(#f1.c1)[KL],(g1.b)[KL],#c1[KL],d1[KL],(#f2.c1)[KL],(g2.b)[KL],a[KL],g[KL],(b1.f1)[KL],(c2.e1)[KL],g1[KL],(b1.d1)[KL],(#g2.f1)[KL],(a1.a2.#c1)[KL],e1[KL],d1[KL],(#g1.f1)[KL],(e2.a1.#c1)[KL],e1[KL],(#g1.b)[KL],(f2.d1)[KL],(#f1.#f2.#a)[KL],#c1[KL],b[KL],(f1.d1)[KL],(#c2.#f1.#a)[KL],#c1[KL],a[KL],(#d2.c1)[KL],(e2.e1.#g)[KL],b[KL],g[KL],(c2.#a)[KL],(d2.d1.#f)[KL],a[KL],(#f1.d)[KL],#f[KL],B-1[KL],d[KL],g1[LM],#f1[LM],(e1.#G-1)[LM],d1[LM],(a1.A-1)[JK],#c[KL],a[KL],g1[JK],(e1.d)[LM],#c[LM],B-1[LM],A-1[LM],(#c1.#A-1)[JK],(#f1.d1.B-1)[JK],g1[JK],(e1.#g1.e)[LM],d[LM],c[LM],B-1[LM],(a1.c)[JK],(#g1.e1.#c)[JK],a1[JK],(#f1.#a1.#f)[LM],e[LM],d[LM],#c[LM],(b1.d)[JK],(#f1.b1.#d)[JK],(g1.e)[JK],(#c2.#g1.f)[LM],b1[LM],a1[LM],#g1[LM],(a1.#f)[JK],(b.d2.g)[JK],(e1.#g)[JK],(e2.#c1.a)[LM],d2[LM],#c2[LM],b1[LM],(#f1.#c2.#a)[JK],(#f2.d2.b)[KL],#c1[LM],d1[LM],(g2.e1)[JK],(e2.#g2)[LM],d2[LM],#c2[LM],b1[LM],(#c2.a2)[KL],f1[KL],(#f1.a1.d2)[JK],(g1.#a1)[JK],(e2.#g1.b1.e)[LM],d2[LM],#c2[LM],b1[LM],(#c2.#c1.f)[LM],b[LM],a[LM],#g[LM],(#c2.d1.#f.a)[LM],b1[LM],a1[LM],#g1[LM],(a1.#d1)[JK],(e1.b1.#g)[LM],d1[LM],#c1[LM],b[LM],(#c1.e1.a)[KL],#f[KL],#c1[KL],e[KL],d[KL],#c[KL],(d1.B-1)[LM],#c1[LM],(b.A-1)[LM],a[LM],(e1.#G-1)[KL],B-1[KL],(#g1.#c)[KL],#d[KL],e[KL],#f[KL],(a1.e)[LM],#g1[LM],(#f1.d)[LM],e1[LM],(a1.#c)[KL],e[KL],A-1[LM],#g1[LM],(#f1.#c)[LM],e1[LM],(#d1.#F-1)[KL],A-1[KL],#D-1[LM],#c1[LM],(b.#F-1)[LM],a[LM],(#g.E-1)[KL],e1[KL],(#d1.#g)[KL],#c1[KL],b[KL],#a[KL],(b.a)[LM],(#c1.#g)[LM],(#d1.#f)[LM],(e1.e)[LM],(#f1.#d)[KL],#g1[KL],(#f1.b)[KL],e1[KL],#d1[KL],#c1[KL],(#d1.#c1)[LM],(f1.b)[LM],(#f1.a)[LM],(#g1.#g)[LM],(a1.#f)[KL],#c2[KL],(b1.e1)[KL],a1[KL],#g1[KL],#f1[KL],(#g1.#f1)[LM],(#a1.e1)[LM],(b1.#d1)[LM],(#c2.#c1)[LM],(#d2.b)[KL],B-1[KL],(#d1.#c)[KL],#d[KL],e[KL],f[KL],(e1.#f)[LM],#d1[LM],(#c1.g)[LM],b[LM],(e1.#g)[KL],a[KL],(e1.#f1.#a)[KL],#f[KL],(#d1.b)[KL],#a[KL],(#g1.b)[KL],f[KL],(#a.#c1.#f)[KL],#F-1[KL],(#a1.#G-1)[KL],#A-1[KL],B-1[KL],c[KL],(b1.#c)[LM],#a1[LM],(#g1.d)[LM],#f1[LM],(b1.#d)[KL],e[KL],(b1.#c2.f)[KL],#c[KL],(#a1.#f)[KL],f[KL],(#d2.#f1.#f)[KL],c[KL],(f1.#g1.#c)[JK],(f2.#c2.b)[JK],(#f2.#a)[JK],(c2.#a2.#f.#c)[JK],(#c2.f)[JK],(d2.#g2.b.f)[JK],(#d2.#f.#a)[JK],(#f2.#g1.#d.c1.#c)[JK],(f2.#c1.f)[JK],(f1.b1.d.#g)[JK],(#a1.#f1.#d.#f)[JK],"],"id":1},{"bpm":360,"baseBeats":1,"scores":["ST,ST,ST,ST,ST,ST,ST,ST,mute[K],mute[K],mute[K],ST,TU,TU,ST,ST,ST,ST,ST,mute[K],mute[K],mute[K],ST,TU,TU,ST,ST,ST,ST,ST,mute[K],mute[K],mute[K],ST,TU,TU,ST,TU,TU,ST,TU,TU,ST,TU,TU,ST,TU,TU,ST,TU,TU,ST,TU,TU,ST,TU,TU,ST,TU,TU,ST,TU,TU,ST,TU,TU,ST,TU,TU,ST,TU,TU,ST,TU,TU,ST,TU,TU,ST,ST,ST,TU,TU,ST,TU,TU,ST,TU,TU,ST,TU,TU,ST,TU,TU,ST,TU,TU,TU,TU,TU,TU,TU,TU,mute[K],mute[K],mute[K],TU,TU,TU,TU,TU,TU,TU,TU,TU,TU,TU,TU,TU,TU,mute[K],mute[K],mute[K],TU,TU,TU,TU,TU,TU,TU,TU,ST,TU,TU,ST,TU,TU,ST,TU,TU,ST,TU,TU,ST,TU,TU,ST,TU,TU,ST,TU,TU,ST,ST,ST,TU,TU,ST,ST,ST,TU,TU,ST,ST,ST,ST,ST,mute[K],mute[K],mute[K],mute[K],mute[K],mute[K],mute[K],mute[K],mute[K],mute[K],mute[K],mute[K],mute[K],mute[K],mute[K],mute[K],mute[K],mute[K],mute[K],mute[K],mute[K],mute[K],mute[K],mute[K],mute[K],mute[K],mute[K],mute[K],mute[K],mute[K],mute[K],mute[K],mute[K],mute[K],mute[K],mute[K],mute[K],mute[K],mute[K],mute[K],mute[K],mute[K],mute[K],mute[K],mute[K],mute[K],mute[K],mute[K],mute[K],mute[K],mute[K],mute[K],mute[K],mute[K],mute[K],mute[K],mute[K],mute[K],mute[K],mute[K],mute[K],mute[K],mute[K],mute[K],mute[K],mute[K],mute[K],mute[K],mute[K],mute[K],mute[K],mute[K],mute[K],mute[K],mute[K],mute[K],mute[K],mute[K],mute[K],mute[K],mute[K],mute[K],mute[K],mute[K],mute[K],mute[K],mute[K],mute[K],mute[K],mute[K],mute[K],mute[K],mute[K],mute[K],mute[K],mute[K],mute[K],mute[K],mute[K],mute[K],mute[K],mute[K],mute[K],mute[K],mute[K],mute[K],mute[K],mute[K],mute[K],mute[K],mute[K],mute[K],mute[K],mute[K],mute[K],mute[K],mute[K],mute[K],mute[K],mute[K],mute[K],mute[K],mute[K],mute[K],mute[K],mute[K],mute[K],mute[K],mute[K],mute[K],mute[K],mute[K],mute[K],mute[K],mute[K],mute[K],mute[K],mute[K],mute[K],mute[K],mute[K],mute[K],mute[K],mute[K],mute[K],mute[K],mute[K],ST,mute[K],mute[K],mute[K],ST,mute[K],mute[K],mute[K],ST,mute[K],mute[K],mute[K],ST,mute[K],mute[K],mute[K],ST,mute[K],mute[K],mute[K],ST,mute[K],mute[K],mute[K],ST,ST,ST,mute[K],mute[K],mute[K],ST,mute[K],mute[K],mute[K],ST,mute[K],mute[K],mute[K],ST,mute[K],mute[K],mute[K],ST,mute[K],mute[K],mute[K],ST,mute[K],mute[K],mute[K],mute[K],mute[K],mute[K],mute[K],mute[K],mute[K],mute[K],mute[K],mute[K],mute[K],mute[K],mute[K],mute[K],mute[K],mute[K],mute[K],mute[K],mute[K],mute[K],mute[K],mute[K],mute[K],mute[K],mute[K],STW,STV,TU,TU,TU,TU,TU,TU,TU,TU,TU,TU,TU,TU,TU,TU,TU,TU,TU,TU,TU,TU,TU,TU,TU,TU,TU,TU,TU,TU,TU,TU,TU,TU,TU,TU,TU,TU,TU,TU,TU,TU,TU,TU,TU,TU,TU,TU,TU,TU,TU,TU,TU,TU,TU,TU,TU,TU,ST,mute[K],mute[K],mute[K],ST,mute[K],mute[K],mute[K],TU,","(#d1.a1.c.#f)[JK],(#g1.f1.#c.f)[JK],(b.d1.f1.#G-1)[JK],(#a.#d1.#f1.#F-1)[JK],(a.c1.#d1.#f)[JK],(#g.#c1.f1.F-1.f)[JK],(f1.#C-1)[JK],#c[JK],(#f1.#g)[LM],f1[LM],#d1[LM],#c1[LM],(#d1.#f.#a)[JK],f1[KL],#f1[KL],(#g1.c.#d.#g)[JK],#f1[JK],(f1.#c.#g.B-1)[JK],#c1[JK],(#f1.#A-1)[JK],#d1[LM],#c1[LM],b[LM],#a[LM],(#g1.b.#G-1.#d)[JK],#a1[KL],(b1.#F-1)[KL],(#c2.#g1.F-1.#c)[JK],b1[JK],(#c1.#a1.E-1.#F-1)[JK],#f1[JK],(c2.#D-1.#G-1)[JK],#g1[LM],#f1[LM],e1[LM],#d1[LM],(e1.#c2.#C-1.#c)[JK],(#f1.#d2)[KL],(#g1.e2)[KL],(a1.#f2.C-1.c)[JK],(#C-1.#c)[KL],(#D-1.#d)[KL],(E-1.e)[JK],(#g1.e2)[KL],(#f1.#d2)[KL],(e1.#c2)[JK],(#F-1.#f)[KL],(G-1.g)[KL],(#G-1.#g)[JK],(#d1.c2)[KL],(#c1.#a1)[KL],(c1.#g1)[JK],(#c1.#f1.#A-1.#a)[KL],(#d1.c.c1)[KL],(#c.#g)[JK],(e1.#d)[KL],e[KL],(#f.a)[JK],(d1.b)[KL],#c1[KL],a1[JK],(b1.d1.#f.a)[KL],#c2[KL],d2[JK],(e1.g.b)[KL],(#f1.#f.a)[KL],(g1.e.g)[JK],(#c2.a)[KL],(b1.d.b)[KL],(e1.a1.#c.#c1)[JK],(g1.#c1.B-1.d)[KL],e[KL],(#f1.#A-1.#f)[JK],d1[KL],e1[KL],(d1.B-1)[JK],(g1.c)[KL],d[KL],(c1.A-1.e)[JK],(#f1.#f)[KL],(e1.G-1.g)[KL],(d1.a.#F-1)[JK],(b.d)[JK],(b.g.F-1)[JK],#d[KL],f[KL],(c1.g.#d.#D-1)[JK],d1[KL],#d1[KL],(f1.c1.f.#d)[JK],g1[KL],a1[KL],(#a.f1.#a1.#c)[JK],(c1.#d)[KL],(#c1.f)[KL],(#d1.#f.#a)[JK],c2[KL],#c2[KL],(#d2.#g1.c1)[JK],#g[KL],#f[KL],(f2.f.#c1)[KL],#C-1[KL],(f1.#D-1)[KL],F-1[KL],#F-1[KL],G-1[KL],(#f1.#G-1)[LM],f1[LM],(#d1.A-1)[LM],#c1[LM],(#f1.#A-1)[KL],B-1[KL],(#f1.#g1.c)[KL],#G-1[KL],(f1.#c)[KL],c[KL],(#a1.#c1.#c)[KL],G-1[KL],(#d1.#G-1)[KL],#G-1[KL],(b.#A-1)[KL],B-1[KL],#c[KL],d[KL],(#c1.#d)[LM],b[LM],(#a.e)[LM],#g[LM],(#c1.f)[KL],#f[KL],(#c1.#d1.g)[KL],#d[KL],(b.#g)[KL],#f[KL],(f1.#a.#g)[KL],d[KL],(#a.#d)[JK],c1[KL],d1[KL],(g.#d1.#a.#D-1)[JK],F-1[KL],G-1[KL],(b.f.#G-1)[JK],f1[KL],#d1[KL],(#a.#c1.f)[JK],#A-1[KL],B-1[KL],#c[JK],(#a.#c1.e)[KL],(#g.b)[KL],(g.#a)[JK],(g.#a.#d1.#d)[KL],#c[KL],(#g.B-1)[JK],(f1.#c1.#A-1.#d)[KL],g1[KL],(#g1.b.#G-1)[JK],(#a1.#a.d.F-1)[JK],(g1.#D-1.#d)[JK],(#c1.f.#d)[KL],g[KL],(c1.#g)[JK],(f1.d.#g.#a)[JK],(g.#a.#c)[JK],(#d1.#c.c)[KL],#d[KL],(d1.f.#A-1)[JK],(g.#c1.#D-1)[JK],(#g.c1.#G-1)[JK],c[JK],#g[JK],#c[LM],c[LM],#A-1[LM],#G-1[LM],#A-1[JK],#c1[JK],#d[JK],#d1[LM],#c1[LM],c1[LM],#a[LM],(#g1.c1)[JK],c2[KL],e[KL],(#g1.f)[JK],(#c2.#c1)[LM],c2[LM],#a1[LM],#g1[LM],#a1[JK],#c2[KL],#f[KL],(#a1.g)[JK],(#d2.#d1)[LM],#c2[LM],c2[LM],#a1[LM],(c2.#g)[LM],#c1[LM],c1[LM],b[LM],(c1.e)[LM],#a1[LM],#g1[LM],g1[LM],(#g1.f)[LM],#a[LM],#g[LM],g[LM],(#g.c)[LM],g1[LM],f1[LM],e1[LM],(f1.c)[LM],g[LM],f[LM],e[LM],(f1.f.A-1)[LM],#d[LM],#c[LM],#c[LM],(#c.#A-1)[LM],#d1[LM],#c1[LM],c1[LM],(#a.#c)[LM],(f1.c1)[LM],(g1.#a)[LM],(#g1.#g.#a)[LM],(#a1.g.#d)[LM],#g1[LM],g1[LM],f1[LM],(g1.g)[LM],f1[LM],#d1[LM],d1[LM],#d1[LM],d1[LM],c1[LM],#a[LM],#g[LM],g[LM],f[LM],#d[LM],(#g2.f)[LM],g2[LM],f2[LM],e2[LM],(f2.#g)[LM],#d2[LM],d2[LM],#c2[LM],d2[LM],c2[LM],#a1[LM],#g1[LM],#a[LM],#g[LM],g[LM],f[LM],(#a2.g)[LM],#g2[LM],g2[LM],f2[LM],(g2.#a)[LM],f2[LM],#d2[LM],d2[LM],#d2[LM],d2[LM],c2[LM],#a1[LM],c1[LM],#a[LM],#g[LM],g[LM],(c2.#g)[LM],#a1[LM],#g1[LM],g1[LM],(f1.a)[LM],#d1[LM],d1[LM],#c1[LM],(d1.#a)[LM],#f1[LM],g1[LM],#g1[LM],(g1.b)[LM],f1[LM],#d1[LM],d1[LM],(c1.c)[LM],#A-1[LM],#G-1[LM],G-1[LM],(#d.g.c1.#d1.#G-1)[LM],G-1[LM],F-1[LM],#D-1[LM],F-1[LM],#D-1[LM],D-1[LM],C-1[LM],(f1.c1.g.#d)[LM],#d1[LM],d1[LM],c1[LM],(#g.d1.f)[LM],#d[LM],d[LM],c[LM],(#g.#a.d1.d)[LM],c[LM],#A-1[LM],#G-1[LM],#A-1[LM],#G-1[LM],G-1[LM],F-1[LM],(g1.d1.#g.f)[LM],f1[LM],#d1[LM],d1[LM],(#a.#d1.g)[LM],f[LM],#d[LM],d[LM],(g.#a.#d1.g1.#d)[LM],d[LM],c[LM],#A-1[LM],c[LM],#A-1[LM],#G-1[LM],G-1[LM],(#d1.#g1.#a.g)[LM],g1[LM],f1[LM],#d1[LM],(c1.f1.#g)[JK],(f2.f1.#d1.a)[LM],#d2[LM],d2[LM],#c2[LM],(d2.d1.#a)[JK],(d1.g1.B-1.b)[LM],f1[LM],#d1[LM],d1[LM],(#d1.c.c1)[JK],(#d2.f1.d.#g)[LM],d2[LM],c2[LM],b1[LM],(c2.g1.#d.g)[JK],(c2.c1.e.#a)[LM],#a1[LM],#g1[LM],g1[LM],(#g1.f.#g)[JK],(#g1.#a.#c.G-1)[LM],g1[LM],f1[LM],e1[LM],(f1.c1.#G-1.c)[JK],(f2.f1.#G-1.#d)[LM],#d2[LM],d2[LM],#c2[LM],(d2.#A-1.d)[JK],d1[JK],f1[JK],(#a1.#d1)[LM],d1[LM],c1[LM],#a[LM],c1[JK],(c2.#d1)[LM],#a1[LM],a1[LM],g1[LM],a1[JK],(c2.f1)[LM],#d1[LM],d1[LM],c1[LM],d1[JK],(d2.f1)[LM],c2[LM],#a1[LM],a1[LM],(#a1.d1.#A-1)[JK],(c1.d)[LM],a1[LM],g1[LM],#f1[LM],(g1.#a)[JK],(#d1.#d)[LM],d[LM],(a1.c)[LM],(#a1.#A-1)[LM],(c2.A-1)[JK],(#d1.c)[LM],#a1[LM],a1[LM],g1[LM],#f1[LM],d1[LM],c1[LM],#a[LM],(a.d)[LM],c[LM],(#a.g1.#A-1)[LM],(c1.a1.A-1)[LM],(#a1.d1.G-1)[LM],F-1[LM],(e1.E-1)[LM],(f1.D-1)[LM],(g1.C-1)[LM],a1[LM],g1[LM],f1[LM],e1[LM],d1[LM],c1[LM],#a[LM],(a.c)[LM],g[LM],f[LM],e[LM],(f1.d)[JKN],(#a.c1.g1.e)[JKM],(a.c1.f)[KL],a[KL],(f2.#a)[KL],a[KL],g[KL],#a[KL],(e2.c1)[KL],#a[KL],a[KL],c1[KL],(#d2.d1)[KL],c1[KL],(d2.#a)[KL],d1[KL],(c2.c1)[KL],e1[KL],(b1.d1)[KL],f1[KL],(c2.e1)[KL],g1[KL],d1[KL],f1[KL],(#a1.c1)[KL],e1[KL],(a1.f1)[KL],f1[KL],(g1.d1)[KL],f1[KL],e1[KL],g1[KL],(a1.#c1)[KL],g1[KL],#f1[KL],a1[KL],(#a1.c1)[KL],a1[KL],(g1.b)[KL],d2[KL],(#c2.#a)[KL],e2[KL],a[KL],d2[KL],(f2.#g)[KL],d2[KL],#c2[KL],d2[KL],(a1.f)[KL],d2[KL],(#g1.e)[KL],d2[KL],(f1.d)[KL],#g1[KL],(e1.c)[KL],#g1[KL],(d1.B-1)[KL],#g1[KL],(#c1.#A-1)[JK],(g1.e)[LM],f1[LM],e1[LM],d1[LM],#c1[JK],e[LM],f[LM],g[LM],a[LM],#a[KL],"],"id":2},{"bpm":360,"baseBeats":1,"scores":["TU,TU,TU,TU,TU,TU,TU,ST,mute[K],mute[K],mute[K],ST,mute[K],mute[K],mute[K],TU,TU,TU,mute[K],mute[K],mute[K],mute[K],mute[K],mute[K],mute[K],mute[K],mute[K],mute[K],mute[K],mute[K],TV,mute[K],mute[K],mute[K],mute[K],mute[K],TUW,5<T>,5<T>,QR,5<T>,5<T>,5<T>,QQTU,STW,ST,STW,ST,mute[K],mute[K],mute[K],TUW,TU,TU,TU,STW,mute[K],mute[K],mute[K],TU,TU,TUW,TU,TU,TU,TUW,TU,TU,TU,TU,TU,TUW,TU,TU,TU,TUW,TU,TU,TU,TU,TU,TUW,TU,TUW,TU,TUW,TUV,STV,mute[K],mute[K],mute[K],TU,TUW,TU,TU,STV,mute[K],mute[K],mute[K],TU,TUW,TU,TUW,STV,mute[K],mute[K],mute[K],TU,TU,TUW,TU,STV,mute[K],mute[K],mute[K],TU,TUW,TU,TU,TUW,TU,TUW,TU,TU,TUW,TU,TUW,TUW,TUW,TUW,TUW,TUV,TUW,TUVW,TU,5<T>,5<T>,5<T>,QRTU,STV,STV,STU,mute[K],mute[K],mute[K],STV,STVW,STU,mute[K],mute[K],mute[K],STV,STVW,STV,STV,STV,STV,STV,STV,STVW,STV,STV,STV,QRTW,QRTUW,QRSTU,mute[K],mute[K],mute[K],mute[K],mute[K],mute[K],QQQQRUXY,","g1[KL],(a1.#c.#a)[KL],g1[KL],(#f1.#d1.a.c)[KL],a1[KL],(#a1.d1.#f)[KL],a1[KL],(g1.#A-1.g)[JK],d[LM],c[LM],#A-1[LM],A-1[LM],G-1[JK],g[LM],a[LM],#a[LM],c1[LM],d1[KL],d1[KL],(#a.#d1.G-1.#d)[KL],#c1[KL],(c1.#G-1)[LM],#c[LM],(e1.f.c)[LM],(g.#A-1)[LM],(f1.a.A-1)[LM],#a[LM],(#d1.c1.f.A-1)[KL],(d1.#A-1)[LM],#d[LM],(#f1.g.d)[LM],(a.c)[LM],(g1.b.B-1)[LM],c1[LM],(f1.B-1.d1.g)[KL],(#d1.c)[LM],f[LM],(g1.#g.#d)[LMN],(#a.d)[LM],(#g1.c1.c)[LM],d1[LMN],(g1.#d1)[KLM],C-1[L],c[MN],a[L],#d1[L],#f1[HIL],B-1[L],d[L],f[L],#g[L],d1[L],f1[HHKL],(d1.g.e1.c)[JKN],c1[JK],(a.c1.#d1.#F-1.#f)[JKN],(b.d1.G-1.g)[JK],(g1.d)[LM],c[LM],B-1[LM],A-1[LM],G-1[KLN],g1[KL],(#g1.d.g.b)[KL],g1[KL],(#f1.#d.a.c1)[JKN],(#f1.#d1.c2.#d.G-1)[LM],d[LM],c[LM],#A-1[LM],A-1[KL],c2[KL],(d2.a1.#d1.#f)[KLN],c2[KL],(b1.d1.f)[KL],a1[KL],#a1[KLN],a1[KL],(g1.#c1.e)[KL],#a1[KL],c2[KL],#a1[KL],(#f1.a1.c1)[KLN],#d[KL],f[KL],#d[KL],(f1.d.b)[KLN],#g1[KL],#a1[KL],#g1[KL],(g1.#c.#a)[KL],e1[KL],(#f1.c.a)[KLN],#d1[KL],(f1.B-1.#g)[KLN],d1[KL],(e1.c.g)[KLN],c1[KLM],(#f.#d.c.A-1)[JKN],#d1[LM],d1[LM],c1[LM],#a[LMN],a[KL],#d1[KLN],(f1.a.c1.#f)[KL],#d1[KL],(c1.#d1.#f1.a1.c2)[JKN],#d[LMN],d[LM],c[LM],#A-1[LM],A-1[KL],c[KLN],(a.c1.#d1.#f1.d)[KL],c[KLN],(#g.d1.f1.B-1)[JK],#g1[LMN],g1[LM],f1[LM],#d1[LMN],d1[KL],#g1[KL],(#a1.b.d1.f)[KLN],#g1[KL],(f1.#g1.b1.d2.f2)[JKN],#g[LM],g[LM],f[LM],#d[LMN],d[KL],f[KLN],(#g1.b.d1.g)[KL],f[KL],(c1.#d1.#d)[KLN],#g1[KL],(#a1.b.f1.d)[KLN],#g1[KL],(c1.c)[KL],g1[KLN],(#g1.d1.f1.B-1)[KL],g1[KLN],(c1.c)[KLN],g1[KLN],(a1.b.f1.d)[KLN],g1[KLN],(c1.c)[KLM],g1[KLN],(a1.f1.d1.B-1)[KLMN],g1[J],G-1[L],d[L],g[L],b[L],f1[L],g1[HIKL],c1[JKM],e1[JKM],C-1[JKM],(f1.E-1)[LMN],e1[LM],d1[LMN],c1[LM],(g1.G-1)[JKM],B-1[JKMN],(g.d1.f1)[JKM],c[LMN],B-1[LM],A-1[LM],G-1[LMN],c[JKM],(g.c1.e1)[JKMN],(f1.d1.a)[JKM],(#f1.c)[JKM],(g1.B-1.g)[JKM],d1[JKM],(#d1.B-1.c)[JKM],(e1.g1)[JKM],(c1.A-1)[JKMN],(f1.f.A-1)[JKM],(d1.c.g)[JKM],(e1.c1.c)[JKM],(a.c1.d1.#F-1.#f)[HIKN],(c1.e1.G-1.g)[HIKLN],(g.b.d1.G-1.f)[HIJK],C-1[LMN],E-1[K],G-1[LMN],c[K],e[LMN],g[K],c1[LMN],e1[HHHHILOP],"],"id":3}],"audition":{"start":[0,0],"end":[1,0]}}