{"baseBpm":162,"musics":[{"bpm":162,"baseBeats":0.3125,"scores":["TU,TUY,VWXY,mute[MO],5<VX>,mute[MO],mute[MO],5<VX>,mute[MO],mute[MO],mute[MO],TU,TUWX,mute[MO],mute[MO],mute[MO],mute[MO],mute[MO],mute[MO],mute[MO],mute[MO],mute[MO],TU,TWX,mute[MO],TU,TWX,mute[MO],TU,TU,TU,TU,TU,TUWX,mute[MO],mute[MO],mute[MO],mute[MO],mute[MO],mute[MO],mute[MO],mute[MO],mute[MO],TU,TUWX,mute[MO],mute[MO],mute[MO],mute[MO],mute[MO],mute[MO],mute[MO],mute[MO],mute[MO],TU,TU,UVW,mute[MO],mute[MO],UV,UV,UV,UV,UV,UV,UV,UV,UV,UV,TU,TUWX,mute[MO],mute[MO],mute[MO],mute[MO],mute[MO],mute[MO],mute[MO],mute[MO],mute[MO],TU,TUV,mute[MO],mute[MO],mute[MO],mute[MO],mute[MO],mute[MO],mute[MO],mute[MO],mute[MO],mute[MO],mute[MO],mute[MO],mute[MO],mute[MO],mute[MO],mute[MO],mute[MO],mute[MO],mute[MO],mute[MO],mute[MO],mute[MO],mute[MO],mute[MO],mute[MO],mute[MO],mute[MO],mute[MO],TUW,TUW,TUW,TUVW,TUW,TUWX,mute[MO],mute[MO],mute[MO],mute[MO],mute[MO],mute[MO],mute[MO],mute[MO],mute[MO],TU,TUV,mute[MO],mute[MO],mute[MO],mute[MO],mute[MO],mute[MO],mute[MO],mute[MO],mute[MO],mute[MO],mute[MO],mute[MO],mute[MO],mute[MO],mute[MO],mute[MO],mute[MO],mute[MO],mute[MO],mute[MO],mute[MO],mute[MO],mute[MO],mute[MO],mute[MO],mute[MO],mute[MO],mute[MO],UV,UV,UV,UV,UV,UVW,UVW,UVW,TUW,TUY,mute[MO],VWXY,mute[MO],VWXY,mute[MO],VWXY,mute[MO],mute[MO],TU,TUWX,mute[MO],mute[MO],mute[MO],mute[MO],mute[MO],mute[MO],mute[MO],mute[MO],mute[MO],TU,TWX,mute[MO],TU,TWX,mute[MO],TU,TU,TU,TUW,TUW,TUWX,mute[MO],mute[MO],mute[MO],mute[MO],mute[MO],mute[MO],mute[MO],mute[MO],mute[MO],TU,TUWX,mute[MO],mute[MO],mute[MO],mute[MO],mute[MO],mute[MO],mute[MO],mute[MO],mute[MO],TU,TU,UVW,mute[MO],mute[MO],UV,UV,UV,UV,UV,UV,UVW,UV,UVW,UVW,TUW,TUWX,mute[MO],mute[MO],mute[MO],mute[MO],mute[MO],mute[MO],mute[MO],mute[MO],mute[MO],TU,TUWX,mute[MO],mute[MO],mute[MO],mute[MO],mute[MO],mute[MO],mute[MO],mute[MO],mute[MO],TU,TUWX,mute[MO],mute[MO],mute[MO],mute[MO],mute[MO],mute[MO],mute[MO],mute[MO],mute[MO],TU,TUV,mute[MO],mute[MO],mute[MO],mute[MO],mute[MO],mute[MO],mute[MO],mute[MO],mute[MO],mute[MO],mute[MO],mute[MO],mute[MO],mute[MO],mute[MO],mute[MO],mute[MO],mute[MO],mute[MO],mute[MO],mute[MO],mute[MO],mute[MO],mute[MO],mute[MO],mute[MO],mute[MO],mute[MO],mute[MO],mute[MO],mute[MO],mute[MO],mute[MO],mute[MO],mute[MO],mute[MO],mute[MO],mute[MO],mute[MO],mute[MO],mute[MO],mute[MO],mute[MO],mute[MO],mute[MO],mute[MO],mute[MO],mute[MO],mute[MO],mute[MO],mute[MO],mute[MO],mute[MO],mute[MO],mute[MO],mute[MO],mute[MO],mute[MO],mute[MO],mute[MO],mute[MO],mute[MO],mute[MO],mute[MO],mute[MO],mute[MO],mute[MO],mute[MO],mute[MO],mute[MO],mute[MO],mute[MO],mute[MO],mute[MO],mute[MO],mute[MO],mute[MO],mute[MO],mute[MO],mute[MO],mute[MO],mute[MO],mute[MO],mute[MO],mute[MO],mute[MO],mute[MO],mute[MO],mute[MO],mute[MO],mute[MO],mute[MO],mute[MO],mute[MO],mute[MO],mute[MO],mute[MO],mute[MO],mute[MO],mute[MO],mute[MO],mute[MO],mute[MO],mute[MO],mute[MO],mute[MO],mute[MO],mute[MO],mute[MO],mute[MO],mute[MO],mute[MO],mute[MO],mute[MO],mute[MO],mute[MO],mute[MO],mute[MO],mute[MO],mute[MO],mute[MO],mute[MO],mute[MO],mute[MO],UV,UV,UV,UV,UV,UV,UV,UV,UV,UV,UV,UV,UVW,UV,UVW,T,TUW,TU,TW,mute[MO],mute[MO],UVW,mute[MO],mute[MO],TV,TU,TWX,mute[MO],TWX,mute[MO],TWX,mute[MO],TWX,mute[MO],TWX,mute[MO],TWX,mute[MO],TU,TU,U,U,U,U,U,UW,5<VX>,mute[MO],VWXY,mute[MO],VWXY,mute[MO],5<VX>,mute[MO],VWXY,mute[MO],VWXY,mute[MO],VWXY,VWXY,mute[MO],mute[MO],mute[MO],mute[MO],mute[MO],mute[MO],mute[MO],mute[MO],mute[MO],mute[MO],mute[MO],mute[MO],mute[MO],mute[MO],mute[MO],mute[MO],mute[MO],mute[MO],mute[MO],mute[MO],mute[MO],U,U,U,U,U,U,U,U,U,U,U,U,TU,TWX,mute[MO],UVW,5<VX>,mute[MO],TWX,mute[MO],TU,TWX,mute[MO],UVW,5<VX>,mute[MO],TWX,mute[MO],UV,UVW,mute[MO],mute[MO],mute[MO],mute[MO],UVW,mute[MO],mute[MO],UV,mute[MO],mute[MO],T,U,UV,mute[MO],mute[MO],UV,mute[MO],mute[MO],UV,mute[MO],mute[MO],mute[MO],mute[MO],UW,UW,UV,UV,UW,UW,UV,TV,TUVW,UX,mute[MO],U,U,U,UV,TV,U,U,UV,TV,U,U,TU,TU,TU,TU,U,U,U,U,U,U,U,U,U,U,U,U,U,U,U,U,U,U,U,U,U,U,U,U,U,U,U,U,U,U,U,U,U,U,U,U,U,U,U,U,U,U,U,U,U,U,U,U,U,U,U,UWX,mute[MO],U,UWX,mute[MO],U,UWX,mute[MO],U,UV,UV,UV,UV,UV,UV,UV,UV,U,U,U,U,U,U,U,U,U,U,U,U,UV,UV,RU,UVWX,mute[MO],U,RUV,TUV,TUV,UV,UV,UV,U,TU,T,U,TU,T,U,TU,TUV,UV,UV,UV,U,T,U,T,U,T,U,T,U,T,U,T,U,T,U,T,U,T,U,T,U,T,U,T,U,T,U,T,U,T,U,T,U,U,U,U,U,U,U,U,U,U,U,U,U,U,U,U,U,U,U,U,U,U,U,U,U,U,U,U,UW,mute[MO],mute[MO],mute[MO],mute[MO],mute[MO],mute[MO],mute[MO],mute[MO],mute[MO],mute[MO],mute[MO],mute[MO],mute[MO],mute[MO],mute[MO],mute[MO],mute[MO],mute[MO],mute[MO],mute[MO],mute[MO],mute[MO],mute[MO],mute[MO],mute[MO],mute[MO],mute[MO],mute[MO],mute[MO],mute[MO],mute[MO],mute[MO],U,U,mute[MO],mute[MO],U,mute[MO],mute[MO],mute[MO],mute[MO],mute[MO],mute[MO],mute[MO],mute[MO],mute[MO],mute[MO],UX,mute[MO],UWX,mute[MO],mute[MO],mute[MO],mute[MO],mute[MO],UW,mute[MO],mute[MO],mute[MO],mute[MO],mute[MO],mute[MO],U,U,UX,mute[MO],mute[MO],mute[MO],mute[MO],mute[MO],mute[MO],mute[MO],mute[MO],mute[MO],mute[MO],mute[MO],mute[MO],mute[MO],mute[MO],mute[MO],TUV,TVXY,5<VX>,mute[MO],VWXY,mute[MO],5<VX>,mute[MO],mute[MO],mute[MO],U,TU,TUV,UV,UV,UV,U,TU,T,U,TU,T,U,TU,TU,TU,TU,TU,TUV,UV,UV,UV,U,TU,TUV,UV,UV,UV,U,TU,TU,UVW,mute[MO],mute[MO],UV,UV,UV,UV,UV,UV,UV,UV,","(b1.g.G-1)[KL],d[KL],(c2.a)[M],d2[N],c2[N],d2[M],c2[M],d2[N],c2[N],d2[M],(c2.d)[M],d2[N],c2[N],d2[M],b1[MN],c2[MN],(d2.b)[KL],d[KL],b[MN],#c2[MN],e2[MN],d2[MN],(c2.d)[MN],b1[MN],a1[MN],g1[MN],(c1.#f1.A-1)[KL],d[KN],d1[MN],(b.g1.G-1)[KL],d[KN],d1[MN],(g1.b1.D-1.d)[KL],d1[KL],(a1.#f1)[KL],d1[KL],(#f1.b1.#d)[KL],(#d1.B-1)[KL],(g1.e)[MN],#a1[MN],c2[MN],b1[MN],(a1.#f)[MN],g1[MN],#f1[MN],e1[MN],(e1.a1.#c)[KL],(#c1.A-1)[KL],(#f1.d)[MN],#g1[MN],b1[MN],a1[MN],(g1.#f)[MN],#f1[MN],e1[MN],d1[MN],(d1.#f1.a)[KL],A-1[KL],(#c1.e1.g)[LM],#f1[M],e1[M],#d1[M],(e1.A-1)[LM],#f1[LM],(d1.#f.d)[LM],e1[LM],#f1[LM],g1[LM],#g1[LM],a1[LM],#a1[LM],b1[LM],(a1.c2.D-1)[KL],d1[KL],(g1.b1)[MN],E-1[MN],#F-1[MN],G-1[MN],(d1.A-1)[MN],B-1[MN],c[MN],#c[MN],(c1.a1.d)[KL],d1[KL],(b.g1)[MN],e[MN],#f[MN],g[MN],(d1.a)[MN],b[MN],c1[MN],#c1[MN],(d1.a.c1)[MN],e1[MN],#f1[MN],g1[MN],(a1.d1)[MN],b1[MN],c2[MN],#c2[MN],(d2.g.b)[MN],e2[MN],#f2[MN],g2[MN],(a2.d1)[MN],b2[MN],c3[MN],#c3[MN],(d3.#f.a)[KLN],d1[KLN],d1[KLN],d1[KLMN],(b1.d2.G-2)[KLN],d1[KL],(a1.c2)[MN],A-2[MN],B-2[MN],C-1[MN],(d1.D-1)[MN],E-1[MN],F-1[MN],#F-1[MN],(g1.b1.G-1)[KL],d1[KL],(c1.a1)[MN],A-1[MN],B-1[MN],c[MN],(d1.d)[MN],e[MN],f[MN],#f[MN],g[MN],a[MN],b[MN],c1[MN],(d1.g)[MN],e1[MN],f1[MN],#f1[MN],(g1.e.c)[MN],a1[MN],b1[MN],c2[MN],(d2.g)[MN],e2[MN],f2[MN],#f2[MN],(g2.d.B-1)[LM],b2[LM],(a2.g)[LM],g2[LM],(#f2.a.d)[LM],e2[LMN],(d2.#f)[LMN],c2[LMN],(b1.g.G-1)[KLN],d[KL],(c2.a)[N],d2[M],c2[M],d2[N],c2[N],d2[M],c2[M],d2[N],(c2.d)[N],d2[M],c2[M],d2[N],b1[MN],c2[MN],(d2.b)[KL],d[KL],b[MN],#c2[MN],e2[MN],d2[MN],(c2.d)[MN],b1[MN],a1[MN],g1[MN],(c1.#f1.A-1)[KL],d[KN],d1[MN],(b.g1.G-1)[KL],d[KN],d1[MN],(g1.b1.D-1.d)[KL],d1[KL],(a1.#f1)[KL],d1[KLN],(b1.e2.#g.d)[KLN],(#g1.e)[KL],(c2.a.c)[MN],#d2[MN],f2[MN],e2[MN],(d2.c1)[MN],c2[MN],b1[MN],a1[MN],(a1.d2.#f)[KL],(#f1.d)[KL],(b1.g.B-1)[MN],#c2[MN],e2[MN],d2[MN],(c2.b)[MN],b1[MN],a1[MN],g1[MN],(d1.b1.d)[KL],g1[KL],(c1.a1.D-1)[LM],b1[M],a1[M],#g1[M],(#f1.a1)[LM],b1[LM],(b.g1.G-1)[LM],g[LM],a[LM],b[LM],c1[LMN],#c1[LM],d1[LMN],#d1[LMN],e1[KLN],(b1.#g2)[KL],(c2.a2)[MN],#d1[MN],f1[MN],e1[MN],(e2.c3.d1)[MN],c1[MN],b[MN],a[MN],d1[KL],(a1.#f2)[KL],(b1.g2)[MN],#c1[MN],e1[MN],d1[MN],(d2.b2.c1)[MN],b[MN],a[MN],g[MN],(e3.b.#g)[KL],(#g.e)[KL],(c1.a)[MN],#d3[MN],f3[MN],e3[MN],d3[MN],c3[MN],b2[MN],a2[MN],(d3.a.#f)[KL],(#f.d)[KL],(b.g)[MN],#c3[MN],e3[MN],d3[MN],c3[MN],b2[MN],a2[MN],g2[MN],(c3.g.e)[MN],b2[MN],d3[MN],c3[MN],(b2.a.#f)[MN],a2[MN],g2[MN],#f2[MN],(b2.#f.#d)[MN],#a2[MN],c3[MN],b2[MN],(a2.g.e)[MN],g2[MN],#f2[MN],e2[MN],(a2.e.#c)[MN],#g2[MN],b2[MN],a2[MN],(g2.#f.d)[MN],#f2[MN],e2[MN],d2[MN],(#c2.d)[MN],d2[MN],e2[MN],d2[MN],(c2.e)[MN],b1[MN],a1[MN],#g1[MN],(e.#c.A-1)[MN],a1[MN],b1[MN],#c2[MN],d2[MN],e2[MN],#f2[MN],#g2[MN],a2[MN],b2[MN],#c3[MN],d3[MN],e3[MN],#c3[MN],b2[MN],a2[MN],(#g2.b.e1.d1)[MN],a2[MN],b2[MN],#c3[MN],d3[MN],#c3[MN],b2[MN],a2[MN],(#g2.e1.d1.b)[MN],#f2[MN],e2[MN],d2[MN],#c2[MN],b1[MN],a1[MN],#g1[MN],(e.#c.A-1)[MN],a1[MN],b1[MN],#c2[MN],d2[MN],e2[MN],#f2[MN],#g2[MN],a2[MN],b2[MN],#c3[MN],d3[MN],e3[MN],#c3[MN],b2[MN],a2[MN],(#g2.b.e1.d1)[MN],a2[MN],b2[MN],#c3[MN],d3[MN],#c3[MN],b2[MN],a2[MN],(#g2.e1.d1.b)[MN],#f2[MN],e2[MN],d2[MN],#c2[MN],b1[MN],a1[MN],#g1[MN],(a1.a.e.#c.A-1)[LM],b1[LM],#c2[LM],d2[LM],e2[LM],#f2[LM],g2[LM],#g2[LM],a2[LM],#g2[LM],a2[LM],#g2[LM],a2[LMN],#g2[LM],a2[LMN],#g2[K],a2[KLN],(e2.#c2.g1)[KL],(e2.#c2.g1)[KN],a2[MN],#c3[M],b2[LMN],a2[MN],a2[M],d3[KM],(d2.#f1.a1)[KL],(d2.a1.#f1)[KN],#c3[MN],b2[KN],a2[MN],a2[KN],g2[MN],(#f2.g1.e1)[KN],e2[MN],d2[KN],#c2[MN],(b2.g1.e1.a)[KN],a2[MN],g2[KL],(#f2.#f1.d1)[KL],(a1.#f1)[L],#f2[L],f2[L],(#f2.d2.a1)[L],g2[L],#g2[L],#g2[M],a2[N],#g2[N],a2[M],#g2[M],a2[N],#g2[N],a2[M],(#g2.e2.#c2.g1)[M],a2[N],#g2[N],a2[M],#g2[M],a2[N],#g2[N],a2[M],(#g2.e2.#c2.g1)[M],a2[N],#g2[N],a2[M],#g2[M],a2[N],#g2[N],a2[M],#g2[M],a2[N],#g2[N],a2[M],#g2[M],a2[N],#g2[N],a2[M],#g2[M],a2[M],b2[M],a2[M],#g2[M],a2[M],(b2.d2.#f1.a1)[M],#c3[MN],b2[M],a2[MN],b2[M],(#c3.d2.a1.#f1)[M],d3[MN],#c3[MN],b2[M],#c3[M],e3[MN],d3[MN],#c3[MN],b2[MN],b2[L],a2[L],g2[L],(g2.g1.e1)[L],#f2[L],e2[L],e2[L],d2[L],#c2[L],(#c2.g1.e1.a)[L],b2[L],a2[L],g2[KL],(#f2.d1)[KN],#f1[MN],a1[LM],g2[M],#f2[N],f2[N],#f2[M],a2[KN],g2[MN],#f2[KL],(e2.#c1)[KN],e1[MN],#a1[LM],#f2[M],e2[N],#d2[N],e2[M],g2[KN],#f2[MN],e2[LM],d2[LM],b[MN],d1[MN],(#f2.#f1)[M],e2[MN],d2[LM],(c2.a)[MN],c1[MN],#f1[LN],e2[MN],d2[MN],c2[LM],(b1.g)[M],b[L],d1[LN],d2[MN],c2[MN],b1[LN],(a1.#f)[MN],a[MN],#d1[LN],c2[MN],b1[M],(a1.e)[MN],g1[MN],(g2.e1)[LN],d[LN],(g2.d1)[LM],#c[LM],(g2.#c1)[LN],B-1[LN],(g2.b)[LM],(A-1.a)[KM],g2[KLMN],e2[L],#c2[MN],e2[L],#c2[L],g1[L],(#f1.d)[LM],d2[KM],a1[L],#f1[L],(e1.B-1.G-1.e)[LM],b1[KM],g1[L],e1[L],(d1.A-1.d.#f)[KL],(a1.d2.a.#f1)[KL],(e2.#c1)[KL],f2[KL],(f2.d)[L],#f[L],a[L],(#f2.d1)[L],#f1[L],a1[L],d2[L],#f2[L],f2[L],#f2[L],a2[L],g2[L],(#f2.#c1)[L],e1[L],#f1[L],(e2.#a1)[L],#f1[L],e1[L],#c1[L],e2[L],#d2[L],e2[L],g2[L],#f2[L],e2[L],(d2.b)[L],(#c2.d1)[L],(d2.#f1)[L],#f2[L],e2[L],d2[L],(c2.a)[L],(b1.c1)[L],(c2.#f1)[L],e2[L],d2[L],c2[L],(b1.g)[L],(#a1.b)[L],(b1.d1)[L],d2[L],c2[L],b1[L],(a1.#f)[L],(#g1.a)[L],(a1.#d1)[L],c2[L],b1[L],(a1.e)[L],(g1.g)[L],(g2.e1)[L],d[L],#f[M],g2[M],d1[L],#c[L],e[M],g2[M],#c1[L],B-1[L],d[M],g2[M],b[L],(#c.A-1.a)[L],#f2[M],b2[L],a2[M],g2[L],#f2[M],e2[L],d2[M],#c2[L],d2[M],e2[L],d2[M],(#c2.e)[L],b1[M],a1[L],g1[M],(#f1.d.#f)[L],d2[L],#c2[L],d2[L],a1[L],#f1[L],(e1.G-1.B-1.e)[L],b1[L],#a1[L],b1[L],g1[L],e1[L],(A-1.d.#f)[LM],d1[L],#f1[M],a1[IL],(A-2.A-1)[LMN],e[MN],g[L],#c1[ILM],(#f.a.d)[KLM],d1[KL],(b.g)[M],#c[L],e[M],d[L],(d1.c)[M],B-1[L],A-1[M],G-1[L],(c1.a.#F-1)[KL],d1[K],D-1[L],(b.g.G-1)[KL],d1[K],B-1[L],(#f.a.d)[KL],d1[KL],(b.g)[M],#c[L],e[M],d[L],(d1.c)[M],B-1[L],A-1[M],G-1[L],#F-1[LM],a[M],c1[L],d1[K],D-1[L],G-1[LM],g1[M],b1[L],d2[K],B-1[L],#G-1[LM],b[M],d1[L],e1[K],E-1[L],A-1[LM],a1[M],c2[L],e2[K],c[L],B-1[LM],d1[M],#f1[L],g1[K],G-1[L],c[LM],c2[M],e2[L],g2[K],e[L],A-1[LM],c2[M],e2[L],c3[K],c[L],#F-1[LM],c2[M],a2[L],c3[K],A-1[L],D-1[L],#f2[L],a2[L],c3[L],c2[L],#f2[L],a2[L],a1[L],c2[L],#f2[L],#f1[L],a1[L],c2[L],c1[L],#f1[L],a1[L],a[L],c1[L],b[L],d1[L],c1[L],e1[L],d1[L],#f1[L],e1[L],g1[L],#f1[L],a1[L],g1[L],b1[L],a1[M],c2[M],b1[M],d2[M],c2[M],e2[M],d2[M],#f2[M],e2[M],g2[M],#f2[M],a2[M],g2[M],b2[M],a2[M],c3[M],b2[M],d3[M],c3[M],b2[MN],a2[MN],g2[MN],#f2[MN],g2[M],#f2[MN],e2[MN],#f2[MN],g2[MN],a2[MN],b2[MN],c3[MN],b2[L],d3[L],c3[MN],b2[M],a2[L],g2[M],#f2[MN],g2[MN],#f2[MN],e2[MN],#f2[M],g2[MN],a2[MN],b2[MN],c3[L],b2[MN],d3[L],c3[MN],b2[MN],a2[MN],g2[MN],#f2[M],g2[L],#f2[M],e2[MN],#f2[MN],g2[MN],a2[MN],b2[M],c3[L],b2[L],d3[L],c3[MN],b2[MN],a2[M],g2[MN],#f2[MN],g2[MN],#f2[MN],e2[M],#f2[M],g2[M],a2[M],g2[M],#f2[M],e2[M],d2[M],c2[M],(b1.g.G-1)[KLM],d[KL],(c2.a)[N],d2[N],c2[M],d2[M],c2[N],d2[N],c2[M],d2[M],(c2.d)[N],d2[N],c2[M],d2[M],b1[M],c2[L],(d2.b)[KL],d[KL],b[M],#c2[L],e2[M],d2[L],(c2.d)[M],b1[L],a1[M],g1[L],(c1.#f1.A-1)[KL],d[K],d1[L],(b.g1.G-1)[KL],d[K],d1[L],(g1.b1.D-1.d)[KL],d1[KL],(a1.#f1)[KL],d1[KL],(#f1.b1.#d)[KL],(#d1.B-1)[KL],(g1.e)[M],#a1[L],c2[M],b1[L],(a1.#f)[M],g1[L],#f1[M],e1[L],(e1.a1.#c)[KL],(#c1.A-1)[KL],(#f1.d)[M],#g1[L],b1[M],a1[L],(g1.#f)[M],#f1[L],e1[M],d1[L],(d1.#f1.a)[KL],A-1[KL],(#c1.e1.g)[LM],#f1[M],e1[M],#d1[M],(e1.A-1)[LM],#f1[LM],(d1.#f.d)[LM],e1[LM],#f1[LM],g1[LM],#g1[LM],a1[LM],"],"id":1},{"bpm":162,"baseBeats":0.3125,"scores":["UVW,UVW,TUW,TUWX,mute[MO],mute[MO],mute[MO],mute[MO],mute[MO],mute[MO],mute[MO],mute[MO],mute[MO],TU,TUV,mute[MO],mute[MO],mute[MO],mute[MO],mute[MO],mute[MO],mute[MO],mute[MO],mute[MO],mute[MO],mute[MO],mute[MO],mute[MO],mute[MO],mute[MO],mute[MO],mute[MO],mute[MO],mute[MO],mute[MO],mute[MO],mute[MO],mute[MO],mute[MO],mute[MO],mute[MO],mute[MO],mute[MO],TU,TU,TUW,TUV,TUW,TUWX,mute[MO],mute[MO],mute[MO],mute[MO],mute[MO],mute[MO],mute[MO],mute[MO],mute[MO],TU,TUV,mute[MO],mute[MO],mute[MO],mute[MO],mute[MO],mute[MO],mute[MO],mute[MO],mute[MO],mute[MO],mute[MO],mute[MO],mute[MO],mute[MO],mute[MO],mute[MO],mute[MO],mute[MO],mute[MO],mute[MO],mute[MO],mute[MO],mute[MO],mute[MO],mute[MO],mute[MO],mute[MO],mute[MO],UV,UV,UV,UV,UVW,UV,UVW,TXY,mute[MO],mute[MO],mute[MO],mute[MO],VWXY,mute[MO],mute[MO],VWXY,mute[MO],VWXY,mute[MO],mute[MO],VWXY,mute[MO],VWXY,mute[MO],mute[MO],VWXY,mute[MO],VWXY,mute[MO],mute[MO],VWXY,mute[MO],VWXY,mute[MO],mute[MO],mute[MO],VWXY,VWXY,mute[MO],mute[MO],mute[MO],TU,TWX,mute[MO],TU,TWX,mute[MO],TU,TU,TU,TUW,TUW,TUWX,mute[MO],mute[MO],mute[MO],mute[MO],mute[MO],mute[MO],mute[MO],mute[MO],mute[MO],TU,TUWX,mute[MO],mute[MO],mute[MO],mute[MO],mute[MO],mute[MO],mute[MO],mute[MO],mute[MO],TU,TU,UVW,mute[MO],mute[MO],UV,UV,UV,UV,UV,UV,UV,UV,UV,UV,TU,TUWX,mute[MO],mute[MO],mute[MO],mute[MO],mute[MO],mute[MO],mute[MO],mute[MO],mute[MO],TU,TUWX,mute[MO],mute[MO],mute[MO],mute[MO],mute[MO],mute[MO],mute[MO],mute[MO],mute[MO],TU,TUWX,mute[MO],mute[MO],mute[MO],mute[MO],mute[MO],mute[MO],mute[MO],mute[MO],mute[MO],TU,TUV,mute[MO],mute[MO],mute[MO],mute[MO],mute[MO],mute[MO],mute[MO],mute[MO],mute[MO],mute[MO],mute[MO],mute[MO],mute[MO],mute[MO],mute[MO],mute[MO],mute[MO],mute[MO],mute[MO],mute[MO],mute[MO],mute[MO],mute[MO],mute[MO],mute[MO],mute[MO],mute[MO],mute[MO],mute[MO],mute[MO],mute[MO],mute[MO],mute[MO],mute[MO],mute[MO],mute[MO],mute[MO],mute[MO],mute[MO],mute[MO],mute[MO],mute[MO],mute[MO],mute[MO],mute[MO],mute[MO],mute[MO],mute[MO],mute[MO],mute[MO],mute[MO],mute[MO],mute[MO],mute[MO],mute[MO],mute[MO],mute[MO],mute[MO],mute[MO],mute[MO],mute[MO],mute[MO],mute[MO],mute[MO],mute[MO],mute[MO],mute[MO],mute[MO],mute[MO],mute[MO],mute[MO],mute[MO],mute[MO],mute[MO],mute[MO],mute[MO],mute[MO],mute[MO],mute[MO],mute[MO],mute[MO],mute[MO],mute[MO],mute[MO],mute[MO],mute[MO],mute[MO],mute[MO],mute[MO],mute[MO],mute[MO],mute[MO],mute[MO],mute[MO],mute[MO],mute[MO],mute[MO],mute[MO],mute[MO],mute[MO],mute[MO],mute[MO],mute[MO],mute[MO],mute[MO],mute[MO],mute[MO],mute[MO],mute[MO],mute[MO],mute[MO],mute[MO],mute[MO],mute[MO],mute[MO],mute[MO],mute[MO],mute[MO],mute[MO],mute[MO],mute[MO],mute[MO],mute[MO],mute[MO],mute[MO],mute[MO],mute[MO],mute[MO],mute[MO],mute[MO],mute[MO],mute[MO],mute[MO],mute[MO],mute[MO],mute[MO],mute[MO],mute[MO],mute[MO],mute[MO],mute[MO],mute[MO],mute[MO],VWXY,mute[MO],VWXY,mute[MO],mute[MO],VWXY,mute[MO],VWXY,mute[MO],mute[MO],VWXY,mute[MO],VWXY,mute[MO],mute[MO],VWXY,mute[MO],VWXY,mute[MO],mute[MO],VWXY,mute[MO],VWXY,mute[MO],ST,ST,RTU,TW,UW,UW,UW,U,mute[MO],mute[MO],UW,UW,UW,U,UW,UW,UW,UW,U,UW,UW,mute[MO],mute[MO],UW,U,UW,UW,UW,UW,U,UW,UW,UW,UW,U,UW,UW,UW,UW,U,UW,UV,U,UW,UV,U,UV,UWX,mute[MO],RST,UV,UW,UW,U,UW,mute[MO],mute[MO],UW,UW,U,UW,UW,UW,UW,U,UW,UW,UW,mute[MO],mute[MO],U,UW,UW,UW,UW,U,UV,U,UW,UW,U,UW,UW,UW,UW,U,UW,UW,UW,UW,U,UW,UW,UW,mute[MO],mute[MO],mute[MO],mute[MO],mute[MO],mute[MO],mute[MO],mute[MO],mute[MO],mute[MO],mute[MO],mute[MO],mute[MO],mute[MO],mute[MO],mute[MO],mute[MO],mute[MO],mute[MO],mute[MO],mute[MO],mute[MO],mute[MO],mute[MO],mute[MO],mute[MO],mute[MO],mute[MO],mute[MO],mute[MO],mute[MO],mute[MO],mute[MO],mute[MO],mute[MO],mute[MO],mute[MO],mute[MO],mute[MO],mute[MO],mute[MO],mute[MO],mute[MO],mute[MO],mute[MO],mute[MO],mute[MO],mute[MO],mute[MO],mute[MO],mute[MO],mute[MO],mute[MO],mute[MO],mute[MO],mute[MO],mute[MO],mute[MO],mute[MO],mute[MO],mute[MO],mute[MO],mute[MO],mute[MO],mute[MO],mute[MO],mute[MO],mute[MO],mute[MO],mute[MO],mute[MO],mute[MO],mute[MO],mute[MO],mute[MO],mute[MO],mute[MO],mute[MO],mute[MO],mute[MO],mute[MO],mute[MO],mute[MO],mute[MO],mute[MO],mute[MO],mute[MO],mute[MO],mute[MO],mute[MO],mute[MO],mute[MO],mute[MO],mute[MO],VWX,mute[MO],RVX,mute[MO],mute[MO],mute[MO],mute[MO],mute[MO],mute[MO],mute[MO],mute[MO],mute[MO],mute[MO],mute[MO],mute[MO],mute[MO],mute[MO],mute[MO],mute[MO],mute[MO],mute[MO],mute[MO],mute[MO],mute[MO],mute[MO],mute[MO],mute[MO],mute[MO],mute[MO],mute[MO],mute[MO],mute[MO],mute[MO],mute[MO],mute[MO],mute[MO],mute[MO],mute[MO],mute[MO],mute[MO],mute[MO],mute[MO],mute[MO],mute[MO],mute[MO],mute[MO],mute[MO],mute[MO],mute[MO],mute[MO],mute[MO],mute[MO],mute[MO],mute[MO],mute[MO],mute[MO],mute[MO],mute[MO],mute[MO],mute[MO],mute[MO],mute[MO],mute[MO],mute[MO],mute[MO],mute[MO],mute[MO],mute[MO],mute[MO],mute[MO],mute[MO],mute[MO],mute[MO],mute[MO],mute[MO],mute[MO],mute[MO],mute[MO],mute[MO],mute[MO],mute[MO],mute[MO],mute[MO],mute[MO],mute[MO],mute[MO],mute[MO],mute[MO],mute[MO],mute[MO],mute[MO],mute[MO],mute[MO],mute[MO],mute[MO],mute[MO],mute[MO],mute[MO],mute[MO],mute[MO],mute[MO],mute[MO],mute[MO],mute[MO],mute[MO],mute[MO],mute[MO],mute[MO],mute[MO],mute[MO],mute[MO],mute[MO],mute[MO],mute[MO],mute[MO],mute[MO],mute[MO],mute[MO],mute[MO],mute[MO],mute[MO],mute[MO],mute[MO],mute[MO],mute[MO],mute[MO],mute[MO],mute[MO],mute[MO],mute[MO],mute[MO],mute[MO],mute[MO],mute[MO],mute[MO],mute[MO],mute[MO],mute[MO],mute[MO],mute[MO],mute[MO],mute[MO],mute[MO],mute[MO],mute[MO],mute[MO],mute[MO],mute[MO],mute[MO],mute[MO],mute[MO],mute[MO],mute[MO],mute[MO],mute[MO],mute[MO],mute[MO],mute[MO],mute[MO],mute[MO],mute[MO],mute[MO],mute[MO],mute[MO],mute[MO],mute[MO],mute[MO],mute[MO],mute[MO],mute[MO],mute[MO],mute[MO],mute[MO],mute[MO],mute[MO],mute[MO],mute[MO],mute[MO],mute[MO],mute[MO],mute[MO],mute[MO],mute[MO],mute[MO],mute[MO],mute[MO],mute[MO],mute[MO],mute[MO],mute[MO],mute[MO],mute[MO],mute[MO],mute[MO],mute[MO],mute[MO],mute[MO],mute[MO],mute[MO],mute[MO],mute[MO],mute[MO],mute[MO],mute[MO],mute[MO],mute[MO],mute[MO],mute[MO],mute[MO],mute[MO],mute[MO],mute[MO],mute[MO],mute[MO],mute[MO],mute[MO],mute[MO],mute[MO],mute[MO],mute[MO],mute[MO],mute[MO],mute[MO],mute[MO],mute[MO],mute[MO],mute[MO],mute[MO],mute[MO],mute[MO],mute[MO],mute[MO],mute[MO],mute[MO],mute[MO],mute[MO],mute[MO],mute[MO],mute[MO],mute[MO],mute[MO],mute[MO],mute[MO],mute[MO],mute[MO],mute[MO],mute[MO],mute[MO],mute[MO],mute[MO],mute[MO],mute[MO],mute[MO],mute[MO],mute[MO],mute[MO],mute[MO],mute[MO],mute[MO],mute[MO],mute[MO],mute[MO],mute[MO],mute[MO],mute[MO],mute[MO],mute[MO],mute[MO],mute[MO],mute[MO],SVW,SV,SU,STUV,QSTV,","#a1[LMN],b1[LMN],(a1.c2.D-1)[KLN],d1[KL],(g1.b1)[MN],E-1[MN],#F-1[MN],G-1[MN],(d1.A-1)[MN],B-1[MN],c[MN],#c[MN],(c1.a1.d)[KL],d1[KL],(b.g1)[MN],e[MN],#f[MN],g[MN],(d1.a)[MN],b[MN],c1[MN],#c1[MN],(d1.a.c1)[MN],e1[MN],#f1[MN],g1[MN],(a1.d1)[MN],b1[MN],c2[MN],#c2[MN],(d2.g.b)[MN],e2[MN],#f2[MN],g2[MN],(a2.d1)[MN],b2[MN],c3[MN],#c3[MN],(d3.#f.a)[KL],d1[KL],d1[KLN],d1[KLM],(b1.d2.G-2)[KLN],d1[KL],(a1.c2)[MN],A-2[MN],B-2[MN],C-1[MN],(d1.D-1)[MN],E-1[MN],F-1[MN],#F-1[MN],(g1.b1.G-1)[KL],d1[KL],(c1.a1)[MN],A-1[MN],B-1[MN],c[MN],(d1.d)[MN],e[MN],f[MN],#f[MN],g[MN],a[MN],b[MN],c1[MN],(d1.g)[MN],e1[MN],f1[MN],#f1[MN],(g1.e.c)[MN],a1[MN],b1[MN],c2[MN],(d2.g)[MN],e2[MN],f2[MN],#f2[MN],(g2.d.B-1)[LM],b2[LM],(a2.g)[LM],g2[LM],(#f2.a.d)[LMN],e2[LM],(d2.#f)[LMN],c2[K],(b1.g.G-1)[N],c2[M],b1[M],c2[N],b1[M],c2[N],b1[M],c2[M],(b1.d)[N],c2[M],b1[N],c2[M],b1[N],c2[M],a1[N],b1[M],(c2.a)[N],d2[M],c2[N],d2[M],c2[N],d2[M],c2[N],d2[M],(c2.d)[N],d2[M],c2[N],d2[M],c2[N],d2[M],b1[N],c2[M],(d2.b)[N],e2[M],d2[N],e2[M],d2[N],e2[M],d2[N],e2[M],(d2.d)[N],e2[M],d2[N],e2[M],d2[N],e2[M],d2[N],e2[M],(d2.b)[N],(c2.e2)[M],#c2[N],d2[M],e2[MN],#f2[MN],(g2.d)[N],#f2[M],e2[N],d2[M],c2[N],b1[M],a1[N],g1[M],(c1.#f1.A-1)[KL],d[KN],d1[MN],(b.g1.G-1)[KL],d[KN],d1[MN],(g1.b1.D-1.d)[KL],d1[KL],(a1.#f1)[KL],d1[KLN],(b1.e2.#g.d)[KLN],(#g1.e)[KL],(c2.a.c)[MN],#d2[MN],f2[MN],e2[MN],(d2.c1)[MN],c2[MN],b1[MN],a1[MN],(a1.d2.#f)[KL],(#f1.d)[KL],(b1.g.B-1)[MN],#c2[MN],e2[MN],d2[MN],(c2.b)[MN],b1[MN],a1[MN],g1[MN],(d1.b1.d)[KL],g1[KL],(c1.a1.D-1)[LM],b1[M],a1[M],#g1[M],(#f1.a1)[LM],b1[LM],(b.g1.G-1)[LM],g[LM],a[LM],b[LM],c1[LM],#c1[LM],d1[LM],#d1[LM],e1[KL],(b1.#g2)[KL],(c2.a2)[MN],#d1[MN],f1[MN],e1[MN],(e2.c3.d1)[MN],c1[MN],b[MN],a[MN],d1[KL],(a1.#f2)[KL],(b1.g2)[MN],#c1[MN],e1[MN],d1[MN],(d2.b2.c1)[MN],b[MN],a[MN],g[MN],(e3.b.#g)[KL],(#g.e)[KL],(c1.a)[MN],#d3[MN],f3[MN],e3[MN],d3[MN],c3[MN],b2[MN],a2[MN],(d3.a.#f)[KL],(#f.d)[KL],(b.g)[MN],#c3[MN],e3[MN],d3[MN],c3[MN],b2[MN],a2[MN],g2[MN],(c3.g.e)[MN],b2[MN],d3[MN],c3[MN],(b2.a.#f)[MN],a2[MN],g2[MN],#f2[MN],(b2.#f.#d)[MN],#a2[MN],c3[MN],b2[MN],(a2.g.e)[MN],g2[MN],#f2[MN],e2[MN],(a2.c.e)[MN],g2[MN],#f2[MN],e2[MN],#d2[MN],e2[MN],#f2[MN],e2[MN],(d2.e1.c1)[MN],c2[MN],b1[MN],#a1[MN],e2[MN],#a1[MN],e2[MN],#a1[MN],(b1.#d1.b)[MN],b[MN],#c1[MN],#d1[MN],e1[MN],#f1[MN],#g1[MN],#a1[MN],b1[MN],#c2[MN],#d2[MN],e2[MN],#f2[MN],#g2[MN],#a2[MN],b2[MN],(a2.c.e)[MN],g2[MN],#f2[MN],e2[MN],#d2[MN],e2[MN],#f2[MN],e2[MN],(d2.e1.c1)[MN],c2[MN],b1[MN],#a1[MN],e2[MN],#a1[MN],e2[MN],#a1[MN],(b1.#d1.b)[MN],b[MN],#c1[MN],#d1[MN],e1[MN],#f1[MN],#g1[MN],#a1[MN],b1[MN],#c2[MN],#d2[MN],e2[MN],#f2[MN],#g2[MN],#a2[MN],b2[MN],(a2.c.e)[MN],g2[MN],#f2[MN],e2[MN],#d2[MN],e2[MN],#f2[MN],e2[MN],(d2.e1.c1)[MN],c2[MN],b1[MN],#a1[MN],e2[MN],#a1[MN],e2[MN],#a1[MN],(#a1.B-1.#f.#d)[MN],b1[MN],#a1[MN],b1[MN],#a1[MN],b1[MN],#a1[MN],b1[MN],#a1[MN],b1[MN],#a1[MN],b1[MN],#a1[MN],b1[MN],#a1[MN],b1[MN],(b1.#f1.#d1.b)[M],#c2[N],b1[M],#c2[N],b1[M],#c2[N],b1[M],#c2[N],b1[M],#c2[N],b1[M],#c2[N],b1[M],#c2[N],b1[M],#c2[N],b1[M],#c2[N],b1[M],#c2[N],b1[M],#c2[N],b1[M],#c2[N],b1[M],#c2[N],b1[M],#c2[N],b1[M],#c2[N],b1[M],#c2[N],b1[M],#c2[N],b1[M],#c2[N],b1[M],#c2[N],b1[M],#c2[N],b1[M],#c2[N],b1[M],#c2[N],b1[M],#c2[N],b1[M],#c2[N],#a1[JK],#c2[JK],b1[IKL],b1[KN],(b1.#g1.e1)[LN],(#g1.e1)[LN],(#g1.e1)[LN],(#g1.e1)[L],(#d2.#g1.e1)[MN],#c2[M],(b1.#g1.e1)[LN],(b1.#g1.e1)[LN],(#g1.e1)[LN],(#g1.e1)[L],(#g1.e1)[LN],(#g2.#g1.e1)[LN],(e2.#g1.e1)[LN],(b1.a1.#f1.#d1)[LN],(a1.#f1.#d1)[L],(a1.#f1.#d1)[LN],(a1.#f1.#d1)[LN],(#d2.a1.#f1.#d1)[M],#c2[MN],(b1.a1.#f1.#d1)[LN],(b1.a1.#f1.#d1)[L],(a1.#f1.#d1)[LN],(a1.#f1.#d1)[LN],(a1.#f1.#d1)[LN],(a2.a1.#f1.#d1)[LN],(#f2.a1.#f1.#d1)[L],(#g2.#g1.e1)[LN],(e1.#g1)[LN],(e1.#g1)[LN],(e1.#g1)[LN],(#f2.e1.#g1)[L],(e2.e1.#g1)[LN],(e2.#c1.e1)[LN],(#c1.e1)[LN],(#c1.e1)[LN],(#c1.e1)[L],(#d2.#c1.e1)[LN],(#c2.#c1.e1)[LN],(#d2.a.#c1.#f1)[N],#c2[L],(c2.#f1.a.#c1)[LN],(#c2.a.#c1.#f1)[LN],(#d2.a.#c1.#f1)[N],#c2[L],(c2.#f1.a.#c1)[LM],(#c2.a.#c1.#f1)[LN],(c2.c1.#d1.#g)[N],#c2[M],#d2[IJK],#g1[LM],(#g1.e1.#c1)[LN],(#c1.e1)[LN],(e1.#c1)[L],(#c1.e1)[LN],(b1.e1.#c1)[MN],a1[M],(#g1.#c1.e1)[LN],(#g1.e1.#c1)[LN],(#c1.e1)[L],(e1.#c1)[LN],(#c1.e1)[LN],(e2.e1.#c1)[LN],(#c2.#c1.e1)[LN],(#g1.#f1.#d1.c1)[L],(c1.#d1.#f1)[LN],(#f1.#d1.c1)[LN],(c1.#d1.#f1)[LN],(b1.#f1.#d1.c1)[M],a1[MN],(#g1.c1.#d1.#f1)[L],(#g1.#f1.#d1.c1)[LN],(c1.#d1.#f1)[LN],(#f1.#d1.c1)[LN],(c1.#d1.#f1)[LN],(#f2.#f1.#d1.c1)[L],(#d2.c1.#d1.#f1)[LN],(#g1.e1.#c1)[N],e2[L],(e1.#c1)[LN],(e1.#c1)[LN],(e1.#c1)[L],(#d2.e1.#c1)[LN],(#c2.e1.#c1)[LN],(#f1.b1.b.#d)[LN],(b.#d)[LN],(b.#d)[L],(#d.b)[LN],(#c2.#d.b)[LN],(a1.#d.b)[LN],(e1.b.e)[LN],(b1.b.e)[L],(#g1.b.e)[LN],(#d1.B-1.a)[LN],(a1.B-1.a)[LN],(#f1.B-1.a)[LN],(e1.e.#g)[M],b[M],#c1[MN],#d1[M],e1[MN],#f1[M],#g1[M],#d1[MN],e1[M],#f1[MN],#g1[M],a1[M],(b1.#g1.e1)[MN],#a1[M],(#c2.#g1.e1)[MN],b1[M],(e2.#g1.e1)[M],#d2[MN],(#f2.#g1.e1)[M],e2[MN],(#g2.#g1.e1)[M],#f2[M],(a2.#g1.e1)[MN],#g2[M],(b2.#g1.e1)[MN],#a2[M],(#c3.#g1.e1)[M],b2[MN],(a2.#g1.e1)[M],#g2[MN],(#f2.#g1.e1)[M],e2[M],(#d2.#g1.e1)[MN],e2[M],(#g2.#g1.e1)[MN],e2[M],(b1.a1.#f1.#d1)[M],#a1[MN],(#c2.a1.#f1.#d1)[M],b1[MN],(#f2.a1.#f1.#d1)[M],f2[M],(#g2.a1.#f1.#d1)[MN],#f2[M],(a2.a1.#f1.#d1)[MN],#g2[M],(b2.a1.#f1.#d1)[M],a2[MN],(#c3.b1.a1.#f1.#d1)[M],b2[MN],(a2.b1.a1.#f1.#d1)[M],#g2[M],(#f2.b1.a1.#f1.#d1)[MN],f2[M],(#f2.b1.a1.#f1.#d1)[MN],#g2[M],(a2.b1.a1.#f1.#d1)[M],#f2[MN],(b2.b1.a1.#f1.#d1)[M],a2[MN],(a2.#g1.e1)[M],#g2[M],(#f2.#g1.e1)[MN],#g2[M],(a2.#g1.e1)[MN],#g2[M],(#f2.e1.#c1)[M],e2[MN],(#d2.e1.#c1)[M],e2[MN],(#f2.e1.#c1)[M],e2[M],(#d2.e1.#c1)[MN],e2[M],(#f2.e1.#c1)[MN],e2[M],(#d2.e1.#c1)[M],e2[MN],(#f2.e1.#c1)[M],e2[MN],(#d2.e1.#c1)[M],e2[M],(#f2.e1.#c1)[MN],e2[M],(#d2.#f1.#c1.a)[MN],#c2[M],(c2.#f1.#c1.a)[M],#c2[MN],(#d2.#f1.#c1.a)[MN],#c2[M],(c2.#f1.#c1.a)[MN],#c2[MN],(#d2.#f1.#c1.a)[M],#c2[MN],(c2.#f1.#c1.a)[MN],#c2[MN],(c2.c1.#d1.#g)[N],#c2[M],#d2[IJKMN],#f1[MN],#g1[M],(a1.e1.#c1)[MN],#g1[M],(g1.#c1.e1)[MN],#g1[M],(#c2.#c1.e1)[M],#g1[MN],(e2.e1.#c1)[M],#c2[MN],(#g2.#c1.e1)[M],e2[M],(#c3.#c1.e1)[MN],#g2[M],(e3.e1.#c1)[MN],#c3[M],(#g2.#c1.e1)[M],#c3[MN],(e2.#c1.e1)[M],#g2[MN],(#c2.e1.#c1)[M],e2[M],(#g1.#c1.e1)[MN],#g2[M],(e2.#c1.e1)[MN],#c2[M],(a1.#f1.#d1.c1)[M],#g1[MN],(g1.#d1.c1.#f1)[M],#g1[MN],(#d2.c1.#d1.#f1)[M],#g1[M],(#f2.#f1.#d1.c1)[MN],#d2[M],(#g2.#d1.c1.#f1)[MN],#f2[M],(#d3.c1.#d1.#f1)[M],#g2[MN],(#f2.#f1.#d1.c1)[M],#g2[MN],(#d2.#d1.c1.#f1)[M],#f2[M],(c2.c1.#d1.#f1)[MN],#d2[M],(#g1.#f1.#d1.c1)[MN],a2[M],(#g2.#d1.c1.#f1)[M],#f2[MN],(e2.c1.#d1.#f1)[M],#d2[MN],(#f2.e1.#c1)[M],e2[M],(#d2.e1.#c1)[MN],e2[M],(#f2.e1.#c1)[MN],e2[M],(#d2.#c.e)[M],e2[MN],(#f2.#c.e)[M],e2[MN],(#d2.#c.e)[M],#c2[M],(#c2.#f.#d)[MN],b1[M],(#a1.#f.#d)[MN],b1[M],(#c2.#f.#d)[M],b1[MN],(b1.b.#d)[M],a1[MN],(#g1.b.#d)[M],a1[M],(#c2.b.#d)[MN],a1[M],(a1.b.e)[MN],#g1[M],(g1.b.e)[M],#g1[MN],(b1.b.e)[M],#g1[MN],(#g1.a.B-1)[M],#f1[M],(f1.a.B-1)[MN],#f1[M],(a1.a.B-1)[MN],#f1[M],(e1.#g.e)[M],b[MN],#c1[M],#d1[MN],e1[M],#f1[M],#g1[MN],#d1[M],e1[MN],#f1[M],(#g1.B-1)[M],a1[MN],(b1.B-1)[M],g1[MN],e1[M],g1[M],b1[MN],g1[M],e1[MN],g1[M],(b1.c)[M],g1[MN],(e1.B-1)[M],g1[MN],(b1.B-1)[M],g1[M],e1[MN],g1[M],b1[MN],g1[M],e1[M],g1[MN],(b1.g)[M],g1[MN],(e1.e)[M],g1[M],(b1.B-1)[MN],#f1[M],e1[MN],#f1[M],b1[M],#f1[MN],e1[M],#f1[MN],(b1.c)[M],#f1[M],(e1.B-1)[MN],#f1[M],(b1.B-1)[MN],#f1[M],#d1[M],#f1[MN],b1[M],#f1[MN],#d1[M],#f1[M],(b1.a)[MN],#f1[M],(#d1.#f)[MN],#f1[M],(b1.e)[M],#g1[MN],e1[M],#g1[MN],b1[M],#g1[M],e1[MN],#g1[M],(b1.d1)[MN],#g1[M],(e1.b)[M],#g1[MN],(c2.A-1)[M],a1[MN],e1[M],a1[M],c2[MN],a1[M],e1[MN],a1[M],(c2.g)[M],a1[MN],(e1.e)[M],a1[MN],(c2.D-1)[M],a1[M],#f1[MN],a1[M],c2[MN],a1[M],#f1[M],a1[MN],c1[M],#f1[MN],a[M],c1[M],#f[MN],a[M],d[MN],#f[M],a[M],#f[MN],c1[M],a[MN],#f1[M],c1[M],a1[MN],#f1[M],(c2.#D-1)[MN],a1[M],#f1[M],a1[MN],c1[M],#f1[MN],a[M],c1[M],#f1[MN],c1[M],a1[MN],#f1[M],c2[M],a1[MN],#f2[M],c2[MN],a2[M],#f2[M],c2[MN],#f2[M],a1[MN],c2[M],#f2[M],c2[MN],a2[M],#f2[MN],c3[M],a2[M],#f2[MN],a2[M],(c2.d.c1.a.#f)[MN],#f2[M],a1[M],c2[MN],#f2[M],c2[MN],a2[M],#f2[M],c3[MN],a2[M],#f2[MN],a2[M],(c2.c1.a.#f.d)[M],#f2[MN],a1[M],c2[MN],#f2[M],c2[M],a2[MN],#f2[M],c3[MN],a2[M],e3[M],d3[MN],c3[M],b2[MN],a2[M],g2[M],#f2[MN],a2[M],c3[MN],b2[M],a2[M],g2[MN],#f2[M],e2[MN],d2[M],#f2[MN],a2[MN],g2[M],#f2[M],e2[M],d2[M],c2[M],e2[JMN],d2[JM],c2[JL],b1[JKLM],#a1[HJKM],"],"id":2},{"bpm":162,"baseBeats":0.3125,"scores":["TU,TVW,5<VX>,mute[MO],mute[MO],VWXY,mute[MO],VWXY,mute[MO],mute[MO],mute[MO],TU,TUWX,mute[MO],mute[MO],mute[MO],mute[MO],mute[MO],mute[MO],mute[MO],mute[MO],mute[MO],TU,TWX,mute[MO],TU,TWX,mute[MO],TU,TU,TU,TU,TU,TUWX,mute[MO],mute[MO],mute[MO],mute[MO],mute[MO],mute[MO],mute[MO],mute[MO],mute[MO],TU,TUWX,mute[MO],mute[MO],mute[MO],mute[MO],mute[MO],mute[MO],mute[MO],mute[MO],mute[MO],TU,TU,UVW,mute[MO],mute[MO],UV,UV,UV,UV,UV,UV,UV,UV,UV,UV,TU,TUWX,mute[MO],mute[MO],mute[MO],mute[MO],mute[MO],mute[MO],mute[MO],mute[MO],mute[MO],TU,TUV,mute[MO],mute[MO],mute[MO],mute[MO],mute[MO],mute[MO],mute[MO],mute[MO],mute[MO],mute[MO],mute[MO],mute[MO],mute[MO],mute[MO],mute[MO],mute[MO],mute[MO],mute[MO],mute[MO],mute[MO],mute[MO],mute[MO],mute[MO],mute[MO],mute[MO],mute[MO],mute[MO],mute[MO],TU,TU,TUW,TUV,TUW,TUWX,mute[MO],mute[MO],mute[MO],mute[MO],mute[MO],mute[MO],mute[MO],mute[MO],mute[MO],TU,TUV,mute[MO],mute[MO],mute[MO],mute[MO],mute[MO],mute[MO],mute[MO],mute[MO],mute[MO],mute[MO],mute[MO],mute[MO],mute[MO],mute[MO],mute[MO],mute[MO],mute[MO],mute[MO],mute[MO],mute[MO],mute[MO],mute[MO],mute[MO],mute[MO],mute[MO],mute[MO],mute[MO],mute[MO],UV,UV,UV,UV,UV,UV,UV,UVW,mute[MO],5<VX>,mute[MO],VWXY,mute[MO],VWXY,mute[MO],VWXY,mute[MO],VWXY,mute[MO],5<VX>,mute[MO],VWXY,mute[MO],VWXY,mute[MO],VWXY,mute[MO],VWXY,mute[MO],5<VX>,5<VX>,mute[MO],mute[MO],mute[MO],mute[MO],mute[MO],mute[MO],mute[MO],mute[MO],mute[MO],mute[MO],mute[MO],TU,TWX,mute[MO],TU,TWX,mute[MO],TU,TU,TU,TU,TU,TUWX,mute[MO],mute[MO],mute[MO],mute[MO],mute[MO],mute[MO],mute[MO],mute[MO],mute[MO],TU,TUWX,mute[MO],mute[MO],mute[MO],mute[MO],mute[MO],mute[MO],mute[MO],mute[MO],mute[MO],TU,TU,UVW,mute[MO],mute[MO],UV,UV,TU,TU,TUW,TUV,TUV,TU,T,UV,UV,UV,TV,TU,T,U,T,U,T,U,T,U,T,U,T,U,TU,TU,U,U,U,U,U,UW,mute[MO],VWXY,mute[MO],VWXY,mute[MO],VWXY,mute[MO],VWXY,mute[MO],5<VX>,mute[MO],mute[MO],5<VX>,mute[MO],mute[MO],mute[MO],mute[MO],mute[MO],mute[MO],mute[MO],mute[MO],mute[MO],mute[MO],mute[MO],mute[MO],mute[MO],mute[MO],mute[MO],mute[MO],mute[MO],mute[MO],mute[MO],UV,U,U,U,U,U,U,U,U,U,U,U,U,U,TU,T,U,UX,5<VX>,mute[MO],mute[MO],T,U,TU,T,U,UX,5<VX>,mute[MO],mute[MO],T,U,UV,T,UV,U,UV,mute[MO],mute[MO],UV,mute[MO],mute[MO],UVW,mute[MO],mute[MO],UV,mute[MO],mute[MO],UV,mute[MO],mute[MO],UV,mute[MO],mute[MO],mute[MO],mute[MO],UW,UV,UW,UV,UW,UW,UV,TV,TUVW,U,U,U,U,U,UV,TV,U,U,UV,TV,U,U,TU,TU,TU,TU,U,U,U,U,U,U,U,U,U,U,U,U,U,U,U,U,U,U,U,U,U,U,U,U,U,U,U,U,U,U,U,U,U,U,U,U,U,U,U,U,U,U,U,U,U,U,U,U,U,U,U,UWX,mute[MO],U,UWX,mute[MO],U,UWX,mute[MO],UX,mute[MO],mute[MO],mute[MO],mute[MO],mute[MO],mute[MO],mute[MO],mute[MO],mute[MO],mute[MO],mute[MO],mute[MO],mute[MO],mute[MO],mute[MO],mute[MO],mute[MO],mute[MO],mute[MO],U,U,U,U,U,U,U,U,U,U,U,U,UVW,mute[MO],mute[MO],RU,T,mute[MO],mute[MO],RTW,TUW,TUWX,mute[MO],mute[MO],mute[MO],mute[MO],mute[MO],mute[MO],mute[MO],mute[MO],mute[MO],TU,TWX,mute[MO],TU,TWX,mute[MO],TU,TUWX,mute[MO],mute[MO],mute[MO],mute[MO],mute[MO],mute[MO],mute[MO],mute[MO],mute[MO],UVW,mute[MO],mute[MO],TWX,mute[MO],UVW,mute[MO],mute[MO],TWX,mute[MO],UVW,mute[MO],mute[MO],TWX,mute[MO],UVW,mute[MO],mute[MO],TWX,mute[MO],UVW,mute[MO],mute[MO],TWX,mute[MO],UVW,mute[MO],mute[MO],TWX,mute[MO],UVW,mute[MO],mute[MO],TWX,mute[MO],UVW,mute[MO],mute[MO],TWX,mute[MO],U,U,U,U,U,U,U,U,U,U,U,U,U,U,U,U,U,U,U,U,U,U,U,U,U,U,U,U,U,U,U,U,U,U,U,U,U,U,U,U,U,U,U,U,U,U,U,U,U,U,UW,mute[MO],mute[MO],mute[MO],mute[MO],mute[MO],mute[MO],mute[MO],mute[MO],mute[MO],mute[MO],mute[MO],mute[MO],mute[MO],mute[MO],U,U,U,U,U,UWX,mute[MO],mute[MO],mute[MO],mute[MO],mute[MO],mute[MO],mute[MO],mute[MO],VWXY,mute[MO],VWXY,mute[MO],mute[MO],VWXY,mute[MO],VWXY,mute[MO],mute[MO],VWXY,mute[MO],VWXY,mute[MO],mute[MO],VWXY,mute[MO],VWXY,mute[MO],mute[MO],VWXY,mute[MO],VWXY,mute[MO],mute[MO],VWXY,mute[MO],VWXY,mute[MO],mute[MO],VWXY,mute[MO],VWXY,mute[MO],mute[MO],VWXY,mute[MO],VWXY,mute[MO],mute[MO],VWXY,mute[MO],VWXY,mute[MO],mute[MO],VWXY,mute[MO],VWXY,mute[MO],mute[MO],mute[MO],VWXY,mute[MO],mute[MO],mute[MO],mute[MO],VWXY,mute[MO],mute[MO],mute[MO],UVW,UVW,TUW,TUW,TUY,mute[MO],VWXY,mute[MO],mute[MO],VWXY,VWXY,mute[MO],mute[MO],TU,TUWX,mute[MO],mute[MO],mute[MO],mute[MO],mute[MO],mute[MO],mute[MO],mute[MO],mute[MO],TU,TWX,mute[MO],TU,TWX,mute[MO],TU,TU,TU,TU,TU,TUWX,mute[MO],mute[MO],mute[MO],mute[MO],mute[MO],mute[MO],mute[MO],mute[MO],mute[MO],TU,TUWX,mute[MO],mute[MO],mute[MO],mute[MO],mute[MO],mute[MO],mute[MO],mute[MO],mute[MO],UV,UV,UV,UVWX,mute[MO],mute[MO],mute[MO],mute[MO],mute[MO],mute[MO],mute[MO],mute[MO],mute[MO],UV,UV,UV,UV,mute[MO],mute[MO],mute[MO],mute[MO],mute[MO],mute[MO],mute[MO],mute[MO],mute[MO],mute[MO],mute[MO],mute[MO],UV,UV,UV,mute[MO],mute[MO],mute[MO],mute[MO],mute[MO],mute[MO],mute[MO],mute[MO],mute[MO],mute[MO],mute[MO],mute[MO],UV,UV,UVW,mute[MO],mute[MO],mute[MO],mute[MO],mute[MO],mute[MO],mute[MO],mute[MO],mute[MO],mute[MO],mute[MO],mute[MO],mute[MO],mute[MO],mute[MO],mute[MO],mute[MO],mute[MO],mute[MO],mute[MO],mute[MO],mute[MO],mute[MO],mute[MO],mute[MO],mute[MO],mute[MO],mute[MO],mute[MO],mute[MO],mute[MO],mute[MO],mute[MO],mute[MO],mute[MO],mute[MO],mute[MO],mute[MO],mute[MO],mute[MO],mute[MO],mute[MO],mute[MO],mute[MO],mute[MO],mute[MO],mute[MO],mute[MO],mute[MO],mute[MO],mute[MO],mute[MO],mute[MO],mute[MO],mute[MO],mute[MO],mute[MO],mute[MO],mute[MO],mute[MO],mute[MO],mute[MO],mute[MO],mute[MO],mute[MO],mute[MO],mute[MO],mute[MO],mute[MO],mute[MO],mute[MO],mute[MO],mute[MO],mute[MO],mute[MO],mute[MO],mute[MO],mute[MO],mute[MO],mute[MO],UVW,RUVW,UV,UVW,UV,UVW,UV,U,U,SUW,TVW,TUW,TU,TU,TU,TU,TU,TU,TU,TU,TUWX,mute[MO],mute[MO],mute[MO],mute[MO],mute[MO],mute[MO],mute[MO],mute[MO],mute[MO],TU,TU,TU,TU,UV,UV,UV,UV,UV,UV,UV,UV,UV,UV,UV,UV,UV,UV,UV,UV,UV,UV,UV,UVWX,mute[MO],mute[MO],mute[MO],mute[MO],mute[MO],mute[MO],mute[MO],mute[MO],mute[MO],UV,UV,UV,UV,UV,UV,UV,UV,U,U,U,U,U,U,VWY,mute[MO],VWXY,mute[MO],VWY,mute[MO],VWXY,mute[MO],U,U,U,U,U,U,U,U,U,U,U,UW,mute[MO],mute[MO],mute[MO],mute[MO],mute[MO],mute[MO],mute[MO],mute[MO],mute[MO],mute[MO],mute[MO],mute[MO],mute[MO],mute[MO],mute[MO],mute[MO],mute[MO],mute[MO],mute[MO],mute[MO],mute[MO],mute[MO],mute[MO],mute[MO],mute[MO],mute[MO],mute[MO],mute[MO],mute[MO],mute[MO],mute[MO],mute[MO],U,UX,mute[MO],U,U,STVX,mute[MO],UW,mute[MO],mute[MO],UX,mute[MO],UX,mute[MO],STUV,UX,mute[MO],UX,mute[MO],UW,mute[MO],mute[MO],UW,mute[MO],mute[MO],UW,mute[MO],mute[MO],UW,mute[MO],mute[MO],U,UX,mute[MO],UW,mute[MO],mute[MO],mute[MO],mute[MO],U,R,RTU,QQW,","(b1.g.G-1)[KL],d[KL],(c2.a)[N],d2[M],c2[N],d2[M],c2[N],d2[M],c2[N],d2[M],(c2.d)[N],d2[M],c2[N],d2[M],b1[MN],c2[MN],(d2.b)[KL],d[KL],b[MN],#c2[MN],e2[MN],d2[MN],(c2.d)[MN],b1[MN],a1[MN],g1[MN],(c1.#f1.A-1)[KL],d[KN],d1[MN],(b.g1.G-1)[KL],d[KN],d1[MN],(g1.b1.D-1.d)[KL],d1[KL],(a1.#f1)[KL],d1[KL],(#f1.b1.#d)[KL],(#d1.B-1)[KL],(g1.e)[MN],#a1[MN],c2[MN],b1[MN],(a1.#f)[MN],g1[MN],#f1[MN],e1[MN],(e1.a1.#c)[KL],(#c1.A-1)[KL],(#f1.d)[MN],#g1[MN],b1[MN],a1[MN],(g1.#f)[MN],#f1[MN],e1[MN],d1[MN],(d1.#f1.a)[KL],A-1[KL],(#c1.e1.g)[LM],#f1[M],e1[M],#d1[M],(e1.A-1)[LM],#f1[LM],(d1.#f.d)[LM],e1[LM],#f1[LM],g1[LM],#g1[LM],a1[LM],#a1[LM],b1[LM],(a1.c2.D-1)[KL],d1[KL],(g1.b1)[MN],E-1[MN],#F-1[MN],G-1[MN],(d1.A-1)[MN],B-1[MN],c[MN],#c[MN],(c1.a1.d)[KL],d1[KL],(b.g1)[MN],e[MN],#f[MN],g[MN],(d1.a)[MN],b[MN],c1[MN],#c1[MN],(d1.a.c1)[MN],e1[MN],#f1[MN],g1[MN],(a1.d1)[MN],b1[MN],c2[MN],#c2[MN],(d2.g.b)[MN],e2[MN],#f2[MN],g2[MN],(a2.d1)[MN],b2[MN],c3[MN],#c3[MN],(d3.#f.a)[KL],d1[KL],d1[KLN],d1[KLM],(b1.d2.G-2)[KLN],d1[KL],(a1.c2)[MN],A-2[MN],B-2[MN],C-1[MN],(d1.D-1)[MN],E-1[MN],F-1[MN],#F-1[MN],(g1.b1.G-1)[KL],d1[KL],(c1.a1)[MN],A-1[MN],B-1[MN],c[MN],(d1.d)[MN],e[MN],f[MN],#f[MN],g[MN],a[MN],b[MN],c1[MN],(d1.g)[MN],e1[MN],f1[MN],#f1[MN],(g1.e.c)[MN],a1[MN],b1[MN],c2[MN],(d2.g)[MN],e2[MN],f2[MN],#f2[MN],(g2.d.B-1)[LM],b2[LM],(a2.g)[LM],g2[LM],(#f2.a.d)[LM],e2[LM],(d2.#f)[LM],c2[LM],(b1.g.G-1)[N],b2[M],c3[M],b2[N],c3[N],b2[M],c3[M],b2[N],(c3.d)[N],b2[M],c3[M],b2[N],c3[N],b2[M],a2[M],b2[N],(c2.a)[N],c3[M],d3[M],c3[N],d3[N],c3[M],d3[M],c3[N],(d3.d)[N],c3[M],d3[M],c3[N],d3[N],c3[M],b2[M],c3[N],(d2.b)[N],d3[M],e3[M],d3[N],e3[N],d3[M],e3[M],d3[N],(e3.d)[N],d3[M],e3[M],d3[N],e3[N],d3[M],e3[M],d3[N],(e3.b)[N],d3[N],c3[M],b2[M],a2[M],g2[M],#f2[M],(e2.d)[M],d2[M],c2[M],b1[M],a1[M],g1[M],(c1.#f1.A-1)[KL],d[KN],d1[MN],(b.g1.G-1)[KL],d[KN],d1[MN],(g1.b1.D-1.d)[KL],d1[KL],(a1.#f1)[KL],d1[KL],(b1.e2.#g.d)[KL],(#g1.e)[KL],(c2.a.c)[MN],#d2[MN],f2[MN],e2[MN],(d2.c1)[MN],c2[MN],b1[MN],a1[MN],(a1.d2.#f)[KL],(#f1.d)[KL],(b1.g.B-1)[MN],#c2[MN],e2[MN],d2[MN],(c2.b)[MN],b1[MN],a1[MN],g1[MN],(d1.b1.d)[KL],g1[KL],(c1.a1.D-1)[LM],b1[M],a1[M],#g1[M],(#f1.a1)[LM],b1[LM],(b.g1.G-1)[KL],d2[KL],d2[KLN],d2[KLM],d2[KLM],(a1.#f1.c1)[KL],(a1.#f1.c1)[K],d2[L],#f2[M],e2[LM],d2[L],d2[M],g2[KM],(g1.b.d1)[KL],(g1.d1.b)[K],#f2[L],e2[K],d2[L],d2[K],c2[L],(b1.c1.a)[K],a1[L],g1[K],#f1[L],(e2.c1.a.d)[K],d2[L],c2[KL],(b1.b.g)[KL],(d1.b)[L],b1[L],#a1[L],(b1.g1.d1)[L],c2[L],#c2[L],#c2[N],d2[N],#c2[M],d2[M],#c2[N],d2[N],#c2[M],d2[M],(#c2.a1.#f1.c1)[N],d2[N],#c2[M],d2[M],#c2[N],d2[N],#c2[M],d2[M],(#c2.a1.#f1.c1)[N],d2[N],#c2[M],d2[M],#c2[N],d2[N],#c2[M],d2[M],#c2[N],d2[N],#c2[M],d2[M],#c2[N],d2[N],#c2[M],d2[M],#c2[M],d2[M],e2[M],d2[M],#c2[M],d2[M],(e2.g1.b.d1)[M],#f2[M],e2[MN],d2[M],e2[MN],(#f2.g1.d1.b)[M],g2[M],#f2[MN],e2[MN],#f2[M],a2[M],g2[L],#f2[M],e2[L],e2[L],d2[L],c2[L],(c2.c1.a)[L],b1[L],a1[L],a1[L],g1[L],#f1[L],(#f1.c1.a.d)[L],e2[L],d2[L],c2[KL],(b1.g)[K],b[L],d1[LM],c2[N],b1[N],#a1[M],b1[M],d2[K],c2[L],b1[KL],(a1.#f)[K],a[L],#d1[LM],b1[N],a1[N],#g1[M],a1[M],c2[K],b1[L],a1[LM],g1[LM],e[M],g[L],(b1.b)[M],a1[L],g1[LN],(f1.d)[MN],f[MN],b[LN],a1[MN],g1[MN],f1[LM],(e1.c)[MN],e[MN],g[LN],g1[MN],f1[MN],e1[LN],(d1.B-1)[MN],d[MN],#g[LN],f1[MN],e1[M],(d1.A-1)[MN],c1[MN],(c2.a)[LN],G-1[LM],(c2.g)[LN],#F-1[LM],(c2.#f)[LN],E-1[LN],(c2.e)[LM],(D-1.d)[KM],c3[KLMN],a2[L],#f2[L],a2[L],#f2[L],c2[L],(b1.G-1)[LM],g2[KM],d2[L],b1[L],(a1.E-1.C-1.A-1)[LM],e2[KM],c2[L],a1[L],(g1.D-1.G-1.B-1)[KL],(d1.g1.d.b)[KL],(a1.#f)[KL],#a1[KL],(#a1.G-1)[L],B-1[L],d[L],(b1.g)[L],b[L],d1[L],g1[L],b1[L],#a1[L],b1[L],d2[L],c2[L],(b1.#f)[L],a[L],b[L],(a1.#d1)[L],b[L],a[L],#f[L],a1[L],#g1[L],a1[L],c2[L],b1[L],a1[L],(g1.e)[L],(#f1.g)[L],(g1.b)[L],b1[L],a1[L],g1[L],(f1.d)[L],(e1.f)[L],(f1.b)[L],a1[L],g1[L],f1[L],(e1.c)[L],(#d1.e)[L],(e1.g)[L],g1[L],f1[L],e1[L],(d1.B-1)[L],(#c1.d)[L],(d1.#g)[L],f1[L],e1[L],(d1.A-1)[L],(c1.c)[L],(c2.a)[L],G-1[L],B-1[M],c2[M],g[L],#F-1[L],A-1[M],c3[M],#f[L],E-1[L],G-1[M],c3[M],e[L],(D-1.#F-1.d)[MN],b2[MN],c3[MN],b2[MN],(c3.c1.a.#f.d)[MN],b2[MN],c3[MN],b2[MN],c3[MN],b2[MN],a2[MN],g2[MN],#f2[MN],e2[MN],d2[MN],c2[MN],(b1.g.b)[L],g2[L],#f2[L],g2[L],d2[L],b1[L],(a1.c.e.a)[L],e2[L],#d2[L],e2[L],c2[L],a1[L],(d.g.b)[LM],g1[MN],b1[MN],d2[IL],(D-1.d)[LMN],a[MN],c1[MN],#f1[IKN],(b.d1.g)[KLN],g1[KL],(e1.c1)[MN],#f[MN],a[MN],g[MN],(g1.f)[MN],e[MN],d[MN],c[MN],(f1.d1.B-1)[KL],g1[KN],G-1[MN],(e1.c1.c)[KL],g1[KN],e[MN],(b.d1.g)[KL],g1[KL],(e1.c1)[MN],#f[MN],a[MN],g[MN],(g1.f)[MN],e[MN],d[MN],c[MN],B-1[LM],d1[MN],f1[MN],g1[KN],G-1[MN],c[LM],c2[MN],e2[MN],g2[KN],e[MN],#G-1[LM],b[MN],d1[MN],e1[KN],E-1[MN],A-1[LM],a1[MN],c2[MN],e2[KN],c[MN],#F-1[LM],a[MN],c1[MN],d1[KN],D-1[MN],G-1[LM],b1[MN],d2[MN],g2[KN],B-1[MN],E-1[LM],b1[MN],g2[MN],b2[KN],G-1[MN],#C-1[LM],b1[MN],g2[MN],b2[KN],G-1[MN],D-1[L],g2[L],b2[L],d3[L],b2[L],g2[L],b2[L],g2[L],d2[L],g2[L],d2[L],b1[L],d2[L],b1[L],g1[L],b1[L],g1[L],d1[L],g1[L],d1[L],b[L],d1[L],b[L],g[L],(d.D-1)[L],(g.G-1)[L],(b.B-1)[L],(g.G-1)[L],(b.B-1)[L],(d1.d)[L],(b.B-1)[L],(d1.d)[L],(g1.g)[L],(d1.d)[L],(g1.g)[L],(b1.b)[L],(g1.g)[L],(b1.b)[L],(d2.d1)[L],(b1.b)[L],(d2.d1)[L],(g2.g1)[L],(d2.d1)[L],(g2.g1)[L],(b2.b1)[L],(d3.d2)[L],(d3.b1)[L],(d3.g1)[L],(d3.b1.g1.d1)[L],c3[L],e3[L],d3[MN],c3[MN],b2[MN],a2[MN],c3[MN],b2[MN],a2[MN],g2[MN],#f2[MN],g2[MN],a2[MN],g2[MN],b2[L],a2[L],c3[L],b2[L],d3[L],c3[L],b2[MN],a2[MN],g2[MN],#f2[MN],e2[MN],d2[MN],c2[MN],b1[MN],(a1.c1.a.#f.d)[N],b1[M],a1[N],b1[M],a1[N],b1[M],a1[N],b1[M],a1[N],b1[M],a1[N],b1[M],a1[N],b1[M],a1[N],b1[M],a1[N],b1[M],a1[N],b1[M],a1[N],b1[M],#g1[N],a1[M],d2[N],e2[M],d2[N],e2[M],d2[N],e2[M],d2[N],e2[M],d2[N],e2[M],d2[N],e2[M],d2[N],e2[M],d2[N],e2[M],d2[N],e2[M],d2[N],e2[M],d2[N],e2[M],d2[N],e2[M],#c2[N],d2[M],#c2[N],d2[M],#c2[N],d2[M],#c2[N],d2[M],#c2[N],d2[M],#c2[N],d2[M],#c2[N],d2[M],#c2[N],d2[M],#c2[N],d2[M],#c2[N],d2[M],#c2[N],d2[M],#c2[N],d2[M],c2[N],d2[M],c2[N],d2[M],c2[N],d2[M],c2[N],d2[M],c2[N],d2[M],c2[N],d2[M],c2[N],d2[M],c2[N],d2[M],c2[N],d2[M],c2[N],d2[M],c2[N],d2[M],c2[N],d2[M],c2[N],d2[M],c2[N],d2[M],c2[M],d2[N],c2[N],d2[M],c2[M],d2[N],c2[M],d2[N],c2[M],d2[M],c2[N],d2[N],c2[M],d2[M],c2[M],d2[N],b1[LMN],d2[LMN],c2[KLN],(b1.g.G-1)[KLN],d[KL],(c2.a)[M],d2[N],c2[M],d2[N],c2[M],d2[N],c2[M],d2[N],(c2.d)[M],d2[N],c2[M],d2[N],b1[MN],c2[MN],(d2.b)[KL],d[KL],b[MN],#c2[MN],e2[MN],d2[MN],(c2.d)[MN],b1[MN],a1[MN],g1[MN],(c1.#f1.A-1)[KL],d[KN],d1[MN],(b.g1.G-1)[KL],d[KN],d1[MN],(g1.b1.D-1.d)[KL],d1[KL],(a1.#f1)[KL],d1[KL],(b1.e2.#g.d)[KL],(#g1.e)[KL],(c2.a.c)[MN],#d2[MN],f2[MN],e2[MN],(d2.c1)[MN],c2[MN],b1[MN],a1[MN],(a1.d2.#f)[KL],(#f1.d)[KL],(b1.g.B-1)[MN],#c2[MN],e2[MN],d2[MN],(c2.b)[MN],b1[MN],a1[MN],g1[MN],e1[LM],(#g1.e2)[LM],(a1.#f2)[LM],(b1.#g2)[LM],(c2.a2)[MN],#d1[MN],(d2.b2.#f1)[MN],e1[MN],(e2.c3.d1)[MN],c1[MN],b[MN],a[MN],d1[LM],(#f1.d2)[LM],(g1.e2)[LM],(a1.#f2)[LM],(b1.g2)[MN],#c1[MN],(c2.a2.e1)[MN],d1[MN],(d2.b2.c1)[MN],b[MN],a[MN],g[MN],e2[MN],e3[MN],(e.#g)[LM],(#f.a)[LM],(#g.b)[LM],(a.c1)[MN],#d3[MN],(#f3.b.d1)[MN],e3[MN],(d3.c1.e1)[MN],c3[MN],b2[MN],a2[MN],d2[MN],d3[MN],(d.#f)[LM],(e.g)[LM],(#f.a)[LM],(g.b)[MN],#c3[MN],(e3.a.c1)[MN],d3[MN],(c3.b.d1)[MN],b2[MN],a2[MN],g2[MN],d3[MN],#c3[MN],(e3.D-1)[MN],d3[MN],(c3.E-1)[MN],b2[MN],(a2.#F-1)[MN],g2[M],(d3.G-1)[MN],#c3[MN],(e3.A-1)[MN],d3[MN],(c3.B-1)[M],b2[MN],(a2.c)[MN],g2[MN],(d3.d)[MN],#c3[M],(e3.D-1.d)[MN],d3[MN],(c3.E-1.e)[M],b2[MN],(a2.#F-1.#f)[MN],g2[M],(d3.G-1.g)[MN],#c3[MN],(e3.B-1.b)[M],d3[MN],(c3.c.c1)[MN],b2[M],(a2.#c.#c1)[MN],g2[MN],(d3.d1.d)[M],#c3[MN],e3[MN],d3[MN],c3[MN],b2[M],a2[MN],g2[MN],#f2[M],g2[MN],b2[MN],a2[M],g2[MN],#f2[MN],e2[M],d2[MN],#c2[MN],d2[M],b2[MN],a2[MN],g2[M],#f2[MN],e2[MN],d2[MN],#c2[MN],d2[M],g2[MN],#f2[MN],e2[MN],d2[MN],c2[MN],b1[MN],(a1.c1.a.#f.d)[LMN],e2[ILMN],#d2[LM],d2[LMN],#c2[LM],c2[LMN],b1[LM],#a1[L],a1[L],d2[JLN],#f1[KMN],(b.g1.g.G-1)[KLN],d1[KL],(c1.#f1)[KL],d1[KL],(b.g1)[KL],d1[KL],(#f1.a1)[KL],d1[KL],(g1.b1.d)[KL],d1[KL],g1[MN],#c[MN],e[MN],d[MN],(d1.c)[MN],B-1[MN],A-1[MN],G-1[MN],(#f1.c2.D-1)[KL],d1[KL],(c1.#f1.a1)[KL],d1[KL],(b.G-2.G-1)[LM],g1[LM],d1[LM],g1[LM],c1[LM],#f1[LM],d1[LM],#f1[LM],b[LM],g1[LM],d1[LM],g1[LM],d1[LM],a1[LM],#f1[LM],a1[LM],(d1.d)[LM],b1[LM],g1[LM],b1[LM],d1[MN],#c[MN],(b1.e)[MN],d[MN],(g1.c)[MN],B-1[MN],(b1.A-1)[MN],G-1[MN],(d1.D-1)[LM],c2[LM],#f1[LM],c2[LM],d1[LM],a1[LM],#f1[LM],a1[LM],(d1.d)[L],b1[L],g1[L],b1[L],g1[L],b1[L],d1[MN],#c[N],b1[M],e[M],g1[N],d[MN],(b1.c)[MN],B-1[N],g1[M],A-1[M],b1[N],G-1[MN],(d1.D-1)[L],c2[L],a1[L],c2[L],a1[L],c2[L],d1[L],a1[L],#f1[L],a1[L],#f1[L],a1[L],(d1.d)[MN],(b1.#c)[MN],(g1.d)[MN],(b1.#c)[MN],(d1.d)[MN],(b1.#c)[MN],(g1.d)[MN],(b1.#c)[MN],(d1.d)[MN],(b1.#c)[MN],(g1.e)[MN],(b1.d)[MN],(d1.c)[MN],(b1.B-1)[MN],(g1.A-1)[MN],(b1.G-1)[MN],(d1.D-1)[MN],c2[MN],#f1[MN],c2[MN],d1[MN],c2[MN],#f1[MN],c2[MN],c1[MN],a1[MN],#f1[MN],a1[L],c1[L],a1[MN],#f1[L],a1[L],(b.g1.G-2.G-1)[JKM],(d3.c2.#f1.d1)[MN],#c3[L],e3[MN],d3[MN],c3[L],b2[MN],c3[L],a2[MN],(g2.b1.g1)[JKLM],(d2.d.#f.a.c1)[L],#c2[MN],e2[L],d2[MN],#f2[L],e2[MN],g2[MN],#f2[L],a2[MN],#g2[MN],b2[L],a2[MN],c3[MN],b2[L],d3[MN],c3[MN],b2[L],a2[L],g2[MN],#f2[L],e2[MN],d2[M],c2[MN],b1[MN],a1[L],(g1.g.b)[I],(b1.d2.g2.b2.G-1.B-1.d.g)[IKL],(g1.b1.d2.g2.G-2.B-2.D-1.G-1)[HHN],"],"id":3}],"audition":{"start":[0,0],"end":[1,0]}}