{"baseBpm":135,"musics":[{"id":1,"baseBeats":0.25,"scores":["(a1.#c2.e2.a2)[L],a2[M],a2[M],a2[M],e2[M],d2[M],e2[M];a2[L],a2[M],a2[M],a2[M],b2[M],#c3[M],b2[M];a2[L],a2[M],a2[M],b2[M],a2[M],#g2[M],a2[M];5<b2[N],#c3[N]>,5<b2[N],#c3[N]>,5<b2[N],#c3[N]>,5<b2[N],#c3[N]>,5<b2[N],#c3[N]>,5<b2[N],#c3[N]>,5<b2[N],#c3[N]>;(d2.#f2.a2.d3)[L],d3[M],d3[M],d3[M],a2[M],g2[M],a2[M];d3[L],d3[M],d3[M],d3[M],e3[M],#f3[M],e3[M];d3[L],d3[M],#c3[M],b2[L],b2[M],a2[M];5<#g2[N],a2[N]>,5<#g2[N],a2[N]>,5<#g2[N],a2[N]>,5<#g2[N],a2[N]>,5<#g2[N],a2[N]>,5<#g2[N],a2[N]>,5<#g2[N],a2[N]>;(a1.#c2.e2.a2)[L],a2[M],a2[M],a2[M],e2[M],d2[M],e2[M];a2[L],a2[M],a2[M],a2[M],b2[M],#c3[M],b2[M];a2[L],a2[M],a2[M],b2[M],a2[M],#g2[M],a2[M];5<b2[N],#c3[N]>,5<b2[N],#c3[N]>,5<b2[N],#c3[N]>,5<b2[N],#c3[N]>,5<b2[N],#c3[N]>,5<b2[N],#c3[N]>,5<b2[N],#c3[N]>;(e2.g2.c3.e3)[L],(c3.e3)[M],(c3.e3)[M],(c3.e3)[M],(g2.d3)[M],(e2.c3)[M],(g2.d3)[M];(e2.g2.c3.e3)[L],(c3.e3)[M],(c3.e3)[M],(c3.e3)[M],(g2.d3)[M],(e2.c3)[M],(g2.d3)[M];(e2.e3)[L],e2[M],#f2[M],#g2[L],e2[M],#c3[M];(d2.e2.#g2.b2)[K],(#c2.e2.a2)[L],U;(a1.#c2.e2.a2)[L],a2[M],a2[M],a2[M],e2[M],d2[M],e2[M];a2[L],a2[M],a2[M],a2[M],b2[M],#c3[M],b2[M];a2[L],a2[M],a2[M],b2[M],a2[M],#g2[M],a2[M];5<b2[N],#c3[N]>,5<b2[N],#c3[N]>,5<b2[N],#c3[N]>,5<b2[N],#c3[N]>,5<b2[N],#c3[N]>,5<b2[N],#c3[N]>,5<b2[N],#c3[N]>;(d2.#f2.a2.d3)[L],d3[M],d3[M],d3[M],a2[M],g2[M],a2[M];d3[L],d3[M],d3[M],d3[M],e3[M],#f3[M],e3[M];d3[L],d3[M],#c3[M],b2[L],b2[M],a2[M];5<#g2[N],a2[N]>,5<#g2[N],a2[N]>,5<#g2[N],a2[N]>,5<#g2[N],a2[N]>,5<#g2[N],a2[N]>,5<#g2[N],a2[N]>,5<#g2[N],a2[N]>;(a1.#c2.e2.a2)[L],a2[M],a2[M],a2[M],e2[M],d2[M],e2[M];a2[L],a2[M],a2[M],a2[M],b2[M],#c3[M],b2[M];a2[L],a2[M],a2[M],b2[M],a2[M],#g2[M],a2[M];5<b2[N],#c3[N]>,5<b2[N],#c3[N]>,5<b2[N],#c3[N]>,5<b2[N],#c3[N]>,5<b2[N],#c3[N]>,5<b2[N],#c3[N]>,5<b2[N],#c3[N]>;(e2.g2.c3.e3)[L],(c3.e3)[M],(c3.e3)[M],(c3.e3)[M],(g2.d3)[M],(e2.c3)[M],(g2.d3)[M];(e2.g2.c3.e3)[L],(c3.e3)[M],(c3.e3)[M],(c3.e3)[M],(g2.d3)[M],(e2.c3)[M],(g2.d3)[M];(e2.e3)[L],e2[M],#f2[M],#g2[L],e2[M],#c3[M];(d2.e2.#g2.b2)[K],(#c2.e2.a2)[L],U;(#F-1.a1.#c2)[L],(#c.#c2.#f2)[L],(#f.a1.#c2)[L],(#g.#g1.b1)[L];(a.#f1.a1)[L],(b.f1.#g1)[M],(#c1.#d1.#f1)[M],(b.f1.#g1)[L],(#c.#c1)[L];(#F-1.#d1.#f1)[M],a[M],(#g.f1.#g1)[L],(#f.#f1.a1)[L],(a.#c1.#c2)[L];(#g.b1.f2)[L],(#f.a1.#d2)[M],(#g.b1.f2)[M],(f.#g1.#c2)[L],(#c.#c1)[L];(#F-1.a1.#c2)[L],(#c.#c2.#f2)[L],(#f.a1.#c2)[L],(#g.#g1.b1)[L];(a.#f1.a1)[L],(b.f1.#g1)[M],(#c1.#d1.#f1)[M],(b.f1.#g1)[L],(#c.#c1)[L];(#d1.#f1)[M],a[M],(#g.f1.#g1)[L],(#f.#f1.a1)[L],(a.#c1.#c2)[L];(#g1.f2)[L],(#f1.#d2)[M],(#g1.f2)[M],(#c.#c1.f1.#c2)[L],U;(D-1.d.d1.d2)[M],(D-1.d.d1.d2)[M],(D-1.d.d1.d2)[L],(E-1.d.e.e1.d2.e2)[M],(E-1.d.e.e1.d2.e2)[M],(E-1.d.e.e1.d2.e2)[L];(#F-1.d.#f.#f1.d2.#f2)[M],(#F-1.d.#f.#f1.d2.#f2)[M],(#F-1.d.#f.#f1.d2.#f2)[L],(D-1.d.d1.d2)[M],(D-1.d.d1.d2)[M],(D-1.d.d1.d2)[L];(#C-1.#c)[M],(#c2.#c3)[M],(#G-2.#G-1)[M],(#g1.#g2)[M],(#C-1.#c)[M],(#c2.#c3)[M],(D-1.d)[M],(d2.d3)[M];(#C-1.#c)[M],(#c2.#c3)[M],(#G-2.#G-1)[M],(#g1.#g2)[M],(#C-1.#c.#c2.#c3)[L],U;(D-1.d.d1.d2)[M],(D-1.d.d1.d2)[M],(D-1.d.d1.d2)[L],(E-1.d.e.e1.d2.e2)[M],(E-1.d.e.e1.d2.e2)[M],(E-1.d.e.e1.d2.e2)[L];(#F-1.d.#f.#f1.d2.#f2)[M],(#F-1.d.#f.#f1.d2.#f2)[M],(#F-1.d.#f.#f1.d2.#f2)[L],(D-1.d.d1.d2)[M],(D-1.d.d1.d2)[M],(D-1.d.d1.d2)[L];5<#g1[N],#g2[N]>,5<#g1[N],#g2[N]>,5<#g1[N],#g2[N]>,5<#g1[N],#g2[N]>,5<#g1[N],#g2[N]>,5<#g1[N],#g2[N]>,5<#g1[N],#g2[N]>,5<#g1[N],#g2[N]>;5<#g1[N],#g2[N]>,5<#g1[N],#g2[N]>,5<#g1[N],#g2[N]>,5<#g1[N],#g2[N]>,5<#g1[N],#g2[N]>,5<#g1[N],#g2[N]>,5<#g1[N],#g2[N]>,5<#g1[N],#g2[N]>;5<#g1[N],#g2[N]>,5<#g1[N],#g2[N]>,5<#g1[N],#g2[N]>,5<#g1[N],#g2[N]>,5<#g1[N],#g2[N]>,5<#g1[N],#g2[N]>,5<#g1[N],#g2[N]>,5<#g1[N],#g2[N]>;5<#g1[N],#g2[N]>,5<#g1[N],#g2[N]>,5<#g1[N],#g2[N]>,5<#g1[N],#g2[N]>,#g1[L],","(A-1.#c.e.a)[L],(#c1.e1)[L],e[L],(b.d1.e1)[L],a[L],(#c1.e1)[L],e[L],(b.d1.e1)[L],a[L],(#c1.e1)[L],#g[L],(a.#c1.e1)[L],(#f~mute~a.b.#d1~mute)[LMN],(e~mute~#g.b.e1~mute)[LMN];d[L],(#f.a.d1)[L],A-1[L],(e.g.a.d1)[L],d[L],(#f.a.d1)[L],A-1[L],(e.g.a.d1)[L],d[L],(#f.a.d1)[L],#G-1[L],(#f.b.d1)[L],(#c~mute~f.#g.#c1~mute)[LMN],(e~mute~#g.b.d1~mute)[LMN];(A-1.#c.e.a)[L],(#c1.e1)[L],e[L],(b.d1.e1)[L],a[L],(#c1.e1)[L],e[L],(b.d1.e1)[L],a[L],(#c1.e1)[L],#g[L],(a.#c1.e1)[L],(#f~mute~a.b.#d1~mute)[LMN],(e~mute~#g.b.e1~mute)[LMN];c[L],g[L],G-1[L],g[L],c[L],g[L],G-1[L],g[L],(E-1.e)[L],(e.#g.b.d1)[M],(e.#g.b.d1)[M],(e.#g.b.d1)[L],(e.#g.b.d1)[M],(e.#g.b.d1)[M],(e.#g.b.d1)[L],e[M],e[M],(A-1.#c.e.a)[K],(A-1.#c.e.a)[L],(#c1.e1)[L],e[L],(b.d1.e1)[L],a[L],(#c1.e1)[L],e[L],(b.d1.e1)[L],a[L],(#c1.e1)[L],#g[L],(a.#c1.e1)[L],(#f~mute~a.b.#d1~mute)[LMN],(e~mute~#g.b.e1~mute)[LMN];d[L],(#f.a.d1)[L],A-1[L],(e.g.a.d1)[L],d[L],(#f.a.d1)[L],A-1[L],(e.g.a.d1)[L],d[L],(#f.a.d1)[L],#G-1[L],(#f.b.d1)[L],(#c~mute~f.#g.#c1~mute)[LMN],(e~mute~#g.b.d1~mute)[LMN];(A-1.#c.e.a)[L],(#c1.e1)[L],e[L],(b.d1.e1)[L],a[L],(#c1.e1)[L],e[L],(b.d1.e1)[L],a[L],(#c1.e1)[L],#g[L],(a.#c1.e1)[L],(#f~mute~a.b.#d1~mute)[LMN],(e~mute~#g.b.e1~mute)[LMN];c[L],g[L],G-1[L],g[L],c[L],g[L],G-1[L],g[L],(E-1.e)[L],(e.#g.b.d1)[M],(e.#g.b.d1)[M],(e.#g.b.d1)[L],(e.#g.b.d1)[M],(e.#g.b.d1)[M],(e.#g.b.d1)[L],e[M],e[M],(A-1.#c.e.a)[HIK],#F-1[J],(#g.c1)[HIJ],(#G-1.#g)[L],(#G-2.#G-1)[L],(A-2.A-1)[L],(A-1.a)[L],(#A-1.#a)[L],(#A-2.#A-1)[L],(B-2.B-1)[L],(B-1.b)[L],(c.c1)[L],(C-1.c)[L],(#C-1.#c)[L],(#c.#c1)[L],(d.d1)[L],(D-1.d)[L],(#D-1.#d)[L],"]},{"id":2,"baseBeats":0.25,"scores":["(b1.d2.e2.#g2)[L];(a1.#c2.e2.a2)[L],a2[M],a2[M],a2[M],e2[M],d2[M],e2[M];a2[L],a2[M],a2[M],a2[M],b2[M],#c3[M],b2[M];a2[L],a2[M],a2[M],b2[M],a2[M],#g2[M],a2[M];5<b2[N],#c3[N]>,5<b2[N],#c3[N]>,5<b2[N],#c3[N]>,5<b2[N],#c3[N]>,5<b2[N],#c3[N]>,5<b2[N],#c3[N]>,5<b2[N],#c3[N]>;(d2.#f2.a2.d3)[L],d3[M],d3[M],d3[M],a2[M],g2[M],a2[M];d3[L],d3[M],d3[M],d3[M],e3[M],#f3[M],e3[M];d3[L],d3[M],#c3[M],b2[L],b2[M],a2[M];5<#g2[N],a2[N]>,5<#g2[N],a2[N]>,5<#g2[N],a2[N]>,5<#g2[N],a2[N]>,5<#g2[N],a2[N]>,5<#g2[N],a2[N]>,5<#g2[N],a2[N]>;(a1.#c2.e2.a2)[L],a2[M],a2[M],a2[M],e2[M],d2[M],e2[M];a2[L],a2[M],a2[M],a2[M],b2[M],#c3[M],b2[M];a2[L],a2[M],a2[M],b2[M],a2[M],#g2[M],a2[M];5<b2[N],#c3[N]>,5<b2[N],#c3[N]>,5<b2[N],#c3[N]>,5<b2[N],#c3[N]>,5<b2[N],#c3[N]>,5<b2[N],#c3[N]>,5<b2[N],#c3[N]>;(e2.g2.c3.e3)[L],(c3.e3)[M],(c3.e3)[M],(c3.e3)[M],(g2.d3)[M],(e2.c3)[M],(g2.d3)[M];(e2.g2.c3.e3)[L],(c3.e3)[M],(c3.e3)[M],(c3.e3)[M],(g2.d3)[M],(e2.c3)[M],(g2.d3)[M];(e2.e3)[L],e2[M],#f2[M],#g2[L],e2[M],#c3[M];(d2.e2.#g2.b2)[K],(#c2.e2.a2)[L],U;mute[LM],VW,mute[LM],VW;mute[LM],VW,mute[LM],VW;mute[LM],VW,mute[LM],VW;mute[LM],VW,mute[LM],VW;c2[KN],d2[LMN],c2[M];a1[KN],a1[KN];(#a1@a1)[LMN],g1[M],a1[LMN],#a1[M];a1[KLM],U;#a1[KN],g1[LMN],c2[M];a1[KLM],U;f1[KN],d1[LMN],g1[M];c1[KLM],U;g1[JM];g1[LO],d2[LO],c2[LO],#a1[LO];(#a1@a1)[LO],g1[LO],a1[LO],#a1[LO];a1[KLM],U;e1[KN],a1[KN];a1[KN],#g1[LMN],b1[M];e2[IL];mute[LO],(d2~e2~d2)[LO],#c2[LO],d2[LO];g1[LO],a1[LO],#a1[KN];mute[LO],(a1~#a1~a1)[LO],f1[LO],d2[LO];c2[KLM],(#a.d1)[L];mute[LO],(f1~g1~f1)[LO],c1[LO],#a1[LO];a1[KM],(c.#a.c1.e1.g1)[M],a1[M],g1[L];(f.a.c1.f1)[L],(a.c1)[M],(#a.d1)[M],(c1.e1)[M],(d1.f1)[M],(e1.g1)[M],(f1.a1)[M];(g1.#a1)[M],(a1.c2)[M],(#a1.d2)[M],(c2.e2)[M],(d2.f2)[M],(e2.g2)[M],(f2.a2)[M],(g2.#a2)[M];","(E-1.e)[L],(A-1.#c.e.a)[L],(#c1.e1)[L],e[L],(b.d1.e1)[L],a[L],(#c1.e1)[L],e[L],(b.d1.e1)[L],a[L],(#c1.e1)[L],#g[L],(a.#c1.e1)[L],(#f~mute~a.b.#d1~mute)[LMN],(e~mute~#g.b.e1~mute)[LMN];d[L],(#f.a.d1)[L],A-1[L],(e.g.a.d1)[L],d[L],(#f.a.d1)[L],A-1[L],(e.g.a.d1)[L],d[L],(#f.a.d1)[L],#G-1[L],(#f.b.d1)[L],(#c~mute~f.#g.#c1~mute)[LMN],(e~mute~#g.b.d1~mute)[LMN];(A-1.#c.e.a)[L],(#c1.e1)[L],e[L],(b.d1.e1)[L],a[L],(#c1.e1)[L],e[L],(b.d1.e1)[L],a[L],(#c1.e1)[L],#g[L],(a.#c1.e1)[L],(#f~mute~a.b.#d1~mute)[LMN],(e~mute~#g.b.e1~mute)[LMN];c[L],g[L],G-1[L],g[L],c[L],g[L],G-1[L],g[L],(E-1.e)[L],(e.#g.b.d1)[M],(e.#g.b.d1)[M],(e.#g.b.d1)[L],(e.#g.b.d1)[M],(e.#g.b.d1)[M],(e.#g.b.d1)[L],e[M],e[M],(A-1.#c.e.a)[K],(f.a.c1.f1.a1)[KN],(c.a.c1.f1.a1)[KN],(f.a.c1.f1.a1)[KN],(c.a.c1.f1.a1)[KN],(f.a.c1.f1.a1)[KN],(c.a.c1.f1.a1)[KN],(f.a.c1.f1.a1)[KN],(c.a.c1.f1.a1)[KN],(f.a.c1.f1.a1)[KN],(c.a.c1.f1.a1)[KN],(f.a.c1.f1)[KN],(c.a.c1.f1)[KN],(f.a.c1.f1)[KN],(c.a.c1.f1)[KN],(f.a.c1.f1)[KN],(c.a.c1.f1)[KN],(g.#a.d1.f1)[KN],(c.#a.c1.e1)[KN],(f.a.c1.f1)[KN],(e.a.c1.f1)[KN],(d.a.c1)[KN],(G-1.f.g.b)[KN],(c.e.g)[KN],(C-1.c)[KN],(#a.d1)[KN],d1[KN],(#a.d1)[KN],(g.#a.d1)[KN],(f.a.d1)[KN],(a.d1)[KN],(f.a.d1)[KN],(d.f.a.d1)[KN],(e.a.c1)[KN],(c1.e1)[KN],(b.d1.e1)[KN],(e.b.d1.e1)[KN],(a.#c1.e1)[KN],(e.a.#c1.e1)[KN],(#c.e.a.#c1.e1.a1)[KN],(A-1.#c.e.a.e1.a1)[KN],(#A-1.d.f.g.f1.g1)[KN],(d.f.g.f1.g1)[KN],(#A-1.d.f.g.d1.f1)[KN],(G-1.d.f.g.d1.f1)[KN],(c.c1)[JLMO],(a~#a~a)[LO],(c.f)[KN],(a.c1)[M],"]},{"id":3,"baseBeats":0.25,"scores":["mute[LM],VW,mute[L],VW,(c2.c3)[M];mute[LM],VW,mute[LM],VW;(#a2@a1.c2.f2.a2)[L],VW,(g1.g2)[M],mute[L],VW,(#a1.#a2)[M];(a1.a2)[KLM],U;mute[LM],VW,mute[L],VW,(c2.c3)[M];(a1.a2)[KLM],U;mute[LM],VW,mute[L],VW,(g1.g2)[M];c2[KLM],U;(g1.g2)[JM];(g1.g2)[LO],(d2.d3)[LO],(c2.c3)[LO],(#a1.#a2)[LO];(#a2@a1.a2)[LO],(g1.g2)[LO],(a1.a2)[LO],(#a1.#a2)[LO];(a1.a2)[KLM],U;(e1.e2)[KN],(a1.a2)[KN];(a1.a2)[KN],(#g1.#g2)[LMN],(b1.b2)[M];5<e2[N],e3[N]>,5<e2[N],e3[N]>,5<e2[N],e3[N]>,5<e2[N],e3[N]>,5<e2[N],e3[N]>,5<e2[N],e3[N]>,5<e2[N],e3[N]>,5<e2[N],e3[N]>;5<f2[N],f3[N]>,5<f2[N],f3[N]>,5<f2[N],f3[N]>,5<f2[N],f3[N]>,5<f2[N],f3[N]>,5<f2[N],f3[N]>,5<f2[N],f3[N]>,5<f2[N],f3[N]>;mute[LO],(#f2.#f3~#g3~#f3)[LO],mute[LO],mute[LO];mute[LO],mute[LO],(d2.d3)[KN];(E-1.e)[LO],(#c2.#c3~d2.d3~#c2.#c3)[LO],mute[LO],mute[LO];(e2.e3)[M],VW,(e.a.#c1.e1.a1.#c2)[M],(e.a.#c1.e1.a1.#c2)[M],mute[LO],mute[LO];mute[LO],(a.a2~b.b2~a.a2)[LO],mute[LO],mute[LO];mute[KN],(E-1.#G-1.B-1.e.d2.e2.#g2.b2)[KN];(a1.#c2.e2.a2)[L],a2[M],a2[M],a2[M],e2[M],d2[M],e2[M];a2[L],a2[M],a2[M],a2[M],b2[M],#c3[M],b2[M];a2[L],a2[M],a2[M],b2[M],a2[M],#g2[M],a2[M];5<b2[N],#c3[N]>,5<b2[N],#c3[N]>,5<b2[N],#c3[N]>,5<b2[N],#c3[N]>,5<b2[N],#c3[N]>,5<b2[N],#c3[N]>,5<b2[N],#c3[N]>;(d2.#f2.a2.d3)[L],d3[M],d3[M],d3[M],a2[M],g2[M],a2[M];d3[L],d3[M],d3[M],d3[M],e3[M],#f3[M],e3[M];d3[L],d3[M],#c3[M],b2[L],b2[M],a2[M];5<#g2[N],a2[N]>,5<#g2[N],a2[N]>,5<#g2[N],a2[N]>,5<#g2[N],a2[N]>,5<#g2[N],a2[N]>,5<#g2[N],a2[N]>,5<#g2[N],a2[N]>;(a1.#c2.e2.a2)[L],a2[M],a2[M],a2[M],e2[M],d2[M],e2[M];a2[L],a2[M],a2[M],a2[M],b2[M],#c3[M],b2[M];a2[L],a2[M],a2[M],b2[M],a2[M],#g2[M],a2[M];5<b2[N],#c3[N]>,5<b2[N],#c3[N]>,5<b2[N],#c3[N]>,5<b2[N],#c3[N]>,5<b2[N],#c3[N]>,5<b2[N],#c3[N]>,5<b2[N],#c3[N]>;(e2.g2.c3.e3)[L],(c3.e3)[M],(c3.e3)[M],(c3.e3)[M],(g2.d3)[M],(e2.c3)[M],(g2.d3)[M];(e2.g2.c3.e3)[L],(c3.e3)[M],(c3.e3)[M],(c3.e3)[M],(g2.d3)[M],(e2.c3)[M],(g2.d3)[M];(c3.e3)[M],(g2.d3)[M],(e2.c3)[M],(g2.d3)[M],(c3.e3)[M],(g2.d3)[M],(e2.c3)[M],(g2.d3)[M];(c3.e3)[M],(g2.d3)[M],(e2.c3)[M],(g2.d3)[M],(c3.e3)[M],(g2.d3)[M],(e2.c3)[M],(g2.d3)[M];5<e2[N],e3[N]>,5<e2[N],e3[N]>,5<e2[N],e3[N]>,5<e2[N],e3[N]>,5<e2[N],e3[N]>,5<e2[N],e3[N]>,5<e2[N],e3[N]>,5<e2[N],e3[N]>;5<e2[N],e3[N]>,5<e2[N],e3[N]>,5<e2[N],e3[N]>,5<e2[N],e3[N]>,(e.e1.e2)[LO],(e.#g.b.#g2.b2.d3.e3)[LO];(A-1.#c.e.a.a2.#c3.e3.a3)[L],UW,(A-2.A-1.a.a1)[M],UVW;","(f.a.c1.c2.f2.a2.c3)[KN],(c.f.a.c1.d2.f2.a2.d2)[KN],(f.a.c1.a1.c2.f2.a2)[KN],(c.f.a.c1.a1.c2.f2.a2)[KN],(f.a.c1)[KN],(c.f.a.c1.a1.c2.f2.a2)[KN],(f.a.c1.c2.f2)[KN],(c.f.a.c1.c2.f2)[KN],(g.#a.d1.#a1.d2.f2.#a2)[KN],(c.g.#a.c1.g1.c2.e2.g2)[KN],(f.a.c1.c2.f2)[KN],(e.f.a.c1.c2.f2)[KN],(d.f.a.c1.f1.a1.c2.f2)[KN],(g.b.d1.f1.b1.d2)[KN],(c.e.g.c1.e1.g1)[KN],(c1.e1.g1)[KN],(#a.d1)[KN],d1[KN],(#a.d1)[KN],(g.#a.d1)[KN],(f.a.d1)[KN],(a.d1)[KN],(f.a.d1)[KN],(d.f.a.d1)[KN],(e.a.c1)[KN],(c1.e1)[KN],(b.d1.e1)[KN],(e.b.d1.e1)[KN],(a.#c1.e1)[K],(e.a.#c1.e1)[K],(#c.f.a)[K],(A-1.#c.f.a)[K],(d.#f.a.#g2.#g3)[KMN],(#f.#a.f2.f3)[LO],(#f2.#f3)[LO],(d.#f.b.b1.b2)[LO],(#c2.#c3)[LO],(B-1.d.#f.b)[J],(a1.a2)[LO],(#f2.#f3)[KLNO],(e.a.#c1.e1.a1)[LO],(e.a.d1.#f1.a1.d2.#f2)[LO],(e.a.#c1.e1.a1.#c2.e2)[KN],(e.e2)[LO],(d1.d3)[LO],(#c1.#c3)[JM],(A-1.#c.e.a)[L],(#c1.e1)[L],e[L],(b.d1.e1)[L],a[L],(#c1.e1)[L],e[L],(b.d1.e1)[L],a[L],(#c1.e1)[L],#g[L],(a.#c1.e1)[L],(#f~mute~a.b.#d1~mute)[LMN],(e~mute~#g.b.e1~mute)[LMN];d[L],(#f.a.d1)[L],A-1[L],(e.g.a.d1)[L],d[L],(#f.a.d1)[L],A-1[L],(e.g.a.d1)[L],d[L],(#f.a.d1)[L],#G-1[L],(#f.b.d1)[L],(#c~mute~f.#g.#c1~mute)[LMN],(e~mute~#g.b.d1~mute)[LMN];(A-1.#c.e.a)[L],(#c1.e1)[L],e[L],(b.d1.e1)[L],a[L],(#c1.e1)[L],e[L],(b.d1.e1)[L],a[L],(#c1.e1)[L],#g[L],(a.#c1.e1)[L],(#f~mute~a.b.#d1~mute)[LMN],(e~mute~#g.b.e1~mute)[LMN];c[L],g[L],G-1[L],g[L],c[L],g[L],G-1[L],g[L],c[L],(G-1.g)[L],(c.g)[L],(G-1.g)[L],c[L],(G-1.g)[L],(c.g)[L],(G-1.g)[L],(E-1.e)[L],(e.e1)[M],(e.e1)[M],(e.e1~e.e1~e.e1)[K];(e.e1~e.e1~e.e1)[K];"]}],"audition":{"start":[0,0],"end":[0,126]}}