{"baseBpm":91,"musics":[{"id":1,"baseBeats":0.25,"scores":["b1[L],b[L],B-1[K],b1[L],b[L],d1[K],b1[L],b[L],c1[L],b1[L],b1[L],b1[L],b1[L],b1[L],b1[L],b1[L],b1[L],b1[L],b1[L],b1[L],b1[I];"]},{"id":2,"baseBeats":0.25,"scores":[",3<#d[M],#d[M],#d[M],#d[M],#d[M],#d[M],#d[M],#d[M],#a[M],#a[M],#a[M],#a[M],#a[M],#a[M],#a[M],#a[M],#d1[M],#d1[M],#d1[M],#d1[M],#d1[M],#d1[M],#d1[M],#d1[M],#f1[M],#f1[M],#f1[M],#f1[M],#f1[M],#f1[M],#f1[M]>,#f1[M],#f2[M],#f2[M],#f2[M],#f2[M],#f2[M],#f2[M],#f2[M],#f2[M],#f3[M],#f3[M],#f3[M],#f3[M],#f3[M],#f3[M],#f3[M],#f3[M],#f4[M];#c2[K],e[L];"]},{"id":3,"baseBeats":0.25,"scores":["(g.f)[H],Q,5<e2[N],f2[N]>,5<e2[N],f2[N]>,5<e2[N],f2[N]>,5<e2[N],f2[N]>,5<e2[N],f2[N]>,5<e2[N],f2[N]>,5<e2[N],f2[N]>,5<e2[N],f2[N]>,5<e2[N],f2[N]>,5<e2[N],f2[N]>,5<e2[N],f2[N]>,5<e2[N],f2[N]>,5<e2[N],f2[N]>,5<e2[N],f2[N]>,5<e2[N],f2[N]>,5<e2[N],f2[N]>,5<e2[N],f2[N]>,5<e2[N],f2[N]>,5<e2[N],f2[N]>,5<e2[N],f2[N]>,5<e2[N],f2[N]>,5<e2[N],f2[N]>,5<e2[N],f2[N]>,5<e2[N],f2[N]>,5<e2[N],f2[N]>,5<e2[N],f2[N]>,5<e2[N],f2[N]>,5<e2[N],f2[N]>,3<e2[N],f2[N],e2[N],f2[N],e2[N],f2[N],e2[N],f2[N],e2[N],f2[N],e2[N],f2[N],e2[N],f2[N],e2[N],f2[N],e2[N],f2[N],e2[N],f2[N],e2[N],f2[N],e2[N],f2[N],e2[N],f2[N],e2[N],f2[N],e2[N]>,e2[M],f2[M],e2[M],f2[M],e2[M],f2[M],e2[M],f2[M],e2[M],f2[M],e2[M],f2[M],e2[M],f2[M],e2[M],f2[M],e2[M],f2[M],e2[MO],f2[MN],e2[L],f2[K],e2[J],f2[IJM];"]}],"audition":{"start":[0,0],"end":[2,40]}}