{"baseBpm":150,"musics":[{"bpm":150,"baseBeats":0.25,"scores":["#f1[LM],(d.#f.d1.a1)[L],5<W,b2[N]>,(a.a2)[L],5<W,g1[N]>,(#c.g.e1.a1)[L],5<W,b2[N]>,(a.a2)[L],5<W,#f1[N]>,(d.#f.d1.a1)[L],5<W,b2[N]>,(a.a2)[L],5<W,#f1[N]>,(#F-1.a1)[L],5<W,e3[N]>,(a.d1.#f.d3)[L],5<W,#c3[N]>,(G-1.b2)[L],5<W,#a2[N]>,(b.#d1.g.b2)[L],5<W,#d2[N]>,(b.e1.g.e2)[L],5<W,#f2[N]>,g2[L],5<W,#a2[N]>,(b.e1.g.b2)[L],5<W,e2[N]>,(e1.#g.d1.b.e2)[L],5<W,#f2[N]>,(#c1.e1.a.e2)[L],5<W,#f2[N]>,g2[L],5<W,#g2[N]>,(d1.d.a2)[L],5<W,b3[N]>,(a1.a.a3)[L],5<W,g2[N]>,(#c1.g1.a1.a2)[L],5<W,b3[N]>,(a1.a.a3)[L],5<W,#f2[N]>,(d1.#f1.a1.a2)[L],5<W,b3[N]>,(a1.a.a3)[L],5<W,#f2[N]>,(#f1.a1.d1.a2)[L],5<W,e4[N]>,d4[L],5<W,#c4[N]>,(G-1.b3)[L],5<W,a3[N]>,(b.#d1.g.g3)[L],5<W,#f3[N]>,(e1.e3)[L],5<W,d3[N]>,#c3[L],5<W,b2[N]>,(A-1.a2)[L],5<W,g2[N]>,(#c1.g1.a.#f2)[L],5<W,e2[N]>,(#f1.d1.d2)[L],5<W,b2[N]>,a2[L],5<W,#f1[N]>,(d.#f.d1.a1)[L],5<W,b2[N]>,(a.a2)[L],5<W,g1[N]>,(#c.g.e1.a1)[L],5<W,b2[N]>,(a.a2)[L],5<W,#f1[N]>,(d.#f.d1.a1)[L],5<W,b2[N]>,(a.a2)[L],5<W,#f1[N]>,(#F-1.a1)[L],5<W,e3[N]>,(a.d1.#f.d3)[L],5<W,#c3[N]>,(G-1.b2)[L],5<W,#a2[N]>,(b.#d1.g.b2)[L],5<W,#d2[N]>,(b.e1.g.e2)[L],5<W,#f2[N]>,g2[L],5<W,#a2[N]>,(b.e1.g.b2)[L],5<W,e2[N]>,(e1.#g.d1.b.e2)[L],5<W,#f2[N]>,(#c1.e1.a.e2)[L],5<W,#f2[N]>,g2[L],5<W,#g2[N]>,(d1.d.a2)[L],5<W,b3[N]>,(a1.a.a3)[L],5<W,g2[N]>,(#c1.g1.a1.a2)[L],5<W,b3[N]>,(a1.a.a3)[L],5<W,#f2[N]>,(d1.#f1.a1.a2)[L],5<W,b3[N]>,(a1.a.a3)[L],5<W,#f2[N]>,(#f1.a1.d1.a2)[L],5<W,e4[N]>,d4[L],5<W,#c4[N]>,(G-1.b3)[L],5<W,a3[N]>,(b.#d1.g.g3)[L],5<W,#f3[N]>,(e1.e3)[L],5<W,d3[N]>,#c3[L],5<W,b2[N]>,(A-1.a2)[L],5<W,g2[N]>,(#c1.g1.a.#f2)[L],5<W,e2[N]>,(d1.#f1.d2)[LM],"],"id":1,"instruments":["piano"],"alternatives":[""]},{"bpm":150,"baseBeats":0.25,"scores":["#f2[LM],(#c.a2)[LM],(e1.g1.a)[MN],g2[MN],5<(d.#f2)[N],g2[N]>,#f2[M],5<W,f2[N]>,(d1.#f1.a.#f2)[L],5<W,d2[N]>,(#A-1.#f2)[LM],(#c1.e1.#f)[MN],e2[MN],5<(B-1.d2)[N],e2[N]>,d2[M],5<W,#c2[N]>,(b.d1.#f.d2)[L],5<W,b1[N]>,(#G-1.d2)[LM],5<(d1.f1.b.#c2)[N],d2[N]>,5<#c2[N],b1[N]>,V,(A-1.a1)[L],5<W,b1[N]>,(d1.#f1.a.#c2)[L],5<W,d2[N]>,(A-1.e2)[L],5<W,b2[N]>,(#c1.g1.a.a2)[L],5<W,f2[N]>,(d.#f2)[L],5<W,b2[N]>,(d1.#f1.a.a2)[L],5<W,#g2[N]>,(#c.a2)[M],b2[M],a2[M],(e1.g1.a.#g2)[M],a2[M],g2[M],(d.#f2)[M],g2[M],#f2[M],(d1.#f1.a.f2)[M],#f2[M],d2[M],(#A-1.#f2)[M],g2[M],#f2[M],(#c1.e1.#f.f2)[M],#f2[M],e2[M],(B-1.d2)[M],e2[M],d2[M],(b.d1.#f.#c2)[M],d2[M],b1[M],(#G-1.d2)[M],e2[M],d2[M],(d1.f1.b.#c2)[M],d2[M],b1[M],(A-1.a1)[M],b1[M],#c2[M],(d1.#f1.a.d2)[M],e2[M],f2[M],(A-1.#f2)[M],g2[M],#g2[M],(#c1.g1.a.a2)[M],b2[M],#c3[M],(d.d3)[LM],(d1.#f1.a)[LM],(#c.a2)[LM],(e1.g1.a)[MN],g2[MN],5<(d.#f2)[N],g2[N]>,#f2[M],5<W,f2[N]>,(d1.#f1.a.#f2)[L],5<W,d2[N]>,(#A-1.#f2)[LM],(#c1.e1.#f)[MN],e2[MN],5<(B-1.d2)[N],e2[N]>,d2[M],5<W,#c2[N]>,(b.d1.#f.d2)[L],5<W,b1[N]>,(#G-1.d2)[LM],5<(d1.f1.b.#c2)[N],d2[N]>,5<#c2[N],b1[N]>,V,(A-1.a1)[L],5<W,b1[N]>,(d1.#f1.a.#c2)[L],5<W,d2[N]>,(A-1.e2)[L],5<W,b2[N]>,(#c1.g1.a.a2)[L],5<W,f2[N]>,(d.#f2)[L],5<W,b2[N]>,(d1.#f1.a.a2)[L],5<W,#g2[N]>,"],"id":2,"instruments":["piano"],"alternatives":[""]},{"bpm":150,"baseBeats":0.25,"scores":["(#c.a2)[M],b2[M],a2[M],(e1.g1.a.#g2)[M],a2[M],g2[M],(d.#f2)[M],g2[M],#f2[M],(d1.#f1.a.f2)[M],#f2[M],d2[M],(#A-1.#f2)[M],g2[M],#f2[M],(#c1.e1.#f.f2)[M],#f2[M],e2[M],(B-1.d2)[M],e2[M],d2[M],(b.d1.#f.#c2)[M],d2[M],b1[M],(#G-1.d2)[M],e2[M],d2[M],(d1.f1.b.#c2)[M],d2[M],b1[M],(A-1.a1)[M],b1[M],#c2[M],(d1.#f1.a.d2)[M],e2[M],f2[M],(A-1.#f2)[M],g2[M],#g2[M],(#c1.g1.a.a2)[M],b2[M],#c3[M],(d1.#f1.d3)[L],5<W,b2[N]>,a2[L],5<W,#f1[N]>,(d.#f.d1.a1)[L],5<W,b2[N]>,(a.a2)[L],5<W,g1[N]>,(#c.g.e1.a1)[L],5<W,b2[N]>,(a.a2)[L],5<W,#f1[N]>,(d.#f.d1.a1)[L],5<W,b2[N]>,(a.a2)[L],5<W,#f1[N]>,(#F-1.a1)[L],5<W,e3[N]>,(a.d1.#f.d3)[L],5<W,#c3[N]>,(G-1.b2)[L],5<W,#a2[N]>,(b.#d1.g.b2)[L],5<W,#d2[N]>,(b.e1.g.e2)[L],5<W,#f2[N]>,g2[L],5<W,#a2[N]>,(b.e1.g.b2)[L],5<W,e2[N]>,(e1.#g.d1.b.e2)[L],5<W,#f2[N]>,(#c1.e1.a.e2)[L],5<W,#f2[N]>,g2[L],5<W,#g2[N]>,(d1.d.a2)[L],5<W,b3[N]>,(a1.a.a3)[L],5<W,g2[N]>,(#c1.g1.a1.a2)[L],5<W,b3[N]>,(a1.a.a3)[L],5<W,#f2[N]>,(d1.#f1.a1.a2)[L],5<W,b3[N]>,(a1.a.a3)[L],5<W,#f2[N]>,(#f1.a1.d1.a2)[L],5<W,e4[N]>,d4[L],5<W,#c4[N]>,(G-1.b3)[L],5<W,a3[N]>,(b.#d1.g.g3)[L],5<W,#f3[N]>,(e1.e3)[L],5<W,d3[N]>,#c3[L],5<W,b2[N]>,(A-1.a2)[L],5<W,g2[N]>,(#c1.g1.a.#f2)[L],5<W,e2[N]>,(d1.#f1.d2)[LM],"],"id":3,"instruments":["piano"],"alternatives":[""]}],"audition":{"start":[0,0],"end":[1,0]}}