{"baseBpm":60,"musics":[{"bpm":60,"baseBeats":0.125,"scores":["a1[L],a1[M],W,b2[N],a2[M],W,g1[N],a1[M],W,b2[N],a2[M],W,#f1[N],a1[M],W,b2[N],a2[M],W,#f1[N],a1[M],W,e3[N];d3[M],W,#c3[N],b2[M],W,#a2[N],b2[M],W,#d2[N],e2[M],W,#f2[N],g2[M],W,#a2[N],b2[M],W,e2[N],e2[M],W,#f2[N],e2[M],W,#f2[N];g2[M],W,#g2[N],a2[M],W,b3[N],a3[M],W,g2[N],a2[M],W,b3[N],a3[M],W,#f2[N],a2[M],W,b3[N],a3[M],W,#f2[N],a2[M],W,e4[N];d4[M],W,#c4[N],b3[M],W,a3[N],g3[M],W,#f3[N],e3[M],W,d3[N],#c3[M],W,b2[N],a2[M],W,g2[N],#f2[M],W,e2[N],d2[M],W,b2[N];a2[M],W,#f1[N],a1[M],W,b2[N],a2[M],W,g1[N],a1[M],W,b2[N],a2[M],W,#f1[N],a1[M],W,b2[N],a2[M],W,#f1[N],a1[M],W,e3[N];d3[M],W,#c3[N],b2[M],W,#a2[N],b2[M],W,#d2[N],e2[M],W,#f2[N],g2[M],W,#a2[N],","U,(d.#f.d1)[L],a[L],(#c.g.e1)[L],a[L],(d.#f.d1)[L],a[L],#F-1[L];(#f.a.d1)[L],G-1[L],(g.b.#d1)[L],(g.b.e1)[L],U,(g.b.e1)[L],(#g.b.d1.e1)[L],(a.#c1.e1)[L];U,(d.d1)[L],(a.a1)[L],(#c1.g1.a1)[L],(a.a1)[L],(d1.#f1.a1)[L],(a.a1)[L],(d1.#f1.a1)[L];U,G-1[L],(g.b.#d1)[L],e1[L],U,A-1[L],(a.#c1.g1)[L],(d1.#f1)[L];U,(d.#f.d1)[L],a[L],(#c.g.e1)[L],a[L],(d.#f.d1)[L],a[L],#F-1[L];(#f.a.d1)[L],G-1[L],(g.b.#d1)[L],(g.b.e1)[L],U,"],"id":1,"instruments":["piano","piano"],"alternatives":["",""]},{"bpm":62,"baseBeats":0.125,"scores":["b2[M],W,e2[N],e2[M],W,#f2[N],e2[M],W,#f2[N],g2[M],W,#g2[N];a2[M],W,b3[N],a3[M],W,g2[N],a2[M],W,b3[N],a3[M],W,#f2[N];a2[M],W,b3[N],a3[M],W,#f2[N],a2[M],W,e4[N],d4[M],W,#c4[N];b3[M],W,a3[N],g3[M],W,#f3[N],e3[M],W,d3[N],#c3[M],W,b2[N];a2[M],W,g2[N],#f2[M],W,e2[N],d2[L],#f2[L];a2[L],V,g2[M],#f2[M],g2[N],f2[N],#f2[M],W,d2[N];#f2[L],V,e2[M],d2[M],e2[N],#c2[N],d2[M],W,b1[N];d2[L],#c2[N],d2[N],#c2[N],b1[N],a1[M],W,b1[N],#c2[M],W,d2[N];e2[M],W,b2[N],a2[M],W,f2[N],#f2[M],W,b2[N],a2[M],W,#g2[N];a2[N],b2[N],a2[M],#g2[N],a2[N],g2[M],#f2[N],g2[N],#f2[M],f2[N],#f2[N],d2[M];#f2[N],g2[N],#f2[M],f2[N],#f2[N],e2[M],d2[N],e2[N],d2[M],#c2[N],d2[N],b1[M];d2[N],e2[N],d2[M],#c2[N],d2[N],b1[M],a1[N],b1[N],#c2[M],d2[N],e2[N],f2[M];","(g.b.e1)[L],(#g.b.d1.e1)[L],(a.#c1.e1)[L],U;(d.d1)[L],(a.a1)[L],(#c1.g1.a1)[L],(a.a1)[L];(d1.#f1.a1)[L],(a.a1)[L],(d1.#f1.a1)[L],U;(G-1)[L],(g.b.#d1)[L],e1[L],U;(A-1)[L],(a.#c1.g1)[L],(d1.#f1)[L],U;#c[L],(a.e1.g1)[L],d[L],(a.d1.#f1)[L];(#A-1)[L],(#f.#c1.e1)[L],(B-1)[L],(#f.b.d1)[L];(#G-1)[L],(b.d1.f1)[L],(B-1)[L],(#f.b.d1)[L];(A-1)[L],(a.#c1.g1)[L],d[L],(a.d1.#f1)[L];#c[L],(a.e1.g1)[L],d[L],(a.d1.#f1)[L];(#A-1)[L],(#f.#c1.e1)[L],(B-1)[L],(#f.b.d1)[L];(#G-1)[L],(b.d1.f1)[L],(A-1)[L],(a.d1.#f1)[L];"],"id":2},{"bpm":64,"baseBeats":0.125,"scores":["#f2[N],g2[N],#g2[M],a2[N],b2[N],#c3[M],d3[M],W,b2[N],a2[M],W,#f1[N];a1[M],W,b2[N],a2[M],W,g1[N],a1[M],W,b2[N],a2[M],W,#f1[N];a1[M],W,b2[N],a2[M],W,#f1[N],a1[M],W,e3[N],d3[M],W,#c3[N];b2[M],W,#a2[N],b2[M],W,#d2[N],e2[M],W,#f2[N],g2[M],W,#a2[N];b2[M],W,e2[N],e2[M],W,#f2[N],e2[M],W,#f2[N],g2[M],W,#g2[N];a2[M],W,b3[N],a3[M],W,g2[N],a2[M],W,b3[N],a3[M],W,#f2[N];a2[M],W,b3[N],a3[M],W,#f2[N],a2[M],W,e4[N],d4[M],W,#c4[N];b3[M],W,a3[N],g3[M],W,#f3[N],e3[M],W,d3[N],#c3[M],W,b2[N];a2[M],W,g2[N],#f2[M],W,e2[N],d2[L];","(A-1)[L],(a.e1.g1)[L],(d1.#f1)[L],U;(d.#f.d1)[L],a[L],(#c.g.e1)[L],a[L];(d.#f.d1)[L],a[L],(#F-1)[L],(#f.a.d1)[L];(G-1)[L],(g.b.#d1)[L],(g.b.e1)[L],U;(g.b.e1)[L],(#g.b.d1.e1)[L],(a.#c1.e1)[L],U;(d.d1)[L],(a.a1)[L],(#c1.g1.a1)[L],(a.a1)[L];(d1.#f1.a1)[L],(a.a1)[L],(d1.#f1.a1)[L],U;(G-1)[L],(g.b.#d1)[L],e1[L],U;(A-1)[L],(a.#c1.g1)[L],(d1.#f1)[L];"],"id":3}],"audition":{"start":[0,0],"end":[0,91]}}