{"baseBpm":240,"musics":[{"bpm":240,"baseBeats":1,"scores":["c2[K],c2[K],c2[K],T;c2[K],f2[K],T,T;c2[K],T,c2[K],a1[K];T,T,f1[K],T;f1[K],g1[K],f1[K],g1[K];a1[K],T,T,f1[K];T,T,d2[K],T;d2[K],a2[K],T,T;d2[K],T,d2[K],a1[K];T,T,d2[K],T;d2[K],e2[K],d2[K],e2[K];d2[K],T,T,T;c2[K],c2[K],c2[K],T;c2[K],f2[K],T,T;c2[K],T,c2[K],a1[K];T,T,f1[K],T;","S,(f.a)[K],c1[K];f1[K],a[K],c1[K],f1[K];(f.a)[K],c1[K],f1[K],a[K];c1[K],f1[K],f[K],c1[K];a[K],c[K],c1[K],#a[K];f[K],a[K],c1[K],f[K];a[K],c1[K],(d.#f)[K],a[K];d1[K],#f[K],a[K],d1[K];(d.#f)[K],a[K],d1[K],#f[K];a[K],d1[K],(d.#f)[K],a[K];d1[K],(d.g)[K],a[K],#c1[K];(d.#f)[K],a[K],f[K],(e.g)[K];(f.a)[K],(g.#a)[K],(f.a)[K],c1[K];f1[K],a[K],c1[K],f1[K];(f.a)[K],c1[K],f1[K],a[K];c1[K],f1[K],f[K],c1[K];"],"id":1},{"bpm":244,"baseBeats":1,"scores":["f1[K],g1[K],f1[K],g1[K];a1[K],T,T,f1[K];T,T,d2[K],T;d2[K],a2[K],T,T;d2[K],T,d2[K],a1[K];T,T,d2[K],T;d2[K],e2[K],d2[K],e2[K];d2[K],T,T,T;d2[K],d2[K],c2[K],T;c2[K],c3[K],T,T;T,T,c3[K],c2[K];T,T,T,T;c2[K],c3[K],T,T;T,T,c3[K],c2[K];T,c3[K],c2[K],T;c2[K],f2[K],T,T;c2[K],T,c2[K],a1[K];T,T,f1[K],T;f1[K],g1[K],f1[K],g1[K];f1[K],T,T,T;T,T,c2[K],T;","a[K],c[K],c1[K],#a[K];f[K],a[K],c1[K],f[K];a[K],c1[K],(d.#f)[K],a[K];d1[K],#f[K],a[K],d1[K];(d.#f)[K],a[K],d1[K],#f[K];a[K],d1[K],(d.#f)[K],a[K];d1[K],(d.g)[K],a[K],#c1[K];(d.#f)[K],a[K],g[K],f[K];(e.g)[K],(f.a)[K],(e.g)[K],#a[K];c1[K],g[K],#a[K],c1[K];(f.a)[K],c1[K],#a[K],a[K];g[K],f[K],(e.g)[K],#a[K];c1[K],g[K],#a[K],c1[K];(f.a)[K],c1[K],a[K],f[K];c[K],A-1[K],F-1[K],a[K];c1[K],(f.a)[K],c1[K],f1[K];a[K],c1[K],f1[K],a[K];c1[K],f1[K],c[K],c1[K];a[K],c[K],c1[K],#a[K];(f.a)[K],c1[K],#a[K],a[K];g[K],f[K],(e.g)[K],#a[K];"],"id":2},{"bpm":248,"baseBeats":1,"scores":["c2[K],c3[K],T,T;T,T,c3[K],c2[K];T,T,T,T;c2[K],c3[K],T,T;T,T,c3[K],c2[K];T,c3[K],c2[K],T;c2[K],f2[K],T,T;c2[K],T,c2[K],a1[K];T,T,f1[K],T;f1[K],g1[K],f1[K],g1[K];f1[K],T,T,(d1.#a1)[K];T,T,(c1.a1)[K],T;T,(#a.g1)[K],T,T;(a.f1)[K],f1[K],f1[K],f1[K];e1[K],f1[K],g1[K],g1[K];g1[K],g1[K],a1[K],g1[K];f1[K],T,T,c2[K];#a1[K],#a1[K],#a1[K],a1[K];a1[K],a1[K],g1[K],g1[K];f1[K],f2[K],f2[K],f2[K];e2[K],f2[K],g2[K],g2[K];g2[K],g2[K],a2[K],g2[K];f2[K],f3[K],f3[K],a2[K];f3[K],f3[K],g2[K],f3[K];f3[K],g2[K],e3[K],e3[K];f3[K],T,T,(a.c1.f1)[K];T,T,f[J];","c1[K],g[K],#a[K],c1[K];(f.a)[K],c1[K],#a[K],a[K];g[K],f[K],(e.g)[K],#a[K];c1[K],g[K],#a[K],c1[K];(f.a)[K],c1[K],a[K],f[K];c[K],A-1[K],F-1[K],a[K];c1[K],(f.a)[K],c1[K],f1[K];a[K],c1[K],f1[K],a[K];c1[K],f1[K],c[K],c1[K];a[K],c[K],c1[K],#a[K];(f.a)[K],f[K],f[K],F-1[K];f[K],f[K],F-1[K],f[K];f[K],F-1[K],f[K],f[K];F-1[K],a[K],f[K],d[K];f[K],d[K],#A-1[K],d[K];#A-1[K],c[K],e[K],c[K];F-1[K],f[K],f[K],d1[K];f[K],f[K],c1[K],f[K];f[K],#a[K],f[K],f[K];a[K],f[K],f[K],d[K];f[K],d[K],#A-1[K],d[K];#A-1[K],c[K],e[K],c[K];f[K],a[K],f[K],d[K];f[K],d[K],#A-1[K],d[K];#A-1[K],c[K],B-1[K],c[K];F-1[K],A-1[K],c[K],F-1[K];A-1[K],c[K],F-1[J];"],"id":3}],"audition":{"start":[0,2],"end":[0,23]}}