{"baseBpm":70,"musics":[{"bpm":70,"baseBeats":0.5,"scores":["5<mute[M],mute[M]>,mute[L],5<mute[M],mute[M]>,mute[L],mute[IJL],mute[I],mute[JKL],5<mute[M],mute[M]>,mute[L],5<mute[M],mute[M]>,mute[L],mute[IJL],mute[I],mute[JKL],5<mute[M],mute[M]>,mute[L],5<mute[M],mute[M]>,mute[L],mute[K],mute[L],mute[L],mute[IL],mute[I],mute[JL],mute[L],mute[L],mute[L],mute[LM],mute[LM],mute[L],mute[IJ],mute[I],mute[JKL],5<mute[M],mute[M]>,mute[L],5<mute[M],mute[M]>,mute[L],mute[IJL],mute[I],mute[I],mute[L],5<mute[M],mute[M]>,mute[L],mute[IJL],mute[I],mute[JKL],5<mute[M],mute[M]>,mute[L],5<mute[M],mute[M]>,mute[L],mute[K],mute[L],mute[L],mute[IL],mute[I],mute[JL],mute[L],mute[L],mute[L],mute[LM],mute[LM],mute[L],mute[IJ],mute[I],mute[JKL],5<mute[M],mute[M]>,mute[L];","(d2~e2)[L],(G-1.#f2)[L],(d2~a)[L],b2[L],(d1.a2)[IJL],#f1[I],a1[JKL],(d2~e2)[L],(A-1.#f2)[L],(d2~b)[L],b1[L],(e1.e2)[IJL],a1[I],e1[JKL],(b1~#c2)[L],(G-1.d2)[L],(e2~a)[L],#f2[L],(d1.b2)[K],#c3[L],d3[L],a2[IL],d1[I],b[JL],d3[L],#c3[L],b2[L],(A-1.a2)[LM],g[LM],(d1.d2)[L],d2[IJ],e1[I],a1[JKL],(d2~e2)[L],(G-1.#f2)[L],(d2~a)[L],b2[L],(d1.a2)[IJL],b[I],d1[I],(A-1.#f2)[L],(d2~b)[L],b1[L],(e1.e2)[IJL],e1[I],a1[JKL],(b1~#c2)[L],(G-1.d2)[L],(e2~a)[L],#f2[L],(d1.b2)[K],#c3[L],d3[L],a2[IL],d1[I],#f1[JL],d3[L],#c3[L],b2[L],(A-1.a2)[LM],g[LM],(d1.d2)[L],d2[IJ],a[I],e1[JKL],(d2~e2)[L],(G-1.#f2)[L];"],"id":1,"instruments":["piano","piano"],"alternatives":["",""]},{"bpm":70,"baseBeats":0.5,"scores":["5<mute[M],mute[M]>,mute[L],mute[K],mute[L],mute[L],mute[K],mute[L],mute[L],mute[K],mute[L],mute[L],5<mute[M],mute[M]>,mute[L],5<mute[M],mute[M]>,mute[L],mute[J],5<mute[M],mute[M]>,mute[K],mute[K],mute[K],mute[L],5<mute[M],mute[M]>,mute[L],5<mute[M],mute[M]>,mute[L],mute[K],mute[L],mute[L],mute[K],mute[L],mute[L],mute[K],mute[L],mute[L],mute[L],mute[LM],mute[LM],mute[L],mute[J],mute[J],mute[KL],5<mute[M],mute[M]>,mute[L],5<mute[M],mute[M]>,mute[L],mute[IJL],mute[I],mute[JKL],5<mute[M],mute[M]>,mute[L],5<mute[M],mute[M]>,mute[L],mute[IJL],mute[I],mute[JKL],5<mute[M],mute[M]>,mute[L],5<mute[M],mute[M]>,mute[L],mute[K],mute[L],mute[L],mute[IL],mute[I],mute[JL],mute[L],mute[L],mute[L],mute[LM],mute[LM];","(d2~a)[L],b2[L],(d1.a2)[K],d3[L],#c3[L],a2[K],#f2[L],b2[L],a2[K],d2[L],g2[L],(a2~g2)[L],(A-1.#f2)[L],(d2~b)[L],b1[L],(e2.e1)[J],(d2~e2)[L],#f2[K],e2[K],d2[K],#c2[L],(b1~#c2)[L],(G-1.d2)[L],(e2~a)[L],#f2[L],(d1.b2)[K],#c3[L],d3[L],a2[K],#c4[L],d4[L],a3[K],d3[L],#c3[L],b2[L],(A-1.a2)[LM],g[LM],(d1.d2)[L],d2[J],b[J],a1[KL],(d2~e2)[L],(G-1.#f2)[L],(d2~a)[L],b2[L],(d1.a2)[IJL],#f1[I],a1[JKL],(d2~e2)[L],(A-1.#f2)[L],(d2~b)[L],b1[L],(e1.e2)[IJL],a1[I],e1[JKL],(b1~#c2)[L],(G-1.d2)[L],(e2~a)[L],#f2[L],(d1.b2)[K],#c3[L],d3[L],a2[IL],d1[I],b[JL],d3[L],#c3[L],b2[L],(A-1.a2)[LM],g[LM];"],"id":2,"instruments":["piano","piano"],"alternatives":["",""]},{"bpm":70,"baseBeats":0.5,"scores":["mute[L],mute[IJ],mute[I],mute[JKL],5<mute[M],mute[M]>,mute[L],5<mute[M],mute[M]>,mute[L],mute[IJL],mute[I],mute[I],mute[L],5<mute[M],mute[M]>,mute[L],mute[IJL],mute[I],mute[JKL],5<mute[M],mute[M]>,mute[L],5<mute[M],mute[M]>,mute[L],mute[K],mute[L],mute[L],mute[IL],mute[I],mute[JL],mute[L],mute[L],mute[L],mute[LM],mute[LM],mute[L],mute[IJ],mute[I],mute[JKL],5<mute[M],mute[M]>,mute[L],5<mute[M],mute[M]>,mute[L],mute[K],mute[L],mute[L],mute[K],mute[L],mute[L],mute[K],mute[L],mute[L],5<mute[M],mute[M]>,mute[L],5<mute[M],mute[M]>,mute[L],mute[J],5<mute[M],mute[M]>,mute[K],mute[K],mute[K],mute[L],5<mute[M],mute[M]>,mute[L],5<mute[M],mute[M]>,mute[L],mute[K],mute[L],mute[L],mute[K],mute[L],mute[L],mute[K],mute[L],mute[L],mute[L],mute[LM],mute[LM],mute[L],mute[J],mute[J],mute[J];","(d1.d2)[L],d2[IJ],e1[I],a1[JKL],(d2~e2)[L],(G-1.#f2)[L],(d2~a)[L],b2[L],(d1.a2)[IJL],b[I],d1[I],(A-1.#f2)[L],(d2~b)[L],b1[L],(e1.e2)[IJL],e1[I],a1[JKL],(b1~#c2)[L],(G-1.d2)[L],(e2~a)[L],#f2[L],(d1.b2)[K],#c3[L],d3[L],a2[IL],d1[I],#f1[JL],d3[L],#c3[L],b2[L],(A-1.a2)[LM],g[LM],(d1.d2)[L],d2[IJ],a[I],e1[JKL],(d2~e2)[L],(G-1.#f2)[L],(d2~a)[L],b2[L],(d1.a2)[K],d3[L],#c3[L],a2[K],#f2[L],b2[L],a2[K],d2[L],g2[L],(a2~g2)[L],(A-1.#f2)[L],(d2~b)[L],b1[L],(e2.e1)[J],(d2~e2)[L],#f2[K],e2[K],d2[K],#c2[L],(b1~#c2)[L],(G-1.d2)[L],(e2~a)[L],#f2[L],(d1.b2)[K],#c3[L],d3[L],a2[K],#c4[L],d4[L],a3[K],d3[L],#c3[L],b2[L],(A-1.a2)[LM],g[LM],(d1.d2)[L],d2[J],b[J],a1[J];"],"id":3,"instruments":["piano","piano"],"alternatives":["",""]}]}