{"baseBpm":390,"musics":[{"bpm":390,"baseBeats":0.75,"scores":["g[LM],#a[LM],g[LM],d1[LM],g[LM],#a[LM],g[LM],#d1[LM],g[LM],#a[LM],g[LM],d1[LM],c1[LM],#a[LM],a[LM],g[LM],a[LM],#a[LM],g[LM],c1[LM],d1[LM],c1[LM],#a[LM],a[LM],#a[LM],a[LM],g[LM],#f[LM],g[LM],a[LMN],#f[LM],d[KLMN],(b.g1)[KL],(c1.a1)[KL],(b.g1)[KLN],(c1.a1)[KLN],(d1.b1)[KL],(#d1.c2)[KL],(d1.b1)[KLN],(#d1.c2)[KLN],(b.g1.d2)[KL],(c1.f2)[KL],(c1.#d2)[KLN],(d1.g1.d2)[KL],(#d1.g1.#c2)[KLN],(#d1.g1.#c2)[KLM],(d1.d2.#f1)[KLM],(d1.#f1.d2)[LMN],g[LMN],#a[LM],g[LM],d1[LM],g[LM],#a[LM],g[LM],#d1[LM],g[LM],#a[LM],g[LM],d1[LM],c1[LM],#a[LM],a[LM],g[LM],a[LM],#a[LM],g[LM],c1[LM],d1[LM],c1[LM],#a[LM],a[LM],#a[LM],a[LM],g[LM],#f[LM],g[LMN],a[LM],#f[LMN],d[KLM],(b.g1)[KL],(c1.a1)[KLN],(b.g1)[KLN],(c1.a1)[KL],(d1.b1)[KL],(#d1.c2)[KLN],(d1.b1)[KL],(#d1.c2)[KLN],(b.d2)[KL],(c1.f2)[KLN],(#d1.c2.#d2)[KL],(f1.#a1.d2)[KLN],(f.a1.c2)[KL],(#a.#d1.a1.c2)[KLN],(d1.#a1)[KL],(d1.#a1)[LMN],#a1[LM],d2[LM],#a1[LM],f2[JKN],F-1[LM],d2[LMN],f2[LM],d2[LM],#a2[JKN],F-1[KLN],d3[KL],c3[KL],a2[KLN],(A-2.F-1.f2)[KLN],#f2[KL],g2[KL],#d2[KLN],c2[KL],(#A-2.d2)[KLN],(C-1.#d2)[KL],c2[KLN],a1[KL],(D-1.#a1)[KLN],(#D-1.c2)[KL],(F-1.a1)[KLN],(G-1.f1)[KL],(A-1.#d1)[KLN],(#A-2.#A-1.d1)[JK],(#G-2.#G-1.f1.#a)[JKM],(G-2.G-1.#d1.#a)[JK],(#F-2.#F-1.#a1.#d1)[JKM],(F-2.F-1.d1)[KL],d2[KL],(#d1.f)[KLM],c2[LM],a1[K],(d1.#a.#a1)[IM],g[LM],#a[LM],g[LM],d1[LM],g[LM],#a[LM],g[LM],#d1[LM],g[LM],#a[LM],g[LM],d1[LM],c1[LM],#a[LM],a[LM],g[LM],a[LM],#a[LM],g[LM],c1[LM],d1[LM],c1[LM],#a[LM],a[LM],#a[LM],a[LM],g[LM],#f[LM],g[LM],a[LMN],#f[LMN],d[KLM],(b.g1)[KLM],(c1.a1)[KL],(b.g1)[KLN],(c1.a1)[KL],(d1.b1)[KLN],(#d1.c2)[KL],(d1.b1)[KLN],(#d1.c2)[KL],(b.g1.d2)[KLN],(c1.f2)[KL],(c1.#d2)[KLN],(d1.g1.d2)[KL],(#d1.g1.#c2)[KLN],(#d1.g1.#c2)[KL],(d1.d2.#f1)[KLMN],(d1.#f1.d2)[LM],g[LMN],#a[LM],g[LM],d1[LM],g[LM],#a[LM],g[LM],#d1[LM],g[LM],#a[LM],g[LM],d1[LM],c1[LM],#a[LM],a[LM],g[LM],a[LM],#a[LM],g[LM],c1[LM],d1[LM],c1[LM],#a[LM],a[LM],#a[LM],a[LM],g[LM],#f[LM],g[LM],a[LMN],#f[LM],d[KLMN],(b.g1)[KL],(c1.a1)[KL],(b.g1)[KLN],(c1.a1)[KLN],(d1.b1)[KL],(#d1.c2)[KL],(d1.b1)[KLN],(#d1.c2)[KL],(b.d2)[KLN],(c1.f2)[KL],(#d1.c2.#d2)[KLN],(f1.#a1.d2)[KL],(f.a1.c2)[KLN],(#a.#d1.a1.c2)[KLN],(d1.#a1)[KLM],(d1.#a1)[LMN],#a1[LM],d2[LM],#a1[LM],f2[JK],F-1[LM],d2[LM],f2[LM],d2[LM],#a2[JK],F-1[KL],d3[KLN],c3[KL],a2[KLN],(A-2.F-1.f2)[KL],#f2[KLN],g2[KL],#d2[KLN],c2[KL],(#A-2.d2)[KLN],(C-1.#d2)[KL],c2[KLN],a1[KL],(D-1.#a1)[KL],(#D-1.c2)[KLN],(F-1.a1)[KLN],(G-1.f1)[KL],(A-1.#d1)[KL],(#A-2.#A-1.d1)[JKM],(#G-2.#G-1.f1.#a)[JK],(G-2.G-1.#d1.#a)[JKM],(#F-2.#F-1.#a1.#d1)[JK],(F-2.F-1.d1)[KLN],d2[KL],(#d1.f)[KLN],c2[LM],a1[LM],(d1.#a.#a1)[KLN],f1[JKN],#d1[LM],c1[LM],(#a.d2)[KLN],a[KL],g[KLN],f[KL],(#d.g.c2)[KL],(#d.g)[KLN],(#d.g.#d2)[KLN],(#d.g.c2)[KL],(f.c1.#a1)[KL],(f.c1.a1)[KLN],(f.c1.g2)[KLN],(f.c1.f2)[KL],(g.#a.f2)[KL],(f.a)[KLN],(g.#a)[KLN],(a.c1)[KL],(#a.d1)[KL],(a.c1)[KLN],(g.#a.#d2)[KL],(f.a.d2)[KLN],(#d.g.d2)[KL],(#d.g)[KLN],(#d.g.c2)[KL],(#d.g)[KLN],(e.g)[KL],(e.g.c2)[KLN],(e.g.#c2)[KL],(e.g.#a1)[KLN],(f.c1.#a1)[KL],(f.c1)[KL],(f.c1.a1)[KLN],(f.c1)[KLN],(#f.a.c2.d2)[KL],(#f.a)[KL],(g.#a.#a1)[KLN],(g.#a)[KLN],(#d.g.g1)[KL],"],"id":1},{"bpm":390,"baseBeats":0.75,"scores":["(#d.g.c2)[KL],(#f.#a.#d1.#d2)[KLN],(#f.#a.c2)[KLN],(f.c1.#a1)[KL],(f.c1.a1)[KL],(c1.a.g2)[KLN],(c1.a.f2)[KL],(d1.#a.f2)[KLN],(d1.#a)[KL],(#g.c1)[KLN],(#g.c1)[KL],(g.b)[KLN],(g.b)[KL],(#d1.c1.#d2)[KLN],(#d1.c1)[KL],(f.#g.#d2)[KLN],(f.#g.d2)[KLN],(#g.f.f2)[KLM],(f1.f.#g1.d2)[KLN],(g.#d1.g1.c2)[KLM],(g.#d1)[KLMN],(d1.g.g1.b1)[IJKLMN],b1[LM],d2[LM],b1[LM],g2[HKLM],c1[LM],#d1[LM],c1[LM],#g1[HKLM],d2[LM],f2[LM],d2[LM],#a2[HKLM],#d1[LM],g1[LM],#d1[LM],#a1[IJLM],(#d.#d1)[LM],(g.g1)[LM],(#d.#d1)[LM],(#a.#a1)[JKLM],(d.d1)[LM],(f.f1)[LM],(d.d1)[LM],(#a.#a1)[JKLM],(#d.#d1)[LM],(g.g1)[LM],(#d.#d1)[LM],(#a.#a1)[JKLM],(d.d1)[LM],(f.f1)[LM],(d.d1)[LM],(#a.#a1)[JKLM],g1[LM],#a1[LM],g1[LM],#d2[LM],g[LM],#a[LM],g[LM],#f[LM],a1[LM],#d2[LM],d2[LM],a2[LM],f[LM],a[LM],f[LM],e[LM],#c2[LM],#a2[LM],g2[LM],#c3[LM],#d[LM],g[LM],#d[LM],d[LM],d2[LM],g2[LM],#f2[LM],d3[LM],#F-1[LM],d[LM],#F-1[LM],(#c.a3)[LM],#F-1[LM],#c[LM],#F-1[LM],d[LM],#F-1[LM],d[LM],#F-1[LM],#d[LM],#F-1[LM],#d[LM],#F-1[LM],(d.c2)[LM],#F-1[LM],d[LM],#F-1[LM],(#c.a2)[LM],#F-1[LM],#c[LM],#F-1[LM],d[LM],#F-1[LM],d[LM],#F-1[LM],#d[LM],#F-1[LM],#d[LM],#F-1[LM],(d.c1)[LM],#F-1[LM],d[LM],#F-1[LM],(#g.f2)[LM],#c2[LM],f2[LM],#c2[LM],f2[LM],d2[LM],f2[LM],d2[LM],f2[LM],#d2[LM],f2[LM],#d2[LM],(B-1.f2)[LM],d2[LM],f2[LM],d2[LM],(#G-1.#c3)[LM],f2[LM],#c3[LM],f2[LM],d3[LM],f2[LM],d3[LM],f2[LM],#d3[LM],f2[LM],#d3[LM],f2[LM],(B-2.d3)[LM],f2[LM],(f3.d3)[LM],f2[LM],(C-1.e3)[LM],g2[LM],c3[LM],g2[LM],(c.C-1.#d3)[LM],g2[LM],c3[LM],g2[LM],(C-1.c.#d3)[LM],g2[LM],c3[LM],g2[LM],(D-1.d.d3)[LM],g2[LM],#a2[LM],g2[LM],(D-1.d.d3)[LM],g2[LM],#a2[LM],g2[LM],(E-1.e.#c3)[LM],g2[LM],#a2[LM],g2[LM],(#F-1.#f.c3)[LM],#d2[LM],a2[LM],#d2[LM],(G-1.g.#a2)[LM],d2[LM],g2[LM],d2[LM],(C-1.c.#g2)[LM],c2[LM],#d2[LM],c2[LM],(#C-1.#c.g2)[LM],#a1[LM],#d2[LM],#a1[LM],(C-1.c.#g2)[LM],c2[LM],#d2[LM],c2[LM],(#G-2.#G-1.c3)[LM],c2[LM],#d2[LM],c2[LM],(C-1.c.#g2)[LM],c2[LM],#d2[LM],c2[LM],(#D-1.#d.g2)[LM],g1[LM],#c2[LM],g1[LM],(D-1.d.#f2)[LM],a1[LM],c2[LM],a1[LM],(G-2.G-1.g2)[K],#a1[K],g1[K],(c.#d.#g1)[K],c1[K],#d1[K],(#d.#c.g1)[K],#a[K],#d1[K],(#d.c.#g1)[K],c1[K],#d1[K],(#G-1.#d.c2)[K],c1[K],#d1[K],(c.#d.#g1)[K],c1[K],#d1[K],(#D-1.#d.g1)[K],g[K],#c1[K],(D-1.d.#f1)[K],a[K],c1[K],(G-2.G-1.g1)[K],#a[K],d1[K],(G-1.b1)[K],g[K],b[K],d1[K],g1[K],g[K],(#d.c2)[K],c1[K],#d1[K],(c.#d2)[K],g1[K],c2[K],(G-1.B-1.d.g.d2)[KL],b2[KL],(#d2.c2.g1)[KLN],a2[LMN],#f2[LM],(d2.b1.g1.g2)[IJL],(#a.g.g1.#a1)[IJL],(#d.g.g1.c2)[JKM],(c1.g.c.#d2)[JKM],(#a.g.d2)[KLN],#a2[KLN],(#d2.c2.g1)[KLN],a2[LMN],#f2[LM],(d2.#a1.g1.g2)[KLN],d1[KLN],d1[KLN],d1[KLN],d1[KLN],(#a1.d2)[JKMN],(a1.c2)[LMN],(#f1.a1)[LMN],(g1.#a1)[KLN],d2[KLN],d2[KLM],d2[KLM],d2[KLM],(D-1.d.#a2)[KLM],(D-1.d)[KLM],(D-1.d.a2.c2)[LMN],#f2[LMN],(g.G-1.#a1.g2)[KLM],(a.f2)[KL],f[KLN],(a.#d2)[LM],c2[LMN],(#a.d2)[KL],a[KL],g[KLN],f[KL],(#d.g.c2)[KLN],(#d.g)[KL],(#d.g.#d2)[KLN],(#d.g.c2)[KL],(f.c1.#a1)[KLN],(f.c1.a1)[KL],(f.c1.g2)[KLN],(f.c1.f2)[KL],(g.#a.f2)[KLN],(f.a)[KL],(g.#a)[KL],(a.c1)[KLN],(#a.d1)[KLN],(a.c1)[KL],(g.#a.#d2)[KL],(f.a.d2)[KLN],(#d.g.d2)[KLN],(#d.g)[KL],(#d.g.c2)[KL],(#d.g)[KLN],"],"id":2},{"bpm":390,"baseBeats":0.75,"scores":["(e.g)[KLN],(e.g.c2)[KL],(e.g.#c2)[KL],(e.g.#a1)[KLN],(f.c1.#a1)[KL],(f.c1)[KLN],(f.c1.a1)[KL],(f.c1)[KLN],(#f.a.c2.d2)[KL],(#f.a)[KLN],(g.#a.#a1)[KL],(g.#a)[KLN],(#d.g.g1)[KL],(#d.g.c2)[KLN],(#f.#a.#d1.#d2)[KL],(#f.#a.c2)[KL],(f.c1.#a1)[KLN],(f.c1.a1)[KLN],(c1.a.g2)[KL],(c1.a.f2)[KL],(d1.#a.f2)[KLN],(d1.#a)[KLN],(#g.c1)[KL],(#g.c1)[KL],(g.b)[KLN],(g.b)[KLN],(#d1.c1.#d2)[KL],(#d1.c1)[KL],(f.#g.#d2)[KLM],(f.#g.d2)[KL],(#g.f.f2)[KLM],(f1.f.#g1.d2)[KLM],(g.#d1.g1.c2)[KLM],(g.#d1)[KLM],(d1.g.g1.b1)[HL],b1[LM],d2[LM],b1[LM],g2[HKLM],c1[LM],#d1[LM],c1[LM],#g1[HKLM],d2[LM],f2[LM],d2[LM],#a2[HKLM],#d1[LM],g1[LM],#d1[LM],#a1[IJLM],(#d.#d1)[LM],(g.g1)[LM],(#d.#d1)[LM],(#a.#a1)[JKLM],(d.d1)[LM],(f.f1)[LM],(d.d1)[LM],(#a.#a1)[JKLM],(#d.#d1)[LM],(g.g1)[LM],(#d.#d1)[LM],(#a.#a1)[JKLM],(d.d1)[LM],(f.f1)[LM],(d.d1)[LM],(#a.#a1)[JKLM],g1[LM],#a1[LM],g1[LM],#d2[LM],g[LM],#a[LM],g[LM],#f[LM],a1[LM],#d2[LM],d2[LM],a2[LM],f[LM],a[LM],f[LM],e[LM],#c2[LM],#a2[LM],g2[LM],#c3[LM],#d[LM],g[LM],#d[LM],d[LM],d2[LM],g2[LM],#f2[LM],d3[LM],#F-1[LM],d[LM],#F-1[LM],(#c.a3)[LM],#F-1[LM],#c[LM],#F-1[LM],d[LM],#F-1[LM],d[LM],#F-1[LM],#d[LM],#F-1[LM],#d[LM],#F-1[LM],(d.c2)[LM],#F-1[LM],d[LM],#F-1[LM],(#c.a2)[LM],#F-1[LM],#c[LM],#F-1[LM],d[LM],#F-1[LM],d[LM],#F-1[LM],#d[LM],#F-1[LM],#d[LM],#F-1[LM],(d.c1)[LM],#F-1[LM],d[LM],#F-1[LM],(#g.f2)[LM],#c2[LM],f2[LM],#c2[LM],f2[LM],d2[LM],f2[LM],d2[LM],f2[LM],#d2[LM],f2[LM],#d2[LM],(B-1.f2)[LM],d2[LM],f2[LM],d2[LM],(#G-1.#c3)[LM],f2[LM],#c3[LM],f2[LM],d3[LM],f2[LM],d3[LM],f2[LM],#d3[LM],f2[LM],#d3[LM],f2[LM],(B-2.d3)[LM],f2[LM],(f3.d3)[LM],f2[LM],(C-1.e3)[LM],g2[LM],c3[LM],g2[LM],(c.C-1.#d3)[LM],g2[LM],c3[LM],g2[LM],(C-1.c.#d3)[LM],g2[LM],c3[LM],g2[LM],(D-1.d.d3)[LM],g2[LM],#a2[LM],g2[LM],(D-1.d.d3)[LM],g2[LM],#a2[LM],g2[LM],(E-1.e.#c3)[LM],g2[LM],#a2[LM],g2[LM],(#F-1.#f.c3)[LM],#d2[LM],a2[LM],#d2[LM],(G-1.g.#a2)[LM],d2[LM],g2[LM],d2[LM],(C-1.c.#g2)[LM],c2[LM],#d2[LM],c2[LM],(#C-1.#c.g2)[LM],#a1[LM],#d2[LM],#a1[LM],(C-1.c.#g2)[LM],c2[LM],#d2[LM],c2[LM],(#G-2.#G-1.c3)[LM],c2[LM],#d2[LM],c2[LM],(C-1.c.#g2)[LM],c2[LM],#d2[LM],c2[LM],(#D-1.#d.g2)[LM],g1[LM],#c2[LM],g1[LM],(D-1.d.#f2)[LM],a1[LM],c2[LM],a1[LM],(G-2.G-1.g2)[K],#a1[K],g1[K],(c.#d.#g1)[K],c1[K],#d1[K],(#d.#c.g1)[K],#a[K],#d1[K],(#d.c.#g1)[K],c1[K],#d1[K],(#G-1.#d.c2)[K],c1[K],#d1[K],(c.#d.#g1)[K],c1[K],#d1[K],(#D-1.#d.g1)[K],g[K],#c1[K],(D-1.d.#f1)[K],a[K],c1[K],(G-2.G-1.g1)[K],#a[K],d1[K],(G-1.b1)[K],g[K],b[K],d1[K],g1[K],g[K],(#d.c2)[K],c1[K],#d1[K],(c.#d2)[K],g1[K],c2[K],(G-1.B-1.d.g.d2)[KLN],b2[KL],(#d2.c2.g1)[KLN],a2[LMN],#f2[LM],(d2.b1.g1.g2)[IJL],(#a.g.g1.#a1)[IJL],(#d.g.g1.c2)[JKM],(c1.g.c.#d2)[JKM],(#a.g.d2)[KLM],#a2[KLN],(#d2.c2.g1)[KLM],a2[LMN],#f2[LMN],(d2.#a1.g1.g2)[KLN],d1[KLM],d1[KLN],d1[KLM],d1[KLN],(#a1.d2)[JKL],(a1.c2)[LMN],(#f1.a1)[LMN],(g1.#a1)[KLMN],d2[KLM],d2[KLM],d2[KLM],d2[KLMN],(D-1.d.#a2)[KLMN],(D-1.d)[KLMN],(D-1.d.a2.c2)[KM],#f2[KLN],(g.G-1.#a1.g2)[HHJKL],"],"id":3}],"audition":{"start":[0,0],"end":[1,0]}}