{"baseBpm":720,"musics":[{"bpm":720,"baseBeats":1,"scores":["#D-1[KLN],(#d.#A-1.G-1.#a1)[KLN],(#D-1.c2)[KL],(#d.#A-1.G-1.d2)[KL],(#D-1.#d2)[KL],(G-1.#A-1.#d.f2)[KL],(#D-1.g2)[KL],(G-1.#A-1.#d.#d2)[KL],(#D-1.#g2)[KL],(d.#A-1.#G-1.g2)[KL],(#D-1.#g2)[KL],(d.#A-1.#G-1.f2)[KL],(#D-1.f3)[KL],(d.#A-1.#G-1.#d3)[KL],(#D-1.f3)[KL],(d.#A-1.#G-1.d3)[KL],(#D-1.d3)[KL],(d.#A-1.#G-1.#d3)[KL],(#D-1.d3)[KL],(d.#A-1.#G-1.c3)[KL],(#D-1.#a2)[KL],(d.#A-1.#G-1.c3)[KL],(#D-1.#a2)[KL],(d.#A-1.#G-1.#g2)[KL],(#D-1.g2)[KL],(d.#A-1.#G-1.#g2)[KL],(#D-1.g2)[KL],(d.#A-1.#G-1.f2)[KL],(#D-1.#d2)[KL],(d.#A-1.#G-1.d2)[KL],(#D-1.c2)[KL],(d.#A-1.#G-1.d2)[KL],(#D-1.#d2)[JK],(#d1.#d.g1.#a1.#d2)[JKM],(#a.#A-1.#a1.#d2.g2)[JKM],(g.G-1.#d2.g2.#a2)[JKL],(#d.#D-1.#d3.#a2.g2)[HHJKLMN],#D-1[IJM],#A-1[IJM],(g1.#a1)[IJM],#D-1[IJM],#A-1[IJMN],(g1.#d2)[IJM],(#D-1.g2.#d2)[ILN],(#g2.f2)[KLN],(#A-1.g2.#d2)[IJM],(d2.f2)[IJM],#D-1[IJM],#A-1[IJM],(#g2.f2)[IJM],#D-1[IJM],#A-1[IJM],(#g1.f2)[IJM],(#D-1.#g1.f1)[ILM],(#a1.g1)[KL],(#A-1.#g1.f1)[IJM],(c.g1.#d1)[JKM],d[JK],(#d.g1)[IJM],(g.c2)[IJMN],(d.f1.b1.d2)[IJM],(c.g1)[IJM],c2[IJM],(F-1.f2.a1.c2)[IJM],(G-1.g1.c2.#d2)[IJM],(g.f1.b1.d2)[IJLN],(#g.#d1.c2)[IJLM],(#g.d1.f1.#a1)[IJLN],(g.#a.g1.#d2)[IJM],(f.#a.#g1.f2)[IJM],(#d.#a.g2.g1)[IJM],#d1[IJM],(f.#a.#a2.d2)[JKN],#g2[JKN],(#a.g.#d2.g2)[IJM],(c1.#g.c2.f2)[IJLN],(c1.#g.f1.c2.#d2)[IJLM],(#A-1.d2.f1)[IJKM],(d1.#a)[JM],a1[JN],#a1[JN],(#a.f.f2)[JN],#c2[JN],d2[J],(#A-1.#a2)[JN],e2[JN],f2[J],(d1.#a.d3)[JN],a2[JN],#a2[JN],(#a.f.f3)[IJM],F-1[JN],f2[J],#d3[JN],(a.f.c3)[JN],f2[JN],d3[JN],(#a.f.#A-1.#a2)[IJLMN],#D-1[IJLMN],#A-1[IJL],(g1.#a1)[IJM],#D-1[IJM],#A-1[IJM],(g1.#d2)[IJM],(#D-1.g2.#d2)[ILM],(#g2.f2)[KL],(#A-1.g2.#d2)[IJMN],(d2.f2)[IJM],#D-1[IJM],#A-1[IJM],(#g2.f2)[IJM],#D-1[IJM],#A-1[IJM],(#g1.f2)[IJM],(#D-1.#g1.f1)[ILM],(#a1.g1)[KLN],(#A-1.#g1.f1)[IJL],(c.g1.#d1)[JKMN],d[JKMN],(#d.g1)[IJLN],(g.c2)[IJM],(d.f1.b1.d2)[IJM],(c.g1)[IJM],c2[IJM],(F-1.f2.a1.c2)[IJMN],(G-1.g1.c2.#d2)[IJM],(g.f1.b1.d2)[IJL],(#g.#d1.c2)[IJLMN],(#g.d1.f1.#a1)[IJLMN],(g.#a.g1.#d2)[IJL],(f.#a.#g1.f2)[IJM],(#d.#a.g2.g1)[IJM],#d1[IJM],(f.#a.#a2.d2)[JKN],#g2[JKN],(#a.g.#d2.g2)[IJM],(c1.#g.c2.f2)[IJLN],(c1.#g.f1.c2.#d2)[IJLMN],(#A-1.d2.f1)[IJLM],(d1.#a)[JM],a1[JN],#a1[JM],(#a.f.f2)[JN],#c2[J],d2[JN],(#A-1.#a2)[JN],e2[J],f2[JN],(d1.#a.d3)[JN],a2[J],#a2[JN],(#a.f.f3)[IJM],F-1[JN],f2[J],#d3[JN],(a.f.c3)[JN],f2[JN],d3[J],(#a.f.#A-1.#a2)[IJMN],(#A-1.d2)[IJM],(d1.#a)[J],a1[JN],#a1[JN],(#a.f.f2)[J],#c2[JN],d2[JN],(#A-1.#a2)[J],e2[JN],f2[JN],(d1.#a.d3)[J],a2[JN],#a2[JN],(#a.f.f3)[IJM],(#g.#G-1)[JN],f2[J],#d3[JN],(#G-1.#g.d3)[JN],f2[JN],c3[J],(g.G-1.b2)[IJM],(G-1.d2)[IJM],(d1.b)[JN],#a1[JN],b1[J],(b.g.f2)[JN],#c2[JN],d2[J],(G-1.b2)[JN],e2[JN],f2[J],(d1.b.d3)[JN],#a2[JN],b2[JN],(b.g.f3)[IJM],G-1[JN],#a2[J],b2[JN],(d1.b.d3)[JN],#a2[J],b2[JN],(b.g.f3)[IJM],G-1[JN],#f2[J],g2[JN],(#d1.c1.c3)[JN],#f2[J],g2[JN],(c1.g.#d3)[IJM],G-1[JN],e2[JN],f2[J],(f1.d1.b2)[JN],e2[JN],f2[JN],(d1.b.d3)[IJM],G-1[J],d2[JN],#d2[JN],(#d1.c1.g2)[J],d2[JN],#d2[JN],(c1.g.#d2.c3)[IJM],G-1[J],c2[JN],#c2[JN],(#d1.#a.g.#d2)[J],c2[JN],#c2[JN],(#d1.c1.#g.#a2)[J],c2[JN],#g2[JN],(#c1.#c)[JN],#a1[JN],f2[J],(c1.#d)[JM],#g1[JN],"],"id":1},{"bpm":720,"baseBeats":1,"scores":["SW,SVW,SV,SV,SVW,SV,SW,SW,S,SW,SW,S,SW,SW,S,SW,SW,S,SW,SW,SW,S,SW,TUW,5<T>,TUW,S,SW,SW,S,SW,SW,S,SW,SW,S,SW,SW,SW,mute[K],mute[K],SW,S,SW,SW,SW,S,SW,SV,mute[K],mute[K],S,SW,TUW,5<T>,TU,SW,SW,S,SW,SW,S,SV,mute[K],mute[K],S,SV,mute[K],mute[K],S,SV,mute[K],mute[K],SW,SW,mute[K],mute[K],SW,SW,mute[K],mute[K],SW,SW,mute[K],mute[K],SW,SW,mute[K],mute[K],SW,SW,mute[K],mute[K],SW,SW,mute[K],mute[K],SW,SW,mute[K],mute[K],SW,SV,mute[K],mute[K],S,SV,mute[K],mute[K],SW,SW,mute[K],mute[K],SW,SW,mute[K],mute[K],SW,SW,mute[K],mute[K],SW,SVW,mute[K],mute[K],SW,SV,TVW,mute[K],SVW,SV,SW,SW,S,SW,SW,S,SW,SW,S,SW,SW,S,SW,SW,S,SW,SW,SW,S,SW,SW,SW,S,SW,SW,S,SW,SW,S,SW,SW,S,SW,SW,S,SW,SW,S,SW,SW,SW,S,SW,SW,SW,mute[K],mute[K],SW,SW,S,SW,SW,SV,SW,SUW,mute[K],mute[K],SU,RSU,S,SW,SW,SW,S,SW,SW,SW,S,SW,SW,S,RSV,SW,SW,S,SW,SW,S,RSV,RSVW,S,SW,SW,SW,S,SW,SW,S,SW,SW,S,SW,RSV,SW,S,SW,SW,S,SW,RSV,RSVW,S,SW,SW,S,SW,SW,S,SW,SW,S,SW,SW,RSV,S,SW,SW,SW,S,SW,RSV,SW,SW,S,SW,SW,S,RSV,SW,SW,S,SW,SW,S,RSVW,S,SW,SW,SW,S,SW,RSV,SW,S,SW,SW,S,SW,SW,S,SW,SW,S,SW,SV,SW,SV,SV,SVW,SVW,SVW,","#d2[JN],(#a.#d)[JMN],g1[JM],#d2[JM],#G-2[JMN],#D-1[JM],#G-2[JN],#D-1[JN],#G-2[J],#D-1[JN],(#G-2.c.#d)[JN],#D-1[J],#G-2[JN],#D-1[JN],#G-2[J],#D-1[JN],#G-2[JN],#D-1[J],#G-2[JN],(#D-1.c.#g)[JN],#G-2[JN],#D-1[J],(#G-2.#g.c1)[JN],#D-1[JN],#G-2[L],(#a.#c1)[KLN],(#D-1.#g.c1)[J],#G-2[JN],#D-1[JN],(#G-2.g.#a)[J],#D-1[JN],#G-2[JN],#G-2[J],#D-1[JN],#G-2[JN],#D-1[J],#G-2[JN],#D-1[JN],(#G-2.c1.#d1)[J],#D-1[KN],(#a.#c1)[K],#G-2[JN],#D-1[J],#G-2[JN],#D-1[JN],#G-2[JN],#D-1[J],#G-2[JN],(#D-1.#d.c1)[JN],#G-2[K],(#c.#a)[KN],#D-1[J],(#G-2.#A-1.#c)[JN],#D-1[JN],#G-2[L],(c.#d)[KL],(#D-1.#A-1.#c)[JN],#G-2[JN],#D-1[J],(#G-2.#G-1.c)[JN],#D-1[JN],#G-2[J],#D-1[JN],#G-2[KN],(#G-1.c)[K],#D-1[J],(#G-2.#A-1.#c)[JN],#D-1[KN],(c.#d)[K],#G-2[J],(#D-1.#c.f)[JN],#G-2[KN],(#A-1.g)[K],#D-1[JN],(#G-2.c.#g)[J],#D-1[KN],(g.#a)[K],#G-2[JN],(#D-1.#g.c1)[JN],#G-2[K],(#a.#c1)[K],#D-1[JN],(#G-2.c1.#d1)[JN],#D-1[K],(#c1.f1)[K],#G-2[JN],(#D-1.#d1.g1)[JN],#G-2[K],(f1.#g1)[K],#D-1[JN],(#G-2.g1.#a1)[JN],#D-1[K],(#g1.c2)[K],#G-2[JN],(#D-1.c2.#d2)[JN],#G-2[K],(#a1.#c2)[K],#D-1[JN],#G-2[JN],#D-1[K],(#a2.#c3)[K],#G-2[JN],(#D-1.#g2.c3)[JN],#G-2[K],(g2.#a2)[KN],#D-1[J],(#G-2.f2.#g2)[JN],#D-1[K],(#d2.g2)[KN],#G-2[JN],(#D-1.#c2.f2)[J],#G-2[K],(c2.#d2)[KN],#D-1[JN],(#G-2.#a1.#c2)[J],#D-1[K],(#g1.c2)[KN],#G-2[JN],(#D-1.g1.#a1)[J],#G-2[KN],(#a1.#c2)[K],#D-1[JN],(#G-2.#a1.#c1)[JN],#D-1[KN],(#c1.#a1)[KN],#G-2[JN],(#D-1.#a.#c1)[JM],#G-2[KM],(#d1.c1)[KN],#D-1[JMN],(#G-2.c1)[JM],(F-1.#g1.c2)[JN],(G-1.c2.#a1)[JN],(#G-1.c1.c2)[J],c[JN],#G-1[JN],(c.f1.f2)[J],#G-1[JN],c[JN],(E-1.g1.g2)[J],c[JN],E-1[JN],(c.#g1.#g2)[J],F-1[JN],c[JN],(F-1.f2)[J],c[JN],F-1[JN],(#c.#a1.#a2.f2)[JN],#C-1[J],#c[JN],(C-1.#g1.#g2)[JN],c[JN],C-1[J],(c.g1.g2.e2)[JN],C-1[JN],#A-1[J],(#G-1.f1.f2)[JN],(G-1.g1.g2)[JN],(F-1.#g1.#g2)[J],(G-1.#a1.#a2)[JN],#A-1[JN],G-1[J],(#A-1.#d3.#d2)[JN],G-1[JN],#A-1[J],(D-1.f2.f3)[JN],#A-1[JN],D-1[J],(#A-1.g2.g3)[JN],#D-1[JN],#A-1[JN],#D-1[J],#d[JN],#D-1[JN],(c.#a3.#a2)[JN],#d[K],(#g3.#g2)[K],c[JN],(f.#g3.#g2)[JN],#A-1[J],f[JN],(#A-1.g3.g2)[JN],f[JM],#d[JN],(#A-1.f3.f2)[JMN],#d[KN],(#f3.#f2)[KN],d[JL],(#D-1.g3.g2)[IJL],(#a.g)[J],d2[JN],#d2[JN],(g.#d.#a2)[JN],#f2[J],g2[JN],(#D-1.#d3)[JN],a2[JN],#a2[J],(#d1.#a.g3)[JN],d3[JN],#d3[J],(#a.g.#a3)[IJM],#A-1[JN],#a2[JN],#g3[J],(d1.#a.#g.f3)[JN],#a2[JN],g3[J],(#d1.#a.g.#d.#d3)[IJM],(#A-1.d2)[IJMN],(d1.#a)[J],a1[JN],#a1[JN],(#a.f.f2)[JN],#c2[J],d2[JN],(#A-1.#a2)[JN],e2[J],f2[JN],(d1.#a.d3)[JN],a2[J],#a2[JN],(#a.f.f3)[IJM],(#g.#G-1)[JN],f2[J],#d3[JN],(#G-1.#g.d3)[JN],f2[J],c3[JN],(g.G-1.b2)[IJM],(G-1.d2)[IJMN],(d1.b)[J],#a1[JN],b1[JN],(b.g.f2)[J],#c2[JN],d2[JN],(G-1.b2)[J],e2[JN],f2[JN],(d1.b.d3)[J],#a2[JN],b2[JN],(b.g.f3)[IJM],G-1[J],#a2[JN],b2[JN],(d1.b.d3)[JN],#a2[J],b2[JN],(b.g.f3)[IJM],G-1[JN],#f2[JN],g2[J],(#d1.c1.c3)[JN],#f2[JN],g2[J],(c1.g.#d3)[IJM],G-1[JN],e2[JN],f2[J],(f1.d1.b2)[JN],e2[JN],f2[J],(d1.b.d3)[IJMN],G-1[J],d2[JN],#d2[JN],(#d1.c1.g2)[JN],d2[J],#d2[JN],(c1.g.#d2.c3)[IJM],G-1[JN],c2[J],#c2[JN],(#d1.#a.g.#d2)[JN],c2[J],#c2[JN],(#d1.c1.#g.#a2)[JN],c2[J],#g2[JN],(#c1.#c)[JN],#a1[J],f2[JN],(c1.#d)[JM],#g1[JN],#d2[JM],(#a.#d)[JM],g1[JMN],#d2[JMN],#G-2[JMN],"],"id":2},{"bpm":720,"baseBeats":1,"scores":["SVW,SV,S,SW,SW,S,SW,SW,S,SW,SW,S,SW,SW,S,SW,SW,SW,TUW,5<T>,TU,SW,SW,S,SW,SW,S,SW,SW,S,SW,SW,S,SV,mute[K],mute[K],S,SW,SW,S,SW,SW,SW,SW,mute[K],mute[K],SW,SW,TU,5<T>,TUW,SW,S,SW,SW,S,SW,SW,mute[K],mute[K],SW,SW,mute[K],mute[K],SW,SW,mute[K],mute[K],SW,SV,mute[K],mute[K],SW,SW,mute[K],mute[K],SW,SW,mute[K],mute[K],SW,SW,mute[K],mute[K],SW,SW,mute[K],mute[K],SW,SW,mute[K],mute[K],SW,SW,mute[K],mute[K],SW,SW,mute[K],mute[K],SW,SV,mute[K],mute[K],S,SV,mute[K],mute[K],S,SV,mute[K],mute[K],S,SV,mute[K],mute[K],S,SVW,mute[K],mute[K],SV,SVW,mute[K],TV,SVW,SV,SW,SW,SW,S,SW,SW,S,SW,SW,S,SW,SW,S,SW,SW,SW,S,SW,SW,SW,SW,SW,SV,SV,SV,SVW,SW,SW,SW,S,SW,SW,SW,S,SW,SW,SW,S,SW,SW,S,SW,SW,S,SV,mute[K],mute[K],S,SW,SW,S,SV,SV,SW,SVW,mute[K],TV,SVW,RSUV,SW,S,SW,SW,S,SW,SW,S,SW,SW,S,SW,RSV,SW,SW,SW,SW,SW,SV,RSUVW,RSU,SW,S,SW,SW,S,SW,SW,S,SW,SW,SW,S,RSVW,S,SW,SW,S,SW,SW,S,SW,SW,S,SW,SW,S,SW,SW,S,SW,SW,SW,S,SW,SW,SW,S,SV,mute[K],mute[K],S,STW,STW,STW,ST,STW,TU,TU,S,S,S,S,S,TUVW,S,S,TUVW,S,S,S,TUVW,S,S,TUVW,S,S,STW,ST,STVW,STV,SUW,TVW,S,R,RSUVW,RSVW,RSVW,RSVW,RSVW,RSVW,RUV,TUW,RSVW,RSVW,RSVW,QTU,STV,RSUV,QRTVW,STUW,TUV,TUVW,QSTW,R,QT,RU,QQS,TUVW,TUV,TUW,TUV,TU,TU,TU,TU,TU,TU,TU,TU,TU,TU,TU,TU,TU,TU,TU,TU,TU,TU,TU,TU,TU,TU,TU,TU,TU,TU,TU,TU,ST,STV,STUV,RU,QQQQQRT,","#D-1[JMN],#G-2[JM],#D-1[J],#G-2[JN],#D-1[JN],(#G-2.c.#d)[J],#D-1[JN],#G-2[JN],#D-1[J],#G-2[JN],#D-1[JN],#G-2[J],#D-1[JN],#G-2[JN],(#D-1.c.#g)[J],#G-2[JN],#D-1[JN],(#G-2.#g.c1)[JN],#D-1[JN],#G-2[L],(#a.#c1)[KL],(#D-1.#g.c1)[JN],#G-2[JN],#D-1[J],(#G-2.g.#a)[JN],#D-1[JN],#G-2[J],#G-2[JN],#D-1[JN],#G-2[J],#D-1[JN],#G-2[JN],#D-1[J],(#G-2.c1.#d1)[JN],#D-1[KN],(#a.#c1)[K],#G-2[J],#D-1[JN],#G-2[JN],#D-1[J],#G-2[JN],#D-1[JN],#G-2[JN],(#D-1.#d.c1)[JN],#G-2[K],(#c.#a)[K],#D-1[JN],(#G-2.#A-1.#c)[JN],#D-1[J],#G-2[L],(c.#d)[KLN],(#D-1.#A-1.#c)[JN],#G-2[J],#D-1[JN],(#G-2.#G-1.c)[JN],#D-1[J],#G-2[JN],#D-1[JN],#G-2[K],(#G-1.c)[K],#D-1[JN],(#G-2.#A-1.#c)[JN],#D-1[K],(c.#d)[K],#G-2[JN],(#D-1.#c.f)[JN],#G-2[K],(#A-1.g)[K],#D-1[JN],(#G-2.c.#g)[JN],#D-1[K],(g.#a)[KN],#G-2[JN],(#D-1.#g.c1)[J],#G-2[K],(#a.#c1)[KN],#D-1[JN],(#G-2.c1.#d1)[J],#D-1[K],(#c1.f1)[KN],#G-2[JN],(#D-1.#d1.g1)[J],#G-2[K],(f1.#g1)[KN],#D-1[JN],(#G-2.g1.#a1)[J],#D-1[KN],(#g1.c2)[K],#G-2[JN],(#D-1.c2.#d2)[J],#G-2[KN],(#a1.#c2)[K],#D-1[JN],#G-2[J],#D-1[KN],(#a2.#c3)[K],#G-2[JN],(#D-1.#g2.c3)[J],#G-2[KN],(g2.#a2)[K],#D-1[JN],(#G-2.f2.#g2)[JN],#D-1[K],(#d2.g2)[KN],#G-2[J],(#D-1.#c2.f2)[JN],#G-2[K],(c2.#d2)[KN],#D-1[J],(#G-2.#a1.#c2)[JN],#D-1[K],(#g1.c2)[KN],#G-2[J],(#D-1.g1.#a1)[JN],#G-2[K],(#a1.#c2)[KN],#D-1[J],(#G-2.#a1.#c1)[JM],#D-1[K],(#c1.#a1)[KN],#G-2[JM],(#D-1.#a.#c1)[JM],#G-2[KN],(#d1.c1)[KM],#D-1[JMN],(#G-2.c1)[JM],(F-1.#g1.c2)[JN],(G-1.c2.#a1)[JN],(#G-1.c1.c2)[JN],c[J],#G-1[JN],(c.f1.f2)[JN],#G-1[J],c[JN],(E-1.g1.g2)[JN],c[J],E-1[JN],(c.#g1.#g2)[JN],F-1[J],c[JN],(F-1.f2)[JN],c[JN],F-1[J],(#c.#a1.#a2.f2)[JN],#C-1[JN],#c[JN],(C-1.#g1.#g2)[JN],c[JN],C-1[JM],(c.g1.g2.e2)[JM],C-1[JM],#A-1[JMN],(#G-1.f1.f2)[JN],(G-1.g1.g2)[JN],(F-1.#g1.#g2)[JN],(G-1.#a1.#a2)[J],#A-1[JN],G-1[JN],(#A-1.#d3.#d2)[JN],G-1[J],#A-1[JN],(D-1.f2.f3)[JN],#A-1[JN],D-1[J],(#A-1.g2.g3)[JN],#D-1[JN],#A-1[J],#D-1[JN],#d[JN],#D-1[J],(c.#a3.#a2)[JN],#d[K],(#g3.#g2)[KN],c[J],(f.#g3.#g2)[JN],#A-1[JN],f[J],(#A-1.g3.g2)[JM],f[JM],#d[JN],(#A-1.f3.f2)[JM],#d[KN],(#f3.#f2)[KM],d[JMN],(#D-1.g3.g2)[IJLM],(#a.g)[JN],d2[J],#d2[JN],(g.#d.#a2)[JN],#f2[J],g2[JN],(#D-1.#d3)[JN],a2[J],#a2[JN],(#d1.#a.g3)[JN],d3[J],#d3[JN],(#a.g.#a3)[IJM],#A-1[JN],#a2[JN],#g3[JN],(d1.#a.#g.f3)[JN],#a2[JN],g3[JM],(#d1.#a.g.#d.#d3)[IJLMN],(#D-1.g2)[IJL],(#a.g)[JN],d2[J],#d2[JN],(g.#d.#a2)[JN],#f2[J],g2[JN],(#D-1.#d3)[JN],a2[J],#a2[JN],(#d1.#a.g3)[JN],d3[JN],#d3[J],(c1.#g.c4)[IJMN],(g1.#d1.#a)[J],g3[JN],#a3[JN],(f1.#a.#g3)[J],d3[JN],#a3[JN],(g1.#d1.g3)[J],#d3[JN],#g3[JN],(d1.b.g3)[J],d3[JN],g3[JN],(#d1.c1.#d3)[J],c3[JN],f3[JN],(#a.g.#d3)[J],#a2[JN],#c3[JN],(c1.#g.c3)[JN],#g2[J],#c3[JN],(g.e.c3)[JN],g2[JN],#a2[J],(f.#g.#g2)[JN],c2[K],(#d.#f)[KN],(c3.a2)[J],(d.f.c3.#g2)[JKN],(#d.g.g2.#a2)[JKN],(B-1.d.f2.#g2)[JKN],(c.#d.#d2.g2)[JK],(#G-1.c.#d2.f2)[JKN],(#A-1.d.#g2)[KL],#g3[KL],(B-1.g3.d3)[J],(g.g2)[J],(B-1.f3.d3)[J],(c.#d3.c3)[J],(g.g2)[J],(g.f3.d3)[KLMN],(G-1.#d3.c3)[J],(g.#d2)[J],(G-1.#c3.#a2)[KLMN],(#G-1.c3.#g2)[J],(#d.#d2)[J],(G-1.#c3.#a2)[J],(#G-1.c3.#g2)[KLMN],(c.c2)[J],(E-1.#a2.g2)[J],(F-1.#g2.f2)[KLMN],(f.c2)[J],(#d.#f.c3.a2)[J],(d.f.#g2.c3)[JKN],(#d.g.g2.#a2)[JK],(B-1.d.f2.#g2)[JKMN],(c.#d.#d2.g2)[JKM],(#G-1.f2.#d2)[JLN],(A-1.c2)[KMN],#a2[J],(#A-1.d2)[I],#A-2[IJLMN],#A-1[IJMN],(#g2.f2)[IJMN],#A-2[IJMN],#A-1[IJMN],(f2.#g1)[IJMN],(#D-1.#g1.f1)[ILM],(g1.#a1)[KLN],(#A-1.f1.#g1)[IJMN],(#d1.g1)[IJMN],#A-2[IJMN],(#A-1.g1.#a1)[HKL],(f1.#g1)[JKM],#A-2[IJLM],(#A-1.#a.g1)[HJ],(#g.f1)[JKMN],(#D-1.f.#g)[JKLN],(#g.c1)[KLM],(g.#a)[KLMN],(f.#g)[HJKN],(g.#d.#A-1)[I],#D-1[HK],G-1[IL],F-1[HHJ],#D-1[KLMN],(#d.#A-1.G-1.#a1)[KLM],(#D-1.c2)[KLN],(#d.#A-1.G-1.d2)[KLM],(#D-1.#d2)[KL],(G-1.#A-1.#d.f2)[KL],(#D-1.g2)[KL],(G-1.#A-1.#d.#d2)[KL],(#D-1.#g2)[KL],(d.#A-1.#G-1.g2)[KL],(#D-1.#g2)[KL],(d.#A-1.#G-1.f2)[KL],(#D-1.f3)[KL],(d.#A-1.#G-1.#d3)[KL],(#D-1.f3)[KL],(d.#A-1.#G-1.d3)[KL],(#D-1.d3)[KL],(d.#A-1.#G-1.#d3)[KL],(#D-1.d3)[KL],(d.#A-1.#G-1.c3)[KL],(#D-1.#a2)[KL],(d.#A-1.#G-1.c3)[KL],(#D-1.#a2)[KL],(d.#A-1.#G-1.#g2)[KL],(#D-1.g2)[KL],(d.#A-1.#G-1.#g2)[KL],(#D-1.g2)[KL],(d.#A-1.#G-1.f2)[KL],(#D-1.#d2)[KL],(d.#A-1.#G-1.d2)[KL],(#D-1.c2)[KL],(d.#A-1.#G-1.d2)[KL],(#D-1.#d2)[JK],(#d1.#d.g1.#a1.#d2)[JKM],(#a.#A-1.#a1.#d2.g2)[JKLM],(g.G-1.#d2.g2.#a2)[IL],(#d.#D-1.#d3.#a2.g2)[HHHHHIK],"],"id":3}],"audition":{"start":[0,0],"end":[1,0]}}