{"baseBpm":540,"musics":[{"bpm":540,"baseBeats":1,"scores":["TU,TU,TU,TU,TU,TU,TU,TU,TU,TU,TU,TU,TU,TU,TU,TU,TU,TU,TU,TU,TU,TU,TU,TU,TU,TU,TU,TU,TU,TU,TU,TU,TU,TU,TU,TU,TU,TU,TU,TU,TU,TU,TU,TU,TU,TU,TU,TU,TU,TU,TU,TU,TU,TU,TU,TU,TU,TU,TU,TU,TU,TU,TU,TU,TU,TU,TU,TU,TU,TU,TU,TU,TU,TU,TU,TU;","a1[KL],a2[KL],#f2[KL],(a2.d)[KL],#f2[KL],(a2.d1)[KL],#f2[KL],(#f2.d1.c1.d)[KL],d2[KL],(g2.b.d1.d)[KL],e2[KL],(g2.d)[KL],e2[KL],(g2.d.#a.d1)[KL],e2[KL],(e2.a.d1.d)[KL],#c2[KL],(e2.d)[KL],#c2[KL],(#c2.d.g.d1)[KL],a1[KL],(d2.d.#f)[KL],a1[KL],(#f2.d1)[KL],d2[KL],(a2.d1)[KL],#f2[KL],(a2.d)[KL],#f2[KL],(a2.d1)[KL],#f2[KL],(a2.d1.c1.d)[KL],#f2[KL],(b2.d1.b.d)[KL],g2[KL],(b2.d1.b.d)[KL],g2[KL],(b2.d1.b.d)[KL],g2[KL],(g2.#c3.a.g.e.d)[KL],a2[KL],(g2.#c3.a.g.e.d)[KL],a2[KL],(g2.#c3.a.g.e.d)[KL],a2[KL],(d2.#f2.d3.d1.a.#f.d)[KL],a2[KL],d3[KL],a2[KL],(#f2.a.d)[KL],a2[KL],(e2.g2.e1.a)[KL],a2[KL],(e2.e1.#c1)[KL],a2[KL],(g2.e1.a)[KL],a2[KL],(#f2.d1.d)[KL],a2[KL],(d2.d1.#f)[KL],a2[KL],(d3.d1.d)[KL],a2[KL],(#c3.e2.a.A-1)[KL],a2[KL],(g2.a.#c)[KL],a2[KL],(e2.#c3.a.A-1)[KL],a2[KL],(d2.d3.d1.d)[KL],a2[KL],(#f2.d1.#f)[KL],a2[KL],(#f2.d1.d)[KL],a2[KL],(g2.a.A-1)[KL];"],"id":1,"instruments":["piano","piano"],"alternatives":["",""]},{"bpm":540,"baseBeats":1,"scores":["TU,TU,TU,TU,TU,TU,TU,TU,TU,TU,TU,TU,TU,TU,TU,TU,TU,RS,ST,RU,TU,TU,TU,TU,TU,TU,TU,TU,TU,TU,TU,TU,TU,TU,TU,TU,TU,TU,TU,TU,TU,RS,ST,RU,TU,TU,TU,TU,TU,TU,TU,TU,TU,TU,TU,TU,TU,TU,TU,TU,TU,TU,TU,TU,TU,RS,ST,RU,TU,TU,TU,TU,TU,TU,TU,TU;","a2[KL],(e2.a.#c)[KL],a2[KL],(g2.a.A-1)[KL],a2[KL],(#f2.d1.d)[KL],a2[KL],(d2.d1.#f)[KL],a2[KL],(d3.d1.d)[KL],a2[KL],(#c3.e2.a.A-1)[KL],a2[KL],(g2.a.#c)[KL],a2[KL],(e2.#c3.a.A-1)[KL],a2[KL],(d3.a.#f.d)[IJ],(#f.d.B-1)[JK],(#f.d.B-1)[IL],#f1[KL],(#f2.#f.d.B-1)[KL],d2[KL],(#f2.#f.d.B-1)[KL],d2[KL],#f2[KL],d2[KL],(d2.#f.d.B-1)[KL],b1[KL],(g2.g.e.B-1)[KL],e2[KL],g2[KL],e2[KL],(g2.g.e.B-1)[KL],e2[KL],(e2.g.e.#c.B-1)[KL],#c2[KL],e2[KL],#c2[KL],(#c2.g.e.#c.B-1)[KL],#a1[KL],(b1.#f.d.B-1)[IJ],(d.B-1.G-1)[JK],(B-1.d.G-1)[IL],d2[KL],(d3.d.B-1.G-1)[KL],b2[KL],(d3.B-1.d.G-1)[KL],b2[KL],d3[KL],b2[KL],(b2.d.B-1.G-1)[KL],g2[KL],(e3.e.c.G-1)[KL],c3[KL],e3[KL],c3[KL],(c3.e.c.G-1)[KL],a2[KL],(c3.d.c.G-1.A-1)[KL],a2[KL],c3[KL],a2[KL],(a2.d.c.A-1.G-1)[KL],#f2[KL],(g2.d.B-1.G-1)[IJ],(#f2.a1.a.#f.d)[JK],(#f2.a1.a.#f.d)[IL],a1[KL],(a2.a.#f.d)[KL],#f2[KL],(a2.a.#f.d)[KL],#f2[KL],a2[KL],#f2[KL],(#f2.a.#f.d)[KL];"],"id":2,"instruments":["piano","piano"],"alternatives":["",""]},{"bpm":540,"baseBeats":1,"scores":["TU,TU,TU,TU,TU,TU,TU,TU,TU,TU,TU,TU,TU,TU,TU,TU,TU,TU,TU,TU,TU,TU,TU,TU,TU,TU,TU,TU,TU,TU,TU,TU,TU,TU,TU,TU,TU,TU,TU,TU,TU,TU,TU,TU,TU,TU,TU,TU,TU,TU,TU,TU,TU,TU,TU,TU,TU,TU,TU,TU,TU,TU,TU,TU,TU,TU,TU,TU,TU,TU,TU,TU,TU,RS,ST,RS,ST,QT,QT,QQ,ST;","d2[KL],(g2.g.e.d)[KL],e2[KL],g2[KL],e2[KL],(g2.g.e.d)[KL],e2[KL],(e2.g.e.d)[KL],#c2[KL],e2[KL],#c2[KL],(#c2.g.e.d)[KL],a1[KL],(d2.a.#f.d)[KL],a1[KL],#f2[KL],d2[KL],(a2.a.#f.d)[KL],#f2[KL],(a2.a.#f.d)[KL],#f2[KL],a2[KL],#f2[KL],(a2.a.#f.d)[KL],#f2[KL],(b2.d2.D-1)[KL],(g2.d)[KL],(b2.d2.D-1)[KL],(g2.d)[KL],(b2.d2.D-1)[KL],(g2.d)[KL],(#c3.g2.e2.D-1)[KL],(a2.d)[KL],(#c3.g2.e2.D-1)[KL],(a2.d)[KL],(#c3.g2.e2.D-1)[KL],(a2.d)[KL],(d2.d3.d.D-1)[KL],a2[KL],#f2[KL],d2[KL],(g2.a.e1)[KL],e2[KL],(#f2.d1.#f1)[KL],d2[KL],a1[KL],a2[KL],(#c3.a.e1)[KL],a2[KL],(d2.d3.d1.a.#f.d)[KL],a2[KL],#f2[KL],d2[KL],(g2.#c1.a.g.e.d)[KL],e2[KL],(#f2.d1.a.#f.d)[KL],d2[KL],a1[KL],a2[KL],(#c3.e2.a.g.e.d)[KL],a2[KL],(d2.d3.d1.a.#f.d)[KL],a2[KL],#f2[KL],a2[KL],(#c3.e2.g2.a.g.e.d)[KL],a2[KL],(d2.d3.d1.a.#f.d)[KL],a2[KL],#f2[KL],a2[KL],(#c3.e2.g2.a.g.e.d)[KL],a2[KL],(d3.d1.a.#f.d)[IJ],(d2.#f1.d1.a.d)[JK],(d2.#f1.d1.a.d)[IJ],(d2.#f1.d1.a.d)[JK],(d2.#f1.d1.a.d)[HK],(d3.a2.#f2.d1.a.#f.d)[HK],(d1.d.D-1)[HH],ST;"],"id":3,"instruments":["piano","piano"],"alternatives":["",""]}],"audition":{"start":[0,0],"end":[2,80]}}