{"baseBpm":306,"musics":[{"bpm":306,"baseBeats":0.75,"scores":["mute[KL],mute[LM],mute[LM],mute[LM],mute[LM],mute[LM],mute[LM],mute[LM],mute[LM],mute[LM],mute[LM],mute[LM],mute[LM],mute[LM],mute[LM],mute[LM],mute[LM],mute[LM],mute[LM],mute[LM],mute[LM],mute[LM],mute[LM],mute[LM],mute[LM],mute[LM],mute[LM],mute[LM],mute[LM],mute[LM],mute[LM],mute[LM],mute[LM],mute[LM],mute[LM],mute[LM],mute[LM],mute[LM],mute[LM],mute[LM],mute[LM],mute[LM],mute[LM],mute[LM],mute[LM],mute[LM],mute[LM],mute[LM],mute[LM],mute[LM],mute[LM],mute[LM],mute[LM],mute[LM],mute[LM],mute[LM],mute[LM],mute[LM],mute[LM],mute[LM],mute[LM],mute[LM],mute[LM],mute[LM],mute[LM],mute[LM],mute[LM],mute[LM],mute[LM],mute[LM],mute[LM],mute[LM],mute[LM],mute[LM],mute[LM],mute[LM],mute[LM],mute[LM],mute[LM],mute[LM],mute[LM],mute[LM],mute[LM],mute[LM],mute[LM],mute[LM],mute[LM],mute[LM],mute[LM],mute[LM],mute[LM],mute[LM],mute[LM],mute[LM],mute[LM],mute[LM],mute[LM],mute[LM],mute[LM],mute[LM],mute[LM],mute[LM],mute[LM],mute[LM],mute[LM],mute[LM],mute[LM],mute[LM],mute[LM],mute[LM],mute[LM],mute[LM],mute[LM],mute[LM],mute[LM],mute[LM],mute[LM],mute[LM],mute[LM],mute[LM],mute[LM],mute[LM],mute[LM],mute[LM],mute[LM],mute[LM],mute[LM],mute[LM],mute[LM],mute[LM],mute[LM],mute[LM],mute[LM],mute[LM],mute[LM],mute[LM],mute[LM],mute[LM],mute[LM],mute[LM],mute[LM],mute[LM],mute[LM],mute[LM],mute[LM],mute[LM],mute[LM],mute[LM],mute[LM],mute[LM],mute[LM],mute[LM],mute[LM],mute[LM],mute[LM],mute[LM],mute[LM],mute[LM],mute[LM],mute[LM],mute[LM],mute[LM],mute[LM],mute[LM],mute[LM],mute[LM],mute[LM],mute[LM],mute[LM],mute[LM],mute[LM],mute[LM],mute[LM],mute[LM],mute[LM],mute[LM],mute[LM],mute[LM],mute[LM],mute[LM],mute[LM],mute[LM],mute[LM],mute[LM],mute[LM],mute[LM],mute[LM],mute[LM],mute[LM],mute[LM],mute[LM],mute[LM],mute[LM],mute[LM],mute[LM],mute[LM],mute[LM],mute[LM],mute[LM],mute[LM],mute[LM],mute[LM],mute[LM],mute[LM],mute[LM],mute[LM],mute[LM],mute[LM],mute[LM],mute[LM],mute[LM],mute[LM],mute[LM],mute[LM],mute[LM],mute[LM],mute[LM],mute[LM],mute[LM],mute[LM],mute[LM],mute[LM],mute[LM],mute[LM],mute[LM],mute[LM],mute[LM],mute[LM],mute[LM],mute[LM],mute[LM],mute[LM],mute[LM],mute[LM],mute[LM],mute[LM],mute[LM],mute[LM],mute[LM],mute[LM],mute[LM],mute[LM],mute[LM],mute[LM],mute[LM],mute[LM],mute[LM],mute[LM],mute[LM],mute[LM],mute[LM],mute[LM],mute[LM],mute[LM],mute[LM],mute[LM],mute[LM],mute[LM],mute[LM],mute[LM],mute[LM],mute[LM],mute[LM],mute[LM],mute[LM],mute[LM],mute[LM],mute[LM],mute[LM],mute[LM],mute[LM],mute[LM],mute[LM],mute[LM],mute[LM],mute[LM],mute[LM],mute[LM],mute[LM],mute[LM],mute[LM],mute[LM],mute[LM],mute[LM],mute[LM],mute[LM],mute[LM],mute[LM],mute[LM],mute[LM],mute[LM],mute[LM],mute[LM],mute[LM],mute[LM],mute[LM],mute[LM],mute[LM],mute[LM],mute[LM],mute[LM],mute[LM],mute[LM],mute[LM],mute[LM],mute[LM],mute[LM],mute[LM],mute[LM],mute[LM],mute[LM],mute[LM],mute[LM],mute[LM],mute[LM],mute[LM],mute[LM],mute[LM],mute[LM],mute[LM],mute[LM],mute[LM],mute[LM],mute[LM],mute[LM],mute[LM],mute[LM],mute[LM],mute[LM],mute[LM],mute[LM],mute[LM],mute[LM],mute[LM],mute[LM],mute[LM],mute[LM],mute[LM],mute[LM],mute[LM],mute[LM],mute[LM],mute[LM],mute[LM],mute[LM],mute[LM],mute[LM],mute[LM],mute[LM],mute[LM],mute[LM],mute[LM],mute[LM],mute[LM],mute[LM],mute[LM],mute[LM],mute[LM],mute[LM],mute[LM],mute[LM],mute[LM],mute[LM],mute[LM],mute[LM],mute[LM],mute[LM],mute[LM],mute[LM],mute[LM],mute[LM],mute[LM],mute[LM],mute[LM],mute[LM],mute[LM],mute[LM],mute[LM],mute[LM],mute[LM],mute[LM],mute[LM],mute[LM],mute[LM],mute[LM],mute[LM],mute[LM],mute[LM],mute[LM],mute[LM],mute[LM],mute[LM],mute[LM],mute[LM],mute[LM],mute[LM],mute[LM],mute[LM],mute[LM],mute[LM],mute[LM],mute[LM],mute[LM],mute[LM],mute[LM],mute[LM],mute[LM],mute[LM],mute[LM],mute[LM],mute[LM],mute[K],mute[LM],mute[LM],mute[LM],mute[KM],mute[K],mute[LM],mute[K],mute[K],mute[K],mute[LMN],mute[K],mute[LMN],mute[K],mute[K],mute[K],mute[LM],mute[LM],mute[LM],mute[LM],mute[LM],mute[LM],mute[LM],mute[K],mute[LM],mute[LM],mute[LM],mute[KM],mute[K],mute[LM],mute[LM],mute[LM],mute[LM],mute[LM],mute[LM],mute[LM],mute[LM],mute[LM],mute[LM],mute[LM],mute[LM],mute[LM],mute[K],mute[LM],mute[LM],mute[LM],mute[LM],mute[LM],mute[LM],mute[LM],mute[LM],mute[LM],mute[LM],mute[LM],mute[LM],mute[LM],mute[LM],mute[LM],mute[LM],mute[LM],mute[LM],mute[LM],mute[LM],mute[LM],mute[LM],mute[LM],mute[LM],mute[LM],mute[LM],mute[LM],mute[LM],mute[LM],mute[LM],mute[LM],mute[LM],mute[LM],mute[LM],mute[LM],mute[LM],mute[LM],mute[LM],mute[LM],mute[LM],mute[LM],mute[LM],mute[LMN],mute[K],mute[LMN],mute[K],mute[K],mute[KN],mute[KN],mute[HJK],mute[K],mute[KN],mute[IM],mute[J],mute[K],mute[K],mute[IM],mute[J],mute[LMN],mute[K],mute[IN],mute[J],mute[K],mute[LMN],mute[IN],mute[JN],mute[K],mute[LMN],mute[I],mute[J],mute[LMN],mute[KN],mute[IN],mute[KLMN],mute[LMN],mute[K],mute[JLMN],mute[K],mute[LMN],mute[K],mute[LMN],mute[K],mute[IJMN],mute[K],mute[K],mute[IM],mute[KLMN],mute[KN],mute[K],mute[I],mute[J],mute[K],mute[K],mute[IKL],mute[JKN],mute[KLM],mute[KLMN],mute[HKLN],mute[K],mute[KN],mute[IM],mute[J],mute[K],mute[KN],mute[IN],mute[KLMN],mute[LMN],mute[K],mute[I],mute[KLMN],mute[K],mute[K],mute[I],mute[KLMN],mute[K],mute[K],mute[I];","#g1[KL],(#c.e1)[LM],#c1[LM],(#g.e1)[LM],#g1[LM],(#c.e1)[LM],#c1[LM],(a.e1)[LM],a1[LM],(c.#d1)[LM],c1[LM],(a.#d1)[LM],a1[LM],(c.#d1)[LM],c1[LM],(#g.#d1)[LM],#g1[LM],(#c.#g1)[LM],e1[LN],(#g.#g1)[LM],e2[LM],(e.#g1)[LM],e1[LM],(#g.#g1)[LM],#c2[LM],(#d.a1)[LM],#g1[LM],(a.#f1)[LM],#c2[LM],(#d.c2)[LM],#f1[LM],(#g.#g1)[LM],c2[LM],(#c.#c2)[LM],e1[LM],(#c1.#g1)[LN],#c2[LM],(#c.e2)[LM],#g1[LM],(b.e2)[LM],#g2[LM],(#f.e2)[LM],a1[LM],(a.e2)[LM],#g2[LM],(#f.d2)[LM],#f2[LM],(a.#c2)[LM],e2[LM],(A-1.c2)[LM],#d2[LM],(#f.#c2)[LM],e2[LM],(#G-1.#d2)[LM],#f2[LM],(#g.c2)[LM],#d2[LM],(#c.e2)[LM],#c2[LM],(#d.b1)[LM],a1[LM],(e.#g1)[LMN],#f1[LM],(#g.e1)[LM],#d1[LMN],(#c.e1)[LM],#c1[LM],(#g.e1)[LM],#g1[LM],(#c.e1)[LM],#c1[LM],(a.e1)[LM],a1[LM],(B-1.#d1)[LM],b[LM],(a.#d1)[LM],a1[LMN],(B-1.#d1)[LM],b[LM],(#g.#d1)[LM],#g1[LM],(e.#g1)[LM],#c1[LM],(#g.#g1)[LM],#c2[LM],(A-1.#f1)[LMN],#d1[LM],(a.#f1)[LM],#c2[LM],(#G-1.#g1)[LM],e1[LM],(b.#g1)[LM],#c2[LM],(#g.#g1)[LM],e1[LM],(b.#g1)[LM],b1[LM],(#c.g1)[LM],e1[LM],(e.g1)[LM],#a1[LM],(c.e2)[LMN],#a1[LM],(#a.e2)[LM],g2[LM],(B-1.#d2)[LM],g2[LM],(b.#d2)[LM],#f2[LM],(c.a1)[LM],e2[LMN],(#f.a1)[LM],#d2[LM],(#c.a1)[LM],#f2[LM],(e.#g1)[LM],e2[LMN],(A-1.e1)[LM],#c2[LMN],(#f.#c1)[LM],a1[LM],(B-1.b)[LMN],#g1[LM],(#g.e1)[LMN],b1[LM],(B-1.b)[LM],a1[LM],(a.#d1)[LM],b1[LMN],(B-1.a1)[LM],#d1[LM],(#f.b)[LM],a1[LM],(e.#g1)[LM],e1[LM],(#f.#g1)[LM],a1[LM],(#g.b1)[LMN],#g1[LM],(b.b1)[LM],#g2[LM],(#g.b1)[LM],#f2[LM],(e1.c2)[LMN],e2[LM],(a.#c2)[LMN],e1[LM],(A-1.#c2)[LM],e2[LMN],(B-1.b1)[LM],#d2[LMN],(#c.a1)[LM],#c2[LM],(B-1.#g1)[LMN],b[LMN],(e.#g1)[LM],b1[LM],(B-1.e1)[LMN],#a[LMN],(g.e1)[LM],#c2[LM],(B-1.#f1)[LMN],a[LMN],(e.#f1)[LM],b1[LMN],(B-1.#f1)[LMN],a[LM],(#d.#f1)[LMN],b1[LM],(e.e1)[LMN],#g[LM],e1[LM],#g1[LM],B-1[LMN],E-1[LM],B-1[LMN],e[LM],#d1[LM],a[LM],#d1[LMN],b1[LM],B-1[LM],E-1[LMN],B-1[LM],#f[LM],e1[LMN],#g[LM],e1[LMN],#g1[LM],(e.#g1)[LM],(#g.b1)[LMN],(b.e2)[LM],(e1.#g2)[LMN],(e1.#g2)[LMN],#g1[LM],(#c1.e2)[LMN],#g1[LM],(c1.#d2)[LM],#g1[LMN],(b.d2)[LM],#g1[LMN],(a.#c2)[LM],#c1[LM],a1[LM],#c2[LM],e[LMN],A-1[LM],e[LM],a[LMN],#g1[LM],d1[LM],#g1[LM],e2[LM],e[LMN],A-1[LM],e[LM],b[LM],a1[LMN],#c1[LM],a1[LM],#c2[LM],(a.#c2)[LM],(#c1.e2)[LMN],(e1.a2)[LM],(a1.#c3)[LMN],(a1.#c3)[LMN],#c2[LM],(#f1.a2)[LM],#c2[LMN],(b1.#g2)[LM],e2[LM],(b.a1.#f2)[LMN],#d2[LM],(e2.#g1.e1)[LMN],#g1[LM],(#g.#f.#f1)[LMN],#g1[LMN],(e.e1)[LMN],#g1[LMN],(#d.#d1)[LMN],#g1[LMN],(#c.e1)[LM],#c1[LMN],(c.e1)[LMN],#g1[LM],(#c.e1)[LM],#c1[LMN],(e.e1)[LM],a1[LMN],(c.#d1)[LM],c1[LM],(#d.#d1)[LM],a1[LMN],(#g.#d1)[LM],c1[LMN],(c.#d1)[LM],#g1[LM],(#c.#g1)[LM],e1[LM],(#d.#g1)[LMN],e2[LM],(e.#g1)[LMN],e1[LM],(#c.#g1)[LM],#c2[LM],(#d.a1)[LMN],#g1[LM],(a.#f1)[LM],#c2[LMN],(#g.c2)[LM],#d1[LM],(#f.#g1)[LMN],c2[LM],(e.#c2)[LM],#g1[LMN],(#d.#c2)[LM],e2[LM],(#c.e2)[LMN],#g1[LM],(B-1.e2)[LM],#g2[LMN],(A-1.e2)[LM],a1[LM],(#F-1.e2)[LMN],(#G-1.#g2)[LM],(A-1.d2)[LMN],#f2[LM],(#F-1.#c2)[LM],e2[LM],(#G-1.c2)[LMN],#d2[LM],(#F-1.#c2)[LM],(E-1.e2)[LMN],(#D-1.#d2)[LM],#f2[LM],(#G-1.c2)[LM],#d2[LMN],(#C-1.e2)[LM],#c2[LM],(#G-1.b1)[LMN],a1[LM],(#A-1.#g1)[LM],#f1[LMN],(c.e1)[LM],#d1[LMN],(#c.e1)[LM],#c1[LMN],(e.e1)[LM],#g1[LMN],(#d.e1)[LM],#c1[LM],(#c.e1)[LMN],a1[LM],(B-1.#d1)[LMN],b[LM],(#d.#d1)[LM],a1[LMN],(#g.#d1)[LM],b[LMN],(B-1.#d1)[LM],#g1[LM],(A-1.#g1)[LMN],#c1[LM],(#c.#g1)[LMN],#c2[LM],(B-1.#f1)[LM],#d1[LM],(A-1.#f1)[LMN],#c2[LMN],(#G-1.#g1)[LM],e1[LM],(B-1.#g1)[LM],#c2[LMN],(e.#g1)[LM],e1[LMN],(#G-1.#g1)[LM],b1[LM],(E-1.g1)[LMN],e1[LM],(e.g1)[LMN],(#d.#a1)[LM],(#c.e2)[LM],#a1[LMN],(c.e2)[LM],g2[LMN],(B-1.#d2)[LM],g2[LM],(#f.#d2)[LMN],#f2[LM],(b.a1)[LM],e2[LMN],(B-1.a1)[LM],#d2[LMN],(c.a1)[LM],#f2[LMN],(#c.#g1)[LM],e2[LMN],(#G-1.e1)[LMN],#c2[LM],(A-1.#c1)[LMN],a1[LMN],(B-1.b)[LM],#g1[LM],(#g.e1)[LMN],b1[LM],(B-1.b)[LMN],a1[LM],(a.#d1)[LM],b1[LMN],(B-1.a1)[LM],#d1[LM],(#f.b)[LMN],a1[LM],(e.#g1)[LM],b[LM],(#c.e1)[LMN],(#d.#f1)[LM],(e.#g1)[LM],e1[LMN],(#g.#g1)[LM],e2[LM],(f.#g1)[LM],#d2[LMN],(#c1.#g1)[LMN],#c2[LM],(#f.a1)[LM],#c1[LM],(#F-1.a1)[LMN],#c2[LM],(#G-1.#g1)[LMN],b1[LM],(A-1.#f1)[LM],a1[LM],(#G-1.e1)[K],#g[LMN],(#c.e1)[LMN],#g1[LMN],(#G-1.#c1)[LMN],g[K],(e.#c1)[LMN],a1[LMN],(#G-1.#d1)[K],#f[K],(#c.#d1)[LMN],#g1[K],(#G-1.#d1)[LMN],#f[K],(c.#d1)[K],#g1[K],(#c.#c1)[LMN],e[LMN],#c1[LMN],e1[LMN],#G-1[LMN],#C-1[LMN],#G-1[K],#c[LMN],(A-1.#c1)[LMN],e[LMN],#c1[LMN],e1[K],E-1[LMN],A-2[LMN],E-1[LMN],A-1[LMN],(#F-1.d1)[LM],a[LM],d1[LMN],#f1[LM],(d.#f1)[LM],(#f.a1)[LM],(a.d2)[LMN],(d1.#f2)[LM],(#f1.a2)[K],d2[LM],(d1.#f.#f2.a1)[LMN],b1[LMN],(e1.#g.e2.#c2)[LMN],#g1[LMN],(#f1.#g.#d2.c2)[LMN],#g1[LMN],(#c1.e1.#c2)[LM],e1[LM],#c2[LM],e2[LMN],#g[LM],#c[LMN],#g[LM],#c1[LM],(a.#c2)[LM],e1[LMN],#c2[LM],e2[LMN],e[LM],A-1[LM],e[LM],a[LMN],(#f.d2)[LM],a1[LM],(a.d2)[LM],(d1.#f2)[LM],(#f1.a2)[LM],(d1.#f2)[LM],(a.d2)[LM],(#f.a1)[LMN],(#g.#g1)[LMN],e2[LMN],(#g.e1)[LM],#c2[LMN],(#g.#f1)[LMN],#d2[LM],(#g.#d1)[LMN],c2[LMN],(#g.e1)[LMN],#c2[K],(#G-1.e1.#c1)[LMN],#g1[K],(#G-1.#f1.#d1)[K],#g1[KN],(#G-1.#d1.c1)[KN],#g1[HJK],(#c1.#g.#c.f1)[K],#g1[KN],(#c1.#g.#c.#a1.#f1)[IM],(#c1.#g.#c.#g1.f1)[J],(#c1.#g.#c.f1)[K],#g1[K],(#c1.#g.#c.#c2.#a1.#f1)[IM],(#c1.#g.#c.#g1.f1)[J],(c1.#g.#g1.f1)[LMN],d1[K],(c1.#g.#f1.#d1)[IN],(c1.#g.#d2.#f1)[J],(#c1.#g.#c.f2.#g1)[K],(#d2.#f1)[LMN],(#c1.#g.#c.#c2.f1)[IN],(#c1.#g.#c.#g1.f1)[JN],(#c1.#g.#c.f1)[K],#g1[LMN],(#c1.#g.#c.#a1.#f1)[I],(#c1.#g.#c.#g1.f1)[J],(#c1.#g.#c.f1)[LMN],#g1[KN],(#c1.#g.#c.#c2.#a1.#f1)[IN],(#c1.#g.#c.#g1.f1)[KLMN],(c1.#g.#g1.f1)[LMN],d1[K],(c1.#g.#f1.#d1)[JLMN],(#d2.#f1)[K],(c1.#g.f2.#g1)[LMN],(#d2.#f1)[K],(#c1.#g.#c.#c2.f1)[LMN],(#d2.#f1)[K],(#c1.#g.#c.#c2.f1)[IJMN],(#G-1.#G-2.#g)[K],c1[K],(#G-1.#C-1.#c1.#g.e)[IM],(#G-1.#G-2.c1.#g.#d)[KLMN],(#G-1.#G-2.#g)[KN],c1[K],(#G-1.#C-1.#c1.e1.#g)[I],(#G-1.#G-2.c1.#d1.#g)[J],(#G-1.#G-2.#d1.c1)[K],a1[K],(#G-1.#C-1.#g1.e1.#c1)[IKL],(#G-1.#G-2.#g1.#d1.c1)[JKN],(B-1.#F-1.a1.#d1.b)[KLM],b1[KLMN],(B-1.E-1.#g1.e1.b)[HKLN],(#c1.#g.#c.f1)[K],#g1[KN],(#c1.#g.#c.#a1.#f1)[IM],(#c1.#g.#c.#g1.f1)[J],(#c1.#g.#c.f1)[K],#g1[KN],(#c1.#g.#c.#c2.#a1.#f1)[IN],(#c1.#g.#c.#g1.f1)[KLMN],(c1.#g.#g1.f1)[LMN],d1[K],(c1.#g.#f1.#d1)[I],(c1.#g.#d2.#f1)[KLMN],(#c1.#g.#c.f2.#g1)[K],(#d2.#f1)[K],(#c1.#g.#c.#c2.f1)[I],(#c1.#g.#c.#g1.f1)[KLMN],(#c1.#g.#c.f1)[K],#g1[K],(#c1.#g.#c.#a1.#f1)[I];"],"id":1,"instruments":["piano","piano"],"alternatives":["",""]},{"bpm":306,"baseBeats":0.75,"scores":["mute[J],mute[K],mute[K],mute[JKLMN],mute[KLMN],mute[K],mute[K],mute[JK],mute[LM],mute[K],mute[K],mute[LM],mute[K],mute[IJL],mute[K],mute[K],mute[IN],mute[J],mute[K],mute[K],mute[IN],mute[J],mute[K],mute[K],mute[IK],mute[JKN],mute[J],mute[JN],mute[IJLM],mute[LM],mute[K],mute[JKLMN],mute[KLM],mute[LMN],mute[K],mute[JKLN],mute[KLM],mute[LM],mute[K],mute[JKLN],mute[KLM],mute[LM],mute[K],mute[JKLM],mute[KLM],mute[LM],mute[K],mute[JKL],mute[KLM],mute[LM],mute[K],mute[JKL],mute[KLM],mute[LM],mute[K],mute[JKL],mute[KLM],mute[LM],mute[LMN],mute[JKL],mute[KLM],mute[LMN],mute[K],mute[JKL],mute[KLM],mute[LM],mute[K],mute[JKL],mute[KLM],mute[K],mute[K],mute[IN],mute[K],mute[KN],mute[K],mute[KN],mute[ILMN],mute[JM],mute[KN],mute[KN],mute[IN],mute[J],mute[K],mute[K],mute[IN],mute[J],mute[K],mute[K],mute[I],mute[JL],mute[KMN],mute[KMN],mute[HIKM],mute[K],mute[KN],mute[IM],mute[J],mute[K],mute[K],mute[IM],mute[J],mute[K],mute[K],mute[JKLMN],mute[J],mute[K],mute[K],mute[I],mute[J],mute[K],mute[K],mute[I],mute[J],mute[K],mute[K],mute[IN],mute[KLMN],mute[K],mute[K],mute[JK],mute[K],mute[K],mute[LM],mute[K],mute[K],mute[H],mute[K],mute[LMN],mute[I],mute[KLMN],mute[K],mute[K],mute[I],mute[KLMN],mute[KM],mute[KN],mute[IL],mute[JL],mute[KLM],mute[KLN],mute[IJL],mute[KLMN],mute[LMN],mute[K],mute[JKLM],mute[KLM],mute[LMN],mute[K],mute[JKLN],mute[KLM],mute[LM],mute[K],mute[JKLN],mute[KLM],mute[LM],mute[K],mute[JKLM],mute[KLN],mute[LM],mute[K],mute[JKLN],mute[KLM],mute[LM],mute[LMN],mute[JKL],mute[KLM],mute[LM],mute[LMN],mute[JKMN],mute[KLN],mute[LM],mute[K],mute[JKL],mute[KLM],mute[LM],mute[K],mute[JKL],mute[KLM],mute[K],mute[LM],mute[JKLN],mute[KLM],mute[K],mute[K],mute[IN],mute[K],mute[KN],mute[KN],mute[KN],mute[IKM],mute[JMN],mute[KN],mute[KN],mute[IN],mute[J],mute[K],mute[K],mute[IN],mute[J],mute[K],mute[LMN],mute[IN],mute[JL],mute[KL],mute[KL],mute[HIK],mute[KN],mute[K],mute[IMN],mute[J],mute[K],mute[K],mute[IM],mute[J],mute[LMN],mute[K],mute[I],mute[KLMN],mute[K],mute[K],mute[I],mute[J],mute[K],mute[K],mute[IN],mute[J],mute[LMN],mute[K],mute[IN];","(#c1.#g.#c.#g1.f1)[J],(#c1.#g.#c.f1)[K],#g1[K],(#c1.#g.#c.#c2.#a1.#f1)[JKLMN],(#c1.#g.#c.#g1.f1)[KLMN],(c1.#g.#g1.f1)[K],d1[K],(c1.#g.#f1.#d1)[JK],(#d2.#f1)[LMN],(c1.#g.f2.#g1)[LMN],(#d2.#f1)[K],(#c1.#g.#c.#c2.f1)[LMN],(#d2.#f1)[LMN],(#c1.#g.#c.#c2.f1)[IJL],(#G-1.#G-2.#g)[K],c1[K],(#G-1.#C-1.#c1.#g.e)[IN],(#G-1.#G-2.c1.#g.#d)[J],(#G-1.#G-2.#g)[K],c1[K],(#G-1.#C-1.#c1.e1.#g)[IN],(#G-1.#G-2.c1.#d1.#g)[J],(#G-1.#G-2.#d1.c1)[K],a1[K],(#G-1.#C-1.#g1.e1.#c1)[IK],(#G-1.#G-2.#g1.#d1.c1)[JKN],(B-1.#F-1.a1.#d1.b)[J],b1[JN],(B-1.E-1.#g1.e1.b)[IJLM],(e.E-1.#g1.e1.b)[LMN],a1[LMN],(B-1.B-2.#f1.#d1.b)[JKLMN],(e.E-1.#g1.e1.b)[KLM],(e.E-1.#g1.e1.b)[LMN],a1[K],(B-1.B-2.#f1.#d1.b)[JKLN],(e.E-1.#g1.e1.b)[KLM],(B-1.B-2.#f1.#d1.b)[LMN],#g1[LMN],(#c.#C-1.e1.#c1.#g)[JKLN],(A-1.A-2.#f1.#c1.a)[KLM],(B-1.B-2.#d1.a)[LMN],#f1[LMN],(B-1.E-1.e1.#g)[JKLM],(b.e2.#g1)[KLM],(b.#d1.e2.a1)[LM],#g2[K],(#d1.b.#f2.a1)[JKL],(#d1.b.a1.#f1)[KLM],(b.e1.#g1)[LMN],(a1.#f1)[LMN],(e1.b.b1.#g1)[JKL],(e1.b.e2.#g1)[KLM],(b.#d1.e2.a1)[LMN],#g2[LMN],(#d1.b.#f2.a1)[JKL],(#f1.b.a1.#d2)[KLM],(e.b.e1.e2.#g1)[LM],(#c2.a1)[LMN],(e.e1.b.b1.#g1)[JKL],(e.E-1.e1.#g1.b)[KLM],(e.E-1.#g1.e1.b)[LMN],a1[K],(B-1.B-2.#f1.#d1.b)[JKL],(e.E-1.#g1.e1.b)[KLM],(e.E-1.#g1.e1.b)[LMN],a1[LMN],(B-1.B-2.#f1.#d1.b)[JKL],(e.E-1.#g1.e1.b)[KLM],(B-1.B-2.#f1.#d1.b)[K],#g1[K],(#c.#C-1.e1.#c1.#g)[IN],(#F-1.#F-2.#f.a.#d1)[K],#c1[KN],(#G-1.#G-2.#f.c1)[K],#d1[KN],(#G-1.#C-1.f.#c1)[ILMN],(#c1.#g.#c2.f1)[JM],(#g.c1.d2.#f1)[KN],f2[KN],(#g.c1.#d2.#f1)[IN],(#g.c1.#f1.#d1)[J],(#g.#c1.f1)[K],(#f1.#d1)[K],(#g.#c1.#g1.f1)[IN],(#g.#c1.f1.#c2)[J],(#g.c1.d2.#f1)[K],f2[K],(#g.c1.#d2.#f1)[I],(#g.d1.f2.b1)[JL],(#g.#d1.f2.c2)[KMN],#g2[KMN],(#g.#d1.#f2.c2)[HIKM],(#c1.#g.#c.f1)[K],#g1[KN],(#c1.#g.#c.#a1.#f1)[IM],(#c1.#g.#c.#g1.f1)[J],(#c1.#g.#c.f1)[K],#g1[K],(#c1.#g.#c.#c2.#a1.#f1)[IM],(#c1.#g.#c.#g1.f1)[J],(c1.#g.#g1.f1)[K],d1[K],(c1.#g.#f1.#d1)[JKLMN],(c1.#g.#d2.#f1)[J],(#c1.#g.#c.f2.#g1)[K],(#d2.#f1)[K],(#c1.#g.#c.#c2.f1)[I],(#c1.#g.#c.#g1.f1)[J],(#c1.#g.#c.f1)[K],#g1[K],(#c1.#g.#c.#a1.#f1)[I],(#c1.#g.#c.#g1.f1)[J],(#c1.#g.#c.f1)[K],#g1[K],(#c1.#g.#c.#c2.#a1.#f1)[IN],(#c1.#g.#c.#g1.f1)[KLMN],(c1.#g.#g1.f1)[K],d1[K],(c1.#g.#f1.#d1)[JK],(#d2.#f1)[K],(c1.#g.f2.#g1)[K],(#d2.#f1)[LMN],(#c1.#g.#c.#c2.f1)[LMN],(#d2.#f1)[K],(#c1.#g.#c.#c2.f1)[H],(F-1.F-2.f)[K],a[LMN],(F-1.#A-2.#a.f.#c)[I],(F-1.F-2.a.f.c)[KLMN],(F-1.F-2.f)[K],a[K],(F-1.#A-2.f.#a.#c1)[I],(F-1.F-2.f.a.c1)[KLMN],(F-1.F-2.a.c1)[KM],#f1[KN],(F-1.#A-2.f1.#c1.#a)[IL],(F-1.F-2.f1.c1.a)[JL],(#G-1.#D-1.#f1.c1.#g)[KLM],#g1[KLN],(#G-1.#C-1.f1.#c1.#g)[IJL],(e.E-1.e1.#g1)[N],b[KLM],(e.E-1.#g1.e1.b)[LMN],a1[K],(B-1.B-2.#f1.#d1.b)[JKLM],(e.E-1.#g1.e1.b)[KLM],(e.E-1.#g1.e1.b)[LMN],a1[K],(B-1.B-2.#f1.#d1.b)[JKLN],(e.E-1.#g1.e1.b)[KLM],(B-1.B-2.#f1.#d1.b)[LMN],#g1[LMN],(#c.#C-1.e1.#c1.#g)[JKLN],(A-1.A-2.#f1.#c1.a)[KLM],(B-1.B-2.#d1.a)[LMN],#f1[LMN],(B-1.E-1.e1.#g)[JKLM],(b.e2.#g1)[KLN],(b.#d1.e2.a1)[LMN],#g2[LMN],(#d1.b.#f2.a1)[JKLN],(#d1.b.a1.#f1)[KLM],(b.e1.#g1)[LM],(a1.#f1)[LMN],(e1.b.b1.#g1)[JKL],(e1.b.e2.#g1)[KLM],(b.#d1.e2.a1)[LM],#g2[LMN],(#d1.b.#f2.a1)[JKMN],(#f1.b.a1.#d2)[KLN],(e.b.e1.e2.#g1)[LMN],(#c2.a1)[LMN],(e.e1.b.b1.#g1)[JKL],(e.E-1.e1.#g1.b)[KLM],(e.E-1.#g1.e1.b)[LMN],a1[LMN],(B-1.B-2.#f1.#d1.b)[JKL],(e.E-1.#g1.e1.b)[KLM],(e.E-1.#g1.e1.b)[K],a1[LM],(B-1.B-2.#f1.#d1.b)[JKLN],(e.E-1.#g1.e1.b)[KLM],(B-1.B-2.#f1.#d1.b)[K],#g1[K],(#c.#C-1.e1.#c1.#g)[IN],(#F-1.#F-2.#f.a.#d1)[K],#c1[KN],(#G-1.#G-2.#f.c1)[KN],#d1[KN],(#G-1.#C-1.f.#c1)[IKM],(#c1.#g.#c2.f1)[JMN],(#g.c1.d2.#f1)[KN],f2[KN],(#g.c1.#d2.#f1)[IN],(#g.c1.#f1.#d1)[J],(#g.#c1.f1)[K],(#f1.#d1)[K],(#g.#c1.#g1.f1)[IN],(#g.#c1.f1.#c2)[J],(#g.c1.d2.#f1)[K],f2[LMN],(#g.c1.#d2.#f1)[IN],(#g.d1.f2.b1)[JL],(#g.#d1.f2.c2)[KL],#g2[KL],(#g.#d1.#f2.c2)[HIK],(#c1.#g.#c.f1)[KN],#g1[K],(#c1.#g.#c.#a1.#f1)[IMN],(#c1.#g.#c.#g1.f1)[J],(#c1.#g.#c.f1)[K],#g1[K],(#c1.#g.#c.#c2.#a1.#f1)[IM],(#c1.#g.#c.#g1.f1)[J],(c1.#g.#g1.f1)[LMN],d1[K],(c1.#g.#f1.#d1)[I],(c1.#g.#d2.#f1)[KLMN],(#c1.#g.#c.f2.#g1)[K],(#d2.#f1)[K],(#c1.#g.#c.#c2.f1)[I],(#c1.#g.#c.#g1.f1)[J],(#c1.#g.#c.f1)[K],#g1[K],(#c1.#g.#c.#a1.#f1)[IN],(#c1.#g.#c.#g1.f1)[J],(#c1.#g.#c.f1)[LMN],#g1[K],(#c1.#g.#c.#c2.#a1.#f1)[IN];"],"id":2,"instruments":["piano","piano"],"alternatives":["",""]},{"bpm":306,"baseBeats":0.75,"scores":["mute[J],mute[LMN],mute[K],mute[JKN],mute[LMN],mute[K],mute[K],mute[LMN],mute[K],mute[HMN],mute[K],mute[K],mute[JKLMN],mute[KLMN],mute[K],mute[K],mute[I],mute[J],mute[KM],mute[KM],mute[ILM],mute[JKN],mute[JN],mute[JN],mute[HIJK],mute[KL],mute[LM],mute[LM],mute[LM],mute[LM],mute[LM],mute[LM],mute[LM],mute[LM],mute[LM],mute[LM],mute[LM],mute[LM],mute[LM],mute[LM],mute[LM],mute[LM],mute[LM],mute[LM],mute[LM],mute[LM],mute[LM],mute[LM],mute[LM],mute[LM],mute[LM],mute[LM],mute[LM],mute[LM],mute[LM],mute[LM],mute[LM],mute[LM],mute[LM],mute[LM],mute[LM],mute[LM],mute[LM],mute[LM],mute[LM],mute[LM],mute[LM],mute[LM],mute[LM],mute[LM],mute[LM],mute[LM],mute[LM],mute[LM],mute[LM],mute[LM],mute[LM],mute[LM],mute[LM],mute[LM],mute[LM],mute[LM],mute[LM],mute[LM],mute[LM],mute[LM],mute[LM],mute[LM],mute[LM],mute[LM],mute[LM],mute[LM],mute[LM],mute[LM],mute[LM],mute[LM],mute[LM],mute[LM],mute[LM],mute[LM],mute[LM],mute[LM],mute[LM],mute[LM],mute[LM],mute[LM],mute[LM],mute[LM],mute[LM],mute[LM],mute[LM],mute[LM],mute[LM],mute[LM],mute[LM],mute[LM],mute[LM],mute[LM],mute[LM],mute[LM],mute[LM],mute[LM],mute[LM],mute[LM],mute[LM],mute[LM],mute[LM],mute[LM],mute[LM],mute[LM],mute[LM],mute[LM],mute[LM],mute[LM],mute[LM],mute[LM],mute[LM],mute[LM],mute[LM],mute[LM],mute[LM],mute[LM],mute[LM],mute[LM],mute[LM],mute[LM],mute[LM],mute[LM],mute[LM],mute[LM],mute[LM],mute[LM],mute[LM],mute[LM],mute[LM],mute[LM],mute[LM],mute[LM],mute[LM],mute[LM],mute[LM],mute[LM],mute[LM],mute[LM],mute[LM],mute[LM],mute[LM],mute[LM],mute[LM],mute[LM],mute[LM],mute[LM],mute[LM],mute[LM],mute[LM],mute[LM],mute[LM],mute[LM],mute[LM],mute[LM],mute[LM],mute[LM],mute[LM],mute[LM],mute[LM],mute[LM],mute[LM],mute[LM],mute[LM],mute[LM],mute[LM],mute[LM],mute[LM],mute[LM],mute[LM],mute[LM],mute[LM],mute[LM],mute[LM],mute[LM],mute[LM],mute[LM],mute[LM],mute[LM],mute[LM],mute[LM],mute[LM],mute[LM],mute[LM],mute[LM],mute[LM],mute[LM],mute[LM],mute[LM],mute[LM],mute[LM],mute[LM],mute[LM],mute[LM],mute[LM],mute[LM],mute[LMN],mute[K],mute[LM],mute[LM],mute[LM],mute[LM],mute[LM],mute[LM],mute[LM],mute[LM],mute[LM],mute[LM],mute[LM],mute[LM],mute[LM],mute[LM],mute[LM],mute[LM],mute[LM],mute[LM],mute[LM],mute[LM],mute[LM],mute[LM],mute[LM],mute[LM],mute[LM],mute[LM],mute[LM],mute[LM],mute[LM],mute[LM],mute[LM],mute[K],mute[K],mute[LM],mute[LM],mute[LM],mute[LM],mute[LM],mute[LM],mute[LM],mute[LM],mute[LM],mute[LM],mute[KM],mute[K],mute[LM],mute[LM],mute[K],mute[K],mute[LM],mute[LM],mute[LM],mute[LM],mute[LM],mute[LM],mute[LM],mute[LM],mute[LM],mute[LM],mute[LM],mute[LM],mute[LM],mute[LM],mute[LM],mute[LM],mute[LM],mute[LM],mute[LM],mute[LM],mute[LM],mute[LM],mute[LM],mute[LM],mute[LM],mute[LM],mute[LM],mute[LM],mute[LM],mute[LM],mute[LM],mute[LM],mute[LM],mute[LM],mute[LM],mute[LM],mute[LM],mute[LM],mute[LM],mute[LM],mute[LM],mute[LM],mute[LM],mute[LM],mute[LM],mute[LM],mute[LM],mute[LM],mute[LM],mute[LM],mute[LM],mute[LM],mute[LM],mute[LM],mute[LM],mute[LM],mute[LM],mute[LM],mute[LM],mute[LM],mute[LM],mute[LM],mute[LM],mute[LM],mute[LM],mute[LM],mute[LM],mute[LM],mute[LM],mute[LM],mute[LM],mute[LM],mute[LM],mute[LM],mute[LM],mute[LM],mute[LM],mute[LM],mute[LM],mute[LM],mute[LM],mute[LM],mute[LM],mute[LM],mute[LM],mute[LM],mute[LM],mute[LM],mute[LM],mute[LM],mute[LM],mute[LM],mute[LM],mute[LM],mute[LM],mute[LM],mute[LM],mute[LM],mute[LM],mute[LM],mute[LM],mute[LM],mute[LM],mute[LM],mute[LM],mute[LM],mute[LM],mute[LM],mute[LM],mute[LM],mute[LM],mute[LM],mute[LM],mute[LM],mute[LM],mute[LM],mute[LM],mute[LM],mute[LM],mute[LM],mute[LM],mute[LM],mute[LM],mute[LM],mute[LM],mute[LM],mute[LM],mute[LM],mute[LM],mute[LM],mute[LM],mute[LM],mute[LM],mute[LM],mute[LM],mute[LM],mute[LM],mute[LM],mute[LM],mute[LM],mute[LM],mute[LM],mute[LM],mute[LM],mute[LM],mute[LM],mute[LM],mute[LM],mute[LM],mute[LM],mute[LM],mute[LM],mute[LM],mute[LM],mute[LM],mute[LM],mute[LM],mute[LM],mute[LM],mute[LM],mute[K],mute[K],mute[LM],mute[K],mute[LM],mute[K],mute[K],mute[LM],mute[K],mute[K],mute[LMN],mute[K],mute[LMN],mute[K],mute[K],mute[K],mute[LM],mute[K],mute[K],mute[LM],mute[LM],mute[LM],mute[KM],mute[K],mute[LM],mute[K],mute[LM],mute[LM],mute[LM],mute[KM],mute[K],mute[LM],mute[LM],mute[LM],mute[LM],mute[LM],mute[LM],mute[LM],mute[LM],mute[LM],mute[LM],mute[LM],mute[LM],mute[LM],mute[LM],mute[LM],mute[LM],mute[LM],mute[LM],mute[LM],mute[LM],mute[LM],mute[LM],mute[LM],mute[LM],mute[LM],mute[LM],mute[LM],mute[LM],mute[LM],mute[LM],mute[LM],mute[LM],mute[LM],mute[LM],mute[LM],mute[LM],mute[LM],mute[LM],mute[LM],mute[LM],mute[LM],mute[LM],mute[LM],mute[LM],mute[LM],mute[LM],mute[LM],mute[LM],mute[LM],mute[LM],mute[LM],mute[LM],mute[LM],mute[KMN],mute[K],mute[K],mute[K],mute[LMN],mute[KM],mute[KM],mute[KMN],mute[HJKL],mute[KM],mute[KN],mute[IKN],mute[JLM],mute[KMN],mute[KLMN],mute[IJLM],mute[IJKLN],mute[HIJKMN],mute[KMN],mute[KM],mute[KM],mute[KM],mute[KM],mute[KM],mute[KMN],mute[KMN],mute[KLM],mute[KLM],mute[KLM],mute[JK],mute[HHHL];","(#c1.#g.#c.#g1.f1)[J],(c1.#g.#g1.f1)[LMN],d1[K],(c1.#g.#f1.#d1)[JKN],(#d2.#f1)[LMN],(c1.#g.f2.#g1)[K],(#d2.#f1)[K],(#c1.#g.#c.#c2.f1)[LMN],(#d2.#f1)[K],(#c1.#g.#c.#c2.f1)[HMN],(F-1.F-2.f)[K],a[K],(F-1.#A-2.#a.f.#c)[JKLMN],(F-1.F-2.a.f.c)[KLMN],(F-1.F-2.f)[K],a[K],(F-1.#A-2.f.#a.#c1)[I],(F-1.F-2.a.f.c1)[J],(F-1.F-2.a.c1)[KM],#f1[KM],(F-1.#A-2.f1.#c1.#a)[ILM],(F-1.F-2.f1.c1.a)[JKN],(#G-1.#D-1.#f1.c1.#g)[JN],#g1[JN],(#G-1.#C-1.f1.#c1.#g)[HIJK],#g1[KL],(#c.e1)[LM],#c1[LM],(#g.e1)[LM],#g1[LM],(#c.e1)[LM],#c1[LM],(a.e1)[LM],a1[LM],(c.#d1)[LM],c1[LM],(a.#d1)[LM],a1[LM],(c.#d1)[LM],c1[LN],(#g.#d1)[LM],#g1[LM],(#c.#g1)[LM],e1[LM],(#g.#g1)[LM],e2[LM],(e.#g1)[LM],e1[LM],(#g.#g1)[LM],#c2[LM],(#d.a1)[LM],#g1[LM],(a.#f1)[LM],#c2[LM],(#d.c2)[LM],#f1[LM],(#g.#g1)[LM],c2[LM],(#c.#c2)[LM],e1[LM],(#c1.#g1)[LM],#c2[LM],(#c.e2)[LM],#g1[LM],(b.e2)[LM],#g2[LM],(#f.e2)[LM],a1[LM],(a.e2)[LN],#g2[LM],(#f.d2)[LM],#f2[LM],(a.#c2)[LM],e2[LM],(A-1.c2)[LM],#d2[LM],(#f.#c2)[LM],e2[LM],(#G-1.#d2)[LM],#f2[LM],(#g.c2)[LM],#d2[LMN],(#c.e2)[LM],#c2[LM],(#d.b1)[LM],a1[LM],(e.#g1)[LM],#f1[LM],(#g.e1)[LM],#d1[LM],(#c.e1)[LMN],#c1[LM],(#g.e1)[LM],#g1[LM],(#c.e1)[LM],#c1[LM],(a.e1)[LM],a1[LMN],(B-1.#d1)[LM],b[LM],(a.#d1)[LM],a1[LM],(B-1.#d1)[LM],b[LM],(#g.#d1)[LM],#g1[LM],(e.#g1)[LM],#c1[LM],(#g.#g1)[LM],#c2[LM],(A-1.#f1)[LM],#d1[LM],(a.#f1)[LM],#c2[LMN],(#G-1.#g1)[LM],e1[LM],(b.#g1)[LM],#c2[LM],(#g.#g1)[LM],e1[LM],(b.#g1)[LM],b1[LM],(#c.g1)[LM],e1[LM],(e.g1)[LMN],#a1[LM],(c.e2)[LM],#a1[LM],(#a.e2)[LM],g2[LM],(B-1.#d2)[LM],g2[LM],(b.#d2)[LM],#f2[LM],(c.a1)[LM],e2[LM],(#f.a1)[LM],#d2[LMN],(#c.a1)[LM],#f2[LM],(e.#g1)[LMN],e2[LM],(A-1.e1)[LM],#c2[LMN],(#f.#c1)[LM],a1[LMN],(B-1.b)[LM],#g1[LM],(#g.e1)[LMN],b1[LM],(B-1.b)[LM],a1[LMN],(a.#d1)[LM],b1[LM],(B-1.a1)[LM],#d1[LM],(#f.b)[LM],a1[LM],(e.#g1)[LM],e1[LM],(#f.#g1)[LM],a1[LMN],(#g.b1)[LM],#g1[LM],(b.b1)[LM],#g2[LMN],(#g.b1)[LM],#f2[LM],(e1.c2)[LM],e2[LM],(a.#c2)[LMN],e1[LM],(A-1.#c2)[LMN],e2[LM],(B-1.b1)[LMN],#d2[LM],(#c.a1)[LMN],#c2[LM],(B-1.#g1)[LM],b[LMN],(e.#g1)[LMN],b1[LM],(B-1.e1)[LM],#a[LMN],(g.e1)[LM],#c2[LMN],(B-1.#f1)[LM],a[LMN],(e.#f1)[LMN],b1[LM],(B-1.#f1)[LMN],a[LMN],(#d.#f1)[LM],b1[LMN],(e.e1)[LM],#g[LM],e1[LMN],#g1[LM],B-1[LM],E-1[LM],B-1[LMN],e[LM],#d1[LMN],a[LM],#d1[LM],b1[LM],B-1[LMN],E-1[LM],B-1[LMN],#f[LM],e1[LM],#g[LM],e1[LMN],#g1[LM],(e.#g1)[LMN],(#g.b1)[LM],(b.e2)[LM],(e1.#g2)[K],(e1.#g2)[LM],#g1[LM],(#c1.e2)[LMN],#g1[LMN],(c1.#d2)[LM],#g1[LM],(b.d2)[LMN],#g1[LM],(a.#c2)[LM],#c1[LMN],a1[LM],#c2[LM],e[LM],A-1[LM],e[LMN],a[LM],#g1[LM],d1[LMN],#g1[LM],e2[LM],e[LM],A-1[LM],e[LM],b[LMN],a1[LM],#c1[LM],a1[LMN],#c2[LM],(a.#c2)[LM],(#c1.e2)[LM],(e1.a2)[LM],(a1.#c3)[K],(a1.#c3)[LM],#c2[LM],(#f1.a2)[LMN],#c2[LM],(b1.#g2)[LMN],e2[LM],(a1.b.#f2)[LM],#d2[LM],(e2.#g1.e1)[LMN],#g1[LMN],(#f.#g.#f1)[LM],#g1[K],(e.e1)[LM],#g1[LMN],(#d.#d1)[LMN],#g1[K],(#c.e1)[LM],#c1[LM],(c.e1)[LMN],#g1[LM],(#c.e1)[LMN],#c1[LM],(e.e1)[LM],a1[LMN],(c.#d1)[LM],c1[LMN],(#d.#d1)[LM],a1[LM],(#g.#d1)[LM],c1[LMN],(c.#d1)[LM],#g1[LM],(#c.#g1)[LMN],e1[LM],(#d.#g1)[LM],e2[LM],(e.#g1)[LMN],e1[LM],(#c.#g1)[LMN],#c2[LM],(#d.a1)[LM],#g1[LM],(a.#f1)[LMN],#c2[LM],(#g.c2)[LMN],#d1[LM],(#f.#g1)[LM],c2[LM],(e.#c2)[LMN],#g1[LM],(#d.#c2)[LM],e2[LMN],(#c.e2)[LM],#g1[LM],(B-1.e2)[LMN],#g2[LM],(A-1.e2)[LM],a1[LMN],(#F-1.e2)[LM],(#G-1.#g2)[LM],(A-1.d2)[LMN],#f2[LMN],(#F-1.#c2)[LM],e2[LM],(#G-1.c2)[LM],#d2[LM],(#F-1.#c2)[LM],(E-1.e2)[LMN],(#D-1.#d2)[LM],#f2[LMN],(#G-1.c2)[LM],#d2[LM],(#C-1.e2)[LM],#c2[LMN],(#G-1.b1)[LM],a1[LM],(#A-1.#g1)[LMN],#f1[LM],(c.e1)[LM],#d1[LMN],(#c.e1)[LMN],#c1[LM],(e.e1)[LM],#g1[LMN],(#d.e1)[LMN],#c1[LM],(#c.e1)[LM],a1[LM],(B-1.#d1)[LMN],b[LMN],(#d.#d1)[LM],a1[LM],(#g.#d1)[LM],b[LMN],(B-1.#d1)[LM],#g1[LMN],(A-1.#g1)[LM],#c1[LM],(#c.#g1)[LMN],#c2[LM],(B-1.#f1)[LMN],#d1[LM],(A-1.#f1)[LM],#c2[LMN],(#G-1.#g1)[LM],e1[LMN],(B-1.#g1)[LM],#c2[LM],(e.#g1)[LMN],e1[LM],(#G-1.#g1)[LMN],b1[LM],(E-1.g1)[LM],e1[LM],(e.g1)[LMN],(#d.#a1)[LMN],(#c.e2)[LM],#a1[LM],(c.e2)[LM],g2[LMN],(B-1.#d2)[LMN],g2[LM],(#f.#d2)[LM],#f2[LM],(b.a1)[LMN],e2[LM],(B-1.a1)[LMN],#d2[LM],(c.a1)[LM],#f2[LMN],(#c.#g1)[LMN],e2[LM],(#G-1.e1)[LMN],#c2[LMN],(A-1.#c1)[LM],a1[LMN],(B-1.b)[LMN],#g1[LM],(#g.e1)[LM],b1[LMN],(B-1.b)[LM],a1[LMN],(a.#d1)[LM],b1[LM],(B-1.a1)[LMN],#d1[LM],(#f.b)[LM],a1[LMN],(e.#g1)[LM],b[LM],(#c.e1)[LM],(#d.#f1)[LMN],(e.#g1)[LM],e1[LM],(#g.#g1)[LMN],e2[LM],(f.#g1)[LM],#d2[LMN],(#c1.#g1)[LM],#c2[LMN],(#f.a1)[LM],#c1[LM],(#F-1.a1)[LMN],#c2[LM],(#G-1.#g1)[LM],b1[LMN],(A-1.#f1)[LM],a1[LM],(#G-1.e1)[K],#g[LM],(#c.e1)[K],#g1[LMN],(#G-1.#c1)[LMN],g[K],(e.#c1)[LMN],a1[LMN],(#G-1.#d1)[K],#f[LMN],(#c.#d1)[K],#g1[LMN],(#G-1.#d1)[K],#f[K],(c.#d1)[K],#g1[LMN],(#c.#c1)[LMN],e[K],#c1[LMN],e1[LMN],#G-1[LMN],#C-1[LMN],#G-1[K],#c[LM],(A-1.#c1)[K],e[LMN],#c1[LMN],e1[LMN],E-1[LMN],A-2[K],E-1[LMN],A-1[LMN],(#F-1.d1)[LM],a[LM],d1[LMN],#f1[LM],(d.#f1)[LMN],(#f.a1)[LM],(a.d2)[LM],(d1.#f2)[LMN],(#f1.a2)[LMN],d2[LMN],(d1.#f.#f2.a1)[LMN],b1[LMN],(e1.#g.e2.#c2)[LMN],#g1[LM],(#f1.#g.#d2.c2)[LMN],#g1[LMN],(#c1.e1.#c2)[LM],e1[LMN],#c2[LMN],e2[LM],#g[LM],#c[LMN],#g[LM],#c1[LMN],(a.#c2)[LM],e1[LM],#c2[LMN],e2[LMN],e[LM],A-1[LM],e[LMN],a[LM],(#f.d2)[LMN],a1[LM],(a.d2)[LM],(d1.#f2)[LM],(#f1.a2)[LM],(d1.#f2)[LM],(a.d2)[LMN],(#f.a1)[LMN],(#g.#g1)[LMN],e2[LMN],(#g.e1)[LM],#c2[LMN],(#g.#f1)[LMN],#d2[LMN],(#g.#d1)[LMN],c2[LMN],(#g.e1)[K],#c2[K],(#G-1.e1.#c1)[K],#g1[LMN],(#G-1.#f1.#d1)[KM],#g1[KM],(#G-1.#d1.c1)[KMN],#g1[HJKL],(#c1.#g.#c.f1)[KM],#g1[KN],(#c1.#g.#c.#a1.#f1)[IKN],(#c1.#g.#c.#g1.f1)[JLM],(#c1.#g.#c.f1)[KMN],#g1[KLMN],(#c1.#g.#c.#c2.#a1.#f1)[IJLM],(#c1.#g.#c.#g1.f1)[IJKLN],(#c1.#g.#c.#g1.f1)[HIJKMN],(#G-1.#f)[KMN],#d1[KM],(#G-1.#d)[KM],c1[KM],(#G-1.e)[KM],#c1[KM],(#G-1.#g)[KMN],e1[KMN],(#G-1.#f)[KLM],#d1[KLM],(#G-1.#d)[KLM],c1[JK],(#c1.#g.e.#c.#G-1.#C-1)[HHHL];"],"id":3,"instruments":["piano","piano"],"alternatives":["",""]}],"audition":{"start":[0,0],"end":[2,546]}}