{"baseBpm":75,"musics":[{"bpm":75,"baseBeats":0.25,"scores":["#c1[M],V,a[M],b[M],#c1[L],e1[L],(#d1.#f1)[M],V,b[M],#d1[M],#f1[K];a1[M],V,V,V,a1[L],#f1[L],(d1.e1)[M],#g[M],b[M],d1[M],#f1[L],e2[L];10<(e.#c1.e1.a1)[K],b[M],e[M],#c1[M],#g[M],e1[M],V,a[M],V>,#c1[L],b[L];10<(#f.d1.a1)[K],b[M],d1[M],a1[M],b1[M],a1[M],V,d1[M],b[M]>,(e.a.#c1)[K];#c2[M],b1[M],#c2[M],e2[M],#f2[M],e2[M],a2[M],#f2[M],e2[M],V,V,#c2[M],e2[M],#c1[M],#f2[L];a2[M],V,b2[M],#c3[M],b2[M],a2[M],#f2[M],a2[M],e2[M],#f[M],V,V,(#f1.a1)[M],d1[M],b1[L];e2[M],#c2[M],e2[M],V,V,V,#f2[L],a2[M],V,b2[M],#c3[M],b2[M],a2[M],#f2[L];e2[M],V,b1[L],(a1.#c2)[M],e2[M],#c2[M],b1[M],a1[M],#f1[M],a1[M],b[M],#c1[M],b[M],#c1[M],V;a1[M],V,a1[M],b1[M],#c2[M],e2[M],e2[M],#c2[M],b1[M],V,b1[M],#c2[M],b1[L],e1[M],#c1[M];a1[M],V,a1[M],b1[M],#c2[M],e2[M],e2[M],#c2[M],b1[M],V,b1[M],#c2[M],b1[M],#c1[M],a1[M],e1[M];a2[M],b2[M],V,#f2[M],a2[M],V,e2[M],#f2[M],V,#c2[M],(e1.e2)[M],V,b1[M],#c2[M],a1[M],b1[M];d1[M],#f1[M],a1[M],V,e1[M],#f1[M],#c1[M],b[M],#c1[M],V,#c1[M],e1[M],#f1[M],a1[M],a1[M],#f1[M];e1[M],#c1[M],e1[M],#f1[M],e1[M],#f1[M],e1[M],#c1[M],a1[M],e1[M],#c1[M],e1[M],#f1[M],a1[M],a1[M],#f1[M];(e1.b1)[M],V,V,V,V,e1[M],a1[M],b1[M],(d1.#c3)[M],a1[M],(d2.#c3)[M],(e2.e3)[M],#f2[M],a2[M],a2[M],#f2[M];e3[M],#g1[M],(#c2.e3)[M],#f2[M],e2[M],#c2[M],#c2[M],#g1[M],#c2[M],V,#c2[M],e2[M],#f2[M],V,V,V;a2[M],a1[M],a1[M],#f1[M],#f1[M],V,V,V,e1[L],e1[M],#f1[M],e1[K];c2[M],b1[M],c2[M],b1[M],c2[M],b1[M],c2[M],d2[M],e2[M],#d2[M],e2[M],#d2[M],e2[M],d2[M],c2[M],b1[M];c2[M],b1[M],c2[M],b1[M],c2[M],b1[M],c2[M],d2[M],b1[M],#a1[M],b1[M],a1[M],g1[M],b1[M],d2[M],e2[M];f2[M],e2[M],f2[M],e2[M],f2[M],e2[M],f2[M],g2[M],e2[M],d2[M],e2[M],d2[M],c2[M],d2[M],e2[M],c2[M];a1[M],#g1[M],a1[M],b1[M],c2[M],b1[M],c2[M],a1[M],b1[M],#a1[M],b1[M],c2[M],d2[K];10<(c1.g1.c2.e2)[K],c2[M],d2[M],e2[M],c2[M],d2[M],#c2[M],d2[M],g2[M]>,b2[L],d3[L];c3[L],c3[M],b2[M],a2[M],b2[M],c3[M],a2[M],b2[M],#a2[M],b2[M],a2[M],g2[L],e2[M],d2[M];10<(c1.f1.a1.c2)[K],c2[M],f2[M],a2[M],c3[M],g2[M],e2[M],g2[M],c3[M]>,f3[L],e3[M],d3[M];c3[M],e2[M],g2[M],c3[M],e2[M],g2[M],c3[M],#c3[M],d3[L],V,V,b2[M],a2[M],g2[L];C-1[L],(c1.e1)[M],(G-1.e)[M],g[M],(c1.e1)[M],(G-1.e)[L],G-1[L],(g.b)[M],d[M],G-1[M],(g.b)[M],d[L];A-1[L],(a.c1)[M],e[M],e2[M],(a.c1)[M],e[L],E-1[L],(g1.b1)[M],(B-1.g)[M],g2[M],(b.d1)[M],(B-1.g)[L];U,(c1.f1.a1)[L],a2[L],a[L],U,(e1.g1)[L],e3[M],e1[M],g2[L];U,(c1.a1)[L],f3[M],a1[M],d3[L],U,(d1.b1)[L],b2[M],f1[M],U;c2[L],c3[M],b2[M],c3[L],b2[M],a2[M],(b1.b2)[L],b2[M],a2[M],b2[M],d3[M],d3[M],b2[M];c2[L],c3[M],b2[M],(e2.c3)[M],b2[M],a2[L],g2[M],e3[M],f3[M],e3[M],(a2.d3)[M],e3[M],d3[L];f2[M],c3[M],b2[M],c3[M],U,V,V,e2[M],c3[M],b2[M],c3[M],U,V,V;a1[M],c3[M],b2[M],c3[M],(c2.b2)[M],c3[M],b2[M],c3[M],(c2.b2)[M],c3[M],d3[L],(c2.g2)[M],a2[M],(b1.b2)[L];c2[L],(b1.c3)[M],b2[M],(c2.c3)[M],d3[M],(e1.b2)[M],a2[M],(g1.b2)[L],b2[M],a2[M],(b1.b2)[M],d3[LM];","A-1[M],e[M],U,T,A-1[M],#f[M],U,T;A-1[M],e[M],a[M],b[M],#c1[L],U,A-1[M],V,U,T;(A-2.A-1)[K],#G-1[M],V,U,#F-1[M],#c[M],V,#c[M],E-1[L],U;(B-2.B-1)[K],V,d1[M],U,A-1[M],e[M],a[M],V,(A-2.A-1)[K];a[M],e1[M],a1[M],V,#g[M],e1[M],#g1[M],V,#f[M],#c1[M],#f1[M],a1[M],e[L],U;d[M],a[M],d1[L],#c[M],a[M],#c1[L],B-1[L],b[M],d1[M],e[M],V,U;#c[M],#g[M],e1[M],#g[M],e1[M],#g[M],e1[L],#f[M],#c1[M],a1[M],V,e[M],#c1[M],e1[L];(B-1.a)[M],#f[M],b[L],e[M],d1[M],U,A-1[M],e[M],a[M],V,U,V,a[M];d[M],a[M],d1[M],e1[M],#f1[M],a1[M],U,#c[M],#g[M],e1[M],#g1[M],T;(B-1.a)[M],#f[M],b[M],V,d1[M],V,U,A-1[M],e[M],b[M],#c1[M],e1[M],V,U;d[M],a[M],d1[M],a[M],#f1[M],a[M],#c[M],a[M],#c1[M],a[M],V,a[M],B-1[M],#f[M],b[M],#f[M];V,#f[M],A-1[M],e[M],a[M],e[M],V,e[M],D-1[M],d[M],#f[M],a[M],d[M],e[M],#f[M],a[M];#C-1[M],#G-1[M],e[M],#g[M],b[M],#g[M],b[M],#g[M],B-2[M],B-1[M],d[M],#f[M],a[M],d1[M],a[M],#f[M];E-1[M],B-1[M],e[M],a[M],b[M],V,U,V,V,V,V,T;#c1[M],V,U,T,b[M],#f1[M],a1[M],#f1[M],a1[M],#f1[M],a1[M],#f1[M];e[M],b[M],d1[M],b[M],d1[M],b[M],d1[M],b[M],(A-1.#g)[J];(C-1.e1)[J],(G-1.b)[J];(A-1.c1)[J],(E-1.b)[J];(F-1.a)[J],(C-1.c1)[J];(F-1.a)[J],(G-1.b)[J];(c.e1)[K],T,(G-1.d1)[J];(A-1.c1)[J],(E-1.b)[J];(F-1.a)[K],T,(C-1.g)[J];(F-1.a)[J],(G-1.b)[L],d1[M],(G-1.f)[M],d1[M],b[M],(G-1.f)[L];R;R;F-1[LM],(c.a)[L],(c1.f1.a1)[M],c[L],C-1[LM],g[L],c1[M],g[L];F-1[LM],f[L],c1[M],f[L],G-1[LM],g[L],d1[M],g[L];C-1[LM],G-1[M],e[LM],G-1[M],G-1[LM],d[M],b[LM],d[M];A-1[LM],e[M],c1[LM],e[M],E-1[LM],B-1[M],g[LM],B-1[M];F-1[LM],c[M],a[L],g[M],c[M],C-1[LM],c[M],g[L],e[M],c[M];F-1[LM],c[M],a[LM],f[M],G-1[LM],f[M],d1[LM],b[M];C-1[LM],e[M],g[LM],c[M],G-1[LM],d[M],b[LM],g[M];"],"id":1,"instruments":["piano","piano"],"alternatives":["",""]},{"bpm":76,"baseBeats":0.25,"scores":["c2[L],c3[M],e3[M],(e2.a3)[M],c3[M],e3[M],a3[M],(g2.b3)[M],c4[M],(e2.b3)[M],g3[M],(g2.e3)[L],(a2.e3)[M],d3[M];f2[L],(e2.c3)[M],b2[M],(d2.c3)[M],b2[M],(f2.c3)[M],d3[M],e2[M],c3[M],(d2.e3)[M],g3[M],c2[M],g2[M],(b1.c3)[M],e3[M];f3[M],e3[M],c3[M],g2[M],f2[M],e2[M],f2[M],g2[M],d2[M],g2[M],c3[M],d3[M],(c2.b2.d3)[M],g2[M],a2[M],b2[M];c3[L],e3[M],g3[M],c4[L],g3[M],V,b2[M],V,d3[M],g3[M],d4[M],V,g3[M],V;a2[L],e3[M],a3[M],c4[L],a3[M],V,g2[M],V,e3[M],g3[M],b3[M],V,g3[M],V;a1[L],c2[M],b1[M],(c1.f1.a1)[L],g1[M],f1[M],g1[M],f1[M],e1[M],f1[M],g1[M],a1[M],b1[M],c2[M];a1[L],c2[M],b1[M],c2[L],b1[M],a1[M],b1[M],c2[M],d2[M],c2[M],(b.d1.b1)[M],c2[M],a1[M],b1[M];c2[L],U,c2[M],c2[M],c2[M],c2[M],d2[M],e2[M],d2[M],c2[M],d2[M],g1[M],b1[M],d2[M];(c1.f1.a1.f2)[L],U,g1[M],b1[M],d2[M],f2[M],g2[M],g1[M],b1[M],d2[M],f2[M],g2[M],f2[L];e2[L],U,U,U,S;10<(#a1.e2.#a2)[K],c3[M],#a2[M],g2[M],e2[M],c2[M],#a1[M],g1[M],e1[M]>,(#a1.d2)[L],U;(a1.c2)[L],U,(a1.c2)[L],U,10<(a2.a3)[K],g3[M],e3[M],#c3[M],a2[M];g2[M],e2[M],#c2[M],a1[M]>,(e2.g2)[L],U,(d2.f2)[L],U,(d2.f2)[L],U;(g1.#a1)[L],(#a1.d2)[L],(d2.f2)[L],(g2.#a2)[L],(#a2.d3)[L],(d3.f3)[L],(f3.a3)[L],(c3.f3)[L];(a2.c3)[L],(f2.a2)[L],(c2.f2)[L],(a1.c2)[L],(e1.#a1)[L],(#a1.d2)[L],(#a1.d2)[L],U;(e1.#a1)[L],U,(f1.a1)[L],(a1.c2)[L],(#g1.b1)[L],(a1.c2)[L],(#a1.d2)[L],(a1.c2)[L],10<(c2.e2.g2.#a2)[K],c3[M],#a2[M],g2[M],e2[M],c2[M],#a1[M],g1[M],e1[M]>,(#a1.d2)[L];U,(a1.c2)[L],U,(a1.c2)[L],U,10<(a2.a3)[K],g3[M],e3[M];#c3[M],a2[M],g2[M],e2[M],#c2[M],a1[M]>,(e2.g2)[L],U,(d2.f2)[L],U,(d2.f2)[L];U,(g1.#a1)[L],(#a1.d2)[L],(d2.f2)[L],(g2.#a2)[L],(#a2.d3)[L],(d3.f3)[L],(f3.a3)[L];(c3.f3)[L],(a2.c3)[L],(f2.a2)[L],(c2.f2)[L],(a1.c2)[L],e1[L],(#a1.d2)[L],(#a1.d2)[L];U,(e1.c2)[L],U,f1[L],U,(a2.f3)[L],U,T;a1[M],#a1[M],a1[M],#g1[M],a1[M],b1[M],#c2[M],d2[M],e2[M],f2[M],g2[M],a2[M],#a2[M],c3[M];#a2[M],a2[M],#a2[M],c3[M],d3[M],e3[M],f3[M],g3[M],a3[M],#a3[M],a3[M],#a3[M],a3[M],#g3[M],a3[M],a4[M];e4[M],#c4[M],a3[M],e3[M],#c3[M],a2[M],g3[M],f3[M],d3[M],a2[M],f2[M],d2[M],a1[M],f1[M],e1[M],f1[M];g1[M],#g1[M],a1[M],#a1[M],a1[M],#g1[M],a1[M],b1[M],#c2[M],d2[M],e2[M],f2[M],g2[M],a2[M],#a2[M],c3[M],#a2[M],a2[M];#a2[M],c3[M],d3[M],e3[M],f3[M],g3[M],a3[M],#a3[M],a3[M],#a3[M],a3[M],#g3[M],a3[M],a4[M],e4[M],#c4[M];a3[M],e3[M],#c3[M],a2[M],d2[L],U,(f.d1)[K],T;10<(c2.e2.g2.#a2)[K],c3[M],#a2[M],g2[M],e2[M],c2[M],#a1[M],g1[M],e1[M]>,(#a1.d2)[L],U;(a1.c2)[L],U,(a1.c2)[L],U,10<(a2.a3)[K],g3[M],e3[M],#c3[M],a2[M];g2[M],e2[M],#c2[M],a1[M]>,(e2.g2)[L],U,(d2.f2)[L],U,(d2.f2)[L],U;(g1.#a1)[L],(#a1.d2)[L],(d2.f2)[L],(g2.#a2)[L],(#a2.d3)[L],(d3.f3)[L],(f3.a3)[L],(c3.f3)[L];(a2.c3)[L],(f2.a2)[L],(c2.f2)[L],(a1.c2)[L],(e1.#a1)[L],(#a1.d2)[L],(#a1.d2)[L],U;(e1.#a1)[L],U,(f1.a1)[L],(a1.c2)[L],(#g1.b1)[L],(a1.c2)[L],(#a1.d2)[L],(a1.c2)[L];10<(c2.e2.g2.#a2)[K],c3[M],#a2[M],g2[M],e2[M],c2[M],#a1[M],g1[M],e1[M]>,(#a1.d2)[L],U;(a1.c2)[L],U,(a1.c2)[L],U,10<(a2.a3)[K],g3[M],e3[M],#c3[M],a2[M];g2[M],e2[M],#c2[M],a1[M]>,(e2.g2)[L],U,(d2.f2)[L],U,(d2.f2)[L],U;(g1.#a1)[L],(#a1.d2)[L],(d2.f2)[L],(g2.#a2)[L],(#a2.d3)[L],(d3.f3)[L],(f3.a3)[L],(c3.f3)[L];(a2.c3)[L],(f2.a2)[L],(c2.f2)[L],(a1.c2)[L],e1[L],(#a1.d2)[L],(#a1.d2)[L],U;(e1.c2)[L],U,f1[L],U,(a2.f3)[L],a1[LM],V,a1[K],e2[LM],V,e2[K];#f2[LM],V,#f2[K],e2[LM],V,T;d2[LM],V,d2[K],#c2[LM],V,#c2[K];b1[LM],V,b1[K],(d1.b1)[LM],b[M],#c2[K];10<(e.#c1.a1)[K],b1[M],a1[M],#g1[M],a1[M],e2[M],#f2[M],e2[M],#d2[M]>,e2[K];#f2[LM],V,#f2[K],(#g1.e2)[LM],a1[M],e2[K];10<(a.#f1.d2)[K],d2[M],#c2[M],b1[M],#c2[M],d2[M],#c2[M],d2[M],b[M]>,e2[K];d2[LM],V,(d1.d2)[LM],V,#c2[LM],V,UV,V;a2[LM],V,a2[LM],V,a2[LM],V,b2[LM],V;#g2[LM],b1[M],#g2[LM],V,e2[LM],V,e2[LM],V;","A-1[LM],e[M],a[LM],e[M],E-1[LM],e[M],b[LM],g[M];F-1[LM],a[M],f1[LM],c1[M],C-1[LM],g[M],g1[LM],e1[M];(f1.a1)[L],(c1.f1)[L],(f1.c2)[K],(g1.c2)[K],d1[K];e2[L],c2[M],d2[M],e2[L],d2[M],c2[M],d2[M],b1[M],c2[M],d2[M],e2[M],d2[M],c2[M],b1[M];c2[L],a1[M],b1[M],c2[L],c1[M],d1[M],e1[M],f1[M],e1[M],d1[M],e1[M],c2[M],b1[M],c2[M];F-1[L],f[M],a[LM],c1[L],E-1[L],e[M],g[M],b[L],g[L];F-1[L],c[M],f[M],(a.c1)[L],f[L],G-1[L],d[M],g[LM],g[L];c[L],g[L],e1[L],U,c[K],a[L],f1[L];c[L],g[L],d1[L],U,c[K],a[L],c1[L];c[L],b[L],d1[L],e1[L],g1[J];(C-1.G-1.c)[K],(g.#a.e1)[J],F-1[L],U;(a.f1)[L],U,(a.f1)[L],U,(#C-1.#c)[K],(a.#c1.e1)[J];D-1[L],U,(a.f1)[L],U,(a.f1)[L],U;#A-1[L],U,(#a.d1)[L],U,(#a.d1)[L],U,C-1[L],U;(a.f1)[L],U,T,C-1[L],U,(c.#a)[L],U;(c.#a)[L],U,F-1[L],U,(c.a)[L],T,U,(C-1.G-1.c)[K],(g.#a.e1)[J],F-1[L];U,(a.f1)[L],U,(a.f1)[L],U,(#C-1.#c)[K],(a.#c1.e1)[J];D-1[L],U,(a.f1)[L],U,(a.f1)[L];U,#A-1[L],U,(#a.d1)[L],U,(#a.d1)[L],U,C-1[L];U,(a.f1)[L],U,T,C-1[L],U,(c.#a)[L];U,(c.#a)[L],U,(f.a)[L],U,(F-1.f)[L],U,T;d[L],U,(a.f1)[L],U,(a.f1)[L],U,G-1[L];U,(g.#a.e1)[L],U,(g.#a.e1)[L],U,A-1[L],U,(a.#c1.g1)[K];T,d[L],U,(a.f1)[L],U,T;d[L],U,(a.f1)[L],U,(a.f1)[L],U,G-1[L],U;(g.#a.e1)[L],U,(g.#a.e1)[L],U,A-1[L],U,(a.#c1.g1)[K];T,(d1.f1)[L],U,(D-1.d)[K],T;(C-1.G-1.c)[K],(g.#a.e1)[J],F-1[L],U;(a.f1)[L],U,(a.f1)[L],U,(#C-1.#c)[K],(a.#c1.e1)[J];D-1[L],U,(a.f1)[L],U,(a.f1)[L],U;#A-1[L],U,(#a.d1)[L],U,(#a.d1)[L],U,C-1[L],U;(a.f1)[L],U,T,C-1[L],U,(c.#a)[L],U;(c.#a)[L],U,F-1[L],U,(c.a)[L],U,T;(C-1.G-1.c)[K],(g.#a.e1)[J],F-1[L],U;(a.f1)[L],U,(a.f1)[L],U,(#C-1.#c)[K],(a.#c1.e1)[J];D-1[L],U,(a.f1)[L],U,(a.f1)[L],U;#A-1[L],U,(#a.d1)[L],U,(#a.d1)[L],U,C-1[L],U;(a.f1)[L],U,T,C-1[L],U,(c.#a)[L],U;(c.#a)[L],U,(f.a)[L],U,(F-1.f)[L],A-1[LM],e[M],#c1[K],#c[LM],#g[M],e1[K];d[LM],a[M],#f1[K],#c[LM],#g[M],#c1[K];B-1[LM],#f[M],a[K],A-1[LM],e[M],a[K];d[LM],a[M],d1[K],e[K],e1[K];(A-2.A-1)[K],A-1[LM],e[M],#c[LM],#g[M],e1[K];d[LM],a[M],d1[K],(#c.#c1)[LM],#f1[M],#f[K];(B-2.B-1)[K],d1[K],e[LM],#f2[M],e1[K];A-1[LM],e[M],UV,(A-1.a)[M],UV,e[M],a[LM],#c1[M];d1[LM],a1[M],UV,a1[M],UV,a1[M],UV,a1[M];#c1[LM],V,U,V,b1[M],U,V,b1[M],U,V,b1[M];"],"id":2,"instruments":["piano","piano"],"alternatives":["",""]},{"bpm":77,"baseBeats":0.25,"scores":["a2[LM],a1[M],#f2[LM],V,#f2[LM],V,a2[LM],V;#g2[LM],a1[M],e2[LM],V,#c2[LM],V,e2[LM],V;d2[L],b1[M],#c2[M],d2[M],e2[M],#f2[M],a2[M],#g2[L],e2[L],e2[M],d2[M],#c2[M],e2[M];d2[M],#c2[M],d2[M],#c2[M],d2[M],#c2[M],b1[M],#c2[M],b1[K],e1[K];10<(e.#c1.e1.a1)[K],a1[M],#g1[M],a1[M],#c2[M],e2[M],#f2[M],e2[M],#d2[M]>,e2[L],e2[M],a1[M];#f2[L],#f2[M],e2[M],#f2[M],e2[M],d2[M],#f2[M],e2[L],U,U,U;d2[M],#c2[M],b1[M],#c2[M],d2[M],#c2[M],b1[M],d2[M],#c2[M],b1[M],a1[M],b1[M],#c2[M],b1[M],a1[M],#c2[M];#g1[M],#f1[M],#g1[M],#f1[M],e1[M],#f1[M],#g1[M],a1[M],b1[L],U,U,U;a2[L],a2[M],#g2[M],a2[M],b2[M],#c3[M],d3[M],e3[L],U,a2[K];#f3[L],#f3[M],e3[M],#f3[M],e3[M],d3[M],#f3[M],e3[L],U,a2[K];d3[M],#c3[M],b2[M],#c3[M],d3[L],b2[L],#c3[M],b2[M],a2[M],b2[M],#c3[L],a2[L];#g3[M],#f3[M],e3[M],d3[M],#c3[M],b2[M],a2[M],#g2[M],#f2[M],e2[M],d2[M],#c2[M],b1[M],a1[M],d1[M],V;e1[M],#d1[M],e1[L],d1[M],#c1[M],d1[L],#c1[M],c1[M],(e.#g.#c1)[L],10<(A-1.d.#f.b)[K];e1[M],#d1[M],e1[M],#f1[M],d1[M],#c1[M],d1[M],e1[M],#c1[M],c1[M],#c1[M],d1[M]>,b[L],U;a1[L],U,(#c1.a1)[L],U,e2[L],U,e2[L],U;#f2[L],U,(#f1.#f2)[L],U,e2[L],U,e2[L],U;d2[L],U,d2[L],U,#c2[L],U,#c2[L],U;b1[L],U,b1[L],#c2[L],b1[L],e2[L],U,U;a1[L],U,a1[K],e2[L],U,e2[K];#f2[L],U,#f2[K],(#g1.e2)[L],(a1.e2)[K],#f1[L];d2[L],U,d2[K],#c2[L],U,#c2[K];(d1.b1)[L],b[L],b1[J],T;e1[L],#d1[M],e1[M],#f1[K],#g1[L],#f1[M],#g1[M],a1[K];b1[K],#c2[K],d2[K],e2[K];#c2[I];A-1[K],(b.c1.e1)[K],#G-1[K],(b.e1)[K];G-1[LM],d[M],(a.c1.e1)[LM],(#f.d1)[LM],a2[KL];T,(f.a.c1)[K],(g.b)[LM],(d.b)[M],c3[L],c1[L];A-2[LM],e[M],a[LM],c1[M],e1[J];UV,e2[M],#d2[LM],e2[M],#d2[LM],e2[M],d2[LM],b1[M];d2[LM],c2[M],e1[L],U,UV,a2[M],a3[K];UV,c1[M],a[LM],a1[M],b1[K],b[K];UV,#g1[M],b1[LM],c2[L],UV,UV,V;UV,e2[M],#d2[LM],e2[M],#d2[LM],e2[M],d2[LM],b1[M];d2[LM],c2[M],U,a1[L],a[LM],d3[M],a3[L],d3[L];UV,V,c2[K],b1[LM],(#g1.b1)[M],e3[K];a2[LM],a1[M],g1[LM],d1[M],e1[LM],b1[M],c2[LM],d2[M];e2[LM],V,UV,g1[M],f2[LM],e2[M],d2[LM],V;b[LM],g1[M],e2[LM],d2[M],c2[LM],V,UV,e1[M];d2[LM],c2[M],b1[LM],V,UV,e1[M],c2[LM],b1[M];a1[LM],V,UV,V,b1[LM],a1[M],g1[LM],V;e[K],e1[LM],c1[M],f1[LM],V,a1[LM],V;e2[LM],g3[M],d3[LM],V,UV,V,UV,V;10<(c1.c2.e2)[K],e2[M],#d2[M],e2[M],#d2[M],e2[M],f2[M],e2[M],d2[M]>,e2[LM],b2[M];(g.b.d1)[LM],d3[M],(g.f1)[LM],c3[M],(A-2.A-1)[LM],a2[M],(a.c1.e1)[LM],8<d2[N],#d2[N]>;e2[L],d2[M],c2[M],d2[LM],e2[M],UV,c2[M],e3[K];UV,e2[M],#d2[LM],e2[M],#d2[LM],e2[M],d2[LM],d2[M];g3[K],d2[LM],V,c2[K],(g.d1.e1)[K];g3[LM],c3[M],A-1[LM],(g.#c1.e1)[M],a3[LM],A-1[M],(g.#c1.e1)[LM],e3[M];10<(f1.c2.a2.d3)[K],e3[M],#d3[M],e3[M],#d3[M],e3[M],g3[M],e3[M],d3[M]>,e3[LM],b2[M];UV,d3[M],UV,c3[M],a2[LM],V,T;T,a2[LM],V,T,T;UV,V,T,a1[LM],c2[M],b1[K];S,UV,e2[M],#d2[LM],e2[M];#d2[LM],e2[M],d2[LM],b1[M],d2[LM],c2[M],U,a1[M],V;(a.c1.d1)[L],a3[KL],D-1[K],(f.a.c1)[K];(d.b)[LM],(g.b)[M],U,(A-1.e.a)[L],","b[LM],V,U,V,a1[M],U,V,a1[M],U,V,a1[M];a[LM],V,U,V,a1[M],U,V,a1[M],U,V,a1[M];d[K],a[K],#c[K],a[K];B-1[K],#f[K],e[K],b[K];(A-2.A-1)[K],#c1[L],e[L],#G-1[L],e[L],b[L],e[L];#F-1[L],#c[L],a[L],#c[L],E-1[L],#c[L],e[L],#c1[L];d[L],a[L],#f1[L],d1[L],#c[L],a[L],#c1[L],a[L];B-1[L],#f[L],d1[L],#f[L],E-1[L],d[L],e1[L],b[L];a1[L],(#c2.e2)[L],T,#g1[L],(b1.e2)[L],T;#f1[L],(a1.e2)[L],T,e1[L],#c2[L],e2[K];d1[L],a1[L],#f2[L],U,#c1[L],a1[L],e2[L],U;a1[L],#f1[L],d1[L],a[L],#f[L],d[L],B-1[L],(E-1.#g1)[M],#f1[M];A-1[L],(#c.e)[L],A-1[L],(d.#f)[L],A-1[L],U,T;A-1[L],(#c.e)[L],A-1[L],(d.#f)[L],A-1[L],(e.#g)[L],A-1[L],(d.#f)[L];A-1[L],e[L],U,e[L],#c[L],#g[L],e1[L],#g[L];d[L],a[L],U,a[L],#c[L],a[L],#f[L],U;B-1[L],#f[L],b[L],#f[L],A-1[L],e[L],#c1[L],e[L];G-1[L],d[L],b[L],U,(e.d1)[K],e[L],E-1[L];A-1[L],e[L],#c1[K],#c[L],#g[L],e1[K];d[L],a[L],#f1[K],#c[L],#f[KL];B-1[L],#f[L],d1[K],d[L],a[L],d1[K];e[JK],E-2[K];A-1[L],e[L],#c1[K],A-1[L],#f[L],d1[K];A-1[L],#g[L],b[K],A-1[L],#f[L],a[K];(A-2.e)[I];R;T,U,V,#F-1[LM],TU;D-1[K],T,E-1[LM],E-1[M],U,A-1[L];R;A-1[K],(e.c1)[K],#G-1[K],(#g.e1)[K];G-1[LM],d[M],a[L],a1[L],(#F-1.c1.d1)[K],T;F-1[K],c[K],G-1[LM],d[M],g[K];(E-1.e1)[K],(B-1.#g.d1)[LM],V,A-1[K],(e.a.c1)[LM],e1[M];A-1[K],(e.c1)[K],#G-1[K],(b.e1)[K];G-1[LM],d[M],(a.c1.e1)[L],U,#F-1[K],(c1.d1)[L],U;d[LM],a[M],f1[K],(e.b)[LM],e[M],T;A-1[LM],V,T,U,V,a[M],T;c[LM],g[M],c1[K],T,G-1[LM],d[M];S,A-1[LM],e[M],a[K];T,E-1[LM],B-1[M],g[LM],V,T;F-1[LM],c[M],a[LM],c1[M],T,C-1[LM],G-1[M];S,D-1[LM],A-1[M],d[LM],f[M];a[K],(G-1.f)[LM],d[M],f[LM],a[M],c1[LM],g1[M];(F-1.a)[K],(f.a)[K],(f.c1)[K],G-1[K];R;T,(#F-1.#f)[K],(a.c1.d1)[LM],V,UV,a1[M];D-1[K],(d.a)[K],(f.c1)[K],G-1[LM],(d.c1)[M];UV,G-1[M],(f.a)[LM],G-1[M],c[K],T;R;(D-1.d)[K],a1[K],f2[K],g1[LM],f2[M];G-1[K],(g.f1.a1)[K],a[LM],e1[M],c2[K];e1[K],#f[LM],d1[M],a1[K],d2[K];d[LM],a[M],(d1.f1)[K],T,G-1[K];f[J],A-1[K],(b.e1)[K];#G-1[K],(b.e1)[K],G-1[LM],d[M],(a.c1.e1)[LM],#F-1[M];R;E-1[LM],E-1[M],G-2[L],U,"],"id":3,"instruments":["piano","piano"],"alternatives":["",""]}],"audition":{"start":[1,59],"end":[2,48]}}