{"baseBpm":360,"musics":[{"bpm":360,"baseBeats":0.75,"scores":["TU,ST,TU,TV,5<UV>,R,TU,5<UV>,5<UV>,mute[LM],mute[LM],mute[LM],mute[LM],mute[LM],mute[LM],TU,TU,TU,TU,TU,TU,TU,TV,5<UV>,R,TU,5<UV>,5<UV>,mute[LM],mute[LM],mute[LM],mute[LM],mute[LM],mute[LM],RU,TU,ST,TU,TV,5<UV>,R,TU,5<UV>,5<UV>,mute[LM],mute[LM],mute[LM],mute[LM],mute[LM],mute[LM],TU,TU,TU,TU,TU,TU,TU,TV,5<UV>,R,TU,5<UV>,5<UV>,mute[LM],mute[LM],mute[LM],mute[LM],mute[LM],mute[LM],RUVW,TUW,TU,TU,TU,TU,TU,TU,TU,TU,TU,TU,TUW,TUW,RUVW,TUW,TU,TU,TU,TV,5<UV>,R,TU,5<UV>,5<UV>,mute[LM],mute[LM],mute[LM],mute[LM],mute[LM],mute[LM],TU,TU,TU,TU,TU,TU,TU,TV,5<UV>,R,TU,5<UV>,5<UV>,mute[LM],mute[LM],mute[LM],mute[LM],mute[LM],mute[LM],RU,TU,TU,TU,TU,TU,TU,TU,TU,TU,TU,TU,TUW,TUV,RTW,TUV,TU,TU,TU,TV,5<UV>,R,TU,5<UV>,5<UV>,mute[LM],mute[LM],mute[LM],mute[LM],mute[LM],mute[LM],TU,TU,TU,TU,TU,TU,TU,TV,5<UV>,R,TU,5<UV>,5<UV>,mute[LM],mute[LM],mute[LM],mute[LM],mute[LM],mute[LM],RUVW,TUW,TU,TU,TU,TU,RU,","#f1[KL],(a.d.#f1)[JK],(b.g.e1)[KL],(a.#f.d1)[KL],(b.e.d1)[L],g1[I],g1[KL],(g.e.#c.A-1.a1)[MN],g1[MN],a1[MN],g1[MN],a1[LM],b1[LM],(g.e.#c.A-1.a1)[LM],g1[LM],#f1[LM],e1[LM],#f1[KL],d1[KL],d1[KL],#f2[KL],#f2[KL],(d1.a1)[KL],(b1.g1.e2)[KL],(a1.#f1.d2)[KL],(b1.e1.d2)[L],g2[I],g2[KL],(g1.e1.#c1.a.a2)[MN],g2[MN],a2[MN],g2[MN],a2[LM],b2[LM],(g1.e1.#c1.a.a2)[LM],g2[LM],#f2[LM],e2[LM],(d1.#f1.d2)[IL],#f1[KL],(a.d.#f1)[JK],(b.g.e1)[KL],(a.#f.d1)[KL],(b.e.d1)[L],g1[I],g1[KL],(g.e.#c.A-1.a1)[MN],g1[MN],a1[MN],g1[MN],a1[LM],b1[LM],(g.e.#c.A-1.a1)[LM],g1[LM],#f1[LM],e1[LM],#f1[KL],d1[KL],d1[KL],#f2[KL],#f2[KL],(d1.a1)[KL],(b1.g1.e2)[KL],(a1.#f1.d2)[KL],(b1.e1.d2)[L],g2[I],g2[KL],(g1.e1.#c1.a.a2)[MN],g2[MN],a2[MN],g2[MN],a2[LM],b2[LM],(g1.e1.#c1.a.a2)[LM],g2[LM],#f2[LM],e2[LM],(d1.#f1.d2)[ILMN],#f2[KLN],e2[KL],d2[KL],#c2[KL],(#f.B-1.b1.d1)[KL],(#c.#f.b1.e1)[KL],(#F-1.#a1)[KL],(B-1.b1.d1)[KL],#f2[KL],e2[KL],d2[KL],#c2[KLN],(b.d1.b1)[KLN],(#c1.e1.a1)[ILMN],(a.#c1.g1)[KLN],(d1.#f1)[KL],(a.d)[KL],(b.g.e1)[KL],(a.#f.d1)[KL],(b.e.d1)[L],g1[I],g1[KL],(g.e.#c.A-1.a1)[MN],g1[MN],a1[MN],g1[MN],a1[LM],b1[LM],(g.e.#c.A-1.a1)[LM],g1[LM],#f1[LM],e1[LM],#f1[KL],d1[KL],d1[KL],#f2[KL],#f2[KL],(d1.a1)[KL],(b1.g1.e2)[KL],(a1.#f1.d2)[KL],(b1.e1.d2)[L],g2[I],g2[KL],(g1.e1.#c1.a.a2)[MN],g2[MN],a2[MN],g2[MN],a2[LM],b2[LM],(g1.e1.#c1.a.a2)[LM],g2[LM],#f2[LM],e2[LM],(d1.#f1.d2)[IL],#f2[KL],e2[KL],d2[KL],#c2[KL],(#f.B-1.b1.d1)[KL],(#c.#f.b1.e1)[KL],(#F-1.#a1)[KL],(B-1.b1.d1)[KL],#f2[KL],e2[KL],d2[KL],#c2[KLN],(b.d1.b1)[KLM],(#c1.e1.a1)[IKN],(a.#c1.g1)[KLM],(d1.#f1)[KL],(a.d)[KL],(b.g.e1)[KL],(a.#f.d1)[KL],(b.e.d1)[L],g1[I],g1[KL],(g.e.#c.A-1.a1)[M],g1[L],a1[M],g1[L],a1[LM],b1[LM],(g.e.#c.A-1.a1)[LM],g1[LM],#f1[LM],e1[LM],#f1[KL],d1[KL],d1[KL],#f2[KL],#f2[KL],(d1.a1)[KL],(b1.g1.e2)[KL],(a1.#f1.d2)[KL],(b1.e1.d2)[L],g2[I],g2[KL],(g1.e1.#c1.a.a2)[M],g2[L],a2[M],g2[L],a2[LM],b2[LM],(g1.e1.#c1.a.a2)[LM],g2[LM],#f2[LM],e2[LM],(d1.#f1.d2)[ILMN],d2[KLN],(e2.e1)[KL],(a.#f)[KL],(e.a.#c2.#c1)[KL],(#g.f.d.b1.b)[KL],(e.a.#c.e2.e1)[IL],"],"id":1},{"bpm":360,"baseBeats":0.75,"scores":["TU,TU,TU,TU,TU,RUW,TUW,TU,TU,TUV,TUW,RTW,TUV,ST,mute[LM],mute[LM],mute[LM],mute[LM],ST,mute[LM],mute[LM],mute[LM],mute[LM],STVW,mute[LM],mute[LM],mute[LM],mute[LM],mute[LM],mute[LM],mute[LM],TUV,RSUVW,TU,ST,TU,TV,5<UV>,R,TU,5<UV>,5<UV>,mute[LM],mute[LM],mute[LM],mute[LM],mute[LM],mute[LM],TU,TU,TU,TU,TU,TU,TU,TV,5<UV>,R,TU,5<UV>,5<UV>,mute[LM],mute[LM],mute[LM],mute[LM],mute[LM],mute[LM],mute[LM],mute[LM],mute[LM],mute[LM],mute[LM],mute[LM],mute[LM],mute[LM],mute[LM],mute[LM],mute[LM],mute[LM],mute[LM],mute[LM],mute[LM],mute[LM],5<UV>,5<UV>,mute[LM],mute[LM],mute[LM],mute[LM],mute[LM],mute[LM],mute[LM],mute[LM],mute[LM],mute[LM],mute[LM],mute[LM],mute[LM],mute[LM],mute[LM],mute[LM],mute[LM],mute[LM],mute[LM],mute[LM],mute[LM],mute[LM],mute[LM],mute[LM],mute[LM],mute[LM],mute[LM],mute[LM],mute[LM],mute[LM],5<UV>,5<UV>,mute[LM],mute[LM],mute[LM],mute[LM],mute[LM],mute[LM],mute[LM],mute[LM],mute[LM],mute[LM],mute[LM],mute[LM],mute[LM],mute[LM],RU,TU,TU,TU,TU,TU,TU,TU,TU,TU,TU,TU,TUW,TUV,RTW,TUW,TU,TU,TU,TV,5<UV>,R,TU,5<UV>,5<UV>,mute[LM],mute[LM],mute[LM],mute[LM],mute[LM],mute[LM],TU,TU,TU,TU,TU,TU,TU,TV,5<UV>,R,TU,5<UV>,5<UV>,mute[LM],mute[LM],","(e2.#f1)[KL],(e2.e1)[KL],(b.g)[KL],(b.#f.d2.d1)[KL],(#a.g.e.#c2.#c1)[KL],(b.#f.d.#f2.#f1)[ILN],(b2.b1)[KLN],(b1.b2)[KL],(#f1.d1)[KL],(#f1.#c1.a2.a1)[KLM],(f1.d1.b.#g2.#g1)[KLN],(a.#c1.#f1.#c2.#c3)[IKN],(a1.c1.#f2)[KLM],#c1[JK],(#c1.b1)[LM],f2[LM],a2[LM],#g2[LM],(#f.#f2.a1)[JK],#c[LM],f1[LM],a1[LM],#g1[LM],(#F-1.#f1)[JK],#C-1[LM],f1[LM],a1[LM],#g1[LM],(#F-2.#f1)[LMN],f1[LMN],a1[LMN],#g1[KLM],#f1[IJLMN],#f1[KL],(a.d.#f1)[JK],(b.g.e1)[KL],(a.#f.d1)[KL],(b.e.d1)[L],g1[I],g1[KL],(g.e.#c.A-1.a1)[MN],g1[MN],a1[MN],g1[MN],a1[LM],b1[LM],(g.e.#c.A-1.a1)[LM],g1[LM],#f1[LM],e1[LM],#f1[KL],d1[KL],d1[KL],#f2[KL],#f2[KL],(d1.a1)[KL],(b1.g1.e2)[KL],(a1.#f1.d2)[KL],(b1.e1.d2)[L],g2[I],g2[KL],(g1.e1.#c1.a.a2)[MN],g2[MN],a2[MN],g2[MN],a2[LM],b2[LM],(g1.e1.#c1.a.a2)[LM],g2[LM],#f2[LM],e2[LM],(d1.#f1.d2)[LM],a[LM],b[LM],#c1[LM],d1[LM],e1[LM],#f1[LM],#f1[LM],(d.f1)[LM],#f1[LM],(a.g1)[LM],#f1[LM],(g.b.#d1)[LM],e1[LM],(#f.a.#c1)[LM],d1[LM],(e.b.e1)[MN],d1[MN],e1[MN],d1[MN],e1[LM],#f1[LM],g1[LM],#f1[LM],g1[LM],#f1[LM],(A-1.#c.e.g.g1)[LM],a1[LM],#a1[LM],b1[LM],(A-1.#c.e.g.a1)[LM],g1[LM],#f1[LM],e1[LM],(#f.d.#f1)[LM],d1[LM],a1[LM],#f1[LM],d2[LM],a1[LM],#f2[LM],#f2[LM],f2[LM],#f2[LM],(d1.a1.g2)[LM],#f2[LM],(g1.b1.#d2)[LM],e2[LM],(#f1.a1.#c2)[LM],d2[LM],(e1.b1.e2)[MN],d2[MN],e2[MN],d2[MN],e2[LM],#f2[LM],g2[LM],a2[LM],#a2[LM],b2[LM],(a.#c1.e1.g1.#a2)[LM],b2[LM],#c3[LM],b2[LM],(a.#c1.e1.g1.a2)[LM],g2[LM],#f2[LM],e2[LM],(d1.#f1.d2)[IL],#f2[KL],e2[KL],d2[KL],#c2[KL],(#f.B-1.b1.d1)[KL],(#c.#f.b1.e1)[KL],(#F-1.#a1)[KL],(B-1.b1.d1)[KL],#f2[KL],e2[KL],d2[KL],#c2[KLN],(b.d1.b1)[KLM],(#c1.e1.a1)[IKN],(a.#c1.g1)[KLN],(d1.#f1)[KL],(a.d)[KL],(b.g.e1)[KL],(a.#f.d1)[KL],(b.e.d1)[L],g1[I],g1[KL],(g.e.#c.A-1.a1)[MN],g1[MN],a1[MN],g1[MN],a1[LM],b1[LM],(g.e.#c.A-1.a1)[LM],g1[LM],#f1[LM],e1[LM],#f1[KL],d1[KL],d1[KL],#f2[KL],#f2[KL],(d1.a1)[KL],(b1.g1.e2)[KL],(a1.#f1.d2)[KL],(b1.e1.d2)[L],g2[I],g2[KL],(g1.e1.#c1.a.a2)[MN],g2[MN],a2[MN],g2[MN],a2[LM],b2[LM],"],"id":2},{"bpm":360,"baseBeats":0.75,"scores":["UV,mute[LM],mute[LM],mute[LM],RU,mute[LM],mute[LM],mute[LM],mute[LM],mute[LM],mute[LM],mute[LM],mute[LM],mute[LM],mute[LM],TU,TU,TU,mute[LM],mute[LM],mute[LM],mute[LM],mute[LM],mute[LM],mute[LM],mute[LM],mute[LM],mute[LM],mute[LM],mute[LM],mute[LM],mute[LM],mute[LM],mute[LM],mute[LM],mute[LM],mute[LM],mute[LM],mute[LM],mute[LM],mute[LM],mute[LM],mute[LM],mute[LM],5<UV>,5<UV>,mute[LM],mute[LM],mute[LM],mute[LM],mute[LM],mute[LM],mute[LM],mute[LM],mute[LM],mute[LM],mute[LM],mute[LM],mute[LM],mute[LM],mute[LM],mute[LM],mute[LM],mute[LM],mute[LM],mute[LM],mute[LM],mute[LM],mute[LM],mute[LM],mute[LM],mute[LM],mute[LM],mute[LM],mute[LM],mute[LM],5<UV>,5<UV>,mute[LM],mute[LM],mute[LM],mute[LM],mute[LM],mute[LM],mute[LM],mute[LM],mute[LM],mute[LM],mute[LM],mute[LM],mute[LM],mute[LM],TU,TU,TU,TU,TU,TU,TU,TU,TU,TU,TU,TU,TU,TU,TU,TU,TU,TU,TU,TU,TU,TU,TU,TU,TU,TU,TU,TU,TU,TU,TUW,TU,TUW,TUW,TUW,TUW,TUV,TU,TUV,TUW,TUW,TUV,TUV,TUV,TUW,TUV,TUVW,TUV,S,RS,SU,RSTUV,SUW,QQQRT,","(g1.e1.#c1.a.a2)[LM],g2[LM],#f2[LM],e2[LM],(d1.#f1.d2)[IL],#f1[LM],#f2[LM],f2[LM],#f2[LM],e2[LM],d2[LM],d2[LM],#c2[LM],(d.B-1.#c2)[LM],b1[LM],(#c.e.b1)[KL],(#F-1.#a1)[KL],(B-1.d.b1)[KL],#f1[LM],#f2[LM],f2[LM],#f2[LM],e2[LM],d2[LM],d2[LM],#c2[LM],(b.d1.#c2)[LM],b1[LM],(#c1.e1.b1)[LM],a1[LM],#g1[LM],a1[LM],#g1[LM],a1[LM],(a.#c1.#f1)[LM],g1[LM],(d1.f1)[LM],#f1[LM],(d.g1)[LM],#f1[LM],(g.b.#d1)[LM],e1[LM],(#f.a.#c1)[LM],d1[LM],(e.b.e1)[MN],d1[MN],e1[MN],d1[MN],e1[LM],#f1[LM],g1[LM],#f1[LM],g1[LM],#f1[LM],(A-1.#c.e.g.g1)[LM],a1[LM],#a1[LM],b1[LM],(A-1.#c.e.g.a1)[LM],g1[LM],#f1[LM],e1[LM],(#f.d.#f1)[LM],d1[LM],a1[LM],#f1[LM],d2[LM],a1[LM],#f2[LM],#f2[LM],f2[LM],#f2[LM],(d1.a1.g2)[LM],#f2[LM],(g1.b1.#d2)[LM],e2[LM],(#f1.a1.#c2)[LM],d2[LM],(e1.b1.e2)[MN],d2[MN],e2[MN],d2[MN],e2[LM],#f2[LM],g2[LM],a2[LM],#a2[LM],b2[LM],(a.#c1.e1.g1.#a2)[LM],b2[LM],#c3[LM],b2[LM],(a.#c1.e1.g1.a2)[LM],g2[LM],#f2[LM],e2[LM],(d1.#f1.d2)[KL],d1[KL],(b2.d3)[KL],d1[KL],(a2.#c3)[KL],d1[KL],(g2.b2)[KL],d1[KL],(#f2.a2)[KL],d1[KL],(b1.g2.d2)[KL],d1[KL],(#f2.a1)[KL],d1[KL],(e2.#c2.g1)[KL],d1[KL],(d2.a1.#f1)[KL],d[KL],(b1.d2)[KL],d[KL],(a1.#c2)[KL],d[KL],(g1.b1)[KL],d[KL],(#f1.a1)[KL],d[KL],(b.g1.d1)[KL],d[KL],(#f1.a)[KL],d[KL],(e1.#c1.g)[KLN],d[KL],(d1.a.#f)[KLN],D-1[KLN],(d1.b.g)[KLN],D-1[KLN],(d1.a.#f)[KLM],D-1[KL],(d1.#c1.g.e)[KLM],D-1[KLN],(d1.#f.d)[KLN],D-1[KLM],(d1.b.g)[KLM],D-1[KLM],(d1.a.#f)[KLN],D-1[KLM],(d1.#c1.g.e)[KLMN],D-1[KLM],(d1.#f.d)[J],D-1[IJ],(d1.a.#f)[JL],D-1[IJKLM],(d1.#f.d)[JLN],D-1[HHHIK],"],"id":3}],"audition":{"start":[0,0],"end":[1,0]}}