{"baseBpm":216,"musics":[{"bpm":216,"baseBeats":0.75,"scores":["TU,SV,mute[LM],TU,TU,5<UV>,5<UV>,mute[LM],mute[LM],TU,TU,TU,TU,TU,TU,mute[LM],mute[LM],mute[LM],mute[LM],mute[LM],mute[LM],mute[LM],mute[LM],SV,mute[LM],TU,TU,5<UV>,5<UV>,mute[LM],mute[LM],TU,TU,TU,TU,TU,TUW,RUVW,TUW,SV,mute[LM],TU,TU,5<UV>,5<UV>,mute[LM],mute[LM],TU,TU,TU,TU,TU,TU,mute[LM],mute[LM],mute[LM],mute[LM],mute[LM],mute[LM],mute[LM],mute[LM],SV,mute[LM],TU,TU,5<UV>,5<UV>,mute[LM],mute[LM],TU,TU,TU,TU,TU,TUV,RT,TUV,SV,mute[LM],TU,TU,SV,mute[LM],TU,TU,mute[LM],mute[LM],TU,mute[LM],mute[LM],TU,mute[LM],mute[LM],mute[LM],mute[LM],mute[LM],mute[LM],mute[LM],mute[LM],SV,mute[LM],TU,TU,5<UV>,5<UV>,mute[LM],mute[LM],TU,TU,TU,TU,TU,TUW,RTW,TUW,SV,mute[LM],TU,TU,SV,mute[LM],TU,TU,mute[LM],mute[LM],TU,mute[LM],mute[LM],TU,mute[LM],mute[LM],mute[LM],mute[LM],mute[LM],mute[LM],mute[LM],mute[LM],SV,mute[LM],TU,TU,5<UV>,5<UV>,mute[LM],mute[LM],TU,TU,TU,TU,TU,TUV,","e1[KL],(#c1.a.a1.e2)[JM],(b.#g1)[LM],(#c1.e2.a1)[KL],(e1.e2.#c2)[KL],(a.d1.e2.b1)[MN],#f2[MN],#d2[MN],e2[MN],#f2[LM],#g2[LM],(#c1.a2.a1)[KL],e2[KL],(a.b.e2.#g1)[KL],(d1.b1)[KL],(a.b.#g1.e2)[KL],(d1.b1.e2)[KL],(a.#c1.a1.e2)[LM],#d2[LM],e2[LM],#f2[LM],e2[LM],(#f1.d2)[LM],(e1.#c2)[LM],(d1.b1)[LM],(#c1.a.a1.e2)[JM],(b.#g1)[LM],(#c1.e2.a1)[KL],(e1.e2.#c2)[KL],(a.d1.e2.b1)[MN],#f2[MN],#d2[MN],e2[MN],#f2[LM],#g2[LM],(#c1.a2.a1)[KL],e2[KL],(a.b.e2.#g1)[KL],(d1.b1)[KL],(a.b.#g1.e2)[KL],(d1.b1.e2)[KLN],(a.#c1.a1)[ILMN],e1[KLN],(#c1.a.a1.e2)[JM],(b.#g1)[LM],(#c1.e2.a1)[KL],(e1.e2.#c2)[KL],(a.d1.e2.b1)[MN],#f2[MN],#d2[MN],e2[MN],#f2[LM],#g2[LM],(#c1.a2.a1)[KL],e2[KL],(a.b.e2.#g1)[KL],(d1.b1)[KL],(a.b.#g1.e2)[KL],(d1.b1.e2)[KL],(a.#c1.a1.e2)[LM],#d2[LM],e2[LM],#f2[LM],e2[LM],(#f1.d2)[LM],(e1.#c2)[LM],(d1.b1)[LM],(#c1.a.a1.e2)[JM],(b.#g1)[LM],(#c1.e2.a1)[KL],(e1.e2.#c2)[KL],(a.d1.e2.b1)[MN],#f2[MN],#d2[MN],e2[MN],#f2[LM],#g2[LM],(#c1.a2.a1)[KL],e2[KL],(a.b.e2.#g1)[KL],(d1.b1)[KL],(a.b.#g1.e2)[KL],(d1.b1.e2)[KLM],(a.#c1.a1)[IK],e2[KLM],(b.e.d2.#g1)[JM],(#c1.e2)[LM],(b.d2)[KL],(a.#c2.a1)[KL],(d1.e.b1.#g1)[JM],(e1.#c2)[LM],(d1.b1)[KL],(#c1.a1.e1)[KL],(b.e2.#g1)[LM],d2[LM],(a.#c2.a1)[KL],(b.e2.#g1)[LM],d2[LM],(a.#c2.a1)[KL],(e.e1.b1.#g1)[LM],#d1[LM],e1[LM],#f1[LM],e1[LM],(d1.e1)[LM],(#c1.#f1)[LM],(b.#g1)[LM],(#c1.a.a1.e2)[JM],(b.#g1)[LM],(#c1.e2.a1)[KL],(e1.e2.#c2)[KL],(a.d1.e2.b1)[MN],#f2[MN],#d2[MN],e2[MN],#f2[LM],#g2[LM],(#c1.a2.a1)[KL],e2[KL],(a.b.e2.#g1)[KL],(d1.b1)[KL],(a.b.#g1.e2)[KL],(d1.b1.e2)[KLN],(a.#c1.a1)[IKN],e2[KLN],(b.e.d2.#g1)[JM],(#c1.e2)[LM],(b.d2)[KL],(a.#c2.a1)[KL],(d1.e.b1.#g1)[JM],(e1.#c2)[LM],(d1.b1)[KL],(#c1.a1.e1)[KL],(b.e2.#g1)[LM],d2[LM],(a.#c2.a1)[KL],(b.e2.#g1)[LM],d2[LM],(a.#c2.a1)[KL],(e.e1.b1.#g1)[LM],#d1[LM],e1[LM],#f1[LM],e1[LM],(d1.e1)[LM],(#c1.#f1)[LM],(b.#g1)[LM],(#c1.a.a1.e2)[JM],(b.#g1)[LM],(#c1.e2.a1)[KL],(e1.e2.#c2)[KL],(a.d1.e2.b1)[MN],#f2[MN],#d2[MN],e2[MN],#f2[LM],#g2[LM],(#c1.a2.a1)[KL],e2[KL],(a.b.e2.#g1)[KL],(d1.b1)[KL],(a.b.#g1.e2)[KL],(d1.b1.e2)[KLM],"],"id":1},{"bpm":216,"baseBeats":0.75,"scores":["STU,mute[LM],mute[LM],mute[LM],mute[LM],mute[LM],mute[LM],mute[LM],mute[LM],mute[LM],mute[LM],mute[LM],mute[LM],mute[LM],mute[LM],mute[LM],mute[LM],mute[LM],mute[LM],mute[LM],mute[LM],mute[LM],mute[LM],mute[LM],mute[LM],mute[LM],mute[LM],mute[LM],mute[LM],mute[LM],mute[LM],mute[LM],mute[LM],mute[LM],mute[LM],mute[LM],mute[LM],mute[LM],mute[LM],mute[LM],mute[LM],mute[LM],mute[LM],mute[LM],mute[LM],mute[LM],mute[LM],mute[LM],mute[LM],mute[LM],mute[LM],mute[LM],mute[LM],mute[LM],mute[LM],mute[LM],mute[LM],mute[LM],mute[LM],mute[LM],mute[LM],mute[LM],mute[LM],mute[LM],mute[LM],mute[LM],mute[LM],mute[LM],mute[LM],mute[LM],mute[LM],mute[LM],mute[LM],mute[LM],mute[LM],mute[LM],mute[LM],mute[LM],mute[LM],mute[LM],mute[LM],mute[LM],mute[LM],mute[LM],mute[LM],mute[LM],mute[LM],mute[LM],mute[LM],mute[LM],mute[LM],mute[LM],mute[LM],mute[LM],mute[LM],mute[LM],mute[LM],mute[LM],mute[LM],mute[LM],mute[LM],mute[LM],mute[LM],mute[LM],mute[LM],mute[LM],mute[LM],mute[LM],mute[LM],T,RU,mute[LM],mute[LM],mute[LM],SV,mute[LM],TU,TU,5<UV>,5<UV>,mute[LM],mute[LM],TU,TU,TU,TU,TU,TU,mute[LM],mute[LM],mute[LM],mute[LM],mute[LM],mute[LM],mute[LM],mute[LM],SV,mute[LM],TU,TU,5<UV>,5<UV>,mute[LM],mute[LM],TU,TU,TU,TU,TU,TUV,mute[LM],mute[LM],mute[LM],mute[LM],mute[LM],mute[LM],mute[LM],mute[LM],mute[LM],mute[LM],mute[LM],mute[LM],mute[LM],mute[LM],mute[LM],mute[LM],5<UV>,5<UV>,mute[LM],mute[LM],mute[LM],mute[LM],mute[LM],mute[LM],mute[LM],mute[LM],mute[LM],mute[LM],mute[LM],mute[LM],mute[LM],mute[LM],mute[LM],mute[LM],mute[LM],mute[LM],mute[LM],mute[LM],","(a.#c1.a1)[JKMN],A-1[LM],e[LM],(a.c1)[LM],(c1.a)[LM],E-1[LM],e[LM],(#g.b)[LM],(b.#g)[LM],A-2[LM],e[LM],(g.#c1.a)[LM],(g.a.#c1)[LM],D-1[LM],f[LM],(a.d1)[LM],(d1.a)[LM],A-1[LM],a[LM],(#c1.e1)[LM],(e1.#c1)[LM],d[LM],a[LM],(d1.f1)[LM],(f1.d1)[LM],G-1[LM],b[LM],(d1.g1)[LM],(g1.d1)[LM],c[LM],g[LM],(c1.e1)[LM],(e1.c1)[LM],A-1[LM],e1[LM],(a1.c2)[LM],(c2.a1)[LM],B-1[LM],#d1[LM],(#f1.b1)[LM],(#f1.b1)[LM],d[LM],b[LM],(#f1.a1)[LM],(#f1.a1)[LM],e[LM],b[LM],(d1.#g1)[LM],(d1.#g1)[LM],f[LM],a[LM],(c1.a1)[LM],(c1.a1)[LM],d[LM],b[LM],(f1.a1)[LM],(f1.a1)[LM],e[LM],b[LM],(d1.#g1)[LM],(d1.#g1)[LM],A-1[LM],a[LM],(c1.a1)[LM],(c1.a1)[LM],(F-1.f)[LM],#d1[LM],(c2.#d2)[LM],(c2.#d2)[LM],(F-1.f)[LM],#d1[LM],(b1.#d2)[LM],(#d2.b1)[LM],(F-1.f)[LM],#d1[LM],(a1.#d2)[LMN],(a1.#d2)[LM],(E-1.e)[LM],e1[LMN],(#g1.e2)[LM],(#g1.e2)[LMN],f[LMN],c1[LM],(a1.c2)[LM],(a1.c2)[LM],d[LM],f1[LM],(a1.b1)[LM],(a1.b1)[LM],e[LM],d1[LM],(#g1.b1)[LM],(b1.#g1)[LM],A-1[LM],c1[LM],(a1.c2)[LM],(c2.a1)[LM],F-1[LM],a1[LM],(c2.c3)[LM],(c2.c3)[LM],#D-1[LMN],a1[LM],(b1.a2)[LM],(b1.a2)[LM],E-1[LMN],#g1[LMN],(#g2.b1)[LM],(#g2.b1)[K],(A-1.A-2.a2.a1)[IMN],e1[LM],#f1[LMN],#g1[LM],(#c1.a.a1.e2)[JM],(b.#g1)[LM],(#c1.e2.a1)[KL],(e1.e2.#c2)[KL],(a.d1.e2.b1)[MN],#f2[MN],#d2[MN],e2[MN],#f2[LM],#g2[LM],(#c1.a2.a1)[KL],e2[KL],(a.b.e2.#g1)[KL],(d1.b1)[KL],(a.b.#g1.e2)[KL],(d1.b1.e2)[KL],(a.#c1.a1.e2)[LM],#d2[LM],e2[LM],#f2[LM],e2[LM],(#f1.d2)[LM],(e1.#c2)[LM],(d1.b1)[LM],(#c1.a.a1.e2)[JM],(b.#g1)[LM],(#c1.e2.a1)[KL],(e1.e2.#c2)[KL],(a.d1.e2.b1)[MN],#f2[MN],#d2[MN],e2[MN],#f2[LM],#g2[LM],(#c1.a2.a1)[KL],e2[KL],(a.b.e2.#g1)[KL],(d1.b1)[KL],(a.b.#g1.e2)[KL],(d1.b1.e2)[KLN],(a.#c1.a1)[LMN],e1[LM],#f1[LM],e1[LM],#d1[LM],#f1[LM],d1[LM],#g1[LM],(E-1.#c1)[LM],a1[LM],b[LM],#g1[LM],(E-1.#c1)[LM],a1[LM],(E-1.e1)[LM],#c2[LM],(E-1.d1)[MN],#F-1[MN],(#D-1.#c2)[MN],E-1[MN],(#F-1.b1)[LM],(#G-1.d1)[LM],(A-1.#c1)[LM],b1[LM],(E-1.a1)[LM],#c1[LM],(E-1.b)[LM],a1[LM],#g1[LM],#f1[LM],(E-1.b)[LM],#g1[LM],(E-1.d1)[LM],b1[LM],(E-1.a1.#c1)[LM],#D-1[LM],E-1[LM],#F-1[LM],E-1[LM],(D-1.#f1)[LM],"],"id":2},{"bpm":216,"baseBeats":0.75,"scores":["UV,mute[LM],mute[LM],mute[LM],mute[LM],mute[LM],mute[LM],mute[LM],mute[LM],mute[LM],5<UV>,5<UV>,mute[LM],mute[LM],mute[LM],mute[LM],mute[LM],mute[LM],mute[LM],mute[LM],mute[LM],mute[LM],mute[LM],mute[LM],mute[LM],mute[LM],mute[LM],mute[LM],mute[LM],mute[LM],mute[LM],mute[LM],mute[LM],mute[LM],mute[LM],mute[LM],mute[LM],mute[LM],mute[LM],mute[LM],mute[LM],mute[LM],mute[LM],mute[LM],mute[LM],mute[LM],mute[LM],mute[LM],mute[LM],mute[LM],mute[LM],mute[LM],mute[LM],mute[LM],mute[LM],mute[LM],mute[LM],mute[LM],mute[LM],mute[LM],mute[LM],mute[LM],mute[LM],mute[LM],mute[LM],mute[LM],mute[LM],mute[LM],mute[LM],mute[LM],mute[LM],mute[LM],TU,5<UV>,5<UV>,5<UV>,mute[LM],mute[LM],mute[LM],mute[LM],mute[LM],mute[LM],mute[LM],mute[LM],mute[LM],mute[LM],mute[LM],mute[LM],mute[LM],mute[LM],mute[LM],mute[LM],mute[LM],mute[LM],mute[LM],mute[LM],mute[LM],mute[LM],mute[LM],mute[LM],mute[LM],mute[LM],mute[LM],mute[LM],mute[LM],mute[LM],mute[LM],mute[LM],mute[LM],mute[LM],mute[LM],mute[LM],mute[LM],mute[LM],mute[LM],mute[LM],mute[LM],mute[LM],mute[LM],mute[LM],mute[LM],mute[LM],mute[LM],mute[LM],mute[LM],mute[LM],mute[LM],mute[LM],mute[LM],mute[LM],mute[LM],mute[LM],mute[LM],mute[LM],mute[LM],mute[LM],mute[LM],T,5<UV>,5<UV>,mute[LM],mute[LM],mute[LM],mute[LM],mute[LM],mute[LM],mute[LM],mute[LM],mute[LM],mute[LM],mute[LM],mute[LM],mute[LM],mute[LM],STUW,STV,TU,TU,TU,TU,mute[LM],mute[LM],mute[LM],mute[LM],ST,TU,TU,TU,TUW,STV,TUV,TUV,STU,TUV,SU,RUV,","(#C-1.e1)[LM],(B-2.d1.#g1)[LM],(E-1.#c1)[LM],a1[LM],b[LM],#g1[LM],(E-1.#c1)[LM],a1[LM],(E-1.e1)[LM],#c2[LM],(E-1.d1)[MN],#F-1[MN],(#D-1.#c2)[MN],E-1[MN],(#F-1.b1)[LM],(#G-1.d1)[LM],(A-1.#c1)[LM],b1[LM],(E-1.a1)[LM],#c1[LM],(E-1.b)[LM],a1[LM],#g1[LM],#f1[LM],(E-1.b)[LM],#g1[LM],(E-1.d1)[LM],b1[LM],(A-2.a1.#c1)[LM],e1[LM],#f1[LM],e1[LM],a1[LM],e1[LM],(#c1.e2)[LM],e[LM],(b.d2.#g1)[LM],#a[LM],b[LM],(e.e2)[LM],(b.d2)[LM],e[LM],(a.#c2.a1)[LM],e[LM],(d1.b1.#g1)[LM],#c1[LM],d1[LM],(e.#c2)[LM],(d1.b1)[LM],e[LM],(#c1.a1.e1)[LM],e[LM],(b.e2.#g1)[LM],(e.d2)[LM],(a.#c2.a1)[LM],e[LM],(b.e2.#g1)[LM],(e.d2)[LM],(a.#c2.a1)[LM],e[LM],(e1.b1.#g1)[LM],#d1[LM],e1[LM],#f1[LM],e1[LM],(d1.e1)[LM],(#c1.#f1)[LM],(b.#g1)[LM],(#c1.a1.e2)[LM],a[LM],b[LM],(a.#g1)[LM],(#c1.e2.a1)[LM],a[LM],(e1.e2.#c2)[LM],a[LM],(d1.e2)[M],#f2[N],e2[M],#f2[N],(a.e2)[M],#d2[M],e2[M],(d1.#f2)[LM],(a.#g2)[LM],(#c1.a2.a1)[LM],a[LM],(#c1.e2)[LM],a[LM],(b.e2.#g1)[LM],a[LM],(d1.b1)[LM],a[LM],(b.#g1.e2)[LM],a[LM],(d1.b1.e2)[LMN],a[LMN],(a.#c1.a1)[LM],a[LMN],b[LMN],a[LMN],#g[LM],(a.e2.#c2)[LM],(b.d2.b1)[LMN],(#c1.#c2.a1)[LM],(d1.b1.#g1)[LM],e2[LM],(b1.#g1)[LM],(e1.e2)[LM],(d1.b1.#g1)[LM],e2[LM],(#c1.a1)[LM],e2[LM],(b.d.e2.#g1)[LM],#g2[LM],(e2.#g1)[LM],(#c1.e.#g2)[LM],(b.d.e2.#g1)[LM],#g2[LM],(a.#c.e2.#g1)[LM],a2[LM],(#g.e1.b2)[LM],(d1.e2)[LM],(a.#c1.a2)[LM],e2[LM],(#g.e1.b2)[LM],(d1.e2)[LM],(a.#c1.a2)[LM],e2[LM],(b.e.e3)[LM],e2[LM],#f2[LM],e2[LM],#d2[LM],#f2[LM],d2[LM],#g2[LM],(E-1.b2.#c2)[LM],a2[LM],b1[LM],#g2[LM],(E-1.#c2)[LM],a2[LM],(E-1.e2)[LM],#c3[LM],(E-1.d2)[MN],#F-1[MN],(#D-1.#c3)[MN],E-1[MN],(#F-1.b2)[LM],(#G-1.d2)[LM],(A-1.#c2)[LM],b2[LM],(E-1.a2)[LM],#c2[LM],(E-1.b1)[LM],a2[LM],#g2[LM],#f2[LM],(E-1.b1)[LM],#g2[LM],(E-1.d2)[LMN],b2[LMN],(A-2.a2.#c2)[JKLN],(#f1.d2.a1)[JKM],(d1.#f2)[KL],(b.d2.#f1)[KL],(e1.b1.#g1)[KL],(e.e2.#g1)[KL],(a.a1.d2)[LM],#c2[LM],b1[LM],a1[LM],(#f.d1.a)[JK],(d.#f1)[KL],(B-1.d1.#f)[KL],(e.b.#g)[KL],(E-1.e1.#g)[KLN],(A-1.#c1.a)[JKM],(e1.b1.#g1)[KLM],(e1.e2.#g1)[KLM],(a.a1.#c2)[JKL],(E-1.b2.#g2)[KLM],e3[JL],(A-2.a2.#c3)[ILM],"],"id":3}],"audition":{"start":[0,0],"end":[1,0]}}