{"baseBpm":396,"musics":[{"bpm":396,"baseBeats":0.75,"scores":["e2[LM],d2[LM],(#c2.#c1.a)[LM],e1[LMN],(e2.#c1)[LM],e1[LM],(#c2.#c1)[LM],e1[LMN],(a2.#c1)[LM],e1[LM],(e2.a.#c1)[LM],e1[LM],(#c3.#c1)[LM],e1[LMN],(a2.#c1)[LM],e1[LM],(e3.#c1)[LM],e1[LMN],(d3.b.a.d1)[LM],e1[LM],(b2.d1)[LM],e1[LM],(#g2.d1)[LM],e1[LM],(e2.d1)[LMN],e1[LM],(a2.a.#c1)[LM],e1[LM],(#c3.#c1)[LMN],e1[LM],(e3.#c1)[LM],e1[LM],(e2.#c1)[LM],(d2.e1)[LM],(#c2.a.#c1)[LM],e1[LMN],(e2.#c1)[LM],e1[LM],(#c2.#c1)[LM],e1[LMN],(a2.#c1)[LM],e1[LM],(e2.a.#c1)[LM],e1[LM],(#c3.#c1)[LM],e1[LMN],(a2.#c1)[LM],e1[LM],(e3.#c1)[LM],e1[LMN],(d3.b.a.d1)[LM],e1[LM],(b2.d1)[LM],e1[LM],(#g2.d1)[LM],e1[LM],(e2.d1)[LMN],e1[LM],"],"id":1},{"bpm":396,"baseBeats":0.75,"scores":["(a2.#c1.a)[ILN],e2[LM],d2[LM],(#c2.a.#c1)[LM],e1[LMN],(e2.#c1)[LM],e1[LM],(#c2.#c1)[LM],e1[LMN],(a2.#c1)[LM],e1[LM],(e2.a.#c1)[LM],e1[LM],(#c3.#c1)[LM],e1[LMN],(a2.#c1)[LM],e1[LM],(e3.#c1)[LM],e1[LMN],(d3.b.a.d1)[LM],e1[LM],(b2.d1)[LM],e1[LM],(#g2.d1)[LM],e1[LM],(e2.d1)[LMN],e1[LM],(a2.a.#c1)[LM],e1[LM],(#c3.#c1)[LMN],e1[LM],(e3.#c1)[LM],e1[LM],(e2.#c1)[LM],(d2.e1)[LM],(#c2.a.#c1)[LM],e1[LMN],(e2.#c1)[LM],e1[LM],(#c2.#c1)[LM],e1[LMN],(a2.#c1)[LM],e1[LM],(e2.a.#c1)[LM],e1[LM],(#c3.#c1)[LM],e1[LMN],(a2.#c1)[LM],e1[LM],(e3.#c1)[LM],e1[LMN],(d3.b.a.d1)[LM],e1[LM],(b2.d1)[LM],e1[LMN],(#g2.d1)[LMN],e1[LM],(e2.d1)[LMN],e1[LMN],(a2.#c1.a)[IKN],"],"id":2},{"bpm":396,"baseBeats":0.75,"scores":["5<UV>,5<UV>,RU,5<UV>,5<UV>,RU,5<UV>,5<UV>,TU,5<UV>,5<UV>,TU,5<UV>,5<UV>,TU,5<UV>,5<UV>,TU,TU,TU,TU,TU,TU,TUW,TU,TU,TU,TUW,TU,TUW,TUW,RT,5<UV>,5<UV>,RU,5<UV>,5<UV>,RU,5<UV>,5<UV>,TU,5<UV>,5<UV>,TU,5<UV>,5<UV>,TU,5<UV>,5<UV>,TU,TU,TUW,TU,TU,TUW,TU,TUW,TU,TU,TUV,TUW,TUV,S,STUVW,","(a2.a)[L],(b2.b)[L],(#c3.#c1)[L],(d3.d2.d1.d)[IL],(a2.a)[L],(b2.b)[L],(#c3.#c1)[L],(d3.d2.d1.d)[IL],(a2.a)[L],(b2.b)[L],(#c3.#c1)[L],(d3.d2.d1.d)[KL],(a2.a)[L],(b2.b)[L],(#c3.#c1)[L],(d3.d2.d1.d)[KL],(a2.a)[L],(b2.b)[L],(#c3.#c1)[L],(d3.d2.d1.d)[KL],(a2.a)[L],(b2.b)[L],(#c3.#c1)[L],(d3.d1.d)[KL],(d3.d1.d)[KL],(d3.d2.e1.b.e)[KL],b2[KL],(#g2.e1.b.e)[KL],e2[KL],(a2.e1.#c1.a)[KLN],#c3[KL],(e3.e1.#c1.a)[KL],#c3[KL],(d3.e2.d1.b.e)[KLN],b2[KL],(#g2.e.b.d1)[KLN],e2[KLN],(a2.#c1.a)[IK],(a2.a)[L],(b2.b)[L],(#c3.#c1)[L],(d3.d2.d1.d)[IL],(a2.a)[L],(b2.b)[L],(#c3.#c1)[L],(d3.d2.d1.d)[IL],(a2.a)[L],(b2.b)[L],(#c3.#c1)[L],(d3.d2.d1.d)[KL],(a2.a)[L],(b2.b)[L],(#c3.#c1)[L],(d3.d2.d1.d)[KL],(a2.a)[L],(b2.b)[L],(#c3.#c1)[L],(d3.d2.d1.d)[KL],(a2.a)[L],(b2.b)[L],(#c3.#c1)[L],(d3.d1.d)[KL],(d3.d1.d)[KL],(d3.d2.e1.b.e)[KLN],b2[KL],(#g2.e1.b.e)[KL],e2[KLN],(a2.e1.#c1.a)[KL],#c3[KLN],(e3.e1.#c1.a)[KL],#c3[KL],(d3.e2.d1.b.e)[KLM],b2[KLN],(#g2.e.b.d1)[KLM],e2[J],(a2.#c1.a)[JKLMN],"],"id":3}],"audition":{"start":[0,0],"end":[1,0]}}