{"baseBpm":160,"musics":[{"bpm":160,"baseBeats":0.25,"scores":["a2[L],#f2[L],(d.#f.a.d2)[L],a1[L],#f2[L],d2[L],(d.#f.a.a2)[L],#f2[L],(d.g.a.#c2)[L],a1[L],e2[L],#c2[L],(d.g.a.g2)[L],e2[L],(d.e.g.a.#c2)[L],a1[L],g1[L],a1[L],(d.e.g.a.#c2)[L],a1[L],(d.#f.a.d2)[L],a1[L],#f1[L],a1[L],(d.#f.a.a2)[L],#f2[L],(d.#f.a.d2)[L],a1[L],#f2[L],d2[L],(d.#f.a.a2)[L],#f2[L],(d.g.a.#c2)[L],a1[L],e2[L],#c2[L],(d.g.a.g2)[L],e2[L],(d.e.g.a.#c2)[L],a1[L],g1[L],a1[L],(d.e.g.a.#c2)[L],a1[L],(d.#f.a.#f1.d2)[J],a2[L],#f2[L],(d.#f.a.d2)[L],a1[L],#f2[L],d2[L],(d.#f.a.a2)[L],#f2[L],(d.g.a.#c2)[L],a1[L],e2[L],#c2[L],"],"id":1},{"bpm":160,"baseBeats":0.25,"scores":["(d.g.a.g2)[L],e2[L],(d.e.g.a.#c2)[L],a1[L],g1[L],a1[L],(d.e.g.a.#c2)[L],a1[L],(d.#f.a.d2)[L],a1[L],#f1[L],a1[L],(d.#f.a.a2)[L],#f2[L],(d.#f.a.d2)[L],a1[L],#f2[L],d2[L],(d.#f.a.a2)[L],#f2[L],(d.g.a.#c2)[L],a1[L],e2[L],#c2[L],(d.g.a.g2)[L],e2[L],(d.e.g.a.#c2)[L],a1[L],g1[L],a1[L],(d.e.g.a.#c2)[LO],a1[L],(d.#f.a.#f1.d2)[JNO],d2[L],#c2[L],(e.b.d1.d2)[L],b1[L],#g1[L],e1[L],(e.b.d1.d2)[L],#c2[L],(e.b.d1.d2)[L],b1[L],#g1[L],e1[L],(e.b.d1.d2)[L],#c2[L],(e.b.d1.d2)[L],b1[L],#g1[L],e1[L],(e.b.d1.e2)[L],#c2[L],(a.#c1.#g1)[L],a1[L],#g1[L],a1[L],"],"id":2},{"bpm":160,"baseBeats":0.25,"scores":["a2[L],#f2[L],(d.#f.a.d2)[L],a1[L],#f2[L],d2[L],(d.#f.a.a2)[L],#f2[L],(d.g.a.#c2)[L],a1[L],e2[L],#c2[L],(d.g.a.g2)[L],e2[L],(d.e.g.a.#c2)[L],a1[L],g1[L],a1[L],(d.e.g.a.#c2)[L],a1[L],(d.#f.a.#f1.d2)[J],d2[L],#c2[L],(e.b.d1.d2)[L],b1[L],#g1[L],e1[L],(e.b.d1.d2)[L],#c2[L],(e.b.d1.d2)[L],b1[L],#g1[L],e1[L],(e.b.d1.d2)[L],#c2[L],(e.b.d1.d2)[L],b1[L],#g1[L],e1[L],(e.b.d1.e2)[L],#c2[L],(a.#c1.#g1)[L],a1[L],#g1[L],a1[L],a2[L],#f2[L],(d.#f.a.d2)[L],a1[L],#f2[L],d2[L],(d.#f.a.a2)[L],#f2[L],(d.g.a.#c2)[L],a1[L],e2[L],#c2[L],(d.g.a.g2)[L],e2[L],(d.e.g.a.#c2)[L],a1[L],g1[L],a1[L],(d.e.g.a.#c2)[LO],a1[LO],(d.#f.a.#f1.d2)[KLN],"],"id":3}],"audition":{"start":[0,0],"end":[1,0]}}