{"baseBpm":160,"musics":[{"bpm":160,"baseBeats":0.25,"scores":["#C-1[J],#c[K],#C-1[KL],#g1[L],(#c.#c2)[L],f2[L],(#C-1.#g2)[J],#c[K],#C-1[K],#g1[L],#c2[L],(#c.f2)[L],#g2[L],(#C-1.#f2)[L],#g2[L],#a2[L],#f2[L],(#c.#d2)[L],c2[L],(#C-1.#c2)[L],#d2[L],f2[L],#c2[L],(#c.#g1)[L],f1[L],(#C-1.#f1)[L],#g1[L],#a1[L],#f1[L],(#c.#d1)[L],c1[L],(#C-1.#c1)[L],#d1[L],f1[L],#f1[L],(#c.#g1)[L],f1[L],(#C-1.#d1)[L],f1[L],#f1[L],#g1[L],(#G-1.#d.#a1)[L],c2[L],(#C-1.#c2)[L],#d2[L],f2[L],#f2[L],(#G-1.#c.#g2)[L],f2[L],(#C-1.#d2)[L],f2[L],#f2[L],#g2[L],(#G-1.#d.#a2)[L],c3[L],(#C-1.#c3)[J],(#c.f2)[L],#g2[L],(#C-1.#g2)[L],#f2[L],#a2[L],#f2[L],(#c.#d2)[L],c2[L],(#C-1.#d2)[L],"],"id":1},{"bpm":160,"baseBeats":0.25,"scores":["U,U,U,U,U,U,U,U,U,U,VW,5<V>,VW,U,U,U,U,VW,5<V>,VW,U,U,U,U,VW,5<V>,VW,U,U,U,U,VW,5<V>,VW,U,U,U,U,U,T,T,T,U,U,U,U,U,U,T,T,T,U,U,U,U,U,U,S,U,U,U,U,U,U,U,U,","#c2[L],f2[L],#c2[L],(#c.#g1)[L],f1[L],(#C-1.#g1)[L],#f1[L],#a1[L],#f1[L],(#c.#d1)[L],c1[L],(#C-1.#d1)[N],#c1[MN],c1[L],#c1[L],#d1[L],(#c.f1)[L],#g1[L],(#C-1.#g1)[N],#f1[MN],f1[L],#f1[L],#g1[L],(#G-1.#d.#a1)[L],c2[L],(#C-1.#d2)[N],#c2[MN],c2[L],#c2[L],#d2[L],(#G-1.#c.f2)[L],#g2[L],(#C-1.#g2)[N],#f2[MN],f2[L],#f2[L],#g2[L],(#G-1.#d.#a2)[L],c3[L],(#C-1.#c3)[K],#c3[K],(#G-1.#c)[K],(#C-1.c3)[L],#c3[L],#d3[L],#g2[L],(#G-1.#d.#a2)[L],c3[L],(#C-1.#c3)[K],#c3[K],(#G-1.#c)[K],(#C-1.c3)[L],#c3[L],#d3[L],#g2[L],(#G-1.#d.#a2)[L],c3[L],(#C-1.#c3)[J],(#G-1.#c.#c2)[L],f2[L],(#C-1.f2)[L],#d2[L],f2[L],#d2[L],(#G-1.c.#a2)[L],#g2[L],"],"id":2},{"bpm":160,"baseBeats":0.25,"scores":["(#C-1.#d2)[L],#c2[L],#d2[L],#c2[L],(#G-1.#c.#f2)[L],f2[L],(#C-1.f2)[L],#d2[L],f2[L],#d2[L],(#G-1.c.#a2)[L],#g2[L],(#C-1.#g2)[K],#c3[K],(#G-1.#c.#c2)[L],f2[L],(#C-1.f2)[L],#d2[L],f2[L],#d2[L],(#G-1.c.#a2)[L],#g2[LO],(#C-1.#d2)[L],#c2[L],#d2[L],#c2[LO],(#G-1.#c.#f2)[L],f2[L],(#C-1.f2)[L],#d2[L],f2[LO],#d2[L],(#G-1.c.#a2)[LO],#g2[L],(#C-1.#d2)[L],#c2[LO],c3[L],#c3[LO],(#G-1.#c.#d2)[L],#c2[LO],(#C-1.c3)[LO],#c3[LN],#d2[LO],#c2[LO],(#G-1.#c.c3)[LN],#c3[LN],(#C-1.#G-1.#c.#c3)[M],#d3[M],#c3[M],#d3[M],#c3[M],#d3[M],#c3[MO],#d3[M],#c3[MO],#d3[M],#c3[MO],#d3[M],#c3[MO],#d3[MO],#c3[MO],#d3[MO],#c3[MO],#d3[MN],#c3[MO],#d3[MO],#c3[L],#d3[MNO],#c3[IMNO],"],"id":3}],"audition":{"start":[0,0],"end":[1,0]}}