{"baseBpm":100,"musics":[{"id":1,"baseBeats":0.25,"scores":["#c1[M],#c1[KLM];(#C-1.#G-1.f.#g)[M],(#C-1.#G-1.f.#g)[KM],#c1[M],b[M],#c1[M];b[KLM],(#G-2.#G-1.d.#f)[M],(#G-2.#G-1.d.#f)[KL],#c1[M],e1[M],d1[M],#c1[M];#c1[KL],(#C-1.#G-1.f.#g)[M],(#C-1.#G-1.f.#g)[KM],#c1[M],b[M],#c1[M];b[KL],(#G-2.#G-1.d.#f)[M],(#G-2.#G-1.d.#f)[KMN],a[M],#g[M],b[M],a[M],#g[M];#g[KLM],(#C-1.#G-1.#c.f)[M],(#C-1.#G-1.#c.f)[KLM],#g[M];#g[KLMN],(E-1.#G-1.#c.e)[MN],(E-1.#G-1.#c.e)[KMN],a[MN],#g[MN],b[M],a[MN],#g[MN];#g[J],(#G-1.#c.#d)[L],(#c.#d)[JLM];(c.#d.#f)[LM],A-1[L],#G-1[L],B-1[L],A-1[L],#G-1[L],#F-1[L],E-1[L],#F-1[L],#D-1[L],A-1[J],#G-1[M];mute[KL],#G-1[M],#c[KLM];mute[KL],#G-1[M],#c[KL],8<#g[N],#g[N]>;#c1[KL],#G-1[M],(#c.e.#g.#c1)[KL];mute[MN],c1[MN],#c1[MN],8<(A-1.#d1)[N],(#f~a)[N]>,(#c.e1)[MN],a[MN],e1[MN],#d1[MN];#c1[KM],8<#c1[N],#d1[N]>,(e.#g.#c1)[KM],c1[M];#c1[KM],#G-1[M],(e.#g)[KM],#d1[M];e1[KL],B-1[M],(e.#g.b.e1)[KL];mute[MN],#d1[MN],e1[MN],(B-1.#f1)[M],#g1[MN],#d1[MN],#g1[MN],#f1[MN];e1[KM],8<e1[N],#f1[N]>,e1[KM],#d1[M];e1[K],8<B-1[N],W>,(c.#f.#g.c1.e1.#g1)[KM],#d1[M],8<(#g~#c1)[N],(e1~#g1)[N]>;#c2[KM],#G-1[M],(#c.e.#c1.e1.#g1.#c2)[KM];mute[MN],(c1.c2)[MN],(#c1.#c2)[MN],(#c.#d1.#d2)[M],(e1.e2)[MN],a1[MN],(e1.e2)[MN],(#d1.#d2)[L];(#c1.#c2)[K],8<#c2[N],#d2[N]>,(#c1.#g1.#c2)[KM],(c1.c2)[M];#C-1[K],#G-1[M],(#c.#g.e1.#g1)[KM],(D-1.d.e1.#g1.b1.e2)[M];(#D-1.#d)[KM],(#d.#g)[M],#g1[KL];#g1[M],g1[M],#g1[M],3<g1[N],e1[N],g1[N],#g1[N],#a1[N],b1[N],#c2[N],#d2[N],e2[N],g2[N],#g2[N],#a2[N],b2[N],#c3[N],#d3[N],e3[N],#d3[N],#c3[N]>,7<b2[N],#a2[N],#g2[N],g2[N],b2[N],#a2[N]>,7<#g2[N],g2[N],e2[N],#d2[N],#c2[N]>,3<e2[N],#d2[N],#c2[N],b1[N],#a1[N],#g1[N],g1[N],#g1[N],g1[N],e1[N],g1[N],b1[M],b1[N],b1[N]>,5<b1[N],b1[N]>,b1[JM],","QQQRUV,#G-1[HJM],#C-1[JKL],#C-1[JKL],#C-1[JKM],#C-1[JLMN],#C-1[KM],#G-1[M],#c[KL],#C-1[KL],#c[KL],B-2[JKM],B-2[KMN],(#d.a.b)[KL],E-1[KM],B-1[M],(e.#g.b)[KL],E-1[KN],#G-2[KLMN],#C-1[JLM],#F-2[KMN],(#f.a)[KLN],#C-2[K],#G-1[M],(#c.e)[KL],(#c1.#c2)[JLM],(#g1.b1.#g2)[KL],(b.#d1)[JM],(#D-1.#d)[KMN],(#d.#a)[L],(#c1.#d1)[K],"]},{"id":2,"baseBeats":0.25,"scores":["7<#d1[N],#f1[N],b1[N],#d2[N]>;B-2[M],8<B-1[N],(#F-1.d2.f2)[N]>,(#d2.#f2)[LM],8<B-1[N],(#F-1.d2.f2)[N]>,(#d2.#f2)[LM],8<B-1[N],(#F-1.#d2.#f2)[N]>,#C-1[M],8<(#c.#g.b.e1.#g1)[N],(#G-1.#f2.#a2)[N]>,(#c2.e2)[LM];8<(#c1.e1.#f1)[N],(c2.#d2)[N]>,(#c2.e2)[LM],8<(#c1.e1.#f1)[N],(c2.#d2)[N]>,(#c2.e2)[LM],5<(#c1.e1.#f1)[N],(c2.#d2)[N]>,(#c2.e2)[M],5<W,(#c2.e2)[N]>,(#f2.#a2)[M],5<W,(e2.#g2)[N]>,(b1.#d2)[LM],#d2[M];#c2[M],5<#d2[N],#c2[N]>,(b1.#d2)[M],5<(#c2.#d2)[N],b1[N]>,#a1[LM],#d2[M],5<b1[N],b1[N]>,5<#c2[N],b1[N]>,5<(#a1.#d2)[N],#a1[N]>,5<(b1.#d2)[N],#a1[N]>,#g1[LM],#d2[M];#c2[M],5<#d2[N],#c2[N]>,(b1.#d2)[M],5<(#c2.#d2)[N],b1[N]>,#a1[LM],#d2[M],5<b1[N],b1[N]>,5<#c2[N],b1[N]>,5<(#a1.#d2)[N],#a1[N]>,5<(b1.#d2)[N],#a1[N]>,#g1[LM],#d3[M];3<e3[N],#a3[N],e3[N],#d3[N],#c3[N],b2[N],#a2[M],e3[N],#a3[N],e3[N],#d3[N],#c3[N],b2[N],#a2[M],b2[N],#d3[N],#c3[N],b2[N],#a2[N],#c3[N],b2[N],#a2[N]>,#g2[LM],#d3[M];3<e3[N],#a3[N],e3[N],#d3[N],#c3[N],b2[N],#a2[M],e3[N],#a3[N],e3[N],#d3[N],#c3[N],b2[N],#a2[M],b2[N],#d3[N],#c3[N],b2[N],#a2[N],#c3[N],b2[N],#a2[N],#g2[N],b2[N],#a2[N],#g2[N],b2[N],#a2[N],#g2[N],b2[N],#a2[N],#g2[N],b2[N],#a2[N],b2[N],#c3[N],#d3[N],e3[N]>,(c.e.g)[L];","U,(#d2.#f2)[L],#D-1[M],#d[N],#F-1[N],B-2[L],#D-1[M],#d[N],#F-1[N],B-2[L],(#g2.b2)[L],#F-1[M],#f[N],#c[N],#c[M],#a[N],#f[N],#A-1[M],#f[N],#c[N],#F-1[M],#f[N],#c[N],#A-1[M],#f[N],#c[N],#c[M],#a[N],#f[N],#A-1[M],#f[N],#c[N],#F-1[M],#f[N],#c[N],B-1[M],b[N],#f[N],#d[M],b[N],#f[KN],#d3[L],#d2[KL],#d3[L],#d2[KL],#d3[L],#d2[KL],#d3[L],#d2[HKL],(#d1.#f1.#d2.#f2.#d3.#f3)[L],#D-1[M],#d[N],#F-1[N],B-2[L],#D-1[M],#d[N],#F-1[N],B-2[L],(#g2.b2.#g3.b3)[L],#F-1[M],#f[N],#c[N],#c[M],#a[N],#f[N],#A-1[M],#f[N],#c[N],#F-1[M],#f[N],#c[N],#A-1[M],#f[N],#c[N],#c[M],#a[N],#f[N],#A-1[M],#f[N],#c[N],#F-1[M],#f[N],#c[N],B-1[M],#f[N],#d[N],#d[M],b[N],#f[N],B-1[M],#f[N],#d[N],b[M],#f[N],#d[N],#A-1[M],#f[N],#c[N],a[M],#f[N],#c[N],#G-1[M],#d[N],c[N],C-1[M],c[N],#G-1[N],#C-1[M],#c[N],#G-1[N],E-1[M],e[N],#c[N],#C-1[M],#c[N],#G-1[N],E-1[M],e[N],#c[N],G-1[M],g[N],e[N],E-1[M],e[N],B-1[N],#F-1[M],#f[N],#d[N],B-1[M],#f[N],#d[N],#F-1[M],#f[N],#c[N],#A-1[M],#f[N],#c[N],(B-2.B-1)[LM],B-1[M],(A-2.A-1)[LM],A-1[M],(G-2.G-1)[LM],G-1[M],(#F-2.#F-1)[LM],#F-1[M],(E-2.E-1)[LM],(E-1.e)[M],(D-1.d)[LM],d[M],(C-1.c)[LM],c[M],(A-2.A-1)[LM],A-1[M],D-1[LM],d[M],D-1[LM],d[M],G-1[M],(d.g)[L],(d.g)[M],#F-1[M],(B-1.#f)[L],(B-1.#f)[L],b[M],(#g.#c1)[M],#d1[M],e1[M],#f1[M],(c1.g1)[M],#g1[M],(f1.#c2)[K],#a1[L],(#g1.c2)[M],(#f1.#a1)[M],(#G-1~f~#c)[L],(#g~#c~f)[L],(#G-1~#d~c)[L],(#g~#d~#f)[L],#C-1[M],f[N],#c[N],#G-1[M],f[N],#c[N],#C-1[M],f[N],#c[N],#G-1[M],f[N],#c[N],#C-1[M],e[N],#c[N],#G-1[M],e[N],#c[N],#C-1[M],e[N],#c[N],#G-1[M],#C-1[M],(#F-1.e.#a.#c1)[LM],(#F-2.#F-1.#f.#a.#c1.e1)[M],(#F-2.#F-1.e.#a.#c1)[LM],(#F-2.#F-1.#f.#a.#c1.e1)[M],(#F-2.#F-1.#f.#a.#c1.e1)[J],(#d2.#f2.#d3.#f3)[L],#D-1[M],#d[N],#F-1[N],B-2[L],#D-1[M],#d[N],#F-1[N],B-2[L],(#g2.b2.#g3.b3)[L],#F-1[M],#f[N],#c[N],#c[M],#a[N],#f[N],#A-1[M],#f[N],#c[N],#F-1[M],#f[N],#c[N],#A-1[M],#f[N],#c[N],#c[M],#a[N],#f[N],#A-1[M],#f[N],#c[N],#F-1[M],#f[N],#c[N],B-1[M],#f[N],#d[N],#d[M],b[N],#f[N],B-1[M],#f[N],#d[N],b[M],#f[N],#d[N],#A-1[M],#f[N],#c[N],a[M],#f[N],#c[N],#G-1[M],#d[N],c[N],C-1[M],c[N],#G-1[N],#C-1[M],#c[N],#G-1[N],E-1[M],e[N],#c[N],#C-1[M],#c[N],#G-1[N],E-1[M],e[N],#c[N],G-1[M],g[N],e[N],E-1[M],e[N],B-1[N],#F-1[M],#f[N],#d[N],B-1[M],#f[N],#d[N],#F-1[M],#f[N],#c[N],#A-1[M],#f[N],#c[N],(#f.b.#d1)[MN],(#f.b.#d1)[N],(#f.#a.#d1)[M],(e.#a.#c1)[M],(#d.#f.b)[MN],(#f.b.#d1)[N],(#f.#a.#d1)[M],(e.#a.#c1)[M],(#d.#f.b)[MN],(#f.b.#d1)[N],(#f.#a.#d1)[M],(e.#a.#c1)[M],(#d.#f.b)[MN],(#f.b.#d1)[N],(#f.#a.#d1)[M],(e.#a.#c1)[M],(B-2.B-1.#d.#f.b)[K],(#D-1.B-1.#d.#f.a.b)[K],(E-1.B-1.e.g.b)[K],(G-1.e.g.b)[K],#f[M],(#a.#c1.#f1)[M],(#F-1.#a)[M],(#c1.#f1)[M],#f[M],(#a.#c1.#f1)[M],(#F-1.#a)[M],(#c1.#f1)[M],(B-1.#f)[M],(b.d1.#f1)[M],(#F-1.#f)[M],(#a.#c1.#f1)[M],(B-1.#f)[M],(b.d1.#f1)[M],(#F-1.#f)[M],(#a.#c1.#f1)[M],#d1[M],#f1[N],#d1[N],#c1[M],#f1[N],#c1[N],#d1[M],#f1[N],#d1[N],#c1[M],#f1[N],#c1[N],#d1[M],#f1[N],#d1[N],#c1[M],#f1[N],#c1[N],#d1[M],#f1[N],#d1[N],#c1[M],#f1[N],#c1[N],(B-2.#F-1.B-1.b1.#d2.#f2.#d3)[K],(B-2.#F-1.B-1.b1.#d2.#f2.#d3)[K],","UV,(#f.b.#d1.#f1)[L],(#f.b.#d1.#f1)[L],(#f.b.#d1.#f1)[L],(#f.b.#d1.#f1)[L],(b.#d1.#f1.b1)[K],(#a.#c1.e1.#f1)[L],(#c1.e1.#f1)[K],(#c1.e1.#f1)[K],(#c1.e1.#f1)[K],(#a.#c1.e1.#f1)[L],(#d1.#f1)[L],(#d1.#f1)[M],g[L],#d[L],g[LMN],#d[N],#g[L],#d[L],#g[LMN],#d[N],g[L],#d[L],g[LMN],#d[N],#g[L],#d[L],#g[K],g1[L],#d1[L],g1[L],#d1[L],#g1[L],#d1[L],#g1[L],#d1[L],g1[L],#d1[L],g1[L],#d1[L],#g1[L],#d1[L],#g1[KN],#g[N],b[N],#a[N],b[N],#c1[N],#d1[N],e1[MN],(#f.b.#d1.#f1)[L],(#f.b.#d1.#f1)[L],(#f.b.#d1.#f1)[L],(#f.b.#d1.#f1)[L],(b.#d1.#f1.b1)[K],(#a.#c1.e1.#f1)[L],(#c1.e1.#f1)[K],(#a.#c1.e1.#f1)[K],(#c1.e1.#f1)[K],(#a.#c1.e1.#f1)[L],(b.#d1.#f1)[L],(#d1.#f1)[L],(b.#d1)[L],(b.#d1)[L],(#c1.#d1)[L],(#c1.#d1)[L],(c1.#d1)[L],(#g.#d1.#f1)[L],(#g.#c1.e1)[L],(#g.#c1.e1)[L],(#g.#c1.e1)[L],(g.b.e1)[L],(b.#c1.e1)[L],(g.b.#c1)[L],(b.#d1)[L],(b.#d1)[L],(#a.#c1.e1)[L],#c1[IM],(b1.b2)[J],(c2.c3)[IJ],E-1[M],(B-1.e)[L],(B-1.e)[M],E-1[M],(B-1.#g)[M],#D-1[M],(c.#f.#g)[M],(#C-1~#c~#G-1)[L],(f~#G-1~#c)[L],(#F-1~#f~#c)[L],(#a~#c~#f)[L];(f1.#g1)[M],(f1.#g1)[M],#c2[M],(#c1.f1)[M],(f1.#g1)[M],(#d1.#f1)[M],(c1.f1)[M],#d1[L],(#g.#c1)[L],(#g.#c1)[L],(#g.#c1)[L],(#g.#c1)[L],(#g.#c1)[L],(#g.#c1)[L],(#g.#c1)[L],(e.#c1)[IL],(#f.b.#d1.#f1)[L],(#f.b.#d1.#f1)[L],(#f.b.#d1.#f1)[L],(#f.b.#d1.#f1)[L],(b.#d1.#f1.b1)[K],(#a.#c1.e1.#f1)[L],(#c1.e1.#f1)[K],(#a.#c1.e1.#f1)[K],(#c1.e1.#f1)[K],(#a.#c1.e1.#f1)[L],(b.#d1.#f1)[L],(#d1.#f1)[L],(b.#d1)[L],(b.#d1)[L],(#c1.#d1)[L],(#c1.#d1)[L],(c1.#d1)[L],(#g.#d1.#f1)[L],(#g.#c1.e1)[L],(#g.#c1.e1)[L],(#g.#c1.e1)[L],(g.b.e1)[L],(b.#c1.e1)[L],(g.b.#c1)[L],(b.#d1)[L],(b.#d1)[L],(#a.#c1.e1)[L],#c1[N],#c[N],B-1[L],(#F-2.#F-1)[L],(B-2.B-1)[L],(#F-2.#F-1)[L],(B-2.B-1)[L],(#F-2.#F-1)[L],(B-2.B-1)[L],(#F-2.#F-1)[IL],#a1[L],#c2[L],#a1[L],#f2[L],b1[M],d2[M],#c2[M],#f2[M],b1[M],d2[M],#c2[M],#f2[M],B-2[K],B-2[K],B-2[K],B-2[K];"]},{"id":3,"baseBeats":0.25,"scores":["(d1~#f1~b1~d2~#c2~b1~#a1)[KM],b1[J];(d1@#f1@b1)[LM],#c2[LM],d2[LM],e2[LM];#f2[LM],d2[LM],#f2[LM],d2[LM];#f2[JL],(mute~e1~#f1)[L];d2[LM],#f1[M],#c2[LM],#f1[M];(d1.b1)[K],b1[M],b1[M],b1[M],b1[L],b1[M],b1[M],#c2[M],d2[M],#c2[M],b1[K];V,d1[M],b1[M],b1[M],b1[M],(d1.b1)[LM];b1[M],#c2[M],d2[M],#c2[M],b1[M],a1[M];(#f1.a1)[LM],a1[M],a1[M],a1[M],d2[M],d2[M];e2[M],#f2[M],e2[M],d2[M],e2[M],d2[M],#c2[M],b1[M];b1[M],5<#c2[N],b1[N]>,(e1.a1)[K],a1[M],5<b1[N],#c2[N]>;(a1.#c2)[M],e2[LM],a1[L],b1[M],a1[M];#f1[K];","QRSV,B-1[L],(#f.b)[K],(#f.b)[L],B-1[L],(#f.b)[K],(#f.b)[L],(G-1.g)[L],(d.g)[K],(d.g)[L],G-1[L],(d.g)[K],(d.g)[L],d[L],(a.d1)[K],(a.d1)[L],d[L],(a.d1)[K],(a.d1)[L],A-1[L],(e.a)[K],(e.a)[L],A-1[K],#c1[KL],(#f.d1)[KN],(#f.d1)[KN],(#f.d1)[K],(#f.d1)[K],(b.d1)[K],(b.d1)[K],(b.d1)[K],(b.d1)[K],(a.#f1)[K],(a.#f1)[K],(a.#f1)[K],(a.#f1)[K],(#c1.e1)[K],(#c1.e1)[K],(#c1.e1)[K],(#c1.e1)[L],","QQQRSV;b[IM];g[I];d1[I];a[I];"]},{"id":4,"baseBeats":0.25,"scores":["D-1[L],V,A-1[M],f[L],A-1[L],D-1[L],V,A-1[M],f[L],A-1[L];D-1[L],V,A-1[M],f[L],A-1[L],D-1[L],V,A-1[M],(d1.f1.d2)[L],(d1.f1.#c2)[L];(d1.f1.c2)[L],c2[M],c2[M],(d1.f1.b1)[L],(d1.f1.#a1)[L],(d1.f1.a1)[L],a1[M],a1[M],(a.d1.#g1)[L],(a.d1.g1)[L];(a.d1.f1)[L],5<g1[N],f1[N]>,5<e1[N],f1[N]>,g1[L],f1[L],(#a.d1.e1)[L],V,#A-1[M],(d1.e1.d2)[L],(d1.e1.#c2)[L];(d1.e1.c2)[L],c2[M],c2[M],(d1.e1.b1)[L],(d1.e1.#a1)[L],(d1.e1.a1)[M],a1[M],V,a1[M],(#a.d1.g1)[L],(#a.d1.f1)[L];(g.#c1.e1)[L],5<f1[N],d1[N]>,5<d1[N],e1[N]>,(#c1.f1)[L],(g.#c1.e1)[L],D-1[L],V,A-1[M],(d1.f1.d2)[L],(d1.f1.#c2)[L];(d1.f1.c2)[L],c2[M],c2[M],(d1.f1.b1)[L],(d1.f1.#a1)[L],(d1.f1.a1)[M],a1[M],V,a1[M],(a.d1.#g1)[L],(a.d1.g1)[L];(a.d1.f1)[L],5<g1[N],f1[N]>,5<e1[N],f1[N]>,(a.d1.g1)[L],(a.d1.f1)[L],D-1[L],V,#A-1[M],(d1.e1.d2)[L],(d1.e1.#c2)[L];(e1.f1.c2)[L],c2[M],c2[M],(e1.f1.b1)[L],(e1.f1.#a1)[L],(d1.e1.a1)[M],a1[M],V,a1[M],(#a.d1.g1)[L],(#a.d1.f1)[L];(g.#c1.e1)[L],5<f1[N],d1[N]>,5<d1[N],e1[N]>,(#c1.f1)[L],(g.#c1.e1)[L],(f.d1)[K],A-1[M],(d2.#f2.d3)[L],(d2.#f2.#c3)[L],(d2.#f2.c3)[L],c3[M],c3[M],(d2.#f2.b2)[L],(d2.#f2.#a2)[L],(d2.#f2.a2)[L],a2[M];a2[M],(a1.d2.#g2)[L],(a1.d2.g2)[L],(a1.d2.#f2)[L],5<g2[N],#f2[N]>,5<e2[N],#f2[N]>,g2[L],(a1.d2.#f2)[L],(g1.b1.d2.e2)[L],V;B-1[M],(d2.e2.g2.d3)[L],(d2.e2.g2.#c3)[L],(d2.e2.g2.c3)[L],c3[M],c3[M],(d2.e2.b2)[L],(d2.e2.#a2)[L],(d2.e2.a2)[L],a2[M];a2[M],(b1.d2.g2)[L],(b1.d2.#f2)[L],(g1.#c2.e2)[L],5<#f2[N],e2[N]>,5<d2[N],e2[N]>,(g1.#c2.#f2)[L],(g1.#c2.e2)[L],(#f1.d2)[L],V;a1[M],d1[L],(a.e1)[L],(d1.#f1)[L],V,a1[M],(d1.#f1)[L],(a.e1)[L],(#f.d1)[L],V;e1[M],(d1.#f1)[L],(e1.g1)[L],(#f1.a1)[M],(#f1.a1)[M],(#f1.a1)[M],(#f1.a1)[M],(g1.b1)[L],(#f1.a1)[L],(e1.g1)[L],V;b1[M],e1[L],(b.#f1)[L],(e1.g1)[L],V,b1[M],(e1.g1)[L],(b.#f1)[L],(g.e1)[L],V;#f1[M],(e1.g1)[L],(#f1.a1)[L],(g1.b1)[M],(g1.b1)[M],(g1.b1)[M],(g1.b1)[M],(a1.#c2)[L],(g1.b1)[L],(#f1.a1)[L],V;a2[M],(d2.#f2.d3)[L],(e2.a2.e3)[L],(#f2.d3.#f3)[L],V,a1[M],(d1.#f1)[L],(a.e1)[L],(#f.d1)[L],V;(a.e1)[M],(d1.#f1)[L],(e1.g1)[L],(#f1.a1)[M],(#f1.a1)[M],(#f1.a1)[M],(#f1.a1)[M],(a1%b1.d2)[M],(a1.#c2)[M],d2[M],#c2[M],(e1.g1)[L],V;b2[M],(e2.g2.e3)[L],(#f2.b2.#f3)[L],(g2.e3.g3)[L],V,b1[M],(e1.g1)[L],(b.#f1)[L],(g.e1)[L],V;(b.#f1)[M],(e1.g1)[L],(#f1.a1)[L],#c2[M],b1[M],#g1[M],a1[M],(d.a.#c1)[L],5<#f2[N],e2[N]>,5<#f2[N],e2[N]>,(#f1.d2)[L],a1[M],#a1[M],a1[M],#g1[M],a1[M],b1[M],#c2[M],d2[M],e2[M],f2[M],g2[M],a2[M],#a2[M],c3[M],#a2[M],a2[M];#a2[M],c3[M],d3[M],e3[M],f3[M],g3[M],a3[M],#a3[M],a3[M],#a3[M],a3[M],#g3[M],a3[M],a4[M],e4[M],#c4[M];a3[M],e3[M],#c3[M],a2[M],d2[L],U,(f.d1)[K],T;10<(c2.e2.g2.#a2)[K],c3[M],#a2[M],g2[M],e2[M],c2[M],#a1[M],g1[M],e1[M]>,(#a1.d2)[L],U;(a1.c2)[L],U,(a1.c2)[L],U,10<(a2.a3)[K],g3[M],e3[M],#c3[M],a2[M];g2[M],e2[M],#c2[M],a1[M]>,(e2.g2)[L],U,(d2.f2)[L],U,(d2.f2)[L],U;(g1.#a1)[L],(#a1.d2)[L],(d2.f2)[L],(g2.#a2)[L],(#a2.d3)[L],(d3.f3)[L],(f3.a3)[L],(c3.f3)[L];(a2.c3)[L],(f2.a2)[L],(c2.f2)[L],(a1.c2)[L],(e1.#a1)[L],(#a1.d2)[L],(#a1.d2)[L],U;(e1.#a1)[L],U,(f1.a1)[L],(a1.c2)[L],(#g1.b1)[L],(a1.c2)[L],(#a1.d2)[L],(a1.c2)[L];10<(c2.e2.g2.#a2)[K],c3[M],#a2[M],g2[M],e2[M],c2[M],#a1[M],g1[M],e1[M]>,(#a1.d2)[L],U;(a1.c2)[L],U,(a1.c2)[L],U,10<(a2.a3)[K],g3[M],e3[M],#c3[M],a2[M];g2[M],e2[M],#c2[M],a1[M]>,(e2.g2)[L],U,(d2.f2)[L],U,(d2.f2)[L],U;(g1.#a1)[L],(#a1.d2)[L],(d2.f2)[L],(g2.#a2)[L],(#a2.d3)[L],(d3.f3)[L],(f3.a3)[L],(c3.f3)[L];(a2.c3)[L],(f2.a2)[L],(c2.f2)[L],(a1.c2)[L],e1[L],(#a1.d2)[L],(#a1.d2)[L],U;(e1.c2)[L],U,f1[L],U,(a2.f3)[L],","T,T,T,T;T,T,T,f[L],A-1[L];D-1[L],V,A-1[M],f[L],A-1[L],D-1[L],V,A-1[M],f[L],A-1[L];D-1[L],V,A-1[M],f[L],A-1[L],D-1[L],U,g[L],#A-1[L];D-1[L],V,#A-1[M],g[L],#A-1[L],D-1[L],V,A-1[M],g[L],A-1[L];D-1[L],V,A-1[M],f[L],A-1[L],(f.d1)[K],f[L],A-1[L];D-1[L],V,A-1[M],f[L],A-1[L],D-1[L],V,A-1[M],f[L],A-1[L];D-1[L],V,A-1[M],f[L],A-1[L],(#a.d1.e1)[K],g[L],#A-1[L];D-1[L],V,#A-1[M],g[L],#A-1[L],D-1[L],V,#A-1[M],g[L],#A-1[L];D-1[L],V,A-1[M],g[L],A-1[L],D-1[K],V,#f[L],A-1[L],D-1[L],V,a[M],(d1.#f1)[L],a[L],D-1[L],V;A-1[M],#f[L],A-1[L],D-1[L],V,a[M],(d1.#f1)[L],a[L],D-1[L],U;g[L],B-1[L],D-1[L],V,b[M],(d1.g1)[L],b[L],D-1[L],V;B-1[M],g[L],B-1[L],D-1[L],V,A-1[M],g[L],A-1[L],D-1[L],V;A-1[M],#f[L],A-1[L],D-1[L],V,A-1[M],#f[L],A-1[L],D-1[L],V;A-1[M],#f[L],A-1[L],D-1[L],V,A-1[M],#f[L],A-1[L],D-1[L],V;B-1[M],g[L],B-1[L],D-1[L],V,B-1[M],g[L],B-1[L],D-1[L],V;B-1[M],g[L],B-1[L],D-1[L],V,#c[M],a[L],A-1[L],D-1[L],V;A-1[M],#f[L],A-1[L],D-1[L],V,A-1[M],#f[L],A-1[L],D-1[L],V;A-1[M],#f[L],A-1[L],D-1[L],V,A-1[M],#f[L],A-1[L],D-1[L],V;B-1[M],g[L],B-1[L],D-1[L],V,B-1[M],g[L],B-1[L],D-1[L],V;B-1[M],g[L],B-1[L],(D-1.A-1)[K],(d.a.#c1)[K],(d.a.d1)[L],d[L],U,(a.f1)[L],U,(a.f1)[L],U,G-1[L],U;(g.#a.e1)[L],U,(g.#a.e1)[L],U,A-1[L],U,(a.#c1.g1)[K];T,(d1.f1)[L],U,(D-1.d)[K],T;(C-1.G-1.c)[K],(g.#a.e1)[J],F-1[L],U;(a.f1)[L],U,(a.f1)[L],U,(#C-1.#c)[K],(a.#c1.e1)[J];D-1[L],U,(a.f1)[L],U,(a.f1)[L],U;#A-1[L],U,(#a.d1)[L],U,(#a.d1)[L],U,C-1[L],U;(a.f1)[L],U,T,C-1[L],U,(c.#a)[L],U;(c.#a)[L],U,F-1[L],U,(c.a)[L],U,T;(C-1.G-1.c)[K],(g.#a.e1)[J],F-1[L],U;(a.f1)[L],U,(a.f1)[L],U,(#C-1.#c)[K],(a.#c1.e1)[J];D-1[L],U,(a.f1)[L],U,(a.f1)[L],U;#A-1[L],U,(#a.d1)[L],U,(#a.d1)[L],U,C-1[L],U;(a.f1)[L],U,T,C-1[L],U,(c.#a)[L],U;(c.#a)[L],U,(f.a)[L],U,(F-1.f)[L];"]},{"id":5,"baseBeats":0.25,"scores":["(a1.#c2.e2)[L],U,U,U,T,b1[K];e2[L],U,e2[L],#f2[L],#g2[L],U,#g2[L],a2[L];b2[L],U,#c3[L],b2[L],#g2[L],U,T;(#d2.b2)[L],U,(#c2.a2)[L],(b1.#g2)[L],(a1.#f2)[J];(#c2.a2)[L],U,(b1.#g2)[L],(a1.#f2)[L],(#g1.e2)[K],b1[L],U;e2[L],U,e2[L],#f2[L],#g2[L],U,#g2[L],a2[L];b2[L],U,a2[L],b2[L],#g2[L],U,T;(#c2.e2.b2)[L],U,a2[L],#g2[L],#f2[K],#g2[L],#f2[L];e2[L],U,U,U,S;","A-1[L],e[L],a[L],b[L],(e.a.#c1)[K],T;e[L],b[L],(e1.#g1)[K],e[L],b[L],(#d1.#g1)[K];#G-1[L],#d[L],(#g.b)[K],#c[L],#g[L],(#c1.f1.a1)[K];#f[L],#c1[L],(e1.a1)[K],(b.#d1)[J];B-1[L],#f[L],(#c.b)[L],(#d.a)[L],(e.#g)[K],U,#d[L];#c[L],#g[L],(#c1.e1)[K],c[L],#g[L],(c1.#d1)[K];B-1[L],#g[L],(b.e1)[K],#c[L],#g[L],(#c1.f1.a1)[K];#f[L],#c1[L],(e1.a1)[K],(b.#d1)[J];e[L],b[L],(#c1.a1)[L],#f1[L],(b.#g1)[IL],"]}]}