{"baseBpm":180,"musics":[{"id":1,"baseBeats":0.25,"scores":["#c2[M],#d2[M],#g2[L],#c2[M],#d2[M],#g2[M],#d2[M],#c2[M],#d2[M],#g2[L],#c2[M],#d2[M],#g2[M],#d2[M],#c2[M],#d2[M],#g2[L],#c2[M],#d2[M],#g2[M],#d2[M],#c2[M],#d2[M],#g2[L],#c2[M],#d2[M],#g2[M],#d2[M],(#c.#c2)[M],#d2[M],#g2[M],#d2[M],#c2[M],#d2[M],#g2[M],#d2[M],#c2[M],#d2[M],#g2[M],#d2[M],#c2[M],#d2[M],#g2[M],#d2[M],(#f.#c2)[M],#d2[M],#g2[M],#d2[M],#c2[M],#d2[M],#g2[M],#d2[M],#c2[M],#d2[M],#g2[M],#d2[M],#c2[M],#d2[M],#g2[M],#d2[M],(f.#c2)[M],#d2[M],#g2[M],#d2[M],#c2[M],#d2[M],#g2[M],#d2[M],#c2[M],#d2[M],#g2[M],#d2[M],#c2[M],#d2[M],#g2[M],#d2[M],(#d.#c2)[M],#d2[M],#g2[M],#d2[M],#c2[M],#d2[M],#g2[M],#d2[M],#c2[M],#d2[M],#g2[M],#d2[M],#c2[M],#d2[M],#g2[M],#d2[M],(#c.#c2)[M],#d2[M],#c2[M],5<(#d2~#c2)[M]>,5<(#d2~#c2)[M]>,5<(#d2~#c2)[M]>,5<(#d2~#c2)[M]>,5<(#d2~#c2)[M]>,5<(#d2~#c2)[M]>,5<(#d2~#c2)[M]>,5<(#d2~#c2)[M]>,5<(#d2~#c2)[M]>,5<(#d2~#c2)[M]>,5<(#d2~#c2)[M]>,5<(#d2~#c2)[M]>,#d2[M],(#c.#c2)[K],"]},{"id":2,"baseBeats":0.25,"scores":["5<(f1.a1)[N],d1[N]>,5<(f1.a1)[N],d1[N]>,5<(f1.a1)[N],d1[N]>,5<(f1.a1)[N],d1[N]>,5<(f1.a1)[N],#a1[N]>,5<a1[N],#g1[N]>,5<a1[N],#a1[N]>,5<a1[N],#g1[N]>,5<a1[N],#a1[N]>,5<a1[N],#g1[N]>,a1[M],(f1.d2)[M],(a1.f2)[LM],(f2.a2)[M];(e2.g2)[M],(d2.f2)[M],(#c2.e2)[M],(#a1.g2)[M],(a1.f2)[M],(g1.e2)[M],(f1.d2)[M],(a1.f2)[M],(#g1.e2)[M],(a1.#f2)[M],(b1.#g2)[M],(#g1.e2)[M],(#c2.a2)[M],V,U;5<(f1.a1)[N],d1[N]>,5<(f1.a1)[N],d1[N]>,5<(f1.a1)[N],d1[N]>,5<(f1.a1)[N],d1[N]>,5<(f1.a1)[N],#a1[N]>,5<a1[N],#g1[N]>,5<a1[N],#a1[N]>,5<a1[N],#g1[N]>,5<a1[N],#a1[N]>,5<a1[N],#g1[N]>,a1[M],(d2.f2)[M],(f2.a2)[LM],(d2.f2)[M];(g2.#a2)[M],(e2.g2)[M],(f2.a2)[M],(d2.f2)[M],(#a1.g2)[M],(g1.e2)[M],(a1.f2)[M],(f1.d2)[M],(g1.e2)[M],(f1.d2)[M],(e1.#c2)[M],(g1.e2)[M],(f1.d2)[L];","D-1[M],(f.a)[M],A-2[M],(f.a)[M],D-1[M],(f.a)[M],A-2[M],(f.a)[M],D-1[M],(f.a)[M],A-2[M],(f.a)[M],D-1[M],(f.a)[M],A-2[M],(f.a)[M],#C-1[M],(g.a)[M],A-2[M],(g.a)[M],D-1[M],(f.a)[M],A-2[M],(f.a)[M],E-1[M],(#g.b)[M],B-2[M],(#g.b)[M],(a.#c1)[L],(A-3.A-2)[L],D-1[M],(f.a)[M],A-2[M],(f.a)[M],D-1[M],(f.a)[M],A-2[M],(f.a)[M],D-1[M],(f.a)[M],A-2[M],(f.a)[M],D-1[M],(f.a)[M],A-2[M],(f.a)[M],g[M],#a[M],f[M],a[M],e[M],(g.#a)[M],d[M],(f.a)[M],(A-2.A-1)[M],(B-2.B-1)[M],(#C-1.#c)[M],(A-2.A-1)[M],(D-1.d)[L],(D-2.D-1)[L],#D-1[M],(#f.#a)[M],#A-2[M],(#f.#a)[M],#D-1[M],(#f.#a)[M],#A-2[M],(#f.#a)[M],#D-1[M],(#f.#a)[M],#A-2[M],(#f.#a)[M],#D-1[M],(#f.#a)[M],#A-2[M],(#f.#a)[M],D-1[M],(#g.#a)[M],#A-2[M],(#g.#a)[M],#D-1[M],(#f.#a)[M],#A-2[M],(#f.#a)[M],F-1[M],(a.c1)[M],C-1[M],(a.c1)[M],(#a.d1)[L],(#A-3.#A-2)[L],#D-1[M],(#f.#a)[M],#A-2[M],(#f.#a)[M],#D-1[M],(#f.#a)[M],#A-2[M],(#f.#a)[M],#D-1[M],(#f.#a)[M],#A-2[M],(#f.#a)[M],#D-1[M],(#f.#a)[M],#A-2[M],(#f.#a)[M],#g[M],b[M],#f[M],#a[M],f[M],(#g.b)[M],#d[M],(#f.#a)[M],(#A-2.#A-1)[M],(C-1.c)[M],(D-1.d)[M],(#A-2.#A-1)[M],(#D-1.#d)[L],(#D-2.#D-1)[L],"]},{"id":3,"baseBeats":0.25,"scores":["d2[L],U,T,T,d1[K];d2[L],U,T,d2[L],U,#c2[L],b1[L];b1[L],U,a1[L],#g1[L],a1[L],U,T;a1[L],U,g1[L],b1[L],a1[L],U,(g1.b1)[L],(e1.#c2)[L];(#f1.e2)[M],a[M],d1[M],#f1[M],(g1.#c2)[M],b[M],d1[M],g1[M],(a1.d2)[M],c1[M],#f1[M],g1[M],a1[M],#f1[M],c1[M],a[M];(b1.#f2)[M],d[M],g[M],a[M],(d.g)[M],b[M],g[M],d[M],(#c2.f2)[M],#g[M],(#f2.d3)[M],d1[M],(f2.#c3)[M],f1[M],(d2.b2)[M],#g[M];(d2.b2)[M],#c[M],#f[M],#g[M],(#c2.a2)[M],a[M],(b1.#g2)[M],#c[M],(#c2.a2)[M],#f[M],b[M],#c1[M],(#f.b)[M],#d1[M],b[M],#f[M];(b1.a2)[M],b[M],e1[M],#f1[M],g2[M],g1[M],#f2[M],b[M],(a1.g2)[M],a[M],b1[M],e1[M],(#c2.#f2)[M],#f1[M],d2[M],a[M],(g1.c2.e2)[M],g[M],c1[M],d1[M],(g1.c2)[M],e1[M],c1[M],g[M],(g1.c2)[M],g[M],c1[M],d1[M],(g1.c2)[M],e1[M],c1[M],g[M];(a1.#c2.e2)[L],U,U,U,T,b1[K];e2[L],U,e2[L],#f2[L],#g2[L],U,#g2[L],a2[L];b2[L],U,#c3[L],b2[L],#g2[L],U,T;(#d2.b2)[L],U,(#c2.a2)[L],(b1.#g2)[L],(a1.#f2)[J];(#c2.a2)[L],U,(b1.#g2)[L],(a1.#f2)[L],(#g1.e2)[K],b1[L],U;e2[L],U,e2[L],#f2[L],#g2[L],U,#g2[L],a2[L];b2[L],U,a2[L],b2[L],#g2[L],U,T;(#c2.e2.b2)[L],U,a2[L],#g2[L],#f2[K],#g2[L],#f2[L];e2[L],U,U,U,mute[HKL];","d[L],a[L],(b.g1)[K],(a.#f1)[K],T;G-1[L],d[L],(g.b)[K],G-1[L],e[L],(g.#c1)[K];#F-1[L],#c[L],(#f.a)[K],B-1[L],#f[L],(a.#d1)[K];E-1[L],B-1[L],(d.g)[K],A-1[L],e[L],(g.#c1)[K];d[M],V,U,e[M],V,U,#f[M],V,U,T;G-1[M],V,U,T,#c[M],V,#c1[M],V,(#g.#c1)[M],V,#c1[M],V;#F-1[M],V,U,(#c.#f)[M],V,#f[M],V,B-1[M],V,U,T;e[M],V,U,(b.e1)[M],V,e1[M],V,d[M],V,d1[M],V,(a.d1)[M],V,d1[M],V,c[M],V,U,(g.c1)[M],V,U,c[M],V,U,(g.c1)[M],V,U;A-1[L],e[L],a[L],b[L],(e.a.#c1)[K],T;e[L],b[L],(e1.#g1)[K],e[L],b[L],(#d1.#g1)[K];#G-1[L],#d[L],(#g.b)[K],#c[L],#g[L],(#c1.f1.a1)[K];#f[L],#c1[L],(e1.a1)[K],(b.#d1)[J];B-1[L],#f[L],(#c.b)[L],(#d.a)[L],(e.#g)[K],U,#d[L];#c[L],#g[L],(#c1.e1)[K],c[L],#g[L],(c1.#d1)[K];B-1[L],#g[L],(b.e1)[K],#c[L],#g[L],(#c1.f1.a1)[K];#f[L],#c1[L],(e1.a1)[K],(b.#d1)[J];e[L],b[L],(#c1.a1)[L],#f1[L],(b.#g1)[HKL];"]},{"id":4,"baseBeats":0.5,"scores":["(a.#d1.#f1)[KLM],c2[LMN],#A-1[LMOP],(#g.#d1.f1)[LMN],(#g.#d1.f1.c2.c3)[LMN],(#g.#d1.f1.f2)[LMOP],(#g.#d1.f1)[LMN],(#g.#d1.f1.b1.b2)[LMN],(#g.d1.f1.b1)[L],b2[LNP],(#g.d1.f1)[LMOP],(#g.d1.f1)[LMN],(#g.d1.f1)[KLNOP],(#a1.#a2)[LMN],#A-1[LMN],(#g.#c1)[LMN],(#g.#c1.e1)[LMOP],(#g.#c1.e1.b1)[LMN],(#g.#c1.e1)[LMN],(#g.#c1.e1.b1)[LMOP],(#D-1.b1)[LMN],(g.#c1.e1)[LMN],(g.#c1.e1)[LMN],(g.#c1.e1)[KLNOP],#a1[LMN],#G-1[LMOP],(#f.#c1.#d1)[LMN],(#f.#c1.#d1.#a1.#a2)[LMN],(#f.#c1.#d1.#d2)[LMN],(#f.#c1.#d1)[LMOP],(#f.#c1.#d1.a1.a2)[LMN],(#f.c1.#d1.a1)[LN],a2[LNP],(#f.c1.#d1)[LMOP],(#f.c1.#d1)[LMN],(#f.c1.#d1)[KLM],(#g1.#g2)[LMOP],#G-1[LMN],(f.b)[LMN],(f.b.d1)[LMOP],(f.b.d1.a1)[LMN],(f.b.d1)[LMN],(f.b.d1.a1)[LMN],(#C-1.a1)[LMOP],(f.b.d1)[LMN],(f.b.d1)[LMN],(f.b.d1)[KLNOP],#g1[LMN],#F-1[LMN],(#f.a.d1.#g1.#g2)[LMOP],(#f.a.d1.#f1.#f2)[LMN],A-1[LMN],(#f.a.#f1.#f2)[LMOP],(#f.a.e1.e2)[LMN],d[LMN],(#f.a.e1.e2)[LMN],(#f.a.d1.d2)[LMOP],#F-1[LMN],(#f.a.d1.d2)[LMN],(#f.a.#c1.#c2)[LMOP],F-1[LMN],(#d.#f.a)[LMN],(#d.#f.a.#c1.#c2)[LMN],(#d.#f.a)[LMOP],(#d.#f.a)[LMN],(#d.#f.a.c1.c2)[LMN],5<(#f.#c1.#c2)[M],a[M]>,#d1[KMOP],(c1.c2)[LMNOP],(#g1.#g2)[JN],(#f1.#f2)[KNO],#F-1[LMN],(#f.a.d1.#g1.#g2)[LMOP],(#f.a.d1.#f1.#f2)[LMN],A-1[LMN],(#f.a.#f1.#f2)[LMN],(#f.a.e1.e2)[LMOP],d[LMN],(#f.a.e1.e2)[LMN],(#f.a.d1.d2)[LMOP],#F-1[LMN],(#f.a.d1.d2)[LMN],(#f.a.#c1.#c2)[LMN],F-1[LMOP],E-1[L],E-1[L],E-1[L],E-1[L],E-1[L],3<E-1[MN],#D-1[N],E-1[L],E-1[L],E-1[MN],#D-1[N],E-1[L],E-1[L],E-1[MN],#A-1[N],(E-1.B-1)[L],(E-1.B-1)[L],(E-1.B-1)[L],(E-1.B-1)[L],(E-1.B-1)[L],(E-1.B-1)[MN],#A-1[N],(E-1.B-1)[L],(E-1.B-1)[L],(E-1.B-1)[MN],#A-1[N],(E-1.B-1)[L],(E-1.B-1)[L],(E-1.B-1)[MN],f[N],(E-1.B-1.#f)[L],(E-1.B-1.#f)[L],(E-1.B-1.#f)[L],(E-1.B-1.#f)[L],(E-1.B-1.#f)[L],(E-1.B-1.#f)[MN],f[N],(E-1.B-1.#f.#c1)[L],(E-1.B-1.#f.#c1)[L],(E-1.B-1.#f.#c1)[L],(E-1.B-1.#f.#c1)[L],(E-1.B-1.#f.#c1)[L],(E-1.B-1.#f.#c1)[MN],c1[N],(E-1.B-1.#f.#c1.a1)[L],(E-1.B-1.#f.#c1.a1)[L],(E-1.B-1.#f.#c1.a1)[L],(E-1.B-1.#f.#c1.a1)[L],(E-1.B-1.#f.#c1.a1)[L],(E-1.B-1.#f.#c1.a1)[MN]>,A-3[IJ],"]},{"id":5,"baseBeats":0.25,"scores":["7<(a2~b2~c2~#d2~e2~#f2~g2)[K]>,T,10<(c5.b4.#a4.a4.#g4.g4.#f4.f4.e4.#d4.d4.#c4.c4.b3.#a3.a3.#g3.g3.#f3.f3.e3.#d3.d3.#c3.c3.b2.#a2.a2.#g2.g2.#f2.f2.e2.#d2.d2.#c2.c2.b1.#a1.a1.#g1.g1.#f1.f1.e1.#d1.d1.#c1.c1.b.#a.a.#g.g.#f.f.e.#d.d.#c.c.B-1.#A-1.A-1.#G-1.G-1.#F-1.F-1.E-1.#D-1.D-1.#C-1.C-1.B-2.#A-2.A-2.#G-2.G-2.#F-2.F-2.E-2.#D-2.D-2.#C-2.C-2.B-3.#A-3.A-3)[M],(c5.b4.#a4.a4.#g4.g4.#f4.f4.e4.#d4.d4.#c4.c4.b3.#a3.a3.#g3.g3.#f3.f3.e3.#d3.d3.#c3.c3.b2.#a2.a2.#g2.g2.#f2.f2.e2.#d2.d2.#c2.c2.b1.#a1.a1.#g1.g1.#f1.f1.e1.#d1.d1.#c1.c1.b.#a.a.#g.g.#f.f.e.#d.d.#c.c.B-1.#A-1.A-1.#G-1.G-1.#F-1.F-1.E-1.#D-1.D-1.#C-1.C-1.B-2.#A-2.A-2.#G-2.G-2.#F-2.F-2.E-2.#D-2.D-2.#C-2.C-2.B-3.#A-3.A-3)[M],(c5.b4.#a4.a4.#g4.g4.#f4.f4.e4.#d4.d4.#c4.c4.b3.#a3.a3.#g3.g3.#f3.f3.e3.#d3.d3.#c3.c3.b2.#a2.a2.#g2.g2.#f2.f2.e2.#d2.d2.#c2.c2.b1.#a1.a1.#g1.g1.#f1.f1.e1.#d1.d1.#c1.c1.b.#a.a.#g.g.#f.f.e.#d.d.#c.c.B-1.#A-1.A-1.#G-1.G-1.#F-1.F-1.E-1.#D-1.D-1.#C-1.C-1.B-2.#A-2.A-2.#G-2.G-2.#F-2.F-2.E-2.#D-2.D-2.#C-2.C-2.B-3.#A-3.A-3)[M],(c5.b4.#a4.a4.#g4.g4.#f4.f4.e4.#d4.d4.#c4.c4.b3.#a3.a3.#g3.g3.#f3.f3.e3.#d3.d3.#c3.c3.b2.#a2.a2.#g2.g2.#f2.f2.e2.#d2.d2.#c2.c2.b1.#a1.a1.#g1.g1.#f1.f1.e1.#d1.d1.#c1.c1.b.#a.a.#g.g.#f.f.e.#d.d.#c.c.B-1.#A-1.A-1.#G-1.G-1.#F-1.F-1.E-1.#D-1.D-1.#C-1.C-1.B-2.#A-2.A-2.#G-2.G-2.#F-2.F-2.E-2.#D-2.D-2.#C-2.C-2.B-3.#A-3.A-3)[M],(c5.b4.#a4.a4.#g4.g4.#f4.f4.e4.#d4.d4.#c4.c4.b3.#a3.a3.#g3.g3.#f3.f3.e3.#d3.d3.#c3.c3.b2.#a2.a2.#g2.g2.#f2.f2.e2.#d2.d2.#c2.c2.b1.#a1.a1.#g1.g1.#f1.f1.e1.#d1.d1.#c1.c1.b.#a.a.#g.g.#f.f.e.#d.d.#c.c.B-1.#A-1.A-1.#G-1.G-1.#F-1.F-1.E-1.#D-1.D-1.#C-1.C-1.B-2.#A-2.A-2.#G-2.G-2.#F-2.F-2.E-2.#D-2.D-2.#C-2.C-2.B-3.#A-3.A-3)[K]>,V,(f1.f2)[JK],6<(f1.f2)[L],(f1.f2)[L]>;(f1.f2)[JK],(f1.f2)[L],(f1.f2)[L];7<f1[M],e1[M],#d1[M],d1[M],#c1[M],c1[M],b[M],#a[M],a[M],#g[M],g[M],#f[M],f[M],e[M],#d[M],d[M]>,QS,7<(c5~b4~#a4~a4~#g4~g4~#f4~f4~e4~#d4~d4~#c4~c4~b3~#a3~a3~#g3~g3~#f3~f3~e3~#d3~d3~#c3~c3~b2~#a2~a2~#g2~g2~#f2~f2~e2~#d2~d2~#c2~c2~b1~#a1~a1~#g1~g1~#f1~f1~e1~#d1~d1~#c1~c1~b~#a~a~#g~g~#f~f~e~#d~d~#c~c~B-1~#A-1~A-1~#G-1~G-1~#F-1~F-1~E-1~#D-1~D-1~#C-1~C-1~B-2~#A-2~A-2~#G-2~G-2~#F-2~F-2~E-2~#D-2~D-2~#C-2~C-2~B-3~#A-3~A-3)[KLM]>,7<(c5~b4~#a4~a4~#g4~g4~#f4~f4~e4~#d4~d4~#c4~c4~b3~#a3~a3~#g3~g3~#f3~f3~e3~#d3~d3~#c3~c3~b2~#a2~a2~#g2~g2~#f2~f2~e2~#d2~d2~#c2~c2~b1~#a1~a1~#g1~g1~#f1~f1~e1~#d1~d1~#c1~c1~b~#a~a~#g~g~#f~f~e~#d~d~#c~c~B-1~#A-1~A-1~#G-1~G-1~#F-1~F-1~E-1~#D-1~D-1~#C-1~C-1~B-2~#A-2~A-2~#G-2~G-2~#F-2~F-2~E-2~#D-2~D-2~#C-2~C-2~B-3~#A-3~A-3)[KLM]>,7<(c5~b4~#a4~a4~#g4~g4~#f4~f4~e4~#d4~d4~#c4~c4~b3~#a3~a3~#g3~g3~#f3~f3~e3~#d3~d3~#c3~c3~b2~#a2~a2~#g2~g2~#f2~f2~e2~#d2~d2~#c2~c2~b1~#a1~a1~#g1~g1~#f1~f1~e1~#d1~d1~#c1~c1~b~#a~a~#g~g~#f~f~e~#d~d~#c~c~B-1~#A-1~A-1~#G-1~G-1~#F-1~F-1~E-1~#D-1~D-1~#C-1~C-1~B-2~#A-2~A-2~#G-2~G-2~#F-2~F-2~E-2~#D-2~D-2~#C-2~C-2~B-3~#A-3~A-3)[KLM]>,(c5~b4~#a4~a4~#g4~g4~#f4~f4~e4~#d4~d4~#c4~c4~b3~#a3~a3~#g3~g3~#f3~f3~e3~#d3~d3~#c3~c3~b2~#a2~a2~#g2~g2~#f2~f2~e2~#d2~d2~#c2~c2~b1~#a1~a1~#g1~g1~#f1~f1~e1~#d1~d1~#c1~c1~b~#a~a~#g~g~#f~f~e~#d~d~#c~c~B-1~#A-1~A-1~#G-1~G-1~#F-1~F-1~E-1~#D-1~D-1~#C-1~C-1~B-2~#A-2~A-2~#G-2~G-2~#F-2~F-2~E-2~#D-2~D-2~#C-2~C-2~B-3~#A-3~A-3)[KLM],QU,3<g4[M],#g4[M],g4[M],#g4[M],g4[M],#g4[M],g4[M],#g4[M],g4[M],#g4[M],g4[M],#g4[M],g4[M],#g4[M],g4[M],#g4[M],g4[M],#g4[M],g4[M],#g4[M],g4[M],#g4[M],g4[M],#g4[M],g4[M],#g4[M],g4[M],#g4[M],g4[M],#g4[M],g4[M],#g4[M],g4[M],#g4[M],g4[M],#g4[M],g4[M],#g4[M],g4[M],#g4[M],g4[M],#g4[M],g4[M],#g4[M],g4[M],#g4[M],g4[M],#g4[M],g4[M],#g4[M],g4[M],#g4[M],g4[M],#g4[M],g4[M],#g4[M],g4[M],#g4[M],g4[M],#g4[M],g4[M],#g4[M],g4[M],#g4[M],g4[M],#g4[M],g4[M],#g4[M],g4[M],#g4[M],g4[M],#g4[M],g4[M],#g4[M],g4[M],#g4[M],g4[M],#g4[M],g4[M],#g4[M],g4[M],#g4[M],g4[M],#g4[M],g4[M],#g4[M],g4[M],#g4[M],g4[M],#g4[M],g4[M],#g4[M],g4[M],#g4[M],g4[M],#g4[M],g4[M],#g4[M],g4[M],#g4[M],g4[M],#g4[M],g4[M],#g4[M],g4[M],#g4[M],g4[M],#g4[M],g4[M],#g4[M],g4[M],#g4[M],g4[M],#g4[M],g4[M],#g4[M],g4[M],#g4[M],g4[M],#g4[M],g4[M],#g4[M],g4[M],#g4[M],g4[M],#g4[M],g4[M],#g4[M]>,g4[J],#g4[H];"]},{"id":6,"baseBeats":0.25,"scores":["(f.g2)[KM],f2[L],(c1.c3)[KM],V,V,V,V,V,V,V,V,V,(e3~e4)[M],V,V,V,V,V,V,(f.g2)[KM],f2[L],(c1.c3)[KM],V,V,V,V,V,V,V,V,V,(e3~e4)[M],V,V,V,V,V,V,(e3~e4)[IL];"]},{"id":7,"baseBeats":0.25,"scores":["#d2[M],d2[M],c2[M],d2[M],#d2[L],g1[L],#g1[L],g2[L],f2[L],#d2[L];d2[M],c2[M],d2[M],#d2[M],f2[L],f1[L],g1[L],f2[L],#d2[L],d2[L];c2[M],#a1[M],#g1[M],#a1[M],c2[K],c2[M],#a1[M],#g1[M],#a1[M],c2[K];c2[M],#a1[M],#g1[M],#a1[M],c2[M],f1[M],#f1[M],#d2[M],d2[K],U,d2[L];#d2[M],d2[M],c2[M],d2[M],#d2[M],f2[M],g2[M],g1[M],#g1[L],g2[L],f2[K];d2[M],c2[M],#a1[M],c2[M],d2[M],#d2[M],f2[M],f1[M],g1[L],f2[L],#d2[K];c2[M],#a1[M],#g1[M],#a1[M],c2[L],d1[L],#d1[L],f1[L],#g1[L],c2[L];b1[L],f1[L],#f1[L],#d2[L],d2[K],V,b1[M],c2[M],d2[M];g2[M],f2[M],#d2[M],d2[M],#d2[M],f2[M],g2[M],c2[M],#g2[L],g2[L],f2[L],#d2[L];f2[M],#d2[M],d2[M],c2[M],d2[M],#d2[M],f2[M],f1[M],g1[L],f2[L],#d2[L],d2[L];#d2[M],d2[M],c2[M],#a1[M],c2[M],d2[M],#d2[M],#g1[M],f2[L],#d2[L],d2[L],c2[L];b1[LM],b1[M],c2[L],d2[L],#d2[L],d2[L],#d2[L],f2[L];c2[L],#g1[L],#d1[L],d1[L],c1[L],d1[L],c1[L],#a[L];a[M],c1[M],#d1[M],g1[M],#f1[M],#d1[M],d1[M],#d1[M],a1[M],#f1[M],#d2[M],c2[M],#f1[M],#d1[M],d1[M],#d1[M];g[M],#a[M],d1[M],#f1[M],g1[M],d1[M],c1[M],d1[M],g1[M],d1[M],#a1[M],g1[M],d2[M],#a1[M],a1[M],#a1[M];#d2[M],c2[M],b1[M],c2[M],g1[M],c2[M],b1[M],c2[M],d2[M],#a1[M],a1[M],#a1[M],d1[M],#a1[M],a1[M],#a1[M];(g1.c2)[KL],#a1[L],(#f1.a1)[KL],g1[L];(#a.g1)[IJKM];","c[L],g[L],#d1[M],d1[M],c1[M],g[M],F-1[L],c[L],#g[M],g[M],f[M],c[M];#A-1[L],f[L],d1[M],c1[M],#a[M],f[M],#D-1[L],#A-1[L],g[M],f[M],#d[M],#A-1[M];#G-1[L],#d[L],c1[M],#a[M],#g[M],#d[M],F-1[L],c[L],#g[M],g[M],f[M],c[M];D-1[L],#G-1[L],(c.f)[L],#G-1[L],G-1[L],d[L],(f.b)[L],d[L];c[L],g[L],(c1.#d1)[L],g[L],F-1[L],c[L],(f.#g)[L],c[L];#A-1[L],f[L],(#a.d1)[L],f[L],#D-1[L],#A-1[L],(#d.g)[L],#A-1[L];#G-1[L],#d[L],(#g.c1)[L],#d[L],F-1[L],c[L],(f.#g)[L],c[L];D-1[L],#G-1[L],(c.f)[L],#G-1[L],G-1[L],d[L],(f.b)[L],d[L];c[L],g[L],(c1.#d1)[L],g[L],F-1[L],c[L],(f.#g)[L],c[L];#A-1[L],f[L],(#a.d1)[L],f[L],#D-1[L],#A-1[L],(#d.g)[L],#A-1[L];#G-1[L],#d[L],(#g.c1)[L],#d[L],F-1[L],c[L],(f.#g)[L],c[L];D-1[L],#G-1[L],(c.f)[L],#G-1[L],G-1[L],d[L],(f.b)[L],d[L];#G-1[L],#d[L],(#g.c1)[L],#d[L],F-1[L],c[L],(f.#g)[L],c[L];(D-1.#F-1.c)[I];(G-1.#A-1.d)[I];(A-1.c.#d.#f)[J],(G-1.#A-1.d)[J];(d.#a)[J],(d.a.c1)[J];(G-1.d)[I],"]}]}