{"baseBpm":85,"musics":[{"id":1,"baseBeats":0.25,"scores":["(#d2)[KL],(#g2)[KL],(#a2)[KL],(#G-1.b2)[M],U,(#a2)[M],(#g.b2)[M],U,(#a2)[M],(#G-1.b2)[M],U,(#a2)[M],(#g.#g2)[M],U,(#d2)[M],(#c.e2)[K],(#g.b.b2)[M],U,(b2)[M],(#c)[M],U,(e1)[M],(#g1)[K],(#F-1.#c2.#a2)[M],U,(#c2.#g2)[M],(#f.#a2)[M],U,(#g2)[M],(#F-1.#a2)[M],U,(#g2)[M],(#f.#f2)[M],U,(#c2)[M],(B-1.#d2)[K],(#f.#a.#a2)[M],U,(#a2)[M],(B-1)[M],U,(#d1)[M],(#f1)[K],(E-1.#g2)[M],U,(#f2)[M],(e.#g2)[M],U,(#f2)[M],(E-1.#g2)[M],U,(#f2)[M],(e.#g2)[M],U,(#d3)[M],(#c.#c3)[M],U,(b2)[M],(b.#c3)[K],(e1)[M],U,(#g1)[M],(#g.#c2)[K],(#A-1.#c3)[M],U,(b2)[M],(e.#a2)[M],U,(b2)[M],(#A-1.#c3)[M],U,(#d3)[M],(e.#g.#c3)[M],U,(#g2)[M],(#D-1.#a2)[M],U,(#a)[M],(#d.g.#d1)[M],U,(f1)[M],(#D-1.g1)[M],U,(#g1)[M],(#a1)[K],(#G-1.b1)[M],U,(#a1)[M],(#g.b1)[M],U,(#a1)[M],(#G-1.b1)[M],U,(#a1)[M],(#g.#g1)[M],U,(#d1)[M],(#c.e1)[K],(#g.b1)[M],U,(b1)[M],(#c)[M],U,(#c1)[M],(#g.#d1)[K],(#F-1.#a1)[M],U,(#g1)[M],(#f.#a1)[M],U,(#g1)[M],(#F-1.#a1)[M],U,(#g1)[M],(#f.#f1)[M],U,(#c1)[M],(B-1.#d1)[K],(#f.#a1)[M],U,(#a1)[M],(B-1)[M],U,(#c1)[M],(#f.#a.#d1)[K],"]},{"id":2,"baseBeats":0.25,"scores":["#a1[M],d1[M],c1[M],d1[M],#a[M],d1[M],c1[M],d1[M],#a1[M],d1[M],c1[M],d1[M],#a[M],d1[M],c1[M],d1[M];#a1[M],#d1[M],d1[M],#d1[M],#a[M],#d1[M],d1[M],#d1[M],#a1[M],#d1[M],d1[M],#d1[M],#a[M],#d1[M],d1[M],#d1[M];a1[M],c1[M],#a[M],c1[M],a[M],c1[M],#a[M],c1[M],a1[M],c1[M],#a[M],c1[M],a[M],c1[M],#a[M],c1[M];a1[M],d1[M],c1[M],d1[M],#a[M],d1[M],c1[M],d1[M],a1[M],d1[M],c1[M],d1[M],#a[M],d1[M],c1[M],d1[M];g1[M],#d1[M],d1[M],#d1[M],#a[M],#d1[M],d1[M],#d1[M],g1[M],#d1[M],d1[M],#d1[M],#a[M],#d1[M],d1[M],#d1[M];a1[M],#d1[M],d1[M],#d1[M],c1[M],#d1[M],d1[M],#d1[M],a1[M],#d1[M],d1[M],#d1[M],c1[M],#d1[M],d1[M],#d1[M];a1[M],g1[M],#f1[M],g1[M],d1[M],g1[M],#f1[M],g1[M],a1[M],g1[M],#f1[M],g1[M],d1[M],g1[M],#f1[M],g1[M];#a1[M],g1[M],#f1[M],g1[M],d1[M],g1[M],#f1[M],g1[M],#a1[M],g1[M],#f1[M],g1[M],a1[M],g1[M],#f1[M],g1[M];","G-1[L],d[L],g[L],d[L],G-1[L],d[L],g[L],d[L];C-1[L],G-1[L],c[L],G-1[L],C-1[L],G-1[L],c[L],G-1[L];F-1[L],c[L],f[L],c[L],F-1[L],c[L],f[L],c[L];#A-1[L],f[L],#a[L],f[L],#A-1[L],f[L],#a[L],f[L];#D-1[L],#A-1[L],#d[L],#A-1[L],#D-1[L],#A-1[L],#d[L],#A-1[L];A-1[L],#d[L],a[L],#d[L],A-1[L],#d[L],a[L],#d[L];D-1[L],A-1[L],d[L],A-1[L],D-1[L],A-1[L],d[L],A-1[L];G-1[L],d[L],g[L],d[L],G-1[L],d[L],g[L],d[L],"]},{"id":3,"baseBeats":0.25,"scores":["d2[M],d3[M],V,#a2[M],V,a2[M],V,f2[M],e2[M],d2[M],V,#c2[M],d2[M],V,V,V;3<d2[N],e2[N],f2[N],e2[N],d2[N],e2[N],f2[N],e2[N],d2[N],e2[N],f2[N],e2[N],d2[N],e2[N],f2[N],d2[N]>,f2[M],e2[M],V,#d2[M],e2[M],V,V,V;3<g2[N],a2[N],#a2[N],a2[N],g2[N],a2[N],#a2[N],a2[N],g2[N],a2[N],#a2[N],a2[N],g2[N],#a2[N],a2[N],g2[N],f2[N],g2[N],a2[N],g2[N],f2[N],g2[N],a2[N],g2[N],f2[N],g2[N],a2[N],g2[N],f2[N],a2[N],g2[N],f2[N];a1[N],b1[N],#c2[N],d2[N],e2[N],f2[N],g2[N],a2[N],#a2[N],a2[N],g2[N],f2[N],e2[N],d2[N],#c2[N],e2[N]>,e2[M],d2[L],#c2[M],d2[K];3<c2[N],b1[N],c2[N],e2[N],g2[N],#a2[N],g2[N],e2[N],c2[N],b1[N],c2[N],e2[N],g2[N],#a2[N],g2[N],e2[N],c2[N],a1[N],#a1[N],c2[N],d2[N],e2[N],f2[N],g2[N]>,a2[M],V,V,V;3<a1[N],#g1[N],a1[N],#c2[N],e2[N],g2[N],e2[N],#c2[N],a1[N],#g1[N],a1[N],#c2[N],e2[N],g2[N],e2[N],#c2[N],a1[N],#g1[N],a1[N],b1[N],#c2[N],d2[N],e2[N],d2[N]>,f2[M],V,V,V;3<#a2[N],a2[N],g2[N],a2[N],#a2[N],a2[N],g2[N],a2[N],#a2[N],a2[N],g2[N],a2[N],#a2[N],a2[N],g2[N],#a2[N],a2[N],g2[N],f2[N],g2[N],a2[N],g2[N],f2[N],g2[N],a2[N],g2[N],f2[N],g2[N],a2[N],g2[N],f2[N],a2[N];a1[N],b1[N],#c2[N],d2[N],e2[N],f2[N],g2[N],a2[N],#a2[N],a2[N],g2[N],f2[N],e2[N],d2[N],#c2[N],e2[N]>,e2[M],d2[M],V,#c2[M],d2[K];","d[M],(f.a)[M],A-1[M],(f.d1)[M],d[M],(f.a)[M],A-1[M],(f.d1)[M],d[M],(f.a)[M],A-1[M],(f.d1)[M],d[M],(f.a)[M],A-1[M],(f.d1)[M];d[M],(f.a)[M],A-1[M],(f.d1)[M],d[M],(f.a)[M],A-1[M],(f.d1)[M],G-1[M],(d1.g1)[M],#A-1[M],(#a.g1)[M],G-1[M],(d1.g1)[M],E-1[M],(#a.g1)[M];E-1[M],(#a.g1)[M],E-1[M],(#a.g1)[M],E-1[M],(#a.g1)[M],E-1[M],(#a.g1)[M],D-1[M],(a.f1)[M],F-1[M],(a.d1)[M],D-1[M],(a.f1)[M],F-1[M],(a.d1)[M];#C-1[M],(e.a)[M],E-1[M],(a.g1)[M],#C-1[M],(e.a)[M],E-1[M],(a.g1)[M],D-1[M],(f.d1)[L],(a.d1)[M],(f.a)[K];e[M],(g.c1)[M],c[M],(#a.g1)[M],e[M],(g.c1)[M],c[M],(#a.e1)[M],f[M],(a.c1)[M],c[M],(a.f1)[M],a[M],(c1.f1)[M],f[M],(a.c1)[M];#c[M],(e.a)[M],A-1[M],(#c.e)[M],#c[M],(e.a)[M],A-1[M],(#c.e)[M],d[M],(f.a)[M],A-1[M],(f.d1)[M],d[M],(f.a)[M],A-1[M],(f.d1)[M];G-1[M],(#a.d1)[M],E-1[M],(#a.g1)[M],G-1[M],(#a.d1)[M],G-2[M],(#a.d1)[M],A-1[M],(d1.f1)[M],D-1[M],(a.f1)[M],F-1[M],(a.d1)[M],A-1[M],(d1.f1)[M];#C-1[M],(g.#c1.e1)[M],A-2[M],(g.#c1.e1)[M],E-1[M],(g.#c1.e1)[M],A-2[M],(g.#c1.e1)[M],D-1[M],(a.d1.f1)[M],A-2[M],(a.d1.f1)[M],(f.a.d1)[K],"]},{"id":4,"baseBeats":0.25,"scores":["d2[L],#A-2[L],(#d.b)[L],F-2[L],b1[L],B-3[L],(a2.b2.g2)[K],c1[M],C-2[L],5<f3[N],g3[N]>,5<f3[N],g3[N]>,5<f3[N],g3[N]>,5<f3[N],g3[N]>,5<f3[N],g3[N]>,7<f3[N],g3[N],f3[N],g3[N],f3[N],g3[N],f3[N],g3[N],f3[N],g3[N],f3[N],g3[N],f3[N],g3[N],f3[N],g3[N],f3[N],g3[N],f3[N],g3[N],f3[N],g3[N],f3[N],g3[N],f3[N],g3[N],f3[N],g3[N]>,5<(C-2.F-2.c.#d.b.c1.b1)[N],(B-3.G-2.a.a1.#d.a.#C-2.d.g1.#g.B-3~A-3)[N]>,#C-2[L],5<(C-2.F-2.c.#d.b.c1.b1)[N],(B-3.G-2.a.a1.#d.a.#C-2.d.g1.#g.B-3~A-3)[N]>,5<(C-2.F-2.c.#d.b.c1.b1)[N],(B-3.G-2.a.a1.#d.a.#C-2.d.g1.#g.B-3~A-3)[N]>,#C-2[L],5<(C-2.F-2.c.#d.b.c1.b1)[N],(B-3.G-2.a.a1.#d.a.#C-2.d.g1.#g.B-3~A-3)[N]>,5<(C-2.F-2.c.#d.b.c1.b1)[N],(B-3.G-2.a.a1.#d.a.#C-2.d.g1.#g.B-3~A-3)[N]>,5<(C-2.F-2.c.#d.b.c1.b1)[N],(B-3.G-2.a.a1.#d.a.#C-2.d.g1.#g.B-3~A-3)[N]>,#C-2[L],5<(C-2.F-2.c.#d.b.c1.b1)[N],(B-3.G-2.a.a1.#d.a.#C-2.d.g1.#g.B-3~A-3)[N]>,5<(C-2.F-2.c.#d.b.c1.b1)[N],(B-3.G-2.a.a1.#d.a.#C-2.d.g1.#g.B-3~A-3)[N]>,5<(C-2.F-2.c.#d.b.c1.b1)[N],(B-3.G-2.a.a1.#d.a.#C-2.d.g1.#g.B-3~A-3)[N]>,5<(C-2.F-2.c.#d.b.c1.b1)[N],(B-3.G-2.a.a1.#d.a.#C-2.d.g1.#g.B-3~A-3)[N]>,#C-2[L],5<(C-2.F-2.c.#d.b.c1.b1)[N],(B-3.G-2.a.a1.#d.a.#C-2.d.g1.#g.B-3~A-3)[N]>,5<(C-2.F-2.c.#d.b.c1.b1)[N],(B-3.G-2.a.a1.#d.a.#C-2.d.g1.#g.B-3~A-3)[N]>,5<(C-2.F-2.c.#d.b.c1.b1)[N],(B-3.G-2.a.a1.#d.a.#C-2.d.g1.#g.B-3~A-3)[N]>,5<(C-2.F-2.c.#d.b.c1.b1)[N],(B-3.G-2.a.a1.#d.a.#C-2.d.g1.#g.B-3~A-3)[N]>,5<(C-2.F-2.c.#d.b.c1.b1)[N],(B-3.G-2.a.a1.#d.a.#C-2.d.g1.#g.B-3~A-3)[N]>,#C-2[L],5<(C-2.F-2.c.#d.b.c1.b1)[N],(B-3.G-2.a.a1.#d.a.#C-2.d.g1.#g.B-3~A-3)[N]>,5<(C-2.F-2.c.#d.b.c1.b1)[N],(B-3.G-2.a.a1.#d.a.#C-2.d.g1.#g.B-3~A-3)[N]>,5<(C-2.F-2.c.#d.b.c1.b1)[N],(B-3.G-2.a.a1.#d.a.#C-2.d.g1.#g.B-3~A-3)[N]>,5<(C-2.F-2.c.#d.b.c1.b1)[N],(B-3.G-2.a.a1.#d.a.#C-2.d.g1.#g.B-3~A-3)[N]>,5<(C-2.F-2.c.#d.b.c1.b1)[N],(B-3.G-2.a.a1.#d.a.#C-2.d.g1.#g.B-3~A-3)[N]>,5<(C-2.F-2.c.#d.b.c1.b1)[N],(B-3.G-2.a.a1.#d.a.#C-2.d.g1.#g.B-3~A-3)[N]>,#C-2[L],5<(C-2.F-2.c.#d.b.c1.b1)[N],(B-3.G-2.a.a1.#d.a.#C-2.d.g1.#g.B-3~A-3)[N]>,5<(C-2.F-2.c.#d.b.c1.b1)[N],(B-3.G-2.a.a1.#d.a.#C-2.d.g1.#g.B-3~A-3)[N]>,5<(C-2.F-2.c.#d.b.c1.b1)[N],(B-3.G-2.a.a1.#d.a.#C-2.d.g1.#g.B-3~A-3)[N]>,5<(C-2.F-2.c.#d.b.c1.b1)[N],(B-3.G-2.a.a1.#d.a.#C-2.d.g1.#g.B-3~A-3)[N]>,5<(C-2.F-2.c.#d.b.c1.b1)[N],(B-3.G-2.a.a1.#d.a.#C-2.d.g1.#g.B-3~A-3)[N]>,5<(C-2.F-2.c.#d.b.c1.b1)[N],(B-3.G-2.a.a1.#d.a.#C-2.d.g1.#g.B-3~A-3)[N]>,5<(C-2.F-2.c.#d.b.c1.b1)[N],(B-3.G-2.a.a1.#d.a.#C-2.d.g1.#g.B-3~A-3)[N]>,#C-2[L],5<(C-2.F-2.c.#d.b.c1.b1)[N],(B-3.G-2.a.a1.#d.a.#C-2.d.g1.#g.B-3~A-3)[N]>,5<(C-2.F-2.c.#d.b.c1.b1)[N],(B-3.G-2.a.a1.#d.a.#C-2.d.g1.#g.B-3~A-3)[N]>,5<(C-2.F-2.c.#d.b.c1.b1)[N],(B-3.G-2.a.a1.#d.a.#C-2.d.g1.#g.B-3~A-3)[N]>,5<(C-2.F-2.c.#d.b.c1.b1)[N],(B-3.G-2.a.a1.#d.a.#C-2.d.g1.#g.B-3~A-3)[N]>,5<(C-2.F-2.c.#d.b.c1.b1)[N],(B-3.G-2.a.a1.#d.a.#C-2.d.g1.#g.B-3~A-3)[N]>,5<(C-2.F-2.c.#d.b.c1.b1)[N],(B-3.G-2.a.a1.#d.a.#C-2.d.g1.#g.B-3~A-3)[N]>,5<(C-2.F-2.c.#d.b.c1.b1)[N],(B-3.G-2.a.a1.#d.a.#C-2.d.g1.#g.B-3~A-3)[N]>,5<(C-2.F-2.c.#d.b.c1.b1)[N],(B-3.G-2.a.a1.#d.a.#C-2.d.g1.#g.B-3~A-3)[N]>,#C-2[L],"]},{"id":5,"baseBeats":0.25,"scores":["G-1[L],d[L],#a[L],d[L],#a[L],d[L],#a[L],d[L];G-1[L],d[L],#a[L],d[L],#a[L],d[L],#a[L],d[L];V,g2[M],g2[M],a2[M],a2[M],#a2[M],#a2[M],a2[M],a2[M],g2[M],g2[M],d2[M],d2[M],#a1[M],#a1[M],g1[M],g1[M],#a1[M],#a1[M],f2[M],f2[M],#d2[M],#d2[M],d2[M],#d2[M],f2[M],#d2[M],d2[M],c[L],g[L],#d1[L],g[L];V,#d2[M],#d2[M],f2[M],f2[M],g2[M],g2[M],a2[M],a2[M],f2[M],f2[M],c2[M],c2[M],#d2[M],#d2[M],c2[M],#d2[M],d2[M],d2[M],c2[M],d2[M],#d2[M],d2[M],c2[M];d[L],#f[L],a[L],d[L];V,g2[M],g2[M],a2[M],a2[M],#a2[M],#a2[M],a2[M],a2[M],g2[M],g2[M],d2[M],d2[M],#a1[M],#a1[M],g1[M],g1[M],#a1[M],#a1[M],f2[M],f2[M],#d2[M],#d2[M],d2[M],#d2[M],f2[M],#d2[M],d2[M],c[L],g[L],#d1[L],g[L];V,#d2[M],#d2[M],f2[M],f2[M],g2[M],g2[M],a2[M],a2[M],f2[M],f2[M],c2[M],c2[M],#d2[M],#d2[M],c2[M],#d2[M],d2[M],d2[M],c2[M],d2[M],#d2[M],d2[M],c2[M];d2[K];#d3[M],d3[M],d3[M],c3[M],d3[M],#d3[M],d3[M],c3[M],d3[KM],d2[KL];","Q;G-1[L],d[L],#a[L],d[L],#a[L],d[L],G-1[L],d[L],#a[L],d[L],c[L],g[L],#d1[L],g[L];#d2[J];F-1[L],c[L],a[L],c[L],a[L],c[L],F-1[L],c[L],#A-1[L],f[L],#a1[L],d[L];d2[J];G-1[L],d[L],#a[L],d[L],#a[L],d[L],G-1[L],d[L],#a[L],d[L],c[L],g[L],#d1[L],g[L];#d2[J];F-1[L],c[L],a[L],c[L],a[L],c[L],F-1[L],c[L],#A-1[L],f[L],#a1[L],d[L];d[L],a[L];d1[L],#f1[L],a1[L],d2[L],#f2[L],a2[LM],"]},{"id":6,"baseBeats":0.25,"scores":["(F-1.F-2)[LM],F-2[M],(f1.F-1)[M],(f1.#g1)[M],(#a1.f1.F-2)[M],(#a1.f1)[M],F-1[L],(#g1.f1.F-2)[L],F-1[K],(F-1.F-2)[LM],F-2[M],(F-1.f1)[M],(f1.#g1)[M],(f1.#a1.F-2)[M],(f1.#a1)[M],F-1[L],(f1.#g1.F-2)[L],(F-1.f1)[L],#d1[M],f1[M],(F-1.F-2)[LM],(#a1.f1.#A-1)[M],(F-1.#g1.#G-1)[M],(f1.F-1)[M],(#d1.#D-1)[M],(f1.F-1)[M],RS;"]}]}