{"baseBpm":120,"musics":[{"id":1,"baseBeats":0.5,"scores":["U,5<a3[M],c4[M]>,5<#f4[M],f4[M]>,5<e4[M],#d4[M]>,5<V,V>,5<V,V>,5<c4[M],b3[M]>,5<#a3[M],a3[M]>;5<V,V>,5<V,V>,5<#f3[M],f3[M]>,5<e3[M],#d3[M]>,5<V,V>,5<V,V>,5<c3[M],b2[M]>,5<#a2[M],a2[M]>;5<V,V>,5<V,V>,5<#f2[M],f2[M]>,5<e2[M],#d2[M]>,5<V,V>,5<V,V>,5<c2[M],b1[M]>,5<#a1[M],a1[M]>;T,T,T,#d1[K],#f1[K],a1[K];T,T,T,c1[K],#d1[K],#f1[K];T,T,T,a[K],c1[K],#d1[K];(#a.#c1)[KKK],(a.c1)[KKK];#a[JK];","(#a1.#c2.e2.g2)[K],T,#c3[M],c3[M],b2[M],#a2[M],T;g3[M],#f3[M],f3[M],e3[M],T,#c3[M],c3[M],b2[M],#a2[M],T;g2[M],#f2[M],f2[M],e2[M],T,#c2[M],c2[M],b1[M],#a1[M],T;g1[K],#f1[K],f1[K],S,T;e1[K],#d1[K],d1[K],S,T;#c1[K],c1[K],b[K],S,T;#f[KKK],#f[KKK];#f[JK],"]},{"id":2,"baseBeats":0.25,"scores":["b[L],U,(b.d1.#f1)[L],U,(b.d1.#f1)[L],U,(b.d1.#f1)[L],U,(b.d1.#f1)[L],U,(b.d1.#f1)[L],U,(b.d1.#f1)[L],U,(b.d1.#f1)[L],U;(b.d1.#f1)[L],U,(b.d1.#f1)[L],U,(b.d1.#f1)[L],U,(b.d1.#f1)[L],U,(b.d1.#f1)[L],U,(b.d1.#f1)[L],U,(b.d1.#f1)[L],U,(b.d1.#f1)[L],U;b1[K],b1[LM],b1[M],b1[M],#c2[M],d2[M],e2[M],#f2[L],b2[M],a2[M],b2[L],a2[L],b2[L],#f2[K],e2[L],#f2[L],U;b1[K],b1[LM],b1[M],b1[M],#c2[M],d2[M],e2[M],#f2[L],#f2[M],5<g2[N],a2[N]>,b2[L],d2[L],e2[L],#f2[KL],U,U;","B-1[L],B-1[L],B-1[L],A-1[L],A-1[L],A-1[L],A-1[L],A-1[L],G-1[L],G-1[L],G-1[L],#F-1[L],#F-1[L],#F-1[L],#F-1[L],#F-1[L];(B-2.B-1)[L],(B-2.B-1)[L],(B-2.B-1)[L],(A-2.A-1)[L],(A-2.A-1)[L],(A-2.A-1)[L],(A-2.A-1)[L],(A-2.A-1)[L],(G-2.G-1)[L],(G-2.G-1)[L],(G-2.G-1)[L],(#F-2.#F-1)[L],(#F-2.#F-1)[L],(#F-2.#F-1)[L],(#F-2.#F-1)[L],(#F-2.#F-1)[L];B-2[L],B-1[L],B-2[L],B-1[L],B-2[L],B-1[L],B-2[L],B-1[L],B-2[L],B-1[L],B-2[L],#F-1[L],#F-2[L],#F-1[L],A-2[L],A-1[L];B-2[L],B-1[L],B-2[L],B-1[L],B-2[L],B-1[L],B-2[L],B-1[L],B-2[L],B-1[L],B-2[L],#F-1[L],#F-2[L],#F-1[L],A-2[L],A-1[L];"]},{"id":3,"baseBeats":0.5,"scores":["#f2[L],f2[L],#f2[L],e2[L],#f2[L],#d2[L],#f2[L],U,5<#g2[M],#f2[M]>,5<f2[M],#f2[M]>,#c2[L],#c3[L];#f2[L],#c3[L],5<#a2[M],#g2[M]>,5<g2[M],#g2[M]>,#c2[L],#c3[L],#g2[L],#c3[L],#a2[L],b2[L],#c3[KL],5<c3[N],c2[N]>,5<c1[N],b[N]>,5<c[N],b[N]>,(c4.B-2)[K],(b4.c4)[K],(b3.c3)[K],(b2.c2)[K],(b1.c1)[K],(b.c)[K],(B-1.C-1)[K],(F-1.b.g4.b.c.d.c1)[HJ];","U,U,U,U,U,U,U,U,c2[L],g2[L],e2[L],(g2.e3)[L],c2[L],f2[L],U,(f2.d3)[L];c2[L],g2[L],(e2.e3)[L],(g2.c3)[L],g1[L],(b1.g2)[L],(d2.c3)[L],(g2.d3)[L];c2[L],g2[L],e2[L],(g2.e3)[L],c2[L],(d2.g2)[L],T;c2[L],g2[L],(e2.e3)[L],(d2.c3)[L],b1[L],g1[L],U,d3[L];c[L],g[L],(e1.c2)[L],g[L],e[L],c1[L],(g1.c2)[L],c1[L];f[L],c1[L],(f1.c2)[L],c1[L],e[L],c1[L],(g1.c2)[L],c1[L];d[L],a[L],(f1.a1)[L],a[L],#f[L],c1[L],(a1.c2)[L],d1[L];g[L],d1[L],(f1.b1)[K],(c.e1)[J],"]},{"id":4,"baseBeats":0.25,"scores":["(#D-1.#d)[L],(g.a.#c1)[L],U,(#D-1.#d)[L],U;(D-2.D-1)[KL],(D-1.d)[L],(#f.a.c1)[L],U,(#F-1.#f)[L],U;(G-2.G-1)[KL],(D-1.d)[L],(g.#a.d1)[L],U,(D-1.d)[L],U;(F-2.F-1)[KL],(C-1.c)[L],(c.f.a)[L],U,(C-1.c)[L],U;(#D-2.#D-1)[KL],(#A-2.#A-1)[L],(#d.g.#a)[L],U,(#A-2.#A-1)[L],U;(#A-2.#A-1)[KL],(F-1.f)[L],(f.#a.d1)[L],U,(F-1.f)[L],U;(C-1.c)[KL],(G-1.g)[L],(#d.g.c1)[L],U,(G-1.g)[L],U;(G-2.G-1)[KL],(D-1.d)[L],(#A-1.d.g)[L],U,(D-1.d)[L],U;D-1[KL],U,S;G-1[J],G-2[J];"]},{"id":5,"baseBeats":0.5,"scores":["(C-2.D-2.E-2.F-2.G-2.A-2.B-2)[JK],(C-1.D-1.E-1.F-1.G-1.A-1.B-1)[JK],(c.d.e.f.g.a.b)[JK],(c1.d1.e1.f1.g1.a1.b1)[JK],(c2.d2.e2.f2.g2.a2.b2)[JK],(c3.d3.e3.f3.g3.a3.b3)[JK],(c4.d4.e4.f4.g4.a4.b4)[JK],U,U,(c4.e4.g4)[J],U,(d4.f4.a4)[J],(e4.g4.b4)[I],U,U,g1[L],g1[L],G-1[IJ],U,8<(c.d.e.f.g.a.b~c.d.e.f.g.a.b)[L]>,U,U,8<(c.d.e.f.g.a.b~c.d.e.f.g.a.b)[L]>,U,U,(c1.c2.c3.c4)[I],"]}]}