{"baseBpm":180,"musics":[{"id":1,"baseBeats":0.5,"scores":["(a1.f2.c3)[K],(f1.a2)[L],(c2.f2)[K],(a1.f2.c3)[K],(g1.e2.#a2)[K],(e1.g2)[KL],5<(#a2.#a3)[M],(a2.a3)[M]>,5<(#a2.#a3)[M],(a2.a3)[M]>,(#a2.#a3)[K],(g1.e2.#a2)[K],(e1.g2)[L],(c2.e2)[K],(g1.e2.#a2)[K],(f1.c2.a2)[K],(a1.f2)[K],5<(f1.f2)[M],(e1.e2)[M]>,(f1.f2)[L],(g1.g2)[L],(a1.a2)[L],(c2.c3)[L],(#A-2.f.#a.d1.d2.d3)[L],5<(#A-1.d2.d3)[M],(c2.c3)[M]>,(#A-2.d2.d3)[L],(#A-1.f2.f3)[L],5<(#A-2.g.c1.e1.e2.e3)[M],(f2.f3)[M]>,5<(#A-1.g1.e2.e3)[M],(f1.f2.f3)[M]>,(#A-2.g1.e2.e3)[L],(#A-1.f1)[L],(A-2.g.c1.e1.e2.e3)[L],5<(A-1.e2.e3)[M],(d2.d3)[M]>,(A-2.e2.e3)[L],(A-1.g2.g3)[L],5<(D-1.a.d1.f1.f2.f3)[M],(g2.g3)[M]>,5<(d.a1.f2.f3)[M],(g1.g2.g3)[M]>,(D-1.a1.f2.f3)[L],(d.g1)[L],(G-1.d1.f1.d2.d3)[L],5<(g.d1.#a2.#a3)[M],(c1.a2.a3)[M]>,(G-1.d1.#a2.#a3)[L],5<(g.g1.d2.d3)[M],(f1.c2.c3)[M]>,(G-1.g1.d2.d3)[L],5<(g.#a1.g2.g3)[M],(a1.f2.f3)[M]>,(G-1.#a1.g2.g3)[L],5<(g.d1.#a1.#a2)[M],(c1.a1.a2)[M]>,(C-1.d1.#a1.#a2)[L],5<(c.#a1.g2.g3)[M],(a1.f2.f3)[M]>,(C-1.#a1.g2.g3)[L],5<(c.f1.a1.a2)[M],(d1.f1.f2)[M]>,(C-1.c1.e1.g1.g2)[L],(c.#a.e2.e3)[L],(C-1.a.c2.c3)[L],(c.g.#a1.#a2)[L],(F-1.f.a.a1.a2)[K],(f1.f2)[L],(F-1)[L],(f.e1.e2)[K],(f1.f2)[L],(c.c1.c2)[L],(E-1.g.c1)[K],(g)[L],(E-1.c1)[L],(e)[L],(c1.g1)[L],(g)[L],(E-1.c1)[L],(D-1.a.c1)[K],(f1.f2)[L],(D-1)[L],(d.e1.e2)[K],(f1.f2)[L],(D-1.c1.f1.a1.a2)[L],(C-1)[K],(c1)[L],(C-1.f1)[L],(c)[L],(f1.c2)[L],(c1)[L],(F-1.f1)[L],(#A-2.d1.f1.#a1.d2.#a2)[K],(a1.c2.a2)[L],(f)[L],(#a.g1.#a1.g2)[K],(f1.a1.f2)[L],(#A-1.#c1.f1.#a1.#c2.#a2)[L],(#A-2)[K],(a1.c2.a2)[L],(f)[L],(#a.g1.#a1.g2)[L],(#A-1)[L],(F-1.f1.#c2.f2)[L],(#A-2)[L],(C-1.#a.d1.f1.#a1.d2.f2)[KL],"]},{"id":2,"baseBeats":0.25,"scores":["c2[M],d2[M],#d2[M],g2[M],c3[M],V,V,V,c2[M],d2[M],#d2[M],g2[M],c3[M],V,V,V;f3[M],#d3[M],d3[M],#d3[M],c3[M],V,V,V,T,V,V,V,V;c2[M],d2[M],#d2[M],g2[M],c3[M],V,V,V,c2[M],d2[M],#d2[M],g2[M],c3[M],V,V,V;f3[M],#d3[M],d3[M],#d3[M],c3[M],V,V,V,T,V,V,V,V;g2[M],#a2[M],c3[M],g3[M],f3[M],V,V,g3[M],f3[M],g3[M],f3[M],#d3[M],f3[M],V,V,V;f3[M],g3[M],#a3[M],g3[M],#a2[M],V,V,g2[M],#a2[M],g2[M],#a2[M],f3[M],#d3[M],V,V,V;c2[M],d2[M],#d2[M],g2[M],c3[M],V,V,g3[M],(c3.g3)[M],f3[M],g3[M],f3[M],d3[M],V,V,V;f3[M],#d3[M],d3[M],#d3[M],c3[M],V,V,V,V,V,V,V,","T,#G-1[M],#d[M],#a[M],c1[M],#d1[K],#A-1[M],f[M],c1[M],d1[M];f1[K],c[M],g[M],#a[M],c1[M],#d1[K],c[M],g[M],#a[M],c1[M];#d1[K],#G-1[M],#d[M],#a[M],c1[M],#d1[K],#A-1[M],f[M],c1[M],d1[M];f1[K],c[M],g[M],#a[M],#d1[M],g1[K],c[M],g[M],#a[M],c1[M];#d1[K],#G-1[M],#d[M],#a[M],c1[M],#d1[K],#A-1[M],f[M],c1[M],d1[M];f1[K],G-1[M],d[M],g[M],#a[M],d1[K],c[M],g[M],#a[M],c1[M];#d1[K],#G-1[M],#d[M],#a[M],c1[M],#d1[K],#A-1[M],f[M],c1[M],d1[M];f1[K],c[M],g[M],#a[M],#d1[M],g1[M],g[M],#a[M],#d1[M];"]},{"id":3,"baseBeats":0.25,"scores":["(B-1.b)[M],b[M],b[M],b[M],d[L],b[L],b[KL],b[KL],(B-1.b)[M],b[M],b[M],b[M],d[L],b[L],b[KL],b1[KL],(B-1.b)[M],b[M],b[M],b[M],d[L],b[L],b[KL],b[KL],(B-1.b)[M],b[M],b[M],b[M],d[L],b[L],b[KL],b1[KL],(B-1.b)[M],b[M],b[M],b[M],d[L],b[L],b[KL],b[KL],(B-1.b)[M],b[M],b[M],b[M],d[L],b[L],b[KL],b1[KL],(B-1.b)[M],b[M],b[M],b[M],d[L],b[L],b[KL],b[KL],(#g.#g1)[M],#g1[M],#g1[M],#g1[M],b1[KL],#f1[M],#f1[M],#f1[M],#f1[M],#g1[KL];"]},{"id":4,"baseBeats":0.25,"scores":["(e1.g1.b1.e2.e)[K],(g1.g2.E-1)[L],E-1[L],(#f1.e1.g1.b1.e2.e.#f2)[K],(e1.e2.E-1)[L],E-1[L],(d1.e1.g1.b1.e2.e.d2)[K],(e1.E-1.e2)[L],(e1.e2.E-1)[L],(e1.g1.b1.e2.e)[K],E-1[L],E-1[L],(e1.g1.b1.e2.e)[K],(d1.E-1.d2)[M],(e1.e2)[M],(e1.E-1.e2)[M],(d1.d2)[M],(e1.e2.e)[L],(e1.e2)[M],(e1.e2)[M],(d1.d2.E-1)[M],(e1.e2)[M],(e1.E-1.e2)[M],(d1.d2)[M],(e1.e.e2)[L],(e1.e2)[M],(e1.e2)[M],(d1.d2.E-1)[M],(e1.e2)[M],(e1.e2.E-1)[M],(d1.d2)[M],(e1.e2.e)[L],(e1.e2)[M],(e1.e2)[M],(a1.E-1.a2)[L],(g1.E-1.g2)[L],(g1.e.g2)[L],(d1.d2)[M],(d1.d2)[M],(e1.e2.E-1)[M],(e1.e2)[M],E-1[M],(d1.d2)[M],(e1.e.e2)[LM],(d1.d2)[M],(e1.e2.E-1)[L],(e1.E-1.e2)[L],(e1.e.e2)[K],(d1.d2)[M],(d1.d2)[M],(d1.d2)[L],(d1.d2)[L],(a.a1)[M],(b.b1)[M],(a.a1)[M],(g.g1)[M],(g.g1)[L],(e.e1)[M],(e.e1)[M],(g.g1)[M],(b.b1)[M],(g1.g2.E-1)[L],E-1[L],(#f1.e1.g1.b1.e2.e.#f2)[K],(e1.e2.E-1)[L],E-1[L],(d1.d2.e.e2.b1.g1.e1)[K],(e1.e2.E-1)[L],(e1.e2.E-1)[L],(e1.g1.b1.e2.e)[K],E-1[L],E-1[L],(e1.g1.b1.e2.e)[K],(g1.g2.E-1)[L],E-1[L],(#f1.e1.g1.b1.e2.e.#f2)[K],(e1.e2.E-1)[L],E-1[L],(d1.e1.g1.b1.e2.e.d2)[K],(e1.E-1.e2)[L],(e1.e2.E-1)[L],(e1.g1.b1.e2.e)[K],E-1[L],E-1[L],(e1.g1.b1.e2.e)[K],(d1.E-1.d2)[M],(e1.e2)[M],(e1.E-1.e2)[M],(d1.d2)[M],(e1.e2.e)[L],(e1.e2)[M],(e1.e2)[M],(d1.d2.E-1)[M],(e1.e2)[M],(e1.E-1.e2)[M],(d1.d2)[M],(e1.e.e2)[L],(e1.e2)[M],(e1.e2)[M],(d1.d2.E-1)[M],(e1.e2)[M],(e1.e2.E-1)[M],(d1.d2)[M],(e1.e2.e)[L],(e1.e2)[M],(e1.e2)[M],(a1.E-1.a2)[L],(g1.E-1.g2)[L],(g1.e.g2)[L],(d1.d2)[M],(d1.d2)[M],(e1.e2.E-1)[M],(e1.e2)[M],E-1[M],(d1.d2)[M],(e1.e.e2)[LM],(d1.d2)[M],(e1.e2.E-1)[L],(e1.E-1.e2)[L],(e1.e.e2)[K],(d1.d2)[M],(d1.d2)[M],(d1.d2)[L],(d1.d2)[L],(a.a1)[M],(b.b1)[M],(a.a1)[M],(g.g1)[M],(g.g1)[L],(e.e1)[M],(e.e1)[M],(g.g1)[M],(b.b1)[M],(g1.g2.E-1)[L],E-1[L],(#f1.#f2.e1.g1.b1.e2.e)[K],(e1.e2.E-1)[L],E-1[L],(d1.d2.e1.g1.b1.e2.e)[K],(e1.e2.E-1)[L],(e1.e2.E-1)[L],(e1.g1.b1.e2.e)[K],E-1[L],E-1[L],(e1.g1.b1.e2.e)[K],(g1.g2.E-1)[L],E-1[L],(#f1.#f2.e1.g1.b1.e2.e)[K],(e1.e2.E-1)[L],E-1[L],(d1.d2.e1.g1.b1.e2.e)[K],(e1.e2.E-1)[L],(e1.e2.E-1)[L],(e1.g1.b1.e2.e)[K],E-1[L],E-1[L],(e1.g1.b1.e2.e)[K],(g1.E-1.g2)[L],E-1[L],(#f1.#f2.e1.g1.b1.e2.e)[K],(e1.E-1.e2)[L],E-1[L],(d1.d2.e1.g1.b1.e2.e)[K],(e1.E-1.e2)[L],(e1.e2.E-1)[L],(e1.g1.b1.e2.e)[K],E-1[L],E-1[L],(e1.g1.b1.e2.e)[K],(g1.E-1.g2)[L],E-1[L],(#f1.#f2.e1.g1.b1.e2.e)[K],(e1.E-1.e2)[L],E-1[L],(d1.d2.e1.g1.b1.e2.e)[K],(e1.d.E-1.e2)[L],(e1.e2.E-1.d)[L];"]},{"id":5,"baseBeats":0.5,"scores":["#d2[J],d2[J],c2[JK],#a1[K],#a1[JK],f1[K],#d1[K],f1[L],(f1.f2)[K],(f1.f2)[K],(f1.f2)[K],(f1.f2)[K],(f1.f2)[K],(f1.f2)[K],(f1.f2)[K],(f1.f2)[K],(g1.g2)[K],(g1.g2)[K],(g1.g2)[K],(g1.g2)[K],(g1.g2)[K],(g1.g2)[K],(g1.g2)[K],(g1.g2)[K],(d2.d3)[K],(d2.d3)[K],(d2.d3)[K],(d2.d3)[K],(d2.d3)[K],(d2.d3)[K],(d2.d3)[K],(d2.d3)[K],(f2.f3)[K],(f2.f3)[K],(f2.f3)[K],(f2.f3)[K],(f2.f3)[K],(f2.f3)[K],(f2.f3)[K],(f2.f3)[HHK];"]},{"id":6,"baseBeats":0.5,"scores":["5<f3[M],d3[M]>,f3[L],5<b2[M],d3[M]>,#g2[L],b2[L],5<g2[M],#g2[M]>,f2[L],g2[L],d2[L],5<f2[M],b1[M]>,5<d2[M],#g1[M]>,b1[L],g1[L],#g1[L],f1[L],g1[L],d1[L],5<f1[M],b[M]>;c1[L],g[L],c1[L],#d1[L],c1[L],#d1[L],g1[L],#d1[L],g1[L],c2[L],g1[L],c2[L],#d2[L],c2[L],#d2[L],c2[L],g1[L],c2[L],g1[L],#d1[L],g1[L],#d1[L],c1[L],#d1[L];c1[L],a[L],c1[L],#d1[L],c1[L],#d1[L],a1[L],#d1[L],a1[L],c2[L],a1[L],c2[L],#d2[L],c2[L],#d2[L],c2[L],a1[L],c2[L],a1[L],#f1[L],g1[L],#f1[L],#d1[L],#f1[L];c1[L],#g[L],c1[L],#d1[L],c1[L],#d1[L],#g1[L],#d1[L],#g1[L],c2[L],#g1[L],c2[L],#d2[L],c2[L],#d2[L],c2[L],#g1[L],c2[L],#g1[L],f1[L],#g1[L],f1[L],c1[L],f1[L];d1[L],b[L],d1[L],f1[L],d1[L],f1[L],b1[L],f1[L],b1[L],d2[L],b1[L],d2[L],f2[L],d2[L],f2[L],d2[L],b1[L],d2[L],b1[L],f1[L],b1[L],f1[L],d1[L],f1[L];c1[L],g[L],c1[L],#d1[L],c1[L],#d1[L],g1[L],#d1[L],g1[L],c2[L],g1[L],c2[L],#d2[L],c2[L],#d2[L],c2[L],g1[L],c2[L],g1[L],#d1[L],g1[L],#d1[L],c1[L],#d1[L];c1[L],a[L],c1[L],#d1[L],c1[L],#d1[L],a1[L],#d1[L],a1[L],c2[L],a1[L],c2[L],#d2[L],c2[L],#d2[L],c2[L],a1[L],c2[L],a1[L],#f1[L],g1[L],#f1[L],#d1[L],#f1[L];c1[L],#g[L],c1[L],#d1[L],c1[L],#d1[L],#g1[L],#d1[L],#g1[L],c2[L],#g1[L],c2[L],#d2[L],c2[L],#d2[L],c2[L],#g1[L],c2[L],#g1[L],f1[L],#g1[L],f1[L],c1[L],f1[L];d1[L],b[L],d1[L],f1[L],d1[L],f1[L],b1[L],f1[L],b1[L],d2[L],b1[L],d2[L],f2[L],d2[L],f2[L],d2[L],b1[L],d2[L],b1[L],f1[L],b1[L],f1[L],d1[L],f1[L];(g1.#d2)[IJ],(#d1.c2)[JK],(c1.g1)[JK];(c1.#f1)[JK],(#f1.c2)[HK];ST,(g1.#g1)[JK],(g1.c2)[JK],(g1.g2)[JK];(f1.#d2)[IJ],(g1.d2)[IJ];","QT;C-1[IJ],C-1[IJ];#F-1[IJ],#F-1[IJ];F-1[IJ],F-1[IJ];G-1[IJ],G-1[IJ];C-1[JK],(C-1.c)[JK],C-1[JK],C-1[JK];#F-1[JK],(#F-1.#f)[JK],#F-1[JK],#F-1[JK];F-1[JK],(F-1.f)[JK],F-1[JK],F-1[JK];G-1[JK],(G-1.g)[JK],G-1[JK],G-1[JK];(C-1.#D-1.G-1.c)[KL],C-1[KL],C-1[KL],C-1[KL],C-1[KL],C-1[KL],C-1[KL],C-1[KL];(#F-1.A-1.c.#f)[KL],#F-1[KL],#F-1[KL],#F-1[KL],#F-1[KL],#F-1[KL],#F-1[KL],#F-1[KL];(F-1.#G-1.c.f)[KL],F-1[KL],F-1[KL],F-1[KL],F-1[KL],F-1[KL],F-1[KL],F-1[KL];(G-1.B-1.d.g)[KL],G-1[KL],G-1[KL],G-1[KL],G-1[KL],G-1[KL],G-1[KL],G-1[KL];"]}]}