{"baseBpm":570,"musics":[{"bpm":570,"baseBeats":0.5,"scores":["mute[IL],mute[KL],mute[KL],mute[KL],mute[IL],mute[KL],mute[KL],mute[KL],mute[IL],mute[KL],mute[KL],mute[KL],mute[JK],mute[KL],mute[KL],mute[KL],mute[KL],mute[IL],mute[KL],mute[KL],mute[KL],mute[IL],mute[KL],mute[KL],mute[KL],mute[JK],mute[KL],mute[KL],mute[KL],mute[KL],mute[IL],mute[KL],mute[KL],mute[KL],mute[IL],mute[KL],mute[KL],mute[KL],mute[IL],mute[KL],mute[KL],mute[KL],mute[KL],mute[L],mute[L],mute[L],mute[JK],mute[KL],mute[KL],mute[KL],mute[KL],mute[JK],mute[KL],mute[KL],mute[KL],mute[KL],mute[KL],mute[KL],mute[KL],mute[KL],mute[KL],mute[KL],mute[K],mute[K],mute[K],mute[KL],mute[KL],mute[KL],mute[KL],mute[KL],mute[KL],mute[KL],mute[KL],mute[KL],mute[KL],mute[KL],mute[KL],mute[KL],mute[KL],mute[K],mute[K],mute[K],mute[K],mute[K],mute[K],mute[LM],mute[LM],mute[LM],mute[LM],mute[LM],mute[LM],mute[LM],mute[LM],mute[LM],mute[LM],mute[LM],mute[LM],mute[LM],mute[LM],mute[LM],mute[LM],mute[LM],mute[LM],mute[KL],mute[KL],mute[KL],mute[KL],mute[KL],mute[KL],mute[KL],mute[KL],mute[KL],mute[KL],mute[KL],mute[KL],mute[KL],mute[KL],mute[KL],mute[KL],mute[KL],mute[KL],mute[KL],mute[KL],mute[KL],mute[KL],mute[KL],mute[KL],mute[KL],mute[KL],mute[KL],mute[KL],mute[KL],mute[KL],mute[KL],mute[KL],mute[KL],mute[KL],mute[KL],mute[KL],mute[KL],mute[KL],mute[KL],mute[KL],mute[KL],mute[KL],mute[KL],mute[KL],mute[KL],mute[KL],mute[KL],mute[KL],mute[KL],mute[JK],mute[KL],mute[KL],mute[JK],mute[JK],mute[KL],mute[KL],mute[JK],mute[JK],mute[KL],mute[KL],mute[JK],mute[JK],mute[KL],mute[KL],mute[JK],mute[JK],mute[KL],mute[KL],mute[JK],mute[KL],mute[KL],mute[KL],mute[KL],mute[JK],mute[JK],mute[KL],mute[KL],mute[JL],5<U>,mute[JL],5<U>,mute[KL],mute[KL],mute[JK],mute[JK],mute[KL],mute[KL],mute[JK],mute[JK],mute[KL],mute[KL],mute[JK],mute[JK],mute[KL],mute[KL],mute[JK],mute[JK],mute[KL],mute[KL],mute[JK],mute[JK],mute[KL],mute[KL],mute[JK],mute[JK],mute[KL],mute[KL],mute[KL],mute[KL],mute[KL],mute[KL],mute[KL],mute[KL],mute[JK],mute[JK],mute[KL],mute[KL],mute[JK],mute[L],mute[L],mute[L],mute[L],mute[L],mute[L],mute[L],mute[L],mute[L],mute[L],mute[L],mute[L],mute[L],mute[L],mute[L],mute[L],mute[L],mute[L],mute[L],mute[L],mute[L],mute[L],mute[L],mute[L],mute[L],mute[L],mute[L],mute[L],mute[L],mute[L],mute[L],mute[L],mute[L],mute[L],mute[L],mute[L],mute[L],mute[L],mute[L],mute[L],mute[L],mute[L],mute[L],mute[L],mute[L],mute[L],mute[L],mute[L],mute[L],mute[L],mute[L],mute[L],mute[L],mute[L],mute[L],mute[L],mute[L],mute[L],mute[L],mute[L],mute[L],mute[L],mute[L],mute[L],mute[L],mute[L],mute[L],mute[L],mute[L],mute[L],mute[L],mute[L],mute[L],mute[L],mute[L],mute[L],mute[L],mute[L],mute[L],mute[L],mute[L],mute[L],mute[L],mute[L],mute[L],mute[L],mute[L],mute[L],mute[L],mute[L],mute[L],mute[L],mute[L],mute[L],mute[L],mute[L],mute[L],mute[L],mute[L],mute[L],mute[L],mute[L],mute[L],mute[L],mute[L],mute[L],mute[L],mute[L],mute[L],mute[L],mute[L],mute[L],mute[L],mute[L],mute[L],mute[L],mute[L],mute[L],mute[L],mute[L],mute[L],mute[L],mute[L],mute[L],mute[L],mute[L],mute[L],mute[L],mute[L],mute[L],mute[L],mute[L],mute[L],mute[L],mute[L],mute[L],mute[L],mute[L],mute[L],mute[L],mute[L],mute[L],mute[L],mute[L],mute[L],mute[L],mute[L],mute[L],mute[L],mute[L],mute[L],mute[L],mute[L],mute[L],mute[L],mute[L],mute[L],mute[L],mute[L],mute[L],mute[L],mute[L],mute[L],mute[L],mute[L],mute[L],mute[L],mute[L],mute[L],mute[L],mute[L],mute[L],mute[L],mute[L],mute[L],mute[L],mute[L],mute[L],mute[L],mute[L],mute[L],mute[L],mute[L],mute[L],mute[L],mute[L],mute[L],mute[L],mute[L],mute[L],mute[L],mute[L],mute[L],mute[L],mute[L],mute[L],mute[L],mute[L],mute[L],mute[L],mute[L],mute[L],mute[L],mute[L],mute[L],mute[L],mute[L],mute[L],mute[L],mute[L],mute[L],mute[L],mute[L],mute[L],mute[L],mute[L],mute[L],mute[L],mute[L],mute[L],mute[L],mute[L],mute[L],mute[L],mute[L],mute[L],mute[L],mute[L],mute[L],mute[L],mute[L],mute[L],mute[L],mute[L],mute[L],mute[L],mute[L],mute[L],mute[L],mute[L],mute[L],mute[L],mute[L],mute[L],mute[L],mute[L],mute[L],mute[L],mute[L],mute[L],mute[L],mute[L],mute[L],mute[L],mute[L],mute[L],mute[L],mute[L],mute[L],mute[L],mute[L],mute[L],mute[L],mute[L],mute[L],mute[L],mute[L],mute[L],mute[L],mute[L],mute[L],mute[L],mute[L],mute[L],mute[L],mute[L],mute[L],mute[L],mute[L],mute[L],mute[L],mute[L],mute[L],mute[L],mute[L],mute[L],mute[L],mute[L],mute[JK],mute[KL],mute[KL],mute[KL],mute[KL],mute[JK],mute[KL],mute[KL],mute[KL],mute[KL],mute[KL],mute[KL],mute[KL],mute[KL],mute[KL],mute[KL],mute[K],mute[K],mute[K],mute[KL],mute[KL],mute[KL],mute[KL],mute[KL],mute[KL],mute[KL],mute[KL],mute[KL],mute[KL],mute[KL],mute[KL],mute[KL],mute[KL],mute[K],mute[K],mute[K],mute[K],mute[K],mute[K],mute[LM],mute[LM],mute[LM],mute[LM],mute[LM],mute[LM],mute[LM],mute[LM],mute[LM],mute[LM],mute[LM],mute[LM],mute[LM],mute[LM],mute[LM],mute[LM],mute[LM],mute[LM],mute[KL],mute[L],mute[L],mute[L],mute[L],mute[L],mute[L],mute[L],mute[L],mute[L],mute[L],mute[L],mute[L],mute[L],mute[L],mute[L],mute[L],mute[L],mute[L],mute[L],mute[L],mute[L],mute[L],mute[L],mute[L],mute[L],mute[L],mute[L],mute[L],mute[L],mute[L],mute[L],mute[L],mute[L],mute[L],mute[L],mute[L],mute[L],mute[L],mute[L],mute[L],mute[L],mute[L],mute[L],mute[L],mute[L],mute[L],mute[L],mute[L],mute[L],mute[L],mute[L],mute[L],mute[L],mute[L],mute[L],mute[L],mute[L],mute[L],mute[L],mute[L],mute[L],mute[L],mute[L],mute[L],mute[L],mute[L],mute[L],mute[L],mute[L],mute[L],mute[L],mute[L],mute[L],mute[L],mute[L],mute[L],mute[L],mute[L],mute[L],mute[L],mute[L],mute[L],mute[L],mute[L],mute[L],mute[L],mute[L],mute[L],mute[L],mute[L],mute[L],mute[L],mute[L],mute[L],mute[L],mute[L],mute[L],mute[L],mute[L],mute[L],mute[L],mute[L],mute[L],mute[L],mute[L],mute[L],mute[L],mute[L],mute[L],mute[L],mute[L],mute[L],mute[L],mute[L],mute[L],mute[L],mute[L],mute[L],mute[L],mute[L],mute[L],mute[L],mute[L],mute[L],mute[L],mute[L],mute[L],mute[L],mute[L],mute[L],mute[L],mute[L],mute[L],mute[L],mute[L],mute[L],mute[L],mute[L],mute[L],mute[L],mute[L],mute[L],mute[L],mute[L],mute[KL],mute[KL],mute[KL],mute[KL],mute[KL],mute[KL],mute[KL],mute[KL],mute[KL],mute[KL],mute[KL],mute[KL],mute[KL],mute[KL],mute[KL],mute[KL],mute[KL],mute[KL],mute[KL],mute[KL],mute[KL],mute[KL],mute[KL],mute[KL],mute[KL],mute[KL],mute[KL],mute[KL],mute[KL],mute[KL],mute[KL],mute[KL],mute[KL],mute[KL],mute[KL],mute[KL],mute[KL],mute[KL],mute[KL],mute[KL],mute[KL],mute[KL],mute[KL],mute[KL],mute[KL],mute[KL],mute[KL],mute[KL],mute[KL],mute[KL],mute[KL],mute[KL],mute[KL],mute[KL],mute[KL],mute[KL],mute[KL],mute[KL],mute[KL],mute[KL],mute[KL],mute[KL],mute[KL],mute[KL],mute[KL],mute[KL],mute[KL],mute[KL],mute[KL],mute[KL],mute[KL],mute[KL],mute[KL],mute[KL],mute[KL],mute[KL],mute[KL],mute[KL],mute[KL],mute[KL],mute[KL],mute[KL],mute[KL],mute[KL],mute[KL],mute[KL],mute[KL],mute[KL],mute[KL],mute[KL],mute[KL],mute[KL],mute[KL],mute[KL],mute[KL],mute[KL],mute[KL],mute[KL],mute[KL],mute[KL],mute[KL],mute[KL],mute[KL],mute[KL],mute[KL],mute[KL],mute[KL],mute[KL],mute[KL],mute[KL],mute[KL],mute[KL],mute[KL],mute[KL],mute[KL],mute[KL],mute[KL],mute[KL],mute[KL],mute[KL],mute[KL],mute[KL],mute[KL],mute[KL],mute[KL],mute[KL],mute[KL],mute[KL];","(#A-3.#a2)[IL],f2[KL],#a2[KL],f2[KL],e2[IL],b1[KL],(#C-1.#a1)[KL],#g2[KL],#c2[IL],b1[KL],#f2[KL],f2[KL],#a1[JK],#F-2[KL],f2[KL],e2[KL],b1[KL],#f1[IL],#c2[KL],#g1[KL],f1[KL],(#A-2.#A-3.#a1)[IL],f1[KL],#a1[KL],f1[KL],e1[JK],(D-2.D-1)[KL],b[KL],#a[KL],#g1[KL],#c1[IL],b[KL],(#F-2.#F-1.#f1)[KL],f1[KL],#a[IL],f1[KL],e1[KL],b[KL],(#D-2.#D-1.#f)[IL],#c1[KL],#g[KL],f[KL],b[KL],#c1[MN],#f2[MN],b2[MN],#c3[MN],(B-2.B-3.#f3)[JK],#f3[KL],f3[KL],#d3[KL],f3[KL],#c3[JK],(B-3.b2)[KL],#a2[KL],(B-3.#c3)[KL],#f2[KL],(B-3.B-2.#d1)[KL],#f1[KL],(B-3.#c2)[KL],#d2[KL],(B-3.b1)[KL],#d1[KL],(B-2.B-3.#d2)[K],#f2[K],f2[K],(B-3.b2)[KL],#f2[KL],(B-3.#c2)[KL],#g1[KL],(#D-2.#D-1.#a1)[KL],#f1[KL],(#D-2.f1)[KL],#a[KL],(#D-2.#d)[KL],#a[KL],(#D-2.#D-1.f1)[KL],#f1[KL],(#D-2.f1)[KL],#a[KL],(#D-2.#d)[K],#a[K],f1[K],(#D-2.#D-1.#f1)[K],#c2[K],#d2[K],(#D-2.f2)[LM],#f2[LM],f2[LM],#c2[LM],(#D-2.#a1)[LM],#f1[LM],f1[LM],#d1[LM],(#D-2.#D-1.#a)[LM],#f1[LM],f1[LM],#d1[LM],(#D-2.#a)[LM],#f[LM],#a[LM],#d1[LM],(#D-2.f1)[LM],#f1[LM],(#g2.#g1)[KL],(#A-1.#a.#a3.#a2)[KL],f[KL],#c[KL],(#A-2.#A-1.f3.f2)[KL],(F-1.#a2.#a3)[KL],(#A-1.f3.f2)[KL],(#A-1.#a.e2.e3)[KL],f[KL],#c[KL],(#A-2.#A-1.c2.c3)[KL],(F-1.b2.b1)[KL],(#A-1.#g3.#g2)[KL],(#A-1.#a.#a2.#a1)[KL],f[KL],#c[KL],(#A-2.#A-1.f2.f1)[KL],(F-1.#a1.#a2)[KL],(#A-1.f2.f1)[KL],(#A-1.#a.e2.e1)[KL],f[KL],#c[KL],(#A-2.#A-1.c2.c1)[KL],(F-1.b.b1)[KL],(#A-1.#g2.#g1)[KL],(#A-2.#A-1.#a2.#a1)[KL],F-1[KL],#C-1[KL],(#A-3.#A-2.f2.f1)[KL],(F-2.#a2.#a1)[KL],(#A-2.f2.f1)[KL],(#A-2.#A-1.e2.e1)[KL],F-1[KL],#C-1[KL],(#A-3.#A-2.b1.b)[KL],(F-2.#a1.#a)[KL],(#A-2.#g2.#g1)[KL],(#A-2.#A-1.#c2.#c1)[KL],F-1[KL],#C-1[KL],(#A-3.#A-2.b1.b)[KL],(F-2.#f2.#f1)[KL],(#A-2.f2.f1)[KL],(#A-2.#A-1.b1.b)[KL],F-1[KL],#C-1[KL],(#A-3.#A-2.#c2.#c1)[KL],(F-2.#g1.#g)[KL],(#A-2.f1.f)[KL],(#A-2.f)[JK],(F-1.#A-1.#a)[KL],#C-1[KL],(F-1.#A-1.c1)[JK],(#A-2.#c1)[JK],(F-1.#A-1)[KL],#C-1[KL],(F-1.#A-1.#a)[JK],(#A-2.f1)[JK],(F-1.#A-1)[KL],#C-1[KL],(F-1.#A-1)[JK],(#A-2.#a)[JK],(F-1.#A-1.#d1)[KL],#C-1[KL],(F-1.#A-1.f1)[JK],(#G-2.#d1)[JK],(#D-1.#G-1)[KL],C-1[KL],(#D-1.#G-1)[JK],(#G-2.#g1)[KL],#a1[KL],(#D-1.#G-1.c2)[KL],C-1[KL],(#D-1.#G-1.#g1)[JK],(#G-2.#d1)[JK],(#D-1.#G-1)[KL],C-1[KL],(#D-1.#G-1)[JLMO],c2[NO],(#G-2.c3)[JLMO],#c2[NO],(#D-1.#G-1.#c3)[KL],C-1[KMO],c2[NO],(#D-1.#G-1.c3)[JK],(#F-2.#a)[JK],(#C-1.#F-1.#f)[KL],#A-2[KL],(#C-1.#F-1.#g)[JK],(#F-2.#c1)[JK],(#C-1.#F-1.#a)[KL],#A-2[KL],(#C-1.#F-1.#f1)[JK],(#G-2.#d1)[JK],(#D-1.#G-1.#g1)[KL],C-1[KL],(#D-1.#G-1)[JK],#G-2[JK],(#D-1.#G-1.#d1)[KL],(C-1.#g1)[KL],(#D-1.#G-1.#c2)[JK],(#A-2.c2)[JK],(F-1.#A-1.#a1)[KL],#C-1[KL],(F-1.#A-1.f1)[JK],#A-2[JK],(F-1.#A-1)[KL],#C-1[KL],(F-1.#A-1.c1)[KL],f1[KL],(#A-2.#c1)[KL],#a[KL],(F-1.#A-1.f)[KL],#C-1[KL],(F-1.#A-1)[JK],#A-2[JK],(F-1.#A-1)[KL],#C-1[KL],(F-1.#A-1)[JK],(#c.#C-2.#f2.#f1)[L],#C-1[L],#C-2[L],(#C-1.#A-1)[L],#C-2[L],#C-1[L],(#C-2.#F-1)[L],#C-1[L],#C-2[L],(#C-1.#A-1.#c1.#c2)[L],#C-2[L],#C-1[L],(#F-1.#C-2.#f1.#f2)[L],#C-1[L],#C-2[L],(#C-1.#A-1.#c2.#c1)[L],#C-2[L],#C-1[L],(#c.#C-1.#C-2.c2.c1)[L],#C-1[L],#C-2[L],(#C-1.#A-1)[L],#C-2[L],#C-1[L],(#F-1.#C-2)[L],#C-1[L],#C-2[L],(#C-1.#A-1.#g.#g1)[L],#C-2[L],#C-1[L],(#C-2.#F-1.#f1.#f)[L],#C-1[L],#C-2[L],(#C-1.#A-1.f1.f2)[L],#C-2[L],#C-1[L],(#C-2.#c.#C-1.#f2.#f1)[L],#C-1[L],#C-2[L],(#A-1.#C-1)[L],#C-2[L],#C-1[L],(#C-2.#F-1)[L],#C-1[L],#C-2[L],(#C-1.#A-1.#c1.#c2)[L],#C-2[L],#C-1[L],(#F-1.#C-2.#f2.#f1)[L],#C-1[L],#C-2[L],(#C-1.#A-1.#c1.#c2)[L],#C-2[L],#C-1[L],(#D-1.#d.#C-2.c1.c2)[L],#C-1[L],#C-2[L],(#C-1.c)[L],#C-2[L],#C-1[L],(#G-1.#C-2)[L],#C-1[L],#C-2[L],(#C-1.#D-1.c.#g.#g1)[L],#C-2[L],#C-1[L],(#C-2.#G-1.#f1.#f)[L],#C-1[L],#C-2[L],(c.#C-1.#f1.#f2)[L],#C-2[L],#C-1[L],(F-2.f.#a1.#a2)[L],F-1[L],F-2[L],(F-1.#c)[L],F-2[L],F-1[L],(#A-1.F-2)[L],F-1[L],F-2[L],(F-1.#c.f2.f1)[L],F-2[L],F-1[L],(#A-1.F-2.#a1.#a2)[L],F-1[L],F-2[L],(F-1.#c.f1.f2)[L],F-2[L],F-1[L],(f.F-2.e1.e2)[L],F-1[L],F-2[L],(F-1.#c)[L],F-2[L],F-1[L],(#A-1.F-2)[L],F-1[L],F-2[L],(#c.F-1.b.b1)[L],F-2[L],F-1[L],(F-2.#A-1.#a1.#a)[L],F-1[L],F-2[L],(#c.F-1.#g2.#g1)[L],F-2[L],F-1[L],(F-2.f.#a2.#a1)[L],F-1[L],F-2[L],(F-1.#c)[L],F-2[L],F-1[L],(F-2.#A-1)[L],F-1[L],F-2[L],(#c.F-1.f2.f1)[L],F-2[L],F-1[L],(#A-1.F-2.#a1.#a2)[L],F-1[L],F-2[L],(#c.F-1.f1.f2)[L],F-2[L],F-1[L],(f.F-2.e1.e2)[L],F-1[L],F-2[L],(#c.F-1)[L],F-2[L],F-1[L],(F-2.#A-1)[L],F-1[L],F-2[L],(F-1.#c.b1.b)[L],F-2[L],F-1[L],(F-2.#A-1.#a.#a1)[L],F-1[L],F-2[L],(F-1.#c.g1.g2)[L],F-2[L],F-1[L],(#C-1.#c.#C-2.#f1.#f2)[L],#C-1[L],#C-2[L],(#A-1.#C-1)[L],#C-2[L],#C-1[L],(#F-1.#C-2)[L],#C-1[L],#C-2[L],(#A-1.#C-1.#c2.#c1)[L],#C-2[L],#C-1[L],(#F-1.#C-2.#f1.#f2)[L],#C-1[L],#C-2[L],(#A-1.#C-1.#c2.#c1)[L],#C-2[L],#C-1[L],(#C-1.#c.#C-2.c1.c2)[L],#C-1[L],#C-2[L],(#A-1.#C-1)[L],#C-2[L],#C-1[L],(#F-1.#C-2)[L],#C-1[L],#C-2[L],(#A-1.#C-1.#g1.#g)[L],#C-2[L],#C-1[L],(#F-1.#C-2.#f1.#f)[L],#C-1[L],#C-2[L],(#A-1.#C-1.f2.f1)[L],#C-2[L],#C-1[L],(#c.#C-1.#C-2.#f2.#f1)[L],#C-1[L],#C-2[L],(#A-1.#C-1)[L],#C-2[L],#C-1[L],(#F-1.#C-2)[L],#C-1[L],#C-2[L],(#A-1.#C-1.#c2.#c1)[L],#C-2[L],#C-1[L],(#F-1.#C-2.#f1.#f2)[L],#C-1[L],#C-2[L],(#A-1.#C-1.#c1.#c2)[L],#C-2[L],#C-1[L],(#D-1.#d.#C-2.c1.c2)[L],#C-1[L],#C-2[L],(c.#C-1)[L],#C-2[L],#C-1[L],(#G-1.#C-2)[L],#C-1[L],#C-2[L],(#D-1.c.#C-1.#g.#g1)[L],#C-2[L],#C-1[L],(#G-1.#C-2.#f.#f1)[L],#C-1[L],#C-2[L],(c.#C-1.#f2.#f1)[L],#C-2[L],#C-1[L],(F-2.f.F-1.#a2.#a1)[L],F-1[L],F-2[L],(F-1.#c)[L],F-2[L],F-1[L],(F-2.#A-1)[L],F-1[L],F-2[L],(F-1.#c.f1.f2)[L],F-2[L],F-1[L],(F-2.#A-1.#a1.#a2)[L],F-1[L],F-2[L],(F-1.#c.f1.f2)[L],F-2[L],F-1[L],(F-2.F-1.f.e1.e2)[L],F-1[L],F-2[L],(F-1.#c)[L],F-2[L],F-1[L],(F-2.#A-1)[L],F-1[L],F-2[L],(F-1.#c.b.b1)[L],F-2[L],F-1[L],(F-2.#A-1.#a.#a1)[L],F-1[L],F-2[L],(F-1.#c.#g1.#g2)[L],F-2[L],F-1[L],(F-2.F-1.f.#c1.#c2)[L],F-1[L],F-2[L],(F-1.#c)[L],F-2[L],F-1[L],(F-2.#A-1)[L],F-1[L],F-2[L],(F-1.#c.b.b1)[L],F-2[L],F-1[L],(F-2.#A-1.#f1.#f2)[L],F-1[L],F-2[L],(F-1.#c.f1.f2)[L],F-2[L],F-1[L],(F-2.F-1.f.b.b1)[L],F-1[L],F-2[L],(F-1.#c)[L],F-2[L],F-1[L],(F-2.#A-1)[L],F-1[L],F-2[L],(F-1.#c.#c1.#c2)[L],F-2[L],F-1[L],(F-2.#A-1.#g.#g1)[L],F-1[L],F-2[L],(F-1.#c.f.f1)[L],F-2[L],F-1[L],(B-2.B-3)[JK],(B-3.#f3)[KL],(B-3.f3)[KL],(B-3.#d3)[KL],f3[KL],(B-2.B-3.#c3)[JK],(B-3.b2)[KL],(B-3.#a2)[KL],(B-3.#c3)[KL],#f2[KL],(B-2.B-3.#d1)[KL],#f1[KL],(B-3.#c2)[KL],(B-3.#d2)[KL],(B-3.b1)[KL],#d1[KL],(#C-1.#C-2.#d2)[K],#f2[K],f2[K],(#C-2.b2)[KL],(#C-2.#f2)[KL],(#C-2.#c2)[KL],#g1[KL],(#D-2.#D-1.#a1)[KL],#f1[KL],(#D-2.f1)[KL],(#D-2.#a)[KL],(#D-2.#d)[KL],#a[KL],(#D-2.#D-1.f1)[KL],#f1[KL],(#D-2.f1)[KL],(#D-2.#a)[KL],(#D-2.#d)[K],#a[K],f1[K],(#D-1.#D-2.#f1)[K],#c2[K],#d2[K],(#D-2.f2)[LM],#f2[LM],(#D-2.f2)[LM],#c2[LM],(#D-2.#a1)[LM],#f1[LM],f1[LM],#d1[LM],(#D-2.#D-1.#a)[LM],#f1[LM],(#D-2.f1)[LM],#d1[LM],(#D-1.#D-2.#a)[LM],#f[LM],(#D-2.#a)[LM],#d1[LM],(#D-2.#D-1.f1)[LM],#f1[LM],(#D-2.#g2.#g1)[KL],(f.#a.#A-1.#A-3.#a3.#a2)[L],#A-2[L],#A-3[L],(F-1.#A-2)[L],#A-3[L],#A-2[L],(#A-2.#A-3)[L],#A-2[L],#A-3[L],(F-1.#A-2.f2.f3)[L],#A-3[L],#A-2[L],(#A-2.#A-3.#a3.#a2)[L],#A-2[L],#A-3[L],(F-1.#A-2.f3.f2)[L],#A-3[L],#A-2[L],(f.#a.#A-1.#A-3.e2.e3)[L],#A-2[L],#A-3[L],(F-1.#A-2)[L],#A-3[L],#A-2[L],(#A-2.#A-3)[L],#A-2[L],#A-3[L],(F-1.#A-2.c3.c2)[L],#A-3[L],#A-2[L],(#A-2.#A-3.b2.b1)[L],#A-2[L],#A-3[L],(F-1.#A-2.#g2.#g3)[L],#A-3[L],#A-2[L],(#A-1.#a.f.#A-3.#a1.#a2)[L],#A-2[L],#A-3[L],(F-1.#A-2)[L],#A-3[L],#A-2[L],(#A-2.#A-3)[L],#A-2[L],#A-3[L],(F-1.#A-2.f1.f2)[L],#A-3[L],#A-2[L],(#A-2.#A-3.#a2.#a1)[L],#A-2[L],#A-3[L],(F-1.#A-2.f2.f1)[L],#A-3[L],#A-2[L],(f.#a.#A-1.#A-3.e2.e1)[L],#A-2[L],#A-3[L],(F-1.#A-2)[L],#A-3[L],#A-2[L],(#A-2.#A-3)[L],#A-2[L],#A-3[L],(F-1.#A-2.c2.c1)[L],#A-3[L],#A-2[L],(#A-2.#A-3.b.b1)[L],#A-2[L],#A-3[L],(F-1.#A-2.#g2.#g1)[L],#A-3[L],#A-2[L],(f.#a.#A-1.#A-3.#a2.#a1)[L],#A-2[L],#A-3[L],(F-1.#A-2)[L],#A-3[L],#A-2[L],(#A-2.#A-3)[L],#A-2[L],#A-3[L],(F-1.#A-2.f1.f2)[L],#A-3[L],#A-2[L],(#A-2.#A-3.#a1.#a2)[L],#A-2[L],#A-3[L],(F-1.#A-2.f1.f2)[L],#A-3[L],#A-2[L],(#A-1.#a.f.#A-3.e1.e2)[L],#A-2[L],#A-3[L],(F-1.#A-2)[L],#A-3[L],#A-2[L],(#A-2.#A-3)[L],#A-2[L],#A-3[L],(F-1.#A-2.b1.b)[L],#A-3[L],#A-2[L],(#A-2.#A-3.#a1.#a)[L],#A-2[L],#A-3[L],(F-1.#A-2.#g2.#g1)[L],#A-3[L],#A-2[L],(f.#a.#A-1.#A-3.#c2.#c1)[L],#A-2[L],#A-3[L],(F-1.#A-2)[L],#A-3[L],#A-2[L],(#A-2.#A-3)[L],#A-2[L],#A-3[L],(F-1.#A-2.b1.b)[L],#A-3[L],#A-2[L],(#A-2.#A-3.#f2.#f1)[L],#A-2[L],#A-3[L],(F-1.#A-2.f2.f1)[L],#A-3[L],#A-2[L],(f.#a.#A-1.#A-3.b1.b)[L],#A-2[L],#A-3[L],(F-1.#A-2)[L],#A-3[L],#A-2[L],(#A-2.#A-3)[L],#A-2[L],#A-3[L],(F-1.#A-2.#c2.#c1)[L],#A-3[L],#A-2[L],(#A-2.#A-3.#g1.#g)[L],#A-2[L],#A-3[L],(F-1.#A-2.f1.f)[L],#A-3[L],#A-2[L],(#A-1.#a1.#a2)[KL],#A-2[KL],#A-1[KL],#A-2[KL],#A-1[KL],(#A-2.f2.f1)[KL],(F-1.#a1.#a2)[KL],(#A-2.f1.f2)[KL],(#A-1.e1.e2)[KL],#A-2[KL],#A-1[KL],#A-2[KL],#A-1[KL],#A-2[KL],(F-1.f2.f1)[KL],#A-2[KL],(#A-1.#a2.#a1)[KL],#A-2[KL],#A-1[KL],#A-2[KL],#A-1[KL],(#A-2.f1.f2)[KL],(F-1.#a1.#a2)[KL],(#A-2.f2.f1)[KL],(#A-1.e1.e2)[KL],#A-2[KL],#A-1[KL],#A-2[KL],#A-1[KL],#A-2[KL],(F-1.f1.f2)[KL],#A-2[KL],(#f.#f2.#f1)[KL],#F-1[KL],#f[KL],#F-1[KL],#f[KL],(#F-1.#c2.#c1)[KL],(#c.#f1.#f2)[KL],(#F-1.#c1.#c2)[KL],(#f.c1.c2)[KL],#F-1[KL],#f[KL],#F-1[KL],#f[KL],#F-1[KL],(#c.#c2.#c1)[KL],#F-1[KL],(#f.#f2.#f1)[KL],#F-1[KL],#f[KL],#F-1[KL],#f[KL],(#F-1.#c1.#c2)[KL],(#c.#f1.#f2)[KL],(#F-1.#c2.#c1)[KL],(#f.c2.c1)[KL],#F-1[KL],#f[KL],#F-1[KL],#f[KL],#F-1[KL],(#c.#c1.#c2)[KL],#F-1[KL],(D-1.d2.d1)[KL],D-2[KL],D-1[KL],D-2[KL],D-1[KL],(D-2.a1.a)[KL],(A-2.d1.d2)[KL],(D-2.a.a1)[KL],(D-1.#g.#g1)[KL],D-2[KL],D-1[KL],D-2[KL],D-1[KL],D-2[KL],(A-2.a1.a)[KL],D-2[KL],(D-1.d2.d1)[KL],D-2[KL],D-1[KL],D-2[KL],D-1[KL],(D-2.a.a1)[KL],(A-2.d1.d2)[KL],(D-2.a1.a)[KL],(D-1.#g1.#g)[KL],D-2[KL],D-1[KL],D-2[KL],D-1[KL],D-2[KL],(A-2.a.a1)[KL],D-2[KL],(#A-1.#a1.#a)[KL],#A-2[KL],#A-1[KL],#A-2[KL],#A-1[KL],(#A-2.f1.f)[KL],(F-1.#a.#a1)[KL],(#A-2.f.f1)[KL],(#A-1.e.e1)[KL],#A-2[KL],#A-1[KL],#A-2[KL],#A-1[KL],#A-2[KL],(F-1.f2.f1)[KL],#A-2[KL],(#A-1.#a2.#a1)[KL],#A-2[KL],#A-1[KL],#A-2[KL],#A-1[KL],(#A-2.f1.f2)[KL],(F-1.#a1.#a2)[KL],(#A-2.f2.f1)[KL],(#A-1.e2.e1)[KL],#A-2[KL],#A-1[KL],#A-2[KL],#A-1[KL],#A-2[KL],(F-1.f.f1)[KL],#A-2[KL];"],"id":1,"instruments":["piano","piano"],"alternatives":["",""]},{"bpm":570,"baseBeats":0.5,"scores":["mute[K],mute[K],mute[K],mute[K],mute[K],mute[K],mute[K],mute[K],mute[K],mute[K],mute[K],mute[K],mute[K],mute[K],mute[K],mute[K],mute[K],mute[K],mute[K],mute[K],mute[K],mute[K],mute[K],mute[K],mute[K],mute[K],mute[K],mute[K],mute[K],mute[K],mute[K],mute[K],mute[K],mute[K],mute[K],mute[K],mute[K],mute[K],mute[K],mute[K],mute[K],mute[K],mute[K],mute[K],mute[K],mute[K],mute[K],mute[K],mute[K],mute[K],mute[K],mute[K],mute[K],mute[K],mute[K],mute[K],mute[K],mute[K],mute[K],mute[K],mute[K],mute[K],mute[K],mute[K],mute[K],mute[K],mute[K],mute[K],mute[K],mute[K],mute[K],mute[K],mute[K],mute[K],mute[K],mute[K],mute[K],mute[K],mute[K],mute[K],mute[K],mute[K],mute[K],mute[K],mute[K],mute[K],mute[K],mute[K],mute[K],mute[K],mute[K],mute[K],mute[K],mute[K],mute[K],mute[K],mute[K],mute[K],mute[K],mute[K],mute[K],mute[K],mute[K],mute[K],mute[K],mute[K],mute[K],mute[K],mute[K],mute[K],mute[K],mute[K],mute[K],mute[K],mute[K],mute[K],mute[K],mute[K],mute[K],mute[K],mute[K],mute[K],mute[K],mute[K],mute[K],mute[K],mute[K],mute[K],mute[K],mute[K],mute[K],mute[K],mute[K],mute[K],mute[K],mute[K],mute[K],mute[K],mute[K],mute[K],mute[K],mute[K],mute[K],mute[K],mute[K],mute[K],mute[K],mute[K],mute[K],mute[K],mute[K],mute[K],mute[K],mute[K],mute[K],mute[K],mute[K],mute[K],mute[K],mute[K],mute[K],mute[K],mute[K],mute[K],mute[K],mute[K],mute[K],mute[K],mute[K],mute[K],mute[K],mute[K],mute[K],mute[K],mute[K],mute[K],mute[K],mute[K],mute[K],mute[K],mute[K],mute[K],mute[K],mute[K],mute[K],mute[K],mute[K],mute[K],mute[K],mute[K],mute[K],mute[K],5<U>,5<U>,5<U>,5<U>,5<U>,5<U>,5<U>,5<U>,5<U>,5<U>,5<U>,5<U>,5<U>,5<U>,5<U>,5<U>,5<U>,5<U>,5<U>,5<U>,5<U>,5<U>,5<U>,5<U>,5<U>,5<U>,5<U>,5<U>,5<U>,5<U>,5<U>,5<U>,5<U>,5<U>,5<U>,5<U>,5<U>,5<U>,5<U>,5<U>,5<U>,5<U>,5<U>,5<U>,5<U>,5<U>,5<U>,5<U>,5<U>,5<U>,5<U>,5<U>,5<U>,5<U>,5<U>,5<U>,5<U>,5<U>,5<U>,5<U>,5<U>,5<U>,5<U>,5<U>,5<U>,5<U>,5<U>,5<U>,5<U>,5<U>,5<U>,5<U>,5<U>,5<U>,5<U>,5<U>,5<U>,5<U>,5<U>,5<U>,5<U>,5<U>,5<U>,5<U>,5<U>,5<U>,5<U>,5<U>,5<U>,5<U>,5<U>,5<U>,5<U>,5<U>,5<U>,5<U>,mute[K],mute[K],mute[K],mute[K],mute[K],mute[K],mute[K],mute[K],mute[K],mute[K],mute[K],mute[K],mute[K],mute[K],mute[K],mute[K],mute[K],mute[K],mute[K],mute[K],mute[K],mute[K],mute[K],mute[K],mute[K],mute[K],mute[K],mute[K],mute[K],mute[K],mute[K],mute[K],mute[K],mute[K],mute[K],mute[K],mute[K],mute[K],mute[K],mute[K],mute[K],mute[K],mute[K],mute[K],mute[K],mute[K],mute[K],mute[K],5<U>,5<U>,5<U>,5<U>,5<U>,5<U>,5<U>,5<U>,5<U>,5<U>,5<U>,5<U>,5<U>,5<U>,5<U>,5<U>,5<U>,5<U>,5<U>,5<U>,5<U>,5<U>,5<U>,5<U>,5<U>,5<U>,5<U>,5<U>,5<U>,5<U>,5<U>,5<U>,5<U>,5<U>,5<U>,5<U>,5<U>,5<U>,5<U>,5<U>,5<U>,5<U>,5<U>,5<U>,5<U>,5<U>,5<U>,5<U>,5<U>,5<U>,5<U>,5<U>,5<U>,5<U>,5<U>,5<U>,5<U>,5<U>,5<U>,5<U>,5<U>,5<U>,5<U>,5<U>,5<U>,5<U>,5<U>,5<U>,5<U>,5<U>,5<U>,5<U>,5<U>,5<U>,5<U>,5<U>,5<U>,5<U>,5<U>,5<U>,5<U>,5<U>,5<U>,5<U>,5<U>,5<U>,5<U>,5<U>,5<U>,5<U>,5<U>,5<U>,5<U>,5<U>,5<U>,5<U>,mute[K],mute[K],mute[K],mute[K],mute[K],mute[K],mute[K],mute[K],mute[K],mute[K],mute[K],mute[K],mute[K],mute[K],mute[K],mute[K],mute[K],mute[K],mute[K],mute[K],mute[K],mute[K],mute[K],mute[K],mute[K],mute[K],mute[K],mute[K],mute[K],mute[K],mute[K],mute[K],mute[K],mute[K],mute[K],mute[K],mute[K],mute[K],mute[K],mute[K],mute[K],mute[K],mute[K],mute[K],mute[K],mute[K],mute[K],mute[K],mute[JK],mute[JL],5<U>,mute[JK],mute[JK],mute[IJ],mute[K],mute[K],mute[K],mute[K],mute[K],mute[K],mute[JK],mute[JK],mute[JK],mute[JK],mute[IJ],mute[JK],mute[JK],mute[JK],mute[JK],mute[J],mute[K],mute[K],mute[J],mute[J],mute[J],mute[J],mute[K],mute[K],mute[LMNOP],mute[K],mute[K],mute[K],mute[K],mute[K],mute[K],mute[K],mute[K],mute[K],mute[K],mute[K],mute[K],mute[K],mute[K],mute[K],mute[LM],mute[LM],mute[LM],mute[LM],mute[K],mute[K],mute[K],mute[KL],mute[KL],mute[JK],mute[JK],mute[JK],mute[KL],mute[KL],mute[KL],mute[KL],mute[KL],mute[KL],mute[KL],mute[KL],mute[KL],mute[KL],mute[KL],mute[KL],mute[JK],mute[JKMN],mute[KLN],mute[K],mute[K],mute[J],mute[JK],mute[JK],mute[KL],mute[KL],mute[KL],mute[KL],mute[KLP],mute[KLP],mute[KLO],mute[KLO],mute[KLO],mute[KLO],mute[KLO],mute[KLOP],mute[JKNO],mute[JKNO],mute[KLOP],mute[KLN],mute[KLN],mute[KLN],mute[JKMP],mute[JKMOP],mute[JKMNO],mute[JKL],mute[JKLO],mute[KLMOP],mute[KLMN],mute[KLMN],mute[KLMNO],mute[JNO],mute[JLMNP],mute[L],mute[L],mute[L],mute[KL],mute[KL],mute[KL],mute[KL],mute[KL],mute[JK],mute[KL],mute[KL],mute[KL],mute[KL],mute[KL],mute[KL],mute[KL],mute[KL],mute[KL],mute[KL],mute[K],mute[K],mute[K],mute[KL],mute[KL],mute[KL],mute[KL],mute[KL],mute[KL],mute[KL],mute[KL],mute[KL],mute[KL],mute[KL],mute[KL],mute[KL],mute[KL],mute[K],mute[K],mute[K],mute[K],mute[K],mute[K],mute[LM],mute[LM],mute[LM],mute[LM],mute[LM],mute[LM],mute[LM],mute[LM],mute[LM],mute[LM],mute[LM],mute[LM],mute[LM],mute[LM],mute[LM],mute[LM],mute[LM],mute[LM],mute[KL],mute[L],mute[L],mute[L],mute[L],mute[L],mute[L],mute[L],mute[L],mute[L],mute[L],mute[L],mute[L],mute[L],mute[L],mute[L],mute[L],mute[L],mute[L],mute[L],mute[L],mute[L],mute[L],mute[L],mute[L],mute[L],mute[L],mute[L],mute[L],mute[L],mute[L],mute[L],mute[L],mute[L],mute[L],mute[L],mute[L],mute[L],mute[L],mute[L],mute[L],mute[L],mute[L],mute[L],mute[L],mute[L],mute[L],mute[L],mute[L],mute[L],mute[L],mute[L],mute[L],mute[L],mute[L],mute[L],mute[L],mute[L],mute[L],mute[L],mute[L],mute[L],mute[L],mute[L],mute[L],mute[L],mute[L],mute[L],mute[L],mute[L],mute[L],mute[L],mute[L],mute[L],mute[L],mute[L],mute[L],mute[L],mute[L],mute[L],mute[L],mute[L],mute[L],mute[L],mute[L],mute[L],mute[L],mute[L],mute[L],mute[L],mute[L],mute[L],mute[L],mute[L],mute[L],mute[L],mute[L],mute[L],mute[L],mute[L],mute[L],mute[L],mute[L],mute[L],mute[L],mute[L],mute[L],mute[L],mute[L],mute[L],mute[L],mute[L],mute[L],mute[L],mute[L],mute[L],mute[L],mute[L],mute[L],mute[L],mute[L],mute[L],mute[L],mute[L],mute[L],mute[L],mute[L],mute[L],mute[L],mute[L],mute[L],mute[L],mute[L],mute[L],mute[L],mute[L],mute[L],mute[L],mute[L],mute[L],mute[L],mute[L],mute[L],mute[L],mute[L],mute[L],mute[L],mute[L],mute[L],mute[L],mute[L],mute[L],mute[L],mute[L],mute[L],mute[L],mute[L],mute[L],mute[L],mute[L],mute[L],mute[L],mute[L],mute[L],mute[L],mute[L],mute[L],mute[L],mute[L],mute[L],mute[L],mute[L],mute[L],mute[L],mute[L],mute[L],mute[L],mute[L],mute[L],mute[L],mute[L],mute[L],mute[L],mute[L],mute[L],mute[L],mute[L],mute[L],mute[L],mute[L],mute[L],mute[L],mute[L],mute[L],mute[L],mute[L],mute[L],mute[L],mute[L],mute[L],mute[L],mute[L],mute[L],mute[L],mute[L],mute[L],mute[L],mute[L],mute[L],mute[L],mute[L],mute[L],mute[L],mute[L],mute[L],mute[L],mute[L],mute[L],mute[L],mute[L],mute[L],mute[L],mute[L],mute[L],mute[L],mute[L],mute[L],mute[L],mute[L],mute[L],mute[L],mute[L],mute[L],mute[L],mute[L],mute[L],mute[L],mute[L],mute[L],mute[L],mute[L],mute[L],mute[L],mute[L],mute[L],mute[L],mute[L],mute[L],mute[L],mute[L],mute[L],mute[L],mute[L],mute[L],mute[L],mute[L],mute[L],mute[L],mute[L],mute[L],mute[L],mute[L],mute[L],mute[L],mute[L],mute[L],mute[L],mute[L],mute[L],mute[L],mute[L],mute[L],mute[L],mute[L],mute[L],mute[L],mute[L],mute[L],mute[L],mute[L],mute[L],mute[L],mute[L],mute[L],mute[L],mute[L],mute[L],mute[L],mute[L],mute[L],mute[L],mute[L],mute[L],mute[L],mute[L],mute[L],mute[L],mute[L],mute[L],mute[L],mute[L],mute[L],mute[L],mute[L],mute[L],mute[L],mute[L],mute[L],mute[L],mute[L],mute[L],mute[L],mute[L],mute[L],mute[L],mute[L],mute[L],mute[L],mute[L],mute[L],mute[L],mute[L],mute[L],mute[L],mute[L],mute[L],mute[L],mute[L],mute[L],mute[L],mute[L],mute[L],mute[L],mute[L],mute[L],mute[L],mute[L],mute[L],mute[L],mute[L],mute[L],mute[L],mute[L],mute[L],mute[L],mute[L],mute[L],mute[L],mute[L],mute[L],mute[L],mute[L],mute[L],mute[L],mute[L],mute[L],mute[L],mute[L],mute[L],mute[L],mute[L],mute[L],mute[L],mute[L],mute[L],mute[L],mute[L],mute[L],mute[L],mute[L],mute[L],mute[L],mute[L],mute[L],mute[L],mute[L],mute[L],mute[L],mute[L],mute[L],mute[L],mute[L],mute[L],mute[L],mute[L],mute[L],mute[L],mute[L],mute[L],mute[L],mute[L],mute[L],mute[L],mute[L],mute[L],mute[L],mute[L],mute[L],mute[L],mute[L],mute[L],mute[L],mute[L],mute[L],mute[L],mute[L],mute[L],mute[L],mute[L],mute[L],mute[L],mute[L],mute[L],mute[L],mute[L],mute[L],mute[L],mute[L],mute[L],mute[L],mute[L],mute[L],mute[L],mute[L],mute[L],mute[L],mute[L],mute[L],mute[L],mute[L],mute[L],mute[L],mute[L],mute[L],mute[L],mute[L],mute[L],mute[L],mute[L],mute[L],mute[L],mute[L],mute[L],mute[L],mute[L],mute[L],mute[L],mute[L],mute[L],mute[L],mute[L],mute[L],mute[L],mute[L],mute[L],mute[L],mute[L],mute[L],mute[L],mute[L],mute[L],mute[L],mute[L],mute[L],mute[L],mute[L],mute[L],mute[L],mute[L],mute[L],mute[L],mute[L],mute[L],mute[L],mute[L],mute[L],mute[L],mute[L],mute[L],mute[L],mute[L],mute[L],mute[L],mute[L],mute[L],mute[L],mute[L],mute[L],mute[L],mute[L],mute[L],mute[L],mute[L],mute[L],mute[L],mute[L],mute[L],mute[L],mute[L],mute[L],mute[L],mute[L],mute[L],mute[L],mute[L],mute[L],mute[L],mute[L],mute[L],mute[L],mute[L],mute[L],mute[L],mute[L],mute[L],mute[L],mute[L],mute[L],mute[L],mute[L],mute[L],mute[L],mute[L],mute[L],mute[L],mute[L],mute[L],mute[L],mute[L],mute[L],mute[L],mute[L],mute[L],mute[L],mute[L],mute[L],mute[L],mute[L],mute[L],mute[L],mute[L],mute[L],mute[L],mute[L],mute[L],mute[L],mute[L],mute[L],mute[L],mute[L],mute[L],mute[L],mute[L],mute[L],mute[L],mute[L],mute[L],mute[L],mute[L],mute[L],mute[L],mute[L],mute[L],mute[L],mute[L],mute[L],mute[L],mute[L],mute[L],mute[L],mute[L],mute[L],mute[L],mute[L],mute[L],mute[L],mute[L],mute[L],mute[L],mute[L],mute[L],mute[L],mute[L],mute[L],mute[L],mute[L],mute[L],mute[L],mute[L],mute[L],mute[L],mute[L],mute[L],mute[L],mute[L],mute[L],mute[L],mute[L],mute[L],mute[L],mute[L],mute[L],mute[L],mute[L],mute[L],mute[L],mute[L],mute[L],mute[L],mute[L],mute[L],mute[L],mute[L],mute[L],mute[L],mute[L],mute[L],mute[L],mute[L],mute[L],mute[L],mute[L],mute[L],mute[L],mute[L],mute[L],mute[L],mute[L],mute[L],mute[L],mute[L],mute[L],mute[L],mute[L],mute[L],mute[L],mute[L],mute[L],mute[L],mute[L],mute[L],mute[L],mute[L],mute[L],mute[L],mute[L],mute[L],mute[L],mute[L],mute[L],mute[L],mute[L],mute[L],mute[L],mute[L],mute[L],mute[L],mute[L],mute[L],mute[L],mute[L],mute[L],mute[L],mute[L],mute[L],mute[L],mute[L],mute[L],mute[L],mute[L],mute[L],mute[L],mute[L],mute[L],mute[L],mute[L],mute[L],mute[L],mute[L],mute[L],mute[L],mute[L],mute[L],mute[L],mute[L],mute[L],mute[L],mute[L],mute[L],mute[L],mute[L],mute[L],mute[L],mute[L],mute[L],mute[L],mute[L],mute[L],mute[L],mute[L],mute[L],mute[L],mute[L],mute[L],mute[L],mute[L],mute[L],mute[L],mute[L],mute[L],mute[L],mute[L],mute[L],mute[L],mute[L],mute[L],mute[L],mute[L],mute[L],mute[L],mute[L],mute[L],mute[L],mute[L],mute[L],mute[L],mute[L],mute[L],mute[L],mute[L],mute[L],mute[L],mute[L],mute[L],mute[L],mute[L],mute[L],mute[L],mute[L],mute[L],mute[L],mute[L],mute[L],mute[L],mute[L],mute[L],mute[L],mute[L],mute[L],mute[L],mute[L],mute[L],mute[L],mute[L],mute[L],mute[L],mute[L],mute[L],mute[L],mute[L],mute[L],mute[L],mute[L],mute[L],mute[L],mute[L],mute[L],mute[L],mute[L],mute[L],mute[L],mute[L],mute[L],mute[L],mute[L],mute[L],mute[L],mute[L],mute[L],mute[L],mute[L],mute[L],mute[L],mute[L],mute[L],mute[L],mute[L],mute[L],mute[L],mute[L],mute[L],mute[L],mute[L],mute[L],mute[L],mute[L],mute[L],mute[L],mute[L],mute[L],mute[L],mute[L],mute[L],mute[L],mute[L],mute[L],mute[L],mute[L],mute[L],mute[L],mute[L],mute[L],mute[L],mute[L],mute[L],mute[L],mute[L],mute[L],mute[L],mute[L],mute[L],mute[L],mute[L],mute[L],mute[L],mute[L],mute[L],mute[L],mute[L],mute[L],mute[L],mute[L],mute[L],mute[L],mute[L],mute[L],mute[L],mute[L],mute[L],mute[L],mute[L],mute[L],mute[L],mute[L],mute[L],mute[L],mute[L],mute[L],mute[L],mute[L],mute[L],mute[L],mute[L],mute[L],mute[L],mute[L],mute[L],mute[L],mute[L],mute[L],mute[L],mute[L],mute[L],mute[L],mute[L],mute[L],mute[L],mute[L],mute[L],mute[L],mute[L],mute[L],mute[L],mute[L],mute[L],mute[L],mute[L],mute[L],mute[L],mute[L],mute[L],mute[L],mute[L],mute[L],mute[L],mute[L],mute[L],mute[L],mute[L],mute[L],mute[L],mute[L],mute[L],mute[L],mute[L],mute[L],mute[L],mute[L],mute[L],mute[L],mute[L],mute[L],mute[L],mute[L],mute[L],mute[L],mute[L],mute[L],mute[L],mute[L],mute[L],mute[L],mute[L],mute[L],mute[L],mute[L],mute[L],mute[L],mute[L],mute[L],mute[L],mute[L],mute[L],mute[L],mute[L],mute[L],mute[L],mute[L],mute[L],mute[L],mute[L],mute[L],mute[L],mute[L],mute[L],mute[L],mute[L],mute[L],mute[L],mute[L],mute[L],mute[L],mute[L],mute[L],mute[L],mute[L],mute[L],mute[L],mute[L],mute[L],mute[L],mute[L],mute[L],mute[L],mute[L],mute[L],mute[L],mute[L],mute[L],mute[L],mute[L],mute[L],mute[L],mute[L],mute[L],mute[L],mute[L],mute[L],mute[L],mute[L],mute[L],mute[L],mute[L],mute[L],mute[L],mute[L],mute[L],mute[L],mute[L],mute[L],mute[L],mute[L],mute[L],mute[L],mute[L],mute[L],mute[L],mute[L],mute[L],mute[L],mute[L],mute[L],mute[L],mute[L],mute[L],mute[L],mute[L],mute[L],mute[L],mute[L],mute[L],mute[L],mute[L],mute[L],mute[L],mute[L],mute[L],mute[L],mute[L],mute[L],mute[L],mute[L],mute[L],mute[L],mute[L],mute[L],mute[L],mute[L],mute[L],mute[L],mute[L],mute[L],mute[L],mute[L],mute[L],mute[L],mute[L],mute[L],mute[L],mute[L],mute[L],mute[L],mute[L],mute[L],mute[L],mute[L],mute[L],mute[L],mute[L],mute[L],mute[L],mute[L],mute[L],mute[L],mute[L],mute[L],mute[L],mute[L],mute[L],mute[L],mute[L],mute[L],mute[L],mute[L],mute[L],mute[L],mute[L],mute[L],mute[L],mute[L],mute[L],mute[L],mute[L],mute[L],mute[L],mute[L],mute[L],mute[L],mute[L],mute[L],mute[L],mute[L],mute[L],mute[L],mute[L],mute[L],mute[L],mute[L],mute[L],mute[L],mute[L],mute[L],mute[L],mute[L],mute[L],mute[L],mute[L],mute[L],mute[L],mute[L],mute[L],mute[L],mute[L],mute[L],mute[LO],mute[LOP],mute[LN],mute[LOP],mute[LN],mute[LNP],mute[LNP],mute[LNO],mute[LM],mute[LMO],mute[LMNP],mute[KO];","(#F-1.#F-2.#f1.#f)[K],#C-1[K],A-2[K],#F-1[K],A-2[K],#C-1[K],(#F-1.#F-2.#c1.#c2)[K],#C-1[K],A-2[K],#F-1[K],A-2[K],#C-1[K],(#F-1.#F-2.#g2.#g1)[K],#C-1[K],A-2[K],#F-1[K],A-2[K],#C-1[K],(#F-1.#F-2.a2.a1)[K],#C-1[K],A-2[K],#F-1[K],A-2[K],#C-1[K],(#F-1.#F-2.#c3.#c2)[K],#C-1[K],A-2[K],#F-1[K],A-2[K],#C-1[K],(#F-1.#F-2.a2.a1)[K],#C-1[K],A-2[K],#F-1[K],A-2[K],#C-1[K],(#F-1.#F-2.#g1.#g2)[K],#C-1[K],A-2[K],#F-1[K],A-2[K],#C-1[K],(#F-1.#F-2.#f2.#f1)[K],#C-1[K],A-2[K],#F-1[K],(A-2.#g2.#g1)[K],(#C-1.#f1.#f2)[K],(#A-1.#A-2.f1.f2)[K],F-1[K],#C-1[K],#A-1[K],#C-1[K],F-1[K],(#A-1.#A-2)[K],F-1[K],#C-1[K],#A-1[K],#C-1[K],F-1[K],(#A-1.#A-2.#c1.#c2)[K],F-1[K],#C-1[K],(#A-1.#g1.#g2)[K],#C-1[K],F-1[K],(#A-1.#A-2.#d3.#d2)[K],F-1[K],#C-1[K],(#A-1.c3.c2)[K],#C-1[K],F-1[K],(#A-1.#A-2.#c3.#c2)[K],F-1[K],#C-1[K],#A-1[K],#C-1[K],F-1[K],(#A-1.#A-2)[K],F-1[K],#C-1[K],#A-1[K],#C-1[K],F-1[K],(#A-1.#A-2.#a1.#a2)[K],F-1[K],#C-1[K],#A-1[K],#C-1[K],F-1[K],(#A-1.#A-2)[K],F-1[K],#C-1[K],#A-1[K],#C-1[K],F-1[K],(#F-1.#F-2.#f.#f1)[K],#C-1[K],A-2[K],#F-1[K],A-2[K],#C-1[K],(#F-1.#F-2.#c2.#c1)[K],#C-1[K],A-2[K],#F-1[K],A-2[K],#C-1[K],(#F-1.#F-2.#g2.#g1)[K],#C-1[K],A-2[K],#F-1[K],A-2[K],#C-1[K],(#F-1.#F-2.a1.a2)[K],#C-1[K],A-2[K],#F-1[K],A-2[K],#C-1[K],(#F-1.#F-2.#c3.#c2)[K],#C-1[K],A-2[K],#F-1[K],A-2[K],#C-1[K],(#F-1.#F-2.a2.a1)[K],#C-1[K],A-2[K],#F-1[K],A-2[K],#C-1[K],(#F-1.#F-2.#g2.#g1)[K],#C-1[K],A-2[K],#F-1[K],A-2[K],#C-1[K],(#F-1.#F-2.#f2.#f1)[K],#C-1[K],A-2[K],#F-1[K],(A-2.#g2.#g1)[K],(#C-1.#f1.#f2)[K],(#A-1.#A-2.f2.f1)[K],F-1[K],#C-1[K],#A-1[K],#C-1[K],F-1[K],(#A-1.#A-2)[K],F-1[K],#C-1[K],#A-1[K],#C-1[K],F-1[K],(#A-1.#A-2.#c2.#c1)[K],F-1[K],#C-1[K],(#A-1.#g2.#g1)[K],#C-1[K],F-1[K],(#A-1.#A-2.#d3.#d2)[K],F-1[K],#C-1[K],(#A-1.f2.f3)[K],#C-1[K],F-1[K],(#A-1.#A-2.#a2.#a1)[K],F-1[K],#C-1[K],#A-1[K],#C-1[K],F-1[K],(#A-1.#A-2)[K],F-1[K],#C-1[K],#A-1[K],#C-1[K],F-1[K],(#A-1.#A-2)[K],F-1[K],#C-1[K],#A-1[K],#C-1[K],F-1[K],(#A-2.#A-1)[K],F-1[K],#C-1[K],#A-1[K],#C-1[K],F-1[K],(#f2.#F-1.#f.#f1)[L],#f2[L],(#c.#f2)[L],#f2[L],(#f2.A-1)[L],#f2[L],(#f2.#f)[L],#f2[L],(#f2.A-1)[L],#f2[L],(#f2.#c)[L],#f2[L],(#c3.#f.#F-1.#c1.#c2)[L],#c3[L],(#c3.#c)[L],#c3[L],(#c3.A-1)[L],#c3[L],(#c3.#f)[L],#c3[L],(#c3.A-1)[L],#c3[L],(#c.#c3)[L],#c3[L],(#F-1.#f.#g3.#g1.#g2)[L],#g3[L],(#c.#g3)[L],#g3[L],(A-1.#g3)[L],#g3[L],(#f.#g3)[L],#g3[L],(A-1.#g3)[L],#g3[L],(#c.#g3)[L],#g3[L],(#F-1.#f.a3.a1.a2)[L],a3[L],(#c.a3)[L],a3[L],(A-1.a3)[L],a3[L],(a3.#f)[L],a3[L],(a3.A-1)[L],a3[L],(#c.a3)[L],a3[L],(#F-1.#f.#c4.#c2.#c3)[L],#c4[L],(#c.#c4)[L],#c4[L],(#c4.A-1)[L],#c4[L],(#c4.#f)[L],#c4[L],(A-1.#c4)[L],#c4[L],(#c.#c4)[L],#c4[L],(a3.#f.#F-1.a2.a1)[L],a3[L],(a3.#c)[L],a3[L],(a3.A-1)[L],a3[L],(a3.#f)[L],a3[L],(a3.A-1)[L],a3[L],(a3.#c)[L],a3[L],(#f.#F-1.#g3.#g1.#g2)[L],#g3[L],(#g3.#c)[L],#g3[L],(A-1.#g3)[L],#g3[L],(#g3.#f)[L],#g3[L],(A-1.#g3)[L],#g3[L],(#c.#g3)[L],#g3[L],(#f3.#f.#F-1.#f2.#f1)[L],#f3[L],(#f3.#c)[L],#f3[L],(#f3.A-1)[L],#f3[L],(#f3.#f)[L],#f3[L],(#g3.A-1.#g2.#g1)[L],#g3[L],(#f3.#c.#f1.#f2)[L],#f3[L],(#A-1.#a.f2.f1)[K],f[K],#c[K],#a[K],#c[K],f[K],(#a.#A-1)[K],f[K],#c[K],#a[K],#c[K],f[K],(#a.#A-1.#c1.#c2)[K],f[K],#c[K],(#a.#g1.#g2)[K],#c[K],f[K],(#a.#A-1.#d3.#d2)[K],f[K],#c[K],(#a.c3.c2)[K],#c[K],f[K],(#a.#A-1.#c3.#c2)[K],f[K],#c[K],#a[K],#c[K],f[K],(#a.#A-1)[K],f[K],#c[K],#a[K],#c[K],f[K],(#a.#A-1.#a1.#a2)[K],f[K],#c[K],#a[K],#c[K],f[K],(#a.#A-1)[K],f[K],#c[K],#a[K],#c[K],f[K],(#f.#F-1.#f1)[L],#f1[L],(#f1.#c)[L],#f1[L],(#f1.A-1)[L],#f1[L],(#f1.#f)[L],#f1[L],(#f1.A-1)[L],#f1[L],(#f1.#c)[L],#f1[L],(#c2.#F-1.#f.#c1)[L],#c2[L],(#c.#c2)[L],#c2[L],(A-1.#c2)[L],#c2[L],(#f.#c2)[L],#c2[L],(A-1.#c2)[L],#c2[L],(#c.#c2)[L],#c2[L],(#f.#F-1.#g2.#g3.#g1)[L],(#g2.#g3)[L],(#c.#g2.#g3)[L],(#g2.#g3)[L],(#g3.#g2.A-1)[L],(#g3.#g2)[L],(#f.#g2.#g3)[L],(#g2.#g3)[L],(A-1.#g2.#g3)[L],(#g2.#g3)[L],(#c.#g2.#g3)[L],(#g3.#g2)[L],(a3.a2.#F-1.#f.a1)[L],(a3.a2)[L],(a3.a2.#c)[L],(a3.a2)[L],(A-1.a2.a3)[L],(a3.a2)[L],(a3.a2.#f)[L],(a3.a2)[L],(a3.a2.A-1)[L],(a3.a2)[L],(a3.a2.#c)[L],(a3.a2)[L],(#c4.#F-1.#f.#c3.#c2)[L],(#c4.#c3)[L],(#c4.#c.#c3)[L],(#c3.#c4)[L],(A-1.#c3.#c4)[L],(#c3.#c4)[L],(#c4.#c3.#f)[L],(#c4.#c3)[L],(#c4.#c3.A-1)[L],(#c3.#c4)[L],(#c.#c3.#c4)[L],(#c3.#c4)[L],(a3.a2.#f.#F-1.a1)[L],(a3.a2)[L],(a3.a2.#c)[L],(a3.a2)[L],(a3.a2.A-1)[L],(a3.a2)[L],(a3.a2.#f)[L],(a3.a2)[L],(a3.a2.A-1)[L],(a3.a2)[L],(a3.a2.#c)[L],(a3.a2)[L],(#g3.#F-1.#f.#g2.#g1)[L],(#g3.#g2)[L],(#g3.#c.#g2)[L],(#g3.#g2)[L],(#g3.#g2.A-1)[L],(#g3.#g2)[L],(#g3.#f.#g2)[L],(#g3.#g2)[L],(#g3.A-1.#g2)[L],(#g3.#g2)[L],(#g3.#c.#g2)[L],(#g3.#g2)[L],(#f.#F-1.#f2.#f3.#f1)[L],(#f3.#f2)[L],(#f3.#c.#f2)[L],(#f3.#f2)[L],(#f3.A-1.#f2)[L],(#f3.#f2)[L],(#f3.#f2.#f)[L],(#f3.#f2)[L],(#g3.A-1.#g2.#g1)[L],(#g3.#g2)[L],(#f3.#c.#f2.#f1)[L],(#f3.#f2)[L],(#A-1.#a.f1.f2)[K],f[K],#c[K],#a[K],#c[K],f[K],(#a.#A-1)[K],f[K],#c[K],#a[K],#c[K],f[K],(#a.#A-1.#c2.#c1)[K],f[K],#c[K],(#a.#g2.#g1)[K],#c[K],f[K],(#a.#A-1.#d3.#d2)[K],f[K],#c[K],(#a.f2.f3)[K],#c[K],f[K],(#a.#A-1.#a2.#a1)[K],f[K],#c[K],#a[K],#c[K],f[K],(#a.#A-1)[K],f[K],#c[K],#a[K],#c[K],f[K],(#a.#A-1)[K],f[K],#c[K],#a[K],#c[K],f[K],(#a.#A-1)[K],f[K],#c[K],#a[K],#c[K],f[K],#F-2[JK],#c[JLN],#a1[NO],#c2[NO],#f2[JK],(#F-2.#c1)[JK],(#c.c3.#g3)[IJ],(#c1.#F-2)[K],#f1[K],#g1[K],(#c.#a1)[K],#c2[K],#f2[K],(#c3.#a3.#F-2)[JK],#c[JK],(#g3.c3)[JK],#F-2[JK],(#c.#a2.#f3)[IJ],(#G-2.c3.#g3)[JK],#d[JK],(#a2.#A-2.#a3)[JK],f[JK],(#d3.c4)[J],(f3.#c4)[K],#A-2[K],(#d3.c4)[J],(#c3.#g3.f)[J],(#d3.#g2)[J],(#c3.f2)[J],(#A-2.#a1)[K],c2[K],f2[LMNOP],(#g2.f)[K],c3[K],#d3[K],(f3.#A-2)[K],#c3[K],#a2[K],(c3.f)[K],#g2[K],f2[K],f3[K],#c3[K],#a2[K],(#A-2.c3)[K],#g2[K],f2[K],(#c4.f)[LM],c4[LM],#a3[LM],f3[LM],#a3[K],f3[K],#c3[K],(#A-2.#g3)[KL],#a3[KL],(f.#g2.c3)[JK],(#F-2.#f2.#c3)[JK],#c[JK],#g2[KL],#f3[KL],(#a2.#F-2)[KL],f3[KL],(#f2.#c)[KL],#c3[KL],f2[KL],c3[KL],(#c2.#F-2)[KL],#a2[KL],(c2.#c)[KL],#g2[KL],(#F-2.#a2.#f2.#c2)[JK],#c[JK],c3[MN],#c3[KLN],c3[K],#F-2[K],#g2[J],(#a2.#c)[JK],#g2[JK],(#d3.#G-2)[KL],f3[KL],(f2.#d)[KL],c3[KL],(#a2.#a.#c3)[KLP],c1[KLP],#c1[KLO],(f3.#a3.#d1)[KLO],f1[KLO],#f1[KLO],(c3.f3.#g1)[KLO],#a1[KLOP],#c2[JKNO],#d2[JKNO],(#d3.c2)[KLOP],f3[KLN],(#d3.#a1)[KLN],#c3[KLN],(#c2.#g2)[JKMP],(#d2.#a2)[JKMOP],(c2.#g2)[JKMNO],(#a1.f2)[JKL],(#a1.#c2)[JKLO],#g2[KLMOP],#a2[KLMN],#f2[KLMN],f2[KLMNO],#d2[JNO],(f2.#c1)[JLMNP],(B-2.B-3.f2.#c1)[MN],#f2[MN],b2[MN],#c3[MN],#f3[KL],(B-3.#f3)[KL],(B-3.f3)[KL],(B-3.#d3)[KL],f3[KL],(B-2.B-3.#c3)[JK],(B-3.b2)[KL],(B-3.#a2)[KL],(B-3.#c3)[KL],#f2[KL],(B-2.B-3.#d1)[KL],#f1[KL],(B-3.#c2)[KL],(B-3.#d2)[KL],(B-3.b1)[KL],#d1[KL],(#C-1.#C-2.#d2)[K],#f2[K],f2[K],(#C-2.b2)[KL],(#C-2.#f2)[KL],(#C-2.#c2)[KL],#g1[KL],(#D-2.#D-1.#a1)[KL],#f1[KL],(#D-2.f1)[KL],(#D-2.#a)[KL],(#D-2.#d)[KL],#a[KL],(#D-2.#D-1.f1)[KL],#f1[KL],(#D-2.f1)[KL],(#D-2.#a)[KL],(#D-2.#d)[K],#a[K],f1[K],(#D-1.#D-2.#f1)[K],#c2[K],#d2[K],(#D-2.f2)[LM],#f2[LM],(#D-2.f2)[LM],#c2[LM],(#D-2.#a1)[LM],#f1[LM],f1[LM],#d1[LM],(#D-1.#D-2.#a)[LM],#f1[LM],(#D-2.f1)[LM],#d1[LM],(#D-1.#D-2.#a)[LM],#f[LM],(#D-2.#a)[LM],#d1[LM],(#D-1.#D-2.f1)[LM],#f1[LM],(#D-2.#g1.#g2)[KL],(f.#a.#A-1.#A-3.#a3.#a2)[L],#A-2[L],#A-3[L],(F-1.#A-2)[L],#A-3[L],#A-2[L],(#A-2.#A-3)[L],#A-2[L],#A-3[L],(F-1.#A-2.f2.f3)[L],#A-3[L],#A-2[L],(#A-2.#A-3.#a3.#a2)[L],#A-2[L],#A-3[L],(F-1.#A-2.f3.f2)[L],#A-3[L],#A-2[L],(f.#a.#A-1.#A-3.e2.e3)[L],#A-2[L],#A-3[L],(#A-2.F-1)[L],#A-3[L],#A-2[L],(#A-3.#A-2)[L],#A-2[L],#A-3[L],(#A-2.F-1.c2.c3)[L],#A-3[L],#A-2[L],(#A-2.#A-3.b1.b2)[L],#A-2[L],#A-3[L],(F-1.#A-2.#g2.#g3)[L],#A-3[L],#A-2[L],(f.#a.#A-1.#A-3.#a2.#a1)[L],#A-2[L],#A-3[L],(F-1.#A-2)[L],#A-3[L],#A-2[L],(#A-2.#A-3)[L],#A-2[L],#A-3[L],(F-1.#A-2.f2.f1)[L],#A-3[L],#A-2[L],(#A-2.#A-3.#a1.#a2)[L],#A-2[L],#A-3[L],(F-1.#A-2.f1.f2)[L],#A-3[L],#A-2[L],(#A-1.#a.f.#A-3.e1.e2)[L],#A-2[L],#A-3[L],(F-1.#A-2)[L],#A-3[L],#A-2[L],(#A-2.#A-3)[L],#A-2[L],#A-3[L],(#A-2.F-1.c2.c1)[L],#A-3[L],#A-2[L],(#A-3.#A-2.b.b1)[L],#A-2[L],#A-3[L],(F-1.#A-2.#g1.#g2)[L],#A-3[L],#A-2[L],(f.#a.#A-1.#A-3.#a2.#a1)[L],#A-2[L],#A-3[L],(F-1.#A-2)[L],#A-3[L],#A-2[L],(#A-2.#A-3)[L],#A-2[L],#A-3[L],(F-1.#A-2.f1.f2)[L],#A-3[L],#A-2[L],(#A-2.#A-3.#a2.#a1)[L],#A-2[L],#A-3[L],(F-1.#A-2.f1.f2)[L],#A-3[L],#A-2[L],(#A-1.#a.f.#A-3.e1.e2)[L],#A-2[L],#A-3[L],(F-1.#A-2)[L],#A-3[L],#A-2[L],(#A-2.#A-3)[L],#A-2[L],#A-3[L],(F-1.#A-2.b.b1)[L],#A-3[L],#A-2[L],(#A-2.#A-3.#a.#a1)[L],#A-2[L],#A-3[L],(F-1.#A-2.#g1.#g2)[L],#A-3[L],#A-2[L],(#A-3.f.#a.#A-1.#c2.#c1)[L],#A-2[L],#A-3[L],(#A-2.F-1)[L],#A-3[L],#A-2[L],(#A-3.#A-2)[L],#A-2[L],#A-3[L],(#A-2.F-1.b1.b)[L],#A-3[L],#A-2[L],(#A-3.#A-2.#f2.#f1)[L],#A-2[L],#A-3[L],(#A-2.F-1.f2.f1)[L],#A-3[L],#A-2[L],(#A-3.f.#a.#A-1.b1.b)[L],#A-2[L],#A-3[L],(#A-2.F-1)[L],#A-3[L],#A-2[L],(#A-3.#A-2)[L],#A-2[L],#A-3[L],(#A-2.F-1.#c1.#c2)[L],#A-3[L],#A-2[L],(#A-2.#A-3.#g1.#g)[L],#A-2[L],#A-3[L],(F-1.#A-2.f1.f)[L],#A-3[L],#A-2[L],(F-1.#A-1.#A-3.#a3.#a2)[L],#A-2[L],#A-3[L],#A-2[L],#A-3[L],#A-2[L],(F-1.#A-3)[L],#A-2[L],#A-3[L],#A-2[L],#A-3[L],#A-2[L],(F-1.#A-3.f3.f2)[L],#A-2[L],#A-3[L],#A-2[L],(#A-3.#a2.#a3)[L],#A-2[L],(F-1.#A-3)[L],#A-2[L],(#A-3.f2.f3)[L],#A-2[L],#A-3[L],#A-2[L],(#A-3.#A-1.F-1.e2.e3)[L],#A-2[L],#A-3[L],#A-2[L],#A-3[L],#A-2[L],(F-1.#A-3)[L],#A-2[L],#A-3[L],#A-2[L],#A-3[L],#A-2[L],(F-1.#A-3.c3.c2)[L],#A-2[L],#A-3[L],#A-2[L],(#A-3.b1.b2)[L],#A-2[L],(F-1.#A-3)[L],#A-2[L],(#A-3.#g2.#g3.#g1)[L],#A-2[L],#A-3[L],#A-2[L],(#A-1.F-1.#A-3.#a1.#a2)[L],#A-2[L],#A-3[L],#A-2[L],#A-3[L],#A-2[L],(F-1.#A-3)[L],#A-2[L],#A-3[L],#A-2[L],#A-3[L],#A-2[L],(F-1.#A-3.f1.f2)[L],#A-2[L],#A-3[L],#A-2[L],(#A-3.#a2.#a1)[L],#A-2[L],(F-1.#A-3)[L],#A-2[L],(#A-3.f1.f2)[L],#A-2[L],#A-3[L],#A-2[L],(F-1.#A-1.#A-3.e1.e2)[L],#A-2[L],#A-3[L],#A-2[L],#A-3[L],#A-2[L],(F-1.#A-3)[L],#A-2[L],#A-3[L],#A-2[L],#A-3[L],#A-2[L],(F-1.#A-3.c2.c1)[L],#A-2[L],#A-3[L],#A-2[L],(#A-3.b.b1)[L],#A-2[L],(F-1.#A-3)[L],#A-2[L],(#A-3.#g.#g1)[L],#A-2[L],#A-3[L],#A-2[L],(F-1.#A-1.#A-3.#a1.#a2)[L],#A-2[L],#A-3[L],#A-2[L],#A-3[L],#A-2[L],(F-1.#A-3)[L],#A-2[L],#A-3[L],#A-2[L],#A-3[L],#A-2[L],(F-1.#A-3.f1.f2)[L],#A-2[L],#A-3[L],#A-2[L],(#A-3.#a1.#a2)[L],#A-2[L],(F-1.#A-3)[L],#A-2[L],(#A-3.f1.f2)[L],#A-2[L],#A-3[L],#A-2[L],(#A-3.F-1.#A-1.e1.e2)[L],#A-2[L],#A-3[L],#A-2[L],#A-3[L],#A-2[L],(F-1.#A-3)[L],#A-2[L],#A-3[L],#A-2[L],#A-3[L],#A-2[L],(F-1.#A-3.c1.c2)[L],#A-2[L],#A-3[L],#A-2[L],(#A-3.b.b1)[L],#A-2[L],(F-1.#A-3)[L],#A-2[L],(#A-3.#g1.#g2)[L],#A-2[L],#A-3[L],#A-2[L],(#A-3.#A-1.F-1.#c2.#c1)[L],#A-2[L],#A-3[L],#A-2[L],#A-3[L],#A-2[L],(F-1.#A-3)[L],#A-2[L],#A-3[L],#A-2[L],#A-3[L],#A-2[L],(#A-3.F-1.b.b1)[L],#A-2[L],#A-3[L],#A-2[L],(#A-3.#f1)[L],#A-2[L],(F-1.#A-3)[L],#A-2[L],(#A-3.f1)[L],#A-2[L],#A-3[L],#A-2[L],(#A-3.#A-1.F-1.b.b1)[L],#A-2[L],#A-3[L],#A-2[L],#A-3[L],#A-2[L],(F-1.#A-3)[L],#A-2[L],#A-3[L],#A-2[L],#A-3[L],#A-2[L],(#A-3.F-1.#c1.#c2)[L],#A-2[L],#A-3[L],#A-2[L],(#A-3.#g.#g1)[L],#A-2[L],(F-1.#A-3)[L],#A-2[L],(#A-3.#a.#a1)[L],#A-2[L],#A-3[L],#A-2[L],(#A-2.#A-1.#A-3.#a)[L],#A-3[L],(F-1.#A-3)[L],(#A-3.c.c1)[L],(#C-1.#A-3)[L],#A-3[L],(#A-1.#A-3.#c.#c1)[L],#A-3[L],(#C-1.#A-3)[L],(#A-3.#d.#d1)[L],(F-1.#A-3)[L],#A-3[L],(#A-3.#A-1.f.f1)[N],#A-2[MN],#A-3[L],(F-1.#A-3)[L],(#A-3.#f.#f1)[L],(#C-1.#A-3)[L],#A-3[L],(#A-1.#A-3.#g1.#g)[L],#A-3[L],(#C-1.#A-3)[L],(#A-3.#a.#a1)[L],(F-1.#A-3)[L],#A-3[L],(#A-1.#A-2.#A-3.#c2.#c1)[L],#A-3[L],(F-1.#A-3)[L],#A-3[L],(#C-1.#A-3)[L],#A-3[L],(#A-1.#A-3.#d2.#d1)[L],#A-3[L],(#C-1.#A-3)[L],#A-3[L],(F-1.#A-3)[L],#A-3[L],(#A-1.#A-2.#A-3.c2.c1)[L],#A-3[L],(F-1.#A-3)[L],#A-3[L],(#C-1.#A-3)[L],#A-3[L],(#A-1.#A-3.#a1.#a)[L],#A-3[L],(#C-1.#A-3)[L],#A-3[L],(F-1.#A-3)[L],#A-3[L],(#A-2.#A-1.#A-3.#c1.#c2)[L],#A-3[L],(F-1.#A-3)[L],#A-3[L],(#C-1.#A-3)[L],#A-3[L],(#A-1.#A-3.#d1.#d2)[L],#A-3[L],(#C-1.#A-3)[L],#A-3[L],(F-1.#A-3)[L],#A-3[L],(#A-2.#A-1.#A-3.c1.c2)[L],#A-3[L],(F-1.#A-3)[L],#A-3[L],(#C-1.#A-3)[L],#A-3[L],(#A-1.#A-3.#a.#a1)[L],#A-3[L],(#C-1.#A-3)[L],#A-3[L],(F-1.#A-3)[L],#A-3[L],(#A-2.#A-1.#A-3.#c1.#c2)[L],#A-3[L],(#A-3.F-1)[L],#A-3[L],(#A-3.#C-1)[L],#A-3[L],(#A-3.#A-1.#d2.#d1)[L],#A-3[L],(#A-3.#C-1)[L],#A-3[L],(#A-3.F-1)[L],#A-3[L],(#A-3.#A-1.#A-2.c2.c1)[L],#A-3[L],(#A-3.F-1)[L],#A-3[L],(#A-3.#C-1)[L],#A-3[L],(#A-3.#A-1.#a1.#a)[L],#A-3[L],(#A-3.#C-1)[L],#A-3[L],(#A-3.F-1)[L],#A-3[L],(#A-2.#A-1.#A-3.#a)[L],#A-3[L],(F-1.#A-3)[L],(#A-3.c.c1)[L],(#A-3.#C-1)[L],#A-3[L],(#A-3.#A-1.#c1.#c)[L],#A-3[L],(#A-3.#C-1)[L],(#A-3.#d.#d1)[L],(#A-3.F-1)[L],#A-3[L],(#A-3.#A-1.#A-2.f1.f)[L],#A-3[L],(#A-3.F-1)[L],(#A-3.#f.#f1)[L],(#A-3.#C-1)[L],#A-3[L],(#A-1.#A-3.#g.#g1)[L],#A-3[L],(#C-1.#A-3)[L],(#A-3.#a1.#a)[L],(F-1.#A-3)[L],#A-3[L],(#A-3.#A-1.#A-2.#c2.#c1)[L],#A-3[L],(#A-3.F-1)[L],#A-3[L],(#C-1.#A-3)[L],#A-3[L],(#A-1.#A-3.#d1.#d2)[L],#A-3[L],(#C-1.#A-3)[L],#A-3[L],(F-1.#A-3)[L],#A-3[L],(#A-2.#A-1.#A-3.c1.c2)[L],#A-3[L],(F-1.#A-3)[L],#A-3[L],(#C-1.#A-3)[L],#A-3[L],(#A-1.#A-3.#a.#a1)[L],#A-3[L],(#C-1.#A-3)[L],#A-3[L],(F-1.#A-3)[L],#A-3[L],(#A-2.#A-1.#A-3.#c1.#c2)[L],#A-3[L],(F-1.#A-3)[L],#A-3[L],(#C-1.#A-3)[L],#A-3[L],(#A-1.#A-3.#d1.#d2)[L],#A-3[L],(#C-1.#A-3)[L],#A-3[L],(F-1.#A-3)[L],#A-3[L],(#A-2.#A-1.#A-3.c1.c2)[L],#A-3[L],(F-1.#A-3)[L],#A-3[L],(#A-3.#C-1)[L],#A-3[L],(#A-3.#A-1.#a1.#a)[L],#A-3[L],(#A-3.#C-1)[L],#A-3[L],(#A-3.F-1)[L],#A-3[L],(#A-2.#A-1.#A-3.#c1.#c2)[L],#A-3[L],(F-1.#A-3)[L],#A-3[L],(#C-1.#A-3)[L],#A-3[L],(#A-1.#A-3.#d1.#d2)[L],#A-3[L],(#C-1.#A-3)[L],#A-3[L],(F-1.#A-3)[L],#A-3[L],(#A-2.#A-1.#A-3.c1.c2)[L],#A-3[L],(#A-3.F-1)[L],#A-3[L],(#A-3.#C-1)[L],#A-3[L],(#A-1.#A-3.#a.#a1)[L],#A-3[L],(#C-1.#A-3)[L],#A-3[L],(#A-3.F-1)[L],#A-3[L],(#F-2.#F-1.#f)[L],#F-2[L],(#C-1.#F-2)[L],(#F-2.#g.#G-1)[L],(A-2.#F-2)[L],#F-2[L],(#F-1.#F-2.a.A-1)[L],#F-2[L],(A-2.#F-2)[L],(#F-2.b.B-1)[L],(#C-1.#F-2)[L],#F-2[L],(#F-1.#F-2.#c1.#c)[L],#F-2[L],(#C-1.#F-2)[L],(#F-2.d.d1)[L],(A-2.#F-2)[L],#F-2[L],(#F-1.#F-2.e1.e)[L],#F-2[L],(A-2.#F-2)[L],(#F-2.#f.#f1)[L],(#C-1.#F-2)[L],#F-2[L],(#F-2.#F-1.a.a1)[L],#F-2[L],(#F-2.#C-1)[L],#F-2[L],(#F-2.A-2)[L],#F-2[L],(#F-2.#F-1.b1.b)[L],#F-2[L],(#F-2.A-2)[L],#F-2[L],(#F-2.#C-1)[L],#F-2[L],(#F-2.#F-1.#g1.#g)[L],#F-2[L],(#F-2.#C-1)[L],#F-2[L],(A-2.#F-2)[L],#F-2[L],(#F-1.#F-2.#f.#f1)[L],#F-2[L],(A-2.#F-2)[L],#F-2[L],(#C-1.#F-2)[L],#F-2[L],(#F-2.#F-1.a.a1)[L],#F-2[L],(#C-1.#F-2)[L],#F-2[L],(A-2.#F-2)[L],#F-2[L],(#F-1.#F-2.b.b1)[L],#F-2[L],(A-2.#F-2)[L],#F-2[L],(#C-1.#F-2)[L],#F-2[L],(#F-2.#F-1.#g.#g1)[L],#F-2[L],(#C-1.#F-2)[L],#F-2[L],(#F-2.A-2)[L],#F-2[L],(#F-1.#F-2.#f1.#f)[L],#F-2[L],(A-2.#F-2)[L],#F-2[L],(#F-2.#C-1)[L],#F-2[L],(#F-1.#F-2.a1.a)[L],#F-2[L],(#C-1.#F-2)[L],#F-2[L],(#F-2.A-2)[L],#F-2[L],(#F-2.#F-1.b.b1)[L],#F-2[L],(#F-2.A-2)[L],#F-2[L],(#F-2.#C-1)[L],#F-2[L],(#F-2.#F-1.#g1.#g)[L],#F-2[L],(#F-2.#C-1)[L],#F-2[L],(A-2.#F-2)[L],#F-2[L],(#F-1.#F-2.#f.#f1)[L],#F-2[L],(A-2.#F-2)[L],#F-2[L],(#C-1.#F-2)[L],#F-2[L],(#F-2.#F-1.#f)[L],#F-2[L],(#F-2.#C-1)[L],(#F-2.#g.#G-1)[L],(#F-2.A-2)[L],#F-2[L],(#F-2.#F-1.a.A-1)[L],#F-2[L],(#F-2.A-2)[L],(#F-2.B-1.b)[L],(#F-2.#C-1)[L],#F-2[L],(#F-2.#F-1.#c1.#c)[L],#F-2[L],(#F-2.#C-1)[L],(#F-2.d.d1)[L],(#F-2.A-2)[L],#F-2[L],(#F-2.#F-1.e.e1)[L],#F-2[L],(#F-2.A-2)[L],(#F-2.#f1.#f)[L],(#F-2.#C-1)[L],#F-2[L],(#F-2.#F-1.a1.a)[L],#F-2[L],(#F-2.#C-1)[L],#F-2[L],(#F-2.A-2)[L],#F-2[L],(#F-2.#F-1.b1.b)[L],#F-2[L],(#F-2.A-2)[L],#F-2[L],(#F-2.#C-1)[L],#F-2[L],(#F-2.#F-1.#g1.#g)[L],#F-2[L],(#F-2.#C-1)[L],#F-2[L],(#F-2.A-2)[L],#F-2[L],(#F-2.#F-1.#f.#f1)[L],#F-2[L],(#F-2.A-2)[L],#F-2[L],(#F-2.#C-1)[L],#F-2[L],(#F-2.#F-1.a.a1)[L],#F-2[L],(#F-2.#C-1)[L],#F-2[L],(#F-2.A-2)[L],#F-2[L],(#F-2.#F-1.b1.b)[L],#F-2[L],(#F-2.A-2)[L],#F-2[L],(#F-2.#C-1)[L],#F-2[L],(#F-2.#F-1.#g1.#g)[L],#F-2[L],(#F-2.#C-1)[L],#F-2[L],(#F-2.A-2)[L],#F-2[L],(#F-2.#F-1.#f1.#f)[L],#F-2[L],(#F-2.A-2)[L],#F-2[L],(#F-2.#C-1)[L],#F-2[L],(#F-2.#F-1.a.a1)[L],#F-2[L],(#F-2.#C-1)[L],#F-2[L],(#F-2.A-2)[L],#F-2[L],(#F-2.#F-1.b1.b)[L],#F-2[L],(#F-2.A-2)[L],#F-2[L],(#F-2.#C-1)[L],#F-2[L],(#F-2.#F-1.#g1.#g)[L],#F-2[L],(#F-2.#C-1)[L],#F-2[L],(#F-2.A-2)[L],#F-2[L],(#F-2.#F-1.#f.#f1)[L],#F-2[L],(#F-2.A-2)[L],#F-2[L],(#F-2.#C-1)[L],#F-2[L],(#A-1.#A-2.#A-3.#a.#a1)[L],#A-3[L],(F-1.#A-3)[L],(#A-3.c2.c1)[L],(#A-3.#C-1)[L],#A-3[L],(#A-3.F-1.#c1.#c2)[L],#A-3[L],(#C-1.#A-3)[L],(#A-3.#d1.#d2)[L],(F-1.#A-3)[L],#A-3[L],(#A-1.#A-2.#A-3.f1.f2)[L],#A-3[L],(F-1.#A-3)[L],(#A-3.#f2.#f1)[L],(#A-3.#C-1)[L],#A-3[L],(#A-3.F-1.#g2.#g1)[L],#A-3[L],(#A-3.#C-1)[L],(#A-3.#a2.#a1)[L],(#A-3.F-1)[L],#A-3[L],(#A-3.#A-2.#A-1.#c3.#c2)[L],#A-3[L],(#A-3.F-1)[L],#A-3[L],(#C-1.#A-3)[L],#A-3[L],(F-1.#A-3.#d2.#d3)[L],#A-3[L],(#A-3.#C-1)[L],#A-3[L],(#A-3.F-1)[L],#A-3[L],(#A-3.#A-2.#A-1.c3.c2)[L],#A-3[L],(#A-3.F-1)[L],#A-3[L],(#A-3.#C-1)[L],#A-3[L],(F-1.#A-3.#a1.#a2)[L],#A-3[L],(#A-3.#C-1)[L],#A-3[L],(#A-3.F-1)[L],#A-3[L],(#A-3.#A-2.#A-1.#c3.#c2)[L],#A-3[L],(#A-3.F-1)[L],#A-3[L],(#C-1.#A-3)[L],#A-3[L],(F-1.#A-3.#d2.#d3)[L],#A-3[L],(#C-1.#A-3)[L],#A-3[L],(#A-3.F-1)[L],#A-3[L],(#A-2.#A-1.#A-3.c3.c2)[L],#A-3[L],(F-1.#A-3)[L],#A-3[L],(#A-3.#C-1)[L],#A-3[L],(F-1.#A-3.#a2.#a1)[L],#A-3[L],(#A-3.#C-1)[L],#A-3[L],(#A-3.F-1)[L],#A-3[L],(#A-2.#A-1.#A-3.#c3.#c2)[L],#A-3[L],(F-1.#A-3)[L],#A-3[L],(#C-1.#A-3)[L],#A-3[L],(F-1.#A-3.#d2.#d3)[L],#A-3[L],(#C-1.#A-3)[L],#A-3[L],(F-1.#A-3)[L],#A-3[L],(#A-1.#A-2.#A-3.c2.c3)[L],#A-3[L],(#A-3.F-1)[L],#A-3[L],(#A-3.#C-1)[L],#A-3[L],(#A-3.F-1.#a1.#a2)[L],#A-3[L],(#A-3.#C-1)[L],#A-3[L],(F-1.#A-3)[L],#A-3[L],(#A-2.#A-1.#A-3.#a1.#a)[L],#A-3[L],(F-1.#A-3)[L],(#A-3.c2.c1)[L],(#C-1.#A-3)[L],#A-3[L],(F-1.#A-3.#c1.#c2)[L],#A-3[L],(#A-3.#C-1)[L],(#A-3.#d2.#d1)[L],(#A-3.F-1)[L],#A-3[L],(#A-2.#A-1.#A-3.f2.f1)[L],#A-3[L],(F-1.#A-3)[L],(#A-3.#f1.#f2)[L],(#A-3.#C-1)[L],#A-3[L],(#A-3.F-1.#g1.#g2)[L],#A-3[L],(#A-3.#C-1)[L],(#A-3.#a1.#a2)[L],(#A-3.F-1)[L],#A-3[L],(#A-3.#A-1.#A-2.#c2.#c3)[L],#A-3[L],(F-1.#A-3)[L],#A-3[L],(#C-1.#A-3)[L],#A-3[L],(F-1.#A-3.#d2.#d3)[L],#A-3[L],(#C-1.#A-3)[L],#A-3[L],(#A-3.F-1)[L],#A-3[L],(#A-3.#A-2.#A-1.c3.c2)[L],#A-3[L],(F-1.#A-3)[L],#A-3[L],(#A-3.#C-1)[L],#A-3[L],(#A-3.F-1.#a2.#a1)[L],#A-3[L],(#A-3.#C-1)[L],#A-3[L],(#A-3.F-1)[L],#A-3[L],(#A-2.#A-1.#A-3.#c3.#c2)[L],#A-3[L],(F-1.#A-3)[L],#A-3[L],(#C-1.#A-3)[L],#A-3[L],(F-1.#A-3.#d2.#d3)[L],#A-3[L],(#C-1.#A-3)[L],#A-3[L],(F-1.#A-3)[L],#A-3[L],(#A-3.#A-2.#A-1.c3.c2)[L],#A-3[L],(#A-3.F-1)[L],#A-3[L],(#A-3.#C-1)[L],#A-3[L],(#A-3.F-1.#a2.#a1)[L],#A-3[L],(#A-3.#C-1)[L],#A-3[L],(#A-3.F-1)[L],#A-3[L],(#A-3.#A-2.#A-1.#c3.#c2)[L],#A-3[L],(F-1.#A-3)[L],#A-3[L],(#A-3.#C-1)[L],#A-3[L],(F-1.#A-3.#d3.#d2)[L],#A-3[L],(#C-1.#A-3)[L],#A-3[L],(F-1.#A-3)[L],#A-3[L],(#A-1.#A-2.#A-3.c2.c3)[L],#A-3[L],(#A-3.F-1)[L],#A-3[L],(#A-3.#C-1)[L],#A-3[L],(#A-3.F-1.#a2.#a1)[L],#A-3[L],(#C-1.#A-3)[L],#A-3[L],(#A-3.F-1)[L],#A-3[L],(#F-2.#F-1.#f.#f1)[L],#F-2[L],(#F-2.#c)[L],(#F-2.#g.#g1)[L],(#F-2.A-1)[L],#F-2[L],(#F-2.#c.a1.a)[L],#F-2[L],(#F-2.A-1)[L],(#F-2.b1.b)[L],(#F-2.#c)[L],#F-2[L],(#F-2.#f.#F-1.#c1.#c2)[L],#F-2[L],(#F-2.#c)[L],(#F-2.d1.d2)[L],(#F-2.A-1)[L],#F-2[L],(#F-2.#c.e2.e1)[L],#F-2[L],(#F-2.A-1)[L],(#F-2.#f1.#f2)[L],(#F-2.#c)[L],#F-2[L],(#F-2.#f.#F-1.a1.a2)[L],#F-2[L],(#F-2.#c)[L],#F-2[L],(#F-2.A-1)[L],#F-2[L],(#F-2.#c.b1.b2)[L],#F-2[L],(#F-2.A-1)[L],#F-2[L],(#F-2.#c)[L],#F-2[L],(#F-2.#F-1.#f.#g2.#g1)[L],#F-2[L],(#F-2.#c)[L],#F-2[L],(#F-2.A-1)[L],#F-2[L],(#F-2.#c.#f2.#f1)[L],#F-2[L],(#F-2.A-1)[L],#F-2[L],(#F-2.#c)[L],#F-2[L],(#F-2.#F-1.#f.#f3.a2.a1)[L],(#F-2.#f3)[L],(#F-2.#f3.#c)[L],(#F-2.#f3)[L],(#F-2.A-1.#f3)[L],(#F-2.#f3)[L],(#F-2.#c.#f3.b2.b1)[L],(#F-2.#f3)[L],(#F-2.A-1.#f3)[L],(#F-2.#f3)[L],(#F-2.#c.#f3)[L],(#F-2.#f3)[L],(#F-2.#F-1.#f.#f3.#g2.#g1)[L],(#F-2.#f3)[L],(#F-2.#f3.#c)[L],(#F-2.#f3)[L],(#F-2.#f3.A-1)[L],(#F-2.#f3)[L],(#F-2.#c.#f3.#f2.#f1)[L],(#F-2.#f3)[L],(#F-2.A-1.#f3)[L],(#F-2.#f3)[L],(#F-2.#c.#f3)[L],(#F-2.#f3)[L],(#F-2.#F-1.#f.a2.a1)[L],#F-2[L],(#F-2.#c)[L],#F-2[L],(#F-2.A-1)[L],#F-2[L],(#F-2.#c.b1.b2)[L],#F-2[L],(#F-2.A-1)[L],#F-2[L],(#F-2.#c)[L],#F-2[L],(#F-2.#f.#F-1.#g1.#g2)[L],#F-2[L],(#F-2.#c)[L],#F-2[L],(#F-2.A-1)[L],#F-2[L],(#F-2.#c.#f2.#f1)[L],#F-2[L],(#F-2.A-1)[L],#F-2[L],(#F-2.#c)[L],#F-2[L],(#F-2.#f.#F-1.#f1)[L],#F-2[L],(#F-2.#c)[L],(#F-2.#g.#g1)[L],(#F-2.A-1)[L],#F-2[L],(#F-2.#c.a1.a)[L],#F-2[L],(#F-2.A-1)[L],(#F-2.b1.b)[L],(#F-2.#c)[L],#F-2[L],(#F-2.#F-1.#f.#c2.#c1)[L],#F-2[L],(#F-2.#c)[L],(#F-2.d2.d1)[L],(#F-2.A-1)[L],#F-2[L],(#F-2.#c.e1.e2)[L],#F-2[L],(#F-2.A-1)[L],(#F-2.#f1.#f2)[L],(#F-2.#c)[L],#F-2[L],(#F-2.#f.#F-1.a1.a2)[L],#F-2[L],(#F-2.#c)[L],#F-2[L],(#F-2.A-1)[L],#F-2[L],(#F-2.#c.b1.b2)[L],#F-2[L],(#F-2.A-1)[L],#F-2[L],(#F-2.#c)[L],#F-2[L],(#F-2.#F-1.#f.#g2.#g1)[L],#F-2[L],(#F-2.#c)[L],#F-2[L],(#F-2.A-1)[L],#F-2[L],(#F-2.#c.#f2.#f1)[L],#F-2[L],(#F-2.A-1)[L],#F-2[L],(#F-2.#c)[L],#F-2[L],(#F-2.#f.#F-1.a1.a2)[N],#f2[MN],#F-2[N],#f2[MN],(#F-2.#c)[N],#f2[MN],#F-2[N],#f2[MN],(#F-2.A-1)[N],#f2[MN],#F-2[N],#f2[MN],(#F-2.#c.b2.b1)[N],#f2[MN],#F-2[N],#f2[MN],(#F-2.A-1)[N],#f2[MN],#F-2[N],#f2[MN],(#F-2.#c)[N],#f2[MN],#F-2[N],#f2[MN],(#F-2.#f.#F-1.#g1.#g2)[N],#f2[MN],#F-2[N],#f2[MN],(#F-2.#c)[N],#f2[MN],#F-2[N],#f2[MN],(#F-2.A-1)[N],#f2[MN],#F-2[N],#f2[MN],(#F-2.#c.#f1.#f2)[N],#f2[MN],#F-2[N],#f2[MN],(#F-2.A-1)[N],#f2[MN],#F-2[N],#f2[MN],(#F-2.#c)[N],#f2[MN],#F-2[N],#f2[MN],(#F-2.#f.#F-1.a1.a2)[LP],#F-2[L],(#F-2.#c)[LP],#F-2[LP],(#F-2.A-1)[LP],#F-2[LP],(#F-2.#c.b1.b2)[LO],#F-2[LP],(#F-2.A-1)[LO],#F-2[LO],(#F-2.#c)[LO],#F-2[LO],(#F-2.#F-1.#f.#g2.#g1)[LO],#F-2[LOP],(#F-2.#c)[LN],#F-2[LOP],(#F-2.A-1)[LN],#F-2[LNP],(#F-2.#c.#f2.#f1)[LNP],#F-2[LNO],(#F-2.A-1)[LM],#F-2[LMO],(#F-2.#c)[LMNP],#F-2[KO];"],"id":2,"instruments":["piano","piano"],"alternatives":["",""]},{"bpm":570,"baseBeats":0.5,"scores":["mute[JLMOP],mute[JLMN],mute[JLMOP],mute[JLMOP],mute[JLMOP],mute[LMNOP],mute[KLMN],mute[KLMNP],mute[LMNOP],mute[JLMOP],mute[JLMOP],mute[JLMOP],mute[JLMOP],mute[JLMN],mute[JLMOP],mute[LMNO],mute[KLMNP],mute[KLMNP],mute[LMNO],mute[JLMOP],mute[JLMN],mute[JLMOP],mute[JLMOP],mute[JLMOP],mute[JLMOP],mute[LMNOP],mute[KLMNP],mute[KLMN],mute[LMNOP],mute[JLMOP],mute[JLMOP],mute[JLMOP],mute[JLMN],mute[JLMOP],mute[JLMOP],mute[LMNO],mute[KLMNP],mute[KLMNP],mute[LMNO],mute[JLMN],mute[JLMOP],mute[JLMOP],mute[JLMOP],mute[JLMOP],mute[JLMN],mute[LMNO],mute[KLMNP],mute[KLMNP],mute[LMNO],mute[JLMOP],mute[JLMOP],mute[JLMN],mute[JLMOP],mute[JLMOP],mute[JLMOP],mute[LMNOP],mute[KLMN],mute[KLMNP],mute[LMNOP],mute[JLMOP],mute[JLMOP],mute[JLMOP],mute[JLMOP],mute[JLMN],mute[JLMOP],mute[LMNO],mute[KLMNP],mute[KLMNP],mute[LMNO],mute[JLMOP],mute[JLMN],mute[JLMOP],mute[JLMOP],mute[JLMOP],mute[JLMOP],mute[LMNOP],mute[KLMNP],mute[KLMN],mute[LMNOP],mute[JLMOP],mute[JLMOP],mute[JLMP],mute[JLMP],mute[JLNOP],mute[JLNO],mute[LMNP],mute[KLMP],mute[KLM],mute[LMN],mute[JLN],mute[JLO],mute[JLO],mute[JLP],mute[JMNOP],mute[JL],mute[LMO],mute[KLN],mute[KLOP],mute[LMO],mute[JMNP],mute[JMN],mute[JMOP],mute[JMO],mute[JMO],mute[JMP],mute[LM],mute[KL],mute[KMNOP],mute[LM],mute[JNOP],mute[JNO],mute[JNO],mute[JNP],mute[JN],mute[JOP],mute[LNOP],mute[KMN],mute[KMNP],mute[LNO],mute[JO],mute[JP],mute[J],mute[KLMNOP],mute[KLMNOP],mute[KLMNO],mute[LNP],mute[KMP],mute[KMP],mute[LN],mute[KLMN],mute[KLMN],mute[KLMOP],mute[KLMO],mute[KLMO],mute[KLMP],mute[LOP],mute[KNO],mute[KNO],mute[LO],mute[KLM],mute[KLNOP],mute[KLNOP],mute[KLNO],mute[KLNP],mute[KLNP],mute[LO],mute[KOP],mute[KOP],mute[LP],mute[KLN],mute[KLOP],mute[KLOP],mute[KLO],mute[KLO],mute[KLP],mute[LP],mute[K],mute[KP],mute[L],mute[KL],mute[KL],mute[KL],mute[KL],mute[KL],mute[KL],mute[L],mute[K],mute[K],mute[L],mute[KL],mute[KL],mute[KL],mute[KL],mute[KL],mute[KL],mute[L],mute[K],mute[K],mute[L],mute[KL],mute[KL],mute[KL],mute[KL],mute[KL],mute[KL],mute[L],mute[K],mute[K],mute[L],mute[KL],mute[KL],mute[KL],mute[KL],mute[KL],mute[KL],mute[L],mute[K],mute[K],mute[L],mute[KL],mute[KL],mute[KL],mute[KL],mute[KL],mute[KL],mute[L],mute[K],mute[K],mute[L],mute[KL],mute[KL],mute[KL],mute[KL],mute[KL],mute[KL],mute[L],mute[K],mute[K],mute[L],mute[KL],mute[KL],mute[KL],mute[KL],mute[KL],mute[KL],mute[L],mute[K],mute[K],mute[L],mute[KL],mute[KL],mute[KL],mute[KL],mute[KL],mute[KL],mute[L],mute[K],mute[K],mute[L],mute[KL],mute[KL],mute[KL],mute[KL],mute[KL],mute[KL],mute[L],mute[K],mute[K],mute[L],mute[KL],mute[KL],mute[KL],mute[KL],mute[KL],mute[KL],mute[L],mute[K],mute[K],mute[L],mute[KL],mute[KL],mute[KL],mute[KL],mute[KL],mute[KL],mute[L],mute[K],mute[K],mute[L],mute[KL],mute[KL],mute[KL],mute[KL],mute[KL],mute[KL],mute[L],mute[K],mute[K],mute[L],mute[KL],mute[KL],mute[KL],mute[KL],mute[KL],mute[KL],mute[L],mute[K],mute[K],mute[L],mute[KL],mute[KL],mute[KL],mute[KL],mute[KL],mute[KL],mute[L],mute[K],mute[K],mute[L],mute[KL],mute[KL],mute[KL],mute[KL],mute[KL],mute[KL],mute[L],mute[K],mute[K],mute[L],mute[KL],mute[KL],mute[KL],mute[KL],mute[KL],mute[KL],mute[L],mute[K],mute[K],mute[L],mute[KL],mute[JK],mute[JK],mute[J],mute[K],mute[K],mute[J],mute[JK],mute[JK],mute[J],mute[K],mute[K],mute[J],mute[JK],mute[JK],mute[J],mute[K],mute[K],mute[J],mute[JK],mute[JK],mute[J],mute[K],mute[K],mute[J],mute[JK],mute[JK],mute[J],mute[K],mute[K],mute[J],mute[JK],mute[JK],mute[J],mute[K],mute[K],mute[J],mute[JK],mute[JK],mute[J],mute[K],mute[K],mute[J],mute[JK],mute[JK],mute[J],mute[K],mute[K],mute[J],mute[JK],mute[JK],mute[J],mute[K],mute[K],mute[J],mute[JK],mute[JK],mute[J],mute[K],mute[K],mute[J],mute[JK],mute[JK],mute[J],mute[K],mute[K],mute[J],mute[JK],mute[JK],mute[J],mute[K],mute[K],mute[J],mute[JK],mute[JK],mute[J],mute[K],mute[K],mute[J],mute[JK],mute[JK],mute[J],mute[K],mute[K],mute[J],mute[JK],mute[JK],mute[J],mute[K],mute[K],mute[J],mute[JK],mute[JK],mute[J],mute[K],mute[K],mute[J],5<U>,5<U>,5<U>,5<U>,5<U>,5<U>,5<U>,5<U>,5<U>,5<U>,5<U>,5<U>,5<U>,5<U>,5<U>,5<U>,5<U>,5<U>,5<U>,5<U>,5<U>,5<U>,5<U>,5<U>,5<U>,5<U>,5<U>,5<U>,5<U>,5<U>,5<U>,5<U>,5<U>,5<U>,5<U>,5<U>,5<U>,5<U>,5<U>,5<U>,5<U>,5<U>,5<U>,5<U>,5<U>,5<U>,5<U>,5<U>,5<U>,5<U>,5<U>,5<U>,5<U>,5<U>,5<U>,5<U>,5<U>,5<U>,5<U>,5<U>,5<U>,5<U>,5<U>,5<U>,5<U>,5<U>,5<U>,5<U>,5<U>,5<U>,5<U>,5<U>,5<U>,5<U>,5<U>,5<U>,5<U>,5<U>,5<U>,5<U>,5<U>,5<U>,5<U>,5<U>,5<U>,5<U>,5<U>,5<U>,5<U>,5<U>,5<U>,5<U>,5<U>,5<U>,5<U>,5<U>,5<U>,5<U>,5<U>,5<U>,5<U>,5<U>,5<U>,5<U>,5<U>,5<U>,5<U>,5<U>,mute[K],mute[K],mute[K],mute[K],mute[K],mute[K],mute[K],mute[KM],mute[LM],mute[K],mute[KM],mute[LM],mute[K],mute[K],mute[K],mute[K],mute[K],mute[K],mute[K],mute[KM],mute[LM],mute[K],mute[KM],mute[LM],mute[K],mute[K],mute[K],mute[K],mute[K],mute[K],mute[K],mute[KM],mute[LM],mute[K],mute[KM],mute[LM],mute[K],mute[K],mute[K],mute[K],mute[K],mute[K],5<U>,5<U>,5<U>,5<U>,5<U>,5<U>,5<U>,5<U>,5<U>,5<U>,5<U>,5<U>,5<U>,5<U>,5<U>,5<U>,5<U>,5<U>,5<U>,5<U>,5<U>,5<U>,5<U>,5<U>,5<U>,5<U>,5<U>,5<U>,5<U>,5<U>,5<U>,5<U>,5<U>,5<U>,5<U>,5<U>,5<U>,5<U>,5<U>,5<U>,5<U>,5<U>,5<U>,5<U>,5<U>,5<U>,5<U>,5<U>,5<U>,5<U>,5<U>,5<U>,5<U>,5<U>,5<U>,5<U>,5<U>,5<U>,5<U>,5<U>,5<U>,5<U>,5<U>,5<U>,5<U>,5<U>,5<U>,5<U>,5<U>,5<U>,5<U>,5<U>,5<U>,5<U>,5<U>,5<U>,5<U>,5<U>,5<U>,5<U>,5<U>,5<U>,5<U>,5<U>,5<U>,5<U>,5<U>,5<U>,5<U>,5<U>,5<U>,5<U>,5<U>,5<U>,5<U>,5<U>,5<U>,5<U>,5<U>,5<U>,5<U>,5<U>,5<U>,5<U>,5<U>,5<U>,5<U>,5<U>,mute[K],mute[K],mute[K],mute[K],mute[K],mute[K],mute[K],mute[KM],mute[LM],mute[K],mute[KM],mute[LM],mute[K],mute[K],mute[K],mute[K],mute[K],mute[K],mute[K],mute[KM],mute[LM],mute[K],mute[KM],mute[LM],mute[K],mute[K],mute[K],mute[K],mute[K],mute[K],5<U>,5<U>,5<U>,5<U>,5<U>,5<U>,5<U>,5<U>,5<U>,5<U>,5<U>,5<U>,5<U>,5<U>,5<U>,5<U>,5<U>,5<U>,5<U>,5<U>,5<U>,5<U>,5<U>,5<U>,5<U>,5<U>,5<U>,5<U>,5<U>,5<U>,5<U>,5<U>,5<U>,5<U>,5<U>,5<U>,5<U>,5<U>,5<U>,5<U>,5<U>,5<U>,5<U>,5<U>,5<U>,5<U>,5<U>,5<U>,5<U>,5<U>,5<U>,5<U>,5<U>,5<U>,5<U>,5<U>,5<U>,5<U>,5<U>,5<U>,5<U>,5<U>,5<U>,5<U>,5<U>,5<U>,5<U>,5<U>,5<U>,5<U>,5<U>,5<U>,5<U>,5<U>,5<U>,5<U>,5<U>,5<U>,5<U>,5<U>,5<U>,5<U>,5<U>,5<U>,5<U>,5<U>,5<U>,5<U>,5<U>,5<U>,5<U>,5<U>,5<U>,5<U>,5<U>,5<U>,5<U>,5<U>,5<U>,5<U>,5<U>,5<U>,5<U>,5<U>,5<U>,5<U>,5<U>,5<U>,5<U>,5<U>,5<U>,5<U>,5<U>,5<U>,5<U>,5<U>,5<U>,5<U>,5<U>,5<U>,5<U>,5<U>,5<U>,5<U>,5<U>,5<U>,5<U>,5<U>,5<U>,5<U>,5<U>,5<U>,mute[K],mute[K],mute[K],mute[K],mute[K],mute[K],mute[K],mute[KM],mute[LM],mute[K],mute[KM],mute[LM],mute[K],mute[K],mute[K],mute[K],mute[K],mute[K],mute[K],mute[KM],mute[LM],mute[K],mute[KM],mute[LM],mute[K],mute[K],mute[K],mute[K],mute[K],mute[K],mute[K],mute[KM],mute[LM],mute[K],mute[KM],mute[LM],mute[K],mute[K],mute[K],mute[K],mute[K],mute[K],5<U>,5<U>,5<U>,5<U>,5<U>,5<U>,5<U>,5<U>,5<U>,5<U>,5<U>,5<U>,5<U>,5<U>,5<U>,5<U>,5<U>,5<U>,5<U>,5<U>,5<U>,5<U>,5<U>,5<U>,5<U>,5<U>,5<U>,5<U>,5<U>,5<U>,5<U>,5<U>,5<U>,5<U>,5<U>,5<U>,5<U>,5<U>,5<U>,5<U>,5<U>,5<U>,5<U>,5<U>,5<U>,5<U>,5<U>,5<U>,5<U>,5<U>,5<U>,5<U>,5<U>,5<U>,5<U>,5<U>,5<U>,5<U>,5<U>,5<U>,5<U>,5<U>,5<U>,5<U>,5<U>,5<U>,5<U>,5<U>,5<U>,5<U>,5<U>,5<U>,5<U>,5<U>,5<U>,5<U>,5<U>,5<U>,5<U>,5<U>,5<U>,5<U>,5<U>,5<U>,5<U>,5<U>,5<U>,5<U>,5<U>,5<U>,5<U>,5<U>,5<U>,5<U>,5<U>,5<U>,5<U>,5<U>,5<U>,5<U>,5<U>,5<U>,5<U>,5<U>,5<U>,5<U>,5<U>,5<U>,mute[K],mute[K],mute[K],mute[K],mute[K],mute[K],mute[K],mute[KM],mute[LM],mute[K],mute[KM],mute[LM],mute[K],mute[K],mute[K],mute[K],mute[K],mute[K],mute[K],mute[KM],mute[LM],mute[K],mute[KM],mute[LM],mute[K],mute[K],mute[K],mute[K],mute[K],mute[K],mute[K],mute[KM],mute[LM],mute[K],mute[KM],mute[LM],mute[K],mute[K],mute[K],mute[K],mute[K],mute[HHHHIK],mute[LM],mute[LM],mute[LM],mute[LM],mute[LM],mute[LM],mute[LM],mute[LM],mute[LM],mute[LM],mute[LM],mute[LM],mute[LM],mute[LM],mute[LM],mute[LM],mute[JKP],mute[JKP],mute[JKOP],mute[JKN],mute[JKNP],mute[JKNO],mute[JKNOP],mute[JKM],mute[JKMO],mute[JKMOP],mute[JKMN],mute[JKMNP],mute[JKMNOP],mute[JKL],mute[JKLO],mute[JKLOP],mute[JKLNP],mute[JKLNO],mute[JKLNOP],mute[JKLMO],mute[JKLMOP],mute[JKLMN],mute[JKLMNOP],mute[I],mute[IO],mute[IN],mute[INO],mute[IM],mute[IMO],mute[IMN],mute[IMNOP],mute[IL],mute[ILN],mute[ILNP],mute[ILM],mute[ILMOP],mute[ILMNP],mute[IKP],mute[IKOP],mute[IKNO],mute[IKMP],mute[IKMNP],mute[IKL],mute[IKLOP],mute[IKLM],mute[IKLMOP],mute[IKLMNO],mute[IJN],mute[IJNOP],mute[IJMN],mute[IJLP],mute[IJLNP],mute[IJLMOP],mute[IJK],mute[IJKNO],mute[IJKMNP],mute[IJKLO],mute[IJKLMP],mute[HP],mute[HM],mute[HMNOP],mute[HLMP],mute[HKP],mute[HHHHHHKM];","(F-1.f3)[JLMOP],c[JLMN],f[JLMOP],g[JLMOP],(#g.c3)[JLMOP],c1[LMNOP],f3[KLMN],#d1[KLMNP],c3[LMNOP],c1[JLMOP],(g1.b.f.b2)[JLMOP],c1[JLMOP],#g[JLMOP],c[JLMN],(#g2.f)[JLMOP],c[LMNO],g2[KLMNP],#G-1[KLMNP],#d3[LMNO],c[JLMOP],(f2.f3.F-1)[JLMN],c[JLMOP],f[JLMOP],g[JLMOP],(#g.c3)[JLMOP],c1[LMNOP],f3[KLMNP],#d1[KLMN],c3[LMNOP],c1[JLMOP],(b2.f.b.f1)[JLMOP],c1[JLMOP],#g[JLMN],c[JLMOP],(#g2.f)[JLMOP],#g[LMNO],g2[KLMNP],c[KLMNP],#d3[LMNO],F-1[JLMN],(f3.#C-1)[JLMOP],#G-1[JLMOP],#c[JLMOP],#d[JLMOP],(f.#c3)[JLMN],#g[LMNO],f3[KLMNP],#c1[KLMNP],#c3[LMNO],#g[JLMOP],(c3.#c.c1)[JLMOP],#g[JLMN],f[JLMOP],#c[JLMOP],(#a2.f)[JLMOP],#c[LMNOP],#g2[KLMN],c[KLMNP],#d3[LMNOP],#G-1[JLMOP],(f3.g2.#C-1)[JLMOP],#G-1[JLMOP],#c[JLMOP],#d[JLMN],(#c3.f)[JLMOP],#g[LMNO],f3[KLMNP],#c1[KLMNP],#c3[LMNO],#g[JLMOP],(c3.#c.c1)[JLMN],#g[JLMOP],f[JLMOP],#c[JLMOP],(#a2.f)[JLMOP],#c[LMNOP],#g2[KLMNP],c[KLMN],#d3[LMNOP],#G-1[JLMOP],(f2.f3.F-1)[JLMOP],c[JLMP],f[JLMP],g[JLNOP],(c2.#g.c3)[JLNO],c1[LMNP],(f2.f3)[KLMP],#d1[KLM],(c2.c3)[LMN],c1[JLN],(b1.f.b.b2.F-1)[JLO],c1[JLO],#g[JLP],c[JMNOP],(#g1.#g2.f)[JL],c[LMO],(g1.g2)[KLN],#G-1[KLOP],(#d2.#d3)[LMO],c[JMNP],(f2.f3.F-1)[JMN],c[JMOP],f[JMO],g[JMO],(c2.c3.#g)[JMP],c1[LM],(f2.f3)[KL],#d1[KMNOP],(c2.c3)[LM],c1[JNOP],(b1.b2.f.b.F-1)[JNO],c1[JNO],#g[JNP],c[JN],(#g1.#g2.f)[JOP],#g[LNOP],(g1.g2)[KMN],c[KMNP],(#d2.#d3)[LNO],F-1[JO],(f2.#C-2.#C-1.f3)[JP],#G-1[J],#c[KLMNOP],#d[KLMNOP],(#c2.#c3.f)[KLMNO],#g[LNP],(f3.f2)[KMP],#c1[KMP],(#c3.#c2)[LN],#g[KLMN],(c2.c3.#c.c1.#C-1)[KLMN],#g[KLMOP],f[KLMO],#c[KLMO],(#a1.#a2.f)[KLMP],#c[LOP],(#g1.#g2)[KNO],c[KNO],(#d2.#d3)[LO],#G-1[KLM],(#C-2.#C-1.g2.f3)[KLNOP],#G-1[KLNOP],#c[KLNO],#d[KLNP],(#c2.#c3.f)[KLNP],#g[LO],(f3.f2)[KOP],#c1[KOP],(#g3.#c3.#c2)[LP],#g[KLN],(c2.#c.c1.#C-1.c3.g3)[KLOP],#g[KLOP],f[KLO],#c[KLO],(#a1.f.g2.#a2)[KLP],#c[LP],(f2.#g2.#g1)[K],c[KP],(#d2.#d3.#a2)[L],#G-1[KL],(F-1.f3)[KL],c[KL],f[KL],g[KL],(#g.c3)[KL],c1[L],f3[K],#d1[K],c3[L],c1[KL],(f.b.g1.b2)[KL],c1[KL],#g[KL],c[KL],(f.#g2)[KL],c[L],g2[K],#G-1[K],#d3[L],c[KL],(F-1.f2.f3)[KL],c[KL],f[KL],g[KL],(#g.c3)[KL],c1[L],f3[K],#d1[K],c3[L],c1[KL],(f1.b.f.b2)[KL],c1[KL],#g[KL],c[KL],(f.#g2)[KL],#g[L],g2[K],c[K],#d3[L],F-1[KL],(#C-1.f3)[KL],#G-1[KL],#c[KL],#d[KL],(f.#c3)[KL],#g[L],f3[K],#c1[K],#c3[L],#g[KL],(c1.#c.c3)[KL],#g[KL],f[KL],#c[KL],(f.#a2)[KL],#c[L],#g2[K],c[K],#d3[L],#G-1[KL],(#C-1.g2.f3)[KL],#G-1[KL],#c[KL],#d[KL],(f.#c3)[KL],#g[L],f3[K],#c1[K],#c3[L],#g[KL],(c1.#c.c3)[KL],#g[KL],f[KL],#c[KL],(f.#a2)[KL],#c[L],#g2[K],c[K],#d3[L],#G-1[KL],(F-1.f3.f2)[KL],c[KL],f[KL],g[KL],(#g.c3.c2)[KL],c1[L],(f3.f2)[K],#d1[K],(c3.c2)[L],c1[KL],(f.b.g1.b2.b1)[KL],c1[KL],#g[KL],c[KL],(f.#g2.#g1)[KL],c[L],(g2.g1)[K],#G-1[K],(#d3.#d2)[L],c[KL],(F-1.f3.f2)[KL],c[KL],f[KL],g[KL],(#g.c3.c2)[KL],c1[L],(f3.f2)[K],#d1[K],(c3.c2)[L],c1[KL],(f1.b.f.b2.b1)[KL],c1[KL],#g[KL],c[KL],(f.#g2.#g1)[KL],#g[L],(g2.g1)[K],c[K],(#d3.#d2)[L],F-1[KL],(#C-1.f3.f2)[KL],#G-1[KL],#c[KL],#d[KL],(f.#c3.#c2)[KL],#g[L],(f3.f2)[K],#c1[K],(#c3.#c2)[L],#g[KL],(c1.#c.c3.c2)[KL],#g[KL],f[KL],#c[KL],(f.#a2.#a1)[KL],#c[L],(#g2.#g1)[K],c[K],(#d3.#d2)[L],#G-1[KL],(#C-1.g2.f3.f2)[KL],#G-1[KL],#c[KL],#d[KL],(f.#c3.#c2)[KL],#g[L],(f3.f2)[K],#c1[K],(#c3.#c2)[L],#g[KL],(c1.#c.c3.c2)[KL],#g[KL],f[KL],#c[KL],(f.#a2.#a1)[KL],#c[L],(#g2.#g1)[K],c[K],(#d3.#d2)[L],#G-1[KL],(#G-1.#g.f2.f1)[JK],f[JK],(g.c2.c1)[J],(f2.f1)[K],c[K],(c2.c1)[J],(#G-1.#g.b1.b)[JK],f[JK],(g.#g1.#g)[J],(g1.g)[K],c[K],(#d2.#d1)[J],(#G-1.#g.f2.f1)[JK],f[JK],(g.c2.c1)[J],(f2.f1)[K],c[K],(c2.c1)[J],(#G-1.#g.b1.b)[JK],f[JK],(g.#g1.#g)[J],(g1.g)[K],c[K],(#d2.#d1)[J],(#A-1.#g.f2.f1)[JK],f[JK],(g.#c2.#c1)[J],(f2.f1)[K],#c[K],(#c2.#c1)[J],(#A-1.#g.c2.c1)[JK],f[JK],(g.#a1.#a)[J],(#g1.#g)[K],#c[K],(#d2.#d1)[J],(#A-1.#g.g1.f2.f1)[JK],f[JK],(g.#c2.#c1)[J],(f2.f1)[K],#c[K],(#c2.#c1)[J],(#A-1.#g.c2.c1)[JK],f[JK],(g.#a1.#a)[J],(#g1.#g)[K],#c[K],(#d2.#d1)[J],(#G-1.#g.f2.f1)[JK],f[JK],(g.c2.c1)[J],(f2.f1)[K],c[K],(c2.c1)[J],(#G-1.#g.b1.b)[JK],f[JK],(g.#g1.#g)[J],(g1.g)[K],c[K],(#d2.#d1)[J],(#G-1.#g.f2.f1)[JK],f[JK],(g.c2.c1)[J],(f2.f1)[K],c[K],(c2.c1)[J],(#G-1.#g.b1.b)[JK],f[JK],(g.#g1.#g)[J],(g1.g)[K],c[K],(#d2.#d1)[J],(#A-1.#g.f2.f1)[JK],f[JK],(g.#c2.#c1)[J],(f2.f1)[K],#c[K],(#c2.#c1)[J],(#A-1.#g.c2.c1)[JK],f[JK],(g.#a1.#a)[J],(#g1.#g)[K],#c[K],(#d2.#d1)[J],(#A-1.#g.g1.f2.f1)[JK],f[JK],(g.#c2.#c1)[J],(f2.f1)[K],#c[K],(#c2.#c1)[J],(#A-1.#g.c2.c1)[JK],f[JK],(g.#a1.#a)[J],(#g1.#g)[K],#c[K],(#d2.#d1)[J],(#c.#C-1.#c1)[L],#c1[L],(#G-1.#c1)[L],#c1[L],#c1[M],E-1[M],#c1[L],(e.#c1)[L],#c1[L],(#G-1.#c1)[L],#c1[L],#c1[M],E-1[M],#c1[L],(#g.#g1)[L],#g1[L],(#c.#g1)[L],#g1[L],(#G-1.#g1)[L],#g1[L],(#c1.#g1)[L],#g1[L],(a.#g1)[L],#g1[L],(#g.#g1)[L],#g1[L],(#c.#C-1.#d2.#d1)[L],#d2[L],(#G-1.#d2)[L],#d2[L],#d2[M],E-1[M],#d2[L],(e.#d2)[L],#d2[L],(#G-1.#d2)[L],#d2[L],#d2[M],E-1[M],#d2[L],(#g.e2.e1)[L],e2[L],(#c.e2)[L],e2[L],(#G-1.e2)[L],e2[L],(#c1.e2)[L],e2[L],(a.e2)[L],e2[L],(#g.e2)[L],e2[L],(#c.#C-1.#g2.#g1)[L],#g2[L],(#G-1.#g2)[L],#g2[L],#g2[M],E-1[M],#g2[L],(e.#g2)[L],#g2[L],(#G-1.#g2)[L],#g2[L],#g2[M],E-1[M],#g2[L],(#g.e2.e1)[L],e2[L],(#c.e2)[L],e2[L],(#G-1.e2)[L],e2[L],(#c1.e2)[L],e2[L],(a.e2)[L],e2[L],(#g.e2)[L],e2[L],(#c.#C-1.#d2.#d1)[L],#d2[L],(#G-1.#d2)[L],#d2[L],#d2[M],E-1[M],#d2[L],(e.#d2)[L],#d2[L],(#G-1.#d2)[L],#d2[L],#d2[M],E-1[M],#d2[L],(#g.#c2.#c1)[L],#c2[L],(#c.#c2)[L],#c2[L],(#G-1.#c2)[L],#c2[L],(#c2.#c1)[L],#c2[L],(#d2.a.#d1)[L],#d2[L],(#g.#c2.#c1)[L],#c2[L],(c2.f.F-1.c1)[L],c2[L],(c.c2)[L],c2[L],c2[M],#G-1[M],c2[L],(c2.#g)[L],c2[L],(c2.c)[L],c2[L],c2[M],#G-1[M],c2[L],c1[K],f[K],c[K],f1[K],#c1[K],c1[K],(F-1.f.#g.#g1)[K],c[KM],#G-1[LM],(#g.#d2.#d1)[K],c[KM],#G-1[LM],(c1.#a2.#a1)[K],f[K],c[K],(f1.g2.g1)[K],#c1[K],c1[K],(F-1.f.#g2.#g1)[K],c[KM],#G-1[LM],#g[K],c[KM],#G-1[LM],c1[K],f[K],c[K],f1[K],#c1[K],c1[K],(f.F-1.f2.f1)[K],c[KM],#G-1[LM],#g[K],c[KM],#G-1[LM],c1[K],f[K],c[K],f1[K],#c1[K],c1[K],(#c.#C-1.#c1)[L],#c1[L],(#G-1.#c1)[L],#c1[L],#c1[M],E-1[M],#c1[L],(e.#c1)[L],#c1[L],(#G-1.#c1)[L],#c1[L],#c1[M],E-1[M],#c1[L],(#g.#g1)[L],#g1[L],(#c.#g1)[L],#g1[L],(#G-1.#g1)[L],#g1[L],(#c1.#g1)[L],#g1[L],(a.#g1)[L],#g1[L],(#g.#g1)[L],#g1[L],(#C-1.#c.#d2.#d1)[L],#d2[L],(#G-1.#d2)[L],#d2[L],#d2[M],E-1[M],#d2[L],(e.#d2)[L],#d2[L],(#G-1.#d2)[L],#d2[L],#d2[M],E-1[M],#d2[L],(#g.e2.e1)[L],e2[L],(#c.e2)[L],e2[L],(#G-1.e2)[L],e2[L],(#c1.e2)[L],e2[L],(a.e2)[L],e2[L],(#g.e2)[L],e2[L],(#C-1.#c.#g2.#g1)[L],#g2[L],(#G-1.#g2)[L],#g2[L],#g2[M],E-1[M],#g2[L],(e.#g2)[L],#g2[L],(#G-1.#g2)[L],#g2[L],#g2[M],E-1[M],#g2[L],(#g.e2.e1)[L],e2[L],(#c.e2)[L],e2[L],(#G-1.e2)[L],e2[L],(#c1.e2)[L],e2[L],(a.e2)[L],e2[L],(#g.e2)[L],e2[L],(#c.#C-1.#d2.#d1)[L],#d2[L],(#G-1.#d2)[L],#d2[L],#d2[M],E-1[M],#d2[L],(e.#d2)[L],#d2[L],(#G-1.#d2)[L],#d2[L],#d2[M],E-1[M],#d2[L],(#g.#c2.#c1)[L],#c2[L],(#c.#c2)[L],#c2[L],(#G-1.#c2)[L],#c2[L],(#c1.#c2)[L],#c2[L],(a.#d2.#d1)[L],#d2[L],(#g.#c2.#c1)[L],#c2[L],(c2.F-1.f.c1)[L],c2[L],(c2.c)[L],c2[L],c2[M],#G-1[M],c2[L],(c2.#g)[L],c2[L],(c2.c)[L],c2[L],c2[M],#G-1[M],c2[L],c1[K],f[K],c[K],f1[K],#c1[K],c1[K],(F-1.f.#g1.#g)[K],c[KM],#G-1[LM],(#g.#d1.#d2)[K],c[KM],#G-1[LM],(c1.#a2.#a1)[K],f[K],c[K],(f1.c3.c2)[K],#c1[K],c1[K],(F-1.f.f2.f1)[K],c[KM],#G-1[LM],#g[K],c[KM],#G-1[LM],c1[K],f[K],c[K],f1[K],#c1[K],c1[K],(f.F-1.f2.f3)[MN],(f2.f3)[MN],(f3.f2)[M],c[N],(f3.f2)[MN],(f3.f2)[MN],(f3.f2)[MN],(#G-1.f3.f2)[MN],(f3.f2)[MN],(#g.f3.f2)[MN],(f3.f2)[MN],(f3.f2)[M],c[N],(f3.f2)[MN],(f3.f2)[MN],(f3.f2)[MN],(#G-1.f3.f2)[MN],(f3.f2)[MN],(c1.f3.f2)[MN],(f3.f2)[MN],(f3.f2)[M],f[N],(f3.f2)[MN],(f3.f2)[MN],(f2.f3)[N],c[M],(f2.f3)[MN],(f2.f3)[MN],(f1.f3.f2)[MN],(f3.f2)[MN],(f3.f2)[M],#c1[N],(f3.f2)[MN],(f3.f2)[MN],(f2.f3)[N],c1[M],(f2.f3)[MN],(f2.f3)[MN],(#c2.#c.#C-1.#c1)[L],#c2[L],(#c2.#G-1)[L],#c2[L],#c2[M],E-1[M],#c2[L],(#c2.e)[L],#c2[L],(#c2.#G-1)[L],#c2[L],#c2[M],E-1[M],#c2[L],(#g2.#g.#g1)[L],#g2[L],(#g2.#c)[L],#g2[L],(#g2.#G-1)[L],#g2[L],(#g2.#c1)[L],#g2[L],(#g2.a)[L],#g2[L],(#g2.#g)[L],#g2[L],(#d3.#C-1.#c.#d2)[L],#d3[L],(#d3.#G-1)[L],#d3[L],#d3[M],E-1[M],#d3[L],(#d3.e)[L],#d3[L],(#d3.#G-1)[L],#d3[L],#d3[M],E-1[M],#d3[L],(#g.e3.e2)[L],e3[L],(#c.e3)[L],e3[L],(#G-1.e3)[L],e3[L],(#c1.e3)[L],e3[L],(a.e3)[L],e3[L],(#g.e3)[L],e3[L],(#c.#C-1.#g3.#g2)[L],#g3[L],(#G-1.#g3)[L],#g3[L],#g3[M],E-1[M],#g3[L],(e.#g3)[L],#g3[L],(#G-1.#g3)[L],#g3[L],#g3[M],E-1[M],#g3[L],(#g.e3.e2)[L],e3[L],(#c.e3)[L],e3[L],(#G-1.e3)[L],e3[L],(#c1.e3)[L],e3[L],(a.e3)[L],e3[L],(#g.e3)[L],e3[L],(#C-1.#c.#d3.#d2)[L],#d3[L],(#G-1.#d3)[L],#d3[L],#d3[M],E-1[M],#d3[L],(e.#d3)[L],#d3[L],(#G-1.#d3)[L],#d3[L],#d3[M],E-1[M],#d3[L],(#g.#c3.#c2)[L],#c3[L],(#c.#c3)[L],#c3[L],(#G-1.#c3)[L],#c3[L],(#c1.#c3)[L],#c3[L],(a.#d3.#d2)[L],#d3[L],(#c3.#g.#c2)[L],#c3[L],(F-1.f.c3.c2)[L],c3[L],(c.c3)[L],c3[L],c3[M],#G-1[M],c3[L],(#g.c3)[L],c3[L],(c.c3)[L],c3[L],c3[M],#G-1[M],c3[L],c1[K],f[K],c[K],f1[K],#c1[K],c1[K],(F-1.f.#g1.#g2)[K],c[KM],#G-1[LM],(#g.#d2.#d3)[K],c[KM],#G-1[LM],(c1.#a3.#a2)[K],f[K],c[K],(f1.g3.g2)[K],#c1[K],c1[K],(f.F-1.#g2.#g3)[K],c[KM],#G-1[LM],#g[K],c[KM],#G-1[LM],c1[K],f[K],c[K],f1[K],#c1[K],c1[K],(f.F-1.f3.f2)[K],c[KM],#G-1[LM],#g[K],c[KM],#G-1[LM],c1[K],f[K],c[K],f1[K],#c1[K],c1[K],(#C-1.#c.#c2.#c1)[L],#c2[L],(#G-1.#c2)[L],#c2[L],#c2[M],E-1[M],#c2[L],(e.#c2)[L],#c2[L],(#G-1.#c2)[L],#c2[L],#c2[M],E-1[M],#c2[L],(#g.#g2.#g1)[L],#g2[L],(#c.#g2)[L],#g2[L],(#G-1.#g2)[L],#g2[L],(#c1.#g2)[L],#g2[L],(a.#g2)[L],#g2[L],(#g.#g2)[L],#g2[L],(#C-1.#c.#d3.#d2)[L],#d3[L],(#G-1.#d3)[L],#d3[L],#d3[M],E-1[M],#d3[L],(e.#d3)[L],#d3[L],(#G-1.#d3)[L],#d3[L],#d3[M],E-1[M],#d3[L],(#g.e3.e2)[L],e3[L],(#c.e3)[L],e3[L],(#G-1.e3)[L],e3[L],(#c1.e3)[L],e3[L],(a.e3)[L],e3[L],(#g.e3)[L],e3[L],(#C-1.#c.#g3.#g2)[L],#g3[L],(#G-1.#g3)[L],#g3[L],#g3[M],E-1[M],#g3[L],(e.#g3)[L],#g3[L],(#G-1.#g3)[L],#g3[L],#g3[M],E-1[M],#g3[L],(#g.e3.e2)[L],e3[L],(#c.e3)[L],e3[L],(#G-1.e3)[L],e3[L],(#c1.e3)[L],e3[L],(a.e3)[L],e3[L],(#g.e3)[L],e3[L],(#C-1.#c.#d3.#d2)[L],#d3[L],(#G-1.#d3)[L],#d3[L],#d3[M],E-1[M],#d3[L],(e.#d3)[L],#d3[L],(#G-1.#d3)[L],#d3[L],#d3[M],E-1[M],#d3[L],(#c3.#g.#c2)[L],#c3[L],(#c.#c3)[L],#c3[L],(#c3.#G-1)[L],#c3[L],(#c3.#c1)[L],#c3[L],(#d3.a.#d2)[L],#d3[L],(#g.#c3.#c2)[L],#c3[L],(f.F-1.c3.c2)[L],c3[L],(c.c3)[L],c3[L],c3[M],#G-1[M],c3[L],(#g.c3)[L],c3[L],(c.c3)[L],c3[L],c3[M],#G-1[M],c3[L],c1[K],f[K],c[K],f1[K],#c1[K],c1[K],(F-1.f.#g.#g1)[K],c[KM],#G-1[LM],(#g.c2.#d2.#d1)[K],c[KM],#G-1[LM],(c1.#d2.#a2.#a1)[K],f[K],c[K],(f1.f2.c3.c2)[K],#c1[K],c1[K],(F-1.f.#g2.f3.f2)[K],c[KM],#G-1[LM],#g[K],c[KM],#G-1[LM],c1[K],f[K],c[K],f1[K],#c1[K],c1[K],(F-1.f)[K],c[KM],#G-1[LM],#g[K],c[KM],#G-1[LM],c1[K],f[K],c[K],f1[K],#c1[K],c1[HHHHIK],#g2[LM],#g2[LM],#g2[LM],#g2[LM],#g2[LM],#g2[LM],#g2[LM],#g2[LM],#g2[LM],#g2[LM],#g2[LM],#g2[LM],#g2[LM],#g2[LM],#g2[LM],#g2[LM],(F-1.#g2)[JKP],c3[JKP],#g2[JKOP],f2[JKN],#g2[JKNP],c3[JKNO],#g2[JKNOP],f2[JKM],(#g2.f)[JKMO],c3[JKMOP],#g2[JKMN],f2[JKMNP],#g2[JKMNOP],c3[JKL],#g2[JKLO],f2[JKLOP],(E-1.#g2)[JKLNP],b2[JKLNO],#g2[JKLNOP],e2[JKLMO],#g2[JKLMOP],b2[JKLMN],#g2[JKLMNOP],e2[I],(e.#g2)[IO],b2[IN],#g2[INO],e2[IM],#g2[IMO],b2[IMN],#g2[IMNOP],e2[IL],(#g2.F-1)[ILN],c3[ILNP],#g2[ILM],f2[ILMOP],#g2[ILMNP],c3[IKP],(#g2.f)[IKOP],(f2.#g)[IKNO],(#g2.g)[IKMP],c3[IKMNP],#g2[IKL],f2[IKLOP],#g2[IKLM],c3[IKLMOP],#g2[IKLMNO],f2[IJN],(E-1.#g2)[IJNOP],b2[IJMN],#g2[IJLP],e2[IJLNP],#g2[IJLMOP],b2[IJK],(#g2.B-1)[IJKNO],(e2.#f)[IJKMNP],(#g2.#d)[IJKLO],b2[IJKLMP],#g2[HP],e2[HM],#g2[HMNOP],b2[HLMP],#g2[HKP],e2[HHHHHHKM];"],"id":3,"instruments":["piano","piano"],"alternatives":["",""]}],"audition":{"start":[0,0],"end":[2,1107]}}