{"baseBpm":124,"musics":[{"bpm":124,"baseBeats":0.5,"scores":["mute[L],mute[L],mute[L],mute[L],mute[L],mute[LMN],mute[LM],mute[L],mute[L],mute[L],mute[L],mute[LMN],mute[LMN],mute[L],mute[L],mute[L],mute[L],mute[L],mute[LN],mute[LMN],mute[L],mute[L],mute[L],mute[L],mute[L],mute[L],mute[L],mute[L],mute[L],mute[L],mute[L],mute[L],mute[L],mute[LN],mute[LMNM],mute[L],mute[L],mute[L],mute[L],mute[LMN],mute[LMN],mute[L],mute[L],mute[L],mute[L],mute[L],mute[LN],mute[LMN],mute[L],mute[L],mute[L],mute[L],mute[L],mute[L],mute[L],mute[L],mute[L],mute[L],mute[L],mute[L],mute[L],mute[L],mute[L],mute[L],mute[L],mute[L],mute[L],mute[L],mute[L],mute[L],mute[L],mute[L],mute[L],mute[L],mute[L],mute[L],mute[L],mute[L],mute[L],mute[L],mute[L],mute[L],mute[L],mute[L],mute[L],mute[L],mute[L],mute[L],mute[L],mute[L],mute[L],mute[L],mute[L],mute[L],mute[L],mute[L],mute[L],mute[L],mute[L],mute[L],mute[L],mute[L],mute[L],mute[L],mute[L],mute[L],mute[L],mute[L],mute[L],mute[L],mute[L],mute[L],mute[L],mute[L],mute[L],mute[L],mute[L],mute[L],mute[L],mute[L],mute[L],mute[L],mute[L],mute[L],mute[L],mute[L],mute[L],mute[L],mute[L],mute[LN],mute[L],mute[L],mute[L],mute[L],mute[L],mute[L],mute[L],mute[L],mute[L],mute[L],mute[L],mute[L],mute[L],mute[L],mute[L],mute[L],mute[L],mute[L],mute[L],mute[L],mute[L],mute[L],mute[L],mute[L],mute[L],mute[L],mute[L],mute[L],mute[L],mute[LN];","#c2[L],(#F-1.#c2)[L],c2[L],(#F-1.c2)[L],#g1[L],(#F-1.f1)[N],#g1[MN],VW,#c1[N],(#F-1.#d1)[MN],#c1[N],W,#c2[MN],(#F-1.#c2)[L],c2[L],(#F-1.c2)[L],#g1[L],(#F-1.f1)[N],#g1[MN],VW,#c1[N],(#F-1.#d1)[MN],#c1[N],f1[L],(#c.f1)[L],#d1[L],(#c.#d1)[L],#c1[L],(#c.c1)[N],#c1[MN],VW,#g1[N],(#c.#a1)[MN],#g1[N],f2[L],(#c.#f2)[L],f2[L],(#c.#d2)[L],#c2[MN],c2[N],(#c.#c2)[L],#g1[L],(#c.#a1)[L],#c2[L],(#F-1.#c2)[L],c2[L],(#F-1.c2)[L],#g1[L],(#F-1.f1)[N],#g1[MN],VW,#c1[N],(#F-1.#d1)[MN],#c1[N],W,#c2[MN],(#F-1.#c2)[L],c2[L],(#F-1.c2)[L],#g1[L],(#F-1.f1)[N],#g1[MN],VW,#c1[N],(#F-1.#d1)[MN],#c1[N],f1[L],(#c.f1)[L],#d1[L],(#c.#d1)[L],#c1[L],(#c.c1)[N],#c1[MN],VW,#g1[N],(#c.#a1)[MN],#g1[N],f2[L],#f2[L],f2[L],#d2[L],#c2[MN],c2[N],#c2[L],#g1[L],#a1[L],(#F-2.#c2)[L],(#F-1.#c2)[L],(#F-2.c2)[L],(#F-1.c2)[L],(#F-2.#g1)[L],(#F-1.f1)[N],#g1[MN],#F-2[MN],#c1[N],(#F-1.#d1)[MN],#c1[N],#F-2[N],#c2[MN],(#F-1.#c2)[L],(#F-2.c2)[L],(#F-1.c2)[L],(#F-2.#g1)[L],(#F-1.f1)[N],#g1[MN],#F-2[MN],#c1[N],(#F-1.#d1)[MN],#c1[N],(#A-2.f1)[L],(#c.f1)[L],(#A-2.#d1)[L],(#c.#d1)[L],(#A-2.#c1)[L],(#c.c1)[N],#c1[MN],#A-2[MN],#g1[N],(#c.#a1)[MN],#g1[N],(#A-2.f2)[L],(#c.#f2)[L],(#A-2.f2)[L],(#c.#d2)[L],(#A-2.#c2)[MN],c2[N],(#c.#c2)[L],(#A-2.#g1)[L],(#c.#a1)[L],(#F-2.#c2)[L],(#F-1.#c2)[L],(#F-2.c2)[L],(#F-1.c2)[L],(#F-2.#g1)[L],(#F-1.f1)[N],#g1[MN],#F-2[MN],#c1[N],(#F-1.#d1)[MN],#c1[N],#F-2[N],#c2[MN],(#F-1.#c2)[L],(#F-2.c2)[L],(#F-1.c2)[L],(#F-2.#g1)[L],(#F-1.f1)[N],#g1[MN],#F-2[MN],c2[N],(#F-1.#c2)[MN],#d2[N],(#A-2.f2)[L],(#c.f2)[L],(#A-2.#d2)[L],(#c.#d2)[L],(#A-2.#c2)[L],(#c.c2)[N],#c2[MN],#A-2[MN],#g1[N],(#c.#a1)[MN],#g1[N],(#A-2.f2)[L],(#c.#g2)[L],(#A-2.f2)[L],(#c.#d2)[L],(#A-2.#c2)[MN],c2[N],(#c.#c2)[L],(#A-2.#g1)[L],(#c.#a1)[L],(#F-2.#c2)[L],(#F-1.#c2)[L],(#F-2.c2)[L],(#F-1.c2)[L],(#F-2.#g1)[L],(#F-1.f1)[N],#g1[MN],#F-2[MN],#c1[N],(#F-1.#d1)[MN],#c1[N],#F-2[N],#c2[MN],(#F-1.#c2)[N],VW,(#F-2.c2)[L],(#F-1.c2)[L],(#F-2.#g1)[L],(#F-1.f1)[N],#g1[MN],#F-2[MN],#c1[N],(#F-1.#d1)[MN],#c1[N],(#A-2.f1)[L],(#c.f1)[L],(#A-2.#d1)[L],(#c.#d1)[L],(#A-2.#c1)[L],(#c.c1)[N],#c1[MN],#A-2[MN],#g1[N],(#c.#a1)[MN],#g1[N],(#A-2.f2)[L],(#c.#f2)[L],(#A-2.f2)[L],(#c.#d2)[L],(#A-2.#c2)[MN],c2[N],(#c.#c2)[L],(#A-2.#g1)[L],(#c.#a1)[L],(#F-2.#c2)[L],(#F-1.#c2)[L],(#F-2.c2)[L],(#F-1.c2)[L],(#F-2.#g1)[L],(#F-1.f1)[N],#g1[MN],#F-2[MN],#c1[N],(#F-1.#d1)[MN],#c1[N],#F-2[N];"],"id":1,"instruments":["piano","piano"],"alternatives":["",""]},{"bpm":124,"baseBeats":0.5,"scores":["mute[L],mute[L],mute[L],mute[L],mute[L],mute[L],mute[L],mute[L],mute[L],mute[L],mute[L],mute[L],mute[L],mute[L],mute[L],mute[L],mute[L],mute[L],mute[L],mute[L],mute[L],mute[L],mute[L],mute[L],mute[L],mute[L],mute[L],mute[L],mute[L],mute[L],mute[L],mute[L],mute[L],mute[L],mute[L],mute[L],mute[L],mute[L],mute[L],mute[L],mute[L],mute[L],mute[L],mute[L],mute[L],mute[L],mute[L],mute[L],mute[L],mute[L],mute[L],mute[L],mute[L],mute[L],mute[L],mute[L],mute[L],mute[L],mute[L],mute[L],mute[L],mute[L],mute[L],mute[L],mute[L],mute[L],mute[L],mute[L],mute[L],mute[L],mute[L],mute[L],mute[L],mute[L],mute[L],mute[L],mute[L],mute[L],mute[L],mute[L],mute[L],mute[L],mute[L],mute[L],mute[L],mute[L],mute[L],mute[L],mute[L],mute[L],mute[L],mute[L],mute[L],mute[L],mute[L],mute[L],mute[L],mute[L],mute[L],mute[L],mute[L],mute[L],mute[L],mute[L],mute[L],mute[L],mute[L],mute[L],mute[L],mute[L],mute[L],mute[L],mute[L],mute[L],mute[L],mute[L],mute[L],mute[L],mute[L],mute[L],mute[L],mute[L],mute[L],mute[L],mute[L],mute[L],mute[L],mute[L],mute[L],mute[L],mute[L],mute[L],mute[L],mute[L],mute[L],mute[L],mute[L],mute[L],mute[L],mute[L],mute[L],mute[L],mute[L],mute[L],mute[L],mute[L],mute[L],mute[L],mute[L],mute[L],mute[L],mute[L],mute[L],mute[L],mute[L],mute[L],mute[L],mute[L],mute[L],mute[L],mute[L],mute[L],mute[L],mute[L],mute[L],mute[L],mute[L],mute[L],mute[L],mute[L],mute[L],mute[L],mute[L],mute[L],mute[L],mute[L],mute[L],mute[L],mute[L],mute[L],mute[L],mute[L],mute[L],mute[L],mute[L],mute[L],mute[L],mute[L],mute[L],mute[L],mute[L],mute[L],mute[L],mute[L],mute[L],mute[L],mute[L],mute[L],mute[L],mute[L],mute[L],mute[L],mute[L],mute[L],mute[LMN];","#c2[MN],(#F-1.#c2)[L],(#F-2.c2)[L],(#F-1.c2)[L],(#F-2.#g1)[L],(#F-1.f1)[N],#g1[MN],#F-2[MN],#c1[N],(#F-1.#d1)[MN],#c1[N],(#A-2.f1)[L],(#c.f1)[L],(#A-2.#d1)[L],(#c.#d1)[L],(#A-2.#c1)[L],(#c.c1)[N],#c1[MN],#A-2[MN],#g1[N],(#c.#a1)[MN],#g1[N],(#A-2.f2)[L],(#c.#f2)[L],(#A-2.f2)[L],(#c.#d2)[L],(#A-2.#c2)[MN],c2[N],(#c.#c2)[L],(#A-2.#g1)[L],(#c.#a1)[L],(#F-2.#c2)[L],(#F-1.#c2)[L],(#F-2.c2)[L],(#F-1.c2)[L],(#F-2.#g1)[L],(#F-1.f1)[N],#g1[MN],#F-2[MN],#c1[N],(#F-1.#d1)[MN],#c1[N],#F-2[N],#c2[MN],(#F-1.#c2)[L],(#F-2.c2)[L],(#F-1.c2)[L],(#F-2.#g1)[L],(#F-1.f1)[N],#g1[MN],#F-2[MN],#c1[N],(#F-1.#d1)[MN],#c1[N],(#A-2.f1)[L],(#c.f1)[L],(#A-2.#d1)[L],(#c.#d1)[L],(#A-2.#c1)[L],(#c.c1)[N],#c1[MN],#A-2[MN],#g1[N],(#c.#a1)[MN],#g1[N],(#A-2.f2)[L],(#c.#f2)[L],(#A-2.f2)[L],(#c.#d2)[L],(#A-2.f.#c2)[L],#c[L],(#A-2.#g1)[L],(#c.#a1)[L],(#F-2.#c2)[L],(#F-1.#c2)[L],(#F-2.c2)[L],(#F-1.c2)[L],(#F-2.#g1)[L],(#F-1.f1)[N],#g1[MN],#F-2[MN],#c1[N],(#F-1.#d1)[MN],#c1[N],#F-2[N],#c2[MN],(#F-1.#c2)[L],(#F-2.c2)[L],(#F-1.c2)[L],(#F-2.#g1)[L],(#F-1.#c2)[L],(#F-2.#d2)[L],(#F-1.f2.c3)[L],(#A-2.f2)[L],(#c.f2)[L],(#A-2.#d2)[L],(#c.#d2)[L],(#A-2.#c2)[L],(#c.#g2)[L],(#A-2.#a2)[L],(#c.#c3)[L],#A-2[L],(#c.c3)[L],(#A-2.#g2)[L],(#c.#f2)[L],(#A-2.f2)[L],(#c.#d2)[L],(#A-2.c1.#c2)[L],#c[L],(#F-2.#g1)[L],(#F-1.#c2)[L],(#F-2.#d2)[L],(#F-1.#g2)[L],(#F-2.#c3)[L],(#F-1.#g2)[L],(#F-2.#c2)[L],(#F-1.#d2)[L],#F-2[L],(#F-1.#g1)[L],(#F-2.#d2)[L],#g2[N],#F-1[MN],(#F-2.#c3)[L],(#F-1.#g2)[L],(#F-2.#c2)[L],(#F-1.#d2)[L],(#F-2.#f1)[L],(#F-1.#c2)[L],(#F-2.#d2)[L],(#F-1.#g2)[L],(#F-2.#c3)[L],(#F-1.#g2)[L],(#F-2.#c2)[L],(#F-1.#d2)[L],#F-2[L],(#F-1.#g1)[L],(#F-2.#d2)[L],(#F-1.#g2)[L],(#F-2.#c3)[L],(#F-1.#g2)[L],(#F-2.#c2)[L],(#F-1.#d2)[L],(#F-2.#f1)[L],(#F-1.#c2)[L],(#F-2.#d2)[L],(#F-1.#g2)[L],(#F-2.#c3)[L],(#F-1.#g2)[L],(#F-2.#c2)[L],(#F-1.#d2)[L],#F-2[L],(#F-1.#g1)[L],(#F-2.#d2)[L],(#F-1.#g2)[L],(#F-2.#c3)[L],(#F-1.#g2)[L],(#F-2.#c2)[L],(#F-1.#d2)[L],(#F-2.#f1)[L],(#F-1.#c2)[L],(#F-2.#d2)[L],(#F-1.#g2)[L],(#F-2.#c3)[L],(#F-1.#g2)[L],(#F-2.#c2)[L],(#F-1.#d2)[L],#F-2[L],(#F-1.#g1)[L],(#F-2.#d2)[L],(#F-1.#g2)[L],(#F-2.#c3)[L],(#F-1.#g2)[L],(#F-2.#c2)[L],(#F-1.#d2)[L],(#G-2.#c3)[L],(#G-1.#c3)[L],(#G-2.c3)[L],(#G-1.c3)[L],(#G-2.#g2)[L],(#G-1.f2)[L],#G-2[L],(#G-1.#c3)[L],#G-2[L],(#G-1.#c3)[L],(#G-2.c3)[L],(#G-1.c3)[L],(#G-2.#g2)[L],(#G-1.f2)[L],#G-2[L],#G-1[L],(#G-2.#c3)[L],(#G-1.#c3)[L],(#G-2.c3)[L],(#G-1.c3)[L],(#G-2.#g2)[L],(#G-1.f2)[L],#G-2[L],(#G-1.f3)[L],#G-2[L],(#G-1.f3)[L],(#G-2.#d3)[L],(#G-1.#d3)[L],(#G-2.#c3)[L],(#G-1.#a2)[L],(#G-2.#g2)[L],(#G-1.#a2)[L],(#G-2.#c3)[L],(#G-1.#c3)[L],(#G-2.c3)[L],(#G-1.c3)[L],(#G-2.#g2)[L],(#G-1.f2)[L],#G-2[L],(#G-1.#d3)[L],#G-2[L],(#G-1.#d3)[L],(#G-2.c3)[L],(#G-1.c3)[L],(#G-2.#g2)[L],(#G-1.f2)[L],#G-2[L],#G-1[L],(#G-2.#c3)[L],(#G-1.#c3)[L],(#G-2.c3)[L],(#G-1.c3)[L],(#G-2.#g2)[L],(#G-1.f2)[L];"],"id":2,"instruments":["piano","piano"],"alternatives":["",""]},{"bpm":124,"baseBeats":0.5,"scores":["mute[L],mute[L],mute[L],mute[L],mute[L],mute[L],mute[L],mute[L],mute[L],mute[L],mute[L],mute[L],mute[L],mute[L],mute[L],mute[L],mute[L],mute[L],mute[L],mute[L],mute[L],mute[L],mute[L],mute[L],mute[L],mute[L],mute[L],mute[L],mute[L],mute[L],mute[L],mute[L],mute[L],mute[L],mute[L],mute[L],mute[L],mute[L],mute[L],mute[L],mute[L],mute[L],mute[L],mute[L],mute[L],mute[L],mute[L],mute[L],mute[L],mute[L],mute[L],mute[L],mute[L],mute[L],mute[L],mute[L],mute[L],mute[L],mute[L],mute[L],mute[L],mute[L],mute[L],mute[L],mute[L],mute[L],mute[L],mute[L],mute[L],mute[L],mute[L],mute[L],mute[L],mute[L],mute[L],mute[L],mute[L],mute[L],mute[L],mute[L],mute[L],mute[L],mute[L],mute[L],mute[L],mute[L],mute[L],mute[L],mute[L],mute[L],mute[L],mute[L],mute[L],mute[L],mute[L],mute[L],mute[L],mute[L],mute[L],mute[L],mute[L],mute[L],mute[L],mute[L],mute[L],mute[L],mute[L],mute[L],mute[L],mute[L],mute[L],mute[L],mute[L],mute[L],mute[L],mute[L],mute[LN],mute[LMN],mute[L],mute[L],mute[L],mute[L],mute[L],mute[L],mute[L],mute[L],mute[L],mute[L],mute[L],mute[L],mute[L],mute[L],mute[L],mute[L],mute[L],mute[L],mute[L],mute[JKL],mute[L],mute[K],mute[K],mute[L],mute[L],mute[L],mute[L],mute[JK],mute[K],mute[K],mute[K],mute[L],mute[L],mute[K],mute[JKL],mute[L],mute[K],mute[K],mute[L],mute[L],mute[L],mute[L],mute[JK],U,mute[L],mute[K],mute[K],mute[L],mute[L],mute[K],mute[L],mute[L],mute[L],mute[L],mute[L],mute[LMN],mute[LM],mute[L],mute[L],mute[L],mute[L],mute[LMN],mute[LMN],mute[L],mute[L],mute[L],mute[L],mute[L],mute[LN],mute[LMN],mute[L],mute[L],mute[L],mute[L],mute[L],mute[L],mute[L],mute[L],mute[L],mute[L],mute[L],mute[L],mute[L],mute[LN],mute[LMNM],mute[L],mute[L],mute[L],mute[L],mute[LMN],mute[LMN],mute[L],mute[L],mute[L],mute[L],mute[L],mute[LN],mute[LMN],mute[L],mute[L],mute[L],mute[L],mute[L],mute[L],mute[LN],mute[IL];","#G-2[L],(#G-1.f3)[L],#G-2[L],(#G-1.f3)[L],(#G-2.#d3)[L],(#G-1.#d3)[L],(#G-2.#c3)[L],(#G-1.#a2)[L],(#G-2.#g2)[L],(#G-1.#a2)[L],(#G-2.e2.#c3)[L],#G-1[L],#G-2[L],#G-1[L],#G-2[L],#G-1[L],(#G-2.e3)[L],#G-1[L],#G-2[L],#G-1[L],(#G-2.#d3)[L],#G-1[L],(#G-2.#c3)[L],(#G-1.#d3)[L],(#G-2.#c3)[L],(#G-1.#c3)[L],#G-2[L],#G-1[L],#G-2[L],#G-1[L],#G-2[L],#G-1[L],#G-2[L],(#G-1.#f3)[L],#G-2[L],#G-1[L],(#G-2.f3)[L],#G-1[L],(#G-2.#c3)[L],(#G-1.#d3)[L],(#G-2.#c3)[L],#G-1[L],(#G-2.e2.#c3)[L],#G-1[L],#G-2[L],#G-1[L],#G-2[L],#G-1[L],(#G-2.e3)[L],#G-1[L],#G-2[L],#G-1[L],(#G-2.#d3)[L],#G-1[L],(#G-2.#c3)[L],(#G-1.#d3)[L],(#G-2.#c3)[L],(#G-1.#c3)[L],#G-2[L],#G-1[L],#G-2[L],#G-1[L],#G-2[L],#G-1[L],#G-2[L],(#G-1.#f3)[L],#G-2[L],#G-1[L],(#G-2.f3)[L],#G-1[L],(#G-2.#c3)[L],(#G-1.#d3)[L],(#G-2.#c3)[L],#G-1[L],(#G-2.#c3)[L],(#G-1.e2)[L],(#G-2.e2)[L],#G-1[L],(#G-2.#c3)[L],(#G-1.e2)[L],(#G-2.e2)[L],(#G-1.e2.e3)[L],B-2[L],B-1[L],(B-2.#d3)[L],B-1[L],(B-2.#c3)[L],(B-1.#d3)[L],(B-2.#c3)[L],(B-1.#c3)[L],(#C-1.#c3)[L],(#c.#g2)[L],(#C-1.#c3)[L],(#c.#d3)[L],(#C-1.#f3)[L],(#c.f3)[L],(#C-1.#c3)[L],(#c.#f3)[L],#C-1[L],#c[L],(#C-1.f3)[L],#c[L],(C-1.#c3)[L],(c.#d3)[L],(C-1.#c3)[L],c[L],(A-2.#c3)[L],(A-1.e2)[L],(A-2.e2)[L],A-1[L],(A-2.#c3)[L],(A-1.e2)[L],(A-2.e2)[L],(A-1.e3)[L],(B-2.e3)[L],(c.#f2)[L],#d3[N],B-2[MN],c[N],VW,(B-2.#c3)[L],(c.#d3)[L],(B-2.#c3)[L],(c.#c3)[L],(#C-1.#c3)[L],(#c.a2)[L],(#C-1.#c3)[L],(#c.#d3)[L],(#C-1.#f3)[L],(#c.f3)[L],(#C-1.#c3)[L],(#c.#f3)[L],#C-1[L],(#c.#g2)[L],(#C-1.f3)[L],(#c.#d3)[L],(B-2.#f3)[L],(B-1.f3)[L],(B-2.#c3)[L],(B-1.#f3)[L],(A-1.#c.e.#c2.e2.#c3)[JKL],(e2.e3)[L],(B-1.#d.#f)[K],#d3[K],#c3[L],#d3[L],#c3[L],#c3[L],(#c.f.#g)[JK],(#f2.#f3)[K],(#c.f.#g)[K],(f2.#c3.f3)[K],(#c2.#g2.#c3)[L],#d3[L],(#c2.f2.#c3)[K],(#c2.e2.#c3)[JKL],e3[L],(c.#d.#f)[K],(#d2.#f2.#d3)[K],#c3[L],#d3[L],(#d2.#f2.#c3)[L],#c3[L],(#c.f.#g)[JK],U,(#f2.#f3)[L],(#c.f.#g)[K],(#f2.#c3.f3)[K],#c3[L],#d3[L],(#c2.f2.#c3)[K],#c2[L],(#F-1.#c2)[L],c2[L],(#F-1.c2)[L],#g1[L],(#F-1.f1)[N],#g1[MN],VW,#c1[N],(#F-1.#d1)[MN],#c1[N],W,#c2[MN],(#F-1.#c2)[L],c2[L],(#F-1.c2)[L],#g1[L],(#F-1.f1)[N],#g1[MN],VW,#c1[N],(#F-1.#d1)[MN],#c1[N],f1[L],(#c.f1)[L],#d1[L],(#c.#d1)[L],#c1[L],(#c.c1)[N],#c1[MN],VW,#g1[N],(#c.#a1)[MN],#g1[N],f2[L],(#c.#f2)[L],f2[L],(#c.#d2)[L],#c2[MN],c2[N],(#c.#c2)[L],#g1[L],(#c.#a1)[L],#c2[L],(#F-1.#c2)[L],c2[L],(#F-1.c2)[L],#g1[L],(#F-1.f1)[N],#g1[MN],VW,#c1[N],(#F-1.#d1)[MN],#c1[N],W,#c2[MN],(#F-1.#c2)[L],c2[L],(#F-1.c2)[L],#g1[L],(#F-1.f1)[N],#g1[MN],VW,#c1[N],(#F-1.#d1)[MN],#c1[N],f1[L],(#c.f1)[L],#d1[L],(#c.#d1)[L],#c1[L],(#c.c1)[N],#c1[MN],VW,#g1[N],(#c.#a1)[MN],#g1[N],f2[L],(#c.#f2)[L],f2[L],(#c.#d2)[L],#c2[MN],c2[N],(#c.#c2)[L],#g1[L],(#c.#a1)[IL];"],"id":3,"instruments":["piano","piano"],"alternatives":["",""]}]}