{"baseBpm":129,"musics":[{"id":1,"baseBeats":0.25,"scores":["(c2.f2)[K],(b1.e2)[K],(#a1.#d2)[K],(a1.d2)[K],(#g1.#c2)[J],c2[M],c2[M],c2[M],c2[M],c2[K],U,#d2[L],f1[M],#d2[LM],#d2[K],f1[L],d2[M],d2[LM],#d2[L],f1[M],#d2[LM],#d2[L],d2[L],(f1.c2)[L],#g1[L],(#d1.c2.#d2)[K],(#d1.c2.f2)[L],#d1[L],#d1[K],(#d1.c2.f2)[L],(#a.#a1.d2)[L],(c2.#d2.#d1)[L],#d1[L],(#d1.c2.f2)[L],#d1[L],#d1[L],d1[L],(c1.c2.f2)[K],(c2.#d2.#d1)[L],#d1[L],(#d1.c2.f2)[L],#d1[L],#d1[K],(#d1.c2.f2)[L],(f.#a1.d2)[L],(c2.#d2.#d1)[L],#d1[L],(#d1.c2.f2)[L],#d1[L],#d1[L],f1[L],(g1.c2.f2)[L],#d1[L],f1[K],(#a1.f2)[K],#d1[L],f1[L],(g1.#a1.f2)[L],#d1[L],f1[L],#a1[L],(#a1.f2.#g1)[K],#d1[L],f1[L],(g1.#a1.f2)[L],#d1[L],f1[K],(#a1.f2)[L],f1[KL],(#a1.f2)[KL],#d1[M],#d1[M],(#d1.#a1.f2)[L],c1[L],#d1[L],f1[L],(f1.#a1.f2)[L],c1[L],(f1.a1.c2.#d2)[K],(f1.a1.c2.f2)[L],(f1.a1)[L],(f1.a1)[L],(c1.f1)[L],(c1.f1.c2.f2)[L],(c1.f1.#a1.d2)[L],(c2.#d2.#a.#d1)[L],(c1.f1)[L],(d1.g1.c2.f2)[K],(c1.f1)[K],(c2.f2)[L],(c1.f1)[L],(f1.a1.c2.#d2)[K],(f1.a1.c2.f2)[L],(f1.a1)[L],(f1.a1)[L],(c1.f1)[L],(c1.f1.c2.f2)[L],(#a1.d2.g1)[L],(c2.#d2)[L],(g1.#a1)[L],(a1.c2.f2)[K],(f1.a1)[K],(f1.c2.f2)[L],g1[L],#g1[L],g1[L],(f1.c2.f2)[L],#g1[L],g1[L],f1[L],(c2.f2)[L],f1[L],#g1[L],g1[L],(f1.c2.f2)[L],#g1[L],g1[L],f1[L],(c2.f2)[L],c2[K],c2[L],(c2.e2)[L],c2[L],c2[L],#a1[L],(#g1.c2.e2)[L],c2[K],(c2.f2)[L],(c2.f2)[L],(c2.f2)[L],(c2.f2)[M],(c2.f2)[M],(c2.f2.#d1)[M],(c2.f2)[M],(c2.f2.#d1)[M],f1[LM],(c2.#d2)[L],(c2.#d2)[L],(f1.c2.#g1)[M],#d2[M],#g1[L],(#a1.#d2)[L],#a1[L],(f1.#g1.c2)[L],(#a1.d2.#d1)[M],d2[M],(c2.#d2.f1)[L],#d2[L],(f1.c2.#g1)[M],#d2[LM],(#d2.#a1)[L],d2[L],(f1.#g1.c2)[L],#g1[L],","c1[M],c1[L],c1[M],b[L],b[L],#a[M],#a[M],#a[L],a[L],a[L],#g[M],#g[L],#g[M],#g[L],#g[L],g[M],g[M],g[M],g[M],g[KL],#g1[L],#g1[M],#g1[M],#g1[L],#g1[K],#g1[L],#g1[L],#g1[M],#g1[M],#g1[L],#g1[K],#a[LM],#g1[KM],F-1[LM],F-1[M],F-1[L],F-1[LM],F-1[M],F-1[L],F-1[K],F-1[LM],F-1[M],F-1[L],F-1[LM],F-1[M],F-1[L],F-1[K],F-1[LM],F-1[M],F-1[L],F-1[LM],F-1[M],F-1[L],F-1[K],F-1[LM],F-1[M],F-1[L],F-1[LM],F-1[M],F-1[L],F-1[K],#A-2[LM],#A-2[M],#A-2[L],#A-2[LM],#A-2[M],#A-2[L],#A-2[K],#A-2[LM],#A-2[M],#A-2[L],#A-2[LM],#A-2[M],#A-2[L],#A-2[K],#A-2[LM],#A-2[M],#A-2[L],#A-2[LM],#A-2[M],#A-2[L],#A-2[K],#A-2[LM],#A-2[M],#A-2[L],#A-2[LM],#A-2[M],#A-2[L],#A-2[K],F-1[LM],F-1[M],F-1[L],F-1[LM],F-1[M],F-1[L],F-1[K],F-1[LM],F-1[M],F-1[L],F-1[LM],F-1[M],F-1[L],F-1[K],F-1[LM],F-1[M],F-1[L],F-1[LM],F-1[M],F-1[L],F-1[K],F-1[LM],F-1[M],F-1[L],F-1[LM],F-1[M],F-1[L],F-1[K],#A-2[LM],#A-2[M],#A-2[L],#A-2[LM],#A-2[M],#A-2[L],#A-2[K],#A-2[LM],#A-2[M],#A-2[L],#A-2[LM],#A-2[M],#A-2[L],#A-2[K],C-1[LM],C-1[M],C-1[L],C-1[LM],C-1[M],C-1[L],C-1[IK],F-1[LM],F-1[M],F-1[L],F-1[LM],F-1[M],F-1[L],F-1[K],F-1[LM],F-1[M],F-1[L],F-1[LM],F-1[M],F-1[L],F-1[K],"]},{"bpm":134,"baseBeats":0.25,"scores":["(c2.#d2)[L],(c2.#d2)[L],(#g1.f1.c2)[M],#d2[M],#g1[L],(#a1.#d2)[L],#a1[L],(f1.#g1.c2)[L],(#d1.#a1.d2)[M],d2[M],(c2.#d2)[L],#d2[L],(c2.f1.#g1)[M],#d2[LM],(c2.#d2)[L],(#a1.d2)[L],(f1.#g1.c2)[L],(#g1.#a1)[L],(f1.#g1)[L],(#g1.f2)[L],(f1.#g1.d2)[M],(#g1.f2)[M],#g1[L],(#g1.f2)[K],(f1.#g1.d2)[L],(#g2.#d1.g1.#g1)[M],#g2[M],(#g1.f1)[M],#g1[M],(#g1.f2)[L],(f1.d2.#g1)[M],f2[LM],(f2.#a)[L],#d2[M],#g1[M],(f1.d2)[L],c2[L],(f1.#g1)[L],(#g1.f2)[L],(f1.d2)[M],f2[M],#g1[L],(#g1.f2)[M],#g1[M],#g1[L],(#g1.f1.d2)[L],(#g2.#d1.g1)[M],#g2[M],(f1.#g1.c2)[L],(c2.f2)[L],(#a1.f1.d2)[M],f2[M],#g1[L],(#a1.f2)[L],(#g1.#d2)[L],(c2.f1.d2)[L],#a1[L],(c2.#d2)[L],(c2.#d2)[L],(#g1.f1.c2)[M],#d2[M],#g1[L],(#a1.#d2)[L],#a1[L],(f1.#g1.c2)[L],(#d1.#a1.d2)[M],d2[M],(c2.#d2.f1)[L],#d2[L],(f1.c2.#g1)[M],#d2[LM],(#d2.#a1)[L],d2[L],(f1.#g1.c2)[L],#g1[L],(c2.#d2)[L],(c2.#d2)[L],(#g1.f1.c2)[M],#d2[M],#g1[L],(#a1.#d2)[L],#a1[L],(f1.#g1.c2)[L],(#d1.#a1.d2)[M],d2[M],(c2.#d2)[L],#d2[L],(c2.f1.#g1)[M],#d2[LM],(c2.#d2)[L],(d2.#d2)[L],(f1.#a1.c2)[L],(#g1.#a1)[L],(f1.#g1)[L],(#a1.f2)[L],(f1.#a1.d2)[M],(#a1.f2)[M],#a1[L],(c2.f2)[K],(f1.#a1.d2)[L],(#g2.#d1.g1.#a1)[M],#g2[M],(#a1.f1.#g1)[M],#a1[M],(#a1.f2)[L],(c2.f1.d2)[M],f2[LM],(f2.c2)[L],#d2[M],c1[M],(f1.d2)[L],c2[L],(f1.#g1)[L],(#a1.f2)[L],(f1.d2)[M],f2[M],#a1[L],(#a1.f2)[M],#a1[M],#a1[L],(#a1.f1.d2)[L],(#g2.#d1.g1)[M],#g2[M],(f1.#g1.#d2)[L],(c2.f2)[L],(#d2.f1.d2)[M],f2[M],c2[L],(#d2.f2)[L],#d2[L],(f1.c2.d2)[L],(#g1.#a1)[L],f1[L],#d1[L],(f2.f1.#g1)[L],#d1[K],#d1[L],(f1.#g1)[L],(#d1.#d2)[K],(#d2.#d1)[L],(f1.#g1.#d2)[L],(#d2.#d1)[L],#d2[L],(d2.#d1)[L],(f1.#g1.c2)[L],(#a1.#d1)[L],f1[L],#d1[L],(f2.f1.#g1)[L],#d1[K],#d1[L],(f1.#g1)[L],(#d1.f2)[K],(#d2.#d1)[L],(f1.#g1.#d2)[L],(#d1.#d2)[K],(f2.#d1)[L],(f1.#g1.#d2)[L],(f2.#d1)[L],(#g1.#g2.f1)[L],f1[L],(g2.#a.d1.f1)[L],f1[L],f2[L],(f1.g2)[L],(#a.d1.f1.f2)[L],(#g2.#d1.f1.g1)[L],(#g1.f1)[L],(f1.#g2)[L],(#a.d1.f1.g2)[L],(g2.f1)[L],f2[L],(f1.g2)[L],(f2.#a.d1.f1)[L],f1[L],(c3.c1.e1.g1.#a1)[L],#a2[L],#a2[L],#a2[L],#a2[L],#g2[L],#a2[L],#d3[L],(g1.#a1)[L],(g1.#a1.c3)[L],(g1.#a1.c3)[L],(g1.#a1)[L],(g1.#a1)[M],(g1.#a1)[M],(g1.#a1)[M],(g1.#a1)[M],(g1.#a1)[K],(c2.f2)[L],#d2[L],(#g1.c2)[M],#d2[LM],(f1.#g1.#d2)[L],#d1[L],#d1[M],f1[LM],","F-1[LM],F-1[M],F-1[L],F-1[LM],F-1[M],F-1[L],F-1[K],F-1[LM],F-1[M],F-1[L],F-1[LM],F-1[M],F-1[L],F-1[K],#A-2[LM],#A-2[M],#A-2[L],#A-2[LM],#A-2[M],#A-2[L],#A-2[K],#A-2[LM],#A-2[M],#A-2[L],#A-2[LM],#A-2[M],#A-2[L],#A-2[K],#A-2[LM],#A-2[M],#A-2[L],#A-2[LM],#A-2[M],#A-2[L],#A-2[K],#A-2[LM],#A-2[M],#A-2[L],#A-2[LM],#A-2[M],#A-2[L],#A-2[K],F-1[LM],F-1[M],F-1[L],F-1[LM],F-1[M],F-1[L],F-1[K],F-1[LM],F-1[M],F-1[L],F-1[LM],F-1[M],F-1[L],F-1[K],F-1[LM],F-1[M],F-1[L],F-1[LM],F-1[M],F-1[L],F-1[K],F-1[LM],F-1[M],F-1[L],F-1[LM],F-1[M],F-1[L],F-1[K],#A-2[LM],#A-2[M],#A-2[L],#A-2[LM],#A-2[M],#A-2[L],#A-2[K],#A-2[LM],#A-2[M],#A-2[L],#A-2[LM],#A-2[M],#A-2[L],#A-2[K],#A-2[LM],#A-2[M],#A-2[L],#A-2[LM],#A-2[M],#A-2[L],#A-2[K],#A-2[LM],#A-2[M],#A-2[L],#A-2[LM],#A-2[M],#A-2[L],#A-2[K],F-1[KL],F-1[JL],F-1[KL],F-1[K],F-1[LM],F-1[LM],F-1[KL],F-1[JL],F-1[KL],F-1[JL],#A-2[LM],#A-2[M],#A-2[L],#A-2[LM],#A-2[M],#A-2[L],#A-2[K],#A-2[LM],#A-2[M],#A-2[L],#A-2[LM],#A-2[M],#A-2[L],#A-2[K],C-1[LM],C-1[M],C-1[L],C-1[LM],C-1[M],C-1[L],C-1[HK],"],"id":2},{"bpm":139,"baseBeats":0.25,"scores":["(c2.#d2)[L],(c2.#d2)[L],(#g1.f1.c2)[M],#d2[M],#g1[L],(#a1.#d2)[L],#a1[L],(f1.#g1.c2)[L],(#d1.#a1.d2)[M],d2[M],(c2.#d2.f1)[L],#d2[L],(f1.c2.#g1)[M],#d2[LM],(#d2.#a1)[L],d2[L],(f1.#g1.c2)[L],#g1[L],(c2.#d2)[L],(c2.#d2)[L],(#g1.f1.c2)[M],#d2[M],#g1[L],(#a1.#d2)[L],#a1[L],(f1.#g1.c2)[L],(#d1.#a1.d2)[M],d2[M],(c2.#d2)[L],#d2[L],(c2.f1.#g1)[M],#d2[LM],(c2.#d2)[L],(#a1.d2)[L],(f1.#g1.c2)[L],(#g1.#a1)[L],(f1.#g1)[L],(#g1.f2)[L],(f1.#g1.d2)[M],(#g1.f2)[M],#g1[L],(#g1.f2)[K],(f1.#g1.d2)[L],(#g2.#d1.g1.#g1)[M],#g2[M],(#g1.f1)[M],#g1[M],(#g1.f2)[L],(f1.d2.#g1)[M],f2[LM],(f2.#a)[L],#d2[M],#g1[M],(f1.d2)[L],c2[L],(f1.#g1)[L],(#g1.f2)[L],(f1.d2)[M],f2[M],#g1[L],(#g1.f2)[M],#g1[M],#g1[L],(#g1.f1.d2)[L],(#g2.#d1.g1)[M],#g2[M],(f1.#g1.c2)[L],(c2.f2)[L],(#a1.f1.d2)[M],f2[M],#g1[L],(#a1.f2)[L],(#g1.#d2)[L],(c2.f1.d2)[L],#a1[L],(c2.#d2)[L],(c2.#d2)[L],(#g1.f1.c2)[M],#d2[M],#g1[L],(#a1.#d2)[L],#a1[L],(f1.#g1.c2)[L],(#d1.#a1.d2)[M],d2[M],(c2.#d2.f1)[L],#d2[L],(f1.c2.#g1)[M],#d2[LM],(#d2.#a1)[L],d2[L],(f1.#g1.c2)[L],#g1[L],(c2.#d2)[L],(c2.#d2)[L],(#g1.f1.c2)[M],#d2[M],#g1[L],(#a1.#d2)[L],#a1[L],(f1.#g1.c2)[L],(#d1.#a1.d2)[M],d2[M],(c2.#d2)[L],#d2[L],(c2.f1.#g1)[M],#d2[LM],(c2.#d2)[L],(d2.#d2)[L],(f1.#a1.c2)[L],(#g1.#a1)[L],(f1.#g1)[L],(#a1.f2)[L],(f1.#a1.d2)[M],(#a1.f2)[M],#a1[L],(c2.f2)[K],(f1.#a1.d2)[L],(#g2.#d1.g1.#a1)[M],#g2[M],(#a1.f1.#g1)[M],#a1[M],(#a1.f2)[L],(c2.f1.d2)[M],f2[LM],(f2.c2)[L],#d2[M],c1[M],(f1.d2)[L],c2[L],(f1.#g1)[L],(#a1.f2)[L],(f1.d2)[M],f2[M],#a1[L],(#a1.f2)[M],#a1[M],#a1[L],(#a1.f1.d2)[L],(#g2.#d1.g1)[M],#g2[M],(f1.#g1.#d2)[L],(c2.f2)[L],(#d2.f1.d2)[M],f2[M],c2[L],(#d2.f2)[L],(c2.#d2)[L],(f2.f1.d2)[L],#a1[K],#d2[L],(f1.#d2)[M],#d2[LM],#d2[K],f1[L],d2[M],d2[LM],#d2[L],f1[M],#d2[LM],#d2[L],d2[L],(f1.c2)[L],#g1[L],","F-1[LM],F-1[M],F-1[L],F-1[LM],F-1[M],F-1[L],F-1[K],F-1[LM],F-1[M],F-1[L],F-1[LM],F-1[M],F-1[L],F-1[K],F-1[LM],F-1[M],F-1[L],F-1[LM],F-1[M],F-1[L],F-1[K],F-1[LM],F-1[M],F-1[L],F-1[LM],F-1[M],F-1[L],F-1[K],#A-2[LM],#A-2[M],#A-2[L],#A-2[LM],#A-2[M],#A-2[L],#A-2[K],#A-2[LM],#A-2[M],#A-2[L],#A-2[LM],#A-2[M],#A-2[L],#A-2[K],#A-2[LM],#A-2[M],#A-2[L],#A-2[LM],#A-2[M],#A-2[L],#A-2[K],#A-2[LM],#A-2[M],#A-2[L],#A-2[LM],#A-2[M],#A-2[L],#A-2[K],F-1[LM],F-1[M],F-1[L],F-1[LM],F-1[M],F-1[L],F-1[K],F-1[LM],F-1[M],F-1[L],F-1[LM],F-1[M],F-1[L],F-1[K],F-1[LM],F-1[M],F-1[L],F-1[LM],F-1[M],F-1[L],F-1[K],F-1[LM],F-1[M],F-1[L],F-1[LM],F-1[M],F-1[L],F-1[K],#A-2[LM],#A-2[M],#A-2[L],#A-2[LM],#A-2[M],#A-2[L],#A-2[K],#A-2[LM],#A-2[M],#A-2[L],#A-2[LM],#A-2[M],#A-2[L],#A-2[K],#A-2[LM],#A-2[M],#A-2[L],#A-2[LM],#A-2[M],#A-2[L],#A-2[K],#A-2[LM],#A-2[M],#A-2[L],#A-2[LM],#A-2[M],#A-2[L],#A-2[KL],#g1[L],#g1[M],#g1[M],#g1[L],#g1[K],#g1[L],#g1[L],#g1[M],#g1[M],#g1[L],#g1[K],#a[LM],#g1[O],"],"id":3}],"audition":{"start":[0,0],"end":[0,40]}}