{"baseBpm":160.5,"musics":[{"id":1,"baseBeats":0.5,"scores":["mute[L],mute[L],mute[L],mute[K],mute[L],mute[L],mute[L],mute[L],mute[L],mute[L],mute[K],mute[L],mute[L],mute[L],mute[L],mute[L],mute[L],mute[K],mute[L],mute[L],mute[L],mute[JKL],5<mute[M],mute[M]>,mute[L],mute[L],mute[L],mute[K],mute[L],mute[L],mute[L],mute[L],mute[L],mute[L],mute[K],mute[L],mute[L],mute[L],mute[L],mute[L],mute[L],mute[K],mute[L],mute[L],mute[L],mute[KL],mute[K],mute[L],mute[L],mute[L],mute[L],mute[L],mute[L],mute[K],mute[L],mute[L],mute[L],mute[L],mute[L],mute[L],mute[K],mute[L],mute[L],mute[L],mute[L],mute[L],mute[L],mute[K],mute[L],mute[L],mute[L],mute[JL],mute[L],mute[L],mute[L],mute[L],mute[L],mute[L],mute[K],mute[L],mute[L],mute[L],mute[L],mute[L],mute[L],mute[K],mute[L],mute[L],mute[L],mute[L],mute[L],mute[L],mute[K],mute[L],mute[L],mute[L],mute[KL],mute[K],mute[L],mute[L],mute[L],mute[L],mute[L],mute[L],mute[L],mute[L],mute[L],mute[L],mute[L],mute[L],mute[L],mute[L],mute[L],mute[L],mute[L],mute[L],mute[L],mute[L],mute[L],mute[L],mute[L],mute[L],mute[L],mute[L],mute[L],mute[L],mute[L],mute[L],mute[L],mute[L],mute[L],5<mute[M],mute[M]>,5<mute[M],mute[M]>,mute[L],mute[L],mute[L],mute[L],mute[L],mute[L],mute[L],mute[L],mute[L],mute[L],mute[L],mute[L],mute[L],mute[L],mute[L],mute[L],mute[L],mute[L],mute[L],mute[L],mute[L],mute[L],mute[L],mute[L],mute[L],mute[L],mute[L],mute[L],mute[L],mute[L],mute[L],mute[L],mute[L],mute[L],mute[L],mute[L],mute[L],mute[L],mute[L],mute[L],mute[L],mute[L],mute[L],mute[L],mute[L],mute[L],mute[L],mute[L],mute[L],mute[L],mute[L],mute[L],mute[L],mute[L],mute[L],mute[L],mute[L],mute[L],mute[L],mute[L],mute[L],mute[L],mute[L],mute[L],mute[L],mute[L],mute[L],mute[L],mute[L],mute[L],mute[L],mute[L],mute[L],mute[L],mute[L],mute[L],mute[L],mute[L],mute[L],mute[L],mute[L],mute[L],mute[L],mute[L],mute[L],mute[L],mute[L],mute[L],mute[L],mute[L],mute[L],mute[L],mute[L],mute[L],mute[L],mute[L],mute[L],mute[L],mute[L],mute[L],mute[L],mute[L],mute[L],mute[L],mute[L],mute[L],mute[L],mute[L],mute[L],mute[L],mute[L],mute[L],mute[L],mute[L],mute[L],mute[L],mute[L],mute[L],mute[L],mute[L],mute[L],mute[L],mute[L],mute[L],mute[L],mute[L],mute[L],mute[L],mute[L],mute[L],mute[L],mute[L],mute[L],mute[L],mute[L],mute[L],mute[L],mute[L],mute[L],mute[L],mute[L],mute[L],mute[L],mute[L],mute[L],mute[L],mute[L],mute[L],mute[L],mute[L],mute[L],mute[L],mute[L],mute[L],mute[L],mute[L],mute[L],mute[L],mute[L],mute[L],mute[L],mute[L],mute[L],mute[L],mute[L],mute[L],mute[L],mute[L],mute[L],mute[L],mute[L],mute[L],mute[L],mute[L],mute[L],mute[L],mute[L],mute[L],mute[L],mute[L],mute[L],mute[L],mute[L],mute[L],mute[L],mute[L],mute[L],mute[L],mute[L],mute[L],mute[L],mute[L],mute[L],mute[L],mute[L],mute[L],mute[L],mute[L],mute[L],mute[L],mute[L],mute[L],mute[L],mute[L],mute[L],mute[L],mute[L],mute[L],mute[L],mute[L],mute[L],mute[L],mute[L],mute[L],mute[L],mute[L],mute[L],mute[L],5<mute[M],mute[M]>,5<mute[M],mute[M]>,5<mute[M],mute[M]>,5<mute[M],mute[M]>,5<mute[M],mute[M]>,5<mute[M],mute[M]>;","(F-1.#G-1.f.#g.f1)[L],(#g.f1)[L],(#g.f1)[L],(#a.g1)[K],(#a.g1)[L],(#a.g1)[L],(c1.#g1)[L],(F-1.#G-1.f)[L],(c1.#g1)[L],(c1.#g1)[L],(#a.g1)[K],(#a.g1)[L],(#a.g1)[L],(#g.f1)[L],(F-1.#G-1.f)[L],(#g.f1)[L],(#g.f1)[L],(#a.g1)[K],(#a.g1)[L],(#a.g1)[L],(c1.#g1)[L],(F-1.#G-1.f)[JKM],g1[M],(#g1~#a1)[L],(A-1.c.a.c1.a1)[L],(c1.a1)[L],(c1.a1)[L],(d1.b1)[K],(d1.b1)[L],(d1.b1)[L],(e1.c2)[L],(A-1.c.a)[L],(e1.c2)[L],(e1.c2)[L],(d1.b1)[K],(d1.b1)[L],(d1.b1)[L],(c1.a1)[L],(A-1.c.a)[L],(c1.a1)[L],(c1.a1)[L],(d1.b1)[K],(d1.b1)[L],(d1.b1)[L],(e1.c2)[L],(a.A-1.c)[KL],b[K],a[L],e[L],g[L],(#F-1.A-1.#f.a.#f1)[L],(a.#f1)[L],(a.#f1)[L],(b.#g1)[K],(b.#g1)[L],(b.#g1)[L],(#c1.a1)[L],(#F-1.A-1.#f)[L],(#c1.a1)[L],(#c1.a1)[L],(b.#g1)[K],(b.#g1)[L],(b.#g1)[L],(a.#f1)[L],(#F-1.A-1.#f)[L],(a.#f1)[L],(a.#f1)[L],(b.#g1)[K],(b.#g1)[L],(b.#g1)[L],(#c1.a1)[L],(#F-1.A-1.#f)[JL],#F-1[L],A-1[L],#f[L],(F-1.#G-1.f.#g.f1)[L],(#g.f1)[L],(#g.f1)[L],(#a.g1)[K],(#a.g1)[L],(#a.g1)[L],(c1.#g1)[L],(F-1.#G-1.f)[L],(c1.#g1)[L],(c1.#g1)[L],(#a.g1)[K],(#a.g1)[L],(#a.g1)[L],(#g.f1)[L],(F-1.#G-1.f)[L],(#g.f1)[L],(#g.f1)[L],(#a.g1)[K],(#a.g1)[L],(#a.g1)[L],(c1.#g1)[L],(F-1.#G-1.f)[KL],f[K],c[L],#A-1[L],c[L],(F-1.#g.c1.f1)[L],(c.f.#g.c1.f1)[L],(F-1.#g.c1.f1)[L],(c.f.#a.#d1.g1)[L],F-1[L],(c.f.#a.#d1.g1)[L],(F-1.#a.#d1.g1)[L],(c.f.c1.f1.#g1)[L],F-1[L],(c.f.c1.f1.#g1)[L],(F-1.c1.f1.#g1)[L],(c.f.#a.#d1.g1)[L],F-1[L],(c.f.#a.#d1.g1)[L],(F-1.#a.#d1.g1)[L],(c.f.#g.c1.f1)[L],F-1[L],(c.f.#g.c1.f1)[L],(F-1.#g.c1.f1)[L],(c.f.#a.#d1.g1)[L],F-1[L],(c.f.#a.#d1.g1)[L],(F-1.#a.#d1.g1)[L],(c.f.c1.f1.#g1)[L],F-1[L],(c.f)[L],F-1[L],(c.f)[L],F-1[L],(c.f)[L],(F-1~g1)[L],(c.f.#g1~#a1)[L],(A-1.c1.e1.a1)[L],(e.a.c1.e1.a1)[L],(A-1.c1.e1.a1)[L],(e.a.d1.g1.b1)[L],A-1[L],(e.a.d1.g1.b1)[L],(A-1.d1.g1.b1)[L],(e.a.e1.a1.c2)[L],A-1[L],(e.a.e1.a1.c2)[L],(A-1.e1.a1.c2)[L],(e.a.d1.g1.b1)[L],A-1[L],(e.a.d1.g1.b1)[L],(A-1.d1.g1.b1)[L],(e.a.c1.e1.a1)[L],A-1[L],(e.a.c1.e1.a1)[L],(A-1.c1.e1.a1)[L],(e.a.d1.g1.b1)[L],A-1[L],(e.a.d1.g1.b1)[L],(A-1.d1.g1.b1)[L],(e.a.e1.a1.c2)[L],A-1[L],(e.a)[L],A-1[L],(e.a)[L],A-1[L],(e.a)[L],A-1[L],(e.a)[L],(#F-1.a.#c1.#f1)[L],(#c.#f.a.#c1.#f1)[L],(#F-1.a.#c1.#f1)[L],(#c.#f.b.e1.#g1)[L],#F-1[L],(#c.#f.b.e1.#g1)[L],(#F-1.b.e1.#g1)[L],(#c.#f.#c1.#f1.a1)[L],#F-1[L],(#c.#f.#c1.#f1.a1)[L],(#F-1.#c1.#f1.a1)[L],(#c.#f.b.e1.#g1)[L],#F-1[L],(#c.#f.b.e1.#g1)[L],(#F-1.b.e1.#g1)[L],(#c.#f.a.#c1.#f1)[L],#F-1[L],(#c.#f.a.#c1.#f1)[L],(#F-1.a.#c1.#f1)[L],(#c.#f.b.e1.#g1)[L],#F-1[L],(#c.#f.b.e1.#g1)[L],(#F-1.b.e1.#g1)[L],(#c.#f.#c1.#f1.a1)[L],#F-1[L],(#c.#f)[L],#F-1[L],(#c.#f)[L],#F-1[L],(#c.#f)[L],#F-1[L],(#c.#f)[L],(F-1.#g.c1.f1)[L],(c.f.#g.c1.f1)[L],(F-1.#g.c1.f1)[L],(c.f.#a.#d1.g1)[L],F-1[L],(c.f.#a.#d1.g1)[L],(F-1.#a.#d1.g1)[L],(c.f.c1.f1.#g1)[L],F-1[L],(c.f.c1.f1.#g1)[L],(F-1.c1.f1.#g1)[L],(c.f.#a.#d1.g1)[L],F-1[L],(c.f.#a.#d1.g1)[L],(F-1.#a.#d1.g1)[L],(c.f.#g.c1.f1)[L],F-1[L],(c.f.#g.c1.f1)[L],(F-1.#g.c1.f1)[L],(c.f.#a.#d1.g1)[L],F-1[L],(c.f.#a.#d1.g1)[L],(F-1.#a.#d1.g1)[L],(c.f.#a.#d1.g1)[L],(F-1.c1.f1.#g1)[L],(c.f.c1.f1.#g1)[L],(F-1.c1.f1.#g1)[L],(c.f.c1.f1.#g1)[L],(F-1.#d1.g1.#a1)[L],(c.f.#d1.g1.#a1)[L],(F-1.g1.#a1.#d2)[L],(c.f.g1.#a1.#d2)[L],(#F-1.f1)[L],(#c.#f.#c1)[L],(#F-1.#c2)[L],(#c.#f.#c1)[L],(#F-1.c2)[L],(#c.#f.#c1)[L],(#F-1.#d1)[L],(#c.#f.f1)[L],#G-1[L],(c.#d.#g)[L],(#G-1.c1)[L],(c.#d.#d1)[L],(#G-1.f1)[L],(c.#d.#d1)[L],(#G-1.c1)[L],(c.#d.#a.#c1.f1)[L],#A-1[L],(#c.f.f1)[L],(#A-1.#d2.#g1)[L],(#c.f.f1)[L],(#A-1.#c2.#g1)[L],(#c.f.f1)[L],(#A-1.#g1.c2)[L],(#c.f.#g1.#c2)[L],#A-1[L],(#c.f.f1)[L],(#A-1.c2)[L],(#c.f.#c1)[L],(#A-1.#a1.f1)[L],(#c.f.#c1)[L],(#A-1.#g1)[L],(#c.f.f1.#a1)[L],#F-1[L],(#A-1.#c.#f.#c1)[L],(#F-1.#g1)[L],(#A-1.#c.#f.#c1)[L],(#F-1.f1)[L],(#A-1.#c.#f.#c1)[L],(#F-1.#g1)[L],(#A-1.#c.#f.#d1.#a1)[L],#G-1[L],(c.#d.#g.c1)[L],(#G-1.#g1.#d1)[L],(c.#d.#g.c1)[L],(#G-1.f1)[L],(c.#d.#g.c1)[L],(#G-1.#g1)[L],(c.#d.#g.#c1.f1)[L],F-1[L],(#G-1.c.f.#a)[L],(F-1.#d1)[L],(#G-1.c.f.#a)[L],(F-1.#c1.f1)[L],(#G-1.c.f.#a)[L],(F-1.#g1)[L],(#G-1.c.f.#c1.f1)[L],F-1[L],(#G-1.c.f.#a)[L],(F-1.#c1)[L],(#G-1.c.f.#d1)[L],(F-1.f1)[L],(#G-1.c.f.#d1)[L],(F-1.#c1)[L],(#G-1.c.f.#c1.f1)[L],#F-1[L],(#A-1.#c.#f.#c1)[L],(#F-1.#c2)[L],(#A-1.#c.#f.#c1)[L],(#F-1.c2)[L],(#A-1.#c.#f.#c1)[L],(#F-1.#d1)[L],(#A-1.#c.#f.c1.f1)[L],#G-1[L],(c.#d.#g)[L],(#G-1.c1)[L],(c.#d.#d1)[L],(#G-1.f1)[L],(c.#d.#d1)[L],(#G-1.c1)[L],(c.#d.#a.#c1.f1)[L],#A-1[L],(#c.f.f1)[L],(#A-1.#d2.#g1)[L],(#c.f.f1)[L],(#A-1.#c2.#g1)[L],(#c.f.f1)[L],(#A-1.#g1.c2)[L],(#c.f.f1.#g1.#c2)[L],#A-1[L],(#c.f.f1)[L],(#A-1.c2.f1)[L],(#c.f.#c1)[L],(#A-1.f1.#a1)[L],(#c.f.#c1)[L],(#A-1.#g1)[L],(#c.f.f1.#a1)[L],#F-1[L],(#A-1.#c.#f.#c1)[L],(#F-1.#g1.f1)[L],(#A-1.#c.#f.#c1)[L],(#F-1.f1)[L],(#A-1.#c.#f.#c1)[L],(#F-1.#g1)[L],(#A-1.#c.#f.#d1.#a1)[L],#G-1[L],(c.#d.#g.c1)[L],(#G-1.#d1.#g1)[L],(c.#d.#g)[L],(#G-1.c1.f1)[L],(c.#d.#g)[L],(#G-1.c1.#g1)[L],(c.#d.#g.d1.f1.#a1)[L],#A-1[L],(d.f.#a)[L],#A-1[L],(d.f.#a)[L],(#A-1.d1)[L],(d.f.#a.c1)[L],(#A-1.d1)[L],(d.f.#a.#d1)[L],(#A-1.f1)[L],(d.f.#a.#d1)[L],(#A-1.d1~f1)[L],(d.f.#a.#a1~c2)[L],(#A-1.d2~c2)[L],(d.f.#a.#a1~f1)[L],(#A-1.c2~#a1)[L],(d.f.#a.f1~d1)[L];"]},{"id":2,"baseBeats":0.5,"scores":["mute[L],mute[L],mute[L],mute[L],mute[L],mute[L],mute[L],mute[L],mute[L],mute[L],mute[L],mute[L],mute[L],mute[L],mute[L],mute[L],mute[L],mute[L],mute[L],mute[L],mute[L],mute[L],mute[L],mute[L],mute[L],mute[L],mute[L],mute[L],mute[L],mute[L],mute[L],mute[L],mute[L],mute[L],mute[L],mute[L],mute[L],mute[L],mute[L],mute[L],mute[L],mute[L],mute[L],mute[L],mute[L],mute[L],mute[L],mute[L],mute[L],mute[L],mute[L],mute[L],mute[L],mute[L],mute[L],mute[L],mute[L],mute[L],mute[L],mute[L],mute[L],mute[L],mute[L],mute[L],mute[L],mute[L],mute[L],mute[L],mute[L],mute[L],mute[L],mute[L],mute[L],mute[L],mute[L],mute[L],mute[L],mute[L],mute[L],mute[L],mute[L],mute[L],mute[L],mute[L],mute[L],mute[L],mute[L],mute[L],mute[L],mute[L],mute[L],mute[L],mute[L],mute[L],mute[L],mute[L],mute[L],mute[L],mute[L],mute[L],mute[L],mute[L],mute[L],mute[L],mute[L],mute[L],mute[L],mute[L],mute[L],mute[L],mute[L],mute[L],mute[L],mute[L],mute[L],mute[L],mute[L],mute[L],mute[L],mute[L],mute[L],mute[L],5<mute[M],mute[M]>,5<mute[M],mute[M]>,5<mute[M],mute[M]>,5<mute[M],mute[M]>,5<mute[M],mute[M]>,5<mute[M],mute[M]>,mute[L],mute[L],mute[L],mute[K],mute[L],mute[L],mute[L],mute[L],mute[L],mute[L],mute[K],mute[L],mute[L],mute[L],mute[L],mute[L],mute[L],mute[K],mute[L],mute[L],mute[L],mute[L],mute[K],mute[K],mute[K],5<mute[M],mute[M]>,mute[L],mute[L],mute[L],mute[K],mute[L],mute[L],mute[L],mute[L],mute[L],mute[L],mute[K],mute[L],mute[L],mute[L],mute[L],mute[L],mute[L],mute[K],mute[L],mute[L],mute[L],mute[L],mute[K],mute[L],mute[L],mute[L],5<mute[M],mute[M]>,5<mute[M],mute[M]>,mute[L],mute[L],mute[L],mute[K],mute[L],mute[L],mute[L],mute[L],mute[L],mute[L],mute[K],mute[L],mute[L],mute[L],mute[L],mute[L],mute[L],mute[K],mute[L],mute[L],mute[L],mute[L],mute[K],mute[K],mute[K],5<mute[M],mute[M]>,mute[L],mute[L],mute[L],mute[K],mute[L],mute[L],mute[L],mute[L],mute[L],mute[L],mute[K],mute[L],mute[L],mute[L],mute[L],mute[L],mute[L],mute[K],mute[L],mute[L],mute[L],mute[L],mute[L],mute[L],mute[L],mute[L],mute[L],mute[L],mute[JL],mute[L],mute[L],mute[L],mute[L],mute[L],mute[L],mute[L],mute[K],mute[L],mute[L],mute[L],mute[L],mute[L],mute[L],mute[L],mute[L],mute[L],mute[L],mute[L],mute[L],mute[L],mute[L],mute[K],mute[L],mute[L],mute[L],mute[L],mute[L],mute[L],mute[L],mute[L],mute[L],mute[L],mute[L],mute[L],mute[L],mute[L],mute[K],mute[L],mute[L],mute[L],mute[L],mute[L],mute[L],mute[L],mute[L],mute[L],mute[L],mute[L],mute[L],mute[L],mute[L],mute[K],mute[L],mute[L],mute[L],mute[L],mute[L],mute[L],mute[L],mute[L],mute[L],mute[L],mute[L],mute[L],mute[L],mute[L],mute[K],mute[L],mute[L],mute[L],mute[L],mute[L],mute[L],mute[L],mute[L],mute[L],mute[L],mute[L],mute[L],mute[L],mute[L],mute[K],mute[L],mute[L],mute[L],mute[L],mute[L],mute[L],mute[L],mute[L],mute[L],mute[L],mute[L],mute[L],mute[L],mute[L],mute[K],mute[L],mute[L],mute[L],mute[L],mute[L],mute[L],mute[L],mute[L],mute[L],mute[L],mute[L],mute[L],mute[L],mute[L],mute[K],mute[L],mute[L],mute[L],mute[L],mute[L],mute[L],mute[L],mute[L],mute[L],mute[L],mute[L],mute[L],mute[L],mute[L],mute[K],mute[L];","(#F-1.#c1.f1)[L],(#A-1.#c.#f)[L],(#F-1.f1.#a1.#c2)[L],(#A-1.#c.#f)[L],(#F-1.f1.#a1.c2)[L],(#A-1.#c.#f)[L],(#F-1.#d1)[L],(#A-1.#c.#f.#g.c1.f1)[L],#G-1[L],(c.#d.#g.c1)[L],#G-1[L],(c.#d.#g.c1)[L],#G-1[L],(c.#d.#g.c1)[L],#G-1[L],(c.#d.#a.#c1.f1)[L],#A-1[L],(#c.f.#c1.f1)[L],(#A-1.f1.#g1.#d2)[L],(#c.f)[L],(#A-1.f1.#g1.#c2)[L],(#c.f)[L],(#A-1.f1.#g1.c2)[L],(#c.f.f1.#g1.#c2)[L],#A-1[L],(#c.f.f1)[L],(#A-1.f1.c2)[L],(#c.f)[L],(#A-1.#c1.f1.#a1)[L],(#c.f)[L],(#A-1.#c1.f1.#g1)[L],(#c.f.#c1.f1.#a1)[L],#F-1[L],(#A-1.#c.#f.#c1)[L],(#F-1.#c1.f1.#g1)[L],(#A-1.#c.#f)[L],(#F-1.#c1.f1)[L],(#A-1.#c.#f)[L],(#F-1.#c1.#g1)[L],(#A-1.#c.#f.c1.#d1.#a1)[L],#G-1[L],(c.#d.#g.c1)[L],(#G-1.c1.#d1.#g1)[L],(c.#d.#g)[L],(#G-1.c1.#d1.f1)[L],(c.#d.#g)[L],(#G-1.c1.#g1)[L],(c.#d.#g.#a.#c1.f1)[L],F-1[L],(#G-1.c.f.#a)[L],(F-1.#a.#c1.#d1)[L],(#G-1.c.f)[L],(F-1.#a.#c1.f1)[L],(#G-1.c.f)[L],(F-1.#a.#c1.#g1)[L],(#G-1.c.f.#a.#c1.f1)[L],F-1[L],(#G-1.c.f.#a.#c1)[L],F-1[L],(#G-1.c.f.#a.#c1)[L],F-1[L],(#G-1.c.f.#a.#c1)[L],F-1[L],(#G-1.c.f.#a.#c1.f1)[L],#F-1[L],(#A-1.#c.#f.#c1.f1)[L],(#F-1.f1.#a1.#c2)[L],(#A-1.#c.#f)[L],(#F-1.f1.#a1.c2)[L],(#A-1.#c.#f)[L],(#F-1.#d1)[L],(#A-1.#c.#f.#g.c1.f1)[L],#G-1[L],(c.#d.#g.c1.#d1)[L],#G-1[L],(c.#d.#g.c1.#d1)[L],#G-1[L],(c.#d.#g.c1.#d1)[L],#G-1[L],(c.#d.#a.#c1.f1)[L],#A-1[L],(#c.f.f1)[L],(#A-1.f1.#g1.#d2)[L],(#c.f)[L],(#A-1.f1.#g1.#c2)[L],(#c.f)[L],(#A-1.f1.#g1.c2)[L],(#c.f.f1.#g1.#c2)[L],#A-1[L],(#c.f.f1)[L],(#A-1.#c1.f1.c2)[L],(#c.f)[L],(#A-1.#c1.f1.#a1)[L],(#c.f)[L],(#A-1.#c1.#g1)[L],(#c.f.#c1.f1.#a1)[L],#F-1[L],(#A-1.#c.#f.#c1)[L],(#F-1.#c1.#g1)[L],(#A-1.#c.#f)[L],(#F-1.#c1.f1)[L],(#A-1.#c.#f)[L],(#F-1.#c1.#g1)[L],(#A-1.#c.#f.c1.#d1.#a1)[L],#G-1[L],(c.#d.#g.c1)[L],(#G-1.c1.#d1.#g1)[L],(c.#d.#g)[L],(#G-1.c1.#d1.f1)[L],(c.#d.#g)[L],(#G-1.#g1)[L],(c.#d.#g.d1.f1.#a1)[L],#A-1[L],(d.f.#a.d1.f1)[L],#A-1[L],(d.f.#a.d1.f1)[L],#A-1[L],(d.f.#a.d1.f1)[L],#A-1[L],(d.f.#a.d1.f1)[L],#A-1[L],(d.f.#a.f1)[L],(#A-1.d1~f1)[L],(d.f.#a.#a1~c2)[L],(#A-1.d2~c2)[L],(d.f.#a.#a1~f1)[L],(#A-1.c2~#a1)[L],(d.f.#a.f1~d1)[L],(#g.f.#g1.c2.f2)[L],(f.#g1.c2.f2)[L],(#g1.c2.f2)[L],(f.#a1.#d2.g2)[K],(f.#a1.#d2.g2)[L],(#a1.#d2.g2)[L],(f.c2.f2.#g2)[L],(#d.g)[L],(f.c2.f2.#g2)[L],(c2.f2.#g2)[L],(f.#a1.#d2.g2)[K],(f.#a1.#d2.g2)[L],(#a1.#d2.g2)[L],(f.#g1.c2.f2)[L],(#g.f)[L],(f.#g1.c2.f2)[L],(#g1.c2.f2)[L],(f.#a1.#d2.g2)[K],(f.#a1.#d2.g2)[L],(#a1.#d2.g2)[L],(f.c2.f2.#g2)[L],(g.#a)[L],f[K],f[K],f[LM],g2[M],(f.#g2~#a2)[L],(c1.a.c2.e2.a2)[L],(a.c2.e2.a2)[L],(c2.e2.a2)[L],(a.d2.g2.b2)[K],(a.d2.g2.b2)[L],(d2.g2.b2)[L],(a.e2.a2.c3)[L],(b.d1)[L],(a.e2.a2.c3)[L],(e2.a2.c3)[L],(a.d2.g2.b2)[K],(a.d2.g2.b2)[L],(d2.g2.b2)[L],(a.c2.e2.a2)[L],(c1.e1)[L],(a.c2.e2.a2)[L],(c2.e2.a2)[L],(a.d2.g2.b2)[K],(a.d2.g2.b2)[L],(d2.g2.b2)[L],(a.e2.a2.c3)[L],(c1.e1)[L],a[K],a[L],(b.d1)[L],a[L],(c1~b2)[L],(a.c3~d3)[L],(a.#f.a1.#c2.#f2)[L],(#f.a1.#c2.#f2)[L],(a1.#c2.#f2)[L],(#f.b1.e2.#g2)[K],(#f.b1.e2.#g2)[L],(b1.e2.#g2)[L],(#f.#c2.#f2.a2)[L],(#g.b)[L],(#f.#c2.#f2.a2)[L],(#c2.#f2.a2)[L],(#f.b1.e2.#g2)[K],(#f.b1.e2.#g2)[L],(b1.e2.#g2)[L],(#f.a1.#c2.#f2)[L],(a.#c1.#f)[L],(#f.a1.#c2.#f2)[L],(a1.#c2.#f2)[L],(#f.b1.e2.#g2)[K],(#f.b1.e2.#g2)[L],(b1.e2.#g2)[L],(#f.#c2.#f2.a2)[L],(a.#c1)[L],#f[K],#f[K],#f[LM],#g2[M],(#f.a2~b2)[L],(#g.f.#g1.c2.f2)[L],(f.#g1.c2.f2)[L],(#g1.c2.f2)[L],(f.#a1.#d2.g2)[K],(f.#a1.#d2.g2)[L],(#a1.#d2.g2)[L],(f.c2.f2.#g2)[L],(#d.g)[L],(f.c2.f2.#g2)[L],(c2.f2.#g2)[L],(f.#a1.#d2.g2)[K],(f.#a1.#d2.g2)[L],(#a1.#d2.g2)[L],(f.#g1.c2.f2)[L],(#g.f)[L],(f.#g1.c2.f2)[L],(#g1.c2.f2)[L],(f.#a1.#d2.g2)[K],(f.#a1.#d2.g2)[L],(#a1.#d2.g2)[L],(f.#a1.#d2.g2)[L],(g.#a.c2.f2.#g2)[L],(f.c2.f2.#g2)[L],(c2.f2.#g2)[L],(f.c2.f2.#g2)[L],(#d2.g2.#a2)[L],(f.#d2.g2.#a2)[L],(g2.#a2.#d3)[L],(f.g2.#a2.#d3)[JL],(G-1.d.#f.b)[L],D-1[L],G-1[L],A-1[L],B-1[L],d[L],B-1[L],(A-1.d.#f.b)[K],E-1[L],(A-1.#f.#c1)[L],B-1[L],(#c.d1)[L],d[L],(e.e1)[L],(#c.b.d1.#f1)[L],B-1[L],#F-1[L],B-1[L],#c[L],d[L],e[L],B-1[L],(#f.b.d1.#f1)[K],B-1[L],(e.b.e1)[L],B-1[L],(d.b.d1)[L],B-1[L],(#c.b.e1)[L],(B-1.#f.b.d1)[L],G-1[L],D-1[L],(G-1.a.#c1)[L],A-1[L],(B-1.#f.b)[L],d[L],(B-1.a.#c1)[L],(A-1.#f.b.d1)[K],E-1[L],(A-1.a.#c1)[L],B-1[L],(#c.#f.b)[L],d[L],(e.a.#c1)[L],(B-1.#f.b.d1)[L],#F-1[L],#C-1[L],(#F-1.a.#c1.e1)[L],B-1[L],(#c.b.d1.#f1)[L],B-1[L],(A-1.#c1.e1)[L],(#F-1.b.d1.#f1)[K],#C-1[L],#F-1[L],B-1[L],#c[L],B-1[L],A-1[L],#F-1[L],(G-1.b.d1.#f1)[L],D-1[L],G-1[L],A-1[L],B-1[L],d[L],B-1[L],(A-1.d1.#f1.b1)[K],E-1[L],(A-1.d1.#f1.#c2)[L],B-1[L],(#c.d1.#f1.d2)[L],d[L],(e.d1.#f1.#c2)[L],(#c.d1.#f1.d2)[L],B-1[L],#F-1[L],(B-1.#c2)[L],#c[L],(d.d1.#f1.b1)[L],e[L],(B-1.d1.#f1.a1)[L],(#f.d1.#f1.b1)[K],B-1[L],e[L],B-1[L],(d.#f1.b1)[L],B-1[L],#c[L],(B-1.#f1.b1.d2)[L],G-1[L],D-1[L],(G-1.e1.a1.#c2)[L],A-1[L],(B-1.d1.#f1.b1)[L],d[L],(B-1.e1.a1.#c2)[L],(A-1.#f1.b1.d2)[K],E-1[L],(A-1.e1.a1.#c2)[L],B-1[L],(#c.d1.#f1.b1)[L],d[L],(e.e1.a1.#c2)[L],(#c.#f1.b1.#d2)[L],B-1[L],#F-1[L],B-1[L],#c[L],#d[L],#f[L],B-1[L],b[K],B-1[L],a[L],B-1[L],#f[L],B-1[L],#d[L],B-1[L],(G-1.#f.b.d1)[L],D-1[L],(G-1.b.d1.#f1)[L],A-1[L],(B-1.a.#c1.e1)[L],d[L],(B-1.e.a.#c1)[L],(A-1.#f.b.d1)[K],E-1[L];"]},{"id":3,"baseBeats":0.5,"scores":["mute[L],mute[L],mute[L],mute[L],mute[L],mute[L],mute[L],mute[L],mute[L],mute[L],mute[L],mute[L],mute[L],mute[K],mute[L],mute[L],mute[L],mute[L],mute[L],mute[L],mute[L],mute[L],mute[L],mute[L],mute[L],mute[L],mute[L],mute[L],mute[K],mute[L],mute[L],mute[L],mute[L],mute[L],mute[L],mute[L],mute[L],mute[L],mute[L],mute[L],mute[L],mute[L],mute[L],mute[K],mute[L],mute[L],mute[L],mute[L],mute[L],mute[L],mute[L],mute[L],mute[L],mute[L],mute[L],mute[L],mute[L],mute[L],mute[K],mute[L],mute[L],mute[L],mute[L],mute[L],mute[L],mute[L],mute[L],mute[L],mute[L],mute[L],mute[L],mute[L],mute[L],mute[K],mute[L],mute[L],mute[L],mute[L],mute[L],mute[L],mute[L],mute[L],mute[L],mute[L],mute[L],mute[L],mute[L],mute[L],mute[K],mute[L],mute[L],mute[L],mute[L],mute[L],mute[L],mute[L],mute[L],mute[L],mute[L],mute[L],mute[L],mute[L],mute[L],mute[K],mute[L],mute[L],mute[L],mute[L],mute[L],mute[L],mute[L],mute[L],mute[L],mute[L],mute[L],mute[L],mute[L],mute[L],mute[L],mute[L],mute[L],mute[L],mute[L],mute[L],mute[L],mute[L],mute[L],mute[L],mute[L],mute[L],mute[L],mute[L],mute[L],mute[L],mute[L],mute[L],mute[L],mute[L],mute[L],mute[L],mute[L],mute[L],mute[L],mute[L],mute[L],mute[L],mute[L],mute[L],mute[L],mute[L],mute[L],mute[L],mute[L],mute[L],mute[L],mute[L],mute[L],mute[L],mute[L],mute[L],mute[L],mute[L],mute[L],mute[L],mute[L],mute[L],mute[L],mute[L],mute[L],mute[L],mute[L],mute[L],mute[L],mute[L],mute[L],mute[L],mute[L],mute[L],mute[L],mute[L],mute[L],mute[L],mute[L],mute[L],mute[L],mute[L],mute[L],mute[L],mute[L],mute[L],mute[L],mute[L],mute[L],mute[L],mute[L],mute[L],mute[L],mute[L],mute[L],mute[L],mute[L],mute[L],mute[L],mute[L],mute[L],mute[L],mute[L],mute[L],mute[L],mute[L],mute[L],mute[L],mute[L],mute[L],mute[L],mute[L],mute[L],mute[L],mute[L],mute[L],mute[L],mute[L],mute[L],mute[L],mute[L],mute[L],mute[L],mute[L],mute[L],mute[L],mute[L],mute[L],mute[L],mute[L],mute[L],mute[L],mute[L],mute[L],mute[L],mute[L],mute[L],mute[L],mute[L],mute[L],mute[L],mute[L],mute[L],mute[L],mute[L],mute[L],mute[L],mute[L],mute[L],mute[L],mute[L],mute[L],mute[L],mute[L],mute[L],mute[L],mute[L],mute[L],mute[L],mute[L],mute[L],mute[L],mute[L],mute[L],mute[L],mute[L],mute[L],mute[L],mute[L],mute[L],mute[L],mute[L],mute[L],mute[L],mute[L],mute[L],mute[L],mute[L],mute[L],mute[L],mute[L],mute[L],mute[L],mute[L],mute[L],mute[L],mute[L],mute[L],mute[L],mute[L],mute[L],mute[L],mute[L],mute[L],mute[L],mute[L],mute[L],mute[L],mute[L],mute[L],mute[L],mute[L],mute[L],mute[L],mute[L],mute[L],mute[L],mute[L],mute[L],mute[L],mute[L],mute[L],mute[L],mute[L],mute[L],mute[L],mute[L],mute[L],mute[L],mute[L],mute[L],mute[L],mute[L],mute[L],mute[L],mute[L],mute[L],mute[L],mute[L],mute[L],mute[L],mute[L],mute[L],mute[L],mute[L],mute[L],mute[L],mute[L],mute[L],mute[L],mute[L],mute[L],mute[L],mute[L],mute[L],mute[L],mute[L],mute[L],mute[L],mute[L],mute[L],mute[L],mute[L],mute[L],mute[L],mute[L],mute[L],mute[L],mute[L],mute[L],mute[L],mute[L],mute[L];","(A-1.#c1)[L],B-1[L],(#c.d1)[L],d[L],(e.e1)[L],(#c.#f.b.d1)[L],B-1[L],#F-1[L],(B-1.#c1.e1.a1)[L],#c[L],(d.b.d1.#f1)[L],e[L],(B-1.a.#c1.e1)[L],(#f.b.d1.#f1)[K],B-1[L],(e.a.#c1.e1)[L],B-1[L],(d.#f.b.d1)[L],B-1[L],(#c.e.a.#c1)[L],(B-1.#f.b.d1)[L],G-1[L],D-1[L],(G-1.e.a.#c1)[L],A-1[L],(B-1.#f.b)[L],d[L],(B-1.e.a.#c1)[L],(A-1.#f.b.d1)[K],E-1[L],(A-1.e.a.#c1)[L],B-1[L],(#c.#f.b)[L],d[L],(e.a.#c1)[L],(B-1.#f.b)[L],#F-1[L],#C-1[L],(#F-1.e.a)[L],B-1[L],(#c.#f)[L],B-1[L],(A-1.e.a)[L],(#F-1.d.#f.b)[K],#C-1[L],#F-1[L],B-1[L],#c[L],B-1[L],A-1[L],(#F-1.d.#f.b)[L],G-1[L],D-1[L],(G-1.b.d1.#f1)[L],A-1[L],(B-1.a.#c1.e1)[L],d[L],(B-1.e.a.#c1)[L],(A-1.#f.b.d1)[K],E-1[L],(A-1.#c1)[L],B-1[L],(#c.d1)[L],d[L],(e.e1)[L],(#c.#f.b.d1)[L],B-1[L],#F-1[L],(B-1.#c1.e1.a1)[L],#c[L],(d.b.d1.#f1)[L],e[L],(B-1.a.#c1.e1)[L],(#f.b.d1.#f1)[K],B-1[L],(e.a.#c1.e1)[L],B-1[L],(d.#f.b.d1)[L],B-1[L],(#c.e.a.#c1)[L],(B-1.#f.b.d1)[L],G-1[L],D-1[L],(G-1.e.a.#c1)[L],A-1[L],(B-1.#f.b)[L],d[L],(B-1.e.a.#c1)[L],(A-1.#f.b.d1)[K],E-1[L],(A-1.e.a.#c1)[L],B-1[L],(#c.#f.b)[L],d[L],(e.a.#c1)[L],(#c.#f.b.#d1)[L],B-1[L],#F-1[L],B-1[L],#c[L],#d[L],#f[L],B-1[L],b[K],B-1[L],a[L],B-1[L],#f[L],B-1[L],#d[L],B-1[L],(G-1.b.d1.#f1)[L],G-1[L],(A-1.#f1.b1.d2)[L],G-1[L],(B-1.e1.a1.#c2)[L],G-1[L],(#c.a.#c1.e1)[L],(G-1.b.d1.#f1)[L],A-1[L],A-1[L],(B-1.#c1)[L],A-1[L],(#c.d1)[L],A-1[L],(e.e1)[L],(A-1.b.d1.#f1)[L],B-1[L],B-1[L],(#c.a1.#c2.e2)[L],B-1[L],(d.#f1.b1.d2)[L],B-1[L],(e.e1.a1.#c2)[L],(B-1.#f1.b1.d2)[L],#f[L],B-1[L],(e.e1.a1.#c2)[L],B-1[L],(d.d1.#f1.b1)[L],B-1[L],(#c.#c1.e1.a1)[L],(B-1.d1.#f1.b1)[L],G-1[L],G-1[L],(A-1.#c1.e1.a1)[L],G-1[L],(B-1.b.d1.#f1)[L],G-1[L],(#c.#c1.e1.a1)[L],(G-1.d1.#f1.b1)[L],A-1[L],A-1[L],(B-1.#c1.e1.a1)[L],A-1[L],(#c.b.d1.#f1)[L],A-1[L],(e.#c1.e1.a1)[L],(A-1.b.d1.#f1)[L],#F-1[L],#F-1[L],(A-1.a.#c1.e1)[L],#F-1[L],(B-1.b.d1.#f1)[L],#F-1[L],(#c.#c1.e1.a1)[L],(#F-1.b.d1.#f1)[L],d[L],#F-1[L],#c[L],#F-1[L],B-1[L],#F-1[L],A-1[L],(#F-1.b.d1.#f1)[L],G-1[L],G-1[L],(A-1.#f1.b1.d2)[L],G-1[L],(B-1.e1.a1.#c2)[L],G-1[L],(#c.a.#c1.e1)[L],(G-1.b.d1.#f1)[L],A-1[L],A-1[L],(B-1.#c1)[L],A-1[L],(#c.d1)[L],A-1[L],(e.e1)[L],(A-1.b.d1.#f1)[L],B-1[L],B-1[L],(#c.a1.#c2.e2)[L],B-1[L],(d.#f1.b1.d2)[L],B-1[L],(e.e1.a1.#c2)[L],(B-1.#f1.b1.d2)[L],#f[L],B-1[L],(e.e1.a1.#c2)[L],B-1[L],(d.d1.#f1.b1)[L],B-1[L],(#c.#c1.e1.a1)[L],(B-1.d1.#f1.b1)[L],G-1[L],G-1[L],(A-1.#c1.e1.a1)[L],G-1[L],(B-1.b.d1.#f1)[L],G-1[L],(#c.#c1.e1.a1)[L],(G-1.d1.#f1.b1)[L],A-1[L],A-1[L],(B-1.#c1.e1.a1)[L],A-1[L],(#c.b.d1.#f1)[L],A-1[L],(e.d1.#f1.a1)[L],(A-1.#d1.#f1.b1)[L],B-1[L],B-1[L],#c[L],B-1[L],#d[L],B-1[L],#f[L],B-1[L],b[L],B-1[L],a[L],B-1[L],#f[L],B-1[L],#d[L],B-1[L],(G-1.#f1.b1.d2)[L],G-1[L],(A-1.b1.d2.#f2)[L],G-1[L],(B-1.a1.#c2.e2)[L],G-1[L],(#c.e1.a1.#c2)[L],(G-1.#f1.b1.d2)[L],A-1[L],A-1[L],(B-1.#c1)[L],A-1[L],(#c.d1)[L],A-1[L],(e.e1)[L],(A-1.#f1.b1.d2)[L],B-1[L],B-1[L],(#c.#c2.e2.a2)[L],B-1[L],(d.b1.d2.#f2)[L],B-1[L],(e.a1.#c2.e2)[L],(B-1.b1.d2.#f2)[L],#f[L],B-1[L],(e.a1.#c2.e2)[L],B-1[L],(d.#f1.b1.d2)[L],B-1[L],(#c.e1.a1.#c2)[L],(B-1.#f1.b1.d2)[L],G-1[L],G-1[L],(A-1.e1.a1.#c2)[L],G-1[L],(B-1.d1.#f1.b1)[L],G-1[L],(#c.e1.a1.#c2)[L],(G-1.#f1.b1.d2)[L],A-1[L],A-1[L],(B-1.e1.a1.#c2)[L],A-1[L],(#c.d1.#f1.b1)[L],A-1[L],(e.e1.a1.#c2)[L],(A-1.d1.#f1.b1)[L],#F-1[L],#F-1[L],(A-1.#c1.e1.a1)[L],#F-1[L],(B-1.b.d1.#f1)[L],#F-1[L],(#c.#c1.e1.a1)[L],(#F-1.d1.#f1.b1)[L],d[L],#F-1[L],#c[L],#F-1[L],B-1[L],#F-1[L],A-1[L],(#F-1.d1.#f1.b1)[L],G-1[L],G-1[L],(A-1.b1.d2.#f2)[L],G-1[L],(B-1.a1.#c2.e2)[L],G-1[L],(#c.e1.a1.#c2)[L],(G-1.#f1.b1.d2)[L],A-1[L],A-1[L],(B-1.#c1)[L],A-1[L],(#c.d1)[L],A-1[L],(e.e1)[L],(A-1.#f1.b1.d2)[L],B-1[L],B-1[L],(#c.#c2.e2.a2)[L],B-1[L],(d.b1.d2.#f2)[L],B-1[L],(e.a1.#c2.e2)[L],(B-1.b1.d2.#f2)[L],#f[L],B-1[L],(e.a1.#c2.e2)[L],B-1[L],(d.#f1.b1.d2)[L],B-1[L],(#c.e1.a1.#c2)[L],(B-1.#f1.b1.d2)[L],G-1[L],G-1[L],(A-1.e1.a1.#c2)[L],G-1[L],(B-1.d1.#f1.b1)[L],G-1[L],(#c.e1.a1.#c2)[L],(G-1.#f1.b1.d2)[L],A-1[L],A-1[L],(B-1.e1.a1.#c2)[L],A-1[L],(#c.d1.#f1.b1)[L],A-1[L],(e.e1.a1.#c2)[L],(A-1.#f1.b1.#d2)[L],B-1[L],B-1[L],#c[L],B-1[L],#d[L],B-1[L],#f[L],B-1[L],b[L],B-1[L],a[L],B-1[L],#f[L],B-1[L],#d[L],B-1[L];"]}]}