{"baseBpm":140,"musics":[{"bpm":140,"baseBeats":0.5,"scores":["#f1[L],b1[L],#f2[L],d2[K],#c2[L],b1[L],#f1[L];#c2[JK],#a1[L],g1[L];e1[L],g1[L],e2[L],#c2[L],#c2[L],b1[L],#a1[L],g2[L];#f2[K],#f1[L],#f2[L],#f1[L],#f2[L],#f1[K];#f1[L],b1[L],#f2[L],d2[K],#c2[L],b1[L],#f1[L];#f1[L],(#c1.e1)[L],(#c1.e1)[L],(e1.g1)[K],(e1.g1)[L],(#c1.e1)[K];#c2[L],(#c1.e1)[L],(#c1.e1)[L],(e1.#f1)[K],(e1.#f1)[L],(#c1.e1)[K];d2[L],d1[L],d1[L],e1[L],d2[L],d1[L],(#c1.e1.#f1)[K];#f1[L],b1[L],#f2[L],d2[K],#c2[L],b1[L],#f1[L];#c2[L],(#c1.e1)[L],(#c1.e1)[L],(e1.g1)[K],(e1.g1)[L],(#c1.e1)[K];#c2[L],(#c1.e1)[L],(#c1.e1)[L],(e1.#f1)[K],(e1.#f1)[L],(#c1.e1)[K];d2[L],d1[L],d1[L],(d1.#f1)[K],(e1.g1)[L],(d1.#f1)[K];d2[L],(d1.g1)[L],(d1.g1)[L],(d1.g1)[K],(g1.d2.g2)[L],(#f1.d2.#f2)[K];(f1.f2)[L],(b1.d2)[L],(b1.d2)[L],(b1.d2)[L],(f1.b1.d2.f2)[L],(f1.b1.d2.f2)[L],(e1.#a1.d2.e2)[K];(e1.a1.#c2.e2)[K],(#d1.a1.c2.#d2)[L],(#d1.a1.c2.#d2)[K],#d1[L],#f1[L],a1[L];(#d1.c2)[K],(e1.c2)[J],(c1.e1.#a1.c2)[K];","#f[L],b[L],#f1[L],d1[K],#c1[L],b[L],#f[L];#c1[JK],#a[L],g[L];e[L],g[L],e1[L],#c1[L],#c1[L],b[L],#a[L],g1[L];#f1[K],T,(#f.#a.e1)[J];B-1[K],(#f.b.d1)[K],B-1[K],(#f.b.d1)[K];E-1[L],(g.b)[L],(g.b)[L],(b.#c1)[K],(b.#c1)[L],(g.b)[K];#F-1[L],(#f.#a)[L],(#f.#a)[L],(#a.#c1)[K],(#a.#c1)[L],(d.#f)[K];B-1[L],(#f.b)[L],(#f.b)[L],(g.b)[K],(#f.b)[L],(#f.#a)[K];B-1[K],(#f.b.d1)[K],B-1[K],(#f.b.d1)[K];E-1[L],(g.b)[L],(g.b)[L],(b.#c1)[K],(b.#c1)[L],(g.b)[K];#F-1[L],(#f.#a)[L],(#f.#a)[L],(#a.#c1)[K],(#a.#c1)[L],(#f.#a)[K];B-1[L],(#f.b)[L],(#f.b)[L],b[K],b[L],b[K];#A-1[L],#a[L],#a[L],#a[K],(#A-1.#a)[L],(A-1.a)[K];(#G-1.#g)[K],T,U,(#G-1.#g)[L],(G-1.g)[K];(G-1.g)[K],(#F-1.#f)[L],(#F-1.#f)[K],#f[L],a[L],c1[L];(A-1.#f)[K],(#A-1.g)[J],(C-1.c)[K];"],"id":1,"instruments":["piano","piano"],"alternatives":["",""]},{"bpm":148,"baseBeats":0.5,"scores":["(f1.a1)[L],U,U,#g1[L],(f1.a1)[L],(a1.c2)[L],U,U;(c2.a2)[L],U,U,(a1.f2)[L],(#g1.b1)[L],(a1.c2)[L],U,U;(#a1.#c2)[L],d2[L],U,(d2.f2)[L],U,g2[L],(d2.f2)[L],U;(f1.#g1)[L],a1[L],U,(e1.#a1.c2)[L],U,U,U,U;(a1.f2.a2)[L],U,U,(#g1.f2.#g2)[L],(a1.f2.a2)[L],(c2.a2.c3)[L],U,U;(a2.c3.a3)[L],U,U,(f2.a2.f3)[L],(b1.#g2.b2)[L],(c2.a2.c3)[L],U,U;(#c2.g2.#a2)[L],(d2.g2.#a2)[L],U,(f2.d3.f3)[L],U,(g2.g3)[L],(f2.d3.f3)[L],U;(#g1.f2.#g2)[L],(a1.f2.a2)[L],U,(c2.e2.#a2.c3)[L],U,U,U,U;(a1.f2.a2)[L],U,U,(#g1.f2.#g2)[L],(a1.f2.a2)[L],(c2.a2.c3)[L],U,U;(a2.c3.a3)[L],U,U,(f2.a2.f3)[L],(b1.#g2.b2)[L],(c2.a2.c3)[L],U,U;(f2.a2.d3.f3)[L],(f2.a2.d3.f3)[L],U,(f2.a2.#d3.f3)[L],U,(g2.g3)[L],(f2.a2.#d3.f3)[K];(f2.#a2.d3.f3)[K],U,U,U,U,T;(d2.f2.#g2.d3)[L],U,U,U,U,U,(d2.f2.#g2.d3)[K];(c2.f2.a2.c3)[L],U,U,U,U,U,(f1.a1.c2)[K];(#c1.f1.#a1)[K],U,U,(c1.f1.a1)[L],(#a.d1.g1)[L],U,(a.c1.f1)[L];T,T,S;","(F-1)[L],f[L],(a.c1)[L],f[L],(F-1)[L],f[L],(a.c1)[L],f[L];(F-1)[L],f[L],(a.c1)[L],f[L],(F-1)[L],f[L],(a.#d1)[L],f[L];(#A-1)[L],f[L],(#a.d1)[L],f[L],(#A-1)[L],f[L],(#a.d1)[L],f[L];(F-1)[L],f[L],(a.c1)[L],U,(G-1)[L],c[L],d[L],e[L];(F-1)[L],f[L],(a.c1)[L],f[L],(F-1)[L],f[L],(a.c1)[L],f[L];(F-1)[L],f[L],(a.c1)[L],f[L],(F-1)[L],f[L],(a.#d1)[L],f[L];(#A-1)[L],f[L],(#a.d1)[L],f[L],(#A-1)[L],f[L],(#a.d1)[L],f[L];(F-1)[L],f[L],(a.c1)[L],U,(G-1)[L],c[L],d[L],e[L];(F-1.f)[L],f[L],(a.c1)[L],f[L],(F-1)[L],f[L],(a.c1)[L],f[L];(F-1)[L],f[L],(a.c1)[L],f[L],(F-1)[L],f[L],(a.c1)[L],f[L];d[K],(f.a)[K],c[K],(f.a)[K];(#A-1.#a)[K],d[L],#c[L],d[L],f[L],#a[K];b[L],#g[L],(B-1)[L],d[L],f[L],#g[L],b[K];c1[L],a[L],c[L],d[L],f[L],a[L],c1[K];(G-1)[K],(A-1)[L],(#A-1)[L],c[K],(C-1)[K];(F-1)[K],c[K],(F-1)[J];"],"id":2},{"bpm":156,"baseBeats":0.5,"scores":["5<V,#d1[M]>,5<#f1[M],#a1[M]>,#d2[L],(#d1.#f1)[L],U,#d2[L],(#d1.#a1)[K];5<V,d1[M]>,5<f1[M],#a1[M]>,d2[L],(d1.f1)[L],U,d2[L],(d1.#a1)[K];(a1.#d2.a2)[K],5<a2[M],a1[M]>,5<#d2[M],a2[M]>,(a1.#d2.a2)[L],(a1.#d2.a2)[L],U,a2[L];(#a1.d2.#a2)[K],5<#a2[M],#a1[M]>,5<d2[M],#a2[M]>,(#a1.d2.g2)[L],f2[L],d2[L],f1[L];5<V,#d1[M]>,5<#f1[M],#a1[M]>,#d2[L],(#d1.#f1)[L],U,#d2[L],(#d1.#a1)[K];5<V,d1[M]>,5<f1[M],#a1[M]>,d2[L],(d1.f1)[L],U,d2[L],(d1.#a1)[K];(a1.#d2.a2)[K],5<a2[M],a1[M]>,5<#d2[M],a2[M]>,(a1.#d2.g2)[L],(a1.#d2.g2)[L],U,a2[L];(#a1.d2.#a2)[K],5<#a2[M],#a1[M]>,5<d2[M],#a2[M]>,5<g2[M],e2[M]>,5<#c2[M],#a1[M]>,g1[L],e2[L];(g1.g2)[K],e1[L],g1[L],(e1.#a1.c2)[L],U,U,U;(a1.f2.a2)[L],U,U,(#g1.f2.#g2)[L],(a1.f2.a2)[L],(c2.a2.c3)[L],U,U;(a2.c3.a3)[L],U,U,(f2.a2.f3)[L],(b1.#g2.b2)[L],(c2.a2.c3)[L],U,U;(#c2.#a2.#c3)[L],(d2.#a2.d3)[L],U,(f2.d3.f3)[L],U,(g2.g3)[L],(f2.d3.f3)[L],U;(#g1.f2.#g2)[L],(a1.f2.a2)[L],U,(c2.e2.#a2.c3)[L],U,U,U,U;(a1.f2.a2)[L],U,U,(#g1.f2.#g2)[L],(a1.f2.a2)[L],(c2.a2.c3)[L],U,U;(a2.c3.a3)[L],U,U,(f2.a2.f3)[L],(b1.#g2.b2)[L],(c2.a2.c3)[L],U,U;(f2.a2.d3.f3)[L],(f2.a2.d3.f3)[L],U,(f2.a2.#d3.f3)[L],U,(g2.g3)[L],(f2.a2.#d3.f3)[K];(f2.#a2.d3.f3)[K],U,U,U,U,T;(d2.f2.#g2.d3)[L],U,U,U,U,U,(d2.f2.#g2.d3)[K];(c2.f2.a2.c3)[L],U,U,U,U,U,(f1.a1.c2)[K];(#c1.f1.#a1)[K],U,U,(c1.f1.a1)[L],(#a.e1.g1)[L],U,(a.c1.f1)[L];f1[K],T,T;","#f[K],#d[K],(#A-1)[K],(#F-1)[K];(F-1)[K],(#A-1)[K],d[K],f[K];c[K],(f.c1.#d1)[K],(F-1)[K],(f.a.#d1)[K];(#A-1)[K],(f.#a.d1)[K],d[K],f[K];#f[K],#d[K],(#A-1)[K],(#F-1)[K];(F-1)[K],(#A-1)[K],d[K],f[K];c[K],(f.c1.#d1)[K],(F-1)[K],(f.a.#d1)[K];(#A-1)[K],(f.#a.d1)[K],(#A-1)[K],(e.g.#a.#c1)[K];(c.e.g.#a)[J],(G-1)[L],c[L],d[L],e[L];(F-1)[L],f[L],(a.c1)[L],f[L],(F-1)[L],f[L],(a.c1)[L],f[L];(F-1)[L],f[L],(a.c1)[L],f[L],(F-1)[L],f[L],(a.c1)[L],f[L];(#A-1)[L],f[L],(#a.d1)[L],f[L],(#A-1)[L],f[L],(#a.d1)[L],f[L];(F-1)[L],f[L],(a.c1)[L],U,(G-1)[L],c[L],d[L],e[L];(F-1.f)[L],f[L],(a.c1)[L],f[L],(F-1)[L],f[L],(a.c1)[L],f[L];(F-1)[L],f[L],(a.c1)[L],f[L],(F-1)[L],f[L],(a.c1)[L],f[L];d[K],(f.a)[K],c[K],(f.a)[K];(#A-1.#a)[K],d[L],#c[L],d[L],f[L],#a[K];b[L],#g[L],(B-1)[L],e[L],g[L],#a[L],b[K];c1[L],a[L],c[L],d[L],f[L],a[L],c1[K];(G-1)[K],(A-1)[L],(#A-1)[L],c[K],(C-1)[K];(F-2.F-1)[K],(C-1.c)[K],(F-2.F-1)[K];"],"id":3}],"audition":{"start":[0,24],"end":[0,74]}}