{"baseBpm":120,"musics":[{"id":1,"baseBeats":0.5,"scores":["mute[LM],mute[LM],mute[K],mute[L],mute[L],mute[L],mute[LM],mute[LM],mute[K],mute[K],mute[L],mute[LM],mute[LM],mute[K],mute[K],mute[L],mute[LM],mute[LM],mute[K],mute[L],mute[L],mute[L],mute[LM],mute[LM],mute[K],mute[L],mute[L],mute[L],mute[LM],mute[LM],mute[K],mute[K],mute[L],mute[LM],mute[LM],mute[K],mute[K],mute[L],mute[LM],mute[LM],mute[K],mute[L],mute[L],mute[L],mute[LM],mute[LM],mute[K],mute[L],mute[L],mute[L],mute[LM],mute[LM],mute[K],mute[L],mute[L],mute[L],mute[LM],mute[LM],mute[K],mute[L],mute[L],mute[L],mute[LM],mute[LM],mute[K],mute[L],mute[L],mute[L],mute[LM],mute[LM],mute[K],mute[L],mute[L],mute[L],mute[LM],mute[LM],mute[K],mute[L],mute[L],mute[L],mute[LM],mute[LM],mute[K],mute[K],mute[L],mute[LM],mute[LM],mute[K],mute[L],mute[L],mute[L],mute[LM],mute[LM],mute[K],mute[L],mute[L],mute[L],mute[LM],mute[LM],mute[K],mute[L],mute[L],mute[L],mute[LM],mute[LM],mute[K],mute[L],mute[L],mute[L],mute[LM],mute[LM],mute[K],mute[L],mute[L],mute[L],mute[LM],mute[LM],mute[K],mute[L],mute[L],mute[L],mute[LM],mute[LM],mute[K],mute[L],mute[L],mute[L],mute[LM],mute[LM],mute[K],mute[K],mute[L],mute[LM],mute[LM],mute[K],mute[L],mute[L],mute[L],mute[LM],mute[LM],mute[K],mute[L],mute[L],mute[L],mute[LM],mute[LM],mute[K],mute[L],mute[L],mute[L],mute[LM],mute[LM],mute[K],mute[L],mute[L],mute[L],mute[LM],mute[LM],mute[K],mute[L],mute[L],mute[L],mute[LM],mute[LM],mute[K],mute[L],mute[L],mute[L],mute[LM],mute[LM],mute[K],mute[L],mute[L],mute[L],mute[LM],mute[LM],mute[K],mute[L],mute[L],mute[L],mute[LM],mute[LM],mute[K],mute[L],mute[L],mute[L],mute[LM],mute[LM],mute[K],mute[L],mute[L],mute[L],mute[LM],mute[LM],mute[K],mute[L],mute[L],mute[L],mute[LM],mute[LM],mute[K],mute[L],mute[L],mute[L],mute[LM],mute[LM],mute[L],mute[L],mute[L],mute[L],mute[L],mute[LM],mute[LM],mute[K],mute[L],mute[L],mute[L],mute[LM],mute[LM],mute[K],mute[L],mute[L],mute[L],mute[LM],mute[LM],mute[K],mute[K],mute[L],mute[LM],mute[LM],mute[K],mute[L],mute[L],mute[L],mute[LM],mute[LM],mute[K],mute[L],mute[L],mute[L],mute[LM],mute[LM],mute[K],mute[L],mute[L],mute[L],mute[LM],mute[LM],mute[K],mute[L],mute[L],mute[L],mute[LM],mute[LM],mute[K],mute[L],mute[L],mute[L],mute[LM],mute[LM],mute[K],mute[L],mute[L],mute[L],mute[LM],mute[LM],mute[K],mute[L],mute[L],mute[L],mute[LM],mute[LM],mute[K],mute[L],mute[L],mute[L],mute[LM],mute[LM],mute[K],mute[L],mute[L],mute[L],mute[LM],mute[LM],mute[K],mute[L],mute[L],mute[L],mute[LM],mute[LM],mute[K],mute[L],mute[L],mute[L],mute[LM],mute[LM],mute[K],mute[L],mute[L],mute[L],mute[LM],mute[LM];","(#d.#a.#c1.#f1)[LM],(#d.#a.#c1.#f1)[LM],(#d.#a.#c1.#f1)[K],(#c.#a.#c1.#g1)[L],(#a.#c1.#g1)[L],#c[L],(B-1.#c1.#f1.#a1)[LM],(B-1.#c1.#f1.#a1)[LM],(B-1.#c1.#f1.#a1)[K],(B-1.#c1.#f1.#a1)[K],(B-1.#c1.#f1.#a1)[L],(#F-1.#c1.#f1.#a1)[LM],(#F-1.#c1.#f1.#a1)[LM],(#F-1.#c1.#f1.#a1)[K],(#F-1.#c1.#f1.#a1)[K],(#F-1.#c1.#f1.#a1)[L],(f.#g.#c1.f1)[LM],(f.#g.#c1.f1)[LM],(f.#g.#c1.f1)[K],(#f.#c1.f1)[L],(f.#c1.#f1)[L],(#c.#c1.f1)[L],(#d.#a.#c1.#f1)[LM],(#d.#a.#c1.#f1)[LM],(#d.#a.#c1.#f1)[K],(#c.#a.#c1.#g1)[L],(#a.#c1.#g1)[L],#c[L],(B-1.#c1.#f1.#a1)[LM],(B-1.#c1.#f1.#a1)[LM],(B-1.#c1.#f1.#a1)[K],(B-1.#c1.#f1.#a1)[K],(B-1.#c1.#f1.#a1)[L],(#F-1.#c1.#f1.#a1)[LM],(#F-1.#c1.#f1.#a1)[LM],(#F-1.#c1.#f1.#a1)[K],(#F-1.#c1.#f1.#a1)[K],(#F-1.#c1.#f1.#a1)[L],(f.#g.#c1.f1)[LM],(f.#g.#c1.f1)[LM],(f.#g.#c1.f1)[K],(#f.#c1.f1)[L],(f.#c1.#f1)[L],(#c.#c1.f1)[L],(#d.#f.#a.#c1.#f1)[LM],(#d.#f.#a.#c1.#f1)[LM],(#d.#f.#a.#c1.#f1)[K],(#c.f.#g.#a1)[L],b1[L],(#c.f.#g.#a1)[L],(B-1.#d.#f.#c2.#c1.#f1.#a1)[LM],(B-1.#d.#f.#c1.#f1.#a1)[LM],(B-1.#d.#f.#c1.#f1.#a1)[K],(B-1.#d.#f.#a1)[L],b1[L],(B-1.#d.#f.#a1)[L],(#F-1.#A-1.#c.#c2.#c1.#f1.#a1)[LM],(#F-1.#A-1.#c.#c1.#f1.#a1)[LM],(#F-1.#A-1.#c.#c1.#f1.#a1)[K],(#F-1.#A-1.#c.b1)[L],#a1[L],(#F-1.#A-1.#c.#g1)[L],(#A-1.#c.f.#c1.f1)[LM],(#A-1.#c.f.#c1.f1)[LM],(#A-1.#c.f.#c1.f1)[K],(#f.#c1.f1)[L],(f.#c1.#f1)[L],(#c.#c1.f1)[L],(#d.#f.#a.#c1.#f1)[LM],(#d.#f.#a.#c1.#f1)[LM],(#d.#f.#a.#c1.#f1)[K],(#c.f.#g.#a1)[L],b1[L],(#c.f.#g.#a1)[L],(B-1.#d.#f.#c2.#c1.#f1.#a1)[LM],(B-1.#d.#f.#c1.#f1.#a1)[LM],(B-1.#d.#f.#c1.#f1.#a1)[K],(B-1.#d.#f.b1)[L],#a1[L],(B-1.#d.#f.#g1)[L],(#F-1.#A-1.#c.#a.#c1)[LM],(#F-1.#A-1.#c.#a.#c1)[LM],(#F-1.#A-1.#c.#a.#c1)[K],(#F-1.#A-1.#c.#a.#c1)[K],(#F-1.#A-1.#c.#a.#c1)[L],(#A-1.#c.f.#c1.f1)[LM],(#A-1.#c.f.#c1.f1)[LM],(#A-1.#c.f.#c1.f1)[K],(#f.#c1.f1)[L],(f.#c1.#f1)[L],(#c.#c1.f1)[L],(#d.#f.#a.#c1.#f1)[LM],(#d.#f.#a.#c1.#f1)[LM],(#d.#f.#a.#c1.#f1)[K],(#c.f.#g.#a1)[L],b1[L],(#c.f.#g.#a1)[L],(B-1.#d.#f.#c2.#c1.#f1.#a1)[LM],(B-1.#d.#f.#c1.#f1.#a1)[LM],(B-1.#d.#f.#c1.#f1.#a1)[K],(B-1.#d.#f.#a1)[L],b1[L],(B-1.#d.#f.#a1)[L],(#F-1.#A-1.#c.#c2.#c1.#f1.#a1)[LM],(#F-1.#A-1.#c.#c1.#f1.#a1)[LM],(#F-1.#A-1.#c.#c1.#f1.#a1)[K],(#F-1.#A-1.#c.#d2)[L],#a1[L],(#F-1.#A-1.#c.#g1)[L],(#A-1.#c.f.#c1.f1)[LM],(#A-1.#c.f.#c1.f1)[LM],(#A-1.#c.f.#c1.f1)[K],(#f.#c1.f1)[L],(f.#c1.#f1)[L],(#c.#c1.f1)[L],(#d.#f.#a.#c1.#f1)[LM],(#d.#f.#a.#c1.#f1)[LM],(#d.#f.#a.#c1.#f1)[K],(#c.f.#g)[L],b1[L],(#c.f.#g.#a1)[L],(B-1.#d.#f.#c2.#d1.#f1.#a1)[LM],(B-1.#d.#f.#d1.#f1.#a1)[LM],(B-1.#d.#f.#d1.#f1.#a1)[K],(B-1.#d.#f.b1)[L],#a1[L],(B-1.#d.#f.#g1)[L],(#F-1.#A-1.#c.#a.#c1)[LM],(#F-1.#A-1.#c.#a.#c1)[LM],(#F-1.#A-1.#c.#a.#c1)[K],(#F-1.#A-1.#c.#a.#c1)[K],(#F-1.#A-1.#c.#a.#c1)[L],(#A-1.#c.f.#c1.f1)[LM],(#A-1.#c.f.#c1.f1)[LM],(#A-1.#c.f.#c1.f1)[K],(#f.#c1.f1)[L],(f.#c1.#f1)[L],(#c.#c1.f1)[L],(#D-1.#d.#c1.#f1)[LM],(#d.#f.#a.#c1.#f1)[LM],(#d.#f.#a.#c1.#f1)[K],(#c.f.#g.#d1.#d2)[L],(#c1.#c2)[L],(#c.f.#g.#f1.#f2)[L],(B-2.B-1.#d1.#f1.b1)[LM],(B-1.#d.#f.#d1.#f1.b1)[LM],(B-1.#d.#f.#d1.#f1.b1)[K],(B-1.#d.#f.#c1.#c2)[L],(#d1.#d2)[L],(B-1.#d.#f.#c1.#c2)[L],(#F-2.#F-1.#f2.#f1.#a1)[LM],(#F-1.#A-1.#c.#f1.#a1)[LM],(#F-1.#A-1.#c.#f1.#a1)[K],(#F-1.#A-1.#c.#f1.#f2)[L],(#g1.#g2)[L],(#F-1.#A-1.#c.f1.f2)[L],(#A-2.#A-1.#c1.f1)[LM],(#A-1.#c.f.#c1.f1)[LM],(#A-1.#c.f.#c1.f1)[K],(#f.#c1.f1)[L],(f.#c1.#f1)[L],(#c.#c1.f1)[L],(#D-1.#d.#c1.#f1)[LM],(#d.#f.#a.#c1.#f1)[LM],(#d.#f.#a.#c1.#f1)[K],(#c.f.#g.#d1.#d2)[L],(#c1.#c2)[L],(#c.f.#g.#f1.#f2)[L],(B-2.B-1.#d1.#f1.b1)[LM],(B-1.#d.#f.#d1.#f1.b1)[LM],(B-1.#d.#f.#d1.#f1.b1)[K],(B-1.#d.#f.#g1.#g2)[L],(#a1.#a2)[L],(B-1.#d.#f.#g1.#g2)[L],(#F-2.#F-1.#c1.#f1.#a1)[LM],(#F-1.#A-1.#c.#c1.#f1.#a1)[LM],(#F-1.#A-1.#c.#c1.#f1.#a1)[K],(#F-1.#A-1.#c)[L],(#f1.#f2)[L],(#F-1.#A-1.#c.#a1.#a2)[L],(#A-2.#A-1.#g1.#g2)[LM],(#A-1.#c.f)[LM],(#A-1.#c.f)[K],(#A-1.#c.f)[L],(#f1.#f2)[L],(#A-1.#c.f.b1.b2)[L],(#d.#f.#a.#a1.#a2)[LM],(#d.#f.#a)[LM],(#d.#f.#a)[K],(#c.f.#g.#a1)[L],b1[L],(#c.f.#g.#a1)[L],(B-1.#d.#f.#c2.#d1.#f1.#a1)[LM],(B-1.#d.#f.#d1.#f1.#a1)[LM],(B-1.#d.#f.#d1.#f1.#a1)[K],(B-1.#d.#f.#a1)[L],b1[L],(B-1.#d.#f.#a1)[L],(#F-1.#A-1.#c.#c2.#c1.#f1.#a1)[LM],(#F-1.#A-1.#c.#c1.#f1.#a1)[LM],(#F-1.#A-1.#c.#c1.#f1.#a1)[K],(#F-1.#A-1.#c.b1)[L],#a1[L],(#F-1.#A-1.#c.#g1)[L],(#A-1.#c.f.#c1.f1)[LM],(#A-1.#c.f.#c1.f1)[LM],(#A-1.#c.f.#c1.#c2)[L],(#f1.#f2)[L],(#A-1.#c.f.#c1.#c2)[L],(#f1.#f2)[L],(#A-1.#c.f)[L],(#d.#f.#a.#f2.#f1.#a1)[LM],(#d.#f.#a.#f1.#a1)[LM],(#d.#f.#a.#f1.#a1)[K],(#c.f.#g.#c2.#c3)[L],(#a1.#a2)[L],(#c.f.#g.b1.b2)[L],(B-1.#d.#f.#d1.#f1.b1)[LM],(B-1.#d.#f.#d1.#f1.b1)[LM],(B-1.#d.#f.#d1.#f1.b1)[K],(B-1.#d.#f.#a2)[L],#g2[L],(B-1.#d.#f.#f2)[L],(#F-1.#A-1.#c.#c1.#f1.#a1)[LM],(#F-1.#A-1.#c.#c1.#f1.#a1)[LM],(#F-1.#A-1.#c.#c1.#f1.#a1)[K],(#F-1.#A-1.#c.#c1.#f1.#a1)[K],(#F-1.#A-1.#c.#c1.#f1.#a1)[L],(#A-1.#c.f.#g.#c1.f1)[LM],(#A-1.#c.f.#g.#c1.f1)[LM],(#A-1.#c.f.#g.#c1.f1)[K],(#f.#c1.f1)[L],(f.#c1.#f1)[L],(#c.#c1.f1)[L],(#D-1.#d.#a.#c1.#f1)[LM],(#D-1.#d.#a.#c1.#f1)[LM],(#D-1.#d.#a.#c1.#f1)[K],(#c.#a.#c1.#g1)[L],(#C-1.#a.#c1.#g1)[L],#c[L],(B-2.B-1.#c1.#f1.b1)[LM],(B-2.B-1.#c1.#f1.b1)[LM],(B-2.B-1.#c1.#f1.b1)[K],(B-1.#c1.#f1.b1)[L],B-2[L],(B-1.#c1.#f1.b1)[L],(#F-2.#F-1.#c1.#f1.#a1)[LM],(#F-2.#F-1.#c1.#f1.#a1)[LM],(#F-2.#F-1.#c1.#f1.#a1)[K],(#F-1.#c1.#f1.#a1)[L],#F-2[L],(#F-1.#c1.#f1.#a1)[L],(F-1.f.#g.#c1.#g1)[LM],(F-1.f.#g.#c1.#g1)[LM],(F-1.f.#g.#c1.#g1)[K],(#A-1.#g.#c1.#g1)[L],#A-2[L],(#A-1.#g.#c1.#g1)[L],(#D-1.#d.#a.#c1.#f1)[LM],(#D-1.#d.#a.#c1.#f1)[LM],(#D-1.#d.#a.#c1.#f1)[K],(#c.#a.#c1.#g1)[L],(#C-1.#a.#c1.#g1)[L],#c[L],(B-2.B-1.#c1.#f1.b1)[LM],(B-2.B-1.#c1.#f1.b1)[LM],(B-2.B-1.#c1.#f1.b1)[K],(B-1.#c1.#f1.b1)[L],B-2[L],(B-1.#c1.#f1.b1)[L],(#F-2.#F-1.#c1.#f1.#a1)[LM],(#F-2.#F-1.#c1.#f1.#a1)[LM],(#F-2.#F-1.#c1.#f1.#a1)[K],(#F-1.#c1.#f1.#a1)[L],#F-2[L],(#F-1.#c1.#f1.#a1)[L],(F-1.f.#g.#c1.#g1)[LM],(F-1.f.#g.#c1.#g1)[LM],(F-1.f.#g.#c1.#g1)[K],(#A-1.#g.#c1.#g1)[L],#A-2[L],(#A-1.#g.#c1.#g1)[L],(#D-1.#d.#a.#c1.#f1)[LM],(#D-1.#d.#a.#c1.#f1)[LM],(#D-1.#d.#a.#c1.#f1)[K],(#c.#a.#c1.#g1)[L],(#C-1.#a.#c1.#g1)[L],#c[L],(B-2.B-1.#c1.#f1.b1)[LM],(B-2.B-1.#c1.#f1.b1)[LM],(B-2.B-1.#c1.#f1.b1)[K],(B-1.#c1.#f1.b1)[L],B-2[L],(B-1.#c1.#f1.b1)[L],(#F-2.#F-1.#c1.#f1.#a1)[LM],(#F-2.#F-1.#c1.#f1.#a1)[LM],(#F-2.#F-1.#c1.#f1.#a1)[K],(#F-1.#c1.#f1.#a1)[L],#F-2[L],(#F-1.#c1.#f1.#a1)[L],(f.#g.#c1.#g1)[LM],(f.#g.#c1.#g1)[LM];"]},{"id":2,"baseBeats":0.5,"scores":["mute[L],mute[L],mute[L],mute[L],mute[L],mute[LM],mute[LM],mute[K],mute[L],mute[L],mute[L],mute[LM],mute[LM],mute[K],mute[L],mute[L],mute[L],mute[LM],mute[LM],mute[K],mute[L],mute[L],mute[L],mute[LM],mute[LM],mute[K],mute[L],mute[L],mute[L],mute[LM],mute[LM],mute[K],mute[L],mute[L],mute[L],mute[LM],mute[LM],mute[K],mute[L],mute[L],mute[L],mute[LM],mute[LM],mute[K],mute[K],mute[L],mute[LM],mute[LM],mute[K],mute[L],mute[L],mute[L],mute[LM],mute[LM],mute[K],mute[L],mute[L],mute[L],mute[LM],mute[LM],mute[K],mute[L],mute[L],mute[L],mute[LM],mute[LM],mute[K],mute[L],mute[L],mute[L],mute[LM],mute[LM],mute[K],mute[L],mute[L],mute[L],mute[LM],mute[LM],mute[K],mute[L],mute[L],mute[L],mute[LM],mute[LM],mute[K],mute[L],mute[L],mute[L],mute[LM],mute[LM],mute[K],mute[K],mute[L],mute[LM],mute[LM],mute[K],mute[L],mute[L],mute[L],mute[LM],mute[LM],mute[K],mute[L],mute[L],mute[L],mute[LM],mute[LM],mute[K],mute[L],mute[L],mute[L],mute[LM],mute[LM],mute[K],mute[L],mute[L],mute[L],mute[LM],mute[LM],mute[L],mute[L],mute[L],mute[L],mute[L],mute[LM],mute[LM],mute[K],mute[L],mute[L],mute[L],mute[LM],mute[LM],mute[K],mute[L],mute[L],mute[L],mute[LM],mute[LM],mute[K],mute[L],mute[L],mute[L],mute[LM],mute[LM],mute[K],mute[L],mute[L],mute[L],mute[LM],mute[LM],mute[K],mute[L],mute[L],mute[L],mute[LM],mute[LM],mute[K],mute[L],mute[L],mute[L],mute[LM],mute[LM],mute[K],mute[L],mute[L],mute[L],mute[LM],mute[LM],mute[L],mute[L],mute[L],mute[L],mute[L],mute[LM],mute[LM],mute[K],mute[L],mute[L],mute[L],mute[LM],mute[LM],mute[K],mute[L],mute[L],mute[L],mute[LM],mute[LM],mute[K],mute[K],mute[L],mute[LM],mute[LM],mute[L],mute[L],mute[L],mute[L],mute[L],mute[LM],mute[LM],mute[K],mute[L],mute[L],mute[L],mute[LM],mute[LM],mute[K],mute[L],mute[L],mute[L],mute[LM],mute[LM],mute[K],mute[K],mute[L],mute[LM],mute[LM],mute[L],mute[L],mute[L],mute[L],mute[L],mute[LM],mute[LM],mute[K],mute[L],mute[L],mute[L],mute[LM],mute[LM],mute[K],mute[L],mute[L],mute[L],mute[LM],mute[LM],mute[K],mute[L],mute[L],mute[L],mute[LM],mute[LM];","(#A-1.#c2)[L],(#A-2.#f2)[L],#c2[L],(#A-1.f2)[L],#f2[L],(#d.#f.#a.#c1.#f1)[LM],(#d.#f.#a.#c1.#f1)[LM],(#d.#f.#a.#c1.#f1)[K],(#c.f.#g.#a1)[L],b1[L],(#c.f.#g.#a1)[L],(B-1.#d.#f.#c2.#c1.#f1.#a1)[LM],(B-1.#d.#f.#c1.#f1.#a1)[LM],(B-1.#d.#f.#c1.#f1.#a1)[K],(B-1.#d.#f.#a1)[L],b1[L],(B-1.#d.#f.#a1)[L],(#F-1.#A-1.#c.#c2.#c1.#f1.#a1)[LM],(#F-1.#A-1.#c.#c1.#f1.#a1)[LM],(#F-1.#A-1.#c.#c1.#f1.#a1)[K],(#F-1.#A-1.#c.b1)[L],#a1[L],(#F-1.#A-1.#c.#g1)[L],(#A-1.#c.f.#c1.f1)[LM],(#A-1.#c.f.#c1.f1)[LM],(#A-1.#c.f.#c1.f1)[K],(#f.#c1.f1)[L],(f.#c1.#f1)[L],(#c.#c1.f1)[L],(#d.#f.#a.#c1.#f1)[LM],(#d.#f.#a.#c1.#f1)[LM],(#d.#f.#a.#c1.#f1)[K],(#c.f.#g.#a1)[L],b1[L],(#c.f.#g.#a1)[L],(B-1.#d.#f.#c2.#c1.#f1.#a1)[LM],(B-1.#d.#f.#c1.#f1.#a1)[LM],(B-1.#d.#f.#c1.#f1.#a1)[K],(B-1.#d.#f.b1)[L],#a1[L],(B-1.#d.#f.#g1)[L],(#F-1.#A-1.#c.#a.#c1)[LM],(#F-1.#A-1.#c.#a.#c1)[LM],(#F-1.#A-1.#c.#a.#c1)[K],(#F-1.#A-1.#c)[K],(#F-1.#A-1.#c.f1)[L],(#A-1.#c.f.#c1)[LM],(#A-1.#c.f)[LM],(#A-1.#c.f.f1)[K],(#f.#f1)[L],f[L],#c[L],(#d.#f.#a.#c1.#f1)[LM],(#d.#f.#a.#c1.#f1)[LM],(#d.#f.#a.#c1.#f1)[K],(#c.f.#g.#a1)[L],b1[L],(#c.f.#g.#a1)[L],(B-1.#d.#f.#c2.#c1.#f1.#a1)[LM],(B-1.#d.#f.#c1.#f1.#a1)[LM],(B-1.#d.#f.#c1.#f1.#a1)[K],(B-1.#d.#f)[L],b1[L],(B-1.#d.#f.#a1)[L],(#F-1.#A-1.#c.#c2.#c1.#f1.#a1)[LM],(#F-1.#A-1.#c.#c1.#f1.#a1)[LM],(#F-1.#A-1.#c.#c1.#f1.#a1)[K],(#F-1.#A-1.#c.#d2)[L],#a1[L],(#F-1.#A-1.#c)[L],(#A-1.#c.f.#g1.#c1.f1)[LM],(#A-1.#c.f.#c1.f1)[LM],(#A-1.#c.f.#c1.f1)[K],(#f.#c1.f1)[L],(f.#c1.#f1)[L],(#c.#c1.f1)[L],(#d.#f.#a.#c1.#f1)[LM],(#d.#f.#a.#c1.#f1)[LM],(#d.#f.#a.#c1.#f1)[K],(#c.f.#g.#a1)[L],b1[L],(#c.f.#g.#a1)[L],(B-1.#d.#f.#c2.#c1.#f1.#a1)[LM],(B-1.#d.#f.#c1.#f1.#a1)[LM],(B-1.#d.#f.#c1.#f1.#a1)[K],(B-1.#d.#f.b1)[L],#a1[L],(B-1.#d.#f.#g1)[L],(#F-1.#A-1.#c.#a.#c1)[LM],(#F-1.#A-1.#c.#a.#c1)[LM],(#F-1.#A-1.#c.#a.#c1)[K],(#F-1.#A-1.#c.#a.#c1)[K],(#F-1.#A-1.#c.#a.#c1)[L],(#A-1.#c.f.#c1.f1)[LM],(#A-1.#c.f.#c1.f1)[LM],(#A-1.#c.f.#c1.f1)[K],(#f.#f1)[L],f[L],#c[L],(#D-1.#d.#c1.#f1)[LM],(#d.#f.#a.#c1.#f1)[LM],(#d.#f.#a.#c1.#f1)[K],(#c.f.#g.#d1.#d2)[L],(#c1.#c2)[L],(#c.f.#g.#f1.#f2)[L],(B-2.B-1.#d1.#f1.b1)[LM],(B-1.#d.#f.#d1.#f1.b1)[LM],(B-1.#d.#f.#d1.#f1.b1)[K],(B-1.#d.#f.#c1.#c2)[L],(#d1.#d2)[L],(B-1.#d.#f.#c1.#c2)[L],(#F-2.#F-1.#f2.#f1.#a1)[LM],(#F-1.#A-1.#c.#f1.#a1)[LM],(#F-1.#A-1.#c.#f1.#a1)[K],(#F-1.#A-1.#c.#f1.#f2)[L],(#g1.#g2)[L],(#F-1.#A-1.#c.f1.f2)[L],(#A-2.#A-1.#c1.f1.#c2)[LM],(#A-1.#c.f.#c1.f1)[LM],(#A-1.#c.f.#c1.f1)[L],b1[L],(#f.#c1.f1)[L],(f.#c1.#f1)[L],(#c.#c1.f1)[L],(#D-1.#d.#c1.#f1.#a1)[LM],(#d.#f.#a.#c1.#f1)[LM],(#d.#f.#a.#c1.#f1)[K],(#c.f.#g.#d1.#d2)[L],(#c1.#c2)[L],(#c.f.#g.#f1.#f2)[L],(B-2.B-1.#d1.#f1.b1)[LM],(B-1.#d.#f.#d1.#f1.b1)[LM],(B-1.#d.#f.#d1.#f1.b1)[K],(B-1.#d.#f.#g1.#g2)[L],(#a1.#a2)[L],(B-1.#d.#f.#g1.#g2)[L],(#F-2.#F-1.#c1.#f1.#a1)[LM],(#F-1.#A-1.#c.#c1.#f1.#a1)[LM],(#F-1.#A-1.#c.#c1.#f1.#a1)[K],(#F-1.#A-1.#c)[L],(#f1.#f2)[L],(#F-1.#A-1.#c.#a1.#a2)[L],(#A-2.#A-1.#g1.#g2)[LM],(#A-1.#c.f)[LM],(#A-1.#c.f)[K],(#A-1.#c.f)[L],(#f1.#f2)[L],(#A-1.#c.f.b1.b2)[L],(#d.#f.#a.#a1.#a2)[LM],(#d.#f.#a)[LM],(#d.#f.#a)[K],(#c.f.#g.#a1)[L],b1[L],(#c.f.#g.#a1)[L],(B-1.#d.#f.#c2.#c1.#f1.#a1)[LM],(B-1.#d.#f.#c1.#f1.#a1)[LM],(B-1.#d.#f.#c1.#f1.#a1)[K],(B-1.#d.#f.#a1)[L],b1[L],(B-1.#d.#f.#a1)[L],(#F-1.#A-1.#c.#c2.#c1.#f1.#a1)[LM],(#F-1.#A-1.#c.#c1.#f1.#a1)[LM],(#F-1.#A-1.#c.#c1.#f1.#a1)[K],(#F-1.#A-1.#c.b1)[L],#a1[L],(#F-1.#A-1.#c.#g1)[L],(#A-1.#c.f.#c1.f1)[LM],(#A-1.#c.f.#c1.f1)[LM],(#A-1.#c.f.#c1.#c2)[L],(#f1.#f2)[L],(#A-1.#c.f.#c1.#c2)[L],(#f1.#f2)[L],(#A-1.#c.f)[L],(#d.#f.#a.#f2.#f1.#a1)[LM],(#d.#f.#a.#f1.#a1)[LM],(#d.#f.#a.#f1.#a1)[K],(#c.f.#g.#c2.#c3)[L],(#a1.#a2)[L],(#c.f.#g.b1.b2)[L],(B-1.#d.#f.#d1.#f1.b1)[LM],(B-1.#d.#f.#d1.#f1.b1)[LM],(B-1.#d.#f.#d1.#f1.b1)[K],(B-1.#d.#f.#a2)[L],#g2[L],(B-1.#d.#f.#f2)[L],(#F-1.#A-1.#c.#c1.#f1.#a1)[LM],(#F-1.#A-1.#c.#c1.#f1.#a1)[LM],(#F-1.#A-1.#c.#c1.#f1.#a1)[K],(#F-1.#A-1.#c.#c1.#f1.#a1)[K],(#F-1.#A-1.#c.#c1.#f1.#a1)[L],(#A-1.#c.f.#c1.f1)[LM],(#A-1.#c.f.#c1.f1)[LM],(#A-1.#c.f.#c1.#c2)[L],(#f1.#f2)[L],(#A-1.#c.f.#c1.#c2)[L],(#f1.#f2)[L],(#A-1.#c.f)[L],(#d.#f.#a.#f2.#f1.#a1)[LM],(#d.#f.#a.#f1.#a1)[LM],(#d.#f.#a.#f1.#a1)[K],(#c.f.#g.#c2.#c3)[L],(#a1.#a2)[L],(#c.f.#g.b1.b2)[L],(B-1.#d.#f.#d1.#f1.b1)[LM],(B-1.#d.#f.#d1.#f1.b1)[LM],(B-1.#d.#f.#d1.#f1.b1)[K],(B-1.#d.#f.#a2)[L],#g2[L],(B-1.#d.#f.#f2)[L],(#F-1.#A-1.#c.#c1.#f1.#a1)[LM],(#F-1.#A-1.#c.#c1.#f1.#a1)[LM],(#F-1.#A-1.#c.#c1.#f1.#a1)[K],(#F-1.#A-1.#c.#c1.#f1.#a1)[K],(#F-1.#A-1.#c.#c1.#f1.#a1)[L],(#A-1.#c.f.#c1.f1)[LM],(#A-1.#c.f.#c1.f1)[LM],(#A-1.#c.f.#c2)[L],#f2[L],(#A-1.#c.f.#c2)[L],f2[L],(#A-1.#c.f.#f2)[L],(#D-1.#d.#a.#c1.#f1)[LM],(#D-1.#d.#a.#c1.#f1)[LM],(#D-1.#d.#a.#c1.#f1)[K],(#c.#a.#c1.#g1)[L],(#C-1.#a.#c1.#g1)[L],#c[L],(B-2.B-1.#c1.#f1.b1)[LM],(B-2.B-1.#c1.#f1.b1)[LM],(B-2.B-1.#c1.#f1.b1)[K],(B-1.#c1.#f1.b1)[L],B-2[L],(B-1.#c1.#f1.b1)[L],(#F-2.#F-1.#c1.#f1.#a1)[LM],(#F-2.#F-1.#c1.#f1.#a1)[LM],(#F-2.#F-1.#c1.#f1.#a1)[K],(#F-1.#c1.#f1.#a1)[L],#F-2[L],(#F-1.#c1.#f1.#a1)[L],(F-1.f.#g.#c1.#g1)[LM],(F-1.f.#g.#c1.#g1)[LM];"]},{"id":3,"baseBeats":0.5,"scores":["mute[L],mute[L],mute[L],mute[L],mute[L],mute[LM],mute[LM],mute[K],mute[L],mute[L],mute[L],mute[LM],mute[LM],mute[K],mute[L],mute[L],mute[L],mute[LM],mute[LM],mute[K],mute[L],mute[L],mute[L],mute[LM],mute[LM],mute[L],mute[L],mute[L],mute[L],mute[L],mute[LM],mute[LM],mute[L],mute[L],mute[L],mute[L],mute[L],mute[LM],mute[LM],mute[L],mute[L],mute[L],mute[L],mute[L],mute[LM],mute[LM],mute[L],mute[L],mute[L],mute[L],mute[L],mute[LM],mute[LM],mute[L],mute[L],mute[L],mute[L],mute[L],mute[LM],mute[LM],mute[L],mute[L],mute[L],mute[L],mute[L],mute[LM],mute[LM],mute[L],mute[L],mute[L],mute[L],mute[L],mute[LM],mute[LM],mute[L],mute[L],mute[L],mute[L],mute[L],mute[LM],mute[LM],mute[L],mute[L],mute[L],mute[L],mute[L],mute[LM],mute[LM],mute[L],mute[L],mute[L],mute[L],mute[L],mute[LM],mute[LM],mute[L],mute[L],mute[L],mute[L],mute[L],mute[LM],mute[LM],mute[L],mute[L],mute[L],mute[L],mute[L],mute[LM],mute[LM],mute[L],mute[L],mute[L],mute[L],mute[L],mute[LM],mute[LM],mute[L],mute[L],mute[L],mute[L],mute[L],mute[LM],mute[LM],mute[L],mute[L],mute[L],mute[L],mute[L],mute[LM],mute[LM],mute[L],mute[L],mute[L],mute[L],mute[L],mute[LM],mute[LM],mute[L],mute[L],mute[L],mute[L],mute[L],mute[LM],mute[LM],mute[K],mute[K],mute[L],mute[LM],mute[LM],mute[K],mute[L],mute[L],mute[L],mute[LM],mute[LM],mute[K],mute[L],mute[L],mute[L],mute[LM],mute[LM],mute[L],mute[L],mute[L],mute[L],mute[L],mute[LM],mute[LM],mute[K],mute[L],mute[L],mute[L],mute[LM],mute[LM],mute[K],mute[L],mute[L],mute[L],mute[LM],mute[LM],mute[K],mute[K],mute[L],mute[LM],mute[LM],mute[L],mute[L],mute[L],mute[L],mute[L],mute[LM],mute[LM],mute[K],mute[L],mute[L],mute[L],mute[LM],mute[LM],mute[K],mute[L],mute[L],mute[L],mute[LM],mute[LM],mute[K],mute[K],mute[L],mute[LM],mute[LM],mute[L],mute[L],mute[L],mute[L],mute[L],mute[K],mute[K],mute[K],mute[L],mute[L],mute[K],mute[K],mute[K],mute[L],mute[L],mute[K],mute[K],mute[K],mute[L],mute[L],mute[K],mute[K],mute[K],mute[L],mute[L],mute[K],mute[K],mute[K],mute[L],mute[L],mute[K],mute[K],mute[K],mute[L],mute[L],mute[K],mute[K],mute[K],mute[L],mute[L],mute[K],mute[L],mute[KL],mute[L],mute[L],mute[K],mute[K],mute[K],mute[L],mute[L],mute[K],mute[K],mute[K],mute[L],mute[L],mute[K],mute[K],mute[K],mute[L],mute[L],mute[K],mute[L],mute[KL],mute[L],mute[L],mute[I];","(F-1.f.#c2)[L],#f2[L],(#A-1.#c2)[L],(#A-2.f2)[L],(#A-1.#f2)[L],(#D-1.#d.#a.#c1.#f1)[LM],(#D-1.#d.#a.#c1.#f1)[LM],(#D-1.#d.#a.#c1.#f1)[K],(#c.#a.#c1.#g1)[L],(#C-1.#a.#c1.#g1)[L],#c[L],(B-2.B-1.#c1.#f1.b1)[LM],(B-2.B-1.#c1.#f1.b1)[LM],(B-2.B-1.#c1.#f1.b1)[K],(B-1.#c1.#f1.b1)[L],B-2[L],(B-1.#c1.#f1.b1)[L],(#F-2.#F-1.#c1.#f1.#a1)[LM],(#F-2.#F-1.#c1.#f1.#a1)[LM],(#F-2.#F-1.#c1.#f1.#a1)[K],(#F-1.#c1.#f1.#a1)[L],#F-2[L],(#F-1.#c1.#f1.#a1)[L],(F-1.f.#g.#c1.#g1)[LM],(F-1.f.#g.#c1.#g1)[LM],(F-1.f.#c2)[L],#f2[L],(#A-1.#c2)[L],(#A-2.f2)[L],(#A-1.#f2)[L],(#D-1.#d.#a.#d1.#f1)[LM],(#D-1.#d.#a.#d1.#f1)[LM],(#a.#d1.#f1.#c2)[L],#f2[L],(#c1.f1.#g1.#c2)[L],(#c1.f1.#g1.#g2)[L],#f2[L],(B-2.B-1.#d1.#f1.b1)[LM],(B-2.B-1.#d1.#f1.b1)[LM],(#d1.#f1.b1.#c2)[L],#f2[L],(#d1.#f1.b1.#c2)[L],f2[L],(#d1.#f1.b1.#f2)[L],(#F-2.#F-1.#c1.#f1.#a1)[LM],(#F-2.#F-1.#c1.#f1.#a1)[LM],(#c1.#f1.#a1.#c2)[L],#f2[L],(#c1.#f1.#a1.#c2)[L],#g2[L],(#c1.#f1.#a1.f2)[L],(F-1.f.#g.#c1.#g1)[LM],(F-1.f.#g.#c1.#g1)[LM],(#g.#c1.#g1.#c2)[L],#f2[L],(#g.#c1.#g1.#c2)[L],f2[L],(#g.#c1.#g1.#f2)[L],(#D-1.#d.#a.#c1.#f1)[LM],(#D-1.#d.#a.#c1.#f1)[LM],(#a.#d1.#f1.#c2)[L],#f2[L],(#c1.f1.#g1.#c2)[L],(#c1.f1.#g1.#g2)[L],#f2[L],(B-2.B-1.#c1.#f1.b1)[LM],(B-2.B-1.#c1.#f1.b1)[LM],(#d1.#f1.b1.#c2)[L],#f2[L],(#d1.#f1.b1.#c2)[L],f2[L],(#d1.#f1.b1.#f2)[L],(#F-2.#F-1.#c1.#f1.#a1)[LM],(#F-2.#F-1.#c1.#f1.#a1)[LM],(#c1.#f1.#a1.#c2)[L],#f2[L],(#c1.#f1.#a1.#c2)[L],#g2[L],(#c1.#f1.#a1.f2)[L],(F-1.f.#g.#c1.#g1)[LM],(F-1.f.#g.#c1.#g1)[LM],(#g.#c1.#g1.#c2)[L],#f2[L],(#g.#c1.#g1.#c2)[L],f2[L],(#g.#c1.#g1.#f2)[L],(#D-1.#d.#a.#c1.#f1)[LM],(#D-1.#d.#a.#c1.#f1)[LM],(#a.#d1.#f1.#c2)[L],#f2[L],(#c1.f1.#g1.#c2)[L],(#c1.f1.#g1.#g2)[L],#f2[L],(B-2.B-1.#c1.#f1.b1)[LM],(B-2.B-1.#c1.#f1.b1)[LM],(#d1.#f1.b1.#c2)[L],#f2[L],(#d1.#f1.b1.#c2)[L],f2[L],(#d1.#f1.b1.#f2)[L],(#F-2.#F-1.#c1.#f1.#a1)[LM],(#F-2.#F-1.#c1.#f1.#a1)[LM],(#c1.#f1.#a1.#c2)[L],#f2[L],(#c1.#f1.#a1.#c2)[L],#g2[L],(#c1.#f1.#a1.f2)[L],(F-1.f.#g.#c1.#g1)[LM],(F-1.f.#g.#c1.#g1)[LM],(#g.#c1.#g1.#c2)[L],#f2[L],(#g.#c1.#g1.#c2)[L],f2[L],(#g.#c1.#g1.#f2)[L],(#D-1.#d.#a.#c1.#f1)[LM],(#D-1.#d.#a.#c1.#f1)[LM],(#a.#d1.#f1.#c2)[L],#f2[L],(#c1.f1.#g1.#c2)[L],(#c1.f1.#g1.#g2)[L],#f2[L],(B-2.B-1.#c1.#f1.b1)[LM],(B-2.B-1.#c1.#f1.b1)[LM],(#d1.#f1.b1.#c2)[L],#f2[L],(#d1.#f1.b1.#c2)[L],f2[L],(#d1.#f1.b1.#f2)[L],(#F-2.#F-1.#c1.#f1.#a1)[LM],(#F-2.#F-1.#c1.#f1.#a1)[LM],(#c1.#f1.#a1.#c2)[L],#f2[L],(#c1.#f1.#a1.#c2)[L],#g2[L],(#c1.#f1.#a1.f2)[L],(F-1.f.#g.#c1.#g1)[LM],(F-1.f.#g.#c1.#g1)[LM],(#g.#c1.#g1.#c2)[L],#f2[L],(#g.#c1.#g1.#c2)[L],f2[L],(#g.#c1.#g1.#f2)[L],(#d.#f.#a.#c1.#f1)[LM],(#d.#f.#a.#c1.#f1)[LM],(#d.#f.#a.#c1.#f1)[K],(#c.f.#g.#c1.#c2)[K],(#c.f.#g.#d2)[L],(B-1.#d.#f.#d1.#f1.b1)[LM],(B-1.#d.#f.#d1.#f1.b1)[LM],(B-1.#d.#f.#d1.#f1.b1)[K],(B-1.#d.#f.#d1.#d2)[L],(#c1.#c2)[L],(B-1.#d.#f.#c2)[L],(#F-1.#A-1.#c.#c1.#f1.#a1)[LM],(#F-1.#A-1.#c.#c1.#f1.#a1)[LM],(#F-1.#A-1.#c.#c1.#f1.#a1)[K],(#F-1.#A-1.#c.#c1.#c2)[L],(#d1.#d2)[L],(#F-1.#A-1.#c.f2)[L],(#A-1.#c.f.#c1.#g1)[LM],(#A-1.#c.f)[M],(#f1.#f2)[L],(#A-1.#c.f.#f1.#f2)[L],(#f1.#f2)[L],(#A-1.#c.f.#f1.#f2)[L],(#f1.#f2)[L],(#A-1.#c.f)[L],(#d.#f.#a.#f2.#f1.#a1)[LM],(#d.#f.#a.#f1.#a1)[LM],(#d.#f.#a.#f1.#a1)[K],(#c.f.#g.#c2.#c3)[L],(#a1.#a2)[L],(#c.f.#g.b1.b2)[L],(B-1.#d.#f.#d1.#f1.b1)[LM],(B-1.#d.#f.#d1.#f1.b1)[LM],(B-1.#d.#f.#d1.#f1.b1)[K],(B-1.#d.#f.#a2)[L],#g2[L],(B-1.#d.#f.#f2)[L],(#F-1.#A-1.#c.#c1.#f1.#a1)[LM],(#F-1.#A-1.#c.#c1.#f1.#a1)[LM],(#F-1.#A-1.#c.#c1.#f1.#a1)[K],(#F-1.#A-1.#c.#c1.#f1.#a1)[K],(#F-1.#A-1.#c.#c1.#f1.#a1)[L],(#A-1.#c.f.#g.#c1.#g1)[LM],(#A-1.#c.f)[M],(#f1.#f2)[L],(#A-1.#c.f.#f1.#f2)[L],(#f1.#f2)[L],(#A-1.#c.f.#f1.#f2)[L],(#f1.#f2)[L],(#A-1.#c.f)[L],(#d.#f.#a.#f2.#f1.#a1)[LM],(#d.#f.#a.#f1.#a1)[LM],(#d.#f.#a.#f1.#a1)[K],(#c.f.#g.#c2.#c3)[L],(#a1.#a2)[L],(#c.f.#g.b1.b2)[L],(B-1.#d.#f.#d1.#f1.b1)[LM],(B-1.#d.#f.#d1.#f1.b1)[LM],(B-1.#d.#f.#d1.#f1.b1)[K],(B-1.#d.#f.#a2)[L],#g2[L],(B-1.#d.#f.#f2)[L],(#F-1.#A-1.#c.#c1.#f1.#a1)[LM],(#F-1.#A-1.#c.#c1.#f1.#a1)[LM],(#F-1.#A-1.#c.#c1.#f1.#a1)[K],(#F-1.#A-1.#c.#c1.#f1.#a1)[K],(#F-1.#A-1.#c.#c1.#f1.#a1)[L],(#A-1.#c.f.#g.#c1.#g1)[LM],(#A-1.#c.f.#g.#c1.#g1)[LM],(#A-1.#c.f.#c2)[L],#f2[L],(#A-1.#c.f.#c2)[L],f2[L],(#A-1.#c.f.#f2)[L],#d[K],(#a.#a1)[K],(#d1.#c2)[K],(#a.b1)[L],#a1[L],B-1[K],(#f.#a1)[K],(b.#c2)[K],(#f.#g1)[L],#a1[L],#F-1[K],(#c.#a1)[K],(#f.#c2)[K],(#c.b1)[L],#a1[L],#A-1[K],(f.#a1)[K],(#a.#c2)[K],(f.b1)[L],#a1[L],(#d.#d1)[K],#a1[K],#c2[K],b1[L],#a1[L],(B-1.b)[K],#a1[K],#c2[K],#g1[L],#a1[L],(#F-1.#f)[K],#a1[K],#c2[K],b1[L],#a1[L],(#A-1.#a)[K],#a1[L],(#c2.#c3)[KL],(b1.b2)[L],(#a1.#a2)[L],(#d.#d1.#f1)[K],#a1[K],#c2[K],b1[L],#a1[L],(B-1.b)[K],#a1[K],#c2[K],#g1[L],#a1[L],(#F-1.#f)[K],#a1[K],#c2[K],b1[L],#a1[L],(#A-1.#a)[K],#a1[L],(#c2.#c3)[KL],(b1.b2)[L],(#a1.#a2)[L],(#d.#d1.#f1)[I];"]}]}