{"baseBpm":210,"musics":[{"bpm":210,"baseBeats":0.5,"scores":["mute[LMNON],mute[KO],mute[K],mute[KO],mute[KO],mute[KO],mute[KO],mute[K],mute[KO],mute[KO],mute[KO],mute[KO],mute[K],mute[KO],mute[KO],mute[KO],mute[KO],mute[K],mute[KO],mute[KO],mute[KO],mute[KO],mute[K],mute[KO],mute[KO],mute[KO],mute[KO],mute[K],mute[HMNO],6<U,VX>,5<U>,5<U>,mute[HLNO],mute[K],mute[KO],mute[K],mute[KO],mute[K],mute[KO],mute[K],mute[KO],mute[K],mute[KO],mute[K],mute[K],mute[KO],mute[K],mute[KO],mute[K],mute[KO],mute[K],mute[KO],mute[K],mute[KO],mute[K],mute[KO],mute[K],mute[KO],mute[K],mute[KO],mute[K],mute[K],mute[KO],mute[K],mute[KO],mute[K],mute[KO],mute[K],mute[KO],mute[K],mute[KO],mute[K],mute[KO],mute[K],mute[KO],mute[K],mute[KO],mute[K],mute[K],mute[KO],mute[K],mute[KO],mute[K],mute[KO],mute[K],mute[KO],mute[K],mute[KO],mute[K],mute[KO],mute[K],mute[KO],mute[K],mute[KO],mute[K],mute[K],mute[KO],mute[K],mute[KO],mute[K],mute[KO],mute[K],mute[KO],mute[K],mute[KO],mute[K],mute[KO],mute[K],mute[KO],mute[K],mute[KO],mute[K],mute[K],mute[KO],mute[K],mute[KO],mute[K],mute[KO],mute[K],mute[KO],mute[K],mute[KO],mute[K],mute[KO],mute[K],mute[KO],mute[K],mute[KO],mute[K],mute[K],mute[KO],mute[K],mute[KO],mute[K],mute[KO],mute[K],mute[KO],mute[K],mute[KO],mute[K],mute[KO],mute[K],mute[KO],mute[K],mute[KO],mute[K],mute[K],mute[KO],mute[K],mute[KO],mute[K],mute[KO],mute[K],mute[KO],mute[K],mute[KO],mute[K],mute[KO],mute[K],mute[KO],5<U>,6<U,X>,5<U>,5<U>,mute[K],mute[K],mute[KO],mute[K],mute[KO],mute[K],mute[KO],mute[K],mute[KO],mute[K],mute[KO],mute[K],mute[KO],mute[K],mute[L],mute[L],mute[L],mute[LO],mute[KO],mute[K],mute[K],mute[KO],mute[K],mute[KO],mute[K],mute[KO],mute[K],mute[KO],mute[K],mute[KO],mute[K],mute[KO],mute[K],mute[KO],mute[K],mute[KO],mute[K],mute[K],mute[KO],mute[K],mute[KO],mute[K],mute[KO],mute[K],mute[KO],mute[K],mute[KO],mute[K],mute[KO],mute[K],mute[JKN],5<U>,5<U>,mute[JKO],mute[L],mute[LO],mute[JKO],mute[L],mute[LO],mute[JO],mute[JO],mute[JKO],mute[KO],mute[K],mute[K],mute[KO],mute[K],mute[KO],mute[K],mute[KO],mute[K],mute[KO],mute[K],mute[KO],mute[K],mute[KO],mute[K],mute[KO],mute[K],mute[KO],mute[K],mute[K],mute[KO],mute[K],mute[KO],mute[K],mute[KO],mute[K],mute[KO],mute[K],mute[KO],mute[K],mute[KO],mute[K],mute[KO],mute[K],mute[KO],mute[K],mute[K],mute[KO],mute[K],mute[KO],mute[K],mute[KO],mute[K],mute[KO],mute[K],mute[KO],mute[K],mute[KO],mute[K],mute[KO],mute[K],mute[KO],mute[K],mute[K],mute[KO],mute[K],mute[KO],mute[K],mute[KO],mute[K],mute[KO],mute[K],mute[KO],mute[L],mute[L],mute[L],mute[LO],mute[K],mute[L],mute[LO],mute[K],mute[L],mute[LO],mute[K],mute[L],mute[L],mute[KO],mute[K],mute[KO],mute[L],mute[L],mute[KO],mute[L],mute[L],mute[KO],mute[L],mute[L],mute[KO],mute[K],mute[KO],mute[L],mute[L],mute[KO],mute[L];","(A-2.A-1.g)[M],c1[NO],e1[LN],(g.a.c1.e1.b1.e2.g2.b2)[KO],(g.a.c1.e1.a1.c2.e2.a2)[K],(g.a.c1.e1.g1.c2.e2.g2)[KO],(g.a.c1.d1.g1.a1.c2.g2)[KO],(#f.a.c1.d1.#f1.a1.c2.#f2)[KO],(e.a.c1.d1.e1.a1.c2.e2)[KO],(#f.a.c1.d1.#f1.a1.c2.#f2)[K],(B-2.B-1.a1.b1.d2.a2)[KO],(g.b.d1.g1.b1.d2.g2)[KO],(#f.b.d1.#f1.b1.d2.#f2)[KO],(g.b.d1.g1.b1.d2.g2)[KO],(C-1.c.d2.e2.g2.d3)[K],(g.d1.e1)[KO],(g.d1.e1)[KO],(g.c1.e1.c2.e2.g2.c3)[KO],(#C-1.#c.b1.#c2.e2.b2)[KO],(b.#c1.e1)[K],(b.#c1.e1)[KO],(a.#c1.e1.a1.#c2.e2.a2)[KO],(a.#c1.e1.a1.#c2.e2.a2)[KO],(a.#c1.e1)[KO],(a.#c1.e1)[K],(a.#c1.e1.g1.#c2.e2.g2)[KO],(D-1.d.a1.d2.#f2.a2)[KO],(a.d1.#f1)[KO],(a.d1.#f1)[KO],(a.c1.e1)[K],(B-2.B-1.b1.#d2.#f2.a2.b2)[M],(#f.b.#d1)[HNO],b[NO],#f1[M],b1[NO],#d2[M],#f2[M],b2[NO],#d3[M],#f3[M],b3[HLNO],b1[K],(e.g2)[KO],b[K],(e1.g1)[KO],b1[K],(d.#f2)[KO],b[K],(d1.#f1)[KO],b1[K],(c.e2)[KO],g[K],(c1.e1.d2)[K],c2[KO],(B-1.d2)[K],g[KO],(b.d1)[K],g1[KO],(A-1.e.a1)[K],(g.c2)[KO],(c1.e1.e2)[K],g2[KO],(D-1.A-1.#f2)[K],(#f.d2)[KO],(a.d1.b1)[K],a1[KO],(G-1.d.b1)[K],b[KO],a[K],g[K],(B-1.#f)[KO],g[K],a[KO],(b.b1)[K],(E-1.B-1.g2)[KO],e[K],(g.b)[KO],b1[K],(#F-1.#d.#f2)[KO],#f[K],(a.b)[KO],b1[K],(G-1.e.e2)[KO],g[K],(b.e1.d2)[KO],c2[K],(#G-1.e.d2)[K],#g[KO],(b.d1)[K],b1[KO],(A-1.e.a1)[K],(a.c2)[KO],(c1.e1.e2)[K],g2[KO],(B-2.#F-1.a2)[K],(B-1.b2)[KO],(d.#f.#f2)[K],(b.d2)[KO],(E-1.e2)[K],(e.b)[KO],g1[K],(a.#f1)[KO],(g.e1)[K],b[K],g1[KO],(a.#f1.b1)[K],(E-1.B-1.g1.g2)[KO],e[K],(g.b)[KO],b1[K],(D-1.B-1.#f1.#f2)[KO],d[K],(#f.b)[KO],b1[K],(C-1.G-1.e1.e2)[KO],c[K],(e.g.d1.d2)[KO],(c1.c2)[K],(G-1.d.d1.d2)[KO],g[K],(b.d1)[K],g1[KO],(A-2.a1)[K],(A-1.c2)[KO],(c.e.e2)[K],g2[KO],(D-1.#f2)[K],(A-1.d2)[KO],(d.#f.b1)[K],a1[KO],(G-1.b1)[K],d[KO],(g.b)[K],d[KO],B-1[K],#f[KO],(b.#d1)[K],(b1.b2)[K],(E-1.B-1.g2.g3)[KO],e[K],(g.b)[KO],(b1.b2)[K],(#F-1.#d.#f2.#f3)[KO],#f[K],(a.b)[KO],(b1.b2)[K],(G-1.e.e2.e3)[KO],g[K],(b.e1.d2.d3)[KO],(c2.c3)[K],(#G-1.e.d2.d3)[KO],#g[K],(b.d1)[KO],b1[K],(A-1.e.a1.e1.g1)[K],(g.c2)[KO],(c1.e1.e2)[K],(g.g2)[KO],(B-1.#f.a2.#f2)[K],(b.b2)[KO],(d1.#f1.#f2.b1)[K],(b.d2)[KO],(e.e2)[K],b[KO],(g.a1.b1)[K],#f[KO],(e.g1.b1)[K],E-1[KO],(B-1.g.g1)[M],a1[MO],b1[MO],c2[M],d2[MO],e2[MO],#f2[MO],(A-2.A-1.g1.a1.c2.g2)[K],(a.c1.e1.g1.a1.c2.g2)[K],(a.c1.e1.g1.a1.c2.g2)[KO],(a.c1.e1.g1.a1.c2.g2)[K],(g.a.c1.e1.g1.a1.c2.g2)[KO],(#f.a.c1.e1.#f1.a1.c2.#f2)[K],(e.a.c1.e1.a1.c2.e2)[KO],(#f.a.d1.#f1.a1.d2.#f2)[K],(B-2.B-1.d1.g1.a1.d2)[KO],(a.b.d1)[K],(a.b.d1)[KO],(a.b.d1)[K],(g.b.d1)[KO],(g.b.d1)[K],(#f.b.d1.g1)[MNO],a1[MN],b1[M],(#f.b.d1)[NO],c2[MN],d2[MNO],(A-2.A-1.e1.g1.c2.e2)[KO],(e.g.c1.e1.g1.c2.e2)[K],(e.g.c1.e1.g1.c2.e2)[K],(e.g.c1.e1.g1.c2.e2)[KO],(D-1.d.e1.g1.c2.e2)[K],(#f.a.d1.#f1.c2.d2)[KO],(e.a.c1.e1.a1.c2)[K],(d.a.d1.#f1.c2.d2)[KO],(G-2.G-1.b.b1)[K],(d.g.b.d1.g1.a1)[KO],(d.g.b.d1.g1.a1)[K],(d.g.b.d1.g1.a1)[KO],(d.g.b.d1.g1)[K],(d.#f.g.b.d1.g1)[KO],(d.e.g.b.d1.g1)[K],(d.g.b.b1)[KO],(A-2.A-1.#g.#g1)[K],(a.c1.e1.a1)[KO],(a.c1.e1.c2)[K],(a.c1.e1.e2)[K],(D-1.d.d1.d2)[KO],(#f.a.d1)[K],(e.a.d1)[KO],(d.a.d1.c1.c2)[K],(B-2.B-1.#a.#a1)[KO],(#f.b.#d1.b1)[K],(#f.b.#d1.#d2)[KO],(#f.b.#d1.#f1.#f2)[K],(E-1.e.a1.a2.b1.e2)[KO],(g.b.e1.g1.g2)[K],(D-1.d.#f1.#f2.b1.d2)[KO],(g.b.d1.g1.g2)[K],(a.#c1.e1.g1.A-2.A-1.b1.#c2.e2.b2)[JKN],a2[M],a[M],(#c1.b2)[M],e1[M],(a.#c1.e1.g1.e2)[JKO],(g.a.#c1.e1.d2)[LO],e2[L],(e.g.a.c1.e1.b1)[JKO],a1[LO],g1[L],(D-1.d.c1.d1.g1.a1)[JO],(#f.a.c1)[JO],(#D-1.B-1.#f.b.#d1.#f1.b1)[JKO],b1[KO],(E-1.B-1.g1.g2)[K],e[K],(g.b)[KO],b1[K],(D-1.B-1.#f1.#f2)[KO],d[K],(#f.b)[KO],b1[K],(C-1.G-1.e1.e2)[KO],c[K],(e.g.d1.d2)[KO],(c1.c2)[K],(B-2.G-1.d1.d2)[KO],B-1[K],(d.g)[KO],g1[K],(A-2.a.a1)[KO],(A-1.c1.c2)[K],(c.e.e1.e2)[K],(g1.g2)[KO],(D-1.#f1.#f2)[K],(A-1.d1.d2)[KO],(d.#f.b.b1)[K],(a.a1)[KO],(G-1.b.b1)[K],d[KO],(g.b)[K],d[KO],(B-2.B-1)[K],#f[KO],(b.#d1)[K],(b1.b2)[KO],(E-1.B-1.g2.g3)[K],e[KO],(g.b)[K],(b1.b2)[K],(#F-1.#d.#f2.#f3)[KO],#f[K],(a.b)[KO],(b1.b2)[K],(G-1.e.e2.e3)[KO],g[K],(b.e1.d2.d3)[KO],(c2.c3)[K],(#G-1.e.d2.d3)[KO],#g[K],(b.d1)[KO],(b1.b2)[K],(A-1.e.a1.a2)[KO],(g.c2.c3)[K],(c1.e1.e2.e3)[KO],(g.g2.g3)[K],(B-1.#f.a2.a3)[K],(b.b2.b3)[KO],(d1.#f1.#f2.#f3)[K],(b.d2.d3)[KO],(E-1.e2.e3)[K],B-1[KO],g[K],#f[KO],e[K],B-1[KO],e[L],#f[L],(g.b)[L],#f[LO],(e.g.b.e1)[K],(e.g.b.e2)[L],#d2[LO],(e.g.b.e2)[K],(e.g.b.c2)[L],b1[LO],(A-1.c2)[K],(e.a.c1.a1)[L],g1[L],(e.a.c1.a1)[KO],(e.a.c1)[K],(d.#f.c1)[KO],(d.#f.c1.d2)[L],c2[L],(d.#f.c1.d2)[KO],(d.#f.c1.b1)[L],a1[L],(G-1.b1)[KO],(d.g.b.g1)[L],#f1[L],(d.g.b.g1)[KO],(d.g.b)[K],c[KO],(g.e1.c2)[L],b1[L],(g.e1.c2)[KO],(g.e1.a1)[L];"],"id":1,"instruments":["piano","piano"],"alternatives":["",""]},{"bpm":210,"baseBeats":0.5,"scores":["mute[L],mute[KO],mute[L],mute[L],mute[K],mute[KO],mute[K],mute[L],mute[L],mute[L],mute[L],mute[L],mute[LN],mute[K],mute[KO],mute[L],mute[L],mute[L],mute[LO],mute[K],mute[L],mute[LO],mute[K],mute[L],mute[LO],mute[K],mute[L],mute[L],mute[L],mute[L],mute[L],mute[LO],mute[KO],mute[L],mute[L],mute[KO],mute[L],mute[L],mute[KO],mute[L],mute[L],mute[L],mute[L],mute[L],mute[LO],mute[KO],mute[L],mute[L],mute[KO],mute[L],mute[L],mute[KO],mute[L],mute[L],mute[L],mute[L],mute[L],mute[LO],mute[K],mute[L],mute[L],mute[L],mute[L],mute[L],mute[LN],mute[K],mute[KO],mute[L],mute[L],mute[L],mute[LO],mute[K],mute[L],mute[LO],mute[K],mute[KO],mute[L],mute[L],mute[L],mute[LO],mute[K],mute[KO],mute[K],mute[L],mute[L],mute[KO],mute[K],mute[L],mute[L],mute[L],mute[LO],mute[KO],mute[K],mute[KO],mute[L],mute[L],mute[KO],mute[K],mute[L],mute[L],mute[L],mute[LO],mute[KO],mute[K],mute[KO],mute[L],mute[L],mute[K],mute[KO],mute[L],mute[L],mute[L],mute[L],mute[L],mute[L],mute[L],mute[LN],5<U>,mute[L],mute[L],mute[L],mute[L],mute[L],mute[L],mute[LN],5<U>,mute[L],mute[L],mute[L],mute[L],mute[L],mute[L],mute[L],mute[LO],mute[HJO],mute[L],mute[L],mute[L],mute[L],mute[L],mute[L],mute[K],mute[L],mute[L],mute[L],mute[L],mute[K],mute[K],mute[K],mute[K],mute[L],mute[L],mute[L],mute[L],mute[K],mute[K],mute[K],mute[K],mute[L],mute[L],mute[L],mute[L],mute[K],mute[K],mute[L],5<U>,mute[K],mute[L],mute[L],mute[L],mute[L],mute[K],mute[L],mute[L],mute[L],mute[L],mute[K],mute[L],mute[L],mute[K],mute[K],mute[L],mute[L],mute[K],mute[K],mute[L],mute[L],mute[K],mute[K],mute[L],mute[L],mute[K],mute[K],mute[L],mute[L],mute[K],mute[K],mute[L],mute[L],mute[K],mute[K],mute[L],mute[L],mute[K],mute[L],mute[K],mute[L],mute[K],mute[K],mute[L],mute[L],mute[K],mute[K],mute[L],mute[L],mute[K],mute[K],mute[L],mute[L],mute[K],mute[K],mute[L],mute[L],mute[K],mute[K],mute[L],mute[L],mute[K],mute[K],mute[K],mute[K],mute[K],mute[L],mute[L],mute[K],mute[L],mute[K],mute[L],5<U>,5<U>,mute[K],mute[L],mute[L],mute[K],mute[K],mute[L],mute[L],mute[K],mute[K],mute[L],mute[L],mute[K],mute[L],mute[L],mute[L],mute[L],5<U>,5<U>,mute[K],mute[L],mute[L],mute[K],mute[K],mute[L],mute[L],mute[K],mute[K],mute[L],mute[L],mute[K],mute[K],mute[L],mute[L],mute[K],mute[K],mute[L],mute[L],mute[K],mute[K],mute[L],mute[L],mute[K],mute[K],mute[L],mute[L],mute[K],mute[L],mute[K],mute[L],mute[L],mute[L],mute[K],mute[L],mute[L],mute[K],mute[K],mute[L],mute[L],mute[K],mute[K],mute[L],mute[L],mute[K],mute[K],mute[L],mute[L],mute[K],mute[K],mute[L],mute[L],mute[K],mute[K],mute[K],mute[K],mute[K],mute[L],mute[L],mute[L],mute[L],mute[L],mute[L],mute[L],mute[KL],mute[K],mute[L],mute[L];","g1[L],(#F-1.a1)[KO],(e.a.c1.#f1)[L],f1[L],(e.a.c1.#f1)[K],(e.a.c1)[KO],B-1[K],(#f.a.#d1.b1)[LO],c2[L],(#f.a.#d1.b1)[L],a1[L],(#f.a.#d1.g1)[LO],#f1[L],(E-1.g1)[K],(e.g.b)[KO],(e.g)[L],a[L],(e.g)[L],#f[LO],E-1[K],(e.g.b.e2)[L],#d2[LO],(e.g.b.e2)[K],(e.g.b.c2)[L],b1[LO],(A-1.c2)[K],(e.a.c1.a1)[L],g1[LO],(e.a.c1.a1.c2)[L],b1[L],(e.a.c1.a1)[L],g1[L],(D-1.#f1)[KO],(d.#f.c1.d2)[L],c2[L],(d.#f.c1.d2)[KO],(d.#f.c1.b1)[L],a1[L],(G-1.b1)[KO],(d.g.b.g1)[L],#f1[L],(d.g.b.g1.b1)[LO],a1[L],(d.g.b.g1)[L],#f1[L],(c.e1)[KO],(g.e1.c2)[L],b1[L],(g.e1.c2)[KO],(g.e1.a1)[L],g1[L],(#F-1.a1)[KO],(e.a.c1.#f1)[L],f1[L],(e.a.c1.#f1.a1)[L],g1[LO],(e.a.c1.#f1)[L],e1[L],(B-1.#d1)[K],(#f.a.#d1.b1)[LO],c2[L],(#f.a.#d1.b1)[L],a1[L],(#f.a.#d1.g1)[LO],#f1[L],(E-1.e1)[K],(e.g.b)[KO],(e.g)[L],a[L],(e.g)[LO],#f[L],(E-1.e)[K],(e.g.b.e2.g2)[L],(#d2.#f2)[LO],(e.g.b.e2.g2)[K],(e.g.b.g1.b1)[KO],(A-2.A-1.a1.c2)[L],(b1.d2)[L],(e.a.c1.a1.c2)[L],(#g1.b1)[LO],(e.a.c1.a1.c2)[K],(e.a.c1)[KO],(D-1.d)[K],(d.#f.c1.d2.#f2)[L],(c2.e2)[L],(d.#f.c1.d2.#f2)[KO],(d.#f.c1.#f1.a1)[K],(G-1.d.g1.b1)[LO],(a1.c2)[L],(d.g.b.g1.b1)[L],(#f1.a1)[L],(d.g.b.g1.b1)[KO],(d.g.b)[K],(C-1.c)[KO],(g.c1.e1.c2.e2)[L],(b1.#d2)[L],(g.c1.e1.c2.e2)[KO],(g.c1.e1.g1)[K],(#F-1.#f.#f1.a1)[L],(g1.b1)[LO],(e.a.c1.#f1.a1)[L],(e1.g1)[L],(e.a.c1.#f1.a1)[KO],(e.a.c1)[K],(B-2.B-1)[KO],(#f.a.#d1.#f1.b1)[L],(e1.#a1)[L],(#f.a.#d1.b1)[K],(#f.a.#d1.#f1)[KO],(E-1.e.g1.e1)[L],a1[L],(e.g.b.g1)[LO],#f1[L],(e.g.b.g1)[L],e1[L],(e.g.b.g1)[LO],b1[L],(E-1.d2)[NO],#c[M],g[O],#c2[L],b1[LO],a1[L],g1[L],#f1[L],e1[L],d1[LO],(A-1.e2.g2)[NO],e[M],#c1[O],(d2.#f2)[L],(#c2.e2)[L],(d2.#f2)[LO],(#c2.e2)[L],(b1.d2)[L],(a1.#c2)[L],(g1.b1)[LO],(A-1.e1.a1)[NO],e[M],#c1[HJO],(A-1.a)[L],(B-1.b)[L],(A-1.a)[L],(G-1.g)[L],(#F-1.#f)[L],(E-1.e)[L],(D-1.d)[K],(a.d1.#f1)[L],(a.d1.#f1)[L],(a.d1.#f1)[L],(a.d1.#f1)[L],(b.d1.g1)[K],(G-1.g)[K],(A-1.a)[K],(D-1.d)[K],(a.d1.#f1)[L],(a.d1.#f1)[L],(a.d1.#f1)[L],(a.d1.#f1)[L],(b.d1.g1)[K],(G-2.G-1)[K],(A-2.A-1)[K],(D-1.d)[K],(a.d1.#f1)[L],(a.d1.#f1)[L],(a.d1.#f1)[L],(a.d1.#f1)[L],(b.d1.g1)[K],(G-1.g)[K],(A-1.a)[L],d2[M],e2[M],(D-1.d.d2)[K],(a.d1.#f1)[L],(a.d1.#f1)[L],(a.d1.#f1)[L],(a.d1.#f1)[L],(b.d1.g1)[K],(G-2.G-1.a1.a2)[L],(a1.a2)[L],(A-2.A-1.a1.a2)[L],(a1.a2)[L],(D-1.A-1.d.d1)[K],(#f.a.d1.#f1)[L],(#f.a.d1)[L],(#f.a.d1.a1)[K],(g.b.d1.b1)[K],(#f.a.d1)[L],a1[L],(e.a.d1.g1)[K],(D-1.A-1.d.a1)[K],(#f.a.d1)[L],(#f.a.d1.g1)[L],(#f.a.d1.#f1)[K],(g.b.d1.g1)[K],(#f.a.d1)[L],#f1[L],(e.a.d1.e1)[K],(D-1.A-1.d.d1)[K],(g.b.d1.g1)[L],(g.b.d1)[L],(g.b.d1.b1)[K],(g.c1.e1.c2)[K],(g.d1)[L],b1[L],(e.g.c1.a1)[K],(D-1.A-1.d.b1)[K],(g.b.d1)[L],(g.b.d1.a1)[L],(g.b.d1.g1)[K],(#f.a.d1.a1)[L],(#f.a.d1)[K],(#f.a.d1)[L],(e.a.#c1)[K],(D-1.A-1.d.d1)[K],(#f.a.d1.#f1)[L],(#f.a.d1)[L],(#f.a.d1.a1)[K],(g.b.d1.d2)[K],(#f.a.d1)[L],(#f.a.d1)[L],(e.g.d1.d2)[K],(D-1.A-1.d.d2)[K],(#f.a.d1)[L],(#f.a.d1.#c2)[L],(#f.a.d1.b1)[K],(g.a.d1.a1)[K],(#f.a.d1)[L],(#f.a.d1)[L],(e.a.d1)[K],(D-1.A-1.d.g1)[K],(g.b.d1)[L],(g.b.d1)[L],(g.b.d1.g1)[K],(f.a.c1.f1)[K],(e.g.c1.e1)[K],(d.g.c1.d1)[K],(D-1.A-1.d.d1)[K],(#f.a.d1)[L],(#f.a.d1)[L],(#f.a.d1)[K],(g.b.d1)[L],(g.b.d1)[K],(#f.a.d1)[L],d2[M],e2[M],(e.g.d1.#f2)[M],g2[M],(D-1.A-1.d.a1.a2)[K],(#f.a.d1.d2.#f2)[L],(#f.a.d1.d2.#f2)[L],(#f.a.d1.d2.#f2)[K],(g.b.d1.d2.g2)[K],(#f.a.d1.d2.#f2)[L],(#f.a.d1)[L],(e.a.d1.d2.e2)[K],(D-1.A-1.d.a1.d2.#f2)[K],(#f.a.d1.a1.d2.#f2)[L],(#f.a.d1.a1.d2.#f2)[L],(#f.a.d1.a1.d2.#f2)[K],(g.b.d1.b1.d2.g2)[L],(b1.d2.g2)[L],(#f.a.d1)[L],(#f.a.d1.a1.d2.#f2)[L],(e.a.d1.a2.a1)[M],g2[M],#f2[M],e2[M],(D-1.A-1.d.d1.d2)[K],(#f.a.d1.#f1.#f2)[L],(#f.a.d1)[L],(#f.a.d1.a1.a2)[K],(g.b.d1.b1.b2)[K],(#f.a.d1)[L],(#f.a.d1.a1.a2)[L],(e.a.d1.g1.g2)[K],(D-1.A-1.d.a1.a2)[K],(#f.a.d1)[L],(#f.a.d1.g1.g2)[L],(#f.a.d1.#f1.#f2)[K],(g.b.d1.g1.g2)[K],(#f.a.d1)[L],(#f.a.d1.#f1.#f2)[L],(e.a.#c1.e1.e2)[K],(D-1.A-1.d.d1.d2)[K],(g.b.d1.g1.g2)[L],(g.b.d1)[L],(g.b.d1.b1.b2)[K],(g.c1.e1.c2.c3)[K],(g.d1)[L],(b1.b2)[L],(e.g.c1.a1.a2)[K],(D-1.A-1.d.b1.b2)[K],(g.b.d1)[L],(g.b.d1.a1.a2)[L],(g.b.d1.g1.g2)[K],(#f.a.d1.a1.a2)[L],(#f.a.d1)[K],(#f.a.d1)[L],(e.a.#c1)[L],(e.a.#c1)[L],(D-1.A-1.d.d1.d2)[K],(#f.a.d1.#f1.#f2)[L],(#f.a.d1)[L],(#f.a.d1.a1.a2)[K],(g.b.d1.d2.d3)[K],(#f.a.d1)[L],(#f.a.d1)[L],(e.g.d1.d2.d3)[K],(D-1.A-1.d.d2.d3)[K],(#f.a.d1)[L],(#f.a.d1.#c2.#c3)[L],(#f.a.d1.b1.b2)[K],(g.a.d1.a1.a2)[K],(#f.a.d1)[L],(#f.a.d1)[L],(e.a.d1)[K],(D-1.A-1.d.g1.g2)[K],(g.b.d1)[L],(g.b.d1)[L],(g.b.d1.g1.g2)[K],(f.a.c1.f1.f2)[K],(e.g.c1.e1.e2)[K],(d.g.d1.d2)[K],(D-1.A-1.d.d1.d2)[K],(g.b.d1.g1)[L],(g.b.d1.b1)[L],(g.b.d1.d2)[L],c2[L],(g.b.b1)[L],a1[L],g1[L],(F-1.c.f.f1.c2.f2)[KL],(G-2.D-1.G-1.g1.d2.g2)[K],(G-1.d.b.d1.g1)[L],(G-1.d.b.d1.g1)[L];"],"id":2,"instruments":["piano","piano"],"alternatives":["",""]},{"bpm":210,"baseBeats":0.5,"scores":["mute[K],mute[K],mute[K],mute[K],mute[K],mute[L],mute[L],mute[K],mute[K],mute[K],mute[K],mute[K],mute[L],mute[L],mute[K],mute[K],mute[K],mute[K],mute[K],mute[L],mute[L],mute[K],mute[K],mute[K],mute[K],mute[K],mute[L],mute[L],mute[K],mute[L],mute[L],mute[L],mute[L],mute[L],mute[L],mute[L],mute[L],mute[L],mute[L],mute[K],mute[K],mute[L],mute[L],mute[K],mute[L],mute[L],mute[L],mute[L],mute[K],mute[L],mute[L],mute[L],mute[L],mute[L],mute[L],mute[K],mute[L],mute[L],mute[L],mute[L],mute[K],mute[L],mute[L],mute[L],mute[L],mute[K],mute[K],mute[K],mute[K],mute[K],mute[K],mute[K],mute[K],mute[K],mute[K],mute[K],mute[K],mute[K],mute[K],mute[K],mute[K],mute[K],mute[K],mute[L],mute[K],mute[K],mute[L],mute[K],mute[K],mute[K],mute[L],mute[K],mute[K],mute[L],mute[K],mute[K],mute[K],mute[L],mute[L],mute[L],mute[L],mute[L],mute[L],mute[K],mute[L],mute[L],mute[K],mute[L],mute[L],mute[L],mute[L],mute[L],mute[L],mute[K],mute[L],mute[L],mute[L],mute[L],mute[K],mute[L],mute[L],mute[L],mute[L],mute[L],mute[L],mute[L],mute[L],mute[L],mute[L],mute[K],mute[L],mute[L],mute[L],mute[L],mute[L],mute[L],mute[L],mute[L],mute[K],mute[L],mute[L],mute[L],mute[L],mute[L],mute[L],mute[K],mute[L],mute[L],mute[K],mute[L],mute[L],mute[L],mute[L],mute[L],mute[L],mute[K],mute[L],mute[L],mute[L],mute[L],mute[L],mute[L],mute[L],mute[L],mute[K],mute[L],mute[L],mute[L],mute[L],mute[K],mute[L],mute[L],mute[L],mute[L],mute[L],mute[L],mute[K],mute[L],mute[L],mute[K],mute[JK],mute[J],mute[K],mute[JK],mute[J],mute[K],mute[K],mute[K],mute[K],mute[J],mute[K],mute[KL],mute[KL],mute[K],5<U>,5<U>,5<U>,5<U>,5<U>,5<U>,5<U>,5<U>,5<U>,5<U>,5<U>,5<U>,5<U>,5<U>,5<U>,5<U>,mute[K],mute[L],mute[L],mute[K],mute[L],mute[L],mute[L],mute[L],mute[L],mute[L],mute[L],mute[L],mute[L],mute[L],mute[K],mute[K],mute[L],mute[L],mute[K],mute[L],mute[L],mute[L],mute[L],mute[K],mute[L],mute[L],mute[L],mute[L],mute[L],mute[L],mute[K],mute[L],mute[L],mute[L],mute[L],mute[K],mute[L],mute[L],mute[L],mute[L],mute[K],mute[K],mute[K],mute[K],mute[K],mute[K],mute[K],mute[K],mute[K],mute[K],mute[K],mute[K],mute[K],mute[K],mute[K],mute[K],mute[K],mute[K],mute[K],mute[L],mute[L],mute[L],mute[L],mute[K],mute[K],mute[K],5<U>,5<U>,5<U>,5<U>,5<U>,5<U>,5<U>,5<U>,5<U>,5<U>,5<U>,5<U>,mute[K],mute[L],mute[L],mute[L],mute[L],mute[K],mute[K],mute[K],mute[K],mute[L],mute[L],mute[L],mute[L],mute[L],mute[L],mute[L],mute[L],mute[L],mute[L],mute[K],mute[L],mute[L],mute[L],mute[L],mute[K],mute[K],mute[K],mute[K],mute[L],mute[L],mute[L],mute[L],mute[L],mute[L],mute[L],mute[L],mute[L],mute[JKL],mute[K],mute[L],mute[L],mute[L],mute[L],mute[L],mute[L],mute[L],mute[L],mute[L],mute[L],mute[L],mute[L],mute[L],mute[L],mute[L],mute[JM],mute[HILNO];","(G-1.d.b.d1.g1)[K],(G-1.e.g.c1.e1.a1)[K],(G-1.d.g.b.d1.g1)[K],(G-1.c.f.a.c1.f1)[K],(G-2.D-1.G-1.b.d1.g1)[K],(G-1.d.b.d1.g1)[L],(G-1.d.b.d1.g1)[L],(G-1.d.b.d1.g1)[K],(G-1.e.g.c1.e1.a1)[K],(G-1.d.g.b.d1.g1)[K],(F-1.c.f.f1.c2.f2)[K],(G-2.D-1.G-1.g1.d2.g2)[K],(G-1.d.b.d1.g1)[L],(G-1.d.b.d1.g1)[L],(G-1.d.b.d1.g1)[K],(G-1.e.g.c1.e1.a1)[K],(G-1.d.g.b.d1.g1)[K],(G-1.c.f.a.c1.f1)[K],(G-2.D-1.G-1.b.d1.g1)[K],(G-1.d.b.d1.g1)[L],(G-1.d.b.d1.g1)[L],(G-1.d.b.d1.g1)[K],(F-1.c.a.a1.a2.d2)[K],(E-1.B-1.g.b1.b2)[K],(D-1.A-1.f.c2.c3)[K],(D-1.A-1.f.d2.f2.a2.d3)[K],D-1[L],F-1[L],A-1[K],(G-1.e2.e3)[L],F-1[L],E-1[L],D-1[L],(C-1.b1.b2)[L],B-2[L],(C-1.c2.c3)[L],D-1[L],C-1[L],D-1[L],E-1[K],(A-2.c2.e2.a2.c3)[K],(A-2.b1.b2)[L],C-1[L],(E-1.g1.g2)[K],(D-1.a1.a2)[L],E-1[L],D-1[L],F-1[L],A-1[K],(G-1.b1.d2.g2.b2)[L],F-1[L],(E-1.c2.c3)[L],D-1[L],(C-1.d2.d3)[L],B-2[L],(C-1.e1.g1.c2.e2)[K],C-1[L],D-1[L],E-1[L],G-1[L],(c.e1)[K],(G-1.g.f1.f2)[L],(e1.e2)[L],(C-1.c.#d1.#d2)[L],(e1.e2)[L],(E-2.E-1.c2.c3)[K],(E-2.E-1)[K],(B-2.B-1.b1.b2)[K],(E-1.e.b1.b2)[K],(B-1.#g)[K],(E-1.e.e1.e2)[K],(F-1.f.b1.b2)[K],(c.a)[K],(F-1.f.a1.a2)[K],(F-2.F-1.a1.a2)[K],(C-1.c.b1.b2)[K],(A-1.a.c2.c3)[K],(G-1.g.d2.g2.b2.d3)[K],(G-2.G-1)[K],(c2.c3)[K],(G-2.G-1.b1.b2)[K],d[K],(g.g1.g2)[K],(A-2.A-1.a1.a2.d2)[L],e2[K],a2[K],d2[L],(e1.e2)[K],(a1.a2)[K],(d1.d2)[K],(#c1.#c2)[L],(e1.e2)[K],(a1.a2)[K],(#c1.#c2)[L],(e1.e2)[K],(a1.a2)[K],(#c1.#c2)[K],(D-1.d.d2)[L],e2[L],(#f.a.d1.#f2)[L],(#f.a.d1.g2)[L],(#f.a.d1.a2)[L],g2[L],(g.b.d1.a2)[K],(g.b.d1.d2)[L],(#f.a.#c2)[L],(g.b.d1.d2)[K],(D-1.d.d1)[L],e1[L],(#f.a.d1.#f1)[L],g1[L],(d.#f.a1)[L],g1[L],(g.b.d1.a1)[K],(a.d1.d2)[L],(g.#c2)[L],(#f.d2)[L],(e.c2)[L],(D-1.d.b1)[K],(g.b.d1.g1)[L],b1[L],(d.g.b.d2)[L],g2[L],(D-1.d.f2)[L],e2[L],(f.a.c1.d2)[L],c2[L],(c.f.a.b1)[L],a1[L],(D-1.d.g1)[K],(g.b.d1.g1.g2)[L],(b1.b2)[L],(g.b.d1.d2.d3)[L],(c2.c3)[L],(D-1.d.b1.b2)[L],(a1.a2)[L],(g.b.d1.g1.g2)[L],(#f1.#f2)[L],(a.#c1.e1.e2)[K],(D-1.d.d2)[L],e2[L],(#f.a.d1.#f2)[L],(#f.a.d1.g2)[L],(#f.a.d1.a2)[L],g2[L],(g.b.d1.a2)[K],(g.b.d1.d2)[L],(#f.a.d1.#c2)[L],(g.b.d1.d2)[K],(D-1.d.d1)[L],e1[L],(#f.a.d1.#f1)[L],g1[L],(d.#f.a1)[L],g1[L],(g.b.d1.a1)[K],(a.d1.d2)[L],(g.#c2)[L],(#f.d2)[L],(e.c2)[L],(D-1.d.b1)[L],b1[L],(g.b.d1.d2)[L],g2[L],(d.g.b.b2)[K],(D-1.d)[L],a1[L],(f.a.c1.c2)[L],f2[L],(c.f.a.a2)[K],(D-1.d.d2)[L],d1[L],(d.g1)[L],(g.b1)[L],(b.d2)[L],(d1.g2)[L],(G-1.g.b2)[K],(A-1.a.e1.e2)[L],(#f1.e2)[L],(A-1.a.g1.e2)[K],(d.d1.f1.a1)[JK],(g.d1.e2.f1.g1.b1)[J],d2[K],(c.c1.e1.g1)[JK],(f.c1.d2.f1.a1)[J],c2[K],(B-1.b.d1.f1)[K],c1[K],d1[K],(e.b.d1.c2.e1.#g1)[J],b1[K],(A-2.A-1.a.c1.e1)[KL],(A-2.A-1.a.c1.e1)[KL],(G-2.G-1.g.c1.f1)[K],G-2[M],G-1[M],G-2[M],G-1[M],G-2[M],G-1[M],G-2[M],G-1[M],(G-2.g)[NO],c1[O],G-1[NO],f1[O],G-2[M],G-1[M],G-2[NO],G-1[M],G-2[M],G-1[M],G-2[M],G-1[M],G-2[M],G-1[MO],(F-2.a1.a2)[M],F-1[M],F-2[M],F-1[M],(F-2.b1.b2)[M],F-1[M],F-2[M],F-1[M],(E-2.c2.c3)[M],E-1[M],E-2[M],E-1[M],(D-2.D-1.d2.f2.a2.d3)[K],D-1[L],F-1[L],A-1[K],(G-1.e2.g2.b2.e3)[L],F-1[L],E-1[L],D-1[L],(C-1.b1.d2.g2.b2)[L],B-2[L],(C-1.c2.e2.g2.c3)[L],D-1[L],C-1[L],D-1[L],E-1[K],(A-2.c2.e2.a2.c3)[K],(A-2.b1.b2)[L],C-1[L],(E-1.g1.b1.e2.g2)[K],(D-1.a1.c2.f2.a2)[L],E-1[L],D-1[L],F-1[L],A-1[K],(G-1.b1.d2.g2.b2)[L],F-1[L],(E-1.c2.c3)[L],D-1[L],(C-1.d2.g2.b2.d3)[L],B-2[L],(C-1.e1.g1.c2.e2)[K],C-1[L],D-1[L],E-1[L],G-1[L],c[K],(G-1.g.f1.f2)[L],(e1.e2)[L],(C-1.c.#d1.#d2)[L],(e1.e2)[L],(E-2.E-1.c2.c3.e2.#g2)[K],(E-2.E-1)[K],(B-2.B-1.b1.b2)[K],(E-1.e.b1.e2.#g2.b2)[K],(B-1.#g)[K],(E-1.e.e1.e2)[K],(F-1.f.b1.c2.f2.b2)[K],(c.a)[K],(F-1.f.a1.c2.f2.a2)[K],(F-2.F-1.a1.c2.f2.a2)[K],(C-1.c.b1.b2)[K],(A-1.a.c2.c3)[K],(G-1.g.d2.g2.b2.d3)[K],(G-2.G-1)[K],(c2.c3)[K],(G-2.G-1.b1.b2)[K],d[K],(g.g1.g2)[K],(A-2.A-1.a1.a2)[K],(d1.e1)[L],(d1.e1)[L],(d1.e1)[L],(d1.e1)[L],(d1.e1)[K],(d1.e1)[K],(d1.e1)[K],(A-2.#c1.e1)[M],A-1[M],A-2[M],A-1[M],(A-2.#c1.e1)[NO],A-1[M],A-2[O],(#c1.e1)[NO],A-1[M],A-2[O],(#c1.e1)[NO],A-1[M],A-2[O],(#c1.e1)[NO],A-1[MO],(A-2.#c1.e1)[M],A-1[M],A-2[M],A-1[M],(A-2.#c1.e1)[NO],A-1[M],A-2[M],A-1[M],A-2[O],(#c1.e1)[NO],A-1[M],A-2[M],A-1[MO],(D-1.d)[K],(a.d1.#f1)[L],(a.d1.#f1)[L],(a.d1.#f1)[L],(a.d1.#f1)[L],(b.d1.g1)[K],(G-1.g.a.d1.#f1)[K],(A-1.a.#c1.e1)[K],(D-1.d.a.d1.#f1)[K],(a.d1.#f1)[L],(a.d1.#f1)[L],(a.d1.#f1)[L],(a.d1.#f1)[L],(b.d1.g1)[L],(b.d1.g1)[L],(G-2.G-1)[L],(a.d1.#f1)[L],(A-2.A-1)[L],(a.#c1.e1)[L],(D-1.d.a.d1.#f1)[K],(a.d1.#f1)[L],(a.d1.#f1)[L],(a.d1.#f1)[L],(a.d1.#f1)[L],(b.d1.g1)[K],(G-1.g.a.d1.#f1)[K],(A-1.a.#c1.e1)[K],(D-1.d.a.d1.#f1)[K],(a.d1.#f1)[L],(a.d1.#f1)[L],(a.d1.#f1)[L],(a.d1.#f1)[L],(b.d1.g1)[L],(b.d1.g1)[L],(G-2.G-1)[L],(a.d1.#f1)[L],(A-2.A-1)[L],(a.#c1.e1)[JKL],(a1.d2.#f2)[K],(a1.d2.#f2)[L],(a1.d2.#f2)[L],(a1.d2.#f2)[L],(a1.d2.#f2)[L],(b1.d2.g2)[L],(a1.#c2.#f2)[L],(g1.b1.e2)[L],(#f1.a1.d2)[L],(e1.g1.#c2)[L],(d1.#f1.b1)[L],(#c1.e1.a1)[L],(g.b)[L],(#f.a)[L],(e.g)[L],(d.#f)[L],(#c.e)[JM],(D-1.A-1.d.#f.a.d1)[HILNO];"],"id":3,"instruments":["piano","piano"],"alternatives":["",""]}]}