{"baseBpm":155,"musics":[{"bpm":155,"baseBeats":0.5,"scores":["(c2.d2)[L],U,(c2.d2)[L],U,(#a1.d2)[L],g2[L],(#a1.d2)[L],U;(c2.d2)[L],a2[L],(c2.d2)[L],U,(#a1.d2)[L],#a2[L],(#a1.d2)[L],U;(c2.d2)[L],U,(c2.d2)[L],U,(#a1.d2)[L],g2[L],(#a1.d2)[L],U;(c2.d2)[L],(d2.d3)[L],U,(d2.#f2)[L],(#a1.g2)[L],U,(g2.g3)[K];(b1.f2.g2)[L],U,(b1.f2.g2)[L],U,(#d2.g2)[L],#d2[L],d2[L],c2[L];(b1.f2.g2)[L],f2[L],#d2[L],d2[L],(#d2.g2)[L],#d2[L],d2[L],c2[L];(b1.f2.g2)[L],U,(b1.f2.g2)[L],U,(#d2.g2)[L],#d2[L],d2[L],c2[L];(#c1.#a1)[K],a1[L],g1[L],(#c1.#a1)[L],5<a1[M],g1[M]>,(#c1.#a1)[L],5<a1[M],g1[M]>;(#f1.d2)[L],5<d2[M],#c2[M]>,d2[L],a1[L],","#f[L],(a.c1.d1)[L],d[L],(a.c1.d1)[L],g[L],(#a.d1)[L],d[L],(#a.d1)[L];#f[L],(a.c1.d1)[L],d[L],(a.c1.d1)[L],g[L],(#a.d1)[L],d[L],(#a.d1)[L];#f[L],(a.c1.d1)[L],d[L],(a.c1.d1)[L],g[L],(#a.d1)[L],d[L],(#a.d1)[L];#f[L],(a.c1.d1)[L],d[L],(a.c1.d1)[L],(g.d1)[L],U,(G-1.g)[K];d[L],(f.g.b)[L],G-1[L],(f.g.b)[L],c[L],(#d.g.c1)[L],G-1[L],(#d.g.c1)[L];d[L],(f.g.b)[L],G-1[L],(f.g.b)[L],c[L],(#d.g.c1)[L],G-1[L],(#d.g.c1)[L];d[L],(f.g.b)[L],G-1[L],(f.g.b)[L],c[L],(#d.g.c1)[L],G-1[L],(#d.g.c1)[L];(#d.g)[K],T,(#d.g)[K],(#d.g)[K];d[L],d1[M],#c1[M],d1[L],a[L],"],"id":1,"instruments":["piano","piano"],"alternatives":["",""]},{"bpm":159,"baseBeats":0.5,"scores":["#a1[L],d2[L],5<#a1[M],a1[M]>,g1[L];(#f1.d2)[L],5<d2[M],#c2[M]>,d2[L],a1[L];#a1[L],d2[L],5<#a1[M],a1[M]>,g1[L];#a1[L],d2[L],5<#a1[M],a1[M]>,g1[L];a1[L],d2[L],5<#a1[M],a1[M]>,g1[L];d2[L],U,d1[L],U;d1[L],U,d1[L],U;(c2.d2)[L],U,(c2.d2)[L],U;(#a1.d2)[L],g2[L],(#a1.d2)[L],U;(c2.d2)[L],a2[L],(c2.d2)[L],U;(#a1.d2)[L],#a2[L],(#a1.d2)[L],U;(c2.d2)[L],U,(c2.d2)[L],U;(#a1.d2)[L],g2[L],(#a1.d2)[L],U;(c2.d2)[L],(d2.d3)[L],U,(d2.#f2)[L];(#a1.g2)[L],U,(g2.g3)[K];(#d2.g2)[L],U,(#d2.g2)[L],U;(#d2.g2)[L],U,#g2[L],a2[L];(g2.#a2)[L],U,(g2.#a2)[L],U;(g2.#a2)[L],U,f3[L],#d3[L];(#g2.d3)[L],U,(#g2.d3)[L],U;(#g2.d3)[L],U,c3[L],b2[L];(d2.#g2.#a2)[L],U,(d2.#g2.#a2)[L],U;(d2.#g2.#a2)[L],U,a2[L],#g2[L];","#a[L],d1[L],#a[M],a[M],g[L];d[L],d1[M],#c1[M],d1[L],a[L];#a[L],d1[L],#a[M],a[M],g[L];#a[L],d1[L],#a[M],a[M],g[L];a[L],d1[L],#a[M],a[M],g[L];d1[L],U,d[L],U;d[L],U,d[L],U;#f[L],(a.c1.d1)[L],d[L],(a.c1.d1)[L];g[L],(#a.d1)[L],d[L],(#a.d1)[L];#f[L],(a.c1.d1)[L],d[L],(a.c1.d1)[L];g[L],(#a.d1)[L],d[L],(#a.d1)[L];#f[L],(a.c1.d1)[L],d[L],(a.c1.d1)[L];g[L],(#a.d1)[L],d[L],(#a.d1)[L];#f[L],(a.c1.d1)[L],d[L],(a.c1.d1)[L];(g.d1)[L],U,(G-1.g)[K];#d[L],(g.#a.#d1)[L],(#A-1)[L],(g.#a.#d1)[L];#d[L],(g.#a.#d1)[L],(#A-1)[L],(g.#a.#d1)[L];#d[L],(g.#a.#d1)[L],(#A-1)[L],(g.#a.#d1)[L];#d[L],(g.#a.#d1)[L],(#A-1)[L],(g.#a.#d1)[L];f[L],(#g.#a.d1)[L],(#A-1)[L],(#g.#a.d1)[L];f[L],(#g.#a.d1)[L],(#A-1)[L],(#g.#a.d1)[L];f[L],(#g.#a.d1)[L],(#A-1)[L],(#g.#a.d1)[L];f[L],(#g.#a.d1)[L],(#A-1)[L],(#g.#a.d1)[L];"],"id":2},{"bpm":163,"baseBeats":0.5,"scores":["(#d2.g2)[L],U,(#d2.g2)[L],U;(#d2.g2)[L],U,#g2[L],a2[L];(g2.#a2)[L],U,(g2.#a2)[L],U;(g2.#a2)[L],U,c3[L],#c3[L];(g2.#a2)[L],U,(g2.#a2)[L],U;(#f2.c3.d3)[L],c3[L],#a2[L],#f1[L];g2[L],5<#d2[M],d2[M]>,5<#c2[M],d2[M]>,5<#a1[M],#g1[M]>;g1[L],U,(g1.g2)[K];(d2.#g2.#a2)[L],U,(d2.#g2.#a2)[L],U;(d2.#g2.#a2)[L],5<#a2[M],c3[M]>,5<d3[M],#d3[M]>,5<f3[M],g3[M]>;#g3[L],#a1[L],U,b1[L];U,c2[L],U,#a1[L];(g2.#a2)[L],U,(g2.#a2)[L],U;(g2.#a2)[L],5<c3[M],d3[M]>,5<#d3[M],f3[M]>,5<g3[M],#g3[M]>;#a3[L],#a1[L],U,b1[L];U,c2[L],U,#a1[L];(c3.#d3)[L],U,(c3.#d3)[L],U;(c3.#d3)[L],U,d3[L],c3[L];(g2.#a2)[L],U,(g2.#a2)[L],U;(g2.#a2)[L],U,#g2[L],g2[L];(d2.#g2.#a2)[L],U,b2[L],U;(#g2.c3)[L],U,d3[L],U;(g2.#d3)[L],#a1[K],g1[L];#a1[L],5<a2[M],#a2[M]>,5<b2[M],c3[M]>,5<#c3[M],d3[M]>;#d3[L],#a1[K],g1[L];#a1[L],5<a1[M],#a1[M]>,5<b1[M],c2[M]>,5<#c2[M],d2[M]>;#d2[L],#a1[L],#d2[L],#a1[L];#d2[L],#a[L],#d1[L],#a[L];#d1[K],T;T;","#d[L],(g.#a.#d1)[L],(#A-1)[L],(g.#a.#d1)[L];#d[L],(g.#a.#d1)[L],(#A-1)[L],(g.#a.#d1)[L];#d[L],(g.#a.#d1)[L],(#A-1)[L],(g.#a.#d1)[L];#d[L],(g.#a.#d1)[L],(#A-1)[L],(g.#a.#d1)[L];d[L],(g.#a.d1)[L],d[L],(g.#a.d1)[L];d[L],(#f.#g.d1)[L],d[L],(#f.c1.d1)[L];(g.#a.d1)[L],#d1[M],d1[M],#c1[M],d1[M],#a[M],#g[M];g[L],U,(G-1.g)[K];f[L],(#g.#a.d1)[L],(#A-1)[L],(#g.#a.d1)[L];f[L],(#g.#a.d1)[L],(#A-1)[L],(#g.#a.d1)[L];f[L],(#g.#a.d1)[L],(#A-1)[L],(#g.#a.d1)[L];f[L],(#g.#a.d1)[L],(#A-1)[L],(#g.#a.d1)[L];#d[L],(g.#a.#d1)[L],(#A-1)[L],(g.#a.#d1)[L];#d[L],(g.#a.#d1)[L],(#A-1)[L],(g.#a.#d1)[L];#d[L],(g.#a.#d1)[L],(#A-1)[L],(g.#a.#d1)[L];#d[L],(g.#a.#d1)[L],(#A-1)[L],(g.#a.#d1)[L];(#G-1)[L],(#g.c1.#d1)[L],c[L],(#g.c1.#d1)[L];#d[L],(#g.c1.#d1)[L],#g[L],(c1.#d1)[L];#d[L],(g.#a.#d1)[L],(#A-1)[L],(g.#a.#d1)[L];#d[L],(g.#a.#d1)[L],#d[L],(g.#a.#d1)[L];f[L],(#g.#a.d1)[L],(#A-1)[L],(#g.#a.d1)[L];f[L],(#g.#a.d1)[L],(#A-1)[L],(#g.#a.d1)[L];(#d.#d1)[L],#a[K],g[L];#a[L],U,(#a.d1.f1.#g1)[K];(#d1.g1)[L],#a[K],g[L];#a[L],U,(#a.d1.f1.#g1)[K];(#d1.g1)[L],#a[L],#d1[L],#a[L];#d1[L],(#A-1)[L],#d[L],(#A-1)[L];#d[K],(#A-1)[K];(#D-1)[K];"],"id":3}],"audition":{"start":[0,0],"end":[0,30]}}