{"baseBpm":1,"musics":[{"id":1,"baseBeats":1,"scores":["TU,TU,TU,TU,TU,TU,TU,TU,TU,TU,TU,TU,TU,TU,TU,TU,TU,TU,TU,TU,TU,TU,TU,TU,TU,TU,TU,TU,TU,TU,QRTU,TU,TU,TU,TU,TU,TU,TU,TU,TU,TU,TU,TU,TU,TU,TU,TU,TU,TU,TU,TU,TU,TU,TU,TU,TU,TU,TU,TU,TU,TU,TU,TU,TU,TU,TU,TU,ST,TU,TU,TU,TU,TU,TU,TU,TU,TU,TU,ST,TU,TU,TU,TU,TU,TU,TU,TU,TU,TU,ST,TU,TU,TU,TU,TU,TU,TU,TU,TU,TU,RU,RU,RU,RU,RU,T,T,T,T,T,T,T,T,T,ST,TU,RU,T,T,T,T,T,T,T,T,T,ST,TU,RU,TU,TU,TU,RU,TU,TU,TU,TU,TU,TU,TU,TU,TU,TU,TU,TU,TU,TU,TU,RU,QT,T,T,T,T,T,T,TU,TU,T,T,T,T,T,T,TU,TU,T,T,T,T,T,T,T,TV,","(E-1.G-1)[NO],A-1[MN],#c[NO],e[LM],(#F-1.#f)[KL],(G-1.g)[KL],(G-1.A-1)[NO],c[MN],g[LMNO],(#F-1.#f)[KL],(E-1.e)[KL],(E-1.G-1)[NO],#A-1[MN],#c[NO],e[LM],(#F-1.#f)[KL],(G-1.g)[KL],(G-1.A-1)[NO],c[MN],g[LMNO],(#F-1.#f)[KL],(E-1.e)[KL],(E-1.G-1)[NO],#A-1[MN],#c[NO],e[LM],(#F-1.#f)[KL],(G-1.g)[KL],(G-1.B-1)[NO],d[MN],f[NO],g[LM],(A-1.a)[KL],(B-1.b)[KL],(c.#d)[NO],g[MN],c1[LMNO],(d.d1)[KL],(#d.#d1)[KL],(#d.#d1)[KL],(d.d1)[KL],(c.c1)[KL],(G-1.g)[KL],(#D-1.#d)[KL],(C-1.c)[KL],(B-2.B-1.A-1.#F-1)[KL],(B-2.B-1.G-1.E-1)[KL],(B-2.B-1.E-1.#C-1)[KL],(B-2.B-1.#F-1.#D-1)[HIKL],(g.E-1)[NO],(#a.#A-1)[MN],(#c1.#c)[NO],(e1.e)[LM],(#f1.#f)[KL],(g1.g)[KL],(a.E-1)[NO],(c1.A-1)[MN],(g1.c)[NO],g[LM],(#f1.#f)[KL],(e1.e)[KL],(g.E-1)[NO],(#a.#A-1)[MN],(#c1.#c)[NO],(e1.e)[LM],(#f1.#f)[KL],(g1.g)[KL],(a.E-1)[NO],(c1.A-1)[MN],(g1.c)[NO],g[LM],(#f1.#f)[KL],(e1.e)[KL],(g.E-1)[NO],(#a.#A-1)[MN],(#c1.#c)[NO],(e1.e)[LM],(#f1.#f)[KL],(g1.g)[KL],(b.G-1)[NO],(d1.B-1)[MN],(f1.d)[NO],(g1.g)[LM],(a1.a)[KL],(b1.b)[KL],(#d1.c)[NO],(g1.g)[MN],(c2.c1)[LMNO],(d2.d.d1)[KL],(#d2.#d.#d1)[KL],(#d2.#d.#d1)[KL],(d2.d.d1)[KL],(c2.c.c1)[KL],(g1.g.G-1)[KL],(#d1.#d.#D-1)[KL],(c1.c.C-1)[KL],(b.g.d.D-1)[KL],(c1.a.G-1.E-1)[KL],(d1.b.d.D-1)[KL],(d1.b.d.D-1)[KL],(c1.a.G-1.#D-1)[KL],(b.g.d.D-1)[KL],(g.e.d.D-1)[KL],(a.#f.G-1.E-1)[KL],(b.g.d.D-1)[KL],(d1.b.d.D-1)[JK],(b.g)[KL],(b1.g2.b2.d.g.b)[KL],(c2.a2.c3.a.c1)[KL],(d2.b2.d3.b.d1)[KL],(b.d1.d2.b2.d3)[KL],(a.c1.c2.a2.c3)[KL],(g.b.b1.g2.b2)[KL],(e.g.g1.e2.g2)[KL],(#f.a.a1.#f2.a2)[KL],(g.b.b1.g2.b2)[KL],(b.d1.d2.b2.d3.d)[JK],(g.b.b1.g2.b2)[KL],(#f.d1.b.#F-1)[KL],(B-1.e1.#c1.G-1)[KL],(#f.#f1.d1.#F-1)[KL],(#f.#f1.d1.#F-1)[KL],(B-1.e1.#c1.G-1)[KL],(#f.d1.b.#F-1)[KL],(#f.b.#g.#F-1)[KL],(B-1.#c1.#a.G-1)[KL],(#f.d1.b.#F-1)[KL],(#f.#f1.d1.#F-1)[JK],(d1.b)[KL],(b.d1.d2.b2.d3.#f)[KL],(#c1.e1.e2.#c3.e3)[KL],(d1.#f1.#f2.d3.#f3)[KL],(d1.#f1.#f2.d3.#f3)[KL],(#c1.e1.e2.#c3.e3)[KL],(b.d1.d2.b2.d3)[KL],(#g.b.b1.#g2.b2)[KL],(#a.#c1.#c2.#a2.#c3)[KL],(b.d1.d2.b2.d3)[KL],(d1.#f1.#f2.d3.#f3)[IN],#c[MN],(#c1.d1.#f1.#f2.d3.#f3)[IN],c[MN],(c1.d1.#f1.#f2.d3.#f3)[IN],B-1[MN],(b.d1.#f1.#f2.d3.#f3)[IN],B-1[MN],(#a.#d1.#f1.#f2.#d3.#f3)[IL],(#c1.#a.#f.#A-2)[LM],#A-1[LM],(f1.#a.#f.#A-2)[LM],#A-1[LM],(#f1.#a.#f.#A-2)[LM],#A-1[LM],(#f1.b.#g.B-2)[LM],B-1[LM],(f1.b.#g.B-2)[LM],B-1[LM],(#d1.b.#g.B-2)[LM],B-1[LM],(f.#g.b.b1.d2.b2)[JK],(#a.#a1.#a2)[KL],(#a.#d1.g1.g2.#d3.g3)[IL],(#d1.#a.g.#A-2)[LM],#A-1[LM],(f1.#a.g.#A-2)[LM],#A-1[LM],(g1.#a.g.#A-2)[LM],#A-1[LM],(g1.b.#g.B-2)[LM],B-1[LM],(f1.b.#g.B-2)[LM],B-1[LM],(#d1.b.#g.B-2)[LM],B-1[LM],(f.#g.b.b1.d2.b2)[JK],(#a.#a1.#a2)[KL],(#a.#c1.e1.g1.g2.#c3.e3.g3)[IL],(e1.#c1.g.#A-1.#A-2)[KL],(B-1.B-2)[KL],(#c.#C-1)[KL],(g2.b2.e3.g3.g1.e1.b)[IL],(e1.b.g.B-1.B-2)[KL],(#d.#D-1)[KL],(e.E-1)[KL],(g.e.#A-1.d.D-1)[KL],(#f.#F-1)[KL],(g.G-1)[KL],(e1.#a.g.e.#c.#C-1)[KL],(#f.#F-1)[KL],(g.G-1)[KL],(g1.d1.#a.g.d.D-1)[KL],(a.A-1)[KL],(#a.#A-1)[KL],(#a1.g1.#c1.#a.#d.#D-1)[KL],(c.c1)[KL],(#c.#c1)[KL],(E-1.e)[IL],(#a.#c1.g1.g2.#a2.#c3.g3)[HK],G-1[NO],#A-1[MN],#c[NO],(#d.e)[LM],(e.#f)[LM],f[LM],(#f.g)[LM],g[LM],A-1[NO],c[MN],g[NO],g[LM],(#f.#f)[LM],f[LM],(e.e)[KL],G-1[NO],#A-1[MN],#c[NO],(#d.e)[LM],(e.#f)[LM],f[LM],(#f.g)[LM],g[LM],A-1[NO],c[MN],g[NO],g[LM],(#f.#f)[LM],f[LM],(e.e)[KL],G-1[NO],#A-1[MN],#c[NO],(#d.e)[LM],(e.#f)[LM],f[LM],(#f.g)[LM],g[LM],B-1[NO],d[MN],f[NO],(G-1.f.B-1.d.g)[LM],(#G-1.a)[LM],A-1[LM],(#A-1.b)[LM],"]},{"id":2,"baseBeats":1,"scores":["T,T,TUV,TU,T,T,T,TU,T,T,T,TU,T,T,T,TU,T,T,T,TU,T,T,T,T,T,T,T,T,T,T,T,T,T,T,T,T,T,T,T,T,T,T,T,T,T,T,T,T,T,T,T,T,T,T,T,T,T,T,T,T,T,T,T,T,T,T,T,T,5<T>,5<T>,T,T,T,T,T,T,T,T,T,T,T,T,T,T,T,T,T,T,T,T,T,T,T,T,T,T,T,T,T,T,T,T,T,T,T,T,T,T,T,T,T,T,T,T,T,T,T,T,T,T,T,T,T,T,T,T,T,T,T,T,T,T,T,T,T,T,T,T,T,T,T,T,T,T,T,TUV,STUV,T,T,T,T,T,T,T,T,T,T,T,T,T,T,T,T,T,T,T,T,T,T,T,T,T,T,T,T,T,T,TU,TU,T,T,T,T,T,T,T,T,T,T,T,T,T,T,T,TU,RU,T,T,T,T,T,T,T,T,T,ST,TU,RU,T,T,T,T,T,T,T,T,T,ST,TU,RU,T,T,T,T,T,T,T,T,T,ST,TU,RU,T,T,T,T,T,T,T,T,T,TU,TU,TU,TU,TU,TU,TU,TU,TU,TU,TU,TU,TU,TU,TU,TU,TU,TU,TU,TU,TU,TU,TU,TU,TU,TU,TU,TU,TU,TU,TU,TU,TU,TU,TU,TU,TU,TU,TU,TU,TU,TU,TU,TU,TU,TU,TU,TU,TU,TU,TU,TU,TU,TU,TU,TU,RS,TU,TU,TU,TU,TU,QSU,TU,TU,TU,TU,TU,TU,TU,TU,TU,TU,TU,TU,TU,TU,TU,TU,TU,TU,TU,TU,TU,TU,TU,TU,TU,TU,TU,TU,TU,TU,TU,TU,TU,TU,TU,TU,TU,TU,TU,TU,TU,TU,TU,TU,TU,TU,TU,TU,TU,TU,TU,TU,TU,TU,TU,TU,TU,TU,TU,TU,TU,TU,TU,TU,TU,TU,TU,TU,TU,TU,TU,TU,TU,TU,RS,TU,TU,TU,TU,TU,QQQRU,","B-1[LM],#d[NO],g[MN],c1[NO],c[LM],(#c.d1)[LM],d[LM],(#d.#d1)[KL],#d1[LM],#d[LM],(d.d1)[LM],#c[LM],(c.c1)[KL],b[LM],B-1[LM],(#A-1.#a)[LM],A-1[LM],(#G-1.#g)[KL],g[LM],G-1[LM],(#F-1.f)[LM],F-1[LM],(E-1.e)[KL],#d[LM],#D-1[LM],(D-1.d)[LM],#C-1[LM],(C-1.c)[KL],(B-2.#F-1.B-1.A-1)[LM],#A-2[LM],B-2[LM],#A-2[LM],B-2[LM],#A-2[LM],(B-2.E-1.B-1.G-1)[LM],#A-2[LM],B-2[LM],#A-2[LM],(B-2.#C-1.B-1.E-1)[LM],#A-2[LM],(B-2.#F-1.B-1.#D-1)[LM],#A-2[LM],B-2[LM],#A-2[LM],B-2[LM],#A-2[LM],B-2[LM],C-1[LM],#D-1[LM],#F-1[LM],G-1[LM],B-1[LM],#c[LM],#d[LM],#f[LM],g[LM],b[LM],c1[LM],#d1[LM],#f1[LM],g1[LM],b1[LM],#c2[LM],#d2[LM],#f2[LM],g2[LM],b2[LM],c3[LM],#d3[LM],#f3[LM],g3[LM],b3[LM],#c4[LM],#d4[LM],#f4[LM],#d4[LM],#c4[LM],b3[LM],g3[LM],#f3[LM],#d3[LM],c3[LM],b2[LM],g2[LM],#f2[LM],#d2[LM],c2[LM],b1[LM],g1[LM],#f1[LM],#d1[LM],c1[LM],b[LO],g[MN],#f[LO],E-1[NO],#A-1[MN],#c[NO],(e1.#c1.#a.g.e)[LM],#f[LM],#f1[LM],g[LM],g1[LM],E-1[NO],A-1[MN],c[NO],(g1.#c1.a.g)[LM],#f[LM],#f1[LM],e[LM],e1[LM],E-1[NO],#A-1[MN],#c[NO],(e1.#c1.#a.g.e)[LM],#f[LM],#f1[LM],g[LM],g1[LM],E-1[NO],A-1[MN],c[NO],(g1.c1.a.g)[LM],#f[LM],#f1[LM],e[LM],e1[LM],E-1[NO],#A-1[MN],#c[NO],(e1.#c1.#a.g.e)[LM],#f[LM],#f1[LM],g[LM],g1[LM],G-1[NO],B-1[MN],d[NO],(g1.f1.d1.b.g)[LM],a[LM],a1[LM],b[LM],b1[LM],c[NO],#d[MN],g[NO],(c2.g1.#d1.c1)[LM],d1[LM],(g1.d2)[LM],#d1[LM],(c2.#d2)[LM],#d1[LM],(c2.#f2)[LM],d1[LM],(#d2.g2)[LM],c1[LM],(#d2.b2)[LM],b[LM],(g2.c3)[LM],#a[LM],(g2.d3)[LM],#g[LM],(c3.#d3)[LM],g[LM],(c3.#f3)[LM],f[LM],(#d3.g3)[LM],#d[LM],(c3.#d3.a3)[LM],(b2.g3.b3.D-1)[LM],d[LM],(c3.a3.c4.#D-1)[LM],G-1[LM],(d3.b3.d4.D-1)[LM],d[LM],(d3.b3.d4.D-1)[LM],d[LM],(c3.a3.c4.#D-1)[LM],G-1[LM],(b2.g3.b3.D-1)[LM],d[LM],(g2.e3.g3.D-1)[LM],d[LM],(a2.#f3.a3.E-1)[LM],G-1[LM],(b2.g3.b3.D-1)[LM],d[LM],(d4.b3)[LM],#a3[LM],a3[LM],g3[LM],(b3.g3)[LM],#f3[LM],(d1.g1.b1.f3)[LM],e3[LM],(a1.c2.g3.#d3)[LM],d3[LM],(b1.d2.#c3)[LM],c3[LM],(b1.d2.d3.b2)[LM],#a2[LM],(a1.c2.a2)[LM],g2[LM],(g1.b1.b2.g2)[LM],#f2[LM],(e1.g1.f2)[LM],e2[LM],(#f1.a1.g2.e2)[LM],#d2[LM],(g1.b1.d2)[LM],#c2[LM],d1[NO],g1[MN],b1[NO],d2[JKLM],(g2.e3.g3.B-2)[LM],B-1[LM],(a2.#f3.a3.C-1)[LM],E-1[LM],(b2.g3.b3.B-2)[LM],B-1[LM],(b2.g3.b3.B-2)[LM],B-1[LM],(a2.#f3.a3.C-1)[LM],E-1[LM],(g2.e3.g3.B-2)[LM],B-1[LM],(e2.#c3.e3.B-2)[LM],B-1[LM],(#f2.#d3.#f3.C-1)[LM],E-1[LM],(g2.e3.g3.B-2)[LM],B-1[LM],(b3.g3)[LM],#f3[LM],f3[LM],e3[LM],(g3.e3)[LM],#d3[LM],(b.e1.g1.d3)[LM],c3[LM],(#f1.a1.e3.c3)[LM],b2[LM],(g1.b1.#a2)[LM],a2[LM],(g1.b1.d3.g2)[LM],#f2[LM],(#f1.a1.f2)[LM],e2[LM],(e1.g1.g2.e2)[LM],#d2[LM],(#c1.e1.d2)[LM],#c2[LM],(#d1.#f1.e2.#c2)[LM],c2[LM],(e1.g1.b1)[LM],#a1[LM],(b1.g1)[KL],#a2[LM],#a1[LM],#a2[LM],b2[MN],#F-1[MN],(b3.b1.g1.#f1)[LM],b2[LM],#a2[LM],#a1[LM],#a2[LM],b2[MN],A-2[MN],(b3.b1.g1.f1)[LM],b2[LM],#a2[LM],#a1[LM],#a2[LM],b2[MN],G-2[MN],(b3.b1.g1.e1)[LM],b2[LM],#a2[LM],#a1[LM],#a2[LM],b2[MN],#F-2[MN],(b3.b1.#f1.#d1)[IL],(#g1.#d1.b.#D-1)[LM],#d[LM],(#a1.#d1.b.#D-1)[LM],#d[LM],(b1.#d1.b.#D-1)[LM],#d[LM],(b1.e1.#c1.#D-1)[LM],e[LM],(#a1.e1.#c1.#D-1)[LM],e[LM],(#g1.e1.#c1.#D-1)[LM],e[LM],(#c.#A-1.e.G-1.e2.g2.e3)[JK],(#d.#d2.#d3)[KL],(b2.#d3.#f3.b3.b1.#f1.#d1.b)[IL],(#g1.#d1.b.#D-1)[LM],#d[LM],(#a1.#d1.b.#D-1)[LM],#d[LM],(b1.#d1.b.#D-1)[LM],#d[LM],(b1.e1.#c1.#D-1)[LM],e[LM],(#a1.e1.#c1.#D-1)[LM],e[LM],(#g1.e1.#c1.#D-1)[LM],e[LM],(e2.g2.e3.e1.#c1.#a.g)[JK],(#d2.#d3.#d1)[KL],(b2.e3.#g3.b3.b1.#g1.e1.b)[IL],(e1.#g.B-2)[LM],B-1[LM],(#f1.e1.#g.B-2)[LM],B-1[LM],(#g1.e1.#g.B-2)[LM],B-1[LM],(#g1.e1.a.B-2)[LM],c[LM],(#f1.e1.a.B-2)[LM],c[LM],(e1.a.B-2)[LM],c[LM],(c2.#d2.c3.c1.#f.a)[JK],(b1.b2.b)[KL],(b2.e3.#g3.b3.b1.#g1.e1.b)[IL],(e1.#g.B-2)[LM],B-1[LM],(#f1.e1.#g.B-2)[LM],B-1[LM],(#g1.e1.#g.B-2)[LM],B-1[LM],(#g1.e1.a.B-2)[LM],c[LM],(#f1.e1.a.B-2)[LM],c[LM],(e1.a.B-2)[LM],c[LM],(c2.#d2.c3.a.c1.#f)[KL],B-1[KL],(b1.b2)[KL],(d2.f2.d3.f.#g.d1)[KL],B-1[KL],(#c2.#c3)[KL],(e2.g2.e3.#c1.g.#a.e1)[KL],B-1[KL],(#d2.#d3)[KL],(f2.#g2.f3.d1.#g.b.f1)[KL],B-1[KL],(e2.e3)[KL],(g2.#a2.g3.#c1.#a.e1.g1)[KL],B-1[KL],(#f2.#f3)[KL],(c3.#d3.#f3.c4.c2.#f1.#d1.c1)[KL],(b2.b3.b1.b)[KL],(a2.a3.a1.a)[KL],(g3.g4.g2.g1)[KL],(#f3.#f4.#f1.#f2)[KL],(e3.e4.e1.e2)[KL],(c3.#d3.#f3.c4.c2.#f1.#d1.c1)[KL],(b2.b3.b1.b)[KL],(a2.a3.a1.a)[KL],(g3.g4.g2.g1)[KL],(#f3.#f4.#f1.#f2)[KL],(e3.e4.e1.e2)[KL],(c3.#d3.#f3.c4.c2.#f1.#d1.c1)[KL],(b2.b3.b1.b)[KL],(a2.a3.a1.a)[KL],(g2.#a2.#c3.g3.g1.#c1.#a.g)[KL],(#f2.#f3.#f1.#f)[KL],(e2.e3.e1.e)[KL],(d.#g.d1.f.d2.#f2.#g2.d3)[KL],(#c.#c1.#c2.#c3)[KL],(B-1.b.b1.b2)[KL],(A-1.c.#d.a.a1.c2.#d2.a2)[KL],(#G-1.#g.#g1.#g2)[KL],(#F-1.#f.#f1.#f2)[KL],(e2.#a1.g1.e1.G-1.e.#A-1.E-1)[KL],(d2.d1.d.D-1)[KL],(#c2.#c1.#C-1.#c)[KL],(c2.#f1.#d1.c1.#D-1.c.#F-1.C-1)[KL],(b1.b.B-1.B-2)[KL],(#a1.#a.A-1.A-2)[KL],(a1.a.A-1.A-2)[KL],(#g1.#G-1.#g)[KL],(g1.g.G-1)[KL],(#f1.#F-1.#f)[KL],(f1.F-1.f)[KL],(e1.e.E-1)[KL],(#d1.#d.#D-1)[KL],(d1.D-1.d)[KL],(#c1.#c.#C-1)[KL],(c1.c.C-1)[KL],(b.B-2.B-1)[KL],(#a.#A-1.#A-2)[IJ],(a.A-2.A-1)[KL],(#g.#G-1.#G-2)[KL],(g.G-1.G-2)[KL],(#f.#F-2.#F-1)[KL],(f.F-1)[KL],(e.E-1)[HJL],(#d.#D-1)[KL],(d.D-1)[KL],(#c.#C-1)[KL],(c.c1.#g.C-1.#G-2)[KL],d[KL],#d[KL],#d[KL],d[KL],c[KL],c[KL],d[KL],#d[KL],#d[KL],d[KL],c[KL],(c.c1.a.#F-1.#D-1.F-2)[KL],d[KL],#d[KL],#d[KL],d[KL],c[KL],c[KL],d[KL],#d[KL],#d[KL],d[KL],c[KL],(c.c1.#g.C-1.#G-2)[KL],d[KL],#d[KL],#d[KL],d[KL],c[KL],c[KL],d[KL],#d[KL],#d[KL],d[KL],c[KL],(c.c1.a.F-2.#F-1.#D-1)[KL],d[KL],#d[KL],#d[KL],d[KL],c[KL],c[KL],d[KL],#d[KL],#d[KL],d[KL],c[KL],(c.c1.a.E-2.#F-1)[KL],d[KL],e[KL],e[KL],d[KL],c[KL],(c.c1.a.#F-1.E-2)[KL],d[KL],e[KL],e[KL],d[KL],c[KL],(B-1.b.a.#D-2.#F-1)[KL],c[KL],d[KL],d[KL],c[KL],B-1[KL],A-1[KL],B-1[KL],c[KL],c[KL],B-1[KL],A-1[IJ],#F-1[KL],G-1[KL],A-1[KL],A-1[KL],G-1[KL],#F-1[HHHIL],"]},{"id":3,"baseBeats":1,"scores":["T,T,T,T,T,T,T,T,T,T,T,T,T,T,T,T,T,T,T,T,T,T,T,T,T,T,T,T,T,T,T,T,T,T,T,T,T,T,T,T,T,T,T,T,T,5<T>,T,T,T,T,T,T,T,T,T,T,T,T,T,T,5<T>,T,T,T,T,T,T,T,T,T,T,T,T,T,T,T,T,T,T,T,T,T,T,T,T,T,T,T,T,T,T,T,T,T,T,T,T,T,T,T,T,T,T,T,T,T,T,T,T,T,T,T,T,T,T,T,T,T,T,T,T,T,T,T,T,T,T,T,T,T,T,T,T,T,T,T,T,T,T,T,T,TU,5<T>,T,T,T,T,T,TU,5<T>,T,T,T,T,T,T,T,T,T,T,T,T,T,T,5<T>,T,T,T,T,T,T,T,T,T,T,T,T,T,T,TVWY,SVXY,T,T,T,T,T,T,T,T,T,T,T,T,T,T,T,T,T,T,T,T,T,T,TUVWY,SVXY,5<T>,T,T,T,T,T,T,T,T,T,T,T,T,T,T,5<T>,T,T,T,T,T,T,T,T,T,T,T,T,T,RSUW,T,T,T,TU,T,T,T,TU,T,T,T,TU,T,T,T,TU,T,T,T,TU,T,T,T,TU,ST,TU,ST,TU,T,T,T,TU,T,T,T,TU,T,T,T,TU,T,T,T,TU,T,T,T,TU,T,T,T,TU,ST,TU,ST,TU,T,T,T,T,T,T,T,T,T,T,T,T,T,T,T,T,T,T,T,T,T,T,T,T,T,T,T,T,T,T,T,T,T,T,T,T,T,T,T,T,T,T,T,T,T,T,T,T,T,T,T,T,T,T,T,T,T,T,T,T,T,T,T,RU,RU,RU,RU,RTV,STUV,RU,RU,TU,TU,TU,TU,TU,TU,TU,TU,TU,TU,TU,TU,QQQ,ST,","E-1[LMNO],B-1[LMNO],e[LMNO],#f[LMNO],#g[LMNO],b[LMNO],e1[LMNO],#f1[LMNO],#g1[LMNO],#f1[LMNO],e1[LMNO],b[LMNO],#g[LMNO],#f[LMNO],e[LMNO],B-1[LMNO],E-1[LMNO],B-1[LMNO],e[LMNO],#f[LMNO],#g[LMNO],b[LMNO],e1[LMNO],#f1[LMNO],(b1.e2.#g2.#g1)[LMNO],#f1[LMNO],e1[LMNO],b[LMNO],#g[LMNO],#f[LMNO],e[LMNO],B-1[LMNO],(#g2.#a1.#c2.E-1)[LMNO],#c[LMNO],e[LMNO],#g[LMNO],#a[LMNO],#c1[LMNO],e1[LMNO],#f1[LMNO],#g1[LMNO],#f1[LMNO],e1[LMNO],#c1[LMNO],#a[LMNO],#g[LMNO],e[LMNO],#c[LMNO],(a1.E-1)[MNOP],c2[MNOP],c[MNOP],#g2[MNOP],e[LMNO],#f[LMNO],a[LMNO],c1[LMNO],e1[LMNO],#f1[LMNO],(#f2.#g1)[LMNO],#f1[LMNO],e1[LMNO],c1[LMNO],a[LMNO],#f[LMNO],(e2.e)[LMNO],c[LMNO],(#g1.E-1)[MNOP],e2[MNOP],B-1[MNOP],b2[MNOP],e[LMNO],#f[LMNO],#g[LMNO],b[LMNO],e1[LMNO],#f1[LMNO],#g1[LMNO],#f1[LMNO],e1[LMNO],b[LMNO],#g[LMNO],#f[LMNO],e[LMNO],B-1[LMNO],E-1[LMNO],B-1[LMNO],e[LMNO],#f[LMNO],#g[LMNO],b[LMNO],e1[LMNO],#f1[LMNO],(b1.e2.#g2.#g1)[LMNO],#f1[LMNO],e1[LMNO],b[LMNO],#g[LMNO],#f[LMNO],e[LMNO],B-1[LMNO],(e2.#g1.e1.#C-1)[LMNO],#G-1[LMNO],#c[LMNO],#d[LMNO],e[LMNO],#g[LMNO],#c1[LMNO],#d1[LMNO],(#d2.e1)[LMNO],#d1[LMNO],#c1[LMNO],#g[LMNO],(#c2.e)[LMNO],#d[LMNO],#c[LMNO],#G-1[LMNO],(c2.e1.c1.A-2)[LMNO],E-1[LMNO],A-1[LMNO],B-1[LMNO],(#f1.c)[LMNO],e[LMNO],a[LMNO],b[LMNO],c1[LMNO],b[LMNO],a[LMNO],e[LMNO],(g1.c)[LMNO],B-1[LMNO],A-1[LMNO],E-1[LMNO],(E-2.#g1.e1.b)[LMNO],E-1[LMNO],#F-1[LMNO],#G-1[LMNO],B-1[LMNO],e[LMNO],#f[LMNO],#g[LMNO],b[LMNO],e1[LMNO],#f1[LMNO],#g1[LMNO],b1[LMNO],e2[LMNO],#f2[LMNO],#g2[LMNO],b2[LMNO],e3[LMNO],#f3[LMNO],g3[LMNO],a3[LMNO],#f3[LMNO],#d3[LMNO],b2[LMNO],(#g2.E-1)[MNOP],B-1[MNOP],#f2[MNOP],#g[MNOP],e2[LMNO],b1[LMNO],#g1[LMNO],#f1[LMNO],e1[LMNO],b[LMNO],E-1[MNOP],#A-1[MNOP],#a[MNOP],#c[MNOP],(#c1.#g)[LMNO],e1[LMNO],#f1[LMNO],#g1[LMNO],#a1[LMNO],#c2[LMNO],e2[LMNO],#f2[LMNO],#g2[LMNO],#a2[LMNO],#c3[LMNO],e3[LMNO],#f3[LMNO],g3[LMNO],(#g3.E-1)[MNOP],A-1[MNOP],#f3[MNOP],c[MNOP],(e3.#g)[LMNO],c3[LMNO],a2[LMNO],#g2[LMNO],#f2[LMNO],e2[LMNO],(c2.#f)[LMNO],a1[LMNO],#g1[LMNO],#f1[LMNO],e1[LMNO],c1[LMNO],a[LMNO],(e.e)[LMNO],#G-1[MNOP],e[LMNO],b[JMOP],b3[LMNO],g3[LMNO],#f3[LMNO],e3[LMNO],b2[LMNO],#g2[LMNO],#f2[LMNO],e2[LMNO],b1[LMNO],#g1[LMNO],#f1[LMNO],e1[LMNO],b[LMNO],e1[LMNO],#f1[LMNO],#g1[LMNO],(#g.b1)[LMNO],e2[LMNO],#f2[LMNO],#g2[LMNO],(#f.b2)[LMNO],e3[LMNO],#f3[LMNO],#g3[LMNO],(e.#g2)[MNOP],e3[LMNO],b3[JMOP],#C-1[MNOP],#G-1[MNOP],#g[MNOP],e[MNOP],#c1[LMNO],#d1[LMNO],e1[LMNO],#g1[LMNO],#c2[LMNO],#d2[LMNO],(#d.e2)[LMNO],#g2[LMNO],#c3[LMNO],#d3[LMNO],(#c.e3)[LMNO],#g3[LMNO],#c4[LMNO],e4[LMNO],A-2[MNOP],E-1[MNOP],#g[MNOP],c[MNOP],a[LMNO],b[LMNO],(c1.F-1)[LMNO],e1[LMNO],a1[LMNO],b1[LMNO],(c2.#F-1)[LMNO],e2[LMNO],a2[LMNO],b2[LMNO],(c3.G-1)[LMNO],e3[LMNO],a3[LMNO],c4[IJLO],(#G-1.#G-1.E-1.E-2)[LM],#c[LM],(#G-1.#F-1.#F-2)[LM],#g[LM],(e.B-1.G-1.G-2)[KL],(B-1.B-1.G-1.G-2)[LM],e[LM],(#d.#A-1.#A-2)[LM],b[LM],(#d.#g.B-1.B-2)[KL],(d.d.B-1.B-2)[LM],#g[LM],(#f.c.C-1)[LM],d1[LM],(#f.b.d.D-1)[KL],(#f.#f.d.D-1)[LM],b[LM],(a.e.E-1)[LM],#f1[LM],(a.d1.#f.#F-1)[KL],(a.a.#f.#F-1)[LM],d1[LM],(#c1.g.G-1)[LM],a1[LM],(#c1.#f1.a.A-1)[KL],(c1.c1.a.A-1)[LM],#f1[LM],(e1.B-1.b)[LM],c2[LM],(e1.a1.c.c1)[KL],(e1.c2.e2.c.e.g.c1)[JK],(#f1.#a1.e2.#f2.e.#f.B-1.b)[KL],(#g1.b1.e2.#g2.#g.b.B-1.e)[JK],(b1.#d2.#f2.b2.B-1.B-2)[KL],(#g.#g.e.E-1)[LM],#c1[LM],(b.#f.#F-1)[LM],#g1[LM],(b.e1.#g.#G-1)[KL],(b.b.#g.#G-1)[LM],e1[LM],(#d1.#A-1.#a)[LM],b1[LM],(#d1.#g1.B-1.b)[KL],(d1.d1.B-1.b)[LM],#g1[LM],(#f1.#c.#c1)[LM],d2[LM],(#f1.b1.d.d1)[KL],(#f1.#f1.d.d1)[LM],b1[LM],(a1.e.e1)[LM],#f2[LM],(a1.#d2.#f.#f1)[KL],(a1.a1.#f.#f1)[LM],d2[LM],(#c2.g.g1)[LM],a2[LM],(#c2.#f2.a.a1)[KL],(c2.c2.a.a1)[LM],#f2[LM],(e2.b.b1)[LM],c3[LM],(e2.a2.c1.c2)[KL],(e2.c3.e3.g1.c2.c1.e1)[JK],(#f2.#a2.e3.#f3.e1.#f1.c1.c2)[KL],(#g2.b2.e3.#g3.#g1.c2.c1.e1)[JK],(b2.#d3.#f3.b3.B-1.#d.#f.b)[KL],(e3.c4.e4.e.#G-1.E-1)[LM],b3[LM],#g3[LM],e3[LM],(c3.e3)[LM],b2[LM],(#g2.e.#g.e1)[LM],e2[LM],(c2.e2)[LM],b1[LM],#g1[LM],e1[LM],(a2.b2.#d3.#g3.b3.#g2)[LM],#f2[LM],#d2[LM],(a2.b2.#d3.#g3.b3.b1)[LM],(a2.b2.#d3.#g3.b3.#g1)[LM],#f1[LM],(a2.b2.#d3.#g3.b3.#d1)[LM],b[LM],(a2.b2.#d3.#f3.b3.#g)[LM],#f[LM],(a2.b2.#d3.#f3.b3.#d)[LM],B-1[LM],(e3.c4.e4.e.#G-1.E-1)[LM],b3[LM],#g3[LM],e3[LM],(c3.e3)[LM],b2[LM],(#g2.e.#g.e1)[LM],e2[LM],(c2.e2)[LM],b1[LM],#g1[LM],e1[LM],(a2.b2.#d3.#g3.b3.#g2)[LM],#f2[LM],#d2[LM],(a2.b2.#d3.#g3.b3.b1)[LM],(a2.b2.#d3.#g3.b3.#g1)[LM],#f1[LM],(a2.b2.#d3.#g3.b3.#d1)[LM],b[LM],(a2.b2.#d3.#f3.b3.#g)[LM],#f[LM],(a2.b2.#d3.#f3.b3.#d)[LM],B-1[LM],(e3.c4.e4.E-1.e.#G-1)[LM],b3[LM],#g3[LM],e3[LM],(c3.e3)[LM],b2[LM],(#g2.e.#g.e1)[LM],e2[LM],(c2.e2)[LM],b1[LM],#g1[LM],e1[LM],(c1.c2.e2)[LM],(b.b1)[LM],(#g.#g1)[LM],(e.e1)[LM],(c.e1.c1)[LM],(B-1.b)[LM],(#G-1.#g)[LM],(E-1.e)[LM],(#G-1.#g)[LM],(B-1.b)[LM],(c.#c1)[LM],(e.e1)[LM],(g.#g1)[LM],(b.b1)[LM],(c1.c2)[LM],(e1.e2)[LM],(c1.#g2)[LM],(b.b2)[LM],(g.c3)[LM],(e.e3)[LM],(c.#g3)[LM],(B-1.b3)[LM],(G-1.c4)[LM],(E-1.e4)[LM],(E-1.e.e3.e4)[IL],(e.#c1.e1.#g.#G-1.E-1.#c.#C-1)[IL],(#c1.e1.e.a.#C-1.A-2.A-1.E-1)[IL],(a.d1.f.f1.d.F-1.D-1.A-1)[IL],(#a.d1.d.f.#A-1.F-1.D-1.#A-2)[IL],(d.b.d1.g.G-2)[NO],D-1[MN],G-1[NO],B-1[JKLM],(c1.e1.e.g.c.G-1.E-1.C-1)[IL],(c.a.c1.e.E-1.C-1.A-1.A-2)[IL],(#F-1.E-1.A-1.B-1.e.#f.b.B-2)[KL],C-1[KL],D-1[KL],D-1[KL],C-1[KL],B-2[KL],(#F-1.#D-1.A-1.B-1.#d.#f.b.B-2)[KL],A-2[KL],G-2[KL],G-2[KL],#F-2[KL],E-2[KL],(B-1.e.#g.b.B-2.#G-2.E-1.E-2)[HHH],ST,"]}],"audition":{"start":[0,0],"end":[0,9]}}