{"baseBpm":66,"musics":[{"id":1,"baseBeats":0.375,"scores":["VW,VW,5<VW>,5<VW>,VW,VW,VW,VW,VW,VW,5<VW>,VW,5<VW>,VW,VW,VW,VW,VW,VW,5<VW>,5<VW>,VW,VW,5<VW>,5<VW>,VW,5<VW>,5<VW>,VW,VW,5<VW>,VW,VW,VW,5<VW>,5<VW>,VW,VW,5<VW>,VW,VW,VW,5<VW>,VW,5<VW>,VW,VW,VW,VW,VW,VW,5<VW>,5<VW>,VW,5<VW>,VW,5<VW>,VW,VW,VW,5<VW>,VW,5<VW>,VW,5<VW>,VW,5<VW>,5<VW>,VW,VW,VW,VW,VW,VW,5<VW>,VW,5<VW>,VW,VW,VW,VW,VW,VW,5<VW>,5<VW>,VW,VW,5<VW>,5<VW>,VW,5<VW>,5<VW>,VW,VW,5<VW>,VW,VW,VW,5<VW>,5<VW>,VW,VW,5<VW>,VW,VW,VW,5<VW>,VW,5<VW>,VW,VW,VW,VW,VW,VW,5<VW>,5<VW>,VW,5<VW>,VW,5<VW>,VW,VW,VW,5<VW>,VW,5<VW>,VW,5<VW>,VW,5<VW>,5<VW>,VW,VW,5<VW>,VW,VW,VW,5<VW>,VW,5<VW>,VW,VW,VW,VW,VW,5<VW>,VW,VW,VW,5<VW>,VW,VW,VW,5<VW>,VW,VW,VW,5<VW>,VW,VW,VW,5<VW>,5<VW>,VW,VW,5<VW>,VW,VW,VW,5<VW>,VW,VW,VW,VW,VW,VW,5<VW>,5<VW>,5<VW>,5<VW>,5<VW>,5<VW>,5<VW>,5<VW>,5<VW>,5<VW>,5<VW>,5<VW>,5<VW>,5<VW>,5<VW>,5<VW>,VW,5<VW>,5<VW>,VW,VW,VW,VW,VW,VW,5<VW>,VW,5<VW>,VW,VW,VW,VW,VW,VW,5<VW>,5<VW>,VW,VW,5<VW>,5<VW>,VW,5<VW>,5<VW>,VW,VW,5<VW>,VW,VW,VW,5<VW>,5<VW>,VW,VW,5<VW>,VW,VW,VW,5<VW>,VW,5<VW>,VW,VW,VW,VW,VW,VW,5<VW>,5<VW>,VW,5<VW>,VW,","b1[MN],(e.#f2)[MN],b[NO],g2[NO],g1[NO],b1[NO],g2[MN],(d.#f2)[MN],b[MN],d1[MN],b1[MN],(c.e2)[MN],g[NO],#f2[NO],c1[MN],d2[NO],c2[NO],(B-1.d2)[MN],g[MN],b[MN],g1[MN],(A-1.c2)[MN],e[MN],(c1.d2)[NO],c2[NO],b1[NO],a1[NO],(G-1.b1)[MN],d[MN],(b.c2)[NO],b1[NO],a1[NO],g1[NO],(#F-1.a1)[MN],e[NO],b1[NO],a[NO],c2[NO],e2[MN],(B-1.a1.#d2)[MN],#d[NO],e2[NO],a[MN],#f2[MN],(E-1.a1.#f2)[MN],B-1[NO],(b1.g2)[NO],g[NO],b1[NO],g2[MN],(D-1.#f2)[MN],B-1[NO],b2[NO],d[MN],#f2[MN],(C-1.g1.e2)[MN],G-1[NO],#f2[NO],e[MN],d2[NO],c2[NO],(B-2.d2)[MN],B-1[MN],d[MN],g1[MN],(A-1.c2)[MN],e[MN],(c1.d2)[NO],c2[NO],b1[NO],a1[NO],(G-1.b1)[MN],d[NO],e2[NO],b[MN],#f2[NO],g2[NO],(#F-1.c2.a2)[MN],e[MN],a[MN],e2[NO],#f2[NO],(B-1.e2)[MN],#d[NO],#d2[NO],#f[MN],e2[NO],#f2[NO],(e.a1.#f2)[MN],b[NO],(b1.g2)[NO],g1[NO],b1[NO],g2[MN],(d.#f2)[MN],b[MN],d1[MN],b1[MN],(c.e2)[MN],g[NO],#f2[NO],c1[MN],d2[NO],c2[NO],(B-1.d2)[MN],g[MN],b[MN],g1[MN],(A-1.c2)[MN],e[MN],(c1.d2)[NO],c2[NO],b1[NO],a1[NO],(G-1.b1)[MN],d[MN],(b.c2)[NO],b1[NO],a1[NO],g1[NO],(#F-1.a1)[MN],e[NO],b1[NO],a[NO],c2[NO],e2[MN],(B-1.a1.#d2)[MN],#d[NO],e2[NO],a[MN],#f2[MN],(E-1.a1.#f2)[MN],B-1[NO],(b1.g2)[NO],g[NO],b1[NO],g2[MN],(D-1.#f2)[MN],B-1[NO],b2[NO],d[MN],#f2[MN],(C-1.g1.e2)[MN],G-1[NO],#f2[NO],e[MN],d2[NO],c2[NO],(B-2.d2)[MN],B-1[MN],d[MN],g1[MN],(A-1.c2)[MN],e[MN],(c1.d2)[NO],c2[NO],b1[NO],a1[NO],(G-1.b1)[MN],d[NO],e2[NO],b[MN],#f2[NO],g2[NO],(#F-1.c2.a2)[MN],e[MN],a[MN],e2[NO],#f2[NO],(B-1.e2)[MN],#d[NO],#d2[NO],#f[MN],e2[NO],#f2[NO],(e.a1.#f2)[MN],b[NO],(b1.g2)[NO],g1[NO],b1[NO],g2[MN],(d.#f2)[MN],b[NO],(d2.b2)[NO],d1[MN],(a2.#f3)[MN],(c.a2.#f3)[MN],g[NO],(g2.e3)[NO],c1[MN],d3[NO],c3[NO],(B-1.#f2.d3)[MN],g[MN],b[MN],d2[MN],(A-1.d3)[MN],e[NO],c3[NO],c1[MN],e2[MN],(G-1.c2.c3)[MN],d[NO],b2[NO],b[MN],e2[MN],(#F-1.b1.b2)[MN],e[NO],a2[NO],a[MN],e2[MN],(B-1.a1.#d2)[MN],#d[NO],(a1.e2)[NO],a[MN],#f2[MN],(E-1.a1.#f2)[MN],B-1[NO],(b1.g2)[NO],g[NO],b1[NO],g2[MN],(D-1.#f2)[MN],B-1[NO],(d2.b2)[NO],d[MN],(a2.#f3)[MN],(C-1.b2.g3)[MN],G-1[NO],(a2.#f3)[NO],e[MN],(g2.e3)[MN],(B-2.#f2.d3)[MN],B-1[MN],d[MN],d2[MN],(A-1.d3)[NO],c3[NO],(e.b2)[NO],c3[NO],(c1.b2)[NO],a2[NO],g2[NO],a2[NO],(G-1.b2)[NO],a2[NO],(d.b2)[NO],c3[NO],(b.b2)[NO],a2[NO],g2[NO],#f2[NO],(#F-1.e2)[NO],#d2[NO],(e.e2)[NO],#f2[NO],(a.g2)[NO],#f2[NO],g2[NO],a2[NO],(B-1.b2)[NO],a2[NO],(#d.b2)[NO],c3[NO],(#f.b2)[NO],a2[NO],g2[NO],#f2[NO],(e.a1.#f2)[MN],b[NO],(b1.g2)[NO],g1[NO],b1[NO],g2[MN],(d.#f2)[MN],b[MN],d1[MN],b1[MN],(c.e2)[MN],g[NO],#f2[NO],c1[MN],d2[NO],c2[NO],(B-1.d2)[MN],g[MN],b[MN],g1[MN],(A-1.c2)[MN],e[MN],(c1.d2)[NO],c2[NO],b1[NO],a1[NO],(G-1.b1)[MN],d[MN],(b.c2)[NO],b1[NO],a1[NO],g1[NO],(#F-1.a1)[MN],e[NO],b1[NO],a[NO],c2[NO],e2[MN],(B-1.a1.#d2)[MN],#d[NO],e2[NO],a[MN],#f2[MN],(E-1.a1.#f2)[MN],B-1[NO],(b1.g2)[NO],g[NO],b1[NO],g2[MN],(D-1.#f2)[MN],B-1[NO],b2[NO],d[MN],#f2[MN],(C-1.g1.e2)[MN],G-1[NO],#f2[NO],e[MN],d2[NO],c2[NO],(B-2.d2)[MN],B-1[MN],d[MN],g1[MN],(A-1.c2)[MN],e[MN],(c1.d2)[NO],c2[NO],b1[NO],a1[NO],(G-1.b1)[MN],d[NO],e2[NO],b[MN],"]},{"id":2,"baseBeats":0.375,"scores":["5<VW>,VW,VW,VW,5<VW>,VW,5<VW>,VWX,5<VW>,5<VW>,5<VW>,5<VW>,5<VW>,5<VW>,5<VW>,5<VW>,5<VW>,5<VW>,5<VW>,5<VW>,5<VW>,5<VW>,5<VW>,5<VW>,5<VW>,5<VW>,5<VW>,5<VW>,5<VW>,5<VW>,5<VW>,5<VW>,5<VW>,5<VW>,5<VW>,5<VW>,5<VW>,5<VW>,5<VW>,5<VW>,5<VW>,5<VW>,5<VW>,5<VW>,5<VW>,5<VW>,5<VW>,5<VW>,5<VW>,5<VW>,5<VW>,5<VW>,5<VW>,5<VW>,5<VW>,5<VW>,5<VW>,5<VW>,5<VW>,5<VW>,5<VW>,5<VW>,5<VW>,5<VW>,5<VW>,5<VW>,5<VW>,5<VW>,5<VW>,5<VW>,5<VW>,5<VW>,5<VW>,SUX,VW,VW,5<VW>,5<VW>,VW,VW,VW,VW,VW,VW,5<VW>,VW,5<VW>,VW,VW,VW,VW,VW,VW,5<VW>,5<VW>,VW,VW,5<VW>,5<VW>,VW,5<VW>,5<VW>,VW,VW,5<VW>,VW,VW,VW,5<VW>,5<VW>,VW,VW,5<VW>,VW,VW,VW,5<VW>,VW,5<VW>,VW,VW,VW,VW,5<VW>,5<VW>,5<VW>,5<VW>,5<VW>,5<VW>,5<VW>,5<VW>,5<VW>,5<VW>,5<VW>,5<VW>,5<VW>,5<VW>,5<VW>,5<VW>,VW,5<VW>,5<VW>,VW,VW,VW,VW,VW,VW,5<VW>,VW,5<VW>,VW,VW,VW,VW,VW,VW,5<VW>,5<VW>,VW,VW,5<VW>,5<VW>,VW,5<VW>,5<VW>,VW,VW,5<VW>,VW,VW,VW,5<VW>,5<VW>,VW,VW,5<VW>,VW,VW,VW,5<VW>,VW,5<VW>,VW,VW,VW,VW,VW,VW,5<VW>,5<VW>,VW,5<VW>,VW,5<VW>,VW,VW,VW,5<VW>,VW,5<VW>,VW,5<VW>,5<VW>,5<VW>,5<VW>,5<VW>,5<VW>,5<VW>,5<VW>,5<VW>,5<VW>,5<VW>,5<VW>,5<VW>,5<VW>,5<VW>,5<VW>,5<VW>,5<VW>,5<VW>,5<VW>,5<VW>,5<VW>,5<VW>,5<VW>,5<VW>,5<VW>,5<VW>,5<VW>,5<VW>,5<VW>,5<VW>,5<VW>,5<VW>,5<VW>,5<VW>,5<VW>,5<VW>,5<VW>,5<VW>,5<VW>,5<VW>,5<VW>,5<VW>,5<VW>,5<VW>,5<VW>,5<VW>,5<VW>,5<VW>,5<VW>,5<VW>,5<VW>,5<VW>,5<VW>,5<VW>,5<VW>,5<VW>,5<VW>,5<VW>,5<VW>,5<VW>,5<VW>,5<VW>,5<VW>,5<VW>,UV,UV,UV,UV,TUW,","#f2[NO],g2[NO],(#F-1.c2.a2)[MN],e[MN],a[MN],e2[NO],#f2[NO],(B-1.e2)[MN],#d[NO],#d2[NO],#f[MN],e2[NO],#f2[NO],(e.g3)[NO],g2[NO],(b.g3)[NO],g2[NO],(g1.g3)[NO],g2[NO],(b.g3)[NO],g2[NO],(d.g3)[NO],g2[NO],(b.g3)[NO],g2[NO],(d1.#f3)[NO],#f2[NO],(b.#f3)[NO],#f2[NO],(c.#f3)[NO],#f2[NO],(g.#f3)[NO],#f2[NO],(e1.#f3)[NO],#f2[NO],(g.#f3)[NO],#f2[NO],(B-1.e3)[NO],e2[NO],(g.e3)[NO],e2[NO],(b.e3)[NO],e2[NO],(g.e3)[NO],e2[NO],(A-1.d3)[NO],d2[NO],(e.d3)[NO],d2[NO],(c1.d3)[NO],d2[NO],(e.d3)[NO],d2[NO],(G-1.c3)[NO],c2[NO],(d.c3)[NO],c2[NO],(b.c3)[NO],c2[NO],(d.c3)[NO],c2[NO],(#F-1.b2)[NO],b1[NO],(#f.b2)[NO],b1[NO],(a.b2)[NO],b1[NO],(#f.b2)[NO],b1[NO],(B-1.a2)[NO],a1[NO],(#f.a2)[NO],a1[NO],(b.a2)[NO],a1[NO],(#f.#f3)[NO],#f2[NO],(E-1.g3)[NO],g2[NO],(B-1.g3)[NO],g2[NO],(g.g3)[NO],g2[NO],(B-1.g3)[NO],g2[NO],(D-1.g3)[NO],g2[NO],(B-1.g3)[NO],g2[NO],(d.#f3)[NO],#f2[NO],(B-1.b3)[NO],b2[NO],(C-1.e3)[NO],e2[NO],(G-1.e3)[NO],e2[NO],(e.e3)[NO],e2[NO],(G-1.e3)[NO],e2[NO],(B-2.d3)[NO],d2[NO],(G-1.d3)[NO],d2[NO],(B-1.d3)[NO],d2[NO],(G-1.g3)[NO],g2[NO],(A-2.c3)[NO],c2[NO],(E-1.c3)[NO],c2[NO],(c.c3)[NO],c2[NO],(E-1.c3)[NO],c2[NO],(G-2.b2)[NO],b1[NO],(D-1.b2)[NO],b1[NO],(B-1.b2)[NO],b1[NO],(D-1.b2)[NO],b1[NP],a1[O],(#F-2.a2)[NO],C-1[NP],A-1[NO],c[NO],e[NO],a[NO],c1[NO],e1[NO],(B-2.b.#f1)[NO],#F-1[NO],B-1[NO],#d[NO],#f[NO],#d1[NO],#f1[NO],b1[NP],#d3[P],#f3[O],b3[JLO],b1[MN],(e.#f2)[MN],b[NO],g2[NO],g1[NO],b1[NO],g2[MN],(d.#f2)[MN],b[MN],d1[MN],b1[MN],(c.e2)[MN],g[NO],#f2[NO],c1[MN],d2[NO],c2[NO],(B-1.d2)[MN],g[MN],b[MN],g1[MN],(A-1.c2)[MN],e[MN],(c1.d2)[NO],c2[NO],b1[NO],a1[NO],(G-1.b1)[MN],d[MN],(b.c2)[NO],b1[NO],a1[NO],g1[NO],(#F-1.a1)[MN],e[NO],b1[NO],a[NO],c2[NO],e2[MN],(B-1.a1.#d2)[MN],#d[NO],e2[NO],a[MN],#f2[MN],(E-1.a1.#f2)[MN],B-1[NO],(b1.g2)[NO],g[NO],b1[NO],g2[MN],(D-1.#f2)[MN],B-1[NO],b2[NO],d[MN],#f2[MN],(C-1.g1.e2)[MN],G-1[NO],#f2[NO],e[MN],d2[NO],c2[NO],(B-2.d2)[MN],B-1[MN],d[MN],g1[MN],(A-1.d3)[NO],c3[NO],(e.b2)[NO],c3[NO],(c1.b2)[NO],a2[NO],g2[NO],a2[NO],(G-1.b2)[NO],a2[NO],(d.b2)[NO],c3[NO],(b.b2)[NO],a2[NO],g2[NO],#f2[NO],(#F-1.e2)[NO],#d2[NO],(e.e2)[NO],#f2[NO],(a.g2)[NO],#f2[NO],g2[NO],a2[NO],(B-1.b2)[NO],a2[NO],(#d.b2)[NO],c3[NO],(#f.b2)[NO],a2[NO],g2[NO],#f2[NO],(e.a1.#f2)[MN],b[NO],(b1.g2)[NO],g1[NO],b1[NO],g2[MN],(d.#f2)[MN],b[MN],d1[MN],b1[MN],(c.e2)[MN],g[NO],#f2[NO],c1[MN],d2[NO],c2[NO],(B-1.d2)[MN],g[MN],b[MN],g1[MN],(A-1.c2)[MN],e[MN],(c1.d2)[NO],c2[NO],b1[NO],a1[NO],(G-1.b1)[MN],d[MN],(b.c2)[NO],b1[NO],a1[NO],g1[NO],(#F-1.a1)[MN],e[NO],b1[NO],a[NO],c2[NO],e2[MN],(B-1.a1.#d2)[MN],#d[NO],e2[NO],a[MN],#f2[MN],(E-1.a1.#f2)[MN],B-1[NO],(b1.g2)[NO],g[NO],b1[NO],g2[MN],(D-1.#f2)[MN],B-1[NO],b2[NO],d[MN],#f2[MN],(C-1.g1.e2)[MN],G-1[NO],#f2[NO],e[MN],d2[NO],c2[NO],(B-2.d2)[MN],B-1[MN],d[MN],g1[MN],(A-1.c2)[MN],e[MN],(c1.d2)[NO],c2[NO],b1[NO],a1[NO],(G-1.b1)[MN],d[NO],e2[NO],b[MN],#f2[NO],g2[NO],(#F-1.c2.a2)[MN],e[MN],a[MN],e2[NO],#f2[NO],(B-1.e2)[MN],#d[NO],#d2[NO],#f[MN],e2[NO],#f2[NO],(C-1.g2)[NO],b1[NO],(G-1.e2)[NO],#f2[NO],(c.g2)[NO],b1[NO],(G-1.e2)[NO],#f2[NO],(D-1.g2)[NO],b1[NO],(A-1.e2)[NO],#f2[NO],(d.g2)[NO],#f2[NO],(A-1.g2)[NO],a2[NO],(E-1.g2)[NO],b1[NO],(B-1.e2)[NO],#f2[NO],(e.g2)[NO],b1[NO],(B-1.e2)[NO],#f2[NO],(D-1.g2)[NO],#f2[NO],(B-1.g2)[NO],d3[NO],(d.c3)[NO],b2[NO],(B-1.a2)[NO],g2[NO],(C-1.g2)[NO],b1[NO],(G-1.e2)[NO],#f2[NO],(c.g2)[NO],b1[NO],(G-1.e2)[NO],#f2[NO],(D-1.g2)[NO],b1[NO],(A-1.e2)[NO],#f2[NO],(d.g2)[NO],#f2[NO],(A-1.g2)[NO],a2[NO],(E-1.g2)[NO],b1[NO],(B-1.e2)[NO],#f2[NO],(e.g2)[NO],b1[NO],(B-1.e2)[NO],#f2[NO],(D-1.g2)[NO],#f2[NO],(B-1.g2)[NO],d3[NO],(d.c3)[NO],b2[NO],(B-1.a2)[NO],g2[NO],(C-1.b2)[NO],b1[NO],(G-1.b2)[NO],b1[NO],(c.b2)[NO],b1[NO],(G-1.b2)[NO],b1[NO],(D-1.a2)[NO],a1[NO],(A-1.a2)[NO],a1[NO],(d.a2)[NO],a1[NO],(A-1.d3)[NO],d2[NO],(E-1.b2)[NO],b1[NO],(B-1.b2)[NO],b1[NO],(e.b2)[NO],b1[NO],(B-1.b2)[NO],b1[NO],(D-1.#f2)[NO],#f1[NO],(B-1.#f2)[NO],#f1[NO],(d.g2)[NO],g1[NO],(B-1.d3)[NO],d2[NO],(C-1.b2)[NO],b1[NO],(G-1.b2)[NO],b1[NO],(c.b2)[NO],b1[NO],(G-1.b2)[NO],b1[NO],(D-1.a2)[NO],a1[NO],(A-1.a2)[NO],a1[NO],(d.a2)[NO],a1[NO],(A-1.d3)[NO],d2[NO],(#F-1.c3)[NO],b2[NO],(c.a2)[NO],g2[NO],(e.#f2)[NO],e2[NO],(c.#f2)[NO],g2[NO],(B-2.a2)[NO],g2[NO],(#D-1.#f2)[NO],e2[NO],(#F-1.#d2)[NO],c2[NO],(B-1.b1)[NO],a1[NO],(B-3.B-2.#d1.#f1.b1)[LM],(B-3.B-2.#f1.b1.#d2)[LM],(B-3.B-2.b1.#d2.#f2)[LM],(B-3.B-2.#d2.#f2.b2)[LM],(B-3.B-2.#f2.b2.#d3)[KLN],"]},{"id":3,"baseBeats":0.375,"scores":["VW,VW,VW,VW,VW,VW,5<VW>,5<VW>,VW,VW,VW,VW,VW,VW,5<VW>,VW,5<VW>,VW,VW,VW,VW,VW,VW,5<VW>,5<VW>,VW,VW,5<VW>,5<VW>,VW,5<VW>,5<VW>,VW,VW,5<VW>,VW,VW,VW,5<VW>,5<VW>,VW,VW,5<VW>,VW,VW,VW,5<VW>,VW,5<VW>,VW,VW,VW,VW,VW,VW,5<VW>,5<VW>,VW,5<VW>,VW,5<VW>,VW,VW,VW,5<VW>,VW,5<VW>,VW,5<VW>,5<VW>,5<VW>,5<VW>,5<VW>,5<VW>,5<VW>,5<VW>,5<VW>,5<VW>,5<VW>,5<VW>,5<VW>,5<VW>,5<VW>,5<VW>,5<VW>,5<VW>,5<VW>,5<VW>,5<VW>,5<VW>,5<VW>,5<VW>,5<VW>,5<VW>,5<VW>,5<VW>,5<VW>,5<VW>,5<VW>,5<VW>,5<VW>,5<VW>,5<VW>,5<VW>,5<VW>,5<VW>,5<VW>,5<VW>,5<VW>,5<VW>,5<VW>,5<VW>,5<VW>,5<VW>,5<VW>,5<VW>,5<VW>,5<VW>,5<VW>,5<VW>,5<VW>,5<VW>,5<VW>,5<VW>,5<VW>,5<VW>,5<VW>,5<VW>,5<VW>,5<VW>,5<VW>,5<VW>,5<VW>,5<VW>,5<VW>,5<VW>,5<VW>,5<VW>,5<VW>,5<VW>,5<VW>,5<VW>,5<VW>,5<VW>,5<VW>,5<VW>,5<VW>,5<VW>,5<VW>,5<VW>,5<VW>,5<VW>,5<VW>,5<VW>,5<VW>,5<VW>,5<VW>,5<VW>,5<VW>,5<VW>,5<VW>,5<VW>,5<VW>,5<VW>,5<VW>,5<VW>,5<VW>,5<VW>,5<VW>,5<VW>,5<VW>,5<VW>,5<VW>,5<VW>,5<VW>,5<VW>,5<VW>,5<VW>,5<VW>,5<VW>,5<VW>,5<VW>,5<VW>,5<VW>,5<VW>,5<VW>,5<VW>,5<VW>,5<VW>,5<VW>,5<VW>,5<VW>,5<VW>,5<VW>,5<VW>,5<VW>,SVW,","B-2[MN],B-2[MN],B-2[MN],B-2[MN],b1[MN],(e.a1.#f2)[MN],b[NO],(b1.g2)[NO],g1[NO],b1[NO],g2[MN],(d.#f2)[MN],b[MN],d1[MN],b1[MN],(c.e2)[MN],g[NO],#f2[NO],c1[MN],d2[NO],c2[NO],(B-1.d2)[MN],g[MN],b[MN],g1[MN],(A-1.c2)[MN],e[MN],(c1.d2)[NO],c2[NO],b1[NO],a1[NO],(G-1.b1)[MN],d[MN],(b.c2)[NO],b1[NO],a1[NO],g1[NO],(#F-1.a1)[MN],e[NO],b1[NO],a[NO],c2[NO],e2[MN],(B-1.a1.#d2)[MN],#d[NO],e2[NO],a[MN],#f2[MN],(E-1.a1.#f2)[MN],B-1[NO],(b1.g2)[NO],g[NO],b1[NO],g2[MN],(D-1.#f2)[MN],B-1[NO],b2[NO],d[MN],#f2[MN],(C-1.g1.e2)[MN],G-1[NO],#f2[NO],e[MN],d2[NO],c2[NO],(B-2.d2)[MN],B-1[MN],d[MN],g1[MN],(A-1.c2)[MN],e[MN],(c1.d2)[NO],c2[NO],b1[NO],a1[NO],(G-1.b1)[MN],d[NO],e2[NO],b[MN],#f2[NO],g2[NO],(#F-1.c2.a2)[MN],e[MN],a[MN],e2[NO],#f2[NO],(B-1.e2)[MN],#d[NO],#d2[NO],#f[MN],e2[NO],#f2[NO],(e.g3)[NO],g2[NO],(b.g3)[NO],g2[NO],(g1.g3)[NO],g2[NO],(b.g3)[NO],g2[NO],(d.g3)[NO],g2[NO],(b.g3)[NO],g2[NO],(d1.#f3)[NO],#f2[NO],(b.#f3)[NO],#f2[NO],(c.#f3)[NO],#f2[NO],(g.#f3)[NO],#f2[NO],(e1.#f3)[NO],#f2[NO],(g.#f3)[NO],#f2[NO],(B-1.e3)[NO],e2[NO],(g.e3)[NO],e2[NO],(b.e3)[NO],e2[NO],(g.e3)[NO],e2[NO],(A-1.d3)[NO],d2[NO],(e.d3)[NO],d2[NO],(c1.d3)[NO],d2[NO],(e.d3)[NO],d2[NO],(G-1.c3)[NO],c2[NO],(d.c3)[NO],c2[NO],(b.c3)[NO],c2[NO],(d.c3)[NO],c2[NO],(#F-1.b2)[NO],b1[NO],(#f.b2)[NO],b1[NO],(a.b2)[NO],b1[NO],(#f.b2)[NO],b1[NO],(B-1.a2)[NO],a1[NO],(#f.a2)[NO],a1[NO],(b.a2)[NO],a1[NO],(#f.#f3)[NO],#f2[NO],(E-1.g3)[NO],g2[NO],(B-1.g3)[NO],g2[NO],(g.g3)[NO],g2[NO],(B-1.g3)[NO],g2[NO],(D-1.g3)[NO],g2[NO],(B-1.g3)[NO],g2[NO],(d.#f3)[NO],#f2[NO],(B-1.b3)[NO],b2[NO],(C-1.e3)[NO],e2[NO],(G-1.e3)[NO],e2[NO],(e.e3)[NO],e2[NO],(G-1.e3)[NO],e2[NO],(B-2.d3)[NO],d2[NO],(G-1.d3)[NO],d2[NO],(B-1.d3)[NO],d2[NO],(G-1.g3)[NO],g2[NO],(A-2.c3)[NO],c2[NO],(E-1.c3)[NO],c2[NO],(c.c3)[NO],c2[NO],(E-1.c3)[NO],c2[NO],(G-2.b2)[NO],b1[NO],(D-1.b2)[NO],b1[NO],(B-1.b2)[NO],b1[NO],(D-1.b2)[NO],b1[NO],(#F-1.a2)[NO],a1[NO],(#f.a2)[NO],a1[NO],(a.a2)[NO],a1[NO],(#f.a2)[NO],a1[NO],(B-1.b2)[NO],b1[NO],(#f.b2)[NO],b1[NO],(b.b2)[NO],b1[NO],(#f.#f3)[NO],#f2[NO],(e.g3)[NO],g2[NO],(b.g3)[NO],g2[NO],(g1.g3)[NO],g2[NO],(b.g3)[NO],g2[NO],(d.g3)[NO],g2[NO],(b.g3)[NO],g2[NO],(d1.#f3)[NO],#f2[NO],(b.#f3)[NO],#f2[NO],(c.#f3)[NO],#f2[NO],(g.#f3)[NO],#f2[NO],(e1.#f3)[NO],#f2[NO],(g.#f3)[NO],#f2[NO],(B-1.e3)[NO],e2[NO],(g.e3)[NO],e2[NO],(b.e3)[NO],e2[NO],(g.e3)[NO],e2[NO],(A-1.d3)[NO],d2[NO],(e.d3)[NO],d2[NO],(c1.d3)[NO],d2[NO],(e.d3)[NO],d2[NO],(G-1.c3)[NO],c2[NO],(d.c3)[NO],c2[NO],(b.c3)[NO],c2[NO],(d.c3)[NO],c2[NO],(#F-1.b2)[NO],b1[NO],(#f.b2)[NO],b1[NO],(a.b2)[NO],b1[NO],(#f.b2)[NO],b1[NO],(B-1.a2)[NO],a1[NO],(#f.a2)[NO],a1[NO],(b.a2)[NO],a1[NO],(#f.#f3)[NO],#f2[NO],(E-1.g3)[NO],g2[NO],(B-1.g3)[NO],g2[NO],(g.g3)[NO],g2[NO],(B-1.g3)[NO],g2[NO],(D-1.g3)[NO],g2[NO],(B-1.g3)[NO],g2[NO],(d.#f3)[NO],#f2[NO],(B-1.b3)[NO],b2[NO],(C-1.e3)[NO],e2[NO],(G-1.e3)[NO],e2[NO],(e.e3)[NO],e2[NO],(G-1.e3)[NO],e2[NO],(B-2.d3)[NO],d2[NO],(G-1.d3)[NO],d2[NO],(B-1.d3)[NO],d2[NO],(G-1.g3)[NO],g2[NO],(A-2.c3)[NO],c2[NO],(E-1.c3)[NO],c2[NO],(c.c3)[NO],c2[NO],(E-1.c3)[NO],c2[NO],(G-2.b2)[NO],b1[NO],(D-1.b2)[NO],b1[NO],(B-1.b2)[NO],b1[NO],(D-1.b2)[NO],b1[NO],(#F-1.a2)[NO],a1[NO],(#f.a2)[NO],a1[NO],(a.a2)[NO],a1[NO],(#f.a2)[NO],a1[NO],(B-1.b2)[NO],b1[NO],(#f.b2)[NO],b1[NO],(b.b2)[NO],b1[NO],#f[JMN];"]}]}