{"baseBpm":90,"musics":[{"bpm":90,"baseBeats":0.25,"scores":["d1[L],e1[L],f1[LM],g1[M],f1[M],e1[M],e1[M],f1[M],e1[M],d1[M],d1[M],e1[M];f1[L],g1[L],a1[LM],d1[M],f1[L],g1[L],a1[LM],d1[M];#f1[M],g1[M],a1[M],d1[M],#f1[M],g1[M],a1[M],d1[M],#f1[M],g1[M],a1[M],b1[M],c2[M],d2[M],e2[M],#f2[M];g2[K],T,T,g2[L],g2[M],b1[M];d2[M],c2[M],c2[M],b1[M],a1[K],b1[L],b1[M],d2[M],g2[M],b2[M],d2[M],b2[M];a2[M],b2[M],a2[M],b2[M],a2[M],b2[M],a2[M],b2[M],a2[M],b2[M],a2[M],g2[M],g2[L],g2[M],b1[M];d2[M],c2[M],c2[M],b1[M],a1[K],b1[L],b1[M],d2[M],g2[M],b2[M],d2[M],b2[M];a2[M],b2[M],a2[M],b2[M],g2[L],U,T,g2[L],g2[M],b1[M];d2[M],c2[M],c2[M],b1[M],a1[K],b1[L],b1[M],d2[M],g2[M],b2[M],d2[M],b2[M];a2[M],b2[M],a2[M],b2[M],a2[M],b2[M],a2[M],b2[M],a2[M],b2[M],a2[M],g2[M],g2[L],g2[M],b1[M];d2[M],c2[M],c2[M],b1[M],a1[K],b1[L],b1[M],d2[M],g2[M],b2[M],d2[M],b2[M];a2[M],b2[M],a2[M],b2[M],g2[L],U,T,a[M],d1[M],d1[L];","d[L],e[L],f[LM],g[M],f[M],e[M],e[M],f[M],e[M],d[M],d[M],e[M];f[L],g[L],a[LM],D-1[M],F-1[L],G-1[L],A-1[LM],D-1[M];#F-1[M],G-1[M],A-1[M],D-1[M],#F-1[M],G-1[M],A-1[M],D-1[M],(a.c1)[J];(G-1.d)[J],(g.d1)[K],f1[K];e1[K],#f1[K],(g.g1)[J];#f1[L],e1[L],d1[L],c1[L],b[L],d1[L],f1[K];(g.e1)[K],#f1[K],(g.g1)[J];(c1.#f1)[K],(b.g1)[L],U,(g.b.g1)[K],f1[K];(c1.e1)[K],#f1[K],(b.g1)[J];(c1.#f1)[L],e1[L],d1[L],c1[L],(g.b)[L],d1[L],f1[K];(c1.e1)[K],#f1[K],(b.g1)[K],T;(c1.#f1)[K],(c1.g1)[L],U,D-1[J];"],"id":1},{"bpm":92,"baseBeats":0.25,"scores":["d1[L],U,d1[M],#f1[M],(d1.#f1)[L],#f1[L],U,#f1[M],a1[M],(#f1.a1)[L];(d1.#f1)[M],a1[M],(d1.#f1)[M],a1[M],(#f1.a1)[M],d2[M],(a1.d2)[M],#f2[M],(a1.#c2.#f2)[L],(g1.e2)[L],(g1.a1.#c2.e2)[K];T,(#c1.e1)[L],(#c1.e1)[L],(#c1.e1)[L],(#c1.e1)[L],(#c1.e1)[L],(#c1.e1)[L];(#c1.#f1)[L],e1[L],(#c1.e1)[KL],U,(a1.#c2.e2)[L],(a1.#c2.#f2)[L];(#c2.#f2)[L],e2[M],#f2[M],(#c2.g2)[M],#f2[M],(#c2.e2)[L],(#c2.e2)[L],(a1.d2)[L],a2[M],b2[M],a2[M],b2[M];a2[M],#f2[M],g2[M],e2[M],#f2[M],d2[M],e2[M],#c2[M],(a1.e2)[L],d2[L],(a1.d2)[K];T,a[M],d1[M],d1[L],d1[L],U,d1[M],#f1[M],(d1.#f1)[L];#f1[L],U,#f1[M],a1[M],(#f1.a1)[L],(d1.#f1)[M],a1[M],(d1.#f1)[M],a1[M],(#f1.a1)[M],d2[M],(a1.d2)[M],#f2[M];","(d.#f)[L],a[L],a[K],(d.a)[L],d1[L],(a.d1)[K];(d.a)[K],(d.a)[K],a[K],a[K];A-1[L],U,(g.a)[L],(g.a)[L],(g.a)[L],(g.a)[L],(g.a)[L],(g.a)[L];(g.a)[K],(g.a)[K],A-1[L],U,(a.g1)[L],(a.g1)[L];(a.g1)[K],(a.g1)[L],(a.g1)[L],(a.g1)[L],(d1.#f1)[L],(d1.#f1)[K];S,(#c1.g1)[L],(d1.#f1)[L],(d1.#f1)[K];D-1[J],(d.#f)[L],a[L],a[K];(d.a)[L],d1[L],(a.d1)[K],(d.a)[K],(d.a)[K];"],"id":2},{"bpm":94,"baseBeats":0.25,"scores":["(#c2.#f2)[L],(#c2.e2)[L],(#c2.e2)[K],T,(#c1.e1)[L],(#c1.e1)[L];(#c1.#f1)[L],e1[L],(#c1.e1)[K],T,(#c2.e2)[L],(#c2.#f2)[L];(#c2.#f2)[L],e2[L],(#c2.#f2)[L],e2[L],(#c2.#f2)[L],e2[M],#f2[M],(#c2.g2)[M],#f2[M],(#c2.e2)[L];(#c2.e2)[L],d2[L],U,(#f1.a1.d2)[L],(#f.a.d1)[L],U,U,(#f.a.d1)[L];(#f1.a1)[L],c2[L],(a1.c2)[K],(#f1.a1)[L],(c2.e2)[L],(c2.e2)[K];(#f1.a1)[M],c2[M],(a1.c2)[L],(#f1.a1)[M],(c2.e2)[M],(c2.e2)[L],(#f1.a1)[M],c2[M],(a1.c2)[L],(#f1.a1)[M],(c2.e2)[M],(c2.e2)[L];U,d2[M],g2[M],b1[M],g2[M],d2[M],b2[M],b1[M],g2[M],d2[M],b2[M],b1[M],g2[M],d2[M],b2[M];b1[M],g2[M],d2[M],b2[M],b1[M],g2[M],d2[M],b2[M],(c2.a2)[J];(b1.g2)[K],g2[L],g2[M],b1[M],d2[M],c2[M],c2[M],b1[M],a1[K];b1[L],b1[M],d2[M],g2[M],b2[M],d2[M],b2[M],a2[M],b2[M],a2[M],b2[M],a2[M],b2[M],a2[M],b2[M];a2[M],b2[M],a2[M],g2[M],g2[L],g2[M],b1[M],d2[M],c2[M],c2[M],b1[M],a1[K];b1[L],b1[M],d2[M],g2[M],b2[M],d2[M],b2[M],(c2.a2)[J];(b1.g2)[K],","(a.g1)[L],(a.g1)[L],(a.g1)[K],A-1[L],U,(g.a)[L],(g.a)[L];(g.a)[L],(g.a)[L],(g.a)[K],A-1[L],U,(a.g1)[L],(a.g1)[L];(a.g1)[K],(a.g1)[K],(a.g1)[K],(a.g1)[L],(a.g1)[L];(a.g1)[L],(d1.#f1)[L],d[L],U,U,d[L],D-1[L],U;d[K],U,d[M],A-1[M],D-1[L],U,U,d[M],A-1[M];D-1[L],d[M],A-1[M],D-1[L],d[M],A-1[M],D-1[L],d[M],A-1[M],D-1[L],d[M],A-1[M];(G-1.d)[L],d1[M],e1[M],g1[L],d1[M],e1[M],g1[L],d1[M],e1[M],g1[L],d1[M],e1[M];g1[L],d1[M],e1[M],g1[L],d1[M],e1[M],(g.#f1)[J];(b.g1)[K],f1[K],(c1.e1)[K],#f1[K];(b.g1)[J],(c1.#f1)[L],e1[L],d1[L],c1[L];(g.b)[L],d1[L],f1[K],(c1.e1)[K],#f1[K];(g.b.g1)[J],(g.d1.#f1)[J];(G-1.g)[K],"],"id":3}],"audition":{"start":[0,39],"end":[0,66]}}