{"baseBpm":135,"musics":[{"bpm":135,"baseBeats":0.5,"scores":["U,U,U,U,U,U,U,U,U,U,U,U,U,U,U,U,U,U,U,U,U,U,U,U,U,U,U,U,U,U,U,U,U,U,U,U,U,U,U,U,U,U,U,U,U,U,U,U,U,U,U,U,U,U,U,U,U,U,U,U,U,U,U,U,U,TY,U,TUY,U,U,TY,U,U,5<U>,U,U,U,TY,U,TUY,U,U,TY,U,U,5<U>,U,U,U,TY,U,TUY,U,U,TY,U,U,5<U>,U,U,U,TY,U,TUY,U,U,TY,U,UVY,TVY,5<U>,5<U>,5<U>,5<U>,5<U>,5<U>,5<U>,5<U>,5<U>,5<U>,5<U>,5<U>,5<U>,5<U>,5<U>,5<U>,5<U>,5<U>,5<U>,5<U>,5<U>,5<U>,5<U>,5<U>,5<U>,5<U>,5<U>,5<U>,5<U>,5<U>,5<U>,5<U>,5<U>,5<U>,5<U>,5<U>,5<U>,5<U>,5<U>,5<U>,5<U>,5<U>,5<U>,5<U>,5<U>,5<U>,5<U>,5<U>,5<U>,5<U>,5<U>,5<U>,5<U>,5<U>,5<U>,5<U>,5<U>,5<U>,5<U>,5<U>,5<U>,5<U>,5<U>,5<U>,U,TY,U,TUY,U,U,TY,U,U,5<U>,5<U>,U,U,TY,U,TUY,U,U,TY,UVWXY,5<U>,5<U>,U,U,TY,U,TUY,U,U,TY,U,U,5<U>,5<U>,U,U,TY,U,TUY,U,U,TY,U,TY,5<U>,UVWXY,TY,U,TUY,U,U,TY,U,U,5<U>,5<U>,U,U,TY,U,TUY,U,U,TY,UVWXY,5<U>,5<U>,U,U,TY,U,TUY,U,U,TY,U,U,5<U>,5<U>,U,U,TY,U,TY,U,U,U,TY,U,UVY,5<U>,5<U>,U,U,U,U,U,U,U,U,U,U,U,U,U,U,U,U,U,U,U,U,U,U,U,U,U,U,U,U,U,U,U,U,U,U,U,U,U,U,U,U,U,U,U,U,U,U,U,U,U,U,U,U,U,U,U,U,U,U,U,U,U,U,U,U,UV,TY,","(#d.g2)[L],(#a.d3)[L],#d1[L],(g1.c3)[L],f[L],c1[L],f1[L],(a1.a2)[L],(#f.#f2)[L],(d1.a2)[L],#f1[L],(a1.a2)[NP],#a2[MOP],g[L],(d1.a2)[L],(g1.g2)[L],(#a1.f2)[L],(#d.g2)[L],(#a.d3)[L],#d1[L],(g1.c3)[L],f[L],c1[L],f1[L],(a1.a2)[L],(d.f3)[L],(d1.d3)[L],#f1[L],(a1.f3)[NP],g3[MOP],g[L],(d1.a3)[L],(g1.g3)[L],(#a1.f3)[L],(#d.g2)[L],(#a.d3)[L],#d1[L],(g1.c3)[L],f[L],c1[L],f1[L],(a1.a2)[L],(#f.#f2)[L],(d1.a2)[L],#f1[L],(a1.a2)[NP],#a2[MOP],g[L],(d1.a2)[L],(g1.g2)[L],(#a1.f2)[L],(#d.g2)[L],(#a.d3)[L],#d1[L],(g1.c3)[L],f[L],c1[L],f1[L],(a1.a2)[L],(d.f3)[L],(d1.d3)[L],#f1[L],(a1.f3)[NP],g3[MOP],g[L],d1[L],g1[L],#a1[L],(#D-1.#d.g1)[L],d2[KP],(#D-1.#d.c2)[L],(F-1.f)[KLP],a1[L],(#F-1.#f.#f1)[L],a1[KP],a1[NP],#a1[MOP],(G-1.g)[L],a1[M],(G-1.g)[M],g1[L],f1[L],(#D-1.#d.g1)[L],d2[KP],(#D-1.#d.c2)[L],(F-1.f)[KLP],a1[L],(D-1.d.f2)[L],d2[KP],f2[NP],g2[MOP],(G-1.g)[L],a2[M],(G-1.g)[M],g2[L],f2[L],(#D-1.#d.g1)[L],d2[KP],(#D-1.#d.c2)[L],(F-1.f)[KLP],a1[L],(#F-1.#f.#f1)[L],a1[KP],a1[NP],#a1[MOP],(G-1.g)[L],a1[M],(G-1.g)[M],g1[L],f1[L],(#D-1.#d.g1)[L],d2[KP],(#D-1.#d.c2)[L],(F-1.f)[KLP],(F-1.f.a1)[L],(D-1.d.f2)[L],d2[KP],f2[NP],g2[MOP],(G-1.g)[LMP],(G-1.g)[KMP],(g.#a3)[M],(d.G-1.g3)[M],(d.G-1.f3)[M],d3[M],(d.G-1.g3)[M],f3[M],d3[M],c3[M],(d.G-1.f3)[M],#a2[M],a2[M],g2[M],#a2[M],a2[M],g2[M],f2[M],#a3[M],(F-1.g3)[M],(G-1.f3)[M],(D-1.d3)[M],(F-1.g3)[M],(G-1.f3)[M],(F-1.d3)[M],(G-1.c3)[M],(d.f3)[M],(g.#a2)[M],(g.a2)[M],(d.g2)[M],(F-1.#a2)[M],(G-1.a2)[M],(#a.g2)[M],(f.f2)[M],(G-1.#a3)[M],(F-1.g3)[M],(D-1.f3)[M],(D-1.d3)[M],(F-1.g3)[M],(G-1.f3)[M],(F-1.d3)[M],(G-1.c3)[M],(d.f3)[M],(g.#a2)[M],(D-1.a2)[M],(D-1.g2)[M],(F-1.#a2)[M],(G-1.a2)[M],(#A-1.g2)[M],(f.f2)[M],(G-1.#a3)[M],(F-1.g3)[M],(A-1.f3)[M],(d.d3)[M],(f.g3)[M],(g.f3)[M],(f.d3)[M],(c.c3)[M],(G-1.f3)[M],(g.#a2)[M],(d.a2)[M],(d.g2)[M],(f.#a2)[M],(g.a2)[M],(#a.g2)[M],(f.f2)[M],(g.#a3)[M],(f.g3)[M],(f.f3)[M],(d.d3)[M],(f.g3)[M],(g.f3)[M],(#a.d3)[M],(G-1.c3)[M],(d.f3)[M],(g.#a2)[M],(c.a2)[M],(d.g2)[M],(f.#a2)[M],(G-1.a2)[M],(#a.g2)[M],(f.f2)[M],(g.#a3)[M],(f.g3)[M],f3[M],(d.d3)[M],(f.g3)[M],(g.f3)[M],(f.d3)[M],(G-1.c3)[M],(g.f3)[M],(g.#a2)[M],(D-1.a2)[M],(d.g2)[M],(f.#a2)[M],(g.a2)[M],(#a.g2)[M],(f.f2)[M],(G-1.g1)[M],(d.g1)[M],(g.#g1)[M],(c.#g1)[M],(d.a1)[M],(f.a1)[M],(G-1.#a1)[M],(#a.#a1)[M],(f.b1)[M],(g.b1)[M],(f.c2)[M],c2[M],(d.#c2)[M],(f.#c2)[M],(g.d2)[M],(f.d2)[M],(G-1.#d2)[M],(g.#d2)[M],(g.e2)[M],(D-1.e2)[M],(d.f2)[M],(f.f2)[M],(g.#f2)[M],(#a.#f2)[M],(f.g2)[M],g2[M],#g2[M],#g2[M],a2[M],a2[M],#a2[M],#a2[M],(#D-1.#d.g1)[L],d2[KP],(#D-1.#d.c2)[L],(F-1.f)[KLP],(F-1.f.a1)[L],(#F-1.#f.#f1)[L],a1[KP],(#F-1.#f.a1)[NP],#a1[MOP],(G-1.g)[L],a1[M],(G-1.g)[M],g1[M],g[M],(G-1.f1)[L],(#D-1.#d.g1)[L],d2[KP],(#D-1.#d.c2)[L],(F-1.f)[KLP],(F-1.f.a1)[L],(D-1.d.f2)[L],d2[KP],(D-1.d.d2)[NP],f2[N],g2[NO],(g.G-1.#a)[L],a2[M],(g.G-1.#a)[M],g2[M],a[M],(g.G-1.#a.f2)[L],(#D-1.#d.g1)[L],d2[KP],(#D-1.#d.c2)[L],(F-1.f)[KLP],(F-1.f.a1)[L],(#F-1.#f.#f1)[L],a1[KP],(#F-1.#f.a1)[NP],#a1[MOP],(G-1.g)[L],a1[M],(G-1.g)[M],g1[M],g[M],(G-1.f1)[L],(#D-1.#d.g1)[L],d2[KP],(#D-1.#d.c2)[L],(F-1.f)[KLP],(F-1.f.a1)[L],(D-1.d.f2)[L],d2[KP],(D-1.d.f2)[NP],g2[MOP],(G-1.g)[KP],(G-1.g.#a2)[N],a2[NP],g2[N],f2[NP],d2[N],c2[N],#a1[NP],(#D-1.#d.g1)[L],d2[KP],(#D-1.#d.c2)[L],(F-1.f)[KLP],(F-1.f.a1)[L],(#F-1.#f.#f1)[L],a1[KP],(#F-1.#f.a1)[NP],#a1[MOP],(G-1.g)[L],a1[M],(G-1.g)[M],g1[M],g[M],(G-1.f1)[L],(#D-1.#d.g1)[L],d2[KP],(#D-1.#d.c2)[L],(F-1.f)[KLP],(F-1.f.a1)[L],(D-1.d.f2)[L],d2[KP],(D-1.d.d2)[NP],f2[N],g2[NO],(g.G-1.#a)[L],a2[M],(g.G-1.#a)[M],g2[M],a[M],(g.G-1.#a.f2)[L],(#D-1.#d.g1)[L],d2[KP],(#D-1.#d.c2)[L],(F-1.f)[KLP],(F-1.f.a1)[L],(#F-1.#f.#f1)[L],a1[KP],(#F-1.#f.a1)[NP],#a1[MOP],(G-1.g)[L],a1[M],(G-1.g)[M],g1[M],g[M],(G-1.f1)[L],(#D-1.#d.g1)[L],d2[KP],(#D-1.#d.c2)[L],(F-1.f)[KP],f[L],(F-1.a1)[L],(D-1.d.f2)[L],d2[KP],f2[N],g2[MN],(G-1.#a.g)[LMP],(g.#a)[M],#a2[OP],a2[P],#g2[OP],g2[P],a[P],#f2[P],f2[OP],e2[OP],(#d2.g.#a)[OP],d2[P],#c2[OP],c2[P],b1[OP],#a1[NP],(#d.g2.d2.#a1.g1)[L],(#a.d3.d2.#a1.g1)[L],(#d1.d2.#a1.g1)[L],(g1.c3.d2.#a1)[L],(f.f2.c2.a1.f1)[L],(c1.f2.c2.a1.f1)[L],(f1.f2.c2.a1)[L],(a1.a2.f2.c2.f1)[L],(#f.#f2.c2.a1.#f1)[L],(d1.a2.c2.a1.#f1)[L],(#f1.c2.a1)[L],(a1.a2.c2.#f1)[NP],#a2[MOP],(g.d2.#a1.g1)[L],(d1.a2.d2.#a1.g1)[L],(g1.g2.d2.#a1)[L],(#a1.f2.d2.g1)[L],(#d.g2.d2.#a1.g1)[L],(#a.d3.g2.d2.#a1.g1)[L],(#d1.g2.d2.#a1.g1)[L],(g1.c3.g2.d2.#a1)[L],(f.f2.c2.a1.f1)[L],(c1.f2.c2.a1.f1)[L],(f1.f2.c2.a1)[L],(a1.a2.f2.c2.f1)[L],(d.f3.c2.a1.#f1)[L],(d1.d3.c2.a1.#f1)[L],(#f1.c2.a1)[L],(a1.f3.c2.#f1)[NP],g3[MOP],(g.d2.#a1.g1)[L],(d1.a3.d2.#a1.g1)[L],(g1.g3.d2.#a1)[L],(#a1.f3.d2.g1)[L],(#d.g2.d2.#a1.g1)[L],(#a.d3.g2.d2.#a1.g1)[L],(#d1.g2.d2.#a1.g1)[L],(g1.c3.g2.d2.#a1)[L],(f.f2.c2.a1.f1)[L],(c1.f2.c2.a1.f1)[L],(f1.f2.c2.a1)[L],(a1.a2.f2.c2.f1)[L],(#f.#f2.c2.a1.#f1)[L],(d1.a2.c2.a1.#f1)[L],(#f1.c2.a1)[L],(a1.#a2.c2.#f1)[L],(g.d2.#a1.g1)[L],(d1.a2.d2.#a1.g1)[L],(g1.g2.d2.#a1)[L],(#a1.f2.d2.g1)[L],(#d.g2.d2.#a1.g1)[L],(#a.d3.g2.d2.#a1.g1)[L],(#d1.g2.d2.#a1.g1)[L],(g1.c3.g2.d2.#a1)[L],(f.f2.c2.a1.f1)[L],(c1.f2.c2.a1.f1)[L],(f1.f2.c2.a1)[L],(a1.a2.f2.c2.f1)[L],(d.f3.c2.a1.#f1)[L],(d1.d3.c2.a1.#f1)[L],(#f1.c2.a1)[L],(a1.f3.c2.#f1)[NP],g3[MOP],(g.d2.#a1.g1)[L],(d1.d2.#a1.g1)[L],(g1.d2.#a1)[L],(#a1.d2.g1)[L],(G-1.g.g1.d1.#a)[L],g1[KP],"],"id":1},{"bpm":135,"baseBeats":0.5,"scores":["U,U,U,U,U,U,U,U,U,U,U,U,U,U,TY,U,U,U,U,U,TY,U,U,U,U,U,U,U,TY,U,U,U,U,U,U,U,U,U,U,U,U,U,U,TY,U,U,U,U,U,TY,U,U,U,U,U,U,U,TY,U,U,U,U,U,U,U,U,U,U,U,U,U,U,TY,U,U,U,U,U,TY,U,U,U,U,U,U,U,TY,U,U,U,U,U,U,U,U,U,U,U,U,U,U,TY,U,U,U,U,U,TY,U,U,U,U,U,U,U,TY,U,U,U,U,U,U,U,U,U,U,U,U,U,U,TY,U,U,U,U,U,5<U>,5<U>,5<U>,5<U>,5<U>,5<U>,U,UVWY,TY,U,U,U,U,U,U,U,U,U,U,U,U,U,U,TY,U,U,U,U,U,5<U>,5<U>,5<U>,5<U>,5<U>,5<U>,U,U,U,U,U,U,U,U,U,U,U,U,U,U,U,U,U,U,U,U,U,U,U,U,U,U,U,U,U,U,U,U,U,U,U,U,U,U,U,U,U,U,U,U,U,U,U,U,U,U,U,U,U,U,U,U,U,U,U,U,U,U,U,U,U,UVWY,TY,U,TUY,U,U,TY,U,U,5<U>,U,U,U,TY,U,TUY,U,U,TY,U,U,5<U>,U,U,U,TY,U,TUY,U,U,TY,","g1[L],(G-1.g.g1.d1.#a)[L],g1[L],(F-1.f.g1.f1.c1.a)[M],d1[L],g[M],(G-1.g.#a1.g1.d1.#a)[L],(g1.#a1.d1)[L],(G-1.g.g1.d1.#a)[L],(G-1.g.g2.d1.#a)[L],(G-1.g.g1.d1.#a)[L],(G-1.g.g1.d1.#a)[L],(F-1.f.g1.a1.f1.c1)[M],d1[L],g[M],(G-1.g.g1.d1.#a)[L],g1[KP],g1[L],(G-1.g.g1.d1.#a)[L],g1[L],(F-1.f.g1.f1.c1.a)[M],d1[L],g[M],(#A-1.#a.d2.#a1.f1.d1)[KP],d2[L],g2[L],(F-1.f.#a1.f1.c1.a)[NP],c2[MOP],c2[L],(F-1.f.#a1.f1.c1.a)[M],a1[L],f1[M],(G-1.g.g1.d1.#a)[L],g1[KP],g1[L],(G-1.g.g1.d1.#a)[L],g1[L],(F-1.f.g1.f1.c1.a)[M],d1[L],g[M],(G-1.g.#a1.g1.d1.#a)[L],(g1.#a1.d1)[L],(G-1.g.g1.d1.#a)[L],(G-1.g.g2.d1.#a)[L],(G-1.g.g1.d1.#a)[L],(G-1.g.g1.d1.#a)[L],(F-1.f.g1.a1.f1.c1)[M],d1[L],g[M],(G-1.g.g1.d1.#a)[L],g1[KP],g1[L],(G-1.g.g1.d1.#a)[L],g1[L],(F-1.f.g1.f1.c1.a)[M],d1[L],g[M],(#A-1.#a.d2.#a1.f1.d1)[KP],d2[L],g2[L],(F-1.f.#a1.f1.c1.a)[NP],c2[MOP],c2[L],(F-1.f.#a1.f1.c1.a)[M],a1[L],f1[M],(G-1.g.g1.d1.#a)[L],(#a1.g1)[KP],(#a1.g1)[L],(G-1.g.#a1.g1.d1.#a)[L],(#a1.g1)[L],(F-1.f.#a1.g1.f1.c1.a)[M],(g1.d1)[L],(d1.g)[M],(G-1.g.#a1.g1.d1.#a)[L],(#a1.g1.d1)[L],(G-1.g.#a1.g1.d1.#a)[L],(G-1.g.#a2.g2.d1.#a)[L],(G-1.g.#a1.g1.d1.#a)[L],(G-1.g.#a1.g1.d1.#a)[L],(F-1.f.#a1.g1.a1.f1.c1)[M],(g1.d1)[L],(d1.g)[M],(G-1.g.g1.d1.#a)[L],(#a1.g1)[KP],(#a1.g1)[L],(G-1.g.#a1.g1.d1.#a)[L],(#a1.g1)[L],(F-1.f.#a1.g1.f1.c1.a)[M],(g1.d1)[L],(d1.g)[M],(#A-1.#a.d2.#a1.f1.d1)[KP],d2[L],g2[L],(F-1.f.#a1.f1.c1.a)[NP],(f2.c2)[MOP],(f2.c2)[L],(F-1.f.d2.#a1.f1.c1.a)[M],(c2.a1)[L],d2[M],(G-1.g.g1.d1.#a)[L],(#a1.g1)[KP],(#a1.g1)[L],(G-1.g.#a1.g1.d1.#a)[L],(#a1.g1)[L],(F-1.f.#a1.g1.f1.c1.a)[M],(g1.d1)[L],(d1.g)[M],(G-1.g.#a1.g1.d1.#a)[L],(#a1.g1.d1)[L],(G-1.g.#a1.g1.d1.#a)[L],(G-1.g.#a2.g2.d1.#a)[L],(G-1.g.#a1.g1.d1.#a)[L],(G-1.g.#a1.g1.d1.#a)[L],(F-1.f.#a1.g1.a1.f1.c1)[M],(g1.d1)[L],(d1.g)[M],(G-1.g.g1.d1.#a)[L],(#a1.g1)[KP],(#a1.g1)[L],(G-1.g.#a1.g1.d1.#a)[L],(#a1.g1)[L],(F-1.f.#a1.g1.f1.c1.a)[M],(g1.d1)[L],(d1.g)[M],(#A-1.#a.d2.#a1.f1.d1)[KP],d2[L],g2[L],(F-1.f.#a1.f1.c1.a)[NP],(f2.c2)[MOP],(f2.c2)[L],(F-1.f.d2.#a1.f1.c1.a)[M],(c2.a1)[L],d2[M],(G-1.g.g1.d1.#a)[L],g1[KP],g1[MN],g2[N],(G-1.g.g1.d1.#a)[L],g1[L],(F-1.f.#a1.f1.c1.a)[L],f1[L],(G-1.g.#a1.g1.d1.#a)[L],(g1.#a1.d1)[L],(G-1.g.d1.#a)[L],(G-1.g.g1.d1.#a)[MN],g2[N],(G-1.g.d1.#a)[L],(G-1.g.g1.d1.#a)[L],(F-1.f.#a1.a1.f1.c1)[L],f1[L],(G-1.g.g1.d1.#a)[L],g1[KP],g1[MN],g2[N],(G-1.g.g1.d1.#a)[L],g1[L],(F-1.f.#a1.f1.c1.a)[L],f1[L],(#A-1.#a.g1.#a1.f1.d1)[N],#g1[NP],a1[N],#a1[NP],b1[N],c2[NP],#c2[N],d2[NP],#d2[NP],e2[N],f2[N],#f2[NP],g2[N],#g2[N],(F-1.f.f1.c1.a)[P],a2[N],#a2[NP],b2[N],c3[NP],#c3[N],d3[NP],#d3[OP],(F-1.f.f1.c1.a)[OP],e3[N],f3[N],#f3[NP],g3[L],(G-1.g.g1.d1.#a)[L],g1[KP],g1[MN],g2[N],(G-1.g.g1.d1.#a)[L],g1[L],(F-1.f.#a1.f1.c1.a)[L],f1[L],(G-1.g.#a1.g1.d1.#a)[L],(g1.#a1.d1)[L],(G-1.g.d1.#a)[L],(G-1.g.g1.d1.#a)[MN],g2[N],(G-1.g.d1.#a)[L],(G-1.g.g1.d1.#a)[L],(F-1.f.#a1.a1.f1.c1)[L],f1[L],(G-1.g.g1.d1.#a)[L],g1[KP],g1[MN],g2[N],(G-1.g.g1.d1.#a)[L],g1[L],(F-1.f.#a1.f1.c1.a)[L],f1[L],(#A-1.#a.g1.#a1.f1.d1)[N],#g1[NP],a1[N],#a1[NP],b1[N],c2[NP],#c2[N],d2[NP],#d2[NP],e2[N],f2[N],#f2[NP],g2[N],#g2[N],(F-1.f.f1.c1.a)[P],a2[N],#a2[NP],b2[N],c3[NP],#c3[N],d3[NP],#d3[OP],(F-1.f.f1.c1.a)[OP],e3[N],f3[N],#f3[NP],g3[L],#d[L],(#a.d3)[L],#d1[L],(g1.c3)[L],f[L],c1[L],f1[L],(a1.a2)[L],(#f.#f2)[L],(d1.a2)[L],#f1[L],(a1.a2)[NP],#a2[MOP],g[L],(d1.a2)[L],(g1.g2)[L],(#a1.f2)[L],(#d.g2)[L],(#a.d3)[L],#d1[L],(g1.c3)[L],f[L],c1[L],f1[L],(a1.a2)[L],(d.f3)[L],(d1.d3)[L],#f1[L],(a1.f3)[NP],g3[MOP],g[L],(d1.a3)[L],(g1.g3)[L],(#a1.f3)[L],(#d.g2)[L],(#a.d3)[L],#d1[L],(g1.c3)[L],f[L],c1[L],f1[L],(a1.a2)[L],(#f.#f2)[L],(d1.a2)[L],#f1[L],(a1.a2)[NP],#a2[MOP],g[L],(d1.a2)[L],(g1.g2)[L],(#a1.f2)[L],(#d.g2)[L],(#a.d3)[L],#d1[L],(g1.c3)[L],f[L],c1[L],f1[L],(a1.a2)[L],(d.f3)[L],(d1.d3)[L],#f1[L],(a1.f3)[NP],g3[MOP],g[L],d1[L],g1[L],#a1[L],(#D-1.#d.g1)[L],d2[KP],(#D-1.#d.c2)[L],(F-1.f)[KLP],a1[L],(#F-1.#f.#f1)[L],a1[KP],a1[NP],#a1[MOP],(G-1.g)[L],a1[M],(G-1.g)[M],g1[L],f1[L],(#D-1.#d.g1)[L],d2[KP],(#D-1.#d.c2)[L],(F-1.f)[KLP],a1[L],(D-1.d.f2)[L],d2[KP],f2[NP],g2[MOP],(G-1.g)[L],a2[M],(G-1.g)[M],g2[L],f2[L],(#D-1.#d.g1)[L],d2[KP],(#D-1.#d.c2)[L],(F-1.f)[KLP],a1[L],(#F-1.#f.#f1)[L],a1[KP],"],"id":2},{"bpm":135,"baseBeats":0.5,"scores":["U,U,5<U>,U,U,U,TY,U,TUY,U,U,TY,U,UVY,TVY,5<U>,5<U>,5<U>,5<U>,5<U>,5<U>,5<U>,5<U>,5<U>,5<U>,5<U>,5<U>,5<U>,5<U>,5<U>,5<U>,5<U>,5<U>,5<U>,5<U>,5<U>,5<U>,5<U>,5<U>,5<U>,5<U>,5<U>,5<U>,5<U>,5<U>,5<U>,5<U>,5<U>,5<U>,5<U>,5<U>,5<U>,5<U>,5<U>,5<U>,5<U>,5<U>,5<U>,5<U>,5<U>,5<U>,5<U>,5<U>,5<U>,5<U>,5<U>,5<U>,5<U>,5<U>,5<U>,5<U>,5<U>,5<U>,5<U>,5<U>,5<U>,5<U>,5<U>,5<U>,U,TY,U,TUY,U,U,TY,U,U,5<U>,5<U>,U,U,TY,U,TUY,U,U,TY,UVWXY,5<U>,5<U>,U,U,TY,U,TUY,U,U,TY,U,U,5<U>,5<U>,U,U,TY,U,TUY,U,U,TY,U,TY,TY,U,TY,U,TUY,U,U,TY,U,U,5<U>,5<U>,U,U,TY,U,TUY,U,U,TY,UVWXY,5<U>,5<U>,U,U,TY,U,TUY,U,U,TY,U,U,5<U>,5<U>,U,U,TY,U,TY,U,U,U,TY,U,UVY,5<U>,5<U>,UV,TY,U,U,U,U,U,U,U,U,U,U,U,U,U,U,TY,U,U,U,U,U,TY,U,U,U,U,U,U,U,TY,U,U,U,U,U,U,U,U,U,U,U,U,U,U,TY,U,U,U,U,U,TY,U,U,U,U,UV,UVY,TY,U,U,U,UV,UVY,U,U,U,U,U,UV,UVY,TY,U,U,U,U,U,TY,U,U,U,U,UV,UVY,TY,U,U,U,UV,UVY,U,U,U,U,U,UV,UVY,TY,U,U,U,U,U,TY,U,U,U,U,U,U,U,U,U,U,U,U,U,U,U,U,U,U,U,U,U,U,Q,","a1[NP],#a1[MOP],(G-1.g)[L],a1[M],(G-1.g)[M],g1[L],f1[L],(#D-1.#d.g1)[L],d2[KP],(#D-1.#d.c2)[L],(F-1.f)[KLP],(F-1.f.a1)[L],(D-1.d.f2)[L],d2[KP],f2[NP],g2[MOP],(G-1.g)[LMP],(G-1.g)[KMP],(d.G-1.g.#a3)[M],g3[M],f3[M],d3[M],g3[M],f3[M],d3[M],c3[M],f3[M],#a2[M],a2[M],g2[M],#a2[M],a2[M],g2[M],f2[M],#a3[M],(F-1.g3)[M],(G-1.f3)[M],(D-1.d3)[M],(F-1.g3)[M],(G-1.f3)[M],(F-1.d3)[M],(G-1.c3)[M],(d.f3)[M],(g.#a2)[M],(g.a2)[M],(d.g2)[M],(F-1.#a2)[M],(G-1.a2)[M],(#a.g2)[M],(f.f2)[M],(G-1.#a3)[M],(F-1.g3)[M],(D-1.f3)[M],(D-1.d3)[M],(F-1.g3)[M],(G-1.f3)[M],(F-1.d3)[M],(G-1.c3)[M],(d.f3)[M],(g.#a2)[M],(D-1.a2)[M],(D-1.g2)[M],(F-1.#a2)[M],(G-1.a2)[M],(#A-1.g2)[M],(f.f2)[M],(G-1.#a3)[M],(F-1.g3)[M],(A-1.f3)[M],(d.d3)[M],(f.g3)[M],(g.f3)[M],(f.d3)[M],(c.c3)[M],(G-1.f3)[M],(g.#a2)[M],(d.a2)[M],(d.g2)[M],(f.#a2)[M],(g.a2)[M],(#a.g2)[M],(f.f2)[M],(g.#a3)[M],(f.g3)[M],(f.f3)[M],(d.d3)[M],(f.g3)[M],(g.f3)[M],(#a.d3)[M],(G-1.c3)[M],(d.f3)[M],(g.#a2)[M],(c.a2)[M],(d.g2)[M],(f.#a2)[M],(G-1.a2)[M],(#a.g2)[M],(f.f2)[M],(g.#a3)[M],(f.g3)[M],f3[M],(d.d3)[M],(f.g3)[M],(g.f3)[M],(f.d3)[M],(G-1.c3)[M],(g.f3)[M],(g.#a2)[M],(D-1.a2)[M],(d.g2)[M],(f.#a2)[M],(g.a2)[M],(#a.g2)[M],(f.f2)[M],(G-1.g1)[M],(d.g1)[M],(g.#g1)[M],(c.#g1)[M],(d.a1)[M],(f.a1)[M],(G-1.#a1)[M],(#a.#a1)[M],(f.b1)[M],(g.b1)[M],(f.c2)[M],c2[M],(d.#c2)[M],(f.#c2)[M],(g.d2)[M],(f.d2)[M],(G-1.#d2)[M],(g.#d2)[M],(g.e2)[M],(D-1.e2)[M],(d.f2)[M],(f.f2)[M],(g.#f2)[M],(#a.#f2)[M],(f.g2)[M],g2[M],#g2[M],#g2[M],a2[M],a2[M],#a2[M],#a2[M],(#D-1.#d.g1)[L],d2[KP],(#D-1.#d.c2)[L],(F-1.f)[KLP],(F-1.f.a1)[L],(#F-1.#f.#f1)[L],a1[KP],(#F-1.#f.a1)[NP],#a1[MOP],(G-1.g)[L],a1[M],(G-1.g)[M],g1[M],G-1[M],(G-1.g.f1)[L],(#D-1.#d.g1)[L],d2[KP],(#D-1.#d.c2)[L],(F-1.f)[KLP],(F-1.f.a1)[L],(D-1.d.f2)[L],d2[KP],(D-1.d.d2)[NP],f2[N],g2[NO],(g.G-1.#a)[L],a2[M],(g.G-1.#a)[M],g2[M],a[M],(g.G-1.#a.f2)[L],(#D-1.#d.g1)[L],d2[KP],(#D-1.#d.c2)[L],(F-1.f)[KLP],(F-1.f.a1)[L],(#F-1.#f.#f1)[L],a1[KP],(#F-1.#f.a1)[NP],#a1[MOP],(G-1.g)[L],a1[M],(G-1.g)[M],g1[M],G-1[M],(G-1.g.f1)[L],(#D-1.#d.g1)[L],d2[KP],(#D-1.#d.c2)[L],(F-1.f)[KLP],(F-1.f.a1)[L],(D-1.d.f2)[L],d2[KP],(D-1.d.f2)[NP],g2[MOP],(G-1.g)[KP],(G-1.g)[KP],(#D-1.#d.g1)[L],d2[KP],(#D-1.#d.c2)[L],(F-1.f)[KLP],(F-1.f.a1)[L],(#F-1.#f.#f1)[L],a1[KP],(#F-1.#f.a1)[NP],#a1[MOP],(G-1.g)[L],a1[M],(G-1.g)[M],g1[M],G-1[M],(G-1.g.f1)[L],(#D-1.#d.g1)[L],d2[KP],(#D-1.#d.c2)[L],(F-1.f)[KLP],(F-1.f.a1)[L],(D-1.d.f2)[L],d2[KP],(D-1.d.d2)[NP],f2[N],g2[NO],(g.G-1.#a)[L],a2[M],(g.G-1.#a)[M],g2[M],a[M],(g.G-1.#a.f2)[L],(#D-1.#d.g1)[L],d2[KP],(#D-1.#d.c2)[L],(F-1.f)[KLP],(F-1.f.a1)[L],(#F-1.#f.#f1)[L],a1[KP],(#F-1.#f.a1)[NP],#a1[MOP],(G-1.g)[L],a1[M],(G-1.g)[M],g1[M],G-1[M],(G-1.g.f1)[L],(#D-1.#d.g1)[L],d2[KP],(#D-1.#d.c2)[L],(F-1.f)[KP],f[L],(F-1.a1)[L],(D-1.d.f2)[L],d2[KP],f2[N],g2[MN],(G-1.#a.g)[LMP],(g.#a)[M],#a1[OP],a1[P],#g1[OP],g1[P],a[P],#f1[P],f1[OP],e1[OP],(#d1.g.#a)[OP],d1[P],#c1[OP],c1[P],b[OP],#a[NP],(G-1.g.g1.d1.#a)[L],g1[KP],g1[L],(G-1.g.g1.d1.#a)[L],g1[L],(F-1.f.g1.f1.c1.a)[M],d1[L],g[M],(G-1.g.#a1.g1.d1.#a)[L],(g1.#a1.d1)[L],(G-1.g.g1.d1.#a)[L],(G-1.g.g2.d1.#a)[L],(G-1.g.g1.d1.#a)[MOP],g1[NP],(G-1.g.g1.d1.#a)[L],(F-1.f.g1.a1.f1.c1)[M],d1[L],g[M],(G-1.g.g1.d1.#a)[L],g1[KP],g1[L],(G-1.g.g1.d1.#a)[L],g1[L],(F-1.f.g1.f1.c1.a)[M],d1[L],g[M],(#A-1.#a.d2.#a1.f1.d1)[KP],d2[L],g2[L],(F-1.f.#a1.f1.c1.a)[NP],c2[MOP],c2[L],(F-1.f.#a1.f1.c1.a)[M],a1[L],f1[M],(G-1.g.g1.d1.#a)[L],g1[KP],g1[L],(G-1.g.g1.d1.#a)[L],g1[L],(F-1.f.g1.f1.c1.a)[M],d1[L],g[M],(G-1.g.#a1.g1.d1.#a)[L],(g1.#a1.d1)[L],(G-1.g.g1.d1.#a)[L],(G-1.g.g2.d1.#a)[L],(G-1.g.g1.d1.#a)[MOP],g1[NP],(G-1.g.g1.d1.#a)[L],(F-1.f.g1.a1.f1.c1)[M],d1[L],g[M],(G-1.g.g1.d1.#a)[L],g1[KP],g1[L],(G-1.g.g1.d1.#a)[L],g1[L],(F-1.f.g1.f1.c1.a)[M],d1[L],g[M],(#A-1.#a.d2.#a1.f1.d1)[KP],d2[L],g2[L],(F-1.f.#a1.f1.c1.a)[NP],c2[MOP],c2[L],(F-1.f.#a1.f1.c1.a)[M],a1[L],f1[LMP],g1[KP],g1[L],g1[L],g1[L],g1[M],d1[L],g[LMP],g1[L],g1[L],g2[L],g1[MOP],g1[NP],g1[L],g1[M],d1[L],g[LMP],g1[KP],g1[L],g1[L],g1[L],g1[M],d1[L],g[M],d2[KP],d2[L],g2[L],#a1[NP],(f2.c2)[MOP],c2[L],#a1[M],a1[L],f1[LMP],(#a1.g1)[KP],(#a1.g1)[L],(#a1.g1)[L],(#a1.g1)[L],(#a1.g1)[M],(g1.d1)[L],(d1.g)[LMP],(#a1.g1)[L],(#a1.g1)[L],(#a2.g2)[L],(#a1.g1)[L],(#a1.g1)[L],(#a1.g1)[M],(g1.d1)[L],(d1.g)[LMP],(#a1.g1)[KP],(#a1.g1)[L],(#a1.g1)[L],(#a1.g1)[L],(#a1.g1)[M],(g1.d1)[L],(d1.g)[M],d2[KP],d2[L],g2[L],#a1[NP],(f2.c2)[MOP],(f2.c2)[L],(d2.#a1)[M],(c2.a1)[L],(d2.f1)[M],(g2.g1)[L],(#a1.g1.g)[L],(#a1.g1.g)[L],(#a1.g1.g)[L],(#a1.g1.g)[L],(#a1.g1.g)[L],(#a1.g1.g)[L],(#a1.g1.g)[L],(#a1.g1.g)[L],(#a1.g1.g)[L],(#a1.g1.g)[L],(#a1.g1.g)[L],(#a1.g1.g)[L],(#a1.g1.g)[L],(#a1.g1.g)[L],(#a1.g1.g)[L],Q,"],"id":3}],"audition":{"start":[0,0],"end":[1,0]}}