{"baseBpm":86,"musics":[{"bpm":86,"baseBeats":0.125,"scores":["mute[N],mute[N],mute[N],mute[N],mute[N],mute[N],mute[N],mute[N],mute[N],mute[N],mute[N],mute[N],mute[N],mute[N],mute[N],mute[N],mute[N],mute[N],mute[N],mute[N],mute[N],mute[N],mute[N],mute[N],mute[N],mute[N],mute[N],mute[N],mute[N],mute[N],mute[N],mute[N],mute[N],mute[N],mute[N],mute[N],mute[N],mute[N],mute[N],mute[N],mute[N],mute[N],mute[N],mute[N],mute[N],mute[N],mute[N],mute[N],mute[N],mute[N],mute[N],mute[N],mute[N],mute[N],mute[N],mute[N],mute[N],mute[N],mute[N],mute[N],mute[N],mute[N],mute[N],mute[N],mute[N],mute[N],mute[N],mute[N],mute[N],mute[N],mute[N],mute[N],mute[N],mute[N],mute[N],mute[N],mute[N],mute[N],mute[N],mute[N],mute[N],mute[N],mute[N],mute[N],mute[N],mute[N],mute[N],mute[N],mute[N],mute[N],mute[N],mute[N],mute[N],mute[N],mute[N],mute[N],mute[N],mute[N],mute[N],mute[N],mute[N],mute[N],mute[N],mute[N],mute[N],mute[N],mute[N],mute[N],mute[N],mute[N],mute[N],mute[N],mute[N],mute[N],mute[N],mute[N],mute[N],mute[N],mute[N],mute[N],mute[N],mute[N],mute[N],mute[N],mute[N],mute[N],mute[N],mute[N],mute[N],mute[N],mute[N],mute[N],mute[N],mute[N],mute[N],mute[N],mute[N],mute[N],mute[N],mute[N],mute[N],mute[N],mute[N],mute[N],mute[N],mute[N],mute[N],mute[N],mute[N],mute[N],mute[N],mute[N],mute[N],mute[N],mute[N],mute[N],mute[N],mute[N],mute[N],mute[N],mute[N],mute[N],mute[N],mute[N],mute[N],mute[N],mute[N],mute[N],mute[N],mute[N],mute[N],mute[N],mute[N],mute[N],mute[N],mute[N],mute[N],mute[N],mute[N],mute[N],mute[N],mute[N],mute[N],mute[N],mute[N],mute[N],mute[N],mute[N],mute[N],mute[N],mute[N],mute[N],mute[N],mute[N],mute[N],mute[N],mute[N],mute[N],mute[N],mute[N],mute[N],mute[N],mute[N],mute[N],mute[N],mute[N],mute[N],mute[N],mute[N],mute[N],mute[N],mute[N],mute[N],mute[N],mute[N],mute[N],mute[N],mute[N],mute[N],mute[N],mute[N],mute[N],mute[N],mute[N],mute[N],mute[N],mute[N],mute[N],mute[N],mute[N],mute[N],mute[N],mute[N],mute[N],mute[N],mute[N],mute[N],mute[N],mute[N],mute[N],mute[N],mute[N],mute[N],mute[N],mute[N],mute[N],mute[N],mute[N],mute[N],mute[N],mute[N],mute[N],mute[N],mute[N],mute[N],mute[N],mute[N],mute[N],mute[N],mute[N],mute[N],mute[N],mute[N],mute[N],mute[N],mute[N],mute[N],mute[N],mute[N],mute[N],mute[N],mute[N],mute[N],mute[N],mute[N],mute[N],mute[N],mute[N],mute[N],mute[N],mute[N],mute[N],mute[N],mute[N],mute[N],mute[N],mute[N],mute[N],mute[N],mute[N],mute[N],mute[N],mute[N],mute[N],mute[N],mute[N],mute[N],mute[N],mute[N],mute[N],mute[N],mute[N],mute[N],mute[N],mute[N],mute[N],mute[N],mute[N],mute[N],mute[N],mute[N],mute[N],mute[N],mute[N],mute[N],mute[N],mute[N],mute[N],mute[N],mute[N],mute[N],mute[N],mute[N],mute[N],mute[N],mute[N],mute[N],mute[N],mute[N],mute[N],mute[N],mute[N],mute[N],mute[N],mute[N],mute[N],mute[N],mute[N],mute[N],mute[N],mute[N],mute[N],mute[N],mute[N],mute[N],mute[N],mute[N],mute[N],mute[N],mute[N],mute[N],mute[N],mute[N],mute[N],mute[N],mute[N],mute[N],mute[N],mute[N],mute[N],mute[N],mute[N],mute[N],mute[N],mute[N],mute[N],mute[N],mute[N],mute[N],mute[N],mute[N],mute[N],mute[N],mute[N],mute[N],mute[N],mute[N],mute[N],mute[N],mute[N],mute[N],mute[N],mute[N],mute[N],mute[N],mute[N],mute[N],mute[N],mute[N],mute[N],mute[N],mute[N],mute[N],mute[N],mute[N],mute[N],mute[N],mute[N],mute[N],mute[N],mute[N],mute[N],mute[N],mute[N],mute[N],mute[N],mute[N],mute[N],mute[N],mute[N],mute[N],mute[N],mute[N],mute[N],mute[N],mute[N],mute[N],mute[N],mute[N],mute[N],mute[N],mute[N],mute[N],mute[N],mute[N],mute[N],mute[N],mute[N],mute[N],mute[N],mute[N],mute[N],mute[N],mute[N],mute[N],mute[N],mute[N],mute[N],mute[N],mute[N],mute[N],mute[N],mute[N],mute[N],mute[N],mute[N],mute[N],mute[N],mute[N],mute[N],mute[N],mute[N],mute[N],mute[N],mute[N],mute[N],mute[N],mute[N],mute[N],mute[N],mute[N],mute[N],mute[N],mute[M],mute[N],mute[N],mute[N],mute[N],mute[N],mute[N],mute[N],mute[N],mute[N],mute[N],mute[N],mute[N],mute[N],mute[N],mute[N],mute[N],mute[N],mute[N],mute[N],mute[N],mute[N],mute[N],mute[N],mute[N],mute[N],mute[N],mute[N],mute[N],mute[N],mute[N],mute[N],mute[N],mute[N],mute[N],mute[N],mute[N],mute[N],mute[N],mute[N],mute[N],mute[N],mute[N],mute[N],mute[N],mute[N],mute[N],mute[N],mute[N],mute[N],mute[N],mute[N],mute[N],mute[N],mute[N],mute[N],mute[N],mute[N],mute[N],mute[N],mute[N],mute[N],mute[N],mute[N],mute[N],mute[N],mute[N],mute[N],mute[N],mute[N],mute[N],mute[N],mute[N],mute[N],mute[N],mute[N],mute[N],mute[N],mute[N],mute[N],mute[N],mute[N],mute[N],mute[N],mute[N],mute[N],mute[N],mute[N],mute[N],mute[N],mute[N],mute[N],mute[N],mute[N],mute[N],mute[N],mute[N],mute[N],mute[N],mute[N],mute[N],mute[N],mute[N],mute[N],mute[N],mute[N],mute[N],mute[N],mute[N],mute[N],mute[N],mute[N],mute[N],mute[N],mute[N],mute[N],mute[N],mute[N],mute[N],mute[N],mute[N],mute[N],mute[N],mute[N],mute[N],mute[N],mute[N],mute[N],mute[N],mute[N],mute[N],mute[N],mute[N],mute[N],mute[N],mute[N],mute[N],mute[N],mute[N],mute[N],mute[N],mute[N],mute[N],mute[N],mute[N],mute[N],mute[N],mute[N],mute[N],mute[N],mute[N],mute[N],mute[N],mute[N],mute[N],mute[N],mute[N],mute[N],mute[N],mute[N],mute[N],mute[N],mute[N],mute[N],mute[N],mute[N],mute[N],mute[N],mute[N],mute[N],mute[N],mute[N],mute[N],mute[N],mute[N],mute[N],mute[N],mute[N],mute[N],mute[N],mute[N],mute[N],mute[N],mute[N],mute[N],mute[N],mute[N],mute[N],mute[N],mute[N],mute[N],mute[N],mute[N],mute[N],mute[N],mute[N],mute[N],mute[N],mute[N],mute[N],mute[N],mute[N],mute[N],mute[N],mute[N],mute[N],mute[N],mute[N],mute[N],mute[N],mute[N],mute[N],mute[N],mute[N],mute[N],mute[N],mute[N],mute[N],mute[N],mute[N],mute[N],mute[N],mute[N],mute[N],mute[N],mute[N],mute[N],mute[N],mute[N],mute[N],mute[N],mute[N],mute[N],mute[N],mute[N],mute[N],mute[N],mute[N],mute[N],mute[N],mute[N],mute[N],mute[N],mute[N],mute[N],mute[N],mute[N],mute[N],mute[N],mute[N],mute[N],mute[N],mute[N],mute[N],mute[N],mute[N],mute[N],mute[N],mute[N],mute[N],mute[N],mute[N],mute[N],mute[N],mute[N],mute[N],mute[N],mute[N],mute[N],mute[N],mute[N],mute[N],mute[N],mute[N],mute[N],mute[N],mute[M],mute[N],mute[N],mute[N],mute[N],mute[N],mute[N],mute[N],mute[N],mute[N],mute[N],mute[N],mute[N],mute[N],mute[N],mute[N],mute[N],mute[N],mute[N],mute[N],mute[N],mute[N],mute[N],mute[N],mute[N],mute[N],mute[N],mute[N],mute[N],mute[N],mute[N],mute[N],mute[N],mute[N],mute[N],mute[N],mute[N],mute[N],mute[N],mute[N],mute[N],mute[N],mute[N],mute[N],mute[N],mute[N],mute[N],mute[N],mute[N],mute[N],mute[N],mute[N],mute[N],mute[N],mute[N],mute[N],mute[N],mute[N],mute[N],mute[N],mute[N],mute[N],mute[N],mute[N],mute[N],mute[N],mute[N],mute[N],mute[N],mute[N],mute[N],mute[N],mute[N],mute[N],mute[N],mute[N],mute[N],mute[N],mute[N],mute[N],mute[N],mute[N],mute[N],mute[N],mute[N],mute[N],mute[N],mute[N],mute[N],mute[N],mute[N],mute[N],mute[N],mute[N],mute[N],mute[N],mute[N],mute[N],mute[N],mute[N],mute[N],mute[N],mute[N],mute[N],mute[N],mute[N],mute[N],mute[N],mute[N],mute[N],mute[N],mute[N],mute[N],mute[N],mute[N],mute[N],mute[N],mute[N],mute[N],mute[N],mute[N],mute[N],mute[N],mute[N],mute[N],mute[N],mute[N],mute[N],mute[N],mute[N],mute[N],mute[N],mute[N],mute[N],mute[N],mute[N],mute[N],mute[N],mute[N],mute[N],mute[N],mute[N],mute[N],mute[N],mute[N],mute[N],mute[N],mute[N],mute[N],mute[N],mute[N],mute[N],mute[N],mute[N],mute[N],mute[N],mute[N],mute[N],mute[N],mute[N],mute[N],mute[N],mute[N],mute[N],mute[N],mute[N],mute[N],mute[N],mute[N],mute[N],mute[N],mute[N],mute[N],mute[N],mute[N],mute[N],mute[N],mute[N],mute[N],mute[N],mute[N],mute[N],mute[N],mute[N],mute[N],mute[N],mute[N],mute[N],mute[N],mute[N],mute[N],mute[N],mute[N],mute[N];","A-1[N],e1[N],e1[N],e1[N],e[N],e1[N],e1[N],e1[N],c1[N],e1[N],e1[N],e1[N],(e.e1)[N],e1[N],e1[N],b[N],d1[N],d1[N],d1[N],e[N],d1[N],d1[N],d1[N],A-1[N],c1[N],c1[N],c1[N],e[N],c1[N],c1[N],c1[N],a[N],c1[N],c1[N],c1[N],e[N],c1[N],c1[N],b[N],d1[N],d1[N],d1[N],e[N],d1[N],d1[N],d1[N],A-1[N],e1[N],e1[N],e1[N],e[N],e1[N],e1[N],e1[N],c1[N],e1[N],e1[N],e[N],e1[N],e1[N],e1[N],c1[N],e1[N],e1[N],e1[N],e[N],e1[N],e1[N],e1[N],A-1[N],e1[N],e1[N],e1[N],e[N],e1[N],e1[N],e1[N],c1[N],e1[N],e1[N],e[N],e1[N],e1[N],e1[N],d1[N],f1[N],f1[N],f1[N],g[N],f1[N],f1[N],f1[N],c[N],g1[N],g1[N],g1[N],g[N],g1[N],g1[N],g1[N],e1[N],g1[N],g1[N],g[N],g1[N],g1[N],g1[N],d1[N],f1[N],f1[N],f1[N],g[N],f1[N],f1[N],f1[N],c[N],e1[N],e1[N],e1[N],(g.e1)[N],e1[N],e1[N],c1[N],e1[N],e1[N],e1[N],g[N],e1[N],e1[N],e1[N],d1[N],f1[N],f1[N],f1[N],g[N],f1[N],f1[N],f1[N],(c.g1)[N],g1[N],g1[N],g[N],g1[N],g1[N],g1[N],e1[N],g1[N],g1[N],g1[N],g[N],g1[N],g1[N],g1[N],(e1.g1)[N],g1[N],g1[N],g[N],g1[N],g1[N],g1[N],c[N],g1[N],g1[N],g1[N],g[N],g1[N],g1[N],g1[N],e1[N],g1[N],g1[N],g1[N],g[N],g1[N],g1[N],e1[N],g1[N],g1[N],g1[N],g[N],g1[N],g1[N],g1[N],f[N],c2[N],c2[N],c2[N],c1[N],c2[N],c2[N],c2[N],a1[N],c2[N],c2[N],c2[N],c1[N],c2[N],c2[N],c2[N],g1[N],b1[N],b1[N],b1[N],c1[N],b1[N],b1[N],(f.b1)[N],a1[N],a1[N],a1[N],c1[N],a1[N],a1[N],a1[N],f1[N],a1[N],a1[N],a1[N],c1[N],a1[N],a1[N],a1[N],d1[N],b1[N],b1[N],(f1.b1)[N],b1[N],b1[N],b1[N],E-1[N],a1[N],a1[N],a1[N],b[N],a1[N],a1[N],(a1.b1)[N],e1[N],#g1[N],#g1[N],#g1[N],b[N],#g1[N],#g1[N],#g1[N],e1[N],#g1[N],#g1[N],#g1[N],b[N],#g1[N],#g1[N],#g1[N],E-1[N],#g1[N],#g1[N],#g1[N],d1[N],#g1[N],#g1[N],#g1[N],e1[N],#g1[N],#g1[N],#g1[N],d1[N],#g1[N],#g1[N],#g1[N],e1[N],#g1[N],#g1[N],#g1[N],d1[N],#g1[N],#g1[N],#g1[N],A-1[N],#a1[N],#a1[N],#a1[N],#c1[N],#a1[N],#a1[N],#a1[N],e1[N],#a1[N],#a1[N],#a1[N],#c1[N],#a1[N],#a1[N],#a1[N],e1[N],a1[N],a1[N],a1[N],#c1[N],a1[N],a1[N],a1[N],#c[N],g1[N],g1[N],g1[N],a[N],g1[N],g1[N],g1[N],e1[N],g1[N],g1[N],g1[N],a[N],g1[N],g1[N],f1[N],a1[N],a1[N],a1[N],a[N],a1[N],a1[N],a1[N],d[N],g1[N],g1[N],g1[N],e1[N],g1[N],(g1.a1)[N],g1[N],d1[N],f1[N],f1[N],a[N],f1[N],f1[N],f1[N],d1[N],f1[N],f1[N],f1[N],a[N],f1[N],f1[N],f1[N],d[N],f1[N],f1[N],f1[N],a[N],f1[N],f1[N],d1[N],f1[N],f1[N],f1[N],a[N],f1[N],f1[N],f1[N],d1[N],f1[N],f1[N],f1[N],a[N],f1[N],f1[N],f1[N],d[N],e1[N],e1[N],e1[N],a[N],e1[N],e1[N],e1[N],b[N],e1[N],e1[N],e1[N],a[N],e1[N],e1[N],e1[N],b[N],d1[N],d1[N],d1[N],a[N],d1[N],d1[N],d1[N],#F-1[N],c1[N],c1[N],#d[N],c1[N],c1[N],c1[N],a[N],c1[N],c1[N],c1[N],#d[N],c1[N],c1[N],c1[N],a[N],d1[N],d1[N],d1[N],#d[N],d1[N],d1[N],E-1[N],c1[N],c1[N],c1[N],e[N],c1[N],c1[N],(c1.d1)[N],#g[N],b[N],b[N],b[N],e[N],b[N],b[N],b[N],#g[N],b[N],b[N],b[N],e[N],b[N],b[N],b[N],E-1[N],b[N],b[N],b[N],e[N],b[N],b[N],b[N],#g[N],b[N],b[N],b[N],e[N],b[N],b[N],b[N],#g[N],b[N],b[N],b[N],e[N],b[N],b[N],b[M],A-1[N],e1[N],e1[N],e1[N],e[N],e1[N],e1[N],e1[N],(c1.e1)[N],e1[N],e1[N],e[N],e1[N],e1[N],e1[N],b[N],d1[N],d1[N],d1[N],e[N],d1[N],d1[N],d1[N],A-1[N],c1[N],c1[N],c1[N],(e.c1)[N],c1[N],c1[N],a[N],c1[N],c1[N],c1[N],e[N],c1[N],c1[N],c1[N],b[N],d1[N],d1[N],d1[N],e[N],d1[N],d1[N],d1[N],(A-1.e1)[N],e1[N],e1[N],e[N],e1[N],e1[N],e1[N],c1[N],e1[N],e1[N],e1[N],e[N],e1[N],e1[N],e1[N],c1[N],e1[N],e1[N],(e.e1)[N],e1[N],e1[N],e1[N],A-1[N],e1[N],e1[N],e1[N],e[N],e1[N],e1[N],e1[N],c1[N],e1[N],e1[N],e1[N],e[N],e1[N],e1[N],e1[N],d1[N],f1[N],f1[N],f1[N],g[N],f1[N],f1[N],f1[N],c[N],g1[N],g1[N],g1[N],g[N],g1[N],g1[N],g1[N],e1[N],g1[N],g1[N],g[N],g1[N],g1[N],g1[N],d1[N],f1[N],f1[N],f1[N],g[N],f1[N],f1[N],f1[N],c[N],e1[N],e1[N],e1[N],g[N],e1[N],e1[N],e1[N],c1[N],e1[N],e1[N],e1[N],g[N],e1[N],e1[N],e1[N],d1[N],f1[N],f1[N],f1[N],g[N],f1[N],f1[N],f1[N],c[N],g1[N],g1[N],g1[N],g[N],g1[N],g1[N],g1[N],e1[N],g1[N],g1[N],g1[N],g[N],g1[N],g1[N],(e1.g1)[N],g1[N],g1[N],g1[N],g[N],g1[N],g1[N],g1[N],c[N],g1[N],g1[N],g1[N],g[N],g1[N],g1[N],g1[N],e1[N],g1[N],g1[N],g1[N],g[N],g1[N],g1[N],g1[N],e1[N],g1[N],g1[N],g1[N],g[N],g1[N],g1[N],g1[N],f[N],c2[N],c2[N],c2[N],c1[N],c2[N],c2[N],c2[N],a1[N],c2[N],c2[N],c2[N],c1[N],c2[N],c2[N],c2[N],g1[N],b1[N],b1[N],b1[N],c1[N],b1[N],b1[N],f[N],a1[N],a1[N],a1[N],c1[N],a1[N],a1[N],a1[N],f1[N],a1[N],a1[N],a1[N],c1[N],a1[N],a1[N],a1[N],d1[N],b1[N],b1[N],b1[N],f1[N],b1[N],b1[N],(E-1.b1)[N],a1[N],a1[N],a1[N],b[N],a1[N],a1[N],b1[N],(e1.a1)[N],#g1[N],#g1[N],#g1[N],b[N],#g1[N],#g1[N],#g1[N],e1[N],#g1[N],#g1[N],#g1[N],b[N],#g1[N],#g1[N],#g1[N],(E-1.#g1)[N],#g1[N],#g1[N],d1[N],#g1[N],#g1[N],#g1[N],e1[N],#g1[N],#g1[N],#g1[N],d1[N],#g1[N],#g1[N],#g1[N],e1[N],#g1[N],#g1[N],#g1[N],d1[M],#g1[N],#g1[N],#g1[N],A-1[N],#a1[N],#a1[N],#a1[N],#c1[N],#a1[N],#a1[N],#a1[N],e1[N],#a1[N],#a1[N],#a1[N],#c1[N],#a1[N],#a1[N],(e1.#a1)[N],a1[N],a1[N],a1[N],#c1[N],a1[N],a1[N],a1[N],#c[N],g1[N],g1[N],g1[N],a[N],g1[N],g1[N],g1[N],e1[N],g1[N],g1[N],(a.g1)[N],g1[N],g1[N],g1[N],f1[N],a1[N],a1[N],a1[N],a[N],a1[N],a1[N],a1[N],d[N],g1[N],g1[N],g1[N],e1[N],g1[N],(g1.a1)[N],(d1.g1)[N],f1[N],f1[N],f1[N],a[N],f1[N],f1[N],f1[N],d1[N],f1[N],f1[N],f1[N],a[N],f1[N],f1[N],f1[N],d[N],f1[N],f1[N],f1[N],a[N],f1[N],f1[N],(d1.f1)[N],f1[N],f1[N],f1[N],a[N],f1[N],f1[N],f1[N],d1[N],f1[N],f1[N],f1[N],a[N],f1[N],f1[N],f1[N],d[N],e1[N],e1[N],(a.e1)[N],e1[N],e1[N],e1[N],b[N],e1[N],e1[N],e1[N],a[N],e1[N],e1[N],e1[N],b[N],d1[N],d1[N],d1[N],a[N],d1[N],d1[N],#F-1[N],c1[N],c1[N],c1[N],#d[N],c1[N],c1[N],c1[N],a[N],c1[N],c1[N],c1[N],#d[N],c1[N],c1[N],c1[N],a[N],d1[N],d1[N],#d[N],d1[N],d1[N],d1[N],E-1[N],c1[N],c1[N],c1[N],e[N],c1[N],(c1.d1)[N],c1[N],#g[N],b[N],b[N],e[N],b[N],b[N],b[N],#g[N],b[N],b[N],b[N],(e.b)[N],b[N],b[N],E-1[N],b[N],b[N],b[N],e[N],b[N],b[N],#g[N],b[N],b[N],b[N],e[N],b[N],b[N],#g[N],b[N],b[N],b[N],e[N],b[N],b[N],A-1[N],e1[N],e1[N],e1[N],e[N],e1[N],e1[N],e1[N],#c1[N],e1[N];"],"id":1,"instruments":["piano","piano"],"alternatives":["",""]},{"bpm":86,"baseBeats":0.125,"scores":["mute[N],mute[N],mute[N],mute[N],mute[N],mute[N],mute[N],mute[N],mute[N],mute[N],mute[N],mute[N],mute[N],mute[N],mute[N],mute[N],mute[N],mute[N],mute[N],mute[N],mute[N],mute[N],mute[N],mute[N],mute[N],mute[N],mute[N],mute[N],mute[N],mute[N],mute[N],mute[N],mute[N],mute[N],mute[N],mute[N],mute[N],mute[N],mute[N],mute[N],mute[N],mute[N],mute[N],mute[N],mute[N],mute[N],mute[N],mute[N],mute[N],mute[N],mute[N],mute[N],mute[N],mute[N],mute[N],mute[N],mute[N],mute[N],mute[N],mute[N],mute[N],mute[N],mute[N],mute[N],mute[N],mute[N],mute[N],mute[N],mute[N],mute[N],mute[N],mute[N],mute[N],mute[N],mute[N],mute[N],mute[N],mute[N],mute[N],mute[N],mute[N],mute[N],mute[N],mute[N],mute[N],mute[N],mute[N],mute[N],mute[N],mute[N],mute[N],mute[N],mute[N],mute[N],mute[N],mute[N],mute[N],mute[N],mute[N],mute[N],mute[N],mute[N],mute[N],mute[N],mute[N],mute[N],mute[N],mute[N],mute[N],mute[N],mute[N],mute[N],mute[N],mute[N],mute[N],mute[N],mute[N],mute[N],mute[N],mute[N],mute[N],mute[N],mute[N],mute[N],mute[N],mute[N],mute[N],mute[N],mute[N],mute[N],mute[N],mute[N],mute[N],mute[N],mute[N],mute[N],mute[N],mute[N],mute[N],mute[N],mute[N],mute[N],mute[N],mute[N],mute[N],mute[N],mute[N],mute[N],mute[N],mute[N],mute[N],mute[N],mute[N],mute[N],mute[N],mute[N],mute[N],mute[N],mute[N],mute[N],mute[N],mute[N],mute[N],mute[N],mute[N],mute[N],mute[N],mute[N],mute[N],mute[N],mute[N],mute[N],mute[N],mute[N],mute[N],mute[N],mute[N],mute[N],mute[N],mute[N],mute[N],mute[N],mute[N],mute[N],mute[N],mute[N],mute[N],mute[N],mute[N],mute[N],mute[N],mute[N],mute[N],mute[N],mute[N],mute[N],mute[N],mute[N],mute[N],mute[N],mute[N],mute[N],mute[N],mute[N],mute[N],mute[N],mute[N],mute[N],mute[N],mute[N],mute[N],mute[N],mute[N],mute[N],mute[N],mute[N],mute[N],mute[N],mute[N],mute[N],mute[N],mute[N],mute[N],mute[N],mute[N],mute[N],mute[N],mute[N],mute[N],mute[N],mute[N],mute[N],mute[N],mute[N],mute[N],mute[N],mute[N],mute[N],mute[N],mute[N],mute[N],mute[N],mute[N],mute[N],mute[N],mute[N],mute[N],mute[N],mute[N],mute[N],mute[N],mute[N],mute[N],mute[N],mute[N],mute[N],mute[N],mute[N],mute[N],mute[N],mute[N],mute[N],mute[N],mute[N],mute[N],mute[N],mute[N],mute[N],mute[N],mute[N],mute[N],mute[N],mute[N],mute[N],mute[N],mute[N],mute[N],mute[N],mute[N],mute[N],mute[N],mute[N],mute[N],mute[N],mute[N],mute[N],mute[N],mute[N],mute[N],mute[N],mute[N],mute[N],mute[N],mute[N],mute[N],mute[N],mute[M],mute[N],mute[N],mute[N],mute[N],mute[N],mute[N],mute[N],mute[N],mute[N],mute[N],mute[N],mute[N],mute[N],mute[N],mute[N],mute[N],mute[N],mute[N],mute[N],mute[N],mute[N],mute[M],mute[N],mute[N],mute[N],mute[N],mute[N],mute[N],mute[N],mute[N],mute[N],mute[N],mute[N],mute[N],mute[N],mute[N],mute[N],mute[N],mute[N],mute[N],mute[N],mute[N],mute[N],mute[N],mute[N],mute[N],mute[N],mute[N],mute[N],mute[N],mute[N],mute[N],mute[N],mute[N],mute[N],mute[N],mute[N],mute[N],mute[N],mute[N],mute[N],mute[N],mute[N],mute[N],mute[N],mute[N],mute[N],mute[N],mute[N],mute[N],mute[N],mute[N],mute[N],mute[N],mute[N],mute[N],mute[N],mute[N],mute[N],mute[N],mute[N],mute[N],mute[N],mute[N],mute[N],mute[N],mute[N],mute[N],mute[N],mute[N],mute[N],mute[N],mute[N],mute[N],mute[N],mute[N],mute[N],mute[N],mute[N],mute[N],mute[N],mute[N],mute[N],mute[N],mute[N],mute[N],mute[N],mute[N],mute[N],mute[N],mute[N],mute[N],mute[N],mute[N],mute[N],mute[N],mute[N],mute[N],mute[N],mute[N],mute[N],mute[N],mute[N],mute[N],mute[N],mute[N],mute[N],mute[N],mute[N],mute[N],mute[N],mute[N],mute[N],mute[N],mute[N],mute[N],mute[N],mute[N],mute[N],mute[N],mute[N],mute[N],mute[N],mute[N],mute[N],mute[N],mute[N],mute[N],mute[N],mute[N],mute[N],mute[N],mute[N],mute[N],mute[N],mute[N],mute[N],mute[N],mute[N],mute[N],mute[N],mute[N],mute[N],mute[N],mute[N],mute[N],mute[N],mute[N],mute[N],mute[N],mute[N],mute[N],mute[N],mute[N],mute[N],mute[N],mute[N],mute[N],mute[N],mute[N],mute[N],mute[N],mute[N],mute[N],mute[N],mute[N],mute[N],mute[N],mute[N],mute[N],mute[N],mute[N],mute[N],mute[N],mute[N],mute[N],mute[N],mute[N],mute[N],mute[N],mute[N],mute[N],mute[N],mute[N],mute[N],mute[N],mute[N],mute[N],mute[N],mute[N],mute[N],mute[N],mute[N],mute[N],mute[N],mute[N],mute[N],mute[N],mute[N],mute[N],mute[N],mute[N],mute[N],mute[N],mute[N],mute[N],mute[N],mute[N],mute[N],mute[N],mute[N],mute[N],mute[N],mute[N],mute[N],mute[N],mute[N],mute[N],mute[N],mute[N],mute[N],mute[N],mute[N],mute[N],mute[N],mute[N],mute[N],mute[N],mute[N],mute[N],mute[N],mute[N],mute[N],mute[N],mute[N],mute[N],mute[N],mute[N],mute[N],mute[N],mute[N],mute[N],mute[N],mute[N],mute[N],mute[N],mute[N],mute[N],mute[N],mute[N],mute[N],mute[N],mute[N],mute[N],mute[N],mute[N],mute[N],mute[N],mute[N],mute[N],mute[N],mute[N],mute[N],mute[N],mute[N],mute[N],mute[N],mute[N],mute[N],mute[N],mute[N],mute[N],mute[N],mute[N],mute[N],mute[N],mute[N],mute[N],mute[N],mute[N],mute[N],mute[N],mute[N],mute[N],mute[N],mute[N],mute[N],mute[N],mute[N],mute[N],mute[N],mute[N],mute[N],mute[N],mute[N],mute[N],mute[N],mute[N],mute[N],mute[N],mute[N],mute[N],mute[N],mute[N],mute[N],mute[N],mute[N],mute[N],mute[N],mute[N],mute[N],mute[N],mute[N],mute[N],mute[N],mute[N],mute[N],mute[N],mute[N],mute[N],mute[N],mute[N],mute[N],mute[N],mute[N],mute[N],mute[N],mute[N],mute[N],mute[N],mute[N],mute[N],mute[N],mute[N],mute[N],mute[N],mute[N],mute[N],mute[N],mute[N],mute[N],mute[N],mute[N],mute[N],mute[N],mute[N],mute[N],mute[N],mute[N],mute[N],mute[N],mute[N],mute[N],mute[N],mute[N],mute[N],mute[N],mute[N],mute[N],mute[N],mute[N],mute[N],mute[N],mute[N],mute[N],mute[N],mute[N],mute[N],mute[N],mute[N],mute[N],mute[N],mute[N],mute[N],mute[N],mute[N],mute[N],mute[N],mute[N],mute[N],mute[N],mute[N],mute[N],mute[N],mute[N],mute[N],mute[N],mute[N],mute[N],mute[N],mute[N],mute[N],mute[N],mute[N],mute[N],mute[N],mute[N],mute[N],mute[N],mute[N],mute[N],mute[N],mute[N],mute[N],mute[N],mute[N],mute[N],mute[N],mute[N],mute[N],mute[N],mute[N],mute[N],mute[N],mute[N],mute[M],mute[N],mute[N],mute[N],mute[N],mute[N],mute[N],mute[N],mute[N],mute[N],mute[N],mute[N],mute[N],mute[N],mute[N],mute[N],mute[M],mute[N],mute[N],mute[N],mute[N],mute[N],mute[N],mute[N],mute[N],mute[N],mute[N],mute[N],mute[N],mute[N],mute[N],mute[N],mute[N],mute[N],mute[N],mute[N],mute[N],mute[N],mute[N],mute[N],mute[N],mute[N],mute[N],mute[N],mute[N],mute[N],mute[N],mute[N],mute[N],mute[N],mute[N],mute[N],mute[N],mute[N],mute[N],mute[N],mute[N],mute[N],mute[N],mute[N],mute[N],mute[N],mute[N],mute[N],mute[N],mute[N],mute[N],mute[N],mute[N],mute[N],mute[N],mute[N],mute[N],mute[N],mute[N],mute[N],mute[N],mute[N],mute[N],mute[N],mute[N],mute[N],mute[N],mute[N],mute[N],mute[N],mute[N],mute[N],mute[N],mute[N],mute[N],mute[N],mute[N],mute[N],mute[N],mute[N],mute[N],mute[N],mute[N],mute[N],mute[N],mute[N],mute[N],mute[N],mute[N],mute[N],mute[N],mute[N],mute[N],mute[N],mute[N],mute[N],mute[N],mute[N],mute[N],mute[N],mute[N],mute[N],mute[N],mute[N],mute[N],mute[N],mute[N],mute[N],mute[N],mute[N],mute[N],mute[N],mute[N],mute[N],mute[N],mute[N],mute[N],mute[N],mute[N],mute[N],mute[N],mute[N],mute[N],mute[N],mute[N],mute[N],mute[N],mute[N],mute[N],mute[N],mute[N],mute[N],mute[N],mute[N],mute[N],mute[N],mute[N],mute[N],mute[N],mute[N],mute[N],mute[N],mute[N],mute[N],mute[N],mute[N],mute[N],mute[N],mute[N],mute[N],mute[N],mute[N],mute[N],mute[N],mute[N],mute[N],mute[N],mute[N],mute[N],mute[N],mute[N],mute[N],mute[N],mute[N],mute[N],mute[N],mute[N],mute[N],mute[N],mute[N],mute[N],mute[N],mute[N],mute[N],mute[N],mute[N],mute[N],mute[N],mute[N],mute[N],mute[N],mute[N],mute[N],mute[N],mute[N],mute[N];","e1[N],e[N],e1[N],e1[N],e1[N],b[N],d1[N],d1[N],d1[N],e[N],d1[N],d1[N],(A-1.d1)[N],#c1[N],#c1[N],#c1[N],e[N],#c1[N],#c1[N],#c1[N],#c1[N],#c1[N],#c1[N],#c1[N],e[N],#c1[N],#c1[N],#c1[N],d1[N],d1[N],d1[N],(e.d1)[N],d1[N],d1[N],d1[N],A-1[N],e1[N],e1[N],e1[N],e[N],e1[N],e1[N],e1[N],#c1[N],e1[N],e1[N],e1[N],e[N],e1[N],e1[N],e1[N],#c1[N],e1[N],e1[N],e[N],e1[N],e1[N],e1[N],A-1[N],e1[N],e1[N],e1[N],e[N],e1[N],e1[N],e1[N],#c1[N],e1[N],e1[N],e1[N],e[N],e1[N],e1[N],e1[N],#c1[N],e1[N],e1[N],e1[N],e[N],e1[N],e1[N],e1[N],A-1[N],#f1[N],#f1[N],#f[N],#f1[N],#f1[N],#f1[N],d1[N],#f1[N],#f1[N],#f1[N],#f[N],#f1[N],#f1[N],#f1[N],d1[N],#f1[N],#f1[N],#f1[N],#f[N],#f1[N],#f1[N],#f1[N],A-1[N],d2[N],d2[N],d2[N],d1[N],d2[N],d2[N],d2[N],b1[N],d2[N],d2[N],d2[N],(d1.d2)[N],d2[N],d2[N],d1[N],#f1[N],#f1[N],#f1[N],#f[N],#f1[N],#f1[N],#f1[N],A-1[N],#f1[N],#f1[N],#f1[N],d1[N],#f1[N],#f1[N],(#f1.#g1)[N],#c1[N],e1[N],e1[N],e1[N],e[N],e1[N],e1[N],e1[N],#c1[N],e1[N],e1[N],e1[N],e[N],e1[N],e1[N],A-1[N],e1[N],e1[N],e1[N],e[N],e1[N],e1[N],e1[N],#c1[N],e1[N],e1[N],e1[N],e[N],e1[N],e1[N],e1[N],#c1[N],e1[N],e1[N],e1[N],e[N],e1[N],e1[N],e1[N],#F-1[N],a1[N],a1[N],a1[N],#f[N],a1[N],a1[N],(a.a1)[N],a1[N],a1[N],a1[N],#c1[N],a1[N],a1[N],a1[N],a[N],a1[N],a1[N],a1[N],#f[N],a1[N],a1[N],a1[N],#G-1[N],#g1[N],#g1[N],#g1[N],#g[N],#g1[N],#g1[N],#g1[N],c1[N],#g1[N],#g1[N],#g1[N],#d1[N],#g1[N],#g1[N],#g1[N],c1[N],#d1[N],#d1[N],#g[N],#d1[N],#d1[N],#d1[N],#c[N],#f1[N],#f1[N],#f1[N],#g[N],#f1[N],#f1[N],#f1[N],#c1[N],e1[N],e1[N],e1[N],#g[N],e1[N],e1[N],e1[N],#c1[N],e1[N],e1[N],e1[N],#g[N],e1[N],e1[N],e1[N],#c[N],e1[N],e1[N],e1[N],#g[N],e1[N],e1[N],e1[N],(#c1.e1)[N],e1[N],e1[N],#g[N],e1[N],e1[N],e1[N],#c1[N],e1[N],e1[N],e1[N],#g[N],e1[N],e1[N],e1[N],B-1[N],d1[N],d1[N],d1[N],f[N],d1[N],d1[N],d1[N],f[N],d1[N],d1[N],d1[N],d[N],d1[N],d1[N],d1[N],e[N],d1[N],d1[N],d1[N],f[N],d1[N],d1[N],d1[N],E-1[N],#c1[N],#c1[N],#c1[N],e[M],#c1[N],#c1[N],#c1[N],e[N],#c1[N],#c1[N],#c1[N],e[N],#c1[N],#c1[N],#c1[N],E-1[N],b[N],b[N],b[N],d[N],b[N],b[N],b[N],A-1[N],b[N],b[M],b[N],e[N],b[N],(b.#c1)[N],b[N],e[N],a[N],a[N],a[N],e[N],a[N],a[N],a[N],#f[N],a[N],a[N],a[N],#g[N],a[N],a[N],a[N],A-1[N],a[N],a[N],a[N],e[N],a[N],a[N],a[N],#c[N],a[N],a[N],a[N],e[N],b[N],b[N],b[N],a[N],#c1[N],#c1[N],#c1[N],b[N],d1[N],d1[N],d1[N],A-1[N],e1[N],e1[N],e1[N],e[N],e1[N],e1[N],e1[N],#c1[N],e1[N],e1[N],e1[N],e[N],e1[N],e1[N],e1[N],b[N],d1[N],d1[N],d1[N],e[N],d1[N],d1[N],d1[N],A-1[N],#c1[N],#c1[N],#c1[N],(e.#c1)[N],#c1[N],#c1[N],#c1[N],#c1[N],#c1[N],#c1[N],e[N],#c1[N],#c1[N],#c1[N],d1[N],d1[N],d1[N],d1[N],e[N],d1[N],d1[N],d1[N],A-1[N],e1[N],e1[N],e1[N],e[N],e1[N],e1[N],e1[N],#c1[N],e1[N],e1[N],e1[N],e[N],e1[N],e1[N],e1[N],#c1[N],e1[N],e1[N],e1[N],e[N],e1[N],e1[N],e1[N],A-1[N],e1[N],e1[N],e1[N],e[N],e1[N],e1[N],e1[N],#c1[N],e1[N],e1[N],e1[N],e[N],e1[N],e1[N],e1[N],#c1[N],e1[N],e1[N],e1[N],e[N],e1[N],e1[N],e1[N],A-1[N],#f1[N],#f1[N],#f1[N],#f[N],#f1[N],#f1[N],#f1[N],d1[N],#f1[N],#f1[N],#f1[N],#f[N],#f1[N],#f1[N],#f1[N],d1[N],#f1[N],#f1[N],#f1[N],#f[N],#f1[N],#f1[N],A-1[N],d2[N],d2[N],d2[N],d1[N],d2[N],d2[N],d2[N],b1[N],d2[N],d2[N],d2[N],d1[N],d2[N],d2[N],d2[N],d1[N],#f1[N],#f1[N],#f[N],#f1[N],#f1[N],#f1[N],A-1[N],#f1[N],#f1[N],#f1[N],d1[N],#f1[N],#f1[N],(#f1.#g1)[N],#c1[N],e1[N],e1[N],e1[N],e[N],e1[N],e1[N],e1[N],#c1[N],e1[N],e1[N],e[N],e1[N],e1[N],e1[N],A-1[N],e1[N],e1[N],e1[N],e[N],e1[N],e1[N],e1[N],#c1[N],e1[N],e1[N],e1[N],e[N],e1[N],e1[N],e1[N],#c1[N],e1[N],e1[N],e1[N],e[N],e1[N],e1[N],e1[N],#F-1[N],a1[N],a1[N],a1[N],#f[N],a1[N],a1[N],(a.a1)[N],a1[N],a1[N],a1[N],#c1[N],a1[N],a1[N],a1[N],a[N],a1[N],a1[N],a1[N],#f[N],a1[N],a1[N],a1[N],#G-1[N],#g1[N],#g1[N],#g[N],#g1[N],#g1[N],#g1[N],c1[N],#g1[N],#g1[N],#g1[N],#d1[N],#g1[N],#g1[N],#g1[N],c1[N],#d1[N],#d1[N],#d1[N],#g[N],#d1[N],#d1[N],#c[N],#f1[N],#f1[N],#f1[N],#g[N],#f1[N],#f1[N],#f1[N],#c1[N],e1[N],e1[N],e1[N],#g[N],e1[N],e1[N],e1[N],#c1[N],e1[N],e1[N],e1[N],#g[N],e1[N],e1[N],#c[N],e1[N],e1[N],e1[N],#g[N],e1[N],e1[N],e1[N],#c1[N],e1[N],e1[N],e1[N],#g[N],e1[N],e1[N],e1[N],#c1[N],e1[N],e1[N],e1[N],#g[N],e1[N],e1[N],e1[N],B-1[N],d1[N],d1[N],d1[N],f[N],d1[N],d1[N],d1[N],f[N],d1[N],d1[N],d1[N],d[N],d1[N],d1[N],d1[N],e[N],d1[N],d1[N],d1[N],f[N],d1[N],d1[N],d1[N],E-1[N],#c1[N],#c1[N],#c1[N],e[N],#c1[N],#c1[N],#c1[N],e[N],#c1[N],#c1[N],#c1[N],e[N],#c1[N],#c1[N],#c1[N],E-1[N],b[N],b[N],b[N],d[N],b[N],b[N],b[N],A-1[N],b[N],b[N],b[N],e[N],b[N],b[N],(b.#c1)[N],e[N],a[N],a[N],a[N],e[N],a[N],a[N],a[N],#f[N],a[N],a[N],a[N],#g[N],a[N],a[N],a[N],A-1[N],a[N],a[N],a[N],e[N],a[N],a[N],a[N],e[N],a[N],a[N],a[N],#g[N],b[N],b[N],b[N],a[M],c1[N],c1[N],c1[N],b[N],d1[N],d1[N],d1[N],A-1[N],e1[N],e1[N],e1[N],e[N],e1[N],e1[N],e1[N],c1[M],e1[N],e1[N],e[N],e1[N],e1[N],e1[N],b[N],d1[N],d1[N],d1[N],e[N],d1[N],d1[N],d1[N],A-1[N],c1[N],c1[N],c1[N],e[N],c1[N],c1[N],c1[N],a[N],c1[N],c1[N],c1[N],e[N],c1[N],c1[N],b[N],d1[N],d1[N],d1[N],e[N],d1[N],d1[N],d1[N],A-1[N],e1[N],e1[N],e1[N],e[N],e1[N],e1[N],e1[N],c1[N],e1[N],e1[N],e1[N],e[N],e1[N],e1[N],c1[N],e1[N],e1[N],e1[N],e[N],e1[N],e1[N],e1[N],A-1[N],e1[N],e1[N],e1[N],e[N],e1[N],e1[N],e1[N],c1[N],e1[N],e1[N],e1[N],e[N],e1[N],e1[N],d1[N],f1[N],f1[N],f1[N],g[N],f1[N],f1[N],f1[N],c[N],g1[N],g1[N],g1[N],g[N],g1[N],g1[N],g1[N],e1[N],g1[N],g1[N],g1[N],g[N],g1[N],g1[N],(d1.g1)[N],f1[N],f1[N],f1[N],g[N],f1[N],f1[N],f1[N],c[N],e1[N],e1[N],e1[N],g[N],e1[N],e1[N],e1[N],c1[N],e1[N],e1[N],e1[N],g[N],e1[N],e1[N],e1[N],(d1.f1)[N],f1[N],f1[N],g[N],f1[N],f1[N],f1[N],c[N],g1[N],g1[N],g1[N],g[N],g1[N],g1[N],g1[N],e1[N],g1[N],g1[N],g1[N],g[N],g1[N],g1[N],g1[N],(e1.g1)[N],g1[N],g1[N],g[N],g1[N],g1[N],g1[N],c[N],g1[N],g1[N],g1[N],g[N],g1[N],g1[N],g1[N],e1[N],g1[N],g1[N],g1[N],g[N],g1[N],g1[N],g1[N],e1[N],g1[N],g1[N],g[N],g1[N],g1[N],g1[N],f[N],c2[N],c2[N],c2[N],c1[N],c2[N],c2[N],c2[N],a1[N],c2[N];"],"id":2,"instruments":["piano","piano"],"alternatives":["",""]},{"bpm":86,"baseBeats":0.125,"scores":["mute[N],mute[N],mute[N],mute[N],mute[N],mute[N],mute[N],mute[N],mute[N],mute[N],mute[N],mute[N],mute[N],mute[N],mute[N],mute[N],mute[N],mute[N],mute[N],mute[N],mute[N],mute[N],mute[N],mute[N],mute[N],mute[N],mute[N],mute[N],mute[N],mute[N],mute[N],mute[N],mute[N],mute[N],mute[N],mute[N],mute[N],mute[N],mute[N],mute[N],mute[N],mute[N],mute[N],mute[N],mute[N],mute[N],mute[N],mute[N],mute[N],mute[N],mute[N],mute[N],mute[N],mute[N],mute[N],mute[N],mute[N],mute[N],mute[N],mute[N],mute[N],mute[N],mute[N],mute[N],mute[N],mute[N],mute[N],mute[N],mute[N],mute[N],mute[N],mute[N],mute[N],mute[N],mute[N],mute[N],mute[N],mute[N],mute[N],mute[N],mute[N],mute[N],mute[N],mute[N],mute[N],mute[M],mute[N],mute[N],mute[N],mute[N],mute[N],mute[N],mute[N],mute[N],mute[N],mute[N],mute[N],mute[N],mute[N],mute[N],mute[N],mute[N],mute[N],mute[N],mute[N],mute[N],mute[N],mute[N],mute[N],mute[N],mute[N],mute[N],mute[N],mute[N],mute[N],mute[N],mute[N],mute[N],mute[N],mute[N],mute[N],mute[N],mute[N],mute[N],mute[N],mute[N],mute[N],mute[N],mute[N],mute[N],mute[N],mute[N],mute[N],mute[N],mute[N],mute[N],mute[N],mute[N],mute[N],mute[N],mute[N],mute[N],mute[N],mute[N],mute[N],mute[N],mute[N],mute[N],mute[N],mute[N],mute[N],mute[N],mute[N],mute[N],mute[N],mute[N],mute[N],mute[N],mute[N],mute[N],mute[N],mute[N],mute[N],mute[N],mute[N],mute[N],mute[N],mute[N],mute[N],mute[N],mute[N],mute[N],mute[N],mute[N],mute[N],mute[N],mute[N],mute[N],mute[N],mute[M],mute[N],mute[N],mute[N],mute[N],mute[N],mute[N],mute[N],mute[N],mute[N],mute[N],mute[N],mute[N],mute[N],mute[N],mute[N],mute[N],mute[N],mute[N],mute[N],mute[N],mute[N],mute[N],mute[N],mute[N],mute[N],mute[N],mute[N],mute[N],mute[N],mute[N],mute[N],mute[N],mute[N],mute[N],mute[N],mute[N],mute[N],mute[N],mute[N],mute[N],mute[N],mute[N],mute[N],mute[N],mute[N],mute[N],mute[N],mute[N],mute[N],mute[N],mute[N],mute[N],mute[N],mute[N],mute[N],mute[N],mute[N],mute[N],mute[N],mute[N],mute[N],mute[N],mute[N],mute[N],mute[N],mute[N],mute[N],mute[N],mute[N],mute[N],mute[M],mute[N],mute[N],mute[N],mute[N],mute[N],mute[N],mute[N],mute[N],mute[N],mute[N],mute[N],mute[N],mute[N],mute[M],mute[N],mute[N],mute[N],mute[N],mute[N],mute[N],mute[N],mute[N],mute[N],mute[N],mute[N],mute[N],mute[N],mute[N],mute[N],mute[N],mute[M],mute[N],mute[N],mute[N],mute[N],mute[N],mute[N],mute[N],mute[N],mute[N],mute[N],mute[N],mute[N],mute[N],mute[N],mute[N],mute[N],mute[N],mute[N],mute[N],mute[N],mute[N],mute[N],mute[N],mute[N],mute[N],mute[N],mute[N],mute[N],mute[N],mute[N],mute[N],mute[N],mute[N],mute[N],mute[N],mute[N],mute[N],mute[N],mute[N],mute[N],mute[N],mute[N],mute[N],mute[N],mute[N],mute[N],mute[N],mute[N],mute[N],mute[N],mute[N],mute[N],mute[N],mute[N],mute[N],mute[N],mute[N],mute[N],mute[N],mute[N],mute[N],mute[N],mute[N],mute[N],mute[N],mute[N],mute[N],mute[N],mute[N],mute[N],mute[N],mute[N],mute[N],mute[N],mute[N],mute[N],mute[N],mute[N],mute[N],mute[N],mute[N],mute[N],mute[N],mute[N],mute[N],mute[N],mute[N],mute[N],mute[N],mute[N],mute[N],mute[N],mute[N],mute[N],mute[N],mute[N],mute[N],mute[N],mute[N],mute[N],mute[N],mute[N],mute[N],mute[N],mute[N],mute[N],mute[N],mute[N],mute[N],mute[N],mute[N],mute[N],mute[N],mute[N],mute[N],mute[N],mute[N],mute[N],mute[N],mute[N],mute[N],mute[N],mute[N],mute[N],mute[N],mute[N],mute[N],mute[N],mute[N],mute[N],mute[N],mute[N],mute[N],mute[N],mute[N],mute[N],mute[N],mute[N],mute[N],mute[N],mute[N],mute[N],mute[N],mute[N],mute[N],mute[N],mute[N],mute[N],mute[N],mute[N],mute[N],mute[N],mute[N],mute[N],mute[N],mute[N],mute[N],mute[N],mute[N],mute[N],mute[N],mute[N],mute[N],mute[N],mute[N],mute[N],mute[N],mute[N],mute[N],mute[N],mute[N],mute[M],mute[N],mute[N],mute[N],mute[N],mute[N],mute[N],mute[N],mute[N],mute[N],mute[N],mute[N],mute[N],mute[N],mute[N],mute[N],mute[N],mute[N],mute[N],mute[N],mute[N],mute[N],mute[N],mute[N],mute[N],mute[N],mute[N],mute[N],mute[N],mute[N],mute[N],mute[N],mute[N],mute[N],mute[N],mute[N],mute[N],mute[N],mute[N],mute[N],mute[N],mute[N],mute[N],mute[N],mute[N],mute[N],mute[N],mute[N],mute[N],mute[N],mute[N],mute[N],mute[N],mute[N],mute[N],mute[N],mute[N],mute[N],mute[N],mute[N],mute[N],mute[N],mute[N],mute[N],mute[N],mute[N],mute[N],mute[N],mute[N],mute[N],mute[N],mute[N],mute[N],mute[N],mute[N],mute[N],mute[N],mute[N],mute[N],mute[N],mute[N],mute[N],mute[N],mute[N],mute[N],mute[N],mute[N],mute[N],mute[N],mute[N],mute[N],mute[N],mute[N],mute[N],mute[N],mute[N],mute[N],mute[N],mute[N],mute[N],mute[N],mute[N],mute[N],mute[N],mute[N],mute[N],mute[N],mute[N],mute[N],mute[N],mute[N],mute[N],mute[N],mute[N],mute[N],mute[N],mute[N],mute[N],mute[N],mute[N],mute[N],mute[N],mute[N],mute[N],mute[N],mute[N],mute[N],mute[N],mute[N],mute[N],mute[N],mute[N],mute[N],mute[N],mute[N],mute[N],mute[N],mute[N],mute[N],mute[N],mute[N],mute[N],mute[N],mute[N],mute[N],mute[N],mute[N],mute[M],mute[N],mute[N],mute[N],mute[N],mute[N],mute[N],mute[N],mute[N],mute[N],mute[N],mute[N],mute[N],mute[N],mute[N],mute[N],mute[N],mute[N],mute[N],mute[N],mute[N],mute[N],mute[N],mute[N],mute[N],mute[N],mute[N],mute[N],mute[N],mute[N],mute[N],mute[N],mute[M],mute[N],mute[N],mute[N],mute[N],mute[N],mute[N],mute[N],mute[N],mute[N],mute[N],mute[N],mute[N],mute[N],mute[N],mute[N],mute[N],mute[N],mute[M],mute[N],mute[N],mute[N],mute[N],mute[N],mute[N],mute[N],mute[N],mute[N],mute[N],mute[N],mute[N],mute[N],mute[N],mute[M],mute[N],mute[N],mute[N],mute[N],mute[N],mute[N],mute[N],mute[N],mute[N],mute[N],mute[N],mute[N],mute[N],mute[N],mute[N],mute[N],mute[N],mute[N],mute[N],mute[M],mute[N],mute[N],mute[N],mute[N],mute[N],mute[N],mute[N],mute[N],mute[N],mute[N],mute[N],mute[N],mute[N],mute[N],mute[N],mute[N],mute[N],mute[N],mute[N],mute[N],mute[N],mute[N],mute[N],mute[N],mute[N],mute[N],mute[N],mute[N],mute[N],mute[N],mute[N],mute[N],mute[N],mute[N],mute[N],mute[N],mute[N],mute[N],mute[N],mute[N],mute[N],mute[N],mute[N],mute[N],mute[N],mute[N],mute[N],mute[N],mute[N],mute[N],mute[N],mute[N],mute[N],mute[N],mute[N],mute[N],mute[N],mute[N],mute[N],mute[N],mute[N],mute[N],mute[N],mute[N],mute[N],mute[N],mute[N],mute[N],mute[N],mute[N],mute[N],mute[N],mute[N],mute[N],mute[N],mute[N],mute[N],mute[N],mute[N],mute[N],mute[N],mute[N],mute[N],mute[N],mute[N],mute[N],mute[N],mute[N],mute[N],mute[N],mute[N],mute[N],mute[N],mute[N],mute[N],mute[N],mute[N],mute[N],mute[N],mute[N],mute[N],mute[N],mute[N],mute[N],mute[N],mute[N],mute[N],mute[N],mute[N],mute[N],mute[N],mute[N],mute[N],mute[N],mute[N],mute[N],mute[N],mute[N],mute[M],mute[N],mute[N],mute[N],mute[N],mute[N],mute[N],mute[N],mute[N],mute[N],mute[N],mute[N],mute[N],mute[N],mute[N],mute[N],mute[N],mute[N],mute[N],mute[N],mute[N],mute[N],mute[N],mute[N],mute[N],mute[N],mute[M],mute[N],mute[N],mute[N],mute[N],mute[N],mute[N],mute[N],mute[N],mute[N],mute[N],mute[N],mute[N],mute[N],mute[N],mute[M],mute[N],mute[N],mute[N],mute[N],mute[N],mute[N],mute[N],mute[N],mute[N],mute[N],mute[N],mute[N],mute[N],mute[N],mute[N],mute[N],mute[N],mute[M],mute[N],mute[N],mute[N],mute[N],mute[N],mute[N],mute[N],mute[N],mute[N],mute[N],mute[N],mute[N],mute[N],mute[N],mute[N],mute[N],mute[N],mute[N],mute[N],mute[N],mute[N],mute[N],mute[N],mute[N],mute[N],mute[N],mute[N],mute[N],mute[N],mute[N],mute[N],mute[N],mute[N],mute[N],mute[N],mute[N],mute[N],mute[N],mute[N],mute[N],mute[N],mute[N],mute[N],mute[N],mute[N],mute[N],mute[N],mute[N],mute[N],mute[N],mute[N],mute[N],mute[N],mute[N],mute[N],mute[N],mute[N],mute[N],mute[N],mute[N],mute[N],mute[N],mute[N],mute[N],mute[N],mute[N],mute[N],mute[N],mute[N],mute[N],mute[N],mute[N],mute[N],mute[N],mute[N],mute[N],mute[N],mute[N],mute[N],mute[N],mute[N],mute[N],mute[N],mute[N],mute[N],mute[N],mute[N],mute[N],mute[N],mute[N],mute[N],mute[N],mute[N],mute[N],mute[N],mute[N],mute[N],mute[N],mute[N],mute[N],mute[N],mute[N],mute[N],mute[N],mute[N],mute[N],mute[N],mute[N],mute[N],mute[N],mute[N],mute[N],mute[N],mute[N],mute[N],mute[N],mute[N],mute[N],mute[N],mute[N],mute[N],mute[N],mute[N],mute[N],mute[N],mute[N],mute[N],mute[N],mute[N],mute[N],mute[N],mute[N],mute[N],mute[N],mute[N],mute[N],mute[M],mute[N],mute[N],mute[N],mute[N],mute[N],mute[N],mute[N],mute[N],mute[N],mute[N],mute[N],mute[N],mute[N],mute[N],mute[N],mute[N],mute[N],mute[N],mute[N],mute[N],mute[N],mute[N],mute[N],mute[N],mute[N],mute[N],mute[N],mute[N],mute[M],mute[N],mute[N],mute[N],mute[N],mute[N],mute[N],mute[N],mute[N],mute[N],mute[N],mute[N],mute[N],mute[N],mute[LN],mute[L],mute[LN],mute[L],mute[LN],mute[L],mute[I],mute[HHKLN];","c2[N],c2[N],c1[N],c2[N],c2[N],c2[N],g1[N],b1[N],b1[N],c1[N],b1[N],b1[N],b1[N],f[N],a1[N],a1[N],a1[N],c1[N],a1[N],a1[N],a1[N],f1[N],a1[N],a1[N],a1[N],c1[N],a1[N],a1[N],a1[N],d1[N],b1[N],b1[N],f1[N],b1[N],b1[N],b1[N],E-1[N],a1[N],a1[N],a1[N],b[N],a1[N],a1[N],(a1.b1)[N],e1[N],#g1[N],#g1[N],#g1[N],b[N],#g1[N],#g1[N],#g1[N],e1[N],#g1[N],#g1[N],#g1[N],b[N],#g1[N],#g1[N],#g1[N],E-1[N],#g1[N],#g1[N],#g1[N],d1[N],#g1[N],#g1[N],#g1[N],e1[N],#g1[N],#g1[N],#g1[N],d1[N],#g1[N],#g1[N],#g1[N],e1[N],#g1[N],#g1[N],#g1[N],d1[N],#g1[N],#g1[N],#g1[N],A-1[N],#a1[M],#a1[N],#a1[N],#c1[N],#a1[N],#a1[N],#a1[N],e1[N],#a1[N],#a1[N],#a1[N],#c1[N],#a1[N],#a1[N],(e1.#a1)[N],a1[N],a1[N],a1[N],#c1[N],a1[N],a1[N],a1[N],#c[N],g1[N],g1[N],g1[N],a[N],g1[N],g1[N],g1[N],e1[N],g1[N],g1[N],g1[N],a[N],g1[N],g1[N],g1[N],f1[N],a1[N],a1[N],a1[N],a[N],a1[N],a1[N],a1[N],d[N],g1[N],g1[N],e1[N],g1[N],g1[N],a1[N],(d1.g1)[N],f1[N],f1[N],f1[N],a[N],f1[N],f1[N],f1[N],d1[N],f1[N],f1[N],f1[N],a[N],f1[N],f1[N],d[N],f1[N],f1[N],f1[N],a[N],f1[N],f1[N],f1[N],d1[N],f1[N],f1[N],f1[N],a[N],f1[N],f1[N],f1[N],d1[N],f1[N],f1[N],f1[N],a[N],f1[N],f1[N],f1[N],d[N],e1[N],e1[M],e1[N],a[N],e1[N],e1[N],e1[N],b[N],e1[N],e1[N],a[N],e1[N],e1[N],e1[N],b[N],d1[N],d1[N],d1[N],a[N],d1[N],d1[N],d1[N],#F-1[N],c1[N],c1[N],c1[N],(#d.c1)[N],c1[N],c1[N],a[N],c1[N],c1[N],c1[N],#d[N],c1[N],c1[N],c1[N],a[N],d1[N],d1[N],d1[N],#d[N],d1[N],d1[N],d1[N],(E-1.c1)[N],c1[N],c1[N],e[N],c1[N],c1[N],d1[N],(#g.c1)[N],b[N],b[N],b[N],e[N],b[N],b[N],b[N],#g[N],b[N],b[N],b[N],e[N],b[N],b[N],b[N],E-1[N],b[N],b[N],b[N],e[M],b[N],b[N],b[N],#g[N],b[N],b[N],b[N],e[N],b[N],b[N],b[N],#g[N],b[N],b[M],b[N],e[N],b[N],b[N],b[N],A-1[N],e1[N],e1[N],e1[N],e[N],e1[N],e1[N],e1[N],#c1[N],e1[N],e1[N],e1[M],(e.e1)[N],e1[N],e1[N],b[N],d1[N],d1[N],d1[N],e[N],d1[N],d1[N],d1[N],A-1[N],#c1[N],#c1[N],#c1[N],e[N],#c1[N],#c1[N],#c1[N],#c1[N],#c1[N],#c1[N],#c1[N],e[N],#c1[N],#c1[N],#c1[N],d1[N],d1[N],d1[N],e[N],d1[N],d1[N],d1[N],A-1[N],e1[N],e1[N],e1[N],e[N],e1[N],e1[N],e1[N],#c1[N],e1[N],e1[N],e1[N],e[N],e1[N],e1[N],e1[N],#c1[N],e1[N],e1[N],e[N],e1[N],e1[N],e1[N],A-1[N],e1[N],e1[N],e1[N],e[N],e1[N],e1[N],e1[N],#c1[N],e1[N],e1[N],e1[N],e[N],e1[N],e1[N],e1[N],#c1[N],e1[N],e1[N],e[N],e1[N],e1[N],e1[N],A-1[N],#f1[N],#f1[N],#f1[N],#f[N],#f1[N],#f1[N],#f1[N],d1[N],#f1[N],#f1[N],#f1[N],#f[N],#f1[N],#f1[N],#f1[N],d1[N],#f1[N],#f1[N],(#f.#f1)[N],#f1[N],#f1[N],#f1[N],A-1[N],d2[N],d2[N],d2[N],d1[N],d2[N],d2[N],d2[N],b1[N],d2[N],d2[N],d2[N],d1[N],d2[N],d2[N],d2[N],d1[N],#f1[N],#f1[N],#f1[N],(#f.#f1)[N],#f1[N],#f1[N],A-1[N],#f1[N],#f1[N],#f1[N],d1[N],#f1[N],#f1[N],(#f1.#g1)[N],#c1[N],e1[N],e1[N],e1[N],e[N],e1[N],e1[N],e1[N],#c1[N],e1[N],e1[N],e1[N],e[N],e1[N],e1[N],e1[N],A-1[N],e1[N],e1[N],e1[N],e[N],e1[N],e1[N],e1[N],#c1[N],e1[N],e1[N],e1[N],e[N],e1[N],e1[N],e1[N],#c1[N],e1[N],e1[N],e1[N],e[N],e1[M],e1[N],e1[N],#F-1[N],a1[N],a1[N],a1[N],#f[N],a1[N],a1[N],a[N],a1[N],a1[N],a1[N],#c1[N],a1[N],a1[N],a1[N],a[N],a1[N],a1[N],a1[N],#f[N],a1[N],a1[N],a1[N],#G-1[N],#g1[N],#g1[N],#g1[N],#g[N],#g1[N],#g1[N],c1[N],#g1[N],#g1[N],#g1[N],#d1[N],#g1[N],#g1[N],#g1[N],c1[N],#d1[N],#d1[N],#d1[N],#g[N],#d1[N],#d1[N],#d1[N],#c[N],#f1[N],#f1[N],#g[N],#f1[N],#f1[N],#f1[N],#c1[N],e1[N],e1[N],e1[N],#g[N],e1[N],e1[N],e1[N],#c1[N],e1[N],e1[N],e1[N],#g[N],e1[N],e1[N],e1[N],#c[N],e1[N],e1[N],(#g.e1)[N],e1[N],e1[N],e1[N],#c1[N],e1[N],e1[N],e1[N],#g[N],e1[N],e1[N],e1[N],#c1[N],e1[N],e1[N],e1[N],#g[N],e1[N],e1[N],e1[N],B-1[N],d1[N],d1[N],d1[N],f[N],d1[N],d1[N],d1[N],f[N],d1[N],d1[N],d1[N],d[N],d1[N],d1[N],d1[N],e[N],d1[N],d1[N],d1[N],f[N],d1[N],d1[N],d1[N],E-1[N],#c1[N],#c1[N],#c1[N],e[N],#c1[N],#c1[N],#c1[N],e[N],#c1[N],#c1[N],#c1[N],e[N],#c1[N],#c1[N],#c1[N],E-1[N],b[N],b[N],b[N],d[N],b[N],b[N],b[N],A-1[N],b[N],b[N],b[N],(e.b)[M],(b.#c1)[N],b[N],e[N],a[N],a[N],a[N],e[N],a[N],a[N],a[N],#f[N],a[N],a[N],a[N],#g[N],a[N],a[N],a[N],A-1[N],a[N],a[N],a[N],e[N],a[N],a[N],a[N],e[N],a[N],a[N],a[N],e[N],a[M],a[N],a[N],e[N],a[N],a[N],a[N],e[N],a[N],a[N],a[N],A-1[N],a[N],a[N],a[N],f[N],a[N],a[N],a[M],f[N],a[N],a[N],a[N],f[N],a[N],a[N],a[N],f[N],a[N],a[N],a[N],f[N],a[N],a[M],a[N],A-1[N],b[N],b[N],b[N],f[N],b[N],b[N],b[N],a[N],c1[N],c1[N],c1[N],f[N],c1[N],c1[N],c1[N],a[N],d1[N],d1[M],d1[N],f[N],d1[N],d1[N],A-1[N],e1[N],e1[N],e1[N],e[N],e1[N],e1[N],e1[N],#c1[N],e1[N],e1[N],e1[N],e[N],e1[N],e1[N],e1[N],#c1[N],e1[N],e1[N],e1[N],e[N],e1[N],e1[N],e1[N],A-1[N],e1[N],e1[N],e[N],e1[N],e1[N],e1[N],#c1[N],e1[N],e1[N],e1[N],e[N],e1[N],e1[N],e1[N],#c1[N],e1[N],e1[N],e1[N],e[N],e1[N],e1[N],e1[N],E-1[N],e1[N],e1[N],(#g.e1)[N],e1[N],e1[N],e1[N],#g[N],e1[N],e1[N],e1[N],#g[N],e1[N],e1[N],e1[N],#g[N],e1[N],e1[N],e1[N],#g[N],e1[N],e1[N],e1[N],E-1[N],d1[N],d1[N],(#f.d1)[N],d1[N],d1[N],d1[N],e[N],#c1[N],#c1[N],#c1[N],e[N],#c1[N],#c1[N],#c1[N],E-1[N],b[N],b[N],b[N],d[N],b[N],b[N],b[N],A-1[N],a[N],a[N],a[N],(e.a)[N],a[N],a[N],e[N],a[N],a[N],a[N],f[N],a[N],a[N],a[N],#f[N],a[N],a[N],a[N],f[N],a[N],a[M],a[N],A-1[N],a[N],a[N],a[N],e[N],a[N],a[N],a[N],e[N],a[N],a[N],a[N],e[N],a[N],a[N],a[N],e[N],a[N],a[N],a[N],e[N],a[N],a[N],a[N],A-1[M],a[N],a[N],a[N],f[N],a[N],a[N],a[N],f[N],a[N],a[N],a[N],f[N],a[N],a[N],a[M],f[N],a[N],a[N],a[N],f[N],a[N],a[N],a[N],A-1[N],b[N],b[N],b[N],f[N],b[N],b[N],b[N],a[N],c1[M],c1[N],c1[N],f[N],c1[N],c1[N],c1[N],a[N],d1[N],d1[N],d1[N],f[N],d1[N],d1[N],d1[N],A-1[N],e1[N],e1[N],e1[N],e[N],e1[N],e1[N],#c1[N],e1[N],e1[N],e1[N],e[N],e1[N],e1[N],e1[N],#c1[N],e1[N],e1[N],e1[N],e[N],e1[N],e1[N],e1[N],A-1[N],e1[N],e1[N],e1[N],e[N],e1[N],e1[N],e1[N],#c1[N],e1[N],e1[N],e1[N],e[N],e1[N],e1[N],e1[N],#c1[N],e1[N],e1[N],e1[N],e[N],e1[N],e1[N],E-1[N],#g1[N],#g1[N],#g1[N],e[N],#g1[N],#g1[N],#g1[N],e1[N],#g1[N],#g1[N],#g1[N],e[N],#g1[N],#g1[N],#g1[N],e1[N],#g1[N],#g1[N],#g1[N],e[N],#g1[N],#g1[N],(E-1.#g1)[N],#f1[N],#f1[N],#f1[N],e[N],#f1[N],#f1[N],#f1[N],#c1[N],e1[N],e1[N],e1[N],e[N],e1[N],e1[N],e1[N],b[N],d1[N],d1[N],d1[N],e[N],d1[N],d1[N],d1[N],A-1[N],#c1[N],#c1[N],#c1[N],e[N],#c1[N],#c1[N],#c1[N],a[N],#c1[N],#c1[N],#c1[N],e[N],#c1[N],#c1[N],#c1[N],#f[N],#c1[N],#c1[N],#c1[N],a[N],#c1[N],#c1[N],#c1[N],A-1[N],#c1[N],#c1[N],#c1[N],e[N],#c1[M],#c1[N],#c1[N],a[N],#c1[N],#c1[N],#c1[N],E-1[N],#c1[N],#c1[N],#c1[N],c[N],#c1[N],#c1[N],#c1[N],#c[N],#c1[N],#c1[N],#c1[N],A-1[N],#c1[N],#c1[N],#c1[N],e[N],#c1[N],#c1[N],#c1[N],a[N],#c1[N],#c1[M],#c1[N],E-1[N],#c1[N],#c1[N],#c1[N],c[N],#c1[N],#c1[N],#c1[N],#c[N],#c1[N],#c1[N],#c1[N],A-1[LN],e[L],a[LN],#c1[L],e1[LN],a1[L],(A-1.a1.e2)[I],(A-1.e.a)[HHKLN];"],"id":3,"instruments":["piano","piano"],"alternatives":["",""]}]}