{"baseBpm":720,"musics":[{"bpm":720,"baseBeats":0.75,"scores":["mute[JMN],mute[KM],mute[KM],mute[KN],mute[KM],mute[KN],mute[JKLN],mute[KM],mute[KN],mute[JL],mute[JMN],mute[JMN],mute[KM],mute[KN],mute[KM],mute[KN],mute[KM],mute[JKLN],mute[KN],mute[KM],mute[JMN],mute[JMN],mute[JL],mute[KN],mute[KM],mute[KN],mute[KM],mute[KM],mute[JKL],mute[KM],mute[KLN],5<UV>,5<UV>,5<UV>,5<UV>,5<UV>,5<UV>,5<UV>,5<UV>,5<UV>,mute[KM],mute[KN],mute[KM],mute[KM],mute[KN],mute[JMN],mute[HL],mute[LM],mute[LM],mute[LM],mute[LM],mute[LM],mute[LM],mute[LM],mute[LM],mute[LM],mute[LM],mute[LM],mute[LM],mute[LM],mute[LM],mute[LM],mute[LM],mute[LM],mute[LM],mute[LM],mute[LM],mute[LM],mute[LM],mute[LM],mute[LM],mute[LM],mute[LM],mute[LM],mute[LM],mute[LM],mute[LM],mute[LM],mute[LM],mute[LM],mute[LM],mute[LM],mute[LM],mute[LM],mute[K],5<UV>,5<UV>,mute[LM],mute[LM],mute[LM],mute[LM],mute[LM],mute[LM],mute[LM],mute[LM],mute[LM],mute[LM],mute[LM],mute[LM],mute[LM],mute[LM],mute[LM],mute[LM],mute[LM],mute[LM],mute[LM],mute[LM],mute[LM],mute[LM],mute[LM],mute[LM],mute[LM],mute[LM],mute[KM],5<UV>,mute[LM],mute[LM],mute[LM],mute[LM],mute[LM],mute[KM],5<UV>,mute[JL],mute[KN],mute[KM],mute[KN],mute[KM],mute[KM],mute[KN],mute[JMN],mute[KM],mute[JMN],mute[KM],mute[JMN],mute[LM],mute[LM],mute[LMN],5<UV>,5<UV>,5<UV>,5<UV>,5<UV>,5<UV>,mute[KN],5<UV>,mute[LM],mute[LM],mute[LM],mute[LM],mute[K],5<UV>,mute[LM],mute[K],5<UV>,mute[LM],mute[LMN],5<UV>,mute[LMN],5<UV>,5<UV>,5<UV>,mute[LMN],5<UV>,mute[LM],mute[LMN],5<UV>,mute[LM],mute[K],5<UV>,mute[LM],mute[LM],mute[LM],mute[LM],mute[K],5<UV>,mute[LM],mute[LMN],5<UV>,mute[LM],mute[LMN],5<UV>,mute[LMN],mute[KM],mute[KN],5<UV>,mute[KMN],5<UV>,5<UV>,mute[KM],mute[LM],mute[LM],mute[LMN],mute[KM],mute[KM],5<UV>,5<UV>,5<UV>,mute[KM],mute[KM],mute[KN],mute[KM],mute[KN],mute[KM],mute[KM],mute[KN],mute[LM],mute[LM],mute[LMN],mute[KM],mute[KM],mute[LM],mute[LM],mute[LM],mute[KM],mute[KM],mute[KM],5<UV>,mute[KM],5<UV>,5<UV>,mute[KM],mute[LM],mute[LM],mute[LM],mute[LM],mute[LM],mute[LM],mute[LM],mute[LM],mute[LM],mute[LM],mute[LM],mute[LM],mute[LM],mute[LM],mute[LM],mute[LM],mute[LM],mute[LM],mute[LM],mute[LM],mute[KM],5<UV>,mute[LM],mute[LM],mute[LM],mute[LM],mute[LM],mute[LM],mute[LM],mute[LM],mute[LM],mute[LM],mute[LM],mute[LM],mute[LM],mute[LMN],5<UV>,mute[LM],mute[LM],mute[LM],mute[LM],mute[LM],mute[LM],mute[LM],mute[LM],mute[LM],mute[LM],mute[LM],mute[LM],mute[LM],mute[LM],mute[LM],mute[LM],mute[LM],mute[LM],mute[LM],mute[LM],mute[LM],mute[LM],mute[LM],mute[LM],mute[LM],mute[LM],mute[LM],mute[LM],mute[LM],mute[LM],mute[KMN],5<UV>,mute[LM],mute[LM],mute[LM],mute[KN],mute[JMN],mute[KM],mute[KM],mute[KN],mute[KM],mute[KN],mute[KM],mute[JMN],mute[KM],mute[JMN],mute[KM],mute[JMN],mute[LM],mute[LM],mute[LMN],5<UV>,5<UV>,5<UV>,5<UV>,5<UV>,5<UV>,mute[KN],5<UV>,mute[LM],mute[LM],mute[LM],mute[LM],mute[K],5<UV>,mute[LM],mute[LMN],5<UV>,mute[LM],mute[K],5<UV>,mute[LM],5<UV>,5<UV>,5<UV>,mute[K],5<UV>,mute[LM],mute[LMN],5<UV>,mute[LM],mute[LMN],5<UV>,mute[LM],mute[K],5<UV>,5<UV>,5<UV>,5<UV>,5<UV>,mute[K],5<UV>,mute[LM],mute[LMN],5<UV>,mute[LMN],mute[KM],mute[KN],mute[LM],mute[KMN],5<UV>,5<UV>,mute[KM],mute[LM],mute[LM],mute[LMN],mute[KN],mute[KMN],5<UV>,5<UV>,5<UV>,mute[KM],mute[KN],mute[KM],mute[KM],mute[KN],mute[KM],mute[JMN],mute[KM],mute[JLM],5<UV>,mute[HKLN],mute[KN],mute[KM],mute[KM],mute[KN],mute[KM],mute[KM],mute[KN],mute[KM],mute[JKL],mute[KM],mute[KM],mute[KN],mute[KM],mute[KMN],mute[JKLN],mute[KM],mute[KN],mute[KM],mute[ILM],mute[KM],mute[KM],mute[KN],mute[JKL],mute[JKL],mute[KM],mute[KN],mute[KM],mute[IJKM],mute[ILM],mute[KLN],mute[KLN],mute[KL],mute[KLN],mute[KLN],mute[KLN],mute[ILM],mute[KM],mute[LM],mute[LM],mute[LMN],mute[KM],mute[JLM],5<UV>,mute[KM],mute[KM];","A-1[JMN],c[KM],e[KM],c[KN],g[KM],e[KN],#f[JKLN],d[KM],#f[KN],A-1[JL],#G-1[JMN],G-1[JMN],#A-1[KM],d[KN],#A-1[KM],f[KN],d[KM],e[JKLN],c[KN],e[KM],G-1[JMN],#G-1[JMN],(A-1.A-2)[JL],(c.C-1)[KN],(e.E-1)[KM],(c.C-1)[KN],(g.G-1)[KM],(e.E-1)[KM],(#f.#F-1)[JKL],(d.D-1)[KM],(#f.#F-1)[KM],(A-1.b3)[N],d3[M],#g2[N],#d2[M],c2[M],a1[N],#f1[M],e1[N],d1[M],c1[M],b[N],a[M],(#G-1.#g)[N],g[M],#f[M],f[N],#d[M],d[MN],#c[M],c[N],B-1[M],#A-1[MN],(G-1.A-1)[M],#G-1[MN],G-1[N],#F-1[L],F-1[MN],E-1[MN],#D-1[MN],(#A-1.d2)[KM],(d.f2)[KN],(#A-1.d2)[KM],(f.a2)[KM],(d.f2)[KN],(e.g2)[JMN],(e.g2)[HL],(c1.#g1.A-1)[MN],a1[LM],e1[LN],c1[LN],(a1.A-1)[LN],e1[L],(c1.c2)[LN],a1[LN],(e1.a1.a)[LN],c1[LN],(g1.c2.g)[L],e1[LN],(c1.d2.a)[LN],g1[LN],(e1.A-1)[LN],c1[L],(a1.e2)[LN],e1[LN],(c1.A-1)[LN],a1[LN],(e1.g2.a)[L],c1[LN],(g1.e2)[LN],e1[LN],(a1.f2.A-1)[LN],g1[L],(e1.e2)[LN],a1[LN],(c1.#G-1)[LN],e1[LN],a[MN],f2[N],(c1.e2)[LN],(#a.d2.G-1)[LN],a[LN],d1[LN],#a[L],(f1.e2.g)[LN],d1[LN],(#a1.d2)[LN],f1[LN],(d1.f2.G-1)[L],#a1[LN],f1[LN],d1[LN],(#a1.d2.d)[LN],f1[L],(d1.#c)[LN],#a1[LN],(g1.g2.c)[M],#g2[MN],d1[N],a2[L],#a[L],g1[LN],(d1.d2.c1)[LN],#a[LN],(f1.g2.c)[LN],d1[L],g1[LN],f1[LN],(#a1.a2.c)[LN],g1[LN],(d1.f2.G-1)[L],#a1[LN],(f1.#F-1)[LN],d1[LN],(e1.e2.F-1)[LN],f1[L],a[LN],e1[LN],(c1.f2.f)[LN],a[LN],(e1.a1)[L],c1[LN],(a.e2.e)[LN],e1[LN],(c1.a1.f)[LN],a[L],(f1.c2.F-1)[LN],c1[LN],(a.F-1)[LN],f1[LN],c1[L],a[LN],(e1.F-1)[MN],b1[M],(c1.c2)[LN],(a.f)[LN],e1[L],c1[L],b1[N],(a.c2)[LN],(f1.e)[LN],c1[LN],(a.f)[MN],b1[N],(f1.c2)[LN],(c1.c)[LN],a[LN],(e1.d)[MN],b1[M],(c1.c2)[L],(d2.#f2.B-1)[JL],(a1.d2.b)[KN],(e2.#g2.a)[KM],b[KN],(a1.d2.B-1)[KM],(#f2.a2)[KM],d[KN],(e2.#g2.e)[JMN],(b1.e2.E-1)[KM],(#f2.a2.d)[JMN],(b1.e2.E-1)[KM],(#g2.b2.e)[JMN],(e1.c3.A-1)[LM],a1[LMN],c2[LM],(e1.a)[M],#c3[N],c3[L],a1[N],b2[M],(c3.A-1)[MN],c2[M],#c3[N],c3[MN],e1[M],b2[M],c3[MN],a1[N],#c3[M],(c3.a)[MN],c2[M],b2[N],c3[L],(e1.a2.g)[LM],a1[MN],(b2.a)[MN],c2[LMN],(e1.c3.#G-1)[LM],#g1[LMN],c2[LM],(e1.b2.#g)[LM],#g1[L],(d3.#G-1)[MN],c2[LM],e1[LMN],#g1[MN],(c3.#g)[MN],c2[LM],(e1.e3.e)[LMN],#g1[MN],#g[MN],c2[LMN],(#a1.G-1)[N],f3[M],e3[MN],#c2[M],#d3[N],e3[MN],e2[M],f3[M],e3[MN],(#a1.#c3.g)[LM],#c2[MN],(e3.#a)[L],e2[LM],(#a1.e3.#c1)[LM],#c2[L],(g2.g)[MN],e2[LM],(#a1.e3.a)[LMN],#c2[MN],(a2.g)[MN],e2[LM],(a1.#f)[LMN],c2[LM],#f2[LN],#g2[M],(a1.a2.#F-1)[LM],c2[MN],d[M],#g2[N],(#f2.a2)[LMN],(a1.g2)[N],#g2[LN],(c2.a2)[MN],#f[L],#f2[LM],(a1.b2.#F-1)[LM],c2[L],a2[MN],#f2[LM],(e1.c3.F-1)[KM],a[KN],(e1.f)[M],#c3[M],c3[L],b2[M],(a1.c3.F-1)[LN],#c3[N],c3[L],(c2.d3.e)[MN],#d3[MN],e3[MN],(c1.f)[KM],(a1.c)[N],f3[M],e3[LN],#d3[N],(c2.e3.d)[LN],f3[M],e3[MN],(b1.d3.e)[KM],g1[KN],(b1.E-1)[M],#d3[N],d3[L],#c3[MN],(g1.d)[N],d3[L],#d3[N],d3[MN],(d1.b2)[KM],(g.E-1)[KM],(d1.e)[K],#a2[N],(g1.b2)[KM],(d1.a2.A-1)[KN],g1[KM],(#a3.a)[LN],b3[MN],#g2[M],a2[KN],(c4.A-1)[M],#g2[N],a2[LMN],b3[LN],#g2[N],a2[MN],(c4.g)[K],#g2[M],(g3.a2.a)[KM],(#a3.A-1)[N],#g2[M],a2[N],b3[LN],(d3.d)[LN],#g2[M],a2[MN],(#a3.e)[LN],b3[MN],#g2[N],(e3.a2.A-1)[KM],b[KM],(d2.c1)[N],f3[MN],#f3[M],f3[MN],(e3.c2.g)[LN],#d3[M],e3[MN],(d3.b1.#g)[MN],c3[MN],b2[MN],(c1.a1.A-1)[KM],e1[LN],c1[LN],(a1.A-1)[L],e1[LN],(c1.c2)[LN],a1[LN],(e1.a1.a)[LN],c1[L],(g1.c2.g)[LN],e1[LN],(c1.d2.a)[LN],g1[LN],(e1.A-1)[L],c1[LN],(a1.e2)[LN],e1[LN],(c1.A-1)[LN],a1[L],(e1.g2.a)[LN],c1[LN],(g1.e2)[LN],e1[LN],(a1.f2.A-1)[L],g1[LN],(e1.e2)[LN],a1[LN],(c1.#G-1)[LN],e1[L],a[L],f2[N],(c1.e2)[LN],(#a.d2.G-1)[LN],a[LN],d1[L],#a[LN],(f1.e2.g)[LN],d1[LN],(#a1.d2)[LN],f1[L],(d1.f2.G-1)[LN],#a1[LN],f1[LN],d1[LN],(#a1.d2.d)[L],f1[LN],(d1.#c)[LN],#a1[LN],(g1.g2.c)[N],#g2[L],d1[N],a2[MN],#a[LN],g1[LN],(d1.d2.c1)[LN],#a[LN],(f1.g2.c)[L],d1[LN],g1[LN],f1[LN],(#a1.a2.c)[LN],g1[L],(d1.f2.G-1)[LN],#a1[LN],(f1.#F-1)[LN],d1[LN],(e1.e2.F-1)[L],f1[LN],a[LN],e1[LN],(c1.f2.f)[LN],a[L],(e1.a1)[LN],c1[LN],(a.e2.e)[LN],e1[LN],(c1.a1.f)[L],a[LN],(f1.c2.F-1)[LN],c1[LN],(a.F-1)[LN],f1[L],c1[LN],a[LN],(e1.F-1)[MN],b1[M],(c1.c2)[LN],(a.f)[L],e1[LN],c1[MN],b1[M],(a.c2)[LN],(f1.e)[LN],c1[L],(a.f)[L],b1[N],(f1.c2)[LN],(c1.c)[LN],a[LN],(e1.d)[MN],b1[N],(c1.c2)[LN],(d2.#f2.B-1)[JMN],(a1.d2.b)[KM],(e2.#g2.a)[KM],b[KN],(a1.d2.B-1)[KM],(#f2.a2)[KN],d[KM],(e2.#g2.e)[JMN],(b1.d2.E-1)[KM],(#f2.a2.d)[JMN],(b1.e2.E-1)[KM],(#g2.b2.e)[JMN],(e1.c3.A-1)[LM],a1[LMN],c2[LM],(e1.a)[M],#c3[N],c3[MN],a1[M],b2[M],(c3.A-1)[MN],c2[N],#c3[M],c3[MN],e1[M],b2[N],c3[L],a1[N],#c3[M],(c3.a)[MN],c2[M],b2[N],c3[MN],(e1.a2.g)[LMN],a1[MN],(b2.a)[MN],c2[LMN],(e1.c3.#G-1)[LM],#g1[LM],c2[LMN],(e1.b2.#g)[LM],#g1[MN],(d3.#G-1)[L],c2[LM],e1[LM],#g1[L],(c3.#g)[MN],c2[LM],(e1.e3.e)[LMN],#g1[MN],#g[MN],c2[LM],(#a1.G-1)[M],f3[M],e3[MN],#c2[N],#d3[M],e3[MN],e2[M],f3[N],e3[L],(#a1.d3.g)[LM],#c2[MN],(e3.#a)[MN],e2[LMN],(#a1.#c3.#c1)[LM],#c2[MN],(e3.g)[L],e2[LM],(#a1.#c3.a)[LM],#c2[L],(g3.g)[MN],e2[N],#g3[LN],(a1.#f)[M],a3[LN],c2[L],#a3[M],(#f2.a3)[MN],#f3[M],e3[N],(a1.#d3.#F-1)[M],d3[M],#c3[N],c3[M],(c2.#a2)[N],a2[M],(#g2.d)[M],#f2[N],#f2[M],f2[N],e2[L],(a1.a2)[LM],c2[MN],#f[MN],#f2[LMN],(a1.b2.#F-1)[LM],c2[MN],a2[L],#f2[LM],(e1.c3.F-1)[KM],a[KN],(e1.f)[M],#c3[N],c3[LN],b2[M],(a1.c3.F-1)[LN],#c3[N],c3[MN],(c2.d3.e)[L],#d3[MN],e3[MN],(c1.f)[KM],(a1.c)[N],f3[M],e3[LN],#d3[N],(c2.e3.d)[LN],f3[M],e3[MN],(b1.d3.e)[KN],g1[KM],(b1.E-1)[M],#d3[N],d3[MN],#c3[L],(g1.d)[N],d3[MN],#d3[M],d3[MN],(d1.b2)[KM],(g.E-1)[KN],(d1.e)[K],#a2[M],(g1.b2)[KM],(d1.A-1)[KN],g1[KM],(b1.g2.G-1)[JMN],(b1.g2)[KM],(b1.g2.G-1)[JKMN],#f2[N],(c2.a2.A-1)[HKLN],(G-1.d)[KN],(G-1.d)[KM],(G-1.d)[KM],(A-1.e)[KN],(G-1.d)[KM],(A-1.e)[KM],(d.G-1)[KN],(G-1.d)[KM],(G-1.d)[JKL],(A-1.e)[KM],(G-1.d)[KM],(A-1.e)[KN],(G-1.d)[KM],(G-1.d)[KMN],(g.c)[JKLN],(a.d)[KM],(c.g)[KN],(a.d)[KM],(#d.#a)[ILM],(a.d)[KM],(#d.#a)[KM],(c.g)[KN],(a.d)[JKL],(d.G-1)[JKL],(e.A-1)[KM],(e.A-1)[KN],(e.A-1)[KM],(g.c)[IJKM],(d.G-1)[ILM],(e.A-1)[KLN],(g.c)[KLN],(a.d)[KL],(#a.#d)[KLN],(a.d)[KLN],(g.c)[KLN],(e.A-1)[ILM],c2[KM],d2[LM],e2[LMN],f2[LM],g2[KM],(c1.a2.F-1)[JMN],(e1.b2.f)[N],f1[M],a1[M],c2[N],e1[M],f1[N],(c1.c3.F-1)[KM],b2[KM];"],"id":1,"instruments":["piano","piano"],"alternatives":["",""]},{"bpm":720,"baseBeats":0.75,"scores":["5<UV>,5<UV>,5<UV>,mute[KM],mute[KMN],5<UV>,5<UV>,5<UV>,mute[KMN],5<UV>,5<UV>,5<UV>,mute[KM],5<UV>,5<UV>,5<UW>,mute[KLMN],5<UV>,mute[KM],mute[KM],5<UV>,5<UV>,5<UV>,mute[KM],mute[KMN],5<UV>,5<UV>,5<UV>,mute[KN],mute[KM],mute[KMN],5<UV>,5<UV>,5<UV>,mute[JL],5<UV>,5<UV>,5<UV>,mute[KLN],5<UV>,mute[JL],mute[KM],5<UV>,5<UV>,5<UV>,mute[KM],5<UV>,5<UV>,5<UV>,mute[KM],5<UV>,5<UV>,5<UV>,5<UV>,5<UV>,mute[KN],mute[KM],5<UV>,5<UV>,5<UV>,mute[LMN],5<UV>,mute[K],5<UV>,5<UV>,5<UV>,mute[KM],mute[KMN],5<UV>,5<UV>,5<UV>,mute[KN],mute[KM],mute[JLMN],5<UV>,mute[JLMN],5<UV>,mute[JLN],5<UV>,5<UV>,5<UV>,5<UV>,5<UV>,5<UV>,mute[KM],mute[KMN],5<UV>,5<UV>,5<UV>,mute[JLM],5<UV>,mute[JLN],5<UV>,5<UV>,5<UV>,mute[KN],mute[KMN],5<UV>,5<UV>,5<UV>,mute[KM],mute[KN],mute[KMN],5<UV>,5<UV>,5<UV>,mute[JLN],5<UV>,5<UV>,5<UV>,mute[KM],5<UV>,5<UV>,5<UV>,mute[KMN],5<UV>,5<UV>,5<UV>,mute[KLN],5<UV>,mute[KM],mute[KM],5<UV>,5<UV>,5<UV>,mute[KN],mute[KMN],mute[KM],mute[KN],mute[KM],mute[KN],mute[KM],mute[KM],mute[KN],mute[KM],mute[KN],mute[KM],mute[KM],mute[KN],mute[KM],mute[KMN],5<UV>,5<UV>,5<UV>,mute[JMN],mute[ILM],mute[JKLN],mute[IJN],5<UV>,5<UV>,5<UV>,mute[JMN],mute[ILMN],mute[JKLN],mute[JMN],mute[LM],mute[LM],mute[LM],mute[LM],mute[LM],mute[K],5<UV>,5<UV>,5<UV>,5<UV>,5<UV>,5<UV>,5<UV>,5<UV>,5<UV>,5<UV>,5<UV>,5<UV>,5<UV>,5<UV>,5<UV>,5<UV>,5<UV>,5<UV>,5<UV>,5<UV>,5<UV>,5<UV>,5<UV>,5<UV>,5<UV>,5<UV>,5<UV>,5<UV>,5<UV>,5<UV>,5<UV>,5<UV>,5<UV>,5<UV>,5<UV>,5<UV>,5<UV>,5<UV>,5<UV>,5<UV>,5<UV>,5<UV>,5<UV>,5<UV>,5<UV>,5<UV>,5<UV>,5<UV>,5<UV>,5<UV>,5<UV>,5<UV>,5<UV>,5<UV>,5<UV>,5<UV>,5<UV>,5<UV>,5<UV>,5<UV>,5<UV>,5<UV>,5<UV>,5<UV>,5<UV>,5<UV>,5<UV>,5<UV>,5<UV>,5<UV>,5<UV>,5<UV>,5<UV>,5<UV>,5<UV>,5<UV>,5<UV>,5<UV>,5<UV>,5<UV>,5<UV>,5<UV>,5<UV>,5<UV>,5<UV>,5<UV>,5<UV>,5<UV>,5<UV>,5<UV>,5<UV>,5<UV>,5<UV>,5<UV>,5<UV>,5<UV>,5<UV>,5<UV>,5<UV>,5<UV>,5<UV>,5<UV>,5<UV>,5<UV>,5<UV>,5<UV>,5<UV>,5<UV>,5<UV>,5<UV>,5<UV>,5<UV>,5<UV>,5<UV>,5<UV>,5<UV>,5<UV>,5<UV>,5<UV>,5<UV>,5<UV>,5<UV>,5<UV>,5<UV>,5<UV>,5<UV>,5<UV>,5<UV>,5<UV>,5<UV>,5<UV>,5<UV>,5<UV>,5<UV>,5<UV>,5<UV>,5<UV>,5<UV>,5<UV>,5<UV>,5<UV>,5<UV>,5<UV>,5<UV>,5<UV>,5<UV>,5<UV>,5<UV>,5<UV>,5<UV>,5<UV>,5<UV>,5<UV>,5<UV>,5<UV>,5<UV>,5<UV>,5<UV>,5<UV>,5<UV>,5<UV>,5<UV>,5<UV>,5<UV>,5<UV>,5<UV>,5<UV>,5<UV>,5<UV>,5<UV>,5<UV>,5<UV>,5<UV>,5<UV>,5<UV>,5<UV>,5<UV>,5<UV>,5<UV>,5<UV>,5<UV>,5<UV>,5<UV>,5<UV>,5<UV>,5<UV>,5<UV>,5<UV>,5<UV>,5<UV>,5<UV>,5<UV>,5<UV>,5<UV>,5<UV>,5<UV>,5<UV>,5<UV>,5<UV>,5<UV>,5<UV>,5<UV>,5<UV>,5<UV>,5<UV>,5<UV>,5<UV>,5<UV>,5<UV>,5<UV>,5<UV>,5<UV>,5<UV>,5<UV>,5<UV>,5<UV>,5<UV>,5<UV>,5<UV>,5<UV>,5<UV>,5<UV>,5<UV>,5<UV>,5<UV>,5<UV>,5<UV>,5<UV>,5<UV>,5<UV>,5<UV>,5<UV>,5<UV>,5<UV>,5<UV>,5<UV>,5<UV>,5<UV>,5<UV>,5<UV>,5<UV>,5<UV>,5<UV>,5<UV>,5<UV>,5<UV>,5<UV>,5<UV>,5<UV>,5<UV>,5<UV>,5<UV>,5<UV>,5<UV>,5<UV>,5<UV>,5<UV>,5<UV>,5<UV>,5<UV>,5<UV>,5<UV>,5<UV>,5<UV>,5<UV>,5<UV>,5<UV>,5<UV>,5<UV>,5<UV>,5<UV>,5<UV>,5<UV>,5<UV>,5<UV>,5<UV>,5<UV>,5<UV>,5<UV>,5<UV>,5<UV>,5<UV>,5<UV>,5<UV>,5<UV>,5<UV>,5<UV>,5<UV>,5<UV>,5<UV>,5<UV>,5<UV>,5<UV>,5<UV>,5<UV>,5<UV>,5<UV>,5<UV>,5<UV>,5<UV>,5<UV>,5<UV>,5<UV>,5<UV>,5<UV>,5<UV>,5<UV>,5<UV>,5<UV>,5<UV>,5<UV>,5<UV>,5<UV>,5<UV>,5<UV>,5<UV>,5<UV>,5<UV>,5<UV>,5<UV>,5<UV>,5<UV>,5<UV>,5<UV>,5<UV>,5<UV>,5<UV>,5<UV>,5<UV>,5<UV>,5<UV>,5<UV>,5<UV>,5<UV>,5<UV>,5<UV>,5<UV>,5<UV>,5<UV>,5<UV>,5<UV>,5<UV>,5<UV>,5<UV>,5<UV>,5<UV>,5<UV>,5<UV>,5<UV>,5<UV>,5<UV>,5<UV>,5<UV>,5<UV>,5<UV>,5<UV>,5<UV>,5<UV>,5<UV>,5<UV>,5<UV>,5<UV>,5<UV>,5<UV>,5<UV>,5<UV>,5<UV>,5<UV>,5<UV>,5<UV>,5<UV>,5<UV>,5<UV>,5<UV>,5<UV>,5<UV>,5<UV>,5<UV>,5<UV>,5<UV>,5<UV>,5<UV>,5<UV>,5<UV>,5<UV>,5<UV>,5<UV>,5<UV>,5<UV>,5<UV>,5<UV>,5<UV>,5<UV>,5<UV>,5<UV>,5<UV>,5<UV>,5<UV>,5<UV>,5<UV>,5<UV>,5<UV>,5<UV>,5<UV>,5<UV>,5<UV>,5<UV>,5<UV>;","(e1.e3.f)[N],f1[M],a1[N],c2[M],e1[M],f1[N],(a1.c3.F-1)[M],c2[N],e1[M],f1[M],a1[N],c2[M],(b.f3.e)[LN],#f3[L],g3[KM],(d1.e)[M],f1[N],#g1[M],b1[N],d1[M],(f1.#f3)[M],(#g1.f3.d)[N],b1[M],d1[N],f1[M],#g1[M],b1[N],(b.g3.e)[KM],(d1.e3.#A-1)[N],f1[M],#g1[M],b1[N],d1[M],f1[N],(#g1.f3.B-1)[M],b1[M],d1[N],f1[M],#g1[N],b1[M],(b.d3.E-1)[KM],(d1.e3)[N],f1[M],#g1[N],b1[M],d1[M],f1[N],(c1.d3.A-1)[MN],#d3[LN],e3[KMN],(e1.a)[M],g1[M],a1[N],c2[M],e1[N],g1[M],(b.c3.A-1)[KM],e3[KN],(e1.c3.a)[M],g1[N],a1[M],c2[M],e1[N],g1[M],(a1.a2.A-1)[N],c2[M],e1[M],g1[N],a1[M],c2[N],c1[KM],g[KM],(e1.a)[N],g1[M],a1[N],c2[M],e1[M],g1[N],(a1.a2.d)[M],c2[N],e1[M],g1[M],a1[N],c2[M],(b.e)[KN],(b2.c)[KM],(c1.a2.d)[KM],(e1.c3.B-1)[N],g1[M],a1[N],c2[M],e1[M],g1[N],(a1.b2.c)[M],c2[N],e1[M],g1[M],a1[N],c2[M],(b.d3.B-1)[JMN],(d1.b)[M],f1[N],g1[M],#a1[N],d1[M],(f1.#c3)[M],(a.#f3.B-1)[N],g3[MN],#g3[M],a3[MN],d3[KM],(d1.#f3.b)[N],(f1.g3)[M],g1[M],(#a1.#g3)[N],(d1.a3)[M],f1[N],(d1.#g3.e)[JL],(b.d)[K],g3[N],(d1.#g3.e)[M],f1[N],#g1[M],b1[M],d1[N],f1[M],(#g1.f3.e1)[N],b1[M],d1[M],f1[N],#g1[M],b1[N],(b.#g3)[KM],(d1.e3.d)[M],f1[N],#g1[M],b1[N],d1[M],f1[M],(#g1.d3.e)[N],b1[M],d1[N],f1[M],#g1[M],b1[N],(b.e3.E-1)[LMN],d3[MN],d1[N],f1[M],(#g1.e3)[M],b1[N],d1[M],f1[N],(e1.d3.A-1)[M],a1[M],c2[N],e1[M],a1[N],c2[M],e1[M],a1[N],c2[M],e1[N],a1[M],c2[M],a[K],#c3[N],(d3.A-1)[KM],(e1.c3.#G-1)[N],#g1[M],c2[M],e1[N],#g1[M],c2[N],e1[M],#g1[M],c2[N],e1[M],#g1[N],c2[M],(a.#g)[LM],d3[L],#G-1[MN],c3[LM],(e1.b2.G-1)[M],g1[N],c2[M],e1[M],g1[N],c2[M],e1[N],g1[M],c2[M],e1[N],g1[M],c2[N],(a.g)[KM],G-1[KM],(e1.a2.#F-1)[N],#f1[M],a1[N],c2[M],e1[M],#f1[N],a1[M],c2[N],e1[M],#f1[M],a1[N],c2[M],(a.#f)[KN],#F-1[KM],(c1.f2.F-1)[JMN],(e1.f)[M],f1[N],a1[M],c2[M],e1[N],f1[M],(c1.e3.F-1)[JMN],(e1.f)[M],f1[N],a1[M],c2[N],e1[M],f1[M],(b.d3.e)[JMN],(d1.E-1)[N],f1[M],#g1[M],b1[N],d1[M],(f1.#c3)[N],(#g1.d3.E-1)[M],b1[M],d1[N],f1[M],#g1[N],b1[M],(b.#g3.d)[M],a3[L],#a3[L],(d1.b3.e)[N],f1[M],#g1[N],b1[M],d1[M],f1[N],(b.#g3.#A-1)[KM],B-1[KN],(d1.f3.E-1)[M],f1[M],#g1[N],b1[M],d1[N],f1[M],#g1[M],b1[N],d1[M],f1[N],#g1[M],b1[M],(c1.e3.A-1)[JMN],(e1.f3.a)[N],g1[M],a1[M],c2[N],e1[M],g1[N],(b.c3.A-1)[JL],(e1.a)[N],g1[M],a1[N],c2[M],e1[M],g1[N],(a1.a2.A-1)[M],c2[N],e1[M],g1[M],a1[N],c2[M],c1[KN],g[KM],(e1.a)[M],g1[N],a1[M],c2[N],e1[M],g1[M],(a1.a2.A-1)[N],c2[M],e1[N],g1[M],a1[M],c2[N],(b.A-1)[KM],(b2.d1)[KN],(c1.a2.e1)[KM],(e1.c3.A-1)[M],g1[N],a1[M],c2[N],e1[M],g1[M],(a1.b2.A-1)[N],c2[M],e1[N],g1[M],a1[M],c2[N],(b.d3.B-1)[JMN],(d1.b)[M],f1[M],a1[N],b1[M],d1[N],(f1.#c3)[M],(a1.d3.B-1)[M],b1[N],d1[M],f1[N],a1[M],b1[M],(a.e3)[KN],(d1.b)[M],f1[N],a1[M],b1[M],d1[N],f1[M],(a1.B-1)[N],b1[M],d1[M],f1[N],a1[M],b1[N],b[KM],(d1.f3.b)[M],f1[N],a1[M],b1[N],d1[M],f1[M],a1[N],b1[M],d1[N],f1[M],a1[M],b1[N],(b.B-1)[K],e3[M],(d1.a)[N],f1[M],(a1.d3)[M],b1[N],(d1.c3)[M],f1[N],(a.b2)[KM],B-1[KM],(d1.b)[N],f1[M],a1[N],b1[M],d1[M],f1[N],a1[M],b1[N],d1[M],f1[M],a1[N],b1[M],(b.d3.e1)[MN],#d3[LN],e3[KMN],(d3.e)[KM],d1[KN],d1[KM],(b2.e)[KN],b[KM],d1[KM],(#g2.e)[KN],#g[KM],d1[KN],(f2.e)[KM],d[KM],(d2.B-1)[KN],(b1.#G-1)[KM],(#g1.F-1)[KN],(e.e2.E-1)[L],(E-1.e1)[MN],(e.e2)[MN],(E-1.e1)[MN],(e.e2)[MN],(E-1.e1)[L],(d2.#g2.e)[JMN],(d2.#g2.E-1)[ILM],(d2.a2.e)[JKLN],(d2.b2.E-1)[IJ],(e.e3)[MN],(E-1.e2)[MN],(e.e3)[L],(E-1.e2)[MN],(e.e3)[MN],(E-1.e2)[MN],(#g2.b2.E-1)[JMN],(#g2.b2.e)[ILMN],(a2.c3.E-1)[JKLN],(#g2.d3.e)[JMN],#g[LN],b[L],d1[LN],#g1[LN],b1[LN],e2[LN],(c3.c4.A-1)[N],c2[M],c3[LM],(a2.b3)[M],a1[N],a2[M],c3[M],c2[N],c3[M],(g2.a3.a)[N],g1[M],g2[M],a2[N],a1[M],a2[N],e2[M],e1[M],e2[N],g2[M],g1[N],g2[M],(a2.A-1)[M],a1[N],a2[M],e2[N],e1[M],e2[M],g2[N],g1[M],g2[N],a2[M],a1[M],a2[N],(e2.a)[M],e1[N],e2[M],g2[M],g1[N],g2[M],(c2.A-1)[N],c1[M],c2[M],e2[N],e1[M],e2[N],g2[M],g1[M],g2[N],c2[M],c1[N],c2[M],(e2.A-1)[M],e1[N],e2[M],g2[N],g1[M],g2[M],(c2.g)[N],c1[M],c2[N],e2[M],e1[M],e2[N],(a1.a)[M],a[N],a1[M],c2[M],c1[N],c2[M],(e2.A-1)[N],e1[M],e2[M],a1[N],a[M],a1[N],c2[M],c1[M],c2[N],e2[M],e1[N],e2[M],(a1.a)[M],a[N],a1[M],c2[N],c1[M],c2[M],g1[N],g[M],g1[N],a1[M],a[M],a1[N],(#f1.d)[M],#f[N],#f1[M],g1[M],g[N],g1[M],a1[N],a[M],a1[M],#f1[N],#f[M],#f1[N],(c2.d1)[M],c1[M],c2[N],a1[M],a[N],a1[M],d2[M],d1[N],d2[M],c2[N],c1[M],c2[M],(a1.d)[N],a[M],a1[N],d2[M],d1[M],d2[N],c2[M],c1[N],c2[M],a1[M],a[N],a1[M],(d2.d1)[N],d1[M],d2[M],c2[N],c1[M],c2[N],(#f2.d)[M],#f1[M],#f2[N],d2[M],d1[N],d2[M],(c2.b3)[M],c1[N],c2[M],#f2[N],#f1[M],#f2[M],(d2.d)[N],d1[M],d2[N],c2[M],c1[M],c2[N],(#f2.c1)[M],#f1[N],#f2[M],d2[M],d1[N],d2[M],(a2.c4.d1)[N],a1[M],a2[M],#f2[N],#f1[M],#f2[N],(#f2.d)[M],#f1[M],#f2[N],a2[M],a1[N],a2[M],a2[M],a1[N],a2[M],#f2[N],#f1[M],#f2[M],(c3.d4.d1)[N],c2[M],c3[N],a2[M],a1[M],a2[N],d3[M],d2[N],d3[M],c3[M],c2[N],c3[M],(c3.c4.A-1)[N],c2[M],c3[M],d3[N],d2[M],d3[N],(a2.b3)[M],a1[M],a2[N],c3[M],c2[N],c3[M],(g2.a3.a)[M],g1[N],g2[M],a2[N],a1[M],a2[M],e2[N],e1[M],e2[N],g2[M],g1[M],g2[N],(a2.A-1)[M],a1[N],a2[M],e2[M],e1[N],e2[M],g2[N],g1[M],g2[M],a2[N],a1[M],a2[N],(e2.a)[M],e1[M],e2[N],g2[M],g1[N],g2[M],(c2.A-1)[M],c1[N],c2[M],e2[N],e1[M],e2[M],g2[N],g1[M],g2[N],c2[M],c1[M],c2[N],(e2.A-1)[M],e1[N],e2[M],g2[M],g1[N],g2[M],(c2.g)[N],c1[M],c2[M],e2[N],e1[M],e2[N],(a1.a)[M],a[M],a1[N],c2[M],c1[N],c2[M],(e2.A-1)[M],e1[N],e2[M],a1[N],a[M],a1[M],c2[N],c1[M],c2[N],e2[M],e1[M],e2[N],(a1.a)[M],a[N],a1[M],c2[M],c1[N],c2[M],g1[N],g[M],g1[M],a1[N],a[M],a1[N],(#f1.d4.d)[M],#f[M],(#f1.#d4)[N],g1[M],g[N],g1[M],a1[M],(a.e4)[N],a1[M],#f1[N],#f[M],#f1[M],(c2.d1)[N],c1[M],c2[N],a1[M],a[M],a1[N],d2[M],d1[N],d2[M],c2[M],c1[N],c2[M],(a1.#d4.d)[N],a[M],a1[M],(d2.e4)[N],d1[M],d2[N],c2[M],c1[M],c2[N],a1[M],a[N],a1[M],(d2.d4.d1)[M],d1[N],d2[M],c2[N],c1[M],c2[M],(#f2.d)[N],#f1[M],#f2[N],d2[M],d1[M],d2[N],c2[M],c1[N],c2[M],#f2[M],#f1[N],#f2[M],(d2.d)[N],d1[M],d2[M],c2[N],c1[M],c2[N],(#f2.#c4.c1)[M],#f1[M],#f2[N],(d2.d4)[M],d1[N],d2[M],(a2.d1)[M],a1[N],a2[M],#f2[N],#f1[M],#f2[M],(#f2.c4.d)[N],#f1[M],#f2[N],a2[M],a1[M],a2[N],a2[M],a1[N],a2[M],#f2[M],#f1[N],#f2[M],(c3.d1)[N],c2[M],c3[M],a2[N],a1[M],a2[N],d3[M],d2[M],d3[N],c3[M],c2[N],c3[M],(c3.b3.A-1)[M],c2[N],c3[M],d3[N],d2[M],d3[M],a2[N],a1[M],a2[N],c3[M],c2[M],c3[N],(g2.a)[M],g1[N],g2[M],a2[M],a1[N],a2[M],(e2.a3)[N],e1[M],e2[M],g2[N],g1[M],g2[N],(a2.A-1)[M],a1[M],a2[N],e2[M],e1[N],e2[M],g2[M],g1[N],g2[M],a2[N],a1[M],a2[M],(e2.a)[N],e1[M],e2[N],g2[M],g1[M],g2[N],(c2.A-1)[M],c1[N],c2[M],e2[M],e1[N],e2[M],g2[N],g1[M],g2[M],c2[N],c1[M],c2[N],(e2.A-1)[M],e1[M],e2[N],g2[M],g1[N],g2[M],(c2.g)[M],c1[N],c2[M],e2[N],e1[M],e2[M],(a1.a)[N],a[M],a1[N],c2[M],c1[M],c2[N],(e2.A-1)[M],e1[N],e2[M],a1[M],a[N],a1[M],c2[N],c1[M],c2[M],e2[N],e1[M],e2[N],(a1.a)[M],a[M],a1[N],c2[M],c1[N],c2[M],g1[M],g[N],g1[M],a1[N],a[M],a1[M],(#f1.d)[N],#f[M],#f1[N],g1[M],g[M],g1[N],a1[M],a[N],a1[M],#f1[M],#f[N],#f1[M],(c2.d1)[N],c1[M],c2[M],a1[N],a[M],a1[N],d2[M],d1[M],d2[N],c2[M],c1[N],c2[M],(a1.d)[M],a[N],a1[M],d2[N],d1[M],d2[M],c2[N],c1[M],c2[N],a1[M],a[M],a1[N],(d2.d1)[M],d1[N],d2[M],c2[M],c1[N],c2[M],(#f2.d)[N],#f1[M],#f2[M],d2[N],d1[M],d2[N],(c2.b3)[M],c1[M],c2[N],#f2[M],#f1[N],#f2[M],(d2.d)[M],d1[N],d2[M],c2[N],c1[M],c2[M],(#f2.c1)[N],#f1[M],#f2[N],d2[M],d1[M],d2[N],(a2.c4.d1)[M],a1[N],a2[M],#f2[M],#f1[N],#f2[M],(#f2.d)[N],#f1[M],#f2[M],a2[N],a1[M],a2[N],a2[M],a1[M],a2[N],#f2[M],#f1[N],#f2[M],(c3.d4.d1)[M],c2[N],c3[M],a2[N],a1[M],a2[M],d3[N],d2[M],d3[N],c3[M],c2[M],c3[N],(c3.e4.A-1)[M],c2[N],c3[M],d3[M],d2[N],d3[M],a2[N],a1[M],a2[M],c3[N],c2[M],c3[N],(g2.a)[M],g1[M],g2[N],a2[M],(a1.f4)[N],a2[M],e2[M],e1[N],(e2.#f4)[M],g2[N],g1[M],(g2.g4)[M],(a2.A-1)[N],a1[M],a2[N],e2[M],e1[M],e2[N],g2[M],g1[N],(g2.c4)[M],a2[M],a1[N],a2[M],(e2.a)[N],e1[M],e2[M],g2[N],g1[M],g2[N],(c2.A-1)[M],c1[M],c2[N],e2[M],e1[N],e2[M],(g2.b3)[M],g1[N],g2[M],c2[N],c1[M],c2[M],(e2.A-1)[N],e1[M],e2[N],g2[M],g1[M],g2[N],(c2.g)[M],c1[N],c2[M],e2[M],(e1.c4)[N],e2[M],(a1.a)[N],a[M],a1[M],c2[N],c1[M],c2[N],(e2.A-1)[M],e1[M],e2[N],a1[M],a[N],a1[M],c2[M],c1[N],(c2.d4)[M],e2[N],e1[M],e2[M],(a1.a)[N],a[M],a1[N],c2[M],c1[M],c2[N],g1[M],g[N],g1[M],a1[M],a[N],a1[M],(#f1.c4.d)[N],#f[M],#f1[M],g1[N],g[M],g1[N],(a1.b3)[M],a[M],a1[N],#f1[M],#f[N],#f1[M],(c2.a3.d1)[M],c1[N],c2[M],a1[N],a[M],a1[M],d2[N],d1[M],d2[N],c2[M],c1[M],c2[N],(a1.d)[M],a[N],a1[M],d2[M],d1[N],d2[M],c2[N],c1[M],c2[M],a1[N],a[M],a1[N],(d2.d1)[M],d1[M],d2[N],c2[M],c1[N],c2[M],(#f2.d)[M],#f1[N],#f2[M],d2[N],d1[M],d2[M],c2[N],c1[M],c2[N],#f2[M],#f1[M],#f2[N],(d2.d)[M],d1[N],d2[M],c2[M],c1[N],c2[M],(#f2.c1)[N],#f1[M],#f2[M],d2[N],d1[M],d2[N],(a2.d1)[M],a1[M],a2[N],#f2[M],#f1[N],#f2[M],(#f2.a)[M],#f1[N],#f2[M],a2[N],a1[M],a2[M],(a2.#f)[N],a1[M],a2[N],#f2[M],#f1[M],#f2[N],(c3.d)[M],c2[N],c3[M],a2[M],a1[N],a2[M],(d3.c)[N],d2[M],d3[M],c3[N],c2[M],c3[N],(c3.a1.A-1)[M],c2[M],c3[N],d3[M],d2[N],d3[M],a2[M],a1[N],a2[M],c3[N],c2[M],c3[M],(g2.c2.a)[N],g1[M],g2[N],a2[M],a1[M],a2[N],(e2.d2)[M],e1[N],e2[M],g2[M],g1[N],g2[M],(a2.c2.A-1)[N],a1[M],a2[M],e2[N],e1[M],e2[N],(g2.#d2)[M],g1[M],g2[N],a2[M],a1[N],a2[M],(e2.d2.a)[M],e1[N],e2[M],g2[N],g1[M],g2[M],(c2.e2.A-1)[N],c1[M],c2[N],e2[M],e1[M],e2[N],g2[M],g1[N],g2[M],c2[M],c1[N],c2[M],(e2.a2.A-1)[N],e1[M],e2[M],g2[N],g1[M],g2[N],(c2.#d2.g)[M],c1[M],c2[N],e2[M],(e1.d2)[N],e2[M],(a1.a)[M],a[N],(a1.c2)[M],c2[N],c1[M],c2[M],(e2.d2.A-1)[N],e1[M],e2[N],a1[M],a[M],a1[N],(c2.a1)[M],c1[N],c2[M],e2[M],e1[N],e2[M],(a1.c2.a)[N],a[M],a1[M],c2[N],c1[M],c2[N],g1[M],g[M],g1[N],a1[M],a[N],a1[M],(#f1.d)[M],#f[N],#f1[M],g1[N],g[M],g1[M],(a1.g1)[N],a[M],a1[N],#f1[M],#f[M],#f1[N],(c2.a1.d1)[M],c1[N],c2[M],a1[M],a[N],a1[M],(d2.c2)[N],d1[M],d2[M],c2[N],c1[M],c2[N],(a1.d)[M],a[M],a1[N],d2[M],d1[N],d2[M],(c2.a1)[M],c1[N],c2[M],a1[N],a[M],a1[M],(d2.c2.d1)[N],d1[M],d2[N],c2[M],c1[M],c2[N],(#f2.d2.d)[M],#f1[N],#f2[M],d2[M],d1[N],d2[M],c2[N],c1[M],c2[M],#f2[N],#f1[M],#f2[N],(d2.#d2.d)[M],d1[M],d2[N],c2[M],c1[N],c2[M],(#f2.e2.c1)[M],#f1[N],#f2[M],d2[N],d1[M],d2[M],(a2.d1)[N],a1[M],a2[N],#f2[M],#f1[M],#f2[N],(#f2.c3.d)[M],#f1[N],#f2[M],a2[M],(a1.a2)[N],a2[M],a2[N],a1[M],(a2.g2)[M],#f2[N],#f1[M],#f2[N],(c3.e2.d1)[M],c2[M],c3[N],a2[M],(a1.#d2)[N],a2[M],d3[M],d2[N],(d3.d2)[M],c3[N],c2[M],c3[M],(c3.c2.A-1)[N],c2[M],c3[N],d3[M],d2[M],d3[N],a2[M],a1[N],a2[M],c3[M],c2[N],c3[M],(g2.a1.a)[N],g1[M],g2[M],a2[N],a1[M],a2[N],(e2.d2)[M],e1[M],e2[N],g2[M],g1[N],g2[M],(a2.A-1)[M],a1[N],a2[M],e2[N],e1[M],e2[M],(g2.a1)[N],g1[M],g2[N],a2[M],a1[M],a2[N],(e2.c2.a)[M],e1[N],e2[M],g2[M],g1[N],g2[M],(c2.A-1)[N],c1[M],c2[M],e2[N],e1[M],e2[N],(g2.a1)[M],g1[M],g2[N],c2[M],c1[N],c2[M],(e2.#c2.A-1)[M],e1[N],e2[M],g2[N],g1[M],g2[M],(c2.d2.g)[N],c1[M],c2[N],e2[M],e1[M],e2[N],(a1.a)[M],a[N],a1[M],c2[M],c1[N],c2[M],(e2.c2.A-1)[N],e1[M],e2[M],a1[N],a[M],a1[N],(c2.a1)[M],c1[M],c2[N],e2[M],e1[N],e2[M],(a1.g1.a)[M],a[N],a1[M],c2[N],c1[M],c2[M],(g1.a1)[N],g[M],g1[N],a1[M],a[M],a1[N],(#f1.b1.d)[M],#f[N],#f1[M],g1[M],g[N],g1[M],(a1.c2)[N],a[M],a1[M],#f1[N],#f[M],#f1[N],(c2.b1.d1)[M],c1[M],c2[N],a1[M],a[N],a1[M],(d2.c2)[M],d1[N],d2[M],c2[N],c1[M],c2[M],(a1.c2.d)[N],a[M],a1[N],d2[M],d1[M],d2[N],(c2.d2)[M],c1[N],c2[M],a1[M],a[N],a1[M],(d2.c2.d1)[N],d1[M],d2[M],c2[N],c1[M],c2[N],(#f2.d2.d)[M],#f1[M],#f2[N],d2[M],d1[N],d2[M],(c2.d2)[M],c1[N],c2[M],#f2[N],#f1[M],#f2[M],(d2.#f2.d)[N],d1[M],d2[N],c2[M],c1[M],c2[N],(#f2.d2.c1)[M],#f1[N],#f2[M],d2[M],d1[N],d2[M],(a2.g2.d1)[N],a1[M],a2[M],#f2[N],#f1[M],#f2[N],(#f2.d)[M],#f1[M],#f2[N],a2[M],a1[N],a2[M],a2[M],a1[N],a2[M],#f2[N],#f1[M],#f2[M],(c3.g2.d1)[N],c2[M],c3[N],a2[M],a1[M],a2[N],(d3.c3)[M],d2[N],d3[M],c3[M],c2[N],c3[M],(c3.#d3.A-1)[N],c2[M],c3[M],d3[N],d2[M],d3[N],(a2.e3)[M],a1[M],a2[N],c3[M],c2[N],c3[M],(g2.e3.a)[M],g1[N],g2[M],a2[N],a1[M],a2[M],(e2.#d3)[N],e1[M],e2[N],g2[M],g1[M],g2[N],(a2.e3.A-1)[M],a1[N],a2[M],e2[M],e1[N],e2[M],(g2.e3)[N],g1[M],g2[M],a2[N],a1[M],a2[N],(e2.#d3.a)[M],e1[M],e2[N],g2[M],g1[N],g2[M],(c2.e3.A-1)[M],c1[N],c2[M],e2[N],e1[M],e2[M],(g2.e3)[N],g1[M],g2[N],c2[M],c1[M],c2[N],(e2.#d3.A-1)[M],e1[N],e2[M],g2[M],g1[N],g2[M],(c2.e3.g)[N],c1[M],c2[M],e2[N],e1[M],e2[N],(a1.e3.a)[M],a[M],a1[N],c2[M],c1[N],c2[M],(e2.#d3.A-1)[M],e1[N],e2[M],a1[N],a[M],a1[M],(c2.d3)[N],c1[M],c2[N],e2[M],e1[M],e2[N],(a1.c3.a)[M],a[N],a1[M],c2[M],c1[N],c2[M],(g1.a2)[N],g[M],g1[M],a1[N],a[M],a1[N],(#f1.g2.d)[M],#f[M],#f1[N],g1[M],(g.#g2)[N],g1[M],a1[M],a[N],(a1.a2)[M],#f1[N],#f[M],#f1[M],(c2.c3.d1)[N],c1[M],c2[N],a1[M],a[M],a1[N],(d2.d3)[M],d1[N],d2[M],c2[M],c1[N],c2[M],(a1.d)[N],a[M],a1[M],d2[N],d1[M],d2[N],(c2.#f2)[M],c1[M],c2[N],a1[M],a[N],a1[M],(d2.g2.d1)[M],d1[N],d2[M],c2[N],c1[M],c2[M],(#f2.a2.d)[N],#f1[M],#f2[N],d2[M],d1[M],d2[N],(c2.c3)[M],c1[N],c2[M],#f2[M],#f1[N],#f2[M],(d2.d)[N],d1[M],d2[M],c2[N],c1[M],c2[N],(#f2.a2.c1)[M],#f1[M],#f2[N],d2[M],d1[N],d2[M],(a2.d3.d1)[M],a1[N],a2[M],#f2[N],#f1[M],#f2[M],(#f2.d)[N],#f1[M],#f2[N],a2[M],a1[M],a2[N],(a2.c3)[M],a1[N],a2[M],#f2[M],#f1[N],#f2[M],(c3.e3.d1)[N],c2[M],c3[M],a2[N],a1[M],a2[N],(d3.#f3)[M],d2[M],d3[N],c3[M],c2[N],c3[M],(c3.g3.A-1)[M],c2[N],c3[M],d3[N],d2[M],d3[M],(a2.a3)[N],a1[M],a2[N],c3[M],c2[M],c3[N],(g2.g3.a)[M],g1[N],g2[M],a2[M],a1[N],a2[M],(e2.g3)[N],e1[M],e2[M],g2[N],g1[M],g2[N],(a2.a3.A-1)[M],a1[M],a2[N],e2[M],e1[N],e2[M],(g2.g3)[M],g1[N],g2[M],a2[N],a1[M],a2[M],(e2.g3.a)[N],e1[M],e2[N],g2[M],g1[M],g2[N],(c2.a3.A-1)[M],c1[N],c2[M],e2[M],e1[N],e2[M],(g2.g3)[N],g1[M],g2[M],c2[N],c1[M],c2[N],(e2.g3.A-1)[M],e1[M],e2[N],g2[M],g1[N],g2[M],(c2.a3.g)[M],c1[N],c2[M],e2[N],e1[M],e2[M],(a1.g3.a)[N],a[M],a1[N],c2[M],c1[M],c2[N],(e2.e3.A-1)[M],e1[N],e2[M],a1[M],(a.#d3)[N],a1[M],c2[N],c1[M],(c2.d3)[M],e2[N],e1[M],e2[N],(a1.c3.a)[M],a[M],a1[N],c2[M],c1[N],c2[M],(g1.a2)[M],g[N],g1[M],(a1.g2)[N],a[M],a1[M],(#f1.#f2.d)[N],#f[M],#f1[N],g1[M],g[M],g1[N],a1[M],a[N],a1[M],(#f1.g2)[M],#f[N],#f1[M],(c2.d1)[N],c1[M],c2[M],a1[N],a[M],a1[N],(d2.a2)[M],d1[M],d2[N],c2[M],c1[N],c2[M],(a1.g2.d)[M],a[N],a1[M],d2[N],d1[M],d2[M],(c2.a2)[N],c1[M],c2[N],(a1.#c3)[M],a[M],a1[N],(d2.d3.d1)[M],d1[N],d2[M],c2[M],c1[N],c2[M],(#f2.d)[N],#f1[M],#f2[M],d2[N],d1[M],d2[N],c1[M],c[M],c1[N],#f2[M],#f1[N],#f2[M],(d2.d)[M],d1[N],d2[M],c2[N],c1[M],c2[M],(#f2.c4.c1)[N],#f1[M],#f2[N],d2[M],(d1.a3)[M],d2[N],(a2.d1)[M],a1[N],(a2.g3)[M],#f2[M],#f1[N],#f2[M],(#f2.e3.a)[N],#f1[M],#f2[M],a2[N],(a1.#d3)[M],a2[N],(a2.#f)[M],a1[M],(a2.d3)[N],#f2[M],#f1[N],#f2[M],(c3.d)[M],c2[N],c3[M],a2[N],(a1.a2)[M],a2[M],(d3.c)[N],d2[M],(d3.g2)[N],c3[M],c2[M],c3[N];"],"id":2,"instruments":["piano","piano"],"alternatives":["",""]},{"bpm":720,"baseBeats":0.75,"scores":["mute[LM],mute[LM],mute[LM],mute[K],5<UV>,mute[LM],mute[LMN],5<UV>,mute[LM],mute[LMN],5<UV>,mute[LM],mute[LM],mute[LM],mute[LM],mute[KN],5<UV>,mute[LM],mute[LM],mute[LM],mute[K],mute[JMN],mute[JMN],mute[KM],mute[KN],mute[KM],mute[KN],mute[KM],mute[JKLN],mute[KN],mute[KM],mute[JMN],mute[JMN],mute[JL],mute[KN],mute[KM],mute[KN],mute[KM],mute[KM],mute[JKL],mute[KM],mute[KM],mute[JMN],mute[JMN],mute[JMN],mute[KM],mute[KN],mute[KM],mute[KM],mute[KN],mute[JKLN],mute[KM],mute[KN],mute[JMN],mute[JL],mute[JMN],mute[KN],mute[KM],mute[KM],mute[KN],mute[KM],mute[JKLN],mute[KN],mute[KM],mute[JMN],mute[JMN],mute[JMN],mute[KM],mute[KM],mute[KN],mute[KM],mute[KN],mute[JKLN],mute[KM],mute[KN],mute[JL],mute[JMN],mute[JMN],mute[KM],mute[KN],mute[KM],mute[KN],mute[KM],mute[JKLN],mute[KN],mute[KLM],5<UV>,5<UV>,5<UV>,5<UV>,5<UV>,5<UV>,5<UV>,5<UV>,5<UV>,mute[KN],mute[KM],mute[KN],mute[KM],mute[KM],mute[JMN],mute[KN],mute[KM],mute[KM],mute[KN],mute[KM],mute[KN],mute[JL],mute[HMN],5<UV>,5<UV>,5<UV>,5<UV>,5<UV>,5<UV>,5<UV>,5<UV>,5<UV>,5<UV>,mute[KMN],5<UV>,mute[JMN],mute[JMN],mute[JMN],mute[JMN],mute[KM],mute[KM],mute[KN],mute[KM],mute[KN],mute[KM],mute[KM],mute[JMN],mute[KN],mute[JL],mute[KN],mute[KM],mute[KN],mute[KM],mute[JMN],mute[KM],mute[JMN],mute[JMN],mute[KM],mute[KN],mute[KM],mute[KM],mute[KN],mute[KM],mute[KN],mute[JL],mute[KN],mute[JMN],mute[JL],mute[JMN],mute[KN],mute[KM],mute[KM],mute[JMN],mute[JMN],mute[KM],mute[KN],mute[JMN],mute[KM],mute[KM],mute[KN],mute[JMN],mute[KM],mute[JKM],mute[LM],mute[LM],mute[KM],mute[KM],mute[KN],mute[JKLN],mute[KM],mute[KN],mute[KM],mute[KN],mute[JL],mute[JMN],mute[KN],mute[KM],mute[JMN],mute[KM],mute[KN],mute[JL],mute[KN],mute[JMN],mute[JL],mute[KN],mute[KM],mute[KN],mute[JL],mute[KN],mute[KM],mute[KN],mute[KM],mute[JMN],mute[KM],mute[JMN],mute[JMN],mute[KM],mute[KN],mute[KM],mute[KM],mute[KN],mute[JMN],mute[JL],mute[KN],mute[KM],mute[KN],mute[JKLN],mute[KM],5<UV>,5<UV>,mute[LMN],mute[KM],mute[JMN],mute[JMN],mute[JMN],mute[KM],mute[KN],mute[KM],mute[KM],mute[KN],mute[KM],mute[KN],mute[JL],mute[KN],mute[LMN],mute[KL],mute[KM],mute[KM],mute[KN],mute[KM],mute[LM],mute[KLN],mute[KM],mute[KN],mute[KM],mute[KN],mute[KM],mute[KM],mute[KN],mute[KM],mute[KN],mute[KM],mute[KM],mute[KN],mute[JMN],mute[KM],mute[JMN],mute[JMN],mute[KM],mute[LM],5<UV>,mute[LM],mute[KMN],mute[KN],mute[KM],mute[KM],mute[KN],mute[KM],mute[KN],mute[KM],mute[JMN],mute[KM],mute[KN],mute[KM],mute[JMN],mute[KM],mute[JMN],5<UV>,mute[LM],mute[LMN],mute[KM],mute[KN],mute[KM],mute[KLM],mute[KLMN],mute[KN],mute[KM],mute[KM],mute[KN],mute[JMN],mute[KM],mute[KM],mute[KN],mute[KM],mute[KN],mute[KM],mute[KM],mute[KN],mute[KM],mute[KN],mute[KM],mute[KM],mute[KN],mute[KM],mute[KN],mute[KM],mute[KM],mute[KN],mute[KM],mute[KN],mute[KM],mute[KM],mute[KN],mute[KM],mute[LM],mute[KLN],mute[KM],mute[JMN],mute[JMN],mute[KM],mute[KN],mute[KM],mute[KN],mute[KM],mute[JMN],mute[JMN],mute[KM],mute[KM],mute[KN],mute[KM],mute[JMN],mute[KM],5<UV>,mute[KN],mute[KN],mute[KM],mute[KM],mute[KN],mute[KM],mute[KM],mute[KN],mute[KM],mute[JKL],mute[KLM],mute[KN],mute[LM],mute[LMN],mute[KLMN],mute[KMN],mute[KM],mute[LM],mute[KM],mute[LM],mute[KN],mute[KMN],mute[LM],mute[K],mute[KLN],mute[KLM],mute[KMN],mute[KLN],mute[KM],mute[LM],mute[LM],mute[LM],mute[JLMN];","(A-1.c3)[LMN],a2[LM],g2[LM],(c.c3)[LMN],a2[MN],e[MN],g2[LMN],(c.c3)[LM],a2[MN],g[MN],g2[LMN],(e.c3)[LM],a2[MN],#f[L],g2[LM],c3[LM],a2[LMN],g2[LM],(d.c3)[LMN],a2[MN],#f[MN],g2[LM],(A-1.c3)[LMN],a2[LM],g2[LMN],#G-1[JMN],G-1[JMN],#A-1[KM],d[KN],#A-1[KM],f[KN],d[KM],e[JKLN],c[KN],e[KM],G-1[JMN],#G-1[JMN],A-1[JL],c[KN],e[KM],c[KN],g[KM],e[KM],#f[JKL],d[KM],#f[KM],A-1[JMN],#G-1[JMN],G-1[JMN],#A-1[KM],d[KN],#A-1[KM],f[KM],d[KN],e[JKLN],c[KM],e[KN],G-1[JMN],#G-1[JL],A-1[JMN],c[KN],e[KM],c[KM],g[KN],e[KM],#f[JKLN],d[KN],#f[KM],A-1[JMN],#G-1[JMN],G-1[JMN],#A-1[KM],d[KM],#A-1[KN],f[KM],d[KN],e[JKLN],c[KM],e[KN],G-1[JL],#G-1[JMN],(A-1.A-2)[JMN],(c.C-1)[KM],(e.E-1)[KN],(c.C-1)[KM],(g.G-1)[KN],(e.E-1)[KM],(#f.#F-1)[JKLN],(d.D-1)[KN],(#f.#F-1)[KM],(A-1.b3)[M],d3[N],#g2[M],#d2[N],c2[M],a1[M],#f1[N],e1[M],d1[N],c1[M],b[M],a[N],(#G-1.#g)[M],g[N],#f[M],f[M],#d[N],d[MN],#c[M],c[M],B-1[N],#A-1[MN],(G-1.A-1)[M],#G-1[MN],G-1[M],#F-1[MN],F-1[MN],E-1[MN],#D-1[L],(#A-1.d2)[KN],(d.f2)[KM],(#A-1.d2)[KN],(f.a2)[KM],(d.f2)[KM],(e.g2)[JMN],(e.g2)[KN],(d2.f2.d)[KM],(f2.#a2.f)[KM],(d2.f2)[KN],(a2.d3.a)[KM],(f2.#a2)[KN],(g2.c3.g)[JL],(g2.c3)[HMN],(a3.b3)[N],(#c3.d3)[M],(g2.#g2)[M],#d2[N],(b1.c2)[M],(#g1.a1)[N],#f1[M],e1[M],d1[N],c1[M],b[N],a[M],#g[M],g[N],(f.#f)[M],(e.f)[N],#d[M],d[MN],#c[M],c[N],B-1[M],#A-1[M],A-1[N],A-1[M],#G-1[MN],G-1[M],#F-1[MN],F-1[MN],E-1[M],#D-1[N],#D-1[MN],D-1[L],#C-1[MN],C-1[LN],B-2[L],#A-2[L],(A-1.A-2)[JMN],A-1[JMN],(a.A-1)[JMN],(A-1.A-2)[JMN],(G-1.G-2)[KM],(A-1.A-2)[KM],A-1[KN],(a.A-1)[KM],(d.D-1)[KN],(G-1.G-2)[KM],(A-1.A-2)[KM],(A-1.A-2)[JMN],(A-1.A-2)[KN],(A-1.A-2)[JL],(g.G-1)[KN],(a.A-1)[KM],(c.C-1)[KN],(#c.#C-1)[KM],(d.D-1)[JMN],(d1.d)[KM],(c.C-1)[JMN],(d.D-1)[JMN],(A-1.A-2)[KM],(A-1.A-2)[KN],(A-1.A-2)[KM],(A-1.A-2)[KM],A-1[KN],(c.C-1)[KM],(c.C-1)[KN],(A-1.A-2)[JL],(#d.#D-1)[KN],(e.E-1)[JMN],(d.D-1)[JL],(c.C-1)[JMN],(A-1.A-2)[KN],A-1[KM],(A-1.A-2)[KM],(A-1.A-2)[JMN],(B-1.B-2)[JMN],(b.B-1)[KM],(B-1.B-2)[KN],(c.C-1)[JMN],(c1.c)[KM],(d.D-1)[KM],(#d.#D-1)[KN],(d.D-1)[JMN],(c.C-1)[KM],(d.D-1)[JKM],d[LM],(d.D-1)[LM],(d1.d)[KM],(c1.c)[KM],(d1.d)[KN],(d.D-1)[JKLN],(d.D-1)[KM],(d.D-1)[KN],(#c.#C-1)[KM],(d.D-1)[KN],(a.A-1)[JL],(d.D-1)[JMN],(c1.c)[KN],(d1.d)[KM],(d.D-1)[JMN],(g.G-1)[KM],(a.A-1)[KN],(d.D-1)[JL],(c.C-1)[KN],(a.A-1)[JMN],(c.C-1)[JL],(d.D-1)[KN],(d1.d)[KM],(d1.d)[KN],(d.D-1)[JL],(#c.#C-1)[KN],(d.D-1)[KM],(#c1.#c)[KN],(d1.d)[KM],(d.D-1)[JMN],(d1.d)[KM],(c1.c)[JMN],(d.D-1)[JMN],(e.E-1)[KM],(e.E-1)[KN],(e.E-1)[KM],(#d1.#d)[KM],(e1.e)[KN],(d1.d)[JMN],(b.B-1)[JL],(#a.#A-1)[KN],(a.A-1)[KM],(e.E-1)[KN],(g.G-1)[JKLN],(e.E-1)[KM],(#d.#D-1)[MN],(d.D-1)[MN],(#c.#C-1)[MN],(A-1.b2)[L],c3[LM],A-2[KM],A-1[JMN],(a.b2)[JMN],(A-1.A-2)[JMN],(G-1.#f2)[LMN],g2[MN],A-1[KN],A-1[KM],(a.e2)[KM],d[KN],(G-1.G-2)[KM],(A-1.a2)[KN],(A-1.A-2)[JL],(A-1.A-2)[KN],(A-1.#d2)[LMN],e2[KL],(g.d2)[KM],(a.A-1)[KM],(c.c2)[KN],(#c.#C-1)[KM],(d.d2)[LM],#d2[KLN],(d1.d)[KM],(c.d2)[KN],C-1[KM],(d.c2)[KN],D-1[KM],(A-1.a1)[KM],(A-1.A-2)[KN],(A-1.A-2)[KM],(A-1.A-2)[KN],A-1[KM],(c.C-1)[KM],(c.C-1)[KN],(A-1.A-2)[JMN],(#d.#D-1)[KM],(e.E-1)[JMN],(d.D-1)[JMN],(c.C-1)[KM],#d1[LM],e1[L],A-1[MN],a1[LM],(A-1.b1)[LN],c2[LN],A-1[KN],(A-1.a1)[KM],d2[KM],(B-1.B-2)[KN],#d2[KM],(b.B-1)[KN],(B-1.e2)[KM],(c.C-1)[JMN],(c1.c)[KM],(d.D-1)[KN],(#d.#D-1)[KM],(d.D-1)[JMN],(c.C-1)[KM],(d.D-1)[JMN],f1[MN],#f1[MN],d[LMN],(d.D-1)[LM],(d1.g1)[KM],(c1.c)[KN],(d1.a1)[KM],(d.D-1)[KM],#c2[L],d2[KLMN],d[KN],(d.c2)[KM],(#c.#C-1)[KM],(d.D-1)[KN],(a.A-1)[JMN],(d.#f2)[KM],D-1[KM],(c1.g2)[KN],(d1.a2)[KM],(d.D-1)[KN],c3[KM],(g.G-1)[KM],(a.d3)[LM],#d3[MN],d[KM],#d3[KN],(c.d3)[KM],(a.A-1)[KM],c3[KN],(c.C-1)[KM],a2[KN],(d.D-1)[KM],(d1.d)[KM],(d1.d)[KN],(d.g2)[KM],D-1[KN],(#c.a2)[KM],(d.D-1)[KM],(#c1.#c)[KN],(d1.d)[KM],(d.b2)[LM],c3[KLN],(d1.d)[KM],(c1.a2)[JMN],(d.D-1)[JMN],(e.E-1)[KM],(e.#d3)[L],e3[LN],e[KM],(#d1.#d)[KN],(e1.e)[KM],(d1.d3)[JMN],(B-1.b)[JMN],(b2.#a)[LN],c3[LN],a[KM],(e.E-1)[KN],(G-1.g)[KM],a2[KLM],#g2[M],g2[MN],(E-1.e)[KM],(#d.#D-1)[MN],(d.D-1)[MN],(#c.#C-1)[KN],(d.G-1)[KN],(G-1.d)[KM],(G-1.d)[KM],(A-1.e)[KN],(G-1.d)[KM],(A-1.e)[KM],(d.G-1)[KN],(G-1.d)[KM],(G-1.d)[JKL],(A-1.e)[KM],(G-1.d)[L],(A-1.e)[KN],(G-1.d)[LMN],(G-1.d)[LM],(g.c)[KLMN],(a.d)[KN],(c.g)[M],(a.d)[KM],(#d.#a)[LM],(a.d)[KM],(#d.#a)[LM],(c.g)[KN],(a.d)[KMN],(d.G-1)[LMN],(e.A-1)[LMN],(e.A-1)[KN],(e.A-1)[L],(g.c)[KLM],(d.G-1)[L],(e.A-1)[LMN],(g.c)[KLN],(a.d)[KM],(#a.#d)[LMN],(a.d)[L],(g.c)[LMN],(e.A-1)[JLMN];"],"id":3,"instruments":["piano","piano"],"alternatives":["",""]}],"audition":{"start":[0,0],"end":[2,361]}}