{"baseBpm":450,"musics":[{"bpm":450,"baseBeats":0.75,"scores":["TW,TW,TW,TW,TW,TW,TW,TW,TW,TW,TW,TW,TW,TW,TW,TW,TW,TW,TW,TW,TW,TW,TW,TW,TW,TW,TW,TW,TW,TW,TW,TW,TW,TW,TW,TW,TW,TW,TW,TW,TW,TW,TW,TW,TW,TW,TW,TW,TW,TW,TW,TW,TW,TW,TW,TW,TW,TW,TW,TW,TW,TW,TW,TW,5<UV>,5<UV>,5<UV>,5<UV>,5<UV>,5<UV>,5<UV>,5<UV>,5<UV>,5<UV>,5<UV>,5<UV>,5<UV>,5<UV>,5<UV>,5<UV>,5<UV>,5<UV>,5<UV>,5<UV>,5<UV>,5<UV>,5<UV>,5<UV>,5<UV>,5<UV>,5<UV>,5<UV>,5<UV>,5<UV>,5<UV>,5<UV>,5<UV>,5<UV>,5<UV>,5<UV>,5<UV>,5<UV>,5<UV>,5<UV>,5<UV>,5<UV>,5<UV>,5<UV>,5<UV>,5<UV>,5<UV>,5<UV>,5<UV>,5<UV>,5<UV>,5<UV>,5<UV>,5<UV>,5<UV>,5<UV>,5<UV>,5<UV>,5<UV>,5<UV>,5<UV>,5<UV>,5<UV>,5<UV>,5<UV>,5<UV>,5<UV>,5<UV>,5<UV>,5<UV>,5<UV>,5<UV>,5<UV>,5<UV>,5<UV>,5<UV>,5<UV>,5<UV>,5<UV>,5<UV>,5<UV>,5<UV>,5<UV>,5<UV>,5<UV>,5<UV>,5<UV>,5<UV>,5<UV>,5<UV>,5<UV>,5<UV>,5<UV>,5<UV>,5<UV>,5<UV>,TW,TW,TW,TW,TW,TW,TW,TW,TW,TW,TW,TW,TW,TW,TW,TW,TW,TW,TW,TW,TW,TW,TW,TW,TW,TW,TW,TW,TW,TW,TW,TW,TW,TW,TW,TW,TW,TW,TW,TW,TW,TW,TW,TW,TW,TW,TW,TW,TW,TW,TW,TW,TW,TW,TW,TW,TW,TW,TW,TW,TW,TW,TW,TW,TW,TW,TW,TW,TW,TW,TW,TW,TW,TW,TW,TW,TW,TW,TW,TW,TW,TW,TW,TW,TW,TW,TW,TW,TW,TW,TW,TW,TW,TW,TW,TW,TW,TW,TW,TW,TW,TW,TW,TW,TW,TW,TW,TW,TW,TW,TW,TW,TW,TW,TW,TW,TW,TW,TW,TW,TW,TW,TW,TW,TW,TW,TW,TW,SV,TW,SV,TW,TW,TW,SV,TW,SV,TW,TW,TW,SV,TW,SV,TW,TW,TW,SV,TW,SV,TW,TW,TW,SV,TW,SV,TW,TW,TW,SV,TW,SV,TW,TW,TW,SV,TW,SV,TW,TW,TW,SV,TW,SV,TW,TW,TW,TW,TW,TU,UV,TW,TW,TU,UV,TW,TW,TU,UV,TW,TW,TU,UV,TW,TW,TU,UV,TW,TW,TU,UV,TW,TW,TU,UV,TW,TW,TU,UV,TW,TW,TU,UV,TW,TW,TU,UV,TW,TW,TU,UV,TW,TW,TU,UV,TW,TW,TU,UV,TW,TW,TU,UV,TU,UV,TW,UV,UV,UV,TW,TU,UV,TW,TW,TU,UV,TW,TW,TU,UV,TW,TW,TU,UV,TW,TW,TU,UV,TW,TW,TU,UV,TW,TW,TU,UV,TW,TW,TU,UV,TW,TW,TU,UV,TW,TW,TU,UV,TW,TW,TU,UV,TW,TW,TU,UV,TW,TW,TU,UV,TW,TW,TU,UV,TW,TW,TU,UV,TU,UV,TW,UV,UV,UV,TW,TU,UV,TW,TW,TU,UV,TW,TW,TU,UV,TW,TW,TU,UV,TW,TW,TU,UV,TW,TW,TU,UV,TW,TW,TU,UV,TW,TW,TU,UV,TW,TW,TU,UV,TW,TW,TU,UV,TW,TW,TU,UV,TW,TW,TU,UV,TW,TW,TU,UV,TW,TW,TU,UV,TW,TW,TU,UV,TU,UV,TW,UV,UV,UV,TW,TU,UV,TU,UV,TW,UV,UV,UV,TW,TU,UV,TU,UV,TW,UV,UV,UV,TW,TU,UV,TU,UV,TW,UV,UV,UV,TW,TU,UV,TU,UV,TU,UV,TW,TW,TU,UV,TU,UV,TW,UV,UV,UV,TW,TU,UV,TU,UV,TW,UV,UV,UV,TW,TU,UV,TU,UV,TW,UV,UV,UV,TW,TU,UV,STVW,STVW,SV,STVW,STVW,SV,TW,TW,TW,TW,","(d2.#a1.g1)[KN],(d2.#a1.g1)[KN],(d2.#a1.g1)[KN],(d2.#a1.g1)[KN],(d2.#a1.g1)[KN],(d2.#a1.g1)[KN],(d2.#a1.g1)[KN],(d2.#a1.g1)[KN],(d2.#a1.g1)[KN],(d2.#a1.g1)[KN],(d2.#a1.g1)[KN],(d2.#a1.g1)[KN],(d2.#a1.g1)[KN],(d2.#a1.g1)[KN],(c2.a1.f1)[KN],(c2.a1.f1)[KN],(d2.#a1.g1)[KN],(d2.#a1.g1)[KN],(d2.#a1.g1)[KN],(d2.#a1.g1)[KN],(d2.#a1.g1)[KN],(d2.#a1.g1)[KN],(d2.#a1.g1)[KN],(d2.#a1.g1)[KN],(d2.#a1.g1)[KN],(d2.#a1.g1)[KN],(d2.#a1.g1)[KN],(d2.#a1.g1)[KN],(d2.#a1.g1)[KN],(d2.#a1.g1)[KN],(c2.a1.f1)[KN],(c2.a1.f1)[KN],(d2.#a1.g1)[KN],(d2.#a1.g1)[KN],(d2.#a1.g1)[KN],(d2.#a1.g1)[KN],(d2.#a1.g1)[KN],(d2.#a1.g1)[KN],(d2.#a1.g1)[KN],(d2.#a1.g1)[KN],(d2.#a1.g1)[KN],(d2.#a1.g1)[KN],(d2.#a1.g1)[KN],(d2.#a1.g1)[KN],(d2.#a1.g1)[KN],(d2.#a1.g1)[KN],(c2.a1.f1)[KN],(c2.a1.f1)[KN],(d2.#a1.g1)[KN],(d2.#a1.g1)[KN],(d2.#a1.g1)[KN],(d2.#a1.g1)[KN],(d2.#a1.g1)[KN],(d2.#a1.g1)[KN],(d2.#a1.g1)[KN],(d2.#a1.g1)[KN],(d2.#a1.g1)[KN],(d2.#a1.g1)[KN],(d2.#a1.g1)[KN],(d2.#a1.g1)[KN],(d2.#a1.g1)[KN],(d2.#a1.g1)[KN],(c2.a1.f1)[KN],(c2.a1.f1)[KN],g[MP],#a[MP],d1[MP],d1[MP],#a[MP],d1[MP],g1[MP],g1[MP],d1[MP],g1[MP],#a1[MP],#a1[MP],g1[MP],#a1[MP],d2[MP],d2[MP],#a1[MP],d2[MP],g2[MP],g2[MP],d2[MP],g2[MP],#a2[MP],#a2[MP],g2[MP],#a2[MP],d3[MP],d3[MP],#a2[MP],d3[MP],g3[MP],g3[MP],f[MP],a[MP],c1[MP],c1[MP],a[MP],c1[MP],f1[MP],f1[MP],c1[MP],f1[MP],a1[MP],a1[MP],f1[MP],a1[MP],c2[MP],c2[MP],a1[MP],c2[MP],f2[MP],f2[MP],c2[MP],f2[MP],a2[MP],a2[MP],f2[MP],a2[MP],c3[MP],c3[MP],a2[MP],c3[MP],f3[MP],f3[MP],#d[MP],#d[MP],g[MP],#d[MP],g[MP],g[MP],#a[MP],g[MP],#a[MP],#a[MP],#d1[MP],#a[MP],#d1[MP],#d1[MP],g1[MP],#d1[MP],g1[MP],g1[MP],#a1[MP],g1[MP],#a1[MP],#a1[MP],#d2[MP],#a1[MP],#d2[MP],#d2[MP],g2[MP],#d2[MP],g2[MP],g2[MP],#a2[MP],g2[MP],#d2[MP],#d2[MP],g2[MP],#d2[MP],g2[MP],g2[MP],#a2[MP],g2[MP],#a2[MP],#a2[MP],#d3[MP],#a2[MP],#d3[MP],#d3[MP],g3[MP],#d3[MP],g3[MP],g3[MP],#a3[MP],g3[MP],#a3[MP],#a3[MP],#d4[MP],#a3[MP],#d4[MP],#d4[MP],g4[MP],#d4[MP],g4[MP],g4[MP],#a4[MP],#a4[MP],#d[MP],#d[MP],g[MP],#a[MP],g[MP],g[MP],#a[MP],#d1[MP],#a[MP],#a[MP],#d1[MP],g1[MP],#d1[MP],#d1[MP],g1[MP],#a1[MP],g1[MP],g1[MP],#a1[MP],#d2[MP],#a1[MP],#a1[MP],#d2[MP],g2[MP],#d2[MP],#d2[MP],g2[MP],#a2[MP],g2[MP],g2[MP],#a2[MP],#d3[MP],f[MP],f[MP],a[MP],c1[MP],a[MP],a[MP],c1[MP],f1[MP],c1[MP],c1[MP],f1[MP],a1[MP],f1[MP],f1[MP],a1[MP],c2[MP],a1[MP],a1[MP],c2[MP],f2[MP],c2[MP],c2[MP],f2[MP],a2[MP],f2[MP],f2[MP],a2[MP],c3[MP],a2[MP],a2[MP],c3[MP],f3[MP],#d[MP],#d[MP],g[MP],#d[MP],g[MP],g[MP],#a[MP],g[MP],#a[MP],#a[MP],#d1[MP],#a[MP],#d1[MP],#d1[MP],g1[MP],#d1[MP],g1[MP],g1[MP],#a1[MP],g1[MP],#a1[MP],#a1[MP],#d2[MP],#a1[MP],#d2[MP],#d2[MP],g2[MP],#d2[MP],g2[MP],g2[MP],#a2[MP],g2[MP],#d2[MP],#d2[MP],g2[MP],#d2[MP],g2[MP],g2[MP],#a2[MP],g2[MP],#a2[MP],#a2[MP],#d3[MP],#a2[MP],#d3[MP],#d3[MP],g3[MP],#d3[MP],g3[MP],g3[MP],#a3[MP],g3[MP],#a3[MP],#a3[MP],#d4[MP],#a3[MP],#d4[MP],#d4[MP],g4[MP],#d4[MP],g4[MP],g4[MP],#a4[MP],#a4[MP],(d2.#a1.g1)[KN],(d2.#a1.g1)[KN],(c2.d2.#a1.g1)[KN],(#a1.d2.g1)[KN],(d2.#a1.g1)[KN],(d1.d2.#a1.g1)[KN],(g1.d2.#a1)[KN],(a1.d2.#a1.g1)[KN],(c2.a1.f1)[KN],(c1.c2.a1.f1)[KN],(a1.c2.f1)[KN],(g1.c2.a1.f1)[KN],(d1.c2.a1.f1)[KN],(c1.c2.a1.f1)[KN],(f1.c2.a1)[KN],(g1.c2.a1.f1)[KN],(#a1.f1.#d1)[KN],(#a1.f1.#d1)[KN],(#a1.f1.#d1)[KN],(#a1.f1.#d1)[KN],(#a1.f1.#d1)[KN],(#a1.f1.#d1)[KN],(c2.#a1.f1.#d1)[KN],(d2.#a1.f1.#d1)[KN],(#a1.g1.#d1)[KN],(#a1.g1.#d1)[KN],(#a1.g1.#d1)[KN],(#a1.g1.#d1)[KN],(#a1.g1.#d1)[KN],(#a1.g1.#d1)[KN],(g1.#a1.#d1)[KN],(#a1.g1.#d1)[KN],(d2.#a1.g1.#d1)[KN],(#a1.g1.#d1)[KN],(c2.#a1.g1.#d1)[KN],(#a1.g1.#d1)[KN],(#a1.g1.#d1)[KN],(d1.#a1.g1.#d1)[KN],(g1.#a1.#d1)[KN],(a1.#a1.g1.#d1)[KN],(c2.a1.f1)[KN],(c1.c2.a1.f1)[KN],(a1.c2.f1)[KN],(g1.c2.a1.f1)[KN],(d1.c2.a1.f1)[KN],(c1.c2.a1.f1)[KN],(f1.c2.a1)[KN],(g1.c2.a1.f1)[KN],(#a1.f1.#d1)[KN],(#a1.f1.#d1)[KN],(#a1.f1.#d1)[KN],(#a1.f1.#d1)[KN],(#a1.f1.#d1)[KN],(#a1.f1.#d1)[KN],(c2.#a1.f1.#d1)[KN],(d2.#a1.f1.#d1)[KN],(#a1.g1.#d1)[KN],(#a1.g1.#d1)[KN],(#a1.g1.#d1)[KN],(#a1.g1.#d1)[KN],(#a1.g1.#d1)[KN],(#a1.g1.#d1)[KN],(g1.#a1.#d1)[KN],(#a1.g1.#d1)[KN],(d2.#a1.g1)[KN],(d2.#a1.g1)[KN],(c2.d2.#a1.g1.g2)[KN],(#a1.d2.g1.#a2)[KN],(d2.#a1.g1)[KN],(d1.d2.#a1.g1)[KN],(g1.d2.#a1.g2)[KN],(a1.d2.#a1.g1.f2)[KN],(c2.a1.f1)[KN],(c1.c2.a1.f1)[KN],(a1.c2.f1.f2)[KN],(g1.c2.a1.f1.a2)[KN],(d1.c2.a1.f1)[KN],(c1.c2.a1.f1)[KN],(f1.c2.a1.f2)[KN],(g1.c2.a1.f1)[KN],(#a1.f1.#d1)[KN],(#a1.f1.#d1)[KN],(#a1.f1.#d1.#d2)[KN],(#a1.f1.#d1.g2)[KN],(#a1.f1.#d1)[KN],(#a1.f1.#d1)[KN],(c2.#a1.f1.#d1.#d2)[KN],(d2.#a1.f1.#d1)[KN],(#a1.g1.#d1)[KN],(#a1.g1.#d1)[KN],(#a1.g1.#d1.#d2)[KN],(#a1.g1.#d1.g2)[KN],(#a1.g1.#d1)[KN],(#a1.g1.#d1)[KN],(g1.#a1.#d1.#d2)[KN],(#a1.g1.#d1)[KN],(d2.#a1.g1.#d1)[KN],(#a1.g1.#d1)[KN],(c2.#a1.g1.#d1.#d2)[KN],(#a1.g1.#d1.g2)[KN],(#a1.g1.#d1)[KN],(d1.#a1.g1.#d1)[KN],(g1.#a1.#d1.#d2)[KN],(a1.#a1.g1.#d1)[KN],(c2.a1.f1)[KN],(c1.c2.a1.f1)[KN],(a1.c2.f1.f2)[KN],(g1.c2.a1.f1.a2)[KN],(d1.c2.a1.f1)[KN],(c1.c2.a1.f1)[KN],(f1.c2.a1.f2)[KN],(g1.c2.a1.f1)[KN],(#a1.f1.#d1)[KN],(#a1.f1.#d1)[KN],(#a1.f1.#d1.#d2)[KN],(#a1.f1.#d1.g2)[KN],(#a1.f1.#d1)[KN],(#a1.f1.#d1)[KN],(c2.#a1.f1.#d1.#d2)[KN],(d2.#a1.f1.#d1)[KN],(#a1.g1.#d1)[KN],(#a1.g1.#d1)[KN],(#a1.g1.#d1.#d2)[KN],(#a1.g1.#d1.g2)[KN],(#a1.g1.#d1)[KN],(#a1.g1.#d1)[KN],(g1.#a1.#d1.#d2)[KN],(#a1.g1.#d1)[KN],d3[JM],c3[KN],#a2[JM],c2[KN],d2[KN],g1[KN],d3[JM],c3[KN],#a2[JM],c2[KN],d2[KN],g1[KN],d3[JM],c3[KN],#a2[JM],c2[KN],d2[KN],g1[KN],d3[JM],c3[KN],#a2[JM],c2[KN],d2[KN],g1[KN],d3[JM],c3[KN],#a2[JM],c2[KN],d2[KN],g1[KN],d3[JM],c3[KN],#a2[JM],c2[KN],d2[KN],g1[KN],d3[JM],c3[KN],#a2[JM],c2[KN],d2[KN],g1[KN],d3[JM],c3[KN],#a2[JM],c2[KN],d2[KN],g1[KN],(d2.#a1.g1.G-1)[KN],G-1[KN],G-1[KN],G-1[LO],G-1[LO],G-1[KN],G-1[KN],G-1[KN],G-1[LO],G-1[LO],G-1[KN],G-1[KN],G-1[KN],G-1[LO],G-1[LO],G-1[KN],G-1[KN],G-1[KN],G-1[LO],G-1[LO],(d2.#a1.g1.G-1)[KN],(d2.#a1.g1.G-1)[KN],G-1[KN],G-1[LO],G-1[LO],G-1[KN],G-1[KN],G-1[KN],G-1[LO],G-1[LO],G-1[KN],G-1[KN],G-1[KN],G-1[LO],G-1[LO],G-1[KN],G-1[KN],G-1[KN],G-1[LO],G-1[LO],(c2.a1.f1.G-1)[KN],(d2.#a1.g1.G-1)[KN],G-1[KN],G-1[LO],G-1[LO],G-1[KN],G-1[KN],G-1[KN],G-1[LO],G-1[LO],G-1[KN],G-1[KN],G-1[KN],G-1[LO],G-1[LO],G-1[KN],G-1[KN],G-1[KN],G-1[LO],G-1[LO],(d2.#a1.g1.G-1)[KN],(d2.#a1.g1.G-1)[KN],G-1[KN],G-1[LO],G-1[LO],G-1[KN],G-1[KN],G-1[KN],G-1[LO],G-1[LO],(g1.G-1)[KN],(g1.G-1)[LO],g1[LO],(g1.G-1)[KN],(g2.G-1)[LO],G-1[LO],(g1.G-1)[LO],g1[LO],(c2.G-1.F-1)[KN],(#a1.G-1)[KN],(g1.G-1)[LO],G-1[LO],(d2.#a1.g1.G-1)[KN],G-1[KN],G-1[KN],G-1[LO],G-1[LO],G-1[KN],G-1[KN],G-1[KN],G-1[LO],G-1[LO],G-1[KN],G-1[KN],G-1[KN],G-1[LO],G-1[LO],G-1[KN],G-1[KN],G-1[KN],G-1[LO],G-1[LO],(d2.#a1.g1.G-1)[KN],(d2.#a1.g1.G-1)[KN],G-1[KN],G-1[LO],G-1[LO],G-1[KN],G-1[KN],G-1[KN],G-1[LO],G-1[LO],G-1[KN],G-1[KN],G-1[KN],G-1[LO],G-1[LO],G-1[KN],G-1[KN],G-1[KN],G-1[LO],G-1[LO],(c2.a1.f1.G-1)[KN],(d2.#a1.g1.G-1)[KN],G-1[KN],G-1[LO],G-1[LO],G-1[KN],G-1[KN],G-1[KN],G-1[LO],G-1[LO],G-1[KN],G-1[KN],G-1[KN],G-1[LO],G-1[LO],G-1[KN],G-1[KN],G-1[KN],G-1[LO],G-1[LO],(d2.#a1.g1.G-1)[KN],(d2.#a1.g1.G-1)[KN],G-1[KN],G-1[LO],G-1[LO],G-1[KN],G-1[KN],G-1[KN],G-1[LO],G-1[LO],(g1.G-1)[KN],(g1.G-1)[LO],g1[LO],(g1.G-1)[KN],(g2.G-1)[LO],G-1[LO],(g1.G-1)[LO],g1[LO],(c2.G-1.F-1)[KN],(g2.G-1)[KN],(d2.G-1)[LO],G-1[LO],(g1.G-1.d2.#a1)[KN],(g1.G-1)[KN],(g1.G-1)[KN],(g1.G-1)[LO],G-1[LO],(g1.G-1)[KN],(g1.G-1)[KN],(g1.G-1)[KN],(g2.G-1)[LO],G-1[LO],G-1[KN],(g1.G-1)[KN],(g1.G-1)[KN],(g1.G-1)[LO],G-1[LO],(g1.G-1)[KN],(g1.G-1)[KN],(g1.G-1)[KN],(g2.G-1)[LO],G-1[LO],(G-1.d2.#a1.g1)[KN],(g1.G-1.d2.#a1)[KN],(g1.G-1)[KN],(g1.G-1)[LO],G-1[LO],(g1.G-1)[KN],(g1.G-1)[KN],(g1.G-1)[KN],(g2.G-1)[LO],G-1[LO],G-1[KN],(g1.G-1)[KN],(g1.G-1)[KN],(f2.G-1)[LO],G-1[LO],(g2.G-1)[KN],G-1[KN],(f2.G-1)[KN],G-1[LO],G-1[LO],(G-1.c2.a1.f1)[KN],(g1.G-1.d2.#a1)[KN],(g1.G-1)[KN],(g1.G-1)[LO],G-1[LO],(g1.G-1)[KN],(g1.G-1)[KN],(g1.G-1)[KN],(g2.G-1)[LO],G-1[LO],G-1[KN],(g1.G-1)[KN],(g1.G-1)[KN],(g1.G-1)[LO],G-1[LO],(g1.G-1)[KN],(g1.G-1)[KN],(g1.G-1)[KN],(g2.G-1)[LO],G-1[LO],(G-1.d2.#a1.g1)[KN],(g1.G-1.d2.#a1)[KN],(g1.G-1)[KN],(g1.G-1)[LO],G-1[LO],(g1.G-1)[KN],(g1.G-1)[KN],(g1.G-1)[KN],(g2.G-1)[LO],G-1[LO],(g1.G-1)[KN],(g1.G-1)[LO],g1[LO],(g1.G-1)[KN],(g2.G-1)[LO],G-1[LO],(g1.G-1)[LO],g1[LO],(c2.G-1.F-1)[KN],(#a1.G-1)[KN],(g1.G-1)[LO],G-1[LO],(g2.G-1.d2.#a1.g1)[KN],(g2.G-1)[LO],g2[LO],(g2.G-1)[KN],(g2.G-1)[LO],G-1[LO],(g2.G-1)[LO],g2[LO],(g2.G-1)[KN],(g2.G-1)[KN],(g2.G-1)[LO],G-1[LO],(g2.G-1)[KN],(g2.G-1)[LO],g2[LO],(g2.G-1)[KN],(g2.G-1)[LO],G-1[LO],(g2.G-1)[LO],g2[LO],(g2.G-1)[KN],(g2.G-1)[KN],(g2.G-1)[LO],G-1[LO],(g2.G-1.d2.#a1.g1)[KN],(g2.G-1.d2.#a1.g1)[LO],g2[LO],(g2.G-1)[KN],(g2.G-1)[LO],G-1[LO],(g2.G-1)[LO],g2[LO],(g2.G-1)[KN],(g2.G-1)[KN],(g2.G-1)[LO],G-1[LO],(g2.G-1)[KN],(g2.G-1)[LO],g2[LO],(g2.G-1)[KN],(g2.G-1)[LO],G-1[LO],(c2.G-1)[KN],(d2.G-1)[KN],(f1.G-1)[KN],(g1.G-1)[LO],G-1[LO],(g2.G-1.d2.#a1.g1)[KN],(g2.G-1)[LO],g2[LO],(g2.G-1)[KN],(g2.G-1)[LO],G-1[LO],(g2.G-1)[LO],g2[LO],(g2.G-1)[KN],(g2.G-1)[KN],(g2.G-1)[LO],G-1[LO],(g2.G-1)[KN],(g2.G-1)[LO],g2[LO],(g2.G-1)[KN],(g2.G-1)[LO],G-1[LO],(g2.G-1)[LO],g2[LO],(g2.G-1)[KN],(g2.G-1)[KN],(g2.G-1)[LO],G-1[LO],(g2.G-1.d2.#a1.g1)[KN],(g2.G-1.d2.#a1.g1)[LO],g2[LO],(g2.G-1)[KN],(g2.G-1)[LO],G-1[LO],(g2.G-1)[LO],g2[LO],(g2.G-1)[KN],(g2.G-1)[KN],(g2.G-1)[LO],G-1[LO],G-1[JKMN],G-1[JKMN],G-1[JM],G-1[JKMN],G-1[JKMN],G-1[JM],(d2.#a1.g1)[KN],(d2.#a1.g1)[KN],(c2.d2.#a1.g1)[KN],(#a1.d2.g1)[KN],"],"id":1},{"bpm":450,"baseBeats":0.75,"scores":["TW,TW,TW,TW,TW,TW,TW,TW,TW,TW,TW,TW,TW,TW,TW,TW,TW,TW,TW,TW,TW,TW,TW,TW,TW,TW,TW,TW,TW,TW,TW,TW,TW,TW,TW,TW,TW,TW,TW,TW,TW,TW,TW,TW,TW,TW,TW,TW,TW,TW,TW,TW,TW,TW,TW,TW,TW,TW,TW,TW,TW,TW,TW,TW,TW,TW,TW,TW,TW,TW,TW,TW,TW,TW,TW,TW,TW,TW,TW,TW,TW,TW,TW,TW,TW,TW,TW,TW,TW,TW,TW,TW,TW,TW,TW,TW,TW,TW,TW,TW,TW,TW,TW,TW,TW,TW,TW,TW,TW,TW,TW,TW,TW,TW,TW,TW,TW,TW,TW,TW,TW,TW,TW,TW,TW,TW,TW,TW,TW,TW,TW,TW,TW,TW,TW,TW,TW,TW,TW,TW,TW,TW,TW,TW,TW,TW,TW,TW,TW,TW,TW,TW,TW,TW,TW,TW,TW,TW,TW,TW,TW,TW,TW,TW,TW,TW,TW,TW,TW,TW,TW,TW,TW,TW,TW,TW,TW,TW,TW,TW,TW,TW,TW,TW,TW,TW,TW,TW,TW,TW,TW,TW,TW,TW,TW,TW,TW,TW,TW,TW,TW,TW,TW,TW,TW,TW,TW,TW,TW,TW,TW,TW,TW,TW,TW,TW,TW,TW,TW,TW,TW,TW,TW,TW,TW,TW,TW,TW,TW,TW,TW,TW,TW,TW,TW,TW,TW,TW,TW,TW,TW,TW,TW,TW,TW,TW,TW,TW,TW,TW,TW,TW,TW,TW,TW,TW,TW,TW,TW,TW,TW,TW,TW,TW,TW,TW,TW,TW,TW,TW,TW,TW,TW,TW,TW,TW,TW,TW,TW,TW,TW,TW,TW,TW,TW,TW,TW,TW,TW,TW,TW,TW,TW,TW,TW,TW,TW,TW,TW,TW,TW,TW,TW,TW,TW,TW,TW,TW,TW,TW,TW,TW,TW,TW,SV,TW,TW,TW,TW,TW,TW,TW,TW,TW,TW,TW,TW,TW,TW,TW,TW,TW,TW,TW,TW,TW,TW,TW,TW,TW,TW,TW,TW,TW,TW,TW,TW,TW,TW,TW,TW,TW,TW,TW,TW,TW,TW,TW,TW,TW,TW,TW,TW,TW,TW,TW,TW,TW,TW,TW,TW,TW,TW,TW,TW,TW,TW,TW,TW,TW,TW,TW,TW,TW,TW,TW,TW,TW,TW,TW,TW,TW,TW,TW,TW,TW,TW,TW,TW,TW,TW,TW,TW,TW,TW,TW,TW,TW,TW,TW,TW,TW,TW,TW,TW,TW,TW,TW,TW,TW,TW,TW,TW,TW,TW,TW,TW,TW,TW,TW,TW,TW,TW,TW,TW,TW,TW,TW,TW,TW,TW,TW,TW,TW,SV,STVW,TW,TW,STVW,STVW,TW,TW,TW,SV,STVW,TW,TW,STVW,STVW,TW,TW,TW,SV,STVW,TW,TW,STVW,STVW,TW,TW,TW,SV,STVW,TW,TW,STVW,STVW,TW,TW,5<UV>,5<UV>,5<UV>,5<UV>,5<UV>,5<UV>,5<UV>,5<UV>,5<UV>,5<UV>,5<UV>,5<UV>,5<UV>,5<UV>,5<UV>,5<UV>,5<UV>,5<UV>,5<UV>,5<UV>,5<UV>,5<UV>,5<UV>,5<UV>,5<UV>,5<UV>,5<UV>,5<UV>,5<UV>,5<UV>,5<UV>,5<UV>,5<UV>,5<UV>,5<UV>,5<UV>,5<UV>,5<UV>,5<UV>,5<UV>,5<UV>,5<UV>,5<UV>,5<UV>,5<UV>,5<UV>,5<UV>,5<UV>,5<UV>,5<UV>,5<UV>,5<UV>,5<UV>,5<UV>,5<UV>,5<UV>,5<UV>,5<UV>,5<UV>,5<UV>,5<UV>,5<UV>,5<UV>,5<UV>,5<UV>,5<UV>,5<UV>,5<UV>,5<UV>,5<UV>,5<UV>,5<UV>,5<UV>,5<UV>,5<UV>,5<UV>,5<UV>,5<UV>,5<UV>,5<UV>,5<UV>,5<UV>,5<UV>,5<UV>,5<UV>,5<UV>,5<UV>,5<UV>,5<UV>,5<UV>,5<UV>,5<UV>,5<UV>,5<UV>,5<UV>,5<UV>,TW,TW,","(d2.#a1.g1)[KN],(d1.d2.#a1.g1)[KN],(g1.d2.#a1)[KN],(a1.d2.#a1.g1)[KN],(c2.a1.f1)[KN],(c1.c2.a1.f1)[KN],(a1.c2.f1)[KN],(g1.c2.a1.f1)[KN],(d1.c2.a1.f1)[KN],(c1.c2.a1.f1)[KN],(f1.c2.a1)[KN],(g1.c2.a1.f1)[KN],(#a1.f1.#d1)[KN],(#a1.f1.#d1)[KN],(#a1.f1.#d1)[KN],(#a1.f1.#d1)[KN],(#a1.f1.#d1)[KN],(#a1.f1.#d1)[KN],(c2.#a1.f1.#d1)[KN],(d2.#a1.f1.#d1)[KN],(#a1.g1.#d1)[KN],(#a1.g1.#d1)[KN],(#a1.g1.#d1)[KN],(#a1.g1.#d1)[KN],(#a1.g1.#d1)[KN],(#a1.g1.#d1)[KN],(g1.#a1.#d1)[KN],(#a1.g1.#d1)[KN],(d2.#a1.g1.#d1)[KN],(#a1.g1.#d1)[KN],(c2.#a1.g1.#d1)[KN],(#a1.g1.#d1)[KN],(#a1.g1.#d1)[KN],(d1.#a1.g1.#d1)[KN],(g1.#a1.#d1)[KN],(a1.#a1.g1.#d1)[KN],(c2.a1.f1)[KN],(c1.c2.a1.f1)[KN],(a1.c2.f1)[KN],(g1.c2.a1.f1)[KN],(d1.c2.a1.f1)[KN],(c1.c2.a1.f1)[KN],(f1.c2.a1)[KN],(g1.c2.a1.f1)[KN],(#a1.f1.#d1)[KN],(#a1.f1.#d1)[KN],(#a1.f1.#d1)[KN],(#a1.f1.#d1)[KN],(#a1.f1.#d1)[KN],(#a1.f1.#d1)[KN],(c2.#a1.f1.#d1)[KN],(d2.#a1.f1.#d1)[KN],(#a1.g1.#d1)[KN],(#a1.g1.#d1)[KN],(#a1.g1.#d1)[KN],(#a1.g1.#d1)[KN],(#a1.g1.#d1)[KN],(#a1.g1.#d1)[KN],(g1.#a1.#d1)[KN],(#a1.g1.#d1)[KN],(d2.#a1.g1.d3)[KN],(d2.#a1.g1)[KN],(c2.d2.#a1.g1.c3)[KN],(#a1.d2.g1.#a2)[KN],(d2.#a1.g1)[KN],(d1.d2.#a1.g1)[KN],(g1.d2.#a1.g2)[KN],(a1.d2.#a1.g1.a2)[KN],(c2.a1.f1)[KN],(c1.c2.a1.f1)[KN],(a1.c2.f1.a2)[KN],(g1.c2.a1.f1.g2)[KN],(d1.c2.a1.f1.d2)[KN],(c1.c2.a1.f1)[KN],(f1.c2.a1.f2)[KN],(g1.c2.a1.f1.g2)[KN],(#a1.f1.#d1)[KN],(#a1.f1.#d1)[KN],(#a1.f1.#d1)[KN],(#a1.f1.#d1)[KN],(#a1.f1.#d1)[KN],(#a1.f1.#d1)[KN],(c2.#a1.f1.#d1.c3)[KN],(d2.#a1.f1.#d1.d3)[KN],(#a1.g1.#d1)[KN],(#a1.g1.#d1)[KN],(#a1.g1.#d1)[KN],(#a1.g1.#d1)[KN],(#a1.g1.#d1)[KN],(#a1.g1.#d1)[KN],(g1.#a1.#d1.g2)[KN],(#a1.g1.#d1)[KN],(d2.#a1.g1.#d1.d3)[KN],(#a1.g1.#d1)[KN],(c2.#a1.g1.#d1.c3)[KN],(#a1.g1.#d1.#a2)[KN],(#a1.g1.#d1)[KN],(d1.#a1.g1.#d1.d2)[KN],(g1.#a1.#d1.g2)[KN],(a1.#a1.g1.#d1.a2)[KN],(c2.a1.f1)[KN],(c1.c2.a1.f1)[KN],(a1.c2.f1.a2)[KN],(g1.c2.a1.f1.g2)[KN],(d1.c2.a1.f1.d2)[KN],(c1.c2.a1.f1)[KN],(f1.c2.a1.f2)[KN],(g1.c2.a1.f1.g2)[KN],(#a1.f1.#d1)[KN],(#a1.f1.#d1)[KN],(#a1.f1.#d1)[KN],(#a1.f1.#d1)[KN],(#a1.f1.#d1)[KN],(#a1.f1.#d1)[KN],(c2.#a1.f1.#d1.c3)[KN],(d2.#a1.f1.#d1.d3)[KN],(#a1.g1.#d1)[KN],(#a1.g1.#d1)[KN],(#a1.g1.#d1)[KN],(#a1.g1.#d1)[KN],(#a1.g1.#d1)[KN],(#a1.g1.#d1)[KN],(g1.#a1.#d1)[KN],(#a1.g1.#d1)[KN],(d2.#a1.g1)[KN],(d2.#a1.g1)[KN],(c2.d2.#a1.g1)[KN],(#a1.d2.g1)[KN],(d2.#a1.g1)[KN],(d1.d2.#a1.g1)[KN],(g1.d2.#a1)[KN],(a1.d2.#a1.g1)[KN],(c2.a1.f1)[KN],(c1.c2.a1.f1)[KN],(a1.c2.f1)[KN],(g1.c2.a1.f1)[KN],(d1.c2.a1.f1)[KN],(c1.c2.a1.f1)[KN],(f1.c2.a1)[KN],(g1.c2.a1.f1)[KN],(#a1.f1.#d1)[KN],(#a1.f1.#d1)[KN],(#a1.f1.#d1)[KN],(#a1.f1.#d1)[KN],(#a1.f1.#d1)[KN],(#a1.f1.#d1)[KN],(c2.#a1.f1.#d1)[KN],(d2.#a1.f1.#d1)[KN],(#a1.g1.#d1)[KN],(#a1.g1.#d1)[KN],(#a1.g1.#d1)[KN],(#a1.g1.#d1)[KN],(#a1.g1.#d1)[KN],(#a1.g1.#d1)[KN],(g1.#a1.#d1)[KN],(#a1.g1.#d1)[KN],(d2.#a1.g1.#d1)[KN],(#a1.g1.#d1)[KN],(c2.#a1.g1.#d1)[KN],(#a1.g1.#d1)[KN],(#a1.g1.#d1)[KN],(d1.#a1.g1.#d1)[KN],(g1.#a1.#d1)[KN],(a1.#a1.g1.#d1)[KN],(c2.a1.f1)[KN],(c1.c2.a1.f1)[KN],(a1.c2.f1)[KN],(g1.c2.a1.f1)[KN],(d1.c2.a1.f1)[KN],(c1.c2.a1.f1)[KN],(f1.c2.a1)[KN],(g1.c2.a1.f1)[KN],(#a1.f1.#d1)[KN],(#a1.f1.#d1)[KN],(#a1.f1.#d1)[KN],(#a1.f1.#d1)[KN],(#a1.f1.#d1)[KN],(#a1.f1.#d1)[KN],(c2.#a1.f1.#d1)[KN],(d2.#a1.f1.#d1)[KN],(#a1.g1.#d1)[KN],(#a1.g1.#d1)[KN],(#a1.g1.#d1)[KN],(#a1.g1.#d1)[KN],(#a1.g1.#d1)[KN],(#a1.g1.#d1)[KN],(g1.#a1.#d1)[KN],(#a1.g1.#d1)[KN],(d2.#a1.g1)[KN],(d2.#a1.g1)[KN],(c2.d2.#a1.g1)[KN],(#a1.d2.g1)[KN],(d2.#a1.g1)[KN],(d1.d2.#a1.g1)[KN],(g1.d2.#a1)[KN],(a1.d2.#a1.g1)[KN],(c2.a1.f1)[KN],(c1.c2.a1.f1)[KN],(a1.c2.f1)[KN],(g1.c2.a1.f1)[KN],(d1.c2.a1.f1)[KN],(c1.c2.a1.f1)[KN],(f1.c2.a1)[KN],(g1.c2.a1.f1)[KN],(#a1.f1.#d1)[KN],(#a1.f1.#d1)[KN],(#a1.f1.#d1)[KN],(#a1.f1.#d1)[KN],(#a1.f1.#d1)[KN],(#a1.f1.#d1)[KN],(c2.#a1.f1.#d1)[KN],(d2.#a1.f1.#d1)[KN],(#a1.g1.#d1)[KN],(#a1.g1.#d1)[KN],(#a1.g1.#d1)[KN],(#a1.g1.#d1)[KN],(#a1.g1.#d1)[KN],(#a1.g1.#d1)[KN],(g1.#a1.#d1)[KN],(#a1.g1.#d1)[KN],(d2.#a1.g1.#d1)[KN],(#a1.g1.#d1)[KN],(c2.#a1.g1.#d1)[KN],(#a1.g1.#d1)[KN],(#a1.g1.#d1)[KN],(d1.#a1.g1.#d1)[KN],(g1.#a1.#d1)[KN],(a1.#a1.g1.#d1)[KN],(c2.a1.f1)[KN],(c1.c2.a1.f1)[KN],(a1.c2.f1)[KN],(g1.c2.a1.f1)[KN],(d1.c2.a1.f1)[KN],(c1.c2.a1.f1)[KN],(f1.c2.a1)[KN],(g1.c2.a1.f1)[KN],(#a1.f1.#d1)[KN],(#a1.f1.#d1)[KN],(#a1.f1.#d1)[KN],(#a1.f1.#d1)[KN],(#a1.f1.#d1)[KN],(#a1.f1.#d1)[KN],(c2.#a1.f1.#d1)[KN],(d2.#a1.f1.#d1)[KN],(#a1.g1.#d1)[KN],(#a1.g1.#d1)[KN],(#a1.g1.#d1)[KN],(#a1.g1.#d1)[KN],(#a1.g1.#d1)[KN],(#a1.g1.#d1)[KN],(#a1.g1.#d1)[KN],(#a1.g1.#d1)[KN],(g1.d2.#a1)[KN],(g.d2.#a1.g1)[KN],(d1.d2.#a1.g1)[KN],(g1.d2.#a1)[KN],(#a1.d2.g1)[KN],(g.d2.#a1.g1)[KN],(d1.d2.#a1.g1)[KN],(g1.d2.#a1)[KN],(c2.d2.#a1.g1)[KN],(g.d2.#a1.g1)[KN],(d1.d2.#a1.g1)[KN],(g1.d2.#a1)[KN],(d2.#a1.g1)[KN],(g.d2.#a1.g1)[KN],(d1.d2.#a1.g1)[KN],(g1.d2.#a1)[KN],(#a1.g1.#d1)[KN],(#d1.#a1.g1)[KN],(g1.#a1.#d1)[KN],(#a1.g1.#d1)[KN],(c2.#a1.g1.#d1)[KN],(#d1.#a1.g1)[KN],(g1.#a1.#d1)[KN],(#a1.g1.#d1)[KN],(d2.c2.a1.f1)[KN],(f1.c2.a1)[KN],(a1.c2.f1)[KN],(g1.c2.a1.f1)[KN],(f1.c2.a1)[KN],(g1.c2.a1.f1)[KN],(f2.c2.a1.f1)[KN],(d2.c2.a1.f1)[KN],(g1.d2.#a1)[KN],(g.d2.#a1.g1)[KN],(d1.d2.#a1.g1)[KN],(g1.d2.#a1)[KN],(#a1.d2.g1)[KN],(g.d2.#a1.g1)[KN],(d1.d2.#a1.g1)[KN],(g1.d2.#a1)[KN],(c2.d2.#a1.g1)[KN],(g.d2.#a1.g1)[KN],(d1.d2.#a1.g1)[KN],(g1.d2.#a1)[KN],(d2.#a1.g1)[KN],(g.d2.#a1.g1)[KN],(d1.d2.#a1.g1)[KN],(g1.d2.#a1)[KN],(#a1.g1.#d1)[KN],(#d1.#a1.g1)[KN],(g1.#a1.#d1)[KN],(#a1.g1.#d1)[KN],(c2.#a1.g1.#d1)[KN],(#d1.#a1.g1)[KN],(g1.#a1.#d1)[KN],(#a1.g1.#d1)[KN],G-2[KN],G-2[KN],#A-2[KN],G-2[KN],D-1[KN],F-1[KN],D-1[JM],(g1.G-2.d2.#a1)[KN],g[KN],d1[KN],(g1.G-2)[KN],#a1[KN],g[KN],(d1.G-2)[KN],g1[KN],(c2.G-2)[KN],g[KN],d1[KN],(g1.G-2)[KN],d2[KN],g[KN],(d1.G-2)[KN],g1[KN],(#a1.#D-1.d2.g1)[KN],#d1[KN],g1[KN],(#a1.#D-1)[KN],c2[KN],#d1[KN],(g1.#D-1)[KN],#a1[KN],(d2.F-1)[KN],f1[KN],a1[KN],(g1.F-1)[KN],f1[KN],g1[KN],(f2.F-1)[KN],d2[KN],(g1.G-2.d2.#a1)[KN],g[KN],d1[KN],(g1.G-2)[KN],#a1[KN],g[KN],(d1.G-2)[KN],g1[KN],(c2.G-2)[KN],g[KN],d1[KN],(g1.G-2)[KN],d2[KN],g[KN],(d1.G-2)[KN],g1[KN],(#a1.#D-1.d2.g1)[KN],#d1[KN],g1[KN],(g2.#D-1)[KN],f2[KN],#d1[KN],(d2.#D-1)[KN],c2[KN],(d2.F-1.#a1.g1)[KN],f1[KN],a1[KN],(g1.F-1)[KN],f1[KN],g1[KN],(f2.F-1)[KN],d2[KN],(g1.G-2.d2.#a1)[KN],g[KN],d1[KN],(g1.G-2)[KN],#a1[KN],g[KN],(d1.G-2)[KN],g1[KN],(c2.G-2)[KN],g[KN],d1[KN],(g1.G-2)[KN],d2[KN],g[KN],(d1.G-2)[KN],g1[KN],(#a1.#D-1.d2.g1)[KN],#d1[KN],g1[KN],(#a1.#D-1)[KN],c2[KN],#d1[KN],(g1.#D-1)[KN],#a1[KN],(d2.F-1)[KN],f1[KN],a1[KN],(g1.F-1)[KN],f1[KN],g1[KN],(f2.F-1)[KN],d2[KN],(g1.G-2.d2.#a1)[KN],g[KN],d1[KN],(g1.G-2)[KN],#a1[KN],g[KN],(d1.G-2)[KN],g1[KN],(c2.G-2)[KN],g[KN],d1[KN],(g1.G-2)[KN],d2[KN],g[KN],(d1.G-2)[KN],g1[KN],(#a1.#D-1.d2.g1)[KN],#d1[KN],g1[KN],(g2.#D-1)[KN],f2[KN],#d1[KN],(d2.#D-1)[KN],c2[KN],(d2.F-1.#a1.g1)[KN],f1[KN],a1[KN],(g1.F-1)[KN],f1[KN],g1[KN],(f2.F-1)[KN],d2[KN],(g1.G-2.d2.#a1)[KN],(d2.#a1.g1)[JM],d2[JKMN],c2[KN],d2[KN],g1[JKMN],#a1[JKMN],a1[KN],f1[KN],(g1.G-2.d2.#a1)[KN],(d2.#a1.g1)[JM],d2[JKMN],c2[KN],d2[KN],g1[JKMN],#a1[JKMN],a1[KN],f1[KN],(g1.G-2.d2.#a1)[KN],(d2.#a1.g1)[JM],d2[JKMN],c2[KN],d2[KN],g1[JKMN],#a1[JKMN],a1[KN],f1[KN],(g1.#D-1.d2.#a1)[KN],(d2.#a1.g1)[JM],d2[JKMN],c2[KN],d2[KN],(g1.F-1)[JKMN],#a1[JKMN],a1[KN],f1[KN],(g.d2.#a1.g1)[MP],#a[MP],d1[MP],d1[MP],(#a.d2.#a1.g1)[MP],d1[MP],g1[MP],g1[MP],(d1.d2.#a1.g1)[MP],g1[MP],#a1[MP],#a1[MP],(g1.d2.#a1)[MP],#a1[MP],d2[MP],d2[MP],(#a1.d2.g1)[MP],d2[MP],g2[MP],g2[MP],(d2.#a1.g1)[MP],g2[MP],#a2[MP],#a2[MP],(g2.d2.#a1.g1)[MP],#a2[MP],d3[MP],d3[MP],(#a2.d2.#a1.g1)[MP],d3[MP],g3[MP],g3[MP],(f.c2.a1.f1)[MP],a[MP],c1[MP],c1[MP],(a.c2.a1.f1)[MP],c1[MP],f1[MP],f1[MP],(c1.c2.a1.f1)[MP],f1[MP],a1[MP],a1[MP],(f1.c2.a1)[MP],a1[MP],c2[MP],c2[MP],(a1.c2.f1)[MP],c2[MP],f2[MP],f2[MP],(c2.a1.f1)[MP],f2[MP],a2[MP],a2[MP],(f2.c2.a1.f1)[MP],a2[MP],c3[MP],c3[MP],(a2.c2.a1.f1)[MP],c3[MP],f3[MP],f3[MP],(#d.#a1.f1.#d1)[MP],#d[MP],g[MP],#d[MP],(g.#a1.f1.#d1)[MP],g[MP],#a[MP],g[MP],(#a.#a1.f1.#d1)[MP],#a[MP],#d1[MP],#a[MP],(#d1.#a1.f1)[MP],#d1[MP],g1[MP],#d1[MP],(g1.#a1.f1.#d1)[MP],g1[MP],#a1[MP],g1[MP],(#a1.f1.#d1)[MP],#a1[MP],#d2[MP],#a1[MP],(#d2.#a1.f1.#d1)[MP],#d2[MP],g2[MP],#d2[MP],(g2.#a1.f1.#d1)[MP],g2[MP],#a2[MP],g2[MP],(#d2.#a1.g1.#d1)[MP],#d2[MP],g2[MP],#d2[MP],(g2.#a1.g1.#d1)[MP],g2[MP],#a2[MP],g2[MP],(#a2.#a1.g1.#d1)[MP],#a2[MP],#d3[MP],#a2[MP],(#d3.#a1.g1.#d1)[MP],#d3[MP],g3[MP],#d3[MP],(g3.#a1.g1.#d1)[MP],g3[MP],#a3[MP],g3[MP],(#a3.#a1.g1.#d1)[MP],#a3[MP],#d4[MP],#a3[MP],(#d4.#a1.g1.#d1)[MP],#d4[MP],g4[MP],#d4[MP],(g4.#a1.g1.#d1)[MP],g4[MP],#a4[MP],#a4[MP],(#d.#a1.g1.#d1)[MP],#d[MP],g[MP],#a[MP],(g.#a1.g1.#d1)[MP],g[MP],#a[MP],#d1[MP],(#a.#a1.g1.#d1)[MP],#a[MP],#d1[MP],g1[MP],(#d1.#a1.g1)[MP],#d1[MP],g1[MP],#a1[MP],(g1.#a1.#d1)[MP],g1[MP],#a1[MP],#d2[MP],(#a1.g1.#d1)[MP],#a1[MP],#d2[MP],g2[MP],(#d2.#a1.g1.#d1)[MP],#d2[MP],g2[MP],#a2[MP],(g2.#a1.g1.#d1)[MP],g2[MP],#a2[MP],#d3[MP],(f.c2.a1.f1)[MP],f[MP],a[MP],c1[MP],(a.c2.a1.f1)[MP],a[MP],c1[MP],f1[MP],(c1.c2.a1.f1)[MP],c1[MP],f1[MP],a1[MP],(f1.c2.a1)[MP],f1[MP],a1[MP],c2[MP],(a1.c2.f1)[MP],a1[MP],c2[MP],f2[MP],(c2.a1.f1)[MP],c2[MP],f2[MP],a2[MP],(f2.c2.a1.f1)[MP],f2[MP],a2[MP],c3[MP],(a2.c2.a1.f1)[MP],a2[MP],c3[MP],f3[MP],(#d.#a1.f1.#d1)[MP],#d[MP],g[MP],#d[MP],(g.#a1.f1.#d1)[MP],g[MP],#a[MP],g[MP],(#a.#a1.f1.#d1)[MP],#a[MP],#d1[MP],#a[MP],(#d1.#a1.f1)[MP],#d1[MP],g1[MP],#d1[MP],(g1.#a1.f1.#d1)[MP],g1[MP],#a1[MP],g1[MP],(#a1.f1.#d1)[MP],#a1[MP],#d2[MP],#a1[MP],(#d2.#a1.f1.#d1)[MP],#d2[MP],g2[MP],#d2[MP],(g2.#a1.f1.#d1)[MP],g2[MP],#a2[MP],g2[MP],(#d2.#a1.g1.#d1)[MP],#d2[MP],g2[MP],#d2[MP],(g2.#a1.g1.#d1)[MP],g2[MP],#a2[MP],g2[MP],(#a2.#a1.g1.#d1)[MP],#a2[MP],#d3[MP],#a2[MP],(#d3.#a1.g1.#d1)[MP],#d3[MP],g3[MP],#d3[MP],(g3.#a1.g1.#d1)[MP],g3[MP],#a3[MP],g3[MP],(#a3.#a1.g1.#d1)[MP],#a3[MP],#d4[MP],#a3[MP],(#d4.#a1.g1.#d1)[MP],#d4[MP],g4[MP],#d4[MP],(g4.#a1.g1.#d1)[MP],g4[MP],#a4[MP],#a4[MP],(d2.#a1.g1)[KN],(d2.#a1.g1)[KN],"],"id":2},{"bpm":450,"baseBeats":0.75,"scores":["TW,TW,TW,TW,TW,TW,TW,TW,TW,TW,TW,TW,TW,TW,TW,TW,TW,TW,TW,TW,TW,TW,TW,TW,TW,TW,TW,TW,TW,TW,TW,TW,TW,TW,TW,TW,TW,TW,TW,TW,TW,TW,TW,TW,TW,TW,TW,TW,TW,TW,TW,TW,TW,TW,TW,TW,TW,TW,TW,TW,TW,TW,TW,TW,TW,TW,TW,TW,TW,TW,TW,TW,TW,TW,TW,TW,TW,TW,TW,TW,TW,TW,TW,TW,TW,TW,TW,TW,TW,TW,TW,TW,TW,TW,TW,TW,TW,TW,TW,TW,TW,TW,TW,TW,TW,TW,TW,TW,TW,TW,TW,TW,TW,TW,TW,TW,TW,TW,TW,TW,TW,TW,TW,TW,TW,TW,SV,TW,SV,TW,TW,TW,SV,TW,SV,TW,TW,TW,SV,TW,SV,TW,TW,TW,SV,TW,SV,TW,TW,TW,SV,TW,SV,TW,TW,TW,SV,TW,SV,TW,TW,TW,SV,TW,SV,TW,TW,TW,SV,TW,SV,TW,TW,TW,TW,TW,TU,UV,TW,TW,TU,UV,TW,TW,TU,UV,TW,TW,TU,UV,TW,TW,TU,UV,TW,TW,TU,UV,TW,TW,TU,UV,TW,TW,TU,UV,TW,TW,TU,UV,TW,TW,TU,UV,TW,TW,TU,UV,TW,TW,TU,UV,TW,TW,TU,UV,TW,TW,TU,UV,TU,UV,TW,UV,UV,UV,TW,TU,UV,TW,TW,TU,UV,TW,TW,TU,UV,TW,TW,TU,UV,TW,TW,TU,UV,TW,TW,TU,UV,TW,TW,TU,UV,TW,TW,TU,UV,TW,TW,TU,UV,TW,TW,TU,UV,TW,TW,TU,UV,TW,TW,TU,UV,TW,TW,TU,UV,TW,TW,TU,UV,TW,TW,TU,UV,TU,UV,TW,UV,UV,UV,TW,TU,UV,TW,TW,TU,UV,TW,TW,TU,UV,TW,TW,TU,UV,TW,TW,TU,UV,TW,TW,TU,UV,TW,TW,TU,UV,TW,TW,TU,UV,TW,TW,TU,UV,TW,TW,TU,UV,TW,TW,TU,UV,TW,TW,TU,UV,TW,TW,TU,UV,TW,TW,TU,UV,TW,TW,TU,UV,TU,UV,TW,UV,UV,UV,TW,TU,UV,TU,UV,TW,UV,UV,UV,TW,TU,UV,TU,UV,TW,UV,UV,UV,TW,TU,UV,TU,UV,TW,UV,UV,UV,TW,TU,UV,TU,UV,TU,UV,TW,TW,TU,UV,TU,UV,TW,UV,UV,UV,TW,TU,UV,TU,UV,TW,UV,UV,UV,TW,TU,UV,TU,UV,TW,UV,UV,UV,TW,TU,UV,STVW,STVW,SV,STVW,STVW,SV,TW,TW,TW,TW,TW,TW,TW,TW,TW,TW,TW,TW,TW,TW,TW,TW,TW,TW,TW,TW,TW,TW,TW,TW,TW,TW,TW,TW,TW,TW,TW,TW,TW,TW,TW,TW,TW,TW,TW,TW,TW,TW,TW,TW,TW,TW,TW,TW,TW,TW,TW,TW,TW,TW,TW,TW,TW,TW,TW,TW,TW,TW,TW,TW,TW,TW,TW,TW,TW,TW,TW,TW,TW,TW,TW,TW,TW,TW,TW,TW,TW,TW,TW,TW,TW,TW,TW,TW,TW,TW,TW,TW,TW,TW,TW,TW,TW,TW,TW,TW,TW,TW,TW,TW,TW,TW,TW,TW,TW,TW,TW,TW,TW,TW,TW,TW,TW,TW,TW,TW,TW,TW,TW,TW,TW,TW,TW,TW,TW,TW,TW,TW,TW,TW,TW,TW,TW,TW,TW,TW,TW,TW,TW,TW,TW,TW,TW,TW,TW,TW,TW,TW,TW,TW,TW,TW,TW,TW,TW,TW,TW,TW,TW,TW,TW,TW,TW,TW,TW,TW,TW,TW,TW,TW,TW,TW,TW,TW,TW,TW,TW,TW,TW,TW,TW,TW,TW,TW,TW,TW,TW,TW,STVW,STVW,SV,STVW,STVW,SV,STVW,STVW,SXY,","(c2.d2.#a1.g1)[KN],(#a1.d2.g1)[KN],(d2.#a1.g1)[KN],(d1.d2.#a1.g1)[KN],(g1.d2.#a1)[KN],(a1.d2.#a1.g1)[KN],(c2.a1.f1)[KN],(c1.c2.a1.f1)[KN],(a1.c2.f1)[KN],(g1.c2.a1.f1)[KN],(d1.c2.a1.f1)[KN],(c1.c2.a1.f1)[KN],(f1.c2.a1)[KN],(g1.c2.a1.f1)[KN],(#a1.f1.#d1)[KN],(#a1.f1.#d1)[KN],(#a1.f1.#d1)[KN],(#a1.f1.#d1)[KN],(#a1.f1.#d1)[KN],(#a1.f1.#d1)[KN],(c2.#a1.f1.#d1)[KN],(d2.#a1.f1.#d1)[KN],(#a1.g1.#d1)[KN],(#a1.g1.#d1)[KN],(#a1.g1.#d1)[KN],(#a1.g1.#d1)[KN],(#a1.g1.#d1)[KN],(#a1.g1.#d1)[KN],(g1.#a1.#d1)[KN],(#a1.g1.#d1)[KN],(d2.#a1.g1.#d1)[KN],(#a1.g1.#d1)[KN],(c2.#a1.g1.#d1)[KN],(#a1.g1.#d1)[KN],(#a1.g1.#d1)[KN],(d1.#a1.g1.#d1)[KN],(g1.#a1.#d1)[KN],(a1.#a1.g1.#d1)[KN],(c2.a1.f1)[KN],(c1.c2.a1.f1)[KN],(a1.c2.f1)[KN],(g1.c2.a1.f1)[KN],(d1.c2.a1.f1)[KN],(c1.c2.a1.f1)[KN],(f1.c2.a1)[KN],(g1.c2.a1.f1)[KN],(#a1.f1.#d1)[KN],(#a1.f1.#d1)[KN],(#a1.f1.#d1)[KN],(#a1.f1.#d1)[KN],(#a1.f1.#d1)[KN],(#a1.f1.#d1)[KN],(c2.#a1.f1.#d1)[KN],(d2.#a1.f1.#d1)[KN],(#a1.g1.#d1)[KN],(#a1.g1.#d1)[KN],(#a1.g1.#d1)[KN],(#a1.g1.#d1)[KN],(#a1.g1.#d1)[KN],(#a1.g1.#d1)[KN],(g1.#a1.#d1)[KN],(#a1.g1.#d1)[KN],(d2.#a1.g1)[KN],(d2.#a1.g1)[KN],(c2.d2.#a1.g1.g2)[KN],(#a1.d2.g1.#a2)[KN],(d2.#a1.g1)[KN],(d1.d2.#a1.g1)[KN],(g1.d2.#a1.g2)[KN],(a1.d2.#a1.g1.f2)[KN],(c2.a1.f1)[KN],(c1.c2.a1.f1)[KN],(a1.c2.f1.f2)[KN],(g1.c2.a1.f1.a2)[KN],(d1.c2.a1.f1)[KN],(c1.c2.a1.f1)[KN],(f1.c2.a1.f2)[KN],(g1.c2.a1.f1)[KN],(#a1.f1.#d1)[KN],(#a1.f1.#d1)[KN],(#a1.f1.#d1.#d2)[KN],(#a1.f1.#d1.g2)[KN],(#a1.f1.#d1)[KN],(#a1.f1.#d1)[KN],(c2.#a1.f1.#d1.#d2)[KN],(d2.#a1.f1.#d1)[KN],(#a1.g1.#d1)[KN],(#a1.g1.#d1)[KN],(#a1.g1.#d1.#d2)[KN],(#a1.g1.#d1.g2)[KN],(#a1.g1.#d1)[KN],(#a1.g1.#d1)[KN],(g1.#a1.#d1.#d2)[KN],(#a1.g1.#d1)[KN],(d2.#a1.g1.#d1)[KN],(#a1.g1.#d1)[KN],(c2.#a1.g1.#d1.#d2)[KN],(#a1.g1.#d1.g2)[KN],(#a1.g1.#d1)[KN],(d1.#a1.g1.#d1)[KN],(g1.#a1.#d1.#d2)[KN],(a1.#a1.g1.#d1)[KN],(c2.a1.f1)[KN],(c1.c2.a1.f1)[KN],(a1.c2.f1.f2)[KN],(g1.c2.a1.f1.a2)[KN],(d1.c2.a1.f1)[KN],(c1.c2.a1.f1)[KN],(f1.c2.a1.f2)[KN],(g1.c2.a1.f1)[KN],(#a1.f1.#d1)[KN],(#a1.f1.#d1)[KN],(#a1.f1.#d1.#d2)[KN],(#a1.f1.#d1.g2)[KN],(#a1.f1.#d1)[KN],(#a1.f1.#d1)[KN],(c2.#a1.f1.#d1.#d2)[KN],(d2.#a1.f1.#d1)[KN],(#a1.g1.#d1)[KN],(#a1.g1.#d1)[KN],(#a1.g1.#d1.#d2)[KN],(#a1.g1.#d1.g2)[KN],(#a1.g1.#d1)[KN],(#a1.g1.#d1)[KN],(g1.#a1.#d1.#d2)[KN],(#a1.g1.#d1)[KN],d3[JM],c3[KN],#a2[JM],c2[KN],d2[KN],g1[KN],d3[JM],c3[KN],#a2[JM],c2[KN],d2[KN],g1[KN],d3[JM],c3[KN],#a2[JM],c2[KN],d2[KN],g1[KN],d3[JM],c3[KN],#a2[JM],c2[KN],d2[KN],g1[KN],d3[JM],c3[KN],#a2[JM],c2[KN],d2[KN],g1[KN],d3[JM],c3[KN],#a2[JM],c2[KN],d2[KN],g1[KN],d3[JM],c3[KN],#a2[JM],c2[KN],d2[KN],g1[KN],d3[JM],c3[KN],#a2[JM],c2[KN],d2[KN],g1[KN],(d2.#a1.g1.G-1)[KN],G-1[KN],G-1[KN],G-1[LO],G-1[LO],G-1[KN],G-1[KN],G-1[KN],G-1[LO],G-1[LO],G-1[KN],G-1[KN],G-1[KN],G-1[LO],G-1[LO],G-1[KN],G-1[KN],G-1[KN],G-1[LO],G-1[LO],(d2.#a1.g1.G-1)[KN],(d2.#a1.g1.G-1)[KN],G-1[KN],G-1[LO],G-1[LO],G-1[KN],G-1[KN],G-1[KN],G-1[LO],G-1[LO],G-1[KN],G-1[KN],G-1[KN],G-1[LO],G-1[LO],G-1[KN],G-1[KN],G-1[KN],G-1[LO],G-1[LO],(c2.a1.f1.G-1)[KN],(d2.#a1.g1.G-1)[KN],G-1[KN],G-1[LO],G-1[LO],G-1[KN],G-1[KN],G-1[KN],G-1[LO],G-1[LO],G-1[KN],G-1[KN],G-1[KN],G-1[LO],G-1[LO],G-1[KN],G-1[KN],G-1[KN],G-1[LO],G-1[LO],(d2.#a1.g1.G-1)[KN],(d2.#a1.g1.G-1)[KN],G-1[KN],G-1[LO],G-1[LO],G-1[KN],G-1[KN],G-1[KN],G-1[LO],G-1[LO],(g1.G-1)[KN],(g1.G-1)[LO],g1[LO],(g1.G-1)[KN],(g2.G-1)[LO],G-1[LO],(g1.G-1)[LO],g1[LO],(c2.G-1.F-1)[KN],(#a1.G-1)[KN],(g1.G-1)[LO],G-1[LO],(d2.#a1.g1.G-1)[KN],G-1[KN],G-1[KN],G-1[LO],G-1[LO],G-1[KN],G-1[KN],G-1[KN],G-1[LO],G-1[LO],G-1[KN],G-1[KN],G-1[KN],G-1[LO],G-1[LO],G-1[KN],G-1[KN],G-1[KN],G-1[LO],G-1[LO],(d2.#a1.g1.G-1)[KN],(d2.#a1.g1.G-1)[KN],G-1[KN],G-1[LO],G-1[LO],G-1[KN],G-1[KN],G-1[KN],G-1[LO],G-1[LO],G-1[KN],G-1[KN],G-1[KN],G-1[LO],G-1[LO],G-1[KN],G-1[KN],G-1[KN],G-1[LO],G-1[LO],(c2.a1.f1.G-1)[KN],(d2.#a1.g1.G-1)[KN],G-1[KN],G-1[LO],G-1[LO],G-1[KN],G-1[KN],G-1[KN],G-1[LO],G-1[LO],G-1[KN],G-1[KN],G-1[KN],G-1[LO],G-1[LO],G-1[KN],G-1[KN],G-1[KN],G-1[LO],G-1[LO],(d2.#a1.g1.G-1)[KN],(d2.#a1.g1.G-1)[KN],G-1[KN],G-1[LO],G-1[LO],G-1[KN],G-1[KN],G-1[KN],G-1[LO],G-1[LO],(g1.G-1)[KN],(g1.G-1)[LO],g1[LO],(g1.G-1)[KN],(g2.G-1)[LO],G-1[LO],(g1.G-1)[LO],g1[LO],(c2.G-1.F-1)[KN],(g2.G-1)[KN],(d2.G-1)[LO],G-1[LO],(g1.G-1.d2.#a1)[KN],(g1.G-1)[KN],(g1.G-1)[KN],(g1.G-1)[LO],G-1[LO],(g1.G-1)[KN],(g1.G-1)[KN],(g1.G-1)[KN],(g2.G-1)[LO],G-1[LO],G-1[KN],(g1.G-1)[KN],(g1.G-1)[KN],(g1.G-1)[LO],G-1[LO],(g1.G-1)[KN],(g1.G-1)[KN],(g1.G-1)[KN],(g2.G-1)[LO],G-1[LO],(G-1.d2.#a1.g1)[KN],(g1.G-1.d2.#a1)[KN],(g1.G-1)[KN],(g1.G-1)[LO],G-1[LO],(g1.G-1)[KN],(g1.G-1)[KN],(g1.G-1)[KN],(g2.G-1)[LO],G-1[LO],G-1[KN],(g1.G-1)[KN],(g1.G-1)[KN],(f2.G-1)[LO],G-1[LO],(g2.G-1)[KN],G-1[KN],(f2.G-1)[KN],G-1[LO],G-1[LO],(G-1.c2.a1.f1)[KN],(g1.G-1.d2.#a1)[KN],(g1.G-1)[KN],(g1.G-1)[LO],G-1[LO],(g1.G-1)[KN],(g1.G-1)[KN],(g1.G-1)[KN],(g2.G-1)[LO],G-1[LO],G-1[KN],(g1.G-1)[KN],(g1.G-1)[KN],(g1.G-1)[LO],G-1[LO],(g1.G-1)[KN],(g1.G-1)[KN],(g1.G-1)[KN],(g2.G-1)[LO],G-1[LO],(G-1.d2.#a1.g1)[KN],(g1.G-1.d2.#a1)[KN],(g1.G-1)[KN],(g1.G-1)[LO],G-1[LO],(g1.G-1)[KN],(g1.G-1)[KN],(g1.G-1)[KN],(g2.G-1)[LO],G-1[LO],(g1.G-1)[KN],(g1.G-1)[LO],g1[LO],(g1.G-1)[KN],(g2.G-1)[LO],G-1[LO],(g1.G-1)[LO],g1[LO],(c2.G-1.F-1)[KN],(#a1.G-1)[KN],(g1.G-1)[LO],G-1[LO],(g2.G-1.d2.#a1.g1)[KN],(g2.G-1)[LO],g2[LO],(g2.G-1)[KN],(g2.G-1)[LO],G-1[LO],(g2.G-1)[LO],g2[LO],(g2.G-1)[KN],(g2.G-1)[KN],(g2.G-1)[LO],G-1[LO],(g2.G-1)[KN],(g2.G-1)[LO],g2[LO],(g2.G-1)[KN],(g2.G-1)[LO],G-1[LO],(g2.G-1)[LO],g2[LO],(g2.G-1)[KN],(g2.G-1)[KN],(g2.G-1)[LO],G-1[LO],(g2.G-1.d2.#a1.g1)[KN],(g2.G-1.d2.#a1.g1)[LO],g2[LO],(g2.G-1)[KN],(g2.G-1)[LO],G-1[LO],(g2.G-1)[LO],g2[LO],(g2.G-1)[KN],(g2.G-1)[KN],(g2.G-1)[LO],G-1[LO],(g2.G-1)[KN],(g2.G-1)[LO],g2[LO],(g2.G-1)[KN],(g2.G-1)[LO],G-1[LO],(c2.G-1)[KN],(d2.G-1)[KN],(f1.G-1)[KN],(g1.G-1)[LO],G-1[LO],(g2.G-1.d2.#a1.g1)[KN],(g2.G-1)[LO],g2[LO],(g2.G-1)[KN],(g2.G-1)[LO],G-1[LO],(g2.G-1)[LO],g2[LO],(g2.G-1)[KN],(g2.G-1)[KN],(g2.G-1)[LO],G-1[LO],(g2.G-1)[KN],(g2.G-1)[LO],g2[LO],(g2.G-1)[KN],(g2.G-1)[LO],G-1[LO],(g2.G-1)[LO],g2[LO],(g2.G-1)[KN],(g2.G-1)[KN],(g2.G-1)[LO],G-1[LO],(g2.G-1.d2.#a1.g1)[KN],(g2.G-1.d2.#a1.g1)[LO],g2[LO],(g2.G-1)[KN],(g2.G-1)[LO],G-1[LO],(g2.G-1)[LO],g2[LO],(g2.G-1)[KN],(g2.G-1)[KN],(g2.G-1)[LO],G-1[LO],G-1[JKMN],G-1[JKMN],G-1[JM],G-1[JKMN],G-1[JKMN],G-1[JM],(d2.#a1.g1)[KN],(d2.#a1.g1)[KN],(c2.d2.#a1.g1)[KN],(#a1.d2.g1)[KN],(d2.#a1.g1)[KN],(d1.d2.#a1.g1)[KN],(g1.d2.#a1)[KN],(a1.d2.#a1.g1)[KN],(c2.a1.f1)[KN],(c1.c2.a1.f1)[KN],(a1.c2.f1)[KN],(g1.c2.a1.f1)[KN],(d1.c2.a1.f1)[KN],(c1.c2.a1.f1)[KN],(f1.c2.a1)[KN],(g1.c2.a1.f1)[KN],(#a1.f1.#d1)[KN],(#a1.f1.#d1)[KN],(#a1.f1.#d1)[KN],(#a1.f1.#d1)[KN],(#a1.f1.#d1)[KN],(#a1.f1.#d1)[KN],(c2.#a1.f1.#d1)[KN],(d2.#a1.f1.#d1)[KN],(#a1.g1.#d1)[KN],(#a1.g1.#d1)[KN],(#a1.g1.#d1)[KN],(#a1.g1.#d1)[KN],(#a1.g1.#d1)[KN],(#a1.g1.#d1)[KN],(g1.#a1.#d1)[KN],(#a1.g1.#d1)[KN],(d2.#a1.g1.#d1)[KN],(#a1.g1.#d1)[KN],(c2.#a1.g1.#d1)[KN],(#a1.g1.#d1)[KN],(#a1.g1.#d1)[KN],(d1.#a1.g1.#d1)[KN],(g1.#a1.#d1)[KN],(a1.#a1.g1.#d1)[KN],(c2.a1.f1)[KN],(c1.c2.a1.f1)[KN],(a1.c2.f1)[KN],(g1.c2.a1.f1)[KN],(d1.c2.a1.f1)[KN],(c1.c2.a1.f1)[KN],(f1.c2.a1)[KN],(g1.c2.a1.f1)[KN],(#a1.f1.#d1)[KN],(#a1.f1.#d1)[KN],(#a1.f1.#d1)[KN],(#a1.f1.#d1)[KN],(#a1.f1.#d1)[KN],(#a1.f1.#d1)[KN],(c2.#a1.f1.#d1)[KN],(d2.#a1.f1.#d1)[KN],(#a1.g1.#d1)[KN],(#a1.g1.#d1)[KN],(#a1.g1.#d1)[KN],(#a1.g1.#d1)[KN],(#a1.g1.#d1)[KN],(#a1.g1.#d1)[KN],(g1.#a1.#d1)[KN],(#a1.g1.#d1)[KN],(d2.#a1.g1.d3)[KN],(d2.#a1.g1)[KN],(c2.d2.#a1.g1.c3)[KN],(#a1.d2.g1.#a2)[KN],(d2.#a1.g1)[KN],(d1.d2.#a1.g1)[KN],(g1.d2.#a1.g2)[KN],(a1.d2.#a1.g1.a2)[KN],(c2.a1.f1)[KN],(c1.c2.a1.f1)[KN],(a1.c2.f1.a2)[KN],(g1.c2.a1.f1.g2)[KN],(d1.c2.a1.f1.d2)[KN],(c1.c2.a1.f1)[KN],(f1.c2.a1.f2)[KN],(g1.c2.a1.f1.g2)[KN],(#a1.f1.#d1)[KN],(#a1.f1.#d1)[KN],(#a1.f1.#d1)[KN],(#a1.f1.#d1)[KN],(#a1.f1.#d1)[KN],(#a1.f1.#d1)[KN],(c2.#a1.f1.#d1.c3)[KN],(d2.#a1.f1.#d1.d3)[KN],(#a1.g1.#d1)[KN],(#a1.g1.#d1)[KN],(#a1.g1.#d1)[KN],(#a1.g1.#d1)[KN],(#a1.g1.#d1)[KN],(#a1.g1.#d1)[KN],(g1.#a1.#d1.g2)[KN],(#a1.g1.#d1)[KN],(d2.#a1.g1.#d1.d3)[KN],(#a1.g1.#d1)[KN],(c2.#a1.g1.#d1.c3)[KN],(#a1.g1.#d1.#a2)[KN],(#a1.g1.#d1)[KN],(d1.#a1.g1.#d1.d2)[KN],(g1.#a1.#d1.g2)[KN],(a1.#a1.g1.#d1.a2)[KN],(c2.a1.f1)[KN],(c1.c2.a1.f1)[KN],(a1.c2.f1.a2)[KN],(g1.c2.a1.f1.g2)[KN],(d1.c2.a1.f1.d2)[KN],(c1.c2.a1.f1)[KN],(f1.c2.a1.f2)[KN],(g1.c2.a1.f1.g2)[KN],(#a1.f1.#d1)[KN],(#a1.f1.#d1)[KN],(#a1.f1.#d1)[KN],(#a1.f1.#d1)[KN],(#a1.f1.#d1)[KN],(#a1.f1.#d1)[KN],(c2.#a1.f1.#d1.c3)[KN],(d2.#a1.f1.#d1.d3)[KN],(#a1.g1.#d1)[KN],(#a1.g1.#d1)[KN],(#a1.g1.#d1)[KN],(#a1.g1.#d1)[KN],(#a1.g1.#d1)[KN],(#a1.g1.#d1)[KN],(g1.#a1.#d1)[KN],(#a1.g1.#d1)[KN],(d2.#a1.g1)[KN],(d2.#a1.g1)[KN],(c2.d2.#a1.g1)[KN],(#a1.d2.g1)[KN],(d2.#a1.g1)[KN],(d1.d2.#a1.g1)[KN],(g1.d2.#a1)[KN],(a1.d2.#a1.g1)[KN],(c2.a1.f1)[KN],(c1.c2.a1.f1)[KN],(a1.c2.f1)[KN],(g1.c2.a1.f1)[KN],(d1.c2.a1.f1)[KN],(c1.c2.a1.f1)[KN],(f1.c2.a1)[KN],(g1.c2.a1.f1)[KN],(#a1.f1.#d1)[KN],(#a1.f1.#d1)[KN],(#a1.f1.#d1)[KN],(#a1.f1.#d1)[KN],(#a1.f1.#d1)[KN],(#a1.f1.#d1)[KN],(c2.#a1.f1.#d1)[KN],(d2.#a1.f1.#d1)[KN],(#a1.g1.#d1)[KN],(#a1.g1.#d1)[KN],(#a1.g1.#d1)[KN],(#a1.g1.#d1)[KN],(#a1.g1.#d1)[KN],(#a1.g1.#d1)[KN],(g1.#a1.#d1)[KN],(#a1.g1.#d1)[KN],(d2.#a1.g1.#d1)[KN],(#a1.g1.#d1)[KN],(c2.#a1.g1.#d1)[KN],(#a1.g1.#d1)[KN],(#a1.g1.#d1)[KN],(d1.#a1.g1.#d1)[KN],(g1.#a1.#d1)[KN],(a1.#a1.g1.#d1)[KN],(c2.a1.f1)[KN],(c1.c2.a1.f1)[KN],(a1.c2.f1)[KN],(g1.c2.a1.f1)[KN],(d1.c2.a1.f1)[KN],(c1.c2.a1.f1)[KN],(f1.c2.a1)[KN],(g1.c2.a1.f1)[KN],(#a1.f1.#d1)[KN],(#a1.f1.#d1)[KN],(#a1.f1.#d1)[KN],(#a1.f1.#d1)[KN],(#a1.f1.#d1)[KN],(#a1.f1.#d1)[KN],(c2.#a1.f1.#d1)[KN],(d2.#a1.f1.#d1)[KN],(#a1.g1.#d1)[KN],(#a1.g1.#d1)[KN],(#a1.g1.#d1)[KN],(#a1.g1.#d1)[KN],(#a1.g1.#d1)[KN],(#a1.g1.#d1)[KN],(g1.#a1.#d1)[KN],(#a1.g1.#d1)[KN],G-2[JKMN],G-2[JKMN],G-2[JM],G-2[JKMN],G-2[JKMN],G-2[JM],G-2[JKMN],G-2[JKMN],G-2[JOP],"],"id":3}],"audition":{"start":[0,0],"end":[1,0]}}