{"baseBpm":148,"musics":[{"bpm":148,"baseBeats":0.25,"scores":["V,SUV,U,UWX,UVX,TWX,VX,ST,U,U,TU,T,V,V,U,U,T,U,U,U,V,V,U,U,T,U,UV,V,V,V,U,U,T,U,U,U,V,V,U,U,T,U,U,U,V,V,U,U,T,U,U,U,V,V,U,U,U,U,U,UV,V,U,U,U,U,U,U,U,U,U,U,U,T,U,U,U,V,V,U,U,T,U,U,U,V,V,UWX,VX,U,U,U,UV,V,V,V,U,U,T,U,U,U,V,V,U,U,T,U,U,U,V,V,U,U,T,U,U,U,V,V,U,U,U,U,U,UV,V,U,U,U,U,U,U,U,U,U,U,U,T,UWX,UVX,V,V,U,U,U,U,U,U,U,V,V,U,U,T,U,T,V,V,U,U,T,U,U,U,V,V,U,U,T,U,T,V,V,U,U,T,U,U,U,V,V,U,U,T,U,UV,V,V,V,U,U,U,U,U,U,","(e.A-1.a)[M],(e.A-1.a)[JLM],g[L],a[L],b[NO],c1[LMO],a[K],(#d2.d1)[NO],e2[MO],g2[JL],(#d1.e2)[L],e1[L],(c1.#c2)[L],(a.a1)[KL],(A-1.e1.a)[K],(c.e1.a)[M],(e1.a)[M],(e1.a)[L],(#d.e1.a)[L],(e.e1.a)[K],(A-1.e1.a)[L],(e1.a)[L],A-1[L],(e1.c.e2.a1)[M],e1[M],e1[L],(f1.#d.#d2.#g1)[L],(f1.e)[K],(E-1.f1.#a)[L],(A-1.e1.a)[LM],A-1[M],(c.e1.a)[M],(e1.a)[M],(A-1.e1.a)[L],(#d.e1.a)[L],(e.e1.a)[K],(A-1.e1.a)[L],(e1.a)[L],A-1[L],(e1.c.#d2.#g1)[M],e1[M],(e1.A-1)[L],(f1.#d.e2.a1)[L],(f1.e)[K],(A-1.f1.#a)[L],(a.e.A-1)[L],a1[L],(c.a.e.c2)[M],(a.e)[M],(a.e.e2)[L],(#d.a.e.g2)[L],(e.a)[K],(a.e.A-1)[L],(a.e)[L],(A-1.e2)[L],(c.a.e.#d2)[M],(a.e)[M],(a.e.e2)[L],(#d.a.e.c2)[L],(e.a)[L],e2[L],E-1[L],(b.#f.#d2.A-1)[LM],A-1[M],(c.b1.b.#f)[L],(A-1.b.#f)[L],(#d.b.#f)[L],(e.b.#f.a2)[L],c3[L],(b.#f.e3.A-1)[L],(b.#f.#d3)[L],A-1[L],(c.b.#f.b2)[L],(A-1.b.#f)[L],(#d.b.#f)[L],(e.b.#f)[K],(b.#f.A-1)[L],(a.e.A-1)[L],a1[L],(c.a.e.c2)[M],(a.e)[M],(a.e.e2)[L],(#d.a.e.g2)[L],(e.a)[K],(a.e.A-1)[L],(a.e)[L],(A-1.e2)[L],(c.a.e.#d2)[M],(a.e)[M],(a.e.e2)[L],(#d.#g2.a.e)[NO],a2[MO],(e.a)[L],e2[L],E-1[L],(A-1.#f2.#f1)[LM],A-1[M],(#f1.b.c)[M],(#f1.b)[M],(#f1.b.A-1)[L],(#f1.b.#d)[L],(#f1.b.e)[K],(A-1.#f1.b)[L],(#d2.#f1)[L],A-1[L],(#f1.b.c)[M],(#f1.b)[M],(#f1.b.A-1)[L],(#f1.b.#d)[L],(#f1.b.e)[K],(A-1.#f1.b)[L],(a.e.A-1)[L],a1[L],(c.a.e.c2)[M],(a.e)[M],(a.e.e2)[L],(#d.a.e.g2)[L],(e.a)[K],(a.e.A-1)[L],(a.e)[L],(A-1.e2)[L],(c.a.e.#d2)[M],(a.e)[M],(a.e.e2)[L],(#d.a.e.c2)[L],(e.a.a1)[L],c2[L],(e2.E-1)[L],(b.#f.#d2.A-1)[LM],A-1[M],(c.b.#f.b1)[L],(A-1.b.#f)[L],(#d.b.#f)[L],(e.b.#f.a2)[L],c3[L],(b.#f.e3.A-1)[L],(b.#f.#d3)[L],A-1[L],(c.b.#f.b2)[L],(A-1.b.#f)[L],(#d.b.#f)[L],(e.b.#f)[K],(b.#f.A-1)[L],(c1.g.c.b1)[NO],c2[LMO],(#d.c1.g)[M],(c1.g)[M],(c1.g)[L],(#f.c1.g.d2)[L],(g.c1)[L],e2[L],(c1.g.c)[L],(d1.a.d2)[L],d[L],(#f.d1.a)[M],(d1.a)[M],(d1.a)[L],(d.#d1.#a.#d2)[L],(#d.#d1.#a)[K],(b1.E-1)[L],(A-1.a1.a)[K],(a.e.c)[M],(a.e)[M],(a.e.A-1)[L],(a.e.#d)[L],(a.e)[K],(A-1.a.e)[L],(a.e)[L],A-1[L],(c.a.e)[M],(a.e)[M],(A-1.a.e)[L],(#d.a.e)[L],(e.a)[K],(A-1.a.e)[L],(a.e.a2.A-1)[K],(c.a.e.#g2)[M],(a.e)[M],(a.e)[L],(#d.a.e.e2)[L],(e.a)[K],(a.e.A-1)[L],(b.#f.g2)[L],A-1[L],(c.b.#f.#f2)[M],(b.#f)[M],(b.#f)[L],(#d.b.#f.#d2)[L],(e.b.#f)[K],E-1[L],(A-1.e2.g1)[LM],A-1[M],(g1.c1.c.a1)[M],(g1.c1)[M],(g1.c1.A-1)[L],(g1.c1.#d.c2)[L],(g1.c1.e)[L],e2[L],(A-1.g1)[L],(g2.a1)[L],"],"id":1},{"bpm":148,"baseBeats":0.25,"scores":["U,V,V,U,U,T,U,T,V,V,U,U,T,U,U,U,V,V,U,U,T,U,UV,V,V,V,U,U,U,U,U,U,U,V,V,U,U,U,U,U,T,V,V,U,U,T,U,U,U,V,V,U,U,T,U,UV,V,V,V,U,U,U,U,U,U,U,V,V,U,U,T,U,T,V,V,U,U,T,U,U,U,V,V,U,U,T,U,UV,V,V,V,U,U,U,U,U,U,U,V,V,U,U,U,U,U,T,V,V,U,U,T,U,U,U,V,V,U,U,T,U,UV,V,V,V,U,U,T,U,U,U,V,V,U,U,T,V,5<V>,T,V,V,U,U,T,U,U,V,5<V>,5<V>,5<V>,U,U,T,U,V,U,V,V,V,U,U,T,U,U,U,U,U,U,T,U,V,SUV,U,UWX,UVX,TWX,VX,ST,U,U,TU,T,V,V,U,U,T,U,U,U,V,V,U,U,T,U,UV,V,V,V,U,U,T,U,U,U,V,V,U,U,T,U,U,U,V,V,U,U,T,U,U,U,V,V,U,U,U,U,U,UV,","A-1[L],(a1.c.#f2)[M],a1[M],(a1.A-1)[L],(#a1.#d1.#d.#d2)[L],(#a1.#d1.e)[K],(A-1.#f1)[L],(a.e.a2.A-1)[K],(c.a.e.#g2)[M],(a.e)[M],(a.e)[L],(#d.a.e.e2)[L],(e.a)[K],(a.e.A-1)[L],(b.#f.g2)[L],A-1[L],(c.b.#f.#f2)[M],(b.#f)[M],(b.#f)[L],(#d.b.#f.#d2)[L],(e.b.#f)[K],E-1[L],(e2.g1)[LM],A-1[M],(g1.c1.c.a1)[M],(g1.c1)[M],(g1.c1.A-1)[L],(g1.c1.#d.c2)[L],(g1.c1.e)[L],e2[L],(A-1.g1)[L],(#d2.a1.d1)[L],A-1[L],(a1.d1.c)[M],(a1.d1)[M],(a1.d1.A-1)[L],(#a1.#d1.#d.e2)[L],(#a1.#d1.e)[L],b1[L],(A-1.#f1.b)[L],(a.e.a2.A-1)[K],(c.a.e.#g2)[M],(a.e)[M],(a.e)[L],(#d.a.e.e2)[L],(e.a)[K],(a.e.A-1)[L],(b.#f.g2)[L],A-1[L],(c.b.#f.#f2)[M],(b.#f)[M],(b.#f)[L],(#d.b.#f.#d2)[L],(e.b.#f)[K],E-1[L],(A-1.e2.g1)[LM],A-1[M],(g1.c1.c.a1)[M],(g1.c1)[M],(g1.c1.A-1)[L],(g1.c1.#d.c2)[L],(g1.c1.e)[L],e2[L],(A-1.g1)[L],(g2.a1)[L],A-1[L],(a1.c.#f2)[M],a1[M],(a1.A-1)[L],(#a1.#d1.#d.#d2)[L],(#a1.#d1.e)[K],(A-1.#f1)[L],(a.e.a2.A-1)[K],(c.a.e.#g2)[M],(a.e)[M],(a.e)[L],(#d.a.e.e2)[L],(e.a)[K],(a.e.A-1)[L],(b.#f.g2)[L],A-1[L],(c.b.#f.#f2)[M],(b.#f)[M],(b.#f)[L],(#d.b.#f.#d2)[L],(e.b.#f)[K],E-1[L],(e2.g1)[LM],A-1[M],(g1.c1.c.a1)[M],(g1.c1)[M],(g1.c1.A-1)[L],(g1.c1.#d.c2)[L],(g1.c1.e)[L],e2[L],(A-1.g1)[L],(A-1.#d2.#f1.a1.d1)[L],A-1[L],(a1.d1.c)[M],(a1.d1)[M],(a1.d1.A-1)[L],(#a1.#d1.#d.e2)[L],(#a1.#d1.e)[L],b1[L],(A-1.#f1.b)[L],(A-1.e1.e)[K],(c.e1.e)[M],(e1.e)[M],(e1.e)[L],(#d.e1.e)[L],(e.e1)[K],(A-1.e1.e)[L],(e1.e)[L],A-1[L],(e1.c.e2.a1)[M],e1[M],e1[L],(f1.#d.#d2.#g1)[L],(f1.e)[K],(E-1.f1.f)[L],(A-1.e1.e)[LM],A-1[M],(c.e1.e)[M],(e1.e)[M],(A-1.e1.e)[L],(#d.e1.e)[L],(e.e1)[K],(A-1.e1.e)[L],(e1.a)[L],A-1[L],(e1.c.#d2.#g1)[M],e1[M],(e1.A-1)[L],(f1.#d.e2.a1)[L],(f1.e)[K],(A-1.f1.#a)[M],#d2[N],e2[N],(A-1.a2)[K],(e1.e.c)[M],(e1.e)[M],(e1.e)[L],(e1.e.#d)[L],(e1.e)[K],(A-1.e1.e)[L],(e1.e)[L],A-1[L],(e2.c)[O],d2[O],c2[O],b1[O],a1[N],g1[O],f1[O],e1[L],#d[L],e[K],(E-1.f1.f)[L],(A-1.e1.#g1)[NO],a1[O],c2[L],A-1[M],(e1.c.a1)[M],e1[M],(e1.A-1)[L],(e1.#d.#d2)[L],(e1.e)[K],(A-1.e2.e1)[L],(a1.e1)[L],A-1[L],(#d2.#g1.e1.c)[L],A-1[L],(e2.a1.f1.#d)[L],(f1.e)[K],(A-1.f1.#a)[L],(e.A-1.a)[M],(e.A-1.a)[JLM],g[L],a[L],b[NO],c1[LMO],a[K],(#d2.d1)[NO],e2[MO],g2[JL],(#d1.e2)[L],e1[L],(c1.#c2)[L],(a.a1)[KL],(A-1.e1.a)[K],(c.e1.a)[M],(e1.a)[M],(e1.a)[L],(#d.e1.a)[L],(e.e1.a)[K],(A-1.e1.a)[L],(e1.a)[L],A-1[L],(e1.c.e2.a1)[M],e1[M],e1[L],(f1.#d.#d2.#g1)[L],(f1.e)[K],(E-1.f1.#a)[L],(A-1.e1.a)[LM],A-1[M],(c.e1.a)[M],(e1.a)[M],(A-1.e1.a)[L],(#d.e1.a)[L],(e.e1.a)[K],(A-1.e1.a)[L],(e1.a)[L],A-1[L],(e1.c.#d2.#g1)[M],e1[M],(e1.A-1)[L],(f1.#d.e2.a1)[L],(f1.e)[K],(A-1.f1.#a)[L],(a.e.A-1)[L],a1[L],(c.a.e.c2)[M],(a.e)[M],(a.e.e2)[L],(#d.a.e.g2)[L],(e.a)[K],(a.e.A-1)[L],(a.e)[L],(A-1.e2)[L],(c.a.e.#d2)[M],(a.e)[M],(a.e.e2)[L],(#d.a.e.c2)[L],(e.a)[L],e2[L],E-1[L],(b.#f.#d2.A-1)[LM],"],"id":2},{"bpm":148,"baseBeats":0.25,"scores":["V,U,U,U,U,U,U,U,U,U,U,U,T,U,U,U,V,V,U,U,T,U,U,U,V,V,UWX,VX,U,U,U,UV,V,V,V,U,U,T,U,U,U,V,V,U,U,T,U,U,U,V,V,U,U,T,U,U,U,V,V,U,U,U,U,U,UV,V,U,U,U,U,U,U,U,U,U,U,U,T,UWX,UVX,V,V,U,U,U,U,U,U,U,V,V,U,U,T,U,T,V,V,U,U,T,U,U,U,V,V,U,U,T,U,T,V,V,U,U,T,U,U,U,V,V,U,U,T,U,UV,V,V,V,U,U,U,U,U,U,U,V,V,U,U,T,U,T,V,V,U,U,T,U,U,U,V,V,U,U,T,U,UV,V,V,V,U,U,U,U,U,U,U,V,V,U,U,U,U,U,T,V,V,U,U,T,U,U,U,V,V,U,U,T,U,UV,V,V,V,U,U,T,U,U,U,V,V,U,U,T,V,5<V>,T,V,V,U,U,T,U,U,V,5<V>,5<V>,5<V>,U,U,T,U,V,U,V,V,V,U,U,T,U,U,U,U,U,U,T,U,","A-1[M],(c.b1.b.#f)[L],(A-1.b.#f)[L],(#d.b.#f)[L],(e.b.#f.a2)[L],c3[L],(b.#f.e3.A-1)[L],(b.#f.#d3)[L],A-1[L],(c.b.#f.b2)[L],(A-1.b.#f)[L],(#d.b.#f)[L],(e.b.#f)[K],(b.#f.A-1)[L],(a.e.A-1)[L],a1[L],(c.a.e.c2)[M],(a.e)[M],(a.e.e2)[L],(#d.a.e.g2)[L],(e.a)[K],(a.e.A-1)[L],(a.e)[L],(A-1.e2)[L],(c.a.e.#d2)[M],(a.e)[M],(a.e.e2)[L],(#d.#g2.a.e)[NO],a2[MO],(e.a)[L],e2[L],E-1[L],(A-1.#f2.#f1)[LM],A-1[M],(#f1.b.c)[M],(#f1.b)[M],(#f1.b.A-1)[L],(#f1.b.#d)[L],(#f1.b.e)[K],(A-1.#f1.b)[L],(#d2.#f1)[L],A-1[L],(#f1.b.c)[M],(#f1.b)[M],(#f1.b.A-1)[L],(#f1.b.#d)[L],(#f1.b.e)[K],(A-1.#f1.b)[L],(a.e.A-1)[L],a1[L],(c.a.e.c2)[M],(a.e)[M],(a.e.e2)[L],(#d.a.e.g2)[L],(e.a)[K],(a.e.A-1)[L],(a.e)[L],(A-1.e2)[L],(c.a.e.#d2)[M],(a.e)[M],(a.e.e2)[L],(#d.a.e.c2)[L],(e.a.a1)[L],c2[L],(e2.E-1)[L],(b.#f.#d2.A-1)[LM],A-1[M],(c.b.#f.b1)[L],(A-1.b.#f)[L],(#d.b.#f)[L],(e.b.#f.a2)[L],c3[L],(b.#f.e3.A-1)[L],(b.#f.#d3)[L],A-1[L],(c.b.#f.b2)[L],(A-1.b.#f)[L],(#d.b.#f)[L],(e.b.#f)[K],(b.#f.A-1)[L],(c1.g.c.b1)[NO],c2[LMO],(#d.c1.g)[M],(c1.g)[M],(c1.g)[L],(#f.c1.g.d2)[L],(g.c1)[L],e2[L],(c1.g.c)[L],(d1.a.d2)[L],d[L],(#f.d1.a)[M],(d1.a)[M],(d1.a)[L],(d.#d1.#a.#d2)[L],(#d.#d1.#a)[K],(b1.E-1)[L],(A-1.a1.a)[K],(a.e.c)[M],(a.e)[M],(a.e.A-1)[L],(a.e.#d)[L],(a.e)[K],(A-1.a.e)[L],(a.e)[L],A-1[L],(c.a.e)[M],(a.e)[M],(A-1.a.e)[L],(#d.a.e)[L],(e.a)[K],(A-1.a.e)[L],(a.e.a2.A-1)[K],(c.a.e.#g2)[M],(a.e)[M],(a.e)[L],(#d.a.e.e2)[L],(e.a)[K],(a.e.A-1)[L],(b.#f.g2)[L],A-1[L],(c.b.#f.#f2)[M],(b.#f)[M],(b.#f)[L],(#d.b.#f.#d2)[L],(e.b.#f)[K],E-1[L],(A-1.e2.g1)[LM],A-1[M],(g1.c1.c.a1)[M],(g1.c1)[M],(g1.c1.A-1)[L],(g1.c1.#d.c2)[L],(g1.c1.e)[L],e2[L],(A-1.g1)[L],(g2.a1)[L],A-1[L],(a1.c.#f2)[M],a1[M],(a1.A-1)[L],(#a1.#d1.#d.#d2)[L],(#a1.#d1.e)[K],(A-1.#f1)[L],(a.e.a2.A-1)[K],(c.a.e.#g2)[M],(a.e)[M],(a.e)[L],(#d.a.e.e2)[L],(e.a)[K],(a.e.A-1)[L],(b.#f.g2)[L],A-1[L],(c.b.#f.#f2)[M],(b.#f)[M],(b.#f)[L],(#d.b.#f.#d2)[L],(e.b.#f)[K],E-1[L],(e2.g1)[LM],A-1[M],(g1.c1.c.a1)[M],(g1.c1)[M],(g1.c1.A-1)[L],(g1.c1.#d.c2)[L],(g1.c1.e)[L],e2[L],(A-1.g1)[L],(A-1.#d2.#f1.a1.d1)[L],A-1[L],(a1.d1.c)[M],(a1.d1)[M],(a1.d1.A-1)[L],(#a1.#d1.#d.e2)[L],(#a1.#d1.e)[L],b1[L],(A-1.#f1.b)[L],(A-1.e1.e)[K],(c.e1.e)[M],(e1.e)[M],(e1.e)[L],(#d.e1.e)[L],(e.e1)[K],(A-1.e1.e)[L],(e1.e)[L],A-1[L],(e1.c.e2.a1)[M],e1[M],e1[L],(f1.#d.#d2.#g1)[L],(f1.e)[K],(E-1.f1.f)[L],(A-1.e1.e)[LM],A-1[M],(c.e1.e)[M],(e1.e)[M],(A-1.e1.e)[L],(#d.e1.e)[L],(e.e1)[K],(A-1.e1.e)[L],(e1.a)[L],A-1[L],(e1.c.#d2.#g1)[M],e1[M],(e1.A-1)[L],(f1.#d.e2.a1)[L],(f1.e)[K],(A-1.f1.#a)[M],#d2[N],e2[N],(A-1.a2)[K],(e1.e.c)[M],(e1.e)[M],(e1.e)[L],(e1.e.#d)[L],(e1.e)[K],(A-1.e1.e)[L],(e1.e)[L],A-1[L],(e2.c)[O],d2[O],c2[O],b1[O],a1[N],g1[O],f1[O],e1[L],#d[L],e[K],(E-1.f1.f)[L],(A-1.e1.#g1)[NO],a1[O],c2[L],A-1[M],(e1.c.a1)[M],e1[M],(e1.A-1)[L],(e1.#d.#d2)[L],(e1.e)[K],(A-1.e2.e1)[L],(a1.e1)[L],A-1[L],(#d2.#g1.e1.c)[L],A-1[L],(e2.a1.f1.#d)[L],(f1.e)[K],(A-1.f1.#a)[L],"],"id":3}],"audition":{"start":[0,0],"end":[1,0]}}