{"baseBpm":114,"musics":[{"bpm":114,"baseBeats":0.25,"scores":["mute[LM],mute[MO],5<V>,5<V>,5<V>,5<V>,5<V>,5<WX>,5<V>,5<V>,mute[LM],mute[LM],mute[LM],mute[LM],mute[LM],mute[MO],5<V>,5<V>,5<V>,5<V>,5<V>,5<WX>,5<V>,5<V>,mute[LM],mute[LM],mute[LM],mute[LM],mute[LM],mute[MO],5<V>,5<V>,5<V>,5<V>,5<V>,5<WX>,5<V>,5<V>,mute[LM],mute[LM],mute[LM],mute[LM],mute[LM],mute[LM],mute[LM],mute[LM],mute[LM],mute[LM],mute[LM],mute[LMO],mute[LNO],mute[MO],5<V>,5<W>;","(b.#c3.G-1)[LM],(d3.d)[MO],a3[O],a3[O],a3[N],a3[O],a3[O],a3[O],(a3.a.d1.b3)[O],a3[N],a3[O],a3[O],a3[O],a3[O],a3[N],a3[O],a3[O],a3[O],(a3.#c1)[O],a3[N],a3[O],a3[O],a3[O],a3[O],a3[N],a3[O],a3[O],e3[O],(e3.A-1)[LM],e[LM],(a.d1)[LM],#c1[LM],(#c3.G-1.b)[LM],(d.d3)[MO],a3[O],a3[O],a3[N],a3[O],a3[O],a3[O],(a3.d1.b3.a)[O],a3[N],a3[O],a3[O],a3[O],a3[O],a3[N],a3[O],a3[O],a3[O],(a3.#c1)[O],a3[N],a3[O],a3[O],a3[O],a3[O],a3[N],a3[O],a3[O],e3[O],(A-1.e3)[LM],e[LM],(a.d1)[LM],#c1[LM],(G-1.b.#c3)[LM],(d3.d)[MO],a3[O],a3[O],a3[N],a3[O],a3[O],a3[O],(a3.b3.d1.a)[O],a3[N],a3[O],a3[O],a3[O],a3[O],a3[N],a3[O],a3[O],a3[O],(a3.#c1)[O],a3[N],a3[O],a3[O],a3[O],a3[O],a3[N],a3[O],a3[O],e3[O],(A-1.e3)[LM],(e3.e)[LM],(d1.a)[LM],(#f3.#c1)[LM],(B-1.b)[LM],d[LNO],c3[O],(a.d1)[LM],#c1[LM],A-1[LM],e[LM],(a.d1)[LM],#c1[LM],(B-2.#c.#f1.G-1.#c3.b.e2)[O],e1[LNO],(d.#d.d3)[MO],a3[O],a3[O],a3[N],a3[O],a3[O];"],"id":1,"instruments":["piano","piano"],"alternatives":["",""]},{"bpm":114,"baseBeats":0.25,"scores":["5<V>,5<V>,5<V>,5<V>,5<X>,5<V>,5<V>,mute[LM],mute[LM],mute[LM],mute[LMO],mute[LNO],mute[MO],5<V>,5<V>,5<V>,5<V>,5<V>,5<WX>,5<V>,5<V>,mute[LMO],mute[LNO],mute[LM],mute[LMO],mute[LNO],mute[MO],5<V>,5<V>,5<V>,5<V>,5<V>,5<WX>,5<V>,5<V>,mute[LMO],mute[LNO],mute[LMO],mute[LNO],mute[LM],mute[MO],5<V>,5<V>,5<V>,5<V>,5<W>;","a3[O],(a3.d2.a.#d.b3.E-1.d1)[O],(d1.a3)[N],a3[O],a3[O],a3[O],a3[O],a3[N],a3[O],a3[O],a3[O],(a3.#c2.#c1.#d)[O],(#c1.a3)[N],a3[O],a3[O],a3[O],(a3.E-1)[O],a3[O],E-1[O],a3[O],(E-1.a3)[O],e3[O],(A-1.B-2.e3.#d)[LM],(B-2.#d.e)[LM],(a.E-1.#d.d1)[LM],(#d.#c1)[LM],(#d.e2.G-1.B-2.b.#c3)[O],e1[LNO],(#d.d.d3)[MO],a3[O],a3[O],a3[N],a3[O],a3[O],a3[O],(a3.E-1.d2.d1.a.b3.#d)[O],(d1.a3)[N],a3[O],a3[O],a3[O],a3[O],a3[N],a3[O],a3[O],a3[O],(a3.#c2.#c1.#d)[O],(#c1.a3)[N],a3[O],a3[O],a3[O],(a3.E-1)[O],a3[O],E-1[O],a3[O],(E-1.a3)[O],e3[O],(e1.B-2.e3.A-1.#d)[LM],(#d.e.a1.B-2)[O],a[LNO],(d1.a.#d.E-1)[LM],(#d.#c1)[LM],(b.#c3.a1.B-2.#d.G-1.e2)[O],e1[LNO],(d.d3.#d)[MO],a3[O],a3[O],a3[N],a3[O],a3[O],a3[O],(a3.d1.d2.a.E-1.b3.#d)[O],(d1.a3)[N],a3[O],a3[O],a3[O],a3[O],a3[N],a3[O],a3[O],a3[O],(a3.#d.#c2.#c1)[O],(#c1.a3)[N],a3[O],a3[O],a3[O],(a3.E-1)[O],a3[O],E-1[O],a3[O],(E-1.a3)[O],e3[O],(#d.B-2.A-1.e3)[LM],(a1.e3.B-2.#d.e)[O],a[LNO],(d1.#d.a.E-1)[LM],(#c1.#d.#f3.a1)[O],a[LNO],(B-1.b1.b.d1.B-2.#d)[LM],(d.#d)[MO],b3[O],b3[O],b3[N],b3[O],b3[O],b3[O],(b3.#d.E-1.d1.a)[O],b3[N],b3[O],b3[O],b3[O],b3[O],b3[N],b3[O],b3[O];"],"id":2,"instruments":["piano","piano"],"alternatives":["",""]},{"bpm":114,"baseBeats":0.25,"scores":["5<V>,5<X>,5<V>,5<V>,mute[MNO],mute[MO],mute[MNO],mute[MO],mute[MNO],mute[MO],mute[MNO],mute[MN],mute[LNO],mute[MO],5<V>,5<V>,5<V>,5<V>,5<V>,5<WX>,5<V>,5<V>,mute[LM],mute[MNO],mute[MO],mute[MNO],mute[MO],mute[MNO],mute[MN],mute[LNO],mute[MO],5<V>,5<V>,5<V>,5<V>,5<V>,5<WX>,5<V>,5<V>,mute[LMO],mute[MN],mute[MO],mute[MNO],mute[MO],mute[MNO],mute[MN],mute[LNO],mute[MO],5<V>,5<V>,5<V>,5<V>,5<V>,5<WX>,5<V>,5<V>,mute[LMO],mute[LNO],mute[LMO],mute[LNO],mute[LM],mute[LM],mute[MNO],mute[MO],mute[MNO],mute[MO],mute[JLN];","b3[O],(b3.#d.#c1)[O],b3[N],b3[O],b3[O],b3[O],(b3.E-1)[O],b3[O],E-1[O],b3[O],E-1[O],#f3[O],(#f3.A-1.#c1.a1.#d.B-2)[MNO],E-1[MO],(#d.e.B-2)[MNO],b[MO],(#d.d1.E-1.a)[MNO],e1[MO],(#f1.#c1.#d)[MNO],g1[MO],(b.#d.G-1.#f1.B-2.e2.#c3)[O],e1[LNO],(d.#d.d3.d1)[MO],a3[O],a3[O],a3[N],a3[N],a3[O],(a3.d2.#d.b3.a.d1.E-1)[O],(d1.a3)[N],a3[N],a3[O],a3[O],a3[N],a3[N],a3[O],(#d.a3.#c1.#c2)[O],(#c1.a3)[N],a3[N],a3[O],(a3.E-1)[O],a3[O],E-1[O],a3[O],E-1[O],(e3.a3)[O],(e3.#d.A-1.B-2)[LM],(#d.B-2.e)[MNO],b[MO],(a.E-1.d1.#d)[MNO],e1[MO],(#c1.#d.#f1)[MNO],g1[MO],(e2.#d.#c3.G-1.b.B-2.#f1)[O],e1[LNO],(#d.d3.d1.d)[MO],a3[O],a3[O],a3[N],a3[N],a3[O],(a.d2.d1.b3.a3.#d.E-1.e1)[O],(d1.a3)[N],a3[N],a3[O],a3[O],a3[N],a3[N],a3[O],(#d.#c1.a3.#c2)[O],(#c1.a3)[N],a3[N],a3[O],(a3.E-1)[O],a3[O],E-1[O],a3[O],E-1[O],(e3.a3)[O],(e3.B-2.A-1.#d.e1)[LM],(e.a1.B-2.#d)[O],a[MN],b[MO],(d1.#d.E-1.a)[MNO],e1[MO],(#f1.#d.#c1)[MNO],g1[MO],(a1.#d.#c3.#f1.e2.B-2.b.G-1)[O],e1[LNO],(d.d3.d1.#d)[MO],a3[O],a3[O],a3[O],a3[O],a3[N],a3[O],(a3.d1.a.b3.E-1.d2.#d)[O],(d1.a3)[O],a3[O],a3[N],a3[O],a3[O],a3[O],a3[O],a3[N],a3[O],(a3.#d.#c1.#c2)[O],(#c1.a3)[O],a3[O],a3[N],a3[O],(a3.E-1)[O],a3[O],(a3.E-1)[O],a3[N],(a3.e3)[O],(A-1.#c1.e3.B-2.#d)[LM],(e.d1.B-2.e3.#d.a1)[O],a[LNO],(d1.#c1.a.E-1.#d)[LM],(a1.b.#c1.#f3.#d)[O],a[LNO],(b.#d.b1.B-1.B-2.d1)[LM],d[LM],(b.#f.d1)[MNO],d1[MO],(#f1.b)[MNO],b1[MO],(b1.d2.B-1)[JLN];"],"id":3,"instruments":["piano","piano"],"alternatives":["",""]}],"audition":{"start":[0,0],"end":[2,128]}}