{"baseBpm":115,"musics":[{"bpm":115,"baseBeats":0.25,"scores":["T,QR,TU,TU,TU,TU,U,U,U,U,U,U,U,U,U,TU,ST,ST,U,U,U,U,U,U,U,U,U,U,U,U,U,U,U,U,U,U,SUV,5<V>,U,U,U,T,U,U,U,U,T,U,U,U,U,U,U,U,U,U,U,TU,U,U,U,U,U,U,U,U,U,U,U,U,U,U,U,U,U,U,TU,TV,5<V>,U,U,U,T,U,U,U,U,T,U,U,U,U,U,U,U,U,U,U,T,U,U,U,U,U,U,U,ST,T,U,T,U,U,U,U,TU,U,U,U,U,U,U,ST,T,U,T,U,T,U,T,U,T,U,T,U,ST,U,U,U,TU,U,U,U,TU,U,U,U,TU,T,U,T,U,U,U,U,TU,U,U,U,TU,U,U,U,T,U,T,U,TU,U,U,U,TU,","(c1.c)[K],(g1.g)[HI],(#d2.c2.#d.c)[KL],(d2.b1.d.B-1)[KL],(d2.#a1.d.#A-1)[KL],(c2.a1.c.A-1)[KL],(b1.#g1.b.#g)[L],(#d2.b1)[L],(b1.#g1.b.#g)[L],(b1.#g1.b.#g)[L],(d2.b1)[L],(b1.#g1.b.#g)[L],(a1.#f1.a.#f)[L],(#c2.a1)[L],(a1.#f1.a.#f)[L],(#g1.#d1.#g.#d)[KL],(g1.#d1.#d)[JK],(b1.g1.g)[JK],(c1.g.#d.c)[L],d1[L],#d1[L],c1[L],d1[L],#d1[L],(c1.g.#d.c)[L],d1[L],#d1[L],c1[L],d1[L],#d1[L],(c1.g.#d.c)[L],d1[L],#d1[L],c1[L],d1[L],#d1[L],(#a1.g.f)[JLMN],c1[N],(c2.g1)[L],(#a1.g1)[L],(#g1.f1)[L],(g1.#d1.g.#d)[K],(f1.d1)[MN],c1[N],(#a1.g1)[L],(#g1.#d1)[L],(g1.#d1)[L],(f1.c1.f.c)[K],(#d1.c1)[L],(d1.#g.f.d)[L],#d1[L],f1[L],d1[L],#d1[L],f1[L],(g1.g.c)[L],f1[L],#a1[L],g1[KL],(c1.g.#d.c)[L],d1[L],#d1[L],c1[L],d1[L],#d1[L],(c1.g.#d.c)[L],d1[L],#d1[L],c1[L],d1[L],#d1[L],(c1.g.#d.c)[MN],c1[N],d1[L],#d1[L],c1[L],d1[L],#d1[L],(#a1.d.#A-1)[KL],#a[KMN],c1[N],(c2.g1)[L],(#a1.g1)[L],(#g1.f1)[L],(g1.#d1.g.#d)[K],(f1.d1)[MN],c1[N],(#a1.g1)[L],(#g1.#d1)[L],(g1.#d1)[MN],(g1.#d1)[N],(f1.c1.f.c)[K],(#d1.c1)[L],(d1.#g.f.d)[L],#d1[L],f1[L],d1[L],#d1[L],f1[L],(g1.g.f)[L],f1[L],#a1[L],g1[K],c1[L],(c1.g.#d.c)[L],d1[L],#d1[L],c1[L],d1[L],#d1[L],(#a1.g.f)[JL],(c2.#g1)[L],(#a1.g1.#a.g)[K],(c2.#g1)[L],(#a1.g1.#a.g)[K],g1[L],(#a1.g.f)[L],f1[L],g1[L],(#a.d.#A-1)[KL],(#c1.#g.f.#c)[L],#d1[L],f1[L],#c1[L],#d1[L],f1[L],#g1[JL],#a1[L],(#g1.#d.c.#G-1)[K],f1[L],(#d1.#A-1.G-1.#D-1)[K],#a1[L],(a1.#d.c.A-1)[K],#f1[L],(f1.#A-1.#F-1.#D-1)[K],(c2.a1)[L],(b1.g1.f.d.B-1)[K],(#g1.#d1)[L],(g1.#d1.B-1.G-1.#D-1)[K],(#d2.b1)[L],(b1.g1.d.B-1.G-1)[JK],(c2.#g1)[L],(f1.#c1.#g.f.#c)[L],(f1.#c1)[L],(f1.#c1)[KL],(c2.g1)[L],(e1.c1.g.e.c)[L],(e1.c1)[L],(e1.c1)[KL],(c2.g1)[L],(#d1.c1.g.#d.c)[L],(#d1.c1)[L],(#d1.c1)[KL],(f1.#c1.#g.f.#c)[K],(#d1.c1)[L],(#a1.f1.g.#A-1)[K],(#g1.#d1)[L],(c2.#g1)[L],(f1.#c1.#g.f.#c)[L],(f1.#c1)[L],(f1.#c1)[KL],(c2.g1)[L],(e1.c1.g.e.c)[L],(e1.c1)[L],(e2.c2)[KL],(e1.c1.e.c)[L],(f1.c1)[L],(f2.c2.f)[L],(#d2.c2.#d)[K],(b1.#g1)[L],(#a1.f1.#a.f)[K],(#g1.f1.#g.f)[L],(#g1.f1.#g.f)[KL],(f1.c.#G-1.F-1)[L],#g1[L],c2[L],(#a1.#A-1)[KL],"],"id":1},{"bpm":115,"baseBeats":0.25,"scores":["U,U,U,TU,U,U,U,TU,U,U,U,U,U,U,ST,ST,T,T,T,T,T,T,QQT,T,QR,U,U,U,U,U,U,U,U,U,U,U,U,U,U,U,U,U,U,SUV,5<V>,U,U,U,T,U,U,U,U,T,U,U,U,U,U,U,U,U,U,U,TU,U,U,U,U,U,U,U,U,U,U,U,U,U,U,U,U,U,U,TU,TV,5<V>,U,U,U,T,U,U,U,U,T,U,U,U,U,U,U,U,U,U,U,T,U,U,U,U,U,U,U,U,U,U,U,U,U,ST,T,U,T,U,U,U,U,TU,U,U,U,U,U,U,ST,T,U,T,U,T,U,T,U,U,U,U,U,U,U,ST,U,U,U,TU,U,U,U,TU,U,U,U,TU,T,U,U,U,U,U,U,U,TU,U,U,U,TU,","(e1.e.c.#G-1)[L],#g1[L],c2[L],(#a1.#A-1)[KL],(#d1.#d.c.#G-1)[L],#g1[L],c2[L],(#a1.#A-1)[KL],(f1.c.#G-1.F-1)[L],c2[L],c2[L],(#a1.d.#A-1.F-1)[L],f2[L],f2[L],(#g2.#g)[JK],(f2.f)[JK],(e1.c1.g.e.c)[K],(#g1.e1.#g.e)[K],(#a1.e1.#a.e)[K],(c2.g1.g.c)[K],(#g2.e2.e.#G-1)[K],(e2.c2.e.c)[K],(g2.c)[HHK],c1[K],(g1.c1)[HI],(c1.g.#d.c)[L],d1[L],#d1[L],c1[L],d1[L],#d1[L],(c1.g.#d.c)[L],d1[L],#d1[L],c1[L],d1[L],#d1[L],(c1.g.#d.c)[L],d1[L],#d1[L],c1[L],d1[L],#d1[L],(#a1.g.f)[JLMN],c1[N],(c2.g1)[L],(#a1.g1)[L],(#g1.f1)[L],(g1.#d1.g.#d)[K],(f1.d1)[MN],c1[N],(#a1.g1)[L],(#g1.#d1)[L],(g1.#d1)[L],(f1.c1.f.c)[K],(#d1.c1)[L],(d1.#g.f.d)[L],#d1[L],f1[L],d1[L],#d1[L],f1[L],(g1.g.c)[L],#d2[L],#g1[L],g1[KL],(c1.g.#d.c)[L],d1[L],#d1[L],c1[L],d1[L],#d1[L],(c1.g.#d.c)[L],d1[L],#d1[L],c1[L],d1[L],#d1[L],(c1.g.#d.c)[MN],c1[N],d1[L],#d1[L],c1[L],d1[L],#d1[L],(#a1.d.#A-1)[KL],#a[KMN],c1[N],(c2.g1)[L],(#a1.g1)[L],(#g1.f1)[L],(g1.#d1.g.#d)[K],(f1.d1)[MN],c1[N],(#a1.g1)[L],(#g1.#d1)[L],(g1.#d1)[L],(f1.c1.f.c)[K],(#d1.c1)[L],(d1.#g.f.d)[L],#d1[L],f1[L],d1[L],#d1[L],f1[L],(g1.g.f)[MN],g1[N],f1[L],#a1[MN],#a1[N],#g1[K],g1[L],(c1.g.#d.c)[L],d1[L],#d1[L],c1[L],d1[L],#d1[L],(c1.g.#d.c)[L],d1[L],#d1[L],c1[L],d1[L],#d1[L],(#a1.g.f)[JL],(c2.#g1)[L],(#a1.g1.#a.g)[K],(c2.#g1)[L],(#a1.g1.#a.g)[K],g1[L],(#a1.g.f)[L],f1[L],g1[L],(#a.d.#A-1)[KL],(#c1.#g.f.#c)[L],#d1[L],f1[L],#c1[L],#d1[L],f1[L],#g1[JL],#a1[L],(#g1.#d.c.#G-1)[K],f1[L],(#d1.#A-1.G-1.#D-1)[K],#a1[L],(a1.#d.c.A-1)[K],#f1[L],(f1.#A-1.#F-1.#D-1)[K],(f1.c1)[L],(b1.g1.f.d.B-1)[L],(b1.g1)[L],(#g1.#d1)[L],(g1.d1.B-1.G-1.#D-1)[L],(d2.b1)[L],(c2.#g1)[L],(b1.g1.d.B-1.G-1)[JK],(c2.#g1)[L],(f1.#c1.#g.f.#c)[L],(f1.#c1)[L],(f1.#c1)[KL],(c2.g1)[L],(e1.c1.g.e.c)[L],(e1.c1)[L],(e1.c1)[KL],(c2.g1)[L],(#d1.c1.g.#d.c)[L],(#d1.c1)[L],(#d1.c1)[KL],(f1.#c1.#g.f.#c)[K],(#d1.c1)[L],(#a1.f1.g.#A-1)[L],(#g1.#d1)[L],(a1.#d1)[L],(f1.#c1.#g.f.#c)[L],(c2.#g1)[L],(f1.#c1)[L],(f1.#c1.#g.f.#c)[KL],(e1.c1.g.e.c)[L],(c2.#g1)[L],(e1.c1)[L],(e2.c2.g.e.c)[KL],"],"id":2},{"bpm":115,"baseBeats":0.25,"scores":["(e1.c1.e.c)[L],(f1.c1)[L],(f2.c2.f)[L],(#d2.c2.#d)[K],(b1.#g1)[L],(#a1.f1.#a.f)[L],(#g1.f1)[L],(#g1.f1.#g.f)[L],(c2.f1.#g.f)[KL],(f1.c.#G-1.F-1)[L],#g1[L],c2[L],(#a1.#A-1)[KL],(e1.e.c.#G-1)[L],#g1[L],c2[L],(#a1.#A-1)[KL],(#d1.#d.c.#G-1)[L],#g1[L],c2[L],(#a1.#A-1)[KL],(f1.c.#G-1.F-1)[L],c2[L],c2[L],(#a1.d.#A-1.F-1)[L],f2[L],f2[L],(#g2.#g)[JK],(f2.f)[JK],(e1.c1.g.e.c)[K],(#g1.e1.#g.e)[K],(#a1.e1.#a.e)[K],(c2.g1.g.c)[K],(#g2.e2.e.#G-1)[K],(e2.c2.e.c)[K],(c1.g.#d.c)[L],d1[L],#d1[L],c1[L],d1[L],#d1[L],(c1.g.#d.c)[L],d1[L],#d1[L],c1[L],d1[L],#d1[L],(#a1.g.f)[JL],(c2.#g1)[L],(#a1.g1.#a.g)[K],(c2.#g1)[L],(#a1.g1.#a.g)[K],g1[L],(#a1.g.f)[L],f1[L],g1[L],(#a.d.#A-1)[KL],(#c1.#g.f.#c)[L],#d1[L],f1[L],#c1[L],#d1[L],f1[L],#g1[JL],#a1[L],(#g1.#d.c.#G-1)[K],f1[L],(#d1.#A-1.G-1.#D-1)[K],#a1[L],(a1.#d.c.A-1)[K],#f1[L],(f1.#A-1.#F-1.#D-1)[K],(c2.a1)[L],(b1.g1.f.d.B-1)[K],(#g1.#d1)[L],(g1.#d1.B-1.G-1.#D-1)[K],(#d2.b1)[L],(b1.g1.d.B-1.G-1)[JK],(c2.#g1)[L],(f1.#c1.#g.f.#c)[L],(f1.#c1)[L],(f1.#c1)[KL],(c2.g1)[L],(e1.c1.g.e.c)[L],(e1.c1)[L],(e1.c1)[KL],(c2.g1)[L],(#d1.c1.g.#d.c)[L],(#d1.c1)[L],(#d1.c1)[KL],(f1.#c1.#g.f.#c)[K],(#d1.c1)[L],(#a1.f1.g.#A-1)[K],(#g1.#d1)[L],(c2.#g1)[L],(f1.#c1.#g.f.#c)[L],(f1.#c1)[L],(f1.#c1)[KL],(c2.g1)[L],(e1.c1.g.e.c)[L],(e1.c1)[L],(e2.c2)[KL],(e1.c1.e.c)[L],(f1.c1)[L],(f2.c2.f)[L],(#d2.c2.#d)[K],(#a1.a1)[L],(#a1.f1.#a.f)[K],(#g1.f1.#g.f)[L],(#g1.f1.#g.f)[KL],(f1.c.#G-1.F-1)[L],#g1[L],c2[L],(#a1.#A-1)[KL],(e1.e.c.#G-1)[L],#g1[L],c2[L],(#a1.#A-1)[KL],(#d1.#d.c.#G-1)[L],#g1[L],c2[L],(#a1.#A-1)[KL],(f1.c.#G-1.F-1)[L],c2[L],c2[L],(#a1.d.#A-1.F-1)[L],f2[L],f2[L],(#g2.#g)[JK],(f2.f)[JK],(e1.c1.g.e.c)[K],(#g1.e1.#g.e)[K],(#a1.e1.#a.e)[K],(c2.g1.g.c)[K],(#g2.e2.e.#G-1)[K],(e2.c2.e.c)[K],(g2.c)[HI],(f2.f)[HIJK],(e1.c1.g.e.c)[K],(#g1.e1.#g.e)[K],(#a1.e1.#a.e)[K],(c2.g1.g.c)[K],(#g2.e2.e.#G-1)[K],(e2.c2.e.c)[K],(g2.c)[IKLNO],"],"id":3}],"audition":{"start":[0,0],"end":[1,0]}}