{"baseBpm":133.5,"musics":[{"id":1,"baseBeats":0.5,"scores":["mute[KL],mute[KL],mute[KL],mute[JM],mute[LM],mute[LM],mute[LM],mute[LM],mute[LM],mute[KL],mute[KL],mute[KL],mute[JM],mute[LM],mute[LM],mute[LM],mute[LM],mute[LM],mute[KL],mute[KL],mute[KL],mute[JM],mute[LM],mute[LM],mute[LM],mute[LM],mute[LM],mute[KL],mute[KL],mute[KL],mute[JM],mute[LM],mute[LM],mute[LM],mute[LM],mute[LM],mute[KL],mute[KL],mute[KL],mute[JM],mute[LM],mute[LM],mute[LM],mute[LM],mute[LM],mute[KL],mute[KL],mute[KL],mute[JM],mute[LM],mute[LM],mute[LM],mute[LM],mute[LM],mute[KL],mute[KL],mute[KL],mute[JM],mute[LM],mute[LM],mute[LM],mute[LM],mute[LM],mute[KLO],mute[KLN],mute[KLNO],mute[JLNO],mute[LMNO],mute[LMNO],mute[LMNO],mute[LMNO],mute[LMNO],mute[LMNO],mute[LMNO],mute[LMNO],mute[LMNO],mute[LMNO],mute[LMNO],mute[LMNO],mute[LMNO],mute[LMNO],mute[LMNO],mute[LMNO],mute[LMNO],mute[LMNO],mute[LMNO],mute[LMNO],mute[LMNO],mute[LMNO],mute[LMNO],mute[LMNO],mute[LMNO],mute[LMNO],mute[LMNO],mute[LMNO],mute[LMNO],mute[LMNO],mute[LMNO],mute[LN],mute[LN],mute[LN],mute[LN],mute[LN],mute[LN],mute[LN],mute[LN],mute[LN],mute[LN],mute[LN],mute[LN],mute[LN],mute[LN],mute[LN],mute[LN],mute[LN],mute[LN],mute[LN],mute[LN],mute[LN],mute[LN],mute[LN],mute[LN],mute[LN],mute[LNO],mute[LN],mute[LN],mute[LNO],mute[LNO],mute[LNO],mute[LM],mute[LM],mute[LM],mute[LM],mute[LMO],mute[LMO],mute[LMN],mute[LMO],mute[LMO],mute[LMN],mute[LMO],mute[LN],mute[LN],mute[LN],mute[LN],mute[KLMN],mute[JLMN];","E-1[KL],G-1[KL],E-1[KL],(e2.g2.b1)[JM],(#d2.#f2.a1)[LM],(#d2.a2.#f1)[LM],(e2.g2.g1)[LM],(#d2.c3.a1)[LM],(e2.b2.g1)[LM],E-1[KL],G-1[KL],E-1[KL],(g2.b2.b1)[JM],(#f2.a2.c2)[LM],(#d2.c3.a1)[LM],(e2.b2.g1)[LM],(a2.#f3.#d1.c2)[LM],(g2.e3.e1.b1)[LM],E-1[KL],G-1[KL],E-1[KL],(e2.g2.c2)[JM],(#d2.#f2.a1)[LM],(#d2.a2.#f1)[LM],(e2.g2.g1)[LM],(#f2.d3.#d1.a1)[LM],(g2.c3.e1.c2)[LM],E-1[KL],G-1[KL],E-1[KL],(g2.#a2.g1.#a1)[JM],(#f2.a2.a1.c2)[LM],(a2.c3.#f1.a1)[LM],(g2.#a2.g1.#a1)[LM],(a2.#f3.#d1.b1)[LM],(g2.e3.e1.c2)[LM],E-1[KL],G-1[KL],E-1[KL],(#a2.g3.e1.#c2)[JM],(a2.#f3.#f1.#d2)[LM],(g2.e3.g1.e2)[LM],(g2.b2.a1.#c2)[LM],(#f2.a2.b1.#d2)[LM],(e2.g2.g1.b1)[LM],E-1[KL],G-1[KL],E-1[KL],(b2.d3.g.b)[JM],(a2.#c3.a.#c1)[LM],(g2.b2.b.#d1)[LM],(e2.g2.#c1.e1)[LM],(#d2.#f2.#d1.#f1)[LM],(b1.e2.e1.g1)[LM],(#a.#a1.#F-1.#f)[KL],(b.d1.b1)[KL],(#a.e1.#a1.#F-1.#f)[KL],(g2.g1)[JM],(#f2.#f1)[LM],(f2.f1)[LM],(e2.g2.e1.g1)[LM],(d2.#f2.d1.#f1)[LM],(#c2.e2.#c1.e1)[LM],(#a.#a1.#F-1.#f)[KLO],(b.d1.b1)[KLN],(#a.e1.#a1.#F-1.#f)[KLNO],(g2.#a2.g1.#a1)[JLNO],(#f2.#f1)[LMNO],(f2.f1)[LMNO],(e2.g2.a2.e1.g1.a1)[LMNO],(d2.#f2.b2.d1.#f1.b1)[LMNO],(e2.#c3.#c1.e1.#c2)[LMNO],B-2[LMNO],B-1[LMNO],(d2.d3.#f)[LMNO],#c1[LMNO],b[LMNO],(#f1.#f2.a)[LMNO],(e1.e2.g)[LMNO],(b1.b2.#f)[LMNO],g[LMNO],(d1.d2.b)[LMNO],(c1.c2.e)[LMNO],(g1.g2.#d)[LMNO],e[LMNO],(b.b1.g)[LMNO],(b.b1.e1.#F-2.#F-1)[LMNO],(#a.#a1)[LMNO],g1[LMNO],(b.b1)[LMNO],(#c1.#c2)[LMNO],(d1.d2.b)[LMNO],(e1.e2.#c2.#a)[LMNO],(g1.g2.e1)[LMNO],(#f1.#f2)[LMNO],(b1.b2.e2.g)[LMNO],(#a1.#a2.#f)[LMNO],(b1.b2.#c1)[LMNO],(#c2.#c3)[LN],(d2.d3)[MO],e[MO],(e2.e3)[LN],(f2.f3.D-1)[LN],d[LN],#f[LN],(#f2.#f3.b)[LN],d1[LN],#c1[LN],e1[LN],d1[MO],(a1.a2)[MO],#c1[LN],(g1.g2)[LN],b[MO],(d2.d3)[MO],#a[LN],#c1[LN],b[MO],(#f1.#f2)[MO],a[LN],(e1.e2)[LN],g[MO],(b1.b2)[MO],#f[LN],a[LN],g[MO],(d1.d2)[MO],#f[LN],(d1.d2.g1.A-1.e)[LN],(#c1.#c2)[LNO],(d1.d2)[LN],(#d1.#d2.b1)[LN],(e1.e2)[LNO],(#f1.#f2)[LNO],(g1.g2)[LNO],(a1.a2)[MN],d1[MN],(b1.b2)[LM],#c1[LM],(#c2.#c3)[MN],g1[MN],(d2.d3)[LMO],(#d2.#d3)[LMO],(e2.e3)[MNO],b[MNO],(#f2.#f3)[LMO],a[LMO],(g2.g3)[MNO],(e.e1)[MNO],(#g2.#g3)[LMO],(a2.a3)[LN],(#a2.#a3)[LN],(b2.b3.G-1.g)[LN],(#c3.#c4)[LN],(d3.#a3.d4.F-1.#A-1.d.f)[KLMN],(d2.#a2.d3.f.#a.d1.f1)[JLMN];"]},{"id":2,"baseBeats":0.5,"scores":["mute[LMNO],mute[LMNO],mute[LMNO],mute[LMNO],mute[L],mute[KMO],mute[LMNO],mute[LMNO],mute[JLMN],mute[JLMN],mute[LMNO],mute[LMNO],mute[LMNO],mute[LMNO],mute[L],mute[KMO],mute[LMNO],mute[LMNO],mute[LMNO],mute[LMNO],mute[LMNO],mute[LMNO],mute[LMNO],mute[LMNO],mute[LMNO],mute[LMNO],mute[LMNO],mute[LMNO],mute[LMNO],mute[LMNO],mute[LMNO],mute[LN],mute[KMO],mute[LMNO],mute[LMNO],mute[LMNO],mute[LMNO],mute[LMNO],mute[LMNO],mute[LMNO],mute[LMNO],mute[LMNO],mute[LMNO],mute[LMNO],mute[LMNO],mute[LN],mute[KMO],mute[LMNO],mute[K],mute[K],mute[KO],mute[KO],mute[KN],mute[KN],mute[KNO],mute[KM],mute[KM],mute[KM],mute[KM],mute[LMO],mute[KLN],mute[KL],mute[KL],mute[KL],mute[JM],mute[LM],mute[LM],mute[LM],mute[LM],mute[LM],mute[KL],mute[KL],mute[KL],mute[JM],mute[LM],mute[LM],mute[LM],mute[LM],mute[LM],mute[KL],mute[KL],mute[KL],mute[JM],mute[LM],mute[LM],mute[LM],mute[LM],mute[LM],mute[KL],mute[KL],mute[KL],mute[JM],mute[LM],mute[LM],mute[LM],mute[LM],mute[LM],mute[KL],mute[KL],mute[KL],mute[JM],mute[LM],mute[LM],mute[LM],mute[LM],mute[LM],mute[KLO],mute[KLN],mute[KLNO],mute[JLNO],mute[LMNO],mute[LMNO],mute[LMNO],mute[LMNO],mute[LMNO],mute[LMNO],mute[LMNO],mute[LMNO],mute[LMNO],mute[LMNO],mute[LMNO],mute[LMNO],mute[LMNO],mute[LMNO],mute[LMNO],mute[LMNO],mute[LMNO],mute[LMNO],mute[LMNO],mute[LMNO],mute[LMNO],mute[LMNO],mute[LMNO],mute[LMNO],mute[LMNO],mute[LMNO],mute[LMNO],mute[LMNO],mute[LMNO],mute[LMNO],mute[LMNO];","(#d2.#a2.#d3.f.#a.d1.f1)[LMNO],(#d2.#a2.#d3.f.#a.d1.f1)[LMNO],(e2.#a2.e3.f.#a.d1.f1)[LMNO],(e2.#a2.e3.f.#a.d1.f1)[LMNO],(f2.#a2.f3.f.#a.d1.f1)[L],f[O],f2[O],c1[O],a2[O],#d1[N],(f3.f1)[LMNO],(#f2.a2.#f3.f.c1.#d1.f1)[LMNO],(#f2.a2.#f3.f.c1.#d1.f1)[LMNO],(g2.a2.g3.f.c1.#d1.f1)[JLMN],(d1.#a1.d2.F-1.#A-1.d.f)[JLMN],(#d1.#a1.#d2.F-1.#A-1.d.f)[LMNO],(#d1.#a1.#d2.F-1.#A-1.d.f)[LMNO],(e1.#a1.e2.F-1.#A-1.d.f)[LMNO],(e1.#a1.e2.F-1.#A-1.d.f)[LMNO],(f1.#a1.f2.F-1.#A-1.d.f)[L],F-1[O],f1[O],c[O],a1[O],#d[N],(f2.f)[LMNO],(#f1.a1.#f2.F-1.c.#d.f)[LMNO],(#f1.a1.#f2.F-1.c.#d.f)[LMNO],(g1.a1.g2.F-1.c.#d.f)[LMNO],(F-2.F-1)[LMNO],(#a.d1)[LMNO],#A-1[LMNO],(#a.d1)[LMNO],d[LMNO],(#a1.d2)[LMNO],f[LMNO],(#a1.d2)[LMNO],#a[LMNO],(d2.#a2.d3)[LMNO],d1[LMNO],(d2.#a2.d3)[LMNO],f1[LN],d3[NO],#a3[NO],d4[LMNO],(#F-2.#F-1)[LMNO],(#a.d1)[LMNO],#A-1[LMNO],(#a.d1)[LMNO],d[LMNO],(#a1.d2)[LMNO],#f[LMNO],(#a1.d2)[LMNO],#a[LMNO],(d2.#a2.d3)[LMNO],d1[LMNO],(d2.#a2.d3)[LMNO],#f1[LN],d3[NO],#a3[NO],d4[LMNO],(G-2.G-1)[LMNO],(b.#d1)[K],B-1[K],(b.#d1)[KO],#d[KO],(b1.#d2)[KN],g[KN],(b1.#d2)[KNO],b[KM],(#d2.b2.#d3)[KM],#d1[KM],(#d2.b2.#d3)[KM],g1[LMO],#d3[NO],b3[NO],#d4[KM],(E-2.E-1)[KL],(G-2.G-1)[KL],(E-2.E-1)[KL],(b1.e2.g2.b.e1.g1)[JM],(a1.#d2.#f2.a.#d1.#f1)[LM],(c2.#d2.a2.c1.#d1.a1)[LM],(b1.e2.g2.b.e1.g1)[LM],(#d2.a2.c3.#d1.a1.c2)[LM],(e2.g2.b2.e1.g1.b1)[LM],(E-2.E-1)[KL],(G-2.G-1)[KL],(E-2.E-1)[KL],(b1.g2.b2.b.g1)[JM],(c2.#f2.a2.c1.a1)[LM],(#d2.a2.c3.#d1.a1.c2)[LM],(e2.g2.b2.e1.g1.b1)[LM],(#f2.c3.#f3.a1.#d2)[LM],(g2.b2.e3.g1.e2)[LM],(E-2.E-1)[KL],(G-2.G-1)[KL],(E-2.E-1)[KL],(c2.e2.g2.c1.e1.g1)[JM],(c2.#d2.#f2.a.#d1.#f1)[LM],(c2.#d2.a2.#f.#d1.#f1)[LM],(c2.e2.g2.g.e1.g1)[LM],(#d2.#d3.#d1)[LM],(e2.e3.e1)[LM],(E-2.E-1)[KL],(G-2.G-1)[KL],(E-2.E-1)[KL],(e2.g2.#a2.g1.#a1)[JM],(#f2.a2.a1.c2)[LM],(#d2.a2.c3.#f1.a1)[LM],(e2.g2.#a2.g1.#a1)[LM],(#f2.#d3.#f3.#f1.#d2)[LM],(g2.e3.g3.g1.e2)[LM],(#a.e1.#a1.#F-1.#f)[KL],(b.d1.b1)[KL],(#a.e1.#a1.#F-1.#f)[KL],(g2.g1)[JM],(#f2.#f1)[LM],(f2.f1)[LM],(e2.g2.e1.g1)[LM],(d2.#f2.d1.#f1)[LM],(#c2.e2.g2.#c1.e1.g1)[LM],(#a.#a1.#F-1.#f)[KLO],(b.d1.b1)[KLN],(#a.e1.#a1.#F-1.#f)[KLNO],(g2.#a2.g1.#a1)[JLNO],(#f2.#f1)[LMNO],(f2.f1)[LMNO],(e2.g2.#a2.e1.g1.#a1)[LMNO],(d2.#f2.d1.#f1)[LMNO],(#c2.e2.g2.#a2.#c1.e1.g1.#a1)[LMNO],B-2[LMNO],B-1[LMNO],(e2.e3.g)[LMNO],d1[LMNO],c1[LMNO],(g1.g2.b)[LMNO],(#f1.#f2.a)[LMNO],(c2.c3.e1)[LMNO],b[LMNO],(e1.e2.g)[LMNO],(d1.d2.#f)[LMNO],(a1.a2.c1)[LMNO],g[LMNO],(c1.c2.e)[LMNO],(c1.#d1.c2.B-1.#f.a)[LMNO],(#a.#a1)[LMNO],#f1[LMNO],(b.b1)[LMNO],(#d1.#d2)[LMNO],(#f2.a)[LMNO],(#a1.#a2.g)[LMNO],(b1.b2.#d1)[LMNO],(c2.c3)[LMNO],(#d2.#d3.#f)[LMNO],(#d2.#d3.g2.e)[LMNO],(e2.e3.c1)[LMNO];"]},{"id":3,"baseBeats":0.5,"scores":["mute[LN],mute[LN],mute[LN],mute[LN],mute[LN],mute[LN],mute[LN],mute[LN],mute[LN],mute[LN],mute[LN],mute[LN],mute[LN],mute[LN],mute[LN],mute[LN],mute[LN],mute[LN],mute[LN],mute[LN],mute[LN],mute[LN],mute[LN],mute[LN],mute[LN],mute[LN],mute[LN],mute[L],mute[LN],mute[L],mute[L],mute[LN],mute[L],mute[L],mute[L],mute[L],mute[L],mute[L],mute[L],mute[L],mute[L],mute[L],mute[L],mute[L],mute[L],mute[L],mute[L],mute[L],mute[L],mute[L],mute[L],mute[L],mute[L],mute[L],mute[L],mute[L],mute[L],mute[L],mute[L],mute[L],mute[L],mute[L],mute[L],mute[L],mute[L],mute[L],mute[L],mute[L],mute[L],mute[L],mute[L],mute[L],mute[L],mute[L],mute[L],mute[L],mute[L],mute[L],mute[L],mute[L],mute[L],mute[L],mute[L],mute[L],mute[L],mute[L],mute[L],mute[L],mute[L],mute[L],mute[L],mute[L],mute[L],mute[L],mute[L],mute[L],mute[L],mute[L],mute[L],mute[L],mute[L],mute[L],mute[L],mute[L],mute[L],mute[L],mute[L],mute[L],mute[L],mute[L],mute[L],mute[L],mute[L],mute[L],mute[L],mute[L],mute[L],mute[L],mute[L],mute[L],mute[L],mute[L],mute[L],mute[L],mute[L],mute[L],mute[L],mute[L],mute[L],mute[L],mute[L],mute[L],mute[L],mute[L],mute[L],mute[L],mute[L],mute[L],mute[L],mute[L],mute[LN],mute[LN],mute[LN],mute[LN],mute[LN],mute[LN],mute[LN],mute[LN],mute[LN],mute[LN],mute[LN],mute[KL],mute[KL],mute[JK],mute[KL],mute[KL],mute[KL],mute[KL],mute[KL],mute[JK],mute[KL],mute[KL],mute[KL],mute[KL],mute[KL],mute[KL],mute[KL],mute[KL],mute[KL],mute[KL],mute[KL],mute[KL],mute[KL],mute[KL],mute[KL],mute[KL],mute[KL],mute[KLO],mute[KLN],mute[KLNO],mute[KLM],mute[KLMN],mute[KLMN],mute[JKLNO],mute[JKLNO],mute[JKLNO],mute[JKLNO],mute[LM],mute[LM],mute[LM],mute[LM],mute[LM],mute[LM],mute[LM],mute[LM],mute[LM],mute[LM],mute[LM],mute[LM],mute[LM],mute[LM],mute[LM],mute[LM],mute[LM],mute[LM],mute[LM],mute[LM],mute[LM],mute[LM],mute[LM],mute[LM],mute[LM],mute[LM],mute[LM],mute[JM],mute[KL],mute[KL],mute[ILO],mute[IJO],mute[KL];","(#f2.a2.#f3)[LN],(g2.g3)[MO],#d[MO],(a2.a3)[LN],(#a2.#a3.B-2)[LN],B-1[LN],g[LN],(b2.b3.b)[LN],e1[LN],#f1[LN],g1[LN],b1[MO],(d2.d3)[MO],#f1[LN],(c2.c3.e1)[LN],#f1[MO],(g2.g3)[MO],e1[LN],d1[LN],g1[MO],(b1.b2)[MO],d1[LN],(a1.a2.c1)[LN],d1[MO],(e2.e3)[MO],c1[LN],b[LN],e1[MO],(g1.g2)[MO],b[LN],(#f1.#f2.a)[LN],A-1[MO],(c2.c3)[MO],c[LN],(e1.e2.#f)[L],#F-1[MO],(#d1.#d2)[MO],B-1[L],(g1.g2.e)[L],E-1[MO],(b.b1)[MO],G-1[L],(a.a1.c)[L],C-1[MO],(e1.e2)[M],E-1[L],(g.g1.B-1)[L],B-2[M],(f.f1)[M],D-1[L],(c1.c2.A-1)[L],A-2[M],(e.e1)[M],C-1[L],(#d.#d1.#F-1)[L],#F-2[M],(#a.#a1)[M],B-2[L],(#a1.#a.E-2.E-1)[L],e1[L],g1[L],(#a.G-2.G-1)[L],e1[L],g1[L],(#a.E-2.E-1)[L],e1[L],g1[L],(b1.b)[L],e1[L],g1[L],(c2.c1)[L],e1[L],g1[L],(#c2.#c1)[L],e1[L],g1[L],(e2.e1)[L],g1[L],b1[L],(e2.e1.#a1.#F-1)[L],#a[L],e[L],(d1.b1.#F-1)[L],b[L],d[L],(e1.#a1.#F-1)[L],#a[L],e[L],(g2.g1)[L],#c2[L],e2[L],e1[L],g1[L],#c2[L],#c1[L],e1[L],g1[L],(c2.c1)[L],e1[L],g1[L],(#a1.#a.E-2.E-1)[L],e1[L],g1[L],(#a.G-2.G-1)[L],e1[L],g1[L],(#a.E-2.E-1)[L],e1[L],g1[L],(b1.b)[L],e1[L],g1[L],(c2.c1)[L],e1[L],g1[L],(#c2.#c1)[L],e1[L],g1[L],(e2.e1)[L],g1[L],#c2[L],(e2.e1.#a1.#F-1)[L],#a[L],e[L],(d1.b1.#F-1)[L],b[L],d[L],(e1.#a1.#F-1)[L],#a[L],e[L],(g2.g1)[L],#a1[L],#c2[L],(e2.e1)[L],g1[L],#a1[L],(#c2.#c1)[L],e1[L],g1[L],(c2.c1)[L],e1[L],g1[L],(#a1.#a)[L],e1[L],g1[L],g[LO],#a[LO],#c1[LO],(e1.e)[LO],g[LO],#a[LO],(#c1.#c)[LO],e[LN],g[LN],(c1.c)[LN],e[LN],g[LN],(b.B-1)[LN],e[LN],g[LN],(#a.#A-1)[LN],e[LN],g[LN],e1[KL],g1[KL],e1[JK],(#a.e1.#a1.#F-1.#f)[KL],(b.d1.b1)[KL],(#a.e1.#a1)[KL],e1[KL],g1[KL],e1[JK],(#a.e1.#a1.#F-1.#f)[KL],(b.d1.b1)[KL],(#a.e1.#a1)[KL],e1[KL],g1[KL],e1[KL],(e.#a.#F-2.#F-1)[KL],e1[KL],g1[KL],e1[KL],(e.b.G-2.G-1)[KL],e1[KL],g1[KL],e1[KL],(e.c1.A-2.A-1)[KL],e1[KL],g1[KL],g1[KLO],g1[KLN],g1[KLNO],g1[KLM],g1[KLMN],g1[KLMN],g1[JKLNO],g1[JKLNO],g1[JKLNO],g1[JKLNO],(E-2.E-1)[LM],(g.e1)[LM],(G-2.G-1)[LM],(g.e1)[LM],(E-2.E-1)[LM],(g.e1)[LM],g1[LM],(g.e1)[LM],(#A-2.#A-1)[LM],(g.e1)[LM],(B-2.B-1)[LM],(g.e1)[LM],(#A-2.#A-1)[LM],(g.e1)[LM],(E-2.E-1)[LM],(g.e1)[LM],(G-2.G-1)[LM],(g.e1)[LM],(E-2.E-1)[LM],(g.e1)[LM],g1[LM],(g.e1)[LM],(#A-2.#A-1)[LM],(g.e1)[LM],(B-2.B-1)[LM],(g.e1)[LM],(#A-2.#A-1)[LM],(g.e1)[JM],(E-2.E-1)[KL],(G-2.G-1)[KL],(E-2.E-1)[ILO],(E-2.E-1)[IJO],(E-2.E-1)[KL];"]}]}