{"baseBpm":240,"musics":[{"id":1,"baseBeats":0.5,"scores":["mute[KL],mute[KL],mute[KL],mute[KL],mute[LM],mute[LM],mute[KL],mute[KL],mute[LM],mute[LM],mute[LM],mute[LM],mute[LM],mute[LM],mute[KL],mute[LM],mute[LM],mute[KL],mute[LM],mute[LM],mute[LM],mute[LM],mute[LM],mute[LM],mute[LM],mute[LM],mute[LM],mute[LM],mute[LM],mute[LM],mute[LM],mute[LM],mute[KL],mute[KL],mute[KL],mute[KL],mute[KL],mute[KL],mute[KL],mute[KL],mute[LM],mute[LM],mute[KL],mute[KL],mute[LM],mute[LM],mute[LM],mute[LM],mute[LM],mute[LM],mute[KL],mute[LM],mute[LM],mute[KL],mute[LM],mute[LM],mute[LM],mute[LM],mute[LM],mute[LM],mute[LM],mute[LM],mute[LM],mute[LM],mute[LM],mute[LM],mute[LM],mute[LM],mute[KL],mute[KL],mute[KL],mute[KL],mute[KL],mute[KL],mute[KL],mute[KL],mute[KL],mute[KL],mute[LM],mute[LM],mute[LM],mute[LM],mute[LM],mute[LM],mute[LM],mute[LM],mute[LM],mute[LM],mute[KL],mute[KL],mute[KL],mute[KL],mute[KL],mute[KL],mute[KL],mute[LM],mute[LM],mute[LM],mute[LM],mute[LM],mute[LM],mute[LM],mute[LM],mute[LM],mute[LM],mute[KL],mute[LM],mute[LM],mute[LM],mute[LM],mute[LM],mute[LM],mute[LM],mute[LM],mute[LM],mute[LM],mute[LM],mute[LM],mute[LM],mute[LM],mute[LM],mute[LM],mute[LM],mute[LM],mute[LM],mute[LM],mute[LM],mute[LM],mute[LM],mute[LM],mute[LM],mute[LM],mute[LM],mute[LM],mute[LM],mute[LM],mute[LM],mute[LM],mute[LM],mute[LM],mute[LM],mute[LM],mute[LM],mute[LM],mute[LM],mute[LM],mute[LM],mute[LM],mute[LM],mute[LM],mute[LM],mute[LM],mute[LM],mute[LM],mute[LM],mute[LM],mute[LM],mute[LM],mute[LM],mute[LM],mute[LM],mute[LM],mute[LM],mute[LM],mute[LM],mute[LM],mute[LM],mute[LM],mute[LM],mute[LM],mute[LM],mute[LM],mute[LM],mute[LM],mute[LM],mute[LM],mute[KL],mute[KL],mute[LM],mute[LM],mute[LM],mute[LM],mute[LM],mute[LM],mute[LM],mute[LM],mute[KL],mute[KL],mute[LM],mute[LM],mute[KL],mute[KL],mute[KL],mute[KL],mute[KL],mute[LM],mute[LM],mute[LM],mute[LM],mute[LM],mute[LM],mute[LM],mute[LM],mute[LM],mute[LM],mute[LM],mute[LM],mute[LM],mute[LM],mute[LM],mute[LM],mute[LM],mute[LM],mute[LM],mute[LM],mute[LM],mute[LM],mute[LM],mute[LM],mute[LM],mute[LM],mute[LM],mute[LM],mute[LM],mute[LM],mute[LM],mute[LM],mute[LM],mute[LM],mute[LM],mute[LM],mute[LM],mute[LM],mute[LM],mute[LM],mute[LM],mute[LM],mute[LM],mute[LM],mute[LM],mute[LM],mute[LM],mute[LM],mute[IL],mute[IL],mute[IL],mute[IL],mute[KL],mute[KL],mute[KL],mute[KL],mute[KL],mute[KL],mute[IL],mute[IN],mute[IJLN],mute[IKM],mute[IJ],mute[L],mute[L],mute[L],mute[L],mute[L],mute[L],mute[L],mute[L],mute[L],mute[L],mute[L],mute[L],mute[L],mute[L],mute[L],mute[L],mute[L],mute[L],mute[L],mute[L],mute[L],mute[L],mute[L],mute[L],mute[L],mute[L],mute[L],mute[L],mute[L],mute[L],mute[L],mute[L],mute[L],mute[L],mute[L],mute[L],mute[L],mute[L],mute[L],mute[L],mute[L],mute[L],mute[L],mute[L],mute[L],mute[L],mute[L],mute[L],mute[L],mute[L],mute[L],mute[L],mute[L],mute[L],mute[L],mute[L],mute[L],mute[L],mute[L],mute[L],mute[L],mute[L],mute[L],mute[L],mute[L],mute[L],mute[L],mute[L],mute[KLNO],mute[IKNO],mute[L],mute[L],mute[L],mute[L],mute[L],mute[L],mute[L],mute[L],mute[L],mute[L],mute[L],mute[L],mute[L],mute[L],mute[L],mute[L],mute[L],mute[L],mute[L],mute[L],mute[L],mute[L],mute[L],mute[L],mute[L],mute[L],mute[L],mute[L],mute[L],mute[L],mute[L],mute[L],mute[L],mute[L],mute[L],mute[L],mute[L],mute[L],mute[L],mute[L],mute[L],mute[L],mute[L],mute[L],mute[L],mute[L],mute[L],mute[L],mute[L],mute[L],mute[L],mute[L],mute[L],mute[L],mute[L],mute[L],mute[L],mute[L],mute[L],mute[L],mute[L],mute[L],mute[L],mute[L],mute[L],mute[L],mute[L],mute[L],mute[L],mute[L],mute[L],mute[L],mute[L],mute[L],mute[L],mute[L],mute[L],mute[L],mute[L],mute[KLNO],mute[L],mute[L],mute[L],mute[L],mute[L],mute[L],mute[L],mute[L],mute[L],mute[L],mute[L],mute[L],mute[L],mute[L],mute[L],mute[L],mute[L],mute[L],mute[L],mute[L],mute[L],mute[L],mute[L],mute[L],mute[L],mute[L],mute[L],mute[L],mute[L],mute[L],mute[L],mute[L],mute[L],mute[L],mute[L],mute[L],mute[L],mute[L],mute[L],mute[L],mute[L],mute[L],mute[L],mute[L],mute[L],mute[L],mute[L],mute[L],mute[L],mute[L],mute[L],mute[L],mute[L],mute[L],mute[L],mute[L],mute[L],mute[L],mute[L],mute[L],mute[L],mute[L],mute[L],mute[L],mute[L],mute[L],mute[L],mute[L],mute[L],mute[L],mute[L],mute[L],mute[L],mute[L],mute[L],mute[L],mute[L],mute[L],mute[L],mute[KLNO];","(b.#g1.b1.E-2.E-1)[KL],(#c1.e1.#c2.A-2.A-1)[KL],(#c1.a1.#c2.#F-2.#F-1)[KL],(#d1.#f1.#d2.B-2.B-1)[KL],(e1.b1.e2.#G-2.#G-1)[LM],(#f1.b1.#f2.#F-2.#F-1)[LM],(#g1.b1.#g2.E-2.E-1)[KL],(#g1.b1.#d1.B-2.B-1)[KL],(#g1.b1.e1.#C-1.#c)[LM],(#f1.a1)[LM],(#f1.a1.e1.#F-1.#f)[LM],#d1[LM],(#f1.a1.#d1.E-1.e)[LM],#c1[LM],(b.#f1.a1.#D-1.#d)[KL],(#C-1.#c)[LM],(#D-1.#d)[LM],(b.e1.#g1.E-1.e)[KL],(b.#g1.A-2.A-1)[LM],(a.#f1)[LM],(#c1.a1)[LM],(b.#g1)[LM],(a.#f1)[LM],(#g.e1)[LM],(#f.#d1.A-1.a)[LM],(#G-1.#g)[LM],(B-1.b)[LM],(A-1.a)[LM],(b.e1.#G-1.#g)[LM],(#d1.#f1.#F-1.#f)[LM],(e1.#g1.E-1.e)[LM],(#c1.#a1)[LM],(#f1.b1.#D-1.#d)[KL],(e1.#g1.#c2.#C-1.#c)[KL],(e1.#a1.#c2.#F-1.#f)[KL],(#d1.b1.B-2.B-1)[KL],(b.e1.b1.#G-1.#g)[KL],(#c1.e1.#c2.A-1.a)[KL],(#c1.a1.#c2.#F-1.#f)[KL],(#d1.#f1.#d2.B-1.b)[KL],(e1.b1.e2.#G-1.#g)[LM],(#f1.b1.#f2.#F-1.#f)[LM],(#g1.b1.#g2.E-1.e)[KL],(b1.#d2.b2.B-1.b)[KL],(b1.b2.e2.#c.#c1)[LM],(a1.a2)[LM],(a1.a2.e2.#f.#f1)[LM],#d2[LM],(a1.a2.#d2.e.e1)[LM],#c2[LM],(a1.b1.#f2.a2.#d.#d1)[KL],(#c.#c1)[LM],(#d.#d1)[LM],(#g1.b1.e2.#g2.e.e1)[KL],(b1.#g2.A-1.a)[LM],(a1.#f2)[LM],(#c2.a2)[LM],(b1.#g2)[LM],(a1.#f2)[LM],(#g1.e2)[LM],(#f1.b1.#d2.A-1.a)[LM],(#G-1.#g)[LM],(B-1.b)[LM],(A-1.a)[LM],(e1.b1.e2.#G-1.#g)[LM],(#f1.#d2.#f2.#F-1.#f)[LM],(#g1.e2.#g2.E-1.e)[LM],(#a1.#c2.#a2)[LM],(b1.#f2.b2.#D-1.#d)[KL],(#c2.e2.#g2.#c3.#C-1.#c)[KL],(#c2.e2.#a2.#c3.#F-1.#f)[KL],(b1.#d2.b2.B-2.B-1)[KL],(b1.b2)[KL],(#g1.e2)[KL],(b1.b2)[KL],(#f1.a1.d2)[KL],(b1.b2)[KL],(f1.#g1.#c2)[KL],(#g.#G-2.#G-1)[LM],(a.a1.A-2.A-1)[LM],(b.b1.B-2.B-1)[LM],(d1.d2.D-1.d)[LM],(#c1.#c2.#C-1.#c)[LM],(b.b1.B-2.B-1)[LM],(a.a1.A-2.A-1)[LM],(#g.#g1.#G-2.#G-1)[LM],(#f.#f1.#F-2.#F-1)[LM],(f.f1.F-2.F-1)[LM],(#g.#g1.#G-2.#G-1)[KL],(a1.a2)[KL],(#f1.d2)[KL],(a1.a2)[KL],(e1.g1.c2)[KL],(a1.a2)[KL],(#d1.#f1.b1)[KL],(#f.#F-2.#F-1)[LM],(g.g1.G-2.G-1)[LM],(a.a1.A-2.A-1)[LM],(c1.c2.C-1.c)[LM],(b.b1.B-2.B-1)[LM],(a.a1.A-2.A-1)[LM],(#f.#f1.#F-2.#F-1)[LM],(e.e1.E-2.E-1)[LM],(#d.#d1.#D-2.#D-1)[LM],(#f.#f1.#F-2.#F-1)[LM],(b.b1.B-2.B-1)[KL],(g1.e2.g2.c.c1)[LM],(B-1.b)[LM],(A-1.a)[LM],(G-1.g)[LM],(g1.e2.g2.c.c1)[LM],(G-1.g)[LM],(g1.e2.g2.#c.#c1)[LM],(G-1.g)[LM],(g1.f2.g2.d.d1)[LM],(B-1.b)[LM],(A-1.a)[LM],(G-1.g)[LM],(g1.e2.g2.c.c1)[LM],(B-1.b)[LM],(A-1.a)[LM],(G-1.g)[LM],(g1.e2.g2.c.c1)[LM],(G-1.g)[LM],(g1.e2.g2.#c.#c1)[LM],(G-1.g)[LM],(g1.f2.g2.d.d1)[LM],(B-1.b)[LM],(A-1.a)[LM],(G-1.g)[LM],(g1.g2.#d.#d1)[LM],(d.d1)[LM],(c.c1)[LM],(#A-1.#a)[LM],(#a1.g2.#a2.#d.#d1)[LM],(#A-1.#a)[LM],(#a1.g2.#a2.e.e1)[LM],(#A-1.#a)[LM],(#a1.#g2.#a2.f.f1)[LM],(d.d1)[LM],(c.c1)[LM],(#A-1.#a)[LM],(#a1.g2.#a2.#d.#d1)[LM],(d.d1)[LM],(c.c1)[LM],(#A-1.#a)[LM],(#G-1.#g)[LM],(G-1.g)[LM],(#a1.g2.#a2.#d.#d1)[LM],(#c.#c1)[LM],(c.c1)[LM],(#A-1.#a)[LM],(#G-1.#g)[LM],(G-1.g)[LM],(#a1.#f2.#a2.#d.#d1)[LM],(#c.#c1)[LM],(B-1.b)[LM],(#A-1.#a)[LM],(#G-1.#g)[LM],(#F-1.#f)[LM],(a1.b1.#f2.b2.#d.#d1)[LM],(#c.#c1)[LM],(B-1.b)[LM],(A-1.a)[LM],(#G-1.#g)[LM],(#F-1.#f)[LM],(b1.#c.#c1)[LM],(#c1.#c2.B-1.b)[LM],(#d1.#d2.A-1.a)[LM],(e1.e2.#G-1.#g)[LM],(#f1.#f2.#F-1.#f)[LM],(#g1.#g2.E-1.e)[LM],(a1.a2.#D-1.#d)[LM],(b1.b2.D-1.d)[LM],(#c2.#c3.#C-1.#c)[LM],(d2.d3.C-1.c)[LM],(#d2.#d3.B-2.B-1)[KL],(b1.e2.b2.#G-2.#G-1)[KL],(#c2.e2.#c3.A-2.A-1)[LM],(#G-2.#G-1)[LM],(#c2.a2.#c3.#F-2.#F-1)[LM],(#C-1.#c)[LM],(#d2.#f2.#d3.B-2.B-1)[LM],(A-2.A-1)[LM],(e2.b2.e3.#G-2.#G-1)[LM],(#f2.b2.#f3.#F-2.#F-1)[LM],(#g2.b2.#g3.E-2.E-1)[KL],(b1.b)[KL],(b1.b)[LM],(a1.a)[LM],(a1.a)[KL],(#c2.e2.#c3.A-1.#c.e.a)[KL],(a1.a)[KL],(#d2.#f2.b2.#d3.A-1.#d.#f.a)[KL],(e2.b2.e3.#G-1.B-1.e.#g)[KL],(b.#g1)[LM],(a.#f1)[LM],(#c1.a1)[LM],(b.#g1)[LM],(a.#f1.#C-1.#c)[LM],(#g.e1)[LM],(#f.a.#d1)[LM],(B-2.B-1)[LM],(#D-1.#d)[LM],(#C-1.#c)[LM],(#d1.b1.B-2.B-1)[LM],(A-2.A-1)[LM],(#G-2.#G-1)[LM],(#c1.a1)[LM],(e1.#c2)[LM],(#d1.b1)[LM],(#c1.a1.E-1.e)[LM],(b.#g1)[LM],(#a.#c1.g1)[LM],(#D-1.#d)[LM],(#F-1.#f)[LM],(E-1.e)[LM],(e1.g1.#a1.e2.#D-1.#d)[LM],(#C-1.#c)[LM],(#g1.b1.B-2.B-1)[LM],(#d2.#d3)[LM],(#f2.#f3.e1.#g.b)[LM],(e2.e3)[LM],(#d2.#d3.g.#a)[LM],(#c2.#c3)[LM],(b1.b2.#d1.#f.a)[LM],(#a1.#a2)[LM],(#c2.#c3.d1.f.#g)[LM],(b1.b2)[LM],(a1.a2)[LM],(#g1.#g2)[LM],(b1.b2.#c1.#f)[LM],(a1.a2)[LM],(#g1.#g2.c1.#d)[LM],(#f1.#f2)[LM],(a1.a2.b.e)[LM],(#g1.#g2)[LM],(#f2.#f1)[LM],(e2.e1)[LM],(#d2.#d1)[LM],(#c2.#c1)[LM],(b1.b)[LM],(#a1.#a)[LM],(a1.c2.f2.a.c1.f1)[IL],(#d1.#f1.a1.#d2.B-1.#f.b)[IL],(g1.e2.c1.e1)[IL],(#f1.#a1.#c.#f.#c1)[IL],(b.#f1.b1.#D-1.#d)[KL],(a.#d1.a1.C-1.c)[KL],(#g.e1.#g1.#C-1.#c)[KL],(#g1.e2.#g2.#c.#c1)[KL],(#f1.c2.#f2.#G-1.#g)[KL],(e1.#c2.e2.A-1.a)[KL],(a1.c2.f2.a.c1.f1)[IL],(#d1.#f1.a1.#d2.B-1.#f.b)[IN],a[N],c1[N],f1[N],a1[N],f2[N],a2[N],c3[N],f3[IKLM],B-2[N],#F-1[N],B-1[N],#d[N],#f[N],a[N],#d1[IL],b[IJ],(#a1.g)[MN],b1[NO],e1[N],c2[MO],#d2[N],b[NO],e2[MN],(#f2.a)[MN],e2[NO],#f1[N],#d2[MN],c2[N],c1[NO],b1[MN],(#a1.g)[MN],b1[NO],e1[N],c2[MO],#d2[N],b[NO],e2[MN],(#f2.a)[MO],e2[NO],#f1[N],#d2[MO],c2[N],c1[NO],b1[MN],(#a1.g)[MN],b1[NO],e1[N],c2[MO],#d2[N],b[NO],e2[MN],(#f2.a)[MN],e2[NO],#f1[N],#d2[MO],c2[N],c1[NO],b1[MN],(#a1.g)[MN],b1[NO],e1[N],c2[MO],#d2[N],b[NO],e2[MN],(f2.#g)[MN],e2[NO],f1[N],d2[MO],c2[N],d1[NO],b1[MN],(#g1.a)[MN],a1[NO],e1[N],#a1[MN],b1[N],c1[NO],c2[MN],(#d2.#f)[MN],d2[NO],#d1[N],c2[MO],b1[N],c1[NO],a1[MO],(#f1.g)[MN],g1[NO],d1[N],#g1[MO],a1[N],b[NO],b1[MN],(d2.f)[MN],c2[NO],d1[N],b1[MO],a1[N],b[NO],g1[MN],(f1.#f)[MN],#f1[NO],c1[N],g1[MO],#g1[N],a[NO],a1[MN],(c2.#d)[MN],b1[NO],c1[N],a1[MO],g1[N],a[NO],#f1[MN],(#d1.e)[MN],e1[NO],b[N],f1[MO],#f1[N],g[NO],g1[MN],(#a1.c)[MN],g1[NO],g[N],#f1[MN],f1[N],e[NO],e1[MN],(b1.B-1)[MN],g1[NO],g[N],#f1[MO],f1[N],e[NO],e1[MN],(#c2.#A-1)[MN],g1[NO],g[N],#f1[MO],f1[N],e[NO],e1[MN],(#d1.B-1.#f)[MN],e1[MN],#f1[MO],b1[MN],b[MO],#d[MN],e[MN],#f[MO],b[MN],B-1[MN],B-2[KLNO],b[IKNO],(#a2.g1)[MN],b2[NO],e2[N],c3[MO],#d3[N],b1[NO],e3[MN],(#f3.a1)[MN],e3[NO],#f2[N],#d3[MO],c3[N],c2[NO],b2[MN],(#a2.g1)[MN],b2[NO],e2[N],c3[MO],#d3[N],b1[NO],e3[MN],(#f3.a1)[MN],e3[NO],#f2[N],#d3[MO],c3[N],c2[NO],b2[MN],(#a2.g1)[MN],b2[NO],e2[N],c3[MO],#d3[N],b1[NO],e3[MN],(#f3.a1)[MN],e3[NO],#f2[N],#d3[MN],c3[N],c2[NO],b2[MN],(#a2.g1)[MN],b2[NO],e2[N],c3[MO],#d3[N],b1[NO],e3[MN],(f3.#g1)[MN],e3[NO],f2[N],d3[MO],c3[N],d2[NO],b2[MN],(#g2.a1)[MN],a2[NO],e2[N],#a2[MO],b2[N],c2[NO],c3[MN],(#d3.#f1)[MN],d3[NO],#d2[N],c3[MO],b2[N],c2[NO],a2[MN],(#f2.g1)[MN],g2[NO],d2[N],#g2[MO],a2[N],b1[NO],b2[MN],(d3.f1)[MN],c3[NO],d2[N],b2[MO],a2[N],b1[NO],g2[MN],(f2.#f1)[MN],#f2[NO],c2[N],g2[MN],#g2[N],a1[NO],a2[MN],(c3.#d1)[MN],b2[NO],c2[N],a2[MO],g2[N],a1[NO],#f2[MN],(#d2.e1)[MN],e2[NO],b1[N],f2[MO],#f2[N],g1[NO],g2[MN],(#a2.c1)[MN],g2[NO],#a1[N],#f2[MO],f2[N],g1[NO],e2[MN],(#d2.e1)[MN],e2[NO],b1[N],f2[MO],#f2[N],g1[NO],g2[MN],(#a2.c1)[MN],g2[NO],#a1[N],#f2[MO],f2[N],g1[NO],e2[MN],(#a2.c1)[MN],g2[NO],g1[N],#f2[MO],f2[N],e1[NO],e2[MN],(b2.b)[MN],g2[NO],g1[N],#f2[MN],f2[N],e1[NO],e2[MN],(#c3.#a)[MN],g2[NO],g1[N],#f2[MO],f2[N],e1[NO],e2[MN],(#d2.b)[MN],e2[MN],#f2[MO],b2[MN],b1[MN],#d1[MN],e1[MNO],#f1[MN],b1[MNO],b[MNO],B-1[KLNO],(#c2.b)[MN],d2[NO],g1[N],#d2[MO],#f2[N],d1[NO],g2[MN],(a2.c1)[MN],g2[NO],a1[N],#f2[MO],#d2[N],#d1[NO],d2[MN],(#c2.b)[MN],d2[NO],g1[N],#d2[MN],#f2[N],d1[NO],g2[MN],(a2.c1)[MN],g2[NO],a1[N],#f2[MO],#d2[N],#d1[NO],d2[MN],(#c2.b)[MN],d2[NO],g1[N],#d2[MO],#f2[N],d1[NO],g2[MN],(a2.c1)[MN],g2[NO],a1[N],#f2[MO],#d2[N],#d1[NO],d2[MN],(#c2.b)[MN],d2[NO],g1[N],#d2[MO],#f2[N],d1[NO],g2[MN],(b1.a)[MN],c2[NO],#f1[N],#d2[MO],e2[N],c1[NO],#f2[MN],(#a1.g)[MN],b1[NO],e1[N],c2[MO],#d2[N],b[NO],e2[MN],(#f1.e)[MN],g1[NO],c1[N],#g1[MN],b1[N],g[NO],c2[MN],(d2.f)[MN],c2[NO],d1[N],b1[MO],#g1[N],b[NO],g1[MN],(#f1.e)[MN],g1[NO],c1[N],#g1[MO],b1[N],g[NO],c2[MN],(d2.f)[MN],c2[NO],d1[N],b1[MO],#g1[N],b[NO],g1[MN],(#f1.e)[MN],g1[NO],c1[N],#g1[MO],b1[N],g[NO],c2[MN],(d2.f)[MN],c2[NO],d1[N],b1[MO],#g1[N],b[NO],g1[MN],(#f1.e)[MN],g1[NO],c1[N],#g1[MO],b1[N],g[NO],c2[MN],(e1.d)[MN],f1[NO],b[N],#g1[MN],a1[N],f[NO],b1[MN],(#d1.#c)[MN],e1[NO],a[N],#f1[MO],#g1[N],e[NO],a1[MN],(#a1.#c)[MN],g1[NO],g[N],#f1[MO],f1[N],e[NO],e1[MN],(#a1.c)[MN],g1[NO],g[N],#f1[MO],f1[N],e[NO],e1[MN],(b1.B-1)[MN],g1[NO],g[N],#f1[MO],f1[N],e[NO],e1[MN],(#c2.#A-1)[MN],g1[MN],#f1[MO],f1[MN],e1[MN],e[MN],f[MNO],#f[MN],g[MNO],#c1[MNO],e1[KLNO];"]},{"id":2,"baseBeats":0.5,"scores":["mute[L],mute[L],mute[L],mute[L],mute[L],mute[L],mute[L],mute[L],mute[L],mute[L],mute[L],mute[L],mute[L],mute[L],mute[L],mute[L],mute[L],mute[L],mute[KLNO],mute[L],mute[L],mute[L],mute[L],mute[L],mute[L],mute[L],mute[L],mute[L],mute[L],mute[L],mute[L],mute[L],mute[L],mute[L],mute[L],mute[L],mute[L],mute[KLNO],mute[L],mute[L],mute[L],mute[L],mute[L],mute[L],mute[L],mute[L],mute[L],mute[L],mute[L],mute[L],mute[L],mute[L],mute[L],mute[L],mute[L],mute[L],mute[KLNO],mute[L],mute[L],mute[L],mute[L],mute[L],mute[L],mute[L],mute[L],mute[L],mute[L],mute[L],mute[L],mute[L],mute[L],mute[L],mute[L],mute[L],mute[L],mute[L],mute[L],mute[L],mute[L],mute[L],mute[L],mute[L],mute[L],mute[L],mute[L],mute[L],mute[L],mute[L],mute[L],mute[L],mute[L],mute[L],mute[L],mute[L],mute[L],mute[L],mute[L],mute[L],mute[L],mute[L],mute[L],mute[L],mute[L],mute[L],mute[L],mute[L],mute[L],mute[L],mute[L],mute[L],mute[L],mute[L],mute[L],mute[L],mute[L],mute[L],mute[L],mute[L],mute[L],mute[L],mute[L],mute[L],mute[L],mute[L],mute[L],mute[L],mute[L],mute[L],mute[L],mute[L],mute[L],mute[L],mute[L],mute[L],mute[L],mute[L],mute[KLNO],mute[L],mute[L],mute[L],mute[L],mute[L],mute[L],mute[L],mute[L],mute[L],mute[L],mute[L],mute[L],mute[L],mute[L],mute[L],mute[L],mute[L],mute[L],mute[L],mute[L],mute[L],mute[L],mute[L],mute[L],mute[L],mute[L],mute[L],mute[L],mute[L],mute[L],mute[L],mute[L],mute[L],mute[L],mute[L],mute[L],mute[L],mute[L],mute[L],mute[L],mute[L],mute[L],mute[L],mute[L],mute[L],mute[L],mute[L],mute[L],mute[L],mute[L],mute[L],mute[L],mute[L],mute[L],mute[L],mute[L],mute[L],mute[L],mute[L],mute[L],mute[L],mute[L],mute[L],mute[L],mute[L],mute[L],mute[L],mute[L],mute[L],mute[L],mute[L],mute[L],mute[L],mute[L],mute[L],mute[L],mute[L],mute[L],mute[L],mute[L],mute[L],mute[L],mute[L],mute[L],mute[L],mute[L],mute[L],mute[L],mute[L],mute[L],mute[L],mute[L],mute[L],mute[L],mute[L],mute[L],mute[L],mute[L],mute[L],mute[L],mute[L],mute[L],mute[L],mute[L],mute[L],mute[L],mute[L],mute[L],mute[L],mute[L],mute[L],mute[L],mute[L],mute[L],mute[L],mute[L],mute[L],mute[L],mute[L],mute[L],mute[L],mute[L],mute[L],mute[L],mute[L],mute[L],mute[L],mute[L],mute[L],mute[L],mute[L],mute[L],mute[L],mute[L],mute[L],mute[L],mute[L],mute[L],mute[L],mute[L],mute[L],mute[L],mute[L],mute[L],mute[L],mute[L],mute[L],mute[L],mute[L],mute[L],mute[L],mute[L],mute[L],mute[L],mute[L],mute[L],mute[L],mute[L],mute[L],mute[L],mute[L],mute[L],mute[L],mute[L],mute[L],mute[L],mute[L],mute[L],mute[L],mute[L],mute[L],mute[L],mute[L],mute[L],mute[L],mute[L],mute[L],mute[L],mute[L],mute[L],mute[L],mute[L],mute[L],mute[L],mute[L],mute[L],mute[L],mute[L],mute[L],mute[L],mute[L],mute[L],mute[L],mute[L],mute[L],mute[L],mute[L],mute[L],mute[L],mute[L],mute[L],mute[L],mute[L],mute[L],mute[L],mute[L],mute[L],mute[L],mute[L],mute[L],mute[L],mute[L],mute[L],mute[L],mute[L],mute[L],mute[L],mute[L],mute[L],mute[L],mute[L],mute[L],mute[L],mute[L],mute[L],mute[L],mute[L],mute[L],mute[L],mute[L],mute[L],mute[L],mute[L],mute[L],mute[L],mute[L],mute[L],mute[L],mute[L],mute[L],mute[L],mute[L],mute[L],mute[L],mute[L],mute[L],mute[L],mute[L],mute[L],mute[L],mute[L],mute[L],mute[L],mute[L],mute[L],mute[L];","(#a1.c)[MN],g1[NO],g[N],#f1[MO],f1[N],e[NO],e1[MN],(b1.B-1)[MN],g1[NO],g[N],#f1[MO],f1[N],e[NO],e1[MN],(c2.#A-1)[MN],g1[NO],g[N],#f1[MO],f1[N],e[NO],e1[MNO],(#c2.A-1)[L],g1[L],#f1[L],f1[L],(e1.e)[MNO],g[MN],a[MO],#c1[MN],e1[MN],g1[KLNO],(d2.#f)[MN],c2[NO],c1[N],b1[MN],#a1[N],a[NO],a1[MN],(#d2.f)[MN],c2[NO],c1[N],b1[MO],#a1[N],a[NO],a1[MN],(e2.e)[MN],c2[NO],c1[N],b1[MO],#a1[N],a[NO],a1[MN],(#f2.#d)[MN],c2[MN],b1[MO],#a1[MN],a1[MN],#f[MN],a[MNO],c1[MN],#d1[MNO],#f1[MNO],a1[KLNO],(#d2.f)[MN],c2[NO],c1[N],b1[MN],#a1[N],a[NO],a1[MN],(e2.e)[MN],c2[NO],c1[N],b1[MO],#a1[N],a[NO],a1[MN],(f2.#d)[MN],c2[NO],c1[N],b1[MO],#a1[N],a[NO],a1[MN],(#f2.d)[MN],c2[MN],b1[MO],#a1[MN],a1[MN],#f[MN],a[MNO],c1[MN],d1[MNO],#f1[MNO],a1[KLNO],(#c2.#a)[MN],d2[NO],g1[N],#d2[MO],#f2[N],d1[NO],g2[MN],(a2.c1)[MN],g2[NO],a1[N],#f2[MO],#d2[N],#f1[NO],d2[MN],(#c2.#a)[MN],d2[NO],g1[N],#d2[MN],#f2[N],d1[NO],g2[MN],(a2.c1)[MN],g2[NO],a1[N],#f2[MO],#d2[N],#f1[NO],d2[MN],(#c2.#a)[MN],d2[NO],g1[N],#d2[MO],#f2[N],d1[NO],g2[MN],(a2.c1)[MN],g2[NO],a1[N],#f2[MO],#d2[N],#f1[NO],d2[MN],(#c2.#a)[MN],d2[NO],g1[N],#d2[MO],#f2[N],d1[NO],g2[MN],(#a2.b)[MN],g2[NO],#g1[N],f2[MO],#d2[N],f1[NO],d2[MN],(b1.c1)[MN],c2[NO],g1[N],#c2[MO],d2[N],#d1[NO],#d2[MN],(#f2.a)[MN],f2[NO],#f1[N],#d2[MN],d2[N],#d1[NO],c2[MN],(a1.#a)[MN],#a1[NO],f1[N],c2[MO],#c2[N],d1[NO],d2[MN],(f2.#g)[MN],e2[NO],f1[N],d2[MO],c2[N],d1[NO],b1[MN],(#g1.a)[MN],a1[NO],e1[N],#a1[MO],b1[N],c1[NO],c2[MN],(#d2.#f)[MN],d2[NO],#d1[N],c2[MO],#a1[N],c1[NO],a1[MN],(#f1.g)[MN],g1[NO],d1[N],#g1[MO],a1[N],#a[NO],#a1[MN],(#c2.#d)[MN],#a1[NO],#c1[N],a1[MO],#g1[N],#a[NO],g1[MN],(#f1.g)[MN],g1[NO],d1[N],#g1[MN],a1[N],#a[NO],#a1[MN],(#c2.#d)[MN],#a1[NO],#c1[N],a1[MO],#g1[N],#a[NO],g1[MN],(#c2.#d)[MN],#a1[NO],#a[N],a1[MO],#g1[N],#c1[NO],g1[MN],(d2.d)[MN],#a1[NO],#a[N],a1[MO],#g1[N],d1[NO],g1[MN],(e2.#c)[MN],#a1[NO],#a[N],a1[MO],#g1[N],e1[NO],g1[MN],(#f1.d.a)[MN],g1[MN],#g1[MO],a1[MN],d2[MN],#f[MN],g[MNO],#g[MN],a[MNO],d1[MNO],d[KLNO],(#c3.#a1)[MN],d3[NO],g2[N],#d3[MO],#f3[N],d2[NO],g3[MN],(a3.c2)[MN],g3[NO],a2[N],#f3[MO],#d3[N],#d2[NO],d3[MN],(#c3.#a1)[MN],d3[NO],g2[N],#d3[MO],#f3[N],d2[NO],g3[MN],(a3.c2)[MN],g3[NO],a2[N],#f3[MO],#d3[N],#d2[NO],d3[MN],(#c3.#a1)[MN],d3[NO],g2[N],#d3[MO],#f3[N],d2[NO],g3[MN],(#a2.#g1)[MN],b2[NO],f2[N],#c3[MO],d3[N],d2[NO],f3[MN],(a2.g1)[MN],#a2[NO],#d2[N],b2[MN],d3[N],#a1[NO],#d3[MN],(f3.#g1)[MN],#d3[NO],f2[N],d3[MO],b2[N],d2[NO],#a2[MN],(a2.g1)[MN],#a2[NO],#d2[N],b2[MO],d3[N],#a1[NO],#d3[MN],(f3.#g1)[MN],#d3[NO],f2[N],d3[MO],b2[N],d2[NO],#a2[MN],(a2.g1)[MN],#a2[NO],#d2[N],c3[MO],d3[N],#a1[NO],#d3[MN],(g2.f1)[MN],#g2[NO],d2[N],b2[MO],c3[N],b1[NO],d3[MN],(#f2.e1)[MN],g2[NO],c2[N],#g2[MO],b2[N],g1[NO],c3[MN],(#c3.#d1)[MN],#a2[NO],#a1[N],a2[MN],#g2[N],g1[NO],g2[MN],(d3.d1)[MN],#a2[NO],#a1[N],a2[MO],#g2[N],g1[NO],g2[MN],(#d3.#c1)[MN],#a2[NO],#a1[N],a2[MO],#g2[N],g1[NO],g2[MN],(e3.c1)[MN],#a2[MN],a2[MO],#g2[MN],g2[MN],e2[MN],#a1[MN],a1[MO],#g1[MN],g1[MN],#f1[MN],g1[MN],#g1[MO],a1[MN],#a1[MN],(#c2.e)[MN],#a1[NO],#a[N],a1[MO],#g1[N],g[NO],g1[MN],(d2.d)[MN],#a1[NO],#a[N],a1[MN],#g1[N],g[NO],g1[MN],(#d2.#c)[MN],#a1[NO],#a[N],a1[MO],#g1[N],g[NO],g1[MN],(e2.c)[MN],#a1[MN],a1[MO],#g1[MN],g1[MN],e1[MN],#a[MN],a[MO],#g[MN],g[MN],#f[MN],g[MN],#g[MO],a[MN],c1[MN],(#d1.#F-1)[MN],c1[NO],c[N],b[MO],#a[N],A-1[NO],a[MN],(e1.E-1)[MN],c1[NO],c[N],b[MO],#a[N],A-1[NO],a[MN],(f1.#D-1)[MN],c1[NO],c[N],b[MN],#a[N],A-1[NO],a[MN],(#f1.D-1)[MN],c1[MN],b[MO],#a[MN],a[MN],#f[MN],g[MN],#g[MO],a[MN],c1[MN],#f1[MN],g1[MN],#g1[MO],a1[MN],c2[MN],(#d2.#f)[MN],c2[NO],c1[N],b1[MO],#a1[N],a[NO],a1[MN],(e2.e)[MN],c2[NO],c1[N],b1[MO],#a1[N],a[NO],a1[MN],(f2.#d)[MN],c2[NO],c1[N],b1[MO],#a1[N],a[NO],a1[MN],(#f2.d)[MN],c2[MN],b1[MN],#a1[MN],a1[MN],#f1[MN],c1[MN],b[MO],#a[MN],a[MN],#f[MN],g[MN],#g[MO],a[MN],c1[MN],a[MN],#g[MN],g[MO],#f[MN],c[MN],a[MN],#a[MN],b[MO],c1[MN],#f1[MN],c1[MN],b[MN],#a[MO],a[MN],#f[MN],c1[MN],#c1[MN],d1[MO],#d1[MN],a1[MN],#d1[MN],d1[MN],#c1[MN],c1[MN],a[MN],#c1[MN],d1[MN],#d1[MO],e1[MN],#f1[MN],e1[MN],#d1[MN],d1[MO],#c1[MN],g[MN],e1[MN],f1[MN],#f1[MO],g1[MN],#c2[MN],g1[MN],#f1[MN],f1[MO],e1[MN],#a[MN],g1[MN],#g1[MN],a1[MO],#a1[MN],e2[MN],#a1[MN],a1[MN],#g1[MO],g1[MN],#c1[MN],e2[MN],f2[MN],#f2[MN],g2[MN],#c3[MN],e1[MN],f1[MN],#f1[MO],g1[MN],#c2[MN],#c1[MN],d1[MN],#d1[MO],f1[MN],g1[MN],c1[MN],d1[MN],#d1[MO],e1[MN],g1[MN],e[MN],f[MN],#f[MO],g[MN],c1[MN],E-1[MN],F-1[MN],#F-1[MO],G-1[MN],c[MN],(G-1.G-2)[MN],(e.E-1)[MN],(#f.#F-1)[MO],(g.G-1)[MN],(a.A-1)[MN],(b.B-1)[MN],(e1.e)[MN],(#f1.#f)[MN],(g1.g)[MN],(a1.a)[MN],(b1.b)[MN],(e2.e1)[MN],(#f2.#f1)[MO],(g2.g1)[MN],(a2.a1)[MN],(b2.b1)[MN],(e3.e2)[MN],(g3.g2)[MO],(#f3.#f2)[MN],(e3.e2)[MN],(d3.d2)[MN],(g3.g2)[MN],(#f3.#f2)[MO],(e3.e2)[MN],(d3.d2)[MN],(c3.c2)[MN],(g3.g2)[MN],(e3.e2)[MO],(d3.d2)[MN],(c3.c2)[MN],(b2.b1)[MN],(e3.e2)[MN],(d3.d2)[MO],(c3.c2)[MN],(b2.b1)[MN],(a2.a1)[MN],(c3.c2)[MN],(b2.b1)[MO],(a2.a1)[MN],(g2.g1)[MN],(f2.f1)[MN],(a2.a1)[MN],(g2.g1)[MN],(f2.f1)[MN],(e2.e1)[MN],(d2.d1)[MN],(f2.f1)[MN],(e2.e1)[MO],(d2.d1)[MN],(c2.c1)[MN],(b1.b)[MN],(d2.d1)[MN],(c2.c1)[MO],(b1.b)[MN],(a1.a)[MN],(#g1.#g)[MN],(b1.b)[MN],(a1.a)[MO],(#g1.#g)[MN],(f1.f)[MN],(e1.e)[MN],(#g1.#g)[MN],(f1.f)[MO],(e1.e)[MN],(d1.d)[MN],(c1.c)[MN],(e1.e)[MN],(d1.d)[MO],(c1.c)[MN],(b.B-1)[MN],(a.A-1)[MN],(c1.c)[MN],(b.B-1)[MO],(a.A-1)[MN],(g.G-1)[MN],(#f.#F-1)[MN],(a.A-1)[MN],(g.G-1)[MN],(#f.#F-1)[MN],(e.E-1)[MN],(d.D-1)[MN],(g.G-1)[MN],(#f.#F-1)[MO],(e.E-1)[MN],(d.D-1)[MN],(c.C-1)[MN],(#f.#F-1)[MN],(e.E-1)[MO],(d.D-1)[MN],(c.C-1)[MN];"]},{"id":3,"baseBeats":0.5,"scores":["mute[LMN],mute[LMN],mute[LMN],mute[LMN],mute[LMN],mute[LMN],mute[LM],mute[LM],mute[LM],mute[LM],mute[LM],mute[LM],mute[LM],mute[LM],mute[LM],mute[LM],mute[LM],mute[LM],mute[LM],mute[LM],mute[LM],mute[LM],mute[LM],mute[LM],mute[LM],mute[LM],mute[LM],mute[LM],mute[LM],mute[LM],mute[LM],mute[LM],mute[LM],mute[LM],mute[KL],mute[LM],mute[LM],mute[LM],mute[LM],mute[LM],mute[LM],mute[LM],mute[LM],mute[LM],mute[LM],mute[LM],mute[LM],mute[LM],mute[LM],mute[KL],mute[KL],mute[KL],mute[KL],mute[KL],mute[KL],mute[KL],mute[KL],mute[LM],mute[LM],mute[KL],mute[KL],mute[LM],mute[LM],mute[LM],mute[LM],mute[LM],mute[LM],mute[KL],mute[LM],mute[LM],mute[KL],mute[LM],mute[LM],mute[LM],mute[LM],mute[LM],mute[LM],mute[LM],mute[LM],mute[LM],mute[LM],mute[LM],mute[LM],mute[LM],mute[LM],mute[KL],mute[KL],mute[KL],mute[KL],mute[LM],mute[LM],mute[LM],mute[LM],mute[LM],mute[LM],mute[LM],mute[LM],mute[LM],mute[LM],mute[KL],mute[LM],mute[LM],mute[LM],mute[LM],mute[LM],mute[LM],mute[LM],mute[LM],mute[LM],mute[LM],mute[KL],mute[LM],mute[LM],mute[LM],mute[LM],mute[LM],mute[LM],mute[LM],mute[LM],mute[LM],mute[LM],mute[KL],mute[LM],mute[LM],mute[LM],mute[LM],mute[LM],mute[LM],mute[LM],mute[LM],mute[LM],mute[LM],mute[KL],mute[LM],mute[LM],mute[LM],mute[LM],mute[LM],mute[LM],mute[LM],mute[LM],mute[LM],mute[LM],mute[LM],mute[LM],mute[LM],mute[LM],mute[LM],mute[LM],mute[LM],mute[LM],mute[LM],mute[LM],mute[LM],mute[LM],mute[LM],mute[LM],mute[LM],mute[LM],mute[LM],mute[LM],mute[LM],mute[LM],mute[LM],mute[LM],mute[LM],mute[LM],mute[LM],mute[LM],mute[LM],mute[LM],mute[LM],mute[LM],mute[LM],mute[LM],mute[LM],mute[LM],mute[LM],mute[LM],mute[LM],mute[LM],mute[LM],mute[LM],mute[LM],mute[LM],mute[LM],mute[LM],mute[LM],mute[LM],mute[LM],mute[LM],mute[LM],mute[LM],mute[LM],mute[LM],mute[LM],mute[LM],mute[LM],mute[LM],mute[LM],mute[LM],mute[LM],mute[LM],mute[KL],mute[LM],mute[LM],mute[LM],mute[LM],mute[LM],mute[LM],mute[LM],mute[LM],mute[LM],mute[LM],mute[LM],mute[LM],mute[LM],mute[LM],mute[LM],mute[LM],mute[LM],mute[LM],mute[LM],mute[LM],mute[LM],mute[LM],mute[LM],mute[LM],mute[KL],mute[LM],mute[LM],mute[LM],mute[LM],mute[LM],mute[LM],mute[LM],mute[LM],mute[LM],mute[LM],mute[LM],mute[LM],mute[LM],mute[LM],mute[LM],mute[LM],mute[LM],mute[LM],mute[LM],mute[LM],mute[LM],mute[LM],mute[LM],mute[LM],mute[LM],mute[LM],mute[LM],mute[LM],mute[LM],mute[LM],mute[LM],mute[LM],mute[LM],mute[LM],mute[LM],mute[LM],mute[LM],mute[LM],mute[LM],mute[LM],mute[LM],mute[LM],mute[LM],mute[LM],mute[LM],mute[LM],mute[LM],mute[LM],mute[IL],mute[IL],mute[IL],mute[IL],mute[IILMO],mute[L],mute[L],mute[L],mute[L],mute[L],mute[L],mute[L],mute[L],mute[L],mute[L],mute[L],mute[L],mute[L],mute[L],mute[L],mute[L],mute[L],mute[L],mute[L],mute[L],mute[L],mute[L],mute[L],mute[L],mute[L],mute[L],mute[L],mute[L],mute[L],mute[L],mute[L],mute[L],mute[L],mute[L],mute[L],mute[L],mute[L],mute[L],mute[L],mute[L],mute[L],mute[L],mute[L],mute[L],mute[L],mute[L],mute[L],mute[L],mute[L],mute[L],mute[L],mute[L],mute[L],mute[L],mute[L],mute[L],mute[L],mute[L],mute[L],mute[L],mute[L],mute[L],mute[L],mute[L],mute[L],mute[L],mute[L],mute[L],mute[L],mute[L],mute[L],mute[L],mute[L],mute[L],mute[IKNO],mute[IL],mute[IL],mute[IL],mute[JK],mute[KL],mute[JK],mute[KL],mute[LM],mute[LM],mute[LM],mute[LM],mute[LM],mute[LM],mute[LM],mute[LM],mute[LM],mute[LM],mute[LM],mute[LM],mute[LM],mute[LM],mute[LM],mute[LM],mute[LM],mute[LM],mute[LM],mute[LM],mute[LM],mute[LM],mute[LM],mute[LM],mute[LM],mute[LM],mute[LM],mute[LM],mute[LM],mute[LM],mute[LM],mute[LM],mute[LM],mute[LM],mute[LM],mute[LM],mute[LM],mute[LM],mute[LM],mute[LM],mute[LM],mute[LM],mute[LM],mute[LM],mute[LM],mute[LM],mute[LM],mute[LM],mute[IL],mute[IL],mute[IL],mute[IL],mute[IIK],mute[L],mute[L],mute[L],mute[L],mute[L],mute[L],mute[L],mute[L],mute[L],mute[L],mute[L],mute[L],mute[L],mute[L],mute[L],mute[L],mute[L],mute[L],mute[L],mute[L],mute[L],mute[L],mute[L],mute[L],mute[L],mute[L],mute[L],mute[L],mute[L],mute[L],mute[L],mute[L],mute[L],mute[L],mute[L],mute[L],mute[L],mute[L],mute[L],mute[L],mute[L],mute[L],mute[L],mute[L],mute[L],mute[L],mute[L],mute[L],mute[L],mute[L],mute[L],mute[L],mute[L],mute[L],mute[L],mute[L],mute[L],mute[L],mute[L],mute[L],mute[L],mute[L],mute[L],mute[L],mute[L],mute[L],mute[L],mute[L],mute[L],mute[L],mute[L],mute[L],mute[L],mute[L],mute[L],mute[L],mute[L],mute[JKL],mute[IKNO],mute[KLMO],mute[J],mute[KLMN],mute[JKM],mute[JKNO],mute[ILMN],mute[LMN],mute[LMN],mute[LMN],mute[LMN],mute[LMN],mute[LMN],mute[LMN],mute[LMN],mute[LMN],mute[LMN],mute[LMN],mute[LMN],mute[LMN],mute[LMN],mute[LMN],mute[LMN],mute[LMN],mute[LMN],mute[LMN],mute[LMN],mute[LMN],mute[LMN],mute[LMN],mute[LMN],mute[LMN],mute[LMN],mute[LMN],mute[LMN],mute[LMN],mute[LMN],mute[LMN],mute[LMN],mute[LMN],mute[LMN],mute[LMN],mute[LMN],mute[LMN],mute[LMN],mute[LMN],mute[LMN],mute[LMN],mute[LMN],mute[LMN],mute[LMN],mute[LMN],mute[LMN],mute[LMN],mute[LMN],mute[LMN],mute[LMN],mute[LMN],mute[LMN],mute[LMN],mute[LMN],mute[LMN],mute[LMN],mute[LMN],mute[LMN],mute[LMN],mute[LMN],mute[LMN],mute[LMN],mute[LMN],mute[LMN],mute[LMN],mute[LMN],mute[LMN],mute[LMN],mute[LMN],mute[LMN],mute[LMN],mute[LMN],mute[LMN],mute[LMN],mute[LMN],mute[LMN],mute[KLNO],mute[L],mute[L],mute[L],mute[L],mute[L],mute[L],mute[L],mute[L],mute[L],mute[L],mute[L],mute[L],mute[KLNO],mute[LMN],mute[LMN],mute[LMN],mute[LMN],mute[LMN],mute[LMN],mute[LMN],mute[LMN],mute[KLNO],mute[L],mute[L],mute[L],mute[L],mute[L],mute[L],mute[L],mute[L],mute[L],mute[L],mute[L],mute[KLNO],mute[LMN],mute[LMN],mute[LMN],mute[LMN],mute[LMN],mute[LMN],mute[LMN],mute[LMN],mute[LMN],mute[LMN],mute[LMN],mute[LMN],mute[LMN],mute[LMN],mute[LMN],mute[LMN],mute[LMN],mute[LMN],mute[LMN],mute[LMN],mute[L],mute[L],mute[L],mute[L],mute[L],mute[L],mute[L],mute[L],mute[L],mute[L],mute[L],mute[L],mute[L],mute[L],mute[L],mute[L],mute[L],mute[L],mute[L],mute[L],mute[L],mute[L],mute[L],mute[L],mute[L],mute[L],mute[L],mute[L],mute[L],mute[L],mute[L],mute[L],mute[L],mute[L],mute[L],mute[L],mute[L],mute[L],mute[L],mute[L],mute[L],mute[L],mute[L],mute[L],mute[L],mute[L],mute[L],mute[L],mute[L],mute[L],mute[L],mute[L],mute[L],mute[L],mute[L],mute[L],mute[L],mute[L],mute[L],mute[L],mute[L],mute[L],mute[L],mute[L],mute[L],mute[L],mute[L],mute[L],mute[L],mute[L],mute[L],mute[L],mute[L],mute[L],mute[L],mute[L],mute[L],mute[L],mute[L],mute[L],mute[KLNO],mute[JKL],mute[KLNO],mute[KLNO],mute[LMN],mute[LMN],mute[LMN],mute[LMN],mute[LMN],mute[LMN],mute[LMN],mute[LMN],mute[LMN],mute[LMN],mute[LMN],mute[LMN],mute[LMN],mute[LMN],mute[LMN],mute[LMN],mute[LMN],mute[LMN],mute[LMN],mute[LMN],mute[LMN],mute[LMN],mute[LMN],mute[LMN],mute[LMN],mute[LMN],mute[LMN],mute[LMN],mute[LMN],mute[LMN],mute[LMN],mute[LMN],mute[LMN],mute[LMN],mute[LMN],mute[LMN],mute[LMN],mute[LMN],mute[LMN],mute[LMN],mute[LMN],mute[LMN],mute[LMN],mute[LMN],mute[LMN],mute[LMN],mute[IKNO],mute[IKNO],mute[KLNO];","(B-2.B-1)[LMN],(B-2.B-1)[LMN],(B-2.B-1)[LMN],(B-2.B-1)[LMN],(B-2.B-1)[LMN],(B-2.B-1)[LMN],(B-2.B-1)[LM],(B-2.B-1)[LM],(B-2.B-1)[LM],(B-2.B-1)[LM],(#g.b.B-2.B-1)[LM],(B-2.B-1)[LM],(a.#c1.B-2.B-1)[LM],(B-2.B-1)[LM],(#f.a.#f1.B-2.B-1)[LM],(B-2.B-1)[LM],(b.#d1.B-2.B-1)[LM],(B-2.B-1)[LM],(#g.e1.B-2.B-1)[LM],(b.#f1.B-2.B-1)[LM],(e1.#g1.B-2.B-1)[LM],(B-2.B-1)[LM],(#d1.#g1.b1.B-2.B-1)[LM],(B-2.B-1)[LM],(#g1.b1.#c1.B-2.B-1)[LM],(#f1.a1.B-2.B-1)[LM],(#f1.a1.e1.B-2.B-1)[LM],(#d1.B-2.B-1)[LM],(#f1.a1.#d1.B-2.B-1)[LM],(#c1.B-2.B-1)[LM],(b.#f1.a1.B-2.B-1)[LM],(B-2.B-1)[LM],(#C-1.#c)[LM],(#D-1.#d)[LM],(b.e1.#g1.E-1.e)[KL],(b.#g1.A-2.A-1)[LM],(a.#f1)[LM],(#c1.a1)[LM],(b.#g1)[LM],(a.#f1)[LM],(#g.e1)[LM],(#f.#d1.A-1.a)[LM],(#G-1.#g)[LM],(B-1.b)[LM],(A-1.a)[LM],(b.e1.#G-1.#g)[LM],(#d1.#f1.#F-1.#f)[LM],(e1.#g1.E-1.e)[LM],(#c1.#a1)[LM],(#f1.b1.#D-1.#d)[KL],(e1.#g1.#c2.#C-1.#c)[KL],(e1.#a1.#c2.#F-1.#f)[KL],(#d1.b1.B-2.B-1)[KL],(b.e1.b1.#G-1.#g)[KL],(#c1.e1.#c2.A-1.a)[KL],(#c1.a1.#c2.#F-1.#f)[KL],(#d1.#f1.#d2.B-1.b)[KL],(e1.b1.e2.#G-1.#g)[LM],(#f1.b1.#f2.#F-1.#f)[LM],(#g1.b1.#g2.E-1.e)[KL],(b1.#d2.b2.B-1.b)[KL],(b1.b2.e2.#c.#c1)[LM],(a1.a2)[LM],(a1.a2.e2.#f.#f1)[LM],#d2[LM],(a1.a2.#d2.e.e1)[LM],#c2[LM],(a1.b1.#f2.a2.#d.#d1)[KL],(#c.#c1)[LM],(#d.#d1)[LM],(#g1.b1.e2.#g2.e.e1)[KL],(b1.#g2.A-1.a)[LM],(a1.#f2)[LM],(#c2.a2)[LM],(b1.#g2)[LM],(a1.#f2)[LM],(#g1.e2)[LM],(#f1.b1.#d2.A-1.a)[LM],(#G-1.#g)[LM],(B-1.b)[LM],(A-1.a)[LM],(e1.b1.e2.#G-1.#g)[LM],(#f1.#d2.#f2.#F-1.#f)[LM],(#g1.e2.#g2.E-1.e)[LM],(#a1.#c2.#a2)[LM],(b1.#f2.b2.#D-1.#d)[KL],(#c2.e2.#g2.#c3.#C-1.#c)[KL],(#c2.e2.#a2.#c3.#F-1.#A-1.#c.#f)[KL],(b1.#d2.b2.B-1.#d.b)[KL],(b1.b2)[LM],(b1.b2)[LM],(#g1.e2)[LM],(#g1.e2)[LM],(b1.b2)[LM],(b1.b2)[LM],(#f1.a1.d2)[LM],(#f1.a1.d2)[LM],(b1.b2)[LM],(b1.b2)[LM],(f1.#g1.#c2)[KL],(#g.#g1.#G-2.#G-1)[LM],(a.a1.A-2.A-1)[LM],(b.b1.B-2.B-1)[LM],(d1.d2.D-1.d)[LM],(#c1.#c2.#C-1.#c)[LM],(b.b1.B-2.B-1)[LM],(a.a1.A-2.A-1)[LM],(#g.#g1.#G-2.#G-1)[LM],(#f.#f1.#F-2.#F-1)[LM],(f.f1.F-2.F-1)[LM],(#g.#g1.#G-2.#G-1)[KL],(a1.a2)[LM],(a1.a2)[LM],(#f1.d2)[LM],(#f1.d2)[LM],(a1.a2)[LM],(a1.a2)[LM],(e1.g1.c2)[LM],(e1.g1.c2)[LM],(a1.a2)[LM],(a1.a2)[LM],(#d1.#f1.b1)[KL],(#f.#f1.#F-2.#F-1)[LM],(g.g1.G-2.G-1)[LM],(a.a1.A-2.A-1)[LM],(c1.c2.C-1.c)[LM],(b.b1.B-2.B-1)[LM],(a.a1.A-2.A-1)[LM],(#f.#f1.#F-2.#F-1)[LM],(e.e1.E-2.E-1)[LM],(#d.#d1.#D-2.#D-1)[LM],(#f.#f1.#F-2.#F-1)[LM],(b.b1.B-2.B-1)[KL],(g1.e2.g2.c.c1)[LM],(B-1.b)[LM],(A-1.a)[LM],(G-1.g)[LM],(g1.e2.g2.c.c1)[LM],(G-1.g)[LM],(g1.e2.g2.#c.#c1)[LM],(G-1.g)[LM],(g1.f2.g2.d.d1)[LM],(B-1.b)[LM],(A-1.a)[LM],(G-1.g)[LM],(g1.e2.g2.c.c1)[LM],(B-1.b)[LM],(A-1.a)[LM],(G-1.g)[LM],(g1.e2.g2.c.c1)[LM],(G-1.g)[LM],(g1.e2.g2.#c.#c1)[LM],(G-1.g)[LM],(g1.f2.g2.d.d1)[LM],(B-1.b)[LM],(A-1.a)[LM],(G-1.g)[LM],(g1.g2.#d.#d1)[LM],(d.d1)[LM],(c.c1)[LM],(#A-1.#a)[LM],(#a1.g2.#a2.#d.#d1)[LM],(#A-1.#a)[LM],(#a1.g2.#a2.e.e1)[LM],(#A-1.#a)[LM],(#a1.#g2.#a2.f.f1)[LM],(d.d1)[LM],(c.c1)[LM],(#A-1.#a)[LM],(#a1.g2.#a2.#d.#d1)[LM],(d.d1)[LM],(c.c1)[LM],(#A-1.#a)[LM],(#G-1.#g)[LM],(G-1.g)[LM],(#a1.g2.#a2.#d.#d1)[LM],(#c.#c1)[LM],(c.c1)[LM],(#A-1.#a)[LM],(#G-1.#g)[LM],(G-1.g)[LM],(#a1.#f2.#a2.#d.#d1)[LM],(#c.#c1)[LM],(B-1.b)[LM],(#A-1.#a)[LM],(#G-1.#g)[LM],(#F-1.#f)[LM],(a1.b1.#f2.a2.#d.#d1)[LM],(#c.#c1)[LM],(B-1.b)[LM],(A-1.a)[LM],(#G-1.#g)[LM],(#F-1.#f)[LM],(b1.#c.#c1)[LM],(#c1.#c2.B-1.b)[LM],(#d1.#d2.A-1.a)[LM],(e1.e2.#G-1.#g)[LM],(#f1.#f2.#F-1.#f)[LM],(#g1.#g2.E-1.e)[LM],(a1.a2.#D-1.#d)[LM],(b1.b2.D-1.d)[LM],(#c2.#c3.#C-1.#c)[LM],(d2.d3.C-1.c)[LM],(#d2.#d3.B-2.B-1)[KL],(b1.e2.#g2.b2.B-2.B-1)[LM],(B-2.B-1)[LM],(#c2.e2.a2.#c3.B-2.B-1)[LM],(B-2.B-1)[LM],(#c2.e2.a2.#c3.B-2.B-1)[LM],(B-2.B-1)[LM],(#d2.#f2.a2.#d3.B-2.B-1)[LM],(B-2.B-1)[LM],(e2.#g2.e3.B-2.B-1)[LM],(#f2.#d3.#f3.B-2.B-1)[LM],(#g2.e3.#g3.B-2.B-1)[LM],(B-2.B-1)[LM],(b1.#g2.b2.B-2.B-1)[LM],(B-2.B-1)[LM],(b1.#g2.b2.C-1.c)[LM],(a1.#f2.a2.C-1.c)[LM],(a1.#f2.a2.#C-1.#c)[LM],(#C-1.#c)[LM],(a1.#f2.a2.D-1.d)[LM],(D-1.d)[LM],(a1.b1.#f2.a2.#D-1.#d)[LM],(#F-1.#f)[LM],(B-1.b)[LM],(#d.#d1)[LM],(#g1.b1.e2.#g2.e.e1)[KL],(#g1.b1.#g2)[LM],(#f1.a1.#f2)[LM],(a1.#c2.a2)[LM],(#g1.b1.#g2)[LM],(#f1.a1.#f2.A-1.a)[LM],(e1.#g1.e2)[LM],(#d1.#f1.#d2)[LM],(#G-1.#g)[LM],(B-1.b)[LM],(A-1.a)[LM],(b1.#d2.b2.#G-1.#g)[LM],(#F-1.#f)[LM],(E-1.e)[LM],(a1.#c2.a2)[LM],(#c2.e2.#c3)[LM],(b1.#d2.b2)[LM],(a1.#c2.a2.e.e1)[LM],(#g1.b1.#g2)[LM],(g1.#a1.#c2.g2)[LM],(#d.#d1)[LM],(#f.#f1)[LM],(e.e1)[LM],(e2.g2.#a2.e3.#d.#d1)[LM],(#c.#c1)[LM],(#g2.b2.B-1.b)[LM],(#d3.#d4)[LM],(#f3.#f4.#g1.b1.e2)[LM],(e3.e4)[LM],(#d3.#d4.g1.#a1)[LM],(#c3.#c4)[LM],(b2.b3.#f1.a1.#d2)[LM],(#a2.#a3)[LM],(#c3.#c4.f1.#g1.d2)[LM],(b2.b3)[LM],(a2.a3)[LM],(#g2.#g3)[LM],(b2.b3.#f1.#c2)[LM],(a2.a3)[LM],(#g2.#g3.#d1.c2)[LM],(#f2.#f3)[LM],(a2.a3.e1.b1)[LM],(#g2.#g3)[LM],(#f2.#f3.#f1)[LM],(e2.e3.e1)[LM],(#d2.#d3.#d1)[LM],(#c2.#c3.#c1)[LM],(b1.b2.b)[LM],(#a1.#a2.#a)[LM],(f2.a2.c3.f3.a.c1.f1.a1)[IL],(#d1.#f1.#d2.B-1.#f.a.b)[IL],(a1.c2.f2.a.c1.f1)[IL],(#d.#f.#d1.B-2.#F-1.B-1)[IL],#d1[IILMO],#A-1[NO],(a1.g)[MN],#a1[NO],#d1[N],c2[MO],d2[N],#a[NO],#d2[MN],(f2.#g)[MN],#d2[NO],d1[N],d2[MN],b1[N],b[NO],#a1[MN],(a1.g)[MN],#a1[NO],#d1[N],c2[MO],d2[N],#a[NO],#d2[MN],(f2.#g)[MN],#d2[NO],d1[N],d2[MO],b1[N],b[NO],#a1[MN],(a1.g)[MN],#a1[NO],#d1[N],c2[MO],d2[N],#a[NO],#d2[MN],(f2.#g)[MN],#d2[NO],d1[N],d2[MO],b1[N],b[NO],#a1[N],#A-1[NO],(a1.g)[MN],#a1[NO],#d1[N],c2[MO],d2[N],#a[NO],#d2[MN],(f2.#g)[MN],#d2[NO],d1[N],d2[MO],b1[N],b[NO],#a1[MN],(a1.g)[MN],#a1[NO],#d1[N],c2[MN],d2[N],#a[NO],#d2[MN],(f2.#g)[MN],#d2[NO],d1[N],d2[MO],b1[N],b[NO],#a1[MN],(a1.g)[MN],#a1[NO],#d1[N],c2[MO],d2[N],#a[NO],#d2[MN],(f2.#g)[MN],#d2[NO],d1[N],d2[MO],b1[N],b[NO],#a1[MN],(a1.g.#a.#d1)[MN],#a1[MN],c2[MO],d2[MN],#d2[MN],f2[MN],g2[MN],#g2[MO],#a2[MN],c3[MN],d3[MN],#d3[MN],f3[MO],g3[MN],#g3[MN],#a3[MN],c4[MN],d4[MN],#d4[MN],f4[MN],(g4.#a1)[MN],c2[MN],d2[MO],#d2[MN],f2[MN],(#a2.g2)[MN],c3[MN],d3[MO],#d3[MN],f3[MN],(g3.#a)[MN],c1[MN],d1[MO],#d1[MN],f1[MN],(#a1.g1)[MN],c2[MN],d2[MO],#d2[MN],f2[MN],(g2.#A-1)[MN],c[MN],d[MO],#d[MNO],f[MNO],g[IKNO],(B-2.B-1)[IL],(#d1.g)[IL],(e1.#g)[IL],(#g1.c1.a)[JK],#c1[KL],(#f1.d1)[JK],#d1[KL],(e1.E-1.e)[LM],(#d.#d1)[LM],(#f.#f1)[LM],(e.e1)[LM],(#d.#d1.A-2.A-1)[LM],(#c.#c1)[LM],(#d.b)[LM],(#G-2.#G-1)[LM],(B-2.B-1)[LM],(A-2.A-1)[LM],(#d1.a1.#d2.#G-2.#G-1)[LM],(#F-2.#F-1)[LM],(#g1.E-2.E-1)[LM],(#c1.#c2)[LM],(e1.e2)[LM],(#d1.#d2)[LM],(#c1.#c2.E-1.e)[LM],(b.b1)[LM],(#a.g1.#a1)[LM],(#D-1.#d)[LM],(#F-1.#f)[LM],(E-1.e)[LM],(e2.g2.#a2.e3.#D-1.#d)[LM],(#C-1.#c)[LM],(#g2.b2.B-2.B-1)[LM],(#d2.#d3)[LM],(#f2.#f3.e1.#g.b)[LM],(e2.e3)[LM],(#d2.#d3.g.#a)[LM],(#c2.#c3)[LM],(b1.b2.#d1.#f.a)[LM],(#a1.#a2)[LM],(#c2.#c3.d1.f.#g)[LM],(b1.b2)[LM],(a1.a2)[LM],(#g1.#g2)[LM],(b1.b2.#c1.#f)[LM],(a1.a2)[LM],(#g1.#g2.c1.#d)[LM],(#f1.#f2)[LM],(a1.a2.b.e)[LM],(#g1.#g2)[LM],(#f1.#f2.#f)[LM],(e1.e2.e)[LM],(#d1.#d2.#d)[LM],(#c1.#c2.#c)[LM],(b.b1.B-1)[LM],(#a.#a1.#A-1)[LM],(f1.a1.c2.f2.A-1.c.f.a)[IL],(#d1.#f1.a1.#d2.B-1.#f.a.b)[IL],(f2.a2.c3.f3.a.c1.f1.a1)[IL],(#d.#f.#d1.B-2.#F-1.B-1)[IL],#d1[IIK],(d3.c2)[MN],#d3[NO],#g2[N],f3[MO],g3[N],#d2[NO],#g3[MN],(#a3.#c2)[MN],#g3[NO],g2[N],g3[MN],e3[N],e2[NO],#d3[MN],(d3.c2)[MN],#d3[NO],#g2[N],f3[MO],g3[N],#d2[NO],#g3[MN],(#a3.#c2)[MN],#g3[NO],g2[N],g3[MO],e3[N],e2[NO],#d3[MN],(d3.c2)[MN],#d3[NO],#g2[N],f3[MO],g3[N],#d2[NO],#g3[MN],(#a3.#c2)[MN],#g3[NO],g2[N],g3[MO],e3[N],e2[NO],#d3[N],#d1[NO],(d3.c2)[MN],#d3[NO],#g2[N],f3[MO],g3[N],#d2[NO],#g3[MN],(#a3.#c2)[MN],#g3[NO],g2[N],g3[MO],e3[N],e2[NO],#d3[MN],(d3.c2)[MN],#d3[NO],#g2[N],f3[MN],g3[N],#d2[NO],#g3[MN],(#a3.#c2)[MN],#g3[NO],g2[N],g3[MO],e3[N],e2[NO],#d3[MN],(d3.c2)[MN],#d3[NO],#g2[N],f3[MO],g3[N],#d2[NO],#g3[MN],(#a3.#c2)[MN],#g3[NO],g2[N],g3[MO],e3[N],e2[NO],#d3[MN],(d3.c2.#d2.#g2)[MN],#d3[MN],f3[MO],g3[MN],#g3[MN],c4[MN],#a3[MN],#g3[MO],f3[MN],#d3[MN],d2[MN],#d2[MN],f2[MO],g2[MN],#g2[MN],c3[MN],#a2[MN],#g2[MN],f2[MN],#d2[MN],d1[MN],#d1[MN],f1[MO],g1[MN],#g1[MN],c2[MN],#a1[MN],#g1[MO],f1[MN],#d1[MN],d[MN],#d[MN],f[MO],g[MN],#g[MN],#a[MN],c1[MN],#c1[MO],#d1[MN],f1[MN],g1[MN],#g1[MN],#a1[MO],c2[MN],#c2[MN],#d2[MN],f2[MN],g2[MO],#g2[MN],#a2[MN],c3[JKL],(c2.c3)[IKNO],(e1.a)[KLMO],(#c2.#c3)[J],(#f1.#f2.#d1)[KLMN],B-1[NO],#f[N],a[NO],#c1[JLM],(a1.a2)[JKNO],(#d1.#d2.b)[ILMN],(E-1.e)[LMN],(B-2.B-1)[LMN],(F-1.f)[LMN],(B-2.B-1)[LMN],(#F-1.#f)[LMN],(#D-1.#d)[LMN],(#C-1.#c)[LMN],(B-2.B-1)[LMN],(E-1.e)[LMN],(#D-1.#d)[LMN],(b.#g1.b1.#C-1.#c)[LMN],(B-2.B-1)[LMN],(E-1.e)[LMN],(B-2.B-1)[LMN],(F-1.f)[LMN],(B-2.B-1)[LMN],(b.a1.b1.#F-1.#f)[LMN],(#D-1.#d)[LMN],(#C-1.#c)[LMN],(B-2.B-1)[LMN],(b.#g1.b1.E-1.e)[LMN],(#D-1.#d)[LMN],(#C-1.#c)[LMN],(B-2.B-1)[LMN],(b.#g1.b1.E-1.e)[LMN],(B-2.B-1)[LMN],(b.#g1.b1.F-1.f)[LMN],(B-2.B-1)[LMN],(b.a1.b1.#F-1.#f)[LMN],(#D-1.#d)[LMN],(#C-1.#c)[LMN],(B-2.B-1)[LMN],(b.b1.#d1.#d.#G-1)[LMN],(e1.e)[LMN],(#c1.#c2.e1.e.A-1)[LMN],(#f1.#f)[LMN],(#d1.#d2.#f1.#f.B-1)[LMN],(#g1.#g)[LMN],(e1.#c2.#g1.#g.#c)[LMN],(a1.a)[LMN],(#f1.#f2.a1.a.#d)[LMN],(b1.b)[LMN],(#g1.e2.b1.b.e)[LMN],(#c2.#c1)[LMN],(a1.a2.#c2.#c1.#f)[LMN],(#d2.#d1)[LMN],(b1.#g2.#d2.#d1.#g)[LMN],(e2.e1)[LMN],(#c2.#c3.e2.e1.a)[LMN],(#f2.#f1)[LMN],(#d2.b2.#f2.#f1.b)[LMN],(#g2.#g1)[LMN],(e2.e3.#g2.#g1.#c1)[LMN],(a2.a1)[LMN],(#d2.#d3.g2.g1.c1)[LMN],(#g2.#g1)[LMN],(d2.d3.#f2.#f1.b)[LMN],(g2.g1)[LMN],(#c2.#c3.f2.f1.#a)[LMN],(#f2.#f1)[LMN],(c2.c3.e2.e1.a)[LMN],(f2.f1)[LMN],(b1.b2.#d2.#d1.#g)[LMN],(e2.e1)[LMN],(#a1.#a2.d2.d1.g)[LMN],(#d2.#d1)[LMN],(a1.a2.#c2.#c1.#f)[LMN],(d2.d1)[LMN],(#g1.#g2.c2.c1.f)[LMN],(#c2.#c1)[LMN],(g1.g2.b1.b.e)[LMN],(c2.c1)[LMN],(#f1.#f2.#a1.#a.#d)[LMN],(b1.b)[LMN],(f1.f2.a1.a.d)[LMN],(b1.b)[LMN],(e2.e1.#g1.b1.#g.b.d)[KLNO],(D-2.D-1)[L],e[L],(#g.E-1)[L],(b.#G-1)[L],(e1.B-1)[L],(#g1.e)[L],(b1.#g)[L],(e2.b)[L],(#g2.e1)[L],(b2.#g1)[L],(e3.b1)[L],(#g3.e2)[L],(b3.#g2)[KLNO],(b1.b2.d.e.d1)[LMN],(#g1.#g2)[LMN],(#f1.#f2)[LMN],(e1.e2)[LMN],(#a1.#a2.#c.e.#c1)[LMN],(e1.e2)[LMN],(a1.a2.c.e.c1)[LMN],(e1.e2)[LMN],(#g1.#g2.B-1.b)[KLNO],(d.D-2.D-1)[L],e[MNO],(#g.E-1)[MNO],(b.#G-1)[MNO],(e1.B-1)[MN],(#g1.e)[MN],(b1.#g)[MN],(e2.b)[MN],(#g2.e1)[MN],(b2.#g1)[MN],(e3.b1)[MN],(#g3.e2)[MO],(b3.#g2)[MN],(e4.b2)[MN],(#g4.e3)[KLNO],(e2.e3.d.e.d1)[LMN],(b1.b2)[LMN],(a1.a2)[LMN],(#g1.#g2)[LMN],(e2.e3.#c.e.#c1)[LMN],(a1.a2)[LMN],(e2.e3.c.e.c1)[LMN],(#a1.#a2)[LMN],(e2.e3.B-1.e.b)[LMN],(b1.b2)[LMN],(e2.e3.#A-1.e.#a)[LMN],(c2.c3)[LMN],(e2.e3.A-1.e.a)[LMN],(#c2.#c3)[LMN],(e2.e3.#A-1.e.#a)[LMN],(c2.c3)[LMN],(e2.e3.B-1.e.b)[LMN],(b1.b2)[LMN],(e2.e3.#c.e.#c1)[LMN],(#a1.#a2)[LMN],(b2.b1.B-1.b)[L],a2[L],#g2[L],e2[L],(#g2.#g1)[L],(#f2.#f1)[L],(e2.e1)[L],(b1.b)[L],(e2.e1)[L],(b1.b)[L],(a1.a)[L],(#g1.#g)[L],(b1.b)[L],(a1.a)[L],(#g1.#g)[L],(e1.e)[L],(#g1.#g)[L],(#f1.#f)[L],(e1.e)[L],(b.B-1)[L],(e1.e)[L],(b.B-1)[L],(a.A-1)[L],(#g.#G-1)[L],(b.B-1)[L],(a.A-1)[L],(#g.#G-1)[L],(e.E-1)[L],(b.B-1)[L],(a.A-1)[L],(#g.#G-1)[L],(#d.#D-1)[L],(b.B-1)[L],(a.A-1)[L],(#g.#G-1)[L],(d.D-1)[L],(b.B-1)[L],(a.A-1)[L],(#g.#G-1)[L],(#c.#C-1)[L],(b.B-1)[L],(a.A-1)[L],(#g.#G-1)[L],(c.C-1)[L],(b.B-1)[L],(a.A-1)[L],(#g.#G-1)[L],(B-1.B-2)[L],(#c.#C-1)[L],(#d.#D-1)[L],(e.E-1)[L],(#f.#F-1)[L],(#g.#G-1)[L],(a.A-1)[L],(b.B-1)[L],(#c1.#c)[L],(#d1.#d)[L],(e1.e)[L],(#f1.#f)[L],(#g1.#g)[L],(a1.a)[L],(b1.b)[L],(#c2.#c1)[L],(#d2.#d1)[L],(e2.e1)[L],(#f2.#f1)[L],(#g2.#g1)[L],(a2.a1)[L],(b2.b1)[L],(#c3.#c2)[L],(#d3.#d2)[L],(e3.e2)[L],(#f3.#f2)[L],(#g3.#g2)[L],(a3.a2)[L],(b3.b2)[L],(#c4.#c3)[L],(#d4.#d3)[L],(e4.e3)[L],(#f4.#f3)[L],(#g4.#g3)[KLNO],(#g1.b1.#d2.#g2.#G-1.B-1.#d.#g)[JKL],(#f1.b1.#d2.#f2.B-1.#d.#f.b)[KLNO],(e1.#g1.b1.e2.E-1.#G-1.B-1.e)[KLNO],(e3.e4.e1.e2)[LMN],(b2.b3.b.b1)[LMN],(a2.a3.a.a1)[LMN],(#g2.#g3.#g.#g1)[LMN],(b2.b3.b.b1)[LMN],(#g2.#g3.#g.#g1)[LMN],(#f2.#f3.#f.#f1)[LMN],(e2.e3.e.e1)[LMN],(#g2.#g3.#g.#g1)[LMN],(#d2.#d3.#d.#d1)[LMN],(#g2.#g3.#g.#g1)[LMN],(#c2.#c3.#c.#c1)[LMN],(e2.e3.e.e1)[LMN],(b1.b2.B-1.b)[LMN],(a1.a2.A-1.a)[LMN],(#g1.#g2.#G-1.#g)[LMN],(b1.b2.B-1.b)[LMN],(#g1.#g2.#G-1.#g)[LMN],(#f1.#f2.#F-1.#f)[LMN],(e1.e2.E-1.e)[LMN],(#g1.#g2.#G-1.#g)[LMN],(#d1.#d2.#D-1.#d)[LMN],(#g1.#g2.#G-1.#g)[LMN],(#c1.#c2.#C-1.#c)[LMN],(e1.e2.E-1.e)[LMN],(b.b1.B-2.B-1)[LMN],(a.a1.A-2.A-1)[LMN],(#g.#g1.#G-2.#G-1)[LMN],(b.b1.B-2.B-1)[LMN],(#g.#g1.#G-2.#G-1)[LMN],(#f.#f1.#F-2.#F-1)[LMN],(e.e1.E-2.E-1)[LMN],(#g.#g1.#G-2.#G-1)[LMN],(b.b1.B-2.B-1)[LMN],(e1.e2.E-1.e)[LMN],(#f1.#f2.#F-1.#f)[LMN],(#g1.#g2.#G-1.#g)[LMN],(e1.e2.E-1.e)[LMN],(#c1.#c2.#C-1.#c)[LMN],(b.b1.B-2.B-1)[LMN],(e1.e2.E-1.e)[LMN],(#g1.#g2.#G-1.#g)[LMN],(b1.b2.B-1.b)[LMN],(e2.e3.e.e1)[LMN],(#g2.#g3.#g.#g1)[LMN],(b2.b3.b.b1)[LMN],(e3.e4.e1.e2)[IKNO],(b1.#d2.#f2.b2.B-1.#d.#f.b)[IKNO],(e2.#g2.b2.e3.E-1.#G-1.B-1.e)[KLNO];"]}]}