{"baseBpm":64,"musics":[{"id":1,"bpm":162,"baseBeats":0.25,"scores":["(G-1.#a.d1.f1.a1)[L],d[L],G-1[L],(#G-1.f1)[M],a1[M],(A-1.g.c1.e1.g1.c2)[LM],(A-1.g.c1.f1.g1.#a1)[LM],(D-1.A-1.c1.e1.f1.a1)[L];e2[M],f2[M],e2[M],c2[M],e2[M],c2[M],(A-1.a1)[M],g1[M],(d.a1)[M],d1[M],(D-1.c1)[M],f1[M],(A-1.c1.e1.a1)[L],(#G-1.b.#d1.#g1)[L];(G-1.#a.d1.f1.a1)[L],d[L],G-1[L],(#G-1.f1)[M],a1[M],(A-1.g.c1.e1.g1.c2)[LM],(A-1.g.f1.#a1.d2)[LM],(D-1.A-1.c1.f1.g1.c2)[L];e2[M],f2[M],g2[M],f2[M],e2[M],c2[M],(A-1.a1)[M],f1[M],(d.a1)[M],d1[M],(D-1.c1)[M],f1[M],(A-1.c1.e1.f1.a1)[L],(#G-1.b.#d1.#g1)[L];(G-1.#a.d1.f1.a1)[L],d[L],G-1[L],(#G-1.f1)[M],a1[M],(A-1.g.c1.e1.g1.c2)[LM],(A-1.g.c1.f1.g1.#a1)[LM],(D-1.A-1.c1.e1.f1.a1)[L];e2[M],f2[M],e2[M],c2[M],e2[M],c2[M],(A-1.a1)[M],g1[M],(d.a1)[M],d1[M],(D-1.c1)[M],f1[M],(A-1.c1.e1.a1)[L],(#G-1.b.#d1.#g1)[L];(G-1.#a.d1.f1.a1)[L],d[L],G-1[L],(#G-1.f1)[M],a1[M],(A-1.g.c1.e1.g1.c2)[LM],(A-1.g.f1.#a1.d2)[LM],(D-1.A-1.c1.f1.g1.c2)[L];e2[M],f2[M],g2[M],f2[M],e2[M],c2[M],(A-1.a1)[M],f1[M],(d.a1)[M],d1[M],(D-1.d.c1)[M],f1[M],(A-2.A-1.c1.e1.f1.a1)[L],(#G-2.#G-1.b.#d1.#g1)[L];(G-2.G-1.#a.d1.f1.a1)[L],U,(G-2.G-1)[L],(#G-2.#G-1.f1)[M],a1[M],(A-2.A-1.c1.e1.g1.c2)[LM],(A-2.A-1.c1.f1.g1.#a1)[LM],(A-2.A-1.c1.e1.f1.a1)[L];(D-2.D-1.e2)[M],f2[M],e2[M],c2[M],(D-2.D-1.e2)[M],c2[M],(A-2.A-1.a1)[M],g1[M],(D-1.d.a1)[M],d1[M],(D-2.D-1.c1)[M],f1[M],(#G-2.#G-1.c1.e1.a1)[L],(A-2.A-1.b.#d1.#g1)[L];(G-2.G-1.#a.d1.f1.a1)[L],U,(G-2.G-1)[L],(#G-2.#G-1.f1)[M],a1[M],(A-2.A-1.c1.e1.g1.c2)[LM],(A-2.A-1.f1.#a1.d2)[LM],(A-2.A-1.c1.f1.g1.c2)[L];(D-2.D-1.e2)[M],f2[M],g2[M],f2[M],(D-2.D-1.e2)[M],c2[M],(A-2.A-1.a1)[M],f1[M],(D-1.d.a1)[M],d1[M],(D-2.D-1.c1)[M],f1[M],(#G-2.#G-1.c1.e1.f1.a1)[L],(A-2.A-1.b.#d1.#g1)[L];(G-2.G-1.#a.d1.f1.a1)[L],U,(G-2.G-1)[L],(#G-2.#G-1.f1)[M],a1[M],(A-2.A-1.c1.e1.g1.c2)[LM],(A-2.A-1.c1.f1.g1.#a1)[LM],(A-2.A-1.c1.e1.f1.a1)[L];(D-2.D-1.e2)[M],f2[M],e2[M],c2[M],(D-2.D-1.e2)[M],c2[M],(A-2.A-1.a1)[M],g1[M],(D-1.d.a1)[M],d1[M],(D-2.D-1.c1)[M],f1[M],(#G-2.#G-1.c1.e1.a1)[L],(A-2.A-1.b.#d1.#g1)[L];(G-2.G-1.#a.d1.f1.a1)[L],U,(G-2.G-1)[L],(#G-2.#G-1.f1)[M],a1[M],(A-2.A-1.c1.e1.g1.c2)[LM],(A-2.A-1.f1.#a1.d2)[LM],(A-2.A-1.c1.f1.g1.c2)[L];(D-2.D-1.e2)[M],f2[M],g2[M],f2[M],(D-2.D-1.e2)[M],c2[M],(A-2.A-1.a1)[M],f1[M],(D-1.d.a1)[M],d1[M],(D-2.D-1.c1)[M],f1[M],(#G-2.#G-1.c1.e1.f1.a1)[L],(A-2.A-1.b.#d1.#g1)[L];"]},{"id":2,"bpm":162,"baseBeats":0.25,"scores":["(g.#a.d1.f1.a1)[KL],f1[M],a1[M],(g.c1.e1.g1.c2)[K],(a.g1.#a1.#c2.f2)[K];(d1.f1.a1.c2.e2)[K],(f1.c2)[L],(f1.a1)[L],(c1.e1.g1)[L],(d1.f1)[L],(a.c1.e1)[L],(a.c1)[L];F-1[L],(f.a)[L],(G-1.g.#a)[L],(a.c1)[L],(A-2.A-1.#a.d1)[L],(c1.e1)[L],(#A-2.#A-1.d1.f1)[L],(e1.g1)[L];(A-2.A-1.#c1.e1)[L],A-1[L],(A-1.e.#c1.e1)[L],(A-1.e)[L],(A-1.e.a.a1.a2)[L],(A-1.e.a)[L],(A-2.E-1.A-1.c1.e1.g1.c2)[L],b1[M],#a1[M];(G-2.G-1.#a.d1.f1.a1)[K],G-2[L],#G-2[L],(A-2.A-1.c1.e1.g1.c2)[LM],(A-2.A-1)[M],(d1.f1.g1.#a1)[L],(#A-2.#A-1)[L];(D-1.d.c1.e1.f1.a1)[K],D-1[L],A-1[L],(D-1.d.c1.e1.f1.a1)[LM],(D-1.d)[M],(b.#d1.f1.#g1)[L],(#G-2.#G-1)[L];(G-2.G-1.#a.d1.f1.a1)[K],G-2[L],#G-2[L],(A-2.A-1.c1.e1.g1.c2)[LM],(A-2.A-1)[M],(d1.f1.g1.#a1)[L],(#A-2.#A-1)[L];(D-1.A-1.d.c1.e1.f1.a1)[K],D-1[L],A-2[L],(A-2.A-1.c1.e1.f1.a1)[LM],(A-2.A-1)[M],(b.#d1.f1.#g1)[L],(#G-2.#G-1)[L];(G-2.G-1.a1.d2.f2.a2)[K],(G-2.g2)[L],#G-2[L],(A-2.A-1.e1.g1.c2.f2)[LM],(A-2.A-1)[M],(d1.f1.g1.#a1)[L],(#A-2.#A-1)[L];(D-1.d.a1.c2.e2.g2)[K],(D-1.f2)[L],A-1[L],(D-1.d.e1.f1.a1.e2)[LM],(D-1.d)[M],(b.#d1.f1.#g1.d2)[L],(#G-2.#G-1)[L];(G-2.G-1.f1.a1.d2.f2)[K],(G-2.e2)[L],#G-2[L],(A-2.A-1.c1.e1.g1.d2)[LM],(A-2.A-1)[M],(d1.f1.g1.#c2)[L],(G-2.G-1.d2)[L];(D-2.A-2.D-1.c1.e1.f1.a1)[L],d2[M],f2[M],(D-1.g2)[L],(G-1.a2)[L],(A-2.A-1.c3)[L],#a2[M],(A-2.A-1)[M],a2[L],(#G-2.#g2)[L];(G-1.a1.d2.f2.a2)[K],(G-1.g2)[L],#G-1[L],(A-1.e1.g1.c2.f2)[LM],(A-1)[M],(d1.f1.g1.#a1)[L],(#A-1)[L];(d.a1.c2.e2.g2)[K],(d.f2)[L],a[L],(d.e1.f1.a1.e2)[LM],(d)[M],(b.#d1.f1.#g1.d2)[L],(#G-1)[L];(G-1.g1.#a1.d2.f2)[K],(G-1.g1.#a1.d2.e2)[L],#G-1[L],(A-1.a1.c2.e2.g2)[L],f2[M],(A-1)[M],(a1.c2.e2.g2)[L],(c.c2.e2.f2.a2)[L];d[L],#a2[L],(d.a1.d2.f2.a2)[L],#A-1[L],A-1[LM],A-1[LM],#G-2[L];(#a1.d2.f2.a2)[L],U,(#a1.d2.f2.g2)[L],U,(g1.#a1.#c2.f2)[L],V,V,(g1.#a1.#c2.e2)[L],U;(a1.c2.e2.g2)[L],U,(a1.c2.d2.f2)[L],U,(g1.a1.c2.e2)[L],V,V,(f1.a1.c2.d2)[L],U;(g1.#a1.d2.f2)[L],U,(g1.#a1.d2.e2)[L],U,(e1.g1.#a1.d2)[L],V,V,c2[L],(f1.a1.c2.d2)[L];U,d2[M],f2[M],g2[L],a2[L],c3[L],#a2[M],V,a2[L],#g2[L];","QQQQQQQQ;G-2[K],G-2[L],#G-2[L],A-2[LM],A-2[LM],#A-2[L];D-1[K],D-1[L],A-1[L],D-1[LM],D-1[LM],#G-2[L];G-2[K],G-2[L],#G-2[L],A-2[LM],A-2[LM],C-1[L];D-1[K],(D-1)[L],#A-2[L],A-2[LM],A-2[LM],#G-2[L];"]},{"id":3,"bpm":162,"baseBeats":0.25,"scores":["(#a1.d2.f2.a2)[L],U,(#a1.d2.f2.g2)[L],U,(g1.#a1.#c2.f2)[L],V,V,(g1.#a1.#c2.e2)[L],U;(a1.c2.e2.g2)[L],U,(a1.c2.d2.f2)[L],U,(g1.a1.c2.e2)[L],V,V,(f1.a1.c2.d2)[L],U;(g1.#a1.d2.f2)[L],U,(g1.#a1.d2.e2)[L],U,(a1.c2.e2.g2)[L],f2[M],V,(a1.c2.e2.g2)[L],(c2.d2.f2.a2)[L];(D-2.A-2.D-1)[L],#a2[L],(D-2.D-1.a1.d2.f2.a2)[L],(G-2.G-1)[L],(A-2.A-1)[LM],(A-2.A-1)[LM],(C-1.c)[L];(G-1.g.#a1.d2.f2.a2)[L],d[L],(#a.g2)[L],(g.#a2)[L],d1[K],(#a.d2)[L],g[M],d[M];(A-1.e.a.d1.f1.g1.#c2)[K],A-1[L],(e.a1)[L],(a.e2)[K],e[K];(F-1.d.f.g1.a1.c2.f2)[L],(c.c2)[L],(a.g2)[L],(f.a2)[L],(c1.d1.f1.a1)[K],(a.c2)[L],(f.d2)[M],(c.#d2)[M];(A-2.E-1.A-1.g1.a1.d2.e2)[K],A-2[L],(#C-1.g1.a1.d2.e2)[M],(g1.a1.d2.e2)[M],(A-1.e.g.a1.e2)[L],(a1.#c2.e2)[L],(D-1.#c2.f2)[L],(E-1.e1.e2)[L];(G-2.G-1.#a.d1.f1.a1)[L],U,(G-2.G-1)[L],(#G-2.#G-1.f1)[M],a1[M],(A-2.A-1.c1.e1.g1.c2)[LM],(A-2.A-1.c1.f1.g1.#a1)[LM],(A-2.A-1.c1.e1.f1.a1)[L];(D-2.D-1.e2)[M],f2[M],e2[M],c2[M],(D-2.D-1.e2)[M],c2[M],(A-2.A-1.a1)[M],g1[M],(D-1.d.a1)[M],d1[M],(D-2.D-1.c1)[M],f1[M],(#G-2.#G-1.c1.e1.a1)[L],(A-2.A-1.b.#d1.#g1)[L];(G-2.G-1.#a.d1.f1.a1)[L],U,(G-2.G-1)[L],(#G-2.#G-1.f1)[M],a1[M],(A-2.A-1.c1.e1.g1.c2)[LM],(A-2.A-1.f1.#a1.d2)[LM],(A-2.A-1.c1.f1.g1.c2)[L];(D-2.D-1.e2)[M],f2[M],g2[M],f2[M],(D-2.D-1.e2)[M],c2[M],(A-2.A-1.a1)[M],f1[M],(D-1.d.a1)[M],d1[M],(D-2.D-1.c1)[M],f1[M],(#G-2.#G-1.c1.e1.f1.a1)[L],(A-2.A-1.b.#d1.#g1)[L];(G-2.G-1.#a.d1.f1.a1)[L],U,(G-2.G-1)[L],(#G-2.#G-1.f1)[M],a1[M],(A-2.A-1.c1.e1.g1.c2)[LM],(A-2.A-1.c1.f1.g1.#a1)[LM],(A-2.A-1.c1.e1.f1.a1)[L];(D-2.D-1.e2)[M],f2[M],e2[M],c2[M],(D-2.D-1.e2)[M],c2[M],(A-2.A-1.a1)[M],g1[M],(D-1.d.a1)[M],d1[M],(D-2.D-1.c1)[M],f1[M],(#G-2.#G-1.c1.e1.a1)[L],(A-2.A-1.b.#d1.#g1)[L];;(G-2.G-1.d1.f1.a1)[L],(A-2.A-1)[L],(#A-2.#A-1)[L],(C-1.c.f1)[M],a1[M],(D-1.d.c1.e1.g1.c2)[LM],(#D-1.#d.#c1.g1.c2.#d2)[LM],(D-1.d.e1.f1.a1.d2)[L];(D-2.D-1.e2)[M],f2[M],g2[M],a2[M],(D-2.D-1.d2)[M],e2[M],(A-2.A-1.c2)[M],d2[M],(D-1.d)[L],(A-2.A-1.a1)[L],(D-2.D-1.d2.f2.a2.d3)[HK];","(G-2.G-1)[K],(G-2.G-1)[L],(#G-2.#G-1)[L],(A-2.A-1)[LM],(A-2.A-1)[LM],(#A-2.#A-1)[L];(D-1.d)[K],(D-1.d)[L],(A-1.a)[L],(D-1.d)[LM],(D-1.d)[LM],(#G-2.#G-1)[L];(G-2.G-1)[K],(G-2.G-1)[L],(#G-2.#G-1)[L],(A-2.A-1)[LM],(A-2.A-1)[LM],(F-2.F-1)[L];QQR;QQQQQ;"]}]}