{"baseBpm":19910329,"musics":[{"id":1,"baseBeats":0.5,"scores":["8<(a3~b3~#c4)[L]>,(D-2.D-1.d4)[K],d[K],(#f.a)[K],d[K],(#f.a)[K],d[K],(#f.a)[K],d[K];(C-2.C-1)[K],c[K],(e.g)[K],c[K],(e.g)[K],c[K],(e.g)[K],c[K];(G-2.G-1)[K],g[K],(b.d1)[K],g[K],(b.d1)[K],g[K],(b.d1)[K],g[K];(G-2.G-1)[K],g[K],(b.d1)[K],g[K],(b.d1)[L],5<V,V>,g[K],(b.d1)[K],g[K];(D-2.D-1)[K],d[K],(#f.a)[K],d[K],(#f.a)[K],d[K],(#f.a)[K],d[K];(C-2.C-1)[K],c[K],(e.g)[K],c[K],(e.g)[K],c[K],(e.g)[K],c[K];(G-2.G-1)[K],g[K],(b.d1)[K],g[K],(b.d1)[K],g[K],(b.d1)[K],g[K];(G-2.G-1)[K],g[K],(b.d1)[K],g[K],(C-2.C-1)[K],c[K],(e.g)[K],c[K];(D-2.D-1)[K],d[K],(#f.a)[K],d[K],(#f.a)[K],d[K],(#f.a)[K],d[K];(C-2.C-1)[K],c[K],(e.g)[K],c[K],(e.g)[K],c[K],(e.g)[K],c[K];(G-2.G-1)[K],g[K],(b.d1)[K],g[K],(b.d1)[K],g[K],(b.d1)[K],g[K];(G-2.G-1)[K],g[K],(b.d1)[K],g[K],(C-2.C-1)[K],c[K],(e.g)[K],c[K];(D-1.d)[L],#f[L],a[L],d1[L],d[L],#f[L],a[L],d1[L],d[L],#f[L],a[L],d1[L],d[L],#f[L],a[L],d1[L];(G-1.g)[L],b[L],d1[L],g1[L],g[L],b[L],d1[L],g1[L],g[L],b[L],d1[L],g1[L],g[L],b[L],d1[L],g1[L];(#A-1.#a)[L],d1[L],f1[L],#a1[L],#a[L],d1[L],f1[L],#a1[L],#a[L],d1[L],f1[L],#a1[L],#a[L],d1[L],f1[L],#a1[L];(A-1.a)[L],#c1[L],e1[L],a1[L],a[L],#c1[L],e1[L],a1[L],a[L],#c1[L],e1[L],a1[L],a[L],#c1[L],e1[L],a1[L];(D-1.d)[L],#f[L],a[L],d1[L],d[L],#f[L],a[L],d1[L],d[L],#f[L],a[L],d1[L],d[L],#f[L],a[L],d1[L];(G-1.g)[L],b[L],d1[L],g1[L],g[L],b[L],d1[L],g1[L],g[L],b[L],d1[L],g1[L],g[L],b[L],d1[L],g1[L];(#A-1.#a)[L],d1[L],f1[L],#a1[L],#a[L],d1[L],f1[L],#a1[L],#a[L],d1[L],f1[L],#a1[L],#a[L],d1[L],f1[L],#a1[L];(A-1.a)[L],#c1[L],e1[L],a1[L],a[L],#c1[L],e1[L],a1[L],a[L],#c1[L],e1[L],a1[L],a[L],#c1[L],e1[L],a1[L];(D-1.d)[L],(#f.a)[L],(d1.a1)[L],(#f.a)[L],(d1.g1)[L],(#f.a)[L],(d1.#f1)[L],(#f.a)[L],(d1.e1)[L],(#f.a)[L],(d1.#f1)[L],(#f.a)[L],(d1.g1)[L],(#f.a)[L],(d1.a1)[L],(#f.a)[L];(D-1.d)[L],d[L],(#f.a.d1)[L],d[L],(#f.a.d1)[L],d[L],(#f.a.d1)[L],d[L],(#f.a.d1)[L],d[L],(#f.a.d1)[L],d[L],(#f.a.d1)[L],d[L],(#f.a.d1)[L],d[L];(G-1.g)[L],g[L],(b.d1.g1)[L],g[L],(b.d1.g1)[L],g[L],(b.d1.g1)[L],g[L],(b.d1.g1)[L],g[L],(b.d1.g1)[L],g[L],(b.d1.g1)[L],g[L],(b.d1.g1)[L],g[L];(G-1.g)[L],g[L],(b.d1.g1)[L],g[L],(b.d1.g1)[L],g[L],(b.d1.g1)[L],g[L],(b.d1.g1)[L],g[L],(b.d1.g1)[L],g[L],(b.d1.g1)[L],g[L],(b.d1.g1)[L],g[L];(D-1.d)[L],(#f.a)[L],(d1.a1)[L],(#f.a)[L],(d1.g1)[L],(#f.a)[L],(d1.#f1)[L],(#f.a)[L],(d1.e1)[L],(#f.a)[L],(d1.#f1)[L],(#f.a)[L],(d1.g1)[L],(#f.a)[L],(d1.a1)[L],(#f.a)[L];(D-1.d)[L],d[L],(#f.a.d1)[L],d[L],(#f.a.d1)[L],d[L],(#f.a.d1)[L],d[L],(#f.a.d1)[L],d[L],(#f.a.d1)[L],d[L],(#f.a.d1)[L],d[L],(#f.a.d1)[L],d[L];(G-1.g)[L],g[L],(b.d1.g1)[L],g[L],(b.d1.g1)[L],g[L],(b.d1.g1)[L],g[L],(b.d1.g1)[L],g[L],(b.d1.g1)[L],g[L],(b.d1.g1)[L],g[L],(b.d1.g1)[L],g[L];(#A-3.#A-2)[L],(#a.f1)[L],(d1.g1)[L],(f1.#a1)[L],(g1.d2)[L],(#a1.f2)[L],(d2.g2)[L],(f2.#a2)[L],(g2.d3)[L],(#a2.f3)[L],(d3.g3)[L],(f3.#a3)[L],(g3.d4)[L],(#a3.f4)[L],(d4.g4)[L],(f4.#a4)[L];(#A-2.#A-1)[K],(d.f.#a.d1.#a1.d2.f2.#a2)[K],(d.f.#a.d1.#a1.d2.f2.#a2)[K],(#A-2.#A-1)[K],(C-1.c)[J],(C-2.C-1)[J];5<d1[M],#f1[M]>,5<a1[M],#f1[M]>,5<d2[M],a1[M]>,5<#f1[M],d1[M]>,5<d1[M],#f1[M]>,5<a1[M],#f1[M]>,5<d2[M],a1[M]>,5<#f1[M],d1[M]>,5<d1[M],#f1[M]>,5<a1[M],#f1[M]>,5<d2[M],a1[M]>,5<#f1[M],d1[M]>,5<d1[M],#f1[M]>,5<a1[M],#f1[M]>,5<d2[M],a1[M]>,5<#f1[M],d1[M]>;5<c1[M],e1[M]>,5<g1[M],e1[M]>,5<c2[M],g1[M]>,5<e1[M],c1[M]>,5<c1[M],e1[M]>,5<g1[M],e1[M]>,5<c2[M],g1[M]>,5<e1[M],c1[M]>,5<c1[M],e1[M]>,5<g1[M],e1[M]>,5<c2[M],g1[M]>,5<e1[M],c1[M]>,5<c1[M],e1[M]>,5<g1[M],e1[M]>,5<c2[M],g1[M]>,5<e1[M],c1[M]>;5<g[M],b[M]>,5<d1[M],b[M]>,5<g1[M],d1[M]>,5<b[M],g[M]>,5<g[M],b[M]>,5<d1[M],b[M]>,5<g1[M],d1[M]>,5<b[M],g[M]>,5<g[M],b[M]>,5<d1[M],b[M]>,5<g1[M],d1[M]>,5<b[M],g[M]>,5<g[M],b[M]>,5<d1[M],b[M]>,5<g1[M],d1[M]>,5<b[M],g[M]>;5<g[M],b[M]>,5<d1[M],b[M]>,5<g1[M],d1[M]>,5<b[M],g[M]>,5<g[M],b[M]>,5<d1[M],b[M]>,5<g1[M],d1[M]>,5<b[M],g[M]>,5<c1[M],e1[M]>,5<g1[M],e1[M]>,5<c2[M],g1[M]>,5<e1[M],c1[M]>,5<c1[M],e1[M]>,5<g1[M],e1[M]>,5<c2[M],g1[M]>,5<e1[M],c1[M]>;5<d1[M],#f1[M]>,5<a1[M],#f1[M]>,5<d2[M],a1[M]>,5<#f1[M],d1[M]>,5<d1[M],#f1[M]>,5<a1[M],#f1[M]>,5<d2[M],a1[M]>,5<#f1[M],d1[M]>,5<d1[M],#f1[M]>,5<a1[M],#f1[M]>,5<d2[M],a1[M]>,5<#f1[M],d1[M]>,5<d1[M],#f1[M]>,5<a1[M],#f1[M]>,5<d2[M],a1[M]>,5<#f1[M],d1[M]>;5<c1[M],e1[M]>,5<g1[M],e1[M]>,5<c2[M],g1[M]>,5<e1[M],c1[M]>,5<c1[M],e1[M]>,5<g1[M],e1[M]>,5<c2[M],g1[M]>,5<e1[M],c1[M]>,5<c1[M],e1[M]>,5<g1[M],e1[M]>,5<c2[M],g1[M]>,5<e1[M],c1[M]>,5<c1[M],e1[M]>,5<g1[M],e1[M]>,5<c2[M],g1[M]>,5<e1[M],c1[M]>;5<g[M],b[M]>,5<d1[M],b[M]>,5<g1[M],d1[M]>,5<b[M],g[M]>,5<g[M],b[M]>,5<d1[M],b[M]>,5<g1[M],d1[M]>,5<b[M],g[M]>,5<g[M],b[M]>,5<d1[M],b[M]>,5<g1[M],d1[M]>,5<b[M],g[M]>,5<g[M],b[M]>,5<d1[M],b[M]>,5<g1[M],d1[M]>,5<b[M],g[M]>;5<g[M],b[M]>,5<d1[M],b[M]>,5<g1[M],d1[M]>,5<b[M],g[M]>,5<g[M],b[M]>,5<d1[M],b[M]>,5<g1[M],d1[M]>,5<b[M],g[M]>,5<c1[M],e1[M]>,5<g1[M],e1[M]>,5<c2[M],g1[M]>,5<e1[M],c1[M]>,5<c1[M],e1[M]>,5<g1[M],e1[M]>,5<c2[M],g1[M]>,5<e1[M],c1[M]>;5<(d1.a1)[M],#f1[M]>,5<(d1.a1)[M],#f1[M]>,5<(d1.a1)[M],#f1[M]>,5<(d1.a1)[M],#f1[M]>,5<(d1.a1)[M],#f1[M]>,5<(d1.a1)[M],#f1[M]>,5<(d1.a1)[M],#f1[M]>,5<(d1.a1)[M],#f1[M]>,5<(d1.a1)[M],#f1[M]>,5<(d1.a1)[M],#f1[M]>,5<(d1.a1)[M],#f1[M]>,5<(d1.a1)[M],#f1[M]>,5<(d1.a1)[M],#f1[M]>,5<(d1.a1)[M],#f1[M]>,5<(d1.a1)[M],#f1[M]>,5<(d1.a1)[M],#f1[M]>;5<(c1.g1)[M],e1[M]>,5<(c1.g1)[M],e1[M]>,5<(c1.g1)[M],e1[M]>,5<(c1.g1)[M],e1[M]>,5<(c1.g1)[M],e1[M]>,5<(c1.g1)[M],e1[M]>,5<(c1.g1)[M],e1[M]>,5<(c1.g1)[M],e1[M]>,5<(c1.g1)[M],e1[M]>,5<(c1.g1)[M],e1[M]>,5<(c1.g1)[M],e1[M]>,5<(c1.g1)[M],e1[M]>,5<(c1.g1)[M],e1[M]>,5<(c1.g1)[M],e1[M]>,5<(c1.g1)[M],e1[M]>,5<(c1.g1)[M],e1[M]>;5<(d1.a1)[M],#f1[M]>,5<(d1.a1)[M],#f1[M]>,5<(d1.a1)[M],#f1[M]>,5<(d1.a1)[M],#f1[M]>,5<(d1.a1)[M],#f1[M]>,5<(d1.a1)[M],#f1[M]>,5<(d1.a1)[M],#f1[M]>,5<(d1.a1)[M],#f1[M]>,5<(d1.a1)[M],#f1[M]>,5<(d1.a1)[M],#f1[M]>,5<(d1.a1)[M],#f1[M]>,5<(d1.a1)[M],#f1[M]>,5<(d1.a1)[M],#f1[M]>,5<(d1.a1)[M],#f1[M]>,5<(d1.a1)[M],#f1[M]>,5<(d1.a1)[M],#f1[M]>;5<(c1.g1)[M],e1[M]>,5<(c1.g1)[M],e1[M]>,5<(c1.g1)[M],e1[M]>,5<(c1.g1)[M],e1[M]>,5<(c1.g1)[M],e1[M]>,5<(c1.g1)[M],e1[M]>,5<(c1.g1)[M],e1[M]>,5<(c1.g1)[M],e1[M]>,5<(c1.g1)[M],e1[M]>,5<(c1.g1)[M],e1[M]>,5<(c1.g1)[M],e1[M]>,5<(c1.g1)[M],e1[M]>,5<(c1.g1)[M],e1[M]>,5<(c1.g1)[M],e1[M]>,5<(c1.g1)[M],e1[M]>,5<(c1.g1)[M],e1[M]>;5<d1[M],#f1[M]>,5<a1[M],#f1[M]>,5<d2[M],a1[M]>,5<#f1[M],d1[M]>,5<d1[M],#f1[M]>,5<a1[M],#f1[M]>,5<d2[M],a1[M]>,5<#f1[M],d1[M]>,5<d1[M],#f1[M]>,5<a1[M],#f1[M]>,5<d2[M],a1[M]>,5<#f1[M],d1[M]>,5<d1[M],#f1[M]>,5<a1[M],#f1[M]>,5<d2[M],a1[M]>,5<#f1[M],d1[M]>;5<c1[M],e1[M]>,5<g1[M],e1[M]>,5<c2[M],g1[M]>,5<e1[M],c1[M]>,5<c1[M],e1[M]>,5<g1[M],e1[M]>,5<c2[M],g1[M]>,5<e1[M],c1[M]>,5<c1[M],e1[M]>,5<g1[M],e1[M]>,5<c2[M],g1[M]>,5<e1[M],c1[M]>,5<c1[M],e1[M]>,5<g1[M],e1[M]>,5<c2[M],g1[M]>,5<e1[M],c1[M]>;5<g[M],b[M]>,5<d1[M],b[M]>,5<g1[M],d1[M]>,5<b[M],g[M]>,5<g[M],b[M]>,5<d1[M],b[M]>,5<g1[M],d1[M]>,5<b[M],g[M]>,5<g[M],b[M]>,5<d1[M],b[M]>,5<g1[M],d1[M]>,5<b[M],g[M]>,5<g[M],b[M]>,5<d1[M],b[M]>,5<g1[M],d1[M]>,5<b[M],g[M]>;5<g[M],b[M]>,5<d1[M],b[M]>,5<g1[M],d1[M]>,5<b[M],g[M]>,5<g[M],b[M]>,5<d1[M],b[M]>,5<g1[M],d1[M]>,5<b[M],g[M]>,5<c1[M],e1[M]>,5<g1[M],e1[M]>,5<c2[M],g1[M]>,5<e1[M],c1[M]>,5<c1[M],e1[M]>,5<g1[M],e1[M]>,5<c2[M],g1[M]>,5<e1[M],c1[M]>;(#F-1@A-1@d@#f)[L],U,U,U,U,U,U,U;(d.#f.a.d1)[L],U,U,U,U,U,U,U,(#F-1@B-1@d@#f)[L],U,U,U,U,U,U,U,(B-1.d.#f.b)[L],U,U,U,U,U,U,U;(F-1@#A-1@d@f)[L],U,U,U,U,U,U,U,(#A-1.d.f.#a)[L],U,U,U,U,U,U,U;(C-2.G-1@c@e@g)[L],U,U,U,U,U,U,U,(C-1.E-1.G-1.c.c1.e1.g1.c2)[K],3<a4[N],g4[N],f4[N],e4[N],d4[N],c4[N],b3[N],a3[N],g3[N],f3[N],e3[N],d3[N],c3[N],b2[N],a2[N],g2[N],f2[N],e2[N],d2[N],c2[N],b1[N],a1[N],g1[N],f1[N],e1[N],d1[N],c1[N],b[N],a[N],g[N],f[N],e[N],d[N],c[N],B-1[N],A-1[N],G-1[N],F-1[N],E-1[N],D-1[N],C-1[N],B-2[N],A-2[N]>;","U,(d2.#f2.a2.b2.d3)[K],T,T,T,T,(d2.#f2.a2.b2.d3)[K],T,(d2.#f2.a2.b2.d3)[K];T,T,T,T,T,T,(c2.e2.a2.b2.d3)[K],T;(d2.g2.b2.d3)[K],T,T,T,(d3.d4)[K],T,T,(d2.g2.b2.d3)[K];T,T,T,T,(d2.g2.b2.d3)[L],(mute~e3.e4)[L],(f3.f4)[K],(d2.g2.b2.d3.e3.e4)[K],(e3.e4)[K];T,(d3.d4)[K],(d2.#f2.a2.d3)[K],T,(d2.#f2.a2.b2)[K],T,T,(d2.#f2.a2.d3)[K];T,(c2.e2.a2.b2)[K],T,T,T,T,T,(b2.b3)[K];T,(#c3.#c4)[L],(b2.b3)[L],(d2.g2.b2.d3.a2.a3)[K],T,(d2.g2.b2.d3)[K],T,T,T;T,T,(d2.g2.b2.d3)[K],T,(#a1.f2.#a2.d3)[K],T,T,(d2.d3)[K];(d2.d3)[K],T,(d2.#f2.a2.d3)[K],T,(d2.#f2.a2.b2)[K],T,T,(d2.#f2.a2.d3)[K];T,(c2.e2.a2.b2)[K],T,T,T,(e2.e3)[L],(#f2.#f3)[L],(#f2.#f3)[K],(#f2.#f3)[L],(g2.g3)[L];(a2.a3)[K],T,(d2.g2.b2.d3)[K],T,(d2.g2.b2)[K],T,T,(d2.g2.b2.d3)[K];T,(d2.g2.b2)[K],T,T,(c2.e2.g2)[K],T,(c2.e2.g2)[K],(d2.d3)[K];T,T,(d2.#f2)[K],g2[K],(d2.#f2)[J],e2[K],d2[K];(b1.d2)[K],b1[L],(b1.d2)[K],b1[L],d2[K],(b1.#f2)[J],b1[K],b1[K];T,T,(#a1.f2)[K],(#a1.f2)[K],(#a1.e2)[J],(#a1.d2)[K],(#a1.d2)[K];S,(a1.#f2)[K],g2[K],(a1.#f2)[J],e2[K],d2[K];T,T,(d2.#f2)[K],g2[K],(d2.#f2)[J],e2[K],d2[K];(b1.d2)[K],b1[L],(b1.d2)[KL],e2[K],(b1.#f2)[J],b1[K],b1[K];(#a1.f2)[KL],(#a1.e2)[K],(#a1.d2)[L],(#a1.d2)[K],(#a1.f2)[KL],(#a1.e2)[KL],(#a1.d2)[K];(#a1.f2)[KL],(#a1.e2)[KL],(#a1.d2)[K],d2[K],e2[K],a2[K],#f2[K];T,(a3.a2)[K],(g3.g2)[K],(#f3.#f2)[K],(e3.e2)[K],(#f3.#f2)[K],(g3.g2)[K],(a3.a2)[K];S,d2[K],d2[K],d2[K],e2[K],#f2[K],a2[K];S,d2[K],d2[K],d2[K],e2[K],#f2[K],a2[K];T,T,T,(d2.#f2)[K],T,(a1.e2)[JK];T,(a3.a2)[K],(g3.g2)[K],(#f3.#f2)[K],(e3.e2)[K],(#f3.#f2)[K],(g3.g2)[K],(a3.a2)[K];S,d2[K],d2[K],d2[K],e2[K],#f2[K],a2[K];(d1.#f1)[I],(c1.e1)[I];(#a.d1)[II];R,d2[K],d2[L],d2[K],d2[L],d2[K];(D-2.D-1)[K],(D-2.D-1)[K],(d.#f.a.d2.#f2.a2.d3)[K],(D-2.D-1)[K],(D-2.D-1.d2.#f2.a2.b2)[K],(D-2.D-1)[K],(d.#f.a)[K],(D-2.D-1.d2.#f2.a2.d3)[K];(C-2.C-1)[K],(C-2.C-1.c2.e2.a2.b2)[K],(c.e.g)[K],(C-2.C-1.c2.e2.b2)[K],(C-2.C-1)[K],(C-2.C-1)[K],(c.e.g)[K],(C-2.C-1.c2.e2.b2)[K];(G-2.G-1)[K],(G-2.G-1.g1.d2.b2)[K],(g.b.d1.g1.d2.a2)[K],(G-2.G-1.g1.d2.a2)[K],(G-2.G-1.g1.d2.#f2)[K],(G-2.G-1)[K],(g.b.d1.e2)[K],(G-2.G-1.g1.d2.a2)[K];(G-2.G-1)[K],(G-2.G-1.g1.d2.a2)[K],(g.b.d1.g1.d2.#f2)[K],(G-2.G-1.g1.d2.#f2)[K],(C-1.c.c2.e2)[K],(C-1.c~c2.b2)[K],(c.e.g)[K],(C-2.C-1.c2.e2.g2.a2)[K];(D-2.D-1)[K],(D-2.D-1)[K],(d.#f.a.d2.#f2.a2.d3)[K],(D-2.D-1)[K],(D-2.D-1.d2.#f2.a2.b2)[K],(D-2.D-1)[K],(d.#f.a)[K],(D-2.D-1.d2.#f2.a2.d3)[K];(C-2.C-1)[K],(C-2.C-1.c2.e2.a2.b2)[K],(c.e.g)[K],(C-2.C-1.c2.e2.b2)[K],(C-2.C-1)[K],(C-2.C-1)[K],(c.e.g)[K],(C-2.C-1.c2.e2.b2)[K];(G-2.G-1)[K],(G-2.G-1.g1.d2.b2)[K],(g.b.d1.g1.d2.a2)[K],(G-2.G-1.g1.d2.a2)[K],(G-2.G-1.g1.d2.#f2)[K],(G-2.G-1)[K],(g.b.d1.e2)[K],(G-2.G-1.g1.d2.a2)[K];(G-2.G-1)[K],(G-2.G-1.g1.d2.a2)[K],(g.b.d1.g1.d2.#f2)[K],(G-2.G-1.g1.d2.#f2)[K],(C-1.c.c2.e2)[K],(C-1.c~c2.a2)[K],(c.e.g)[K],(C-2.C-1.c2.e2.#f2)[K];(D-1.d)[K],(D-1.d)[K],(D-1.d)[K],(D-1.d.d1.a1.d2~d1.a1.d2)[K],(D-1.d.d1.a1.#f2)[K],(D-1.d.d1.a1.d2.a2)[K],(D-1.d)[K],(D-1.d.d1.a1.d2~d1.a1.d2)[K];(C-1.c.c2.e2.#f2)[K],(C-1.c.c2.e2.a2)[K],(C-1.c)[K],(C-1.c.c1.g1.d2~c1.g1.a1)[K],(C-1.c.c1.g1.d2)[K],(C-1.c~c1.g1.d2)[K],(C-1.c)[K],(C-1.c.c1.g1.d2)[K];(D-1.d)[K],(D-1.d)[K],(D-1.d)[K],(D-1.d.d1.a1.d2~d1.a1.d2)[K],(D-1.d.d1.a1.#f2)[K],(D-1.d.d1.a1.d2.a2)[K],(D-1.d)[K],(D-1.d.d1.a1.d2~d1.a1.d2)[K];(C-1.c.c2.e2.#f2)[K],(C-1.c.c2.e2.a2)[K],(C-1.c)[K],(C-1.c.c1.g1.d2~c1.g1.d2)[K],(C-1.c.c1.g1.d2.#f2)[K],(C-1.c~c1.g1.d2.a2)[K],(C-1.c)[K],(C-1.c.c1.g1.d2.g2.d3)[K];(D-2.D-1)[K],(D-2.D-1)[K],(d.#f.a.d2.#f2.a2.d3)[K],(D-2.D-1)[K],(D-2.D-1.d2.#f2.a2.b2)[K],(D-2.D-1)[K],(d.#f.a)[K],(D-2.D-1.d2.#f2.a2.d3)[K];(C-2.C-1)[K],(C-2.C-1.c2.e2.a2.b2)[K],(c.e.g)[K],(C-2.C-1.c2.e2.b2)[K],(C-2.C-1)[K],(C-2.C-1)[K],(c.e.g)[K],(C-2.C-1.c2.e2.b2)[K];(G-2.G-1)[K],(G-2.G-1.g1.d2.b2)[K],(g.b.d1.g1.d2.a2)[K],(G-2.G-1.g1.d2.a2)[K],(G-2.G-1.g1.d2.#f2)[K],(G-2.G-1~e2)[K],(g.b.d1)[K],(G-2.G-1.g1.d2.#f2)[K];(G-2.G-1)[K],(G-2.G-1)[K],(g.b.d1~b1)[K],(G-2.G-1.d2~b1)[K],(C-1.c.c2.d2)[K],(C-1.c~d2)[K],(c.e.g)[K],(C-2.C-1.c1.g1.c2.d2)[K];d1[L],#f1[L],a1[L],d2[L],#f2[L],d2[L],a1[L],#f1[L],d1[L],#f1[L],a1[L],d2[L],#f2[L],d2[L],a1[L],#f1[L];b[L],d1[L],(#f1.b2.b3)[L],b1[L],(d2.#f2.#f3)[L],b1[L],(#f1.a2.a3)[L],d1[L],b[L],d1[L],#f1[L],b1[L],d2[L],b1[L],(#f1.#f2.#f3)[L],d1[L];#a[L],d1[L],(f1.e2.e3)[L],#a1[L],d2[L],#a1[L],f1[L],d1[L],#a[L],d1[L],f1[L],#a1[L],d2[L],#a1[L],f1[L],d1[L];c1[L],e1[L],g1[L],c2[L],e2[L],c2[L],g1[L],e1[L],c1[I];"]},{"id":2,"baseBeats":0.5,"scores":["(D-1.d)[L],#f[L],a[L],d1[L],d[L],#f[L],a[L],d1[L],d[L],#f[L],a[L],d1[L],d[L],#f[L],a[L],d1[L];(G-1.g)[L],b[L],d1[L],g1[L],g[L],b[L],d1[L],g1[L],g[L],b[L],d1[L],g1[L],g[L],b[L],d1[L],g1[L];(#A-1.#a)[L],d1[L],f1[L],#a1[L],#a[L],d1[L],f1[L],#a1[L],#a[L],d1[L],f1[L],#a1[L],#a[L],d1[L],f1[L],#a1[L];(A-1.a)[L],#c1[L],e1[L],a1[L],a[L],#c1[L],e1[L],a1[L],a[L],#c1[L],e1[L],a1[L],a[L],#c1[L],e1[L],a1[L];(D-1.d)[L],#f[L],a[L],d1[L],d[L],#f[L],a[L],d1[L],d[L],#f[L],a[L],d1[L],d[L],#f[L],a[L],d1[L];(G-1.g)[L],b[L],d1[L],g1[L],g[L],b[L],d1[L],g1[L],g[L],b[L],d1[L],g1[L],g[L],b[L],d1[L],g1[L];(#A-1.#a)[L],d1[L],f1[L],#a1[L],#a[L],d1[L],f1[L],#a1[L],#a[L],d1[L],f1[L],#a1[L],#a[L],d1[L],f1[L],#a1[L];(A-1.a)[L],#c1[L],e1[L],a1[L],a[L],#c1[L],e1[L],a1[L],a[L],#c1[L],e1[L],a1[L],a[L],#c1[L],e1[L],a1[L];(D-1.d)[L],(#f.a)[L],(d1.a1)[L],(#f.a)[L],(d1.g1)[L],(#f.a)[L],(d1.#f1)[L],(#f.a)[L],(d1.e1)[L],(#f.a)[L],(d1.#f1)[L],(#f.a)[L],(d1.g1)[L],(#f.a)[L],(d1.a1)[L],(#f.a)[L];(D-1.d)[L],d[L],(#f.a.d1)[L],d[L],(#f.a.d1)[L],d[L],(#f.a.d1)[L],d[L],(#f.a.d1)[L],d[L],(#f.a.d1)[L],d[L],(#f.a.d1)[L],d[L],(#f.a.d1)[L],d[L];(G-1.g)[L],g[L],(b.d1.g1)[L],g[L],(b.d1.g1)[L],g[L],(b.d1.g1)[L],g[L],(b.d1.g1)[L],g[L],(b.d1.g1)[L],g[L],(b.d1.g1)[L],g[L],(b.d1.g1)[L],g[L];(G-1.g)[L],g[L],(b.d1.g1)[L],g[L],(b.d1.g1)[L],g[L],(b.d1.g1)[L],g[L],(b.d1.g1)[L],g[L],(b.d1.g1)[L],g[L],(b.d1.g1)[L],g[L],(b.d1.g1)[L],g[L];(D-1.d)[L],(#f.a)[L],(d1.a1)[L],(#f.a)[L],(d1.g1)[L],(#f.a)[L],(d1.#f1)[L],(#f.a)[L],(d1.e1)[L],(#f.a)[L],(d1.#f1)[L],(#f.a)[L],(d1.g1)[L],(#f.a)[L],(d1.a1)[L],(#f.a)[L];(D-1.d)[L],d[L],(#f.a.d1)[L],d[L],(#f.a.d1)[L],d[L],(#f.a.d1)[L],d[L],(#f.a.d1)[L],d[L],(#f.a.d1)[L],d[L],(#f.a.d1)[L],d[L],(#f.a.d1)[L],d[L];(G-1.g)[L],g[L],(b.d1.g1)[L],g[L],(b.d1.g1)[L],g[L],(b.d1.g1)[L],g[L],(b.d1.g1)[L],g[L],(b.d1.g1)[L],g[L],(b.d1.g1)[L],g[L],(b.d1.g1)[L],g[L];(#A-3.#A-2)[L],(#a.f1)[L],(d1.g1)[L],(f1.#a1)[L],(g1.d2)[L],(#a1.f2)[L],(d2.g2)[L],(f2.#a2)[L],(g2.d3)[L],(#a2.f3)[L],(d3.g3)[L],(f3.#a3)[L],(g3.d4)[L],(#a3.f4)[L],(d4.g4)[L],(f4.#a4)[L];(#A-2.#A-1)[K],(d.f.#a.d1.#a1.d2.f2.#a2)[K],(d.f.#a.d1.#a1.d2.f2.#a2)[K],(#A-2.#A-1)[K],(C-1.c)[J],(C-2.C-1)[J];5<d1[M],#f1[M]>,5<a1[M],#f1[M]>,5<d2[M],a1[M]>,5<#f1[M],d1[M]>,5<d1[M],#f1[M]>,5<a1[M],#f1[M]>,5<d2[M],a1[M]>,5<#f1[M],d1[M]>,5<d1[M],#f1[M]>,5<a1[M],#f1[M]>,5<d2[M],a1[M]>,5<#f1[M],d1[M]>,5<d1[M],#f1[M]>,5<a1[M],#f1[M]>,5<d2[M],a1[M]>,5<#f1[M],d1[M]>;5<c1[M],e1[M]>,5<g1[M],e1[M]>,5<c2[M],g1[M]>,5<e1[M],c1[M]>,5<c1[M],e1[M]>,5<g1[M],e1[M]>,5<c2[M],g1[M]>,5<e1[M],c1[M]>,5<c1[M],e1[M]>,5<g1[M],e1[M]>,5<c2[M],g1[M]>,5<e1[M],c1[M]>,5<c1[M],e1[M]>,5<g1[M],e1[M]>,5<c2[M],g1[M]>,5<e1[M],c1[M]>;5<g[M],b[M]>,5<d1[M],b[M]>,5<g1[M],d1[M]>,5<b[M],g[M]>,5<g[M],b[M]>,5<d1[M],b[M]>,5<g1[M],d1[M]>,5<b[M],g[M]>,5<g[M],b[M]>,5<d1[M],b[M]>,5<g1[M],d1[M]>,5<b[M],g[M]>,5<g[M],b[M]>,5<d1[M],b[M]>,5<g1[M],d1[M]>,5<b[M],g[M]>;5<g[M],b[M]>,5<d1[M],b[M]>,5<g1[M],d1[M]>,5<b[M],g[M]>,5<g[M],b[M]>,5<d1[M],b[M]>,5<g1[M],d1[M]>,5<b[M],g[M]>,5<c1[M],e1[M]>,5<g1[M],e1[M]>,5<c2[M],g1[M]>,5<e1[M],c1[M]>,5<c1[M],e1[M]>,5<g1[M],e1[M]>,5<c2[M],g1[M]>,5<e1[M],c1[M]>;5<d1[M],#f1[M]>,5<a1[M],#f1[M]>,5<d2[M],a1[M]>,5<#f1[M],d1[M]>,5<d1[M],#f1[M]>,5<a1[M],#f1[M]>,5<d2[M],a1[M]>,5<#f1[M],d1[M]>,5<d1[M],#f1[M]>,5<a1[M],#f1[M]>,5<d2[M],a1[M]>,5<#f1[M],d1[M]>,5<d1[M],#f1[M]>,5<a1[M],#f1[M]>,5<d2[M],a1[M]>,5<#f1[M],d1[M]>;5<c1[M],e1[M]>,5<g1[M],e1[M]>,5<c2[M],g1[M]>,5<e1[M],c1[M]>,5<c1[M],e1[M]>,5<g1[M],e1[M]>,5<c2[M],g1[M]>,5<e1[M],c1[M]>,5<c1[M],e1[M]>,5<g1[M],e1[M]>,5<c2[M],g1[M]>,5<e1[M],c1[M]>,5<c1[M],e1[M]>,5<g1[M],e1[M]>,5<c2[M],g1[M]>,5<e1[M],c1[M]>;5<g[M],b[M]>,5<d1[M],b[M]>,5<g1[M],d1[M]>,5<b[M],g[M]>,5<g[M],b[M]>,5<d1[M],b[M]>,5<g1[M],d1[M]>,5<b[M],g[M]>,5<g[M],b[M]>,5<d1[M],b[M]>,5<g1[M],d1[M]>,5<b[M],g[M]>,5<g[M],b[M]>,5<d1[M],b[M]>,5<g1[M],d1[M]>,5<b[M],g[M]>;5<g[M],b[M]>,5<d1[M],b[M]>,5<g1[M],d1[M]>,5<b[M],g[M]>,5<g[M],b[M]>,5<d1[M],b[M]>,5<g1[M],d1[M]>,5<b[M],g[M]>,5<c1[M],e1[M]>,5<g1[M],e1[M]>,5<c2[M],g1[M]>,5<e1[M],c1[M]>,5<c1[M],e1[M]>,5<g1[M],e1[M]>,5<c2[M],g1[M]>,5<e1[M],c1[M]>;5<(d1.a1)[M],#f1[M]>,5<(d1.a1)[M],#f1[M]>,5<(d1.a1)[M],#f1[M]>,5<(d1.a1)[M],#f1[M]>,5<(d1.a1)[M],#f1[M]>,5<(d1.a1)[M],#f1[M]>,5<(d1.a1)[M],#f1[M]>,5<(d1.a1)[M],#f1[M]>,5<(d1.a1)[M],#f1[M]>,5<(d1.a1)[M],#f1[M]>,5<(d1.a1)[M],#f1[M]>,5<(d1.a1)[M],#f1[M]>,5<(d1.a1)[M],#f1[M]>,5<(d1.a1)[M],#f1[M]>,5<(d1.a1)[M],#f1[M]>,5<(d1.a1)[M],#f1[M]>;5<(c1.g1)[M],e1[M]>,5<(c1.g1)[M],e1[M]>,5<(c1.g1)[M],e1[M]>,5<(c1.g1)[M],e1[M]>,5<(c1.g1)[M],e1[M]>,5<(c1.g1)[M],e1[M]>,5<(c1.g1)[M],e1[M]>,5<(c1.g1)[M],e1[M]>,5<(c1.g1)[M],e1[M]>,5<(c1.g1)[M],e1[M]>,5<(c1.g1)[M],e1[M]>,5<(c1.g1)[M],e1[M]>,5<(c1.g1)[M],e1[M]>,5<(c1.g1)[M],e1[M]>,5<(c1.g1)[M],e1[M]>,5<(c1.g1)[M],e1[M]>;5<(d1.a1)[M],#f1[M]>,5<(d1.a1)[M],#f1[M]>,5<(d1.a1)[M],#f1[M]>,5<(d1.a1)[M],#f1[M]>,5<(d1.a1)[M],#f1[M]>,5<(d1.a1)[M],#f1[M]>,5<(d1.a1)[M],#f1[M]>,5<(d1.a1)[M],#f1[M]>,5<(d1.a1)[M],#f1[M]>,5<(d1.a1)[M],#f1[M]>,5<(d1.a1)[M],#f1[M]>,5<(d1.a1)[M],#f1[M]>,5<(d1.a1)[M],#f1[M]>,5<(d1.a1)[M],#f1[M]>,5<(d1.a1)[M],#f1[M]>,5<(d1.a1)[M],#f1[M]>;5<(c1.g1)[M],e1[M]>,5<(c1.g1)[M],e1[M]>,5<(c1.g1)[M],e1[M]>,5<(c1.g1)[M],e1[M]>,5<(c1.g1)[M],e1[M]>,5<(c1.g1)[M],e1[M]>,5<(c1.g1)[M],e1[M]>,5<(c1.g1)[M],e1[M]>,5<(c1.g1)[M],e1[M]>,5<(c1.g1)[M],e1[M]>,5<(c1.g1)[M],e1[M]>,5<(c1.g1)[M],e1[M]>,5<(c1.g1)[M],e1[M]>,5<(c1.g1)[M],e1[M]>,5<(c1.g1)[M],e1[M]>,5<(c1.g1)[M],e1[M]>;5<d1[M],#f1[M]>,5<a1[M],#f1[M]>,5<d2[M],a1[M]>,5<#f1[M],d1[M]>,5<d1[M],#f1[M]>,5<a1[M],#f1[M]>,5<d2[M],a1[M]>,5<#f1[M],d1[M]>,5<d1[M],#f1[M]>,5<a1[M],#f1[M]>,5<d2[M],a1[M]>,5<#f1[M],d1[M]>,5<d1[M],#f1[M]>,5<a1[M],#f1[M]>,5<d2[M],a1[M]>,5<#f1[M],d1[M]>;5<c1[M],e1[M]>,5<g1[M],e1[M]>,5<c2[M],g1[M]>,5<e1[M],c1[M]>,5<c1[M],e1[M]>,5<g1[M],e1[M]>,5<c2[M],g1[M]>,5<e1[M],c1[M]>,5<c1[M],e1[M]>,5<g1[M],e1[M]>,5<c2[M],g1[M]>,5<e1[M],c1[M]>,5<c1[M],e1[M]>,5<g1[M],e1[M]>,5<c2[M],g1[M]>,5<e1[M],c1[M]>;5<g[M],b[M]>,5<d1[M],b[M]>,5<g1[M],d1[M]>,5<b[M],g[M]>,5<g[M],b[M]>,5<d1[M],b[M]>,5<g1[M],d1[M]>,5<b[M],g[M]>,5<g[M],b[M]>,5<d1[M],b[M]>,5<g1[M],d1[M]>,5<b[M],g[M]>,5<g[M],b[M]>,5<d1[M],b[M]>,5<g1[M],d1[M]>,5<b[M],g[M]>;5<g[M],b[M]>,5<d1[M],b[M]>,5<g1[M],d1[M]>,5<b[M],g[M]>,5<g[M],b[M]>,5<d1[M],b[M]>,5<g1[M],d1[M]>,5<b[M],g[M]>,5<c1[M],e1[M]>,5<g1[M],e1[M]>,5<c2[M],g1[M]>,5<e1[M],c1[M]>,5<c1[M],e1[M]>,5<g1[M],e1[M]>,5<c2[M],g1[M]>,5<e1[M],c1[M]>;","T,T,(d2.#f2)[K],g2[K],(d2.#f2)[J],e2[K],d2[K];(b1.d2)[K],b1[L],(b1.d2)[K],b1[L],d2[K],(b1.#f2)[J],b1[K],b1[K];T,T,(#a1.f2)[K],(#a1.f2)[K],(#a1.e2)[J],(#a1.d2)[K],(#a1.d2)[K];S,(a1.#f2)[K],g2[K],(a1.#f2)[J],e2[K],d2[K];T,T,(d2.#f2)[K],g2[K],(d2.#f2)[J],e2[K],d2[K];(b1.d2)[K],b1[L],(b1.d2)[KL],e2[K],(b1.#f2)[J],b1[K],b1[K];(#a1.f2)[KL],(#a1.e2)[K],(#a1.d2)[L],(#a1.d2)[K],(#a1.f2)[KL],(#a1.e2)[KL],(#a1.d2)[K];(#a1.f2)[KL],(#a1.e2)[KL],(#a1.d2)[K],d2[K],e2[K],a2[K],#f2[K];T,(a3.a2)[K],(g3.g2)[K],(#f3.#f2)[K],(e3.e2)[K],(#f3.#f2)[K],(g3.g2)[K],(a3.a2)[K];S,d2[K],d2[K],d2[K],e2[K],#f2[K],a2[K];S,d2[K],d2[K],d2[K],e2[K],#f2[K],a2[K];T,T,T,(d2.#f2)[K],T,(a1.e2)[JK];T,(a3.a2)[K],(g3.g2)[K],(#f3.#f2)[K],(e3.e2)[K],(#f3.#f2)[K],(g3.g2)[K],(a3.a2)[K];S,d2[K],d2[K],d2[K],e2[K],#f2[K],a2[K];(d1.#f1)[I],(c1.e1)[I];(#a.d1)[II];R,d2[K],d2[L],d2[K],d2[L],d2[K];(D-2.D-1)[K],(D-2.D-1)[K],(d.#f.a.d2.#f2.a2.d3)[K],(D-2.D-1)[K],(D-2.D-1.d2.#f2.a2.b2)[K],(D-2.D-1)[K],(d.#f.a)[K],(D-2.D-1.d2.#f2.a2.d3)[K];(C-2.C-1)[K],(C-2.C-1.c2.e2.a2.b2)[K],(c.e.g)[K],(C-2.C-1.c2.e2.b2)[K],(C-2.C-1)[K],(C-2.C-1)[K],(c.e.g)[K],(C-2.C-1.c2.e2.b2)[K];(G-2.G-1)[K],(G-2.G-1.g1.d2.b2)[K],(g.b.d1.g1.d2.a2)[K],(G-2.G-1.g1.d2.a2)[K],(G-2.G-1.g1.d2.#f2)[K],(G-2.G-1)[K],(g.b.d1.e2)[K],(G-2.G-1.g1.d2.a2)[K];(G-2.G-1)[K],(G-2.G-1.g1.d2.a2)[K],(g.b.d1.g1.d2.#f2)[K],(G-2.G-1.g1.d2.#f2)[K],(C-1.c.c2.e2)[K],(C-1.c~c2.b2)[K],(c.e.g)[K],(C-2.C-1.c2.e2.g2.a2)[K];(D-2.D-1)[K],(D-2.D-1)[K],(d.#f.a.d2.#f2.a2.d3)[K],(D-2.D-1)[K],(D-2.D-1.d2.#f2.a2.b2)[K],(D-2.D-1)[K],(d.#f.a)[K],(D-2.D-1.d2.#f2.a2.d3)[K];(C-2.C-1)[K],(C-2.C-1.c2.e2.a2.b2)[K],(c.e.g)[K],(C-2.C-1.c2.e2.b2)[K],(C-2.C-1)[K],(C-2.C-1)[K],(c.e.g)[K],(C-2.C-1.c2.e2.b2)[K];(G-2.G-1)[K],(G-2.G-1.g1.d2.b2)[K],(g.b.d1.g1.d2.a2)[K],(G-2.G-1.g1.d2.a2)[K],(G-2.G-1.g1.d2.#f2)[K],(G-2.G-1)[K],(g.b.d1.e2)[K],(G-2.G-1.g1.d2.a2)[K];(G-2.G-1)[K],(G-2.G-1.g1.d2.a2)[K],(g.b.d1.g1.d2.#f2)[K],(G-2.G-1.g1.d2.#f2)[K],(C-1.c.c2.e2)[K],(C-1.c~c2.a2)[K],(c.e.g)[K],(C-2.C-1.c2.e2.#f2)[K];(D-1.d)[K],(D-1.d)[K],(D-1.d)[K],(D-1.d.d1.a1.d2~d1.a1.d2)[K],(D-1.d.d1.a1.#f2)[K],(D-1.d.d1.a1.d2.a2)[K],(D-1.d)[K],(D-1.d.d1.a1.d2~d1.a1.d2)[K];(C-1.c.c2.e2.#f2)[K],(C-1.c.c2.e2.a2)[K],(C-1.c)[K],(C-1.c.c1.g1.d2~c1.g1.a1)[K],(C-1.c.c1.g1.d2)[K],(C-1.c~c1.g1.d2)[K],(C-1.c)[K],(C-1.c.c1.g1.d2)[K];(D-1.d)[K],(D-1.d)[K],(D-1.d)[K],(D-1.d.d1.a1.d2~d1.a1.d2)[K],(D-1.d.d1.a1.#f2)[K],(D-1.d.d1.a1.d2.a2)[K],(D-1.d)[K],(D-1.d.d1.a1.d2~d1.a1.d2)[K];(C-1.c.c2.e2.#f2)[K],(C-1.c.c2.e2.a2)[K],(C-1.c)[K],(C-1.c.c1.g1.d2~c1.g1.d2)[K],(C-1.c.c1.g1.d2.#f2)[K],(C-1.c~c1.g1.d2.a2)[K],(C-1.c)[K],(C-1.c.c1.g1.d2.g2.d3)[K];(D-2.D-1)[K],(D-2.D-1)[K],(d.#f.a.d2.#f2.a2.d3)[K],(D-2.D-1)[K],(D-2.D-1.d2.#f2.a2.b2)[K],(D-2.D-1)[K],(d.#f.a)[K],(D-2.D-1.d2.#f2.a2.d3)[K];(C-2.C-1)[K],(C-2.C-1.c2.e2.a2.b2)[K],(c.e.g)[K],(C-2.C-1.c2.e2.b2)[K],(C-2.C-1)[K],(C-2.C-1)[K],(c.e.g)[K],(C-2.C-1.c2.e2.b2)[K];(G-2.G-1)[K],(G-2.G-1.g1.d2.b2)[K],(g.b.d1.g1.d2.a2)[K],(G-2.G-1.g1.d2.a2)[K],(G-2.G-1.g1.d2.#f2)[K],(G-2.G-1~e2)[K],(g.b.d1)[K],(G-2.G-1.g1.d2.#f2)[K];(G-2.G-1)[K],(G-2.G-1)[K],(g.b.d1~b1)[K],(G-2.G-1.d2~b1)[K],(C-1.c.c2.d2)[K],(C-1.c~d2)[K],(c.e.g)[K],(C-2.C-1.c1.g1.c2.d2)[K];"]},{"id":3,"baseBeats":0.5,"scores":["5<d2[M],#f2[M]>,5<g2[M],a2[M]>,5<d3[M],a2[M]>,5<g2[M],#f2[M]>,5<d2[M],#f2[M]>,5<g2[M],a2[M]>,5<d3[M],a2[M]>,5<g2[M],#f2[M]>,5<d2[M],#f2[M]>,5<g2[M],a2[M]>,5<d3[M],#f3[M]>,5<g3[M],a3[M]>,5<d4[M],a3[M]>,5<g3[M],#f3[M]>,5<d3[M],a2[M]>,5<g2[M],#f2[M]>;5<c2[M],e2[M]>,5<g2[M],a2[M]>,5<c3[M],a2[M]>,5<g2[M],e2[M]>,5<c2[M],e2[M]>,5<g2[M],a2[M]>,5<c3[M],a2[M]>,5<g2[M],e2[M]>,5<c2[M],e2[M]>,5<g2[M],a2[M]>,5<c3[M],e3[M]>,5<g3[M],a3[M]>,5<c4[M],a3[M]>,5<g3[M],e3[M]>,5<c3[M],a2[M]>,5<g2[M],e2[M]>;5<g1[M],b1[M]>,5<c2[M],d2[M]>,5<g2[M],d2[M]>,5<c2[M],b1[M]>,5<g1[M],b1[M]>,5<c2[M],d2[M]>,5<g2[M],d2[M]>,5<c2[M],b1[M]>,5<g1[M],b1[M]>,5<c2[M],d2[M]>,5<g2[M],b2[M]>,5<c3[M],d3[M]>,5<g3[M],d3[M]>,5<c3[M],b2[M]>,5<g2[M],d2[M]>,5<c2[M],b1[M]>;5<#a1[N],d2[M],f2[N]>,5<#a2[M],d3[M]>,5<f3[M],#a3[M]>,5<d4[M],f4[M]>,5<#a4[M],f4[M]>,5<d4[M],#a3[M]>,5<f3[M],d3[M]>,5<#a2[N],f2[M],d2[N]>,5<c2[N],e2[M],g2[N]>,5<c3[M],e3[M]>,5<g3[M],c4[M]>,5<e4[M],g4[M]>,5<c5[M],g4[M]>,5<e4[M],c4[M]>,5<g3[M],e3[M]>,5<c3[N],g2[M],e2[N]>;5<d2[M],#f2[M]>,5<g2[M],a2[M]>,5<d3[M],a2[M]>,5<g2[M],#f2[M]>,5<d2[M],#f2[M]>,5<g2[M],a2[M]>,5<d3[M],a2[M]>,5<g2[M],#f2[M]>,5<d2[M],#f2[M]>,5<g2[M],a2[M]>,5<d3[M],#f3[M]>,5<g3[M],a3[M]>,5<d4[M],a3[M]>,5<g3[M],#f3[M]>,5<d3[M],a2[M]>,5<g2[M],#f2[M]>;5<c2[M],e2[M]>,5<g2[M],a2[M]>,5<c3[M],a2[M]>,5<g2[M],e2[M]>,5<c2[M],e2[M]>,5<g2[M],a2[M]>,5<c3[M],a2[M]>,5<g2[M],e2[M]>,5<c2[M],e2[M]>,5<g2[M],a2[M]>,5<c3[M],e3[M]>,5<g3[M],a3[M]>,5<c4[M],a3[M]>,5<g3[M],e3[M]>,5<c3[M],a2[M]>,5<g2[M],e2[M]>;5<g1[M],b1[M]>,5<c2[M],d2[M]>,5<g2[M],d2[M]>,5<c2[M],b1[M]>,5<g1[M],b1[M]>,5<c2[M],d2[M]>,5<g2[M],d2[M]>,5<c2[M],b1[M]>,5<g1[M],b1[M]>,5<c2[M],d2[M]>,5<g2[M],b2[M]>,5<c3[M],d3[M]>,5<g3[M],d3[M]>,5<c3[M],b2[M]>,5<g2[M],d2[M]>,5<c2[M],b1[M]>;5<#a1[N],d2[M],f2[N]>,5<#a2[M],d3[M]>,5<f3[M],#a3[M]>,5<d4[M],f4[M]>,5<#a4[M],f4[M]>,5<d4[M],#a3[M]>,5<f3[M],d3[M]>,5<#a2[N],f2[M],d2[N]>,5<c2[N],e2[M],g2[N]>,5<c3[M],e3[M]>,5<g3[M],c4[M]>,5<e4[M],g4[M]>,5<c5[M],g4[M]>,5<e4[M],c4[M]>,5<g3[M],e3[M]>,5<c3[N],g2[M],e2[N]>;5<(#f2.a2)[M],d2[M]>,5<(#f2.a2)[M],d2[M]>,5<(#f2.a2)[M],d2[M]>,5<(#f2.a2)[M],d2[M]>,5<(#f2.a2)[M],d2[M]>,5<(#f2.a2)[M],d2[M]>,5<(#f2.a2)[M],d2[M]>,5<(#f2.a2)[M],d2[M]>,5<(#f2.a2)[M],d2[M]>,5<(#f2.a2)[M],d2[M]>,5<(#f2.a2)[M],d2[M]>,5<(#f2.a2)[M],d2[M]>,5<(#f2.a2)[M],d2[M]>,5<(#f2.a2)[M],d2[M]>,5<(#f2.a2)[M],d2[M]>,5<(#f2.a2)[M],d2[M]>;5<(e2.g2)[M],c2[M]>,5<(e2.g2)[M],c2[M]>,5<(e2.g2)[M],c2[M]>,5<(e2.g2)[M],c2[M]>,5<(e2.g2)[M],c2[M]>,5<(e2.g2)[M],c2[M]>,5<(e2.g2)[M],c2[M]>,5<(e2.g2)[M],c2[M]>,5<(e2.g2)[M],c2[M]>,5<(e2.g2)[M],c2[M]>,5<(e2.g2)[M],c2[M]>,5<(e2.g2)[M],c2[M]>,5<(e2.g2)[M],c2[M]>,5<(e2.g2)[M],c2[M]>,5<(e2.g2)[M],c2[M]>,5<(e2.g2)[M],c2[M]>;5<(d2.g2)[M],b1[M]>,5<(d2.g2)[M],b1[M]>,5<(d2.g2)[M],b1[M]>,5<(d2.g2)[M],b1[M]>,5<(d2.g2)[M],b1[M]>,5<(d2.g2)[M],b1[M]>,5<(d2.g2)[M],b1[M]>,5<(d2.g2)[M],b1[M]>,5<(d2.g2)[M],b1[M]>,5<(d2.g2)[M],b1[M]>,5<(d2.g2)[M],b1[M]>,5<(d2.g2)[M],b1[M]>,5<(d2.g2)[M],b1[M]>,5<(d2.g2)[M],b1[M]>,5<(d2.g2)[M],b1[M]>,5<(d2.g2)[M],b1[M]>;5<(#c2.e2)[M],a1[M]>,5<(#c2.e2)[M],a1[M]>,5<(#c2.e2)[M],a1[M]>,5<(#c2.e2)[M],a1[M]>,5<(#c2.e2)[M],a1[M]>,5<(#c2.e2)[M],a1[M]>,5<(#c2.e2)[M],a1[M]>,5<(#c2.e2)[M],a1[M]>,5<(#c2.e2)[M],a1[M]>,5<(#c2.e2)[M],a1[M]>,5<(#c2.e2)[M],a1[M]>,5<(#c2.e2)[M],a1[M]>,5<(#c2.e2)[M],a1[M]>,5<(#c2.e2)[M],a1[M]>,5<(#c2.e2)[M],a1[M]>,5<(#c2.e2)[M],a1[M]>;5<(#f2.a2)[M],d2[M]>,5<(#f2.a2)[M],d2[M]>,5<(#f2.a2)[M],d2[M]>,5<(#f2.a2)[M],d2[M]>,5<(#f2.a2)[M],d2[M]>,5<(#f2.a2)[M],d2[M]>,5<(#f2.a2)[M],d2[M]>,5<(#f2.a2)[M],d2[M]>,5<(#f2.a2)[M],d2[M]>,5<(#f2.a2)[M],d2[M]>,5<(#f2.a2)[M],d2[M]>,5<(#f2.a2)[M],d2[M]>,5<(#f2.a2)[M],d2[M]>,5<(#f2.a2)[M],d2[M]>,5<(#f2.a2)[M],d2[M]>,5<(#f2.a2)[M],d2[M]>;5<(e2.g2)[M],c2[M]>,5<(e2.g2)[M],c2[M]>,5<(e2.g2)[M],c2[M]>,5<(e2.g2)[M],c2[M]>,5<(e2.g2)[M],c2[M]>,5<(e2.g2)[M],c2[M]>,5<(e2.g2)[M],c2[M]>,5<(e2.g2)[M],c2[M]>,5<(e2.g2)[M],c2[M]>,5<(e2.g2)[M],c2[M]>,5<(e2.g2)[M],c2[M]>,5<(e2.g2)[M],c2[M]>,5<(e2.g2)[M],c2[M]>,5<(e2.g2)[M],c2[M]>,5<(e2.g2)[M],c2[M]>,5<(e2.g2)[M],c2[M]>;5<(d2.g2)[M],b1[M]>,5<(d2.g2)[M],b1[M]>,5<(d2.g2)[M],b1[M]>,5<(d2.g2)[M],b1[M]>,5<(d2.g2)[M],b1[M]>,5<(d2.g2)[M],b1[M]>,5<(d2.g2)[M],b1[M]>,5<(d2.g2)[M],b1[M]>,5<(d2.g2)[M],b1[M]>,5<(d2.g2)[M],b1[M]>,5<(d2.g2)[M],b1[M]>,5<(d2.g2)[M],b1[M]>,5<(d2.g2)[M],b1[M]>,5<(d2.g2)[M],b1[M]>,5<(d2.g2)[M],b1[M]>,5<(d2.g2)[M],b1[M]>;5<(#c2.e2)[M],a1[M]>,5<(#c2.e2)[M],a1[M]>,5<(#c2.e2)[M],a1[M]>,5<(#c2.e2)[M],a1[M]>,5<(#c2.e2)[M],a1[M]>,5<(#c2.e2)[M],a1[M]>,5<(#c2.e2)[M],a1[M]>,5<(#c2.e2)[M],a1[M]>,5<(#c2.e2)[M],a1[M]>,5<(#c2.e2)[M],a1[M]>,5<(#c2.e2)[M],a1[M]>,5<(#c2.e2)[M],a1[M]>,5<(#c2.e2)[M],a1[M]>,5<(#c2.e2)[M],a1[M]>,5<(#c2.e2)[M],a1[M]>,5<(#c2.e2)[M],a1[M]>;(a1.#c2.e2)[L],(a1.#c2.e2)[K],(a1.#c2.e2)[L],(a1.#c2.e2)[K],(d1.d2)[K],(d1.d2)[K],(d1.d2)[L],(d1.d2)[K],(d1.d2)[L],(d1.d2)[K];5<d1[M],#f1[M]>,5<a1[M],#f1[M]>,5<d2[M],a1[M]>,5<#f1[M],d1[M]>,5<d1[M],#f1[M]>,5<a1[M],#f1[M]>,5<d2[M],a1[M]>,5<#f1[M],d1[M]>,5<d1[M],#f1[M]>,5<a1[M],#f1[M]>,5<d2[M],a1[M]>,5<#f1[M],d1[M]>,5<d1[M],#f1[M]>,5<a1[M],#f1[M]>,5<d2[M],a1[M]>,5<#f1[M],d1[M]>;5<c1[M],e1[M]>,5<g1[M],e1[M]>,5<c2[M],g1[M]>,5<e1[M],c1[M]>,5<c1[M],e1[M]>,5<g1[M],e1[M]>,5<c2[M],g1[M]>,5<e1[M],c1[M]>,5<c1[M],e1[M]>,5<g1[M],e1[M]>,5<c2[M],g1[M]>,5<e1[M],c1[M]>,5<c1[M],e1[M]>,5<g1[M],e1[M]>,5<c2[M],g1[M]>,5<e1[M],c1[M]>;5<g[M],b[M]>,5<d1[M],b[M]>,5<g1[M],d1[M]>,5<b[M],g[M]>,5<g[M],b[M]>,5<d1[M],b[M]>,5<g1[M],d1[M]>,5<b[M],g[M]>,5<g[M],b[M]>,5<d1[M],b[M]>,5<g1[M],d1[M]>,5<b[M],g[M]>,5<g[M],b[M]>,5<d1[M],b[M]>,5<g1[M],d1[M]>,5<b[M],g[M]>;5<g[M],b[M]>,5<d1[M],b[M]>,5<g1[M],d1[M]>,5<b[M],g[M]>,5<g[M],b[M]>,5<d1[M],b[M]>,5<g1[M],d1[M]>,5<b[M],g[M]>,5<c1[M],e1[M]>,5<g1[M],e1[M]>,5<c2[M],g1[M]>,5<e1[M],c1[M]>,5<c1[M],e1[M]>,5<g1[M],e1[M]>,5<c2[M],g1[M]>,5<e1[M],c1[M]>;5<d1[M],#f1[M]>,5<a1[M],#f1[M]>,5<d2[M],a1[M]>,5<#f1[M],d1[M]>,5<d1[M],#f1[M]>,5<a1[M],#f1[M]>,5<d2[M],a1[M]>,5<#f1[M],d1[M]>,5<d1[M],#f1[M]>,5<a1[M],#f1[M]>,5<d2[M],a1[M]>,5<#f1[M],d1[M]>,5<d1[M],#f1[M]>,5<a1[M],#f1[M]>,5<d2[M],a1[M]>,5<#f1[M],d1[M]>;5<c1[M],e1[M]>,5<g1[M],e1[M]>,5<c2[M],g1[M]>,5<e1[M],c1[M]>,5<c1[M],e1[M]>,5<g1[M],e1[M]>,5<c2[M],g1[M]>,5<e1[M],c1[M]>,5<c1[M],e1[M]>,5<g1[M],e1[M]>,5<c2[M],g1[M]>,5<e1[M],c1[M]>,5<c1[M],e1[M]>,5<g1[M],e1[M]>,5<c2[M],g1[M]>,5<e1[M],c1[M]>;5<g[M],b[M]>,5<d1[M],b[M]>,5<g1[M],d1[M]>,5<b[M],g[M]>,5<g[M],b[M]>,5<d1[M],b[M]>,5<g1[M],d1[M]>,5<b[M],g[M]>,5<g[M],b[M]>,5<d1[M],b[M]>,5<g1[M],d1[M]>,5<b[M],g[M]>,5<g[M],b[M]>,5<d1[M],b[M]>,5<g1[M],d1[M]>,5<b[M],g[M]>;5<g[M],b[M]>,5<d1[M],b[M]>,5<g1[M],d1[M]>,5<b[M],g[M]>,5<g[M],b[M]>,5<d1[M],b[M]>,5<g1[M],d1[M]>,5<b[M],g[M]>,5<c1[M],e1[M]>,5<g1[M],e1[M]>,5<c2[M],g1[M]>,5<e1[M],c1[M]>,5<c1[M],e1[M]>,5<g1[M],e1[M]>,5<c2[M],g1[M]>,5<e1[M],c1[M]>;5<(d1.a1)[M],#f1[M]>,5<(d1.a1)[M],#f1[M]>,5<(d1.a1)[M],#f1[M]>,5<(d1.a1)[M],#f1[M]>,5<(d1.a1)[M],#f1[M]>,5<(d1.a1)[M],#f1[M]>,5<(d1.a1)[M],#f1[M]>,5<(d1.a1)[M],#f1[M]>,5<(d1.a1)[M],#f1[M]>,5<(d1.a1)[M],#f1[M]>,5<(d1.a1)[M],#f1[M]>,5<(d1.a1)[M],#f1[M]>,5<(d1.a1)[M],#f1[M]>,5<(d1.a1)[M],#f1[M]>,5<(d1.a1)[M],#f1[M]>,5<(d1.a1)[M],#f1[M]>;5<(c1.g1)[M],e1[M]>,5<(c1.g1)[M],e1[M]>,5<(c1.g1)[M],e1[M]>,5<(c1.g1)[M],e1[M]>,5<(c1.g1)[M],e1[M]>,5<(c1.g1)[M],e1[M]>,5<(c1.g1)[M],e1[M]>,5<(c1.g1)[M],e1[M]>,5<(c1.g1)[M],e1[M]>,5<(c1.g1)[M],e1[M]>,5<(c1.g1)[M],e1[M]>,5<(c1.g1)[M],e1[M]>,5<(c1.g1)[M],e1[M]>,5<(c1.g1)[M],e1[M]>,5<(c1.g1)[M],e1[M]>,5<(c1.g1)[M],e1[M]>;5<(d1.a1)[M],#f1[M]>,5<(d1.a1)[M],#f1[M]>,5<(d1.a1)[M],#f1[M]>,5<(d1.a1)[M],#f1[M]>,5<(d1.a1)[M],#f1[M]>,5<(d1.a1)[M],#f1[M]>,5<(d1.a1)[M],#f1[M]>,5<(d1.a1)[M],#f1[M]>,5<(d1.a1)[M],#f1[M]>,5<(d1.a1)[M],#f1[M]>,5<(d1.a1)[M],#f1[M]>,5<(d1.a1)[M],#f1[M]>,5<(d1.a1)[M],#f1[M]>,5<(d1.a1)[M],#f1[M]>,5<(d1.a1)[M],#f1[M]>,5<(d1.a1)[M],#f1[M]>;5<(c1.g1)[M],e1[M]>,5<(c1.g1)[M],e1[M]>,5<(c1.g1)[M],e1[M]>,5<(c1.g1)[M],e1[M]>,5<(c1.g1)[M],e1[M]>,5<(c1.g1)[M],e1[M]>,5<(c1.g1)[M],e1[M]>,5<(c1.g1)[M],e1[M]>,5<(c1.g1)[M],e1[M]>,5<(c1.g1)[M],e1[M]>,5<(c1.g1)[M],e1[M]>,5<(c1.g1)[M],e1[M]>,5<(c1.g1)[M],e1[M]>,5<(c1.g1)[M],e1[M]>,5<(c1.g1)[M],e1[M]>,5<(c1.g1)[M],e1[M]>;5<d1[M],#f1[M]>,5<a1[M],#f1[M]>,5<d2[M],a1[M]>,5<#f1[M],d1[M]>,5<d1[M],#f1[M]>,5<a1[M],#f1[M]>,5<d2[M],a1[M]>,5<#f1[M],d1[M]>,5<d1[M],#f1[M]>,5<a1[M],#f1[M]>,5<d2[M],a1[M]>,5<#f1[M],d1[M]>,5<d1[M],#f1[M]>,5<a1[M],#f1[M]>,5<d2[M],a1[M]>,5<#f1[M],d1[M]>;5<c1[M],e1[M]>,5<g1[M],e1[M]>,5<c2[M],g1[M]>,5<e1[M],c1[M]>,5<c1[M],e1[M]>,5<g1[M],e1[M]>,5<c2[M],g1[M]>,5<e1[M],c1[M]>,5<c1[M],e1[M]>,5<g1[M],e1[M]>,5<c2[M],g1[M]>,5<e1[M],c1[M]>,5<c1[M],e1[M]>,5<g1[M],e1[M]>,5<c2[M],g1[M]>,5<e1[M],c1[M]>;5<g[M],b[M]>,5<d1[M],b[M]>,5<g1[M],d1[M]>,5<b[M],g[M]>,5<g[M],b[M]>,5<d1[M],b[M]>,5<g1[M],d1[M]>,5<b[M],g[M]>,5<g[M],b[M]>,5<d1[M],b[M]>,5<g1[M],d1[M]>,5<b[M],g[M]>,5<g[M],b[M]>,5<d1[M],b[M]>,5<g1[M],d1[M]>,5<b[M],g[M]>;5<g[M],b[M]>,5<d1[M],b[M]>,5<g1[M],d1[M]>,5<b[M],g[M]>,5<g[M],b[M]>,5<d1[M],b[M]>,5<g1[M],d1[M]>,5<b[M],g[M]>,5<c1[M],e1[M]>,5<g1[M],e1[M]>,5<c2[M],g1[M]>,5<e1[M],c1[M]>,5<c1[M],e1[M]>,5<g1[M],e1[M]>,5<c2[M],g1[M]>,5<e1[M],c1[M]>,10<(D-2.D-1)[J],(d4~e4~#f4~g4)[L]>,(#f1.d2.#f2.a3.d4.a4)[II],R;","(D-2.D-1)[K],a[K],d1[K],(d3~e3)[L],(#f3~g3)[L],a3[J],(D-1.d)[K],(D-2.D-1)[K];(C-2.C-1)[K],g[K],c1[K],(d3~d3~e3)[K],(c3.#f3)[K],d3[K],(c3.#f3)[K],d3[K];(G-2.G-1)[K],d1[K],g1[K],(d3~e3~#f3)[K],g3[J],(G-1.g)[K],(G-2.G-1)[K];(#A-3.#A-2)[K],f1[K],#a1[K],(d3~d3~e3)[K],(c3.#f3)[K],d3[K],(c3.#f3)[K],d3[K];D-1[L],d[L],D-1[L],d[L],D-1[L],d[L],D-1[L],d[L],D-1[L],d[L],D-1[L],d[L],D-1[L],d[L],D-1[L],d[L];C-1[L],c[L],C-1[L],c[L],C-1[L],c[L],C-1[L],c[L],C-1[L],c[L],C-1[L],c[L],C-1[L],c[L],C-1[L],c[L];G-1[L],g[L],G-1[L],g[L],G-1[L],g[L],G-1[L],g[L],G-1[L],g[L],G-1[L],g[L],G-1[L],g[L],G-1[L],g[L];#A-2[L],#A-1[L],#A-2[L],#A-1[L],#A-2[L],#A-1[L],#A-2[L],#A-1[L],C-1[L],c[L],C-1[L],c[L],C-1[L],c[L],(C-1.d2.d3)[L],c[L];(D-2.D-1.a2.a3)[K],d[K],(#f.a.d1)[K],(d.g2.g3~#f2.#f3)[K],(#f.a.d1)[K],d[K],(#f.a.d1)[K],d[K];(C-2.C-1)[K],c[K],(e.g.c1)[K],c[K],(e.g.c1.e2.e3)[K],(c.#f2.#f3~g2.g3)[K],(e.g.c1~a2.a3)[K],(c~#f2.#f3)[K];(G-2.G-1.#f2.#f3)[K],g[K],(b.d1.g1)[K],(g.e2.e3~d2.d3)[K],(b.d1.g1.d2.d3)[K],g[K],(b.d1.g1)[K],g[K];(A-2.A-1)[K],(a.a1.a2)[K],(#c1.e1.a1)[K],a[K],(#c1.e1.a1)[K],(a.e3.e4~#f3.#f4)[K],(#c1.e1.a1.g3.g4.d3.d4)[K],(a.#f3.#f4~g3.g4)[K];(D-2.D-1.a3.a2.a4)[K],d[K],(#f.a.d1)[K],(d.#f3.#f4~e3.e4)[K],(#f.a.d1)[K],d[K],(#f.a.d1)[K],d[K];(C-2.C-1)[K],c[K],(e.g.c1)[K],c[K],(e.g.c1.e2.e3)[K],(c.#f4.#f3)[K],(e.g.c1.e4.e3)[K],(e3.e4.c)[K];(G-2.G-1)[K],(d3.d4.g)[K],(b.d1.g1)[K],g[K],(b.d1.g1)[K],g[K],(b.d1.g1)[K],(b2.b3.g)[K];(A-2.A-1)[K],(a2.a3.a)[K],(#c1.e1.a1)[K],a[K],(#c1.e1.a1)[K],a[K],(#c1.e1.a1)[K],a[K];R,(A-2.A-1)[J],(A-3.A-2)[J];(D-2.D-1)[K],(D-2.D-1)[K],(d.#f.a.d2.#f2.a2.d3)[K],(D-2.D-1)[K],(D-2.D-1.d2.#f2.a2.b2)[K],(D-2.D-1)[K],(d.#f.a)[K],(D-2.D-1.d2.#f2.a2.d3)[K];(C-2.C-1)[K],(C-2.C-1.c2.e2.a2.b2)[K],(c.e.g)[K],(C-2.C-1.c2.e2.b2)[K],(C-2.C-1)[K],(C-2.C-1)[K],(c.e.g)[K],(C-2.C-1.c2.e2.b2)[K];(G-2.G-1)[K],(G-2.G-1.g1.d2.b2)[K],(g.b.d1.g1.d2.a2)[K],(G-2.G-1.g1.d2.a2)[K],(G-2.G-1.g1.d2.#f2)[K],(G-2.G-1)[K],(g.b.d1.e2)[K],(G-2.G-1.g1.d2.a2)[K];(G-2.G-1)[K],(G-2.G-1.g1.d2.a2)[K],(g.b.d1.g1.d2.#f2)[K],(G-2.G-1.g1.d2.#f2)[K],(C-1.c.c2.e2)[K],(C-1.c~c2.b2)[K],(c.e.g)[K],(C-2.C-1.c2.e2.g2.a2)[K];(D-2.D-1)[K],(D-2.D-1)[K],(d.#f.a.d2.#f2.a2.d3)[K],(D-2.D-1)[K],(D-2.D-1.d2.#f2.a2.b2)[K],(D-2.D-1)[K],(d.#f.a)[K],(D-2.D-1.d2.#f2.a2.d3)[K];(C-2.C-1)[K],(C-2.C-1.c2.e2.a2.b2)[K],(c.e.g)[K],(C-2.C-1.c2.e2.b2)[K],(C-2.C-1)[K],(C-2.C-1)[K],(c.e.g)[K],(C-2.C-1.c2.e2.b2)[K];(G-2.G-1)[K],(G-2.G-1.g1.d2.b2)[K],(g.b.d1.g1.d2.a2)[K],(G-2.G-1.g1.d2.a2)[K],(G-2.G-1.g1.d2.#f2)[K],(G-2.G-1)[K],(g.b.d1.e2)[K],(G-2.G-1.g1.d2.a2)[K];(G-2.G-1)[K],(G-2.G-1.g1.d2.a2)[K],(g.b.d1.g1.d2.#f2)[K],(G-2.G-1.g1.d2.#f2)[K],(C-1.c.c2.e2)[K],(C-1.c~c2.a2)[K],(c.e.g)[K],(C-2.C-1.c2.e2.#f2)[K];(D-1.d)[K],(D-1.d)[K],(D-1.d)[K],(D-1.d.d1.a1.d2~d1.a1.d2)[K],(D-1.d.d1.a1.#f2)[K],(D-1.d.d1.a1.d2.a2)[K],(D-1.d)[K],(D-1.d.d1.a1.d2~d1.a1.d2)[K];(C-1.c.c2.e2.#f2)[K],(C-1.c.c2.e2.a2)[K],(C-1.c)[K],(C-1.c.c1.g1.d2~c1.g1.a1)[K],(C-1.c.c1.g1.d2)[K],(C-1.c~c1.g1.d2)[K],(C-1.c)[K],(C-1.c.c1.g1.d2)[K];(D-1.d)[K],(D-1.d)[K],(D-1.d)[K],(D-1.d.d1.a1.d2~d1.a1.d2)[K],(D-1.d.d1.a1.#f2)[K],(D-1.d.d1.a1.d2.a2)[K],(D-1.d)[K],(D-1.d.d1.a1.d2~d1.a1.d2)[K];(C-1.c.c2.e2.#f2)[K],(C-1.c.c2.e2.a2)[K],(C-1.c)[K],(C-1.c.c1.g1.d2~c1.g1.d2)[K],(C-1.c.c1.g1.d2.#f2)[K],(C-1.c~c1.g1.d2.a2)[K],(C-1.c)[K],(C-1.c.c1.g1.d2.g2.d3)[K];(D-2.D-1)[K],(D-2.D-1)[K],(d.#f.a.d2.#f2.a2.d3)[K],(D-2.D-1)[K],(D-2.D-1.d2.#f2.a2.b2)[K],(D-2.D-1)[K],(d.#f.a)[K],(D-2.D-1.d2.#f2.a2.d3)[K];(C-2.C-1)[K],(C-2.C-1.c2.e2.a2.b2)[K],(c.e.g)[K],(C-2.C-1.c2.e2.b2)[K],(C-2.C-1)[K],(C-2.C-1)[K],(c.e.g)[K],(C-2.C-1.c2.e2.b2)[K];(G-2.G-1)[K],(G-2.G-1.g1.d2.b2)[K],(g.b.d1.g1.d2.a2)[K],(G-2.G-1.g1.d2.a2)[K],(G-2.G-1.g1.d2.#f2)[K],(G-2.G-1~e2)[K],(g.b.d1)[K],(G-2.G-1.g1.d2.#f2)[K];(G-2.G-1)[K],(G-2.G-1)[K],(g.b.d1~b1)[K],(G-2.G-1.d2~b1)[K],(C-1.c.c2.d2)[K],(C-1.c~d2)[K],(c.e.g)[K],(C-2.C-1.c1.g1.c2.d2)[K];"]}]}