{"baseBpm":100,"musics":[{"bpm":100,"baseBeats":0.25,"scores":["f1[L],#c1[M],#a[M],#F-1[L],#F-1[M],(#f.#a)[M],f1[L],#c1[M],c1[M],#G-1[L],#G-1[M],#g[L],c1[M],c1[M],#c1[M],#c[L],(#c.#c1)[M],#c1[M],#d1[L],f1[M],#c1[M],#A-1[L],#A-1[M],#a[M],f1[L],#c1[M],#a[M],#F-1[L],(#F-1.#a)[M],#f[M],f1[L],#c1[M],c1[M],#G-1[L],#G-1[M],#g[L],c1[M],c1[L],(#c.#c1)[L],(#c.#c1)[M],#c1[M],#d1[L],f1[M],#c1[M],#A-1[L],#A-1[M],#a[M],#d1[L],f1[L],(#F-1.#f1)[L],(#F-1.#f1)[M],#f[M],#f1[L],f1[M],c1[M],#G-1[L],(#G-1.c1)[M],(#g.c1)[L],c1[M],#g1[L],(#c.f1)[L],(#c.f1)[M],#c1[M],#d1[L],f1[M],#c1[M],#A-1[L],#A-1[M],(#a.#c1)[M],f1[L],#c1[M],#a[M],#F-1[L],#F-1[M],#f[M],f1[L],f1[M],#d1[M],#G-1[L],#G-1[M],(#g.c1)[M],c1[L],c1[L],(#c.#c1)[JK],f1[L],#c1[M],#a[M],#F-1[L],#c[M],#a[M],(#f.f1)[L],(#c.#c1)[M],c1[M],#G-1[L],#d[L],#g[M],c1[M],(#d.c1)[M],#c1[M],#c[L],(#g.#c1)[L],(#c1.#d1)[L],(#g.f1)[M],#c1[M],#A-1[L],f[M],#a[M],(#a.f1)[L],(f.#c1)[M],#a[M],#F-1[L],(#c.#a)[L],(#f.f1)[L],(#c.#c1)[M],c1[M],#G-1[L],#d[L],#g[M],c1[M],(#d.c1)[L],(#c.#c1)[L],(#g.#c1)[L],(#c1.#d1)[L],(#g.f1)[M],#c1[M],#A-1[L],f[L],(#a.#d1)[L],(f.f1)[L],(#F-1.#f1)[L],(#c.#f1)[L],(#f.#f1)[L],(#c.f1)[M],c1[M],#G-1[L],(#d.c1)[L],(#g.c1)[L],(#d.#g1)[L],(#c.f1)[L],(#g.f1)[L],(#c1.#d1)[L],(#g.f1)[M],#c1[M],(#A-1.#a)[L],f[L],(#a.f1)[L],(f.#c1)[M],#a[M],#F-1[L],#c[L],#f[L],(#c.#c1)[M],c1[M],#G-1[L],#d[L],#g[M],c1[M],(#d.c1)[L],#c1[JL],"],"id":1},{"bpm":100,"baseBeats":0.25,"scores":["#c1[L],f1[L],#g1[L],(#F-1.#a1)[L],#c[L],(#f.#g1)[L],#c[L],(#G-1.#d1)[L],#d[L],(#g.#d1)[L],#d[M],#c1[M],(#c.f1)[L],(#g.#g1)[L],#c1[L],#g[L],#A-1[L],f[L],(#a.f1)[L],(f.#g1)[L],(#F-1.#a1)[L],#c[L],(#f.#g1)[L],#c[L],(#G-1.#d1)[L],#d[L],(#g.#d1)[L],#d[M],#c1[M],(#c.f1)[L],(#g.#g1)[L],#c1[L],#g[L],#A-1[L],f[L],(#a.f1)[L],(f.#g1)[L],(#F-1.#a1)[L],#c[L],(#f.#g1)[L],#c[L],(#G-1.#d1)[L],#d[L],(#g.#c1)[L],(#d.#d1)[L],(#c.f1)[L],(#g.#g1)[L],(#c1.#d1)[L],(#g.f1)[L],(#A-1.#c1)[M],#a[M],f[L],#a[L],(f.#g)[L],(#F-1.#g)[L],#c[L],(#f.#c1)[L],#c[L],(#F-1.#d1)[L],#c[L],(#f.#c1)[L],(#c.#g)[L],(#G-1.#g)[L],#d[L],(#g.#c1)[L],#d[L],(#G-1.#d1)[L],#d[L],(#g.f1)[L],(#d.#c1)[M],#a[M],#F-1[L],#c[L],(#f.f2)[L],(#c.#c2)[M],c2[M],#G-1[L],#d[L],#g[L],(#d.c2)[M],#c2[M],#c[L],(#g.#c2)[L],(#c1.#d2)[L],(#g.f2)[M],#c2[M],#A-1[L],f[L],(#a.f1)[L],(f.#c1)[M],#a[M],#F-1[L],#c[L],(#f.f2)[L],(#c.#c2)[M],c2[M],#G-1[L],#d[L],#g[L],(#d.c2)[M],#c2[M],#c[L],(#g.#c2)[L],(#c1.#d2)[L],(#g.f2)[M],#c2[M],#A-1[L],f[L],(#a.#d1)[L],(f.f1)[L],(#F-1.#f1)[L],(#c.#f1)[L],(#f.#f1)[L],(#c.f1)[M],c1[M],#G-1[L],(#d.c1)[L],(#g.c1)[L],(#d.#g1)[L],(#c.f1)[L],(#g.f1)[L],(#c1.#d1)[L],(#g.f1)[M],#c1[M],#A-1[L],f[M],#a[M],(#a.f1)[L],(f.#c1)[M],#a[M],#F-1[L],#c[L],#f[L],(#c.#c2)[M],c2[M],#G-1[L],#d[L],#g[L],(#d.#c2)[L],(#c.#c2)[JK],f1[L],#c1[M],#a[M],#F-1[L],#c[L],(#f.f1)[L],(#c.#c1)[M],c1[M],#G-1[L],#d[L],#g[L],(#d.c1)[M],#c1[M],#c[L],(#g.#c1)[L],(#c1.#d1)[L],(#g.f1)[M],#c1[M],#A-1[L],f[L],(#a.f1)[L],(f.#c1)[M],#a[M],#F-1[L],#c[L],(#f.f1)[L],(#c.#c1)[M],c1[M],#G-1[L],#d[L],#g[M],c1[M],(#d.c1)[L],(#c.#c1)[L],(#g.#c1)[L],(#c1.#d1)[L],(#g.f1)[M],#c1[M],#A-1[L],f[L],(#a.#d1)[L],(f.f1)[L],(#F-1.#f1)[L],(#c.#f1)[L],(#f.#f1)[L],(#c.f1)[M],c1[M],#G-1[L],(#d.c1)[L],(#g.c1)[L],(#d.#g1)[L],(#c.f1)[L],(#g.f1)[L],(#c1.#d1)[L],(#g.f1)[M],#c1[M],#A-1[L],f[L],(#a.f1)[L],(f.#c1)[M],#a[M],#F-1[L],#c[L],#f[L],(#c.#c1)[M],c1[M],#G-1[L],#d[L],#g[L],(#d.#c1)[L],#c1[JL],#c1[L],f1[L],#g1[L],(#F-1.#a1)[L],#c[L],(#f.#g1)[L],#c[L],(#G-1.#d1)[L],#d[L],(#g.#d1)[L],#d[M],#c1[M],(#c.f1)[L],(#g.#g1)[L],#c1[L],#g[L],#A-1[L],f[L],(#a.f1)[L],(f.#g1)[L],(#F-1.#a1)[L],#c[L],(#f.#g1)[L],#c[L],(#G-1.#d1)[L],#d[L],(#g.#d1)[L],#d[M],#c1[M],(#c.f1)[L],(#g.#g1)[L],#c1[L],#g[L],#A-1[L],f[L],(#a.f1)[L],(f.#g1)[L],(#F-1.#a1)[L],#c[L],(#f.#g1)[L],#c[L],(#G-1.#d1)[L],#d[L],(#g.#c1)[L],(#d.#d1)[L],(#c.f1)[L],(#g.#g1)[L],(#c1.#d1)[L],(#g.f1)[L],(#A-1.#c1)[M],#a[M],f[L],#a[L],(f.#g)[L],(#F-1.#g)[L],#c[L],(#f.#c1)[L],#c[L],(#F-1.#d1)[L],#c[L],(#f.#c1)[L],(#c.#g)[L],(#G-1.#g)[L],#d[L],(#g.#c1)[L],#d[L],(#G-1.#d1)[L],#d[L],(#g.f1)[L],(#d.#c1)[M],#a[M],#F-1[L],#c[L],(#f.f2)[L],(#c.#c2)[M],c2[M],#G-1[L],#d[L],#g[L],(#d.c2)[M],#c2[M],#c[L],(#g.#c2)[L],(#c1.#d2)[L],(#g.f2)[M],#c2[M],#A-1[L],f[L],(#a.f1)[L],(f.#c1)[M],#a[M],#F-1[L],#c[L],(#f.f2)[L],(#c.#c2)[M],c2[M],#G-1[L],#d[L],#g[L],(#d.c2)[M],#c2[M],#c[L],(#g.#c2)[L],(#c1.#d2)[L],(#g.f2)[M],#c2[M],#A-1[L],f[L],(#a.#d1)[L],(f.f1)[L],(#F-1.#f1)[L],(#c.#f1)[L],(#f.#f1)[L],(#c.f1)[M],c1[M],#G-1[L],(#d.c1)[L],(#g.c1)[L],(#d.#g1)[L],(#c.f1)[L],(#g.f1)[L],(#c1.#d1)[L],(#g.f1)[M],#c1[M],#A-1[L],f[M],#a[M],(#a.f1)[L],(f.#c1)[M],#a[M],#F-1[L],#c[L],#f[L],(#c.#c2)[M],c2[M],#G-1[L],#d[L],#g[L],(#d.#c2)[L],(#c.#c2)[JK],"],"id":2},{"bpm":100,"baseBeats":0.25,"scores":["f1[L],#c1[M],#a[M],(#f.#c.#F-1)[K],#c1[K],(#g.#d.#G-1.#d1)[K],#a[L],#c1[M],#a[M],(#g.#c.f1)[K],#g1[K],(f.#A-1.#c1)[K],f1[L],#c1[M],#a[M],(#f.#c.#F-1)[K],#c1[K],(#g.#d.#G-1.#d1)[K],#a[L],#c1[M],#a[M],(#g.#c.#d1)[K],c1[K],(f.#A-1.#c1)[K],f1[L],#c1[M],#a[M],#F-1[L],(#f.#c)[L],(#F-1.#c1)[L],(#f.#c)[L],(#G-1.#d1)[L],(#g.#d)[L],(#G-1.#a)[L],(#g.#d.#c1)[M],#a[M],(#c.f1)[L],(#c1.#g)[L],(#c.#g1)[L],(#c1.#g)[L],(#A-1.#c1)[L],(#a.f)[L],(#A-1.f1)[L],(#a.f.#c1)[M],#a[M],(#f.#c.#F-1)[L],(#f.#c.#F-1)[L],(#f.#c.#F-1.#c1)[L],(#f.#c.#F-1)[L],(#g.#d.#G-1.#d1)[L],(#g.#d.#G-1)[L],(#g.#d.#G-1.#a)[L],(#g.#d.#G-1.#c1)[M],#a[M],(#c1.#g.#c)[JL],#c1[L],f1[L],#g1[L],(#F-1.#a1)[L],#c[L],(#f.#g1)[L],#c[L],(#G-1.#d1)[L],#d[L],(#g.#d1)[L],#d[M],#c1[M],(#c.f1)[L],(#g.#g1)[L],#c1[L],#g[L],#A-1[L],f[L],(#a.f1)[L],(f.#g1)[L],(#F-1.#a1)[L],#c[L],(#f.#g1)[L],#c[L],(#G-1.#d1)[L],#d[L],(#g.#d1)[L],#d[M],#c1[M],(#c.f1)[L],(#g.#g1)[L],#c1[L],#g[L],#A-1[L],f[L],(#a.f1)[L],(f.#g1)[L],(#F-1.#a1)[L],#c[L],(#f.#g1)[L],#c[L],(#G-1.#d1)[L],#d[L],(#g.#c1)[L],(#d.#d1)[L],(#c.f1)[L],(#g.#g1)[L],(#c1.#d1)[L],(#g.f1)[L],(#A-1.#c1)[M],#a[M],f[L],#a[L],(f.#g)[L],(#F-1.#g)[L],#c[L],(#f.#c1)[L],#c[L],(#F-1.#d1)[L],#c[L],(#f.#c1)[L],(#c.#g)[L],(#G-1.#g)[L],#d[L],(#g.#c1)[L],#d[L],(#G-1.#d1)[L],#d[L],(#g.f1)[L],(#d.#c1)[M],#a[M],#F-1[L],#c[L],(#f.f2)[L],(#c.#c2)[M],c2[M],#G-1[L],#d[L],#g[L],(#d.c2)[M],#c2[M],#c[L],(#g.#c2)[L],(#c1.#d2)[L],(#g.f2)[M],#c2[M],#A-1[L],f[L],(#a.f1)[L],(f.#c1)[M],#a[M],#F-1[L],#c[L],(#f.f2)[L],(#c.#c2)[M],c2[M],#G-1[L],#d[L],#g[L],(#d.c2)[M],#c2[M],#c[L],(#g.#c2)[L],(#c1.#d2)[L],(#g.f2)[M],#c2[M],#A-1[L],f[L],(#a.#d1)[L],(f.f1)[L],(#F-1.#f1)[L],(#c.#f1)[L],(#f.#f1)[L],(#c.f1)[M],c1[M],#G-1[L],(#d.c1)[L],(#g.c1)[L],(#d.#g1)[L],(#c.f1)[L],(#g.f1)[L],(#c1.#d1)[L],(#g.f1)[M],#c1[M],#A-1[L],f[M],#a[M],(#a.f1)[L],(f.#c1)[M],#a[M],#F-1[L],#c[L],#f[L],(#c.#c2)[M],c2[M],#G-1[L],#d[L],#g[M],c2[M],(#d.c2)[L],#c2[J],"],"id":3}],"audition":{"start":[0,0],"end":[1,0]}}