{"baseBpm":480,"musics":[{"bpm":480,"baseBeats":0.75,"scores":["mute[HL],mute[HL],mute[HL],mute[HLNO],mute[HHKMNO],mute[HMN],mute[HMN],mute[HLO],mute[HLO],mute[HH],mute[H],mute[H],mute[H],mute[HMN],mute[HHLNO],mute[INO],mute[I],mute[JKLMN],mute[JKLMN],mute[I],mute[I],mute[H],mute[HH],mute[H],mute[H],mute[HM],5<UV>,5<UV>,5<UV>,5<UV>,5<UV>,5<UV>,5<UV>,5<UV>,5<UV>,5<UV>,5<UV>,5<UV>,5<UV>,5<UV>,5<UV>,5<UV>,5<UV>,5<UV>,5<UV>,5<UV>,5<UV>,mute[I],mute[IO],5<UV>,5<UV>,5<UV>,5<UV>,5<UV>,5<UV>,5<UV>,5<UV>,5<UV>,5<UV>,5<UV>,5<UV>,5<UV>,5<UV>,5<UV>,5<UV>,5<UV>,5<UV>,5<UV>,5<UV>,5<UV>,5<UV>,5<UV>,5<UV>,5<UV>,5<UV>,5<UV>,5<UV>,5<UV>,5<UV>,mute[KMO],mute[IN],mute[IN],mute[I],mute[I],mute[IM],mute[IM],mute[LM],mute[LM],mute[LM],mute[LM],mute[LM],mute[LM],mute[LM],mute[LM],mute[LM],mute[LM],mute[LM],mute[LM],mute[KN],5<UV>,mute[KMN],5<UV>,mute[KMN],5<UV>,mute[LM],mute[KN],mute[HL],mute[IKMO],mute[I],mute[I],mute[I],mute[I],mute[ILO],5<UV>,mute[KMN],5<UV>,mute[LM],mute[KN],5<UV>,mute[LM],mute[KN],5<UV>,mute[LM],mute[KN],5<UV>,mute[KMN],5<UV>,mute[LM],mute[KNO],5<UV>,mute[LM],mute[HMNO],mute[HMN],mute[HMNO],mute[INO],mute[IM],mute[HMN],mute[HMNO],mute[IMN],mute[IMN],mute[IMN],mute[IMO],mute[IMN],mute[IMN],mute[IMNO],mute[IMNO],mute[LM],mute[LM],mute[LM],mute[LM],mute[LM],mute[LM],5<UV>,mute[KMN],5<UV>,mute[KMN],5<UV>,mute[KMN],5<UV>,mute[KMN],5<UV>,mute[KMN],5<UV>,mute[LM],mute[LM],mute[LM],mute[LM],mute[LM],mute[LM],mute[LM],mute[LM],mute[LM],mute[LM],mute[LM],mute[LM],mute[LM],mute[LM],mute[LM],mute[LM],mute[LM],mute[LM],mute[LM],mute[LM],mute[LM],mute[LM],mute[LM],mute[LM],mute[LM],mute[LM],mute[LM],mute[LM],mute[LM],mute[LM],mute[LM],mute[LM],mute[LM],mute[LM],mute[LM],mute[LM],mute[LM],mute[LM],mute[LM],mute[LM],mute[LM],mute[LM],mute[LM],mute[LM],mute[LM],mute[LM],mute[KMO],mute[ILN],mute[ILO],mute[ILN],mute[IN],mute[IN],mute[IO],mute[HNO],mute[HM],mute[HNO],mute[H],mute[HHLMO],mute[HMO],mute[HMO],mute[HM],mute[HM],mute[HHLO],mute[IN],mute[I],mute[JKLNO],mute[JKLN],mute[JKLN],mute[JKLN],mute[H],mute[H],mute[HL],mute[HL],mute[HNO],mute[HNO],mute[HLM],mute[HHKMNO],mute[HLO],mute[HMNO],mute[HMNO],mute[HLM],mute[HHKMNO],mute[HLNO],mute[IN],mute[IN],mute[IMN],mute[IMN],mute[HHHH],mute[HJLN],mute[HJLNO],mute[HJLNO],mute[HI],mute[HHHKLO],mute[HILMO],mute[HIKLNO],mute[HIKLM],mute[KO],mute[KMN],mute[HHHHHHJ],","(#D-1.#d)[HL],(#D-1.#d)[HL],(#A-2.#A-1)[HL],(#F-1.#f)[HLNO],(F-1.f)[HHKMNO],(#G-1.#g)[HMN],(#F-1.#f)[HMN],(F-1.f)[HLO],(F-1.f)[HLO],(#d.#D-1)[HH],(#d.#a.#a1.#f2.#f1)[H],(#a.#d.#a1.#f1.#f2)[H],(#f.#d1.#a1.#d2)[H],(f.#c1.#g2.b1)[HMN],(f1.#g1.b1.#c2)[HHLNO],(#f1.#c2.#a2.#a1)[INO],#a[I],(b.#c2.#a1.#a2)[JKLMN],c1[JKLMN],(#c1.#g1.#g2.b1.f2)[I],#c[I],(#f.#a1.#f2.#f1)[H],#F-1[HH],(#F-1.#f)[H],(#F-1.#f)[H],(#C-1.#c)[H],(a.A-1.#f1.#d1)[L],c2[L],(#d1.#f1)[L],c2[L],(#d1.#f1)[L],c2[L],(#d1.#f1)[L],c2[L],(#d1.#f1)[L],c2[L],(#d1.#f1)[L],c2[L],(#d1.#f1)[L],c2[L],(#d1.#f1)[L],c2[L],(#g.#G-1.#f1.#d1)[L],c2[L],(#d1.#f1)[L],c2[L],(#d1.#f1)[L],c2[L],(#d1.#f1)[L],c2[L],(#d1.#f1)[L],c2[L],(#d1.#f1)[L],c2[L],(#d1.#f1)[L],c2[L],(#d1.#f1)[L],c2[L],(#G-1.#G-2.#d1.#f1.#g1)[I],(C-1.c)[I],(#c.#C-1.#g1.e1)[L],e2[L],(e1.#g1)[L],e2[L],(e1.#g1)[L],e2[L],(e1.#g1)[L],e2[L],(C-1.e1.#g1)[L],e2[L],(e1.#g1)[L],e2[L],(e1.#g1)[MNO],e2[L],(e1.#g1)[L],e2[L],(#C-1.e1.#g1)[MNO],e2[L],(e1.#g1)[L],e2[L],(e1.#g1)[L],e2[L],(e1.#g1)[L],e2[MNO],(#c.e1.#g1)[L],e2[L],(e1.#g1)[L],e2[MNO],(e1.#g1)[L],e2[L],(e1.#g1)[L],e2[L],(B-1.#g1.#d1)[L],#d2[L],(#d1.#g1)[L],#d2[L],(#d1.#g1)[L],#d2[L],(#d1.#g1)[L],#d2[L],(B-2.#d1.#g1)[L],#d2[L],(#d1.#g1)[L],#d2[LO],(#d1.#g1)[L],#d2[L],(#d1.#g1)[LO],#d2[L],(#A-1.#A-2.d2.#a1.d1)[IN],#a2[IN],#a1[I],#a[I],#A-1[IM],#A-2[IM],(#d.#f.c1.A-2)[LO],#A-2[L],A-2[LO],#A-2[L],A-2[LO],#A-2[L],A-2[LO],#A-2[L],A-2[LO],#A-2[L],A-2[LO],#A-2[L],A-2[LO],#A-2[L],A-2[LO],#A-2[L],(#f.#d.c1.A-2)[LO],#A-2[L],A-2[LO],#A-2[L],A-2[L],#A-2[LO],A-2[LO],#A-2[L],A-2[L],#A-2[LO],A-2[LO],#A-2[L],A-2[L],#A-2[LO],A-2[LO],#A-2[L],(#d.#f.a.C-1)[HL],(d.f.#a.#A-2)[IKMO],#a1[I],#a2[I],#a1[I],#A-1[I],#A-2[I],(#d.#f.c1.A-2)[LO],#A-2[L],A-2[L],#A-2[LO],A-2[LO],#A-2[L],A-2[L],#A-2[LO],A-2[L],#A-2[LO],A-2[L],#A-2[L],A-2[LO],#A-2[L],A-2[LO],#A-2[L],(#f.#d.c1.A-2)[L],#A-2[LO],A-2[L],#A-2[LO],A-2[L],#A-2[L],A-2[LO],#A-2[LO],A-2[L],#A-2[L],A-2[LO],#A-2[L],A-2[LO],#A-2[L],A-2[L],#A-2[LO],(#d.#f.a.C-1)[HMNO],(d.f.#a.#A-2)[HMN],#A-1[HMNO],(d.f1.#g)[INO],(B-1.#g.#d1)[IM],(#A-1.d1.#g)[HMN],#A-2[HMNO],(d1.f1.#g1)[IMN],(b.#d1.#g1)[IMN],(#a.d1.#g1)[IMN],A-1[IMO],#A-1[IMN],B-1[IMN],(#A-1.f1.d1.#g1)[IMNO],(#A-1.#A-2)[IMNO],(A-2.A-1.a.d1.#f1)[LO],a1[LO],(d1.#f1.a)[LO],a1[LO],(d1.#f1.a)[LO],a1[LO],(d1.#f1.a)[L],a1[LN],(#G-2.d1.#f1.a)[L],a1[L],(d1.#f1.a)[LO],a1[LO],(d1.#f1.a)[L],a1[L],(d1.#f1.a)[LO],a1[LO],(A-2.d1.#f1.a)[L],a1[L],(d1.#f1.a)[LO],a1[LO],(d1.#f1.a)[L],a1[L],(d1.#f1.a)[LO],a1[LO],(#G-1.d1.#f1.a)[L],a1[L],(d1.#f1.a)[LO],a1[LO],(d1.#f1.a)[L],a1[L],(d1.#f1.a)[LO],a1[L],(A-1.a.d1.#f1)[LO],a1[L],(d1.#f1.a)[LO],a1[L],(d1.#f1.a)[LO],a1[L],(d1.#f1.a)[LO],a1[L],(a.d1.#f1)[LO],a1[L],(d1.#f1.a)[LO],a1[L],(d1.#f1.a)[LO],a1[L],(d1.#f1.a)[LO],a1[L],(A-2.A-1.d1.a.e1)[LO],a1[L],(a.e1.d1)[LO],a1[L],(a.e1.d1)[LO],a1[L],(a.e1.d1)[LO],a1[L],(a.e1.d1)[LO],a1[L],(a.e1.d1)[LO],a1[L],(a.e1.d1)[LO],a1[L],(a.e1.d1)[LO],a1[L],(a.e1.d1)[LO],a1[L],(a.e1.d1)[LO],a1[L],(a.e1.d1)[LO],a1[L],(a.e1.d1)[LO],a1[L],(a.e1.d1)[LO],a1[L],(a.e1.d1)[LO],a1[L],(a.e1.d1)[LO],a1[L],(a.e1.d1)[LO],a1[L],(#A-1.g.d1.e1)[LO],a1[L],(d1.e1.g)[LO],a1[LO],(d1.e1.g)[LO],a1[LO],(d1.e1.g)[L],a1[LO],(A-1.d1.e1.g)[LO],a1[LN],(d1.e1.g)[LO],a1[LO],(d1.e1.g)[LO],a1[LO],(d1.e1.g)[LN],a1[LO],(D-1.d.d1.a.#f)[ILN],#c1[ILO],d1[ILN],#f1[IN],a1[IN],d2[IO],(d.a.a1.#f2)[HNO],(d.a.#f2.a1)[HM],(#f.d1.d2.#f2.a1)[IJKLNO],a2[L],(e.a.#c2.g2.a1)[H],(a.e1.a1.#c2.g1)[HHLMO],(#f.d1.d2.a2.a1)[HMO],(#f.d1.d2.a1.a2)[HMO],(d1.#f1.d2.a2.a1)[IJKLM],#a2[L],(g.g1.d2.b2.b1)[HM],(a.a1.c2.c3.d2.#f2)[HHLO],(g.#a2.#a1)[IN],(b2.b1)[I],(#d1.#f2)[JKLNO],(e1.g.g2)[JKLN],b1[JKLN],(g1.e2)[JKLN],(a.#f1.a1.d2)[H],(f1.a.b1.#g1.d2)[H],(a.e1.a1.#c2)[HL],(d.a.a1.f2)[HL],(d.a.f2.a1)[HNO],(f.d1.d2.f2.a1)[IJKLNO],a2[L],(e.a.#c2.g2.a1)[HLM],(a.e1.a1.#c2.g1)[HHKMNO],(f.d1.d2.a2.a1)[HLO],(f.d1.d2.a1.a2)[HMNO],(d1.f1.d2.a2.a1)[IJKLMNO],c3[L],(g.d1.d2.#a2.#a1)[HLM],(g.g1.d2.g2.#a1)[HHKMNO],(a.d1.f2.a1)[HLNO],(a1.g2)[IN],f2[IN],(a.#c1.a1.e2)[IMN],a2[IMN],(d.d1.a1.d2.f1)[HHHH],(#A-1.#A-2.f.#g.d1)[HJLN],(#A-2.#A-1.f.d1.#g)[HJLNO],(#A-2.#A-1.f.#g.#a)[HJLNO],(#A-1.#A-2.#d.#a.#f1)[HI],(#A-2.#A-1.#a.#f.#d1)[HHHKLO],(#A-1.#A-2.#f1.c1.a.#d1)[HILMO],(#A-2.#A-1.#f1.a.#d1.c1)[HIKLNO],(#A-1.#A-2.a.c1.#f.#d1)[HIKLM],(#A-1.#A-2.f)[KO],#a[LM],d1[LN],#a1[HHHHHHJ],"],"id":1,"instruments":["piano","piano"],"alternatives":["",""]},{"bpm":480,"baseBeats":0.75,"scores":["mute[LM],mute[LM],mute[LM],mute[LM],mute[LM],mute[LM],mute[LM],mute[LM],mute[LM],mute[LM],mute[LM],mute[LM],mute[LM],mute[LM],mute[LM],mute[LM],mute[LM],mute[LM],mute[LM],mute[LM],mute[LM],mute[LM],mute[LM],mute[LM],mute[LM],mute[LM],mute[LM],mute[LM],mute[LM],mute[LM],mute[LM],mute[LM],mute[LM],mute[LM],mute[LM],mute[LM],mute[LM],mute[LM],mute[LM],mute[LM],mute[LM],mute[LM],mute[LM],mute[LM],mute[LM],mute[LM],mute[LM],mute[LM],mute[LM],mute[LM],mute[LM],mute[LM],mute[LM],mute[LM],mute[LM],mute[LM],mute[LM],mute[LM],mute[LM],mute[LM],mute[LM],mute[LM],mute[LM],mute[LM],mute[LM],mute[LM],mute[LM],mute[LM],mute[LM],mute[LM],mute[LM],mute[LM],mute[LM],mute[LM],mute[LM],mute[LM],mute[LM],mute[LM],mute[LM],mute[LM],mute[LM],mute[LM],mute[LM],mute[LM],mute[LM],mute[LM],mute[LM],mute[LM],mute[LM],mute[LM],mute[LM],mute[LM],mute[LM],mute[LM],mute[LM],mute[LM],mute[LM],mute[LM],mute[LM],mute[LM],mute[LM],mute[LM],mute[LM],mute[LM],mute[LM],mute[LM],mute[LM],mute[LM],mute[LM],mute[LM],mute[LM],mute[LM],mute[LM],mute[LM],mute[LM],mute[LM],mute[LM],mute[LM],mute[LM],mute[LM],mute[LM],mute[LM],mute[LM],mute[LM],mute[LM],mute[LM],mute[LM],mute[LM],mute[LM],mute[LM],mute[LM],mute[LM],mute[LM],mute[LM],mute[LM],mute[LM],mute[LM],mute[LM],mute[LM],mute[LM],mute[LM],mute[LM],mute[LM],mute[LM],mute[LM],mute[LM],mute[LM],mute[LM],mute[LM],mute[LM],mute[LM],mute[LM],mute[LM],mute[LM],mute[LM],mute[LM],mute[LM],mute[LM],mute[LM],mute[LM],mute[LM],mute[LM],mute[LM],mute[LM],mute[LM],mute[LM],mute[LM],mute[LM],mute[LM],mute[LM],mute[LM],mute[LM],mute[LM],mute[LM],mute[LM],mute[LM],mute[LM],mute[LM],mute[LM],mute[LM],mute[LM],mute[LM],mute[LM],mute[LM],mute[LM],mute[LM],mute[LM],mute[LM],mute[LM],mute[LM],mute[LM],mute[LM],mute[KN],mute[LMNO],mute[LMNO],mute[K],mute[LM],mute[LM],mute[LM],mute[LM],mute[LM],mute[LM],mute[LM],mute[LM],mute[LM],mute[LM],mute[LM],mute[LM],mute[LM],mute[LM],mute[LM],mute[LM],mute[LM],mute[LM],mute[LM],mute[LM],mute[LM],mute[LM],mute[LM],mute[LM],mute[LM],mute[LM],mute[LM],mute[LM],mute[LM],mute[LM],mute[LM],mute[LM],mute[LM],mute[LM],mute[LM],mute[LM],mute[LM],mute[LM],mute[LM],mute[LM],mute[LM],mute[LM],mute[LM],mute[LM],mute[LM],mute[LM],mute[LM],mute[LM],mute[LM],mute[LM],mute[LM],mute[LM],mute[LM],mute[LM],mute[LM],mute[LM],mute[LM],mute[LM],mute[LM],mute[LM],mute[LM],mute[LM],mute[LM],mute[LM],mute[LM],mute[LM],mute[LM],mute[LM],mute[LM],mute[LM],mute[LM],mute[LM],mute[LM],mute[LM],mute[LM],mute[LM],mute[LM],mute[LM],mute[LM],mute[LM],mute[LM],mute[LM],mute[LM],mute[LM],mute[LM],mute[LM],mute[LM],mute[LM],mute[LM],mute[LM],mute[LM],mute[LM],mute[LM],mute[LM],mute[KO],mute[KNO],mute[LM],mute[LM],mute[LM],mute[LM],mute[LM],mute[LM],mute[LM],mute[LM],mute[LM],mute[LM],mute[LM],mute[LM],mute[LM],mute[LM],mute[LM],mute[LM],mute[LM],mute[LM],mute[LM],mute[LM],mute[LM],mute[LM],mute[LM],mute[LM],mute[LM],mute[LM],mute[LM],mute[KM],mute[JKNO],mute[LM],mute[LM],mute[LM],mute[LM],mute[LM],mute[LM],mute[LM],mute[LM],mute[LM],mute[LM],mute[LM],mute[LM],mute[LM],mute[LM],mute[LM],mute[LM],mute[LM],mute[LM],mute[LM],mute[LM],mute[LM],mute[LM],mute[LM],mute[LM],mute[LM],mute[LM],mute[LM],mute[LM],mute[LM],mute[LM],mute[LM],mute[LM],mute[LM],mute[LM],mute[LM],mute[LM],mute[LM],mute[LM],mute[LM],mute[LM],mute[LM],mute[LM],mute[LM],mute[LM],mute[LM],mute[LM],mute[LM],mute[LM],mute[LM],mute[LM],mute[LM],mute[LM],mute[LM],mute[LM],mute[LM],mute[LM],mute[LM],mute[LM],mute[LM],mute[LM],mute[LM],mute[LM],mute[K],mute[LMNO],mute[LMNO],mute[LMNO],mute[LM],mute[LM],mute[LM],mute[LM],mute[LM],mute[LM],mute[LM],mute[LM],mute[LM],mute[LM],mute[LM],mute[LM],mute[LM],mute[LM],mute[LM],mute[LM],mute[LM],mute[LM],mute[LM],mute[LM],mute[LM],mute[LM],mute[LM],mute[LM],mute[LM],mute[LM],mute[LM],mute[LM],mute[LM],mute[LM],mute[LM],mute[LM],mute[LM],mute[LM],mute[LM],mute[LM],mute[LM],mute[LM],mute[LM],mute[LM],mute[LM],mute[LM],mute[LM],mute[LM],mute[LM],mute[LM],mute[LM],mute[LM],mute[LM],mute[LM],mute[LM],mute[LM],mute[LM],mute[LM],mute[LM],mute[LM],mute[LM],mute[LM],mute[LM],mute[LM],mute[LM],mute[LM],mute[LM],mute[LM],mute[LM],mute[LM],mute[LM],mute[LM],mute[LM],mute[LM],mute[LM],mute[LM],mute[LM],mute[LM],mute[LM],mute[LM],mute[LM],mute[LM],mute[LM],mute[LM],mute[LM],mute[LM],mute[LM],mute[LM],mute[LM],mute[LM],mute[LM],mute[LM],mute[LM],mute[LM],mute[LM],mute[LM],mute[LM],mute[LM],mute[KN],mute[KNO],mute[LM],mute[LM],mute[LM],mute[LM],mute[LM],mute[LM],mute[LM],mute[LM],mute[LM],mute[LM],mute[LM],mute[LM],mute[LM],mute[LM],mute[LM],mute[LM],mute[LM],mute[LM],mute[LM],mute[LM],mute[LM],mute[LM],mute[LM],mute[LM],mute[LM],mute[LM],mute[LM],mute[KMO],mute[JKMO],mute[KO],mute[LM],mute[LM],mute[LM],mute[LM],mute[LM],mute[LM],mute[LM],mute[LM],mute[LM],mute[LM],mute[LM],mute[LM],mute[LM],mute[LM],mute[LM],mute[LM],mute[LM],mute[LM],mute[LM],mute[LM],mute[LM],mute[LM],mute[LM],mute[LM],mute[LM],mute[LM],mute[LM],mute[LM],mute[LM],mute[LM],mute[LM],mute[LM],mute[LM],mute[LM],mute[LM],mute[LM],mute[LM],mute[LM],mute[LM],mute[LM],mute[LM],mute[LM],mute[LM],mute[LM],mute[LM],mute[LM],mute[LM],mute[LM],mute[LM],mute[LM],mute[LM],mute[LM],mute[LM],mute[LM],mute[LM],mute[LM],mute[LM],mute[LM],mute[LM],mute[LM],mute[LM],mute[LM],mute[LM],mute[LM],mute[LM],mute[LM],mute[LM],mute[LM],mute[LM],mute[LM],mute[LM],mute[LM],mute[LM],mute[LM],mute[LM],mute[LM],mute[LM],mute[LM],mute[LM],mute[LM],mute[LM],mute[LM],mute[LM],mute[LM],mute[LM],mute[LM],mute[LM],mute[LM],mute[LM],mute[LM],mute[LM],mute[LM],mute[LM],mute[LM],mute[LM],mute[LM],mute[LM],mute[LM],mute[LM],mute[LM],mute[LM],mute[LM],mute[LM],mute[LM],mute[LM],mute[LM],mute[LM],mute[LM],mute[LM],mute[LM],mute[LM],mute[LM],mute[LM],mute[LM],mute[LM],mute[LM],mute[LM],mute[LM],mute[LM],mute[LM],mute[LM],mute[LM],mute[LM],mute[LM],mute[LM],mute[LM],mute[LM],mute[LM],mute[LM],mute[LM],mute[LM],mute[LM],mute[LMNO],mute[LMNO],mute[LM],mute[LM],mute[LM],mute[LM],mute[LM],mute[LM],mute[LM],mute[LM],5<UV>,5<UV>,5<UV>,5<UV>,5<UV>,5<UV>,5<UV>,5<UV>,mute[LM],mute[LM],mute[LM],mute[LM],mute[LM],mute[LM],mute[LM],mute[LM],mute[LM],mute[LM],mute[LM],mute[LM],mute[LM],mute[LM],mute[LM],mute[LM],mute[LM],mute[LM],mute[LM],mute[LM],mute[LM],mute[LM],mute[LM],mute[LM],mute[LM],mute[LM],mute[LM],mute[LM],mute[LM],mute[LM],mute[LM],mute[LM],mute[LM],mute[LM],mute[LM],mute[LM],mute[LM],mute[LM],mute[LM],mute[LM],mute[LM],mute[LM],mute[LM],mute[LM],mute[LM],mute[LM],mute[LM],mute[LM],mute[LM],mute[LM],mute[LM],mute[LM],mute[LM],mute[LM],mute[LM],mute[LM],mute[LM],mute[LM],mute[LM],mute[LM],mute[LM],mute[LM],mute[LM],mute[LM],mute[LM],mute[LM],mute[LM],mute[LM],mute[LM],mute[LM],mute[LM],mute[LM],mute[LM],mute[KO],mute[K],mute[LMNO],mute[LM],mute[LM],mute[LM],mute[LM],mute[LM],mute[LM],mute[LM],mute[LM],mute[LM],mute[LM],mute[LM],mute[LM],mute[LM],mute[LM],mute[LM],mute[LM],mute[LM],mute[LM],mute[LM],mute[LM],mute[LM],mute[LM],mute[LM],mute[LM],mute[LM],mute[LM],mute[LM],mute[LM],mute[LM],mute[LM],mute[LM],mute[LM],mute[LM],mute[LM],mute[LM],mute[LM],mute[LM],mute[LM],mute[LM],mute[LM],mute[LM],mute[LM],mute[LM],mute[LM],mute[LM],mute[LM],mute[LM],mute[LM],mute[LM],mute[LM],mute[LM],mute[LM],mute[LM],mute[LM],mute[LM],mute[LM],mute[LM],mute[LM],mute[LM],mute[LM],mute[LM],mute[LM],mute[LM],mute[LM],mute[LM],mute[LM],mute[LM],mute[LM],mute[LM],mute[LM],mute[LM],mute[LM],mute[LM],mute[LM],mute[LM],mute[LM],mute[LM],mute[LM],mute[LM],mute[LM],mute[LM],mute[LM],mute[LM],mute[LM],mute[LM],mute[LM],mute[LM],mute[LM],mute[LM],mute[LM],mute[LM],mute[LM],mute[LM],mute[LM],mute[LM],mute[LM],mute[LM],mute[LM],mute[LM],mute[LM],mute[LM],mute[LM],mute[LM],mute[LM],mute[LM],mute[LM],mute[LM],mute[LM],mute[LM],mute[LM],mute[LM],mute[LM],mute[LM],mute[LM],mute[LM],mute[LM],mute[LM],mute[LM],mute[LM],mute[LM],mute[LM],mute[LM],mute[KMN],mute[KLN],mute[LM],mute[LM],mute[LM],mute[LM],mute[LM],mute[LM],mute[LM],mute[LM],mute[LM],mute[LM],mute[LM],mute[LM],mute[LM],mute[KMO],mute[KLN],mute[LM],mute[LM],mute[LM],mute[LM],mute[LM],mute[LM],mute[LM],mute[LM],mute[LM],mute[LM],mute[LM],mute[LM],mute[LM],mute[LM],mute[LM],mute[LM],mute[LM],mute[LM],mute[LM],mute[LM],mute[LM],mute[LM],mute[LM],mute[LM],mute[LM],mute[LM],mute[LM],mute[LM],mute[LM],mute[LM],mute[LM],mute[LM],mute[LM],mute[LM],mute[LM],mute[LM],mute[LM],mute[LM],mute[LM],mute[LM],mute[LM],mute[KN],mute[KO],mute[LM],mute[LMNO],mute[LMNO],mute[LMNO],mute[KLMO],mute[LM],mute[LM],mute[LM],mute[LM],mute[LM],mute[LM],mute[LM],mute[LM],mute[LM],mute[LM],mute[LM],mute[LM],mute[LM],mute[LM],mute[KL],mute[LM],mute[LM],mute[LM],mute[LM],mute[LM],mute[LM],mute[LM],mute[LM],mute[LM],mute[LM],mute[LM],mute[LM],mute[KMN],mute[KLN],mute[LM],mute[LM],mute[LM],mute[LM],mute[LM],mute[LM],mute[LM],mute[LM],mute[LM],mute[LM],mute[LM],mute[LM],mute[LM],mute[LM],mute[LM],mute[LM],mute[LM],mute[LM],mute[LM],mute[LM],mute[LM],mute[LM],mute[LM],mute[LM],mute[LM],mute[LM],mute[LM],mute[LM],mute[LM],mute[LM],mute[LM],mute[LM],mute[LM],mute[LM],mute[LM],mute[LM],mute[LM],mute[LM],mute[LM],mute[LM],mute[LM],mute[LM],mute[LM],mute[LM],mute[LM],mute[LM],mute[LM],mute[LM],mute[LM],mute[LM],mute[LM],mute[LM],mute[LM],mute[LM],mute[LM],mute[LM],mute[LM],mute[LM],mute[LM],mute[LM],mute[LM],mute[LM],mute[LM],mute[LM],mute[LM],mute[LM],mute[LM],mute[LM],mute[LM],mute[LM],mute[LM],mute[LM],mute[LM],mute[K],mute[KLN],mute[KLN],mute[LM],mute[LM],mute[LM],mute[K],mute[KLNO],mute[KLMO],mute[LM],mute[KO],mute[LM],mute[LMNO],mute[J],mute[JMNO],mute[LM],mute[LM],mute[LM],mute[LM],mute[LM],mute[LM],mute[LM],mute[LM],mute[LM],mute[LM],mute[LM],mute[LM],mute[LM],mute[LM],mute[LM],mute[LM],mute[LM],mute[LM],mute[LM],mute[LM],mute[LM],mute[LM],mute[LM],mute[LM],mute[LM],mute[LM],mute[LM],mute[LM],mute[LM],mute[LM],mute[LM],mute[LM],mute[LM],mute[LM],mute[LM],mute[LM],mute[LM],mute[LM],mute[LM],mute[LM],mute[LM],mute[LM],mute[LM],mute[LM],mute[LM],mute[LM],mute[LM],mute[LM],mute[LM],mute[LM],mute[LM],mute[LM],mute[LM],mute[LM],mute[LM],mute[KM],mute[KLNO],mute[LM],mute[LM],mute[LM],mute[LM],mute[LM],mute[LM],mute[LM],mute[LM],mute[LM],mute[LM],mute[LM],mute[LM],mute[LM],mute[LM],mute[LM],mute[LM],mute[LM],mute[LM],mute[LM],mute[LM],mute[LM],mute[LM],mute[LM],mute[LM],mute[LM],mute[LM],mute[LM],mute[LM],mute[K],mute[KO],mute[LM],mute[LMNO],mute[LM],mute[LM],mute[LM],mute[LM],mute[LM],mute[LM],mute[LM],mute[LM],mute[LM],mute[LM],mute[LM],mute[LM],mute[LM],mute[LM],mute[LM],mute[LM],mute[LM],mute[LM],mute[LM],mute[LM],mute[LM],mute[LM],mute[LM],mute[LM],mute[LM],mute[LM],mute[LM],mute[LM],mute[LM],mute[LM],mute[LM],mute[LM],mute[LM],mute[LM],mute[LM],mute[LM],mute[LM],mute[LM],mute[LM],mute[LM],mute[LM],mute[LM],mute[LM],mute[LM],mute[LM],mute[LM],mute[LM],mute[LM],mute[LM],mute[LM],mute[LM],mute[LM],mute[LM],mute[LM],mute[LM],mute[LM],mute[LM],mute[LM],mute[LM],mute[LM],mute[LM],mute[LM],mute[LM],mute[LM],mute[LM],mute[LM],mute[LM],mute[LM],mute[LM],mute[LM],mute[LM],mute[LM],mute[LM],mute[LM],mute[LM],mute[LM],mute[LM],mute[LM],mute[LM],mute[LM],mute[LM],mute[KM],mute[LMNO],mute[LMNO],mute[LMNO],mute[LMNO],mute[K],mute[LMNO],mute[K],mute[LMNO],mute[JLMN],mute[LM],mute[LM],mute[KNO],mute[IMO],mute[KNO],mute[KN],mute[KN],mute[IL],mute[J],mute[LM],mute[KM],mute[J],mute[KLO],mute[KMNO],mute[KMNO],mute[KMNO],mute[KMNO],mute[KMNO],mute[KLMNO],5<UV>,mute[KL],mute[KMNO],mute[KMNO],mute[KMN],mute[IJMN],mute[IJMNO],mute[IJMN],mute[LM],mute[LM],mute[LM],mute[LM],mute[LM],mute[LM],mute[LM],mute[LM],mute[LM],mute[LM],mute[LM],mute[LM],mute[LM],mute[LM],mute[LM],mute[LM],mute[LM],mute[LM],mute[LM],mute[LM],mute[LM],mute[LM],mute[LM],mute[LM],mute[LM],mute[LM],mute[LM],mute[LM],mute[LM],mute[LM],mute[LM],mute[LM],mute[LM],mute[LM],mute[LM],mute[LM],mute[LM],mute[LM],mute[LM],mute[LM],mute[LM],mute[LM],mute[LM],mute[LM],mute[LM],mute[LM],mute[LM],mute[LM],mute[LM],mute[LM],mute[LM],mute[LM],mute[LM],5<UV>,5<UV>,mute[LM],mute[LM],mute[LM],mute[LM],mute[LM],mute[LM],mute[LM],mute[LM],mute[LM],mute[LM],mute[LM],mute[LM],mute[LM],mute[LM],mute[LM],mute[LM],mute[LM],mute[LM],mute[LM],mute[LM],mute[LM],mute[LM],mute[LM],mute[LM],mute[LM],mute[LM],mute[LM],mute[LM],mute[LM],mute[LM],mute[LM],mute[LM],mute[LM],mute[LM],mute[LM],mute[LM],mute[LM],mute[LM],mute[LM],mute[LM],mute[LM],mute[LM],mute[LM],mute[LM],mute[LM],mute[LM],mute[LM],mute[LM],mute[LM],mute[LM],mute[LM],mute[LM],mute[LM],mute[LM],mute[LM],mute[LM],mute[LM],mute[LM],mute[LM],mute[LM],mute[LM],mute[LM],mute[LM],mute[LM],mute[LM],mute[LM],mute[LM],mute[LM],mute[LM],mute[LM],mute[LM],mute[LM],mute[LM],mute[LM],mute[LM],mute[LM],mute[LM],mute[LM],mute[LM],mute[LM],mute[LM],mute[LM],mute[LM],mute[LM],mute[LM],mute[LM],mute[LM],mute[LM],mute[LM],mute[LM],mute[LM],mute[LM],mute[LM],mute[LM],mute[LM],mute[LM],mute[LM],mute[LM],mute[LM],mute[LM],mute[LM],mute[LM],mute[LM],mute[LM],mute[LM],mute[LM],mute[LM],mute[LM],mute[LM],mute[LM],mute[LM],mute[LM],mute[LM],mute[LM],mute[LM],mute[LM],mute[LM],mute[LM],mute[LM],mute[LM],mute[LM],mute[LM],mute[LM],mute[LM],mute[LM],mute[LM],mute[LM],mute[LM],mute[LM],mute[LM],mute[LM],mute[LM],mute[LM],mute[LM],mute[LM],mute[LM],mute[LM],mute[LM],mute[LM],mute[LM],mute[LM],mute[LM],mute[LM],mute[LM],mute[LM],mute[LM],mute[LM],mute[LM],mute[LM],mute[LM],mute[LM],mute[LM],mute[LM],mute[LM],mute[LM],mute[LM],mute[LM],mute[LM],mute[LM],mute[LM],mute[KN],5<UV>,5<UV>,mute[LM],mute[LM],mute[LM],mute[LM],mute[LM],mute[LM],mute[LM],mute[LM],mute[LM],mute[LM],mute[LM],mute[LM],mute[LM],mute[LM],mute[LM],mute[LM],mute[LM],mute[LM],mute[LM],mute[LM],mute[LM],mute[LM],mute[LM],mute[LM],mute[LM],mute[LM],mute[LM],mute[LM],mute[LM],mute[LM],mute[LM],mute[LM],mute[LM],mute[LM],mute[LM],mute[LM],mute[LM],mute[LM],mute[LM],mute[LM],mute[LM],mute[LM],mute[LM],mute[LM],mute[LM],mute[LM],mute[LM],mute[LM],mute[LM],mute[LM],mute[LM],mute[LM],mute[LM],mute[LM],mute[LM],mute[LM],mute[LM],mute[LM],mute[LM],mute[LM],mute[LM],mute[LM],mute[LM],mute[LM],mute[LM],mute[LM],mute[LM],mute[LM],mute[LM],mute[LM],mute[LM],mute[LM],mute[LM],mute[LM],mute[LM],mute[LM],mute[LM],mute[LM],mute[LM],mute[LM],mute[LM],mute[LM],mute[LM],mute[LM],mute[LM],mute[LM],mute[LM],mute[LM],mute[LM],mute[LM],mute[LM],mute[LM],mute[LM],mute[LM],mute[LM],mute[LM],mute[LM],mute[LM],mute[LM],mute[LM],mute[LM],mute[LM],mute[LM],mute[LM],mute[LM],mute[KO],mute[LMNO],mute[LMNO],mute[K],mute[LM],mute[LM],mute[LM],mute[LM],mute[LM],mute[LM],mute[LM],mute[LM],mute[LM],mute[LM],mute[LM],mute[LM],mute[LM],mute[LM],mute[LM],mute[LM],mute[LM],mute[LM],mute[LM],mute[LM],mute[LM],mute[LM],mute[LM],mute[LM],mute[LM],mute[LM],mute[LM],mute[LM],mute[LM],mute[LM],mute[LM],mute[LM],mute[LM],mute[LM],mute[LM],mute[LM],mute[LM],mute[LM],mute[LM],mute[LM],mute[LM],mute[LM],mute[LM],mute[LM],mute[LM],mute[LM],mute[LM],mute[LM],mute[LM],mute[LM],mute[LM],mute[LM],mute[LM],mute[LM],mute[LM],mute[LM],mute[LM],mute[LM],mute[LM],mute[LM],mute[LM],mute[LM],mute[LM],mute[LM],mute[LM],mute[LMNO],mute[LM],mute[LM],mute[LM],mute[LM],mute[LM],mute[LM],mute[LM],mute[LM],mute[LM],mute[LM],mute[LM],mute[LM],mute[LM],mute[LM],mute[LM],mute[LM],mute[LM],mute[LM],mute[LM],mute[LM],mute[LM],mute[LM],mute[LM],mute[LM],mute[LM],mute[LM],mute[LM],mute[LM],mute[LM],mute[LM],mute[LM],mute[LM],mute[LM],mute[LM],mute[LM],mute[LM],mute[LM],mute[LM],mute[LM],mute[LM],mute[LM],mute[LM],mute[LM],mute[LM],mute[LM],mute[LM],mute[LM],mute[LM],mute[LM],mute[LM],mute[LM],mute[LM],mute[LM],mute[LM],mute[LM],mute[LM],mute[LM],mute[LM],mute[LM],mute[LM],mute[LM],mute[LM],mute[LM],mute[LM],mute[LM],mute[LM],mute[LM],mute[LM],mute[LM],mute[LM],mute[LM],mute[LM],mute[LM],mute[LM],mute[LM],mute[LM],mute[LM],mute[LM],mute[LM],mute[LM],mute[LM],mute[LM],mute[LM],mute[LM],mute[LM],mute[LM],mute[LM],mute[LM],mute[LM],mute[LM],mute[LM],mute[LM],mute[LM],mute[LM],mute[LM],mute[LM],mute[LM],mute[LM],mute[LM],mute[LM],mute[LM],mute[LM],mute[LM],mute[LM],mute[LM],mute[LM],mute[LM],mute[LM],mute[LM],mute[LM],mute[LM],mute[LM],mute[LM],mute[LM],mute[LM],mute[LM],mute[LM],mute[LM],mute[LM],mute[LM],mute[LM],mute[LM],mute[LM],mute[LM],mute[LM],mute[LM],mute[LM],mute[LM],mute[LM],mute[LM],mute[LM],mute[LM],mute[LM],mute[LM],mute[LM],mute[LM],mute[LM],mute[LM],mute[LM],mute[LM],mute[LM],mute[LM],mute[LM],mute[LM],mute[LM],mute[LM],mute[LM],mute[LM],mute[LM],mute[LM],mute[LM],mute[LM],mute[LM],mute[LM],mute[LM],mute[LM],mute[LM],mute[LM],mute[LM],mute[LM],mute[LM],mute[LM],mute[LM],mute[LM],mute[LM],mute[LM],mute[LM],mute[LM],mute[LM],mute[LM],mute[LM],mute[LM],mute[LM],mute[LM],mute[LM],mute[LM],mute[LM],mute[LM],mute[KMNO],mute[JKMNO],mute[JKMNO],mute[HILM],","(#D-1.#d1)[LMO],(#d.g)[LMO],(#A-1.#f)[LM],(#d.g)[LM],(#D-1.#d1)[LM],(#d.g)[LM],(#A-1.#a)[LM],(#d.g)[LM],(#D-1.g1)[LM],(c.#g)[LM],(#d.c1)[LM],(c.#g)[LM],(#D-1.f1)[LM],(c.#g)[LM],(#d.c1)[LM],(c.#g)[LM],(#D-1.#a1)[LM],(#g.#a)[LM],(f.d1)[LM],(#g.#a)[LM],(d.#a1)[LM],(#g.#a)[LM],(f.#a1)[LM],(#g.#a)[LM],(#D-1.c2)[LM],(g.#a)[LM],(#d.#d1)[LM],(g.#a)[LM],(#A-1.#a1)[LM],(g.#a)[LM],(#d.#d1)[LM],(g.#a)[LMN],(#d.#d2)[LM],(#d1.g1)[LM],(#a.#f1)[LM],(#d1.g1)[LM],(#d.#d2)[LM],(#d1.g1)[LM],(#d.#d2.#a1)[LM],(#d1.g1)[LM],(e.g2)[LM],(e1.g1)[LM],(#c1.#a1)[LM],(e1.g1)[LM],(e.#c2)[LM],(e1.g1)[LM],(#c1.#a1)[LM],(e1.g1)[LM],(f.f2)[LMO],(d1.f1)[LM],(#a.#a1)[LM],(d1.f1)[LMO],(f.f2)[LM],(#d1.f1)[LMO],(c1.a1)[LMO],(#d1.f1)[LMO],(#a.d1.#a1)[LMO],f2[LM],d2[LMO],#a2[LMO],#a1[LMO],f1[LM],d1[LM],#a[LM],(#D-1.#d1)[LM],(#d.g)[LMO],(#A-1.#f)[LM],(#d.g)[LM],(#D-1.#d1)[LM],(#d.g)[LM],(#A-1.#a)[LM],(#d.g)[LM],(#D-1.g1)[LM],(c.#g)[LM],(#d.c1)[LM],(c.#g)[LM],(#D-1.f1)[LM],(c.#g)[LM],(#d.c1)[LM],(c.#g)[LM],(#D-1.#a1)[LM],(#g.#a)[LM],(f.d1)[LM],(#g.#a)[LM],(d.d1.a1)[LM],(#g.#a)[LM],(f.d1.#a1)[LM],(#g.#a)[LM],(#D-1.c2)[LM],(g.#a)[LM],(#d.#d1)[LM],(g.#a)[LM],(#A-1.#a1)[LM],(g.#a)[LM],(#d.#d1)[LM],(g.#a)[LM],(#d.#d2)[LM],(#d1.g1)[LM],(#a.#f1)[LM],(#d1.g1)[LM],(#d.#d2)[LM],(#d1.g1)[LM],(#d.#d2)[LM],(#d1.g1)[LM],(e.g2)[LM],(e1.g1)[LM],(#c1.#a1)[LM],(e1.g1)[LM],(e.#c2)[LM],(e1.g1)[LM],(#c1.#a1)[LM],(e1.g1)[LM],(f.f2)[LM],(d1.f1)[LM],(#a.#a1)[LM],(d1.f1)[LMO],(f.f2)[LMO],(#d1.f1)[LM],(c1.a1)[LMO],(#d1.f1)[LMO],(#a.d1.#a1)[LMO],f2[LMO],d2[LM],#a2[LMO],#a1[LMO],f1[LMO],d1[LMO],#a[LMN],(#A-1.#c2)[LMO],(#a.#c1)[LMO],(g.e1)[LM],(#a.#c1)[LM],(#A-1.#c2)[LM],(g.e1)[LM],(#A-1.#c2)[LM],(g.e1)[LM],(#G-1.c2)[LM],(#g.c1)[LM],(f.f1)[LM],(#g.c1)[LM],(#G-1.c2)[LM],(#g.c1)[LM],(f.f1)[LM],(#g.c1)[LM],(G-1.e2)[LM],(g.e1)[LM],(c.#a1)[LM],(g.e1)[LM],(G-1.e2)[LM],(g.e1)[LM],(c.e2.#a1)[LM],(g.e1)[LM],(F-1.#g1.f2)[LM],(f.f1)[LM],(c.#g1)[LM],(f.f1)[LM],(F-1.f2)[LMO],(f.f1)[LMO],(c.#g1)[LM],(f.f1)[LMO],(f.#g2)[LMO],(f1.#g1)[LMO],(d1.b1)[LM],(f1.#g1)[LM],(f.#g2)[LMO],(f1.b1)[LM],(d1.#g2)[LM],(f1.b1)[LM],(#d.g2)[LM],(#d1.g1)[LM],(c1.c2)[LM],(#d1.g1)[LM],(#d.g2)[LM],(#d1.g1)[LM],(c1.c2)[LM],(#d1.g1)[LM],(d.b2)[LM],(d1.b1)[LM],(g.f2)[LM],(d1.b1)[LM],(d.b2.f2)[LM],(d1.b1)[LMO],(g.b2.f2)[LM],(d1.b1)[LM],(c.c3)[LMO],(c1.c2)[LMO],(g.#d2)[LMO],(c1.c2)[LM],(c.c3)[LMN],(c1.c2)[LMN],(g.#d2)[LMNO],(c1.c2)[LMNO],(#g.c3)[K],(#g1.c2)[LMO],(#d1.#d2)[LMO],(#g1.c2)[LM],(g.#a2)[LMO],(g1.#a1)[LM],(#d1.#d2)[LM],(g1.#a1)[LMO],(#f.a2)[LM],(#f1.a1)[LM],(c1.#d2)[LM],(#f1.a1)[LM],(f.#g2)[LM],(f1.#g1)[LM],(#a.d2)[LM],(f1.#g1)[LM],(#d.g2)[LM],(#d1.g1)[LM],(#a.#a1)[LM],(#d1.g1)[LM],(#d.#f2)[LM],(#d1.#f1)[LM],(#a.#a1)[LM],(#d1.#f1)[LM],(B-1.#d2)[LM],(b.#d1)[LM],(#d.#f1)[LM],(b.#d1)[LMO],(B-1.a1)[LM],(b.#d1)[LMO],(#d.#f1)[LM],(b.#d1)[LM],(#a.#A-1.d1)[LM],#a1[LMO],(e1.g1)[LM],c2[LM],(#g1.f1)[LM],d2[LM],(#a1.g1)[LM],#d2[LM],(#A-1.#A-2.c2.#g1)[LM],f2[LM],(#a1.d2)[LM],g2[LM],(c2.#d2)[LM],#g2[LM],(d2.f2)[LM],#a2[LM],(#A-2.c2.#d2)[LM],#g2[LM],(#A-1.#a1.d2)[LM],g2[LM],(#a.c2.#g1)[LM],f2[LM],(#A-1.#a1.g1)[LMO],#d2[LM],(#A-1.#A-2.f1.#g1)[LM],d2[LM],(#d1.g1)[LMO],c2[LM],(f1.d1)[LMO],#a1[LMO],(d1.#a)[LMO],#g[LM],(#D-1.#d1)[LMN],(#d.g)[LMO],(#A-1.#f)[LM],(#d.g)[LMO],(#D-1.#d1)[LM],(#d.g)[LM],(#A-1.#a)[LM],(#d.g)[LM],(#D-1.g1)[LM],(c.#g)[LM],(#d.c1)[LM],(c.#g)[LM],(#D-1.f1)[LM],(c.#g)[LM],(#d.c1)[LM],(c.#g)[LM],(#D-1.#a1)[LM],(#g.#a)[LM],(f.d1)[LM],(#g.#a)[LM],(d.#a1)[LM],(#g.#a)[LM],(f.#a1)[LM],(#g.#a)[LM],(#D-1.c2)[LM],(g.#a)[LM],(#d.#d1)[LM],(g.#a)[LM],(#A-1.#a1)[LMO],(g.#a)[LM],(#d.#d1)[LM],(g.#a)[KNO],(#d.g2)[LMO],(g1.#a1)[LM],(#d1.#c2)[LM],(g1.#a1)[LM],(#d.g2)[LM],(g1.#a1)[LM],(#d1.#c2.#d2)[LM],(g1.#a1)[LM],(#G-1.#a2)[LM],(c1.#g1)[LM],(#g.c2)[LM],(c1.#g1)[LM],(#G-1.#g2)[LM],(c1.#g1)[LM],(#g.c2)[LM],(c1.#g1)[LM],(#A-1.#g1.f2)[LMO],(d1.f1)[LM],(#a.#g1)[LM],(d1.f1)[LM],(#A-1.#g1.d2)[LMO],(d1.f1)[LMO],(#a.#g1)[LM],(d1.f1)[LMO],(#d.g1.#d2)[LM],#d1[LMO],(#a.g1)[LMO],(g.#a1)[LMO],(#d.#d2)[JKNO],(#A-1.#c2)[LMO],(#a.#c1)[LM],(g.e1)[LM],(#a.#c1)[LM],(#A-1.#c2)[LM],(g.e1)[LM],(#A-1.#c2)[LM],(g.e1)[LM],(#G-1.c2)[LM],(#g.c1)[LM],(f.f1)[LM],(#g.c1)[LM],(#G-1.c2)[LM],(#g.c1)[LM],(f.f1)[LM],(#g.c1)[LM],(G-1.e2)[LM],(g.e1)[LM],(c.#a1)[LM],(g.e1)[LM],(G-1.e2)[LM],(g.e1)[LM],(c.e2.#a1)[LM],(g.e1)[LM],(F-1.#g1.f2)[LM],(f.f1)[LM],(c.#g1)[LM],(f.f1)[LM],(F-1.f2)[LMO],(f.f1)[LMO],(c.#g1)[LMO],(f.f1)[LMO],(f.#g2)[LM],(f1.#g1)[LMO],(d1.b1)[LMO],(f1.#g1)[LM],(f.#g2)[LM],(f1.b1)[LM],(d1.#g2)[LMO],(f1.b1)[LM],(#d.g2)[LM],(#d1.g1)[LM],(c1.c2)[LM],(#d1.g1)[LM],(#d.g2)[LM],(#d1.g1)[LM],(c1.c2)[LM],(#d1.g1)[LM],(d.b2)[LM],(d1.b1)[LM],(g.f2)[LM],(d1.b1)[LM],(d.b2.f2)[LM],(d1.b1)[LMO],(g.b2.f2)[LM],(d1.b1)[LM],(c.c3)[LMO],(c1.c2)[LMO],(g.#d2)[LM],(c1.c2)[LMO],(c.c3)[LMN],(c1.c2)[LMN],(g.#d2)[LMNO],(c1.c2)[LMNO],(#g.c3)[LMNO],(#g1.c2)[LMN],(#d1.#d2)[LM],(#g1.c2)[LMO],(g.#a2)[LMO],(g1.#a1)[LM],(#d1.#d2)[LM],(g1.#a1)[LM],(#f.a2)[LM],(#f1.a1)[LM],(c1.#d2)[LM],(#f1.a1)[LM],(f.#g2)[LM],(f1.#g1)[LM],(#a.d2)[LM],(f1.#g1)[LM],(#d.g2)[LM],(#d1.g1)[LM],(#a.#a1)[LM],(#d1.g1)[LM],(#d.#f2)[LM],(#d1.#f1)[LM],(#a.#a1)[LM],(#d1.#f1)[LM],(B-1.#d2)[LM],(b.#d1)[LMO],(#d.#f1)[LM],(b.#d1)[LMO],(B-1.a1)[LM],(b.#d1)[LM],(#d.#f1)[LM],(b.#d1)[LMO],(#a.#A-1.d1)[LM],#a1[LM],(e1.g1)[LM],c2[LM],(#g1.f1)[LM],d2[LM],(#a1.g1)[LM],#d2[LM],(#A-1.#A-2.c2.#g1)[LM],f2[LM],(#a1.d2)[LM],g2[LM],(c2.#d2)[LM],#g2[LM],(d2.f2)[LM],#a2[LM],(#A-2.c2.#d2)[LMO],#g2[LM],(#A-1.#a1.d2)[LM],g2[LM],(#a.c2.#g1)[LM],f2[LM],(#A-1.#a1.g1)[LM],#d2[LM],(#A-1.#A-2.f1.#g1)[LM],d2[LMO],(#d1.g1)[LMO],c2[LM],(f1.d1)[LM],#a1[LMO],(d1.#a)[LMN],#g[LMO],(#D-1.#d1)[LMO],(#d.g)[LMO],(#A-1.#f)[LM],(#d.g)[LM],(#D-1.#d1)[LM],(#d.g)[LM],(#A-1.#a)[LM],(#d.g)[LM],(#D-1.g1)[LM],(c.#g)[LM],(#d.c1)[LM],(c.#g)[LM],(#D-1.f1)[LM],(c.#g)[LM],(#d.c1)[LM],(c.#g)[LM],(#D-1.#a1)[LM],(#g.#a)[LM],(f.d1)[LM],(#g.#a)[LM],(d.#a1)[LM],(#g.#a)[LM],(f.#a1)[LM],(#g.#a)[LM],(#D-1.c2)[LM],(g.#a)[LM],(#d.#d1)[LMO],(g.#a)[LM],(#A-1.#a1)[LMO],(g.#a)[LM],(#d.#d1)[LM],(g.#a)[KNO],(#d.g2)[LMO],(g1.#a1)[LM],(#d1.#c2)[LM],(g1.#a1)[LM],(#d.g2)[LM],(g1.#a1)[LM],(#d1.#c2.#d2)[LM],(g1.#a1)[LM],(#G-1.#a2)[LM],(c1.#g1)[LM],(#g.c2)[LM],(c1.#g1)[LM],(#G-1.#g2)[LM],(c1.#g1)[LM],(#g.c2)[LM],(c1.#g1)[LM],(#A-1.#g1.f2)[LM],(d1.f1)[LM],(#a.#g1)[LMO],(d1.f1)[LM],(#A-1.#g1.d2)[LMO],(d1.f1)[LM],(#a.#g1)[LMO],(d1.f1)[LMO],(#d.g1.#d2)[LM],#d1[LMO],(#a.g1)[LMO],(g.#a1)[LMN],(#d.#d2)[JKMO],(c.C-1.g)[KO],c1[LMN],#d1[LMN],g1[LMO],c2[LM],#d2[LM],#g2[LM],g2[LMN],(d.D-1.b)[LMO],d1[LMO],f1[LM],b1[LM],d2[LM],f2[LM],#g2[LM],g2[LMN],(#d.#D-1.c1)[LMN],#d1[LMO],g1[LM],b1[LM],c2[LM],g2[LM],c3[LM],#a2[LMO],(f.F-1.#g2)[LMN],f2[LMO],d2[LM],#g1[LM],f1[LM],d1[LMO],#g[LMN],f[LMO],(G-1.g1)[LMN],(#d.g)[LM],(c.c1)[LMO],(#d.g)[LM],(G-1.g1)[LM],(#d.g)[LM],(c.g1)[LM],(#d.g)[LM],(G-1.#g1)[LMO],(#d.#g)[LMO],(c.#g1)[LMO],(#d.#g)[LM],(G-1.g1)[LMN],(#d.g)[LMN],(c.g1)[LMN],(#d.g)[LMO],(G-1.g1)[LMN],(f.g)[LMN],(d.b)[LM],(f.g)[LM],(G-1.g1)[LMO],(f.g)[LM],(d.g1)[LM],(f.g)[LM],(G-1.#g1)[LMO],(f.#g)[LM],(d.#g1)[LM],(f.#g)[LMO],(G-1.g1)[LM],(f.g)[LMO],(d.g1)[LMO],(f.g)[LMN],(C-1.c.g)[LMO],c1[LM],#d1[LM],g1[LM],c2[LM],#d2[LM],#g2[LM],g2[LMN],(D-1.d.b)[LMN],d1[LMO],f1[LM],b1[LM],d2[LM],f2[LM],#g2[LM],g2[LMO],(#D-1.#d.c1)[LMN],#d1[LMO],g1[LM],b1[LM],c2[LM],g2[LM],c3[LM],#a2[LMN],(F-1.f.#g2)[LMO],f2[LMO],d2[LM],#g1[LM],f1[LMO],d1[LMO],#g[LMO],f[LMO],(G-1.g1)[LMN],(#d.g)[LM],(c.c1)[LMO],(#d.g)[LMO],(G-1.g1)[LM],(#d.g)[LM],(c.g1)[LM],(#d.g)[LM],(G-1.#g1)[LM],(#d.#g)[LMO],(c.#g1)[LMO],(#d.#g)[LMO],(G-1.g1)[LMO],(#d.g)[LMN],(c.g1)[LMN],(#d.g)[LMN],(G-1.g1)[LMO],(f.g)[LMN],(d.b)[LM],(f.g)[LMO],(G-1.g1)[LM],(f.g)[LM],(d.g1)[LM],(f.g)[LMO],(G-1.#g1)[LM],(f.#g)[LM],(d.#g1)[LMO],(f.#g)[LM],(G-1.g1)[LM],(f.g)[LMO],(d.g1)[LMN],(f.g)[KO],(C-1.c2)[LMO],#d1[LM],(c.g1)[LM],#d1[LM],(c1.c2)[LM],#d1[LM],(c.c2)[LM],#d1[LM],(#A-1.#d2)[L],c[M],f1[M],#A-1[L],(c.#g1)[L],#A-1[M],f1[M],c[L],(#A-1.#c2)[LO],c[M],f1[M],#A-1[L],(c.#g1)[L],A-1[M],f1[M],#A-1[L],(#d.#c1.f2)[LM],g1[LMO],(#c1.f2)[LM],g1[LMO],(c1.#d2)[LM],#g1[LM],(#a.#c2)[LMO],g1[LMO],(#d.a.c2)[LM],#d1[LMO],(#a.#c2)[LMO],#d1[LMO],(#g.c2)[LMO],#d1[LMO],(g.#a1)[LMO],#d1[LMN],(#G-1.c2)[LMO],(#g.c1)[LMO],(#d.#d1)[LM],(#g.c1)[LM],(#G-1.c2)[LM],(#g.c1)[LMO],(#G-1.c2.#g1)[LM],(#g.c1)[LM],(#A-1.#d2)[LMO],(#a.#c1)[LM],(f.f1)[LM],(#a.#c1)[LM],(#A-1.#c2)[LM],(#a.#c1)[LMO],(f.f1)[LM],(#a.#c1)[LMO],(#D-1.f2)[LM],(#d.#d1)[LM],(#A-1.g1)[LM],(#d.#d1)[LM],(#D-1.#d2)[LM],(#d.#d1)[LM],(#A-1.#c2.g1)[LM],(#d.#d1)[LM],(E-1.#c2)[LM],(e.#c1)[LM],(#A-1.g1)[LM],(e.#c1)[LMO],(E-1.c2)[LM],(e.c1)[LM],(#A-1.g1)[LM],(e.c1)[LM],(F-1.#G-1.f.c2)[LMN],c1[LMO],d1[LMO],e1[LMO],(f.#G-1.f1)[LM],g1[LM],(f.#G-1.#g1)[LM],#a1[LM],(#g.c.c2)[LM],d2[LM],e2[LM],f2[LM],(#A-1.g.g2)[LM],#g2[LM],#a2[LM],c3[LM],(C-1.c.d3)[LM],e3[LM],f3[LM],g3[LM],(c.c1.g.#a.#g3)[LM],#a3[LM],c4[LMO],d4[LM],(C-1.c.e4)[K],#a3[LMNO],g3[LMN],e3[LMN],(c.c1.g.#a.e3)[LMO],#a2[LMO],g2[LMN],e2[LMN],(#c.f2)[LMN],(#c1.f1)[LM],(#g.#g1)[LM],(#c1.f1)[LM],(#c.f2)[LNO],(#c1.f1)[LM],(#g.f2.#g1)[LM],(#c1.f1)[LM],(#d.#g2)[LM],(#d1.#f1)[LM],(#a.#a1)[LM],(#d1.#f1)[LNO],(#d.#f2)[LM],(#d1.#f1)[LM],(#a.#a1)[LM],(#d1.#f1)[LM],(c.#f2)[LM],(c1.#f1)[LM],(#d.a1)[LM],(c1.#f1)[LM],(c.a1.f2)[LM],(c1.#f1)[LM],(#d.#d2.a1)[LNO],(c1.#f1)[LM],(#A-1.#d2)[LM],(#a.f1)[LM],(f.#a1)[LM],(#a.f1)[LM],(#A-1.d2)[LNO],(#a.f1)[LM],(f.#a1)[LM],(#a.f1)[LMN],(e.#c3)[LMN],(g1.#c2)[LM],(e1.g2)[LM],(g1.#c2)[LM],(e.g2.c3)[LM],(g1.c2)[LM],(e1.#a2.g2)[LM],(g1.#c2)[LM],(f.#a2)[LM],(f1.c2)[LM],(e1.f2)[LMO],(f1.c2)[LM],(f.a2)[LM],(f1.c2)[LMO],(e1.f2)[LM],(f1.c2)[LM],(#d1.f.#f2)[LM],a1[LM],#f2[LMO],a1[LM],(f.#c1.f2)[LM],a1[LMO],(f.c1.#d2)[LM],a1[LM],(f.#a.#c2)[LM],#a1[LMO],(#a.#c2)[LM],e1[LM],(c1.c2)[LMO],e1[LM],(#c1.#a1)[LM],e1[LM],(c1.f.a1)[LM],f1[LMO],(#d1.#f2)[LM],a1[LM],(f.#c1.f2)[LMO],a1[LM],(f.c1.#d2)[LM],a1[LM],(f.#a.#c2)[LMO],#a1[LM],(#a.#c2)[LMO],e1[LM],(c1.c2)[LMO],e1[LM],(#c1.#a1)[LMO],e1[LMO],(f.c1.a1)[LMO],f1[LM],f2[LMO],a1[LMO],(F-1.f.f2)[LMN],a1[LMN],f1[LMO],a1[LMO],(#F-1.#f.f2)[LMN],#a1[LMO],f1[LMN],#a1[LMO],#d2[LMN],#a1[LMO],#d1[LMN],#a1[LMO],(#G-1.#g.#d2)[LMN],#g1[LMO],f1[LMO],#g1[LMN],#c2[LMN],#g1[LMO],f1[LMO],#g1[LMN],(A-1.a.#c2)[LMN],#f1[LMO],#d1[LMO],#f1[LMN],c2[LMO],f1[LMN],#d1[LMO],f1[LMN],(#A-1.#a.#c1.#a1)[KLN],#a1[LMN],#c2[LMO],(#a.#A-1.#a2)[LMO],#c2[LM],#a1[LMO],#c2[LM],(c.c1.a2)[LMO],#d2[LM],#a1[LM],#d2[LM],(d.d1.#g2)[LMO],f2[LMO],#a1[LM],f2[LMO],(#d.#d1.#f2.#d2)[KLN],#d1[LMO],#f1[LM],(#d.#D-1.#d2)[LMO],#f1[LMO],#d1[LM],#f1[LMO],(F-1.f.d2)[LMO],#g1[LM],#d1[LM],#g1[LMO],(G-1.g.#c2)[LM],#a1[LMO],#d1[LM],#a1[LMO],(#G-1.#g.c2)[LM],#g1[LMO],#d1[LM],#g1[LM],(F-1.f.f2)[LM],a1[LM],f1[LM],a1[LM],(G-1.g.e2)[LM],#a1[LM],f1[LM],#a1[LM],(A-1.a.#d2)[LM],c2[LM],f1[LM],c2[LM],(#A-1.#a.d2)[LMO],#a1[LM],f1[LMO],#a1[LM],(#F-1.#f.#c2)[LM],e1[LMO],#c1[LMO],e1[LM],(#F-1.#f.c2)[LMN],e1[LMO],c1[LMN],e1[LMNO],#a1[LMN],e1[LMNO],c1[LMNO],e1[LMNO],(f.F-1.f1.a1)[KLM],(f.F-1.a)[LMN],f1[LMO],(f.F-1.#a)[LM],g1[LNO],(f.F-1.c1)[LM],a1[LM],(f.F-1.#c1)[LM],#a1[LM],#d1[LM],c2[LM],f1[LNO],#c2[LM],e1[LM],#a1[LM],(f.F-1.f1.a1)[KL],(f.F-1.a)[LM],f1[LM],(f.F-1.#a)[LM],g1[LM],(f.F-1.c1)[LM],a1[LNO],(f.F-1.#c1)[LM],#a1[LM],#d1[LM],c2[LM],f1[LM],#c2[LNO],e1[LM],#a1[LM],(f1.a1)[KLN],f1[LMO],g1[LMO],a1[LM],#a1[LM],c2[LM],d2[LM],#d2[LM],d2[LM],c2[LM],d2[LM],#d2[LM],f2[LMO],g2[LM],a2[LMO],(#A-1.#a2)[LM],(#a.d2)[LM],(f.f2)[LM],(#a.d2)[LM],(#A-1.#a2)[LM],(#a.d2)[LM],(#A-1.#a2)[LM],(#a.d2)[LM],(#d.d3)[LM],(#d1.#d2)[LM],(c1.g2)[LM],(#d1.#d2)[LM],(#d.c3)[LM],(#d1.#d2)[LM],(c1.c3.g2)[LM],(#d1.#d2)[LM],(f.#a2)[LM],(f1.d2)[LM],(d1.f2)[LM],(f1.d2)[LM],(f.a2)[LM],(#d1.c2)[LM],(#f1.a2.#d2)[LM],(f1.c2)[LM],(#A-1.#a2)[LM],(d1.#a1)[LM],(#a.d2)[LM],(d1.#a1)[LM],(#A-1.#a2)[LM],(d1.#a1)[LM],(#a.d2)[LM],(d1.#a1)[LM],(d.#a2.#g2)[LM],(#a.#a1)[LM],(d1.#a2.#f2)[LM],(#a.#a1)[LM],(#d.#a2.g2)[LM],(#d1.#a1)[LM],(#d.b2.g2)[LM],(#d1.b1)[LM],(e.c3.#a2)[LM],(c1.c2)[LM],(e1.c3.#g2)[LM],(c1.c2)[LM],(f.c3.a2)[LM],(f1.c2)[LM],(#A-1.#a2.g2)[LM],(#a.d2)[LM],(c.a2.f2)[LM],(c1.c2)[LM],(c.a2.f2)[LM],(c1.c2)[LM],(c.g2.e2)[LM],(c1.#a1)[LM],(c.g2.e2)[LM],(c1.#a1)[LM],(f.f1.f2.a1)[LM],(e1.#c2.#a1)[LM],(f1.f.c2.a1)[LM],(#c1.e2.#a1)[LM],(f.c1.a1.f2)[KLN],f1[KLN],(#d.c1.a1)[LM],#f2[LMO],(#d.c1.a1)[LMO],#f2[LMN],(e.#c1.#a1.g2)[KLNO],g1[KLNO],(f.d1.b1)[LMN],#g2[LMNO],(f.d1.b1)[LMN],#g2[LMNO],(#f.#d1.c2.a2)[J],a1[JMNO],(E-1.e.#c3.a2)[LMO],e2[LMN],#d2[LMO],e2[LMO],(e.e1.a.#c1.#c3.a2)[LM],e2[LM],(#c3.a2)[LM],e2[LM],(E-1.e.#g2.e3)[LM],e2[LM],#d2[LM],e2[LM],(e1.e.d3.#g2)[LM],e2[LM],#d2[LM],e2[LM],(E-1.e.#c3.a2)[LM],e2[LM],#d2[LM],e2[LM],(e.e1.a.#c1.#c3.a2)[LM],e2[LM],(#c3.a2)[LM],e2[LM],(E-1.e.#g2.e3)[LM],e2[LM],#d2[LM],e2[LM],(e1.e.d3.#g2)[LM],e2[LM],#d2[LM],e2[LM],(f1.f.b2.#c3)[LM],#g2[LM],(b2.#c3.g2)[LM],#g2[LM],(#f1.#f.#c3.a2)[LM],#f2[LM],(#c3.a2)[LM],#f2[LM],(#f1.#f.c3.d3)[LM],a2[LM],(d3.#g2.c3)[LM],a2[LM],(g1.g.b2.d3)[LM],g2[LM],(b2.d3)[LM],g2[LM],(g.G-1.#d3)[LM],#a2[LM],#d3[LM],#a2[LMO],(#f.#F-1.e3.e2)[LM],#a2[LMO],(e3.e2)[LM],#a2[LMO],(F-1.f.f2.a2.f3)[KLNO],(f1.#c2.#a2)[LMO],e3[LMO],(f1.c2.a2)[LM],f3[LM],(f.#c1.#a1)[LMO],e2[LM],(f.c1.a1)[LMO],f2[LM],(f.#c1.e1)[LM],#a1[LM],(f.c1.f1)[LMO],a1[LM],(f.#c1.e1)[LM],#a1[LMO],(f.c1.f1)[LM],a1[LMN],(f.#d1.a.c1.f1)[LMN],g1[LM],a1[LMO],#a1[LMO],c2[LM],#c2[LM],d2[LMO],#d2[LM],f2[LMO],g2[LM],f2[LMO],#d2[LMO],d2[LMNO],c2[LMN],(#A-1.#a1)[LMNO],(#a.d1)[LMN],(d.f1)[LMO],(#a.d1)[LMO],(#A-1.#a1)[LM],(#a.d1)[LMO],(d.#a1)[LMO],(#a.d1)[LMO],(#d.d2)[LM],(c1.#d1)[LMO],(g.g1)[LM],(c1.#d1)[LMO],(#d.c2)[LM],(c1.#d1)[LMO],(g.g1)[LM],(c1.#d1)[LM],(f.g2)[LMO],(#d1.a1)[LM],(c1.c2)[LMO],(#d1.a1)[LM],(d1.f2)[LM],(f.a1)[LM],(c1.#d2)[LM],(f.a1)[LM],(#A-1.#d2)[LMO],(c1.f1)[LM],(f.a1)[LM],(c1.f1)[LMO],(#A-1.d2)[LM],(#a.f1)[LMO],(f.#a1)[LMO],(#a.f1)[LMN],(G-1.g.#a1.d2)[LM],#a2[LM],(#a1.d2)[LNO],#a2[LM],(D-1.d.#a1.d2)[LM],a2[LM],(d2.#a1)[LM],g2[LM],(#A-1.#a.c2.d2)[LNO],g2[LM],(A-1.a.d2.c2)[LM],#f2[LM],(#F-1.#f.c2.d2)[LM],#d2[LM],(D-1.d.d2)[LM],c2[LM],(G-1.g.#a1.d2)[LM],#a2[LM],(#a1.d2)[LM],#a2[LM],(G-2.G-1.#a1.d2)[LNO],a2[LM],(d2.#a1)[LM],g2[LM],(#G-2.#G-1.c2.d2)[LM],g2[LMO],(d2.c2)[LM],#f2[LM],(#G-1.#g.c2.d2)[LMO],e2[LMO],(d2.c2)[LM],#f2[LMO],(G-1.g.b1.f2)[LMO],g2[LMO],f2[LMO],e2[LM],(b1.f2)[LMN],#g2[LMO],g2[LMO],f2[LMN],(C-1.c.e2.#a1)[LMN],#c2[LMN],c2[LMN],#a1[LMN],(F-1.f.a1.#d2)[LMN],g2[LMN],f2[LMN],#d2[LMN],(g.#a.d2)[LMNO],a1[LMNO],#a1[LMNO],#f1[LMNO],(c1.#d.g1)[K],c2[LMNO],#d2[K],g2[LMNO],(f.d1.#a1)[JLMN],(#d1.c2)[LNO],(d1.#a1)[LNO],(c1.a1)[LN],(d1.#a1)[LNO],(f1.f.d2.a1)[IMO],(f.#d1.a1.c2)[KNO],(f.#d1.c2.a1)[KN],#c2[KN],(#a.d1.#a1.d2)[IL],(c2.#d2)[J],g2[LNO],f2[LN],e2[LNO],(G-1.g.b1.f2)[J],#g2[KLO],g2[KMNO],f2[KMNO],(c.c1.#a1.e2)[KMNO],#c1[KMNO],c1[KMNO],c1[KMO],f2[MNO],#d2[MNO],d2[L],(f.c1.#d2.a1)[KL],g2[KMNO],f2[KMNO],#d2[KMN],(g.#a.#a1.d2)[IJMN],(#d.g1.c2)[IJMNO],(f.#d1.a1)[IJMN],(#A-1.#a1)[LMN],d1[LMO],(#a.d1.f.f1)[LM],#a1[LM],(#A-1.d2)[LM],f2[LM],(#a.d1.f.#a2)[LM],d3[LM],(#A-1.#d3)[LM],#f3[LM],(f.#d1.a.c1.c3)[LM],#d3[LM],(#A-1.a2)[LM],c3[LM],(f.#d1.a.c1.f2)[LM],a2[LM],(#A-1.#a2)[LM],d1[LM],(#a.d1.f.f1)[LM],#a1[LM],(#A-1.d2)[LM],f2[LM],(#a.d1.f.#a2)[LM],d3[LM],(#A-1.#d3)[LM],#f3[LM],(f.#d1.a.c1.c3)[LM],#d3[LM],(#A-1.a2)[LM],c3[LM],(f.#d1.a.c1.f2)[LM],a2[LM],(d1.#a.#a2)[LM],f2[LM],#a2[LM],d3[LM],(d2.f1.f3)[LM],f2[LM],#a2[LM],d3[LM],(#c2.f1.e3)[LM],g2[LM],#a2[LM],e3[LM],(c2.#d3)[LM],f2[LM],a2[LM],#d3[LM],(#a1.d3)[LM],f2[LM],#a2[LM],d3[LM],(#d1.c3)[LO],f1[NO],#d2[MNO],#d1[MO],g2[M],d1[L],c3[N],#d1[LN],(f1.#a2)[LM],f2[LM],(e1.d3)[LM],#a2[LM],(f1.a2)[LM],f3[LM],(a.#d1.f.#d3)[LM],c3[LM],(#a.d1.#a2)[LM],d1[LM],(#A-1.f1)[LM],#a1[LM],(#a.d1.f.d2)[LM],f2[LM],(#A-1.#a2)[LM],d3[LM],(#A-1.#d3)[LM],#f3[LM],(f.#d1.a.c1.c3)[LM],#d3[LM],(#A-1.a2)[LM],c3[LM],(f.#d1.a.c1.f2)[LM],a2[LM],(#a.d1.#a2)[LM],d1[LM],(#A-1.f1)[LM],#a1[LM],(#a.d1.f.d2)[LM],f2[LM],(#A-1.#a2)[LM],d3[LM],(#A-1.#d3)[LM],#f3[LM],(f.#d1.a.c1.c3)[LM],#d3[LM],(#A-1.a2)[LM],c3[LM],(f.#d1.a.c1.f2)[LM],a2[LM],(#a.d1.#a2)[LM],f2[LM],#a2[LM],d3[LM],(#G-1.#g.f3)[LM],f2[LM],c3[LM],f3[LM],(G-1.g.b2)[LM],g2[LM],b2[LMO],d3[LMO],(F-1.f.#g3)[LMO],b2[LMO],d3[LMO],#g3[LMO],(#D-1.#d.g3)[LM],g2[LM],c3[LM],g3[LMO],(F-1.f.f3)[LM],#g2[LM],d3[LMO],f3[LM],(G-1.g.#d3)[LM],c3[LM],g2[LM],#d2[LMO],d2[LM],b1[LM],g1[LMO],f1[LM],(c.c2)[LM],(c1.#d1)[LM],(g.g1)[LM],(c1.#d1)[LM],(c.c2)[LM],(c1.#d1)[LMO],(c.g1)[LM],(c1.#d1)[LM],(c.#d2)[LM],(d1.f1)[LM],(#g.#g1)[LM],(d1.f1)[LMO],(c.d2)[LM],(d1.f1)[LM],(#g.#g1)[LMO],(d1.f1)[LMO],(B-1.#g2)[LM],#g1[LMO],(b.f1.d2)[LMO],#g1[LM],(B-2.B-1.g2)[LM],g1[LM],(B-2.B-1.d2.f2)[LMO],#g1[LM],(#A-1.#A-2.f2.#c2)[LMO],g1[LM],(#c2.f2)[LMO],g1[LM],(A-1.A-2.e2.#c2)[LMO],g1[LMN],(#c2.e2)[LMO],a1[LMO],(d.d2)[LMN],f1[LM],(a.d1.f.a1)[LMO],d2[LMO],(d.f2)[LM],a2[LMO],(a.d1.f.d3)[LM],f3[LM],(A-1.g3)[LMO],#a3[LM],(e.#c1.g.a.e3)[LM],g3[LM],(A-1.#c3)[LM],e3[LMO],(e.#c1.g.a.a2)[LM],#c3[LMO],(d.d3)[LM],f1[LM],(a.d1.f.a1)[LM],d2[LM],(d.f2)[LMO],a2[LM],(a.d1.f.d3)[LM],f3[LMO],(A-1.g3)[LM],#a3[LM],(e.#c1.g.a.e3)[LM],g3[LM],(A-1.#c3)[LMO],e3[LM],(e.#c1.g.a.a2)[LMO],#c3[LM],(f.d.d3)[LM],a2[LM],d3[LM],f3[LMO],(a1.f2.a3)[LM],a2[LM],d3[LMO],a3[LM],#g3[LM],b2[LM],d3[LMO],#g3[LM],(e2.a1.g3)[LM],a2[LMO],#c3[LM],g3[LM],(d2.f3)[LM],a2[LM],(d1.d3)[LMO],f3[LM],(g1.e3)[LN],a1[N],g2[L],g1[MO],#a2[M],#f1[L],e3[N],g1[LN],(a1.d3)[LM],f2[LMO],(a.a2)[LM],d3[LM],(#A-1.#c3)[LMO],e2[LM],(A-1.g2)[LM],#c3[LM],(d.d3)[LM],d2[LMO],(a.d1.f.e2)[LM],f2[LM],(d.g2)[LMO],a2[LM],(a.d1.f.b2)[LM],#c3[LM],(d.d3)[LMO],e3[LM],(a.d1.f.d3)[LMO],#c3[LM],(d.d3)[LM],f3[LMO],(a.d1.f.e3)[LMO],d3[LM],(F-1.#d3)[LMO],c3[LM],a2[LM],f2[LMO],(f.#d1.a.c1.#f2)[LM],f2[LM],#d2[LMN],c2[LMO],(F-1.#d3)[LMN],c3[LM],a2[LM],f2[LM],(f.#d1.a.c1.#f2)[LMO],f2[LM],#d2[LMO],c2[LMN],(#A-1.#a1)[LMN],#c2[LMO],d2[LMO],e2[LM],(#a.d1.f.f2)[LM],a2[LMO],#a2[LM],#c3[LM],(#A-1.d3)[LM],e3[LM],f3[LM],a3[LM],(#a.d1.f.#a3)[LM],#c4[LMO],d4[LM],#a3[LM],(F-1.a3)[LM],f3[LM],#d3[LM],c3[LM],(f.#d1.a.c1.#f2)[LM],f2[LM],#d2[LM],c2[LM],(F-1.#d3)[LM],c3[LM],a2[LMO],f2[LM],(f.#d1.a.c1.#f2)[LM],f2[LM],#d2[LM],c2[LMO],(#A-1.#a1)[LM],(#a.d1)[LM],(f.f1)[LMO],(#a.d1)[LM],(#A-1.#a1)[LM],(#a.d1)[LM],(#A-1.#a1)[LM],(#a.d1)[LM],(#d.d2)[LM],(c1.#d1)[LM],(g.g1)[LM],(c1.#d1)[LM],(#d.c2)[LM],(c1.#d1)[LM],(g.g1)[LMO],(c1.#d1)[LM],(f.g2)[LMO],(#d1.a1)[LM],(c1.#g1)[LMO],(#d1.a1)[LM],(d1.f2)[LM],(f.a1)[LM],(c1.#d2)[LM],(f.a1)[LM],(c1.#d2)[LMO],(f.a1)[LMO],(#A-1.f1)[LMO],(f.a1)[LM],(#a.d2)[LMN],(f.#a1)[LMN],(#A-1.f1)[LMNO],(d.#a1)[LMNO],(#f.#c2)[LMNO],(#c1.#f1)[LMN],(#a.#a1)[LMO],(#c1.#f1)[LM],(#f.#c2.#a1)[LMO],(#c1.#f1)[LM],(#a.#c2.#a1)[LM],(#c1.#f1)[LMO],(f.b1.#d2)[LM],(#c1.#g1)[LM],(#g.b1)[LM],(#c1.#g1)[LM],(f.b1.#c2)[LMO],(#c1.#g1)[LM],(#g.b1)[LM],(#c1.#g1)[LMO],(#c2.b2)[LM],b1[LM],(#C-1.#c.#c2)[LM],b1[LMO],(#D-1.#d.#a2.#c2)[LM],b1[LM],(F-1.f.#g2.#c2)[LM],#a1[LM],(#f.#F-1.#a1.#g2)[LM],#c2[LM],#a1[LM],#c2[LM],(#a1.#f2)[LMO],#c2[LMO],#a1[LMO],#c2[LMO],(#f.#c2)[LMO],(#c1.#f1)[LMN],(#a.#a1)[LMO],(#c1.#f1)[LMO],(#f.#c2.#a1)[LM],(#c1.#f1)[LM],(#a.#c2.#a1)[LM],(#c1.#f1)[LMO],(f.b1.#d2)[LM],(#c1.#g1)[LM],(#g.b1)[LMO],(#c1.#g1)[LM],(f.b1.#c2)[LM],(#c1.#g1)[LM],(#g.b1)[LMO],(#c1.#g1)[LM],(#c2.b2)[LMO],b1[LM],(#C-1.#c.#c2)[LM],b1[LM],(#D-1.#d.#a2.#c2)[LMO],b1[LM],(F-1.f.#g2.#c2)[LM],#a1[LMO],(#f.#F-1.#a1.#g2)[LM],#c2[LM],#a1[LM],#c2[LMO],(#a1.#f2)[LM],#c2[LMO],#a1[LM],#c2[LM],(e2.e3)[LMNO],#f2[LMN],(#F-1.#f.e2)[LMO],#f2[LM],(#G-1.#g.#d3)[LMO],#f2[LM],(#A-1.#a.#c3)[LM],e2[LMO],(b.B-1.b2)[LM],b1[LM],#d2[LM],#f2[LM],b2[LMO],#f2[LM],#d2[LMO],b1[LM],(c1.c.a2)[LM],a1[LM],#d2[LM],#f2[LM],(C-1.c.a2)[LM],#f2[LM],#d2[LM],a1[LM],(d.D-1.#a2)[LM],#a1[LM],d2[LM],f2[LM],#a2[LM],f2[LM],d2[LM],#a1[LM],(#d.#D-1.g2)[LM],g1[LM],#a1[LM],#d2[LM],g2[LM],#d2[LM],#a1[LM],g1[LM],(f.F-1.f2)[LM],d2[LM],#a1[LM],f1[LM],#a1[LM],f1[LMO],(#a1.d2)[LMN],f2[LMN],#d3[LMO],f2[LMN],(F-1.f.#d2)[LM],f2[LMO],(G-1.g.d3)[LM],f2[LM],(A-1.a.#d2.c3)[LMO],f2[LM],(#a.#A-1.#a2)[LM],a1[LM],#a1[LM],d2[LMO],f2[LM],d2[LM],f2[LMO],#a2[LM],f3[LM],g2[LM],(G-1.g.#f2)[LMO],g2[LM],(A-1.a.#f2.#d3)[LM],g2[LMO],(B-1.b.f2.d3)[LM],g2[LM],(c.c1.d3.f2)[LM],g2[LM],(G-1.g.b2)[LM],f2[LM],(C-1.c.#d2.c3)[LM],g2[LM],#f2[LM],g2[LM],g3[LM],a2[LM],(A-2.A-1.#g2)[LM],a2[LM],(B-2.B-1.#g2.f3)[LM],a2[LM],(#C-1.#c.e3.#f2)[LM],g2[LM],(A-2.A-1.e2.#c3)[LM],g2[LM],a2[LMO],e2[LM],(D-1.d.f2.d3)[LMO],a2[LMO],f2[LMO],d2[LM],(#A-1.d2)[LMO],(#a.f1)[LMO],(d.#g1)[LM],(#a.f1)[LM],(#A-1.#g1.d2)[LM],(#a.f1)[LM],(d.#g1.d2)[LM],(#a.f1)[LM],(#d.f2)[LM],(c1.#d1)[LM],(g.g1)[LM],(c1.#d1)[LM],(#d.#d2)[LM],(c1.#d1)[LM],(g.g1)[LM],(c1.#d1)[LM],(#d.d2)[LM],(c1.#d1)[LM],(g.g1)[LM],(c1.#d1)[LM],(#d.c2)[LM],(c1.#d1)[LM],(g.g1)[LM],(c1.#d1)[LM],(F-1.#a1)[LM],d1[LM],(f.f1)[LM],d1[LM],(#F-1.#d1)[LM],a1[LM],(F-1.f1)[LM],#d1[LM],(#A-1.#A-2.#a1.d1)[LM],f1[LM],d1[LM],#a1[LM],d2[LM],#g1[LM],(f1.d2)[LM],#g1[LM],(#d2.g1)[LM],#a1[LM],g1[LM],#d1[LM],(a1.#d1)[LM],#f1[LM],#d1[LMO],c1[LMO],(#A-1.#A-2.#a1.d1)[LMO],f1[LMO],d1[LM],#a1[LMO],d2[LMO],#g1[LMO],(f1.d2)[LMO],#g1[LM],(#d2.g1)[LMO],#a1[LMO],g1[LMO],#d1[LMO],(a1.#d1)[LMO],#f1[LMO],#d1[LMN],c1[LMO],(f.#A-1.#a1)[LMO],d1[LMN],(#f.#d1)[LMO],a1[LMN],(f.#a1)[LM],d1[LM],(#f.#d1)[LM],a1[LMO],(f.#A-1.#a1)[LM],d1[LM],(#f.#d1)[LMO],a1[LMO],(f.#a1)[LMO],d1[LMO],(#f.#d1)[LMN],a1[LMN],(#A-1.f.d1.#a1)[JKMNO],(#A-1.#a.d2.#a2.#a1)[JKMNO],(#A-1.#a.d2.#a2.#a1)[HILM],"],"id":2,"instruments":["piano","piano"],"alternatives":["",""]},{"bpm":480,"baseBeats":0.75,"scores":["mute[KMN],mute[LMNO],mute[LM],mute[LM],mute[LM],mute[LM],mute[LM],mute[LM],mute[LM],mute[LM],mute[LM],mute[LM],mute[LM],mute[LM],mute[LM],mute[LM],mute[LM],mute[LM],mute[LM],mute[LM],mute[KNO],mute[LMNO],mute[LMNO],mute[LMNO],mute[LMNO],mute[JKLM],mute[HJKL],mute[KMO],mute[LMNO],mute[LM],mute[LM],mute[LM],mute[LM],mute[LM],mute[LM],mute[LM],mute[LM],mute[LM],mute[LM],mute[LM],mute[LM],mute[LM],mute[LM],mute[LM],mute[LM],mute[LM],mute[LM],mute[LM],mute[KMN],mute[KN],mute[LM],mute[K],mute[JKLM],mute[HJKMNO],mute[KMO],mute[KO],mute[LM],mute[LM],mute[LM],mute[LM],mute[LM],mute[LM],mute[LM],mute[LM],mute[LM],mute[LM],mute[LM],mute[LM],mute[LM],mute[LM],mute[LM],mute[LM],mute[LM],mute[LM],mute[LM],mute[LM],mute[LM],mute[LM],mute[LM],mute[LM],mute[LM],mute[LM],mute[LM],mute[LM],mute[LM],mute[LM],mute[LM],mute[LM],mute[LM],mute[LM],mute[LM],mute[LM],mute[LM],mute[LM],mute[LM],mute[LM],mute[LM],mute[LM],mute[LM],mute[LM],mute[LM],mute[LM],mute[LM],mute[LM],mute[LM],mute[LM],mute[LM],mute[LM],mute[LM],mute[LM],mute[KMNO],mute[LMNO],mute[LMNO],mute[K],mute[K],mute[LM],mute[LM],mute[LM],mute[LM],mute[LM],mute[LM],mute[LM],mute[LM],mute[LM],mute[LM],mute[LM],mute[LM],mute[LM],mute[LM],mute[LM],mute[LM],mute[LM],mute[LM],mute[LM],mute[LM],mute[LM],mute[LM],mute[LM],mute[LM],mute[LM],mute[LM],mute[LM],mute[LM],mute[LM],mute[LM],mute[LM],mute[LM],mute[LM],mute[LM],mute[LM],mute[LM],mute[LM],mute[LM],mute[LM],mute[LM],mute[LM],mute[LM],mute[LM],mute[LM],mute[LM],mute[LM],mute[LM],mute[LM],mute[LM],mute[LM],mute[LM],mute[LM],mute[LM],mute[LM],mute[LM],mute[LM],mute[LM],mute[LM],mute[LM],mute[LM],mute[LM],mute[LM],mute[LM],mute[LM],mute[LM],mute[LM],mute[LM],mute[LM],mute[LM],mute[LM],mute[LM],mute[LM],mute[LM],mute[LM],mute[LM],mute[LM],mute[LM],mute[LM],mute[LM],mute[LM],mute[LM],mute[LM],mute[LM],mute[LM],mute[LM],mute[LM],mute[LM],mute[LM],mute[LM],mute[LM],mute[LM],mute[LM],mute[LM],mute[LM],mute[LM],mute[LM],mute[LM],mute[LM],mute[LM],mute[LM],mute[LM],mute[LM],mute[LM],mute[LM],mute[LM],mute[LM],mute[LM],mute[LM],mute[LM],mute[LM],mute[LM],mute[LM],mute[LM],mute[LM],mute[LM],mute[LM],mute[LM],mute[LM],mute[LM],mute[LM],mute[LM],mute[LM],mute[LM],mute[LM],mute[LM],mute[LM],mute[LM],mute[LM],mute[LM],mute[LM],mute[LM],mute[LM],mute[LM],mute[LM],mute[LM],mute[LM],mute[LM],mute[LM],mute[LM],mute[LM],mute[LM],mute[LM],mute[LM],mute[LM],mute[LM],mute[LM],mute[LM],mute[LM],mute[LM],mute[LM],mute[LM],mute[LM],mute[LM],mute[LM],mute[LM],mute[LM],mute[LM],mute[LM],mute[LM],mute[LM],mute[LM],mute[LM],mute[LM],mute[LM],mute[LM],mute[LM],mute[LM],mute[LM],mute[LM],mute[LM],mute[LM],mute[LM],mute[LM],mute[LM],mute[LM],mute[LM],mute[LM],mute[LM],mute[LM],mute[LM],mute[KMN],mute[LMNO],mute[KNO],mute[KNO],mute[LM],mute[LM],mute[LM],mute[LM],mute[LM],mute[LM],mute[LM],mute[LM],mute[LM],mute[LM],mute[LM],mute[LM],mute[LM],mute[LM],mute[LM],mute[LM],mute[LM],mute[LM],mute[LM],mute[LM],mute[LM],mute[LM],mute[LM],mute[LM],mute[LM],mute[LM],mute[LM],mute[LM],mute[LM],mute[LM],mute[LM],mute[LM],mute[LM],mute[LM],mute[LM],mute[LM],mute[LM],mute[LM],mute[LM],mute[LM],mute[LM],mute[LM],mute[LM],mute[LM],mute[LM],mute[LM],mute[LM],mute[LM],mute[LM],mute[LM],mute[LM],mute[LM],mute[LM],mute[LM],mute[LM],mute[LM],mute[LM],mute[LM],mute[LM],mute[LM],mute[LM],mute[LM],mute[LM],mute[KM],mute[KL],mute[LM],mute[LM],mute[LM],mute[LM],mute[LM],mute[LM],mute[LM],mute[LM],mute[LM],mute[LM],mute[LM],mute[LM],mute[LM],mute[LM],mute[KL],mute[LM],mute[LM],mute[LM],mute[LM],mute[LM],mute[LM],mute[LM],mute[LM],mute[LM],mute[LM],mute[LM],mute[LM],mute[LM],mute[LM],mute[KL],mute[LM],mute[LM],mute[LM],mute[LM],mute[LM],mute[LM],mute[LM],mute[LM],mute[LM],mute[LM],mute[LM],mute[LM],mute[LM],mute[LM],mute[KL],mute[LM],mute[LM],mute[LM],mute[LM],mute[LM],mute[LM],mute[LM],mute[LM],mute[LM],mute[LM],mute[LM],mute[LM],mute[LM],mute[LM],mute[LM],mute[LM],mute[LM],mute[LM],mute[LM],mute[LM],mute[LM],mute[LM],mute[LM],mute[LM],mute[LM],mute[LM],mute[LM],mute[LM],mute[LM],mute[LM],mute[LM],mute[LM],mute[LM],mute[LM],mute[LM],mute[LM],mute[LM],mute[LM],mute[LM],mute[LM],mute[LM],mute[LM],mute[LM],mute[LM],mute[LM],mute[LM],mute[LM],mute[LM],mute[LM],mute[LM],mute[LM],mute[LM],mute[LM],mute[LM],mute[LM],mute[LM],mute[LM],mute[LM],mute[LM],mute[LM],mute[LM],mute[LM],mute[LM],mute[LM],mute[LM],mute[LM],mute[LM],mute[LM],mute[LM],mute[LM],mute[LM],mute[LM],mute[LM],mute[LM],mute[LM],mute[LM],mute[LM],mute[LM],mute[LM],mute[LM],mute[LM],mute[LM],mute[LM],mute[LM],mute[LM],mute[LM],mute[LM],mute[LM],mute[LM],mute[LM],mute[LM],mute[LM],mute[LM],mute[LM],mute[LM],mute[LM],mute[LM],mute[LM],mute[LM],mute[LM],mute[LM],mute[LM],mute[LM],mute[LM],mute[LM],mute[LM],mute[LM],mute[LM],mute[LM],mute[LM],mute[LM],mute[LM],mute[LM],mute[LM],mute[LM],mute[LM],mute[LM],mute[LM],mute[LM],mute[LM],mute[LM],mute[LM],mute[LM],mute[LM],mute[LM],mute[LM],mute[LM],mute[LM],mute[LM],mute[LM],mute[LM],mute[LM],mute[LM],mute[LM],mute[LM],mute[LM],mute[LM],mute[LM],mute[LM],mute[LM],mute[LM],mute[LM],mute[LM],mute[LM],mute[LM],mute[LM],mute[LM],mute[LM],mute[LM],mute[LM],mute[LM],mute[LM],mute[LM],mute[LM],mute[LM],mute[LM],mute[LM],mute[LM],mute[LM],mute[LM],mute[LM],mute[LM],mute[LM],mute[LM],mute[LM],mute[LM],mute[LM],mute[LM],mute[LM],mute[LM],mute[LM],mute[LM],mute[LM],mute[LM],mute[LM],mute[LM],mute[LM],mute[LM],mute[LM],mute[LM],mute[LM],mute[LM],mute[LM],mute[LM],mute[LM],mute[LM],mute[LM],mute[LM],mute[LM],mute[LM],mute[LM],mute[LM],mute[LM],mute[LM],mute[LM],mute[LM],mute[LM],mute[LM],mute[LM],mute[LM],mute[K],mute[LMNO],mute[LM],mute[LM],mute[LM],mute[LM],mute[KMO],mute[LMNO],mute[LMNO],mute[KO],mute[K],mute[K],mute[K],mute[K],mute[K],mute[KNO],mute[KM],mute[KNO],mute[KO],mute[LM],mute[LMNO],mute[LM],mute[LM],mute[LM],mute[LM],mute[LM],mute[LM],mute[LM],mute[LM],mute[LM],mute[LM],mute[LM],mute[LM],mute[LM],mute[LM],mute[LM],mute[LM],mute[LM],mute[LM],mute[LM],mute[LM],mute[LM],mute[LM],mute[LM],mute[LM],mute[LM],mute[LM],mute[KO],mute[KM],mute[LM],mute[LM],mute[LM],mute[LM],mute[LM],mute[LM],mute[LM],mute[LM],mute[LM],mute[LM],mute[LM],mute[LM],mute[LM],mute[LM],mute[LM],mute[LM],mute[LM],mute[LM],mute[LM],mute[LM],mute[LM],mute[LM],mute[LM],mute[LM],mute[LM],mute[LM],mute[LM],mute[LM],mute[LM],mute[LM],mute[LM],mute[LM],mute[LM],mute[LM],mute[LM],mute[LM],mute[LM],mute[LM],mute[LM],mute[LM],mute[LM],mute[LM],mute[LM],mute[LM],mute[LM],5<UV>,5<UV>,5<UV>,5<UV>,mute[LM],mute[LM],mute[LM],mute[KMN],5<UV>,5<UV>,mute[LM],mute[LM],mute[LM],mute[LM],mute[LM],mute[LM],mute[LM],mute[LM],mute[LM],mute[LM],mute[LM],mute[LM],mute[LM],mute[LM],mute[LM],mute[LM],mute[LM],mute[LM],mute[LM],mute[LM],mute[LM],mute[LM],mute[LM],mute[LM],mute[LM],mute[LM],mute[LM],mute[LM],mute[LM],mute[LM],mute[LM],mute[LM],mute[LM],mute[LM],mute[LM],mute[LM],mute[LM],mute[LM],mute[LM],mute[LM],mute[LM],mute[LM],mute[LM],mute[LM],mute[LM],mute[LM],mute[LM],mute[LM],mute[LM],mute[LM],mute[LM],mute[LM],mute[LM],mute[LM],mute[LM],mute[LM],mute[LM],mute[LM],mute[LM],mute[LM],mute[LM],mute[LM],mute[LM],mute[LM],mute[LM],mute[LM],mute[LM],mute[LM],mute[LM],mute[LM],mute[LM],mute[LM],mute[LM],mute[LM],mute[LM],mute[LM],mute[LM],mute[LM],mute[LM],mute[LM],mute[LM],mute[LM],mute[LM],mute[LM],mute[LM],mute[LM],mute[LM],mute[LM],mute[LM],mute[LM],mute[LM],mute[LM],mute[LM],mute[LM],mute[LM],mute[LM],mute[LM],mute[LM],mute[LM],mute[LM],mute[LM],mute[LM],mute[LM],mute[LM],mute[LM],mute[LM],mute[LM],mute[LM],mute[LM],mute[LM],mute[LM],mute[LM],mute[LM],mute[LM],mute[LM],mute[LM],mute[LM],mute[LM],mute[LM],mute[LM],mute[LM],mute[LM],mute[LM],mute[LM],mute[LM],mute[LM],mute[LM],mute[LM],mute[LM],mute[LM],mute[LM],mute[LM],mute[LM],mute[LM],mute[LM],5<UV>,5<UV>,mute[LM],mute[LM],mute[LM],mute[LM],mute[LM],mute[LM],mute[LM],mute[LM],mute[LM],mute[LM],mute[LM],mute[LM],mute[LM],mute[LM],mute[LM],mute[LM],mute[LM],mute[LM],mute[LM],mute[LM],mute[LM],mute[LM],mute[LM],mute[LM],mute[LM],mute[LM],mute[LM],mute[LM],mute[LM],mute[LM],5<UV>,5<UV>,mute[LM],mute[LM],mute[LM],mute[LM],mute[LM],mute[LM],mute[LM],mute[LM],mute[LM],mute[LM],mute[LM],mute[LM],mute[LM],mute[LM],mute[LM],mute[LM],mute[LM],mute[LM],mute[LM],mute[LM],mute[LM],mute[LM],mute[LM],mute[LM],mute[LM],mute[LM],mute[LM],mute[LM],mute[LM],mute[LM],mute[LM],mute[LM],mute[LM],mute[LM],mute[LM],mute[LM],mute[LM],mute[LM],mute[LM],mute[LM],mute[LM],mute[LM],mute[LM],mute[LM],mute[LM],mute[LM],mute[LM],mute[LM],mute[LM],mute[LM],mute[LM],mute[LM],mute[LM],mute[LM],mute[LM],mute[LM],mute[KMN],mute[KLN],mute[LM],mute[LM],mute[LM],mute[LM],mute[LM],mute[LM],mute[LM],mute[LM],mute[LM],mute[LM],mute[LM],mute[LM],mute[LM],mute[LM],mute[LM],mute[LM],mute[LM],mute[LM],mute[LM],mute[LM],mute[LM],mute[LM],mute[LMNO],mute[LMNO],mute[LMNO],mute[LMNO],mute[LMNO],mute[LM],mute[LM],mute[LM],mute[LM],mute[LM],mute[LM],mute[LM],mute[LM],mute[LM],mute[LM],mute[LM],mute[LM],mute[LM],mute[LM],mute[LM],mute[LM],mute[LM],mute[LM],mute[LM],mute[LM],mute[LM],mute[LM],mute[LM],mute[LM],mute[LM],mute[LM],mute[LM],mute[LM],mute[LM],mute[LM],mute[LM],mute[LM],mute[LM],mute[LM],mute[LM],mute[LM],mute[LM],mute[LM],mute[LM],mute[LM],mute[LM],mute[LM],mute[LM],mute[LM],mute[LM],mute[KNO],mute[JK],mute[JKNO],mute[LM],mute[LM],mute[LM],mute[LM],mute[LM],mute[LM],mute[LM],mute[KO],mute[LM],mute[LM],mute[LM],mute[LM],mute[LM],mute[LM],mute[LM],mute[K],mute[LM],mute[LM],mute[LM],mute[LM],mute[LM],mute[LM],mute[LM],mute[KO],mute[LM],mute[LM],mute[LM],mute[LM],mute[LM],mute[LM],mute[K],mute[KM],mute[LM],mute[LM],mute[LM],mute[LM],mute[LM],mute[LM],mute[LM],mute[LM],mute[LM],mute[LM],mute[LM],mute[LM],mute[LM],mute[LM],mute[LM],mute[LM],mute[LM],mute[LM],mute[LM],mute[LM],mute[LM],mute[LM],mute[LM],mute[LM],mute[LM],mute[LM],mute[LM],mute[LM],mute[LM],mute[LM],mute[LM],mute[LM],mute[LM],mute[LM],mute[LM],mute[LM],mute[LM],mute[LM],mute[LM],mute[LM],mute[K],mute[LM],mute[LM],mute[LM],mute[LM],mute[LM],mute[LM],mute[LM],mute[KO],mute[LM],mute[LM],mute[LM],mute[LM],mute[LM],mute[LM],mute[LM],mute[KO],mute[LM],mute[LM],mute[LM],mute[LM],mute[LM],mute[LM],mute[LMNO],mute[KM],mute[LM],mute[LM],mute[LM],mute[LM],mute[LM],mute[LM],mute[LM],mute[LM],mute[LM],mute[LM],mute[LM],mute[LM],mute[LM],mute[LM],mute[LM],mute[LM],mute[LM],mute[LM],mute[LM],mute[LM],mute[LM],mute[LM],mute[LM],mute[LM],mute[LM],mute[LM],mute[LM],mute[LM],mute[LM],mute[LM],mute[LM],mute[LM],mute[LM],mute[LM],mute[LM],mute[LM],mute[LM],mute[LM],mute[LM],mute[LM],mute[LM],mute[LM],mute[LM],mute[LM],mute[LM],mute[LMNO],mute[LMNO],mute[LMNO],mute[LMNO],mute[LMNO],mute[LMNO],mute[LMNO],mute[LM],mute[LM],mute[LM],mute[LM],mute[LM],mute[LM],mute[LM],mute[LM],mute[LM],mute[LM],mute[LM],mute[LM],mute[LM],mute[LM],mute[LM],mute[LM],mute[LM],mute[LM],mute[LM],mute[LM],mute[LM],mute[LM],mute[LM],mute[LM],mute[LM],mute[LM],mute[LM],mute[LM],mute[LM],mute[LM],mute[LM],mute[LM],mute[LM],mute[KNO],mute[KLNO],mute[KLMO],mute[LM],mute[LMNO],mute[KO],mute[LM],mute[J],mute[J],mute[K],mute[KO],mute[LM],mute[LM],mute[LM],mute[LM],mute[LM],mute[LM],mute[LM],mute[LM],mute[LM],mute[LM],mute[LM],mute[LM],mute[LM],mute[LM],mute[LM],mute[LM],mute[LM],mute[LM],mute[LM],mute[LM],mute[LM],mute[LM],mute[LM],mute[LM],mute[LM],mute[LM],mute[LM],mute[LM],mute[LM],mute[LM],mute[LM],mute[LM],mute[LM],mute[LM],mute[LM],mute[LM],mute[LM],mute[LM],mute[LM],mute[LM],mute[LM],mute[LM],mute[LM],mute[LM],mute[LM],mute[LM],mute[LM],mute[LM],mute[LM],mute[LM],mute[LM],mute[LM],mute[LM],mute[LM],mute[KLO],mute[LM],mute[LM],mute[LM],mute[LM],mute[LM],mute[LM],mute[LM],mute[LM],mute[LM],mute[LM],mute[LM],mute[LM],mute[LM],mute[LM],mute[LM],mute[LM],mute[LM],mute[LM],mute[LM],mute[LM],mute[LM],mute[LM],mute[LM],mute[LM],mute[LM],mute[LM],mute[LM],mute[LM],mute[LM],mute[LM],mute[LM],mute[LM],mute[LM],mute[LM],mute[LM],mute[LM],mute[LM],mute[LM],mute[LM],mute[LM],mute[LM],mute[LM],mute[LM],mute[LM],mute[LM],mute[LM],mute[LM],mute[LM],mute[LM],mute[LM],mute[LM],mute[LM],mute[LM],mute[LM],mute[LM],mute[LM],mute[LM],mute[LM],mute[LM],mute[LM],mute[LM],mute[LM],mute[LM],mute[LM],mute[LM],mute[LM],mute[LM],mute[LM],mute[LM],mute[LM],mute[LM],mute[LM],mute[LM],mute[LM],mute[LM],mute[LM],mute[LM],mute[LM],mute[LM],mute[LM],mute[LM],mute[LM],mute[LM],mute[LM],mute[LM],mute[LM],mute[LM],mute[LM],mute[LM],mute[LM],mute[LM],mute[LM],mute[LM],mute[LM],mute[LM],mute[LM],mute[LM],mute[LM],mute[LM],mute[LM],mute[LM],mute[LM],mute[LM],mute[LM],mute[LM],mute[LM],mute[LM],mute[LM],mute[LM],mute[LM],mute[LM],mute[LM],mute[LM],mute[LM],mute[LM],mute[LM],mute[LM],mute[LM],mute[LM],mute[LM],mute[LM],mute[LM],mute[LM],mute[LM],mute[LM],mute[LM],mute[LM],mute[LM],mute[LM],mute[LM],mute[LM],mute[LM],mute[LM],mute[LM],mute[LM],mute[LM],mute[LM],mute[LM],mute[LM],mute[LM],mute[LM],mute[LM],mute[LM],mute[LM],mute[LM],mute[LM],mute[LM],mute[LM],mute[LM],mute[LM],mute[LM],mute[LM],mute[LM],mute[LM],mute[LM],mute[LM],mute[LM],mute[LM],mute[LM],mute[LM],mute[LM],mute[LM],mute[KMN],mute[KL],mute[KLO],mute[KL],mute[KLO],mute[JMNO],mute[LM],mute[JMNO],mute[LM],mute[I],mute[LM],mute[LM],mute[LM],mute[JMNO],mute[LM],mute[JLNO],mute[LMNO],mute[IJ],mute[KNO],mute[LMNO],mute[LMNO],mute[LMNO],mute[K],mute[LM],mute[LM],mute[LM],mute[LM],mute[LM],mute[LM],mute[LM],mute[LM],mute[LM],mute[LM],mute[LM],mute[LM],mute[LM],mute[LM],mute[LM],mute[LM],mute[LM],mute[LM],mute[LM],mute[LM],mute[LM],mute[LM],mute[LM],mute[LM],mute[LM],mute[KO],mute[LM],mute[KO],mute[LM],mute[K],mute[LMNO],mute[K],mute[K],mute[LMNO],mute[LM],mute[LM],mute[LM],mute[LM],mute[LM],mute[LM],mute[LM],mute[LM],mute[LM],mute[LM],mute[LM],mute[KM],mute[LMNO],mute[LMNO],mute[KO],mute[K],mute[KO],mute[LM],mute[LM],mute[LM],mute[LM],mute[LM],mute[LM],mute[LM],mute[LM],mute[LM],mute[LM],mute[LM],mute[LM],mute[KMN],mute[K],mute[K],mute[K],mute[KO],mute[K],mute[LMNO],mute[LM],mute[LM],mute[KN],mute[KO],mute[LM],mute[KLMO],mute[LM],mute[LM],mute[LM],mute[LM],mute[LM],mute[LM],mute[LM],mute[LM],mute[LM],mute[LM],mute[LM],mute[LM],mute[LM],mute[LM],mute[LM],mute[LM],mute[LM],mute[LM],mute[LM],mute[LM],mute[LM],mute[LM],mute[LM],mute[LM],mute[LM],mute[LM],mute[LM],mute[LM],mute[LM],mute[LM],mute[LM],mute[LM],mute[LM],mute[LM],mute[LM],mute[KMNO],mute[K],mute[LMNO],mute[K],mute[K],mute[LM],mute[LM],mute[LM],mute[LM],mute[LM],mute[LM],mute[LM],mute[LM],mute[LM],mute[LM],mute[LM],mute[LM],mute[LM],mute[LM],mute[LM],mute[LM],mute[LM],mute[LM],mute[LM],mute[LM],mute[LM],mute[LM],mute[LM],mute[LM],mute[LM],mute[LM],mute[LM],mute[LM],mute[LMNO],mute[KNO],mute[LM],mute[LM],mute[LM],mute[LM],mute[LM],mute[LM],mute[LM],mute[LM],mute[LM],mute[LM],mute[LM],mute[LM],mute[LM],mute[LM],mute[LM],mute[LM],mute[LM],mute[LM],mute[LM],mute[LM],mute[LM],mute[LM],mute[LM],mute[LM],mute[LM],mute[LM],mute[LM],mute[LM],mute[LM],mute[LM],mute[LM],mute[LM],mute[LM],mute[LM],mute[LM],mute[LM],mute[LM],mute[LM],mute[LM],mute[LM],mute[LM],mute[LM],mute[LM],mute[LM],mute[LM],mute[LM],mute[LM],mute[LM],mute[LM],mute[LM],mute[LM],mute[LM],mute[LM],mute[LM],mute[LM],mute[LM],mute[LM],mute[LM],mute[LM],mute[LM],mute[LM],mute[LM],mute[LM],mute[LM],mute[LM],mute[LM],mute[LM],mute[LM],mute[LM],mute[LM],mute[LM],mute[LM],mute[LM],mute[LM],mute[LM],mute[LM],mute[LM],mute[LM],mute[LM],mute[LM],mute[LM],mute[LM],mute[LM],mute[LM],mute[LM],mute[KMO],5<UV>,5<UV>,mute[LM],mute[LM],mute[LM],mute[LM],mute[LM],mute[LM],mute[LM],mute[LM],mute[LM],mute[LM],mute[LM],mute[LM],mute[LM],mute[LM],mute[LM],mute[LM],mute[LM],mute[LM],mute[LM],mute[LM],mute[LM],mute[LM],mute[LM],mute[LM],mute[LM],mute[LM],mute[LM],mute[LM],mute[LM],mute[LM],mute[LM],mute[LM],mute[LM],mute[LM],mute[LM],mute[LM],mute[LM],mute[LM],mute[LM],mute[LM],mute[LM],mute[LM],mute[LM],mute[LM],mute[LM],mute[LM],mute[LM],mute[LM],mute[LM],mute[LM],mute[LM],mute[LM],mute[LM],mute[LM],mute[LM],mute[LM],mute[LM],mute[LM],mute[LM],mute[LM],mute[LM],mute[LM],5<UV>,5<UV>,mute[LM],mute[LM],mute[LM],mute[LM],mute[LM],mute[LM],mute[LM],mute[LM],mute[LM],mute[KLN],mute[LM],mute[LM],mute[LM],mute[LM],mute[LM],mute[LM],mute[LM],mute[LM],mute[LM],mute[LM],mute[LM],mute[LM],mute[LM],mute[LM],mute[LM],mute[LM],mute[LM],mute[LM],mute[LM],mute[LM],mute[LM],mute[LM],mute[LM],mute[LM],mute[LM],mute[LM],mute[LM],mute[LM],mute[LM],mute[LM],mute[LM],mute[LM],mute[LM],mute[LM],mute[LM],mute[LM],mute[LM],mute[LM],mute[LM],mute[LM],mute[LM],mute[LM],mute[LM],mute[LM],mute[LM],mute[LM],mute[LMNO],mute[KLN],mute[LM],mute[LM],mute[LM],mute[LM],mute[LM],mute[LM],mute[LM],mute[LM],mute[LM],mute[LM],mute[KL],mute[KLN],mute[LM],mute[LM],mute[LM],mute[LM],mute[LM],mute[LM],mute[LM],mute[LM],mute[LM],mute[LM],mute[LM],mute[LM],mute[LM],mute[LM],mute[LM],mute[LM],mute[LM],mute[LM],mute[LM],mute[LM],mute[LM],mute[LM],mute[LM],mute[LM],mute[LM],mute[LM],mute[LM],mute[LM],mute[LM],mute[LM],mute[LM],mute[LMNO],mute[IKN],mute[LMNO],mute[LMNO],mute[LM],mute[LM],mute[LM],mute[LM],mute[LM],mute[LM],mute[LM],mute[LM],mute[LM],mute[LM],mute[LM],mute[LM],mute[LM],mute[LM],mute[LM],mute[LM],mute[LM],mute[LM],mute[LM],mute[LM],mute[LM],mute[LM],mute[LM],mute[LM],mute[LM],mute[LM],mute[LM],mute[LM],mute[LM],mute[LM],mute[LM],mute[LM],mute[LM],mute[LM],mute[LM],mute[LM],mute[LM],mute[LM],mute[LM],mute[LM],mute[LM],mute[LM],mute[LM],mute[LM],mute[LM],mute[LM],mute[LM],mute[LM],mute[LM],mute[LMNO],mute[KO],mute[K],mute[KO],mute[LM],mute[LM],mute[LM],mute[LM],mute[LM],mute[LM],mute[KO],mute[KLNO],mute[LM],mute[LM],mute[LM],mute[LM],mute[LM],mute[LM],mute[KLNO],mute[LM],mute[LM],mute[LM],mute[LM],mute[LM],mute[LM],mute[IJK],mute[JKMNO],5<UV>,5<UV>,5<UV>,mute[LMNO],5<UV>,5<UV>,5<UV>,mute[HI],","d3[KMN],#c3[LMNO],#d3[LMO],d3[LMN],d2[LMN],#c2[LMO],#d2[LMO],d2[LM],d1[LMO],#c1[LMO],#d1[LMO],d1[LMO],#c1[LM],d1[LMO],(a.c1.#f1)[LMO],d1[LMO],(#a.g.g1)[LMO],d1[LMN],#c1[LMO],d1[LMO],(#f.a.a1)[LMNO],d1[LMNO],#d1[LMNO],d1[LMNO],(g.#a1.d1)[JKLM],(G-1.G-2.g1.g2)[HJKL],#d3[KMO],d3[LMNO],f3[LMN],#d3[LMN],#d2[LMO],d2[LMO],f2[LMO],#d2[LMO],#d1[LM],d1[LMO],f1[LMO],#d1[LMO],d1[LMO],#d1[LM],(#a.#c1.g1)[LMO],#d1[LMO],(c1.#g.#g1)[LMN],#d1[LMO],d1[LMO],#d1[LMN],(g.#c1.#a1)[LMN],#d1[K],e1[LMN],#d1[K],(#g.c1.c2.#d1)[JKLM],(#G-1.#G-2.#g1.#g2)[HJKMNO],(#c.f2)[KMO],(#g.#g1)[KO],(#c1.f1)[LMO],(#g.#g1)[LMO],(#c.f2)[LM],(#c1.#g1)[LM],(#c.f2)[LM],(#c1.#g1)[LM],(c.#d2)[LM],(#g.#g1)[LM],(c1.#d1)[LM],(#g.#g1)[LM],(c.#d2)[LM],(#g.#g1)[LM],(c1.#d1)[LM],(#g.#g1)[LM],(#A-1.g2)[LM],(#d.#c2)[LM],(#a.g1)[LM],(#d.#c2)[LM],(#A-1.g2)[LM],(#a.#c2)[LM],(#A-1.g2)[LM],(#a.#c2)[LM],(#G-1.#g2)[LM],(#d.c2)[LM],(#g.#g1)[LM],(#d.c2)[LM],(#G-1.#g2)[LM],(#d.c2)[LM],(#g.#g1)[LM],(#d.c2)[LM],(f.#g2)[LM],(d1.b1)[LM],(f1.#a1)[LM],(d1.b1)[LM],(f.#g2)[LM],(f1.b1)[LM],(f.#g2)[LM],(f1.b1)[LM],(#d.g2)[LM],(#d1.c2)[LM],(c1.g1)[LM],(#d1.c2)[LM],(#d.g2)[LM],(#d1.c2)[LM],(c1.g1)[LMO],(#d1.c2)[LM],(d.b2)[LMO],(d1.f2)[LMO],(g.b1)[LM],(d1.f2)[LMO],(d.b2)[LMO],(d1.f2)[LMO],(g.b1)[LMO],(d1.f2)[LM],(d.b2)[LMN],(d1.f2)[LMNO],(g.b1)[LMNO],(d1.f2)[K],(c.c3)[K],(c1.#d2)[LMN],(g.c2)[LMN],(c1.#d2)[LMO],(#A-1.#a.e2.g2)[LMN],c2[LMO],b1[LMO],c2[LMO],(e2.g2)[LM],c2[LMO],(#a.#A-1.g2.e2)[LMO],c2[LMO],(#G-1.#g.f2.#g2)[LM],c2[LM],(g.G-1.#a2.g2)[LMO],c2[LM],(f.F-1.c3.#g2)[LM],c2[LM],f2[LM],c2[LMO],(#a.#A-1.f2.d2)[LM],#a1[LM],a1[LMO],#a1[LM],(f2.d2)[LM],#a1[LM],(#g.#G-1.f2.d2)[LMO],#a1[LM],(g.G-1.g2.#d2)[LM],#a1[LMO],(f.F-1.#g2.f2)[LM],#a1[LM],(#d.#D-1.#a2.g2)[LMO],#a1[LMO],g2[LM],#a1[LMO],(#f.#a2)[LMO],(#f1.#a1)[LMO],(#d1.#d2)[LM],(#f1.#a1)[LM],(#f.#g2.#d2)[LMO],(#f1.#a1)[LM],(#d1.#f2.#d2)[LM],(#f1.#a1)[LM],(#g.#d2.#f2)[LMO],(#g1.b1)[LM],(#d1.#d2)[LM],(#g1.b1)[LMO],(#g.#d2.f2)[LM],(#g1.b1)[LM],(#d1.#d2)[LM],(#g1.b1)[LM],(#g.f2.b2)[LMO],(#g1.b1)[LM],(#d1.f2)[LM],(#g1.b1)[LM],(#g.#a2.f2)[LM],(#g1.b1)[LM],(#d1.#g2.f2)[LM],(#g1.b1)[LM],(#a.#d2.#g2)[LM],(#a1.#c2)[LM],(#d1.#d2)[LM],(#a1.#c2)[LM],(#a.#d2.g2)[LM],(#a1.#c2)[LM],(#d1.#d2)[LM],(#a1.#c2)[LM],(#a.g2.#c3)[LM],(#a1.#c2)[LM],(#d1.g2)[LM],(#a1.#c2)[LM],(#a.b2.g2)[LM],(#a1.#c2)[LM],(#d1.#a2.g2)[LM],(#a1.#c2)[LM],(b.#d2.#a2)[LM],(#g1.b1)[LM],(#d1.#d2)[LM],(#g1.b1)[LM],(b.#d2.#g2)[LM],(#g1.b1)[LM],(#d1.#d2)[LM],(#g1.b1)[LM],(c.#d2.a2)[LM],(c1.#g1)[LM],(#g.#d2)[LM],(c1.#g1)[LM],(c.#d2.#g2)[LM],(c1.#g1)[LM],(#g.#f2.#d2)[LM],(c1.#g1)[LM],(#c.#c2.#f2)[LM],(#c1.#g1)[LM],(#g.#c2)[LM],(#c1.#g1)[LM],(#c.e2.#c2)[LM],(#c1.#g1)[LM],(#g.#c2)[LM],(#c1.#g1)[LM],(#f.#d2)[LMO],(#d1.a1)[LMO],(a.a2.#d2)[LMO],(#d1.a1)[LM],(#f.#f2.#d2)[LM],(#d1.a1)[LMO],(a.#d2)[LM],(#d1.a1)[LMO],(e1.#g.#c2)[LM],(#c1.#g1)[LM],(e1.#c2)[LM],(#c1.#g1)[LM],(#d1.#f1.c2)[LMO],(c1.#g1)[LM],(#d1.#f1)[LM],(c1.#g1)[LMO],(#c.#c2)[LM],(#c1.#d1)[LM],(#g.#g1)[LM],(#c1.#d1)[LM],(#c.#c2)[LMO],(#c1.#d1)[LM],(#g.#c2)[LMO],(#c1.#d1)[LM],(#c.a1.e2)[LM],(#c1.#f1)[LM],(a.a1)[LM],(#c1.#f1)[LMO],(#c.#d2.a1)[LM],(#c1.#f1)[LMO],(a.a1)[LM],(#c1.#f1)[LMO],(c.#d2.a2)[LMO],(c1.#g1)[LM],(#g.#d2)[LMO],(c1.#g1)[LM],(c.#g2.#d2)[LMO],(c1.#g1)[LM],(#g.#f2.#d2)[LM],(c1.#g1)[LM],(#c.#c2.#f2)[LM],(#c1.#g1)[LMO],(#g.#c2)[LM],(#c1.#g1)[LM],(#c.e2.#c2)[LMO],(#c1.#g1)[LM],(#g.#c2)[LM],(#c1.#g1)[LM],(a.A-1.#f1)[LM],a1[LMO],#c2[LM],#f2[LM],(#G-1.#g.a2)[LM],#f2[LMO],#c2[LM],(#F-1.#f.a1)[LM],(c1.c.#f1)[LM],a1[LM],d2[LM],#f2[LMO],(C-1.c.a2)[LM],#f2[LM],d2[LM],a1[LMO],(b.B-1.g1)[LM],b1[LM],d2[LM],g2[LM],(A-1.a.b2)[LMO],g2[LMO],d2[LM],(G-1.g.b1)[LMO],(d1.d.#g1)[LMO],b1[LMO],e2[LMO],#g2[LMN],(D-1.d.b2)[LMO],#g2[LMO],e2[LMNO],b1[KNO],(#C-1.#c.e2)[KNO],(#c1.e1)[LMN],(a.a1)[LMN],(#c1.e1)[LMN],(#c.d2.a1)[LMO],(#c1.e1)[LM],(a.#c2.a1)[LMO],(#c1.e1)[LMO],(d.a1.#c2)[LM],(d1.#f1)[LM],(b.a1)[LMO],(d1.#f1)[LM],(d.a1.b1)[LM],(d1.#f1)[LMO],(b.a1)[LM],(d1.#f1)[LM],(d.b1.#f2)[LM],(d1.#f1)[LMO],(b.b1)[LM],(d1.#f1)[LM],(d.e2.b1)[LMO],(d1.#f1)[LM],(b.d2.b1)[LM],(d1.#f1)[LM],(e.a1.d2)[LM],(e1.g1)[LMO],(#c1.a1)[LM],(e1.g1)[LMO],(e.a1.#c2)[LM],(e1.g1)[LM],(#c1.a1)[LM],(e1.g1)[LM],(e.g2.a1)[LMO],(e1.g1)[LM],(#c1.a1)[LM],(e1.g1)[LMO],(e.a1.#f2)[LM],(e1.g1)[LM],(#c1.a1.e2)[LM],(e1.g1)[LM],(#f.e2)[LMO],(#f1.a1)[LM],(d1.e2)[LMO],(#f1.a1)[LM],(#f.d2)[LM],(#f1.a1)[LM],(d1.d2)[LM],(#f1.a1)[LMO],(#f.#d2.a2)[LM],(#f1.a1)[LM],(c1.#d2)[LM],(#f1.a1)[LM],(#f.#d2.a2)[LM],(#f1.a1)[LM],(c1.#d2)[LM],(#f1.b2.a1)[LM],(f.#d2.c3)[LM],(f1.a1)[LM],(c1.#d2)[LM],(f1.a1)[LM],(f.#d2)[LM],(f1.a1)[LM],(c1.#d2)[LM],(f1.a1)[LM],(e1.e.#g1.e2)[KL],(e.E-1.e1.#g1)[LM],e2[LM],(e.E-1.#f1.a1)[LM],e2[LM],(e.E-1.b1.#g1)[LM],e2[LM],(A-1.a.a1.c2)[LM],e2[LM],(F-1.f.a1.#d2)[LM],b1[LM],c2[LM],b1[LM],(F-1.f.#d2.c2)[LM],a1[LM],(E-1.e.#g1.e2)[KL],(E-1.e.e1.#g1)[LM],e2[LM],(E-1.e.#f1.a1)[LM],e2[LM],(E-1.e.b1.#g1)[LM],e2[LM],(A-1.a.a1.#c2)[LM],e2[LM],(G-1.g.f2.b1)[LM],#c2[LM],d2[LM],b1[LM],(G-1.g.d2.f2)[LM],b1[LM],(#F-1.#f.#f2.#a1)[KL],(#F-1.#f.#a1.#f1)[LM],#f2[LM],(#F-1.#f.b1.#g1)[LM],#f2[LM],(#F-1.#f.#c2.#a1)[LM],#f2[LM],(B-1.b.b1.d2)[LM],#f2[LM],(G-1.g.f2.b1)[LM],#c2[LM],d2[LM],b1[LM],(G-1.g.d2.f2)[LM],b1[LM],(#F-1.#f.#f2.#a1)[KL],(#F-1.#f.#a1.#f1)[LM],#f2[LM],(#F-1.#f.b1.#g1)[LMO],#f2[LM],(#F-1.#f.#c2.#a1)[LM],#f2[LMO],(A-1.a.b1.d2)[LM],#f2[LM],(A-1.a.g2.#c2)[LM],#d2[LM],(A-1.a.e2)[LMO],#d2[LMO],(A-1.a.g2.e2)[LMO],#c2[LMO],(#G-1.#g2.c2)[LMN],(#g.c1)[LM],(#d.#d1)[LM],(#g.c1)[LM],(#G-1.#g1)[LM],(#g.c1)[LM],(#d.#g1)[LM],(#g.c1)[LM],(#G-1.b1)[LM],(#g.#c1)[LM],(e.e1)[LM],(#g.#c1)[LM],(#G-1.a1)[LM],(#g.#c1)[LM],(e.e1)[LM],(#g.#c1)[LM],(#G-1.c2)[LM],(#g.d1)[LM],(#f.#f1)[LM],(#g.d1)[LM],(#G-1.c2)[LM],(#g.d1)[LM],(#f.c2)[LM],(#g.d1)[LM],(#G-1.#d2)[LM],(#g.e1)[LM],(e.#g1)[LM],(#g.e1)[LM],(#G-1.#c2)[LM],(#g.e1)[LM],(e.#g1)[LM],(#g.e1)[LM],(#G-1.e2)[LM],(#g.#c1)[LM],(e.e1)[LM],(#g.#c1)[LM],(#G-1.e1.g1)[LM],(#g.#c1)[LMO],(#d.g1.#d1)[LM],(#g.#c1)[LMO],(#G-1.c1.#g1)[LM],(#g.c1)[LM],(#d.#d1)[LM],(#g.c1)[LM],(#G-1.#g1)[LM],(#g.c1)[LM],(#d.#g1)[LM],(#g.c1)[LM],(#G-1.a1)[LM],(#g.#c1)[LM],(e.e1)[LM],(#g.#c1)[LM],(#G-1.a1)[LM],(#g.#c1)[LM],(e.e1)[LM],(#g.#c1)[LM],(#G-1.#a1)[LM],(#g.d1)[LM],(f.f1)[LM],(#g.d1)[LM],(#G-1.#a1)[LM],(#g.d1)[LM],(f.f1)[LM],(#g.d1)[LM],(G-1.#a1)[LM],(g.#a)[LM],(#d.#d1)[LM],(g.#a)[LM],(G-1.b1)[LM],(g.b)[LM],(#d.#d1)[LM],(g.b)[LM],(#G-1.c2)[LM],(#g.c1)[LM],(#d.#d1)[LM],(#g.c1)[LM],(#G-1.c2)[LM],(#g.c1)[LM],(e.e1)[LM],(#g.c1)[LM],(A-1.c2)[LM],(a.c1)[LM],(f.a1)[LM],(a.c1)[LM],(A-1.#c2)[LM],(a.#c1)[LM],(f.f1)[LM],(a.#c1)[LM],(#A-1.d2)[LM],(#a.d1)[LM],(f.f1)[LM],(#a.d1)[LM],(#A-1.d2)[LM],(#a.d1)[LM],(#f.#f1)[LM],(#a.d1)[LM],(#A-1.d2)[LM],(#a.d1)[LM],(g.g1)[LM],(#a.d1)[LM],(B-1.d2)[LM],(b.d1)[LM],(g.g1)[LM],(b.d1)[LM],(c.#d2)[LM],(c1.#d1)[LM],(g.g1)[LM],(c1.#d1)[LM],(#c.e2)[LM],(#c1.e1)[LM],(#a.#a1)[LM],(#c1.e1)[LM],(d.f2)[LM],(d1.f1)[LM],(#a.#a1)[LMO],(d1.f1)[LM],(e.g2)[LMO],(e1.g1)[LM],(#a.#a1)[LMO],(e1.g1)[LMO],(f.f1.#g2)[LM],#g1[LM],(#A-2.#a1)[LMN],a1[LM],(#A-1.#a1)[LMO],#g2[LMO],(#a.f2)[LMN],d2[LMO],(#d.g2)[LMN],(#d1.g1)[LMN],(#a.#a1)[LMO],(#d1.g1)[LM],(#d.g2)[LMO],(#d1.g1)[LMO],(#a.g2)[LM],(#d1.g1)[LM],(d.f2)[LM],(b.g1)[LM],(d1.b1)[LM],(b.g1)[LM],(c.#d2)[LM],(c1.g1)[LM],(g.c2)[LM],(c1.g1)[LM],(g.d2)[LM],(d1.g1)[LM],(b.b1)[LM],(d1.g1)[LM],(g.b1.d2)[LM],(d1.g1)[LM],(b.b1.d2)[LM],(d1.g1)[LM],(g.#d2.c2)[LM],(#d1.g1)[LM],(c1.c2)[LM],(#d1.g1)[LM],(#G-1.c2.#f1)[LM],(#g.c1)[LM],(d.#f1.c2)[LM],(#g.c1)[LM],(G-1.b1)[LM],(g.d1)[LM],(d.g1)[LMO],(g.d1)[LM],(#G-1.c2.#f1)[LMO],(#g.c1)[LM],(#G-1.#f1.c2)[LM],(#g.c1)[LMO],(g.G-1.b1.g1)[LMO],d1[LM],g1[LM],b1[LMO],d2[LMO],g1[LM],b1[LM],d2[LMO],(b.d1.g.g2)[LMO],b1[LM],d2[LM],g2[LMO],b2[LMO],d2[LMO],g2[LMO],b2[LM],(g.#a.d1.d3)[LMNO],c3[LMN],#a2[LMN],a2[LMO],g2[LMN],f2[LMN],#d2[LMNO],d2[LMNO],(#a.f.d1.#g.#a2)[KO],#g2[K],f2[K],d2[K],(#A-1.d.#a1)[K],#g1[K],f1[KNO],(#g.d1)[KM],(#D-1.#d1)[KNO],(#d.g)[LMNO],(d.#f)[LMN],(#d.g)[LMNO],(#D-1.#d1)[LMO],(#d.g)[LM],(d.#a)[LM],(#d.g)[LM],(#D-1.g1)[LM],(c.#g)[LMO],(#d.c1)[LM],(c.#g)[LMO],(#D-1.f1)[LM],(c.#g)[LM],(#d.c1)[LM],(c.#g)[LM],(#D-1.#a1)[LM],#g[LM],(f.d1)[LM],#g[LM],(d.#a1)[LM],(#g.#a)[LM],(f.#A-1.#a1.d1)[LM],(#g.#a)[LM],(#D-1.c2)[LMO],(g.#a)[LM],(#d.#d1)[LM],(g.#a)[LMO],(#D-1.#a1)[LM],(g.#a)[LM],(#d.#d1)[LM],(g.#a)[KM],(#d.g2)[LM],(#d1.g1)[LM],(#a.#a1)[LM],(#d1.g1)[LM],(#d.g2.#c2)[LM],(#d1.#a1)[LM],(#a.g2.#c2)[LM],(#d1.#a1)[LM],(#G-1.#a2)[LM],(c1.#g1)[LM],(#g.c2)[LM],(c1.#g1)[LM],(#G-1.#g2)[LM],(c1.#g1)[LM],(#g.c2)[LM],(c1.#g1)[LM],(#A-1.f2)[LM],(#a.f1)[LMO],(#g.#g1)[LM],(#a.f1)[LMO],(#A-1.d2)[LM],(#a.f1)[LM],(#g.#g1)[LMO],(#a.f1)[LMO],(#d1.#d.#d2.g1)[LM],g1[LMO],#a1[LMO],#d2[LMO],(g.#d1.g2)[LMO],g1[LMN],c2[LM],g2[LMO],(g.d1.#f2)[LMO],a1[LM],c2[LM],#f2[LM],(b.g.f2)[LM],#g1[LM],d2[LM],f2[LM],(c1.e2)[LM],g1[LM],(c.c2)[LM],e2[LM],(c.#d2)[L],d[M],g1[M],c[L],(d.c2)[L],c[M],#d2[M],d[L],(f.d2)[LM],f1[LM],#g1[LM],d2[LM],(#f.c2)[LN],g[N],#d1[L],#f[M],a1[MO],g[MNO],c2[NO],#f[LO],(g.b1)[LM],d1[LM],g1[LM],b1[LM],(g.g1.g2)[LM],b1[LM],d2[LM],g2[LM],(g.#f1.a2)[LM],c2[LM],#d2[LM],a2[LM],(g.f1.b2)[LM],d2[LM],#g2[LM],b2[LM],(#d1.c1.c3)[LM],#d2[LM],g2[LM],c3[LM],(c.#d3)[LMO],g2[LM],c3[LM],#d3[LMO],(f.d3)[LM],d2[LM],f2[LM],#g2[LM],(F-1.d3)[LM],#g2[LM],f2[LM],d2[LM],(G-1.c3)[LM],c2[LM],#d2[LM],g2[LM],(g.c3)[LM],g2[LM],#d2[LM],c2[LM],(g1.b2)[LMO],g2[LMO],f2[LM],d2[LMO],(g2.b1)[LM],g1[LM],f1[LM],d1[LM],(c3.c2)[LMO],#d1[LM],g1[LM],c2[LMO],(c.c1.#d2)[LM],c2[LM],g1[LM],#d1[LM],(#a.#A-1.d2)[LM],f1[LM],#g1[LM],d2[LM],(b.B-1.#d2)[LM],f1[LM],#g1[LM],#d2[LM],(#a.#A-1.d2)[LM],f1[LM],#g1[LM],d2[LM],(b.B-1.#d2)[LM],f1[LM],#g1[LM],#d2[LM],(#a.#A-1.d2)[LM],#a1[LM],c2[LM],d2[LM],(#g.f1.#a.d1.#d2)[LM],f2[LM],g2[LM],#g2[LM],(#d1.g.g1.#a.c3)[LM],#a2[LM],#g2[LM],g2[LM],(d1.#g.f1.#a.e2)[LM],f2[LM],g2[LM],#g2[LM],(#d1.g.g1.#a.c3)[LM],#a2[LM],#g2[LM],g2[LMO],(d1.#g.f1.#a.e2)[LM],f2[LM],g2[LMO],#g2[LM],(#d1.g.g1.#a.c3)[LM],#a2[LMO],#d3[LMO],b2[LMO],(#g.c1.f1.c3)[LM],g2[LM],#g2[LM],f2[LM],(g1.#a.#d2)[LM],#a1[LMO],#d2[LM],#a2[LM],(f1.d2)[LM],#a1[LM],d2[LM],#a2[LM],(#d1.#d.#d2)[LM],#a1[LM],#d2[LM],g2[LM],(#a.g1.#a2)[LM],#a1[LM],#d2[LM],#a2[LM],(#f1.#a.a2)[LM],c2[LM],#d2[LM],a2[LM],(f1.#g2)[LM],#a1[LM],d2[LM],#g2[LM],(#d1.g2)[LM],#a1[LM],(#d.#d2)[LM],g2[LM],(#g.f2)[LO],#a[NO],#g1[MN],#g[MN],c2[M],#a[L],f2[N],#g[LN],(#a.#d2)[LM],g1[LM],#a1[LM],#d2[LM],(#A-1.d2)[LM],f1[LM],#a1[LM],d2[LM],(#d.#d2)[LM],#a1[LM],#d2[LM],g2[LM],(#a.g1.#a2)[LM],#a1[LM],#d2[LM],#a2[LM],(#f1.#a.a2)[LM],c2[LM],#d2[LM],a2[LM],(f1.#g2)[LM],#a1[LM],d2[LM],#g2[LM],(#d1.g2)[LM],#a1[LM],(#d.#d2)[LM],g2[LM],(#g.f2)[LO],#a[NO],#g1[MN],#g[MN],c2[M],#a[L],f2[N],#g[LN],(#a.#d2)[LM],g1[LM],#a1[LM],#d2[LM],(#A-1.d2)[LM],f1[LM],#a1[LM],d2[LM],(#d.#d2)[LM],(#d1.g1)[LM],(#a.#a1)[LM],(#d1.g1)[LM],(#d.#a1.#d2)[LM],(#d1.g1)[LM],(#a.#a1.#d2)[LM],(#d1.g1)[LM],(#d.g2)[LM],(c1.#g1)[LM],(#d1.c2)[LM],(c1.#g1)[LM],(#d.f2)[LM],(c1.#g1)[LM],(#d1.c2)[LM],(c1.#g1)[LM],(#d.#a2)[LM],(f1.#g1)[LM],(#a.d2)[LM],(f1.#g1)[LM],(#d.#a2)[LM],(f1.d2.#g1)[LM],(#a.#a2)[LM],(f1.#g1)[LM],(#d.c3)[LM],(#d1.#a1)[LM],(#a.#d2)[LM],(g1.#a1)[LM],(#d.#a2)[LM],(#d1.#a1)[LM],(#a.#d2)[LM],(g1.#a1)[LM],(#d.#d2)[LM],(#d1.g1)[LM],(#a.#a1)[LM],g1[LM],(#d.#d2)[LMO],(#d1.g1)[LM],(#a.#d2)[LM],g1[LMO],(#d.g2)[LM],(#d1.g1)[LMO],(#a.#a1)[LM],g1[LMO],(#d.#c2)[LMO],(#d1.g1)[LMO],(#a.#a1)[LM],g1[LMO],(d.g.b.d2.d1)[KLN],e1[LMO],#f1[LM],g1[LMO],a1[LM],b1[LMO],c2[LM],d2[LMO],e2[LM],#f2[LMO],g2[LM],(g.b.a2)[LM],b2[LMO],(b.g.c3)[LMO],d3[LM],(b.d1.e3)[LMO],#f3[LMO],g3[LM],a3[LMO],(a.c1.b3)[LMO],c4[LMN],#c4[LMO],d4[LMO],(c1.d.#f.a.#c4)[LMNO],d4[LMNO],#c4[LMNO],d4[LMNO],#c4[LMN],d4[LMN],#c4[LMN],d4[LMO],(#a.g.#c4)[LMN],d4[LMO],c4[LMO],#a3[LMO],a3[LMO],g3[LMO],f3[LM],#d3[LMO],(#A-1.d.g.d3)[LMO],c3[LMO],#a2[LMO],a2[LM],(B-1.g.g2)[LMO],f2[LMO],#d2[LMO],d2[LMO],(g.c.#d2)[LM],b1[LMO],c2[LMO],#f1[LMO],(g.c1.#d.c.g1)[LMO],b1[LM],c2[LMO],#d2[LMO],(f.#G-1.#g.c.c2)[LMO],g1[LMO],#g1[LM],e1[LMO],e1[LM],f1[LM],#g1[LM],c2[LM],(#d.#a.#A-1.g.a1)[LM],#a1[LM],d2[LM],#d2[LM],#f2[LM],g2[LM],a2[LM],#a2[LM],#a3[JK],(#a.#A-1.d2.#a1.#g1.f1)[JKN],(#d.#D-1.#a)[LM],#d1[LMO],g1[LM],#a1[LM],(#D-1.#d.#d2)[LM],g2[LM],(#A-2.#A-1.c3)[LM],#a2[LMNO],(g.G-1.#a)[LMO],d1[LMO],f1[LM],#g1[LM],(f.F-1.#a1)[LM],d2[LM],c3[LM],#a2[LMNO],(g.G-1.#a)[LMO],#d1[LM],g1[LM],#a1[LM],(G-1.g.#d2)[LM],g2[LM],(#D-1.#d.f3)[LM],#d3[LMNO],(#a.#A-1.c1)[LMO],#d1[LMO],#g1[LM],c2[LM],(#g.#G-1.#d2)[LM],c3[LM],f3[K],#d3[KNO],(#A-1.#a1)[LMN],(g.#a)[LMO],(#d.#d1)[LMO],(g.#a)[LMO],(#A-1.#a1)[LMO],(g.#a)[LMO],(#d.#a1)[LM],(g.#a)[LMO],(#A-1.c2)[LM],(g.c1)[LM],(#d.c2)[LM],(g.c1)[LM],(#A-1.#a1)[LM],(g.#a)[LM],(#d.#a1)[LM],(g.#a)[LM],(#A-1.#a1)[LM],(#g.#a)[LM],(f.d1)[LM],(#g.#a)[LM],(#A-1.#a1)[LM],(#g.#a)[LM],(f.#a1)[LM],(#g.#a)[LM],(#A-1.b1)[LMO],(#g.b)[LM],(f.b1)[LM],(#g.b)[LM],(#A-1.#a1)[LMO],(#g.#a)[LMO],(f.#a1)[LM],(#g.#a)[LMO],(#d.#D-1.#a)[LMO],#d1[LM],#f1[LM],#a1[LM],(#D-1.#d.#d2)[LM],#f2[LM],(#A-2.#A-1.b2)[LM],#a2[LMNO],(#f.#F-1.#a)[LMO],d1[LM],f1[LM],#g1[LM],(f.F-1.#a1)[LM],d2[LM],b2[LM],#a2[LMNO],(#f.#F-1.#a)[LMO],#d1[LMO],#f1[LM],#a1[LM],(#F-1.#f.#d2)[LM],#f2[LM],(#D-1.#d.f3)[LM],#d3[K],(#a.#A-1.b)[LM],#d1[LMO],#g1[LM],b1[LM],(#g.#G-1.#d2)[LM],b2[LM],f3[LMNO],#d3[KM],(A-1.#f1)[LMO],(#d.#f)[LMN],(c.c1)[LMO],(#d.#f)[LM],(A-1.#f1)[LMO],(#d.#f)[LMO],(c.#f1)[LMO],(#d.#f)[LMO],(A-1.#g1)[LM],(#d.#g)[LM],(c.#g1)[LM],(#d.#g)[LM],(A-1.#f1)[LM],(#d.#f)[LM],(c.#f1)[LM],(#d.#f)[LM],(#A-1.#a1)[LM],(#f.#a)[LM],(#d.#d1)[LM],(#f.#a)[LMO],(#A-1.#a1)[LM],(#f.#a)[LM],(#d.#d1)[LMO],(#f.#a)[LM],(#A-1.b1)[LM],(#f.b)[LM],(#d.b1)[LM],(#f.b)[LMO],(#A-1.#a1)[LMO],(#f.#a)[LM],(#d.#a1)[LMO],(#f.#a)[LMO],(#A-1.#a1)[LMO],(f.#a)[LMO],(#g.d1)[LM],(d.#a)[LMO],(#A-1.#a1)[LMO],(f.#a)[LMO],(#g.#a1)[LMO],(d.#a)[LM],(#A-1.b1)[LMN],(f.b)[LMN],(#g.b1)[LMN],(d.b)[LMO],(#A-1.#a1)[LMNO],(f.#a)[LMNO],(#g.#a1)[LMNO],(d.#a)[LMNO],(#c1.#c.g1)[LMNO],#a1[LMNO],#c2[LMO],e2[LMO],(#c.#c1.g2)[LMO],#a2[LM],(#A-1.#a.#c3)[LM],e3[LM],(b.B-1.#d3)[LM],b2[LM],#g2[LM],#d2[LM],(#g.#G-1.b1)[LM],#g1[LM],#d1[LM],b[LM],(#d.#D-1.c1)[LM],#d1[LM],#f1[LM],a1[LM],(#D-1.#d.c2)[LM],#d2[LM],(C-1.c.#d2.#f2)[LM],a2[LM],(#A-1.#A-2.d2)[LM],#a2[LM],f2[LM],d2[LM],(#A-1.#a.#a1)[LMO],f1[LM],(#A-1.d1)[LM],#a[LMO],(#F-1.#d.c1)[LM],a1[LMO],(#F-1.#d.c1)[LMO],a1[LM],(e.G-1.#c1.#a1)[KLNO],#a[KLNO],(G-1.e.#c1)[LMN],#a1[LMNO],(G-1.e.#c1)[LMNO],#a1[LMN],(f.#G-1.d1.b1)[J],b[J],(A-2.A-1.#f2.d2)[K],a1[K],#g1[LM],a1[LM],(A-1.a.d2.#f2)[LM],a1[LM],(d2.#f1)[LM],a1[LM],(A-2.A-1.#f2.a2)[LM],a1[LM],#g1[LM],a1[LM],(A-1.a.e2.g2)[LM],a1[LM],#g1[LM],a1[LM],(A-2.A-1.#f2.d2)[LM],a1[LM],#g1[LM],a1[LM],(A-1.a.d2.#f2)[LM],a1[LM],(d2.#f1)[LM],a1[LM],(A-2.A-1.#f2.a2)[LM],a1[LM],#g1[LM],a1[LM],(A-1.a.e2.g2)[LM],a1[LM],#g1[LM],a1[LM],(#A-1.#a.#f2.#d2)[LM],#c2[LM],(#f2.c2.#d2)[LM],#c2[LM],(B-1.b.d2.#f2)[LM],b1[LM],(d2.#f2)[LM],b1[LM],(B-1.b.f2.g2)[LM],d2[LM],#c2[LM],d2[LM],(B-1.b.f2.g2)[LM],d2[LM],(f2.g2)[LM],d2[LM],(c.c1.#d2.g2)[LM],c2[LM],#d2[LM],c2[LM],(#g1.#g2)[LM],#d2[LM],(B-1.b.a2.a1)[LMO],#d2[LM],(#A-1.#a.d2.#a2.#a1)[KLO],(#a1.#f2.a2)[LMO],#d3[LM],(f2.#a1.#a2)[LM],d3[LM],(#f1.#a.#d2)[LM],a2[LM],(#a.f1.d2)[LM],#a2[LM],(#f1.#a.a1)[LM],#d2[LM],(#a.f1.#a1)[LM],d2[LM],(#A-1.#f.#d1)[LM],a1[LM],(f.#A-1.d1)[LM],#a1[LM],(#A-1.#a.a1)[LM],#a1[LM],a1[LMO],#a1[LM],a1[LM],#a1[LM],c2[LMO],#a1[LMO],a1[LM],#a1[LMO],b1[LMO],#a1[LMN],a1[LMO],#a1[LMO],(#d.#f1.#d2)[LMO],(#d1.#a1)[LMO],(#d.#f1)[LMO],(#d1.#a1)[LM],(#d.#d2.#f1)[LM],(#d1.#a1)[LMO],(#d.#a1.#f1)[LM],#d1[LM],(d.#g1.#f2)[LM],(d1.#a1)[LMO],(d.#g1)[LM],(d1.#a1)[LM],(d.#g1.f2)[LMO],(d1.#a1)[LM],(d.#g1)[LM],(d1.#a1)[LM],(d.#g1.f2)[LM],(d1.#a1)[LMO],(d.#g1)[LM],(d1.#a1)[LM],(d.f2.f1)[LMO],(d1.#g1)[LM],(d.#a1.f1)[LM],(d1.#g1)[LM],(#d.#f1.#g2)[LMO],(#d1.#a1)[LMO],(#d.#f1)[LMO],(#d1.#a1)[LMO],(#d.#f1.#f2)[LM],(#d1.#a1)[LMO],(#d.#f1)[LMO],(#d1.#a1)[LMO],(A-1.#f1.#g2)[LMO],(a.c2)[LMN],(A-1.#f2.#f1)[LM],(a.c2)[LM],(A-1.f2.#f1)[LM],(a.c2)[LM],(A-1.#d2.#f1)[LMO],(a.c2)[LM],(A-1.#f1.#g2)[LM],(a.c2)[LMO],(A-1.#f2.#f1)[LM],(a.c2)[LM],(A-1.f2.#f1)[LM],(a.c2)[LMO],(A-1.#d2.#f1)[LM],(a.c2)[LM],(#a.#A-1.f1.#a1.d2)[LMO],#a1[LM],d2[LM],f2[LM],#a2[LM],d3[LMO],c4[LM],#a3[LM],(#f.#A-1.#a.#d.a3.#d3)[LMO],#f3[LM],#d3[LM],c3[LM],(#d2.a2)[LMO],#f2[LM],#d2[LM],c2[LMO],(f.#A-1.#a.d.f1.#a1.d2)[LM],#a1[LM],d2[LM],f2[LM],#a2[LMO],d3[LM],c4[LM],#a3[LMO],(#f.#A-1.#a.#d.a3.#d3)[LM],#f3[LM],#d3[LM],c3[LMO],(#d2.a2)[LM],#f2[LM],#d2[LMO],c2[LM],(f.#A-1.#a.d.f1.d2)[LM],#d2[LM],d2[LM],#c2[LMO],(#A-1.#a.g1.d2)[LM],f2[LM],#d2[LMO],d2[LM],(#G-1.#g.c2)[LM],#a1[LMO],#g1[LMO],g1[LM],f1[LMO],#d2[LMO],d2[LM],c2[LM],(G-1.g.#a1)[LMN],#g1[LM],g1[LMO],f1[LMO],e1[LM],#c2[LMN],c2[LM],#a1[LMO],(F-1.f.#d1.a1)[LMO],#f1[LMN],f1[LMO],#d1[LMO],(#A-1.#g1.d1)[LMN],b1[LMO],#a1[LMO],#g1[LMO],(#d.g1)[LMO],g2[LMN],d2[LM],#d2[LM],d2[LMO],#d2[LM],(g.#d1.#c2)[LM],#a1[LMO],(#g.#d1.#g1.c2)[LM],#g2[LM],d2[LM],#d2[LM],e2[LMO],f2[LM],(a.f1.#d2)[LMO],c2[LM],(#a.f1.#a1.d2)[KL],(#a.d1.#a2)[KLO],(c1.#d1.a2.#a1)[KL],(d1.f1.#g2.#a1)[KLO],(#d1.g1.#a1.g2)[JMN],(#d1.g1.#a1.g2)[LMO],(d1.f1.#a.#a1.#g1.f2)[JMNO],#a2[LM],(#d1.c1.g1.#d2)[I],c2[LM],d2[LM],#d2[LM],(a.c1.c2.f2)[JMN],(c2.f2)[LMO],(#g.d1.#f2.c2)[JLNO],(#f2.c2)[LMNO],(b.d1.g.b1.g2)[IJ],(g2.g1)[KNO],(a2.a1)[LMNO],(b2.b1)[LMNO],(e.c.c2.c3)[LMNO],c1[LMNO],g[LMO],(e.c3.c2)[LMN],(c.e.g2.g1)[LMN],c1[LMN],g[LMO],(e.g2.g1)[LMN],(f.c.e2.e3)[LMN],c1[LMO],a[LMN],f[LMN],(f.c.d2.d3)[LMN],c1[LMO],a[LMN],f[LMN],(d.c.f2.f3)[LMO],b[LMN],g[LMN],d[LMN],(c.f.e2.e3)[LMO],b[LMN],g[LMN],(f.d3.d2)[LMO],(c.f.d2.d3)[LMNO],b[LMN],g[LMNO],f[LMN],(e.c.c2.c3)[K],c1[LMNO],g[K],e[K],(E-1.g2.g3)[LMNO],e[LMN],g[LMN],c1[LMN],(E-1.#a2.#a1)[LMN],e[LMN],g[LMO],(c1.c3.c2)[LMN],(F-1.#a1.#a2)[LMN],f[LMN],#g[LMO],c1[LMN],(F-1.#g2.#g1)[LMNO],f[LMNO],#g[KO],c1[K],(D-1.f2.f3)[KO],d[LMO],f[LMN],#a[LMN],(D-1.#g2.#g1)[LMN],d[LMO],f[LMN],(#a.#a2.#a1)[LMN],(#D-1.#g1.#g2)[LMN],#d[LMN],g[LMN],#a[LMN],(#D-1.g2.g1)[LMN],#d[K],g[K],#a[K],(C-1.#d2.#d3)[KO],c[K],#d[LMNO],f[LMN],(c1.a1.a2)[LMN],f[LMN],(#d.a2.a1)[LMNO],c[LMN],(d.#a.#A-1.#a2.#a1)[KLMO],(#a.#A-1.e1.g1)[LMO],c2[LMO],(#A-1.#A-2.f1.#g1)[LM],d2[LM],(#A-1.#A-2.#a1.g1)[LM],#d2[LM],(#A-1.#A-2.c2.#g1)[LM],f2[LM],(#a1.d2)[LM],g2[LM],(c2.#d2)[LM],#g2[LM],(d2.f2)[LM],#a2[LM],(#A-1.#A-2.c2.#d2)[LM],#g2[LM],(#A-1.#a1.d2)[LM],g2[LM],(#a.c2.#g1)[LM],f2[LM],(#A-1.#a1.g1)[LM],#d2[LM],(#A-1.#A-2.f1.#g1)[LM],d2[LMO],(#d1.g1)[LM],c2[LM],(f1.d1)[LMO],#a1[LM],(#d1.c1)[LM],#g1[LM],(#A-2.d1.#a)[LMO],g1[LMO],(#A-1.c1.#g)[LMO],f1[LMO],(#A-1.#a.g)[LMO],#d1[LMN],(#A-1.#g.#a.f)[K],d1[LMNO],(#D-1.#d1)[K],(#d.g)[K],(#A-1.#a)[LM],(#d.g)[LM],(#D-1.#d1)[LM],(#d.g)[LMO],(#A-1.#a)[LM],(#d.g)[LM],(#D-1.g1)[LM],(c.#g)[LM],(#d.c1)[LM],(c.#g)[LM],(#D-1.f1)[LM],(c.#g)[LM],(#d.c1)[LM],(c.#g)[LM],(#D-1.#a1)[LM],(#g.#a)[LM],(f.d1)[LM],(#g.#a)[LM],(#D-1.#a1)[LM],(#g.#a)[LM],(f.#d.#a1.d1)[LM],(#g.#a)[LM],(#D-1.c2)[LMO],(g.#a)[LM],(#d.#d1)[LM],(g.#a)[LM],(#D-1.#a1)[LMO],(g.#a)[LM],(#d.#d1)[LM],(g.#a)[KNO],(#d.g2)[LMO],(#d1.#a1)[LM],(g.#c2)[LM],(#d1.#a1)[LM],(#d.g2)[LM],(#d1.#a1)[LM],(#d.g2.#c2)[LM],(#d1.#a1)[LM],(#G-1.#a2)[LM],(c1.#g1)[LM],(#g.c2)[LM],(c1.#g1)[LM],(#G-1.#g2)[LM],(c1.#g1)[LM],(#g.c2)[LM],(c1.#g1)[LM],(A-1.#f2)[LMO],(a.#f1)[LM],(c1.c2.#d2)[LM],(a.#f1)[LM],(A-1.c2.#d2.#f2)[LMO],(a.#f1)[LMO],(c1.#d2.c2)[LM],(a.#f1)[LMO],(#A-1.#a1.f2.#d2)[LMO],(f.f1)[LM],(#a.#a1)[LMO],(f.f1)[LMO],(#A-1.#a1.#g1.d2)[LMN],(f.f1)[LMO],(#a.#g1)[LMN],(f.f1)[LMN],(#d.#D-1.#d2)[LMO],g1[LMN],#a1[LM],#d2[LM],(#d1.g1.#a.g2)[LM],#a2[LM],#d3[LM],g3[LM],(#A-1.#g3)[LM],b3[LM],(#a.#g1.d1.f1.f3)[LM],#g3[LM],(#a.#g1.d1.f1.d3)[LM],f3[LM],(#a.#g1.d1.f1.#a2)[LM],d3[LM],(#d.#D-1.#d3)[LM],g1[LM],#a1[LM],#d2[LM],(#d1.g1.#a.g2)[LM],#a2[LM],#d3[LM],g3[LM],(#A-1.#g3)[LM],b3[LM],(#a.#g1.d1.f1.f3)[LM],#g3[LM],(#a.#g1.d1.f1.d3)[LM],f3[LM],(#a.#g1.d1.f1.#a2)[LM],d3[LM],(#d1.g1.#d3)[LM],#a2[LM],#d3[LM],g3[LM],(#a1.g2.#a3.#a2)[LMO],#d3[LMO],#a2[LM],#a3[LMO],(#f2.c3.a3)[LM],#d3[LM],c3[LM],a3[LM],(f2.#g3.d3)[LM],d3[LM],#a2[LM],#g3[LM],(#d2.#d3.g3)[LM],#d3[LM],(#d1.#a2)[LM],g3[LM],(#g1.f3.#g2)[LN],#a1[N],c3[MNO],#g1[MO],#g2[MO],g1[MNO],f3[NO],#g1[LO],(#a1.g2.#d3)[LM],#a2[LM],(#a.g2)[LM],#d3[LM],(#A-1.d3.f2)[LM],#g2[LM],(#A-1.f2)[LM],(#g2.d3)[LM],(#D-1.g2.#d3)[LM],g1[LM],#a1[LM],#d2[LM],(#d1.#a.g1.g2)[LM],#a2[LM],#d3[LM],g3[LM],(#A-1.#g3)[LM],b3[LM],(#a.#g1.d1.f1.f3)[LM],#g3[LM],(#a.#g1.d1.f1.d3)[LM],f3[LM],(#a.#g1.d1.f1.#a2)[LM],(d3.#g2)[LM],(#D-1.g2.#d3)[LM],g1[LM],#a1[LM],#d2[LM],(#d1.#a.g1.g2)[LM],#a2[LM],#d3[LM],g3[LM],(#A-1.#g3)[LM],b3[LM],(#a.#g1.d1.f1.f3)[LM],#g3[LM],(#a.#g1.d1.f1.d3)[LM],f3[LM],(#a.#g1.d1.f1.#a2)[LM],(d3.#g2)[LM],(#d1.g1.g2.#d3)[LM],#a2[LM],#d3[LM],g3[LM],(#a1.g2.#a3)[LM],#d3[LM],#a2[LM],#a3[LM],(#f2.c3.a3)[LM],#d3[LM],c3[LM],a3[LM],(f2.#g3.d3)[LM],d3[LM],#a2[LM],#g3[LM],(#d2.#d3.g3)[LM],#d3[LM],(#d1.#a2)[LM],g3[LM],(#g1.f3)[LN],#a1[N],c3[MNO],#g1[MO],#g2[MO],g1[MNO],f3[NO],#g1[LO],(#a1.#d3)[LM],#a2[LM],(#a.g2)[LM],#d3[LM],(B-1.d3)[LM],#g2[LM],(#A-1.f2)[LM],(#g2.d3)[LM],(B-1.#d3.#f2)[KLN],(B-2.#f1.#d2)[LMO],(B-1.#d1)[LM],(B-2.#f1.#d2)[LMO],(B-1.#d1)[LM],(B-2.b1.#d1)[LMO],(B-1.b)[LM],(B-1.e.#g.b1.#f2)[LM],(b.#g1)[LM],(e.#g.B-1.b1)[LMO],(b.#g1)[LM],(B-1.e.#g.b1.e2)[LM],(b.#g1)[LMO],(e.#g.B-1.b1)[LM],(b.#g1)[LM],(B-1.g.#c2.e2.g2)[LM],(#a.g1)[LMO],(g.g2.e2.#c2)[LM],(#a.g1)[LM],(#f.#A-1.#c2.#f2)[LMO],(#a.#f1)[LM],(#f.f2.#c2)[LM],(#a.#f1)[LM],(B-1.#c1.#a1.e2)[LMO],(#f.#f1)[LMO],(#c1.#a1)[LMO],(#f.#f1)[LMO],(#f.b1.#d2)[LM],(b.#f1)[LMO],(#f.b1)[LMO],(b.#f1)[LMO],(B-1.b.#d2.#f2)[LM],b1[LM],(B-1.b.#d2.#f2)[LM],b1[LM],(#A-1.#a.#d2.#f2)[LM],#a1[LM],(A-1.a.#d2.#f2)[LM],a1[LM],(#A-1.#a.#d2.#f2)[LM],#a1[LM],(B-1.b.#d2.#f2)[LM],b1[LM],(#A-1.#a.#d2.#f2)[LM],#a1[LM],(A-1.a.#d2.#f2)[LMO],a1[LM],(#A-1.#a.#d2.g2.#a1)[KL],d2[LMO],#d2[LM],#f2[LM],g2[LMO],a2[LM],#a2[LM],d3[LM],#d3[LM],#f3[LM],g3[LM],#a3[KL],(#A-1.#a.f1.d2.#g1.#a1)[KLN],(#D-1.#d2)[LM],g1[LMO],#a1[LM],#d2[LM],(#d1.g1.#a.g2)[LM],#a2[LM],#d3[LM],g3[LM],(#A-1.#g3)[LM],b3[LM],(#a.#g1.d1.f1.f3)[LM],#g3[LM],(#a.#g1.d1.f1.d3)[LM],f3[LM],(#a.#g1.d1.f1.#a2)[LM],d3[LM],(#D-1.#d3)[LM],g1[LM],#a1[LM],#d2[LM],(#d1.g1.#a.g2)[LM],#a2[LM],#d3[LM],g3[LM],(#A-1.#g3)[LM],b3[LM],(#a.#g1.d1.f1.f3)[LM],#g3[LM],(#a.#g1.d1.f1.d3)[LM],f3[LM],(#a.#g1.d1.f1.#a2)[LMO],d3[LMO],(#d1.g1.#d3)[IKN],#c3[LMNO],#c2[LMNO],(#A-1.#c2)[LMO],(#a.#c1)[LMO],(g.e1)[LMO],(#a.#c1)[LM],(#A-1.#c2)[LMO],(#a.#c1)[LMO],(g.#c2)[LMO],(#a.#c1)[LMO],(#G-1.c2)[LM],(#g.c1)[LM],(c.f1)[LM],(#g.c1)[LM],(#G-1.c2)[LMO],(#g.c1)[LM],(c.f1)[LM],(#g.c1)[LMO],(G-1.e2)[LM],(g.e1)[LMO],(c.#a1)[LMO],(g.e1)[LMO],(G-1.e2)[LMO],(g.#a1)[LM],(c.e2)[LMO],(g.#a1)[LMO],(#G-1.f2)[LMN],(#g.f1)[LMN],(f.#g1)[LMO],(#g.f1)[LMN],(#G-1.f2)[LMO],(#g.f1)[LMN],(f.#g1)[LMN],(#g.f1)[LMN],(#A-1.d2.#g2)[LMN],(#g.#g1)[LMO],(f.d2)[LMN],(#g.#g1)[LMO],(#A-1.d2.g2)[LMN],(#g.#g1)[LMO],(f.f2.d2)[LMO],(#g.#g1)[LMN],(#A-1.g1.#d2)[LMO],(#a.#a1)[LMO],(#A-1.g1)[LMN],(#a.#a1)[LMN],(#A-1.g1)[LMN],(#a.#a1)[LMN],(#A-1.g1)[KO],(#a.#a1)[K],(#A-1.f1.d2)[KO],(#a.#g1)[LM],(#A-1.#d2.f1)[LMO],(#a.d2.#g1)[LMO],(#A-1.f1.c2)[LMO],(#a.#g1)[LMO],(#A-1.d2.f1)[LM],(#a.#g1)[LMO],(#D-1.#d.g1.#d2)[KLN],#c2[LM],g2[LMO],(#D-1.#d.c2)[LM],#g2[LM],(#D-1.#d.#g1)[LM],d2[LM],(#D-1.#d.g1.#d2)[KLO],#c2[LM],g2[LMO],(#D-1.#d.c2)[LM],#g2[LM],(#A-2.#A-1.#g1)[LM],d2[LMO],(#D-1.#d.g1.#d2)[IJMN],g2[LN],(#d1.#d2.g1.#a1.g3)[JLMN],#d3[LO],#a2[L],g2[L],#d2[L],#a1[L],g1[L],#d1[LO],#a[MNO],g[L],#d[L],#A-1[L],G-1[MNO],(#D-2.#D-1)[HI],"],"id":3,"instruments":["piano","piano"],"alternatives":["",""]}],"audition":{"start":[0,0],"end":[1,0]}}