{"baseBpm":450,"musics":[{"bpm":450,"baseBeats":0.75,"scores":["SV,UV,ST,ST,SV,UV,ST,ST,UV,UV,UV,UV,SV,UV,SV,UV,SV,UV,SV,UV,SV,UV,SV,UV,ST,ST,SV,UV,ST,ST,UV,UV,UV,UV,SV,UV,SV,UV,ST,STWXY,STUV,","(#c1.#f1.#A-1.#a)[JM],(#A-1.#a.#c1.#f1)[LM],(#d1.#g1.b.B-1)[JK],(#f1.#a1.e1.#c.#c1)[JK],(#f1.b1.#d1.#d)[JM],(#d1.#d.#f1.b1)[LM],(#g1.c2.#f1.d1.d)[JK],(#g1.f1.#c2.#c1.#c)[JK],(#C-1.#c.#c2)[LN],#d2[LN],#c2[L],c2[LN],#c2[LN],(b2.f1.b1.#c1)[JM],#a2[LM],(#c2.b1.#g2.f1.#c1)[JM],#a2[LM],(#c2.#f2.#a1.#F-1.#f)[JM],b2[LM],(#f2.#a2.#c2.#c1.#a1.#f1)[JM],#d3[LM],(#f2.#c3.#f1.#a.#c1)[JM],#f3[LM],(#c1.#f1.#A-1.#a)[JM],(#A-1.#a.#c1.#f1)[LM],(#d1.#g1.b.B-1)[JK],(#f1.#a1.e1.#c.#c1)[JK],(#f1.b1.#d1.#d)[JM],(#d1.#d.#f1.b1)[LM],(#g1.c2.#f1.d1.d)[JK],(#g1.f1.#c2.#c1.#c)[JK],(#c.#C-1.#c2)[LN],#d2[LN],#c2[L],c2[LN],#c2[LN],(b2.f1.b1.#c1)[JM],#a2[LM],(#c2.b1.#g2.#c1.f1)[JM],#a2[LM],(#a1.#f2.#F-1)[JK],(#a.#f1.#c1)[JKNOP],(#f1.#a.#c1)[JKLM],"],"id":1,"instruments":["piano","piano"],"alternatives":["",""]},{"bpm":450,"baseBeats":0.75,"scores":["mute[JKNOP],mute[JKNOP],mute[JMNO],mute[LMO],mute[JKNOP],mute[JKNOP],mute[JKNOP],mute[LM],mute[LM],mute[LM],mute[LMNP],mute[JL],mute[LM],mute[JL],mute[LM],mute[JKNOP],mute[JKNOP],mute[JKNOP],mute[KO],mute[KO],mute[KO],mute[KLOP],mute[KLOP],mute[KLOP],mute[KLOP],mute[JNP],mute[KO],mute[KLOP],mute[KLOP],mute[KLOP],mute[KLOP],mute[JKNOP],mute[KLOP],mute[KLOP],mute[KLOP],mute[KLOP],mute[JKNOP],mute[JKNOP],mute[JKNOP],mute[KO],mute[KO],mute[KO],mute[KLNOP],mute[LM],mute[LM],mute[KLOP],mute[KLOP],mute[JKNOP],mute[KLOP],mute[KLOP],mute[JKNOP],mute[LMNO],mute[LMNO],mute[KO],mute[LMNO],mute[LMNO],mute[LMNO],mute[LMNO],mute[KO],mute[LMNO],mute[LMNO],mute[JKNOP],mute[JKNOP],5<UV>,5<UV>,mute[JMNO],mute[LM],mute[LM],mute[LM],mute[LM],mute[LM],mute[LM],mute[LM],mute[LM],mute[LM],mute[LM],mute[LM],mute[LM],mute[LM],mute[KLOP],mute[KLOP],mute[KLOP],mute[KLOP],mute[KLNO],mute[KLNO],mute[JKMNP],mute[KLNO],mute[KLNO],mute[KLMP],mute[KLMN],","(#c2.#A-1)[JKNOP],(#c1.#f1.#a)[JKNOP],(#d2.#c1.#a.#f1)[JMNO],#a1[LMO],(#c2.#G-1)[JKNOP],(#d1.#f1.#g)[JKNOP],(b1.#d1.#g.#f1)[JKNOP],(#c.b1)[LNP],#c2[LNP],b1[LP],#a1[LNP],b1[LNP],(#a2.#c1.f1.#g)[JMNO],#g2[LMO],(f2.#c1.#g.f1)[JMNO],#c2[LMO],(b1.d)[JKNOP],(f1.#g1.#a)[JKNOP],(#a1.#g1.#a.f1)[JKNOP],(#a1.#d)[KO],b1[KO],#a1[KO],(a1.#d1.#f1.#a)[KLOP],#a1[KLOP],(#g2.#f1.#a.#d1)[KLOP],#f2[KLOP],(#f2.B-1)[KLOP],#g1[MP],#a1[MP],#g1[KO],(g1.#g.#f1.#d1)[KLOP],#g1[KNO],#g1[MNP],(f2.#f1.#g.#d1)[KLOP],#d2[KLOP],(#c2.#c)[JKNOP],(#c1.f1.#g)[KLOP],b1[KLOP],(g1.f1.#g.#c1)[KLOP],#g1[KLOP],(a1.#f)[JKNOP],(#c1.#f1)[JKNOP],(#a1.#c1.#f1)[JKNOP],(#c2.#A-1)[KO],#d2[KO],#c2[KO],(c2.#a.#f1.#c1)[KLOP],#c2[LMO],#c2[LMO],(#f2.#c1.#f1.#a)[KLOP],#d2[KLOP],(#c2.#G-1)[JKNOP],(#g.#f1.#d1)[KLOP],c2[KLOP],(b1.#d1.#f1.#g)[JKNOP],(b1.#c)[LMNO],b2[LMNO],g2[KO],#g2[MP],(#g.f1.#c1)[LNP],e2[LMNO],#f2[LMNO],f2[LNP],(f1.#g.#c1)[MP],c2[KO],#d2[LMNO],#c2[LMNO],(b1.d)[JKNOP],(#a.#g1.f1)[JKNOP],(#g1.#a.f1.#a1)[L],#c2[L],b1[L],#a1[JMNO],(#a1.#d)[LMO],b1[LMO],#a1[LMO],a1[LMO],(#a1.#a.#f1.#d1)[LMO],c2[LMO],#c2[LMO],d2[LMO],(#d2.#a.#d1.#f1)[LMO],f2[LMO],#g2[LMO],#f2[LMO],(#f2.B-1)[KLOP],#g1[KLOP],(g1.#g.#f1.#d1)[KLOP],#g1[KLOP],(f2.#g.#d1.#f1)[KLNO],#d2[KLNO],(#d2.#c)[JKMNP],(#g.f1.#c1)[KLNO],#c2[KLNO],(b1.f1.#c1.#g)[KLMP],#g1[KLMN],"],"id":2,"instruments":["piano","piano"],"alternatives":["",""]},{"bpm":450,"baseBeats":0.75,"scores":["SV,UV,ST,ST,SV,UV,ST,ST,UV,UV,UV,UV,SV,UV,SV,UV,SV,UV,SV,UV,SV,UV,SV,UV,ST,ST,SV,UV,ST,STUV,UV,UV,UV,UV,SV,UV,SV,UV,ST,RS,","(#f1.#f.#a)[JM],(#f.#a.#f1)[LM],(#g1.b.#f)[JK],(#f1.#a1.e.#c1)[JK],(#f1.b1.#d1.#d)[JM],(#d1.#d.#f1.b1)[LM],(#a1.#c2.#f1.#c1.#c)[JK],(a1.#f1.#d2.c1.c)[JK],(#C-1.#c.#c2)[LN],#d2[LN],#c2[L],c2[LN],#c2[LN],(b2.f1.b1.#c1)[JM],#a2[LM],(#c2.b1.#g2.f1.#c1)[JM],#a2[LM],(#c2.#f2.#a1.#F-1.#f)[JM],b2[LM],(#f2.#a2.#c2.#c1.#a1.#f1)[JM],#d3[LM],(#f2.#c3.#f1.#a.#c1)[JM],#f3[LM],(#c1.#f1.#A-1.#a)[JM],(#A-1.#a.#c1.#f1)[LM],(#d1.#g1.b.B-1)[JK],(#f1.#a1.e1.#c.#c1)[JK],(#f1.b1.#d1.#d)[JM],(#d1.#d.#f1.b1)[LM],(#g1.c2.#f1.d1.d)[JK],(#f1.c2.#f2.D-1.d)[JKLM],(#c.#C-1.#a1.#c2)[LN],#d2[LN],#c2[L],c2[LN],#c2[LN],(#a2.#a.#f1.#c1)[JM],b2[LM],(#c2.b1.#g2.f1.#c1)[JM],#a2[LM],(#f2.#a1.#f.#F-1)[JK],(#f2.#f3.#a1.#a.#f1.#c1)[IJ],"],"id":3,"instruments":["piano","piano"],"alternatives":["",""]}],"audition":{"start":[0,0],"end":[1,0]}}