{"baseBpm":80,"musics":[{"bpm":80,"baseBeats":0.25,"scores":["c3[M],V,V,V,V,V,d3[M],b2[M],c3[M],V,d3[M],b2[M],c3[M],V,d3[M],b2[M];c3[M],V,g2[M],V,c3[M],V,b2[M],V,(f2.a2)[M],V,(e2.g2)[M],V,(f2.a2)[M],V,(d2.b2)[M],V;c3[M],d3[M],e3[M],f3[M],g3[M],e3[M],f3[M],d3[M],c3[M],V,V,V,V,V,d3[M],b2[M];c3[M],V,d3[M],b2[M],c3[M],V,d3[M],b2[M],c3[M],V,g2[M],V,(a2.c3)[M],V,(g2.b2)[M],V;(g2.a2)[M],V,V,(g2.a2)[M],(#f2.d3)[M],V,V,(#f2.d3)[M],(g2.b2)[M],V,V,V,(c3.e3)[M],V,V,(g2.b2)[M];(g2.a2)[M],V,V,(g2.a2)[M],(#f2.d3)[M],V,V,(#f2.d3)[M],g3[M],V,V,V,V,V,(c3.a3)[M],#f3[M];","(c1.e1)[M],g1[M],(c1.e1)[M],g1[M],(c1.e1)[M],g1[M],(c1.f1)[M],g1[M],(c1.e1)[M],g1[M],(c1.f1)[M],g1[M],(c1.e1)[M],g1[M],(c1.f1)[M],g1[M];(c1.e1)[M],g1[M],(c1.e1)[M],g1[M],(c1.e1)[M],g1[M],(c1.e1)[M],g1[M],c1[M],c2[M],c1[M],c2[M],c1[M],c2[M],c1[M],c2[M];(c1.e1)[M],g1[M],(c1.e1)[M],g1[M],(c1.e1)[M],g1[M],(g.b)[M],g1[M],(c1.e1)[M],g1[M],(c1.e1)[M],g1[M],(c1.e1)[M],g1[M],(c1.f1)[M],g1[M];(c1.e1)[M],g1[M],(c1.f1)[M],g1[M],(c1.e1)[M],g1[M],(c1.f1)[M],g1[M],(c1.e1)[M],g1[M],(c1.e1)[M],g1[M],c[M],c1[M],c[M],c1[M];d[M],d1[M],d[M],d1[M],d[M],d1[M],d[M],d1[M],e[M],e1[M],e[M],e1[M],c[M],c1[M],c[M],c1[M];d[M],d1[M],d[M],d1[M],d[M],d1[M],d[M],d1[M],(g.b.d1)[M],g1[M],(g.b.d1)[M],g1[M],(g.b.d1)[M],g1[M],d1[M],d2[M];"],"id":1,"instruments":["piano","piano"],"alternatives":["",""]},{"bpm":84,"baseBeats":0.25,"scores":["(b2.g3)[M],V,(c3.a3)[M],#f3[M],(b2.g3)[M],V,(a2.#f3)[M],#d3[M];(g2.e3)[M],V,(a2.#f3)[M],#d3[M],(g2.e3)[M],V,c4[M],a3[M];g3[M],#f3[M],e3[M],d3[M],#c3[M],d3[M],e3[M],#f3[M];g3[K],g1[L],a1[L];b1[L],U,U,U;U,b1[L],c2[L],a1[L];g1[M],a1[M],g1[M],#f1[M],g1[M],a1[M],b1[M],c2[M];d2[M],e2[M],d2[M],#c2[M],d2[M],e2[M],d2[M],#c2[M];d2[M],e2[M],c2[M],d2[M],b1[M],c2[M],a1[M],b1[M];g1[M],d1[M],e1[M],#f1[M],g1[M],a1[M],b1[M],c2[M];d2[M],e2[M],d2[M],#c2[M],d2[M],e2[M],d2[M],#c2[M];d2[M],e2[M],c2[M],d2[M],b1[M],c2[M],a1[M],b1[M];g1[M],a1[M],b1[M],c2[M],d2[M],e2[M],f2[M],d2[M];","g1[M],d2[M],d1[M],d2[M],g1[M],d2[M],b[M],b1[M];e1[M],b1[M],b[M],b1[M],e1[M],b1[M],(a.c1.e1)[M],a1[M];(d1.a1)[M],c2[M],(d1.a1)[M],c2[M],(d1.a1)[M],c2[M],(d1.a1)[M],c2[M];(g1.b1)[K],T;U,(g.b.d1)[L],(g.b.d1)[L],(g.b.d1)[L];(g.b.d1)[L],U,(d.#f.c1)[L],U;(g.b)[K],T;(d.#f.a)[J];(d.#f.a)[L],d[L],e[L],#f[L];(g.b)[K],T;(d.#f.a)[J];(d.#f.a)[L],d[L],e[L],#f[L];(g.b)[K],T;"],"id":2},{"bpm":88,"baseBeats":0.25,"scores":["c3[M],V,V,V,V,V,d3[M],b2[M];c3[M],V,d3[M],b2[M],c3[M],V,d3[M],b2[M];c3[M],d3[M],c3[M],b2[M],c3[M],d3[M],e3[M],f3[M];g3[M],a3[M],g3[M],#f3[M],g3[M],e3[M],f3[M],d3[M];c3[M],d3[M],c3[M],b2[M],c3[M],d3[M],e3[M],f3[M];g3[M],a3[M],g3[M],#f3[M],g3[M],e3[M],f3[M],d3[M];c3[M],d3[M],c3[M],b2[M],c3[M],d3[M],e3[M],f3[M];g3[M],a3[M],g3[M],#f3[M],g3[M],e3[M],f3[M],d3[M];c3[M],V,V,V,V,V,(f2.d3)[M],b2[M];(e2.c3)[M],V,(f2.d3)[M],b2[M],(e2.c3)[M],V,(d3.b3)[M],#g3[M];(c3.a3)[M],V,(d3.b3)[M],#g3[M],(c3.a3)[M],V,f3[M],d3[M];c3[M],b2[M],a2[M],g2[M],#f2[M],g2[M],a2[M],b2[M];c3[M],d3[M],e3[M],f3[M],g3[M],e3[M],f3[M],d3[M];c3[M],b2[M],a2[M],g2[M],#f2[M],g2[M],a2[M],b2[M];(e2.c3)[L],(g2.e3)[L],(e2.c3)[K];","(c1.e1)[M],g1[M],(c1.e1)[M],g1[M],(c1.e1)[M],g1[M],(c1.f1)[M],g1[M];(c1.e1)[M],g1[M],(c1.f1)[M],g1[M],(c1.e1)[M],g1[M],(c1.f1)[M],g1[M];(c1.e1)[L],g[L],c1[L],(c1.e1)[L];g[L],(g.b.f1)[L],(g.b.f1)[L],(a.f1)[M],b[M];c1[K],c1[L],(c1.e1)[L];g[L],(g.b.f1)[L],(g.b.f1)[L],(a.f1)[M],b[M];c1[K],c1[L],(c1.e1)[L];g[L],(g.b.f1)[L],(g.b.f1)[L],(a.f1)[M],b[M];(c1.e1)[M],g1[M],(c1.e1)[M],g1[M],(c1.e1)[M],g1[M],g[M],g1[M];c1[M],g1[M],g[M],g1[M],c1[M],g1[M],e[M],e1[M];a[M],e1[M],e[M],e1[M],a[M],e1[M],(d.a)[M],d1[M];(g.d1)[M],f1[M],(g.b.d1)[M],f1[M],(g.b.d1)[M],f1[M],(g.b.d1)[M],f1[M];(c1.e1)[M],g1[M],(c1.e1)[M],g1[M],(c1.e1)[M],g1[M],(f.a)[M],d1[M];(g.d1)[M],f1[M],(g.b.d1)[M],f1[M],(g.b.d1)[M],f1[M],(g.b.d1)[M],f1[M];(c1.e1)[L],c1[L],c[K];"],"id":3}],"audition":{"start":[0,0],"end":[0,40]}}