{"baseBpm":150,"musics":[{"baseBeats":0.5,"scores":["#a2[L],f3[L],#d3[L],f3[L],#d3[L],f3[L],#d3[L],#c3[L];c3[L],U,U,#c3[L],f3[L],U,U,U;#a2[L],f3[L],#d3[L],#c3[L],c3[L],U,#a2[K];#g2[L],U,U,f2[L],f2[L],U,#d2[L],f2[L];#f2[L],f2[L],#f2[L],U,U,U,f2[L],#f2[L];f2[L],c3[L],#c3[L],U,U,U,#a1[L],#c2[L];f2[L],#d2[L],f2[L],#d2[L],f2[L],U,#d2[L],#c2[L];c2[L],U,U,#a1[L],c2[L],U,T;#a1[L],f2[L],#d2[L],f2[L],#d2[L],f2[L],#d2[L],#c2[L];c2[L],U,U,#d2[L],f2[L],U,T;#a1[L],f2[L],#d2[L],f2[L],#d2[L],f2[L],#d2[L],#c2[L];c2[L],U,#a1[L],#a1[L],c2[L],#c2[L],c2[L],#c2[L];#a1[L],f2[L],#d2[L],f2[L],#d2[L],f2[L],#d2[L],#c2[L];#g2[L],U,U,#d2[L],f2[L],U,T;#a1[L],f2[L],#d2[L],f2[L],#d2[L],f2[L],#d2[L],#c2[L];c2[L],U,#c2[L],U,#d2[L],U,f2[K];#a2[L],f2[L],U,f2[L],U,f2[L],U,f2[L];c3[L],f2[L],U,f2[L],U,f2[L],U,f2[L];#c3[L],f2[L],U,f2[L],U,f2[L],U,f2[L];f3[L],f2[L],#d3[L],f2[L],#c3[L],f2[L],a2[L],f2[L];","(#A-1)[L],f[L],#a[L],#c1[L],f1[L],#c1[L],#a[K];(#G-1)[L],f[L],#g[L],c1[L],f1[L],c1[L],#g[K];(#F-1)[L],#c[L],#f[K],(#G-1)[L],#d[L],#g[K];#c[L],#g[L],#d1[L],f1[L],#g1[L],f1[L],#c1[K];#d[L],#a[L],#d1[L],#f1[L],#a1[L],#f1[L],#d1[K];(#A-1)[L],f[L],#a[L],#c1[L],f1[L],#c1[L],#a[K];(#F-1)[L],#c[L],#f[L],#c[L],#f[L],#c[L],#f[K];(#G-1)[L],#d[L],#a[L],c1[L],#d1[L],c1[L],#g[K];(#A-1)[L],f[L],#a[L],#c1[L],f1[L],#c1[L],#a[K];(#G-1)[L],f[L],#g[L],c1[L],f1[L],c1[L],#g[K];(#F-1)[L],#c[L],#g[L],#a[L],#c1[L],#a[L],#f[K];(#G-1)[L],#d[L],#a[L],c1[L],#d1[L],c1[L],#g[K];(#A-1)[L],f[L],c1[L],#c1[L],f1[L],#c1[L],#a[K];(#G-1)[L],f[L],#g[L],c1[L],f1[L],c1[L],#g[K];(#F-1)[L],#c[L],#g[L],#a[L],#c1[L],#a[L],#f[K];(#G-1)[L],#d[L],#a[L],c1[L],#d1[L],c1[L],#g[K];(#A-1)[L],f[L],c1[L],#c1[L],f1[L],#c1[L],#a[K];(#G-1)[L],f[L],#g[L],c1[L],f1[L],c1[L],#g[K];(#F-1)[L],#c[L],#g[L],#a[L],#c1[L],#a[L],#f[K];(F-1)[L],c[L],f[L],a[L],c1[L],a[L],f[K];"],"id":1},{"baseBeats":0.5,"scores":["U,U,#a2[L],#a2[L],d3[L],#a2[L],#a2[L],U;f2[L],U,f2[L],f2[L],#a2[L],f2[L],f2[L],U;d2[L],U,d2[L],#d2[L],g2[L],U,f2[L],U;f2[L],U,g2[L],a2[L],#a2[L],U,#a1[L],(d2.f2)[L];#a2[L],U,#a2[L],#a2[L],d3[L],#a2[L],#a2[L],U;f2[L],U,f2[L],f2[L],#a2[L],f2[L],f2[L],U;d2[L],U,d2[L],#d2[L],g2[L],U,f2[L],U;f2[L],U,g2[L],a2[L],#a2[L],U,#a1[L],(d2.f2)[L];#a2[L],U,c3[L],d3[L],c3[L],U,a2[L],U;g2[L],U,a2[L],#a2[L],a2[L],U,f2[L],U;c3[L],U,c3[L],c3[L],b2[L],U,#a2[L],U;a2[L],U,#g2[L],U,g2[L],U,U,U;g2[L],U,g2[L],g2[L],g2[L],U,g2[L],U;5<a2[M],g2[M]>,5<#f2[M],g2[M]>,a2[L],b2[L],c3[L],U,g2[L],U;5<a2[M],g2[M]>,5<#f2[M],g2[M]>,a2[L],b2[L],c3[L],U,g2[L],U;5<a2[M],g2[M]>,5<#f2[M],g2[M]>,a2[L],b2[L],c3[L],g2[L],g2[L],g2[L];","S,S;S,S;S,S;f1[L],(a1.c2)[L],g1[L],a1[L],#a1[L],(d2.f2)[L],T;S,S;S,S;S,S;f1[L],(a1.c2)[L],g1[L],a1[L],#a1[L],(d2.f2)[L],T;S,S;S,S;S,S;S,S;S,S;S,S;S,S;S,S;","#A-1[L],(d1.f1)[L],(#a.d1)[L],(f.#a)[L],#A-1[L],(d1.f1)[L],(#a.d1)[L],(f.#a)[L];#A-1[L],(d1.f1)[L],(#a.d1)[L],(f.#a)[L],#A-1[L],(d1.f1)[L],(#a.d1)[L],(f.#a)[L];#A-1[L],(#a.d1)[L],(f.#a)[L],(#a.d1)[L],#A-1[L],(#a.d1)[L],(f.#a)[L],(#a.d1)[L];F-1[L],(c1.#d1)[L],(f.c1)[L],(c1.#d1)[L],#A-1[L],(#a.d1)[L],(f.#a)[L],(d.f)[L];#A-1[L],(d1.f1)[L],(#a.d1)[L],(f.#a)[L],#A-1[L],(d1.f1)[L],(#a.d1)[L],(f.#a)[L];#A-1[L],(d1.f1)[L],(#a.d1)[L],(f.#a)[L],#A-1[L],(d1.f1)[L],(#a.d1)[L],(f.#a)[L];#A-1[L],(#a.d1)[L],(f.#a)[L],(#a.d1)[L],#A-1[L],(#a.d1)[L],(f.#a)[L],(#a.d1)[L];F-1[L],(c1.#d1)[L],(f.c1)[L],(c1.#d1)[L],#A-1[L],(#a.d1)[L],(f.#a)[L],U;d1[L],f1[L],#a[L],(d1.f1)[L],a[L],(c1.f1)[L],f[L],(a.c1)[L];e[L],(g.c1)[L],c[L],(c1.e1)[L],f[L],(c1.f1)[L],a[L],(c1.f1)[L];a[L],(c1.f1.a1)[L],a[L],(c1.f1.a1)[L],#g[L],(b.f1.a1)[L],g[L],(#a.e1.g1)[L];f[L],(a.c1.f1)[L],f[L],(#g.c1.f1)[L],c[L],(c1.e1)[L],g[L],(c1.e1)[L];c[L],(c1.e1)[L],g[L],(c1.e1)[L],B-1[L],(d1.f1)[L],g[L],(d1.f1)[L];G-1[L],(b.f1)[L],g[L],(d1.f1)[L],c[L],(c1.e1)[L],g[L],(c1.e1)[L];G-1[L],(b.f1)[L],g[L],(d1.f1)[L],c[L],(c1.e1)[L],g[L],(c1.e1)[L];G-1[L],(b.f1)[L],g[L],(d1.f1)[L],(c1.e1)[L],(c.c1)[L],(G-1.g)[L],(F-1.f)[L];"],"id":2},{"baseBeats":0.25,"scores":["c2[M],c3[M],b2[M],c3[M],c2[M],c3[M],b2[M],c3[M],g2[M],c3[M],b2[M],c3[M],g2[M],c3[M],b2[M],c3[M];a2[M],c3[M],b2[M],c3[M],a2[M],c3[M],b2[M],c3[M],g2[M],c3[M],b2[M],c3[M],g2[M],c2[M],b1[M],c2[M];f2[M],c2[M],b1[M],c2[M],f2[M],c2[M],b1[M],c2[M],e2[M],c2[M],b1[M],c2[M],e2[M],c2[M],b1[M],c2[M];d2[M],f1[M],g1[M],a1[M],b1[M],c2[M],d2[M],e2[M],c2[M],g1[M],a1[M],b1[M],c2[M],d2[M],e2[M],f2[M];g2[M],c2[M],b1[M],c2[M],g2[M],c2[M],b1[M],c2[M],f2[M],c2[M],b1[M],c2[M],f2[M],c2[M],b1[M],c2[M];e2[M],c2[M],b1[M],c2[M],e2[M],c2[M],b1[M],c2[M],d2[M],g1[M],a1[M],b1[M],c2[M],d2[M],e2[M],f2[M];g2[M],c2[M],b1[M],c2[M],g2[M],c2[M],b1[M],c2[M],f2[M],c2[M],b1[M],c2[M],f2[M],c2[M],b1[M],c2[M];e2[M],c2[M],b1[M],c2[M],e2[M],c2[M],b1[M],c2[M],d2[M],g1[M],a1[M],b1[M],c2[M],d2[M],e2[M],f2[M];c2[M],g1[M],#f1[M],g1[M],c2[M],d2[M],e2[M],f2[M],g2[M],c2[M],b1[M],c2[M],g2[M],a2[M],b2[M],c3[M];a2[M],f2[M],g2[M],a2[M],a2[M],b2[M],c3[M],d3[M],g2[M],c2[M],b1[M],c2[M],d2[M],c2[M],b1[M],c2[M];f2[M],a1[M],c2[M],a1[M],f2[M],a1[M],c2[M],a1[M],e2[M],g1[M],c2[M],g1[M],e2[M],g1[M],c2[M],g1[M];d2[M],f1[M],g1[M],f1[M],d2[M],f1[M],g1[M],f1[M],c2[M],g1[M],f1[M],g1[M],d1[M],V,e1[M],V;d2[M],a1[M],c2[M],a1[M],c2[M],a1[M],a2[M],a1[M],a2[M],a1[M],e2[M],a1[M],e2[M],a1[M],d2[M],a1[M];d2[M],a1[M],c2[M],a1[M],c2[M],a1[M],c2[M],a1[M],d2[M],a1[M],d2[M],a1[M],e2[M],a1[M],d2[M],a1[M];c2[M],e1[M],g1[M],e1[M],g1[M],e1[M],g1[M],e1[M],d2[M],e1[M],c2[M],e1[M],c2[M],e1[M],b1[M],e1[M];b1[M],e1[M],#g1[M],e1[M],#g1[M],e1[M],#g1[M],e1[M],#g1[M],e1[M],#g1[M],b1[M],e2[M],#g2[M],a2[M],b2[M];(a1.c2.a2)[M],a1[M],(a1.c2.a2)[M],a1[M],(a1.c2.a2)[M],a1[M],(a1.c2.a2)[M],a1[M],(a1.c2.a2)[M],a1[M],(a1.c2.a2)[M],a1[M],(a1.c2.a2)[M],a1[M],(a1.c2.a2)[M],a1[M];(a1.c2.a2)[M],a1[M],(a1.c2.a2)[M],a1[M],(a1.c2.a2)[M],a1[M],(a1.c2.a2)[M],a1[M],(a1.c2.a2)[M],a1[M],(a1.c2.a2)[M],a1[M],(a1.c2.a2)[M],a1[M],(a1.c2.a2)[M],a1[M];(g1.c2.g2)[M],g1[M],(g1.c2.g2)[M],g1[M],(g1.c2.g2)[M],g1[M],(g1.c2.g2)[M],g1[M],(g1.c2.g2)[M],g1[M],(g1.c2.g2)[M],g1[M],(g1.c2.g2)[M],g1[M],(g1.c2.g2)[M],g1[M];(#g1.b1.#g2)[M],e1[M],(#g1.#g2)[M],e1[M],(#g1.#g2)[M],e1[M],(#g1.#g2)[M],e1[M],(#g1.#g2)[M],e1[M],(#g1.#g2)[M],e1[M],e2[M],#g2[M],a2[M],b2[M];(a1.c2.a2)[M],a1[M],(a1.c2.a2)[M],a1[M],(a1.c2.a2)[M],a1[M],(a1.c2.a2)[M],a1[M],(a1.c2.a2)[M],a1[M],(a1.c2.a2)[M],a1[M],(a1.c2.a2)[M],a1[M],(a1.c2.a2)[M],a1[M];(a1.c2.a2)[M],a1[M],(a1.c2.a2)[M],a1[M],(a1.c2.a2)[M],a1[M],(a1.c2.a2)[M],a1[M],(a1.c2.a2)[M],a1[M],(a1.c2.a2)[M],a1[M],(a1.c2.a2)[M],a1[M],(a1.c2.a2)[M],a1[M];(g1.c2.g2)[M],g1[M],(g1.c2.g2)[M],g1[M],(g1.c2.g2)[M],g1[M],(g1.c2.g2)[M],g1[M],(g1.c2.g2)[M],g1[M],(g1.c2.g2)[M],g1[M],(g1.c2.g2)[M],g1[M],(g1.c2.g2)[M],a1[M];(e1.#g1.e2)[M],e1[M],(e1.#g1.e2)[M],e1[M],(e1.#g1.e2)[M],e1[M],(e1.#g1.e2)[M],e1[M],(e1.#g1.e2)[M],e1[M],(d1.#g1.d2)[M],e1[M],(d1.#g1.d2)[M],e1[M],(c1.#g1.c2)[M],e1[M];a1[M],c1[M],e1[M],a1[M],c1[M],e1[M],a1[M],c1[M],a1[M],c1[M],e1[M],a1[M],c1[M],e1[M],a1[M],c1[M];","c[L],g[L],e1[L],g[L],B-1[L],g[L],d1[L],g[L];A-1[L],e[L],c1[L],e[L],G-1[L],e[L],c1[L],e[L];F-1[L],c[L],a[L],c[L],E-1[L],c[L],g[L],c[L];D-1[L],A-1[L],G-1[L],d[L],c[L],g[L],e1[L],g[L];A-1[L],e[L],c1[L],e[L],F-1[L],c[L],a[L],c[L];c[L],g[L],e1[L],g[L],G-1[L],d[L],b[L],d[L];A-1[L],e[L],c1[L],e[L],F-1[L],c[L],a[L],c[L];c[L],g[L],e1[L],g[L],G-1[L],d[L],b[L],d[L];c[L],g[L],e1[L],g[L],B-1[L],g[L],d1[L],g[L];A-1[L],e[L],c1[L],e[L],G-1[L],e[L],c1[L],e[L];F-1[L],c[L],a[L],c[L],E-1[L],c[L],g[L],c[L];D-1[L],A-1[L],G-1[L],d[L],c[L],g[L],c[K];(A-1)[L],e[L],a[L],e[L],a[L],e[L],a[L],e[L];(F-1)[L],c[L],f[L],c[L],f[L],c[L],f[L],c[L];(C-1)[L],(G-1)[L],c[L],(G-1)[L],c[L],(G-1)[L],c[L],(G-1)[L];(E-1)[L],(B-1)[L],e[L],(B-1)[L],e[L],(B-1)[L],e[L],(B-1)[L];(A-1)[L],e[L],a[L],e[L],a[L],e[L],a[L],e[L];(F-1)[L],c[L],f[L],c[L],f[L],c[L],f[L],c[L];(C-1)[L],(G-1)[L],c[L],(G-1)[L],c[L],(G-1)[L],c[L],(G-1)[L];(E-1)[L],(B-1)[L],e[L],(B-1)[L],e[L],(B-1)[L],e[L],(B-1)[L];(A-1)[L],e[L],a[L],e[L],a[L],e[L],a[L],e[L];(F-1)[L],c[L],f[L],c[L],f[L],c[L],f[L],c[L];(C-1)[L],(G-1)[L],c[L],(G-1)[L],c[L],(G-1)[L],c[L],(G-1)[L];(E-1)[L],(B-1)[L],e[L],(B-1)[L],e[L],(B-1)[L],e[L],(B-1)[L];(A-1)[L],e[L],a[L],e[L],(F-1)[L],c[L],f[L],c[L];"],"id":3},{"baseBeats":0.5,"scores":["f2[K],T,d2[K],g2[K];T,f2[K],f2[K],S;#d2[K],S;f1[K],a1[K],c2[K],g2[K];T,f2[K],d2[K],S;d2[K],T,T;#a1[K],d2[K],f2[K],#a2[K];T,a2[K],a2[K],T;T,g2[K],T,T;a2[K],T,g2[K],f2[K];T,a1[K],#a1[K],T;T,#a1[K],T,T;(f1.#a1)[L],U,(#a1.d2)[L],U,(d2.f2)[L],U,(#a2.d3)[L],U;U,U,(a2.c3)[L],U,(a2.c3)[L],U,U,U;U,U,(g2.#a2)[L],U,U,U,U,U;a2[L],U,U,U,g2[L],U,f2[L],U;U,U,a1[L],U,#a1[L],U,U,U;U,U,#a1[JK];","#A-1[K],(f.c1.d1.f1)[J],#A-1[K];(g.c1.#d1.g1)[J],c[K],(g.c1.f1)[J];c[K],(g.c1.#d1)[J];F-1[K],(c.a.c1.#d1)[J],F-1[K];(c.g.#a.#d1)[J],#A-1[K],(f.c1.d1.f1)[J];A-1[K],f[K],(c1.f1)[K];G-1[K],(d.#a.d1.f1)[K],(d.#a.d1.f1)[K],#D-1[K];(#d.g.#a.d1)[K],(#d.g.#a.d1)[K],C-1[K],(G-1.g.#a.#d1)[K];(G-1.g.#a.#d1)[K],E-1[K],(e.g.#a.c1.g1)[K],(e.g.#a.c1.g1)[K];F-1[K],(#d.g.#a.d1)[K],(#d.g.#a.d1)[K],F-1[K];(f.a.c1.#d1)[K],(f.a.c1.#d1)[K],#A-2[K],(f.#a.c1)[K];(f.#a.c1)[K],#A-2[K],(f.#a.d1)[K],(#a.d1)[L],f[L];#A-1[L],f[L],c1[L],d1[L],f1[L],c1[L],#A-1[L],f[L];c1[L],d1[L],f1[L],#a1[L],(#D-1.c2)[L],#A-1[L],f[L],g[L];#a[L],#d1[L],(#D-1.g1)[L],#A-1[L],f[L],g[L],#a[L],#d1[L];C-1[L],G-1[L],e[L],g[L],#a[L],d1[L],(F-1.f1)[L],c[L];#d[L],g[L],#a[L],#d1[L],#A-2[L],F-1[L],c[L],d[L];f[L],#a[L],(d1.f1.#a1)[JK];"],"id":4},{"baseBeats":0.25,"scores":["a2[M],#a2[M];#a2[M],f2[M],f2[M],#a2[M],#a2[M],f2[M],f2[M],#a2[M],a2[M],f2[M],f2[M],a2[M],a2[M],f2[M],f2[M],a2[M];#a2[M],f2[M],f2[M],#a2[M],#a2[M],f2[M],f2[M],#a2[M],c3[M],f2[M],f2[M],c3[M],c3[M],f2[M],f2[M],c3[M];#c3[M],f2[M],f2[M],#c3[M],#c3[M],f2[M],f2[M],#c3[M],c3[M],f2[M],f2[M],c3[M],c3[M],f2[M],f2[M],c3[M];#a2[M],f2[M],#c2[M],f2[M],#a1[M],c2[M],#c2[M],c2[M],#a1[M],f1[M],#c1[M],f1[M],#a[M],d1[M],f1[M],#a1[M];#g1[M],g1[M],#g1[M],c2[M],#d2[M],c2[M],#g1[M],#f1[M],f1[M],e1[M],f1[M],#a1[M],#c2[M],c2[M],#c2[M],#a1[M];#g1[M],g1[M],#g1[M],c2[M],#d2[M],#f2[M],f2[M],#d2[M],#c2[M],c2[M],#c2[M],#d2[M],f2[M],d2[M],#a1[M],#a2[M];#f2[M],f2[M],#d2[M],f2[M],#f2[M],#g2[M],#a2[M],#f2[M],f2[M],#d2[M],#c2[M],#d2[M],f2[M],#c2[M],#a1[M],f1[M];f1[M],g1[M],a1[M],#a1[M],c2[M],#c2[M],#d2[M],f2[M],#a1[M],f[M],#a[M],#c1[M],T;","U;(#A-1.#c1.f1)[J],(A-1.#c1.#f1)[J];(#A-1.#c1.f1)[J],(A-1.c1.f1)[J];(#A-1.#c1.f1)[J],(A-1.c1.#f1)[J];(#A-1.#c1.f1)[I];#G-1[M],#d[M],c1[M],#d[M],#G-1[M],#d[M],c1[M],#d[M],#c[M],#g[M],f1[M],#g[M],#c[M],#g[M],f1[M],#g[M];#G-1[M],#d[M],c1[M],#d[M],#G-1[M],#d[M],c1[M],#d[M],#c[M],#g[M],f1[M],#g[M],#A-1[M],#f[M],d1[M],#f[M];#d[M],#a[M],#f1[M],#a[M],#d[M],#a[M],#f1[M],#a[M],f[M],#c1[M],#g1[M],#c1[M],f[M],#c1[M],f1[M],#c1[M];f[M],c1[M],a[M],c1[M],f[M],c1[M],a[M],c1[M],#A-1[M],V,U,#A-1[K];"],"id":5},{"baseBeats":0.25,"scores":["d2[L],U,T,T,d1[K];d2[L],U,T,d2[L],U,#c2[L],b1[L];b1[L],U,a1[L],#g1[L],a1[L],U,T;a1[L],U,g1[L],b1[L],a1[L],U,(g1.b1)[L],(e1.#c2)[L];(#f1.e2)[M],a[M],d1[M],#f1[M],(g1.#c2)[M],b[M],d1[M],g1[M],(a1.d2)[M],c1[M],#f1[M],g1[M],a1[M],#f1[M],c1[M],a[M];(b1.#f2)[M],d[M],g[M],a[M],(d.g)[M],b[M],g[M],d[M],(#c2.f2)[M],#g[M],(#f2.d3)[M],d1[M],(f2.#c3)[M],f1[M],(d2.b2)[M],#g[M];(d2.b2)[M],#c[M],#f[M],#g[M],(#c2.a2)[M],a[M],(b1.#g2)[M],#c[M],(#c2.a2)[M],#f[M],b[M],#c1[M],(#f.b)[M],#d1[M],b[M],#f[M];(b1.a2)[M],b[M],e1[M],#f1[M],g2[M],g1[M],#f2[M],b[M],(a1.g2)[M],a[M],b1[M],e1[M],(#c2.#f2)[M],#f1[M],d2[M],a[M];(g1.c2.e2)[M],g[M],c1[M],d1[M],(g1.c2)[M],e1[M],c1[M],g[M],(g1.c2)[M],g[M],c1[M],d1[M],(g1.c2)[M],e1[M],c1[M],g[M];(a1.#c2.e2)[L],U,U,U,T,b1[K];e2[L],U,e2[L],#f2[L],#g2[L],U,#g2[L],a2[L];b2[L],U,#c3[L],b2[L],#g2[L],U,T;(#d2.b2)[L],U,(#c2.a2)[L],(b1.#g2)[L],(a1.#f2)[J];(#c2.a2)[L],U,(b1.#g2)[L],(a1.#f2)[L],(#g1.e2)[K],b1[L],U;e2[L],U,e2[L],#f2[L],#g2[L],U,#g2[L],a2[L];b2[L],U,a2[L],b2[L],#g2[L],U,T;(#c2.e2.b2)[L],U,a2[L],#g2[L],#f2[K],#g2[L],#f2[L];e2[L],U,U,U,S;(#f3.#a3)[L],T,#a2[L],U,f3[L],#d3[L],f3[L],(f3.#g3)[L],T,#g2[L],U,f3[L],#d3[L],f3[L],(f3.#g3)[L],T,#g3[L],a3[LM],f3[LM],#d3[L],(#a2.#c3)[KL],(f2.#a2)[K],f3[L],#d3[L],f3[L],(#f3.#a3)[L],T,#a2[L],U,f3[L],#d3[L],f3[L],(#g3.c4)[L],T,#d4[L],U,#c4[L],c4[L],a3[L],(f3.#a3)[J],S,T,T,#A-1[L],f[L],#A-1[L],(#a.f)[L],#F-1[M],#c[M],#f[M],#a[M],#c1[M],#f1[M],#a1[M],#c2[M],#f2[M],#c2[M],#a1[M],#f1[M],#c1[M],#a[M],#f[M],#c[M],#G-1[M],#d[M],#g[M],c1[M],#d1[M],#g1[M],c2[M],#d2[M],#g2[M],#d2[M],c2[M],#g1[M],#d1[M],c1[M],#g[M],#d[M],#G-1[M],#d[M],#g[M],c1[M],#g[M],#d[M],c[M],#G-1[M],F-1[M],c[M],f[M],a[M],c1[M],f[M],c[M],A-1[M],#A-1[M],f[M],#a[M],#c1[M],f1[M],#a1[M],#c2[M],f2[M],#a2[M],f2[M],#c2[M],#a1[M],f1[M],#c1[M],#a[M],f[M],#F-1[M],#c[M],#f[M],#a[M],#c1[M],#f1[M],#a1[M],#c2[M],#f2[M],#c2[M],#a1[M],#f1[M],#c1[M],#a[M],#f[M],#c[M],#G-1[M],#d[M],#g[M],c1[M],#d1[M],#g1[M],c2[M],#d2[M],#g2[M],#d2[M],c2[M],#g1[M],#d1[M],c1[M],#g[M],#d[M],F-1[M],c[M],f[M],a[M],c1[M],f1[M],a1[M],c2[M],f2[M],c2[M],a1[M],f1[M],c1[M],a[M],f[M],c[M],F-1[M],c[M],f[M],a[M],c1[M],f1[M],a1[M],c2[M],f2[M],c2[M],a1[M],f1[M],c1[M],a[M],f[M],c[M],#F-1[M],#c[M],#f[M],#a[M],#c1[M],#f1[M],#a1[M],#c2[M],#f2[M],#c2[M],#a1[M],#f1[M],#c1[M],#a[M],#f[M],#c[M],#G-1[M],#d[M],#g[M],c1[M],#d1[M],#g1[M],c2[M],#d2[M],#g2[M],#d2[M],c2[M],#g1[M],#d1[M],c1[M],#g[M],#d[M],#G-1[M],#d[M],#g[M],c1[M],#g[M],#d[M],c[M],#G-1[M],F-1[M],c[M],f[M],a[M],c1[M],f[M],c[M],A-1[M],#A-1[M],f[M],#a[M],#c1[M],f1[M],#a1[M],#c2[M],f2[M],#a2[M],f2[M],#c2[M],#a1[M],f1[M],#c1[M],#a[M],f[M],#F-1[M],#c[M],#f[M],#a[M],#c1[M],#f1[M],#a1[M],#c2[M],#f2[M],#c2[M],#a1[M],#f1[M],#c1[M],#a[M],#f[M],#c[M],#G-1[M],#d[M],#g[M],c1[M],#d1[M],#g1[M],c2[M],#d2[M],#g2[M],#d2[M],c2[M],#g1[M],#d1[M],c1[M],#g[M],#d[M],#A-1[M],f[M],#a[M],#c1[M],f1[M],#a1[M],#c2[M],f2[M],#a2[M],f2[M],#c2[M],#a1[M],f1[M],#c1[M],#a[M],f[M],#A-1[L],f[L],#A-1[L],(#a.f)[L],#A-1[M],f[M],#a[M],f[M],#A-1[M],f[M],#A-1[M],V,(G-1.G-2)[L],B-1[M],d[M],g[M],b[M],d1[L],b[M],g[M],d[L],(B-2.B-1)[L],(G-1.G-2)[L],(A-1.A-2)[L],(#c.e)[L],e[M],a[M],#c1[L],(#c1.e1)[L],(a.#c1)[L],(e.a)[L],#c[M],A-1[M],(A-1.A-2)[L],(a.#c)[L],U,(A-2.A-1)[L],(#F-1.#F-2)[L],V,(#f.#c.#A-1)[L],V,(#A-2.#A-1)[L],(B-1.B-2)[L],d[L],#f[L],d[L],#f[M],b[M],#f[L],d[L],(B-2.B-1)[L],(G-1.G-2)[L],B-1[M],d[M],g[M],b[M],d1[L],b[M],g[M],d[L],(B-2.B-1)[L],(G-1.G-2)[L],(A-1.A-2)[L],(#c.e)[L],e[M],a[M],#c1[L],(#c1.e1)[L],(a.#c1)[L],(e.a)[L],#c[M],A-1[M],(#F-2.#F-1)[L],#A-1[M],#c[M],(#A-1.#f)[L],(#a.#f)[L],(#a.#c1.#f1)[L],V,(#A-1.#a)[L],V,(#C-1.#F-1)[L],(#A-2.#A-1)[L],#F-1[L],#A-1[L],#c[L],#f[L],#c[L],#F-1[M],#C-1[M],#A-2[M],#F-1[M],(G-1.G-2)[L],B-1[M],d[M],g[M],b[M],d1[L],b[M],g[M],d[L],(B-2.B-1)[L],(G-1.G-2)[L],(A-1.A-2)[L],(#c.e)[L],e[M],a[M],#c1[L],(#c1.e1)[L],(a.#c1)[L],(e.a)[L],#c[M],A-1[M],(A-1.A-2)[L],(a.#c)[L],U,(A-2.A-1)[L],(#F-1.#F-2)[L],V,(#f.#c.#A-1)[L],V,(#A-2.#A-1)[L],(B-1.B-2)[L],d[L],#f[L],d[L],#f[M],b[M],#f[L],d[L],(B-2.B-1)[L],(G-1.G-2)[L],B-1[M],d[M],g[M],b[M],d1[L],b[M],g[M],d[L],(B-2.B-1)[L],(G-1.G-2)[L],(A-1.A-2)[L],(#c.e)[L],e[M],a[M],#c1[L],(#c1.e1)[L],(a.#c1)[L],(e.a)[L],U,(#F-1.B-2.B-1)[HM];","d[L],a[L],(b.g1)[K],(a.#f1)[K],T;G-1[L],d[L],(g.b)[K],G-1[L],e[L],(g.#c1)[K];#F-1[L],#c[L],(#f.a)[K],B-1[L],#f[L],(a.#d1)[K];E-1[L],B-1[L],(d.g)[K],A-1[L],e[L],(g.#c1)[K];d[M],V,U,e[M],V,U,#f[M],V,U,T;G-1[M],V,U,T,#c[M],V,#c1[M],V,(#g.#c1)[M],V,#c1[M],V;#F-1[M],V,U,(#c.#f)[M],V,#f[M],V,B-1[M],V,U,T;e[M],V,U,(b.e1)[M],V,e1[M],V,d[M],V,d1[M],V,(a.d1)[M],V,d1[M],V;c[M],V,U,(g.c1)[M],V,U,c[M],V,U,(g.c1)[M],V,U;A-1[L],e[L],a[L],b[L],(e.a.#c1)[K],T;e[L],b[L],(e1.#g1)[K],e[L],b[L],(#d1.#g1)[K];#G-1[L],#d[L],(#g.b)[K],#c[L],#g[L],(#c1.f1.a1)[K];#f[L],#c1[L],(e1.a1)[K],(b.#d1)[J];B-1[L],#f[L],(#c.b)[L],(#d.a)[L],(e.#g)[K],U,#d[L];#c[L],#g[L],(#c1.e1)[K],c[L],#g[L],(c1.#d1)[K];B-1[L],#g[L],(b.e1)[K],#c[L],#g[L],(#c1.f1.a1)[K];#f[L],#c1[L],(e1.a1)[K],(b.#d1)[J];e[L],b[L],(#c1.a1)[L],#f1[L],(b.#g1)[J];#F-1[J],#F-1[J],#G-1[J],#G-1[J],#G-1[J],F-1[J],#A-1[J],#A-1[J],#F-1[J],#F-1[J],#G-1[J],#G-1[J],#A-1[J],#A-1[J],#A-1[K],#A-1[L],(#a1.#a2)[L],U,(f2.f3)[L],(#d2.#d3)[L],(f2.f3)[L],(#a2.#a3)[L],T,#a2[L],U,(f2.f3)[L],(#d2.#d3)[L],(f2.f3)[L],(#g2.#g3)[L],T,(#g1.#g2)[L],U,(#d2.#d3)[L],(#c2.#c3)[L],(#d2.#d3)[L],(#g2.#g3)[L],T,(#g2.#g3)[L],(a2.a3)[LM],(f2.f3)[LM],(#d2.#d3)[L],(#c2.#c3)[L],T,(#a1.#a2)[L],U,(f2.f3)[L],(#d2.#d3)[L],(f2.f3)[L],(#a2.#a3)[L],T,(#a1.#a2)[L],U,(f2.f3)[L],(#d2.#d3)[L],(f2.f3)[L],(c3.c4)[L],T,(#c3.#c4)[L],U,(c3.c4)[L],(#g2.#g3)[L],(#d2.#d3)[L],(f2.f3)[I],(a2.a3)[KL],(#a1.#a2)[L],U,(f2.f3)[L],(#d2.#d3)[L],(f2.f3)[L],(#a2.#f3.#a3)[L],T,(#a1.#a2)[L],U,(f2.f3)[L],(#d2.#d3)[L],(f2.f3)[L],(#g2.f3.#g3)[L],T,(#g1.#g2)[L],U,(f2.f3)[L],(#d2.#d3)[L],(f2.f3)[L],(#g2.f3.#g3)[L],T,(#g2.#g3)[L],(a2.a3)[LM],(f2.f3)[LM],(#d2.#d3)[L],(#a2.#c3)[KL],(f2.#a2)[K],(f2.f3)[L],(#d2.#d3)[L],(f2.f3)[L],(#a2.#f3.#a3)[L],T,(#a1.#a2)[L],U,(f2.f3)[L],(#d2.#d3)[L],(f2.f3)[L],(c3.#g3.c4)[L],T,(#d3.#d4)[L],U,(#c3.#c4)[L],(c3.c4)[L],(a2.a3)[L],(#a2.f3.#a3)[L],#a[M],#c1[M],f1[M],#a1[M],#c2[M],f2[M],#a2[M],f2[M],#c2[M],#a1[M],f1[M],#c1[M],#a[M],f[M],mute[L],U,U,U,#a3[LM],(#a2.#a3)[LM],(#a2.#a3)[L],(b2.b3)[L],T,(b1.b2)[L],U,(#f2.#f3)[L],(e2.e3)[L],(#f2.#f3)[L],(a2.a3)[L],T,(a1.a2)[L],U,(e2.e3)[L],(d2.d3)[L],(e2.e3)[L],(a2.a3)[L],T,(a2.a3)[L],(#a2.#a3)[LM],(#f2.#f3)[LM],(e2.e3)[L],(d2.d3)[L],T,(b1.b2)[L],U,(#f2.#f3)[L],(e2.e3)[L],(#f2.#f3)[L],(b2.b3)[L],T,(b1.b2)[L],U,(#f2.#f3)[L],(e2.e3)[L],(#f2.#f3)[L],(#c3.#c4)[L],T,(d3.d4)[L],U,(#c3.#c4)[L],(a2.a3)[L],(e2.e3)[L],(#f2.#f3)[I],(#a2.#a3)[KL],(b1.b2)[L],U,(#f2.#f3)[L],(e2.e3)[L],(#f2.#f3)[L],(b2.g3.b3)[L],T,(b1.b2)[L],U,(#f2.#f3)[L],(e2.e3)[L],(#f2.#f3)[L],(a2.#f3.a3)[L],T,(a1.a2)[L],U,(#f2.#f3)[L],(e2.e3)[L],(#f2.#f3)[L],(a2.#f3.a3)[L],T,(a2.a3)[L],(#a2.#a3)[LM],(#f2.#f3)[LM],(e2.e3)[L],(b2.d3)[KL],(#f2.b2)[K],(#f2.#f3)[L],(e2.e3)[L],(#f2.#f3)[L],(b2.g3.b3)[L],T,(b1.b2)[L],U,(#f2.#f3)[L],(e2.e3)[L],(#f2.#f3)[L],(#c3.a3.#c4)[L],T,(e3.e4)[L],U,(d3.d4)[L],(#c3.#c4)[L],(#a2.#a3)[L],(b2.#f3.b3)[HM];"],"id":6}]}