{"baseBpm":90,"musics":[{"id":1,"baseBeats":0.25,"scores":["(#a~c1~d1)[L],#d1[L],#d1[L],#d1[M],d1[M],#d1[M],f1[M],g1[L],g1[L],g1[M],#f1[M];g1[M],#g1[M],#a1[L],#a1[L],#a1[M],a1[M],#a1[M],#d2[M],#a1[KL];g1[L],#g1[L],#g1[M],g1[M],f1[L],#g1[L],g1[L],g1[M],f1[M],#d1[L];g1[L],f1[L],c1[L],d1[L],#d1[L],f1[KL];(#a~c1~d1)[L],#d1[L],#d1[L],#d1[M],d1[M],#d1[M],f1[M],g1[L],g1[L],g1[M],#f1[M];g1[M],#g1[M],#a1[L],#a1[L],#a1[M],a1[M],#a1[M],#d2[M],#a1[KL];g1[L],c2[L],#a1[L],#g1[L],g1[L],f1[L],#d1[L],d1[L];#d1[L],f1[L],g1[M],#g1[M],g1[L],f1[L],(#a.#d1)[L],#a[M],c1[M],d1[M],#d1[M];f1[M],g1[M],(f1.#g1)[L],(f1.#g1)[L],(f1.#g1)[L],(f1.#g1)[L],(f1.#g1)[M],(e1.g1)[M],(f1.#g1)[K];(#f1.a1)[L],(g1.#a1)[L],(g1.#a1)[L],(g1.#a1)[M],(f1.#g1)[M],(#d1.g1)[M],(f1.#g1)[M],(g1.#a1)[KL];#d1[L],(f1.#g1)[L],(f1.#g1)[L],(f1.#g1)[L],(f1.#g1)[L],(f1.#g1)[M],(e1.g1)[M],(f1.#g1)[K];(#f1.a1)[L],(g1.#a1)[L],(g1.#a1)[L],(g1.#a1)[M],(f1.#g1)[M],(#d1.g1)[M],(f1.#g1)[M],(g1.#a1)[KL];(g1.#a1)[L],(#g1.c2)[L],(#g1.c2)[L],(c2.#d2)[LM],(#g1.c2)[M],(g1.#a1)[L],(g1.#a1)[L],(g1.#a1)[M],(f1.#g1)[M];(#d1.g1)[L],(f1.#g1)[L],(f1.#g1)[L],(b.d1)[LM],(f1.#g1)[M],(#d1.g1)[L],(#d1.g1)[L],(#d1.g1)[M],(d1.f1)[M];(c1.#d1)[L],(#g1.c2)[L],(#g1.c2)[L],(c2.#d2)[LM],(#g1.c2)[M],(g1.#a1)[L],(g1.#a1)[L],(g1.#a1)[M],(f1.#g1)[M];(#d1.g1)[L],(f1.#g1)[L],(f1.#g1)[L],(#a.d1)[LM],(d1.f1)[M],(#a.#d1)[KL];g1[L],","U,#d[L],#a[L],#A-1[L],#a[L],#d[L],#a[L],#A-1[L];#a[L],#d[L],#a[L],#A-1[L],#a[L],#d[L],#a[L],#A-1[L];#a[L],f[L],c1[L],#A-1[L],c1[L],f[L],#a[L],#A-1[L];#a[L],f[L],#d[L],d[L],c[L],(#a.d1)[L],(#a.d1)[L],(#a.d1)[L];U,#d[L],#a[L],#A-1[L],#a[L],#d[L],#a[L],#A-1[L];#a[L],#d[L],#a[L],#A-1[L],#a[L],U,#a[M],#a[M],(g.#a)[L];g[L],#d1[L],d1[L],c1[L],#a[L],#g[L],g[L],f[L];g[L],(f.#g)[K],(f.#g)[L],(f.#g)[L],(#d.g)[L],U,T;d[L],#g[L],#A-1[L],#g[L],d[L],#g[L],#A-1[L];#g[L],#d[L],#a[L],#A-1[L],#a[L],U,(g.#a)[M],(g.#a)[M],(g.#a)[L];U,d[L],#g[L],#A-1[L],#g[L],d[L],#g[L],#A-1[L];#g[L],#d[L],#a[L],#A-1[L],#a[L],U,(g.#a)[M],(g.#a)[M],(g.#a)[L];U,#G-1[L],c1[L],#G-1[L],c1[L],#d[L],#a[L],#A-1[L];#a[L],f[L],b[L],#A-1[L],b[L],c[L],#g[L],#A-1[L];#g[L],#G-1[L],U,T,#d[L],U,T;#A-1[K],#A-1[L],#A-1[L],(#d.#g)[L],(#d.#g)[L],(#d.#g)[L];U,"],"instruments":["piano","piano"],"alternatives":["",""],"bpm":90},{"id":2,"baseBeats":0.25,"scores":["#g1[L],c1[L],#d1[LM],#g1[M],#a1[K],#a1[LM],#a1[M];#a1[K],#d2[LM],#c2[M],c2[JK];#d1[M],f1[M],g1[M],#g1[M],#a1[K],#a1[LM],#a1[M];#a1[K],#d2[LM],#c2[M],c2[JK];#g1[M],#a1[M],c2[M],#c2[M],#d2[K],#d2[LM],#d2[M];#c2[L],c2[L],#a1[L],#g1[L],g1[L],f1[JL];f2[L],#d2[L],#c2[L],c2[L],#a1[L],#g1[L];g1[K],f1[L],g1[L],#g1[K],#g1[LM],#g1[M];#g1[KL],#a2[M],g2[M],#d2[L],#d2[L],#d2[M],f2[M],g2[M],#g2[M];#a2[L],#a2[L],#a2[LM],g2[M],c3[L],c3[L],c3[LM],#a2[M];c3[LM],#a2[M],c2[M],d2[M],#d2[M],f2[M],g2[KL],#d2[M],#a1[M];#d2[KL],#a2[M],g2[M],#a2[K],#a2[M],#g2[M],f2[M],g2[M];#d2[KL],#a2[M],g2[M],#d2[L],#d2[L],#d2[M],f2[M],g2[M],#g2[M];#a2[L],#a2[L],#a2[LM],g2[M],c3[L],c3[L],c3[LM],#a2[M];c3[LM],#a2[M],c2[M],d2[M],#d2[M],f2[M],g2[KL],#d2[M],#a1[M];#d2[KL],#a2[M],g2[M],#a2[K],#a2[M],#g2[M],f2[M],g2[M];#d2[J],","(#g.c1)[K],T,#d[L],U,#A-1[L],g[L];#d[L],g[L],#A-1[L],g[L],#d[L],c1[L],#G-1[L],c1[L];#d[L],c1[L],#G-1[L],c1[L],#d[L],(g.#a)[L],#A-1[L],(g.#a)[L];#d[L],(g.#a)[L],#A-1[L],(g.#a)[L],#d[L],c1[L],#G-1[L],c1[L];#d[L],c1[L],#G-1[L],c1[L],#d[L],(#g.c1)[L],U,(#g.c1)[L];#d[L],(#g.c1)[L],#G-1[L],(#g.c1)[L],#c[L],(f.#g)[L],#c[L],(f.#g)[L];#c[L],(f.#g)[L],#c1[L],c1[L],#a[L],#g[L],g[L],#g[L];(g.#a)[L],(g.#a)[L],U,(g.#a)[L],(#g.c1)[K],(#g.c1)[L],(#g.c1)[L];(#g.c1)[K],T,#d[L],(g.#a)[L],#d[L],(g.#a)[L];#d[L],(g.#a)[L],#d[L],(g.#a)[L],#G-1[L],(#g.c1)[L],#G-1[L],(#g.c1)[L];#G-1[L],(#g.c1)[L],#G-1[L],(#g.c1)[L],U,(g.#a)[M],(g.#a)[M],(g.#a)[L],U;U,(g.#a)[M],(g.#a)[M],(g.#a)[L],U,U,(f.#g)[M],(f.#g)[M],(f.#g)[L],U;U,(g.#a)[M],(g.#a)[M],(g.#a)[L],U,#d[L],(g.#a)[L],#d[L],(g.#a)[L];#d[L],(g.#a)[L],#d[L],(g.#a)[L],#G-1[L],(#g.c1)[L],#G-1[L],(#g.c1)[L];#G-1[L],(#g.c1)[L],#G-1[L],(#g.c1)[L],U,(g.#a)[M],(g.#a)[M],(g.#a)[L],U;U,(g.#a)[M],(g.#a)[M],(g.#a)[L],U,U,(f.#g)[M],(f.#g)[M],(f.#g)[L],U;(g.#a)[L],(g.#a)[M],(g.#a)[M],(g.#a)[L],U,"],"instruments":["piano","piano"],"alternatives":["",""],"bpm":90},{"id":3,"baseBeats":0.25,"scores":["#a1[L],#a1[M],#a1[M],#a1[M],f1[M],d1[M],f1[M],#a1[KL],f1[L];#a1[M],d2[M],f1[M],a1[M],#a1[M],d2[M],f1[M],a1[M],#a1[L],#a1[M],a1[M],#a1[M],a1[M],#a1[M],a1[M];#a1[L],#a[M],a[M],#a[M],a[M],#a[M],a[M],#a[L],U,(f2.#a2)[L],U;(f1.#g1)[L],U,U,(#a~c1~d1)[L],#d1[L],#d1[L],#d1[M],d1[M],#d1[M],f1[M];g1[L],g1[L],g1[M],#f1[M],g1[M],#g1[M],#a1[L],#a1[L],#a1[M],a1[M],#a1[M],#d2[M];#a1[KL],g1[L],#g1[L],#g1[M],g1[M],f1[L],#g1[L];g1[L],g1[M],f1[M],#d1[L],g1[L],f1[L],c1[L],d1[L],#d1[L];f1[KL],(#a~c1~d1)[L],#d1[L],#d1[L],#d1[M],d1[M],#d1[M],f1[M];g1[L],g1[L],g1[M],#f1[M],g1[M],#g1[M],#a1[L],#a1[L],#a1[M],a1[M],#a1[M],#d2[M];#a1[KL],g1[L],c2[L],#a1[L],#g1[L],g1[L];f1[L],#d1[L],d1[L],#d1[L],(c1.f1)[L],(#d1.g1)[M],#g1[M],g1[L],f1[L];(#a.#d1)[J],","S,S;S,U,#a[M],a[M],#a[M],a[M],#a[M],a[M];#a[L],#A-1[M],A-1[M],#A-1[M],A-1[M],#A-1[M],A-1[M],#A-1[L],U,(d.f)[L],U;(d.f)[L],U,T,#d[L],(g.#a)[L],#A-1[L],(g.#a)[L];#d[L],(g.#a)[L],#A-1[L],(g.#a)[L],#d[L],(g.#a)[L],#A-1[L],(g.#a)[L];#d[L],(g.#a)[L],#A-1[L],(g.#a)[L],f[L],(#g.c1)[L],#A-1[L],(#g.c1)[L];f[L],(g.#a)[L],#A-1[L],(g.#a)[L],f[L],#d[L],d[L],c[L];(#a.d1)[L],(#a.d1)[L],(#a.d1)[L],U,#d[L],(g.#a)[L],#A-1[L],(g.#a)[L];#d[L],(g.#a)[L],#A-1[L],(g.#a)[L],#d[L],(g.#a)[L],#A-1[L],(g.#a)[L];U,(g.#a)[M],(g.#a)[M],(g.#a)[L],g[L],(c1.#d1)[L],(#a.d1)[L],(#g.c1)[L],(g.#a)[L];(f.#g)[L],(#d.g)[L],(d.f)[L],(#d.g)[L],(f.#g)[K],(f.#g)[L],(f.#g)[L];(#d.g)[J],"],"instruments":["piano","piano"],"alternatives":["",""],"bpm":90}],"audition":{"start":[0,0],"end":[0,35]}}