{"baseBpm":321,"musics":[{"bpm":321,"baseBeats":0.75,"scores":["UV,mute[LM],mute[LM],mute[LM],mute[LM],mute[LM],mute[LM],mute[LM],mute[LM],mute[LM],mute[LM],mute[LM],mute[LM],mute[LM],mute[LM],mute[LM],mute[LM],mute[LM],mute[LM],mute[LM],mute[LM],mute[LM],mute[LM],mute[LM],mute[LM],mute[LM],mute[LM],mute[LM],mute[LM],mute[LM],mute[LM],mute[LM],mute[LM],mute[LM],mute[LM],mute[LM],mute[LM],mute[LM],mute[LM],mute[LM],mute[LM],mute[LM],mute[LM],mute[LM],mute[LM],mute[LM],mute[LM],mute[LM],mute[LM],mute[LM],mute[LM],mute[LM],mute[LM],mute[LM],mute[LM],mute[LM],mute[LM],mute[LM],mute[LM],mute[LM],mute[LM],mute[LM],mute[LM],mute[LM],mute[LM],mute[LM],mute[LM],mute[LM],mute[LM],mute[LM],mute[LM],mute[LM],mute[LM],mute[LM],mute[LM],mute[LM],mute[LM],mute[LM],mute[LM],mute[LM],mute[LM],mute[LM],mute[LM],mute[LM],mute[LM],mute[LM],mute[LM],mute[LM],mute[LM],mute[LM],mute[LM],mute[LM],mute[LM],mute[LM],mute[LM],mute[LM],mute[LM],mute[LM],mute[LM],mute[LM],mute[LM],mute[LM],mute[LM],mute[LM],mute[LM],mute[LM],mute[LM],mute[LM],mute[LM],mute[LM],mute[LM],mute[LM],mute[LM],mute[LM],mute[LM],mute[LM],mute[LM],mute[LM],mute[LM],mute[LM],mute[LM],mute[LM],mute[LM],mute[LM],mute[LM],mute[LM],mute[LM],mute[LM],ST,mute[LM],mute[LM],mute[LM],mute[LM],mute[LM],mute[LM],mute[LM],mute[LM],mute[LM],mute[LM],mute[LM],mute[LM],5<UV>,5<UV>,5<UV>,5<UV>,mute[LM],mute[LM],mute[LM],mute[LM],mute[LM],mute[LM],mute[LM],mute[LM],mute[LM],mute[LM],mute[LM],mute[LM],mute[LM],mute[LM],mute[LM],mute[LM],mute[LM],mute[LM],mute[LM],mute[LM],mute[LM],mute[LM],mute[LM],mute[LM],mute[LM],mute[LM],mute[LM],mute[LM],5<UV>,5<UV>,5<UV>,5<UV>,mute[LM],mute[LM],mute[LM],mute[LM],mute[LM],mute[LM],mute[LM],mute[LM],mute[LM],mute[LM],mute[LM],mute[LM],mute[LM],mute[LM],mute[LM],mute[LM],mute[LM],mute[LM],mute[LM],mute[LM],mute[LM],mute[LM],mute[LM],mute[LM],mute[LM],mute[LM],mute[LM],mute[LM],5<UV>,5<UV>,5<UV>,5<UV>,mute[LM],mute[LM],mute[LM],mute[LM],mute[LM],mute[LM],mute[LM],mute[LM],mute[LM],mute[LM],mute[LM],mute[LM],mute[LM],mute[LM],mute[LM],mute[LM],mute[LM],mute[LM],mute[LM],mute[LM],mute[LM],mute[LM],mute[LM],mute[LM],mute[LM],mute[LM],mute[LM],mute[LM],5<UV>,5<UV>,5<UV>,5<UV>,mute[LM],mute[LM],mute[LM],mute[LM],mute[LM],mute[LM],mute[LM],mute[LM],mute[LM],mute[LM],mute[LM],mute[LM],mute[LM],mute[LM],mute[LM],mute[LM],mute[LM],mute[LM],mute[LM],mute[LM],mute[LM],mute[LM],mute[LM],mute[LM],mute[LM],mute[LM],mute[LM],mute[LM],mute[LM],mute[LM],mute[LM],mute[LM],mute[LM],mute[LM],mute[LM],mute[LM],mute[LM],mute[LM],mute[LM],mute[LM],mute[LM],mute[LM],mute[LM],mute[LM],mute[LM],mute[LM],mute[LM],mute[LM],mute[LM],mute[LM],mute[LM],mute[LM],mute[LM],mute[LM],mute[LM],","C-1[LM],#C-1[LM],(D-1.d.d2)[LM],(D-1.d.d3)[LM],(d.d1.c3)[LM],(D-1.d.d1.d3)[LM],(d.c1.d1.a2)[LM],(D-1.d.c1.c3)[LM],(d.c1.g2)[LM],(D-1.d.a2)[LM],(d.b.d2)[LM],(D-1.d.b.c3)[LM],(d.b.d2)[LM],(D-1.c1.d.d3)[LM],(d.c1.d2)[LM],(D-1.d.c1.f3)[LM],(#c1.d.d2)[LM],(D-1.d.#c1.d3)[LM],(D-1.d.#c1.d2)[LM],(D-1.d.d3)[LM],(d.d1.c3)[LM],(D-1.d.d1.d3)[LM],(d.c1.d1.a2)[LM],(D-1.d.c1.c3)[LM],(d.c1.g2)[LM],(D-1.d.a2)[LM],(d.b.d2)[LM],(D-1.d.b.d3)[LM],(d.b.d2)[LM],(D-1.#a.d.f3)[LM],(d.#a.d2)[LM],(D-1.d.#a.g3)[LM],(a.d.d2)[LM],(D-1.d.a.#g3)[LM],(D-1.d.a.d2)[LM],(D-1.d.d3)[LM],(d.d1.c3)[LM],(D-1.d.d1.d3)[LM],(d.c1.d1.a2)[LM],(D-1.d.c1.c3)[LM],(d.c1.g2)[LM],(D-1.d.a2)[LM],(d.b.d2)[LM],(D-1.d.b.c3)[LM],(d.b.d2)[LM],(D-1.c1.d.d3)[LM],(d.c1.d2)[LM],(D-1.d.c1.f3)[LM],(#c1.d.d2)[LM],(D-1.d.#c1.d3)[LM],(F-1.f1.c1.f.d.#c1)[LM],(f.f1.d)[LM],(F-1.f1)[LM],(G-1.d1.g.g1)[LM],(g.g1)[LM],(G-1.g1)[LM],(#G-1.#d1.#g.g1)[LM],(#g.g1)[LM],(#G-1.g1)[LM],(#g.#g1.e1)[LM],(#G-1.g1.#d1.#g1)[LM],(#G-1.#g1.e1.g1)[LM],(#g.g1.#d1.#g1)[LM],(#G-1.#g1.e1.g1)[LM],(#g.g1.#d1.#g1)[LM],(#G-1.#g1.e1.g1)[LM],(D-1.d.#g1.g1.d2)[LM],(D-1.d.#g1.e1.d3)[LM],(d.d1.c3)[LM],(D-1.d.d1.d3)[LM],(d.c1.d1.a2)[LM],(D-1.d.c1.c3)[LM],(d.c1.g2)[LM],(D-1.d.a2)[LM],(d.b.d2)[LM],(D-1.d.b.c3)[LM],(d.b.d2)[LM],(D-1.c1.d.d3)[LM],(d.c1.d2)[LM],(D-1.d.c1.f3)[LM],(#c1.d.d2)[LM],(D-1.d.#c1.d3)[LM],(D-1.d.#c1.d2)[LM],(D-1.d.d3)[LM],(d.d1.c3)[LM],(D-1.d.d1.d3)[LM],(d.c1.d1.a2)[LM],(D-1.d.c1.c3)[LM],(d.c1.g2)[LM],(D-1.d.a2)[LM],(d.b.d2)[LM],(D-1.d.b.d3)[LM],(d.b.d2)[LM],(D-1.#a.d.f3)[LM],(d.#a.d2)[LM],(D-1.d.#a.g3)[LM],(a.d.d2)[LM],(D-1.d.a.#g3)[LM],(D-1.d.a.d2)[LM],(D-1.d.d3)[LM],(d.d1.c3)[LM],(D-1.d.d1.d3)[LM],(d.c1.d1.a2)[LM],(D-1.d.c1.c3)[LM],(d.c1.g2)[LM],(D-1.d.a2)[LM],(d.b.d2)[LM],(D-1.d.b.c3)[LM],(d.b.d2)[LM],(D-1.c1.d.d3)[LM],(d.c1.d2)[LM],(D-1.d.c1.f3)[LM],(#c1.d.d2)[LM],(D-1.d.#c1.d3)[LM],(F-1.f1.a.d.#c1)[LM],(f.g1.#a.f1.d)[LM],(F-1.a1.c1.g1.f1.a)[LM],(C-1.g1.#a.a1)[LM],(c.g1.a1.c1)[LM],(C-1.g1.#a)[LM],(G-1.g1.#a)[LM],(g.a1.c1.g1)[LM],(G-1.b1.d1.a1.g1.#a)[LM],(D-1.a1.c1.b1)[LM],(d.a1.b1.d1)[LM],(D-1.a1.c1)[LM],(#G-1.#d2.c2)[LM],#d2[LM],#d2[JM],(e2.#c2)[LM],(#d2.c2.e2)[LM],(e2.#c2.#d2)[LM],(#d2.c2.e2)[LM],(e2.#c2.#d2)[LM],(#d2.c2.e2)[LM],(e2.#c2.#d2)[LM],(#d2.c2.e2)[LM],(A-2.e2.#c2.#d2)[LM],(A-1.#d2.c2.e2)[LM],(A-2.e2.#c2.#d2)[LM],(B-1.#d2.c2.e2)[LM],(B-2.e2.#c2.#d2)[LM],(#C-1.#d2.c2.e2)[LM],(#c.e2.#c2.#d2)[LM],(D-1.e2.#d2.d3.E-1.F-1)[M],G-1[M],(A-1.B-1)[N],c[N],(D-1.e2.d4.d)[N],e[N],(f.g)[M],(a.b)[N],c1[N],(d.d1.d4.f2.c2.#f1)[LM],(D-1.d1.d3)[LM],(d.d1.d4.f2.c2.#f1)[LM],(D-1.d3)[LM],(c4.f2.c2.#f1)[LM],(D-1.d4)[LM],(d.g.d3.f2.c2.#f1)[LM],(D-1.a.g.d4)[LM],(c1.a.g.d4)[LM],(D-1.c1.a.d3)[LM],(d.f1.c1.d4)[LM],(D-1.f1.d3)[LM],(d1.f1.c4)[LM],(D-1.d1.d4)[LM],(D-1.d1.d3)[LM],(D-1.c1.d1.d4)[LM],(d.a.c1.d1.d4)[LM],(D-1.c1.a.d3)[LM],(d.a.c1.c4)[LM],(D-1.#g.a.c1.d3)[LM],(g.#g.a.d4)[LM],(D-1.f.g.#g.d3)[LM],(G-1.f.g.c4.e3.c2.a1.f1)[LM],(G-1.f)[LM],g[LM],(G-1.b3.d3.b1.g1.d1)[LM],g[LM],#g[LM],g[LM],f[LM],(D-1.d3.E-1.F-1)[M],G-1[M],(A-1.B-1)[N],c[N],(D-1.d4.d)[N],e[N],(f.g)[M],(a.b)[N],c1[N],(d.d1.d4.f2.c2.#f1)[LM],(D-1.d1.d3)[LM],(d.d1.d4.f2.c2.#f1)[LM],(D-1.d3)[LM],(c4.f2.c2.#f1)[LM],(D-1.d4)[LM],(d.g.d3.f2.c2.#f1)[LM],(D-1.a.g.d4)[LM],(c1.a.g.d3)[LM],(D-1.c1.a.d4)[LM],(d.f1.c1.d4)[LM],(D-1.f1.d3)[LM],(d1.f1.c4)[LM],(D-1.d1.d4)[LM],(F-1.f1.c1.f.d1.f3.a2)[LM],(f.f1)[LM],(F-1.f1)[LM],(G-1.d1.g.g1.g3.b2)[LM],(g.g1)[LM],(G-1.g1)[LM],(#G-1.#d1.#g.g1.g3.c3)[LM],(#g.g1)[LM],(#G-1.g1)[LM],(#g.#g1.e1)[LM],(#G-1.g1.#d1.#g1)[LM],(#G-1.#g1.e1.g1)[LM],(g.g1.#d1.#g1)[LM],(#g.#g1.e1.g1)[LM],(g.g1.#d1.#g1)[LM],(f.#g1.e1.g1)[LM],(D-1.#g1.g1.d3.E-1.F-1)[M],G-1[M],(A-1.B-1)[N],c[N],(D-1.#g1.d4.d)[N],e[N],(f.g)[M],(a.b)[N],c1[N],(d.d1.d4.f2.c2.#f1)[LM],(D-1.d1.d3)[LM],(d.d1.d4.f2.c2.#f1)[LM],(D-1.d3)[LM],(c4.f2.c2.#f1)[LM],(D-1.d4)[LM],(d.g.d3.f2.c2.#f1)[LM],(D-1.a.g.d4)[LM],(c1.a.g.d4)[LM],(D-1.c1.a.d3)[LM],(d.f1.c1.d4)[LM],(D-1.f1.d3)[LM],(d1.f1.c4)[LM],(D-1.d1.d4)[LM],(D-1.d1.d3)[LM],(D-1.c1.d1.d4)[LM],(d.a.c1.d1.d4)[LM],(D-1.c1.a.d3)[LM],(d.a.c1.c4)[LM],(D-1.#g.a.c1.d3)[LM],(g.#g.a.d4)[LM],(D-1.f.g.#g.d3)[LM],(G-1.f.g.c4.e3.c2.a1.f1)[LM],(G-1.f)[LM],g[LM],(G-1.b3.d3.b1.g1.d1)[LM],g[LM],#g[LM],g[LM],f[LM],(D-1.d3.E-1.F-1)[M],G-1[M],(A-1.B-1)[N],c[N],(D-1.d4.d)[N],e[N],(f.g)[M],(a.b)[N],c1[N],(d.d1.d4.f2.c2.#f1)[LM],(D-1.d1.d3)[LM],(d.d1.d4.f2.c2.#f1)[LM],(D-1.d3)[LM],(c4.f2.c2.#f1)[LM],(D-1.d4)[LM],(d.g.d3.f2.c2.#f1)[LM],(D-1.a.g.d4)[LM],(c1.a.g.d3)[LM],(D-1.c1.a.d4)[LM],(d.f1.c1.d4)[LM],(D-1.f1.d3)[LM],(d1.f1.c4)[LM],(D-1.d1.d4)[LM],(F-1.f1.c1.a.d1)[LM],(f.f1.c1.a)[LM],(F-1.f1)[LM],(#G-1.g1.#d1.c1)[LM],(#g.g1)[LM],(#G-1.g1)[LM],#g[LM],#G-1[LM],(B-1.b1.#f1.#d1)[LM],(b.b1)[LM],(B-1.b1)[LM],(d.#c2.a1.#f1)[LM],(d1.#c2)[LM],(d.#c2)[LM],c[LM],d[LM],(D-1.c1.f1.d1.a)[LM],(d1.c1)[LM],(D-1.f1.d1.c1.a)[LM],(f1.d1)[LM],(d1.f1.a)[LM],(D-1.d1)[LM],(c1.d1.f1.a)[LM],(D-1.d1.c1)[LM],(D-1.c2.d1.c1.f1.a)[LM],(c2.d1)[LM],(D-1.b1.c2.f1.d1.a)[LM],b1[LM],(b1.f1.d1.a)[LM],D-1[LM],(f1.d1.a)[LM],D-1[LM],(#C-1.#g1.e1.#c1.#g)[LM],(#f1.#g1)[LM],(#C-1.#g1.#f1.e1.#c1.#g)[LM],(e1.#g1.#f1)[LM],(e1.#g1.#c1.#g)[LM],(#C-1.e1)[LM],(#g1.e1.#c1.#g)[LM],(#C-1.#f1.#g1)[LM],(#C-1.#g1.#f1.e1.#c1.#g)[LM],"],"id":1},{"bpm":321,"baseBeats":0.75,"scores":["(#d2.#g1.#f1)[LM],(#C-1.#d2.#g1.e1.#c1.#g)[LM],#d2[LM],(e1.#c1.#g)[LM],#C-1[LM],(e1.#c1.#g)[LM],#C-1[LM],(D-1.c1.f1.d1.a)[LM],(d1.c1)[LM],(D-1.f1.d1.c1.a)[LM],(f1.d1)[LM],(d1.f1.a)[LM],(D-1.d1)[LM],(c1.d1.f1.a)[LM],(D-1.d1.c1)[LM],(D-1.c2.d1.c1.f1.a)[LM],(c2.d1)[LM],(D-1.b1.c2.f1.d1.a)[LM],b1[LM],(b1.f1.d1.a)[LM],D-1[LM],(f1.d1.a)[LM],D-1[LM],(#F-1.#a1.#f1.e1)[LM],(#g1.#a1)[LM],(#F-1.#a1.#g1.#f1.e1)[LM],(e1.#a1.#g1)[LM],(e1.#a1.#f1)[LM],(#F-1.e1)[LM],(#a1.#f1.e1)[LM],(#F-1.#g1.#a1)[LM],(#F-1.#a1.#g1.#f1.e1)[LM],(#d2.#a1.#g1)[LM],(#F-1.#d2.#a1.#f1.e1)[LM],#d2[LM],(#a1.#f1.e1)[LM],#F-1[LM],(#a1.#f1.e1)[LM],#F-1[LM],b[LM],(B-1.f2.#c2.b1.a1.b)[LM],(B-1.f2.#c2.b1)[LM],(f2.b)[LM],(B-1.f2.#c2.b1.a1.b)[LM],(B-1.f2.#c2.b)[LM],(f2.b1)[LM],(A-1.#d2.b1.f2.a1.g1.a)[LM],(A-1.#d2.b)[LM],(A-1.#d2.b1.a1)[LM],(B-1.f2.#c2.#d2.b1.a1.b)[LM],(f2.#d2.b)[LM],(f2.b1)[LM],b[LM],#f1[LM],a1[LM],(B-1.f2.#c2.b.a1)[LM],(B-1.f2.#c2.a1)[LM],(f2.b)[LM],(f2.b1)[LM],(d.#g2.e2.b.c2.d1)[LM],(d.#g2.e2.b1)[LM],(#g2.b)[LM],(B-1.f2.#c2.#g2.b1.a1.b)[LM],(f2.b)[LM],(B-1.f2.a1)[LM],(A-1.b)[LM],(B-1.b1)[LM],(B-1.b)[LM],d2[LM],b[LM],b1[LM],b[LM],(B-1.f2.#c2.b1.a1.b)[LM],(B-1.f2.#c2.b1)[LM],(f2.b)[LM],(B-1.f2.#c2.b1.a1.b)[LM],(B-1.f2.#c2.b)[LM],(f2.b1)[LM],(A-1.#d2.b1.f2.a1.g1.a)[LM],(A-1.#d2.b)[LM],(A-1.#d2.b1.a1)[LM],(B-1.f2.#c2.#d2.b1.a1.b)[LM],(f2.#d2.b)[LM],(f2.b1)[LM],b[LM],#f1[LM],a1[LM],(C-1.#f2.#f1.d2.#a1.c1.#f4.#f3)[LM],(d2.d1.#f2.d4.d3)[LM],(#a1.#a.d2.#f2.#a3.#a2)[LM],(#f1.#f.#a1.d2.#f3.#f2)[LM],(C-1.d2.d1.#f1.#a1.d4.d3)[LM],(#a1.#a.d2.#f1.#a3.#a2)[LM],(#f1.#f.#a1.d2.#f3.#f2)[LM],(d1.d.#f1.#a1.d3.d2)[LM],(C-1.#a1.#a.d1.#f1.e2.c2.#a3.#a2)[LM],(#f1.#f.#a1.d1.#f3.#f2)[LM],(d1.d.#f1.#a1.d3.d2)[LM],(#a.#A-1.d1.#f1.#a2.#a1)[LM],(C-1.#f1.#f.#a.d1.d2.#a1.c1.#f3.#f2)[LM],(d1.d.#f1.#a.d3.d2)[LM],(#a.#A-1.d1.#f1.#a2.#a1)[LM],(#f.#F-1.#a.d1.#f2.#f1)[LM],(#f.#a.b)[LM],(B-1.f2.#c2.#f.b1.a1.b)[LM],(B-1.f2.#c2.b1)[LM],(f2.b)[LM],(B-1.f2.#c2.b1.a1.b)[LM],(B-1.f2.#c2.b)[LM],(f2.b1)[LM],(A-1.#d2.b1.f2.a1.g1.a)[LM],(A-1.#d2.b)[LM],(A-1.#d2.b1.a1)[LM],(B-1.f2.#c2.#d2.b1.a1.b)[LM],(f2.#d2.b)[LM],(f2.b1)[LM],b[LM],#f1[LM],a1[LM],(B-1.f2.#c2.b.a1)[LM],(B-1.f2.#c2.a1)[LM],(f2.b)[LM],(f2.b1)[LM],(d.#g2.e2.b.c2.d1)[LM],(d.#g2.e2.b1)[LM],(#g2.b)[LM],(B-1.f2.#c2.#g2.b1.a1.b)[LM],(f2.b)[LM],(B-1.f2.a1)[LM],(A-1.b)[LM],(B-1.b1)[LM],(B-1.b)[LM],d2[LM],b[LM],b1[LM],b[LM],(B-1.f2.#c2.b1.a1.b)[LM],(B-1.f2.#c2.b1)[LM],(f2.b)[LM],(B-1.f2.#c2.b1.a1.b)[LM],(B-1.f2.#c2.b)[LM],(f2.b1)[LM],(A-1.#d2.b1.f2.a1.g1.a)[LM],(A-1.#d2.b)[LM],(A-1.#d2.b1.a1)[LM],(B-1.f2.#c2.#d2.b1.a1.b)[LM],(f2.#d2.b)[LM],(f2.b1)[LM],b[LM],#f1[LM],a1[LM],(C-1.#f2.#f1.d2.#a1.c1.#f4.#f3)[LM],(d2.d1.#f2.d4.d3)[LM],(#a1.#a.d2.#f2.#a3.#a2)[LM],(#f1.#f.#a1.d2.#f3.#f2)[LM],(C-1.d2.d1.#f1.#a1.d4.d3)[LM],(#a1.#a.d2.#f1.#a3.#a2)[LM],(#f1.#f.#a1.d2.#f3.#f2)[LM],(d1.d.#f1.#a1.d3.d2)[LM],(C-1.#a1.#a.d1.#f1.e2.c2.#a3.#a2)[LM],(#f1.#f.#a1.d1.#f3.#f2)[LM],(d1.d.#f1.#a1.d3.d2)[LM],(#a.#A-1.d1.#f1.#a2.#a1)[LM],(C-1.#f1.#f.#a.d1.d2.#a1.c1.#f3.#f2)[LM],(d1.d.#f1.#a.d3.d2)[LM],(#a.#A-1.d1.#f1.#a2.#a1)[LM],(#f.#F-1.#a.d1.#f2.#f1)[LM],(D-1.d.#f.#a.d2)[LM],(D-1.d.d3)[LM],(d.d1.c3)[LM],(D-1.d.d1.d3)[LM],(d.c1.d1.a2)[LM],(D-1.d.c1.c3)[LM],(d.c1.g2)[LM],(D-1.d.a2)[LM],(d.b.d2)[LM],(D-1.d.b.c3)[LM],(d.b.d2)[LM],(D-1.c1.d.d3)[LM],(d.c1.d2)[LM],(D-1.d.c1.f3)[LM],(#c1.d.d2)[LM],(D-1.d.#c1.d3)[LM],(D-1.d.#c1.d2)[LM],(D-1.d.d3)[LM],(d.d1.c3)[LM],(D-1.d.d1.d3)[LM],(d.c1.d1.a2)[LM],(D-1.d.c1.c3)[LM],(d.c1.g2)[LM],(D-1.d.a2)[LM],(d.b.d2)[LM],(D-1.d.b.d3)[LM],(d.b.d2)[LM],(D-1.#a.d.f3)[LM],(d.#a.d2)[LM],(D-1.d.#a.g3)[LM],(a.d.d2)[LM],(D-1.d.a.#g3)[LM],(D-1.d.a.d2)[LM],(D-1.d.d3)[LM],(d.d1.c3)[LM],(D-1.d.d1.d3)[LM],(d.c1.d1.a2)[LM],(D-1.d.c1.c3)[LM],(d.c1.g2)[LM],(D-1.d.a2)[LM],(d.b.d2)[LM],(D-1.d.b.c3)[LM],(d.b.d2)[LM],(D-1.c1.d.d3)[LM],(d.c1.d2)[LM],(D-1.d.c1.f3)[LM],(#c1.d.d2)[LM],(D-1.d.#c1.d3)[LM],(F-1.f1.c1.f.d.#c1)[LM],(f.f1.d)[LM],(F-1.f1)[LM],(G-1.d1.g.g1)[LM],(g.g1)[LM],(G-1.g1)[LM],(#G-1.#d1.#g.g1)[LM],(#g.g1)[LM],(#G-1.g1)[LM],(#g.#g1.e1)[LM],(#G-1.g1.#d1.#g1)[LM],(#G-1.#g1.e1.g1)[LM],(#g.g1.#d1.#g1)[LM],(#G-1.#g1.e1.g1)[LM],(#g.g1.#d1.#g1)[LM],(#G-1.#g1.e1.g1)[LM],(D-1.d.#g1.g1.d2)[LM],(D-1.d.#g1.e1.d3)[LM],(d.d1.c3)[LM],(D-1.d.d1.d3)[LM],(d.c1.d1.a2)[LM],(D-1.d.c1.c3)[LM],(d.c1.g2)[LM],(D-1.d.a2)[LM],(d.b.d2)[LM],(D-1.d.b.c3)[LM],(d.b.d2)[LM],(D-1.c1.d.d3)[LM],(d.c1.d2)[LM],(D-1.d.c1.f3)[LM],(#c1.d.d2)[LM],(D-1.d.#c1.d3)[LM],(D-1.d.#c1.d2)[LM],(D-1.d.d3)[LM],(d.d1.c3)[LM],(D-1.d.d1.d3)[LM],(d.c1.d1.a2)[LM],(D-1.d.c1.c3)[LM],(d.c1.g2)[LM],(D-1.d.a2)[LM],(d.b.d2)[LM],(D-1.d.b.d3)[LM],(d.b.d2)[LM],(D-1.#a.d.f3)[LM],(d.#a.d2)[LM],(D-1.d.#a.g3)[LM],(a.d.d2)[LM],(D-1.d.a.#g3)[LM],(D-1.d.a.d2)[LM],(D-1.d.d3)[LM],(d.d1.c3)[LM],(D-1.d.d1.d3)[LM],(d.c1.d1.a2)[LM],(D-1.d.c1.c3)[LM],(d.c1.g2)[LM],(D-1.d.a2)[LM],(d.b.d2)[LM],(D-1.d.b.c3)[LM],(d.b.d2)[LM],(D-1.c1.d.d3)[LM],(d.c1.d2)[LM],(D-1.d.c1.f3)[LM],(#c1.d.d2)[LM],(D-1.d.#c1.d3)[LM],(F-1.f1.a.d.#c1)[LM],(f.g1.#a.f1.d)[LM],(F-1.a1.c1.g1.f1.a)[LM],(C-1.g1.#a.a1)[LM],(c.g1.a1.c1)[LM],(C-1.g1.#a)[LM],(G-1.g1.#a)[LM],(g.a1.c1.g1)[LM],(G-1.b1.d1.a1.g1.#a)[LM],(D-1.a1.c1.b1)[LM],(d.a1.b1.d1)[LM],(D-1.a1.c1)[LM],(#G-1.#d2.c2)[LM],#d2[LM],#d2[JM],"],"id":2},{"bpm":321,"baseBeats":0.75,"scores":["TU,mute[LM],mute[LM],mute[LM],mute[LM],mute[LM],mute[LM],mute[LM],mute[LM],mute[LM],mute[LM],mute[LM],5<UV>,5<UV>,5<UV>,5<UV>,mute[LM],mute[LM],mute[LM],mute[LM],mute[LM],mute[LM],mute[LM],mute[LM],mute[LM],mute[LM],mute[LM],mute[LM],mute[LM],mute[LM],mute[LM],mute[LM],mute[LM],mute[LM],mute[LM],mute[LM],mute[LM],mute[LM],mute[LM],mute[LM],mute[LM],mute[LM],mute[LM],mute[LM],5<UV>,5<UV>,5<UV>,5<UV>,mute[LM],mute[LM],mute[LM],mute[LM],mute[LM],mute[LM],mute[LM],mute[LM],mute[LM],mute[LM],mute[LM],mute[LM],mute[LM],mute[LM],mute[LM],mute[LM],mute[LM],mute[LM],mute[LM],mute[LM],mute[LM],mute[LM],mute[LM],mute[LM],mute[LM],mute[LM],mute[LM],mute[LM],5<UV>,5<UV>,5<UV>,5<UV>,mute[LM],mute[LM],mute[LM],mute[LM],mute[LM],mute[LM],mute[LM],mute[LM],mute[LM],mute[LM],mute[LM],mute[LM],mute[LM],mute[LM],mute[LM],mute[LM],mute[LM],mute[LM],mute[LM],mute[LM],mute[LM],mute[LM],mute[LM],mute[LM],mute[LM],mute[LM],mute[LM],mute[LM],5<UV>,5<UV>,5<UV>,5<UV>,mute[LM],mute[LM],mute[LM],mute[LM],mute[LM],mute[LM],mute[LM],mute[LM],mute[LM],mute[LM],mute[LM],mute[LM],mute[LM],mute[LM],mute[LM],mute[LM],mute[LM],mute[LM],mute[LM],mute[LM],mute[LM],mute[LM],mute[LM],mute[LM],mute[LM],mute[LM],mute[LM],mute[LM],mute[LM],mute[LM],mute[LM],mute[LM],mute[LM],mute[LM],mute[LM],mute[LM],mute[LM],mute[LM],mute[LM],mute[LM],mute[LM],mute[LM],mute[LM],mute[LM],mute[LM],mute[LM],mute[LM],mute[LM],mute[LM],mute[LM],mute[LM],mute[LM],mute[LM],mute[LM],mute[LM],mute[LM],mute[LM],mute[LM],mute[LM],mute[LM],mute[LM],mute[LM],mute[LM],mute[LM],mute[LM],mute[LM],mute[LM],mute[LM],mute[LM],mute[LM],mute[LM],mute[LM],mute[LM],mute[LM],mute[LM],mute[LM],mute[LM],mute[LM],mute[LM],mute[LM],mute[LM],mute[LM],mute[LM],mute[LM],mute[LM],mute[LM],mute[LM],mute[LM],mute[LM],mute[LM],mute[LM],mute[LM],mute[LM],mute[LM],mute[LM],mute[LM],mute[LM],mute[LM],mute[LM],mute[LM],mute[LM],mute[LM],mute[LM],mute[LM],mute[LM],mute[LM],mute[LM],mute[LM],mute[LM],mute[LM],mute[LM],mute[LM],mute[LM],mute[LM],mute[LM],mute[LM],mute[LM],mute[LM],mute[LM],mute[LM],mute[LM],mute[LM],mute[LM],mute[LM],mute[LM],mute[LM],mute[LM],mute[LM],mute[LM],mute[LM],mute[LM],mute[LM],mute[LM],mute[LM],mute[LM],mute[LM],mute[LM],mute[LM],mute[LM],mute[LM],mute[LM],mute[LM],mute[LM],mute[LM],mute[LM],mute[LM],mute[LM],mute[LM],mute[LM],mute[LM],mute[LM],mute[LM],mute[LM],mute[LM],mute[LM],mute[LM],mute[LM],mute[LM],mute[LM],mute[LM],mute[LM],mute[LM],mute[LM],mute[LM],mute[LM],mute[LM],mute[LM],mute[LM],mute[LM],mute[LM],mute[LM],mute[LM],mute[LM],mute[LM],mute[LM],mute[LM],mute[LM],mute[LM],mute[LM],mute[LM],mute[LM],mute[LM],mute[LM],mute[LM],mute[LM],mute[LM],mute[LM],mute[LM],mute[LM],mute[LM],mute[LM],mute[LM],mute[LM],mute[LM],mute[LM],mute[LM],mute[LM],mute[LM],mute[LM],mute[LM],mute[LM],mute[LM],mute[LM],mute[LM],mute[LM],mute[LM],mute[LM],mute[LM],mute[LM],mute[LM],mute[LM],mute[LM],mute[LM],mute[LM],mute[LM],mute[LM],mute[LM],mute[LM],mute[LM],mute[LM],TW,,","(e2.#c2)[LM],(#d2.c2.e2)[LM],(e2.#c2.#d2)[LM],(#d2.c2.e2)[LM],(e2.#c2.#d2)[LM],(#d2.c2.e2)[LM],(e2.#c2.#d2)[LM],(#d2.c2.e2)[LM],(A-2.e2.#c2.#d2)[LM],(A-1.#d2.c2.e2)[LM],(A-2.e2.#c2.#d2)[LM],(B-1.#d2.c2.e2)[LM],(B-2.e2.#c2.#d2)[LM],(#C-1.#d2.c2.e2)[LM],(#c.e2.#c2.#d2)[LM],(D-1.e2.#d2.d3.E-1.F-1)[M],G-1[M],(A-1.B-1)[N],c[N],(D-1.e2.d4.d)[N],e[N],(f.g)[M],(a.b)[N],c1[N],(d.d1.d4.f2.c2.#f1)[LM],(D-1.d1.d3)[LM],(d.d1.d4.f2.c2.#f1)[LM],(D-1.d3)[LM],(c4.f2.c2.#f1)[LM],(D-1.d4)[LM],(d.g.d3.f2.c2.#f1)[LM],(D-1.a.g.d4)[LM],(c1.a.g.d4)[LM],(D-1.c1.a.d3)[LM],(d.f1.c1.d4)[LM],(D-1.f1.d3)[LM],(d1.f1.c4)[LM],(D-1.d1.d4)[LM],(D-1.d1.d3)[LM],(D-1.c1.d1.d4)[LM],(d.a.c1.d1.d4)[LM],(D-1.c1.a.d3)[LM],(d.a.c1.c4)[LM],(D-1.#g.a.c1.d3)[LM],(g.#g.a.d4)[LM],(D-1.f.g.#g.d3)[LM],(G-1.f.g.c4.e3.c2.a1.f1)[LM],(G-1.f)[LM],g[LM],(G-1.b3.d3.b1.g1.d1)[LM],g[LM],#g[LM],g[LM],f[LM],(D-1.d3.E-1.F-1)[M],G-1[M],(A-1.B-1)[N],c[N],(D-1.d4.d)[N],e[N],(f.g)[M],(a.b)[N],c1[N],(d.d1.d4.f2.c2.#f1)[LM],(D-1.d1.d3)[LM],(d.d1.d4.f2.c2.#f1)[LM],(D-1.d3)[LM],(c4.f2.c2.#f1)[LM],(D-1.d4)[LM],(d.g.d3.f2.c2.#f1)[LM],(D-1.a.g.d4)[LM],(c1.a.g.d3)[LM],(D-1.c1.a.d4)[LM],(d.f1.c1.d4)[LM],(D-1.f1.d3)[LM],(d1.f1.c4)[LM],(D-1.d1.d4)[LM],(F-1.f1.c1.f.d1.f3.a2)[LM],(f.f1)[LM],(F-1.f1)[LM],(G-1.d1.g.g1.g3.b2)[LM],(g.g1)[LM],(G-1.g1)[LM],(#G-1.#d1.#g.g1.g3.c3)[LM],(#g.g1)[LM],(#G-1.g1)[LM],(#g.#g1.e1)[LM],(#G-1.g1.#d1.#g1)[LM],(#G-1.#g1.e1.g1)[LM],(g.g1.#d1.#g1)[LM],(#g.#g1.e1.g1)[LM],(g.g1.#d1.#g1)[LM],(f.#g1.e1.g1)[LM],(D-1.#g1.g1.d3.E-1.F-1)[M],G-1[M],(A-1.B-1)[N],c[N],(D-1.#g1.d4.d)[N],e[N],(f.g)[M],(a.b)[N],c1[N],(d.d1.d4.f2.c2.#f1)[LM],(D-1.d1.d3)[LM],(d.d1.d4.f2.c2.#f1)[LM],(D-1.d3)[LM],(c4.f2.c2.#f1)[LM],(D-1.d4)[LM],(d.g.d3.f2.c2.#f1)[LM],(D-1.a.g.d4)[LM],(c1.a.g.d4)[LM],(D-1.c1.a.d3)[LM],(d.f1.c1.d4)[LM],(D-1.f1.d3)[LM],(d1.f1.c4)[LM],(D-1.d1.d4)[LM],(D-1.d1.d3)[LM],(D-1.c1.d1.d4)[LM],(d.a.c1.d1.d4)[LM],(D-1.c1.a.d3)[LM],(d.a.c1.c4)[LM],(D-1.#g.a.c1.d3)[LM],(g.#g.a.d4)[LM],(D-1.f.g.#g.d3)[LM],(G-1.f.g.c4.e3.c2.a1.f1)[LM],(G-1.f)[LM],g[LM],(G-1.b3.d3.b1.g1.d1)[LM],g[LM],#g[LM],g[LM],f[LM],(D-1.d3.E-1.F-1)[M],G-1[M],(A-1.B-1)[N],c[N],(D-1.d4.d)[N],e[N],(f.g)[M],(a.b)[N],c1[N],(d.d1.d4.f2.c2.#f1)[LM],(D-1.d1.d3)[LM],(d.d1.d4.f2.c2.#f1)[LM],(D-1.d3)[LM],(c4.f2.c2.#f1)[LM],(D-1.d4)[LM],(d.g.d3.f2.c2.#f1)[LM],(D-1.a.g.d4)[LM],(c1.a.g.d3)[LM],(D-1.c1.a.d4)[LM],(d.f1.c1.d4)[LM],(D-1.f1.d3)[LM],(d1.f1.c4)[LM],(D-1.d1.d4)[LM],(F-1.f1.c1.a.d1)[LM],(f.f1.c1.a)[LM],(F-1.f1)[LM],(#G-1.g1.#d1.c1)[LM],(#g.g1)[LM],(#G-1.g1)[LM],#g[LM],#G-1[LM],(B-1.b1.#f1.#d1)[LM],(b.b1)[LM],(B-1.b1)[LM],(d.#c2.a1.#f1)[LM],(d1.#c2)[LM],(d.#c2)[LM],c[LM],d[LM],(D-1.c1.f1.d1.a)[LM],(d1.c1)[LM],(D-1.f1.d1.c1.a)[LM],(f1.d1)[LM],(d1.f1.a)[LM],(D-1.d1)[LM],(c1.d1.f1.a)[LM],(D-1.d1.c1)[LM],(D-1.c2.d1.c1.f1.a)[LM],(c2.d1)[LM],(D-1.b1.c2.f1.d1.a)[LM],b1[LM],(b1.f1.d1.a)[LM],D-1[LM],(f1.d1.a)[LM],D-1[LM],(#C-1.#g1.e1.#c1.#g)[LM],(#f1.#g1)[LM],(#C-1.#g1.#f1.e1.#c1.#g)[LM],(e1.#g1.#f1)[LM],(e1.#g1.#c1.#g)[LM],(#C-1.e1)[LM],(#g1.e1.#c1.#g)[LM],(#C-1.#f1.#g1)[LM],(#C-1.#g1.#f1.e1.#c1.#g)[LM],(#d2.#g1.#f1)[LM],(#C-1.#d2.#g1.e1.#c1.#g)[LM],#d2[LM],(e1.#c1.#g)[LM],#C-1[LM],(e1.#c1.#g)[LM],#C-1[LM],(D-1.c1.f1.d1.a)[LM],(d1.c1)[LM],(D-1.f1.d1.c1.a)[LM],(f1.d1)[LM],(d1.f1.a)[LM],(D-1.d1)[LM],(c1.d1.f1.a)[LM],(D-1.d1.c1)[LM],(D-1.c2.d1.c1.f1.a)[LM],(c2.d1)[LM],(D-1.b1.c2.f1.d1.a)[LM],b1[LM],(b1.f1.d1.a)[LM],D-1[LM],(f1.d1.a)[LM],D-1[LM],(#F-1.#a1.#f1.e1)[LM],(#g1.#a1)[LM],(#F-1.#a1.#g1.#f1.e1)[LM],(e1.#a1.#g1)[LM],(e1.#a1.#f1)[LM],(#F-1.e1)[LM],(#a1.#f1.e1)[LM],(#F-1.#g1.#a1)[LM],(#F-1.#a1.#g1.#f1.e1)[LM],(#d2.#a1.#g1)[LM],(#F-1.#d2.#a1.#f1.e1)[LM],#d2[LM],(#a1.#f1.e1)[LM],#F-1[LM],(#a1.#f1.e1)[LM],#F-1[LM],b[LM],(B-1.f2.#c2.b1.a1.b)[LM],(B-1.f2.#c2.b1)[LM],(f2.b)[LM],(B-1.f2.#c2.b1.a1.b)[LM],(B-1.f2.#c2.b)[LM],(f2.b1)[LM],(A-1.#d2.b1.f2.a1.g1.a)[LM],(A-1.#d2.b)[LM],(A-1.#d2.b1.a1)[LM],(B-1.f2.#c2.#d2.b1.a1.b)[LM],(f2.#d2.b)[LM],(f2.b1)[LM],b[LM],#f1[LM],a1[LM],(B-1.f2.#c2.b.a1)[LM],(B-1.f2.#c2.a1)[LM],(f2.b)[LM],(f2.b1)[LM],(d.#g2.e2.b.c2.d1)[LM],(d.#g2.e2.b1)[LM],(#g2.b)[LM],(B-1.f2.#c2.#g2.b1.a1.b)[LM],(f2.b)[LM],(B-1.f2.a1)[LM],(A-1.b)[LM],(B-1.b1)[LM],(B-1.b)[LM],d2[LM],b[LM],b1[LM],b[LM],(B-1.f2.#c2.b1.a1.b)[LM],(B-1.f2.#c2.b1)[LM],(f2.b)[LM],(B-1.f2.#c2.b1.a1.b)[LM],(B-1.f2.#c2.b)[LM],(f2.b1)[LM],(A-1.#d2.b1.f2.a1.g1.a)[LM],(A-1.#d2.b)[LM],(A-1.#d2.b1.a1)[LM],(B-1.f2.#c2.#d2.b1.a1.b)[LM],(f2.#d2.b)[LM],(f2.b1)[LM],b[LM],#f1[LM],a1[LM],(C-1.#f2.#f1.d2.#a1.c1.#f4.#f3)[LM],(d2.d1.#f2.d4.d3)[LM],(#a1.#a.d2.#f2.#a3.#a2)[LM],(#f1.#f.#a1.d2.#f3.#f2)[LM],(C-1.d2.d1.#f1.#a1.d4.d3)[LM],(#a1.#a.d2.#f1.#a3.#a2)[LM],(#f1.#f.#a1.d2.#f3.#f2)[LM],(d1.d.#f1.#a1.d3.d2)[LM],(C-1.#a1.#a.d1.#f1.e2.c2.#a3.#a2)[LM],(#f1.#f.#a1.d1.#f3.#f2)[LM],(d1.d.#f1.#a1.d3.d2)[LM],(#a.#A-1.d1.#f1.#a2.#a1)[LM],(C-1.#f1.#f.#a.d1.d2.#a1.c1.#f3.#f2)[LM],(d1.d.#f1.#a.d3.d2)[LM],(#a.#A-1.d1.#f1.#a2.#a1)[LM],(#f.#F-1.#a.d1.#f2.#f1)[LM],(#f.#a.b)[LM],(B-1.f2.#c2.#f.b1.a1.b)[LM],(B-1.f2.#c2.b1)[LM],(f2.b)[LM],(B-1.f2.#c2.b1.a1.b)[LM],(B-1.f2.#c2.b)[LM],(f2.b1)[LM],(A-1.#d2.b1.f2.a1.g1.a)[LM],(A-1.#d2.b)[LM],(A-1.#d2.b1.a1)[LM],(B-1.f2.#c2.#d2.b1.a1.b)[LM],(f2.#d2.b)[LM],(f2.b1)[LM],b[LM],#f1[LM],a1[LM],(B-1.f2.#c2.b.a1)[LM],(B-1.f2.#c2.a1)[LM],(f2.b)[LM],(f2.b1)[LM],(d.#g2.e2.b.c2.d1)[LM],(d.#g2.e2.b1)[LM],(#g2.b)[LM],(B-1.f2.#c2.#g2.b1.a1.b)[LM],(f2.b)[LM],(B-1.f2.a1)[LM],(A-1.b)[LM],(B-1.b1)[LM],(B-1.b)[LM],d2[LM],b[LM],b1[LM],b[LM],(B-1.f2.#c2.b1.a1.b)[LM],(B-1.f2.#c2.b1)[LM],(f2.b)[LM],(B-1.f2.#c2.b1.a1.b)[LM],(B-1.f2.#c2.b)[LM],(f2.b1)[LM],(A-1.#d2.b1.f2.a1.g1.a)[LM],(A-1.#d2.b)[LM],(A-1.#d2.b1.a1)[LM],(B-1.f2.#c2.#d2.b1.a1.b)[LM],(f2.#d2.b)[LM],(f2.b1)[LM],b[LM],#f1[LM],a1[LM],(C-1.#f2.#f1.d2.#a1.c1.#f4.#f3)[LM],(d2.d1.#f2.d4.d3)[LM],(#a1.#a.d2.#f2.#a3.#a2)[LM],(#f1.#f.#a1.d2.#f3.#f2)[LM],(C-1.d2.d1.#f1.#a1.d4.d3)[LM],(#a1.#a.d2.#f1.#a3.#a2)[LM],(#f1.#f.#a1.d2.#f3.#f2)[LM],(d1.d.#f1.#a1.d3.d2)[LM],(C-1.#a1.#a.d1.#f1.e2.c2.#a3.#a2)[LM],(#f1.#f.#a1.d1.#f3.#f2)[LM],(d1.d.#f1.#a1.d3.d2)[LM],(#a.#A-1.d1.#f1.#a2.#a1)[LM],(C-1.#f1.#f.#a.d1.d2.#a1.c1.#f3.#f2)[LM],(d1.d.#f1.#a.d3.d2)[LM],(#a.#A-1.d1.#f1.#a2.#a1)[LM],(#f.#F-1.#a.d1.#f2.#f1)[MN],"],"id":3}],"audition":{"start":[0,0],"end":[1,0]}}