{"baseBpm":360,"musics":[{"bpm":360,"baseBeats":0.75,"scores":["mute[JK],mute[JK],mute[JK],mute[JK],mute[JK],mute[JK],mute[JK],mute[JK],mute[JK],mute[JK],mute[JK],mute[JK],mute[JK],mute[JKN],mute[JKM],mute[JKLN],mute[HK],mute[JK],mute[HI],mute[JK],mute[JK],mute[JK],mute[JK],mute[JK],mute[JK],mute[JK],mute[JK],mute[IL],mute[KL],mute[JK],mute[JK],mute[JK],mute[JK],mute[JK],mute[KL],mute[KL],mute[JK],mute[KL],mute[KL],mute[JMO],mute[LM],mute[KLN],mute[KLMO],mute[KLMO],mute[KLMO],mute[JKN],mute[JKO],mute[JKN],mute[JKO],mute[JKN],mute[JKM],mute[JKLN],mute[HJLMO],mute[JKLO],mute[KL],mute[KL],mute[KLO],mute[KLO],mute[JMNO],mute[LMO],mute[IJKM],mute[KLM],mute[KLMO],mute[JKLN],mute[KLMO],mute[KLM],mute[KLMO],mute[KLMO],mute[JLNO],mute[LMNO],mute[JKLO],mute[JKLN],mute[JKLO],mute[JKLN],mute[JKLN],mute[JKLO],mute[JKLN],mute[JKLO],mute[I],mute[IL],mute[IL],mute[JKLN],mute[JK],mute[JLN],mute[JLN],mute[JLO],mute[JLN],mute[JLN],mute[HIKO],mute[JLO],mute[JKLMNO],mute[KM],mute[IKM],mute[HM],mute[JK],mute[IL],mute[KL],mute[IJ],mute[HHJ],mute[IJ],mute[J],mute[J],mute[J],mute[J],mute[J],mute[J],mute[J],mute[J],mute[J],mute[J],mute[J],mute[J],mute[J],mute[J],mute[J],mute[JO],mute[JO],mute[JO],mute[KLO],mute[KLN],mute[KLNO],mute[KLMO],mute[J],mute[J],mute[J],mute[J],mute[K],mute[K],mute[J],mute[J],mute[K],mute[K],mute[J],mute[J],mute[K],mute[K],mute[J],mute[J],mute[K],mute[K],mute[J],mute[J],mute[J],mute[J],mute[J],mute[K],mute[K],mute[J],mute[J],mute[K],mute[K],mute[J],mute[J],mute[K],mute[K],mute[J],mute[J],mute[K],mute[K],mute[J],mute[J],mute[K],mute[K],mute[J],mute[J],mute[J],mute[J],mute[J],mute[K],mute[K],mute[J],mute[J],mute[J],mute[J],mute[J],mute[J],mute[J],mute[JO],mute[JN],mute[JM],mute[J],mute[J],mute[J],mute[J],mute[J],mute[J],mute[J],mute[K],mute[K],mute[J],mute[KLO],mute[KL],mute[KLN],mute[KLMO],mute[J],mute[J],mute[J],mute[J],mute[K],mute[K],mute[J],mute[J],mute[JL],mute[KL],mute[J],mute[K],mute[LM],5<UV>,mute[KL],mute[J],mute[K],mute[K],mute[J],mute[J],mute[K],mute[K],mute[J],mute[J],mute[J],mute[J],mute[J],mute[K],mute[K],mute[J],mute[J],mute[K],mute[K],mute[J],mute[J],mute[K],mute[K],mute[J],mute[J],mute[J],mute[J],mute[J],mute[J],mute[J],mute[J],mute[K],mute[K],mute[J],mute[J],mute[K],mute[K],mute[J],mute[J],mute[J],mute[J],mute[J],mute[J],mute[J],mute[J],mute[K],mute[K],mute[J],mute[JK],mute[JK],mute[J],mute[JL],mute[KL],mute[KL],mute[KL],mute[KL],mute[KL],mute[KL],mute[KL],mute[KL],mute[KL],mute[KL],mute[KL],mute[KL],mute[KL],mute[J],mute[K],mute[K],mute[J],mute[J],mute[K],mute[LM],5<UV>,mute[KL],mute[J],mute[K],mute[K],mute[J],mute[J],mute[K],mute[K],mute[J],mute[J],mute[J],mute[J],mute[J],mute[K],mute[K],mute[J],mute[J],mute[K],mute[K],mute[J],mute[J],mute[K],mute[K],mute[J],mute[J],mute[J],mute[J],mute[J],mute[J],mute[J],mute[J],mute[K],mute[K],mute[J],mute[J],mute[K],mute[K],mute[J],mute[J],mute[J],mute[J],mute[J],mute[K],mute[LM],5<UV>,mute[KL],mute[KL],mute[KL],mute[KL],mute[KL];","(#c1.#a)[JK],#a1[JK],f1[JK],(#a.#c1)[JK],(c1.a)[JK],#f1[JK],f1[JK],(a.c1)[JK],(c1.#g)[JK],f1[JK],c2[JK],(#g.d1.#f1)[JK],(g.d1.g1.b1)[JK],(f.g1.#c1)[JKN],(e.#c1.g1.#a1)[JKM],(f.#c1.g1.#a1)[JKLN],(e.#a1.g1.#c1)[HK],g1[JK],c2[HI],(#c1.#a.e.#c2)[JK],#c2[JK],g1[JK],(#c1.#a.f)[JK],(#c1.#a.e)[JK],(g.e.#c2)[JK],(a.#d.c2.#f1)[JK],(a.#d.c2.#f1)[JK],(c1.a.f.#d.c2.a1.f1)[IL],f1[KL],f1[JK],g1[JK],a1[JK],a1[JK],(#d.f1.a1.c1)[JK],a1[KL],a1[KL],a1[JK],(#d.a1.f1.c1)[KL],a1[KL],(d.b1.#g1.f1)[JMO],b1[LM],(#c.#c2.#g1.f1)[KLN],#c2[KLMO],(B-1.d2.#g1.f1.e2)[KLMO],d2[KLMO],d2[JKN],(#g1.f1.d1)[JKO],#A-1[JKN],B-1[JKO],(d2.#g1.f1)[JKN],#A-1[JKM],(d2.g1.e1)[JKLN],(#A-1.#A-2.#c2.g1.e1)[HJLMO],g1[JKLO],g1[KL],g1[KL],a1[KLO],#a1[KLO],#a1[JMNO],#c1[LMO],#c1[IJKM],(#A-1.#A-2.e1.#c1)[KLM],e1[KLMO],(f1.d1)[JKLN],(A-1.A-2)[KLMO],(f1.d1)[KLM],(#f1.#d1.c1)[KLMO],#f1[KLMO],(G-1.G-2.g1.#d1.c1)[JLNO],g1[LMNO],(#F-1.#F-2.a1.#d1.c1)[JKLO],(#f.#d2.c2.a1)[JKLN],(c2.a1.#d2)[JKLO],f[JKLN],(e.e2)[JKLN],(b1.#g1)[JKLO],(#a1.g1)[JKLN],(d.e2.g2.g1)[JKLO],#c[I],(B-1.g2.e2.d2.g1)[IL],(A-1.g2.e2.#c2.g1)[IL],(e1.#c2.g1)[JKLN],(d1.d2.#f1)[JK],(b.#g1.f1.d1)[JLN],(a.a1.#f1.d1)[JLN],(g.b1.g1.d1)[JLO],(a.a1.#f1.d1)[JLN],(a.A-1.#c2.g1.e1)[JLN],(d.A-1.#F-1.D-1.d2.a1.#f1.d1)[HIKO],a1[JLO],#f2[JKLMNO],d2[KM],b1[IKM],(g.d.B-1.G-1.b2.g2.d2.b1)[HM],b1[JK],g1[IL],#f1[KL],d1[IJ],(a.A-1.#c2.g1.e1)[HHJ],(c1.a.d.c2.a1.#f1)[IJ],(c1.a.d)[J],b1[J],a1[J],(c1.a.d.#f2)[J],e2[J],d2[J],(c1.a.d.a2)[J],g2[J],#f2[J],(c1.a.d.c3)[J],b2[J],a2[J],g2[J],#f2[J],e2[J],d2[JO],#c2[JO],c2[JO],(c1.a.#f.d.a1)[KLO],#f1[KLN],(e2.d2)[KLNO],d2[KLMO],(G-1.G-2.d2.b1)[J],g[J],(b.d1)[J],(G-1.G-2)[J],g[K],c2[K],(b.d1)[J],(G-1.G-2.c2)[J],g[K],b1[K],(b.d1)[J],(G-1.G-2.a1)[J],g[K],g1[K],(b.d1)[J],(G-2.G-1.#f1)[J],g[K],e1[K],(e1.c1)[J],(G-2.G-1)[J],(e1.c1.g.#f1)[J],(e1.c1.g.g1)[J],(G-2.G-1.d1.b.g.g1)[J],g[K],d1[K],(d1.b)[J],(B-2.B-1)[J],d[K],g1[K],(#f.d1)[J],(C-1.c.#f1)[J],d[K],a1[K],(#f.d1)[J],(B-2.B-1.g1)[J],d[K],b1[K],(#f.d1)[J],(#F-2.#F-1.a1)[J],d[K],d2[K],(#f.d1)[J],(d.G-1.d1.a)[J],(d.G-1.#c1.a.#c2)[J],(d.G-1.c1.a.c2)[J],(d.G-1.b.#a1)[J],(g1.b1)[K],b1[K],(g1.b1)[J],(d1.a.#f.d2)[J],(d1.a.#f.e2)[J],(d1.a.#f.c2)[J],(d1.b.g.c2)[J],(d1.b.g.#a1)[J],(d1.b.g.b1)[J],(G-1.G-2.b1)[JO],(g1.b)[JN],(e1.b.g)[JM],(A-2.A-1.d1.a.#f)[J],(#c1.g.e)[J],(#c1.g.e.b1)[J],(A-2.A-1.b1)[J],(g.e.a1)[J],(#c1.g1)[J],(D-1.d.g1)[J],(c1.a.#f)[K],#f1[K],#d1[J],(d.d1.#f)[KLO],(a.a1)[KL],(d.c.a.#f.a1)[KLN],(d1.d2)[KLMO],(d.B-1.d1.g.d2)[J],g[J],d1[J],(B-2.B-1)[J],g[K],b1[K],d1[J],(B-2.B-1.g1)[J],g[J],(d1.f1)[L],g1[KL],(B-2.B-1.a1)[KL],b1[L],g[K],c2[K],(d1.f1)[L],d2[KL],(C-1.c.d2)[KL],e2[L],g[K],e2[K],(c1.e1)[J],(C-1.c)[J],g[K],e1[K],(c1.e1)[J],(B-2.B-1.f1)[J],#g[J],(d1.f1)[J],(B-2.B-1)[J],(f1.d1.#g)[K],f1[K],(f1.d1.g)[J],(c.C-1.e1)[J],g[K],g1[K],(c1.e1)[J],(c.C-1.c2)[J],(e1.c1.g)[K],e2[K],(e1.c1.g)[J],(c.C-1.g1.e1.g.g2)[J],(c.C-1.g1.e1.g)[J],(c.C-1.g1.e1.g)[J],(c.C-1.g1.e1.g)[J],(c.C-1.#f1.d1.g.#f2)[J],(c.C-1.e1.c1.g.e2)[J],(B-1.B-2.d1.g.d2)[J],d2[K],b1[K],b1[J],(c.C-1.a1)[J],e1[K],e2[K],e2[J],(d.D-1.g1)[J],(d1.b)[J],g1[J],(#f.d.#f1)[J],(#f1.d1.d2)[J],d2[J],(g.e.d2)[J],g1[K],#c2[K],(#c2.#a1)[J],(g.e.#c2.#a1)[JK],(g.e.c2.#a1)[JK],(a.f.c2.a1)[J],c1[J],(f1.a1)[L],a1[KL],(#f.a.a1.#f1)[KL],d1[KL],(a.a1)[KL],(d1.d2)[KL],(d1.#f.d2)[KL],a1[KL],d2[KL],(g.b.b1)[KL],(b.g.b1)[KL],d1[KL],b1[KL],(g.g1)[KL],(B-1.B-2.g1)[J],g[K],b1[K],(d1.f1)[J],(B-1.B-2.d2)[KL],d2[L],g[K],e2[K],(d1.f1)[L],f2[KL],(C-1.c.f2)[KL],e2[L],g[K],e2[K],(c1.e1)[J],(C-1.c)[J],g[K],e1[K],(c1.e1)[J],(B-2.B-1.f1)[J],#g[J],(d1.f1)[J],(B-2.B-1)[J],(f1.d1.#g)[K],f1[K],(f1.d1.g)[J],(c.C-1.e1)[J],g[K],g1[K],(c1.e1)[J],(c.C-1.c2)[J],(e1.c1.g)[K],e2[K],(e1.c1.g)[J],(c.C-1.g1.e1.g.g2)[J],(c.C-1.g1.e1.g)[J],(c.C-1.g1.e1.g)[J],(c.C-1.g1.e1.g)[J],(c.C-1.#f1.d1.g.#f2)[J],(c.C-1.e1.c1.g.e2)[J],(B-1.B-2.d1.g.d2)[J],(d1.b)[K],b1[K],g1[J],(c.C-1.a1)[J],(e1.a)[K],e2[K],g1[J],(d.D-1.g1)[J],(d1.b)[J],g1[J],(D-1.d.#f1)[KL],e2[L],(c1.a)[K],d2[K],#f1[L],c2[KL],(G-1.g.g1.b.b1)[KL],(d1.b)[KL],(B-2.B-1.d2)[KL],(d1.g)[KL];"],"id":1,"instruments":["piano","piano"],"alternatives":["",""]},{"bpm":360,"baseBeats":0.75,"scores":["mute[KL],mute[KL],mute[KL],mute[KL],mute[KL],mute[KL],mute[KL],mute[KL],mute[KL],mute[KL],mute[KL],mute[KL],mute[KL],mute[KL],mute[KL],mute[KL],mute[KL],mute[KL],mute[KL],mute[KL],mute[KL],mute[KL],mute[KL],mute[KL],mute[KLO],mute[KL],mute[KLN],mute[KLM],mute[KLO],mute[KLO],mute[KL],mute[KLO],mute[KLO],mute[LM],mute[LMO],mute[KLO],mute[KL],mute[KLN],mute[KLN],mute[KLN],mute[KLN],mute[JKMO],mute[JKLO],mute[HIO],mute[LMO],mute[HIO],mute[LMO],mute[IJMNO],mute[IJMNO],mute[IJMN],mute[IJMNO],mute[IJMNO],mute[IKLN],mute[LMO],mute[IJMNO],mute[IKLN],mute[LMO],mute[ILMO],mute[KLN],mute[JN],mute[JN],mute[JN],mute[JKM],mute[HILMN],mute[JKNO],mute[JKNO],mute[JKM],mute[ILMO],mute[KLN],mute[JKNO],mute[JKM],mute[JKNO],mute[JKNO],mute[JKM],mute[JKNO],mute[ILMO],mute[KLN],mute[JKM],mute[JKNO],mute[JKNO],mute[IJMNO],mute[JKM],mute[JKNO],mute[JKM],mute[JKNO],mute[JKNO],mute[IJMNO],mute[JKM],mute[JKNO],mute[KLNO],mute[KLNO],mute[KLN],mute[KLNO],mute[KLNO],mute[KLM],mute[KLMN],mute[JM],mute[JKMN],mute[KLN],mute[KLNO],mute[JKMO],mute[JKMN],mute[JKMO],mute[KLNO],mute[KLN],mute[JKMN],mute[JKMO],mute[JKMO],mute[JKMN],mute[JKMO],mute[KLNO],mute[KLN],mute[JKMN],mute[KLN],mute[KLNO],mute[JKMO],mute[JKMN],mute[KO],mute[KN],mute[KN],mute[KO],mute[KN],mute[KN],mute[KN],mute[KN],mute[KN],mute[KO],mute[KN],mute[KN],mute[KN],mute[KNO],mute[KN],mute[KM],mute[KM],mute[KM],mute[JKLM],mute[KLMN],mute[KLMN],mute[JKLM],mute[JKLM],mute[JKLM],mute[JKLM],mute[JKLM],mute[JKLM],mute[JKLM],mute[JKLM],mute[IJKL],mute[IJKL],mute[JKLM],mute[JKLM],mute[JKL],mute[JKNO],mute[KLN],mute[KLO],mute[KLN],mute[KLN],mute[KLN],mute[KLO],mute[KLN],mute[KLN],mute[KLO],mute[KLN],mute[KLN],mute[KLN],mute[KLO],mute[KLN],mute[KLN],mute[KLO],mute[KLN],mute[KLN],mute[KLN],mute[KLO],mute[KLN],mute[KLN],mute[KLO],mute[KLN],mute[KLN],mute[KLN],mute[KLO],mute[KLN],mute[KLN],mute[KLO],mute[KLN],mute[KLN],mute[KLN],mute[KLO],mute[KLN],mute[KLN],mute[KLO],mute[KLN],mute[KLN],mute[KLN],mute[KLO],mute[KLN],mute[KLN],mute[KLO],mute[KLN],mute[KLN],mute[KLN],mute[KLO],mute[KLNO],mute[KLNO],mute[KLNO],mute[KLMN],mute[IKLN],mute[KLMN],mute[J],mute[KLMNO],mute[JO],mute[J],mute[JM],mute[JL],mute[JLMN],mute[JKLM],mute[J],mute[J],mute[J],mute[J],mute[J],mute[J],mute[J],mute[J],mute[J],mute[J],mute[J],mute[J],mute[J],mute[J],mute[J],mute[J],mute[J],mute[J],mute[J],mute[JL],mute[KL],mute[J],mute[K],mute[K],mute[J],mute[J],mute[K],mute[K],mute[J],mute[J],mute[K],mute[K],mute[J],mute[J],mute[K],mute[K],mute[J],mute[J],mute[K],mute[K],mute[J],mute[KL],mute[KL],mute[KL],mute[KL],mute[KL],mute[KL],mute[KL],mute[KL],mute[KL],mute[KL],mute[KL],mute[KL],mute[KL],mute[KL],mute[KL],mute[KL],mute[K],mute[K],mute[K],mute[K],mute[K],mute[K];","(C-1.c.e2)[KL],(e1.g)[KL],(E-1.e.c2)[KL],(c1.g)[KL],(D-1.d.b1)[KL],(b.g)[KL],(D-1.d)[KL],(d1.b.d2)[KL],(D-1.d.d1.b.d2)[KL],(#c1.#a.#c2)[KL],(D-1.d.c1.a.c2)[KL],(a.#f.a1)[KL],(G-1.g.b.b1)[KL],(d1.b.d2)[KL],(C-1.c.e1.c1.g.e2)[KL],(C-1.c.e1.c1.g)[KL],(C-1.c.e1.c1.g)[KL],(C-1.c.g.#f1.d1.#f2)[KL],(C-1.c.g1.e1.g2)[KL],(C-1.c.e1.c1.g.e2)[KL],(D-1.d.e1.c1.e2)[KL],(D-1.d.d1.b.d2)[KL],(D-1.d)[KL],(D-1.d.b.g.b1)[KL],(D-1.d.d1.b.d2)[KLO],(D-1.d.#c1.#a.#c2)[KL],(D-1.d.c1.a.c2)[KLN],(D-1.d.#f1.c1.a)[KLM],(D-1.d.#f1.a1)[KLO],c1[KLO],d1[KL],c1[KLO],(G-1.d.b.g1)[KLO],d2[LM],#c2[LMO],(d.a.c1.c2)[KLO],#f1[KL],(d.#f1.a1)[KLN],c1[KLN],d1[KLN],c1[KLN],(g.b.g1)[JKMO],(G-1.G-2.g1.d1.b.g)[JKLO],(G-1.G-2.g1.d1.b.g)[HIO],(g.g1.d1.b)[LMO],(f.#d1.#g1.c1)[HIO],(f.#g1.#d1.c1)[LMO],(#d.a1.#f1.c1)[IJMNO],(d.#a.#a1.f1.d1)[IJMNO],(f.#a.#g1.d1)[IJMN],(#A-1.#g.f1.d1.#a)[IJMNO],(g.#d.g1.#d1.#a)[IJMNO],#D-1[IKLN],g1[LMO],(g.#d.g1.#d1.#a)[IJMNO],#D-1[IKLN],g1[LMO],(#D-1.#d.g1.#a.g.#a1)[ILMO],g1[KLN],(#D-1.#d.#d1.#a.g.g1)[JN],f1[JN],#d1[JN],(#A-2.#A-1.d1.#g.f.#d1)[JKM],d1[HILMN],f1[JKNO],(#A-2.#A-1.f.d.f1)[JKNO],f1[JKM],(A-2.A-1.#f.#d.#f1)[ILMO],#f1[KLN],(A-2.A-1.#f.#d.#f1)[JKNO],#f1[JKM],(#A-2.#A-1.f.#c.f1)[JKNO],f1[JKNO],(#A-1.#a.f1.#c1)[JKM],f1[JKNO],(G-1.g.e1.d1.#a)[ILMO],e1[KLN],(F-1.f.f1.d1.#a)[JKM],(E-1.e.g1.c1.#a)[JKNO],(F-1.f.#g1.c1.#g)[JKNO],(F-2.F-1)[IJMNO],(F-2.F-1.f1.d1.#g)[JKM],(G-2.G-1.g.#d1.c1)[JKNO],(d1.b)[JKM],(G-2.G-1)[JKNO],(g1.d1.#a)[JKNO],(G-2.G-1.#f1.#d1.c1)[IJMNO],(G-2.G-1)[JKM],(#f1.#d1.c1)[JKNO],(G-1.G-2.g1.d1.b)[KLNO],G-1[KLNO],g[KLN],f[KLNO],(g.e.g1.e1.c1)[KLNO],(g.d.g1.f1.b)[KLM],(g.c.g1.e1.c1)[KLMN],(g.B-1.g1.f1.d1)[JM],(c.C-1.c2.e1.c1)[JKMN],(c.C-1.g1.e1.c1)[KLN],g1[KLNO],(c.C-1.g1.e1.c1)[JKMO],(c.C-1.e2.g1.e1)[JKMN],(c.C-1.e2.g1.e1)[JKMO],(c.C-1.c2.g1.e1)[KLNO],c2[KLN],(c.C-1.c2.g1.e1)[JKMN],(c.C-1.g1.#d1.c1)[JKMO],(c.C-1.#g1.#d1.c1)[JKMO],(c.C-1.#g1.#d1.c1)[JKMN],(c.C-1.#g1.#d1.c1)[JKMO],(c.C-1.g1.#d1.c1)[KLNO],g1[KLN],(c.C-1.g1.#d1.c1)[JKMN],(c.C-1.#f1.#d1.a)[KLN],#d2[KLNO],(c.C-1.#f1.#d1.a.#d2)[JKMO],(c.C-1.#f1.#d1.a)[JKMN],(#f.#d.G-1.#f1.#d1.g)[KO],(#f.#d.G-1.#f1.#d1.g)[KN],(#f.#d.G-1.#f1.#d1.g)[KN],(#f.#d.G-1.#f1.#d1.g)[KO],(#f.#d.G-1.#f1.#d1.g)[LN],g1[L],(#f.#d.G-1.#f1.#d1.g)[KN],(#f.#d.G-1.#f1.#d1.g.a1)[KN],(#f.#d.G-1.#f1.#d1.g)[LO],a1[LO],(#f.#d.G-1.#f1.#d1.g)[KN],(#f.#d.G-1.#f1.#d1.g.a1)[KO],(#f.#d.G-1.#f1.#d1.g)[KN],(#f.#d.G-1.#f1.#d1.g)[MO],#a1[LMO],(g.d.#A-1.g1.d1.#a.a1)[KN],(g.d.#A-1.g1.d1.#a)[LO],g1[LN],(g.d.#A-1.g1.d1.#a)[KN],(g.d.#A-1.g1.d1.#a)[KM],(g.d.#A-1.g1.d1.#a)[KM],(g.d.#A-1.g1.d1.#a)[KM],(#a.#A-1.#a1)[JKLM],(g.G-1.g1)[KLMN],g1[KLMN],(#d.#D-1.#d1)[JKLM],(d.d1)[JKLM],(#c.#D-1.#c1)[JKLM],#A-1[JKLM],A-1[JKLM],G-1[JKLM],(#c.#D-1.#F-1.#c1)[JKLM],G-1[JKLM],(d.D-1.d1)[IJKL],(d.D-1.d1)[IJKL],(d.D-1.d1)[JKLM],(d.D-1.d1)[JKLM],(d.D-1.d1)[JKL],(d.D-1.d1)[JKNO],(d.D-1.d1)[KLN],(d.D-1.d1)[KLO],(d.D-1.d1)[KLN],(d.D-1.d1)[KLN],(f.d.f1.d1)[KLN],(f.d.f1.d1)[KLO],(f.d.f1.d1)[KLN],(f.d.f1.d1)[KLN],(a.f.d.a1.f1.d1)[KLO],(a.f.d.a1.f1.d1)[KLN],(a.f.d.a1.f1.d1)[KLN],(a.f.d.a1.f1.d1)[KLN],(a.f.d.a1.f1.d1)[KLO],(a.f.d.a1.f1.d1)[KLN],(a.f.d.a1.f1.d1)[KLN],(a.f.d.a1.f1.d1)[KLO],(a.f.d.d2.a1.f1)[KLN],(a.f.d.d2.a1.f1)[KLN],(a.f.d.d2.a1.f1)[KLN],(a.f.d.d2.a1.f1)[KLO],(a.f.d.d2.a1.f1)[KLN],(a.f.d.d2.a1.f1.e2)[KLN],(a.f.d.f2.d2.a1.f1)[KLO],(a.f.d.f2.d2.a1.f1)[KLN],(a.f.d.f2.d2.a1.f1)[KLN],(a.f.d.f2.d2.a1.f1)[KLN],(a.f.d.d2.a1.f1)[KLO],(a.f.d.d2.a1.f1)[KLN],(a.f.d.a1.f1)[KLN],(a.f.d.a1.f1)[KLO],(a.f.d.f1.d1)[KLN],(a.f.d.f1.d1)[KLN],(g.e.d.g1.e1.#a.f1)[KLN],(g.e.d.g1.e1.#a)[KLO],(g.e.d.g1.e1.#a)[KLN],(g.e.d.g1.e1.#a)[KLN],(g.e.d.g1.e1.#a)[KLO],(g.e.d.g1.e1.#a)[KLN],(g.e.d.g1.e1.#a)[KLN],(g.e.d.g1.e1.#a)[KLN],(#a.g.#c.#a1.g1.e1)[KLO],(#a.g.#c.#a1.g1.e1)[KLN],(#a.g.#c.#a1.g1.e1)[KLN],(#a.g.#c.#a1.g1.e1)[KLO],(#a.g.#c.e2.#a1.g1)[KLN],(#a.g.#c.e2.#a1.g1)[KLN],(#a.g.#c.e2.#a1.g1)[KLN],(#a.g.#c.e2.#a1.g1.d2)[KLO],(#a.g.e.d2.#a1.g1)[KLNO],(#a.g.e.#c2.#a1.a1)[KLNO],(#a.g.e.#c2.#a1.g1)[KLNO],(#d.c1.a.#f.c2.a1.#f1)[KLMN],(#d.#d1.#d2)[IKLN],(c.c1.c2)[KLMN],(A-1.a.a1)[J],a1[KLMNO],(#F-1.#f.#f1)[JO],#f1[J],(D-1.d.d1)[JM],d1[JL],(C-1.c.c1)[JLMN],c1[JKLM],(B-1.B-2.b)[J],#d1[J],#f1[J],(B-1.B-2.b)[J],#d1[J],#f1[J],(B-1.B-2.#c1.#a)[J],e1[J],#f1[J],(B-1.B-2.#c1.#a)[J],e1[J],#f1[J],(B-1.B-2.b)[J],#d1[J],#f1[J],(B-1.B-2.b.#f1)[J],#d1[J],#f1[J],(B-1.B-2.#c1.#a.#f1)[J],e1[J],#f1[L],#f1[KL],(B-1.B-2.#c1.#a.#f1)[J],e1[K],#f1[K],#f1[J],(B-1.B-2.b.#f1)[J],#d1[K],#f1[K],#f1[J],(B-1.B-2.b.#f1)[J],d1[K],#f1[K],#f1[J],(B-1.B-2.d1.b.g1)[J],f1[K],g1[K],g1[J],(B-1.B-2.d1.g)[J],f1[K],g1[K],g1[J],(B-1.B-2.c1.g.g1)[KL],e1[KL],(e1.g1)[KL],g1[KL],(B-1.B-2.c1.g.g1)[KL],e1[KL],(e1.g1)[KL],g1[KL],(B-1.B-2.c1.a.a1)[KL],f1[KL],f1[KL],a1[KL],(B-1.B-2.d1.b.b1)[KL],f1[KL],(f1.b1)[KL],b1[KL],(c.C-1.e1.c1.c2)[K],g1[K],c2[K],(c1.c.e1.c2)[K],g1[K],c2[K];"],"id":2,"instruments":["piano","piano"],"alternatives":["",""]},{"bpm":360,"baseBeats":0.75,"scores":["mute[K],mute[K],mute[K],mute[K],mute[K],mute[K],mute[K],mute[K],mute[K],mute[K],mute[K],mute[K],mute[K],mute[K],mute[K],mute[K],mute[K],mute[K],mute[K],mute[K],mute[K],mute[K],mute[K],mute[K],mute[K],mute[K],mute[K],mute[K],mute[K],mute[K],mute[KM],5<UV>,mute[KO],mute[KMO],5<UV>,mute[KO],mute[KO],mute[KO],mute[KO],mute[KN],mute[KM],mute[KM],mute[HHO],mute[JKNO],mute[JKM],mute[JKNO],mute[KO],mute[KN],mute[KO],mute[HHHHN],mute[KLN],mute[KLO],mute[JKM],mute[IJMNO],mute[KLO],mute[KLN],mute[JKM],mute[ILMO],mute[KLO],mute[KLN],mute[KLN],mute[JKMO],mute[IKLNO],mute[JMN],mute[JL],mute[J],mute[J],mute[J],mute[J],mute[K],mute[K],mute[J],mute[J],mute[K],mute[K],mute[J],mute[J],mute[K],mute[K],mute[J],mute[J],mute[K],mute[K],mute[J],mute[J],mute[J],mute[J],mute[J],mute[K],mute[K],mute[J],mute[J],mute[K],mute[K],mute[J],mute[J],mute[K],mute[K],mute[J],mute[J],mute[K],mute[K],mute[J],mute[J],mute[K],mute[K],mute[J],mute[J],mute[JO],mute[JN],mute[J],mute[K],mute[K],mute[J],mute[J],mute[J],mute[J],mute[J],mute[J],mute[J],mute[J],mute[J],mute[J],mute[J],mute[J],mute[J],mute[J],mute[J],mute[J],mute[J],mute[K],mute[K],mute[J],mute[KLO],mute[KLO],mute[KLN],mute[KLMO],mute[J],mute[J],mute[J],mute[J],mute[K],mute[K],mute[J],mute[J],mute[JL],mute[KL],mute[J],mute[K],mute[LM],5<UV>,mute[KL],mute[J],mute[K],mute[K],mute[J],mute[J],mute[K],mute[K],mute[J],mute[J],mute[J],mute[J],mute[J],mute[K],mute[K],mute[J],mute[J],mute[K],mute[K],mute[J],mute[J],mute[K],mute[K],mute[J],mute[J],mute[J],mute[J],mute[J],mute[J],mute[J],mute[J],mute[K],mute[K],mute[J],mute[J],mute[K],mute[K],mute[J],mute[J],mute[J],mute[J],mute[JN],mute[JNO],mute[JMO],mute[J],mute[K],mute[K],mute[J],mute[JK],mute[JK],mute[J],mute[JL],mute[KL],mute[KL],mute[KL],mute[KL],mute[KL],mute[KL],mute[KL],mute[KL],mute[KL],mute[KL],mute[KL],mute[KL],mute[KL],mute[J],mute[K],mute[K],mute[J],mute[JN],mute[K],mute[KLN],mute[KLO],mute[JNO],mute[KO],mute[KO],mute[JN],mute[J],mute[K],mute[K],mute[J],mute[J],mute[J],mute[J],mute[J],mute[K],mute[K],mute[J],mute[J],mute[K],mute[K],mute[J],mute[J],mute[K],mute[K],mute[J],mute[J],mute[J],mute[J],mute[J],mute[J],mute[J],mute[J],mute[K],mute[K],mute[J],mute[J],mute[K],mute[K],mute[J],mute[J],mute[J],mute[J],mute[J],mute[K],mute[LM],5<UV>,mute[KL],mute[KL],mute[KL],mute[KL],mute[KL],mute[KL],mute[KL],mute[KL],mute[KL],mute[KL],mute[KL],mute[KL],mute[KL],mute[KL],mute[KL],mute[KL],mute[KL],mute[KL],mute[KL],mute[KL],mute[KL],mute[KL],mute[KL],mute[KL],mute[KL],mute[KLO],mute[KLO],mute[KLN],mute[KLO],mute[KLM],mute[KLM],mute[KLMN],mute[KLMN],mute[KLMN],mute[KLMN],mute[KLMN],mute[KLMN],mute[KLMN],mute[LMNO],mute[LMNO],mute[KLMN],mute[KLMN],mute[JO],mute[J],mute[JO],mute[JO],mute[IL],mute[IL],mute[HK],mute[IJKL],mute[JL],mute[HJKM],mute[HHH],ST;","(b.B-1.d1.d2)[K],g1[K],d2[K],(c1.c.e1.e2)[K],g1[K],e2[K],(a.f.f1.f2)[K],a1[K],f2[K],(f.a.f1)[K],a1[K],f2[K],(a.f.f1)[K],a1[K],f2[K],(a.f.d1.d2)[K],f1[K],d2[K],(g.b.b1)[K],d1[K],b1[K],(g.f.b.b1)[K],d1[K],b1[K],(g.e.c1.c2)[K],e1[K],c2[K],(g.e.c.c1.g1)[K],e1[K],g1[K],(a.f.c1.a1)[K],f1[L],b1[L],a1[KO],(f.a.f1.c2)[KO],a1[L],d2[L],c2[KO],(a.f.a1.e2)[KO],c2[L],f2[LO],f2[KO],(a.f.c2.g2)[KN],f2[LN],a2[LN],a2[KM],(c1.a.#f.d.a2.#f2.c2.a1)[HHO],#f2[JKNO],d2[JKM],(c1.a.d.c2.a1.#f1)[JKNO],b1[KO],c2[KN],d2[KO],(c1.a.d.c2.a1.#f1)[HHHHN],(#d1.c2.a1)[KLN],(e1.b1.g1)[KLO],(#c1.g1.b1)[JKM],(d1.#f1.a1)[IJMNO],(#d1.c2.a1)[KLO],(e1.b1.g1)[KLN],(#c1.b1.g1)[JKM],(d1.a1.#f1)[ILMO],c2[KLO],e2[KLN],d2[KLN],d2[JKMO],(d1.c2.a1.#f1)[IKLNO],#c2[JMN],d2[JL],(G-1.G-2.d1.b.d2)[J],g[J],(b.d1)[J],(G-1.G-2)[J],g[K],c2[K],(b.d1)[J],(G-1.G-2.c2)[J],g[K],b1[K],(b.d1)[J],(G-1.G-2.a1)[J],g[K],g1[K],(b.d1)[J],(G-2.G-1.#f1)[J],g[K],e1[K],(e1.c1)[J],(G-2.G-1)[J],(e1.c1.g.#f1)[J],(e1.c1.g.g1)[J],(G-2.G-1.d1.b.g.g1)[J],g[K],d1[K],(d1.b)[J],(B-2.B-1)[J],d[K],g1[K],(#f.d1)[J],(C-1.c.#f1)[J],d[K],a1[K],(#f.d1)[J],(B-2.B-1.g1)[J],d[K],b1[K],(#f.d1)[J],(#F-2.#F-1.a1)[J],d[K],d2[K],(#f.d1)[J],(d.G-1.d1.a)[J],(d.G-1.#c1.a.#c2)[JO],(d.G-1.c1.a.c2)[JN],(d.G-1.b.#a1)[J],(g1.b1)[K],b1[K],(g1.b1)[J],(d1.a.#f.d2)[J],(d1.a.#f.e2)[J],(d1.a.#f.c2)[J],(d1.b.g.c2)[J],(d1.b.g.#a1)[J],(d1.b.g.b1)[J],(G-1.G-2.b1)[J],(g1.b)[J],(e1.b.g)[J],(A-2.A-1.d1.a.#f)[J],(#c1.g.e)[J],(#c1.g.e.b1)[J],(A-2.A-1.b1)[J],(g.e.a1)[J],(#c1.g1)[J],(D-1.d.g1)[J],(c1.a.#f)[K],#f1[K],#d1[J],(d.d1.#f)[KLO],(a.a1)[KLO],(d.c.a.#f.a1)[KLN],(d1.d2)[KLMO],(d.B-1.d1.g.d2)[J],g[J],d1[J],(B-2.B-1)[J],g[K],b1[K],d1[J],(B-2.B-1.g1)[J],g[J],(d1.f1)[L],g1[KL],(B-2.B-1.a1)[KL],b1[L],g[K],c2[K],(d1.f1)[L],d2[KL],(C-1.c.d2)[KL],e2[L],g[K],e2[K],(c1.e1)[J],(C-1.c)[J],g[K],e1[K],(c1.e1)[J],(B-2.B-1.f1)[J],#g[J],(d1.f1)[J],(B-2.B-1)[J],(f1.d1.#g)[K],f1[K],(f1.d1.g)[J],(c.C-1.e1)[J],g[K],g1[K],(c1.e1)[J],(c.C-1.c2)[J],(e1.c1.g)[K],e2[K],(e1.c1.g)[J],(c.C-1.g1.e1.g.g2)[J],(c.C-1.g1.e1.g)[J],(c.C-1.g1.e1.g)[J],(c.C-1.g1.e1.g)[J],(c.C-1.#f1.d1.g.#f2)[J],(c.C-1.e1.c1.g.e2)[J],(B-1.B-2.d1.g.d2)[J],d2[K],b1[K],b1[J],(c.C-1.a1)[J],e1[K],e2[K],e2[J],(d.D-1.g1)[J],(d1.b)[J],g1[J],(#f.d.#f1)[JN],(#f1.d1.d2)[JNO],d2[JMO],(g.e.d2)[J],g1[K],#c2[K],(#c2.#a1)[J],(g.e.#c2.#a1)[JK],(g.e.c2.#a1)[JK],(a.f.c2.a1)[J],c1[J],(f1.a1)[L],a1[KL],(#f.a.a1.#f1)[KL],d1[KL],(a.a1)[KL],(d1.d2)[KL],(d1.#f.d2)[KL],a1[KL],d2[KL],(g.b.b1)[KL],(b.g.b1)[KL],d1[KL],b1[KL],(g.g1)[KL],(B-1.B-2.g1)[J],g[K],b1[K],(d1.f1)[J],(B-1.B-2.d2)[KLO],d2[LO],g[K],e2[KO],(d1.f1)[LO],f2[KLO],(C-1.c.f2)[KLN],e2[LO],g[KO],e2[KO],(c1.e1)[JN],(C-1.c)[J],g[K],e1[K],(c1.e1)[J],(B-2.B-1.f1)[J],#g[J],(d1.f1)[J],(B-2.B-1)[J],(f1.d1.#g)[K],f1[K],(f1.d1.g)[J],(c.C-1.e1)[J],g[K],g1[K],(c1.e1)[J],(c.C-1.c2)[J],(e1.c1.g)[K],e2[K],(e1.c1.g)[J],(c.C-1.g1.e1.g.g2)[J],(c.C-1.g1.e1.g)[J],(c.C-1.g1.e1.g)[J],(c.C-1.g1.e1.g)[J],(c.C-1.#f1.d1.g.#f2)[J],(c.C-1.e1.c1.g.e2)[J],(B-1.B-2.d1.g.d2)[J],(d1.b)[K],b1[K],g1[J],(c.C-1.a1)[J],(e1.a)[K],e2[K],g1[J],(d.D-1.g1)[J],(d1.b)[J],g1[J],(D-1.d.#f1)[KL],e2[L],(c1.a)[K],d2[K],#f1[L],c2[KL],(G-1.g.g1.b.b1)[KL],(d1.b)[KL],(B-2.B-1.d2)[KL],(d1.g)[KL],(C-1.c.e2)[KL],(e1.g)[KL],(E-1.e.c2)[KL],(c1.g)[KL],(D-1.d.b1)[KL],(b.g)[KL],(D-1.d)[KL],(d1.b.d2)[KL],(D-1.d.d1.b.d2)[KL],(#c1.#a.#c2)[KL],(D-1.d.c1.a.c2)[KL],(a.#f.a1)[KL],(G-1.g.b.b1)[KL],(d1.b.d2)[KL],(C-1.c.e1.c1.g.e2)[KL],(C-1.c.e1.c1.g)[KL],(C-1.c.e1.c1.g)[KL],(C-1.c.g.#f1.d1.#f2)[KL],(C-1.c.g1.e1.g2)[KL],(C-1.c.e1.c1.g.e2)[KL],(D-1.d.e1.c1.e2)[KLO],(D-1.d.d1.b.d2)[KLO],(D-1.d)[KLN],(D-1.d.b.g.b1)[KLO],(D-1.d.d1.b.d2)[KLM],(D-1.d.#c1.#a.#c2)[KLM],(D-1.d.c1.a.c2)[KLMN],(D-1.d.#f1.c1.a)[KLMN],(D-1.d.#f1.a1)[KLMN],c1[KLMN],d1[KLMN],c1[KLMN],(G-1.d.b.g1)[KLMN],d2[LMNO],#c2[LMNO],(d.a.c1.c2)[KLMN],#f1[KLMN],(d.#f1.a1)[JO],c1[J],d1[JO],c1[JO],(g.b.g1)[IL],(G-1.G-2.g1.d1.b.g)[IL],(G-1.G-2.g1.d1.b.g)[HK],(G-1.G-2.d1.b.g.d)[IJKL],d2[JL],(G-1.G-2.d1.b.g.d.d2)[HJKM],g1[HHH],ST;"],"id":3,"instruments":["piano","piano"],"alternatives":["",""]}],"audition":{"start":[0,0],"end":[2,321]}}