{"baseBpm":135,"musics":[{"bpm":135,"baseBeats":0.25,"scores":["5<V>,mute[KNO],mute[M],mute[M],mute[LNO],mute[LM],mute[LMO],mute[LNO],mute[LM],mute[LM],mute[MNO],mute[MN],mute[MNO],mute[M],mute[LM],mute[LM],mute[L],mute[M],mute[MO],mute[M],5<V>,mute[LNO],mute[LM],mute[LMO],mute[MN],mute[MN],mute[LNO],mute[LM],mute[LMO],mute[LNO],mute[LM],mute[LM],mute[MNO],mute[MN],mute[LNO],mute[LM],mute[LM],mute[L],mute[M],mute[M],mute[LN],mute[LN],mute[LM],mute[L],mute[MNO],mute[LN],mute[LNO],mute[LM],mute[LMO],mute[LNO],mute[LMO],mute[LNO],mute[LO],mute[M],mute[LNO],mute[MO],mute[MNO],mute[LM],mute[LMO],mute[LNO],mute[LMO],mute[LM],mute[LM],mute[LNO],mute[LMO],mute[LNO],mute[MNO],mute[MN],mute[MN],mute[MO],mute[LMN],mute[LN],mute[LMN],mute[LNO],mute[LM],mute[LM],mute[LMO],mute[LN],mute[LMO],mute[LNO],mute[LMN],mute[LM],mute[LNO],mute[LM],mute[LMN],mute[LN],mute[LM],mute[LM],mute[LMO],mute[LNO],mute[LM],mute[MO],mute[MNO],mute[L],mute[MO],mute[LMO],mute[LN],mute[LM],mute[LMO],mute[LNO],mute[MO],mute[MNO],mute[LM],mute[LMO],mute[LNO],mute[LM],mute[LM],mute[LMO],mute[LNO],mute[LM],mute[LM],mute[MO],mute[M],5<V>,mute[LM],mute[LNO],mute[LM],mute[LMN],mute[LMO],mute[LO],mute[LM],mute[LMO],mute[LNO],mute[LMO],mute[LNO],mute[LMO],mute[MNO],mute[M],mute[MO],mute[MNO],mute[LM],mute[LMO],mute[LNO],mute[LMO],mute[LNO],mute[LO],mute[M],mute[LN],5<V>,mute[LO],mute[LM],mute[LMO],mute[LNO],mute[LMO],mute[LNO],mute[LMO],mute[LM],mute[LM],mute[LM],mute[LM],mute[LNO],mute[LM],mute[MO],mute[MNO],mute[LNO],mute[M],mute[MNO],5<V>,mute[LNO],mute[LM],mute[LM],mute[LNO],mute[LMO],mute[LNO],mute[LO],mute[M],mute[MNO],mute[MO],mute[L],mute[M],mute[MN],mute[MN],mute[LM],mute[LM],mute[LM],mute[LM],mute[LM],mute[M],mute[MO],5<V>,mute[LNO],mute[LM],mute[LM],mute[LM],mute[LM],mute[LM],mute[LM],mute[L],mute[M],mute[L],mute[M],mute[LM],mute[LM],mute[LM],mute[LM],mute[LM],mute[LM],mute[MO],mute[LO],mute[MN],mute[M],mute[LM],mute[LMNO],mute[LO],mute[LMO],mute[LNO],mute[M],mute[L],mute[MO],mute[M],5<V>,mute[MO],mute[MN],mute[M],mute[L],mute[LM],mute[LM],mute[LM],mute[LM],mute[LNO],mute[M],mute[MNO],5<V>,mute[LO],mute[M],mute[LO],mute[L],mute[M],mute[LM],mute[LM],mute[MNO],mute[MO],mute[L],mute[M],mute[M],5<V>,5<V>,mute[M],mute[M],mute[M],mute[LM],mute[LM],mute[LM],mute[LM],mute[LNO],mute[LMO],mute[LMN],mute[LN],mute[LM],mute[LM],mute[LNO],mute[LMNO],mute[LO],mute[LO],mute[M],mute[LM],mute[LM],mute[LM],mute[LM],mute[LM],mute[LM],mute[LM],mute[LM],mute[LMO],mute[LNO],mute[LM],mute[LM],mute[LM],mute[LM],mute[LMN],mute[LN],mute[M],mute[L],mute[LM],mute[LM],mute[LM],mute[LMO],mute[LNO],mute[LM],mute[LM],mute[MNO],mute[MO],mute[M],mute[M],5<V>,mute[LM],mute[LM],mute[M],mute[M],5<V>,mute[LM],mute[LM],mute[LM],mute[LN],5<V>,mute[LN],mute[LM],mute[LMO],mute[LNO],mute[LM],mute[LM],mute[LMO],mute[MN],5<V>,mute[MO],mute[M],5<V>,mute[LM],mute[LMO],mute[LNO],mute[LM],mute[LM],mute[LMO],mute[LNO],mute[LM],mute[LM],mute[LMO],mute[LNO],mute[LM],mute[LM],mute[LMO],mute[L],mute[M],mute[M],mute[MNO],mute[LMO],mute[LNO],5<V>,mute[L],mute[LMO],mute[LNO],mute[LMO],mute[LNO],mute[LM],mute[LM],mute[LMO],mute[LNO],mute[LMO],mute[LNO],mute[LMO],mute[MN],mute[M],mute[M],mute[M],mute[MO],mute[LNO],mute[MO],mute[LNO],mute[LNO],mute[LNO],mute[LNO],mute[LMN],mute[LNO],mute[LM],mute[LM],mute[LMO],mute[LN],mute[LMO],mute[LNO],mute[LMN],mute[MN],mute[MN],mute[LNO],mute[LMO],mute[LM],mute[LN],mute[LMO],mute[LNO],mute[LM],5<V>,mute[MNO],5<V>,mute[LN],mute[LM],mute[LMO],mute[LNO],mute[LM],mute[LM],mute[LO],5<V>,mute[LNO],mute[MN],mute[MN],mute[LM],mute[LMO],mute[LNO],mute[LMO],mute[LNO],mute[LMO],mute[LNO],mute[LM],mute[LM],mute[LMO],mute[LNO],mute[LM],mute[MN],mute[MN],mute[MNO],mute[MN],5<mute[LO]>,mute[LNO],mute[LM],mute[LMN],mute[LN],mute[LM],mute[LM],mute[LM],mute[MN],mute[MN],mute[LM],mute[LM],mute[LM],mute[LM],mute[LM],mute[LM],mute[LM],5<mute[LO]>,mute[LNO],mute[LM],mute[LM],mute[M],mute[L],mute[LM],mute[LM],mute[LMO],mute[LNO],mute[LM],mute[LM],mute[LMO],mute[LMO],mute[LN],mute[LM],mute[LMO],mute[LMO],mute[LN],mute[LM],mute[LO],mute[MNO],mute[LN],mute[LNO],mute[MO],mute[MN],mute[LMO];","b[N],b[N],b[KNO],e1[NO],g1[M],(E-2.B-2.e1)[O],b1[LNO],(E-1.#F-1)[LM],(#C-1.#d1.B-2.#F-2.#F-1)[LM],#F-1[O],#F-1[LNO],(#F-1.B-2.G-2.e1)[LM],(b.G-1.e1.#F-1)[LM],(B-2.#F-1.#F-2.#d1)[MNO],b[MO],(e1.#F-1)[O],#F-1[MNO],e1[M],(E-2.e1.B-2.#F-1)[LM],(E-1.#F-1)[LM],(#C-1.#F-2.#d1.B-2.#F-1)[L],d1[M],#F-1[O],#F-1[M],b[MNO],(B-2.#F-1.G-2.e1)[O],b[LNO],(e1.G-1.#F-1)[LM],(#F-1.#d1.#F-2.B-2.d1)[LM],(e1.#F-1)[O],#F-1[MN],d2[MO],(b.B-2.e1.#F-1.#f2)[O],b1[LNO],(B-1.#F-1)[LM],(#C-1.B-2.#d1.#F-1)[LM],#c[O],#F-1[LNO],(D-1.B-2.#F-1.e1)[LM],(e1.d.b.#F-1)[LM],(#F-1.B-2.#d1.#C-1)[MNO],b[MO],(#c.e1)[O],#F-1[LNO],(B-2.e1.#F-1)[LM],(B-1.#F-1)[LM],(#C-1.#d1.B-2.#F-1)[L],a[M],#c[O],#F-1[NO],#f[L],(#F-1.D-1.B-2.e1)[N],#f[LN],(d.e1.#F-1)[LNO],#c1[O],(#d1.#C-1.B-2.#F-1)[L],g1[M],(e1.#c)[O],#F-1[N],b1[L],e2[O],(e1.#C-1.B-2.#F-1)[O],#c1[LNO],(#c.#F-1)[LM],(#d1.#C-1.B-2.#F-1)[LM],(#c.#c1)[O],#F-1[LNO],(E-1.B-2.e1.#F-1)[LM],(e.e1)[O],#F-1[LNO],(#F-1.B-2.G-1.#d1)[LO],d1[NO],(g.e1)[O],#F-1[LNO],(#F-1.e1.B-2.#a1)[O],(#c2.#f1)[M],e1[MNO],(#f.#F-1)[LM],(#d1.#C-1.E-1.B-2.#F-1)[LM],e[O],#F-1[LNO],(e1.D-1.B-2.#F-1)[LM],(e1.d)[O],#F-1[LNO],(#F-1.#d1.B-2.#C-1)[O],#f1[LNO],(e1.#c)[O],#F-1[LN],b[O],(d1.#f1.B-2.e1.#F-1)[LM],(B-1.#F-1)[O],e1[LNO],(#C-1.#d1.B-2.#F-1)[MNO],d1[MO],B-1[O],#F-1[MN],b[MO],(B-2.#F-1.e1)[LM],(#f.e1.B-1)[O],#F-1[O],b[LO],b[O],(#d1.#F-1.B-2)[LNO],#c1[O],(B-1.e1)[N],#F-1[LN],(B-2.e1)[O],(#F-1.d1)[LNO],B-1[O],#F-1[LNO],(#C-1.B-2.#d1)[O],#F-1[LNO],B-1[N],#F-1[LN],(#F-1.B-2.e1)[LM],(e1.B-2)[O],#F-1[LNO],(B-2.#d1.#F-1)[LM],(d1.b.#f1.e1.#F-1)[N],#A-1[LNO],(b1.g1.E-1.e1.B-2.#F-1)[O],(e1.g1)[LNO],(E-1.#F-1)[LNO],(d2.#f2)[O],(#C-1.E-1.B-2.#d1.#F-1)[LM],E-1[O],(#F-1.e2)[O],#c2[LN],(#F-1.e1.E-1.B-2)[LM],(E-1.e1.#F-1)[LM],(#F-1.E-1.B-2.#d1)[LN],e1[N],(e1.E-1)[O],#F-1[LNO],(B-2.e1.E-1.g1.#F-1)[LM],(E-1.#F-1)[NO],#f[N],b1[MNO],(#d1.B-2.#C-1.E-1.#F-1)[L],g[M],E-1[O],#F-1[LNO],(#F-1.E-1.B-2.e1)[N],g[LN],(E-1.e1.#F-1)[LM],(B-2.#d1.#F-1.E-1)[LNO],(g1.e1.b)[O],(#D-1.e1)[O],(#F-1.g)[LO],#f1[O],(a1.d1)[O],(D-1.e1.#f1.B-2.#F-1)[MO],#f[MNO],(D-1.#F-1)[LNO],(e2.#c2)[O],(#C-1.D-1.B-2.#d1.#F-1)[LM],(D-1.d2.b1)[O],#F-1[LNO],(#F-1.e1.B-2.D-1)[LM],(e1.D-1.#F-1)[LM],(B-2.#d1.D-1.#F-1)[LM],(D-1.e1)[O],#F-1[LNO],(B-2.D-1.e1.#F-1)[LNO],d1[O],(D-1.#F-1)[LM],(E-1.#C-1.#d1.B-2.#F-1)[MO],#f1[MNO],E-1[O],#F-1[LNO],(e1.#F-1.B-2)[O],b1[LNO],(#F-1.e1)[LM],(#F-1.#d1.B-2.D-1)[LM],(D-1.e1.d1.#f1)[O],#F-1[O],(d1.#f1)[LN],(g1.e1.B-2.#C-1.#F-1.#c1)[O],#c1[O],e1[O],(#c1.e1)[LO],(#C-1.#F-1)[LNO],(d2.b1)[O],(#C-1.#d1.B-2.#F-1)[LM],(#C-1.#c2)[O],#F-1[LNO],(#F-1.B-2.#C-1.e1)[LM],(#C-1.e1.#F-1)[O],g1[LNO],(B-2.#F-1.#d1.#C-1)[LM],(#f1.G-2.e1)[O],#F-1[MNO],#c1[NO],#f1[O],(#F-2.e1.B-2.#F-1)[MO],#a1[MNO],(#F-2.#F-1)[LM],(#C-1.#F-2.#d1.B-2.#F-1)[LM],#F-2[O],#F-1[LNO],(#F-1.#F-2.B-2.e1)[LM],(e1.#F-2)[O],#F-1[LNO],(#d1.#F-1.#F-2.B-2)[LO],(d2.b1)[NO],(#C-1.e1)[O],#F-1[LO],b[N],(#f1.e1.B-2.#F-1.#c2)[O],d1[N],b1[LO],(B-2.#F-1)[LM],(#d1.B-2.#C-1.#f.b1.#F-1)[LM],B-2[O],(b1.#F-1)[LNO],(#F-1.e1.B-2)[LM],(e1.B-2)[O],#F-1[LNO],(#F-1.#d1.B-2)[LM],(e1.#F-1)[O],#F-1[LNO],(B-2.e1)[O],#F-1[LNO],(#f.B-2)[O],#F-1[LNO],(B-2.#C-1.#d1.b)[O],#F-1[LNO],(#c1.B-2)[O],#F-1[LNO],(B-2.e1.#F-1.d1)[LM],(B-2.e1)[MO],#f1[MNO],(#F-1.B-2.#d1)[LNO],a1[O],(#F-2.e1)[O],#F-1[M],b[N],e1[NO],g1[N],(e1.B-2.E-2.g)[O],(#F-1.b)[O],g1[LN],E-1[O],#F-1[LNO],(B-2.#d1.#C-1.#F-2)[O],#F-1[LNO],#F-1[O],#F-1[LNO],(#F-1.B-2.e1.G-2)[LNO],e[O],(G-1.e1)[O],#F-1[LN],e[O],(#F-2.#F-1.B-2.#d1)[LO],e[NO],(e1.#F-1)[O],#F-1[MNO],#f[M],(e1.E-2.B-2)[O],#F-1[L],e[M],(E-1.#F-1)[MN],e[MN],(#F-2.#C-1.#d1.B-2.#F-1)[LM],#F-1[LM],(G-2.e1.B-2.#F-1)[LM],(G-1.e1.#F-1)[LM],(#F-2.#F-1.#d1.B-2)[LM],(e1.#F-1)[N],b[NO],d1[NO],#f1[N],(b.d1.#f1)[N],(B-2.e1.#F-1)[O],b1[LNO],(B-1.#F-1)[LM],(#C-1.#d1.B-2.#F-1)[LM],(#c.#F-1)[LM],(D-1.#F-1.B-2.e1)[LN],d[N],(d.e1.#F-1)[LN],d[N],(#d1.#C-1.#F-1.B-2)[LM],(#c.e1.#F-1)[L],e[M],(B-2.e1.#F-1)[L],d[M],(B-1.#F-1)[LM],(#C-1.#d1.B-2.#F-1)[LM],(#c.#F-1)[LM],(e1.B-2.#F-1.D-1)[LM],(e1.d.#F-1)[LM],(B-2.#d1.#F-1.#C-1)[LM],(#c.e1.#F-1)[MO],#c1[MN],g1[O],(e1.#C-1.B-2.#F-1)[O],e1[O],(b1.b.g)[MN],e2[M],(#c.#F-1)[LM],(B-2.#C-1.#d1.#F-1)[LM],(#c.#F-1)[NO],#c[MN],e[NO],(#F-1.B-2.E-1.e1)[LM],(e.e1.#F-1)[O],e[LNO],(#F-1.B-2.E-1.#d1)[M],d[L],(e1.e.#F-1)[MO],d[MO],(#c2.#a1.#f1)[N],(B-2.#F-1.e1.#f1)[O],(#a.#c1)[MO],#c[MN],(#f.#F-1)[M],#c[L],(#C-1.#d1.B-2.E-1.#F-1)[LM],(e.#F-1)[LM],(B-2.e1.D-1.#F-1)[LM],(d.e1.#F-1)[LM],(#C-1.#d1.#F-1.B-2.B-1)[LNO],(e1.#c)[O],#F-1[NO],B-1[MNO],(b.d1.#f1)[O],(B-2.d1.e1)[O],(#F-1.b)[N],#c[LO],B-1[O],#F-1[NO],#c[LO],(B-2.#C-1.#d1.#F-1)[L],d[M],(B-1.#F-1)[LM],(B-2.#F-1.e1)[LM],(e1.B-1.#F-1)[MNO],#c[MO],(#F-1.B-2.#d1)[L],#c[M],(e1.B-1.#F-1)[MO],b[NO],B-1[N],#f1[N],(b1.B-2.#f1.e1.#F-1)[NO],d2[M],#f2[M],B-1[O],#F-1[LNO],(#C-1.B-2.#d1)[O],#F-1[LNO],B-1[O],#F-1[LNO],(e1.#F-1.B-2.b1)[O],b1[LNO],(e1.B-2)[O],#F-1[LNO],(B-1.B-2.a1.#f1.#d1.#F-1)[LM],(B-2.e1)[O],#F-1[LNO],(E-2.e1.g1.B-2)[O],(#F-1.b.b1.g1.e1)[N],(e1.g1)[LO],E-1[O],#F-1[LNO],(#C-1.B-2.#d1.#F-2)[O],#F-1[LNO],#F-1[O],#F-1[LN],e[O],(G-2.B-2.#F-1.e1)[LM],(G-1.e1)[O],#F-1[N],e[LO],(#d1.#F-1.#F-2.B-2)[LO],e[NO],(#F-1.e1)[O],#F-1[LO],#f[N],(B-2.E-2.e1)[O],#F-1[LN],e[O],E-1[O],#F-1[LNO],(#C-1.#d1.B-2.#F-2)[O],(#F-1.b1.d2.g1)[LM],#F-1[LM],(#F-1.e1.G-2.B-2)[LM],(e1.G-1.#F-1)[LM],(e1.#d1.#F-2.g.B-2.#F-1.b1)[LM],(#F-1.e1.g1)[LNO],b1[O],(B-2.e1.#f1.#F-1.d1)[O],(#f1.d1.#f.b1)[LNO],(B-1.#F-1)[LM],(#d1.B-2.#C-1.#F-1)[LN],#f[N],(#c.#F-1)[LN],e[N],(e1.D-1.B-2.#F-1)[LM],(e.d.e1.#F-1)[LM],(B-2.#F-1.#d1.#C-1)[N],d[LN],(#c.e1.#F-1)[M],B-1[L],(B-2.e1.#F-1)[LM],(B-1.#F-1)[LM],(#C-1.B-2.#d1.#F-1)[LM],(#c.#F-1)[LM],(e1.B-2.#F-1.D-1.#f1)[O],#f1[LO],b1[N],(d.e1.b1.#F-1)[LM],(#d1.#F-1.B-2.#C-1)[LM],(e1.#c.#F-1)[MNO],#c1[MO],(e1.g1.#C-1.B-2.#F-1.g)[O],(#c1.e1)[NO],b1[MN],e2[N],(#c.#F-1)[LM],(#C-1.B-2.#d1.#F-1)[LM],#c[O],#F-1[NO],#c[MN],e[N],(#F-1.e1.B-2.E-1)[LM],(e.e1.#F-1)[LM],(#F-1.#d1.d.B-2.G-1)[LNO],d[O],(g.e1.#F-1)[LN],#c[N],(#F-1.e1.B-2.#c2.#a1)[O],(#f1.#a)[O],(#c1.#f)[LN],(#f.#F-1)[LM],(#d1.B-2.#C-1.E-1.#F-1)[LM],e[O],#F-1[LNO],(#F-1.D-1.B-2.e1)[LM],(e1.d.#F-1)[LM],(#F-1.#d1.B-2.#C-1)[LM],(e1.#c.B-1)[O],#F-1[MN],b[N],#f1[O],#c[N],(B-2.e1.b1.#F-1.#f.d1)[O],(b.B-1)[NO],d2[MN],d[N],(B-1.#F-1)[LM],(B-2.#d1.#C-1.#F-1)[LM],B-1[O],#F-1[LNO],(B-2.#F-1.e1)[LM],(#c.e1.B-1.#F-1)[LM],(#c1.B-2.B-1.#F-1.#d1.e1)[LM],(d1.B-1.b.e1)[O],(B-1.#F-1)[LNO],(B-2.e1.#F-1)[LN],#f[N],(B-1.#F-1)[LNO],b[O],(B-2.#d1.#C-1.#F-1)[LNO],#c1[O],B-1[O],#F-1[LNO],(d1.e1.#F-1.B-2)[LNO],#f[O],(B-2.e1.#F-1)[LN],g[N],(#F-1.#d1.B-2)[LNO],(#f.d1.b.#f1)[O],(#f1.e1.F-1)[O],#F-1[L],b[NO],(G-1.e1.B-2.E-1.#F-1.g1.b)[O],(e1.e.g1)[M],g1[MNO],(E-1.#F-1)[LNO],(a1.#f1)[O],(#f2.d2.#C-1.#f1.#f.B-2.#d1.E-1.#F-1)[O],(a1.b)[LNO],E-1[O],(g1.#F-1)[O],(e1.e2.g1)[O],#c2[O],e[L],(#F-1.B-2.e1.E-1)[LM],(e1.E-1)[O],#F-1[LNO],(E-1.D-1.#F-1.#d1.B-2)[LM],(e1.E-1)[O],#F-1[LNO],(e1.B-2.E-1.#F-1)[LM],(E-1.#F-1)[LM],(B-2.E-1.#C-1.#d1.#F-1)[LM],E-1[O],#F-1[LNO],(#F-1.E-1.B-2.e1)[LM],(e1.E-1)[O],#F-1[LNO],(#d1.#F-1.E-1.D-1.B-2)[LNO],g1[O],(e1.b.#D-1)[O],(G-1.#F-1)[MN],b[NO],d1[N],(d1.D-1.B-2.e1.#f1.#F-1)[M],#f1[M],#F-1[M],(D-1.#F-1)[LNO],(#f1.d1.e1.g1)[O],(e2.#c2.#C-1.B-2.D-1.#d1)[O],#F-1[NO],e[L],(D-1.d2)[O],b1[O],#F-1[O],(d1.#f1)[LO],(e1.#F-1.D-1.B-2)[N],d[LN],(D-1.e1)[O],#F-1[LNO],(D-1.#F-1.B-2.#d1)[LM],(e1.D-1)[N],#F-1[LN],(D-1.e1.B-2)[O],#F-1[LNO],D-1[O],#F-1[LNO],(#d1.D-1.#C-1.B-2)[O],#F-1[LNO],D-1[N],#F-1[LN],(D-1.#F-1.B-2.e1)[LM],(E-1.e1)[O],#F-1[LNO],(D-1.#F-1.B-2.#d1)[LM],(#F-1.B-2.e1)[O],(d1.#f1)[O],#F-1[MN],g[NO],b[O],(E-1.e1.#c1.#C-1.B-2)[O],#F-1[O],(e1.#c1)[LN],#C-1[O],#F-1[LNO],(d2.b1.#d1.#C-1.B-2)[O],#F-1[O],d[LN],(#c.#C-1)[O],#c2[O],#F-1[LN],(B-2.#F-1.e1.#C-1)[LNO],g1[O],(e1.#C-1)[O],(#F-1.g1)[LNO],(#d1.D-1.B-2.#C-1.#F-1)[LM],(e.e1.#C-1)[N],(#f.#F-1)[N],#f[N],#a[NO],#c1[N],#c1[O],#f1[O],(B-2.#f1.#F-2.e1.#F-1)[N],#f1[LN],(#F-2.#F-1)[LM],(#F-2.#C-1.B-2.#d1.#F-1)[LM],#F-2[O],#F-1[LNO],(B-2.#F-2.#F-1.e1)[LM],(#F-2.e1.#F-1)[LN],d[N],(#F-1.#d1.D-1.B-2.#F-2)[LO],(d2.b1)[O],d2[N],(e1.#c.#C-1)[O],#F-1[LO],b[O],(d1.#c2)[O],(B-2.#f1.e1.#c2.#F-1)[MN],B-1[MN],(B-2.#F-1)[LNO],b1[O],(b1.#C-1.#d1.B-2.#F-1)[LNO],b1[O],B-2[O],(b1.#F-1)[LNO],(B-2.#F-1.e1)[LM],(e1.B-2)[O],#F-1[LNO],(#d1.#F-1.D-1.B-2)[LM],(B-2.e1)[O],#F-1[LNO],(B-2.e1.#F-1)[LM],(#f.B-2.#F-1)[LNO],b[O],(#d1.B-2.#C-1.#F-1)[LNO],#c1[O],#C-1[O],#F-1[LN],d1[O],(e1.#F-1.D-1.B-2)[LM],(e1.D-1)[O],#F-1[N],#f1[NO],D-1[MN],(#f.#D-1.D-1.#F-1.B-2.#d1)[MNO],a1[M],(d1.b.#f1)[O],(#D-1.e1.D-1)[O],#F-1[MN],b[NO],e1[N],(e1.e.#c.B-2.E-1.g1.b)[O],(#F-1.g.g1.e1)[O],g1[LN],E-1[O],#F-1[LN],(#f2.d2)[O],(#f2.d2.D-1.#d1.B-2.E-1)[O],#F-1[LNO],E-1[O],(#F-1.e2)[O],(e2.#c2)[O],#c2[LN],(B-2.#F-1.e1.E-1)[LN],g[N],(E-1.e1.#F-1)[LM],(D-1.B-2.#F-1.E-1.#d1)[LM],(E-1.e1.#F-1)[MN],B-2[MN],(E-2.B-2.e1.#F-1)[LM],(E-2.#f.#F-1)[LM],(#d1.E-2.D-1.B-2.g.#F-1)[LM],(b.E-2.#F-1)[LM],(B-2.e1.#F-1.E-2)[LM],(e1.E-2.#F-1)[LM],(D-1.B-2.#d1.#F-1.E-1)[LN],(#c1.g1)[O],(e1.b)[O],(#D-1.e1.#F-1)[MN],b[NO],d1[N],d1[O],(e1.B-2.B-1.#f1.d1.b.D-1.#F-1)[O],#f1[LNO],(D-1.#F-1)[LN],e2[O],(#c2.e2)[O],(#c2.#d1.D-1.B-2.#F-1)[LM],(d2.D-1.b1)[O],#F-1[NO],(d2.b1)[L],(D-1.#F-1.B-2.e1)[LM],(e1.D-1.#F-1)[LM],(D-1.#F-1.B-2.#d1)[LM],(b.D-1.e1)[O],#F-1[LN],(#f.d1)[O],(e1.B-2.D-1.#F-1)[LM],(d.D-1.#F-1)[LNO],#f[O],(D-1.#d1.B-2.#F-1)[LM],(b.D-1)[O],#F-1[LNO],(#F-1.D-1.e1.B-2)[N],d1[LN],(e1.E-1.#F-1)[LM],(B-2.#F-1.#d1.D-1)[LM],(D-1.e1.d1.#f1)[O],(d1.#F-1)[LNO],(e1.B-2.#C-1.#c1.g.e.#F-1)[O],#c1[O],(e1.#c1)[LN],(#C-1.#F-1)[LN],(d2.b1)[O],d2[O],(b1.#d1.D-1.B-2.#C-1.#F-1)[LO],#f[NO],(#C-1.#c2)[O],(#F-1.#a1.#c2)[NO],b[L],(#F-1.#C-1.e1.B-2)[N],#c1[LN],(e1.#C-1.#F-1)[O],g1[MO],d1[MN],(D-1.#C-1.B-2.#d1.#F-1)[LNO],e1[O],(G-2.e1)[O];"],"id":1,"instruments":["piano","piano"],"alternatives":["",""]},{"bpm":135,"baseBeats":0.25,"scores":["mute[M],mute[M],mute[MN],mute[LO],mute[LM],mute[LMO],mute[LNO],mute[LM],mute[MN],mute[MN],mute[LO],5<V>,mute[MO],mute[MN],mute[M],mute[LO],mute[LM],mute[LMO],mute[LN],mute[MO],mute[M],5<V>,mute[LNO],mute[LMN],mute[MO],mute[MO],mute[M],mute[LO],mute[LM],mute[MO],mute[M],5<V>,mute[LN],mute[LMO],mute[MO],mute[MN],mute[LM],mute[M],mute[M],mute[MN],mute[LNO],mute[LM],mute[LM],mute[M],mute[M],mute[M],mute[LMO],mute[LNO],mute[LMO],mute[LNO],mute[LM],mute[LM],mute[LMO],mute[LNO],mute[LM],mute[LM],mute[LM],5<V>,mute[MO],5<V>,mute[LM],mute[LNO],mute[LMO],mute[LNO],mute[LM],mute[LM],mute[LO],mute[M],mute[LNO],mute[LM],mute[LM],mute[LMO],mute[LM],mute[LNO],mute[LM],mute[LM],mute[MO],mute[MN],5<V>,mute[LO],mute[LM],mute[LO],mute[M],mute[MO],mute[LO],mute[LM],mute[LNO],mute[LMO],mute[LN],mute[MNO],mute[M],mute[LM],mute[LMO],mute[LNO],mute[LMO],mute[LNO],mute[LMO],mute[L],5<V>,mute[LMN],mute[LO],mute[LMO],mute[LNO],mute[LMO],mute[LNO],mute[LM],mute[MN],mute[MO],mute[M],mute[M],mute[MN],mute[LM],mute[LM],mute[LM],mute[LMN],mute[LO],mute[L],mute[MO],mute[LN],5<V>,mute[LN],mute[LNO],mute[M],mute[LO],mute[LNO],mute[LMO],mute[LNO],mute[LO],mute[M],mute[LM],mute[LM],mute[LM],mute[LM],mute[LM],mute[LM],mute[LM],mute[LM],mute[LMO],mute[LNO],mute[LM],mute[L],mute[MN],mute[LN],mute[LM],mute[LM],mute[M],mute[M],5<V>,mute[LM],mute[LM],mute[LM],mute[L],mute[M],mute[LMO],mute[LNO],mute[LM],mute[LM],mute[MNO],mute[MO],mute[M],mute[MN],mute[M],mute[M],mute[MNO],mute[LO],mute[MN],mute[L],mute[LM],mute[LMO],mute[LNO],mute[LMN],mute[LN],mute[L],mute[M],mute[LMO],mute[LNO],mute[LM],mute[LM],mute[LMO],mute[MN],5<V>,mute[MO],mute[LO],mute[LNO],mute[LMO],mute[LNO],mute[M],mute[L],mute[M],mute[LO],mute[LNO],mute[M],mute[M],mute[M],mute[LM],mute[LM],mute[LMO],mute[LNO],mute[LM],mute[MN],mute[MN],mute[LMO],mute[L],mute[M],mute[M],mute[MNO],mute[LM],mute[LMN],mute[LN],mute[LM],mute[LM],mute[LMO],mute[LNO],mute[LM],mute[LM],mute[LMO],mute[LNO],mute[LMO],mute[LNO],mute[MNO],mute[MN],mute[MN],mute[M],mute[MO],mute[M],5<V>,mute[LM],mute[L],mute[MNO],mute[LO],mute[LO],mute[M],mute[LNO],mute[LO],mute[M],mute[LNO],mute[M],mute[L],mute[LM],mute[LMO],mute[LNO],mute[LM],mute[LM],mute[LMO],mute[LO],5<V>,mute[LN],mute[LM],mute[LMO],mute[LNO],mute[LMO],mute[LNO],mute[LNO],5<V>,mute[M],mute[M],mute[M],mute[LN],mute[LM],mute[LMO],mute[LN],mute[LM],mute[LMNO],mute[MNO],5<V>,mute[LNO],mute[MO],mute[MNO],mute[LM],mute[LMO],mute[LN],mute[LM],mute[LM],mute[LMN],mute[LNO],mute[LM],mute[LM],mute[LMO],mute[LN],mute[LM],mute[M],mute[LO],mute[MNO],mute[MO],mute[MN],mute[MNO],mute[LNO],mute[LM],mute[LM],mute[MN],mute[MN],mute[LMO],mute[LNO],mute[LO],mute[M],mute[LNO],mute[LM],mute[LM],mute[LMO],mute[LNO],mute[LM],mute[LM],mute[LMO],mute[M],5<V>,5<V>,mute[LNO],mute[LM],mute[LM],mute[M],mute[M],5<V>,mute[LMO],mute[MN],mute[MO],mute[LMO],mute[MO],mute[MNO],mute[LM],mute[LM],mute[LM],mute[LMO],mute[LN],mute[LM],mute[LMO],mute[LMN],mute[LN],mute[LM],mute[LMO],mute[LNO],mute[LM],mute[LM],mute[L],mute[MO],mute[MO],mute[MO],5<V>,mute[LO],mute[LM],mute[LM],mute[LM],mute[LM],mute[LM],mute[L],mute[MO],mute[LNO],mute[MO],mute[MNO],mute[LMO],mute[LMO],mute[LN],mute[LM],mute[MN],mute[MN],mute[LMO],mute[MO],mute[MO],mute[M],mute[LO],mute[LM],mute[LMO],mute[LNO],mute[LM],mute[LM],mute[MN],mute[MNO],mute[MO],mute[MNO],mute[LNO],mute[LM],mute[LMO],mute[LNO],mute[LM],mute[LM],mute[LMO],mute[LNO],mute[LM],mute[LM],mute[LMN],mute[LN],mute[LM],mute[LM],mute[MN],mute[MN],mute[M],mute[M],mute[M],mute[M],mute[M],mute[M],mute[M],mute[M],5<V>,mute[L],mute[MN],mute[MN],mute[M],mute[L],mute[M],mute[M],mute[L],mute[MN],mute[MNO],mute[LNO],mute[LO],mute[MN],mute[LO],mute[LMO],mute[LNO],mute[LM],mute[LM],mute[LMO],5<mute[LO]>,mute[LN],mute[LM],mute[MNO],mute[MO],mute[M],mute[M],5<V>,mute[L],mute[M],mute[L],mute[M],mute[MO],mute[MNO],mute[M],mute[M],mute[MN],mute[LN],mute[L],mute[M],mute[LMO],mute[LNO],mute[LM],mute[M],mute[L],mute[L],mute[M],mute[M],mute[MNO];","#F-1[O],#f[M],#c1[M],e1[O],#f1[O],(#f.#F-2.#a.e1.#F-1.B-2)[NO],#c2[LO],(#F-2.#F-1)[LM],(D-1.B-2.#d1.#F-2.#F-1)[LM],#F-2[O],#F-1[LNO],(e1.#F-1.#F-2.B-2)[LM],(e1.#F-2.#F-1)[MN],#f1[MN],(#F-1.B-2.D-1.#d1.#F-2)[LO],d2[O],b1[N],(e1.#C-1)[O],#F-1[MO],#f1[MN],(B-2.#c2.#f.B-1.e1.b.d1.#F-1)[O],e1[NO],e1[L],B-2[O],#F-1[LNO],(b1.d1.B-2.#d1.D-1)[O],#F-1[LNO],(d1.B-2)[O],b1[O],(#F-1.b1.d1)[LN],(#F-1.e1.B-2)[MO],d1[MNO],(e1.B-2)[O],#F-1[LNO],(#F-1.B-2.D-1.#d1)[LM],(e1.B-2)[N],#F-1[MO],#f1[MO],(b1.e1.B-2)[O],#F-1[NO],d2[L],(B-2.#f1)[O],#F-1[LNO],(B-2.#d1.D-1)[O],#F-1[MO],#f1[MN],B-2[N],#F-1[LN],(e1.#F-1.B-2)[LM],(e1.B-2)[O],#F-1[MO],D-1[MN],(B-2.#F-1.D-1.#d1)[LM],(e1.D-1.#F-2)[N],#F-1[M],b[O],e1[M],g1[N],(#c.E-2.e.e1.g.g1.b.B-2.#F-1)[O],b[LNO],(E-1.#F-1)[LM],(#F-2.D-1.B-2.#d1.#F-1)[LM],#F-1[O],#F-1[M],d[M],e[NO],(#F-1.G-2.e1.a1.B-2)[LM],(G-1.e1.#F-1)[O],e[LNO],(B-2.D-1.#d1.#F-2.e.#F-1)[LNO],(#f.b1)[O],(#F-1.e1)[O],#F-1[LNO],(e1.E-2.B-2.#F-1)[LO],e[NO],(E-1.#F-1)[LM],(B-2.#F-2.#d1.D-1.#F-1)[LM],#F-1[O],#F-1[LNO],(e1.B-2.#F-1.G-2)[LM],(e1.G-1.#F-1)[LM],(B-2.D-1.#F-1.#F-2.#d1)[LM],(e1.#F-1)[O],#F-1[N],b[N],d1[M],#f1[O],b[O],(#f1.d1)[O],(B-2.b.d.#f1.e1.#F-1)[O],b1[LNO],(B-1.#F-1)[O],d[LNO],(#d1.d.D-1.B-2.#C-1.#F-1)[LN],e[N],#c[O],#F-1[LO],#f[N],(#F-1.D-1.e1.B-2)[LNO],e[O],(e1.d.#F-1)[LN],e[N],(B-2.#F-1.D-1.#C-1.#d1)[LO],d[NO],(#c.e1)[O],#F-1[LO],B-1[N],(e1.B-2.#F-1)[LM],(B-1.d1.#F-1)[LM],(D-1.B-2.#C-1.#f1.#d1.#F-1)[LM],(d1.#c)[O],#F-1[LNO],(#F-1.D-1.B-2.e1)[O],b1[LNO],(e1.d.#F-1)[LM],(#d1.D-1.#F-1.B-2.#C-1)[LM],(e1.#c)[O],#F-1[M],#c1[MN],g1[O],(#C-1.g1.b.e1.B-2.#c.#F-1)[O],e1[O],(b1.b)[O],g[MN],e2[NO],(#c.#F-1)[LM],(D-1.#d1.#C-1.B-2.#F-1)[LO],G-1[NO],#c[O],#F-1[MO],G-1[MN],(E-1.B-2.#F-1.e1)[NO],e[LO],(e.e1)[O],#F-1[N],e[LO],(#F-1.B-2.D-1.E-1.#d1)[N],d[LN],(e1.e)[O],#F-1[N],d[L],(#a1.#c2.#f1)[O],(e1.#c2.B-2.#F-1.#c.#a.#f1)[O],(#a.#c1)[MNO],#c[M],(#f.#F-1)[LM],(E-1.B-2.#d1.D-1.#F-1)[LM],e[O],#F-1[LNO],(#F-1.D-1.e1.B-2)[LM],(d.e1)[O],#F-1[LNO],(#F-1.B-2.D-1.#d1.#C-1)[LN],B-1[N],(#c.e1)[O],#F-1[L],#c[O],(b.d1)[O],#f1[O],(B-2.e1.d1.b.#f1.d2.B-1.#F-1)[O],b[LNO],(B-1.#F-1)[NO],d[LO],(B-2.D-1.#d1.#F-1)[LM],B-1[O],#F-1[LNO],(#F-1.B-2.e1)[LN],#c[N],(e1.B-1)[O],#F-1[LNO],(B-2.#F-1.#d1.D-1.B-1)[LM],(#c2.e1.B-1)[O],#F-1[NO],B-1[N],b[MO],#f1[O],(B-2.b1.e1.#f1)[O],#F-1[NO],d2[M],#f2[M],B-1[O],#F-1[LNO],(#d1.D-1.B-2)[O],#F-1[LO],#f[N],B-1[O],#F-1[LNO],(b.B-2.#F-1.e1)[O],b1[LNO],(e1.B-2)[O],#F-1[N],#c1[LO],(#d1.B-2.#F-1.D-1)[L],d1[M],(e1.#F-2)[O],#F-1[LO],d1[N],(b.E-2.B-2.e.e1.g1)[O],(b.#F-1.b1.g1.e1)[N],g1[LO],E-1[O],#F-1[LNO],(B-2.D-1.#d1.#F-2)[O],#F-1[NO],e[L],#F-1[O],#F-1[LNO],(#F-1.e1.e.B-2.G-2)[LM],(e.G-1.e1)[O],#F-1[L],e[NO],(#d1.D-1.#F-1.#F-2.B-2)[LO],#f[NO],(e1.#F-1)[O],#F-1[LNO],(e1.B-2.E-2)[O],#F-1[LNO],(e.E-1)[O],#F-1[LNO],(#F-2.#d1.B-2.D-1)[O],(#F-1.b1.d2.g1)[LM],#F-1[LM],(B-2.e1.G-2.#F-1)[LNO],#f1[O],(e1.G-1.#F-1)[LM],(e1.#F-1.#d1.#F-2.D-1.g.b1.B-2)[LM],(e1.#F-1)[LNO],b1[O],(b1.d.B-2.e1.b.#f1.#F-1.d1)[O],(b1.#f)[LNO],(B-1.#F-1)[LM],(D-1.B-2.#d1.#C-1.#F-1)[L],d[M],(#c.#F-1)[N],e[LO],(#F-1.B-2.D-1.e1)[O],#f[LNO],(d.e1)[O],(#F-1.e)[LM],(#F-1.D-1.B-2.#d1.#C-1)[M],e[MNO],(e1.#c)[O],#F-1[LM],(B-2.e1.#F-1.d)[LNO],#f1[O],(B-1.#F-1)[LM],(#d1.D-1.#C-1.B-2.#F-1)[L],f1[M],(#c.#F-1)[LN],#f1[N],(D-1.#F-1.e1.B-2)[O],#f1[LNO],(d.b1.e1.#F-1)[LM],(#F-1.#d1.D-1.#C-1.B-2)[LM],(#c.e1.#F-1)[MNO],#c1[MO],(e1.g1.B-2.#C-1.b.#c.e2.#c2.#F-1.g)[O],(#c1.e1)[NO],b1[MN],e2[N],(#c.#F-1)[M],e1[M],g1[M],(#C-1.B-2.D-1.#d1.#F-1)[O],b1[LO],#F-1[N],(#c.#F-1)[M],G-1[L],(E-1.#F-1.e1.B-2.e)[LM],(e.e1.#F-1)[LM],(#F-1.#d1.D-1.B-2.E-1)[O],e[LO],d[N],(e.e1.#F-1)[LNO],d[O],(#F-1.e1.#a1.#c.#c2.#a.B-2)[O],(#f1.#a)[O],(#c1.#f)[LN],(#f.#F-1.#c)[L],#c[M],(#d1.D-1.B-2.E-1.#F-1)[LM],e[O],#F-1[LNO],(#F-1.B-2.D-1.e1)[LM],(d.e1.#F-1)[LM],(D-1.#F-1.#C-1.B-2.#d1)[LNO],B-1[O],(e1.#c)[O],#F-1[MN],b[N],#f1[O],#c[N],(d.b1.b.d2.B-2.#f1.e1.#F-1.d1.#f)[O],(B-1.b)[NO],d2[L],(B-1.#F-1)[O],d[LNO],(B-2.D-1.#d1.#F-1)[LM],B-1[O],#F-1[LNO],(#F-1.B-2.e1)[M],#c[L],(e1.B-1.#F-1)[M],#c[L],(#c1.#F-1.D-1.B-2.e1.#d1)[O],B-1[LNO],(d1.#a1.#c2.b.B-1.e1)[O],#F-1[NO],d1[NO],#f1[M],b1[O],(#f1.B-2.e1.b1.b.B-1.#F-1)[LM],(B-2.#F-1)[LM],(D-1.B-2.#d1.#F-1)[LM],B-2[O],#F-1[LNO],(B-2.#F-1.e1)[LM],(e1.B-2.#F-1)[MN],D-1[MN],(D-1.B-2.#F-1.#d1)[LNO],(#f1.b.d1)[O],(F-1.e1.D-1.#F-1)[O],#F-1[L],b[NO],(e1.b.g1.#c.E-1.e.B-2.b2.#F-1)[O],(e.g1.e1)[O],G-1[NO],g1[MNO],(E-2.#F-1)[LN],#f[O],(a1.#f1)[O],(d2.#f2.D-1.B-2.E-2.#d1.#F-1)[LM],(E-2.e)[O],(g1.#F-1.e1.e2)[O],#c2[LN],(E-2.B-2.e1.#F-1)[LM],(e1.E-2.#F-1)[LM],(E-2.D-1.#d1.#F-1.B-2)[LN],(g1.e1)[N],(e1.E-2)[O],#F-1[LNO],(B-2.E-2.e1.#F-1)[LM],(E-2.#F-1)[LM],(#f1.D-1.#d1.E-2.B-2.a1.#F-1)[LM],E-2[O],#F-1[LNO],(B-2.e1.#F-1.E-2)[LM],(E-2.e1)[O],#A-1[LNO],(#F-1.D-1.B-2.E-1.#d1)[MNO],G-1[M],g1[O],(e1.b.#D-1)[O],#F-1[MN],b[NO],d1[N],(d1.#f1.d.b2.D-1.e1.B-2.b.#F-1)[M],#f1[MO],#F-1[NO],(D-1.#F-1)[LNO],(e1.g1)[O],(e2.#c2.#d1.D-1.B-2.#F-1)[L],e[M],(d2.D-1)[O],(b1.#F-1)[O],d1[O],#f1[LO],(e1.D-1.#F-1.B-2)[LO],d[NO],(e1.D-1)[O],#F-1[LNO],(#F-1.D-1.B-2.#d1)[LO],#f1[NO],(D-1.e1)[O],#F-1[LNO],(e1.B-2.D-1.#F-1)[M],#f1[L],(D-1.#F-1)[LM],(E-1.D-1.#d1.B-2.#F-1)[LM],E-1[O],#F-1[LNO],(#F-1.B-2.e1)[LM],(e1.#F-1.#A-1)[LM],(#F-1.#d1.D-1.B-2)[LNO],#F-1[O],(e1.D-1.d1)[O],(#f1.#F-1)[MNO],g[N],b[N],(e1.#C-1.b.#c.g1.B-2.b2.#F-1)[O],E-1[O],(#c1.e1)[LN],(#C-1.#F-1)[LNO],d2[O],(b1.d.#d1.B-2.D-1.#C-1.#F-1)[LM],(#c.#C-1.#c2)[O],#F-1[LNO],(#C-1.B-2.#F-1.e1)[LM],(#C-1.#A-1.e1)[O],g1[LNO],(D-1.#F-1.B-2.#C-1.#d1)[LNO],e[O],(G-2.e1)[O],(#f.#F-1)[N],#f[N],#a[O],#a[NO],#c1[O],#c1[O],#f1[O],(#F-2.#c.e1.B-2.#a.#a2.#F-1)[NO],#f1[LO],#F-2[O],#F-1[LNO],(#F-2.D-1.#d1.B-2)[O],#F-1[LNO],(d2.b1.#F-2)[N],#F-1[LN],(e1.B-2.#F-1.#F-2)[LM],(#A-1.#F-2.e1)[LM],(#F-1.D-1.#d1.B-2.#F-2)[NO],d[MN],d2[O],(b1.#c2.e2)[N],(e1.#C-1)[N],(#F-1.#c)[LO],b[O],(d1.#f1.e1.B-2.b.b2.B-1)[O],(#c2.#F-1)[MO],B-1[MN],B-2[O],#F-1[LO],(d2.b1)[N],(B-2.D-1.b1.#d1)[O],#F-1[LNO],B-2[O],b1[O],(#F-1.b1.d2)[LN],(e1.#F-1.B-2)[LM],(#A-1.B-2.e1)[LM],(#F-1.D-1.B-2.#d1)[LM],(#F-2.e1)[N],#F-1[LN],(B-2.e1)[O],#F-1[LNO],(#f.B-2)[O],#F-1[LNO],(b.#c.B-2.#d1.#C-1.D-1)[O],#F-1[LN],#c1[O],#C-1[N],#F-1[LN],(d1.#A-1.#F-1.B-2.d.e1.D-1)[LM],(D-1.e1)[M],#f1[LO],(D-1.#F-1.B-2.#d1)[MNO],a1[NO],#F-1[O],(d1.b.#f1)[O],(e1.D-1.F-1)[MN],b[M],e1[N],(e1.#c.G-1.E-1.b.B-2.e.g1.b2.#F-1)[O],(g1.e1)[LNO],(E-1.#F-1)[LNO],(#f2.#f.d2)[O],(#f2.d2.B-2.D-1.E-1.#d1.#F-1)[LM],E-1[O],(#F-1.e2)[O],(e2.#c2)[O],#c2[NO],e[MN],(e1.#F-1.E-1.B-2)[LNO],g[O],(e1.E-1)[O],#F-1[LNO],(D-1.#F-1.B-2.E-1.#d1)[LO],(b1.d2)[NO],(e1.E-1)[O],#F-1[LNO],(e1.E-1.B-2.#F-1)[LM],(E-1.#F-1)[LM],(D-1.E-1.#d1.B-2.#F-1)[LM],E-1[O],#F-1[LNO],(#F-1.E-1.e1.B-2)[LM],(e1.E-1.#A-1)[LM],(E-1.#F-1.#d1.B-2.D-1)[LNO],(#f.g1.e1)[O],(b.#D-1.e1)[O],#F-1[MN],b[N],d1[N],d1[O],(D-1.b2.d.#f1.b.e1.B-2.#F-1)[O],#f1[LN],b[O],(D-1.#F-1)[LNO],(e2.#c2)[O],(#c2.D-1.#d1.B-2.#F-1)[LM],(d2.D-1)[O],(b1.#F-1)[NO],(d2.b1)[MO],e[NO],(D-1.#F-1.e1.B-2)[LN],(#c2.e2)[N],(D-1.e1)[O],#F-1[MN],e[MO],(#F-1.D-1.#d1.B-2)[LM],(A-1.e1)[O],#F-1[MO],d[MN],(d1.e1.D-1.B-2)[O],#F-1[LNO],(d.D-1)[O],#F-1[LN],#f[O],(D-1.#d1.B-2)[O],#F-1[LNO],(b.D-1)[O],#F-1[LNO],(B-2.e1.D-1.#F-1)[N],d1[LN],(A-1.e1.#A-1)[LM],(D-1.B-2.#d1.#F-1)[LNO],#F-1[O],(e1.D-1)[O],(d1.#f1.#F-1)[LNO],(#c.#C-1.B-2.b2.g1.e1.b)[O],(#F-1.E-1)[O],(#c1.e1)[O],e1[LN],(#C-1.#F-1)[LN],(d2.b1.d)[O],b1[O],(D-1.#C-1.B-2.#d1.#F-1)[LM],(#C-1.#c2.#c.#F-1)[O],(#c2.#a1)[LNO],(B-2.#F-1.#C-1.e1)[LM],(#C-1.e1.#A-1.g1)[LO],#a1[NO],(#d1.D-1.#F-1.E-2.B-2)[L],b1[M],(e1.G-2.#F-1)[O],#f[MO],#c1[M],(e1.#f1)[N],(e1.#c.B-2.#F-2.#a.#a2.#F-1)[O],#c2[N],#c2[LO],(#F-2.#F-1)[LM],(D-1.#F-2.B-2.#d1.#F-1)[LM],(#F-2.#F-1)[LM],(#F-1.B-2.e1.#F-2)[LM],(#A-1.e1.#F-2)[LNO],d[O],(#F-1.D-1.B-2.#F-2.#d1)[L],d2[O],b1[NO],(e1.#C-1.#F-1)[O],#c[LNO],(#c2.b.d.B-2.b2.#f1.e1.#F-1)[MO],B-1[MNO],(B-2.#F-1)[LN],b1[O],d1[O],(B-2.D-1.b1.#d1.#F-1)[O],#f2[LNO],B-2[O],(#F-1.b1)[O],(b1.d1)[LN],(#F-1.e1.B-2)[LM],(e1.#A-1.B-2)[MN],D-1[MN],(B-2.#d1.D-1.#F-1)[LM],(D-1.e1.#F-2)[O],#F-1[MO],#f1[MO],b1[O],(B-2.e1.B-1.#f1.b.#F-1)[NO],d2[LO],(B-2.#F-1)[LM],(#C-1.D-1.B-2.#d1.#F-1)[LM],#C-1[O],#F-1[LNO],(B-2.#F-1.D-1.#A-1.e1)[LO],B-1[NO],(e1.D-1.#F-1)[LM],(D-1.B-2.#D-1.#F-1.#d1)[MN],D-1[MN],(#D-1.e1.D-1)[O],#F-1[MO],D-1[MN],(g1.b2.e1.B-2.g.b.e.#c.E-2.#F-1)[O],b[LNO],(E-2.#F-1)[LNO],(#f1.a1)[O],(#d1.E-2.B-2.D-1.a1.#F-1)[LM],(E-2.g1)[O],(#F-1.e1)[LNO],(#F-1.e1.E-2.B-2)[LM],(E-2.e1.#F-1)[LM],(B-2.E-2.D-1.#F-1.#d1)[LM],(e1.E-2)[O],#F-1[LNO],(E-2.e1.B-2.#F-1)[LM],(E-2.#F-1)[LM],(D-1.#d1.E-2.B-2.#F-1)[LM],E-2[O],#F-1[O],b1[LN],(#F-1.e1.E-2.B-2)[LN],a1[N],(E-2.e1.#F-1)[LN],#f1[N],(#d1.d.E-2.B-2.D-1.#F-1)[MN],e1[MN],(e1.E-1.e)[O],#F-1[N],e1[M],b[NO],(d1.b)[O],(d1.#f1)[O],(B-2.D-1.b.d.#f1.e1.b2.#f.d1.#F-1)[M],#f1[M],b[M],(D-1.#F-1)[M],d1[MNO],(g1.e1)[O],(#d1.D-1.B-2.#F-1.e1)[L],#f1[M],D-1[O],#F-1[O],(d1.#f1)[MN],e1[M],(#F-1.e1.D-1.B-2)[L],d1[M],(D-1.e1.#F-1)[M],b[L],(d1.#F-1.D-1.B-2.#d1)[MN],e1[MN],(D-1.e1)[O],#F-1[LNO],(B-2.e1.D-1.#F-1)[LO],d1[NO],(D-1.#F-1)[NO],b[LO],(B-2.D-1.E-1.#d1.#F-1)[LM],E-1[O],#F-1[LNO],(e1.#F-1.B-2.D-1)[LM],(D-1.e1.#f.#F-1)[LM],(#F-1.B-2.D-1.#d1.g)[LM],(C-1.#f.e1)[O],#F-1[MN],g[NO],b[N],(b.#c.B-2.e.#C-1.e1.g1.b2.#F-1)[O],e1[O],(b.e1.g)[LN],(#C-1.#F-1)[LM],(#d1.#C-1.B-2.D-1.#F-1)[MNO],b[MO],#C-1[O],#F-1[NO],d1[MNO],#f1[O],(#C-1.e1.#F-1.B-2)[L],b1[M],(#F-1.#C-1.e1)[L],#c2[M],(D-1.B-2.#F-1.E-2.#d1)[MO],d2[MNO],(d.e1.G-2)[O],(#F-1.#f)[M],#a[NO],#c1[M],(e1.#c.#a2.B-2.#F-2.#a.#F-1.#f1)[O],(#a.#c1)[O],#f1[LN],(#F-2.#F-1)[L],#c2[M],(B-2.#F-2.D-1.#d1.#F-1)[LM],#F-2[O],#F-1[LNO],(#F-1.#F-2.B-2.e1)[LM],(#F-2.#F-1.e1)[M],d[L],(#F-1.D-1.#d1.B-2.#C-1)[L],(e.b1)[M],(e1.#C-1)[O],#F-1[N],#c2[NO],C-1[M],b[O];"],"id":2,"instruments":["piano","piano"],"alternatives":["",""]},{"bpm":135,"baseBeats":0.25,"scores":["V,mute[LNO],mute[LM],mute[L],mute[MO],mute[MNO],mute[M],mute[LM],mute[LM],mute[LMO],mute[LNO],mute[MN],mute[MN],mute[LM],mute[LMO],mute[LNO],mute[LMNO],mute[LO],mute[MNO],mute[MO],mute[MN],mute[M],5<V>,mute[LN],mute[LM],mute[LMN],mute[LN],mute[LM],mute[LM],mute[LM],mute[MN],mute[MN],mute[LM],mute[LM],mute[LM],mute[LMN],mute[LN],mute[LM],mute[LM],mute[LN],5<V>,mute[MN],mute[MNO],mute[LO],mute[LM],mute[M],mute[L],mute[LMO],mute[LNO],mute[LMO],mute[MO],mute[MN],mute[LM],mute[MN],mute[MN],mute[M],mute[LO],mute[LMO],mute[LNO],mute[LNO],mute[LMN],mute[LM],mute[LN],mute[LM],mute[L],mute[MN],mute[LMO],mute[LN],mute[LNO],mute[LN],5<V>,mute[M],mute[MN],5<V>,mute[LO],mute[LM],mute[LM],mute[LM],mute[LM],mute[LM],mute[LM],mute[LMO],mute[LNO],mute[LM],mute[LN],5<V>,mute[M],mute[MN],mute[LMO],mute[LM],mute[MNO],mute[M],mute[M],mute[MNO],5<V>,mute[LO],mute[LM],mute[LMO],mute[LM],mute[LM],mute[MO],mute[MN],mute[LO],5<V>,mute[MN],mute[MNO],mute[LN],mute[MNO],mute[MO],mute[MO],mute[LN],mute[LN],mute[MN],mute[LO],mute[LO],mute[L],mute[M],mute[M],mute[LO],mute[LNO],mute[LMN],mute[LN],mute[LM],mute[LM],mute[LM],mute[LM],5<mute[LO]>,VX,mute[L],mute[MN],mute[MN],mute[LMN],mute[LO],mute[M],mute[LO],mute[M],mute[M],5<V>,mute[L],mute[M],mute[LM],mute[LM],mute[LM],mute[LM],mute[MN],mute[MO],mute[MO],mute[M],5<V>,mute[LM],mute[LM],mute[LN],5<V>,mute[LN],mute[LM],mute[LM],mute[LM],mute[LM],mute[LM],mute[LO],mute[M],mute[M],mute[MO],5<V>,mute[LN],mute[LM],mute[M],mute[L],mute[LM],mute[L],mute[M],mute[MN],mute[MN],mute[LM],mute[MN],mute[M],5<V>,mute[LN],5<V>,mute[L],mute[LM],mute[LN],mute[MO],mute[LO],mute[LM],mute[LM],mute[LM],mute[LM],mute[LM],mute[LM],mute[LMO],mute[LO],mute[MNO],mute[MNO],mute[L],mute[M],mute[M],mute[MN],5<V>,mute[LN],mute[LM],mute[LMNO],mute[LN],mute[LMO],mute[LN],mute[L],mute[MO],mute[MO],mute[MNO],mute[MN],mute[MO],mute[LM],mute[LMO],mute[LM],mute[LM],mute[LNO],mute[LMO],mute[LO],5<V>,mute[LNO],mute[LM],mute[LM],mute[M],mute[M],5<V>,mute[LM],mute[LM],mute[LM],mute[L],mute[M],mute[MO],mute[M],5<V>,mute[LNO],mute[MNO],mute[M],mute[MO],mute[M],5<V>,mute[LM],mute[LM],mute[LMO],mute[LMO],mute[MN],mute[MNO],mute[LO],mute[MO],mute[M],5<V>,mute[LNO],mute[LMO],mute[LNO],mute[LM],5<V>,VX,5<V>,5<V>,mute[LO],mute[LM],mute[LMO],mute[LM],mute[LM],mute[LNO],mute[LO],5<V>,mute[LMO],mute[LMN],mute[LO],mute[LN],5<V>,mute[LM],mute[MO],mute[MO],mute[MN],mute[LO],mute[LO],mute[MN],mute[MO],mute[M],mute[LN],mute[LNO],mute[MO],mute[MNO],mute[MO],mute[LO],mute[LN],mute[LM],mute[MN],mute[M],mute[M],mute[M],mute[LO],mute[LO],mute[LM],mute[LMN],mute[LN],mute[LMO],mute[LNO],mute[LM],mute[LM],mute[LM],mute[LM],mute[LM],mute[LM],mute[LM],mute[LM],mute[LO],mute[M],mute[M],mute[M],mute[MNO],mute[L],mute[LM],mute[LMNO],mute[LO],mute[LMO],mute[LNO],mute[LMO],mute[LNO],mute[LM],mute[LM],mute[LMO],mute[LM],mute[LM],mute[LNO],mute[LMO],mute[LO],5<V>,mute[LN],mute[LM],mute[LMO],mute[LM],mute[LM],mute[LNO],mute[MN],mute[MN],mute[M],mute[M],mute[MNO],mute[LO],mute[LM],mute[LMO],mute[LM],mute[LM],mute[LNO],5<mute[LO]>,mute[LN],5<V>,mute[LNO],mute[LNO],mute[LM],mute[LM],mute[LM],mute[LM],mute[LM],mute[LM],mute[LN],5<V>,mute[M],mute[MN],mute[LM],mute[MN],mute[MN],mute[MN],mute[MN],mute[MN],mute[MN],mute[LM],5<mute[LO]>,mute[LNO],mute[LM],mute[LMN],mute[LN],mute[LM],mute[LM],mute[LM],mute[LM],mute[LM],mute[LM],mute[LMO],mute[MN],mute[MO],mute[LM],mute[MNO],mute[MO],mute[MNO],mute[MN],mute[M],5<V>,5<V>,mute[LNO],mute[LM],mute[LM],mute[M],mute[LO],mute[LN],5<V>,mute[MN],mute[MNO],mute[LN],mute[LNO],mute[LNO],mute[LM],mute[LMO],mute[LM],mute[LM],mute[LNO],mute[LO],mute[M],mute[MN],mute[M],5<V>,mute[LN],mute[LM],mute[LMO],mute[LNO],mute[LM],mute[LM],mute[LMO],mute[MO],mute[M],mute[MO],mute[LO],mute[LM],mute[LM],mute[LM],mute[LM],mute[LNO],mute[M],mute[M],mute[MO],mute[LM],mute[LM],mute[LM],mute[L],mute[MNO],mute[MO],mute[MN],mute[LN],mute[LM],mute[L],mute[M],mute[MN],mute[MO],mute[M],mute[LO],mute[LM],mute[LM],mute[LM],mute[LM],mute[LM],mute[MN],mute[M],5<V>,mute[LNO],mute[KMO],mute[LMN],mute[LN],mute[LMO],mute[LNO],mute[LM],mute[LM],mute[LNO],mute[LMO],mute[KL],mute[LM],mute[LM],mute[ILM];","d1[O],(b2.b.e1.d1.#f1.#f.B-2.B-1.#F-1)[O],(b.d2)[LNO],(B-2.#F-1)[LN],#c2[N],(B-2.D-1.#d1.#F-1)[L],#f1[M],B-2[O],#F-1[MNO],#f1[M],(#F-1.B-2.e1)[LM],(B-2.e1.#F-1)[LM],(B-2.D-1.#F-1.#d1)[LM],(B-2.e1)[O],#F-1[LNO],(#f1.B-2.e1.#F-1)[MN],B-2[MN],(#f.B-2.#F-1)[LNO],b[O],(#d1.B-2.D-1.#C-1.#F-1)[LN],#c1[N],#C-1[O],#F-1[LN],d1[O],(#F-1.#A-1.e1.B-2.D-1.b1)[LM],(D-1.e1)[NO],#f1[LO],(B-2.D-1.#d1.#D-1)[MN],D-1[O],a1[MO],(e1.#f.#D-1.D-1)[MN],(D-1.b)[M],e1[N],(g.B-2.#c.#F-1.e1.E-1.b2.g1.e.b.#d)[O],(g.b1)[O],g1[LN],(#F-1.#d.E-1)[LN],#f2[O],d2[O],(E-1.B-2.#F-1.#d.D-1.#d1)[LM],(#d.E-1.#F-1)[N],(e2.#c2)[LN],(#F-1.e1.E-1.B-2.#d)[LM],(#F-1.E-1.e1.#d)[LM],(#F-1.E-1.D-1.B-2.#d.#d1)[LM],(#d.E-1.e1.#F-1)[MN],B-2[MN],(#F-1.E-2.e1.B-2.#d)[LN],#f[N],(#d.#F-1.E-2)[LM],(D-1.#d.E-2.#F-1.g.#d1.B-2)[LNO],#f1[O],(E-2.#d.#F-1)[LNO],g1[O],(#F-1.b.B-2.e1.E-2.#d)[N],b[LN],(#f1.#F-1.e1.E-2.#d)[LNO],g1[O],(#F-1.b1.B-2.g.D-1.#d.e1.E-1.#d1)[LNO],#f1[O],(#d.g.e1.#D-1.#F-1)[MNO],b[NO],(d1.g1)[N],(e1.#F-1.B-2.b2.#f1.#f.d.b.D-1.#d)[O],(#f.d1.#f1)[O],(b1.#f)[MN],#f1[M],(D-1.#d.#F-1)[NO],g1[L],e2[O],(#c2.D-1.#F-1.#d.#d1.a1.B-2)[LM],(#d.D-1)[O],#F-1[NO],(d2.b1)[L],(#F-1.B-2.b1.e1.D-1.#d)[LM],(#F-1.e1.D-1)[O],#d[LNO],(#F-1.D-1.B-2.#d.#d1)[LM],(e1.#d.A-2)[O],#F-1[MO],B-2[MN],(d1.B-2.#F-1.e1.D-1.#d)[LO],g1[NO],(#d.D-1.d.#F-1)[MN],#f1[MN],(#f.#F-1.D-1.#d.#d1.E-1.B-2)[M],#f1[L],(b.E-1.#d)[O],#F-1[LNO],(#F-1.#f1.e1.b.B-2.#d)[N],(#f1.d1)[LN],(#F-1.b.#f.b1.e1)[O],#d[LNO],(#F-1.g.#d1.B-2.#d.D-1)[LNO],#f[O],(#d.D-1.e1.#f)[O],(#F-1.#f1)[O],d1[LN],(e.e1.B-2.#F-1.#c.b2.b.#C-1.g1)[O],(#d.g)[O],(#c1.e1)[LN],(#d.#C-1.#F-1)[LNO],(d2.b1)[O],(#F-1.#d.D-1.#d1.B-2.#C-1)[L],#f2[M],(#d.#C-1)[O],#F-1[O],(#c2.#a1)[LN],(#F-1.#C-1.B-2.e1)[O],#d[N],#f2[LO],(#F-1.e1.#C-1)[O],#d[LNO],(#F-1.#d.D-1.G-2.#d1.d.B-2)[LN],d1[O],g2[O],(#d.e1.G-2)[O],#F-1[O],#f[NO],e[N],#c1[NO],(#f.e1)[N],(#F-1.B-2.e1.#a.#c.#F-2.#a2)[O],#d[O],(#a.#c1)[O],(#f.#c1)[O],#c2[L],#f2[O],(#d.#F-1.#F-2)[LM],(D-1.#d1.#F-2.B-2.#F-1.#d)[LM],(#d.#F-2.#F-1)[LNO],#F-1[O],(#F-2.e1.B-2.#d)[LNO],#F-1[O],(e1.#F-2.#d)[LNO],#F-1[O],(#d.B-2.#d1.D-1.#F-2)[LO],(d2.#f2.b1)[NO],(#f.#C-1.#d.e1.#F-1)[LM],(#F-1.#f1.#c2.b.e1.e.b2.d.B-2.#d.d1.#f)[O],(b.B-1)[L],e2[NO],(B-2.#d.#F-1)[LN],e[O],(b1.d2.d1)[O],(#F-1.D-1.#d1.d.#d.B-2)[MNO],b1[NO],d[N],(#d.B-2)[O],(#F-1.b1)[O],d1[M],b1[MN],(#F-1.e1.B-2.#d)[LNO],#F-1[O],(e1.B-2)[O],#d[LNO],(#F-1.#d.#c1.B-2.#d1.D-1.e1)[O],#f1[MNO],e1[M],(#d.b.e1.d1.E-2)[O],#F-1[N],d1[M],#f1[M],(b1.a1)[O],(b.B-1.#F-1.B-2.#f1.e1)[O],#d[N],d2[L],b1[O],(B-2.#d.#F-1)[LO],b1[NO],(B-2.#F-1.D-1.#d.A-2.#d1)[LM],(A-2.#d)[O],#F-1[LNO],(#F-1.B-2.e1.#A-1.G-2)[O],#d[LNO],(#F-1.e1.G-2)[O],#d[MO],D-1[MN],(#F-1.#F-2.#d1.#d.D-1.B-2)[LO],#f2[N],(b.d1.#f1)[O],(D-1.#d.e1.#F-2.#f)[O],(#f.#F-1)[MN],#f2[MO],(g1.e1.#F-1.#c.e.B-2.b.f2.b2.E-2)[O],(#d.e1.g1)[O],e[LO],#f2[O],(#F-1.#d.E-2)[MNO],f2[M],(a1.#f1)[O],(#f2.d2.#F-1.D-1.E-2.#d.B-2.#d1)[MO],#f2[L],(#d.E-2.#F-1.g1)[O],(e1.e2.f2)[O],#c2[L],#f2[O],#F-1[O],(B-2.E-2.e1.#d)[MN],f2[MN],(#F-1.E-2.e1.#d)[NO],#f2[L],#F-1[O],(B-2.#d.D-1.E-2.#d1.f2)[L],#f2[M],(#d.E-2.e1.#F-1)[M],f2[L],(e1.#F-1.E-2.B-2.#d)[O],#f2[LNO],(#d.#F-1.#f2.E-2)[LM],(#F-1.#d.B-2.E-2.D-1.#d1)[N],#f2[L],a2[N],(#d.E-2.#F-1)[LNO],#F-1[O],(e1.E-2.B-2.#d)[LM],(#F-1.e1.E-2.#d)[LNO],#F-1[O],(#d1.#d.E-1.D-1.B-2)[LN],(e.g1)[O],(e1.b)[O],(#d.e1.e.#D-1.#F-1)[MN],b[NO],d1[N],d1[O],(d.b2.B-2.#F-1.b.D-1.e1.#f1.#d)[O],d[NO],#f1[L],(D-1.#F-1.#d)[MN],b2[M],(g1.e1)[O],(e2.#c2)[O],(#d.#F-1.D-1.#d1.B-2)[LM],(#d.D-1.d2.#F-1.b1.#a2)[N],(d1.#f1)[LO],#F-1[O],(B-2.e1.D-1.#d)[NO],b2[LO],(D-1.#F-1.e1.#d)[M],#a2[MNO],#F-1[O],(#d.D-1.B-2.#d1)[L],b2[M],(#d.e1.D-1.#F-1)[LO],d3[NO],(e1.D-1.#F-1.B-2.#d)[LM],(#F-1.#d.D-1)[LM],(#F-1.D-1.#d.#d1.E-1.B-2)[LM],(#d.E-1.#F-1)[MN],b2[MO],#F-1[O],(B-2.#F-1.e1.#d)[M],b2[MNO],#F-1[O],(#F-1.e1.#d)[LNO],#F-1[O],(D-1.#d1.#d.B-2)[LO],d[NO],(d.e1.#d.D-1.d1.#F-1.#f1)[MNO],g[NO],b[O],#c[O],(#C-1.b2.#F-1.#c.b.g1.B-2.e1.#d)[O],#c1[O],e1[LN],(#F-1.#d.#C-1)[LN],d2[O],b1[O],(#F-1.#C-1.D-1.#d.B-2.#d1)[LM],(#d.#C-1.#c2.#F-1)[LM],(#F-1.B-2.#C-1.e1.e2.#d)[LO],e2[N],#F-1[O],(#C-1.e1.#d.g1)[LM],(#F-1.#d1.#d.D-1.B-2.#C-1)[LO],d[NO],(#d.G-2.d.e1.#F-1)[O],#f[M],#a[NO],#c1[N],e[O],#f1[O],(#F-1.#a.e1.#F-2.#c.B-2.#a2.e.#d)[N],#f1[LN],(#F-2.#F-1.#d)[LM],(#F-1.#F-2.D-1.#d1.#d.B-2)[M],g2[L],(#d.#F-2.#F-1)[LM],(#F-1.e1.#C-1.B-2.#d)[L],#f2[M],(#F-1.#C-1.e1.#d)[MN],g2[MN],(#F-1.#d1.#d.B-2.D-1)[LO],(d2.#f1.b1)[NO],(e1.#C-1.#d.#F-1)[MN],#f[M],b[O],d1[O],(B-1.e1.#f1.b2.B-2.#F-1.b.#f.d1.#d.#c2)[N],e1[LN],(#d.#F-1.B-2)[N],g2[N],d1[L],(#d.#F-1.B-2.#d1.b1.D-1)[LO],d1[NO],(#f2.B-2.#d.b1.#F-1)[LN],#f2[N],(#F-1.B-2.e1.#d)[NO],d1[LO],(#F-1.e1.B-2.#d)[LM],(#F-1.B-2.D-1.#d1.#d)[LN],b1[N],(e1.#d.B-2.#F-1)[LM],(#f2.B-2.#F-1.B-1.e1.#d)[LM],(#F-1.#d.B-1)[LM],(#d.B-2.D-1.#F-1.#d1.A-1.#c)[LNO],b1[O],(A-1.#d.#F-1)[LM],(#F-1.e1.d.B-2.G-1.#d)[O],B-1[LO],d[N],(#F-1.b1.e1.G-1)[O],#d[M],#f[MNO],(#F-1.#d1.D-1.B-2.#d.a)[L],#f[NO],(b.d1)[O],(#f1.#d.#F-1.e1)[M],a[NO],b[NO],e1[N],(e.e1.g1.#c.b2.B-2.#F-1.E-1.b.#d)[O],b[O],(g1.e1)[LN],(E-1.#F-1.#d)[LNO],#f2[O],(d2.#f2.D-1.E-1.#F-1.#d.B-2.#d1)[LM],(#d.E-1)[O],#F-1[O],(e2.#c2)[O],#c2[LO],(#f1.#F-1.e1.B-2.E-1)[O],#d[LNO],(#F-1.e1.E-1)[O],#d[O],#f1[LO],#f1[O],(#F-1.E-1.#d.B-2.D-1.#d1)[L],#f1[M],(E-1.e1.#d)[O],#F-1[MO],#f1[MN],(B-2.#F-1.e1.E-1)[O],#d[MN],a1[MO],(#d.#F-1.E-1)[LM],(#F-1.B-2.D-1.#d.#d1)[LM],(#d.B-2)[O],#F-1[LNO],(#F-1.e1.B-2.E-2)[O],#d[LNO],(E-2.#F-1.e1)[O],#d[LNO],(#F-1.#d.B-2.D-1.#d1)[LM],(g1.e1.b)[O],(#d.E-1.e1.#F-1)[MNO],b[N],d1[N],d1[O],(e1.#f1.#F-1.d.b2.b.D-1.B-2.#d)[O],#f1[LNO],(#F-1.#d.D-1)[LO],#f1[N],(e2.#c2)[O],(D-1.#F-1.#d1.B-2.#d)[LM],(d2.D-1.#d.#F-1.b1)[NO],d2[O],b1[MNO],(#f1.#F-1)[O],(B-2.e1.D-1.#d)[LM],(D-1.#F-1.e1.#d)[LNO],#F-1[O],(D-1.B-2.#d.#d1)[LNO],#f1[O],(D-1.e1.#d.#F-1)[L],e1[M],(#F-1.D-1.B-2.e1.#d)[MO],d1[MNO],(#d.#F-1.D-1)[O],(b.d)[LO],b[O],#f[O],(D-1.B-2.#d.#F-1.#d1.E-1)[MNO],b[N],b[NO],(E-1.#d.#F-1)[M],#f[MNO],(d1.#F-1)[O],(D-1.e1.B-2.#d)[LNO],#F-1[O],(e1.D-1.#d)[LNO],#F-1[O],(B-2.#d.#d1.D-1)[LM],(C-1.e1.#d.d1)[O],(#F-1.#f1.d1)[LNO],(B-2.#c.#F-1.g1.b2.#C-1.e1.b.#d)[O],#c1[O],(#c1.e1)[MN],e[M],(#F-1.#d.#C-1)[NO],#f[L],(d2.b1.g)[O],(#F-1.D-1.#d.B-2.#d1.#C-1)[MO],b[MNO],(#C-1.#d.d1.#c2)[O],(#F-1.#c2.#a1)[LO],#c1[N],(#F-1.B-2.#C-1.e1.#d)[LNO],#F-1[O],(e1.#C-1)[O],(#d.g1)[LNO],(#F-1.G-2.#d.B-2.D-1.#d1)[LM],(e1.G-2.#d)[O],#F-1[O],#f[N],#f[NO],#c1[N],#c1[O],e1[O],#f1[O],(B-2.#a.#F-1.#a2.#c.e1.#F-2)[O],(#d.e1)[N],#c2[LO],(#F-1.#F-2.#d)[LM],(#d.B-2.D-1.#d1.#F-2.#F-1)[LM],(#d.#F-2)[O],#F-1[LNO],(#F-1.B-2.e1.#F-2)[O],#d[LNO],(#F-1.#F-2.e1)[O],#d[LNO],(#F-1.#d1.#C-1.#d.D-1.B-2)[L],#f1[O],(d2.b1)[O],b1[N],(#d.C-1.e1)[O],#F-1[LM],(B-2.d.#F-1.b.e1.#c2.b2.#f1.#d)[O],e1[LNO],(#F-1.#d.B-2)[NO],d1[MNO],b1[O],d1[O],(D-1.#d.B-2.#F-1.#d1.b1)[L],d1[N],#f1[N],(#d.B-2.#F-1.b1)[O],b1[O],d1[LO],#F-1[O],(B-2.e1.#d)[N],d1[MO],#f1[M],#F-1[O],(B-2.e1.#d)[MN],D-1[MN],(#F-1.#d1.D-1.B-2.#d)[NO],a1[LO],(D-1.#d.A-2.e1.#F-1)[MN],(#A-2.#f1)[MO],b1[O],(B-2.b.#f1.e1.#F-1.B-1.#d)[NO],d2[LO],(#f.#d.#F-1.B-2)[O],#f1[LN],b[O],(D-1.#d.#F-1.B-2.A-2.#d1.#f1)[MO],#f[MNO],(#c1.#d.A-2.#F-1)[MO],(#f.#f1)[MN],#F-1[O],(B-2.G-2.e1.d1.#d)[N],a1[LO],#F-1[O],(e1.G-2.#d)[LNO],#F-1[O],(#d.#F-2.B-2.D-1.#d1.b)[MN],(D-1.b)[NO],b1[NO],(D-1.#F-2.#d.e1.#F-1)[M],d1[N],D-1[MN],(e.g1.#c.e1.b.E-2.B-2.#F-1.#d)[O],(g1.e1)[N],b1[LO],(#F-1.E-2.#d)[LNO],(#f1.a1)[O],(#f2.d2.#d.e2.#F-1.D-1.E-2.B-2.#d1.g2)[LM],(E-2.#f2.#d.d2.#F-1)[O],(g1.e2.e1)[O],#c2[LN],(#F-1.B-2.E-2.e1.#d)[LM],(#F-1.E-2.e1.#d)[O],#f1[LNO],(#F-1.D-1.B-2.#d.E-2.#d1)[LM],(e1.E-2.#d.#f1.#F-1)[LM],(B-2.e1.#F-1.E-2.#d)[LNO],g[O],(E-2.#d.#F-1)[LM],(E-2.#F-1.D-1.#d.#d1.B-2)[LM],(#d.E-2.#F-1)[LM],(#F-1.E-2.e1.B-2.#d)[LM],(e1.E-2.#F-1.#d)[LM],(#F-1.#d.B-2.D-1.#d1.E-1)[LO],g[N],(e1.g1)[O],(e1.b.#d.#D-1.#F-1)[NO],b1[M],b[NO],d1[N],(d1.#F-1.#f1.B-2.d.D-1.e1.b.#f.#d)[M],#f1[L],(#d.#F-1.D-1)[LNO],(e1.g1)[O],(e2.#c2.#d1.#d.D-1.B-2.#F-1)[LM],(d2.b1.#d.D-1)[O],(#F-1.b1)[O],d1[O],#f1[LO],(#F-1.D-1.e1.B-2.#d)[LM],(#F-1.D-1.e1)[O],#d[LNO],(#F-1.D-1.#d.#d1.B-2)[LN],b1[N],(D-1.#d.e1)[O],#F-1[LNO],(D-1.e1.#F-1.B-2.#d)[LM],(#F-1.#d.D-1)[LM],(#f1.#d.#d1.B-2.D-1.#F-1.E-1)[LM],(b.E-1.#d)[O],#F-1[LNO],(#F-1.e1.B-2.#d)[O],d1[LNO],(#F-1.e1)[O],#d[LNO],(#F-1.#d.D-1.#d1.B-2)[LM],(D-1.#d.e1.d1)[O],(#f1.#F-1)[MNO],g[N],b[N],(#F-1.#c.#C-1.e1.b.B-2.g1.#d)[N],(#c1.e1)[LN],(#F-1.#d.#C-1)[LNO],d2[O],(b1.#d.D-1.#C-1.d2.#d1.#F-1.B-2)[LM],(b1.#c2.#d.#C-1)[O],(#c2.#F-1)[LNO],(#F-1.e1.#C-1.B-2)[O],#d[LO],#c1[N],(#F-1.e2.g2.#C-1.e1)[O],(#d.g1)[LNO],(#F-1.G-2.#d.B-2.#d1.D-1.b2.g2)[N],#c1[M],E-2[MN],(#d.b2.G-2.d1.d3.e1)[O],#F-1[O],#f[M],(#a.G-2)[NO],#c1[NO],(#f1.#a.#F-1.#a2.e1.#c.#a1.#f2.#c3.B-2.#F-2)[O],#d[N],(#f1.#c1)[LO],(#F-2.#d.#F-1)[LM],(#d.#d1.#F-1.#F-2.D-1.B-2)[LM],(#d.#F-2)[O],#F-1[LNO],(#F-1.e1.#a2.#c3.B-2.#F-2)[O],#d[LNO],(#F-1.d3.e1.#F-2.b2)[O],#d[LNO],(#F-1.#c3.#d.D-1.B-2.e3.#F-2.#d1)[MN],d1[NO],d2[O],b1[N],(g3.#d.e1.e3.#C-1)[O],#F-1[LN],b[O],(d1.e1.#f1.d3.B-2.b.#f3.#F-1.#f2.#f.b1)[O],(#d.#c2)[N],#c1[LO],(#d.#F-1.B-2)[N],b[LN],b[O],(#d1.#d.#F-1.B-2.D-1.b1)[LM],(#d.B-2.b.#F-1.b1)[LNO],#F-1[O],(B-2.e1.#d)[LNO],#F-1[O],(e1.B-2.#d)[LNO],#F-1[O],(D-1.#d1.#d.B-2)[LM],(B-2.e1.#d.#F-1)[LM],(e1.B-2.#F-1.#d)[LN],d1[N],(#F-1.B-2.#d)[N],#f1[M],B-2[MN],(B-2.#d1.D-1.#F-1.#d.#C-1)[LM],(#d.#C-1.#F-1)[MN],#C-1[MO],(a1.#F-1)[O],(B-2.#C-1.e1.#d)[MN],D-1[MO],#F-1[O],(D-1.e1.#d)[MN],D-1[MO],#F-1[O],(#D-1.#d.D-1.B-2.#d1)[LNO],(b.d1.#f1)[O],(D-1.e1.#d.#D-1.#F-1)[MN],(#D-1.b)[NO],D-1[O],e1[N],(b.#c.g1.B-2.#F-1.e.e1.E-1.#d)[O],(g1.e1)[LNO],(#d.#F-1.E-1)[LN],#f2[O],(d2.#f2)[O],(#d.D-1.#d1.#F-1.a.e2.g2.B-2.E-1)[LM],(#f2.E-1.#d.d2.#F-1)[O],e2[O],#c2[LO],#F-1[O],(B-2.e1.E-1.#d)[LM],(#F-1.e1.E-1.#d)[LNO],#F-1[O],(#d.E-1.D-1.#d1.B-2)[LM],(#d.e1.B-2.#F-1)[LM],(#F-1.B-2.E-2.e1.#d)[LM],(#d.#F-1.E-2)[LM],(D-1.#d.#d1.B-2.#F-1.E-2)[LN],b[N],(E-2.#d.#F-1)[O],d1[MN],e1[M],#F-1[O],(e1.E-2.B-2.#d)[LM],(#F-1.e1.E-2.#d)[MNO],d1[M],#F-1[O],(b.#d.B-2.#d1.D-1)[MNO],b[M],(g1.e1)[O],(b.e1.#d.E-1)[O],#F-1[MN],b[N],d1[N],d1[O],(D-1.#F-1.e1.#f1.b.d.B-2.#d)[O],#f1[LNO],(#d.D-1.#F-1)[LNO],(e2.#c2)[O],(#c2.#d1.#F-1.#d.D-1.B-2.e2)[LM],(#d.b1.D-1.d2)[O],(#F-1.b1)[NO],(d2.b1)[L],(#F-1.B-2.e1.D-1)[O],#d[LO],b[N],(#F-1.D-1.e1)[O],#d[N],d1[MN],d1[NO],(#F-1.D-1.B-2.#d1.#d)[M],b[L],(#d.D-1.e1)[O],#F-1[O],b[LN],(e1.#F-1.D-1.B-2)[O],#d[LNO],(D-1.#d.#F-1)[LM],(#F-1.D-1.B-2.#d.#d1)[LM],(#d.D-1)[O],#F-1[LNO],(#F-1.B-2.D-1.e1)[O],#d[LNO],(#F-1.e1.D-1)[O],#d[LNO],(#F-1.#d.B-2.#d1.D-1)[LO],b[NO],(d1.e1.C-1.#d)[O],(d1.#F-1.#f1)[NO],e1[NO],#f1[MO],(g1.#C-1.b.b1.#F-1.e1.#c.B-2)[O],#d[O],(#c1.e1)[O],e1[LN],(#F-1.#d.#C-1)[LN],(b1.d2)[O],b1[O],(b1.#C-1.#d.#F-1.#d1.d2.D-1.B-2)[LM],(#d.#c2.b1.#C-1.#F-1)[O],(#a1.#c2)[LN],#F-1[O],(G-1.B-2.e1.#d)[LNO],#F-1[O],(e1.g2.e2.G-1.#d.g1)[LNO],#F-1[O],(D-1.B-2.#d.g2.b2.#d1.#C-1)[LM],(#d.d3.b2.e1.G-1.#F-1)[O],#f[MO],#c1[M],(e1.#f1)[N],(#a.#F-1.#a2.e1.#c3.#f2.#a1.B-2.#c.#d)[NO],#c2[LO],(#d.#F-1)[LM],(B-2.#d.#d1.D-1.#F-1)[LM],(#d.#C-1.#F-1)[LNO],#F-1[O],(#c3.#F-2.B-2.#a2.e1.#d)[LNO],#F-1[O],(#F-2.b2.e1.d3.#d)[LNO],#F-1[O],(e3.#d.#d1.D-1.#c3.B-2.#F-2)[M],#f1[M],d2[O],b1[NO],(#d.#C-1.g3.e1.e3.#F-1)[LN],#f1[N],(#f1.d.#F-1.#f2.b1.d3.#f3.B-2.b.e1.#c2.#d)[LM],(#d.#F-1.B-2)[LNO],(b1.d1)[O],(B-2.b1.#F-1.D-1.#d.#d1)[L],e1[M],(#d.B-2.#F-1.b1)[O],b1[O],d1[O],d1[MO],b[NO],d1[O],(#F-1.B-2.e1.#d)[N],e1[LN],(#F-1.e1.B-2.#d)[LM],(#F-1.B-2.D-1.#d1.#d)[L],d1[M],(#d.e1.B-2.#F-1)[M],b[N],#f1[MO],b1[O],(B-2.b.#F-1.e1.#f1.B-1.#d)[NO],d2[LO],(#d.#F-1.B-2)[LM],(#d1.#d.D-1.#F-1.B-2)[LM],(B-2.#d.#F-1)[LM],(#F-1.e1.B-2.#d)[LNO],#F-1[O],(B-2.e1.#d)[LM],(D-1.B-2.#d1)[MN],D-1[O],(b1.b2)[NO],(e1.e2)[N],D-1[N],(d1.d2)[L],(g2.e2.b1.g1.e1.b)[O],(g1.e1.g2.e2)[N],b2[KM],(#f2.a2)[O],(#f3.d3.e3.#d2.g3)[LM],(#f3.d3)[O],(g2.e3.e2)[O],#c3[LN],e2[LM],e2[O],#f2[LNO],#d2[LM],(e2.#f2)[LM],e2[LNO],g1[LMO],#d2[KL],e2[LM],e2[LM],#d2[ILM];"],"id":3,"instruments":["piano","piano"],"alternatives":["",""]}],"audition":{"start":[1,0],"end":[2,418]}}