{"baseBpm":80,"musics":[{"id":1,"baseBeats":0.5,"scores":["mute[K],mute[L],mute[L],mute[L],mute[L],mute[L],mute[L],mute[L],mute[L],mute[L],mute[L],mute[L],mute[L],mute[L],mute[L],mute[L],mute[L],mute[L],mute[L],mute[J],mute[L],mute[L],mute[L],mute[L],mute[L],mute[L],mute[L],mute[L],mute[L],mute[L],mute[L],mute[L],mute[L],mute[L],mute[L],mute[L],mute[L],mute[L],mute[L],mute[L],mute[K],mute[K],mute[K],mute[L],mute[L],mute[L],mute[L],mute[L],mute[L],mute[L],mute[L],mute[L],mute[L],mute[L],mute[L],mute[L],mute[L],mute[L],mute[L],mute[L],mute[L],mute[J],mute[L],mute[L],mute[L],mute[L],mute[L],mute[L],mute[L],mute[L],mute[L],mute[L],mute[L],mute[L],mute[L],mute[L],mute[K],mute[L],mute[L],mute[K],mute[K],mute[K],mute[K],mute[K],mute[K],mute[K],mute[K],mute[K],mute[K],mute[K],mute[K],mute[K],mute[K],mute[K],mute[K],mute[J];","(b.b1)[K],(E-1.e.b.e1.e2)[L],b1[L],(#g.b.b1)[L],#a1[L],(B-1.e.b.b1)[L],#d2[L],(#D-1.#d.a.#c1.#c2)[L],a1[L],(#f.a.#d1.#d2.a1)[L],#g1[L],(#F-1.#d.a1)[L],#c2[L],(B-2.B-1.b.b1)[L],#g1[L],(#f.#d1.#d2.#g1)[L],g1[L],(#F-1.#d.#f.#f1.#g1)[L],b1[L],(E-1.e.#g.#g1)[J],(B-1.e.b.b1)[L],#g1[L],(#G-1.#g.c1.c2.#g1)[L],g1[L],(c.c1.#d1.#d2.#g1)[L],a1[L],(#d.#f.c2)[L],(#f1.#f2.#d2)[L],(B-2.#f1.b1.#d2.#f2)[N],B-1[N],a[M],#d2[L],(#f.#d1.#d2.#c2)[L],b1[L],(#F-1.#d.a1)[L],(b.b1.#g1)[L],(#D-1.#d.b.b1.a1)[L],#g1[L],(#f.#d1.#d2.#f1)[L],#g1[L],(#F-1.#d.#f1.#f2.b1)[L],a1[L],(E-1.e.e1.e2.#g1)[K],#g[K],(B-1.e.b.b1.#f1)[K],(E-1.e.b.e1.e2)[L],b1[L],(#g.b.b1)[L],#a1[L],(B-1.e.b.b1)[L],#d2[L],(#D-1.#d.a.#c1.#c2)[L],a1[L],(#f.a.#d1.#d2.a1)[L],#g1[L],(#F-1.#d.a1)[L],#c2[L],(B-2.B-1.b.b1)[L],#g1[L],(#f.#d1.#d2.#g1)[L],g1[L],(#F-1.#d.#f.#f1.#g1)[L],b1[L],(E-1.e.#g.#g1)[J],(B-1.e.b.b1)[L],c2[L],(#C-1.#c.#c1.#c2.#g1)[L],a1[L],(#g.e1.e2.#g1)[L],g1[L],(#G-1.e.c1.c2.#g1)[L],a1[L],(#F-1.#f.#d1.#d2.b1)[L],a1[L],(a.#c1.#c2.#g1)[L],a1[L],(#c.#f.a.a1.#g1)[L],#f1[L],(#G-1.#g.c1.c2.e1)[K],(#f.#d1.#d2.#f1)[L],e1[L],(c.#d.#d1.e2)[N],#f1[N],#g1[N],e2[N],#d2[L],(#C-1.#c.e1.#c2)[K],(#g.e1.c2)[K],(#G-1.e.e1.#g1)[K],(#C-1.#c.#c1.e1)[K],#g[K],(#G-1.#d.#d1.#g1.c2)[K],(E-1.e.e1.e2)[K],#g[K],(B-1.e.#g1.#g2)[K],(#D-1.#d.#f1.#f2)[K],(#f.e1.e2)[K],(#F-1.#d.#d1.#d2)[K],(B-2.B-1.b.b1)[K],(#f.#d1.#d2)[K],(#F-1.#d.#f.#f1)[K],(E-1.e.#g.#g1)[J];"]},{"id":2,"baseBeats":0.5,"scores":["mute[K],mute[K],mute[K],mute[L],mute[L],mute[K],mute[K],mute[L],mute[L],mute[K],mute[K],mute[K],mute[K],mute[K],mute[K],5<mute[M],mute[M]>,5<mute[M],mute[M]>,5<mute[M],mute[M]>,5<mute[M],mute[M]>,5<mute[M],mute[M]>,5<mute[M],mute[M]>,5<mute[M],mute[M]>,5<mute[M],mute[M]>,5<mute[M],mute[M]>,5<mute[M],mute[M]>,5<mute[M],mute[M]>,5<mute[M],mute[M]>,5<mute[M],mute[M]>,mute[L],mute[L],mute[L],mute[L],mute[L],mute[L],mute[L],mute[L],mute[L],mute[L],mute[L],mute[L],mute[L],mute[L],mute[L],mute[L],mute[L],mute[L],mute[L],mute[L],mute[L],mute[L],mute[L],mute[L],mute[L],mute[L],mute[L],mute[L],mute[L],mute[L],mute[L],mute[L],mute[L],mute[L],mute[L],mute[L],mute[L],mute[L],mute[L],mute[L],mute[L],mute[L],mute[L],mute[L],mute[L],mute[L],mute[L],mute[L],mute[L],mute[L],mute[L],mute[L],mute[L],mute[L],mute[K],mute[K],mute[K],mute[K],mute[K],mute[K],mute[K],mute[K],mute[K],mute[J],mute[K],mute[K],mute[K],mute[L],mute[L],mute[K],mute[K],mute[L],mute[L],mute[K],mute[K],mute[K],mute[K],mute[K],mute[K],mute[K],mute[K],mute[K],mute[K],mute[K],mute[K],mute[K],mute[K],mute[K];","(B-1.e.b.b1)[K],(#G-1.#g.c1.#g1.c2)[K],(c.c1.#d1.#d2)[K],(#d.#f)[L],(#f1.#f2)[L],(B-2.#f1.b1.#f2)[N],B-1[N],a[LM],(#f.#d1.#d2)[K],(#F-1.#d)[L],(b.b1)[L],(#D-1.#d.b.b1)[K],(#f.#d1.#d2)[K],(#F-1.#d.#f1.b1.#f2)[K],(E-1.e.e1.e2)[K],#g[K],(B-1.e.b.b1)[K],(E-1.e.e1.e2~mute~#g1~mute~b1~#f2~mute~mute)[L],(#g~e2~mute)[L],(b.#d2~e2)[L],(#g.#c2~#d2)[L],(e.b1~#c2)[L],(B-1.a1~b1)[L],(B-2.B-1.#f1.#f2~mute~b1~mute~#d2~#g2~mute~mute)[L],(#f~#f2~mute)[L],(b.e2~#f2)[L],(#f.#d2~e2)[L],(#d.#c2~#d2)[L],(B-1.b1~#c2)[L],(e.E-1.B-1.#g1~b1~e2~mute)[L],#g[L],(b.e)[L],(a.a1)[L],(#g.#g1)[L],(#f.#f1)[L],(#d.#D-1.c.a1)[L],#g[L],(c1.#d.#g1)[L],a[L],(#g.#g1)[L],(#f.#f1)[L],(#c.#C-1.#G-1.e1)[L],e[L],(#g.#c)[L],#f[L],(e.#g1)[L],(#d.g1)[L],(#d.#D-1.#G-1.#g1)[L],#f[L],(c1.#d)[L],(a.#f1)[L],(#g.#g1)[L],(#f.a1)[L],(B-1.B-2.#F-1.b1)[L],#d[L],(#f.B-1.b)[L],a[L],(#f.#c1)[L],(#d.#d1)[L],(e.E-1.B-1.e1)[L],#g[L],(b.e)[L],(a.a1)[L],(#g.#g1)[L],(#f.#f1)[L],(#d.#D-1.c.c2)[L],(#g.a1)[L],(c1.#d.#g1)[L],a[L],(#g.a1)[L],(#f.#f1)[L],(#c.#C-1.#G-1.e1)[L],e[L],(#g.#c.e1)[L],#f[L],(e.#d1)[L],(#d.e1)[L],(B-1.B-2.#F-1.e1)[LO],(#d.#d1)[LO],(#f.B-1.#g1)[LO],(a.#d2)[LO],(#f.#c2)[LN],(#d.#d1)[LN],(E-1.e.e1.e2)[K],#g[K],(B-1.e.b.b1)[K],(#D-1.#d.#c1.#c2)[K],(#f.#d1.#d2)[K],(#F-1.#d)[K],(B-2.B-1.b.b1)[K],(#f.#d1.#d2)[K],(#F-1.#d.#f.#f1)[K],(E-1.e.#g.#g1)[J],(B-1.e.b.b1)[K],(#G-1.#g.c1.#g1.c2)[K],(c.c1.#d1.#d2)[K],(#d.#f)[L],(#f1.#f2)[L],(B-2.#f1.b1.#f2)[N],B-1[N],a[LM],(#f.#d1.#d2)[K],(#F-1.#d)[L],(b.b1)[L],(#D-1.#d.b.b1)[K],(#f.#d1.#d2)[K],(#F-1.#d.#f1.b1.#f2)[K],(E-1.e.e1.e2)[K],#g[K],(B-1.e.b.b1)[K],(E-1.e.e1.e2)[K],#g[K],(B-1.e.b.b1)[K],(#c.b.#c1.f1.b1)[K],(#g.#g1.f2)[K],(f.#c1.f1.#c2)[K],(#c.#a.#c1.e1.#a1.#c2)[K],(#f.e1.#f1.e2)[K],(#A-1.#f.#c1.#c2)[K];"]},{"id":3,"baseBeats":0.5,"scores":["mute[L],mute[L],mute[L],mute[L],mute[L],mute[L],mute[L],mute[L],mute[L],mute[L],mute[L],mute[L],mute[L],mute[L],mute[L],mute[L],mute[L],mute[L],mute[J],mute[L],mute[L],mute[L],mute[L],mute[L],mute[L],mute[L],mute[L],mute[L],mute[L],mute[L],mute[L],mute[L],mute[L],mute[L],mute[L],mute[L],mute[L],mute[L],mute[L],mute[K],mute[K],mute[K],mute[L],mute[L],mute[L],mute[L],mute[L],mute[L],mute[L],mute[L],mute[L],mute[L],mute[L],mute[L],mute[L],mute[L],mute[L],mute[L],mute[L],mute[L],mute[J],mute[L],mute[L],mute[L],mute[L],mute[L],mute[L],mute[L],mute[L],mute[L],mute[L],mute[L],mute[L],mute[L],mute[L],mute[K],mute[L],mute[L],mute[K],mute[K],mute[K],mute[K],mute[K],mute[K],mute[K],mute[K],mute[K],mute[K],mute[K],mute[K],mute[K],mute[K],mute[K],mute[K],mute[K],mute[K],mute[K],mute[IM];","(B-2.B-1.#f.b.b1)[L],#f1[L],(#d.#f.#f1)[L],f1[L],(#F-1.B-1.#f.#f1)[L],#a1[L],(#A-2.#A-1.e.#g.#g1)[L],e1[L],(#c.e.#a.#a1.e1)[L],#d1[L],(#C-1.#A-1.e1)[L],#g1[L],(#F-2.#F-1.#f.#f1)[L],#d1[L],(#c.#a.#a1.#d1)[L],d1[L],(#C-1.#A-1.#c.#c1.#d1)[L],#f1[L],(B-2.B-1.#d.#d1)[J],(#F-1.B-1.#f.#f1)[L],#d1[L],(#D-1.#d.g.g1.#d1)[L],d1[L],(G-1.g.#a.#a1.#d1)[L],e1[L],(#A-1.#c.g1)[L],(#c1.#c2.#a1)[L],(#F-2.#c1.#f1.#a1.#c2)[N],#F-1[N],e[M],#a1[L],(#c.#a.#a1.#g1)[L],#f1[L],(#C-1.#A-1.e1)[L],(#f.#f1.#d1)[L],(#A-2.#A-1.#f.#f1.e1)[L],#d1[L],(#c.#a.#a1.#c1)[L],#d1[L],(#C-1.#A-1.#c1.#c2.#f1)[L],e1[L],(B-2.B-1.b.b1.#d1)[K],#d[K],(#F-1.B-1.#f.#f1.#c1)[K],(B-2.B-1.#f.b.b1)[L],#f1[L],(#d.#f.#f1)[L],f1[L],(#F-1.B-1.#f.#f1)[L],#a1[L],(#A-2.#A-1.e.#g.#g1)[L],e1[L],(#c.e.#a.#a1.e1)[L],#d1[L],(#C-1.#A-1.e1)[L],#g1[L],(#F-2.#F-1.#f.#f1)[L],#d1[L],(#c.#a.#a1.#d1)[L],d1[L],(#C-1.#A-1.#c.#c1.#d1)[L],#f1[L],(B-2.B-1.#d.#d1)[J],(#F-1.B-1.#f.#f1)[L],g1[L],(#G-2.#G-1.#g.#g1.#d1)[L],e1[L],(#d.b.b1.#d1)[L],d1[L],(#D-1.B-1.g.g1.#d1)[L],e1[L],(#C-1.#c.#a.#a1.#f1)[L],e1[L],(e.#g.#g1.#d1)[L],e1[L],(#G-1.#c.e.e1.#d1)[L],#c1[L],(#D-1.#d.g.g1.b)[K],(#c.#a.#a1.#c1)[L],b[L],(G-1.#A-1.#a.b1)[N],#c1[N],#d1[N],b1[N],#a1[L],(#G-2.#G-1.b.#g1)[K],(#d.b.g1)[K],(#D-1.B-1.b.#d1)[K],(#G-2.#G-1.#g.b)[K],#d[K],(#D-1.#A-1.#a.#d1.g1)[K],(#c.#a.#c1.e1.#a1.#c2)[K],(#f.e1.#f1.e2)[K],(#A-1.#f.#c1.#c2)[K],(#c.b.#c1.f1.b1)[K],(#g.#g1.f2)[K],(f.b.#c1.#c2)[K],(#D-1.#d.b.b1)[K],(#f.#d1.#d2)[K],(#F-1.#d.#f1.b1.#f2)[K],(E-1.e.e1.e2)[K],(#g.b1.b2)[K],(B-1.e.e1.#g1.b1)[K],(E-2.E-1)[IM];"]}]}