{"baseBpm":103,"musics":[{"bpm":103,"baseBeats":0.5,"scores":["d2[L],U,#d2[L],U,g1[L],#f1[L],U,#d2[L];d2[L],c2[L],#a1[L],a1[L],(#a1.g2)[L],c2[L],(#a1.#a2)[L],a1[L];(g1.d2)[L],(a1.#c2)[L],#a1[L],(#c1.#a2)[L],(d1.a2)[L],(e1.g2)[L],(d1.f2)[L],(#c1.e2)[L];5<(d1.f2)[M],d2[M]>,5<(f1.a1)[M],d2[M]>,5<(#g1.f2)[M],b1[M]>,(b.#g2)[L],(c1.g2)[L],(d1.f2)[L],(c1.#d2)[L],(#a.d2)[L];(c1.#d2)[L],c2[L],(#a1.d2)[L],a1[L],g1[L],5<c2[M],#a1[M]>,c2[L],a1[L];#f1[L],5<#a1[M],a1[M]>,5<#a1[M],d1[M]>,5<g1[M],f1[M]>,#d1[L],d1[L],(c1.a1)[L],(#a.g1)[L];(a.#f1)[L],d1[L],g1[L],5<c1[M],#a[M]>,(c1.a1)[L],5<d1[M],#d1[M]>,5<(d1.#f1)[M],c1[M]>,5<#a[M],a[M]>;(#a.g1)[L],U,(c1.a1)[L],U,d1[L],5<#a[M],a[M]>,#a[L],d1[L];g1[L],b[L],(c1.a1)[L],(d1.b1)[L],5<(#d1.c2)[M],c1[M]>,5<g[M],c1[M]>,5<#d1[M],c1[M]>,(g1.#a1)[L];(f1.a1)[L],g2[L],(g1.f2)[L],(a1.#d2)[L],(#a1.d2)[L],c2[L],#a1[L],(#g1.f2)[L];(g1.#a1)[L],U,(c2.#d2)[L],U,f1[L],5<#a1[M],a1[M]>,(#a1.d2)[L],g2[L];5<(a1.c2)[M],V>,5<V,V>,U,(c2.#d2)[L],(#a1.d2)[L],(d2.#a2)[L],(c2.a2)[L],(#a1.g2)[L];5<(a1.f2)[M],V>,5<V,V>,U,(c2.#d2)[L],(#a1.d2)[L],(d2.f2)[L],(c2.#d2)[L],(#a1.d2)[L];","G-1[L],g[L],#f[L],g[L],a[L],#a[L],c1[L],a[L];#a[L],c1[L],d1[L],d[L],g[L],a[L],g[L],f[L];e[L],f[L],g[L],e[L],f[L],g[L],a[K];d[K],U,d[L],#d[L],f[L],g[K];c[K],d[K],#d[L],#d1[L],d1[L],c1[L];d[L],d1[L],c1[L],#a[L],c[L],d[L],#d[L],c[L];d[K],#d[K],G-1[L],#F-1[L],U,#d[L];d[L],c[L],#A-1[L],A-1[L],#A-1[L],d[L],g[L],f[L];#d[L],f[L],#d[L],d[L],c[KL],d[L];#d[L],#d1[L],d1[L],c1[L],#a[M],f[M],d[M],f[M],#a[M],f[M],d1[L];U,c1[L],#a[L],a[L],#a[L],c1[L],d1[L],#d1[L];f1[M],c1[M],a[M],c1[M],f1[K],V,d1[M],#a[M],d1[M],f1[K];V,c1[M],a[M],c1[M],f1[K],V,d1[M],#a[M],d1[M],f1[K];"],"id":1},{"bpm":105,"baseBeats":0.5,"scores":["(a1.c2)[L],(f1.a1)[L],(g1.#a1)[L],(a1.c2)[L],5<(#a1.d2)[M],#g1[M]>,5<g1[M],f1[M]>,5<g1[M],c2[M]>,5<d2[M],#d2[M]>;(f1.a1)[L],(a1.g2)[L],(#a1.f2)[L],(c2.#d2)[L],d2[L],#a1[L],c2[L],a1[L];#a1[L],f1[L],d1[L],#g1[L],(#d1.g1)[L],(g1.#a1)[L],(f1.#g1)[L],(#d1.g1)[L];5<(d1.f1)[M],V>,5<V,V>,U,(#g1.d2)[L],(g1.#d2)[L],(#a1.g2)[L],(#g1.f2)[L],(g1.#d2)[L];(f1.d2)[L],#g1[L],g1[L],f1[L],#d1[L],g1[L],c2[L],#d1[L];d1[L],5<(e1.#a1)[M],(#f1.a1)[M]>,(g1.#a1)[L],5<V,(a1.c2)[M]>,5<(#f1.a1)[M],V>,5<V,V>,U,(a1.c2)[L];(g1.#a1)[L],(#a1.g2)[L],(a1.#f2)[L],(#a1.g2)[L],5<(c2.a2)[M],V>,5<V,V>,U,(a1.#f2)[L];(#a1.g2)[L],(d2.#a2)[L],(c2.a2)[L],(#a1.g2)[L],(a1.#f2)[L],#d2[L],(d2.g2)[L],(c2.a2)[L];(#a1.d2)[L],U,g2[L],#a1[L],a1[L],(g1.#c2)[L],(f1.d2)[L],5<g1[M],e1[M]>;f1[L],g1[L],(e1.#c2)[L],U,(d1.d2)[L],U,U,U;d2[L],U,#d2[L],U,#f1[L],U,U,#d2[L];d2[L],c2[L],#a1[L],a1[L],#a1[L],5<a1[M],g1[M]>,a1[L],b1[L];(c2.g2)[L],#d2[L],(d2.#g2)[L],c2[L],d2[L],b1[L],d2[L],#g2[L];","U,#d1[L],d1[L],c1[L],#a[L],#d[L],#d1[K];U,d1[M],c1[M],d1[L],#d1[L],f1[K],f[K];#a[M],f[M],d[M],f[M],#a[K],V,g[M],#d[M],g[M],#a[K];V,f[M],d[M],f[M],#a[K],V,g[M],#d[M],g[M],#a[K];T,b[K],c1[L],#a[L],a[L],g[L];#f[L],d[L],g[L],c1[L],d1[M],a[M],#f[M],a[M],d1[K];V,#a[M],g[M],#a[M],d1[K],V,a[M],#f[M],a[M],d1[K];V,#a[M],g[M],#a[M],d1[K],U,c1[L],#a[L],a[L];g[L],f[L],e[L],d[L],#c[L],a[L],#a[L],g[L];a[L],g[L],a[L],A-1[L],d[L],c[L],#A-1[L],A-1[L];G-1[L],g[L],#f[L],g[L],a[L],#a[L],c1[L],a[L];#a[L],c1[L],d1[L],d[L],g[L],f[L],#d[L],d[L];#d[L],c[L],f[K],U,#g[L],g[L],f[L];"],"id":2},{"bpm":107,"baseBeats":0.5,"scores":["g2[L],(c2.f2)[L],#d2[L],(b1.d2)[L],5<(c2.#d2)[M],V>,5<V,V>,U,(#g1.f2)[L];(g1.#d2)[L],(f1.d2)[L],(#d1.c2)[L],(d1.b1)[L],(#d1.c2)[L],g1[L],c2[L],#a1[L];a1[L],c1[L],f1[L],#d1[L],d1[L],f1[L],#a1[L],a1[L];g1[L],#a[L],#d1[L],d1[L],c1[L],5<a1[M],#a1[M]>,a1[L],5<#a1[M],c2[M]>;#f1[L],(#a.g1)[L],(c1.a1)[L],(d1.#a1)[L],(#d1.c2)[L],d1[L],(g1.#a1)[L],c2[L];d2[L],#f1[L],c2[L],U,U,#a1[L],(a1.#d2)[L],g1[L];d2[L],#f1[L],#d2[K],(g1.d2)[L],(#f1.c2)[L],#a1[L],(a1.#d2)[L];(#a1.d2)[L],(a1.c2)[L],(g1.#a1)[L],(#f1.a1)[L],(g1.#a1)[L],d2[L],g2[L],f2[L];(#a1.#d2)[L],d2[L],(a1.c2)[L],g1[L],#f1[L],5<d1[M],d2[M]>,(g1.#a1)[L],a1[L];(g1.#a1)[L],(a1.c2)[L],(#f1.a1)[L],g1[L],g1[L],5<V,V>,U,(f1.b1)[L];(#d1.c2)[L],(g1.#d2)[L],(f1.d2)[L],(#d1.c2)[L],(d1.b1)[K],U,(b1.d2)[L];(c2.#d2)[L],(#d2.g2)[L],(d2.f2)[L],(c2.#d2)[L],(b1.d2)[L],g2[L],(#a1.#c2)[L],d2[L];e2[L],5<a1[M],g1[M]>,f1[L],5<(g1.d2)[M],#c2[M]>,(a1.d2)[L],a1[L],#a1[L],5<(d1.a1)[M],#c1[M]>;d1[L],5<(e1.d2)[M],#c2[M]>,(f1.d2)[L],(g1.e2)[L],(a1.#c2)[J];","#d[L],#g[L],f[L],g[L],c1[M],g[M],#d[M],g[M],c1[K];V,g[M],#d[M],g[M],c1[K],U,#a[L],a[L],g[L];f[L],#d[L],d[L],c[L],#A-1[L],c[L],d[L],#A-1[L];#d[L],f[L],g[L],#d[L],a[L],g[L],#f[L],e[L];d[K],#d[K],G-1[L],#F-1[L],U,#d[L];d[L],c[L],#A-1[L],A-1[L],#A-1[L],G-1[L],c[K];V,#A-1[M],A-1[M],c[M],#A-1[M],A-1[M],G-1[M],A-1[M],#A-1[M],c[M],d[M],#d[M],d[M],g[M],#f[M],a[M];#A-1[L],c[L],d[L],D-1[L],G-1[L],F-1[L],#D-1[L],D-1[L];C-1[L],D-1[L],#D-1[L],C-1[L],D-1[L],#A-1[L],#d[L],c[L];d[L],c[L],d[L],D-1[L],G-1[L],#A-1[M],d[M],g[K];V,#d[M],c[M],#d[M],g[K],V,d[M],B-1[M],d[M],g[K];V,#d[M],c[M],#d[M],g[K],V,a[M],g[M],f[M],e[M],f[M],g[M],e[M];#c[M],A-1[M],B-1[M],#c[M],d[M],f[M],e[M],g[M],f[M],g[M],a[M],f[M],d[M],e[M],f[M],d[M];#A-1[J],A-1[J];"],"id":3}],"audition":{"start":[0,0],"end":[0,15]}}