{"baseBpm":96.5,"musics":[{"bpm":96.5,"baseBeats":0.25,"scores":["TW,VW,TU,TU,TW,VW,TU,TU,T,5<V>,VW,VW,V,V,TUW,VW,TW,VW,TU,TU,TW,VW,TU,TU,TW,VW,TU,TU,TW,VW,TU,TU,TW,VW,TU,TU,UV,VW,VW,UV,UV,UV,UV,UV,VW,VW,UV,UV,UV,UV,VW,VW,VW,VW,UV,UV,UV,UV,VW,VW,VW,VW,UV,UV,UV,VW,VW,UV,VW,VW,UV,UV,UV,VW,VW,UV,VW,VW,UV,VW,VW,UV,VW,VW,UV,VW,VW,UV,VW,VW,UV,VW,VW,UV,VW,VW,TU,TU,TU,TU,TU,TU,TU,TW,VW,TW,VW,TU,TU,TU,TU,TU,UVW,5<V>,VW,TU,TU,TU,TU,TU,TW,VW,TU,TU,TW,VW,TU,TU,TW,VW,V,V,V,V,U,UVW,5<V>,VW,TW,VW,TU,TV,5<V>,VW,VW,VW,VW,TVW,TVW,5<V>,VW,VW,VW,VW,TU,TU,TW,VW,TU,TU,TV,V,TUVW,SVW,V,VW,VW,VW,VW,VW,VW,VW,VW,VW,VW,VW,VW,TW,VW,TU,TV,5<V>,VW,VW,VW,VW,VW,VW,VW,VW,VW,VW,VW,VW,TW,VW,TU,TV,V,VW,VW,VW,VW,VW,VW,VW,VW,VW,VW,VW,VW,UV,UV,VW,VW,VW,VW,VW,VW,VW,VW,UV,UV,VW,VW,VW,VW,VW,VW,VW,VW,VW,VW,VW,VW,TU,TV,V,VW,VW,VW,VW,VW,VW,VW,VW,VW,VW,VW,VW,VW,VW,VW,VW,TU,TV,V,VW,VW,VW,VW,VW,VW,VW,VW,VW,VW,VW,VW,VW,VW,VW,VW,TU,TV,V,VW,VW,VW,VW,VW,VW,VW,VW,VW,VW,VW,VW,VW,VW,VW,VW,VW,VW,VW,VW,VW,VW,VW,VW,VW,VW,VW,VW,VW,VW,VW,VW,TU,TU,VW,VW,VW,VW,UV,UV,UV,UV,V,U,V,U,V,U,V,U,V,U,V,U,TU,VW,VW,VW,VW,TW,VW,TU,TU,TW,VW,TU,TU,TW,VW,UV,UV,UV,UV,UV,VW,VW,UV,UV,UV,UV,UV,VW,VW,UV,UV,UV,UV,UV,VW,U,VW,V,V,V,V,UV,VW,VW,UV,VW,VW,UV,UV,UV,UV,UV,VW,VW,UV,UV,UV,UV,UV,VW,VW,UV,UV,UV,UV,UV,VW,VW,UV,UV,UV,UV,UV,VW,VW,UV,UV,UV,UV,UV,VW,VW,UV,UV,UV,UV,UV,VW,VW,UV,UV,UV,UV,VW,VW,VW,VW,UV,UV,UV,UV,VW,VW,VW,VW,UV,UV,UV,VW,VW,UV,VW,VW,UV,UV,UV,VW,VW,UV,VW,VW,UV,VW,VW,UV,VW,VW,UV,VW,VW,UV,VW,VW,UV,VW,VW,UV,VW,VW,TU,TU,TU,UV,UV,UV,UV,UV,UV,UV,UV,UV,VW,VW,UV,VW,VW,UV,UV,UV,UV,UV,UV,UV,UV,UV,UV,UV,V,U,UV,UV,UV,UV,UV,UV,UV,UV,UV,UV,UV,VW,VW,UV,UV,UV,UV,UV,VW,VW,UV,UV,UV,UV,UV,VW,VW,V,V,VW,V,VW,UV,U,V,UV,VW,VW,UV,UV,UV,U,V,VW,VW,VW,VW,VW,VW,VW,VW,VW,VW,V,V,V,VW,VW,VW,VW,VW,VW,VW,VW,VW,VW,V,V,V,VW,VW,VW,VW,VW,VW,VW,VW,VW,VW,VW,VW,VW,VW,VW,VW,TU,TW,VW,TW,VW,UV,VW,VW,UV,VW,VW,UV,VW,VW,UV,VW,VW,UV,VW,VW,UV,VW,VW,UV,VW,VW,UV,VW,VW,UV,VW,VW,UV,VW,VW,VW,VW,VW,VW,VW,VW,VW,VW,VW,VW,VW,VW,VW,VW,VW,VW,VW,VW,VW,VW,VW,VW,VW,VW,VW,VW,VW,VW,VW,VW,VW,VW,VW,VW,","(c2.f1.c1.a)[KN],d2[MN],(c2.g1.c1.e)[KL],#a1[KL],(a1.c1.a.f)[KN],#a1[MN],(a1.e1.a.#c)[KL],g1[KL],(f1.d1.a.d)[KN],(d1.a.c)[N],#f1[M],(d1.#a.#A-1)[N],g1[M],a1[N],g1[M],#f1[M],g1[KLN],(a1.#f1.c1.a.A-1)[M],c2[N],(#a1.g1.d1.g.G-1)[KN],(g1.d1.#a.#A-1)[MN],(f1.c1.a.c)[KL],(e1.g.C-1)[KL],(c2.f1.c1.a)[KN],d2[MN],(c2.g1.c1.e)[KL],#a1[KL],(a1.c1.a.f)[KN],#a1[MN],(a1.e1.a.#c)[KL],g1[KL],(f1.d1.a.d)[KN],(g1.d1.#a.#A-1)[MN],(a1.f1.c1.c)[KL],C-1[KL],(#a1.e1.#a.C-1)[KN],g1[MN],(f1.a.F-1)[KL],F-2[KL],(c2.a.f)[LM],c1[MN],a1[MN],(#a1.#a.g)[LM],c1[LM],(g1.c)[LM],c1[LM],(g2.e1.#a)[LM],c1[MN],e2[MN],(f2.f1.a)[LM],c1[LM],(c2.c1)[LM],c1[LM],(c2.a.f)[MN],a1[MN],(c2.c1)[MN],a1[MN],(#a1.#a.g)[LM],c1[LM],(g1.c)[LM],c1[LM],(g2.e1.#a)[MN],e2[MN],(g2.c1)[MN],e2[MN],(a.f2.f1.c1)[LM],c1[LM],(c2.c1)[LM],(g2.g1.c1.#a)[MN],e2[MN],(f2.f1.c1.a)[LM],(g2.g1.c1.#a)[MN],e2[MN],(f1.f2.c1.a)[LM],c1[LM],(c2.c1)[LM],(g2.g1.c1.#a)[MN],e2[MN],(f2.f1.c1.a)[LM],(g2.g1.c1.#a)[MN],e2[MN],(f2.f1.c1.a)[LM],(g2.g1.c1.#a)[MN],e2[MN],(f2.f1.c1.a)[LM],(g2.g1.c1.#a)[MN],e2[MN],(f2.f1.c1.a)[LM],(g2.g1.c1.#a)[MN],e2[MN],(f2.f1.c1.a)[LM],g2[MN],e2[MN],f2[LM],g2[MN],e2[MN],f2[LM],g2[MN],e2[MN],f2[KL],f2[KL],f2[KL],(f2.#c2.#C-1)[KL],#C-1[KL],(#d2.#g1.#C-1)[KL],(#c2.f1.#C-1)[KL],#C-1[KN],(#d2.#g1)[MN],(#c2.f1.#C-1)[KN],(#d2.#g1)[MN],(f2.#c2.#C-1)[KL],(f2.#c2.#C-1)[KL],(#d2.#g1.#C-1)[KL],(#c2.f1.#C-1)[KL],#C-1[KL],(#c1.#c.#C-1)[K],c1[N],c[M],c1[N],(b.f.B-1.#C-1)[KL],(b.f.B-1.#C-1)[KL],(b.f.B-1.#C-1)[KL],(c1.e.C-1)[KL],c[KL],(c2.f1.A-1)[KN],d2[MN],(c2.g1.E-1)[KL],#a1[KL],(a1.f1.c.F-1)[KN],#a1[MN],(a1.f1.C-1)[KL],(g1.e1.#a.#c.#C-1)[KL],(f1.d1.a.d.D-1)[KN],(#f1.d1.a.c.C-1)[MN],(d1.#A-1.#A-2)[M],g1[M],a1[M],g1[M],#f1[L],g1[K],(A-1.A-2)[N],(a1.#f1.c1)[MN],(c2.g1.d1.G-1.G-2.#a1)[KN],(g1.d1.#a.#A-1.#A-2)[MN],(f1.c1.a.C-1.c)[KL],(e1.g.C-1)[KMN],d2[N],(c2.f1.a.c.A-1)[MN],b1[MN],c2[MN],d2[MN],(c2.g1.e.c.E-1)[KMN],#a1[KL],#a1[N],(c1.f.c.F-1.a1)[MN],#g1[MN],a1[MN],#a1[MN],(a1.e1.#c.A-1.#C-1)[KL],g1[KL],(f1.d1.a.d.D-1)[KN],(g1.d1.#a.#A-1.#A-2)[MN],(a1.f1.c1.c.C-1)[KL],C-1[KL],(#a1.e1.#a.c.C-1)[KM],g1[M],(f1.a.F-1)[KLMN],F-2[JMN],d[M],c[MN],B-1[MN],c[MN],d[MN],c[MN],a[MN],c1[MN],f1[MN],a1[MN],c2[MN],f2[MN],g2[MN],(a2.F-1)[KN],a[MN],(c1.e.G-1)[KL],(#a.C-1)[KMN],d[N],c[MN],B-1[MN],c[MN],d[MN],c[MN],#a[MN],e1[MN],g1[MN],#a1[MN],e2[MN],g2[MN],a2[MN],(#a2.G-1)[KN],#a[MN],(d1.f.A-1)[KL],(c1.C-1)[KM],d[M],c[MN],B-1[MN],c[MN],d[MN],c[MN],f1[MN],a1[MN],c2[MN],(f2.A-1)[MN],a2[MN],c3[MN],f3[MN],G-1[LM],e3[LM],c[MN],d1[MN],f1[MN],a1[MN],(d2.F-1)[MN],f2[MN],a2[MN],d3[MN],E-1[LM],c3[LM],F-1[MN],b2[MN],#c[MN],a2[MN],d[MN],g2[MN],e[MN],f2[MN],f[MN],e2[MN],(#f.#F-1)[MN],d2[MN],(c2.e1.g.G-1)[KL],(b1.d1)[KM],a1[M],g1[MN],#f1[MN],g1[MN],a1[MN],g1[MN],(b1.#d1)[MN],(d2.f1)[MN],(c2.e1)[MN],(e2.c1)[MN],(d2.b)[MN],(f2.d1)[MN],(e2.c1)[MN],(g2.g1.e1)[MN],(#f2.#d1)[MN],(g2.e1)[MN],(e2.c1)[MN],(#c2.g1.#a)[KL],(d2.b)[KM],a1[M],g1[MN],#f1[MN],g1[MN],a1[MN],g1[MN],(#c2.e1)[MN],(e2.g1)[MN],(d2.f1)[MN],(f2.d1)[MN],(e2.#c1)[MN],(g2.e1)[MN],(f2.d1)[MN],(a2.g1.f1)[MN],(#g2.e1)[MN],(a2.f1)[MN],(f2.d1)[MN],(#d2.g1.b)[KL],(e2.c1)[KM],f2[M],e2[MN],d2[MN],e2[MN],f2[MN],(g2.C-1)[MN],(e1.c1)[MN],(f1.d1)[MN],(g1.e1)[MN],(a1.f1)[MN],(b1.g1)[MN],(c2.a1)[MN],(d2.b1)[MN],(e2.c2)[MN],(e2.c2.c)[MN],(f2.d2.B-1)[MN],(g2.e2.A-1)[MN],(a2.f2.G-1)[MN],(b2.g2.F-1)[MN],(c3.a2.E-1)[MN],(d3.b2.D-1)[MN],(e3.c3.C-1)[MN],(d3.b2.D-1)[MN],(c3.a2.E-1)[MN],(b2.g2.F-1)[MN],(a2.f2.G-1)[MN],(g2.e2.A-1)[MN],(f2.d2.B-1)[MN],(e2.c2.c)[MN],(g2.#a1.#c.F-1)[MN],(f2.a1.d)[MN],(e2.g1.e)[MN],(d2.f1.f)[MN],(c2.e1.g.G-1)[KL],(b1.f1.d1.#g.#G-1)[KL],(d2.a.A-1)[MN],c2[MN],(b1.c1.a)[MN],a1[MN],(g1.d1.b)[LM],(f1.g)[LM],c1[LM],(e1.c)[LM],(a.f)[M],d1[L],#c1[M],d1[L],e1[M],f1[L],#g1[M],a1[L],(g1.d.A-1.F-1)[M],f1[L],e1[M],d1[L],(c1.g.e)[KL],(d1.G-1)[MN],c1[MN],b[MN],c1[MN],(d1.G-1.G-2)[KN],b[MN],(c1.g.e.C-1)[KL],c[KL],(c2.#g1.f1)[KN],#c2[MN],(c2.g1.e1.C-1)[KL],(#a1.c)[KL],(#g1.f1.c1)[KN],#a1[MN],(#g1.e1.c1)[LM],c1[LM],(g1.b)[LM],#a[LM],(c2.a)[LM],#f[MN],d2[MN],(c2.g)[LM],#f[LM],(#a1.g)[LM],e[LM],(a1.f)[LM],d[MN],#a1[MN],(a1.e)[LM],d[LM],(g1.e)[LM],#c[LM],(f1.d)[LM],c[MN],#f1[MN],#A-1[N],g1[MN],a1[M],(g1.d)[M],#f1[M],g1[M],#A-1[LM],#F-1[MN],a1[M],c2[N],(#a1.G-1)[LM],#A-1[MN],g1[MN],(f1.c)[LM],C-1[LM],(e1.c)[LM],#A-1[LM],(c2.c1.A-1)[LM],#F-1[MN],(d2.d1)[MN],(c2.c1.G-1)[LM],#F-1[LM],(#a1.#a.G-1)[LM],E-1[LM],(a1.a.F-1)[LM],D-1[MN],(#a1.#a)[MN],(a1.a.E-1)[LM],D-1[LM],(g1.g.E-1)[LM],#C-1[LM],(f1.f.D-1)[LM],#A-2[MN],(g1.g)[MN],(a1.f1.c1.a.C-1)[LM],F-1[LM],A-1[LM],c[LM],(#a1.e1.#a.C-1)[LM],c[MN],g1[MN],(f1.a.F-1)[LM],c1[LM],a[LM],f[LM],(c2.c)[LM],c1[MN],a1[MN],(#a1.c)[LM],c1[LM],(g1.#a)[LM],g[LM],(g2.c)[LM],c1[MN],e2[MN],(f2.c)[LM],c1[LM],(c2.a)[LM],f[LM],(c2.c)[MN],a1[MN],(c2.c1)[MN],a1[MN],(#a1.c)[LM],c1[LM],(g1.#a)[LM],g[LM],(g2.c)[MN],e2[MN],(g2.c1.#a)[MN],e2[MN],(f2.c1.a)[LM],f1[LM],(c2.c1)[LM],(g2.g1.c1.#a)[MN],e2[MN],(f2.f1.c1.a)[LM],(g2.g1.c1.#a)[MN],e2[MN],(f2.c1.a)[LM],f1[LM],(c2.c1)[LM],(g2.g1.c1.#a)[MN],e2[MN],(f2.f1.c1.a)[LM],(g2.g1.c1.#a)[MN],e2[MN],(f2.f1.c1.a)[LM],(g2.g1.c1.#a)[MN],e2[MN],(f2.f1.c1.a)[LM],(g2.g1.c1.#a)[MN],e2[MN],(f2.f1.c1.a)[LM],(g2.g1.c1.#a)[MN],e2[MN],(f2.f1.c1.a)[LM],g2[MN],e2[MN],f2[LM],g2[MN],e2[MN],f2[LM],g2[MN],e2[MN],f2[KL],f2[KL],f2[KL],(f2.#c2.#C-1)[LM],#G-1[LM],#c[LM],#G-1[LM],(#d2.#g1.c)[LM],#G-1[LM],(#c2.f1.#C-1)[LM],#G-1[LM],#c[LM],#G-1[MN],(#d2.#g1)[MN],(#c2.f1.#c)[LM],#G-1[MN],(#d2.#g1)[MN],(f2.#c2.#C-1)[LM],#G-1[LM],(f2.#c2.#c)[LM],#G-1[LM],(#d2.#g1.c)[LM],#G-1[LM],(#c2.f1.#C-1)[LM],#G-1[LM],#c[LM],#G-1[LM],(#c1.F-1)[LM],#G-1[M],c1[MN],c1[N],(b.f.F-1.#C-1)[LM],#G-1[LM],(b.f.F-1.#C-1)[LM],#G-1[LM],(b.f.F-1.#C-1)[LM],#G-1[LM],(c1.e.C-1)[LM],c[LM],B-1[LM],#A-1[LM],(c2.A-1)[LM],(d1.#F-1)[MN],d2[MN],(c2.G-1)[LM],(a1.#F-1)[LM],(#a1.g1.G-1)[LM],(c1.E-1)[LM],(a1.f1.F-1)[LM],(#a.D-1)[MN],#a1[MN],(a1.E-1)[LM],(f1.D-1)[LM],(g1.e1.E-1)[LM],(a.#C-1)[LM],(f1.D-1)[LM],(d1.C-1)[MN],#f1[MN],#A-2[M],g1[M],a1[M],D-1[N],g1[M],#f1[MN],(g1.#A-2)[LM],(d1.#F-2)[MN],a1[N],c2[M],(#a1.G-2)[LM],(d1.#A-2)[MN],g1[MN],(f1.c1.a.C-1)[LM],c[LM],(e1.g.B-1)[LM],#A-1[L],d2[M],(c2.A-1)[MN],b1[MN],(c2.#F-1)[MN],d2[MN],(c2.G-1)[MN],a1[MN],(#a1.#F-1)[MN],c2[MN],(e2.G-1)[MN],g2[MN],(#a2.E-1)[M],#a1[M],#a1[M],(a1.A-1.F-1)[MN],#g1[MN],(a1.D-1)[MN],#a1[MN],(a1.E-1)[MN],#f1[MN],(g1.D-1)[MN],a1[MN],(#c2.E-1)[MN],e2[MN],(g2.#C-1)[M],g1[M],g1[M],(f1.D-1)[MN],e1[MN],(f1.#A-1.#A-2)[MN],g1[MN],(a1.C-1)[MN],f1[MN],(c1.F-1)[MN],a[MN],A-1[MN],f1[MN],(c1.c)[MN],a[MN],(#a1.C-1)[MN],e1[MN],(c1.c)[MN],(g1.#a)[MN],(f1.a.F-1)[KL],F-2[KN],f2[MN],f3[KN],f3[MN],(f3.#A-1)[LM],(f1.d1.#a)[MN],#d3[MN],(d3.f1.d1.#a)[LM],(f1.d1.#a)[MN],c3[MN],(#a2.f1.d1.#a)[LM],(f1.d1.#a)[MN],a2[MN],(g2.#A-1)[LM],(g1.#d1.#a)[MN],f2[MN],(#d2.g1.#d1.#a)[LM],(g1.#d1.#a)[MN],d2[MN],(c2.g1.#d1.#a)[LM],(g1.#d1.#a)[MN],#a1[MN],(a1.#A-1)[LM],(f1.#d1.c1.#a)[MN],c3[MN],(a2.f1.#d1.c1.#a)[LM],(f1.#d1.c1.#a)[MN],g2[MN],(f2.f1.#d1.c1.#a)[LM],(f1.#d1.c1.#a)[MN],#d2[MN],(d2.#a.#A-1)[LM],(g1.g)[MN],(a2.a1)[MN],(f1.f)[MN],(#a2.#a1)[MN],(#d1.#d)[MN],(c3.c2)[MN],(d1.d)[MN],(d3.d2)[MN],(c1.c)[MN],(#d3.#d2)[MN],(f3.f2.#a.#A-1)[MN],(f3.f2)[MN],(f1.d1.#a)[MN],(#d3.#d2)[MN],(d3.d2.f1.d1.#a)[MN],(d3.d2)[MN],(f1.d1.#a)[MN],(c3.c2)[MN],(#a2.#a1.f1.d1.#a)[MN],(#a2.#a1)[MN],(d.D-1)[MN],(a2.a1)[MN],(g2.g1.#d.#D-1)[MN],(g2.g1)[MN],(B-1.B-2)[MN],(f2.f1)[MN],(#d2.#d1.c.C-1)[MN],(#d2.#d1)[MN],(d.D-1)[MN],(d2.d1)[MN],(c2.c1.#d.#D-1)[MN],(c2.c1)[MN],(e.E-1)[MN],(#a1.c1)[MN],(f.F-1)[MN],(a1.#d1.c1)[MN],"],"id":1},{"bpm":97,"baseBeats":0.25,"scores":["VW,VW,VW,VW,VW,VW,VW,VW,VW,VW,TU,TW,VW,TW,VW,UV,VW,VW,UV,VW,VW,UV,VW,VW,UV,VW,VW,UV,VW,VW,UV,VW,VW,UV,VW,VW,UV,VW,VW,UV,VW,VW,UV,VW,VW,VW,VW,VW,VW,VW,VW,VW,VW,VW,VW,VW,VW,VW,VW,VW,VW,VW,VW,VW,VW,VW,VW,VW,VW,VW,VW,VW,VW,VW,VW,VW,VW,VW,VW,VW,VW,VW,VW,VW,VW,VW,VW,VW,VW,UV,UV,UV,UV,VW,VW,VW,VW,VW,VW,VW,VW,VW,VW,VW,VW,VW,VW,VW,VW,VW,VW,VW,VW,VW,VW,VW,VW,VW,VW,VW,VW,VW,VW,VW,VW,VW,VW,VW,VW,VW,VW,VW,VW,VW,VW,VW,VW,VW,VW,VW,VW,VW,VW,VW,VW,VW,VW,VW,VW,VW,VW,VW,VW,VW,VW,VW,VW,VW,VW,VW,VW,VW,VW,VW,VW,VW,VW,VW,VW,VW,VW,VW,VW,VW,VW,VW,VW,VW,VW,VW,VW,TU,TU,VW,VW,VW,VW,VW,VW,VW,VW,VW,VW,VW,VW,VW,VW,VW,VW,VW,VW,VW,VW,VW,VW,VW,VW,VW,VW,VW,VW,VW,VW,VW,VW,VW,VW,VW,VW,VW,VW,VW,VW,VW,VW,VW,VW,VW,VW,VW,VW,VW,VW,VW,VW,VW,VW,VW,VW,VW,VW,VW,VW,VW,VW,VW,VW,VW,VW,VW,VW,VW,VW,VW,VW,VW,VW,VW,VW,VW,VW,VW,VW,VW,VW,VW,VW,VW,VW,VW,VW,TU,TU,TW,VW,TU,TU,TW,VW,TU,TU,TW,VW,TU,TU,TU,TU,VW,VW,VW,VW,VW,VW,VW,VW,VW,VW,VW,VW,VW,VW,VW,VW,VW,VW,VW,VW,VW,VW,VW,VW,VW,VW,VW,VW,VW,VW,VW,VW,VW,VW,VW,VW,VW,VW,U,V,VW,VW,VW,VW,VW,VW,VW,VW,VW,VW,VW,VW,VW,VW,VW,VW,VW,VW,VW,VW,VW,VW,VW,VW,VW,VW,VW,VW,VW,VW,VW,VW,VW,VW,VW,VW,VW,VW,VW,VW,VW,VW,VW,VW,VW,VW,VW,VW,VW,VW,VW,VW,VW,VW,VW,VW,VW,VW,VW,VW,VW,VW,VW,VW,VW,VW,VW,VW,VW,VW,VW,VW,VW,VW,VW,VW,VW,VW,VW,VW,VW,VW,VW,VW,VW,VW,VW,VW,VW,VW,VW,VW,VW,VW,VW,VW,VW,VW,VW,VW,VW,VW,VW,VW,VW,VW,VW,VW,VW,VW,VW,VW,VW,VW,VW,VW,VW,VW,VW,VW,VW,VW,VW,VW,VW,VW,VW,VW,VW,VW,VW,VW,VW,VW,VW,VW,UV,VW,VW,UV,VW,VW,UV,VW,VW,TU,TU,TU,VW,VW,VW,VW,VW,VW,VW,VW,VW,VW,VW,VW,VW,VW,VW,VW,VW,VW,VW,VW,VW,VW,VW,VW,VW,VW,VW,VW,VW,VW,VW,VW,VW,VW,VW,VW,VW,VW,VW,VW,VW,VW,VW,VW,VW,VW,VW,VW,VW,VW,VW,VW,VW,VW,VW,VW,VW,VW,VW,VW,VW,VW,VW,VW,VW,VW,VW,VW,VW,VW,VW,VW,VW,VW,VW,VW,VW,VW,VW,VW,VW,VW,VW,VW,VW,VW,VW,VW,VW,VW,VW,VW,VW,VW,VW,VW,V,5<V>,VW,V,VW,VW,VW,VW,VW,VW,VW,VW,VW,VW,VW,VW,VW,VW,VW,VW,VW,VW,VW,VW,VW,VW,VW,VW,VW,VW,VW,U,V,VW,VW,VW,VW,VW,VW,VW,VW,VW,VW,VW,U,VW,V,VW,VW,VW,VW,VW,VW,VW,","F-1[MN],(g1.d1.#a)[MN],F-1[MN],(f1.c1.a)[MN],(F-1.F-2)[MN],(#d1.#a.g)[MN],(F-1.F-2)[MN],(d1.a.f)[MN],(F-1.F-2)[MN],(c1.a.f.#d)[MN],(F-1.#A-2)[KL],(#a.f.d.#A-1)[KN],f2[MN],f3[KN],f3[MN],(f3.#A-1)[LM],(f1.d1.#a)[MN],#d3[MN],(d3.f1.d1.#a)[LM],(f1.d1.#a)[MN],c3[MN],(#a2.f1.d1.#a)[LM],(f1.d1.#a)[MN],a2[MN],(g2.#A-1)[LM],(g1.#d1.#a)[MN],f2[MN],(#d2.g1.#d1.#a)[LM],(g1.#d1.#a)[MN],d2[MN],(c2.g1.#d1.#a)[LM],(g1.#d1.#a)[MN],#a1[MN],(a1.#A-1)[LM],(f1.#d1.c1.#a)[MN],c3[MN],(a2.f1.#d1.c1.#a)[LM],(f1.#d1.c1.#a)[MN],g2[MN],(f2.f1.#d1.c1.#a)[LM],(f1.#d1.c1.#a)[MN],#d2[MN],(d2.#a.#A-1)[LM],(g1.g)[MN],(a2.a1)[MN],(f1.f)[MN],(#a2.#a1)[MN],(#d1.#d)[MN],(c3.c2)[MN],(d1.d)[MN],(d3.d2)[MN],(c1.c)[MN],(#d3.#d2)[MN],(f3.f2.#a.#A-1)[MN],(f3.f2)[MN],(f1.d1.#a)[MN],(#d3.#d2)[MN],(d3.d2.f1.d1.#a)[MN],(d3.d2)[MN],(f1.d1.#a)[MN],(c3.c2)[MN],(#a2.#a1.f1.d1.#a)[MN],(#a2.#a1)[MN],(d.D-1)[MN],(a2.a1)[MN],(g2.g1.#d.#D-1)[MN],(g2.g1)[MN],(B-1.B-2)[MN],(f2.f1)[MN],(#d2.#d1.c.C-1)[MN],(#d2.#d1)[MN],(d.D-1)[MN],(d2.d1)[MN],(c2.c1.#d.#D-1)[MN],(c2.c1)[MN],(e.E-1)[MN],(#a1.c1)[MN],(f.F-1)[MN],(a1.#d1.c1)[MN],F-1[MN],(g1.d1.#a)[MN],F-1[MN],(f1.c1.a)[MN],F-1[MN],(#d1.#a.g)[MN],(F-1.F-2)[MN],(d1.a.f)[MN],(F-1.F-2)[MN],(c1.a.f.#d)[MN],(F-1.F-2.#A-2)[LM],(F-1.#A-2)[LM],(#a.f.d.#A-1)[LM],#A-1[LM],e2[MN],f2[MN],d2[MN],#a1[MN],(a1.c1.f)[MN],c2[MN],#f2[MN],e2[MN],f2[MN],(a1.c1)[MN],(c2.#d1)[MN],(a1.c1)[MN],(#a1.d1)[MN],(d2.f1)[MN],(#a1.d1)[MN],(d2.f1)[MN],(c2.a.f)[MN],#d2[MN],g2[MN],e2[MN],f2[MN],(c2.a)[MN],(#d2.c1)[MN],(c2.a)[MN],(d2.#a)[MN],(#a1.d1)[MN],(d2.#a)[MN],(#a1.d1)[MN],(a1.c1.f)[MN],c2[MN],#f2[MN],e2[MN],f2[MN],(a1.c1)[MN],(c2.#d1)[MN],(a1.c1)[MN],(#a1.d1)[MN],(d2.f1)[MN],(#a1.d1)[MN],(d2.f1)[MN],(b1.d1)[MN],(d2.f1)[MN],(b1.d1)[MN],(d2.f1)[MN],(c2.#d1)[MN],(#d2.f1)[MN],(c2.#d1)[MN],(#d2.f1)[MN],(a1.c1.f)[MN],(f2.#d1)[MN],(f3.c1.f)[MN],(f3.#d1)[MN],(f3.#A-1)[MN],f3[MN],(f1.d1.#a)[MN],(#d3.#d2)[MN],(d3.d2.f1.d1.#a)[MN],(d3.d2)[MN],(f1.d1.#a)[MN],(c3.c2)[MN],(#a2.#a1.f1.d1.#a)[MN],(#a2.#a1)[MN],(d.D-1)[MN],(a2.a1)[MN],(g2.g1.#d.#D-1)[MN],(g2.g1)[MN],(B-1.B-2)[MN],(f2.f1)[MN],(#d2.#d1.c.C-1)[MN],(#d2.#d1)[MN],(d.D-1)[MN],(d2.d1)[MN],(c2.c1.#d.#D-1)[MN],(c2.c1)[MN],(e.E-1)[MN],(#a1.c1)[MN],(f.F-1)[MN],(a1.#d1.c1)[MN],F-1[MN],(g1.d1.#a)[MN],F-1[MN],(f1.c1.a)[MN],(F-1.F-2)[MN],(#d1.#a.g)[MN],(F-1.F-2)[MN],(d1.a.f)[MN],(F-1.F-2)[MN],(c1.f.#d)[MN],(F-1.#A-2)[KL],(#a.f.d.#A-1)[KL],e2[MN],f2[MN],d2[MN],#a1[MN],(a1.c1.f)[MN],c2[MN],#f2[MN],e2[MN],f2[MN],c1[MN],(c2.#d1)[MN],(a1.c1)[MN],(#a1.d1)[MN],(d2.f1)[MN],(#a1.d1)[MN],(d2.f1)[MN],(c2.a.f)[MN],#d2[MN],g2[MN],e2[MN],f2[MN],a[MN],(#d2.c1)[MN],(c2.a)[MN],(d2.#a)[MN],(#a1.d1)[MN],(d2.#a)[MN],(#a1.d1)[MN],(a1.c1.f)[MN],c2[MN],#f2[MN],e2[MN],f2[MN],(a1.c1)[MN],(c2.#d1)[MN],(a1.c1)[MN],(#a1.d1)[MN],(d2.f1)[MN],(#a1.d1)[MN],(d2.f1)[MN],(b1.d1)[MN],(d2.f1)[MN],(b1.d1)[MN],(d2.f1)[MN],(c2.#d1)[MN],(#d2.f1)[MN],(c2.#d1)[MN],(#d2.f1)[MN],(a1.c1.f)[MN],(f2.#d1)[MN],(f3.c1.f)[MN],(f3.#d1)[MN],(f3.f2.#A-1)[MN],(f3.f2)[MN],(f1.d1.#a)[MN],(#d3.#d2)[MN],(d3.d2.f1.d1.#a)[MN],(d3.d2)[MN],(f1.d1.#a)[MN],(c3.c2)[MN],(#a2.#a1.f1.d1.#a)[MN],(#a2.#a1)[MN],(d.D-1)[MN],(a2.a1)[MN],(g2.g1.#d.#D-1)[MN],(g2.g1)[MN],(B-1.B-2)[MN],(f2.f1)[MN],(#d2.#d1.c.C-1)[MN],(#d2.#d1)[MN],(d.D-1)[MN],(d2.d1)[MN],(c2.c1.#d.#D-1)[MN],(c2.c1)[MN],(e.E-1)[MN],(#a1.c1)[MN],(f.F-1)[MN],(a1.#d1.c1)[MN],F-1[MN],(g1.d1.#a)[MN],F-1[MN],(f1.c1.a)[MN],(F-1.F-2)[MN],(#d1.#a.g)[MN],(F-1.F-2)[MN],(d1.a.f)[MN],(F-1.F-2)[MN],(c1.a.f.#d)[MN],(F-1.#A-2)[KL],(#a.f.d.#A-1)[KL],(d2.g1.d1.#a)[KN],#d2[MN],(d2.a1.d1.#f)[KL],c2[KL],(#a.g.d.G-1)[KN],c1[MN],(#a.#f.d.D-1)[KL],a[KL],(d2.g1.d1.#a)[KN],#d2[MN],(d2.a1.d1.#f)[KL],c2[KL],(#a1.g1.d1.g)[KL],(b1.#g1.f)[KL],(c2.g1.e1.e)[MN],c[MN],c1[MN],#a[MN],(c2.a)[MN],g[MN],a[MN],(d2.#f)[MN],(c2.g)[MN],f[MN],e[MN],d[MN],(#a1.e)[MN],c[MN],d[MN],e[MN],(a1.f)[MN],e[MN],f[MN],(#a1.d)[MN],(a1.e)[MN],d[MN],#c[MN],B-1[MN],(g1.#c)[MN],A-1[MN],B-1[MN],#c[MN],(f1.d)[MN],#c[MN],d[MN],(#f1.c)[MN],(g1.#A-1)[MN],(a1.c)[MN],(g1.d)[MN],(#f1.c)[MN],(g1.#A-1)[MN],A-1[MN],G-1[MN],(a1.#F-1)[N],c2[M],(#a1.G-1)[MN],A-1[MN],#A-1[MN],(g1.B-1)[MN],(C-1.f1)[MN],c[MN],B-1[MN],c[MN],(d.e1)[MN],c[MN],B-1[MN],#A-1[MN],(A-1.c2.c1)[MN],#G-1[MN],A-1[MN],(#F-1.d2.d1)[MN],(G-1.c2.c1)[MN],F-1[MN],E-1[MN],D-1[MN],(E-1.#a1.#a)[MN],C-1[MN],D-1[MN],E-1[MN],(F-1.a1.a)[MN],E-1[MN],F-1[MN],(D-1.#a1.#a)[MN],(E-1.a1.a)[MN],D-1[MN],#C-1[MN],B-2[MN],(#C-1.g1.g)[MN],A-2[MN],B-2[MN],#C-1[MN],(D-1.f1.f)[MN],#C-1[MN],D-1[MN],(#A-2.g1.g)[MN],(C-1.a1.f1.c1.a)[MN],F-1[MN],A-1[MN],c[MN],C-1[MN],F-1[MN],A-1[MN],c[MN],(C-1.#a1.e1.#a)[MN],G-1[MN],#A-1[MN],(c.g1)[MN],(F-1.f1.a)[MN],c1[MN],a[MN],f[MN],c[MN],f[MN],a[MN],c1[MN],(c2.c)[MN],f[MN],a[MN],(a1.c1)[MN],(#a1.c)[MN],c1[MN],#a[MN],g[MN],(g1.c)[MN],g[MN],#a[MN],c1[MN],(g2.c)[MN],g[MN],#a[MN],(e2.c1)[MN],(f2.c)[MN],c1[MN],a[MN],f[MN],(c2.c)[MN],f[MN],a[MN],c1[MN],(c2.c)[MN],(a1.f)[MN],(c2.a)[MN],(a1.c1)[MN],(#a1.c)[MN],c1[MN],#a[MN],g[MN],(g1.c)[MN],g[MN],#a[MN],c1[MN],(g2.#a)[MN],(e2.c1)[MN],(g2.e1)[MN],(e2.g1)[MN],(f2.a)[MN],a1[MN],f1[MN],c1[MN],(c2.a)[MN],f1[MN],(g2.c1.#a)[MN],(e2.g1)[MN],(f2.c1.a)[MN],f1[MN],(g2.c1.#a)[MN],(e2.g1)[MN],(f2.a)[MN],a1[MN],f1[MN],c1[MN],(c2.a)[MN],f1[MN],(g2.c1.#a)[MN],(e2.g1)[MN],(f2.c1.a)[MN],f1[MN],(g2.c1.#a)[MN],(e2.g1)[MN],(f2.c1.a)[MN],f1[MN],(g2.c1.#a)[MN],(e2.g1)[MN],(f2.c1.a)[MN],f1[MN],(g2.c1.#a)[MN],(e2.g1)[MN],(f2.c1.a)[MN],f1[MN],(g2.c1.#a)[MN],(e2.g1)[MN],(f2.f1.c1.a)[LM],g2[MN],e2[MN],f2[LM],g2[MN],e2[MN],f2[LM],g2[MN],e2[MN],f2[KL],f2[KL],f2[KL],(f2.#c2.#C-1)[MN],#G-1[MN],#c[MN],#G-1[MN],#c[MN],#G-1[MN],#c[MN],#G-1[MN],(#d2.#g1.c)[MN],#G-1[MN],c[MN],#G-1[MN],(#c2.f1.#C-1)[MN],#G-1[MN],#c[MN],#G-1[MN],#c[MN],#G-1[MN],#c[MN],(#d2.#g1.#G-1)[MN],(#c2.f1.#c)[MN],#G-1[MN],#c[MN],(#d2.#g1.#G-1)[MN],(f2.#c2.#C-1)[MN],#G-1[MN],#c[MN],#G-1[MN],(f2.#c2.#c)[MN],#G-1[MN],#c[MN],#G-1[MN],(#d2.#g1.c.#C-1)[MN],#G-1[MN],c[MN],#G-1[MN],(#c2.f1.#C-1)[MN],#G-1[MN],#c[MN],#G-1[MN],#c[MN],#G-1[MN],#c[MN],#G-1[MN],(#c1.F-1)[MN],#G-1[MN],F-1[MN],(c1.#G-1)[MN],(c1.b.f.#C-1)[MN],#G-1[MN],F-1[MN],#G-1[MN],(b.f.#C-1)[MN],#G-1[MN],F-1[MN],#G-1[MN],(b.f.#C-1)[MN],#G-1[MN],F-1[MN],#G-1[MN],(c1.e.C-1)[MN],c[MN],B-1[MN],c[MN],d[MN],c[MN],B-1[MN],#A-1[MN],(c2.A-1)[MN],#G-1[MN],(d1.A-1)[MN],(d2.#F-1)[MN],(c2.G-1)[MN],F-1[MN],(g1.E-1)[MN],D-1[MN],(#a1.E-1)[MN],C-1[MN],(c1.D-1)[MN],E-1[MN],(a1.F-1)[MN],E-1[MN],(#a.F-1)[MN],(#a1.D-1)[MN],(a1.E-1)[MN],D-1[MN],(e1.#C-1)[MN],B-2[MN],(g1.#C-1)[MN],A-2[MN],(a.B-2)[MN],#C-1[MN],(f1.D-1)[MN],#C-1[MN],(d1.D-1)[MN],(#f1.C-1)[MN],#A-2[M],g1[N],C-1[N],a1[M],D-1[N],g1[M],(#f1.C-1)[MN],(g1.#A-2)[MN],A-2[MN],(d1.G-2)[MN],(a1.#F-2)[M],c2[N],(#a1.G-2)[MN],A-2[MN],(d1.#A-2)[MN],(g1.B-2)[MN],(f1.c1.a.C-1)[MN],c[MN],B-1[MN],c[MN],(e1.g.d)[MN],c[MN],B-1[MN],#A-1[MN],(c3.c2.c.A-1)[MN],(b2.b1.#G-1)[MN],(c3.c2.A-1)[MN],(d3.d2.#F-1)[MN],(c3.c2.G-1)[MN],(#a2.#a1.F-1)[MN],(#a2.#a1.E-1)[MN],(#a2.#a1.D-1)[MN],(#a2.#a1.E-1)[MN],(#a2.#a1.C-1)[MN],(D-1.#a2.#a1)[MN],(E-1.#a2)[N],#a1[M],(a2.a1.A-1.F-1)[MN],(#g2.#g1.E-1)[MN],(a2.a1.F-1)[MN],(#a2.#a1.D-1)[MN],(a2.a1.E-1)[MN],(g2.g1.D-1)[MN],(g2.g1.#C-1)[MN],(g2.g1.B-2)[MN],(g2.g1.#C-1)[MN],(g2.g1.A-2)[MN],(g2.g1.B-2)[MN],(g2.g1.#C-1)[MN],(g1.g2.D-1)[N],(f1.f2)[M],#C-1[N],(e2.e1)[M],(f2.f1.D-1)[MN],(g2.g1.#A-2)[MN],(#g2.#g1.C-1)[MN],(a2.a1.F-1)[MN],(a2.a1.A-1)[MN],(a2.a1.c)[MN],(#g2.#g1.C-1)[MN],"],"id":2},{"bpm":97.5,"baseBeats":0.25,"scores":["VW,VW,VW,VW,VW,VW,VW,UV,UV,UV,UV,UV,UV,UV,VW,VW,VW,VW,VW,VW,VW,VW,VW,VW,VW,VW,VW,VW,UV,UV,UV,UV,UV,VW,VW,VW,VW,VW,VW,VW,VW,VW,VW,VW,VW,VW,VW,UV,UV,UV,UV,UV,VW,VW,VW,VW,VW,VW,VW,VW,VW,VW,UV,VW,VW,VW,VW,VW,VW,VW,VW,VW,VW,UV,VW,VW,VW,VW,VW,VW,VW,VW,VW,VW,UV,VW,VW,VW,VW,VW,VW,VW,VW,VW,VW,UV,VW,VW,VW,VW,VW,VW,VW,VW,VW,VW,VW,VW,VW,VW,VW,VW,VW,VW,VW,VW,VW,VW,VW,VW,VW,VW,VW,VW,VW,VW,VW,VW,VW,VW,VW,VW,VW,VW,VW,VW,VW,VW,VW,VW,VW,VW,VW,VW,VW,VW,VW,VW,VW,VW,VW,VW,VW,VW,VW,VW,VW,VW,VW,VW,VW,VW,VW,VW,VW,VW,VW,VW,VW,VW,VW,VW,VW,VW,VW,VW,VW,VW,VW,VW,VW,VW,VW,VW,VW,VW,VW,VW,VW,VW,VW,VW,VW,VW,VW,VW,VW,VW,VW,VW,VW,VW,VW,VW,VW,VW,VW,VW,VW,VW,VW,VW,VW,VW,VW,VW,VW,VW,VW,VW,VW,VW,VW,VW,VW,VW,VW,VW,VW,VW,VW,VW,VW,VW,VW,VW,VW,VW,VW,VW,VW,VW,VW,VW,VW,VW,VW,VW,VW,VW,VW,VW,VW,VW,VW,VW,VW,VW,VW,VW,VW,VW,VW,VW,VW,VW,VW,VW,VW,VW,VW,VW,VW,VW,VW,VW,VW,VW,VW,VW,VW,VW,VW,VW,VW,VW,VW,VW,VW,VW,VW,VW,VW,VW,TW,VW,TU,TU,TW,VW,TU,TU,TW,VW,V,V,VW,V,VW,T,5<V>,V,TW,VW,TU,TU,TW,VW,TU,RS,TW,VW,TU,RS,TW,VW,RU,RU,VW,VW,VW,VW,VW,VW,VW,VW,VW,VW,VW,VW,VW,VW,VW,VW,VW,VW,VW,VW,VW,VW,VW,VW,VW,VW,VW,VW,VW,VW,VW,VW,VW,VW,VW,VW,VW,VW,VW,VW,VW,VW,VW,VW,VW,VW,VW,VW,VW,VW,VW,VW,VW,VW,VW,VW,VW,VW,VW,VW,VW,VW,VW,VW,VW,VW,VW,VW,VW,VW,VW,VW,VW,VW,VW,VW,VW,VW,VW,VW,VW,VW,VW,VW,VW,VW,VW,VW,VW,VW,VW,VW,VW,VW,VW,VW,VW,VW,VW,VW,VW,VW,VW,VW,VW,VW,VW,VW,VW,VW,VW,VW,VW,VW,VW,VW,VW,VW,VW,VW,VW,VW,VW,VW,VW,VW,VW,VW,VW,VW,VW,VW,VW,VW,VW,VW,VW,VW,VW,VW,VW,VW,VW,VW,VW,VW,VW,VW,VW,VW,VW,VW,VW,VW,VW,VW,VW,VW,VW,VW,VW,VW,VW,VW,VW,VW,VW,VW,VW,VW,VW,VW,VW,VW,VW,VW,VW,VW,VW,VW,VW,VW,VW,VW,VW,VW,VW,VW,VW,VW,VW,VW,VW,VW,VW,VW,VW,VW,VW,VW,VW,VW,VW,VW,VW,VW,VW,VW,VW,VW,VW,VW,VW,VW,VW,VW,VW,VW,VW,VW,VW,VW,VW,VW,VW,VW,VW,VW,VW,VW,VW,VW,VW,VW,VW,VW,VW,VW,VW,VW,VW,VW,VW,VW,VW,VW,VW,VW,VW,VW,VW,VW,VW,VW,VW,VW,VW,VW,VW,VW,VW,VW,VW,VW,VW,VW,VW,VW,VW,VW,VW,VW,VW,VW,VW,VW,VW,VW,VW,VW,VW,VW,VW,VW,VW,VW,VW,VW,TU,TU,TU,TU,TU,TU,ST,TW,VW,TU,TU,TW,VW,TU,TU,TW,VW,TU,TU,TW,VW,TU,TU,TW,VW,ST,TW,VW,TU,TU,TW,VW,ST,TW,VW,TU,TU,TW,VW,TW,VW,TW,VW,TW,VW,TW,VW,TW,VW,TW,VW,RU,STUV,R,T,","(a2.a1.F-1)[MN],(a2.a1.A-1)[MN],(a2.a1.c)[MN],(a2.a1.C-1)[MN],(#a2.#a1.c)[MN],(#a2.#a1.d)[MN],(g2.g1.e)[MN],(f2.f1.F-1)[LM],(f.c.A-1)[LM],(f.c.A-1)[LM],(f.c.A-1)[LM],(f.c.A-1)[LM],(f.c.A-1)[LM],F-1[LM],(f3.f2.f.c.A-1)[MN],(e3.e2)[MN],(f3.f2.f.c.A-1)[MN],(e3.e2)[MN],(d3.d2.f.c.A-1)[MN],(c3.c2)[MN],(#a2.#a1.f.c.A-1)[MN],(a2.a1)[MN],(g2.g1.f.c.A-1)[MN],(f2.f1)[MN],(e2.e1.F-1)[MN],(f2.f1)[MN],(g2.g1.g.e.c)[MN],(a2.a1)[MN],(#a2.#a1.g.e.c)[LM],(g.e.c)[LM],(g.e.c)[LM],(g.e.c)[LM],F-1[LM],(#a2.#a1.g.e.c)[MN],(a2.a1)[MN],(#a2.#a1.g.e.c)[MN],(a2.a1)[MN],(g2.g1.g.e.c)[MN],(f2.f1)[MN],(e2.e1.g.e.c)[MN],(d2.d1)[MN],(c2.c1.g.e.c)[MN],(#a1.#a)[MN],(a1.a.F-1)[MN],(#a1.#a)[MN],(c2.c1.a.f)[MN],(d2.d1)[MN],(#d2.#d1.c1.a.f)[LM],(c1.a.f)[LM],(c1.a.f)[LM],(c1.a.f)[LM],F-1[LM],(#d3.#d2.#d1.c1.a.f)[MN],(d3.d2)[MN],(#d3.#d2.#d1.c1.a.f)[MN],(d3.d2)[MN],(c3.c2.#d1.c1.a.f)[MN],(#a2.#a1)[MN],(a2.a1.#d1.c1.a.f)[MN],(g2.g1)[MN],(f2.f1.c1.a.f)[MN],(#d2.#d1)[MN],(d2.d1.c1.a.#f)[LM],(d2.a1.#f1.d1.c1.c)[MN],(b.B-1)[MN],(d2.a1.#f1.d1.c1.c)[MN],(b.B-1)[MN],(d2.a1.#f1.d1.a.A-1)[MN],(g.G-1)[MN],(d2.a1.#f1.d1.#f.#F-1)[MN],(e.E-1)[MN],(d2.a1.#f1.d1.d.D-1)[MN],(c.C-1)[MN],(B-1.B-2)[LM],(g2.d2.b1.g1.f1.f)[MN],(e1.e)[MN],(g2.d2.b1.g1.f1.f)[MN],(e1.e)[MN],(g2.d2.b1.g1.d1.d)[MN],(c1.c)[MN],(g2.d2.b1.g1.b.B-1)[MN],(a.A-1)[MN],(g2.d2.b1.g1.g.G-1)[MN],(f.F-1)[MN],(e.E-1)[LM],(c2.g1.e1.c1.#a.#A-1)[MN],(a.A-1)[MN],(c2.g1.e1.c1.#a.#A-1)[MN],(a.A-1)[MN],(c2.g1.e1.c1.g.G-1)[MN],(f.F-1)[MN],(c2.g1.e1.c1.e.E-1)[MN],(d.D-1)[MN],(c2.g1.e1.c1.c.C-1)[MN],(#A-1.#A-2)[MN],(A-1.A-2)[LM],(f2.c2.a1.f1.#d1.#d)[MN],(d1.d)[MN],(f2.c2.a1.f1.#d1.#d)[MN],(d1.d)[MN],(f2.c2.a1.f1.c1.c)[MN],(#a.#A-1)[MN],(f2.c2.a1.f1.a.A-1)[MN],(g.G-1)[MN],(f2.c2.a1.f1.f.F-1)[MN],(#d.#D-1)[MN],(f2.d2.#a1.f1.d.F-1.D-1)[MN],(f3.f2)[MN],(#d3.#d2)[MN],(d3.d2)[MN],(c3.c2)[MN],(#a2.#a1)[MN],(a2.a1)[MN],(#a2.#a1)[MN],(c3.c2.#d.F-1.#D-1)[MN],(f2.f1)[MN],(g2.g1)[MN],(a2.a1)[MN],(#a2.#a1.d.F-1.D-1)[MN],(f3.f2)[MN],(#d3.#d2)[MN],(d3.d2)[MN],(c3.c2)[MN],(#a2.#a1)[MN],(a2.a1)[MN],(#a2.#a1)[MN],(c3.c2.#d.F-1.#D-1)[MN],(f2.f1)[MN],(g2.g1)[MN],(a2.a1)[MN],(#a2.#a1.d.F-1.D-1)[MN],(a2.a1)[MN],(#a2.#a1)[MN],(c3.c2)[MN],(d3.d2.d.c)[MN],(d2.d1)[MN],(e2.e1)[MN],(#f2.#f1)[MN],(g2.g1.d.#A-1)[MN],(#f2.#f1)[MN],(g2.g1)[MN],(a2.a1)[MN],(f2.f1.d.B-1)[MN],(e2.e1)[MN],(f2.f1)[MN],(g2.g1)[MN],(e2.e1.g.c)[MN],(#d2.#d1)[MN],(e2.e1)[MN],(f2.f1)[MN],(d2.d1.g.f.c)[MN],(#c2.#c1)[MN],(d2.d1)[MN],(e2.e1)[MN],(c2.c1.g.e.c)[MN],(g2.g1)[MN],(f2.f1)[MN],(e2.e1)[MN],(d2.d1)[MN],(c2.c1)[MN],(b1.b)[MN],(c2.c1)[MN],(d2.d1.f.c)[MN],(g1.g)[MN],(a1.a)[MN],(b1.b)[MN],(c2.c1.e.c)[MN],(g2.g1)[MN],(f2.f1)[MN],(e2.e1)[MN],(d2.d1)[MN],(c2.c1)[MN],(b1.b)[MN],(c2.c1)[MN],(d2.d1.f.c)[MN],(g1.g)[MN],(a1.a)[MN],(b1.b)[MN],(c2.c1.e.c)[MN],(b1.b)[MN],(c2.c1)[MN],(e2.e1)[MN],(d2.d1.b)[MN],(#c2.#c1)[MN],(d2.d1)[MN],(f2.f1)[MN],(e2.e1.#a)[MN],(#d2.#d1)[MN],(e2.e1)[MN],(c3.c2)[MN],(f2.f1.a)[MN],(e2.e1)[MN],(f2.f1)[MN],(c3.c2)[MN],(g2.g1.g)[MN],(#f2.#f1)[MN],(g2.g1)[MN],(c3.c2)[MN],(a2.a1.f)[MN],(#g2.#g1)[MN],(a2.a1)[MN],(c3.c2)[MN],(#a2.#a1.e)[MN],(a2.a1)[MN],(#a2.#a1)[MN],(d3.d2)[MN],(#a2.#a1)[MN],(d3.d2)[MN],(g2.g1.#a)[MN],(#a2.#a1)[MN],(g2.g1.#a)[MN],(#a2.#a1)[MN],(a2.a1.#f)[MN],(c3.c2)[MN],(#a2.#a1.g.c)[MN],(a2.a1)[MN],(#a2.#a1)[MN],(d3.d2)[MN],(#a2.#a1)[MN],(d3.d2)[MN],(g2.g1.#a)[MN],(#a2.#a1)[MN],(g2.g1.#a)[MN],(#a2.#a1)[MN],(a2.a1.#f)[MN],(c3.c2)[MN],(#a2.#a1.g.c)[MN],(a2.a1)[MN],(#a2.#a1)[MN],(d3.d2)[MN],(a2.a1.a)[MN],(#g2.#g1)[MN],(a2.a1)[MN],(c3.c2)[MN],(g2.g1.#a)[MN],(#f2.#f1)[MN],(g2.g1)[MN],(#a2.#a1)[MN],(f2.f1.b)[MN],(e2.e1)[MN],(f2.f1)[MN],(a2.a1)[MN],(e2.e1.c1)[MN],(#d2.#d1)[MN],(e2.e1)[MN],(g2.g1)[MN],(d2.d1)[MN],#c2[MN],d2[MN],f2[MN],(c2.e1.c1)[MN],b1[MN],c2[MN],e2[MN],(c2.f1)[MN],b1[MN],c2[MN],d2[MN],(c2.#f1)[MN],b1[MN],c2[MN],d2[MN],(c2.g1)[MN],b1[MN],c2[MN],d2[MN],(c2.#g1)[MN],b1[MN],c2[MN],d2[MN],(c2.a1)[MN],b1[MN],c2[MN],d2[MN],(c2.#a1.c1)[MN],b1[MN],c2[MN],d2[MN],c2[MN],b1[MN],c2[MN],d2[MN],c2[MN],b1[MN],c2[MN],d2[MN],e2[MN],f2[MN],#f2[MN],g2[MN],#g2[MN],a2[MN],(#a2.#a)[MN],b2[MN],(c3.f2.c1.a)[KN],d3[MN],(c3.g2.c1.e)[KL],#a2[KL],(a1.f1.c1.f.F-1)[KN],#a1[MN],(a1.e1.a.#c.#C-1)[KL],g1[KL],(f2.a1.d1)[KN],(#f2.c1)[MN],(d2.d1.#a)[M],g2[M],a2[MN],g2[M],#f2[MN],g2[KN],(a2.#f1.a)[N],c3[M],(#a2.g1.g)[KN],(g2.d1.#a)[MN],(f2.a1.c1)[KL],(e2.g1.c)[KL],(c2.f1.a.c.A-1)[KN],d2[MN],(c2.g1.c1.e.c.E-1)[KL],#a1[IJ],(a1.f1.c1.f.F-1)[KN],#a1[MN],(a1.e1.a.#c.A-1.#C-1)[KL],g1[IJ],(f1.d1.a.f.d)[KN],(g1.d1.#a.g.d.#A-1)[MN],(a1.f1.c1.a.f.c)[IL],(#a1.g1.e1.c1.#a.g.e.c)[IL],(a1.e.#c)[MN],a[MN],e[MN],a[MN],e[MN],a[MN],(a2.e.#c)[MN],(g2.a)[MN],(g2.f.d)[MN],(f2.a)[MN],(a2.e.#c)[MN],(g2.a)[MN],(g2.f.d)[MN],(f2.a)[MN],(a2.e.#c)[MN],(g2.a)[MN],(g2.f.d)[MN],(f2.a)[MN],(f2.c.A-1)[MN],(#d2.f)[MN],(#d2.d.#A-1)[MN],(d2.f)[MN],(d2.d.#F-1)[MN],(c2.#f)[MN],(c2.d.G-1)[MN],(#a1.g)[MN],(c2.d1.d.F-1)[MN],(b1.g1.f)[MN],(d2.e1.E-1)[MN],(c2.g1.e)[MN],(e2.f1.D-1)[MN],(d2.b1.d)[MN],(f2.g1.C-1)[MN],(#d2.c2.c)[MN],(f2.g1.#A-2)[MN],(e2.c2.#A-1)[MN],(g2.a1.A-2)[MN],(f2.c2.A-1)[MN],(e2.f1.#A-2)[MN],(d2.#a1.#A-1)[MN],(d2.f1.C-1)[MN],(c2.a1.c)[MN],(d2.f1.C-1)[MN],(c2.a1.c)[MN],(c2.e1.C-1)[MN],(#a1.g1.c)[MN],(c2.e1.C-1)[MN],(#a1.g1.c)[MN],(a1.g1.e1.#C-1)[MN],A-1[MN],#c[MN],A-1[MN],#c[MN],A-1[MN],(a2.a1.#c.#C-1)[MN],(g2.e2.A-1)[MN],(g2.a1.d.D-1)[MN],(f2.d2.A-1)[MN],(a2.a1.#c.#C-1)[MN],(g2.e2.A-1)[MN],(g2.a1.d.D-1)[MN],(f2.d2.A-1)[MN],(a2.a1.#c.#C-1)[MN],(g2.e2.A-1)[MN],(g2.a1.d.D-1)[MN],(f2.d2.A-1)[MN],(f2.f1.A-1.A-2)[MN],(#d2.c2.F-1)[MN],(#d2.f1.#A-1.#A-2)[MN],(d2.#a1.F-1)[MN],(d2.d1.#F-1.#F-2)[MN],(c2.a1.D-1)[MN],(c2.d1.G-2)[MN],(#a1.g1.G-1)[MN],(c2.d1.F-2)[MN],(b1.g1.F-1)[MN],(d2.e1.E-1)[MN],(c2.g1.e)[MN],(e2.f1.D-1)[MN],(d2.b1.d)[MN],(f2.g1.C-1)[MN],(#d2.c2.c)[MN],(f2.g1.#A-2)[MN],(e2.c2.#A-1)[MN],(g2.a1.A-2)[MN],(f2.c2.A-1)[MN],(a2.#a1.G-2)[MN],(g2.e2.G-1)[MN],(#a2.c2.F-2)[MN],(a2.f2.F-1)[MN],(#a2.c2.#D-1)[MN],(a2.f2.#d)[MN],(c3.d2.D-1)[MN],(#a2.f2.d)[MN],(d3.#d2.C-1)[MN],(c3.a2.c)[MN],(#d3.f2.#A-1.#A-2)[MN],(d3.#a2)[MN],(#d3.f2)[MN],(d3.#a2)[MN],(#d3.f2)[MN],(d3.#a2)[MN],(#d3.f2)[MN],(d3.#a2)[MN],(#d3.f2)[MN],(d3.#a2)[MN],(#d3.f2)[MN],(d3.#a2)[MN],(e3.f2.B-1.B-2)[MN],(d3.#g2)[MN],(e3.f2)[MN],(d3.#g2)[MN],(e3.f2)[MN],(d3.#g2)[MN],(e3.f2)[MN],(d3.#g2)[MN],(e3.f2.B-2)[MN],(d3.#g2)[MN],(e3.f2)[MN],(d3.#g2)[MN],(d3.f2.C-1)[MN],(c3.a2)[MN],(d3.f2)[MN],(c3.a2)[MN],(#a2.c2)[MN],(a2.f2)[MN],(#a2.c2.D-1)[MN],(a2.f2.E-1)[MN],(g2.a1.F-1)[MN],(f2.c2.G-1)[MN],(g2.a1.A-1)[MN],(f2.c2.B-1)[MN],(c3.e2.c)[MN],(#a2.g2)[MN],(c3.e2)[MN],(#a2.g2)[MN],(a2.#a1)[MN],(g2.e2.d)[MN],(a2.#a1.e)[MN],(g2.e2.f)[MN],(f2.g1.g.c)[MN],(e2.c2.a)[MN],(f2.g1.#a)[MN],(e2.c2.g)[MN],(f2.a1.F-1)[MN],c[MN],f[MN],c[MN],F-1[MN],c[MN],a[MN],c[MN],(c2.F-1)[MN],c[MN],f[MN],(a1.c)[MN],(#a1.F-1)[MN],c[MN],g[MN],c[MN],(g1.F-1)[MN],c[MN],e[MN],c[MN],(g2.F-1)[MN],c[MN],#a[MN],(e2.c)[MN],(f2.F-1)[MN],c[MN],a[MN],c[MN],(c2.F-1)[MN],c[MN],f[MN],c[MN],(c2.F-1)[MN],(a1.c)[MN],(c2.f)[MN],(a1.c)[MN],(#a1.F-1)[MN],c[MN],g[MN],c[MN],(g1.F-1)[MN],c[MN],e[MN],c[MN],(g2.F-1)[MN],(e2.c)[MN],(g2.#a)[MN],(e2.c)[MN],(f2.F-1)[MN],c[MN],a[MN],c[MN],(c2.F-1)[MN],c[MN],a[MN],c[MN],(g2.F-1)[MN],(e2.c)[MN],(g2.#a)[MN],(e2.c)[MN],(f2.F-1)[MN],c[MN],a[MN],c[MN],(c2.F-1)[MN],c[MN],a[MN],c[MN],(g2.F-1)[MN],(e2.c)[MN],(g2.#a)[MN],(e2.c)[MN],(f2.F-1)[MN],c[MN],a[MN],c[MN],(c2.F-1)[MN],c[MN],f[MN],c[MN],(a2.F-1)[MN],(f2.A-1)[MN],(a2.c)[MN],(f2.A-1)[MN],(a2.F-1)[MN],A-1[MN],c[MN],A-1[MN],(f2.C-1)[MN],F-1[MN],A-1[MN],F-1[MN],(c3.A-2)[MN],(a2.C-1)[MN],(c3.F-1)[MN],(a2.C-1)[MN],(f3.F-2)[MN],A-2[MN],C-1[MN],A-2[MN],(c3.F-2)[MN],A-2[MN],C-1[MN],A-2[MN],(f3.F-2)[MN],(c3.A-2)[MN],(f3.C-1)[MN],(c3.A-2)[MN],(f3.F-2)[MN],A-2[MN],C-1[MN],A-2[MN],(c3.F-2)[MN],A-2[MN],C-1[MN],A-2[MN],(f3.F-2)[MN],(c3.A-2)[MN],(f3.C-1)[MN],(c3.A-2)[MN],(f3.F-2)[MN],A-2[MN],C-1[MN],A-2[MN],(f3.F-2)[MN],A-2[MN],C-1[MN],A-2[MN],(f3.F-2)[MN],A-2[MN],C-1[MN],A-2[MN],(f3.F-2)[MN],A-2[MN],C-1[MN],A-2[MN],F-2[MN],A-2[MN],C-1[MN],A-2[MN],F-2[MN],A-2[MN],C-1[MN],A-2[MN],F-2[KL],(f.F-1.F-2)[KL],(f.F-1.F-2)[KL],(f.F-1.F-2)[KL],(f.F-1.F-2)[KL],(f.F-1.F-2)[KL],(#f.#F-1.#F-2)[JK],(#c2.#a1.#f1)[KN],#d2[MN],(#c2.#g1.f1.#F-1.#F-2)[KL],b1[KL],(b1.#g1.f1)[KN],#c2[MN],(b1.#f1.#c1.#F-1.#F-2)[KL],#a1[KL],(#a1.g1.c1.e.E-1)[KN],c2[MN],(#a1.f1.c1.f.F-1)[KL],a1[KL],(a1.f1.d1.d.D-1)[KN],#a1[MN],(a1.f1.d1.#A-1.#A-2)[KL],g1[KL],(g1.e1.#a.c.C-1)[KN],a1[MN],(f1.a.F-1.F-2)[JK],(e2.#a1.g1.F-1.F-2)[KN],c2[MN],(f2.a1.f1.F-1.F-2)[KL],c2[KL],(#a2.g2.e2.F-1.F-2)[KN],c3[MN],(a2.f2.c2.F-1.F-2)[JK],(e3.#a2.g2.F-1.F-2)[KN],c3[MN],(f3.a2.f2.F-1.F-2)[KL],c3[KL],(e3.#a2.g2.F-1.F-2)[KN],c3[MN],(f3.a2.f2.F-1.F-2)[KN],c3[MN],(e3.#a2.g2.F-1.F-2)[KN],c3[MN],(f3.a2.f2.F-1.F-2)[KN],c3[MN],(e3.#a2.g2.F-1.F-2)[KN],c3[MN],(f3.a2.f2.F-1.F-2)[KN],c3[MN],(e3.#a2.g2.F-1.F-2)[KN],c3[MN],(f3.a2.f2.F-1.F-2)[IL],(c3.a2.c1.a)[JKLM],(a2.f2.a.f)[I],T,"],"id":3}],"audition":{"start":[0,0],"end":[1,0]}}