{"baseBpm":300,"musics":[{"bpm":300,"baseBeats":1,"scores":["f2[K],T,T,T;T,c2[K],a2[K],T;T,T,T,f2[K];c3[K],T,T,T;T,T,T,T;#a2[K],a2[K],g2[K],f2[K];#f2[K],T,T,g2[K];T,T,T,T;T,T,T,T;c2[K],T,T,T;T,T,e2[K],T;T,g2[K],T,T;#a2[K],T,T,T;T,T,T,T;T,d3[K],c3[K],#a2[K];#g2[K],a2[K],a2[K],T;T,T,T,T;T,T,T,T;(c2.c3)[K],T,T,T;T,T,(d2.#a2)[K],T;T,T,T,T;(d2.d3)[K],T,T,T;T,T,(c2.c3)[K],T;T,T,T,T;(#c2.#c3)[K],T,T,e1[K];T,T,g1[K],T;T,(g1.g2)[K],T,T;","f[K],a[K],c1[K],f1[K];c1[K],a[K],f[K],a[K];c1[K],f1[K],c1[K],a[K];f[K],a[K],c1[K],f1[K];c1[K],a[K],f[K],a[K];c1[K],f1[K],c1[K],a[K];c[K],g[K],c1[K],e1[K];c1[K],g[K],c[K],g[K];c1[K],e1[K],c1[K],g[K];c[K],g[K],c1[K],e1[K];c1[K],g[K],c[K],g[K];c1[K],e1[K],c1[K],g[K];c[K],g[K],c1[K],e1[K];c1[K],g[K],c[K],e[K];g[K],#a[K],c1[K],#a[K];f[K],a[K],c1[K],f1[K];c1[K],a[K],f[K],a[K];c1[K],f1[K],c1[K],a[K];f[K],a[K],c1[K],f1[K];c1[K],a[K],#A-1[K],f[K];#a[K],d1[K],#a[K],f[K];B-1[K],f[K],#g[K],b[K];#g[K],f[K],c[K],f[K];a[K],c1[K],a[K],f[K];c[K],e[K],g[K],#a[K];g[K],e[K],c[K],e[K];g[K],d1[K],#a[K],g[K];"],"id":1,"instruments":["piano","piano"],"alternatives":["",""]},{"bpm":316,"baseBeats":1,"scores":["(c2.c3)[K],T,T,f1[K];T,T,#g1[K],T;T,(f1.f2)[K],T,T;(#a1.#a2)[K],T,T,g1[K];T,T,#a1[K],T;T,(e1.e2)[K],T,T;(e1.e2)[K],T,T,(c1.c2)[K];T,T,(f1.f2)[K],T;T,T,T,T;e2[K],T,d2[K],e2[K];T,#a1[K],a1[K],T;g1[K],T,T,T;T,T,T,T;T,T,#a1[K],T;T,a1[K],T,T;T,c2[K],#c2[K],d2[K];#d2[K],e2[K],f2[K],T;T,T,T,T;e2[K],T,d2[K],e2[K];T,#a1[K],a1[K],T;g1[K],T,T,T;T,5<a1[L],g1[L]>,5<#f1[L],g1[L]>,c2[K];T,T,f2[K],T;T,T,T,T;","c[K],f[K],#g[K],c1[K];#g[K],f[K],c[K],f[K];#g[K],c1[K],#g[K],f[K];c[K],g[K],#a[K],e1[K];#a[K],g[K],c[K],e[K];g[K],#a[K],g[K],e[K];c[K],e[K],g[K],#a[K];g[K],e[K],F-1[K],c[K];f[K],a[K],c1[K],a[K];#A-1[K],f[K],#a[K],G-1[K];d[K],g[K],c[K],g[K];c1[K],d[K],g[K],#a[K];e[K],g[K],c1[K],c[K];e[K],#a[K],#c[K],e[K];#a[K],d[K],f[K],a[K];(c.#a)[JK],C-1[JK];F-1[K],c[K];f[K],a[K],c1[K],a[K];#A-1[K],f[K],#a[K],G-1[K];d[K],g[K],c[K],c1[K];#a[K],d[K],g[K],#a[K];e[K],c1[J],c[K];e[K],#a[K],F-1[K],c[K];f[K],a[K],c1[K],a[K];"],"id":2,"instruments":["piano","piano"],"alternatives":["",""]},{"bpm":332,"baseBeats":1,"scores":["f2[K],T,T,T;T,c2[K],a2[K],T;T,T,T,f2[K];c3[K],T,T,T;T,T,T,T;T,#a2[K],a2[K],5<g2[L],f2[L]>;#f2[K],T,T,g2[K];T,T,c2[K],T;T,T,T,T;e2[K],T,T,g2[K];T,T,#a2[K],T;T,T,T,T;T,T,T,d3[K];c3[K],#a2[K],#g2[K],a2[K];a2[K],T,T,T;T,T,T,T;T,T,(c2.c3)[K],T;T,T,T,T;(d2.#a2)[K],T,T,T;T,T,(d2.#g2.d3)[K],T;T,T,T,T;(c2.a2.c3)[K],T,T,T;T,T,T,T;T,#a2[K],a2[K],5<g2[L],f2[L]>;e2[K],T,T,T;T,T,T,T;T,T,T,f2[K];(a1.f2)[K],T,T,T;T,T,(a1.f2)[I];","f[K],a[K],c1[K],f1[K];c1[K],a[K],f[K],a[K];c1[K],f1[K],c1[K],a[K];f[K],a[K],c1[K],f1[K];c1[K],a[K],f[K],a[K];c1[K],f1[K],c1[K],a[K];c[K],g[K],c1[K],e1[K];c1[K],g[K],c[K],g[K];#a[K],e1[K],c1[K],g[K];c[K],g[K],c1[K],e1[K];c1[K],g[K],c[K],g[K];c1[K],e1[K],c1[K],g[K];c[K],e[K],g[K],#a[K];c1[K],#a[K],f[K],a[K];c1[K],f1[K],c1[K],a[K];f[K],a[K],c1[K],f1[K];c1[K],a[K],f[K],a[K];c1[K],f1[K],c1[K],a[K];#A-1[K],f[K],#a[K],d1[K];#a[K],f[K],B-1[K],f[K];#g[K],b[K],#g[K],f[K];c[K],f[K],a[K],c1[K];a[K],f[K],c[K],f[K];a[K],c1[K],a[K],f[K];c[K],e[K],g[K],c1[K];e1[K],g1[K],#a1[K],g1[K];e1[K],c1[K],g[K],e[K];F-1[K],A-1[K],c[K],f[K];a[K],c1[K],(f.c1)[I];"],"id":3,"instruments":["piano","piano"],"alternatives":["",""]}],"audition":{"start":[0,0],"end":[0,62]}}