{"baseBpm":112,"musics":[{"id":1,"baseBeats":0.25,"scores":["5<(#f.#a1)[M]>,5<(#f2.#a2)[M]>,5<(#c1.#f1.b1.b2)[M]>,5<(c2.c3)[M]>,5<(f.#c2)[M]>,5<(#g2.#c3)[M]>,5<(#g.#c1.#g1.#d2.#d3)[M]>,5<(#c2.#c3)[M]>,5<(#d.#f1)[M]>,5<(#d2.#f2)[M]>,5<(#f.#a.#d1.#g1.#g2)[M]>,5<(a1.a2)[M]>,5<(#c.#a1)[M]>,5<(f2.#a2)[M]>,5<(f.#a.f1.b1.b2)[M]>,5<(#a1.#a2)[M]>,5<(B-1.#d1)[M]>,5<(b1.#d2)[M]>,5<(#f.b.e1.e2)[M]>,5<(f1.f2)[M]>,5<(#A-1.#f1)[M]>,5<(#c2.#f2)[M]>,5<(#c.#f.#c1.f1.f2)[M]>,5<(#f1.#f2)[M]>,5<(c.#g1)[M]>,5<(#d2.#g2)[M]>,5<(#f.#g.#d1.#a1.#a2)[M]>,5<(#g1.#g2)[M]>,5<(#c.#g1)[M]>,5<(f2.#g2)[M]>,5<(b.#c1.f1.#a1.#a2)[M]>,5<(b1.b2)[M]>,5<(#f.#f2.#a2)[M]>,5<#a1[M]>,5<(#a.#f1.b1.b2)[M]>,5<(c2.c3)[M]>,5<(f.#c2)[M]>,5<(#g2.#c3)[M]>,5<(#g.#c1.#g1.#d2.#d3)[M]>,5<(#c2.#c3)[M]>,5<(#d.#d2.#f2)[M]>,5<#f1[M]>,5<(#f.#a.#d1.#g1.#g2)[M]>,5<(a1.a2)[M]>,5<(#c.#a1)[M]>,5<(f2.#a2)[M]>,5<(f.#a.f1.b1.b2)[M]>,5<(#a1.#a2)[M]>,5<(B-1.b1.#d2)[M]>,5<#d1[M]>,5<(#f.b.e1.e2)[M]>,5<(f1.f2)[M]>,5<(#A-1.#f1)[M]>,5<(#c2.#f2)[M]>,5<(#c.#f.#c1.f1.f2)[M]>,5<(#f1.#f2)[M]>,5<(c.#g1)[N],#f[N]>,5<(#f2.#g2.#d1)[M]>,5<(#c.#a1.f2.#a2)[N],b[N]>,5<(#g1.#g2.f1)[M]>,5<(#f.#a.#f1)[M]>,5<(#c2.#f2)[M]>,5<(f1.f2)[M]>,5<(#f1.#f2)[M]>,5<(#c.#g1)[M]>,5<(f2.#g2)[M]>,5<(#g.#c1.f1.#a1.#a2)[M]>,5<(#g1.#g2)[M]>,5<(c.#g1)[M]>,5<(#f2.#g2)[M]>,5<(#g.#d1.#f1.c2.c3)[M]>,5<(#c2.#c3)[M]>,5<(#G-1.#d2)[M]>,5<(#g2.#d3)[M]>,5<(#g.c1.#f1.d2.d3)[M]>,5<(#d2.#d3)[M]>,5<(#c.e2)[M]>,5<(#g2.e3)[M]>,5<(#g.#c1.f1.f2)[M]>,5<(#g2.f3)[M]>,5<(G-1.#d2)[M]>,5<(#a2.#d3)[M]>,5<(e.#a.#c1.#c2.#c3)[M]>,5<(#a1.#a2)[M]>,5<(#G-1.#g1)[M]>,5<(#c2.#g2)[M]>,5<(f.#g.#c1.g1.g2)[M]>,5<(#g1.#g2)[M]>,5<(#G-1.#a1)[M]>,5<(c2.#a2)[M]>,5<(#d.#g.c1.#g1.#g2)[M]>,5<(#f1.#f2)[M]>,5<(#c.e1)[M]>,5<(#c2.e2)[M]>,5<(#g.#c1.f1)[M]>,5<(#c2.f2)[M]>,5<(#c.#c2.f2)[M],f1[M]>,5<(#g.#c1.#f1.#f2)[M]>,5<(g1.g2)[M]>,5<(c.#g1)[M]>,5<(#d2.#g2)[M]>,5<(#g.#d1.#a1.#a2)[M]>,5<(c2.c3)[M]>,5<(#A-1.g2.#c3)[M]>,5<#c2[M]>,5<(#a.#c1.g1.#d2.#d3)[M]>,5<(e2.e3)[M]>,5<(#G-1.e2)[M]>,5<(#g2.e3)[M]>,5<(#g.#c1.#g1.f2)[M]>,5<(#g2.f3)[M]>,5<(G-1.g.#a2.#d3)[M]>,5<#d2[M]>,5<(#c1.#d1.#a1.#c2.#c3)[M]>,5<(#a1.#a2)[M]>,5<(#G-1.#g1)[M]>,5<(#c2.#g2)[M]>,5<(f.#g.#c1.g1.g2)[M]>,5<(#g1.#g2)[M]>,5<(#G-2.c2)[M]>,5<(#f2.c3)[M]>,5<(#d.#f.c1.#a1.#a2)[M]>,5<(#g1.#g2)[M]>,5<(#C-1.#c2)[M]>,5<(f2.#c3)[M]>,5<(#g.#c1.f1.c2.c3)[M]>,5<(#c2.#c3)[M]>,5<(#c.#c2)[M]>,5<(#a2.#c3)[M]>,5<(#a.g1.e2.e3)[M]>,5<(#d2.#d3)[M]>,5<(#c.#c2)[M]>;"]},{"id":2,"baseBeats":0.25,"scores":["5<(#g2.#c3)[M]>,5<(b.#g1.b1.b2)[M]>,5<(#a1.#a2)[M]>,5<(#c.b1)[M]>,5<(f2.b2)[M]>,5<(#g.f1.d2.d3)[M]>,5<(#c2.#c3)[M]>,5<(#c.b1)[M]>,5<(#f2.b2)[M]>,5<(a.#f1.a1.a2)[M]>,5<(#g1.#g2)[M]>,5<(#C-1.#f1)[M]>,5<(#d2.#f2)[M]>,5<(#d.c1.a1.a2)[M]>,5<(#g1.#g2)[M]>,5<(#C-1.#g1)[M]>,5<(#d2.#g2)[M]>,5<(#d.c1.g1.g2)[M]>,5<(#f1.#f2)[M]>,5<(#C-1.f1)[M]>,5<(#c2.f2)[M]>,5<(f.#c1.#f1.#f2)[M]>,5<(g1.g2)[M]>,5<(#c.#g1)[M]>,5<(#c2.#g2)[M]>,5<(#g.f1.#c2)[M]>,5<(#g2.#c3)[M]>,5<(#c.#a3.#c4)[M]>,5<#c3[M]>,5<(#a.g1.e3.e4)[M]>,5<(#d3.#d4)[M]>,5<(#c.#g3.#c4)[M]>,5<#c3[M]>,5<(b.#g1.b2.b3)[M]>,5<(#a2.#a3)[M]>,5<(#c.f3.b3)[M]>,5<b2[M]>,5<(#g.f1.d3.d4)[M]>,5<(#c3.#c4)[M]>,5<(#c.#f3.b3)[M]>,5<b2[M]>,5<(a.#f1.a2.a3)[M]>,5<(#g2.#g3)[M]>,5<(#C-1.#d3.#f3)[M]>,5<#f2[M]>,5<(a.c1.#f1.a2.a3)[M]>,5<(#g2.#g3)[M]>,5<(#c.#g2)[M]>,5<(#d3.#g3)[M]>,5<(#g.c1.#f1.g2.g3)[M]>,5<(#f2.#f3)[M]>,5<(#c.#f2)[M]>,5<(b2.#f3)[M]>,5<(#g.b.#f1.f2.f3)[M]>,5<(#d2.#d3)[M]>,5<(#c.d2)[M]>,5<(#g2.d3)[M]>,5<(#g.b.f1.#c2.#c3)[M]>,5<(b1.b2)[M]>,5<(#F-1.#f.#a1)[M]>,5<(#f2.#a2)[M]>,5<(#a.#c1.#f1.b1.b2)[M]>,5<(c2.c3)[M]>,5<(F-1.f.#c2)[M]>,5<(#g2.#c3)[M]>,5<(#g.#c1.#g1.#d2.#d3)[M]>,5<(#c2.#c3)[M]>,5<(#D-1.#d.#f1)[M]>,5<(#d2.#f2)[M]>,5<(#f.#a.#d1.#g1.#g2)[M]>,5<(a1.a2)[M]>,5<(#C-1.#c.#a1)[M]>,5<(f2.#a2)[M]>,5<(f.#a.f1.b1.b2)[M]>,5<(#a1.#a2)[M]>,5<(B-2.B-1.#d1)[M]>,5<(b1.#d2)[M]>,5<(#d.#f.b.e1.e2)[M]>,5<(f1.f2)[M]>,5<(#A-2.#A-1.#f1)[M]>,5<(#c2.#f2)[M]>,5<(#c.#f.#c1.f1.f2)[M]>,5<(#f1.#f2)[M]>,5<(C-1.c.#g1)[M]>,5<(#f2.#g2)[M]>,5<(#f.#g.#d1.#a1.#a2)[M]>,5<(#g1.#g2)[M]>,5<(#C-1.#c.#g1)[M]>,5<(f2.#g2)[M]>,5<(#g.b.f1.#a1.#a2)[M]>,5<(b1.b2)[M]>,5<(#F-1.#f.#a1)[M]>,5<(#f2.#a2)[M]>,5<(#a.#c1.#f1.b1.b2)[M]>,5<(c2.c3)[M]>,5<(F-1.f.#c2)[M]>,5<(#g2.#c3)[M]>,5<(#g.#c1.#g1.#d2.#d3)[M]>,5<(#c2.#c3)[M]>,5<(#G-1.#g.b1)[M]>,5<(#g2.b2)[M]>,5<(b.#d1.#g1.#c2.#c3)[M]>,5<(d2.d3)[M]>,5<(G-1.g.#d2)[M]>,5<(#a2.#d3)[M]>,5<(#a.#d1.#a1.e2.e3)[M]>,5<(#d2.#d3)[M]>,5<(B-1.b.#d2)[M]>,5<(b2.#d3)[M]>,5<(#d1.#f1.b1.e2.e3)[M]>,5<(f2.f3)[M]>,5<(#A-1.#a.#f2)[M]>,5<(#c3.#f3)[M]>,5<(#c1.#f1.#c2.f2.f3)[M]>,5<(#f2.#f3)[M]>,5<(c.c1.#g2)[M]>,5<(#d3.#f3.#g3)[M]>,5<(#f1.#d2.g2.g3)[M]>,5<(#g2.#g3)[M]>,5<a2[M]>,5<(#d3.#f3.a3)[M]>,5<(C-1.c.#g2.#g3)[M]>,5<(a2.a3)[M]>,5<(#C-1.#c.#a2)[M]>,5<(#f3.#a3)[M]>,5<(#a.#f1.b2.b3)[M]>,5<(#a2.#a3)[M]>,5<(D-1.d.#a2)[M]>,5<(f3.#a3)[M]>,5<(#a.f1.a2.a3)[M]>;"]},{"id":3,"baseBeats":0.25,"scores":["5<(#g2.#g3)[M]>,5<(#D-1.#d.#g2)[M]>,5<(#d3.#g3)[M]>,5<(#a.#d1.#f1.g2.g3)[M]>,5<(#f2.#f3)[M]>,5<(C-1.c.#f2)[M]>,5<(a2.#f3)[M]>,5<(a.#d1.#f1.f2.f3)[M]>,5<(#d2.#d3)[M]>,5<(#C-1.#c.#d2)[M]>,5<(#g2.#d3)[M]>,5<(#g.#c1.#f1.d2.d3)[M]>,5<(#c2.#c3)[M]>,5<#c2[M]>,5<(#g2.#c3)[M]>,5<(c2.c3)[M]>,5<(b1.b2)[M]>,5<(#C-2.#C-1.b1)[M]>,5<(d2.b2)[M]>,5<(#g.b.f1.#a1.#a2)[M]>,5<(a1.a2)[M]>,5<a1[M]>,5<(c2.a2)[M]>,5<#g1[M]>,5<(#c2.#g2)[M]>,5<(#F-2.#f1.#f2)[L]>,5<#c[L]>,5<(f.b.#g1)[M]>,5<(#c2.#g2)[M]>,5<(#F-1.#a1.#a2)[M]>,5<(b1.b2)[M]>,5<(#f.#a.#c2)[M]>,5<(#f2.#c3)[M]>,5<(#F-1.#d2.#d3)[M]>,5<(#c2.#c3)[M]>,5<(#c.f.b.#g1)[M]>,5<(#c2.#g2)[M]>,5<(#F-1.#a1.#a2)[M]>,5<(#g1.#g2)[M]>,5<(#c.#f.#a.#c1)[M]>,5<(#a1.#c2)[M]>,5<(#F-1.f1.f2)[M]>,5<(#f1.#f2)[M]>,5<(#c.f.b.#g1)[M]>,5<(#c2.#g2)[M]>,5<(#F-1.#a1.#a2)[M]>,5<(b1.b2)[M]>,5<(#c.#f.#a.#c2)[M]>,5<(#f2.#c3)[M]>,5<(#F-1.#d2.#d3)[M]>,5<(#c2.#c3)[M]>,5<(#c.f.b.#g1)[M]>,5<(#c2.#g2)[M]>,5<(#F-1.#a1.#a2)[M]>,5<(#g1.#g2)[M]>,(#c.#f.#a.#f1.#f2)[L],#F-1[L],5<(#c.f.b.#c3.#g3)[M]>,5<#g2[M]>,5<(#F-1.#a2.#a3)[M]>,5<(b2.b3)[M]>,5<(#c.#f.#a.#f3.#c4)[M]>,5<#c3[M]>,5<(#F-1.#d3.#d4)[M]>,5<(#c3.#c4)[M]>,5<(#c.f.b.#c3.#g3)[M]>,5<#g2[M]>,5<(#F-1.#a2.#a3)[M]>,5<(#g2.#g3)[M]>,5<(#c.#f.#a.#a2.#c3)[M]>,5<#c2[M]>,5<(#F-1.f2.f3)[M]>,5<(#f2.#f3)[M]>,5<(#c.f.b.#c3.#g3)[M]>,5<#g2[M]>,5<(#F-1.#a2.#a3)[M]>,5<(b2.b3)[M]>,5<(#c.#f.#a.#f3.#c4)[M]>,5<#c3[M]>,5<(#F-1.#d3.#d4)[M]>,5<(#c3.#c4)[M]>,5<(#c.f.b.#c3.#g3)[M]>,5<#g2[M]>,5<(#F-1.#a2.#a3)[M]>,5<(#g2.#g3)[M]>,5<(#c.#a.#f2)[M]>,5<#f3[M]>,5<(#F-2.#d3.b3)[M]>,5<(#c3.#a3)[M]>,5<(#c.#a2)[M]>,5<#f3[M]>,5<(#f.#c1.#d3.b3)[M]>,5<(#c3.#a3)[M]>,5<(#a.#f1.#a2)[M]>,5<#f3[M]>,5<(#c1.#a1.#d3.b3)[M]>,5<(#c3.#a3)[M]>,5<(#f1.#c2.#a2)[M]>,5<#f3[M]>,5<(#a1.#f2.#d3.b3)[M]>,5<(#c3.#a3)[M]>,5<(#f1.#c2.#a2)[M]>,5<#f3[M]>,5<(#c1.#a1.#d3.b3)[M]>,5<(#c3.#a3)[M]>,5<(#f.#f1.#a2)[M]>,5<#f3[M]>,5<(#c.#c1.#d3.b3)[M]>,5<(#c3.#a3)[M]>,5<(#F-1.#f.#a2)[M]>,5<#f3[M]>,5<(#C-1.#c.#d3.b3)[M]>,5<(#c3.#a3)[M]>,5<(#F-2.#F-1.#a2)[M],#f3[M]>,5<(#C-2.#C-1.#d3.b3)[M]>,5<(#c3.#a3)[M]>,(#F-2.#F-1.#a2.#f3)[L],(#C-2.#C-1)[L],(#F-2.#F-1)[L],(#C-2.#C-1)[L],(#F-2.#F-1)[L],(#C-2.#C-1)[L],5<(#F-2.#F-1.#a)[M]>,5<#f1[M]>,5<(#C-1.#c.#d1.b1)[M]>,5<(#c1.#a1)[M]>,(#F-1.#f.#a.#f1)[M];"]}],"audition":{"start":[0,0],"end":[0,64]}}