{"baseBpm":132,"musics":[{"bpm":132,"baseBeats":0.25,"scores":["c3[MNO],5<d3[N],c3[N]>,5<d3[N],c3[N]>,5<b2[N],c3[N]>,(c.a3.F-1)[M],g3[M],f3[M],c3[M],a2[M],g2[M],f2[M],5<c2[N],B-1[N]>,(c.a1)[M],g1[M],f1[M],c1[M],(c.a)[M],g[M],f[M],c[M],(F-1.F-2.f)[M],g[M],a[M],c1[M],(d.f1)[M],g1[M],a1[M],(c.c2)[M],(a.f2)[M],g2[M],a2[M],c3[M],(f.f3)[M],g3[M],a3[M],(A-1.g3)[M],(F-1.c.f3)[M],c3[M],a2[M],g2[M],f2[M],c2[M],a1[M],5<g1[N],B-1[N]>,(f1.c)[M],c1[M],a[M],g[M],(c.f)[M],c[M],f[M],a[M],(E-1.g.E-2)[M],c[M],g[M],a[M],(d.#a)[M],c1[M],g1[M],(c.a1)[M],(g.#a1)[M],c2[M],g2[M],a2[M],(d1.#a2)[M],c3[M],g3[M],(E-1.a3)[M],(c.#a3)[M],(c1.a3)[M],g3[M],c3[M],#a2[M],a2[M],g2[M],5<c2[N],B-1[N]>,(#a1.c)[M],a1[M],g1[M],c1[M],(c.#a)[M],a[M],g[M],c[M],(E-2.E-1.g)[M],a[M],#a[M],c1[M],(d.g1)[M],a1[M],#a1[M],(c.c2)[M],(#a.g2)[M],a2[M],#a2[M],c3[M],(g.g3)[M],a3[M],#a3[M],(G-1.a3)[M],(g3.c.E-1)[M],c3[M],#a2[M],a2[M],g2[M],c2[M],#a1[M],5<a1[N],B-1[N]>,(g1.c)[M],c1[M],#a[M],a[M],(c.g)[M],c[M],g[M],#a[M],(F-2.F-1.a)[M],c[M],f[M],g[M],(d.a)[M],c1[M],f1[M],(c.g1)[M],(f.a1)[M],c2[M],f2[M],g2[M],(f1.a2)[M],c3[M],f3[M],a3[M],(f.f1.#a.d1.g3)[M],f3[M],d3[M],#a2[M],g2[M],f2[M],d2[M],#a1[M],(f1.c1.a.f.c2)[M],f2[M],g2[M],a2[M],(f1.c1.a.f.c3)[M],f3[M],g3[M],a3[M],(d1.#a.f1.f.g3)[M],f3[M],d3[M],#a2[M],g2[M],f2[M],d2[M],#a1[M],(c1.f1.f.a.c2)[M],f2[M],g2[M],a2[M],(a.f1.c3.c1.f)[M],f3[M],g3[M],a3[M],(g.g3.f1.b)[M],a3[M],g3[M],f3[M],d3[M],b2[M],c3[M],a2[M],(d1.g2)[M],a2[M],g2[M],f2[M],d2[M],b1[M],c2[M],a1[M],g1[M],a1[M],g1[M],f1[M],d1[M],b[M],c1[M],a[M],g[M],a[M],g[M],f[M],(G-1.d)[M],f[M],e[M],d[M],(C-1.G-1.c)[M],a[M],g[M],b[M],c1[M],a1[M],g1[M],b1[M],c2[M],a2[M],g2[M],b2[M],c3[M],a3[M],g3[M],5<b3[N],c[N]>,5<(g.c4)[N],e1[N]>,f3[M],e3[M],d4[M],c4[M],f3[M],e3[M],d4[M],c4[M],f3[M],e3[M],5<d4[N],c[N]>,5<g[N],(c4.#a)[N]>,e1[M],a3[M],5<#a3[N],F-1[N]>,(c.g3)[M],(a.a3)[M],(f1.g3)[M],f3[M],c3[M],a2[M],g2[M],f2[M],5<c2[N],B-1[N]>,(a1.c)[M],g1[M],f1[M],c1[M],(c.a)[M],g[M],f[M],c[M],(F-2.F-1.f)[M],g[M],a[M],c1[M],(d.f1)[M],g1[M],a1[M],(c.c2)[M],(a.f2)[M],g2[M],a2[M],c3[M],(f.f3)[M],g3[M],a3[M],(A-1.g3)[M],(F-1.f3.c)[M],c3[M],a2[M],g2[M],f2[M],c2[M],a1[M],5<g1[N],B-1[N]>,(f1.c)[M],c1[M],a[M],g[M],(c.f)[M],c[M],f[M],a[M],(g.E-2.E-1)[M],c[M],g[M],a[M],(#a.d)[M],c1[M],g1[M],(c.a1)[M],(g.#a1)[M],c2[M],g2[M],a2[M],(d1.#a2)[M],c3[M],g3[M],(E-1.a3)[M],(c.#a3)[M],(c1.a3)[M],g3[M],c3[M],#a2[M],a2[M],g2[M],5<c2[N],B-1[N]>,(#a1.c)[M],a1[M],g1[M],c1[M],(c.#a)[M],a[M],g[M],c[M],(g.E-1.E-2)[M],a[M],#a[M],c1[M],(d.g1)[M],a1[M],#a1[M],(c.c2)[M],(#a.g2)[M],a2[M],#a2[M],c3[M],(g.g3)[M],a3[M],#a3[M],(G-1.a3)[M],(E-1.c.g3)[M],c3[M],#a2[M],a2[M],g2[M],c2[M],#a1[M],5<a1[N],B-1[N]>,(g1.c)[M],c1[M],#a[M],a[M],(c.g)[M],c[M],g[M],#a[M],(a.F-1.F-2)[M],c[M],f[M],g[M],(a.d)[M],c1[M],f1[M],(g1.c)[M],(a1.f)[M],c2[M],f2[M],g2[M],(f1.a2)[M],c3[M],f3[M],a3[M],(g3.d1.f1.#a.f)[M],f3[M],d3[M],#a2[M],g2[M],f2[M],d2[M],#a1[M],(f.a.c1.f1.c2)[M],f2[M],g2[M],a2[M],(f.f1.c1.a.c3)[M],f3[M],g3[M],a3[M],(g3.d1.f1.#a.f)[M],f3[M],d3[M],#a2[M],g2[M],f2[M],d2[M],#a1[M],(c1.a.c2.f1.f)[M],f2[M],g2[M],a2[M],(f1.c1.f.a.c3)[M],f3[M],g3[M],5<(#A-1.a3)[N],f[N]>,5<(g.g3)[N],d1[N]>,a3[M],g3[M],f3[M],d3[M],#a2[M],c3[M],a2[M],g2[M],a2[M],g2[M],f2[M],d2[M],#a1[M],c2[M],a1[M],(g.f.d1.g1.c)[M],a1[M],g1[M],d2[M],c2[M],d2[M],c2[M],a2[M],(c1.e.g2)[M],a2[M],g2[M],d3[M],(#a.c3)[M],d3[M],c3[M],5<(F-1.d4~mute~c~e.c4~#a)[M]>,d4[M],c4[M],#a3[M],g3[M],e3[M],f3[M],d3[M],c3[M],d3[M],c3[M],#a2[M],g2[M],e2[M],f2[M],d2[M],5<(F-1.c2~mute~c~f.d2~a)[M]>,c2[M],a1[M],f1[M],c1[M],d1[M],#a[M],a[M],e[M],f[M],d[M],c[M],G-1[M],A-1[M],F-1[M],"],"id":1,"instruments":["piano","piano"],"alternatives":["",""]},{"bpm":132,"baseBeats":0.25,"scores":["(A-1.D-1.f3)[M],e3[M],d3[M],a2[M],f2[M],e2[M],d2[M],5<a1[N],#G-1[N]>,(f1.A-1)[M],e1[M],d1[M],a[M],(A-1.f)[M],e[M],d[M],A-1[M],(D-1.d.D-2)[M],e[M],f[M],a[M],(d1.#A-1)[M],e1[M],f1[M],(A-1.a1)[M],(f.d2)[M],e2[M],f2[M],a2[M],(d.d3)[M],e3[M],f3[M],(F-1.e3)[M],(D-1.A-1.d3)[M],a2[M],f2[M],e2[M],d2[M],a1[M],f1[M],5<e1[N],#G-1[N]>,(d1.A-1)[M],a[M],f[M],e[M],(A-1.d)[M],A-1[M],d[M],f[M],(#C-2.#C-1.e)[M],A-1[M],e[M],f[M],(#A-1.g)[M],a[M],e1[M],(f1.A-1)[M],(e.g1)[M],a1[M],e2[M],f2[M],(#a.g2)[M],a2[M],e3[M],(#C-1.f3)[M],(A-1.g3)[M],(a.f3)[M],e3[M],a2[M],g2[M],f2[M],e2[M],5<a1[N],#G-1[N]>,(g1.A-1)[M],f1[M],e1[M],a[M],(A-1.g)[M],f[M],e[M],A-1[M],(#C-2.#C-1.e)[M],f[M],g[M],a[M],(e1.#A-1)[M],f1[M],g1[M],(A-1.a1)[M],(g.e2)[M],f2[M],g2[M],a2[M],(e3.e)[M],f3[M],g3[M],(E-1.f3)[M],(A-1.#C-1.e3)[M],a2[M],g2[M],f2[M],e2[M],a1[M],g1[M],5<f1[N],#G-1[N]>,(e1.A-1)[M],a[M],g[M],f[M],(A-1.e)[M],A-1[M],e[M],g[M],(C-1.#f)[M],A-1[M],#d[M],e[M],(B-1.#f)[M],a[M],#d1[M],(A-1.e1)[M],(c.#f1)[M],a1[M],#d2[M],e2[M],(c1.#f2)[M],a2[M],#d3[M],e3[M],(B-1.#f3.b)[M],e3[M],#d3[M],c4[M],(#f1.#f3)[M],(#g1.e3)[M],(a1.#d3)[M],(#f2.a2)[M],(f1.f3)[M],(#f1.#d3)[M],(#g1.d3)[M],(b.b3)[M],(f1.f3)[M],(#f1.#d3)[M],(#g1.d3)[M],(f2.#g2)[M],(#a.f3)[M],#d3[M],d3[M],#a3[M],(#a.#a1.f3)[M],#d3[M],d3[M],(f1.f.#g2)[M],(#A-1.#a.f2)[M],#d2[M],d2[M],#g1[M],(F-1.f.f1)[M],#d1[M],d1[M],#g[M],(#A-1.#A-2)[LM],(f1.f3)[M],(g1.#d3)[M],(#g1.d3)[M],(f2.#g2)[M],(e1.e3)[M],(f1.d3)[M],(g1.#c3)[M],(#a.#a3)[M],(e1.e3)[M],(f1.d3)[M],(g1.#c3)[M],(e2.g2)[M],(a.e3)[M],d3[M],#c3[M],a3[M],(a1.a.e3)[M],d3[M],#c3[M],(e.e1.g2)[M],(A-1.a.e2)[M],d2[M],#c2[M],g1[M],(E-1.e.e1)[M],d1[M],#c1[M],g[M],(A-2.A-1)[K],(e1.e3)[M],(#f1.d3)[M],(g1.#c3)[M],(e2.g2)[M],(d1.d3)[M],(e1.#c3)[M],(#f1.b2)[M],(d2.#f2)[M],(#c1.#c3)[M],(d1.b2)[M],(e1.a2)[M],(#c2.e2)[M],(b.b2)[M],(#c1.a2)[M],(d1.g2)[M],(b1.d2)[M],(a.a2)[M],(b.g2)[M],(#c1.#f2)[M],(a1.#c2)[M],(g.g2)[M],(a.#f2)[M],(b.e2)[M],(g1.b1)[M],(#f.#f2)[M],(g.e2)[M],(a.d2)[M],(#f1.a1)[M],(e.e2)[M],(#f.d2)[M],(g.#c2)[M],(e1.g1)[M],(#d.d2)[M],(e.#c2)[M],(#f.b1)[M],(d1.#g1)[M],(#f.d2)[M],(g.#c2)[M],(a.b1)[M],(d1.#f1)[M],(g.d2)[M],(a.#c2)[M],(b.b1)[M],(d1.f1)[M],(a.#c2)[M],(b.b1)[M],(c1.a1)[M],(#c1.#f1)[M],(#d.c2)[M],(e.b1)[M],(#f.a1)[M],(c1.#f1)[M],(e.c2)[M],(#f.b1)[M],(g.a1)[M],(c1.e1)[M],(#f.c2)[M],(g.b1)[M],(a.a1)[M],(c1.#d1)[M],(g.b1)[M],(a.a1)[M],(#a.g1)[M],(b.e1)[M],(#c.#a1)[M],(d.a1)[M],(e.g1)[M],(#a.e1)[M],(d.#a1)[M],(e.a1)[M],(f.g1)[M],(#a.d1)[M],(e.#a1)[M],(f.a1)[M],(g.g1)[M],(#a.#c1)[M],(a.d1)[M],(g.e1)[M],(f.f1)[M],(A-1.d2)[M],(g.#c1)[M],(f.d1)[M],(e.e1)[M],(A-1.#c2)[M],(a.d1)[M],(g.e1)[M],(f.f1)[M],(A-1.d2)[M],(f.f1)[M],(e.g1)[M],(d.#g1)[M],(A-1.f2)[M],(#c.a1)[M],b1[M],#c2[M],a2[M],(A-2.A-1.a2)[M],b2[M],#c3[M],a3[M],#c3[M],b2[M],a2[M],a2[M],(#c2.e.#c)[M],b1[M],a1[M],a1[M],(d.#a1.f.A-1)[M],c2[M],d2[M],#a2[M],(g.#a2)[M],c3[M],d3[M],(f.#a3)[M],(#a.d3)[M],c3[M],#a2[M],#a2[M],(d1.d2)[M],c2[M],#a1[M],5<(#a1.A-1~mute~#d~f)[M]>,(b.b1)[M],#c2[M],#d2[M],b2[M],(A-2.b2.A-1)[M],#c3[M],#d3[M],b3[M],#d3[M],#c3[M],b2[M],b2[M],(#d2.f.d)[M],#c2[M],b1[M],b1[M],(A-1.g.c2.e)[M],d2[M],e2[M],c3[M],(a.c3)[M],d3[M],e3[M],(g.c4)[M],(c1.e3)[M],d3[M],c3[M],c3[M],(e1.e2)[M],d2[M],c2[M],5<(A-1.c2)[N],e[N]>,5<(g.#c2)[N],#c1[N]>,d2[M],e2[M],#c3[M],(A-2.A-1.e2)[M],f2[M],g2[M],e3[M],g2[M],a2[M],#a2[M],g3[M],(g.#a2)[M],(a.b2)[M],(#a.#c3)[M],(e1.#a3)[M],(#a.g2)[M],(c1.a2)[M],(#c1.#a2)[M],(g1.g3)[M],(#c1.e2)[M],(d1.f2)[M],(e1.g2)[M],(#a1.e3)[M],(e1.g2)[M],(f1.a2)[M],(g1.#a2)[M],(#c2.g3)[M],(g1.#a2)[M],(a1.c3)[M],(#a1.#c3)[M],(e2.#a3)[M],(g2.e3)[M],d3[M],#c3[M],g2[M],(g1.e3)[M],(a1.d3)[M],(#a1.#c3)[M],(#c1.#a3)[M],(g1.e3)[M],(a1.d3)[M],(#a1.#c3)[M],(e2.g2)[M],(g1.e3)[M],(a1.d3)[M],(#a1.#c3)[M],(#c1.#a3)[M],(g1.e3)[M],(a1.d3)[M],(#a1.#c3)[M],(e2.g2)[M],(#a1.#c3)[M],(a1.d3)[M],(g1.e3)[M],(#c1.#a3)[M],(g1.e3)[M],(a1.d3)[M],(#a1.#c3)[M],(e2.g2)[M],(#a1.#c3)[M],(a1.d3)[M],(g1.e3)[M],(#c1.#a3)[M],(g1.e3)[M],(a1.d3)[M],(#a1.c3)[M],(e2.g2)[M],(g1.e3)[M],(a1.d3)[M],(#a1.c3)[M],(c1.#a3)[M],(g1.e3)[M],(a1.d3)[M],(#a1.c3)[M],(e2.g2)[M],(g1.e3)[M],(a1.d3)[M],(#a1.c3)[M],(c1.#a3)[M],(g1.e3)[M],(a1.d3)[M],(#a1.c3)[M],(e2.g2)[M],(#a1.c3)[M],(a1.d3)[M],(g1.e3)[M],(c1.#a3)[M],(g1.e3)[M],(a1.d3)[M],(#a1.c3)[M],(e2.g2)[M],(#a1.c3)[M],(a1.d3)[M],(g1.e3)[M],(c1.#a3)[M],(g1.e3)[M],(a1.d3)[M],(#a1.c3)[M],(e2.g2)[M],(#g1.f3)[M],(a1.e3)[M],(b1.d3)[M],(f2.#g2)[M],(#g1.f3)[M],(a1.e3)[M],(b1.d3)[M],(f2.#g2)[M],(g1.e3)[M],(a1.d3)[M],(#a1.#c3)[M],(e2.g2)[M],(g1.e3)[M],(a1.d3)[M],(#a1.#c3)[M],(e2.g2)[M],(#g1.f3)[M],(a1.e3)[M],(b1.d3)[M],(f2.#g2)[M],(#g1.f3)[M],(a1.e3)[M],(b1.d3)[M],(f2.#g2)[M],(a1.#f3)[M],(#a1.e3)[M],(c2.#d3)[M],(#f2.a2)[M],(a1.#f3)[M],(#a1.e3)[M],(c2.#d3)[M],(#f2.a2)[M],(#a1.g3)[M],(c2.f3)[M],(#c2.e3)[M],(g2.#a2)[M],(#a1.g3)[M],(c2.f3)[M],(#c2.e3)[M],(g2.#a2)[M],(a1.#f3)[M],(#a1.e3)[M],(c2.#d3)[M],(#f2.a2)[M],(a1.#f3)[M],(#a1.e3)[M],(c2.#d3)[M],(#f2.a2)[M],(#a1.g3)[M],(c2.f3)[M],(#c2.e3)[M],(g2.#a2)[M],(#a1.g3)[M],(c2.f3)[M],(#c2.e3)[M],(g2.#a2)[M],(b1.#g3)[M],(c2.g3)[M],(d2.f3)[M],(#g2.b2)[M],"],"id":2,"instruments":["piano","piano"],"alternatives":["",""]},{"bpm":132,"baseBeats":0.25,"scores":["(a3.f1)[M],(c2.g3)[M],(a2.f3)[M],c3[M],a2[M],g2[M],f2[M],c2[M],(a1.c1.f)[M],g1[M],f1[M],c1[M],(F-1.c.a)[M],g[M],f[M],c[M],(F-2.f.F-1)[M],g[M],a[M],c1[M],(d.f1)[M],g1[M],a1[M],(c.c2)[M],(a.f2)[M],g2[M],a2[M],c3[M],(f.f3)[M],g3[M],a3[M],(A-1.g3)[M],(F-1.c.f3)[M],c3[M],a2[M],g2[M],f2[M],c2[M],a1[M],5<g1[N],B-1[N]>,(f1.c)[M],c1[M],a[M],g[M],(c.f)[M],c[M],f[M],a[M],(E-2.E-1.g)[M],c[M],g[M],a[M],(d.#a)[M],c1[M],g1[M],(c.a1)[M],(g.#a1)[M],c2[M],g2[M],a2[M],(d1.#a2)[M],c3[M],g3[M],5<a3[N],E-1[N]>,5<c[N],#a3[N]>,c1[N],a3[M],g3[M],c3[M],#a2[M],a2[M],g2[M],5<c2[N],B-1[N]>,(#a1.c)[M],a1[M],g1[M],c1[M],(c.#a)[M],a[M],g[M],c[M],(g.E-2.E-1)[M],a[M],#a[M],c1[M],(d.g1)[M],a1[M],#a1[M],(c.c2)[M],(#a.g2)[M],a2[M],#a2[M],c3[M],(g3.g)[M],a3[M],#a3[M],(a3.G-1)[M],(c.E-1.g3)[M],c3[M],#a2[M],a2[M],g2[M],c2[M],#a1[M],5<a1[N],B-1[N]>,(g1.c)[M],c1[M],#a[M],a[M],(g.c)[M],c[M],g[M],#a[M],(F-1.F-2.a)[M],c[M],f[M],g[M],(d.a)[M],c1[M],f1[M],(c.g1)[M],(f.a1)[M],c2[M],f2[M],g2[M],(f1.a2)[M],c3[M],f3[M],a3[M],(f.f1.d1.g3.#a)[M],f3[M],d3[M],#a2[M],g2[M],f2[M],d2[M],#a1[M],(c2.f.c1.f1.a)[M],f2[M],g2[M],a2[M],(c3.f1.a.c1.f)[M],f3[M],g3[M],a3[M],(g3.f.f1.#a.d1)[M],f3[M],d3[M],#a2[M],g2[M],f2[M],d2[M],#a1[M],(c2.f.f1.c1.a)[M],f2[M],g2[M],a2[M],(f.c3.c1.a.f1)[M],f3[M],g3[M],5<(#c.a3)[N],g[N]>,5<(g3.b)[N],f1[N]>,a3[M],g3[M],f3[M],b2[M],g2[M],f2[M],b1[M],g1[M],f1[M],b[M],g[M],f[M],B-1[M],G-1[M],F-1[M],B-2[M],#c[M],f[M],g[M],#c1[M],f1[M],g1[M],#c2[M],f2[M],g2[M],#c3[M],f3[M],g3[M],#c4[M],f4[M],f3[M],(c.C-1.c4)[M],g3[M],f3[M],c3[M],g2[M],f2[M],c2[M],g1[M],f1[M],c1[M],g[M],f[M],c[M],F-1[M],E-1[M],D-1[M],(#a1.#a.e1.C-1)[M],D-1[M],E-1[M],c[M],(D-1.d1)[M],E-1[M],F-1[M],c[M],(d1.D-1)[M],E-1[M],F-1[M],c[M],(E-1.a1.c1.#a)[M],F-1[M],G-1[M],(g1.c)[M],(F-1.f1)[M],a[M],e1[M],g1[M],f1[M],a1[M],e2[M],g2[M],(#d.c1.f2)[M],a2[M],g2[M],d2[M],(F-1.f2)[M],#d2[M],g1[M],a1[M],(#a.d.#a1)[M],#d2[M],d2[M],e1[M],(F-1.f1)[M],c2[M],#a1[M],#c1[M],d1[M],a1[M],g1[M],c1[M],(d.f.b)[M],#d1[M],d1[M],(a.c)[M],(#A-1.g)[M],a[M],g[M],d1[M],(e.c1)[M],d1[M],c1[M],(d.f1)[M],(e1.c)[M],f1[M],e1[M],a1[M],(c.g1)[M],a1[M],g1[M],5<(F-1.d2)[N],c[N]>,5<c2[N],a[N]>,e2[M],g2[M],f2[M],(f.#g2)[M],#a2[M],a2[M],b2[M],d3[M],c3[M],e3[M],g3[M],(f3.f1)[M],#g3[M],#a3[M],a3[M],(b3.f1.f.#d1)[M],c4[M],f4[M],e4[M],(f1.#d4)[M],c4[M],d4[M],#a3[M],(a3.#d1.g)[M],d4[M],c4[M],g3[M],(f1.f3.#d1.a)[M],d3[M],#d3[M],c3[M],(#a.d1.f1.#a2)[M],#d3[M],d3[M],e2[M],(f1.f2)[M],c3[M],#a2[M],#c2[M],(f.d2)[M],a2[M],g2[M],c2[M],(#a1.f1)[M],#d2[M],5<d2[N],c1[N]>,a1[M],(#a.g1)[M],a1[M],g1[M],d2[M],(e1.c2)[M],d2[M],c2[M],(d1.f2)[M],(c1.e2)[M],f2[M],e2[M],d3[M],(c1.c3)[M],d3[M],c3[M],d4[M],(f.d1.a.c4)[M],d4[M],c4[M],g3[M],(f3.c1)[M],g3[M],f3[M],d3[M],c3[M],d3[M],c3[M],g2[M],(f1.f2)[M],g2[M],f2[M],d2[M],(f.g.#a.c2)[M],d2[M],c2[M],f2[M],(e1.e2)[M],f2[M],e2[M],(d1.d3)[M],(c1.c3)[M],d3[M],c3[M],f3[M],(c1.e3)[M],f3[M],e3[M],d4[M],(f.a.d1.c4)[M],d4[M],c4[M],g3[M],(c1.f3)[M],g3[M],f3[M],d3[M],(c3.a1)[M],d3[M],c3[M],g2[M],(#a.g1.f2)[M],g2[M],(a.f2.f1)[M],d2[M],(f1.c2.f.#a.g)[M],#d2[M],f2[M],e2[M],(e1.#f2)[M],a2[M],g2[M],(d1.b2)[M],(c1.d3)[M],c3[M],#d3[M],f3[M],(c1.e3)[M],#f3[M],a3[M],5<(f.g3~mute~c1~e1)[MN]>,(#a1.#a3)[M],#f3[M],g3[M],d4[M],c4[M],a3[M],g3[M],d4[M],#a3[M],#f3[M],g3[M],d4[M],c4[M],a3[M],g3[M],5<(f1.d4)[N],c2[N]>,5<(e2.#a3)[N],#a2[N]>,#f3[M],g3[M],d4[M],c4[M],a3[M],g3[M],d4[M],#a3[M],#f3[M],g3[M],d4[M],c4[M],a3[M],g3[M],d4[M],c4[M],a3[M],g3[M],d4[M],c4[M],a3[M],g3[M],d4[M],c4[M],a3[M],g3[M],d4[M],c4[M],g3[M],a3[M],g3[KLM],(f3.f2)[M],(#a3.#a2)[M],(a2.a3)[M],(d2.d3)[M],(c2.c3)[M],(g2.g3)[M],(f2.f3)[M],(#a2.#a1)[M],(a1.a2)[M],(d2.d3)[M],(c2.c3)[M],(g1.g2)[M],(f1.f2)[M],(#a2.#a1)[M],(a1.a2)[M],(d1.d2)[M],(c2.c1)[M],(g1.g2)[M],(f1.f2)[M],(#a.#a1)[M],(a.a1)[M],(d1.d2)[M],(c1.c2)[M],(g.g1)[M],(f.f1)[M],(#a.#a1)[M],(a.a1)[M],(d.d1)[M],(c1.c)[M],(g.g1)[M],(f.f1)[M],(#A-1.#a)[M],(A-1.a)[M],(d.d1)[M],(c.c1)[M],(g.G-1)[M],(F-1.f)[M],(d.d1)[M],(c.c1)[M],(#A-1.#a)[M],(A-1.a)[M],(d.d1)[M],(c.c1)[M],(g.G-1)[M],(f.F-1)[M],(d.d1)[M],(c.c1)[M],(#a.#A-1)[M],(a.A-1)[M],(d.d1)[M],(c1.c)[M],(g.G-1)[M],(F-1.f)[M],(d.d1)[M],(c.c1)[M],(#a.#A-1)[M],(A-1.a)[M],(d.d1)[M],(c.c1)[M],(g.G-1)[M],(f.F-1)[M],(A-1.a)[M],(c.c1)[M],(e.e1)[M],(f.f1)[M],(a1.a)[M],(c1.c2)[M],(e1.e2)[M],(f1.f2)[M],(a2.a1)[M],(c2.c3)[M],(e2.e3)[M],(f3.f2)[M],(a2.a3)[M],(c3.c4)[M],(e4.e3)[M],(f4.f3)[LOP],5<#c[N],e[N]>,5<a[N],a1[N]>,5<(#c1.e2)[N],a2[N]>,TUV,5<d[N],f[N]>,5<a[N],d1[N]>,5<a1[N],d2[N]>,5<f2[N],a2[N]>,TUV,5<c[N],g[N]>,5<#a[N],e1[N]>,5<c2[N],g2[N]>,c3[M],TUV,5<F-1[N],c[N]>,5<a[N],f1[N]>,5<c2[N],f2[N]>,5<a2[N],c3[N]>,f3[M],RS,"],"id":3,"instruments":["piano","piano"],"alternatives":["",""]}],"audition":{"start":[0,0],"end":[0,255]}}