{"baseBpm":1,"musics":[{"id":1,"baseBeats":0.25,"scores":["5<(C-1@c)[M]>,c[M],g[M],c1[M],e1[M],c1[M],g1[M],c2[M],e2[M],c2[M],g2[M],c3[M],e3[M],c3[M],g3[M],c4[M],e4[M],c4[M],g3[M],c3[M],e3[M],c3[M],g2[M],c2[M],e2[M],c2[M],g1[M],c1[M],e1[M],c1[M],g[M],c[M],5<(F-2@F-1)[M]>,c[M],a[M],c1[M],f1[M],c1[M],a1[M],c2[M],f2[M],c2[M],a2[M],c3[M],f3[M],c3[M],a3[M],c4[M],5<(#F-2@#F-1@e4)[M]>,c4[M],a3[M],c3[M],e3[M],c3[M],a2[M],c2[M],e2[M],c2[M],a1[M],c1[M],d1[M],c1[M],a[M],c[M],5<(G-2@G-1)[M]>,B-1[M],g[M],b[M],d1[M],b[M],g1[M],b1[M],5<(#F-2@#F-1@d2)[M]>,b1[M],g2[M],b2[M],5<(E-2@E-1@d3)[M]>,b2[M],g3[M],a3[M],5<(D-2@D-1@d4)[M]>,a3[M],#f3[M],c3[M],d3[M],a2[M],#f2[M],c2[M],d2[M],a1[M],#f1[M],c1[M],d1[M],a[M],#f[M],c[M],5<(G-2@G-1)[M]>,c[M],f[M],#g[M],d1[M],c1[M],f1[M],#g1[M],d2[M],c2[M],f2[M],#g2[M],d3[M],c3[M],f3[M],#g3[M],d4[M],g3[M],f3[M],b2[M],d3[M],g2[M],f2[M],b1[M],d2[M],g1[M],f1[M],b[M],#d1[M],g[M],f[M],B-1[M],5<(C-1@c)[M]>,c[M],g[M],c1[M],e1[M],c1[M],g1[M],c2[M],e2[M],c2[M],g2[M],c3[M],e3[M],c3[M],g3[M],c4[M],e4[M],c4[M],g3[M],c3[M],e3[M],c3[M],g2[M],c2[M],e2[M],c2[M],g1[M],c1[M],e1[M],c1[M],g[M],c[M],5<(A-2@A-1)[M]>,c[M],f[M],c1[M],f1[M],c1[M],f1[M],c2[M],f2[M],c2[M],f2[M],c3[M],f3[M],c3[M],f3[M],c4[M],e4[M],c4[M],#f3[M],c3[M],e3[M],c3[M],#f2[M],c2[M],e2[M],c2[M],#f1[M],c1[M],e1[M],c1[M],#f[M],c[M],5<(G-2@G-1)[M]>,c[M],g[M],c1[M],d1[M],c1[M],g1[M],c2[M],d2[M],c2[M],g2[M],c3[M],d3[M],c3[M],g3[M],c4[M],d4[M],b3[M],g3[M],b2[M],d3[M],b2[M],g2[M],b1[M],d2[M],b1[M],g1[M],b[M],d1[M],b[M],g[M],B-1[M],5<(C-1@c)[M]>,d[M],g[M],d1[M],e1[M],d1[M],g1[M],d2[M],e2[M],d2[M],g2[M],d3[M],e3[M],d3[M],g3[M],d4[M],e4[M],c4[M],g3[M],c3[M],e3[M],c3[M],g2[M],c2[M],e2[M],c2[M],g1[M],c1[M],e1[M],c1[M],g[M],c[M],5<(A-2@A-1)[M]>,e[M],c1[M],e1[M],f1[M],e1[M],c2[M],e2[M],f2[M],e2[M],c3[M],e3[M],f3[M],e3[M],c4[M],e4[M],5<(B-2@B-1@f4)[M]>,d4[M],b3[M],d3[M],f3[M],d3[M],b2[M],d2[M],5<(A-2@A-1@f2)[M]>,d2[M],b1[M],d1[M],f1[M],d1[M],b[M],d[M],5<(#G-2@#G-1)[M]>,d[M],b[M],d1[M],e1[M],d1[M],b1[M],d2[M],e2[M],d2[M],b2[M],d3[M],e3[M],d3[M],b3[M],d4[M],5<(A-2@A-1@e4)[M]>,c4[M],a3[M],c3[M],e3[M],c3[M],a2[M],c2[M],5<(G-2@G-1@e2)[M]>,c2[M],a1[M],c1[M],e1[M],c1[M],a[M],c[M],5<(F-2@F-1)[M]>,c[M],a[M],c1[M],e1[M],c1[M],a1[M],c2[M],e2[M],c2[M],a2[M],c3[M],e3[M],c3[M],a3[M],c4[M],#d4[M],b3[M],a3[M],b2[M],#d3[M],b2[M],a2[M],b1[M],#d2[M],b1[M],a1[M],b[M],#d1[M],b[M],a[M],B-1[M],5<(E-2@E-1)[M]>,B-1[M],a[M],b[M],e1[M],b[M],a1[M],b1[M],e2[M],b1[M],a2[M],b2[M],e3[M],b2[M],a3[M],b3[M],e4[M],b3[M],#g3[M],b2[M],e3[M],b2[M],#g2[M],b1[M],e2[M],b1[M],#g1[M],b[M],e1[M],b[M],#g[M],B-1[M],5<(A-2@A-1)[M]>,e[M],a[M],#c1[M],g1[M],e1[M],a1[M],#c2[M],g2[M],e2[M],a2[M],#c3[M],g3[M],#c3[M],a2[M],e2[M],5<(D-1@d@g3)[M]>,c3[M],a2[M],e2[M],g2[M],c2[M],a1[M],e1[M],g1[M],c1[M],a[M],e[M],"]},{"id":2,"baseBeats":0.25,"scores":["#f1[M],c1[M],a[M],d[M],5<(G-2@G-1)[M]>,d[M],g[M],c1[M],f1[M],d1[M],g1[M],c2[M],f2[M],d2[M],g2[M],c3[M],f3[M],d3[M],g3[M],c4[M],f4[M],b3[M],g3[M],d3[M],f3[M],b2[M],g2[M],d2[M],f2[M],b1[M],g1[M],d1[M],f1[M],b[M],g[M],d[M],5<(C-1@c)[M]>,c[M],g[M],#a[M],e1[M],c1[M],g1[M],#a1[M],e2[M],c2[M],g2[M],#a2[M],e3[M],c3[M],g3[M],c4[M],5<(#F-2@#F-1@#d4)[M]>,#a3[M],#d3[M],c3[M],#d3[M],#a2[M],#d2[M],c2[M],#d2[M],#a1[M],#d1[M],c1[M],#d1[M],#a[M],#d[M],c[M],5<(F-2@F-1)[M]>,c[M],#d[M],a[M],#d1[M],c1[M],#d1[M],a1[M],#d2[M],c2[M],#d2[M],a2[M],#d3[M],c3[M],#d3[M],a3[M],5<(B-2@B-1@#d4)[M]>,#g3[M],#d3[M],b2[M],#d3[M],#g2[M],#d2[M],b1[M],#d2[M],#g1[M],#d1[M],b[M],#d1[M],#g[M],#d[M],B-1[M],#A-2[M],#A-1[M],f[M],#g[M],d1[M],#a[M],f1[M],#g1[M],d2[M],#a1[M],f2[M],#g2[M],d3[M],#a2[M],f3[M],#g3[M],5<(#A-1@d4)[M]>,#g3[M],e3[M],#a2[M],d3[M],#g2[M],e2[M],#a1[M],d2[M],#g1[M],e1[M],#a[M],d1[M],#g[M],e[M],#A-1[M],5<(A-2@A-1)[M]>,A-1[M],e[M],a[M],#c1[M],a[M],e1[M],a1[M],#c2[M],a1[M],e2[M],a2[M],#c3[M],a2[M],e3[M],a3[M],#c4[M],a3[M],e3[M],a2[M],#c3[M],a2[M],e2[M],a1[M],#c2[M],a1[M],e1[M],a[M],#c1[M],a[M],e[M],A-1[M],D-1[M],A-1[M],d[M],#f[M],c1[M],a[M],d1[M],#f1[M],c2[M],a1[M],d2[M],#f2[M],c3[M],a2[M],d3[M],#f3[M],5<(G-2@G-1@c4)[M]>,f3[M],d3[M],g2[M],c3[M],f2[M],d2[M],g1[M],c2[M],f1[M],d1[M],g[M],b[M],f[M],d[M],G-1[M],C-1[M],G-1[M],c[M],e[M],b[M],g[M],c1[M],e1[M],b1[M],g1[M],c2[M],e2[M],b2[M],g2[M],c3[M],e3[M],5<(F-2@F-1@b3)[M]>,e3[M],c3[M],f2[M],b2[M],e2[M],c2[M],f1[M],b1[M],e1[M],c1[M],f[M],a[M],e[M],c[M],F-1[M],B-2[M],F-1[M],B-1[M],d[M],a[M],f[M],b[M],d1[M],a1[M],f1[M],b1[M],d2[M],a2[M],f2[M],b2[M],d3[M],5<(E-2@E-1@g3)[M]>,d3[M],b2[M],e2[M],g2[M],d2[M],b1[M],e1[M],5<(A-2@A-1@a1)[M]>,c2[M],g2[M],e2[M],a2[M],c3[M],g3[M],e3[M],5<(D-2@D-1@f3)[M]>,c3[M],a2[M],d2[M],f2[M],c2[M],a1[M],d1[M],5<(G-2@G-1@g1)[M]>,b1[M],f2[M],d2[M],g2[M],b2[M],f3[M],d3[M],5<(C-2@C-1@e3)[M]>,b2[M],g2[M],c2[M],e2[M],b1[M],g1[M],c1[M],5<(F-2@F-1@f1)[M]>,a1[M],e2[M],c2[M],f2[M],a2[M],e3[M],c3[M],5<(B-2@B-1@d3)[M]>,a2[M],f2[M],b1[M],d2[M],a1[M],f1[M],b[M],d1[M],a[M],f[M],B-1[M],B-2[K],5<(B-1@#d3)[M]>,a2[M],#f2[M],b1[M],#d2[M],a1[M],#f1[M],b[M],#d1[M],a[M],#f[M],B-1[M],B-2[K],5<(E-2@E-1)[M]>,B-1[M],e[M],#g[M],e1[M],b[M],e1[M],#g1[M],e2[M],b1[M],e2[M],#g2[M],e3[M],b2[M],e3[M],#g3[M],e4[M],#g3[M],e3[M],b2[M],e3[M],#g2[M],e2[M],b1[M],e2[M],#g1[M],e1[M],b[M],5<(D-2@D-1@f1)[M]>,b[M],g[M],d[M],5<(C-2@C-1)[M]>,c[M],g[M],c1[M],e1[M],c1[M],g1[M],c2[M],e2[M],c2[M],g2[M],c3[M],e3[M],c3[M],g3[M],c4[M],5<(c@e4)[M]>,c4[M],g3[M],c3[M],e3[M],c3[M],g2[M],c2[M],e2[M],c2[M],g1[M],c1[M],e1[M],c1[M],g[M],c[M],5<(F-2@F-1)[M]>,c[M],a[M],c1[M],f1[M],c1[M],a1[M],c2[M],f2[M],c2[M],a2[M],c3[M],f3[M],c3[M],a3[M],c4[M],5<(#F-2@#F-1@e4)[M]>,c4[M],a3[M],c3[M],e3[M],c3[M],"]},{"id":3,"baseBeats":0.25,"scores":["a2[M],c2[M],e2[M],c2[M],a1[M],c1[M],d1[M],c1[M],a[M],c[M],5<(G-2@G-1)[M]>,B-1[M],g[M],b[M],d1[M],b[M],g1[M],b1[M],5<(#F-2@#F-1@d2)[M]>,b1[M],g2[M],b2[M],5<(E-2@E-1@d3)[M]>,b2[M],g3[M],a3[M],5<(D-2@D-1@d4)[M]>,a3[M],#f3[M],c3[M],d3[M],a2[M],#f2[M],c2[M],d2[M],a1[M],#f1[M],c1[M],d1[M],a[M],#f[M],c[M],5<(G-2@G-1)[M]>,c[M],f[M],#g[M],d1[M],c1[M],f1[M],#g1[M],d2[M],c2[M],f2[M],#g2[M],d3[M],c3[M],f3[M],#g3[M],d4[M],g3[M],f3[M],b2[M],d3[M],g2[M],f2[M],b1[M],d2[M],g1[M],f1[M],b[M],#d1[M],g[M],f[M],B-1[M],5<(C-1@c)[M]>,c[M],g[M],c1[M],e1[M],c1[M],g1[M],c2[M],e2[M],c2[M],g2[M],c3[M],e3[M],c3[M],g3[M],c4[M],e4[M],c4[M],g3[M],c3[M],e3[M],c3[M],g2[M],c2[M],e2[M],c2[M],g1[M],c1[M],e1[M],c1[M],g[M],c[M],5<(A-2@A-1)[M]>,c[M],f[M],c1[M],f1[M],c1[M],f1[M],c2[M],f2[M],c2[M],f2[M],c3[M],f3[M],c3[M],f3[M],c4[M],e4[M],c4[M],#f3[M],c3[M],e3[M],c3[M],#f2[M],c2[M],#d2[M],c2[M],#f1[M],c1[M],5<(#G-2@#G-1@#d1)[M]>,c1[M],#f[M],c[M],5<(G-2@G-1)[M]>,c[M],g[M],c1[M],d1[M],c1[M],g1[M],c2[M],d2[M],c2[M],g2[M],c3[M],d3[M],c3[M],g3[M],c4[M],d4[M],b3[M],g3[M],b2[M],d3[M],b2[M],g2[M],b1[M],d2[M],b1[M],g1[M],b[M],d1[M],b[M],g[M],B-1[M],5<(#F-2@#F-1)[M]>,c[M],a[M],c1[M],d1[M],c1[M],a1[M],c2[M],d2[M],c2[M],a2[M],c3[M],d3[M],c3[M],a3[M],c4[M],5<(F-2@F-1@#d4)[M]>,c4[M],a3[M],c3[M],#d3[M],c3[M],a2[M],c2[M],#d2[M],b1[M],a1[M],b[M],#d1[M],b[M],a[M],B-1[M],5<(E-2@E-1)[M]>,B-1[M],#g[M],b[M],e1[M],b[M],#g1[M],b1[M],e2[M],b1[M],#g2[M],b2[M],e3[M],b2[M],#g3[M],b3[M],5<(e@e4)[M]>,b3[M],#g3[M],b2[M],e3[M],b2[M],#g2[M],b1[M],e2[M],b1[M],#g1[M],b[M],e1[M],b[M],#g[M],B-1[M],D-1[M],d[M],a[M],c1[M],f1[M],d1[M],a1[M],c2[M],f2[M],d2[M],a2[M],c3[M],f3[M],d3[M],a3[M],c4[M],5<(G-2@G-1@f4)[M]>,b3[M],g3[M],d3[M],f3[M],b2[M],g2[M],d2[M],f2[M],b1[M],g1[M],d1[M],f1[M],b[M],g[M],d[M],C-1[M],c[M],g[M],c1[M],e1[M],c1[M],g1[M],c2[M],e2[M],c2[M],#a2[M],c3[M],g3[M],c3[M],#a2[M],e2[M],5<(c@#f3)[M]>,c3[M],a2[M],#d2[M],#f2[M],c2[M],a1[M],#d1[M],f2[M],b1[M],#g1[M],d1[M],f1[M],b[M],#g[M],d[M],C-1[M],c[M],g[M],c1[M],e1[M],c1[M],g1[M],c2[M],e2[M],c2[M],g2[M],c3[M],e3[M],c3[M],g2[M],c2[M],5<(G-2@G-1@#d3)[M]>,a2[M],#f2[M],c2[M],#d2[M],a1[M],#f1[M],c1[M],d2[M],#g1[M],f1[M],b[M],d1[M],#g[M],f[M],B-1[M],5<(G-2@G-1)[M]>,#A-1[M],e[M],g[M],#c1[M],#a[M],e1[M],g1[M],#c2[M],#a1[M],e2[M],g2[M],#c3[M],#a2[M],e3[M],g3[M],#c4[M],#f3[M],#d3[M],a2[M],#c3[M],#f2[M],#d2[M],a1[M],#c2[M],#f1[M],#d1[M],a[M],c2[M],#f1[M],#d1[M],a[M],5<(G-2@G-1)[M]>,#g[M],d1[M],f1[M],c2[M],#g1[M],d2[M],f2[M],c3[M],#g2[M],d3[M],f3[M],c4[M],f3[M],d3[M],#g2[M],b3[M],f3[M],d3[M],g2[M],b2[M],f2[M],d2[M],g1[M],b1[M],f1[M],d1[M],g[M],b[M],f[M],d[M],G-1[M],5<(C-2@C-1)[M]>,G-1[M],e[M],g[M],c1[M],g[M],e1[M],g1[M],c2[M],g1[M],e2[M],g2[M],c3[M],g2[M],e3[M],g3[M],c4[M],g3[M],e3[M],g2[M],c3[M],g2[M],e2[M],g1[M],c2[M],g1[M],e1[M],g[M],c1[M],g[M],e[M],G-1[M],(C-2@C-1)[I],V,"]}],"audition":{"start":[0,0],"end":[2,0]}}