{"baseBpm":35,"musics":[{"id":1,"baseBeats":0.25,"scores":["c5[M],c5[M],c5[M],c5[M],c5[M],c5[M],c5[M],c5[M],c5[M],c5[M],c5[M],c5[M],c5[M],c5[M],c5[M],c5[M],c5[M],c5[M],c5[M],c5[M],c5[M],c5[M],c5[M],c5[M],c5[M],c5[M],c5[M],c5[M],c5[M],c5[M],c5[M],c5[M],c5[M],c5[M],c5[M],c5[M],c5[M],c5[M],c5[M],c5[M],c5[M],c5[M],c5[M],c5[M],c5[M],c5[M],c5[M],c5[M],c5[M],c5[M],c5[M],c5[M],c5[M],c5[M],c5[M],c5[M],c5[M],c5[M],c5[M],c5[M],c5[M],c5[M],c5[M],c5[M],c5[M],c5[M],c5[M],c5[M],c5[M],c5[M],c5[M],c5[M],c5[M],c5[M],c5[M],c5[M],c5[M],c5[M],c5[M],c5[M],c5[M],c5[M],c5[M],c5[M],c5[M],c5[M],c5[M],c5[M],c5[M],c5[M],c5[M],c5[M],c5[M],c5[M],c5[M],c5[M],c5[M],c5[M],c5[M],c5[M],c5[M],c5[M],c5[M],c5[M],c5[M],c5[M],c5[M],c5[M],c5[M],c5[M],c5[M],c5[M],c5[M],c5[M],c5[M],c5[M],c5[M],c5[M],c5[M],c5[M],c5[M],c5[M],c5[M],c5[M],c5[M],c5[M],c5[M],c5[M],c5[M],c5[M],c5[M],c5[M],c5[M],c5[M],c5[M],c5[M],c5[M],c5[M],c5[M],c5[M],c5[M],c5[M],c5[M],c5[M],c5[M],c5[M],c5[M],c5[M],c5[M],c5[M],c5[M],c5[M],c5[M],c5[M],c5[M],c5[M],c5[M],c5[M],c5[M],c5[M],c5[M],c5[M],c5[M],c5[M],c5[M],c5[M],c5[M],c5[M],c5[M],c5[M],c5[M],c5[M],c5[M],c5[M],c5[M],c5[M],c5[M],c5[M],c5[M],c5[M],c5[M],c5[M],c5[M],c5[M],c5[M],c5[M],c5[M],c5[M],c5[M],c5[M],c5[M],c5[M],c5[M],c5[M],c5[M],c5[M],c5[M],c5[M],c5[M],c5[M],c5[M],c5[M],c5[M],c5[M],c5[M],c5[M],c5[M],c5[M],c5[M],c5[M],c5[M],c5[M],c5[M],c5[M],c5[M],c5[M],c5[M],c5[M],c5[M],c5[M],c5[M],c5[M],c5[M],c5[M],c5[M],c5[M],c5[M],c5[M],c5[M],c5[M],c5[M],c5[M],c5[M],c5[M],c5[M],c5[M],c5[M],c5[M],c5[M],c5[M],c5[M],c5[M],c5[M],c5[M],c5[M],c5[M],c5[M],c5[M],c5[M],c5[M],c5[M],c5[M],c5[M],c5[M],c5[M],c5[M],c5[M],c5[M],c5[M],c5[M],c5[M],c5[M],c5[M],c5[M],c5[M],c5[M],c5[M],c5[M],c5[M],c5[M],c5[M],c5[M],c5[M],c5[M],c5[M],c5[M],c5[M],c5[M],c5[M],c5[M],c5[M],c5[M],c5[M],c5[M],c5[M],c5[M],c5[M],c5[M],c5[M],c5[M],c5[M],c5[M],c5[M],c5[M],c5[M],c5[M],c5[M],c5[M],c5[M],c5[M],c5[M],c5[M],c5[M],c5[M],c5[M],c5[M],c5[M],c5[M],c5[M],c5[M],c5[M],c5[M],c5[M],c5[M],c5[M],c5[M],c5[M],c5[M],c5[M],c5[M],c5[M],c5[M],c5[M],c5[M],c5[M],c5[M],c5[M],c5[M],c5[M],c5[M],c5[M],c5[M],c5[M],c5[M],c5[M],c5[M],c5[M],c5[M],c5[M],c5[M],c5[M],c5[M],c5[M],c5[M],c5[M],c5[M],c5[M],c5[M],c5[M],c5[M],c5[M],c5[M],c5[M],c5[M],c5[M],c5[M],c5[M],c5[M],c5[M],c5[M],c5[M],c5[M],c5[M],c5[M],c5[M],c5[M],c5[M],c5[M],c5[M],c5[M],c5[M],c5[M],c5[M],c5[M],c5[M],c5[M],c5[M],c5[M],c5[M],c5[M],c5[M],c5[M],c5[M],c5[M],c5[M],c5[M],c5[M],c5[M],c5[M],c5[M],c5[M],c5[M],c5[M],c5[M],c5[M],c5[M],c5[M],c5[M],c5[M],c5[M],c5[M],c5[M],c5[M],c5[M],c5[M],c5[M],c5[M],c5[M],c5[M],c5[M],c5[M],c5[M],c5[M],c5[M],c5[M],c5[M],c5[M],c5[M],c5[M],c5[M],c5[M],c5[M],c5[M],c5[M],c5[M],c5[M],c5[M],c5[M],c5[M],c5[M],c5[M],c5[M],c5[M],c5[M],c5[M],c5[M],c5[M],c5[M],c5[M],c5[M],c5[M],c5[M],c5[M],c5[M],c5[M],c5[M],c5[M],c5[M],c5[M],c5[M],c5[M],c5[M],c5[M],c5[M],c5[M],c5[M],c5[M],c5[M],c5[M],c5[M],c5[M],c5[M],c5[M],c5[M],c5[M],c5[M],c5[M],c5[M],c5[M],c5[M],c5[M],c5[M],c5[M],c5[M],c5[M],c5[M],c5[M],c5[M],c5[M],c5[M],c5[M],c5[M],c5[M],c5[M],c5[M],c5[M],c5[M],c5[M],c5[M],c5[M],c5[M],c5[M],c5[M],c5[M],c5[M],c5[M],c5[M],c5[M],c5[M],c5[M],c5[M],c5[M],c5[M],c5[M],c5[M],c5[M],c5[M],c5[M],c5[M],c5[M],c5[M],c5[M],c5[M],c5[M],c5[M],c5[M],c5[M],c5[M],c5[M],c5[M],c5[M],c5[M],c5[M],c5[M],c5[M],c5[M],c5[M],c5[M],c5[M],c5[M],c5[M],c5[M],c5[M],c5[M],c5[M],c5[M],c5[M],c5[M],c5[M],c5[M],c5[M],c5[M],c5[M],c5[M],c5[M],c5[M],c5[M],c5[M],c5[M],c5[M],c5[M],c5[M],c5[M],c5[M],c5[M],c5[M],c5[M],c5[M],c5[M],c5[M],c5[M],c5[M],c5[M],c5[M],c5[M],c5[M],c5[M],c5[M],c5[M],c5[M],c5[M],c5[M],c5[M],c5[M],c5[M],c5[M],c5[M],c5[M],c5[M],c5[M],c5[M],c5[M],c5[M],c5[M],c5[M],c5[M],c5[M],c5[M],c5[M],c5[M],c5[M],c5[M],c5[M],c5[M],c5[M],c5[M],c5[M],c5[M],c5[M],c5[M],c5[M],c5[M],c5[M],c5[M],c5[M],c5[M],c5[M],c5[M],c5[M],c5[M],c5[M],c5[M],c5[M],c5[M],c5[M],c5[M],c5[M],c5[M],c5[M],c5[M],c5[M],c5[M],c5[M],c5[M],c5[M],c5[M],c5[M],c5[M],c5[M],c5[M],c5[M],c5[M],c5[M],c5[M],c5[M],c5[M],c5[M],c5[M],c5[M],c5[M],c5[M],c5[M],c5[M],c5[M],c5[M],c5[M],c5[M],c5[M],c5[M],c5[M],c5[M],c5[M],c5[M],c5[M],c5[M],c5[M],c5[M],c5[M],c5[M],c5[M],c5[M],c5[M],c5[M],c5[M],c5[M],c5[M],c5[M],c5[M],c5[M],c5[M],c5[M],c5[M],c5[M],c5[M],c5[M],c5[M],c5[M],c5[M],c5[M],c5[M],c5[M],c5[M],c5[M],c5[M],c5[M],c5[M],c5[M],c5[M],c5[M],c5[M],c5[M],c5[M],c5[M],c5[M],c5[M],c5[M],c5[M],c5[M],c5[M],c5[M],c5[M],c5[M],c5[M],c5[M],c5[M],c5[M],c5[M],c5[M],c5[M],c5[M],c5[M],c5[M],c5[M],c5[M],c5[M],c5[M],c5[M],c5[M],c5[M],c5[M],c5[M],c5[M],c5[M],c5[M],c5[M],c5[M],c5[M],c5[M],c5[M],c5[M],c5[M],c5[M],c5[M],c5[M],c5[M],c5[M],c5[M],c5[M],c5[M],c5[M],c5[M],c5[M],c5[M],c5[M],c5[M],c5[M],c5[M],c5[M],c5[M],c5[M],c5[M],c5[M],c5[M],c5[M],c5[M],c5[M],c5[M],c5[M],c5[M],c5[M],c5[M],c5[M],c5[M],c5[M],c5[M],c5[M],c5[M],c5[M],c5[M],c5[M],c5[M],c5[M],c5[M],c5[M],c5[M],c5[M],c5[M],c5[M],c5[M],c5[M],c5[M],c5[M],c5[M],c5[M],c5[M],c5[M],c5[M],c5[M],c5[M],c5[M],c5[M],c5[M],c5[M],c5[M],c5[M],c5[M],c5[M],c5[M],c5[M],c5[M],c5[M],c5[M],c5[M],c5[M],c5[M],c5[M],c5[M],c5[M],c5[M],c5[M],c5[M],c5[M],c5[M],c5[M],c5[M],c5[M],c5[M],c5[M],c5[M],c5[M],c5[M],c5[M],c5[M],c5[M],c5[M],c5[M],c5[M],c5[M],c5[M],c5[M],c5[M],c5[M],c5[M],c5[M],c5[M],c5[M],c5[M],c5[M],c5[M],c5[M],c5[M],c5[M],c5[M],c5[M],c5[M],c5[M],c5[M],c5[M],c5[M],c5[M],c5[M],c5[M],c5[M],c5[M],c5[M],c5[M],c5[M],c5[M],c5[M],c5[M],c5[M],c5[M],c5[M],c5[M],c5[M],c5[M],c5[M],c5[M],c5[M],c5[M],c5[M],c5[M],c5[M],c5[M],c5[M],c5[M],c5[M],c5[M],c5[M],c5[M],c5[M],c5[M],c5[M],c5[M],c5[M],c5[M],c5[M],c5[M],c5[M],c5[M],c5[M],c5[M],c5[M],c5[M],c5[M],c5[M],c5[M],c5[M],c5[M],c5[M],c5[M],c5[M],c5[M],c5[M],c5[M],c5[M],c5[M],c5[M],c5[M],c5[M],c5[M],c5[M],c5[M],c5[M],c5[M],c5[M],c5[M],c5[M],c5[M],c5[M],c5[M],c5[M],c5[M],c5[M],c5[M],c5[M],c5[M],c5[M],c5[M],c5[M],c5[M],c5[M],c5[M],c5[M],c5[M],c5[M],c5[M],c5[M],c5[M],c5[M],c5[M],c5[M],c5[M],c5[M],c5[M],c5[M],c5[M],c5[M],c5[M],c5[M],c5[M],c5[M],c5[M],c5[M],c5[M],c5[M],c5[M],c5[M],c5[M],c5[M],c5[M],c5[M],c5[M],c5[M],c5[M],c5[M],c5[M],c5[M],c5[M],c5[M],c5[M],c5[M],c5[M],c5[M],c5[M],c5[M],c5[M],c5[M],c5[M],c5[M],c5[M],c5[M],c5[M],c5[M],c5[M],c5[M],c5[M],c5[M],c5[M],c5[M],c5[M],c5[M],c5[M],c5[M],c5[M],c5[M],c5[M],c5[M],c5[M],c5[M],c5[M],c5[M],c5[M],c5[M],c5[M],c5[M],c5[M],c5[M],c5[M],c5[M],c5[M],c5[M],c5[M],c5[M],c5[M],c5[M],c5[M],c5[M],c5[M],c5[M],c5[M],c5[M],c5[M],c5[M],c5[M],c5[M],c5[M],c5[M],c5[M],c5[M],c5[M],c5[M],c5[M],c5[M],c5[M],c5[M],c5[M],c5[M],c5[M],c5[M],c5[M],c5[M],c5[M],c5[M],c5[M],c5[M],c5[M],c5[M],c5[M],c5[M],c5[M],c5[M],c5[M],c5[M],c5[M],c5[M],c5[M],c5[M],c5[M],c5[M],c5[M],c5[M],c5[M],c5[M],c5[M],c5[M],c5[M],c5[M],c5[M],c5[M],c5[M],c5[M],c5[M],c5[M],c5[M],c5[M],c5[M],c5[M],c5[M],c5[M],c5[M],c5[M],c5[M],c5[M],c5[M],c5[M],c5[M],c5[M],c5[M],c5[M],c5[M],c5[M],c5[M],c5[M],c5[M],c5[M],c5[M],c5[M],c5[M],c5[M],c5[M],c5[M],c5[M],c5[M],c5[M],c5[M],c5[M],c5[M],c5[M],c5[M],c5[M],c5[M],c5[M],c5[M],c5[M],c5[M],c5[M],c5[M],c5[M],c5[M],c5[M],c5[M],c5[M],c5[M],c5[M],c5[M],c5[M],c5[M],c5[M],c5[M],c5[M],c5[M],c5[M],c5[M],c5[M],c5[M],c5[M],c5[M],c5[M],c5[M],c5[M],c5[M],c5[M],c5[M],c5[M],c5[M],c5[M],c5[M],c5[M],c5[M],c5[M],c5[M],c5[M],c5[M],c5[M],c5[M],c5[M],c5[M],c5[M],c5[M],c5[M],c5[M],c5[M],c5[M],c5[M],c5[M],c5[M],c5[M],c5[M],c5[M],c5[M],c5[M],c5[M],c5[M],c5[M],c5[M],c5[M],c5[M],c5[M],c5[M],c5[M],c5[M],c5[M],c5[M],c5[M],c5[M],c5[M],c5[M],c5[M],c5[M],c5[M],c5[M],c5[M],c5[M],c5[M],c5[M],c5[M],c5[M],c5[M],c5[M],c5[M],c5[M],c5[M],c5[M],c5[M],c5[M],c5[M],c5[M],c5[M],c5[M],c5[M],c5[M],c5[M],c5[M],c5[M],c5[M],c5[M],c5[M],c5[M],c5[M],c5[M],c5[M],c5[M],c5[M],c5[M],c5[M],c5[M],c5[M],c5[M],c5[M],c5[M],c5[M],c5[M],c5[M],c5[M],c5[M],c5[M],c5[M],c5[M],c5[M],c5[M],c5[M],c5[M],c5[M],c5[M],c5[M],c5[M],c5[M],c5[M],c5[M],c5[M],c5[M],c5[M],c5[M],c5[M],c5[M],c5[M],c5[M],c5[M],c5[M],c5[M],c5[M],c5[M],c5[M],c5[M],c5[M],c5[M],c5[M],c5[M],c5[M],c5[M],c5[M],c5[M],c5[M],c5[M],c5[M],c5[M],c5[M],c5[M],c5[M],c5[M],c5[M],c5[M],c5[M],c5[M],c5[M],c5[M],c5[M],c5[M],c5[M],c5[M],c5[M],c5[M],c5[M],c5[M],c5[M],c5[M],c5[M],c5[M],c5[M],c5[M],c5[M],c5[M],c5[M],c5[M],c5[M],c5[M],c5[M],c5[M],c5[M],c5[M],c5[M],c5[M],c5[M],c5[M],c5[M],c5[M],c5[M],c5[M],c5[M],c5[M],c5[M],c5[M],c5[M],c5[M],c5[M],c5[M],c5[M],c5[M],c5[M],c5[M],c5[M],c5[M],c5[M],c5[M],c5[M],c5[M],c5[M],c5[M],c5[M],c5[M],c5[M],c5[M],c5[M],c5[M],c5[M],c5[M],c5[M],c5[M],c5[M],c5[M],c5[M],c5[M],c5[M],c5[M],c5[M],c5[M],c5[M],c5[M],c5[M],c5[M],c5[M],c5[M],c5[M],c5[M],c5[M],c5[M],c5[M],c5[M],c5[M],c5[M],c5[M],c5[M],c5[M],c5[M],c5[M],c5[M],c5[M],c5[M],c5[M],c5[M],c5[M],c5[M],c5[M],c5[M],c5[M],c5[M],c5[M],c5[M],c5[M],c5[M],c5[M],c5[M],c5[M],c5[M],c5[M],c5[M],c5[M],c5[M],c5[M],c5[M],c5[M],c5[M],c5[M],c5[M],c5[M],c5[M],c5[M],c5[M],c5[M],c5[M],c5[M],c5[M],c5[M],c5[M],c5[M],c5[M],c5[M],c5[M],c5[M],c5[M],c5[M],c5[M],c5[M],c5[M],c5[M],c5[M],c5[M],c5[M],c5[M],c5[M],c5[M],c5[M],c5[M],c5[M],c5[M],c5[M],c5[M],c5[M],c5[M],c5[M],c5[M],c5[M],c5[M],c5[M],c5[M],c5[M],c5[M],c5[M],c5[M],c5[M],c5[M],c5[M],c5[M],c5[M],c5[M],c5[M],c5[M],c5[M],c5[M],c5[M],c5[M],c5[M],c5[M],c5[M],c5[M],c5[M],c5[M],c5[M],c5[M],c5[M],c5[M],c5[M],c5[M],c5[M],c5[M],c5[M],c5[M],c5[M],c5[M],c5[M],c5[M],c5[M],c5[M],c5[M],c5[M],c5[M],c5[M],c5[M],c5[M],c5[M],c5[M],c5[M],c5[M],c5[M],c5[M],c5[M],c5[M],c5[M],c5[M],c5[M],c5[M],c5[M],c5[M],c5[M],c5[M],c5[M],c5[M],c5[M],c5[M],c5[M],c5[M],c5[M],c5[M],c5[M],c5[M],c5[M],c5[M],c5[M],c5[M],c5[M],c5[M],c5[M],c5[M],c5[M],c5[M],c5[M],c5[M],c5[M],c5[M],c5[M],c5[M],c5[M],c5[M],c5[M],c5[M],c5[M],c5[M],c5[M],c5[M],c5[M],c5[M],c5[M],c5[M],c5[M],c5[M],c5[M],c5[M],c5[M],c5[M],c5[M],c5[M],c5[M],c5[M],c5[M],c5[M],c5[M],c5[M],c5[M],c5[M],c5[M],c5[M],c5[M],c5[M],c5[M],c5[M],c5[M],c5[M],c5[M],c5[M],c5[M],c5[M],c5[M],c5[M],c5[M],c5[M],c5[M],c5[M],c5[M],c5[M],c5[M],c5[M],c5[M],c5[M],c5[M],c5[M],c5[M],c5[M],c5[M],c5[M],c5[M],c5[M],c5[M],c5[M],c5[M],c5[M],c5[M],c5[M],c5[M],c5[M],c5[M],c5[M],c5[M],c5[M],c5[M],c5[M],c5[M],c5[M],c5[M],c5[M],c5[M],c5[M],c5[M],c5[M],c5[M],c5[M],c5[M],c5[M],c5[M],c5[M],c5[M],c5[M],c5[M],c5[M],c5[M],c5[M],c5[M],c5[M],c5[M],c5[M],c5[M],c5[M],c5[M],c5[M],c5[M],c5[M],c5[M],c5[M],c5[M],c5[M],c5[M],c5[M],c5[M],c5[M],c5[M],c5[M],c5[M],c5[M],c5[M],c5[M],c5[M],c5[M],c5[M],c5[M],c5[M],c5[M],c5[M],c5[M],c5[M],c5[M],c5[M],c5[M],c5[M],c5[M],c5[M],c5[M],c5[M],c5[M],c5[M],c5[M],c5[M],c5[M],c5[M],c5[M],c5[M],c5[M],c5[M],c5[M],c5[M],c5[M],c5[M],c5[M],c5[M],c5[M],c5[M],c5[M],c5[M],c5[M],c5[M],c5[M],c5[M],c5[M],c5[M],c5[M],c5[M],c5[M],c5[M],c5[M],c5[M],c5[M],c5[M],c5[M],c5[M],c5[M],c5[M],c5[M],c5[M],c5[M],c5[M],c5[M],c5[M],c5[M],c5[M],c5[M],c5[M],c5[M],c5[M],c5[M],c5[M],c5[M],c5[M],c5[M],c5[M],c5[M],c5[M],c5[M],c5[M],c5[M],c5[M],c5[M],c5[M],c5[M],c5[M],c5[M],c5[M],c5[M],c5[M],c5[M],c5[M],c5[M],c5[M],c5[M],c5[M],c5[M],c5[M],c5[M],c5[M],c5[M],c5[M],c5[M],c5[M],c5[M],c5[M],c5[M],c5[M],c5[M],c5[M],c5[M],c5[M],c5[M],c5[M],c5[M],c5[M],c5[M],c5[M],c5[M],c5[M],c5[M],c5[M],c5[M],c5[M],c5[M],c5[M],c5[M],c5[M],c5[M],c5[M],c5[M],c5[M],c5[M],c5[M],c5[M],c5[M],c5[M],c5[M],c5[M],c5[M],c5[M],c5[M],c5[M],c5[M],c5[M],c5[M],c5[M],c5[M],c5[M],c5[M],c5[M],c5[M],c5[M],c5[M],c5[M],c5[M],c5[M],c5[M],c5[M],c5[M],c5[M],c5[M],c5[M],c5[M],c5[M],c5[M],c5[M],c5[M],c5[M],c5[M],c5[M],c5[M],c5[M],c5[M],c5[M],c5[M],c5[M],c5[M],c5[M],c5[M],c5[M],c5[M],c5[M],c5[M],c5[M],c5[M],c5[M],c5[M],c5[M],c5[M],c5[M],c5[M],c5[M],c5[M],c5[M],c5[M],c5[M],c5[M],c5[M],c5[M],c5[M],c5[M],c5[M],c5[M],c5[M],c5[M],c5[M],c5[M],c5[M],c5[M],c5[M],c5[M],c5[M],c5[M],c5[M],c5[M],c5[M],c5[M],c5[M],c5[M],c5[M],c5[M],c5[M],c5[M],c5[M],c5[M],c5[M],c5[M],c5[M],c5[M],c5[M],c5[M],c5[M],c5[M],c5[M],c5[M],c5[M],c5[M],c5[M],c5[M],c5[M],c5[M],c5[M],c5[M],c5[M],c5[M],c5[M],c5[M],c5[M],c5[M],c5[M],c5[M],c5[M],c5[M],c5[M],c5[M],c5[M],c5[M],c5[M],c5[M],c5[M],c5[M],c5[M],c5[M],c5[M],c5[M],c5[M],c5[M],c5[M],c5[M],c5[M],c5[M],c5[M],c5[M],c5[M],c5[M],c5[M],c5[M],c5[M],c5[M],c5[M],c5[M],c5[M],c5[M],c5[M],c5[M],c5[M],c5[M],c5[M],c5[M],c5[M],c5[M],c5[M],c5[M],c5[M],c5[M],c5[M],c5[M],c5[M],c5[M],c5[M],c5[M],c5[M],c5[M],c5[M],c5[M],c5[M],c5[M],c5[M],c5[M],c5[M],c5[M],c5[M],c5[M],c5[M],c5[M],c5[M],c5[M],c5[M],c5[M],c5[M],c5[M],c5[M],c5[M],c5[M],c5[M],c5[M],c5[M],c5[M],c5[M],c5[M],c5[M],c5[M],c5[M],c5[M],c5[M],c5[M],c5[M],c5[M],c5[M],c5[M],c5[M],c5[M],c5[M],c5[M],c5[M],c5[M],c5[M],c5[M],c5[M],c5[M],c5[M],c5[M],c5[M],c5[M],c5[M],c5[M],c5[M],c5[M],c5[M],c5[M],c5[M],c5[M],c5[M],c5[M],c5[M],c5[M],c5[M],c5[M],c5[M],c5[M],c5[M],c5[M],c5[M],c5[M],c5[M],c5[M],c5[M],c5[M],c5[M],c5[M],c5[M],c5[M],c5[M],c5[M],c5[M],c5[M],c5[M],c5[M],c5[M],c5[M],c5[M],c5[M],c5[M],c5[M],c5[M],c5[M],c5[M],c5[M],c5[M],c5[M],c5[M],c5[M],c5[M],c5[M],c5[M],c5[M],c5[M],c5[M],c5[M],c5[M],c5[M],c5[M],c5[M],c5[M],c5[M],c5[M],c5[M],c5[M],c5[M],c5[M],c5[M],c5[M],c5[M],c5[M],c5[M],c5[M],c5[M],c5[M],c5[M],c5[M],c5[M],c5[M],c5[M],c5[M],c5[M],c5[M],c5[M],c5[M],c5[M],c5[M],c5[M],c5[M],c5[M],c5[M],c5[M],c5[M],c5[M],c5[M],c5[M],c5[M],c5[M],c5[M],c5[M],c5[M],c5[M],c5[M],c5[M],c5[M],c5[M],c5[M],c5[M],c5[M],c5[M],c5[M],c5[M],c5[M],c5[M],c5[M],c5[M],c5[M],c5[M],c5[M],c5[M],c5[M],c5[M],c5[M],c5[M],c5[M],c5[M],c5[M],c5[M],c5[M],c5[M],c5[M],c5[M],c5[M],c5[M],c5[M],c5[M],c5[M],c5[M],c5[M],c5[M],c5[M],c5[M],c5[M],c5[M],c5[M],c5[M],c5[M],c5[M],c5[M],c5[M],c5[M],c5[M],c5[M],c5[M],c5[M],c5[M],c5[M],c5[M],c5[M],c5[M],c5[M],c5[M],c5[M],c5[M],c5[M],c5[M],c5[M],c5[M],c5[M],c5[M],c5[M],c5[M],c5[M],c5[M],c5[M],c5[M],c5[M],c5[M],c5[M],c5[M],c5[M],c5[M],c5[M],c5[M],c5[M],c5[M],c5[M],c5[M],c5[M],c5[M],c5[M],c5[M],c5[M],c5[M],c5[M],c5[M],c5[M],c5[M],c5[M],c5[M],c5[M],c5[M],c5[M],c5[M],c5[M],c5[M],c5[M],c5[M],c5[M],c5[M],c5[M],c5[M],c5[M],c5[M],c5[M],c5[M],c5[M],c5[M],c5[M],c5[M],c5[M],c5[M],c5[M],c5[M],c5[M],c5[M],c5[M],c5[M],c5[M],c5[M],c5[M],c5[M],c5[M],c5[M],c5[M],c5[M],c5[M],c5[M],c5[M],c5[M],c5[M],c5[M],c5[M],c5[M],c5[M],c5[M],c5[M],c5[M],c5[M],c5[M],c5[M],c5[M],c5[M],c5[M],c5[M],c5[M],c5[M],c5[M],c5[M],c5[M],c5[M],c5[M],c5[M],c5[M],c5[M],c5[M],c5[M],c5[M],c5[M],c5[M],c5[M],c5[M],c5[M],c5[M],c5[M],c5[M],c5[M],c5[M],c5[M],c5[M],c5[M],c5[M],c5[M],c5[M],c5[M],c5[M],c5[M],c5[M],c5[M],c5[M],c5[M],c5[M],c5[M],c5[M],c5[M],c5[M],c5[M],c5[M],c5[M],c5[M],c5[M],c5[M],c5[M],c5[M],c5[M],c5[M],c5[M],c5[M],c5[M],c5[M],c5[M],c5[M],c5[M],c5[M],c5[M],c5[M],c5[M],c5[M],c5[M],c5[M],c5[M],c5[M],c5[M],c5[M],c5[M],c5[M],c5[M],c5[M],c5[M],c5[M],c5[M],c5[M],c5[M],c5[M],c5[M],c5[M],c5[M],c5[M],c5[M],c5[M],c5[M],c5[M],c5[M],c5[M],c5[M],c5[M],c5[M],c5[M],c5[M],c5[M],c5[M],c5[M],c5[M],c5[M],c5[M],c5[M],c5[M],c5[M],c5[M],c5[M],c5[M],c5[M],c5[M],c5[M],c5[M],c5[M],c5[M],c5[M],c5[M],c5[M],c5[M],c5[M],c5[M],c5[M],c5[M],c5[M],c5[M],c5[M],c5[M],c5[M],c5[M],c5[M],c5[M],c5[M],c5[M],c5[M],c5[M],c5[M],c5[M],c5[M],c5[M],c5[M],c5[M],c5[M],c5[M],c5[M],c5[M],c5[M],c5[M],c5[M],c5[M],c5[M],c5[M],c5[M],c5[M],c5[M],c5[M],c5[M],c5[M],c5[M],c5[M],c5[M],c5[M],c5[M],c5[M],c5[M],c5[M],c5[M],c5[M],c5[M],c5[M],c5[M],c5[M],c5[M],c5[M],c5[M],c5[M],c5[M],c5[M],c5[M],c5[M],c5[M],c5[M],c5[M],c5[M],c5[M],c5[M],c5[M],c5[M],c5[M],c5[M],c5[M],c5[M],c5[M],c5[M],c5[M],c5[M],c5[M],c5[M],c5[M],c5[M],c5[M],c5[M],c5[M],c5[M],c5[M],c5[M],c5[M],c5[M],c5[M],c5[M],c5[M],c5[M],c5[M],c5[M],c5[M],c5[M],c5[M],c5[M],c5[M],c5[M],c5[M],c5[M],c5[M],c5[M],c5[M],c5[M],c5[M],c5[M],c5[M],c5[M],c5[M],c5[M],c5[M],c5[M],c5[M],c5[M],c5[M],c5[M],c5[M],c5[M],c5[M],c5[M],c5[M],c5[M],c5[M],c5[M],c5[M],c5[M],c5[M],c5[M],c5[M],c5[M],c5[M],c5[M],c5[M],c5[M],c5[M],c5[M],c5[M],c5[M],c5[M],c5[M],c5[M],c5[M],c5[M],c5[M],c5[M],c5[M],c5[M],c5[M],c5[M],c5[M],c5[M],c5[M],c5[M],c5[M],c5[M],c5[M],c5[M],c5[M],c5[M],c5[M],c5[M],c5[M],c5[M],c5[M],c5[M],c5[M],c5[M],c5[M],c5[M],c5[M],c5[M],c5[M],c5[M],c5[M],c5[M],c5[M],c5[M],c5[M],c5[M],c5[M],c5[M],c5[M],c5[M],c5[M],c5[M],c5[M],c5[M],c5[M],c5[M],c5[M],c5[M],c5[M],c5[M],c5[M],c5[M],c5[M],c5[M],c5[M],c5[M],c5[M],c5[M],c5[M],c5[M],c5[M],c5[M],c5[M],c5[M],c5[M],c5[M],c5[M],c5[M],c5[M],c5[M],c5[M],c5[M],c5[M],c5[M],c5[M],c5[M],c5[M],c5[M],c5[M],c5[M],c5[M],c5[M],c5[M],c5[M],c5[M],c5[M],c5[M],c5[M],c5[M],c5[M],c5[M],c5[M],c5[M],c5[M],c5[M],c5[M],c5[M],c5[M],c5[M],c5[M],c5[M],c5[M],c5[M],c5[M],c5[M],c5[M],c5[M],c5[M],c5[M],c5[M],c5[M],c5[M],c5[M],c5[M],c5[M],c5[M],c5[M],c5[M],c5[M],c5[M],c5[M],c5[M],c5[M],c5[M],c5[M],c5[M],c5[M],c5[M],c5[M],c5[M],c5[M],c5[M],c5[M],c5[M],c5[M],c5[M],c5[M],c5[M],c5[M],c5[M],c5[M],c5[M],c5[M],c5[M],c5[M],c5[M],c5[M],c5[M],c5[M],c5[M],c5[M],c5[M],c5[M],c5[M],c5[M],c5[M],c5[M],c5[M],c5[M],c5[M],c5[M],c5[M],c5[M],c5[M],c5[M],c5[M],c5[M],c5[M],c5[M],c5[M],c5[M],c5[M],c5[M],c5[M],c5[M],c5[M],c5[M],c5[M],c5[M],c5[M],c5[M],c5[M],c5[M],c5[M],c5[M],c5[M],c5[M],c5[M],c5[M],c5[M],c5[M],c5[M],c5[M],c5[M],c5[M],c5[M],c5[M],c5[M],c5[M],c5[M],c5[M],c5[M],c5[M],c5[M],c5[M],c5[M],c5[M],c5[M],c5[M],c5[M],c5[M],c5[M],c5[M],c5[M],c5[M],c5[M],c5[M],c5[M],c5[M],c5[M],c5[M],c5[M],c5[M],c5[M],c5[M],c5[M],c5[M],c5[M],c5[M],c5[M],c5[M],c5[M],c5[M],c5[M],c5[M],c5[M],c5[M],c5[M],c5[M],c5[M],c5[M],c5[M],c5[M],c5[M],c5[M],c5[M],c5[M],c5[M],c5[M],c5[M],c5[M],c5[M],c5[M],c5[M],c5[M],c5[M],c5[M],c5[M],c5[M],c5[M],c5[M],c5[M],c5[M],c5[M],c5[M],c5[M],c5[M],c5[M],c5[M],c5[M],c5[M],c5[M],c5[M],c5[M],c5[M],c5[M],c5[M],c5[M],c5[M],c5[M],c5[M],c5[M],c5[M],c5[M],c5[M],c5[M],c5[M],c5[M],c5[M],c5[M],c5[M],c5[M],c5[M],c5[M],c5[M],c5[M],c5[M],c5[M],c5[M],c5[M],c5[M],c5[M],c5[M],c5[M],c5[M],c5[M],c5[M],c5[M],c5[M],c5[M],c5[M],c5[M],c5[M],c5[M],c5[M],c5[M],c5[M],c5[M],c5[M],c5[M],c5[M],c5[M],c5[M],c5[M],c5[M],c5[M],c5[M],c5[M],c5[M],c5[M],c5[M],c5[M],c5[M],c5[M],c5[M],c5[M],c5[M],c5[M],c5[M],c5[M],c5[M],c5[M],c5[M],c5[M],c5[M],c5[M],c5[M],c5[M],c5[M],c5[M],c5[M],c5[M],c5[M],c5[M],c5[M],c5[M],c5[M],c5[M],c5[M],c5[M],c5[M],c5[M],c5[M],c5[M],c5[M],c5[M],c5[M],c5[M],c5[M],c5[M],c5[M],c5[M],c5[M],c5[M],c5[M],c5[M],c5[M],c5[M],c5[M],c5[M],c5[M],c5[M],c5[M],c5[M],c5[M],c5[M],c5[M],c5[M],c5[M],c5[M],c5[M],c5[M],c5[M],c5[M],c5[M],c5[M],c5[M],c5[M],c5[M],c5[M],c5[M],c5[M],c5[M],c5[M],c5[M],c5[M],c5[M],c5[M],c5[M],c5[M],c5[M],c5[M],c5[M],c5[M],c5[M],c5[M],c5[M],c5[M],c5[M],c5[M],c5[M],c5[M],c5[M],c5[M],c5[M],c5[M],c5[M],c5[M],c5[M],c5[M],c5[M],c5[M],c5[M],c5[M],c5[M],c5[M],c5[M],c5[M],c5[M],c5[M],c5[M],c5[M],c5[M],c5[M],c5[M],c5[M],c5[M],c5[M],c5[M],c5[M],c5[M],c5[M],c5[M],c5[M],c5[M],c5[M],c5[M],c5[M],c5[M],c5[M],c5[M],c5[M],c5[M],c5[M],c5[M],c5[M],c5[M],c5[M],c5[M],c5[M],c5[M],c5[M],c5[M],c5[M],c5[M],c5[M],c5[M],c5[M],c5[M],c5[M],c5[M],c5[M],c5[M],c5[M],c5[M],c5[M],c5[M],c5[M],c5[M],c5[M],c5[M],c5[M],c5[M],c5[M],c5[M],c5[M],c5[M],c5[M],c5[M],c5[M],c5[M],c5[M],c5[M],c5[M],c5[M],c5[M],c5[M],c5[M],c5[M],c5[M],c5[M],c5[M],c5[M],c5[M],c5[M],c5[M],c5[M],c5[M],c5[M],c5[M],c5[M],c5[M],c5[M],c5[M],c5[M],c5[M],c5[M],c5[M],c5[M],c5[M],c5[M],c5[M],c5[M],c5[M],c5[M],c5[M],c5[M],c5[M],c5[M],c5[M],c5[M],c5[M],c5[M],c5[M],c5[M],c5[M],c5[M],c5[M],c5[M],c5[M],c5[M],c5[M],c5[M],c5[M],c5[M],c5[M],c5[M],c5[M],c5[M],c5[M],c5[M],c5[M],c5[M],c5[M],c5[M],c5[M],c5[M],c5[M],c5[M],c5[M],c5[M],c5[M],c5[M],c5[M],c5[M],c5[M],c5[M],c5[M],c5[M],c5[M],c5[M],c5[M],c5[M],c5[M],c5[M],c5[M],c5[M],c5[M],c5[M],c5[M],c5[M],c5[M],c5[M],c5[M],c5[M],c5[M],c5[M],c5[M],c5[M],c5[M],c5[M],c5[M],c5[M],c5[M],c5[M],c5[M],c5[M],c5[M],c5[M],c5[M],c5[M],c5[M],c5[M],c5[M],c5[M],c5[M],c5[M],c5[M],c5[M],c5[M],c5[M],c5[M],c5[M],c5[M],c5[M],c5[M],c5[M],c5[M],c5[M],c5[M],c5[M],c5[M],c5[M],c5[M],c5[M],c5[M],c5[M],c5[M],c5[M],c5[M],c5[M],c5[M],c5[M],c5[M],c5[M],c5[M],c5[M],c5[M],c5[M],c5[M],c5[M],c5[M],c5[M],c5[M],c5[M],c5[M],c5[M],c5[M],c5[M],c5[M],c5[M],c5[M],c5[M],c5[M],c5[M],c5[M],c5[M],c5[M],c5[M],c5[M],c5[M],c5[M],c5[M],c5[M],c5[M],c5[M],c5[M],c5[M],c5[M],c5[M],c5[M],c5[M],c5[M],c5[M],c5[M],c5[M],c5[M],c5[M],c5[M],c5[M],c5[M],c5[M],c5[M],c5[M],c5[M],c5[M],c5[M],c5[M],c5[M],c5[M],c5[M],c5[M],c5[M],c5[M],c5[M],c5[M],c5[M],c5[M],c5[M],c5[M],c5[M],c5[M],c5[M],c5[M],c5[M],c5[M],c5[M],c5[M],c5[M],c5[M],c5[M],c5[M],c5[M],c5[M],c5[M],c5[M],c5[M],c5[M],c5[M],c5[M],c5[M],c5[M],c5[M],c5[M],c5[M],c5[M],c5[M],c5[M],c5[M],c5[M],c5[M],c5[M],c5[M],c5[M],c5[M],c5[M],c5[M],c5[M],c5[M],c5[M],c5[M],c5[M],c5[M],c5[M],c5[M],c5[M],c5[M],c5[M],c5[M],c5[M],c5[M],c5[M],c5[M],c5[M],c5[M],c5[M],c5[M],c5[M],c5[M],c5[M],c5[M],c5[M],c5[M],c5[M],c5[M],c5[M],c5[M],c5[M],c5[M],c5[M],c5[M],c5[M],c5[M],c5[M],c5[M],c5[M],c5[M],c5[M],c5[M],c5[M],c5[M],c5[M],c5[M],c5[M],c5[M],c5[M],c5[M],c5[M],c5[M],c5[M],c5[M],c5[M],c5[M],c5[M],c5[M],c5[M],c5[M],c5[M],c5[M],c5[M],c5[M],c5[M],c5[M],c5[M],c5[M],c5[M],c5[M],c5[M],c5[M],c5[M],c5[M],c5[M],c5[M],c5[M],c5[M],c5[M],c5[M],c5[M],c5[M],c5[M],c5[M],c5[M],c5[M],c5[M],c5[M],c5[M],c5[M],c5[M],c5[M],c5[M],c5[M],c5[M],c5[M],c5[M],c5[M],c5[M],c5[M],c5[M],c5[M],c5[M],c5[M],c5[M],c5[M],c5[M],c5[M],c5[M],c5[M],c5[M],c5[M],c5[M],c5[M],c5[M],c5[M],c5[M],c5[M],c5[M],c5[M],c5[M],c5[M],c5[M],c5[M],c5[M],c5[M],c5[M],c5[M],c5[M],c5[M],c5[M],c5[M],c5[M],c5[M],c5[M],c5[M],c5[M],c5[M],c5[M],c5[M],c5[M],c5[M],c5[M],c5[M],c5[M],c5[M],c5[M],c5[M],c5[M],c5[M],c5[M],c5[M],c5[M],c5[M],c5[M],c5[M],c5[M],c5[M],c5[M],c5[M],c5[M],c5[M],c5[M],c5[M],c5[M],c5[M],c5[M],c5[M],c5[M],c5[M],c5[M],c5[M],c5[M],c5[M],c5[M],c5[M],c5[M],c5[M],c5[M],c5[M],c5[M],c5[M],c5[M],c5[M],c5[M],c5[M],c5[M],c5[M],c5[M],c5[M],c5[M],c5[M],c5[M],c5[M],c5[M],c5[M],c5[M],c5[M],c5[M],c5[M],c5[M],c5[M],c5[M],c5[M],c5[M],c5[M],c5[M],c5[M],c5[M],c5[M],c5[M],c5[M],c5[M],c5[M],c5[M],c5[M],c5[M],c5[M],c5[M],c5[M],c5[M],c5[M],c5[M],c5[M],c5[M],c5[M],c5[M],c5[M],c5[M],c5[M],c5[M],c5[M],c5[M],c5[M],c5[M],c5[M],c5[M],c5[M],c5[M],c5[M],c5[M],c5[M],c5[M],c5[M],c5[M],c5[M],c5[M],c5[M],c5[M],c5[M],c5[M],c5[M],c5[M],c5[M],c5[M],c5[M],c5[M],c5[M],c5[M],c5[M],c5[M],c5[M],c5[M],c5[M],c5[M],c5[M],c5[M],c5[M],c5[M],c5[M],c5[M],c5[M],c5[M],c5[M],c5[M],c5[M],c5[M],c5[M],c5[M],c5[M],c5[M],c5[M],c5[M],c5[M],c5[M],c5[M],c5[M],c5[M],c5[M],c5[M],c5[M],c5[M],c5[M],c5[M],c5[M],c5[M],c5[M],c5[M],c5[M],c5[M],c5[M],c5[M],c5[M],c5[M],c5[M],c5[M],c5[M],c5[M],c5[M],c5[M],c5[M],c5[M],c5[M],c5[M],c5[M],c5[M],c5[M],c5[M],c5[M],c5[M],c5[M],c5[M],c5[M],c5[M],c5[M],c5[M],c5[M],c5[M],c5[M],c5[M],c5[M],c5[M],c5[M],c5[M],c5[M],c5[M],c5[M],c5[M],c5[M],c5[M],c5[M],c5[M],c5[M],c5[M],c5[M],c5[M],c5[M],c5[M],c5[M],c5[M],c5[M],c5[M],c5[M],c5[M],c5[M],c5[M],c5[M],c5[M],c5[M],c5[M],c5[M],c5[M],c5[M],c5[M],c5[M],c5[M],c5[M],c5[M],c5[M],c5[M],c5[M],c5[M],c5[M],c5[M],c5[M],c5[M],c5[M],c5[M],c5[M],c5[M],c5[M],c5[M],c5[M],c5[M],c5[M],c5[M],c5[M],c5[M],c5[M],c5[M],c5[M],c5[M],c5[M],c5[M],c5[M],c5[M],c5[M],c5[M],c5[M],c5[M],c5[M],c5[M],c5[M],c5[M],c5[M],c5[M],c5[M],c5[M],c5[M],c5[M],c5[M],c5[M],c5[M],c5[M],c5[M],c5[M],c5[M],c5[M],c5[M],c5[M],c5[M],c5[M],c5[M],c5[M],c5[M],c5[M],c5[M],c5[M],c5[M],c5[M],c5[M],c5[M],c5[M],c5[M],c5[M],c5[M],c5[M],c5[M],c5[M],c5[M],c5[M],c5[M],c5[M],c5[M],c5[M],c5[M],c5[M],c5[M],c5[M],c5[M],c5[M],c5[M],c5[M],c5[M],c5[M],c5[M],c5[M],c5[M],c5[M],c5[M],c5[M],c5[M],c5[M],c5[M],c5[M],c5[M],c5[M],c5[M],c5[M],c5[M],c5[M],c5[M],c5[M],c5[M],c5[M],c5[M],c5[M],c5[M],c5[M],c5[M],c5[M],c5[M],c5[M],c5[M],c5[M],c5[M],c5[M],c5[M],c5[M],c5[M],c5[M],c5[M],c5[M],c5[M],c5[M],c5[M],c5[M],c5[M],c5[M],c5[M],c5[M],c5[M],c5[M],c5[M],c5[M],c5[M],c5[M],c5[M],c5[M],c5[M],c5[M],c5[M],c5[M],c5[M],c5[M],c5[M],c5[M],c5[M],c5[M],c5[M],c5[M],c5[M],c5[M],c5[M],c5[M],c5[M],c5[M],c5[M],c5[M],c5[M],c5[M],c5[M],c5[M],c5[M],c5[M],c5[M],c5[M],c5[M],c5[M],c5[M],c5[M],c5[M],c5[M],c5[M],c5[M],c5[M],c5[M],c5[M],c5[M],c5[M],c5[M],c5[M],c5[M],c5[M],c5[M],c5[M],c5[M],c5[M],c5[M],c5[M],c5[M],c5[M],c5[M],c5[M],c5[M],c5[M],c5[M],c5[M],c5[M],c5[M],c5[M],c5[M],c5[M],c5[M],c5[M],c5[M],c5[M],c5[M],c5[M],c5[M],c5[M],c5[M],c5[M],c5[M],c5[M],c5[M],c5[M],c5[M],c5[M],c5[M],c5[M],c5[M],c5[M],c5[M],c5[M],c5[M],c5[M],c5[M],c5[M],c5[M],c5[M],c5[M],c5[M],c5[M],c5[M],c5[M],c5[M],c5[M],c5[M],c5[M],c5[M],c5[M],c5[M],c5[M],c5[M],c5[M],c5[M],c5[M],c5[M],c5[M],c5[M],c5[M],c5[M],c5[M],c5[M],c5[M],c5[M],c5[M],c5[M],c5[M],c5[M],c5[M],c5[M],c5[M],c5[M],c5[M],c5[M],c5[M],c5[M],c5[M],c5[M],c5[M],c5[M],c5[M],c5[M],c5[M],c5[M],c5[M],c5[M],c5[M],c5[M],c5[M],c5[M],c5[M],c5[M],c5[M],c5[M],c5[M],c5[M],c5[M],c5[M],c5[M],c5[M],c5[M],c5[M],c5[M],c5[M],c5[M],c5[M],c5[M],c5[M],c5[M],c5[M],c5[M],c5[M],c5[M],c5[M],c5[M],c5[M],c5[M],c5[M],c5[M],c5[M],c5[M],c5[M],c5[M],c5[M],c5[M],c5[M],c5[M],c5[M],c5[M],c5[M],c5[M],c5[M],c5[M],c5[M],c5[M],c5[M],c5[M],c5[M],c5[M],c5[M],c5[M],c5[M],c5[M],c5[M],c5[M],c5[M],c5[M],c5[M],c5[M],c5[M],c5[M],c5[M],c5[M],c5[M],c5[M],c5[M],c5[M],c5[M],c5[M],c5[M],c5[M],c5[M],c5[M],c5[M],c5[M],c5[M],c5[M],c5[M],c5[M],c5[M],c5[M],c5[M],c5[M],c5[M],c5[M],c5[M],c5[M],c5[M],c5[M],c5[M],c5[M],c5[M],c5[M],c5[M],c5[M],c5[M],c5[M],c5[M],c5[M],c5[M],c5[M],c5[M],c5[M],c5[M],c5[M],c5[M],c5[M],c5[M],c5[M],c5[M],c5[M],c5[M],c5[M],c5[M],c5[M],c5[M],c5[M],c5[M],c5[M],c5[M],c5[M],c5[M],c5[M],c5[M],c5[M],c5[M],c5[M],c5[M],c5[M],c5[M],c5[M],c5[M],c5[M],c5[M],c5[M],c5[M],c5[M],c5[M],c5[M],c5[M],c5[M],c5[M],c5[M],c5[M],c5[M],c5[M],c5[M],c5[M],c5[M],c5[M],c5[M],c5[M],c5[M],c5[M],c5[M],c5[M],c5[M],c5[M],c5[M],c5[M],c5[M],c5[M],c5[M],c5[M],c5[M],c5[M],c5[M],c5[M],c5[M],c5[M],c5[M],c5[M],c5[M],c5[M],c5[M],c5[M],c5[M],c5[M],c5[M],c5[M],c5[M],c5[M],c5[M],c5[M],c5[M],c5[M],c5[M],c5[M],c5[M],c5[M],c5[M],c5[M],c5[M],c5[M],c5[M],c5[M],c5[M],c5[M],c5[M],c5[M],c5[M],c5[M],c5[M],c5[M],c5[M],c5[M],c5[M],c5[M],c5[M],c5[M],c5[M],c5[M],c5[M],c5[M],c5[M],c5[M],c5[M],c5[M],c5[M],c5[M],c5[M],c5[M],c5[M],c5[M],c5[M],c5[M],c5[M],c5[M],c5[M],c5[M],c5[M],c5[M],c5[M],c5[M],c5[M],c5[M],c5[M],c5[M],c5[M],c5[M],c5[M],c5[M],c5[M],c5[M],c5[M],c5[M],c5[M],c5[M],c5[M],c5[M],c5[M],c5[M],c5[M],c5[M],c5[M],c5[M],c5[M],c5[M],c5[M],c5[M],c5[M],c5[M],c5[M],c5[M],c5[M],c5[M],c5[M],c5[M],c5[M],c5[M],c5[M],c5[M],c5[M],c5[M],c5[M],c5[M],c5[M],c5[M],c5[M],c5[M],c5[M],c5[M],c5[M],c5[M],c5[M],c5[M],c5[M],c5[M],c5[M],c5[M],c5[M],c5[M],c5[M],c5[M],c5[M],c5[M],c5[M],c5[M],c5[M],c5[M],c5[M],c5[M],c5[M],c5[M],c5[M],c5[M],c5[M],c5[M],c5[M],c5[M],c5[M],c5[M],c5[M],c5[M],c5[M],c5[M],c5[M],c5[M],c5[M],c5[M],c5[M],c5[M],c5[M],c5[M],c5[M],c5[M],c5[M],c5[M],c5[M],c5[M],c5[M],c5[M],c5[M],c5[M],c5[M],c5[M],c5[M],c5[M],c5[M],c5[M],c5[M],c5[M],c5[M],c5[M],c5[M],c5[M],c5[M],c5[M],c5[M],c5[M],c5[M],c5[M],c5[M],c5[M],c5[M],c5[M],c5[M],c5[M],c5[M],c5[M],c5[M],c5[M],c5[M],c5[M],c5[M],c5[M],c5[M],c5[M],c5[M],c5[M],c5[M],c5[M],c5[M],c5[M],c5[M],c5[M],c5[M],c5[M],c5[M],c5[M],c5[M],c5[M],c5[M],c5[M],c5[M],c5[M],c5[M],c5[M],c5[M],c5[M],c5[M],c5[M],c5[M],c5[M],c5[M],c5[M],c5[M],c5[M],c5[M],c5[M],c5[M],c5[M],c5[M],c5[M],c5[M],c5[M],c5[M],c5[M],c5[M],c5[M],c5[M],c5[M],c5[M],c5[M],c5[M],c5[M],c5[M],c5[M],c5[M],c5[M],c5[M],c5[M],c5[M],c5[M],c5[M],c5[M],c5[M],c5[M],c5[M],c5[M],c5[M],c5[M],c5[M],c5[M],c5[M],c5[M],c5[M],c5[M],c5[M],c5[M],c5[M],c5[M],c5[M],c5[M],c5[M],c5[M],c5[M],c5[M],c5[M],c5[M],c5[M],c5[M],c5[M],c5[M],c5[M],c5[M],c5[M],c5[M],c5[M],c5[M],c5[M],c5[M],c5[M],c5[M],c5[M],c5[M],c5[M],c5[M],c5[M],c5[M],c5[M],c5[M],c5[M],c5[M],c5[M],c5[M],c5[M],c5[M],c5[M],c5[M],c5[M],c5[M],c5[M],c5[M],c5[M],c5[M],c5[M],c5[M],c5[M],c5[M],c5[M],c5[M],c5[M],c5[M],c5[M],c5[M],c5[M],c5[M],c5[M],c5[M],c5[M],c5[M],c5[M],c5[M],c5[M],c5[M],c5[M],c5[M],c5[M],c5[M],c5[M],c5[M],c5[M],c5[M],c5[M],c5[M],c5[M],c5[M],c5[M],c5[M],c5[M],c5[M],c5[M],c5[M],c5[M],c5[M],c5[M],c5[M],c5[M],c5[M],c5[M],c5[M],c5[M],c5[M],c5[M],c5[M],c5[M],c5[M],c5[M],c5[M],c5[M],c5[M],c5[M],c5[M],c5[M],c5[M],c5[M],c5[M],c5[M],c5[M],c5[M],c5[M],c5[M],c5[M],c5[M],c5[M],c5[M],c5[M],c5[M],c5[M],c5[M],c5[M],c5[M],c5[M],c5[M],c5[M],c5[M],c5[M],c5[M],c5[M],c5[M],c5[M],c5[M],c5[M],c5[M],c5[M],c5[M],c5[M],c5[M],c5[M],c5[M],c5[M],c5[M],c5[M],c5[M],c5[M],c5[M],c5[M],c5[M],c5[M],c5[M],c5[M],c5[M],c5[M],c5[M],c5[M],c5[M],c5[M],c5[M],c5[M],c5[M],c5[M],c5[M],c5[M],c5[M],c5[M],c5[M],c5[M],c5[M],c5[M],c5[M],c5[M],c5[M],c5[M],c5[M],c5[M],c5[M],c5[M],c5[M],c5[M],c5[M],c5[M],c5[M],c5[M],c5[M],c5[M],c5[M],c5[M],c5[M],c5[M],c5[M],c5[M],c5[M],c5[M],c5[M],c5[M],c5[M],c5[M],c5[M],c5[M],c5[M],c5[M],c5[M],c5[M],c5[M],c5[M],c5[M],c5[M],c5[M],c5[M],c5[M],c5[M],c5[M],c5[M],c5[M],c5[M],c5[M],c5[M],c5[M],c5[M],c5[M],c5[M],c5[M],c5[M],c5[M],c5[M],c5[M],c5[M],c5[M],c5[M],c5[M],c5[M],c5[M],c5[M],c5[M],c5[M],c5[M],c5[M],c5[M],c5[M],c5[M],c5[M],c5[M],c5[M],c5[M],c5[M],c5[M],c5[M],c5[M],c5[M],c5[M],c5[M],c5[M],c5[M],c5[M],c5[M],c5[M],c5[M],c5[M],c5[M],c5[M],c5[M],c5[M],c5[M],c5[M],c5[M],c5[M],c5[M],c5[M],c5[M],c5[M],c5[M],c5[M],c5[M],c5[M],c5[M],c5[M],c5[M],c5[M],c5[M],c5[M],c5[M],c5[M],c5[M],c5[M],c5[M],c5[M],c5[M],c5[M],c5[M],c5[M],c5[M],c5[M],c5[M],c5[M],c5[M],c5[M],c5[M],c5[M],c5[M],c5[M],c5[M],c5[M],c5[M],c5[M],c5[M],c5[M],c5[M],c5[M],c5[M],c5[M],c5[M],c5[M],c5[M],c5[M],c5[M],c5[M],c5[M],c5[M],c5[M],c5[M],c5[M],c5[M],c5[M],c5[M],c5[M],c5[M],c5[M],c5[M],c5[M],c5[M],c5[M],c5[M],c5[M],c5[M],c5[M],c5[M],c5[M],c5[M],c5[M],c5[M],c5[M],c5[M],c5[M],c5[M],c5[M],c5[M],c5[M],c5[M],c5[M],c5[M],c5[M],c5[M],c5[M],c5[M],c5[M],c5[M],c5[M],c5[M],c5[M],c5[M],c5[M],c5[M],c5[M],c5[M],c5[M],c5[M],c5[M],c5[M],c5[M],c5[M],c5[M],c5[M],c5[M],c5[M],c5[M],c5[M],c5[M],c5[M],c5[M],c5[M],c5[M],c5[M],c5[M],c5[M],c5[M],c5[M],c5[M],c5[M],c5[M],c5[M],c5[M],c5[M],c5[M],c5[M],c5[M],c5[M],c5[M],c5[M],c5[M],c5[M],c5[M],c5[M],c5[M],c5[M],c5[M],c5[M],c5[M],c5[M],c5[M],c5[M],c5[M],c5[M],c5[M],c5[M],c5[M],c5[M],c5[M],c5[M],c5[M],c5[M],c5[M],c5[M],c5[M],c5[M],c5[M],c5[M],c5[M],c5[M],c5[M],c5[M],c5[M],c5[M],c5[M],c5[M],c5[M],c5[M],c5[M],c5[M],c5[M],c5[M],c5[M],c5[M],c5[M],c5[M],c5[M],c5[M],c5[M],c5[M],c5[M],c5[M],c5[M],c5[M],c5[M],c5[M],c5[M],c5[M],c5[M],c5[M],c5[M],c5[M],c5[M],c5[M],c5[M],c5[M],c5[M],c5[M],c5[M],c5[M],c5[M],c5[M],c5[M],c5[M],c5[M],c5[M],c5[M],c5[M],c5[M],c5[M],c5[M],c5[M],c5[M],c5[M],c5[M],c5[M],c5[M],c5[M],c5[M],c5[M],c5[M],c5[M],c5[M],c5[M],c5[M],c5[M],c5[M],c5[M],c5[M],c5[M],c5[M],c5[M],c5[M],c5[M],c5[M],c5[M],c5[M],c5[M],c5[M],c5[M],c5[M],c5[M],c5[M],c5[M],c5[M],c5[M],c5[M],c5[M],c5[M],c5[M],c5[M],c5[M],c5[M],c5[M],c5[M],c5[M],c5[M],c5[M],c5[M],c5[M],c5[M],c5[M],c5[M],c5[M],c5[M],c5[M],c5[M],c5[M],c5[M],c5[M],c5[M],c5[M],c5[M],c5[M],c5[M],c5[M],c5[M],c5[M],c5[M],c5[M],c5[M],c5[M],c5[M],c5[M],c5[M],c5[M],c5[M],c5[M],c5[M],c5[M],c5[M],c5[M],c5[M],c5[M],c5[M],c5[M],c5[M],c5[M],c5[M],c5[M],c5[M],c5[M],c5[M],c5[M],c5[M],c5[M],c5[M],c5[M],c5[M],c5[M],c5[M],c5[M],c5[M],c5[M],c5[M],c5[M],c5[M],c5[M],c5[M],c5[M],c5[M],c5[M],c5[M],c5[M],c5[M],c5[M],c5[M],c5[M],c5[M],c5[M],c5[M],c5[M],c5[M],c5[M],c5[M],c5[M],c5[M],c5[M],c5[M],c5[M],c5[M],c5[M],c5[M],c5[M],c5[M],c5[M],c5[M],c5[M],c5[M],c5[M],c5[M],c5[M],c5[M],c5[M],c5[M],c5[M],c5[M],c5[M],c5[M],c5[M],c5[M],c5[M],c5[M],c5[M],c5[M],c5[M],c5[M],c5[M],c5[M],c5[M],c5[M],c5[M],c5[M],c5[M],c5[M],c5[M],c5[M],c5[M],c5[M],c5[M],c5[M],c5[M],c5[M],c5[M],c5[M],c5[M],c5[M],c5[M],c5[M],c5[M],c5[M],c5[M],c5[M],c5[M],c5[M],c5[M],c5[M],c5[M],c5[M],c5[M],c5[M],c5[M],c5[M],c5[M],c5[M],c5[M],c5[M],c5[M],c5[M],c5[M],c5[M],c5[M],c5[M],c5[M],c5[M],c5[M],c5[M],c5[M],c5[M],c5[M],c5[M],c5[M],c5[M],c5[M],c5[M],c5[M],c5[M],c5[M],c5[M],c5[M],c5[M],c5[M],c5[M],c5[M],c5[M],c5[M],c5[M],c5[M],c5[M],c5[M],c5[M],c5[M],c5[M],c5[M],c5[M],c5[M],c5[M],c5[M],c5[M],c5[M],c5[M],c5[M],c5[M],c5[M],c5[M],c5[M],c5[M],c5[M],c5[M],c5[M],c5[M],c5[M],c5[M],c5[M],c5[M],c5[M],c5[M],c5[M],c5[M],c5[M],c5[M],c5[M],c5[M],c5[M],c5[M],c5[M],c5[M],c5[M],c5[M],c5[M],c5[M],c5[M],c5[M],c5[M],c5[M],c5[M],c5[M],c5[M],c5[M],c5[M],c5[M],c5[M],c5[M],c5[M],c5[M],c5[M],c5[M],c5[M],c5[M],c5[M],c5[M],c5[M],c5[M],c5[M],c5[M],c5[M],c5[M],c5[M],c5[M],c5[M],c5[M],c5[M],c5[M],c5[M],c5[M],c5[M],c5[M],c5[M],c5[M],c5[M],c5[M],c5[M],c5[M],c5[M],c5[M],c5[M],c5[M],c5[M],c5[M],c5[M],c5[M],c5[M],c5[M],c5[M],c5[M],c5[M],c5[M],c5[M],c5[M],c5[M],c5[M],c5[M],c5[M],c5[M],c5[M],c5[M],c5[M],c5[M],c5[M],c5[M],c5[M],c5[M],c5[M],c5[M],c5[M],c5[M],c5[M],c5[M],c5[M],c5[M],c5[M],c5[M],c5[M],c5[M],c5[M],c5[M],c5[M],c5[M],c5[M],c5[M],c5[M],c5[M],c5[M],c5[M],c5[M],c5[M],c5[M],c5[M],c5[M],c5[M],c5[M],c5[M],c5[M],c5[M],c5[M],c5[M],c5[M],c5[M],c5[M],c5[M],c5[M],c5[M],c5[M],c5[M],c5[M],c5[M],c5[M],c5[M],c5[M],c5[M],c5[M],c5[M],c5[M],c5[M],c5[M],c5[M],c5[M],c5[M],c5[M],c5[M],c5[M],c5[M],c5[M],c5[M],c5[M],c5[M],c5[M],c5[M],c5[M],c5[M],c5[M],c5[M],c5[M],c5[M],c5[M],c5[M],c5[M],c5[M],c5[M],c5[M],c5[M],c5[M],c5[M],c5[M],c5[M],c5[M],c5[M],c5[M],c5[M],c5[M],c5[M],c5[M],c5[M],c5[M],c5[M],c5[M],c5[M],c5[M],c5[M],c5[M],c5[M],c5[M],c5[M],c5[M],c5[M],c5[M],c5[M],c5[M],c5[M],c5[M],c5[M],c5[M],c5[M],c5[M],c5[M],c5[M],c5[M],c5[M],c5[M],c5[M],c5[M],c5[M],c5[M],c5[M],c5[M],c5[M],c5[M],c5[M],c5[M],c5[M],c5[M],c5[M],c5[M],c5[M],c5[M],c5[M],c5[M],c5[M],c5[M],c5[M],c5[M],c5[M],c5[M],c5[M],c5[M],c5[M],c5[M],c5[M],c5[M],c5[M],c5[M],c5[M],c5[M],c5[M],c5[M],c5[M],c5[M],c5[M],c5[M],c5[M],c5[M],c5[M],c5[M],c5[M],c5[M],c5[M],c5[M],c5[M],c5[M],c5[M],c5[M],c5[M],c5[M],c5[M],c5[M],c5[M],c5[M],c5[M],c5[M],c5[M],c5[M],c5[M],c5[M],c5[M],c5[M],c5[M],c5[M],c5[M],c5[M],c5[M],c5[M],c5[M],c5[M],c5[M],c5[M],c5[M],c5[M],c5[M],c5[M],c5[M],c5[M],c5[M],c5[M],c5[M],c5[M],c5[M],c5[M],c5[M],c5[M],c5[M],c5[M],c5[M],c5[M],c5[M],c5[M],c5[M],c5[M],c5[M],c5[M],c5[M],c5[M],c5[M],c5[M],c5[M],c5[M],c5[M],c5[M],c5[M],c5[M],c5[M],c5[M],c5[M],c5[M],c5[M],c5[M],c5[M],c5[M],c5[M],c5[M],c5[M],c5[M],c5[M],c5[M],c5[M],c5[M],c5[M],c5[M],c5[M],c5[M],c5[M],c5[M],c5[M],c5[M],c5[M],c5[M],c5[M],c5[M],c5[M],c5[M],c5[M],c5[M],c5[M],c5[M],c5[M],c5[M],c5[M],c5[M],c5[M],c5[M],c5[M],c5[M],c5[M],c5[M],c5[M],c5[M],c5[M],c5[M],c5[M],c5[M],c5[M],c5[M],c5[M],c5[M],c5[M],c5[M],c5[M],c5[M],c5[M],c5[M],c5[M],c5[M],c5[M],c5[M],c5[M],c5[M],c5[M],c5[M],c5[M],c5[M],c5[M],c5[M],c5[M],c5[M],c5[M],c5[M],c5[M],c5[M],c5[M],c5[M],c5[M],c5[M],c5[M],c5[M],c5[M],c5[M],c5[M],c5[M],c5[M],c5[M],c5[M],c5[M],c5[M],c5[M],c5[M],c5[M],c5[M],c5[M],c5[M],c5[M],c5[M],c5[M],c5[M],c5[M],c5[M],c5[M],c5[M],c5[M],c5[M],c5[M],c5[M],c5[M],c5[M],c5[M],c5[M],c5[M],c5[M],c5[M],c5[M],c5[M],c5[M],c5[M],c5[M],c5[M],c5[M],c5[M],c5[M],c5[M],c5[M],c5[M],c5[M],c5[M],c5[M],c5[M],c5[M],c5[M],c5[M],c5[M],c5[M],c5[M],c5[M],c5[M],c5[M],c5[M],c5[M],c5[M],c5[M],c5[M],c5[M],c5[M],c5[M],c5[M],c5[M],c5[M],c5[M],c5[M],c5[M],c5[M],c5[M],c5[M],c5[M],c5[M],c5[M],c5[M],c5[M],c5[M],c5[M],c5[M],c5[M],c5[M],c5[M],c5[M],c5[M],c5[M],c5[M],c5[M],c5[M],c5[M],c5[M],c5[M],c5[M],c5[M],c5[M],c5[M],c5[M],c5[M],c5[M],c5[M],c5[M],c5[M],c5[M],c5[M],c5[M],c5[M],c5[M],c5[M],c5[M],c5[M],c5[M],c5[M],c5[M],c5[M],c5[M],c5[M],c5[M],c5[M],c5[M],c5[M],c5[M],c5[M],c5[M],c5[M],c5[M],c5[M],c5[M],c5[M],c5[M],c5[M],c5[M],c5[M],c5[M],c5[M],c5[M],c5[M],c5[M],c5[M],c5[M],c5[M],c5[M],c5[M],c5[M],c5[M],c5[M],c5[M],c5[M],c5[M],c5[M],c5[M],c5[M],c5[M],c5[M],c5[M],c5[M],c5[M],c5[M],c5[M],c5[M],c5[M],c5[M],c5[M],c5[M],c5[M],c5[M],c5[M],c5[M],c5[M],c5[M],c5[M],c5[M],c5[M],c5[M],c5[M],c5[M],c5[M],c5[M],c5[M],c5[M],c5[M],c5[M],c5[M],c5[M],c5[M],c5[M],c5[M],c5[M],c5[M],c5[M],c5[M],c5[M],c5[M],c5[M],c5[M],c5[M],c5[M],c5[M],c5[M],c5[M],c5[M],c5[M],c5[M],c5[M],c5[M],c5[M],c5[M],c5[M],c5[M],c5[M],c5[M],c5[M],c5[M],c5[M],c5[M],c5[M],c5[M],c5[M],c5[M],c5[M],c5[M],c5[M],c5[M],c5[M],c5[M],c5[M],c5[M],c5[M],c5[M],c5[M],c5[M],c5[M],c5[M],c5[M],c5[M],c5[M],c5[M],c5[M],c5[M],c5[M],c5[M],c5[M],c5[M],c5[M],c5[M],c5[M],c5[M],c5[M],c5[M],c5[M],c5[M],c5[M],c5[M],c5[M],c5[M],c5[M],c5[M],c5[M],c5[M],c5[M],c5[M],c5[M],c5[M],c5[M],c5[M],c5[M],c5[M],c5[M],c5[M],c5[M],c5[M],c5[M],c5[M],c5[M],c5[M],c5[M],c5[M],c5[M],c5[M],c5[M],c5[M],c5[M],c5[M],c5[M],c5[M],c5[M],c5[M],c5[M],c5[M],c5[M],c5[M],c5[M],c5[M],c5[M],c5[M],c5[M],c5[M],c5[M],c5[M],c5[M],c5[M],c5[M],c5[M],c5[M],c5[M],c5[M],c5[M],c5[M],c5[M],c5[M],c5[M],c5[M],c5[M],c5[M],c5[M],c5[M],c5[M],c5[M],c5[M],c5[M],c5[M],c5[M],c5[M],c5[M],c5[M],c5[M],c5[M],c5[M],c5[M],c5[M],c5[M],c5[M],c5[M],c5[M],c5[M],c5[M],c5[M],c5[M],c5[M],c5[M],c5[M],c5[M],c5[M],c5[M],c5[M],c5[M],c5[M],c5[M],c5[M],c5[M],c5[M],c5[M],c5[M],c5[M];"]},{"id":2,"baseBeats":0.25,"scores":["c5[M],c5[M],c5[M],c5[M],c5[M],c5[M],c5[M],c5[M],c5[M],c5[M],c5[M],c5[M],c5[M],c5[M],c5[M],c5[M],c5[M],c5[M],c5[M],c5[M],c5[M],c5[M],c5[M],c5[M],c5[M],c5[M],c5[M],c5[M],c5[M],c5[M],c5[M],c5[M],c5[M],c5[M],c5[M],c5[M],c5[M],c5[M],c5[M],c5[M],c5[M],c5[M],c5[M],c5[M],c5[M],c5[M],c5[M],c5[M],c5[M],c5[M],c5[M],c5[M],c5[M],c5[M],c5[M],c5[M],c5[M],c5[M],c5[M],c5[M],c5[M],c5[M],c5[M],c5[M],c5[M],c5[M],c5[M],c5[M],c5[M],c5[M],c5[M],c5[M],c5[M],c5[M],c5[M],c5[M],c5[M],c5[M],c5[M],c5[M],c5[M],c5[M],c5[M],c5[M],c5[M],c5[M],c5[M],c5[M],c5[M],c5[M],c5[M],c5[M],c5[M],c5[M],c5[M],c5[M],c5[M],c5[M],c5[M],c5[M],c5[M],c5[M],c5[M],c5[M],c5[M],c5[M],c5[M],c5[M],c5[M],c5[M],c5[M],c5[M],c5[M],c5[M],c5[M],c5[M],c5[M],c5[M],c5[M],c5[M],c5[M],c5[M],c5[M],c5[M],c5[M],c5[M],c5[M],c5[M],c5[M],c5[M],c5[M],c5[M],c5[M],c5[M],c5[M],c5[M],c5[M],c5[M],c5[M],c5[M],c5[M],c5[M],c5[M],c5[M],c5[M],c5[M],c5[M],c5[M],c5[M],c5[M],c5[M],c5[M],c5[M],c5[M],c5[M],c5[M],c5[M],c5[M],c5[M],c5[M],c5[M],c5[M],c5[M],c5[M],c5[M],c5[M],c5[M],c5[M],c5[M],c5[M],c5[M],c5[M],c5[M],c5[M],c5[M],c5[M],c5[M],c5[M],c5[M],c5[M],c5[M],c5[M],c5[M],c5[M],c5[M],c5[M],c5[M],c5[M],c5[M],c5[M],c5[M],c5[M],c5[M],c5[M],c5[M],c5[M],c5[M],c5[M],c5[M],c5[M],c5[M],c5[M],c5[M],c5[M],c5[M],c5[M],c5[M],c5[M],c5[M],c5[M],c5[M],c5[M],c5[M],c5[M],c5[M],c5[M],c5[M],c5[M],c5[M],c5[M],c5[M],c5[M],c5[M],c5[M],c5[M],c5[M],c5[M],c5[M],c5[M],c5[M],c5[M],c5[M],c5[M],c5[M],c5[M],c5[M],c5[M],c5[M],c5[M],c5[M],c5[M],c5[M],c5[M],c5[M],c5[M],c5[M],c5[M],c5[M],c5[M],c5[M],c5[M],c5[M],c5[M],c5[M],c5[M],c5[M],c5[M],c5[M],c5[M],c5[M],c5[M],c5[M],c5[M],c5[M],c5[M],c5[M],c5[M],c5[M],c5[M],c5[M],c5[M],c5[M],c5[M],c5[M],c5[M],c5[M],c5[M],c5[M],c5[M],c5[M],c5[M],c5[M],c5[M],c5[M],c5[M],c5[M],c5[M],c5[M],c5[M],c5[M],c5[M],c5[M],c5[M],c5[M],c5[M],c5[M],c5[M],c5[M],c5[M],c5[M],c5[M],c5[M],c5[M],c5[M],c5[M],c5[M],c5[M],c5[M],c5[M],c5[M],c5[M],c5[M],c5[M],c5[M],c5[M],c5[M],c5[M],c5[M],c5[M],c5[M],c5[M],c5[M],c5[M],c5[M],c5[M],c5[M],c5[M],c5[M],c5[M],c5[M],c5[M],c5[M],c5[M],c5[M],c5[M],c5[M],c5[M],c5[M],c5[M],c5[M],c5[M],c5[M],c5[M],c5[M],c5[M],c5[M],c5[M],c5[M],c5[M],c5[M],c5[M],c5[M],c5[M],c5[M],c5[M],c5[M],c5[M],c5[M],c5[M],c5[M],c5[M],c5[M],c5[M],c5[M],c5[M],c5[M],c5[M],c5[M],c5[M],c5[M],c5[M],c5[M],c5[M],c5[M],c5[M],c5[M],c5[M],c5[M],c5[M],c5[M],c5[M],c5[M],c5[M],c5[M],c5[M],c5[M],c5[M],c5[M],c5[M],c5[M],c5[M],c5[M],c5[M],c5[M],c5[M],c5[M],c5[M],c5[M],c5[M],c5[M],c5[M],c5[M],c5[M],c5[M],c5[M],c5[M],c5[M],c5[M],c5[M],c5[M],c5[M],c5[M],c5[M],c5[M],c5[M],c5[M],c5[M],c5[M],c5[M],c5[M],c5[M],c5[M],c5[M],c5[M],c5[M],c5[M],c5[M],c5[M],c5[M],c5[M],c5[M],c5[M],c5[M],c5[M],c5[M],c5[M],c5[M],c5[M],c5[M],c5[M],c5[M],c5[M],c5[M],c5[M],c5[M],c5[M],c5[M],c5[M],c5[M],c5[M],c5[M],c5[M],c5[M],c5[M],c5[M],c5[M],c5[M],c5[M],c5[M],c5[M],c5[M],c5[M],c5[M],c5[M],c5[M],c5[M],c5[M],c5[M],c5[M],c5[M],c5[M],c5[M],c5[M],c5[M],c5[M],c5[M],c5[M],c5[M],c5[M],c5[M],c5[M],c5[M],c5[M],c5[M],c5[M],c5[M],c5[M],c5[M],c5[M],c5[M],c5[M],c5[M],c5[M],c5[M],c5[M],c5[M],c5[M],c5[M],c5[M],c5[M],c5[M],c5[M],c5[M],c5[M],c5[M],c5[M],c5[M],c5[M],c5[M],c5[M],c5[M],c5[M],c5[M],c5[M],c5[M],c5[M],c5[M],c5[M],c5[M],c5[M],c5[M],c5[M],c5[M],c5[M],c5[M],c5[M],c5[M],c5[M],c5[M],c5[M],c5[M],c5[M],c5[M],c5[M],c5[M],c5[M],c5[M],c5[M],c5[M],c5[M],c5[M],c5[M],c5[M],c5[M],c5[M],c5[M],c5[M],c5[M],c5[M],c5[M],c5[M],c5[M],c5[M],c5[M],c5[M],c5[M],c5[M],c5[M],c5[M],c5[M],c5[M],c5[M],c5[M],c5[M],c5[M],c5[M],c5[M],c5[M],c5[M],c5[M],c5[M],c5[M],c5[M],c5[M],c5[M],c5[M],c5[M],c5[M],c5[M],c5[M],c5[M],c5[M],c5[M],c5[M],c5[M],c5[M],c5[M],c5[M],c5[M],c5[M],c5[M],c5[M],c5[M],c5[M],c5[M],c5[M],c5[M],c5[M],c5[M],c5[M],c5[M],c5[M],c5[M],c5[M],c5[M],c5[M],c5[M],c5[M],c5[M],c5[M],c5[M],c5[M],c5[M],c5[M],c5[M],c5[M],c5[M],c5[M],c5[M],c5[M],c5[M],c5[M],c5[M],c5[M],c5[M],c5[M],c5[M],c5[M],c5[M],c5[M],c5[M],c5[M],c5[M],c5[M],c5[M],c5[M],c5[M],c5[M],c5[M],c5[M],c5[M],c5[M],c5[M],c5[M],c5[M],c5[M],c5[M],c5[M],c5[M],c5[M],c5[M],c5[M],c5[M],c5[M],c5[M],c5[M],c5[M],c5[M],c5[M],c5[M],c5[M],c5[M],c5[M],c5[M],c5[M],c5[M],c5[M],c5[M],c5[M],c5[M],c5[M],c5[M],c5[M],c5[M],c5[M],c5[M],c5[M],c5[M],c5[M],c5[M],c5[M],c5[M],c5[M],c5[M],c5[M],c5[M],c5[M],c5[M],c5[M],c5[M],c5[M],c5[M],c5[M],c5[M],c5[M],c5[M],c5[M],c5[M],c5[M],c5[M],c5[M],c5[M],c5[M],c5[M],c5[M],c5[M],c5[M],c5[M],c5[M],c5[M],c5[M],c5[M],c5[M],c5[M],c5[M],c5[M],c5[M],c5[M],c5[M],c5[M],c5[M],c5[M],c5[M],c5[M],c5[M],c5[M],c5[M],c5[M],c5[M],c5[M],c5[M],c5[M],c5[M],c5[M],c5[M],c5[M],c5[M],c5[M],c5[M],c5[M],c5[M],c5[M],c5[M],c5[M],c5[M],c5[M],c5[M],c5[M],c5[M],c5[M],c5[M],c5[M],c5[M],c5[M],c5[M],c5[M],c5[M],c5[M],c5[M],c5[M],c5[M],c5[M],c5[M],c5[M],c5[M],c5[M],c5[M],c5[M],c5[M],c5[M],c5[M],c5[M],c5[M],c5[M],c5[M],c5[M],c5[M],c5[M],c5[M],c5[M],c5[M],c5[M],c5[M],c5[M],c5[M],c5[M],c5[M],c5[M],c5[M],c5[M],c5[M],c5[M],c5[M],c5[M],c5[M],c5[M],c5[M],c5[M],c5[M],c5[M],c5[M],c5[M],c5[M],c5[M],c5[M],c5[M],c5[M],c5[M],c5[M],c5[M],c5[M],c5[M],c5[M],c5[M],c5[M],c5[M],c5[M],c5[M],c5[M],c5[M],c5[M],c5[M],c5[M],c5[M],c5[M],c5[M],c5[M],c5[M],c5[M],c5[M],c5[M],c5[M],c5[M],c5[M],c5[M],c5[M],c5[M],c5[M],c5[M],c5[M],c5[M],c5[M],c5[M],c5[M],c5[M],c5[M],c5[M],c5[M],c5[M],c5[M],c5[M],c5[M],c5[M],c5[M],c5[M],c5[M],c5[M],c5[M],c5[M],c5[M],c5[M],c5[M],c5[M],c5[M],c5[M],c5[M],c5[M],c5[M],c5[M],c5[M],c5[M],c5[M],c5[M],c5[M],c5[M],c5[M],c5[M],c5[M],c5[M],c5[M],c5[M],c5[M],c5[M],c5[M],c5[M],c5[M],c5[M],c5[M],c5[M],c5[M],c5[M],c5[M],c5[M],c5[M],c5[M],c5[M],c5[M],c5[M],c5[M],c5[M],c5[M],c5[M],c5[M],c5[M],c5[M],c5[M],c5[M],c5[M],c5[M],c5[M],c5[M],c5[M],c5[M],c5[M],c5[M],c5[M],c5[M],c5[M],c5[M],c5[M],c5[M],c5[M],c5[M],c5[M],c5[M],c5[M],c5[M],c5[M],c5[M],c5[M],c5[M],c5[M],c5[M],c5[M],c5[M],c5[M],c5[M],c5[M],c5[M],c5[M],c5[M],c5[M],c5[M],c5[M],c5[M],c5[M],c5[M],c5[M],c5[M],c5[M],c5[M],c5[M],c5[M],c5[M],c5[M],c5[M],c5[M],c5[M],c5[M],c5[M],c5[M],c5[M],c5[M],c5[M],c5[M],c5[M],c5[M],c5[M],c5[M],c5[M],c5[M],c5[M],c5[M],c5[M],c5[M],c5[M],c5[M],c5[M],c5[M],c5[M],c5[M],c5[M],c5[M],c5[M],c5[M],c5[M],c5[M],c5[M],c5[M],c5[M],c5[M],c5[M],c5[M],c5[M],c5[M],c5[M],c5[M],c5[M],c5[M],c5[M],c5[M],c5[M],c5[M],c5[M],c5[M],c5[M],c5[M],c5[M],c5[M],c5[M],c5[M],c5[M],c5[M],c5[M],c5[M],c5[M],c5[M],c5[M],c5[M],c5[M],c5[M],c5[M],c5[M],c5[M],c5[M],c5[M],c5[M],c5[M],c5[M],c5[M],c5[M],c5[M],c5[M],c5[M],c5[M],c5[M],c5[M],c5[M],c5[M],c5[M],c5[M],c5[M],c5[M],c5[M],c5[M],c5[M],c5[M],c5[M],c5[M],c5[M],c5[M],c5[M],c5[M],c5[M],c5[M],c5[M],c5[M],c5[M],c5[M],c5[M],c5[M],c5[M],c5[M],c5[M],c5[M],c5[M],c5[M],c5[M],c5[M],c5[M],c5[M],c5[M],c5[M],c5[M],c5[M],c5[M],c5[M],c5[M],c5[M],c5[M],c5[M],c5[M],c5[M],c5[M],c5[M],c5[M],c5[M],c5[M],c5[M],c5[M],c5[M],c5[M],c5[M],c5[M],c5[M],c5[M],c5[M],c5[M],c5[M],c5[M],c5[M],c5[M],c5[M],c5[M],c5[M],c5[M],c5[M],c5[M],c5[M],c5[M],c5[M],c5[M],c5[M],c5[M],c5[M],c5[M],c5[M],c5[M],c5[M],c5[M],c5[M],c5[M],c5[M],c5[M],c5[M],c5[M],c5[M],c5[M],c5[M],c5[M],c5[M],c5[M],c5[M],c5[M],c5[M],c5[M],c5[M],c5[M],c5[M],c5[M],c5[M],c5[M],c5[M],c5[M],c5[M],c5[M],c5[M],c5[M],c5[M],c5[M],c5[M],c5[M],c5[M],c5[M],c5[M],c5[M],c5[M],c5[M],c5[M],c5[M],c5[M],c5[M],c5[M],c5[M],c5[M],c5[M],c5[M],c5[M],c5[M],c5[M],c5[M],c5[M],c5[M],c5[M],c5[M],c5[M],c5[M],c5[M],c5[M],c5[M],c5[M],c5[M],c5[M],c5[M],c5[M],c5[M],c5[M],c5[M],c5[M],c5[M],c5[M],c5[M],c5[M],c5[M],c5[M],c5[M],c5[M],c5[M],c5[M],c5[M],c5[M],c5[M],c5[M],c5[M],c5[M],c5[M],c5[M],c5[M],c5[M],c5[M],c5[M],c5[M],c5[M],c5[M],c5[M],c5[M],c5[M],c5[M],c5[M],c5[M],c5[M],c5[M],c5[M],c5[M],c5[M],c5[M],c5[M],c5[M],c5[M],c5[M],c5[M],c5[M],c5[M],c5[M],c5[M],c5[M],c5[M],c5[M],c5[M],c5[M],c5[M],c5[M],c5[M],c5[M],c5[M],c5[M],c5[M],c5[M],c5[M],c5[M],c5[M],c5[M],c5[M],c5[M],c5[M],c5[M],c5[M],c5[M],c5[M],c5[M],c5[M],c5[M],c5[M],c5[M],c5[M],c5[M],c5[M],c5[M],c5[M],c5[M],c5[M],c5[M],c5[M],c5[M],c5[M],c5[M],c5[M],c5[M],c5[M],c5[M],c5[M],c5[M],c5[M],c5[M],c5[M],c5[M],c5[M],c5[M],c5[M],c5[M],c5[M],c5[M],c5[M],c5[M],c5[M],c5[M],c5[M],c5[M],c5[M],c5[M],c5[M],c5[M],c5[M],c5[M],c5[M],c5[M],c5[M],c5[M],c5[M],c5[M],c5[M],c5[M],c5[M],c5[M],c5[M],c5[M],c5[M],c5[M],c5[M],c5[M],c5[M],c5[M],c5[M],c5[M],c5[M],c5[M],c5[M],c5[M],c5[M],c5[M],c5[M],c5[M],c5[M],c5[M],c5[M],c5[M],c5[M],c5[M],c5[M],c5[M],c5[M],c5[M],c5[M],c5[M],c5[M],c5[M],c5[M],c5[M],c5[M],c5[M],c5[M],c5[M],c5[M],c5[M],c5[M],c5[M],c5[M],c5[M],c5[M],c5[M],c5[M],c5[M],c5[M],c5[M],c5[M],c5[M],c5[M],c5[M],c5[M],c5[M],c5[M],c5[M],c5[M],c5[M],c5[M],c5[M],c5[M],c5[M],c5[M],c5[M],c5[M],c5[M],c5[M],c5[M],c5[M],c5[M],c5[M],c5[M],c5[M],c5[M],c5[M],c5[M],c5[M],c5[M],c5[M],c5[M],c5[M],c5[M],c5[M],c5[M],c5[M],c5[M],c5[M],c5[M],c5[M],c5[M],c5[M],c5[M],c5[M],c5[M],c5[M],c5[M],c5[M],c5[M],c5[M],c5[M],c5[M],c5[M],c5[M],c5[M],c5[M],c5[M],c5[M],c5[M],c5[M],c5[M],c5[M],c5[M],c5[M],c5[M],c5[M],c5[M],c5[M],c5[M],c5[M],c5[M],c5[M],c5[M],c5[M],c5[M],c5[M],c5[M],c5[M],c5[M],c5[M],c5[M],c5[M],c5[M],c5[M],c5[M],c5[M],c5[M],c5[M],c5[M],c5[M],c5[M],c5[M],c5[M],c5[M],c5[M],c5[M],c5[M],c5[M],c5[M],c5[M],c5[M],c5[M],c5[M],c5[M],c5[M],c5[M],c5[M],c5[M],c5[M],c5[M],c5[M],c5[M],c5[M],c5[M],c5[M],c5[M],c5[M],c5[M],c5[M],c5[M],c5[M],c5[M],c5[M],c5[M],c5[M],c5[M],c5[M],c5[M],c5[M],c5[M],c5[M],c5[M],c5[M],c5[M],c5[M],c5[M],c5[M],c5[M],c5[M],c5[M],c5[M],c5[M],c5[M],c5[M],c5[M],c5[M],c5[M],c5[M],c5[M],c5[M],c5[M],c5[M],c5[M],c5[M],c5[M],c5[M],c5[M],c5[M],c5[M],c5[M],c5[M],c5[M],c5[M],c5[M],c5[M],c5[M],c5[M],c5[M],c5[M],c5[M],c5[M],c5[M],c5[M],c5[M],c5[M],c5[M],c5[M],c5[M],c5[M],c5[M],c5[M],c5[M],c5[M],c5[M],c5[M],c5[M],c5[M],c5[M],c5[M],c5[M],c5[M],c5[M],c5[M],c5[M],c5[M],c5[M],c5[M],c5[M],c5[M],c5[M],c5[M],c5[M],c5[M],c5[M],c5[M],c5[M],c5[M],c5[M],c5[M],c5[M],c5[M],c5[M],c5[M],c5[M],c5[M],c5[M],c5[M],c5[M],c5[M],c5[M],c5[M],c5[M],c5[M],c5[M],c5[M],c5[M],c5[M],c5[M],c5[M],c5[M],c5[M],c5[M],c5[M],c5[M],c5[M],c5[M],c5[M],c5[M],c5[M],c5[M],c5[M],c5[M],c5[M],c5[M],c5[M],c5[M],c5[M],c5[M],c5[M],c5[M],c5[M],c5[M],c5[M],c5[M],c5[M],c5[M],c5[M],c5[M],c5[M],c5[M],c5[M],c5[M],c5[M],c5[M],c5[M],c5[M],c5[M],c5[M],c5[M],c5[M],c5[M],c5[M],c5[M],c5[M],c5[M],c5[M],c5[M],c5[M],c5[M],c5[M],c5[M],c5[M],c5[M],c5[M],c5[M],c5[M],c5[M],c5[M],c5[M],c5[M],c5[M],c5[M],c5[M],c5[M],c5[M],c5[M],c5[M],c5[M],c5[M],c5[M],c5[M],c5[M],c5[M],c5[M],c5[M],c5[M],c5[M],c5[M],c5[M],c5[M],c5[M],c5[M],c5[M],c5[M],c5[M],c5[M],c5[M],c5[M],c5[M],c5[M],c5[M],c5[M],c5[M],c5[M],c5[M],c5[M],c5[M],c5[M],c5[M],c5[M],c5[M],c5[M],c5[M],c5[M],c5[M],c5[M],c5[M],c5[M],c5[M],c5[M],c5[M],c5[M],c5[M],c5[M],c5[M],c5[M],c5[M],c5[M],c5[M],c5[M],c5[M],c5[M],c5[M],c5[M],c5[M],c5[M],c5[M],c5[M],c5[M],c5[M],c5[M],c5[M],c5[M],c5[M],c5[M],c5[M],c5[M],c5[M],c5[M],c5[M],c5[M],c5[M],c5[M],c5[M],c5[M],c5[M],c5[M],c5[M],c5[M],c5[M],c5[M],c5[M],c5[M],c5[M],c5[M],c5[M],c5[M],c5[M],c5[M],c5[M],c5[M],c5[M],c5[M],c5[M],c5[M],c5[M],c5[M],c5[M],c5[M],c5[M],c5[M],c5[M],c5[M],c5[M],c5[M],c5[M],c5[M],c5[M],c5[M],c5[M],c5[M],c5[M],c5[M],c5[M],c5[M],c5[M],c5[M],c5[M],c5[M],c5[M],c5[M],c5[M],c5[M],c5[M],c5[M],c5[M],c5[M],c5[M],c5[M],c5[M],c5[M],c5[M],c5[M],c5[M],c5[M],c5[M],c5[M],c5[M],c5[M],c5[M],c5[M],c5[M],c5[M],c5[M],c5[M],c5[M],c5[M],c5[M],c5[M],c5[M],c5[M],c5[M],c5[M],c5[M],c5[M],c5[M],c5[M],c5[M],c5[M],c5[M],c5[M],c5[M],c5[M],c5[M],c5[M],c5[M],c5[M],c5[M],c5[M],c5[M],c5[M],c5[M],c5[M],c5[M],c5[M],c5[M],c5[M],c5[M],c5[M],c5[M],c5[M],c5[M],c5[M],c5[M],c5[M],c5[M],c5[M],c5[M],c5[M],c5[M],c5[M],c5[M],c5[M],c5[M],c5[M],c5[M],c5[M],c5[M],c5[M],c5[M],c5[M],c5[M],c5[M],c5[M],c5[M],c5[M],c5[M],c5[M],c5[M],c5[M],c5[M],c5[M],c5[M],c5[M],c5[M],c5[M],c5[M],c5[M],c5[M],c5[M],c5[M],c5[M],c5[M],c5[M],c5[M],c5[M],c5[M],c5[M],c5[M],c5[M],c5[M],c5[M],c5[M],c5[M],c5[M],c5[M],c5[M],c5[M],c5[M],c5[M],c5[M],c5[M],c5[M],c5[M],c5[M],c5[M],c5[M],c5[M],c5[M],c5[M],c5[M],c5[M],c5[M],c5[M],c5[M],c5[M],c5[M],c5[M],c5[M],c5[M],c5[M],c5[M],c5[M],c5[M],c5[M],c5[M],c5[M],c5[M],c5[M],c5[M],c5[M],c5[M],c5[M],c5[M],c5[M],c5[M],c5[M],c5[M],c5[M],c5[M],c5[M],c5[M],c5[M],c5[M],c5[M],c5[M],c5[M],c5[M],c5[M],c5[M],c5[M],c5[M],c5[M],c5[M],c5[M],c5[M],c5[M],c5[M],c5[M],c5[M],c5[M],c5[M],c5[M],c5[M],c5[M],c5[M],c5[M],c5[M],c5[M],c5[M],c5[M],c5[M],c5[M],c5[M],c5[M],c5[M],c5[M],c5[M],c5[M],c5[M],c5[M],c5[M],c5[M],c5[M],c5[M],c5[M],c5[M],c5[M],c5[M],c5[M],c5[M],c5[M],c5[M],c5[M],c5[M],c5[M],c5[M],c5[M],c5[M],c5[M],c5[M],c5[M],c5[M],c5[M],c5[M],c5[M],c5[M],c5[M],c5[M],c5[M],c5[M],c5[M],c5[M],c5[M],c5[M],c5[M],c5[M],c5[M],c5[M],c5[M],c5[M],c5[M],c5[M],c5[M],c5[M],c5[M],c5[M],c5[M],c5[M],c5[M],c5[M],c5[M],c5[M],c5[M],c5[M],c5[M],c5[M],c5[M],c5[M],c5[M],c5[M],c5[M],c5[M],c5[M],c5[M],c5[M],c5[M],c5[M],c5[M],c5[M],c5[M],c5[M],c5[M],c5[M],c5[M],c5[M],c5[M],c5[M],c5[M],c5[M],c5[M],c5[M],c5[M],c5[M],c5[M],c5[M],c5[M],c5[M],c5[M],c5[M],c5[M],c5[M],c5[M],c5[M],c5[M],c5[M],c5[M],c5[M],c5[M],c5[M],c5[M],c5[M],c5[M],c5[M],c5[M],c5[M],c5[M],c5[M],c5[M],c5[M],c5[M],c5[M],c5[M],c5[M],c5[M],c5[M],c5[M],c5[M],c5[M],c5[M],c5[M],c5[M],c5[M],c5[M],c5[M],c5[M],c5[M],c5[M],c5[M],c5[M],c5[M],c5[M],c5[M],c5[M],c5[M],c5[M],c5[M],c5[M],c5[M],c5[M],c5[M],c5[M],c5[M],c5[M],c5[M],c5[M],c5[M],c5[M],c5[M],c5[M],c5[M],c5[M],c5[M],c5[M],c5[M],c5[M],c5[M],c5[M],c5[M],c5[M],c5[M],c5[M],c5[M],c5[M],c5[M],c5[M],c5[M],c5[M],c5[M],c5[M],c5[M],c5[M],c5[M],c5[M],c5[M],c5[M],c5[M],c5[M],c5[M],c5[M],c5[M],c5[M],c5[M],c5[M],c5[M],c5[M],c5[M],c5[M],c5[M],c5[M],c5[M],c5[M],c5[M],c5[M],c5[M],c5[M],c5[M],c5[M],c5[M],c5[M],c5[M],c5[M],c5[M],c5[M],c5[M],c5[M],c5[M],c5[M],c5[M],c5[M],c5[M],c5[M],c5[M],c5[M],c5[M],c5[M],c5[M],c5[M],c5[M],c5[M],c5[M],c5[M],c5[M],c5[M],c5[M],c5[M],c5[M],c5[M],c5[M],c5[M],c5[M],c5[M],c5[M],c5[M],c5[M],c5[M],c5[M],c5[M],c5[M],c5[M],c5[M],c5[M],c5[M],c5[M],c5[M],c5[M],c5[M],c5[M],c5[M],c5[M],c5[M],c5[M],c5[M],c5[M],c5[M],c5[M],c5[M],c5[M],c5[M],c5[M],c5[M],c5[M],c5[M],c5[M],c5[M],c5[M],c5[M],c5[M],c5[M],c5[M],c5[M],c5[M],c5[M],c5[M],c5[M],c5[M],c5[M],c5[M],c5[M],c5[M],c5[M],c5[M],c5[M],c5[M],c5[M],c5[M],c5[M],c5[M],c5[M],c5[M],c5[M],c5[M],c5[M],c5[M],c5[M],c5[M],c5[M],c5[M],c5[M],c5[M],c5[M],c5[M],c5[M],c5[M],c5[M],c5[M],c5[M],c5[M],c5[M],c5[M],c5[M],c5[M],c5[M],c5[M],c5[M],c5[M],c5[M],c5[M],c5[M],c5[M],c5[M],c5[M],c5[M],c5[M],c5[M],c5[M],c5[M],c5[M],c5[M],c5[M],c5[M],c5[M],c5[M],c5[M],c5[M],c5[M],c5[M],c5[M],c5[M],c5[M],c5[M],c5[M],c5[M],c5[M],c5[M],c5[M],c5[M],c5[M],c5[M],c5[M],c5[M],c5[M],c5[M],c5[M],c5[M],c5[M],c5[M],c5[M],c5[M],c5[M],c5[M],c5[M],c5[M],c5[M],c5[M],c5[M],c5[M],c5[M],c5[M],c5[M],c5[M],c5[M],c5[M],c5[M],c5[M],c5[M],c5[M],c5[M],c5[M],c5[M],c5[M],c5[M],c5[M],c5[M],c5[M],c5[M],c5[M],c5[M],c5[M],c5[M],c5[M],c5[M],c5[M],c5[M],c5[M],c5[M],c5[M],c5[M],c5[M],c5[M],c5[M],c5[M],c5[M],c5[M],c5[M],c5[M],c5[M],c5[M],c5[M],c5[M],c5[M],c5[M],c5[M],c5[M],c5[M],c5[M],c5[M],c5[M],c5[M],c5[M],c5[M],c5[M],c5[M],c5[M],c5[M],c5[M],c5[M],c5[M],c5[M],c5[M],c5[M],c5[M],c5[M],c5[M],c5[M],c5[M],c5[M],c5[M],c5[M],c5[M],c5[M],c5[M],c5[M],c5[M],c5[M],c5[M],c5[M],c5[M],c5[M],c5[M],c5[M],c5[M],c5[M],c5[M],c5[M],c5[M],c5[M],c5[M],c5[M],c5[M],c5[M],c5[M],c5[M],c5[M],c5[M],c5[M],c5[M],c5[M],c5[M],c5[M],c5[M],c5[M],c5[M],c5[M],c5[M],c5[M],c5[M],c5[M],c5[M],c5[M],c5[M],c5[M],c5[M],c5[M],c5[M],c5[M],c5[M],c5[M],c5[M],c5[M],c5[M],c5[M],c5[M],c5[M],c5[M],c5[M],c5[M],c5[M],c5[M],c5[M],c5[M],c5[M],c5[M],c5[M],c5[M],c5[M],c5[M],c5[M],c5[M],c5[M],c5[M],c5[M],c5[M],c5[M],c5[M],c5[M],c5[M],c5[M],c5[M],c5[M],c5[M],c5[M],c5[M],c5[M],c5[M],c5[M],c5[M],c5[M],c5[M],c5[M],c5[M],c5[M],c5[M],c5[M],c5[M],c5[M],c5[M],c5[M],c5[M],c5[M],c5[M],c5[M],c5[M],c5[M],c5[M],c5[M],c5[M],c5[M],c5[M],c5[M],c5[M],c5[M],c5[M],c5[M],c5[M],c5[M],c5[M],c5[M],c5[M],c5[M],c5[M],c5[M],c5[M],c5[M],c5[M],c5[M],c5[M],c5[M],c5[M],c5[M],c5[M],c5[M],c5[M],c5[M],c5[M],c5[M],c5[M],c5[M],c5[M],c5[M],c5[M],c5[M],c5[M],c5[M],c5[M],c5[M],c5[M],c5[M],c5[M],c5[M],c5[M],c5[M],c5[M],c5[M],c5[M],c5[M],c5[M],c5[M],c5[M],c5[M],c5[M],c5[M],c5[M],c5[M],c5[M],c5[M],c5[M],c5[M],c5[M],c5[M],c5[M],c5[M],c5[M],c5[M],c5[M],c5[M],c5[M],c5[M],c5[M],c5[M],c5[M],c5[M],c5[M],c5[M],c5[M],c5[M],c5[M],c5[M],c5[M],c5[M],c5[M],c5[M],c5[M],c5[M],c5[M],c5[M],c5[M],c5[M],c5[M],c5[M],c5[M],c5[M],c5[M],c5[M],c5[M],c5[M],c5[M],c5[M],c5[M],c5[M],c5[M],c5[M],c5[M],c5[M],c5[M],c5[M],c5[M],c5[M],c5[M],c5[M],c5[M],c5[M],c5[M],c5[M],c5[M],c5[M],c5[M],c5[M],c5[M],c5[M],c5[M],c5[M],c5[M],c5[M],c5[M],c5[M],c5[M],c5[M],c5[M],c5[M],c5[M],c5[M],c5[M],c5[M],c5[M],c5[M],c5[M],c5[M],c5[M],c5[M],c5[M],c5[M],c5[M],c5[M],c5[M],c5[M],c5[M],c5[M],c5[M],c5[M],c5[M],c5[M],c5[M],c5[M],c5[M],c5[M],c5[M],c5[M],c5[M],c5[M],c5[M],c5[M],c5[M],c5[M],c5[M],c5[M],c5[M],c5[M],c5[M],c5[M],c5[M],c5[M],c5[M],c5[M],c5[M],c5[M],c5[M],c5[M],c5[M],c5[M],c5[M],c5[M],c5[M],c5[M],c5[M],c5[M],c5[M],c5[M],c5[M],c5[M],c5[M],c5[M],c5[M],c5[M],c5[M],c5[M],c5[M],c5[M],c5[M],c5[M],c5[M],c5[M],c5[M],c5[M],c5[M],c5[M],c5[M],c5[M],c5[M],c5[M],c5[M],c5[M],c5[M],c5[M],c5[M],c5[M],c5[M],c5[M],c5[M],c5[M],c5[M],c5[M],c5[M],c5[M],c5[M],c5[M],c5[M],c5[M],c5[M],c5[M],c5[M],c5[M],c5[M],c5[M],c5[M],c5[M],c5[M],c5[M],c5[M],c5[M],c5[M],c5[M],c5[M],c5[M],c5[M],c5[M],c5[M],c5[M],c5[M],c5[M],c5[M],c5[M],c5[M],c5[M],c5[M],c5[M],c5[M],c5[M],c5[M],c5[M],c5[M],c5[M],c5[M],c5[M],c5[M],c5[M],c5[M],c5[M],c5[M],c5[M],c5[M],c5[M],c5[M],c5[M],c5[M],c5[M],c5[M],c5[M],c5[M],c5[M],c5[M],c5[M],c5[M],c5[M],c5[M],c5[M],c5[M],c5[M],c5[M],c5[M],c5[M],c5[M],c5[M],c5[M],c5[M],c5[M],c5[M],c5[M],c5[M],c5[M],c5[M],c5[M],c5[M],c5[M],c5[M],c5[M],c5[M],c5[M],c5[M],c5[M],c5[M],c5[M],c5[M],c5[M],c5[M],c5[M],c5[M],c5[M],c5[M],c5[M],c5[M],c5[M],c5[M],c5[M],c5[M],c5[M],c5[M],c5[M],c5[M],c5[M],c5[M],c5[M],c5[M],c5[M],c5[M],c5[M],c5[M],c5[M],c5[M],c5[M],c5[M],c5[M],c5[M],c5[M],c5[M],c5[M],c5[M],c5[M],c5[M],c5[M],c5[M],c5[M],c5[M],c5[M],c5[M],c5[M],c5[M],c5[M],c5[M],c5[M],c5[M],c5[M],c5[M],c5[M],c5[M],c5[M],c5[M],c5[M],c5[M],c5[M],c5[M],c5[M],c5[M],c5[M],c5[M],c5[M],c5[M],c5[M],c5[M],c5[M],c5[M],c5[M],c5[M],c5[M],c5[M],c5[M],c5[M],c5[M],c5[M],c5[M],c5[M],c5[M],c5[M],c5[M],c5[M],c5[M],c5[M],c5[M],c5[M],c5[M],c5[M],c5[M],c5[M],c5[M],c5[M],c5[M],c5[M],c5[M],c5[M],c5[M],c5[M],c5[M],c5[M],c5[M],c5[M],c5[M],c5[M],c5[M],c5[M],c5[M],c5[M],c5[M],c5[M],c5[M],c5[M],c5[M],c5[M],c5[M],c5[M],c5[M],c5[M],c5[M],c5[M],c5[M],c5[M],c5[M],c5[M],c5[M],c5[M],c5[M],c5[M],c5[M],c5[M],c5[M],c5[M],c5[M],c5[M],c5[M],c5[M],c5[M],c5[M],c5[M],c5[M],c5[M],c5[M],c5[M],c5[M],c5[M],c5[M],c5[M],c5[M],c5[M],c5[M],c5[M],c5[M],c5[M],c5[M],c5[M],c5[M],c5[M],c5[M],c5[M],c5[M],c5[M],c5[M],c5[M],c5[M],c5[M],c5[M],c5[M],c5[M],c5[M],c5[M],c5[M],c5[M],c5[M],c5[M],c5[M],c5[M],c5[M],c5[M],c5[M],c5[M],c5[M],c5[M],c5[M],c5[M],c5[M],c5[M],c5[M],c5[M],c5[M],c5[M],c5[M],c5[M],c5[M],c5[M],c5[M],c5[M],c5[M],c5[M],c5[M],c5[M],c5[M],c5[M],c5[M],c5[M],c5[M],c5[M],c5[M],c5[M],c5[M],c5[M],c5[M],c5[M],c5[M],c5[M],c5[M],c5[M],c5[M],c5[M],c5[M],c5[M],c5[M],c5[M],c5[M],c5[M],c5[M],c5[M],c5[M],c5[M],c5[M],c5[M],c5[M],c5[M],c5[M],c5[M],c5[M],c5[M],c5[M],c5[M],c5[M],c5[M],c5[M],c5[M],c5[M],c5[M],c5[M],c5[M],c5[M],c5[M],c5[M],c5[M],c5[M],c5[M],c5[M],c5[M],c5[M],c5[M],c5[M],c5[M],c5[M],c5[M],c5[M],c5[M],c5[M],c5[M],c5[M],c5[M],c5[M],c5[M],c5[M],c5[M],c5[M],c5[M],c5[M],c5[M],c5[M],c5[M],c5[M],c5[M],c5[M],c5[M],c5[M],c5[M],c5[M],c5[M],c5[M],c5[M],c5[M],c5[M],c5[M],c5[M],c5[M],c5[M],c5[M],c5[M],c5[M],c5[M],c5[M],c5[M],c5[M],c5[M],c5[M],c5[M],c5[M],c5[M],c5[M],c5[M],c5[M],c5[M],c5[M],c5[M],c5[M],c5[M],c5[M],c5[M],c5[M],c5[M],c5[M],c5[M],c5[M],c5[M],c5[M],c5[M],c5[M],c5[M],c5[M],c5[M],c5[M],c5[M],c5[M],c5[M],c5[M],c5[M],c5[M],c5[M],c5[M],c5[M],c5[M],c5[M],c5[M],c5[M],c5[M],c5[M],c5[M],c5[M],c5[M],c5[M],c5[M],c5[M],c5[M],c5[M],c5[M],c5[M],c5[M],c5[M],c5[M],c5[M],c5[M],c5[M],c5[M],c5[M],c5[M],c5[M],c5[M],c5[M],c5[M],c5[M],c5[M],c5[M],c5[M],c5[M],c5[M],c5[M],c5[M],c5[M],c5[M],c5[M],c5[M],c5[M],c5[M],c5[M],c5[M],c5[M],c5[M],c5[M],c5[M],c5[M],c5[M],c5[M],c5[M],c5[M],c5[M],c5[M],c5[M],c5[M],c5[M],c5[M],c5[M],c5[M],c5[M],c5[M],c5[M],c5[M],c5[M],c5[M],c5[M],c5[M],c5[M],c5[M],c5[M],c5[M],c5[M],c5[M],c5[M],c5[M],c5[M],c5[M],c5[M],c5[M],c5[M],c5[M],c5[M],c5[M],c5[M],c5[M],c5[M],c5[M],c5[M],c5[M],c5[M],c5[M],c5[M],c5[M],c5[M],c5[M],c5[M],c5[M],c5[M],c5[M],c5[M],c5[M],c5[M],c5[M],c5[M],c5[M],c5[M],c5[M],c5[M],c5[M],c5[M],c5[M],c5[M],c5[M],c5[M],c5[M],c5[M],c5[M],c5[M],c5[M],c5[M],c5[M],c5[M],c5[M],c5[M],c5[M],c5[M],c5[M],c5[M],c5[M],c5[M],c5[M],c5[M],c5[M],c5[M],c5[M],c5[M],c5[M],c5[M],c5[M],c5[M],c5[M],c5[M],c5[M],c5[M],c5[M],c5[M],c5[M],c5[M],c5[M],c5[M],c5[M],c5[M],c5[M],c5[M],c5[M],c5[M],c5[M],c5[M],c5[M],c5[M],c5[M],c5[M],c5[M],c5[M],c5[M],c5[M],c5[M],c5[M],c5[M],c5[M],c5[M],c5[M],c5[M],c5[M],c5[M],c5[M],c5[M],c5[M],c5[M],c5[M],c5[M],c5[M],c5[M],c5[M],c5[M],c5[M],c5[M],c5[M],c5[M],c5[M],c5[M],c5[M],c5[M],c5[M],c5[M],c5[M],c5[M],c5[M],c5[M],c5[M],c5[M],c5[M],c5[M],c5[M],c5[M],c5[M],c5[M],c5[M],c5[M],c5[M],c5[M],c5[M],c5[M],c5[M],c5[M],c5[M],c5[M],c5[M],c5[M],c5[M],c5[M],c5[M],c5[M],c5[M],c5[M],c5[M],c5[M],c5[M],c5[M],c5[M],c5[M],c5[M],c5[M],c5[M],c5[M],c5[M],c5[M],c5[M],c5[M],c5[M],c5[M],c5[M],c5[M],c5[M],c5[M],c5[M],c5[M],c5[M],c5[M],c5[M],c5[M],c5[M],c5[M],c5[M],c5[M],c5[M],c5[M],c5[M],c5[M],c5[M],c5[M],c5[M],c5[M],c5[M],c5[M],c5[M],c5[M],c5[M],c5[M],c5[M],c5[M],c5[M],c5[M],c5[M],c5[M],c5[M],c5[M],c5[M],c5[M],c5[M],c5[M],c5[M],c5[M],c5[M],c5[M],c5[M],c5[M],c5[M],c5[M],c5[M],c5[M],c5[M],c5[M],c5[M],c5[M],c5[M],c5[M],c5[M],c5[M],c5[M],c5[M],c5[M],c5[M],c5[M],c5[M],c5[M],c5[M],c5[M],c5[M],c5[M],c5[M],c5[M],c5[M],c5[M],c5[M],c5[M],c5[M],c5[M],c5[M],c5[M],c5[M],c5[M],c5[M],c5[M],c5[M],c5[M],c5[M],c5[M],c5[M],c5[M],c5[M],c5[M],c5[M],c5[M],c5[M],c5[M],c5[M],c5[M],c5[M],c5[M],c5[M],c5[M],c5[M],c5[M],c5[M],c5[M],c5[M],c5[M],c5[M],c5[M],c5[M],c5[M],c5[M],c5[M],c5[M],c5[M],c5[M],c5[M],c5[M],c5[M],c5[M],c5[M],c5[M],c5[M],c5[M],c5[M],c5[M],c5[M],c5[M],c5[M],c5[M],c5[M],c5[M],c5[M],c5[M],c5[M],c5[M],c5[M],c5[M],c5[M],c5[M],c5[M],c5[M],c5[M],c5[M],c5[M],c5[M],c5[M],c5[M],c5[M],c5[M],c5[M],c5[M],c5[M],c5[M],c5[M],c5[M],c5[M],c5[M],c5[M],c5[M],c5[M],c5[M],c5[M],c5[M],c5[M],c5[M],c5[M],c5[M],c5[M],c5[M],c5[M],c5[M],c5[M],c5[M],c5[M],c5[M],c5[M],c5[M],c5[M],c5[M],c5[M],c5[M],c5[M],c5[M],c5[M],c5[M],c5[M],c5[M],c5[M],c5[M],c5[M],c5[M],c5[M],c5[M],c5[M],c5[M],c5[M],c5[M],c5[M],c5[M],c5[M],c5[M],c5[M],c5[M],c5[M],c5[M],c5[M],c5[M],c5[M],c5[M],c5[M],c5[M],c5[M],c5[M],c5[M],c5[M],c5[M],c5[M],c5[M],c5[M],c5[M],c5[M],c5[M],c5[M],c5[M],c5[M],c5[M],c5[M],c5[M],c5[M],c5[M],c5[M],c5[M],c5[M],c5[M],c5[M],c5[M],c5[M],c5[M],c5[M],c5[M],c5[M],c5[M],c5[M],c5[M],c5[M],c5[M],c5[M],c5[M],c5[M],c5[M],c5[M],c5[M],c5[M],c5[M],c5[M],c5[M],c5[M],c5[M],c5[M],c5[M],c5[M],c5[M],c5[M],c5[M],c5[M],c5[M],c5[M],c5[M],c5[M],c5[M],c5[M],c5[M],c5[M],c5[M],c5[M],c5[M],c5[M],c5[M],c5[M],c5[M],c5[M],c5[M],c5[M],c5[M],c5[M],c5[M],c5[M],c5[M],c5[M],c5[M],c5[M],c5[M],c5[M],c5[M],c5[M],c5[M],c5[M],c5[M],c5[M],c5[M],c5[M],c5[M],c5[M],c5[M],c5[M],c5[M],c5[M],c5[M],c5[M],c5[M],c5[M],c5[M],c5[M],c5[M],c5[M],c5[M],c5[M],c5[M],c5[M],c5[M],c5[M],c5[M],c5[M],c5[M],c5[M],c5[M],c5[M],c5[M],c5[M],c5[M],c5[M],c5[M],c5[M],c5[M],c5[M],c5[M],c5[M],c5[M],c5[M],c5[M],c5[M],c5[M],c5[M],c5[M],c5[M],c5[M],c5[M],c5[M],c5[M],c5[M],c5[M],c5[M],c5[M],c5[M],c5[M],c5[M],c5[M],c5[M],c5[M],c5[M],c5[M],c5[M],c5[M],c5[M],c5[M],c5[M],c5[M],c5[M],c5[M],c5[M],c5[M],c5[M],c5[M],c5[M],c5[M],c5[M],c5[M],c5[M],c5[M],c5[M],c5[M],c5[M],c5[M],c5[M],c5[M],c5[M],c5[M],c5[M],c5[M],c5[M],c5[M],c5[M],c5[M],c5[M],c5[M],c5[M],c5[M],c5[M],c5[M],c5[M],c5[M],c5[M],c5[M],c5[M],c5[M],c5[M],c5[M],c5[M],c5[M],c5[M],c5[M],c5[M],c5[M],c5[M],c5[M],c5[M],c5[M],c5[M],c5[M],c5[M],c5[M],c5[M],c5[M],c5[M],c5[M],c5[M],c5[M],c5[M],c5[M],c5[M],c5[M],c5[M],c5[M],c5[M],c5[M],c5[M],c5[M],c5[M],c5[M],c5[M],c5[M],c5[M],c5[M],c5[M],c5[M],c5[M],c5[M],c5[M],c5[M],c5[M],c5[M],c5[M],c5[M],c5[M],c5[M],c5[M],c5[M],c5[M],c5[M],c5[M],c5[M],c5[M],c5[M],c5[M],c5[M],c5[M],c5[M],c5[M],c5[M],c5[M],c5[M],c5[M],c5[M],c5[M],c5[M],c5[M],c5[M],c5[M],c5[M],c5[M],c5[M],c5[M],c5[M],c5[M],c5[M],c5[M],c5[M],c5[M],c5[M],c5[M],c5[M],c5[M],c5[M],c5[M],c5[M],c5[M],c5[M],c5[M],c5[M],c5[M],c5[M],c5[M],c5[M],c5[M],c5[M],c5[M],c5[M],c5[M],c5[M],c5[M],c5[M],c5[M],c5[M],c5[M],c5[M],c5[M],c5[M],c5[M],c5[M],c5[M],c5[M],c5[M],c5[M],c5[M],c5[M],c5[M],c5[M],c5[M],c5[M],c5[M],c5[M],c5[M],c5[M],c5[M],c5[M],c5[M],c5[M],c5[M],c5[M],c5[M],c5[M],c5[M],c5[M],c5[M],c5[M],c5[M],c5[M],c5[M],c5[M],c5[M],c5[M],c5[M],c5[M],c5[M],c5[M],c5[M],c5[M],c5[M],c5[M],c5[M],c5[M],c5[M],c5[M],c5[M],c5[M],c5[M],c5[M],c5[M],c5[M],c5[M],c5[M],c5[M],c5[M],c5[M],c5[M],c5[M],c5[M],c5[M],c5[M],c5[M],c5[M],c5[M],c5[M],c5[M],c5[M],c5[M],c5[M],c5[M],c5[M],c5[M],c5[M],c5[M],c5[M],c5[M],c5[M],c5[M],c5[M],c5[M],c5[M],c5[M],c5[M],c5[M],c5[M],c5[M],c5[M],c5[M],c5[M],c5[M],c5[M],c5[M],c5[M],c5[M],c5[M],c5[M],c5[M],c5[M],c5[M],c5[M],c5[M],c5[M],c5[M],c5[M],c5[M],c5[M],c5[M],c5[M],c5[M],c5[M],c5[M],c5[M],c5[M],c5[M],c5[M],c5[M],c5[M],c5[M],c5[M],c5[M],c5[M],c5[M],c5[M],c5[M],c5[M],c5[M],c5[M],c5[M],c5[M],c5[M],c5[M],c5[M],c5[M],c5[M],c5[M],c5[M],c5[M],c5[M],c5[M],c5[M],c5[M],c5[M],c5[M],c5[M],c5[M],c5[M],c5[M],c5[M],c5[M],c5[M],c5[M],c5[M],c5[M],c5[M],c5[M],c5[M],c5[M],c5[M],c5[M],c5[M],c5[M],c5[M],c5[M],c5[M],c5[M],c5[M],c5[M],c5[M],c5[M],c5[M],c5[M],c5[M],c5[M],c5[M],c5[M],c5[M],c5[M],c5[M],c5[M],c5[M],c5[M],c5[M],c5[M],c5[M],c5[M],c5[M],c5[M],c5[M],c5[M],c5[M],c5[M],c5[M],c5[M],c5[M],c5[M],c5[M],c5[M],c5[M],c5[M],c5[M],c5[M],c5[M],c5[M],c5[M],c5[M],c5[M],c5[M],c5[M],c5[M],c5[M],c5[M],c5[M],c5[M],c5[M],c5[M],c5[M],c5[M],c5[M],c5[M],c5[M],c5[M],c5[M],c5[M],c5[M],c5[M],c5[M],c5[M],c5[M],c5[M],c5[M],c5[M],c5[M],c5[M],c5[M],c5[M],c5[M],c5[M],c5[M],c5[M],c5[M],c5[M],c5[M],c5[M],c5[M],c5[M],c5[M],c5[M],c5[M],c5[M],c5[M],c5[M],c5[M],c5[M],c5[M],c5[M],c5[M],c5[M],c5[M],c5[M],c5[M],c5[M],c5[M],c5[M],c5[M],c5[M],c5[M],c5[M],c5[M],c5[M],c5[M],c5[M],c5[M],c5[M],c5[M],c5[M],c5[M],c5[M],c5[M],c5[M],c5[M],c5[M],c5[M],c5[M],c5[M],c5[M],c5[M],c5[M],c5[M],c5[M],c5[M],c5[M],c5[M],c5[M],c5[M],c5[M],c5[M],c5[M],c5[M],c5[M],c5[M],c5[M],c5[M],c5[M],c5[M],c5[M],c5[M],c5[M],c5[M],c5[M],c5[M],c5[M],c5[M],c5[M],c5[M],c5[M],c5[M],c5[M],c5[M],c5[M],c5[M],c5[M],c5[M],c5[M],c5[M],c5[M],c5[M],c5[M],c5[M],c5[M],c5[M],c5[M],c5[M],c5[M],c5[M],c5[M],c5[M],c5[M],c5[M],c5[M],c5[M],c5[M],c5[M],c5[M],c5[M],c5[M],c5[M],c5[M],c5[M],c5[M],c5[M],c5[M],c5[M],c5[M],c5[M],c5[M],c5[M],c5[M],c5[M],c5[M],c5[M],c5[M],c5[M],c5[M],c5[M],c5[M],c5[M],c5[M],c5[M],c5[M],c5[M],c5[M],c5[M],c5[M],c5[M],c5[M],c5[M],c5[M],c5[M],c5[M],c5[M],c5[M],c5[M],c5[M],c5[M],c5[M],c5[M],c5[M],c5[M],c5[M],c5[M],c5[M],c5[M],c5[M],c5[M],c5[M],c5[M],c5[M],c5[M],c5[M],c5[M],c5[M],c5[M],c5[M],c5[M],c5[M],c5[M],c5[M],c5[M],c5[M],c5[M],c5[M],c5[M],c5[M],c5[M],c5[M],c5[M],c5[M],c5[M],c5[M],c5[M],c5[M],c5[M],c5[M],c5[M],c5[M],c5[M],c5[M],c5[M],c5[M],c5[M],c5[M],c5[M],c5[M],c5[M],c5[M],c5[M],c5[M],c5[M],c5[M],c5[M],c5[M],c5[M],c5[M],c5[M],c5[M],c5[M],c5[M],c5[M],c5[M],c5[M],c5[M],c5[M],c5[M],c5[M],c5[M],c5[M],c5[M],c5[M],c5[M],c5[M],c5[M],c5[M],c5[M],c5[M],c5[M],c5[M],c5[M],c5[M],c5[M],c5[M],c5[M],c5[M],c5[M],c5[M],c5[M],c5[M],c5[M],c5[M],c5[M],c5[M],c5[M],c5[M],c5[M],c5[M],c5[M],c5[M],c5[M],c5[M],c5[M],c5[M],c5[M],c5[M],c5[M],c5[M],c5[M],c5[M],c5[M],c5[M],c5[M],c5[M],c5[M],c5[M],c5[M],c5[M],c5[M],c5[M],c5[M],c5[M],c5[M],c5[M],c5[M],c5[M],c5[M],c5[M],c5[M],c5[M],c5[M],c5[M],c5[M],c5[M],c5[M],c5[M],c5[M],c5[M],c5[M],c5[M],c5[M],c5[M],c5[M],c5[M],c5[M],c5[M],c5[M],c5[M],c5[M],c5[M],c5[M],c5[M],c5[M],c5[M],c5[M],c5[M],c5[M],c5[M],c5[M],c5[M],c5[M],c5[M],c5[M],c5[M],c5[M],c5[M],c5[M],c5[M],c5[M],c5[M],c5[M],c5[M],c5[M],c5[M],c5[M],c5[M],c5[M],c5[M],c5[M],c5[M],c5[M],c5[M],c5[M],c5[M],c5[M],c5[M],c5[M],c5[M],c5[M],c5[M],c5[M],c5[M],c5[M],c5[M],c5[M],c5[M],c5[M],c5[M],c5[M],c5[M],c5[M],c5[M],c5[M],c5[M],c5[M],c5[M],c5[M],c5[M],c5[M],c5[M],c5[M],c5[M],c5[M],c5[M],c5[M],c5[M],c5[M],c5[M],c5[M],c5[M],c5[M],c5[M],c5[M],c5[M],c5[M],c5[M],c5[M],c5[M],c5[M],c5[M],c5[M],c5[M],c5[M],c5[M],c5[M],c5[M],c5[M],c5[M],c5[M],c5[M],c5[M],c5[M],c5[M],c5[M],c5[M],c5[M],c5[M],c5[M],c5[M],c5[M],c5[M],c5[M],c5[M],c5[M],c5[M],c5[M],c5[M],c5[M],c5[M],c5[M],c5[M],c5[M],c5[M],c5[M],c5[M],c5[M],c5[M],c5[M],c5[M],c5[M],c5[M],c5[M],c5[M],c5[M],c5[M],c5[M],c5[M],c5[M],c5[M],c5[M],c5[M],c5[M],c5[M],c5[M],c5[M],c5[M],c5[M],c5[M],c5[M],c5[M],c5[M],c5[M],c5[M],c5[M],c5[M],c5[M],c5[M],c5[M],c5[M],c5[M],c5[M],c5[M],c5[M],c5[M],c5[M],c5[M],c5[M],c5[M],c5[M],c5[M],c5[M],c5[M],c5[M],c5[M],c5[M],c5[M],c5[M],c5[M],c5[M],c5[M],c5[M],c5[M],c5[M],c5[M],c5[M],c5[M],c5[M],c5[M],c5[M],c5[M],c5[M],c5[M],c5[M],c5[M],c5[M],c5[M],c5[M],c5[M],c5[M],c5[M],c5[M],c5[M],c5[M],c5[M],c5[M],c5[M],c5[M],c5[M],c5[M],c5[M],c5[M],c5[M],c5[M],c5[M],c5[M],c5[M],c5[M],c5[M],c5[M],c5[M],c5[M],c5[M],c5[M],c5[M],c5[M],c5[M],c5[M],c5[M],c5[M],c5[M],c5[M],c5[M],c5[M],c5[M],c5[M],c5[M],c5[M],c5[M],c5[M],c5[M],c5[M],c5[M],c5[M],c5[M],c5[M],c5[M],c5[M],c5[M],c5[M],c5[M],c5[M],c5[M],c5[M],c5[M],c5[M],c5[M],c5[M],c5[M],c5[M],c5[M],c5[M],c5[M],c5[M],c5[M],c5[M],c5[M],c5[M],c5[M],c5[M],c5[M],c5[M],c5[M],c5[M],c5[M],c5[M],c5[M],c5[M],c5[M],c5[M],c5[M],c5[M],c5[M],c5[M],c5[M],c5[M],c5[M],c5[M],c5[M],c5[M],c5[M],c5[M],c5[M],c5[M],c5[M],c5[M],c5[M],c5[M],c5[M],c5[M],c5[M],c5[M],c5[M],c5[M],c5[M],c5[M],c5[M],c5[M],c5[M],c5[M],c5[M],c5[M],c5[M],c5[M],c5[M],c5[M],c5[M],c5[M],c5[M],c5[M],c5[M],c5[M],c5[M],c5[M],c5[M],c5[M],c5[M],c5[M],c5[M],c5[M],c5[M],c5[M],c5[M],c5[M],c5[M],c5[M],c5[M],c5[M],c5[M],c5[M],c5[M],c5[M],c5[M],c5[M],c5[M],c5[M],c5[M],c5[M],c5[M],c5[M],c5[M],c5[M],c5[M],c5[M],c5[M],c5[M],c5[M],c5[M],c5[M],c5[M],c5[M],c5[M],c5[M],c5[M],c5[M],c5[M],c5[M],c5[M],c5[M],c5[M],c5[M],c5[M],c5[M],c5[M],c5[M],c5[M],c5[M],c5[M],c5[M],c5[M],c5[M],c5[M],c5[M],c5[M],c5[M],c5[M],c5[M],c5[M],c5[M],c5[M],c5[M],c5[M],c5[M],c5[M],c5[M],c5[M],c5[M],c5[M],c5[M],c5[M],c5[M],c5[M],c5[M],c5[M],c5[M],c5[M],c5[M],c5[M],c5[M],c5[M],c5[M],c5[M],c5[M],c5[M],c5[M],c5[M],c5[M],c5[M],c5[M],c5[M],c5[M],c5[M],c5[M],c5[M],c5[M],c5[M],c5[M],c5[M],c5[M],c5[M],c5[M],c5[M],c5[M],c5[M],c5[M],c5[M],c5[M],c5[M],c5[M],c5[M],c5[M],c5[M],c5[M],c5[M],c5[M],c5[M],c5[M],c5[M],c5[M],c5[M],c5[M],c5[M],c5[M],c5[M],c5[M],c5[M],c5[M],c5[M],c5[M],c5[M],c5[M],c5[M],c5[M],c5[M],c5[M],c5[M],c5[M],c5[M],c5[M],c5[M],c5[M],c5[M],c5[M],c5[M],c5[M],c5[M],c5[M],c5[M],c5[M],c5[M],c5[M],c5[M],c5[M],c5[M],c5[M],c5[M],c5[M],c5[M],c5[M],c5[M],c5[M],c5[M],c5[M],c5[M],c5[M],c5[M],c5[M],c5[M],c5[M],c5[M],c5[M],c5[M],c5[M],c5[M],c5[M],c5[M],c5[M],c5[M],c5[M],c5[M],c5[M],c5[M],c5[M],c5[M],c5[M],c5[M],c5[M],c5[M],c5[M],c5[M],c5[M],c5[M],c5[M],c5[M],c5[M],c5[M],c5[M],c5[M],c5[M],c5[M],c5[M],c5[M],c5[M],c5[M],c5[M],c5[M],c5[M],c5[M];"]},{"id":3,"baseBeats":0.25,"scores":["c5[M],c5[M],c5[M],c5[M],c5[M],c5[M],c5[M],c5[M],c5[M],c5[M],c5[M],c5[M],c5[M],c5[M],c5[M],c5[M],c5[M],c5[M],c5[M],c5[M],c5[M],c5[M],c5[M],c5[M],c5[M],c5[M],c5[M],c5[M],c5[M],c5[M],c5[M],c5[M],c5[M],c5[M],c5[M],c5[M],c5[M],c5[M],c5[M],c5[M],c5[M],c5[M],c5[M],c5[M],c5[M],c5[M],c5[M],c5[M],c5[M],c5[M],c5[M],c5[M],c5[M],c5[M],c5[M],c5[M],c5[M],c5[M],c5[M],c5[M],c5[M],c5[M],c5[M],c5[M],c5[M],c5[M],c5[M],c5[M],c5[M],c5[M],c5[M],c5[M],c5[M],c5[M],c5[M],c5[M],c5[M],c5[M],c5[M],c5[M],c5[M],c5[M],c5[M],c5[M],c5[M],c5[M],c5[M],c5[M],c5[M],c5[M],c5[M],c5[M],c5[M],c5[M],c5[M],c5[M],c5[M],c5[M],c5[M],c5[M],c5[M],c5[M],c5[M],c5[M],c5[M],c5[M],c5[M],c5[M],c5[M],c5[M],c5[M],c5[M],c5[M],c5[M],c5[M],c5[M],c5[M],c5[M],c5[M],c5[M],c5[M],c5[M],c5[M],c5[M],c5[M],c5[M],c5[M],c5[M],c5[M],c5[M],c5[M],c5[M],c5[M],c5[M],c5[M],c5[M],c5[M],c5[M],c5[M],c5[M],c5[M],c5[M],c5[M],c5[M],c5[M],c5[M],c5[M],c5[M],c5[M],c5[M],c5[M],c5[M],c5[M],c5[M],c5[M],c5[M],c5[M],c5[M],c5[M],c5[M],c5[M],c5[M],c5[M],c5[M],c5[M],c5[M],c5[M],c5[M],c5[M],c5[M],c5[M],c5[M],c5[M],c5[M],c5[M],c5[M],c5[M],c5[M],c5[M],c5[M],c5[M],c5[M],c5[M],c5[M],c5[M],c5[M],c5[M],c5[M],c5[M],c5[M],c5[M],c5[M],c5[M],c5[M],c5[M],c5[M],c5[M],c5[M],c5[M],c5[M],c5[M],c5[M],c5[M],c5[M],c5[M],c5[M],c5[M],c5[M],c5[M],c5[M],c5[M],c5[M],c5[M],c5[M],c5[M],c5[M],c5[M],c5[M],c5[M],c5[M],c5[M],c5[M],c5[M],c5[M],c5[M],c5[M],c5[M],c5[M],c5[M],c5[M],c5[M],c5[M],c5[M],c5[M],c5[M],c5[M],c5[M],c5[M],c5[M],c5[M],c5[M],c5[M],c5[M],c5[M],c5[M],c5[M],c5[M],c5[M],c5[M],c5[M],c5[M],c5[M],c5[M],c5[M],c5[M],c5[M],c5[M],c5[M],c5[M],c5[M],c5[M],c5[M],c5[M],c5[M],c5[M],c5[M],c5[M],c5[M],c5[M],c5[M],c5[M],c5[M],c5[M],c5[M],c5[M],c5[M],c5[M],c5[M],c5[M],c5[M],c5[M],c5[M],c5[M],c5[M],c5[M],c5[M],c5[M],c5[M],c5[M],c5[M],c5[M],c5[M],c5[M],c5[M],c5[M],c5[M],c5[M],c5[M],c5[M],c5[M],c5[M],c5[M],c5[M],c5[M],c5[M],c5[M],c5[M],c5[M],c5[M],c5[M],c5[M],c5[M],c5[M],c5[M],c5[M],c5[M],c5[M],c5[M],c5[M],c5[M],c5[M],c5[M],c5[M],c5[M],c5[M],c5[M],c5[M],c5[M],c5[M],c5[M],c5[M],c5[M],c5[M],c5[M],c5[M],c5[M],c5[M],c5[M],c5[M],c5[M],c5[M],c5[M],c5[M],c5[M],c5[M],c5[M],c5[M],c5[M],c5[M],c5[M],c5[M],c5[M],c5[M],c5[M],c5[M],c5[M],c5[M],c5[M],c5[M],c5[M],c5[M],c5[M],c5[M],c5[M],c5[M],c5[M],c5[M],c5[M],c5[M],c5[M],c5[M],c5[M],c5[M],c5[M],c5[M],c5[M],c5[M],c5[M],c5[M],c5[M],c5[M],c5[M],c5[M],c5[M],c5[M],c5[M],c5[M],c5[M],c5[M],c5[M],c5[M],c5[M],c5[M],c5[M],c5[M],c5[M],c5[M],c5[M],c5[M],c5[M],c5[M],c5[M],c5[M],c5[M],c5[M],c5[M],c5[M],c5[M],c5[M],c5[M],c5[M],c5[M],c5[M],c5[M],c5[M],c5[M],c5[M],c5[M],c5[M],c5[M],c5[M],c5[M],c5[M],c5[M],c5[M],c5[M],c5[M],c5[M],c5[M],c5[M],c5[M],c5[M],c5[M],c5[M],c5[M],c5[M],c5[M],c5[M],c5[M],c5[M],c5[M],c5[M],c5[M],c5[M],c5[M],c5[M],c5[M],c5[M],c5[M],c5[M],c5[M],c5[M],c5[M],c5[M],c5[M],c5[M],c5[M],c5[M],c5[M],c5[M],c5[M],c5[M],c5[M],c5[M],c5[M],c5[M],c5[M],c5[M],c5[M],c5[M],c5[M],c5[M],c5[M],c5[M],c5[M],c5[M],c5[M],c5[M],c5[M],c5[M],c5[M],c5[M],c5[M],c5[M],c5[M],c5[M],c5[M],c5[M],c5[M],c5[M],c5[M],c5[M],c5[M],c5[M],c5[M],c5[M],c5[M],c5[M],c5[M],c5[M],c5[M],c5[M],c5[M],c5[M],c5[M],c5[M],c5[M],c5[M],c5[M],c5[M],c5[M],c5[M],c5[M],c5[M],c5[M],c5[M],c5[M],c5[M],c5[M],c5[M],c5[M],c5[M],c5[M],c5[M],c5[M],c5[M],c5[M],c5[M],c5[M],c5[M],c5[M],c5[M],c5[M],c5[M],c5[M],c5[M],c5[M],c5[M],c5[M],c5[M],c5[M],c5[M],c5[M],c5[M],c5[M],c5[M],c5[M],c5[M],c5[M],c5[M],c5[M],c5[M],c5[M],c5[M],c5[M],c5[M],c5[M],c5[M],c5[M],c5[M],c5[M],c5[M],c5[M],c5[M],c5[M],c5[M],c5[M],c5[M],c5[M],c5[M],c5[M],c5[M],c5[M],c5[M],c5[M],c5[M],c5[M],c5[M],c5[M],c5[M],c5[M],c5[M],c5[M],c5[M],c5[M],c5[M],c5[M],c5[M],c5[M],c5[M],c5[M],c5[M],c5[M],c5[M],c5[M],c5[M],c5[M],c5[M],c5[M],c5[M],c5[M],c5[M],c5[M],c5[M],c5[M],c5[M],c5[M],c5[M],c5[M],c5[M],c5[M],c5[M],c5[M],c5[M],c5[M],c5[M],c5[M],c5[M],c5[M],c5[M],c5[M],c5[M],c5[M],c5[M],c5[M],c5[M],c5[M],c5[M],c5[M],c5[M],c5[M],c5[M],c5[M],c5[M],c5[M],c5[M],c5[M],c5[M],c5[M],c5[M],c5[M],c5[M],c5[M],c5[M],c5[M],c5[M],c5[M],c5[M],c5[M],c5[M],c5[M],c5[M],c5[M],c5[M],c5[M],c5[M],c5[M],c5[M],c5[M],c5[M],c5[M],c5[M],c5[M],c5[M],c5[M],c5[M],c5[M],c5[M],c5[M],c5[M],c5[M],c5[M],c5[M],c5[M],c5[M],c5[M],c5[M],c5[M],c5[M],c5[M],c5[M],c5[M],c5[M],c5[M],c5[M],c5[M],c5[M],c5[M],c5[M],c5[M],c5[M],c5[M],c5[M],c5[M],c5[M],c5[M],c5[M],c5[M],c5[M],c5[M],c5[M],c5[M],c5[M],c5[M],c5[M],c5[M],c5[M],c5[M],c5[M],c5[M],c5[M],c5[M],c5[M],c5[M],c5[M],c5[M],c5[M],c5[M],c5[M],c5[M],c5[M],c5[M],c5[M],c5[M],c5[M],c5[M],c5[M],c5[M],c5[M],c5[M],c5[M],c5[M],c5[M],c5[M],c5[M],c5[M],c5[M],c5[M],c5[M],c5[M],c5[M],c5[M],c5[M],c5[M],c5[M],c5[M],c5[M],c5[M],c5[M],c5[M],c5[M],c5[M],c5[M],c5[M],c5[M],c5[M],c5[M],c5[M],c5[M],c5[M],c5[M],c5[M],c5[M],c5[M],c5[M],c5[M],c5[M],c5[M],c5[M],c5[M],c5[M],c5[M],c5[M],c5[M],c5[M],c5[M],c5[M],c5[M],c5[M],c5[M],c5[M],c5[M],c5[M],c5[M],c5[M],c5[M],c5[M],c5[M],c5[M],c5[M],c5[M],c5[M],c5[M],c5[M],c5[M],c5[M],c5[M],c5[M],c5[M],c5[M],c5[M],c5[M],c5[M],c5[M],c5[M],c5[M],c5[M],c5[M],c5[M],c5[M],c5[M],c5[M],c5[M],c5[M],c5[M],c5[M],c5[M],c5[M],c5[M],c5[M],c5[M],c5[M],c5[M],c5[M],c5[M],c5[M],c5[M],c5[M],c5[M],c5[M],c5[M],c5[M],c5[M],c5[M],c5[M],c5[M],c5[M],c5[M],c5[M],c5[M],c5[M],c5[M],c5[M],c5[M],c5[M],c5[M],c5[M],c5[M],c5[M],c5[M],c5[M],c5[M],c5[M],c5[M],c5[M],c5[M],c5[M],c5[M],c5[M],c5[M],c5[M],c5[M],c5[M],c5[M],c5[M],c5[M],c5[M],c5[M],c5[M],c5[M],c5[M],c5[M],c5[M],c5[M],c5[M],c5[M],c5[M],c5[M],c5[M],c5[M],c5[M],c5[M],c5[M],c5[M],c5[M],c5[M],c5[M],c5[M],c5[M],c5[M],c5[M],c5[M],c5[M],c5[M],c5[M],c5[M],c5[M],c5[M],c5[M],c5[M],c5[M],c5[M],c5[M],c5[M],c5[M],c5[M],c5[M],c5[M],c5[M],c5[M],c5[M],c5[M],c5[M],c5[M],c5[M],c5[M],c5[M],c5[M],c5[M],c5[M],c5[M],c5[M],c5[M],c5[M],c5[M],c5[M],c5[M],c5[M],c5[M],c5[M],c5[M],c5[M],c5[M],c5[M],c5[M],c5[M],c5[M],c5[M],c5[M],c5[M],c5[M],c5[M],c5[M],c5[M],c5[M],c5[M],c5[M],c5[M],c5[M],c5[M],c5[M],c5[M],c5[M],c5[M],c5[M],c5[M],c5[M],c5[M],c5[M],c5[M],c5[M],c5[M],c5[M],c5[M],c5[M],c5[M],c5[M],c5[M],c5[M],c5[M],c5[M],c5[M],c5[M],c5[M],c5[M],c5[M],c5[M],c5[M],c5[M],c5[M],c5[M],c5[M],c5[M],c5[M],c5[M],c5[M],c5[M],c5[M],c5[M],c5[M],c5[M],c5[M],c5[M],c5[M],c5[M],c5[M],c5[M],c5[M],c5[M],c5[M],c5[M],c5[M],c5[M],c5[M],c5[M],c5[M],c5[M],c5[M],c5[M],c5[M],c5[M],c5[M],c5[M],c5[M],c5[M],c5[M],c5[M],c5[M],c5[M],c5[M],c5[M],c5[M],c5[M],c5[M],c5[M],c5[M],c5[M],c5[M],c5[M],c5[M],c5[M],c5[M],c5[M],c5[M],c5[M],c5[M],c5[M],c5[M],c5[M],c5[M],c5[M],c5[M],c5[M],c5[M],c5[M],c5[M],c5[M],c5[M],c5[M],c5[M],c5[M],c5[M],c5[M],c5[M],c5[M],c5[M],c5[M],c5[M],c5[M],c5[M],c5[M],c5[M],c5[M],c5[M],c5[M],c5[M],c5[M],c5[M],c5[M],c5[M],c5[M],c5[M],c5[M],c5[M],c5[M],c5[M],c5[M],c5[M],c5[M],c5[M],c5[M],c5[M],c5[M],c5[M],c5[M],c5[M],c5[M],c5[M],c5[M],c5[M],c5[M],c5[M],c5[M],c5[M],c5[M],c5[M],c5[M],c5[M],c5[M],c5[M],c5[M],c5[M],c5[M],c5[M],c5[M],c5[M],c5[M],c5[M],c5[M],c5[M],c5[M],c5[M],c5[M],c5[M],c5[M],c5[M],c5[M],c5[M],c5[M],c5[M],c5[M],c5[M],c5[M],c5[M],c5[M],c5[M],c5[M],c5[M],c5[M],c5[M],c5[M],c5[M],c5[M],c5[M],c5[M],c5[M],c5[M],c5[M],c5[M],c5[M],c5[M],c5[M],c5[M],c5[M],c5[M],c5[M],c5[M],c5[M],c5[M],c5[M],c5[M],c5[M],c5[M],c5[M],c5[M],c5[M],c5[M],c5[M],c5[M],c5[M],c5[M],c5[M],c5[M],c5[M],c5[M],c5[M],c5[M],c5[M],c5[M],c5[M],c5[M],c5[M],c5[M],c5[M],c5[M],c5[M],c5[M],c5[M],c5[M],c5[M],c5[M],c5[M],c5[M],c5[M],c5[M],c5[M],c5[M],c5[M],c5[M],c5[M],c5[M],c5[M],c5[M],c5[M],c5[M],c5[M],c5[M],c5[M],c5[M],c5[M],c5[M],c5[M],c5[M],c5[M],c5[M],c5[M],c5[M],c5[M],c5[M],c5[M],c5[M],c5[M],c5[M],c5[M],c5[M],c5[M],c5[M],c5[M],c5[M],c5[M],c5[M],c5[M],c5[M],c5[M],c5[M],c5[M],c5[M],c5[M],c5[M],c5[M],c5[M],c5[M],c5[M],c5[M],c5[M],c5[M],c5[M],c5[M],c5[M],c5[M],c5[M],c5[M],c5[M],c5[M],c5[M],c5[M],c5[M],c5[M],c5[M],c5[M],c5[M],c5[M],c5[M],c5[M],c5[M],c5[M],c5[M],c5[M],c5[M],c5[M],c5[M],c5[M],c5[M],c5[M],c5[M],c5[M],c5[M],c5[M],c5[M],c5[M],c5[M],c5[M],c5[M],c5[M],c5[M],c5[M],c5[M],c5[M],c5[M],c5[M],c5[M],c5[M],c5[M],c5[M],c5[M],c5[M],c5[M],c5[M],c5[M],c5[M],c5[M],c5[M],c5[M],c5[M],c5[M],c5[M],c5[M],c5[M],c5[M],c5[M],c5[M],c5[M],c5[M],c5[M],c5[M],c5[M],c5[M],c5[M],c5[M],c5[M],c5[M],c5[M],c5[M],c5[M],c5[M],c5[M],c5[M],c5[M],c5[M],c5[M],c5[M],c5[M],c5[M],c5[M],c5[M],c5[M],c5[M],c5[M],c5[M],c5[M],c5[M],c5[M],c5[M],c5[M],c5[M],c5[M],c5[M],c5[M],c5[M],c5[M],c5[M],c5[M],c5[M],c5[M],c5[M],c5[M],c5[M],c5[M],c5[M],c5[M],c5[M],c5[M],c5[M],c5[M],c5[M],c5[M],c5[M],c5[M],c5[M],c5[M],c5[M],c5[M],c5[M],c5[M],c5[M],c5[M],c5[M],c5[M],c5[M],c5[M],c5[M],c5[M],c5[M],c5[M],c5[M],c5[M],c5[M],c5[M],c5[M],c5[M],c5[M],c5[M],c5[M],c5[M],c5[M],c5[M],c5[M],c5[M],c5[M],c5[M],c5[M],c5[M],c5[M],c5[M],c5[M],c5[M],c5[M],c5[M],c5[M],c5[M],c5[M],c5[M],c5[M],c5[M],c5[M],c5[M],c5[M],c5[M],c5[M],c5[M],c5[M],c5[M],c5[M],c5[M],c5[M],c5[M],c5[M],c5[M],c5[M],c5[M],c5[M],c5[M],c5[M],c5[M],c5[M],c5[M],c5[M],c5[M],c5[M],c5[M],c5[M],c5[M],c5[M],c5[M],c5[M],c5[M],c5[M],c5[M],c5[M],c5[M],c5[M],c5[M],c5[M],c5[M],c5[M],c5[M],c5[M],c5[M],c5[M],c5[M],c5[M],c5[M],c5[M],c5[M],c5[M],c5[M],c5[M],c5[M],c5[M],c5[M],c5[M],c5[M],c5[M],c5[M],c5[M],c5[M],c5[M],c5[M],c5[M],c5[M],c5[M],c5[M],c5[M],c5[M],c5[M],c5[M],c5[M],c5[M],c5[M],c5[M],c5[M],c5[M],c5[M],c5[M],c5[M],c5[M],c5[M],c5[M],c5[M],c5[M],c5[M],c5[M],c5[M],c5[M],c5[M],c5[M],c5[M],c5[M],c5[M],c5[M],c5[M],c5[M],c5[M],c5[M],c5[M],c5[M],c5[M],c5[M],c5[M],c5[M],c5[M],c5[M],c5[M],c5[M],c5[M],c5[M],c5[M],c5[M],c5[M],c5[M],c5[M],c5[M],c5[M],c5[M],c5[M],c5[M],c5[M],c5[M],c5[M],c5[M],c5[M],c5[M],c5[M],c5[M],c5[M],c5[M],c5[M],c5[M],c5[M],c5[M],c5[M],c5[M],c5[M],c5[M],c5[M],c5[M],c5[M],c5[M],c5[M],c5[M],c5[M],c5[M],c5[M],c5[M],c5[M],c5[M],c5[M],c5[M],c5[M],c5[M],c5[M],c5[M],c5[M],c5[M],c5[M],c5[M],c5[M],c5[M],c5[M],c5[M],c5[M],c5[M],c5[M],c5[M],c5[M],c5[M],c5[M],c5[M],c5[M],c5[M],c5[M],c5[M],c5[M],c5[M],c5[M],c5[M],c5[M],c5[M],c5[M],c5[M],c5[M],c5[M],c5[M],c5[M],c5[M],c5[M],c5[M],c5[M],c5[M],c5[M],c5[M],c5[M],c5[M],c5[M],c5[M],c5[M],c5[M],c5[M],c5[M],c5[M],c5[M],c5[M],c5[M],c5[M],c5[M],c5[M],c5[M],c5[M],c5[M],c5[M],c5[M],c5[M],c5[M],c5[M],c5[M],c5[M],c5[M],c5[M],c5[M],c5[M],c5[M],c5[M],c5[M],c5[M],c5[M],c5[M],c5[M],c5[M],c5[M],c5[M],c5[M],c5[M],c5[M],c5[M],c5[M],c5[M],c5[M],c5[M],c5[M],c5[M],c5[M],c5[M],c5[M],c5[M],c5[M],c5[M],c5[M],c5[M],c5[M],c5[M],c5[M],c5[M],c5[M],c5[M],c5[M],c5[M],c5[M],c5[M],c5[M],c5[M],c5[M],c5[M],c5[M],c5[M],c5[M],c5[M],c5[M],c5[M],c5[M],c5[M],c5[M],c5[M],c5[M],c5[M],c5[M],c5[M],c5[M],c5[M],c5[M],c5[M],c5[M],c5[M],c5[M],c5[M],c5[M],c5[M],c5[M],c5[M],c5[M],c5[M],c5[M],c5[M],c5[M],c5[M],c5[M],c5[M],c5[M],c5[M],c5[M],c5[M],c5[M],c5[M],c5[M],c5[M],c5[M],c5[M],c5[M],c5[M],c5[M],c5[M],c5[M],c5[M],c5[M],c5[M],c5[M],c5[M],c5[M],c5[M],c5[M],c5[M],c5[M],c5[M],c5[M],c5[M],c5[M],c5[M],c5[M],c5[M],c5[M],c5[M],c5[M],c5[M],c5[M],c5[M],c5[M],c5[M],c5[M],c5[M],c5[M],c5[M],c5[M],c5[M],c5[M],c5[M],c5[M],c5[M],c5[M],c5[M],c5[M],c5[M],c5[M],c5[M],c5[M],c5[M],c5[M],c5[M],c5[M],c5[M],c5[M],c5[M],c5[M],c5[M],c5[M],c5[M],c5[M],c5[M],c5[M],c5[M],c5[M],c5[M],c5[M],c5[M],c5[M],c5[M],c5[M],c5[M],c5[M],c5[M],c5[M],c5[M],c5[M],c5[M],c5[M],c5[M],c5[M],c5[M],c5[M],c5[M],c5[M],c5[M],c5[M],c5[M],c5[M],c5[M],c5[M],c5[M],c5[M],c5[M],c5[M],c5[M],c5[M],c5[M],c5[M],c5[M],c5[M],c5[M],c5[M],c5[M],c5[M],c5[M],c5[M],c5[M],c5[M],c5[M],c5[M],c5[M],c5[M],c5[M],c5[M],c5[M],c5[M],c5[M],c5[M],c5[M],c5[M],c5[M],c5[M],c5[M],c5[M],c5[M],c5[M],c5[M],c5[M],c5[M],c5[M],c5[M],c5[M],c5[M],c5[M],c5[M],c5[M],c5[M],c5[M],c5[M],c5[M],c5[M],c5[M],c5[M],c5[M],c5[M],c5[M],c5[M],c5[M],c5[M],c5[M],c5[M],c5[M],c5[M],c5[M],c5[M],c5[M],c5[M],c5[M],c5[M],c5[M],c5[M],c5[M],c5[M],c5[M],c5[M],c5[M],c5[M],c5[M],c5[M],c5[M],c5[M],c5[M],c5[M],c5[M],c5[M],c5[M],c5[M],c5[M],c5[M],c5[M],c5[M],c5[M],c5[M],c5[M],c5[M],c5[M],c5[M],c5[M],c5[M],c5[M],c5[M],c5[M],c5[M],c5[M],c5[M],c5[M],c5[M],c5[M],c5[M],c5[M],c5[M],c5[M],c5[M],c5[M],c5[M],c5[M],c5[M],c5[M],c5[M],c5[M],c5[M],c5[M],c5[M],c5[M],c5[M],c5[M],c5[M],c5[M],c5[M],c5[M],c5[M],c5[M],c5[M],c5[M],c5[M],c5[M],c5[M],c5[M],c5[M],c5[M],c5[M],c5[M],c5[M],c5[M],c5[M],c5[M],c5[M],c5[M],c5[M],c5[M],c5[M],c5[M],c5[M],c5[M],c5[M],c5[M],c5[M],c5[M],c5[M],c5[M],c5[M],c5[M],c5[M],c5[M],c5[M],c5[M],c5[M],c5[M],c5[M],c5[M],c5[M],c5[M],c5[M],c5[M],c5[M],c5[M],c5[M],c5[M],c5[M],c5[M],c5[M],c5[M],c5[M],c5[M],c5[M],c5[M],c5[M],c5[M],c5[M],c5[M],c5[M],c5[M],c5[M],c5[M],c5[M],c5[M],c5[M],c5[M],c5[M],c5[M],c5[M],c5[M],c5[M],c5[M],c5[M],c5[M],c5[M],c5[M],c5[M],c5[M],c5[M],c5[M],c5[M],c5[M],c5[M],c5[M],c5[M],c5[M],c5[M],c5[M],c5[M],c5[M],c5[M],c5[M],c5[M],c5[M],c5[M],c5[M],c5[M],c5[M],c5[M],c5[M],c5[M],c5[M],c5[M],c5[M],c5[M],c5[M],c5[M],c5[M],c5[M],c5[M],c5[M],c5[M],c5[M],c5[M],c5[M],c5[M],c5[M],c5[M],c5[M],c5[M],c5[M],c5[M],c5[M],c5[M],c5[M],c5[M],c5[M],c5[M],c5[M],c5[M],c5[M],c5[M],c5[M],c5[M],c5[M],c5[M],c5[M],c5[M],c5[M],c5[M],c5[M],c5[M],c5[M],c5[M],c5[M],c5[M],c5[M],c5[M],c5[M],c5[M],c5[M],c5[M],c5[M],c5[M],c5[M],c5[M],c5[M],c5[M],c5[M],c5[M],c5[M],c5[M],c5[M],c5[M],c5[M],c5[M],c5[M],c5[M],c5[M],c5[M],c5[M],c5[M],c5[M],c5[M],c5[M],c5[M],c5[M],c5[M],c5[M],c5[M],c5[M],c5[M],c5[M],c5[M],c5[M],c5[M],c5[M],c5[M],c5[M],c5[M],c5[M],c5[M],c5[M],c5[M],c5[M],c5[M],c5[M],c5[M],c5[M],c5[M],c5[M],c5[M],c5[M],c5[M],c5[M],c5[M],c5[M],c5[M],c5[M],c5[M],c5[M],c5[M],c5[M],c5[M],c5[M],c5[M],c5[M],c5[M],c5[M],c5[M],c5[M],c5[M],c5[M],c5[M],c5[M],c5[M],c5[M],c5[M],c5[M],c5[M],c5[M],c5[M],c5[M],c5[M],c5[M],c5[M],c5[M],c5[M],c5[M],c5[M],c5[M],c5[M],c5[M],c5[M],c5[M],c5[M],c5[M],c5[M],c5[M],c5[M],c5[M],c5[M],c5[M],c5[M],c5[M],c5[M],c5[M],c5[M],c5[M],c5[M],c5[M],c5[M],c5[M],c5[M],c5[M],c5[M],c5[M],c5[M],c5[M],c5[M],c5[M],c5[M],c5[M],c5[M],c5[M],c5[M],c5[M],c5[M],c5[M],c5[M],c5[M],c5[M],c5[M],c5[M],c5[M],c5[M],c5[M],c5[M],c5[M],c5[M],c5[M],c5[M],c5[M],c5[M],c5[M],c5[M],c5[M],c5[M],c5[M],c5[M],c5[M],c5[M],c5[M],c5[M],c5[M],c5[M],c5[M],c5[M],c5[M],c5[M],c5[M],c5[M],c5[M],c5[M],c5[M],c5[M],c5[M],c5[M],c5[M],c5[M],c5[M],c5[M],c5[M],c5[M],c5[M],c5[M],c5[M],c5[M],c5[M],c5[M],c5[M],c5[M],c5[M],c5[M],c5[M],c5[M],c5[M],c5[M],c5[M],c5[M],c5[M],c5[M],c5[M],c5[M],c5[M],c5[M],c5[M],c5[M],c5[M],c5[M],c5[M],c5[M],c5[M],c5[M],c5[M],c5[M],c5[M],c5[M],c5[M],c5[M],c5[M],c5[M],c5[M],c5[M],c5[M],c5[M],c5[M],c5[M],c5[M],c5[M],c5[M],c5[M],c5[M],c5[M],c5[M],c5[M],c5[M],c5[M],c5[M],c5[M],c5[M],c5[M],c5[M],c5[M],c5[M],c5[M],c5[M],c5[M],c5[M],c5[M],c5[M],c5[M],c5[M],c5[M],c5[M],c5[M],c5[M],c5[M],c5[M],c5[M],c5[M],c5[M],c5[M],c5[M],c5[M],c5[M],c5[M],c5[M],c5[M],c5[M],c5[M],c5[M],c5[M],c5[M],c5[M],c5[M],c5[M],c5[M],c5[M],c5[M],c5[M],c5[M],c5[M],c5[M],c5[M],c5[M],c5[M],c5[M],c5[M],c5[M],c5[M],c5[M],c5[M],c5[M],c5[M],c5[M],c5[M],c5[M],c5[M],c5[M],c5[M],c5[M],c5[M],c5[M],c5[M],c5[M],c5[M],c5[M],c5[M],c5[M],c5[M],c5[M],c5[M],c5[M],c5[M],c5[M],c5[M],c5[M],c5[M],c5[M],c5[M],c5[M],c5[M],c5[M],c5[M],c5[M],c5[M],c5[M],c5[M],c5[M],c5[M],c5[M],c5[M],c5[M],c5[M],c5[M],c5[M],c5[M],c5[M],c5[M],c5[M],c5[M],c5[M],c5[M],c5[M],c5[M],c5[M],c5[M],c5[M],c5[M],c5[M],c5[M],c5[M],c5[M],c5[M],c5[M],c5[M],c5[M],c5[M],c5[M],c5[M],c5[M],c5[M],c5[M],c5[M],c5[M],c5[M],c5[M],c5[M],c5[M],c5[M],c5[M],c5[M],c5[M],c5[M],c5[M],c5[M],c5[M],c5[M],c5[M],c5[M],c5[M],c5[M],c5[M],c5[M],c5[M],c5[M],c5[M],c5[M],c5[M],c5[M],c5[M],c5[M],c5[M],c5[M],c5[M],c5[M],c5[M],c5[M],c5[M],c5[M],c5[M],c5[M],c5[M],c5[M],c5[M],c5[M],c5[M],c5[M],c5[M],c5[M],c5[M],c5[M],c5[M],c5[M],c5[M],c5[M],c5[M],c5[M],c5[M],c5[M],c5[M],c5[M],c5[M],c5[M],c5[M],c5[M],c5[M],c5[M],c5[M],c5[M],c5[M],c5[M],c5[M],c5[M],c5[M],c5[M],c5[M],c5[M],c5[M],c5[M],c5[M],c5[M],c5[M],c5[M],c5[M],c5[M],c5[M],c5[M],c5[M],c5[M],c5[M],c5[M],c5[M],c5[M],c5[M],c5[M],c5[M],c5[M],c5[M],c5[M],c5[M],c5[M],c5[M],c5[M],c5[M],c5[M],c5[M],c5[M],c5[M],c5[M],c5[M],c5[M],c5[M],c5[M],c5[M],c5[M],c5[M],c5[M],c5[M],c5[M],c5[M],c5[M],c5[M],c5[M],c5[M],c5[M],c5[M],c5[M],c5[M],c5[M],c5[M],c5[M],c5[M],c5[M],c5[M],c5[M],c5[M],c5[M],c5[M],c5[M],c5[M],c5[M],c5[M],c5[M],c5[M],c5[M],c5[M],c5[M],c5[M],c5[M],c5[M],c5[M],c5[M],c5[M],c5[M],c5[M],c5[M],c5[M],c5[M],c5[M],c5[M],c5[M],c5[M],c5[M],c5[M],c5[M],c5[M],c5[M],c5[M],c5[M],c5[M],c5[M],c5[M],c5[M],c5[M],c5[M],c5[M],c5[M],c5[M],c5[M],c5[M],c5[M],c5[M],c5[M],c5[M],c5[M],c5[M],c5[M],c5[M],c5[M],c5[M],c5[M],c5[M],c5[M],c5[M],c5[M],c5[M],c5[M],c5[M],c5[M],c5[M],c5[M],c5[M],c5[M],c5[M],c5[M],c5[M],c5[M],c5[M],c5[M],c5[M],c5[M],c5[M],c5[M],c5[M],c5[M],c5[M],c5[M],c5[M],c5[M],c5[M],c5[M],c5[M],c5[M],c5[M],c5[M],c5[M],c5[M],c5[M],c5[M],c5[M],c5[M],c5[M],c5[M],c5[M],c5[M],c5[M],c5[M],c5[M],c5[M],c5[M],c5[M],c5[M],c5[M],c5[M],c5[M],c5[M],c5[M],c5[M],c5[M],c5[M],c5[M],c5[M],c5[M],c5[M],c5[M],c5[M],c5[M],c5[M],c5[M],c5[M],c5[M],c5[M],c5[M],c5[M],c5[M],c5[M],c5[M],c5[M],c5[M],c5[M],c5[M],c5[M],c5[M],c5[M],c5[M],c5[M],c5[M],c5[M],c5[M],c5[M],c5[M],c5[M],c5[M],c5[M],c5[M],c5[M],c5[M],c5[M],c5[M],c5[M],c5[M],c5[M],c5[M],c5[M],c5[M],c5[M],c5[M],c5[M],c5[M],c5[M],c5[M],c5[M],c5[M],c5[M],c5[M],c5[M],c5[M],c5[M],c5[M],c5[M],c5[M],c5[M],c5[M],c5[M],c5[M],c5[M],c5[M],c5[M],c5[M],c5[M],c5[M],c5[M],c5[M],c5[M],c5[M],c5[M],c5[M],c5[M],c5[M],c5[M],c5[M],c5[M],c5[M],c5[M],c5[M],c5[M],c5[M],c5[M],c5[M],c5[M],c5[M],c5[M],c5[M],c5[M],c5[M],c5[M],c5[M],c5[M],c5[M],c5[M],c5[M],c5[M],c5[M],c5[M],c5[M],c5[M],c5[M],c5[M],c5[M],c5[M],c5[M],c5[M],c5[M],c5[M],c5[M],c5[M],c5[M],c5[M],c5[M],c5[M],c5[M],c5[M],c5[M],c5[M],c5[M],c5[M],c5[M],c5[M],c5[M],c5[M],c5[M],c5[M],c5[M],c5[M],c5[M],c5[M],c5[M],c5[M],c5[M],c5[M],c5[M],c5[M],c5[M],c5[M],c5[M],c5[M],c5[M],c5[M],c5[M],c5[M],c5[M],c5[M],c5[M],c5[M],c5[M],c5[M],c5[M],c5[M],c5[M],c5[M],c5[M],c5[M],c5[M],c5[M],c5[M],c5[M],c5[M],c5[M],c5[M],c5[M],c5[M],c5[M],c5[M],c5[M],c5[M],c5[M],c5[M],c5[M],c5[M],c5[M],c5[M],c5[M],c5[M],c5[M],c5[M],c5[M],c5[M],c5[M],c5[M],c5[M],c5[M],c5[M],c5[M],c5[M],c5[M],c5[M],c5[M],c5[M],c5[M],c5[M],c5[M],c5[M],c5[M],c5[M],c5[M],c5[M],c5[M],c5[M],c5[M],c5[M],c5[M],c5[M],c5[M],c5[M],c5[M],c5[M],c5[M],c5[M],c5[M],c5[M],c5[M],c5[M],c5[M],c5[M],c5[M],c5[M],c5[M],c5[M],c5[M],c5[M],c5[M],c5[M],c5[M],c5[M],c5[M],c5[M],c5[M],c5[M],c5[M],c5[M],c5[M],c5[M],c5[M],c5[M],c5[M],c5[M],c5[M],c5[M],c5[M],c5[M],c5[M],c5[M],c5[M],c5[M],c5[M],c5[M],c5[M],c5[M],c5[M],c5[M],c5[M],c5[M],c5[M],c5[M],c5[M],c5[M],c5[M],c5[M],c5[M],c5[M],c5[M],c5[M],c5[M],c5[M],c5[M],c5[M],c5[M],c5[M],c5[M],c5[M],c5[M],c5[M],c5[M],c5[M],c5[M],c5[M],c5[M],c5[M],c5[M],c5[M],c5[M],c5[M],c5[M],c5[M],c5[M],c5[M],c5[M],c5[M],c5[M],c5[M],c5[M],c5[M],c5[M],c5[M],c5[M],c5[M],c5[M],c5[M],c5[M],c5[M],c5[M],c5[M],c5[M],c5[M],c5[M],c5[M],c5[M],c5[M],c5[M],c5[M],c5[M],c5[M],c5[M],c5[M],c5[M],c5[M],c5[M],c5[M],c5[M],c5[M],c5[M],c5[M],c5[M],c5[M],c5[M],c5[M],c5[M],c5[M],c5[M],c5[M],c5[M],c5[M],c5[M],c5[M],c5[M],c5[M],c5[M],c5[M],c5[M],c5[M],c5[M],c5[M],c5[M],c5[M],c5[M],c5[M],c5[M],c5[M],c5[M],c5[M],c5[M],c5[M],c5[M],c5[M],c5[M],c5[M],c5[M],c5[M],c5[M],c5[M],c5[M],c5[M],c5[M],c5[M],c5[M],c5[M],c5[M],c5[M],c5[M],c5[M],c5[M],c5[M],c5[M],c5[M],c5[M],c5[M],c5[M],c5[M],c5[M],c5[M],c5[M],c5[M],c5[M],c5[M],c5[M],c5[M],c5[M],c5[M],c5[M],c5[M],c5[M],c5[M],c5[M],c5[M],c5[M],c5[M],c5[M],c5[M],c5[M],c5[M],c5[M],c5[M],c5[M],c5[M],c5[M],c5[M],c5[M],c5[M],c5[M],c5[M],c5[M],c5[M],c5[M],c5[M],c5[M],c5[M],c5[M],c5[M],c5[M],c5[M],c5[M],c5[M],c5[M],c5[M],c5[M],c5[M],c5[M],c5[M],c5[M],c5[M],c5[M],c5[M],c5[M],c5[M],c5[M],c5[M],c5[M],c5[M],c5[M],c5[M],c5[M],c5[M],c5[M],c5[M],c5[M],c5[M],c5[M],c5[M],c5[M],c5[M],c5[M],c5[M],c5[M],c5[M],c5[M],c5[M],c5[M],c5[M],c5[M],c5[M],c5[M],c5[M],c5[M],c5[M],c5[M],c5[M],c5[M],c5[M],c5[M],c5[M],c5[M],c5[M],c5[M],c5[M],c5[M],c5[M],c5[M],c5[M],c5[M],c5[M],c5[M],c5[M],c5[M],c5[M],c5[M],c5[M],c5[M],c5[M],c5[M],c5[M],c5[M],c5[M],c5[M],c5[M],c5[M],c5[M],c5[M],c5[M],c5[M],c5[M],c5[M],c5[M],c5[M],c5[M],c5[M],c5[M],c5[M],c5[M],c5[M],c5[M],c5[M],c5[M],c5[M],c5[M],c5[M],c5[M],c5[M],c5[M],c5[M],c5[M],c5[M],c5[M],c5[M],c5[M],c5[M],c5[M],c5[M],c5[M],c5[M],c5[M],c5[M],c5[M],c5[M],c5[M],c5[M],c5[M],c5[M],c5[M],c5[M],c5[M],c5[M],c5[M],c5[M],c5[M],c5[M],c5[M],c5[M],c5[M],c5[M],c5[M],c5[M],c5[M],c5[M],c5[M],c5[M],c5[M],c5[M],c5[M],c5[M],c5[M],c5[M],c5[M],c5[M],c5[M],c5[M],c5[M],c5[M],c5[M],c5[M],c5[M],c5[M],c5[M],c5[M],c5[M],c5[M],c5[M],c5[M],c5[M],c5[M],c5[M],c5[M],c5[M],c5[M],c5[M],c5[M],c5[M],c5[M],c5[M],c5[M],c5[M],c5[M],c5[M],c5[M],c5[M],c5[M],c5[M],c5[M],c5[M],c5[M],c5[M],c5[M],c5[M],c5[M],c5[M],c5[M],c5[M],c5[M],c5[M],c5[M],c5[M],c5[M],c5[M],c5[M],c5[M],c5[M],c5[M],c5[M],c5[M],c5[M],c5[M],c5[M],c5[M],c5[M],c5[M],c5[M],c5[M],c5[M],c5[M],c5[M],c5[M],c5[M],c5[M],c5[M],c5[M],c5[M],c5[M],c5[M],c5[M],c5[M],c5[M],c5[M],c5[M],c5[M],c5[M],c5[M],c5[M],c5[M],c5[M],c5[M],c5[M],c5[M],c5[M],c5[M],c5[M],c5[M],c5[M],c5[M],c5[M],c5[M],c5[M],c5[M],c5[M],c5[M],c5[M],c5[M],c5[M],c5[M],c5[M],c5[M],c5[M],c5[M],c5[M],c5[M],c5[M],c5[M],c5[M],c5[M],c5[M],c5[M],c5[M],c5[M],c5[M],c5[M],c5[M],c5[M],c5[M],c5[M],c5[M],c5[M],c5[M],c5[M],c5[M],c5[M],c5[M],c5[M],c5[M],c5[M],c5[M],c5[M],c5[M],c5[M],c5[M],c5[M],c5[M],c5[M],c5[M],c5[M],c5[M],c5[M],c5[M],c5[M],c5[M],c5[M],c5[M],c5[M],c5[M],c5[M],c5[M],c5[M],c5[M],c5[M],c5[M],c5[M],c5[M],c5[M],c5[M],c5[M],c5[M],c5[M],c5[M],c5[M],c5[M],c5[M],c5[M],c5[M],c5[M],c5[M],c5[M],c5[M],c5[M],c5[M],c5[M],c5[M],c5[M],c5[M],c5[M],c5[M],c5[M],c5[M],c5[M],c5[M],c5[M],c5[M],c5[M],c5[M],c5[M],c5[M],c5[M],c5[M],c5[M],c5[M],c5[M],c5[M],c5[M],c5[M],c5[M],c5[M],c5[M],c5[M],c5[M],c5[M],c5[M],c5[M],c5[M],c5[M],c5[M],c5[M],c5[M],c5[M],c5[M],c5[M],c5[M],c5[M],c5[M],c5[M],c5[M],c5[M],c5[M],c5[M],c5[M],c5[M],c5[M],c5[M],c5[M],c5[M],c5[M],c5[M],c5[M],c5[M],c5[M],c5[M],c5[M],c5[M],c5[M],c5[M],c5[M],c5[M],c5[M],c5[M],c5[M],c5[M],c5[M],c5[M],c5[M],c5[M],c5[M],c5[M],c5[M],c5[M],c5[M],c5[M],c5[M],c5[M],c5[M],c5[M],c5[M],c5[M],c5[M],c5[M],c5[M],c5[M],c5[M],c5[M],c5[M],c5[M],c5[M],c5[M],c5[M],c5[M],c5[M],c5[M],c5[M],c5[M],c5[M],c5[M],c5[M],c5[M],c5[M],c5[M],c5[M],c5[M],c5[M],c5[M],c5[M],c5[M],c5[M],c5[M],c5[M],c5[M],c5[M],c5[M],c5[M],c5[M],c5[M],c5[M],c5[M],c5[M],c5[M],c5[M],c5[M],c5[M],c5[M],c5[M],c5[M],c5[M],c5[M],c5[M],c5[M],c5[M],c5[M],c5[M],c5[M],c5[M],c5[M],c5[M],c5[M],c5[M],c5[M],c5[M],c5[M],c5[M],c5[M],c5[M],c5[M],c5[M],c5[M],c5[M],c5[M],c5[M],c5[M],c5[M],c5[M],c5[M],c5[M],c5[M],c5[M],c5[M],c5[M],c5[M],c5[M],c5[M],c5[M],c5[M],c5[M],c5[M],c5[M],c5[M],c5[M],c5[M],c5[M],c5[M],c5[M],c5[M],c5[M],c5[M],c5[M],c5[M],c5[M],c5[M],c5[M],c5[M],c5[M],c5[M],c5[M],c5[M],c5[M],c5[M],c5[M],c5[M],c5[M],c5[M],c5[M],c5[M],c5[M],c5[M],c5[M],c5[M],c5[M],c5[M],c5[M],c5[M],c5[M],c5[M],c5[M],c5[M],c5[M],c5[M],c5[M],c5[M],c5[M],c5[M],c5[M],c5[M],c5[M],c5[M],c5[M],c5[M],c5[M],c5[M],c5[M],c5[M],c5[M],c5[M],c5[M],c5[M],c5[M],c5[M],c5[M],c5[M],c5[M],c5[M],c5[M],c5[M],c5[M],c5[M],c5[M],c5[M],c5[M],c5[M],c5[M],c5[M],c5[M],c5[M],c5[M],c5[M],c5[M],c5[M],c5[M],c5[M],c5[M],c5[M],c5[M],c5[M],c5[M],c5[M],c5[M],c5[M],c5[M],c5[M],c5[M],c5[M],c5[M],c5[M],c5[M],c5[M],c5[M],c5[M],c5[M],c5[M],c5[M],c5[M],c5[M],c5[M],c5[M],c5[M],c5[M],c5[M],c5[M],c5[M],c5[M],c5[M],c5[M],c5[M],c5[M],c5[M],c5[M],c5[M],c5[M],c5[M],c5[M],c5[M],c5[M],c5[M],c5[M],c5[M],c5[M],c5[M],c5[M],c5[M],c5[M],c5[M],c5[M],c5[M],c5[M],c5[M],c5[M],c5[M],c5[M],c5[M],c5[M],c5[M],c5[M],c5[M],c5[M],c5[M],c5[M],c5[M],c5[M],c5[M],c5[M],c5[M],c5[M],c5[M],c5[M],c5[M],c5[M],c5[M],c5[M],c5[M],c5[M],c5[M],c5[M],c5[M],c5[M],c5[M],c5[M],c5[M],c5[M],c5[M],c5[M],c5[M],c5[M],c5[M],c5[M],c5[M],c5[M],c5[M],c5[M],c5[M],c5[M],c5[M],c5[M],c5[M],c5[M],c5[M],c5[M],c5[M],c5[M],c5[M],c5[M],c5[M],c5[M],c5[M],c5[M],c5[M],c5[M],c5[M],c5[M],c5[M],c5[M],c5[M],c5[M],c5[M],c5[M],c5[M],c5[M],c5[M],c5[M],c5[M],c5[M],c5[M],c5[M],c5[M],c5[M],c5[M],c5[M],c5[M],c5[M],c5[M],c5[M],c5[M],c5[M],c5[M],c5[M],c5[M],c5[M],c5[M],c5[M],c5[M],c5[M],c5[M],c5[M],c5[M],c5[M],c5[M],c5[M],c5[M],c5[M],c5[M],c5[M],c5[M],c5[M],c5[M],c5[M],c5[M],c5[M],c5[M],c5[M],c5[M],c5[M],c5[M],c5[M],c5[M],c5[M],c5[M],c5[M],c5[M],c5[M],c5[M],c5[M],c5[M],c5[M],c5[M],c5[M],c5[M],c5[M],c5[M],c5[M],c5[M],c5[M],c5[M],c5[M],c5[M],c5[M],c5[M],c5[M],c5[M],c5[M],c5[M],c5[M],c5[M],c5[M],c5[M],c5[M],c5[M],c5[M],c5[M],c5[M],c5[M],c5[M],c5[M],c5[M],c5[M],c5[M],c5[M],c5[M],c5[M],c5[M],c5[M],c5[M],c5[M],c5[M],c5[M],c5[M],c5[M],c5[M],c5[M],c5[M],c5[M],c5[M],c5[M],c5[M],c5[M],c5[M],c5[M],c5[M],c5[M],c5[M],c5[M],c5[M],c5[M],c5[M],c5[M],c5[M],c5[M],c5[M],c5[M],c5[M],c5[M],c5[M],c5[M],c5[M],c5[M],c5[M],c5[M],c5[M],c5[M],c5[M],c5[M],c5[M],c5[M],c5[M],c5[M],c5[M],c5[M],c5[M],c5[M],c5[M],c5[M],c5[M],c5[M],c5[M],c5[M],c5[M],c5[M],c5[M],c5[M],c5[M],c5[M],c5[M],c5[M],c5[M],c5[M],c5[M],c5[M],c5[M],c5[M],c5[M],c5[M],c5[M],c5[M],c5[M],c5[M],c5[M],c5[M],c5[M],c5[M],c5[M],c5[M],c5[M],c5[M],c5[M],c5[M],c5[M],c5[M],c5[M],c5[M],c5[M],c5[M],c5[M],c5[M],c5[M],c5[M],c5[M],c5[M],c5[M],c5[M],c5[M],c5[M],c5[M],c5[M],c5[M],c5[M],c5[M],c5[M],c5[M],c5[M],c5[M],c5[M],c5[M],c5[M],c5[M],c5[M],c5[M],c5[M],c5[M],c5[M],c5[M],c5[M],c5[M],c5[M],c5[M],c5[M],c5[M],c5[M],c5[M],c5[M],c5[M],c5[M],c5[M],c5[M],c5[M],c5[M],c5[M],c5[M],c5[M],c5[M],c5[M],c5[M],c5[M],c5[M],c5[M],c5[M],c5[M],c5[M],c5[M],c5[M],c5[M],c5[M],c5[M],c5[M],c5[M],c5[M],c5[M],c5[M],c5[M],c5[M],c5[M],c5[M],c5[M],c5[M],c5[M],c5[M],c5[M],c5[M],c5[M],c5[M],c5[M],c5[M],c5[M],c5[M],c5[M],c5[M],c5[M],c5[M],c5[M],c5[M],c5[M],c5[M],c5[M],c5[M],c5[M],c5[M],c5[M],c5[M],c5[M],c5[M],c5[M],c5[M],c5[M],c5[M],c5[M],c5[M],c5[M],c5[M],c5[M],c5[M],c5[M],c5[M],c5[M],c5[M],c5[M],c5[M],c5[M],c5[M],c5[M],c5[M],c5[M],c5[M],c5[M],c5[M],c5[M],c5[M],c5[M],c5[M],c5[M],c5[M],c5[M],c5[M],c5[M],c5[M],c5[M],c5[M],c5[M],c5[M],c5[M],c5[M],c5[M],c5[M],c5[M],c5[M],c5[M],c5[M],c5[M],c5[M],c5[M],c5[M],c5[M],c5[M],c5[M],c5[M],c5[M],c5[M],c5[M],c5[M],c5[M],c5[M],c5[M],c5[M],c5[M],c5[M],c5[M],c5[M],c5[M],c5[M],c5[M],c5[M],c5[M],c5[M],c5[M],c5[M],c5[M],c5[M],c5[M],c5[M],c5[M],c5[M],c5[M],c5[M],c5[M],c5[M],c5[M],c5[M],c5[M],c5[M],c5[M],c5[M],c5[M],c5[M],c5[M],c5[M],c5[M],c5[M],c5[M],c5[M],c5[M],c5[M],c5[M],c5[M],c5[M],c5[M],c5[M],c5[M],c5[M],c5[M],c5[M],c5[M],c5[M],c5[M],c5[M],c5[M],c5[M],c5[M],c5[M],c5[M],c5[M],c5[M],c5[M],c5[M],c5[M],c5[M],c5[M],c5[M],c5[M],c5[M],c5[M],c5[M],c5[M],c5[M],c5[M],c5[M],c5[M],c5[M],c5[M],c5[M],c5[M],c5[M],c5[M],c5[M],c5[M],c5[M],c5[M],c5[M],c5[M],c5[M],c5[M],c5[M],c5[M],c5[M],c5[M],c5[M],c5[M],c5[M],c5[M],c5[M],c5[M],c5[M],c5[M],c5[M],c5[M],c5[M],c5[M],c5[M],c5[M],c5[M],c5[M],c5[M],c5[M],c5[M],c5[M],c5[M],c5[M],c5[M],c5[M],c5[M],c5[M],c5[M],c5[M],c5[M],c5[M],c5[M],c5[M],c5[M],c5[M],c5[M],c5[M],c5[M],c5[M],c5[M],c5[M],c5[M],c5[M],c5[M],c5[M],c5[M],c5[M],c5[M],c5[M],c5[M],c5[M],c5[M],c5[M],c5[M],c5[M],c5[M],c5[M],c5[M],c5[M],c5[M],c5[M],c5[M],c5[M],c5[M],c5[M],c5[M],c5[M],c5[M],c5[M],c5[M],c5[M],c5[M],c5[M],c5[M],c5[M],c5[M],c5[M],c5[M],c5[M],c5[M],c5[M],c5[M],c5[M],c5[M],c5[M],c5[M],c5[M],c5[M],c5[M],c5[M],c5[M],c5[M],c5[M],c5[M],c5[M],c5[M],c5[M],c5[M],c5[M],c5[M],c5[M],c5[M],c5[M],c5[M],c5[M],c5[M],c5[M],c5[M],c5[M],c5[M],c5[M],c5[M],c5[M],c5[M],c5[M],c5[M],c5[M],c5[M],c5[M],c5[M],c5[M],c5[M],c5[M],c5[M],c5[M],c5[M],c5[M],c5[M],c5[M],c5[M],c5[M],c5[M],c5[M],c5[M],c5[M],c5[M],c5[M],c5[M],c5[M],c5[M],c5[M],c5[M],c5[M],c5[M],c5[M],c5[M],c5[M],c5[M],c5[M],c5[M],c5[M],c5[M],c5[M],c5[M],c5[M],c5[M],c5[M],c5[M],c5[M],c5[M],c5[M],c5[M],c5[M],c5[M],c5[M],c5[M],c5[M],c5[M],c5[M],c5[M],c5[M],c5[M],c5[M],c5[M],c5[M],c5[M],c5[M],c5[M],c5[M],c5[M],c5[M],c5[M],c5[M],c5[M],c5[M],c5[M],c5[M],c5[M],c5[M],c5[M],c5[M],c5[M],c5[M],c5[M],c5[M],c5[M],c5[M],c5[M],c5[M],c5[M],c5[M],c5[M],c5[M],c5[M],c5[M],c5[M],c5[M],c5[M],c5[M],c5[M],c5[M],c5[M],c5[M],c5[M],c5[M],c5[M],c5[M],c5[M],c5[M],c5[M],c5[M],c5[M],c5[M],c5[M],c5[M],c5[M],c5[M],c5[M],c5[M],c5[M],c5[M],c5[M],c5[M],c5[M],c5[M],c5[M],c5[M],c5[M],c5[M],c5[M],c5[M],c5[M],c5[M],c5[M],c5[M],c5[M],c5[M],c5[M],c5[M],c5[M],c5[M],c5[M],c5[M],c5[M],c5[M],c5[M],c5[M],c5[M],c5[M],c5[M],c5[M],c5[M],c5[M],c5[M],c5[M],c5[M],c5[M],c5[M],c5[M],c5[M],c5[M],c5[M],c5[M],c5[M],c5[M],c5[M],c5[M],c5[M],c5[M],c5[M],c5[M],c5[M],c5[M],c5[M],c5[M],c5[M],c5[M],c5[M],c5[M],c5[M],c5[M],c5[M],c5[M],c5[M],c5[M],c5[M],c5[M],c5[M],c5[M],c5[M],c5[M],c5[M],c5[M],c5[M],c5[M],c5[M],c5[M],c5[M],c5[M],c5[M],c5[M],c5[M],c5[M],c5[M],c5[M],c5[M],c5[M],c5[M],c5[M],c5[M],c5[M],c5[M],c5[M],c5[M],c5[M],c5[M],c5[M],c5[M],c5[M],c5[M],c5[M],c5[M],c5[M],c5[M],c5[M],c5[M],c5[M],c5[M],c5[M],c5[M],c5[M],c5[M],c5[M],c5[M],c5[M],c5[M],c5[M],c5[M],c5[M],c5[M],c5[M],c5[M],c5[M],c5[M],c5[M],c5[M],c5[M],c5[M],c5[M],c5[M],c5[M],c5[M],c5[M],c5[M],c5[M],c5[M],c5[M],c5[M],c5[M],c5[M],c5[M],c5[M],c5[M],c5[M],c5[M],c5[M],c5[M],c5[M],c5[M],c5[M],c5[M],c5[M],c5[M],c5[M],c5[M],c5[M],c5[M],c5[M],c5[M],c5[M],c5[M],c5[M],c5[M],c5[M],c5[M],c5[M],c5[M],c5[M],c5[M],c5[M],c5[M],c5[M],c5[M],c5[M],c5[M],c5[M],c5[M],c5[M],c5[M],c5[M],c5[M],c5[M],c5[M],c5[M],c5[M],c5[M],c5[M],c5[M],c5[M],c5[M],c5[M],c5[M],c5[M],c5[M],c5[M],c5[M],c5[M],c5[M],c5[M],c5[M],c5[M],c5[M],c5[M],c5[M],c5[M],c5[M],c5[M],c5[M],c5[M],c5[M],c5[M],c5[M],c5[M],c5[M],c5[M],c5[M],c5[M],c5[M],c5[M],c5[M],c5[M],c5[M],c5[M],c5[M],c5[M],c5[M],c5[M],c5[M],c5[M],c5[M],c5[M],c5[M],c5[M],c5[M],c5[M],c5[M],c5[M],c5[M],c5[M],c5[M],c5[M],c5[M],c5[M],c5[M],c5[M],c5[M],c5[M],c5[M],c5[M],c5[M],c5[M],c5[M],c5[M],c5[M],c5[M],c5[M],c5[M],c5[M],c5[M],c5[M],c5[M],c5[M],c5[M],c5[M],c5[M],c5[M],c5[M],c5[M],c5[M],c5[M],c5[M],c5[M],c5[M],c5[M],c5[M],c5[M],c5[M],c5[M],c5[M],c5[M],c5[M],c5[M],c5[M],c5[M],c5[M],c5[M],c5[M],c5[M],c5[M],c5[M],c5[M],c5[M],c5[M],c5[M],c5[M],c5[M],c5[M],c5[M],c5[M],c5[M],c5[M],c5[M],c5[M],c5[M],c5[M],c5[M],c5[M],c5[M],c5[M],c5[M],c5[M],c5[M],c5[M],c5[M],c5[M],c5[M],c5[M],c5[M],c5[M],c5[M],c5[M],c5[M],c5[M],c5[M],c5[M],c5[M],c5[M],c5[M],c5[M],c5[M],c5[M],c5[M],c5[M],c5[M],c5[M],c5[M],c5[M],c5[M],c5[M],c5[M],c5[M],c5[M],c5[M],c5[M],c5[M],c5[M],c5[M],c5[M],c5[M],c5[M],c5[M],c5[M],c5[M],c5[M],c5[M],c5[M],c5[M],c5[M],c5[M],c5[M],c5[M],c5[M],c5[M],c5[M],c5[M],c5[M],c5[M],c5[M],c5[M],c5[M],c5[M],c5[M],c5[M],c5[M],c5[M],c5[M],c5[M],c5[M],c5[M],c5[M],c5[M],c5[M],c5[M],c5[M],c5[M],c5[M],c5[M],c5[M],c5[M],c5[M],c5[M],c5[M],c5[M],c5[M],c5[M],c5[M],c5[M],c5[M],c5[M],c5[M],c5[M],c5[M],c5[M],c5[M],c5[M],c5[M],c5[M],c5[M],c5[M],c5[M],c5[M],c5[M],c5[M],c5[M],c5[M],c5[M],c5[M],c5[M],c5[M],c5[M],c5[M],c5[M],c5[M],c5[M],c5[M],c5[M],c5[M],c5[M],c5[M],c5[M],c5[M],c5[M],c5[M],c5[M],c5[M],c5[M],c5[M],c5[M],c5[M],c5[M],c5[M],c5[M],c5[M],c5[M],c5[M],c5[M],c5[M],c5[M],c5[M],c5[M],c5[M],c5[M],c5[M],c5[M],c5[M],c5[M],c5[M],c5[M],c5[M],c5[M],c5[M],c5[M],c5[M],c5[M],c5[M],c5[M],c5[M],c5[M],c5[M],c5[M],c5[M],c5[M],c5[M],c5[M],c5[M],c5[M],c5[M],c5[M],c5[M],c5[M],c5[M],c5[M],c5[M],c5[M],c5[M],c5[M],c5[M],c5[M],c5[M],c5[M],c5[M],c5[M],c5[M],c5[M],c5[M],c5[M],c5[M],c5[M],c5[M],c5[M],c5[M],c5[M],c5[M],c5[M],c5[M],c5[M],c5[M],c5[M],c5[M],c5[M],c5[M],c5[M],c5[M],c5[M],c5[M],c5[M],c5[M],c5[M],c5[M],c5[M],c5[M],c5[M];"]}]}