{"baseBpm":1,"musics":[{"bpm":1,"baseBeats":0.0625,"scores":["mute[I],mute[I],mute[I],mute[I],mute[I],mute[I],mute[I],mute[I],mute[I],mute[I],mute[I],mute[I],mute[I],mute[I],mute[I],mute[I],mute[I],mute[I],mute[I],mute[I],mute[I],mute[I],mute[I],mute[I],mute[I],mute[I],mute[I],mute[I],mute[I],mute[I],mute[I],mute[I],mute[I],mute[I],mute[I],mute[I],mute[I],mute[I],mute[I],mute[I],mute[I],mute[I],mute[I],mute[I],mute[I],mute[I],mute[I],mute[I],mute[I],mute[I],mute[I],mute[I],mute[I],mute[I],mute[I],mute[I],mute[I],mute[I],mute[I],mute[I],mute[I],mute[I],mute[I],mute[I],mute[I],mute[I],mute[I],mute[I],mute[I],mute[I],mute[I],mute[I],mute[I],mute[I],mute[I],mute[I],mute[I],mute[I],mute[I],mute[I],mute[I],mute[I],mute[I],mute[I],mute[I],mute[I],mute[I],mute[I],mute[I],mute[I],mute[I],mute[I],mute[I],mute[I],mute[I],mute[I],mute[I],mute[I],mute[I],mute[I],mute[I],mute[I],mute[I],mute[I],mute[I],mute[I],mute[I],mute[I],mute[I],mute[I],mute[I],mute[I],mute[I],mute[I],mute[I],mute[I],mute[I],mute[I],mute[I],mute[I],mute[I],mute[I],mute[I],mute[I],mute[I],mute[I],mute[I],mute[I],mute[I],mute[I],mute[I],mute[I],mute[I],mute[I],mute[I],mute[I],mute[I],mute[I],mute[I],mute[I],mute[I],mute[I],mute[I],mute[I],mute[I],mute[I],mute[I],mute[I],mute[I],mute[I],mute[I],mute[I],mute[I],mute[I],mute[I],mute[I],mute[I],mute[I],mute[I],mute[I],mute[I],mute[I],mute[I],mute[I],mute[I],mute[I],mute[I],mute[I],mute[I],mute[I],mute[I],mute[I],mute[I],mute[I],mute[I],mute[I],mute[I],mute[I],mute[I],mute[I],mute[I],mute[I],mute[I],mute[I],mute[I],mute[I],mute[I],mute[I],mute[I],mute[I],mute[I],mute[I],mute[I],mute[I],mute[I],mute[I],mute[I],mute[I],mute[I],mute[I],mute[I],mute[I],mute[I],mute[I],mute[I],mute[I],mute[I],mute[I],mute[I],mute[I],mute[I],mute[I],mute[I],mute[I],mute[I],mute[I],mute[I],mute[I],mute[I],mute[I],mute[I],mute[I],mute[I],mute[I],mute[I],mute[I],mute[I],mute[I],mute[I],mute[I],mute[I],mute[I],mute[I],mute[I],mute[I],mute[I],mute[I],mute[I],mute[I],mute[I],mute[I],mute[I],mute[I],mute[I],mute[I],mute[I],mute[I],mute[I],mute[I],mute[I],mute[I],mute[I],mute[I],mute[I],mute[I],mute[I],mute[I],mute[I],mute[I],mute[I],mute[I],mute[I],mute[I],mute[I],mute[I],mute[I],mute[I],mute[I],mute[I],mute[I],mute[I],mute[I],mute[I],mute[I],mute[I],mute[I],mute[I],mute[I],mute[I],mute[I],mute[I],mute[I],mute[I],mute[I],mute[I],mute[I],mute[I],mute[I],mute[I],mute[I],mute[I],mute[I],mute[I],mute[I],mute[I],mute[I],mute[I],mute[I],mute[I],mute[I],mute[I],mute[I],mute[I],mute[I],mute[I],mute[I],mute[I],mute[I],mute[I],mute[I],mute[I],mute[I],mute[I],mute[I],mute[I],mute[I],mute[I],mute[I],mute[I],mute[I],mute[I],mute[I],mute[I],mute[I],mute[I],mute[I],mute[I],mute[I],mute[I],mute[I],mute[I],mute[I],mute[I],mute[I],mute[I],mute[I],mute[I],mute[I],mute[I],mute[I],mute[I],mute[I],mute[I],mute[I],mute[I],mute[I],mute[I],mute[I],mute[I],mute[I],mute[I],mute[I],mute[I],mute[I],mute[I],mute[I],mute[I],mute[I],mute[I],mute[I],mute[I],mute[I],mute[I],mute[I],mute[I],mute[I],mute[I],mute[I],mute[I],mute[I],mute[I],mute[I],mute[I],mute[I],mute[I],mute[I],mute[I],mute[I],mute[I],mute[I],mute[I],mute[I],mute[I],mute[I],mute[I],mute[I],mute[I],mute[I],mute[I],mute[I],mute[I],mute[I],mute[I],mute[I],mute[I],mute[I],mute[I],mute[I],mute[I],mute[I],mute[I],mute[I],mute[I],mute[I],mute[I],mute[I],mute[I],mute[I],mute[I],mute[I],mute[I],mute[I],mute[I],mute[I],mute[I],mute[I],mute[I],mute[I],mute[I],mute[I],mute[I],mute[I],mute[I],mute[I],mute[I],mute[I],mute[I],mute[I],mute[I],mute[I],mute[I],mute[I],mute[I],mute[I],mute[I],mute[I],mute[I],mute[I],mute[I],mute[I],mute[I],mute[I],mute[I],mute[I],mute[I],mute[I],mute[I],mute[I],mute[I],mute[I],mute[I],mute[I],mute[I],mute[I],mute[I],mute[I],mute[I],mute[I],mute[I],mute[I],mute[I],mute[I],mute[I],mute[I],mute[I],mute[I],mute[I],mute[I],mute[I],mute[I],mute[I],mute[I],mute[I],mute[I],mute[I],mute[I],mute[I],mute[I],mute[I],mute[I],mute[I],mute[I],mute[I],mute[I],mute[I],mute[I],mute[I],mute[I],mute[I],mute[I],mute[I],mute[I],mute[I],mute[I],mute[I],mute[I],mute[I],mute[I],mute[I],mute[I];","e2[I],e2[I],e2[I],e2[I],e2[I],e2[I],e2[I],e2[I],e2[I],e2[I],e2[I],e2[I],e2[I],e2[I],e2[I],e2[I],e2[I],e2[I],e2[I],e2[I],e2[I],e2[I],e2[I],e2[I],e2[I],e2[I],e2[I],e2[I],e2[I],e2[I],e2[I],e2[I],e2[I],e2[I],e2[I],e2[I],e2[I],e2[I],e2[I],e2[I],e2[I],e2[I],e2[I],e2[I],e2[I],e2[I],e2[I],e2[I],e2[I],e2[I],e2[I],e2[I],e2[I],e2[I],e2[I],e2[I],e2[I],e2[I],e2[I],e2[I],e2[I],e2[I],e2[I],e2[I],e2[I],e2[I],e2[I],e2[I],e2[I],e2[I],e2[I],e2[I],e2[I],e2[I],e2[I],e2[I],e2[I],e2[I],e2[I],e2[I],e2[I],e2[I],e2[I],e2[I],e2[I],e2[I],e2[I],e2[I],e2[I],e2[I],e2[I],e2[I],e2[I],e2[I],e2[I],e2[I],e2[I],e2[I],e2[I],e2[I],e2[I],e2[I],e2[I],e2[I],e2[I],e2[I],e2[I],e2[I],e2[I],e2[I],e2[I],e2[I],e2[I],e2[I],e2[I],e2[I],e2[I],e2[I],e2[I],e2[I],e2[I],e2[I],e2[I],e2[I],e2[I],e2[I],e2[I],e2[I],e2[I],e2[I],e2[I],e2[I],e2[I],e2[I],e2[I],e2[I],e2[I],e2[I],e2[I],e2[I],e2[I],e2[I],e2[I],e2[I],e2[I],e2[I],e2[I],e2[I],e2[I],e2[I],e2[I],e2[I],e2[I],e2[I],e2[I],e2[I],e2[I],e2[I],e2[I],e2[I],e2[I],e2[I],e2[I],e2[I],e2[I],e2[I],e2[I],e2[I],e2[I],e2[I],e2[I],e2[I],e2[I],e2[I],e2[I],e2[I],e2[I],e2[I],e2[I],e2[I],e2[I],e2[I],e2[I],e2[I],e2[I],e2[I],e2[I],e2[I],e2[I],e2[I],e2[I],e2[I],e2[I],e2[I],e2[I],e2[I],e2[I],e2[I],e2[I],e2[I],e2[I],e2[I],e2[I],e2[I],e2[I],e2[I],e2[I],e2[I],e2[I],e2[I],e2[I],e2[I],e2[I],e2[I],e2[I],e2[I],e2[I],e2[I],e2[I],e2[I],e2[I],e2[I],e2[I],e2[I],e2[I],e2[I],e2[I],e2[I],e2[I],e2[I],e2[I],e2[I],e2[I],e2[I],e2[I],e2[I],e2[I],e2[I],e2[I],e2[I],e2[I],e2[I],e2[I],e2[I],e2[I],e2[I],e2[I],e2[I],e2[I],e2[I],e2[I],e2[I],e2[I],e2[I],e2[I],e2[I],e2[I],e2[I],e2[I],e2[I],e2[I],e2[I],e2[I],e2[I],e2[I],e2[I],e2[I],e2[I],e2[I],e2[I],e2[I],e2[I],e2[I],e2[I],e2[I],e2[I],e2[I],e2[I],e2[I],e2[I],e2[I],e2[I],e2[I],e2[I],e2[I],e2[I],e2[I],e2[I],e2[I],e2[I],e2[I],e2[I],e2[I],e2[I],e2[I],e2[I],e2[I],e2[I],e2[I],e2[I],e2[I],e2[I],e2[I],e2[I],e2[I],e2[I],e2[I],e2[I],e2[I],e2[I],e2[I],e2[I],e2[I],e2[I],e2[I],e2[I],e2[I],e2[I],e2[I],e2[I],e2[I],e2[I],e2[I],e2[I],e2[I],e2[I],e2[I],e2[I],e2[I],e2[I],e2[I],e2[I],e2[I],e2[I],e2[I],e2[I],e2[I],e2[I],e2[I],e2[I],e2[I],e2[I],e2[I],e2[I],e2[I],e2[I],e2[I],e2[I],e2[I],e2[I],e2[I],e2[I],e2[I],e2[I],e2[I],e2[I],e2[I],e2[I],e2[I],e2[I],e2[I],e2[I],e2[I],e2[I],e2[I],e2[I],e2[I],e2[I],e2[I],e2[I],e2[I],e2[I],e2[I],e2[I],e2[I],e2[I],e2[I],e2[I],e2[I],e2[I],e2[I],e2[I],e2[I],e2[I],e2[I],e2[I],e2[I],e2[I],e2[I],e2[I],e2[I],e2[I],e2[I],e2[I],e2[I],e2[I],e2[I],e2[I],e2[I],e2[I],e2[I],e2[I],e2[I],e2[I],e2[I],e2[I],e2[I],e2[I],e2[I],e2[I],e2[I],e2[I],e2[I],e2[I],e2[I],e2[I],e2[I],e2[I],e2[I],e2[I],e2[I],e2[I],e2[I],e2[I],e2[I],e2[I],e2[I],e2[I],e2[I],e2[I],e2[I],e2[I],e2[I],e2[I],e2[I],e2[I],e2[I],e2[I],e2[I],e2[I],e2[I],e2[I],e2[I],e2[I],e2[I],e2[I],e2[I],e2[I],e2[I],e2[I],e2[I],e2[I],e2[I],e2[I],e2[I],e2[I],e2[I],e2[I],e2[I],e2[I],e2[I],e2[I],e2[I],e2[I],e2[I],e2[I],e2[I],e2[I],e2[I],e2[I],e2[I],e2[I],e2[I],e2[I],e2[I],e2[I],e2[I],e2[I],e2[I],e2[I],e2[I],e2[I],e2[I],e2[I],e2[I],e2[I],e2[I],e2[I],e2[I],e2[I],e2[I],e2[I],e2[I],e2[I],e2[I],e2[I],e2[I],e2[I],e2[I],e2[I];"],"id":1,"instruments":["piano","piano"],"alternatives":["",""]},{"bpm":1,"baseBeats":0.0625,"scores":["mute[I],mute[I],mute[I],mute[I],mute[I],mute[I],mute[I],mute[I],mute[I],mute[I],mute[I],mute[I],mute[I],mute[I],mute[I],mute[I],mute[I],mute[I],mute[I],mute[I],mute[I],mute[I],mute[I],mute[I],mute[I],mute[I],mute[I],mute[I],mute[I],mute[I],mute[I],mute[I],mute[I],mute[I],mute[I],mute[I],mute[I],mute[I],mute[I],mute[I],mute[I],mute[I],mute[I],mute[I],mute[I],mute[I],mute[I],mute[I],mute[I],mute[I],mute[I],mute[I],mute[I],mute[I],mute[I],mute[I],mute[I],mute[I],mute[I],mute[I],mute[I],mute[I],mute[I],mute[I],mute[I],mute[I],mute[I],mute[I],mute[I],mute[I],mute[I],mute[I],mute[I],mute[I],mute[I],mute[I],mute[I],mute[I],mute[I],mute[I],mute[I],mute[I],mute[I],mute[I],mute[I],mute[I],mute[I],mute[I],mute[I],mute[I],mute[I],mute[I],mute[I],mute[I],mute[I],mute[I],mute[I],mute[I],mute[I],mute[I],mute[I],mute[I],mute[I],mute[I],mute[I],mute[I],mute[I],mute[I],mute[I],mute[I],mute[I],mute[I],mute[I],mute[I],mute[I],mute[I],mute[I],mute[I],mute[I],mute[I],mute[I],mute[I],mute[I],mute[I],mute[I],mute[I],mute[I],mute[I],mute[I],mute[I],mute[I],mute[I],mute[I],mute[I],mute[I],mute[I],mute[I],mute[I],mute[I],mute[I],mute[I],mute[I],mute[I],mute[I],mute[I],mute[I],mute[I],mute[I],mute[I],mute[I],mute[I],mute[I],mute[I],mute[I],mute[I],mute[I],mute[I],mute[I],mute[I],mute[I],mute[I],mute[I],mute[I],mute[I],mute[I],mute[I],mute[I],mute[I],mute[I],mute[I],mute[I],mute[I],mute[I],mute[I],mute[I],mute[I],mute[I],mute[I],mute[I],mute[I],mute[I],mute[I],mute[I],mute[I],mute[I],mute[I],mute[I],mute[I],mute[I],mute[I],mute[I],mute[I],mute[I],mute[I],mute[I],mute[I],mute[I],mute[I],mute[I],mute[I],mute[I],mute[I],mute[I],mute[I],mute[I],mute[I],mute[I],mute[I],mute[I],mute[I],mute[I],mute[I],mute[I],mute[I],mute[I],mute[I],mute[I],mute[I],mute[I],mute[I],mute[I],mute[I],mute[I],mute[I],mute[I],mute[I],mute[I],mute[I],mute[I],mute[I],mute[I],mute[I],mute[I],mute[I],mute[I],mute[I],mute[I],mute[I],mute[I],mute[I],mute[I],mute[I],mute[I],mute[I],mute[I],mute[I],mute[I],mute[I],mute[I],mute[I],mute[I],mute[I],mute[I],mute[I],mute[I],mute[I],mute[I],mute[I],mute[I],mute[I],mute[I],mute[I],mute[I],mute[I],mute[I],mute[I],mute[I],mute[I],mute[I],mute[I],mute[I],mute[I],mute[I],mute[I],mute[I],mute[I],mute[I],mute[I],mute[I],mute[I],mute[I],mute[I],mute[I],mute[I],mute[I],mute[I],mute[I],mute[I],mute[I],mute[I],mute[I],mute[I],mute[I],mute[I],mute[I],mute[I],mute[I],mute[I],mute[I],mute[I],mute[I],mute[I],mute[I],mute[I],mute[I],mute[I],mute[I],mute[I],mute[I],mute[I],mute[I],mute[I],mute[I],mute[I],mute[I],mute[I],mute[I],mute[I],mute[I],mute[I],mute[I],mute[I],mute[I],mute[I],mute[I],mute[I],mute[I],mute[I],mute[I],mute[I],mute[I],mute[I],mute[I],mute[I],mute[I],mute[I],mute[I],mute[I],mute[I],mute[I],mute[I],mute[I],mute[I],mute[I],mute[I],mute[I],mute[I],mute[I],mute[I],mute[I],mute[I],mute[I],mute[I],mute[I],mute[I],mute[I],mute[I],mute[I],mute[I],mute[I],mute[I],mute[I],mute[I],mute[I],mute[I],mute[I],mute[I],mute[I],mute[I],mute[I],mute[I],mute[I],mute[I],mute[I],mute[I],mute[I],mute[I],mute[I],mute[I],mute[I],mute[I],mute[I],mute[I],mute[I],mute[I],mute[I],mute[I],mute[I],mute[I],mute[I],mute[I],mute[I],mute[I],mute[I],mute[I],mute[I],mute[I],mute[I],mute[I],mute[I],mute[I],mute[I],mute[I],mute[I],mute[I],mute[I],mute[I],mute[I],mute[I],mute[I],mute[I],mute[I],mute[I],mute[I],mute[I],mute[I],mute[I],mute[I],mute[I],mute[I],mute[I],mute[I],mute[I],mute[I],mute[I],mute[I],mute[I],mute[I],mute[I],mute[I],mute[I],mute[I],mute[I],mute[I],mute[I],mute[I],mute[I],mute[I],mute[I],mute[I],mute[I],mute[I],mute[I],mute[I],mute[I],mute[I],mute[I],mute[I],mute[I],mute[I],mute[I],mute[I],mute[I],mute[I],mute[I],mute[I],mute[I],mute[I],mute[I],mute[I],mute[I],mute[I],mute[I],mute[I],mute[I],mute[I],mute[I],mute[I],mute[I],mute[I],mute[I],mute[I],mute[I],mute[I],mute[I],mute[I],mute[I],mute[I],mute[I],mute[I],mute[I],mute[I],mute[I],mute[I],mute[I],mute[I],mute[I],mute[I],mute[I],mute[I],mute[I],mute[I],mute[I],mute[I],mute[I],mute[I],mute[I],mute[I],mute[I],mute[I],mute[I];","e2[I],e2[I],e2[I],e2[I],e2[I],e2[I],e2[I],e2[I],e2[I],e2[I],e2[I],e2[I],e2[I],e2[I],e2[I],e2[I],e2[I],e2[I],e2[I],e2[I],e2[I],e2[I],e2[I],e2[I],e2[I],e2[I],e2[I],e2[I],e2[I],e2[I],e2[I],e2[I],e2[I],e2[I],e2[I],e2[I],e2[I],e2[I],e2[I],e2[I],e2[I],e2[I],e2[I],e2[I],e2[I],e2[I],e2[I],e2[I],e2[I],e2[I],e2[I],e2[I],e2[I],e2[I],e2[I],e2[I],e2[I],e2[I],e2[I],e2[I],e2[I],e2[I],e2[I],e2[I],e2[I],e2[I],e2[I],e2[I],e2[I],e2[I],e2[I],e2[I],e2[I],e2[I],e2[I],e2[I],e2[I],e2[I],e2[I],e2[I],e2[I],e2[I],e2[I],e2[I],e2[I],e2[I],e2[I],e2[I],e2[I],e2[I],e2[I],e2[I],e2[I],e2[I],e2[I],e2[I],e2[I],e2[I],e2[I],e2[I],e2[I],e2[I],e2[I],e2[I],e2[I],e2[I],e2[I],e2[I],e2[I],e2[I],e2[I],e2[I],e2[I],e2[I],e2[I],e2[I],e2[I],e2[I],e2[I],e2[I],e2[I],e2[I],e2[I],e2[I],e2[I],e2[I],e2[I],e2[I],e2[I],e2[I],e2[I],e2[I],e2[I],e2[I],e2[I],e2[I],e2[I],e2[I],e2[I],e2[I],e2[I],e2[I],e2[I],e2[I],e2[I],e2[I],e2[I],e2[I],e2[I],e2[I],e2[I],e2[I],e2[I],e2[I],e2[I],e2[I],e2[I],e2[I],e2[I],e2[I],e2[I],e2[I],e2[I],e2[I],e2[I],e2[I],e2[I],e2[I],e2[I],e2[I],e2[I],e2[I],e2[I],e2[I],e2[I],e2[I],e2[I],e2[I],e2[I],e2[I],e2[I],e2[I],e2[I],e2[I],e2[I],e2[I],e2[I],e2[I],e2[I],e2[I],e2[I],e2[I],e2[I],e2[I],e2[I],e2[I],e2[I],e2[I],e2[I],e2[I],e2[I],e2[I],e2[I],e2[I],e2[I],e2[I],e2[I],e2[I],e2[I],e2[I],e2[I],e2[I],e2[I],e2[I],e2[I],e2[I],e2[I],e2[I],e2[I],e2[I],e2[I],e2[I],e2[I],e2[I],e2[I],e2[I],e2[I],e2[I],e2[I],e2[I],e2[I],e2[I],e2[I],e2[I],e2[I],e2[I],e2[I],e2[I],e2[I],e2[I],e2[I],e2[I],e2[I],e2[I],e2[I],e2[I],e2[I],e2[I],e2[I],e2[I],e2[I],e2[I],e2[I],e2[I],e2[I],e2[I],e2[I],e2[I],e2[I],e2[I],e2[I],e2[I],e2[I],e2[I],e2[I],e2[I],e2[I],e2[I],e2[I],e2[I],e2[I],e2[I],e2[I],e2[I],e2[I],e2[I],e2[I],e2[I],e2[I],e2[I],e2[I],e2[I],e2[I],e2[I],e2[I],e2[I],e2[I],e2[I],e2[I],e2[I],e2[I],e2[I],e2[I],e2[I],e2[I],e2[I],e2[I],e2[I],e2[I],e2[I],e2[I],e2[I],e2[I],e2[I],e2[I],e2[I],e2[I],e2[I],e2[I],e2[I],e2[I],e2[I],e2[I],e2[I],e2[I],e2[I],e2[I],e2[I],e2[I],e2[I],e2[I],e2[I],e2[I],e2[I],e2[I],e2[I],e2[I],e2[I],e2[I],e2[I],e2[I],e2[I],e2[I],e2[I],e2[I],e2[I],e2[I],e2[I],e2[I],e2[I],e2[I],e2[I],e2[I],e2[I],e2[I],e2[I],e2[I],e2[I],e2[I],e2[I],e2[I],e2[I],e2[I],e2[I],e2[I],e2[I],e2[I],e2[I],e2[I],e2[I],e2[I],e2[I],e2[I],e2[I],e2[I],e2[I],e2[I],e2[I],e2[I],e2[I],e2[I],e2[I],e2[I],e2[I],e2[I],e2[I],e2[I],e2[I],e2[I],e2[I],e2[I],e2[I],e2[I],e2[I],e2[I],e2[I],e2[I],e2[I],e2[I],e2[I],e2[I],e2[I],e2[I],e2[I],e2[I],e2[I],e2[I],e2[I],e2[I],e2[I],e2[I],e2[I],e2[I],e2[I],e2[I],e2[I],e2[I],e2[I],e2[I],e2[I],e2[I],e2[I],e2[I],e2[I],e2[I],e2[I],e2[I],e2[I],e2[I],e2[I],e2[I],e2[I],e2[I],e2[I],e2[I],e2[I],e2[I],e2[I],e2[I],e2[I],e2[I],e2[I],e2[I],e2[I],e2[I],e2[I],e2[I],e2[I],e2[I],e2[I],e2[I],e2[I],e2[I],e2[I],e2[I],e2[I],e2[I],e2[I],e2[I],e2[I],e2[I],e2[I],e2[I],e2[I],e2[I],e2[I],e2[I],e2[I],e2[I],e2[I],e2[I],e2[I],e2[I],e2[I],e2[I],e2[I],e2[I],e2[I],e2[I],e2[I],e2[I],e2[I],e2[I],e2[I],e2[I],e2[I],e2[I],e2[I],e2[I],e2[I],e2[I],e2[I],e2[I],e2[I],e2[I],e2[I],e2[I],e2[I],e2[I],e2[I],e2[I],e2[I],e2[I],e2[I],e2[I],e2[I],e2[I],e2[I],e2[I],e2[I],e2[I];"],"id":2,"instruments":["piano","piano"],"alternatives":["",""]},{"bpm":1,"baseBeats":0.0625,"scores":["mute[I],mute[I],mute[I],mute[I],mute[I],mute[I],mute[I],mute[I],mute[I],mute[I],mute[I],mute[I],mute[I],mute[I],mute[I],mute[I],mute[I],mute[I],mute[I],mute[I],mute[I],mute[I],mute[I],mute[I],mute[I],mute[I],mute[I],mute[I],mute[I],mute[I],mute[I],mute[I],mute[I],mute[I],mute[I],mute[I],mute[I],mute[I],mute[I],mute[I],mute[I],mute[I],mute[I],mute[I],mute[I],mute[I],mute[I],mute[I],mute[I],mute[I],mute[I],mute[I],mute[I],mute[I],mute[I],mute[I],mute[I],mute[I],mute[I],mute[I],mute[I],mute[I],mute[I],mute[I],mute[I],mute[I],mute[I],mute[I],mute[I],mute[I],mute[I],mute[I],mute[I],mute[I],mute[I],mute[I],mute[I],mute[I],mute[I],mute[I],mute[I],mute[I],mute[I],mute[I],mute[I],mute[I],mute[I],mute[I],mute[I],mute[I],mute[I],mute[I],mute[I],mute[I],mute[I],mute[I],mute[I],mute[I],mute[I],mute[I],mute[I],mute[I],mute[I],mute[I],mute[I],mute[I],mute[I],mute[I],mute[I],mute[I],mute[I],mute[I],mute[I],mute[I],mute[I],mute[I],mute[I],mute[I],mute[I],mute[I],mute[I],mute[I],mute[I],mute[I],mute[I],mute[I],mute[I],mute[I],mute[I],mute[I],mute[I],mute[I],mute[I],mute[I],mute[I],mute[I],mute[I],mute[I],mute[I],mute[H],mute[H],mute[H],mute[H],mute[H],mute[H],mute[H],mute[H],mute[H],mute[H],mute[H],mute[H],mute[H],mute[H],mute[H],mute[H],mute[H],mute[H],mute[H],mute[H],mute[H],mute[H],mute[H],mute[H],mute[H],mute[H],mute[H],mute[H],mute[H],mute[H],mute[H],mute[H],mute[H],mute[H],mute[H],mute[H],mute[H],mute[H],mute[H],mute[H],mute[H],mute[H],mute[H],mute[H],mute[H],mute[H],mute[H],mute[H],mute[H],mute[H],mute[H],mute[H],mute[H],mute[H],mute[H],mute[H],mute[H],mute[H],mute[H],mute[H],mute[H],mute[H],mute[H],mute[H],mute[H],mute[H],mute[H],mute[H],mute[H],mute[H],mute[H],mute[H],mute[H],mute[H],mute[H],mute[H],mute[H],mute[H],mute[H],mute[H],mute[H],mute[HI],mute[HI],mute[HI],mute[HI],mute[HI],mute[HI],mute[HI],mute[HI],mute[HI],mute[HI],mute[HI],mute[HI],mute[HI],mute[HI],mute[HI],mute[HI],mute[HI],mute[HI],mute[HI],mute[HI],mute[HI],mute[HI],mute[HI],mute[HI],mute[HI],mute[HI],mute[HI],mute[HI],mute[HI],mute[HI],mute[HI],mute[HI],mute[HI],mute[HI],mute[HI],mute[HI],mute[HI],mute[HI],mute[HI],mute[HI],mute[HI],mute[HI],mute[HI],mute[HI],mute[HI],mute[HI],mute[HI],mute[HI],mute[HI],mute[HI],mute[HI],mute[HI],mute[HI],mute[HI],mute[HI],mute[HI],mute[HI],mute[HI],mute[HI],mute[HI],mute[HI],mute[HI],mute[HI],mute[HI],mute[HI],mute[HI],mute[HI],mute[HI],mute[HI],mute[HI],mute[HI],mute[HI],mute[HI],mute[HI],mute[HI],mute[HI],mute[HI],mute[HI],mute[HI],mute[HI],mute[HI],mute[HI],mute[HI],mute[HI],mute[HI],mute[HI],mute[HI],mute[HI],mute[HI],mute[HI],mute[HI],mute[HI],mute[HI],mute[HI],mute[HI],mute[HI],mute[HI],mute[HI],mute[HI],mute[HI],mute[HI],mute[HI],mute[HI],mute[HI],mute[HI],mute[HI],mute[HI],mute[HI],mute[HI],mute[HI],mute[HI],mute[HI],mute[HI],mute[HI],mute[HI],mute[HI],mute[HI],mute[HI],mute[HI],mute[HI],mute[HI],mute[HI],mute[HI],mute[HI],mute[HI],mute[HI],mute[HI],mute[HI],mute[HI],mute[HI],mute[HI],mute[HI],mute[HI],mute[HI],mute[HI],mute[HI],mute[HI],mute[HI],mute[HI],mute[HI],mute[HI],mute[HI],mute[HI],mute[HI],mute[HI],mute[HI],mute[HI],mute[HI],mute[HI],mute[HI],mute[HI],mute[HI],mute[HI],mute[HI],mute[HI],mute[HI],mute[HI],mute[HI],mute[HI],mute[HI],mute[HI],mute[HI],mute[HI],mute[HI],mute[HI],mute[HI],mute[HI],mute[HI],mute[HI],mute[HI],mute[HH],mute[HH],mute[HH],mute[HH],mute[HH],mute[HH],mute[HH],mute[HH],mute[HH],mute[HH],mute[HH],mute[HH],mute[HH],mute[HH],mute[HH],mute[HH],mute[HH],mute[HH],mute[HH],mute[HH],mute[HH],mute[HH],mute[HH],mute[HH],mute[HH],mute[HH],mute[HH],mute[HH],mute[HH],mute[HH],mute[HH],mute[HH],mute[HH],mute[HH],mute[HHH],mute[HHH],mute[HHH],mute[HHH],mute[HHH],mute[HHH],mute[HHHH],mute[HHHH],mute[HHHH],mute[HHHH],mute[HHHH],mute[HHHH],mute[HHHHH],mute[HHHHH],mute[HHHHH],mute[HHHHH],mute[HHHHH],mute[HHHHH],mute[HHHHH],mute[HHHHHH],mute[HHHHHH],mute[HHHHHH],mute[HHHHHH],mute[HHHHHH],mute[HHHHHH],mute[HHHHHH],mute[HHHHHH],mute[HHHHHH],mute[HJK],mute[HJK],mute[HJK],mute[HJK],mute[HJK],mute[HJK],mute[HJK],mute[HJK],mute[HJK],mute[HJK],mute[HJK],mute[HJK],mute[HJK],mute[HJK],mute[HJK],mute[HJK],mute[HJK],mute[HJK],mute[HJK],mute[HJK],mute[HJK],mute[HJK],mute[HJK],mute[HJK],mute[HJK],mute[HJK],mute[HJK],mute[HJK],mute[HJK],mute[HJK],mute[HJK],mute[HJK],mute[HH],mute[HHI],mute[HH],mute[HHI],mute[HH],mute[HHI],mute[HH],mute[HHI],mute[HH],mute[HHI],mute[HH],mute[HHI],mute[HH],mute[HHI],mute[HH],mute[HHI],mute[HH],mute[HHI],mute[HH],mute[HHI],mute[HH],mute[HHI],mute[HH],mute[HHI],mute[HH],mute[HHI],mute[HH],mute[HHI],mute[HH],mute[HHI],mute[HH],mute[HHI],mute[HH],mute[HHI],mute[HH],mute[HHI],mute[HH],mute[HHI],mute[HH],mute[HHI],mute[HHHHHHKMO],mute[I],mute[I],mute[I],mute[I],mute[I],mute[I],mute[I],mute[I],mute[I],mute[I],mute[I],mute[I],mute[I],mute[I],mute[I],mute[I],mute[I],mute[I],mute[I],mute[I],mute[I],mute[I],mute[I],mute[I],mute[I],mute[I],mute[I],mute[I],mute[JMOP],mute[O],mute[O],mute[O],mute[O],mute[O],mute[O],mute[HIJ],mute[O],mute[O],mute[O];","e2[I],e2[I],e2[I],e2[I],e2[I],e2[I],e2[I],e2[I],e2[I],e2[I],e2[I],e2[I],e2[I],e2[I],e2[I],e2[I],e2[I],e2[I],e2[I],e2[I],e2[I],e2[I],e2[I],e2[I],e2[I],e2[I],e2[I],e2[I],e2[I],e2[I],e2[I],e2[I],e2[I],e2[I],e2[I],e2[I],e2[I],e2[I],e2[I],e2[I],e2[I],e2[I],e2[I],e2[I],e2[I],e2[I],e2[I],e2[I],e2[I],e2[I],e2[I],e2[I],e2[I],e2[I],e2[I],e2[I],e2[I],e2[I],e2[I],e2[I],e2[I],e2[I],e2[I],e2[I],e2[I],e2[I],e2[I],e2[I],e2[I],e2[I],e2[I],e2[I],e2[I],e2[I],e2[I],e2[I],e2[I],e2[I],e2[I],e2[I],e2[I],e2[I],e2[I],e2[I],e2[I],e2[I],e2[I],e2[I],e2[I],e2[I],e2[I],e2[I],e2[I],e2[I],e2[I],e2[I],e2[I],e2[I],e2[I],e2[I],e2[I],e2[I],e2[I],e2[I],e2[I],e2[I],e2[I],e2[I],e2[I],e2[I],e2[I],e2[I],e2[I],e2[I],e2[I],e2[I],e2[I],e2[I],e2[I],e2[I],e2[I],e2[I],e2[I],e2[I],e2[I],e2[I],e2[I],e2[I],e2[I],e2[I],e2[I],e2[I],e2[I],e2[I],e2[I],e2[I],e2[I],e2[I],e2[I],e2[H],e2[H],e2[H],e2[H],e2[H],e2[H],e2[H],e2[H],e2[H],e2[H],e2[H],e2[H],e2[H],e2[H],e2[H],e2[H],e2[H],e2[H],e2[H],e2[H],e2[H],e2[H],e2[H],e2[H],e2[H],e2[H],e2[H],e2[H],e2[H],e2[H],e2[H],e2[H],e2[H],e2[H],e2[H],e2[H],e2[H],e2[H],e2[H],e2[H],e2[H],e2[H],e2[H],e2[H],e2[H],e2[H],e2[H],e2[H],e2[H],e2[H],e2[H],e2[H],e2[H],e2[H],e2[H],e2[H],e2[H],e2[H],e2[H],e2[H],e2[H],e2[H],e2[H],e2[H],e2[H],e2[H],e2[H],e2[H],e2[H],e2[H],e2[H],e2[H],e2[H],e2[H],e2[H],e2[H],e2[H],e2[H],e2[H],e2[H],e2[H],e2[HI],e2[HI],e2[HI],e2[HI],e2[HI],e2[HI],e2[HI],e2[HI],e2[HI],e2[HI],e2[HI],e2[HI],e2[HI],e2[HI],e2[HI],e2[HI],e2[HI],e2[HI],e2[HI],e2[HI],e2[HI],e2[HI],e2[HI],e2[HI],e2[HI],e2[HI],e2[HI],e2[HI],e2[HI],e2[HI],e2[HI],e2[HI],e2[HI],e2[HI],e2[HI],e2[HI],e2[HI],e2[HI],e2[HI],e2[HI],e2[HI],e2[HI],e2[HI],e2[HI],e2[HI],e2[HI],e2[HI],e2[HI],e2[HI],e2[HI],e2[HI],e2[HI],e2[HI],e2[HI],e2[HI],e2[HI],e2[HI],e2[HI],e2[HI],e2[HI],e2[HI],e2[HI],e2[HI],e2[HI],e2[HI],e2[HI],e2[HI],e2[HI],e2[HI],e2[HI],e2[HI],e2[HI],e2[HI],e2[HI],e2[HI],e2[HI],e2[HI],e2[HI],e2[HI],e2[HI],e2[HI],e2[HI],e2[HI],e2[HI],e2[HI],e2[HI],e2[HI],e2[HI],e2[HI],e2[HI],e2[HI],e2[HI],e2[HI],e2[HI],e2[HI],e2[HI],e2[HI],e2[HI],e2[HI],e2[HI],e2[HI],e2[HI],e2[HI],e2[HI],e2[HI],e2[HI],e2[HI],e2[HI],e2[HI],e2[HI],e2[HI],e2[HI],e2[HI],e2[HI],e2[HI],e2[HI],e2[HI],e2[HI],e2[HI],e2[HI],e2[HI],e2[HI],e2[HI],e2[HI],e2[HI],e2[HI],e2[HI],e2[HI],e2[HI],e2[HI],e2[HI],e2[HI],e2[HI],e2[HI],e2[HI],e2[HI],e2[HI],e2[HI],e2[HI],e2[HI],e2[HI],e2[HI],e2[HI],e2[HI],e2[HI],e2[HI],e2[HI],e2[HI],e2[HI],e2[HI],e2[HI],e2[HI],e2[HI],e2[HI],e2[HI],e2[HI],e2[HI],e2[HI],e2[HI],e2[HI],e2[HI],e2[HI],e2[HI],e2[HI],e2[HI],e2[HI],e2[HI],e2[HI],e2[HI],e2[HI],e2[HH],e2[HH],e2[HH],e2[HH],e2[HH],e2[HH],e2[HH],e2[HH],e2[HH],e2[HH],e2[HH],e2[HH],e2[HH],e2[HH],e2[HH],e2[HH],e2[HH],e2[HH],e2[HH],e2[HH],e2[HH],e2[HH],e2[HH],e2[HH],e2[HH],e2[HH],e2[HH],e2[HH],e2[HH],e2[HH],e2[HH],e2[HH],e2[HH],e2[HH],e2[HHH],e2[HHH],e2[HHH],e2[HHH],e2[HHH],e2[HHH],e2[HHHH],e2[HHHH],e2[HHHH],e2[HHHH],e2[HHHH],e2[HHHH],e2[HHHHH],e2[HHHHH],e2[HHHHH],e2[HHHHH],e2[HHHHH],e2[HHHHH],e2[HHHHH],e2[HHHHHH],e2[HHHHHH],e2[HHHHHH],e2[HHHHHH],e2[HHHHHH],e2[HHHHHH],e2[HHHHHH],e2[HHHHHH],e2[HHHHHH],e2[HJK],e2[HJK],e2[HJK],e2[HJK],e2[HJK],e2[HJK],e2[HJK],e2[HJK],e2[HJK],e2[HJK],e2[HJK],e2[HJK],e2[HJK],e2[HJK],e2[HJK],e2[HJK],e2[HJK],e2[HJK],e2[HJK],e2[HJK],e2[HJK],e2[HJK],e2[HJK],e2[HJK],e2[HJK],e2[HJK],e2[HJK],e2[HJK],e2[HJK],e2[HJK],e2[HJK],e2[HJK],e2[HH],e2[HHI],e2[HH],e2[HHI],e2[HH],e2[HHI],e2[HH],e2[HHI],e2[HH],e2[HHI],e2[HH],e2[HHI],e2[HH],e2[HHI],e2[HH],e2[HHI],e2[HH],e2[HHI],e2[HH],e2[HHI],e2[HH],e2[HHI],e2[HH],e2[HHI],e2[HH],e2[HHI],e2[HH],e2[HHI],e2[HH],e2[HHI],e2[HH],e2[HHI],e2[HH],e2[HHI],e2[HH],e2[HHI],e2[HH],e2[HHI],e2[HH],e2[HHI],e2[HHHHHHKMO],e2[I],e2[I],e2[I],e2[I],e2[I],e2[I],e2[I],e2[I],e2[I],e2[I],e2[I],e2[I],e2[I],e2[I],e2[I],e2[I],e2[I],e2[I],e2[I],e2[I],e2[I],e2[I],e2[I],e2[I],e2[I],e2[I],e2[I],e2[I],e2[JMOP],e2[O],e2[O],e2[O],e2[O],e2[O],e2[O],e2[HIJ],e2[O],e2[O],(e2.c.e.g)[O];"],"id":3,"instruments":["piano","piano"],"alternatives":["",""]}]}