{"baseBpm":60,"musics":[{"id":1,"baseBeats":0.5,"scores":["d2[L],#A-2[L],(#d.b)[L],F-2[L],b1[L],B-3[L],10<(a2.b2.g2)[K],c1[N]>,C-2[L],5<f3[N],g3[N]>,5<f3[N],g3[N]>,5<f3[N],g3[N]>,5<f3[N],g3[N]>,5<f3[N],g3[N]>,8<f3[N],g3[N],f3[N],g3[N],f3[N],g3[N],f3[N],g3[N],f3[N],g3[N],f3[N],g3[N],f3[N],g3[N],f3[N],g3[N],f3[N],g3[N],f3[N],g3[N],f3[N],g3[N],f3[N],g3[N],f3[N],g3[N],f3[N],g3[N]>,5<(C-2.F-2.c.#d.b.c1.b1)[N],(B-3.G-2.a.a1.#d.a.#C-2.d.g1.#g.B-3~A-3)[N]>,#C-2[L],5<(C-2.F-2.c.#d.b.c1.b1)[N],(B-3.G-2.a.a1.#d.a.#C-2.d.g1.#g.B-3~A-3)[N]>,5<(C-2.F-2.c.#d.b.c1.b1)[N],(B-3.G-2.a.a1.#d.a.#C-2.d.g1.#g.B-3~A-3)[N]>,#C-2[L],5<(C-2.F-2.c.#d.b.c1.b1)[N],(B-3.G-2.a.a1.#d.a.#C-2.d.g1.#g.B-3~A-3)[N]>,5<(C-2.F-2.c.#d.b.c1.b1)[N],(B-3.G-2.a.a1.#d.a.#C-2.d.g1.#g.B-3~A-3)[N]>,5<(C-2.F-2.c.#d.b.c1.b1)[N],(B-3.G-2.a.a1.#d.a.#C-2.d.g1.#g.B-3~A-3)[N]>,#C-2[L],5<(C-2.F-2.c.#d.b.c1.b1)[N],(B-3.G-2.a.a1.#d.a.#C-2.d.g1.#g.B-3~A-3)[N]>,5<(C-2.F-2.c.#d.b.c1.b1)[N],(B-3.G-2.a.a1.#d.a.#C-2.d.g1.#g.B-3~A-3)[N]>,5<(C-2.F-2.c.#d.b.c1.b1)[N],(B-3.G-2.a.a1.#d.a.#C-2.d.g1.#g.B-3~A-3)[N]>,5<(C-2.F-2.c.#d.b.c1.b1)[N],(B-3.G-2.a.a1.#d.a.#C-2.d.g1.#g.B-3~A-3)[N]>,#C-2[L],5<(C-2.F-2.c.#d.b.c1.b1)[N],(B-3.G-2.a.a1.#d.a.#C-2.d.g1.#g.B-3~A-3)[N]>,5<(C-2.F-2.c.#d.b.c1.b1)[N],(B-3.G-2.a.a1.#d.a.#C-2.d.g1.#g.B-3~A-3)[N]>,5<(C-2.F-2.c.#d.b.c1.b1)[N],(B-3.G-2.a.a1.#d.a.#C-2.d.g1.#g.B-3~A-3)[N]>,5<(C-2.F-2.c.#d.b.c1.b1)[N],(B-3.G-2.a.a1.#d.a.#C-2.d.g1.#g.B-3~A-3)[N]>,5<(C-2.F-2.c.#d.b.c1.b1)[N],(B-3.G-2.a.a1.#d.a.#C-2.d.g1.#g.B-3~A-3)[N]>,#C-2[L],5<(C-2.F-2.c.#d.b.c1.b1)[N],(B-3.G-2.a.a1.#d.a.#C-2.d.g1.#g.B-3~A-3)[N]>,5<(C-2.F-2.c.#d.b.c1.b1)[N],(B-3.G-2.a.a1.#d.a.#C-2.d.g1.#g.B-3~A-3)[N]>,5<(C-2.F-2.c.#d.b.c1.b1)[N],(B-3.G-2.a.a1.#d.a.#C-2.d.g1.#g.B-3~A-3)[N]>,5<(C-2.F-2.c.#d.b.c1.b1)[N],(B-3.G-2.a.a1.#d.a.#C-2.d.g1.#g.B-3~A-3)[N]>,5<(C-2.F-2.c.#d.b.c1.b1)[N],(B-3.G-2.a.a1.#d.a.#C-2.d.g1.#g.B-3~A-3)[N]>,5<(C-2.F-2.c.#d.b.c1.b1)[N],(B-3.G-2.a.a1.#d.a.#C-2.d.g1.#g.B-3~A-3)[N]>,#C-2[L],5<(C-2.F-2.c.#d.b.c1.b1)[N],(B-3.G-2.a.a1.#d.a.#C-2.d.g1.#g.B-3~A-3)[N]>,5<(C-2.F-2.c.#d.b.c1.b1)[N],(B-3.G-2.a.a1.#d.a.#C-2.d.g1.#g.B-3~A-3)[N]>,5<(C-2.F-2.c.#d.b.c1.b1)[N],(B-3.G-2.a.a1.#d.a.#C-2.d.g1.#g.B-3~A-3)[N]>,5<(C-2.F-2.c.#d.b.c1.b1)[N],(B-3.G-2.a.a1.#d.a.#C-2.d.g1.#g.B-3~A-3)[N]>,5<(C-2.F-2.c.#d.b.c1.b1)[N],(B-3.G-2.a.a1.#d.a.#C-2.d.g1.#g.B-3~A-3)[N]>,5<(C-2.F-2.c.#d.b.c1.b1)[N],(B-3.G-2.a.a1.#d.a.#C-2.d.g1.#g.B-3~A-3)[N]>,5<(C-2.F-2.c.#d.b.c1.b1)[N],(B-3.G-2.a.a1.#d.a.#C-2.d.g1.#g.B-3~A-3)[N]>,#C-2[L],5<(C-2.F-2.c.#d.b.c1.b1)[N],(B-3.G-2.a.a1.#d.a.#C-2.d.g1.#g.B-3~A-3)[N]>,5<(C-2.F-2.c.#d.b.c1.b1)[N],(B-3.G-2.a.a1.#d.a.#C-2.d.g1.#g.B-3~A-3)[N]>,5<(C-2.F-2.c.#d.b.c1.b1)[N],(B-3.G-2.a.a1.#d.a.#C-2.d.g1.#g.B-3~A-3)[N]>,5<(C-2.F-2.c.#d.b.c1.b1)[N],(B-3.G-2.a.a1.#d.a.#C-2.d.g1.#g.B-3~A-3)[N]>,5<(C-2.F-2.c.#d.b.c1.b1)[N],(B-3.G-2.a.a1.#d.a.#C-2.d.g1.#g.B-3~A-3)[N]>,5<(C-2.F-2.c.#d.b.c1.b1)[N],(B-3.G-2.a.a1.#d.a.#C-2.d.g1.#g.B-3~A-3)[N]>,5<(C-2.F-2.c.#d.b.c1.b1)[N],(B-3.G-2.a.a1.#d.a.#C-2.d.g1.#g.B-3~A-3)[N]>,5<(C-2.F-2.c.#d.b.c1.b1)[N],(B-3.G-2.a.a1.#d.a.#C-2.d.g1.#g.B-3~A-3)[N]>,#C-2[L],5<(C-2.F-2.c.#d.b.c1.b1)[N],(B-3.G-2.a.a1.#d.a.#C-2.d.g1.#g.B-3~A-3)[N]>,5<(C-2.F-2.c.#d.b.c1.b1)[N],(B-3.G-2.a.a1.#d.a.#C-2.d.g1.#g.B-3~A-3)[N]>,5<(C-2.F-2.c.#d.b.c1.b1)[N],(B-3.G-2.a.a1.#d.a.#C-2.d.g1.#g.B-3~A-3)[N]>,5<(C-2.F-2.c.#d.b.c1.b1)[N],(B-3.G-2.a.a1.#d.a.#C-2.d.g1.#g.B-3~A-3)[N]>,5<(C-2.F-2.c.#d.b.c1.b1)[N],(B-3.G-2.a.a1.#d.a.#C-2.d.g1.#g.B-3~A-3)[N]>,5<(C-2.F-2.c.#d.b.c1.b1)[N],(B-3.G-2.a.a1.#d.a.#C-2.d.g1.#g.B-3~A-3)[N]>,5<(C-2.F-2.c.#d.b.c1.b1)[N],(B-3.G-2.a.a1.#d.a.#C-2.d.g1.#g.B-3~A-3)[N]>,5<(C-2.F-2.c.#d.b.c1.b1)[N],(B-3.G-2.a.a1.#d.a.#C-2.d.g1.#g.B-3~A-3)[N]>,5<(C-2.F-2.c.#d.b.c1.b1)[N],(B-3.G-2.a.a1.#d.a.#C-2.d.g1.#g.B-3~A-3)[N]>,#C-2[L],5<(C-2.F-2.c.#d.b.c1.b1)[N],(B-3.G-2.a.a1.#d.a.#C-2.d.g1.#g.B-3~A-3)[N]>,5<(C-2.F-2.c.#d.b.c1.b1)[N],(B-3.G-2.a.a1.#d.a.#C-2.d.g1.#g.B-3~A-3)[N]>,5<(C-2.F-2.c.#d.b.c1.b1)[N],(B-3.G-2.a.a1.#d.a.#C-2.d.g1.#g.B-3~A-3)[N]>,5<(C-2.F-2.c.#d.b.c1.b1)[N],(B-3.G-2.a.a1.#d.a.#C-2.d.g1.#g.B-3~A-3)[N]>,5<(C-2.F-2.c.#d.b.c1.b1)[N],(B-3.G-2.a.a1.#d.a.#C-2.d.g1.#g.B-3~A-3)[N]>,5<(C-2.F-2.c.#d.b.c1.b1)[N],(B-3.G-2.a.a1.#d.a.#C-2.d.g1.#g.B-3~A-3)[N]>,5<(C-2.F-2.c.#d.b.c1.b1)[N],(B-3.G-2.a.a1.#d.a.#C-2.d.g1.#g.B-3~A-3)[N]>,5<(C-2.F-2.c.#d.b.c1.b1)[N],(B-3.G-2.a.a1.#d.a.#C-2.d.g1.#g.B-3~A-3)[N]>,5<(C-2.F-2.c.#d.b.c1.b1)[N],(B-3.G-2.a.a1.#d.a.#C-2.d.g1.#g.B-3~A-3)[N]>,5<(C-2.F-2.c.#d.b.c1.b1)[N],(B-3.G-2.a.a1.#d.a.#C-2.d.g1.#g.B-3~A-3)[N]>,5<(C-2.F-2.c.#d.b.c1.b1)[N],(B-3.G-2.a.a1.#d.a.#C-2.d.g1.#g.B-3~A-3)[N]>,5<(C-2.F-2.c.#d.b.c1.b1)[N],(B-3.G-2.a.a1.#d.a.#C-2.d.g1.#g.B-3~A-3)[N]>,5<(C-2.F-2.c.#d.b.c1.b1)[N],(B-3.G-2.a.a1.#d.a.#C-2.d.g1.#g.B-3~A-3)[N]>,5<(C-2.F-2.c.#d.b.c1.b1)[N],(B-3.G-2.a.a1.#d.a.#C-2.d.g1.#g.B-3~A-3)[N]>,5<(C-2.F-2.c.#d.b.c1.b1)[N],(B-3.G-2.a.a1.#d.a.#C-2.d.g1.#g.B-3~A-3)[N]>,5<(C-2.F-2.c.#d.b.c1.b1)[N],(B-3.G-2.a.a1.#d.a.#C-2.d.g1.#g.B-3~A-3)[N]>,5<(C-2.F-2.c.#d.b.c1.b1)[N],(B-3.G-2.a.a1.#d.a.#C-2.d.g1.#g.B-3~A-3)[N]>,5<(C-2.F-2.c.#d.b.c1.b1)[N],(B-3.G-2.a.a1.#d.a.#C-2.d.g1.#g.B-3~A-3)[N]>,5<(C-2.F-2.c.#d.b.c1.b1)[N],(B-3.G-2.a.a1.#d.a.#C-2.d.g1.#g.B-3~A-3)[N]>,5<(C-2.F-2.c.#d.b.c1.b1)[N],(B-3.G-2.a.a1.#d.a.#C-2.d.g1.#g.B-3~A-3)[N]>,V,V,V,5<(C-2.F-2.c.#d.b.c1.b1)[N],(B-3.G-2.a.a1.#d.a.#C-2.d.g1.#g.B-3~A-3)[N]>,#C-2[L],5<(C-2.F-2.c.#d.b.c1.b1)[N],(B-3.G-2.a.a1.#d.a.#C-2.d.g1.#g.B-3~A-3)[N]>,5<(C-2.F-2.c.#d.b.c1.b1)[N],(B-3.G-2.a.a1.#d.a.#C-2.d.g1.#g.B-3~A-3)[N]>,#C-2[L],5<(C-2.F-2.c.#d.b.c1.b1)[N],(B-3.G-2.a.a1.#d.a.#C-2.d.g1.#g.B-3~A-3)[N]>,5<(C-2.F-2.c.#d.b.c1.b1)[N],(B-3.G-2.a.a1.#d.a.#C-2.d.g1.#g.B-3~A-3)[N]>,5<(C-2.F-2.c.#d.b.c1.b1)[N],(B-3.G-2.a.a1.#d.a.#C-2.d.g1.#g.B-3~A-3)[N]>,#C-2[L],5<(C-2.F-2.c.#d.b.c1.b1)[N],(B-3.G-2.a.a1.#d.a.#C-2.d.g1.#g.B-3~A-3)[N]>,5<(C-2.F-2.c.#d.b.c1.b1)[N],(B-3.G-2.a.a1.#d.a.#C-2.d.g1.#g.B-3~A-3)[N]>,5<(C-2.F-2.c.#d.b.c1.b1)[N],(B-3.G-2.a.a1.#d.a.#C-2.d.g1.#g.B-3~A-3)[N]>,5<(C-2.F-2.c.#d.b.c1.b1)[N],(B-3.G-2.a.a1.#d.a.#C-2.d.g1.#g.B-3~A-3)[N]>,5<(C-2.F-2.c.#d.b.c1.b1)[N],(B-3.G-2.a.a1.#d.a.#C-2.d.g1.#g.B-3~A-3)[N]>,#C-2[L],5<(C-2.F-2.c.#d.b.c1.b1)[N],(B-3.G-2.a.a1.#d.a.#C-2.d.g1.#g.B-3~A-3)[N]>,5<(C-2.F-2.c.#d.b.c1.b1)[N],(B-3.G-2.a.a1.#d.a.#C-2.d.g1.#g.B-3~A-3)[N]>,#C-2[L],5<(C-2.F-2.c.#d.b.c1.b1)[N],(B-3.G-2.a.a1.#d.a.#C-2.d.g1.#g.B-3~A-3)[N]>,5<(C-2.F-2.c.#d.b.c1.b1)[N],(B-3.G-2.a.a1.#d.a.#C-2.d.g1.#g.B-3~A-3)[N]>,#C-2[L],5<(C-2.F-2.c.#d.b.c1.b1)[N],(B-3.G-2.a.a1.#d.a.#C-2.d.g1.#g.B-3~A-3)[N]>,5<(C-2.F-2.c.#d.b.c1.b1)[N],(B-3.G-2.a.a1.#d.a.#C-2.d.g1.#g.B-3~A-3)[N]>,#C-2[L],5<(C-2.F-2.c.#d.b.c1.b1)[N],(B-3.G-2.a.a1.#d.a.#C-2.d.g1.#g.B-3~A-3)[N]>,5<(C-2.F-2.c.#d.b.c1.b1)[N],(B-3.G-2.a.a1.#d.a.#C-2.d.g1.#g.B-3~A-3)[N]>,#C-2[L],5<(C-2.F-2.c.#d.b.c1.b1)[N],(B-3.G-2.a.a1.#d.a.#C-2.d.g1.#g.B-3~A-3)[N]>,5<(C-2.F-2.c.#d.b.c1.b1)[N],(B-3.G-2.a.a1.#d.a.#C-2.d.g1.#g.B-3~A-3)[N]>,#C-2[L],5<(C-2.F-2.c.#d.b.c1.b1)[N],(B-3.G-2.a.a1.#d.a.#C-2.d.g1.#g.B-3~A-3)[N]>,5<(C-2.F-2.c.#d.b.c1.b1)[N],(B-3.G-2.a.a1.#d.a.#C-2.d.g1.#g.B-3~A-3)[N]>,5<(C-2.F-2.c.#d.b.c1.b1)[N],(B-3.G-2.a.a1.#d.a.#C-2.d.g1.#g.B-3~A-3)[N]>,5<(C-2.F-2.c.#d.b.c1.b1)[N],(B-3.G-2.a.a1.#d.a.#C-2.d.g1.#g.B-3~A-3)[N]>,5<(C-2.F-2.c.#d.b.c1.b1)[N],(B-3.G-2.a.a1.#d.a.#C-2.d.g1.#g.B-3~A-3)[N]>,5<(C-2.F-2.c.#d.b.c1.b1)[N],(B-3.G-2.a.a1.#d.a.#C-2.d.g1.#g.B-3~A-3)[N]>,5<(C-2.F-2.c.#d.b.c1.b1)[N],(B-3.G-2.a.a1.#d.a.#C-2.d.g1.#g.B-3~A-3)[N]>,5<(C-2.F-2.c.#d.b.c1.b1)[N],(B-3.G-2.a.a1.#d.a.#C-2.d.g1.#g.B-3~A-3)[N]>,5<(C-2.F-2.c.#d.b.c1.b1)[N],(B-3.G-2.a.a1.#d.a.#C-2.d.g1.#g.B-3~A-3)[N]>,5<(C-2.F-2.c.#d.b.c1.b1)[N],(B-3.G-2.a.a1.#d.a.#C-2.d.g1.#g.B-3~A-3)[N]>,5<(C-2.F-2.c.#d.b.c1.b1)[N],(B-3.G-2.a.a1.#d.a.#C-2.d.g1.#g.B-3~A-3)[N]>,5<(C-2.F-2.c.#d.b.c1.b1)[N],(B-3.G-2.a.a1.#d.a.#C-2.d.g1.#g.B-3~A-3)[N]>,5<(C-2.F-2.c.#d.b.c1.b1)[N],(B-3.G-2.a.a1.#d.a.#C-2.d.g1.#g.B-3~A-3)[N]>,#C-2[L],5<(C-2.F-2.c.#d.b.c1.b1)[N],(B-3.G-2.a.a1.#d.a.#C-2.d.g1.#g.B-3~A-3)[N]>,5<(C-2.F-2.c.#d.b.c1.b1)[N],(B-3.G-2.a.a1.#d.a.#C-2.d.g1.#g.B-3~A-3)[N]>,#C-2[L],5<(C-2.F-2.c.#d.b.c1.b1)[N],(B-3.G-2.a.a1.#d.a.#C-2.d.g1.#g.B-3~A-3)[N]>,5<(C-2.F-2.c.#d.b.c1.b1)[N],(B-3.G-2.a.a1.#d.a.#C-2.d.g1.#g.B-3~A-3)[N]>,#C-2[L],5<(C-2.F-2.c.#d.b.c1.b1)[N],(B-3.G-2.a.a1.#d.a.#C-2.d.g1.#g.B-3~A-3)[N]>,5<(C-2.F-2.c.#d.b.c1.b1)[N],(B-3.G-2.a.a1.#d.a.#C-2.d.g1.#g.B-3~A-3)[N]>,#C-2[L],5<(C-2.F-2.c.#d.b.c1.b1)[N],(B-3.G-2.a.a1.#d.a.#C-2.d.g1.#g.B-3~A-3)[N]>,5<(C-2.F-2.c.#d.b.c1.b1)[N],(B-3.G-2.a.a1.#d.a.#C-2.d.g1.#g.B-3~A-3)[N]>,#C-2[L],5<(C-2.F-2.c.#d.b.c1.b1)[N],(B-3.G-2.a.a1.#d.a.#C-2.d.g1.#g.B-3~A-3)[N]>,5<(C-2.F-2.c.#d.b.c1.b1)[N],(B-3.G-2.a.a1.#d.a.#C-2.d.g1.#g.B-3~A-3)[N]>,#C-2[L],5<(C-2.F-2.c.#d.b.c1.b1)[N],(B-3.G-2.a.a1.#d.a.#C-2.d.g1.#g.B-3~A-3)[N]>,5<(C-2.F-2.c.#d.b.c1.b1)[N],(B-3.G-2.a.a1.#d.a.#C-2.d.g1.#g.B-3~A-3)[N]>,#C-2[L],5<(C-2.F-2.c.#d.b.c1.b1)[N],(B-3.G-2.a.a1.#d.a.#C-2.d.g1.#g.B-3~A-3)[N]>,5<(C-2.F-2.c.#d.b.c1.b1)[N],(B-3.G-2.a.a1.#d.a.#C-2.d.g1.#g.B-3~A-3)[N]>,#C-2[L],5<(C-2.F-2.c.#d.b.c1.b1)[N],(B-3.G-2.a.a1.#d.a.#C-2.d.g1.#g.B-3~A-3)[N]>,5<(C-2.F-2.c.#d.b.c1.b1)[N],(B-3.G-2.a.a1.#d.a.#C-2.d.g1.#g.B-3~A-3)[N]>,#C-2[L],5<(C-2.F-2.c.#d.b.c1.b1)[N],(B-3.G-2.a.a1.#d.a.#C-2.d.g1.#g.B-3~A-3)[N]>,5<(C-2.F-2.c.#d.b.c1.b1)[N],(B-3.G-2.a.a1.#d.a.#C-2.d.g1.#g.B-3~A-3)[N]>,#C-2[L],5<(C-2.F-2.c.#d.b.c1.b1)[N],(B-3.G-2.a.a1.#d.a.#C-2.d.g1.#g.B-3~A-3)[N]>,5<(C-2.F-2.c.#d.b.c1.b1)[N],(B-3.G-2.a.a1.#d.a.#C-2.d.g1.#g.B-3~A-3)[N]>,#C-2[L],(#d.a)[L],(#d.b)[L],5<b1[N],b1[N]>,#d[L],(#d.b)[L],5<b1[N],b1[N]>,#d[L],(#d.b)[L],5<b1[N],b1[N]>,(#d.a)[L],5<b1[N],b1[N]>,#d[L],(#d.b)[L],5<b1[N],b1[N]>,#d[L],(#d.b)[L],5<b1[N],b1[N]>,#d[L],(#d.b)[L],5<b1[N],b1[N]>,#d[L],(#d.b)[L],5<b1[N],b1[N]>,#d[L],(#d.b)[L],5<b1[N],b1[N]>,(#d.b)[L],5<b1[N],b1[N]>,(#d.b)[L],5<b1[N],b1[N]>,(#d.b)[L],5<b1[N],b1[N]>,a[L],5<b1[N],b1[N]>,(#d.b)[L],b[L],5<b1[N],b1[N]>,(#d.b)[L],5<b1[N],b1[N]>,(#d.b)[L],5<b1[N],b1[N]>,(#d.b)[L],5<b1[N],b1[N]>,(#d.b)[L],5<b1[N],b1[N]>,(#d.b)[L],c2[L],a[L],5<b1[N],b1[N]>,(#d.g)[L],5<b1[N],b1[N]>,5<(E-2.F-2.b1)[N],b1[N]>,(#A-2.#C-2.c2)[L],5<(E-2.F-2.b1)[N],b1[N]>,(#A-2.#C-2.c2)[L],5<(E-2.F-2.b1)[N],b1[N]>,(#A-2.#C-2.c2)[L],5<(E-2.F-2.b1)[N],b1[N]>,(#A-2.#C-2.c2)[L],5<(E-2.F-2.b1)[N],b1[N]>,(#A-2.#C-2.c2)[L],5<(E-2.F-2.b1)[N],b1[N]>,(#A-2.#C-2.c2)[L],5<(E-2.F-2.b1)[N],b1[N]>,(#A-2.#C-2.c2)[L],5<(E-2.F-2.b1)[N],b1[N]>,(#A-2.#C-2.c2)[L],5<(E-2.F-2.b1)[N],b1[N]>,(#A-2.#C-2.c2)[L],5<(E-2.F-2.b1)[N],b1[N]>,(#A-2.#C-2.c2)[L],5<(E-2.F-2.b1)[N],b1[N]>,(#A-2.#C-2.c2)[L],5<(E-2.F-2.b1)[N],b1[N]>,(#A-2.#C-2.c2)[L],5<(E-2.F-2.b1)[N],b1[N]>,(#A-2.#C-2.c2)[L],5<(E-2.F-2.b1)[N],b1[N]>,(#A-2.#C-2.c2)[L],5<(E-2.F-2.b1)[N],b1[N]>,(#A-2.#C-2.c2)[L],5<(E-2.F-2.b1)[N],b1[N]>,(#A-2.#C-2.c2)[L],5<(E-2.F-2.b1)[N],b1[N]>,(#A-2.#C-2.c2)[L],5<(E-2.F-2.b1)[N],b1[N]>,(#A-2.#C-2.c2)[L],5<(E-2.F-2.b1)[N],b1[N]>,(#A-2.#C-2.c2)[L],5<(E-2.F-2.b1)[N],b1[N]>,(#A-2.#C-2.c2)[L],5<(E-2.F-2.b1)[N],b1[N]>,(#A-2.#C-2.c2)[L],5<(E-2.F-2.b1)[N],b1[N]>,(#A-2.#C-2.c2)[L],5<(E-2.F-2.b1)[N],b1[N]>,(#A-2.#C-2.c2)[L],5<(E-2.F-2.b1)[N],b1[N]>,(#A-2.#C-2.c2)[L],5<(E-2.F-2.b1)[N],b1[N]>,(#A-2.#C-2.c2)[L],5<(E-2.F-2.b1)[N],b1[N]>,(#A-2.#C-2.c2)[L],5<(E-2.F-2.b1)[N],b1[N]>,(#A-2.#C-2.c2)[L],5<(E-2.F-2.b1)[N],b1[N]>,(#A-2.#C-2.c2)[L],5<(E-2.F-2.b1)[N],b1[N]>,(#A-2.#C-2.c2)[L],5<(E-2.F-2.b1)[N],b1[N]>,(#A-2.#C-2.c2)[L],5<(E-2.F-2.b1)[N],b1[N]>,(#A-2.#C-2.c2)[L],5<(E-2.F-2.b1)[N],b1[N]>,(#A-2.#C-2.c2)[L],5<(E-2.F-2.b1)[N],b1[N]>,(#A-2.#C-2.c2)[L],5<(E-2.F-2.b1)[N],b1[N]>,(#A-2.#C-2.c2)[L],5<(E-2.F-2.b1)[N],b1[N]>,(#A-2.#C-2.c2)[L],5<(E-2.F-2.b1)[N],b1[N]>,(#A-2.#C-2.c2)[L],5<(E-2.F-2.b1)[N],b1[N]>,(#A-2.#C-2.c2)[L],5<(E-2.F-2.b1)[N],b1[N]>,(#A-2.#C-2.c2)[L],5<(E-2.F-2.b1)[N],b1[N]>,(#A-2.#C-2.c2)[L],5<(E-2.F-2.b1)[N],b1[N]>,(#A-2.#C-2.c2)[L],5<(E-2.F-2.b1)[N],b1[N]>,(#A-2.#C-2.c2)[L],5<(E-2.F-2.b1)[N],b1[N]>,(#A-2.#C-2.c2)[L],8<#a4[N],#g[N],#f4[N],#d4[N],#c4[N],#a3[N],#g3[N],#f3[N],#d3[N],#c3[N],#a2[N],#g2[N],#f2[N],#d2[N],#c2[N],#a1[N],#g1[N],#f1[N],#d1[N],#c1[N],#a[N],#g[N],#f[N],#d[N],#c[N],#A-1[N],#G-1[N],#F-1[N],#D-1[N],#C-1[N],#A-2[N],#G-2[N],#F-2[N],#D-2[N],#C-2[N],#A-3[N]>,8<#A-3[N],#C-2[N],#D-2[N],#F-2[N],#G-2[N],#A-2[N],#C-1[N],#D-1[N],#F-1[N],#G-1[N],#A-1[N],#c[N],#d[N],#f[N],#g[N],#a[N],#c1[N],#d1[N],#f1[N],#g1[N],#a1[N],#c2[N],#d2[N],#f2[N],#g2[N],#a2[N],#c3[N],#d3[N],#f3[N],#g3[N],#a3[N],#c4[N],#d4[N],#f4[N],#g4[N],#a4[N]>,8<(c5~b4~a4~g4~f4~e4~d4~c4~b3~a3~g3~f3~e3~d3~c3~b2~a2~g2~f2~e2~d2~c2~b1~a1~g1~f1~e1~d1~c1~b~a~g~f~e~d~c)[LM]>,8<(c5~b4~a4~g4~f4~e4~d4~c4~b3~a3~g3~f3~e3~d3~c3~b2~a2~g2~f2~e2~d2~c2~b1~a1~g1~f1~e1~d1~c1~b~a~g~f~e~d~c)[LM]>,8<(c5~b4~a4~g4~f4~e4~d4~c4~b3~a3~g3~f3~e3~d3~c3~b2~a2~g2~f2~e2~d2~c2~b1~a1~g1~f1~e1~d1~c1~b~a~g~f~e~d~c)[LM]>,8<(c5~b4~a4~g4~f4~e4~d4~c4~b3~a3~g3~f3~e3~d3~c3~b2~a2~g2~f2~e2~d2~c2~b1~a1~g1~f1~e1~d1~c1~b~a~g~f~e~d~c)[LM]>,8<(c5~b4~a4~g4~f4~e4~d4~c4~b3~a3~g3~f3~e3~d3~c3~b2~a2~g2~f2~e2~d2~c2~b1~a1~g1~f1~e1~d1~c1~b~a~g~f~e~d~c)[LM]>,8<(c5~b4~a4~g4~f4~e4~d4~c4~b3~a3~g3~f3~e3~d3~c3~b2~a2~g2~f2~e2~d2~c2~b1~a1~g1~f1~e1~d1~c1~b~a~g~f~e~d~c)[LM]>,8<(c5~b4~a4~g4~f4~e4~d4~c4~b3~a3~g3~f3~e3~d3~c3~b2~a2~g2~f2~e2~d2~c2~b1~a1~g1~f1~e1~d1~c1~b~a~g~f~e~d~c)[LM]>,8<(c5~b4~a4~g4~f4~e4~d4~c4~b3~a3~g3~f3~e3~d3~c3~b2~a2~g2~f2~e2~d2~c2~b1~a1~g1~f1~e1~d1~c1~b~a~g~f~e~d~c)[LM]>,8<(c5~b4~a4~g4~f4~e4~d4~c4~b3~a3~g3~f3~e3~d3~c3~b2~a2~g2~f2~e2~d2~c2~b1~a1~g1~f1~e1~d1~c1~b~a~g~f~e~d~c)[LM]>,8<(c5~b4~a4~g4~f4~e4~d4~c4~b3~a3~g3~f3~e3~d3~c3~b2~a2~g2~f2~e2~d2~c2~b1~a1~g1~f1~e1~d1~c1~b~a~g~f~e~d~c)[LM]>,8<(c5~b4~a4~g4~f4~e4~d4~c4~b3~a3~g3~f3~e3~d3~c3~b2~a2~g2~f2~e2~d2~c2~b1~a1~g1~f1~e1~d1~c1~b~a~g~f~e~d~c)[LM]>,8<(c5~b4~a4~g4~f4~e4~d4~c4~b3~a3~g3~f3~e3~d3~c3~b2~a2~g2~f2~e2~d2~c2~b1~a1~g1~f1~e1~d1~c1~b~a~g~f~e~d~c)[LM]>,8<(c5~b4~a4~g4~f4~e4~d4~c4~b3~a3~g3~f3~e3~d3~c3~b2~a2~g2~f2~e2~d2~c2~b1~a1~g1~f1~e1~d1~c1~b~a~g~f~e~d~c)[LM]>,8<(c5~b4~a4~g4~f4~e4~d4~c4~b3~a3~g3~f3~e3~d3~c3~b2~a2~g2~f2~e2~d2~c2~b1~a1~g1~f1~e1~d1~c1~b~a~g~f~e~d~c)[LM]>,8<(c5~b4~a4~g4~f4~e4~d4~c4~b3~a3~g3~f3~e3~d3~c3~b2~a2~g2~f2~e2~d2~c2~b1~a1~g1~f1~e1~d1~c1~b~a~g~f~e~d~c)[LM]>,8<(c5~b4~a4~g4~f4~e4~d4~c4~b3~a3~g3~f3~e3~d3~c3~b2~a2~g2~f2~e2~d2~c2~b1~a1~g1~f1~e1~d1~c1~b~a~g~f~e~d~c)[LM]>,8<(c5~b4~a4~g4~f4~e4~d4~c4~b3~a3~g3~f3~e3~d3~c3~b2~a2~g2~f2~e2~d2~c2~b1~a1~g1~f1~e1~d1~c1~b~a~g~f~e~d~c)[LM]>,8<(c5~b4~a4~g4~f4~e4~d4~c4~b3~a3~g3~f3~e3~d3~c3~b2~a2~g2~f2~e2~d2~c2~b1~a1~g1~f1~e1~d1~c1~b~a~g~f~e~d~c)[LM]>,8<(c5~b4~a4~g4~f4~e4~d4~c4~b3~a3~g3~f3~e3~d3~c3~b2~a2~g2~f2~e2~d2~c2~b1~a1~g1~f1~e1~d1~c1~b~a~g~f~e~d~c)[LM]>,8<(c5~b4~a4~g4~f4~e4~d4~c4~b3~a3~g3~f3~e3~d3~c3~b2~a2~g2~f2~e2~d2~c2~b1~a1~g1~f1~e1~d1~c1~b~a~g~f~e~d~c)[LM]>;","d1[M],C-1[M],b1[M],e[M],b1[M],b[M],E-2[M],b3[M],f[L],(#A-1)[L],f[L],(#A-1)[L],f[L],(#A-1)[L],f[L],(#A-1)[L],f[L],(#A-1)[L],f[L],(#A-1)[L],f[L],(#A-1)[L],f[L],(#A-1)[L],f[L],(#A-1)[L],f[L],(#A-1)[L],f[L],(#A-1)[L],f[L],(#A-1)[L]"]},{"id":2,"baseBeats":0.5,"scores":["d2[L],d3[L],#a1[L],#a2[L],f1[L],U,7<(#a2~c3~d3~#d3~f3~g3~a3)[K]>;#a3[L],U,a3[L],g3[LN],8<f3[N],g3[N],f3[N],g3[N],f3[N],g3[N],f3[N],g3[N],f3[N],g3[N],f3[N]>,5<e3[M],f3[M]>;g3[L],U,f3[L],U,U,8<d3[N],#a2[N],f2[N],d2[N]>,#a1[L],#a2[L];c2[L],c3[L],a1[L],a2[L],f1[L],f2[L],c2[L],c3[L];d2[L],d3[L],#a1[L],#a2[L],f1[L],f2[L],#a2[L],5<f3[M],#a2[M]>;c3[L],5<f3[M],c3[M]>,a2[L],5<f3[M],a2[M]>,f2[L],5<f3[M],f2[M]>,c3[L],5<f3[M],c3[M]>;d3[L],5<f3[M],d3[M]>,#a2[L],5<f3[M],#a2[M]>,f2[L],5<f3[M],f2[M]>,c3[L],5<f3[M],c3[M]>;d3[L],5<f3[M],d3[M]>,#a2[L],5<f3[M],#a2[M]>,f2[L],5<f3[M],f2[M]>,c3[L],5<f3[M],c3[M]>;d3[L],5<f3[M],d3[M]>,#a2[L],5<f3[M],#a2[M]>,f2[L],5<f3[M],f2[M]>,c3[L],5<f3[M],c3[M]>;d3[L],5<f3[M],f2[M]>,#a2[L],5<f3[M],f2[M]>,d3[L],5<f3[M],f2[M]>,#a2[L],5<f3[M],f2[M]>;d3[L],5<f3[M],f2[M]>,#a2[L],5<f3[M],f2[M]>,U,(f1~#a1~d2~f2)[L],#a[L];","f[L],(#A-1)[L],f[L],(#A-1)[L],f[L],(#A-1)[L],f[L],(#A-1)[L];f[L],(#A-1)[L],f[L],(#A-1)[L],f[L],(#A-1)[L],f[L],(#A-1)[L];f[L],(#A-1)[L],f[L],(#A-1)[L],f[L],(#A-1)[L],f[L],(#A-1)[L];#d[L],(#A-1)[L],#d[L],(#A-1)[L],#d[L],(#A-1)[L],#d[L],(#A-1)[L];f[L],(#A-1)[L],f[L],(#A-1)[L],f[L],(#A-1)[L],f[L],(#A-1)[L];#d[L],(#A-1)[L],#d[L],(#A-1)[L],#d[L],(#A-1)[L],#d[L],(#A-1)[L];f[L],(#A-1)[L],f[L],(#A-1)[L],f[L],(#A-1)[L],f[L],(#A-1)[L];f[L],(#A-1)[L],f[L],(#A-1)[L],f[L],(#A-1)[L],f[L],(#A-1)[L];f[L],(#A-1)[L],f[L],(#A-1)[L],f[L],(#A-1)[L],f[L],(#A-1)[L];f[L],(#A-1)[L],f[L],(#A-1)[L],f[L],(#A-1)[L],f[L],(#A-1)[L];f[L],(#A-1)[L],f[L],(#A-1)[L],U,(f~#a~d1)[L],(#A-1)[L];"]},{"id":3,"baseBeats":0.5,"scores":["5<d2[M],d2[M]>,5<d2[M],d2[M]>,5<d2[M],d2[M]>,5<d2[M],d2[M]>,5<d2[M],d2[M]>,5<d2[M],d2[M]>,5<d2[M],d2[M]>,5<d2[M],d2[M]>,5<c2[M],c2[M]>,5<c2[M],c2[M]>,5<c2[M],c2[M]>,5<c2[M],c2[M]>,5<c2[M],c2[M]>,5<c2[M],c2[M]>,5<c2[M],c2[M]>,5<c2[M],c2[M]>,5<#a1[M],#a1[M]>,5<#a1[M],#a1[M]>,5<#a1[M],#a1[M]>,5<#a1[M],#a1[M]>,5<#a1[M],#a1[M]>,5<#a1[M],#a1[M]>,5<#a1[M],#a1[M]>,5<#a1[M],#a1[M]>,5<a1[M],a1[M]>,5<a1[M],a1[M]>,5<a1[M],a1[M]>,5<a1[M],a1[M]>,5<a1[M],a1[M]>,5<a1[M],a1[M]>,5<a1[M],a1[M]>,5<a1[M],a1[M]>,5<g1[M],g1[M]>,5<g1[M],g1[M]>,5<g1[M],g1[M]>,5<g1[M],g1[M]>,5<g1[M],g1[M]>,5<g1[M],g1[M]>,5<g1[M],g1[M]>,5<g1[M],g1[M]>,5<f1[M],f1[M]>,5<f1[M],f1[M]>,5<f1[M],f1[M]>,5<f1[M],f1[M]>,5<f1[M],f1[M]>,5<f1[M],f1[M]>,5<f1[M],f1[M]>,5<f1[M],f1[M]>,5<g1[M],g1[M]>,5<g1[M],g1[M]>,5<g1[M],g1[M]>,5<g1[M],g1[M]>,5<g1[M],g1[M]>,5<g1[M],g1[M]>,5<g1[M],g1[M]>,5<g1[M],g1[M]>,5<a1[M],a1[M]>,5<a1[M],a1[M]>,5<a1[M],a1[M]>,5<a1[M],a1[M]>,5<a1[M],a1[M]>,5<a1[M],a1[M]>,5<a1[M],a1[M]>,5<a1[M],a1[M]>,5<d2[M],d2[M]>,5<d2[M],d2[M]>,5<d2[M],d2[M]>,5<d2[M],d2[M]>,5<d2[M],d2[M]>,5<d2[M],d2[M]>,5<d2[M],d2[M]>,5<d2[M],d2[M]>,5<c2[M],c2[M]>,5<c2[M],c2[M]>,5<c2[M],c2[M]>,5<c2[M],c2[M]>,5<c2[M],c2[M]>,5<c2[M],c2[M]>,5<c2[M],c2[M]>,5<c2[M],c2[M]>,5<#a1[M],#a1[M]>,5<#a1[M],#a1[M]>,5<#a1[M],#a1[M]>,5<#a1[M],#a1[M]>,5<#a1[M],#a1[M]>,5<#a1[M],#a1[M]>,5<#a1[M],#a1[M]>,5<#a1[M],#a1[M]>,5<a1[M],a1[M]>,5<a1[M],a1[M]>,5<a1[M],a1[M]>,5<a1[M],a1[M]>,5<a1[M],a1[M]>,5<a1[M],a1[M]>,5<a1[M],a1[M]>,5<a1[M],a1[M]>,5<g1[M],g1[M]>,5<g1[M],g1[M]>,5<g1[M],g1[M]>,5<g1[M],g1[M]>,5<g1[M],g1[M]>,5<g1[M],g1[M]>,5<g1[M],g1[M]>,5<g1[M],g1[M]>,5<f1[M],f1[M]>,5<f1[M],f1[M]>,5<f1[M],f1[M]>,5<f1[M],f1[M]>,5<f1[M],f1[M]>,5<f1[M],f1[M]>,5<f1[M],f1[M]>,5<f1[M],f1[M]>,5<g1[M],g1[M]>,5<g1[M],g1[M]>,5<g1[M],g1[M]>,5<g1[M],g1[M]>,5<g1[M],g1[M]>,5<g1[M],g1[M]>,5<g1[M],g1[M]>,5<g1[M],g1[M]>,5<a1[M],a1[M]>,5<a1[M],a1[M]>,5<a1[M],a1[M]>,5<a1[M],a1[M]>,5<a1[M],a1[M]>,5<a1[M],a1[M]>,5<a1[M],a1[M]>,5<a1[M],a1[M]>,(d1.#A-1)[IJKL];","(#A-2.#A-1)[K],f[K],#a[K],d1[K],F-1[K],c[K],f[K],a[K],G-1[K],d[K],g[K],#a[K],D-1[K],d[K],f[K],a[K],#D-1[K],#d[K],g[K],#a[K],(#A-2.#A-1)[K],d[K],f[K],#a[K],#D-1[K],c[K],g[K],#a[K],F-1[K],c[K],f[K],a[K],(#A-2.#A-1)[K],f[K],#a[K],d1[K],F-1[K],c[K],f[K],a[K],G-1[K],d[K],g[K],#a[K],D-1[K],d[K],f[K],a[K],#D-1[K],#d[K],g[K],#a[K],(#A-2.#A-1)[K],d[K],f[K],#a[K],#D-1[K],c[K],g[K],#a[K],F-1[K],c[K],f[K],a[K];(#A-1.f)[IJKL];"]}],"audition":{"start":[1,0],"end":[2,256]}}