{"baseBpm":1500,"musics":[{"bpm":1500,"baseBeats":0.25,"scores":["mute[HHHHHHHHHHHH],mute[K],mute[K],mute[K],mute[K],mute[K],mute[K],mute[K],mute[K],mute[K],mute[K],mute[K],mute[K],mute[K],mute[K],mute[K],mute[K],mute[K],mute[K],mute[K],mute[K],mute[K],mute[K],mute[K],mute[K],mute[K],mute[K],mute[K],mute[K],mute[K],mute[K],mute[K],mute[K],mute[K],mute[K],mute[K],mute[K],mute[K],mute[K],mute[K],mute[K],mute[K],mute[K],mute[K],mute[K],mute[K],mute[K],mute[K],mute[K],mute[K],mute[K],mute[K],mute[K],mute[K],mute[K],mute[K],mute[K],mute[K],mute[K],mute[K],mute[K],mute[K],mute[K],mute[K],mute[K],mute[K],mute[K],mute[K],mute[K],mute[K],mute[K],mute[K],mute[K],mute[K],mute[K],mute[K],mute[K],mute[K],mute[K],mute[K],mute[K],mute[K],mute[K],mute[K],mute[K],mute[K],mute[K],mute[K],mute[K],mute[K],mute[K],mute[K],mute[K],mute[K],mute[K],mute[K],mute[K],mute[K],mute[K],mute[K],mute[K],mute[K],mute[K],mute[K],mute[K],mute[K],mute[K],mute[K],mute[K],mute[K],mute[K],mute[K],mute[K],mute[K],mute[K],mute[K],mute[K],mute[K],mute[K],mute[K],mute[K],mute[K],mute[K],mute[K],mute[K],mute[K],mute[K],mute[K],mute[K],mute[K],mute[K],mute[K],mute[K],mute[K],mute[K],mute[K],mute[K],mute[K],mute[HJM],mute[JKL],mute[JKL],mute[JKM],mute[JLMN],mute[KM],mute[M],mute[KL],mute[KL],mute[KL],mute[JKM],mute[KMN],mute[KL],mute[KM],mute[M],mute[KL],mute[KN],mute[KLMN],mute[JLM],mute[KMN],mute[KLN],mute[K],mute[M],mute[KL],mute[JLM],mute[KL],mute[JM],mute[KMN],mute[L],mute[K],mute[L],mute[L],mute[L],mute[L],mute[L],mute[L],mute[L],mute[KL],mute[L],mute[L],mute[K],mute[K],mute[K],mute[K],mute[K],mute[K],mute[K],mute[K],mute[K],mute[K],mute[K],mute[K],mute[K],mute[K],mute[K],mute[K],mute[K],mute[K],mute[K],mute[K],mute[K],mute[K],mute[K],mute[LM],mute[LM],mute[LM],mute[LM],mute[LM],mute[LM],mute[LM],mute[LM],mute[LM],mute[LM],mute[LM],mute[LM],mute[LM],mute[LM],mute[LM],mute[LM],mute[LM],mute[LM],mute[LM],mute[LM],mute[LM],mute[LM],mute[LM],mute[LM],mute[LM],mute[LM],mute[LM],mute[LM],mute[LM],mute[LM],mute[LM],mute[LM],mute[HHHH],mute[HHHHHHHHHHHHHHHHHHHHHHHHHHH],mute[M],mute[M],mute[M],mute[M],mute[M],mute[M],mute[M],mute[M],mute[M],mute[M],mute[M],mute[M],mute[M],mute[M],mute[M],mute[M],mute[M],mute[M],mute[M],mute[M],mute[M],mute[M],mute[M],mute[M],mute[M],mute[M],mute[M],mute[M],mute[M],mute[M],mute[M],mute[M],mute[M],mute[M],mute[M],mute[M],mute[M],mute[M],mute[M],mute[M],mute[M],mute[M],mute[M],mute[M],mute[M],mute[M],mute[M],mute[M],mute[M],mute[M],mute[M],mute[M],mute[M],mute[M],mute[M],mute[M],mute[M],mute[M],mute[M],mute[M],mute[M],mute[M],mute[M],mute[M],mute[M],mute[M],mute[M],mute[M],mute[M],mute[M],mute[M],mute[M],mute[M],mute[M],mute[M],mute[M],mute[M],mute[M],mute[M],mute[M],mute[M];","c4[HHHHHHHHHHHH],(c.e.g)[K],(c.e.g)[K],(c.e.g)[K],#c1[K],#c1[K],#c1[K],#c1[K],#c1[K],#c1[K],#c1[K],#c1[K],#c1[K],#c1[K],#c1[K],#c1[K],#c1[K],#c1[K],#c1[K],#c1[K],#c1[K],#c1[K],#c1[K],#c1[K],#c1[K],#c1[K],#c1[K],#c1[K],#c1[K],#c1[K],#c1[K],#c1[K],#c1[K],(#C-1.#G-1.f.#g)[K],(#C-1.#G-1.f.#g)[K],(#C-1.#G-1.f.#g)[K],(#C-1.#G-1.f.#g)[K],(#C-1.#G-1.f.#g)[K],(#C-1.#G-1.f.#g)[K],(#C-1.#G-1.f.#g)[K],(#C-1.#G-1.f.#g)[K],(#C-1.#G-1.f.#g)[K],(#C-1.#G-1.f.#g)[K],(#C-1.#G-1.f.#g)[K],(#C-1.#G-1.f.#g)[K],(#C-1.#G-1.f.#g)[K],#c1[K],#c1[K],#c1[K],#c1[K],#c1[K],#c1[K],#c1[K],#c1[K],#c1[K],b[K],b[K],b[K],b[K],b[K],b[K],b[K],b[K],b[K],b[K],b[K],b[K],b[K],b[K],#c1[K],#c1[K],#c1[K],#c1[K],#c1[K],#c1[K],#c1[K],#c1[K],#c1[K],#c1[K],b[K],b[K],b[K],b[K],b[K],b[K],b[K],b[K],b[K],(#G-2.#G-1.d.#f)[K],(#G-2.#G-1.d.#f)[K],(#G-2.#G-1.d.#f)[K],(#G-2.#G-1.d.#f)[K],(#G-2.#G-1.d.#f)[K],(#G-2.#G-1.d.#f)[K],(#G-2.#G-1.d.#f)[K],(#G-2.#G-1.d.#f)[K],(#G-2.#G-1.d.#f)[K],(#G-2.#G-1.d.#f)[K],(#G-2.#G-1.d.#f)[K],(#G-2.#G-1.d.#f)[K],(#G-2.#G-1.d.#f)[K],#c1[K],#c1[K],#c1[K],#c1[K],#c1[K],#c1[K],e1[K],e1[K],e1[K],e1[K],e1[K],e1[K],e1[K],d1[K],d1[K],d1[K],d1[K],#c1[K],#c1[K],#c1[K],#c1[K],#c1[K],#c1[K],,#c1[K],#c1[K],#c1[K],(#C-1.#G-1.f.#g)[K],(#C-1.#G-1.f.#g)[K],(#C-1.#G-1.f.#g)[K],(#C-1.#G-1.f.#g)[K],(#C-1.#G-1.f.#g)[K],(#C-1.#G-1.f.#g)[K],(#C-1.#G-1.f.#g)[K],(#C-1.#G-1.f.#g)[K],(#C-1.#G-1.f.#g)[K],(#C-1.#G-1.f.#g)[K],(#C-1.#G-1.f.#g)[K],#G-1[HJM],#C-1[JKL],#C-1[JKL],#C-1[JKM],#C-1[JLMN],#C-1[KM],#G-1[M],#c[KL],#C-1[KL],#c[KL],B-2[JKM],B-2[KMN],(#d.a.b)[KL],E-1[KM],B-1[M],(e.#g.b)[KL],E-1[KN],#G-2[KLMN],#C-1[JLM],#F-2[KMN],(#f.a)[KLN],#C-2[K],#G-1[M],(#c.e)[KL],(#c1.#c2)[JLM],(#g1.b1.#g2)[KL],(b.#d1)[JM],(#D-1.#d)[KMN],(#d.#a)[L],(#c1.#d1)[K],(#F-1.#f)[L],(#f.b.d1)[L],(#F-1.#f)[L],(#f.#c.e1)[L],(B-2.B-1)[L],(#f.#c1.e1)[L],(B-3.B-2)[L],(d.f.#g.b)[KL],(B-2.B-1)[L],(d.f.#g.b)[L],c1[K],c1[K],c1[K],c1[K],c1[K],c1[K],c1[K],c1[K],c1[K],c1[K],c1[K],c1[K],c1[K],c1[K],c1[K],c1[K],c1[K],c1[K],c1[K],c1[K],c1[K],c1[K],c1[K],(c1.c.e.g)[LM],(c1.c.e.g)[LM],(c1.c.e.g)[LM],(c1.c.e.g)[LM],(c1.c.e.g)[LM],(c1.c.e.g)[LM],(c1.c.e.g)[LM],(c1.c.e.g)[LM],(c1.c.e.g)[LM],(c1.c.e.g)[LM],(c1.c.e.g)[LM],(c1.c.e.g)[LM],(c1.c.e.g)[LM],(c1.c.e.g)[LM],(c1.c.e.g)[LM],(c1.c.e.g)[LM],(c1.c.e.g)[LM],(c1.c.e.g)[LM],(c1.c.e.g)[LM],(c1.c.e.g)[LM],(c1.c.e.g)[LM],(c1.c.e.g)[LM],(c1.c.e.g)[LM],(c1.c.e.g)[LM],(c1.c.e.g)[LM],(c1.c.e.g)[LM],(c1.c.e.g)[LM],(c1.c.e.g)[LM],(c1.c.e.g)[LM],(c1.c.e.g)[LM],(c1.c.e.g)[LM],(c1.c.e.g)[LM],(c1.c.e.g)[HHHH],(c.e.g)[HHHHHHHHHHHHHHHHHHHHHHHHHHH],C-1[M],C-1[M],C-1[M],C-1[M],C-1[M],C-1[M],C-1[M],C-1[M],C-1[M],C-1[M],C-1[M],C-1[M],C-1[M],C-1[M],C-1[M],C-1[M],C-1[M],C-1[M],C-1[M],C-1[M],C-1[M],C-1[M],C-1[M],C-1[M],C-1[M],C-1[M],C-1[M],C-1[M],C-1[M],C-1[M],C-1[M],C-1[M],C-1[M],C-1[M],C-1[M],C-1[M],C-1[M],C-1[M],C-1[M],C-1[M],C-1[M],C-1[M],C-1[M],C-1[M],C-1[M],C-1[M],C-1[M],C-1[M],C-1[M],C-1[M],C-1[M],C-1[M],C-1[M],C-1[M],C-1[M],C-1[M],C-1[M],C-1[M],C-1[M],C-1[M],C-1[M],C-1[M],C-1[M],C-1[M],C-1[M],C-1[M],C-1[M],C-1[M],C-1[M],C-1[M],C-1[M],C-1[M],C-1[M],C-1[M],C-1[M],C-1[M],C-1[M],C-1[M],C-1[M],C-1[M],C-1[M];"],"id":1,"instruments":["piano","piano"],"alternatives":["",""]},{"bpm":1500,"baseBeats":0.25,"scores":["mute[M],mute[M],mute[M],mute[M],mute[M],mute[M],mute[M],mute[M],mute[M],mute[M],mute[M],mute[M],mute[M],mute[M],mute[M],mute[M],mute[M],mute[M],mute[M],mute[M],mute[M],mute[M],mute[M],mute[M],mute[M],mute[M],mute[M],mute[M],mute[M],mute[M],mute[M],mute[M],mute[M],mute[M],mute[M],mute[M],mute[M],mute[M],mute[M],mute[M],mute[M],mute[M],mute[M],mute[M],mute[M],mute[M],mute[M],mute[M],mute[M],mute[M],mute[M],mute[M],mute[M],mute[M],mute[M],mute[M],mute[M],mute[M],mute[M],mute[M],mute[M],mute[M],mute[M],mute[M],mute[M],mute[M],mute[M],mute[M],mute[M],mute[M],mute[M],mute[M],mute[M],mute[M],mute[M],mute[M],mute[M],mute[M],mute[M],mute[M],mute[M],mute[M],mute[M],mute[M],mute[M],mute[M],mute[M],mute[M],mute[M],mute[M],mute[M],mute[M],mute[M],mute[M],mute[M],mute[M],mute[M],mute[M],mute[M],mute[M],mute[M],mute[M],mute[M],mute[M],mute[M],mute[M],mute[M],mute[M],mute[M],mute[M],mute[M],mute[M],mute[M],mute[M],mute[M],mute[M],mute[M],mute[M],mute[M],mute[M],mute[M],mute[M],mute[M],mute[M],mute[M],mute[M],mute[M],mute[M],mute[M],mute[M],mute[M],mute[M],mute[M],mute[M],mute[M],mute[M],mute[M],mute[M],mute[M],mute[M],mute[M],mute[M],mute[M],mute[M],mute[M],mute[M],mute[M],mute[M],mute[M],mute[M],mute[M],mute[M],mute[M],mute[M],mute[M],mute[M],mute[M],mute[M],mute[M],mute[M],mute[M],mute[M],mute[M],mute[M],mute[M],mute[M],mute[M],mute[M],mute[M],mute[M],mute[M],mute[M],mute[M],mute[M],mute[M],mute[M],mute[M],mute[M],mute[M],mute[M],mute[M],mute[M],mute[M],mute[M],mute[M],mute[M],mute[M],mute[M],mute[M],mute[M],mute[M],mute[M],mute[M],mute[M],mute[M],mute[M],mute[M],mute[M],mute[M],mute[M],mute[M],mute[M],mute[M],mute[M],mute[M],mute[M],mute[M],mute[M],mute[M],mute[M],mute[M],mute[M],mute[M],mute[M],mute[M],mute[M],mute[M],mute[M],mute[M],mute[M],mute[M],mute[M],mute[M],mute[M],mute[M],mute[M],mute[M],mute[M],mute[M],mute[M],mute[M],mute[M],mute[M],mute[M],mute[M],mute[M],mute[M],mute[M],mute[M],mute[HHHHHHHHHHHHHH],mute[K],mute[K],mute[K],mute[K],mute[K],mute[K],mute[K],mute[K],mute[K],mute[K],mute[K],mute[K],mute[K],mute[K],mute[K],mute[K],mute[K],mute[K],mute[K],mute[K],mute[K],mute[K],mute[K],mute[K],mute[K],mute[K],mute[K],mute[K],mute[K],mute[K],mute[K],mute[K],mute[K],mute[K],mute[K],mute[K],mute[K],mute[K],mute[K],mute[K],mute[K],mute[K],mute[K],mute[K],mute[K],mute[K],mute[K],mute[K],mute[K],mute[K],mute[K],mute[K],mute[K],mute[K],mute[K],mute[K],mute[K],mute[K],mute[K],mute[K],mute[K],mute[K],mute[K],mute[K],mute[K],mute[K],mute[K],mute[K],mute[K],mute[K],mute[K],mute[K],mute[K],mute[K],mute[K],mute[K],mute[K];","C-1[M],C-1[M],C-1[M],C-1[M],C-1[M],C-1[M],C-1[M],C-1[M],C-1[M],C-1[M],C-1[M],C-1[M],C-1[M],C-1[M],C-1[M],C-1[M],C-1[M],C-1[M],C-1[M],C-1[M],C-1[M],C-1[M],C-1[M],C-1[M],C-1[M],C-1[M],C-1[M],C-1[M],C-1[M],C-1[M],C-1[M],C-1[M],C-1[M],C-1[M],C-1[M],C-1[M],C-1[M],C-1[M],C-1[M],C-1[M],C-1[M],C-1[M],C-1[M],C-1[M],C-1[M],C-1[M],C-1[M],C-1[M],C-1[M],C-1[M],C-1[M],C-1[M],C-1[M],C-1[M],C-1[M],C-1[M],C-1[M],C-1[M],C-1[M],C-1[M],C-1[M],C-1[M],C-1[M],C-1[M],C-1[M],C-1[M],C-1[M],C-1[M],C-1[M],C-1[M],C-1[M],C-1[M],C-1[M],C-1[M],C-1[M],C-1[M],C-1[M],C-1[M],C-1[M],C-1[M],C-1[M],C-1[M],C-1[M],C-1[M],C-1[M],C-1[M],C-1[M],C-1[M],C-1[M],C-1[M],C-1[M],C-1[M],C-1[M],C-1[M],C-1[M],C-1[M],C-1[M],C-1[M],C-1[M],C-1[M],C-1[M],C-1[M],C-1[M],C-1[M],C-1[M],C-1[M],C-1[M],C-1[M],C-1[M],C-1[M],C-1[M],C-1[M],C-1[M],C-1[M],C-1[M],C-1[M],C-1[M],C-1[M],C-1[M],C-1[M],C-1[M],C-1[M],C-1[M],C-1[M],C-1[M],C-1[M],C-1[M],C-1[M],C-1[M],C-1[M],C-1[M],C-1[M],C-1[M],C-1[M],C-1[M],C-1[M],C-1[M],C-1[M],C-1[M],C-1[M],C-1[M],C-1[M],C-1[M],C-1[M],C-1[M],C-1[M],C-1[M],C-1[M],C-1[M],C-1[M],C-1[M],C-1[M],C-1[M],C-1[M],C-1[M],C-1[M],C-1[M],C-1[M],C-1[M],C-1[M],C-1[M],C-1[M],C-1[M],C-1[M],C-1[M],C-1[M],C-1[M],C-1[M],C-1[M],C-1[M],C-1[M],C-1[M],C-1[M],C-1[M],C-1[M],C-1[M],C-1[M],C-1[M],C-1[M],C-1[M],C-1[M],C-1[M],C-1[M],C-1[M],C-1[M],C-1[M],C-1[M],C-1[M],C-1[M],C-1[M],C-1[M],C-1[M],C-1[M],C-1[M],C-1[M],C-1[M],C-1[M],C-1[M],C-1[M],C-1[M],C-1[M],C-1[M],C-1[M],C-1[M],C-1[M],C-1[M],C-1[M],C-1[M],C-1[M],C-1[M],C-1[M],C-1[M],C-1[M],C-1[M],C-1[M],C-1[M],C-1[M],C-1[M],C-1[M],C-1[M],C-1[M],C-1[M],C-1[M],C-1[M],C-1[M],C-1[M],C-1[M],C-1[M],C-1[M],C-1[M],C-1[M],C-1[M],C-1[M],C-1[M],C-1[M],C-1[M],C-1[M],C-1[M],C-1[M],c1[HHHHHHHHHHHHHH],c2[K],d2[K],e2[K],f2[K],g2[K],a2[K],b2[K],c3[K],b2[K],a2[K],g2[K],f2[K],e2[K],d2[K],c2[K],d2[K],e2[K],f2[K],g2[K],a2[K],b2[K],c3[K],b2[K],a2[K],g2[K],f2[K],e2[K],d2[K],c2[K],d2[K],e2[K],f2[K],g2[K],a2[K],b2[K],c3[K],b2[K],a2[K],g2[K],f2[K],e2[K],d2[K],c2[K],d2[K],e2[K],f2[K],g2[K],a2[K],b2[K],c3[K],b2[K],a2[K],g2[K],f2[K],e2[K],d2[K],c2[K],d2[K],e2[K],f2[K],g2[K],a2[K],b2[K],c3[K],b2[K],a2[K],g2[K],f2[K],e2[K],d2[K],c2[K],d2[K],e2[K],f2[K],g2[K],a2[K],b2[K];"],"id":2,"instruments":["piano","piano"],"alternatives":["",""]},{"bpm":1500,"baseBeats":0.25,"scores":["mute[K],mute[K],mute[K],mute[K],mute[K],mute[K],mute[K],mute[K],mute[K],mute[K],mute[K],mute[K],mute[K],mute[K],mute[K],mute[K],mute[K],mute[K],mute[K],mute[K],mute[K],mute[K],mute[K],mute[K],mute[K],mute[K],mute[K],mute[K],mute[K],mute[K],mute[K],mute[K],mute[K],mute[K],mute[K],mute[K],mute[K],mute[K],mute[K],mute[K],mute[K],mute[K],mute[K],mute[K],mute[K],mute[K],mute[K],mute[K],mute[K],mute[K],mute[K],mute[K],mute[K],mute[K],mute[K],mute[K],mute[K],mute[K],mute[K],mute[K],mute[K],mute[K],mute[K],mute[K],mute[K],mute[K],mute[K],mute[K],mute[K],mute[K],mute[K],mute[K],mute[K],mute[K],mute[K],mute[K],mute[K],mute[K],mute[K],mute[K],mute[K],mute[K],mute[K],mute[K],mute[K],mute[K],mute[K],mute[K],mute[K],mute[K],mute[K],mute[K],mute[K],mute[K],mute[K],mute[K],mute[K],mute[K],mute[K],mute[K],mute[K],mute[K],mute[K],mute[K],mute[K],mute[K],mute[K],mute[K],mute[K],mute[K],mute[K],mute[K],mute[K],mute[K],mute[K],mute[K],mute[K],mute[K],mute[K],mute[K],mute[K],mute[K],mute[K],mute[K],mute[K],mute[K],mute[K],mute[K],mute[K],mute[K],mute[K],mute[K],mute[K],mute[K],mute[K],mute[K],mute[K],mute[K],mute[K],mute[K],mute[K],mute[K],mute[K],mute[K],mute[K],mute[K],mute[K],mute[K],mute[K],mute[K],mute[K],mute[K],mute[K],mute[K],mute[K],mute[K],mute[K],mute[K],mute[K],mute[K],mute[K],mute[K],mute[K],mute[K],mute[K],mute[K],mute[K],mute[K],mute[K],mute[K],mute[K],mute[K],mute[K],mute[K],mute[K],mute[K],mute[K],mute[K],mute[K],mute[K],mute[K],mute[K],mute[K],mute[K],mute[K],mute[K],mute[K],mute[K],mute[K],mute[K],mute[K],mute[K],mute[K],mute[K],mute[K],mute[K],mute[K],mute[K],mute[K],mute[K],mute[K],mute[K],mute[K],mute[K],mute[K],mute[K],mute[K],mute[K],mute[K],mute[K],mute[K],mute[K],mute[K],mute[K],mute[K],mute[K],mute[K],mute[K],mute[K],mute[K],mute[K],mute[K],mute[K],mute[K],mute[K],mute[K],mute[K],mute[K],mute[K],mute[K],mute[K],mute[K],mute[K],mute[K],mute[K],mute[K],mute[K],mute[K],mute[K],mute[K],mute[K],mute[K],mute[K],mute[K],mute[K],mute[K],mute[K],mute[K],mute[K],mute[K],mute[K],mute[K],mute[K],mute[K],mute[K],mute[K],mute[K],mute[K],mute[K],mute[K],mute[K],mute[K],mute[K],mute[K],mute[K],mute[K],mute[K],mute[K],mute[K],mute[K],mute[K],mute[K],mute[K],mute[K],mute[K],mute[K],mute[K],mute[K],mute[K],mute[K],mute[K],mute[K],mute[K],mute[K],mute[K],mute[K],mute[K],mute[K],mute[K],mute[K],mute[K],mute[K],mute[K],mute[K],mute[K],mute[K],mute[K],mute[K],mute[K],mute[K],mute[K],mute[K],mute[K],mute[K],mute[K],mute[K],mute[K],mute[K],mute[K],mute[K],mute[K],mute[K],mute[K],mute[K],mute[K],mute[K],mute[K],mute[K],mute[K],mute[K],mute[K],mute[K],mute[K],mute[K],mute[K],mute[K],mute[K],mute[K],mute[K],mute[K],mute[K],mute[K],mute[K],mute[K],mute[K],mute[K],mute[K],mute[K],mute[K],mute[K],mute[K],mute[K],mute[K],mute[K],mute[K],mute[K],mute[K],mute[K],mute[K],mute[K],mute[K],mute[K],mute[K],mute[K],mute[K],mute[K],mute[K],mute[HHHHHHHHHHHHHHHH];","c3[K],b2[K],a2[K],g2[K],f2[K],e2[K],d2[K],c2[K],d2[K],e2[K],f2[K],g2[K],a2[K],b2[K],c3[K],b2[K],a2[K],g2[K],f2[K],e2[K],d2[K],c2[K],d2[K],e2[K],f2[K],g2[K],a2[K],b2[K],c3[K],b2[K],a2[K],g2[K],f2[K],e2[K],d2[K],c2[K],d2[K],e2[K],f2[K],g2[K],a2[K],b2[K],c3[K],b2[K],a2[K],g2[K],f2[K],e2[K],d2[K],c2[K],d2[K],e2[K],f2[K],g2[K],a2[K],b2[K],c3[K],b2[K],a2[K],g2[K],f2[K],e2[K],d2[K],c2[K],d2[K],e2[K],f2[K],g2[K],a2[K],b2[K],c3[K],b2[K],a2[K],g2[K],f2[K],e2[K],d2[K],c2[K],d2[K],e2[K],f2[K],g2[K],a2[K],b2[K],c3[K],b2[K],a2[K],g2[K],f2[K],e2[K],d2[K],c2[K],d2[K],e2[K],f2[K],g2[K],a2[K],b2[K],c3[K],b2[K],a2[K],g2[K],f2[K],e2[K],d2[K],c2[K],d2[K],e2[K],f2[K],g2[K],a2[K],b2[K],c3[K],b2[K],a2[K],g2[K],f2[K],e2[K],d2[K],c2[K],d2[K],e2[K],f2[K],g2[K],a2[K],b2[K],c3[K],b2[K],a2[K],g2[K],f2[K],e2[K],d2[K],c2[K],d2[K],e2[K],f2[K],g2[K],a2[K],b2[K],c3[K],b2[K],a2[K],g2[K],f2[K],e2[K],d2[K],c2[K],d2[K],e2[K],f2[K],g2[K],a2[K],b2[K],c3[K],b2[K],a2[K],g2[K],f2[K],e2[K],d2[K],c2[K],d2[K],e2[K],f2[K],g2[K],a2[K],b2[K],c3[K],b2[K],a2[K],g2[K],f2[K],e2[K],d2[K],c2[K],d2[K],e2[K],f2[K],g2[K],a2[K],b2[K],c3[K],b2[K],a2[K],g2[K],f2[K],e2[K],d2[K],c2[K],d2[K],e2[K],f2[K],g2[K],a2[K],b2[K],c3[K],b2[K],a2[K],g2[K],f2[K],e2[K],d2[K],c2[K],d2[K],e2[K],f2[K],g2[K],a2[K],b2[K],c3[K],b2[K],a2[K],g2[K],f2[K],e2[K],d2[K],c2[K],d2[K],e2[K],f2[K],g2[K],a2[K],b2[K],c3[K],b2[K],a2[K],g2[K],f2[K],e2[K],d2[K],c2[K],d2[K],e2[K],f2[K],g2[K],a2[K],b2[K],c3[K],b2[K],a2[K],g2[K],f2[K],e2[K],d2[K],c2[K],d2[K],e2[K],f2[K],g2[K],a2[K],b2[K],c3[K],b2[K],a2[K],g2[K],f2[K],e2[K],d2[K],c2[K],d2[K],e2[K],f2[K],g2[K],a2[K],b2[K],c3[K],b2[K],a2[K],g2[K],f2[K],e2[K],d2[K],c2[K],d2[K],e2[K],f2[K],g2[K],a2[K],b2[K],c3[K],b2[K],a2[K],g2[K],f2[K],e2[K],d2[K],c2[K],d2[K],e2[K],f2[K],g2[K],a2[K],b2[K],c3[K],b2[K],a2[K],g2[K],f2[K],e2[K],d2[K],c2[K],d2[K],e2[K],f2[K],g2[K],a2[K],b2[K],c3[K],b2[K],a2[K],g2[K],f2[K],e2[K],d2[K],c2[K],d2[K],e2[K],f2[K],g2[K],a2[K],b2[K],c3[K],b2[K],a2[K],g2[K],f2[K],e2[K],d2[K],c2[K],d2[K],e2[K],f2[K],g2[K],a2[K],b2[K],c3[K],b2[K],a2[K],g2[K],f2[K],e2[K],d2[K],c2[K],d2[K],e2[K],f2[K],g2[K],a2[K],b2[K],c3[K],b2[K],a2[K],g2[K],f2[K],e2[K],d2[K],c2[HHHHHHHHHHHHHHHH];"],"id":3,"instruments":["piano","piano"],"alternatives":["",""]}],"audition":{"start":[0,0],"end":[2,357]}}