{"baseBpm":90,"musics":[{"baseBeats":0.5,"scores":["c2[L],U,(e1.g1.c2)[L],c1[L],g2[L],U,(g1.b1.g2)[L],c2[L];a2[L],U,(a1.e2.a2)[L],c2[L],g2[L],U,(g1.c2)[I],8<f3[N],#g3[N],a3[N],#g3[N],f3[N],e3[N],d3[N]>,3<b4[N],a4[N],g4[N],f4[N],e4[N],d4[N],c4[N],b3[N],a3[N],(f3.d)[N],(d.d3)[N],(F-1.G-1)[N],(F-1.G-1)[N],(F-1.G-1)[N],(e.a)[N]>,(c3.c1)[K],5<(g.c1.e1)[N],g[N]>,5<e1[N],e1[N]>,5<g1[N],e2[N]>,5<e2[N],g2[N]>,5<e3[N],e3[N]>,5<g3[N],e4[N]>,5<g3[N],e4[N]>,5<e3[N],g2[N]>,5<e2[N],e2[N]>,(d2.f2)[L],g2[K];","c[L],g[L],T,e[L],c1[L],T;f[L],c1[L],T,e[L],c1[L],T;d1[L],a1[L],U,g1[L],U,g1[L],U,e1[L];R;c1[L],g1[L],U,e1[L],c1[L],U,T;c1[L],g1[L],T,S;c1[L],U,T,T,U,f1[L];U,d1[L],U,a1[L],g1[L],g[L],d[L],B-1[L];"],"id":1,"instruments":["piano","piano"],"alternatives":["",""],"bpm":90},{"bpm":95,"baseBeats":0.5,"scores":["F-1[KL],(d1.c2)[KL],(G-2.b4)[KL],(a.#c)[KL],(a2.d)[KL],(f1.f2)[L],#f2[L],(f1.f2)[L],#f1[L],(f1.f2)[L],#f2[L],(f1.f2)[L],#f1[L],(f1.f2)[L],#f2[L],(f1.f2)[L],#f1[L],(f1.f2)[L],#f2[L],(f1.f2)[L],#f1[L];(#a1.f2)[L],#g[L],#c1[L],e1[L],#g[L];#c1[L],e1[L],#g[L],#c1[L];e1[L],#g[L],#c1[L],e1[L];#g[L],#c1[L],e1[L],#g[L];#c1[L],e1[L],#g[L],#c1[L];e1[L],#g[L],#c1[L],e1[L];a[L],#c1[L],e1[L],a[L];#c1[L],e1[L],a[L],d1[L];#f1[L],a[L],d1[L],#f1[L];#g[L],c1[L],#f1[L],#g[L];#c1[L],e1[L],#g[L],#c1[L];#d1[L],#f[L],c1[L],#d1[L];e[L],#g[L],#c1[L],#g[L];#c1[L],e1[L],#g[L],#c1[L];e1[L],(#g.#g1)[L],#c1[L],5<e1[L],#g1[L]>;","c[I],c[I],c[I],c[I],c[I],(#C-1.#c)[IJ],(B-2.B-1)[IJ],(A-2.A-1)[IJ];"],"id":2,"instruments":["piano","piano"],"alternatives":["",""]},{"bpm":100,"baseBeats":0.5,"scores":["#f2[L],f2[L],#f2[L],e2[L],#f2[L],#d2[L],#f2[L],U,5<#g2[M],#f2[M]>,5<f2[M],#f2[M]>,#c2[L],#c3[L];#f2[L],#c3[L],5<#a2[M],#g2[M]>,5<g2[M],#g2[M]>,#c2[L],#c3[L],#g2[L],#c3[L],#a2[L],b2[L],#c3[KL],5<c3[N],c2[N]>,5<c1[N],b[N]>,5<c[N],b[N]>,(c4.B-2)[K],(b4.c4)[K],(b3.c3)[K],(b2.c2)[K],(b1.c1)[K],(b.c)[K],(B-1.C-1)[K],(F-1.b.g4.b.c.d.c1)[HJ];","U,U,U,U,U,U,U,U,c2[L],g2[L],e2[L],(g2.e3)[L],c2[L],f2[L],U,(f2.d3)[L];c2[L],g2[L],(e2.e3)[L],(g2.c3)[L],g1[L],(b1.g2)[L],(d2.c3)[L],(g2.d3)[L];c2[L],g2[L],e2[L],(g2.e3)[L],c2[L],(d2.g2)[L],T;c2[L],g2[L],(e2.e3)[L],(d2.c3)[L],b1[L],g1[L],U,d3[L];c[L],g[L],(e1.c2)[L],g[L],e[L],c1[L],(g1.c2)[L],c1[L];f[L],c1[L],(f1.c2)[L],c1[L],e[L],c1[L],(g1.c2)[L],c1[L];d[L],a[L],(f1.a1)[L],a[L],#f[L],c1[L],(a1.c2)[L],d1[L];g[L],d1[L],(f1.b1)[K],(c.e1)[J];"],"id":3,"instruments":["piano","piano"],"alternatives":["",""]}],"audition":{"end":[0,27],"start":[0,0]}}