{"baseBpm":90,"musics":[{"bpm":90,"baseBeats":0.25,"scores":["mute[KM],mute[K],5<V>,V,mute[K],5<V>,V,mute[K],5<V>,V,mute[K],5<V>,V,mute[K],5<V>,U,mute[K],5<V>,V,mute[K],5<V>,V,mute[K],5<V>,V,mute[K],5<V>,V,mute[K],5<V>,R,mute[LN],mute[MN],mute[L],mute[LM],mute[LM],mute[LM],mute[LM],5<V>,mute[L],mute[LM],mute[LMO],mute[LNO],mute[L],mute[M],mute[LM],mute[MN],mute[MN],mute[LMO],mute[LNO],mute[LM],mute[LM],mute[LMNO],mute[LO],mute[LM],mute[MN],mute[MN],mute[M],mute[LN],5<V>,mute[MNO],mute[LM],mute[LO],mute[M],mute[LNO],mute[LMNO],mute[LNO],mute[LN],mute[LMO],mute[LNO],mute[LM],mute[LM],mute[LM],mute[LM],mute[LM],mute[LM],mute[LM],5<V>,mute[L],mute[MN],mute[MN],mute[LM],mute[MNO],mute[MO],mute[MN],mute[MN],mute[MN],mute[MN],mute[MN],mute[MNO],mute[LNO],mute[MO],mute[KNO],mute[M],mute[L],mute[LM],mute[KL],mute[LO],mute[LM],5<V>,mute[KMNO],mute[LMO],mute[LNO],mute[LM],mute[LM],mute[MNO],mute[KO],mute[KL],mute[LMO],mute[LNO],mute[LM],mute[LM],mute[LO],mute[LM],5<V>,mute[KMNO],mute[LM],mute[M],mute[L],mute[LM],mute[LM],mute[LNO],mute[LMO],mute[M],mute[KM],mute[LM],mute[LM],mute[KL],mute[MN],mute[MN],mute[LM],mute[KLO],mute[LM],mute[LNO],mute[KL],mute[L],mute[M],mute[LM],mute[KL],mute[LMNO],mute[LO],mute[KLNO],mute[LO],mute[LM],mute[LM],mute[LMO],mute[LNO],mute[MN],mute[MN],mute[MN],mute[MN],mute[MN],mute[MN],mute[MN],mute[MN],mute[LM],mute[LMO],mute[LNO],mute[MO],mute[MNO],mute[LM],mute[M],mute[L],mute[LM],mute[LMNO],mute[LN],mute[LNO],mute[LM],mute[LM],mute[LM],mute[LM],mute[LM],mute[LM],mute[LMNO],mute[LO],mute[LM],mute[LM],mute[LM],mute[LM],mute[LM],mute[LMO],mute[LNO],mute[LM],mute[LM],mute[LM],mute[LM],mute[LM],mute[LM],mute[LM],mute[LMNO],mute[LO],mute[LM],mute[LM],mute[LM],mute[LMO],mute[LNO],mute[LM],mute[M],mute[LO],5<V>,mute[MNO],mute[L],mute[M],mute[LM],mute[LM],mute[LM],mute[M],mute[LNO],mute[LM],mute[M],mute[L],mute[M],mute[L],mute[LMNO],mute[LO],mute[LM],mute[M],mute[L],mute[LM],mute[MNO],R,mute[I],mute[L],mute[L],mute[L],mute[J],mute[K],mute[K],mute[K],mute[K],mute[L],mute[L],mute[L],mute[J],mute[K],mute[K],mute[K],mute[K],mute[L],mute[L],mute[L],mute[J],mute[K],mute[K],mute[K],mute[K],mute[L],mute[L],mute[L],mute[J],mute[K],mute[K],mute[K],mute[JL],mute[K],mute[L],mute[M],mute[M],mute[K],mute[L],mute[M],mute[M],mute[K],mute[L],mute[M],mute[M],mute[K],mute[L],mute[M],mute[M],mute[K],mute[L],mute[M],mute[M],mute[K],mute[L],mute[M],mute[M],mute[J],mute[J],mute[K],mute[L],mute[M],mute[M],mute[K],mute[L],mute[M],mute[M],mute[K],mute[L],mute[M],mute[M],mute[K],mute[L],mute[M],mute[M],mute[K],mute[L],mute[M],mute[M],mute[K],mute[L],mute[M],mute[M],mute[KL],mute[M],mute[M],mute[K],mute[K],mute[L],mute[L],mute[L],mute[K],mute[L],mute[L],mute[L],mute[L],mute[L],mute[L],mute[K],mute[L],mute[L],mute[L],mute[L],mute[L],mute[L],mute[L],mute[L],mute[L],mute[L],mute[L],mute[L],mute[L],mute[L],mute[K],mute[L],mute[L],mute[L],mute[L],mute[L],mute[L],mute[K],mute[L],mute[L],mute[L],mute[L],mute[L],mute[L],mute[K],mute[L],mute[L],mute[L],mute[L],mute[L],mute[L],mute[L],RSTUVWXY,5<V>,5<V>,V,5<V>,5<V>,V,5<V>,5<V>,V,5<V>,5<V>,V,5<V>,5<V>,V,5<V>,5<V>,V,5<V>,5<V>,V,5<V>,5<V>,V,5<V>,5<V>,V,5<V>,V,5<V>,V,5<V>,V,5<V>,V,5<V>,V,5<V>,V,5<V>,V,5<V>,5<V>,5<V>,5<V>,5<V>,5<V>,5<V>,5<V>,5<V>,5<V>,5<V>,5<V>,5<V>,5<V>,5<V>,5<V>,5<V>,5<V>,5<V>,5<V>,5<V>,5<V>,5<V>,5<V>,5<V>,5<V>,5<V>,5<V>,5<V>,5<V>,5<V>,5<V>,5<V>,5<V>,5<V>,5<V>,5<V>,5<V>,5<V>,5<V>,5<V>,5<V>,5<V>,WST,mute[K],mute[K],mute[K],mute[K],mute[K],mute[K],mute[K],mute[K],ST,mute[K],mute[K],mute[K],mute[K],mute[I],R,5<V>,5<V>,5<V>,5<V>,5<V>,5<V>,5<V>,5<V>,5<V>,5<V>,5<V>,5<V>,5<V>,5<V>,5<V>,5<V>,5<V>,5<V>,5<V>,5<V>,5<V>,5<V>,5<V>,5<V>,5<V>,5<V>,5<V>,5<V>,5<V>,5<V>,5<V>,5<V>,mute[H],RSTVWX;","8<(#a~d1~f1~F-1~#g1~#G-1.d1.#a1~b1~#d1.b1.d2~f2~B-1.#f1.#c2.#g2~b2~f.#f1.d2.d3~f3~#g1.#d2.a3)[KM]>,8<(c~#c~d~#d~e~f~#f~g~#g~a~#a~b~#a~a~#g~g~#f~f~e~#d~d~#c~c)[K]>,5<(c.e.g)[N],(c.e.g)[N]>,V;8<(c1~#c1~d1~#d1~e1~f1~#f1~g1~#g1~a1~#a1~b1~#a1~a1~#g1~g1~#f1~f1~e1~#d1~d1~#c1~c1)[K]>,5<(c1.e1.g1)[N],(c1.e1.g1)[N]>,V;8<(c2~#c2~d2~#d2~e2~f2~#f2~g2~#g2~a2~#a2~b2~#a2~a2~#g2~g2~#f2~f2~e2~#d2~d2~#c2~c2)[K]>,5<(c2.e2.g2)[N],(c2.e2.g2)[N]>,V;8<(c3~#c3~d3~#d3~e3~f3~#f3~g3~#g3~a3~#a3~b3~#a3~a3~#g3~g3~#f3~f3~e3~#d3~d3~#c3~c3)[K]>,5<(c3.e3.g3)[N],(c3.e3.g3)[N]>,V;8<(c4~#c4~d4~#d4~e4~f4~#f4~g4~#g4~a4~#a4~b4~#a4~a4~#g4~g4~#f4~f4~e4~#d4~d4~#c4~c4)[K]>,5<(c4.e4.g4)[N],(c4.e4.g4)[N]>,U;8<(c4~#c4~d4~#d4~e4~f4~#f4~g4~#g4~a4~#a4~b4~#a4~a4~#g4~g4~#f4~f4~e4~#d4~d4~#c4~c4)[K]>,5<(c4.e4.g4)[N],(c4.e4.g4)[N]>,V;8<(c3~#c3~d3~#d3~e3~f3~#f3~g3~#g3~a3~#a3~b3~#a3~a3~#g3~g3~#f3~f3~e3~#d3~d3~#c3~c3)[K]>,5<(c3.e3.g3)[N],(c3.e3.g3)[N]>,V;8<(c2~#c2~d2~#d2~e2~f2~#f2~g2~#g2~a2~#a2~b2~#a2~a2~#g2~g2~#f2~f2~e2~#d2~d2~#c2~c2)[K]>,5<(c2.e2.g2)[N],(c2.e2.g2)[N]>,V;8<(c1~#c1~d1~#d1~e1~f1~#f1~g1~#g1~a1~#a1~b1~#a1~a1~#g1~g1~#f1~f1~e1~#d1~d1~#c1~c1)[K]>,5<(c1.e1.g1)[N],(c1.e1.g1)[N]>,V;8<(c~#c~d~#d~e~f~#f~g~#g~a~#a~b~#a~a~#g~g~#f~f~e~#d~d~#c~c)[K]>,5<(c.e.g)[N],(c.e.g)[N]>,R,(#G-1.E-1.D-1.#D-1)[LN],c2[N],(#C-1.#G-1.B-2.#A-1)[M],(#g1.#c2.f1)[L],(#G-1.B-2)[LM],(#A-1.#G-1.#C-1)[LM],(c2.#D-1.E-1.#G-1.D-1)[LM],(F-1.#G-1.#A-1)[LNO],c2[O],(#f.#a.#G-1.B-2.#F-2)[O],#c1[O],#f1[O],#a1[O],#c2[L],(#G-1.#A-1)[LM],(E-1.D-1.#G-1.#D-1)[LM],(B-2.#D-1.#A-1.E-1.#F-2.#a1.#G-1.D-1)[O],(#c2.#f1)[LNO],(#G-1.B-2)[L],c2[M],(#G-1.#A-1)[LM],(#G-1.#D-1.D-1.E-1)[MN],c2[MN],(#A-1.#F-2.#G-1)[LM],(#d1.c2.#d2.B-2.#G-1)[O],(b1.#f1)[LNO],(#A-1.#G-1)[LM],(#G-1.E-1.D-1.#D-1)[LO],c2[NO],(#A-1.B-2.#G-1)[LM],(#G-1.B-2)[NO],c2[LO],(B-2.#G-1.#A-1)[LM],(#C-1.D-1.#G-1.#D-1.E-1)[N],c2[M],G-1[MN],(#A-1.#G-1)[M],c2[L],(#d2.B-2.#G-1.F-2)[O],c1[O],#g1[O],b1[O],f1[N],c2[MNO],(#A-1.#G-1)[LM],(E-1.#G-1.D-1.#D-1)[LO],c2[NO],(#D-1.#A-1.#G-1.B-2.D-1.E-1.F-2.b1.#g1)[O],(#d2.f1)[LNO],(B-2.#G-1)[LM],(#G-1.#A-1)[NO],c2[LO],(#D-1.E-1.#G-1.D-1)[N],c2[LN],(#G-1.#A-1)[LNO],#a1[O],(#G-1.B-2.#A-2.f1)[O],(d1.#a1.f1.c2.#a.d2)[LNO],(#G-1.#A-1)[LM],(E-1.D-1.#D-1.#G-1)[LN],c2[N],(#A-2.#A-1.#G-1.B-2)[LM],(#G-1.B-2)[LM],(#G-1.#A-1)[LO],c2[N],#A-2[O],(#D-1.D-1.E-1.#G-1)[LNO],#D-2[O],(#G-1.#A-1)[LM],(B-2.#D-1.#G-1.#f)[O],#f1[O],#a[O],#a1[O],#d2[L],#A-1[MN],#d1[NO],c2[NO],(B-2.#G-1.E-1.D-1.#D-1)[LM],(#D-1.B-2.E-1.D-1.#A-1)[MN],(#f1.c)[O],(#a1.#d2)[MO],(B-2.#G-1.c)[MN],A-1[MN],(B-2.#A-1.A-1)[MN],c[MN],(#A-2.A-1.E-1.#D-1.B-2.D-1.#G-1)[MN],A-1[MN],(F-1.B-2.#A-1)[O],#D-2[LNO],(#d2.#D-1.B-2.#F-1.#a1)[O],#f1[M],c2[KNO],(E-1.D-1.#D-1.#F-1)[M],c2[L],#D-1[LM],(B-2.#F-1)[KL],(#D-1.D-1.#F-1.E-1)[LO],c2[LMNO],(c2.#G-2.#g1.B-2.#F-1.b1)[O],#d2[KMN],c2[O],(E-1.#D-1.D-1.#F-1)[LM],(#g1.D-1.E-1.#D-1.#G-2)[O],(#d2.b1)[LNO],(B-2.#F-1)[LM],#G-2[LM],(E-1.#F-1.#D-1.D-1)[MNO],c2[KO],(f2.#c2.#g1.B-2.#C-1.f1.#F-1)[KL],(#F-1.#D-1.D-1.E-1)[LM],#C-1[O],c2[LNO],(#F-1.B-2)[LM],#C-1[LM],(#D-1.E-1.#F-1.D-1)[LO],c2[LMNO],(#F-2.#F-1.B-2)[O],(#a1.#f2.#f1.#c2)[KMNO],(c2.D-1.#F-1.#D-1.E-1)[LM],(#a1.#c2.#f1.#F-2.#D-1.E-1.D-1)[M],c2[L],(B-2.#F-1)[LM],#F-2[LM],(E-1.#F-1.D-1.#D-1)[LNO],c2[LMO],(#d2.B-2.b1.#f1.#F-1)[M],c2[KM],(D-1.#D-1.E-1.#F-1)[LM],B-2[LM],(B-2.#F-1)[KL],(D-1.#F-1.B-2.#D-1.E-1)[MN],c2[MN],#G-2[LNO],#d2[O],(f1.#F-1.F-2.#g1.b1.B-2)[KL],(#F-1.D-1.#D-1.E-1)[O],c2[LNO],(#D-1.F-2.#d2.b1.E-1.D-1)[O],(#g1.f1)[LNO],(#F-1.B-2)[KL],(D-1.#F-1.E-1.#D-1)[L],c2[M],F-2[LM],(c2.#a1.d2.f1.#F-1.#A-2.B-2)[KL],(#F-1.E-1.D-1.#D-1)[LM],#A-2[NO],c2[LO],(#F-1.B-2)[KL],(E-1.D-1.#D-1.#F-1)[NO],c2[LO],#A-2[LM],(#D-2.#f1.#a1.#d2.B-2.#d1.#G-1)[LM],#A-1[LM],(#D-1.B-2.E-1.D-1.#G-1)[O],c2[LNO],(#D-2.B-2.D-1.#A-1.#D-1.E-1)[MN],c[MN],(c.B-2.#G-1)[MN],A-1[MN],(#D-2.#A-1.B-2.A-1)[MN],c[MN],(E-1.A-1.#A-2.D-1.#D-1.B-2.#G-1)[MN],A-1[MN],(B-2.#A-1.F-1)[LM],(#d.#f1.#a1.#d2.#D-1.#G-1.B-2.#c.#d1)[LM],(#A-1.#G-1)[O],c2[LNO],(E-1.#D-1.D-1.#G-1)[MO],c2[MNO],(#D-1.#G-1.#A-1.B-2)[LM],(#G-1.B-2)[M],c2[L],(#A-1.#G-1)[LM],(#D-1.E-1.#G-1.D-1)[LM],(#A-1.#D-1.#G-1)[NO],c2[LO],(#G-2.#G-1.B-2.b.#g)[O],#d1[LNO],(#G-1.#A-1)[LM],(E-1.#G-1.#D-1.D-1)[LM],(#D-1.#A-1.#G-2.#G-1.E-1.D-1.B-2)[LM],(B-2.#G-1)[LNO],#f1[O],(#G-2.#G-1.#A-1)[LM],(#g1.B-2.#D-1.E-1.D-1.#G-1)[LNO],#a1[O],(#D-1.#G-1.#A-1)[LM],(#C-1.#c1.B-2.#G-1.#g)[O],#g1[N],f1[MN],c2[NO],(#G-1.#A-1)[LM],(c2.E-1.#D-1.D-1.#G-1)[LM],(#C-1.B-2.#G-1.#A-1)[LM],(B-2.#G-1)[LN],c2[N],(#G-1.#C-1.#A-1)[LM],(E-1.D-1.#G-1.#D-1)[LM],(#A-1.F-1.#G-1)[O],c2[LNO],(#f1.#f.#F-2.B-2.#G-1.#a.#c1)[LM],(#G-1.#A-1)[LM],(#G-1.D-1.E-1.#D-1)[LM],(#F-2.E-1.#D-1.D-1.B-2.#G-1.#A-1)[LM],(#G-1.B-2)[LM],(#A-1.#G-1)[LM],(E-1.#G-1.#F-2.#D-1.D-1)[LO],c2[NO],(#A-1.#G-2.#G-1)[LM],(#f1.B-2.#G-1)[O],#d1[N],(c2.b1)[LO],(#A-1.#G-1)[LM],(c2.D-1.#G-1.E-1.#D-1)[LM],(B-2.#G-1.#A-1)[LM],(#G-1.B-2)[LM],(#A-1.#G-1)[O],c2[LNO],(B-2.#G-1.D-1.#D-1.E-1)[LM],(#A-1.#G-2.#G-1)[M],c2[L],(F-2.B-2.#G-1)[O],f1[N],#g1[N],c1[MNO],(#G-1.#A-1)[L],c2[M],(#D-1.D-1.#G-1.E-1)[LM],(B-2.F-2.D-1.#D-1.E-1.#A-1.#G-1)[LM],(B-2.#G-1)[LM],(#G-1.#A-1)[M],c2[LNO],(#D-1.E-1.#G-1.D-1)[LM],(#A-1.F-2.#G-1)[M],c2[L],(f1.#G-1.B-2.#A-2)[O],#a1[NO],d1[L],(#A-1.#G-1)[LM],(E-1.D-1.#G-1.#D-1)[NO],c2[LO],(#A-1.B-2.#A-2.#G-1)[LM],(#G-1.B-2)[M],c2[L],(#G-1.#A-1)[LM],a1[M],a1[NO],R,(c.e.g)[I],(#a.#a2.#a1)[L],(#c1.#c3.#c2)[L],(f1.f3.f2)[L],(e1.e3.e2)[J],(f1.f.f3.f2)[K],(#c1.#c.#c3.#c2)[K],(c1.c.c3.c2)[K],(#c1.#c.#c3.#c2)[K],(#a.#a2.#a1)[L],(#c1.#c3.#c2)[L],(f1.f3.f2)[L],(e1.e3.e2)[J],(f1.f.f3.f2)[K],(#c1.#c.#c3.#c2)[K],(c1.c.c3.c2)[K],(#a.#A-1.#a2.#a1)[K],(#a.#a2.#a1)[L],(#c1.#c3.#c2)[L],(f1.f3.f2)[L],(e1.c1.e3.e2)[J],(f1.f.f3.f2)[K],(#c1.#c.#c3.#c2)[K],(c1.c.c3.c2)[K],(f1.f.f3.f2)[K],(#a.#a2.#a1)[L],(#c1.#c3.#c2)[L],(f1.f3.f2)[L],(e1.c1.e3.e2)[J],(f1.f.f3.f2)[K],(#c1.#c.#c3.#c2)[K],(c1.c.c3.c2)[K],(#a.#A-1.#a2.#a1)[JL],(#c.#C-1.#c1)[K],(#c.#C-1)[L],#c1[M],#c1[M],(#c.#C-1.#g1)[K],(#c.#C-1)[L],#g1[M],#g1[M],(#d.#D-1.#f1)[K],(#d.#D-1)[L],#f1[M],#f1[M],(#d.#D-1.b1)[K],(#d.#D-1)[L],b1[M],b1[M],(e.E-1.a1)[K],(e.E-1)[L],a1[M],a1[M],(e.E-1.#g1)[K],(e.E-1)[L],#g1[M],#f1[M],(#g.#d.#g2.#g1)[J],#d1[J],(#c.#C-1.#c2.#c1)[K],(#c.#C-1)[L],(#c2.#c1)[M],(#c2.#c1)[M],(#c.#C-1.#g2.#g1)[K],(#c.#C-1)[L],(#g2.#g1)[M],(#g2.#g1)[M],(#d.#D-1.#f2.#f1)[K],(#d.#D-1)[L],(#f2.#f1)[M],(#f2.#f1)[M],(#d.#D-1.b2.b1)[K],(#d.#D-1)[L],(b2.b1)[M],(b2.b1)[M],(e.E-1.a2.a1)[K],(e.E-1)[L],(a2.a1)[M],(a2.a1)[M],(e.E-1.#g2.#g1)[K],(e.E-1)[L],(#g2.#g1)[M],(#f2.#f1)[M],(#g.#d.c2)[KL],c2[M],c2[M],(#d2.#g2.#g1)[K],#d2[K],(#c1.#c2)[L],#g1[L],#c2[L],#g2[K],#c2[L],e2[L],#g2[L],(#g.#d2)[L],b1[L],#d2[L],b2[K],#d2[L],#f2[L],b2[L],(a.e2)[L],#c2[L],e2[L],a2[L],#f[L],d2[L],#f2[L],a2[L],(#g.#g2)[L],#d2[L],c2[L],#g2[K],c2[L],#d2[L],#g2[L],(#c1.#c.#c2)[L],#g1[L],#c2[L],#g2[K],#c2[L],e2[L],#g2[L],(#g.#G-1.#d2)[L],b1[L],#d2[L],b2[K],#d2[L],#f2[L],b2[L],(a.A-1.e2)[L],#c2[L],e2[L],a2[L],RSTUVWXY,8<(#d2~#d3~#d3)[M]>,5<(#d3~#d3~#d4)[M]>,V,8<(#d3~#d3~#d4)[M]>,5<(#c3~#c3~#c4)[M]>,V,8<(b2~b2~b3)[M]>,5<(b2~b2~b3)[M]>,V,8<(#a2~#a2~#a3)[M]>,5<(#g2~#g2~#g3)[M]>,V;8<(g2~g2~g3)[M]>,5<(#g2~#g2~#g3)[M]>,V,8<(#a2~#a2~#a3)[M]>,5<(#d2~#d2~#d3)[M]>,V,8<(#d2~#d2~#d3)[M]>,5<(e2~e2~e3)[M]>,V,8<(#d2~#d2~#d3)[M]>,5<(#c3~#c3)[M]>,V,8<(#d4~#d4)[M]>,5<(D-1.d.d1~D-1.d.d1)[M]>,V,5<(D-1.#f.#f1~D-1.#f.#f1)[M]>,V,5<(D-1.a.a1~D-1.a.a1)[M]>,V,5<(D-1.c1.c2~D-1.c1.c2)[M]>,V,5<(D-1.d1.d2~D-1.d1.d2)[M]>,V,5<(D-1.#f1.#f2~D-1.#f1.#f2)[M]>,V,5<(D-1.a1.a2~D-1.a1.a2)[M]>,V,5<(D-1.c2.c3~D-1.c2.c3)[M]>,V,8<(G-1.g.d3~G-1.g.d3~b2~b2~g2~g2)[MN]>,8<(d3~d3~b2~b2~g2~g2)[MN]>,8<(d3~d3~b2~b2~g2~g2)[MN]>,8<(c3~c3~g2~g2~g2~g2)[MN]>,8<(c3~c3~g2~g2~c3~c3)[MN]>,8<(g2~g2~b2~b2~g2~g2)[MN]>,8<(d2~d2~b2~b2~g2~g2)[MN]>,8<(d2~d2~b2~b2~g2~g2)[MN]>,8<(d2~d2~#f2~#f2~d2~d2)[MN]>,8<(d2~d2~#f2~#f2~d2~d2)[MN]>,8<(#f2~#f2~d2~d2~D-1.d.a2~D-1.d.a2)[MN]>,8<(e2~e2~b1~b1~a2~a2)[MN]>,8<(e2~e2~b1~b1~a2~a2)[MN]>,8<(e2~e2~b1~b1~g2~g2)[MN]>,8<(b1~b1~b1~b1~g2~g2)[MN]>,8<(b1~b1~g2~g2~b1~b1)[MN]>,8<(g2~g2~b1~b1~e.e1.#f2~e.e1.#f2)[MN]>,8<(e2~e2~b1~b1~#f2~#f2)[MN]>,8<(e2~e2~b1~b1~g2~g2)[MN]>,8<(e2~e2~d.d1.a2~d.d1.a2~d2~d2)[MN]>,8<(b2~b2~d2~d2~c3~c3)[MN]>,8<(d2~d2~d3~d3~d2~d2)[MN]>,8<(c.c1.e3~c.c1.e3~c3~c3~g2~g2)[MN]>,8<(e3~e3~c3~c3~g2~g2)[MN]>,8<(e3~e3~c3~c3~#f3~#f3)[MN]>,8<(c3~c3~#f3~#f3~g3~g3)[MN]>,8<(c3~c3~g3~g3~d.d1.a3~d.d1.a3)[MN]>,8<(c3~c3~a3~a3~g3~g3)[MN]>,8<(c3~c3~g3~g3~c.c1.#f3~c.c1.#f3)[MN]>,ST,(C-1.c.c1.c2~C-1.c.c1.c2~C-1.c.c1.c2~C-1.c.c1.c2)[K],(D-1.d.d1.d2~D-1.d.d1.d2~D-1.d.d1.d2~D-1.d.d1.d2)[K],(E-1.e.e1.e2~E-1.e.e1.e2~E-1.e.e1.e2~E-1.e.e1.e2)[K],(F-1.f.f1.f2~F-1.f.f1.f2~F-1.f.f1.f2~F-1.f.f1.f2)[K],(G-1.g.g1.g2~G-1.g.g1.g2~G-1.g.g1.g2~G-1.g.g1.g2)[K],(A-1.a.a1.a2~A-1.a.a1.a2~A-1.a.a1.a2~A-1.a.a1.a2)[K],(B-1.b.b1.b2~B-1.b.b1.b2~B-1.b.b1.b2~B-1.b.b1.b2)[K],(c.c1.c2.c3~c.c1.c2.c3~c.c1.c2.c3~c.c1.c2.c3)[K],ST,(C-1.c.c1.c2~C-1.c.c1.c2~C-1.c.c1.c2~C-1.c.c1.c2)[K],(D-1.d.d1.d2~D-1.d.d1.d2~D-1.d.d1.d2~D-1.d.d1.d2)[K],(E-1.e.e1.e2~E-1.e.e1.e2~E-1.e.e1.e2~E-1.e.e1.e2)[K],(F-1.f.f1.f2~F-1.f.f1.f2~F-1.f.f1.f2~F-1.f.f1.f2)[K],(#C-2.#C-1.#c.#c1.#c2.#c3.#c4.#g.#g2.#d1.f)[I],R,(#G-2.#G-1.#g.#d~c1)[M],(#g.#f1~#g)[M],(c1~#f1)[M],(#g.c1~c1)[M],(#d1.#f1~#g)[M],(c1.#d1~#f1)[M],(#g.#f1~c1)[M],(#f1~#g)[M],(#g.#g1.c1~#d1)[M],(#g.#g1~c1)[M],(c1.c2.#d1~#g1)[M],(c1.c2~#d1)[M],(#d1.#d2.#g1~c1)[M],(#d1.#d2~#g1)[M],(c1.#f1.#f2~#d1)[M],(#f1.#f2.#g1~c1)[M],(#G-2.#G-1.#d.c1.c2.#d1~#g1)[M],(c1.c2~#d1)[M],(#d2.#d1~c2)[M],(#d1.#d2~#g2)[M],(#g1.#g2.#d2~#g2)[M],(#g2.#g1.c2~#d2)[M],(#g1.#a1.#a2~c2)[M],(#a1.#a2.#d2~#g1)[M],(c2.c3~#d2)[M],(c2.c3.#g2~c2)[M],(#d2.#d3~#g2)[M],(c2.#d2.#d3~#d2)[M],(#g2.#g3.c3~#d2)[M],(#g2.#g3~c3)[M],(#d2.c3.c4~#g2)[M],(c3.c4~#d2)[M],(#C-2.#C-1.#c.#c1.#c2.#c3.#c4.#g.#g1.#g2.#d1.f1)[H],RSTVWX;"],"id":1,"instruments":["piano","piano"],"alternatives":["",""]},{"bpm":90,"baseBeats":0.25,"scores":["mute[M],mute[L],mute[M],mute[L],mute[L],mute[L],mute[M],mute[M],mute[L],mute[L],mute[M],mute[L],mute[M],mute[L],mute[L],mute[L],mute[M],mute[M],mute[L],mute[L],mute[M],mute[L],mute[M],mute[L],mute[L],mute[L],mute[M],mute[M],mute[L],mute[L],mute[M],mute[L],mute[M],mute[L],mute[L],mute[L],mute[M],mute[M],mute[L],mute[L],mute[M],mute[L],mute[M],mute[L],mute[L],mute[L],mute[M],mute[M],mute[L],mute[L],mute[M],mute[L],mute[M],mute[L],mute[L],mute[L],mute[M],mute[M],mute[L],mute[L],mute[M],mute[L],mute[M],mute[L],mute[L],mute[L],mute[M],mute[M],mute[L],mute[L],mute[M],mute[L],mute[M],mute[L],mute[L],mute[L],mute[M],mute[M],mute[L],mute[L],mute[M],mute[L],mute[M],mute[L],mute[L],mute[L],mute[M],mute[M],mute[L],mute[L],mute[M],mute[L],mute[M],mute[L],mute[L],mute[L],mute[M],mute[M],mute[L],mute[L],mute[M],mute[L],mute[M],mute[L],mute[L],mute[L],mute[M],mute[M],mute[L],mute[L],mute[M],mute[L],mute[M],mute[L],mute[L],mute[L],mute[M],mute[M],mute[L],mute[L],mute[M],mute[L],mute[M],mute[L],mute[L],mute[L],mute[M],mute[M],mute[L],mute[L],mute[M],mute[L],mute[M],mute[L],mute[L],mute[L],mute[M],mute[M],mute[L],mute[L],mute[M],mute[L],mute[M],mute[L],mute[L],mute[L],mute[M],mute[M],mute[L],mute[L],mute[M],mute[L],mute[M],mute[L],mute[L],mute[L],mute[M],mute[M],mute[L],mute[L],mute[M],mute[L],mute[M],U,mute[L],mute[L],mute[L],mute[L],mute[L],mute[L],mute[L],mute[IJ],mute[MO],mute[MO],mute[MO],mute[MO],mute[MO],mute[MO],mute[MO],mute[MO],mute[MO],mute[MO],RST,mute[M],mute[M],mute[L],mute[L],mute[L],mute[M],mute[M],mute[L],mute[L],mute[K],mute[L],mute[M],mute[M],mute[L],mute[L],mute[LM],5<V>,mute[L],mute[M],mute[M],mute[L],mute[L],mute[L],mute[M],mute[M],mute[L],mute[L],mute[K],mute[M],mute[M],mute[M],mute[M],mute[L],mute[M],mute[M],mute[KL],mute[M],mute[M],mute[L],mute[L],mute[L],mute[M],mute[M],mute[L],mute[L],mute[L],mute[M],mute[M],mute[M],mute[M],mute[M],mute[M],mute[M],mute[M],mute[M],mute[M],mute[L],mute[L],mute[L],mute[M],mute[M],mute[L],mute[L],mute[L],mute[M],mute[M],mute[L],mute[M],mute[M],mute[L],mute[M],mute[M],mute[M],mute[M],mute[M],mute[M],mute[M],mute[M],mute[M],mute[M],mute[L],mute[M],mute[M],mute[L],mute[M],mute[M],mute[L],mute[L],mute[L],mute[L],mute[M],mute[M],mute[M],mute[M],mute[L],mute[L],mute[L],mute[L],mute[L],mute[M],mute[M],mute[L],mute[L],mute[L],mute[M],mute[M],mute[L],mute[L],mute[L],mute[L],5<V>,5<V>,mute[M],5<V>,5<V>,5<V>,5<V>,5<V>,5<V>,5<V>,5<V>,5<V>,5<V>,5<V>,5<V>,5<V>,R,S,mute[M],mute[M],mute[M],mute[M],mute[M],mute[M],mute[M],mute[M],mute[M],mute[M],mute[M],mute[M],mute[M],mute[M],mute[M],mute[M],mute[M],mute[M],mute[M],mute[M],mute[M],mute[M],mute[M],mute[M],mute[M],mute[M],mute[M],mute[M],mute[M],mute[M],mute[M],mute[M],mute[M],mute[M],mute[M],mute[M],mute[M],mute[M],mute[M],mute[M],mute[M],mute[M],mute[M],mute[M],mute[M],mute[M],mute[M],mute[M],mute[M],mute[M],mute[M],mute[M],mute[M],mute[M],mute[M],mute[M],5<V>,5<V>,R,S,5<V>,5<V>,U,U,U,5<V>,5<V>,U,U,U,U,5<V>,WU,U,U,U,5<V>,WU,S,mute[IJ],mute[I],mute[L],U,5<V>,5<V>,U,S,mute[IL],mute[I],mute[IJ],mute[IJLM],5<V>,5<V>,5<V>,5<V>,5<V>,5<V>,5<V>,5<V>,5<V>,5<V>,5<V>,5<V>,5<V>,5<V>,5<V>,5<V>,5<V>,5<V>,5<V>,5<V>,5<V>,5<V>,5<V>,5<V>,5<V>,5<V>,5<V>,5<V>,5<V>,5<V>,5<V>,5<V>,5<V>,5<V>,5<V>,5<V>,5<V>,5<V>,5<V>,5<V>,5<V>,5<V>,5<V>,5<V>,5<V>,5<V>,5<V>,5<V>,5<V>,5<V>,5<V>,5<V>,5<V>,5<V>,5<V>,5<V>,5<V>,5<V>,mute[M],mute[M],mute[M],mute[M],mute[IK],mute[K],mute[IJ],mute[KLM],U,U,U,U,mute[L],5<V>,5<V>,mute[MN],5<V>,5<V>,5<V>,5<V>,5<V>,5<V>,5<V>,5<V>,5<V>,5<V>,mute[MN],5<V>,5<V>,mute[MN],5<V>,5<V>,5<V>,5<V>,5<V>,5<V>,5<V>,5<V>,5<V>,5<V>,mute[MN],5<V>,5<V>,mute[MN],5<V>,5<V>,5<V>,5<V>,5<V>,5<V>,5<V>,5<V>,5<V>,5<V>,mute[MN],5<V>,5<V>,mute[MN],5<V>,5<V>,5<V>,5<V>,5<V>,5<V>,5<V>,5<V>,5<V>,5<V>,mute[MN],5<V>,5<V>,mute[MN],5<V>,5<V>,5<V>,5<V>,5<V>,5<V>,5<V>,5<V>,5<V>,5<V>,mute[MN],5<V>,5<V>,mute[MN],5<V>,5<V>,5<V>,5<V>,5<V>,5<V>,5<V>,5<V>,5<V>,5<V>,mute[MN],5<V>,5<V>,mute[MN],5<V>,5<V>,5<V>,5<V>,5<V>,5<V>,5<V>,5<V>,5<V>,5<V>,mute[MN],5<V>,5<V>,mute[MN],5<V>,5<V>,5<V>,5<V>,5<V>,5<V>,5<V>,5<V>,5<V>,5<V>,mute[IJ],5<V>,5<V>,5<V>,5<V>,5<V>,5<V>,5<V>,5<V>,5<V>,5<V>,5<V>,U,S,mute[M],mute[M],mute[M],mute[M],mute[M],mute[M],mute[M],mute[M],U,U,U,mute[M],mute[M],mute[M],mute[M],mute[M],mute[M],mute[M],mute[M],U,U,U,mute[M],mute[M],mute[M],mute[M],mute[M],mute[M],mute[M],mute[M],U,U,U,mute[M],mute[M],mute[M],mute[M],mute[M],mute[M],mute[M],mute[M],U,U,U,mute[M],mute[M],mute[M],mute[M],mute[M],mute[M],mute[M],mute[M],U,U,U,mute[M],mute[M],mute[M],mute[M],mute[M],mute[M],mute[M],mute[M],U,U,U,mute[M],mute[M],mute[M],mute[M],mute[M],mute[M],mute[M],mute[M],U,U,U,mute[M],mute[M],mute[M],mute[M],mute[M],mute[M],mute[M],mute[M],U,U,U,mute[M],mute[M],mute[M],mute[M],mute[M],mute[M],mute[M],mute[M],U,U,U,mute[M],mute[M],mute[M],mute[M],mute[M],mute[M],mute[M],mute[M],U,U,U,mute[M],U,mute[M],U,mute[M],USSR,mute[M],5<V>,mute[LN],mute[L],mute[M],mute[MN],mute[L],mute[LO],mute[LO],mute[JKLMNO],mute[LO],mute[LO],mute[LO],mute[LO],mute[LO],mute[M],mute[MN],mute[L],mute[LO],mute[LO],mute[LN],mute[L],mute[LN],mute[L],mute[LNO],mute[MNO],mute[LN],mute[L],mute[LN],mute[L],mute[LO],mute[LO],mute[M],mute[MN],mute[L],mute[LN],mute[L],mute[LN],mute[L],mute[LN],mute[L],mute[LN],mute[L],mute[MN],5<V>,mute[L],mute[LN],mute[L],mute[LN],mute[L],mute[M],mute[MN],mute[L],mute[LNO],mute[MNO],mute[LN],mute[L],mute[LN],mute[L],mute[LN],mute[L],mute[LN],mute[M],5<V>,mute[LN],mute[LO],mute[MNO],mute[M],mute[M],mute[M],mute[M],mute[M],mute[LO],mute[LO],mute[JM],mute[LO],mute[LO],mute[L],mute[LN],mute[LO],mute[LO],mute[LO],mute[LO],mute[L],mute[M],mute[MN],mute[LO],mute[LO],mute[L],mute[LN],mute[L],mute[LN],mute[LO],mute[LO],mute[L],mute[LN],mute[LO],mute[LO],mute[LO],mute[LO],mute[LO],mute[MO],5<V>,mute[LO],mute[LO],mute[L],mute[LN],mute[LO],mute[LO],mute[L],mute[LN],mute[L],mute[LN],mute[L],mute[LN],mute[LO],mute[LO],mute[L],mute[M],mute[MN],mute[LO],mute[LO],mute[L],mute[LN],mute[LO],mute[LO],mute[LO],mute[MNO],mute[M],mute[L],mute[LN],mute[LO],mute[LN],mute[M],5<V>,mute[LO],mute[LO],mute[M],mute[MN],mute[L],mute[LO],mute[LO],mute[LN],mute[L],mute[LO],mute[LO],mute[LN],mute[L],mute[LO],mute[LO],mute[LN],mute[M],5<V>,mute[LO],mute[LO],mute[M],mute[MN],mute[LO],mute[MN],Q,mute[LM],mute[LM],mute[LM],mute[LM],mute[LM],mute[LM],mute[LM],mute[LM],mute[M],mute[L],mute[LM],mute[M],mute[LN],mute[LM],mute[LM],mute[LM],mute[MN],mute[MN],mute[MN],mute[MN],mute[LM],mute[LM],mute[LM],mute[LM],mute[MN],mute[MNO],mute[LMN],mute[LO],mute[LM],mute[MO],mute[M],5<V>,mute[LMO],mute[LN],mute[LM],mute[LM],mute[MN],mute[MN],mute[MN],mute[MN],mute[L],mute[M],mute[MN],mute[MNO],mute[LNO],mute[LM],mute[LM],mute[MN],mute[MNO],mute[LNO],mute[LM],mute[L],mute[M],mute[MO],mute[LO],mute[L],mute[M],mute[M],mute[L],mute[LM],mute[LM],mute[LM],mute[LM],mute[L],mute[M],mute[MO],mute[M],5<V>,mute[LNO],mute[LM],mute[LM],mute[MN],mute[M],5<V>,mute[LN],mute[LM],mute[L],mute[M],mute[M],mute[LO],mute[LNO],mute[LM],mute[LM],mute[LM],mute[MN],mute[MN],mute[MN],mute[MN],mute[MN],mute[MN],mute[MN],mute[MN],mute[LM],mute[LM],mute[LM],mute[MN],mute[MNO],mute[LNO],mute[LM],mute[LM],mute[LM],mute[LM],mute[MO],mute[MNO],mute[LM],mute[LM],mute[LM],mute[MO],mute[MNO],mute[MN],mute[MN],mute[MN],mute[MN],mute[LM],mute[LM],mute[LM],mute[MNO],mute[MNO],mute[LN],mute[LM],mute[LM],mute[LM],mute[LM],mute[MO],mute[MNO],mute[LM],mute[LM],mute[LM],mute[MN],mute[MN],mute[MN],mute[MN],mute[MN],mute[MN],mute[LM],mute[LM],mute[LM],mute[MNO],mute[MNO],mute[LN],mute[LM],mute[LM],mute[MN],mute[LO],mute[LO],mute[MO],mute[MNO],mute[LM],mute[LM],mute[LM],mute[MO],mute[MNO],mute[L],mute[M],mute[MO],mute[MNO],mute[LM],mute[LM],mute[LM],mute[MN],mute[M],5<V>,mute[LNO],mute[LNO],mute[LM],mute[MO],mute[MNO],mute[LM],mute[MN],mute[MN],mute[LM],mute[LM],mute[MO],mute[MNO],mute[MN],mute[MN],mute[MN],mute[MN],mute[MO],mute[MNO],mute[LM],mute[LM],mute[LM],mute[LM],mute[LM],mute[LM],mute[LM],mute[M],mute[L],mute[LMN],mute[LN],mute[LM],mute[LM],mute[LM],mute[LM],mute[MN],mute[MN],mute[LM],mute[LM],mute[LM],mute[LM],mute[MN],mute[MNO],mute[LMN],mute[LO],mute[LM],mute[MO],mute[M],5<V>,mute[LMO],mute[LN],mute[LM],mute[LM],mute[MN],mute[MN],mute[MO],mute[MNO],mute[L],mute[M],mute[MO],mute[M],5<V>,mute[LNO],mute[LM],mute[LM],mute[MN],mute[MNO],mute[LNO],mute[LM],mute[L],mute[MNO],mute[LO],mute[L],mute[M],mute[M],mute[L],mute[LM],mute[LM],mute[LM],mute[LM],mute[L],mute[M],mute[MO],mute[M],5<V>,mute[LNO],mute[LM],mute[LM],mute[MN],mute[M],5<V>,mute[LN],mute[LM],mute[L],mute[M],mute[M],mute[LO],mute[LNO],mute[LM],mute[LM],mute[LM],mute[MN],mute[MN],mute[MN],mute[MN],mute[MN],mute[MN],mute[MN],mute[MN],mute[LM],mute[LM],mute[LM],mute[MN],mute[MNO],mute[LNO],mute[LM],mute[LM],mute[LM],mute[LMO],mute[LNO],mute[LM],mute[LM],mute[LM],mute[LM],mute[MN],mute[MN],mute[MN],mute[MN],mute[LM],mute[LM],mute[LM],mute[MNO],mute[MNO],mute[LN],mute[LM],mute[LM],mute[LM],mute[LMN],mute[LN],mute[LM],mute[LM],mute[LMO],mute[MO],mute[MN],mute[MN],mute[MNO],mute[MO],mute[MN],mute[LM],mute[LM],mute[LM],mute[MN],mute[M],5<V>,mute[LN],mute[LM],mute[LMNO],mute[LO],mute[LM],mute[LM],mute[LM],mute[LM],mute[LM],mute[LM],mute[L],mute[M],mute[M],mute[M],5<V>,mute[MN],mute[MN],mute[LM],mute[LM],mute[MN],mute[M],5<V>,mute[LN],mute[LM],mute[LMO],mute[LM],mute[LNO],mute[MN],mute[MN],mute[LM],mute[LM],mute[LM],mute[MN],mute[MN],mute[MN],mute[MN],mute[LM],mute[LM],mute[LM],mute[LM],mute[LM],mute[LM],mute[LM],mute[LM],mute[M],mute[LO],mute[LMO],mute[LN],mute[LM],mute[LM],mute[LM],mute[LM],mute[MN],mute[MN],mute[LM],mute[LM],mute[LM],mute[LM],mute[MN],mute[MNO],mute[LMN],mute[LO],mute[LM],mute[MO],mute[M],5<V>,mute[LMO],mute[LN],mute[LM],mute[LM],mute[MN],mute[MN],mute[MN],mute[MN],mute[L],mute[M],mute[MN],mute[MNO],mute[LNO],mute[LM],mute[LM],mute[MN],mute[MNO],mute[LNO],mute[LM],mute[L],mute[MNO],mute[LO],mute[L],mute[M],mute[M],mute[L],mute[LM],mute[LM],mute[LM],mute[LM],mute[L],mute[M],mute[MO],mute[M],5<V>,mute[LNO],mute[LM],mute[LM],mute[MN],mute[M],5<V>,mute[LN],mute[LM],mute[L],mute[M],mute[M],mute[LO],mute[LNO],mute[LM],mute[LM],mute[LM],mute[MN],mute[MN],mute[MN],mute[MN],mute[MN],mute[MN],mute[MN],mute[MN],mute[LM],mute[MN],mute[MN],mute[MN],mute[MN],mute[MN],mute[MN],mute[MN],mute[MN],mute[MN],mute[MN],mute[MN],mute[MN],mute[MN],mute[MN],mute[MO],mute[MNO],mute[MN],mute[MN],mute[MN],mute[MN],mute[LM],mute[MN],mute[MN],mute[MN],mute[MN],mute[MN],mute[MN],mute[MN],mute[MN],mute[MN],mute[MN],mute[LM],mute[MN],mute[MN],mute[LM],mute[MN],mute[MN],mute[MN],mute[MN],mute[MN],mute[MN],mute[MN],mute[MN],mute[LM],mute[LM],mute[MN],mute[MN],mute[MN],mute[MN],mute[MN],mute[MN],mute[MN],mute[MN],mute[MN],mute[MN],mute[MN],mute[MN],mute[LM],mute[MO],mute[MNO],mute[MN],mute[MN],mute[MN],STWUY,mute[LN],mute[LN],mute[LN],mute[LN],mute[LN],mute[LN],mute[MO],mute[MO],mute[MO],mute[MO],mute[LN],mute[LN],mute[LN],mute[LN],mute[LN],mute[LN],mute[MO],mute[MO],mute[MO],mute[MO],mute[KM],mute[LN],mute[LN],mute[LN],mute[KM],mute[K],U,mute[KM],T,mute[MO],mute[MO],mute[MO],mute[MO],mute[MO],mute[MO],mute[MO],mute[MO],mute[MO],mute[MO],mute[MO],mute[MO],mute[MO],mute[MO],mute[MO],mute[MO],mute[MO],mute[MO],mute[MO],mute[MO],mute[MO],mute[MO],mute[MO],mute[MO],mute[MO],mute[MO],mute[MO],mute[LN],mute[LN],mute[LN],mute[LN],mute[LN],mute[LN],mute[LN],mute[LN],mute[LN],mute[LN],mute[LN],mute[LN],mute[LN],mute[LN],mute[LN],mute[LN],mute[LN],mute[LN],mute[LN],mute[LN],mute[LN],mute[LN],mute[LN],mute[LN],mute[LN],mute[MO],mute[MO],mute[MO],mute[MO],mute[MO],mute[MO],mute[MO],mute[MO],mute[MO],mute[MO],mute[MO],mute[MO],mute[MO],mute[MO],mute[MO],mute[MO],mute[LN],mute[LN],mute[LN],mute[LN],mute[LN],mute[LN],mute[LN],mute[LN],mute[LN],mute[LN],mute[LN],mute[LN],mute[LN],mute[LN],mute[LN],mute[LN],mute[LN],mute[LN],mute[LN],mute[LN],mute[LN],mute[LN],mute[LN],mute[LN],mute[MO],mute[MO],mute[MO],mute[MO],mute[MO],mute[MO],mute[MO],mute[MO],mute[MO],mute[MO],mute[MO],mute[MO],mute[MO],mute[MO],mute[MO],mute[MO],mute[LN],mute[LN],mute[LN],mute[LN],mute[LN],mute[LN],mute[LN],mute[LN],mute[LN],mute[LN],mute[LN],mute[MO],mute[MO],mute[LN],mute[LN],mute[LN],mute[LN],mute[LN],mute[LN],mute[LN],mute[LN],mute[LN],mute[LN],mute[LN],mute[MO],mute[MO],mute[LN],mute[LN],mute[LN],mute[MO],mute[MO],mute[LN],mute[LN],mute[LN],mute[LN],mute[LN],mute[LN],mute[LN],mute[LN],mute[LN],mute[MO],mute[MO],mute[LN],mute[LN],mute[LN],mute[MO],mute[MO],mute[LN],mute[LN],mute[LNP],mute[LNO],mute[LNO],mute[KLM],5<V>,mute[LN],mute[LN],mute[LN],mute[LN],mute[LN],mute[LN],mute[LN],mute[LN],mute[LN],mute[LN],mute[LN],mute[LN],mute[LN],mute[LN],mute[M],T,mute[MO],mute[MO],mute[MO],mute[MO],mute[MO],mute[MO],mute[MO],mute[MO],mute[MO],mute[MO],mute[MO],mute[MO],mute[MO],mute[MO],mute[MO],mute[MO],mute[MO],mute[MO],mute[MO],mute[MO],mute[MO],mute[MO],mute[MO],mute[MO],mute[MO],mute[MO],mute[MO],mute[MO],mute[MO],mute[MO],mute[MO],mute[MO],mute[MO],mute[MO],mute[MO],mute[MO],Q,mute[K],T,mute[M],mute[M],mute[M],mute[M],T,mute[M],mute[M],mute[M],mute[M],T,mute[M],mute[M],mute[M],mute[M],T,mute[M],mute[M],mute[M],mute[M],T,mute[M],mute[M],mute[M],mute[M],T,mute[K],mute[K],mute[K],Q,mute[M],U,mute[M],U,mute[M],mute[M],mute[M],mute[J],R,mute[M],mute[M],mute[M],mute[M],mute[KM],mute[L],US,mute[M],mute[M],mute[M],mute[M],mute[M],mute[M],mute[M],mute[M],mute[M],RST,mute[M],R,mute[M],T,mute[M],TUV,mute[M],VW,mute[M],S,mute[M],mute[M],mute[M],mute[M],mute[M],mute[M],mute[M],mute[M],mute[M],mute[M],mute[M],mute[M],mute[J],R,5<V>,5<V>,5<V>,5<V>,5<V>,5<V>,5<V>,5<V>,5<V>,5<V>,5<V>,5<V>,5<V>,mute[K],5<V>,5<V>,5<V>,5<V>,mute[K],5<V>,5<V>,5<V>,5<V>,5<V>,5<V>,5<V>,5<V>,5<V>,5<V>,5<V>,5<V>,5<V>,5<V>,5<V>,5<V>,5<V>,5<V>,5<V>,5<V>,mute[K],5<V>,5<V>,5<V>,5<V>,5<V>,5<V>,5<V>,5<V>,5<V>,5<V>,5<V>,5<V>,mute[K],5<V>,5<V>,5<V>,5<V>,5<V>,5<V>,5<V>,5<V>,5<V>,5<V>,5<V>,5<V>,5<V>,5<V>,5<V>,5<V>,5<V>,5<V>,5<V>,5<V>,mute[I],mute[I],RS,mute[LM],mute[M],mute[L],mute[M],U,mute[M],mute[LMN],mute[JK],mute[L],mute[J],mute[J],mute[K],mute[M],mute[J],mute[JK],mute[JK],mute[M],mute[M],mute[L],mute[MN],mute[LM],mute[KLM],mute[K],mute[L],mute[K],mute[JK],mute[M],mute[M],mute[M],mute[M],mute[M],mute[M],mute[K],mute[IK];","c[M],b[L],e1[M],e[L],b[L],e[L],g[M],c1[M],b[L],g[L],c[M],b[L],e1[M],e[L],b[L],e[L],g[M],c1[M],b[L],g[L],c[M],b[L],e1[M],e[L],b[L],e[L],g[M],c1[M],b[L],g[L],c[M],b[L],e1[M],e[L],b[L],e[L],g[M],c1[M],b[L],g[L],c[M],b[L],e1[M],e[L],b[L],e[L],g[M],c1[M],b[L],g[L],c[M],b[L],e1[M],e[L],b[L],e[L],g[M],c1[M],b[L],g[L],c[M],b[L],e1[M],e[L],b[L],e[L],g[M],c1[M],b[L],g[L],c[M],b[L],e1[M],e[L],b[L],e[L],g[M],c1[M],b[L],g[L];c[M],b[L],e1[M],e[L],b[L],e[L],g[M],c1[M],b[L],g[L];c[M],b[L],e1[M],e[L],b[L],e[L],g[M],c1[M],b[L],g[L];c[M],b[L],e1[M],e[L],b[L],e[L],g[M],c1[M],b[L],g[L];c[M],b[L],e1[M],e[L],b[L],e[L],g[M],c1[M],b[L],g[L];c[M],b[L],e1[M],e[L],b[L],e[L],g[M],c1[M],b[L],g[L];c[M],b[L],e1[M],e[L],b[L],e[L],g[M],c1[M],b[L],g[L];c[M],b[L],e1[M],e[L],b[L],e[L],g[M],c1[M],b[L],g[L];c[M],b[L],e1[M],e[L],b[L],e[L],g[M],c1[M],b[L],(g~e1)[L];c[M],b[L],e1[M],U,a1[L],a1[L],a1[L],a1[L],a1[L],a1[L],a1[L],(c.e.g)[IJ],(c.e.g)[MO],(c.e.g)[MO],(c.e.g)[MO],(c.e.g)[MO],(c.e.g)[MO],(c.e.g)[MO],(c.e.g)[MO],(c.e.g)[MO],(c.e.g)[MO],(c.e.g)[MO],RST,e2[M],#f2[M],(e.g2)[L],(e1.g1.b1.e2)[L],(B-1.b2)[L],(e1.g1.b1.e2)[M],#f2[M],(e.g2)[L],(e1.g1.b1.e2)[L],(B-1.b2)[K],(e.#f3)[L],(e1.g1.b1.#f3)[M],g3[M],(B-1.#f3)[L],(e1.g1.b1.e3)[L],(e.b2.b3)[LMN],#a[N],b[L],e2[M],#f2[M],(e.g2)[L],(e1.g1.b1.e2)[L],(B-1.b2)[L],(e1.g1.b1.e2)[M],#f2[M],(e.g2)[L],(e1.g1.b1.e2)[L],(B-1.b2)[K],(e.b3)[M],c4[M],(e1.g1.b1.b3)[M],a3[M],(B-1.g3)[L],(e1.g1.b1.g3)[M],#f3[M],(e.e3)[KL],(e.e2)[M],#f2[M],(E-1.e.g2)[L],(e.g.b.e2)[L],(B-2.B-1)[L],(e.g.b.g2)[M],a2[M],(E-1.e.b2)[L],(e.g.b.e2)[L],(B-2.B-1)[L],(e.g.b.b2)[M],#c3[M],(G-1.g.d3)[M],#c3[M],(b.d1.g1.d3)[M],#c3[M],(D-1.d.d3)[M],e3[M],(g.b.d1.d3)[M],#c3[M],(E-1.e.b2)[L],(e.g.b.#a2)[L],(B-2.B-1.b2)[L],(e.g.b.e2)[M],#f2[M],(E-1.e.g2)[L],(e.g.b.e2)[L],(B-2.B-1)[L],(e.g.b.g2)[M],a2[M],(E-1.e.b2)[L],(e.g.b.e1.g1.e2)[M],(e1.g1)[M],(B-2.B-1)[L],(e.g.b.e1.g1.b2)[M],#c3[M],(G-1.g.d3)[M],#c3[M],(b.d1.g1.d3)[M],#c3[M],(D-1.d.d3)[M],e3[M],(g.b.d1.d3)[M],#c3[M],(E-1.e.b2)[L],(e.g.b)[M],(e1.g1)[M],(B-2.B-1)[L],(e.g.b.e1.g1.b2)[M],#c3[M],(G-1.g.d3)[L],(b.d1.g1.d3)[L],(D-1.d.d3)[L],(g.b.d1.d3)[L],(G-1.g.d3)[M],e3[M],(b.d1.g1.d3)[M],#c3[M],(D-1.d.d3)[L],(g.b.d1.b2)[L],(B-2.B-1.d3)[L],(d1.#f1.b1.b2)[L],(A-1.a.d3)[L],(d1.#f1.b1.b2)[M],#c3[M],(G-1.g.b2)[L],(b.e1.g1.e2)[L],(E-1.e.b1)[L],b2[M],#c3[M],(G-1.g.d3)[L],(b.d1.g1.d3)[L],(D-1.d.d3)[L],(g.b.d1.d3)[L],(G-1.g.d3)[N],(G-1.g.d3)[N],(G-1.g.d3)[N],(G-1.g.d3)[N],e3[M],(b.d1.g1.d3)[N],(b.d1.g1.d3)[N],(b.d1.g1.d3)[N],(b.d1.g1.d3)[N],#c3[N],#c3[N],(D-1.d.d3)[N],(D-1.d.d3)[N],(D-1.d.d3)[N],(D-1.d.d3)[N],(g.b.d1.b2)[N],(g.b.d1.b2)[N],#c3[N],#c3[N],(B-2.B-1.d3)[N],(B-2.B-1.d3)[N],(B-2.B-1.d3)[N],(B-2.B-1.d3)[N],(B-2.B-1.d3)[N],(B-2.B-1.d3)[N],(B-2.B-1.d3)[N],(B-2.B-1.d3)[N],(B-2.B-1.d3)[N],(B-2.B-1.d3)[N],(B-2.B-1.d3)[N],(B-2.B-1.d3)[N],R,S,5<(D-1.A-1.d1.#f1)[M]>,5<a[M]>,5<d1[M]>,5<a[M]>,5<(A-1.e.e1)[M]>,5<a[M]>,5<(d1.#f1)[M]>,5<(a.g1)[M]>,5<(D-1.A-1.d1.#f1)[M]>,5<a[M]>,5<d1[M]>,5<d[M]>,5<(A-1.e.#c1.e1)[M]>,5<a[M]>,5<(d1.#f1)[M]>,5<(a.g1)[M]>,5<(#A-1.#f.#a.#f1)[M]>,5<#c1[M]>,5<(#a.e1)[M]>,5<#c1[M]>,5<(B-1.d.b.d1)[M]>,5<#f[M]>,5<(E-1.#G-1.B-1.#g.e1)[M]>,5<e[M]>,5<(A-1.#c.a)[M]>,5<g[M]>,5<(D-1.A-1.#f.d1.#f1)[M]>,5<e[M]>,5<d[M]>,5<d1[M]>,5<(D-2.D-1.a.d1.#f1)[M]>,5<a[M]>,5<(b.e1.g1)[M]>,5<#f[M]>,5<(a.#f1.a1)[M]>,5<A-1[M]>,5<(D-2.D-1.a.#f1.a1)[M]>,5<A-1[M]>,5<(a.e1.g1)[M]>,5<A-1[M]>,5<(d1.#f1)[M]>,5<a[M]>,5<(#c1.e1)[M]>,5<a[M]>,5<(D-2.D-1.d1)[M]>,5<a[M]>,5<d1[M]>,5<a[M]>,5<(#c1.e1)[M]>,5<a[M]>,5<(d1.#f1)[M]>,5<a[M]>,5<(A-2.A-1.#c1.e1)[M]>,5<a[M]>,5<#c1[M]>,5<d1[M]>,7<(D-2~D-1.d.d1~#f1~a1~d2)[L]>,R,S,5<(G-1~d~g~b~c1~g2)[L]>,U,U,U,5<(#A-1~#c~#a)[M],(#c1~#f1~#g1~#c2)[M]>,U,U,U,U,5<(#f2~a2~d3~#f3)[M],mute[N]>,U,U,U,U,5<(#A-3.#A-2.#a2~#d3~f3~#a3)[M],mute[N]>,U,S,8<(#c1~d1~#c1~b~a~b~#c1~d1~e1~#f1~g1~a1~b1~#c2~d2~e2~#f2~g2~a2~b2~#c3~d3~d2~e2~#f2~g2~a2~b2~#c3~d3~e3~#f3~e3~d3~#c3~b2~a2~#g2~#f2~e2~d2~#c2~b1~a1~#g1~a1~b1~a1~#g1~#f1~e1~#f1~#g1~a1~b1~#c2~d2~e2~#f2~#g2~a2~b2~#c3~d3~e3~#f3~#g3)[IJ]>;8<(a3~b3~#c4~d4~e4~d4~#c4~b3~a3~#g3~#f3~e3~d3~#c3~b2~a2~#g2~#f2~e2~d2~#c2~b1~a1~#g1~#f1~e1~d1~#c1~b~a~#g~#f~e~d~#c~B-1~A-1~#G-1~#F-1~E-1~D-1~#C-1~B-2)[I]>;A-2[L],U,7<(e2~a2~#c3~e3~a3)[L]>,U,S,8<(#A-3~C-2~D-2~#D-2~F-2~G-2~A-2~#A-2~C-1~D-1~#D-1~F-1~G-1~A-1~#A-1~c~d~#d~f~g~a~#a~c1~d1~#d1~f1~g1~a1~#a1~c2~d2~#d2~f2~g2~a2~#a2~c3~d3~#d3~f3~g3~a3~#a3~c4~d4~#d4~f4~g4~a4~#a4~c5)[IL]>,8<(F-1.G-1.d.e.c1.d1.e1.f1.g1.e2.f2.g2.a2.b2.c3.a3.b3.f4.g4~G-1.A-1.B-1.d.e.b.c1.g1.a1.c3.d3.a3.b3.f4.g4~B-1.c.d.e.b.c1.g1.a1.c3.d3.a3.b3.f4.g4~G-1.A-1.B-1.c.d.e.b.c1.g1.a1.f2.g2.a2.b2.c3.a3.b3.c4.d4.e4.f4.g4~F-1.G-1.d.e.b.c1.g1.a1.e2.f2.a3.b3.f4.g4~F-1.G-1.d.e.b.c1.g1.a1.e2.f2.a3.b3.f4.g4~G-1.A-1.B-1.c.d.e.b.c1.g1.a1.f2.g2.a2.b2.c3.d3.a3.b3.f4.g4)[I]>,8<(a.E-2.#g2.g2.#d1.a1.c2.C-2.A-3.#f3.f4.a1.b2.e2.f2.e2.d2~a2.#A-3.#f2~f3.#d.b.c2.d2.c.b.a.g.f.e.d.c1.#A-2.d3~e1~f1~e1~d1~a1~b3~g3~a1~A-1~#f1~e1.f1.g1.a2.b4.c5.a1.d1.d3.a2.A-3.B-2.C-1~a1.f2.e.e3.f4.g4.f.g.e.d.f.a.c.d.b.a.d.#f4.#g4.#a4.b4.c5)[IJ]>,8<(c1.e1.a1.c2.e2.a2.c3~d2~F-1.#A-2~#F-2~E-1~E-2~D-2~C-2~B-3~A-3.g2.a3.d4.#f.d2.a1.b4.a1.d3.f4.g1~e2~d3~a1~d2~a2~A-3~B-3~C-2~D-2~c2~c4~c1~d2~#f1~a1~d3~a1~d1~d1~e1~f1~e1~d1~e3.f3.e3.d3.#d.b.#d.b.#d.b.#d.b.#d.b.#d.b.#d.b.#d.b.#d.b.#d.b.#d.b.#d.b.#d.b.#d.b.#d.b.#d.b.#d.b.#d.b.#d.b.#d.b.#d.b.#d.b.#d.b.f2.e3.g4.a4.a2~d3.a1.a1.b1~#F-1.#A-2.#A-3.A-3)[IJLM]>,5<A-3[N],#A-3[N]>,5<B-3[N],C-2[N]>,5<C-2[N],D-2[N]>,5<#D-2[N],E-2[N]>,5<F-2[N],#F-2[N]>,5<G-2[N],#G-2[N]>,5<A-2[N],#A-2[N]>,5<B-2[N],C-1[N]>,5<#C-1[N],D-1[N]>,5<#D-1[N],E-1[N]>,5<F-1[N],F-1[N]>,5<G-1[N],#G-1[N]>,5<A-1[N],#A-1[N]>,5<B-1[N],c[N]>,5<#c[N],d[N]>,5<#d[N],e[N]>,5<f[N],#f[N]>,5<g[N],#g[N]>,5<a[N],#a[N]>,5<b[N],c1[N]>,5<#c1[N],d1[N]>,5<#d1[N],e1[N]>,5<f1[N],#f1[N]>,5<g1[N],#g1[N]>,5<a1[N],#a1[N]>,5<b1[N],c2[N]>,5<#c2[N],d2[N]>,5<#d2[N],e2[N]>,5<f2[N],#f2[N]>,5<g2[N],#g2[N]>,5<a2[N],#a2[N]>,5<b2[N],c3[N]>,5<#c3[N],d3[N]>,5<#d3[N],e3[N]>,5<f3[N],#f3[N]>,5<g3[N],#g3[N]>,5<a3[N],#a3[N]>,5<b3[N],c4[N]>;5<c4[N],b3[N]>,5<#a3[N],a3[N]>,5<#g3[N],g3[N]>,5<#f3[N],f3[N]>,5<e3[N],#d3[N]>,5<d3[N],#c3[N]>,5<c3[N],b2[N]>,5<#a2[N],a2[N]>,5<#g2[N],g2[N]>,5<#f2[N],f2[N]>,5<e2[N],#d2[N]>,5<d2[N],#c2[N]>,5<c2[N],b1[N]>,5<#a1[N],a1[N]>,5<#g1[N],g1[N]>,5<#f1[N],f1[N]>,5<e1[N],#d1[N]>,5<d1[N],#c1[N]>,5<c1[N],b[N]>,5<#a[N],a[N]>,(#F-1.c.#d.a)[M],(#F-1.c.#d.a)[M],(#F-1.c.#d.a)[M],(#F-1.c.#d.a)[M];8<(A-3~#A-3~B-3~C-2~C-2~D-2~#D-2~E-2~F-2~#F-2~G-2~#G-2~A-2~#A-2~B-2~C-1~#C-1~D-1~#D-1~E-1~F-1~F-1~G-1~#G-1~A-1~#A-1~B-1~c~#c~d~#d~e~f~#f~g~a~#g~g~#f~f~e~#d~d~#c~c~B-1~#A-1~A-1~#G-1~G-1~#F-1~F-1~G-1~#G-1~A-1~#A-1~B-1~c~#c~d~#d~e~f~#f~g~a~#g~g~#f~f~e~#d~d~#c~c~B-1~#A-1~A-1~#G-1~G-1~#F-1~F-1~A-3~#A-3~B-3~C-2~C-2~D-2~#D-2~E-2~F-2~#F-2)[IK]>;8<(G-2~#G-2~A-2~#A-2~B-2~C-1~#C-1~D-1~#D-1~E-1~F-1~F-1~G-1~#G-1~A-1~#A-1~B-1~c~#c~d~#d~e~f~#f~g~a~#g~g~#f~f~e~#d~d~#c~c~B-1~#A-1~A-1~#G-1~G-1~#F-1~F-1~G-1~#G-1)[K]>,8<(A-3~#A-3~B-3~C-2~C-2~D-2~#D-2~E-2~F-2~#F-2~G-2~#G-2~A-2~#A-2~B-2~C-1~#C-1~D-1~#D-1~E-1~F-1~F-1~G-1~#G-1~A-1~#A-1~B-1~c~#c~d~#d~e~f~#f~g~#g~a~#a~b~c1~#c1~d1~#d1~e1~f1~#f1~g1~#g1~a1~#a1~b1~c2~#c2~d2~#d2~e2~f2~#f2~g2~#g2~a2~#a2~b2~c3~#c3~d3~#d3~e3~f3~#f3~g3~#g3~a3~#a3~b3~c4~#c4~d4~#d4~e4~f4~#f4~g4~#g4~a4~#a4~b4~c5)[IJ]>,8<(c5~b4~#a4~a4~#g4~g4~#f4~f4~e4~#d4~d4~#c4~c4~b3~#a3~a3~#g3~g3~#f3~f3~e3~#d3~d3~#c3~c3~b2~#a2~a2~#g2~g2~#f2~f2~e2~#d2~d2~#c2~c2~b1~#a1~a1~#g1~g1~#f1~f1~e1~#d1~d1~#c1~c1~b~#a~a~#g~g~#f~f~e~#d~d~#c~c~B-1~#A-1~A-1~#G-1~G-1~#F-1~F-1~E-1~#D-1~D-1~#C-1~C-1~B-2~#A-2~A-2~#G-2~G-2~#F-2~F-2~E-2~#D-2~D-2~#C-2~C-2~B-3~#A-3~A-3)[KLM]>,U,U,U,U,(c.g2)[L],5<(g.e2)[N],mute[N]>,5<f2[N],mute[N]>,(c1.g2)[MN],5<e2[N],mute[N]>,5<f2[N],mute[N]>,5<(G-1.g2)[N],mute[N]>,5<g1[N],mute[N]>,5<(d.a1)[N],mute[N]>,5<b1[N],mute[N]>,5<(b.c2)[N],mute[N]>,5<d2[N],mute[N]>,5<e2[N],mute[N]>,5<f2[N],mute[N]>,(A-1.e2)[MN],5<(e.c2)[N],mute[N]>,5<d2[N],mute[N]>,(a.e2)[MN],5<e1[N],mute[N]>,5<f1[N],mute[N]>,5<(E-1.g1)[N],mute[N]>,5<a1[N],mute[N]>,5<(B-1.g1)[N],mute[N]>,5<f1[N],mute[N]>,5<(g.g1)[N],mute[N]>,5<e1[N],mute[N]>,5<f1[N],mute[N]>,5<g1[N],mute[N]>,(F-1.f1)[MN],5<(c.a1)[N],mute[N]>,5<g1[N],mute[N]>,(f.f1)[MN],5<e1[N],mute[N]>,5<d1[N],mute[N]>,5<(C-1.e1)[N],mute[N]>,5<d1[N],mute[N]>,5<(G-1.c1)[N],mute[N]>,5<d1[N],mute[N]>,5<(e.e1)[N],mute[N]>,5<f1[N],mute[N]>,5<g1[N],mute[N]>,5<a1[N],mute[N]>,(F-1.f1)[MN],5<(c.a1)[N],mute[N]>,5<g1[N],mute[N]>,(f.a1)[MN],5<b1[N],mute[N]>,5<c2[N],mute[N]>,5<(G-1.g1)[N],mute[N]>,5<a1[N],mute[N]>,5<(d.b1)[N],mute[N]>,5<c2[N],mute[N]>,5<(g.d2)[N],mute[N]>,5<e2[N],mute[N]>,5<f2[N],mute[N]>,5<g2[N],mute[N]>,(c.e2)[MN],5<(g.c2)[N],mute[N]>,5<d2[N],mute[N]>,(c1.e2)[MN],5<d2[N],mute[N]>,5<c2[N],mute[N]>,5<(G-1.d2)[N],mute[N]>,5<b1[N],mute[N]>,5<(d.c2)[N],mute[N]>,5<d2[N],mute[N]>,5<(b.e2)[N],mute[N]>,5<d2[N],mute[N]>,5<c2[N],mute[N]>,5<b1[N],mute[N]>,(A-1.c2)[MN],5<(e.a1)[N],mute[N]>,5<b1[N],mute[N]>,(a.c2)[MN],5<c1[N],mute[N]>,5<d1[N],mute[N]>,5<(E-1.e1)[N],mute[N]>,5<f1[N],mute[N]>,5<(B-1.e1)[N],mute[N]>,5<d1[N],mute[N]>,5<(g.e1)[N],mute[N]>,5<c2[N],mute[N]>,5<b1[N],mute[N]>,5<c2[N],mute[N]>,(F-1.a1)[MN],5<(c.c2)[N],mute[N]>,5<b1[N],mute[N]>,(f.a1)[MN],5<g1[N],mute[N]>,5<f1[N],mute[N]>,5<(C-1.g1)[N],mute[N]>,5<f1[N],mute[N]>,5<(G-1.e1)[N],mute[N]>,5<f1[N],mute[N]>,5<(e.g1)[N],mute[N]>,5<a1[N],mute[N]>,5<b1[N],mute[N]>,5<c2[N],mute[N]>,(F-1.a1)[MN],5<(c.c2)[N],mute[N]>,5<b1[N],mute[N]>,(f.c2)[MN],5<b1[N],mute[N]>,5<c2[N],mute[N]>,5<(G-1.b1)[N],mute[N]>,5<c2[N],mute[N]>,5<(d.d2)[N],mute[N]>,5<c2[N],mute[N]>,5<(g.b1)[N],mute[N]>,5<c2[N],mute[N]>,5<a1[N],mute[N]>,5<b1[N],mute[N]>,c2[IJ],3<(c1.e1.g1)[N],(c1.e1.g1)[N],(c1.e1.g1)[N],(c1.e1.g1)[N],(c1.e1.g1)[N],(c1.e1.g1)[N],(c1.e1.g1)[N],(c1.e1.g1)[N],(c1.e1.g1)[N],(c1.e1.g1)[N],(c1.e1.g1)[N],(c1.e1.g1)[N],(c1.e1.g1)[N],(c1.e1.g1)[N],(c1.e1.g1)[N],(c1.e1.g1)[N],(c1.e1.g1)[N],(c1.e1.g1)[N],(c1.e1.g1)[N],(c1.e1.g1)[N],(c1.e1.g1)[N],(c1.e1.g1)[N]>,U,S,5<#g2[M],a2[M]>,5<#g2[M],#f2[M]>,5<#a2[M],b2[M]>,5<#a2[M],#g2[M]>,U,U,U,5<#g2[M],a2[M]>,5<#g2[M],#f2[M]>,5<#a2[M],b2[M]>,5<#a2[M],#g2[M]>,U,U,U,5<#g2[M],a2[M]>,5<#g2[M],#f2[M]>,5<#a2[M],b2[M]>,5<#a2[M],#g2[M]>,U,U,U,5<#g2[M],a2[M]>,5<#g2[M],#f2[M]>,5<#a2[M],b2[M]>,5<#a2[M],#g2[M]>,U,U,U,5<#g2[M],a2[M]>,5<#g2[M],#f2[M]>,5<#a2[M],b2[M]>,5<#a2[M],#g2[M]>,U,U,U,5<#g2[M],a2[M]>,5<#g2[M],#f2[M]>,5<#a2[M],b2[M]>,5<#a2[M],#g2[M]>,U,U,U,5<#g2[M],a2[M]>,5<#g2[M],#f2[M]>,5<#a2[M],b2[M]>,5<#a2[M],#g2[M]>,U,U,U,5<#g2[M],a2[M]>,5<#g2[M],#f2[M]>,5<#a2[M],b2[M]>,5<#a2[M],#g2[M]>,U,U,U,5<#g2[M],a2[M]>,5<#g2[M],#f2[M]>,5<#a2[M],b2[M]>,5<#a2[M],#g2[M]>,U,U,U,5<#g2[M],a2[M]>,5<#g2[M],#f2[M]>,5<#a2[M],b2[M]>,5<#a2[M],#g2[M]>,U,U,U,5<#d3[M]>,U,5<#d3[M]>,U,5<#d3[M]>,USSR,(#d1.#f.c1.#a)[MNO],#a1[O],(C-1.#f)[LO],(#F-1.E-1)[O],(#f1.f1.#a1)[L],(#a1.#F-1.#f)[M],#F-1[MO],(#F-1.C-1.#f.#a.c1.#d1)[O],(e1.#f1.#a1)[L],(#F-1.#a1.#f)[LO],(#F-1.F-1.#a1.#d1.a.c1)[LO],(#a1.#f)[JKLMNO],(f1.c2.#A-2.C-1.#F-1)[LO],#a1[L],#F-1[O],(#c1.#a.f)[LO],(#a1.C-1)[L],f1[O],(#F-1.D-1)[LO],(#F-1.#a1)[M],#F-1[MO],(#F-1.C-1)[O],(#c1.f.#a)[L],(#F-1.#a1)[LO],(#f1.#F-1)[LO],#a1[LO],(#F-1.f1.C-1)[O],(#c1.#a.f)[L],#a1[L],a[O],(#F-1.D-1)[O],#C-1[L],#a1[LO],#F-1[O],(#c1.#a.f)[O],#C-1[MNO],(#a1.#f1)[LO],(c2.C-1.#F-1)[O],#D-1[L],#a1[LO],#F-1[O],(#d1.#f.#a)[L],(#a1.C-1)[L],#f1[O],(#F-1.D-1)[LO],(#F-1.#a1)[M],#F-1[M],c1[O],(#F-1.C-1)[O],(#d1.#f.#a)[L],(#F-1.#a1)[LO],c2[O],#F-1[L],#a1[LN],(C-1.#F-1.#f.#d1.#a)[L],#a1[LO],(#F-1.a)[O],(#D-1.D-1)[L],#a1[L],#D-1[O],#F-1[O],(#a.#f.#d1)[L],#a1[MN],c2[N],#C-1[O],#F-1[O],C-1[L],#a1[LO],#F-1[O],(#g.f1.#c1)[L],(#a1.C-1)[L],#F-1[O],D-1[O],(f1.#f1)[L],(#a1.#F-1)[M],#F-1[MO],(#F-1.C-1)[O],(f1.#c1.#g)[L],(#F-1.#a1)[LO],#F-1[N],c2[MNO],#a1[LO],#F-1[O],(C-1.#c1.f1.#g)[L],#a1[L],e[O],(#F-1.D-1)[O],#C-1[L],(#a1.f)[LO],#C-1[O],(#F-1.#g.#c1.f1)[L],#a1[L],(f1.f)[N],C-1[MN],#a[N],#a1[L],c2[N],(#F-1.c1.#d1.#f)[MN],#d1[O],#d2[N],(C-1.#a1)[MNO],(f1.f2)[N],(#F-1.D-1)[M],#f2[N],#f1[NO],(#F-1.#a1)[M],#F-1[N],#a2[NO],(#F-1.C-1.c1.#d1.#f)[MN],c3[O],c2[N],(#F-1.#a1)[MNO],(f3.F-1.f2)[N],(#F-1.C-1.#d.#d1.a.c1)[JM],(F-1.D-1)[LO],D-1[LO],D-1[L],D-1[MNO],c1[NO],(#A-2.C-1.#F-1)[LO],#a1[L],#F-1[O],(f1.#a.#c1)[L],#a1[O],C-1[MNO],e[N],(D-1.#F-1)[L],#F-1[O],#a1[M],#F-1[NO],f[O],#F-1[O],(C-1.f1.#c1.#a)[L],#F-1[O],#a1[MNO],(#C-1.c1)[N],#F-1[L],#a1[LN],(C-1.#F-1.#c1.f1.#a)[L],#a1[LO],#F-1[O],D-1[LO],#a1[L],#F-1[O],(#a.f1.#c1)[L],#a1[MNO],#g[NO],(C-1.#F-1)[LO],#a1[LO],(#F-1.#c1.#a.#f)[L],#a1[O],C-1[MNO],c[O],#F-1[O],D-1[LO],(#a1.#F-1)[M],#F-1[N],#c[O],F-1[O],#F-1[O],(C-1.#c1.#a.#f)[LO],(#a1.#F-1)[MNO],#g[N],#F-1[L],#a1[LO],#F-1[O],(C-1.#c1.#a.#f)[LO],#a1[LO],(#F-1.D-1)[L],#a1[LO],#F-1[O],(#c1.#a.#f)[L],#a1[L],(f.#D-1)[O],#F-1[O],C-1[L],#a1[L],#d[N],(#F-1.#a.#d1.#f)[LO],(C-1.#a1)[MN],f[NO],(D-1.#F-1)[L],#F-1[O],#a1[M],#F-1[NO],E-1[O],#F-1[O],(C-1.#d1.#a.#f)[L],#F-1[O],#a1[MNO],c[O],F-1[O],#F-1[L],#a1[LN],(#F-1.C-1.a.#d1.c1)[LO],#a1[LO],(#F-1.D-1)[LO],#a1[MNO],#d[M],(#F-1.#d1.c1.a)[L],#a1[L],#C-1[N],(#F-1.C-1.#c)[L],#a1[O],d3[LO],(#F-1.f1)[O],(#g.#c1)[MNO],#a1[O],C-1[LO],(d3.#F-1.D-1)[LO],(#F-1.#a1)[M],#F-1[N],#C-1[NO],(#F-1.C-1.f1)[O],(#c1.#g)[L],(#a1.#F-1)[LO],(#F-1.#d)[LO],(#a1.d3)[LO],(#F-1.C-1.#d1)[O],(c1.#f)[L],#a1[LO],(F-1.d3.D-1.#F-1.f)[LO],(#a1.d3)[LO],(#F-1.#d1)[O],(a.c1)[L],#a1[MN],c1[NO],(#F-1.#A-2.C-1)[LO],#a1[LO],(#F-1.f1)[O],(#a.#c1)[MNO],#a1[O],C-1[L],e[O],(#F-1.D-1)[LO],(#a1.#F-1)[M],#F-1[N],f[NO],(C-1.#F-1.f1)[O],(#c1.#a)[L],#F-1[O],#a1[MN],Q,(g2.A-1.C-1.#F-1.d1)[LM],(d1.#a1.g1.#c.C-1.d2.#F-1.g2.G-2)[LM],(#F-1.d1.d)[LM],(g1.D-1.g.#a1.#F-1)[LNO],d2[O],(d1.C-1.#a.G-2.#F-1)[LM],(b1.f1.g2.g.d2.G-2.C-1.#F-1)[LM],(f.d1.#F-1)[LM],(g.f1.d2.b1.#F-1.D-1)[LM],(b.d1.#F-1)[M],f2[L],(c2.g1.C-1.c1.#F-1.f2)[LM],(#d1.#F-1.#d)[M],#d2[LN],(#F-1.g.D-1.#d1.g1)[LM],(c1.#F-1.C-1.c2)[LM],(#d2.C-1.g1.#d1.#a.c2.#A-2.#F-1)[LM],(d2.#d1.d1.#F-1)[MN],c1[MN],(c2.D-1.#F-1)[MN],#a[MN],(#d1.#A-1.#F-1.#a1)[LM],(#F-1.a1.f2.F-1.f1.C-1.c2)[LM],(#F-1.c1.c)[LM],(a1.f.f1.D-1.#F-1)[LM],(c2.c1.a.C-1.#F-1.F-1)[MN],c2[MN],(C-1.c2.a1.f1.A-2.#F-1)[O],f2[LNO],(#F-1.f.c1)[NO],g2[LO],(f1.D-1.a1.a.#F-1.c2)[LM],(c1.A-2.#F-1)[MO],f2[MNO],(#F-1.C-1.f1.#A-2.#a1)[O],#d2[LNO],(d.d1.#F-1)[N],d2[LN],(#a1.#F-1.f.f1.D-1.d2)[LM],(C-1.#a.#A-2.#F-1.d1)[LM],(a1.d2.d.C-1.#f1.#F-1)[MN],d1[MN],(#F-1.#f.#f1)[MN],a1[MN],(c1.d2.D-1.#F-1)[L],#a1[M],(a1.#F-1.D-1.a.C-1)[M],c2[N],#f1[MN],(G-2.g1.#a1.#a.#F-1.C-1)[O],d2[LNO],(d1.#F-1.d)[LM],(d1.D-1.#F-1.g1.d2.g)[LN],#a1[N],(#a.G-2.C-1.d1.#F-1)[MN],a1[MN],(#F-1.C-1.G-2.d2.#a1)[O],g1[LNO],(d.d1.#F-1)[LM],(g.d2.D-1.#F-1.#a1.g1)[L],#d2[M],(d1.#F-1.#a)[MO],d2[LO],(d2.#F-1.c1.#d1.C-1.g1)[L],c2[M],(#d1.#d.#F-1)[M],#d2[L],(#d1.D-1.g1.g.#F-1.c2)[LM],(#F-1.#d1.C-1.#A-2.c1)[LM],(C-1.c2.A-2.g1.#F-1.#d2)[LM],(#F-1.#d.#d1)[LM],(g1.D-1.g.#d2.#F-1)[L],c2[M],(c1.#d1.#F-1)[MO],#a1[MNO],(C-1.#F-1.d2.#f1)[O],a1[LNO],(d.#F-1.d1)[LM],(#F-1.#f1.d2.#f.D-1)[LN],a1[N],(a.D-1.C-1.d1.#F-1)[MN],#a1[MN],(C-1.#F-1.c1.#f1.d2.a1)[N],c2[LN],(#F-1.d.d1)[LM],(#f.#f1.D-1.#F-1.d2.a1)[L],d2[M],(a.d1.#F-1)[M],#a1[L],(#F-1.C-1.g1.#a.d2.G-1.#a1)[O],a1[LNO],(#F-1.d)[LM],(g.g1.#F-1.D-1)[LM],(#F-1.#a.G-1.C-1.#a1)[LM],(d1.d.D-1.d2.#F-1.C-1)[MN],c2[MN],(a1.#F-1.#d1)[MN],(#f1.C-1)[MN],(#F-1.D-1)[MN],(d1.c1)[MN],(C-1.#F-1.a.#A-2)[MN],#f[MN],(A-2.#c.a1.e2.#F-1.C-1)[LM],(e.e1.#F-1.c2)[LM],(a.#F-1.c2.a1.D-1)[LM],(A-2.e.#F-1.e1.C-1)[MN],d2[MN],(a1.A-2.c2.c1.C-1.#F-1)[O],e2[LNO],#F-1[LM],(a1.#F-1.c2.e1.D-1)[LNO],f2[O],(e1.#F-1)[LNO],e2[O],(C-1.f1.d.#F-1.a1)[LM],(f.#F-1.d1)[O],d2[M],(e1.c2)[MNO],(D-1.a1.a.f1.#F-1)[LNO],b1[O],(C-1.D-1.#F-1.f.d1)[LM],(a1.#F-1.d1.d2.C-1.f1)[LM],(d1.#F-1.f)[MO],(c2.e1)[MNO],(D-1.f1.d2.#F-1.a1)[MN],c1[MO],b1[O],(d1.D-1.b.#F-1)[MN],c1[MN],(d2.#g1.b1.d1.E-1.#F-1.C-1.#g2)[LM],(e1.#F-1.e.e2)[LM],(d2.#F-1.#g1.b1.D-1.#g)[LM],(E-1.e1.C-1.e.#F-1)[MNO],e2[MO],(E-1.b1.d2.b.#g1.C-1.#F-1)[N],f2[LN],(e1.e.#F-1)[LM],(b1.#F-1.#g1.d2.D-1)[LM],(e2.d1.#F-1)[LNO],e1[O],(A-1.C-1.c1.a1.#F-1.d2)[LM],(e1.#F-1.e)[N],c2[NO],(d1.b1)[MNO],(a1.#F-1.D-1.c2.a)[LNO],a1[O],(C-1.A-1.c1.#F-1)[LNO],(c2.e1)[O],(g1.G-1.#F-1.C-1.c1.g.b1)[LM],(d1.#F-1.d)[MO],(f1.d2)[O],g1[MN],(g.#F-1.b.D-1)[MN],b1[MN],(g1.G-1.C-1.#F-1.e2)[MN],d1[MN],(c2.A-1.#F-1.C-1.c1.a1)[LM],(e1.#F-1.e)[LM],(a.#F-1.a1.D-1)[LM],(c2.#F-1.e1.E-1.C-1.c1)[MNO],b1[MO],(A-2.#c1.C-1.#c2.#F-1)[N],a1[LN],(e1.#F-1.g)[LM],(a.#F-1.#c2.a1.D-1)[LO],g2[NO],(e1.#F-1.g)[MN],g2[MN],(C-1.a1.d.d2.#F-1.f1)[NO],g2[LO],(f.d1.#F-1)[O],f2[M],(c2.e1)[MNO],(d2.a1.f1.a.D-1.#F-1)[LNO],b1[O],(C-1.#F-1.f.D-1.d1)[LM],(C-1.d2.a1.#F-1.d1.B-2)[LM],(f.#F-1.f1)[MO],(c2.e1)[MNO],(D-1.a1.a.#F-1)[L],d2[NO],(b1.d1)[O],(f.f1.#F-1)[M],c2[O],d1[MNO],(E-1.#g1.#F-1.C-1.b1)[LM],(e1.e.#F-1)[LM],(#F-1.D-1.#g.#g1)[LM],(b1.E-1.C-1.e1.#F-1.b)[MN],c2[MN],(b1.#g1.d1.C-1.#F-1.E-1)[N],d2[LN],(e1.#F-1.e)[O],c2[LNO],(#F-1.b.#g1.b1.D-1)[LM],(e1.d1.#F-1)[MO],#g1[MNO],(#F-1.c2.A-2.C-1.b1)[LM],(e.a1.c.#F-1.e1)[MN],c[MN],(D-1.#F-1.a1.c2.a.c)[LM],(#F-1.c1.C-1.A-2.B-1.e1)[LM],(e.#F-1.e1.b1.C-1.E-1)[MO],#g1[MN],e2[O],(e1.f1.#F-1.d)[MN],(d1.c)[MN],(D-1.#g1.b1.B-1.#F-1)[MN],A-1[MO],d1[O],(a2.A-1.E-1.#F-1.C-1.e1)[MO],b[MNO],(e2.a1.a2.A-2.#c.C-1.#F-1.e1.c2)[LM],(#F-1.e.e1)[LM],(a1.#F-1.a2.c2.a.D-1)[LNO],e2[O],(e1.C-1.c1.A-2.#F-1)[LM],(C-1.#F-1.g1.a2.A-2.#c2.a1.e2.a)[LM],(g.#F-1.e1)[LM],(a.#c2.e2.D-1.#F-1.g1)[LM],(g1.#c1.#F-1.e1)[M],g2[L],(C-1.g1.#F-1.a1.d2.d1.g2)[LM],(#F-1.f1.f)[N],f2[LN],(a1.f1.D-1.a.#F-1)[LM],(d1.D-1.d2.#F-1.C-1)[LM],(C-1.d2.f2.#F-1.c1.a1.f1)[LM],(e1.e2.f1.#F-1)[LM],(d2.d1.#F-1.D-1)[MN],c1[MN],(c2.f1.c1.c.#F-1)[LM],(g1.C-1.b1.#F-1.d2.G-1.g2)[LM],(d.d1.#F-1)[LM],(g1.b1.#F-1.g.D-1)[LM],(b.d1.d2.#F-1.C-1.G-1)[MN],d2[MN],(g1.#F-1.b1.C-1.d2.B-2)[O],g2[LNO],(g.d1.#F-1)[NO],a2[LO],(b.b1.D-1.d2.g1.#F-1)[LM],(d1.#F-1.B-2)[MO],g2[MNO],(c1.#F-1.g1.C-1.c2)[O],f2[LNO],(e1.#F-1.e)[N],e2[LN],(c2.D-1.g1.g.#F-1.e2.d1.d2)[LM],(e1.C-1.#F-1.c1)[LM],(e.e2.E-1.b1.#g1.#F-1.C-1)[MN],e1[MN],(#F-1.#g)[MO],#g1[MN],b1[O],(#F-1.D-1.d1)[L],c2[NO],e2[O],(#F-1.E-1.b.C-1)[M],d2[O],b1[MNO],(a.a1.A-2.C-1.#F-1.c2.c1)[O],e2[LNO],(e1.e.#F-1)[LM],(a.a1.e2.D-1.#F-1.e1)[LN],c2[N],(#F-1.c1.C-1.A-2.e1)[MN],b1[MN],(A-2.e2.#F-1.C-1.c2)[O],a1[LNO],(e.#F-1.e1)[LM],(a.e2.D-1.a1.#F-1.c2)[L],f2[M],(#F-1.e1.c1)[NO],e2[LO],(e2.C-1.a1.#F-1.d1.f1)[L],d2[M],(#F-1.f.f1)[M],f2[L],(f1.a1.d2.D-1.#F-1.a)[LM],(f1.#F-1.C-1.d1)[LM],(C-1.#F-1.d2.B-2.a1.f2)[LNO],d2[O],(#F-1.f.f1)[LM],(a1.f2.#F-1.D-1.a)[L],d2[M],(f1.d1.#F-1)[MO],c2[MNO],(e2.E-1.#g1.#F-1.C-1)[O],b1[LNO],(e1.#F-1.e)[LM],(D-1.#F-1.#g1.e2.#g)[LN],b1[N],(E-1.e1.#F-1.C-1.b)[MN],c2[MN],(#g1.e2.b1.E-1.C-1.d1.#F-1)[N],d2[LN],(e1.e.#F-1)[LM],(D-1.#g.#g1.b1.#F-1.e2)[L],e2[M],(#F-1.b.e1)[M],c2[L],(A-1.#F-1.C-1.c2.a1.e2.c1)[O],b1[LNO],(e1.e.#F-1)[LM],(a.a1.D-1.#F-1)[LM],(A-1.C-1.#F-1.c2.c1)[LM],(e.E-1.e2.#F-1.C-1.e1)[MN],d2[MN],(b1.#F-1.f1)[MN],#g1[MN],(D-1.#F-1)[MN],(e1.d1)[MN],(C-1.b.#F-1)[MN],#g[MN],(f2.#A-2.#a1.C-1.#F-1.#c)[LM],(f.#c2.#F-1)[LM],(f1.#a1.#a.D-1.#c2.#F-1)[LM],(C-1.#F-1.f.#A-2.f1)[MN],#d2[MN],(#A-2.#a1.#c2.#F-1.C-1.#c1.f1)[O],f2[LNO],(#F-1.f1)[LM],(#c2.#a1.#F-1.D-1.f1)[LNO],#f2[O],(#F-1.f1)[LNO],f2[O],(#F-1.C-1.#a1.#D-1.#d.#f1)[LM],(#F-1.#f.#d1)[O],#d2[LNO],(#f1.#a.#F-1.#a1.D-1)[LM],(#D-1.C-1.#F-1.#f)[LM],(#d2.#a1.#F-1.C-1.#f1.#d1.#D-1)[LM],(#d1.#F-1.#f)[LM],(#f1.#a1.#d2.#F-1.D-1)[MN],#c1[MN],(#F-1.#D-1.c1)[MN],#c1[MN],(#d1.c2.a1.#d2.C-1.F-1.#F-1.a2)[LM],(#F-1.f1.f)[LM],(c2.a.#d2.D-1.#F-1.a1.#c1)[LNO],f2[O],(#F-1.f.F-1.f1.C-1)[MNO],f2[MO],(F-1.c2.C-1.c1.#d2.#F-1.a1)[N],#f2[LN],(f.f1.#F-1)[LM],(#F-1.c2.a1.D-1.#d2)[LM],(f2.#d1.f1.#F-1)[LM],(#A-1.C-1.#a1.#F-1.#d2)[LM],(f1.#F-1.f)[N],#c2[LN],(#c2.#F-1.#a.#a1.D-1.#c1)[LM],(C-1.#F-1.f1.#A-1.#c1)[LM],(#G-1.c2.c1.#g1.#F-1.#c1.C-1.#g)[LM],(#d.#d1.#F-1)[O],#a2[MO],#g1[MN],(D-1.#g.c1.#F-1.#a)[NO],#a2[NO],c2[MN],(#F-1.#G-1.C-1.#g1)[O],#a2[MO],#d1[MN],(#a.#c2.C-1.#F-1.#A-1.#a1.#c1.f2)[LM],(f.f1.#F-1)[LM],(#a1.#c2.D-1.#a.#F-1)[LN],f2[N],(#F-1.C-1.f1.#c1.F-1)[MN],#d2[MN],(#A-2.d2.#a1.d1.#F-1.C-1)[N],f2[LN],(#g.f1.#F-1)[LM],(d2.#F-1.#a.D-1.#a1)[LM],(#g.f1.#F-1)[NO],#g2[L],#g2[O],(#a1.#F-1.#f1.#d2.#d.#D-1.C-1)[LM],(#d1.#F-1.#f.#f2)[LM],(#a1.#d2.#a.#F-1.#f1.D-1)[LM],(C-1.#f.#D-1.#F-1)[LM],(#d1.#F-1.C-1.#d2.#a1)[LM],(#f.#F-1.#f1)[LM],(#F-1.#a.D-1.#a1)[L],#d2[M],(#f.#F-1.#f1)[M],#d2[MNO],#c2[O],(a1.#F-1.C-1.F-1)[MN],c2[MN],(#F-1.f.f1)[LM],(D-1.a1.#F-1.a)[LNO],c2[O],(C-1.F-1.f1.c1.#F-1)[MN],#c2[MN],(#F-1.F-1.c2.#d1.a1.C-1)[N],#d2[LN],(f.#F-1.f1)[LM],(D-1.#F-1.c1.c2)[LM],(f1.#F-1.#d1)[O],a1[LNO],(#A-2.#c2.#F-1.C-1)[O],#a1[LNO],(f1.f.c.#F-1)[MN],c[MN],(D-1.#a1.#c2.#F-1.#a.c.b1)[LM],(B-1.#c1.#A-2.#F-1.C-1)[LM],(a1.f.c2.f1.g.C-1.#F-1.F-1)[LM],(#f1.f1.#F-1)[MN],(#d1.c)[MN],(a.#F-1.a1.c2.D-1.B-1)[MN],A-1[MN],(#a2.f1.#F-1.F-1.C-1.A-1)[LM],(f1.#a1.#F-1.#A-2.#a2.#c2.#c.f2.C-1)[LM],(f.f1.#F-1)[LM],(#a2.#F-1.#a.D-1.#a1.#c2)[LM],(f2.#c1.#A-2.f1.#F-1.C-1)[LM],(#g1.f2.#A-2.#a.#a2.#a1.#F-1.C-1.d2)[LM],(f1.#g.#F-1)[LM],(f2.#g1.#a.#F-1.d2.D-1)[LM],(d1.f1.#F-1.#g1)[M],#g2[L],(#d1.#a1.#F-1.C-1.#g1.#D-1.#d2)[O],#g2[LNO],(#f.#F-1.#f1)[N],#f2[LN],(#f1.#a1.#F-1.#a.D-1)[LM],(#F-1.#d1.#D-1.C-1.#d2)[LM],(#f1.#d2.#f2.#F-1.#c1.#C-1.#a1.C-1)[LM],(f1.#F-1.#f1.f2)[LM],(#d2.#d1.#F-1.D-1)[MN],#c1[MN],(#c1.#c2.#f1.#c.#F-1)[LM],(#d2.#G-1.#F-1.c2.#g1.#g2.C-1)[LM],(#F-1.#d.#d1)[LM],(c2.#g.#g1.D-1.#F-1)[LM],(#d1.c1.#G-1.#F-1.#d2.C-1)[MN],#d2[MN],(#g1.c2.#F-1.C-1.#d2)[O],#g2[LNO],(#g.#d1.#F-1)[NO],#a2[LO],(c1.#d2.D-1.#g1.c2.#F-1)[LM],(#F-1.C-1.#d1)[MO],#g2[MNO],(#g1.#c2.#c1.#C-1.C-1.#F-1)[O],#f2[LNO],(f.f1.#F-1)[N],f2[LN],(D-1.#g.#d2.f2.#d1.#c2.#F-1.#g1)[LM],(C-1.f1.#c1.#F-1.#C-1)[LM],(a1.#F-1.F-1.C-1.c2.f2.f)[MN],f1[MN],(a.a1.#F-1)[MN],c2[MN],(#F-1.f2.D-1.#d1)[L],#c2[M],(C-1.F-1.c1.#F-1.c2)[M],#d2[N],a1[MN],(a.#c1.#a1.#A-2.#c2.#F-1.C-1)[O],f2[LNO],(f1.f.#F-1)[LM],(f1.f2.#a1.D-1.#a.#F-1)[LN],#c2[N],(f1.#c1.#F-1.#A-2.C-1)[MN],c2[MN],(#F-1.C-1.#A-2.f2.#c2)[O],#a1[LNO],(f.#F-1.f1)[LM],(#a.#a1.#c2.f2.D-1.#F-1)[L],#f2[M],(#F-1.f1.#c1)[NO],f2[LO],(f2.C-1.#d1.#f1.#F-1.#D-1.#a1)[L],#d2[M],(#F-1.#f1.#f)[M],#f2[L],(#a1.#f1.#F-1.D-1.#a.#d2)[LM],(#F-1.#d1.#C-1.#f1.C-1)[LM],(#d2.C-1.#F-1.#f2.#a1)[LM],(#f1.#F-1.#f)[LM],(#f2.#F-1.#a.#a1.D-1)[L],#d2[M],(#d1.#f1.#F-1)[MO],#c2[MNO],(a1.C-1.#F-1.f2.F-1)[O],c2[LNO],(f.#F-1.f1)[LM],(D-1.a.f2.#F-1.a1)[LN],c2[N],(c1.F-1.f1.#F-1.C-1)[MN],#c2[MN],(#d1.f2.a1.#F-1.F-1.c2.C-1)[N],#d2[LN],(f.f1.#F-1)[LM],(D-1.a.f2.a1.c2.#F-1)[L],f2[M],(c1.#F-1.f1)[M],#c2[L],(#A-1.#c1.C-1.#a1.#a2.#F-1.#a.#c2.f2)[O],c2[LNO],(#F-1.#a.f.#a2)[LM],(#a1.D-1.#F-1.c3.#a.c1)[LM],(#c3.#F-1.#c1.C-1.#c2.#A-1.d)[LM],(F-1.f1.f.f2.f3.#F-1.C-1)[MN],(c.#d2)[MN],(#f3.#F-1.#f1.c.c2)[MN],(a1.#d3.#D-1.#d1)[MN],(D-1.#F-1.B-1)[MN],(f3.f1.#d1.A-1)[MN],(C-1.#C-1.c1.#c3.#F-1.#c1)[MN],(a.G-1)[MN],(C-1.#A-2.f3.#A-1.f2.#F-1.#c)[LM],(f.#F-1.#c1)[MN],#c2[MN],(#c3.f3.#a.#F-1.f2.D-1)[MN],c3[MN],(#F-1.#a2.f.#A-2.C-1)[MN],#c2[MN],(f3.#c1.#F-1.#A-2.C-1)[MN],#c2[MN],(#F-1.f2.f)[MN],#c1[MN],(D-1.f2.f3.#F-1.#a)[MN],#a1[MN],(f.#F-1.#c2)[MN],(#a1.#f3.#f2)[MN],(#d.#d3.#d2.#D-1.#F-1.C-1)[MO],#a1[MN],#f2[O],(#F-1.#f.#d1)[MN],#f1[MN],(#d3.#d2.D-1.#a.#a1.#F-1)[MO],f2[O],#f1[MN],(#d3.#d2.#D-1.#d1.C-1.#F-1.#f)[LM],(#d2.#D-1.#F-1.C-1.#d1.#f2.#d3)[MN],f2[MN],(#d2.#F-1.#d3.#f)[MN],#a1[MN],(#F-1.#a.#d1.D-1.#d3.#d2)[MN],(#c3.#c2.#f1)[MN],(#F-1.c2.#f.#a1.c3)[MN],(#f1.#c2.#c3)[MN],(C-1.F-1.#F-1.#d2.#d3)[MN],c1[MN],(#d1.#F-1.f)[LNO],a1[O],(a.c2.D-1.#F-1.#d2.#d3)[MN],a1[MN],(#F-1.f1.f.F-1.C-1)[LM],(#d3.#F-1.a2.F-1.C-1.#d1.#d2)[MN],#d2[MN],(f.c3.#F-1)[MN],f1[MN],(a.#d2.#F-1.D-1.#d3)[MN],f2[MN],(f.a2.#F-1)[MN],(#d2.f3.f2)[MN],(#c2.#F-1.C-1.#A-1.#A-2.#c3)[LM],(#F-1.f)[LNO],f2[O],(D-1.#a.#c2.#a2.#c3.#F-1)[MO],#d2[O],c3[MN],(#A-2.#c3.#c2.#F-1.#a2.f.C-1)[MN],#a[MN],(C-1.#c2.#G-2.#c3.#F-1.#c1)[MN],f2[MN],(#a2.#c3.#c2.f.#F-1)[MN],#a1[MN],(#a.#c2.#c3.#c1.D-1.#F-1.#g)[MN],(c3.f2.c2)[MN],(#a2.#F-1.c1.#a1.#c2.C-1)[MN],(c3.c2.#a1)[MN],(f2.f3.#A-1.#F-1.C-1.#A-2.#c)[LM],(f.#F-1)[MO],f1[MN],#c2[O],(#a.f3.D-1.#F-1.f2)[MO],c2[O],c3[MN],(f.#F-1.#A-2.C-1)[MN],STWUY,(e1.e2.e3.a1.c2)[LN],(e1.e2.e3.a1.c2)[LN],(e1.e2.e3.a1.c2)[LN],(e1.e2.e3.a1.c2)[LN],(e1.e2.e3.a1.c2)[LN],(e1.e2.e3.a1.c2)[LN],(e1.e2)[MO],(a1.a2)[MO],(c2.c3)[MO],(e2.e3)[MO],(f1.a1.c1.#d2.#d3)[LN],(f1.a1.c1.#d2.#d3)[LN],(f1.a1.c1.#d2.#d3)[LN],(f1.a1.c1.#d2.#d3)[LN],(f1.a1.c1.#d2.#d3)[LN],(f1.a1.c1.#d2.#d3)[LN],(f1.f2)[MO],(a1.a2)[MO],(c2.c3)[MO],(#d2.#d3)[MO],(d.f1.a1.d2.d3)[KM],(c2.c3)[LN],(a1.a2)[LN],(e.d1.#g1.c2.c3)[LN],(e.d1.#g1.c2.c3)[KM],(c1.e1.a1.a2)[K],U;8<(A-1~e~a~c~e~a~c1~e1~a1.a3)[KM]>,T;(A-2.B-2.a.a2)[MO],(b.b2)[MO],(A-1.c1.c3)[MO],(e1.e3)[MO],(A-2.B-2.a.a2)[MO],(b.b2)[MO],(A-1.c1.c3)[MO],(e1.e3)[MO],(A-2.B-2.a.a2)[MO],(b.b2)[MO],(A-1.c1.c3)[MO],(e1.e3)[MO],(A-2.B-2.a.a2)[MO],(b.b2)[MO],(A-1.c1.c3)[MO],(e1.e3)[MO],(A-2.B-2.a.a2)[MO],(b.b2)[MO],(A-1.c1.c3)[MO],(e1.e3)[MO],(A-2.B-2.a.a2)[MO],(b.b2)[MO],(A-1.c1.c3)[MO],(e1.e3)[MO],(A-2.B-2.a.a2)[MO],(b.b2)[MO],(A-1.c1.c3)[MO],(a.e1)[LN],(a.e1)[LN],(a.f1)[LN],(a.f1)[LN],(a.e1)[LN],(a.e1)[LN],(a.f1)[LN],(a.f1)[LN],(a.e1)[LN],(#g.e1)[LN],(#g.f1)[LN],(#g.f1)[LN],(#g.e1)[LN],(#g.e1)[LN],(#g.a1.a2)[LN],(#g.a1.a2)[LN],(#g.#g1.#g2)[LN],(E-2.B-2.E-1.e)[LN],E-2[LN],(D-1.E-1.e)[LN],(E-2.e1)[LN],(B-2.D-1.e1.f1.#g1.b1.d2)[LN],(E-1.e.e1.f1.#g1.b1.d2)[LN],E-1[LN],(E-2.A-1.#A-1.e1.f1.a1.c2.d2)[LN],(A-2.B-2.#F-1.a.e1.c2.a2)[MO],(b.b2)[MO],(A-1.c1.c3)[MO],(e1.e3)[MO],(A-2.E-1.a.a2)[MO],(b.b2)[MO],(A-1.c1.c3)[MO],(e1.e3)[MO],(A-2.B-2.a.a2)[MO],(b.b2)[MO],(B-2.A-1.c1.c3)[MO],(e1.e3)[MO],(A-2.E-1.a.a2)[MO],(b.b2)[MO],(A-1.a.c1.e1.c3)[MO],(e1.e3)[MO],(A-2.B-2.a.c1.e1.a2)[LN],(A-1.a.c1.f1)[LN],(A-2.B-2.a.c1.f1)[LN],(A-1.c1.e1)[LN],(A-2.B-2.a.c1.e1)[LN],(A-2.a.c1.f1)[LN],(A-2.a.c1.f1)[LN],(A-1.e1)[LN],(#G-2.B-2.#g.b.e1)[LN],(#G-1.#g.f1)[LN],(#G-2.#g.b.f1)[LN],(#G-1.e1)[LN],(#G-2.B-2.b.e1)[LN],(#G-1.b.e1.a1)[LN],(#G-2.B-2.b.e1.a1)[LN],(#G-1.b.#g1)[LN],(E-2.B-2.E-1)[LN],(E-2.e)[LN],(D-1.E-1)[LN],(E-2.e)[LN],(B-2.D-1.E-1.e1.#g1.b1.d2.f2)[LN],(e.e1.#g1.b1.d2.f2)[LN],E-1[LN],(E-2.#A-1.e.e1.a1.b1.c2.f2)[LN],(A-2.B-2.#F-1.A-1.a.a1.e2.a2)[MO],(b.b2)[MO],(A-1.a.c1.c3)[MO],(e1.e3)[MO],(A-2.E-1.A-1.a.a2)[MO],(b.b2)[MO],(A-1.a.c1.c3)[MO],(e1.e3)[MO],(A-2.B-2.A-1.a.a2)[MO],(b.b2)[MO],(B-2.A-1.a.c1.c3)[MO],(e1.e3)[MO],(A-2.E-1.A-1.a.a2)[MO],(b.b2)[MO],(A-1.#A-1.a.c1.c3)[MO],(e1.e3)[MO],(A-2.B-2.#F-1.a.b1.d2.a2)[LN],(A-1.b1.d2)[LN],(A-2.E-1)[LN],(A-1.e1.a1.c2)[LN],(A-2.B-2)[LN],A-1[LN],(A-2.E-1)[LN],(A-1.e1.a1.c2)[LN],(A-2.B-2.e1.#g1.b1)[LN],(A-1.e1.#g1.b1)[LN],(A-2.E-1)[LN],(A-1.e1.a1.c2)[MO],b1[MO],(A-2.B-1.a.a1)[LN],(B-2.A-1)[LN],(G-2.E-1.g)[LN],(G-1.#A-1)[LN],(F-2.B-2.#F-1.f)[LN],(F-1.f.#a1.d2)[LN],(F-2.E-1.f1.#a1.d2)[LN],F-1[LN],(F-2.B-2.f1.a1.c2)[LN],(F-1.f1.a1.c2)[LN],(F-2.E-1)[LN],(B-2.F-1.f1.a1.c2)[MO],F-2[MO],(F-2.B-2.f1.a1.b1)[LN],(F-1.f1.a1.b1)[LN],(F-2.E-1)[LN],(F-1.f1.a1.c2)[MO],b1[MO],(F-2.B-2.f.f1.a1)[LN],(B-2.F-1)[LN],(E-2.E-1.e.e1)[LN],(E-1.e.a1)[LN],(B-2.D-1.d.c1.d1.f1.a1)[LN],(D-1.b1)[LN],(D-1.E-1.b1)[LN],(d.a1)[LN],(B-2.D-1.a1)[LN],(d.b1)[MO],b1[MO],(D-1.E-1)[LN],(D-1.a1)[LN],(B-2.#D-1.#d.#f.a.c1.#d1.a1)[LN],(#d.b1)[MO],b1[MO],(#D-1.E-1)[LN],(#d.a1)[LN],(B-2.#D-1.a1)[LNP],(#d.c2)[LNO],(#D-1.E-1.c2)[LNO],(#d.b1)[KLM],8<(B-1.b~c.c1~d.d1)[M]>,(e.e1)[LN],(f.f1)[LN],(d.d1)[LN],(e.e1)[LN],(c.c1)[LN],(d.d1)[LN],(B-1.b)[LN],(E-1.e.e1)[LN],(F-1.f.f1)[LN],(D-1.d.d1)[LN],(E-1.e.e1)[LN],(C-1.c.c1)[LN],(D-1.d.d1)[LN],(B-2.B-1.b)[LN],(A-3.#A-3.B-3.C-2.C-2.D-2.#D-2.E-2.F-2.#F-2.G-2.#G-2.A-2.#A-2.B-2.C-1.#C-1.D-1.#D-1.E-1.F-1.F-1.G-1.#G-1.A-1.#A-1.B-1.c.#c.d.#d.e.f.#f.g)[M],T;(A-2.B-2.A-1.#f.a.c1.e1.a2.c2)[MO],#f[MO],(B-2.#f.a.c1.e1.b1.d2.b2)[MO],#f[MO],(B-2.C-1.#F-1.#f.a.c1.e1.c2.e2.c3)[MO],#f[MO],(A-2.#f.a.c1.e1.a2.c2.g2.a2)[MO],#f[MO],(B-2.#f.a.c1.e1.b1.d2.b2)[MO],#f[MO],(C-1.#f.a.c1.c2.c3.e1.e2)[MO],#f[MO],(B-2.#F-1.#f.a.c1.e1)[MO],#f[MO],(#f.b.#d1.#f1)[MO],#f[MO],(B-2.#f.b.#d1.#f1)[MO],#f[MO],(#f.b.#d1.#f1)[MO],#f[MO],(B-2.#F-1.#f.b.#d1.#f1.b1.d2.b2)[MO],#f[MO],(A-2.#f.b.#d1.#f1.a1.c2.a2)[MO],#f[MO],(B-2.#f.b.#d1.#f1.b1.d2.b2)[MO],#f[MO],(C-1.#f.b.#d1.#f1.c2.#d2.c3)[MO],#f[MO],(B-2.#F-1.#f.b.#d1.#f1)[MO],#f[MO],(#f.b.d1.f1)[MO],#f[MO],(B-2.#f.b.d1.f1)[MO],#f[MO],(#f.b.d1.f1)[MO],#f[MO],Q,(#a1.#c2.e2.g2)[K],T,#c3[M],c3[M],b2[M],#a2[M],T;g3[M],#f3[M],f3[M],e3[M],T,#c3[M],c3[M],b2[M],#a2[M],T;g2[M],#f2[M],f2[M],e2[M],T,#c2[M],c2[M],b1[M],#a1[M],T;g1[K],#f1[K],f1[K],Q,c1[M],U,c1[M],U,c1[M],c1[M],d2[M],g4[J],R,(f1.f2)[M],(f1.f2)[M],(#f1.#f2)[M],(#f1.#f2)[M],(g1.g2)[KM];(b1.b2)[L],US,(c.d.e.f.g.a.b)[M],(c.d.e.f.g.a.b)[M],(c.d.e.f.g.a.b)[M],(c.d.e.f.g.a.b)[M],(c.d.e.f.g.a.b)[M],(c.d.e.f.g.a.b)[M],(c.d.e.f.g.a.b)[M],(c.d.e.f.g.a.b)[M],(c.d.e.f.g.a.b)[M],RST,(c5.b4.#a4.a4)[M],R;(c5.b4.#a4.a4)[M],T;(c5.b4.#a4.a4)[M],TUV;(c5.b4.#a4.a4)[M],VW;(c.c1.g.G-1)[M],S;b[M],b[M],b[M],b[M],b[M],b[M],b[M],b[M],b[M],b[M],b[M],b[M],b[J],R,A-3[N],#A-3[N],B-3[N],C-2[N],C-2[N],D-2[N],#D-2[N],E-2[N],F-2[N],#F-2[N],G-2[N],#G-2[N],A-2[N],#A-2[N],B-2[N],C-1[N],#C-1[N],D-1[N],#D-1[N],E-1[N],F-1[N],#F-1[N],G-1[N],#G-1[N],A-1[N],A-1[N],#A-1[K],B-1[N],c[N],#c[N],#c[N],d[N],#d[N],e[N],e[N],f[K],#f[N],g[N],#g[N],a[N],#a[N],b[N],c1[N],#c1[N],d1[N],#d1[N],e1[N],f1[N],#f1[N],g1[N],#g1[N],a1[N],#a1[N],b1[N],c2[N],#c2[N],d2[N],#d2[N],e2[N],f2[N],#f2[N],g2[N],#g2[N],a2[N],#a2[N],b2[N],c3[N],#c3[N],d3[N],#d3[N],e3[N],f3[N],#f3[N],g3[N],#g3[N],b3[N],a3[K],#a3[N],b3[N],c4[N],#c4[N],d4[N],#d4[N],e4[N],e[N],f[N],#f[N],g[N],#g[N],a[N],#a[N],b[N],c1[N],#c1[N],d1[N],#d1[N],e1[N],f1[N],#f1[N],g1[N],#g1[N],a1[K],#a1[N],b1[N],c2[N],#c2[N],d2[N],#d2[N],e2[N],f2[N],#f2[N],g2[N],#g2[N],#g2[N],D-2[N],#D-2[N],E-2[N],F-2[N],#F-2[N],G-2[N],#G-2[N],A-2[N],#A-2[N],B-2[N],C-1[N],a2[N],#a2[N],b2[N],c3[N],#c3[N],d3[N],#d3[N],e3[N],f3[N],#f3[N],f4[N],#f4[N],g4[N],#g4[N],a4[N],#a4[N],b4[N],c5[I],(a.#a.b.c1~#c1.d1.#d1)[I],RS,(#G-1~#G-1~#G-1~#G-1)[LM],(C-1.g3)[M],(#G-1~#G-1)[L],#G-1[M],U,#G-1[M],(C-1.d3)[LMN],(#G-1.d3)[JK],e3[L],e3[J],c3[J],f2[K],d2[M],f2[J],f2[JK],g2[JK],f2[M],e2[M],d2[L],#a1[MN],a1[LM],(d.f1.a1.e2)[KLM],g2[K],a2[L],e2[K],f2[JK],c[M],d[M],G-1[M],A-1[M],C-1[M],D-1[M],F-1[K],(f2.a2.c3)[IK];"],"id":2,"instruments":["piano","piano"],"alternatives":["",""]},{"bpm":90,"baseBeats":0.25,"scores":["mute[L],5<V>,5<V>,mute[L],5<V>,5<V>,mute[L],5<V>,5<V>,mute[L],mute[L],mute[L],5<V>,mute[L],mute[L],5<V>,mute[L],mute[L],5<V>,mute[L],5<V>,mute[L],mute[L],5<V>,mute[L],mute[L],5<V>,mute[L],mute[L],5<V>,mute[L],mute[L],5<V>,mute[L],mute[L],5<V>,mute[L],5<V>,mute[L],5<V>,mute[L],5<V>,mute[L],5<V>,mute[L],mute[L],5<V>,mute[L],5<V>,mute[L],5<V>,mute[L],5<V>,mute[L],5<V>,mute[L],mute[L],mute[L],5<V>,mute[L],5<V>,5<V>,mute[L],5<V>,mute[L],5<V>,mute[L],5<V>,mute[L],5<V>,mute[L],5<V>,mute[L],5<V>,mute[L],5<V>,mute[L],5<V>,mute[L],5<V>,mute[L],5<V>,mute[L],5<V>,mute[L],5<V>,mute[L],5<V>,mute[L],5<V>,mute[L],5<V>,mute[L],5<V>,mute[L],5<V>,mute[L],5<V>,mute[L],5<V>,mute[L],5<V>,mute[L],5<V>,mute[L],5<V>,mute[L],5<V>,mute[L],5<V>,mute[L],5<V>,mute[L],5<V>,mute[L],5<V>,mute[L],5<V>,mute[L],5<V>,mute[L],5<V>,mute[L],5<V>,mute[L],5<V>,mute[L],5<V>,mute[L],5<V>,mute[L],5<V>,mute[L],5<V>,mute[L],5<V>,mute[L],5<V>,mute[L],5<V>,mute[L],5<V>,mute[L],5<V>,mute[L],5<V>,5<V>,5<V>,5<V>,5<V>,5<V>,5<V>,5<V>,5<V>,5<V>,5<V>,5<V>,5<V>,5<V>,5<V>,5<V>,5<V>,5<V>,5<V>,5<V>,5<V>,5<V>,5<V>,5<V>,5<V>,5<V>,5<V>,5<V>,5<V>,5<V>,5<V>,5<V>,5<V>,5<V>,5<V>,5<V>,5<V>,5<V>,5<V>,5<V>,5<V>,5<V>,5<V>,5<V>,5<V>,5<V>,5<V>,5<V>,5<V>,5<V>,5<V>,5<V>,5<V>,5<V>,V,V,V,U,V,5<V>,5<V>,5<V>,5<V>,5<V>,5<V>,5<V>,5<V>,5<V>,5<V>,5<V>,5<V>,5<V>,5<V>,5<V>,5<V>,5<V>,5<V>,V,U,V,U,V,U,V,U,V,U,V,WV,WV,V,WU,V,5<V>,V,5<V>,5<V>,V,5<V>,V,5<V>,V,5<V>,V,5<V>,V,5<V>,V,5<V>,U,U,U,5<V>,5<V>,5<V>,5<V>,5<V>,5<V>,5<V>,5<V>,5<V>,5<V>,5<V>,5<V>,5<V>,5<V>,5<V>,5<V>,5<V>,5<V>,5<V>,5<V>,5<V>,5<V>,5<V>,5<V>,5<V>,5<V>,U,U,U,U,U,mute[K],V,mute[K],V,mute[K],V,mute[K],V,mute[K],V,mute[K],V,mute[K],V,V,mute[M],V,V,mute[H],Q,mute[M],mute[M],mute[M],mute[M],mute[M],mute[M],mute[M],mute[M],mute[M],mute[M],mute[M],mute[M],mute[M],mute[M],mute[M],mute[M],mute[M],mute[M],mute[M],mute[M],mute[M],mute[M],mute[M],mute[M],mute[M],mute[M],mute[M],mute[M],mute[M],mute[M],mute[M],mute[M],mute[M],mute[M],mute[M],mute[M],mute[M],mute[M],mute[M],mute[M],mute[M],mute[M],mute[M],mute[M],mute[M],mute[M],mute[M],mute[M],mute[M],mute[M],mute[M],mute[M],mute[M],mute[M],mute[M],mute[M],mute[M],mute[M],mute[M],mute[M],mute[M],mute[M],mute[M],mute[M],mute[M],mute[M],mute[M],mute[M],mute[M],mute[M],mute[M],mute[M],mute[M],mute[M],mute[M],mute[M],mute[M],mute[M],mute[M],mute[M],mute[M],mute[M],mute[M],mute[M],mute[M],mute[M],mute[M],mute[M],mute[M],mute[M],mute[M],mute[M],mute[M],mute[M],mute[M],mute[M],mute[M],mute[M],mute[M],mute[M],mute[M],mute[M],mute[M],mute[M],mute[M],mute[M],mute[M],mute[M],mute[M],mute[M],mute[M],mute[M],mute[M],mute[M],mute[M],mute[M],mute[M],mute[M],mute[M],mute[M],mute[M],mute[M],mute[M],mute[M],mute[M],mute[M],mute[M],mute[M],mute[M],mute[M],mute[M],mute[M],mute[M],mute[M],mute[M],mute[M],mute[M],mute[M],mute[M],mute[M],mute[M],mute[M],mute[M],mute[M],mute[M],mute[M],mute[M],mute[M],mute[M],mute[M],mute[M],mute[M],mute[M],mute[M],mute[M],mute[M],mute[M],mute[M],mute[M],mute[M],mute[M],mute[M],mute[M],mute[M],mute[M],mute[M],mute[M],mute[M],mute[M],mute[M],mute[M],mute[M],mute[M],mute[M],mute[M],mute[M],mute[M],mute[M],mute[M],mute[M],mute[M],mute[M],mute[M],mute[M],mute[M],mute[M],mute[M],mute[M],mute[M],mute[M],mute[M],mute[M],mute[M],mute[M],mute[M],mute[M],mute[M],mute[M],mute[M],mute[M],mute[M],mute[M],mute[M],mute[M],mute[M],mute[M],mute[M],mute[M],mute[M],mute[M],mute[M],mute[M],mute[M],mute[M],mute[M],mute[M],mute[M],mute[M],mute[M],mute[M],mute[M],mute[M],mute[M],mute[M],mute[M],mute[M],mute[M],mute[M],mute[M],mute[M],mute[M],mute[M],mute[M],mute[M],mute[M],mute[M],mute[M],mute[M],mute[M],mute[M],mute[L],RST,mute[L],mute[JKL],mute[LM],mute[M],mute[M],mute[KL],mute[M],mute[M],mute[M],mute[M],mute[L],mute[JL],mute[M],mute[M],mute[KL],mute[M],mute[M],mute[KL],mute[M],mute[M],mute[L],mute[I],mute[L],mute[K],mute[L],mute[KL],mute[M],mute[I],mute[L],mute[K],mute[L],mute[KL],mute[L],mute[M],mute[I],mute[M],mute[KL],mute[M],mute[M],mute[L],mute[L],mute[L],mute[I],mute[M],mute[L],mute[K],mute[L],mute[KL],mute[L],mute[L],mute[I],mute[L],mute[KL],mute[L],mute[KL],mute[L],mute[L],mute[I],mute[KL],mute[L],mute[L],mute[K],mute[L],mute[L],mute[JKL],mute[LM],mute[M],mute[M],mute[KL],mute[M],mute[M],mute[M],mute[M],mute[L],mute[JL],mute[M],mute[M],mute[KL],mute[M],mute[M],mute[KL],mute[M],mute[M],mute[L],mute[I],mute[L],mute[K],mute[L],mute[KL],mute[L],mute[LM],mute[LM],mute[LM],mute[LM],mute[LM],mute[LM],mute[L],mute[K],mute[L],mute[KL],mute[L],mute[M],mute[I],mute[KL],mute[M],mute[M],mute[KL],mute[L],mute[L],mute[I],mute[M],mute[M],mute[KL],mute[M],mute[M],mute[K],mute[L],mute[L],mute[I],mute[L],mute[KL],mute[L],mute[KL],mute[L],mute[L],mute[I],mute[KL],mute[L],mute[L],mute[K],mute[L],mute[L],mute[JKL],mute[LM],mute[M],mute[M],mute[KL],mute[M],mute[M],mute[M],mute[M],mute[L],mute[JL],mute[M],mute[M],mute[KL],mute[M],mute[M],mute[KL],mute[M],mute[M],mute[L],mute[I],mute[L],mute[K],mute[L],mute[KL],mute[L],mute[LM],mute[LM],mute[LM],mute[LM],mute[LM],mute[LM],mute[L],mute[K],mute[L],mute[KL],mute[L],mute[M],mute[I],mute[KL],mute[M],mute[M],mute[KL],mute[L],mute[L],mute[I],mute[M],mute[M],mute[KL],mute[M],mute[M],mute[K],mute[L],mute[L],mute[I],mute[L],mute[KL],mute[L],mute[KL],mute[L],mute[L],mute[I],mute[KL],mute[L],mute[L],mute[K],mute[L],mute[L],mute[JKL],mute[LM],mute[M],mute[M],mute[KL],mute[M],mute[M],mute[M],mute[M],mute[L],mute[JL],mute[M],mute[M],mute[KL],mute[M],mute[M],U,mute[M],mute[M],mute[M],mute[M],mute[M],mute[M],mute[M],mute[M],mute[M],mute[M],mute[M],mute[M],mute[M],mute[M],mute[M],mute[M],mute[M],mute[M],mute[M],mute[M],mute[M],mute[M],mute[M],mute[M],mute[M],mute[M],mute[M],mute[M],mute[M],mute[M],mute[M],mute[M],mute[M],mute[M],mute[M],mute[M],mute[M],mute[M],mute[M],mute[M],mute[M],mute[M],mute[M],mute[M],mute[M],mute[M],mute[M],mute[M],mute[M],mute[M],mute[M],mute[M],mute[M],mute[M],mute[M],mute[M],Q,mute[KL],mute[KL],mute[KL],mute[M],U,mute[M],mute[M],U,mute[M],mute[M],U,mute[M],mute[M],U,mute[M],mute[K],mute[M],U,mute[M],mute[M],U,mute[M],mute[K],mute[M],U,mute[M],mute[M],U,mute[M],mute[M],U,mute[M],mute[M],U,mute[M],mute[K],mute[M],U,mute[M],mute[M],U,mute[M],mute[K],mute[M],U,mute[M],mute[M],U,mute[M],mute[M],U,mute[M],mute[M],U,mute[M],mute[M],U,mute[M],mute[K],mute[M],U,mute[M],mute[K],mute[M],U,mute[M],mute[M],U,mute[M],mute[M],U,mute[M],mute[M],U,mute[M],mute[M],U,mute[M],mute[M],U,mute[M],mute[M],U,mute[M],mute[K],mute[M],U,mute[M],mute[M],U,mute[M],mute[M],U,mute[M],mute[M],U,mute[M],mute[K],mute[M],U,mute[M],mute[M],U,mute[M],mute[K],mute[M],U,mute[M],mute[M],U,mute[M],mute[M],U,mute[M],mute[M],U,mute[M],mute[K],mute[M],U,mute[M],mute[M],U,mute[M],mute[K],mute[M],U,mute[M],mute[M],U,mute[M],mute[M],U,mute[M],mute[M],U,mute[M],mute[M],U,mute[M],mute[K],mute[M],U,mute[M],mute[K],mute[M],U,mute[M],mute[M],U,mute[M],mute[M],U,mute[M],mute[M],U,mute[M],mute[M],U,mute[M],mute[M],U,mute[M],mute[M],U,mute[M],mute[M],U,mute[M],mute[K],mute[M],U,mute[M],mute[M],U,mute[M],mute[M],U,mute[M],mute[K],mute[M],U,mute[M],mute[M],U,mute[M],mute[M],U,mute[M],mute[K],mute[M],U,5<V>,mute[M],U,mute[M],mute[M],U,mute[M],mute[M],U,mute[M],mute[M],U,mute[M],mute[M],U,mute[M],mute[M],U,mute[M],mute[K],mute[M],U,mute[M],mute[M],U,mute[M],mute[M],U,mute[M],mute[K],mute[M],U,mute[M],mute[M],U,mute[M],mute[M],U,mute[M],mute[K],mute[M],U,5<V>,mute[K],mute[K],mute[M],U,mute[M],mute[M],U,mute[M],mute[M],U,mute[M],mute[M],U,mute[M],mute[K],mute[M],U,mute[M],mute[M],U,mute[M],mute[M],U,mute[M],mute[K],mute[M],U,mute[M],mute[M],U,mute[M],mute[M],U,mute[M],mute[K],mute[M],U,5<V>,mute[M],U,mute[M],mute[M],U,mute[M],mute[M],U,mute[M],mute[M],U,mute[M],mute[M],U,mute[M],mute[M],U,mute[M],mute[K],mute[M],U,mute[M],mute[M],U,mute[M],mute[M],U,mute[M],mute[K],mute[M],U,mute[M],mute[M],U,mute[M],mute[M],U,mute[M],mute[K],mute[M],U,5<V>,mute[M],U,mute[M],mute[M],U,mute[M],mute[M],U,mute[M],mute[M],U,mute[M],mute[M],U,mute[M],mute[M],U,mute[M],mute[K],mute[M],U,mute[M],mute[M],U,mute[M],mute[M],U,mute[M],mute[K],mute[M],U,mute[M],mute[M],U,mute[M],mute[M],U,mute[M],mute[KLM],5<V>,mute[K],mute[K],mute[M],U,mute[M],mute[M],U,mute[M],mute[L],mute[L],mute[K],mute[M],mute[M],mute[M],mute[M],mute[M],mute[M],mute[M],mute[M],mute[M],5<V>,5<V>,5<V>,5<V>,5<V>,5<V>,5<V>,5<V>,5<V>,5<V>,5<V>,5<V>;","#C-2[L],(C-2.F-2.c.#d.b.c1.b1)[N],(B-3.G-2.a.a1.#d.a.#C-2.d.g1.#g.B-3~A-3)[N],(C-2.F-2.c.#d.b.c1.b1)[N],(B-3.G-2.a.a1.#d.a.#C-2.d.g1.#g.B-3~A-3)[N],#C-2[L],(C-2.F-2.c.#d.b.c1.b1)[N],(B-3.G-2.a.a1.#d.a.#C-2.d.g1.#g.B-3~A-3)[N],(C-2.F-2.c.#d.b.c1.b1)[N],(B-3.G-2.a.a1.#d.a.#C-2.d.g1.#g.B-3~A-3)[N],#C-2[L],(C-2.F-2.c.#d.b.c1.b1)[N],(B-3.G-2.a.a1.#d.a.#C-2.d.g1.#g.B-3~A-3)[N],(C-2.F-2.c.#d.b.c1.b1)[N],(B-3.G-2.a.a1.#d.a.#C-2.d.g1.#g.B-3~A-3)[N],#C-2[L],(#d.a)[L],(#d.b)[L],b1[N],b1[N],#d[L],(#d.b)[L],b1[N],b1[N],#d[L],(#d.b)[L],b1[N],b1[N],(#d.a)[L],b1[N],b1[N],#d[L],(#d.b)[L],b1[N],b1[N],#d[L],(#d.b)[L],b1[N],b1[N],#d[L],(#d.b)[L],b1[N],b1[N],#d[L],(#d.b)[L],b1[N],b1[N],#d[L],(#d.b)[L],b1[N],b1[N],(#d.b)[L],b1[N],b1[N],(#d.b)[L],b1[N],b1[N],(#d.b)[L],b1[N],b1[N],a[L],b1[N],b1[N],(#d.b)[L],b[L],b1[N],b1[N],(#d.b)[L],b1[N],b1[N],(#d.b)[L],b1[N],b1[N],(#d.b)[L],b1[N],b1[N],(#d.b)[L],b1[N],b1[N],(#d.b)[L],c2[L],a[L],b1[N],b1[N],(#d.g)[L],b1[N],b1[N],(E-2.F-2.b1)[N],b1[N],(#A-2.#C-2.c2)[L],(E-2.F-2.b1)[N],b1[N],(#A-2.#C-2.c2)[L],(E-2.F-2.b1)[N],b1[N],(#A-2.#C-2.c2)[L],(E-2.F-2.b1)[N],b1[N],(#A-2.#C-2.c2)[L],(E-2.F-2.b1)[N],b1[N],(#A-2.#C-2.c2)[L],(E-2.F-2.b1)[N],b1[N],(#A-2.#C-2.c2)[L],(E-2.F-2.b1)[N],b1[N],(#A-2.#C-2.c2)[L],(E-2.F-2.b1)[N],b1[N],(#A-2.#C-2.c2)[L],(E-2.F-2.b1)[N],b1[N],(#A-2.#C-2.c2)[L],(E-2.F-2.b1)[N],b1[N],(#A-2.#C-2.c2)[L],(E-2.F-2.b1)[N],b1[N],(#A-2.#C-2.c2)[L],(E-2.F-2.b1)[N],b1[N],(#A-2.#C-2.c2)[L],(E-2.F-2.b1)[N],b1[N],(#A-2.#C-2.c2)[L],(E-2.F-2.b1)[N],b1[N],(#A-2.#C-2.c2)[L],(E-2.F-2.b1)[N],b1[N],(#A-2.#C-2.c2)[L],(E-2.F-2.b1)[N],b1[N],(#A-2.#C-2.c2)[L],(E-2.F-2.b1)[N],b1[N],(#A-2.#C-2.c2)[L],(E-2.F-2.b1)[N],b1[N],(#A-2.#C-2.c2)[L],(E-2.F-2.b1)[N],b1[N],(#A-2.#C-2.c2)[L],(E-2.F-2.b1)[N],b1[N],(#A-2.#C-2.c2)[L],(E-2.F-2.b1)[N],b1[N],(#A-2.#C-2.c2)[L],(E-2.F-2.b1)[N],b1[N],(#A-2.#C-2.c2)[L],(E-2.F-2.b1)[N],b1[N],(#A-2.#C-2.c2)[L],(E-2.F-2.b1)[N],b1[N],(#A-2.#C-2.c2)[L],(E-2.F-2.b1)[N],b1[N],(#A-2.#C-2.c2)[L],(E-2.F-2.b1)[N],b1[N],(#A-2.#C-2.c2)[L],(E-2.F-2.b1)[N],b1[N],(#A-2.#C-2.c2)[L],(E-2.F-2.b1)[N],b1[N],(#A-2.#C-2.c2)[L],(E-2.F-2.b1)[N],b1[N],(#A-2.#C-2.c2)[L],(E-2.F-2.b1)[N],b1[N],(#A-2.#C-2.c2)[L],(E-2.F-2.b1)[N],b1[N],(#A-2.#C-2.c2)[L],(E-2.F-2.b1)[N],b1[N],(#A-2.#C-2.c2)[L],(E-2.F-2.b1)[N],b1[N],(#A-2.#C-2.c2)[L],(E-2.F-2.b1)[N],b1[N],(#A-2.#C-2.c2)[L],(E-2.F-2.b1)[N],b1[N],(#A-2.#C-2.c2)[L],(E-2.F-2.b1)[N],b1[N],(#A-2.#C-2.c2)[L],(E-2.F-2.b1)[N],b1[N],(#A-2.#C-2.c2)[L],(E-2.F-2.b1)[N],b1[N],(#A-2.#C-2.c2)[L],(E-2.F-2.b1)[N],b1[N],(#A-2.#C-2.c2)[L],(E-2.F-2.b1)[N],b1[N],(#A-2.#C-2.c2)[L],(E-2.F-2.b1)[N],b1[N],(#A-2.#C-2.c2)[L],(E-2.F-2.b1)[N],b1[N],(#A-2.#C-2.c2)[L],#a4[N],#g[N],#f4[N],#d4[N],#c4[N],#a3[N],#g3[N],#f3[N],#d3[N],#c3[N],#a2[N],#g2[N],#f2[N],#d2[N],#c2[N],#a1[N],#g1[N],#f1[N],#d1[N],#c1[N],#a[N],#g[N],#f[N],#d[N],#c[N],#A-1[N],#G-1[N],#F-1[N],#D-1[N],#C-1[N],#A-2[N],#G-2[N],#F-2[N],#D-2[N],#C-2[N],#A-3[N],#A-3[N],#C-2[N],#D-2[N],#F-2[N],#G-2[N],#A-2[N],#C-1[N],#D-1[N],#F-1[N],#G-1[N],#A-1[N],#c[N],#d[N],#f[N],#g[N],#a[N],#c1[N],#d1[N],#f1[N],#g1[N],#a1[N],#c2[N],#d2[N],#f2[N],#g2[N],#a2[N],#c3[N],#d3[N],#f3[N],#g3[N],#a3[N],#c4[N],#d4[N],#f4[N],#g4[N],#a4[N],8<C-2[N],C-1[N],C-2[N],C-1[N],C-2[N],C-1[N],C-2[N],C-1[N],C-2[N],C-1[N],C-2[N],C-1[N],C-2[N],C-1[N],C-2[N],C-1[N],C-2[N],C-1[N],C-2[N],C-1[N],C-2[N],C-1[N],C-2[N],C-1[N],C-2[N],C-1[N],C-2[N],C-1[N],C-2[N],C-1[N],C-2[N],C-1[N],C-2[N],C-1[N],C-2[N],C-1[N]>,V,V,V,U,V,5<b[N],c1[N]>,5<b[N],c1[N]>,5<b[N],c1[N]>,5<b[N],c1[N]>,5<b[N],c1[N]>,5<b[N],c1[N]>,5<b[N],c1[N]>,5<(#f1.g.b)[N],(B-1.b.#a.c1)[N]>,5<(#f1.g.b)[N],(B-1.b.#a.c1)[N]>,5<(#f1.g.b)[N],(B-1.b.#a.c1)[N]>,5<(#f1.g.b)[N],(B-1.b.#a.c1)[N]>,5<(#f1.g.b)[N],(B-1.b.#a.c1)[N]>,5<(#f1.g.b)[N],(B-1.b.#a.c1)[N]>,5<(b1.e2.b)[N],(A-1.b3.#d.c1)[N]>,5<(b1.e2.b)[N],(A-1.b3.#d.c1)[N]>,5<(b1.e2.b)[N],(A-1.b3.#d.c1)[N]>,5<(b1.e2.b)[N],(A-1.b3.#d.c1)[N]>,5<(b1.e2.b)[N],(A-1.b3.#d.c1)[N]>,V,U,V,U,V,U,V,U,V,U,V,5<(e1.f1.e1.d1)[N]>,V,5<(e1~f1~e1~d1)[N]>,V,V,5<(E-2.F-2.E-2.D-2)[N]>,U,V,5<#d[N],#c[N]>,V,5<e1[N],e[N]>,5<(d.e2.c2)[N],c1[N]>,V,5<b1[N],b[N]>,V,5<d2[N],e2[N]>,V,5<(d2~e1.a1)[N],f1[N]>,V,5<a[N],a1[N]>,V,5<a2[N],a3[N]>,V,5<a4[N],b[N]>,U,U,U,3<d[N],c[N],d[N],c[N],d[N],c[N],d[N],c[N],d[N],c[N],d[N],c[N],d[N],c[N],d[N],c[N],d[N],c[N],d[N],c[N],d[N],c[N],d[N],c[N],d[N],c[N],d[N],c[N],d[N],c[N],d[N],c[N],d[N],c[N],d[N],c[N],d[N],c[N],d[N],c[N],d[N],c[N],d[N],c[N],d[N],c[N],d[N],c[N],d[N],c[N],d[N],c[N]>,U,U,U,U,U,(#A-2.E-1.G-1.c.e.g.c1.e1)[K],V,(#a.e1.g1.c2.e3.g3.c4.e4)[K],V,(A-2.F-1.c.f.a.#c1.f1)[K],V,(a.c1.f1.c2.f3.a3.c4.f4)[K],V,(B-2.#D-1.#F-1.#d.#f.b)[K],V,(b.#d1.#f1.a1.b1.b2.#d3.#f3.b3)[K],V,(E-1.#G-1.B-1.e.#g.b)[K],V,V,(e.#g.b.#g1.#g2.b2.e3.#g3)[M],V,V,(e.#g.b.#g1.#g2.b2.e3.#g3)[H];Q,(a1.#c1.f2)[M],a1[M],e2[M],a2[M],a2[M],e3[M],(c2.a3)[M],(d2.a3)[M],(a1.#c1.f2.a4)[M],a3[M],a3[M],e3[M],a2[M],a2[M],(A-1.e2)[M],a1[M],(a1.d1.f2)[M],a1[M],d2[M],(f2.a2)[M],a2[M],d3[M],(g2.a3)[M],a3[M],(a1.d1.a4)[M],a3[M],a3[M],d3[M],a2[M],a2[M],(A-1.d2)[M],a1[M],(a1.#c1.f2)[M],a1[M],e2[M],a2[M],a2[M],e3[M],(c2.a3)[M],(d2.a3)[M],(a1.#c1.f2.a4)[M],a3[M],a3[M],e3[M],a2[M],a2[M],(A-1.f2.e2)[M],(d2.a1)[M],(a1.d1.f2)[M],a1[M],d2[M],(g2.a2)[M],a2[M],d3[M],(g2.a3)[M],a3[M],(a1.d1.a4)[M],a3[M],(c3.a3)[M],d3[M],(#a2.a2)[M],a2[M],(A-1.a2.d2)[M],a1[M],(a1.#c1.#a2)[M],a1[M],e2[M],(a2.a2)[M],a2[M],e3[M],(g2.a3)[M],a3[M],(a1.#c1.#a2.a4)[M],a3[M],(a2.a3)[M],e3[M],(a2.a2)[M],a2[M],(A-1.g2.e2)[M],a1[M],(a1.d1)[M],a1[M],(a2.d2)[M],(g2.a2)[M],(d2.a2)[M],d3[M],(f2.a3)[M],a3[M],(a1.d1.a4)[M],a3[M],a3[M],d3[M],a2[M],a2[M],(A-1.c2.d2)[M],(d2.a1)[M],(a1.#c1.f2)[M],a1[M],e2[M],(f2.a2)[M],a2[M],e3[M],(c2.a3)[M],(d2.a3)[M],(a1.#c1.f2.a4)[M],a3[M],(f2.a3)[M],(d2.e3)[M],a2[M],a2[M],(A-1.c2.e2)[M],(d2.a1)[M],(a1.d1.f2)[M],a1[M],d2[M],(f2.a2)[M],a2[M],d3[M],(c2.a3)[M],(d2.a3)[M],(a1.d1.f2.a4)[M],a3[M],(f2.a3)[M],(d2.d3)[M],a2[M],a2[M],(A-1.e2.c2.d2)[M],(g2.d2.a1)[M],(a1.#c1.a2.f2)[M],a1[M],a2[M],(f2.a2)[M],(a3.e3)[M],a2[M],(g2.c2.a2)[M],(a2.d2.a1)[M],(a1.#c1.c3.f2)[M],a1[M],(f2.a2)[M],(d2.a2)[M],(a3.e3)[M],a2[M],(A-1.c2.a2)[M],(d2.a1)[M],(a1.d1.c3.f2)[M],a1[M],a2[M],(d3.f2.a2)[M],(a3.d3)[M],a2[M],(c3.c2.a2)[M],(d2.a1)[M],(a1.d1.f2)[M],a1[M],(f2.a2)[M],(d2.a2)[M],(a3.d3)[M],a2[M],(A-1.c2.a2)[M],(d2.a1)[M],(a1.#c1.c3.f2)[M],a1[M],a2[M],(f2.a2)[M],(a3.e3)[M],a2[M],(a2.c2.a2)[M],(#a2.d2.a1)[M],(a1.#c1.c3.f2)[M],a1[M],(f2.a2)[M],(d2.a2)[M],(a3.e3)[M],a2[M],(A-1.c3.c2.a2)[M],(d2.a1)[M],(a1.d1.f3.f2)[M],a1[M],a2[M],(d3.f2.a2)[M],(a3.d3)[M],a2[M],(c3.c2.a2)[M],(d2.a1)[M],(a1.d1.f2)[M],a1[M],(c3.f2.a2)[M],(d2.a2)[M],(c3.a3.d3)[M],a2[M],(A-1.c3.c2.a2)[M],(d2.a1)[M],(a1.#c1.d3.f2)[M],a1[M],a2[M],(c3.f2.a2)[M],(a3.e3)[M],a2[M],(d3.c2.a2)[M],(d2.a1)[M],(a1.#c1.e3.f2)[M],a1[M],(f2.a2)[M],(d3.d2.a2)[M],(a3.e3)[M],a2[M],(A-1.f3.c2.a2)[M],(d2.a1)[M],(a1.d1.f2)[M],a1[M],a2[M],(d3.f2.a2)[M],(a3.d3)[M],a2[M],(d3.c2.a2)[M],(d2.a1)[M],(a1.d1.f2)[M],a1[M],(f2.a2)[M],(d2.a2)[M],(f2.a3.d3)[M],a2[M],(A-1.c2.a2)[M],(d2.a1)[M],(a1.#c1.f2)[M],a1[M],(g2.a2)[M],(c3.f2.a2)[M],(a2.a3.e3)[M],a2[M],(c3.c2.a2)[M],(d2.a1)[M],(a1.#c1.c3.f2)[M],a1[M],(f2.a2)[M],(d3.d2.a2)[M],(a3.e3)[M],a2[M],(A-1.d3.c2.a2)[M],(d3.d2.a1)[M],(D-1.D-2.d3.a2.d2)[L],RST,(f.#d1)[L],d1[JKL],#f1[LM],(g.#a)[M],(a.c1)[M],(#a.d1)[KL],#a[M],a[M],g[M],d1[M],c1[L],(g.a.#d1)[JL],(a.c1)[M],(g.#a)[M],(D-2.#f.a)[KL],g[M],#g[M],(a.c1)[KL],d1[M],#a[M],a[L],g[I],d1[L],#a[K],c1[L],d1[KL],d1[M],c1[I],c1[L],a[K],#a[L],c1[KL],d1[L],c2[M],#a[I],(#a.g1)[M],(#a.g1)[KL],d1[M],c1[M],(b.d1)[L],(d1.f1)[L],(d1.f1)[L],(#d1.c1)[I],#a[M],(#f1.a)[L],(#f.a)[K],(g.#a)[L],(a.c1)[KL],#a[L],a[L],g[I],g1[L],(#a.g1)[KL],d1[L],(b.g1)[KL],(d1.f1)[L],(d1.f1)[L],(c1.#d1)[I],(F-2.a.f1)[KL],c1[L],(a.f1)[L],g1[K],f1[L],(f.#d1)[L],d1[JKL],#f1[LM],(g.#a)[M],(a.c1)[M],(#a.d1)[KL],#a[M],a[M],g[M],d1[M],c1[L],(g.a.#d1)[JL],(a.c1)[M],(g.#a)[M],(D-2.#f.a)[KL],g[M],#g[M],(a.c1)[KL],d1[M],#a[M],a[L],g[I],(b.#d1)[L],(b.#g)[K],(#c1.#a)[L],(b.#d1)[KL],e1[L],(e1.#c2)[LM],(b1.#d1)[LM],(#c1.a1)[LM],(e1.#c2)[LM],(b1.#d1)[LM],(#c1.a1)[LM],(#a.f1)[L],#c1[K],(#a.#c1)[L],(#c1.e1)[KL],(b.#d1)[L],(#a.#c1)[M],(b.#g)[I],#d1[KL],b[M],#a[M],#g[KL],#f[L],#f1[L],e1[I],#c1[M],b[M],(#D-2.#a)[KL],#a[M],b[M],#c1[K],g[L],#a[L],#g[I],#g1[L],(b.#g1)[KL],#d1[L],(c1.#g1)[KL],(#d1.#f1)[L],(#d1.#f1)[L],(#c1.e1)[I],(#F-2.#a.#f1)[KL],#c1[L],(#a.#f1)[L],#g1[K],#f1[L],(#f.e1)[L],#d1[JKL],g1[LM],(#g.b)[M],(#a.#c1)[M],(b.#d1)[KL],b[M],#a[M],#g[M],#d1[M],#c1[L],(#g.#a.e1)[JL],(#a.#c1)[M],(#g.b)[M],(#D-2.g.#a)[KL],#g[M],a[M],(#a.#c1)[KL],#d1[M],b[M],#a[L],#g[I],(c1.e1)[L],(c1.a)[K],(d1.b)[L],(c1.e1)[KL],f1[L],(f1.d2)[LM],(#c2.e1)[LM],(d1.#a1)[LM],(f1.d2)[LM],(c2.e1)[LM],(d1.#a1)[LM],(b.#f1)[L],d1[K],(b.d1)[L],(d1.f1)[KL],(c1.e1)[L],(b.d1)[M],(c1.a)[I],e1[KL],c1[M],b[M],a[KL],g[L],g1[L],f1[I],#d1[M],c1[M],(E-2.b)[KL],b[M],c1[M],d1[K],#g[L],b[L],a[I],a1[L],(c1.a1)[KL],e1[L],(#c1.a1)[KL],(e1.g1)[L],(e1.g1)[L],(d1.f1)[I],(G-2.b.g1)[KL],d1[L],(#a.g1)[L],a1[K],g1[L],(g.e1)[L],e1[JKL],#g1[LM],(a.c1)[M],(b.d1)[M],(c1.e1)[KL],c1[M],b[M],a[M],e1[M],d1[L],(a.b.f1)[JL],(b.d1)[M],(a.c1)[M],(E-2.#g.b)[KL],a[M],#a[M],U,(c5.b4.#a4.a4.#g4.g4.#f4.f4.e4.#d4.d4.#c4.c4.b3.#a3.a3.#g3.g3.#f3.f3.e3.#d3.d3.#c3.c3.b2.#a2.a2.#g2.g2.#f2.f2.e2.#d2.d2.#c2.c2.b1.#a1.a1.#g1.g1.#f1.f1.e1.#d1.d1.#c1.c1.b.#a.a.#g.g.#f.f.e.#d.d.#c.c.B-1.#A-1.A-1.#G-1.G-1.#F-1.F-1.E-1.#D-1.D-1.#C-1.C-1.B-2.#A-2.A-2.#G-2.G-2.#F-2.F-2.E-2.#D-2.D-2.#C-2.C-2.B-3.#A-3.A-3)[M],(c5.b4.#a4.a4.#g4.g4.#f4.f4.e4.#d4.d4.#c4.c4.b3.#a3.a3.#g3.g3.#f3.f3.e3.#d3.d3.#c3.c3.b2.#a2.a2.#g2.g2.#f2.f2.e2.#d2.d2.#c2.c2.b1.#a1.a1.#g1.g1.#f1.f1.e1.#d1.d1.#c1.c1.b.#a.a.#g.g.#f.f.e.#d.d.#c.c.B-1.#A-1.A-1.#G-1.G-1.#F-1.F-1.E-1.#D-1.D-1.#C-1.C-1.B-2.#A-2.A-2.#G-2.G-2.#F-2.F-2.E-2.#D-2.D-2.#C-2.C-2.B-3.#A-3.A-3)[M],(c5.b4.#a4.a4.#g4.g4.#f4.f4.e4.#d4.d4.#c4.c4.b3.#a3.a3.#g3.g3.#f3.f3.e3.#d3.d3.#c3.c3.b2.#a2.a2.#g2.g2.#f2.f2.e2.#d2.d2.#c2.c2.b1.#a1.a1.#g1.g1.#f1.f1.e1.#d1.d1.#c1.c1.b.#a.a.#g.g.#f.f.e.#d.d.#c.c.B-1.#A-1.A-1.#G-1.G-1.#F-1.F-1.E-1.#D-1.D-1.#C-1.C-1.B-2.#A-2.A-2.#G-2.G-2.#F-2.F-2.E-2.#D-2.D-2.#C-2.C-2.B-3.#A-3.A-3)[M],(c5.b4.#a4.a4.#g4.g4.#f4.f4.e4.#d4.d4.#c4.c4.b3.#a3.a3.#g3.g3.#f3.f3.e3.#d3.d3.#c3.c3.b2.#a2.a2.#g2.g2.#f2.f2.e2.#d2.d2.#c2.c2.b1.#a1.a1.#g1.g1.#f1.f1.e1.#d1.d1.#c1.c1.b.#a.a.#g.g.#f.f.e.#d.d.#c.c.B-1.#A-1.A-1.#G-1.G-1.#F-1.F-1.E-1.#D-1.D-1.#C-1.C-1.B-2.#A-2.A-2.#G-2.G-2.#F-2.F-2.E-2.#D-2.D-2.#C-2.C-2.B-3.#A-3.A-3)[M],(c5.b4.#a4.a4.#g4.g4.#f4.f4.e4.#d4.d4.#c4.c4.b3.#a3.a3.#g3.g3.#f3.f3.e3.#d3.d3.#c3.c3.b2.#a2.a2.#g2.g2.#f2.f2.e2.#d2.d2.#c2.c2.b1.#a1.a1.#g1.g1.#f1.f1.e1.#d1.d1.#c1.c1.b.#a.a.#g.g.#f.f.e.#d.d.#c.c.B-1.#A-1.A-1.#G-1.G-1.#F-1.F-1.E-1.#D-1.D-1.#C-1.C-1.B-2.#A-2.A-2.#G-2.G-2.#F-2.F-2.E-2.#D-2.D-2.#C-2.C-2.B-3.#A-3.A-3)[M],(c5.b4.#a4.a4.#g4.g4.#f4.f4.e4.#d4.d4.#c4.c4.b3.#a3.a3.#g3.g3.#f3.f3.e3.#d3.d3.#c3.c3.b2.#a2.a2.#g2.g2.#f2.f2.e2.#d2.d2.#c2.c2.b1.#a1.a1.#g1.g1.#f1.f1.e1.#d1.d1.#c1.c1.b.#a.a.#g.g.#f.f.e.#d.d.#c.c.B-1.#A-1.A-1.#G-1.G-1.#F-1.F-1.E-1.#D-1.D-1.#C-1.C-1.B-2.#A-2.A-2.#G-2.G-2.#F-2.F-2.E-2.#D-2.D-2.#C-2.C-2.B-3.#A-3.A-3)[M],(c5.b4.#a4.a4.#g4.g4.#f4.f4.e4.#d4.d4.#c4.c4.b3.#a3.a3.#g3.g3.#f3.f3.e3.#d3.d3.#c3.c3.b2.#a2.a2.#g2.g2.#f2.f2.e2.#d2.d2.#c2.c2.b1.#a1.a1.#g1.g1.#f1.f1.e1.#d1.d1.#c1.c1.b.#a.a.#g.g.#f.f.e.#d.d.#c.c.B-1.#A-1.A-1.#G-1.G-1.#F-1.F-1.E-1.#D-1.D-1.#C-1.C-1.B-2.#A-2.A-2.#G-2.G-2.#F-2.F-2.E-2.#D-2.D-2.#C-2.C-2.B-3.#A-3.A-3)[M],(c5.b4.#a4.a4.#g4.g4.#f4.f4.e4.#d4.d4.#c4.c4.b3.#a3.a3.#g3.g3.#f3.f3.e3.#d3.d3.#c3.c3.b2.#a2.a2.#g2.g2.#f2.f2.e2.#d2.d2.#c2.c2.b1.#a1.a1.#g1.g1.#f1.f1.e1.#d1.d1.#c1.c1.b.#a.a.#g.g.#f.f.e.#d.d.#c.c.B-1.#A-1.A-1.#G-1.G-1.#F-1.F-1.E-1.#D-1.D-1.#C-1.C-1.B-2.#A-2.A-2.#G-2.G-2.#F-2.F-2.E-2.#D-2.D-2.#C-2.C-2.B-3.#A-3.A-3)[M],(c5.b4.#a4.a4.#g4.g4.#f4.f4.e4.#d4.d4.#c4.c4.b3.#a3.a3.#g3.g3.#f3.f3.e3.#d3.d3.#c3.c3.b2.#a2.a2.#g2.g2.#f2.f2.e2.#d2.d2.#c2.c2.b1.#a1.a1.#g1.g1.#f1.f1.e1.#d1.d1.#c1.c1.b.#a.a.#g.g.#f.f.e.#d.d.#c.c.B-1.#A-1.A-1.#G-1.G-1.#F-1.F-1.E-1.#D-1.D-1.#C-1.C-1.B-2.#A-2.A-2.#G-2.G-2.#F-2.F-2.E-2.#D-2.D-2.#C-2.C-2.B-3.#A-3.A-3)[M],(c5.b4.#a4.a4.#g4.g4.#f4.f4.e4.#d4.d4.#c4.c4.b3.#a3.a3.#g3.g3.#f3.f3.e3.#d3.d3.#c3.c3.b2.#a2.a2.#g2.g2.#f2.f2.e2.#d2.d2.#c2.c2.b1.#a1.a1.#g1.g1.#f1.f1.e1.#d1.d1.#c1.c1.b.#a.a.#g.g.#f.f.e.#d.d.#c.c.B-1.#A-1.A-1.#G-1.G-1.#F-1.F-1.E-1.#D-1.D-1.#C-1.C-1.B-2.#A-2.A-2.#G-2.G-2.#F-2.F-2.E-2.#D-2.D-2.#C-2.C-2.B-3.#A-3.A-3)[M],(c5.b4.#a4.a4.#g4.g4.#f4.f4.e4.#d4.d4.#c4.c4.b3.#a3.a3.#g3.g3.#f3.f3.e3.#d3.d3.#c3.c3.b2.#a2.a2.#g2.g2.#f2.f2.e2.#d2.d2.#c2.c2.b1.#a1.a1.#g1.g1.#f1.f1.e1.#d1.d1.#c1.c1.b.#a.a.#g.g.#f.f.e.#d.d.#c.c.B-1.#A-1.A-1.#G-1.G-1.#F-1.F-1.E-1.#D-1.D-1.#C-1.C-1.B-2.#A-2.A-2.#G-2.G-2.#F-2.F-2.E-2.#D-2.D-2.#C-2.C-2.B-3.#A-3.A-3)[M],(c5.b4.#a4.a4.#g4.g4.#f4.f4.e4.#d4.d4.#c4.c4.b3.#a3.a3.#g3.g3.#f3.f3.e3.#d3.d3.#c3.c3.b2.#a2.a2.#g2.g2.#f2.f2.e2.#d2.d2.#c2.c2.b1.#a1.a1.#g1.g1.#f1.f1.e1.#d1.d1.#c1.c1.b.#a.a.#g.g.#f.f.e.#d.d.#c.c.B-1.#A-1.A-1.#G-1.G-1.#F-1.F-1.E-1.#D-1.D-1.#C-1.C-1.B-2.#A-2.A-2.#G-2.G-2.#F-2.F-2.E-2.#D-2.D-2.#C-2.C-2.B-3.#A-3.A-3)[M],(c5.b4.#a4.a4.#g4.g4.#f4.f4.e4.#d4.d4.#c4.c4.b3.#a3.a3.#g3.g3.#f3.f3.e3.#d3.d3.#c3.c3.b2.#a2.a2.#g2.g2.#f2.f2.e2.#d2.d2.#c2.c2.b1.#a1.a1.#g1.g1.#f1.f1.e1.#d1.d1.#c1.c1.b.#a.a.#g.g.#f.f.e.#d.d.#c.c.B-1.#A-1.A-1.#G-1.G-1.#F-1.F-1.E-1.#D-1.D-1.#C-1.C-1.B-2.#A-2.A-2.#G-2.G-2.#F-2.F-2.E-2.#D-2.D-2.#C-2.C-2.B-3.#A-3.A-3)[M],(c5.b4.#a4.a4.#g4.g4.#f4.f4.e4.#d4.d4.#c4.c4.b3.#a3.a3.#g3.g3.#f3.f3.e3.#d3.d3.#c3.c3.b2.#a2.a2.#g2.g2.#f2.f2.e2.#d2.d2.#c2.c2.b1.#a1.a1.#g1.g1.#f1.f1.e1.#d1.d1.#c1.c1.b.#a.a.#g.g.#f.f.e.#d.d.#c.c.B-1.#A-1.A-1.#G-1.G-1.#F-1.F-1.E-1.#D-1.D-1.#C-1.C-1.B-2.#A-2.A-2.#G-2.G-2.#F-2.F-2.E-2.#D-2.D-2.#C-2.C-2.B-3.#A-3.A-3)[M],(c5.b4.#a4.a4.#g4.g4.#f4.f4.e4.#d4.d4.#c4.c4.b3.#a3.a3.#g3.g3.#f3.f3.e3.#d3.d3.#c3.c3.b2.#a2.a2.#g2.g2.#f2.f2.e2.#d2.d2.#c2.c2.b1.#a1.a1.#g1.g1.#f1.f1.e1.#d1.d1.#c1.c1.b.#a.a.#g.g.#f.f.e.#d.d.#c.c.B-1.#A-1.A-1.#G-1.G-1.#F-1.F-1.E-1.#D-1.D-1.#C-1.C-1.B-2.#A-2.A-2.#G-2.G-2.#F-2.F-2.E-2.#D-2.D-2.#C-2.C-2.B-3.#A-3.A-3)[M],(c5.b4.#a4.a4.#g4.g4.#f4.f4.e4.#d4.d4.#c4.c4.b3.#a3.a3.#g3.g3.#f3.f3.e3.#d3.d3.#c3.c3.b2.#a2.a2.#g2.g2.#f2.f2.e2.#d2.d2.#c2.c2.b1.#a1.a1.#g1.g1.#f1.f1.e1.#d1.d1.#c1.c1.b.#a.a.#g.g.#f.f.e.#d.d.#c.c.B-1.#A-1.A-1.#G-1.G-1.#F-1.F-1.E-1.#D-1.D-1.#C-1.C-1.B-2.#A-2.A-2.#G-2.G-2.#F-2.F-2.E-2.#D-2.D-2.#C-2.C-2.B-3.#A-3.A-3)[M],(c5.b4.#a4.a4.#g4.g4.#f4.f4.e4.#d4.d4.#c4.c4.b3.#a3.a3.#g3.g3.#f3.f3.e3.#d3.d3.#c3.c3.b2.#a2.a2.#g2.g2.#f2.f2.e2.#d2.d2.#c2.c2.b1.#a1.a1.#g1.g1.#f1.f1.e1.#d1.d1.#c1.c1.b.#a.a.#g.g.#f.f.e.#d.d.#c.c.B-1.#A-1.A-1.#G-1.G-1.#F-1.F-1.E-1.#D-1.D-1.#C-1.C-1.B-2.#A-2.A-2.#G-2.G-2.#F-2.F-2.E-2.#D-2.D-2.#C-2.C-2.B-3.#A-3.A-3)[M],(c5.b4.#a4.a4.#g4.g4.#f4.f4.e4.#d4.d4.#c4.c4.b3.#a3.a3.#g3.g3.#f3.f3.e3.#d3.d3.#c3.c3.b2.#a2.a2.#g2.g2.#f2.f2.e2.#d2.d2.#c2.c2.b1.#a1.a1.#g1.g1.#f1.f1.e1.#d1.d1.#c1.c1.b.#a.a.#g.g.#f.f.e.#d.d.#c.c.B-1.#A-1.A-1.#G-1.G-1.#F-1.F-1.E-1.#D-1.D-1.#C-1.C-1.B-2.#A-2.A-2.#G-2.G-2.#F-2.F-2.E-2.#D-2.D-2.#C-2.C-2.B-3.#A-3.A-3)[M],(c5.b4.#a4.a4.#g4.g4.#f4.f4.e4.#d4.d4.#c4.c4.b3.#a3.a3.#g3.g3.#f3.f3.e3.#d3.d3.#c3.c3.b2.#a2.a2.#g2.g2.#f2.f2.e2.#d2.d2.#c2.c2.b1.#a1.a1.#g1.g1.#f1.f1.e1.#d1.d1.#c1.c1.b.#a.a.#g.g.#f.f.e.#d.d.#c.c.B-1.#A-1.A-1.#G-1.G-1.#F-1.F-1.E-1.#D-1.D-1.#C-1.C-1.B-2.#A-2.A-2.#G-2.G-2.#F-2.F-2.E-2.#D-2.D-2.#C-2.C-2.B-3.#A-3.A-3)[M],(c5.b4.#a4.a4.#g4.g4.#f4.f4.e4.#d4.d4.#c4.c4.b3.#a3.a3.#g3.g3.#f3.f3.e3.#d3.d3.#c3.c3.b2.#a2.a2.#g2.g2.#f2.f2.e2.#d2.d2.#c2.c2.b1.#a1.a1.#g1.g1.#f1.f1.e1.#d1.d1.#c1.c1.b.#a.a.#g.g.#f.f.e.#d.d.#c.c.B-1.#A-1.A-1.#G-1.G-1.#F-1.F-1.E-1.#D-1.D-1.#C-1.C-1.B-2.#A-2.A-2.#G-2.G-2.#F-2.F-2.E-2.#D-2.D-2.#C-2.C-2.B-3.#A-3.A-3)[M],(c5.b4.#a4.a4.#g4.g4.#f4.f4.e4.#d4.d4.#c4.c4.b3.#a3.a3.#g3.g3.#f3.f3.e3.#d3.d3.#c3.c3.b2.#a2.a2.#g2.g2.#f2.f2.e2.#d2.d2.#c2.c2.b1.#a1.a1.#g1.g1.#f1.f1.e1.#d1.d1.#c1.c1.b.#a.a.#g.g.#f.f.e.#d.d.#c.c.B-1.#A-1.A-1.#G-1.G-1.#F-1.F-1.E-1.#D-1.D-1.#C-1.C-1.B-2.#A-2.A-2.#G-2.G-2.#F-2.F-2.E-2.#D-2.D-2.#C-2.C-2.B-3.#A-3.A-3)[M],(c5.b4.#a4.a4.#g4.g4.#f4.f4.e4.#d4.d4.#c4.c4.b3.#a3.a3.#g3.g3.#f3.f3.e3.#d3.d3.#c3.c3.b2.#a2.a2.#g2.g2.#f2.f2.e2.#d2.d2.#c2.c2.b1.#a1.a1.#g1.g1.#f1.f1.e1.#d1.d1.#c1.c1.b.#a.a.#g.g.#f.f.e.#d.d.#c.c.B-1.#A-1.A-1.#G-1.G-1.#F-1.F-1.E-1.#D-1.D-1.#C-1.C-1.B-2.#A-2.A-2.#G-2.G-2.#F-2.F-2.E-2.#D-2.D-2.#C-2.C-2.B-3.#A-3.A-3)[M],(c5.b4.#a4.a4.#g4.g4.#f4.f4.e4.#d4.d4.#c4.c4.b3.#a3.a3.#g3.g3.#f3.f3.e3.#d3.d3.#c3.c3.b2.#a2.a2.#g2.g2.#f2.f2.e2.#d2.d2.#c2.c2.b1.#a1.a1.#g1.g1.#f1.f1.e1.#d1.d1.#c1.c1.b.#a.a.#g.g.#f.f.e.#d.d.#c.c.B-1.#A-1.A-1.#G-1.G-1.#F-1.F-1.E-1.#D-1.D-1.#C-1.C-1.B-2.#A-2.A-2.#G-2.G-2.#F-2.F-2.E-2.#D-2.D-2.#C-2.C-2.B-3.#A-3.A-3)[M],(c5.b4.#a4.a4.#g4.g4.#f4.f4.e4.#d4.d4.#c4.c4.b3.#a3.a3.#g3.g3.#f3.f3.e3.#d3.d3.#c3.c3.b2.#a2.a2.#g2.g2.#f2.f2.e2.#d2.d2.#c2.c2.b1.#a1.a1.#g1.g1.#f1.f1.e1.#d1.d1.#c1.c1.b.#a.a.#g.g.#f.f.e.#d.d.#c.c.B-1.#A-1.A-1.#G-1.G-1.#F-1.F-1.E-1.#D-1.D-1.#C-1.C-1.B-2.#A-2.A-2.#G-2.G-2.#F-2.F-2.E-2.#D-2.D-2.#C-2.C-2.B-3.#A-3.A-3)[M],(c5.b4.#a4.a4.#g4.g4.#f4.f4.e4.#d4.d4.#c4.c4.b3.#a3.a3.#g3.g3.#f3.f3.e3.#d3.d3.#c3.c3.b2.#a2.a2.#g2.g2.#f2.f2.e2.#d2.d2.#c2.c2.b1.#a1.a1.#g1.g1.#f1.f1.e1.#d1.d1.#c1.c1.b.#a.a.#g.g.#f.f.e.#d.d.#c.c.B-1.#A-1.A-1.#G-1.G-1.#F-1.F-1.E-1.#D-1.D-1.#C-1.C-1.B-2.#A-2.A-2.#G-2.G-2.#F-2.F-2.E-2.#D-2.D-2.#C-2.C-2.B-3.#A-3.A-3)[M],(c5.b4.#a4.a4.#g4.g4.#f4.f4.e4.#d4.d4.#c4.c4.b3.#a3.a3.#g3.g3.#f3.f3.e3.#d3.d3.#c3.c3.b2.#a2.a2.#g2.g2.#f2.f2.e2.#d2.d2.#c2.c2.b1.#a1.a1.#g1.g1.#f1.f1.e1.#d1.d1.#c1.c1.b.#a.a.#g.g.#f.f.e.#d.d.#c.c.B-1.#A-1.A-1.#G-1.G-1.#F-1.F-1.E-1.#D-1.D-1.#C-1.C-1.B-2.#A-2.A-2.#G-2.G-2.#F-2.F-2.E-2.#D-2.D-2.#C-2.C-2.B-3.#A-3.A-3)[M],(c5.b4.#a4.a4.#g4.g4.#f4.f4.e4.#d4.d4.#c4.c4.b3.#a3.a3.#g3.g3.#f3.f3.e3.#d3.d3.#c3.c3.b2.#a2.a2.#g2.g2.#f2.f2.e2.#d2.d2.#c2.c2.b1.#a1.a1.#g1.g1.#f1.f1.e1.#d1.d1.#c1.c1.b.#a.a.#g.g.#f.f.e.#d.d.#c.c.B-1.#A-1.A-1.#G-1.G-1.#F-1.F-1.E-1.#D-1.D-1.#C-1.C-1.B-2.#A-2.A-2.#G-2.G-2.#F-2.F-2.E-2.#D-2.D-2.#C-2.C-2.B-3.#A-3.A-3)[M],(c5.b4.#a4.a4.#g4.g4.#f4.f4.e4.#d4.d4.#c4.c4.b3.#a3.a3.#g3.g3.#f3.f3.e3.#d3.d3.#c3.c3.b2.#a2.a2.#g2.g2.#f2.f2.e2.#d2.d2.#c2.c2.b1.#a1.a1.#g1.g1.#f1.f1.e1.#d1.d1.#c1.c1.b.#a.a.#g.g.#f.f.e.#d.d.#c.c.B-1.#A-1.A-1.#G-1.G-1.#F-1.F-1.E-1.#D-1.D-1.#C-1.C-1.B-2.#A-2.A-2.#G-2.G-2.#F-2.F-2.E-2.#D-2.D-2.#C-2.C-2.B-3.#A-3.A-3)[M],(c5.b4.#a4.a4.#g4.g4.#f4.f4.e4.#d4.d4.#c4.c4.b3.#a3.a3.#g3.g3.#f3.f3.e3.#d3.d3.#c3.c3.b2.#a2.a2.#g2.g2.#f2.f2.e2.#d2.d2.#c2.c2.b1.#a1.a1.#g1.g1.#f1.f1.e1.#d1.d1.#c1.c1.b.#a.a.#g.g.#f.f.e.#d.d.#c.c.B-1.#A-1.A-1.#G-1.G-1.#F-1.F-1.E-1.#D-1.D-1.#C-1.C-1.B-2.#A-2.A-2.#G-2.G-2.#F-2.F-2.E-2.#D-2.D-2.#C-2.C-2.B-3.#A-3.A-3)[M],(c5.b4.#a4.a4.#g4.g4.#f4.f4.e4.#d4.d4.#c4.c4.b3.#a3.a3.#g3.g3.#f3.f3.e3.#d3.d3.#c3.c3.b2.#a2.a2.#g2.g2.#f2.f2.e2.#d2.d2.#c2.c2.b1.#a1.a1.#g1.g1.#f1.f1.e1.#d1.d1.#c1.c1.b.#a.a.#g.g.#f.f.e.#d.d.#c.c.B-1.#A-1.A-1.#G-1.G-1.#F-1.F-1.E-1.#D-1.D-1.#C-1.C-1.B-2.#A-2.A-2.#G-2.G-2.#F-2.F-2.E-2.#D-2.D-2.#C-2.C-2.B-3.#A-3.A-3)[M],(c5.b4.#a4.a4.#g4.g4.#f4.f4.e4.#d4.d4.#c4.c4.b3.#a3.a3.#g3.g3.#f3.f3.e3.#d3.d3.#c3.c3.b2.#a2.a2.#g2.g2.#f2.f2.e2.#d2.d2.#c2.c2.b1.#a1.a1.#g1.g1.#f1.f1.e1.#d1.d1.#c1.c1.b.#a.a.#g.g.#f.f.e.#d.d.#c.c.B-1.#A-1.A-1.#G-1.G-1.#F-1.F-1.E-1.#D-1.D-1.#C-1.C-1.B-2.#A-2.A-2.#G-2.G-2.#F-2.F-2.E-2.#D-2.D-2.#C-2.C-2.B-3.#A-3.A-3)[M],(c5.b4.#a4.a4.#g4.g4.#f4.f4.e4.#d4.d4.#c4.c4.b3.#a3.a3.#g3.g3.#f3.f3.e3.#d3.d3.#c3.c3.b2.#a2.a2.#g2.g2.#f2.f2.e2.#d2.d2.#c2.c2.b1.#a1.a1.#g1.g1.#f1.f1.e1.#d1.d1.#c1.c1.b.#a.a.#g.g.#f.f.e.#d.d.#c.c.B-1.#A-1.A-1.#G-1.G-1.#F-1.F-1.E-1.#D-1.D-1.#C-1.C-1.B-2.#A-2.A-2.#G-2.G-2.#F-2.F-2.E-2.#D-2.D-2.#C-2.C-2.B-3.#A-3.A-3)[M],(c5.b4.#a4.a4.#g4.g4.#f4.f4.e4.#d4.d4.#c4.c4.b3.#a3.a3.#g3.g3.#f3.f3.e3.#d3.d3.#c3.c3.b2.#a2.a2.#g2.g2.#f2.f2.e2.#d2.d2.#c2.c2.b1.#a1.a1.#g1.g1.#f1.f1.e1.#d1.d1.#c1.c1.b.#a.a.#g.g.#f.f.e.#d.d.#c.c.B-1.#A-1.A-1.#G-1.G-1.#F-1.F-1.E-1.#D-1.D-1.#C-1.C-1.B-2.#A-2.A-2.#G-2.G-2.#F-2.F-2.E-2.#D-2.D-2.#C-2.C-2.B-3.#A-3.A-3)[M],(c5.b4.#a4.a4.#g4.g4.#f4.f4.e4.#d4.d4.#c4.c4.b3.#a3.a3.#g3.g3.#f3.f3.e3.#d3.d3.#c3.c3.b2.#a2.a2.#g2.g2.#f2.f2.e2.#d2.d2.#c2.c2.b1.#a1.a1.#g1.g1.#f1.f1.e1.#d1.d1.#c1.c1.b.#a.a.#g.g.#f.f.e.#d.d.#c.c.B-1.#A-1.A-1.#G-1.G-1.#F-1.F-1.E-1.#D-1.D-1.#C-1.C-1.B-2.#A-2.A-2.#G-2.G-2.#F-2.F-2.E-2.#D-2.D-2.#C-2.C-2.B-3.#A-3.A-3)[M],(c5.b4.#a4.a4.#g4.g4.#f4.f4.e4.#d4.d4.#c4.c4.b3.#a3.a3.#g3.g3.#f3.f3.e3.#d3.d3.#c3.c3.b2.#a2.a2.#g2.g2.#f2.f2.e2.#d2.d2.#c2.c2.b1.#a1.a1.#g1.g1.#f1.f1.e1.#d1.d1.#c1.c1.b.#a.a.#g.g.#f.f.e.#d.d.#c.c.B-1.#A-1.A-1.#G-1.G-1.#F-1.F-1.E-1.#D-1.D-1.#C-1.C-1.B-2.#A-2.A-2.#G-2.G-2.#F-2.F-2.E-2.#D-2.D-2.#C-2.C-2.B-3.#A-3.A-3)[M],(c5.b4.#a4.a4.#g4.g4.#f4.f4.e4.#d4.d4.#c4.c4.b3.#a3.a3.#g3.g3.#f3.f3.e3.#d3.d3.#c3.c3.b2.#a2.a2.#g2.g2.#f2.f2.e2.#d2.d2.#c2.c2.b1.#a1.a1.#g1.g1.#f1.f1.e1.#d1.d1.#c1.c1.b.#a.a.#g.g.#f.f.e.#d.d.#c.c.B-1.#A-1.A-1.#G-1.G-1.#F-1.F-1.E-1.#D-1.D-1.#C-1.C-1.B-2.#A-2.A-2.#G-2.G-2.#F-2.F-2.E-2.#D-2.D-2.#C-2.C-2.B-3.#A-3.A-3)[M],(c5.b4.#a4.a4.#g4.g4.#f4.f4.e4.#d4.d4.#c4.c4.b3.#a3.a3.#g3.g3.#f3.f3.e3.#d3.d3.#c3.c3.b2.#a2.a2.#g2.g2.#f2.f2.e2.#d2.d2.#c2.c2.b1.#a1.a1.#g1.g1.#f1.f1.e1.#d1.d1.#c1.c1.b.#a.a.#g.g.#f.f.e.#d.d.#c.c.B-1.#A-1.A-1.#G-1.G-1.#F-1.F-1.E-1.#D-1.D-1.#C-1.C-1.B-2.#A-2.A-2.#G-2.G-2.#F-2.F-2.E-2.#D-2.D-2.#C-2.C-2.B-3.#A-3.A-3)[M],(c5.b4.#a4.a4.#g4.g4.#f4.f4.e4.#d4.d4.#c4.c4.b3.#a3.a3.#g3.g3.#f3.f3.e3.#d3.d3.#c3.c3.b2.#a2.a2.#g2.g2.#f2.f2.e2.#d2.d2.#c2.c2.b1.#a1.a1.#g1.g1.#f1.f1.e1.#d1.d1.#c1.c1.b.#a.a.#g.g.#f.f.e.#d.d.#c.c.B-1.#A-1.A-1.#G-1.G-1.#F-1.F-1.E-1.#D-1.D-1.#C-1.C-1.B-2.#A-2.A-2.#G-2.G-2.#F-2.F-2.E-2.#D-2.D-2.#C-2.C-2.B-3.#A-3.A-3)[M],(c5.b4.#a4.a4.#g4.g4.#f4.f4.e4.#d4.d4.#c4.c4.b3.#a3.a3.#g3.g3.#f3.f3.e3.#d3.d3.#c3.c3.b2.#a2.a2.#g2.g2.#f2.f2.e2.#d2.d2.#c2.c2.b1.#a1.a1.#g1.g1.#f1.f1.e1.#d1.d1.#c1.c1.b.#a.a.#g.g.#f.f.e.#d.d.#c.c.B-1.#A-1.A-1.#G-1.G-1.#F-1.F-1.E-1.#D-1.D-1.#C-1.C-1.B-2.#A-2.A-2.#G-2.G-2.#F-2.F-2.E-2.#D-2.D-2.#C-2.C-2.B-3.#A-3.A-3)[M],(c5.b4.#a4.a4.#g4.g4.#f4.f4.e4.#d4.d4.#c4.c4.b3.#a3.a3.#g3.g3.#f3.f3.e3.#d3.d3.#c3.c3.b2.#a2.a2.#g2.g2.#f2.f2.e2.#d2.d2.#c2.c2.b1.#a1.a1.#g1.g1.#f1.f1.e1.#d1.d1.#c1.c1.b.#a.a.#g.g.#f.f.e.#d.d.#c.c.B-1.#A-1.A-1.#G-1.G-1.#F-1.F-1.E-1.#D-1.D-1.#C-1.C-1.B-2.#A-2.A-2.#G-2.G-2.#F-2.F-2.E-2.#D-2.D-2.#C-2.C-2.B-3.#A-3.A-3)[M],(c5.b4.#a4.a4.#g4.g4.#f4.f4.e4.#d4.d4.#c4.c4.b3.#a3.a3.#g3.g3.#f3.f3.e3.#d3.d3.#c3.c3.b2.#a2.a2.#g2.g2.#f2.f2.e2.#d2.d2.#c2.c2.b1.#a1.a1.#g1.g1.#f1.f1.e1.#d1.d1.#c1.c1.b.#a.a.#g.g.#f.f.e.#d.d.#c.c.B-1.#A-1.A-1.#G-1.G-1.#F-1.F-1.E-1.#D-1.D-1.#C-1.C-1.B-2.#A-2.A-2.#G-2.G-2.#F-2.F-2.E-2.#D-2.D-2.#C-2.C-2.B-3.#A-3.A-3)[M],(c5.b4.#a4.a4.#g4.g4.#f4.f4.e4.#d4.d4.#c4.c4.b3.#a3.a3.#g3.g3.#f3.f3.e3.#d3.d3.#c3.c3.b2.#a2.a2.#g2.g2.#f2.f2.e2.#d2.d2.#c2.c2.b1.#a1.a1.#g1.g1.#f1.f1.e1.#d1.d1.#c1.c1.b.#a.a.#g.g.#f.f.e.#d.d.#c.c.B-1.#A-1.A-1.#G-1.G-1.#F-1.F-1.E-1.#D-1.D-1.#C-1.C-1.B-2.#A-2.A-2.#G-2.G-2.#F-2.F-2.E-2.#D-2.D-2.#C-2.C-2.B-3.#A-3.A-3)[M],(c5.b4.#a4.a4.#g4.g4.#f4.f4.e4.#d4.d4.#c4.c4.b3.#a3.a3.#g3.g3.#f3.f3.e3.#d3.d3.#c3.c3.b2.#a2.a2.#g2.g2.#f2.f2.e2.#d2.d2.#c2.c2.b1.#a1.a1.#g1.g1.#f1.f1.e1.#d1.d1.#c1.c1.b.#a.a.#g.g.#f.f.e.#d.d.#c.c.B-1.#A-1.A-1.#G-1.G-1.#F-1.F-1.E-1.#D-1.D-1.#C-1.C-1.B-2.#A-2.A-2.#G-2.G-2.#F-2.F-2.E-2.#D-2.D-2.#C-2.C-2.B-3.#A-3.A-3)[M],(c5.b4.#a4.a4.#g4.g4.#f4.f4.e4.#d4.d4.#c4.c4.b3.#a3.a3.#g3.g3.#f3.f3.e3.#d3.d3.#c3.c3.b2.#a2.a2.#g2.g2.#f2.f2.e2.#d2.d2.#c2.c2.b1.#a1.a1.#g1.g1.#f1.f1.e1.#d1.d1.#c1.c1.b.#a.a.#g.g.#f.f.e.#d.d.#c.c.B-1.#A-1.A-1.#G-1.G-1.#F-1.F-1.E-1.#D-1.D-1.#C-1.C-1.B-2.#A-2.A-2.#G-2.G-2.#F-2.F-2.E-2.#D-2.D-2.#C-2.C-2.B-3.#A-3.A-3)[M],(c5.b4.#a4.a4.#g4.g4.#f4.f4.e4.#d4.d4.#c4.c4.b3.#a3.a3.#g3.g3.#f3.f3.e3.#d3.d3.#c3.c3.b2.#a2.a2.#g2.g2.#f2.f2.e2.#d2.d2.#c2.c2.b1.#a1.a1.#g1.g1.#f1.f1.e1.#d1.d1.#c1.c1.b.#a.a.#g.g.#f.f.e.#d.d.#c.c.B-1.#A-1.A-1.#G-1.G-1.#F-1.F-1.E-1.#D-1.D-1.#C-1.C-1.B-2.#A-2.A-2.#G-2.G-2.#F-2.F-2.E-2.#D-2.D-2.#C-2.C-2.B-3.#A-3.A-3)[M],(c5.b4.#a4.a4.#g4.g4.#f4.f4.e4.#d4.d4.#c4.c4.b3.#a3.a3.#g3.g3.#f3.f3.e3.#d3.d3.#c3.c3.b2.#a2.a2.#g2.g2.#f2.f2.e2.#d2.d2.#c2.c2.b1.#a1.a1.#g1.g1.#f1.f1.e1.#d1.d1.#c1.c1.b.#a.a.#g.g.#f.f.e.#d.d.#c.c.B-1.#A-1.A-1.#G-1.G-1.#F-1.F-1.E-1.#D-1.D-1.#C-1.C-1.B-2.#A-2.A-2.#G-2.G-2.#F-2.F-2.E-2.#D-2.D-2.#C-2.C-2.B-3.#A-3.A-3)[M],(c5.b4.#a4.a4.#g4.g4.#f4.f4.e4.#d4.d4.#c4.c4.b3.#a3.a3.#g3.g3.#f3.f3.e3.#d3.d3.#c3.c3.b2.#a2.a2.#g2.g2.#f2.f2.e2.#d2.d2.#c2.c2.b1.#a1.a1.#g1.g1.#f1.f1.e1.#d1.d1.#c1.c1.b.#a.a.#g.g.#f.f.e.#d.d.#c.c.B-1.#A-1.A-1.#G-1.G-1.#F-1.F-1.E-1.#D-1.D-1.#C-1.C-1.B-2.#A-2.A-2.#G-2.G-2.#F-2.F-2.E-2.#D-2.D-2.#C-2.C-2.B-3.#A-3.A-3)[M],(c5.b4.#a4.a4.#g4.g4.#f4.f4.e4.#d4.d4.#c4.c4.b3.#a3.a3.#g3.g3.#f3.f3.e3.#d3.d3.#c3.c3.b2.#a2.a2.#g2.g2.#f2.f2.e2.#d2.d2.#c2.c2.b1.#a1.a1.#g1.g1.#f1.f1.e1.#d1.d1.#c1.c1.b.#a.a.#g.g.#f.f.e.#d.d.#c.c.B-1.#A-1.A-1.#G-1.G-1.#F-1.F-1.E-1.#D-1.D-1.#C-1.C-1.B-2.#A-2.A-2.#G-2.G-2.#F-2.F-2.E-2.#D-2.D-2.#C-2.C-2.B-3.#A-3.A-3)[M],(c5.b4.#a4.a4.#g4.g4.#f4.f4.e4.#d4.d4.#c4.c4.b3.#a3.a3.#g3.g3.#f3.f3.e3.#d3.d3.#c3.c3.b2.#a2.a2.#g2.g2.#f2.f2.e2.#d2.d2.#c2.c2.b1.#a1.a1.#g1.g1.#f1.f1.e1.#d1.d1.#c1.c1.b.#a.a.#g.g.#f.f.e.#d.d.#c.c.B-1.#A-1.A-1.#G-1.G-1.#F-1.F-1.E-1.#D-1.D-1.#C-1.C-1.B-2.#A-2.A-2.#G-2.G-2.#F-2.F-2.E-2.#D-2.D-2.#C-2.C-2.B-3.#A-3.A-3)[M],(c5.b4.#a4.a4.#g4.g4.#f4.f4.e4.#d4.d4.#c4.c4.b3.#a3.a3.#g3.g3.#f3.f3.e3.#d3.d3.#c3.c3.b2.#a2.a2.#g2.g2.#f2.f2.e2.#d2.d2.#c2.c2.b1.#a1.a1.#g1.g1.#f1.f1.e1.#d1.d1.#c1.c1.b.#a.a.#g.g.#f.f.e.#d.d.#c.c.B-1.#A-1.A-1.#G-1.G-1.#F-1.F-1.E-1.#D-1.D-1.#C-1.C-1.B-2.#A-2.A-2.#G-2.G-2.#F-2.F-2.E-2.#D-2.D-2.#C-2.C-2.B-3.#A-3.A-3)[M],(c5.b4.#a4.a4.#g4.g4.#f4.f4.e4.#d4.d4.#c4.c4.b3.#a3.a3.#g3.g3.#f3.f3.e3.#d3.d3.#c3.c3.b2.#a2.a2.#g2.g2.#f2.f2.e2.#d2.d2.#c2.c2.b1.#a1.a1.#g1.g1.#f1.f1.e1.#d1.d1.#c1.c1.b.#a.a.#g.g.#f.f.e.#d.d.#c.c.B-1.#A-1.A-1.#G-1.G-1.#F-1.F-1.E-1.#D-1.D-1.#C-1.C-1.B-2.#A-2.A-2.#G-2.G-2.#F-2.F-2.E-2.#D-2.D-2.#C-2.C-2.B-3.#A-3.A-3)[M],(c5.b4.#a4.a4.#g4.g4.#f4.f4.e4.#d4.d4.#c4.c4.b3.#a3.a3.#g3.g3.#f3.f3.e3.#d3.d3.#c3.c3.b2.#a2.a2.#g2.g2.#f2.f2.e2.#d2.d2.#c2.c2.b1.#a1.a1.#g1.g1.#f1.f1.e1.#d1.d1.#c1.c1.b.#a.a.#g.g.#f.f.e.#d.d.#c.c.B-1.#A-1.A-1.#G-1.G-1.#F-1.F-1.E-1.#D-1.D-1.#C-1.C-1.B-2.#A-2.A-2.#G-2.G-2.#F-2.F-2.E-2.#D-2.D-2.#C-2.C-2.B-3.#A-3.A-3)[M],(c5.b4.#a4.a4.#g4.g4.#f4.f4.e4.#d4.d4.#c4.c4.b3.#a3.a3.#g3.g3.#f3.f3.e3.#d3.d3.#c3.c3.b2.#a2.a2.#g2.g2.#f2.f2.e2.#d2.d2.#c2.c2.b1.#a1.a1.#g1.g1.#f1.f1.e1.#d1.d1.#c1.c1.b.#a.a.#g.g.#f.f.e.#d.d.#c.c.B-1.#A-1.A-1.#G-1.G-1.#F-1.F-1.E-1.#D-1.D-1.#C-1.C-1.B-2.#A-2.A-2.#G-2.G-2.#F-2.F-2.E-2.#D-2.D-2.#C-2.C-2.B-3.#A-3.A-3)[M],(c5.b4.#a4.a4.#g4.g4.#f4.f4.e4.#d4.d4.#c4.c4.b3.#a3.a3.#g3.g3.#f3.f3.e3.#d3.d3.#c3.c3.b2.#a2.a2.#g2.g2.#f2.f2.e2.#d2.d2.#c2.c2.b1.#a1.a1.#g1.g1.#f1.f1.e1.#d1.d1.#c1.c1.b.#a.a.#g.g.#f.f.e.#d.d.#c.c.B-1.#A-1.A-1.#G-1.G-1.#F-1.F-1.E-1.#D-1.D-1.#C-1.C-1.B-2.#A-2.A-2.#G-2.G-2.#F-2.F-2.E-2.#D-2.D-2.#C-2.C-2.B-3.#A-3.A-3)[M],(c5.b4.#a4.a4.#g4.g4.#f4.f4.e4.#d4.d4.#c4.c4.b3.#a3.a3.#g3.g3.#f3.f3.e3.#d3.d3.#c3.c3.b2.#a2.a2.#g2.g2.#f2.f2.e2.#d2.d2.#c2.c2.b1.#a1.a1.#g1.g1.#f1.f1.e1.#d1.d1.#c1.c1.b.#a.a.#g.g.#f.f.e.#d.d.#c.c.B-1.#A-1.A-1.#G-1.G-1.#F-1.F-1.E-1.#D-1.D-1.#C-1.C-1.B-2.#A-2.A-2.#G-2.G-2.#F-2.F-2.E-2.#D-2.D-2.#C-2.C-2.B-3.#A-3.A-3)[M],(c5.b4.#a4.a4.#g4.g4.#f4.f4.e4.#d4.d4.#c4.c4.b3.#a3.a3.#g3.g3.#f3.f3.e3.#d3.d3.#c3.c3.b2.#a2.a2.#g2.g2.#f2.f2.e2.#d2.d2.#c2.c2.b1.#a1.a1.#g1.g1.#f1.f1.e1.#d1.d1.#c1.c1.b.#a.a.#g.g.#f.f.e.#d.d.#c.c.B-1.#A-1.A-1.#G-1.G-1.#F-1.F-1.E-1.#D-1.D-1.#C-1.C-1.B-2.#A-2.A-2.#G-2.G-2.#F-2.F-2.E-2.#D-2.D-2.#C-2.C-2.B-3.#A-3.A-3)[M],Q,(#d2)[KL],(#g2)[KL],(#a2)[KL],(#G-1.b2)[M],U,(#a2)[M],(#g.b2)[M],U,(#a2)[M],(#G-1.b2)[M],U,(#a2)[M],(#g.#g2)[M],U,(#d2)[M],(#c.e2)[K],(#g.b.b2)[M],U,(b2)[M],(#c)[M],U,(e1)[M],(#g1)[K],(#F-1.#c2.#a2)[M],U,(#c2.#g2)[M],(#f.#a2)[M],U,(#g2)[M],(#F-1.#a2)[M],U,(#g2)[M],(#f.#f2)[M],U,(#c2)[M],(B-1.#d2)[K],(#f.#a.#a2)[M],U,(#a2)[M],(B-1)[M],U,(#d1)[M],(#f1)[K],(E-1.#g2)[M],U,(#f2)[M],(e.#g2)[M],U,(#f2)[M],(E-1.#g2)[M],U,(#f2)[M],(e.#g2)[M],U,(#d3)[M],(#c.#c3)[M],U,(b2)[M],(b.#c3)[K],(e1)[M],U,(#g1)[M],(#g.#c2)[K],(#A-1.#c3)[M],U,(b2)[M],(e.#a2)[M],U,(b2)[M],(#A-1.#c3)[M],U,(#d3)[M],(e.#g.#c3)[M],U,(#g2)[M],(#D-1.#a2)[M],U,(#a)[M],(#d.g.#d1)[M],U,(f1)[M],(#D-1.g1)[M],U,(#g1)[M],(#a1)[K],(#G-1.b1)[M],U,(#a1)[M],(#g.b1)[M],U,(#a1)[M],(#G-1.b1)[M],U,(#a1)[M],(#g.#g1)[M],U,(#d1)[M],(#c.e1)[K],(#g.b1)[M],U,(b1)[M],(#c)[M],U,(#c1)[M],(#g.#d1)[K],(#F-1.#a1)[M],U,(#g1)[M],(#f.#a1)[M],U,(#g1)[M],(#F-1.#a1)[M],U,(#g1)[M],(#f.#f1)[M],U,(#c1)[M],(B-1.#d1)[K],(#f.#a1)[M],U,(#a1)[M],(B-1)[M],U,(#c1)[M],(#f.#a.#d1)[K],(E-1.#g1)[M],U,(B-1.#f1)[M],(E-1.#g1)[M],U,(B-1.#f1)[M],(E-1.#g1)[M],U,(B-1.#f1)[M],(E-1.#g1)[M],U,(#d2)[M],(#c.#c2)[M],U,(b1)[M],(#g.b.#c2)[K],(#c.#c1)[M],U,(#d1)[M],(#g.b1.e1)[K],(#A-1.#c2)[M],U,(b1)[M],(e.#g.#a1)[M],U,(#g1)[M],(#D-1.g1)[M],U,(#d1)[M],(#d.g.b1)[M],U,(#a1)[M],(#G-1.#g1)[M],U,(#g)[M],(#a)[M],U,(b)[M],(#G-1.#d1)[M],U,(#g1)[M],(#g.#a1)[M],U,(b1)[M],(#c.e2)[K],(#g.b)[M],U,(#d2)[M],(#F-1.#c2)[M],U,(b1)[M],(#f.#a.#a1)[M],U,(e2)[M],(B-1.#d2)[K],(#f.#a.#d1)[M],U,(#f1)[M],(E-1)[M],U,(#d2)[M],(e.#c2)[M],U,(b1)[M],(#A-1.#c2)[K],(#g)[M],U,5<(e2)[N],(#d2)[N]>,(#D-1.#c2)[M],U,(b1)[M],(g.#a1)[M],U,(#d1)[M],(#G-1.#g1)[M],U,(#d1)[M],(#g.#a1)[M],U,(#d1)[M],(#G-1.b1)[M],U,(#g1)[M],(#g.#a1)[M],U,(b1)[M],(#c.e2)[K],(#g.b)[M],U,(#f2)[M],(#F-1.#g2)[M],U,(#a2)[M],(#f.b2)[M],U,(e2)[M],(B-1.#d2)[K],(#f.#a.#d1)[M],U,(#f1)[M],(E-1.#g1)[M],U,(#a1)[M],(e.b1)[M],U,(#c2)[M],(#A-1.#d2)[K],(e)[M],U,5<(#c2)[N],(b1)[N]>,(#D-1.#a1)[K],(#d.g.#d1.g1)[K],(#G-1.#g1)[M],U,(#d1)[M],(#d.#c1)[M],U,(b)[M],(#G-1.#g)[M],U,(#g1)[M],(g.#a1)[M],U,(b1)[M],(#c.e2)[K],(#g.b)[M],U,(#d2)[M],(#F-1.#c2)[M],U,(b1)[M],(#f.#a1)[M],U,(e2)[M],(B-1.#d2)[K],(#f.#a.#d1)[M],U,(#f1)[M],(E-1)[M],U,(#d2)[M],(e.#c2)[M],U,(b1)[M],(#A-1.#c2)[K],(#g)[M],U,5<(e2)[N],(#d2)[N]>,(#D-1.#c2)[M],U,(b1)[M],(g.#a1)[M],U,(#d1)[M],(#G-1.#g1)[M],U,(#d1)[M],(#g.#a1)[M],U,(#d1)[M],(#G-1.b1)[M],U,(#g1)[M],(#g.#a1)[M],U,(b1)[M],(#c.e2)[K],(#g.b)[M],U,(#f2)[M],(#F-1.#g2)[M],U,(#a2)[M],(#f.b2)[M],U,(e2)[M],(B-1.#d2)[K],(#f.#a.#d1)[M],U,(#f1)[M],(E-1)[M],U,(#d2)[M],(e.#c2)[M],U,(b1)[M],(#A-1.#c2)[K],(#g)[M],U,5<(e2)[N],(#d2)[N]>,(#D-1.#c2)[M],U,(b1)[M],(g.#a1)[M],U,(#d1)[M],(#G-1.#g1)[M],U,(#g)[M],(#g.#a)[M],U,(b)[M],(#G-1.#d1)[M],U,#g2[M],(#g.#a2)[M],U,b2[M],(#c.e3)[K],(#g.b)[M],U,(#f3)[M],(#F-1.#g3)[M],U,(#a3)[M],(#f.b3)[M],U,(e3)[M],(B-1.#d3)[K],(#f.#a.#d1)[M],U,(#f1)[M],(E-1.#g1)[M],U,(#a1)[M],(e.b1)[M],U,(#c2)[M],(#A-1.#d2)[KLM],5<(#c2)[N],(b1)[N]>,(#D-1.#a1)[K],(#d.g.g1)[K],(#G-1.#g1)[M],U,(#d1)[M],(#d.#c1)[M],U,(b)[M],b2[L],a2[L],e2[K],(C-2.A-3.#A-3)[M],(C-2.A-3.#A-3)[M],(C-2.A-3.#A-3)[M],(C-2.A-3.#A-3)[M],(C-2.A-3.#A-3)[M],(C-2.A-3.#A-3)[M],(C-2.A-3.#A-3)[M],(C-2.A-3.#A-3)[M],(C-2.A-3.#A-3)[M],f3[O],g3[O],f3[O],g3[O],f3[O],g3[O],f3[O],g3[O],f3[O],g3[O],f3[O],g3[O],f3[O],g3[O],f3[O],g3[O],f3[O],g3[O],f3[O],g3[O],f3[O],g3[O],f3[O],g3[O],f3[O],g3[O],f3[O],g3[O],f3[O],g3[O],f3[O],g3[O],f3[O],g3[O],f3[O],g3[O],f3[O],g3[O],f3[O],g3[O],f3[O],g3[O],f3[O],g3[O],f3[O],g3[O],f3[O],g3[O];"],"id":3,"instruments":["piano","piano"],"alternatives":["",""]}],"audition":{"start":[1,0],"end":[2,0]}}