{"baseBpm":114,"musics":[{"bpm":114,"baseBeats":0.5,"scores":["b[L],#c1[L],e1[L],#f1[L],#g1[K],b1[K],#f1[KL],e1[JL],#g1[K],mute[L],mute[K],mute[L],mute[K],mute[KL],a1[K],#g1[L],#c2[L],#c2[L],b[L],#c1[L],e1[L],#f1[L],#g1[K],b1[K],#f1[K],e1[L],#g1[L],5<V,#f1[M]>,e1[K],#f1[KL],#g1[K],a1[K],#c2[L],b1[K],(b1.#f2.b2)[LM],(b1.#f2.b2)[LM],(b1.#f2.b2)[L],b[L],e1[L],#f1[L],(e1.#g1)[L],#c2[L],b1[L],#c2[L],#g1[LM],#f1[LM],e1[L],(#d1.#f1)[LM],(#f1.#c2)[LM],(e1.b1)[J],5<b1[M],b1[M]>,a1[L],5<a1[M],a1[M]>,U,#g1[L],#f1[K],e1[K],(e1.#c2)[K],(b1.d1)[L],a1[L],(d1.a1)[K],(e1.b1)[KL],e1[L],e1[L],5<#c1[M],e1[M]>,U,#f1[L],e1[K],(b1.b2)[L],5<(b1.b2)[M],(b1.b2)[M]>,5<V,(#c2.#c3)[M]>,U,(b1.b2)[KL],b1[L],e2[L],b1[L],#c2[L],#g1[L],b1[LM],#c2[LM],#c2[L],10<b1[J],mute[L],#g1[L],#f1[L],e1[L],e1[L],e1[L]>,e1[K],e1[L],5<e1[M],e1[M]>,5<V,#f1[M]>,U,#d1[K],#d1[L],#c1[L],#d1[L],5<e1[M],e1[M]>,mute[KL],e1[L],e1[L],#f1[L],e1[L],#d1[L],#c1[L],#c1[L],10<b[J],mute[L],b[L],e1[L],#f1[L]>,#g1[K],#f1[LM],e1[LM],e1[L],#d1[L],e1[L],#f1[L],#d1[L],b[L],#f1[L],10<e1[J],mute[L],a1[L],a1[L],#g1[L],a1[L],#g1[L],e1[L],#g1[L]>,#f1[JL],e1[LM],#f1[LM],#g1[KL],#g1[K],a1[L],(e1.#c2)[L],(e1.#c2)[L],(#d1.b1)[KL],#f1[K],#g1[L],(#d1.b1)[L],(#d1.b1)[L],(#c1.a1)[K],a1[L],5<#g1[M],a1[M]>,U,#g1[L],e1[K],(#f1.#f2)[K],(#g1.#g2)[LM],(a1.a2)[LM],(#g1.#g2)[L],(b1.b2)[L],(b1.b2)[L],(#g1.#g2)[KL],#g1[L],#g1[LM],#f1[LM],e1[L],#f1[L],5<#f1[M],#f1[M]>,5<V,e1[M]>,5<V,e1[M]>,5<V,#f1[M]>,#g1[K],b[L],b1[LM],a1[LM],#g1[L],(a1.a2)[L],(b1.b2)[L],(#c2.#c3)[L],(#c2.#c3)[L],","Q,(e.b.e1)[K],b[L],e1[K],b[L],e1[K],(A-1.e.a)[KL],a[KL],e[K],A-1[L],e[L],a[L],#G-1[K],#d[L],#g[K],(#F-1.#c.#f)[JL],A-1[K],B-1[KL],(#f.b)[L],B-1[K],B-1[L],(#f.b)[L],B-1[K],(B-1.#f.b)[LM],(B-1.#f.b)[LM],(B-1.#f.b)[J],A-1[K],(e.a)[L],A-1[K],A-1[L],(e.a)[K],#G-1[K],(#d.#g)[L],#C-1[K],#C-1[L],(#G-1.#c)[K],#F-1[K],(#c.#f)[L],#F-1[K],#F-1[L],(#c.#f)[K],B-1[K],(#f.b)[L],B-1[K],B-1[L],(#f.b)[K],A-1[K],(e.a)[L],A-1[K],A-1[L],(e.a)[K],#G-1[K],(#d.#g)[L],#C-1[K],#C-1[L],(#G-1.#c)[K],#F-1[K],(#c.#f)[L],#F-1[K],#F-1[L],(#c.#f)[KL],(B-1.#f.b)[L],(B-1.#f.b)[L],(B-1.#f.b)[L],(B-1.#f.b)[J],A-1[K],(e.a)[L],A-1[K],A-1[L],(e.a)[K],#G-1[K],(#d.#g)[L],#C-1[K],#C-1[L],(#G-1.#c)[K],#F-1[K],(#c.#f)[L],#F-1[K],#F-1[L],(#c.#f)[K],B-1[K],(#f.b)[L],E-1[K],E-1[L],(B-1.e)[K],A-1[K],(e.a)[L],A-1[K],A-1[L],(e.a)[K],#G-1[K],(#d.#g)[L],#C-1[K],#C-1[L],(#G-1.#c)[K],#F-1[K],(#c.#f)[L],#F-1[K],#F-1[L],(#c.#f)[K],B-1[K],(#f.b)[L],B-1[K],B-1[L],(#f.b)[K],A-1[K],(e.a)[L],A-1[K],A-1[L],(e.a)[K],#G-1[K],(#d.#g)[L],#C-1[K],#C-1[L],(#G-1.#c)[K],#F-1[K],(#c.#f)[L],#F-1[K],#F-1[L],(#c.#f)[K],B-1[K],(#f.b)[L],E-1[K],E-1[L],(B-1.e)[K],A-1[K],(e.a)[L],A-1[K],A-1[L],(e.a)[K],#G-1[K],(#d.#g)[L],#C-1[K],#C-1[L],(#G-1.#c)[K],#F-1[K],(#c.#f)[L],#F-1[K],#F-1[L],(#c.#f)[K],"],"id":1},{"bpm":118,"baseBeats":0.5,"scores":["(b1.b2)[J],mute[L],b[L],e1[L],#f1[L],(e1.#g1)[L],#c2[L],b1[L],#c2[L],#g1[LM],#f1[LM],e1[L],(#d1.#f1)[LM],(#f1.#c2)[LM],(e1.b1)[J],5<b1[M],b1[M]>,a1[L],5<a1[M],a1[M]>,U,#g1[L],#f1[K],e1[K],(e1.#c2)[K],(b1.d1)[L],a1[L],(d1.a1)[K],(e1.b1)[KL],e1[L],e1[L],5<#c1[M],e1[M]>,U,#f1[L],e1[K],(b1.b2)[L],5<(b1.b2)[M],(b1.b2)[M]>,5<V,(#c2.#c3)[M]>,U,(b1.b2)[KL],b1[L],e2[L],b1[L],#c2[L],#g1[L],b1[LM],#c2[LM],#c2[L],10<b1[J],mute[L],#g1[L],#f1[L],e1[L],b[L],#c1[L],e1[L],#f1[L]>,#g1[K],b1[K],(#d1.#f1)[KL],10<(e1.#g1)[J],mute[L],b[L],#c1[L],e1[L],#f1[L]>,#g1[K],b1[K],(e1.#c2)[K],b1[L],a1[L],(e1.a1)[K],(e1.b1)[K],b[L],#c1[L],e1[L],#f1[L],#g1[K],b1[K],(#d1.#f1)[K],e1[L],#g1[L],5<V,#f1[M]>,e1[J],b[L],e1[L],#f1[L],#g1[L],5<a1[M],#g1[M]>,T,(e1.a1)[K],#g1[L],e1[L],(b.e1)[LM],#f1[LM],#f1[L],(e1.#g1)[L],#c2[L],b1[L],#c2[L],(e1.#g1)[LM],#f1[LM],e1[L],(#d1.#f1)[KL],(#c1.e1)[JL],(a!#c1!e1)[JL],5<b[M],#c1[M]>,5<e1[M],#f1[M]>,5<#g1[M],a1[M]>,b1[IL],5<#g1[M],#g1[M]>,#g1[L],5<#g1[M],#g1[M]>,#g1[L],5<#g1[M],#g1[M]>,U,e1[L],#f1[L],e1[L],#f1[L],#g1[L],#f1[L],e1[J],5<#g1[M],#g1[M]>,#g1[L],5<#g1[M],#g1[M]>,#g1[L],5<#g1[M],#g1[M]>,U,e1[L],#f1[L],e1[L],#f1[L],#g1[L],#g1[L],5<b[M],#c1[M]>,e1[L],#c1[K],e1[L],e1[L],#c1[L],e1[L],5<#f1[M],#g1[M]>,U,e1[K],e1[L],e1[L],#c1[L],e1[L],5<#f1[M],#g1[M]>,U,e1[K],5<e1[M],e1[M]>,e1[L],e1[L],5<#g1[M],#g1[M]>,5<e1[M],e1[M]>,5<V,e1[M]>,5<V,#c1[M]>,e1[L],#g1[L],5<e1[M],e1[M]>,5<#c1[M],e1[M]>,U,e1[LM],#f1[LM],#g1[KL],#g1[K],a1[L],(e1.#c2)[L],(e1.#c2)[L],(#d1.b1)[KL],#f1[K],#g1[L],(#d1.b1)[L],(#d1.b1)[L],(#c1.a1)[K],a1[L],5<#g1[M],a1[M]>,U,#g1[L],e1[K],(#f1.#f2)[K],(#g1.#g2)[LM],(a1.a2)[LM],(#g1.#g2)[L],(b1.b2)[L],(b1.b2)[L],","U,(B-1.#f.b)[LM],(B-1.#f.b)[LM],(B-1.#f.b)[K],B-1[K],A-1[K],(e.a)[L],A-1[K],A-1[L],(e.a)[K],#G-1[K],(#d.#g)[L],#C-1[K],#C-1[L],(#G-1.#c)[K],#F-1[K],(#c.#f)[L],#F-1[K],#F-1[L],(#c.#f)[K],B-1[K],(#f.b)[L],B-1[K],B-1[L],(#f.b)[K],A-1[K],(e.a)[L],A-1[K],A-1[L],(e.a)[K],#G-1[K],(#d.#g)[L],#C-1[K],#C-1[L],(#G-1.#c)[K],#F-1[K],(#c.#f)[L],#F-1[K],#F-1[L],(#c.#f)[KL],(B-1.#f.b)[L],(B-1.#f.b)[L],(B-1.#f.b)[L],(B-1.#f.b)[J],A-1[K],(e.a)[L],A-1[K],A-1[L],(e.a)[K],#G-1[K],(#d.#g)[L],#C-1[K],#C-1[L],(#G-1.#c)[K],#F-1[K],(#c.#f)[L],#F-1[K],#F-1[L],(#c.#f)[K],B-1[K],(#f.b)[L],E-1[K],E-1[L],(B-1.e)[K],A-1[K],(e.a)[L],A-1[K],A-1[L],(e.a)[K],#G-1[K],(#d.#g)[L],#C-1[K],#C-1[L],(#G-1.#c)[K],#F-1[K],(#c.#f)[L],#F-1[K],#F-1[L],(#c.#f)[K],B-1[K],(#f.b)[L],B-1[K],B-1[L],(#f.b)[K],A-1[L],e[L],a[L],b[KL],A-1[K],#G-1[L],#d[L],#g[L],#C-1[K],#G-1[L],#c[K],D-1[L],A-1[L],d[L],e[JL],(B-1.#f.b)[JL],B-1[L],(#f.b)[K],A-1[K],(e.a)[L],A-1[K],A-1[L],(e.a)[K],#G-1[K],(#d.#g)[L],#C-1[K],#C-1[L],(#G-1.#c)[K],#F-1[K],(#c.#f)[L],#F-1[K],#F-1[L],(#c.#f)[K],B-1[K],(#f.b)[L],E-1[K],E-1[L],(B-1.e)[K],A-1[K],(e.a)[L],A-1[K],A-1[L],(e.a)[K],#G-1[K],(#d.#g)[L],#C-1[K],#C-1[L],(#G-1.#c)[K],#F-1[K],(#c.#f)[L],#F-1[K],#F-1[L],(#c.#f)[K],B-1[K],(#f.b)[L],B-1[K],B-1[L],(#f.b)[K],A-1[K],(e.a)[L],A-1[K],A-1[L],(e.a)[K],#G-1[K],(#d.#g)[L],#C-1[K],#C-1[L],(#G-1.#c)[K],#F-1[K],(#c.#f)[L],#F-1[K],#F-1[L],(#c.#f)[K],B-1[K],(#f.b)[L],E-1[K],E-1[L],(B-1.e)[K],"],"id":2},{"bpm":122,"baseBeats":0.5,"scores":["(#g1.#g2)[KL],#g1[L],#g1[LM],#f1[LM],e1[L],#f1[L],5<#f1[M],#f1[M]>,5<V,e1[M]>,5<V,e1[M]>,5<V,#f1[M]>,#g1[K],b[L],b1[LM],a1[LM],#g1[L],(e2.e3)[L],(#d2.#d3)[L],(#c2.#c3)[L],(#c2.#c3)[L],10<(b1.b2)[J],mute[L],b[L],e1[L],#f1[L],(e1.#g1)[L],#c2[L],b1[L],#c2[L]>,#g1[LM],#f1[LM],e1[L],(#d1.#f1)[LM],(#f1.#c2)[LM],(e1.b1)[J],5<b1[M],b1[M]>,a1[L],5<a1[M],a1[M]>,U,#g1[L],#f1[K],e1[K],(e1.#c2)[K],(d1.b1)[L],a1[L],(d1.a1)[K],(e1.b1)[KL],e1[L],e1[L],5<#c1[M],e1[M]>,U,#f1[L],e1[K],(b1.b2)[L],5<(b1.b2)[M],(b1.b2)[M]>,5<V,(#c2.#c3)[M]>,U,(b1.b2)[KL],b1[L],e2[L],b1[L],#c2[L],#g1[L],b1[LM],#c2[LM],#c2[L],10<b1[J],mute[L],#g1[L],#f1[L],e1[L]>,(e1.#g1)[LM],(e1.#g1)[LM],(e1.#g1)[L],(#c1.e1)[LM],(#c1.e1)[LM],#g1[L],(b.#g1)[JL],b[L],b[L],10<b1[J],#g1[L],a1[L],#g1[L],e1[L]>,#g1[K],e1[JL],e1[L],#f1[L],(e1.#g1)[K],e1[L],#f1[L],(e1.#g1)[K],e1[K],#g1[L],a1[L],b1[L],(b.#f1)[J],5<#g1[M],#g1[M]>,(#c1.a1)[LM],(#c1.a1)[LM],#g1[L],(#c1.a1)[K],a1[L],(#c2.#c3)[K],(b1.b2)[L],(#g1.#g2)[L],(b1.b2)[K],(b1.b2)[I],b[L],e1[L],#f1[L],(e1.#g1)[L],#c2[L],b1[L],#c2[L],#g1[LM],#f1[LM],e1[L],(#d1.#f1)[LM],(#f1.#c2)[LM],(e1.b1)[J],5<b1[M],b1[M]>,a1[L],5<a1[M],a1[M]>,U,#g1[L],#f1[K],e1[K],(e1.#c2)[K],(b1.d1)[L],a1[L],(d1.a1)[K],(e1.b1)[KL],e1[L],e1[L],5<#c1[M],e1[M]>,U,#f1[L],e1[K],(b1.b2)[L],5<(b1.b2)[M],(b1.b2)[M]>,5<V,(#c2.#c3)[M]>,U,(b1.b2)[KL],b1[L],e2[L],b1[L],#c2[L],#g1[L],b1[LM],#c2[LM],#c2[L],10<b1[J],mute[L],#g1[L],#f1[L],e1[L],b[L],#c1[L],e1[L],#f1[L]>,#g1[K],b1[K],(#d1.#f1)[KL],10<(e1.#g1)[J],mute[L],b[L],#c1[L],e1[L],#f1[L]>,#g1[K],b1[K],(e1.#c2)[K],b1[L],a1[L],(e1.a1)[K],(e1.b1)[K],b[L],#c1[L],e1[L],#f1[L],#g1[K],b1[K],(#d1.#f1)[K],e1[L],#g1[L],5<V,#f1[M]>,e1[J],b[L],e1[L],#f1[L],#g1[L],5<a1[M],#g1[M]>,T,(e1.a1)[K],#g1[L],e1[L],(b.e1)[LM],#f1[LM],#f1[L],e1[I],","A-1[K],(e.a)[L],A-1[K],A-1[L],(e.a)[K],#G-1[K],(#d.#g)[L],#C-1[K],#C-1[L],(#G-1.#c)[K],#F-1[K],(#c.#f)[L],#F-1[K],#F-1[L],(#c.#f)[KL],(B-1.#f.b)[LM],(B-1.#f.b)[LM],(B-1.#f.b)[K],B-1[K],A-1[K],(e.a)[L],A-1[K],A-1[L],(e.a)[K],#G-1[K],(#d.#g)[L],#C-1[K],#C-1[L],(#G-1.#c)[K],#F-1[K],(#c.#f)[L],#F-1[K],#F-1[L],(#c.#f)[K],B-1[K],(#f.b)[L],B-1[K],B-1[L],(#f.b)[K],A-1[K],(e.a)[L],A-1[K],A-1[L],(e.a)[K],#G-1[K],(#d.#g)[L],#C-1[K],#C-1[L],(#G-1.#c)[K],#F-1[K],(#c.#f)[L],#F-1[K],#F-1[L],(#c.#f)[KL],(B-1.#f.b)[L],(B-1.#f.b)[L],(B-1.#f.b)[L],(B-1.#f.b)[J],A-1[K],(e.a)[L],A-1[K],A-1[L],(e.a)[K],#G-1[K],(#d.#g)[L],#C-1[K],#C-1[L],(#G-1.#c)[K],#F-1[K],(#c.#f)[L],#F-1[K],#F-1[L],(#c.#f)[K],B-1[K],(#f.b)[L],E-1[K],E-1[L],(B-1.e)[K],A-1[K],(e.a)[L],A-1[K],A-1[L],(e.a)[K],#G-1[K],(#d.#g)[L],#C-1[K],#C-1[L],(#G-1.#c)[K],#F-1[K],(#c.#f)[L],#F-1[K],#F-1[L],(#c.#f)[K],B-1[K],(#f.b)[L],B-1[K],B-1[L],(#f.b)[K],B-1[I],A-1[K],(e.a)[L],A-1[K],A-1[L],(e.a)[K],#G-1[K],(#d.#g)[L],#C-1[K],#C-1[L],(#G-1.#c)[K],#F-1[K],(#c.#f)[L],#F-1[K],#F-1[L],(#c.#f)[K],B-1[K],(#f.b)[L],B-1[K],B-1[L],(#f.b)[K],A-1[K],(e.a)[L],A-1[K],A-1[L],(e.a)[K],#G-1[K],(#d.#g)[L],#C-1[K],#C-1[L],(#G-1.#c)[K],#F-1[K],(#c.#f)[L],#F-1[K],#F-1[L],(#c.#f)[KL],(B-1.#f.b)[L],(B-1.#f.b)[L],(B-1.#f.b)[L],(B-1.#f.b)[J],A-1[K],(e.a)[L],A-1[K],A-1[L],(e.a)[K],#G-1[K],(#d.#g)[L],#C-1[K],#C-1[L],(#G-1.#c)[K],#F-1[K],(#c.#f)[L],#F-1[K],#F-1[L],(#c.#f)[K],B-1[K],(#f.b)[L],E-1[K],E-1[L],(B-1.e)[K],A-1[K],(e.a)[L],A-1[K],A-1[L],(e.a)[K],#G-1[K],(#d.#g)[L],#C-1[K],#C-1[L],(#G-1.#c)[K],#F-1[K],(#c.#f)[L],#F-1[K],#F-1[L],(#c.#f)[K],B-1[K],(#f.b)[L],B-1[KL],(#f.b)[K],E-1[I],"],"id":3}]}