{"baseBpm":180,"musics":[{"bpm":180,"baseBeats":0.375,"scores":["(c1.e1)[KL],g[KL],(f1.d1)[KL],g[KL],(g2.b.d1)[L],#f2[L],a2[L],(g2.g)[L],#f2[L],a2[L],(g2.c1.e1)[KL],g[KL],(e.c1)[KL],g[KL],(f.d1)[KL],g[KL],(G-1.d.b)[L],A-1[L],G-1[L],(F-1.g)[L],E-1[L],D-1[L],(C-1.e.c1)[KL],e1[KL],(e2.c2.a1)[L],#d2[L],f2[L],(e2.e1)[L],#d2[L],f2[L],(e2.b1.d2)[KL],e1[KL],(e.b1.#g1)[L],f[L],e[L],(d.e1)[L],c[L],B-1[L],(A-1.c2.a1)[KL],e1[KL],(e3.a1.c1)[L],#d3[L],f3[L],(e3.e1)[L],#d3[L],f3[L],(e3.b1.d1)[KL],e1[KL],(e.b.#g1)[L],f[L],e[L],(d.e1)[L],c[L],B-1[L],(A-1.c1.a1)[KL],e1[KL],(G-1.d2.b1)[L],A-1[L],G-1[L],(F-1.g1)[L],E-1[L],D-1[L],(C-1.e2.c2)[KL],g1[KL],(d3.a1.f1)[L],e3[L],d3[L],(c3.d1)[L],b2[L],a2[L],(g2.b1.g1)[KL],d1[KL],(D-1.c2.a1)[L],#C-1[L],E-1[L],(D-1.d1)[L],#C-1[L],E-1[L],(D-1.b1.g1)[KL],d1[KL],(d3.a1.#f1)[L],e3[L],d3[L],(c3.d1)[L],b2[L],a2[L],(g2.b1.g1)[KL],d1[KL],(d.a1.#f1)[L],e[L],d[L],(c.d1)[L],B-1[L],A-1[L],(G-1.b1.g1)[L],#F-1[L],G-1[MN],(A-1.d1)[L],B-1[L],c[L],(d.a1.#f1)[MN],e[L],d[L],(c.d1)[L],B-1[MN],A-1[L],(G-1.b1.g1)[MN],"],"id":1},{"bpm":180,"baseBeats":0.375,"scores":["#F-1[L],G-1[L],A-1[L],B-1[MN],c[L],d[L],e[MN],#f[L],g[L],a[L],b[MN],g[L],#f[MN],g[L],a[L],b[L],c1[MN],d1[L],e1[L],#f1[MN],g1[L],a1[L],b1[L],g1[MN],#f1[L],a1[MN],g2[L],#f2[L],a2[L],g1[MN],#f1[L],a1[L],g2[MN],#f2[L],a2[L],g2[L],#f2[L],a2[MN],g2[L],#f2[L],a2[L],(e1.c1.g2)[KL],G-1[KL],(f1.d1)[KL],G-1[KL],(d1.b.g2)[L],#f2[L],a2[L],(G-1.g2)[L],#f2[L],a2[L],(e1.c1.g2)[KL],G-1[KL],(e.c1)[KL],g[KL],(f.d1)[KL],g[KL],(G-1.d.b)[L],A-1[L],G-1[L],(F-1.g)[L],E-1[L],D-1[L],(C-1.e.c1)[KL],e1[KL],(e2.c2.a1)[L],#d2[L],f2[L],(e2.e1)[L],#d2[L],f2[L],(e2.b1.d2)[KL],e1[KL],(e.b1.#g1)[L],f[L],e[L],(d.e1)[L],c[L],B-1[L],(A-1.c2.a1)[KL],e1[KL],(e3.a1.c1)[L],#d3[L],f3[L],(e3.e1)[L],#d3[L],f3[L],(e3.b1.d1)[KL],e1[KL],(e.b.#g1)[L],f[L],e[L],(d.e1)[L],c[L],B-1[L],(A-1.c1.a1)[KL],e1[KL],(e3.a1.c1)[L],#d3[L],f3[L],(e3.e1)[L],#d3[L],f3[L],(e3.b1.d1)[KL],e1[KL],(e.b.#g1)[L],f[L],e[L],(d.e1)[L],c[L],B-1[L],(A-1.c1.a1)[L],#G-1[L],A-1[L],(B-1.e1)[L],c[L],d[L],(e.#g1.b)[L],f[L],e[L],(d.e1)[L],c[L],B-1[L],(A-1.a1.c1)[KL],e1[KL],"],"id":2},{"bpm":180,"baseBeats":0.375,"scores":["(G-1.d2.b1)[L],A-1[L],G-1[L],(F-1.g1)[L],E-1[L],D-1[L],(C-1.e2.c2)[L],B-2[L],C-1[L],(D-1.g1)[L],E-1[L],F-1[L],(G-1.b1.d2)[L],A-1[L],G-1[L],(F-1.g1)[L],E-1[L],D-1[L],(C-1.c2.e2)[KL],(e1.c1)[KL],(d1.b.g2)[L],a2[L],g2[L],(G-1.f2)[L],e2[L],d2[L],(c1.e1.c2)[L],b1[L],c2[L],(G-1.d2)[MN],e2[L],f2[L],(f1.d1.g2)[L],a2[L],g2[L],(G-1.a2)[MN],g2[L],b2[L],c3[L],b2[MN],c3[L],(g1.c1.c2.e2)[KLN],(c1.g1.c2.e2)[KL],(g1.c1.c2.e2)[KLN],(g1.c1.b1.d2)[KL],(g1.c1.b1.d2)[KLN],(g1.c1.b1.g2)[JKMN],(c1.g1.c2.e2)[KLN],(g1.c1.c2.e2)[KLN],(c1.g1.c2.e2)[KL],(g1.c1.c2.e2)[KLM],(f1.c1.b1.d2)[KL],(c1.f1.g1)[KLM],(e1.c1.c2)[KLN],g2[LN],f2[L],d2[L],(g2.c2.e3)[LN],c3[L],e3[LN],(c2.g2.c3)[L],e3[L],c3[L],(c2.g2.e3)[L],c3[L],e3[L],(c2.g2.c3)[L],e3[L],c3[LN],(g2.c2.d3)[L],b2[L],d3[L],(c2.g2.b2)[L],d3[L],b2[LN],(c2.g2.g3)[L],b2[L],g3[L],(c2.g2.b2)[L],g3[L],b2[L],(g2.c2.e3)[L],c3[L],e3[LN],(c2.g2.c3)[L],e3[L],c3[L],(c2.g2.e3)[L],c3[LN],e3[L],(c2.g2.c3)[L],e3[L],c3[L],(f1.c1.d3)[LN],g2[L],d3[LN],(f1.c1.g2)[L],d3[LN],g2[L],(e1.c1.c3)[KLMN],g[JM],c1[IL],"],"id":3}],"audition":{"start":[0,0],"end":[1,0]}}