{"baseBpm":360,"musics":[{"bpm":360,"baseBeats":0.75,"scores":["SV,mute[LM],ST,ST,ST,RS,SV,mute[LM],ST,ST,ST,RS,TU,TU,TU,TU,TU,TU,TU,TU,TU,TU,TU,TU,TU,TU,TU,TU,TU,TUW,TUW,TUW,STV,STVW,SV,mute[LM],ST,ST,ST,RSV,5<UV>,TV,mute[LM],ST,ST,ST,RS,TU,TU,TU,TU,TU,TU,TU,TU,TU,TU,TU,TU,TU,TU,TU,TU,TU,TU,TUV,TUW,STV,STV,STV,RS,ST,ST,ST,ST,ST,TU,TU,TU,TU,ST,ST,ST,RS,ST,TU,TU,TU,TU,TU,TU,TU,TU,TU,TU,TU,TU,TU,TU,TU,TU,ST,RS,ST,ST,ST,ST,ST,TU,TU,TU,TU,ST,ST,ST,RS,ST,TU,TU,TU,TU,TU,TU,TU,TU,TU,TU,TU,TU,TU,TU,TU,TU,TU,TU,ST,","d2[JM],#d2[LM],(#a.d1.d2)[JK],(a.d1.c2)[JK],(g.d1.#a1)[JK],(d1.#f.a1)[IJ],a1[JM],c2[LM],(g.d1.#a1)[JK],(f.d1.a1)[JK],(#d.#c1.g1)[JK],(d.d1.#f1)[IJ],d1[KL],#f1[KL],(d.a1)[KL],d2[KL],(c.#f2)[KL],d2[KL],(#A-1.g2)[KL],d2[KL],(A-1.d2)[KL],c2[KL],(#F-1.c2)[KL],a1[KL],(G-1.c2)[KL],#a1[KL],(c.#a1)[KL],a1[KL],(#d.c2)[KL],#a1[KLN],(#c.a1)[KLN],g1[KLN],(d.#f1)[JKM],D-1[JKMN],d2[JM],#d2[LM],(#a.d1.d2)[JK],(a.d1.c2)[JK],(g.d1.#a1)[JK],(d1.#f.a1)[IJ],#a1[M],a1[M],g1[L],a1[KM],c2[LM],(g.d1.#a1)[JK],(f.d1.a1)[JK],(#d.#c1.g1)[JK],(d.d1.#f1)[IJ],d1[KL],#f1[KL],(d.a1)[KL],d2[KL],(c.#f2)[KL],d2[KL],(#A-1.g2)[KL],d2[KL],(A-1.d2)[KL],c2[KL],(#F-1.c2)[KL],a1[KL],(G-1.c2)[KL],#a1[KL],(c.#a1)[KL],(#d.a1)[KL],(d.a1)[KL],g1[KL],(D-1.g1)[KLM],#f1[KLN],(G-1.g1)[JKM],G-2[JKM],g1[JKM],(#d.#a.g1)[IJ],(b.g1)[JK],(#G-1.g1.c1)[JK],f1[JK],c2[JK],(d.#A-1.#g)[JK],#a1[KL],#g1[KL],g1[KL],f1[KL],(#d.#g1)[JK],(g.g1)[JK],#d2[JK],(g.#d1.#a1.#d2)[IJ],(#c1.#d2.b1)[JK],(c1.#g.f2.c2)[KL],#d2[KL],d2[KL],c2[KL],(f1.#a1)[KL],#g1[KL],(#d1.#a.#g1)[KL],g1[KL],g1[KL],#a1[KL],(d1.#g1)[KL],f1[KL],#d1[KL],#a[KL],#g[KL],f[KL],(#d.g1)[JK],(#d.#a.g1)[IJ],(b.g1)[JK],(#G-1.g1.c1)[JK],f1[JK],c2[JK],(d.#A-1.#g)[JK],#a1[KL],#g1[KL],g1[KL],f1[KL],(#d.#g1)[JK],(g.g1)[JK],#d2[JK],(g.#d1.#a1.#d2)[IJ],(#c1.#d2.b1)[JK],(c1.#g.f2.c2)[KL],#d2[KL],d2[KL],c2[KL],(f1.#a1)[KL],#g1[KL],(#d1.#a.#g1)[KL],g1[KL],g1[KL],#a1[KL],(d1.#g1)[KL],f1[KL],#d1[KL],g1[KL],#d1[KL],g1[KL],(f1.#a1)[KL],#d1[KL],(d1.#a.#g1.#g2)[JK],"],"id":1},{"bpm":360,"baseBeats":0.75,"scores":["g2[KL],f2[KL],(#d1.#d2)[KL],d2[KL],(f1.c2)[JK],#a1[JK],a1[KL],#a1[KL],(d1.#a.#g1.#a2)[KL],#g2[KL],g2[KL],f2[KL],(#d1.#d2)[KL],d2[KL],(f1.c2)[KL],#a1[KL],a1[KLN],#a1[KL],a1[KLN],#a1[KLN],(g1.#d1.#a1.g2)[IJMN],(b1.g2)[JK],(f1.#d1.#g.g2.c2)[JK],f2[JK],c3[JK],(#g1.d1.#a)[JK],#a2[KL],#g2[KL],g2[KL],f2[KL],(g1.#d1.#d2)[KL],#a1[KL],#g1[KL],g1[KL],(f1.#a1)[KL],#d1[KL],(d1.#a.#g1.#g2)[JK],g2[KL],f2[KL],(#d1.#d2)[KL],d2[KL],(f1.c2)[JK],#a1[JK],a1[KL],#a1[KL],(d1.#a.#g1.#a2)[KL],#g2[KL],g2[KL],f2[KL],(#d1.#d2)[KL],d2[KL],(f1.c2)[KL],#a1[KL],a1[KL],#a1[KLN],a1[KLN],#a1[KLN],(g1.#d1.#a1.g2)[IJM],(b1.g2)[JK],(f1.#d1.#g.g2.c2)[JK],f2[JK],c3[JK],(#g1.d1.#a)[JK],#a2[KL],#g2[KL],g2[KL],f2[KL],(g1.#d1.#d2)[IJ],g1[JK],(g.#d.#a.g1)[IJ],(#c1.g1)[JK],(#a.g.d.d1.g1)[IL],#g1[KL],a1[KL],#a1[KL],(#f.a.b1)[KL],c2[KL],#c2[KL],d2[KL],#c2[KL],d2[KL],#c2[KL],d2[KL],#c2[KL],d2[KLN],#d2[KLN],d2[KLM],(#a.d1.d2)[JKM],(a.d1.c2)[JK],(g.d1.#a1)[JK],(d1.#f.a1)[IJ],a1[JM],c2[LM],(g.d1.#a1)[JK],(f.d1.a1)[JK],(#d.#c1.g1)[JK],(d.d1.#f1)[IJ],d1[KL],#f1[KL],(d.a1)[KL],d2[KL],(c.#f2)[KL],d2[KL],(#A-1.g2)[KL],d2[KL],(A-1.d2)[KL],c2[KL],(#F-1.c2)[KL],a1[KL],(G-1.c2)[KL],#a1[KL],(c.#a1)[KL],a1[KL],(#d.c2)[KL],#a1[KLN],(#c.a1)[KLN],g1[KLN],(d.g1)[KLM],#f1[KLM],D-1[JKL],d2[KL],#d2[KLN],(#a.#d2)[KL],(d1.d2)[KL],(a.d2)[KL],(d1.c2)[KL],(g.c2)[KL],(d1.#a1)[KL],(#f.#a1)[KL],(d1.a1)[KL],(d.#g1)[KL],(d1.a1)[KL],(#f.a1)[KL],(d1.#a1)[KL],(g.c2)[KL],(d1.#a1)[KL],(f.#a1)[KL],(d1.a1)[KL],(#d.a1)[KL],"],"id":2},{"bpm":360,"baseBeats":0.75,"scores":["(#d1.g1)[KL],(d.g1)[KL],(d1.#f1)[KL],(#c1.a1)[KL],(d1.#f1)[KL],(d.d1)[KL],(d1.#f1)[KL],(d.a1)[KL],(d1.d2)[KL],(c.#f2)[KL],(c1.d2)[KL],(#A-1.g2)[KL],(#a.d2)[KL],(A-1.d2)[KL],(a.c2)[KL],(#F-1.c2)[KL],(#f.a1)[KL],(G-1.c2)[KL],(g.#a1)[KL],(C-1.#a1)[KL],(c.a1)[KL],(D-1.a1)[KL],(d.g1)[KL],(D-1.g1)[KL],(d.#f1)[KL],(G-1.g1)[KL],g[KL],#f[KL],g[KL],(f.g1)[KL],(g.b1)[KL],(#d.c2)[KL],(g.#d2)[KL],(f.g1)[KL],(g.b1)[KL],(#d.c2)[KL],(g.#d2)[KL],(f.g1)[KL],(g.b1)[KL],(#d.c2)[KL],(g.#d2)[KL],(c.d2)[KL],(d.#f2)[KL],(#A-1.g2)[KL],(d.#a2)[KL],(c.d2)[KL],(d.#f2)[KL],(#A-1.g2)[KL],(d.#a2)[KL],(c.d2)[KL],(d.#f2)[KL],(#A-1.g2)[KL],(d.#a2)[KL],(#d.c2)[KL],(c.a2)[KL],(d.#a1)[KL],g2[KL],(d.#a1)[KL],g2[KL],(D-1.a1)[KL],#f2[KL],(G-1.g1)[KL],g2[KL],#f2[KL],g2[KL],(g.d2.f2)[KL],(b.g2)[KL],(c1.c2.#d2)[KL],(#d1.g2)[KL],(g.d2.f2)[KL],(b.g2)[KL],(c1.c2.#d2)[KL],(#d1.g2)[KL],(g.d2.f2)[KL],(b.g2)[KL],(c1.c2.#d2)[KL],(#d1.g2)[KL],(d.c2.a2)[KL],(#f.d2)[KL],(g.#a1.g2)[KL],(#a.d2)[KL],(d.a2.c2)[KL],(#f.d2)[KL],(g.#a1.g2)[KL],(#a.d2)[KL],(d.a2.c2)[KL],(#f.d2)[KL],(g.g2.#a1)[KL],(#a.d2)[KL],(d.c3.a2)[KL],(#f.d2)[KL],(g.#a2.g2)[KL],(#a.d2)[KLN],(d.c3.a2)[KLN],(#f.d2)[KLN],(g.#a2.g2)[KLMN],(#a.d2)[J],(c.#a2)[KL],(c1.a2)[KLM],(#c.a2)[KLN],(#a.g2)[KLN],(d.g2)[KLN],(a.#f2)[KLN],(#a.g)[JKM],(g.g2)[JKM],(g.g2)[JL],#g2[LM],(#d.g.g2)[JKMN],(d.g.f2)[JKM],(c.g.#d2)[JKM],(g.B-1.d2)[JKM],g[JKMN],(g.d2)[JMN],f2[LMN],(c.g.#d2)[JKMN],(B-1.g.d2)[JKMN],(#d.g.c2)[JKMN],(d.g.b1)[JKL],g[JKMN],(g.g1)[JLN],#g1[LMN],(c.g.#d1.g1)[JKLN],(B-1.g.d1.g1)[JKLN],(#d.g.c1.g1)[I],(G-1.d.g.b.g1)[HI],(G-2.G-1.c1.#d1.g1)[HIJKMN],(G-2.G-1.b.d1.g1)[HHHIJLMN],"],"id":3}],"audition":{"start":[0,0],"end":[1,0]}}