{"baseBpm":201,"musics":[{"bpm":201,"baseBeats":0.75,"scores":["TU,mute[LM],mute[LM],mute[LM],mute[LM],mute[LM],mute[LM],TU,TU,TU,TU,TU,TU,TU,TU,TU,mute[LM],mute[LM],mute[LM],mute[LM],mute[LM],mute[LM],TU,TU,TU,TU,TU,TU,STVW,TUV,mute[LM],mute[LM],mute[LM],mute[LM],mute[LM],mute[LM],TU,TU,TU,TU,TU,TU,TU,TU,TU,mute[LM],mute[LM],mute[LM],mute[LM],mute[LM],mute[LM],TU,TU,TU,TU,TU,TU,STVW,TUV,mute[LM],mute[LM],mute[LM],mute[LM],mute[LM],mute[LM],TU,TU,TU,TU,TU,TU,TU,TU,TU,mute[LM],mute[LM],mute[LM],mute[LM],mute[LM],mute[LM],TU,TU,TU,TU,TU,TUW,STVW,TUW,mute[LM],mute[LM],mute[LM],mute[LM],mute[LM],mute[LM],TU,TU,TU,TU,TU,TU,TU,TU,TU,mute[LM],mute[LM],mute[LM],mute[LM],mute[LM],mute[LM],TU,TU,TU,TU,TUW,TU,STVW,TUW,mute[LM],mute[LM],mute[LM],mute[LM],mute[LM],mute[LM],mute[LM],mute[LM],mute[LM],mute[LM],mute[LM],mute[LM],mute[LM],mute[LM],mute[LM],mute[LM],mute[LM],mute[LM],mute[LM],mute[LM],mute[LM],mute[LM],mute[LM],mute[LM],mute[LM],mute[LM],mute[LM],mute[LM],mute[LM],mute[LM],mute[LM],mute[LM],mute[LM],mute[LM],mute[LM],TU,5<UV>,5<UV>,5<UV>,5<UV>,5<UV>,TU,TU,TU,mute[LM],","d3[KL],e3[LM],d3[LM],#c3[LM],d3[LM],#f3[LM],a3[LM],(D-1.#f4)[KL],d[KL],#f2[KL],(a.g1)[KL],g2[KL],(#c1.e2)[KL],(d1.#f1.#f2)[KL],d2[KL],d3[KL],e3[LM],d3[LM],#c3[LM],d3[LM],#f3[LM],a3[LM],(D-1.#f4)[KL],d[KL],#f2[KL],(a.g1)[KL],g2[KL],(#c1.e2)[KL],(d1.d2.#f1)[JKMN],d3[KLM],e3[LM],d3[LM],#c3[LM],d3[LM],#f3[LM],a3[LM],(D-1.#f4)[KL],d[KL],#f2[KL],(a.g1)[KL],g2[KL],(#c1.e2)[KL],(d1.#f1.#f2)[KL],d2[KL],d3[KL],e3[LM],d3[LM],#c3[LM],d3[LM],#f3[LM],a3[LM],(D-1.#f4)[KL],d[KL],#f2[KL],(a.g1)[KL],g2[KL],(#c1.e2)[KL],(d1.d2.#f1)[JKMN],a1[KLM],b1[LM],a1[LM],#g1[LM],a1[LM],#c2[LM],e2[LM],(A-1.a2)[KL],a[KL],g2[KL],#c1[KL],(e1.e2)[KL],(g1.#c2)[KL],(d.#f1.d2)[KL],#f2[KL],a1[KL],b1[LM],a1[LM],#g1[LM],a1[LM],#c2[LM],e2[LM],(A-1.a2)[KL],a[KL],g2[KL],#c1[KL],(e1.e2)[KL],(g1.#c2)[KLN],(d.#f1.d2)[JKMN],a1[KLN],b1[LM],a1[LM],#g1[LM],a1[LM],#c2[LM],e2[LM],(A-1.a2)[KL],a[KL],g2[KL],#c1[KL],(e1.e2)[KL],(g1.#c2)[KL],(d.#f1.d2)[KL],#f2[KL],a1[KL],b1[LM],a1[LM],#g1[LM],a1[LM],#c2[LM],e2[LM],(A-1.a2)[KL],a[KL],g2[KL],#c1[KL],(e1.e2)[KLN],(g1.#c2)[KL],(d.#f1.d2)[JKMN],a1[KLN],(D-1.d1.#f1.a1.d2)[LM],d[LM],#F-1[LM],d[LM],A-1[LM],d[LM],(G-1.d1.g1.b1)[LM],g[LM],B-1[LM],g[LM],d[LM],g[LM],(E-1.e1.#g1.b1.e2)[LM],e[LM],#G-1[LM],e[LM],B-1[LM],e[LM],(A-1.#c1.e1.a1.#c2)[LM],a[LM],#c[LM],a[LM],e[LM],a[LM],(#F-1.#f1.#a1.#c2.#f2)[LM],#f[LM],#A-1[LM],#f[LM],#c[LM],#f[LM],(B-1.d1.#f1.b1.d2)[LM],b[LM],d[LM],b[LM],#f[LM],b[LM],(e.#g2)[L],a2[M],(#f.#g2)[L],a2[M],(e.#g2)[L],a2[M],(d.#g2)[L],a2[M],(#c.#g2)[L],a2[M],(B-1.#f2)[L],#g2[M],(A-1.a2)[KL],a1[KL],a1[KL],(D-1.d1.#f1.a1.d2)[LM],"],"id":1},{"bpm":201,"baseBeats":0.75,"scores":["UV,mute[LM],mute[LM],mute[LM],mute[LM],mute[LM],mute[LM],mute[LM],mute[LM],mute[LM],mute[LM],mute[LM],mute[LM],mute[LM],mute[LM],mute[LM],mute[LM],mute[LM],mute[LM],mute[LM],mute[LM],mute[LM],mute[LM],mute[LM],mute[LM],mute[LM],mute[LM],mute[LM],mute[LM],mute[LM],mute[LM],mute[LM],mute[LM],mute[LM],TU,5<UV>,5<UV>,5<UV>,5<UV>,5<UV>,TU,TU,TU,mute[LM],mute[LM],mute[LM],mute[LM],mute[LM],mute[LM],mute[LM],mute[LM],mute[LM],mute[LM],mute[LM],mute[LM],TU,TU,TU,TU,TU,TU,mute[LM],mute[LM],mute[LM],mute[LM],mute[LM],mute[LM],mute[LM],mute[LM],mute[LM],mute[LM],mute[LM],mute[LM],TU,TU,TU,TU,TU,TU,mute[LM],mute[LM],mute[LM],mute[LM],mute[LM],mute[LM],mute[LM],mute[LM],mute[LM],mute[LM],mute[LM],mute[LM],TU,TU,TU,TU,TU,TU,mute[LM],mute[LM],mute[LM],mute[LM],mute[LM],mute[LM],mute[LM],mute[LM],mute[LM],mute[LM],mute[LM],mute[LM],TU,TUW,TUW,TUW,TUV,TUW,mute[LM],mute[LM],mute[LM],mute[LM],mute[LM],mute[LM],TU,TU,TU,TU,TU,TU,TU,TU,TU,mute[LM],mute[LM],mute[LM],mute[LM],mute[LM],mute[LM],TU,TU,TU,TU,TUW,TUW,STV,TUV,mute[LM],mute[LM],mute[LM],mute[LM],mute[LM],mute[LM],TU,TU,TU,TU,TU,TU,TU,TU,TU,","d[LM],#F-1[LM],d[LM],A-1[LM],d[LM],(G-1.d1.g1.b1)[LM],g[LM],B-1[LM],g[LM],d[LM],g[LM],(E-1.e1.#g1.b1.e2)[LM],e[LM],#G-1[LM],e[LM],B-1[LM],e[LM],(A-1.#c1.e1.a1.#c2)[LM],a[LM],#c[LM],a[LM],e[LM],a[LM],(#F-1.#f1.#a1.#c2.#f2)[LM],#f[LM],#A-1[LM],#f[LM],#c[LM],#f[LM],(B-1.d1.#f1.b1.d2)[LM],b[LM],d[LM],b[LM],#f[LM],b[LM],(e.#g2)[L],a2[M],(#f.#g2)[L],a2[M],(e.#g2)[L],a2[M],(d.#g2)[L],a2[M],(#c.#g2)[L],a2[M],(B-1.#f2)[L],#g2[M],(A-1.a2)[KL],a1[KL],a2[KL],g2[LM],#f2[LM],e2[LM],d2[LM],#c2[LM],b1[LM],(g1.e1.a1)[LM],#g1[LM],a1[LM],#g1[LM],a1[LM],#g1[LM],(a.a1.e2.g2)[KL],b[KL],#c1[KL],(d1.a1.d2.#f2)[KL],d[KL],a2[KL],g2[LM],#f2[LM],e2[LM],d2[LM],#c2[LM],b1[LM],(g1.e1.a1)[LM],#g1[LM],a1[LM],#g1[LM],a1[LM],#g1[LM],(a.g1.e1.a1.a2)[KL],(a.#f1.d1.b1.b2)[KL],(a.g1.e1.#c2.#c3)[KL],(#f1.d1.d3.d2)[KL],d[KL],a2[KL],g2[LM],#f2[LM],e2[LM],d2[LM],#c2[LM],b1[LM],(g1.e1.a1)[LM],#g1[LM],a1[LM],#g1[LM],a1[LM],#g1[LM],(a.a1.e2.g2)[KL],b[KL],#c1[KL],(d1.a1.d2.#f2)[KL],d[KL],a2[KL],g2[LM],#f2[LM],e2[LM],d2[LM],#c2[LM],b1[LM],(g1.e1.a1)[LM],#g1[LM],a1[LM],#g1[LM],a1[LM],#g1[LM],(a.g1.e1.a1.a2)[KL],(a.#f1.d1.b1.b2)[KLN],(a.g1.e1.#c2.#c3)[KLN],(#f1.d1.d3.d2)[KLN],d[KLM],d3[KLN],e3[LM],d3[LM],#c3[LM],d3[LM],#f3[LM],a3[LM],(D-1.#f4)[KL],d[KL],#f2[KL],(a.g1)[KL],g2[KL],(#c1.e2)[KL],(d1.#f1.#f2)[KL],d2[KL],d3[KL],e3[LM],d3[LM],#c3[LM],d3[LM],#f3[LM],a3[LM],(D-1.#f4)[KL],d[KL],#f2[KL],(a.g1)[KL],g2[KLN],(#c1.e2)[KLN],(d1.d2.#f1)[JKM],a1[KLM],b1[LM],a1[LM],#g1[LM],a1[LM],#c2[LM],e2[LM],(A-1.a2)[KL],a[KL],g2[KL],#c1[KL],(e1.e2)[KL],(g1.#c2)[KL],(d.#f1.d2)[KL],#f2[KL],a1[KL],"],"id":2},{"bpm":201,"baseBeats":0.75,"scores":["b1[LM],a1[LM],#g1[LM],a1[LM],#c2[LM],e2[LM],(A-1.a2)[KL],a[KL],g2[KL],#c1[KL],(e1.e2)[KL],(g1.#c2)[KLN],(d.#f1.d2)[JKMN],a1[KLN],(D-1.d1.#f1.a1.d2)[LM],d[LM],#F-1[LM],d[LM],A-1[LM],d[LM],(G-1.d1.g1.b1)[LM],g[LM],B-1[LM],g[LM],d[LM],g[LM],(E-1.e1.#g1.b1.e2)[LM],e[LM],#G-1[LM],e[LM],B-1[LM],e[LM],(A-1.#c1.e1.a1.#c2)[LM],a[LM],#c[LM],a[LM],e[LM],a[LM],(#F-1.#f1.#a1.#c2.#f2)[LM],#f[LM],#A-1[LM],#f[LM],#c[LM],#f[LM],(B-1.d1.#f1.b1.d2)[LM],b[LM],d[LM],b[LM],#f[LM],b[LM],(A-1.a1.d2.#f2.a2)[LM],a[LM],d[LM],a[LM],#f[LM],a[LM],(A-1.a1.#c2.e2.a2)[LM],a[LM],e[LM],a[LM],g[LM],a[LM],(A-1.a1.d2.#f2.a2)[LM],a[LM],d[LM],a[LM],#f[LM],a[LM],(A-1.a1.d2.#f2.a2)[LM],a[LM],d[LM],a[LM],#f[LM],a[LM],(A-1.a1.d2.e2.a2)[LM],a[LM],d[LM],a[LM],e[LM],a[LM],(A-1.a1.#c2.e2.a2)[LM],a[LM],#c[LM],a[LM],e[LM],a[LM],(A-1.a1.d2.#f2.a2)[LM],a[LM],d[LM],a[LM],(#f.a1.d2.#f2.a2)[LM],a[LM],(A-1.a1.d2.e2.a2)[LM],a[LM],#g[LM],a[LM],(A-1.a1.e2.#c2.a2)[LM],a[LM],(A-1.a1.d2.#f2.a2)[LM],a[LM],d[LM],a[LM],(#f.a1.d2.#f2.a2)[LM],a[LMN],(A-1.d2.a1.e2.a2)[LM],B-1[LM],(A-1.#c2)[LM],G-1[LMN],(#F-1.a1.#c2.e2.a2)[LMN],E-1[LM],(D-1.a1.d2.#f2.a2)[LM],A-1[LM],E-1[LMN],A-1[LM],(#F-1.d1.#f1.a1.d2)[LM],A-1[LM],(D-1.d1.#f1.a1.d2)[LM],A-1[LM],E-1[LM],A-1[LM],(#F-1.d)[LM],A-1[LMN],(D-1.d)[LM],A-1[LM],E-1[LM],A-1[LM],(#F-1.d1)[LM],A-1[LM],(D-1.d1)[LM],A-1[LM],E-1[LMN],A-1[LM],(#F-1.d2)[LMN],A-1[LM],(D-1.d2)[LMN],A-1[LMN],E-1[LM],A-1[K],(#F-1.d3)[LMN],A-1[IJM],(d2.d3)[J],(e2.e3)[LMN],(d2.d3)[LMN],(#c2.#c3)[LM],(d2.d3)[LMN],(#f2.#f3)[K],(a2.a3)[KM],(d3.d4)[IK],"],"id":3}],"audition":{"start":[0,0],"end":[1,0]}}