{"baseBpm":67,"musics":[{"id":1,"baseBeats":0.25,"scores":["(f2.g2)[MN],(f2.g2)[MN],(f2.g2)[MN],(f2.g2)[MN],(f2.g2)[MN],(f2.g2)[MN];(e2.g2)[MN],(e2.g2)[MN],(e2.g2)[MN],(e2.g2)[MN],(e2.g2)[MN],(e2.g2)[MN];(d2.b2)[MN],(d2.b2)[MN],(d2.b2)[MN],(d2.b2)[MN],(e2.a2)[MN],(d2.b2)[MN];(c2.c3)[MN],(c2.c3)[MN],(c2.c3)[MN],(c2.c3)[MN],(d2.b2)[MN],(e2.a2)[MN];(f2.g2)[MN],(f2.g2)[MN],(f2.g2)[MN],(f2.g2)[MN],(f2.g2)[MN],(f2.g2)[MN];(e2.g2)[MN],(e2.g2)[MN],(e2.g2)[MN],(e2.g2)[MN],(e2.g2)[MN],(e2.g2)[MN];(d2.b2)[L],(d2.b2)[L],(d2.b2)[L],(d2.b2)[KL];(f2.g2)[MN],(f2.g2)[MN],(f2.g2)[MN],(f2.g2)[MN],(f2.g2)[MN],(f2.g2)[MN];(e2.g2)[MN],(e2.g2)[MN],(e2.g2)[MN],(e2.g2)[MN],(e2.g2)[MN],(e2.g2)[MN];(d2.b2)[MN],(d2.b2)[MN],(d2.b2)[MN],(d2.b2)[MN],(d2.b2)[MN],(d2.b2)[MN];(c2.c3)[MN],(c2.c3)[MN],(c2.c3)[MN],(c2.c3)[MN],(d2.b2)[MN],(e2.a2)[MN];(f2.g2)[MN],(f2.g2)[MN],(f2.g2)[MN],(f2.g2)[MN],(f2.g2)[MN],(f2.g2)[MN];(e2.g2)[MN],(e2.g2)[MN],(e2.g2)[MN],(e2.g2)[MN],(e2.g2)[MN],(e2.g2)[MN];(d2.b2)[MN],(d2.b2)[MN],(d2.b2)[MN],(d2.b2)[MN],(d2.b2)[MN],(d2.b2)[MN];(c2.c3)[MN],g2[MN],e2[MN],c2[LM],(c3.e3)[MN];(b2.d3)[LM],(a2.c3)[MN],(g2.b2)[LM],(f2.a2)[MN];(e2.g2)[LM],(c3.e3)[MN],(c3.e3)[LM],(e2.g2)[MN];(d2.f2)[LM],(b2.d3)[MN],(b2.d3)[LM],(d2.f2)[MN];(c2.e2)[LM],(e2.c3)[MN],(e2.c3)[LM],(c3.e3)[MN];(b2.d3)[LM],(a2.c3)[MN],(g2.b2)[LM],(f2.a2)[MN];(e2.g2)[LM],(c3.e3)[MN],(c3.e3)[LM],(e2.g2)[MN];(d2.f2)[LM],(b2.d3)[MN],(b2.d3)[LM],b2[MN];(c2.c3)[MN],g2[MN],e2[MN],c2[KN];V,V,V,V,V,V,V,V,V;V,V,V,V,V,V,V,V,V;V,V,V,V,V,V,V,V,V;V,V,V,V,V,V,V,V,V;","Q,QU;(G-1.g)[MN],(g.b.d1.f1)[MN],(g.b.d1.f1)[MN],(G-1.g)[MN],(g.b.d1.f1)[MN],(g.b.d1.f1)[MN];(C-1.c)[MN],(g.c1.e1)[MN],(g.c1.e1)[MN],(C-1.c)[MN],(g.c1.e1)[MN],(g.c1.e1)[MN];(G-1.g)[MN],(g.b.d1.f1)[MN],(g.b.d1.f1)[MN],(G-1.g)[MN],(g.b.d1.f1)[MN],(g.b.d1.f1)[MN];(C-1.c)[MN],(g.c1.e1)[MN],(g.c1.e1)[MN],(C-1.c)[MN],(g.c1.e1)[MN],(g.c1.e1)[MN];(G-1.g)[MN],(g.b.d1.f1)[MN],(b.d1.f1)[MN],(G-1.g)[MN],(g.b.d1.f1)[MN],(g.b.d1.f1)[MN];(C-1.c)[MN],(g.c1.e1)[MN],(g.c1.e1)[MN],(C-1.c)[MN],(g.c1.e1)[MN],(g.c1.e1)[MN];(G-1.g)[MN],(g.b.d1.f1)[MN],(g.b.d1.f1)[MN],(G-1.g)[MN],(g.b.d1.f1)[MN],(g.b.d1.f1)[MN];(C-1.c)[MN],(g.c1.e1)[MN],(g.c1.e1)[MN],(c.c1)[KN];(G-1.g)[MN],(g.b.d1.f1)[MN],(g.b.d1.f1)[MN],(G-1.g)[MN],(g.b.d1.f1)[MN],(g.b.d1.f1)[MN];(C-1.c)[MN],(g.c1.e1)[MN],(g.c1.e1)[MN],(C-1.c)[MN],(g.c1.e1)[MN],(g.c1.e1)[MN];(G-1.g)[MN],(g.b.d1.f1)[MN],(g.b.d1.f1)[MN],(G-1.g)[MN],(g.b.d1.f1)[MN],(g.b.d1.f1)[MN];(C-1.c)[MN],(g.c1.e1)[MN],(g.c1.e1)[MN],(C-1.c)[MN],(g.c1.e1)[MN],(g.c1.e1)[MN];(G-1.g)[MN],(g.b.d1.f1)[MN],(g.b.d1.f1)[MN],(G-1.g)[MN],(g.b.d1.f1)[MN],(g.b.d1.f1)[MN];(C-1.c)[MN],(g.c1.e1)[MN],(g.c1.e1)[MN],(C-1.c)[MN],(g.c1.e1)[MN],(g.c1.e1)[MN];(G-1.g)[MN],(g.b.d1.f1)[MN],(g.b.d1.f1)[MN],(G-1.g)[MN],(g.b.d1.f1)[MN],(g.b.d1.f1)[MN];(C-1.c)[MN],(g.c1.e1)[MN],(g.c1.e1)[MN],(c.c1)[KN];(G-1.g.f2)[NO],g2[NO],(g.b.d1.f1.f2)[NO],g2[NO],(g.b.d1.f1.f2)[NO],g2[NO],(G-1.g.f2)[NO],g2[NO],(g.b.d1.f1.f2)[NO],g2[NO],(g.b.d1.f1.f2)[NO],g2[NO];(C-1.c.e2)[NO],g2[NO],(g.c1.e1.e2)[NO],g2[NO],(g.c1.e1.e2)[NO],g2[NO],(C-1.c.e2)[NO],g2[NO],(g.c1.e1.e2)[NO],g2[NO],(g.c1.e1.e2)[NO],g2[NO];(G-1.g.d2)[NO],b2[NO],(g.b.d1.f1.d2)[NO],b2[NO],(g.b.d1.f1.d2)[NO],b2[NO],(G-1.g.d2)[NO],b2[NO],(g.b.d1.f1.d2)[NO],b2[NO],(g.b.d1.f1.d2)[NO],b2[NO];(C-1.c.c2)[NO],c3[NO],(g.c1.e1.c2)[NO],c3[NO],(g.c1.e1.c2)[NO],c3[NO],(C-1.c.c2)[NO],c3[NO],(g.c1.e1.d2)[NO],c3[NO],(g.c1.e1.e2)[NO],c3[NO];"]},{"id":2,"baseBeats":0.25,"scores":["V,V,V,V,V,V,V,V,V;V,V,V,V,V,V,V,V,V;V,V,V,V,V,V,V,V,V;c3[MN],g2[MN],e2[MN],c2[LM],(c3.e3)[MN];(b2.d3)[LM],(a2.c3)[MN],(g2.b2)[LM],(f2.a2)[MN];(e2.g2)[MN],8<(g2~a2~b2~c3~d3~e3~f3~g3~a3~b3~c4~d4~e4~f4)[LM]>,(e4.g4)[LM],(e2.g2)[MN];(d2.f2)[MN],8<(d2~e2~f2~g2~a2~b2~c3~d3~e3~f3~g3~a3~b3~c4~d4~e4)[LM]>,(d4.f4)[LM],(d2.f2)[MN];(c2.e2)[MN],8<(e2~f2~g2~a2~b2~c3~d3~e3~f3~g3~a3~b3~c4~d4)[LM]>,(c4.e4)[LM],(c3.e3)[MN];(b2.d3)[LM],(a2.c3)[MN],(g2.b2)[LM],(f2.a2)[MN];(e2.g2)[MN],8<(g2~a2~b2~c3~d3~e3~f3~g3~a3~b3~c4~d4~e4~f4)[LM]>,(e4.g4)[LM],(e2.g2)[MN];(d2.f2)[MN],8<(f2~g2~a2~b2~c3~d3~e3~f3~g3~a3~b3~c4~d4~e4)[LM]>,(d4.f4)[LM],b2[MN];c3[MN],g2[MN],e2[MN],c2[LM],mute[LN],(g1.b1.d2.f2.g2)[MN],(g1.b1.d2.f2.g2)[MN],(g1.b1.d2.f2.g2)[MN],(g1.b1.d2.f2.g2)[MN],(g1.b1.d2.f2.g2)[MN];(g1.c2.e2.g2)[MN],(g1.c2.e2.g2)[MN],(g1.c2.e2.g2)[MN],(g1.c2.e2.g2)[MN],(g1.c2.e2.g2)[MN],(g1.c2.g2)[MN];(b1.d2.f2.g2.b2)[MN],(b1.d2.f2.g2.b2)[MN],(b1.d2.f2.g2.b2)[MN],(b1.d2.f2.g2.b2)[MN],(b1.d2.f2.a2)[MN],(b1.d2.f2.g2.b2)[MN];(c2.e2.g2.c3)[MN],(c2.e2.g2.c3)[MN],(c2.e2.g2.c3)[MN],(c2.e2.g2.c3)[MN],(c2.e2.g2.b2)[MN],(c2.e2.g2.a2)[MN];(b1.d2.f2.g2)[MN],(b1.d2.f2.g2)[MN],(b1.d2.f2.g2)[MN],(b1.d2.f2.g2)[MN],(b1.d2.f2.g2)[MN],(b1.d2.f2.g2)[MN];(g1.c2.e2.g2)[MN],(g1.c2.e2.g2)[MN],(g1.c2.e2.g2)[MN],(g1.c2.e2.g2)[MN],(g1.c2.e2.g2)[MN],(g1.c2.e2.g2)[MN];(b1.d2.f2.g2.b2)[MN],(b1.d2.f2.g2.b2)[MN],(b1.d2.f2.g2.b2)[MN],(b1.d2.f2.g2.b2)[MN],(b1.d2.f2.a2)[MN],(b1.d2.g2.b2)[MN];(c2.e2.c3)[MN],e2[MN],(c2.e2.g2)[MN],(c2.e2.g2.c3)[LM],5<e3[N],c3[N]>,5<g2[N];(G-2.G-1.d3)[N]>,5<b2[N],f2[N]>,5<(d.f.g.b.d3)[N],b2[N]>,5<f2[N],(d.f.g.b.c3)[N]>,5<a2[N],f2[N]>,5<(G-2.G-1.b2)[N],g2[N]>,5<d2[N],(d.f.g.b.b2)[N]>,5<g2[N],d2[N]>,5<(d.f.g.b.a2)[N],f2[N]>,5<d2[N],(C-1.e.g2)[N]>,5<e2[N],c2[N]>,5<(e.g.c1.g2)[N],e2[N]>,5<c2[N],(e.g.c1.g2)[N]>,5<e2[N],c2[N]>,5<(A-2.g2)[N],e2[N]>,5<#c2[N],(g.a.#c1.e1.a2)[N]>,5<e2[N],#c2[N]>,5<(a.#c1.e1.g2)[N],e2[N]>,5<#c2[N],(D-1.f2)[N]>,5<d2[N],a1[N]>,5<(f.a.d1.f2)[N],d2[N]>,5<a1[N],(f.a.d1.f2)[N]>,5<d2[N],a1[N]>,5<(G-1.f2)[N],d2[N]>,5<b1[N],(f.g.b.g2)[N]>,5<d2[N],b1[N]>,5<(f.g.b.f2)[N],d2[N]>,5<b1[N],(C-1.e.g1.c2.e2)[N]>,(g1.c2.e2)[M],(e.g.c1.g1.c2.e2)[MN],(D-1.d.g1.b1.d2.f2)[MN],(E-1.e.g1.e2.g2~e.g.c1)[LM],5<(e.g.c1.e3)[N],c3[N]>,5<g2[N];(G-2.G-1.d3)[N]>,5<b2[N],f2[N]>,5<(d.f.g.b.d3)[N],b2[N]>,5<f2[N],(d.f.g.b.c3)[N]>,5<a2[N],f2[N]>,5<(G-2.G-1.b2)[N],g2[N]>,5<d2[N],(d.f.g.b.b2)[N]>,5<g2[N],d2[N]>,5<(d.f.g.b.a2)[N],f2[N]>,5<d2[N],(C-1.e.g2)[N]>,5<e2[N],c2[N]>,5<(e.g.c1.g2)[N],e2[N]>,5<c2[N],(e.g.c1.g2)[N]>,5<e2[N],c2[N]>,5<(A-2.g2)[N],e2[N]>,5<#c2[N],(g.a.#c1.e1.a2)[N]>,5<e2[N],#c2[N]>,5<(a.#c1.e1.g2)[N],e2[N]>,5<#c2[N],(D-1.f2)[N]>,5<d2[N],a1[N]>,5<(f.a.d1.f2)[N],d2[N]>,5<a1[N],(f.a.d1.f2)[N]>,5<d2[N],a1[N]>,5<(G-1.f2)[N],d2[N]>,(g1~f.g.b.e2~mute~mute)[L],(f.g.b.g1.d2)[MN],(c.g.c1.c2)[MN],(G-1.g.e2)[MN],(E-1.e.g2)[MN],(C-1.c.c2.e2.g2.c3)[LM];","(G-1.g.f2)[NO],g2[NO],(g.b.d1.f1.f2)[NO],g2[NO],(g.b.d1.f1.f2)[NO],g2[NO],(G-1.g.f2)[NO],g2[NO],(g.b.d1.f1.f2)[NO],g2[NO],(g.b.d1.f1.f2)[NO],g2[NO];(C-1.c.e2)[NO],g2[NO],(g.c1.e1.e2)[NO],g2[NO],(g.c1.e1.e2)[NO],g2[NO],(C-1.c.e2)[NO],g2[NO],(g.c1.e1.e2)[NO],g2[NO],(g.c1.e1.e2)[NO],g2[NO];(G-1.g.d2)[NO],b2[NO],(g.b.d1.f1.d2)[NO],b2[NO],(g.b.d1.f1.d2)[NO],b2[NO],(G-1.g.d2)[NO],b2[NO],(g.b.d1.f1.d2)[NO],b2[NO],(g.b.d1.f1.d2)[NO],b2[NO];(C-1.c)[MN],(g.c1.e1)[MN],(g.c1.e1)[MN],(c.c1)[KN];(G-1.g)[MN],(g.b.d1.f1)[MN],(g.b.d1.f1)[MN],(G-1.g)[MN],(g.b.d1.f1)[MN],(g.b.d1.f1)[MN];(C-1.c)[MN],(g.c1.e1)[MN],(g.c1.e1)[MN],C-1[MN],(g.c1.e1)[MN],(g.c1.e1)[MN];(G-1.g)[MN],(g.b.d1.f1)[MN],(g.b.d1.f1)[MN],G-1[MN],(g.b.d1.f1)[MN],(g.b.d1.f1)[MN];C-1[MN],(g.c1.e1)[MN],(g.c1.e1)[MN],C-1[MN],(g.c1.e1)[MN],(g.c1.e1)[MN];(G-1.g)[MN],(g.b.d1.f1)[MN],(g.b.d1.f1)[MN],(G-1.g)[MN],(g.b.d1.f1)[MN],(g.b.d1.f1)[MN];(C-1.c)[MN],(g.c1.e1)[MN],(g.c1.e1)[MN],(C-1.c)[MN],(g.c1.e1)[MN],(g.c1.e1)[MN];(G-1.g)[MN],(g.b.d1.f1)[MN],(g.b.d1.f1)[MN],(G-1.g)[MN],(g.b.d1.f1)[MN],(g.b.d1.f1)[MN];(C-1.c)[MN],(g.c1.e1)[MN],(g.c1.e1)[MN],(C-1.c)[LM],(g1~b1~d2~f2)[M];(G-2.G-1.g2)[MN],(d.f.g.b)[MN],(d.f.g.b)[MN],(G-2.G-1)[MN],(d.f.g.b)[MN],(d.f.g.b)[MN];(C-1.c)[MN],(e.g.c1)[MN],(e.g.c1)[MN],(C-1.c)[MN],(e.g.c1)[MN],(e.g.c1)[MN];G-2[MN],(d.f.g.b)[MN],(d.f.g.b)[MN],(G-2.G-1)[MN],(d.f.g.b)[MN],(d.f.g.b)[MN];(C-1.c)[MN],(e.g.c1)[MN],(e.g.c1)[MN],(E-1.e)[MN],(e.g.c1)[MN],(e.g.c1)[MN];(G-2.G-1)[MN],(d.f.g.b)[MN],(d.f.g.b)[MN],(D-1.d)[MN],(d.f.g.b)[MN],(d.f.g.b)[MN];(C-1.e)[MN],(e.g.c1)[MN],(e.g.c1)[MN],(G-2.G-1)[MN],(e.g.c1)[MN],(e.g.c1)[MN];D-1[MN],(d.f.g.b)[MN],(d.f.g.b)[MN],(G-1.g)[MN],(d.f.g.b)[MN],(d.f.g.b)[MN];(C-1.c)[MN],(E-1.e)[MN],(G-1.g)[MN],(c.c1)[K];"]},{"id":3,"baseBeats":0.25,"scores":["(c3.e3)[M],5<mute[N],(#a2.#c3)[N]>,5<(b2.d3)[N],(#a2.#c3)[N]>;(b2.d3)[M],5<mute[N],(a2.c3)[N]>,5<mute[N],(#f2.#a2)[N]>,5<(g2.b2)[N],(#f2.#a2)[N]>;(g2.b2)[M],5<mute[N],(f2.a2)[N]>,5<mute[N],(#d2.#f2)[N]>;5<(e2.g2)[N],(#d2.#f2)[N]>,(e2.g2)[M],5<mute[N],(e2.g2)[N]>,5<mute[N],(#d2.#f2)[N]>,(#c2.e2.g2)[M],5<mute[N],(a1.#c2~e2)[N]>;a2[M],(a1.e2.g2)[M],5<(a1.f2)[N],(#c2.e2)[N]>,(a1.d2.f2)[M],5<mute[N],(a1.d2.f2)[N]>,5<mute[N],(#c2.e2)[N]>,(g1.b1.f2)[M],5<mute[N],(g1~b1~d2)[N]>;g2[M],(g1.b1.f2)[M],5<(g1.c2.e2)[N],#d2[N]>,(g1.e2)[M],5<(b1.d2.f2)[N],e2[N]>,(b1.f2)[M],(c2.e2.g2)[L];(c3.e3)[M],5<mute[N],(#a2.#c3)[N]>,5<(b2.d3)[N],(#a2.#c3)[N]>;(b2.d3)[M],5<mute[N],(a2.c3)[N]>,5<mute[N],(#f2.#a2)[N]>,5<(g2.b2)[N],(#f2.#a2)[N]>;(g2.b2)[M],5<mute[N],(f2.a2)[N]>,5<mute[N],(#d2.#f2)[N]>;5<(e2.g2)[N],(#d2.#f2)[N]>,(e2.g2)[M],5<mute[N],(e2.g2)[N]>,5<mute[N],(#d2.#f2)[N]>,(a1.#c2.e2.g2)[M],5<mute[N],(#c2~e2)[N]>;(a1.a2)[M],(a1.#c2.g2)[M],5<(a1.d2.f2)[N],(#c2.e2)[N]>,(a1.d2.f2)[M],5<mute[N],(a1.d2.f2)[N]>,5<mute[N],(#c2.e2)[N]>,(g1.b1.d2.f2)[L],(g1.b1.e2)[M],(g1.b1.d2)[M];c2[M],c2[M],e2[M],g2[M],(c2.e2.g2.c3)[L],(c2.e2.g2.c3)[M],5<mute[N],c3[N]>;5<#a2[N],c3[N]>,5<a2[N],c3[N]>,5<g2[N],c3[N]>,5<f2[N],c3[N]>,5<e2[N],c3[N]>,5<c2[N],c3[N]>,5<d2[N],c3[N]>,5<e2[N],c3[N]>;5<f2[N],c3[N]>,5<e2[N],c3[N]>,5<f2[N],c3[N]>,5<g2[N],c3[N]>,5<a2[N],c3[N]>,5<f2[N],c3[N]>,5<g2[N],c3[N]>,5<a2[N],c3[N]>;5<#a2[N],e3[N]>,5<a2[N],e3[N]>,5<g2[N],e3[N]>,5<f2[N],e3[N]>,5<e2[N],e3[N]>,5<c3[N],e3[N]>,5<#a2[N],e3[N]>,5<g2[N],e3[N]>;5<f2[N],f3[N]>,5<g2[N],f3[N]>,5<a2[N],f3[N]>,5<c3[N],f3[N]>,f2[M],(f2.e3)[M],(f2.d3)[M],(f2.c3)[M];(b1.e2.g2.b2)[M],(c2.e2.g2.c3)[M],(#a1.e2.g2.#a2)[M],5<mute[N],(c2.e2.g2.c3)[N]>,(b1.e2.g2.b2)[M],(c2.e2.g2.c3)[M],(#a1.e2.g2.#a2)[M],5<mute[N],(c2.e2.g2.c3)[N]>;(b1.f2.b2)[M],(c2.c3)[M],(a1.c2.a2)[M],5<mute[N],(c2.f2.c3)[N]>,(b1.f2.b2)[M],(c2.c3)[M],(a1.c2.a2)[M],5<mute[N],(c2.c3)[N]>;(b1.e2.g2.b2)[M],(c2.e2.g2.c3)[M],(d2.e2.g2.d3)[M],5<mute[N],(c2.c3)[N]>,(b1.e2.g2.b2)[M],(c2.e2.g2.c3)[M],(e2.g2.#a2.e3)[M],5<f2[N],(a2~c3)[N]>;f3[M],f2[M],a2[M],c3[M],(f2.a2.c3.f3)[MN],(mute~e3~mute)[MN],5<mute[N],d2[N]>;5<(b2.d3)[N],d2[N]>,5<mute[N],c2[N]>,5<(a2.c3)[N],c2[N]>,5<mute[N],b1[N]>,5<(g2.b2)[N],b1[N]>,5<mute[N],a1[N]>,5<(f2.a2)[N],a1[N]>,5<mute[N],g1[N]>,5<(e2.g2)[N],g1[N]>,5<mute[N],g1[N]>,5<(e2.g2)[N],g1[N]>,5<mute[N],g1[N]>;(#c2.e2.g2)[MN],(mute~a2~mute)[MN],(g1.e2.g2)[M],5<(d2.f2)[N],f1[N]>,5<mute[N],f1[N]>,5<(d2.f2)[N],f1[N]>,5<mute[N],f1[N]>;(b1.d2.f2)[M],5<mute[N],f1[N]>,(b1.d2.g2)[M],(f1.d2.f2)[M],5<(c2.e2)[N],e1[N]>,5<mute[N],f1[N]>,5<(d2.f2)[N],f1[N]>,5<mute[N],g1[N]>,5<(e2.g2)[N],g1[N]>;5<mute[N],e2[N]>,5<(c3.e3)[N],e2[N]>,5<mute[N],d2[N]>,5<(b2.d3)[N],d2[N]>,5<mute[N],c2[N]>,5<(a2.c3)[N],c2[N]>,5<mute[N],b1[N]>,5<(g2.b2)[N],b1[N]>,5<mute[N],a1[N]>,5<(f2.a2)[N],a1[N]>,5<mute[N],g1[N]>,5<(e2.g2)[N],g1[N]>,5<mute[N],g1[N]>,5<(e2.g2)[N],g1[N]>,5<mute[N],(#c2~e2)[N]>;g2[MN],(mute~a2~mute)[MN],(g1.e2.g2)[M],5<(d2.f2)[N],f1[N]>,5<mute[N],f1[N]>,5<(d2.f2)[N],f1[N]>,5<mute[N],(b1~d2)[N]>;(f1.f2)[M],5<mute[N],(f1~b1)[N]>,e2[M],(f1.d2)[M],(e1.c2)[M],c2[M],e2[M],g2[M],(c2.e2.g2.c3)[LM],mute[LN],(g1.b1.d2.f2.g2)[MN],(g1.b1.d2.f2.g2)[MN],(g1.b1.d2.f2.g2)[MN],(g1.b1.d2.f2.g2)[MN],(g1.b1.d2.f2.g2)[MN];(g1.c2.e2.g2)[MN],(g1.c2.e2.g2)[MN],(g1.c2.e2.g2)[MN],(g1.c2.e2.g2)[MN],(g1.c2.e2.g2)[MN],(g1.c2.g2)[MN];(b1.d2.f2.g2.b2)[MN],(b1.d2.f2.g2.b2)[MN],(b1.d2.f2.g2.b2)[MN],(b1.d2.f2.g2.b2)[MN],(b1.d2.f2.a2)[MN],(b1.d2.f2.g2.b2)[MN];(c2.e2.g2.c3)[MN],(c2.e2.g2.c3)[MN],(c2.e2.g2.c3)[MN],(c2.e2.g2.c3)[MN],(c2.e2.g2.b2)[MN],(c2.e2.g2.a2)[MN];(f2.g2)[MN],(f2.g2)[MN],(f2.g2)[MN],(f2.g2)[MN],(f2.g2)[MN],(f2.g2)[MN];(e2.g2)[MN],(e2.g2)[MN],(e2.g2)[MN],(e2.g2)[MN],(e2.g2)[MN],(e2.g2)[MN];(d2.b2)[MN],(d2.b2)[MN],(d2.b2)[MN],(d2.b2)[MN],(d2.b2)[L],(d2.b2)[L];(c2.e2.g2.c3)[LM],(e2.g2.c3.e3)[LM],(g2.c3.e3.g3)[K];(c3@e3@C-1.c.g3@c4)[J];","U,(D-1.f)[M],(f.g.b)[M],G-2[M],(f.g.b)[M],D-1[M],(f.g.b)[M],G-2[M],(f.g.b)[M];(c.c1)[M],(g.c1.e1)[M],(B-1.b)[M],(#A-1.#a)[M],(A-1.a)[M],(a.#c1.e1)[M];A-2[M],(#C-1.#c)[M],(D-1.d)[M],(E-1.e)[M],(F-1.f)[M],(#F-1.#f)[M],(G-1.g)[M],(f.g.b)[M];G-2[M],(f.g.b)[M],C-1[M],(e.g.c1)[M],D-1[M],(d.g.b)[M],(E-1.e)[M],(e.g.c1)[M];(C-1.c)[M],(#C-1.#c)[M],D-1[M],(f.g.b)[M],G-2[M],(f.g.b)[M],D-1[M],(f.g.b)[M],G-2[M],(g.b)[M];c[M],(g.c1.e1)[M],(B-1.b)[M],(#A-1.#a)[M],(A-1.a)[M],(a.#c1.e1)[M];(A-2.A-1)[M],(#C-1.#c)[M],(D-1.d)[M],(E-1.e)[M],(F-1.f)[M],(#F-1.#f)[M],G-1[M],(f.g.b)[M],G-2[M],(d.f.g.b)[M];(c.c1)[M],(c.g.c1)[M],(G-1.g)[M],(E-1.e)[M],(C-1.c)[L],(C-1.c)[L];(G-1.g)[M],(#a.c1.e1)[M],C-1[M],(#a.c1.e1)[M],G-1[M],(g.#a.c1.e1)[M],C-1[M],(g.#a.c1.e1)[M];F-1[M],(f.a.c1)[M],C-1[M],(f.a.c1)[M],F-1[M],(f.a.c1)[M],C-1[M],(f.a.c1)[M];G-1[M],(g.#a.c1.e1)[M],C-1[M],(g.#a.c1.e1)[M],G-1[M],(g.#a.c1.e1)[M],C-1[M],(g.#a.c1.e1)[M];F-1[M],(f.a.c1)[M],C-1[M],(f.a.c1)[M],F-1[M],(f.a.c1)[M],C-1[M],(f.a.c1)[M];(G-1.g)[M],(#a.c1.e1)[M],C-1[M],(#a.c1.e1)[M],G-1[M],(#a.c1.e1)[M],C-1[M],(g.#a.c1.e1)[M];F-1[M],(f.a.c1)[M],C-1[M],(f.a.c1)[M],F-1[M],(f.a.c1)[M],C-1[M],(f.a.c1)[M];(G-1.g)[M],(#a.c1.e1)[M],C-1[M],(#a.c1.e1)[M],G-1[M],(#a.c1.e1)[M],C-1[M],(g.#a.c1.e1)[M];F-1[M],(f.a.c1)[M],C-1[M],(f.a.c1)[M],(F-1.f)[M],(mute~mute~mute~e2~g2~c3)[M],(G-1.e.g)[L];(D-1.f)[M],(f.g.b)[M],G-2[M],(f.g.b)[M],D-1[M],(f.g.b)[M],(G-1.b)[M],(f.b)[M],(c.c1)[M],(c1.e1)[M],B-1[M],(#A-1.#a)[M];(A-1.a)[M],(a.#c1.e1~g1~#c2~e2)[M],(A-2.A-1)[M],(#C-1.#c)[M],D-1[M],(f.a)[M],(A-1.a)[M],(#G-1.#g)[M];(G-1.g)[M],(f.g.b)[M],G-2[M],(f.g.b)[M],C-1[M],(e.g.c1)[M],D-1[M],(f.g.b)[M],E-1[M];(e.g.c1)[M],C-1[M],(e.g.c1)[M],(D-1.d)[M],(f.g.b)[M],G-2[M],(f.g.b)[M],D-1[M],(f.g.b)[M],(G-1.b)[M],(f.g.b)[M],(C-1.c)[M],(c1.e1)[M],B-1[M],(#A-1.#a)[M];(A-1.a)[M],(a.#c1.e1~g1~#c2~e2)[M],A-2[M],(#C-1.#c)[M],D-1[M],(f.a)[M],F-1[M],(#F-1.#f)[M];G-1[M],(f.g.b)[M],(G-2.G-1)[M],(f.g.b)[M],(c.g.c1)[M],(c.g.c1)[M],(G-1.g)[M],(E-1.e)[M],(C-1.c)[LM],(g1~b1~d2~f2)[M];(G-2.G-1.g2)[MN],(f.g.b)[MN],(f.g.b)[MN],(G-1.g)[MN],(f.g.b)[MN],(f.g.b)[MN];(C-1.G-1.c)[MN],(e.g.c1)[MN],(e.g.c1)[MN],(G-2.G-1)[MN],(e.g.c1)[MN],(e.g.c1)[MN];(D-1.d)[MN],(f.g.b)[MN],(f.g.b)[MN],(G-1.g)[MN],(f.g.b)[MN],(f.g.b)[MN];(C-1.c)[MN],(e.g.c1)[MN],(g.c1)[MN],c[MN],(e.g.c1)[MN],(e.g.c1)[MN];g[MN],(b.d1.f1)[MN],(b.d1.f1)[MN],g[MN],(b.d1.f1)[MN],(b.d1.f1)[MN];c1[MN],(e1.g1)[MN],(e1.g1)[MN],c1[MN],(e1.g1)[MN],(e1.g1)[MN];g[MN],(b.d1.f1)[MN],(b.d1.f1)[MN],g[MN],(b.d1.f1)[L],(b.d1.f1)[L];(c.c1)[LM],(G-1.g)[LM],(E-1.e)[K];"]}],"audition":{"start":[0,0],"end":[0,60]}}