{"baseBpm":300,"musics":[{"id":1,"baseBeats":0.5,"scores":["T,g1[K],b1[K],g1[K],(b1.#f2)[J],S;T,g1[K],b1[K],g1[K],(b1.#f2)[J],S;T,g1[K],b1[K],g1[K],(b1.#f2)[J],S;T,g1[K],b1[K],g1[K],(b1.#f2)[J],S;T,(#f1.d2)[K],(a1.#c2)[K],T,(d1.#f1)[J],S;T,(#f1.d2)[K],(a1.#c2)[K],T,(d1.#f1)[J],S;T,(#f1.d2)[K],(a1.#c2)[K],T,(d1.#f1)[J],S;T,(#f1.d2)[K],(#f1.a1.#c2)[K],T,(b1.#d2.#f2)[J],#d2[K],g1[K];(b1.#f2)[L],U,5<(b1.d2)[M],g1[M]>,5<(b1.d2)[M],g1[M]>,(b1.#f2)[L],U,5<(b1.d2)[M],g1[M]>,5<(b1.d2)[M],g1[M]>,(b1.#f2)[L],U,5<(b1.d2)[M],g1[M]>,5<(b1.d2)[M],g1[M]>,(b1.#f2)[L],U,e2[L],U;5<g1[M],a1[M]>,5<b1[M],a1[M]>,5<g1[M],a1[M]>,5<b1[M],a1[M]>,5<g1[M],a1[M]>,5<b1[M],#c2[M]>,d2[L],U,(b1.d2)[L],U,5<g1[M],a1[M]>,5<g1[M],a1[M]>,(b1.d2)[L],U,5<g1[M],a1[M]>,5<g1[M],a1[M]>;(a1.#f2)[L],U,5<b1[M],a1[M]>,5<b1[M],a1[M]>,(a1.#f2)[L],U,5<b1[M],a1[M]>,5<b1[M],a1[M]>,(a1.#f2)[L],U,5<(b1.d2)[M],a1[M]>,5<b1[M],a1[M]>,(#c2.e2)[J];5<a1[M],b1[M]>,5<#c2[M],b1[M]>,5<a1[M],b1[M]>,5<#c2[M],b1[M]>,5<a1[M],b1[M]>,5<#c2[M],d2[M]>,e2[L],U,(b1.d2)[L],U,5<(b1.d2)[M],a1[M]>,5<b1[M],a1[M]>,(b1.d2)[L],U,5<(b1.a2)[M],a1[M]>,5<b1[M],a1[M]>;(d1.a1.e2)[L],U,5<b1[M],a1[M]>,5<b1[M],a1[M]>,(d1.a1.d2)[L],U,5<b1[M],a1[M]>,5<b1[M],a1[M]>,(a.d1.b1)[L],U,5<b1[M],a1[M]>,5<b1[M],a1[M]>,5<a1[M],b1[M]>,5<d2[M],#f2[M]>,(a1.d2.a2)[L],U;(d1.a1.e2)[L],U,5<b1[M],a1[M]>,5<b1[M],a1[M]>,(d1.a1.d2)[L],U,5<b1[M],a1[M]>,5<b1[M],a1[M]>,(a.d1.a1)[L],U,5<b1[M],a1[M]>,5<b1[M],a1[M]>,5<b1[M],a1[M]>,5<b1[M],a1[M]>,5<b1[M],a1[M]>,5<b1[M],a1[M]>;(d1.a1.#f2)[L],U,5<b1[M],a1[M]>,5<b1[M],a1[M]>,(a1.#f2)[L],U,5<(b1.#f2)[M],a1[M]>,5<b1[M],a1[M]>,(d1.a1.#f2)[L],U,5<(b1.d2)[M],a1[M]>,5<b1[M],a1[M]>,5<(b1.d2)[M],a1[M]>,5<b1[M],a1[M]>,5<b1[M],a1[M]>,b1[L];(d1.a1)[I],T,(b1.#f2)[JK];(b1.#f2)[L],U,5<(b1.d2)[M],g1[M]>,5<(b1.d2)[M],g1[M]>,(b1.#f2)[L],U,5<(b1.d2)[M],g1[M]>,5<(b1.d2)[M],g1[M]>,(b1.#f2)[L],U,5<(b1.d2)[M],g1[M]>,5<(b1.d2)[M],g1[M]>,(b1.#f2)[L],U,e2[L],U;5<g1[M],a1[M]>,5<b1[M],a1[M]>,5<g1[M],a1[M]>,5<b1[M],a1[M]>,5<g1[M],a1[M]>,5<b1[M],#c2[M]>,d2[L],U,(b1.d2)[L],U,5<g1[M],a1[M]>,5<g1[M],a1[M]>,(b1.d2)[L],U,5<g1[M],a1[M]>,5<g1[M],a1[M]>;(a1.#f2)[L],U,5<b1[M],a1[M]>,5<b1[M],a1[M]>,(a1.#f2)[L],U,5<b1[M],a1[M]>,5<b1[M],a1[M]>,(a1.#f2)[L],U,5<(b1.d2)[M],a1[M]>,5<b1[M],a1[M]>,(#c2.e2)[J];5<a1[M],b1[M]>,5<#c2[M],b1[M]>,5<a1[M],b1[M]>,5<#c2[M],b1[M]>,5<a1[M],b1[M]>,5<#c2[M],d2[M]>,e2[L],U,(b1.d2)[L],U,5<(b1.d2)[M],a1[M]>,5<b1[M],a1[M]>,(b1.d2)[L],U,5<(b1.a2)[M],a1[M]>,5<b1[M],a1[M]>;(d1.a1.e2)[L],U,5<b1[M],a1[M]>,5<b1[M],a1[M]>,(d1.a1.d2)[L],U,5<b1[M],a1[M]>,5<b1[M],a1[M]>,(a.d1.b1)[L],U,5<b1[M],a1[M]>,5<b1[M],a1[M]>,5<a1[M],b1[M]>,5<d2[M],#f2[M]>,(a1.d2.a2)[L],U;(d1.a1.e2)[L],U,5<b1[M],a1[M]>,5<b1[M],a1[M]>,(d1.a1.d2)[L],U,5<b1[M],a1[M]>,5<b1[M],a1[M]>,(a.d1.a1)[L],U,5<b1[M],a1[M]>,5<b1[M],a1[M]>,5<b1[M],a1[M]>,5<b1[M],a1[M]>,5<b1[M],a1[M]>,5<b1[M],a1[M]>;(d1.a1.#f2)[KL],5<(d1.a1.#f2)[M],a1[M]>,5<b1[M],a1[M]>,5<b1[M],a1[M]>,(a1.#f2)[L],U,(d1.a1.#f2)[KL],5<(d1.a1.d2)[M],a1[M]>,5<b1[M],a1[M]>,5<b1[M],a1[M]>,(#c2.e2)[K];S,(d1.#f1.a1)[J],S,(a1.a2)[J];(d2.d3)[I],R;5<(a1.d2.a2)[M],a1[M]>,5<b1[M],a1[M]>,5<(#f1.d2.#f2)[M],a1[M]>,5<b1[M],a1[M]>,5<(a1.d2.a2)[M],a1[M]>,5<b1[M],a1[M]>,5<(#f1.d2.#f2)[M],a1[M]>,5<b1[M],a1[M]>,5<(a1.d2.a2)[M],a1[M]>,5<b1[M],a1[M]>,5<b1[M],a1[M]>,5<b1[M],a1[M]>,5<(a1.d2.a2)[M],a1[M]>,5<b1[M],a1[M]>,5<b1[M],a1[M]>,5<b1[M],a1[M]>;(d2.d3)[I],R;5<(a1.d2.a2)[M],a1[M]>,5<b1[M],a1[M]>,5<(#f1.d2.#f2)[M],a1[M]>,5<b1[M],a1[M]>,5<(a1.d2.a2)[M],a1[M]>,5<b1[M],a1[M]>,5<(#f1.d2.#f2)[M],a1[M]>,5<b1[M],a1[M]>,5<(a1.d2.a2)[M],a1[M]>,5<b1[M],a1[M]>,5<b1[M],a1[M]>,5<b1[M],a1[M]>,5<(a1.d2.a2)[M],a1[M]>,5<b1[M],a1[M]>,5<b1[M],a1[M]>,5<b1[M],a1[M]>;(e2.e3)[J],(d2.d3)[J],(a1.a2)[I];5<(a1.d2.a2)[M],a1[M]>,5<b1[M],a1[M]>,5<(#f1.d2.#f2)[M],a1[M]>,5<b1[M],a1[M]>,5<(a1.d2.a2)[M],a1[M]>,5<b1[M],a1[M]>,5<(#f1.d2.#f2)[M],a1[M]>,5<b1[M],a1[M]>,5<(a1.d2.a2)[M],a1[M]>,5<b1[M],a1[M]>,5<b1[M],a1[M]>,5<b1[M],a1[M]>,5<(a1.d2.a2)[M],a1[M]>,5<b1[M],a1[M]>,5<b1[M],a1[M]>,5<b1[M],a1[M]>;(e2.e3)[J],(d2.d3)[J],(#f2.#f3)[I];(d2.#f2)[J],T,(e2.g2)[K],(b1.#f2.a2)[I];5<g1[M],a1[M]>,5<b1[M],a1[M]>,g1[L],5<g1[M],a1[M]>,5<b1[M],a1[M]>,g1[L],5<g1[M],a1[M]>,5<g1[M],a1[M]>,5<g1[M],a1[M]>,5<b1[M],a1[M]>,g1[L],5<g1[M],a1[M]>,5<b1[M],a1[M]>,g1[L],5<g1[M],a1[M]>,5<g1[M],a1[M]>;5<g1[M],a1[M]>,5<b1[M],a1[M]>,g1[L],5<g1[M],a1[M]>,5<b1[M],a1[M]>,g1[L],5<g1[M],a1[M]>,5<g1[M],a1[M]>,5<g1[M],a1[M]>,5<b1[M],a1[M]>,g1[L],5<g1[M],a1[M]>,5<b1[M],a1[M]>,g1[L],5<g1[M],a1[M]>,5<g1[M],a1[M]>;5<a1[M],b1[M]>,5<#c2[M],b1[M]>,a1[L],5<a1[M],b1[M]>,5<#c2[M],b1[M]>,a1[L],5<a1[M],b1[M]>,5<a1[M],b1[M]>,5<a1[M],b1[M]>,5<#c2[M],b1[M]>,a1[L],5<a1[M],b1[M]>,5<#c2[M],b1[M]>,a1[L],5<a1[M],b1[M]>,5<a1[M],b1[M]>;5<a1[M],b1[M]>,5<#c2[M],b1[M]>,a1[L],5<a1[M],b1[M]>,5<#c2[M],b1[M]>,a1[L],5<a1[M],b1[M]>,5<a1[M],b1[M]>,5<a1[M],b1[M]>,5<#c2[M],b1[M]>,a1[L],5<a1[M],b1[M]>,5<#c2[M],b1[M]>,a1[L],5<a1[M],b1[M]>,5<a1[M],b1[M]>;5<d1[M],e1[M]>,5<#f1[M],e1[M]>,d1[L],5<d1[M],e1[M]>,5<#f1[M],e1[M]>,d1[L],5<d1[M],e1[M]>,5<d1[M],e1[M]>,5<d1[M],e1[M]>,5<#f1[M],e1[M]>,d1[L],5<d1[M],e1[M]>,5<#f1[M],e1[M]>,d1[L],5<d1[M],e1[M]>,5<d1[M],e1[M]>;5<d1[M],e1[M]>,5<#f1[M],e1[M]>,d1[L],5<d1[M],e1[M]>,5<#f1[M],e1[M]>,d1[L],5<d1[M],e1[M]>,5<d1[M],e1[M]>,5<d1[M],e1[M]>,5<#f1[M],e1[M]>,d1[L],5<d1[M],e1[M]>,5<#f1[M],e1[M]>,d1[L],5<d1[M],e1[M]>,5<d1[M],e1[M]>;5<d1[M],e1[M]>,5<#f1[M],e1[M]>,d1[L],5<d1[M],e1[M]>,5<#f1[M],e1[M]>,d1[L],5<d1[M],e1[M]>,5<d1[M],e1[M]>,5<d1[M],e1[M]>,5<#f1[M],e1[M]>,d1[L],5<d1[M],e1[M]>,5<#f1[M],e1[M]>,d1[L],5<d1[M],e1[M]>,5<d1[M],e1[M]>;5<d1[M],e1[M]>,5<#f1[M],e1[M]>,d1[L],5<d1[M],e1[M]>,5<#f1[M],e1[M]>,d1[L],5<d1[M],e1[M]>,5<d1[M],e1[M]>,(#f1.b1.#f2)[K],b1[K],b1[J];5<g1[M],a1[M]>,5<b1[M],a1[M]>,g1[L],5<g1[M],a1[M]>,5<b1[M],a1[M]>,g1[L],5<g1[M],a1[M]>,5<g1[M],a1[M]>,5<g1[M],a1[M]>,5<b1[M],a1[M]>,g1[L],5<g1[M],a1[M]>,5<b1[M],a1[M]>,g1[L],5<g1[M],a1[M]>,5<g1[M],a1[M]>;5<g1[M],a1[M]>,5<b1[M],a1[M]>,g1[L],5<g1[M],a1[M]>,5<b1[M],a1[M]>,g1[L],5<g1[M],a1[M]>,5<g1[M],a1[M]>,5<g1[M],a1[M]>,5<b1[M],a1[M]>,g1[L],5<g1[M],a1[M]>,5<b1[M],a1[M]>,g1[L],5<g1[M],a1[M]>,5<g1[M],a1[M]>;5<a1[M],b1[M]>,5<#c2[M],b1[M]>,a1[L],5<a1[M],b1[M]>,5<#c2[M],b1[M]>,a1[L],5<a1[M],b1[M]>,5<a1[M],b1[M]>,5<a1[M],b1[M]>,5<#c2[M],b1[M]>,a1[L],5<a1[M],b1[M]>,5<#c2[M],b1[M]>,a1[L],5<a1[M],b1[M]>,5<a1[M],b1[M]>;5<a1[M],b1[M]>,5<#c2[M],b1[M]>,a1[L],5<a1[M],b1[M]>,5<#c2[M],b1[M]>,a1[L],5<a1[M],b1[M]>,5<a1[M],b1[M]>,5<a1[M],b1[M]>,5<#c2[M],b1[M]>,a1[L],5<a1[M],b1[M]>,5<#c2[M],b1[M]>,a1[L],5<a1[M],b1[M]>,5<a1[M],b1[M]>;5<d1[M],e1[M]>,5<#f1[M],e1[M]>,d1[L],5<d1[M],e1[M]>,5<#f1[M],e1[M]>,d1[L],5<d1[M],e1[M]>,5<d1[M],e1[M]>,5<d1[M],e1[M]>,5<#f1[M],e1[M]>,d1[L],5<d1[M],e1[M]>,5<#f1[M],e1[M]>,d1[L],5<d1[M],e1[M]>,5<d1[M],e1[M]>;5<d1[M],e1[M]>,5<#f1[M],e1[M]>,d1[L],5<d1[M],e1[M]>,5<#f1[M],e1[M]>,d1[L],5<d1[M],e1[M]>,5<d1[M],e1[M]>,5<d1[M],e1[M]>,5<#f1[M],e1[M]>,d1[L],5<d1[M],e1[M]>,5<#f1[M],e1[M]>,d1[L],5<d1[M],e1[M]>,5<d1[M],e1[M]>;5<d1[M],e1[M]>,5<#f1[M],e1[M]>,d1[L],5<d1[M],e1[M]>,5<#f1[M],e1[M]>,d1[L],5<d1[M],e1[M]>,5<d1[M],e1[M]>,5<d1[M],e1[M]>,5<#f1[M],e1[M]>,d1[L],5<d1[M],e1[M]>,5<#f1[M],e1[M]>,d1[L],5<d1[M],e1[M]>,5<d1[M],e1[M]>;5<d1[M],e1[M]>,5<#f1[M],e1[M]>,d1[L],5<d1[M],e1[M]>,5<#f1[M],e1[M]>,d1[L],5<d1[M],e1[M]>,5<d1[M],e1[M]>,(#f1.b1.#f2)[K],b1[K],b1[J];","(e.e1)[JK],(e.e1)[JK],(e.e1)[J];(e.e1)[JK],(e.e1)[JK],(e.e1)[J];(A-1.a)[JK],(A-1.a)[JK],(A-1.a)[J];(A-1.a)[JK],(A-1.a)[JK],(A-1.a)[J];(d.d1)[JK],(d.d1)[JK],(d.d1)[J];(d.d1)[JK],(d.d1)[JK],(d.d1)[J];(d.d1)[JK],(d.d1)[JK],(d.d1)[J];(d.d1)[JK],(d.d1)[K],(#d.#d1)[I];(E-1.e)[I],(e.g.d1)[I];(g.d1)[JK],e[K],(g.d1)[I];(A-2.A-1)[I],(e.a.e1)[I];(a.e1)[JK],e[K],(a.e1)[I];(D-1.d)[I],(d.#f.d1)[I];(#f.d1)[JK],d[K],(#f.d1)[I];(D-1.d)[I],(d.#f.d1)[I];(d.#f.d1)[I],T,(B-1.#f.#d1)[JK];(E-1.e)[I],(e.g.d1)[I];(g.d1)[JK],e[K],(g.d1)[I];(A-2.A-1)[I],(e.a.e1)[I];(a.e1)[JK],e[K],(a.e1)[I];(D-1.d)[I],(d.#f.d1)[I];(#f.d1)[JK],d[K],(#f.d1)[I];(D-1.d)[I],(d.#f.d1)[I];(d.#f.d1)[I],(d.#f.d1)[J],(#d.#f.#d1)[J];(E-1.e)[I],(g.d1)[I];(g.d1)[JK],e[K],(g.d1)[I];(A-2.A-1)[I],(e.g.d1)[I];(g.d1)[JK],e[K],(g.d1)[I];(D-1.d)[I],(d.#f.d1)[I];(#f.d1)[JK],d[K],(#f.d1)[I];(D-1.d)[I],(d.#f.d1)[I];(#f.d1)[J],d[J],(#f.#d1)[I];(E-1.e.d2.#f2)[J],(d2.a2)[J],(e.g.d1.d2.b2)[J],(d2.a2)[K],#f2[K];(g.d1.d2.#f2)[J],(d2.a2)[K],e[K],(g.d1.e2.b2)[I];(A-2.A-1.d2.#f2)[J],a2[J],(e.a.e1.d2.b2)[J],#f2[K],e2[K];(a.e1.#c2.e2)[JK],e[K],(a.e1.d2)[K],d2[K],d2[J];(D-1.d.d2.#f2.d3)[J],(d2.#f2.d3)[J],(d.#f.d1)[K],d2[K],(d2.#f2)[K],e2[K];(#f.d1.d2.#f2)[K],e2[K],T,d[K],(#f.d1.a1.d2)[K],d2[K],d2[J];(D-1.d.d2.#f2.d3)[J],(d2.#f2.d3)[J],(d.#f.d1)[K],d2[K],(b1.d2)[K],d2[K];(#f.d1.d2)[K],d2[K],d2[K],(d.e2)[K],(#f.#d1.#f1.b1.#f2)[I];(E-1.e.d2.#f2)[J],(d2.a2)[J],(e.g.d1.d2.b2)[J],(d2.a2)[K],#f2[K];(g.d1.d2.#f2)[J],(d2.a2)[K],e[K],(g.d1.d2.b2)[I];(A-2.A-1.d2.#f2)[J],a2[J],(e.a.e1.#f2.d3)[J],(#f2.#c3)[J];(a.e1.#f2.b2)[K],a2[JK],(a.e1.d2)[K],d2[K],d2[J];(D-1.d.d2.#f2.d3)[J],(d2.#f2.d3)[J],(d.#f.d1)[K],d2[K],(d2.#f2)[K],e2[K];(#f.d1.d2.#f2)[K],e2[K],T,d[K],(#f.d1.a1.d2)[K],d2[K],d2[J];(D-1.d.d2.#f2.d3)[J],(d2.#f2.d3)[J],(d.#f.d1)[K],d2[K],(b1.d2)[K],d2[K];(#f.d1.d2)[K],d2[K],d2[K],(d.e2)[K],(#f.#d1.#f1.b1.#f2)[I];"]},{"id":2,"baseBeats":0.5,"scores":["(b.#f1.d2)[K],b1[JK],T,5<(a1.a2)[M],g2[M]>,d2[L],5<(#f2.#f3)[M],d3[M]>,a2[L],5<(e2.e3)[M],#c3[M]>,a2[L];5<g1[M],d2[M]>,5<g2[M],b2[M]>,5<(d2.d3)[M],g2[M]>,#f2[L],5<g1[M],b1[M]>,5<d2[M],#f2[M]>,5<(b1.b2)[M],a2[M]>,#f2[L],T,5<(a1.a2)[M],g2[M]>,d2[L],5<(#f2.#f3)[M],b2[M]>,a2[L],5<(e2.e3)[M],#c3[M]>,a2[L];5<a1[M],d2[M]>,5<#f2[M],a2[M]>,5<(d2.d3)[M],a2[M]>,#f2[L],5<e1[M],a1[M]>,5<#c2[M],e2[M]>,5<(b1.b2)[M],a2[M]>,#f2[L],R;(e1.b1.e2)[K],(e1.b1.e2)[K],(e1.b1.e2)[K],(e1.b1.e2)[K],(e1.d2.#f2)[J],(e1.d2.#f2)[J];(d1.a1.g2)[K],(a1.#f2)[J],e2[L],d2[L],(d1.#f1.a1)[L],U,5<(a1.a2)[M],#f2[M]>,e2[L],5<(#f2.#f3)[M],d3[M]>,a2[L],5<(e2.e3)[M],#c3[M]>,a2[L];5<a1[M],d2[M]>,5<#f2[M],a2[M]>,5<(d2.d3)[M],a2[M]>,#f2[L],5<#f1[M],a1[M]>,5<d2[M],#f2[M]>,5<(b1.b2)[M],a2[M]>,#f2[L],T,5<(a1.a2)[M],#f2[M]>,d2[L],5<(#f2.#f3)[M],d3[M]>,a2[L],5<(e2.e3)[M],#c3[M]>,a2[L];5<a1[M],#f2[M]>,5<a2[M],d3[M]>,5<(e2.e3)[M],b2[M]>,a2[L],5<(a2.a3)[M],a2[M]>,d3[L],5<(#f2.#f3)[M],d3[M]>,a2[L],(#f2.e3)[LN],(f2.#d3)[LM],(e2.d3)[LN],(#d2.#c3)[LN],(d2.c3)[LM],(#c2.b2)[LN];(c2.#a2)[LN],(b1.a2)[LM],(#a1.#g2)[LN],(a1.g2)[LN],(#g1.#f2)[LM],(g1.f2)[LN],(#f1.e2)[I];U,5<#f[M],g[M]>,d1[L],g1[L],5<#a1[M],b1[M]>,g1[L],d2[L],5<#f2[M],g2[M]>,b2[L],g2[L],5<#c3[M],d3[M]>,g3[L],5<#a3[M],b3[M]>,g3[L],5<#c4[M],d4[M]>,g4[L];5<#a4[M],b4[M]>,g4[L],d4[L],5<#f3[M],g3[M]>,b3[L],g3[L],5<#c3[M],d3[M]>,g2[L],b2[L],5<#f2[M],g2[M]>,d2[L],g1[L],5<#a1[M],b1[M]>,g1[L],5<#c1[M],d1[M]>,g[L];U,5<#g[M],a[M]>,e1[L],a1[L],5<c2[M],#c2[M]>,a1[L],e2[L],5<#g2[M],a2[M]>,#c3[L],a2[L],5<#d3[M],e3[M]>,a3[L],5<c4[M],#c4[M]>,a3[L],5<#d4[M],e4[M]>,a4[L];5<b4[M],c5[M]>,a4[L],e4[L],5<#g3[M],a3[M]>,#c4[L],a3[L],5<#d3[M],e3[M]>,a2[L],#c3[L],5<#g2[M],a2[M]>,e2[L],a1[L],5<c2[M],#c2[M]>,a1[L],5<#d1[M],e1[M]>,a[L];S,T,(d1.#f1.a1.d2)[L],U,5<(d1.#f1.a1.d2)[M],#f1[M]>,5<g1[M],#f1[M]>,5<g1[M],#f1[M]>,5<(e1.e2)[M],#f1[M]>,5<g1[M],#f1[M]>,5<g1[M],#f1[M]>,(d1.d2)[L],U;5<(g1.b1.d2.g2)[M],g1[M]>,5<a1[M],g1[M]>,5<a1[M],g1[M]>,5<(#f1.#f2)[M],#f1[M]>,5<a1[M],#f1[M]>,5<g1[M],#f1[M]>,(e1.b1.e2)[K],T,(e1.a1.e2)[J],a[K];S,T,(d1.#f1.a1.d2)[L],U,5<(d1.#f1.a1.d2)[M],#f1[M]>,5<g1[M],#f1[M]>,5<g1[M],#f1[M]>,5<(e1.e2)[M],#f1[M]>,5<g1[M],#f1[M]>,5<g1[M],#f1[M]>,(d1.d2)[L],U;5<(#f1.a1.d2.#f2)[M],#f1[M]>,5<g1[M],#f1[M]>,5<g1[M],#f1[M]>,5<(a1.d2.#f2)[M],#f1[M]>,g1[L],5<#f1[M],g1[M]>,(a1.d2.a2)[K],(e1.a1.e2)[K],(d1.d2)[K],(b.b1)[K],(a.a1)[K];(b1.#f2)[L],U,5<(b1.d2)[M],g1[M]>,5<(b1.d2)[M],g1[M]>,(b1.#f2)[L],U,5<(b1.d2)[M],g1[M]>,5<(b1.d2)[M],g1[M]>,(b1.#f2)[L],U,5<(b1.d2)[M],g1[M]>,5<(b1.d2)[M],g1[M]>,(b1.#f2)[L],U,e2[L],U;5<g1[M],a1[M]>,5<b1[M],a1[M]>,5<g1[M],a1[M]>,5<b1[M],a1[M]>,5<g1[M],a1[M]>,5<b1[M],#c2[M]>,d2[L],U,(b1.d2)[L],U,5<g1[M],a1[M]>,5<g1[M],a1[M]>,(b1.d2)[L],U,5<g1[M],a1[M]>,5<g1[M],a1[M]>;(a1.#f2)[L],U,5<b1[M],a1[M]>,5<b1[M],a1[M]>,(a1.#f2)[L],U,5<b1[M],a1[M]>,5<b1[M],a1[M]>,(a1.#f2)[L],U,5<(b1.d2)[M],a1[M]>,5<b1[M],a1[M]>,(#c2.e2)[J];5<a1[M],b1[M]>,5<#c2[M],b1[M]>,5<a1[M],b1[M]>,5<#c2[M],b1[M]>,5<a1[M],b1[M]>,5<#c2[M],d2[M]>,e2[L],U,(b1.d2)[L],U,5<(b1.d2)[M],a1[M]>,5<b1[M],a1[M]>,(b1.d2)[L],U,5<(b1.a2)[M],a1[M]>,5<b1[M],a1[M]>;(d1.a1.e2)[L],U,5<b1[M],a1[M]>,5<b1[M],a1[M]>,(d1.a1.d2)[L],U,5<b1[M],a1[M]>,5<b1[M],a1[M]>,(a.d1.b1)[L],U,5<b1[M],a1[M]>,5<b1[M],a1[M]>,5<a1[M],b1[M]>,5<d2[M],#f2[M]>,(a1.d2.a2)[L],U;(d1.a1.e2)[L],U,5<b1[M],a1[M]>,5<b1[M],a1[M]>,(d1.a1.d2)[L],U,5<b1[M],a1[M]>,5<b1[M],a1[M]>,(a.d1.a1)[L],U,5<b1[M],a1[M]>,5<b1[M],a1[M]>,5<b1[M],a1[M]>,5<b1[M],a1[M]>,5<b1[M],a1[M]>,5<b1[M],a1[M]>;(d1.a1.#f2)[KL],5<(d1.a1.#f2)[M],a1[M]>,5<b1[M],a1[M]>,5<b1[M],a1[M]>,(a1.#f2)[L],U,(d1.a1.#f2)[KL],5<(d1.a1.d2)[M],a1[M]>,5<b1[M],a1[M]>,5<b1[M],a1[M]>,(#c2.e2)[K];S,(d1.#f1.a1)[J],S,(a1.a2)[J];(d2.d3)[I],R;5<(a1.d2.a2)[M],a1[M]>,5<b1[M],a1[M]>,5<(#f1.d2.#f2)[M],a1[M]>,5<b1[M],a1[M]>,5<(a1.d2.a2)[M],a1[M]>,5<b1[M],a1[M]>,5<(#f1.d2.#f2)[M],a1[M]>,5<b1[M],a1[M]>,5<(a1.d2.a2)[M],a1[M]>,5<b1[M],a1[M]>,5<b1[M],a1[M]>,5<b1[M],a1[M]>,5<(a1.d2.a2)[M],a1[M]>,5<b1[M],a1[M]>,5<b1[M],a1[M]>,5<b1[M],a1[M]>;(d2.d3)[I],R;5<(a1.d2.a2)[M],a1[M]>,5<b1[M],a1[M]>,5<(#f1.d2.#f2)[M],a1[M]>,5<b1[M],a1[M]>,5<(a1.d2.a2)[M],a1[M]>,5<b1[M],a1[M]>,5<(#f1.d2.#f2)[M],a1[M]>,5<b1[M],a1[M]>,5<(a1.d2.a2)[M],a1[M]>,5<b1[M],a1[M]>,5<b1[M],a1[M]>,5<b1[M],a1[M]>,5<(a1.d2.a2)[M],a1[M]>,5<b1[M],a1[M]>,5<b1[M],a1[M]>,5<b1[M],a1[M]>;(e2.e3)[J],(d2.d3)[J],(a1.a2)[I];5<(a1.d2.a2)[M],a1[M]>,5<b1[M],a1[M]>,5<(#f1.d2.#f2)[M],a1[M]>,5<b1[M],a1[M]>,5<(a1.d2.a2)[M],a1[M]>,5<b1[M],a1[M]>,5<(#f1.d2.#f2)[M],a1[M]>,5<b1[M],a1[M]>,5<(a1.d2.a2)[M],a1[M]>,5<b1[M],a1[M]>,5<b1[M],a1[M]>,5<b1[M],a1[M]>,5<(a1.d2.a2)[M],a1[M]>,5<b1[M],a1[M]>,5<b1[M],a1[M]>,5<b1[M],a1[M]>;(e2.e3)[J],(d2.d3)[J],(#f2.#f3)[I];(d2.#f2)[J],T,(e2.g2)[K],(b1.#f2.a2)[I];5<g1[M],a1[M]>,5<b1[M],a1[M]>,g1[L],5<g1[M],a1[M]>,5<b1[M],a1[M]>,g1[L],5<g1[M],a1[M]>,5<g1[M],a1[M]>,5<g1[M],a1[M]>,5<b1[M],a1[M]>,g1[L],5<g1[M],a1[M]>,5<b1[M],a1[M]>,g1[L],5<g1[M],a1[M]>,5<g1[M],a1[M]>;5<g1[M],a1[M]>,5<b1[M],a1[M]>,g1[L],5<g1[M],a1[M]>,5<b1[M],a1[M]>,g1[L],5<g1[M],a1[M]>,5<g1[M],a1[M]>,5<g1[M],a1[M]>,5<b1[M],a1[M]>,g1[L],5<g1[M],a1[M]>,5<b1[M],a1[M]>,g1[L],5<g1[M],a1[M]>,5<g1[M],a1[M]>;5<a1[M],b1[M]>,5<#c2[M],b1[M]>,a1[L],5<a1[M],b1[M]>,5<#c2[M],b1[M]>,a1[L],5<a1[M],b1[M]>,5<a1[M],b1[M]>,5<a1[M],b1[M]>,5<#c2[M],b1[M]>,a1[L],5<a1[M],b1[M]>,5<#c2[M],b1[M]>,a1[L],5<a1[M],b1[M]>,5<a1[M],b1[M]>;5<a1[M],b1[M]>,5<#c2[M],b1[M]>,a1[L],5<a1[M],b1[M]>,5<#c2[M],b1[M]>,a1[L],5<a1[M],b1[M]>,5<a1[M],b1[M]>,5<a1[M],b1[M]>,5<#c2[M],b1[M]>,a1[L],5<a1[M],b1[M]>,5<#c2[M],b1[M]>,a1[L],5<a1[M],b1[M]>,5<a1[M],b1[M]>;5<d1[M],e1[M]>,5<#f1[M],e1[M]>,d1[L],5<d1[M],e1[M]>,5<#f1[M],e1[M]>,d1[L],5<d1[M],e1[M]>,5<d1[M],e1[M]>,5<d1[M],e1[M]>,5<#f1[M],e1[M]>,d1[L],5<d1[M],e1[M]>,5<#f1[M],e1[M]>,d1[L],5<d1[M],e1[M]>,5<d1[M],e1[M]>;5<d1[M],e1[M]>,5<#f1[M],e1[M]>,d1[L],5<d1[M],e1[M]>,5<#f1[M],e1[M]>,d1[L],5<d1[M],e1[M]>,5<d1[M],e1[M]>,5<d1[M],e1[M]>,5<#f1[M],e1[M]>,d1[L],5<d1[M],e1[M]>,5<#f1[M],e1[M]>,d1[L],5<d1[M],e1[M]>,5<d1[M],e1[M]>;5<d1[M],e1[M]>,5<#f1[M],e1[M]>,d1[L],5<d1[M],e1[M]>,5<#f1[M],e1[M]>,d1[L],5<d1[M],e1[M]>,5<d1[M],e1[M]>,5<d1[M],e1[M]>,5<#f1[M],e1[M]>,d1[L],5<d1[M],e1[M]>,5<#f1[M],e1[M]>,d1[L],5<d1[M],e1[M]>,5<d1[M],e1[M]>;5<d1[M],e1[M]>,5<#f1[M],e1[M]>,d1[L],5<d1[M],e1[M]>,5<#f1[M],e1[M]>,d1[L],5<d1[M],e1[M]>,5<d1[M],e1[M]>,(#f1.b1.#f2)[K],b1[K],b1[J];5<g1[M],a1[M]>,5<b1[M],a1[M]>,g1[L],5<g1[M],a1[M]>,5<b1[M],a1[M]>,g1[L],5<g1[M],a1[M]>,5<g1[M],a1[M]>,5<g1[M],a1[M]>,5<b1[M],a1[M]>,g1[L],5<g1[M],a1[M]>,5<b1[M],a1[M]>,g1[L],5<g1[M],a1[M]>,5<g1[M],a1[M]>;5<g1[M],a1[M]>,5<b1[M],a1[M]>,g1[L],5<g1[M],a1[M]>,5<b1[M],a1[M]>,g1[L],5<g1[M],a1[M]>,5<g1[M],a1[M]>,5<g1[M],a1[M]>,5<b1[M],a1[M]>,g1[L],5<g1[M],a1[M]>,5<b1[M],a1[M]>,g1[L],5<g1[M],a1[M]>,5<g1[M],a1[M]>;5<a1[M],b1[M]>,5<#c2[M],b1[M]>,a1[L],5<a1[M],b1[M]>,5<#c2[M],b1[M]>,a1[L],5<a1[M],b1[M]>,5<a1[M],b1[M]>,5<a1[M],b1[M]>,5<#c2[M],b1[M]>,a1[L],5<a1[M],b1[M]>,5<#c2[M],b1[M]>,a1[L],5<a1[M],b1[M]>,5<a1[M],b1[M]>;5<a1[M],b1[M]>,5<#c2[M],b1[M]>,a1[L],5<a1[M],b1[M]>,5<#c2[M],b1[M]>,a1[L],5<a1[M],b1[M]>,5<a1[M],b1[M]>,5<a1[M],b1[M]>,5<#c2[M],b1[M]>,a1[L],5<a1[M],b1[M]>,5<#c2[M],b1[M]>,a1[L],5<a1[M],b1[M]>,5<a1[M],b1[M]>;5<d1[M],e1[M]>,5<#f1[M],e1[M]>,d1[L],5<d1[M],e1[M]>,5<#f1[M],e1[M]>,d1[L],5<d1[M],e1[M]>,5<d1[M],e1[M]>,5<d1[M],e1[M]>,5<#f1[M],e1[M]>,d1[L],5<d1[M],e1[M]>,5<#f1[M],e1[M]>,d1[L],5<d1[M],e1[M]>,5<d1[M],e1[M]>;5<d1[M],e1[M]>,5<#f1[M],e1[M]>,d1[L],5<d1[M],e1[M]>,5<#f1[M],e1[M]>,d1[L],5<d1[M],e1[M]>,5<d1[M],e1[M]>,5<d1[M],e1[M]>,5<#f1[M],e1[M]>,d1[L],5<d1[M],e1[M]>,5<#f1[M],e1[M]>,d1[L],5<d1[M],e1[M]>,5<d1[M],e1[M]>;5<d1[M],e1[M]>,5<#f1[M],e1[M]>,d1[L],5<d1[M],e1[M]>,5<#f1[M],e1[M]>,d1[L],5<d1[M],e1[M]>,5<d1[M],e1[M]>,5<d1[M],e1[M]>,5<#f1[M],e1[M]>,d1[L],5<d1[M],e1[M]>,5<#f1[M],e1[M]>,d1[L],5<d1[M],e1[M]>,5<d1[M],e1[M]>;5<d1[M],e1[M]>,5<#f1[M],e1[M]>,d1[L],5<d1[M],e1[M]>,5<#f1[M],e1[M]>,d1[L],5<d1[M],e1[M]>,5<d1[M],e1[M]>,(#f1.b1.#f2)[K],b1[K],b1[J];","(E-1.e)[I],(e.g.d1)[I];(g.d1)[JK],e[K],(g.d1)[I];(A-2.A-1)[I],(e.a.e1)[I];(a.e1)[JK],e[K],(a.e1)[I];(D-1.d)[I],(d.#f.d1)[I];(#f.d1)[JK],d[K],(#f.d1)[I];(D-1.d)[I],(d.#f.d1)[I];(#f.d1)[JK],d[K],(#f.#d1)[I];(G-2.D-1.B-1.a)[K],a[K],a[K],a[K],(G-2.D-1.B-1.a)[K],a[K],a[K],a[K];a[K],a[K],a[K],a[K],(G-2.D-1.B-1.a)[K],#f[K],#f[J];(A-2.E-1.#c.a)[K],a[K],a[K],a[K],(A-2.E-1.#c.a)[J],a[K],a[K];a[K],a[K],a[K],a[K],(A-2.E-1.#c.a)[K],#f[K],#f[J];(D-1.d)[J],a[J],(#f.d1)[J],a[J];(#f.d1)[J],a[J],(#f.d1)[J],a[J];(D-1.d)[J],a[J],(#f.d1)[J],a[J];(#f.d1)[J],a[J],(#c.a)[I];(E-1.e)[I],(e.g.d1)[I];(g.d1)[JK],e[K],(g.d1)[I];(A-2.A-1)[I],(e.a.e1)[I];(a.e1)[JK],e[K],(a.e1)[I];(D-1.d)[I],(d.#f.d1)[I];(#f.d1)[JK],d[K],(#f.d1)[I];(D-1.d)[I],(d.#f.d1)[I];(d.#f.d1)[I],(d.#f.d1)[J],(#d.#f.#d1)[J];(E-1.e)[I],(g.d1)[I];(g.d1)[JK],e[K],(g.d1)[I];(A-2.A-1)[I],(e.g.d1)[I];(g.d1)[JK],e[K],(g.d1)[I];(D-1.d)[I],(d.#f.d1)[I];(#f.d1)[JK],d[K],(#f.d1)[I];(D-1.d)[I],(d.#f.d1)[I];(#f.d1)[J],d[J],(#f.#d1)[I];(E-1.e.d2.#f2)[J],(d2.a2)[J],(e.g.d1.d2.b2)[J],(d2.a2)[K],#f2[K];(g.d1.d2.#f2)[J],(d2.a2)[K],e[K],(g.d1.e2.b2)[I];(A-2.A-1.d2.#f2)[J],a2[J],(e.a.e1.d2.b2)[J],#f2[K],e2[K];(a.e1.#c2.e2)[JK],e[K],(a.e1.d2)[K],d2[K],d2[J];(D-1.d.d2.#f2.d3)[J],(d2.#f2.d3)[J],(d.#f.d1)[K],d2[K],(d2.#f2)[K],e2[K];(#f.d1.d2.#f2)[K],e2[K],T,d[K],(#f.d1.a1.d2)[K],d2[K],d2[J];(D-1.d.d2.#f2.d3)[J],(d2.#f2.d3)[J],(d.#f.d1)[K],d2[K],(b1.d2)[K],d2[K];(#f.d1.d2)[K],d2[K],d2[K],(d.e2)[K],(#f.#d1.#f1.b1.#f2)[I];(E-1.e.d2.#f2)[J],(d2.a2)[J],(e.g.d1.d2.b2)[J],(d2.a2)[K],#f2[K];(g.d1.d2.#f2)[J],(d2.a2)[K],e[K],(g.d1.d2.b2)[I];(A-2.A-1.d2.#f2)[J],a2[J],(e.a.e1.#f2.d3)[J],(#f2.#c3)[J];(a.e1.#f2.b2)[K],a2[JK],(a.e1.d2)[K],d2[K],d2[J];(D-1.d.d2.#f2.d3)[J],(d2.#f2.d3)[J],(d.#f.d1)[K],d2[K],(d2.#f2)[K],e2[K];(#f.d1.d2.#f2)[K],e2[K],T,d[K],(#f.d1.a1.d2)[K],d2[K],d2[J];(D-1.d.d2.#f2.d3)[J],(d2.#f2.d3)[J],(d.#f.d1)[K],d2[K],(b1.d2)[K],d2[K];(#f.d1.d2)[K],d2[K],d2[K],(d.e2)[K],(#f.#d1.#f1.b1.#f2)[I];"]},{"id":3,"baseBeats":0.5,"scores":["(d1.#f1.g1.b1.d2)[I],R;(g1.b1.#f2)[KMO],(b1.d2.#f2)[KMN],(b1.d2.#f2)[KMO],(b1.d2.#f2)[KMO],e2[KMN],d2[KMO];(g1.b1.d2)[JK],b1[K],ST,a1[K];(a1.d2.#f2)[KMO],(a1.d2.#f2)[KMN],(a1.d2.#f2)[KMO],(#f1.d2.a2)[KMO],(#f1.d2)[KMN],(#f1.d2)[KMO];(d1.a1.e2)[I],R;(d1.a1.d2.#f2)[KMO],(d1.a1.d2.#f2)[KMN],(d1.a1.d2.#f2)[KMO],(d1.a1.d2.#f2)[J],S;(#c1.a1.e2.#f2)[KMO],(#c1.a1.e2.#f2)[KMN],(#c1.a1.e2.#f2)[KMO],(#c1.a1.e2.#f2)[JK],(d1.d2)[K];(d2.#f2)[KMO],g2[KMN],#f2[KMO],#f2[KMO],e2[KMN],d2[KMO];(d1.#f1.b1)[JK],a1[K],ST,(d1.#f1.d2)[K];(#f1.b1.#f2)[KMO],(#f1.b1.#f2)[KMN],(#f1.b1.#f2)[KMO],(a1.b1.a2)[KMO],(a1.b1.a2)[KMN],(b1.b2)[KMO];(a1.d2.a2)[K],(#f1.#f2)[K],S,S,T,(#f1.d2.#f2)[K];(d2.#f2.d3)[J],(#c2.#c3)[K],(b1.b2)[J],(a1.a2)[J],(#f1.#f2)[K];(d2.#f2.#c3)[KL],b2[L],(#f1.d2.a2)[J],S,(d1.a1.#f2)[J];S,(d1.a1.e2)[J],S,T,(#f1.a2)[K];(d1.a1.e2)[KMO],(d1.a1.e2)[KMN],(d1.a1.d2)[KMO],(a.d1.a1)[JK],(#f1.d2.a2)[K];(d1.a1.#f2)[KMO],(d1.a1.e2)[KMN],(d1.a1.e2)[KMO],(d1.a1.d2)[KMO],(d1.a1.d2)[KMN],a1[KMO];5<g1[M],a1[M]>,5<b1[M],a1[M]>,g1[L],5<g1[M],a1[M]>,5<b1[M],a1[M]>,g1[L],5<g1[M],a1[M]>,5<g1[M],a1[M]>,5<g1[M],a1[M]>,5<b1[M],a1[M]>,g1[L],5<g1[M],a1[M]>,5<b1[M],a1[M]>,g1[L],5<g1[M],a1[M]>,5<g1[M],a1[M]>;5<g1[M],a1[M]>,5<b1[M],a1[M]>,g1[L],5<g1[M],a1[M]>,5<b1[M],a1[M]>,g1[L],5<g1[M],a1[M]>,5<g1[M],a1[M]>,5<g1[M],a1[M]>,5<b1[M],a1[M]>,g1[L],5<g1[M],a1[M]>,5<b1[M],a1[M]>,g1[L],5<g1[M],a1[M]>,5<g1[M],a1[M]>;5<a1[M],b1[M]>,5<#c2[M],b1[M]>,a1[L],5<a1[M],b1[M]>,5<#c2[M],b1[M]>,a1[L],5<a1[M],b1[M]>,5<a1[M],b1[M]>,5<a1[M],b1[M]>,5<#c2[M],b1[M]>,a1[L],5<a1[M],b1[M]>,5<#c2[M],b1[M]>,a1[L],5<a1[M],b1[M]>,5<a1[M],b1[M]>;5<a1[M],b1[M]>,5<#c2[M],b1[M]>,a1[L],5<a1[M],b1[M]>,5<#c2[M],b1[M]>,a1[L],5<a1[M],b1[M]>,5<a1[M],b1[M]>,5<a1[M],b1[M]>,5<#c2[M],b1[M]>,a1[L],5<a1[M],b1[M]>,5<#c2[M],b1[M]>,a1[L],5<a1[M],b1[M]>,5<a1[M],b1[M]>;5<d1[M],e1[M]>,5<#f1[M],e1[M]>,d1[L],5<d1[M],e1[M]>,5<#f1[M],e1[M]>,d1[L],5<d1[M],e1[M]>,5<d1[M],e1[M]>,5<d1[M],e1[M]>,5<#f1[M],e1[M]>,d1[L],5<d1[M],e1[M]>,5<#f1[M],e1[M]>,d1[L],5<d1[M],e1[M]>,5<d1[M],e1[M]>;5<d1[M],e1[M]>,5<#f1[M],e1[M]>,d1[L],5<d1[M],e1[M]>,5<#f1[M],e1[M]>,d1[L],5<d1[M],e1[M]>,5<d1[M],e1[M]>,5<d1[M],e1[M]>,5<#f1[M],e1[M]>,d1[L],5<d1[M],e1[M]>,5<#f1[M],e1[M]>,d1[L],5<d1[M],e1[M]>,5<d1[M],e1[M]>;5<d1[M],e1[M]>,5<#f1[M],e1[M]>,d1[L],5<d1[M],e1[M]>,5<#f1[M],e1[M]>,d1[L],5<d1[M],e1[M]>,5<d1[M],e1[M]>,5<d1[M],e1[M]>,5<#f1[M],e1[M]>,d1[L],5<d1[M],e1[M]>,5<#f1[M],e1[M]>,d1[L],5<d1[M],e1[M]>,5<d1[M],e1[M]>;5<d1[M],e1[M]>,5<#f1[M],e1[M]>,d1[L],5<d1[M],e1[M]>,5<#f1[M],e1[M]>,d1[L],5<d1[M],e1[M]>,5<d1[M],e1[M]>,(#f1.b1.#f2)[K],b1[K],b1[J];5<g1[M],a1[M]>,5<b1[M],a1[M]>,g1[L],5<g1[M],a1[M]>,5<b1[M],a1[M]>,g1[L],5<g1[M],a1[M]>,5<g1[M],a1[M]>,5<g1[M],a1[M]>,5<b1[M],a1[M]>,g1[L],5<g1[M],a1[M]>,5<b1[M],a1[M]>,g1[L],5<g1[M],a1[M]>,5<g1[M],a1[M]>;5<g1[M],a1[M]>,5<b1[M],a1[M]>,g1[L],5<g1[M],a1[M]>,5<b1[M],a1[M]>,g1[L],5<g1[M],a1[M]>,5<g1[M],a1[M]>,5<g1[M],a1[M]>,5<b1[M],a1[M]>,g1[L],5<g1[M],a1[M]>,5<b1[M],a1[M]>,g1[L],5<g1[M],a1[M]>,5<g1[M],a1[M]>;5<a1[M],b1[M]>,5<#c2[M],b1[M]>,a1[L],5<a1[M],b1[M]>,5<#c2[M],b1[M]>,a1[L],5<a1[M],b1[M]>,5<a1[M],b1[M]>,5<a1[M],b1[M]>,5<#c2[M],b1[M]>,a1[L],5<a1[M],b1[M]>,5<#c2[M],b1[M]>,a1[L],5<a1[M],b1[M]>,5<a1[M],b1[M]>;5<a1[M],b1[M]>,5<#c2[M],b1[M]>,a1[L],5<a1[M],b1[M]>,5<#c2[M],b1[M]>,a1[L],5<a1[M],b1[M]>,5<a1[M],b1[M]>,5<a1[M],b1[M]>,5<#c2[M],b1[M]>,a1[L],5<a1[M],b1[M]>,5<#c2[M],b1[M]>,a1[L],5<a1[M],b1[M]>,5<a1[M],b1[M]>;5<d1[M],e1[M]>,5<#f1[M],e1[M]>,d1[L],5<d1[M],e1[M]>,5<#f1[M],e1[M]>,d1[L],5<d1[M],e1[M]>,5<d1[M],e1[M]>,5<d1[M],e1[M]>,5<#f1[M],e1[M]>,d1[L],5<d1[M],e1[M]>,5<#f1[M],e1[M]>,d1[L],5<d1[M],e1[M]>,5<d1[M],e1[M]>;5<d1[M],e1[M]>,5<#f1[M],e1[M]>,d1[L],5<d1[M],e1[M]>,5<#f1[M],e1[M]>,d1[L],5<d1[M],e1[M]>,5<d1[M],e1[M]>,5<d1[M],e1[M]>,5<#f1[M],e1[M]>,d1[L],5<d1[M],e1[M]>,5<#f1[M],e1[M]>,d1[L],5<d1[M],e1[M]>,5<d1[M],e1[M]>;5<d1[M],e1[M]>,5<#f1[M],e1[M]>,d1[L],5<d1[M],e1[M]>,5<#f1[M],e1[M]>,d1[L],5<d1[M],e1[M]>,5<d1[M],e1[M]>,5<d1[M],e1[M]>,5<#f1[M],e1[M]>,d1[L],5<d1[M],e1[M]>,5<#f1[M],e1[M]>,d1[L],5<d1[M],e1[M]>,5<d1[M],e1[M]>;5<d1[M],e1[M]>,5<#f1[M],e1[M]>,d1[L],5<d1[M],e1[M]>,5<#f1[M],e1[M]>,d1[L],5<d1[M],e1[M]>,5<d1[M],e1[M]>,(#f1.b1.#f2)[K],b1[K],b1[J],(b.#f1.d2)[K],(b.b1)[III];","(G-2.G-1)[I],(B-1.d.g)[I];(B-1.d.g)[J],G-1[J],(B-1.d.g)[J],G-1[J];(A-2.A-1)[I],(#c.e.a)[I];(#c.e.a)[J],A-1[J],(#c.e.a)[J],A-1[J];(D-2.D-1)[I],(#F-1.A-1.d)[I];(#F-1.A-1.d)[J],D-1[J],(#F-1.A-1.d)[J],D-1[J];(A-2.A-1)[I],(#c.e.a)[I];(#c.e.a)[J],A-1[J],(#c.e.a)[J],A-1[J];(G-2.G-1)[I],(B-1.d.g)[I];(B-1.d.g)[J],G-1[J],(B-1.d.g)[J],G-1[J];(A-2.A-1)[J],A-1[J],(#c.e.a)[J],A-1[J];(#c.e.a)[J],A-1[J],(#c.e.a)[J],A-1[J];(D-1.d)[J],d[J],(#f.a.d1)[J],d[J];(#f.a.d1)[J],d[J],(#f.a.d1)[J],d[J];(D-1.d)[J],(D-1.d)[J],(D-1.d)[J],(D-1.d)[J];(D-1.d)[KLN],(D-1.d)[KLO],(D-1.d)[KLN],(D-1.d)[KLO],(D-1.d)[KLN];(E-2.E-1.d2.#f2.g2.b2.d3.d4)[J],(d2.a2)[J],(e.g.d1.d2.b2)[J],(d2.a2)[K],#f2[K];(g.d1.d2.#f2)[J],a2[K],e[K],(g.d1.d2.b2)[K],(b2.d3.d4)[K],(a2.#c3.#c4)[K],(b2.d3.d4)[K];(A-2.A-1.d2.#f2.a2.#c3.#c4)[KL],(b2.b3)[L],(#c2.e2.a2.a3)[J],(e.a.e1.d2.b2)[J],#f2[K],e2[K];(a.e1.#c2.e2)[JK],e[K],(a.e1.d2)[K],d2[K],d2[J];(D-2.D-1.d2.#f2.d3.#f3.#f4)[J],(d2.#f2.d3.#f3.#f4)[J],(d.#f.d1)[K],d2[K],(d2.#f2)[K],e2[K];(#f.d1.d2.#f2)[K],e2[K],T,d[K],(#f.d1.a1.d2)[K],d2[K],d2[J];(D-1.d.d2.#f2.d3)[J],(d2.#f2.d3)[J],(d.#f.d1)[K],d2[K],(b1.d2)[K],d2[K];(#f.d1.d2)[K],d2[K],d2[K],(d.e2.g3.g4)[L],(#f3.#f4)[L],(#f.#d1.#f1.b1.#f2.e3.e4)[J],(d3.d4)[J];(E-1.e.d2.#f2.b2.d3.d4)[J],(d2.a2)[J],(e.g.d1.d2.b2)[J],(d2.a2)[K],#f2[K];(g.d1.d2.#f2.b2.d3.d4)[J],(d2.a2.#c3.a3)[K],e[K],(g.d1.d2.b2.b3)[J],(b2.b3)[J];(A-2.A-1.d2.#f2.a2.#c3.#c4)[KL],(b2.b3)[L],(a2.a3)[J],(e.a.e1.#f2.d3)[J],(#f2.#c3)[J];(a.e1.#f2.b2)[K],a2[J],e[K],(a.e1.d2)[K],d2[K],d2[J];(D-1.d.d2.#f2.d3)[J],(d2.#f2.d3)[J],(d.#f.d1)[K],d2[K],(d2.#f2)[K],e2[K];(#f.d1.d2.#f2)[K],e2[K],T,d[K],(#f.d1.a1.d2)[K],d2[K],d2[J];(D-1.d.d2.#f2.d3)[J],(d2.#f2.d3)[J],(d.#f.d1)[K],d2[K],(b1.d2)[K],d2[K];(#f.d1.d2)[K],d2[K],d2[K],(d.e2)[K],(#f.#d1.#f1.b1.#f2)[I],(B-3.B-2)[IIIK];"]}]}