{"baseBpm":150,"musics":[{"bpm":150,"baseBeats":0.5,"scores":["mute[L],mute[K],mute[L],mute[K],mute[KL],mute[KL],mute[K],mute[L],mute[KL],mute[KL],mute[KL],mute[L],mute[L],mute[L],mute[L],mute[K],mute[L],mute[KL],mute[K],mute[L],mute[K],mute[L],mute[JK],mute[KL],mute[KMN],mute[KN],mute[L],mute[K],mute[L],mute[J],mute[L],mute[L],mute[K],mute[L],mute[K],mute[L],mute[JLMN],mute[KN],mute[L],mute[K],mute[L],mute[K],mute[L],mute[K],mute[L],mute[K],mute[L],mute[KL],mute[K],mute[L],mute[K],mute[L],mute[K],mute[L],mute[K],mute[KL],mute[K],mute[L],mute[L],mute[K],mute[L],mute[K],mute[KL],mute[L],mute[L],mute[L],mute[L],mute[KL],mute[K],mute[L],mute[K],mute[L],mute[K],mute[L],mute[JK];","b1[L],c2[K],#d2[L],(#d.f2.c2)[K],g2[KL],#d2[KL],b1[K],c2[L],#d2[MN],e2[N],(#G-1.f2.c2)[K],g2[KL],#d2[KL],#d2[L],#d3[L],d3[L],#d3[L],(#c3.B-1)[K],c3[L],#a2[KL],#c[K],#g2[L],#f2[K],f2[L],(#f.#f2)[JK],f[KL],g[KMN],g3[N],(#d1.c1.#g.#g3)[K],#f3[L],f3[K],#d3[L],(#d1.#a.#f.#f3)[J],f2[L],#f2[L],(#d1.c1.#g.#g2)[K],#f2[L],f2[K],#d2[L],(#d1.#a.#f.#f2)[JLMN],g3[N],(#d1.c1.#g.#g3)[K],#f3[L],f3[K],#d3[L],(#d1.#a.#f.#f3.#f2)[K],f2[L],#d2[K],#c2[L],(#c1.#a.f)[K],d2[L],#d2[KL],(c1.#d)[K],b[L],c1[K],#d1[L],(#D-1.f1.c1)[K],(#A-1.g1)[L],#d[K],#d1[KL],b[K],c1[L],#d1[L],(#d1.#G-1.f1.c1)[K],(#d.g1)[L],#g[K],#d1[KL],#d1[L],#d2[L],d2[L],#d2[L],(B-1.#c2)[KL],c2[K],#a1[L],#c[K],#g1[L],#f1[K],f1[L],(#d.g1)[JK];"],"id":1,"instruments":["piano","piano"],"alternatives":["",""]},{"bpm":150,"baseBeats":0.5,"scores":["mute[KL],mute[KL],mute[JK],mute[J],mute[L],mute[L],mute[K],mute[K],mute[L],mute[J],mute[KL],mute[K],mute[L],mute[K],mute[L],mute[KMN],mute[KL],mute[KL],mute[IL],mute[IJKN],mute[L],mute[K],mute[L],mute[K],mute[L],mute[K],mute[KL],mute[K],mute[L],mute[KL],mute[L],mute[K],mute[L],mute[K],mute[L],mute[L],mute[L],mute[L],mute[KL],mute[K],mute[L],mute[K],mute[L],mute[K],mute[L],mute[JK],mute[K],mute[L],mute[K],mute[KL],mute[L],mute[K],mute[L],mute[K],mute[L],mute[L],mute[L],mute[L],mute[K],mute[L],mute[K],mute[L],mute[K],mute[L],mute[K],mute[KL],mute[L];","#c[KL],g[KL],(#g.c3)[JK],(#f.#a2)[J],#g2[L],#a2[L],(#g.f.c3)[K],c3[K],#a2[L],c3[MN],d3[N],(#f.#d.#d3)[KL],#a2[KL],(#g.f.#c.#c3)[K],c3[L],#a2[K],#g2[L],(b.#g.e.#a2)[KMN],f2[N],#f2[KMN],e2[N],f2[KMN],#d2[N],e2[IMN],g1[N],#g1[IJK],b1[L],c2[K],#d2[L],(#G-1.f2.c2)[K],(#d.g2)[L],c1[K],#d2[KL],b1[K],c2[L],#d2[MN],e2[N],(G-1.f2.c2)[K],(d.g2)[L],b[K],#d2[L],c[K],(g.#d2)[L],(#d1.#d3)[L],d3[L],#d3[L],(#f.B-1.#c3)[KL],c3[K],#a2[L],(#g.#c)[K],#g2[L],#f2[K],f2[L],(#c1.#f.#f2)[JK],f3[K],#c[L],(c.#f3)[K],#A-1[MN],g3[N],(#G-1.c3.#g3)[K],(#d.#f3)[L],(c.f3)[K],(#G-1.#d3)[L],(#F-1.#a2.#f3)[K],#c[L],#A-1[L],(#G-1.f2)[L],(#F-1.#f2)[L],(#G-1.c2.#g2)[K],(#d.#f2)[L],(c.f2)[K],(#G-1.#d2)[L],(#F-1.#a1.#f2)[K],#c[L],#A-1[K],#F-1[MN],g3[N],(#G-1.c3.#g3)[K],(#d.#f3)[L];"],"id":2,"instruments":["piano","piano"],"alternatives":["",""]},{"bpm":150,"baseBeats":0.5,"scores":["mute[K],mute[L],mute[K],mute[L],mute[K],mute[L],mute[K],mute[L],mute[KL],mute[K],mute[L],mute[K],mute[L],mute[K],mute[L],mute[K],mute[L],mute[L],mute[L],mute[L],mute[L],mute[L],mute[KL],mute[L],mute[K],mute[L],mute[L],mute[L],mute[L],mute[L],mute[L],mute[L],mute[KL],mute[K],mute[L],mute[K],mute[L],mute[K],mute[L],mute[JK],mute[KL],mute[KL],5<mute[M],mute[M]>,mute[L],mute[L],mute[L],mute[L],mute[L],mute[L],mute[L],mute[L],mute[L],mute[L],mute[L],mute[L],mute[L],mute[L],mute[L],mute[L],mute[L],mute[L],mute[L],mute[L],mute[L],mute[L],mute[L],mute[K],mute[L],mute[K],mute[L],mute[KMN],mute[KL],mute[KL],mute[KL],mute[KL],mute[KL],mute[KL],mute[IKLN];","(c.f3)[K],(#G-1.#d3)[L],(#F-1.#f3.#f2)[K],(#c.f2)[L],(#f.#d2)[K],(#g.#c2)[L],(#c1.#a.f)[K],d2[L],#d2[KL],(c1.#d)[K],b[L],c1[K],#d1[L],(#D-1.f1.c1)[K],(#A-1.g1)[L],#d[K],#d1[L],g[L],f[L],(b.#d)[L],d[L],(c.c1)[L],(#A-1.#d1)[MN],e1[N],(#G-1.f1.c1)[K],(#d.g1)[L],#g[K],#d1[L],#g[L],g[L],(#d1.f)[L],(#d.#d2)[L],(d.d2)[L],(c.#d2)[L],(B-1.#c2)[KL],c2[K],#a1[L],#c[K],#g1[L],#f1[K],f1[L],(#d.g1)[JK],#c[KL],G-1[KL],(c2.#G-1~#d2~#g2~c3~mute~mute~mute~mute)[L],#d[L],#g[L],c1[L],#g[L],#d[L],(#F-1.#a2.#f2.#c2.#a1)[L],#c[L],#f[L],(#a.#a2.#a1)[L],(#f.#g2.#g1)[L],(#c.#a2.#a1)[L],(F-1.c3.f2.c2)[L],c[L],(c3.c2.f)[L],#g[L],(f.#a2.#a1)[L],(c.c3.c2)[L],(#D-1.#d3.g2.#d2)[L],#A-1[L],#d[L],(#f.#a2.#d2.#a1)[L],f[L],#d[L],(#g.f.#c.#c3.f2.#c2)[K],(c3.c2)[L],(#a2.#a1)[K],(#g2.#g1)[L],(b.#g.e.#a2.e2.#a1)[KMN],f2[N],#f2[KMN],e2[N],f2[KMN],#d2[N],e2[KMN],d2[N],#d2[KMN],#c2[N],d2[KMN],c2[N],#c2[KMN],b1[N],c2[IKL];"],"id":3,"instruments":["piano","piano"],"alternatives":["",""]}]}