{"baseBpm":600,"musics":[{"bpm":600,"baseBeats":1.5,"scores":["#a2[JK],(g.#d.#a.#d1.#d3)[JK],#d3[JK],#a2[KL],g2[KL],(#d1.#d2)[JK],(#d1.#d2)[JK],(#a.#a1)[KL],(g.g1)[KL],(#d.#d1)[KL],d1[KL],(#d.#d1)[KL],f1[KL],(#d.g1)[KL],f1[KL],(#c.#d.#d1)[KL],d1[KL],(#c.#d.#d1)[KL],f1[KL],(#c.#d.g1)[KL],#d1[KL],(c.#d.#g1)[KL],g1[KL],(c.#d.#g1)[KL],#a1[KL],(c.#d.c2)[KL],#a1[KL],(#G-1.#d.#g1)[KL],g1[KL],(#G-1.#d.#g1)[KL],#a1[KL],(#G-1.#d.c2)[KL],d2[KL],(G-1.#d.#d2)[KL],f2[KL],(#D-1.#d.g2)[KL],#g2[KLN],(G-1.g.#a2)[KLN],g2[KLM],(#A-1.#a.d2.f2)[IJLN],#a2[JK],(g.#d.#a.#d1.#d3)[JK],#d3[JK],#a2[KL],g2[KL],(#d1.#d2)[JK],(#d1.#d2)[JK],(#a.#a1)[KL],(g.g1)[KL],(#d.#d1)[KL],d1[KL],(#d.#d1)[KL],f1[KL],(#d.g1)[KL],f1[KL],(#c.#d.#d1)[KL],d1[KL],(#c.#d.#d1)[KL],f1[KL],(#c.#d.g1)[KL],#d1[KL],(c.#d.#g1)[KL],g1[KL],(c.#d.#g1)[KL],#a1[KL],(c.#d.c2)[KL],#a1[KL],(#G-1.#d.#g1)[KL],g1[KL],(#G-1.#d.#g1)[KL],#a1[KL],(#G-1.#d.c2)[KL],d2[KL],(G-1.#d.#d2)[KL],f2[KL],(#D-1.#d.g2)[KLN],#g2[KL],(G-1.g.#a2)[KLM],g2[KLN],(#A-1.#a.d2.f2)[IJLN],#a1[JK],a1[KL],#a1[KL],c2[KL],#a1[KL],a1[KL],#a1[KL],(f1.d1.#a1.#g2)[IJ],(g1.#d1.#a1.g2)[JK],a1[KL],#a1[KL],c2[KL],#a1[KL],a1[KL],#a1[KL],(#g.#a.f2.d3)[IJ],(#a.g.#d3.g2)[JK],b2[KL],c3[KL],g2[KL],#g2[KL],e2[KL],f2[KL],(#G-1.c.f.b1)[KL],c2[KL],(#G-1.c.f.g1)[KL],#g1[KL],(#G-1.c.f.e1)[KL],f1[KL],(#A-1.f.#g.#a)[KL],d1[KL],(#A-1.f.#g.f1)[KLN],#g1[KLN],(#A-1.f.#g.f1)[KLN],d1[KLN],(#d.g.#d1)[IJLM],#a1[JK],a1[KL],#a1[KL],c2[KL],#a1[KL],a1[KL],#a1[KL],(f1.d1.#a1.#g2)[IJ],"],"id":1},{"bpm":600,"baseBeats":1.5,"scores":["(g1.#d1.#a1.g2)[JK],a1[KL],#a1[KL],c2[KL],#a1[KL],a1[KL],#a1[KL],(#g.#a.f2.d3)[IJM],(#a.g.#d3.g2)[JKM],b2[KL],c3[KL],g2[KL],#g2[KL],e2[KL],f2[KL],(#G-1.c.f.b1)[KL],c2[KL],(#G-1.c.f.g1)[KL],#g1[KL],(#G-1.c.f.e1)[KL],f1[KL],(#A-1.f.#g.#a)[KL],d1[KL],(#A-1.f.#g.f1)[KLN],#g1[KLN],(#A-1.f.#g.f1)[KLM],d1[KLM],(#d.g.#d1)[IJLM],(#a.#a1)[JK],(g.#d1.g1.#d2)[IJ],(#a.f1.#a1.f2)[JK],(g1.#d1.g2.#d2)[IL],(#g1.f1.#g2.f2)[KL],(#a1.g1.#a2.g2)[JK],(c2.#g1.c3.#g2)[JK],(f1.#g1.f2.#g2)[JK],(#d1.g1.#d2.g2)[JK],(#a.f1.d2.f2)[IJ],(d.#a.f1)[JK],(#a.#d.g1)[KL],#a1[KL],g1[KL],#a1[KL],(d.#a.f1)[JK],(#a.#d.g1)[KL],#a1[KL],g1[KL],#a1[KL],(d.#a.f1)[JK],(#d.g1)[JK],(c.c2.#d1)[JKN],(f.#d1.a1)[JKMN],(#A-1.d1.#a1)[IJLN],(#a.#a1)[JK],(g.#d1.g1.#d2)[IJ],(#a.f1.#a1.f2)[JK],(g1.#d1.g2.#d2)[IL],(#g1.f1.#g2.f2)[KL],(#a1.g1.#a2.g2)[JK],(c2.#g1.c3.#g2)[JK],(f1.#g1.f2.#g2)[JKN],(#d1.g1.#d2.g2)[JKM],(#a.f1.d2.f2)[IJL],(d.#a.f1)[JK],(#a.#d.g1)[KL],#a1[KL],g1[KL],#a1[KL],(d.#a.f1)[JK],(#a.#d.g1)[KL],#a1[KL],g1[KL],#a1[KL],(d.#a.f1)[JK],(#d.g1)[JK],(c.c2.#d1)[JKN],(f.#d1.a1)[JKMN],(#A-1.d1.#a1)[IJLN],(#a.#a1)[JK],(f1.#g1.f2.#g2)[IL],(#d1.g1.#d2.g2)[KL],(d1.f1.d2.f2)[JK],(d1.f1.d2.f2)[IJ],(#a.#a1)[JK],(#a1.g1.#a2.g2)[ILN],(f1.#g1.f2.#g2)[KL],(#d1.g1.#d2.g2)[JKM],(#d1.g1.#d2.g2)[IJLN],(#d1.g.b1)[JK],(#d1.#g.c2)[KL],#d2[KL],c2[KL],#d2[KL],(#d1.g.b1)[JK],(#d1.#g.c2)[KL],#d2[KL],c2[KL],#d2[KL],(#d1.g.b1)[JK],(#g.c2)[JK],(f.#g1.f2)[JKN],(#a.#g1.d2)[JKMN],(#d.g1.#d2)[IJLN],(#a.#a1)[JK],(f1.#g1.f2.#g2)[IL],"],"id":2},{"bpm":600,"baseBeats":1.5,"scores":["(#d1.g1.#d2.g2)[KL],(d1.f1.d2.f2)[JK],(d1.f1.d2.f2)[IJ],(#a.#a1)[JK],(#a1.g1.#a2.g2)[ILN],(f1.#g1.f2.#g2)[KL],(#d1.g1.#d2.g2)[JKN],(#d1.g1.#d2.g2)[IJL],(#d1.g.b1)[JK],(#d1.#g.c2)[KL],#d2[KL],c2[KL],#d2[KL],(#d1.g.b1)[JK],(#d1.#g.c2)[KL],#d2[KL],c2[KL],#d2[KL],(#d1.g.b1)[JK],(#g.c2)[JKN],(f.#g1.f2)[JKN],(#a.#g1.d2)[JKMN],(#d.g1.#d2)[IJLN],#a2[JK],(g.#d.#a.#d1.#d3)[JK],#d3[JK],#a2[KL],g2[KL],(#d1.#d2)[JK],(#d1.#d2)[JK],(#a.#a1)[KL],(g.g1)[KL],(#d.#d1)[KL],d1[KL],(#d.#d1)[KL],f1[KL],(#d.g1)[KL],f1[KL],(#c.#d.#d1)[KL],d1[KL],(#c.#d.#d1)[KL],f1[KL],(#c.#d.g1)[KL],#d1[KL],(c.#d.#g1)[KL],g1[KL],(c.#d.#g1)[KL],#a1[KL],(c.#d.c2)[KL],#a1[KL],(#G-1.#d.#g1)[KL],g1[KL],(#G-1.#d.#g1)[KL],#a1[KL],(#G-1.#d.c2)[KL],d2[KL],(G-1.#d.#d2)[KL],f2[KL],(#D-1.#d.g2)[KLN],#g2[KLN],(G-1.g.#a2)[KLN],g2[KLN],(#A-1.#a.d2.f2)[IJLM],#a1[JK],a1[KL],#a1[KL],c2[KL],#a1[KL],a1[KL],#a1[KL],(f1.d1.#a1.#g2)[IJ],(g1.#d1.#a1.g2)[JK],a1[KL],#a1[KL],c2[KL],#a1[KL],a1[KL],#a1[KL],(#g.#a.f2.d3)[IJ],(#a.g.#d3.g2)[JK],b2[KL],c3[KL],g2[KL],#g2[KL],e2[KL],f2[KL],(#G-1.c.f.b1)[KL],c2[KL],(#G-1.c.f.g1)[KL],#g1[KL],(#G-1.c.f.e1)[KL],f1[KL],(#A-1.f.#g.#a)[KL],d1[KL],(#A-1.f.#g.f1)[KL],#g1[KLN],(#A-1.f.#g.f1)[KLN],d1[KLN],(#d.g.#d1)[IJLM],#a1[JK],a1[KL],#a1[KL],c2[KL],#a1[KL],a1[KL],#a1[KL],(f1.d1.#a1.#g2)[IJ],(g1.#d1.#a1.g2)[JK],a1[KL],#a1[KL],c2[KL],#a1[KL],a1[KL],#a1[KL],(#g.#a.f2.d3)[IJM],(#a.g.#d3.g2)[JKN],b2[KL],c3[KL],g2[KL],#g2[KL],e2[KL],f2[KL],(#G-1.c.f.b1)[KL],c2[KL],(#G-1.c.f.g1)[KL],#g1[KL],(#G-1.c.f.e1)[KLN],f1[KLN],(#A-1.f.#g.#a)[KLN],d1[KLN],(#A-1.f.#g.f1)[KLM],#g1[KLM],(#A-1.f.#g.f1)[J],d1[JN],(#d.g.#d1)[HL],"],"id":3}],"audition":{"start":[0,0],"end":[1,0]}}