{"baseBpm":720,"musics":[{"bpm":720,"baseBeats":1.5,"scores":["ST,ST,ST,ST,ST,ST,ST,ST,ST,ST,ST,ST,ST,ST,ST,ST,ST,ST,ST,ST,ST,ST,RS,ST,ST,ST,ST,ST,ST,ST,ST,ST,ST,ST,ST,ST,ST,ST,ST,ST,ST,ST,ST,STW,STV,RSUW,ST,ST,ST,ST,ST,ST,ST,ST,ST,ST,ST,ST,ST,ST,ST,ST,ST,ST,ST,ST,ST,ST,RS,ST,ST,ST,ST,ST,ST,ST,ST,ST,ST,ST,ST,ST,ST,ST,ST,ST,","f1[JK],#a1[JK],f1[JK],(f.f1.#a1.d2)[JK],(#a.f1.#a1.d2)[JK],f[JK],(d1.f1)[JK],(a.c2)[JK],f1[JK],(f.#d2.a1.f1)[JK],(c1.f1.a1.#d2)[JK],f[JK],(#d1.f1)[JK],(#a.d1.d2)[JK],#a1[JM],e2[LM],f2[JK],(#d.g.c1.#d2)[JK],c2[JM],#f2[LM],g2[JK],(f.c1.#d1.a1)[JK],f1[JM],b1[LM],c2[JK],(#A-1.#a.d1.#a1)[IJ],f1[JK],#a1[JK],f1[JK],(f.f1.#a1.d2)[JK],(#a.f1.#a1.d2)[JK],f[JK],(d1.f1)[JK],(a.c2)[JK],f1[JK],(f.#d2.a1.f1)[JK],(c1.f1.a1.#d2)[JK],f[JK],(#d1.f1)[JK],(#a.d1.d2)[JK],#a1[JM],e2[LM],f2[JK],(#d.g.c1.#d2)[JK],c2[JM],#f2[LM],g2[JK],(f.c1.#d1.a1)[JK],f1[JMN],b1[LM],c2[JKM],(#A-1.#a.d1.#a1)[IJLN],f1[JK],#d2[JK],c2[JK],(f.a2.#d2.c2)[JK],(c1.c2.#d2.a2)[JK],f[JK],(#d1.f1)[JK],(d1.f2)[JK],d2[JK],(f.#a2.f2.d2)[JK],(#a.d2.f2.#a2)[JK],f[JK],(d1.f1)[JK],(d.f.#a.f2)[JK],d2[JM],a2[LM],#a2[JK],(#d.g.c1.#d2)[JK],c2[JM],#f2[LM],g2[JK],(f.c1.#d1.a1)[JK],f1[JM],b1[LM],c2[JK],(#A-1.#a.d1.#a1)[IJ],f1[JK],#d2[JK],c2[JK],(f.a2.#d2.c2)[JK],(c1.c2.#d2.a2)[JK],f[JK],(#d1.f1)[JK],(d1.f2)[JK],d2[JK],(f.#a2.f2.d2)[JK],(#a.d2.f2.#a2)[JK],f[JK],(d1.f1)[JK],(d.f.#a.f2)[JK],d2[JM],a2[LM],#a2[JK],(#d.g.c1.#d2)[JK],"],"id":1},{"bpm":720,"baseBeats":1.5,"scores":["ST,ST,ST,ST,STVW,RSU,ST,mute[KL],mute[KL],mute[KL],mute[KL],ST,mute[KL],mute[KL],mute[KL],mute[KL],ST,ST,STW,STV,RSUW,ST,mute[KL],mute[KL],mute[KL],mute[KL],ST,mute[KL],mute[KL],mute[KL],mute[KL],ST,ST,STW,STV,RSU,ST,mute[KL],mute[KL],mute[KL],mute[KL],ST,mute[KL],mute[KL],mute[KL],mute[KL],ST,ST,STW,STVW,RSU,ST,mute[KL],mute[KL],mute[KL],mute[KL],ST,mute[KL],mute[KL],mute[KL],mute[KL],ST,ST,STW,STV,RSUW,ST,mute[KL],mute[KL],mute[KL],mute[KL],ST,RSV,ST,mute[KL],mute[KL],mute[KL],mute[KL],ST,RSVW,STW,mute[KL],mute[KL],mute[KL],mute[KL],ST,mute[KL],mute[KL],mute[KL],mute[KL],ST,ST,STW,STV,","c2[JM],#f2[LM],g2[JK],(f.c1.#d1.a1)[JK],f1[JM],b1[LM],c2[JKMN],(#A-1.#a.d1.#a1)[IJL],f2[JK],f2[KL],g2[KL],f2[KL],#d2[KL],(f1.d2)[JK],(f1.d2)[KL],(g1.#d2)[KL],(f1.d2)[KL],(#d1.c2)[KL],(d1.b1)[JK],(g.b.g1.f1)[JK],(g.c1.a1.f1)[JKN],(g.d1.b1.f1)[JKM],(c.c1.c2.#d1)[IJLN],#d2[JK],#d2[KL],f2[KL],#d2[KL],d2[KL],c2[JK],c2[KL],d2[KL],c2[KL],#a1[KL],a1[JK],(f.a.#d1.f1)[JK],(f.#a.#d1.g1)[JKN],(f.c1.#d1.a1)[JKM],(#A-1.#a.d1.#a1)[IJL],f2[JK],f2[KL],g2[KL],f2[KL],#d2[KL],(f1.d2)[JK],(f1.d2)[KL],(g1.#d2)[KL],(f1.d2)[KL],(#d1.c2)[KL],(d1.b1)[JK],(g.b.g1.f1)[JK],(g.c1.a1.f1)[JKN],(g.d1.b1.f1)[JKMN],(c.c1.c2.#d1)[IJL],#d2[JK],#d2[KL],f2[KL],#d2[KL],d2[KL],c2[JK],c2[KL],d2[KL],c2[KL],#a1[KL],a1[JK],(f.a.#d1.f1)[JK],(f.#a.#d1.g1)[JKN],(f.c1.#d1.a1)[JKM],(#A-1.#a.d1.#a1)[IJLN],f2[JK],f2[KL],g2[KL],f2[KL],e2[KL],f2[JK],(f.c1.#d2.a2)[IJM],(d1.#a.d2.#a2)[JK],f2[KL],g2[KL],f2[KL],e2[KL],f2[JK],(f.c1.a1.#d2)[IJMN],(d.#a.#a1.d2)[JKN],f2[KL],g2[KL],f2[KL],#d2[KL],(f1.d2)[JK],(f1.d2)[KL],(g1.#d2)[KL],(f1.d2)[KL],(#d1.c2)[KL],(d1.#a1)[JK],(f.a.#d1.f1)[JK],(f.#a.#d1.g1)[JKN],(f.c1.#d1.a1)[JKM],"],"id":2},{"bpm":720,"baseBeats":1.5,"scores":["RSU,ST,mute[KL],mute[KL],mute[KL],mute[KL],ST,RSV,STW,mute[KL],mute[KL],mute[KL],mute[KL],ST,RSV,STV,mute[KL],mute[KL],mute[KL],mute[KL],ST,mute[KL],mute[KL],mute[KL],mute[KL],ST,ST,ST,STVW,RSU,ST,ST,ST,ST,ST,ST,ST,ST,ST,ST,ST,ST,ST,ST,ST,ST,ST,ST,ST,ST,STW,STV,RSUW,ST,ST,ST,ST,ST,ST,ST,ST,ST,ST,ST,ST,ST,ST,ST,ST,ST,ST,ST,ST,ST,ST,RS,ST,ST,ST,ST,ST,ST,ST,ST,ST,ST,ST,ST,ST,ST,ST,ST,ST,ST,STW,STV,SW,5<TU>,R,STUVW,","(#A-1.#a.d1.#a1)[IJL],f2[JK],f2[KL],g2[KL],f2[KL],e2[KL],f2[JK],(f.c1.#d2.a2)[IJM],(d1.#a.d2.#a2)[JKN],f2[KL],g2[KL],f2[KL],e2[KL],f2[JK],(f.c1.a1.#d2)[IJM],(d.#a.#a1.d2)[JKM],f2[KL],g2[KL],f2[KL],#d2[KL],(f1.d2)[JK],(f1.d2)[KL],(g1.#d2)[KL],(f1.d2)[KL],(#d1.c2)[KL],(d1.#a1)[JK],(f.a.#d1.f1)[JK],(f.#a.#d1.g1)[JK],(f.c1.#d1.a1)[JKMN],(#A-1.#a.d1.#a1)[IJL],f1[JK],#a1[JK],f1[JK],(f.f1.#a1.d2)[JK],(#a.f1.#a1.d2)[JK],f[JK],(d1.f1)[JK],(a.c2)[JK],f1[JK],(f.#d2.a1.f1)[JK],(c1.f1.a1.#d2)[JK],f[JK],(#d1.f1)[JK],(#a.d1.d2)[JK],#a1[JM],e2[LM],f2[JK],(#d.g.c1.#d2)[JK],c2[JM],#f2[LM],g2[JK],(f.c1.#d1.a1)[JK],f1[JMN],b1[LM],c2[JKM],(#A-1.#a.d1.#a1)[IJLN],f1[JK],#d2[JK],c2[JK],(f.a2.#d2.c2)[JK],(c1.c2.#d2.a2)[JK],f[JK],(#d1.f1)[JK],(d1.f2)[JK],d2[JK],(f.#a2.f2.d2)[JK],(#a.d2.f2.#a2)[JK],f[JK],(d1.f1)[JK],(d.f.#a.f2)[JK],d2[JM],a2[LM],#a2[JK],(#d.g.c1.#d2)[JK],c2[JM],#f2[LM],g2[JK],(f.c1.#d1.a1)[JK],f1[JM],b1[LM],c2[JK],(#A-1.#a.d1.#a1)[IJ],f1[JK],#d2[JK],c2[JK],(f.a2.#d2.c2)[JK],(c1.c2.#d2.a2)[JK],f[JK],(#d1.f1)[JK],(d1.f2)[JK],d2[JK],(f.#a2.f2.d2)[JK],(#a.d2.f2.#a2)[JK],f[JK],(d1.f1)[JK],(d.f.#a.f2)[JK],d2[JM],a2[LM],#a2[JK],(#d.g.c1.#d2)[JK],c2[JM],#f2[LM],g2[JKN],(f.c1.#d1.a1)[JKM],f1[JLM],b1[LMN],c2[I],(#A-1.#a.d1.#a1)[JKLMN],"],"id":3}],"audition":{"start":[0,0],"end":[1,0]}}