{"baseBpm":600,"musics":[{"bpm":600,"baseBeats":1.5,"scores":["ST,mute[KL],mute[KL],mute[KL],mute[KL],mute[KL],mute[KL],mute[KL],mute[KL],mute[KL],mute[KL],mute[KL],mute[KL],mute[KL],mute[KL],mute[KL],mute[KL],mute[KL],mute[KL],mute[KL],mute[KL],mute[KL],mute[KL],mute[KL],mute[KL],ST,mute[KL],mute[KL],ST,ST,mute[KL],mute[KL],ST,STVW,mute[KL],mute[KL],mute[KL],mute[KL],RSVW,ST,mute[KL],mute[KL],mute[KL],mute[KL],mute[KL],mute[KL],mute[KL],mute[KL],mute[KL],mute[KL],mute[KL],mute[KL],mute[KL],mute[KL],mute[KL],mute[KL],mute[KL],mute[KL],mute[KL],mute[KL],mute[KL],mute[KL],mute[KL],mute[KL],ST,mute[KL],mute[KL],ST,ST,mute[KL],mute[KL],ST,STU,mute[KL],mute[KL],mute[KL],mute[KL],RSUW,ST,ST,ST,ST,ST,ST,ST,ST,ST,ST,ST,mute[KL],mute[KL],mute[KL],mute[KL],mute[KL],mute[KL],mute[KL],mute[KL],mute[KL],mute[KL],mute[KL],mute[KL],mute[KL],mute[KL],mute[KL],mute[KL],ST,mute[KL],mute[KL],mute[KL],mute[KL],RS,ST,ST,ST,ST,ST,ST,ST,ST,ST,ST,ST,mute[KL],mute[KL],mute[KL],mute[KL],mute[KL],mute[KL],mute[KL],mute[KL],mute[KL],mute[KL],mute[KL],mute[KL],mute[KL],mute[KL],","f1[JK],(#a.d1)[KL],#a1[KL],(f.f1)[KL],d2[KL],(a.#d1)[KL],c2[KL],(#a.d1)[KL],#a1[KL],(f.f1)[KL],d2[KL],(a.#d1)[KL],c2[KL],(#a.d1)[KL],#a1[KL],(f.f1)[KL],d2[KL],(a.#d1)[KL],c2[KL],(#a.d1)[KL],f1[KL],#a1[KL],d2[KL],f2[KL],#a2[KL],(f1.#d1.c1.a2)[JLN],#a2[MN],(f1.#d1.c1.a2)[KL],g2[KL],(f1.#d1.c1.a2)[JK],(f1.d1.#a.#a2)[JLN],c3[MN],(f1.d1.#a.#a2)[KL],a2[KL],(f1.d1.#a.#a2)[JK],(f.c3)[JK],(a.c3)[KLN],#a2[KLN],(c1.a2)[KL],g2[KLN],(f.f2)[IJMN],f1[JK],(#a.d1)[KL],#a1[KL],(f.f1)[KL],d2[KL],(a.#d1)[KL],c2[KL],(#a.d1)[KL],#a1[KL],(f.f1)[KL],d2[KL],(a.#d1)[KL],c2[KL],(#a.d1)[KL],#a1[KL],(f.f1)[KL],d2[KL],(a.#d1)[KL],c2[KL],(#a.d1)[KL],f1[KL],#a1[KL],d2[KL],f2[KL],#a2[KL],(f1.#d1.c1.a2)[JL],#a2[L],(f1.#d1.c1.a2)[KL],g2[KL],(f1.#d1.c1.a2)[JK],(f1.d1.#a.#a2)[JL],c3[L],(f1.d1.#a.#a2)[KL],a2[KL],(f1.d1.#a.#a2)[JK],(f.c3)[JK],(a.c3)[KL],#a2[KLN],(c1.a2)[KLN],g2[KLM],(f.f2)[IJLN],f2[JK],(#d.g.c1.#f2)[JK],(c1.g.#d)[JK],g2[JK],(#d.g.c1.d2)[JK],(c1.g.#d)[JK],#d2[JK],(#d.g.c1.b1)[JK],(c1.g.#d)[JK],c2[JK],(#d.g1)[JK],(#d.g1)[KL],#a1[KL],(#d.a1)[KL],c2[KL],(d.#a1)[KL],c2[KL],(#A-1.d2)[KL],#d2[KL],(d.f2)[KL],g2[KL],(#d.a2)[KL],#a2[KL],(g.a2)[KL],#a2[KL],(#d.g2)[KL],#d2[KL],(f.d2)[JK],(f.d2)[KL],f2[KL],(F-1.#d2)[KL],c2[KL],(#A-1.#a1)[IJ],f2[JK],(#d.g.c1.#f2)[JK],(c1.g.#d)[JK],g2[JK],(#d.g.c1.d2)[JK],(c1.g.#d)[JK],#d2[JK],(#d.g.c1.b1)[JK],(c1.g.#d)[JK],c2[JK],(#d.g1)[JK],(#d.g1)[KL],#a1[KL],(#d.a1)[KL],c2[KL],(d.#a1)[KL],c2[KL],(#A-1.d2)[KL],#d2[KL],(d.f2)[KL],g2[KL],(#d.a2)[KL],#a2[KL],(g.a2)[KL],#a2[KL],"],"id":1},{"bpm":600,"baseBeats":1.5,"scores":["TU,mute[KL],STUW,mute[KL],mute[KL],mute[KL],mute[KL],RSUW,ST,mute[KL],mute[KL],mute[KL],mute[KL],mute[KL],mute[KL],mute[KL],mute[KL],mute[KL],mute[KL],mute[KL],mute[KL],mute[KL],mute[KL],mute[KL],mute[KL],mute[KL],mute[KL],mute[KL],mute[KL],mute[KL],mute[KL],mute[KL],mute[KL],mute[KL],mute[KL],mute[KL],mute[KL],mute[KL],mute[KL],mute[KL],mute[KL],mute[KL],mute[KL],mute[KL],mute[KL],mute[KL],mute[KL],mute[KL],mute[KL],mute[KL],mute[KL],RS,STU,mute[KL],mute[KL],mute[KL],mute[KL],mute[KL],mute[KL],mute[KL],mute[KL],mute[KL],mute[KL],mute[KL],mute[KL],mute[KL],mute[KL],mute[KL],mute[KL],mute[KL],mute[KL],mute[KL],mute[KL],mute[KL],mute[KL],mute[KL],mute[KL],mute[KL],mute[KL],mute[KL],mute[KL],mute[KL],mute[KL],mute[KL],mute[KL],mute[KL],mute[KL],mute[KL],mute[KL],mute[KL],mute[KL],mute[KL],mute[KL],mute[KL],mute[KL],RSUV,ST,mute[KL],mute[KL],mute[KL],mute[KL],mute[KL],mute[KL],ST,ST,ST,mute[KL],mute[KL],mute[KL],mute[KL],mute[KL],mute[KL],ST,ST,ST,mute[KL],mute[KL],mute[KL],mute[KL],mute[KL],mute[KL],mute[KL],mute[KL],mute[KL],mute[KL],mute[KL],mute[KL],mute[KL],mute[KL],mute[KL],mute[KL],mute[KL],mute[KL],RS,ST,mute[KL],mute[KL],mute[KL],mute[KL],mute[KL],mute[KL],ST,ST,ST,mute[KL],mute[KL],mute[KL],mute[KL],mute[KL],mute[KL],ST,ST,ST,","(#d.g2)[KL],#d2[KL],(f.d2)[JKN],(f.d2)[KL],f2[KLN],(F-1.#d2)[KLN],c2[KLM],(#A-1.#a1)[IJLN],f1[JK],#a[KL],d1[KL],(f1.#a1)[KL],d1[KL],(f1.d2)[KL],d1[KL],#d[KL],g[KL],(c1.c2)[KL],g[KL],(c1.#d2)[KL],g[KL],f[KL],c1[KL],(#d1.c2)[KL],c1[KL],(#d1.a1)[KL],c1[KL],(#a.#a1)[KL],d1[KL],(f1.d2)[KL],d1[KL],(f1.f2)[KL],d1[KL],#a[KL],d1[KL],(f1.#a2)[KL],d1[KL],(f1.d3)[KL],d1[KL],#d[KL],g[KL],(c1.c3)[KL],g[KL],(c1.#d3)[KL],g[KL],f[KL],c1[KL],(#d1.c3)[KL],c1[KL],(#d1.a2)[KL],c1[KL],(d1.#a.#a2)[IJ],f1[JK],#a[KL],d1[KL],(f1.#a1)[KL],d1[KL],(f1.d2)[KL],d1[KL],#d[KL],g[KL],(c1.c2)[KL],g[KL],(c1.#d2)[KL],g[KL],f[KL],c1[KL],(#d1.c2)[KL],c1[KL],(#d1.a1)[KL],c1[KL],(#a.#a1)[KL],d1[KL],(f1.d2)[KL],d1[KL],(f1.f2)[KL],d1[KL],#a[KL],d1[KL],(f1.#a2)[KL],d1[KL],(f1.d3)[KL],d1[KL],#d[KL],g[KL],(c1.c3)[KL],g[KL],(c1.#d3)[KL],g[KL],f[KL],c1[KLN],(#d1.c3)[KL],c1[KLN],(#d1.a2)[KLN],c1[KLN],(d1.#a.#a2)[IJLM],f2[JK],(g.#a.c1.e2)[KL],f2[KL],(g.#a.c1.g2)[KL],a2[KL],(g.#a.c1.#a2)[KL],e2[KL],(f.a.c1.f2)[JLN],b2[MN],c3[JK],f2[JK],(g.#a.c1.e2)[KL],f2[KL],(g.#a.c1.g2)[KL],a2[KL],(g.#a.c1.#a2)[KL],e2[KL],(f.a.c1.f2)[JLN],e3[MN],f3[JK],f2[JK],#a[KL],d1[KL],(f1.#a2)[KL],d1[KL],(f1.d3)[KL],d1[KL],#d[KL],g[KL],(c1.c3)[KL],g[KL],(c1.#d3)[KL],g[KL],f[KL],c1[KL],(#d1.c3)[KL],c1[KL],(#d1.a2)[KL],c1[KL],(d1.#a.#a2)[IJ],f2[JK],(g.#a.c1.e2)[KL],f2[KL],(g.#a.c1.g2)[KL],a2[KL],(g.#a.c1.#a2)[KL],e2[KL],(f.a.c1.f2)[JLN],b2[MN],c3[JK],f2[JK],(g.#a.c1.e2)[KL],f2[KL],(g.#a.c1.g2)[KL],a2[KL],(g.#a.c1.#a2)[KL],e2[KL],(f.a.c1.f2)[JLN],e3[MN],f3[JK],f2[JK],"],"id":2},{"bpm":600,"baseBeats":1.5,"scores":["SU,mute[KL],mute[KL],mute[KL],mute[KL],mute[KL],mute[KL],mute[KL],mute[KL],mute[KL],mute[KL],mute[KL],mute[KL],mute[KL],mute[KL],mute[KL],mute[KL],mute[KL],RSTW,ST,mute[KL],mute[KL],mute[KL],mute[KL],mute[KL],mute[KL],mute[KL],mute[KL],mute[KL],mute[KL],mute[KL],mute[KL],mute[KL],mute[KL],mute[KL],mute[KL],mute[KL],mute[KL],mute[KL],mute[KL],mute[KL],mute[KL],mute[KL],mute[KL],ST,mute[KL],mute[KL],ST,ST,mute[KL],mute[KL],ST,STU,mute[KL],mute[KL],mute[KL],mute[KL],RSUV,ST,ST,ST,ST,ST,ST,ST,ST,ST,ST,ST,mute[KL],mute[KL],mute[KL],mute[KL],mute[KL],mute[KL],mute[KL],mute[KL],mute[KL],mute[KL],mute[KL],mute[KL],mute[KL],mute[KL],mute[KL],mute[KL],ST,mute[KL],mute[KL],mute[KL],mute[KL],RS,ST,ST,ST,ST,ST,ST,ST,ST,ST,ST,STW,mute[KL],mute[KL],mute[KL],mute[KL],mute[KL],mute[KL],mute[KL],mute[KL],mute[KL],mute[KL],mute[KL],mute[KL],mute[KL],mute[KL],mute[KL],mute[KL],STUVW,mute[KL],mute[KL],TUVW,SW,QU,","#a[KL],d1[KL],(f1.#a2)[KL],d1[KL],(f1.d3)[KL],d1[KL],#d[KL],g[KL],(c1.c3)[KL],g[KL],(c1.#d3)[KL],g[KL],f[KLN],c1[KL],(#d1.c3)[KLM],c1[KLN],(#d1.a2)[KLM],c1[KLM],(d1.#a.#a2)[IJKN],f1[JK],(#a.d1)[KL],#a1[KL],(f.f1)[KL],d2[KL],(a.#d1)[KL],c2[KL],(#a.d1)[KL],#a1[KL],(f.f1)[KL],d2[KL],(a.#d1)[KL],c2[KL],(#a.d1)[KL],#a1[KL],(f.f1)[KL],d2[KL],(a.#d1)[KL],c2[KL],(#a.d1)[KL],f1[KL],#a1[KL],d2[KL],f2[KL],#a2[KL],(f1.#d1.c1.a2)[JLN],#a2[MN],(f1.#d1.c1.a2)[KL],g2[KL],(f1.#d1.c1.a2)[JK],(f1.d1.#a.#a2)[JLN],c3[MN],(f1.d1.#a.#a2)[KL],a2[KL],(f1.d1.#a.#a2)[JK],(f.c3)[JK],(a.c3)[KLN],#a2[KLN],(c1.a2)[KLN],g2[KLN],(f.f2)[IJLM],f2[JK],(#d.g.c1.#f2)[JK],(c1.g.#d)[JK],g2[JK],(#d.g.c1.d2)[JK],(c1.g.#d)[JK],#d2[JK],(#d.g.c1.b1)[JK],(c1.g.#d)[JK],c2[JK],(#d.g1)[JK],(#d.g1)[KL],#a1[KL],(#d.a1)[KL],c2[KL],(d.#a1)[KL],c2[KL],(#A-1.d2)[KL],#d2[KL],(d.f2)[KL],g2[KL],(#d.a2)[KL],#a2[KL],(g.a2)[KL],#a2[KL],(#d.g2)[KL],#d2[KL],(f.d2)[JK],(f.d2)[KL],f2[KL],(F-1.#d2)[KL],c2[KL],(#A-1.#a1)[IJ],f2[JK],(#d.g.c1.#f2)[JK],(c1.g.#d)[JK],g2[JK],(#d.g.c1.d2)[JK],(c1.g.#d)[JK],#d2[JK],(#d.g.c1.b1)[JK],(c1.g.#d)[JK],c2[JK],(#d.g1)[JK],(#d.g1)[KL],#a1[KL],(#d.a1)[KL],c2[KL],(d.#a1)[KL],c2[KL],(#A-1.d2)[KL],#d2[KL],(d.f2)[KL],g2[KL],(#d.a2)[KL],#a2[KL],(g.a2)[KL],#a2[KL],(#d.g2)[KL],#d2[KLN],(f.d2)[JKMN],(f.d2)[KLM],f2[KLM],(F-1.#d2)[KLMN],c2[JN],(#A-1.#a1)[HL],"],"id":3}],"audition":{"start":[0,0],"end":[1,0]}}