{"baseBpm":660,"musics":[{"bpm":660,"baseBeats":1.5,"scores":["e2[JK],d2[KL],#c2[KL],b1[KL],a1[KL],(a.#c1.a2)[JK],(d1.b.a2)[JK],#g2[JK],b1[JK],a1[KL],#g1[KL],#f1[KL],e1[KL],(b.#g.e2)[JK],(#c1.a.d2)[JK],#c2[JK],e2[JK],(A-1.d2)[KL],#c2[KL],(a.b1)[KL],a1[KL],(a.#c3.a2)[JK],(B-1.#c3.a2)[JK],(b.b2.#g2)[JK],(b.#g1.e2)[JK],(B-1.#g1.e2)[JK],(b.a1.#f2)[JK],(b.#f1.#d2)[JK],(e.e2.#g1)[IJ],e2[JK],d2[KL],#c2[KL],b1[KL],a1[KL],(a.#c1.a2)[JK],(d1.b.a2)[JK],#g2[JK],b1[JK],a1[KL],#g1[KL],#f1[KL],e1[KL],(b.#g.e2)[JK],(#c1.a.d2)[JK],#c2[JK],e2[JK],(A-1.d2)[KL],#c2[KL],(a.b1)[KL],a1[KL],(a.#c3.a2)[JK],(B-1.#c3.a2)[JK],(b.b2.#g2)[JK],(b.#g1.e2)[JK],(B-1.#g1.e2)[JK],(b.a1.#f2)[JKN],(b.#f1.#d2)[JKMN],(e.e2.#g1)[IJL],e2[JK],(#a.#c1.#f1.#f2)[KL],f2[KL],(#a.#c1.#f1.#f2)[KL],e2[KL],d2[KL],#c2[KL],(b.d1.#f1.b1)[KL],#a1[KL],(b.d1.#f1.b1)[KL],#c2[KL],d2[KL],b1[KL],(#g.b.e1.e2)[KL],#d2[KL],(#g.b.e1.e2)[KL],d2[KL],#c2[KL],b1[KL],(a.#c1.e1.a1)[KL],#g1[KL],(a.#c1.e1.a1)[KL],b1[KL],#c2[KL],a1[KL],(#f.d2)[KL],#c2[KL],(e.d2)[KL],e2[KL],(d.#f2)[KL],#g2[KL],(#c.a2)[KL],#g2[KL],(#c.a2)[KL],e2[KL],(d.#f2)[KL],d2[KL],(e.#c2)[KL],c2[KL],(e.#c2)[KL],e2[KL],(e.d2)[KL],b1[KL],(A-1.a1)[KL],b1[KL],#c2[KL],d2[KL],e2[KL],f2[KL],(#a.#c1.#f1.#f2)[KL],f2[KL],(#a.#c1.#f1.#f2)[KL],e2[KL],d2[KL],#c2[KL],(b.d1.#f1.b1)[KL],#a1[KL],(b.d1.#f1.b1)[KL],#c2[KL],d2[KL],b1[KL],(#g.b.e1.e2)[KL],#d2[KL],(#g.b.e1.e2)[KL],d2[KL],#c2[KL],b1[KL],"],"id":1},{"bpm":660,"baseBeats":1.5,"scores":["(a.#c1.e1.a1)[KL],#g1[KL],(a.#c1.e1.a1)[KL],b1[KL],#c2[KL],a1[KL],(#f.d2)[KL],#c2[KL],(e.d2)[KL],e2[KL],(d.#f2)[KL],#g2[KL],(#c.a2)[KL],#g2[KL],(#c.a2)[KL],e2[KL],(d.#f2)[KL],d2[KL],(e.#c2)[KL],c2[KL],(e.#c2)[KLN],e2[KL],(e.d2)[KLN],b1[KLM],(A-1.a1)[IJL],(e.e2)[JK],(A-1.a.a2.c2.a1)[IJ],(E-1.e.e2)[JK],(A-1.a.a2.c2.a1)[IJ],(E-1.e.e2)[JK],(A-1.a.a2.c2.a1)[JK],(A-1.a.a2)[JK],(E-1.e.e2)[JK],(A-1.a.a2.c2.a1)[JK],a2[JK],e2[JK],(d.a.c1.#f2)[JK],(d.a.c1.#f2)[KL],g2[KL],(d.a.c1.a2)[KL],#f2[KL],(g.b.g2)[JK],(g.b.g2)[KL],a2[KL],(g.b.b2)[KL],g2[KL],(d.a.c1.#f2)[JK],(d.a.c1.#f2)[KLN],g2[KLN],(d.a.c1.a2)[KL],#f2[KLN],(g.b.g2)[IJM],(e.e2)[JK],(A-1.a.a2.c2.a1)[IJ],(E-1.e.e2)[JK],(A-1.a.a2.c2.a1)[IJ],(E-1.e.e2)[JK],(A-1.a.a2.c2.a1)[JK],(A-1.a.a2)[JK],(E-1.e.e2)[JK],(A-1.a.a2.c2.a1)[JK],a2[JK],e2[JK],(d.a.c1.#f2)[JK],(d.a.c1.#f2)[KL],g2[KL],(d.a.c1.a2)[KL],#f2[KL],(g.b.g2)[JK],(g.b.g2)[KL],a2[KL],(g.b.b2)[KL],g2[KL],(d.a.c1.#f2)[JK],(d.a.c1.#f2)[KLN],g2[KL],(d.a.c1.a2)[KLM],#f2[KLN],(g.b.g2)[IJLN],(G-1.g.g2)[JK],(c.c1.c3.c2)[IJ],(G-1.g.g1.g2)[JK],(c.c1.c3.c2)[IJ],(G-1.g.g1.g2)[JK],(c.c1.c3.c2)[JK],(c.c1.c3.c2)[JK],(G-1.g.g1.g2)[JK],(c.c1.c3.c2)[JK],c3[JK],g2[JK],(e.b.d1.#g2)[JK],(e.b.d1.#g2)[KL],a2[KL],(e.b.d1.b2)[KL],#g2[KL],(a.c1.a2)[JK],(a.c1.a2)[KL],b2[KL],(a.c1.c3)[KL],a2[KL],(e.b.d1.#g2)[JK],(e.b.d1.#g2)[KL],a2[KL],(e.b.d1.b2)[KLN],"],"id":2},{"bpm":660,"baseBeats":1.5,"scores":["#g2[KLN],(a.c1.a2)[IJM],(G-1.g.g2)[JK],(c.c1.c3.c2)[IJ],(G-1.g.g1.g2)[JK],(c.c1.c3.c2)[IJ],(G-1.g.g1.g2)[JK],(c.c1.c3.c2)[JK],(c.c1.c3.c2)[JK],(G-1.g.g1.g2)[JK],(c.c1.c3.c2)[JKN],c3[JKN],g2[JKMN],(e.b.d1.#g2)[JK],(e.b.d1.#g2)[KL],a2[KL],(e.b.d1.b2)[KL],#g2[KL],(a.c1.a2)[JK],(a.c1.a2)[KL],b2[KL],(a.c1.c3)[KL],a2[KL],(e.b.d1.#g2)[JK],(e.b.d1.#g2)[KL],a2[KLN],(e.b.d1.b2)[KLN],#g2[KLN],(a.c1.a2)[IJLN],e2[JK],d2[KL],#c2[KL],b1[KL],a1[KL],(a.#c1.a2)[JK],(d1.b.a2)[JK],#g2[JK],b1[JK],a1[KL],#g1[KL],#f1[KL],e1[KL],(b.#g.e2)[JK],(#c1.a.d2)[JK],#c2[JK],e2[JK],(A-1.d2)[KL],#c2[KL],(a.b1)[KL],a1[KL],(a.#c3.a2)[JK],(B-1.#c3.a2)[JK],(b.b2.#g2)[JK],(b.#g1.e2)[JK],(B-1.#g1.e2)[JK],(b.a1.#f2)[JKN],(b.#f1.#d2)[JKM],(e.e2.#g1)[IJLM],e2[JK],(#a.#c1.#f1.#f2)[KL],f2[KL],(#a.#c1.#f1.#f2)[KL],e2[KL],d2[KL],#c2[KL],(b.d1.#f1.b1)[KL],#a1[KL],(b.d1.#f1.b1)[KL],#c2[KL],d2[KL],b1[KL],(#g.b.e1.e2)[KL],#d2[KL],(#g.b.e1.e2)[KL],d2[KL],#c2[KL],b1[KL],(a.#c1.e1.a1)[KL],#g1[KL],(a.#c1.e1.a1)[KL],b1[KL],#c2[KL],a1[KL],(#f.d2)[KL],#c2[KL],(e.d2)[KL],e2[KL],(d.#f2)[KL],#g2[KL],(#c.a2)[KL],#g2[KL],(#c.a2)[KL],e2[KL],(d.#f2)[KL],d2[KL],(e.#c2)[KL],c2[KL],(e.#c2)[KL],e2[KL],(e.d2)[KL],b1[KL],(A-1.a1)[KL],b1[KL],#c2[KL],d2[KL],e2[KL],f2[KL],(#a.#c1.#f1.#f2)[KL],f2[KL],(#a.#c1.#f1.#f2)[KL],e2[KL],d2[KL],#c2[KL],(b.d1.#f1.b1)[KL],#a1[KL],(b.d1.#f1.b1)[KL],#c2[KL],d2[KL],b1[KL],(#g.b.e1.e2)[KL],#d2[KL],(#g.b.e1.e2)[KL],d2[KL],#c2[KL],b1[KL],(a.#c1.e1.a1)[KL],#g1[KL],(a.#c1.e1.a1)[KL],b1[KL],#c2[KL],a1[KL],(#f.d2)[KL],#c2[KL],(e.d2)[KL],e2[KL],(d.#f2)[KL],#g2[KL],(#c.a2)[KL],#g2[KL],(#c.a2)[KL],e2[KL],(d.#f2)[KL],d2[KL],(e.#c2)[KLM],c2[KLN],(e.#c2)[KLMN],e2[KLM],(e.d2)[JN],b1[J],(A-1.a1)[HM],"],"id":3}],"audition":{"start":[0,0],"end":[1,0]}}