{"baseBpm":660,"musics":[{"bpm":660,"baseBeats":1.5,"scores":["d1[KL],#f1[KL],(d1.a1)[KL],d2[KL],(a.#f2)[KL],a2[KL],(#f.d3)[KL],#c3[KL],(g.b2)[KL],a2[KL],(b.g2)[KL],#f2[KL],(#g.e2)[KL],d2[KL],(a.#c2)[KL],d2[KL],(e.e2)[KL],#f2[KL],(#c.g2)[KL],a2[KL],(d.g2)[JK],#f2[JK],d1[KL],#f1[KL],(d1.a1)[KL],d2[KL],(a.#f2)[KL],a2[KL],(#f.d3)[KL],#c3[KL],(g.b2)[KL],a2[KL],(b.g2)[KL],#f2[KL],(#g.e2)[KL],d2[KL],(a.#c2)[KL],e2[KL],(b.a2)[KL],g2[KLN],(#c1.#f2)[KLN],e2[KL],(d1.d2)[IJM],d1[KL],#f1[KL],(d1.a1)[KL],d2[KL],(a.#f2)[KL],a2[KL],(#f.d3)[KL],#c3[KL],(g.b2)[KL],a2[KL],(b.g2)[KL],#f2[KL],(#g.e2)[KL],d2[KL],(a.#c2)[KL],d2[KL],(e.e2)[KL],#f2[KL],(#c.g2)[KL],a2[KL],(d.g2)[JK],#f2[JK],d1[KL],#f1[KL],(d1.a1)[KL],d2[KL],(a.#f2)[KL],a2[KL],(#f.d3)[KL],#c3[KL],(g.b2)[KL],a2[KL],(b.g2)[KL],#f2[KL],(#g.e2)[KL],d2[KL],(a.#c2)[KL],e2[KL],(b.a2)[KLN],g2[KLN],(#c1.#f2)[KLN],e2[KLN],(d1.d2)[IJLN],a[KL],#c1[KL],(A-1.e1)[KL],a1[KL],(e.#c2)[KL],e2[KL],(#c.#g2)[KL],a2[KL],(A-1.#g2)[KL],a2[KL],(e.e2)[KL],#c2[KL],(#c.a1)[KL],e1[KL],(A-1.#c1)[KL],e1[KL],(e.a1)[KL],#c2[KL],(#c.e2)[KL],#f2[KL],(A-1.g2)[KL],e2[KL],#c2[KL],a1[KL],g1[KL],a1[KL],(d1.a1)[KL],d2[KL],(a.#f2)[KL],a2[KL],(#f.d3)[KL],#c3[KL],(g.b2)[KL],a2[KL],(b.g2)[KL],#f2[KL],(#g.e2)[KL],d2[KL],(a.#c2)[KL],e2[KL],(b.a2)[KL],g2[KLN],(#c1.#f2)[KL],e2[KLN],(d1.d2)[IJM],a[KL],#c1[KL],(A-1.e1)[KL],a1[KL],(e.#c2)[KL],e2[KL],(#c.#g2)[KL],a2[KL],(A-1.#g2)[KL],a2[KL],"],"id":1},{"bpm":660,"baseBeats":1.5,"scores":["(e.e2)[KL],#c2[KL],(#c.a1)[KL],e1[KL],(A-1.#c1)[KL],e1[KL],(e.a1)[KL],#c2[KL],(#c.e2)[KL],#f2[KL],(A-1.g2)[KL],e2[KL],#c2[KL],a1[KL],g1[KL],a1[KL],(d1.a1)[KL],d2[KL],(a.#f2)[KL],a2[KL],(#f.d3)[KL],#c3[KL],(g.b2)[KL],a2[KL],(b.g2)[KL],#f2[KL],(#g.e2)[KL],d2[KL],(a.#c2)[KL],e2[KL],(b.a2)[KLN],g2[KL],(#c1.#f2)[KLM],e2[KLN],(d1.d2)[IJLN],a1[JK],(d.d1.#f1)[JK],(d1.#f1)[JK],(d1.#f1)[KL],a1[KL],(#c.e1.g1)[JK],(e1.g1)[JK],(e1.g1)[KL],a1[KL],(d.d1.#f1)[JK],(d1.#f1)[JK],(d1.#f1)[KL],a1[KL],(A-1.#c1.e1)[JK],(#c1.e1)[JK],(#c1.e1)[KL],a1[KL],(d.d1.#f1)[JK],(d1.#f1)[JK],(d1.#f1)[KL],d2[KL],(B-1.d1.#g1)[JK],(d1.#g1)[JK],(d1.#g1)[KL],e2[KL],(A-1.e1.d2)[JK],(#c.a1.#c2)[JKN],(e.#g1.b1)[JKN],(a.a1)[IJM],a1[JK],(d.d1.#f1)[JK],(d1.#f1)[JK],(d1.#f1)[KL],a1[KL],(#c.e1.g1)[JK],(e1.g1)[JK],(e1.g1)[KL],a1[KL],(d.d1.#f1)[JK],(d1.#f1)[JK],(d1.#f1)[KL],a1[KL],(A-1.#c1.e1)[JK],(#c1.e1)[JK],(#c1.e1)[KL],a1[KL],(d.d1.#f1)[JK],(d1.#f1)[JK],(d1.#f1)[KL],d2[KL],(B-1.d1.#g1)[JK],(d1.#g1)[JK],(d1.#g1)[KL],e2[KL],(A-1.e1.d2)[JK],(#c.a1.#c2)[JKM],(e.#g1.b1)[JKM],(a.a1)[IJL],#c2[KL],d2[KL],e2[KL],d2[KL],(a.#c2)[KL],(b.d2)[KL],(#c1.e2)[KL],(d1.#f2)[KL],(e1.g2)[JK],(e1.g2)[JK],#c2[KL],d2[KL],e2[KL],d2[KL],(a.#c2)[KL],(b.d2)[KL],(#c1.e2)[KL],(d1.#f2)[KL],(e1.g2)[JK],(e1.g2)[JK],a2[KL],g2[KL],(d1.#f2)[JK],#f2[JK],#f2[KL],a2[KL],(g.b.e1.g2)[JK],g2[JK],g2[KL],b2[KL],"],"id":2},{"bpm":660,"baseBeats":1.5,"scores":["(a.e1.g1.#c2)[JK],#c2[JKM],#c2[KL],e2[KLN],(#f1.d1.d2)[IJM],#c2[KL],d2[KL],e2[KL],d2[KL],(a.#c2)[KL],(b.d2)[KL],(#c1.e2)[KL],(d1.#f2)[KL],(e1.g2)[JK],(e1.g2)[JK],#c2[KL],d2[KL],e2[KL],d2[KL],(a.#c2)[KL],(b.d2)[KL],(#c1.e2)[KL],(d1.#f2)[KL],(e1.g2)[JK],(e1.g2)[JK],a2[KL],g2[KL],(d1.#f2)[JK],#f2[JK],#f2[KL],a2[KL],(g.b.e1.g2)[JK],g2[JK],g2[KL],b2[KL],(a.e1.g1.#c2)[JK],#c2[JKN],#c2[KLM],e2[KLN],(#f1.d1.d2)[IJLN],d1[KL],#f1[KL],(d1.a1)[KL],d2[KL],(a.#f2)[KL],a2[KL],(#f.d3)[KL],#c3[KL],(g.b2)[KL],a2[KL],(b.g2)[KL],#f2[KL],(#g.e2)[KL],d2[KL],(a.#c2)[KL],d2[KL],(e.e2)[KL],#f2[KL],(#c.g2)[KL],a2[KL],(d.g2)[JK],#f2[JK],d1[KL],#f1[KL],(d1.a1)[KL],d2[KL],(a.#f2)[KL],a2[KL],(#f.d3)[KL],#c3[KL],(g.b2)[KL],a2[KL],(b.g2)[KL],#f2[KL],(#g.e2)[KL],d2[KL],(a.#c2)[KL],e2[KL],(b.a2)[KL],g2[KLN],(#c1.#f2)[KL],e2[KLN],(d1.d2)[IJM],a[KL],#c1[KL],(A-1.e1)[KL],a1[KL],(e.#c2)[KL],e2[KL],(#c.#g2)[KL],a2[KL],(A-1.#g2)[KL],a2[KL],(e.e2)[KL],#c2[KL],(#c.a1)[KL],e1[KL],(A-1.#c1)[KL],e1[KL],(e.a1)[KL],#c2[KL],(#c.e2)[KL],#f2[KL],(A-1.g2)[KL],e2[KL],#c2[KL],a1[KL],g1[KL],a1[KL],(d1.a1)[KL],d2[KL],(a.#f2)[KL],a2[KL],(#f.d3)[KL],#c3[KL],(g.b2)[KL],a2[KL],(b.g2)[KL],#f2[KL],(#g.e2)[KL],d2[KL],(a.#c2)[KL],e2[KL],(b.a2)[KLN],g2[KL],(#c1.#f2)[KLN],e2[KLM],(d1.d2)[IJL],a[KL],#c1[KL],(A-1.e1)[KL],a1[KL],(e.#c2)[KL],e2[KL],(#c.#g2)[KL],a2[KL],(A-1.#g2)[KL],a2[KL],(e.e2)[KL],#c2[KL],(#c.a1)[KL],e1[KL],(A-1.#c1)[KL],e1[KL],(e.a1)[KL],#c2[KL],(#c.e2)[KL],#f2[KL],(A-1.g2)[KL],e2[KL],#c2[KL],a1[KL],g1[KL],a1[KL],(d1.a1)[KL],d2[KL],(a.#f2)[KL],a2[KL],(#f.d3)[KL],#c3[KL],(g.b2)[KL],a2[KL],(b.g2)[KL],#f2[KL],(#g.e2)[KLN],d2[KLN],(a.#c2)[KLN],e2[KLN],(b.a2)[KLMN],g2[KLM],(#c1.#f2)[JN],e2[J],(d1.d2)[HM],"],"id":3}],"audition":{"start":[0,0],"end":[1,0]}}