{"baseBpm":384,"musics":[{"bpm":384,"baseBeats":0.75,"scores":["ST,ST,mute[LM],UV,mute[LM],UV,ST,ST,ST,ST,ST,STW,STW,STV,5<UV>,5<UV>,mute[LM],UV,TU,TU,TU,TU,TU,TU,TU,TU,TU,TU,TU,TU,TU,TU,TU,TU,TU,TU,ST,ST,STV,ST,ST,mute[LM],UV,mute[LM],UV,ST,ST,ST,ST,ST,STW,STW,STV,5<UV>,5<UV>,mute[LM],UV,TU,TU,TU,TU,TU,TU,TU,TU,TU,TU,TU,TU,TU,TU,TU,TU,TU,TU,ST,STW,STW,TU,TU,TU,TU,TU,TU,TU,TU,TU,TU,TU,TU,TU,TU,TU,TU,TU,TU,TU,TU,TU,TU,TU,TU,TU,TU,TU,TU,TU,TU,TU,TU,TU,TU,TU,TU,TU,TU,TU,TU,TU,TU,ST,STW,STV,TU,TU,TU,TU,TU,TU,TU,TU,TU,TU,TU,TU,TU,TU,TU,TU,TU,TU,TU,TU,TU,TUW,TU,TUW,TU,TU,","(e1.#c2.A-1.e.a)[JK],(d2.e1.B-1.e.b)[JK],#c2[LM],b1[LM],a1[LM],#g1[LM],(a1.e1.#c1)[JK],(d1.#g1.b1.b)[JK],(#c2.a1.#c1.a)[JK],(a1.d2.#f1)[JK],(e2.#c2.a1.e1)[JK],(a1.d2.#f2.d1)[JKN],(c2.#d2.a)[JKN],(#c2.e2)[JKM],#c2[L],d2[L],#c2[L],c2[LM],#c2[LM],(e1.d2)[KL],(b1.e1.e)[KL],(e1.e2.#g)[KL],b[KL],#g[KL],(e1.d2.e)[KL],(e1.#c2)[KL],(e1.a1.A-1)[KL],(e1.e2.#c)[KL],e[KL],#c[KL],(#c2.A-1)[KL],(#c2.e)[KL],b1[KL],(e2.e.d1)[KL],d2[KL],(b1.e.d1)[KL],#g1[KL],(d1.b1.a)[JK],e[JK],(#c1.a1.A-1)[JKM],(e1.#c2.A-1.e.a)[JK],(d2.e1.B-1.e.b)[JK],#c2[LM],b1[LM],a1[LM],#g1[LM],(a1.e1.#c1)[JK],(d1.#g1.b1.b)[JK],(#c2.a1.#c1.a)[JK],(a1.d2.#f1)[JK],(e2.#c2.a1.e1)[JK],(a1.d2.#f2.d1)[JKN],(c2.#d2.a)[JKN],(#c2.e2)[JKM],#c2[L],d2[L],#c2[L],c2[LM],#c2[LM],(e1.d2)[KL],(b1.e1.e)[KL],(e1.e2.#g)[KL],b[KL],#g[KL],(e1.d2.e)[KL],(e1.#c2)[KL],(e1.a1.A-1)[KL],(e1.e2.#c)[KL],e[KL],#c[KL],(#c2.A-1)[KL],(#c2.e)[KL],b1[KL],(e2.e.d1)[KL],d2[KL],(b1.e.d1)[KL],#g1[KL],(d1.b1.a)[JK],e[JKN],(#c1.a1.A-1)[JKN],(#f2.#f1.d1)[KL],a1[KL],(g2.g1.e1)[KL],a1[KL],(#f2.#f1.d1)[KL],a1[KL],(f2.#c1.f1)[KL],a1[KL],(#f2.#f1.d1)[KL],a1[KL],(e1.#c1)[KL],#f1[KL],(d2.d1.b)[KL],#f1[KL],(e2.#c1.e1)[KL],#f1[KL],(d2.b.d1)[KL],#f1[KL],(#c2.#c1.#a)[KL],#f1[KL],(d2.d1.b)[KL],#f1[KL],(f1.d2.a)[KL],b[KL],(e1.d2.#g)[KL],(e1.b1)[KL],(e1.e2)[KL],e[KL],#g[KL],(e1.d2.b)[KL],(e1.#c2.a)[KL],(e1.a1)[KL],(a1.e1.#c2.e2)[KL],a[KL],#c1[KL],(a2.a)[KL],(a2.e.b.d1)[KL],#g2[KL],(#g2.e.b.d1)[KL],d3[KL],(b2.e.b.d1)[KL],#g2[KL],(d2.b2.a)[JK],e[JKN],(#c2.a2.A-1)[JKM],(#f2.#f1.d1)[KL],a1[KL],(g2.g1.e1)[KL],a1[KL],(#f2.#f1.d1)[KL],a1[KL],(f2.#c1.f1)[KL],a1[KL],(#f2.#f1.d1)[KL],a1[KL],(e1.#c1)[KL],#f1[KL],(d2.d1.b)[KL],#f1[KL],(e2.#c1.e1)[KL],#f1[KL],(d2.b.d1)[KL],#f1[KL],(#c2.#c1.#a)[KL],#f1[KL],(d2.d1.b)[KL],#f1[KLN],(f1.d2.a)[KL],b[KLN],(e1.d2.#g)[KL],(e1.b1)[KL],"],"id":1},{"bpm":384,"baseBeats":0.75,"scores":["(e1.e2)[KL],e[KL],#g[KL],(e1.d2.b)[KL],(e1.#c2.a)[KL],(e1.a1)[KL],(a1.e1.#c2.e2)[KL],a[KL],#c1[KL],(a2.a)[KL],(a2.e.b.d1)[KL],#g2[KL],(#g2.e.b.d1)[KL],d3[KL],(b2.e.b.d1)[KL],#g2[KL],(d2.b2.a)[JKN],e[JKM],(#c2.a2.A-1)[JKN],(#d2.a)[KL],#c1[KL],(e2.e1)[KL],#c1[KL],a[KL],#c1[KL],(#f2.a)[LM],e2[LM],(d2.#c1)[LM],#c2[LM],(b1.e1)[KL],#c1[KL],(a1.a)[KL],#c1[KL],(f2.d)[KL],#f[KL],(#f2.a)[KL],#f[KL],d[KL],#f[KL],(#g2.d)[LM],#f2[LM],(e2.#f)[LM],d2[LM],(#c2.a)[KL],#f[KL],(b1.d)[KL],#f[KL],(#c2.e)[KL],#g[KL],(d2.b)[KL],#g[KL],e[KL],#g[KL],(e2.e)[KL],(d2.#g)[KL],(#c2.b)[KL],(b1.e1)[KL],(a1.b)[KL],(#g1.d1)[KL],(b1.#c1)[KL],(a1.e1)[KL],(#c2.b)[KL],(b1.e1)[KL],(d2.a)[KL],(#c2.e1)[KL],(a1.#c2.e)[KLN],e1[KL],(b1.e)[KL],#c2[KLN],d2[KLN],#d2[KL],(#d2.a)[KL],#c1[KL],(e2.e1)[KL],#c1[KL],a[KL],#c1[KL],(#f2.a)[LM],e2[LM],(d2.#c1)[LM],#c2[LM],(b1.e1)[KL],#c1[KL],(a1.a)[KL],#c1[KL],(f2.d)[KL],#f[KL],(#f2.a)[KL],#f[KL],d[KL],#f[KL],(#g2.d)[LM],#f2[LM],(e2.#f)[LM],d2[LM],(#c2.a)[KL],#f[KL],(b1.d)[KL],#f[KL],(#c2.e)[KL],#g[KL],(d2.b)[KL],#g[KL],e[KL],#g[KL],(e2.e)[KL],(d2.#g)[KL],(#c2.b)[KL],(b1.e1)[KL],(a1.b)[KL],(#g1.d1)[KL],(b1.#c1)[KL],(a1.e1)[KL],(#c2.b)[KL],(b1.e1)[KL],(d2.a)[KL],(#c2.e1)[KL],(#c2.a1.e)[KLN],e1[KL],#d1[KLN],e1[KLN],(#g1.b1.e)[JKN],(#d1.#d)[JK],(e1.e)[JK],(#g1.b1.#g.b)[JK],(b1.d2.b.d1)[JK],(a1.#c2.a.#c1)[KL],e2[KL],#d2[KL],e2[KL],(#d1.#d)[JK],(e1.e)[JK],(#c2.a)[JK],(e2.e.#c1)[JK],(d2.#g2.f.b)[JK],(#c2.a2.#f.a)[JK],(f2.d)[KL],#f[KL],(#f2.b)[KL],#f[KL],(f2.d)[KL],(#f2.#f)[KL],(#g2.d)[KL],(#f2.#f)[KL],(e2.b)[KL],(d2.#f)[KL],(#c2.d)[KL],(b1.#f)[KL],(a1.e)[KL],(#c2.a)[KL],(e2.#c1)[KL],(#c2.a)[KL],(d2.b.e)[KL],(b1.#g)[KL],(d1.b1.a)[JK],e[JK],(#c1.a1.A-1)[JK],(#d1.#d)[JK],(e1.e)[JK],(#g1.b1.#g.b)[JK],(b1.d2.b.d1)[JK],(a1.#c2.a.#c1)[KL],e2[KL],#d2[KL],e2[KL],(#d1.#d)[JK],(e1.e)[JK],"],"id":2},{"bpm":384,"baseBeats":0.75,"scores":["ST,ST,STW,STV,TU,TU,TU,TU,TU,TU,TU,TU,TU,TU,TU,TU,TU,TU,TU,TU,TU,TUW,ST,STV,STV,ST,ST,mute[LM],UV,mute[LM],UV,ST,ST,ST,ST,ST,ST,STV,STV,5<UV>,5<UV>,mute[LM],UV,TU,TU,TU,TU,TU,TU,TU,TU,TU,TU,TU,TU,TU,TU,TU,TU,TU,TU,STV,STV,STW,TU,TU,TU,TU,TU,TU,TU,TU,TU,TU,TU,TU,TU,TU,TU,TU,TU,TU,TU,TU,TU,TU,TU,TU,TU,TU,TU,TU,TU,TU,TU,TU,TU,TU,TU,TU,TU,TU,TU,TU,TU,TU,STW,STV,STW,TU,TU,TU,TU,TU,TU,TU,TU,TU,TU,TU,TU,TU,TU,TU,TU,TU,TU,TU,TU,TUW,TU,TUW,TUW,TU,TU,TU,TU,TU,TU,TU,TU,TU,TU,TU,TU,TU,TU,TU,TU,TU,TU,STV,STU,RSUVW,","(#c2.a)[JK],(e2.e.#c1)[JK],(d2.#g2.f.b)[JKN],(#c2.a2.#f.a)[JKM],(f2.d)[KL],#f[KL],(#f2.b)[KL],#f[KL],(f2.d)[KL],(#f2.#f)[KL],(#g2.d)[KL],(#f2.#f)[KL],(e2.b)[KL],(d2.#f)[KL],(#c2.d)[KL],(b1.#f)[KL],(a1.e)[KL],(#c2.a)[KL],(e2.#c1)[KL],(#c2.a)[KL],(d2.b.e)[KL],(b1.#g)[KLN],(d1.b1.a)[JK],e[JKM],(#c1.a1.A-1)[JKM],(e1.#c2.A-1.e.a)[JK],(d2.e1.B-1.e.b)[JK],#c2[LM],b1[LM],a1[LM],#g1[LM],(a1.e1.#c1)[JK],(d1.#g1.b1.b)[JK],(#c2.a1.#c1.a)[JK],(a1.d2.#f1)[JK],(e2.#c2.a1.e1)[JK],(a1.d2.#f2.d1)[JK],(c2.#d2.a)[JKM],(#c2.e2)[JKM],#c2[L],d2[L],#c2[L],c2[LM],#c2[LM],(e1.d2)[KL],(b1.e1.e)[KL],(e1.e2.#g)[KL],b[KL],#g[KL],(e1.d2.e)[KL],(e1.#c2)[KL],(e1.a1.A-1)[KL],(e1.e2.#c)[KL],e[KL],#c[KL],(#c2.A-1)[KL],(#c2.e)[KL],b1[KL],(e2.e.d1)[KL],d2[KL],(b1.e.d1)[KL],#g1[KL],(d1.b1.a)[JKM],e[JKM],(#c1.a1.A-1)[JKN],(#f2.#f1.d1)[KL],a1[KL],(g2.g1.e1)[KL],a1[KL],(#f2.#f1.d1)[KL],a1[KL],(f2.#c1.f1)[KL],a1[KL],(#f2.#f1.d1)[KL],a1[KL],(e1.#c1)[KL],#f1[KL],(d2.d1.b)[KL],#f1[KL],(e2.#c1.e1)[KL],#f1[KL],(d2.b.d1)[KL],#f1[KL],(#c2.#c1.#a)[KL],#f1[KL],(d2.d1.b)[KL],#f1[KL],(f1.d2.a)[KL],b[KL],(e1.d2.#g)[KL],(e1.b1)[KL],(e1.e2)[KL],e[KL],#g[KL],(e1.d2.b)[KL],(e1.#c2.a)[KL],(e1.a1)[KL],(a1.e1.#c2.e2)[KL],a[KL],#c1[KL],(a2.a)[KL],(a2.e.b.d1)[KL],#g2[KL],(#g2.e.b.d1)[KL],d3[KL],(b2.e.b.d1)[KL],#g2[KL],(d2.b2.a)[JKN],e[JKM],(#c2.a2.A-1)[JKN],(#f2.#f1.d1)[KL],a1[KL],(g2.g1.e1)[KL],a1[KL],(#f2.#f1.d1)[KL],a1[KL],(f2.#c1.f1)[KL],a1[KL],(#f2.#f1.d1)[KL],a1[KL],(e1.#c1)[KL],#f1[KL],(d2.d1.b)[KL],#f1[KL],(e2.#c1.e1)[KL],#f1[KL],(d2.b.d1)[KL],#f1[KL],(#c2.#c1.#a)[KL],#f1[KL],(d2.d1.b)[KLN],#f1[KL],(f1.d2.a)[KLN],b[KLN],(e1.d2.#g)[KL],(e1.b1)[KL],(e1.e2)[KL],e[KL],#g[KL],(e1.d2.b)[KL],(e1.#c2.a)[KL],(e1.a1)[KL],(a1.e1.#c2.e2)[KL],a[KL],#c1[KL],(a2.a)[KL],(a2.e.b.d1)[KL],#g2[KL],(#g2.e.b.d1)[KL],d3[KL],(b2.e.b.d1)[KL],#g2[KL],(d2.b2.a)[JKM],e[JKL],(#c2.a2.A-1)[IJLMN],"],"id":3}],"audition":{"start":[0,0],"end":[1,0]}}