{"baseBpm":384,"musics":[{"bpm":384,"baseBeats":0.75,"scores":["(g.G-1.g2.g1)[JK],(d.D-1.d2.d1)[JK],(d.D-1.d2.d1)[JK],(b.B-1.b2.b1)[JK],(g.G-1.g2.g1)[JK],(g.G-1.g2.g1)[JK],(e1.e.e3.e2)[JK],(#c1.#c.#c3.#c2)[JK],(d1.d.d3.d2)[IL],(c1.c.c3.c2)[KL],(b.B-1.b2.b1)[JM],(a.A-1.a2.a1)[LM],(g.G-1.g2.g1)[JK],(#d.#f.b2.b1)[JK],(e.g.g2)[JM],(#f.a.#f2)[LM],(g.b.e2)[JK],(#c.e.a1.a2)[JK],(d.#f.#f2)[JM],(e.g.e2)[LM],(#f.a.d2)[JK],(#G-1.d.f.#g)[JK],(A-1.d.#f.a)[JK],(#f.d.A-1)[JKN],(A-1.e.g.b)[JMN],#c1[LM],(#f.d.d1)[IJL],(g.G-1.g2.g1)[JK],(d.D-1.d2.d1)[JK],(d.D-1.d2.d1)[JK],(b.B-1.b2.b1)[JK],(g.G-1.g2.g1)[JK],(g.G-1.g2.g1)[JK],(e1.e.e3.e2)[JK],(#c1.#c.#c3.#c2)[JK],(d1.d.d3.d2)[IL],(c1.c.c3.c2)[KL],(b.B-1.b2.b1)[JM],(a.A-1.a2.a1)[LM],(g.G-1.g2.g1)[JK],(#d.#f.b2.b1)[JK],(e.g.g2)[JM],(#f.a.#f2)[LM],(g.b.e2)[JK],(#c.e.a1.a2)[JK],(d.#f.#f2)[JM],(e.g.e2)[LM],(#f.a.d2)[JK],(#G-1.d.f.#g)[JK],(A-1.d.#f.a)[JK],(#f.d.A-1)[JK],(A-1.e.g.b)[JL],#c1[LM],(#f.d.d1)[ILM],d1[LM],e1[LMN],#f1[LM],g1[LM],a1[LM],b1[LM],c2[JK],(D-1.d.c2)[KL],e2[LM],d2[LM],c2[LM],b1[LM],a1[LM],g1[LM],#f1[JK],(d.a.c1.#f1)[KL],d1[LM],e1[LM],#f1[LM],g1[LM],a1[LM],b1[LM],c2[JK],(D-1.d.c2)[KL],e2[LM],d2[LMN],c2[LM],b1[LM],a1[LM],g1[LM],#f1[JKM],(d.a.c1)[JKM],(g.G-1.g2.b2)[LM],#a2[LM],(g2.b2)[LM],#a2[LM],(d.D-1.b2.g2)[KL],(b2.g2)[KL],(d.D-1.b2.g2)[KL],(b2.g2)[KL],(b.B-1.g2.b2)[LM],#a2[LM],(g2.b2)[LM],#a2[LM],(g.G-1.b2.g2)[KL],(b2.g2)[KL],(g.G-1.b2.g2)[KL],(b2.g2)[KL],(e1.e.g2.b2)[LM],#a2[LM],(g2.b2)[LM],#a2[LM],(#c1.#c.g2.b2)[LM],#a2[LM],(g2.b2)[LM],#a2[LM],(d1.d.g2.b2)[KL],(g2.b2)[KL],(d.#f2.c3)[LMN],#f[LM],a[LMN],(c1.a2)[LM],(g.b.g2)[ILM],d1[LMN],e1[LM],#f1[LM],g1[LM],a1[LM],b1[LM],c2[JK],(D-1.d.c2)[KL],e2[LM],d2[LM],c2[LM],b1[LM],a1[LM],g1[LM],#f1[JK],(d.a.c1.#f1)[KL],d1[LM],e1[LM],#f1[LM],g1[LM],a1[LM],b1[LM],c2[JK],(D-1.d.c2)[KLN],e2[LM],d2[LM],c2[LM],b1[LMN],a1[LMN],g1[LM],#f1[JKMN],(d.a.c1)[JKM],(g.G-1.g2.b2)[LM],#a2[LM],(g2.b2)[LM],#a2[LM],(d.D-1.b2.g2)[KL],(b2.g2)[KL],(d.D-1.b2.g2)[KL],(b2.g2)[KL],(b.B-1.g2.b2)[LM],#a2[LM],(g2.b2)[LM],#a2[LM],(g.G-1.b2.g2)[KL],(b2.g2)[KL],(g.G-1.b2.g2)[KL],(b2.g2)[KL],(e1.e.g2.b2)[LM],#a2[LM],(g2.b2)[LM],#a2[LM],(#c1.#c.g2.b2)[LM],#a2[LM],"],"id":1},{"bpm":384,"baseBeats":0.75,"scores":["UV,mute[LM],TUW,TUV,mute[LM],mute[LM],mute[LM],mute[LM],RSVW,TU,TU,TU,TU,TU,TU,5<UV>,5<UV>,mute[LM],mute[LM],TU,TU,TU,TU,5<UV>,5<UV>,mute[LM],mute[LM],TU,TU,TU,TU,TU,TU,TU,TU,TU,TU,TU,TU,TU,TU,TU,TU,5<UV>,5<UV>,mute[LM],mute[LM],TU,TU,TU,TU,5<UV>,5<UV>,mute[LM],mute[LM],TU,TU,TU,TU,TU,TUW,STW,STV,TU,TU,TU,TU,TU,TU,5<UV>,5<UV>,mute[LM],mute[LM],TU,TU,TU,TU,5<UV>,5<UV>,mute[LM],mute[LM],TU,TU,TU,TU,TU,TU,TU,TU,TU,TU,TU,TU,TU,TU,TU,TU,5<UV>,5<UV>,mute[LM],mute[LM],TU,TU,TU,TU,5<UV>,5<UV>,mute[LM],mute[LM],TU,TU,TU,TU,TU,TUW,STW,STV,TU,TU,TU,TU,TU,TU,TU,TU,TU,TU,TU,TU,TU,TU,TU,TU,TU,TU,TU,TUW,TU,TU,TUW,TUW,TU,TU,TU,TU,TU,TU,5<UV>,5<UV>,mute[LM],mute[LM],TU,TU,TU,TU,5<UV>,5<UV>,mute[LM],mute[LM],TU,TU,TU,TU,TU,TU,STV,STV,TU,TU,TU,TU,TU,TU,TU,TU,TU,TU,TU,TU,TU,TU,TU,TU,TU,","(g2.b2)[LM],#a2[LM],(d1.d.g2.b2)[KLN],(g2.b2)[KL],(d.#f2.c3)[LM],#f[LMN],a[LM],(c1.a2)[LMN],(g.b.g2)[IJMN],(b1.d2)[KL],(d2.g2)[KL],(c2.g2)[KL],(d2.#f2)[KL],(c2.#f2)[KL],d2[KL],(b1.g2)[L],a2[L],g2[L],(d2.#f2)[LM],g2[LM],(#f1.a2)[KL],d2[KL],#f1[KL],d2[KL],(g1.b2)[L],c3[L],b2[L],(d2.a2)[LM],b2[LM],(a1.c3)[KL],d2[KL],(#f1.a2)[KL],d2[KL],(g1.b2)[KL],d2[KL],(#f1.a2)[KL],d1[KL],#c1[KL],d1[KL],(g.b.d2)[KL],(d1.g2.g1)[KL],(a.c1.g2.g1)[KL],(d1.#f2.#f1)[KL],(a.c1.#f2.#f1)[KL],d1[KL],(g.b.g2)[L],a2[L],g2[L],(d1.#f2)[LM],g2[LM],(#f.a.a2.a1)[KL],d1[KL],(d.#f)[KL],d1[KL],(g.b2)[L],c3[L],b2[L],(d1.a2)[LM],b2[LM],(e.c3.c2)[KL],g[KL],(d.d2.d3)[KL],g[KL],(c.e2.e3)[KL],c1[KLN],(d.a.c2.#f2)[JKN],(G-1.g.b1.g2)[JKM],(b1.d2)[KL],(d2.g2)[KL],(c2.g2)[KL],(d2.#f2)[KL],(c2.#f2)[KL],d2[KL],(b1.g2)[L],a2[L],g2[L],(d2.#f2)[LM],g2[LM],(#f1.a2)[KL],d2[KL],#f1[KL],d2[KL],(g1.b2)[L],c3[L],b2[L],(d2.a2)[LM],b2[LM],(a1.c3)[KL],d2[KL],(#f1.a2)[KL],d2[KL],(g1.b2)[KL],d2[KL],(#f1.a2)[KL],d1[KL],#c1[KL],d1[KL],(g.b.d2)[KL],(d1.g2.g1)[KL],(a.c1.g2.g1)[KL],(d1.#f2.#f1)[KL],(a.c1.#f2.#f1)[KL],d1[KL],(g.b.g2)[L],a2[L],g2[L],(d1.#f2)[LM],g2[LM],(#f.a.a2.a1)[KL],d1[KL],(d.#f)[KL],d1[KL],(g.b2)[L],c3[L],b2[L],(d1.a2)[LM],b2[LM],(e.c3.c2)[KL],g[KL],(d.d2.d3)[KL],g[KL],(c.e2.e3)[KL],c1[KLN],(d.a.c2.#f2)[JKN],(G-1.g.b1.g2)[JKM],(g1.e3)[KL],(b1.e3)[KL],(#f1.e3)[KL],(a1.d3)[KL],(#f1.#c3)[KL],(a1.d3)[KL],(e1.c3)[KL],(g1.c3)[KL],(d1.c3)[KL],(#f1.b2)[KL],(d1.#a2)[KL],(#f1.b2)[KL],(c1.a2)[KL],(e1.a2)[KL],(b.a2)[KL],(d1.g2)[KL],(a.#f2)[KL],(c1.g2)[KL],(g.#f2)[KL],(b.g2)[KLN],(d.d1.b2)[KL],a2[KL],#f2[KLN],d2[KLN],(g.b.d2)[KL],(d1.g2.g1)[KL],(a.c1.g2.g1)[KL],(d1.#f2.#f1)[KL],(a.c1.#f2.#f1)[KL],d1[KL],(g.b.g2)[L],a2[L],g2[L],(d1.#f2)[LM],g2[LM],(#f.a.a2.a1)[KL],d1[KL],(d.#f)[KL],d1[KL],(g.b2)[L],c3[L],b2[L],(d1.a2)[LM],b2[LM],(e.c3.c2)[KL],g[KL],(d.d2.d3)[KL],g[KL],(c.e2.e3)[KL],c1[KL],(d.a.c2.#f2)[JKM],(G-1.g.b1.g2)[JKM],(g1.e3)[KL],(b1.e3)[KL],(#f1.e3)[KL],(a1.d3)[KL],(#f1.#c3)[KL],(a1.d3)[KL],(e1.c3)[KL],(g1.c3)[KL],(d1.c3)[KL],(#f1.b2)[KL],(d1.#a2)[KL],(#f1.b2)[KL],(c1.a2)[KL],(e1.a2)[KL],(b.a2)[KL],(d1.g2)[KL],(a.#f2)[KL],"],"id":2},{"bpm":384,"baseBeats":0.75,"scores":["TU,TU,TU,TUW,TU,TUW,TUW,TU,TU,TU,TU,TU,TU,5<UV>,5<UV>,mute[LM],mute[LM],TU,TU,TU,TUW,5<UV>,5<UV>,mute[LM],mute[LM],TU,TU,TUW,TU,TUW,TUW,STW,STV,ST,ST,ST,ST,ST,ST,ST,ST,RU,TU,SV,mute[LM],ST,ST,SV,mute[LM],ST,ST,SV,mute[LM],ST,ST,ST,STW,SVW,mute[LM],RT,mute[LM],mute[LM],mute[LM],mute[LM],mute[LM],mute[LM],ST,TU,mute[LM],mute[LM],mute[LM],mute[LM],mute[LM],mute[LM],ST,TU,mute[LM],mute[LM],mute[LM],mute[LM],mute[LM],mute[LM],ST,TUV,mute[LM],mute[LM],mute[LM],mute[LM],mute[LM],mute[LM],STVW,STVW,mute[LM],mute[LM],mute[LM],mute[LM],TU,TU,TU,TU,mute[LM],mute[LM],mute[LM],mute[LM],TU,TU,TU,TU,mute[LM],mute[LM],mute[LM],mute[LM],mute[LM],mute[LM],mute[LM],mute[LM],TU,TUV,mute[LM],mute[LM],mute[LM],mute[LM],RUVW,mute[LM],mute[LM],mute[LM],mute[LM],mute[LM],mute[LM],ST,TU,mute[LM],mute[LM],mute[LM],mute[LM],mute[LM],mute[LM],ST,TU,mute[LM],mute[LM],mute[LM],mute[LM],mute[LM],mute[LM],ST,TUVW,mute[LM],mute[LM],mute[LM],mute[LM],mute[LM],mute[LM],STVW,STVW,mute[LM],mute[LM],mute[LM],mute[LM],TU,TU,TU,TU,mute[LM],mute[LM],mute[LM],mute[LM],TU,TU,TU,TUV,mute[LM],mute[LM],mute[LM],mute[LM],mute[LM],mute[LM],mute[LM],mute[LM],TU,SW,mute[LM],mute[LM],mute[LM],mute[LM],STU,","(c1.g2)[KL],(g.#f2)[KL],(b.g2)[KL],(d.d1.b2)[KLN],a2[KL],#f2[KLN],d2[KLN],(g.b.d2)[KL],(d1.g2.g1)[KL],(a.c1.g2.g1)[KL],(d1.#f2.#f1)[KL],(a.c1.#f2.#f1)[KL],d1[KL],(g.b.g2)[L],a2[L],g2[L],(d1.#f2)[LM],g2[LM],(#f.a.a2.a1)[KL],d1[KL],(d.#f)[KL],d1[KL],(g.b2)[L],c3[L],b2[L],(d1.a2)[LMN],b2[LM],(e.c3.c2)[KL],g[KL],(d.d2.d3)[KLN],g[KL],(c.e2.e3)[KLN],c1[KLN],(d.a.c2.#f2)[JKN],(G-1.g.b1.g2)[JKM],(g.G-1.g2.g1)[JK],(d.D-1.d2.d1)[JK],(d.D-1.d2.d1)[JK],(b.B-1.b2.b1)[JK],(g.G-1.g2.g1)[JK],(g.G-1.g2.g1)[JK],(e1.e.e3.e2)[JK],(#c1.#c.#c3.#c2)[JK],(d1.d.d3.d2)[IL],(c1.c.c3.c2)[KL],(b.B-1.b2.b1)[JM],(a.A-1.a2.a1)[LM],(g.G-1.g2.g1)[JK],(#d.#f.b2.b1)[JK],(e.g.g2)[JM],(#f.a.#f2)[LM],(g.b.e2)[JK],(#c.e.a1.a2)[JK],(d.#f.#f2)[JM],(e.g.e2)[LM],(#f.a.d2)[JK],(#G-1.d.f.#g)[JK],(A-1.d.#f.a)[JK],(#f.d.A-1)[JKN],(A-1.e.g.b)[JMN],#c1[LM],(#f.d.d1)[ILMN],d1[LM],e1[LMN],#f1[LM],g1[LM],a1[LM],b1[LM],c2[JK],(D-1.d.c2)[KL],e2[LM],d2[LM],c2[LM],b1[LM],a1[LM],g1[LM],#f1[JK],(d.a.c1.#f1)[KL],d1[LM],e1[LM],#f1[LM],g1[LM],a1[LM],b1[LM],c2[JK],(D-1.d.c2)[KL],e2[LM],d2[LM],c2[LMN],b1[LM],a1[LMN],g1[LM],#f1[JKMN],(d.a.c1)[JKMN],(g.G-1.g2.b2)[LM],#a2[LM],(g2.b2)[LM],#a2[LM],(d.D-1.b2.g2)[KL],(b2.g2)[KL],(d.D-1.b2.g2)[KL],(b2.g2)[KL],(b.B-1.g2.b2)[LM],#a2[LM],(g2.b2)[LM],#a2[LM],(g.G-1.b2.g2)[KL],(b2.g2)[KL],(g.G-1.b2.g2)[KL],(b2.g2)[KL],(e1.e.g2.b2)[LM],#a2[LM],(g2.b2)[LM],#a2[LM],(#c1.#c.g2.b2)[LM],#a2[LM],(g2.b2)[LM],#a2[LM],(d1.d.g2.b2)[KL],(g2.b2)[KL],(d.#f2.c3)[LM],#f[LMN],a[LMN],(c1.a2)[LM],(g.b.g2)[ILM],d1[LM],e1[LMN],#f1[LM],g1[LM],a1[LM],b1[LM],c2[JK],(D-1.d.c2)[KL],e2[LM],d2[LM],c2[LM],b1[LM],a1[LM],g1[LM],#f1[JK],(d.a.c1.#f1)[KL],d1[LM],e1[LM],#f1[LM],g1[LM],a1[LM],b1[LM],c2[JK],(D-1.d.c2)[KLN],e2[LM],d2[LM],c2[LM],b1[LM],a1[LMN],g1[LMN],#f1[JKMN],(d.a.c1)[JKMN],(g.G-1.g2.b2)[LM],#a2[LM],(g2.b2)[LM],#a2[LM],(d.D-1.b2.g2)[KL],(b2.g2)[KL],(d.D-1.b2.g2)[KL],(b2.g2)[KL],(b.B-1.g2.b2)[LM],#a2[LM],(g2.b2)[LM],#a2[LM],(g.G-1.b2.g2)[KL],(b2.g2)[KL],(g.G-1.b2.g2)[KL],(b2.g2)[KL],(e1.e.g2.b2)[LM],#a2[LM],(g2.b2)[LM],#a2[LMN],(#c1.#c.g2.b2)[LM],#a2[LM],(g2.b2)[LM],#a2[LMN],(d1.d.g2.b2)[KL],(g2.b2)[KLN],(d.#f2.c3)[LMN],#f[LMN],a[LMN],(c1.a2)[LMN],(g.b.g2)[JKL],"],"id":3}],"audition":{"start":[0,0],"end":[1,0]}}