{"baseBpm":360,"musics":[{"bpm":360,"baseBeats":0.75,"scores":["a[JK],(D-1.#F-1.A-1.d.d1)[KL],a[LM],d1[LM],#f1[KL],d1[LM],#f1[LM],a1[KL],#f1[LM],a1[LM],d2[KL],a1[LM],d2[LM],#f2[KL],d2[LM],#f2[LM],a2[KL],#f2[LM],a2[LM],(d3.d2)[JK],(#f.a.d1)[JK],(g.b.e1.#c3)[LM],b2[LM],a2[LM],g2[LM],(a.d1.#f1.d2.#f2)[JK],(#c1.e1.#c2.e2)[JK],d2[JK],(B-1.d.g.g2)[JM],(d.B-1.g)[LM],(B-1.d.g)[KL],b2[LM],a2[LM],g2[KL],b2[LM],a2[LM],(#c.e.a.g2)[JM],(#c.e.a)[LM],(#c.e.a)[LM],#f2[LM],e2[LM],d2[LM],#c2[LM],b1[LM],a1[LM],g1[LM],(d.a.#f1)[JK],(G-1.b.e1.g1)[JK],(A-1.g.#c1.e1)[JK],(D-1.d.a.d1)[IJ],a[JK],(D-1.#F-1.A-1.d.d1)[KL],a[LM],d1[LM],#f1[KL],d1[LM],#f1[LM],a1[KL],#f1[LM],a1[LM],d2[KL],a1[LM],d2[LM],#f2[KL],d2[LM],#f2[LM],a2[KL],#f2[LM],a2[LM],(d3.d2)[JK],(#f.a.d1)[JK],(g.b.e1.#c3)[LM],b2[LM],a2[LM],g2[LM],(a.d1.#f1.d2.#f2)[JK],(#c1.e1.#c2.e2)[JK],d2[JK],(B-1.d.g.g2)[JM],(d.B-1.g)[LM],(B-1.d.g)[KL],b2[LM],a2[LM],g2[KL],b2[LM],a2[LM],(#c.e.a.g2)[JM],(#c.e.a)[LM],(#c.e.a)[LM],#f2[LM],e2[LM],d2[LM],#c2[LM],b1[LM],a1[LM],g1[LM],(d.a.#f1)[JK],(G-1.b.e1.g1)[JKN],(A-1.g.#c1.e1)[JKN],(D-1.d.a.d1)[IJL],a1[JK],(#c1.a.a2)[JK],(d1.b)[KL],#g2[LM],a2[LM],b2[LM],a2[LM],#g2[LM],a2[LM],(#c1.a.a2)[JK],(d1.b)[KL],#g2[LM],a2[LM],b2[LM],a2[LM],#g2[LM],a2[LM],(#c1.e1.a2)[JK],(f1.d1)[KL],#g2[LM],a2[LM],(#d1.#f1.b2)[LM],a2[LM],#g2[LM],a2[LM],(g1.e1.b2)[LM],a2[LM],#g2[LM],a2[LM],(#g1.f1.b2)[LM],a2[LM],#g2[LM],a2[LMN],(a1.#f1.b2)[LM],a2[LMN],#g2[LM],a2[LM],(#a1.g1.#a2)[JK],(G-1.#A-1.#d.g)[KL],g2[LM],#g2[LM],(G-1.#A-1.#d.g.#a2)[KL],g2[LM],#g2[LM],(G-1.#A-1.#d.g.#a2)[JM],g2[LM],#d2[JK],(#G-1.B-1.d.f.d1.f1.b1.d2)[JK],(A-1.d.#f.d1.#f1.a1.d2)[JK],(a.A-1)[JKN],(a.A-1.g1.e2)[JMN],(e1.#c2)[LMN],(D-1.d.#f1.d2)[IJMN],a1[JK],(#c1.a.a2)[JK],(d1.b)[KL],#g2[LM],a2[LM],b2[LM],a2[LM],#g2[LM],a2[LM],(#c1.a.a2)[JK],(d1.b)[KL],#g2[LM],a2[LM],b2[LM],a2[LM],#g2[LM],a2[LM],(#c1.e1.a2)[JK],(f1.d1)[KL],#g2[LM],a2[LM],(#d1.#f1.b2)[LM],a2[LM],#g2[LM],a2[LM],(g1.e1.b2)[LM],a2[LM],#g2[LM],a2[LM],(#g1.f1.b2)[LM],a2[LMN],#g2[LM],a2[LM],(a1.#f1.b2)[LMN],a2[LM],#g2[LM],a2[LMN],(#a1.g1.#a2)[JK],(G-1.#A-1.#d.g)[KL],g2[LM],#g2[LM],(G-1.#A-1.#d.g.#a2)[KL],g2[LM],#g2[LM],(G-1.#A-1.#d.g.#a2)[JM],g2[LM],#d2[JK],(#G-1.B-1.d.f.d1.f1.b1.d2)[JK],(A-1.d.#f.d1.#f1.a1.d2)[JK],(a.A-1)[JKN],(a.A-1.g1.e2)[JMN],(e1.#c2)[LMN],"],"id":1},{"bpm":360,"baseBeats":0.75,"scores":["(D-1.d.#f1.d2)[IJMN],a[JK],(d.a.d1.#f1)[JK],(d.a.d1.#f1)[JK],(d.a.d1.#f1)[JM],(d.a.d1.#f1)[LM],(e.g1.a.#c1)[JK],a2[KL],#g2[KL],a2[KL],#g2[KL],(A-1.a.a2)[JK],(A-1.a.#c1.e1)[JK],(a.A-1.#c1.e1)[JM],(A-1.a.#c1.e1)[LM],(a.d.d1.#f1)[JK],a2[KL],#g2[KL],a2[KL],g2[KL],(d2.#f2)[KL],(d2.#f2)[KL],(d2.#f2)[KL],(d2.#f2)[KL],(d2.#f2)[KL],(d2.#f2)[KL],(d2.b2.f2)[KL],(d2.b2.f2)[KL],(d2.b2.f2)[KL],(d2.b2.f2)[KL],(d2.b2.f2)[KL],(d2.b2.f2)[KL],(e1.b1.d2.e3.#g2)[KL],(e1.b1.d2.e3.#g2)[KL],(e1.b1.d2.e3.#g2)[KL],(e1.b1.d2.e3.#g2)[KLN],(e1.b1.d2.e3.#g2)[KL],(e1.b1.d2.e3.#g2)[KLM],(a1.#c2.a2)[IJMN],a[JK],(d.a.d1.#f1)[JK],(d.a.d1.#f1)[JK],(d.a.d1.#f1)[JM],(d.a.d1.#f1)[LM],(e.g1.a.#c1)[JK],a2[KL],#g2[KL],a2[KL],#g2[KL],(A-1.a.a2)[JK],(A-1.a.#c1.e1)[JK],(a.A-1.#c1.e1)[JM],(A-1.a.#c1.e1)[LM],(a.d.d1.#f1)[JK],a2[KL],#g2[KL],a2[KL],g2[KL],(d2.#f2)[KL],(d2.#f2)[KL],(d2.#f2)[KL],(d2.#f2)[KL],(d2.#f2)[KL],(d2.#f2)[KL],(d2.b2.f2)[KL],(d2.b2.f2)[KL],(d2.b2.f2)[KL],(d2.b2.f2)[KL],(d2.b2.f2)[KL],(d2.b2.f2)[KL],(e1.b1.d2.e3.#g2)[KL],(e1.b1.d2.e3.#g2)[KL],(e1.b1.d2.e3.#g2)[KL],(e1.b1.d2.e3.#g2)[KLN],(e1.b1.d2.e3.#g2)[KL],(e1.b1.d2.e3.#g2)[KLM],(a1.#c2.a2)[IJLM],(A-2.A-1.a.#c1.e1)[JM],(A-2.A-1.a.#c1.e1)[LM],(D-1.d.a.d1.#f1)[JK],(E-1.e.a.#c1.g1)[JK],(a.e1.#c2.e2)[JM],(a.e1.#c2.e2)[LM],(#f1.d1.#f2.d2)[JK],(g1.e1.#c2.g2)[JK],(E-1.e.a.#c1.g1)[JM],(E-1.e.a.#c1.g1)[LM],(D-1.d.a.d1.#f1)[JK],(A-2.A-1.a.#c1.e1)[JK],(g1.e1.#c2.g2)[JM],(e1.g1.#c2.g2)[LM],(#f1.d1.#f2.d2)[JK],(a.e1.#c2.e2)[JK],(d2.d3.#f2)[JM],(d2.d3.#f2)[LM],(b1.d2.f2.#g2.d3)[KL],(b1.d2.f2.#g2.d3)[KL],(b1.d2.f2.#g2.d3)[KL],(b1.d2.f2.#g2.d3)[KL],(b1.d2.f2.#g2.d3)[KL],(b1.d2.f2.#g2.d3)[KL],(#a1.d2.f2.#g2.d3)[KL],(#a1.d2.f2.#g2.d3)[KL],(#a1.d2.f2.#g2.d3)[KL],(#a1.d2.f2.#g2.d3)[KL],(#a1.d2.f2.#g2.d3)[KL],(#a1.d2.f2.#g2.d3)[KL],(a1.d2.#f2.a2.d3)[KL],(a1.d2.#f2.a2.d3)[KL],(a1.d2.#f2.a2.d3)[KLN],(a1.d2.#f2.a2.d3)[KL],(#c2.a1.g2.e3.a2)[KLN],(e2.a1.g2.#c3.a2)[KLN],(d1.d2.d3.#f2.a2)[IJMN],(A-2.A-1.a.#c1.e1)[JM],(A-2.A-1.a.#c1.e1)[LM],(D-1.d.a.d1.#f1)[JK],(E-1.e.a.#c1.g1)[JK],(a.e1.#c2.e2)[JM],(a.e1.#c2.e2)[LM],(#f1.d1.#f2.d2)[JK],(g1.e1.#c2.g2)[JK],(E-1.e.a.#c1.g1)[JM],(E-1.e.a.#c1.g1)[LM],(D-1.d.a.d1.#f1)[JK],(A-2.A-1.a.#c1.e1)[JK],(g1.e1.#c2.g2)[JM],(e1.g1.#c2.g2)[LM],"],"id":2},{"bpm":360,"baseBeats":0.75,"scores":["(#f1.d1.#f2.d2)[JKN],(a.e1.#c2.e2)[JKM],(d2.d3.#f2)[JMN],(d2.d3.#f2)[LM],(b1.d2.f2.#g2.d3)[KL],(b1.d2.f2.#g2.d3)[KL],(b1.d2.f2.#g2.d3)[KL],(b1.d2.f2.#g2.d3)[KL],(b1.d2.f2.#g2.d3)[KL],(b1.d2.f2.#g2.d3)[KL],(#a1.d2.f2.#g2.d3)[KL],(#a1.d2.f2.#g2.d3)[KL],(#a1.d2.f2.#g2.d3)[KL],(#a1.d2.f2.#g2.d3)[KL],(#a1.d2.f2.#g2.d3)[KL],(#a1.d2.f2.#g2.d3)[KL],(a1.d2.#f2.a2.d3)[KL],(a1.d2.#f2.a2.d3)[KL],(a1.d2.#f2.a2.d3)[KL],(a1.d2.#f2.a2.d3)[KLN],(#c2.a1.g2.e3.a2)[KLN],(e2.a1.g2.#c3.a2)[KLM],(d1.d2.d3.#f2.a2)[IJLM],a[JK],(D-1.#F-1.A-1.d.d1)[KL],a[LM],d1[LM],#f1[KL],d1[LM],#f1[LM],a1[KL],#f1[LM],a1[LM],d2[KL],a1[LM],d2[LM],#f2[KL],d2[LM],#f2[LM],a2[KL],#f2[LM],a2[LM],(d3.d2)[JK],(#f.a.d1)[JK],(g.b.e1.#c3)[LM],b2[LM],a2[LM],g2[LM],(a.d1.#f1.d2.#f2)[JK],(#c1.e1.#c2.e2)[JK],d2[JK],(B-1.d.g.g2)[JM],(d.B-1.g)[LM],(B-1.d.g)[KL],b2[LM],a2[LM],g2[KL],b2[LM],a2[LM],(#c.e.a.g2)[JM],(#c.e.a)[LM],(#c.e.a)[LM],#f2[LM],e2[LM],d2[LM],#c2[LM],b1[LM],a1[LM],g1[LM],(d.a.#f1)[JK],(G-1.b.e1.g1)[JKN],(A-1.g.#c1.e1)[JKN],(D-1.d.a.d1)[IJL],a1[JK],(#c1.a.a2)[JK],(d1.b)[KL],#g2[LM],a2[LM],b2[LM],a2[LM],#g2[LM],a2[LM],(#c1.a.a2)[JK],(d1.b)[KL],#g2[LM],a2[LM],b2[LM],a2[LM],#g2[LM],a2[LM],(#c1.e1.a2)[JK],(f1.d1)[KL],#g2[LM],a2[LM],(#d1.#f1.b2)[LM],a2[LM],#g2[LM],a2[LM],(g1.e1.b2)[LM],a2[LM],#g2[LM],a2[LM],(#g1.f1.b2)[LM],a2[LM],#g2[LM],a2[LM],(a1.#f1.b2)[LM],a2[LM],#g2[LM],a2[LM],(#a1.g1.#a2)[JK],(G-1.#A-1.#d.g)[KL],g2[LM],#g2[LM],(G-1.#A-1.#d.g.#a2)[KL],g2[LM],#g2[LM],(G-1.#A-1.#d.g.#a2)[JM],g2[LM],#d2[JK],(#G-1.B-1.d.f.d1.f1.b1.d2)[JK],(A-1.d.#f.d1.#f1.a1.d2)[JK],(a.A-1)[JK],(a.A-1.g1.e2)[JL],(e1.#c2)[LM],(D-1.d.#f1.d2)[IJL],a1[JK],(#c1.a.a2)[JK],(d1.b)[KL],#g2[LM],a2[LM],b2[LM],a2[LM],#g2[LM],a2[LM],(#c1.a.a2)[JK],(d1.b)[KL],#g2[LM],a2[LM],b2[LM],a2[LM],#g2[LM],a2[LM],(#c1.e1.a2)[JK],(f1.d1)[KL],#g2[LM],a2[LM],(#d1.#f1.b2)[LM],a2[LM],#g2[LM],a2[LM],(g1.e1.b2)[LM],a2[LM],#g2[LM],a2[LM],(#g1.f1.b2)[LM],a2[LM],#g2[LM],a2[LM],(a1.#f1.b2)[LMN],a2[LMN],#g2[LM],a2[LMN],(#a1.g1.#a2)[JK],(G-1.#A-1.#d.g)[KL],g2[LM],#g2[LM],(G-1.#A-1.#d.g.#a2)[KL],g2[LM],#g2[LM],(G-1.#A-1.#d.g.#a2)[JM],g2[LM],#d2[JK],(#G-1.B-1.d.f.d1.f1.b1.d2)[JKN],(A-1.d.#f.d1.#f1.a1.d2)[JKN],(a.A-1)[JKM],(a.A-1.g1.e2)[JLN],(e1.#c2)[K],(D-1.d.#f1.d2)[JKL],"],"id":3}],"audition":{"start":[0,0],"end":[1,0]}}