{"baseBpm":78,"musics":[{"bpm":78,"baseBeats":0.25,"scores":["(#d.#d1)[L],(c1.c2)[LM],(#a.#a1)[M],(#g.#g1)[M],(g.g1)[M],(f.f1)[M],(#d.#d1)[L],(#c.#c1)[M],(c.c1)[L],(#A-1.#a)[M],(#G-1.#g)[M],(#D-1.g)[M],#g[M],#a[M],c1[M],(#d.#c1)[M],(#c.#d1)[M],(c.f1)[M],(#A-1.g1)[M],(#G-1.#g1)[L],(c1.#g.#d)[L],#D-1[L],(c1.#g.#d)[L],(#G-1.c2.#g1)[L],(c1.#g.#d.c2.#g1)[L],#D-1[L],(c1.#g.#d.#d2.c2)[L],(#G-1.f2.b1)[M],(#d2.c2)[M],(c1.#g.#d)[M],(f2.b1)[M],(#D-1.#d2.c2)[M],(f2.b1)[M],(c1.#g.#d.#d2.c2)[L],(#C-1.#a2.e2)[M],(#g2.f2)[M],(#c1.#g.f)[M],(#a2.e2)[M],(#C-1.#g2.f2)[M],(#a2.e2)[M],(#c1.#g.f.#g2.f2)[M],(#d2.c2)[M],#G-1[L],(c1.#g.#d.#d1)[M],f1[M],(#D-1.g1)[M],#g1[M],(c1.#g.#d.#a1)[M],b1[M],(#G-1.c2.#g1)[L],(c1.#g.#d.c2.#g1)[L],#D-1[L],(c1.#g.#d.#d2.c2)[L],(#G-1.f2.b1)[M],(#d2.c2)[M],(c1.#g.#d)[M],(f2.b1)[M],(A-1.#d2.c2)[M],(#d2.c2)[M],(#d1.a.#f.#d2.c2)[L],(#A-1.#d2)[M],(g1.#a1)[M],(#d1.#a.g)[M],#d2[M],(#A-1.#g1.d2)[M],#d2[M],(d1.#a.#g1.f2)[L],(#d1.#d.#d2.g1)[L],(#c1.#c)[L],(c1.c)[M],#d1[M],(#a.#A-1.g1)[M],#c2[M],(#g.#G-1.c2.#g1)[L],(c1.#g.#d.c2.#g1)[L],#D-1[L],(c1.#g.#d.#d2.c2)[L],(#G-1.f2.b1)[M],(#d2.c2)[M],(c1.#g.#d)[M],(f2.b1)[M],(#D-1.#d2.c2)[M],(f2.b1)[M],(c1.#g.#d.#d2.c2)[L],(#C-1.#a2.e2)[M],(#g2.f2)[M],(#c1.#g.f)[M],(#a2.e2)[M],(#c1.#c.#g2.f2)[M],(#g2.f2)[M],(#c1.#c.#a2.g2.f2)[M],(c3.g2.e2)[M],(c1.c)[M],c2[M],(g.G-1.e2)[M],g2[M],(c.C-1.c3)[L],g2[M],#g2[M],(#c.#C-1.#a2.e2)[M],(#g2.f2)[M],(#c1.#g.f)[M],(#a2.e2)[M],(#c.#C-1.#g2.f2)[M],(#a2.e2)[M],(#c1.#g.f.#g2.f2)[M],(#d2.c2)[M],(#g.#G-1)[M],(f2.#c2)[M],(c1.#g.#d.#d2.c2)[M],(#c2.#a1)[M],(#g.#G-1.c2.#g1)[M],(#d2.c2)[M],(c1.#g.#d)[M],(#d2.c2)[M],(#d.#D-1.#d2.a1)[M],(#c2.#a1)[M],(#c1.g.#d)[M],(#d2.a1)[M],(#d.#D-1.#c2.#a1)[M],(c2.g1.#c1)[M],(#d.#D-1.#a1.g1.#c1)[L],(#d.#G-1.#g1.c1)[L],#D-1[L],F-1[L],G-1[L],(#G-1.c2.#g1)[L],(c1.#g.#d.c2.#g1)[L],#D-1[L],(c1.#g.#d.#d2.c2)[L],(#G-1.f2.b1)[M],(#d2.c2)[M],(c1.#g.#d)[M],(f2.b1)[M],(#D-1.#d2.c2)[M],(f2.b1)[M],(c1.#g.#d.#d2.c2)[L],(#C-1.#a2.e2)[M],(#g2.f2)[M],(#c1.#g.f)[M],(#a2.e2)[M],(#C-1.#g2.f2)[M],(#a2.e2)[M],(#c1.#g.f.#g2.f2)[M],(#d2.c2)[M],#G-1[L],(c1.#g.#d.#d1)[M],f1[M],(#D-1.g1)[M],#g1[M],(c1.#g.#d.#a1)[M],b1[M],(#G-1.c2.#g1)[L],(c1.#g.#d.c2.#g1)[L],#D-1[L],(c1.#g.#d.#d2.c2)[L],(#G-1.f2.b1)[M],(#d2.c2)[M],(c1.#g.#d)[M],(f2.b1)[M],(A-1.#d2.c2)[M],(#d2.c2)[M],(#d1.a.#f.#d2.c2)[L],(#A-1.#d2)[M],(g1.#a1)[M],(#d1.#a.g)[M],#d2[M],(#A-1.#g1.d2)[M],#d2[M],(d1.#a.#g1.f2)[L],(#d1.#d.#d2.g1)[L],(#c1.#c)[L],(c1.c)[M],#d1[M],(#a.#A-1.g1)[M],#c2[M],(#g.#G-1.c2.#g1)[L],(c1.#g.#d.c2.#g1)[L],#D-1[L],(c1.#g.#d.#d2.c2)[L],(#G-1.f2.b1)[M],(#d2.c2)[M],(c1.#g.#d)[M],(f2.b1)[M],(#D-1.#d2.c2)[M],(f2.b1)[M],(c1.#g.#d.#d2.c2)[L],(#C-1.#a2.e2)[M],(#g2.f2)[M],(#c1.#g.f)[M],(#a2.e2)[M],(#c1.#c.#g2.f2)[M],(#g2.f2)[M],(#c1.#c.#a2.g2.f2)[M],(c3.g2.e2)[M],(c1.c)[M],c2[M],(g.G-1.e2)[M],g2[M],(c.C-1.c3)[L],g2[M],#g2[M],(#c.#C-1.#a2.e2)[M],(#g2.f2)[M],(#c1.#g.f)[M],(#a2.e2)[M],(#c.#C-1.#g2.f2)[M],(#a2.e2)[M],(#c1.#g.f.#g2.f2)[M],(#d2.c2)[M],(#g.#G-1)[M],(f2.#c2)[M],(c1.#g.#d.#d2.c2)[M],(#c2.#a1)[M],(#g.#G-1.c2.#g1)[M],(#d2.c2)[M],(c1.#g.#d)[M],(#d2.c2)[M],(#d.#D-1.#d2.a1)[M],(#c2.#a1)[M],(#c1.g.#d)[M],(#d2.a1)[M],(#d.#D-1.#c2.#a1)[M],(c2.g1.#c1)[M],(#d.#D-1.#a1.g1.#c1)[L],(#g.#G-1.#g1.c1)[L],(#d.#D-1)[L],(#G-1.#G-2.#g2.#d2.c2.#g1)[L],#d1[M],e1[M],(#d.#D-1.f1)[M],#f1[M],(#c1.#a.#d.g1)[M],(#a1.g1)[M],(g.G-1)[M],#d2[M],(#c1.g.#d.#c2)[M],#a1[M],(#a.#A-1.f1)[M],#f1[M],(#c1.#a.g.#d.g1)[M],(c2.g1)[M],(#a.#A-1)[M],#a1[M],"],"id":1,"instruments":["piano","piano"],"alternatives":["",""]},{"bpm":78,"baseBeats":0.25,"scores":["(b.B-1.f1)[M],g1[M],(c1.c.#g1)[M],#d1[M],(c1.#g.#d.f1)[M],g1[M],(#d.#D-1.#g1)[M],a1[M],(c1.#g.#d.#a1)[M],b1[M],(#g.#G-1.c2)[M],b1[M],(c1.#g.#d.c2)[M],(f2.c2)[M],(#d.#D-1)[M],#d2[M],(c1.#g.#d.#a1)[M],c2[M],(#a.#A-1.#c2)[M],#a2[M],(#c1.g.#d)[M],c2[M],(#d.#D-1.#c2)[M],#a2[M],(#c1.g.#d)[M],c2[M],(#a.#A-1.#c2)[M],#a2[M],(#c1.g.#d)[M],#g2[M],(#d.#D-1.g2)[M],f2[M],(g.G-1.#d2)[M],#c2[M],(#g.#G-1.c2)[M],#g2[M],(c1.#g.#d)[M],b1[M],(#d.#D-1.c2)[M],#g2[M],(c1.#g.#d)[M],b1[M],(#g.#G-1.c2)[M],#g2[M],(c1.#g.#d)[M],f2[M],(#d.#D-1.#d2)[M],c2[M],(c1.#g.#d.#a1)[M],#g1[M],(f.F-1.g1)[M],#g1[M],(#d1.a.f.a1)[M],(f2.a1)[M],(a.A-1)[M],#d2[M],(#d1.a.f.c2)[M],a1[M],(c1.c.g1)[M],#g1[M],(#d1.a.f.a1)[M],(f2.a1)[M],(f.F-1)[M],(#d2.c2)[M],(#d1.a.f.f2.a1)[M],(#d2.c2)[M],(#A-1.#c2.#a1)[M],(c2.a1)[M],(#c1.#a.f.#c2.#a1)[M],f1[M],#c[M],a1[M],(#c1.#a.f.#a1)[M],#c2[M],(#A-1.f2)[M],c2[M],(#a.f.#c2)[M],#a1[M],(#a.f.#c)[M],f1[M],#c1[M],#a[M],(d.b)[M],(f.d1)[M],(#g.f1)[M],(b.#g1)[M],(d1.b1)[M],(d1.b1)[L],(d1.b1)[L],(f1.d2)[M],(#g1.f2)[M],(b1.#g2)[M],(d2.b2)[K],(#d2.#g1.c3)[M],#g2[M],#d2[M],c2[M],c2[M],#g1[M],c1[M],#d1[M],(#d.#D-1.#a1.g1.#d1.#c1)[M],(#a1.g1.#d1.#c1)[M],(#d.#D-1)[M],(#g1.#d1.c1)[M],(#g.#G-1)[L],#d1[M],e1[M],(#d.#D-1.f1)[M],#f1[M],(#c1.#a.#d.g1)[M],(#a1.g1)[M],(g.G-1)[M],#d2[M],(#c1.g.#d.#c2)[M],#a1[M],(#a.#A-1.f1)[M],#f1[M],(#c1.#a.g.#d.g1)[M],(c2.g1)[M],(#a.#A-1)[M],#a1[M],(b.B-1.f1)[M],g1[M],(c1.c.#g1)[M],#d1[M],(c1.#g.#d.f1)[M],g1[M],(#d.#D-1.#g1)[M],a1[M],(c1.#g.#d.#a1)[M],b1[M],(#g.#G-1.c2)[M],b1[M],(c1.#g.#d.c2)[M],(f2.c2)[M],(#d.#D-1)[M],#d2[M],(c1.#g.#d.#a1)[M],c2[M],(#a.#A-1.#c2)[M],#a2[M],(#c1.g.#d)[M],c2[M],(#d.#D-1.#c2)[M],#a2[M],(#c1.g.#d)[M],c2[M],(#a.#A-1.#c2)[M],#a2[M],(#c1.g.#d)[M],#g2[M],(#d.#D-1.g2)[M],f2[M],(g.G-1.#d2)[M],#c2[M],(#g.#G-1.c2)[M],#g2[M],(c1.#g.#d)[M],b1[M],(#d.#D-1.c2)[M],#g2[M],(c1.#g.#d)[M],b1[M],(#g.#G-1.c2)[M],#g2[M],(c1.#g.#d)[M],f2[M],(#d.#D-1.#d2)[M],c2[M],(c1.#g.#d.#a1)[M],#g1[M],(f.F-1.g1)[M],#g1[M],(#d1.a.f.a1)[M],(f2.a1)[M],(a.A-1)[M],#d2[M],(#d1.a.f.c2)[M],a1[M],(c1.c.g1)[M],#g1[M],(#d1.a.f.a1)[M],(f2.a1)[M],(f.F-1)[M],(#d2.c2)[M],(#d1.a.f.f2.a1)[M],(#d2.c2)[M],(#A-1.#c2.#a1)[M],(c2.a1)[M],(#c1.#a.f.#c2.#a1)[M],f1[M],#c[M],a1[M],(#c1.#a.f.#a1)[M],#c2[M],(#A-1.f2)[M],c2[M],(#a.f.#c2)[M],#a1[M],(#a.f.#c)[M],f1[M],#c1[M],#a[M],(d.b)[M],(f.d1)[M],(#g.f1)[M],(b.#g1)[M],(d1.b1)[M],(d1.b1)[L],(d1.b1)[L],(f1.d2)[M],(#g1.f2)[M],(b1.#g2)[M],(d2.b2)[K],(#d2.#g1.c3)[M],#g2[M],#d2[M],c2[M],c2[M],#g1[M],c1[M],#d1[M],(#d.#D-1.#a1.g1.#d1.#c1)[M],(#a1.g1.#d1.#c1)[M],(#d.#D-1)[M],(#g1.#d1.c1)[M],(#g.#G-1)[L],#d1[L],(#G-1.c2.#g1)[L],(c1.#g.#d.c2.#g1)[L],#D-1[L],(c1.#g.#d.#d2.c2)[L],(#G-1.f2.b1)[M],(#d2.c2)[M],(c1.#g.#d)[M],(f2.b1)[M],(#D-1.#d2.c2)[M],(f2.b1)[M],(c1.#g.#d.#d2.c2)[L],(#C-1.#a2.e2)[M],(#g2.f2)[M],(#c1.#g.f)[M],(#a2.e2)[M],(#C-1.#g2.f2)[M],(#a2.e2)[M],(#c1.#g.f.#g2.f2)[M],(#d2.c2)[M],#G-1[L],(c1.#g.#d.#d1)[M],f1[M],(#D-1.g1)[M],#g1[M],(c1.#g.#d.#a1)[M],b1[M],(#G-1.c2.#g1)[L],(c1.#g.#d.c2.#g1)[L],#D-1[L],(c1.#g.#d.#d2.c2)[L],(#G-1.f2.b1)[M],(#d2.c2)[M],(c1.#g.#d)[M],(f2.b1)[M],(A-1.#d2.c2)[M],(#d2.c2)[M],(#d1.a.#f.#d2.c2)[L],(#A-1.#d2)[M],(g1.#a1)[M],(#d1.#a.g)[M],#d2[M],(#A-1.#g1.d2)[M],#d2[M],(d1.#a.#g1.f2)[L],(#d1.#d.#d2.g1)[L],(#c1.#c)[L],(c1.c)[M],#d1[M],(#a.#A-1.g1)[M],#c2[M],(#g.#G-1.c2.#g1)[L],(c1.#g.#d.c2.#g1)[L],#D-1[L],(c1.#g.#d.#d2.c2)[L],(#G-1.f2.b1)[M],(#d2.c2)[M],(c1.#g.#d)[M],(f2.b1)[M],(#D-1.#d2.c2)[M],(f2.b1)[M],(c1.#g.#d.#d2.c2)[L],(#C-1.#a2.e2)[M],(#g2.f2)[M],(#c1.#g.f)[M],(#a2.e2)[M],(#c1.#c.#g2.f2)[M],(#g2.f2)[M],(#c1.#c.#a2.g2.f2)[M],(c3.g2.e2)[M],(c1.c)[M],c2[M],(g.G-1.e2)[M],g2[M],(c.C-1.c3)[L],g2[M],#g2[M],(#c.#C-1.#a2.e2)[M],(#g2.f2)[M],(#c1.#g.f)[M],(#a2.e2)[M],(#c.#C-1.#g2.f2)[M],(#a2.e2)[M],(#c1.#g.f.#g2.f2)[M],(#d2.c2)[M],(#g.#G-1)[M],(f2.#c2)[M],(c1.#g.#d.#d2.c2)[M],(#c2.#a1)[M],(#g.#G-1.c2.#g1)[M],(#d2.c2)[M],(c1.#g.#d)[M],(#d2.c2)[M],(#d.#D-1.#d2.a1)[M],(#c2.#a1)[M],(#c1.g.#d)[M],(#d2.a1)[M],(#d.#D-1.#c2.#a1)[M],(c2.g1.#c1)[M],(#d.#D-1.#a1.g1.#c1)[L],(#g.#G-1.#g1.c1)[L],(#d.#D-1)[L],"],"id":2,"instruments":["piano","piano"],"alternatives":["",""]},{"bpm":78,"baseBeats":0.25,"scores":["(#G-1.#G-2.#g2.#d2.c2.#g1)[K],(#c1.#c2)[L],(#c1.#c2)[LM],(#g.#g1)[M],(#c1.#c2)[M],(#d1.#d2)[M],(f1.f2)[L],(f1.f2)[LM],(#g.#g1)[M],(#c1.#c2)[M],(f1.f2)[M],(#g1.#g2.#f2.c2)[M],(c3.#f2.#d2)[L],(#a2.#f2.c2)[M],(#g.#G-1)[M],(#g2.#f2.c2)[M],(#g.#G-1.c2.#g1.#f1)[L],(#c.#C-1.#c2.#g1.f1)[L],(#c.#C-1)[L],(#d.#D-1)[L],(f.F-1.#g1)[M],a1[M],(#f.#F-1.#a1)[M],#f2[M],(#f1.#c1.#a)[M],#d2[M],(#d1.#d.a1)[M],#f2[M],(e1.e)[M],#d2[M],(f1.f.#g1)[M],#c2[M],(f1.#c1.#g.f2)[M],#a2[M],(#c1.#c)[M],#g2[M],(f1.#c1.#g.f2)[M],#c2[M],(#g.#G-1.c2)[M],#g2[M],(#f1.c1.#g.#d2)[M],c2[M],(#d1.#d.#a1)[M],c2[M],(e1.e)[M],#g1[M],(f1.f.#c2)[M],#c2[M],(#c1.#c.f2)[M],#g2[M],(#g.#G-1.#c3)[M],#a2[M],(f.F-1.#g2)[M],f2[M],(#f.#F-1.#a1)[M],#f2[M],(#f1.#c1.#a)[M],#d2[M],(#d1.#d.a1)[M],#f2[M],(e1.e)[M],#d2[M],(f1.f.#g1)[M],#c2[M],(f1.#c1.#g.f2)[M],#a2[M],(#c1.#c)[M],#g2[M],(f1.#c1.#g.f2)[M],#c2[M],(#a.#A-1.#d2)[M],f2[M],(g1.#d1.#c1.#d2)[M],#c2[M],(#d.#D-1.c2)[M],#c2[M],(g1.#d1.#c1)[M],#a1[M],(#d1.c1.#g.#g1)[L],(d.f2.b1)[M],(#d.#d2.c2)[M],(#G-1.#g2.c2)[L],(#c1.f.b1.#g1)[L],(#f.#F-1.#a1)[M],#f2[M],(#f1.#c1.#a)[M],#d2[M],(#d1.#d.a1)[M],#f2[M],(e1.e)[M],#d2[M],(f1.f)[M],#g1[M],(f1.#c1.#g.#c2)[M],f2[M],(#c1.#c.#a2)[M],#g2[M],(f1.#c1.#g.f2)[M],#c2[M],(#g.#G-1.c2)[M],#g2[M],(#f1.c1.#g.#d2)[M],c2[M],(#d1.#d.#a1)[M],c2[M],(e1.e)[M],#g1[M],(f1.f)[M],#c2[M],(#c1.#c.f2)[M],#g2[M],(#g.#G-1.f2.#c3)[M],#a2[M],(f.F-1.b1.#g2)[M],f2[M],(#f.#F-1.#a1)[M],#f2[M],(#a.#A-1)[M],#d2[M],(#d1.#d.a1)[M],#f2[M],(#f1.#f)[M],#d2[M],(f1.f)[M],#g1[M],(#c1.#c.#c2)[M],f2[M],(#g.#G-1.#a2)[M],#g2[M],(#c1.#c.f2)[M],#g1[M],(#a.#A-1.g1)[M],(#c2.#a1)[M],(#d.#D-1)[L],(#G-1.#G-2.#f1)[M],(#d2.c2)[L],(f1.#c2)[M],(#c.#C-1)[L],(#c1.#c.f2)[M],#c2[M],(#g.#G-1.#d2)[M],f2[M],(f.F-1.#g1)[M],a1[M],(#f.#F-1.#a1)[M],#f2[M],(#f1.#c1.#a)[M],#d2[M],(#d1.#d.a1)[M],#f2[M],(e1.e)[M],#d2[M],(f1.f.#g1)[M],#c2[M],(f1.#c1.#g.f2)[M],#a2[M],(#c1.#c)[M],#g2[M],(f1.#c1.#g.f2)[M],#c2[M],(#g.#G-1.c2)[M],#g2[M],(#f1.c1.#g.#d2)[M],c2[M],(#d1.#d.#a1)[M],c2[M],(e1.e)[M],#g1[M],(f1.f.#c2)[M],#c2[M],(#c1.#c.f2)[M],#g2[M],(#g.#G-1.#c3)[M],#a2[M],(f.F-1.#g2)[M],f2[M],(#f.#F-1.#a1)[M],#f2[M],(#f1.#c1.#a)[M],#d2[M],(#d1.#d.a1)[M],#f2[M],(e1.e)[M],#d2[M],(f1.f.#g1)[M],#c2[M],(f1.#c1.#g.f2)[M],#a2[M],(#c1.#c)[M],#g2[M],(f1.#c1.#g.f2)[M],#c2[M],(#a.#A-1.#d2)[M],f2[M],(g1.#d1.#c1.#d2)[M],#c2[M],(#d.#D-1.c2)[M],#c2[M],(g1.#d1.#c1)[M],#a1[M],(#d1.c1.#g.#g1)[L],(d.f2.b1)[M],(#d.#d2.c2)[M],(#G-1.#g2.c2)[L],(#c1.f.b1.#g1)[L],(#f.#F-1.#a1)[M],#f2[M],(#f1.#c1.#a)[M],#d2[M],(#d1.#d.a1)[M],#f2[M],(e1.e)[M],#d2[M],(f1.f)[M],#g1[M],(f1.#c1.#g.#c2)[M],f2[M],(#c1.#c.#a2)[M],#g2[M],(f1.#c1.#g.f2)[M],#c2[M],(#g.#G-1.c2)[M],#g2[M],(#f1.c1.#g.#d2)[M],c2[M],(#d1.#d.#a1)[M],c2[M],(e1.e)[M],#g1[M],(f1.f)[M],#c2[M],(#c1.#c.f2)[M],#g2[M],(#g.#G-1.f2.#c3)[M],#a2[M],(f.F-1.b1.#g2)[M],f2[M],(#f.#F-1.#a1)[M],#f2[M],(#a.#A-1)[M],#d2[M],(#d1.#d.a1)[M],#f2[M],(#f1.#f)[M],#d2[M],(f1.f)[M],#g1[M],(#c1.#c.#c2)[M],f2[M],(#g.#G-1.#a2)[M],#g2[M],(#c1.#c.f2)[M],#g1[M],(#a.#A-1.g1)[M],(#c2.#a1)[M],(#d.#D-1)[L],(#G-1.#G-2.#f1)[M],(#d2.c2)[L],(f1.#c2)[M],(#c.#C-1)[L],#G-1[L],#C-1[M],(#g2.#g1)[M],(#a2.#a1)[M],(b2.b1)[M],(#d1.#d.c3.#f2.c2)[L],(#f1.c1.#g.#g2.#g1)[M],(#a2.#f2.#a1)[M],(#g.#G-1)[L],(#f1.c1.#g)[L],(#d.#D-1.c3.#f2.c2)[L],(#f1.c1.#g.#g2.#g1)[M],(#a2.#f2.#a1)[M],(#d.#D-1)[M],(#g.#G-1.#g2.#g1)[M],(g.G-1.#a2.#a1)[M],(#f.#F-1.c3.c2)[M],(f.F-1.#c3.f2.#c2)[L],(f1.#c1.#g.#g2.f2.#g1)[M],(#a2.f2.#a1)[M],(#c1.#c)[L],(f1.#c1.#g)[L],(#g.#G-1.#c3.f2.#c2)[L],(f1.#c1.#g.#g2.f2.#g1)[M],(#a2.f2.#a1)[M],(#c1.#c)[L],(d1.d)[L],(#d1.#d)[L],(#f1.c1.#g.#a2)[M],(#g2.#f2.c2)[M],(#g.#G-1)[L],(#f1.c1.#g)[L],(c1.c)[L],(#f1.c1.#g.#a2)[M],(#g2.#f2.c2)[M],(#g.#G-1)[L],(#f1.c1.#g)[L],(#c1.#c)[L],(f1.#c1.#g.#a2)[M],(#g2.f2.#c2)[M],(#g.#G-1)[L],(f1.#c1.#g)[L],(#c1.#c)[L],(f1.#c1.#g.#a2)[M],(#g2.f2.#c2)[M],(f1.f)[M],(#g2.#g1)[M],(e1.e.#a2.#a1)[M],(b2.b1)[M],(#d1.#d.c3.#f2.c2)[L],(#f1.c1.#g.#g2.#g1)[M],(#a2.#f2.#a1)[M],(#g.#G-1)[L],(#f1.c1.#g)[L],(#d.#D-1.c3.#f2.c2)[L],(#f1.c1.#g.#g2.#g1)[M],(#a2.#f2.#a1)[M],(#d.#D-1)[M],(#g.#G-1.#g2.#g1)[M],(g.G-1.#a2.#a1)[M],(#f.#F-1.c3.c2)[M],(f.F-1.#c3.f2.#c2)[L],(f1.#c1.#g.#g2.f2.#g1)[M],(#a2.f2.#a1)[M],(#c1.#c)[L],(f1.#c1.#g)[L],(f1.f)[M],#c2[M],(#c1.#c.f2)[M],#g2[M],(#g.#G-1.f2.#c3)[M],#a2[M],(f.F-1.b1.#g2)[M],f2[M],(#f.#F-1.#a1)[M],#f2[M],(#a.#A-1)[M],#d2[M],(#d1.#d.a1)[M],#f2[M],(#f1.#f)[M],#d2[M],(f1.f)[M],#g1[M],(#c1.#c.#c2)[M],f2[M],(#g.#G-1.#a2)[M],#g2[M],(#c1.#c.f2)[M],#g1[M],(#a.#A-1.g1)[M],(#c2.#a1)[M],(#d.#D-1)[L],(#G-1.#G-2.#f1)[M],(#d2.c2)[L],(f1.#c2)[M],(#c.#C-1)[L],(#g.#G-1)[L],(f1.f)[M],(#g2.#g1)[M],(e1.e.#a2.#a1)[M],(b2.b1)[M],(#d1.#d.c3.#f2.c2)[L],(#f1.c1.#g.#g2.#g1)[M],(#a2.#f2.#a1)[M],(#g.#G-1)[L],(#f1.c1.#g)[L],(#d.#D-1.c3.#f2.c2)[L],(#f1.c1.#g.#g2.#g1)[M],(#a2.#f2.#a1)[M],(#d.#D-1)[M],(#g.#G-1.#g2.#g1)[M],(g.G-1.#a2.#a1)[M],(#f.#F-1.c3.c2)[M],(f.F-1.#c3.f2.#c2)[L],(f1.#c1.#g.#g2.f2.#g1)[M],(#a2.f2.#a1)[M],(#c1.#c)[L],(f1.#c1.#g)[L],(#g.#G-1.#c3.f2.#c2)[L],(f1.#c1.#g.#g2.f2.#g1)[M],(#a2.f2.#a1)[M],(#c1.#c)[L],(d1.d)[L],(#d1.#d)[L],(#f1.c1.#g.#a2)[M],(#g2.#f2.c2)[M],(#g.#G-1)[L],(#f1.c1.#g)[L],(c1.c)[L],(#f1.c1.#g.#a2)[M],(#g2.#f2.c2)[M],(#g.#G-1)[L],(#f1.c1.#g)[L],(#c1.#c)[L],(f1.#c1.#g.#a2)[M],(#g2.f2.#c2)[M],(#g.#G-1)[L],(f1.#c1.#g)[L],(#c1.#c)[L],(f1.#c1.#g.#a2)[M],(#g2.f2.#c2)[M],(f1.f)[M],(#g2.#g1)[M],(e1.e.#a2.#a1)[M],(b2.b1)[M],(#d1.#d.c3.#f2.c2)[L],(#f1.c1.#g.#g2.#g1)[M],(#a2.#f2.#a1)[M],(#g.#G-1)[L],(#f1.c1.#g)[L],(#d.#D-1.c3.#f2.c2)[L],(#f1.c1.#g.#g2.#g1)[M],(#a2.#f2.#a1)[M],(#d.#D-1)[M],(#g.#G-1.#g2.#g1)[M],(g.G-1.#a2.#a1)[M],(#f.#F-1.c3.c2)[M],(f.F-1.#c3.f2.#c2)[L],(f1.#c1.#g.#g2.f2.#g1)[M],(#a2.f2.#a1)[M],(#c1.#c)[L],(f1.#c1.#g)[L],(f1.f)[M],#c2[M],(#c1.#c.f2)[M],#g2[M],(#g.#G-1.f2.#c3)[M],#a2[M],(f.F-1.b1.#g2)[M],f2[M],(#f.#F-1.#a1)[M],#f2[M],(#a.#A-1)[M],#d2[M],(#d1.#d.a1)[M],#f2[M],(#f1.#f)[M],#d2[M],(f1.f)[M],#g1[M],(#c1.#c.#c2)[M],f2[M],(#g.#G-1.#a2)[M],#g2[M],(#c1.#c.f2)[M],#g1[M],(#a.#A-1.g1)[M],(#c2.#a1)[M],(#d.#D-1)[L],(#G-1.#G-2.#f1)[M],(#d2.c2)[L],(f1.#c2)[M],(#c.#C-1)[L],#G-1[L],(#C-1.#c3.#g2.f2.#c2)[L],T,"],"id":3,"instruments":["piano","piano"],"alternatives":["",""]}],"audition":{"start":[0,0],"end":[1,0]}}