{"baseBpm":83,"musics":[{"id":1,"baseBeats":0.25,"scores":["#d1[JL],5<#c1[N],c1[N]>,5<#c1[N],#d1[N]>,5<e1[N],#g1[N]>,5<#c2[N],#d2[N]>;5<e2[N],#g2[N]>,e2[M],5<#d2[N],(c2.#g2)[N]>,(#f1.#d2)[M];5<(#g1.e2)[N],(#c2.#g2)[N]>,(#g1.e2)[M],5<(#f1.#d2)[N],(c2.#g2)[N]>,(#f1.#d2)[M];(e1.#a1.#c2.#g2)[M],(#d1.#f1.c2.#g2)[M],(e1.#a1.#c2.#g2)[M],(#d1.#f1.c2.#g2)[M];(e1.#a1.#c2.#g2)[K];5<e1[N],#a1[N]>,5<#c2[N],#f2[N]>,5<#d1[N],#a1[N]>,5<(b1.#f2)[N],b2[N]>;5<#d1[N],#g1[N]>,5<b1[N],e2[N]>,5<#c1[N],#g1[N]>,5<(a1.e2)[N],#a2[N]>;5<#c1[N],g1[N]>,5<#a1[N],#d2[N]>,5<b[N],g1[N]>,5<(#g1.#d2)[N],#g2[N]>;(#a.#c1.#f1.#c2.#f2)[M],(#g.b.e1.b1.e2)[M],(g.#c1.#d1.#a1.#d2)[L];5<#f[N],(#g1.#d2)[N]>,5<(c1.#d1.e2)[N],#d2[N]>,5<(e.#g2)[N],(#g1.#c2)[N]>,5<(#g.#c1.#d2)[N],#c2[N]>;5<e[N],(#f1.#c2)[N]>,5<(#a.#c1.#d2)[N],#c2[N]>,5<(#d.#f2)[N],(#f1.b1)[N]>,5<(b.#d1.#c2)[N],b1[N]>;5<#c[N],e1[N]>,5<(#c1.a1)[N],e2[N]>,5<d[N],e1[N]>,5<(b.#g1)[N],e2[N]>;5<#c[N],e1[N]>,5<(#c1.a1)[N],e2[N]>,5<d[N],e1[N]>,5<(b.#g1)[N],e2[N]>;5<#c[N],e1[N]>,5<(#c1.a1)[N],e2[N]>,5<d[N],e1[N]>,5<(b.#g1)[N],e2[N]>;5<(#d.b1.#d2)[N],#d1[N]>,(#c1.#a1)[M],(b.#g1)[M],(#c1.#a1)[M];5<(#d1.b1)[N],(#g1.#d2)[N]>,(#d1.b1)[M],5<(#c1.#a1)[N],(g1.#d2)[N]>,(#c1.#a1)[LM],5<W,c1[N]>,5<#f1[N],a1[N]>;5<(#f1.#d2)[N],(b1.#f2)[N]>,(#f1.#d2)[M],5<(e1.#c2)[N],(#a1.#f2)[N]>,(e1.#c2)[M];5<#d1[N],a1[N]>,5<c2[N],a2[N]>,5<#g2[N],#f2[N]>,5<e2[N],#d2[N]>;5<(#g1.e2)[N],(#c2.#g2)[N]>,(#g1.e2)[M],5<(#f1.#d2)[N],(c2.#g2)[N]>,(#f1.#d2)[LM],5<W,f[N]>,5<b[N],d1[N]>;5<(b.#g1)[N],(e1.b1)[N]>,(b.#g1)[M],5<(a.#f1)[N],(#d1.b1)[N]>,(a.#f1)[LM],5<W,#G-1[N]>,5<d[N],f[N]>;"]},{"id":2,"baseBeats":0.25,"scores":["5<b[N],(g.d1)[N]>,(#d.b)[M],5<(#c.a)[N],(#f.d1)[N]>,(#c.a)[M];5<B-1[N],f[N]>,5<#g[N],d1[N]>,5<#c1[N],b[N]>,5<a[N],#g[N]>;5<b[N],f1[N]>,5<#g1[N],d2[N]>,5<#c2[N],b1[N]>,5<a1[N],#g1[N]>;5<b1[N],f2[N]>,5<#g2[N],d3[N]>,5<#c3[N],b2[N]>,5<a2[N],#g2[N]>;5<(#c2.a2)[N],(#f2.#c3)[N]>,(#c2.a2)[M],5<(b1.#g2)[N],(f2.#c3)[N]>,(b1.#g2)[M];5<(#c2.a2)[N],(#f2.#c3)[N]>,(#c2.a2)[M],5<(b1.#g2)[N],(f2.#c3)[N]>,(b1.#g2)[M];(a1.#d2.#f2.#c3)[M],(#g1.b1.f2.#c3)[M],(a1.#d2.#f2.#c3)[M],(#g1.b1.f2.#c3)[M];(a1.#d2.#f2.#c3)[K];5<a1[N],#d2[N]>,5<#f2[N],b2[N]>,5<#g1[N],#d2[N]>,5<(e2.b2)[N],e3[N]>;5<#g1[N],#c2[N]>,5<e2[N],a2[N]>,5<#f1[N],#c2[N]>,5<(#d2.a2)[N],#d3[N]>;5<#f1[N],c2[N]>,5<#d2[N],#g2[N]>,5<e1[N],c2[N]>,5<(#c2.#g2)[N],#c3[N]>;(#d1.#f1.b1.#f2.b2)[M],(#c1.e1.a1.e2.a2)[M],(c1.#f1.#g1.#d2.#g2)[L];5<b[N],(#c2.#g2)[N]>,5<(f1.#g1.a2)[N],#g2[N]>,5<(a.#c3)[N],(#c2.#f2)[N]>,5<(#c1.#f1.#g2)[N],#f2[N]>;5<a[N],(b1.#f2)[N]>,5<(#d1.#f1.#g2)[N],#f2[N]>,5<(#g.b2)[N],(b1.e2)[N]>,5<(e1.#g1.#f2)[N],e2[N]>;5<#f[N],a1[N]>,5<(#f1.d2)[N],a2[N]>,5<g[N],a1[N]>,5<(e1.#c2)[N],a2[N]>;5<#f[N],a1[N]>,5<(#f1.d2)[N],a2[N]>,5<g[N],a1[N]>,5<(e1.#c2)[N],a2[N]>;5<#f[N],a1[N]>,5<(#f1.d2)[N],a2[N]>,5<g[N],a1[N]>,5<(e1.#c2)[N],a2[N]>;5<(#g.e2.#g2)[N],#g1[N]>,(#f1.#d2)[M],(e1.#c2)[M],(#f1.#d2)[M];5<(#g1.e2)[N],(#c2.#g2)[N]>,(#g1.e2)[M],5<(#f1.#d2)[N],(c2.#g2)[N]>,(#f1.#d2)[LM],5<W,f[N]>,5<b[N],d1[N]>;5<(b.#g1)[N],(e1.b1)[N]>,(b.#g1)[M],5<(a.#f1)[N],(#d1.b1)[N]>,(a.#f1)[LM],5<W,#G-1[N]>,5<d[N],f[N]>;5<b[N],(g.d1)[N]>,(#d.b)[M],5<(#c.a)[N],(#f.d1)[N]>,(#c.a)[M];5<B-1[N],f[N]>,5<#g[N],d1[N]>,5<#c1[N],b[N]>,5<a[N],#g[N]>;5<b[N],f1[N]>,5<#g1[N],d2[N]>,5<#c2[N],b1[N]>,5<a1[N],#g1[N]>;"]},{"id":3,"baseBeats":0.25,"scores":["5<b1[N],f2[N]>,5<#g2[N],d3[N]>,5<#c3[N],b2[N]>,5<a2[N],#g2[N]>;5<(#c2.a2)[N],(#f2.#c3)[N]>,(#c2.a2)[M],5<(b1.#g2)[N],(f2.#c3)[N]>,(b1.#g2)[KM];(a1.#d2.#f2.#c3)[M],(#g1.b1.f2.#c3)[M],(a1.#d2.#f2.#c3)[M],(#g1.b1.f2.#c3)[M];(a1.#d2.#f2.#c3)[K];5<a1[N],#d2[N]>,5<#f2[N],b2[N]>,5<#g1[N],#d2[N]>,5<(e2.b2)[N],e3[N]>;5<#g1[N],#c2[N]>,5<e2[N],a2[N]>,5<#f1[N],#c2[N]>,5<(#d2.a2)[N],#d3[N]>;5<#f1[N],c2[N]>,5<#d2[N],#g2[N]>,5<e1[N],c2[N]>,5<(#c2.#g2)[N],#c3[N]>;(#d1.#f1.b1.#f2.b2)[M],(#c1.e1.a1.e2.a2)[M],(c1.#f1.#g1.#d2.#g2)[L];5<b[N],(#c2.#g2)[N]>,5<(f1.#g1.a2)[N],#g2[N]>,5<(a.#c3)[N],(#c2.#f2)[N]>,5<(#c1.#f1.#g2)[N],#f2[N]>;5<a[N],(b1.#f2)[N]>,5<(#d1.#f1.#g2)[N],#f2[N]>,5<(#g.b2)[N],(b1.e2)[N]>,5<(e1.#g1.#f2)[N],e2[N]>;5<(#f.#c2)[N],#d2[N]>,5<(#g.#d1.#c2)[N],c2[N]>,5<(e.#d2)[N],e2[N]>,5<(#g.#c1.e1.#d2)[N],#c2[N]>;5<(#d.e2)[N],#f2[N]>,5<(#g.c1.#f1.e2)[N],#d2[N]>,5<(#c.#f2)[N],#g2[N]>,5<(#g.#c1.e1.#f2)[N],e2[N]>;5<(B-1.#f2)[N],#g2[N]>,5<(#c.#g.#f2)[N],f2[N]>,5<(A-1.#g2)[N],a2[N]>,5<(#c.#f.a.#g2)[N],#f2[N]>;5<(#G-1.a2)[N],b2[N]>,5<(#c.f.b.a2)[N],#g2[N]>,(#F-1.b2)[M],(#c.a2)[M];(#f.#c2)[M],(a.#d2)[J];5<(#g1.e2)[N],(#c2.#g2)[N]>,(#g1.e2)[M],5<(#f1.#d2)[N],(c2.#g2)[N]>,(#f1.#d2)[KM];5<(#g1.e2)[N],(#c2.#g2)[N]>,(#g1.e2)[M],5<(#f1.#d2)[N],(c2.#g2)[N]>,(#f1.#d2)[JK],(#d1.#f1.c2.#g2)[M],(e1.#a1.#c2.#g2)[M],(#d1.#f1.c2.#g2)[LM],(#c1.e1.#c2)[J];"]}],"audition":{"start":[0,1],"end":[0,52]}}