{"baseBpm":104,"musics":[{"bpm":104,"baseBeats":0.25,"scores":["(#d2.#d1.#D-1.#A-1.#f)[L],d2[L],(#d2.#d1.#D-1.#A-1.#f)[K],(#f.#A-1.#D-1.b1.#d1)[K],6<(#D-1.#A-1.#f.#d1.#c2)[N],b1[LMN]>,(#D-1.#A-1.#f)[K],(#a1.#d1.#f.#A-1.#D-1)[K],6<(#D-1.#A-1.#f.#d1.b1)[N],#a1[MN]>,a1[L],(#D-1.#A-1.#f.#d1.#a1)[K],(#D-1.#A-1.#f.#d1.#f1)[K],(#D-1.#A-1.#f.f1)[K],(#d1.#f.#A-1.#D-1)[J],#d2[LM],d2[M],#d2[K],b1[K],b1[J],#a1[K],#a1[L],a1[L],#a1[KL],#f1[L],f1[K],#d1[IJNO],(#d2.#d1.#D-1.#A-1.#f)[L],d2[L],(#d2.#d1.#D-1.#A-1.#f)[K],(#d1.b1.#D-1.#A-1.#f)[K],6<(#D-1.#A-1.#f.#d1.#c2)[N],b1[LMN]>,(#D-1.#A-1.#f)[K],(#a1.#d1.#f.#A-1.#D-1)[K],6<(#D-1.#A-1.#f.#d1.b1)[N],#a1[MN]>,a1[L],(#D-1.#A-1.#f.#d1.#a1)[K],(#f1.#d1.#f.#A-1.#D-1)[K],(#D-1.#A-1.#f.#d1.#a1)[JK],#d2[LM],d2[M],#d2[KL],b1[L],b1[J],#a1[K],#a1[L],a1[L],#a1[K],#f1[K],#a1[KL],#a1[L],#a1[K],(f1.b.#C-1.#a1)[L],(#c1.#g1)[L],(#f1.#a.#F-1)[L],#c1[M],#a1[M],(f1.b.#c.#a1)[L],(#c1.#g1)[L],(#f.#a.#f1)[L],#c1[L],(#A-1.d1.#f1.#g)[L],#a[M],#f1[M],(#g.d1.#f1)[L],#a[M],f1[M],(B-1.d1.f.f1)[L],b[L],(#f.#d1)[L],#g[L],(#c.b.f.#c1)[L],(#g.f1)[L],(#C-1.f.b.#g1)[L],(#c.b1)[L],(#F-1.b1)[L],(#f1.#a.#a1)[L],(#G-1.b.#a1)[L],(f1.#g1)[L],(#A-1.#f.#g1)[L],(#d1.#f1)[L],(#A-2.#g.#f1)[L],(d1.f1)[L],(#D-1.d1.#g.f1)[L],#a[L],(#d1.#f)[K],(#G-1.#d1.b.#g)[LM],f1[M],(#G-1.#d1.b.#g.#f1)[L],(#G-1.#d1.b.#g.#g1)[L],(#f.#a.#d1.#d.#D-1.#f1)[K],(#f.#a.#d1.#d.#D-1)[K],(#G-1.#d1.b.#g)[LM],f1[M],(#G-1.#d1.b.#g.#f1)[L],(#d1.b.#g.#G-1.#g1)[L],(#f.#a.#d1.#d.#D-1.#f1)[K],(#d.#D-1.#f.#a.#d1)[K],(d1.#g.#A-2.#A-1)[L],(#a.#d1)[L],(d1.#g.f1)[L],(#a.#f1)[L],(#d1.#f.#A-1.#D-1)[L],(#a.#a1)[L],(#A-1.#D-1.#f.#d1)[L],(#a.#d1)[L],(#g.d1.#A-1.#A-2)[L],(#a.#d1)[L],(#g.d1.f1)[L],(#a.#f1)[L],(#g.f1.#A-2.#A-1)[L],#a[L],(#f.#d1.#A-1.#D-1)[L],#a[L],(#d1.b.#g.#G-1)[LM],f1[M],(#d1.b.#g.#G-1.#f1)[L],(#d1.b.#g.#G-1.#g1)[L],(#d.#D-1.#f.#a.#d1.#f1)[K],(#d.#D-1.#f.#a.#d1)[K],(#G-1.#g.b.#d1)[LM],f1[M],(#G-1.#g.b.#d1.#f1)[L],(#d1.b.#g.#G-1.#g1)[L],(#d1.#a.#f.#D-1.#d.#f1)[K],(B-1.B-2.#f.a.#d1)[K],(#A-1.#A-2.#g.d1)[L],(#a.#d1)[L],(#g.d1.f1)[L],(#a.#f1)[L],(#D-1.#A-1.#f.#d1)[L],(#a.#a1)[L],(#A-1.#D-1.#f.#d1)[L],(#a.#d1)[L],(#A-2.#A-1.d1.#g)[L],(#a.#d1)[L],(#g.d1.f1)[L],(#a.#f1)[L],(#g.f1.#A-2.#A-1)[L],#a[L],(#D-1.#A-1.#d1.#f)[L],#a[KLNOP],"],"id":1,"instruments":["piano"],"alternatives":[""]},{"bpm":104,"baseBeats":0.25,"scores":["(g.#a.g1.#d1.#d.#D-1)[KMO],(g.#a.g1.#d1.#d.#D-1)[KMO],(#D-1.#d.#d1.g1.#a.g)[KMO],(#D-1.#d.#d1.g1.#a.g)[KMO],(#D-1.#d.#d1.g1.#a.g)[KMO],(g.#a.g1.#d1.#d.#D-1)[KMO],(g.#a.g1.#d1.#d.#D-1)[KMO],(g.#a.g1.#d1.#d.#D-1)[KMO],(g.#a.g1.#d1.#d.#D-1)[KMO],(g.#a.g1.#d1.#d.#D-1)[LMNOP],g1[MO],(#D-1.#d.#d1.g1.#a.g.#f1)[LNP],g1[LNP],(#D-1.#d.#d1.g1.#a.g.c2)[LMNOP],#a1[MO],(D-1.d.f1.#g1.#a.#a1)[KMO],(D-1.d.f1.#g1.#a)[KMO],(D-1.d.f1.#g1.#a)[KMO],(#a.#g1.f1.d.D-1)[KMO],(#a.g1.#d1.#d.#D-1)[KMO],(#a.g1.#d1.G-1.G-2)[LMNOP],g1[MO],(c1.g1.#d1.#G-1.#G-2.#g1)[LNP],g1[LNP],(A-2.A-1.#d1.g1.c1.f1)[LMNOP],#d1[MO],(#d1.g1.#a.#A-2.#A-1)[KMO],(A-1.A-2.c1.g1.#d1)[KMO],(#A-1.#A-2.f1.d1)[KMO],(d1.f1.#g.#A-2.#A-1)[KMO],(#d.#D-1.#a.g1.#c1)[KMO],(#d.#a.#c1.g1)[LMNOP],g1[MO],(g1.#c1.#a.#d.#g1)[LMNOP],g1[MO],(g1.#c1.#a.#d.f1)[LMNOP],#d1[MO],(#g1.#G-1.#g.#d1.c2.c1.#d2)[KMO],(#G-1.#g.#g1.#d1.c2.c1)[LMNOP],(#G-1.#g.#g1.#d1.c2.c1)[MO],(c1.c2.#d1.#g1.#g.#G-1)[LNP],f2[MO],#d2[MO],(#f1.#d1.c1.A-2.A-1.d2)[LMNOP],c2[MO],(#A-1.#A-2.#a.#d1.g1.c2)[LMNOP],#a1[MO],(#A-1.e.#a.#c1.g1.c2)[LMNOP],#a1[MO],(#g1.d1.#a.f.#A-1.c2)[LMNOP],#a1[MO],(#g1.d1.#a.#A-2.#A-1)[LMNOP],d1[MO],(#A-1.#A-2.#g.d1.f1)[KMO],(#A-1.f.#g.d1)[LNP],(#g.d1)[MO],(d1.#g)[MO],(g.#d1.#d.#D-1)[KMO],(#d.#d1.#D-1)[KMO],(#d1.#d.#c.#C-1)[KL],(B-2.B-1.#d.#d1)[LM],(#A-2.#A-1)[LM],(B-2.B-1.#d.#d1)[KL],(#d1.#d.#A-1.#A-2)[LM],(#G-1.#G-2)[LM],(G-1.G-2.#d1.#d)[KL],(#d1.#d)[LM],(#A-1.#A-2)[LM],(#d.#d1.#D-2.#D-1)[KL],(#d.#d1)[KL],(#d1.#d.#c.#C-1)[KL],(B-2.B-1.#d.#d1)[LM],(#A-2.#A-1)[LM],(B-2.B-1.#d.#d1)[KL],(#d1.#d.#A-1.#A-2)[LM],(#G-1.#G-2)[LM],(#d1.#d.#A-1.#A-2)[KL],(#d1.#d)[KL],(#D-2.#D-1.#d.#d1)[KL],(#d.#d1)[KL],(#d1.#d.#c.#C-1)[KL],(B-2.B-1.#d.#d1)[LM],(#A-2.#A-1)[LM],(B-2.B-1.#d.#d1)[KL],(#d1.#d.#A-1.#A-2)[LM],(#G-1.#G-2)[LM],(#d1.#d.B-1.B-2)[KL],(#d1.#d.#A-1.#A-2)[LM],(#G-2.#G-1)[LM],(#A-2.#A-1.#d.#d1)[KL],(#G-2.#G-1.#d.#d1)[LM],(#F-1.#F-2)[LM],(#d1.#d.#A-1.#A-2)[KL],(#G-2.#G-1.#d.#d1)[LM],(#F-2.#F-1)[LM],(#G-2.#G-1.#d.#d1)[KL],(#d1.#d.#F-1.#F-2)[LM],(F-1.F-2)[LM],(#d1.#d.#F-1.#F-2)[KL],(#d1.#d)[KL],(G-2.G-1.#d.#d1)[KL],(#d.#d1)[KL],(#d1.#d.#c.#C-1)[KL],(B-2.B-1.#d.#d1)[LM],(#A-2.#A-1)[LM],(B-2.B-1.#d.#d1)[KL],(#d1.#d.#A-1.#A-2)[LM],(#G-1.#G-2)[LM],(#d1.#d.G-1.G-2)[KL],(#d1.#d)[LM],(#A-1.#A-2)[LM],(#D-2.#D-1.#d.#d1)[KL],(#d.#d1)[KL],(#d1.#d.#c.#C-1)[KL],(B-2.B-1.#d.#d1)[LM],(#A-2.#A-1)[LM],(B-2.B-1.#d.#d1)[KL],(#d1.#d.#A-1.#A-2)[LM],(#G-1.#G-2)[LM],(#d1.#d.#A-1.#A-2)[KL],(#d1.#d)[KL],(#D-2.#D-1.#d.#d1)[KL],(#d.#d1)[KL],(#d1.#d.#c.#C-1)[KL],(B-2.B-1.#d.#d1)[LM],(#A-2.#A-1)[LM],(B-2.B-1.#d.#d1)[KL],(#d1.#d.#A-1.#A-2)[LM],(#G-1.#G-2)[LM],(#d1.#d.B-1.B-2)[KL],(#A-2.#A-1.#d.#d1)[LM],(#G-2.#G-1)[LM],(#A-2.#A-1.#d.#d1)[KL],(#d1.#d.#G-1.#G-2)[LM],(#F-1.#F-2)[LM],(#d1.#d.#A-1.#A-2)[KL],(#G-2.#G-1.#d.#d1)[LM],(#F-1.#F-2)[LM],(#d1.#d.#G-1.#G-2)[KL],(#F-2.#F-1.#d.#d1)[LM],(F-1.F-2)[LM],(#d1.#d.#F-1.#F-2)[KL],(#d.#d1)[KL],(G-2.G-1.#d.#d1)[KL],(#d1.#d)[KL],(#G-1.b.#d1.#d)[LM],(e1.e)[LM],(#d1.#d)[LM],(d1.d)[LM],(#d1.#d)[LM],(e.e1)[LM],(#d1.#d)[LM],(d1.d)[LM],(#a.#d1.G-1.#d)[LM],(e1.e)[LM],(#d1.#d)[LM],(d1.d)[LM],(#d1.#d)[LM],(e.e1)[LM],(#d1.#d)[LM],(d1.d)[LM],(b.#d1.#G-1.#d)[LM],(e1.e)[LM],(#d1.#d)[LM],(d1.d)[LM],(#d1.#d)[LM],(e.e1)[LM],(#d1.#d)[LM],(e1.e)[LM],(#a.#f1.#F-1.#f)[LM],(#c1.#c)[LM],(#d1.#d)[LM],(e1.e)[LM],(#d1.#d.b.B-1)[LM],(e.e1)[LM],(#d1.#d)[LM],(d1.d)[LM],(b.#d1.#G-1.#d)[LM],(e1.e)[LM],(#d1.#d)[LM],(d1.d)[LM],(#d1.#d)[LM],(e.e1)[LM],(#d1.#d)[LM],(d1.d)[LM],(#d.G-1.#d1.#a)[LM],(e1.e)[LM],(#d.#d1)[LM],(d1.d)[LM],(#d.#d1)[LM],(e.e1)[LM],(#d.#d1)[LM],(d1.d)[LM],(b.#d1.#G-1.#d)[LM],(e1.e)[LM],(#d1.#d)[LM],(d1.d)[LM],(#d1.#d)[LM],(e1.e)[LM],(#d1.#d)[LM],(e1.e)[LM],(#f.#F-1.#f1.#a)[LMP],(#c.#c1)[LMP],(#d.#d1)[LMOP],(e.e1)[LMOP],(B-1.#d.b.#d1)[LMNO],(e.e1)[LMNO],(#d1.#d)[KO],(e1.e)[I],"],"id":2,"instruments":["piano"],"alternatives":[""]},{"bpm":104,"baseBeats":0.25,"scores":["(#f1.#d1.a.C-1.c)[L],(#f1.#d1.a)[L],(#f1.#d1.a)[L],(#f1.#d1.a)[L],(g1.e1.#a)[L],(B-1.B-2)[L],(C-1.c)[L],(e1.#a)[L],(#C-1.#c)[L],(#a.e1.g1)[L],(e1.#a.g1)[L],(#a.e1.g1)[L],(b.f1.#g1)[L],(C-1.c)[L],(#c.#C-1.f1)[L],#a1[L],(f1.b.#C-1.#a1)[L],(#c1.#g1)[L],(#f1.#a.#F-1)[L],(#c1.#a1)[L],(f1.b.#c.#a1)[L],(#c1.#g1)[L],(#f.#a.#f1)[L],#c1[L],(#A-1.d1.#f1.#g)[L],(#a.#f1)[L],(#g.d1.#f1)[L],(#a.f1)[L],(B-1.d1.f.f1)[L],b[L],(#f.#d1)[L],#g[L],(#c.b.f.#c1)[L],(#g.f1)[L],(#C-1.f.b.#g1)[L],(#c.b1)[L],(#F-1.b1)[L],#c[L],(#f.#a.#a1)[L],#c[L],(f.b.#C-1.#c1)[L],(#g.f1)[L],(b.f.#g1)[L],(#c.b1)[L],(#F-1.b1)[L],#c[L],(#a.#f.#a1)[L],#c[L],(#A-1.#a)[L],(#g.d1)[L],(#a.d1.f1)[L],(#g.#g1)[L],(#d.#g1)[L],g[L],(#a.#d1.g1)[L],g[L],(#G-1.#d1)[L],(c1.#d2)[L],(c.#d1.#g1.d2)[L],(#g.c2)[L],(#d.#d1.g1.#a1)[L],#a[L],(c.#a.e1.c2)[L],(c1.#a1)[L],(f1.#g.F-1.#g1)[L],(c1.#g1)[L],(#d1.b.G-1.g1)[L],(g.f1)[L],(e1.#a.c.g1)[L],5<(c1.#g1)[N],g1[N]>,5<f1[N],g1[N]>,(f1.#g.F-1.#a1)[L],(c1.#g1)[L],(#A-1.g.#d1.g1)[L],(#a.g1)[L],(#A-1.#g.d1.#A-2.g1)[L],(#a.f1)[L],(#D-1.#A-1.#g.d1.f1)[L],#a[L],(g.#d1)[L],#a[L],(#G-1.#d1.b.#g)[LM],f1[M],(#G-1.#d1.b.#g.#f1)[L],(#d1.b.#g.#G-1.#g1)[L],(#f.#a.#d1.#d.#D-1.#f1)[K],(#d.#D-1.#f.#a.#d1)[K],(#d1.b.#g.#G-1)[LM],f1[M],(#d1.b.#g.#G-1.#f1)[L],(#d1.b.#g.#G-1.#g1)[L],(#d.#D-1.#f.#a.#d1.#f1)[K],(#d.#D-1.#f.#a.#d1)[K],(d1.#g.#A-2.#A-1)[L],(#a.#d1)[L],(d1.#g.f1)[L],(#a.#f1)[L],(#d1.#f.#A-1.#D-1)[L],(#a.#a1)[L],(#A-1.#D-1.#f.#d1)[L],(#a.#d1)[L],(#g.d1.#A-1.#A-2)[L],(#a.#d1)[L],(#g.d1.f1)[L],(#a.#f1)[L],(#g.f1.#A-2.#A-1)[L],#a[L],(#f.#d1.#A-1.#D-1)[L],#a[L],(#d1.b.#g.#G-1)[LM],f1[M],(#d1.b.#g.#G-1.#f1)[L],(#d1.b.#g.#G-1.#g1)[L],(#d.#D-1.#f.#a.#d1.#f1)[K],(#d.#D-1.#f.#a.#d1)[K],(#G-1.#g.b.#d1)[LM],f1[M],(#G-1.#g.b.#d1.#f1)[L],(#d1.b.#g.#G-1.#g1)[L],(#d1.#a.#f.#D-1.#d.#f1)[K],(B-1.B-2.#f.a.#d1)[K],(#g.d1.#A-1.#A-2)[L],(#a.#d1)[L],(#g.d1.f1)[L],(#a.#f1)[L],(#f.#d1.#D-1.#A-1)[L],(#a.#a1)[L],(#f.#d1.#A-1.#D-1)[L],(#a.#d1)[L],(#A-2.#A-1.d1.#g)[L],(#a.#d1)[L],(d1.#g.f1)[L],(#a.#f1)[L],(#A-1.#A-2.f1.#g)[L],#a[L],(#f.#d1.#D-1.#A-1)[L],#a[L],(#f.#A-1.#D-1.#d1.#d2)[L],d2[L],(#f.#A-1.#D-1.#d1.#d2)[K],(#f.#A-1.#D-1.b1.#d1)[K],6<(#c2.#d1.#f.#A-1.#D-1)[N],b1[LMN]>,(#f.#A-1.#D-1)[K],(#a1.#d1.#f.#A-1.#D-1)[K],6<(b1.#d1.#f.#A-1.#D-1)[N],#a1[MN]>,a1[L],(#a1.#d1.#f.#A-1.#D-1)[KNP],(#f1.#d1.#f.#A-1.#D-1)[KNO],(f1.#f.#A-1.#D-1)[KNOP],(#d1.#f.#A-1.#D-1)[J],"],"id":3,"instruments":["piano"],"alternatives":[""]}],"audition":{"start":[0,0],"end":[1,0]}}