{"baseBpm":96,"musics":[{"bpm":96,"baseBeats":0.75,"scores":["(#F-1.d2)[KL],#f[LM],#c2[LM],(d1.f1.b1)[LM],#c2[LM],(b.d2)[LM],#g2[LM],(a.#f1.#f2)[KL],(#c1.#f2)[KL],(#F-1.d2)[KL],#f[LM],#c2[LM],(d1.f1.b1)[LM],#c2[LM],(b.d2)[LM],#g2[LM],(#f2.a.#f1)[KL],#c1[KL],(#c1.#f.e.#A-1.f2)[LM],#f2[LM],5<(b.#f.d.B-1.e2)[OP],#f2[OP],e2[LO]>,d2[LM],(b.f.#c.c2)[LM],#c2[LM],5<(b.#f.d.b1)[OP],#c2[OP],b1[LO]>,a1[LM],5<(d1.#f.B-1.#g1)[OP],a1[OP],#g1[LO]>,#f1[LM],(b.f.#c.#g1)[LM],#c2[LM],(#F-1.a.#f1)[KLO],6<(f.a1.#c1)[LOP],#f[LOP],#c[LOP]>,(a.#f1.#F-1)[KLMN],6<(f.a1.#c1)[LNO],#f[LNO],#c[LNO]>,(#F-1.a.#f1)[IMNO],(#c2.a.e1.a1)[JMNP],(d2.b1.#f1.d1.d)[JMNP],(b1.#g1.e1.d1.e)[KNOP],#f1[KNOP],#g1[KNOP],e1[KNOP],(#c2.a1.e1.#c1.A-1)[KNOP],6<#c2[LOP],b1[LOP]>,a1[JMNP],(a1.#f.#c1.#f1)[JMNP],(b1.#g1.d1.B-1)[JMNP],(#g1.b.f1.#c1.#c)[KNOP],#d1[KNOP],f1[KNOP],#c1[KNOP],(a1.#F-1.a.#f1.#c1)[JMNP],(#f1.#f)[JMNP],B-1[JMNP],(#g1.#g.d1.#f1)[KNOP],#g1[KNOP],(#g1.#g.d1.#f1)[KNOP],#g1[KNOP],(#f1.A-1.d1.#g)[KNOP],(#g1.B-1)[KNOP],(b1.#f1.#c1.a.#c)[JMNP],(a1.a.#c1.#f1)[JMNP],d[JMNP],(#g1.#g.b.#f1)[KNOP],#g1[KNOP],(#g1.#f1.b.#g)[KNOP],#g1[KNOP],(#f1.#c.b.#g)[KNOP],(#g1.d)[KNOP],(b1.#d.#f1.c1.#g)[JMNP],(a1.#G-1.#g.c1.#f1)[KNOP],#g1[KNOP],(#g1.#f1.#c1.b.#g.#c)[JLP],f1[KMNP],#f1[KMNO],(#f1.#F-1.a.#c1)[JLMN],#c2[KNOP],b1[KNOP],a1[LMO],#c2[LMO],#g1[LMO],#f1[LMO],#c2[LMO],a1[LMO],(#c2.a.e1.a1)[JMNP],(d2.b1.#f1.d1.d)[JMNP],(b1.#g1.e1.d1.e)[KNOP],#f1[KNOP],#g1[KNOP],e1[KNOP],(#c2.a1.e1.#c1.A-1)[KNOP],6<#c2[LOP],b1[LOP]>,a1[JMNP],(a1.#c1.#f1.#f)[JMNP],(b1.#g1.d1.B-1)[JMNP],(#g1.b.f1.#c1.#c)[KNOP],#d1[KNOP],f1[KNOP],#c1[KNOP],(a1.#F-1.a.#f1.#c1)[JMNP],(#f1.#f)[JMNP],(#g1.#f1.#d1.#g.c)[JMNP],(#f1.#d1.#g)[KNOP],#g1[KNOP],(#g1.f1.d1.#g.B-1)[KNOP],#g1[KNOP],(a1.e1.d1.#g)[KNOP],b1[KNOP],(#c2.e1.#c1.a.A-1)[JMNP],(#c2.e1.#c1.a1)[JMNP],(#c2.g1.d1.B-1)[KNOP],(b1.b)[KNOP],(d2.g1.d1)[KNOP],(g1.b)[KNOP],(#f1.#c1.#c)[KNOP],#g[KNOP],(#g1.#C-1.f1.#c1)[KNOP],#g[KNOP],(#d2.#f1.C-1.c.#g1.#d1)[KNOP],#g[KNOP],(#g1.#f1.#d1)[KNOP],#g[KNOP],(#g1.C-1.c.#f1.#d1)[KNOP],#g[KNOP],(#g1.#f1.#d1)[KNOP],(#g1.#g)[KNOP],(#g1.B-2.B-1.f1.d1)[KNOP],(#g1.#g)[KNOP],(a1.E-1.#g1.f1.d1)[KNOP],(b1.#g)[KNOP],(#c2.A-2.A-1.e1.a1.#c1)[KNOP],a[KNOP],(#c2.a1.e1.#c1)[KNOP],a[KNOP],(#c2.B-2.B-1.d1.#g1)[KNOP],(b1.b)[KNOP],(a1.#g1.d1)[KNOP],(#g1.b)[KNOP],(#f1.#C-1.#c.a1.#c1)[KNOP],a[KNOP],(a1.#f1.#c1)[KNOP],a[KNOP],(#g1.#C-1.#c.f1.#c1)[KNOP],b[KNOP],(#c2.f1.#c1)[KNOP],b[KNOP],(#f1.#c1.a.#F-1)[HMNO],"],"id":1,"instruments":["piano"],"alternatives":[""]},{"bpm":96,"baseBeats":0.75,"scores":["(#F-1.d2)[KL],#f[LM],#c2[LM],(d1.f1.b1)[LM],#c2[LM],(b.d2)[LM],#g2[LM],(a.#f1.#f2)[KL],(#c1.#f2)[KL],(#F-1.d2)[KL],#f[LM],#c2[LM],(d1.f1.b1)[LM],#c2[LM],(b.d2)[LM],#g2[LM],(#f2.a.#f1)[KL],#c1[KL],(#c1.#f.e.#A-1.f2)[LM],#f2[LM],5<(b.#f.d.B-1.e2)[OP],#f2[OP],e2[LO]>,d2[LM],(b.f.#c.c2)[LM],#c2[LM],5<(b.#f.d.b1)[OP],#c2[OP],b1[LO]>,a1[LM],5<(d1.#f.B-1.#g1)[OP],a1[OP],#g1[LO]>,#f1[LM],(b.f.#c.#g1)[LM],#c2[LM],(#F-1.a.#f1)[KLO],6<(f.a1.#c1)[LOP],#f[LOP],#c[LOP]>,(a.#f1.#F-1)[KLMN],6<(f.a1.#c1)[LNO],#f[LNO],#c[LNO]>,(#F-1.a.#f1)[IMNO],(#c2.a.e1.a1)[JMNP],(d2.b1.#f1.d1.d)[JMNP],(b1.#g1.e1.d1.e)[KNOP],#f1[KNOP],#g1[KNOP],e1[KNOP],(#c2.a1.e1.#c1.A-1)[KNOP],6<#c2[LOP],b1[LOP]>,a1[JMNP],(a1.#f.#c1.#f1)[JMNP],(b1.#g1.d1.B-1)[JMNP],(#g1.b.f1.#c1.#c)[KNOP],#d1[KNOP],f1[KNOP],#c1[KNOP],(a1.#F-1.a.#f1.#c1)[JMNP],(#f1.#f)[JMNP],B-1[JMNP],(#g1.#g.d1.#f1)[KNOP],#g1[KNOP],(#g1.#g.d1.#f1)[KNOP],#g1[KNOP],(#f1.A-1.d1.#g)[KNOP],(#g1.B-1)[KNOP],(b1.#f1.#c1.a.#c)[JMNP],(a1.a.#c1.#f1)[JMNP],d[JMNP],(#g1.#g.b.#f1)[KNOP],#g1[KNOP],(#g1.#f1.b.#g)[KNOP],#g1[KNOP],(#f1.#c.b.#g)[KNOP],(#g1.d)[KNOP],(b1.#d.#f1.c1.#g)[JMNP],(a1.#G-1.#g.c1.#f1)[KNOP],#g1[KNOP],(#g1.#f1.#c1.b.#g.#c)[JLP],f1[KMNP],#f1[KMNO],(#f1.#F-1.a.#c1)[JLMN],#c2[KNOP],b1[KNOP],a1[LMO],#c2[LMO],#g1[LMO],#f1[LMO],#c2[LMO],a1[LMO],(#c2.a.e1.a1)[JMNP],(d2.b1.#f1.d1.d)[JMNP],(b1.#g1.e1.d1.e)[KNOP],#f1[KNOP],#g1[KNOP],e1[KNOP],(#c2.a1.e1.#c1.A-1)[KNOP],6<#c2[LOP],b1[LOP]>,a1[JMNP],(a1.#c1.#f1.#f)[JMNP],(b1.#g1.d1.B-1)[JMNP],(#g1.b.f1.#c1.#c)[KNOP],#d1[KNOP],f1[KNOP],#c1[KNOP],(a1.#F-1.a.#f1.#c1)[JMNP],(#f1.#f)[JMNP],(#g1.#f1.#d1.#g.c)[JMNP],(#f1.#d1.#g)[KNOP],#g1[KNOP],(#g1.f1.d1.#g.B-1)[KNOP],#g1[KNOP],(a1.e1.d1.#g)[KNOP],b1[KNOP],(#c2.e1.#c1.a.A-1)[JMNP],(#c2.e1.#c1.a1)[JMNP],(#c2.g1.d1.B-1)[KNOP],(b1.b)[KNOP],(d2.g1.d1)[KNOP],(g1.b)[KNOP],(#f1.#c1.#c)[KNOP],#g[KNOP],(#g1.#C-1.f1.#c1)[KNOP],#g[KNOP],(#d2.#f1.C-1.c.#g1.#d1)[KNOP],#g[KNOP],(#g1.#f1.#d1)[KNOP],#g[KNOP],(#g1.C-1.c.#f1.#d1)[KNOP],#g[KNOP],(#g1.#f1.#d1)[KNOP],(#g1.#g)[KNOP],(#g1.B-2.B-1.f1.d1)[KNOP],(#g1.#g)[KNOP],(a1.E-1.#g1.f1.d1)[KNOP],(b1.#g)[KNOP],(#c2.A-2.A-1.e1.a1.#c1)[KNOP],a[KNOP],(#c2.a1.e1.#c1)[KNOP],a[KNOP],(#c2.B-2.B-1.d1.#g1)[KNOP],(b1.b)[KNOP],(a1.#g1.d1)[KNOP],(#g1.b)[KNOP],(#f1.#C-1.#c.a1.#c1)[KNOP],a[KNOP],(a1.#f1.#c1)[KNOP],a[KNOP],(#g1.#C-1.#c.f1.#c1)[KNOP],b[KNOP],(#c2.f1.#c1)[KNOP],b[KNOP],(#f1.#c1.a.#F-1)[HMNO],"],"id":2,"instruments":["piano"],"alternatives":[""]},{"bpm":96,"baseBeats":0.75,"scores":["(#F-1.d2)[KL],#f[LM],#c2[LM],(d1.f1.b1)[LM],#c2[LM],(b.d2)[LM],#g2[LM],(a.#f1.#f2)[KL],(#c1.#f2)[KL],(#F-1.d2)[KL],#f[LM],#c2[LM],(d1.f1.b1)[LM],#c2[LM],(b.d2)[LM],#g2[LM],(#f2.a.#f1)[KL],#c1[KL],(#c1.#f.e.#A-1.f2)[LM],#f2[LM],5<(b.#f.d.B-1.e2)[OP],#f2[OP],e2[LO]>,d2[LM],(b.f.#c.c2)[LM],#c2[LM],5<(b.#f.d.b1)[OP],#c2[OP],b1[LO]>,a1[LM],5<(d1.#f.B-1.#g1)[OP],a1[OP],#g1[LO]>,#f1[LM],(b.f.#c.#g1)[LM],#c2[LM],(#F-1.a.#f1)[KLO],6<(f.a1.#c1)[LOP],#f[LOP],#c[LOP]>,(a.#f1.#F-1)[KLMN],6<(f.a1.#c1)[LNO],#f[LNO],#c[LNO]>,(#F-1.a.#f1)[IMNO],"],"id":3,"instruments":["piano"],"alternatives":[""]}],"audition":{"start":[0,0],"end":[1,0]}}