{"baseBpm":210,"musics":[{"bpm":210,"baseBeats":0.75,"scores":["mute[KLM],mute[KLM],mute[KLM],mute[KLM],mute[KLM],mute[KLM],mute[KLM],mute[KLM],mute[KLM],mute[KLM],mute[KLM],mute[KLM],mute[KLM],mute[KLM],mute[KLM],mute[LM],mute[LM],mute[LM],mute[KMP],mute[KLM],mute[LM],mute[KP],mute[LMNO],mute[LMNO],mute[JOP],mute[JOP],mute[JOP],mute[KLMNP],mute[KLMNP],mute[KLMNP],mute[KLMNP],mute[KLMNP],mute[KLMNP],mute[KLMNP],mute[LMNO],mute[LMNO],mute[KLMNP],mute[KLMNP],mute[KLMNP],mute[KLMNP],mute[KLMNP],mute[KLMNP],mute[KLMNP],mute[KLMNP],mute[KLMNP],mute[KLMNP],mute[LMNO],mute[LMNO],mute[KLMNP],mute[LMNO],mute[LMNO],mute[LMNO],mute[LMNO],mute[KLMNP],mute[KLMNP],mute[KLMNP],mute[KLMNO],mute[KLMNP],mute[KLMNP],mute[KLMNP],mute[KLMNP],mute[KLMNP],mute[KLMNP],mute[LMNO],mute[LMNO],mute[LMNO],mute[LMNO],mute[KLMNP],mute[KLMNP],mute[KLMNP],mute[KLMNP],mute[KLMNP],mute[LMNO],mute[LMNO],mute[KLMOP],mute[LMNO],mute[LMNO],mute[KLMOP],mute[LM],mute[KN],","(#c2.f)[KLM],(#g.#c1.#d2)[KLM],(#g.#c1)[LMN],#c2[LMN],(#d.#c2)[KLM],(#f.b.b1)[KLM],(#f.b)[LMN],#a1[LMN],(#c.#a1)[KLM],(#a.e1.#f.#g1)[KLM],(#f1.e1.#f.#a)[KLM],(B-1.#f2)[KLM],(b.#d1.#f)[KLM],(#d1.#f.b)[KLM],(B-1.#g1)[LMN],#a1[LMN],(b1.d1.#f)[KLM],(d1.#f.b1)[KLM],(b1.#c)[LOP],#c2[LOP],b1[LOP],(#a1.#f.#c1.#a)[LMN],#f1[LMN],(#a.#f.#c1.#a1)[KLM],(#c.#a1)[LOP],b1[LOP],#a1[LOP],(f.b.#g1)[LMNO],#c1[LMNO],(b.f.#g1)[JOP],(#F-1.#f1)[JOP],(#c.#a)[JOP],#c1[KLMNP],(#a1.#F-1)[KLMNP],(b1.#c)[KLMNP],(#a1.#f.#c1.#a)[KLMNP],(#g1.#F-1)[KLMNP],#c[KLMNP],(#c1.f.#g.b)[KLMNP],(#c1.#F-1)[LMNO],f1[LMNO],(#g1.#c)[KLMNP],(b1.b.#c1.#g.f)[KLMNP],(#d2.#F-1)[KLMNP],#c[KLMNP],(#c2.#f.#c1.#a)[KLMNP],(#a1.G-1)[KLMNP],(a1.#c)[KLMNP],(#a1.#a.#c1.e)[KLMNP],(#c2.#G-1)[KLMNP],#c[KLMNP],(b1.b.#c1.f)[LMNO],#a1[LMNO],(#a1.#C-1)[KLMNP],#c[LMNO],#g1[LMNO],(#a1.#c1.b.f1)[LMNO],#g1[LMNO],(#f1.#F-1)[KLMNP],#c[KLMNP],(#c1.#f1.#a)[KLMNP],(#a1.#F-1)[KLNO],#c2[M],(b1.#c)[KLMNP],(#a1.#f.#c1.#a)[KLMNP],(#g1.#F-1)[KLMNP],#c[KLMNP],(#c1.f.#g.b)[KLMNP],(#c1.#F-1)[KLMNP],#c[LMNO],f1[LMNO],(#g1.f.#g.#c1.b)[LMNO],b1[LMNO],(#d2.#F-1)[KLMNP],#c[KLMNP],(#c2.#f.#c1.#a)[KLMNP],(#a1.G-1)[KLMNP],(a1.#c)[KLMNP],(#a.#c1.e)[LMNO],#a1[LMNO],(b1.#G-1)[KLMOP],#c[LMNO],f1[LMNO],(f1.b.#c1.f)[KLMOP],(b1.#C-1)[LN],#c2[LN],b1[LN],"],"id":1,"instruments":["piano","piano"],"alternatives":["",""]},{"bpm":210,"baseBeats":0.75,"scores":["mute[KLMOP],mute[KLMOP],mute[KLMOP],mute[KLMOP],mute[KLMOP],mute[KLMN],mute[KLMNP],mute[KLMNP],mute[KLMNP],mute[KLMNP],mute[LMNO],mute[LMNO],mute[LMNO],mute[LMNO],mute[KLMNP],mute[LMNO],mute[LMNO],mute[KLMNP],mute[KLMNP],mute[JM],mute[KLMNP],mute[KLMNP],mute[KLMNP],mute[KLMNP],mute[KLMNP],mute[KLMNP],mute[LMNO],mute[LMNO],mute[KLMNP],mute[KLMNP],mute[KLMNP],mute[KLMNP],mute[KLMNP],mute[KLMNP],mute[KLMNP],mute[KLMNP],mute[KLMNP],mute[KLMNP],mute[KLMNP],mute[LMNO],mute[LMNO],mute[KLMNOP],mute[JO],mute[JKM],mute[KN],mute[KN],mute[KN],mute[KLMNP],mute[KLMNP],mute[KLMNP],mute[KLMNP],mute[KLMNP],mute[KLMNP],mute[LMNO],mute[LMNO],mute[KLMNP],mute[KLMNP],mute[KLMNP],mute[KLMNP],mute[KLMNP],mute[KLMNP],mute[KLMNP],mute[KLMNP],mute[KLMNP],mute[KLMNP],mute[LMNO],mute[LMNO],mute[KLMNP],mute[LMNO],mute[LMNO],mute[LMNO],mute[LMNO],mute[KLMNP],mute[KLMNP],mute[KLMNP],mute[KLMNO],mute[KLMNP],mute[KLMNP],mute[KLMNP],mute[KLMNP],mute[KLMNP],mute[LMNO],mute[LMNO],mute[KLMNP],mute[KLMNP],mute[KLMNP],mute[KLMNP],mute[LMNO],mute[LMNO],mute[KLMN],mute[KLMN],mute[KLMN],mute[KLMOP],mute[KLMOP],mute[KLMOP],mute[KLMO],mute[KLMO],mute[KLMO],mute[KLMP],mute[KLMP],mute[KLMP],mute[KLM],mute[KLM],mute[KLM],mute[KLNOP],mute[KLNOP],mute[KLNOP],mute[KLNO],mute[KLNP],mute[KLOP],mute[KLOP],mute[KLNO],mute[KLP],","(#a1.#c)[KLMOP],(b1.#c1.f)[KLMOP],(#c2.#A-1)[KLMOP],(#c1.#f)[KLMOP],(#a1.e.#c1.G-1)[KLMOP],(b1.#G-1)[KLMN],(#a1.#c1.f)[KLMNP],(#g1.f.d1)[KLMNP],(#a1.#G-1)[KLMNP],(#g1.#d1.#g.c1.#f)[KLMNP],(#g1.#d1.#g.c1.#f)[LMNO],a1[LMNO],(#a1.#c)[LMNO],#g1[LMNO],(#f1.b.f.#c1)[KLMNP],(f1.f.#c1.b)[LMNO],#d1[LMNO],(#d1.#F-1)[KLMNP],#c[KLMNP],(#c1.#f.#a)[JM],(a1.#f)[KLMNP],(a1.d1.a)[KLMNP],(a1.d1.a)[KLMNP],(a1.f)[KLMNP],(#g.#c1)[KLMNP],(#g1.#g.#c1)[KLMNP],(a1.#f)[LMNO],a1[LMNO],(b1.d1.a)[KLMNP],(a1.d1.a)[KLMNP],(a1.f)[KLMNP],(#g.#c1)[KLMNP],(#g1.#g.#c1)[KLMNP],(g1.e)[KLMNP],(g1.g.c1)[KLMNP],(g1.g.c1)[KLMNP],(g1.#d)[KLMNP],(#f.b)[KLMNP],(#f1.#f.b)[KLMNP],(#f1.#f.b.d)[LMNO],#f1[LMNO],(#g2.#f.b.D-1.d)[KLMNOP],(#f2.d.D-1.b.#f)[JO],(f2.f.b.#c1.#c.#C-1)[JKM],#d2[KN],#c2[KN],b1[KN],(#a1.#F-1)[KLMNP],(b1.#c)[KLMNP],(#a1.#f.#c1.#a)[KLMNP],(#g1.#F-1)[KLMNP],#c[KLMNP],(#c1.f.#g.b)[KLMNP],(#c1.#F-1)[LMNO],f1[LMNO],(#g1.#c)[KLMNP],(b1.f.#g.#c1.b)[KLMNP],(#d2.#F-1)[KLMNP],#c[KLMNP],(#c2.#f.#c1.#a)[KLMNP],(#a1.G-1)[KLMNP],(a1.#c)[KLMNP],(#a1.#a.#c1.e)[KLMNP],(#c2.#G-1)[KLMNP],#c[KLMNP],(b1.f.#c1.b)[LMNO],#a1[LMNO],(#a1.#C-1)[KLMNP],#c[LMNO],#g1[LMNO],(#a1.#c1.b.f1)[LMNO],#g1[LMNO],(#f1.#F-1)[KLMNP],#c[KLMNP],(#c1.#f1.#a)[KLMNP],(#a1.#F-1)[KLNO],#c2[M],(b1.#c)[KLMNP],(#a1.#f.#c1.#a)[KLMNP],(#g1.#F-1)[KLMNP],#c[KLMNP],(#c1.b.#g.f)[KLMNP],(#c1.#F-1)[LMNO],f1[LMNO],(#g1.#c)[KLMNP],(b1.f.#g.#c1.b)[KLMNP],(#d2.#F-1)[KLMNP],#c[KLMNP],(#c2.#f.#c1.#a)[LMNO],#a1[LMNO],(#g1.B-1)[KLMN],(#g.#d.#d1)[KLMN],(#d1.#d.#g)[KLMN],#A-1[KLMOP],(f.d1.#a)[KLMOP],(#a1.#a.d1.f)[KLMOP],(#a1.B-1)[KLMO],(#g.#d.#d1)[KLMO],(#g1.#g.#d.#d1)[KLMO],#A-1[KLMP],(f.d1.#a)[KLMP],(#a1.#a.d1.f)[KLMP],(#a1.B-1)[KLM],(#d.#a)[KLM],(#a.#d)[KLM],(#d.#a)[KLNOP],(#d.#a)[KLNOP],(#g1.#g.#d)[KLNOP],(#a1.B-1)[KLNO],(#d.#a)[KLNP],(#a.#d)[KLOP],(#d.#a)[KLOP],(#d.#a)[KLNO],(#g1.#d.#g)[KMOP],#a1[NO],"],"id":2,"instruments":["piano","piano"],"alternatives":["",""]},{"bpm":210,"baseBeats":0.75,"scores":["mute[KL],mute[KL],mute[KL],mute[KL],mute[KL],mute[KL],mute[KL],mute[KL],mute[KL],mute[KL],mute[KL],mute[KL],mute[KL],mute[KL],mute[KL],mute[KL],mute[LM],mute[LM],mute[KL],mute[KMNO],mute[KMNO],mute[KMNO],mute[KMNO],mute[KMNO],mute[KMNO],mute[IJMP],mute[INOP],mute[KP],mute[KP],mute[KMOP],mute[KMOP],mute[KMOP],mute[KMOP],mute[KMOP],mute[KMOP],mute[KMOP],mute[KMOP],mute[KMOP],mute[KMOP],mute[KMNP],mute[KMNP],mute[KLO],mute[KLO],mute[KLO],mute[KLOP],mute[KLOP],mute[KLOP],mute[KLM],mute[KLMO],mute[KLMO],mute[KLMNP],mute[KLMNP],mute[JOP],mute[JNOP],mute[J],mute[J],mute[KLM],mute[KLM],mute[LM],mute[K],mute[KLM],mute[KLM],mute[LM],mute[K],mute[KLM],mute[KLM],mute[KLM],mute[KLM],mute[KLM],mute[KLM],mute[LM],mute[K],mute[KLM],mute[KLM],mute[LM],mute[LM],mute[LM],mute[KMP],mute[KLM],mute[LM],mute[KP],mute[LMNO],mute[LMNO],mute[JOP],mute[JOP],mute[I],","(#g1.B-1)[KL],(g1.#g.#d)[KL],(#g1.#g.#d)[KL],(b1.#c)[KL],(#a1.e.#a)[KL],(#a1.e.#a)[KL],(#a1.#c)[KL],(a1.#a.e)[KL],(#a1.#a.e)[KL],(#c2.#d)[KL],(#f.b)[KL],(b1.#f.b)[KL],(b1.#d)[KL],(b1.b.#f)[KL],(c2.e.c1.g)[KL],(#c2.f)[KL],(#c1.#g)[LM],#c2[LM],(d2.d1.a.#f)[KL],(#d2.g)[KMNO],(d2.d1.#a)[KMNO],(#d2.#d1.#a)[KMNO],(e2.#g)[KMNO],(b.e1)[KMNO],e2[KMNO],f2[IJMP],(#c1.f1.#g)[INOP],#d2[KP],#c2[KP],(#f2.#G-1)[KMOP],(#f.#d1)[KMOP],(#f.#d1)[KMOP],#A-1[KMOP],(f2.#g.d1)[KMOP],(f2.d1.#g)[KMOP],(f2.B-1)[KMOP],(f.#d1)[KMOP],(#d1.f)[KMOP],c[KMOP],(#d2.#f.a.#d1)[KMNP],(#d2.a.#d1.#f)[KMNP],(#d2.#c)[KLO],(#a.#f.#c1)[KLO],(#c2.#f.#c1.#a)[KLO],(#d2.#c)[KLOP],(#a.g.#c1)[KLOP],(#c2.#c1.g.#a)[KLOP],(#d2.#c)[KLM],(b.#g.#c1)[KLMO],(f1.#g.#c1.b)[KLMO],#c[KLMNP],(#c1.#g.b)[KLMNP],(f1.b.#c1.#g)[JOP],(#g1.#F-1)[JNOP],(#f1.#a.#f.#c1)[J],#c1[J],(f.#c2)[KLM],(#g.#c1.#d2)[KLM],(#c1.#g)[LMN],#c2[LMN],(#d.#c2)[KLM],(#f.b.b1)[KLM],(b.#f)[LMN],#a1[LMN],(#c.#a1)[KLM],(#a.e1.#f.#g1)[KLM],(e1.#a.#f.#f1)[KLM],(B-1.#f2)[KLM],(b.#d1.#f)[KLM],(#d1.b.#f)[KLM],(B-1.#g1)[LMN],#a1[LMN],(#f.d1.b1)[KLM],(d1.#f.b1)[KLM],(#c.b1)[LOP],#c2[LOP],b1[LOP],(#a.#c1.#f.#a1)[LMN],#f1[LMN],(#a.#f.#c1.#a1)[KLM],(#c.#a1)[LOP],b1[LOP],#a1[LOP],(f.b.#g1)[LMNO],#c1[LMNO],(b.f.#g1)[JOP],(#F-1.#f1)[JOP],(#a.#c)[I],"],"id":3,"instruments":["piano","piano"],"alternatives":["",""]}],"audition":{"start":[0,0],"end":[1,0]}}