{"baseBpm":30,"musics":[{"bpm":30,"baseBeats":0.25,"scores":["(a1.c1.e1.a.A-1)[L],(a.d.f1.a1.d1)[M],5<W,b1[N]>,(A-1.a.e1.c1.a1)[L],(a.d.f1.a1.d1)[M],5<W,b1[N]>,(A-1.a.e1.c1.a1)[L],(e1.#g1.b.B-1)[M],5<W,a1[N]>,(a.#d1.b.#f1.B-1)[L],(b.e1.#g.E-1)[L],(e.E-1.d1.#g.e1)[L],b1[M],5<W,c2[N]>,(a.e1.c1.e.A-1.a1)[M],5<WX,b1[O]>,a1[M],g1[M],(d1.b.a.A-1.f1)[L],(D-1.g1)[M],f1[M],(e.A-1.c1.a.e1)[LM],e2[M],(E-1.e.d1.b.#g1.d2)[M],c2[M],b1[M],c2[M],(a1.a.c1.F-1.f)[L],(f1.b.a1.a.D-1.d.b1)[L],"],"id":1,"instruments":["piano"],"alternatives":[""]},{"bpm":30,"baseBeats":0.25,"scores":["(e1.b.#g1.d1.E-1.e~f1~e1)[L],#g1[L],(A-1.a.e1.c1.a1)[L],(e.c1.a.e1.c2)[L],(c.g.c1.e1.c2)[L],d2[M],e2[M],g1[L],a1[L],(d1.b.g.G-1.b1)[L],c2[M],b1[M],(a.f1.d1.D-1.a1)[L],b1[L],(d1.b.e1.#g.e.E-1.#g1)[L],e1[M],e1[M],(e1.a.c1.A-1.a1)[L],(a.f1.d1.D-1.d2)[M],5<W,a1[N]>,(E-1.c1.a.e1.c2)[L],(e.e1.d1.#g.b1)[M],5<W,c2[N]>,(A-1.c1.a.e1.a1)[L],(c.e1.c1.g.g1)[L],"],"id":2,"instruments":["piano"],"alternatives":[""]},{"bpm":30,"baseBeats":0.25,"scores":["(c.g.c1.e1.c2)[L],d2[M],e2[M],g1[L],a1[L],(g.d1.b.G-1.b1)[L],c2[M],b1[M],(a.f1.d1.D-1.a1)[L],b1[L],(d1.b.e1.#g.e.E-1.#g1)[L],e1[M],e1[M],(A-1.c1.a.e1.a1)[L],(a.f1.d1.D-1.d2)[M],a1[M],(e.E-1.c1.a.e1.c2)[L],b1[M],a1[M],e2[K],(e1.a.b.E-1.e)[M],f2[M],e2[M],#d2[M],(b.d1.#g.e1.e2)[M],b1[M],(#g1.d1.e1.d2)[M],c2[M],"],"id":3,"instruments":["piano"],"alternatives":[""]}],"audition":{"start":[0,0],"end":[1,0]}}