{"baseBpm":264,"musics":[{"bpm":264,"baseBeats":0.75,"scores":["mute[KL],mute[KL],mute[KL],mute[KL],mute[LM],mute[LM],mute[LM],mute[LM],mute[JK],mute[KL],mute[KL],mute[KL],mute[KL],mute[LM],mute[LM],mute[LM],mute[LM],mute[JK],mute[JK],mute[JK],mute[IJ],mute[IJ],mute[IJ],mute[KL],mute[LM],mute[LM],mute[KL],mute[LM],mute[LM],mute[KLN],mute[LM],mute[LM],mute[LM],mute[LM],mute[LM],mute[KMN],mute[ILMN],mute[KP],mute[KP],mute[KP],mute[HIKNOP],mute[KLMOP],mute[KLMOP],mute[KLMOP],mute[LMNO],mute[LMNO],mute[KLMOP],mute[KLMOP],mute[KLMOP],mute[KLMOP],mute[KLMOP],mute[KLMOP],mute[KNOP],mute[KM],mute[KNOP],mute[KLMOP],mute[KLMOP],mute[KLMOP],mute[KLMOP],mute[KLMOP],mute[KLMOP],mute[KLMOP],mute[KLMOP],mute[KNOP],mute[KM],mute[KNOP],mute[KNOP],mute[KM],mute[KNOP],mute[KLMOP],mute[KLMOP],mute[KLMOP],mute[KLMOP],mute[KLMOP],mute[KLMOP],mute[KLMOP],mute[KLMOP],mute[KLMOP],mute[KLMOP],mute[KLMOP],mute[KLMOP],mute[KLMOP],mute[KLMOP],mute[KLMOP],mute[KLMOP],mute[KLMOP],mute[KLMOP],mute[KNOP],mute[KM],mute[KNOP],mute[KLMOP],mute[KLMOP],mute[KLMOP],mute[KLMOP],mute[KLMOP],mute[KLMOP],mute[KLMOP],mute[KLMOP],mute[KNOP],mute[KM],mute[KNOP],mute[KNOP],mute[KM],","(c2.c1.a.c.F-1)[KL],b1[KL],#a1[KL],a1[KL],(g1.#a.f.c1)[LM],f1[LM],e1[LM],d1[LM],c1[JK],(c2.c1.a.c.F-1)[KL],b1[KL],#a1[KL],a1[KL],(g1.c1.#a.f)[LM],f1[LM],e1[LM],d1[LM],c1[JK],(a.f.f1.c1)[JK],(a.d.f1.d1)[JK],(g1.d1.#a.g.d.G-1)[IJ],(c.g1.e1.c1.g)[IJ],(g1.d1.b.g.d.G-1)[IJ],(g1.c1.e1.g.c)[KL],g1[LM],b1[LM],c2[KL],g1[LM],b1[LM],c2[KLN],g1[LMO],b1[LMO],c2[LMN],g1[LMN],a1[LMN],g1[LMN],c1[ILMN],g1[KP],a1[KP],g1[KP],c1[HIKNOP],(a1.F-1.f.f1)[KLMOP],c1[KLMOP],(a1.f1)[KLMOP],c1[LMNO],a1[LMNO],(g1.e1.c)[KLMOP],c1[KLMOP],(a1.f1.f)[KLMOP],(a1.c1)[KLMOP],(#a1.e.g1)[KLMOP],c1[KLMOP],(c2.a1)[KNOP],c1[LN],#a1[LN],(#a1.g1)[KNOP],(a1.f.f1)[KLMOP],c1[KLMOP],(c2.a1.f1)[KLMOP],c1[KLMOP],(g1.e1.c)[KLMOP],g[KLMOP],(a1.e1.c1)[KLMOP],(g1.g)[KLMOP],(f1.b.d1.C-1)[KNOP],e1[LN],g[LN],f1[KNOP],(a1.b.d1.f1)[KNOP],g1[LN],g[LN],f1[KNOP],(g1.#a.f1.#c1.c)[KLMOP],g[KLMOP],(c1.e1)[KLMOP],#a[KLMOP],(f1.F-1.a)[KLMOP],c1[KLMOP],a[KLMOP],c1[KLMOP],(a1.f1.f)[KLMOP],c1[KLMOP],(a1.f1)[KLMOP],(a1.c1)[KLMOP],(g1.c.e1)[KLMOP],c1[KLMOP],(a1.f.f1)[KLMOP],(a1.c1)[KLMOP],(#a1.g1.e)[KLMOP],c1[KLMOP],(c2.a1)[KNOP],c1[LN],#a1[LN],(#a1.g1)[KNOP],(a1.f1.f)[KLMOP],c1[KLMOP],(c2.a1.f1)[KLMOP],c1[KLMOP],(g1.e1.c)[KLMOP],g[KLMOP],(a1.e1.c1)[KLMOP],(g1.g)[KLMOP],(f1.b.d1.C-1)[KNOP],e1[LN],g[LN],f1[KNOP],(a1.b.d1.f1)[KNOP],g1[LN],g[LN],"],"id":1,"instruments":["piano","piano"],"alternatives":["",""]},{"bpm":264,"baseBeats":0.75,"scores":["mute[KNOP],mute[KLMOP],mute[KLMOP],mute[KLMOP],mute[KLMOP],mute[KLMOP],mute[KLMOP],mute[KLMOP],mute[KLMOP],mute[KLMOP],mute[KLMOP],mute[KLMOP],mute[KLMOP],mute[KLMOP],mute[KLMOP],mute[KLMOP],mute[KLMOP],mute[KLMOP],mute[KLMOP],mute[KLMOP],mute[KLMOP],mute[KLMOP],mute[KLMOP],mute[KLMOP],mute[KLMOP],mute[KLMOP],mute[KLMOP],mute[KLMOP],mute[KLMOP],mute[KLMOP],mute[KLMOP],mute[KLMOP],mute[KLMOP],mute[KLMOP],mute[KLMOP],mute[KLMOP],mute[KLMOP],mute[KLMOP],mute[KLMOP],mute[KLMOP],mute[KLMOP],mute[KLMOP],mute[KLMOP],mute[KLMOP],mute[KLMOP],mute[KLMOP],mute[KLMOP],mute[KLMOP],mute[KLMOP],mute[KLMNO],mute[KLMNO],mute[JNO],mute[JNO],mute[ILNOP],mute[ILNOP],mute[KLMOP],mute[KLMOP],mute[KLMOP],mute[KLMOP],mute[KLMOP],mute[KLMOP],mute[KLMOP],mute[KLMOP],mute[KLMNP],mute[KLMNP],mute[JP],mute[JP],mute[JNO],mute[JNO],mute[JMOP],mute[JMOP],mute[KLMOP],mute[KLMOP],mute[KLMOP],mute[LMNO],mute[LMNO],mute[KLMOP],mute[KLMOP],mute[KLMOP],mute[KLMOP],mute[KLMOP],mute[KLMOP],mute[KLMOP],mute[KLMOP],mute[KLMOP],mute[KLMOP],mute[KLMOP],mute[KLMOP],mute[KLMOP],mute[KLMOP],mute[KLMOP],mute[KLMOP],mute[KLMOP],mute[KLMOP],mute[KLMOP],mute[KLMOP],mute[KLMOP],mute[KLMOP],mute[KLMOP],mute[KLMOP],mute[KLMOP],mute[KLMOP],mute[KLMOP],mute[KLMOP],mute[KLMOP],mute[KLMOP],mute[KLMOP],mute[KLMOP],mute[KLMOP],mute[KLMOP],mute[KLMOP],mute[KLMOP],mute[JKLNP],","f1[KNOP],(g1.#a.f1.#c1.c)[KLMOP],g[KLMOP],(c1.e1)[KLMOP],#a[KLMOP],(f1.F-1.a)[KLMOP],(a1.a)[KLMOP],(a1.a)[KLMOP],(a1.a)[KLMOP],(a1.f1.d1)[KLMOP],(a1.f1.d1)[KLMOP],(a1.f1.d1)[KLMOP],(a1.f1.d1)[KLMOP],(a1.f1.d1)[KLMOP],(a1.f1.d1)[KLMOP],(a1.f1.d1)[KLMOP],(a1.f1.d1)[KLMOP],(c2.c1.a.a1.e1)[KLMOP],(c1.a.a1.e1)[KLMOP],(c1.a.a1.e1)[KLMOP],(c1.a.a1.e1)[KLMOP],(g1.e1.c1)[KLMOP],(g1.e1.c1)[KLMOP],(g1.e1.c1)[KLMOP],(g1.e1.c1)[KLMOP],(g1.c1.#d1)[KLMOP],(c1.g1.#d1)[KLMOP],(c1.g1.#d1)[KLMOP],(g1.c1.#d1)[KLMOP],(#a1.a1.c1.#d1.f)[KLMOP],(a1.c1.#d1.f)[KLMOP],(g1.a1.c1.#d1.f)[KLMOP],(a1.c1.#d1.f)[KLMOP],(#a1.#a.d1)[KLMOP],(#a.#a1.d1)[KLMOP],(#a.#a1.d1)[KLMOP],(#a.#a1.d1)[KLMOP],(f1.#a.d1)[KLMOP],(#a.f1.d1)[KLMOP],(a.f1.d1)[KLMOP],(a.f1.d1)[KLMOP],(g1.e1.d1.g)[KLMOP],(e1.d1.g)[KLMOP],(a1.e1.d1.g)[KLMOP],(#a1.e1.d1.g)[KLMOP],(a1.a.e1.#c1.g)[KLMOP],(a.e1.#c1.g)[KLMOP],(d2.a.f1.d1.f)[KLMOP],(a.f1.d1.f)[KLMOP],(a1.#a.g1.d1.e)[KLMNO],(g1.#a.d1.e)[KLMNO],(f1.a.g1.#c1.A-1)[JNO],(e1.a.g1.#c1.A-1)[JNO],(f1.d.d1)[ILNOP],d1[ILNOP],(#A-2.#A-1)[KLMOP],(e1.d1.#g.e)[KLMOP],(e1.d1.#g.e)[KLMOP],(e1.#A-2.#A-1)[KLMOP],(e1.A-2.A-1)[KLMOP],(e1.#c1.a.e)[KLMOP],(e1.#c1.a.e)[KLMOP],(e1.A-2.A-1)[KLMOP],(#A-2.#A-1)[KLMNP],(e1.d1.#g.e)[KLMNP],(e1.d1.#g.e)[JP],(e1.#A-2.#A-1)[JP],(e1.A-2.A-1)[JNO],(e1.#c1.a.e)[JNO],(e1.#c1.a.e)[JMOP],(e1.A-2.A-1)[JMOP],(f.f1.#d1.c1.A-1)[KLMOP],(f.f1.#d1.c1.A-1)[KLMOP],(f1.f.#d1.c1.A-1)[KLMOP],(f.f1.#d1.c1.A-1)[LMNO],f1[LMNO],(f1.f.d1.#A-1)[KLMOP],(f.f1.d1.#A-1)[KLMOP],(f.f1.d1.#A-1)[KLMOP],(#f1.#f.d1.#A-1)[KLMOP],(g.g1.f1.d1.B-1)[KLMOP],(g.g1.f1.d1.B-1)[KLMOP],(g1.g.f1.d1.B-1)[KLMOP],(g1.g.f1.d1.B-1)[KLMOP],(g1.g.e1.c)[KLMOP],(g.g1.e1.c)[KLMOP],(g.g1.e1.c)[KLMOP],(#g1.#g.e1.c)[KLMOP],(a1.#c.a.g1.e1.#C-1)[KLMOP],(a1.#c.a.g1.e1.#C-1)[KLMOP],(a1.#c.a.g1.e1.#C-1)[KLMOP],(#c.a.a1.g1.e1.#C-1)[KLMOP],(a1.d.D-1.a.f1.d1)[KLMOP],(d.D-1.a.a1.f1.d1)[KLMOP],(#d.#D-1.a.a1.#f1.c1)[KLMOP],(a1.e.E-1.a.e1.c1)[KLMOP],(c2.f.F-1.a.a1.#d1.c1)[KLMOP],(f.F-1.a.a1.#d1.c1)[KLMOP],(a.a1.#d1.c1.f.F-1)[KLMOP],(a.a1.#d1.c1.f.F-1)[KLMOP],(a1.f.F-1.#d1.c1)[KLMOP],(f.F-1.a1.#d1.c1)[KLMOP],(a1.f.F-1.#d1.b)[KLMOP],(f.F-1.a1.#d1.b)[KLMOP],(e1.a1.b.e.E-1)[KLMOP],(a1.e1.b.e.E-1)[KLMOP],(a1.e1.b.e.E-1)[KLMOP],(a1.e1.b.e.E-1)[KLMOP],(#g1.e1.b.e.E-1)[KLMOP],(#g1.e1.b.e.E-1)[KLMOP],(c2.#g1.e1.b.e.E-1)[KLMOP],(#g1.e1.b.e.E-1)[KLMOP],(b1.e.A-1.a1.c1)[JKLNP],"],"id":2,"instruments":["piano","piano"],"alternatives":["",""]},{"bpm":264,"baseBeats":0.75,"scores":["mute[KLMOP],mute[KLMOP],mute[KLMOP],mute[KLMOP],mute[KLMOP],mute[KLMOP],mute[JKLNP],mute[KLMOP],mute[KLMOP],mute[JKLNP],mute[KLMOP],mute[KLMOP],mute[KLMOP],mute[KLMOP],mute[KLMOP],mute[KLMOP],mute[JKLNP],mute[KLMOP],mute[KLMOP],mute[JKLNP],mute[HKLMP],mute[JKLNP],mute[JKLNP],mute[KLMOP],mute[KLMOP],mute[KLMOP],mute[KLMOP],mute[KLMOP],mute[KLMOP],mute[KLMOP],mute[KLMOP],mute[KLMOP],mute[KLMOP],mute[KLMOP],mute[LMNO],mute[LMNO],mute[KLMOP],mute[KLMOP],mute[KLMOP],mute[KLMOP],mute[KLMOP],mute[KLMOP],mute[KLMOP],mute[KLMOP],mute[KLMOP],mute[KLMOP],mute[KLMOP],mute[KLMOP],mute[KLMOP],mute[KLMOP],mute[KLMOP],mute[KLMOP],mute[KLMOP],mute[KLMOP],mute[KLMOP],mute[KLMOP],mute[KLMOP],mute[KLMOP],mute[KLMOP],mute[KLMOP],mute[KLMOP],mute[KLMOP],mute[KLMOP],mute[KLMOP],mute[KLMP],mute[KLMP],mute[KLNO],mute[KLNO],mute[JKNP],mute[KL],mute[KL],mute[JLMNO],mute[JLMNO],mute[IMNP],mute[KMNOP],mute[JLMNO],mute[JLMNO],mute[IKLMN],mute[IKLMN],mute[IKLMN],mute[KL],mute[LM],mute[LM],mute[KLP],mute[KLP],mute[KLOP],mute[KLOP],mute[KLNP],mute[KLNP],mute[KLMP],mute[KLMP],mute[J],mute[J],mute[KL],mute[KL],mute[KL],mute[KL],mute[LM],mute[LM],mute[LM],mute[LM],mute[JK],mute[KL],mute[KL],mute[KL],mute[KL],mute[LM],mute[LM],mute[LM],mute[LM],mute[JK],mute[JK],mute[JK],mute[IJ],mute[IJ],mute[H],QQ,","(a1.c1.e.A-1)[KLMOP],e2[KLMOP],(f2.c1.e.A-1)[KLMOP],e2[KLMOP],(#d2.b.e.A-1)[KLMOP],b1[KLMOP],(d2.b.e.A-1)[JKLNP],(c2.c1.e.A-1)[KLMOP],e1[KLMOP],(a1.c1.e.A-1)[JKLNP],(c1.e.A-1)[KLMOP],e2[KLMOP],(f2.c1.e.A-1)[KLMOP],e2[KLMOP],(#d2.b.e.A-1)[KLMOP],b1[KLMOP],(d2.b.e.A-1)[JKLNP],(c2.c1.e.A-1)[KLMOP],e1[KLMOP],(c2.c1.e.A-1.a1)[JKLNP],(e1.c1.#a.g.c.C-1)[HKLMP],b1[JKLNP],#a1[JKLNP],(a1.F-1.f.f1)[KLMOP],c1[KLMOP],(a1.f1)[KLMOP],(a1.c1)[KLMOP],(g1.e1.c)[KLMOP],c1[KLMOP],(a1.f1.f)[KLMOP],(a1.c1)[KLMOP],(#a1.e.g1)[KLMOP],(#a1.c1)[KLMOP],(c2.#a1.g1)[KLMOP],c1[LMNO],#a1[LMNO],(a1.f.f1)[KLMOP],c1[KLMOP],(c2.a1.f1)[KLMOP],(a1.c1)[KLMOP],(g1.e1.c)[KLMOP],(g1.g)[KLMOP],(a1.e1.c1)[KLMOP],(g1.g)[KLMOP],(f1.c.b.d1.C-1)[KLMOP],(a1.g)[KLMOP],(g1.b.d1.f1)[KLMOP],(f1.g)[KLMOP],(g1.C-1.f1.#c1.c)[KLMOP],g[KLMOP],(c1.e1)[KLMOP],#a[KLMOP],(f1.f.F-1.a)[KLMOP],c1[KLMOP],a[KLMOP],c1[KLMOP],(a1.#f1.c1.D-1.d)[KLMOP],(a1.d1)[KLMOP],(#a1.#f1.c1)[KLMOP],(a1.d1)[KLMOP],(a1.g1.#a.G-1.g)[KLMOP],d1[KLMOP],(g1.#a)[KLMOP],(g1.d1)[KLMOP],(f1.a1.#d1.F-1.f)[KLMP],(c2.f1)[KLMP],(d2.a1.#d1)[KLNO],(c2.f1)[KLNO],(c2.#a1.f1.d1.f.#A-1.#a)[JKNP],#a1[KL],a1[KL],a1[JLMNO],(g1.f1.#a.g.#c)[JLMNO],(f1.g.#a.#c)[IMNP],a1[KMNOP],a1[JLMNO],(g1.f1.b.g.d)[JLMNO],(f1.g.b.d)[IKLMN],(d2.G-1.d.g.b.f1)[IKLMN],g1[IKLMN],(#a1.c)[KL],(e1.#a)[LM],a1[LM],(g1.#c)[KLP],(a1.e1.#a)[KLP],(f1.d)[KLOP],(f1.a)[KLOP],(a1.A-1)[KLNP],(f1.f.c1)[KLNP],(#a1.G-1)[KLMP],(a1.f1.#c1.#a)[KLMP],(g1.c)[J],(a1.e1.c1.#a)[J],(g1.c2.c1.a.c.F-1)[KL],b1[KL],#a1[KL],(f1.a1)[KL],(g1.c1.#a.f)[LM],f1[LM],e1[LM],d1[LM],c1[JK],(a.c.F-1.c2.c1)[KL],b1[KL],#a1[KL],a1[KL],(#a.f.g1.c1)[LM],f1[LM],e1[LM],d1[LM],c1[JK],(a.f.f1.c1)[JK],(a.d.f1.d1)[JK],(g1.d1.#a.g.G-1)[IJ],(c.#a.g1.e1.c1)[IJ],(f1.c1.a.f.F-1)[H],QQ,"],"id":3,"instruments":["piano","piano"],"alternatives":["",""]}],"audition":{"start":[0,0],"end":[1,0]}}