{"baseBpm":189,"musics":[{"bpm":189,"baseBeats":0.25,"scores":["(g.G-1.G-2)[K],(g.G-1.G-2)[LMN],5<(#f.#F-1)[N],(e.E-1)[N]>,(d.D-1)[LMN],(g.G-1.G-2)[K],(g.G-1.G-2)[LMN],5<(#f.#F-1)[N],(e.E-1)[N]>,(d.D-1)[LMN],(g.G-1.G-2)[K],(g.G-1.G-2)[LMN],5<(#f.#F-1)[N],(E-1.e)[N]>,(D-1.d)[LMN],(g.G-1.G-2)[K],(g.G-1.G-2)[K],(g.G-1.G-2.b.f1)[K],(e1.g.c1.C-1.c)[L],d1[L],(c1.g.e1.C-1.c)[K],(g.c1.e1.C-1.c)[L],d1[L],(e1.g.c1.C-1.c)[L],f1[L],(g1.C-1.c.g.c1.e1)[K],(C-1.c.g.c1.e1)[L],a1[L],(g1.c.C-1.e1.c1.g)[L],a1[L],(g1.e1.c1.g.c.C-1)[K],(c2.C-1.c.g.c1.e1)[K],(d2.g.b.d1.g1.G-1.G-2)[HK],(f1.G-1)[L],a1[L],(f1.g.b)[LMN],5<f1[N],(e1.g.b.f1)[N]>,d1[LMN],(e1.c)[L],g1[L],(e1.g.c1)[LMN],5<e1[N],(d1.g.c1.e1)[N]>,c1[LMN],(d1.G-1)[L],e1[L],(f1.g.b)[K],(a1.f1.b.g)[K],(g1.c)[K],(g.c1.e1)[K],(#c.g.#a.e1)[K],(f1.d1.a.d)[L],a1[L],(f1.d1.#g.c)[LMN],5<f1[N],(e1.f1.d1.g.B-1)[N]>,d1[LMN],(e1.c1.g.c)[L],g1[L],(e1.c1.a.A-1)[LMN],5<e1[N],(d1.e1.c1.g.E-1)[N]>,c1[LMN],(d1.c1.a.F-1)[L],a1[L],(g1.f1.b.g.G-1)[K],(f1.b.g.G-1)[L],b[L],(c1.e1.g.C-1.c)[K],(g.c)[K],(c.g)[K],"],"id":1,"instruments":["piano"],"alternatives":[""]},{"bpm":189,"baseBeats":0.25,"scores":["(b.g.f.c.g1)[L],d2[L],(b.g.f.c.g2)[K],(c1.g.e.c)[L],e2[L],(b.g.f.c.d2)[L],g1[L],(b.g.f.c.d2)[K],(c1.g.e.c)[L],(c2~d2~c2)[L],(b.g.f.c.g1)[L],d2[L],(b.g.f.c.g2)[L],#f2[L],(b.g.f.c.g2)[L],e2[L],(b.g.f.c.d2)[L],g1[L],(c1.g.e.c.c2)[K],(c1.g.e.c.e2)[L],#f2[L],(b.g.f.c.g2)[L],g1[L],(c1.g.e.c.c2)[K],(c1.g.e.c.e2)[L],#f2[L],(b.g.f.c.g2)[L],g1[L],(c1.g.e.c.c2)[K],(c1.g.e.c.e2)[L],#f2[L],(b.g.f.c.g2)[L],a2[L],(b.g.f.c.g2)[K],(b.g.f.c.d2)[L],e2[L],(c1.g.e.c.c2)[K],(C-1.c.c3.g2.e2.c2)[J],(g.G-1.G-2)[K],(g.G-1.G-2)[LMN],5<(#f.#F-1)[N],(e.E-1)[N]>,(d.D-1)[LMN],(g.G-1.G-2)[K],(g.G-1.G-2)[LMN],5<(#f.#F-1)[N],(e.E-1)[N]>,(d.D-1)[LMN],(g.G-1.G-2)[K],(g.G-1.G-2)[LMN],5<(#f.#F-1)[N],(E-1.e)[N]>,(D-1.d)[LMN],(g.G-1.G-2)[K],(g.G-1.G-2)[K],(g.G-1.G-2.b.f1)[K],(e1.g.c1.C-1.c)[L],d1[L],(c1.C-1.c.g.e1)[K],(C-1.c.g.c1.e1)[L],d1[L],(e1.C-1.c.g.c1)[L],f1[L],(g1.C-1.c.g.c1.e1)[K],(C-1.c.g.c1.e1)[L],a1[L],(g1.e1.c1.g.c.C-1)[L],a1[L],(g1.e1.c1.g.c.C-1)[K],(c2.C-1.c.g.c1.e1)[K],(d2.#f.c1.d1.A-1.A-2)[HK],"],"id":2,"instruments":["piano"],"alternatives":[""]},{"bpm":189,"baseBeats":0.25,"scores":["(f1.G-2.G-1.g.b.d1)[L],a1[L],(f1.g.b)[LMN],5<f1[N],(e1.g.b.f1)[N]>,d1[LMN],(e1.c)[L],g1[L],(e1.g.c1)[LMN],5<e1[N],(d1.g.c1.e1)[N]>,c1[LMN],(d1.G-1)[L],e1[L],(f1.g.b)[K],(a1.f1.b.g)[K],(g1.c)[K],(g.c1.e1)[K],(#c.g.#a.e1)[K],(f1.d1.a.d)[L],a1[L],(f1.d1.#g.c)[LMN],5<f1[N],(e1.f1.d1.g.B-1)[N]>,d1[LMN],(e1.c1.g.c)[L],g1[L],(e1.c1.a.A-1)[LMN],5<e1[N],(d1.e1.c1.g.E-1)[N]>,c1[LMN],(d1.c1.a.F-1)[L],a1[L],(g1.f1.b.g.G-1)[K],(f1.b.g.G-1)[L],b[L],(c1.e1.g.C-1.c)[K],(C-1.c.e1.c1.g)[K],(C-1.c.e1.c1.g)[K],(b.g.f.c.g1)[L],d2[L],(b.g.f.c.g2)[K],(c1.g.e.c)[L],e2[L],(b.g.f.c.d2)[L],g1[L],(b.g.f.c.d2)[K],(c1.g.e.c)[L],(c2~d2~c2)[L],(b.g.f.c.g1)[L],d2[L],(b.g.f.c.g2)[L],#f2[L],(b.g.f.c.g2)[L],e2[L],(b.g.f.c.d2)[L],g1[L],(c1.g.e.c.c2)[K],(c1.g.e.c.e2)[L],#f2[L],(b.g.f.c.g2)[L],g1[L],(c1.g.e.c.c2)[K],(c1.g.e.c.e2)[L],#f2[L],(b.g.f.c.g2)[L],g1[L],(c1.g.e.c.c2)[K],(c1.g.e.c.e2)[L],#f2[L],(b.g.f.c.g2)[L],a2[L],(b.g.f.c.g2)[K],(b.g.f.c.d2)[L],e2[L],(c1.g.e.c.c2)[K],(C-1.c.c3.g2.e2.c2)[J],"],"id":3,"instruments":["piano"],"alternatives":[""]}],"audition":{"start":[0,0],"end":[1,0]}}