{"baseBpm":810,"musics":[{"bpm":810,"baseBeats":0.75,"scores":["mute[IJ],mute[IJ],mute[JK],mute[JK],mute[JK],mute[JK],mute[IJ],mute[IJ],mute[JK],mute[JK],mute[IJ],mute[IJ],mute[IJ],mute[JK],mute[JK],mute[JK],mute[JK],mute[IJ],mute[IJ],mute[JK],mute[JK],mute[IJ],mute[IJ],mute[IJ],mute[JK],mute[JK],mute[JK],mute[JK],mute[IJ],mute[IJ],mute[JK],mute[JK],mute[JK],mute[KL],mute[KL],mute[JK],mute[JK],mute[JK],mute[JK],mute[JK],mute[JK],mute[JK],mute[JK],mute[JK],mute[JK],mute[JK],mute[JK],mute[IJ],mute[IJ],mute[IJ],mute[IJ],mute[JK],mute[JK],mute[JK],mute[JK],mute[IJ],mute[IJ],mute[JK],mute[JK],mute[LM],mute[LM],mute[LM],mute[LM],mute[LM],mute[LM],mute[LM],mute[LM],mute[JK],mute[JK],mute[JK],mute[JK],mute[JK],mute[JK],mute[JK],mute[JK],mute[JK],mute[JK],mute[JK],mute[JK],mute[JK],mute[JK],mute[JK],mute[LM],mute[LM],mute[LM],mute[LM],mute[LM],mute[LM],mute[LM],mute[LM],mute[LM],mute[LM],mute[LM],mute[LM],mute[LM],mute[LM],mute[LM],mute[LM],mute[LM],mute[LM],mute[LM],mute[LM],mute[LM],mute[LM],mute[LM],mute[LM],mute[LM],mute[LM],mute[LM],mute[LM],mute[LM],mute[LM],mute[LM],mute[LM],mute[LM],mute[LM],mute[LM],mute[LM],mute[LM],mute[LM],mute[LM],mute[LM],mute[LM],mute[LM],mute[LM],mute[LM],mute[LM],mute[LM],mute[LM],mute[LM],mute[LM],mute[LM],mute[LM],mute[LM],mute[JK],mute[JK],mute[JK],mute[KL],mute[KL],mute[JK],mute[LM],mute[LM],mute[LM],mute[LM],mute[JK],mute[LM],mute[LM],mute[LM],mute[LM],mute[JK],mute[LM],mute[LM],mute[LM],mute[LM],mute[JK],mute[LM],mute[LM],mute[LM],mute[LM],mute[JK],mute[LM],mute[LM],mute[LM],mute[LM],mute[JK],mute[LM],mute[LM],mute[LM],mute[LM],mute[IJ],mute[IJ],5<UV>,mute[LM],mute[LM],mute[LM],5<UV>,mute[LM],mute[LM],mute[LM],5<UV>,mute[LM],mute[LM],mute[LM],5<UV>,mute[LM],mute[LM],mute[LM],5<UV>,mute[LM],mute[LM],mute[LM],5<UV>,mute[LM],mute[LM],mute[LM],5<UV>,mute[LM],mute[LM],mute[LM],5<UV>,mute[LM],mute[LM],mute[LM],5<UV>,mute[LM],mute[LM],mute[LM],5<UV>,mute[LM],mute[LM],mute[LM],5<UV>,mute[LM],mute[LM],mute[LM],5<UV>,mute[LM],mute[LM],mute[LM],5<UV>,mute[LM],mute[LM],mute[LM],5<UV>,mute[LM],mute[LM],mute[LM],5<UV>,mute[LM],mute[LM],mute[LM],5<UV>,mute[LM],mute[LM],mute[LM],5<UV>,mute[LM],mute[LM],mute[LM],5<UV>,mute[LM],mute[LM],mute[LM],5<UV>,mute[LM],mute[LM],mute[LM],5<UV>,mute[LM],mute[LM],mute[LM],5<UV>,mute[LM],mute[LM],mute[LM],5<UV>,mute[LM],mute[LM],mute[LM],5<UV>,mute[LM],mute[LM],mute[LM],5<UV>,mute[LM],mute[LM],mute[LM],5<UV>,mute[LM],mute[LM],mute[LM],5<UV>,mute[LM],mute[LM],mute[LM],5<UV>,mute[LM],mute[LM],mute[LM],5<UV>,mute[LM],mute[LM],mute[LM],5<UV>,mute[LM],mute[LM],mute[LM],5<UV>,mute[LM],mute[LM],mute[LM],5<UV>,mute[LM],mute[LM],mute[LM],5<UV>,mute[LM],mute[LM],mute[LM],5<UV>,mute[LM],mute[LM],mute[LM],5<UV>,mute[LM],mute[LM],mute[LM],5<UV>,mute[LM],mute[LM],mute[LM],5<UV>,mute[LM],mute[LM],mute[LM],5<UV>,mute[LM],mute[LM],mute[LM],5<UV>,mute[LM],mute[LM],mute[LM],5<UV>,mute[LM],mute[LM],mute[LM],5<UV>,mute[LM],mute[LM],mute[LM],5<UV>,mute[LM],mute[LM],mute[LM],5<UV>,mute[LM],mute[LM],mute[LM],5<UV>,mute[LM],mute[LM],mute[LM],5<UV>,mute[LM],mute[LM],mute[LM],5<UV>,mute[LM],mute[LM],mute[LM],5<UV>,mute[LM],mute[LM],mute[LM],5<UV>,mute[LM],mute[LM],mute[LM],5<UV>,mute[LM],mute[LM],mute[LM],5<UV>,mute[LM],mute[LM],mute[LM],5<UV>,mute[LM],mute[LM],mute[LM],5<UV>,mute[LM],mute[LM],mute[LM],5<UV>,mute[LM],mute[LM],mute[LM],5<UV>,mute[LM],mute[LM],mute[LM],5<UV>,mute[LM],mute[LM],mute[LM],5<UV>,mute[LM],mute[LM],mute[LM],5<UV>,mute[LM],mute[LM],mute[LM],mute[JK],5<UV>,mute[LM],mute[LM],mute[LM],mute[JK],5<UV>,mute[LM],mute[LM],mute[LM],mute[JK],5<UV>,mute[LM],mute[LM],mute[LM],mute[IJ],5<UV>,mute[LM],mute[LM],mute[LM],5<UV>,mute[LM],mute[LM],mute[LM],5<UV>,mute[LM],mute[LM],mute[LM],5<UV>,mute[LM],mute[LM],mute[LM],5<UV>,mute[LM],mute[LM],mute[LM],5<UV>,mute[LM],mute[LM],mute[LM],5<UV>,mute[LM],mute[LM],mute[LM],5<UV>,mute[LM],mute[LM],mute[LM],5<UV>,mute[LM],mute[LM],mute[LM],5<UV>,mute[LM],mute[LM],mute[LM],5<UV>,mute[LM],mute[LM],mute[LM],5<UV>,mute[LM],mute[LM],mute[LM],5<UV>,mute[LM],mute[LM],mute[LM],5<UV>,mute[LM],mute[LM],mute[LM],5<UV>,mute[LM],mute[LM],mute[LM],5<UV>,mute[LM],mute[LM],mute[LM],5<UV>,mute[LM],mute[LM],mute[LM],5<UV>,mute[LM],mute[LM],mute[LM],5<UV>,mute[LM],mute[LM],mute[LM],5<UV>,mute[LM],mute[LM],mute[LM],5<UV>,mute[LM],mute[LM],mute[LM],5<UV>,mute[LM],mute[LM],mute[LM],5<UV>,mute[LM],mute[LM],mute[LM],5<UV>,mute[LM],mute[LM],mute[LM],5<UV>,mute[LM],mute[LM],mute[LM],5<UV>,mute[LM],mute[LM],mute[LM],5<UV>,mute[LM],mute[LM],mute[LM],5<UV>,mute[LM],mute[LM],mute[LM],5<UV>,mute[LM],mute[LM],mute[LM],5<UV>,mute[LM],mute[LM],mute[LM],5<UV>,mute[LM],mute[LM],mute[LM],5<UV>,mute[LM],mute[LM],mute[LM],5<UV>,mute[LM],mute[LM],mute[LM],5<UV>,mute[LM],mute[LM],mute[LM],5<UV>,mute[LM],mute[LM],mute[LM],5<UV>,mute[LM],mute[LM],mute[LM],5<UV>,mute[LM],mute[LM],mute[LM],5<UV>,mute[LM],mute[LM],mute[LM],5<UV>,mute[LM],mute[LM],mute[LM],5<UV>,mute[LM],mute[LM],mute[LM],5<UV>,mute[LM],mute[LM],mute[LM],5<UV>,mute[LM],mute[LM],mute[LM],5<UV>,mute[LM],mute[LM],mute[LM],5<UV>,mute[LM],mute[LM],mute[LM],5<UV>,mute[LM],mute[LM],mute[LM],5<UV>,mute[LM],mute[LM],mute[LM],5<UV>,mute[LM],mute[LM],mute[LM],5<UV>,mute[LM],mute[LM],mute[LM],5<UV>,mute[LM],mute[LM],mute[LM],5<UV>,mute[LM],mute[LM],mute[LM],5<UV>,mute[LM],mute[LM],mute[LM],5<UV>,mute[LM],mute[LM],mute[LM],5<UV>,mute[LM],mute[LM],mute[LM],5<UV>,mute[LM],mute[LM],mute[LM],5<UV>,mute[LM],mute[LM],mute[LM],5<UV>,mute[LM],mute[LM],mute[LM],5<UV>,mute[LM],mute[LM],mute[LM],5<UV>,mute[LM],mute[LM],mute[LM],5<UV>,mute[LM],mute[LM],mute[LM],5<UV>,mute[LM],mute[LM],mute[LM],5<UV>,mute[LM],mute[LM],mute[LM],5<UV>,mute[LM],mute[LM],mute[LM],mute[IJ],5<UV>,mute[LM],mute[LM],mute[LM],5<UV>,mute[LM],mute[LM],mute[LM],5<UV>,mute[LM],mute[LM],mute[LM],5<UV>,mute[LM],mute[LM],mute[LM],5<UV>,mute[LM],mute[LM],mute[LM],5<UV>,mute[LM],mute[LM],mute[LM],5<UV>,mute[LM],mute[LM],mute[LM],5<UV>,mute[LM],mute[LM],mute[LM],5<UV>,mute[LM],mute[LM],mute[LM],5<UV>,mute[LM],mute[LM],mute[LM],5<UV>,mute[LM],mute[LM],mute[LM],5<UV>,mute[LM],mute[LM],mute[LM],5<UV>,mute[LM],mute[LM],mute[LM],5<UV>,mute[LM],mute[LM],mute[LM],5<UV>,mute[LM],mute[LM],mute[LM],5<UV>,mute[LM],mute[LM],mute[LM],mute[KL],mute[KL],mute[KL],mute[KL],mute[KL],mute[KL],mute[KL],mute[KL],mute[KL],mute[KL],mute[KL],mute[KL],mute[KL],mute[KL],mute[KL],mute[KL],mute[KL],mute[KL],mute[KL],mute[KL],mute[KL],mute[KL],mute[KL],mute[KL],mute[KL],mute[KL],mute[KL],mute[KL],mute[KL],mute[KL],mute[KL],mute[KL],5<UV>,mute[LM],mute[LM],mute[LM],5<UV>,mute[LM],mute[LM],mute[LM],5<UV>,mute[LM],mute[LM],mute[LM],5<UV>,mute[LM],mute[LM],mute[LM],5<UV>,mute[LM],mute[LM],mute[LM],5<UV>,mute[LM],mute[LM],mute[LM],5<UV>,mute[LM],mute[LM],mute[LM],5<UV>,mute[LM],mute[LM],mute[LM],5<UV>,mute[LM],mute[LM],mute[LM],5<UV>,mute[LM],mute[LM],mute[LM],5<UV>,mute[LM],mute[LM],mute[LM],5<UV>,mute[LM],mute[LM],mute[LM],5<UV>,mute[LM],mute[LM],mute[LM],5<UV>,mute[LM],mute[LM],mute[LM],5<UV>,mute[LM],mute[LM],mute[LM],5<UV>,mute[LM],mute[LM],mute[LM],mute[KL],mute[KL],mute[KL],mute[KL],mute[KL],mute[KL],mute[KL],mute[KL],mute[KL],mute[KL],mute[KL],mute[KL],mute[KL],mute[KL],mute[KL],mute[KL],mute[KL],mute[KL],mute[KL],mute[KL],mute[KL],mute[KL],mute[KL],mute[KL],mute[KL],mute[KL],mute[KL],mute[KL],mute[KL],mute[KL],mute[KL],mute[KL],5<UV>,mute[LM],mute[LM],mute[LM],5<UV>,mute[LM],mute[LM],mute[LM],5<UV>,mute[LM],mute[LM],mute[LM],5<UV>,mute[LM],mute[LM],mute[LM],5<UV>,mute[LM],mute[LM],mute[LM],5<UV>,mute[LM],mute[LM],mute[LM],5<UV>,mute[LM],mute[LM],mute[LM],5<UV>,mute[LM],mute[LM],mute[LM],5<UV>,mute[LM],mute[LM],mute[LM],5<UV>,mute[LM],mute[LM],mute[LM],5<UV>,mute[LM],mute[LM],mute[LM],5<UV>,mute[LM],mute[LM],mute[LM],5<UV>,mute[LM],mute[LM],mute[LM],5<UV>,mute[LM],mute[LM],mute[LM],5<UV>,mute[LM],mute[LM],mute[LM],5<UV>,mute[LM],mute[LM],mute[LM],5<UV>,mute[LM],mute[LM],mute[LM],5<UV>,mute[LM],mute[LM],mute[LM],5<UV>,mute[LM],mute[LM],mute[LM],5<UV>,mute[LM],mute[LM],mute[LM],5<UV>,mute[LM],mute[LM],mute[LM],5<UV>,mute[LM],mute[LM],mute[LM],5<UV>,mute[LM],mute[LM],mute[LM],5<UV>,mute[LM],mute[LM],mute[LM],5<UV>,mute[LM],mute[LM],mute[LM],5<UV>,mute[LM],mute[LM],mute[LM],5<UV>,mute[LM],mute[LM],mute[LM],5<UV>,mute[LM],mute[LM],mute[LM],5<UV>,mute[LM],mute[LM],mute[LM],5<UV>,mute[LM],mute[LM],mute[LM],5<UV>,mute[LM],mute[LM],mute[LM],5<UV>,mute[LM],mute[LM],mute[LM],5<UV>,mute[LM],mute[LM],mute[LM],5<UV>,mute[LM],mute[LM],mute[LM],5<UV>,mute[LM],mute[LM],mute[LM],5<UV>,mute[LM],mute[LM],mute[LM],5<UV>,mute[LM],mute[LM],mute[LM],5<UV>,mute[LM],mute[LM],mute[LM],5<UV>,mute[LM],mute[LM],mute[LM],5<UV>,mute[LM],mute[LM],mute[LM],5<UV>,mute[LM],mute[LM],mute[LM],5<UV>,mute[LM],mute[LM],mute[LM],5<UV>,mute[LM],mute[LM],mute[LM],5<UV>,mute[LM],mute[LM],mute[LM],5<UV>,mute[LM],mute[LM],mute[LM],5<UV>,mute[LM],mute[LM],mute[LM],5<UV>,mute[LM],mute[LM],mute[LM],5<UV>,mute[LM],mute[LM],mute[LM],5<UV>,mute[LM],mute[LM],mute[LM],5<UV>,mute[LM],mute[LM],mute[LM],5<UV>,mute[LM],mute[LM],mute[LM],5<UV>,mute[LM],mute[LM],mute[LM],5<UV>,mute[LM],mute[LM],mute[LM],5<UV>,mute[LM],mute[LM],mute[LM],5<UV>,mute[LM],mute[LM],mute[LM],5<UV>,mute[LM],mute[LM],mute[LM],5<UV>,mute[LM],mute[LM],mute[LM],5<UV>,mute[LM],mute[LM],mute[LM],5<UV>,mute[LM],mute[LM],mute[LM],5<UV>,mute[LM],mute[LM],mute[LM],5<UV>,mute[LM],mute[LM],mute[LM],5<UV>,mute[LM],mute[LM],mute[LM],5<UV>,mute[LM],5<UV>,mute[LM],5<UV>,mute[LM],5<UV>,mute[LM],5<UV>,mute[LM],mute[LM],mute[LM],5<UV>,mute[LM],mute[LM],mute[LM],5<UV>,mute[LM],mute[LM],mute[LM],5<UV>,mute[LM],mute[LM],mute[LM],5<UV>,mute[LM],mute[LM],mute[LM],5<UV>,mute[LM],mute[LM],mute[LM],5<UV>,mute[LM],mute[LM],mute[LM],5<UV>,mute[LM],mute[LM],mute[LM],5<UV>,mute[LM],mute[LM],mute[LM],5<UV>,mute[LM],mute[LM],mute[LM],5<UV>,mute[LM],mute[LM],mute[LM],5<UV>,mute[LM],mute[LM],mute[LM],5<UV>,mute[LM],mute[LM],mute[LM],5<UV>,mute[LM],mute[LM],mute[LM],5<UV>,mute[LM],mute[LM],mute[LM],5<UV>,5<UV>,5<UV>,5<UV>,mute[LM],mute[LM],mute[LM],mute[LM],mute[LM],mute[LM],mute[LM],mute[LM],mute[LM],mute[LM],mute[LM],mute[LM],mute[LM],mute[LM],mute[LM],mute[LM],mute[LM],mute[LM],mute[LM],mute[LM],mute[LM],mute[LM],mute[LM],mute[LM],mute[LM],mute[LM],mute[LM],mute[LM],mute[LM],mute[LM],mute[LM],mute[LM],mute[LM],mute[LM],mute[LM],mute[LM],mute[LM],mute[LM],mute[LM],mute[LM],mute[LM],mute[LM],mute[LM],mute[LM],mute[LM],mute[LM],mute[LM],mute[LM],mute[LM],mute[LM],mute[LM],mute[LM],mute[LM],mute[LM],mute[LM],mute[LM],mute[LM],mute[LM],mute[LM],mute[LM],mute[LM],mute[LM],mute[LM],mute[LM],5<UV>,mute[LM],mute[LM],mute[LM],5<UV>,mute[LM],mute[LM],mute[LM],5<UV>,mute[LM],mute[LM],mute[LM],5<UV>,mute[LM],mute[LM],mute[LM],5<UV>,mute[LM],mute[LM],mute[LM],5<UV>,mute[LM],mute[LM],mute[LM],5<UV>,mute[LM],mute[LM],mute[LM],5<UV>,mute[LM],mute[LM],mute[LM],5<UV>,mute[LM],mute[LM],mute[LM],5<UV>,mute[LM],mute[LM],mute[LM],5<UV>,mute[LM],mute[LM],mute[LM],5<UV>,mute[LM],mute[LM],mute[LM],5<UV>,mute[LM],mute[LM],mute[LM],5<UV>,mute[LM],mute[LM],mute[LM],5<UV>,mute[LM],mute[LM],mute[LM],5<UV>,5<UV>,5<UV>,5<UV>,mute[LM],mute[LM],mute[LM],mute[LM],mute[LM],mute[LM],mute[LM],mute[LM],mute[LM],mute[LM],mute[LM],mute[LM],mute[LM],mute[LM],mute[LM],mute[LM],mute[LM],mute[LM],mute[LM],mute[LM],mute[LM],mute[LM],mute[LM],mute[LM],mute[LM],mute[LM],mute[LM],mute[LM],mute[LM],mute[LM],mute[LM],mute[LM],mute[LM],mute[LM],mute[LM],mute[LM],mute[LM],mute[LM],mute[LM],mute[LM],mute[LM],mute[LM],mute[LM],mute[LM],mute[LM],mute[LM],mute[LM],mute[LM],mute[LM],mute[LM],mute[LM],mute[LM],mute[LM],mute[LM],mute[LM],mute[LM],mute[LM],mute[LM],mute[LM],mute[LM],mute[LM],mute[LM],mute[LM],","(B-1.B-2.b1.#f1)[IJ],(b2.#f2)[IJ],(#a2.#f2)[JK],(g2.e2)[JK],(#f2.d2)[JK],(e2.#c2)[JK],(b1.#f1)[IJ],(b2.#f2)[IJ],(#f1.#f.#a2.#f2)[JK],(#c3.#a2)[JK],(#c2.#c1)[IJ],(b.B-1.d1.d.b1.#f1)[IJ],(e1.e.b2.#f2)[IJ],(#f1.#f.#a2.#f2)[JK],(g2.e2)[JK],(g1.g.#f2.d2)[JK],(e2.#c2)[JK],(#f1.#f.b1)[IJ],(b2.#f2)[IJ],(#f.#F-1.#a2.#f2)[JK],(#c3.#a2)[JK],(#c2.#c1)[IJ],(g.G-1.b1.d1.b)[IJ],(G-2.b2.d2.b1)[IJ],(#f.#F-1.#a2.#c2.#a1)[JK],(g2.#c2.g1)[JK],(#F-2.#f2.#c2.#f1)[JK],(e2.#c2.e1)[JK],(g.G-1.b1.d1.b)[IJ],(G-2.b2.d2.b1)[IJ],(#f.#F-1.#a2.#c2.#a1)[JK],(#c3.#f2.#c2)[JK],#F-2[JK],(#c3.#f2.#c2)[KL],(d3.d2)[KL],(e.E-1.e3.b2.e2)[JK],(d3.d2)[JK],(E-2.d3.d2)[JK],(#c3.#c2)[JK],(d.D-1.#c3.#f2.#c2)[JK],(b2.b1)[JK],(D-2.b2.b1)[JK],(a2.a1)[JK],(#c.#C-1.g2.b1.g1)[JK],(#f2.#f1)[JK],(#C-2.#f2.#f1)[JK],(f2.f1)[JK],(#f.#F-1.#f2.#c2.#f1)[IJ],(#F-1.#F-2.#a2.#a1)[IJ],(d.#F-1.B-2.B-3.b1.#f1.d1.b)[IJ],(b2.#f2.d2.b1)[IJ],(#c.#F-1.B-2.#a2.#a1.#f2.#c2)[JK],(g2.g1)[JK],(#f2.#f1)[JK],(e2.e1)[JK],(d.#F-1.B-2.B-3.b1.#f1.d1.b)[IJ],(b2.#f2.d2.b1)[IJ],(#c.#F-1.B-2.#a2.#a1.#f2.#c2)[JK],(#c3.#c2)[JK],B-2[LM],B-1[LM],B-2[LM],B-1[LM],B-2[LM],B-1[LM],B-2[LM],B-1[LM],(d.#F-1.B-2.b1.#f1.d1.b)[JK],(B-1.B-2)[JK],(B-1.B-2.b2.#f2.d2.b1)[JK],(B-1.B-2)[JK],(#c.#F-1.B-2.#a2.#a1.#f2.#c2)[JK],(B-1.B-2.g2.g1)[JK],(B-1.B-2.#f2.#f1)[JK],(B-1.B-2.e2.e1)[JK],(d.#F-1.B-2.b1.#f1.d1.b)[JK],(B-1.B-2)[JK],(B-1.B-2.b2.#f2.d2.b1)[JK],(B-1.B-2)[JK],(#c.#F-1.B-2.#a2.#a1.#f2.#c2)[JK],(B-1.B-2.#c3.#c2)[JK],(B-1.B-2)[JK],B-2[LM],B-1[LM],B-2[LM],B-1[LM],(G-2.b1.g1.d1.b)[LM],G-1[LM],G-2[LM],G-1[LM],G-2[LM],G-1[LM],G-2[LM],G-1[LM],(G-2.b2.g2.d2.b1)[LM],G-1[LM],G-2[LM],G-1[LM],G-2[LM],G-1[LM],G-2[LM],G-1[LM],(#F-2.#a2.#f2.#c2.#a1)[LM],#F-1[LM],#F-2[LM],#F-1[LM],(#F-2.g2.#c2.g1)[LM],#F-1[LM],#F-2[LM],#F-1[LM],(#F-2.#f2.#c2.#f1)[LM],#F-1[LM],#F-2[LM],#F-1[LM],(#F-2.e2.#c2.e1)[LM],#F-1[LM],#F-2[LM],#F-1[LM],(G-2.b1.g1.d1.b)[LM],G-1[LM],G-2[LM],G-1[LM],G-2[LM],G-1[LM],G-2[LM],G-1[LM],(G-2.b2.g2.d2.b1)[LM],G-1[LM],G-2[LM],G-1[LM],G-2[LM],G-1[LM],G-2[LM],G-1[LM],(#F-1.#F-2.#a2.#f2.#c2.#a1)[JK],(#F-1.#F-2.#c3.#a2.#f2.#c2)[JK],(#F-1.#F-2)[JK],(#F-1.#F-2.#c3.#a2.#f2.#c2)[KL],(d3.#f2.d2)[KL],(E-1.E-2.e3.b2.g2.e2)[JK],(E-2.d3.b2.d2)[LM],E-1[LM],E-2[LM],E-1[LM],(E-1.E-2.d3.b2.d2)[JK],(E-2.#c3.b2.#c2)[LM],E-1[LM],E-2[LM],E-1[LM],(D-1.D-2.#c3.#a2.#f2.#c2)[JK],(D-2.b2.#f2.b1)[LM],D-1[LM],D-2[LM],D-1[LM],(D-1.D-2.b2.#f2.b1)[JK],(D-2.a2.#f2.a1)[LM],D-1[LM],D-2[LM],D-1[LM],(#C-1.#C-2.g2.e2.b1.g1)[JK],(#C-2.#f2.b1.#f1)[LM],#C-1[LM],#C-2[LM],#C-1[LM],(#C-1.#C-2.#f2.b1.#f1)[JK],(#C-2.f2.b1.f1)[LM],#C-1[LM],#C-2[LM],#C-1[LM],(#F-1.#F-2.#f2.#c2.#a1.#f1)[IJ],(#F-1.#F-2.#a2.#f2.#c2.#a1)[IJ],(B-2.b1.#f1.d1.b)[MN],B-2[MN],B-1[LM],B-2[LM],B-1[LM],B-2[MN],B-2[MN],B-1[LM],B-2[LM],B-1[LM],(B-2.b2.#f2.d2.b1)[MN],B-2[MN],B-1[LM],B-2[LM],B-1[LM],B-2[MN],B-2[MN],B-1[LM],B-2[LM],B-1[LM],(B-2.#a2.#f2.#c2.#a1)[MN],B-2[MN],B-1[LM],B-2[LM],B-1[LM],(B-2.g2.#c2.g1)[MN],B-2[MN],B-1[LM],B-2[LM],B-1[LM],(B-2.#f2.#c2.#f1)[MN],B-2[MN],B-1[LM],B-2[LM],B-1[LM],(B-2.e2.#c2.e1)[MN],B-2[MN],B-1[LM],B-2[LM],B-1[LM],(B-2.b1.#f1.d1.b)[MN],B-2[MN],B-1[LM],B-2[LM],B-1[LM],B-2[MN],B-2[MN],B-1[LM],B-2[LM],B-1[LM],(B-2.b2.#f2.d2.b1)[MN],B-2[MN],B-1[LM],B-2[LM],B-1[LM],B-2[MN],B-2[MN],B-1[LM],B-2[LM],B-1[LM],(B-2.#a2.#f2.#c2.#a1)[MN],B-2[MN],B-1[LM],B-2[LM],B-1[LM],(B-2.#c3.#a2.#f2.#c2)[MN],B-2[MN],B-1[LM],B-2[LM],B-1[LM],B-2[MN],B-2[MN],B-1[LM],B-2[LM],B-1[LM],B-2[MN],B-2[MN],B-1[LM],B-2[LM],B-1[LM],(B-2.b1.#f1.d1.b)[MN],B-2[MN],B-1[LM],B-2[LM],B-1[LM],B-2[MN],B-2[MN],B-1[LM],B-2[LM],B-1[LM],(B-2.b2.#f2.d2.b1)[MN],B-2[MN],B-1[LM],B-2[LM],B-1[LM],B-2[MN],B-2[MN],B-1[LM],B-2[LM],B-1[LM],(B-2.#a2.#f2.#c2.#a1)[MN],B-2[MN],B-1[LM],B-2[LM],B-1[LM],(B-2.g2.#c2.g1)[MN],B-2[MN],B-1[LM],B-2[LM],B-1[LM],(B-2.#f2.#c2.#f1)[MN],B-2[MN],B-1[LM],B-2[LM],B-1[LM],(B-2.e2.#c2.e1)[MN],B-2[MN],B-1[LM],B-2[LM],B-1[LM],(B-2.b1.#f1.d1.b)[MN],B-2[MN],B-1[LM],B-2[LM],B-1[LM],B-2[MN],B-2[MN],B-1[LM],B-2[LM],B-1[LM],(B-2.b2.#f2.d2.b1)[MN],B-2[MN],B-1[LM],B-2[LM],B-1[LM],B-2[MN],B-2[MN],B-1[LM],B-2[LM],B-1[LM],(#F-2.#a2.#f2.#c2.#a1)[MN],#F-2[MN],#F-1[LM],#F-2[LM],#F-1[LM],(#F-2.#c3.#a2.#f2.#c2)[MN],#F-2[MN],#F-1[LM],#F-2[LM],#F-1[LM],#F-2[MN],#F-2[MN],#F-1[LM],#F-2[LM],#F-1[LM],#F-2[MN],#F-2[MN],#F-1[LM],#F-2[LM],#F-1[LM],(G-2.b1.g1.d1.b)[MN],G-2[MN],G-1[LM],G-2[LM],G-1[LM],G-2[MN],G-2[MN],G-1[LM],G-2[LM],G-1[LM],(G-2.b2.g2.d2.b1)[MN],G-2[MN],G-1[LM],G-2[LM],G-1[LM],G-2[MN],G-2[MN],G-1[LM],G-2[LM],G-1[LM],(#F-2.#a2.#f2.#c2.#a1)[MN],#F-2[MN],#F-1[LM],#F-2[LM],#F-1[LM],(#F-2.g2.#c2.g1)[MN],#F-2[MN],#F-1[LM],#F-2[LM],#F-1[LM],(#F-2.#f2.#c2.#f1)[MN],#F-2[MN],#F-1[LM],#F-2[LM],#F-1[LM],(#F-2.e2.#c2.e1)[MN],#F-2[MN],#F-1[LM],#F-2[LM],#F-1[LM],(G-2.b1.g1.d1.b)[MN],G-2[MN],G-1[LM],G-2[LM],G-1[LM],G-2[MN],G-2[MN],G-1[LM],G-2[LM],G-1[LM],(G-2.b2.g2.d2.b1)[MN],G-2[MN],G-1[LM],G-2[LM],G-1[LM],G-2[MN],G-2[MN],G-1[LM],G-2[LM],G-1[LM],(#F-2.#a2.#f2.#c2.#a1)[MN],#F-2[MN],#F-1[LM],#F-2[LM],#F-1[LM],(#F-2.#c3.#a2.#f2.#c2)[MN],#F-2[MN],#F-1[LM],#F-2[LM],#F-1[LM],#F-2[MN],#F-2[MN],#F-1[LM],#F-2[LM],#F-1[LM],(#F-2.#c3.#a2.#f2.#c2)[MN],#F-2[MN],#F-1[LM],(#F-2.d3.#f2.d2)[LM],#F-1[LM],(E-2.e3.b2.g2.e2)[MN],E-2[MN],E-1[LM],E-2[LM],E-1[LM],(E-2.d3.b2.d2)[MN],E-2[MN],E-1[LM],E-2[LM],E-1[LM],(E-2.d3.b2.d2)[MN],E-2[MN],E-1[LM],E-2[LM],E-1[LM],(E-2.#c3.b2.#c2)[MN],E-2[MN],E-1[LM],E-2[LM],E-1[LM],(D-2.#c3.#a2.#f2.#c2)[MN],D-2[MN],D-1[LM],D-2[LM],D-1[LM],(D-2.b2.#f2.b1)[MN],D-2[MN],D-1[LM],D-2[LM],D-1[LM],(D-2.b2.#f2.b1)[MN],D-2[MN],D-1[LM],D-2[LM],D-1[LM],(D-2.a2.#f2.a1)[MN],D-2[MN],D-1[LM],D-2[LM],D-1[LM],(#C-1.#C-2.g2.e2.b1.g1)[JK],(#C-2.#f2.b1.#f1)[MN],#C-2[MN],#C-1[LM],#C-2[LM],#C-1[LM],(#C-1.#C-2.#f2.b1.#f1)[JK],(#C-2.f2.b1.f1)[MN],#C-2[MN],#C-1[LM],#C-2[LM],#C-1[LM],(#F-1.#F-2.#f2.#c2.#a1.#f1)[JK],#F-2[MN],#F-2[MN],#F-1[LM],#F-2[LM],#F-1[LM],(#F-1.#C-1.#F-2.#a2.#f2.#c2.#a1)[IJ],(B-2.#f2.b1.#f1.#f3.b2)[MN],B-2[MN],B-1[LM],B-2[LM],B-1[LM],B-2[MN],B-2[MN],B-1[LM],B-2[LM],B-1[LM],(B-2.d2.#f1.d1)[MN],B-2[MN],B-1[LM],B-2[LM],B-1[LM],B-2[MN],B-2[MN],B-1[LM],B-2[LM],B-1[LM],(#A-2.f2.#a1.f1.f3.#a2)[MN],#A-2[MN],#A-1[LM],#A-2[LM],#A-1[LM],#A-2[MN],#A-2[MN],#A-1[LM],#A-2[LM],#A-1[LM],(#A-2.#c2.#a1.#c1)[MN],#A-2[MN],#A-1[LM],#A-2[LM],#A-1[LM],(#A-2.#c2.#a1.#c1)[MN],#A-2[MN],#A-1[LM],#A-2[LM],#A-1[LM],(#C-1.#g2.e2.#g1.#g3.#c3)[MN],#C-1[MN],#c[LM],#C-1[LM],#c[LM],#C-1[MN],#C-1[MN],#c[LM],#C-1[LM],#c[LM],(#C-1.f2.#c2.f1)[MN],#C-1[MN],#c[LM],#C-1[LM],#c[LM],#C-1[MN],#C-1[MN],#c[LM],#C-1[LM],#c[LM],(C-1.e2.c2.e1.g3.c3)[MN],C-1[MN],c[LM],C-1[LM],c[LM],C-1[MN],C-1[MN],c[LM],C-1[LM],c[LM],(C-1.g2.c2.g1)[MN],C-1[MN],c[LM],C-1[LM],c[LM],C-1[MN],C-1[MN],c[LM],C-1[LM],c[LM],(B-2.#f2.b1.#f1.#f3.b2)[MN],B-2[MN],B-1[LM],B-2[LM],B-1[LM],B-2[MN],B-2[MN],B-1[LM],B-2[LM],B-1[LM],(B-2.d2.#f1.d1)[MN],B-2[MN],B-1[LM],B-2[LM],B-1[LM],B-2[MN],B-2[MN],B-1[LM],B-2[LM],B-1[LM],(#A-2.f2.#a1.f1.f3.#a2)[MN],#A-2[MN],#A-1[LM],#A-2[LM],#A-1[LM],#A-2[MN],#A-2[MN],#A-1[LM],#A-2[LM],#A-1[LM],(#A-2.#c2.#a1.#c1)[MN],#A-2[MN],#A-1[LM],#A-2[LM],#A-1[LM],#A-2[MN],#A-2[MN],#A-1[LM],#A-2[LM],#A-1[LM],(#C-1.#g2.e2.#g1.#g3.#c3)[MN],#C-1[MN],#c[LM],#C-1[LM],#c[LM],#C-1[MN],#C-1[MN],#c[LM],#C-1[LM],#c[LM],(#C-1.f2.#c2.f1)[MN],#C-1[MN],#c[LM],#C-1[LM],#c[LM],#C-1[MN],#C-1[MN],#c[LM],#C-1[LM],#c[LM],(C-1.e2.c2.e1.g3.c3)[MN],C-1[MN],c[LM],C-1[LM],c[LM],C-1[MN],C-1[MN],c[LM],C-1[LM],c[LM],C-1[MN],C-1[MN],c[LM],C-1[LM],c[LM],C-1[MN],C-1[MN],c[LM],C-1[LM],c[LM],(B-2.#f2.b1.#f1.b3.#f3.b2)[MN],B-2[MN],B-1[LM],B-2[LM],B-1[LM],B-2[MN],B-2[MN],B-1[LM],B-2[LM],B-1[LM],(B-2.d2.#f1.d1)[MN],B-2[MN],B-1[LM],B-2[LM],B-1[LM],B-2[MN],B-2[MN],B-1[LM],B-2[LM],B-1[LM],(#A-2.f2.#a1.f1.#a3.f3.#a2)[MN],#A-2[MN],#A-1[LM],#A-2[LM],#A-1[LM],#A-2[MN],#A-2[MN],#A-1[LM],#A-2[LM],#A-1[LM],(#A-2.#c2.#a1.#c1)[MN],#A-2[MN],#A-1[LM],#A-2[LM],#A-1[LM],#A-2[MN],#A-2[MN],#A-1[LM],#A-2[LM],#A-1[LM],(#C-1.#g2.e2.#g1.#c4.#g3.#c3)[MN],#C-1[MN],#c[LM],#C-1[LM],#c[LM],#C-1[MN],#C-1[MN],#c[LM],#C-1[LM],#c[LM],(#C-1.f2.#c2.f1)[MN],#C-1[MN],#c[LM],#C-1[LM],#c[LM],#C-1[MN],#C-1[MN],#c[LM],#C-1[LM],#c[LM],(C-1.e2.c2.e1.c4.g3.c3)[MN],C-1[MN],c[LM],C-1[LM],c[LM],C-1[MN],C-1[MN],c[LM],C-1[LM],c[LM],(C-1.g2.c2.g1)[MN],C-1[MN],c[LM],C-1[LM],c[LM],C-1[MN],C-1[MN],c[LM],C-1[LM],c[LM],(B-2.#f2.b1.#f1.b3.#f3.b2)[MN],B-2[MN],B-1[LM],B-2[LM],B-1[LM],B-2[MN],B-2[MN],B-1[LM],B-2[LM],B-1[LM],(B-2.d2.#f1.d1)[MN],B-2[MN],B-1[LM],B-2[LM],B-1[LM],B-2[MN],B-2[MN],B-1[LM],B-2[LM],B-1[LM],(#A-2.f2.#a1.f1.#a3.f3.#a2)[MN],#A-2[MN],#A-1[LM],#A-2[LM],#A-1[LM],#A-2[MN],#A-2[MN],#A-1[LM],#A-2[LM],#A-1[LM],(#A-2.#c2.#a1.#c1)[MN],#A-2[MN],#A-1[LM],#A-2[LM],#A-1[LM],#A-2[MN],#A-2[MN],#A-1[LM],#A-2[LM],#A-1[LM],(#C-1.#g2.e2.#g1.#c4.#g3.#c3)[MN],#C-1[MN],#c[LM],#C-1[LM],#c[LM],#C-1[MN],#C-1[MN],#c[LM],#C-1[LM],#c[LM],(#C-1.f2.#c2.f1)[MN],#C-1[MN],#c[LM],#C-1[LM],#c[LM],#C-1[MN],#C-1[MN],#c[LM],#C-1[LM],#c[LM],(C-1.e2.c2.e1.c4.g3.c3)[MN],C-1[MN],c[LM],C-1[LM],c[LM],C-1[MN],C-1[MN],c[LM],C-1[LM],c[LM],(c.C-1)[IJ],(B-2.b1.b)[MN],B-2[MN],B-1[LM],(B-2.b1.b)[LM],B-1[LM],(B-2.#c2.#c1)[MN],B-2[MN],B-1[LM],(B-2.d2.d1)[LM],B-1[LM],(B-2.b1.b)[MN],B-2[MN],B-1[LM],(B-2.b1.b)[LM],B-1[LM],(B-2.#c2.#c1)[MN],B-2[MN],B-1[LM],(B-2.d2.d1)[LM],B-1[LM],(B-2.b1.b)[MN],B-2[MN],B-1[LM],(B-2.b1.b)[LM],B-1[LM],(B-2.#c2.#c1)[MN],B-2[MN],B-1[LM],(B-2.d2.d1)[LM],B-1[LM],(B-2.b1.b)[MN],B-2[MN],B-1[LM],(B-2.b1.b)[LM],B-1[LM],(B-2.#c2.#c1)[MN],B-2[MN],B-1[LM],(B-2.d2.d1)[LM],B-1[LM],(B-2.b1.b)[MN],B-2[MN],B-1[LM],(B-2.b1.b)[LM],B-1[LM],(B-2.#c2.#c1)[MN],B-2[MN],B-1[LM],(B-2.d2.d1)[LM],B-1[LM],(B-2.b1.b)[MN],B-2[MN],B-1[LM],(B-2.b1.b)[LM],B-1[LM],(B-2.#c2.#c1)[MN],B-2[MN],B-1[LM],(B-2.d2.d1)[LM],B-1[LM],(B-2.b1.b)[MN],B-2[MN],B-1[LM],(B-2.b1.b)[LM],B-1[LM],(B-2.#c2.#c1)[MN],B-2[MN],B-1[LM],(B-2.d2.d1)[LM],B-1[LM],(B-2.b1.b)[MN],B-2[MN],B-1[LM],(B-2.b1.b)[LM],B-1[LM],(B-2.#c2.#c1)[MN],B-2[MN],B-1[LM],(B-2.d2.d1)[LM],B-1[LM],(G-2.b2.g2.b1)[KL],(d.B-1)[KL],G-2[KL],(d.B-1)[KL],G-2[KL],(d.B-1)[KL],G-2[KL],(d.B-1)[KL],(G-2.#a2.#a1)[KL],(d.B-1)[KL],G-2[KL],(d.B-1)[KL],G-2[KL],(d.B-1)[KL],G-2[KL],(d.B-1)[KL],(#C-1.#g2.#c2.#g1)[KL],(#g.f)[KL],#C-1[KL],(#g.f)[KL],#C-1[KL],(#g.f)[KL],#C-1[KL],(#g.f)[KL],(#F-1.#a2.#f2.#a1)[KL],(#c1.#a)[KL],#F-1[KL],(#c1.#a)[KL],#F-1[KL],(#c1.#a)[KL],#F-1[KL],(#c1.#a)[KL],(B-2.b.#f2.b1.#f1)[MN],B-2[MN],B-1[LM],(B-2.b1.b)[LM],B-1[LM],(B-2.#c2.#c1)[MN],B-2[MN],B-1[LM],(B-2.d2.d1)[LM],B-1[LM],(B-2.b1.b)[MN],B-2[MN],B-1[LM],(B-2.b1.b)[LM],B-1[LM],(B-2.#c2.#c1)[MN],B-2[MN],B-1[LM],(B-2.d2.d1)[LM],B-1[LM],(B-2.b1.b)[MN],B-2[MN],B-1[LM],(B-2.b1.b)[LM],B-1[LM],(B-2.#c2.#c1)[MN],B-2[MN],B-1[LM],(B-2.d2.d1)[LM],B-1[LM],(B-2.b.d2.b1.d1)[MN],B-2[MN],B-1[LM],(B-2.b1.b)[LM],B-1[LM],(B-2.#c2.#c1)[MN],B-2[MN],B-1[LM],(B-2.d2.d1)[LM],B-1[LM],(B-2.b.#f2.b1.#f1)[MN],B-2[MN],B-1[LM],(B-2.b1.b)[LM],B-1[LM],(B-2.#c2.#c1)[MN],B-2[MN],B-1[LM],(B-2.d2.d1)[LM],B-1[LM],(B-2.b1.b)[MN],B-2[MN],B-1[LM],(B-2.b1.b)[LM],B-1[LM],(B-2.#c2.#c1)[MN],B-2[MN],B-1[LM],(B-2.d2.d1)[LM],B-1[LM],(B-2.b.g2.b1.g1)[MN],B-2[MN],B-1[LM],(B-2.b1.b)[LM],B-1[LM],(B-2.#c2.#c1)[MN],B-2[MN],B-1[LM],(B-2.d2.d1)[LM],B-1[LM],(B-2.b.#f2.b1.#f1)[MN],B-2[MN],B-1[LM],(B-2.b1.b)[LM],B-1[LM],(B-2.#c2.#c1)[MN],B-2[MN],B-1[LM],(B-2.d2.d1)[LM],B-1[LM],(G-2.b2.b1.f2.f1)[KL],(d.B-1)[KL],G-2[KL],(d.B-1)[KL],G-2[KL],(d.B-1)[KL],G-2[KL],(d.B-1)[KL],(G-2.#a2.#a1.#f2.#f1)[KL],(d.B-1)[KL],G-2[KL],(d.B-1)[KL],G-2[KL],(d.B-1)[KL],G-2[KL],(d.B-1)[KL],(#C-1.#g2.#c2.#g1)[KL],(#g.f)[KL],#C-1[KL],(#g.f)[KL],#C-1[KL],(#g.f)[KL],#C-1[KL],(#g.f)[KL],(#F-1.#a2.#f2.#a1)[KL],(#c1.#a)[KL],#F-1[KL],(#c1.#a)[KL],#F-1[KL],(#c1.#a)[KL],#F-1[KL],(#c1.#a)[KL],(B-2.#f2.b1.#f1.b3.#f3.b2)[MN],B-2[MN],B-1[LM],B-2[LM],B-1[LM],B-2[MN],B-2[MN],B-1[LM],B-2[LM],B-1[LM],(B-2.d2.#f1.d1)[MN],B-2[MN],B-1[LM],B-2[LM],B-1[LM],B-2[MN],B-2[MN],B-1[LM],B-2[LM],B-1[LM],(#A-2.f2.#a1.f1.#a3.f3.#a2)[MN],#A-2[MN],#A-1[LM],#A-2[LM],#A-1[LM],#A-2[MN],#A-2[MN],#A-1[LM],#A-2[LM],#A-1[LM],(#A-2.#c2.#a1.#c1)[MN],#A-2[MN],#A-1[LM],#A-2[LM],#A-1[LM],(#A-2.#c2.#a1.#c1)[MN],#A-2[MN],#A-1[LM],#A-2[LM],#A-1[LM],(#C-1.#g2.e2.#g1.#c4.#g3.#c3)[MN],#C-1[MN],#c[LM],#C-1[LM],#c[LM],#C-1[MN],#C-1[MN],#c[LM],#C-1[LM],#c[LM],(#C-1.f2.#c2.f1)[MN],#C-1[MN],#c[LM],#C-1[LM],#c[LM],#C-1[MN],#C-1[MN],#c[LM],#C-1[LM],#c[LM],(C-1.e2.c2.e1.c4.g3.c3)[MN],C-1[MN],c[LM],C-1[LM],c[LM],C-1[MN],C-1[MN],c[LM],C-1[LM],c[LM],(C-1.g2.c2.g1)[MN],C-1[MN],c[LM],C-1[LM],c[LM],C-1[MN],C-1[MN],c[LM],C-1[LM],c[LM],(B-2.#f2.b1.#f1.b3.#f3.b2)[MN],B-2[MN],B-1[LM],B-2[LM],B-1[LM],B-2[MN],B-2[MN],B-1[LM],B-2[LM],B-1[LM],(B-2.d2.#f1.d1)[MN],B-2[MN],B-1[LM],B-2[LM],B-1[LM],B-2[MN],B-2[MN],B-1[LM],B-2[LM],B-1[LM],(#A-2.f2.#a1.f1.#a3.f3.#a2)[MN],#A-2[MN],#A-1[LM],#A-2[LM],#A-1[LM],#A-2[MN],#A-2[MN],#A-1[LM],#A-2[LM],#A-1[LM],(#A-2.#c2.#a1.#c1)[MN],#A-2[MN],#A-1[LM],#A-2[LM],#A-1[LM],#A-2[MN],#A-2[MN],#A-1[LM],#A-2[LM],#A-1[LM],(#C-1.#g2.e2.#g1.#c4.#g3.#c3)[MN],#C-1[MN],#c[LM],#C-1[LM],#c[LM],#C-1[MN],#C-1[MN],#c[LM],#C-1[LM],#c[LM],(#C-1.f2.#c2.f1)[MN],#C-1[MN],#c[LM],#C-1[LM],#c[LM],#C-1[MN],#C-1[MN],#c[LM],#C-1[LM],#c[LM],(C-1.e2.c2.e1.c4.g3.c3)[MN],C-1[MN],c[LM],C-1[LM],c[LM],C-1[MN],C-1[MN],c[LM],C-1[LM],c[LM],C-1[MN],C-1[MN],c[LM],C-1[LM],c[LM],C-1[MN],C-1[MN],c[LM],C-1[LM],c[LM],(B-2.#f2.b1.#f1.b3.#f3.b2)[MN],B-2[MN],B-1[LM],B-2[LM],B-1[LM],B-2[MN],B-2[MN],B-1[LM],B-2[LM],B-1[LM],(B-2.d2.#f1.d1)[MN],B-2[MN],B-1[LM],B-2[LM],B-1[LM],B-2[MN],B-2[MN],B-1[LM],B-2[LM],B-1[LM],(#A-2.f2.#a1.f1.#a3.f3.#a2)[MN],#A-2[MN],#A-1[LM],#A-2[LM],#A-1[LM],#A-2[MN],#A-2[MN],#A-1[LM],#A-2[LM],#A-1[LM],(#A-2.#c2.#a1.#c1)[MN],#A-2[MN],#A-1[LM],#A-2[LM],#A-1[LM],#A-2[MN],#A-2[MN],#A-1[LM],#A-2[LM],#A-1[LM],(#C-1.#g2.e2.#g1.#c4.#g3.#c3)[MN],#C-1[MN],#c[LM],#C-1[LM],#c[LM],#C-1[MN],#C-1[MN],#c[LM],#C-1[LM],#c[LM],(#C-1.f2.#c2.f1)[MN],#C-1[MN],#c[LM],#C-1[LM],#c[LM],#C-1[MN],#C-1[MN],#c[LM],#C-1[LM],#c[LM],(C-1.e2.c2.e1.c4.g3.c3)[MN],C-1[MN],c[LM],C-1[LM],c[LM],C-1[MN],C-1[MN],c[LM],C-1[LM],c[LM],(C-1.g2.c2.g1)[MN],C-1[MN],c[LM],C-1[LM],c[LM],C-1[MN],C-1[MN],c[LM],C-1[LM],c[LM],(B-2.#f2.b1.#f1.b3.#f3.b2)[MN],B-2[MN],B-1[LM],B-2[LM],B-1[LM],B-2[MN],B-2[MN],B-1[LM],B-2[LM],B-1[LM],(B-2.d2.#f1.d1)[MN],B-2[MN],B-1[LM],B-2[LM],B-1[LM],B-2[MN],B-2[MN],B-1[LM],B-2[LM],B-1[LM],(#A-2.f2.#a1.f1.#a3.f3.#a2)[MN],#A-2[MN],#A-1[LM],#A-2[LM],#A-1[LM],#A-2[MN],#A-2[MN],#A-1[LM],#A-2[LM],#A-1[LM],(#A-2.#c2.#a1.#c1)[MN],#A-2[MN],#A-1[LM],#A-2[LM],#A-1[LM],#A-2[MN],#A-2[MN],#A-1[LM],#A-2[LM],#A-1[LM],(#C-1.#g2.e2.#g1.#c4.#g3.#c3)[MN],#C-1[MN],#c[LM],#C-1[LM],#c[LM],#C-1[MN],#C-1[MN],#c[LM],#C-1[LM],#c[LM],(#C-1.f2.#c2.f1)[MN],#C-1[MN],#c[LM],#C-1[LM],#c[LM],#C-1[MN],#C-1[MN],#c[LM],#C-1[LM],#c[LM],(C-1.e2.c2.e1.c4.g3.c3)[MN],C-1[MN],c[LM],C-1[LM],c[LM],C-1[MN],C-1[MN],c[LM],C-1[LM],c[LM],C-1[MN],C-1[MN],c[LM],C-1[MN],C-1[MN],c[LM],C-1[MN],C-1[MN],c[LM],C-1[MN],C-1[MN],c[LM],(B-2.b1.b)[MN],B-2[MN],B-1[LM],(B-2.b1.b)[LM],B-1[LM],(B-2.#c2.#c1)[MN],B-2[MN],B-1[LM],(B-2.d2.d1)[LM],B-1[LM],(B-2.b1.b)[MN],B-2[MN],B-1[LM],(B-2.b1.b)[LM],B-1[LM],(B-2.#c2.#c1)[MN],B-2[MN],B-1[LM],(B-2.d2.d1)[LM],B-1[LM],(B-2.b1.b)[MN],B-2[MN],B-1[LM],(B-2.b1.b)[LM],B-1[LM],(B-2.#c2.#c1)[MN],B-2[MN],B-1[LM],(B-2.d2.d1)[LM],B-1[LM],(B-2.b1.b)[MN],B-2[MN],B-1[LM],(B-2.b1.b)[LM],B-1[LM],(B-2.#c2.#c1)[MN],B-2[MN],B-1[LM],(B-2.d2.d1)[LM],B-1[LM],(B-2.b1.b)[MN],B-2[MN],B-1[LM],(B-2.b1.b)[LM],B-1[LM],(B-2.#c2.#c1)[MN],B-2[MN],B-1[LM],(B-2.d2.d1)[LM],B-1[LM],(B-2.b1.b)[MN],B-2[MN],B-1[LM],(B-2.b1.b)[LM],B-1[LM],(B-2.#c2.#c1)[MN],B-2[MN],B-1[LM],(B-2.d2.d1)[LM],B-1[LM],(B-2.b1.b)[MN],B-2[MN],B-1[LM],(B-2.b1.b)[LM],B-1[LM],(B-2.#c2.#c1)[MN],B-2[MN],B-1[LM],(B-2.d2.d1)[LM],B-1[LM],(B-2.b1.b)[MN],B-2[MN],B-1[LM],(B-2.b1.b)[LM],B-1[LM],(B-2.#c2.#c1)[MN],B-2[MN],B-1[MN],B-1[MN],(B-2.d2.d1)[MN],B-2[MN],B-1[MN],B-1[MN],(G-2.b2.g2.b1)[LM],G-2[LM],(d.B-1)[LM],B-1[LM],G-2[LM],G-2[LM],(d.B-1)[LM],B-1[LM],G-2[LM],G-2[LM],(d.B-1)[LM],B-1[LM],G-2[LM],G-2[LM],(d.B-1)[LM],B-1[LM],(G-2.#a2.#a1)[LM],G-2[LM],(d.B-1)[LM],B-1[LM],G-2[LM],G-2[LM],(d.B-1)[LM],B-1[LM],G-2[LM],G-2[LM],(d.B-1)[LM],B-1[LM],G-2[LM],G-2[LM],(d.B-1)[LM],B-1[LM],(#C-1.#g2.#c2.#g1)[LM],#C-1[LM],(#g.f)[LM],f[LM],#C-1[LM],#C-1[LM],(#g.f)[LM],f[LM],#C-1[LM],#C-1[LM],(#g.f)[LM],f[LM],#C-1[LM],#C-1[LM],(#g.f)[LM],f[LM],(#F-1.#a2.#f2.#a1)[LM],#F-1[LM],(#c1.#a)[LM],#a[LM],#F-1[LM],#F-1[LM],(#c1.#a)[LM],#a[LM],#F-1[LM],#F-1[LM],(#c1.#a)[LM],#a[LM],#F-1[LM],#F-1[LM],(#c1.#a)[LM],#a[LM],(B-2.b.#f2.b1.#f1)[MN],B-2[MN],B-1[LM],(B-2.b1.b)[LM],B-1[LM],(B-2.#c2.#c1)[MN],B-2[MN],B-1[LM],(B-2.d2.d1)[LM],B-1[LM],(B-2.b1.b)[MN],B-2[MN],B-1[LM],(B-2.b1.b)[LM],B-1[LM],(B-2.#c2.#c1)[MN],B-2[MN],B-1[LM],(B-2.d2.d1)[LM],B-1[LM],(B-2.b1.b)[MN],B-2[MN],B-1[LM],(B-2.b1.b)[LM],B-1[LM],(B-2.#c2.#c1)[MN],B-2[MN],B-1[LM],(B-2.d2.d1)[LM],B-1[LM],(B-2.b.d2.b1.d1)[MN],B-2[MN],B-1[LM],(B-2.b1.b)[LM],B-1[LM],(B-2.#c2.#c1)[MN],B-2[MN],B-1[LM],(B-2.d2.d1)[LM],B-1[LM],(B-2.b.#f2.b1.#f1)[MN],B-2[MN],B-1[LM],(B-2.b1.b)[LM],B-1[LM],(B-2.#c2.#c1)[MN],B-2[MN],B-1[LM],(B-2.d2.d1)[LM],B-1[LM],(B-2.b1.b)[MN],B-2[MN],B-1[LM],(B-2.b1.b)[LM],B-1[LM],(B-2.#c2.#c1)[MN],B-2[MN],B-1[LM],(B-2.d2.d1)[LM],B-1[LM],(B-2.b.g2.b1.g1)[MN],B-2[MN],B-1[LM],(B-2.b1.b)[LM],B-1[LM],(B-2.#c2.#c1)[MN],B-2[MN],B-1[LM],(B-2.d2.d1)[LM],B-1[LM],(B-2.b.#f2.b1.#f1)[MN],B-2[MN],B-1[LM],(B-2.b1.b)[LM],B-1[LM],(B-2.#c2.#c1)[MN],B-2[MN],B-1[MN],B-1[MN],(B-2.d2.d1)[MN],B-2[MN],B-1[MN],B-1[MN],(G-2.b2.b1.f2.f1)[LM],G-2[LM],(d.B-1)[LM],B-1[LM],G-2[LM],G-2[LM],(d.B-1)[LM],B-1[LM],G-2[LM],G-2[LM],(d.B-1)[LM],B-1[LM],G-2[LM],G-2[LM],(d.B-1)[LM],B-1[LM],(G-2.#a2.#a1.#f2.#f1)[LM],G-2[LM],(d.B-1)[LM],B-1[LM],G-2[LM],G-2[LM],(d.B-1)[LM],B-1[LM],G-2[LM],G-2[LM],(d.B-1)[LM],B-1[LM],G-2[LM],G-2[LM],(d.B-1)[LM],B-1[LM],(#C-1.#g2.#c2.#g1)[LM],#C-1[LM],(#g.f)[LM],f[LM],#C-1[LM],#C-1[LM],(#g.f)[LM],f[LM],#C-1[LM],#C-1[LM],(#g.f)[LM],f[LM],#C-1[LM],#C-1[LM],(#g.f)[LM],f[LM],(#F-1.#a2.#f2.#a1)[LM],#F-1[LM],(#c1.#a)[LM],#a[LM],#F-1[LM],#F-1[LM],(#c1.#a)[LM],#a[LM],#F-1[LM],#F-1[LM],(#c1.#a)[LM],#a[LM],#F-1[LM],#F-1[LM],(#c1.#a)[LM],"],"id":1,"instruments":["piano","piano"],"alternatives":["",""]},{"bpm":810,"baseBeats":0.75,"scores":["mute[LM],mute[LM],mute[LM],mute[LM],mute[LM],mute[LM],mute[LM],mute[LM],mute[LM],mute[LM],mute[LM],mute[LM],mute[LM],mute[LM],mute[LM],mute[LM],mute[LM],mute[LM],mute[LM],mute[LM],mute[LM],mute[LM],mute[LM],mute[LM],mute[LM],mute[LM],mute[LM],mute[LM],mute[LM],mute[LM],mute[LM],mute[LM],mute[LM],mute[LM],mute[LM],mute[LM],mute[LM],mute[LM],mute[LM],mute[LM],mute[LM],mute[LM],mute[LM],mute[LM],mute[LM],mute[LM],mute[LM],mute[LM],mute[LM],mute[LM],mute[LM],mute[LM],mute[LM],mute[LM],mute[LM],mute[LM],mute[LM],mute[LM],mute[LM],mute[LM],mute[LM],mute[LM],mute[LM],mute[LM],mute[LM],mute[LM],mute[LM],mute[LM],mute[LM],mute[LM],mute[LM],mute[LM],mute[LM],mute[LM],mute[LM],mute[LM],mute[LM],mute[LM],mute[LM],mute[LM],mute[LM],mute[LM],mute[LM],mute[LM],mute[LM],mute[LM],mute[LM],mute[LM],mute[LM],mute[LM],mute[LM],mute[LM],mute[LM],mute[LM],mute[LM],mute[LM],mute[LM],mute[LM],mute[LM],mute[LM],mute[LM],mute[LM],mute[LM],mute[LM],mute[LM],mute[LM],mute[LM],mute[LM],mute[LM],mute[LM],mute[LM],mute[LM],mute[LM],mute[LM],mute[LM],mute[LM],mute[LM],mute[LM],mute[LM],mute[LM],mute[LM],mute[LM],mute[LM],mute[LM],mute[LM],mute[LM],mute[LM],mute[LM],mute[LM],mute[LM],mute[LM],mute[LM],mute[LM],mute[LM],mute[LM],mute[LM],mute[LM],mute[LM],mute[LM],mute[LM],mute[LM],mute[LM],mute[LM],mute[LM],mute[LM],mute[LM],mute[LM],mute[LM],mute[LM],mute[LM],mute[LM],mute[LM],mute[LM],mute[LM],mute[LM],mute[LM],mute[LM],mute[LM],mute[LM],mute[LM],mute[LM],mute[LM],mute[LM],mute[LM],mute[LM],mute[LM],mute[LM],mute[LM],mute[LM],mute[LM],mute[LM],mute[LM],mute[LM],mute[LM],mute[LM],mute[LM],mute[LM],mute[LM],mute[LM],mute[LM],mute[LM],mute[LM],mute[LM],mute[LM],mute[LM],mute[LM],mute[LM],mute[LM],mute[LM],mute[LM],mute[LM],mute[LM],mute[LM],mute[LM],mute[LM],mute[LM],mute[LM],mute[LM],mute[LM],mute[LM],mute[LM],mute[LM],mute[LM],mute[LM],mute[LM],mute[LM],mute[LM],mute[LM],mute[LM],mute[LM],mute[LM],mute[LM],mute[LM],mute[LM],mute[LM],mute[LM],mute[LM],mute[LM],mute[LM],mute[LM],mute[LM],mute[LM],mute[LM],mute[LM],mute[LM],mute[LM],mute[LM],mute[LM],mute[LM],mute[LM],mute[LM],mute[LM],mute[LM],mute[LM],mute[LM],mute[LM],mute[LM],mute[LM],mute[LM],mute[LM],mute[LM],mute[LM],mute[LM],mute[LM],mute[LM],mute[LM],mute[LM],mute[LM],mute[LM],mute[LM],mute[LM],mute[LM],mute[LM],mute[LM],mute[LM],mute[LM],mute[LM],mute[LM],mute[LM],mute[LM],mute[LM],mute[LM],mute[LM],mute[LM],mute[LM],mute[LM],mute[LM],mute[LM],mute[LM],mute[LM],mute[LM],mute[LM],mute[LM],mute[LM],mute[LM],mute[LM],mute[LM],mute[LM],mute[LM],mute[LM],mute[LM],mute[IJ],5<UV>,mute[LM],5<UV>,mute[LM],5<UV>,mute[LM],5<UV>,mute[LM],5<UV>,mute[LM],5<UV>,mute[LM],5<UV>,mute[LM],5<UV>,mute[LM],5<UV>,mute[LM],5<UV>,mute[LM],5<UV>,mute[LM],5<UV>,mute[LM],5<UV>,mute[LM],5<UV>,mute[LM],5<UV>,mute[LM],5<UV>,mute[LM],5<UV>,mute[LM],5<UV>,mute[LM],5<UV>,mute[LM],5<UV>,mute[LM],5<UV>,mute[LM],5<UV>,mute[LM],5<UV>,mute[LM],5<UV>,mute[LM],5<UV>,mute[LM],5<UV>,mute[LM],5<UV>,mute[LM],5<UV>,mute[LM],5<UV>,mute[LM],5<UV>,mute[LM],5<UV>,mute[LM],5<UV>,mute[LM],5<UV>,mute[LM],5<UV>,mute[LM],5<UV>,mute[LM],5<UV>,mute[LM],5<UV>,mute[LM],5<UV>,mute[LM],5<UV>,mute[LM],5<UV>,mute[LM],5<UV>,mute[LM],5<UV>,mute[LM],5<UV>,mute[LM],5<UV>,mute[LM],5<UV>,mute[LM],5<UV>,mute[LM],5<UV>,mute[LM],5<UV>,mute[LM],5<UV>,mute[LM],5<UV>,mute[LM],5<UV>,mute[LM],5<UV>,mute[LM],5<UV>,mute[LM],5<UV>,mute[LM],5<UV>,mute[LM],5<UV>,mute[LM],5<UV>,mute[LM],5<UV>,mute[LM],5<UV>,mute[LM],5<UV>,mute[LM],5<UV>,mute[LM],5<UV>,mute[LM],5<UV>,mute[LM],5<UV>,mute[LM],5<UV>,mute[LM],5<UV>,mute[LM],5<UV>,mute[LM],5<UV>,mute[LM],5<UV>,mute[LM],5<UV>,mute[LM],5<UV>,mute[LM],5<UV>,mute[LM],5<UV>,mute[LM],5<UV>,mute[LM],5<UV>,mute[LM],5<UV>,mute[LM],5<UV>,mute[LM],5<UV>,mute[LM],5<UV>,mute[LM],5<UV>,mute[LM],5<UV>,mute[LM],5<UV>,mute[LM],5<UV>,mute[LM],5<UV>,mute[LM],5<UV>,mute[LM],5<UV>,mute[LM],5<UV>,mute[LM],5<UV>,mute[LM],5<UV>,mute[LM],5<UV>,mute[LM],5<UV>,mute[LM],5<UV>,mute[LM],5<UV>,mute[LM],5<UV>,mute[LM],5<UV>,mute[LM],5<UV>,mute[LM],5<UV>,mute[LM],5<UV>,mute[LM],5<UV>,mute[LM],5<UV>,mute[LM],5<UV>,mute[LM],5<UV>,mute[LM],5<UV>,mute[LM],5<UV>,mute[LM],5<UV>,mute[LM],5<UV>,mute[LM],5<UV>,mute[LM],5<UV>,mute[LM],5<UV>,mute[LM],5<UV>,mute[LM],5<UV>,mute[LM],5<UV>,mute[LM],5<UV>,5<UV>,5<UV>,5<UV>,5<UV>,5<UV>,5<UV>,5<UV>,5<UV>,5<UV>,5<UV>,5<UV>,5<UV>,5<UV>,5<UV>,5<UV>,5<UV>,5<UV>,5<UV>,5<UV>,5<UV>,5<UV>,5<UV>,5<UV>,5<UV>,5<UV>,5<UV>,5<UV>,5<UV>,5<UV>,5<UV>,5<UV>,5<UV>,mute[LM],mute[LM],mute[LM],5<UV>,mute[LM],mute[LM],mute[LM],5<UV>,mute[LM],mute[LM],mute[LM],5<UV>,mute[LM],mute[LM],mute[LM],5<UV>,mute[LM],mute[LM],mute[LM],5<UV>,mute[LM],mute[LM],mute[LM],5<UV>,mute[LM],mute[LM],mute[LM],5<UV>,mute[LM],mute[LM],mute[LM],5<UV>,mute[LM],mute[LM],mute[LM],5<UV>,mute[LM],mute[LM],mute[LM],5<UV>,mute[LM],mute[LM],mute[LM],5<UV>,mute[LM],mute[LM],mute[LM],5<UV>,mute[LM],mute[LM],mute[LM],5<UV>,mute[LM],mute[LM],mute[LM],5<UV>,mute[LM],mute[LM],mute[LM],5<UV>,mute[LM],mute[LM],mute[LM],5<UV>,mute[LM],mute[LM],mute[LM],5<UV>,mute[LM],mute[LM],mute[LM],5<UV>,mute[LM],mute[LM],mute[LM],5<UV>,mute[LM],mute[LM],mute[LM],5<UV>,mute[LM],mute[LM],mute[LM],5<UV>,mute[LM],mute[LM],mute[LM],5<UV>,mute[LM],mute[LM],mute[LM],5<UV>,mute[LM],mute[LM],mute[LM],5<UV>,mute[LM],mute[LM],mute[LM],5<UV>,mute[LM],mute[LM],mute[LM],5<UV>,mute[LM],mute[LM],mute[LM],5<UV>,mute[LM],mute[LM],mute[LM],5<UV>,mute[LM],mute[LM],mute[LM],5<UV>,mute[LM],mute[LM],mute[LM],5<UV>,mute[LM],mute[LM],mute[LM],5<UV>,mute[LM],mute[LM],mute[LM],5<UV>,mute[LM],mute[LM],mute[LM],5<UV>,mute[LM],mute[LM],mute[LM],5<UV>,mute[LM],mute[LM],mute[LM],5<UV>,mute[LM],mute[LM],mute[LM],5<UV>,mute[LM],mute[LM],mute[LM],5<UV>,mute[LM],mute[LM],mute[LM],5<UV>,mute[LM],mute[LM],mute[LM],5<UV>,mute[LM],mute[LM],mute[LM],5<UV>,mute[LM],mute[LM],mute[LM],5<UV>,mute[LM],mute[LM],mute[LM],5<UV>,mute[LM],mute[LM],mute[LM],5<UV>,mute[LM],mute[LM],mute[LM],5<UV>,mute[LM],mute[LM],mute[LM],5<UV>,mute[LM],mute[LM],mute[LM],5<UV>,mute[LM],mute[LM],mute[LM],5<UV>,mute[LM],mute[LM],mute[LM],mute[JK],5<UV>,mute[LM],mute[LM],mute[LM],mute[JK],5<UV>,mute[LM],mute[LM],mute[LM],mute[JK],5<UV>,mute[LM],mute[LM],mute[LM],mute[JK],5<UV>,mute[LM],mute[LM],mute[LM],mute[JK],5<UV>,mute[LM],mute[LM],mute[LM],mute[JK],5<UV>,mute[LM],mute[LM],mute[LM],mute[IJ],mute[IJ],5<UV>,mute[LM],mute[LM],mute[LM],5<UV>,mute[LM],mute[LM],mute[LM],5<UV>,mute[LM],mute[LM],mute[LM],5<UV>,mute[LM],mute[LM],mute[LM],5<UV>,mute[LM],mute[LM],mute[LM],5<UV>,mute[LM],mute[LM],mute[LM],5<UV>,mute[LM],mute[LM],mute[LM],5<UV>,mute[LM],mute[LM],mute[LM],5<UV>,mute[LM],mute[LM],mute[LM],5<UV>,mute[LM],mute[LM],mute[LM],5<UV>,mute[LM],mute[LM],mute[LM],5<UV>,mute[LM],mute[LM],mute[LM],5<UV>,mute[LM],mute[LM],mute[LM],5<UV>,mute[LM],mute[LM],mute[LM],5<UV>,mute[LM],mute[LM],mute[LM],5<UV>,5<UV>,5<UV>,5<UV>,mute[LM],mute[LM],mute[LM],mute[LM],mute[LM],mute[LM],mute[LM],mute[LM],mute[LM],mute[LM],mute[LM],mute[LM],mute[LM],mute[LM],mute[LM],mute[LM],mute[LM],mute[LM],mute[LM],mute[LM],mute[LM],mute[LM],mute[LM],mute[LM],mute[LM],mute[LM],mute[LM],mute[LM],mute[LM],mute[LM],mute[LM],mute[LM],mute[LM],mute[LM],mute[LM],mute[LM],mute[LM],mute[LM],mute[LM],mute[LM],mute[LM],mute[LM],mute[LM],mute[LM],mute[LM],mute[LM],mute[LM],mute[LM],mute[LM],mute[LM],mute[LM],mute[LM],mute[LM],mute[LM],mute[LM],mute[LM],mute[LM],mute[LM],mute[LM],mute[LM],mute[LM],mute[LM],mute[LM],mute[LM],5<UV>,mute[LM],mute[LM],mute[LM],5<UV>,mute[LM],mute[LM],mute[LM],5<UV>,mute[LM],mute[LM],mute[LM],5<UV>,mute[LM],mute[LM],mute[LM],5<UV>,mute[LM],mute[LM],mute[LM],5<UV>,mute[LM],mute[LM],mute[LM],5<UV>,mute[LM],mute[LM],mute[LM],5<UV>,mute[LM],mute[LM],mute[LM],5<UV>,mute[LM],mute[LM],mute[LM],5<UV>,mute[LM],mute[LM],mute[LM],5<UV>,mute[LM],mute[LM],mute[LM],5<UV>,mute[LM],mute[LM],mute[LM],5<UV>,mute[LM],mute[LM],mute[LM],5<UV>,mute[LM],mute[LM],mute[LM],5<UV>,mute[LM],mute[LM],mute[LM],5<UV>,5<UV>,5<UV>,5<UV>,mute[LM],mute[LM],mute[LM],mute[LM],mute[LM],mute[LM],mute[LM],mute[LM],mute[LM],mute[LM],mute[LM],mute[LM],mute[LM],mute[LM],mute[LM],mute[LM],mute[LM],mute[LM],mute[LM],mute[LM],mute[LM],mute[LM],mute[LM],mute[LM],mute[LM],mute[LM],mute[LM],mute[LM],mute[LM],mute[LM],mute[LM],mute[LM],mute[LM],mute[LM],mute[LM],mute[LM],mute[LM],mute[LM],mute[LM],mute[LM],mute[LM],mute[LM],mute[LM],mute[LM],mute[LM],mute[LM],mute[LM],mute[LM],mute[LM],mute[LM],mute[LM],mute[LM],mute[LM],mute[LM],mute[LM],mute[LM],mute[LM],mute[LM],mute[LM],mute[LM],mute[LM],mute[LM],mute[LM],mute[LM],5<UV>,mute[LM],mute[LM],mute[LM],5<UV>,mute[LM],mute[LM],mute[LM],5<UV>,mute[LM],mute[LM],mute[LM],5<UV>,mute[LM],mute[LM],mute[LM],5<UV>,mute[LM],mute[LM],mute[LM],5<UV>,mute[LM],mute[LM],mute[LM],5<UV>,mute[LM],mute[LM],mute[LM],5<UV>,mute[LM],mute[LM],mute[LM],5<UV>,mute[LM],mute[LM],mute[LM],5<UV>,mute[LM],mute[LM],mute[LM],5<UV>,mute[LM],mute[LM],mute[LM],5<UV>,mute[LM],mute[LM],mute[LM],5<UV>,mute[LM],mute[LM],mute[LM],5<UV>,mute[LM],mute[LM],mute[LM],5<UV>,mute[LM],mute[LM],mute[LM],5<UV>,mute[LM],mute[LM],mute[LM],5<UV>,mute[LM],mute[LM],mute[LM],5<UV>,mute[LM],mute[LM],mute[LM],5<UV>,mute[LM],mute[LM],mute[LM],5<UV>,mute[LM],mute[LM],mute[LM],5<UV>,mute[LM],mute[LM],mute[LM],5<UV>,mute[LM],mute[LM],mute[LM],5<UV>,mute[LM],mute[LM],mute[LM],5<UV>,mute[LM],mute[LM],mute[LM],5<UV>,mute[LM],mute[LM],mute[LM],5<UV>,mute[LM],mute[LM],mute[LM],5<UV>,mute[LM],mute[LM],mute[LM],5<UV>,mute[LM],mute[LM],mute[LM],5<UV>,mute[LM],mute[LM],mute[LM],5<UV>,mute[LM],mute[LM],mute[LM],5<UV>,mute[LM],mute[LM],mute[LM],5<UV>,mute[LM],mute[LM],mute[LM],5<UV>,mute[LM],mute[LM],mute[LM],5<UV>,mute[LM],mute[LM],mute[LM],5<UV>,mute[LM],mute[LM],mute[LM],5<UV>,mute[LM],mute[LM],mute[LM],5<UV>,mute[LM],mute[LM],mute[LM],5<UV>,mute[LM],mute[LM],mute[LM],5<UV>,mute[LM],mute[LM],mute[LM],5<UV>,mute[LM],mute[LM],mute[LM],5<UV>,mute[LM],mute[LM],mute[LM],5<UV>,mute[LM],mute[LM],mute[LM],5<UV>,mute[LM],mute[LM],mute[LM],5<UV>,mute[LM],mute[LM],mute[LM],5<UV>,mute[LM],mute[LM],mute[LM],5<UV>,mute[LM],mute[LM],mute[LM],5<UV>,mute[LM],mute[LM],mute[LM],5<UV>,mute[LM],mute[LM],mute[LM],5<UV>,mute[LM],mute[LM],mute[LM],5<UV>,mute[LM],mute[LM],mute[LM],5<UV>,mute[LM],mute[LM],mute[LM],5<UV>,mute[LM],mute[LM],mute[LM],5<UV>,mute[LM],mute[LM],mute[LM],5<UV>,mute[LM],mute[LM],mute[LM],5<UV>,mute[LM],mute[LM],mute[LM],5<UV>,mute[LM],mute[LM],mute[LM],5<UV>,mute[LM],mute[LM],mute[LM],5<UV>,mute[LM],mute[LM],mute[LM],5<UV>,mute[LM],mute[LM],mute[LM],5<UV>,mute[LM],mute[LM],mute[LM],5<UV>,mute[LM],mute[LM],mute[LM],5<UV>,mute[LM],mute[LM],mute[LM],5<UV>,mute[LM],mute[LM],mute[LM],5<UV>,mute[LM],mute[LM],mute[LM],5<UV>,mute[LM],mute[LM],mute[LM],5<UV>,mute[LM],mute[LM],mute[LM],5<UV>,mute[LM],mute[LM],mute[LM],5<UV>,mute[LM],mute[LM],mute[LM],5<UV>,mute[LM],mute[LM],mute[LM],5<UV>,mute[LM],mute[LM],mute[LM],mute[IJ],mute[KL],mute[KL],mute[KL],mute[KL],mute[KL],mute[KL],mute[KL],mute[KL],mute[KL],mute[KL],mute[KL],mute[KL],mute[KL],mute[KL],mute[KL],mute[KL],","#a[LM],(B-2.b1)[LM],B-2[LM],(B-1.d2)[LM],B-1[LM],(B-2.#f2)[LM],B-2[LM],(B-1.b2)[LM],B-1[LM],(B-2.d3)[LM],B-2[LM],(B-1.#f3)[LM],B-1[LM],(B-2.b3)[LM],B-2[LM],(B-1.d4)[LM],B-1[LM],(B-2.#f4)[LM],B-2[LM],(B-1.d4)[LM],B-1[LM],(B-2.b3)[LM],B-2[LM],(B-1.#f3)[LM],B-1[LM],(B-2.d3)[LM],B-2[LM],(B-1.b2)[LM],B-1[LM],(B-2.#f2)[LM],B-2[LM],(B-1.d2)[LM],B-1[LM],(#A-2.#a1)[LM],#A-2[LM],(#A-1.#c2)[LM],#A-1[LM],(#A-2.#f2)[LM],#A-2[LM],(#A-1.#a2)[LM],#A-1[LM],(#A-2.#a2)[LM],#A-2[LM],(#A-1.#c3)[LM],#A-1[LM],(#A-2.#f3)[LM],#A-2[LM],(#A-1.#a3)[LM],#A-1[LM],(#A-2.#c4)[LM],#A-2[LM],(#A-1.#a3)[LM],#A-1[LM],(#A-2.#f3)[LM],#A-2[LM],(#A-1.#c3)[LM],#A-1[LM],(#A-2.#c3)[LM],#A-2[LM],(#A-1.#a2)[LM],#A-1[LM],(#A-2.#f2)[LM],#A-2[LM],(#A-1.#c2)[LM],#A-1[LM],(#F-2.#a1)[LM],#F-2[LM],(#F-1.#c2)[LM],#F-1[LM],(#F-2.#f2)[LM],#F-2[LM],(#F-1.#a2)[LM],#F-1[LM],(#F-2.#a2)[LM],#F-2[LM],(#F-1.#c3)[LM],#F-1[LM],(#F-2.#f3)[LM],#F-2[LM],(#F-1.#a3)[LM],#F-1[LM],(#F-2.#c4)[LM],#F-2[LM],(#F-1.#a3)[LM],#F-1[LM],(#F-2.#f3)[LM],#F-2[LM],(#F-1.#c3)[LM],#F-1[LM],(#F-2.#c3)[LM],#F-2[LM],(#F-1.#a2)[LM],#F-1[LM],(#F-2.#f2)[LM],#F-2[LM],(#F-1.#c2)[LM],#F-1[LM],(B-2.b1)[LM],B-2[LM],(B-1.d2)[LM],B-1[LM],(B-2.#f2)[LM],B-2[LM],(B-1.b2)[LM],B-1[LM],(B-2.d3)[LM],B-2[LM],(B-1.#f3)[LM],B-1[LM],(B-2.b3)[LM],B-2[LM],(B-1.d4)[LM],B-1[LM],(B-2.#f4)[LM],B-2[LM],(B-1.d4)[LM],B-1[LM],(B-2.b3)[LM],B-2[LM],(B-1.#f3)[LM],B-1[LM],(B-2.d3)[LM],B-2[LM],(B-1.b2)[LM],B-1[LM],(B-2.#f2)[LM],B-2[LM],(B-1.d2)[LM],B-1[LM],(#D-1.b1)[LM],#D-1[LM],(#d.#d2)[LM],#d[LM],(#D-1.#f2)[LM],#D-1[LM],(#d.b2)[LM],#d[LM],(#D-1.#d3)[LM],#D-1[LM],(#d.#f3)[LM],#d[LM],(#D-1.b3)[LM],#D-1[LM],(#d.#d4)[LM],#d[LM],(#D-1.#f4)[LM],#D-1[LM],(#d.#d4)[LM],#d[LM],(#D-1.b3)[LM],#D-1[LM],(#d.#f3)[LM],#d[LM],(#D-1.#d3)[LM],#D-1[LM],(#d.b2)[LM],#d[LM],(#D-1.#f2)[LM],#D-1[LM],(#d.#d2)[LM],#d[LM],(E-1.e2)[LM],E-1[LM],(e.g2)[LM],e[LM],(E-1.b2)[LM],E-1[LM],(e.e3)[LM],e[LM],(E-1.g3)[LM],E-1[LM],(e.b3)[LM],e[LM],(E-1.e4)[LM],E-1[LM],(e.g4)[LM],e[LM],(E-1.b4)[LM],E-1[LM],(e.g4)[LM],e[LM],(E-1.e4)[LM],E-1[LM],(e.b3)[LM],e[LM],(E-1.g3)[LM],E-1[LM],(e.e3)[LM],e[LM],(E-1.b2)[LM],E-1[LM],(e.g2)[LM],e[LM],(F-1.f2)[LM],F-1[LM],(f.#g2)[LM],f[LM],(F-1.b2)[LM],F-1[LM],(f.f3)[LM],f[LM],(F-1.#g3)[LM],F-1[LM],(f.b3)[LM],f[LM],(F-1.f4)[LM],F-1[LM],(f.#g4)[LM],f[LM],(F-1.b4)[LM],F-1[LM],(f.#g4)[LM],f[LM],(F-1.f4)[LM],F-1[LM],(f.b3)[LM],f[LM],(F-1.#g3)[LM],F-1[LM],(f.f3)[LM],f[LM],(F-1.b2)[LM],F-1[LM],(f.#g2)[LM],f[LM],(#F-1.#f2)[LM],#F-1[LM],(#f.#a2)[LM],#f[LM],(#F-1.#c3)[LM],#F-1[LM],(#f.#f3)[LM],#f[LM],(#F-1.#f3)[LM],#F-1[LM],(#f.#a3)[LM],#f[LM],(#F-1.#c4)[LM],#F-1[LM],(#f.#f4)[LM],#f[LM],(#F-1.#a4)[LM],#F-1[LM],(#f.#f4)[LM],#f[LM],(#F-1.#c4)[LM],#F-1[LM],(#f.#a3)[LM],#f[LM],(#F-1.#f3)[LM],#F-1[LM],(#f.#c3)[LM],#f[LM],(#F-1.#f3)[LM],#F-1[LM],(#f.#a3)[LM],#f[LM],(#F-2.#a4)[LM],#F-2[LM],(#F-1.#f4)[LM],#F-1[LM],(#F-2.#c4)[LM],#F-2[LM],(#F-1.#a3)[LM],#F-1[LM],(#F-2.#f4)[LM],#F-2[LM],(#F-1.#c4)[LM],#F-1[LM],(#F-2.#a3)[LM],#F-2[LM],(#F-1.#f3)[LM],#F-1[LM],(#F-2.#c4)[LM],#F-2[LM],(#F-1.#a3)[LM],#F-1[LM],(#F-2.#f3)[LM],#F-2[LM],(#F-1.#c3)[LM],#F-1[LM],(#F-1.#C-1.#F-2.#f3.#c3.#f2)[IJ],(G-2.b2.b1.g1.d1.b)[MN],G-2[MN],G-2[LM],G-1[MN],G-1[MN],G-1[LM],G-2[MN],G-2[MN],G-2[LM],G-1[MN],G-1[MN],G-1[LM],(G-2.#f3.#f2.d2.b1.#f1)[MN],G-2[MN],G-2[LM],G-1[MN],G-1[MN],G-1[LM],G-2[MN],G-2[MN],G-2[LM],G-1[MN],G-1[MN],G-1[LM],(A-2.#c3.#c2.a1.e1.#c1)[MN],A-2[MN],A-2[LM],A-1[MN],A-1[MN],A-1[LM],A-2[MN],A-2[MN],A-2[LM],A-1[MN],A-1[MN],A-1[LM],(A-2.#f3.#f2.#c2.a1.#f1)[MN],A-2[MN],A-2[LM],A-1[MN],A-1[MN],A-1[LM],A-2[MN],A-2[MN],A-2[LM],A-1[MN],A-1[MN],A-1[LM],(B-2.d3.d2.b1.#f1.d1)[MN],B-2[MN],B-2[LM],B-1[MN],B-1[MN],B-1[LM],B-2[MN],B-2[MN],B-2[LM],B-1[MN],B-1[MN],B-1[LM],(B-2.e3.e2.b1.#f1.e1)[MN],B-2[MN],B-2[LM],B-1[MN],B-1[MN],B-1[LM],(B-2.#f3.#f2.d2.b1.#f1)[MN],B-2[MN],B-2[LM],B-1[MN],B-1[MN],B-1[LM],(#G-2.e3.e2.b1.#g1.e1)[MN],#G-2[MN],#G-2[LM],#G-1[MN],#G-1[MN],#G-1[LM],#G-2[MN],#G-2[MN],#G-2[LM],#G-1[MN],#G-1[MN],#G-1[LM],(#G-2.a3.a2.e2.b1.a1)[MN],#G-2[MN],#G-2[LM],#G-1[MN],#G-1[MN],#G-1[LM],#G-2[MN],#G-2[MN],#G-2[LM],#G-1[MN],#G-1[MN],#G-1[LM],(G-2.b3.b2.g2.d2.b1)[MN],G-2[MN],G-2[LM],G-1[MN],G-1[MN],G-1[LM],G-2[MN],G-2[MN],G-2[LM],G-1[MN],G-1[MN],G-1[LM],(G-2.#c4.#c3.b2.g2.#c2)[MN],G-2[MN],G-2[LM],G-1[MN],G-1[MN],G-1[LM],(G-2.d4.d3.b2.g2.d2)[MN],G-2[MN],G-2[LM],G-1[MN],G-1[MN],G-1[LM],(A-2.#c4.#c3.a2.e2.#c2)[MN],A-2[MN],A-2[LM],A-1[MN],A-1[MN],A-1[LM],A-2[MN],A-2[MN],A-2[LM],A-1[MN],A-1[MN],A-1[LM],A-2[MN],A-2[MN],A-2[LM],A-1[MN],A-1[MN],A-1[LM],(A-2.a3.a2.e2.#c2.a1)[MN],A-2[MN],A-2[LM],A-1[MN],A-1[MN],A-1[LM],(B-2.#f3.#f2.d2.b1.#f1)[MN],B-2[MN],B-2[LM],B-1[MN],B-1[MN],B-1[LM],(B-2.a3.a2.e2.b1.a1)[MN],B-2[MN],B-2[LM],B-1[MN],B-1[MN],B-1[LM],(B-2.e3.e2.b1.#f1.e1)[MN],B-2[MN],B-2[LM],B-1[MN],B-1[MN],B-1[LM],(B-2.#f3.#f2.d2.b1.#f1)[MN],B-2[MN],B-2[LM],B-1[MN],B-1[MN],B-1[LM],(#F-2.d3.d2.b1.#f1.d1)[MN],#F-2[MN],#F-2[LM],#F-1[MN],#F-1[MN],#F-1[LM],#F-2[MN],#F-2[MN],#F-2[LM],#F-1[MN],#F-1[MN],#F-1[LM],#F-2[MN],#F-2[MN],#F-2[LM],#F-1[MN],#F-1[MN],#F-1[LM],#F-2[MN],#F-2[MN],#F-2[LM],#F-1[MN],#F-1[MN],#F-1[LM],(G-2.b2.b1.g1.d1.b)[MN],G-2[MN],G-2[LM],G-1[MN],G-1[MN],G-1[LM],G-2[MN],G-2[MN],G-2[LM],G-1[MN],G-1[MN],G-1[LM],(G-2.#f3.#f2.d2.b1.#f1)[MN],G-2[MN],G-2[LM],G-1[MN],G-1[MN],G-1[LM],G-2[MN],G-2[MN],G-2[LM],G-1[MN],G-1[MN],G-1[LM],(A-2.#c3.#c2.a1.e1.#c1)[MN],A-2[MN],A-2[LM],A-1[MN],A-1[MN],A-1[LM],A-2[MN],A-2[MN],A-2[LM],A-1[MN],A-1[MN],A-1[LM],(A-2.#f3.#f2.#c2.a1.#f1)[MN],A-2[MN],A-2[LM],A-1[MN],A-1[MN],A-1[LM],(A-2.#f3.#f2.#c2.a1.#f1)[MN],A-2[MN],A-2[LM],A-1[MN],A-1[MN],A-1[LM],(B-2.d3.d2.b1.#f1.d1)[MN],B-2[MN],B-2[LM],B-1[MN],B-1[MN],B-1[LM],B-2[MN],B-2[MN],B-2[LM],B-1[MN],B-1[MN],B-1[LM],(B-2.e3.e2.b1.#f1.e1)[MN],B-2[MN],B-2[LM],B-1[MN],B-1[MN],B-1[LM],(B-2.#f3.#f2.d2.b1.#f1)[MN],B-2[MN],B-2[LM],B-1[MN],B-1[MN],B-1[LM],(#G-2.e3.e2.b1.#g1.e1)[MN],#G-2[MN],#G-2[LM],#G-1[MN],#G-1[MN],#G-1[LM],#G-2[MN],#G-2[MN],#G-2[LM],#G-1[MN],#G-1[MN],#G-1[LM],(#G-2.a3.a2.e2.b1.a1)[MN],#G-2[MN],#G-2[LM],#G-1[MN],#G-1[MN],#G-1[LM],#G-2[MN],#G-2[MN],#G-2[LM],#G-1[MN],#G-1[MN],#G-1[LM],(G-2.b3.b2.g2.d2.b1)[MN],G-2[MN],G-2[LM],G-1[MN],G-1[MN],G-1[LM],G-2[MN],G-2[MN],G-2[LM],G-1[MN],G-1[MN],G-1[LM],(G-2.#c4.#c3.b2.g2.#c2)[MN],G-2[MN],G-2[LM],G-1[MN],G-1[MN],G-1[LM],(G-2.d4.d3.b2.g2.d2)[MN],G-2[MN],G-2[LM],G-1[MN],G-1[MN],G-1[LM],(#C-2.#c4.#c3.#g2.e2.#c2)[MN],#C-2[MN],#C-2[LM],#C-1[MN],#C-1[MN],#C-1[LM],#C-2[MN],#C-2[MN],#C-2[LM],#C-1[MN],#C-1[MN],#C-1[LM],(#C-2.#g3.#g2.e2.b1.#g1)[MN],#C-2[MN],#C-2[LM],#C-1[MN],#C-1[MN],#C-1[LM],(#C-2.b3.b2.#g2.e2.b1)[MN],#C-2[MN],#C-2[LM],#C-1[MN],#C-1[MN],#C-1[LM],(#F-2.#a3.#a2.#f2.#c2.#a1)[MN],#F-2[MN],#F-1[MN],#F-1[MN],#F-2[MN],#F-2[MN],#F-1[MN],#F-1[MN],#F-2[MN],#F-2[MN],#F-1[MN],#F-1[MN],#F-2[MN],#F-2[MN],#F-1[MN],#F-1[MN],#F-2[MN],#F-2[MN],#F-1[MN],#F-1[MN],#F-2[MN],#F-2[MN],#F-1[MN],#F-1[MN],#F-2[MN],#F-2[MN],#F-1[MN],#F-1[MN],#F-2[MN],#F-2[MN],#F-1[MN],#F-1[MN],#F-2[MN],#F-2[MN],#F-1[MN],#F-1[MN],#F-2[MN],#F-2[MN],#F-1[MN],#F-1[MN],#F-2[MN],#F-2[MN],#F-1[MN],#F-1[MN],#F-2[MN],#F-2[MN],#F-1[MN],#F-1[MN],#F-2[MN],#F-2[MN],#F-1[MN],#F-1[MN],#F-2[MN],#F-2[MN],#F-1[MN],#F-1[MN],#F-2[MN],#F-2[MN],#F-1[MN],#F-1[MN],#F-2[MN],#F-2[MN],#F-1[MN],#F-1[MN],(B-2.b1.#f1.d1.b)[MN],B-2[MN],B-1[LM],B-2[LM],B-1[LM],B-2[MN],B-2[MN],B-1[LM],B-2[LM],B-1[LM],(B-2.b2.#f2.d2.b1)[MN],B-2[MN],B-1[LM],B-2[LM],B-1[LM],B-2[MN],B-2[MN],B-1[LM],B-2[LM],B-1[LM],(B-2.#a2.#f2.#c2.#a1)[MN],B-2[MN],B-1[LM],B-2[LM],B-1[LM],(B-2.g2.#c2.g1)[MN],B-2[MN],B-1[LM],B-2[LM],B-1[LM],(B-2.#f2.#c2.#f1)[MN],B-2[MN],B-1[LM],B-2[LM],B-1[LM],(B-2.e2.#c2.e1)[MN],B-2[MN],B-1[LM],B-2[LM],B-1[LM],(B-2.b1.#f1.d1.b)[MN],B-2[MN],B-1[LM],B-2[LM],B-1[LM],B-2[MN],B-2[MN],B-1[LM],B-2[LM],B-1[LM],(B-2.b2.#f2.d2.b1)[MN],B-2[MN],B-1[LM],B-2[LM],B-1[LM],B-2[MN],B-2[MN],B-1[LM],B-2[LM],B-1[LM],(B-2.#a2.#f2.#c2.#a1)[MN],B-2[MN],B-1[LM],B-2[LM],B-1[LM],(B-2.#c3.#a2.#f2.#c2)[MN],B-2[MN],B-1[LM],B-2[LM],B-1[LM],B-2[MN],B-2[MN],B-1[LM],B-2[LM],B-1[LM],B-2[MN],B-2[MN],B-1[LM],B-2[LM],B-1[LM],(B-2.b1.#f1.d1.b)[MN],B-2[MN],B-1[LM],B-2[LM],B-1[LM],B-2[MN],B-2[MN],B-1[LM],B-2[LM],B-1[LM],(B-2.b2.#f2.d2.b1)[MN],B-2[MN],B-1[LM],B-2[LM],B-1[LM],B-2[MN],B-2[MN],B-1[LM],B-2[LM],B-1[LM],(B-2.#a2.#f2.#c2.#a1)[MN],B-2[MN],B-1[LM],B-2[LM],B-1[LM],(B-2.g2.#c2.g1)[MN],B-2[MN],B-1[LM],B-2[LM],B-1[LM],(B-2.#f2.#c2.#f1)[MN],B-2[MN],B-1[LM],B-2[LM],B-1[LM],(B-2.e2.#c2.e1)[MN],B-2[MN],B-1[LM],B-2[LM],B-1[LM],(B-2.b1.#f1.d1.b)[MN],B-2[MN],B-1[LM],B-2[LM],B-1[LM],B-2[MN],B-2[MN],B-1[LM],B-2[LM],B-1[LM],(B-2.b2.#f2.d2.b1)[MN],B-2[MN],B-1[LM],B-2[LM],B-1[LM],B-2[MN],B-2[MN],B-1[LM],B-2[LM],B-1[LM],(#F-2.#a2.#f2.#c2.#a1)[MN],#F-2[MN],#F-1[LM],#F-2[LM],#F-1[LM],(#F-2.#c3.#a2.#f2.#c2)[MN],#F-2[MN],#F-1[LM],#F-2[LM],#F-1[LM],#F-2[MN],#F-2[MN],#F-1[LM],#F-2[LM],#F-1[LM],#F-2[MN],#F-2[MN],#F-1[LM],#F-2[LM],#F-1[LM],(G-2.b1.g1.d1.b)[MN],G-2[MN],G-1[LM],G-2[LM],G-1[LM],G-2[MN],G-2[MN],G-1[LM],G-2[LM],G-1[LM],(G-2.b2.g2.d2.b1)[MN],G-2[MN],G-1[LM],G-2[LM],G-1[LM],G-2[MN],G-2[MN],G-1[LM],G-2[LM],G-1[LM],(#F-2.#a2.#f2.#c2.#a1)[MN],#F-2[MN],#F-1[LM],#F-2[LM],#F-1[LM],(#F-2.g2.#c2.g1)[MN],#F-2[MN],#F-1[LM],#F-2[LM],#F-1[LM],(#F-2.#f2.#c2.#f1)[MN],#F-2[MN],#F-1[LM],#F-2[LM],#F-1[LM],(#F-2.e2.#c2.e1)[MN],#F-2[MN],#F-1[LM],#F-2[LM],#F-1[LM],(G-2.b1.g1.d1.b)[MN],G-2[MN],G-1[LM],G-2[LM],G-1[LM],G-2[MN],G-2[MN],G-1[LM],G-2[LM],G-1[LM],(G-2.b2.g2.d2.b1)[MN],G-2[MN],G-1[LM],G-2[LM],G-1[LM],G-2[MN],G-2[MN],G-1[LM],G-2[LM],G-1[LM],(#F-2.#a2.#f2.#c2.#a1)[MN],#F-2[MN],#F-1[LM],#F-2[LM],#F-1[LM],(#F-2.#c3.#a2.#f2.#c2)[MN],#F-2[MN],#F-1[LM],#F-2[LM],#F-1[LM],#F-2[MN],#F-2[MN],#F-1[LM],#F-2[LM],#F-1[LM],(#F-2.#c3.#a2.#f2.#c2)[MN],#F-2[MN],#F-1[LM],(#F-2.d3.#f2.d2)[LM],#F-1[LM],(E-1.E-2.e3.b2.g2.e2)[JK],(E-2.d3.b2.d2)[MN],E-2[MN],E-1[LM],E-2[LM],E-1[LM],(E-1.E-2.d3.b2.d2)[JK],(E-2.#c3.b2.#c2)[MN],E-2[MN],E-1[LM],E-2[LM],E-1[LM],(D-1.D-2.#c3.#a2.#f2.#c2)[JK],(D-2.b2.#f2.b1)[MN],D-2[MN],D-1[LM],D-2[LM],D-1[LM],(D-1.D-2.b2.#f2.b1)[JK],(D-2.a2.#f2.a1)[MN],D-2[MN],D-1[LM],D-2[LM],D-1[LM],(#C-1.#C-2.g2.e2.b1.g1)[JK],(#C-2.#f2.b1.#f1)[MN],#C-2[MN],#C-1[LM],#C-2[LM],#C-1[LM],(#C-1.#C-2.#f2.b1.#f1)[JK],(#C-2.f2.b1.f1)[MN],#C-2[MN],#C-1[LM],#C-2[LM],#C-1[LM],(#F-1.#F-2.#f2.#c2.#a1.#f1)[IJ],(#F-1.#C-1.#F-2.#a2.#f2.#c2.#a1)[IJ],(B-2.b.#f2.b1.#f1)[MN],B-2[MN],B-1[LM],(B-2.b1.b)[LM],B-1[LM],(B-2.#c2.#c1)[MN],B-2[MN],B-1[LM],(B-2.d2.d1)[LM],B-1[LM],(B-2.b1.b)[MN],B-2[MN],B-1[LM],(B-2.b1.b)[LM],B-1[LM],(B-2.#c2.#c1)[MN],B-2[MN],B-1[LM],(B-2.d2.d1)[LM],B-1[LM],(B-2.b1.b)[MN],B-2[MN],B-1[LM],(B-2.b1.b)[LM],B-1[LM],(B-2.#c2.#c1)[MN],B-2[MN],B-1[LM],(B-2.d2.d1)[LM],B-1[LM],(B-2.b.d2.b1.d1)[MN],B-2[MN],B-1[LM],(B-2.b1.b)[LM],B-1[LM],(B-2.#c2.#c1)[MN],B-2[MN],B-1[LM],(B-2.d2.d1)[LM],B-1[LM],(B-2.b1.#f1.b.#f)[MN],B-2[MN],B-1[LM],(B-2.b1.b)[LM],B-1[LM],(B-2.#c2.#c1)[MN],B-2[MN],B-1[LM],(B-2.d2.d1)[LM],B-1[LM],(B-2.b1.b)[MN],B-2[MN],B-1[LM],(B-2.b1.b)[LM],B-1[LM],(B-2.#c2.#c1)[MN],B-2[MN],B-1[LM],(B-2.d2.d1)[LM],B-1[LM],(B-2.b.g2.b1.g1)[MN],B-2[MN],B-1[LM],(B-2.b1.b)[LM],B-1[LM],(B-2.#c2.#c1)[MN],B-2[MN],B-1[LM],(B-2.d2.d1)[LM],B-1[LM],(B-2.b.#f2.b1.#f1)[MN],B-2[MN],B-1[LM],(B-2.b1.b)[LM],B-1[LM],(B-2.#c2.#c1)[MN],B-2[MN],B-1[MN],B-1[MN],(B-2.d2.d1)[MN],B-2[MN],B-1[MN],B-1[MN],(G-2.b2.b1.f2.f1)[LM],G-2[LM],(d.B-1)[LM],B-1[LM],G-2[LM],G-2[LM],(d.B-1)[LM],B-1[LM],G-2[LM],G-2[LM],(d.B-1)[LM],B-1[LM],G-2[LM],G-2[LM],(d.B-1)[LM],B-1[LM],(G-2.#a2.#a1.#f2.#f1)[LM],G-2[LM],(d.B-1)[LM],B-1[LM],G-2[LM],G-2[LM],(d.B-1)[LM],B-1[LM],G-2[LM],G-2[LM],(d.B-1)[LM],B-1[LM],G-2[LM],G-2[LM],(d.B-1)[LM],B-1[LM],(#C-1.#g2.#c2.#g1)[LM],#C-1[LM],(#g.f)[LM],f[LM],#C-1[LM],#C-1[LM],(#g.f)[LM],f[LM],#C-1[LM],#C-1[LM],(#g.f)[LM],f[LM],#C-1[LM],#C-1[LM],(#g.f)[LM],f[LM],(#F-1.#a2.#f2.#a1)[LM],#F-1[LM],(#c1.#a)[LM],#a[LM],#F-1[LM],#F-1[LM],(#c1.#a)[LM],#a[LM],#F-1[LM],#F-1[LM],(#c1.#a)[LM],#a[LM],#F-1[LM],#F-1[LM],(#c1.#a)[LM],#a[LM],(B-2.b1.#f1.d1.b)[MN],B-2[MN],B-1[LM],(B-2.b1.b)[LM],B-1[LM],(B-2.#c2.#c1)[MN],B-2[MN],B-1[LM],(B-2.d2.d1)[LM],B-1[LM],(B-2.b1.b)[MN],B-2[MN],B-1[LM],(B-2.b1.b)[LM],B-1[LM],(B-2.#c2.#c1)[MN],B-2[MN],B-1[LM],(B-2.d2)[LM],B-1[LM],(B-2.b1.b.d1)[MN],B-2[MN],B-1[LM],(B-2.b1.b)[LM],B-1[LM],(B-2.#c2.#c1)[MN],B-2[MN],B-1[LM],(B-2.d2.d1)[LM],B-1[LM],(B-2.b1.b)[MN],B-2[MN],B-1[LM],(B-2.b1.b)[LM],B-1[LM],(B-2.#c2.#c1)[MN],B-2[MN],B-1[LM],(B-2.d2.d1)[LM],B-1[LM],(B-2.b.d2.b1.#f1.d1)[MN],B-2[MN],B-1[LM],(B-2.b1.b)[LM],B-1[LM],(B-2.#c2.#c1)[MN],B-2[MN],B-1[LM],(B-2.d2.d1)[LM],B-1[LM],(B-2.b1.b)[MN],B-2[MN],B-1[LM],(B-2.b1.b)[LM],B-1[LM],(B-2.#c2.#c1)[MN],B-2[MN],B-1[LM],(B-2.d2.d1)[LM],B-1[LM],(B-2.b1.#f1.d1.b)[MN],B-2[MN],B-1[LM],(B-2.b1.b)[LM],B-1[LM],(B-2.#c2.#c1)[MN],B-2[MN],B-1[LM],(B-2.d2.d1)[LM],B-1[LM],(B-2.b.g2.d2.b1.g1)[MN],B-2[MN],B-1[LM],(B-2.b1.b)[LM],B-1[LM],(B-2.#c2.#c1)[MN],B-2[MN],B-1[MN],B-1[MN],(B-2.d2.d1.#f2.#f1)[MN],B-2[MN],B-1[MN],B-1[MN],(G-2.b2.b1.f2.f1)[LM],G-2[LM],(d.B-1)[LM],B-1[LM],G-2[LM],G-2[LM],(d.B-1)[LM],B-1[LM],G-2[LM],G-2[LM],(d.B-1)[LM],B-1[LM],G-2[LM],G-2[LM],(d.B-1)[LM],B-1[LM],(G-2.#a2.#a1.#f2.#f1)[LM],G-2[LM],(d.B-1)[LM],B-1[LM],G-2[LM],G-2[LM],(d.B-1)[LM],B-1[LM],G-2[LM],G-2[LM],(d.B-1)[LM],B-1[LM],G-2[LM],G-2[LM],(d.B-1)[LM],B-1[LM],(#C-1.#g2.#c2.#g1)[LM],#C-1[LM],(#g.f)[LM],f[LM],#C-1[LM],#C-1[LM],(#g.f)[LM],f[LM],#C-1[LM],#C-1[LM],(#g.f)[LM],f[LM],#C-1[LM],#C-1[LM],(#g.f)[LM],f[LM],(#F-1.#a2.#f2.#a1)[LM],#F-1[LM],(#c1.#a)[LM],#a[LM],#F-1[LM],#F-1[LM],(#c1.#a)[LM],#a[LM],#F-1[LM],#F-1[LM],(#c1.#a)[LM],#a[LM],#F-1[LM],#F-1[LM],(#c1.#a)[LM],#a[LM],(B-2.d1.b.#f.b1)[MN],B-2[MN],B-2[LM],(B-1.d2)[LM],B-1[LM],(B-2.#f2)[MN],B-2[MN],B-2[LM],(B-1.b2)[LM],B-1[LM],(B-2.d3)[MN],B-2[MN],B-2[LM],(B-1.#f3)[LM],B-1[LM],(B-2.b3)[MN],B-2[MN],B-2[LM],(B-1.d4)[LM],B-1[LM],(B-2.#f4)[MN],B-2[MN],B-2[LM],(B-1.d4)[LM],B-1[LM],(B-2.b3)[MN],B-2[MN],B-2[LM],(B-1.#f3)[LM],B-1[LM],(B-2.d1.b.#f.d3)[MN],B-2[MN],B-2[LM],(B-1.b2)[LM],B-1[LM],(B-2.#f2)[MN],B-2[MN],B-2[LM],(B-1.d2)[LM],B-1[LM],(#A-2.#c1.#a.#f.#a1)[MN],#A-2[MN],#A-2[LM],(#A-1.#c2)[LM],#A-1[LM],(#A-2.#f2)[MN],#A-2[MN],#A-2[LM],(#A-1.#a2)[LM],#A-1[LM],(#A-2.#a2)[MN],#A-2[MN],#A-2[LM],(#A-1.#c3)[LM],#A-1[LM],(#A-2.#f3)[MN],#A-2[MN],#A-2[LM],(#A-1.#a3)[LM],#A-1[LM],(#A-2.#c4)[MN],#A-2[MN],#A-2[LM],(#A-1.#a3)[LM],#A-1[LM],(#A-2.#f3)[MN],#A-2[MN],#A-2[LM],(#A-1.#c3)[LM],#A-1[LM],(#A-2.#c1.#a.#f.#c3)[MN],#A-2[MN],#A-2[LM],(#A-1.#a2)[LM],#A-1[LM],(#A-2.#f2)[MN],#A-2[MN],#A-2[LM],(#A-1.#c2)[LM],#A-1[LM],(#F-2.#c1.#a.#f.#a1)[MN],#F-2[MN],#F-2[LM],(#F-1.#c2)[LM],#F-1[LM],(#F-2.#f2)[MN],#F-2[MN],#F-2[LM],(#F-1.#a2)[LM],#F-1[LM],(#F-2.#a2)[MN],#F-2[MN],#F-2[LM],(#F-1.#c3)[LM],#F-1[LM],(#F-2.#f3)[MN],#F-2[MN],#F-2[LM],(#F-1.#a3)[LM],#F-1[LM],(#F-2.#c4)[MN],#F-2[MN],#F-2[LM],(#F-1.#a3)[LM],#F-1[LM],(#F-2.#f3)[MN],#F-2[MN],#F-2[LM],(#F-1.#c3)[LM],#F-1[LM],(#F-2.#c1.#a.#f.#c3)[MN],#F-2[MN],#F-2[LM],(#F-1.#a2)[LM],#F-1[LM],(#F-2.#f2)[MN],#F-2[MN],#F-2[LM],(#F-1.#c2)[LM],#F-1[LM],(B-2.d1.b.#f.b1)[MN],B-2[MN],B-2[LM],(B-1.d2)[LM],B-1[LM],(B-2.#f2)[MN],B-2[MN],B-2[LM],(B-1.b2)[LM],B-1[LM],(B-2.d3)[MN],B-2[MN],B-2[LM],(B-1.#f3)[LM],B-1[LM],(B-2.b3)[MN],B-2[MN],B-2[LM],(B-1.d4)[LM],B-1[LM],(B-2.b.#f.d.#f4)[MN],B-2[MN],B-2[LM],(B-1.d4)[LM],B-1[LM],(B-2.b3)[MN],B-2[MN],B-2[LM],(B-1.#f3)[LM],B-1[LM],(B-2.d3)[MN],B-2[MN],B-2[LM],(B-1.b2)[LM],B-1[LM],(B-2.#f2)[MN],B-2[MN],B-2[LM],(B-1.d2)[LM],B-1[LM],(#D-1.#d1.b.#f.b1)[MN],#D-1[MN],#D-1[LM],(#d.#d2)[LM],#d[LM],(#D-1.#f2)[MN],#D-1[MN],#D-1[LM],(#d.b2)[LM],#d[LM],(#D-1.#d3)[MN],#D-1[MN],#D-1[LM],(#d.#f3)[LM],#d[LM],(#D-1.b3)[MN],#D-1[MN],#D-1[LM],(#d.#d4)[LM],#d[LM],(#D-1.#f4)[MN],#D-1[MN],#D-1[LM],(#d.#d4)[LM],#d[LM],(#D-1.b3)[MN],#D-1[MN],#D-1[LM],(#d.#f3)[LM],#d[LM],(#D-1.#d1.b.#f.#d3)[MN],#D-1[MN],#D-1[LM],(#d.b2)[LM],#d[LM],(#D-1.#f2)[MN],#D-1[MN],#D-1[LM],(#d.#d2)[LM],#d[LM],(E-1.e1.b.g.e2)[MN],E-1[MN],E-1[LM],(e.g2)[LM],e[LM],(E-1.b2)[MN],E-1[MN],E-1[LM],(e.e3)[LM],e[LM],(E-1.g3)[MN],E-1[MN],E-1[LM],(e.b3)[LM],e[LM],(E-1.e4)[MN],E-1[MN],E-1[LM],(e.g4)[LM],e[LM],(E-1.b4)[MN],E-1[MN],E-1[LM],(e.g4)[LM],e[LM],(E-1.e4)[MN],E-1[MN],E-1[LM],(e.b3)[LM],e[LM],(E-1.g3)[MN],E-1[MN],E-1[LM],(e.e3)[LM],e[LM],(E-1.b2)[MN],E-1[MN],E-1[LM],(e.g2)[LM],e[LM],(F-1.f1.b.#g.f2)[MN],F-1[MN],F-1[LM],(f.#g2)[LM],f[LM],(F-1.b2)[MN],F-1[MN],F-1[LM],(f.f3)[LM],f[LM],(F-1.#g3)[MN],F-1[MN],F-1[LM],(f.b3)[LM],f[LM],(F-1.f4)[MN],F-1[MN],F-1[LM],(f.#g4)[LM],f[LM],(F-1.b4)[MN],F-1[MN],F-1[LM],(f.#g4)[LM],f[LM],(F-1.f4)[MN],F-1[MN],F-1[LM],(f.b3)[LM],f[LM],(F-1.f1.b.#g.#g3)[MN],F-1[MN],F-1[LM],(f.f3)[LM],f[LM],(F-1.b2)[MN],F-1[MN],F-1[LM],(f.#g2)[LM],f[LM],(#F-1.#f1.#c1.#a.#f2)[MN],#F-1[MN],#F-1[LM],(#f.#a2)[LM],#f[LM],(#F-1.#c3)[MN],#F-1[MN],#F-1[LM],(#f.#f3)[LM],#f[LM],(#F-1.#f3)[MN],#F-1[MN],#F-1[LM],(#f.#a3)[LM],#f[LM],(#F-1.#c4)[MN],#F-1[MN],#F-1[LM],(#f.#f4)[LM],#f[LM],(#F-1.#a4)[MN],#F-1[MN],#F-1[LM],(#f.#f4)[LM],#f[LM],(#F-1.#c4)[MN],#F-1[MN],#F-1[LM],(#f.#a3)[LM],#f[LM],(#F-1.#f1.#c1.#a.#f3)[MN],#F-1[MN],#F-1[LM],(#f.#c3)[LM],#f[LM],(#F-1.#f1.#c1.#a.#f3)[MN],#F-1[MN],#F-1[LM],(#f.#a3)[LM],#f[LM],(#F-2.#a1.#f1.#c1.#a.#a4)[MN],#F-2[MN],#F-2[LM],(#F-1.#f4)[LM],#F-1[LM],(#F-2.#c4)[MN],#F-2[MN],#F-2[LM],(#F-1.#a3)[LM],#F-1[LM],(#F-2.#f4)[MN],#F-2[MN],#F-2[LM],(#F-1.#c4)[LM],#F-1[LM],(#F-2.#a3)[MN],#F-2[MN],#F-2[LM],(#F-1.#f3)[LM],#F-1[LM],(#F-2.#c4)[MN],#F-2[MN],#F-2[LM],(#F-1.#a3)[LM],#F-1[LM],(#F-2.#f3)[MN],#F-2[MN],#F-2[LM],(#F-1.#c3)[LM],#F-1[LM],(#F-1.#C-1.#F-2.#f3.#c3.#f2)[IJ],(B-2.#f3.#f2)[KL],(#f.d)[KL],B-2[KL],(#f.d)[KL],B-2[KL],(#f.d)[KL],B-2[KL],(#f.d)[KL],B-2[KL],(#f.d)[KL],(B-2.a3.a2)[KL],(#f.d)[KL],(B-2.b3.b2)[KL],(#f.d)[KL],B-2[KL],(#f.d)[KL],"],"id":2,"instruments":["piano","piano"],"alternatives":["",""]},{"bpm":810,"baseBeats":0.75,"scores":["mute[KM],5<UV>,mute[K],mute[KM],5<UV>,mute[K],mute[KM],5<UV>,mute[K],mute[LM],mute[LM],mute[LM],mute[LM],mute[KM],mute[LM],mute[LM],mute[LM],mute[KM],mute[KM],mute[LM],mute[LM],mute[LM],mute[LM],mute[LM],mute[LM],mute[KL],mute[LM],mute[LM],mute[KL],mute[LM],mute[LM],mute[KL],mute[LM],mute[LM],mute[LM],mute[LM],mute[LM],mute[LM],mute[KL],mute[LM],mute[LM],mute[LM],mute[LM],mute[LM],mute[LM],mute[LM],mute[LM],mute[LM],mute[LM],mute[LM],mute[LM],mute[LM],mute[LM],mute[KL],mute[KL],mute[KL],mute[KL],mute[KL],mute[LM],mute[LM],mute[LM],mute[LM],mute[LM],mute[LM],mute[LM],mute[LM],mute[KL],mute[KL],mute[KL],mute[KL],mute[KM],5<UV>,mute[K],5<UV>,5<UV>,5<UV>,5<UV>,mute[KL],mute[LM],mute[LM],mute[KL],mute[LM],mute[LM],mute[KL],mute[LM],mute[LM],mute[KL],mute[LM],mute[LM],mute[KL],mute[LM],mute[LM],mute[KL],mute[LM],mute[LM],mute[KL],mute[LM],mute[LM],mute[KL],mute[LM],mute[LM],mute[KL],mute[LM],mute[LM],mute[KL],mute[LM],mute[LM],mute[KL],mute[LM],mute[LM],mute[KL],mute[LM],mute[LM],mute[KL],mute[LM],mute[LM],mute[KL],mute[LM],mute[LM],mute[KL],mute[LM],mute[LM],mute[KL],mute[LM],mute[LM],mute[KL],mute[LM],mute[LM],mute[KL],mute[LM],mute[LM],mute[KL],mute[LM],mute[LM],mute[KL],mute[LM],mute[LM],mute[KL],mute[LM],mute[LM],mute[KL],mute[LM],mute[LM],mute[KL],mute[LM],mute[LM],mute[KL],mute[LM],mute[LM],mute[LM],mute[LM],mute[LM],mute[LM],mute[LM],mute[LM],mute[LM],mute[LM],mute[LM],mute[LM],mute[LM],mute[LM],mute[LM],mute[LM],mute[LM],mute[LM],mute[LM],mute[LM],mute[LM],mute[LM],mute[LM],mute[LM],mute[LM],mute[LM],mute[LM],mute[LM],mute[LM],mute[LM],mute[LM],mute[LM],mute[LM],mute[LM],mute[KL],mute[LM],mute[LM],mute[KL],mute[LM],mute[LM],mute[KL],mute[LM],mute[LM],mute[KL],mute[LM],mute[LM],mute[KL],mute[LM],mute[LM],mute[KL],mute[LM],mute[LM],mute[KL],mute[LM],mute[LM],mute[KL],mute[LM],mute[LM],mute[KL],mute[LM],mute[LM],mute[KL],mute[LM],mute[LM],mute[KL],mute[LM],mute[LM],mute[KL],mute[LM],mute[LM],mute[KL],mute[LM],mute[LM],mute[KL],mute[LM],mute[LM],mute[KL],mute[LM],mute[LM],mute[KL],mute[LM],mute[LM],mute[KL],mute[LM],mute[LM],mute[KL],mute[LM],mute[LM],mute[KL],mute[LM],mute[LM],mute[KL],mute[LM],mute[LM],mute[KL],mute[LM],mute[LM],mute[KL],mute[LM],mute[LM],mute[KL],mute[LM],mute[LM],mute[KL],mute[LM],mute[LM],mute[KL],mute[LM],mute[LM],mute[KL],mute[LM],mute[LM],mute[KL],mute[LM],mute[LM],mute[KL],mute[LM],mute[LM],mute[KL],mute[LM],mute[LM],mute[KL],mute[LM],mute[LM],mute[KL],mute[LM],mute[LM],mute[KL],mute[LM],mute[LM],mute[KL],mute[LM],mute[LM],mute[KL],mute[LM],mute[LM],mute[KL],mute[LM],mute[LM],mute[KL],mute[LM],mute[LM],mute[KL],mute[LM],mute[LM],mute[KL],mute[LM],mute[LM],mute[KL],mute[LM],mute[LM],mute[KL],mute[LM],mute[LM],mute[KL],mute[LM],mute[LM],mute[KL],mute[LM],mute[LM],mute[KL],mute[LM],mute[LM],mute[KL],mute[LM],mute[LM],mute[KL],mute[LM],mute[LM],mute[KL],mute[LM],mute[LM],mute[KL],mute[LM],mute[LM],mute[KL],mute[LM],mute[LM],mute[KL],mute[LM],mute[LM],mute[KL],mute[LM],mute[LM],mute[KL],mute[LM],mute[LM],mute[KL],mute[LM],mute[LM],mute[KL],mute[LM],mute[LM],mute[KL],mute[LM],mute[LM],mute[KL],mute[LM],mute[LM],mute[KL],mute[LM],mute[LM],mute[KL],mute[LM],mute[LM],mute[KL],mute[LM],mute[LM],mute[KL],mute[LM],mute[LM],mute[KL],mute[LM],mute[LM],mute[KL],mute[LM],mute[LM],mute[KL],mute[LM],mute[LM],mute[KL],mute[LM],mute[LM],mute[KL],mute[LM],mute[LM],mute[LM],mute[LM],mute[LM],mute[LM],mute[LM],mute[LM],mute[LM],mute[LM],mute[LM],mute[LM],mute[LM],mute[LM],mute[LM],mute[LM],mute[LM],mute[LM],mute[LM],mute[LM],mute[LM],mute[LM],mute[LM],mute[LM],mute[LM],mute[LM],mute[LM],mute[LM],mute[LM],mute[LM],mute[LM],mute[LM],mute[LM],mute[LM],mute[KL],mute[LM],mute[LM],mute[KL],mute[LM],mute[LM],mute[KL],mute[LM],mute[LM],mute[KL],mute[LM],mute[LM],mute[KL],mute[LM],mute[LM],mute[KL],mute[LM],mute[LM],mute[KL],mute[LM],mute[LM],mute[KL],mute[LM],mute[LM],mute[KL],mute[LM],mute[LM],mute[KL],mute[LM],mute[LM],mute[KL],mute[LM],mute[LM],mute[KL],mute[LM],mute[LM],mute[KL],mute[LM],mute[LM],mute[KL],mute[LM],mute[LM],mute[KL],mute[LM],mute[LM],mute[KL],mute[LM],mute[LM],mute[KL],mute[LM],mute[LM],mute[KL],mute[LM],mute[LM],mute[KL],mute[LM],mute[LM],mute[KL],mute[LM],mute[LM],mute[KL],mute[LM],mute[LM],mute[KL],mute[LM],mute[LM],mute[KL],mute[LM],mute[LM],mute[KL],mute[LM],mute[LM],mute[KL],mute[LM],mute[LM],mute[KL],mute[LM],mute[LM],mute[KL],mute[LM],mute[LM],mute[KL],mute[LM],mute[LM],mute[KL],mute[LM],mute[LM],mute[KL],mute[LM],mute[LM],mute[KL],mute[LM],mute[LM],mute[KL],mute[LM],mute[LM],mute[KL],mute[LM],mute[LM],mute[KL],mute[LM],mute[LM],mute[KL],mute[LM],mute[LM],mute[KL],mute[LM],mute[LM],mute[KL],mute[LM],mute[LM],mute[KL],mute[LM],mute[LM],mute[KL],mute[LM],mute[LM],mute[KL],mute[LM],mute[LM],mute[KL],mute[LM],mute[LM],mute[KL],mute[LM],mute[LM],mute[KL],mute[LM],mute[LM],mute[KL],mute[LM],mute[LM],mute[KL],mute[LM],mute[LM],mute[KL],mute[LM],mute[LM],mute[KL],mute[LM],mute[LM],mute[KL],mute[LM],mute[LM],mute[KL],mute[LM],5<UV>,5<UV>,5<UV>,5<UV>,5<UV>,5<UV>,5<UV>,5<UV>,5<UV>,5<UV>,5<UV>,5<UV>,5<UV>,mute[IL],mute[LM],mute[LM],mute[JK],mute[JK],5<UV>,5<UV>,5<UV>,5<UV>,5<UV>,5<UV>,5<UV>,5<UV>,5<UV>,5<UV>,5<UV>,5<UV>,5<UV>,5<UV>,5<UV>,5<UV>,5<UV>,5<UV>,5<UV>,5<UV>,5<UV>,5<UV>,5<UV>,5<UV>,5<UV>,5<UV>,5<UV>,5<UV>,5<UV>,5<UV>,5<UV>,5<UV>,5<UV>,5<UV>,5<UV>,5<UV>,5<UV>,5<UV>,5<UV>,5<UV>,5<UV>,5<UV>,5<UV>,5<UV>,5<UV>,5<UV>,5<UV>,5<UV>,5<UV>,5<UV>,5<UV>,5<UV>,5<UV>,5<UV>,5<UV>,5<UV>,5<UV>,5<UV>,5<UV>,5<UV>,5<UV>,5<UV>,5<UV>,5<UV>,5<UV>,5<UV>,5<UV>,5<UV>,5<UV>,5<UV>,5<UV>,5<UV>,5<UV>,5<UV>,5<UV>,5<UV>,5<UV>,5<UV>,5<UV>,5<UV>,5<UV>,5<UV>,5<UV>,5<UV>,5<UV>,5<UV>,5<UV>,5<UV>,5<UV>,5<UV>,5<UV>,5<UV>,5<UV>,5<UV>,5<UV>,5<UV>,5<UV>,5<UV>,5<UV>,5<UV>,5<UV>,5<UV>,5<UV>,5<UV>,5<UV>,5<UV>,5<UV>,5<UV>,5<UV>,5<UV>,5<UV>,5<UV>,5<UV>,5<UV>,5<UV>,5<UV>,5<UV>,5<UV>,5<UV>,5<UV>,5<UV>,5<UV>,5<UV>,5<UV>,5<UV>,5<UV>,5<UV>,5<UV>,5<UV>,5<UV>,5<UV>,5<UV>,5<UV>,5<UV>,5<UV>,5<UV>,5<UV>,5<UV>,5<UV>,5<UV>,5<UV>,5<UV>,5<UV>,5<UV>,5<UV>,5<UV>,5<UV>,5<UV>,5<UV>,5<UV>,5<UV>,5<UV>,5<UV>,5<UV>,5<UV>,5<UV>,5<UV>,5<UV>,5<UV>,5<UV>,5<UV>,5<UV>,5<UV>,5<UV>,5<UV>,5<UV>,5<UV>,5<UV>,5<UV>,5<UV>,5<UV>,5<UV>,5<UV>,5<UV>,5<UV>,5<UV>,5<UV>,5<UV>,5<UV>,5<UV>,5<UV>,5<UV>,5<UV>,5<UV>,5<UV>,5<UV>,5<UV>,5<UV>,5<UV>,5<UV>,5<UV>,5<UV>,5<UV>,5<UV>,5<UV>,5<UV>,5<UV>,5<UV>,5<UV>,5<UV>,5<UV>,5<UV>,5<UV>,5<UV>,5<UV>,5<UV>,5<UV>,5<UV>,5<UV>,5<UV>,5<UV>,5<UV>,5<UV>,5<UV>,5<UV>,5<UV>,5<UV>,5<UV>,5<UV>,5<UV>,5<UV>,5<UV>,5<UV>,5<UV>,5<UV>,5<UV>,5<UV>,5<UV>,5<UV>,5<UV>,5<UV>,5<UV>,5<UV>,5<UV>,5<UV>,5<UV>,5<UV>,5<UV>,5<UV>,5<UV>,5<UV>,5<UV>,5<UV>,5<UV>,5<UV>,5<UV>,5<UV>,5<UV>,5<UV>,5<UV>,5<UV>,5<UV>,5<UV>,5<UV>,5<UV>,5<UV>,5<UV>,5<UV>,5<UV>,5<UV>,5<UV>,5<UV>,5<UV>,5<UV>,5<UV>,5<UV>,5<UV>,5<UV>,5<UV>,5<UV>,5<UV>,5<UV>,5<UV>,5<UV>,5<UV>,5<UV>,5<UV>,5<UV>,5<UV>,5<UV>,5<UV>,5<UV>,5<UV>,5<UV>,5<UV>,5<UV>,5<UV>,5<UV>,5<UV>,5<UV>,5<UV>,5<UV>,5<UV>,5<UV>,5<UV>,5<UV>,5<UV>,5<UV>,5<UV>,5<UV>,5<UV>,5<UV>,5<UV>,5<UV>,5<UV>,5<UV>,5<UV>,5<UV>,5<UV>,5<UV>,5<UV>,5<UV>,5<UV>,5<UV>,5<UV>,5<UV>,5<UV>,5<UV>,5<UV>,5<UV>,5<UV>,5<UV>,5<UV>,5<UV>,5<UV>,5<UV>,5<UV>,5<UV>,5<UV>,5<UV>,5<UV>,5<UV>,5<UV>,5<UV>,5<UV>,5<UV>,5<UV>,5<UV>,5<UV>,5<UV>,5<UV>,5<UV>,5<UV>,5<UV>,5<UV>,5<UV>,5<UV>,5<UV>,5<UV>,5<UV>,5<UV>,5<UV>,5<UV>,5<UV>,5<UV>,5<UV>,5<UV>,5<UV>,5<UV>,5<UV>,5<UV>,5<UV>,5<UV>,5<UV>,5<UV>,5<UV>,5<UV>,5<UV>,5<UV>,5<UV>,5<UV>,5<UV>,5<UV>,5<UV>,5<UV>,5<UV>,5<UV>,5<UV>,5<UV>,5<UV>,5<UV>,5<UV>,5<UV>,5<UV>,5<UV>,5<UV>,5<UV>,5<UV>,5<UV>,5<UV>,5<UV>,5<UV>,5<UV>,5<UV>,5<UV>,5<UV>,5<UV>,5<UV>,5<UV>,5<UV>,5<UV>,5<UV>,5<UV>,5<UV>,5<UV>,5<UV>,5<UV>,5<UV>,5<UV>,5<UV>,5<UV>,5<UV>,5<UV>,5<UV>,5<UV>,5<UV>,5<UV>,5<UV>,5<UV>,5<UV>,5<UV>,5<UV>,5<UV>,5<UV>,5<UV>,5<UV>,5<UV>,5<UV>,5<UV>,5<UV>,5<UV>,5<UV>,5<UV>,5<UV>,5<UV>,5<UV>,5<UV>,5<UV>,5<UV>,5<UV>,5<UV>,5<UV>,5<UV>,5<UV>,5<UV>,5<UV>,5<UV>,5<UV>,5<UV>,5<UV>,5<UV>,5<UV>,5<UV>,5<UV>,5<UV>,5<UV>,5<UV>,5<UV>,5<UV>,5<UV>,5<UV>,5<UV>,5<UV>,5<UV>,5<UV>,5<UV>,5<UV>,5<UV>,5<UV>,5<UV>,5<UV>,5<UV>,5<UV>,5<UV>,5<UV>,5<UV>,5<UV>,5<UV>,5<UV>,5<UV>,5<UV>,5<UV>,5<UV>,5<UV>,5<UV>,5<UV>,5<UV>,5<UV>,5<UV>,5<UV>,5<UV>,5<UV>,5<UV>,5<UV>,5<UV>,5<UV>,5<UV>,5<UV>,5<UV>,5<UV>,5<UV>,5<UV>,5<UV>,5<UV>,5<UV>,5<UV>,5<UV>,5<UV>,5<UV>,5<UV>,5<UV>,5<UV>,5<UV>,5<UV>,5<UV>,5<UV>,5<UV>,5<UV>,5<UV>,5<UV>,5<UV>,5<UV>,5<UV>,5<UV>,5<UV>,5<UV>,5<UV>,5<UV>,5<UV>,5<UV>,5<UV>,5<UV>,5<UV>,5<UV>,5<UV>,5<UV>,5<UV>,5<UV>,5<UV>,5<UV>,5<UV>,5<UV>,5<UV>,5<UV>,5<UV>,5<UV>,5<UV>,5<UV>,5<UV>,5<UV>,5<UV>,5<UV>,5<UV>,5<UV>,5<UV>,5<UV>,5<UV>,5<UV>,5<UV>,5<UV>,5<UV>,5<UV>,5<UV>,5<UV>,5<UV>,5<UV>,5<UV>,5<UV>,5<UV>,5<UV>,5<UV>,5<UV>,5<UV>,5<UV>,5<UV>,5<UV>,5<UV>,5<UV>,5<UV>,5<UV>,5<UV>,5<UV>,5<UV>,5<UV>,5<UV>,5<UV>,5<UV>,5<UV>,5<UV>,5<UV>,5<UV>,5<UV>,5<UV>,5<UV>,5<UV>,5<UV>,5<UV>,5<UV>,5<UV>,5<UV>,5<UV>,5<UV>,5<UV>,5<UV>,5<UV>,5<UV>,5<UV>,5<UV>,5<UV>,5<UV>,5<UV>,5<UV>,5<UV>,5<UV>,5<UV>,5<UV>,5<UV>,5<UV>,5<UV>,5<UV>,5<UV>,5<UV>,5<UV>,5<UV>,5<UV>,5<UV>,5<UV>,5<UV>,5<UV>,5<UV>,5<UV>,5<UV>,5<UV>,5<UV>,5<UV>,5<UV>,5<UV>,5<UV>,5<UV>,5<UV>,5<UV>,5<UV>,5<UV>,5<UV>,5<UV>,5<UV>,5<UV>,5<UV>,5<UV>,5<UV>,5<UV>,5<UV>,5<UV>,5<UV>,5<UV>,5<UV>,5<UV>,5<UV>,5<UV>,5<UV>,5<UV>,5<UV>,5<UV>,5<UV>,5<UV>,5<UV>,5<UV>,5<UV>,5<UV>,5<UV>,5<UV>,5<UV>,5<UV>,5<UV>,5<UV>,5<UV>,5<UV>,5<UV>,5<UV>,5<UV>,5<UV>,5<UV>,5<UV>,5<UV>,5<UV>,5<UV>,5<UV>,5<UV>,5<UV>,5<UV>,5<UV>,5<UV>,5<UV>,5<UV>,5<UV>,5<UV>,5<UV>,5<UV>,5<UV>,5<UV>,5<UV>,5<UV>,5<UV>,5<UV>,5<UV>,5<UV>,5<UV>,5<UV>,5<UV>,5<UV>,5<UV>,5<UV>,5<UV>,5<UV>,5<UV>,5<UV>,5<UV>,5<UV>,5<UV>,5<UV>,5<UV>,5<UV>,5<UV>,5<UV>,5<UV>,5<UV>,5<UV>,5<UV>,5<UV>,5<UV>,5<UV>,5<UV>,5<UV>,5<UV>,5<UV>,5<UV>,5<UV>,5<UV>,5<UV>,5<UV>,5<UV>,5<UV>,5<UV>,5<UV>,5<UV>,5<UV>,5<UV>,5<UV>,5<UV>,5<UV>,5<UV>,5<UV>,5<UV>,5<UV>,5<UV>,5<UV>,5<UV>,5<UV>,5<UV>,5<UV>,5<UV>,5<UV>,5<UV>,5<UV>,5<UV>,5<UV>,5<UV>,5<UV>,mute[IJ],mute[IJ],mute[IJ],mute[JK],mute[JK],mute[IJ],mute[IJ],mute[IJ],mute[IJ],mute[IJ],mute[IJ],mute[IJ],mute[IJ],mute[IJ],mute[IJ],mute[HI],mute[IJ],mute[IJ],mute[IJ],mute[IJ],mute[IJ],mute[IJ],mute[IJ],mute[IJ],mute[IJ],mute[IJ],mute[IJ],mute[IJ],mute[IJ],mute[IJ],mute[HHH],RS,","(G-2.g2.g1)[K],(a2.a1)[L],(d.B-1)[L],(b2.b1)[K],(G-2.#c3.#c2)[K],(d3.d2)[L],(d.B-1)[L],(e3.e2)[K],(G-2.#f3.#f2)[K],(g3.g2)[L],(d.B-1)[L],(a3.a2)[K],(G-2.g3.g2)[LM],(#f3.#f2)[LM],(d.B-1.e3.e2)[LM],(d3.d2)[LM],(G-2.b2.b1)[KM],(#c3.#c2)[M],(d.B-1)[LMN],(d3.d2)[LN],G-2[LN],(e3.e2)[LMN],(d.B-1)[M],(#f3.#f2)[KM],(G-2.g3.g2)[LN],(#f3.#f2)[LN],(e3.e2)[M],(d.B-1)[M],(d3.d2)[LN],(#c3.#c2)[LN],(G-2.b2.b1)[LM],(a2.a1)[LM],(d.B-1)[KL],(D-1.b2.b1)[LM],(#c3.#c2)[LM],(a.#f.a2.a1)[KL],(D-1.e3.e2)[LM],(#f3.#f2)[LM],(a.#f.b3.b2)[KL],D-1[LM],(#f3.#f2)[LM],(a.#f.e3.e2)[LM],(d3.d2)[LM],(D-1.#f3.#f2)[LM],(b2.b1)[LM],(a.#f.a2.a1)[KL],(D-1.#f3.#f2)[LM],(#c3.#c2)[LM],(a.#f.b2.b1)[LM],(a2.a1)[LM],(D-1.d3.d2)[LM],(a2.a1)[LM],(a.#f.#f3.#f2)[LM],(#c3.#c2)[LM],(D-1.d3.d2)[LM],(a2.a1)[LM],(a.#f.g2.g1)[LM],(#f2.#f1)[LM],(D-1.a2.a1)[LM],(#c2.#c1)[LM],(a.#f.b1.b)[KL],(#F-1.a2.a1)[KL],(#a.#f.e3.e2)[KL],(#F-1.d3.d2)[KL],(#a.#f.g2.g1)[KL],(#F-1.e2.e1)[LM],(a2.a1)[LM],(#a.#f)[LM],(d2.d1)[LM],(#F-1.#c2.#c1)[LM],(d2.d1)[LM],(#a.#f)[LM],(b1.b)[LM],(#F-1.#a1.#a)[KL],(#a.#f)[KL],#F-1[KL],(#a.#f)[KL],#F-1[K],(a1.a)[L],(#a.#f)[L],(b1.b)[K],(#F-1.#c2.#c1)[L],(d2.d1)[L],(e2.e1)[L],(#a.#f.#f2.#f1)[L],(g2.g1)[L],(#a2.#a1)[L],(B-2.b2.b1)[KL],(#f.d.d3.d2)[LM],d[LM],(B-2.#c3.#c2)[KL],(#f.d.d3.d2)[LM],d[LM],(B-2.e3.e2)[KL],(#f.d.d3.d2)[LM],d[LM],(B-2.#c3.#c2)[KL],(#f.d.d3.d2)[LM],d[LM],(B-2.#f3.#f2)[KL],(#f.d.d3.d2)[LM],d[LM],(B-2.#c3.#c2)[KL],(#f.d.d3.d2)[LM],d[LM],(B-2.b2.b1)[KL],(#f.d.d3.d2)[LM],d[LM],(B-2.#c3.#c2)[KL],(#f.d.d3.d2)[LM],d[LM],(G-2.e3.e2)[KL],(d.B-1.d3.d2)[LM],B-1[LM],(G-2.#c3.#c2)[KL],(d.B-1.d3.d2)[LM],B-1[LM],(G-2.#f3.#f2)[KL],(d.B-1.d3.d2)[LM],B-1[LM],(G-2.#c3.#c2)[KL],(d.B-1.d3.d2)[LM],B-1[LM],(G-2.g3.g2)[KL],(d.B-1.d3.d2)[LM],B-1[LM],(G-2.#c3.#c2)[KL],(d.B-1.d3.d2)[LM],B-1[LM],(G-2.#f3.#f2)[KL],(d.B-1.d3.d2)[LM],B-1[LM],(G-2.#c3.#c2)[KL],(d.B-1.d3.d2)[LM],B-1[LM],(D-1.#f3.#f2)[KL],(a.#f.g3.g2)[LM],#f[LM],(D-1.#f3.#f2)[KL],(a.#f.d3.d2)[LM],#f[LM],(D-1.g2.g1)[KL],(a.#f.#f2.#f1)[LM],#f[LM],(D-1.b2.b1)[KL],(a.#f.#f2.#f1)[LM],#f[LM],(D-1.e2.e1)[KL],(a.#f.a2.a1)[LM],#f[LM],(D-1.e2.e1)[KL],(a.#f.d2.d1)[LM],#f[LM],(D-1.#f2.#f1)[KL],(a.#f.#c2.#c1)[LM],#f[LM],(D-1.e2.e1)[KL],(a.#f.a2.a1)[LM],#f[LM],(#F-1.e2.e1)[LM],#f[LM],(#F-1.a2.a1)[LM],#f[LM],(#F-1.e2.e1)[LM],#f[LM],(#F-1.e3.e2)[LM],#f[LM],(#F-1.#c3.#c2)[LM],#f[LM],(#F-1.a2.a1)[LM],#f[LM],(#F-1.e2.e1)[LM],#f[LM],(#F-1.g2.g1)[LM],#f[LM],(A-1.#c3.#c2)[LM],a[LM],(A-1.e3.e2)[LM],a[LM],(A-1.g3.g2)[LM],a[LM],(A-1.#a3.#a2)[LM],a[LM],(A-1.g3.g2)[LM],a[LM],(A-1.e3.e2)[LM],a[LM],(A-1.#a2.#a1)[LM],a[LM],(A-1.#f3.#f2)[LM],a[LM],(B-2.#f3.#f2)[KL],(#f.d.d3.d2)[LM],d[LM],(B-2.b2.b1)[KL],(#f.d.b3.b2)[LM],d[LM],(B-2.b2.b1)[KL],(#f.d.#f3.#f2)[LM],d[LM],(B-2.d3.d2)[KL],(#f.d.b2.b1)[LM],d[LM],(B-2.#f3.#f2)[KL],(#f.d.e3.e2)[LM],d[LM],(B-2.b2.b1)[KL],(#f.d.#f3.#f2)[LM],d[LM],(B-2.#f4.#f3)[KL],(#f.d.b3.b2)[LM],d[LM],(B-2.#f3.#f2)[KL],(#f.d.d3.d2)[LM],d[LM],(#C-1.e3.e2)[KL],(a.e.#c3.#c2)[LM],e[LM],(#C-1.e3.e2)[KL],(a.e.b2.b1)[LM],e[LM],(#C-1.a2.a1)[KL],(a.e.e3.e2)[LM],e[LM],(#C-1.#c3.#c2)[KL],(a.e.b2.b1)[LM],e[LM],(#C-1.e3.e2)[KL],(a.e.d3.d2)[LM],e[LM],(#C-1.b2.b1)[KL],(a.e.e3.e2)[LM],e[LM],(#C-1.#c3.#c2)[KL],(a.e.a2.a1)[LM],e[LM],(#C-1.b2.b1)[KL],(a.e.a2.a1)[LM],e[LM],(D-1.#f3.#f2)[KL],(a.#f)[LM],#f[LM],(D-1.a2.a1)[KL],(a.#f.e3.e2)[LM],#f[LM],(D-1.d3.d2)[KL],(a.#f.a2.a1)[LM],#f[LM],(D-1.#f3.#f2)[KL],(a.#f.a2.a1)[LM],#f[LM],(D-1.a2.a1)[KL],(a.#f.g3.g2)[LM],#f[LM],(D-1.d3.d2)[KL],(a.#f.a2.a1)[LM],#f[LM],(D-1.#f3.#f2)[KL],(a.#f.a2.a1)[LM],#f[LM],(D-1.e3.e2)[KL],(a.#f.a2.a1)[LM],#f[LM],(#D-1.#d3.#d2)[KL],(b.#f.b2.b1)[LM],#f[LM],(#D-1.a2.a1)[KL],(b.#f.g2.g1)[LM],#f[LM],(#D-1.#f2.#f1)[KL],(b.#f.e2.e1)[LM],#f[LM],(#D-1.#d2.#d1)[KL],(b.#f.#c2.#c1)[LM],#f[LM],(#D-1.b1.b)[KL],(b.#f.#c2.#c1)[LM],#f[LM],(#D-1.#d2.#d1)[KL],(b.#f.e2.e1)[LM],#f[LM],(#D-1.#f2.#f1)[KL],(b.#f.a2.a1)[LM],#f[LM],(#D-1.g2.g1)[KL],(b.#f.#f2.#f1)[LM],#f[LM],(E-1.g2.g1)[KL],(b.g)[LM],g[LM],(E-1.g3.g2)[KL],(b.g)[LM],g[LM],E-1[KL],(b.g)[LM],g[LM],(E-1.#f3.#f2)[KL],(b.g)[LM],g[LM],(E-1.e3.e2)[KL],(b.g)[LM],g[LM],E-1[KL],(b.g)[LM],g[LM],E-1[KL],(b.g)[LM],g[LM],E-1[KL],(b.g)[LM],g[LM],(F-1.f3.f2)[KL],(b.#g)[LM],#g[LM],F-1[KL],(b.#g)[LM],#g[LM],(F-1.#c3.#c2)[KL],(b.#g)[LM],#g[LM],F-1[KL],(b.#g)[LM],#g[LM],F-1[KL],(b.#g)[LM],#g[LM],F-1[KL],(b.#g.b2.b1)[LM],#g[LM],F-1[KL],(b.#g.#c3.#c2)[LM],#g[LM],(F-1.b2.b1)[KL],(b.#g)[LM],#g[LM],(#F-1.#a2.#a1)[KL],(#c1.#a)[LM],#a[LM],#F-1[KL],(#c1.#a)[LM],#a[LM],#F-1[KL],(#c1.#a)[LM],#a[LM],(#F-1.#a2.#a1)[KL],(#c1.#a.b2.b1)[LM],#a[LM],(#F-1.#c3.#c2)[KL],(#c1.#a.b2.b1)[LM],#a[LM],(#F-1.#a2.#a1)[KL],(#c1.#a.g2.g1)[LM],#a[LM],(#F-1.g2.g1)[KL],(#c1.#a.#a2.#a1)[LM],#a[LM],(#F-1.b2.b1)[KL],(#c1.#a.#a2.#a1)[LM],#a[LM],(#F-1.#f2.#f1)[KL],(#c1.#a.g2.g1)[LM],#a[LM],(#F-1.#f2.#f1)[KL],(#c1.#a.e2.e1)[LM],#a[LM],(#F-1.#f2.#f1)[KL],(#c1.#a.g2.g1)[LM],#a[LM],(#F-1.#f2.#f1)[KL],(#c1.#a.e2.e1)[LM],#a[LM],(#F-1.#a1.#a)[KL],(#c1.#a)[LM],#a[LM],#F-1[KL],(#c1.#a)[LM],#a[LM],#F-1[KL],(#c1.#a)[LM],#a[LM],#F-1[KL],(#c1.#a)[LM],#a[LM],(B-2.d2.d1.b2.b1.#f1.b)[LM],B-2[LM],(#f.d.e2.e1)[LM],d[LM],(B-2.b2.b1)[LM],B-2[LM],(#f.d.d2.d1)[LM],d[LM],(B-2.e2.e1)[LM],B-2[LM],(#f.d.b2.b1)[LM],d[LM],(B-2.d2.d1.#f2.#f1.b.#f)[LM],B-2[LM],(#f.d.e2.e1)[LM],d[LM],(B-2.b2.b1.#f2.#f1.b.#f)[LM],B-2[LM],(#f.d.d2.d1)[LM],d[LM],(B-2.e2.e1)[LM],B-2[LM],(#f.d.b2.b1)[LM],d[LM],(B-2.d2.d1.b2.b1.#f1.b)[LM],B-2[LM],(#f.d.e2.e1)[LM],d[LM],(B-2.b2.b1)[LM],B-2[LM],(#f.d.b1.b)[LM],d[LM],(#C-1.e2.e1.#c3.#c2.a1.#c1)[KL],(a.e.#f2.#f1)[LM],e[LM],(#C-1.#c3.#c2)[KL],(a.e.e2.e1)[LM],e[LM],(#C-1.#f2.#f1)[KL],(a.e.#c3.#c2)[LM],e[LM],(#C-1.e2.e1.#f2.#f1.#c1.#f)[KL],(a.e.#f2.#f1)[LM],e[LM],(#C-1.#c3.#c2.#f2.#f1.#c1.#f)[KL],(a.e.e2.e1)[LM],e[LM],(#C-1.#f2.#f1)[KL],(a.e.#c3.#c2)[LM],e[LM],(#C-1.e2.e1.#c3.#c2.a1.#c1)[KL],(a.e.#f2.#f1)[LM],e[LM],(#C-1.#c3.#c2)[KL],(a.e.e2.e1)[LM],e[LM],(D-1.#f2.#f1.d3.d2.a1.d1)[KL],(a.#f.a2.a1)[LM],#f[LM],(D-1.d3.d2)[KL],(a.#f.#f2.#f1)[LM],#f[LM],(D-1.a2.a1)[KL],(a.#f.d3.d2)[LM],#f[LM],(D-1.#f2.#f1.a2.a1.d1.a)[KL],(a.#f.g2.g1)[LM],#f[LM],(D-1.d3.d2.a2.a1.d1.a)[KL],(a.#f.#f2.#f1)[LM],#f[LM],(D-1.g2.g1)[KL],(a.#f.d3.d2)[LM],#f[LM],(D-1.#f3.#f2.d3.d2.a1.d1)[KL],(a.#f.e3.e2)[LM],#f[LM],(D-1.d3.d2)[KL],(a.#f)[LM],#f[LM],(#D-1.#d3.#d2)[KL],(b.#f.c3.c2)[LM],#f[LM],(#D-1.b2.b1)[KL],(b.#f.a2.a1)[LM],#f[LM],(#D-1.b2.b1)[KL],(b.#f.c3.c2)[LM],#f[LM],(#D-1.b2.b1)[KL],(b.#f.a2.a1)[LM],#f[LM],(#D-1.b2.b1)[KL],(b.#f.c3.c2)[LM],#f[LM],(#D-1.b2.b1)[KL],(b.#f.a2.a1)[LM],#f[LM],(#D-1.g2.g1)[KL],(b.#f.a2.a1)[LM],#f[LM],(#D-1.g2.g1)[KL],(b.#f.#f2.#f1)[LM],#f[LM],(E-1.g2.g1)[KL],(b.g)[LM],g[LM],E-1[KL],(b.g)[LM],g[LM],E-1[KL],(b.g)[LM],g[LM],(E-1.#f2.#f1)[KL],(b.g)[LM],g[LM],(E-1.e2.e1)[KL],(b.g)[LM],g[LM],E-1[KL],(b.g)[LM],g[LM],E-1[KL],(b.g.#f2.#f1)[LM],g[LM],(E-1.g2.g1)[KL],(b.g.e2.e1)[LM],g[LM],(F-1.f2.f1)[KL],(b.#g)[LM],#g[LM],F-1[KL],(b.#g.f3.f2)[LM],#g[LM],F-1[KL],(b.#g)[LM],#g[LM],(F-1.d3.d2)[KL],(b.#g)[LM],#g[LM],(F-1.#c3.#c2)[KL],(b.#g)[LM],#g[LM],F-1[KL],(b.#g.b2.b1)[LM],#g[LM],F-1[KL],(b.#g)[LM],#g[LM],F-1[KL],(b.#g)[LM],#g[LM],(#F-1.#a2.#a1)[KL],(#c1.#a)[LM],#a[LM],#F-1[KL],(#c1.#a)[LM],#a[LM],#F-1[KL],(#c1.#a)[LM],#a[LM],(#F-1.#a2.#a1)[KL],(#c1.#a.b2.b1)[LM],#a[LM],(#F-1.#c3.#c2)[KL],(#c1.#a.b2.b1)[LM],#a[LM],(#F-1.#a2.#a1)[KL],(#c1.#a.g2.g1)[LM],#a[LM],(#F-1.#f2.#f1)[KL],(#c1.#a.g2.g1)[LM],#a[LM],(#F-1.#f2.#f1)[KL],(#c1.#a.g2.g1)[LM],#a[LM],(#F-1.#f2.#c2.#f1)[KL],(#c1.#a)[LM],(#a.g1)[L],a1[M],#F-1[M],b1[L],c2[L],d2[M],(#c1.#a)[M],e2[MN],f2[N],#a[MN],g2[MN],#F-1[N],a2[L],b2[L],c3[MN],(#c1.#a)[N],d3[L],e3[N],#a[M],f3[L],(#F-1.g3)[L],a3[L],b3[L],(#c1.#a.c4)[L],d4[M],#a[M],e4[L],(#F-1.#F-2.#f4.#c4.#f3)[IL],(#F-1.#F-2)[LM],(#F-1.#F-2)[LM],(#F-1.#F-2)[JK],(#F-1.#F-2)[JK],(G-2.b2.b1.g1.d1.b)[MN],G-2[MN],G-1[MN],G-1[MN],G-2[MN],G-2[MN],G-1[MN],G-1[MN],G-2[MN],G-2[MN],G-1[MN],G-1[MN],G-2[MN],G-2[MN],G-1[MN],G-1[MN],(G-2.#f3.#f2.d2.b1.#f1)[MN],G-2[MN],G-1[MN],G-1[MN],G-2[MN],G-2[MN],G-1[MN],G-1[MN],G-2[MN],G-2[MN],G-1[MN],G-1[MN],G-2[MN],G-2[MN],G-1[MN],G-1[MN],(A-2.#c3.#c2.a1.e1.#c1)[MN],A-2[MN],A-1[MN],A-1[MN],A-2[MN],A-2[MN],A-1[MN],A-1[MN],A-2[MN],A-2[MN],A-1[MN],A-1[MN],A-2[MN],A-2[MN],A-1[MN],A-1[MN],(A-2.#f3.#f2.#c2.a1.#f1)[MN],A-2[MN],A-1[MN],A-1[MN],A-2[MN],A-2[MN],A-1[MN],A-1[MN],A-2[MN],A-2[MN],A-1[MN],A-1[MN],A-2[MN],A-2[MN],A-1[MN],A-1[MN],(B-2.d3.d2.b1.#f1.d1)[MN],B-2[MN],B-1[MN],B-1[MN],B-2[MN],B-2[MN],B-1[MN],B-1[MN],B-2[MN],B-2[MN],B-1[MN],B-1[MN],B-2[MN],B-2[MN],B-1[MN],B-1[MN],(B-2.e3.e2.b1.#f1.e1)[MN],B-2[MN],B-1[MN],B-1[MN],B-2[MN],B-2[MN],B-1[MN],B-1[MN],(B-2.#f3.#f2.d2.b1.#f1)[MN],B-2[MN],B-1[MN],B-1[MN],B-2[MN],B-2[MN],B-1[MN],B-1[MN],(#G-2.e3.e2.b1.#g1.e1)[MN],#G-2[MN],#G-1[MN],#G-1[MN],#G-2[MN],#G-2[MN],#G-1[MN],#G-1[MN],#G-2[MN],#G-2[MN],#G-1[MN],#G-1[MN],#G-2[MN],#G-2[MN],#G-1[MN],#G-1[MN],(#G-2.a3.a2.e2.b1.a1)[MN],#G-2[MN],#G-1[MN],#G-1[MN],#G-2[MN],#G-2[MN],#G-1[MN],#G-1[MN],#G-2[MN],#G-2[MN],#G-1[MN],#G-1[MN],#G-2[MN],#G-2[MN],#G-1[MN],#G-1[MN],(G-2.b3.b2.g2.d2.b1)[MN],G-2[MN],G-1[MN],G-1[MN],G-2[MN],G-2[MN],G-1[MN],G-1[MN],G-2[MN],G-2[MN],G-1[MN],G-1[MN],G-2[MN],G-2[MN],G-1[MN],G-1[MN],(G-2.#c4.#c3.b2.g2.#c2)[MN],G-2[MN],G-1[MN],G-1[MN],G-2[MN],G-2[MN],G-1[MN],G-1[MN],(G-2.d4.d3.b2.g2.d2)[MN],G-2[MN],G-1[MN],G-1[MN],G-2[MN],G-2[MN],G-1[MN],G-1[MN],(A-2.#c4.#c3.a2.e2.#c2)[MN],A-2[MN],A-1[MN],A-1[MN],A-2[MN],A-2[MN],A-1[MN],A-1[MN],A-2[MN],A-2[MN],A-1[MN],A-1[MN],A-2[MN],A-2[MN],A-1[MN],A-1[MN],A-2[MN],A-2[MN],A-1[MN],A-1[MN],A-2[MN],A-2[MN],A-1[MN],A-1[MN],(A-2.a3.a2.e2.#c2.a1)[MN],A-2[MN],A-1[MN],A-1[MN],A-2[MN],A-2[MN],A-1[MN],A-1[MN],(B-2.#f3.#f2.d2.b1.#f1)[MN],B-2[MN],B-1[MN],B-1[MN],B-2[MN],B-2[MN],B-1[MN],B-1[MN],(B-2.a3.a2.e2.b1.a1)[MN],B-2[MN],B-1[MN],B-1[MN],B-2[MN],B-2[MN],B-1[MN],B-1[MN],(B-2.e3.e2.b1.#f1.e1)[MN],B-2[MN],B-1[MN],B-1[MN],B-2[MN],B-2[MN],B-1[MN],B-1[MN],(B-2.#f3.#f2.d2.b1.#f1)[MN],B-2[MN],B-1[MN],B-1[MN],B-2[MN],B-2[MN],B-1[MN],B-1[MN],(#F-2.d3.d2.b1.#f1.d1)[MN],#F-2[MN],#F-1[MN],#F-1[MN],#F-2[MN],#F-2[MN],#F-1[MN],#F-1[MN],#F-2[MN],#F-2[MN],#F-1[MN],#F-1[MN],#F-2[MN],#F-2[MN],#F-1[MN],#F-1[MN],#F-2[MN],#F-2[MN],#F-1[MN],#F-1[MN],#F-2[MN],#F-2[MN],#F-1[MN],#F-1[MN],#F-2[MN],#F-2[MN],#F-1[MN],#F-1[MN],#F-2[MN],#F-2[MN],#F-1[MN],#F-1[MN],(G-2.b2.b1.g1.d1.b)[MN],G-2[MN],G-1[MN],G-1[MN],G-2[MN],G-2[MN],G-1[MN],G-1[MN],G-2[MN],G-2[MN],G-1[MN],G-1[MN],G-2[MN],G-2[MN],G-1[MN],G-1[MN],(G-2.#f3.#f2.d2.b1.#f1)[MN],G-2[MN],G-1[MN],G-1[MN],G-2[MN],G-2[MN],G-1[MN],G-1[MN],G-2[MN],G-2[MN],G-1[MN],G-1[MN],G-2[MN],G-2[MN],G-1[MN],G-1[MN],(A-2.#c3.#c2.a1.e1.#c1)[MN],A-2[MN],A-1[MN],A-1[MN],A-2[MN],A-2[MN],A-1[MN],A-1[MN],A-2[MN],A-2[MN],A-1[MN],A-1[MN],A-2[MN],A-2[MN],A-1[MN],A-1[MN],(A-2.#f3.#f2.#c2.a1.#f1)[MN],A-2[MN],A-1[MN],A-1[MN],A-2[MN],A-2[MN],A-1[MN],A-1[MN],(A-2.#f3.#f2.#c2.a1.#f1)[MN],A-2[MN],A-1[MN],A-1[MN],A-2[MN],A-2[MN],A-1[MN],A-1[MN],(B-2.d3.d2.b1.#f1.d1)[MN],B-2[MN],B-1[MN],B-1[MN],B-2[MN],B-2[MN],B-1[MN],B-1[MN],B-2[MN],B-2[MN],B-1[MN],B-1[MN],B-2[MN],B-2[MN],B-1[MN],B-1[MN],(B-2.e3.e2.b1.#f1.e1)[MN],B-2[MN],B-1[MN],B-1[MN],B-2[MN],B-2[MN],B-1[MN],B-1[MN],(B-2.#f3.#f2.d2.b1.#f1)[MN],B-2[MN],B-1[MN],B-1[MN],B-2[MN],B-2[MN],B-1[MN],B-1[MN],(#G-2.e3.e2.b1.#g1.e1)[MN],#G-2[MN],#G-1[MN],#G-1[MN],#G-2[MN],#G-2[MN],#G-1[MN],#G-1[MN],#G-2[MN],#G-2[MN],#G-1[MN],#G-1[MN],#G-2[MN],#G-2[MN],#G-1[MN],#G-1[MN],(#G-2.a3.a2.e2.b1.a1)[MN],#G-2[MN],#G-1[MN],#G-1[MN],#G-2[MN],#G-2[MN],#G-1[MN],#G-1[MN],#G-2[MN],#G-2[MN],#G-1[MN],#G-1[MN],#G-2[MN],#G-2[MN],#G-1[MN],#G-1[MN],(G-2.b3.b2.g2.d2.b1)[MN],G-2[MN],G-1[MN],G-1[MN],G-2[MN],G-2[MN],G-1[MN],G-1[MN],G-2[MN],G-2[MN],G-1[MN],G-1[MN],G-2[MN],G-2[MN],G-1[MN],G-1[MN],(G-2.#c4.#c3.b2.g2.#c2)[MN],G-2[MN],G-1[MN],G-1[MN],G-2[MN],G-2[MN],G-1[MN],G-1[MN],(G-2.d4.d3.b2.g2.d2)[MN],G-2[MN],G-1[MN],G-1[MN],G-2[MN],G-2[MN],G-1[MN],G-1[MN],(#C-2.#c4.#c3.#g2.e2.#c2)[MN],#C-2[MN],#C-1[MN],#C-1[MN],#C-2[MN],#C-2[MN],#C-1[MN],#C-1[MN],#C-2[MN],#C-2[MN],#C-1[MN],#C-1[MN],#C-2[MN],#C-2[MN],#C-1[MN],#C-1[MN],(#C-2.#g3.#g2.e2.b1.#g1)[MN],#C-2[MN],#C-1[MN],#C-1[MN],#C-2[MN],#C-2[MN],#C-1[MN],#C-1[MN],(#C-2.b3.b2.#g2.e2.b1)[MN],#C-2[MN],#C-1[MN],#C-1[MN],#C-2[MN],#C-2[MN],#C-1[MN],#C-1[MN],(#F-2.#a3.#a2.#f2.#c2.#a1)[MN],#F-2[MN],#F-1[MN],#F-1[MN],#F-2[MN],#F-2[MN],#F-1[MN],#F-1[MN],#F-2[MN],#F-2[MN],#F-1[MN],#F-1[MN],#F-2[MN],#F-2[MN],#F-1[MN],#F-1[MN],#F-2[MN],#F-2[MN],#F-1[MN],#F-1[MN],#F-2[MN],#F-2[MN],#F-1[MN],#F-1[MN],#F-2[MN],#F-2[MN],#F-1[MN],#F-1[MN],#F-2[MN],#F-2[MN],#F-1[MN],#F-1[MN],#F-2[MN],#F-2[MN],#F-1[MN],#F-1[MN],#F-2[MN],#F-2[MN],#F-1[MN],#F-1[MN],#F-2[MN],#F-2[MN],#F-1[MN],#F-1[MN],#F-2[MN],#F-2[MN],#F-1[MN],#F-1[MN],#F-2[MN],#F-2[MN],#F-1[MN],#F-1[MN],#F-2[MN],#F-2[MN],#F-1[MN],#F-1[MN],#F-2[MN],#F-2[MN],#F-1[MN],#F-1[MN],#F-2[MN],#F-2[MN],#F-1[MN],#F-1[MN],(B-2.b1.#f1.d1.b)[MN],B-2[MN],B-1[MN],B-1[MN],B-2[MN],B-2[MN],B-1[MN],B-1[MN],B-2[MN],B-2[MN],B-1[MN],B-1[MN],B-2[MN],B-2[MN],B-1[MN],B-1[MN],(B-2.b2.#f2.d2.b1)[MN],B-2[MN],B-1[MN],B-1[MN],B-2[MN],B-2[MN],B-1[MN],B-1[MN],B-2[MN],B-2[MN],B-1[MN],B-1[MN],B-2[MN],B-2[MN],B-1[MN],B-1[MN],(B-2.#a2.#f2.#c2.#a1)[MN],B-2[MN],B-1[MN],B-1[MN],B-2[MN],B-2[MN],B-1[MN],B-1[MN],(B-2.g2.#c2.g1)[MN],B-2[MN],B-1[MN],B-1[MN],B-2[MN],B-2[MN],B-1[MN],B-1[MN],(B-2.#f2.#c2.#f1)[MN],B-2[MN],B-1[MN],B-1[MN],B-2[MN],B-2[MN],B-1[MN],B-1[MN],(B-2.e2.#c2.e1)[MN],B-2[MN],B-1[MN],B-1[MN],B-2[MN],B-2[MN],B-1[MN],B-1[MN],(B-2.b1.#f1.d1.b)[MN],B-2[MN],B-1[MN],B-1[MN],B-2[MN],B-2[MN],B-1[MN],B-1[MN],B-2[MN],B-2[MN],B-1[MN],B-1[MN],B-2[MN],B-2[MN],B-1[MN],B-1[MN],(B-2.b2.#f2.d2.b1)[MN],B-2[MN],B-1[MN],B-1[MN],B-2[MN],B-2[MN],B-1[MN],B-1[MN],B-2[MN],B-2[MN],B-1[MN],B-1[MN],B-2[MN],B-2[MN],B-1[MN],B-1[MN],(B-2.#a2.#f2.#c2.#a1)[MN],B-2[MN],B-1[MN],B-1[MN],B-2[MN],B-2[MN],B-1[MN],B-1[MN],(B-2.#c3.#a2.#f2.#c2)[MN],B-2[MN],B-1[MN],B-1[MN],B-2[MN],B-2[MN],B-1[MN],B-1[MN],B-2[MN],B-2[MN],B-1[MN],B-1[MN],B-2[MN],B-2[MN],B-1[MN],B-1[MN],B-2[MN],B-2[MN],B-1[MN],B-1[MN],B-2[MN],B-2[MN],B-1[MN],B-1[MN],(B-2.b1.#f1.d1.b)[MN],B-2[MN],B-1[MN],B-1[MN],B-2[MN],B-2[MN],B-1[MN],B-1[MN],B-2[MN],B-2[MN],B-1[MN],B-1[MN],B-2[MN],B-2[MN],B-1[MN],B-1[MN],(B-2.b2.#f2.d2.b1)[MN],B-2[MN],B-1[MN],B-1[MN],B-2[MN],B-2[MN],B-1[MN],B-1[MN],B-2[MN],B-2[MN],B-1[MN],B-1[MN],B-2[MN],B-2[MN],B-1[MN],B-1[MN],(B-2.#a2.#f2.#c2.#a1)[MN],B-2[MN],B-1[MN],B-1[MN],B-2[MN],B-2[MN],B-1[MN],B-1[MN],(B-2.g2.#c2.g1)[MN],B-2[MN],B-1[MN],B-1[MN],B-2[MN],B-2[MN],B-1[MN],B-1[MN],(B-2.#f2.#c2.#f1)[MN],B-2[MN],B-1[MN],B-1[MN],B-2[MN],B-2[MN],B-1[MN],B-1[MN],(B-2.e2.#c2.e1)[MN],B-2[MN],B-1[MN],B-1[MN],B-2[MN],B-2[MN],B-1[MN],B-1[MN],(B-2.b1.#f1.d1.b)[MN],B-2[MN],B-1[MN],B-1[MN],B-2[MN],B-2[MN],B-1[MN],B-1[MN],B-2[MN],B-2[MN],B-1[MN],B-1[MN],B-2[MN],B-2[MN],B-1[MN],B-1[MN],(B-2.b2.#f2.d2.b1)[MN],B-2[MN],B-1[MN],B-1[MN],B-2[MN],B-2[MN],B-1[MN],B-1[MN],B-2[MN],B-2[MN],B-1[MN],B-1[MN],B-2[MN],B-2[MN],B-1[MN],B-1[MN],(#F-2.#a2.#f2.#c2.#a1)[MN],#F-2[MN],#F-1[MN],#F-1[MN],#F-2[MN],#F-2[MN],#F-1[MN],#F-1[MN],(#F-2.#c3.#a2.#f2.#c2)[MN],#F-2[MN],#F-1[MN],#F-1[MN],#F-2[MN],#F-2[MN],#F-1[MN],#F-1[MN],#F-2[MN],#F-2[MN],#F-1[MN],#F-1[MN],#F-2[MN],#F-2[MN],#F-1[MN],#F-1[MN],#F-2[MN],#F-2[MN],#F-1[MN],#F-1[MN],#F-2[MN],#F-2[MN],#F-1[MN],#F-1[MN],(G-2.b1.g1.d1.b)[MN],G-2[MN],G-1[MN],G-1[MN],G-2[MN],G-2[MN],G-1[MN],G-1[MN],G-2[MN],G-2[MN],G-1[MN],G-1[MN],G-2[MN],G-2[MN],G-1[MN],G-1[MN],(G-2.b2.g2.d2.b1)[MN],G-2[MN],G-1[MN],G-1[MN],G-2[MN],G-2[MN],G-1[MN],G-1[MN],G-2[MN],G-2[MN],G-1[MN],G-1[MN],G-2[MN],G-2[MN],G-1[MN],G-1[MN],(#F-2.#a2.#f2.#c2.#a1)[MN],#F-2[MN],#F-1[MN],#F-1[MN],#F-2[MN],#F-2[MN],#F-1[MN],#F-1[MN],(#F-2.g2.#c2.g1)[MN],#F-2[MN],#F-1[MN],#F-1[MN],#F-2[MN],#F-2[MN],#F-1[MN],#F-1[MN],(#F-2.#f2.#c2.#f1)[MN],#F-2[MN],#F-1[MN],#F-1[MN],#F-2[MN],#F-2[MN],#F-1[MN],#F-1[MN],(#F-2.e2.#c2.e1)[MN],#F-2[MN],#F-1[MN],#F-1[MN],#F-2[MN],#F-2[MN],#F-1[MN],#F-1[MN],(G-2.b1.g1.d1.b)[MN],G-2[MN],G-1[MN],G-1[MN],G-2[MN],G-2[MN],G-1[MN],G-1[MN],G-2[MN],G-2[MN],G-1[MN],G-1[MN],G-2[MN],G-2[MN],G-1[MN],G-1[MN],(G-2.b2.g2.d2.b1)[MN],G-2[MN],G-1[MN],G-1[MN],G-2[MN],G-2[MN],G-1[MN],G-1[MN],G-2[MN],G-2[MN],G-1[MN],G-1[MN],G-2[MN],G-2[MN],G-1[MN],G-1[MN],(#F-2.#a2.#f2.#c2.#a1)[MN],#F-2[MN],#F-1[MN],#F-1[MN],#F-2[MN],#F-2[MN],#F-1[MN],#F-1[MN],(#F-2.#c3.#a2.#f2.#c2)[MN],#F-2[MN],#F-1[MN],#F-1[MN],#F-2[MN],#F-2[MN],#F-1[MN],#F-1[MN],#F-2[MN],#F-2[MN],#F-1[MN],#F-1[MN],#F-2[MN],#F-2[MN],#F-1[MN],#F-1[MN],(#F-2.#c3.#a2.#f2.#c2)[MN],#F-2[MN],#F-1[MN],#F-1[MN],(#F-2.d3.#f2.d2)[MN],#F-2[MN],#F-1[MN],#F-1[MN],(E-2.e3.b2.g2.e2)[MN],E-2[MN],E-1[MN],E-1[MN],E-2[MN],E-2[MN],E-1[MN],E-1[MN],(E-2.d3.b2.d2)[MN],E-2[MN],E-1[MN],E-1[MN],E-2[MN],E-2[MN],E-1[MN],E-1[MN],(E-2.d3.b2.d2)[MN],E-2[MN],E-1[MN],E-1[MN],E-2[MN],E-2[MN],E-1[MN],E-1[MN],(E-2.#c3.b2.#c2)[MN],E-2[MN],E-1[MN],E-1[MN],E-2[MN],E-2[MN],E-1[MN],E-1[MN],(D-2.#c3.#a2.#f2.#c2)[MN],D-2[MN],D-1[MN],D-1[MN],D-2[MN],D-2[MN],D-1[MN],D-1[MN],(D-2.b2.#f2.b1)[MN],D-2[MN],D-1[MN],D-1[MN],D-2[MN],D-2[MN],D-1[MN],D-1[MN],(D-2.b2.#f2.b1)[MN],D-2[MN],D-1[MN],D-1[MN],D-2[MN],D-2[MN],D-1[MN],D-1[MN],(D-2.a2.#f2.a1)[MN],D-2[MN],D-1[MN],D-1[MN],D-2[MN],D-2[MN],D-1[MN],D-1[MN],(#C-2.g2.e2.b1.g1)[MN],#C-2[MN],#C-1[MN],#C-1[MN],#C-2[MN],#C-2[MN],#C-1[MN],#C-1[MN],(#C-2.#f2.b1.#f1)[MN],#C-2[MN],#C-1[MN],#C-1[MN],#C-2[MN],#C-2[MN],#C-1[MN],#C-1[MN],(#C-2.#f2.b1.#f1)[MN],#C-2[MN],#C-1[MN],#C-1[MN],#C-2[MN],#C-2[MN],#C-1[MN],#C-1[MN],(#C-2.f2.b1.f1)[MN],#C-2[MN],#C-1[MN],#C-1[MN],#C-2[MN],#C-2[MN],#C-1[MN],#C-1[MN],(#F-2.#f2.#c2.#a1.#f1)[MN],#F-2[MN],#F-1[MN],#F-1[MN],#F-2[MN],#F-2[MN],#F-1[MN],#F-1[MN],#F-2[MN],#F-2[MN],#F-1[MN],#F-1[MN],#F-2[MN],#F-2[MN],#F-1[MN],#F-1[MN],(#F-2.#a2.#f2.#c2.#a1)[MN],#F-2[MN],#F-1[MN],#F-1[MN],#F-2[MN],#F-2[MN],#F-1[MN],#F-1[MN],#F-2[MN],#F-2[MN],#F-1[MN],#F-1[MN],#F-2[MN],#F-2[MN],#F-1[MN],#F-1[MN],(B-2.#f2.b1.#f1.b3.#f3.b2)[MN],B-2[MN],B-1[MN],B-1[MN],B-2[MN],B-2[MN],B-1[MN],B-1[MN],B-2[MN],B-2[MN],B-1[MN],B-1[MN],B-2[MN],B-2[MN],B-1[MN],B-1[MN],(B-2.d2.#f1.d1)[MN],B-2[MN],B-1[MN],B-1[MN],B-2[MN],B-2[MN],B-1[MN],B-1[MN],B-2[MN],B-2[MN],B-1[MN],B-1[MN],B-2[MN],B-2[MN],B-1[MN],B-1[MN],(#A-2.f2.#a1.f1.#a3.f3.#a2)[MN],#A-2[MN],#A-1[MN],#A-1[MN],#A-2[MN],#A-2[MN],#A-1[MN],#A-1[MN],#A-2[MN],#A-2[MN],#A-1[MN],#A-1[MN],#A-2[MN],#A-2[MN],#A-1[MN],#A-1[MN],(#A-2.#c2.#a1.#c1)[MN],#A-2[MN],#A-1[MN],#A-1[MN],#A-2[MN],#A-2[MN],#A-1[MN],#A-1[MN],(#A-2.#c2.#a1.#c1)[MN],#A-2[MN],#A-1[MN],#A-1[MN],#A-2[MN],#A-2[MN],#A-1[MN],#A-1[MN],(#C-1.#g2.e2.#g1.#c4.#g3.#c3)[MN],#C-1[MN],#c[MN],#c[MN],#C-1[MN],#C-1[MN],#c[MN],#c[MN],#C-1[MN],#C-1[MN],#c[MN],#c[MN],#C-1[MN],#C-1[MN],#c[MN],#c[MN],(#C-1.f2.#c2.f1)[MN],#C-1[MN],#c[MN],#c[MN],#C-1[MN],#C-1[MN],#c[MN],#c[MN],#C-1[MN],#C-1[MN],#c[MN],#c[MN],#C-1[MN],#C-1[MN],#c[MN],#c[MN],(C-1.e2.c2.e1.c4.g3.c3)[MN],C-1[MN],c[MN],c[MN],C-1[MN],C-1[MN],c[MN],c[MN],C-1[MN],C-1[MN],c[MN],c[MN],C-1[MN],C-1[MN],c[MN],c[MN],(C-1.g2.c2.g1)[MN],C-1[MN],c[MN],c[MN],C-1[MN],C-1[MN],c[MN],c[MN],C-1[MN],C-1[MN],c[MN],c[MN],C-1[MN],C-1[MN],c[MN],c[MN],(B-2.#f2.b1.#f1.b3.#f3.b2)[MN],B-2[MN],B-1[MN],B-1[MN],B-2[MN],B-2[MN],B-1[MN],B-1[MN],B-2[MN],B-2[MN],B-1[MN],B-1[MN],B-2[MN],B-2[MN],B-1[MN],B-1[MN],(B-2.d2.#f1.d1)[MN],B-2[MN],B-1[MN],B-1[MN],B-2[MN],B-2[MN],B-1[MN],B-1[MN],B-2[MN],B-2[MN],B-1[MN],B-1[MN],B-2[MN],B-2[MN],B-1[MN],B-1[MN],(#A-2.f2.#a1.f1.#a3.f3.#a2)[MN],#A-2[MN],#A-1[MN],#A-1[MN],#A-2[MN],#A-2[MN],#A-1[MN],#A-1[MN],#A-2[MN],#A-2[MN],#A-1[MN],#A-1[MN],#A-2[MN],#A-2[MN],#A-1[MN],#A-1[MN],(#A-2.#c2.#a1.#c1)[MN],#A-2[MN],#A-1[MN],#A-1[MN],#A-2[MN],#A-2[MN],#A-1[MN],#A-1[MN],#A-2[MN],#A-2[MN],#A-1[MN],#A-1[MN],#A-2[MN],#A-2[MN],#A-1[MN],#A-1[MN],(#C-1.#g2.e2.#g1.#c4.#g3.#c3)[MN],#C-1[MN],#c[MN],#c[MN],#C-1[MN],#C-1[MN],#c[MN],#c[MN],#C-1[MN],#C-1[MN],#c[MN],#c[MN],#C-1[MN],#C-1[MN],#c[MN],#c[MN],(#C-1.f2.#c2.f1)[MN],#C-1[MN],#c[MN],#c[MN],#C-1[MN],#C-1[MN],#c[MN],#c[MN],#C-1[MN],#C-1[MN],#c[MN],#c[MN],#C-1[MN],#C-1[MN],#c[MN],#c[MN],(C-1.e2.c2.e1.c4.g3.c3)[MN],C-1[MN],c[MN],c[MN],C-1[MN],C-1[MN],c[MN],c[MN],C-1[MN],C-1[MN],c[MN],c[MN],C-1[MN],C-1[MN],c[MN],c[MN],C-1[MN],C-1[MN],c[MN],c[MN],C-1[MN],C-1[MN],c[MN],c[MN],C-1[MN],C-1[MN],c[MN],c[MN],C-1[MN],C-1[MN],c[MN],c[MN],(B-2.#f2.b1.#f1.#f4.b3.#f3.b2)[MN],B-2[MN],B-1[MN],B-1[MN],B-2[MN],B-2[MN],B-1[MN],B-1[MN],B-2[MN],B-2[MN],B-1[MN],B-1[MN],B-2[MN],B-2[MN],B-1[MN],B-1[MN],(B-2.d2.#f1.d1)[MN],B-2[MN],B-1[MN],B-1[MN],B-2[MN],B-2[MN],B-1[MN],B-1[MN],B-2[MN],B-2[MN],B-1[MN],B-1[MN],B-2[MN],B-2[MN],B-1[MN],B-1[MN],(#A-2.f2.#a1.f1.f4.#a3.f3.#a2)[MN],#A-2[MN],#A-1[MN],#A-1[MN],#A-2[MN],#A-2[MN],#A-1[MN],#A-1[MN],#A-2[MN],#A-2[MN],#A-1[MN],#A-1[MN],#A-2[MN],#A-2[MN],#A-1[MN],#A-1[MN],(#A-2.#c2.#a1.#c1)[MN],#A-2[MN],#A-1[MN],#A-1[MN],#A-2[MN],#A-2[MN],#A-1[MN],#A-1[MN],#A-2[MN],#A-2[MN],#A-1[MN],#A-1[MN],#A-2[MN],#A-2[MN],#A-1[MN],#A-1[MN],(#C-1.#g2.e2.#g1.#g4.#c4.#g3.#c3)[MN],#C-1[MN],#c[MN],#c[MN],#C-1[MN],#C-1[MN],#c[MN],#c[MN],#C-1[MN],#C-1[MN],#c[MN],#c[MN],#C-1[MN],#C-1[MN],#c[MN],#c[MN],(#C-1.f2.#c2.f1)[MN],#C-1[MN],#c[MN],#c[MN],#C-1[MN],#C-1[MN],#c[MN],#c[MN],#C-1[MN],#C-1[MN],#c[MN],#c[MN],#C-1[MN],#C-1[MN],#c[MN],#c[MN],(C-1.e2.c2.e1.g4.c4.g3.c3)[MN],C-1[MN],c[MN],c[MN],C-1[MN],C-1[MN],c[MN],c[MN],C-1[MN],C-1[MN],c[MN],c[MN],C-1[MN],C-1[MN],c[MN],c[MN],(C-1.g2.c2.g1)[MN],C-1[MN],c[MN],c[MN],C-1[MN],C-1[MN],c[MN],c[MN],C-1[MN],C-1[MN],c[MN],c[MN],C-1[MN],C-1[MN],c[MN],c[MN],(B-2.#f2.b1.#f1.#f4.b3.#f3.b2)[MN],B-2[MN],B-1[MN],B-1[MN],B-2[MN],B-2[MN],B-1[MN],B-1[MN],B-2[MN],B-2[MN],B-1[MN],B-1[MN],B-2[MN],B-2[MN],B-1[MN],B-1[MN],(B-2.d2.#f1.d1)[MN],B-2[MN],B-1[MN],B-1[MN],B-2[MN],B-2[MN],B-1[MN],B-1[MN],B-2[MN],B-2[MN],B-1[MN],B-1[MN],B-2[MN],B-2[MN],B-1[MN],B-1[MN],(#A-2.f2.#a1.f1.f4.#a3.f3.#a2)[MN],#A-2[MN],#A-1[MN],#A-1[MN],#A-2[MN],#A-2[MN],#A-1[MN],#A-1[MN],#A-2[MN],#A-2[MN],#A-1[MN],#A-1[MN],#A-2[MN],#A-2[MN],#A-1[MN],#A-1[MN],(#A-2.#c2.#a1.#c1)[MN],#A-2[MN],#A-1[MN],#A-1[MN],#A-2[MN],#A-2[MN],#A-1[MN],#A-1[MN],#A-2[MN],#A-2[MN],#A-1[MN],#A-1[MN],#A-2[MN],#A-2[MN],#A-1[MN],#A-1[MN],(#C-1.#g2.e2.#g1.#g4.#c4.#g3.#c3)[MN],#C-1[MN],#c[MN],#c[MN],#C-1[MN],#C-1[MN],#c[MN],#c[MN],#C-1[MN],#C-1[MN],#c[MN],#c[MN],#C-1[MN],#C-1[MN],#c[MN],#c[MN],(#C-1.f2.#c2.f1)[MN],#C-1[MN],#c[MN],#c[MN],#C-1[MN],#C-1[MN],#c[MN],#c[MN],#C-1[MN],#C-1[MN],#c[MN],#c[MN],#C-1[MN],#C-1[MN],#c[MN],#c[MN],(C-1.e2.c2.e1.g4.c4.g3.c3)[MN],C-1[MN],c[MN],c[MN],C-1[MN],C-1[MN],c[MN],c[MN],C-1[MN],C-1[MN],c[MN],c[MN],C-1[MN],C-1[MN],c[MN],c[MN],C-1[MN],C-1[MN],c[MN],c[MN],C-1[MN],C-1[MN],c[MN],c[MN],C-1[MN],C-1[MN],c[MN],c[MN],C-1[MN],C-1[MN],c[MN],c[MN],(b1.#f1.#f3.b2)[IJ],d3[IJ],(#a1.f1.f3.#a2)[IJ],#c3[JK],#c3[JK],(#c2.#g1.#g3.#c3)[IJ],f3[IJ],(c2.g1.e3.c3)[IJ],g3[IJ],(b1.#f1.#f3.b2)[IJ],d3[IJ],(#a1.f1.f3.#a2)[IJ],#c3[IJ],(#c2.#g1.#g3.#c3)[IJ],f3[IJ],(c2.g1.e3.c3)[HI],(b1.#f3)[IJ],d3[IJ],(#a1.f3)[IJ],#c3[IJ],(#c2.#g3)[IJ],f3[IJ],(c2.e3)[IJ],g3[IJ],(b1.#f3)[IJ],d3[IJ],(#a1.f3)[IJ],#c3[IJ],(#c2.#g3)[IJ],f3[IJ],(c2.e3)[HHH],RS,"],"id":3,"instruments":["piano","piano"],"alternatives":["",""]}],"audition":{"start":[0,0],"end":[2,2160]}}