{"baseBpm":92,"musics":[{"bpm":92,"baseBeats":0.25,"scores":["5<d1[O],#c1[NO]>,5<#f1[O],f1[NO]>,5<a1[O],#g1[NO]>,5<a1[O],#g1[NO]>,5<#c2[O],b1[NO]>,5<d2[O],#c2[NO]>,5<d2[O],#c2[NO]>,5<#f2[O],f2[NO]>,5<a2[O],#g2[NO]>,5<a2[O],#g2[NO]>,5<#c3[O],b2[NO]>,5<d3[O],#c3[NO]>,5<#g2[O],b2[NO]>,5<#c3[O],b2[NO]>,5<d3[O],#c3[NO]>,5<f2[O],#g2[NO]>,5<#c3[O],b2[NO]>,5<d3[O],#c3[NO]>,5<#g2[O],b2[NO]>,5<#c3[O],b2[NO]>,5<d3[O],#c3[NO]>,5<f2[O],#g2[NO]>,5<#c2[N],W>,5<(#f2.a2)[O],#c3[NO]>,5<(#f2.#c2)[O],a2[NO]>,5<(a1.#c2)[O],#f2[NO]>,5<(a1.d2)[O],#f2[NO]>,5<#f1[O],a1[NO]>,5<(d1.#f1)[O],b1[NO]>,5<(#f1.a1)[O],#c2[NO]>,5<#f1[O],a1[NO]>,5<#c1[O],#f1[NO]>,5<a[O],#c1[NO]>,5<#f[O],a[NO]>,5<#c1[O],#f1[NO]>,5<(f1.#c1)[O],#g1[NO]>,5<#c[O],#c1[NO]>,5<(#c1.f1)[O],#g1[NO]>,5<(#c1.#f1)[O],a1[NO]>,5<#f[O],#c1[NO]>,5<(#c1.#f1)[O],a1[NO]>,5<#d1[O],#f1[NO]>,5<a[O],c1[NO]>,5<#d1[O],#f1[NO]>,5<#c1[O],f1[NO]>,5<#g1[O],#c2[NO]>,5<f2[O],#g2[NO]>,5<(#f2.a2)[O],#c3[NO]>,5<(#c2.#f2)[O],a2[NO]>,5<(#c2.a1)[O],#f2[NO]>,5<(a1.d2)[O],#f2[NO]>,5<#f1[O],a1[NO]>,5<(#f1.d1)[O],b1[NO]>,5<(#f1.a1)[O],#c2[NO]>,5<#f1[O],a1[NO]>,5<#c1[O],#f1[NO]>,5<a[O],#c1[NO]>,5<#f[O],a[NO]>,5<#c1[O],#f1[NO]>,5<(f1.#c1)[O],#g1[NO]>,5<#c[O],#c1[NO]>,5<(f1.#c1)[O],#g1[NO]>,5<(#f1.#c1)[O],a1[NO]>,5<#f[O],#c1[NO]>,5<(#c1.#f1)[O],a1[NO]>,5<#d1[O],#f1[NO]>,5<a[O],c1[NO]>,5<#d1[O],#f1[NO]>,5<#c1[O],f1[NO]>,5<#g1[O],#c2[NO]>,5<f2[O],#g2[NO]>,5<a2[O],f2[NO]>,5<a1[O],#c2[NO]>,5<a1[O],f1[NO]>,5<f1[O],#c1[NO]>,5<a1[O],#c2[NO]>,5<e2[O],a2[NO]>,5<#f2[O],d2[NO]>,5<#f1[O],a1[NO]>,5<#f1[O],d1[NO]>,5<#f1[O],a1[NO]>,5<#a1[O],d2[NO]>,5<#f2[O],#a2[NO]>,5<b2[O],#f2[NO]>,5<b1[O],#d2[NO]>,5<b1[O],#f1[NO]>,5<g1[O],#d1[NO]>,5<b1[O],#d2[NO]>,5<g2[O],b2[NO]>,5<#g2[O],e2[NO]>,5<#g1[O],b1[NO]>,5<#g1[O],e1[NO]>,5<#g1[O],b1[NO]>,5<c2[O],e2[NO]>,5<#g2[O],c3[NO]>,5<#c3[O],#g2[NO]>,5<#c2[O],f2[NO]>,5<#g1[O],f1[NO]>,5<a1[O],#f1[NO]>,5<c2[O],#d2[NO]>,5<(a2.#f2)[O],c3[NO]>,5<#c3[O],#g2[NO]>,5<#c2[O],f2[NO]>,5<#g1[O],f1[NO]>,5<a1[O],#f1[NO]>,5<c2[O],#d2[NO]>,5<(a2.#f2)[O],c3[NO]>,5<#c3[O],#g2[NO]>,5<#c2[O],f2[NO]>,5<#g1[O],f1[NO]>,5<#c3[O],a2[NO]>,5<#c2[O],f2[NO]>,5<a1[O],f1[NO]>,5<#c3[O],a2[NO]>,5<#c2[O],f2[NO]>,5<a1[O],f1[NO]>,5<a1[O],#c2[NO]>,5<#c2[O],f2[NO]>,6<X,f2[O],a2[M]>,5<(e1.#c2.a1.#c3)[N],e3[N]>,5<(#c4.#c2.a1.e1)[N],e3[N]>,5<(a1.e1.#c2.#c3)[N],b2[N]>,5<(a1.e1.#c2.a2)[N],#c3[N]>,5<(a1.e1.#c2.a3)[N],#c3[N]>,5<(a2.e1.a1.#c2)[N],#g2[N]>,5<(e1.#c2.a1.#f2)[N],a2[N]>,5<#f3[N],#c3[N]>,5<#g2[N],a2[N]>,5<(b2.#d2.e1.a1.#f1)[N],#d3[N]>,5<(#d2.#f1.a1.e1.b3)[N],#f3[N]>,5<(e1.#f1.a1.#d2.b2)[N],#g2[N]>,5<(b1.e1.d2.#g1.#f2)[N],b2[N]>,5<#f3[N],b2[N]>,5<#f2[N],e2[N]>,5<#d2[N],e2[N]>,5<#f2[N],#g2[N]>,5<a2[N],b2[N]>,5<(#c2.e1.a1.#c3)[N],e3[N]>,5<(e1.#c4.#c2.a1)[N],e3[N]>,5<(#c3.a1.#c2.e1)[N],b2[N]>,5<(e1.a1.#c2.a2)[N],#c3[N]>,5<(a3.a1.#c2.e1)[N],#c3[N]>,5<(e1.a1.a2.#c2)[N],#g2[N]>,5<(#c2.a1.e1.#f2)[N],a2[N]>,5<#f3[N],#c3[N]>,5<#g2[N],a2[N]>,5<(#d2.#f1.e1.a1.b2)[N],#d3[N]>,5<(#f1.a1.e1.#d2.a3)[N],#f3[N]>,5<(e1.#f1.#d2.b2.a1)[N],#g2[N]>,5<(#f2.b1.d2.e1.#g1)[N],b2[N]>,5<#f3[N],b2[N]>,5<#f2[N],e2[N]>,5<#d2[N],e2[N]>,5<#f2[N],#g2[N]>,5<a2[N],b2[N]>,5<(#c3.#c2.e2.a1)[N],e3[N]>,5<(#c2.#c4.a1.e2)[N],e3[N]>,5<(a2.a1.#c2.e2)[N],b2[N]>,5<(#g1.#c3.e2.#c2)[N],e3[N]>,5<(#c2.#g1.e2.#c4)[N],e3[N]>,5<(c3.#g1.#c2.e2)[N],#c3[N]>,5<(g1.#c2.#c3.e2)[N],e3[N]>,5<(e2.#c2.g1.#c4)[N],e3[N]>,5<(#c2.g1.e2.c3)[N],#c3[N]>,5<(#c2.e1.#c3.g2.#a1)[N],e3[N]>,5<#c4[N],#a3[N]>,5<g3[N],e3[N]>,5<(#f1.#a1.#c2.e2.#c3)[N],#a2[N]>,5<g2[N],e2[N]>,5<#f2[N],g2[N]>,5<#g2[N],a2[N]>,5<#a2[N],b2[N]>,5<c3[N],#c3[N]>,5<(d3.f2.#a1.d2)[N],f3[N]>,5<(d2.f2.#a1.d4)[N],f3[N]>,5<(d2.#a2.#a1.f2)[N],c3[N]>,5<(f2.d2.a1.d3)[N],f3[N]>,5<(a1.d4.f2.d2)[N],f3[N]>,5<(f2.d2.a1.d3)[N],#c3[N]>,5<(f2.#g1.d2.d3)[N],f3[N]>,5<(f2.#g1.d2.d4)[N],f3[N]>,5<(#g1.d2.d3.f2)[N],#c3[N]>,5<(#g2.d2.b1.f1.d3)[N],f3[N]>,5<d4[N],b3[N]>,5<#g3[N],f3[N]>,5<(d2.g1.f2.b1.d3)[N],b2[N]>,5<#g2[N],f2[N]>,5<g2[N],#g2[N]>,5<a2[N],#a2[N]>,5<b2[N],c3[N]>,5<#c3[N],d3[N]>,5<(#d2.#d3.b1.#f2)[N],#f3[N]>,5<(#f2.b1.#d4.#d2)[N],#f3[N]>,5<(b1.#d2.#d3.#f2)[N],#c3[N]>,5<(b1.#f2.b2.#d2)[N],#d3[N]>,5<(#d2.#f2.b3.b1)[N],#f3[N]>,5<(b2.#f2.#d2.b1)[N],#a2[N]>,5<(#g2.e2.b1)[N],b2[N]>,5<#g3[N],e3[N]>,5<b2[N],#c3[N]>,5<(#d3.#d2.#f2.b1)[N],#f3[N]>,5<(b1.#d2.#f2.#d4)[N],#f3[N]>,5<(#d3.b1.#f2.#d2)[N],#c3[N]>,5<(b1.b2.#d2.#f2)[N],#d3[N]>,5<(b3.b1.#f2.#d2)[N],#f3[N]>,5<(b2.#f2.#d2.b1)[N],#a2[N]>,5<(b1.e2.#g2)[N],b2[N]>,5<#g3[N],e3[N]>,5<b2[N],#c3[N]>,5<(#d3.#f2.#d2.b1)[N],#f3[N]>,5<(#d2.b1.#f2.#d4)[N],#f3[N]>,5<(#d2.#d3.b1.#f2)[N],#f3[N]>,5<(g2.b1.e3.e2)[N],g3[N]>,5<(b1.e4.g2.e2)[N],g3[N]>,5<(b1.g2.e3.e2)[N],g3[N]>,5<(#g2.b1.f3.f2)[N],#g3[N]>,5<(f2.b1.f4.#g2)[N],#g3[N]>,5<(#g2.b1.f3.f2)[N],#g3[N]>,5<(c2.a2)[N],a3[N]>,5<f3[N],(#c2.#a2.f4)[N]>,5<#a3[N],f3[N]>,5<(f4.d2.b2)[N],b3[N]>,5<f3[N],(#d2.f4.c3)[N]>,5<c4[N],f3[N]>,5<(#c3.e2.f4)[N],#c4[N]>,5<f3[N],(d3.f4.f2)[N]>,5<d4[N],f3[N]>,5<(f3.#g2.d3.b2~mute~#g3)[M]>,5<(b3~f4~e4)[M]>,5<(#d4~d4~b3)[M]>,5<(#a3~a3~#g3)[M]>,5<(b3~#a3~a3)[M]>,5<(#g3~f3~e3)[M]>,5<(#d3~d3~f3)[M]>,5<(e3~#d3~d3)[M]>,5<(b2~#a2~a2)[M]>,5<(#g2~b2~#a2)[M]>,5<(a2~#g2~f2)[M]>,5<(e2~#d2~d2)[M]>,5<(f2~e2~#d2)[M]>,5<(d2~b1~#a1)[M]>,5<(a1~#g1~b1)[M]>,5<(#a1~a1~#g1)[M]>,f1[M],e1[M],#d1[M],d1[M],f1[M],#g1[L],5<d1[O],#c1[NO]>,5<#f1[O],f1[NO]>,5<a1[O],#g1[NO]>,5<a1[O],#g1[NO]>,5<#c2[O],b1[NO]>,5<d2[O],#c2[NO]>,5<d2[O],#c2[NO]>,5<#f2[O],f2[NO]>,5<a2[O],#g2[NO]>,5<a2[O],#g2[NO]>,5<#c3[O],b2[NO]>,5<d3[O],#c3[NO]>,5<#g2[O],b2[NO]>,5<#c3[O],b2[NO]>,5<d3[O],#c3[NO]>,5<f2[O],#g2[NO]>,5<#c3[O],b2[NO]>,5<d3[O],#c3[NO]>,5<#g2[O],b2[NO]>,5<#c3[O],b2[NO]>,5<d3[O],#c3[NO]>,5<f2[O],#g2[NO]>,5<#c2[N],W>,5<(#f2.a2)[O],#c3[NO]>,5<(#f2.#c2)[O],a2[NO]>,5<(a1.#c2)[O],#f2[NO]>,5<(a1.d2)[O],#f2[NO]>,5<#f1[O],a1[NO]>,5<(d1.#f1)[O],b1[NO]>,5<(#f1.a1)[O],#c2[NO]>,5<#f1[O],a1[NO]>,5<#c1[O],#f1[NO]>,5<a[O],#c1[NO]>,5<#f[O],a[NO]>,5<#c1[O],#f1[NO]>,5<(f1.#c1)[O],#g1[NO]>,5<#c[O],#c1[NO]>,5<(#c1.f1)[O],#g1[NO]>,5<(#c1.#f1)[O],a1[NO]>,5<#f[O],#c1[NO]>,5<(#c1.#f1)[O],a1[NO]>,5<#d1[O],#f1[NO]>,5<a[O],c1[NO]>,5<#d1[O],#f1[NO]>,5<#c1[O],f1[NO]>,5<#g1[O],#c2[NO]>,5<f2[O],#g2[NO]>,5<(#f2.a2)[O],#c3[NO]>,5<(#c2.#f2)[O],a2[NO]>,5<(#c2.a1)[O],#f2[NO]>,5<(a1.d2)[O],#f2[NO]>,5<#f1[O],a1[NO]>,5<(#f1.d1)[O],b1[NO]>,5<(#f1.a1)[O],#c2[NO]>,5<#f1[O],a1[NO]>,5<#c1[O],#f1[NO]>,5<a[O],#c1[NO]>,5<#f[O],a[NO]>,5<#c1[O],#f1[NO]>,5<(f1.#c1)[O],#g1[NO]>,5<#c[O],#c1[NO]>,5<(f1.#c1)[O],#g1[NO]>,5<(#f1.#c1)[O],a1[NO]>,5<#f[O],#c1[NO]>,5<(#c1.#f1)[O],a1[NO]>,5<#d1[O],#f1[NO]>,5<a[O],c1[NO]>,5<#d1[O],#f1[NO]>,5<#c1[O],f1[NO]>,5<#g1[O],#c2[NO]>,5<f2[O],#g2[NO]>,5<a2[O],f2[NO]>,5<a1[O],#c2[NO]>,5<a1[O],f1[NO]>,5<f1[O],#c1[NO]>,5<a1[O],#c2[NO]>,5<e2[O],a2[NO]>,5<#f2[O],d2[NO]>,5<#f1[O],a1[NO]>,5<#f1[O],d1[NO]>,5<#f1[O],a1[NO]>,5<#a1[O],d2[NO]>,5<#f2[O],#a2[NO]>,5<b2[O],#f2[NO]>,5<b1[O],#d2[NO]>,5<b1[O],#f1[NO]>,5<g1[O],#d1[NO]>,5<b1[O],#d2[NO]>,5<g2[O],b2[NO]>,5<#g2[O],e2[NO]>,5<#g1[O],b1[NO]>,5<#g1[O],e1[NO]>,5<#g1[O],b1[NO]>,5<c2[O],e2[NO]>,5<#g2[O],c3[NO]>,5<#c3[O],#g2[NO]>,5<#c2[O],f2[NO]>,5<#g1[O],f1[NO]>,5<a1[O],#f1[NO]>,5<c2[O],#d2[NO]>,5<(a2.#f2)[O],c3[NO]>,5<#c3[O],#g2[NO]>,5<#c2[O],f2[NO]>,5<#g1[O],f1[NO]>,5<a1[O],#f1[NO]>,5<c2[O],#d2[NO]>,5<(a2.#f2)[O],c3[NO]>,5<#c3[O],#g2[NO]>,5<#c2[O],f2[NO]>,5<#g1[O],f1[NO]>,5<#c3[O],a2[NO]>,5<#c2[O],f2[NO]>,5<a1[O],f1[NO]>,5<#c3[O],a2[NO]>,5<#c2[O],f2[NO]>,5<a1[O],f1[NO]>,5<a1[O],#c2[NO]>,5<#c2[O],f2[NO]>,6<X,f2[O],a2[M]>,5<(e1.#c2.a1.#c3)[N],e3[N]>,5<(#c4.#c2.a1.e1)[N],e3[N]>,5<(a1.e1.#c2.#c3)[N],b2[N]>,5<(a1.e1.#c2.a2)[N],#c3[N]>,5<(a1.e1.#c2.a3)[N],#c3[N]>,5<(a2.e1.a1.#c2)[N],#g2[N]>,5<(e1.#c2.a1.#f2)[N],a2[N]>,5<#f3[N],#c3[N]>,5<#g2[N],a2[N]>,5<(b2.#d2.e1.a1.#f1)[N],#d3[N]>,5<(#d2.#f1.a1.e1.b3)[N],#f3[N]>,5<(e1.#f1.a1.#d2.b2)[N],#g2[N]>,5<(b1.e1.d2.#g1.#f2)[N],b2[N]>,5<#f3[N],b2[N]>,5<#f2[N],e2[N]>,5<#d2[N],e2[N]>,5<#f2[N],#g2[N]>,5<a2[N],b2[N]>,5<(#c2.e1.a1.#c3)[N],e3[N]>,5<(e1.#c4.#c2.a1)[N],e3[N]>,5<(#c3.a1.#c2.e1)[N],b2[N]>,5<(e1.a1.#c2.a2)[N],#c3[N]>,5<(a3.a1.#c2.e1)[N],#c3[N]>,5<(e1.a1.a2.#c2)[N],#g2[N]>,5<(#c2.a1.e1.#f2)[N],a2[N]>,5<#f3[N],#c3[N]>,5<#g2[N],a2[N]>,5<(#d2.#f1.e1.a1.b2)[N],#d3[N]>,5<(#f1.a1.e1.#d2.a3)[N],#f3[N]>,5<(e1.#f1.#d2.b2.a1)[N],#g2[N]>,5<(#f2.b1.d2.e1.#g1)[N],b2[N]>,5<#f3[N],b2[N]>,5<#f2[N],e2[N]>,5<#d2[N],e2[N]>,5<#f2[N],#g2[N]>,5<a2[N],b2[N]>,5<(#c3.#c2.e2.a1)[N],e3[N]>,5<(#c2.#c4.a1.e2)[N],e3[N]>,5<(a2.a1.#c2.e2)[N],b2[N]>,5<(#g1.#c3.e2.#c2)[N],e3[N]>,5<(#c2.#g1.e2.#c4)[N],e3[N]>,5<(c3.#g1.#c2.e2)[N],#c3[N]>,5<(g1.#c2.#c3.e2)[N],e3[N]>,5<(e2.#c2.g1.#c4)[N],e3[N]>,5<(#c2.g1.e2.c3)[N],#c3[N]>,5<(#c2.e1.#c3.g2.#a1)[N],e3[N]>,5<#c4[N],#a3[N]>,5<g3[N],e3[N]>,5<(#f1.#a1.#c2.e2.#c3)[N],#a2[N]>,5<g2[N],e2[N]>,5<#f2[N],g2[N]>,5<#g2[N],a2[N]>,5<#a2[N],b2[N]>,5<c3[N],#c3[N]>,5<(d3.f2.#a1.d2)[N],f3[N]>,5<(d2.f2.#a1.d4)[N],f3[N]>,5<(d2.#a2.#a1.f2)[N],c3[N]>,5<(f2.d2.a1.d3)[N],f3[N]>,5<(a1.d4.f2.d2)[N],f3[N]>,5<(f2.d2.a1.d3)[N],#c3[N]>,5<(f2.#g1.d2.d3)[N],f3[N]>,5<(f2.#g1.d2.d4)[N],f3[N]>,5<(#g1.d2.d3.f2)[N],#c3[N]>,5<(#g2.d2.b1.f1.d3)[N],f3[N]>,5<d4[N],b3[N]>,5<#g3[N],f3[N]>,5<(d2.g1.f2.b1.d3)[N],b2[N]>,5<#g2[N],f2[N]>,5<g2[N],#g2[N]>,5<a2[N],#a2[N]>,5<b2[N],c3[N]>,5<#c3[N],d3[N]>,5<(#d2.#d3.b1.#f2)[N],#f3[N]>,5<(#f2.b1.#d4.#d2)[N],#f3[N]>,5<(b1.#d2.#d3.#f2)[N],#c3[N]>,5<(b1.#f2.b2.#d2)[N],#d3[N]>,5<(#d2.#f2.b3.b1)[N],#f3[N]>,5<(b2.#f2.#d2.b1)[N],#a2[N]>,5<(#g2.e2.b1)[N],b2[N]>,5<#g3[N],e3[N]>,5<b2[N],#c3[N]>,5<(#d3.#d2.#f2.b1)[N],#f3[N]>,5<(b1.#d2.#f2.#d4)[N],#f3[N]>,5<(#d3.b1.#f2.#d2)[N],#c3[N]>,5<(b1.b2.#d2.#f2)[N],#d3[N]>,5<(b3.b1.#f2.#d2)[N],#f3[N]>,5<(b2.#f2.#d2.b1)[N],#a2[N]>,5<(b1.e2.#g2)[N],b2[N]>,5<#g3[N],e3[N]>,5<b2[N],#c3[N]>,5<(#d3.#f2.#d2.b1)[N],#f3[N]>,5<(#d2.b1.#f2.#d4)[N],#f3[N]>,5<(#d2.#d3.b1.#f2)[N],#f3[N]>,5<(g2.b1.e3.e2)[N],g3[N]>,5<(b1.e4.g2.e2)[N],g3[N]>,5<(b1.g2.e3.e2)[N],g3[N]>,5<(#g2.b1.f3.f2)[N],#g3[N]>,5<(f2.b1.f4.#g2)[N],#g3[N]>,5<(#g2.b1.f3.f2)[N],#g3[N]>,5<(c2.a2)[N],a3[N]>,5<f3[N],(#c2.#a2.f4)[N]>,5<#a3[N],f3[N]>,5<(f4.d2.b2)[N],b3[N]>,5<f3[N],(#d2.f4.c3)[N]>,5<c4[N],f3[N]>,5<(#c3.e2.f4)[N],#c4[N]>,5<f3[N],(d3.f4.f2)[N]>,5<d4[N],f3[N]>,5<(f3.#g2.d3.b2~mute~#g3)[M]>,5<(b3~f4~e4)[M]>,5<(#d4~d4~b3)[M]>,5<(#a3~a3~#g3)[M]>,5<(b3~#a3~a3)[M]>,5<(#g3~f3~e3)[M]>,5<(#d3~d3~f3)[M]>,5<(e3~#d3~d3)[M]>,5<(b2~#a2~a2)[M]>,5<(#g2~b2~#a2)[M]>,5<(a2~#g2~f2)[M]>,5<(e2~#d2~d2)[M]>,5<(f2~e2~#d2)[M]>,5<(d2~b1~#a1)[M]>,5<(a1~#g1~b1)[M]>,5<(#a1~a1~#g1)[M]>,"],"id":1,"instruments":["piano"],"alternatives":[""]},{"bpm":103,"baseBeats":0.25,"scores":["#f1[M],f1[M],e1[M],#d1[M],#f1[M],a1[M],#d1[M],d1[M],#c1[M],c1[M],e1[M],#f1[M],c1[M],b[M],#a[M],a[M],c1[M],#d1[M],#g[M],c1[M],#d1[M],g[M],c1[M],#d1[M],#f[M],c1[M],#d1[M],a[M],c1[M],#d1[M],d1[M],#a[M],g[M],(g1.c1.#d)[M],g[M],a[M],(#a.d1)[M],g[M],d[M],#A-1[M],g[M],#d[M],d[M],#c[M],d[M],(c1.g.#d)[M],f[M],#d[M],(a.#f.d)[M],#c[M],d[M],#f[M],a[M],#c1[M],d1[M],#a[M],g[M],(g1.c1.#d)[M],g[M],a[M],(#a.d1)[M],g[M],d[M],#A-1[M],g[M],#d[M],d[M],#c[M],d[M],(#d.g.c1)[M],f[M],#d[M],(d.a.#f)[M],A-1[M],#F-1[M],D-1[M],D-1[M],D-1[M],D-1[M],D-1[M],D-1[M],(#f.#a.D-1)[M],(#f.#a.D-1)[M],(#a.#f.D-1)[M],(#d.g.D-1)[M],D-1[M],D-1[M],(D-1.b.g)[M],D-1[M],D-1[M],D-1[M],D-1[M],D-1[M],(D-1.e.#g.c1)[M],(c1.e.#g.D-1)[M],(D-1.e.#g.c1)[M],(f.a.D-1)[M],D-1[M],D-1[M],(D-1.a.#c1.f)[M],D-1[M],D-1[M],D-1[M],D-1[M],D-1[M],(D-1.#f.d1.#a)[M],(#a.#f.d1.D-1)[M],(d1.#f.#a.D-1)[M],(D-1.g.#a)[M],D-1[M],D-1[M],(g.b.D-1.#d1)[M],D-1[M],D-1[M],(D-1.c1.#g)[M],D-1[M],D-1[M],(b.#g.D-1.e1)[M],(e1.b.#g.D-1)[M],(#g.e1.D-1.b)[M],(D-1.c1.a)[M],D-1[M],D-1[M],(a.#c1.f1.D-1)[M],D-1[M],D-1[M],(d1.#a.D-1)[M],D-1[M],D-1[M],(#D-1.a.c1.#f1)[M],#D-1[M],#D-1[M],D-1[M],D-1[M],D-1[M],(a1.#d1.C-1.#f1)[M],C-1[M],C-1[M],D-1[M],D-1[M],D-1[M],(c2.a1.#f1.#D-1)[M],#D-1[M],#D-1[M],D-1[M],D-1[M],D-1[M],(#f2.a1.#d2.C-1)[M],C-1[M],C-1[M],(#f2.D-1.a2.c2)[M],D-1[M],D-1[M],(c3.#D-1.#f2.a2)[M],#D-1[M],#D-1[M],(a2.D-1.#f3.c3)[M],D-1[M],D-1[M],(#D-1.c3.#f3.a3)[M],#D-1[M],#D-1[M],#F-1[M],#F-1[M],#F-1[M],A-1[M],A-1[M],A-1[M],#A-1[M],#A-1[M],#A-1[M],A-1[M],A-1[M],A-1[M],#F-1[M],#F-1[M],#F-1[M],#D-1[M],#D-1[M],#D-1[M],#D-1[M],#D-1[M],#D-1[M],D-1[M],5<(#f3.D-1)[N],#g3[N]>,5<(D-1.a3)[N],b3[N]>,(a3.#c4.#C-1)[M],(#f3.#C-1)[M],(#c3.#C-1)[M],(d3.#C-1.#f3)[M],(a2.#C-1)[M],(#C-1.b2)[M],(#C-1.a2.#c3)[M],(#f2.#C-1)[M],(#c2.#C-1)[M],(#C-1.a1)[M],(#C-1.#c2)[M],(#f2.#C-1.a1)[M],(#C-1.#c2.#g2)[M],#C-1[M],(f1.#C-1.#g1)[M],(#f1.#C-1.a1)[M],#C-1[M],(a2.#C-1.#c2)[M],(#d2.#f2.#C-1)[M],#C-1[M],(#f1.#d1.#C-1)[M],(f1.#g1.#C-1)[M],#C-1[M],5<#C-1[O],#c2[O],f2[O],#g2[O]>,(a2.#C-1.#c3)[M],(#C-1.#f2)[M],(#c2.#C-1)[M],(#f2.d2.#C-1)[M],(#C-1.a1)[M],(#C-1.b1)[M],(#C-1.a1.#c2)[M],(#f1.#C-1)[M],(#c1.#C-1)[M],(#C-1.a)[M],(#C-1.#c1)[M],(a.#C-1.#f1)[M],(#c1.#C-1.#g1)[M],#C-1[M],(#C-1.#g.f)[M],(a.#f.#C-1)[M],#C-1[M],(a1.#C-1.#c1)[M],(#C-1.#d1.#f1)[M],#C-1[M],(#d.#C-1.#f)[M],(#C-1.f.#g)[M],#C-1[M],(#c1.#C-1)[M],(a1.f1.#C-1)[M],(#c1.f)[M],(a.#c)[M],(#c1.#C-1.f1)[M],(a1.f)[M],(#c.a2)[M],(#C-1.d2.#f2)[M],(a1.#f)[M],(#f1.d1.d)[M],(#C-1.a)[M],(#f1.d1.#f)[M],(#a.d.#a1)[M],(#f1.#C-1.b1)[M],(#d1.#f)[M],(#d.b)[M],(#d1.g1.#C-1)[M],(b1.g)[M],(#d.b2)[M],(e2.#g2.#C-1)[M],(#g.b1)[M],(e.#g1.e1)[M],(b.#C-1)[M],(#g1.#g.e1)[M],(e.c1.c2)[M],(#c2.a1.#C-1.#c1)[M],(f1.a)[M],(#c1.f)[M],(d2.#a1.d1.#f)[M],(#a.#f1)[M],(#f.d1)[M],(#d2.#d1.b1.#C-1)[M],(b.g1)[M],(#d1.g)[M],(e1.e2.c2.#g)[M],(c1.#g1)[M],(#g.e1)[M],(a.f2.#c2.f1)[M],mute[M],mute[M],mute[M],mute[M],mute[M],mute[M],mute[M],mute[M],mute[M],mute[M],mute[M],mute[M],mute[M],mute[M],mute[M],mute[M],mute[MN],(f2.#c2.a3.f3.a2)[LM],","QQQQQQQQSTUV,(#c1.a1)[NOP],(#f2.#f1.d2.#a)[NOP],(#a1.d1)[NOP],(#d2.g2.g1.b)[NOP],(#d1.b1)[NOP],(e2.c1.#g2.#g1)[NOP],(e1.c2)[NOP],(a2.f2.a1.#c1)[NOP],(#c2.f1)[NOP],(#f1.#a2.#f2.#a1.d1)[NOP],(b1.#d1.b2.g2.g1)[NOP],(#g2.c2.#g1.e1.c3)[NOP],(f1.#c3.a1.a2.#c2)[NOP],(d2.#a2.#f1.d3.#a1)[NOP],(b2.#d2.b1.g1.#d3)[NOP],(#g1.e3.e2.c3.c2)[NOP],(f3.a1.f2.#c2.#c3)[NOP],(#a1.#f3.d3.d2.#f2)[NOP],(g3.b1.#d2.#d3.g2)[NOP],(e2.e3.#g3.c2.#g2)[NOP],"],"id":2,"instruments":["piano","piano"],"alternatives":["",""]},{"bpm":103,"baseBeats":0.25,"scores":["5<(#a2.#F-1.#f)[N],#c3[N]>,5<(#a1.#c1.#a3.#f1)[N],#c3[N]>,5<(#a1.#c1.#f1.#a2)[N],#g2[N]>,5<(#c1.#f1.#a1.#f2)[N],#a2[N]>,5<(#f3.#f1.#c1.#a1)[N],#a2[N]>,5<(#a1.#f1.#c1.#f2)[N],f2[N]>,5<(b1.#d1.#d2.#f1)[N],#f2[N]>,5<#d3[N],b2[N]>,5<#d2[N],#f2[N]>,5<(#g2.#f.b.#d1)[N],b2[N]>,5<(b.#g3.#d1.#f)[N],#d3[N]>,5<(#f.b.#d1.#g2)[N],#f2[N]>,5<(#g1.b.#d2.f1)[N],#g2[N]>,5<#d3[N],#c3[N]>,5<#g2[N],#d2[N]>,5<#c2[N],#d2[N]>,5<#c2[N],c2[N]>,5<#c2[N],#g2[N]>,5<(#F-1.#f.#a2)[N],#c3[N]>,5<(#a3.#a1.#f1.#c1)[N],#c3[N]>,5<(#c1.#a1.#a2.#f1)[N],#g2[N]>,5<(#f1.#a1.#c1.#f2)[N],#a2[N]>,5<(#f3.#a1.#c1.#f1)[N],#a2[N]>,5<(#c1.#f2.#f1.#a1)[N],f2[N]>,5<(#d2.#d1.b1.#f1)[N],#f2[N]>,5<#d3[N],b2[N]>,5<#d2[N],#f2[N]>,5<(b.#f.#g2.#d1)[N],b2[N]>,5<(#d1.#g3.#f.b)[N],#d3[N]>,5<(#f.b.#d1.#g2)[N],#f2[N]>,5<(f1.#g1.#d2.b)[N],#g2[N]>,5<#d3[N],#c3[N]>,5<#g2[N],#d2[N]>,5<#c2[N],#d2[N]>,5<#c2[N],c2[N]>,5<#c2[N],#g2[N]>,5<(#f.#a2)[N],#c3[N]>,5<(#a1.#c1.#f1.#a3)[N],#c3[N]>,5<(#f1.#a1.#c1.#f2)[N],#g2[N]>,5<(f.#a2)[N],#c3[N]>,5<(#a3.#c1.#a1.#f1)[N],#c3[N]>,5<(#a1.#c1.#f1.a2)[N],#a2[N]>,5<(e.#a2)[N],#c3[N]>,5<(#c1.#a1.#f1.#a3)[N],#c3[N]>,5<(#a1.#f1.#c1.a2)[N],#a2[N]>,5<(g1.#a2.#c1.#a1)[N],#c3[N]>,5<#a3[N],g3[N]>,5<e3[N],#c3[N]>,5<(#d.#a.#c1.#a2.g1)[N],g2[N]>,5<e2[N],#c2[N]>,5<#a1[N],g1[O],e1[O]>,5<#d1[N],g1[N]>,5<#a1[N],#c2[N]>,g2[M],5<(b2.g)[N],d3[N]>,5<(b1.g1.d1.b3)[N],d3[N]>,5<(g1.d1.b1.g2)[N],a2[N]>,5<(#f.b2)[N],d3[N]>,5<(b1.g1.d1.b3)[N],d3[N]>,5<(b2.b1.d1.g1)[N],#a2[N]>,5<(b2.f)[N],d3[N]>,5<(d1.b3.g1.b1)[N],d3[N]>,5<(g1.d1.b1.b2)[N],#a2[N]>,5<(#g1.d1.b1.b2)[N],d3[N]>,5<b3[N],#g3[N]>,5<f3[N],d3[N]>,5<(e.b.d1.#g1.b2)[N],#g2[N]>,5<f2[N],d2[N]>,5<b1[N],#g1[O],f1[O]>,5<e1[N],#g1[N]>,5<b1[N],d2[N]>,#g2[M],5<(#G-1.#g.c2)[N],#d2[N]>,5<(#g1.c2.#d1.c3)[N],#d2[N]>,5<(#d1.#g1.c2)[N],#a1[N]>,5<(#g1.c2.#d1)[N],c2[N]>,5<(#g2.c2.#d1.#g1)[N],c2[N]>,5<(#d1.#g1.c2)[N],g1[N]>,5<(#g1.f1.#c2)[N],#g1[N]>,5<f2[N],#c2[N]>,5<#g1[N],#a1[N]>,5<(#g.#G-1.c3)[N],#d3[N]>,5<(#g1.c4.c2.#d1)[N],#d3[N]>,5<(c3.#g1.#d1.c2)[N],#a2[N]>,5<(#g2.c2.#d1.#g1)[N],c3[N]>,5<(#g3.#d1.#g1.c2)[N],c3[N]>,5<(#d1.#g2.#g1.c2)[N],g2[N]>,5<(f1.#g1.#c2.f2)[N],#g2[N]>,5<f3[N],#c3[N]>,5<#g2[N],#a2[N]>,5<(c3.#g)[N],#d3[N]>,5<(#g1.c2.#d1.c4)[N],#g3[N]>,5<(c3.c2.#d1.#g1)[N],#d3[N]>,5<(c3.a)[N],#d3[N]>,5<(#f1.c4.#d1.c2)[N],#f3[N]>,5<(c3.c2.#d1.#f1)[N],#d3[N]>,5<(#a.#c3)[N],e3[N]>,5<(e1.#c2.#c4.g1)[N],g3[N]>,5<(e1.#c3.g1.#c2)[N],e3[N]>,5<(d3.b)[N],f3[N]>,5<(f1.#g1.d2.d4)[N],#g3[N]>,5<(#g1.d2.d3.f1)[N],f3[N]>,5<(c1.#d3)[N],#f3[N]>,5<(a1.#d2.#d4.#f1)[N],a3[N]>,5<(#d2.#d3.#f1.a1)[N],#f3[N]>,5<(e3.#c1)[N],g3[N]>,5<(g1.#a1.e2.e4)[N],#a3[N]>,5<(e3.g1.e2.#a1)[N],g3[N]>,5<(f3.#c1)[N],#g3[N]>,5<(b1.f2.#g1.f4)[N],#d4[N]>,5<(b1.f2.#c4.#g1)[N],c4[N]>,5<(#g1.b3.f2.b1)[N],#a3[N]>,5<(f2.#c4.b1.#g1)[N],b3[N]>,5<(f2.#g1.b1.g3)[N],#g3[N]>,5<(#a3.f2.b1.#g1)[N],#g3[N]>,5<e3[N],f3[N]>,5<#a3[N],#g3[N]>,5<(#f3.#c1)[N],#a3[N]>,5<(#d4.#f1)[N],#c4[N]>,5<(#a1.#c3)[N],#f3[N]>,5<(b3.#c2)[N],#a3[N]>,5<(#f2.#a2)[N],#c3[N]>,5<(#g3.#a2)[N],#f3[N]>,5<(c3.a2)[N],#d3[N]>,5<(#g3.#f2)[N],#f3[N]>,5<(c2.#d3)[N],#f3[N]>,5<(f3.#c1)[N],#g3[N]>,5<(#g1.f2.f4.b1)[N],#d4[N]>,5<(b1.#c4.f2.#g1)[N],c4[N]>,5<(b3.f2.b1.#g1)[N],#a3[N]>,5<(b1.#c4.#g1.f2)[N],b3[N]>,5<(g3.f2.b1.#g1)[N],#g3[N]>,5<(#g1.#a3.b1.f2)[N],#g3[N]>,5<e3[N],f3[N]>,5<#a3[N],#g3[N]>,5<(#f3.#c1)[N],#a3[N]>,5<(#d4.#f1)[N],#c4[N]>,5<(#a1.#c3)[N],#f3[N]>,5<(#c2.b3)[N],#a3[N]>,5<(#f2.#a2)[N],#c3[N]>,5<(#a2.#g3)[N],#f3[N]>,5<(c3.a2)[N],#d3[N]>,5<(#g3.#f2)[N],#f3[N]>,5<(c2.#d3)[N],#f3[N]>,5<(#c1.f3)[N],#g3[N]>,5<(b1.f2.#g1.f4)[N],#d4[N]>,5<(#g1.f2.#c4.b1)[N],c4[N]>,5<(b1.f2.b3.#g1)[N],#a3[N]>,5<#c4[N],b3[N]>,5<g3[N],#g3[N]>,5<(b3.#d3)[N],(#a3.#c3)[N]>,5<(b2.#g3)[N],(#f3.#a2)[N]>,5<(#g2.f3)[N],(#d3.#f2)[N]>,5<(b2.#g3)[N],(#f3.#a2)[N]>,5<(f3.#g2)[N],(#d3.#f2)[N]>,5<(f2.#c3)[N],(b2.#d2)[N]>,5<(#g2.f3)[N],(#f2.#d3)[N]>,5<(f2.#c3)[N],(b2.#d2)[N]>,5<(#c2.#a2)[N],(b1.#g2)[N]>,5<(#d2.b2)[N],(#c2.#a2)[N]>,5<(#g2.b1)[N],(#a1.#f2)[N]>,5<(#g1.f2)[N],(#f1.#d2)[N]>,5<(b1.#g2)[N],(#f2.#a1)[N]>,5<(f2.#g1)[N],(#d2.#f1)[N]>,5<(#c2.f1)[N],(#d1.b1)[N]>,5<(f2.#g1)[N],(#d2.#f1)[N]>,5<(f1.#c2)[N],(#d1.b1)[N]>,5<(#a1.#c1)[N],(#g1.b)[N]>,5<(#d1.b1)[N],(#c1.#a1)[N]>,5<(#g1.b)[N],(#f1.#a)[N]>,5<(#g.f1)[N],(#f.#d1)[N]>,5<(b.#g1)[N],(#f1.#a)[N]>,5<(#g.f1)[N],(#f.#d1)[N]>,5<(#c1.f)[N],(#f.#d1)[N]>,5<(f1.#g)[N],(#f1.#a)[N]>,5<(b.#g1)[N],(#a1.#c1)[N]>,5<(#d1.b1)[N],(#c1.#c2)[N]>,5<(#d2.b)[N],(f2.#a)[N]>,5<(#g.#f2)[N],(#g2.#f)[N]>,5<(#a2.f)[N],(b2.#d)[N]>,5<(#c3.#c)[N],(B-1.#d3)[N]>,5<(f3.#A-1)[N],(#f3.#G-1)[N]>,5<(#g3.#F-1)[N],(#a3.F-1)[N]>,(b2.b3.F-1.f)[M],(c3.#D-1.#d.c4)[M],(#c3.#c4.#c.#C-1)[M],(#d4.B-2.#d3.B-1)[M],(#A-1.#c3.#c4.#A-2)[M],(f3.f4.#G-1.#G-2)[M],(#F-1.#f3.#F-2.#f4)[LM],#F-1[M],#F-1[M],#F-1[M],G-1[M],G-1[M],G-1[M],(b.#c1.E-1)[M],(b.#c1.E-1)[M],(#c1.E-1.b)[M],(#F-1.#c1.#a)[M],#F-1[M],#F-1[M],(#a.#C-1.#f1)[M],#C-1[M],#C-1[M],D-1[M],D-1[M],D-1[M],(B-2.d1.f1.#g1)[M],(#g1.B-2.d1.f1)[M],(#g1.B-2.d1.f1)[M],(#C-1.#a1.#f1.#c1)[M],#C-1[M],#C-1[M],(#c1.#a1.#F-1.#c2)[M],#F-1[M],#F-1[M],G-1[M],G-1[M],G-1[M],(g1.#c2.E-1.b1)[M],(#c2.b1.g1.E-1)[M],(g1.E-1.b1.#c2)[M],(#f1.#a1.#c2.#F-1)[M],#F-1[M],#F-1[M],(#a1.#f1.#f2.#C-1)[M],#C-1[M],#C-1[M],D-1[M],D-1[M],D-1[M],(d2.f2.B-2.#g2)[M],(B-2.d2.f2.#g2)[M],(f2.B-2.#g2.d2)[M],(#f2.#a2.#C-1.#c2)[M],#C-1[M],#C-1[M],(#c3.#a2.#F-1.#c2)[M],#F-1[M],#F-1[M],D-1[M],D-1[M],D-1[M],(B-2.#g2.f2.f3)[M],B-2[M],B-2[M],#C-1[M],#C-1[M],#C-1[M],(#a2.#f3.#f2.#F-1)[M],#F-1[M],#F-1[M],D-1[M],D-1[M],D-1[M],(#g3.B-2.#g2.f3)[M],B-2[M],B-2[M],D-1[M],D-1[M],D-1[M],D-1[M],D-1[M],5<D-1[O],a2[O],d3[O],f3[O]>,(B-2.a3)[M],B-2[M],B-2[M],B-2[M],B-2[M],5<(#d3.B-2)[N],#f3[N]>,(d4.#a3.#F-2)[M],(#F-2.#f3)[M],(#F-2.d3)[M],(#a2.d3.#F-2)[M],(#f2.#F-2)[M],(d2.#F-2)[M],(#a2.#F-2.#c3)[M],(#f2.#F-2)[M],(#F-2.#c2)[M],(#a2.#f2.#F-2)[M],(#c2.#F-2)[M],(#F-2.#a1)[M],(d3.#F-2.#a2)[M],(#F-2.#f2)[M],(d2.#F-2)[M],(d2.#F-2.#a1)[M],(#F-2.#f1)[M],(#F-2.d1)[M],(#F-2.#a1.#c2)[M],(#f1.#F-2)[M],(#c1.#F-2)[M],(#f1.#F-2.#a1)[M],(#c1.#F-2)[M],(#F-2.#a)[M],(d2.#F-2.#a1)[M],(#f1.#F-2)[M],(d1.#F-2)[M],(d1.#a.#F-2)[M],(#f.#F-2)[M],(d.#F-2)[M],(#c1.#a.#F-2)[M],(#f.#F-2)[M],(#c.#F-2)[M],(#a.#F-2)[M],(D-1.#f)[M],(d.#F-1)[M],(#c1.#a.#F-2)[M],(#C-1.#f)[M],(#c.#F-1)[M],(d1.#a.#F-2)[M],(#f.D-1)[M],(d.#F-1)[M],(#c1.#a.#F-2)[M],(#f.#C-1)[M],(#c.#F-1)[M],(d1.#F-2.#a)[M],(D-1.#f)[M],(d.#F-1)[M],(#c1.#F-2.#a)[M],(#f.#C-1)[M],(#c.#F-1)[M],(#f.#A-1)[M],(#a.#c)[M],(#f.#c1)[M],(#a.#f1)[M],(#c1.#a1)[M],(#f1.#c2)[M],(#f2.#a1)[M],(#a2.#c2)[M],(#a1.#f2.#c3)[M],(#f3.#a2.#c2)[LM],(#c3.#f2.#a3)[LM],(#c4.#a2)[LM],S,"],"id":3,"instruments":["piano"],"alternatives":[""]}],"audition":{"start":[0,0],"end":[0,20]}}