{"baseBpm":102,"musics":[{"bpm":102,"baseBeats":0.75,"scores":["mute[LM],mute[LM],mute[LM],mute[JKLM],mute[LM],mute[LM],mute[LM],mute[JKLM],mute[LM],mute[LM],mute[LM],mute[LM],mute[KL],mute[LM],mute[KL],mute[LM],mute[KL],mute[JMNLN],mute[LM],mute[LM],mute[LM],mute[JKLM],mute[LM],mute[LM],mute[LM],mute[KL],mute[LM],mute[LM],mute[LM],mute[LM],mute[LM],mute[LM],mute[LM],mute[JK],mute[LM],mute[LM],mute[LM],mute[JKLM],mute[LM],mute[LM],mute[LM],mute[JKLM],mute[LM],mute[LM],mute[LM],mute[JKLM],mute[LM],mute[LM],mute[LM],mute[LM],mute[KL],mute[LM],mute[KL],mute[LM],mute[KL],mute[JMNLN],mute[LM],mute[LM],mute[LM],mute[JKLM],mute[LM],mute[LM],mute[LM],mute[KL],mute[LM],mute[LM],mute[LM],mute[LM],mute[LM],mute[LM],mute[LM],mute[JK],mute[LM],mute[LM],mute[LM],mute[KL],mute[LM],mute[LM],mute[LM],mute[LM],mute[LM],mute[LM],mute[LM],mute[JK],mute[LM];","A-1[LM],a[LM],b[LM],e1[JKLM],#C-1[LM],a[LM],b[LM],e1[JKLM],D-1[LM],(a.#c3)[LM],(b.a2)[LM],(#f1.#f3)[LM],e3[KL],#c3[LM],a2[KL],#f2[LM],b2[KL],(D-1.b)[N],d1[N],e1[N],#g1[JLN],#C-1[LM],a[LM],b[LM],e1[JKLM],#F-1[LM],a[LM],b[LM],e1[KL],a3[LM],#g3[LM],#f3[LM],(B-2.e3)[LM],a[LM],b[LM],(e1.a2)[LM],a2[JK],E-1[LM],a[LM],b[LM],e1[JKLM],A-1[LM],a[LM],b[LM],e1[JKLM],#C-1[LM],a[LM],b[LM],e1[JKLM],D-1[LM],(a.#c3)[LM],(b.a2)[LM],(#f1.#f3)[LM],e3[KL],#c3[LM],a2[KL],#f2[LM],b2[KL],(D-1.b)[N],d1[N],e1[N],#g1[JLN],#C-1[LM],a[LM],b[LM],e1[JKLM],#F-1[LM],a[LM],b[LM],e1[KL],a3[LM],#g3[LM],#f3[LM],(B-2.e3)[LM],a[LM],b[LM],(e1.a2)[LM],(#C-1.a2)[JK],D-1[LM],a[LM],b[LM],e1[KL],a3[LM],#g3[LM],#f3[LM],(B-2.e3)[LM],a[LM],b[LM],(e1.a2)[LM],(#C-1.a2)[JK],D-1[LM];"],"id":1,"instruments":["piano","piano"],"alternatives":["",""]},{"bpm":102,"baseBeats":0.75,"scores":["mute[LM],mute[LM],mute[KL],mute[LM],mute[LM],mute[LM],mute[LM],mute[LM],mute[LM],mute[LM],mute[JK],5<UV>,mute[LM],mute[LM],mute[KL],mute[LM],mute[LM],mute[IJLM],mute[LM],mute[LM],mute[LM],mute[JKLM],mute[LM],mute[LM],mute[LM],mute[JKLM],mute[LM],mute[LM],mute[LM],mute[IL],mute[LM],mute[LM],mute[JKLM],mute[LM],mute[LM],mute[LM],mute[JKLM],mute[LM],mute[LM],mute[LM],mute[JKLM],mute[LM],mute[LM],mute[LM],mute[IL],mute[LM],mute[LM],mute[JKLM],mute[LM],mute[LM],mute[LM],mute[LM],mute[KL],mute[KL],mute[LM],mute[LM],mute[LM],mute[LM],mute[JK],mute[LM],mute[LM],mute[LM],mute[KL],mute[LM],mute[LM],mute[LM],mute[JK],mute[JMNLN],mute[LM],mute[LM],mute[LM],mute[LM],mute[LM],mute[LM],mute[LM],mute[LM],mute[LM],mute[LM],mute[LM],mute[KL],mute[KL],mute[LM],mute[LM],mute[LM],mute[LM],mute[KL];","a[LM],b[LM],e1[KL],a3[LM],#g3[LM],#f3[LM],(B-2.e3)[LM],a[LM],b[LM],(e1.a2)[LM],(#C-1.a2)[JK],(d.a3.a2)[N],a[N],#c1[N],#f1[MN],(b3.b2)[LM],(#c4.#c3)[LM],(#f4.#f3)[KL],(#g4.#g3)[LM],(a4.a3)[LM],(e4.e3)[IJLM],#C-1[LM],(a.a1)[LM],b[LM],e1[JKLM],#F-1[LM],(a.a1)[LM],b[LM],e1[JKLM],B-2[LM],(a.a1)[LM],b[LM],e1[IL],(a.a1)[LM],b[LM],e1[JKLM],#C-1[LM],(a.a1)[LM],b[LM],e1[JKLM],#F-1[LM],(a.a1)[LM],b[LM],e1[JKLM],B-2[LM],(a.a1)[LM],b[LM],e1[IL],(a.a1)[LM],b[LM],e1[JKLM],A-1[LM],a[LM],(b.#c3)[LM],e1[LM],a2[KL],#f3[KL],(#C-1.e3)[LM],a[LM],b[LM],(e1.a2)[LM],a2[JK],D-1[LM],a[LM],b[LM],#f1[KL],a3[LM],#g3[LM],#f3[LM],e3[JK],(D-1.b)[N],d1[N],e1[N],#g1[JLN],#C-1[LM],a[LM],b[LM],(e1.e2)[LM],e3[LM],d3[LM],#c3[LM],a2[LM],(#F-1.#a2)[LM],#a[LM],(#c1.#a2)[LM],(#f1.b2)[KL],#c3[KL],e3[LM],B-2[LM],(a.d3)[LM],b[LM],(e1.#c3)[KL];"],"id":2,"instruments":["piano","piano"],"alternatives":["",""]},{"bpm":102,"baseBeats":0.75,"scores":["mute[KL],mute[LM],mute[LM],mute[LM],mute[LM],mute[KL],5<UV>,mute[LM],mute[LM],mute[LM],mute[LM],mute[LM],mute[KL],5<UV>,mute[LM],mute[LM],mute[LM],mute[LM],mute[LM],mute[KL],mute[KL],mute[LM],mute[LM],mute[LM],mute[LM],mute[LM],mute[KL],mute[LM],mute[KL],mute[LM],mute[KL],mute[JMNLN],mute[LM],mute[LM],mute[LM],mute[KL],mute[LM],mute[LM],mute[LM],mute[LM],mute[LM],mute[LM],mute[KL],mute[LM],mute[LM],mute[LM],mute[LM],mute[LM],mute[LM],mute[LM],mute[JK],mute[LM],mute[LM],mute[LM],mute[KL],mute[LM],mute[LM],mute[LM],mute[LM],mute[LM],mute[LM],mute[LM],mute[JK],mute[LM],mute[LM],mute[LM],mute[KL],mute[LM],mute[LM],mute[LM],mute[LM],mute[LM],mute[LM],mute[LM],mute[JK],5<UV>,mute[LM],mute[LM],mute[KL],mute[LM],mute[LM],mute[IJLM],mute[LM],mute[LM],mute[LM],mute[JKLM],mute[LM],mute[LM],mute[LM],mute[JKLM],mute[LM],mute[LM],mute[LM],mute[IL],mute[LM],mute[LM],mute[JKLM];","a2[KL],b2[LM],E-1[LM],a[LM],b[LM],e1[KL],(a2~b2)[LM],#c3[LM],a2[LM],(A-1.e2)[LM],a[LM],b[LM],e1[KL],(a2~b2)[LM],#c3[LM],a2[LM],(#C-1.e2)[LM],a[LM],(b.#c3)[LM],(e1.d3)[KL],e3[KL],#c3[LM],D-1[LM],(a.#c3)[LM],(b.a2)[LM],(#f1.#f3)[LM],e3[KL],#c3[LM],a2[KL],#f2[LM],b2[KL],(D-1.b)[N],d1[N],e1[N],#g1[JLN],(#C-1.#c3)[LM],a[LM],b[LM],(e1.a2)[KL],e2[LM],#g2[LM],a2[LM],(#F-1.b2)[LM],(a.a2)[LM],(b.#g2)[LM],(e1.a2)[KL],a3[LM],#g3[LM],#f3[LM],(B-2.e3)[LM],a[LM],b[LM],(e1.a2)[LM],(#C-1.a2)[JK],D-1[LM],a[LM],b[LM],e1[KL],a3[LM],#g3[LM],#f3[LM],(B-2.e3)[LM],a[LM],b[LM],(e1.a2)[LM],(#C-1.a2)[JK],D-1[LM],a[LM],b[LM],e1[KL],a3[LM],#g3[LM],#f3[LM],(B-2.e3)[LM],a[LM],b[LM],(e1.a2)[LM],(#C-1.a2)[JK],(d.a3.a2)[N],a[N],#c1[N],#f1[MN],(b3.b2)[LM],(#c4.#c3)[LM],(#f4.#f3)[KL],(#g4.#g3)[LM],(a4.a3)[LM],(e4.e3)[IJLM],#C-1[LM],(a.a1)[LM],b[LM],e1[JKLM],#F-1[LM],(a.a1)[LM],b[LM],e1[JKLM],B-2[LM],(a.a1)[LM],b[LM],e1[IL],(a1.a3)[LM],b1[LM],(e2.e3)[JKLM];"],"id":3,"instruments":["piano","piano"],"alternatives":["",""]}]}