{"baseBpm":129,"musics":[{"bpm":129,"baseBeats":0.25,"scores":["mute[MO],mute[M],mute[M],mute[M],mute[M],mute[M],mute[M],mute[M],mute[M],mute[M],mute[M],mute[M],mute[M],mute[M],mute[M],mute[M],mute[M],mute[M],mute[M],mute[M],mute[M],mute[M],mute[M],mute[M],mute[M],mute[M],mute[M],mute[M],mute[M],mute[M],mute[M],mute[M],mute[M],mute[M],mute[M],mute[M],mute[M],mute[M],mute[M],mute[M],mute[M],mute[M],mute[M],mute[M],mute[M],mute[M],mute[M],mute[M],mute[M],mute[M],mute[M],mute[M],mute[M],mute[M],mute[M],mute[M],mute[M],mute[M],mute[M],mute[M],mute[M],mute[M],mute[M],mute[M],mute[M],mute[M],mute[M],mute[M],mute[M],mute[M],mute[M],mute[M],mute[M],mute[M],mute[M],mute[M],mute[M],mute[M],mute[M],mute[M],mute[M],mute[M],mute[M],mute[M],mute[M],mute[M],mute[M],mute[M],mute[M],mute[M],mute[M],mute[M],mute[M],mute[M],mute[M],mute[M],mute[M],mute[M],mute[M],mute[M],mute[M],mute[M],mute[M],mute[M],mute[M],mute[M],mute[M],mute[M],mute[M],mute[M],mute[M],mute[M],mute[M],mute[M],mute[M],mute[M],mute[M],mute[M],mute[M],mute[M],mute[M],mute[M],mute[M],mute[M],mute[M],mute[M],mute[M],mute[M],mute[M],mute[M],mute[M],mute[M],mute[M],mute[M],mute[M],mute[M],mute[M],mute[M],mute[M],mute[M],mute[M],mute[M],mute[M],mute[M],mute[M],mute[M],mute[M],mute[M],mute[M],mute[M],mute[M],mute[M],mute[M],mute[M],mute[M],mute[M],mute[M],mute[M],mute[M],mute[M],mute[M],mute[M],mute[M],mute[M],mute[M],mute[M],mute[M],mute[M],mute[M],mute[M],mute[M],mute[M],mute[M],mute[M],mute[M],mute[M],mute[M],mute[M],mute[M],mute[M],mute[M],mute[M],mute[M],mute[M],mute[M],mute[M],mute[M],mute[M],mute[M],mute[M],mute[M],mute[M],mute[M],mute[M],mute[M],mute[M],mute[M],mute[M],mute[M],mute[M],mute[M],mute[M],mute[M],mute[M],mute[M],mute[M],mute[M],mute[M],mute[M],mute[M],mute[M],mute[M],mute[M],mute[M],mute[M],mute[M],mute[M],mute[M],mute[M],mute[M],mute[M],mute[M],mute[M],mute[M],mute[M],mute[M],mute[M],mute[M],mute[M],mute[M],mute[M],mute[M],mute[M],mute[M],mute[M],mute[M],mute[M],mute[M],mute[M],mute[M],mute[M],mute[M],mute[M],mute[M],mute[M],mute[M],mute[M],mute[M],mute[M],mute[M],mute[MN],5<V>,mute[M],mute[M],mute[M],mute[M],mute[M],mute[M],mute[MO],mute[M],mute[M],mute[MNOP],mute[MNOP],mute[LNOP],mute[MOP],mute[KO],mute[MO],mute[M],mute[M],mute[M],mute[M],mute[M],mute[M],mute[M],mute[M],mute[M],mute[M],mute[M],mute[M],mute[M],mute[M],mute[M],mute[M],mute[M],mute[M],mute[M],mute[M],mute[M],mute[M],mute[M],mute[M],mute[M],mute[M],mute[M],mute[M],mute[M],mute[M],mute[M],mute[M],mute[M],mute[M],mute[M],mute[M],mute[M],mute[M],mute[M],mute[M],mute[M],mute[M],mute[M],mute[M],mute[M],mute[M],mute[M],mute[M],mute[M],mute[M],mute[M],mute[M],mute[M],mute[M],mute[M],mute[M],mute[M],mute[M],mute[M],mute[M],mute[M],mute[M],mute[M],mute[M],mute[M],mute[M],mute[M],mute[M],mute[M],mute[M],mute[M],mute[M],mute[M],mute[M],mute[M],mute[M],mute[M],mute[M],mute[M],mute[M],mute[M],mute[M],mute[M],mute[M],mute[M],mute[M],mute[M],mute[M],mute[M],mute[M],mute[M],mute[M],mute[M],mute[M],mute[M],mute[M],mute[M],mute[M],mute[M],mute[M],mute[M],mute[M],mute[M],mute[M],mute[M],mute[M],mute[M],mute[M],mute[M],mute[M],mute[M],mute[M],mute[M],mute[M],mute[M],mute[M],mute[M],mute[M],mute[M],mute[M],mute[M],mute[M],mute[M],mute[M],mute[M],mute[M],mute[M],mute[M],mute[M],mute[M],mute[M],mute[M],mute[M],mute[M],mute[M],mute[M],mute[M],mute[M],mute[M],mute[M],mute[M],mute[M],mute[M],mute[M],mute[M],mute[M],mute[M],mute[M],mute[M],mute[M],mute[M],mute[M],mute[M],mute[M],mute[M],mute[M],mute[M],mute[M],mute[M],mute[M],mute[M],mute[M],mute[M],mute[M],mute[M],mute[M],mute[M],mute[M],mute[M],mute[M],mute[M],mute[M],mute[M],mute[M],mute[M],mute[M],mute[M],mute[M],mute[M],mute[M],mute[M],mute[M],mute[MN],mute[MO],mute[M],mute[M],mute[M],mute[M],mute[M],mute[M],mute[M],mute[M],mute[M],mute[M],mute[M],mute[M],mute[M],mute[M],mute[M],mute[M],mute[M],mute[M],mute[M],mute[M],mute[M],mute[M],mute[M],mute[M],mute[M],mute[M],mute[M],mute[M],mute[M],mute[M],mute[M],mute[M],mute[M],mute[M],mute[M],mute[M],mute[M],mute[M],mute[M],mute[M],mute[M],mute[MNO],mute[MOP],mute[MOP],mute[MOP],mute[MOP],mute[MOP],mute[MOP],mute[KNO],mute[LMP],mute[LOP],mute[LOP],mute[LOP],mute[LOP],","#C-1[MO],#G-1[NOP],#c[NOP],f[MP],#g[MP],#c1[NO],f1[NO],#g1[M],f1[NO],#c1[NO],#g[M],f[M],#c[N],#G-1[M],#C-1[M],#G-1[NO],#c[NO],f[M],#g[M],#c1[N],f1[M],#g1[M],f1[N],#c1[M],#g[NO],f[NO],#c[M],#G-1[M],#C-1[M],#G-1[NO],#c[NO],f[M],#g[M],#c1[N],f1[M],#g1[M],f1[NO],#c1[NO],#g[M],f[M],#c[N],#G-1[M],#C-1[M],#G-1[NO],#c[NO],f[M],#g[M],#c1[N],f1[M],#g1[M],f1[NO],#c1[NO],#g[M],f[M],#c[N],#G-1[M],#C-1[M],#G-1[NO],#c[NO],f[M],#g[M],#c1[NO],f1[NO],#g1[M],f1[NO],#c1[NO],#g[M],f[M],#c[NO],#G-1[NO],(#a1.#C-1)[M],#G-1[NO],#c[NO],f[M],#g[NO],#c1[M],f1[NO],#c2[M],f1[NO],#c1[NO],#g[M],f[M],#c[N],#G-1[M],(#d2.#C-1)[M],#A-1[NO],#c[NO],#f[M],#a[M],#c1[N],#f1[M],f2[M],#f1[NO],#c1[NO],#a[M],#f[M],#c[N],#A-1[M],(#d2.#C-1)[M],#A-1[NO],#c[NO],#f[M],#a[M],#c1[N],#f1[M],#a1[M],#f1[NO],#c1[NO],#a[M],#f[M],#c[N],#A-1[M],(#C-1.#c2)[M],#G-1[NO],#c[NO],f[M],#g[M],#c1[N],f1[M],#g1[M],f1[NO],#c1[NO],#g[M],f[M],#c[N],#G-1[M],#C-1[M],#G-1[NO],#c[NO],f[M],#g[M],#c1[NO],f1[NO],#g1[M],f1[NO],#c1[NO],#g[M],f[M],#c[N],#G-1[M],#C-1[M],#G-1[NO],#c[NO],f[M],#g[M],#c1[NO],f1[NO],#g1[M],f1[NO],#c1[NO],#g[M],f[M],#c[N],#G-1[M],(#a1.#C-1)[M],#G-1[NO],#c[NO],f[M],#g[M],#c1[N],f1[M],#c2[M],f1[NO],#c1[NO],#g[M],f[M],#c[NO],#G-1[NO],(#d2.#C-1)[M],#A-1[NO],#c[NO],#f[M],#a[M],#c1[NO],#f1[NO],f2[M],#f1[NO],#c1[NO],#a[M],#f[M],#c[N],#A-1[M],(#d2.#C-1)[M],#A-1[NO],#c[NO],#f[M],#a[M],#c1[N],#f1[M],#a1[M],#f1[NO],#c1[NO],#a[M],#f[M],#c[N],#A-1[M],(#C-1.#c2)[M],#G-1[NO],#c[NO],f[M],#g[M],#c1[NO],f1[NO],#g1[M],f1[NO],#c1[NO],#g[M],f[M],#c[N],#G-1[M],#C-1[M],#G-1[NO],#c[NO],f[M],#g[M],#c1[NO],f1[NO],#g1[M],f1[NO],#c1[NO],#g[M],f[M],#c[N],#G-1[M],C-1[NO],A-1[NO],#d[NO],f[NO],a[NO],#d1[NO],f1[NO],a1[NO],#f2[NO],a1[NO],f1[NO],#d1[NO],a[NO],f[NO],#d[NO],A-1[NO],(A-2.f2)[M],c[NO],#d[NO],f[M],c1[NO],#d1[M],f1[NO],c2[M],f1[NO],#d1[NO],c1[M],f[M],#d[NO],c[NO],(#A-2.#d2)[M],#c[NO],f[NO],#a[M],#c1[M],f1[N],#a1[M],#c2[M],#a1[NO],f1[NO],#c1[M],#a[M],f[N],#c[M],(#F-1.#g2)[M],#c[NO],#d[NO],#a[M],#c1[M],#d1[N],#a1[M],#f2[M],#a1[NO],#d1[NO],#c1[M],#a[M],#d[N],#c[M],(#G-1.#g1)[M],f[M],#g[M],#c1[M],#c1[M],f1[M],g1[M],f1[M],#c1[M],#c1[M],(#g1.#g)[M],f[N],#g1[N],#G-1[NO],f2[O],#f[NO],#g[NO],c1[M],c1[M],#f1[N],#g1[M],f2[MO],#g1[M],#f1[M],c1[MNOP],c1[MNOP],#g[LNOP],#f[MOP],#d2[KO],(#C-1.#c2)[MO],#G-1[NOP],#c[NOP],f[MP],#g[MP],#c1[N],f1[M],#g1[M],f1[NO],#c1[NO],#g[M],f[M],#c[N],#G-1[M],#C-1[M],#G-1[NO],#c[NO],f[M],#g[M],#c1[N],f1[M],#g1[M],f1[NO],#c1[NO],#g[M],f[M],#c[N],#G-1[M],#C-1[M],#G-1[NO],#c[NO],f[M],#g[N],#c1[M],f1[M],#g1[M],f1[NO],(#c1.#g2)[NO],#g[M],f[M],#c[NO],#G-1[NO],(#a1.#C-1)[M],#G-1[NO],(#a2.#c)[NO],f[M],#g[M],#c1[NO],f1[NO],#c2[M],f1[NO],(#c3.#c1)[NO],#g[M],f[M],#c[N],#G-1[M],(#d2.#C-1)[M],#A-1[NO],(#d3.#c)[NO],#f[M],#a[M],#c1[NO],#f1[NO],f2[M],#f1[NO],(f3.#c1)[NO],#a[M],#f[M],#c[NO],#A-1[NO],(#d2.#C-1)[M],#A-1[NO],(#d3.#c)[NO],#f[M],#a[M],#c1[NO],#f1[NO],#a1[M],#f1[NO],(#a2.#c1)[NO],#a[M],#f[M],#c[N],#A-1[M],(#C-1.#c2)[M],#G-1[NO],(#c3.#c)[NO],f[M],#g[M],#c1[N],f1[M],#g1[M],f1[NO],#c1[NO],#g[M],f[M],#c[N],#G-1[M],#C-1[M],#G-1[NO],#c[NO],f[M],#g[M],#c1[N],f1[M],#g1[M],f1[NO],#c1[NO],#g[M],f[M],#c[N],#G-1[M],#C-1[M],#G-1[NO],#c[NO],f[M],#g[M],#c1[NO],f1[NO],#g1[M],f1[NO],(#c1.#g2)[NO],#g[M],f[M],#c[NO],#G-1[NO],(#a1.#C-1)[M],#G-1[NO],(#c.#a2)[NO],f[M],#g[M],#c1[NO],f1[NO],#c2[M],f1[NO],(#c1.#c3)[NO],#g[M],f[M],#c[N],#G-1[M],(#d2.#C-1)[M],#A-1[NO],(#c.#d3)[NO],#f[M],#a[M],#c1[NO],#f1[NO],f2[M],#f1[NO],(#c1.f3)[NO],#a[M],#f[M],#c[N],#A-1[M],(#d2.#C-1)[M],#A-1[NO],(#c.#d3)[NO],#f[M],#a[M],#c1[N],#f1[M],#a1[M],#f1[NO],(#c1.#a2)[NO],#a[M],#f[M],#c[N],#A-1[M],(#C-1.#c2)[M],#G-1[NO],(#c.#c3)[NO],f[M],#g[M],#c1[N],f1[M],#g1[M],f1[NO],#c1[NO],#g[M],f[M],#c[N],#G-1[M],#C-1[M],#G-1[NO],#c[NO],f[M],#g[M],#c1[N],f1[M],#g1[M],f1[NO],#c1[NO],#g[M],f[M],#c[N],#G-1[M],B-2[NO],#G-1[NO],d[NO],e[NO],#g[NO],d1[NO],e1[NO],#g1[NO],#f2[NO],#g1[NO],(#f3.e1)[NO],d1[NO],#g[NO],e[NO],d[NO],#G-1[NO],(#G-2.e2)[M],B-1[N],e3[O],d[NO],e[M],b[N],d1[MO],e1[NO],b1[M],e1[N],b2[O],d1[NO],b[M],e[M],d[N],B-1[M],(A-2.#c2)[M],#c[N],#c3[O],e[NO],a[M],#c1[N],e1[M],a1[M],e2[M],a1[N],e3[O],e1[NO],#c1[M],a[M],e[N],#c[M],(#C-1.b2)[M],#c[NO],(f.b3)[NO],a[M],#c1[M],f1[N],a1[M],a2[M],a1[NO],(f1.a3)[NO],#c1[M],a[M],f[N],#c[M],(D-1.#g2)[M],A-1[M],(B-1.#g3)[M],#f[M],(a.#f2)[M],b[M],(#f1.#f3)[M],b[M],(a.b1)[M],#f[M],(B-1.b2)[M],A-1[M],(E-1.#c2)[MOP],(B-1.#c3)[MOP],(d.d2)[MOP],(#g.d3)[MOP],(b.#f2)[MOP],(d1.#f3)[MOP],#f1[KNO],(#f1.#f2)[LMP],(e1.#g1)[LOP],(d1.#g2)[LOP],(#g.#c2)[LOP],(e.#c3)[LOP],"],"id":1,"instruments":["piano","piano"],"alternatives":["",""]},{"bpm":132,"baseBeats":0.25,"scores":["mute[MOP],mute[MO],mute[M],mute[M],mute[M],mute[M],mute[M],mute[M],mute[M],mute[M],mute[M],mute[M],mute[M],mute[M],mute[M],mute[M],mute[M],mute[M],mute[M],mute[M],mute[M],mute[M],mute[M],mute[M],mute[M],mute[M],mute[M],mute[M],mute[M],mute[M],mute[M],mute[M],mute[M],mute[M],mute[M],mute[M],mute[M],mute[M],mute[M],mute[M],mute[M],mute[M],mute[M],mute[M],mute[M],mute[M],mute[M],mute[M],mute[M],mute[M],mute[M],mute[M],mute[M],mute[M],mute[M],mute[M],mute[M],mute[M],mute[M],mute[M],mute[M],mute[M],mute[M],mute[M],mute[M],mute[M],mute[M],mute[M],mute[M],mute[M],mute[M],mute[M],mute[M],mute[M],mute[M],mute[M],mute[M],mute[M],mute[M],mute[M],mute[M],mute[M],mute[M],mute[M],mute[M],mute[M],mute[M],mute[M],mute[M],mute[M],mute[M],mute[M],mute[M],mute[M],mute[M],mute[M],mute[M],mute[M],mute[M],mute[M],mute[M],mute[M],mute[M],mute[M],mute[M],mute[M],mute[M],mute[M],mute[M],mute[M],mute[M],mute[M],mute[M],mute[M],mute[M],mute[M],mute[M],mute[M],mute[M],mute[M],mute[M],mute[M],mute[M],mute[M],mute[M],mute[M],mute[M],mute[M],mute[M],mute[M],mute[M],mute[M],mute[M],mute[M],mute[M],mute[M],mute[M],mute[M],mute[M],mute[M],mute[M],mute[M],5<V>,mute[M],mute[M],mute[M],mute[M],mute[M],mute[M],mute[M],mute[M],mute[M],mute[M],mute[M],mute[M],mute[M],mute[M],mute[M],mute[M],mute[M],mute[M],mute[M],mute[M],mute[M],mute[M],mute[M],mute[M],mute[M],mute[M],mute[M],mute[M],mute[M],mute[M],mute[M],mute[M],mute[M],mute[M],mute[M],mute[M],mute[M],mute[M],mute[M],mute[M],mute[M],mute[M],mute[M],mute[M],mute[M],mute[M],mute[M],mute[M],mute[KNO],mute[LP],mute[LP],mute[LP],mute[MNOP],mute[MNOP],mute[MNOP],mute[MNOP],mute[MNO],mute[MNO],mute[MNP],mute[MNP],mute[LP],mute[KO],mute[MOP],mute[LM],mute[M],mute[M],mute[M],mute[M],mute[M],mute[M],mute[M],mute[M],mute[M],mute[M],mute[M],mute[M],mute[M],mute[M],mute[M],mute[M],mute[M],mute[M],mute[M],mute[M],mute[M],mute[LM],mute[M],5<V>,mute[M],mute[M],mute[M],mute[M],mute[M],mute[M],mute[M],mute[LM],mute[M],5<V>,5<V>,mute[M],mute[M],mute[M],mute[M],mute[M],mute[M],mute[LM],mute[M],5<V>,mute[M],mute[M],mute[M],mute[M],mute[M],mute[M],mute[M],mute[M],mute[M],mute[M],mute[M],mute[M],mute[M],mute[M],mute[M],mute[M],mute[M],mute[M],mute[M],mute[LM],mute[M],5<V>,mute[M],mute[M],mute[M],mute[M],mute[M],mute[M],mute[M],mute[LM],mute[M],5<V>,5<V>,mute[M],mute[M],mute[M],mute[M],mute[M],mute[M],mute[LM],mute[M],5<V>,mute[M],mute[M],mute[M],mute[M],mute[M],mute[M],mute[M],mute[M],mute[M],mute[M],mute[M],mute[M],mute[M],mute[M],mute[M],mute[M],mute[M],mute[M],mute[MN],5<V>,mute[MN],mute[M],mute[M],mute[M],mute[M],mute[M],mute[M],mute[M],mute[M],mute[M],mute[M],mute[M],mute[M],mute[M],mute[M],mute[M],mute[M],mute[M],mute[M],mute[M],mute[M],mute[MN],5<V>,mute[MN],mute[M],mute[M],mute[M],5<V>,5<V>,mute[M],mute[M],mute[M],mute[M],mute[M],mute[M],mute[M],mute[M],mute[M],mute[M],5<V>,5<V>,mute[M],mute[M],mute[M],mute[M],5<V>,mute[M],mute[M],mute[M],mute[M],mute[M],5<V>,mute[M],mute[M],mute[M],mute[M],mute[M],5<V>,5<V>,mute[M],mute[M],mute[M],mute[M],mute[M],mute[M],mute[M],mute[M],mute[M],mute[M],mute[M],mute[M],mute[M],mute[M],mute[M],mute[M],mute[M],mute[M],mute[M],mute[M],mute[M],mute[M],mute[M],mute[M],mute[M],mute[M],mute[M],mute[M],mute[M],mute[M],mute[M],mute[M],mute[M],mute[M],mute[M],mute[M],mute[M],mute[M],mute[M],mute[M],mute[M],mute[M],mute[M],mute[M],mute[M],mute[M],mute[M],mute[M],mute[M],mute[M],mute[M],mute[M],mute[M],mute[M],mute[M],mute[M],mute[M],mute[M],mute[M],mute[M],mute[M],mute[M],mute[M],mute[M],mute[M],mute[M],mute[M],mute[M],mute[M],mute[M],mute[M],mute[M],mute[M],mute[M],mute[M],mute[M],mute[M],mute[M],mute[M],mute[M],mute[M],mute[M],mute[M],mute[M],mute[M],mute[M],mute[M],mute[M],mute[M],mute[M],mute[M],mute[M],mute[M],mute[M],mute[LP],mute[LP],mute[LP],mute[LO],mute[LO],mute[LO],mute[LOP],mute[LOP],mute[LOP],mute[LN],mute[LN],mute[LN],mute[KMN],mute[KLMOP],mute[JKLNP],","(b1.b2)[MO],A-1[MP],e[MP],a[MP],#c1[M],e1[M],(#c2.a2.a1)[M],a1[M],e1[M],#c1[M],a[M],e[M],A-1[M],e[M],a[M],#c1[M],e1[M],a1[M],(e.#c2)[M],a1[M],e1[M],#c1[M],a[M],e[M],#f[M],A-1[M],#f[M],a[M],d1[M],#f1[M],(#c2.a)[M],a1[M],#f1[M],d1[M],a[M],#f[M],b[M],A-1[M],f[M],#g[M],d1[M],#f1[M],(#c2.#c1)[M],#g1[M],f1[M],d1[M],#g[M],f[M],#c1[M],(e1.A-1)[M],e[M],a[M],#c1[M],e1[M],#c2[M],a1[M],e1[M],#c1[M],a[M],e[M],A-1[M],e[NO],a[NO],#c1[M],e1[M],a1[N],#c2[M],e2[M],#c2[NO],a1[NO],e1[M],#c1[M],a[N],e[M],(A-1.#f2)[M],#f[NO],a[NO],d1[M],#f1[M],a1[N],#c2[M],a2[M],#c2[NO],a1[NO],#f1[M],d1[M],a[N],#f[M],(A-1.b2)[NO],f[NO],#g[NO],b[NO],d1[NO],f1[NO],#g1[NO],b1[NO],#c3[NO],b1[NO],#g1[NO],f1[NO],d1[NO],b[NO],#g[NO],f[NO],(A-1.#c3)[M],e[NO],(e3.a)[NO],#c1[M],e1[M],a1[N],#c2[M],e2[M],#c2[NO],a1[NO],e1[M],#c1[M],a[N],e[M],A-1[M],e[NO],a[NO],#c1[M],e1[M],#g1[N],#c2[M],e2[M],#c2[NO],#g1[NO],e1[M],#c1[M],a[N],e[M],#A-1[M],e[M],g[M],(e2.#c1.e3)[M],e1[M],g1[M],(#a1.e3.e2)[M],g1[M],e1[M],#c1[M],(g.e2.e3)[M],e[M],(#A-1.e3.e2)[M],e[M],(g.e2.e3)[M],c1[M],(e1.e2.e3)[M],(g1.e3.e2)[M],(c2.#g2.#g3)[M],g1[M],e1[M],c1[M],g[N],(e2.e3)[N],e[M],(e2.e3.#G-1)[M],f[M],#g[M],(f3.f2.c1)[M],f1[M],#g1[M],(#d4.#d3.c2)[M],#g1[M],f1[M],c1[M],#g[M],f[M],#A-1[M],f[M],(#c3.#c4.g)[M],#c1[M],(#a2.#a3.f1)[M],g1[M],(#g2.#g3.#c2)[M],g1[M],(g3.g2.f1)[M],#c1[M],(#d2.#d3.g)[M],f[M],(C-1.#c2.#c3)[M],#G-1[M],(c.c2.c3)[M],f[M],(#g.#g2.#g1)[M],c1[M],(#g1.g1.g2)[M],c1[M],(#g.f2.f1)[M],f[M],(#c.#c1.#c2)[M],#G-1[M],(C-1.#c2.#c1)[M],#A-1[M],e[M],g[M],#a[M],e1[M],g1[M],e1[M],#a[M],g[M],e[M],#A-1[KNO],(c1.c2)[LP],(b.b1)[LP],(c1.c2)[LP],(b1.b)[MNOP],(c2.c1)[MNOP],(b1.b)[MNOP],(c2.c1)[MNOP],(b1.b)[MNO],(c2.c1)[MNO],(b1.b)[MNP],(c2.c1)[MNP],(#d1.#d2)[LP],(#c1.#c2)[KO],(c1.c2)[MOP],(c2.F-2.c1)[LM],F-1[M],c[M],(a.f)[M],a[M],c1[M],(a1.f1)[M],a1[M],c2[M],(a2.f2)[M],a2[M],c3[M],(a3.f3)[M],(f3.a3)[M],c3[M],a2[M],(c.c1.f2.a2)[M],c2[M],a1[M],(f1.a1)[M],c1[M],a[M],(d.d1)[LM],b[M],(d1.f1)[N],F-1[N],(B-1.a1)[O],d[NO],(f1.f.a1)[M],(d2.b1)[M],a2[M],a2[M],(b2.d3)[M],a3[M],(g1.g)[LM],#a[M],(#c1.e1)[N],F-1[N],(#A-1.a1)[O],#c[O],e[N],(a1.a.#a1)[M],(e2.#c2)[M],a2[M],#a2[M],(#c3.e3)[M],a3[M],(c2.c1)[LM],a[M],c1[N],(F-2.A-2.C-1.F-1)[N],(a1.f1)[M],(F-1.C-1.A-2.F-2.a1)[M],c2[M],(a2.f2)[M],a2[M],c3[M],(a3.f3)[M],(f3.a3)[M],c3[M],a2[M],(f2.a2)[M],c2[M],a1[M],(c1.c.f2.a2)[M],c2[M],a1[M],(f1.a1)[M],c1[M],a[M],(d.d1)[LM],b[M],(d1.f1)[N],F-1[N],(B-1.a1)[O],d[NO],(f1.f.a1)[M],(d2.b1)[M],a2[M],a2[M],(b2.d3)[M],a3[M],(g1.g)[LM],#a[M],(#c1.e1)[N],F-1[N],(#A-1.a1)[O],#c[O],e[N],(a1.a.#a1)[M],(e2.#c2)[M],a2[M],#a2[M],(#c3.e3)[M],a3[M],(c2.c1)[LM],a[M],c1[N],(F-2.A-2.C-1.F-1)[N],(a1.f1)[M],(F-1.C-1.A-2.F-2.a1)[M],c2[M],(a2.f2)[M],a2[M],c3[M],(a3.f3)[M],(f3.a3)[M],c3[M],a2[M],(f2.a2)[M],c2[M],a1[M],(A-1.c.C-1.f2.a2)[M],c2[M],a1[M],(f1.a1)[M],c1[M],a[M],#D-1[N],#F-1[N],A-1[N],c[MN],a[M],c1[M],(a1.#f1)[M],(a1.#C-1)[NO],(a.e.#c)[O],#c2[M],(a2.e2)[M],a2[M],#c3[M],(a3.e3)[M],C-1[NO],(#g.#d.c)[O],#g1[M],c2[M],(#g2.#d2)[M],#g2[M],c3[M],(#g3.#d3.#G-2)[NO],(#d.c.#G-1)[O],c3[M],#g2[M],(c3.#d3)[M],#g2[M],#d2[M],#C-1[N],#G-1[N],#c[N],#f[MN],#f1[M],(#c2.#g1)[M],#f2[M],(e1.#C-1)[N],#G-1[N],(#c2.#g1.#c)[N],e[N],e2[M],e2[M],(#c3.#g2)[M],e3[M],e3[M],(#c4.#g3)[M],e4[M],e4[M],(#g3.#c4)[M],e3[M],(d3.B-2)[N],F-1[N],(#G-1.f2.#g2)[N],d[N],d2[M],d2[M],(f1.#g1)[M],d1[M],#A-2[N],#F-1[N],(d1.d)[M],(#a1.#f1)[M],d2[M],d2[M],(#a2.#f2)[NO],d3[O],#A-2[N],(#c3.#F-1)[N],(#f2.#a2.#c)[M],#c2[M],#c2[M],(#f1.#a1)[M],#c1[M],(e.e1.A-2)[N],E-1[N],(g.G-1)[N],#c[N],#c1[M],e1[M],g[M],#c1[M],e1[M],e1[M],g1[M],(e2.#c2)[M],g1[M],#c2[M],e2[M],e2[M],g2[M],(e3.#c3)[M],g2[M],#c3[M],e3[M],e3[M],g3[M],(#d3.c4)[M],(e3.#c4)[M],(#f3.#d4)[M],(#f4.a3)[M],(f4.#g3)[M],(e4.g3)[M],(#f3.#d4)[M],(f3.d4)[M],(e3.#c4)[M],(#d3.c4)[M],(d3.b3)[M],(#c3.#a3)[M],(c3.a3)[M],(b2.#g3)[M],(#a2.g3)[M],(a2.#f3)[M],(#g2.f3)[M],(g2.e3)[M],(c3.#d2)[M],(e2.#c3)[M],(#f2.#d3)[M],(a2.#f3)[M],(#g2.f3)[M],(g2.e3)[M],(#f2.#d3)[M],(f2.d3)[M],(e2.#c3)[M],(#d2.c3)[M],(d2.b2)[M],(#c2.#a2)[M],(c2.a2)[M],(b1.#g2)[M],(#a1.g2)[M],(a1.#f2)[M],(#g1.f2)[M],(g1.e2)[M],(#d1.c2)[M],(e1.#c2)[M],(#d2.#f1)[M],(a1.#f2)[M],(#g1.f2)[M],(g1.e2)[M],(#f1.#d2)[M],(f1.d2)[M],(e1.#c2)[M],(#d1.c2)[M],(d1.b1)[M],(#c1.#a1)[M],(c1.a1)[M],(b.#g1)[M],(#a.g1)[M],(#f1.a)[M],(f1.#g)[M],(e1.g)[M],(#d.c1)[M],(e.#c1)[M],(#f.#d1)[M],(a.#f1)[M],(#g.f1)[M],(g.e1)[M],(#d.c1)[M],(e.#c1)[M],(#f.#d1)[M],(a.#f1)[M],(#g.f1)[M],(g.e1)[M],(#d.c1)[M],(e.#c1)[M],(#f.#d1)[M],(a.#f1)[M],(#g.f1)[M],(g.e1)[M],(#d.c1)[M],(e.#c1)[M],(#f.#d1)[M],(a.#f1)[LP],(#g.f1)[LP],(g.e1)[LP],(#f.#d1)[LO],(f.d1)[LO],(e.#c1)[LO],(#d.c1)[LOP],(#f.#d1)[LOP],(e.#c1)[LOP],(g.e1)[LN],(#f.#d1)[LN],(a.#f1)[LN],(#g.e1)[KMN],(#d.A-1.#f.c1)[KLMOP],(A-1.#c1.e.g)[JKLNP],"],"id":2,"instruments":["piano","piano"],"alternatives":["",""]},{"bpm":135,"baseBeats":0.25,"scores":["mute[MO],mute[M],mute[M],mute[M],mute[M],mute[MNP],mute[MO],mute[MO],mute[MO],mute[MO],mute[M],mute[M],mute[M],mute[M],mute[M],mute[M],mute[M],mute[M],mute[M],mute[M],mute[M],mute[M],mute[M],mute[M],mute[M],mute[M],mute[M],mute[M],mute[M],mute[M],mute[M],mute[M],mute[M],mute[M],mute[M],mute[M],mute[M],mute[M],mute[M],mute[M],mute[M],mute[M],mute[M],mute[M],mute[M],mute[M],mute[M],mute[M],mute[M],mute[M],mute[M],mute[M],mute[M],mute[M],mute[M],mute[M],mute[M],mute[M],mute[M],mute[M],mute[M],mute[M],mute[M],mute[M],mute[M],mute[M],mute[M],mute[M],mute[M],mute[M],mute[M],mute[M],mute[M],mute[M],mute[M],mute[M],mute[M],mute[M],mute[M],mute[M],mute[M],mute[M],mute[M],mute[M],mute[M],mute[M],mute[M],mute[M],mute[M],mute[M],mute[M],mute[M],mute[M],mute[M],mute[M],5<V>,mute[M],mute[M],mute[M],mute[M],mute[M],mute[M],mute[M],mute[M],mute[M],mute[M],mute[M],mute[M],mute[M],mute[M],mute[M],mute[M],mute[M],mute[M],mute[M],mute[M],mute[M],mute[M],mute[M],5<V>,mute[M],mute[M],mute[M],mute[M],mute[M],mute[M],mute[M],mute[M],mute[M],mute[M],mute[M],5<V>,mute[M],mute[M],mute[M],mute[M],mute[M],mute[M],mute[M],mute[M],mute[M],mute[M],mute[M],5<V>,mute[M],mute[M],mute[M],mute[M],mute[M],mute[M],mute[M],mute[M],mute[M],mute[M],mute[M],mute[M],mute[M],mute[M],mute[M],mute[M],mute[M],mute[M],mute[M],mute[M],mute[M],mute[M],mute[M],5<V>,mute[M],mute[M],mute[M],mute[M],mute[M],mute[M],mute[M],mute[M],mute[M],mute[M],mute[M],5<V>,mute[M],mute[M],mute[M],mute[M],mute[M],mute[M],mute[M],mute[M],mute[M],mute[M],mute[MN],5<V>,mute[MN],mute[M],mute[M],mute[M],mute[M],mute[M],mute[M],mute[M],mute[M],mute[M],mute[M],mute[M],mute[M],mute[M],mute[M],mute[M],mute[M],mute[M],mute[M],mute[M],mute[M],mute[MN],5<V>,mute[MN],mute[M],mute[M],mute[M],mute[M],mute[M],mute[M],mute[M],mute[M],mute[M],mute[M],mute[M],mute[M],mute[M],mute[M],mute[M],mute[M],mute[M],mute[M],mute[M],mute[M],mute[MN],5<V>,mute[MN],mute[M],mute[M],mute[M],mute[M],mute[M],mute[M],mute[M],mute[M],mute[M],mute[M],mute[M],mute[M],mute[M],mute[M],mute[M],mute[M],mute[M],mute[M],mute[M],mute[M],mute[M],mute[M],mute[M],mute[M],mute[M],mute[M],mute[M],mute[M],mute[M],mute[M],mute[M],mute[M],mute[M],mute[M],mute[M],mute[M],mute[M],mute[M],mute[M],mute[M],mute[M],mute[M],mute[M],mute[M],mute[M],mute[M],mute[M],mute[M],mute[M],mute[M],mute[M],mute[M],mute[M],mute[M],mute[M],mute[M],mute[M],mute[M],mute[M],mute[M],mute[M],mute[M],mute[M],mute[M],mute[M],mute[M],mute[M],mute[M],mute[M],mute[M],mute[M],mute[M],mute[M],mute[M],mute[M],mute[M],mute[M],mute[M],mute[M],mute[M],mute[M],mute[M],mute[M],mute[MOP],mute[MO],mute[MO],mute[MO],mute[MOP],mute[MN],mute[MOP],mute[M],mute[M],mute[M],mute[MN],5<V>,mute[M],mute[M],mute[M],mute[M],mute[M],mute[M],mute[M],mute[M],mute[M],mute[M],mute[M],mute[M],mute[M],mute[M],mute[M],mute[M],mute[M],mute[M],mute[M],mute[M],mute[M],mute[M],mute[M],mute[M],mute[M],mute[M],mute[M],mute[M],mute[M],mute[M],mute[M],mute[M],mute[M],mute[M],mute[M],mute[M],mute[M],mute[M],mute[M],mute[M],mute[M],mute[M],mute[M],mute[M],mute[M],mute[M],mute[M],mute[M],mute[M],mute[M],mute[M],mute[M],mute[M],mute[M],mute[M],mute[M],mute[M],mute[M],mute[M],mute[M],mute[M],mute[M],mute[M],mute[M],mute[M],mute[JK],mute[M],mute[M],mute[M],mute[M],mute[M],mute[M],mute[M],mute[M],mute[M],mute[M],mute[M],mute[M],mute[M],mute[M],mute[M],mute[M],mute[M],mute[M],mute[M],mute[M],mute[M],mute[M],mute[M],mute[M],mute[M],mute[M],mute[M],mute[M],mute[M],mute[M],mute[M],mute[M],mute[M],mute[M],mute[M],mute[M],mute[M],mute[M],mute[M],mute[M],mute[M],mute[M],mute[M],mute[M],mute[M],mute[M],mute[M],mute[M],mute[M],mute[M],mute[M],mute[M],mute[M],mute[M],mute[M],mute[M],mute[M],mute[M],mute[M],mute[M],mute[M],mute[M],mute[M],mute[M],mute[M],mute[M],mute[M],mute[M],mute[M],mute[M],mute[M],mute[M],mute[M],mute[M],mute[M],mute[M],mute[M],mute[M],mute[M],mute[M],mute[M],mute[M],mute[M],mute[M],mute[M],mute[M],mute[M],mute[M],mute[M],mute[M],mute[M],mute[M],mute[M],mute[M],mute[M],mute[M],mute[M],mute[M],mute[M],mute[M],mute[M],mute[M],mute[M],mute[M],mute[M],mute[M],mute[M],mute[M],mute[M],mute[M],mute[M],mute[M],mute[M],mute[M],mute[M],mute[M],mute[M],mute[M],mute[M],mute[M],mute[M],mute[M],mute[M],mute[M],mute[M],mute[M],mute[M],mute[M],mute[M],mute[M],mute[M],mute[M],mute[M],mute[M],mute[M],mute[M],mute[M],mute[M],mute[M],mute[M],mute[M],mute[M],mute[M],mute[M],mute[M],mute[M],mute[M],mute[M],mute[M],mute[M],mute[M],mute[M],mute[M],mute[M],mute[M],mute[M],mute[M],mute[M],mute[M],mute[M],mute[M],mute[M],mute[M],mute[M],mute[M],mute[M],mute[M],mute[M],mute[M],mute[M],mute[M],mute[M],mute[M],mute[M],mute[M],mute[M],mute[M],mute[M],mute[M],mute[M],mute[M],mute[M],mute[M],mute[M],mute[M],mute[M],mute[M],mute[M],mute[M],mute[M],mute[M],mute[M],mute[M],mute[M],mute[M],mute[M],mute[M],mute[M],mute[M],mute[M],mute[M],mute[M],mute[M],mute[M],mute[M],mute[M],mute[M],mute[M],mute[M],mute[M],mute[M],mute[M],mute[M],mute[M],mute[M],mute[M],mute[M],mute[M],mute[M],mute[M],mute[M],mute[M],mute[M],mute[M],mute[M],mute[M],mute[M],mute[M],mute[M],mute[JLMO],mute[JLP],mute[JKMN],mute[M],mute[M],mute[M],mute[M],mute[M],mute[M],mute[M],mute[M],mute[M],mute[M],mute[M],mute[M],mute[M],mute[M],mute[M],mute[M],mute[M],mute[M],mute[M],mute[M],mute[M],mute[M],mute[M],mute[M],mute[M],mute[M],mute[M],mute[M],mute[M],mute[M],mute[M],mute[M],mute[M],mute[M],mute[M],mute[M],mute[M],mute[M],mute[M],mute[M],mute[M],mute[M],mute[M],mute[M],mute[M],mute[M],mute[M],mute[M],mute[M],mute[M],mute[M],mute[M],mute[M],mute[M],mute[M],mute[M],mute[M],mute[M],mute[M],mute[M],mute[M],mute[M],mute[M],mute[M],mute[M],mute[M],mute[M],mute[M],mute[M],mute[M],mute[M],mute[M],mute[M],mute[M],mute[M],mute[M],mute[M],mute[M],mute[M],mute[M],mute[M],mute[M],mute[M],mute[M],mute[M],mute[M],mute[M],mute[M],mute[M],mute[M],mute[M],mute[M],mute[M],mute[M],mute[M],mute[M],5<V>,mute[M],mute[M],mute[M],mute[M],mute[M],mute[M],mute[M],mute[M],mute[M],mute[M],mute[M],mute[M],mute[M],mute[M],mute[M],mute[M],mute[M],mute[M],mute[M],mute[M],mute[M],mute[M],mute[M],5<V>,5<V>,mute[M],mute[M],mute[M],mute[M],mute[M],mute[M],mute[M],mute[M],mute[M],mute[M],mute[M],mute[M],mute[M],mute[M],mute[M],mute[M],mute[M],mute[M],mute[M],mute[M],mute[MN],5<V>,5<V>,mute[M],mute[M],mute[M],mute[M],mute[M],mute[M],mute[M],mute[M],mute[M],mute[M],mute[M],mute[M],mute[M],mute[M],mute[M],mute[M],mute[M],mute[M],mute[M],mute[M],mute[M],mute[M],5<V>,5<V>,mute[M],mute[M],mute[M],mute[M],mute[M],mute[M],mute[M],mute[M],mute[M],mute[M],mute[M],mute[M],mute[M],mute[M],mute[M],mute[M],mute[M],mute[M],mute[M],mute[M],mute[M],mute[M],mute[M],mute[M],mute[M],mute[M],mute[M],mute[M],mute[M],mute[M],mute[M],mute[M],mute[M],mute[M],mute[M],mute[MN],mute[JLMNO],mute[MO],mute[M],mute[M],mute[MO],mute[MO],mute[M],mute[M],mute[MO],mute[M],mute[M],mute[MO],mute[MO],mute[M],mute[JKO],mute[M],mute[M],mute[M],mute[M],mute[M],mute[M],mute[M],mute[M],mute[MO],mute[M],mute[MO],mute[M],mute[MO],mute[M],mute[JKNO],mute[M],mute[M],mute[M],mute[M],mute[M],mute[M],mute[M],mute[M],mute[M],mute[MOP],mute[MOP],mute[MOP],mute[MOP],mute[MOP],mute[JMNOP],mute[JKNP],mute[KO],mute[JN],mute[INOP],mute[JKNP],mute[KO],mute[JN],mute[JN],mute[INOP],mute[INOP],mute[INOP],mute[INOP],mute[IJLM],mute[KMNP],mute[M],mute[M],mute[MOP],mute[IL],mute[JM],mute[KMNP],mute[M],mute[M],mute[MOP],mute[H],Q,","a1[MO],#G-1[MP],#d[MP],#g[MP],c1[MP],#d1[MP],#g1[MO],#d1[MO],c1[MO],#g[MO],#d[M],#G-1[M],#d[M],#g[M],c1[M],#d1[M],#g1[M],(c2.#g1)[M],#g1[M],#d1[M],c1[M],#g[M],#d[M],(#G-1.#c2.a1)[M],e[M],a[M],#c1[M],e1[M],a1[M],(e2.#c2)[M],a1[M],e1[M],#c1[M],a[M],e[M],(#F-1.#f2.d2)[M],#f[NO],a[NO],d1[M],#f1[M],a1[N],d2[M],(#f2.a2)[M],d2[NO],a1[NO],#f1[M],d1[M],a[N],#f[M],(#g2.c3.#G-1)[M],#d[NO],#g[NO],c1[M],#d1[M],#g1[N],c2[M],#d2[M],c2[NO],#g1[NO],#d1[M],c1[M],#g[N],#d[M],#G-1[M],#d[M],#g[M],c1[M],#d1[M],#g1[M],(#g1.c2)[M],#g1[M],#d1[M],c1[M],#g[M],#d[M],(#G-1.#c2.a1)[M],e[M],a[M],#c1[M],e1[M],a1[M],(e2.#c2)[M],a1[M],e1[M],#c1[M],a[M],e[M],(#F-1.#f2.d2)[M],#f[NO],a[NO],d1[M],#f1[M],a1[N],d2[M],(#f2.a2)[M],d2[NO],a1[NO],#f1[M],d1[M],a[N],#f[M],(#g1.#G-1)[N],#g2[N],(#d.c3)[NO],#g[NO],c1[M],#d1[M],#g1[N],c2[M],#d2[M],c2[NO],#g1[NO],#d1[M],c1[M],#g[N],#d[M],#F-1[M],#d[NO],#g[NO],c1[M],#d1[M],#g1[N],c2[M],#d2[M],c2[NO],#g1[NO],#d1[M],c1[M],#g[N],#d[M],(a1.F-1)[N],#d2[N],(#d.c3)[NO],a[NO],c1[M],#d1[M],a1[N],c2[M],#d2[M],c2[NO],a1[NO],#d1[M],c1[M],a[N],#d[M],(a1.E-1)[N],e2[N],(e.c3)[NO],a[NO],c1[M],e1[M],a1[N],c2[M],e2[M],c2[NO],a1[NO],e1[M],c1[M],a[N],e[M],(d2.D-1)[N],a2[N],(#f.#f3)[NO],a[NO],d1[M],#f1[M],a1[N],d2[M],#f2[M],d2[NO],a1[NO],#f1[M],d1[M],a[N],#f[M],C-1[M],#f[NO],a[NO],d1[M],#f1[M],a1[N],d2[M],#f2[M],d2[NO],a1[NO],#f1[M],d1[M],a[N],#f[M],(#d2.B-2)[N],b2[N],(#f.#f3)[NO],b[NO],#d1[M],#f1[M],b1[N],#d2[M],#f2[M],#d2[NO],b1[NO],#f1[M],#d1[M],b[N],#f[M],(#d2.A-2)[N],b2[N],(#f.#f3)[NO],b[NO],#d1[M],#f1[M],b1[N],#d2[M],#f2[M],#d2[NO],b1[NO],#f1[M],#d1[M],b[N],#f[M],(#f2.#G-2)[N],c3[N],#d3[N],a3[MN],#G-1[M],(c1.#d)[M],(#d1.#f)[M],(c1.a1)[M],(#d1.c2)[M],(#f1.#d2)[M],(c2.a2)[M],(#d2.c3)[M],(#f2.#d3)[M],(c3.a3)[M],(#f2.#d3)[M],(c2.a2)[M],(#f1.#d2)[M],a2[M],#d3[M],(c3.a3)[M],(#f2.#d3)[M],(c2.a2)[M],(#f1.#d2)[M],a2[M],#d3[M],(#f2.#G-2)[N],c3[N],#d3[N],a3[MN],#G-1[M],(c1.#d)[M],(#d1.#f)[M],(c1.a1)[M],(#d1.c2)[M],(#f1.#d2)[M],(c2.a2)[M],(#d2.c3)[M],(#f2.#d3)[M],(c3.a3)[M],(#f2.#d3)[M],(c2.a2)[M],(#f1.#d2)[M],a2[M],#d3[M],(c3.a3)[M],(#f2.#d3)[M],(c2.a2)[M],(#f1.#d2)[M],a2[M],#d3[M],(#f2.#G-2)[N],c3[N],#d3[N],a3[MN],#G-1[M],(c1.#d)[M],(#d1.#f)[M],(c1.a1)[M],(#d1.c2)[M],(#f1.#d2)[M],(c2.a2)[M],(#d2.c3)[M],(#f2.#d3)[M],(c3.a3)[M],(#f2.#d3)[M],(c2.a2)[M],(#f1.#d2)[M],a2[M],#d3[M],(c3.a3)[M],(#f2.#d3)[M],(c2.a2)[M],(#f1.#d2)[M],a2[M],#d3[M],(c3.a3)[M],(#f2.#d3)[M],(c2.a2)[M],(#f1.#d2)[M],a2[M],#d3[M],(c3.a3)[M],(#f2.#d3)[M],(c2.a2)[M],(#f1.#d2)[M],a2[M],#d3[M],(c3.a3)[M],(#f2.#d3)[M],(c2.a2)[M],(#f1.#d2)[M],a2[M],#d3[M],(#d3.c4)[M],(#f2.#d3)[M],(b1.a2)[M],(#d2.c3)[M],(#f1.#d2)[M],(b.a1)[M],(#f1.#d2)[M],(a1.#f2)[M],(#d2.c3)[M],(b1.a2)[M],(#f2.#d3)[M],(a2.#f3)[M],(#d3.c4)[M],(#f2.#d3)[M],(b1.a2)[M],(#d2.c3)[M],(#f1.#d2)[M],(b.a1)[M],(#f1.#d2)[M],(a1.#f2)[M],(#d2.c3)[M],(b1.a2)[M],(#f2.#d3)[M],(a2.#f3)[M],(#d3.c4)[M],(#f2.#d3)[M],(a2.#f3)[M],(b1.a2)[M],(#f2.#d3)[M],(a2.#f3)[M],(#d3.c4)[M],(#f2.#d3)[M],(a2.#f3)[M],(b1.a2)[M],(#f2.#d3)[M],(a2.#f3)[M],(#d3.c4)[M],(#f2.#d3)[M],(a2.#f3)[M],(b1.a2)[M],(#f2.#d3)[M],(a2.#f3)[M],(#d3.c4)[MP],(#f2.#d3)[MP],(a2.#f3)[MP],(b1.a2)[MO],(#f2.#d3)[MO],(a2.#f3)[MO],(#d3.c4)[MOP],(#d3.#f2)[MP],#f3[OP],a2[MOP],(a2.b1)[NO],#d3[NO],#f2[NO],#f3[NO],a2[OP],c4[MP],(c3.#g.#f3)[O],#g3[O],(f4.#d1)[N],(#d4.#f1)[N],c2[O],#c4[NO],c4[M],#a3[M],#g3[NO],g3[NO],(#c3.#a3)[M],(c3.#g3)[M],(#a2.#f3)[M],(#g2.f3)[M],(#f2.#d3)[M],(f2.d3)[M],(#a2.#f3)[NO],(#g2.f3)[NO],(#f2.#d3)[NO],(f2.#c3)[NO],(#d2.c3)[NO],(#c2.#a2)[NO],#g2[NO],(b1.g2)[NO],(#c2.#a2)[M],(c2.#g2)[M],(#a1.#f2)[M],(#g1.f2)[M],(#f1.#d2)[M],(f1.d2)[M],(#a1.#f2)[NO],(#g1.f2)[NO],(#f1.#d2)[NO],(f1.#c2)[NO],(#d1.c2)[NO],(#c1.#a1)[NO],(c1.#g1)[NO],(b.g1)[NO],(#c1.#a1)[M],(c1.#g1)[M],(#a.#f1)[M],(#g.f1)[M],(#f.#d1)[M],(f.d1)[M],(#a.#f1)[M],(#g.f1)[NO],(#d1.#f)[NO],(f.#c1)[M],(#d.c1)[M],(#c.#a)[NO],(#g.c)[NO],(B-1.g)[NO],(c.#g)[NO],(#c.#a)[NO],(#d.c1)[NO],(f.#c1)[NO],(#f.#d1)[NO],(#g.f1)[NO],(#a.#f1)[NO],(b.g1)[NO],(c1.#g1)[NO],(#c1.#a1)[NO],(#d1.c2)[NO],(f1.#c2)[NO],(#f1.#d2)[NO],(#g1.f2)[NO],(#a1.#f2)[NO],(b1.g2)[NO],(c2.#g2)[NO],(#c2.#a2)[NO],(#d2.c3)[NO],(f2.#c3)[NO],(#f2.#d3)[NO],(#g2.f3)[NO],(a2.#f3)[NO],(#a2.g3)[NO],(b2.#g3)[NO],(c3.a3)[NO],(#c3.#a3)[NO],(d3.b3)[NO],(#d3.c4)[NO],(e3.#c4)[NO],(f3.d4)[NO],(#f3.#d4)[JK],(#g.#C-1)[M],#c1[M],(#g1.#G-1)[M],#g1[M],(#c2.f)[M],#g2[M],(#a2.#a)[M],#c2[M],(#a1.f)[M],#a1[M],(#c1.#c)[M],#a[M],(#c1.#C-1)[M],#g1[M],(#c2.#G-1)[M],#c2[M],(#g2.f)[M],#c3[M],(#d1.#d3)[M],#a2[M],(#a.#d2)[M],#d2[M],(#f.#a1)[M],#d1[M],(#C-1.f1)[M],#a1[M],(#A-1.f2)[M],f2[M],(#f.#a2)[M],f3[M],(#d1.#d3)[M],#a2[M],(#a.#d2)[M],#d2[M],(#f.#a1)[M],#d1[M],(#C-1.#a)[M],#d1[M],(#A-1.#a1)[M],#a1[M],(#f.#d2)[M],#a2[M],(#c3.#c1)[M],#g2[M],(#c2.#g)[M],#c2[M],(#g1.f)[M],#c1[M],(#g.#C-1)[M],#c1[M],(#g1.#G-1)[M],#c1[M],(#g1.f)[M],#c2[M],(#g1.#g)[M],#c2[M],(#g2.#c1)[M],#c2[M],(#g2.f1)[M],#c3[M],(#g2.#g1)[M],#c3[M],(#g3.#c2)[M],#c3[M],(#g3.f2)[M],#c4[M],#g3[M],#c3[M],#g2[M],#c2[M],#g1[M],#c1[M],(#g.#C-1)[M],#c1[M],(#g1.#G-1)[M],#g1[M],(#c2.f)[M],#g2[M],(#a2.#a)[M],#c2[M],(#a1.f)[M],#a1[M],(#c1.#c)[M],#a[M],(#c1.#C-1)[M],#g1[M],(#c2.#G-1)[M],#c2[M],(#g2.f)[M],#c3[M],(#d1.#d3)[M],#a2[M],(#a.#d2)[M],#d2[M],(#f.#a1)[M],#d1[M],(#C-1.f1)[M],#a1[M],(#A-1.f2)[M],f2[M],(#f.#a2)[M],f3[M],(#d1.#d3)[M],#a2[M],(#a.#d2)[M],#d2[M],(#f.#a1)[M],#d1[M],(#C-1.#a)[M],#d1[M],(#A-1.#a1)[M],#a1[M],(#f.#d2)[M],#a2[M],(#c3.#c1)[M],#g2[M],(#c2.#g)[M],#c2[M],(#g1.f)[M],#c1[M],(#g.#C-1)[M],#c1[M],(#g1.#G-1)[M],#c1[M],(#g1.f)[M],#c2[M],(#g1.#g)[M],#c2[M],(#g2.#c1)[M],#c2[M],(#g2.f1)[M],#c3[M],(#g2.#g1)[M],#c3[M],(#g3.#c2)[M],#c3[M],(#g3.f2)[M],#c4[M],#g3[M],#c3[M],#g2[M],#c2[M],#g1[M],#c1[M],(A-1.#f1)[M],c2[M],(#d.#f2)[M],#f2[M],(c1.c3)[M],#f3[M],(f1.f3)[M],c3[M],(c1.f2)[M],f2[M],(a.c2)[M],f1[M],(A-1.c1)[M],f1[M],(f.c2)[M],c2[M],(c1.f2)[M],c3[M],(#d3.#d1)[M],#a2[M],(#d2.#f)[M],#d2[M],(#a1.#A-1)[M],#d1[M],(#c1.#A-1)[M],f1[M],(#c2.#f)[M],#c2[M],(f2.#c1)[M],#c3[M],(#g1.f1.b.d1)[M],b1[M],(#g2.#f)[M],#g2[M],(b2.#F-1)[M],#g3[M],(#f1.#d1.#a)[M],#a1[M],(#f2.#f)[M],#f2[M],(#a2.#F-1)[M],#f3[M],(#g.f.#G-1)[M],#c1[M],#g1[M],(#g1.#G-2)[M],#c2[M],#g2[M],(g.e.#G-1)[M],#c1[M],g1[M],(#g.f.#G-1)[M],#c1[M],#g1[M],(f1.c1.#f.#G-1)[M],#g1[M],#g1[M],f2[M],#g1[M],f2[M],f2[M],#g2[M],#g2[M],f3[M],#g2[M],f3[M],f3[M],#g3[M],#g3[M],f4[M],#g3[M],#g3[M],f3[M],f3[M],#g2[M],#g2[M],f2[M],f2[M],#g1[M],#g1[M],f1[M],#g2[M],f2[M],#g3[M],f3[M],#g4[JLMO],(f1.#g1.#f.c1.#G-2.#G-1)[JLP],#d1[JKMN],#C-1[M],#G-1[M],#c[M],f[M],#c1[M],f1[M],#g1[M],f1[M],#c1[M],f[M],#c[M],#G-1[M],#C-1[M],B-1[M],#c[M],f[M],#g[M],#c1[M],(#c1.f1)[M],#c1[M],#g[M],f[M],#c[M],B-1[M],(#C-1.#f1.d1)[M],A-1[M],d[M],#f[M],a[M],d1[M],(a1.#f1)[M],d1[M],a[M],#f[M],d[M],A-1[M],(#C-1.b1.g1)[M],B-1[NO],d[NO],g[M],b[M],d1[NO],g1[NO],(d2.b1)[M],g1[NO],d1[NO],b[M],g[M],d[N],B-1[M],(#C-1.#c2.f2)[M],#G-1[NO],#c[NO],f[M],#g[M],#c1[NO],f1[NO],#g1[M],f1[NO],#c1[NO],#g[M],f[M],#c[N],#G-1[M],#C-1[NO],f[NO],#g[NO],b[NO],#c1[NO],f1[NO],#g1[NO],#c2[NO],(#c2.f2)[NO],#c2[NO],#g1[NO],f1[NO],#c1[NO],b[NO],#g[NO],f[NO],(#C-1.d2.#f2)[M],#F-1[NO],A-1[NO],d[M],#f[M],a[NO],d1[NO],(#f2.a2)[M],d1[NO],a[NO],#f[M],d[M],A-1[N],#F-1[M],(#C-1.b2.g2)[M],B-1[NO],d[NO],g[M],b[M],d1[NO],g1[NO],(b2.d3)[M],g1[NO],d1[NO],b[M],g[M],d[N],B-1[M],(#c.#c2)[N],#g2[N],(#g.#c3)[N],f3[O],#c1[NO],f1[M],#g1[M],#c2[NO],f2[NO],#g2[M],f2[NO],#c2[NO],#g1[M],f1[M],#c1[N],#g[M],B-1[NO],#g[NO],#c1[NO],f1[NO],#g1[NO],#c2[NO],f2[NO],#g2[NO],#c3[NO],#g2[NO],f2[NO],#c2[NO],#g1[NO],f1[NO],#c1[NO],#g[NO],(d2.#A-1)[N],#a2[O],f[O],f3[N],#a[N],d1[NO],f1[NO],#a1[N],d2[NO],f2[NO],#a2[N],d3[NO],#a2[NO],f2[N],d2[NO],#a1[NO],f1[N],d1[NO],#a[NO],f[N],#G-1[NO],f[NO],#a[N],d1[NO],f1[NO],#a1[N],d2[NO],f2[NO],#a2[N],d3[NO],#a2[NO],f2[N],d2[NO],#a1[NO],f1[N],d1[NO],#a[NO],f[N],(d2.G-1)[N],b2[O],g[O],g3[N],b[N],d1[NO],g1[NO],b1[N],d2[NO],g2[NO],b2[N],d3[NO],b2[NO],g2[N],d2[NO],b1[NO],g1[N],d1[NO],b[NO],g[N],F-1[NO],g[NO],b[N],d1[NO],g1[NO],b1[N],d2[NO],g2[NO],b2[N],d3[NO],b2[NO],g2[N],d2[NO],b1[NO],g1[N],d1[NO],b[NO],g[N],(E-1.e2)[N],b2[O],#g[O],#g3[N],b[N],e1[NO],#g1[NO],b1[N],e2[NO],#g2[NO],b2[N],e3[NO],b2[NO],#g2[N],e2[NO],b1[NO],#g1[N],e1[NO],b[NO],#g[N],D-1[NO],#g[NO],b[N],e1[NO],#g1[NO],b1[N],e2[NO],#g2[NO],b2[N],e3[NOP],b2[NOP],#g2[NP],e2[NOP],b1[NOP],#g1[NP],e1[NOP],b[NOP],#g[NP],#C-1[MP],#G-1[NOP],#c[NOP],f[MP],#g[MP],#c1[NOP],f1[NOP],#g1[MP],#c2[NOP],f2[NOP],#g2[MP],#c3[MP],f3[NOP],#g3[JLMNO],#A-2[MO],#A-1[M],#c[M],f[MO],#a[MO],#c1[M],f1[M],#a1[MO],#c2[M],f2[M],#a2[MO],#c3[MO],f3[M],#a3[JKO],#F-2[M],#F-1[M],#c[M],#f[M],#a[M],#c1[M],#f1[M],#a1[M],#c2[MO],#f2[M],#a2[MO],#c3[M],#f3[MO],#a3[M],#c4[JKNO],#D-2[MP],#D-1[MP],#A-1[NO],#d[MP],#f[MP],#a[NO],#d1[MP],#f1[MP],#a1[NO],#d2[MOP],#f2[MOP],#a2[MOP],#d3[MOP],#f3[MOP],#a3[JMNOP],#d4[JKNP],(f2.f4.f3)[KO],(#d4.#d3.#d2)[JN],(#a2.#a3.#a1)[INOP],#d1[JKNP],f1[KO],#d1[JN],(#d.#f.#a)[JN],(#c.f.#g.#c1)[INOP],(e.a.#c1.A-1)[INOP],(#f.#F-1.#a.#c1)[INOP],(#f.#D-1.#d1.#a)[INOP],(#C-1.#G-1.f.#g.#c1.f1)[IJLM],f1[KMNP],F-2[MP],C-1[MP],F-1[MP],(f.a.c1.f1.c)[IL],f1[JM],f1[KMNP],#C-2[NO],#G-2[NO],#C-1[NO],#G-1[MP],(f.#g.#c1.f1)[H],Q,"],"id":3,"instruments":["piano","piano"],"alternatives":["",""]}],"audition":{"start":[0,0],"end":[1,0]}}