{"baseBpm":68,"musics":[{"bpm":68,"baseBeats":0.25,"scores":["U,VW,5<V>,5<V>,5<V>,5<V>,5<V>,VW,VW,5<V>,5<V>,5<V>,5<V>,V,VW,5<V>,5<V>,5<V>,5<V>,5<V>,5<V>,V,5<V>,V,V,V,V,V,V,V,V,5<V>,5<V>,5<V>,5<V>,5<V>,5<V>,V,5<V>,V,V,V,V,V,V,V,V,5<V>,5<V>,5<V>,5<V>,5<V>,5<V>,V,5<V>,V,V,V,V,V,V,V,V,5<V>,5<V>,5<V>,5<V>,5<V>,5<V>,V,5<V>,V,V,V,V,V,V,V,V,V,V,V,V,V,V,V,5<V>,V,","(f.F-1.f2.a1)[L],c2[N],#d2[M],d2[N],(#g.#G-1)[N],#d2[N],#d2[N],#d2[N],c2[N],(#d2.c2)[N],(g2.#d2.c2)[N],(#a2.g2.#d2.c2)[N],(#a.#A-1)[N],(#d3.#a2.g2.f2)[MN],(#d.#D-1)[N],(#d.#D-1)[M],(#d.#D-1)[N],(c.C-1)[N],(f3.c3.#g2.f2)[N],(c.C-1)[N],(f3.c3.a2.f2)[N],(c.C-1.f2)[N],(a2.f2)[N],(c3.a2.f2)[N],(f3.c3.a2.f2)[N],(F-1.c2.a1)[M],(c1.a)[M],(F-1.#a2.f2)[N],a2[N],(c1.a)[N],(f2.a1)[N],#D-1[N],c2[N],(#a.g.d2)[N],(#d2.#a1)[N],#D-1[N],d2[N],(#a.g.c2)[N],#a1[N],(F-1.a1.f1)[M],(c1.a)[N],c2[N],#D-1[M],(#d1.g)[M],F-1[M],(f1.a)[M],F-1[M],(f1.a)[M],(F-1.c2.a1)[M],(f1.a)[M],(#D-1.#a2.f2)[N],a2[N],(#d1.g)[N],(f2.a1)[N],D-1[N],(a2.c2)[N],(d1.f.#a2)[N],a2[N],(#C-1.g2.d2)[N],a2[N],(#c1.f.#a2)[N],(b2.#d2)[N],(C-1.c3.e2)[M],(g.c)[N],g2[N],D-1[M],(a.d)[M],#D-1[M],(#a.#d)[M],E-1[M],(c1.e)[M],(F-1.c2.a1)[M],(c1.a)[M],(F-1.#a2.f2)[N],a2[N],(c1.a)[N],(f2.a1)[N],#D-1[N],c2[N],(#a.g.d2)[N],(#d2.#a1)[N],#D-1[N],d2[N],(#a.g.c2)[N],#a1[N],(F-1.a1.f1)[M],(c1.a)[N],c2[N],#D-1[M],(#d1.g)[M],F-1[M],(f1.a)[M],F-1[M],(f1.a)[M],(F-1.c2.a1)[M],(f1.a)[M],(#D-1.#a2.f2)[N],a2[N],(#d1.g)[N],(f2.a1)[N],D-1[N],(a2.c2)[N],(d1.f.#a2)[N],a2[N],(#C-1.g2.d2)[N],a2[N],(#c1.f.#a2)[N],(d3.#d2)[N],(C-1.c3.g2)[M],(g.c)[N],(e2.c2)[N],D-1[M],(a.d)[M],#D-1[M],(#a.#d)[M],E-1[M],(c1.e)[M],(#A-2.d1.#a)[M],#A-1[M],(#A-2.#a1.d1)[M],#A-1[M],#A-2[M],(#A-1.#a1.d1)[M],(#A-2.c2.#d1)[M],(#A-1.d2.f1)[M],(#A-2.#d2.g1)[M],#A-1[N],(d2.f1)[N],#A-2[M],"],"id":1,"instruments":["piano","piano"],"alternatives":["",""]},{"bpm":68,"baseBeats":0.25,"scores":["V,V,V,V,V,V,V,V,V,V,V,V,V,V,V,V,V,V,V,V,V,V,V,V,V,V,V,V,V,V,5<V>,V,V,V,V,V,V,V,V,V,V,V,V,V,V,VW,VW,V,U,U,V,V,5<V>,5<V>,5<V>,5<V>,5<V>,5<V>,V,V,5<V>,5<V>,V,5<V>,5<V>,V,V,V,5<V>,5<V>,5<V>,5<V>,5<V>,5<V>,V,V,V,V,V,V,V,V,V,V,5<V>,5<V>,5<V>,5<V>,5<V>,5<V>,V,V,5<V>,5<V>,V,5<V>,5<V>,V,V,V,5<V>,5<V>,5<V>,5<V>,5<V>,5<V>,V,V,V,V,V,V,V,V,5<V>,5<V>,5<V>,5<V>,5<V>,5<V>,5<V>,5<V>,5<V>,5<V>,V,V,V,V,V,V,V,V,5<V>,5<V>,5<V>,5<V>,5<V>,5<V>,V,5<V>,V,V,V,V,V,V,V,V,5<V>,5<V>,5<V>,5<V>,5<V>,5<V>,","(#A-1.c2.#d1)[M],(#A-2.d2.f1)[M],#A-1[M],(#A-2.f1.d1.#a)[M],#A-1[M],(#A-2.d2.f1.d1)[M],#A-1[M],(#A-2.c2.#d1.c1)[M],#A-1[M],(#A-2.d2.f1.d1)[M],#A-1[M],(#A-2.c2.#d1.c1)[M],#A-1[M],(#A-2.d2.f1.d1)[M],#A-1[M],(#A-2.#d2.g1.#d1)[M],#A-1[M],(#A-2.d2.f1.d1)[M],#A-1[M],(#A-2.#a2.d2.#a1)[M],#A-1[M],(#A-2.d1.#a)[M],#A-1[M],(#A-2.#a1.d1)[M],#A-1[M],#A-2[M],(#A-1.#a1.d1)[M],(#A-2.c2.#d1)[M],(#A-1.d2.f1)[M],(#A-2.#d2.g1)[M],#A-1[N],(d2.f1)[N],#A-2[M],(#A-1.c2.#d1)[M],(#A-2.d2.f1)[M],#A-1[M],(#A-2.#a2.d2.#a1)[M],#A-1[M],(#D-1.d3.#a2.g2.f2)[M],#d[M],(#D-1.d3.#a2.g2)[M],#d[M],(F-1.#a2.g2.#d2)[M],f[M],(F-1.#a2.#g2.#d2)[M],f[M],(f.F-1.f2.d2.#a1)[MN],(f.F-1.f2.d2.#a1)[MN],(f.F-1.f2.d2.#a1)[M],(g.G-1.g2.e2.c2.g1)[L],(g.G-1)[L],(F-1.c2.a1)[M],(c1.a.f)[M],(F-1.#a2.f2)[N],a2[N],(c1.a.f)[N],(f2.a1)[N],#D-1[N],c2[N],(#d1.#a.g.d2)[N],(#d2.#a1)[N],#D-1[N],d2[N],(#d1.#a.g.c2)[N],#a1[N],(F-1.c2.f1)[M],(c1.a.f)[M],#D-1[N],#a2[N],(#d1.#a.g.a2)[N],f2[N],F-1[M],(f1.c1.a.f2)[N],#d2[N],(F-1.d2)[N],#a1[N],(f1.c1.a)[M],(#G-1.#d2.c2)[M],(#g1.#d1.c1)[M],(#F-1.#c3.#g2)[N],c3[N],(#f1.#c1.#a)[N],(#g2.c2)[N],F-1[N],(c3.#d2)[N],(f1.c1.#g.#c3)[N],c3[N],(E-1.#a2.f2)[N],c3[N],(e1.b.#g.#c3)[N],(d3.#f2)[N],(#D-1.#d3.#a2.g2.#d2)[M],(#d1.#a.#f)[M],(F-1.f2.#f1)[M],(f1.c1.#g)[M],(#F-1.#f2.#a1)[M],(#f1.#c1.#a)[M],(G-1.#c2.#f1)[M],(g1.#d1.#a)[M],(F-1.c2.a1)[M],(c1.a.f)[M],(F-1.#a2.f2)[N],a2[N],(c1.a.f)[N],(f2.a1)[N],#D-1[N],c2[N],(#d1.#a.g.d2)[N],(#d2.#a1)[N],#D-1[N],d2[N],(#d1.#a.g.c2)[N],#a1[N],(F-1.c2.f1)[M],(c1.a.f)[M],(#D-1.c3)[N],#a2[N],(#d1.#a.g.a2)[N],f2[N],F-1[M],(f1.c1.a.f2)[N],a2[N],(F-1.f2)[N],#d2[N],(f1.c1.a)[M],(#G-1.#d2.c2)[M],(#g1.#d1.c1)[M],(#F-1.#c3.#g2)[N],c3[N],(#f1.#c1.#a)[N],(#g2.c2)[N],F-1[N],(c3.#d2)[N],(f1.c1.#g.#c3)[N],c3[N],(E-1.#a2.f2)[N],c3[N],(e1.b.#g.#c3)[N],(f3.#f2)[N],(#D-1.#d3.#a2)[M],(#d1.#a.#f)[M],F-1[M],(f1.c1.#g)[M],#F-1[M],(#f1.#c1.#a)[M],G-1[M],(g1.#d1.#a)[M],(#A-2.#a1)[N],c2[N],(#d.#A-1)[N],(#c2.a1)[N],C-1[N],(#d2.#a1)[N],(g.c)[N],#a1[N],#C-1[N],#d2[N],(#g.#c.e2)[N],f2[N],D-1[N],(#a.d.#a2)[N],b2[N],c3[N],(C-1.c2)[N],c2[N],(g.c)[N],c2[N],(D-1.d2)[M],(a.d.d2)[M],(#D-1.#d2)[M],(#a.#d.#d2)[M],(E-1.e2)[M],(c1.e.e2)[M],(F-1.c2.a1)[M],(c1.a)[M],(F-1.#a2.f2)[N],a2[N],(c1.a)[N],(f2.a1)[N],#D-1[N],c2[N],(#a.g.d2)[N],(#d2.#a1)[N],#D-1[N],d2[N],(#a.g.c2)[N],#a1[N],(F-1.a1.f1)[M],(c1.a)[N],c2[N],#D-1[M],(#d1.g)[M],F-1[M],(f1.a)[M],F-1[M],(f1.a)[M],(F-1.c2.a1)[M],(f1.a)[M],(#D-1.#a2.f2)[N],a2[N],(#d1.g)[N],(f2.a1)[N],D-1[N],(a2.c2)[N],(d1.f.#a2)[N],a2[N],(#C-1.g2.d2)[N],a2[N],(#c1.f.#a2)[N],(b2.#d2)[N],"],"id":2,"instruments":["piano","piano"],"alternatives":["",""]},{"bpm":68,"baseBeats":0.25,"scores":["V,5<V>,V,V,V,V,V,V,V,V,5<V>,5<V>,5<V>,5<V>,5<V>,5<V>,V,5<V>,V,V,V,V,V,V,V,V,5<V>,5<V>,5<V>,5<V>,5<V>,5<V>,V,5<V>,V,V,V,V,V,V,V,V,V,V,V,V,V,V,V,5<V>,V,V,V,V,V,V,V,V,V,V,V,V,V,V,V,V,V,V,V,V,V,V,V,V,V,V,V,V,V,V,V,5<V>,V,V,V,V,V,V,V,V,V,V,V,V,V,V,VW,VW,V,U,U,V,V,5<V>,5<V>,5<V>,5<V>,5<V>,5<V>,V,V,5<V>,5<V>,V,5<V>,5<V>,V,V,V,5<V>,5<V>,5<V>,5<V>,5<V>,5<V>,V,V,V,V,V,V,V,V,V,V,5<V>,5<V>,5<V>,5<V>,5<V>,5<V>,V,V,5<V>,5<V>,V,5<V>,5<V>,V,V,V,5<V>,5<V>,5<V>,5<V>,5<V>,5<V>,V,V,V,V,V,V,V,V,5<V>,5<V>,5<V>,5<V>,5<V>,5<V>,5<V>,5<V>,5<V>,5<V>,V,V,V,V,V,V,","(C-1.c3.e2)[M],(g.c)[N],g2[N],D-1[M],(a.d)[M],#D-1[M],(#a.#d)[M],E-1[M],(c1.e)[M],(F-1.c2.a1)[M],(c1.a)[M],(F-1.#a2.f2)[N],a2[N],(c1.a)[N],(f2.a1)[N],#D-1[N],c2[N],(#a.g.d2)[N],(#d2.#a1)[N],#D-1[N],d2[N],(#a.g.c2)[N],#a1[N],(F-1.a1.f1)[M],(c1.a)[N],c2[N],#D-1[M],(#d1.g)[M],F-1[M],(f1.a)[M],F-1[M],(f1.a)[M],(F-1.c2.a1)[M],(f1.a)[M],(#D-1.#a2.f2)[N],a2[N],(#d1.g)[N],(f2.a1)[N],D-1[N],(a2.c2)[N],(d1.f.#a2)[N],a2[N],(#C-1.g2.d2)[N],a2[N],(#c1.f.#a2)[N],(d3.#d2)[N],(C-1.c3.g2)[M],(g.c)[N],(e2.c2)[N],D-1[M],(a.d)[M],#D-1[M],(#a.#d)[M],E-1[M],(c1.e)[M],(#A-2.d1.#a)[M],#A-1[M],(#A-2.#a1.d1)[M],#A-1[M],#A-2[M],(#A-1.#a1.d1)[M],(#A-2.c2.#d1)[M],(#A-1.d2.f1)[M],(#A-2.#d2.g1)[M],#A-1[N],(d2.f1)[N],#A-2[M],(#A-1.c2.#d1)[M],(#A-2.d2.f1)[M],#A-1[M],(#A-2.f1.d1.#a)[M],#A-1[M],(#A-2.d2.f1.d1)[M],#A-1[M],(#A-2.c2.#d1.c1)[M],#A-1[M],(#A-2.d2.f1.d1)[M],#A-1[M],(#A-2.c2.#d1.c1)[M],#A-1[M],(#A-2.d2.f1.d1)[M],#A-1[M],(#A-2.#d2.g1.#d1)[M],#A-1[M],(#A-2.d2.f1.d1)[M],#A-1[M],(#A-2.#a2.d2.#a1)[M],#A-1[M],(#A-2.d1.#a)[M],#A-1[M],(#A-2.#a1.d1)[M],#A-1[M],#A-2[M],(#A-1.#a1.d1)[M],(#A-2.c2.#d1)[M],(#A-1.d2.f1)[M],(#A-2.#d2.g1)[M],#A-1[N],(d2.f1)[N],#A-2[M],(#A-1.c2.#d1)[M],(#A-2.d2.f1)[M],#A-1[M],(#A-2.#a2.d2.#a1)[M],#A-1[M],(#D-1.d3.#a2.g2.f2)[M],#d[M],(#D-1.d3.#a2.g2)[M],#d[M],(F-1.#a2.g2.#d2)[M],f[M],(F-1.#a2.#g2.#d2)[M],f[M],(f.F-1.f2.d2.#a1)[MN],(f.F-1.f2.d2.#a1)[MN],(f.F-1.f2.d2.#a1)[M],(g.G-1.g2.e2.c2.g1)[L],(g.G-1)[L],(F-1.c2.a1)[M],(c1.a.f)[M],(F-1.#a2.f2)[N],a2[N],(c1.a.f)[N],(f2.a1)[N],#D-1[N],c2[N],(#d1.#a.g.d2)[N],(#d2.#a1)[N],#D-1[N],d2[N],(#d1.#a.g.c2)[N],#a1[N],(F-1.c2.f1)[M],(c1.a.f)[M],#D-1[N],#a2[N],(#d1.#a.g.a2)[N],f2[N],F-1[M],(f1.c1.a.f2)[N],#d2[N],(F-1.d2)[N],#a1[N],(f1.c1.a)[M],(#G-1.#d2.c2)[M],(#g1.#d1.c1)[M],(#F-1.#c3.#g2)[N],c3[N],(#f1.#c1.#a)[N],(#g2.c2)[N],F-1[N],(c3.#d2)[N],(f1.c1.#g.#c3)[N],c3[N],(E-1.#a2.f2)[N],c3[N],(e1.b.#g.#c3)[N],(d3.#f2)[N],(#D-1.#d3.#a2.g2.#d2)[M],(#d1.#a.#f)[M],(F-1.f2.#f1)[M],(f1.c1.#g)[M],(#F-1.#f2.#a1)[M],(#f1.#c1.#a)[M],(G-1.#c2.#f1)[M],(g1.#d1.#a)[M],(F-1.c2.a1)[M],(c1.a.f)[M],(F-1.#a2.f2)[N],a2[N],(c1.a.f)[N],(f2.a1)[N],#D-1[N],c2[N],(#d1.#a.g.d2)[N],(#d2.#a1)[N],#D-1[N],d2[N],(#d1.#a.g.c2)[N],#a1[N],(F-1.c2.f1)[M],(c1.a.f)[M],(#D-1.c3)[N],#a2[N],(#d1.#a.g.a2)[N],f2[N],F-1[M],(f1.c1.a.f2)[N],a2[N],(F-1.f2)[N],#d2[N],(f1.c1.a)[M],(#G-1.#d2.c2)[M],(#g1.#d1.c1)[M],(#F-1.#c3.#g2)[N],c3[N],(#f1.#c1.#a)[N],(#g2.c2)[N],F-1[N],(c3.#d2)[N],(f1.c1.#g.#c3)[N],c3[N],(E-1.#a2.f2)[N],c3[N],(e1.b.#g.#c3)[N],(f3.#f2)[N],(#D-1.#d3.#a2)[M],(#d1.#a.#f)[M],F-1[M],(f1.c1.#g)[M],#F-1[M],(#f1.#c1.#a)[M],G-1[M],(g1.#d1.#a)[M],(#A-2.#a1)[N],c2[N],(#d.#A-1)[N],(#c2.a1)[N],C-1[N],(#d2.#a1)[N],(g.c)[N],#a1[N],#C-1[N],#d2[N],(#g.#c.e2)[N],f2[N],D-1[N],(#a.d.#a2)[N],b2[N],c3[N],(C-1.c2)[N],c2[N],(g.c)[N],c2[N],(D-1.d2)[M],(a.d.d2)[M],(#D-1.#d2)[M],(#a.#d.#d2)[M],(E-1.e2)[M],(c1.e.e2)[M],"],"id":3,"instruments":["piano","piano"],"alternatives":["",""]}],"audition":{"start":[0,0],"end":[1,0]}}