{"baseBpm":174,"musics":[{"bpm":174,"baseBeats":0.375,"scores":["mute[JKMN],mute[K],mute[L],mute[MN],mute[L],mute[LO],mute[JKMNO],mute[IL],mute[IJMN],5<VW>,mute[K],mute[K],mute[K],mute[J],mute[K],mute[J],mute[K],mute[L],mute[LMO],mute[KNO],mute[L],mute[L],mute[K],mute[K],mute[K],mute[K],mute[J],mute[L],mute[K],mute[J],mute[K],mute[L],mute[L],mute[K],mute[K],mute[K],mute[K],mute[K],mute[K],mute[K],mute[K],mute[K],mute[K],mute[K],mute[L],mute[LO],mute[LMNO],mute[K],mute[K],mute[K],mute[K],mute[J],mute[K],mute[J],mute[K],mute[L],mute[L],mute[K],mute[K],mute[K],mute[K],mute[KN],mute[LMO],mute[KO],mute[K],mute[K],mute[K],mute[KN],5<VW>,mute[L],mute[K],mute[K],mute[K],mute[K],mute[K],mute[J],mute[K],mute[J],mute[K],mute[K],mute[K],mute[K],mute[K],mute[K],mute[LMNO],mute[LNO],mute[MN],mute[K],mute[LMNO],mute[KO],mute[K],mute[K],mute[L],mute[L],mute[K],mute[K],mute[J],mute[K],mute[K],mute[K],mute[K],mute[J],mute[K],mute[K],mute[K],mute[K],mute[K],mute[J],mute[K],mute[J],mute[K],mute[L],mute[LMO],mute[LNO],mute[K],mute[K],mute[K],mute[K],mute[K],mute[K],mute[K],mute[K],mute[K],mute[J],mute[K],mute[K],mute[K],mute[K],mute[K],mute[K],5<VW>,5<VW>,5<VW>,5<VW>,mute[L],mute[K],mute[K],mute[K],mute[L],mute[L],mute[LMN],5<VW>,mute[LMO],mute[LMNO],mute[K],mute[K],mute[K],mute[K],mute[K],mute[K],mute[K],mute[K],mute[K],mute[L],mute[L],mute[LN],5<VW>,mute[K],mute[K],mute[K],mute[K],mute[KN],mute[LMN],mute[K],mute[K],mute[K],mute[L],mute[L],mute[LMN],mute[LN],5<VW>,5<VW>,mute[LM],mute[K],mute[K],mute[K],mute[K],mute[K],mute[K],mute[K],mute[K],mute[K],mute[K],mute[KM],mute[LM],mute[K],mute[K],mute[K],mute[K],mute[K],mute[K],mute[K],mute[K],mute[LN],5<VW>,mute[K],mute[L],mute[MN],5<VW>,mute[LM],mute[K],mute[K],mute[K],mute[K],mute[KM],mute[LM],mute[K],mute[K],mute[K],mute[K],mute[K],mute[K],mute[K],mute[K],mute[K],mute[K],mute[MN],mute[LN],mute[K],mute[MN],mute[LN],mute[K],mute[LO],mute[MN],mute[MN],mute[LNO],mute[K],mute[K],mute[K],mute[K],mute[K],mute[K],mute[K],mute[K],mute[K],mute[K],mute[K],mute[K],mute[L],mute[L],mute[K],mute[K],mute[K],mute[K],5<VW>,5<VW>,5<VW>,5<VW>,mute[L],mute[K],mute[MN],mute[LN],mute[K],mute[L],mute[L],mute[LMN],5<VW>,mute[LMN],mute[LMN],mute[K],mute[KO],mute[LMNO],mute[K],mute[K],mute[K],mute[K],mute[K],mute[K],mute[L],mute[L],mute[LO],mute[L],mute[K],mute[K],mute[K],mute[K],mute[K],5<VW>,mute[LN],mute[K],mute[MN],mute[LN],mute[K],mute[L],mute[L],mute[KN],5<VW>,mute[LO],mute[LMNO],mute[K],mute[K],mute[K],mute[K],mute[K],mute[K],mute[K],mute[K],mute[K],mute[K],mute[K],mute[K],mute[K],mute[K],mute[K],mute[LMN],mute[MN],mute[MN],mute[MN],mute[K],mute[MN],mute[LN],mute[KO],mute[LN],5<VW>,mute[K],mute[L],mute[L],mute[K],mute[K],mute[K],mute[K],mute[K],mute[K],mute[K],mute[K],mute[K],mute[L],mute[L],mute[L],mute[L],mute[LN],5<VW>,mute[K],mute[K],mute[K],mute[K],mute[K],mute[MN],mute[LN],mute[K],mute[MN],mute[LN],mute[K],mute[LO],mute[MN],mute[MN],mute[LNO],mute[K],mute[L],mute[L],mute[L],mute[L],mute[L],mute[L],mute[L],mute[L],mute[L],mute[L],mute[L],mute[L],mute[L],mute[L],mute[L],mute[L],mute[L],mute[L],mute[L],mute[L],mute[L],mute[L],mute[LO],mute[L],mute[K],mute[K],mute[K],mute[K],5<VW>,5<VW>,5<VW>,5<VW>,mute[L],mute[K],mute[MN],mute[LN],mute[K],mute[L],mute[L],mute[KN],5<VW>,mute[L],mute[L];","b1[JKMN],#c2[K],d2[L],#c2[MN],b1[L],#c2[LO],d2[JKMNO],e2[IL],f2[IJL],B-1[M],#f2[K],#f1[K],e1[K],(#f2.b1.b2)[J],d1[K],b2[J],#c1[LMN],#f2[N],b[L],g2[LMO],a2[KNO],E-1[L],(g1.g2)[L],g[K],b[K],g[K],b1[K],g2[J],g2[L],#f1[K],e1[J],d1[K],#c1[L],A-1[L],(e2.#c1)[K],b[K],#c1[K],(a.a1)[K],(e2.#c1)[K],(g1.b2)[K],a2[K],b[K],(b.a)[K],(a.e.e2)[K],(g2.g)[K],#f[O],#f2[MNO],D-1[L],#f[O],#f2[LMNO],a[K],#c1[K],#f1[K],#f[K],(a.#f2)[J],(#f2.#f)[K],e1[J],d1[K],#c1[L],G-1[L],d2[K],g[K],b[K],g1[K],#f1[K],e1[N],g2[LMO],g2[KO],b[K],g[K],(d.d2)[K],(e.e2)[LMN],#f2[NO],#f[M],e2[NO],G-1[L],(#C-1.e2)[K],g[K],b[K],e1[K],g1[K],(e1.e2)[J],(e1.e2)[K],d1[J],g[K],e[K],(#F-1.#c2)[K],#f[K],#a[K],#f1[K],e1[LMO],d2[N],d1[LNO],#f2[MN],d1[K],#c1[LMNO],b[LM],#c1[MO],#c2[K],(d1.d2)[K],(e1.e2)[L],d2[L],(B-2.#f)[K],b[K],d1[J],b[K],(d2.#f)[K],(G-1.d)[K],g[K],b[J],g[K],d[K],(c.#d2.C-1.g2)[K],g1[K],f1[K],(g2.c2.c3)[J],(#d1.G-2)[K],(C-1.c3)[J],d1[K],(g2.c1.d2)[L],#g2[LMO],#a2[LO],c2[N],G-2[K],(#g1.F-2.#d2.#g2)[K],#g[K],(c2.c1)[K],(#g.#g2)[K],c2[LMN],c2[N],(C-1.#g2)[K],(c2.G-1)[K],(#g2.g1)[K],(F-1.f1)[J],#d1[K],(d1.F-2)[LM],#A-1[M],(#A-2.f2.d1)[K],c1[K],d1[K],(#a.#a1)[K],(d2.d1)[M],#d2[M],e2[M],f2[M],(#g1.#f2.F-2)[M],g2[M],#g2[L],(#A-2.#a2)[K],c1[K],(#a.c1)[K],(#a.c2.f.f2)[L],g2[L],(#g2.#g)[LMN],#a1[N],(g.F-2)[M],g2[L],#D-1[M],(g.#D-2)[O],g2[LMNO],#a[K],(d1.#a1)[K],(g2.g1)[K],(g.#a1)[K],(#a.g2.#D-2)[K],#D-2[K],(g.g2)[K],f1[K],d2[K],(#d1.#d2)[L],d2[L],(d1.c2)[L],d2[M],#G-1[M],(c2.#G-2.#d2)[K],#g[K],c1[K],#g1[K],(g1.#d2)[K],(f1.#D-2)[N],#g2[LMN],(#G-2.#g2)[K],c1[K],#g[K],(#d.#a1.#d2)[L],f2[L],(f.g2)[LMN],#g1[N],(f2.#D-2)[O],g[MNO],#d2[M],#G-1[M],(#g2.f2)[M],D-1[LM],#g[K],(c1.#g1)[K],(f2.f1)[K],#g1[K],(f1.#G-2.f2)[K],D-1[K],(f1.f2)[K],#d1[K],c2[K],#g[K],(D-1.f)[K],(b1.d2)[M],G-1[LM],g[K],b[K],g1[K],f1[LMN],#d2[N],(#d1.D-1)[K],(G-1.g2.#d1)[K],d1[LMN],c2[N],c1[LM],d1[M],d2[L],#d2[M],d2[M],(#d1.#d2.f2)[K],(f1.D-1.f2)[L],#d2[L],g[O],#d2[NO],C-1[LM],c1[K],(#d1.g1)[LM],c[M],(#d2.#c.F-1.#G-1.E-1.D-1.#F-1)[K],(c1.g1)[K],(g.#d2.D-1)[K],(#d.C-1.a.#c.#F-1)[M],#G-1[LM],(#d2.#g)[K],c1[K],(D-1.c.E-1.d.#F-1)[K],(#g.c.A-1)[K],(#d.G-1.E-1.D-1.F-1)[K],(#c.#C-1.#g2.C-1.a.#F-1)[K],(#g1.#c1.#F-1)[K],(#f1.e1.#F-1)[K],(#g2.#c2.#c3.#G-1.E-1.D-1.#F-1)[K],(#g1.#F-1)[K],(e1.#G-2.C-1.#F-1)[MN],#f1[MNO],#g1[NO],(#C-1.#c3.C-1.#F-1)[K],(#c2.#F-1)[MN],#d2[MNO],e2[NO],(#d1.#F-1)[K],(#g2.#c1.#d2.#G-1.E-1.D-1.#F-1)[LO],a2[MNO],#F-1[MO],b2[LO],#c2[N],(#G-2.#F-1)[K],(#F-2.e2.a2.C-1.#F-1)[K],(a.#f2.#F-1)[K],(#c2.#c1.#F-1)[K],(a.a2.#f2.E-1.D-1.#G-1.#F-1)[K],(#c2.#F-1)[LMN],#c2[N],(#C-1.a2.C-1.#F-1)[K],(#c2.#G-1.a1.C-1.#F-1)[K],(a2.#g1.#c1.#F-1)[K],(#f1.#F-1)[K],(a1.E-1.D-1.#G-1.#F-1)[K],(#F-1.e1)[K],(#d1.#F-2.#F-1)[L],B-1[L],(B-2.#f2.#d1.C-1.#F-1)[K],(#c1.b.#F-1)[K],(#d1.#F-1)[K],(b.b1.#G-1.E-1.D-1.#F-1)[K],(#d1.#d2.#f1.#F-1)[M],e2[M],f2[M],#f2[M],(a1.g2.b.#F-2.C-1.#F-1)[M],#g2[N],#c1[N],a2[MO],#d1[NO],(B-2.b2.C-1.#F-1)[K],(#c1.b1.#F-1)[MN],#c2[MNO],#d2[NO],(#c1.b.#F-1)[K],(b.#c2.#f.#f2.#G-1.E-1.D-1.#F-1)[L],#g2[L],(a2.a.#F-1)[LMN],b1[N],(#g.#F-2.#F-1)[M],#g2[LM],(#g.E-2.C-1.#F-1)[N],#g2[LMN],(b.#d2.#F-1)[K],(#d1.b1.#F-1)[K],(#d2.#G-1.E-1.D-1.#F-1)[O],#g1[LMNO],(#g.b1.#F-1)[K],(b.#g2.E-2.C-1.#F-1)[K],(E-2.#g1.C-1.#F-1)[K],(#g.#g2.#F-1)[K],(#f1.e1.#F-1)[K],(#g1.E-1.#d2.#G-1.D-1.#F-1)[K],(e1.e2.#F-1)[L],#d2[L],(#d1.#c2.#F-1)[LO],(A-1.#d2)[L],(A-2.e2.C-1.#F-1)[K],(a.#F-1)[K],(#c1.#F-1)[K],(a1.#G-1.E-1.D-1.#F-1)[K],(#g1.e1.#F-1)[K],(a.E-2.C-1.#F-1)[NO],a2[NO],b[N],#f1[MO],#c1[NO],(A-2.a2.C-1.#F-1)[K],(a1.#F-1)[O],#c1[MO],b1[MNO],#c2[NO],(#F-1.a)[K],(e.b1.e2.#G-1.E-1.D-1.#F-1)[L],#f2[L],(#f.#f2.#g2.#c2.#F-1)[LMN],a1[O],#g2[O],(#g1.E-2.#F-1)[O],#g[M],#f2[NO],A-1[L],(a2.#D-1.C-1.#F-1)[O],#f2[LMNO],(a.#c2.#F-1)[K],(#c1.#f1.#F-1)[K],(#f1.#d2.#G-1.E-1.D-1.#F-1)[K],(a1.#F-1)[K],(#f2.A-2.C-1.#F-1)[K],(#D-1.#f1.C-1.#F-1)[K],(#f2.#f1.#F-1)[K],(e1.#d1.#F-1)[K],(#c2.#f1.E-1.D-1.#G-1.#F-1)[K],(a.#F-1)[K],(#f.#D-1.#F-1)[K],(#d2.C-1.#F-1)[K],(#g.#F-1)[K],(c1.#F-1)[K],(#G-1.#g1.E-1.D-1.#F-1)[K],(#f1.#d1.#F-1)[LMN],e2[N],(e1.#D-1.#g.C-1.#F-1)[MN],a[MNO],b[NO],(#g2.e1.C-1.#F-1)[K],(#d1.#g1.#F-1)[MN],#a1[MNO],c2[O],#c2[N],(#c1.#F-1)[LM],#d1[MO],(#G-1.#d2.E-1.D-1.#F-1)[L],e2[M],#d2[M],(e1.e2.#f2.#F-1)[K],(#f1.#D-1.#F-1.#f2)[L],e2[L],(#C-1.#g.C-1.#F-1.e2)[K],(#c1.#c2.#F-1)[K],(e1.#F-1)[K],(#c2.#G-1.E-1.D-1.#F-1)[K],(#c1.#g1.#F-1)[K],(#g.e2.#D-1.C-1.#F-1)[LM],c[M],(e.e1.E-1.F-1.D-1.#c.#G-1.#F-1)[K],(e2.a.E-1.D-1.#c.#F-1)[K],(#c1.#F-1)[LM],c[M],(e1.c.#G-1.d.E-1.D-1.#F-1)[L],(d.c)[L],(a.B-1.A-1.#F-1)[L],(A-1.B-1)[L],(e.G-1.F-1.#F-1)[L],(E-1.F-1)[M],d[M],(a2.C-1.#c.a.#F-1)[K],(a1.d1.#F-1)[K],(g1.f1.#F-1)[K],(a2.d2.D-1.d3.#G-1.E-1.#F-1)[K],(a1.#F-1)[K],(f1.A-2.C-1.#F-1)[MN],g1[MNO],a1[NO],(d3.C-1.#F-1)[K],(d2.#F-1)[MN],e2[MNO],f2[NO],(e1.#F-1)[K],(a2.d1.D-1.e2.#G-1.E-1.#F-1)[LO],#a2[MNO],#F-1[MO],c3[LO],d2[N],(A-2.#F-1)[K],(G-2.f2.#a2.d1.C-1.#F-1)[L],e1[L],(#a.e1.g2.#F-1)[L],d1[L],(d2.d1.#F-1)[L],e1[L],(#a.#a2.e1.g2.#G-1.E-1.D-1.#F-1)[L],d1[L],(d1.d2.#F-1)[L],e1[MN],d2[N],(D-1.#a2.e1.C-1.#F-1)[L],d1[L],(d2.A-1.d1.#a1.C-1.#F-1)[L],e1[L],(#a2.a1.e1.d1.#F-1)[L],d1[L],(G-1.g1.d1.#F-1)[L],e1[L],(#a1.e1.E-1.D-1.#G-1.#F-1)[L],d1[L],(f1.d1.#F-1)[L],e1[L],(e1.G-2.#F-1)[LO],(c.d1)[L],(C-1.g2.e1.#F-1)[K],(d1.c1.#F-1)[K],(e1.#F-1)[K],(c1.c2.#G-1.E-1.D-1.#F-1)[K],(e1.e2.g1.#F-1)[M],f2[M],#f2[M],g2[M],(#a1.#g2.c1.G-2.C-1.#F-1)[M],a2[N],d1[N],#a2[MO],e1[NO],(C-1.c3.#F-1)[K],(d1.c2.#F-1)[MN],d2[MNO],e2[NO],(d1.c1.#F-1)[K],(c1.d2.g.g2.#G-1.E-1.D-1.#F-1)[L],a2[L],(#a2.#a.#F-1)[LMN],c2[N],(G-2.#F-1.a)[M],a2[M],F-1[L],(F-2.d1.C-1.#F-1.a)[O],a2[MNO];"],"id":1,"instruments":["piano","piano"],"alternatives":["",""]},{"bpm":174,"baseBeats":0.375,"scores":["mute[L],mute[L],mute[L],mute[L],mute[L],mute[L],mute[L],mute[L],mute[L],mute[L],mute[L],mute[L],mute[LO],mute[L],mute[L],mute[L],mute[L],mute[L],mute[L],mute[L],mute[L],mute[L],mute[L],mute[K],mute[K],mute[K],mute[K],mute[KM],5<VW>,5<VW>,mute[K],mute[MN],mute[LN],mute[K],mute[L],mute[L],mute[KN],5<VW>,mute[L],mute[L],mute[L],mute[L],mute[L],mute[L],mute[L],mute[L],mute[L],mute[L],mute[L],mute[L],mute[L],mute[L],mute[L],mute[L],mute[L],mute[L],mute[L],mute[L],mute[L],mute[L],mute[L],mute[LO],mute[L],mute[K],mute[K],mute[K],mute[K],mute[LMN],mute[MN],mute[MN],mute[MN],mute[K],mute[MN],mute[LN],mute[K],mute[LN],5<VW>,mute[KO],mute[L],mute[L],mute[LMNO],mute[K],mute[K],mute[K],mute[K],mute[K],mute[K],mute[K],mute[K],mute[KO],mute[K],mute[K],mute[K],mute[K],mute[K],mute[K],mute[K],mute[MN],mute[LN],mute[K],mute[MN],mute[LN],mute[K],mute[L],mute[LMO],mute[LNO],mute[K],mute[L],mute[L],mute[L],mute[L],mute[L],mute[L],mute[L],mute[L],mute[L],mute[L],mute[L],mute[L],mute[L],mute[L],mute[L],mute[L],mute[L],mute[L],mute[L],mute[L],mute[L],mute[L],mute[L],mute[L],mute[K],mute[K],mute[K],mute[K],5<VW>,5<VW>,5<VW>,5<VW>,mute[L],mute[K],mute[MN],mute[LN],mute[K],mute[L],mute[L],mute[LMN],5<VW>,mute[LM],mute[L],mute[LO],mute[L],mute[L],mute[L],mute[L],mute[L],mute[L],mute[L],mute[L],mute[L],mute[L],mute[L],mute[L],mute[L],mute[L],mute[L],mute[L],mute[L],mute[L],mute[L],mute[L],mute[L],mute[L],mute[KO],mute[LMNO],mute[K],mute[KO],mute[KM],5<VW>,5<VW>,mute[K],mute[MN],mute[LN],mute[K],mute[L],mute[L],mute[KN],5<VW>,mute[L],mute[L],mute[L],mute[L],mute[L],mute[L],mute[L],mute[L],mute[L],mute[L],mute[L],mute[L],mute[L],mute[L],mute[L],mute[L],mute[L],mute[L],mute[L],mute[L],mute[L],mute[L],mute[L],mute[L],mute[L],mute[K],mute[K],mute[K],mute[K],mute[LMN],mute[L],mute[LN],mute[K],mute[MN],mute[LN],mute[KO],mute[LN],5<VW>,mute[K],mute[L],mute[LO],mute[LMNO],mute[K],mute[K],mute[K],mute[K],mute[K],mute[K],mute[K],mute[K],mute[K],mute[K],mute[K],mute[K],mute[K],mute[K],mute[K],mute[K],mute[MN],mute[LN],mute[K],mute[MN],mute[LN],mute[K],mute[LO],mute[MN],5<VW>,mute[MN],5<VW>,mute[K],mute[L],mute[L],mute[L],mute[L],mute[L],mute[L],mute[L],mute[L],mute[L],mute[L],mute[L],mute[L],mute[L],mute[L],mute[L],mute[L],mute[L],mute[L],mute[L],mute[L],mute[L],mute[L],mute[L],mute[L],mute[K],mute[K],mute[K],mute[K],5<VW>,5<VW>,5<VW>,5<VW>,mute[L],mute[K],mute[MN],mute[LN],mute[K],mute[L],mute[L],mute[KN],5<VW>,mute[L],mute[L],mute[L],mute[L],mute[L],mute[L],mute[L],mute[L],mute[L],mute[L],mute[L],mute[LO],mute[L],mute[L],mute[L],mute[L],mute[L],mute[L],mute[L],mute[L],mute[L],mute[L],mute[L],mute[L],mute[L],mute[K],mute[K],mute[K],mute[K],mute[K],5<VW>,mute[LN],mute[K],mute[MN],mute[LNO],mute[LMNO],mute[L],mute[L],mute[KN],5<VW>,mute[L],mute[L],mute[L],mute[LO],mute[L],mute[L],mute[L],mute[L],mute[L],mute[L],mute[L],mute[L],mute[L],mute[L],mute[L],mute[L],mute[L],mute[L],mute[L],mute[L],mute[L],mute[L],mute[L],mute[L],mute[L],mute[K],mute[K],mute[K],mute[K],mute[LMN],mute[MN],mute[MN],mute[MN],mute[K],mute[MN],mute[LN],mute[K],mute[LN],5<VW>,mute[KO],mute[L],mute[LO],mute[LMN],mute[K],mute[K],mute[K];","e1[L],(c1.e1.e2.#F-1)[L],d1[L],(d1.c2.#F-1)[L],e1[L],(e1.e2.#G-1.E-1.D-1.#F-1)[O],a1[MNO],d1[L],(a.d1.c2.#F-1)[L],e1[L],(c1.a2.F-2.e1.C-1.#F-1)[L],d1[L],(F-2.d1.a1.C-1.#F-1)[L],e1[LO],(a2.a.e1.#F-1)[L],d1[L],(g1.d1.f1.#F-1)[L],e1[L],(a1.e2.e1.E-1.#G-1.D-1.#F-1)[L],d1[L],(f1.f2.d1.#F-1)[L],(e2.e1)[L],(e1.d2.#F-1)[L],(#A-1.e2.d1)[L],(#A-2.f2.C-1.#F-1)[K],(#a.#F-1)[K],(d1.#F-1)[K],(#a1.#G-1.E-1.D-1.#F-1)[K],(a1.f1.#F-1)[K],(#a.F-2.C-1.#F-1)[N],#a2[M],c1[N],g1[M],d1[M],(#A-2.#a2.C-1.#F-1)[K],(#a1.#F-1)[O],d1[MO],c2[MN],d2[M],(#F-1.#a)[K],(f.c2.f2.#G-1.E-1.D-1.#F-1)[L],g2[L],(g.g2.a2.d2.#F-1)[LMN],#a1[O],a2[O],(a1.F-2.#F-1)[O],a[M],g2[NO],#A-1[L],(#a2.d1.C-1.#F-1)[O],g2[MNO],e1[L],(#a.e1.d2.#F-1)[L],d1[L],(d1.g1.#F-1)[L],e1[L],(E-1.g1.e1.e2.#G-1.D-1.#F-1)[L],d1[L],(#a1.d1.#F-1)[L],e1[L],(g2.#A-2.e1.C-1.#F-1)[L],d1[L],(g1.d1.C-1.#F-1)[L],e1[L],(g2.g1.e1.#F-1)[L],d1[L],(f1.d1.e1.#F-1)[L],e1[L],(g1.d2.E-1.e1.D-1.#G-1.#F-1)[L],d1[L],(#a.d1.#F-1)[L],e1[L],(E-1.g.e1.#F-1)[LO],d1[L],(A-1.e2.C-1.#F-1)[K],(a.#F-1)[K],(#c1.#F-1)[K],(a1.#G-1.E-1.D-1.#F-1)[K],(g1.e1.#F-1)[LMN],f2[N],(f1.E-1.a.C-1.#F-1)[MN],#a[MNO],c1[NO],(A-1.a2.f1.C-1.#F-1)[K],(e1.a1.#F-1)[MN],b1[MNO],#c2[O],d2[N],(d1.#F-1)[LM],e1[M],(e2.E-1.D-1.#G-1.#F-1)[L],f2[M],e2[M],(f1.f2.g2.#F-1)[K],(g1.E-1.#F-1)[O],g2[L],f2[MNO],(a.C-1.#F-1)[O],f2[LMNO],(d1.d2.#F-1)[K],(f1.#F-1)[K],(D-1.d2.#G-1.E-1.#F-1)[K],(d1.a1.#F-1)[K],(a.f2.E-1.C-1.#F-1)[LM],c[M],(#A-1.f.f1.E-1.F-1.D-1.#c.#G-1.#F-1)[K],(f2.#a.E-1.a.D-1.#c.#F-1)[K],(d1.#F-1)[LM],c[M],(f1.c.#G-1.d.E-1.D-1.#F-1)[KO],(#a.B-1.A-1.#F-1)[K],(f.G-1.F-1.#F-1)[LM],#d[M],(#D-1.#a2.C-1.#c.a.#F-1)[K],(#a1.#d1.#F-1)[K],(#g1.#f1.#F-1)[K],(#a2.#d2.#d3.#G-1.E-1.D-1.#F-1)[K],(#a1.#F-1)[K],(#f1.#A-2.C-1.#F-1)[MN],#g1[MN],#a1[M],(#D-1.#d3.C-1.#F-1)[K],(#d2.#F-1)[MN],f2[MN],#f2[M],(f1.#F-1)[K],(#a2.f2.f1.#G-1.E-1.D-1.#F-1)[L],b2[L],#F-1[MO],#c3[LO],(#d1.#d2)[N],(#A-2.#F-1)[K],(#G-2.#f1.#f2.b2.#d1.C-1.#F-1)[L],f1[L],(b.f1.#g2.#F-1)[L],#d1[L],(#d2.#d1.#F-1)[L],f1[L],(b.b2.f1.#g2.#G-1.E-1.D-1.#F-1)[L],#d1[L],(#d1.#d2.#F-1)[L],f1[MN],#d2[N],(#D-1.b2.f1.C-1.#F-1)[L],#d1[L],(#d2.#A-1.#d1.b1.C-1.#F-1)[L],f1[L],(b2.#a1.f1.#d1.#F-1)[L],#d1[L],(#g1.#d1.#F-1)[L],f1[L],(b1.#G-1.f1.E-1.D-1.#F-1)[L],#d1[L],(#f1.#d1.#F-1)[L],f1[L],(f1.#G-2.#F-1)[L],(#c.#d1)[L],(#C-1.#g2.f1.C-1.#F-1)[K],(#d1.#c1.#F-1)[K],(f1.#F-1)[K],(#c1.#c2.#G-1.E-1.D-1.#F-1)[K],(f1.f2.#g1.#F-1)[M],#f2[M],g2[M],#g2[M],(b1.#c1.a2.#G-2.C-1.#F-1)[M],#a2[N],#d1[N],b2[MO],f1[NO],(#C-1.#c3.C-1.#F-1)[K],(#d1.#c2.#F-1)[MN],#d2[MNO],f2[NO],(#d1.#c1.#F-1)[K],(#d2.#d1.#g.#g2.#G-1.E-1.D-1.#F-1)[L],#a2[L],(b2.b.#F-1)[LMN],(#c2.#c1)[N],(#a.#G-2.#F-1)[M],#a2[LM],(#a.#F-2.#d1.C-1.#F-1)[N],#a2[MN],f1[LO],(#c1.f1.f2.#F-1)[L],#d1[L],(#d1.#c2.#F-1)[L],f1[L],(f1.f2.#G-1.E-1.D-1.#F-1.#a1)[L],#d1[L],(#a.#d1.#c2.#F-1)[L],f1[L],(#c1.#a2.#F-2.f1.C-1.#F-1)[L],#d1[L],(#F-2.#a1.#d1.C-1.#F-1)[L],f1[L],(#a2.#a.f1.#F-1)[L],#d1[L],(#g1.#d1.#f1.#F-1)[L],f1[L],(#a1.f1.f2.E-1.#G-1.D-1.#F-1)[L],#d1[L],(#f1.#f2.#d1.#F-1)[L],(f2.f1)[L],(#d1.#F-1.#d2.f1)[L],(B-1.f1.f2.#d1)[L],(B-2.#f2.C-1.#F-1)[KO],(b.#F-1)[LMNO],(#d1.#F-1)[K],(b1.#G-1.E-1.D-1.#F-1)[KO],(#a1.#f1.#F-1)[K],(b.#F-2.C-1.#F-1)[N],b2[M],#c1[N],#g1[M],#d1[M],(B-2.b2.C-1.#F-1)[K],(b1.#F-1.#d1)[MN],#c2[MN],#d2[M],(#F-1.b)[K],(#f.#c1.#c2.#f2.#G-1.E-1.D-1.#F-1)[L],#g2[L],(#g.#g2.#a2.#d2.#F-1)[LMN],(b1.b.#a2)[N],(#a1.#F-2.#F-1)[O],#a[M],#g2[NO],B-1[L],(b2.F-1.#d1.C-1.#F-1.#g2)[L],f1[L],(b.f1.#d2.#F-1)[L],#d1[L],(#d1.#g1.#F-1)[L],f1[L],(#g1.f1.f2.#G-1.E-1.D-1.#F-1)[L],#d1[L],(b1.#d1.#F-1)[L],f1[L],(#g2.B-2.f1.C-1.#F-1)[L],#d1[L],(F-1.#g1.#d1.C-1.#F-1)[L],f1[L],(#g2.#g1.f1.#F-1)[L],#d1[L],(#f1.#d1.f1.#F-1)[L],f1[L],(#g1.#d2.f1.E-1.D-1.#G-1.#F-1)[L],#d1[L],(b.#d1.#F-1)[L],f1[L],(F-1.#g.f1.#F-1)[L],#d1[L],(#A-1.f2.C-1.#F-1)[K],(#a.#F-1)[K],(d1.#F-1)[K],(#a1.#G-1.E-1.D-1.#F-1)[K],(#g1.f1.#F-1)[LMN],#f2[N],(#f1.#a.F-1.C-1.#F-1)[MN],b[L],#c1[N],(#A-1.#a2.#f1.C-1.#F-1)[K],(f1.#a1.#F-1)[MN],c2[L],(d2.#d2)[N],(#d1.#F-1)[KO],(f2.#G-1.E-1.D-1.#F-1)[L],#f2[M],(f2.f1)[M],(#f1.#f2.#g2.#F-1)[K],(#g1.F-1.#F-1.#g2)[L],#f2[L],(#D-1.#a.C-1.#F-1)[O],#f2[LMNO],(#d1.#d2.#F-1)[K],(#f1.#F-1)[K],(#d2.#G-1.E-1.D-1.#F-1)[K],(#d1.#a1.#F-1)[K],(#a.#f2.F-1.C-1.#F-1)[LM],c[M],(#f.#f1.#G-1.#c.E-1.F-1.D-1.#F-1)[K],(#f2.b.D-1.E-1.a.#c.#F-1)[K],(#d1.#F-1)[LM],c[M],(#f1.d.c.#G-1.E-1.D-1.#F-1)[K],(B-1.b.A-1.#F-1)[K],(#f.F-1.G-1.#F-1)[LM],e[M],(b2.C-1.#c.a.#F-1)[K],(b1.e1.#F-1)[K],(a1.g1.#F-1)[K],(b2.e2.E-1.e3.#G-1.D-1.#F-1)[K],(b1.#F-1)[K],(g1.B-2.C-1.#F-1)[MN],a1[MNO],b1[NO],(e3.C-1.#F-1)[K],(e2.#F-1)[MN],#f2[MNO],g2[NO],(#f1.#F-1)[K],(b2.E-1.#f2.#f1.#G-1.D-1.#F-1)[LO],c3[L],#F-1[M],d3[LN],(e1.e2)[N],(B-2.#F-1)[K],(A-2.g1.g2.c3.e1.C-1.#F-1)[L],#f1[L],(c1.#f1.a2.#F-1)[L],e1[L],(e2.e1.#F-1)[L],#f1[L],(c1.c3.#f1.a2.#G-1.E-1.D-1.#F-1)[L],e1[L],(e1.e2.#F-1)[L],#f1[MN],e2[N],(E-1.c3.#f1.C-1.#F-1)[L],e1[L],(e2.B-1.e1.c2.C-1.#F-1)[L],#f1[L],(c3.b1.#f1.e1.#F-1)[L],e1[L],(A-1.a1.e1.#F-1)[L],#f1[L],(c2.#f1.E-1.#G-1.D-1.#F-1)[L],e1[L],(g1.e1.#F-1)[L],#f1[L],(#f1.A-2.#F-1)[L],(d.e1)[L],(a2.#f1.C-1.#F-1)[K],(e1.d1.#F-1)[K],(#f1.#F-1)[K],(D-1.d1.d2.#G-1.E-1.#F-1)[K],(#f1.#f2.a1.#F-1)[M],g2[M],#g2[M],a2[M],(c2.d1.#a2.A-2.C-1.#F-1)[M],b2[N],e1[N],c3[MO],#f1[NO],(d3.C-1.#F-1)[K],(e1.d2.#F-1)[MN],e2[MNO],#f2[NO],(e1.d1.#F-1)[K],(D-1.e2.e1.a.a2.#G-1.E-1.#F-1)[L],b2[L],(c3.c1.#F-1)[LMN],(d2.d1)[N],(b.A-2.#F-1)[M],b2[M],G-1[L],(b.G-2.e1.C-1.#F-1)[O],b2[MNO],#f1[L],(d1.#f1.#f2.#F-1)[L],e1[L],(e1.d2.#F-1)[L],#f1[L],(#f1.#f2.#G-1.E-1.D-1.#F-1)[O],b1[MNO],e1[L],(b.e1.d2.#F-1)[L],#f1[L],(d1.b2.G-2.#f1.C-1.#F-1)[LO],e1[L],(G-2.b1.e1.C-1.#F-1)[L],#f1[L],(b2.b.#f1.#F-1)[L],e1[L],(a1.e1.g1.#F-1)[L],#f1[L],(b1.#f1.#f2.E-1.#G-1.D-1.#F-1)[L],e1[L],(g1.g2.e1.#F-1)[L],(#f2.#f1)[L],(e1.e2.#f1.#F-1)[L],(c.#f1.#f2.e1)[L],(C-1.g2.#F-1)[K],(c1.#F-1)[K],(e1.#F-1)[K],(c2.#G-1.E-1.D-1.#F-1)[K],(b1.g1.#F-1)[K],(c1.G-2.C-1.#F-1)[NO],c3[NO],d1[N],a1[MO],e1[NO],(C-1.c3.#F-1)[K],(c2.#F-1)[O],e1[MO],d2[MNO],e2[NO],#F-1[O],c1[LMNO],(g.d1.d2.g2.#G-1.E-1.D-1.#F-1)[L],a2[L],(a.a2.b2.e2.#F-1)[LMN],(c2.c1)[O],b2[O],(b1.G-2.#F-1)[O],b[M],a2[NO],c[L],(c3.e1.C-1.#F-1)[O],a2[MNO],#f1[L],(c1.#f1.e2.#F-1)[LO],e1[L],(e1.a1.#F-1)[L],#f1[L],(a1.#f1.#f2.#G-1.E-1.D-1.#F-1)[L],e1[L],(c2.e1.#F-1)[L],#f1[L],(a2.C-1.#f1.#F-1)[L],e1[L],(a1.e1.C-1.#F-1)[L],#f1[L],(a2.a1.#f1.#F-1)[L],e1[L],(g1.e1.#f1.#F-1)[L],#f1[L],(a1.e2.#f1.E-1.D-1.#G-1.#F-1)[L],e1[L],(c1.#F-1.e1)[L],#f1[L],(#F-1.a.#f1)[L],e1[L],(B-1.#f2.C-1.#F-1)[K],(b.#F-1)[K],(#d1.#F-1)[K],(b1.#G-1.E-1.D-1.#F-1)[K],(a1.#f1.#F-1)[LMN],g2[N],(g1.b.#F-1.C-1)[MN],c1[MNO],d1[NO],(B-1.b2.g1.C-1.#F-1)[K],(#f1.b1.#F-1)[MN],#c2[MNO],#d2[O],e2[N],(e1.#F-1)[K],(#f2.#G-1.E-1.D-1.#F-1)[L],g2[M],(#f2.#f1)[M],(g1.g2.a2.#F-1)[K],(a1.#F-1)[O],a2[L],g2[MNO],(b.C-1.#F-1)[N],g2[LMN],(e1.e2.#F-1)[K],(g1.#F-1)[K],(E-1.e2.#G-1.D-1.#F-1)[K];"],"id":2,"instruments":["piano","piano"],"alternatives":["",""]},{"bpm":174,"baseBeats":0.375,"scores":["mute[K],mute[K],mute[KO],mute[K],mute[K],mute[L],mute[L],mute[L],mute[L],mute[LN],5<VW>,mute[K],mute[K],mute[K],mute[K],mute[K],mute[MN],mute[LN],mute[K],mute[MN],mute[LN],mute[K],mute[LO],mute[MN],mute[MN],mute[LNO],mute[K],mute[L],mute[L],mute[L],mute[L],mute[L],mute[L],mute[L],mute[L],mute[L],mute[L],mute[LO],mute[L],mute[L],mute[L],mute[L],mute[L],mute[L],mute[L],mute[L],mute[L],mute[L],mute[L],mute[L],mute[L],mute[K],mute[K],mute[K],mute[K],5<VW>,5<VW>,5<VW>,5<W>,5<VW>,5<VW>,mute[K],mute[MN],mute[LN],mute[K],mute[L],mute[L],mute[LMN],5<VW>,mute[LM],mute[L],mute[L],mute[L],mute[L],mute[L],mute[L],mute[L],mute[L],mute[L],mute[L],mute[L],mute[L],mute[L],mute[L],mute[L],mute[L],mute[L],mute[L],mute[L],mute[L],mute[L],mute[L],mute[L],mute[L],mute[KO],mute[LMNO],mute[K],mute[KO],mute[K],5<VW>,mute[LN],mute[K],mute[MN],mute[LN],mute[K],mute[L],mute[L],mute[KN],5<VW>,mute[L],mute[L],mute[L],mute[L],mute[L],mute[L],mute[L],mute[L],mute[L],mute[L],mute[L],mute[L],mute[L],mute[L],mute[L],mute[L],mute[L],mute[LO],mute[L],mute[L],mute[L],mute[L],mute[L],mute[L],mute[L],mute[K],mute[K],mute[K],mute[K],mute[LMN],mute[MN],mute[MN],mute[MN],mute[K],mute[MN],mute[LN],mute[K],mute[LN],5<VW>,mute[K],mute[L],mute[LO],mute[LMNO],mute[K],mute[K],mute[K],mute[K],mute[K],mute[K],mute[K],mute[K],mute[L],mute[L],mute[L],mute[L],mute[LN],5<VW>,mute[K],mute[K],mute[K],mute[K],mute[K],mute[MN],mute[LN],mute[K],mute[MN],mute[LN],mute[K],mute[LO],mute[MN],mute[MNO],mute[LN],mute[K],mute[K],mute[K],mute[K],mute[K],mute[K],mute[KO],mute[K],mute[LMNO],mute[K],mute[KO],mute[K],mute[L],mute[L],mute[K],mute[K],mute[K],mute[K],5<VW>,5<VW>,5<VW>,5<VW>,mute[L],mute[K],mute[MN],mute[LN],mute[K],mute[L],mute[L],mute[KN],5<VW>,mute[LO],mute[LMNO],mute[K],mute[K],mute[K],mute[K],mute[K],mute[K],mute[K],mute[K],mute[K],mute[K],mute[L],mute[L],mute[K],mute[K],mute[K],mute[K],mute[K],5<VW>,mute[LN],mute[K],mute[MN],mute[LNO],mute[LMNO],mute[L],mute[L],mute[KN],5<VW>,mute[LO],mute[LMNO],mute[K],mute[K],mute[K],mute[K],mute[K],mute[K],mute[K],mute[K],mute[KO],mute[LMNO],mute[KO],mute[K],mute[K],mute[K],mute[K],mute[LMN],mute[MN],mute[MN],mute[MN],mute[K],mute[MN],mute[LN],mute[K],mute[L],mute[L],mute[K],mute[L],mute[LO],mute[LMNO],mute[K],mute[K],mute[K],mute[K],mute[K],mute[K],mute[K],mute[K],mute[L],mute[L],mute[L],mute[L],mute[L],mute[L],mute[K],mute[K],mute[K],mute[K],mute[K],mute[K],mute[K],mute[K],mute[K],mute[L],mute[MN],mute[L],mute[LN],mute[K],mute[K],mute[K],mute[K],mute[K],mute[K],mute[K],mute[KO],mute[LMNO],mute[K],mute[KO],mute[K],mute[K],mute[K],mute[K],mute[K],mute[K],5<VW>,5<VW>,5<VW>,5<VW>,mute[L],mute[K],mute[K],mute[K],mute[L],mute[L],mute[KM],mute[MN],5<VW>,mute[K],mute[K],mute[K],mute[K],mute[K],mute[K],mute[K],mute[K],mute[K],mute[K],mute[K],mute[K],mute[K],mute[K],mute[K],mute[K],mute[KNO],mute[LMO],mute[KO],mute[K],mute[LMNO],mute[L],mute[L],mute[K],mute[L],5<VW>,5<VW>,mute[LM],mute[K],mute[K],mute[K],mute[K],mute[K],mute[K],mute[K],mute[K],mute[K],mute[K],mute[KM],mute[LM],mute[K],mute[K],mute[K],mute[K],mute[K],mute[KO],mute[LMNO],mute[KO],mute[L],mute[L],mute[K],mute[L],mute[MN],5<VW>,mute[LM],mute[K],mute[K],mute[K],mute[K],mute[K],mute[K],mute[K],mute[K],mute[K],mute[K],mute[KNO],mute[LMO],mute[K],mute[K],mute[K],mute[K],mute[K],mute[K],mute[K],mute[K],mute[K],mute[K],mute[KNO],mute[LMO],mute[K],mute[K],mute[K],mute[K],mute[K],mute[K],mute[K],mute[K],mute[K],mute[K],mute[KNO],mute[LMO],mute[K],mute[K],mute[K],mute[K],mute[K],mute[K],mute[K],mute[K],mute[K],mute[K],mute[KM],mute[LM],mute[K],mute[K],mute[K],mute[K],mute[K],mute[K],mute[K],mute[K],mute[KO],mute[LMNO],mute[KM],mute[HJKLM];","(e1.b1.#F-1)[K],(b.g2.#F-1.C-1)[LM],c[M],(g.g1.#G-1.#c.E-1.F-1.D-1.#F-1)[KO],(g2.c1.D-1.E-1.a.#c.#F-1)[K],(e1.#F-1)[LM],c[M],(g1.d.c.#G-1.E-1.D-1.#F-1)[L],(c.d)[L],(c1.B-1.A-1.#F-1)[L],(B-1.A-1)[L],(g.F-1.G-1.#F-1)[L],(E-1.F-1)[M],f[M],(F-1.c3.C-1.#c.a.#F-1)[K],(c2.f1.#F-1)[K],(#a1.#g1.#F-1)[K],(c3.f2.f3.#G-1.E-1.D-1.#F-1)[K],(c2.#F-1)[K],(#g1.C-1.#F-1)[MN],#a1[MNO],c2[NO],(F-1.f3.C-1.#F-1)[K],(f2.#F-1)[MN],g2[MNO],#g2[NO],(g1.#F-1)[K],(c3.g2.g1.#G-1.E-1.D-1.#F-1)[LO],#c3[MNO],#F-1[MO],#d3[LO],(f1.f2)[N],(C-1.#F-1)[K],(#A-2.#g1.#g2.#c3.f1.C-1.#F-1)[L],g1[L],(#c1.g1.#a2.#F-1)[L],f1[L],(f2.f1.#F-1)[L],g1[L],(#c1.#c3.g1.#a2.#G-1.E-1.D-1.#F-1)[L],f1[L],(f1.f2.#F-1)[L],g1[MN],f2[N],(F-1.#c3.g1.C-1.#F-1)[LO],f1[L],(f2.c.f1.#c2.C-1.#F-1)[L],g1[L],(#c3.c2.g1.f1.#F-1)[L],f1[L],(#A-1.#a1.f1.#F-1)[L],g1[L],(#c2.g1.E-1.#G-1.D-1.#F-1)[L],f1[L],(#g1.f1.#F-1)[L],g1[L],(g1.#A-2.#F-1)[L],(#d.f1)[L],(#D-1.#a2.g1.C-1.#F-1)[K],(f1.#d1.#F-1)[K],(g1.#F-1)[K],(#d1.#d2.#G-1.E-1.D-1.#F-1)[K],(g1.g2.#a1.#F-1)[M],#g2[M],a2[M],#a2[M],(#c2.#d1.b2.#A-2.C-1.#F-1)[M],c3[N],f1[N],#c3[M],g1[M],(#D-1.#d3.C-1.#F-1)[K],(f1.#d2.#F-1)[MN],f2[MN],g2[M],(f1.#d1.#F-1)[K],(f2.f1.#a.#a2.#G-1.E-1.D-1.#F-1)[L],c3[L],(#c3.#c1.#F-1)[LMN],(#d2.#d1)[N],(c1.#A-2.#F-1)[M],c3[LM],(c1.#G-2.f1.C-1.#F-1)[O],c3[MNO],g1[L],(#d1.g1.g2.#F-1)[L],f1[L],(f1.#d2.#F-1)[L],g1[L],(g1.g2.#G-1.E-1.D-1.#F-1.c2)[L],f1[L],(c1.f1.#d2.#F-1)[L],g1[L],(#d1.c3.#G-2.g1.C-1.#F-1)[L],f1[L],(#G-2.c2.f1.C-1.#F-1)[L],g1[L],(c3.c1.g1.#F-1)[L],f1[L],(#a1.f1.#g1.#F-1)[L],g1[L],(c2.#G-1.g1.g2.E-1.D-1.#F-1)[L],f1[L],(#g1.#g2.f1.#F-1)[L],(g2.g1)[L],(f1.f2.g1.#F-1)[L],(#c.g1.g2.f1)[L],(#C-1.#g2.C-1.#F-1)[KO],(#c1.#F-1)[LMNO],(f1.#F-1)[K],(#c2.#G-1.E-1.D-1.#F-1)[KO],(c2.#g1.#F-1)[K],(#c1.#G-2.C-1.#F-1)[N],#c3[M],#d1[N],#a1[MO],f1[NO],(#C-1.#c3.C-1.#F-1)[K],(#c2.#F-1)[O],f1[MO],#d2[MNO],f2[NO],(#F-1.#c1)[K],(#g.#d1.#d2.#g2.#G-1.E-1.D-1.#F-1)[L],#a2[L],(#a.#a2.c3.f2.#F-1)[LMN],(#c2.#c1)[O],c3[O],(c2.#G-2.#F-1)[O],c1[M],#a2[NO],#c[L],(#c3.G-1.f1.C-1.#F-1)[O],#a2[MNO],g1[L],(#c1.g1.f2.#F-1)[L],f1[L],(f1.#a1.#F-1)[L],g1[L],(#a1.g1.g2.#G-1.E-1.D-1.#F-1)[L],f1[L],(#c2.f1.#F-1)[L],g1[L],(#a2.#C-1.g1.C-1.#F-1)[L],f1[L],(G-1.#a1.f1.C-1.#F-1)[L],g1[L],(#a2.#a1.g1.#F-1)[L],f1[L],(#g1.f1.g1.#F-1)[LO],g1[L],(#a1.f2.g1.E-1.D-1.#G-1.#F-1)[L],f1[L],(#c1.f1.#F-1)[L],g1[L],(G-1.#a.g1.#F-1)[L],f1[L],(c.g2.C-1.#F-1)[K],(c1.#F-1)[K],(e1.#F-1)[K],(c2.#G-1.E-1.D-1.#F-1)[K],(#a1.g1.#F-1)[LMN],#g2[N],(#g1.c1.G-1.C-1.#F-1)[MN],#c1[MNO],#d1[NO],(c.c3.#g1.C-1.#F-1)[K],(g1.c2.#F-1)[MN],d2[MNO],e2[O],f2[N],(f1.#F-1)[K],(g2.#G-1.E-1.D-1.#F-1)[L],#g2[M],(g2.g1)[M],(#g1.#g2.#a2.#F-1)[K],(#a1.G-1.#F-1.#a2)[L],#g2[L],(F-1.c1.C-1.#F-1)[O],#g2[LMNO],(f1.f2.#F-1)[K],(#g1.#F-1)[K],(f2.#G-1.E-1.D-1.#F-1)[K],(f1.c2.#F-1)[K],(c1.#g2.G-1.C-1.#F-1)[LM],c[M],(#g.#g1.#G-1.#c.E-1.F-1.D-1.#F-1)[K],(#g2.#c.#c1.D-1.E-1.a.#F-1)[K],(f1.#F-1)[LM],c[M],(#g1.d.c.#G-1.E-1.D-1.#F-1)[L],(d.c)[L],(#c1.B-1.A-1.#F-1)[L],(B-1.A-1)[L],(#g.F-1.G-1.#F-1)[L],(E-1.F-1)[M],#f[M],(#c3.C-1.a.#c.#F-1)[K],(#c2.#f1.#F-1)[K],(b1.a1.#F-1)[K],(#c3.#f2.#f3.E-1.D-1.#G-1.#F-1)[K],(#F-1.#c2)[K],(a1.#C-1.C-1.#F-1)[MN],b1[MNO],#c2[NO],(#f3.C-1.#F-1)[K],(#f2.#F-1)[MN],#g2[MNO],a2[NO],(#g1.#F-1)[K],(#c3.#f1.E-1.D-1.#G-1.#F-1)[LO],d3[MNO],#F-1[MN],e3[LN],(#C-1.#F-1)[K],(B-2.d3.C-1.#F-1)[K],(d1.b2.#F-1)[K],(#f2.#f1.#F-1)[K],(d1.d3.b2.E-1.D-1.#G-1.#F-1)[K],(#f2.#F-1)[K],(#F-1.d3.C-1)[KO],(#c.d2.C-1.#F-1)[K],(d3.#c2.#f1.#F-1)[LMNO],(B-1.b1.#F-1)[K],(d2.E-1.D-1.#G-1.#F-1)[KO],(a1.#F-1)[K],(#g1.B-2.#F-1)[L],e[L],(b2.#g1.C-1.#F-1)[K],(#f1.e1.#F-1)[K],(#g1.#F-1)[K],(E-1.e1.e2.#G-1.D-1.#F-1)[K],(#g1.#g2.b1.#F-1)[M],a2[M],#a2[M],b2[M],(d2.e1.c3.B-2.C-1.#F-1)[M],#c3[N],#f1[N],d3[MO],#g1[NO],(e3.C-1.#F-1)[K],(#f1.e2.#F-1)[MN],#f2[MNO],#g2[NO],(#f1.e1.#F-1)[K],(e1.E-1.b.b2.#G-1.D-1.#F-1)[L],#c3[L],(d3.d1.#F-1)[K],(B-2.#F-1.#c1)[M],#c3[M],A-1[L],(A-2.C-1.#F-1.#c1)[O],#c3[LMNO],(e1.#g2.#F-1)[K],(#g1.e2.#F-1)[K],(#g2.E-1.#G-1.D-1.#F-1.#c2)[K],(#c1.e2.#F-1)[K],(e1.#c3.A-2.C-1.#F-1)[K],(A-2.#c2.C-1.#F-1)[K],(#c1.#c3.#F-1)[K],(b1.a1.#F-1)[K],(#c2.D-1.#G-1.E-1.#F-1)[K],(a1.#F-1)[K],(#g1.#F-1)[L],d[L],(a2.C-1.#F-1)[K],(d1.#F-1)[K],(#f1.#F-1)[K],(D-1.d2.E-1.#G-1.#F-1)[K],(#c2.a1.#F-1)[K],(d1.A-2.C-1.#F-1)[NO],d3[NO],e1[N],b1[MO],#f1[NO],(d3.C-1.#F-1)[K],(d2.#F-1)[O],#f1[MO],e2[MNO],#f2[NO],#F-1[O],d1[LMNO],(a.D-1.a2.E-1.#G-1.#F-1)[L],b2[L],(b.b2.#c3.#f2.#F-1)[LMNO],#c3[O],(#c2.A-2.#F-1)[O],#c1[M],b2[NO],d[L],(C-1.#F-1)[O],b2[LMNO],(d1.#f2.#F-1)[K],(#f1.b1.#F-1)[K],(#G-1.b1.#g2.E-1.D-1.#F-1)[K],(d2.#F-1)[K],(D-1.b2.C-1.#F-1)[K],(b1.C-1.#F-1)[K],(b2.b1.#F-1)[K],(a1.#g1.#F-1)[K],(b1.#G-1.E-1.D-1.#F-1)[KO],(d1.#F-1)[LMNO],(#G-1.b.#F-1)[KO],(#c.#g2.C-1.#F-1)[K],(#c1.#F-1)[K],(f1.#F-1)[K],(#c2.E-1.#G-1.D-1.#F-1)[K],(b1.#g1.#F-1)[LMN],a2[N],(a1.#G-1.#c1.C-1.#F-1)[MN],d1[MN],e1[M],(#c.#c3.a1.C-1.#F-1)[K],(#g1.#c2.#F-1)[MN],#d2[MN],f2[M],(#f1.#F-1)[LM],#g1[M],(#g2.E-1.D-1.#G-1.#F-1)[L],a2[L],(a1.a2.b2.#F-1)[K],(b1.#G-1.#F-1.b2)[L],a2[L],(#c1.C-1.#F-1)[O],a2[LMNO],(#f1.#f2.#F-1)[K],(a1.#F-1)[K],(#f2.E-1.#G-1.D-1.#F-1)[K],(#f1.#F-1.#c2)[K],(#F-1.#c1.#G-1.a2.C-1)[LM],c[M],(a1.E-1.D-1.#c.F-1.#G-1.#F-1)[K],(a2.a.d1.E-1.#c.D-1.#F-1)[K],(#f1.#F-1)[LM],c[M],(a1.E-1.c.D-1.d.#G-1.#F-1)[L],(d.c)[L],(d1.B-1.A-1.#F-1)[L],(B-1.A-1)[L],(a.F-1.G-1.#F-1)[L],(E-1.F-1)[L],(g.G-1.d3.C-1.#F-1)[K],(d2.#F-1)[K],(c2.#F-1)[K],(d2.g1.g2.E-1.D-1.#G-1.#F-1)[K],#F-1[K],(#a1.D-1.C-1.#F-1)[K],(G-1.g2.g3.C-1.#F-1)[K],#F-1[K],(a1.#F-1)[LMNO],d2[O],(g1.d3.E-1.D-1.#G-1.#F-1)[L],#d3[O],#d2[MNO],(f3.#F-1)[MN],f2[LN],(D-1.#F-1)[K],(C-1.#d2.#d3.#F-1)[K],(#d1.#F-1)[K],(g1.g2.#F-1)[K],(#d2.#d1.#d3.E-1.D-1.#G-1.#F-1)[K],(g1.g2.#F-1)[K],(G-1.#d3.C-1.#F-1)[K],(d.C-1.#F-1)[KO],(#d3.d2.#F-1)[LMNO],(c.c2.#F-1)[K],(E-1.#G-1.D-1.#F-1)[KO],(#a1.#F-1)[K],(a1.C-1.#F-1)[LM],f[M],(F-1.c2.a1.c3.C-1.#F-1)[K],(g1.#F-1)[K],(a1.#F-1)[K],(f1.f2.E-1.#G-1.D-1.#F-1)[K],(a1.#F-1)[M],#a1[M],b1[M],c2[M],(#c2.C-1.#F-1)[M],d2[M],#d2[L],(F-1.f2.f3.C-1.#F-1)[K],(g1.#F-1)[K],(f1.g1.#F-1)[K],(f1.c1.c2.c3.E-1.#G-1.D-1.#F-1)[L],d3[L],(#d2.#d3.#d1.#F-1)[K],(C-1.#F-1.d1)[M],d2[L],#A-1[M],(#A-2.d3.C-1.#F-1.d1)[K],(f1.#F-1)[K],(a1.f2.#F-1)[K],(d3.E-1.#G-1.D-1.#F-1.d2)[K],(d1.f2.#F-1)[K],(f1.d3.#A-2.C-1.#F-1)[K],(#A-2.C-1.#F-1)[K],(d1.d3.#F-1)[K],(c2.#F-1)[K],(E-1.D-1.#G-1.#F-1)[K],(#a1.#F-1)[K],(a1.#F-1)[LM],#d[M],(#D-1.#a1.#a2.C-1.#F-1)[K],#F-1[K],(g1.#F-1)[K],(#d1.#d2.E-1.D-1.#G-1.#F-1)[K],(d2.#a1.#F-1)[K],(c2.#A-2.C-1.#F-1)[NO],#d2[LM],#d2[O],(#D-1.#d3.C-1.#F-1)[K],#F-1[O],g1[LMNO],#F-1[O],#d1[LMNO],(#a.#a1.#a2.E-1.#G-1.D-1.#F-1)[L],(c2.c3)[L],(c1.d3.d2.#F-1)[K],(c2.#A-2.#F-1)[O],d1[MNO],#a1[M],#d[M],(c3.C-1.#F-1)[M],A-1[LM],(#d1.#F-1)[K],(g1.#d2.#F-1)[K],(c2.c3.E-1.#G-1.D-1.#F-1)[K],(#d2.#F-1)[K],(c2.#D-1.c3.C-1.#F-1)[K],(A-1.C-1.#F-1)[K],(c2.c3.#F-1)[K],(#a1.#F-1)[K],(E-1.#G-1.D-1.#F-1)[K],(#d1.#F-1)[K],(A-1.c1.#F-1)[K],(a1.a2.C-1.#F-1)[M],d[LM],#F-1[K],(#f1.#F-1)[K],(d1.d2.E-1.#G-1.D-1.#F-1)[K],(c2.#F-1)[K],(#a1.A-1.C-1.#F-1)[LNO],d2[MO],(d.#a1.d3.C-1.#F-1)[KO],(a1.#F-1)[LMNO],(g1.#F-1)[KO],(a1.a2.E-1.D-1.#G-1.#F-1)[L],#a2[L],(#a1.c3.#F-1)[K],(A-1.#F-1.c2)[L],#a1[L],(d1.#a2.C-1.#F-1)[M],G-1[LM],(g1.#F-1)[K],(#a1.d2.#F-1)[K],(#a2.E-1.#G-1.D-1.#F-1)[K],(g1.d2.#F-1)[K],(d1.A-1.#a2.C-1.#F-1)[K],(G-1.d1.C-1.#F-1)[K],(#a2.g1.#F-1)[K],(#a1.#F-1)[K],(D-1.#G-1.E-1.#F-1)[K],(g1.#F-1)[K],(d1.A-1.C-1.#F-1)[K],(G-2.g.g1.g3.C-1.#F-1)[NO],G-1[LMO],(c3.#F-1)[K],#F-1[K],(D-1.#G-1.E-1.#F-1.c2)[K],(g2.#F-1)[K],(g3.C-1.#F-1)[K],(g2.C-1.#F-1)[K],(g3.#F-1)[K],(c2.#F-1)[K],(g2.E-1.D-1.#G-1.#F-1)[K],#F-1[K],#F-1[K],(g.G-2.g3.G-1.C-1.#F-1)[NO],G-1[LMO],(#a2.#F-1)[K],(d1.#F-1)[K],(#a1.E-1.D-1.#G-1.#F-1)[K],(g2.#F-1)[K],(g3.C-1.#F-1)[K],(d2.C-1.#F-1)[K],(g3.#F-1)[K],(g1.#F-1)[K],(g2.E-1.D-1.#G-1.#F-1)[K],#F-1[K],#F-1[K],(g.G-2.g2.G-1.C-1.#F-1)[NO],G-1[LMO],(a2.#F-1)[K],(#d1.#F-1)[K],(c2.E-1.D-1.#G-1.#F-1)[K],(#d2.#F-1)[K],(g2.C-1.#F-1)[K],(c2.C-1.#F-1)[K],(g2.#F-1)[K],(a1.#F-1)[K],(g1.E-1.D-1.#G-1.#F-1)[K],#F-1[K],#F-1[K],(g.G-2.g2.G-1.C-1.#F-1)[M],G-1[LM],(d2.#F-1)[K],(#a.#F-1)[K],(g1.E-1.D-1.#G-1.#F-1)[K],(#a1.#F-1)[K],(g2.C-1.#F-1)[K],(g1.C-1.#F-1)[K],(g2.#F-1)[K],(g1.#F-1)[K],(g1.E-1.D-1.#G-1.#F-1)[KO],#F-1[LMNO],#F-1[K],(g1.g.G-2.G-1)[M],G-1[HJKLM];"],"id":3,"instruments":["piano","piano"],"alternatives":["",""]}],"audition":{"start":[0,0],"end":[2,519]}}