{"baseBpm":324,"musics":[{"bpm":324,"baseBeats":0.75,"scores":["(g1.b.g)[KL],b1[KL],c2[KL],d2[KL],(a.c1)[KL],(g.b)[KL],(a.#f)[KL],e2[KL],#c2[KL],d2[KL],(e.g)[KL],(d.#f)[KL],(b1.g.e)[KL],g1[KL],a1[KL],b1[KL],(#f.a)[KL],(e.g)[KL],(#f.#d)[KL],c2[KL],#a1[KL],b1[KL],(e.g)[KL],(d.f)[KL],(c2.e.c)[KL],d2[KL],e2[KL],(d.B-1)[KL],d2[KL],g2[KL],(c.A-1)[KL],#f2[KL],a2[KL],(B-1.d)[KL],g2[KL],(b1.G-1.d)[KL],(c.e)[KL],a1[KLN],b1[KL],d2[KLN],c2[KL],(a1.c1)[KLN],(g1.b.d)[KLN],(#f1.a)[KL],(g1.b)[KLM],(b1.d1)[KLM],(a1.c1)[KLM],(#f1.a)[KLMN],(g1.b.g)[KLN],b1[KL],c2[KL],d2[KL],(a.c1)[KL],(g.b)[KL],(a.#f)[KL],e2[KL],d2[KL],#d2[KL],(g.b)[KL],(#f.a)[KL],(e2.g.e)[KL],e2[KL],#f2[KL],g2[KL],(#f.a)[KL],(e.g)[KL],(#d.#f)[KL],#f2[KL],b2[KL],(#d.b)[KL],#f2[KL],a2[KL],(b.e)[KL],e2[KL],g2[KL],(#f.b)[KL],#d2[KL],(#f2.b.a)[KL],(g.b)[KL],e2[KL],(b1.e1.#g)[KL],(d2.e1.a)[KL],c2[KL],(b1.e1.b)[KL],(e1.c1)[KL],a1[KLN],#g1[KLN],a1[KL],e2[KL],#a1[KLN],(g1.#a1.b.e1)[KLN],(#f1.b1.#d1.b)[KLM],(#f1.b1.b.#d1)[KLM],(b1.b)[JKLN],g1[KLM],(g1.b.g)[KLN],b1[KL],c2[KL],d2[KL],(a.c1)[KL],(g.b)[KL],(a.#f)[KL],e2[KL],#c2[KL],d2[KL],(e.g)[KL],(d.#f)[KL],(b1.g.e)[KL],g1[KL],a1[KL],b1[KL],(#f.a)[KL],(e.g)[KL],(#f.#d)[KL],c2[KL],#a1[KL],b1[KL],(e.g)[KL],(d.f)[KL],(c2.e.c)[KL],d2[KL],e2[KL],(d.B-1)[KL],d2[KL],g2[KL],(c.A-1)[KL],#f2[KL],a2[KL],(B-1.d)[KL],g2[KL],(b1.G-1.d)[KL],(c.e)[KLN],a1[KLN],b1[KL],d2[KL],c2[KLN],(a1.c1)[KL],(g1.b.d)[KLN],(#f1.a)[KLN],(g1.b)[KLM],(b1.d1)[KLN],(a1.c1)[KLMN],(#f1.a)[KLM],(g1.b.g)[KLN],b1[KLN],c2[KL],d2[KL],(a.c1)[KL],(g.b)[KL],(a.#f)[KL],e2[KL],d2[KL],#d2[KL],(g.b)[KL],(#f.a)[KL],"],"id":1},{"bpm":324,"baseBeats":0.75,"scores":["(e2.g.e)[KL],e2[KL],#f2[KL],g2[KL],(#f.a)[KL],(e.g)[KL],(#d.#f)[KL],#f2[KL],b2[KL],(#d.b)[KL],#f2[KL],a2[KL],(b.e)[KL],e2[KL],g2[KL],(#f.b)[KL],#d2[KL],(#f2.b.a)[KL],(g.b)[KL],e2[KL],(b1.e1.#g)[KL],(d2.e1.a)[KL],c2[KL],(b1.e1.b)[KL],(e1.c1)[KL],a1[KLN],#g1[KL],a1[KL],e2[KLN],#a1[KLN],(g1.#a1.b.e1)[KL],(#f1.b1.#d1.b)[KLM],(#f1.b1.b.#d1)[KLM],(b1.b)[JKLN],g2[KLMN],(g2.e2.c)[KL],c1[KLN],g[KL],(f2.d2.c)[KL],d1[KL],g[KL],(c2.e2.c)[KL],e1[KL],g[KL],c[KL],f1[KL],(b1.d2.g)[KL],(c2.e2.c)[KL],e1[KL],(d2.f2.g)[KL],(g2.e2.c)[KL],c1[KL],(a2.f2.g)[KL],(g2.e2.c)[KL],#c1[KL],g[KL],(f2.d2.c)[KL],d1[KL],g[KL],(d2.f2.c)[KL],b[KL],g[KL],(c2.e2.c)[KL],c1[KL],g[KL],(b1.d2.c)[KL],d1[KL],g[KL],c[KL],e1[KL],(c2.g)[KL],(b1.d2.c)[KL],f1[KL],(c2.e2.g)[KL],(d2.f2.c)[KL],b[KL],(e2.g2.g)[KL],(d2.f2.c)[KL],b[KL],g[KL],(c2.e2.c)[KL],c1[KL],(b1.d2.g)[KL],(c2.e2.c)[KL],c1[KL],g[KL],(c2.#f2.A-1)[KL],a[KL],d[KL],(#f2.d2.B-1)[KL],b[KL],(g2.d)[KL],(g2.b1.G-1)[KL],g[KL],(g2.d)[KL],(a2.a1.#F-1)[KL],#f[KL],(#f2.d)[KL],(b2.g2.D-1)[KL],d[KL],(c3.a2.D-1)[KL],(c3.g2.E-1)[KL],e[KL],(b2.G-1)[KL],(b2.g2.D-1)[KL],d[KL],(g3.e3.g2.C-1.c)[KL],(g3.d3.g2.B-2)[KL],B-1[KL],G-1[KL],(#d3.g2.B-2)[KL],B-1[KL],(e3.G-1)[KL],(e3.g2.C-1)[KL],c[KL],G-1[KL],(a2.g2.C-1)[KL],c[KL],(b2.G-1)[KL],(b2.D-1)[KLN],(a2.d)[KL],(b2.G-1)[KL],(d3.E-1)[KLN],(c3.e)[KL],(b2.G-1)[KLN],(g2.b2.D-1)[KLN],(c2.a2.d)[KLN],(b1.g2.G-1)[KLM],(c2.a2.D-1)[KLN],(a1.#f2.d)[KLMN],(b1.g2.g)[KLM],(g2.e2.c)[KLN],c1[KL],g[KL],(f2.d2.c)[KL],d1[KL],g[KL],(c2.e2.c)[KL],e1[KL],g[KL],c[KL],f1[KL],"],"id":2},{"bpm":324,"baseBeats":0.75,"scores":["(b1.d2.g)[KL],(c2.e2.c)[KL],e1[KL],(d2.f2.g)[KL],(g2.e2.c)[KL],c1[KL],(a2.f2.g)[KL],(g2.e2.c)[KL],#c1[KL],g[KL],(f2.d2.c)[KL],d1[KL],g[KL],(d2.f2.c)[KL],b[KL],g[KL],(c2.e2.c)[KL],c1[KL],g[KL],(b1.d2.c)[KL],d1[KL],g[KL],c[KL],e1[KL],(c2.g)[KL],(b1.d2.c)[KL],f1[KL],(c2.e2.g)[KL],(d2.f2.c)[KL],b[KL],(e2.g2.g)[KL],(d2.f2.c)[KL],b[KL],g[KL],(c2.e2.c)[KL],c1[KL],(b1.d2.g)[KL],(c2.e2.c)[KL],c1[KL],g[KL],(c2.#f2.A-1)[KL],a[KL],d[KL],(#f2.d2.B-1)[KL],b[KL],(g2.d)[KL],(g2.b1.G-1)[KL],g[KL],(g2.d)[KL],(a2.a1.#F-1)[KL],#f[KL],(#f2.d)[KL],(b2.g2.D-1)[KL],d[KL],(c3.a2.D-1)[KL],(c3.g2.E-1)[KL],e[KL],(b2.G-1)[KL],(b2.g2.D-1)[KLN],d[KL],(g3.e3.g2.C-1.c)[KLN],(g3.d3.g2.B-2)[KL],B-1[KL],G-1[KL],(#d3.g2.B-2)[KL],B-1[KL],(e3.G-1)[KL],(e3.g2.C-1)[KL],c[KL],G-1[KL],(a2.g2.C-1)[KL],c[KL],(b2.G-1)[KL],(b2.D-1)[KL],(a2.d)[KLN],(b2.G-1)[KL],(d3.E-1)[KL],(c3.e)[KLN],(b2.G-1)[KLN],(g2.b2.D-1)[KL],(c2.a2.d)[KLN],(b1.g2.G-1)[KLM],(c2.a2.D-1)[KLN],(a1.#f2.d)[KLMN],(b1.g2.g)[KLMN],b1[KLM],a1[KL],g1[KL],a1[KL],#f1[KL],g1[KL],(d2.b1)[KL],(c2.a1)[KL],(b1.g1)[KL],(c2.a1)[KL],(a1.#f1)[KL],(b1.g1)[KL],(g2.b1.g1)[KL],b2[KL],c3[KL],d3[KL],(a1.c2)[KL],(g1.b1)[KL],(a1.#f1)[KL],e3[KL],#c3[KL],d3[KL],(b1.g1)[KL],(#d3.a1.#f1)[KL],(e3.g1.e1)[KL],g2[KL],a2[KL],b2[KL],(a1.#f1)[KL],(e1.g1)[KL],(#f1.#d1)[KL],c3[KL],#a2[KL],b2[KL],(g1.e1)[KL],(d1.f1)[KL],(c3.e1.c1)[KL],d3[KL],e3[KL],(d1.b)[KL],d3[KL],g3[KL],(c1.a)[KL],#f3[KL],a3[KLN],(d1.b)[KLN],g3[KL],(b2.d1.g)[KLM],c1[KLM],a2[KLN],(e3.c2)[KLM],d1[KLN],d3[KLMN],(#f2.c2)[KLM],(a2.#f2.g1)[KLMN],(g2.b1)[JN],(g2.g1.b1)[JM],(g2.b1.g1)[HHILMN],"],"id":3}],"audition":{"start":[0,0],"end":[1,0]}}