{"baseBpm":240,"musics":[{"bpm":240,"baseBeats":0.75,"scores":["STUV,STW,ST,ST,ST,ST,ST,SV,mute[LM],ST,STV,TUW,TU,TU,TU,TU,TU,ST,TU,TU,ST,ST,TU,TU,ST,TU,mute[LM],mute[LM],ST,TUW,TUV,STVW,STV,TU,TU,TU,TU,TU,TUW,5<UV>,5<UV>,5<UV>,5<UV>,TUW,TU,TU,TUW,5<UV>,5<UV>,5<UV>,5<UV>,TUW,mute[LM],mute[LM],TUW,TU,TUW,TU,TUW,TUW,TUV,TUW,TUV,TUV,TUW,TUVW,TUVW,TUV,TUV,TUW,TUV,TUW,TUV,TUV,TUW,TUW,TUW,mute[LM],mute[LM],TUV,TUW,S,S,R,RUV,R,STVW,TUV,TUV,TUW,TUV,TUV,TUV,STVW,TUV,TUW,TUV,TUV,STU,STUV,R,TUVW,TUVW,TUV,TUVW,TUVW,TUV,TUV,TUV,TUV,TUV,TUV,TUW,TW,T,SW,TW,T,TW,TW,S,TW,TVW,mute[LM],mute[LM],mute[LM],mute[LM],mute[LM],mute[LM],mute[LM],mute[LM],mute[LM],mute[LM],mute[LM],mute[LM],mute[LM],mute[LM],mute[LM],mute[LM],mute[LM],mute[LM],mute[LM],mute[LM],mute[LM],mute[LM],mute[LM],mute[LM],mute[LM],mute[LM],mute[LM],mute[LM],mute[LM],mute[LM],mute[LM],mute[LM],mute[LM],TU,5<UV>,5<UV>,5<UV>,5<UV>,5<UV>,5<UV>,5<UV>,5<UV>,5<UV>,5<UV>,5<UV>,5<UV>,5<UV>,5<UV>,5<UV>,5<UV>,5<UV>,5<UV>,5<UV>,5<UV>,5<UV>,5<UV>,5<UV>,5<UV>,5<UV>,5<UV>,5<UV>,5<UV>,5<UV>,5<UV>,5<UV>,5<UV>,5<UV>,,","(g1.d.b)[JKLM],(#f1.d.d1)[JKN],(c1.d)[JK],(g1.b.d)[JK],(a1.d.c1)[JK],(#f.d)[JK],(b1.g.d)[JK],(c2.e.d)[JM],b1[LM],(a1.f.d)[JK],(d2.#f.d)[JKM],(b1.g)[KLN],#f[KL],(g2.e)[KL],d[KL],(g2.e.c)[KL],(d.B-1)[KL],(c.A-1)[JK],#f2[KL],a2[KL],(g2.d.B-1)[JK],(e.c)[JK],a1[KL],c2[KL],(b1.g.d)[JK],(e.g)[KL],c2[LM],(d.f)[LM],(e2.c.e)[JK],(A-1.c)[KLN],(c2.#f2.d)[KLM],(c2.a2.G-1.d)[JKMN],(b1.g2.g)[JKM],(g1.b)[KL],d[KL],(#f1.d1)[KL],d[KL],c1[KL],d[KL],(g1.b)[MN],a1[MN],g1[MN],a1[MN],(g1.d)[MN],a1[MN],#f1[L],g1[MN],(a1.c1)[KLN],d[KL],#f[KL],d[KL],(b1.g)[MN],c2[MN],b1[MN],c2[MN],(b1.d)[MN],c2[MN],a1[L],b1[MN],(c2.e)[KLN],d[LM],b1[LM],(a1.f)[KLN],d[KL],(d2.#f)[KLN],d[KL],(b1.g)[KLN],#f[KLN],(g2.e)[KLM],d[KLN],(a2.e.c)[KLM],(g2.d.B-1)[KLM],(g2.c.A-1)[KLN],#f2[KLMN],c3[KLMN],#f2[KLM],(a2.d.B-1)[KLM],g2[KLN],(b1.e.c)[KLM],a1[KLN],g2[KLM],a1[KLM],(c2.g.d)[KLN],b1[KLN],(c2.e.g)[KL],d2[LMN],d[LM],(e2.c.e)[KLM],c2[KLN],(c2.e2.A-1.d)[J],#f2[J],(c2.a2.G-1.d)[I],(b1.g2.g)[ILM],(g1.b1.d1)[I],(#f1.a1.d1)[JKMN],d1[KLM],(g1.b1)[KLM],(e1.#c2.d1)[KLN],(#f1.d2)[KLM],(d2.#f1.d)[KLM],(a1.#f)[KLM],(b1.g)[JKMN],(#c2.d1.g)[KLM],b1[KLN],(b1.g1.e.#c1)[KLM],a1[KLM],(a1.#f1.d.d1)[JKL],(a1.e1.g1.#c)[JKLM],(a1.#f1.d)[I],(d1.#f)[KLMN],#f1[KLMN],b1[KLM],a1[KLMN],(#c.a)[KLMN],e1[KLM],b1[KLM],a1[KLM],(e.a)[KLM],g1[KLM],b1[KLM],a1[KLN],(#c.a)[KN],e1[K],b1[JN],#g1[KN],a1[K],(d.a)[KN],#f1[KN],b1[J],#g1[KN],a1[KN],(#c.a)[LM],e1[LMN],b1[LMN],a1[LM],(g1.e.a)[LMN],#a1[LM],b1[LMN],a1[LM],(d.a)[LM],#f1[LMN],b1[LM],a1[LMN],(a.#f)[LM],a1[LM],(e2.d1)[LM],d2[LMN],(d1.b)[LM],d2[LMN],g2[LM],#f2[LM],(b.g)[LM],e2[LMN],#c3[LM],b2[LM],#a2[LMN],b2[LM],(b1.e1.g)[LMN],g2[LMN],#f2[LM],e2[LMN],(g2.b.g)[LMN],e2[LMN],(d2.#f1.a)[MN],e2[L],d2[MN],e2[L],d2[MN],e2[L],d2[MN],e2[MN],(#c2.g1.e1.a)[L],d2[L],#c2[L],d2[MN],#c2[L],d2[MN],#c2[L],d2[L],(c2.#f1.d1)[L],d2[L],c2[MN],d2[L],c2[MN],d2[L],c2[L],d2[L],c2[MN],d2[L],c2[MN],d2[L],c2[L],d2[L],c2[L],d2[MN],c2[L],d2[L],c2[L],d2[L],c2[L],d2[L],b1[L],c2[L],d2[L],c2[L],b1[MN],a1[L],b1[L],c2[L],d2[MN],e2[L],#f2[MN],e2[MN],d2[MN],e2[L],#f2[M],g2[L],a2[M],g2[L],"],"id":1},{"bpm":240,"baseBeats":0.75,"scores":["TV,5<UV>,5<UV>,5<UV>,5<UV>,5<UV>,5<UV>,5<UV>,5<UV>,5<UV>,5<UV>,5<UV>,T,T,T,T,S,S,RVW,mute[LM],mute[LM],mute[LM],mute[LM],TUV,TUW,TUVW,S,S,S,S,S,S,S,S,S,ST,T,S,S,S,S,S,S,S,S,S,S,TUVW,TUVW,TUVW,TUV,S,mute[LM],T,TUV,TUVW,TUVW,TUVW,SW,mute[LM],mute[LM],TUV,TW,mute[LM],S,mute[LM],mute[LM],TUVW,mute[LM],T,S,TW,TW,SVW,SW,S,TUVW,TUVW,TUV,TUVW,TUVW,TUVW,TUVW,TUV,TUVW,TUVW,TUV,TUVW,TUVW,TUVW,TUVW,TUV,TUVW,TUVW,TUVW,TUVW,TUV,TUVW,TUVW,TUV,TUVW,TUVW,TUVW,TUVW,S,S,S,S,S,S,S,S,S,ST,T,ST,T,SW,SW,SV,SW,RVW,STUV,STVW,TUW,TUV,TUV,TUV,TUV,TUW,STVW,TUVW,TUV,TUV,TUV,STUV,R,R,S,S,S,S,TUVW,TUVW,TUVW,TUVW,TUV,TUV,TUVW,TUV,TV,TW,SVW,TV,TW,TW,TV,SV,TW,TVW,mute[LM],mute[LM],TW,mute[LM],mute[LM],mute[LM],mute[LM],mute[LM],mute[LM],mute[LM],mute[LM],mute[LM],mute[LM],mute[LM],mute[LM],","#f2[M],g2[MN],a2[MN],b2[MN],c3[MN],b2[M],a2[MN],b2[MN],c3[MN],d3[MN],e3[M],d3[MN],c3[MN],b2[L],a2[MN],g2[MN],#f2[MN],e2[L],d2[MN],c2[L],b1[L],a1[L],g1[L],#f1[L],(e1.#c1.#a.g)[K],#a1[K],#c2[K],e2[K],(c2.#f.a)[J],#d2[J],d2[I],(G-2.G-1)[LM],#a1[LMN],#c1[LMN],e1[LMN],(a.#F-2.#F-1)[KLM],(#d1.c1.a)[KLN],(a.c1.d1)[KLMN],(a.c1.d1)[J],(b1.b.d1.G-2.G-1)[J],(g1.b.d1)[J],(c1.d1.g1.A-2.A-1)[J],(c1.d1.#f1)[J],(c1.d1.#f1)[J],(g1.d2)[J],(g1.d2.B-2.B-1)[J],(g1.g2)[J],(e2.g1.C-1.c)[JK],(B-2.B-1)[K],(c2.A-2.A-1)[J],g2[J],(c2.#f2.d.D-1)[J],a2[J],(c2.a2.G-2.G-1)[J],(b1.g2)[J],(a1.#f2)[J],(b1.g2)[J],(b2.g2.d1)[J],(a2.#f2)[J],(a2.#f2)[KLMN],c1[KLMN],a[KLMN],(d2.#f)[KLM],(b2.g2.d)[KLMN],(d2.B-1)[LMN],G-1[K],(c3.e2)[KLM],(g2.E-1)[KLMN],(f2.D-1)[KLMN],(e2.C-1)[KLMN],(d3.f2)[KLMN],B-2[LMN],G-2[LMN],(e3.e2)[KLM],C-1[K],(d3.f2.D-1)[LMN],(g2.c3.E-1)[KLM],(#f2.D-1)[LMN],(g2.E-1)[LMN],(a2.#F-1)[KLM],(c2.E-1)[LMN],#F-1[K],(c2.a2.G-1)[J],(b1.g2.B-1)[KN],c[KN],(g2.b1.d)[JMN],b2[JN],a2[J],g2[KLMN],#f2[KLMN],e2[KLM],d2[KLMN],(#c2.e1)[KLMN],(c2.#f1)[KLMN],d1[KLMN],(b1.g1)[KLM],a1[KLMN],b1[KLMN],(b1.c2)[KLM],(a1.b1.d2)[KLMN],g1[KLMN],#f1[KLMN],e1[KLMN],d1[KLM],(#c1.e2)[KLMN],(c1.#f2)[KLMN],d2[KLMN],(b.g2)[KLMN],a2[KLM],b2[KLMN],(b3.c3)[KLMN],(a3.d3)[KLM],g3[KLMN],#f3[KLMN],e3[KLMN],d3[KLMN],(#c3.d3.E-1)[J],(c3.d3.#F-1)[J],(c3.d3.D-1)[J],(b2.d3)[J],d3[J],d3[J],(#c3.d3.E-1)[J],(c3.d3.#F-1)[J],(d3.c3.D-1)[J],(d3.b2.B-1.G-1)[JK],(c.A-1)[K],(d3.d.B-1)[JK],e3[K],(d3.g3.c.A-1)[JN],#f3[JN],(a3.#f3.d.D-1)[JM],c3[JN],(g3.b2.G-1.d)[IMN],(g1.b1.d1)[JKLM],(#f1.a1.d1)[JKMN],d1[KLN],(g1.b1)[KLM],(e1.#c2.d1)[KLM],(#f1.d2)[KLM],(d2.#f1.d)[KLM],(a1.#f)[KLN],(b1.g)[JKMN],(#c2.d1.g)[KLMN],b1[KLM],(b1.g1.e.#c1)[KLM],a1[KLM],(a1.#f1.d.d1)[JKLM],(a1.e1.g1.#c)[I],(a1.#f1.d)[I],(d1.#f)[J],#f1[J],b1[J],a1[J],(#c.a)[KLMN],e1[KLMN],b1[KLMN],a1[KLMN],(e.a)[KLM],g1[KLM],b1[KLMN],a1[KLM],(#c.a)[KM],e1[KN],b1[JMN],#g1[KM],a1[KN],(d.a)[KN],#f1[KM],b1[JM],#g1[KN],a1[KN],(#c.a)[LMN],e1[LMN],b1[K],a1[LMN],(g1.e.a)[LMN],#a1[LM],b1[LMN],a1[LMN],(d.a)[LMN],#f1[LM],b1[LMN],a1[LM],(a.#f)[LMN],a1[LM],"],"id":2},{"bpm":240,"baseBeats":0.75,"scores":["TVW,mute[LM],mute[LM],mute[LM],mute[LM],mute[LM],mute[LM],mute[LM],mute[LM],mute[LM],mute[LM],mute[LM],mute[LM],mute[LM],T,mute[LM],T,TVW,5<UV>,5<UV>,5<UV>,5<UV>,5<UV>,5<UV>,5<UV>,5<UV>,5<UV>,5<UV>,5<UV>,5<UV>,5<UV>,5<UV>,5<UV>,5<UV>,5<UV>,5<UV>,5<UV>,5<UV>,TVW,5<UV>,TW,TVW,5<UV>,5<UV>,5<UV>,5<UV>,5<UV>,5<UV>,5<UV>,5<UV>,5<UV>,5<UV>,5<UV>,5<UV>,5<UV>,5<UV>,5<UV>,5<UV>,5<UV>,5<UV>,5<UV>,mute[LM],mute[LM],T,T,T,T,S,S,R,T,T,T,T,S,S,SV,SVW,SW,S,S,S,S,S,S,S,ST,T,S,TUVW,TUV,TUVW,TUV,TUVW,TUVW,TUV,TUV,TUV,TUW,TUV,TUW,TUV,S,mute[LM],mute[LM],TUV,TUW,TUV,TUW,S,mute[LM],mute[LM],TUV,mute[LM],T,TUVW,mute[LM],mute[LM],TUVW,mute[LM],T,TUVW,TW,T,SUV,SV,S,S,TUV,TUVW,TUV,TUV,TUV,TUVW,TUV,TUV,TUV,TUV,TUV,TUV,TUV,TUV,TUV,TUV,TUVW,TUV,TUV,TUV,TUV,TUV,TUVW,TUV,TUV,S,S,S,S,S,S,S,S,SW,SV,SW,STV,TW,STV,TW,SV,SVW,SUW,STU,QRTUV,","(e2.d1)[LMN],d2[LM],(d1.b)[LM],d2[LM],g2[LMN],#f2[LM],(b.g)[LM],e2[LMN],#c3[LM],b2[LM],#a2[LMN],b2[LMN],(b1.e1.g)[LM],g2[LM],#f2[K],e2[LM],(g2.b.g)[K],e2[LMN],(d2.#f1.a)[L],e2[MN],d2[L],e2[L],d2[L],e2[MN],d2[L],e2[MN],(#c2.g1.e1.a)[L],d2[L],#c2[L],d2[L],#c2[L],d2[L],#c2[MN],d2[L],(c2.#f1.d1)[L],d2[L],c2[L],d2[L],c2[L],d2[L],c2[L],d2[L],c2[L],d2[L],c2[L],d2[L],c2[L],d2[L],c2[L],d2[L],c2[LN],d2[L],c2[L],d2[L],c2[LN],d2[L],b1[LN],c2[L],d2[L],c2[L],b1[L],a1[L],b1[MN],c2[MN],d2[L],e2[MN],#f2[MN],e2[MN],d2[MN],e2[MN],#f2[MN],g2[MN],a2[MN],g2[M],#f2[MN],g2[MN],a2[M],b2[MN],c3[MN],b2[M],a2[MN],b2[MN],c3[M],d3[MN],e3[MN],d3[M],c3[L],b2[M],a2[L],g2[MN],#f2[MN],e2[L],d2[MN],c2[MN],b1[L],a1[L],g1[LN],#f1[LN],(e1.#c1.#a.g)[K],#a1[K],#c2[K],e2[K],(c2.#f.a)[J],#d2[J],d2[I],(G-2.G-1)[K],#a1[K],#c1[K],e1[K],(a.#F-2.#F-1)[J],(#d1.c1.a)[J],(a.c1.d1)[JM],(a.c1.d1)[JMN],(b1.b.d1.G-2.G-1)[JN],(g1.b.d1)[J],(c1.d1.g1.A-2.A-1)[J],(c1.d1.#f1)[J],(c1.d1.#f1)[J],(g1.d2)[J],(g1.d2.B-2.B-1)[J],(g1.g2)[J],(e2.g1.C-1.c)[JK],(B-2.B-1)[K],(c2.A-2.A-1)[J],g2[KLMN],(c2.#f2.d.D-1)[KLM],a2[KLMN],(c2.a2.G-2.G-1)[KLM],(b1.g2)[KLMN],(a1.#f2)[KLMN],(b1.g2)[KLM],(b2.g2.d1)[KLM],(a2.#f2)[KLM],(a2.#f2)[KLN],c1[KLM],a[KLN],(d2.#f)[KLM],(b2.g2.d)[KLM],(d2.B-1)[LMN],G-1[LMN],(c3.e2)[KLM],(g2.E-1)[KLN],(f2.D-1)[KLM],(e2.C-1)[KLN],(d3.f2)[KLM],B-2[LMN],G-2[LMN],(e3.e2)[KLM],C-1[LM],(d3.f2.D-1)[K],(g2.c3.E-1)[KLN],(#f2.D-1)[LMN],(g2.E-1)[LMN],(a2.#F-1)[KLM],(c2.E-1)[LMN],#F-1[K],(c2.a2.G-1)[KLMN],(b1.g2.B-1)[KN],c[K],(g2.b1.d)[JLM],b2[JM],a2[J],g2[J],#f2[KLM],e2[KLMN],d2[KLM],(#c2.e1)[KLM],(c2.#f1)[KLM],d1[KLMN],(b1.g1)[KLM],a1[KLM],b1[KLM],(b1.c2)[KLM],(a1.b1.d2)[KLM],g1[KLM],#f1[KLM],e1[KLM],d1[KLM],(#c1.e2)[KLM],(c1.#f2)[KLMN],d2[KLM],(b.g2)[KLM],a2[KLM],b2[KLM],(b3.c3)[KLM],(a3.d3)[KLMN],g3[KLM],#f3[KLM],e3[J],d3[J],(#c3.d3.E-1)[J],(c3.d3.#F-1)[J],(c3.d3.D-1)[J],(b2.d3)[J],d3[J],d3[J],(#c3.d3.E-1)[JN],(c3.d3.#F-1)[JM],(d3.c3.D-1)[JN],(d3.b2.B-1.G-1)[JKM],(c.A-1)[KN],(d3.d.B-1)[JKM],e3[KN],(d3.g3.c.A-1)[JM],#f3[JMN],(a3.#f3.d.D-1)[JLN],c3[JKL],(g3.b2.G-1.d)[HIKLM],"],"id":3}],"audition":{"start":[0,0],"end":[1,0]}}