{"baseBpm":140,"musics":[{"baseBeats":0.5,"scores":["g1[L],#a1[L],(g1.#a1)[K],(g1.c2)[L],#a1[L],(g1.#a1)[K];(g1.#d2)[L],#a1[L],(g1.#a1)[K],(g1.c2)[L],#a1[L],(g1.#a1)[K];(d1.f1)[L],#a1[L],(d1.#a1)[K],(d1.f1)[L],#a1[L],(g1.#a1)[K];(f1.#g1)[L],#a1[L],(f1.#a1)[K],(d1.f1)[L],#a1[L],(d1.#a1)[K];#a2[L],g2[L],#d2[L],#a1[L],g1[K],T;#a2[L],g2[L],#d2[L],#a1[L],g1[K],T;5<c3[M],#a2[M]>,5<a2[M],#a2[M]>,c3[L],#a2[L],#g2[L],g2[L],f2[L],#d2[L];#a2[L],#g2[L],f2[L],d2[L],#a1[L],#g1[L],f1[L],d1[L];#a2[L],g2[L],#d2[L],#a1[L],g1[K],T;#a2[L],g2[L],#d2[L],#a1[L],g1[K],T;5<c3[M],#a2[M]>,5<a2[M],#a2[M]>,c3[L],#a2[L],#g2[L],#a2[L],f2[L],#a2[L];d2[L],#a2[L],#a1[L],#a2[L],#g1[L],#a2[L],f1[L],#a2[L];g1[K],(#a.#a1)[K],c1[L],c2[L],(#d1.c2)[K];d1[K],(f1.d2)[K],#d1[L],#d2[L],(g1.#d2)[K];f1[K],(#g1.f2)[K],g1[L],g2[L],(#a1.g2)[K];#g1[L],#g2[L],f2[L],d2[L],#d2[K],T;","#d[K],(g.#a)[K],#d[K],(g.#a)[K];#d[K],(g.#a)[K],#d[K],(g.#a)[K];#A-1[K],(f.#a)[K],#A-1[K],#a[K];#A-1[K],(#g.#a)[K],#A-1[K],#a[K];#d[K],(g.#a)[K],#d[K],(g.#a)[K];#d[K],(g.#a)[K],#d[K],(g.#a)[K];#d[K],(g.#a)[K],#d[K],(g.#a)[K];#A-1[K],(f.#a)[K],#A-1[K],(f.#a)[K];#d[K],(g.#a)[K],#d[K],(g.#a)[K];#d[K],(g.#a)[K],#d[K],(g.#a)[K];#d[K],(g.#a)[K],#A-1[K],(f.#a)[K];#A-1[K],(f.#a)[K],#A-1[K],(f.#a)[K];(#D-1.#d)[K],(G-1.g)[K],#G-1[K],(c.#g)[K];#A-1[K],(f.#a)[K],c[K],(g.c1)[K];d[K],(#a.d1)[K],#d[K],(#a.#d1)[K];#A-1[K],#a[K],#d[K],#D-1[K];"],"instruments":["piano","piano"],"alternatives":["",""],"id":1,"bpm":140},{"baseBeats":0.5,"scores":["(#d1.g1.#a1.#d2)[K],(#a1.d2)[L],(#g1.c2)[L],(g1.#a1)[K],(g1.#a1)[K];(#g1.c2)[L],(g1.#a1)[L],(#g1.c2)[L],(#f1.a1)[L],(g1.#a1)[K],(g1.#a1)[K];(f1.#g1)[K],(f2.#g2)[L],(#d2.g2)[L],(d2.f2)[K],(d2.f2)[L],(c2.#d2)[L];(#a1.d2)[K],(#a1.d2)[L],(#g1.c2)[L],(g1.#a1)[K],(f1.#g1)[K];(#d1.g1.#a1.#d2)[K],(#a1.d2)[L],(#g1.c2)[L],(g1.#a1)[K],(g1.#a1)[K];(#g1.c2)[L],(g1.#a1)[L],(#g1.c2)[L],(#f1.a1)[L],(g1.#a1)[K],T;(f1.#g1)[K],(#g2.c3)[L],(g2.#a2)[L],(f2.#g2)[L],(#d2.g2)[L],(d2.f2)[L],(c2.#d2)[L];(#a1.d2)[K],(#g1.c2)[K],(g1.#a1)[K],(f1.#g1)[K];g1[K],(#a.#a1)[K],c1[L],c2[L],(#d1.c2)[K];d1[K],(f1.d2)[K],#d1[L],#d2[L],(g1.#d2)[K];f1[K],(#g1.f2)[K],g1[L],g2[L],(#a1.g2)[K];#g1[L],#g2[L],f2[L],d2[L],#d2[K],T;","#D-1[K],(#d.g)[K],#D-1[K],(#d.g)[K];#D-1[K],(#d.#g)[K],#D-1[K],(#d.g)[K];#A-2[K],(#A-1.d)[K],#A-2[K],(#A-1.d)[K];#A-2[K],(#A-1.d)[K],#A-2[K],(#A-1.d)[K];#D-1[K],(#d.g)[K],#D-1[K],(#d.g)[K];#D-1[K],(#d.#g)[K],#D-1[K],(#d.g)[K];#A-1[K],(#a.d1)[K],#A-1[K],(#a.d1)[K];#A-1[K],#a[K],#A-1[K],#a[K];(#D-1.#d)[K],(G-1.g)[K],#G-1[K],(c.#g)[K];#A-1[K],(f.#a)[K],c[K],(g.c1)[K];d[K],(#a.d1)[K],#d[K],(#a.#d1)[K];#A-1[K],#a[K],#d[K],#D-1[K];"],"instruments":["piano","piano"],"alternatives":["",""],"id":2,"bpm":148},{"baseBeats":0.5,"scores":["U,#a[L],#d1[L],g1[L],#a1[K],#g1[K];U,f1[L],#g1[L],d2[L],f2[K],#d2[K];U,#a[L],#d1[L],g1[L],#a1[K],#g1[K];U,#g2[L],f2[L],d2[L],#d2[L],g2[L],#d2[L],#a1[L];(#a1.g2)[K],(#a1.g2)[L],(#g1.f2)[L],(g1.#d2)[K],T;(g.#d1)[K],(g.#d1)[L],(#a.f1)[L],(#d1.g1)[K],T;T,(f2.#g2)[L],(#d2.g2)[L],(d2.f2)[K],T;(d1.f1)[L],(#d1.g1)[L],(f1.#g1)[L],(g1.#a1)[L],(#g1.c2)[K],T;#d2[K],(#a1.#d2.#a2)[K],c2[L],c3[L],(#d2.c3)[K];d2[K],(f2.d3)[K],#d2[L],#d3[L],(g2.#d3)[K];f2[K],(#g2.f3)[K],g2[L],g3[L],(#a2.g3)[K];#g2[L],#g3[L],f3[L],d3[L],#d3[L],g3[L],#d3[L],#a2[L];g1[K],(#a.#d1.#a1)[K],c1[L],c2[L],(c1.#d1.c2)[K];d1[K],(d1.f1.d2)[K],#d1[L],#d2[L],(#d1.g1.#d2)[K];f1[K],(f1.#g1.f2)[K],g1[L],g2[L],(g1.#a1.g2)[K];d2[L],#g2[L],f2[L],d2[L],#d2[L],#a1[L],g1[L],#d1[L];d1[L],#g1[L],f1[L],d1[L],#d1[L],#a[L],g[L],#d[L];d[L],#g[L],f[L],d[L],#d[L],#A-1[L],#D-1[K];","G-1[K],g[K],F-1[K],f[K];#A-1[K],#a[K],#D-1[K],#d[K];G-1[K],g[K],F-1[K],f[K];#A-1[K],#a[K],#D-1[K],#d[K];#d[K],(g.#a)[K],#d[K],(g.#a)[K];#D-1[K],(#d.g)[K],#D-1[K],(#d.g)[K];#A-1[K],(#a.d1)[K],#A-1[K],(#a.d1)[K];#A-1[K],(#a.d1)[K],#A-1[K],(#a.d1)[K];g1[K],g[K],#g[K],#g1[K];#a1[K],#a[K],c1[K],c2[K];d2[K],d1[K],#d1[K],#d2[K];#a1[K],#a[K],#d1[K],T;(#D-1.#d)[K],(G-1.#d.g)[K],#G-1[K],(#G-1.#d.#g)[K];#A-1[K],(#A-1.f.#a)[K],c[K],(c.g.c1)[K];(D-1.d)[K],(d.#a.d1)[K],(#D-1.#d)[K],(#d.#a.#d1)[K];(#a.f1.#g1)[K],(#a.f1.#g1)[K],(#d1.g1)[K],T;(#A-1.f.#g)[K],(#A-1.f.#g)[K],(#d.g)[K],T;#A-1[K],#A-1[K],#D-1[K],T;"],"instruments":["piano","piano"],"alternatives":["",""],"id":3,"bpm":156}],"audition":{"start":[1,0],"end":[1,43]}}