{"baseBpm":540,"musics":[{"bpm":540,"baseBeats":1,"scores":["TU,TU,TU,TU,TU,TU,TU,TU,TU,TU,TU,TU,TU,TU,TU,TU,TU,TU,TU,TU,TU,TU,TU,TU,TU,TU,TU,TU,TU,TU,TU,TU,TU,TU,TU,TU,TU,TU,TU,TU,TU,TU,TU,TU,TU,RU,TU,TU,TU,TU,TU,TU,TU,TU,TU,TU,TU,TU,TU,TU,TU,TU,TU,TU,TU,TU;","a1[KL],a2[KL],#f2[KL],(a2.d1.d)[KL],#f2[KL],a2[KL],#f2[KL],(#f2.d1.c1.d)[KL],d2[KL],(g2.d1.b.d)[KL],e2[KL],g2[KL],e2[KL],(e2.d1.#a.d)[KL],#c2[KL],(e2.d1.d.a)[KL],#c2[KL],e2[KL],#c2[KL],(#c2.d1.g.d)[KL],a1[KL],(d2.d1.#f.d)[KL],a1[KL],(d2.d)[KL],a1[KL],a2[KL],#f2[KL],(a2.d1.d)[KL],#f2[KL],a2[KL],#f2[KL],(#f2.d1.c1.d)[KL],d2[KL],(g2.d1.b.d)[KL],e2[KL],g2[KL],e2[KL],(e2.d1.#a.d)[KL],#c2[KL],(e2.d1.d.a)[KL],#c2[KL],e2[KL],#c2[KL],(#c2.d1.g.d)[KL],a1[KL],(d2.d1.#f.d)[IL],a1[KL],a2[KL],#f2[KL],(a2.d1.d)[KL],#f2[KL],a2[KL],#f2[KL],(#f2.d1.c1.d)[KL],d2[KL],(g2.d1.b.d)[KL],e2[KL],g2[KL],e2[KL],(e2.d1.#a.d)[KL],#c2[KL],(e2.d1.d.a)[KL],#c2[KL],e2[KL],#c2[KL],(#c2.d1.g.d)[KL];"],"id":1,"instruments":["piano","piano"],"alternatives":["",""]},{"bpm":540,"baseBeats":1,"scores":["TU,TU,TU,TU,TU,TU,TU,TU,TU,TU,TU,TU,TU,TU,TU,TU,TU,TU,TU,TU,TU,TU,TU,TU,TU,RU,TU,TU,TU,TU,TU,TU,TU,TU,TU,TU,TU,TU,TU,TU,TU,TU,TU,TU,TU,TU,TU,TU,TU,TU,TU,TU,TU,TU;","a1[KL],(d2.d1.#f.d)[KL],a1[KL],(d2.d)[KL],a1[KL],a2[KL],#f2[KL],(a2.d1.d)[KL],#f2[KL],a2[KL],#f2[KL],(#f2.d1.c1.d)[KL],d2[KL],(g2.d1.b.d)[KL],e2[KL],g2[KL],e2[KL],(e2.d1.#a.d)[KL],#c2[KL],(e2.d1.d.a)[KL],#c2[KL],e2[KL],#c2[KL],(#c2.d1.g.d)[KL],a1[KL],(d2.d1.#f.d)[IL],#f2[KL],e2[KL],d2[KL],(#c2.A-1)[KL],b1[KL],(a1.A-1)[KL],(#f2.d)[KL],(e2.#c)[KL],(d2.B-1)[KL],(e2.A-1.#c)[KL],(d2.B-1)[KL],(#c2.A-1)[KL],(a2.#f)[KL],(g2.e)[KL],(#f2.d)[KL],(g2.A-1.e)[KL],(#f2.d)[KL],(e2.A-1.#c)[KL],(#f2.d)[KL],(e2.#c)[KL],(d2.B-1)[KL],(#c2.A-1.a)[KL],(b1.#g)[KL],(a1.A-1.a)[KL],(#f2.d)[KL],(e2.#c)[KL],(d2.B-1)[KL],(#c2.A-1.e)[KL];"],"id":2,"instruments":["piano","piano"],"alternatives":["",""]},{"bpm":540,"baseBeats":1,"scores":["TU,TU,TU,TU,TU,TU,TU,TU,TU,TU,TU,TU,TU,TU,TU,TU,TU,TU,TU,TU,TU,TU,TU,TU,TU,TU,TU,TU,TU,TU,TU,TU,TU,TU,TU,TU,TU,TU,TU,TU,TU,TU,TU,TU,TU,TU,TU,TU,TU,TU,TU,TU,TU,TU,TU,TU,TU,TU,TU,TU,TU,TU,TU,TU,TU,TU,TU,QQ,ST;","(b1.d)[KL],(a1.A-1.#c)[KL],(#f2.d)[KL],(e2.#c)[KL],(d2.B-1)[KL],(e2.A-1.#c)[KL],(d2.B-1)[KL],(#c2.A-1)[KL],(a2.#f)[KL],(g2.e)[KL],(#f2.d)[KL],(g2.#c.e)[KL],(#f2.A-1)[KL],(e2.e.g)[KL],(g2.A-1)[KL],(a1.e.g)[KL],(#c2.A-1)[KL],(d2.d)[KL],A-1[KL],d[KL],#f2[KL],e2[KL],d2[KL],(#c2.A-1)[KL],b1[KL],(a1.A-1)[KL],(#f2.d)[KL],(e2.#c)[KL],(d2.B-1)[KL],(e2.A-1.#c)[KL],(d2.B-1)[KL],(#c2.A-1)[KL],(a2.#f)[KL],(g2.e)[KL],(#f2.d)[KL],(g2.A-1.e)[KL],(#f2.d)[KL],(e2.A-1.#c)[KL],(#f2.d)[KL],(e2.#c)[KL],(d2.B-1)[KL],(#c2.A-1.a)[KL],(b1.#g)[KL],(a1.A-1.a)[KL],(#f2.d)[KL],(e2.#c)[KL],(d2.B-1)[KL],(#c2.A-1.e)[KL],(b1.d)[KL],(a1.A-1.#c)[KL],(#f2.d)[KL],(e2.#c)[KL],(d2.B-1)[KL],(e2.A-1.#c)[KL],(d2.B-1)[KL],(#c2.A-1)[KL],(a2.#f)[KL],(g2.e)[KL],(#f2.d)[KL],(g2.#c.e)[KL],(#f2.A-1)[KL],(e2.e.g)[KL],(g2.A-1)[KL],(a1.e.g)[KL],(#c2.A-1)[KL],(d2.d)[KL],A-1[KL],d[HH],ST;"],"id":3,"instruments":["piano","piano"],"alternatives":["",""]}],"audition":{"start":[0,0],"end":[2,68]}}