{"baseBpm":540,"musics":[{"bpm":540,"baseBeats":1,"scores":["ST,TU,TU,TU,TU,ST,TU,TU,TU,TU,TU,TU,TU,TU,ST,ST,TU,TU,ST,ST,TU,TU,TU,TU,ST,TU,TU,TU,TU,TU,TU,TU,TU,TU,TU,TU,TU,RS,ST,TU,TU,TU,TU,ST,TU,TU;","a2[JK],(#f2.a.#f.d)[KL],a2[KL],#f2[KL],a2[KL],(d3.a.#f.d)[JK],(a.#f.d)[KL],#c3[KL],b2[KL],a2[KL],(g2.a.#f.d)[KL],#f2[KL],(a2.a.g.e.d)[KL],g2[KL],e2[JK],(a.g.e.d)[JK],(#c2.a.g.e.d)[KL],e2[KL],a1[JK],(a2.a.g.e.d)[JK],(#f2.a.#f.d)[KL],a2[KL],#f2[KL],a2[KL],(d3.a.#f.d)[JK],(a.#f.d)[KL],#c3[KL],b2[KL],a2[KL],(g2.a.#f.d)[KL],#f2[KL],(a2.a.g.e.d)[KL],g2[KL],e2[KL],#c2[KL],(a1.a.g.e.d)[KL],a2[KL],(d2.a.#f.d)[IJ],a2[JK],(#f2.a.#f.d)[KL],a2[KL],#f2[KL],a2[KL],(d3.a.#f.d)[JK],(a.#f.d)[KL],#c3[KL];"],"id":1,"instruments":["piano","piano"],"alternatives":["",""]},{"bpm":540,"baseBeats":1,"scores":["TU,TU,TU,TU,TU,TU,ST,ST,TU,TU,ST,ST,TU,TU,TU,TU,ST,TU,TU,TU,TU,TU,TU,TU,TU,TU,TU,TU,TU,RS,TU,TU,TU,TU,TU,TU,TU,TU,TU,TU,TU,TU,TU,TU,TU,TU,TU,TU,TU,TU,TU,TU,TU,TU,TU,TU,TU,TU,TU,TU,TU;","b2[KL],a2[KL],(g2.a.#f.d)[KL],#f2[KL],(a2.a.g.e.d)[KL],g2[KL],e2[JK],(a.g.e.d)[JK],(#c2.a.g.e.d)[KL],e2[KL],a1[JK],(a2.a.g.e.d)[JK],(#f2.a.#f.d)[KL],a2[KL],#f2[KL],a2[KL],(d3.a.#f.d)[JK],(a.#f.d)[KL],#c3[KL],b2[KL],a2[KL],(g2.a.#f.d)[KL],#f2[KL],(a2.a.g.e.d)[KL],g2[KL],e2[KL],#c2[KL],(a1.a.g.e.d)[KL],a2[KL],(d2.a.#f.d)[IJ],#c2[KL],d2[KL],(e2.e1.#c1.a)[KL],#d2[KL],e2[KL],#c2[KL],(a1.e1.#c1.a)[KL],#c2[KL],(e2.e1.#c1.a)[KL],#d2[KL],e2[KL],#c2[KL],(a1.e1.#c1.a)[KL],#c2[KL],(e2.e1.#c1.a)[KL],#d2[KL],(e2.e1.#c1.a)[KL],#f2[KL],(g2.e1.#c1.a)[KL],a2[KL],(g2.a.#f.d)[KL],#f2[KL],(e2.a.#f.d)[KL],d2[KL],(#c2.a.#f.d)[KL],d2[KL],(e2.e.#c.A-1)[KL],#d2[KL],e2[KL],#c2[KL],(a1.e.#c.A-1)[KL];"],"id":2,"instruments":["piano","piano"],"alternatives":["",""]},{"bpm":540,"baseBeats":1,"scores":["TU,TU,TU,TU,TU,TU,TU,TU,TU,TU,TU,TU,TU,RS,TU,TU,TU,TU,TU,TU,TU,TU,TU,TU,TU,TU,TU,TU,TU,TU,TU,TU,TU,TU,TU,TU,TU,TU,TU,TU,TU,TU,TU,TU,TU,TU,TU,TU,TU,TU,TU,TU,TU,TU,TU,TU,TU,TU,QR;ST,","#c2[KL],(e2.e.#c.A-1)[KL],#d2[KL],e2[KL],#c2[KL],(a1.e.#c.A-1)[KL],#c2[KL],(e2.g.e.#c.A-1)[KL],#d2[KL],(e2.g.e.#c.A-1)[KL],#c2[KL],(a1.g.e.#c.A-1)[KL],a2[KL],(d2.#f.d)[IJ],#c2[KL],d2[KL],(e2.e1.#c1.a)[KL],#d2[KL],e2[KL],#c2[KL],(a1.e1.#c1.a)[KL],#c2[KL],(e2.e1.#c1.a)[KL],#d2[KL],e2[KL],#c2[KL],(a1.e1.#c1.a)[KL],#c2[KL],(e2.e1.#c1.a)[KL],#d2[KL],(e2.e1.#c1.a)[KL],#f2[KL],(g2.e1.#c1.a)[KL],a2[KL],(g2.a.#f.d)[KL],#f2[KL],(e2.a.#f.d)[KL],d2[KL],(#c2.a.#f.d)[KL],d2[KL],(e2.e.#c.A-1)[KL],#d2[KL],e2[KL],#c2[KL],(a1.e.#c.A-1)[KL],#c2[KL],(e2.e.#c.A-1)[KL],#d2[KL],e2[KL],#c2[KL],(a1.e.#c.A-1)[KL],#c2[KL],(e2.g.e.#c.A-1)[KL],#d2[KL],(e2.g.e.#c.A-1)[KL],#c2[KL],(a1.g.e.#c.A-1)[KL],a2[KL],(d2.#f.d)[HI];ST,"],"id":3,"instruments":["piano","piano"],"alternatives":["",""]}],"audition":{"start":[0,0],"end":[2,58]}}