{"baseBpm":390,"musics":[{"bpm":390,"baseBeats":0.75,"scores":["mute[JKLMN],mute[HKN],mute[IJ],mute[I],mute[HK],mute[IL],mute[KMN],mute[KMN],mute[KM],mute[IKLM],mute[JKL],mute[IKLN],mute[IN],mute[HKLMN],mute[IJ],mute[JKLMN],mute[HKN],mute[IJ],mute[IN],mute[HK],mute[IJN],mute[JKMN],mute[IJM],mute[JKMN],mute[IJ],mute[KLN],mute[JL],mute[HKLN],mute[IJLMN],mute[IN],mute[HK],mute[IJ],mute[JKLM],mute[HK],mute[IJ],mute[JKMN],mute[JKMN],mute[IL],mute[KL],mute[KL],mute[KLN],mute[JK],mute[JKLN],mute[HK],mute[IJN],mute[JKLN],mute[HKN],mute[IJ],mute[JKLM],mute[HK],mute[IJ],mute[JKMN],mute[JKL],mute[IL],mute[KN],mute[K],mute[KL],mute[KL],mute[JKM],mute[JKN],mute[JKM],mute[ILN],mute[KL],mute[KL],mute[KL],mute[JKM],mute[JK],mute[IJMN],mute[LM],mute[K],mute[KN],mute[IJ],mute[KL],mute[LM],mute[LMN],mute[IMN],mute[KL],mute[JK],mute[IJ],mute[LM],mute[K],mute[K],mute[IJ],mute[KLN],mute[LM],mute[LMN],mute[ILN],mute[KLN],mute[JKMN],mute[IJ],mute[JKN],mute[IJN],mute[JKMN],mute[IL],mute[KLN],mute[JKLN],mute[HK],mute[IL],mute[KMN],mute[KMN],mute[KMN],mute[IKLN],mute[JLM],mute[LM],mute[LM],mute[LM],mute[LM],mute[JLM],mute[JKL],mute[HK],mute[IJ],mute[JKMN],mute[IKLMN],mute[JKLM],mute[IL],mute[KL],mute[JKM],mute[HIJLMN],mute[JKLN],mute[IJLN],mute[JKLMN],mute[IJL],mute[I],mute[HKN],mute[IJ],mute[JKLMN],mute[HK],mute[ILN],mute[KM],mute[KMN],mute[KM],mute[IKLM],mute[JKLM],mute[IKLN],mute[I],mute[HKLMN],mute[IJN],mute[JKLMN],mute[IJKMN],mute[KL],mute[IJ],mute[JKL],mute[IJKMN],mute[KMN],mute[IKLM],mute[IJ],mute[JLMN],mute[JK],mute[JLMN],mute[JLMN],mute[JLMN],mute[JK],mute[JLMN],mute[JKL],mute[HLN],mute[IJ],mute[IJ],mute[JLMN],mute[JK],mute[JLMN],mute[JK],mute[JLN],mute[LM],mute[JK],mute[JK],mute[JKLM],mute[HKL],mute[HJ],mute[HHLN],mute[JKN],mute[IJM],mute[KLN],mute[KL],mute[IJM],mute[KLN],mute[KL],mute[JKN],mute[JKN],mute[JKMN],mute[IJL],mute[JKM],mute[IJ],mute[KL],mute[KL],mute[JKN],mute[JK],mute[JK],mute[JKN],mute[JKN],mute[JKM],mute[IJLM],mute[JKN],mute[IJM],mute[KLN],mute[KL],mute[IJM],mute[KL],mute[KLN],mute[JKN],mute[JK],mute[JKL],mute[IJL],mute[JKM],mute[IJ],mute[KL],mute[KL],mute[JK],mute[JK],mute[JLMN],mute[JK],mute[JK],mute[JK],mute[IJM],mute[JKN];","(#g.#g1.#d1.c2)[JKLMN],(#c1.c2.#g1.f1)[HKN],#a1[IJ],(#c1.f1.#a1.g1.f2)[I],(f1.c1.#g1.c2.f2)[HK],(#d1.#d2)[IL],(#g.#d1.c1)[KMN],(#d.#g1)[KMN],(c.c2)[KM],(#d.g.#A-1.#d1.#c1.#c2.g1)[IKLM],(#d.#g.#G-1.#d1.#g1.c2.c1)[JKL],(g.#d.G-1.#d1.#a1.#a)[IKLN],(f.#A-1.F-1.d2.d1.#a1.#g1)[IN],(#D-1.#d.#A-1.d2.d1.#a1.#g1)[HKLMN],(#d1.g1.#d2)[IJ],(#g.#d1.#g1.c2)[JKLMN],(#c1.f1.#g1.c2)[HKN],#a1[IJ],(#c.#C-1.b1.f2.g1)[IN],(c.C-1.f2.c2.g1)[HK],e2[IJN],(c1.e1.e2.c2.g1)[JKMN],(#d1.#a.g1.#c2.#d2)[IJM],(#g.#d1.#d2.c2.#g1)[JKMN],(#c.f1.#a1.#c2)[IJ],(#d.#c1.c2.g1)[KLN],#a1[JL],(#G-1.#d.#a1.g1.#c1)[HKLN],(#g1.c1)[IJLMN],(b.#g.e.b1.#g1.d1)[IN],(b.#g.e.b1.#g1.d1)[HK],(#d.#d1)[IJ],(b.#g.#c.b1.#g1.e1)[JKLM],(b.#g.#c.b1.#g1.e1)[HK],(B-1.#d1)[IJ],(b.#g.B-1.b1.#g1.#d1)[JKMN],(#g.#a.#c.#g1.e1.#a1)[JKMN],e2[IL],#a1[KL],(#A-1.#d2)[KL],#c2[KLN],(B-1.b1)[JK],(#c.#a1.e1.#c1)[JKLN],(#d.#g1.b.#d1)[HK],(g1.#a)[IJN],(b.#g.e.b1.#g1.d1)[JKLN],(b.#g.e.b1.#g1.d1)[HKN],(#d.#d1)[IJ],(b.#g.#c.b1.#g1.e1)[JKLM],(b.#g.#c.b1.#g1.e1)[HK],(B-1.#d1)[IJ],(b.#g.B-1.e.b1.#g1.e1)[JKMN],(b.#g.e.B-1.#g1.e1.b1)[JKL],e2[IL],b1[KN],b1[K],(b.#g.e.B-1.#d2)[KL],#c2[KL],b1[JKM],#g1[JKN],(#g.f.B-1.#c1.f1)[JKM],#c2[ILN],f1[KL],(a.#f.B-1.#c2.#f1.#c1)[KL],a1[KL],(b.#g.#g1.e1)[JKM],(b.a.#f1.#d1)[JK],(e.B-1.E-1.e1.b.#g)[IJMN],e1[LMN],#g1[LMN],b1[KN],(E-1.#c1.e1.g1.#a1)[IJ],(b.e1.#g1.b1)[KL],#f1[LM],#g1[LMN],(A-1.E-1.#d1.a1.c1)[IMN],(B-1.#g1.b)[KL],(c.#f1.a)[JK],(E-1.B-1.e1.#g)[IJ],e1[LMN],#g1[LMN],b1[K],(E-1.#c1.e1.g1.#a1)[IJ],(b.e1.#g1.b1)[KLN],#f1[LMN],#g1[LM],(A-1.E-1.#d1.a1.c1)[ILN],(B-1.#g1.b)[KLN],(c.#f1.a)[JKMN],(E-1.B-1.e1.#g)[IJ],#g1[JKN],(b.e.#g1.e1)[IJN],(b.e.#g1.e1)[JKMN],(b.e.#g1.e1)[IL],#d1[KLN],(#g.e.#g1.d1)[JKLN],(#a.#d.#g1.#d1)[HK],g1[IL],#g1[KMN],#a1[KMN],c2[KMN],(#c1.#g.f.#d.#c2.#g1.f1)[IKLN],(#c1.#g.f.#d.#c2.#g1.f1)[JLM],(#d.g.#a.#c1.#a1.g1.#d2)[LM],#c2[LM],c2[LM],#c2[LM],#d2[JLM],(#d.#d1.#a1.g1)[JKL],(#g.#d1.#c2.#a1.g1)[HK],(c2.#g1)[IJ],(f1.c1.#g.f2.c2.#g1)[JKMN],(f1.c1.#g.f2.c2.#g1)[IKLMN],(f1.c1.#g.f2.c2.#g1)[JKLM],(c1.#g.c2.#g1.#g2)[IL],(g2.g1)[KL],(c1.#g.f1.#g1.c2.f2)[JKM],(g.#a.#c1.f1.g1.#a1.#c2.f2)[HIJLMN],(e1.e2)[JKLN],(g.#d1.#d2.#a1)[IJLN],d2[JKLMN],#c2[IJL],(#g.c2.#g1.#d1)[I],(#c1.c2.#g1.f1)[HKN],#a1[IJ],(#c1.f1.g1.#a1.f2)[JKLMN],(c1.f1.f2.c2.#g1)[HK],(#d1.#d2)[ILN],(#g.#d1.c1)[KM],(#d.#g1)[KMN],(c.c2)[KM],(g.#d.#A-1.#c2.g1.#d1.#c1)[IKLM],(#g.#d.#G-1.c2.#g1.#d1.c1)[JKLM],(g.#d.G-1.#a1.#d1.#a)[IKLN],(f.#A-1.F-1.d2.#g1.#a1.d1)[I],(#d.#A-1.#D-1.d2.#g1.#a1.d1)[HKLMN],(#d2.#d1.g1)[IJN],(#G-1.#G-2.c2.#g1.#d1)[JKLMN],(#c.#C-1.c2.#g1.e1)[IJKMN],b1[KL],#a1[IJ],(#G-1.#G-2.c2.#g1.#d1)[JKL],(#c.#C-1.c2.#g1.e1)[IJKMN],b1[KMN],#a1[IKLM],(d.D-1.b1.#g1.e1)[IJ],(d.D-1.b1.#g1.e1)[JLMN],(d.D-1.b1.#g1.e1)[JK],(d.D-1.b1.#g1.e1)[JLMN],(#c.#C-1.#c2.a1.e1)[JLMN],(B-1.B-2.d2.b1.e1)[JLMN],(A-1.A-2.e2.#c2.e1)[JK],(B-2.B-1.d2.b1.e1)[JLMN],(#c.#C-1.#c2.a1.e1)[JKL],(#d.#D-1.b1.#g1.#d1)[HLN],(#a1.g1)[IJ],(b.#g.d.e)[IJ],(b.#g.e.d)[JLMN],(b.#g.e.d)[JK],(b.#g.e.d)[JLMN],(#c1.a.e.#c)[JK],(b.d1.e.B-1)[JLN],#f1[LM],(e1.#c1.e.A-1)[JK],(d1.b.e.B-1)[JK],(#c1.a.e.#c)[JKLM],(b.#g.#d)[HKL],(#a.g.#D-1)[HJ],(#g.#G-1.#G-2)[HHLN],(#g.f.#c.#G-1.#C-1.f1)[JKN],(#g.f.#c.#G-1.#C-1.f1)[IJM],#f1[KLN],f1[KL],(#f.#g.c.#G-1.#D-1.#d1)[IJM],f1[KLN],#d1[KL],(#g.f.#c1.#c.#G-1.F-1)[JKN],(#f.#a.#c1.#c.#A-1.#F-1)[JKN],(#d.#a.#c1.#d1.#c.#A-1.G-1)[JKMN],(#g.#d.c.#G-1)[IJL],(f.#c.F-1.#g1.#c1.#g)[JKM],(f.#c.F-1.#g1.#c1.#g)[IJ],(#c.#f.#F-1.#c1.#a1.#a)[KL],(f.F-1.#g1.#g)[KL],(f.#c.F-1.#g1.#c1.#g)[JKN],(#a.#A-1.#c2.#c1)[JK],(#f.#F-1.#a1.#a)[JK],(#d.#D-1.#f1.#f)[JKN],(c.C-1.a1.#f1.#d1.a)[JKN],(#G-1.#G-2.#g1.#f1.#d1.c1.#g)[JKM],(#c.#C-1.f1.#c1.#g)[IJLM],(#c1.#g.#c.f2.#g1.f1)[JKN],(#c1.#g.#c.f2.#g1.f1)[IJM],#f2[KLN],f2[KL],(c1.#g.#d.#d2.#g1.#f1)[IJM],f2[KL],#d2[KLN],(#c1.#g.f.#g1.#c2.f1)[JKN],(#c1.#a.#f.#f1.#a1.#c2)[JK],(#d1.#c1.#a.g.#a1.#c2.#d2)[JKL],(#d1.c1.#g.#g1)[IJL],(f1.#c1.f.#g2.#c2.#g1)[JKM],(f1.#c1.f.#g2.#c2.#g1)[IJ],(#c1.#f1.#f.#c2.#a2.#a1)[KL],(f1.f.#g2.#g1)[KL],(f1.#c1.f.#g2.#c2.#g1)[JK],(#a1.#a.#c3.#c2)[JK],(#f1.#f.#a2.#a1)[JLMN],(#d1.#d.#f2.#f1)[JK],(c1.c.a2.#f2.#d2.a1)[JK],(#g.#G-1.#g2.#f2.#d2.c2.#g1)[JK],(#c1.#c.f2.#c2.#g1)[IJM],(c1.#g.c.#g1.#d2.#d1)[JKN];"],"id":1,"instruments":["piano","piano"],"alternatives":["",""]},{"bpm":390,"baseBeats":0.75,"scores":["mute[IJ],mute[KL],mute[KL],mute[JK],mute[JK],mute[JK],mute[JK],mute[JKN],mute[JKMN],mute[IJ],mute[JKL],mute[IJ],mute[KL],mute[KLN],mute[IJ],mute[JKN],mute[IJ],mute[KL],mute[KL],mute[IJ],mute[KL],mute[KLN],mute[IJ],mute[KLN],mute[KLM],mute[JKM],mute[JKL],mute[I],mute[IJM],mute[KL],mute[KLN],mute[IJN],mute[KLN],mute[KLN],mute[JK],mute[JKM],mute[JKL],mute[IJL],mute[JKM],mute[IJ],mute[KL],mute[KL],mute[JKN],mute[JKN],mute[JK],mute[IJM],mute[JKM],mute[IJ],mute[JK],mute[IJ],mute[KMN],mute[KL],mute[JKN],mute[JK],mute[JKN],mute[IJM],mute[JKM],mute[IJLN],mute[JKN],mute[IJ],mute[KL],mute[KL],mute[JK],mute[JK],mute[JK],mute[JK],mute[JKM],mute[JKLM],mute[IJ],mute[JKMN],mute[IJ],mute[KLN],mute[KL],mute[IJ],mute[JKN],mute[IJ],mute[KL],mute[KL],mute[IJ],mute[KLN],mute[KL],mute[IJ],mute[KLN],mute[KLM],mute[JKMN],mute[JKLN],mute[IM],mute[IJM],mute[KL],mute[KLN],mute[IJM],mute[KL],mute[KLN],mute[JKN],mute[JKN],mute[JKMN],mute[IJL],mute[JKM],mute[IJ],mute[KL],mute[KL],mute[JKN],mute[JKN],mute[JKN],mute[IJN],mute[JKM],mute[IJ],mute[JKN],mute[IKLMN],mute[KMN],mute[KL],mute[JKM],mute[JK],mute[JKM],mute[IJMN],mute[JKL],mute[IJKMN],mute[I],mute[HKN],mute[IJ],mute[JKLMN],mute[HK],mute[ILN],mute[KM],mute[KMN],mute[KM],mute[IKLM],mute[JKL],mute[IKLN],mute[IN],mute[HKLM],mute[IJN],mute[JKLMN],mute[HK],mute[IJ],mute[IN];","(c1.#g.c.#d2.#g1.#d1)[IJ],(#g.#a.#A-1.#g1.#c2.#c1)[KL],(c1.c.#d2.#d1)[KL],(#g.#G-1.c2.#g1.c1)[JK],(#g.c1.c.#d2.#g1.#d1)[JK],(#c.#g.#c1.f2.#g1.f1)[JK],(#d.#g.#d1.#f2.#g1.#f1)[JK],(f.#g.f1.#g1.#g2)[JKN],(#f1.#g.#f.#g1.#a1.#a2)[JKMN],(#g.c1.c.#g1.#d2.#d1)[IJ],(e2.#g1.e1)[JKL],(#c1.#g.#c.#g1.f1.f2)[IJ],#f2[KL],f2[KLN],(c1.c.#g.#g1.#d2.#d1)[IJ],(b.B-1.d2.d1)[JKN],(#a.#d.#A-1.#c2.g1.#c1)[IJ],(#d.g1.#c1.c2)[KL],#a1[KL],(a.#d.A-1.#d2.#d1.#f1)[IJ],(a.#d.#f1.#d1.#c2)[KL],c2[KLN],(#a.#d.#A-1.#c2.g1.#c1)[IJ],(#d.g1.#c1.c2)[KLN],#a1[KLM],(#G-1.#d.#g1.c1)[JKM],g1[JKL],(#g.#f1)[I],(#g.#c.#G-1.#C-1.f.f1)[IJM],#f1[KL],f1[KLN],(#f.c.#g.#D-1.#G-1.#d1)[IJN],f1[KLN],#d1[KLN],(f.#c1.#c.#G-1.F-1.#g)[JK],(#a.#f.#c.#A-1.#F-1.#c1)[JKM],(#a.#c1.#d1.#d.#A-1.G-1.#c)[JKL],(#d.c.#G-1.#g)[IJL],(#c.f.F-1.#g1.#c1.#g)[JKM],(f.F-1.#c.#g1.#c1.#g)[IJ],(#f.#F-1.#c.#c1.#a1.#a)[KL],(F-1.f.#g1.#g)[KL],(f.F-1.#c.#g1.#c1.#g)[JKN],(#c.#g.#c1.f2.#g1.f1)[JKN],(c.c1.#g.#d2.#g1.#d1)[JK],(#a.#A-1.f.#c2.f1.#c1)[IJM],(#g.#G-1.#f.c2.#g1.#d1.c1)[JKM],(f.#g.#c.#c2.#g1.f1.#c1)[IJ],(f.f1.#c1.#c2.#g2.#g1)[JK],(#c1.f.f1.#g2.#c2.#g1)[IJ],(#c1.#f1.#f.#c2.#a2.#a1)[KMN],(f.f1.#g2.#g1)[KL],(#c1.f.f1.#g2.#c2.#g1)[JKN],(f2.#g2.f3.#c2.#g1.#c1)[JK],(#d3.#g2.#d2.c2.#g1.c1)[JKN],(#c3.f2.#c2.#a1.f1.#a)[IJM],(c3.#g2.#d2.c2.#g1.#f1.#g)[JKM],(#c3.#g2.f2.#c2.#g1.f1.#c1)[IJLN],(#g.c.c1.#g1.#d2.#d1)[JKN],(c1.#g.c.#d2.#g1.#d1)[IJ],(#g.#a.#A-1.#g1.#c2.#c1)[KL],(c1.c.#d2.#d1)[KL],(#g.#G-1.c2.#g1.c1)[JK],(#g.c1.c.#d2.#g1.#d1)[JK],(#c.#g.#c1.f2.#g1.f1)[JK],(#d.#g.#d1.#f2.#g1.#f1)[JK],(f.#g.f1.#g1.#g2)[JKM],(#f1.#g.#f.#g1.#a1.#a2)[JKLM],(#g.c1.c.#g1.#d2.#d1)[IJ],(e2.#g1.e1)[JKMN],(#c1.#g.#c.#g1.f1.f2)[IJ],#f2[KLN],f2[KL],(c1.c.#g.#g1.#d2.#d1)[IJ],(b.B-1.d2.d1)[JKN],(#a.#d.#A-1.#c2.g1.#c1)[IJ],(#d.g1.#c1.c2)[KL],#a1[KL],(a.#d.A-1.#d2.#d1.#f1)[IJ],(a.#d.#f1.#d1.#c2)[KLN],c2[KL],(#a.#d.#A-1.#c2.g1.#c1)[IJ],(#d.g1.#c1.c2)[KLN],#a1[KLM],(#G-1.#d.#g1.c1)[JKMN],g1[JKLN],(#g.#f1)[IM],(#g.f.#c.#G-1.#C-1.f1)[IJM],#f1[KL],f1[KLN],(#f.#g.c.#G-1.#D-1.#d1)[IJM],f1[KL],#d1[KLN],(#g.f.#c1.#G-1.F-1.#c)[JKN],(#f.#a.#c1.#A-1.#F-1.#c)[JKN],(#d.#a.#c1.#d1.#c.#A-1.G-1)[JKMN],(#g.#d.c.#G-1)[IJL],(f.#c.F-1.#g1.#c1.#g)[JKM],(f.#c.F-1.#g1.#c1.#g)[IJ],(#c.#f.#F-1.#c1.#a1.#a)[KL],(f.F-1.#g1.#g)[KL],(f.#c.F-1.#g1.#c1.#g)[JKN],(#c1.#c.#g.f2.#g1.f1)[JKN],(c1.c.#g.#d2.#g1.#d1)[JKN],(#a.f.#A-1.#c2.f1.#c1)[IJN],(#f.#g.#G-1.c2.#g1.#d1.c1)[JKM],(#g.f.#c.#c2.#g1.f1.#c1)[IJ],(f.#c1.f1.#c2.#g2.#g1)[JKN],(f1.#c1.f.#g2.#c2.#g1)[IKLMN],(#c1.#f.#f1.#c2.#a2.#a1)[KMN],(f.f1.#g2.#g1)[KL],(f.#c1.f1.#g2.#c2.#g1)[JKM],(f2.#g2.f3.#c2.#g1.#c1)[JK],(#d3.#g2.#d2.c2.#g1.c1)[JKM],(#c3.f2.#c2.#a1.f1.#a)[IJMN],(c3.#g2.#d2.c2.#g1.#f1.#g)[JKL],(#c3.#g2.f2.#c2.#g1.f1.#c1)[IJKMN],(#g.c2.#g1.#d1)[I],(#c1.c2.#g1.f1)[HKN],#a1[IJ],(#c1.f1.g1.#a1.f2)[JKLMN],(c1.f1.f2.c2.#g1)[HK],(#d1.#d2)[ILN],(#g.#d1.c1)[KM],(#d.#g1)[KMN],(c.c2)[KM],(g.#d.#A-1.#c2.g1.#d1.#c1)[IKLM],(#g.#d.#G-1.c2.#g1.#d1.c1)[JKL],(g.#d.G-1.#a1.#d1.#a)[IKLN],(f.#A-1.F-1.d2.#g1.#a1.d1)[IN],(#d.#A-1.#D-1.d2.#g1.#a1.d1)[HKLM],(#d2.#d1.g1)[IJN],(#g.c2.#g1.#d1)[JKLMN],(#c1.c2.#g1.f1)[HK],#a1[IJ],(#c.#C-1.g1.b1.f2)[IN];"],"id":2,"instruments":["piano","piano"],"alternatives":["",""]},{"bpm":390,"baseBeats":0.75,"scores":["mute[HK],mute[IJN],mute[JKLN],mute[IJN],mute[JKL],mute[IJN],mute[KLN],mute[JMN],mute[HKLN],mute[IJLMN],mute[JKLMN],mute[HK],mute[IJ],mute[JKLMN],mute[HKN],mute[IJ],mute[JKM],mute[JKMN],mute[IL],mute[KL],mute[KLN],mute[KL],mute[JKN],mute[JKLN],mute[HK],mute[IJ],mute[JKLMN],mute[HK],mute[IJ],mute[JKLM],mute[HKN],mute[IJ],mute[JKMN],mute[JKMN],mute[IL],mute[KM],mute[LMN],mute[KLN],mute[KL],mute[JKN],mute[JKN],mute[JKM],mute[ILN],mute[KLN],mute[KL],mute[KL],mute[JKN],mute[JKN],mute[IJMN],mute[LM],mute[K],mute[K],mute[IJ],mute[KLN],mute[LM],mute[LM],mute[IMN],mute[KL],mute[JKN],mute[IJ],mute[LM],mute[LMN],mute[KN],mute[IJ],mute[KLN],mute[LM],mute[LMN],mute[ILN],mute[KLN],mute[JKMN],mute[IJ],mute[JKN],mute[IJN],mute[JKMN],mute[IL],mute[KL],mute[JKLMN],mute[HK],mute[IL],mute[KMN],mute[KM],mute[KMN],mute[IKLN],mute[JLM],mute[LM],mute[LM],mute[LM],mute[LM],mute[JLMN],mute[JKMN],mute[HK],mute[IJ],mute[JKMN],mute[IKLMN],mute[JKLN],mute[IMN],mute[KL],mute[JKM],mute[HIJLM],mute[JKLN],mute[IJLN],mute[JKLMN],mute[IJL],mute[I],mute[HKN],mute[IJ],mute[I],mute[HK],mute[IL],mute[KMN],mute[KM],mute[KMN],mute[IKLM],mute[JKLN],mute[IKLN],mute[IM],mute[HJ],mute[IJ],mute[I],mute[IJKM],mute[KL],mute[IJ],mute[JKLN],mute[IJKMN],mute[KL],mute[IKLM],mute[IJ],mute[JLMN],mute[JK],mute[JLMN],mute[JLMN],mute[JK],mute[JLMN],mute[JK],mute[JKMN],mute[HLN],mute[IJM],mute[IJ],mute[JK],mute[JLMN],mute[JLMN],mute[JK],mute[JLMN],mute[LMN],mute[JK],mute[JKM],mute[JKLMN],mute[HJLN],mute[HIN],mute[HHIM];","(c.C-1.f2.c2.g1)[HK],e2[IJN],(c1.e1.e2.c2.g1)[JKLN],(#a.#d1.#d2.#c2.g1)[IJN],(#g.#d1.#d2.c2.#g1)[JKL],(#c.#c2.#a1.f1)[IJN],(#d.g1.#c1.c2)[KLN],#a1[JMN],(#d.#G-1.#a1.g1.#c1)[HKLN],(#g1.c1)[IJLMN],(b.#g.e.b1.#g1.d1)[JKLMN],(b.#g.e.b1.#g1.d1)[HK],(#d.#d1)[IJ],(b.#g.#c.b1.#g1.e1)[JKLMN],(b.#g.#c.b1.#g1.e1)[HKN],(B-1.#d1)[IJ],(b.#g.B-1.b1.#g1.#d1)[JKM],(#g.#a.#c.#g1.e1.#a1)[JKMN],e2[IL],#a1[KL],(#A-1.#d2)[KLN],#c2[KL],(B-1.b1)[JKN],(#c.#a1.#c1.e1)[JKLN],(#d.#g1.b.#d1)[HK],(g1.#a)[IJ],(b.#g.e.b1.#g1.d1)[JKLMN],(b.#g.e.b1.#g1.d1)[HK],(#d.#d1)[IJ],(b.#g.#c.b1.#g1.e1)[JKLM],(b.#g.#c.b1.#g1.e1)[HKN],(B-1.#d1)[IJ],(b.#g.B-1.e.b1.#g1.e1)[JKMN],(b.#g.e.B-1.#g1.e1.b1)[JKMN],e2[IL],b1[KM],b1[LMN],(b.#g.e.B-1.#d2)[KLN],#c2[KL],b1[JKN],#g1[JKN],(#g.f.B-1.#c1.f1)[JKM],#c2[ILN],f1[KLN],(a.#f.B-1.#c2.#f1.#c1)[KL],a1[KL],(b.#g.#g1.e1)[JKN],(b.a.#f1.#d1)[JKN],(e.B-1.E-1.e1.b.#g)[IJMN],e1[LMN],#g1[LMN],b1[K],(E-1.#c1.e1.g1.#a1)[IJ],(b.e1.#g1.b1)[KLN],#f1[LM],#g1[LM],(A-1.E-1.#d1.a1.c1)[IMN],(B-1.#g1.b)[KL],(c.#f1.a)[JKN],(E-1.B-1.e1.#g)[IJ],e1[LM],#g1[LMN],b1[KN],(E-1.#c1.e1.g1.#a1)[IJ],(b.e1.#g1.b1)[KLN],#f1[LM],#g1[LMN],(A-1.E-1.#d1.a1.c1)[ILN],(B-1.#g1.b)[KLN],(c.#f1.a)[JKMN],(E-1.B-1.e1.#g)[IJ],#g1[JKN],(b.e.#g1.e1)[IJN],(b.e.#g1.e1)[JKMN],(b.e.#g1.e1)[IL],#d1[KL],(#g.e.#g1.d1)[JKLMN],(#a.#d.#g1.#d1)[HK],g1[IL],#g1[KMN],#a1[KM],c2[KMN],(#c1.#g.f.#d.#c2.#g1.f1)[IKLN],(#c1.#g.f.#d.#c2.#g1.f1)[JLM],(#d.g.#a.#c1.#a1.g1.#d2)[LM],#c2[LM],c2[LM],#c2[LM],#d2[JLMN],(#d.#d1.#a1.g1)[JKMN],(#g.#d1.#c2.#a1.g1)[HK],(c2.#g1)[IJ],(f1.c1.#g.f2.c2.#g1)[JKMN],(f1.c1.#g.f2.c2.#g1)[IKLMN],(f1.c1.#g.f2.c2.#g1)[JKLN],(c1.#g.c2.#g1.#g2)[IMN],(g2.g1)[KL],(c1.#g.f1.#g1.c2.f2)[JKM],(g.#a.#c1.f1.g1.#a1.#c2.f2)[HIJLM],(e1.e2)[JKLN],(g.#d1.#d2.#a1)[IJLN],d2[JKLMN],#c2[IJL],(#g.c2.#g1.#d1)[I],(#c1.c2.#g1.f1)[HKN],#a1[IJ],(#c1.f1.g1.#a1.f2)[I],(c1.f1.f2.c2.#g1)[HK],(#d1.#d2)[IL],(#g.#d1.c1)[KMN],(#d.#g1)[KM],(c.c2)[KMN],(g.#d.#A-1.#c2.g1.#d1.#c1)[IKLM],(#g.#d.#G-1.c2.#g1.#d1.c1)[JKLN],(g.#d.G-1.#a1.#d1.#a)[IKLN],(f.#A-1.F-1.d2.#g1.#a1.d1)[IM],(#d.#A-1.#D-1.d2.#g1.#a1.d1)[HJ],(#d2.#d1.g1)[IJ],(#G-1.#G-2.c2.#g1.#d1)[I],(#c.#C-1.c2.#g1.e1)[IJKM],b1[KL],#a1[IJ],(#G-1.#G-2.c2.#g1.#d1)[JKLN],(#c.#C-1.c2.#g1.e1)[IJKMN],b1[KL],#a1[IKLM],(d.D-1.b1.#g1.e1)[IJ],(d.D-1.b1.#g1.e1)[JLMN],(d.D-1.b1.#g1.e1)[JK],(d.D-1.b1.#g1.e1)[JLMN],(#c.#C-1.#c2.a1.e1)[JLMN],(B-1.B-2.d2.b1.e1)[JK],(A-1.A-2.e2.#c2.e1)[JLMN],(B-2.B-1.d2.b1.e1)[JK],(#c.#C-1.#c2.a1.e1)[JKMN],(#d.#D-1.b1.#g1.#d1)[HLN],(#a1.g1)[IJM],(b.#g.d.e)[IJ],(b.#g.e.d)[JK],(b.#g.e.d)[JLMN],(b.#g.e.d)[JLMN],(#c1.a.e.#c)[JK],(b.d1.e.B-1)[JLMN],#f1[LMN],(e1.#c1.e.A-1)[JK],(d1.b.e.B-1)[JKM],(#c1.a.e.#c)[JKLMN],(b.#g.#d)[HJLN],(#a.g.#D-1)[HIN],(#g.#G-1.#G-2)[HHIM];"],"id":3,"instruments":["piano","piano"],"alternatives":["",""]}],"audition":{"start":[0,0],"end":[2,149]}}