{"baseBpm":504,"musics":[{"bpm":504,"baseBeats":0.75,"scores":["mute[IJMO],mute[IJMO],mute[IJMO],mute[IJMO],mute[IJM],mute[LMN],5<UV>,5<UV>,mute[HJM],mute[LM],mute[KMN],mute[HJL],mute[INO],mute[IJMO],mute[JKN],mute[JKN],mute[JKNO],mute[JKN],mute[JKNO],mute[JKN],mute[ILM],mute[KLO],mute[ILNO],mute[KLN],mute[JKN],mute[JKN],mute[JKMO],mute[JKLN],mute[LM],mute[LMO],mute[ILM],mute[IJM],mute[IJMO],mute[IJMN],5<UV>,5<UV>,mute[HJKO],mute[LM],mute[KMO],mute[HJL],mute[INO],mute[ILMNO],mute[KLO],mute[IJMO],mute[IJMO],mute[ILMO],mute[KLNO],mute[IJLMN],mute[IJKNO],mute[HILO],mute[JKL],mute[HKL],mute[JKN],mute[JKN],mute[JKNO],mute[JKN],mute[JKNO],mute[IJM],mute[IJMO],mute[IJLN],mute[IJK],mute[ILM],mute[KLO],mute[JKN],mute[JKNO],mute[JKN],mute[LM],mute[LM],mute[LM],mute[LMNO],mute[ILM],mute[KLNO],mute[IJKNO],mute[IKMN],mute[KLMN],mute[IJKN],mute[JMNO],mute[JMNO],mute[JMN],mute[IJKNO],mute[LMNO],mute[LM],mute[K],mute[JLM],mute[KLM],mute[IJKM],mute[JMN],mute[JMN],mute[JMN],mute[IJKM],mute[IJKNO],mute[IJKLN],mute[HMNO],mute[IJM],mute[IJMO],mute[IJMO],mute[IJMO],mute[LMO],5<UV>,5<UV>,mute[HJM],mute[LM],mute[KMN],mute[HJL],mute[INO],mute[IJMO],mute[JKN],mute[JKNO],mute[JKN],mute[JKNO],mute[JKN],mute[JKN],mute[ILM],mute[KLO],mute[ILM],mute[KLO],mute[JKN],mute[JKNO],mute[JKMO],mute[JKLN],5<UV>,mute[LMO],mute[ILNO],mute[IJMO],mute[IJMO],mute[IJK],5<UV>,5<UV>,mute[HJKLMNO],mute[LM],mute[KMO],mute[HJL],mute[IM],mute[ILNO],mute[KLO],mute[IJMO],mute[IJMO],mute[ILMO],mute[KLNO],mute[IJLN],mute[IJKNO],mute[HMN],mute[JN],mute[KLMN],mute[KLNO],mute[KLO],mute[JKN],mute[JKNO],mute[LM],mute[LM],mute[LM],mute[LMN],mute[KLO],mute[KLO],mute[KLN],mute[KLO],mute[KLO],mute[KLO],mute[KLO],mute[KLN],mute[KLO],mute[KLO],mute[KLO],mute[KLO],mute[KLN],mute[KLO],mute[KLO],mute[KLO],mute[KLO],mute[KLN],mute[KLO],mute[KLO],mute[KLO],mute[KLO],mute[KLNO],mute[KLNO],mute[KLM],mute[KLMO],mute[JKNO],mute[JKN],mute[LM],mute[LM],mute[LM],mute[LM],mute[LM],mute[LM],mute[LM],mute[LM],mute[LM],mute[LM],mute[LM],mute[LM],mute[LM],mute[LM],mute[LM],mute[LM],mute[LM],mute[LM],mute[LM],mute[LM],mute[LM],mute[LM],mute[LM],mute[LM],mute[LMN],mute[KLN],mute[KLO],mute[JKN],mute[KLO],mute[LM],mute[LM],mute[LM],mute[LM],mute[LM],mute[K],mute[KLO],mute[LM],mute[LMO],mute[KLN],mute[LM],mute[LMO],mute[KLN],mute[LM],mute[LMNO],mute[KLM],mute[LMNO],mute[LM],mute[LM],mute[LM],mute[LM],mute[LM],mute[LM],mute[LM],mute[LM],mute[LM],mute[LM],mute[LM],mute[LM],mute[KMO],mute[KLN],mute[KLO],mute[KLO],mute[KLO],mute[KLO],mute[KLN],mute[KLN],mute[KLNO],mute[KLM],mute[KLMN],mute[LM],mute[LM],mute[LM],mute[LM],mute[KO],5<UV>,mute[LM],mute[KN],5<UV>,mute[LM],mute[LM],mute[LMN],mute[JMN],mute[LM],mute[LM],mute[LM],mute[LM],mute[LM],mute[KM],5<UV>,5<UV>,mute[LM],mute[LM],mute[LM],mute[LM],mute[LM],mute[LM],mute[LM],mute[LM],mute[LM],mute[LM],mute[LM],mute[LM],mute[LM],mute[LM],mute[LM],mute[LM],mute[LM],mute[LM],mute[LM],mute[LM],mute[LM],mute[LM],mute[LM],mute[LM],mute[LM],mute[LM],mute[LM],mute[LM],mute[LM],mute[LM],mute[LM],mute[KMNO],5<UV>,5<UV>,mute[LM],mute[LM],mute[LM],mute[LM],mute[LM],mute[LM],mute[K],mute[LMNO],mute[LMNO],mute[LMNO],mute[LMN],mute[JLMO],mute[LMNO],mute[JLM],mute[LMNO],mute[JLMNO],mute[K],mute[JKN],mute[KO],mute[JKNO],mute[KLO],mute[KLO],mute[KLO],mute[KLO],mute[KLN],mute[KLO],mute[JKN],mute[JKNO],mute[LM],mute[LMO],mute[KLO],mute[KLO],mute[KLO],mute[KLN],mute[KLO],mute[KLO],mute[KLO],mute[KLNO],mute[KLN],mute[KLM],mute[KLM],mute[JLN],mute[LMN],mute[JKL],mute[JL],mute[LMN],mute[JKM],mute[JL],mute[LMN],mute[JKM],mute[JLN],mute[LMN],mute[JKL],mute[LMN],mute[JLN],mute[KLM],mute[LM],mute[LM],mute[LM],mute[LM],mute[LM],mute[LM],mute[LM],mute[LM],mute[LM],mute[LM],mute[LM],mute[LM],mute[LM],mute[LM],mute[LM],mute[LM],mute[LM],mute[LM],mute[LM],mute[LM],mute[LM],mute[LM],mute[LM],mute[KMO],mute[LMNO],mute[LMN],mute[LMNO],mute[LMNO],mute[JLM],mute[LMNO],mute[JLMO],mute[LMNO],mute[JLM],mute[LMNO],mute[JLM],mute[LMNO],mute[JLMO],mute[LMN],mute[JLMO],mute[LMNO],mute[JLMN],mute[LMNO],mute[JLMN],mute[LMNO],mute[JLMN],mute[LMNO],mute[JLMN],mute[LMNO],mute[JLMN],mute[LMNO],mute[JLMN],mute[LMNO],mute[JLMN],mute[K],mute[JLMO],mute[LMNO],mute[JK],mute[K],mute[JKN],mute[KO],mute[JKN],mute[KO],mute[JKN],mute[KO],mute[JKNO],mute[K],mute[JKNO],mute[KO],mute[JKN],mute[KO],mute[JKN],mute[KO],mute[KNO],mute[KN],mute[KNO],mute[KNO],mute[KM],mute[KM],mute[KLO],mute[KLO],mute[LMNO],mute[LM],mute[LM],mute[LM],mute[LM],mute[LM],mute[LM],mute[LM],mute[LM],mute[LM],mute[LM],mute[KM],mute[KLO],mute[KLO],mute[KLNO],5<UV>,5<UV>,mute[KLO],mute[KLO],mute[KLO],5<UV>,mute[LMN],mute[KLO],mute[KLO],mute[LM],mute[LM],mute[LM],mute[LM],mute[LM],mute[K],5<UV>,mute[LM],mute[KN],5<UV>,mute[KMO],mute[JL],mute[LM],mute[LM],mute[LM],mute[LM],mute[LM],mute[LM],mute[LM],mute[LM],mute[LM],mute[LM],mute[LM],mute[LM],mute[LM],mute[LM],mute[LM],mute[LM],mute[LM],mute[LM],mute[LM],mute[LM],mute[LM],mute[LM],mute[LM],mute[LM],mute[LM],mute[LM],mute[LM],mute[LM],mute[LM],mute[LM],mute[LM],mute[LM],mute[LM],mute[LM],mute[LM],mute[LM],mute[LM],mute[LM],mute[LM],mute[LM],mute[LM],mute[LM],mute[LM],mute[LM],mute[LM],mute[LM],mute[LM],mute[LM],mute[LM],mute[LM],mute[LM],mute[KMNO],mute[JMN],mute[LM],mute[LM],mute[LM],mute[LM],mute[LM],mute[LM],mute[LM],mute[KNO],mute[LMNO],mute[LMN],mute[KO],mute[KO],mute[JKL],mute[KLO],mute[KLO],mute[LM],mute[LM],mute[LM],mute[LM],mute[LM],mute[LM],mute[LM],mute[LM],mute[KMN],5<UV>,mute[LM],mute[KN],5<UV>,mute[LM],mute[KN],5<UV>,mute[LM],mute[KN],5<UV>,mute[LM],mute[KN],5<UV>,mute[LM],mute[KN],5<UV>,mute[LM],mute[KN],5<UV>,mute[LM],mute[KN],5<UV>,mute[LM],mute[LM],mute[LM],mute[LM],mute[LM],mute[LM],mute[LM],mute[LM],mute[LM],mute[LM],mute[LM],mute[LM],mute[LM],mute[KN],5<UV>,mute[LM],mute[KN],5<UV>,mute[LMO],mute[KLO],mute[KLO],mute[LM],mute[LM],mute[LM],mute[LM],mute[LM],mute[LM],mute[LM],mute[LM],mute[LM],mute[LM],mute[LM],mute[LM],mute[LM],mute[LM],mute[LM],mute[LM],mute[LM],mute[LM],mute[LM],mute[LM],mute[LM],mute[LM],mute[LM],mute[LM],mute[LM],mute[LM],mute[LM],mute[LM],mute[LM],mute[LM],mute[LM],mute[LM],mute[LM],mute[LM],mute[LM],mute[LM],mute[LM],mute[LM],mute[LM],mute[KNO],5<UV>,5<UV>,mute[LM],mute[KM],mute[LMNO],mute[LMNO],mute[LMNO],mute[LMNO],mute[LMNO],mute[K],mute[K],mute[LMNO],mute[JK],mute[K],mute[JLMNO],mute[LMNO],mute[JKNO],mute[KO],mute[JKLM],mute[KM],mute[HIJKN],mute[IKO],mute[IL],mute[KL],mute[JK],mute[IL],mute[KL],mute[JK],mute[HK],mute[IJLM],mute[KL],mute[KL],mute[KL],mute[KL],mute[KL],mute[KL],mute[KL],mute[KL],mute[KL],mute[KL],mute[KL],mute[KL],mute[KL],mute[KL],mute[HKMNO],mute[IJLNO],mute[JK],mute[IL],mute[KL],mute[JK],mute[IL],mute[KL],mute[JK],mute[HK],mute[IJLM],mute[KL],mute[KL],mute[KL],mute[KL],mute[KL],mute[KL],mute[KL],mute[KL],mute[KL],mute[KL],mute[KL],mute[KL],mute[KL],mute[KL],mute[KL],mute[KL],mute[KL],mute[KL],mute[KLO],mute[KLO],mute[IJMO],mute[KLO],mute[KLO],mute[KL],mute[KL],mute[KL],mute[KL],mute[KL],mute[KL],mute[KL],mute[KL],mute[KL],mute[KL],mute[KL],mute[KL],mute[KL],mute[KL],mute[KL],mute[KL],mute[KL],mute[KL],mute[KL],mute[KL],mute[KL],mute[KL],mute[KL],mute[KL],mute[KL],mute[KL],mute[KL],mute[KL],mute[KL],mute[KL],mute[KL],mute[KL],mute[KL],mute[KL],mute[KL],mute[KL],mute[JK],mute[KL],mute[KL],mute[KL],mute[KL],mute[KL],mute[KL],mute[KL],mute[KL],mute[KL],mute[KL],mute[KL],mute[KL],mute[KL],mute[KL],mute[KL],mute[KL],mute[KL],mute[KL],mute[KL],mute[KL],mute[KL],mute[KL],mute[KL],mute[KL],mute[KL],mute[KL],mute[KLO],mute[KLN],mute[KLO],mute[KLO],mute[KLNO],mute[KLNO],mute[KLMO],mute[KLMO],mute[IL],mute[KL],mute[JK],mute[IL],mute[KL],mute[JK],mute[HK],mute[IJLMN],mute[KLO],mute[KLO],mute[KL],mute[KL],mute[KL],mute[KL],mute[KL],mute[KL],mute[KL],mute[KL],mute[KL],mute[KL],mute[KL],mute[KL],mute[HK],mute[IJLM],mute[JK],mute[IL],mute[KL],mute[JK],mute[IL],mute[KL],mute[JK],mute[HKMO],mute[IJLM],mute[KL],mute[KL],mute[KL],mute[KL],mute[KL],mute[KL],mute[KL],mute[KL],mute[KL],mute[KL],mute[KL],mute[KL],mute[KL],mute[KL],mute[KL],mute[KL],mute[KL],mute[KLO],mute[KLO],mute[KLO],mute[IJLM],mute[KLO],mute[KLO],mute[KL],mute[KL],mute[KL],mute[KL],mute[KL],mute[KL],mute[KL],mute[KL],mute[KL],mute[KL],mute[KL],mute[KL],mute[KL],mute[KL],mute[KL],mute[KL],mute[KL],mute[KL],mute[KL],mute[KL],mute[KL],mute[KL],mute[KL],mute[KL],mute[KL],mute[KL],mute[KL],mute[KL],mute[KL],mute[KL],mute[KL],mute[KL],mute[KL],mute[KL],mute[KL],mute[KL],mute[JK],mute[KL],mute[KL],mute[KL],mute[KL],mute[KL],mute[KL],mute[KL],mute[KL],mute[KL],mute[KL],mute[KL],mute[KL],mute[KL],mute[KL],mute[KL],mute[KL],mute[KL],mute[KL],mute[KL],mute[KL],mute[KL],mute[KL],mute[KLO],mute[KLO],mute[KL],mute[KL],mute[KLN],mute[KLO],mute[KLO],mute[KLO],mute[KLNO],mute[KLNO],mute[KLMO],mute[KLMO],mute[IL],mute[KL],mute[JK],mute[IL],mute[KL],mute[JK],mute[HKMO],mute[IJLM];","(c2.f)[IJMO],(c2.f1.f.a.c1)[IJMO],f[IJMO],(d2.f1.d1.#a.f)[IJMO],(c2.f1.c1.a.f)[IJM],(g1.f)[LNO],g[N],#a1[L],#a[MO],c2[M],c1[L],(e2.e1)[HJM],(a1.f)[LNO],(c2.a)[LNO],(f2.c1)[LM],f1[HJL],c2[INO],(f1.c2.f.a)[IJMO],e[JKN],c2[JKN],(d2.f1.#a.d)[JKNO],(c2.a)[JKN],(#a1.c1.g.e)[JKNO],(a1.c1.f)[JKN],(a1.c1.c.f)[ILM],B-1[KLO],c[ILNO],B-1[KLN],(g1.c1.e.c)[JKN],a1[JKN],#a1[JKMO],b1[JKLN],(c1.F-1)[L],f1[LO],a1[L],c2[ILM],(f1.f.a.c1)[IJM],(d2.f1.d1.#a.f)[IJMO],(c2.f1.f.a.c1)[IJMO],(g1.f)[MN],g[N],#a1[MO],#a[M],#c2[N],#c1[MN],(e2.e1)[HJKO],(a1.f)[LNO],(c2.a)[LNO],(f2.c1)[LNO],f1[HJL],f2[INO],(f2.a1.c1)[ILMNO],c2[KLO],(a1.f1)[IJMO],c[IJMO],(#a1.e1)[ILMO],(g1.#a)[KLNO],(f1.a.f.F-1)[IJLMN],(c1.a.F-1.F-2)[IJKNO],(a.f.F-1.F-2)[HILO],(c2.a)[JKL],(d2.f1.#a.f)[HKL],(e2.c1)[JKN],(f2.f1.f)[JKN],(e2.#c1)[JKNO],(f2.d1)[JKN],(d2.#a)[JKNO],(c2.f1.a.f)[IJM],(e2.#a1.c1.g)[IJMO],(f2.a1.c1.a)[IJLN],(d2.a1.c1.f)[IJK],(g1.g2.c1.e)[ILM],e2[KLO],(e1.c2.a.c1)[JKN],#f1[JKNO],(g1.g.e1)[JKN],d2[LMO],c2[LM],b1[LMO],c2[LMO],(f1.d2.g.b)[ILM],(b1.d1)[KLNO],(c2.e1.c1.c)[IJKNO],g1[IKMN],e2[KLMN],e2[IJKN],(f1.g.b)[JMNO],d2[JMNO],c2[JMN],(c2.e1.c1.c)[IJKNO],a1[LMNO],g1[LMN],#f1[LMN],g1[JLM],e2[KLM],e2[IJKM],(f1.g.b)[JMN],d2[JMN],c2[JMN],(e1.c.c1)[IJKM],(e1.g1.c1.#a)[IJKNO],(f1.a1.c1.a)[IJKLN],(c2.#a1.e1.c1.#a.g)[HMNO],(c2.f1.f.a.c1)[IJM],f[IJMO],(d2.f1.d1.#a.f)[IJMO],(c2.f1.c1.a.f)[IJMO],(g1.f)[LN],g[NO],#a1[L],#a[M],c2[M],c1[L],(e2.e1)[HJM],(a1.f)[LM],(c2.a)[LNO],(f2.c1)[LNO],f1[HJL],c2[INO],(f1.c2.f.a)[IJMO],e[JKN],c2[JKNO],(d2.f1.#a.d)[JKN],(c2.a)[JKNO],(#a1.c1.g.e)[JKN],(a1.c1.f)[JKN],(a1.c1.c.f)[ILM],B-1[KLO],c[ILM],B-1[KLO],(g1.c1.e.c)[JKN],a1[JKNO],#a1[JKMO],b1[JKLN],(c1.F-1)[L],f1[L],a1[LO],c2[ILNO],(f1.f.a.c1)[IJMO],(d2.f1.d1.#a.f)[IJMO],(c2.f1.f.a.c1)[IJLMO],(g1.f)[MNO],g[N],#a1[M],#a[MO],#c2[N],#c1[MNO],(e2.e1)[HJKLMNO],(a1.f)[LNO],(c2.a)[LNO],(f2.c1)[LNO],f1[HJL],f2[IM],(f2.a1.c1)[ILNO],c2[KLO],(a1.f1)[IJMO],c[IJMO],(#a1.e1)[ILMO],(g1.#a)[KLNO],(f1.a.f.F-1)[IJLN],(c1.a.F-1.F-2)[IJKNO],(a.f.F-1.F-2)[HMN],#g1[JN],a1[KLMN],#g1[KLNO],a1[KLO],(a1.#f1.d1)[JKN],(#f1.d1)[JKNO],(b1.#f1.d1)[LM],a1[LMO],#g1[LMO],a1[LM],(d2.#f1.d1)[KLO],#c2[KLO],(#a1.g1.d1)[KLN],b1[KLO],(d2.g1.d1)[KLO],b1[KLO],(#g1.#f1.d1)[KLO],a1[KLN],(d2.#f1.d1)[KLO],a1[KLO],(g1.e1.d1)[KLO],#a1[KLO],(#c2.e1.d1.g1)[KLN],e2[KLO],(g2.#a1.g1.e1.d1)[KLO],e2[KLO],(g2.#a1.e1.d1.g1)[KLO],#c2[KLN],(e2.a1.#f1.d1)[KLO],d2[KLO],(#f2.a1.#f1.d1)[KLO],e2[KLO],(d2.#f1.d1)[KLNO],#c2[KLNO],(b1.#f1.d1)[KLM],a1[KLMO],(a1.d1.#f1)[JKNO],(d1.#f)[JKN],(d1.#f)[LM],b1[LMO],#c2[LMO],d2[LM],(e2.d1.#f)[LMO],#f2[LMO],g2[LM],a2[LMO],(#a2.d1.g)[LM],b2[LMO],#c3[LM],b2[LMO],(#g2.d1.#f)[LMO],a2[LM],b2[LMO],a2[LMO],(#f2.a.#c)[LM],g2[LMO],a2[LM],g2[LMO],(f2.a.d)[LM],#f2[LMO],g2[LMO],#f2[LM],(#f2.A-1)[KLN],a2[KLO],(a.d1)[JKN],(a.d1)[KLO],#g2[LMO],a2[LMO],(b2.a.d1)[LM],a2[LMO],g2[LM],#f2[LMO],(e2.a.#c1)[KLO],#d1[LMO],e1[LM],d1[KLN],f1[LM],#f1[LMO],e1[KLN],#f1[LMO],g1[LMN],f1[KLM],g1[LMNO],#g1[LMN],(a1.d)[LMO],b1[LM],a1[LMO],b1[LMO],(a1.d1.#f1)[LM],b1[LMO],a1[LMO],b1[LM],(a1.d1.#f1)[LMO],b1[LM],#g1[LMO],a1[LM],(d2.d1.#f1)[KLN],#c2[KLO],(#a1.d1.g1)[KLO],b1[KLO],(d2.d1.g1)[KLO],b1[KLN],(#g1.d1.#f1)[KLN],a1[KLNO],(d2.d1.#f1)[KLM],a1[KLMN],(g1.d1.e1)[LMO],a1[LMO],g1[LNO],#f1[LNO],g1[L],(#a1.d1.e1)[LO],#c2[L],#a1[L],g1[LO],#a1[L],#c2[LO],(e2.d1.e1.g1)[L],#c2[L],#a1[LO],#c2[L],e2[LO],g2[L],(#a2.d1.e1.g1.#a1)[JMN],#c2[LM],(d2.d1.#f1.a1)[LNO],e2[LN],d2[LNO],#c2[LN],d2[LO],(e2.d1.#f1.a1)[L],#f2[LO],g2[MN],a2[MN],b2[MN],#c3[MNO],d3[L],(e3.b.d1.#g1)[LMO],d3[LMN],e3[LMO],d3[LMO],(e3.b.d1.#g1)[LMN],d3[LMO],e3[LMO],d3[LMO],(e3.a.d1.#f1.a1)[LMN],d3[LMN],e3[LMN],d3[LMN],(e3.a.d1.#f1.a1)[LMN],d3[LMN],e3[LMN],d3[LMN],(a.d1.#f1.a1)[LM],#c3[LNO],b2[LM],a2[LN],g2[LNO],(#f2.a.d1.#f1.a1)[LO],e2[LN],d2[LO],#c2[LO],b1[LN],a1[LO],(#g1.a.d1.e1.g1)[LO],a1[LN],#a1[LO],b1[LO],c2[LN],#c2[LO],(d2.a.d1.e1.g1)[MNO],#d2[MNO],e2[MNO],f2[MNO],#f2[LO],g2[LN],#g2[LO],(a2.a.#c1.e1.g1)[LMN],b2[LMN],a2[LMN],b2[LMN],(a2.a.#c1.e1.g1)[LMNO],b2[LMNO],#g2[LMNO],a2[LMN],(d2.d1.#f1)[JLMO],a1[LMNO],#f1[JLM],a1[LMNO],(d1.d.D-1)[JLMNO],a[K],#f[JKN],a[KO],(d.D-1)[JKNO],d1[KLO],e1[KLO],#f1[KLO],g1[KLO],a1[KLN],#a1[KLO],(b1.g.d1)[JKN],d1[JKNO],(#c2.d1)[LM],b1[LMO],#a1[KLO],(b1.d1)[KLO],#c2[KLO],(d2.b.d1)[KLN],#c2[KLO],(d2.d1)[KLO],#c2[KLO],(e2.g.d1)[KLNO],d2[KLN],(#c2.d1)[KLM],b1[KLM],(a1.d1.#f)[JLN],a1[LMN],(a2.d1.#f)[JKL],(e.g.a.#c1)[JL],#c2[LMN],(#c3.e.g.a.#c1)[JKM],(d1.a.#f.d)[JL],d2[LMN],(d3.d1.a.#f.d)[JKM],(b.#g.f.d)[JLN],b1[LMN],(b2.b.#g.f.d)[JKL],(e2.#c1.a.e.#c)[LMN],e3[JLN],(#c1.a.e.#c)[KLM],d3[LMN],#c3[LMN],(b2.#f.a.b.#d1)[LMN],a2[LMO],#g2[LMO],a2[LMN],(#g2.#f.a.b.#d1)[LMO],a2[LMO],#g2[LMN],a2[LMO],(#g2.e1.#c1.a.e)[LMO],a2[LMO],b2[LMO],a2[LMN],(#c3.e1.#c1.a.e)[LMO],b2[LMO],d3[LMN],#c3[LMO],(e3.e1.d1.b.e)[LMN],d3[LMN],#c3[LMN],b2[LMN],(#c3.e1.d1.b.e)[LMNO],b2[LMN],a2[LMNO],#g2[LMNO],(a2.a.#c1.e1)[JLM],e2[LMNO],f2[JLMO],#f2[LMNO],g2[JLM],#g2[LMNO],a2[JLM],#a2[LMNO],b2[JLMO],c3[LMN],#c3[JLMO],(e2.a1)[LMNO],(d2.e1.#g1)[JLMN],#c3[LMNO],b2[JLMN],(d2.#g1.e1)[LMNO],(a2.#c2.a.a1)[JLMN],e1[LMNO],f1[JLMN],#f1[LMNO],g1[JLMN],#g1[LMNO],a1[JLMN],#a1[LMNO],b1[JLMN],c2[K],#c2[JLMO],(e1.a)[LMNO],(d1.e.#g)[JK],#c2[K],b1[JKN],(d1.e.#g)[KO],(#c1.A-1.a)[JKN],a1[KO],a2[JKN],(a.#c1)[KO],(#c1.e1)[JKNO],a1[K],a2[JKNO],(#c1.e1)[KO],(e1.g1)[JKN],a1[KO],a2[JKN],(e1.g1)[KO],(d1.#f1)[KNO],a1[KN],a2[KNO],(d1.#f1)[KNO],(e1.a)[KM],a1[KM],a2[KLO],(a.e1)[KLO],(a1.d.d1)[LMNO],b1[LMN],a1[LMO],b1[LM],(a1.d1.#f1)[LMO],b1[LM],a1[LMO],b1[LMO],(a1.d1.#f1)[LM],b1[LMO],#g1[LMO],a1[LM],(d2.d1.#f1)[KLO],#c2[KLO],(#a1.d1.g1)[KLN],b1[MN],#c2[MN],b1[MNO],#c2[MN],(d2.d1.g1)[KLO],b1[KLO],(#g1.d1.#f1)[KLO],a1[MNO],b1[MN],a1[M],b1[LO],(d2.d1.#f1)[KLO],a1[KLO],(g1.d1.e1)[LNO],a1[LN],g1[LNO],#f1[LN],g1[L],(#a1.d1.e1)[LO],#c2[L],#a1[LO],g1[L],#a1[L],#c2[LO],(e2.d1.e1.g1)[L],#c2[LO],#a1[L],#c2[L],e2[LO],g2[L],(#a2.d1.e1.g1.#a1)[JL],#c2[LMO],(d2.d1.#f1.a1)[LMO],e2[LMO],d2[LM],e2[LMO],(d2.d1.#f1.a1)[LMO],e2[LM],d2[LM],e2[LMO],(d2.d1.#f1)[LMO],e2[LM],#f2[LMO],e2[LMO],(d2.d1.#f1)[LMO],#c2[LMO],b1[LMN],a1[LMO],(#g1.d1.#f1)[LMO],a1[LMO],b1[LMO],a1[LM],(#g1.#f.d1)[LMO],a1[LMO],b1[LM],#c2[LMO],(d2.#f.d1)[LMO],e2[LM],#f2[LM],g2[LMO],(a2.#f.d1)[LMO],b2[LM],#c3[LMO],d3[LMO],(#a2.d1.g)[LM],b2[LMO],#c3[LMO],d3[LM],(#g2.d1.#f)[LM],a2[LMO],#c3[LMO],d3[LM],(#f2.a.#c)[LMO],g2[LMO],#d3[LM],e3[LMO],(f2.a.d)[LMO],#f2[LM],#c3[LM],d3[LMO],(d3.A-1)[LMO],#f2[JMN],(a.d1)[LM],g2[LMO],#g2[LMO],a2[LM],(#g2.a.d1)[LMO],a2[LMO],#g2[LMN],a2[LMO],(b2.a.d1)[LMNO],a2[LMN],g2[KO],#f2[KO],(e2.a.#c1)[JKL],A-1[KLO],G-1[KLO],#F-1[LM],a[LMO],b[LMO],#c1[LM],(d1.E-1)[LMO],e1[LMO],#f1[LM],g1[LMO],(#g1.D-1)[L],a1[LO],#g1[L],a1[L],#g1[LO],a1[L],(#g1.a.#f.d)[LO],a1[L],#g1[L],a1[LO],#g1[L],a1[LO],(#g1.a.#f.d)[L],a1[L],#g1[LO],a1[L],#g1[LO],a1[L],(#g1.a.#f.d)[L],a1[LO],#g1[L],a1[LO],d2[L],#c2[L],(#a1.b.g.d)[LO],b1[L],#a1[LO],b1[L],#a1[L],b1[LO],(#a1.b.g.d)[L],b1[LO],#a1[L],b1[L],d2[LO],b1[L],(#g1.a.#f.d)[LO],a1[L],#g1[L],a1[LO],#g1[L],a1[LO],(#g1.a.#f.d)[L],a1[LO],#g1[LO],a1[LN],d2[LO],a1[LN],(g1.d.e.g.#a.#c1)[LO],#f1[LN],g1[LN],#a1[L],a1[LO],#a1[LO],(#c2.d.e.g.#a.#c1)[L],c2[LO],#c2[L],e2[LO],#d2[L],e2[L],(g2.d.e.g.#a.#c1)[LO],#f2[L],g2[LO],#a2[L],a2[L],#a2[LO],(#c3.d.e.g.#a.#c1)[KLO],#c3[KLO],(e3.d.#f.a.d1)[LMO],d3[LM],e3[LMO],d3[LMO],(e3.d1.a.#f.d)[LM],d3[LMO],e3[LMO],d3[LM],(e3.#G-1.B-1.d.f)[LMN],d3[LMO],e3[LMO],d3[LMO],(e3.f.d.B-1.#G-1)[LMO],d3[LMN],e3[LMO],d3[LMO],(e3.A-1.d.#f)[LMN],d3[LMN],e3[LMN],d3[LMN],(e3.A-1.d.#f)[LMN],d3[LMN],e3[LMN],d3[LMN],(A-1.d.#f)[LM],#c3[LM],b2[LNO],a2[LO],g2[LM],(#f2.A-1.d.#f)[LN],e2[LO],d2[LO],#c2[LN],b1[LO],a1[LO],(#g1.A-1.d.e.g)[LN],a1[LO],#a1[LO],b1[LN],c2[LO],#c2[LO],(d2.A-1.d.e.g)[MNO],#d2[MNO],e2[MNO],f2[MNO],#f2[LN],g2[LO],#g2[LO],(a2.A-1.#c.e.g)[LMNO],b2[LMNO],a2[LMNO],b2[LMNO],(a2.A-1.#c.e.g)[LMNO],b2[K],#g2[K],a2[LMNO],(d2.d.#f)[JK],a1[K],#f1[JLMNO],a1[LMNO],(d1.d.D-1)[JKNO],a[KO],#f[JKLM],a[KM],(d.D-1)[HIJKN],(f.d)[IKO],(f.d.#A-1.#A-2)[IL],(f.d.#A-1.#A-2)[KL],(f.d.#A-2.#A-1)[JK],(g.#d.#A-1.#D-1)[IL],(g.#d.#A-1.#D-1)[KL],(f.d.#A-1.#A-2)[JK],(a.f.#d.c.F-1.F-2)[HK],(#a.f.d.#A-1.#A-2)[IJLM],(#a.#A-1)[KL],(d1.d)[KL],(f1.f)[KL],(#a1.#a)[KL],(d2.d1)[KL],(f2.f1)[KL],(#a2.#a1)[KL],(a2.a1)[KL],(g2.g1)[KL],(f2.f1)[KL],(#d2.#d1)[KL],(d2.d1)[KL],(c2.c1)[KL],(#a1.#a)[KL],(f1.#a1.d2.f.#a.d1)[HKMNO],(a1.c2.c1.a)[IJLNO],(f.d.#A-1.#A-2)[JK],(f.d.#A-1.#A-2)[IL],(f.d.#A-1.#A-2)[KL],(f.d.#A-1.#A-2)[JK],(g.#d.#A-1.#D-1)[IL],(g.#d.#A-1.#D-1)[KL],(f.d.#A-2.#A-1)[JK],(a.#d.c.#F-1.#F-2)[HK],(#a.d.#A-1.G-1.G-2)[IJLM],(a2.E-1)[KL],#a2[KL],(d3.F-1)[KL],#a2[KL],f2[KL],d2[KL],#a1[KL],f1[KL],d1[KL],#a[KL],f[KL],#d1[KL],(c1.F-1)[KL],a[KL],(#a.#A-1)[KL],d1[KL],(f.F-1)[KL],#a[KL],(d.D-1)[KLO],f[KLO],(#A-1.#A-2)[IJMO],f1[KLO],#a[KLO],g1[KL],#d[KL],g[KL],(#f1.#a)[KL],(g1.#d)[KL],a1[KL],#a1[KL],#d1[KL],g1[KL],(a2.#a1)[KL],(#a2.G-1)[KL],g2[KL],f2[KL],d1[KL],#a2[KL],d2[KL],a2[KL],#d2[KL],#a2[KL],d2[KL],c3[KL],a1[KL],d3[KL],#a1[KL],c3[KL],a1[KL],f3[KL],a[KL],#g1[KL],b[KL],a1[KL],c1[KL],#a1[KL],c[KL],(g1.e1.c1)[KL],C-1[KL],(f1.a.F-1)[JK],f[KL],(c2.a1)[KL],f1[KL],(a2.c2)[KL],f[KL],(#g2.b1)[KL],f1[KL],(a2.c2)[KL],f[KL],(g2.#a1)[KL],f1[KL],(f2.a1)[KL],F-1[KL],(c1.a)[KL],f[KL],(a1.c1)[KL],F-1[KL],(#g1.b)[KL],f[KL],(a1.c1)[KL],F-1[KL],(g1.#a)[KL],f[KL],(f1.a)[KL],e[KL],f[KL],#d[KLO],f[KLN],d[KLO],f[KLO],#c[KLNO],f[KLNO],c[KLMO],f[KLMO],(f.d.#A-1.#A-2)[IL],(f.d.#A-1.#A-2)[KL],(f.d.#A-2.#A-1)[JK],(g.#d.#A-1.#D-1)[IL],(g.#d.#A-1.#D-1)[KL],(f.d.#A-1.#A-2)[JK],(a.f.#d.c.F-1.F-2)[HK],(#a.f.d.#A-1.#A-2)[IJLMN],(#a.#A-1)[KLO],(d1.d)[KLO],(f1.f)[KL],(#a1.#a)[KL],(d2.d1)[KL],(f2.f1)[KL],(#a2.#a1)[KL],(a2.a1)[KL],(g2.g1)[KL],(f2.f1)[KL],(#d2.#d1)[KL],(d2.d1)[KL],(c2.c1)[KL],(#a1.#a)[KL],(f1.#a1.d2.f.#a.d1)[HK],(a1.c2.c1.a)[IJLM],(f.d.#A-1.#A-2)[JK],(f.d.#A-1.#A-2)[IL],(f.d.#A-1.#A-2)[KL],(f.d.#A-1.#A-2)[JK],(#f.#d.#A-1.#D-1)[IL],(#f.#d.#A-1.#D-1)[KL],(f.d.#A-2.#A-1)[JK],(a.#f.c.#D-1)[HKMO],(#a.g.#c.E-1)[IJLM],a2[KL],#a2[KL],(d3.F-1)[KL],(#a2.#A-1)[KL],(f2.d)[KL],(d2.f)[KL],(#a1.#a)[KL],(f1.d1)[KL],(d1.f1)[KL],#a[KL],f[KL],#d1[KL],(c1.F-1)[KL],a[KL],(#a.#A-1)[KL],d1[KL],(f.F-1)[KL],#a[KLO],(d.D-1)[KLO],f[KLO],(#A-1.#A-2)[IJLM],f1[KLO],#a[KLO],g1[KL],#d[KL],g[KL],(#f1.#a)[KL],(g1.#d)[KL],a1[KL],#a1[KL],#d1[KL],g1[KL],(a2.#a1)[KL],(#a2.G-1)[KL],g2[KL],f2[KL],d1[KL],#a2[KL],d2[KL],a2[KL],#d2[KL],#a2[KL],d2[KL],c3[KL],a1[KL],d3[KL],#a1[KL],c3[KL],a1[KL],f3[KL],a[KL],#g1[KL],b[KL],a1[KL],c1[KL],#a1[KL],c[KL],(g1.e1.c1)[KL],C-1[KL],(f1.a.F-1)[JK],f[KL],(c2.a1)[KL],f1[KL],(a2.c2)[KL],f[KL],(#g2.b1)[KL],f1[KL],(a2.c2)[KL],f[KL],(g2.#a1)[KL],f1[KL],(f2.a1)[KL],F-1[KL],(c1.a)[KL],f[KL],(a1.c1)[KL],F-1[KL],(#g1.b)[KL],f[KL],(a1.c1)[KL],F-1[KL],(g1.#a)[KL],f[KLO],(f1.a)[KLO],e[KL],f[KL],#d[KLN],f[KLO],d[KLO],f[KLO],#c[KLNO],f[KLNO],c[KLMO],f[KLMO],(f.d.#A-1.#A-2)[IL],(f.d.#A-1.#A-2)[KL],(f.d.#A-2.#A-1)[JK],(g.#d.#A-1.#D-1)[IL],(g.#d.#A-1.#D-1)[KL],(f.d.#A-1.#A-2)[JK],(a.f.#d.c.F-1.F-2)[HKMO],(#a.f.d.#A-1.#A-2)[IJLM];"],"id":1,"instruments":["piano","piano"],"alternatives":["",""]},{"bpm":504,"baseBeats":0.75,"scores":["mute[KLO],mute[KLO],mute[KL],mute[KL],mute[KL],mute[KL],mute[KL],mute[KL],mute[KL],mute[KL],mute[KL],mute[KL],mute[KL],mute[KL],mute[HKM],mute[IJLNO],mute[JKNO],mute[IL],mute[KL],mute[JK],mute[ILM],mute[KLO],mute[JKNO],mute[HKMNO],mute[IJLNO],mute[KLN],mute[KLO],mute[KL],mute[KL],mute[KL],mute[KL],mute[KL],mute[KL],mute[KL],mute[KL],mute[KL],mute[KL],mute[KL],mute[KL],mute[KLO],mute[KL],mute[KLO],mute[KLO],mute[KLNO],mute[KLMO],mute[HILN],mute[KLM],mute[KLN],mute[KL],mute[KL],mute[KL],mute[KL],mute[KL],mute[KL],mute[KL],mute[KL],mute[KL],mute[KL],mute[KL],mute[KL],mute[KL],mute[KL],mute[KL],mute[KL],mute[KL],mute[KL],mute[KL],mute[KL],mute[KL],mute[KL],mute[KL],mute[KL],mute[KL],mute[KL],mute[KL],mute[KL],mute[KL],mute[KL],mute[KL],mute[KLMN],mute[KN],mute[KL],mute[KL],mute[KL],mute[KL],mute[KL],mute[KL],mute[KL],mute[KL],mute[KL],mute[KL],mute[KL],mute[KL],mute[KL],mute[KL],mute[KL],mute[KL],mute[KL],mute[KL],mute[KL],mute[KL],mute[KL],mute[KL],mute[KL],mute[KLO],mute[KLO],mute[KLNO],mute[KLNO],mute[JKMN],mute[KL],mute[KL],mute[KL],mute[KL],mute[KL],mute[KL],mute[KL],mute[KL],mute[KL],mute[KL],mute[KL],mute[KL],mute[KL],mute[KL],mute[KL],mute[KL],mute[KL],mute[KL],mute[KL],mute[KL],mute[KL],mute[KL],mute[KL],mute[KL],mute[KL],mute[KL],mute[KL],mute[KL],mute[KL],mute[KL],mute[KL],mute[KL],mute[KL],mute[KL],mute[KL],mute[KL],mute[KL],mute[KL],mute[KL],mute[KL],mute[KL],mute[KL],mute[KL],mute[KL],mute[KL],mute[KL],mute[KL],mute[KLO],mute[KLO],mute[J],mute[KNO],mute[KL],mute[KL],mute[KL],mute[KL],mute[KL],mute[KL],mute[KL],mute[KL],mute[KL],mute[KL],mute[KL],mute[KL],mute[KL],mute[KL],mute[KL],mute[KL],mute[KL],mute[KL],mute[KL],mute[KL],mute[KL],mute[KL],mute[KL],mute[KL],mute[KL],mute[KL],mute[KL],mute[KL],mute[KL],mute[KL],mute[KLMN],mute[KN],mute[KL],mute[KL],mute[KL],mute[KL],mute[KL],mute[KL],mute[KL],mute[KL],mute[KL],mute[KL],mute[KL],mute[KL],mute[KL],mute[KL],mute[KL],mute[KL],mute[KL],mute[KL],mute[KL],mute[KL],mute[KL],mute[KL],mute[KL],mute[KL],mute[KLO],mute[KLO],mute[KLO],mute[JKMN],mute[KLO],mute[KLO],mute[KL],mute[KL],mute[KL],mute[KL],mute[KL],mute[KL],mute[KL],mute[KL],mute[KL],mute[KL],mute[KL],mute[KL],mute[KL],mute[KL],mute[KL],mute[KL],mute[KL],mute[KL],mute[KL],mute[KL],mute[KLN],mute[KLO],mute[KLNO],mute[KLM],mute[KLN],mute[KL],mute[KL],mute[KL],mute[KL],mute[KL],mute[KL],mute[KL],mute[KL],mute[KL],mute[KL],mute[KL],mute[KL],mute[KL],mute[KL],mute[KL],mute[KL],mute[KL],mute[KL],mute[KL],mute[KLO],mute[KLO],mute[KLO],mute[JO],mute[KMO],mute[KL],mute[KL],mute[KL],mute[KL],mute[KL],mute[KL],mute[KL],mute[KL],mute[KL],mute[KL],mute[KL],mute[KL],mute[KL],mute[KL],mute[KL],mute[KL],mute[KL],mute[KL],mute[KL],mute[KL],mute[KL],mute[KL],mute[KL],mute[KL],mute[KL],mute[KL],mute[KL],mute[KL],mute[KLO],mute[KLO],mute[JO],mute[KNO],mute[KL],mute[KL],mute[KL],mute[KL],mute[KL],mute[KL],mute[KL],mute[KL],mute[KL],mute[KL],mute[KL],mute[KL],mute[KL],mute[KL],mute[KL],mute[KL],mute[KL],mute[KL],mute[KL],mute[KL],mute[KL],mute[KL],mute[KL],mute[KLO],mute[KLO],mute[KLNO],mute[KLM],mute[HILN],mute[ILM],mute[KLO],mute[JKN],mute[JKNO],mute[JKN],mute[JKNO],mute[JKN],mute[JKN],mute[IJMO],mute[HKMNO],mute[KLN],mute[KLO],mute[KLO],mute[KLO],mute[KLO],mute[KLN],mute[KLO],mute[KLO],mute[KLO],mute[KLO],mute[KLN],mute[KLO],mute[KLO],mute[KLO],mute[KLO],mute[KLN],mute[KLO],mute[KLO],mute[KLO],mute[KLO],mute[KLN],mute[JO],mute[KO],mute[KLO],mute[KLO],mute[KLN],mute[JKN],mute[JKN],mute[JKNO],mute[JKN],mute[JKNO],mute[JKN],mute[IJMO],mute[LM],mute[LM],mute[LM],mute[LMN],mute[KLO],mute[KLN],mute[KLO],mute[KLO],mute[KLO],mute[KLO],mute[KLN],mute[KLO],mute[KLO],mute[KLO],mute[KLO],mute[KLN],mute[KLO],mute[KLO],mute[KLN],mute[KLN],mute[KLNO],mute[KLMO],mute[IJKNO],mute[HMNO],mute[ILNO],mute[KLO],mute[JKNO],mute[JKN],mute[JKNO],mute[JKN],mute[JKN],mute[JKNO],mute[JKN],mute[JKNO],mute[JKN],mute[JKN],mute[JKNO],mute[JKN],mute[JKNO],mute[JKN],mute[JKN],mute[JKNO],mute[JKN],mute[JKNO],mute[JKN],mute[JKN],mute[JKNO],mute[JKN],mute[JKNO],mute[JKN],mute[JKN],mute[JKNO],mute[JKN],mute[JKNO],mute[JKN],mute[JKN],mute[KLN],mute[KLO],mute[KLO],mute[KLO],mute[KLO],mute[KLN],mute[KLO],mute[JO],mute[KO],mute[KLO],mute[KLNO],mute[KLMO],mute[JKMN],mute[JKN],mute[JKNO],mute[JKN],mute[JKNO],mute[JKN],mute[ILM],mute[KLO],mute[HKMNO],mute[KLO],mute[KLO],mute[KLN],mute[KLO],mute[KLO],mute[KLO],mute[KLO],mute[KLN],mute[KLO],mute[KLO],mute[KLO],mute[KLO],mute[KLN],mute[KLO],mute[KLO],mute[KLO],mute[KLO],mute[KLN],mute[KLO],mute[KLO],mute[KLO],mute[JN],mute[KO],mute[KLO],mute[KLO],mute[KLO],mute[KO],mute[KO],mute[KO],mute[K],mute[KO],mute[KO],mute[KO],mute[KO],mute[K],mute[KO],mute[KO],mute[KO],mute[KO],mute[K],mute[KO],mute[KO],mute[KO],mute[KO],mute[LM],mute[LM],mute[LM],mute[LM],mute[LM],mute[LM],mute[LM],mute[K],mute[KO],mute[KO],mute[KO],mute[LM],mute[LM],mute[LM],mute[LMN],mute[KLO],mute[KLN],mute[KLO],mute[KLO],mute[KLO],mute[KLO],mute[KLN],mute[KLO],mute[KLN],mute[KLN],mute[KLN],mute[KLNO],mute[KLN],mute[KLNO],mute[KLM],mute[KLMO],mute[IJKNO],mute[IJKNO],mute[ILM],mute[KLO],mute[JKN],mute[JKNO],mute[JKN],mute[JKN],mute[JKNO],mute[JKN],mute[JKNO],mute[JKN],mute[JKN],mute[JKNO],mute[JKN],mute[JKNO],mute[JKN],mute[JKN],mute[JKNO],mute[JKN],mute[JKNO],mute[JKN],mute[JKN],mute[JKNO],mute[JKN],mute[JKNO],mute[JKN],mute[JKN],mute[JKNO],mute[JKN],mute[JKNO],mute[JKN],mute[JKN],mute[JKNO],mute[KLO],mute[KLO],mute[KLO],mute[KLN],mute[KLO],mute[KLO],mute[KLO],mute[JN],mute[KO],mute[KLNO],mute[KLNO],mute[KLM],mute[JKMN],mute[JKN],mute[JKNO],mute[JKN],mute[JKNO],mute[JKN],mute[ILM],mute[KLO],mute[HKMNO],mute[KLO],mute[KLO],mute[KLN],mute[KLO],mute[KLO],mute[KLO],mute[KLO],mute[KLN],mute[KLO],mute[KLO],mute[KLO],mute[KLO],mute[KLN],mute[KLO],mute[KLO],mute[KLO],mute[KLO],mute[KLN],mute[KLO],mute[KLO],mute[KLO],mute[JN],mute[KO],mute[KLO],mute[KLO],mute[KLO],mute[KO],mute[KO],mute[KO],mute[K],mute[KO],mute[KO],mute[KO],mute[KO],mute[K],mute[KO],mute[KO],mute[KO],mute[KO],mute[K],mute[KO],mute[KO],mute[KO],mute[KO],mute[LM],mute[LM],mute[LM],mute[LM],mute[LM],mute[LM],mute[LM],mute[K],mute[KO],mute[KO],mute[KO],mute[LM],mute[LM],mute[LM],mute[LMN],mute[KLO],mute[KLN],mute[KLO],mute[KLO],mute[KLO],mute[KLO],mute[KLN],mute[KLO],mute[KLO],mute[KLO],mute[KLN],mute[KLN],mute[KLNO],mute[KLNO],mute[KLMO],mute[JO],mute[HMNO],mute[HHKLMO],mute[JKLMNO],mute[KMOP],mute[IKM],mute[JKLMNO],mute[KMO],mute[IKM],mute[JKLMNO],mute[KMO],mute[IKM],mute[JKLMNO],mute[KMO],mute[IKM],mute[KMO],mute[KMO],mute[KMO],mute[KMO],mute[KMO],mute[KMO],mute[KMO],mute[KMO],mute[KMO],mute[KMO],mute[KMO],mute[KMO],mute[KMO],mute[KMO],mute[KMO],mute[KMO],mute[KMO],mute[KMO],mute[KMO],mute[KMO],mute[KMO],mute[KMO],mute[KMO],mute[KMO],mute[KMO],mute[KMO],mute[KMO],mute[KMO],mute[JLN],mute[JLN],mute[JKLMNO],mute[KMO],mute[IKM],mute[JKLMNO],mute[KMO],mute[IKM],mute[JKLMNO],mute[KMO],mute[IKM],mute[JKLMNO],mute[KMO],mute[IKM],mute[IKM],mute[JLN],mute[KMO],mute[KMO],mute[KMO],mute[KMO],mute[KMO],mute[KMO],mute[KMO],mute[KMO],mute[KMO],mute[KMO],mute[JLN],mute[JLN],mute[IKM];","(#a.#A-1)[KLO],(d1.d)[KLO],(f1.f)[KL],(#a1.#a)[KL],(d2.d1)[KL],(f2.f1)[KL],(#a2.#a1)[KL],(a2.a1)[KL],(g2.g1)[KL],(f2.f1)[KL],(#d2.#d1)[KL],(d2.d1)[KL],(c2.c1)[KL],(#a1.#a)[KL],(f1.#a1.d2.f.#a.d1)[HKM],(a1.c2.c1.a)[IJLNO],(f.d.#A-1.#A-2)[JKNO],(f.d.#A-1.#A-2)[IL],(f.d.#A-1.#A-2)[KL],(f.d.#A-1.#A-2)[JK],(#f.#d.#A-1.#D-1)[ILM],(#f.#d.#A-1.#D-1)[KLO],(f.d.#A-2.#A-1)[JKNO],(a.#f.c.#D-1)[HKMNO],(#a.g.#c.E-1)[IJLNO],a2[KLN],#a2[KLO],(d3.F-1)[KL],(#a2.#A-1)[KL],(f2.d)[KL],(d2.f)[KL],(#a1.#a)[KL],(f1.d1)[KL],(d1.f1)[KL],#a[KL],f[KL],#d1[KL],(c1.F-1)[KL],a[KL],(#a.#A-1)[KLO],d1[KL],(f.F-1)[KLO],#a[KLO],(d.D-1)[KLNO],f[KLMO],(#A-1.#A-2)[HILN],(d2.d1)[KLM],(#c2.#c1)[KLN],(d2.d1)[KL],(#c2.g)[KL],(d2.b)[KL],(g2.g)[KL],(e2.c1)[KL],(g2.g)[KL],(d2.b)[KL],(g2.g)[KL],(c2.a)[KL],(c3.g)[KL],(a2.c1)[KL],(#f2.g)[KL],(g2.b)[KL],(d2.g)[KL],(b2.g1)[KL],(g2.d1)[KL],(d2.b)[KL],(g2.d1)[KL],(b1.g)[KL],(c2.a)[KL],(e2.c1)[KL],(d2.b)[KL],(c2.a)[KL],(b1.g)[KL],(d2.b.d)[KL],(#c2.#a)[KL],(d2.b)[KL],(b1.g)[KL],(a1.#f)[KL],(b1.g)[KL],(c2.a)[KL],(#c2.#a)[KL],(e2.b)[MN],d2[KN],(#c2.#a)[KL],(d2.b)[KL],(g2.g)[KL],(e2.c1)[KL],(g2.g)[KL],(d2.b)[KL],(g2.g)[KL],(c2.a)[KL],(c3.g)[KL],(a2.c1.#d1)[KL],(#f2.g)[KL],(g2.b.d1)[KL],(d2.g)[KL],(d3.b1)[KL],(b2.g1)[KL],(g2.d1)[KL],(b2.g1)[KL],(d2.b)[KL],(g2.d1)[KL],(b1.g)[KL],(d2.b)[KL],(#f1.d)[KL],(c2.a)[KL],(d1.G-1)[KLO],(b1.g)[KLO],(d1.b.G-1)[KLNO],(g1.g)[KLNO],G-1[JKMN],(d1.b)[KL],(g1.g)[KL],(e1.c1)[KL],(g1.g)[KL],(e.c)[KL],G-1[KL],(e2.c2)[KL],(g2.g1)[KL],(c1.e1)[KL],g[KL],(d2.b1)[KL],(g2.g1.g.b)[KL],(c2.d2)[KL],(#f2.#f1.c1.a)[KL],(d2.b1)[KL],(g2.g1.b.d1)[KL],(#c2.a1)[KL],(e2.e1.#c1.a.g)[KL],(#f2.d2)[KL],(a2.a1.d1.a.#f)[KL],(#g2.e2)[KL],(d3.d2.b.B-1)[KL],(#f2.a2)[KL],(d3.d2.a.A-1)[KL],(a2.g2)[KL],(#c3.e2.A-1.A-2)[KL],(a2.#f2.d.D-1)[KL],(d3.d2)[KL],(#f2.d2.a1.#f1)[KL],(a2.a)[KL],(e2.#c2.e1.g1)[KL],(b2.a)[KL],(e2.#c2.g1.e1)[KL],(a2.a)[KL],(#f2.d2.d1.#f1)[KL],(a2.a)[KL],(a1.#f1.a.#f)[KL],(d2.A-1)[KL],(#a1.e1.g.e)[KL],(d2.A-1)[KL],(a1.e1.g.e)[KL],(#c2.A-1)[KL],(a1.#f1.#f.d)[KL],(d2.D-1)[KL],(#f1.d1)[KL],(d2.d1)[KL],(g1.e1)[KL],(d2.c1)[KLO],(a1.#f1)[KLO],(d2.a)[KLN],(e2.g1.d1)[MN],d2[KNO],(#c2.g)[KL],(d2.g1.b)[KL],(g2.g)[KL],(e2.g1.c1)[KL],(g2.g)[KL],(d2.g1.b)[KL],(g2.g)[KL],(c2.a)[KL],(c3.g)[KL],(a2.c1.#d1)[KL],(#f2.g)[KL],(g2.b.d1)[KL],(d2.g)[KL],(b2.g1)[KL],(g2.d1)[KL],(d2.b)[KL],(g2.d1)[KL],(b1.g)[KL],(c2.a)[KL],(e2.c1)[KL],(d2.b)[KL],(c2.a)[KL],(b1.g)[KL],(d2.b.d)[KL],(#c2.#a)[KL],(d2.b)[KL],(b1.g)[KL],(a1.#f)[KL],(b1.g)[KL],(c2.a)[KL],(#c2.#a)[KL],(e2.b)[MN],d2[KN],(#c2.#a)[KL],(d2.g1.b.d1)[KL],(g2.g)[KL],(e2.g1.c1.e1)[KL],(g2.g)[KL],(d2.g1.b.d1)[KL],(g2.g)[KL],(c2.a.c1.g1)[KL],(#d3.g)[KL],(c3.a1)[KL],(a2.#f1)[KL],(b2.g1)[KL],(g2.d1)[KL],(d3.b1)[KL],(b2.g1)[KL],(g2.d1)[KL],(b2.g1)[KL],(d2.b)[KL],(g2.d1)[KL],(b1.g)[KL],(d2.b)[KL],(#f1.d)[KL],(c2.a)[KL],(d1.G-1)[KL],(b1.g)[KLO],(d1.b.G-1)[KLO],(g1.g)[KLO],G-1[JKMN],(d1.b)[KLO],(g1.g)[KLO],(e1.c1)[KL],(g1.g)[KL],(e.c)[KL],G-1[KL],(e2.c2)[KL],(g2.g1)[KL],(c1.e1)[KL],g[KL],(d2.b1)[KL],(g2.g1.g.b)[KL],(c2.d2)[KL],(#f2.#f1.c1.a)[KL],(d2.b1)[KL],(g2.g1.b.d1)[KL],(#c2.a1)[KL],(e2.e1.#c1.a.g)[KL],(#f2.d2)[KL],(a2.a1.d1.a.#f)[KL],(#g2.e2)[KL],(d3.d2.b.B-1)[KL],(#f2.a2)[KLN],(d3.d2.a.A-1)[KLO],(a2.g2)[KLNO],(#c3.e2.A-1.A-2)[KLM],(a2.#f2.d.D-1)[KLN],(d3.d2)[KL],(#f2.d2.a1.#f1)[KL],(a2.a)[KL],(e2.#c2.e1.g1)[KL],(b2.a)[KL],(e2.#c2.g1.e1)[KL],(a2.a)[KL],(#f2.d2.d1.#f1)[KL],(a2.a)[KL],(a1.#f1.a.#f)[KL],(d2.A-1)[KL],(#a1.e1.g.e)[KL],(d2.A-1)[KL],(a1.e1.g.e)[KL],(#c2.A-1)[KL],(a1.#f1.#f.d)[KL],(d2.D-1)[KL],(#f1.d1)[KL],(d2.d1)[KL],(g1.e1)[KLO],(d2.c1)[KLO],(a1.#f1)[KLO],(d2.a)[KLNO],(e2.g1.d1)[MN],d2[KMO],(#c2.g)[KL],(d2.g1.b)[KL],(g2.g)[KL],(e2.g1.c1)[KL],(g2.g)[KL],(d2.g1.b)[KL],(g2.g)[KL],(c2.a)[KL],(c3.g)[KL],(a2.c1.#d1)[KL],(#f2.g)[KL],(g2.b.d1)[KL],(d2.g)[KL],(b2.g1)[KL],(g2.d1)[KL],(d2.b)[KL],(g2.d1)[KL],(b1.g)[KL],(c2.a)[KL],(e2.c1)[KL],(d2.b)[KL],(c2.a)[KL],(b1.g)[KL],(d2.b.d)[KL],(#c2.#a)[KL],(d2.b)[KL],(b1.g)[KL],(a1.#f)[KL],(b1.g)[KLO],(c2.a)[KLO],(#c2.#a)[KLNO],(e2.b)[MN],d2[KNO],(#c2.#a)[KL],(d2.g1.b.d1)[KL],(g2.g)[KL],(e2.g1.c1.e1)[KL],(g2.g)[KL],(d2.g1.b.d1)[KL],(g2.g)[KL],(c2.a.c1.g1)[KL],(#d3.g)[KL],(c3.a1)[KL],(a2.#f1)[KL],(b2.g1)[KL],(g2.d1)[KL],(d3.b1)[KL],(b2.g1)[KL],(g2.d1)[KL],(b2.g1)[KL],(d2.b)[KL],(g2.d1)[KL],(b1.g)[KL],(d2.b)[KL],(#f1.d)[KL],(c2.a)[KL],(d1.G-1)[KLO],(b1.g)[KLO],(d1.b.G-1)[KLNO],(g1.g)[KLM],G-1[HILN],(b.B-1)[ILM],(g.G-1)[KLO],(#d.#D-1)[JKN],(#d1.#a1.g.#d)[JKNO],(#d1.#a1.#d.g)[JKN],(#d1.#a1.g.#d)[JKNO],(#d1.c2.#d.#g)[JKN],(#d1.#a1.g.#d)[JKN],(d2.f1.#g.#a.#d)[IJMO],(g1.#d2.g)[HKMNO],g2[KLN],f2[KLO],f2[KLO],#d2[KLO],d2[KLO],#d2[KLN],f2[KLO],#d2[KLO],(d2.#a1.#D-1)[KLO],(c2.#g1.E-1)[KLO],(c2.#g1.F-1)[KLN],(#a1.g1.G-1)[KLO],(#g1.f1.#G-1)[KLO],(g1.#d1.A-1)[KLO],(#a1.g1.#A-1)[KLO],#d[KLN],g[KLO],(g1.#d1.#a)[KLO],(f1.d1.#A-1)[KLO],(g.G-1)[KLO],(#g.#G-1)[KLN],(a.A-1)[KLO],(c1.c)[L],(#a.#A-1)[KO],(a.A-1)[KLO],(#a.#A-1)[KLO],(g.G-1)[KLN],(#d.#D-1)[JKN],(#a1.#d1.#d.g.#a)[JKN],(#a1.#d1.#d.#a.g)[JKNO],(#a1.#d1.#d.#a.g)[JKN],(c2.#d1.#d.c1.#g)[JKNO],(#a1.#d1.#d.#a.g)[JKN],(d2.#a1.#g1.f1.d1.#g.#a.#d.f)[IJMO],(#d2.#d1.#a.g.#d)[LM],f2[LMO],#d2[LM],f2[LMO],f2[KLO],g2[KLN],#g2[KLO],#a2[KLO],c3[KLO],d3[KLO],#d3[KLN],d3[KLO],c3[KLO],#a2[KLO],(a2.#a.#d1.g1)[KLO],#a2[KLN],c3[KLO],#a2[KLO],(#a2.#a.d1.#g1)[KLN],#g2[KLN],g2[KLNO],f2[KLMO],(f2.d2.#g1.#a1.#d1)[IJKNO],(#d2.g1)[HMNO],#d1[ILNO],c2[KLO],(c2.c1.#D-1.#G-2)[JKNO],#D-1[JKN],#D-1[JKNO],(d2.d1.#D-1.#A-2)[JKN],(#d2.#d1.#D-1.C-1)[JKN],(c2.c1.#D-1.#G-2)[JKNO],(#a1.#a.#D-1.G-2)[JKN],(d2.d1.#D-1)[JKNO],(#d2.#d1.#D-1)[JKN],(#D-1.#F-2)[JKN],(#D-1.G-2)[JKNO],(g2.g1.#D-1.A-2)[JKN],(D-1.#A-2)[JKNO],(f2.f1.#D-1.C-1)[JKN],(F-1.D-1)[JKN],(#a1.#a.E-1.#c)[JKNO],(F-1.d)[JKN],(a1.a.F-1.#d)[JKNO],(#a1.#a.d.#A-1)[JKN],f[JKN],(f.e)[JKNO],(f2.f3.f.#d)[JKN],(f.c)[JKNO],(f2.f3.f.A-1)[JKN],(d2.d3.f.#A-1)[JKN],F-1[JKNO],(F-1.E-1)[JKN],(f1.f.F-1.#D-1)[JKNO],(F-1.C-1)[JKN],(f1.f.F-1.A-2)[JKN],(d1.d.F-1.#A-2)[KLN],(a.A-1)[KLO],(#a.#A-1)[KLO],(a.A-1)[KLO],(#a.#A-1)[KLO],(a.A-1)[KLN],(#a.#A-1)[KLO],(a.A-1)[KLO],(c1.c)[L],(#a.#A-1)[KO],(a.A-1)[KLO],(#a.#A-1)[KLNO],(g.G-1)[KLMO],(#d.#D-1)[JKMN],(#d1.#a1.g.#d)[JKN],(#d1.#a1.g.#d)[JKNO],(#d1.#a1.g.#d)[JKN],(#d1.c2.#g.#d)[JKNO],(#d1.#a1.g.#d)[JKN],(d2.#g1.#d.b)[ILM],(f1.#g)[KLO],(#d2.g1.#a.#d)[HKMNO],g2[KLO],f2[KLO],f2[KLN],#d2[KLO],d2[KLO],#d2[KLO],f2[KLO],#d2[KLN],(d2.#a1.#D-1)[KLO],(c2.#g1.E-1)[KLO],(c2.#g1.F-1)[KLO],(#a1.g1.G-1)[KLO],(#g1.f1.#G-1)[KLN],(g1.#d1.A-1)[KLO],(#a1.g1.#A-1)[KLO],#d[KLO],g[KLO],(g1.#d1.#a)[KLN],(f1.d1.#A-1)[KLO],(g.G-1)[KLO],(#g.#G-1)[KLO],(a.A-1)[KLO],(c1.c)[LO],(#a.#A-1)[KO],(a.A-1)[KLO],(#a.#A-1)[KLO],(g.G-1)[KLO],(#d.#D-1)[KO],#a1[KO],#a2[KO],(#d1.g1)[K],#a1[KO],#a2[KO],(#d1.g1)[KO],#a1[KO],#a2[K],(#d1.g1)[KO],#a1[KO],#a2[KO],(#d1.#g1)[KO],c2[K],c3[KO],(#d1.g1)[KO],#a1[KO],#a2[KO],#d1[LM],f1[LMO],#g1[LM],b1[LMO],d2[LO],f2[LN],#g2[LO],b2[LN],d3[LM],#d1[KO],g1[KO],#a1[KO],#d2[LM],g2[LMO],#a2[LM],#d3[LMO],#d3[KLO],d3[KLN],d3[KLO],c3[KLO],c3[KLO],b2[KLO],b2[KLN],#a2[KLO],#a2[KLN],a2[KLN],(a2.#a.d1)[KLN],#g2[KLNO],(#g2.#a.f1)[KLN],g2[KLNO],(g2.#a.#g1)[KLM],f2[KLMO],(f2.d2.#g1.#d1)[IJKNO],(#d2.g1)[IJKNO],#d1[ILM],c2[KLO],(c2.c1.#D-1.#G-2)[JKN],#D-1[JKNO],#D-1[JKN],(d2.d1.#D-1.#A-2)[JKN],(#d2.#d1.#D-1.C-1)[JKNO],(c2.c1.#D-1.#G-2)[JKN],(#a1.#a.#D-1.G-2)[JKNO],(d2.d1.#D-1)[JKN],(#d2.#d1.#D-1)[JKN],(#D-1.#F-2)[JKNO],(#D-1.G-2)[JKN],(g2.g1.#D-1.A-2)[JKNO],(D-1.#A-2)[JKN],(f2.f1.#D-1.C-1)[JKN],(F-1.D-1)[JKNO],(#a1.#a.E-1.#c)[JKN],(F-1.d)[JKNO],(a1.a.F-1.#d)[JKN],(#a1.#a.d.#A-1)[JKN],f[JKNO],(f.e)[JKN],(f2.f3.f.#d)[JKNO],(f.c)[JKN],(f2.f3.f.A-1)[JKN],(d2.d3.f.#A-1)[JKNO],F-1[JKN],(F-1.E-1)[JKNO],(f1.f.F-1.#D-1)[JKN],(F-1.C-1)[JKN],(f1.f.F-1.A-2)[JKNO],(d1.d.F-1.#A-2)[KLO],(a.A-1)[KLO],(#a.#A-1)[KLO],(a.A-1)[KLN],(#a.#A-1)[KLO],(a.A-1)[KLO],(#a.#A-1)[KLO],(a.A-1)[KLO],(c1.c)[LO],(#a.#A-1)[KO],(a.A-1)[KLNO],(#a.#A-1)[KLNO],(g.G-1)[KLM],(#d.#D-1)[JKMN],(#d1.#a1.g.#d)[JKN],(#d1.#a1.g.#d)[JKNO],(#d1.#a1.g.#d)[JKN],(#d1.c2.#g.#d)[JKNO],(#d1.#a1.g.#d)[JKN],(d2.#g1.#d.b)[ILM],(f1.#g)[KLO],(#d2.g1.#a.#d)[HKMNO],g2[KLO],f2[KLO],f2[KLN],#d2[KLO],d2[KLO],#d2[KLO],f2[KLO],#d2[KLN],(d2.#a1.#D-1)[KLO],(c2.#g1.E-1)[KLO],(c2.#g1.F-1)[KLO],(#a1.g1.G-1)[KLO],(#g1.f1.#G-1)[KLN],(g1.#d1.A-1)[KLO],(#a1.g1.#A-1)[KLO],#d[KLO],g[KLO],(g1.#d1.#a)[KLN],(f1.d1.#A-1)[KLO],(g.G-1)[KLO],(#g.#G-1)[KLO],(a.A-1)[KLO],(c1.c)[LO],(#a.#A-1)[KO],(a.A-1)[KLO],(#a.#A-1)[KLO],(g.G-1)[KLO],(#d.#D-1)[KO],#a1[KO],#a2[KO],(#d1.g1)[K],#a1[KO],#a2[KO],(#d1.g1)[KO],#a1[KO],#a2[K],(#d1.g1)[KO],#a1[KO],#a2[KO],(#d1.#g1)[KO],c2[K],c3[KO],(#d1.g1)[KO],#a1[KO],#a2[KO],#d1[LM],f1[LMO],#g1[LMO],b1[LM],d2[LN],f2[LO],#g2[LO],b2[LN],d3[LM],#d1[KO],g1[KO],#a1[KO],#d2[LMO],g2[LM],#a2[LMO],#d3[LM],#d3[KLO],d3[KLN],d3[KLO],c3[KLO],c3[KLO],b2[KLO],b2[KLN],#a2[KLO],#a2[KLO],a2[KLO],(a2.#a.d1)[KLN],#g2[KLN],(#g2.#a.f1)[KLNO],g2[KLNO],(g2.#a.#g1)[KLMO],f2[JO],(f2.d2.#g1.#d1)[HMNO],(#d2.g1)[HHKLMO],(#d.c.g)[JKLMNO],(g.#d.c)[KMOP],(g.#d.c)[IKM],C-1[JKLMNO],C-1[KMO],C-1[IKM],(#g.f.d.B-1)[JKLMNO],(g.#d.c)[KMO],(b.#g.f.d)[IKM],C-1[JKLMNO],C-1[KMO],(c1.g.#d.C-1)[IKM],(c1.c)[KMO],(#d1.#d)[KMO],(g1.g)[KMO],(c2.c1)[KMO],(#d2.#d1)[KMO],(c2.c1)[KMO],(g2.g1)[KMO],(#d2.#d1)[KMO],(c2.c1)[KMO],(#d2.#d1)[KMO],(g1.g)[KMO],(c2.c1)[KMO],(#g1.f)[KMO],(f1.#g)[KMO],(g1.#d)[KMO],(#d1.g)[KMO],(f1.d)[KMO],(d1.f)[KMO],(#d1.c)[KMO],(c1.#d)[KMO],(#d1.c1.#g.G-1)[KMO],#f[KMO],g[KMO],#f[KMO],g[KMO],#f[KMO],g[KMO],#f[KMO],(d1.b.g.G-1)[JLN],(g2.g1.G-1.G-2)[JLN],(#d.c.g)[JKLMNO],(g.#d.c)[KMO],(g.#d.c)[IKM],C-1[JKLMNO],C-1[KMO],C-1[IKM],(#g.f.d.B-1)[JKLMNO],(g.#d.c)[KMO],(b.#g.f.d)[IKM],C-1[JKLMNO],C-1[KMO],(c1.g.#d.C-1)[IKM],(c1.a.#d.#F-1.#F-2)[IKM],(c1.g.#d.G-1.G-2)[JLN],(g2.g1)[KMO],(#d2.#d1)[KMO],(c2.c1)[KMO],(#d2.#d1)[KMO],(g1.g)[KMO],(c2.c1)[KMO],(#d1.#d)[KMO],(g1.g)[KMO],(c1.c)[KMO],(#d1.#d)[KMO],(g.G-1)[JLN],(b2.g2.f2.d2.b1.G-1.B-1.d.g)[JLN],(c3.g2.#d2.c2.c1.g.#d.c)[IKM];"],"id":2,"instruments":["piano","piano"],"alternatives":["",""]},{"bpm":504,"baseBeats":0.75,"scores":["mute[IKM],mute[IKM],mute[JKLMNO],mute[KMO],mute[IKM],mute[JKLMNO],mute[KMO],mute[IKM],mute[JKLMNO],mute[KMO],mute[IKM],mute[JKLMNO],mute[KMO],mute[IKM],mute[KMO],mute[KMO],mute[KMO],mute[KMO],mute[KMO],mute[KMO],mute[KMO],mute[KMO],mute[KMO],mute[KMO],mute[KMO],mute[KMO],mute[KMO],mute[KMO],mute[KMO],mute[KMO],mute[KMO],mute[KMO],mute[KMO],mute[KMO],mute[KMO],mute[KMO],mute[KMO],mute[KMO],mute[KMO],mute[KMO],mute[KMO],mute[KMO],mute[JLN],mute[JLN],mute[JKLMNO],mute[KMO],mute[IKM],mute[JKLMNO],mute[KMO],mute[IKM],mute[JKLMNO],mute[KMO],mute[IKM],mute[JKLMNO],mute[KMO],mute[IKM],mute[IKM],mute[JLN],mute[KMO],mute[KMO],mute[KMO],mute[KMO],mute[KMO],mute[KMO],mute[KMO],mute[KMO],mute[KMO],mute[KMO],mute[JLN],mute[JLN],mute[IKM],mute[IKM],mute[IKM],mute[JKLMNO],mute[KMO],mute[KMO],mute[KMO],mute[KMO],mute[KMO],mute[KMO],mute[KMO],mute[KMO],mute[KMO],mute[KMO],mute[KMO],mute[KMO],mute[KMO],mute[KMO],mute[KMO],mute[KMO],mute[KMO],mute[KMO],mute[KMO],mute[KMO],mute[KMO],mute[KMO],mute[KMO],mute[KMO],mute[KMO],mute[KMO],mute[KMO],mute[KMO],mute[KMO],mute[KMO],mute[KMO],mute[KMO],mute[KMO],mute[KMO],mute[KMO],mute[KMO],mute[KMO],mute[KMO],mute[KMO],mute[KMO],mute[KMO],mute[KMNO],mute[KMNO],mute[KMNO],mute[KMNO],mute[KLO],mute[KLO],mute[KLMO],mute[KLMO],mute[KLM],mute[KMN],mute[KM],mute[KMN],mute[KM],mute[KMN],mute[KM],mute[KMN],mute[KM],mute[KMN],mute[KM],mute[KMN],mute[KM],mute[KMN],mute[KM],mute[KMN],mute[KM],mute[KMN],mute[KM],mute[KMN],mute[KM],mute[KMN],mute[KM],mute[KMN],mute[KM],mute[KMN],mute[KM],mute[KMN],mute[KM],mute[KMN],mute[KM],mute[KMN],mute[KM],mute[KMN],mute[KM],mute[KMN],mute[KM],mute[KMN],mute[KM],mute[KMN],mute[KM],mute[KMN],mute[KM],mute[KMN],mute[KM],mute[KMN],mute[KM],mute[KMN],mute[IKM],mute[JKLMN],mute[KMN],mute[IKM],mute[JKLMN],mute[KMN],mute[IKM],mute[JKLMN],mute[KMN],mute[IKM],mute[KM],mute[KMN],mute[KM],mute[KMN],mute[KM],mute[KMN],mute[KM],mute[KMN],mute[KM],mute[KMN],mute[KM],mute[KMN],mute[KM],mute[KMN],mute[KM],mute[KMN],mute[KM],mute[KMN],mute[KM],mute[KMN],mute[KM],mute[KMN],mute[KM],mute[KMN],mute[KM],mute[KMN],mute[KM],mute[KMN],mute[JLN],mute[JLN],mute[JKLMN],mute[KMN],mute[IKM],mute[JKLMN],mute[KMN],mute[IKM],mute[JKLMN],mute[KMN],mute[IKM],mute[JKLMN],mute[KMN],mute[IKM],mute[IKM],mute[JLN],mute[KM],mute[KMN],mute[KM],mute[KMN],mute[KM],mute[KMN],mute[KM],mute[KMN],mute[KM],mute[KMN],mute[JLN],mute[JLN],mute[IKLNO],mute[IKLM],mute[IKLNO],mute[IMO],mute[KMNO],mute[KMO],mute[KMO],mute[KMO],mute[KMO],mute[KMO],mute[KMO],mute[KMO],mute[KMO],mute[KMO],mute[KMO],mute[KMO],mute[KMO],mute[KMO],mute[KMO],mute[KMO],mute[KMO],mute[KMO],mute[KMO],mute[KMO],mute[KMO],mute[KMO],mute[KMO],mute[KMO],mute[KMO],mute[KMO],mute[KMO],mute[KMO],mute[KMO],mute[KMO],mute[KMO],mute[KMO],mute[KMO],mute[KMO],mute[KMO],mute[KMO],mute[KMO],mute[KMO],mute[KMO],mute[KMO],mute[KMO],mute[KMO],mute[KMO],mute[KMO],mute[KMO],mute[KMNO],mute[KMNO],mute[KLM],mute[KLMN],mute[KLM],mute[KMO],mute[KMO],mute[KMO],mute[KMO],mute[KMO],mute[KMO],mute[KMO],mute[KMO],mute[KMO],mute[KMO],mute[KMO],mute[KMO],mute[KMO],mute[KMO],mute[KMO],mute[KMO],mute[KMO],mute[KMO],mute[KMO],mute[KMO],mute[KMO],mute[KMO],mute[KMO],mute[KMO],mute[KMO],mute[KMO],mute[KMO],mute[KMO],mute[KMO],mute[KMO],mute[KMO],mute[KMO],mute[KMO],mute[KMO],mute[KMO],mute[KMO],mute[KMO],mute[KMO],mute[KMO],mute[KMO],mute[KMO],mute[KMO],mute[KMO],mute[KMO],mute[KMO],mute[KMO],mute[KMO],mute[IKM],mute[JKLMNO],mute[KMO],mute[IKM],mute[JKLMNO],mute[KMO],mute[IKM],mute[JKLMNO],mute[KMO],mute[IKM],mute[KMO],mute[KMO],mute[KMO],mute[KMO],mute[KMO],mute[KMO],mute[KMO],mute[KMO],mute[KMO],mute[KMO],mute[KMO],mute[KMO],mute[KMO],mute[KMO],mute[KMO],mute[KMO],mute[KMO],mute[KMO],mute[KMO],mute[KMO],mute[KMO],mute[KMO],mute[KMO],mute[KMO],mute[KMO],mute[KMO],mute[KMO],mute[KMO],mute[JLN],mute[JLN],mute[JKLMNO],mute[KMO],mute[IKM],mute[JKLMNO],mute[KMO],mute[IKM],mute[JKLMNO],mute[KMO],mute[IKM],mute[JKLMNO],mute[KMO],mute[IKM],mute[IKM],mute[JLN],mute[KMO],mute[KMO],mute[KMO],mute[KMO],mute[KMO],mute[KMO],mute[KMO],mute[KMO],mute[KMO],mute[KMO],mute[JLN],mute[JLMN],mute[IKLM],mute[IJMO],mute[IJM],mute[IMO],mute[KMNO],mute[IKLM],mute[IM],mute[KMNO],mute[IKLM],mute[IMO],mute[KMN],mute[IKLM],mute[IMO],mute[KMNO],mute[IKLNO],mute[IMO],mute[KMNO],mute[IKLM],mute[IM],mute[KMNO],mute[IKLM],mute[IMO],mute[KMNO],mute[IJ],mute[IL],mute[KL],mute[IJM],mute[ILMNO],mute[KLM],mute[LM],mute[LM],mute[LM],mute[LM],mute[LM],mute[LM],mute[LM],mute[LM],mute[LM],mute[LM],mute[LM],mute[LM],mute[LM],mute[LM],mute[LM],mute[LM],mute[LM],mute[LM],mute[LM],mute[LM],mute[LM],mute[LM],mute[LM],mute[LM],mute[LM],mute[LM],mute[LM],mute[LM],mute[LM],mute[LM],mute[LM],mute[LM],mute[LM],mute[LM],mute[LM],mute[LM],mute[LM],mute[LM],mute[LM],mute[LM],mute[LM],mute[LM],mute[LM],mute[LM],mute[LM],mute[LM],mute[LM],mute[LM],mute[LM],mute[LM],mute[LM],mute[LM],mute[KM],mute[JKLNO],mute[HM],mute[JMN],mute[KNO],mute[KNO],mute[KN],mute[KNO],mute[KNO],mute[KN],mute[KNO],mute[KNO],mute[KN],mute[KNO],mute[KNO],mute[KN],mute[KNO],mute[KNO],mute[KN],mute[KNO],mute[KNO],mute[KN],mute[KNO],mute[KNO],mute[KN],mute[KNO],mute[KNO],mute[KN],mute[KNO],mute[KNO],mute[KN],mute[KNO],mute[KNO],mute[KN],mute[KNO],mute[KNO],mute[KN],mute[KNO],mute[KNO],mute[KN],mute[KNO],mute[KNO],mute[KN],mute[KNO],mute[KNO],mute[KN],mute[KNO],mute[KNO],mute[KN],mute[KNO],mute[KNO],mute[KN],mute[KNO],mute[KNO],mute[KN],mute[KNO],mute[KNO],mute[KN],mute[KNO],mute[KNO],mute[KN],mute[KNO],mute[KNO],mute[KN],mute[KNO],mute[KNO],mute[KN],mute[KNO],mute[KNO],mute[KN],mute[KNO],mute[KNO],mute[KN],mute[KNO],mute[KNO],mute[KN],mute[KNO],mute[KNO],mute[KN],mute[KNO],mute[KNO],mute[KN],mute[KNO],mute[KNO],mute[KN],mute[KNO],mute[KNO],mute[KN],mute[KNO],mute[KNO],mute[KN],mute[KNO],mute[KNO],mute[KN],mute[KNO],mute[KNO],mute[KN],mute[KNO],mute[KNO],mute[KN],mute[KNO],mute[KNO],mute[KN],mute[KNO],mute[KNO],mute[KN],mute[KNO],mute[KNO],mute[KN],mute[KNO],mute[KNO],mute[KN],mute[KNO],mute[KNO],mute[KN],mute[KNO],mute[KNO],mute[KN],mute[KNO],mute[KNO],mute[KN],mute[KNO],mute[KNO],mute[KN],mute[KNO],mute[KNO],mute[KN],mute[KNO],mute[KNO],mute[KN],mute[KNO],mute[KNO],mute[KN],mute[KNO],mute[KNO],mute[KN],mute[KNO],mute[KNO],mute[KN],mute[KNO],mute[KNO],mute[KN],mute[KNO],mute[KNO],mute[KN],mute[KNO],5<UV>,5<UV>,mute[LMO],mute[KNO],mute[KNO],mute[KN],mute[KNO],mute[KNO],mute[KN],mute[KNO],mute[KNO],mute[KN],mute[KNO],5<UV>,5<UV>,mute[LMO],mute[KNO],mute[KNO],mute[KN],mute[KNO],mute[KNO],mute[KM],mute[KNO],mute[KNO],mute[KM],mute[KMO],mute[KMO],mute[KMO],mute[KMO],mute[KNO],mute[KNO],mute[KN],mute[KNO],mute[KNO],mute[KN],mute[KNO],mute[KNO],mute[KN],mute[KNO],mute[KNO],mute[KN],mute[KNO],mute[KNO],mute[KN],mute[KNO],mute[KNO],mute[KN],mute[KNO],mute[KNO],mute[KN],mute[KNO],mute[KNO],mute[KN],mute[KNO],mute[KNO],mute[KN],mute[KNO],mute[KNO],mute[KN],mute[KNO],mute[KNO],mute[KN],mute[KNO],mute[KNO],mute[KN],mute[KNO],mute[KNO],mute[KN],mute[KNO],mute[KNO],mute[KN],mute[KNO],mute[KNO],mute[KN],mute[KNO],mute[KNO],mute[KN],mute[KNO],mute[KNO],mute[KN],mute[KNO],mute[KNO],mute[KN],mute[KNO],mute[KNO],mute[KN],mute[KNO],mute[KNO],mute[KN],mute[KNO],mute[KNO],mute[KN],mute[KNO],mute[KNO],mute[KN],mute[KNO],mute[KNO],mute[KN],mute[KNO],mute[KNO],mute[KN],mute[KNO],mute[KNO],mute[KN],mute[KNO],mute[KNO],mute[KN],mute[KNO],mute[KNO],mute[KN],mute[KNO],mute[KNO],mute[KN],mute[KNO],mute[KNO],mute[KN],mute[KNO],mute[KNO],mute[KN],mute[KNO],mute[KNO],mute[KN],mute[KNO],mute[KNO],mute[KN],mute[KNO],mute[KNO],mute[KN],mute[KNO],mute[KNO],mute[KN],mute[KNO],mute[KNO],mute[KN],mute[KNO],mute[KNO],mute[KN],mute[KNO],mute[KNO],mute[KN],mute[KNO],mute[KNO],mute[KN],mute[KNO],mute[KNO],mute[KN],mute[KNO],mute[KNO],mute[KN],mute[KNO],mute[KNO],mute[KN],mute[KNO],mute[KNO],mute[KN],mute[KNO],mute[KNO],mute[KN],mute[KNO],mute[KNO],mute[KN],mute[KNO],mute[KNO],mute[KN],mute[KNO],mute[KNO],mute[KN],mute[KNO],mute[KNO],mute[KN],5<UV>,5<UV>,mute[LMN],mute[KN],mute[KNO],mute[KNO],mute[KN],mute[KNO],mute[KNO],mute[KN],mute[KNO],mute[KNO],mute[KN],5<UV>,5<UV>,mute[LMN],mute[KN],mute[KNO],mute[KNO],mute[KN],mute[KM],mute[KNO],mute[KNO],mute[KM],mute[KM],mute[KM],mute[KMN],mute[KLMN],mute[K],mute[KMN],mute[KN],mute[KNO],mute[KNO],mute[KN],mute[KNO],mute[KNO],mute[KN],mute[KNO],mute[KNO],mute[KN],mute[KNO],mute[KNO],mute[KN],mute[KNO],mute[KNO],mute[KN],mute[KNO],mute[KNO],mute[KN],mute[KNO],mute[KNO],mute[KN],mute[KNO],mute[KNO],mute[KN],mute[KNO],mute[KNO],mute[KN],mute[KNO],mute[KNO],mute[KN],mute[KNO],mute[KNO],mute[KN],mute[KNO],mute[KNO],mute[KN],mute[KNO],mute[KNO],mute[KN],mute[KNO],mute[KNO],mute[KN],mute[KNO],mute[KNO],mute[KN],mute[KNO],mute[KNO],mute[KN],mute[KNO],mute[KNO],mute[KN],mute[KNO],mute[KNO],mute[KN],mute[KNO],mute[KNO],mute[KN],mute[KNO],mute[KNO],mute[KN],mute[KNO],mute[KNO],mute[KN],mute[KNO],mute[KNO],mute[KN],mute[KNO],mute[KNO],mute[KN],mute[KNO],mute[KNO],mute[KN],mute[KNO],mute[KNO],mute[KN],mute[KNO],mute[KNO],mute[KN],mute[KNO],mute[KNO],mute[KN],mute[KNO],mute[KNO],mute[KN],mute[KNO],mute[KNO],mute[KN],mute[KNO],mute[KNO],mute[KN],mute[KNO],mute[KNO],mute[KN],mute[KNO],mute[KNO],mute[KN],mute[KNO],mute[KNO],mute[KN],mute[KNO],mute[KNO],mute[KN],mute[KNO],mute[KNO],mute[KN],mute[KNO],mute[KNO],mute[KN],mute[KNO],mute[KNO],mute[KN],mute[KNO],mute[KNO],mute[KN],mute[KNO],mute[KNO],mute[KN],mute[KNO],mute[KNO],mute[KN],mute[KNO],mute[KNO],mute[KN],mute[KNO],mute[KNO],mute[KN],mute[KNO],mute[KNO],mute[KN],mute[KNO],mute[KNO],mute[KN],mute[KNO],mute[KNO],mute[KN],mute[KNO],mute[KNO],mute[KN],mute[KNO],mute[KNO],mute[KN],mute[KNO],mute[KNO],mute[KN],mute[KNO],mute[KNO],mute[KN],mute[KNO],mute[KNO],mute[KN],mute[KNO],mute[KNO],mute[KN],mute[KNO],mute[KNO],mute[KN],mute[KNO],mute[KNO],mute[KN],mute[KNO],mute[KNO],mute[KN],mute[KNO],mute[KNO],mute[KN],mute[KNO],mute[KNO],mute[KN],mute[KNO],mute[KNO],mute[KN],mute[KNO],mute[KNO],mute[KN],mute[KNO],mute[KNO],mute[KN],mute[KNO],mute[KNO],mute[KN],mute[KNO],mute[KNO],mute[KN],mute[KNO],mute[KNO],mute[KN],mute[KNO],mute[KNO],mute[KN],mute[KNO],mute[KNO],mute[KN],mute[KNO],mute[KNO],mute[KN],mute[KNO],mute[KNO],mute[KN],mute[KNO],mute[KNO],mute[KN],mute[KNO],mute[KNO],mute[KN],mute[KNO],mute[KNO],mute[KN],mute[KNO],mute[KNO],mute[KN],mute[KNO],mute[KNO],mute[KN],mute[KNO],mute[KNO],mute[KN],mute[KNO],mute[KNO],mute[KN],mute[KNO],mute[KNO],mute[KN],mute[KNO],mute[KNO],mute[KN],mute[KNO],mute[KNO],mute[KN],mute[KNO],mute[KNO],mute[KN],mute[KNO],mute[KNO],mute[KNO],mute[KNO],mute[KM],mute[KNO],mute[KLNO],5<UV>,mute[KM],mute[KNO],mute[KNO],mute[KM],mute[KNO],mute[KNO],mute[KM],mute[KNO],mute[KM],mute[KMO],mute[KLM],5<UV>,mute[KM],mute[KM],mute[KM],mute[KM],mute[KM],mute[KMO],mute[KM],mute[KM],mute[KMO],mute[KMN],mute[KLMN],5<UV>,mute[KMO],mute[KMO],mute[KMN],mute[KMO],mute[KMO],mute[KMO],mute[KMO],mute[KMN],mute[KMN],mute[KMN],mute[LM],mute[LM],mute[LM],mute[LM],mute[LM],mute[LM],mute[LM],mute[LM],mute[LM],mute[LM],mute[LM],mute[LM],mute[LM],mute[LM],mute[LM],mute[LM],mute[LM],mute[LM],mute[LM],mute[LM],mute[LM],mute[LM],mute[LM],mute[LM],mute[LM],mute[LM],mute[LM],mute[LM],mute[LM],mute[LM],mute[LM],mute[LM],mute[LM],mute[LM],mute[LM],mute[LM],mute[LM],mute[LM],mute[LM],mute[LM],mute[LM],mute[LM],mute[LM],mute[LM],mute[LM],mute[LM],mute[LM],mute[LM],mute[LM],mute[LM],mute[LM],mute[K],mute[KMN],mute[KMN],mute[KMNO],mute[KMN],mute[KMNO],mute[KMN],mute[KMN],mute[KMNO],mute[KMN],mute[KMNO],mute[KMN],mute[KMN],mute[KMNO],mute[KMN],mute[JLMO],mute[IKLN],mute[IKLO],mute[HJKNOP],mute[IJMO],mute[IJMO],mute[IJM],mute[IJMO],mute[LMN],5<UV>,5<UV>,mute[HJM],mute[LM],mute[KMO],mute[HJL],mute[IM],mute[IJKN],mute[KN],mute[KLNO],mute[KLO],mute[KLO],mute[KLO],mute[KLN],mute[KLO],mute[KLO],mute[KLO],mute[KLO],mute[KLN],mute[KLO],mute[IJMO],mute[ILNO],mute[KLO],mute[KLN],mute[LM],mute[LM],mute[LM],mute[LM],mute[LM],mute[LMNO],5<UV>,5<UV>,5<UV>,5<UV>,5<UV>,5<UV>,5<UV>,5<UV>,mute[LM],mute[LM],mute[LM],mute[LM],mute[LM],mute[LM],mute[LM],mute[LM],mute[LM],mute[LM],mute[LM],mute[LM],mute[LM],mute[LM],mute[LM],mute[LM],mute[LM],mute[LM],mute[LM],mute[LM],mute[LM],mute[LM],mute[LM],mute[LM],mute[LM],mute[LM],mute[LM],mute[LM],mute[LM],mute[LM],mute[LM],mute[LM],mute[LM],mute[LM],mute[LM],mute[LM],mute[LM],mute[LM],mute[LM],mute[LM],mute[LM],mute[LM],mute[LM],mute[LM],mute[LM],mute[LM],mute[LM],mute[LM],mute[LM],mute[LM],mute[LM],mute[LM],mute[LM],mute[LM],mute[LM],mute[LM],mute[LM],mute[LM],mute[LM],mute[LM],mute[LM],mute[LM],mute[LM],mute[LM],mute[LM],mute[LM],mute[LM],mute[LM],mute[LM],mute[LM],mute[LM],mute[LM],mute[LM],mute[LM],mute[LM],mute[LM],5<UV>,5<UV>,5<UV>,5<UV>,5<UV>,5<UV>,5<UV>,5<UV>,5<UV>,mute[LM],mute[LMNO],5<UV>,mute[LM],mute[KN],5<UV>,mute[LM],mute[KN],5<UV>,mute[LM],mute[KN],5<UV>,mute[LM],mute[KN],5<UV>,mute[LM],mute[KN],5<UV>,mute[LM],mute[KN],5<UV>,mute[LM],mute[KN],5<UV>,mute[LM],mute[KN],5<UV>,mute[LM],mute[KN],5<UV>,mute[LM],mute[KN],5<UV>,mute[LM],mute[LM],mute[LM],mute[LM],mute[LM],mute[LM],mute[KNO],mute[KLNO],mute[KLN],mute[LM],mute[LM],mute[LM],mute[LM],mute[LM],mute[LM],mute[LM],mute[LM],mute[LM],mute[LM],mute[LM],mute[LM],mute[LM],mute[LM],mute[LM],mute[LM],mute[LM],mute[KN],mute[JKLNO],mute[JKLNO],mute[JKMN],mute[JKLM],mute[LM],mute[LM],mute[LM],mute[KMNO],mute[KLMN],mute[KLMO],mute[LM],mute[LM],mute[LM],mute[LM],mute[LM],mute[KLMN],mute[KLMO],mute[LM],mute[LM],mute[LM],mute[KMNO],mute[KLMN],mute[KLMN],mute[LM],mute[LM],mute[LM],mute[KMNO],mute[KLMO],mute[KLMN],mute[LM],mute[LM],mute[LM],mute[LM],mute[LM],mute[KLMO],mute[KLMN],mute[LM],mute[LM],mute[LM],mute[KMNO],mute[KLMN],mute[KLMN],mute[LM],mute[LM],mute[LM],mute[KMNO],mute[KLMO],mute[KLMN],mute[LM],mute[LM],mute[LM],mute[LM],mute[LMNO],mute[JO],mute[JN],mute[LM],mute[LM],mute[LM],mute[LM],mute[LM],mute[LM],mute[LM],mute[LM],mute[LM],mute[LM],mute[LM],mute[LM],mute[LM],mute[LM],mute[LM],mute[LM],mute[LM],mute[LM],mute[LM],mute[LM],mute[JKL],mute[JKL],mute[JKLMN],mute[INO],mute[LM],mute[LM],mute[LM],mute[LM],mute[LM],mute[LM],mute[LM],mute[LM],mute[LM],mute[LM],mute[LM],mute[LM],mute[LM],mute[LM],mute[LM],mute[LM],mute[LM],mute[LM],mute[LMO],mute[JKL],mute[JKL],mute[JKLMO],mute[IL],mute[LM],mute[LM],mute[LM],mute[LM],mute[LM],mute[LM],mute[LM],mute[LM],mute[LM],mute[LM],mute[LM],mute[LM],mute[LM],mute[LM],mute[LM],mute[LM],mute[LM],mute[LM],mute[LM],mute[LM],mute[LM],mute[LM],mute[LM],mute[LM],mute[LM],mute[LM],mute[LM],mute[LM],mute[LM],mute[LM],mute[LM],mute[LM],mute[LM],mute[LM],mute[LM],mute[LM],mute[LM],mute[LM],mute[LM],mute[LM],mute[LM],mute[LM],mute[LM],mute[LM],mute[K],mute[LMNO],mute[K],mute[LMNO],mute[KM],mute[KO],mute[LMN],mute[LMNO],mute[LM],mute[LM],mute[LM],mute[LM],mute[LM],mute[LM],mute[LM],mute[LM],mute[LM],mute[LM],mute[LM],mute[LM],mute[LM],mute[LM],mute[LM],mute[LM],mute[LM],mute[LM],mute[LM],mute[LM],mute[LM],mute[LM],mute[LM],mute[LM],mute[LM],mute[LM],mute[LM],mute[LM],mute[LM],mute[LM],mute[LM],mute[LM],mute[LM],mute[LM],mute[LM],mute[LM],mute[LM],mute[LM],mute[LM],mute[LM],mute[LM],mute[LM],mute[LM],mute[LM],mute[LM],mute[LM],mute[LM],mute[LM],mute[LM],mute[LM],mute[LM],mute[LM],mute[LM],mute[LM],mute[LM],mute[K],mute[KMNO],mute[LM],mute[LM],mute[LM],mute[LM],mute[KMN],5<UV>,5<UV>,mute[LM],mute[LM],mute[LM],mute[LM],mute[LM],mute[LM],mute[LM],mute[LM],mute[LM],mute[LM],mute[LM],mute[LM],mute[LM],mute[LM],mute[LM],mute[LM],mute[LM],mute[LM],mute[LM],mute[LM],mute[LM],mute[LM],mute[LM],mute[LM],mute[LM],mute[LM],mute[LM],mute[LM],mute[LM],mute[LM],mute[LM],mute[LM],mute[LM],mute[LM],mute[LM],mute[LM],mute[LM],mute[LM],mute[LM],mute[LM],mute[LM],mute[LM],mute[LM],mute[LM],mute[LM],mute[LM],mute[LM],mute[LM],mute[LM],mute[LM],mute[LM],mute[LM],mute[LM],mute[LM],mute[LM],mute[LM],mute[LM],mute[LM],mute[LM],mute[LM],mute[LM],mute[LM],mute[LM],mute[LM],mute[LM],mute[LM],mute[LM],mute[LM],mute[LM],mute[LM],mute[LM],mute[LM],mute[LM],mute[LM],mute[LM],mute[LM],mute[LM],mute[LM],mute[LM],mute[LM],mute[LM],mute[LM],mute[LM],mute[LM],mute[LM],mute[LM],mute[LM],mute[LM],mute[LM],mute[LM],mute[LM],mute[LM],mute[LM],mute[LM],mute[LM],mute[LM],mute[LM],mute[LM],mute[LM],mute[LM],mute[LM],mute[LM],mute[LM],mute[LM],mute[LM],mute[LM],mute[LMO],5<UV>,mute[LM],mute[LM],mute[LM],mute[LM],mute[LM],mute[LM],mute[LM],mute[LM],mute[LM],mute[LM],mute[LM],mute[LM],mute[LM],mute[LM],mute[KMNO],5<UV>,5<UV>,5<UV>,5<UV>,mute[LM],mute[LM],mute[LM],mute[LM],mute[LM],mute[LM],mute[LM],mute[LM],mute[LM],mute[LM],mute[LM],mute[LM],mute[LM],mute[LM],mute[LM],mute[LM],mute[KNO],mute[HJO],mute[HHIKMNO],mute[KM],mute[KM],mute[KM],mute[KO],mute[KO],mute[KO],mute[K],mute[LMNO],mute[LMN],mute[LMNO],mute[LM],mute[LM],mute[LM],mute[LM],mute[LM],mute[LM],mute[LM],mute[LM],mute[LM],mute[LM],mute[LM],mute[LM],mute[LM],mute[LM],mute[LM],mute[LM],mute[LM],mute[LM],mute[LM],mute[LM],mute[LM],mute[LM],mute[LM],mute[LM],mute[LM],mute[LM],mute[LM],mute[LM],mute[LM],mute[LM],mute[LM],mute[LM],mute[LM],mute[LM],mute[LM],mute[LM],mute[LM],mute[LM],mute[LM],mute[LM],mute[LM],mute[LM],mute[LM],mute[LM],mute[LM],mute[LM],mute[LM],mute[LM],mute[LM],mute[LM],mute[LM],mute[LM],mute[LM],mute[LM],mute[LM],mute[LM],mute[KM],mute[KMN],mute[KLO],mute[KLMO],mute[KLMO],mute[IJKNO],mute[HIJMN],mute[HJLMO],mute[JKLN],mute[IJKNO],mute[JKLN],mute[JKLO],mute[IJKLN],mute[IJLNO],mute[K],mute[JLMO],mute[LMNO],mute[JKLMN],mute[JMO],5<UV>,5<UV>,mute[JKN],mute[KO],mute[HIJKLM],mute[KO],mute[JKL],mute[KNO],mute[ILN],mute[JL],mute[KM],mute[KMO],mute[KO],mute[K],mute[KO],mute[KLO],mute[KLN],mute[HILO],mute[HHJLMNO],mute[HIJK],ST;","(c2.g1.#d1.c1.c.G-1.#D-1.C-1)[IKM],(c.C-1)[IKM],(#d.c.g)[JKLMNO],(g.#d.c)[KMO],(g.#d.c)[IKM],C-1[JKLMNO],C-1[KMO],C-1[IKM],(#g.f.d.B-1)[JKLMNO],(g.#d.c)[KMO],(b.#g.f.d)[IKM],C-1[JKLMNO],C-1[KMO],(c1.g.#d.C-1)[IKM],(c1.c)[KMO],(#d1.#d)[KMO],(g1.g)[KMO],(c2.c1)[KMO],(#d2.#d1)[KMO],(c2.c1)[KMO],(g2.g1)[KMO],(#d2.#d1)[KMO],(c2.c1)[KMO],(#d2.#d1)[KMO],(g1.g)[KMO],(c2.c1)[KMO],(#g1.f)[KMO],(f1.#g)[KMO],(g1.#d)[KMO],(#d1.g)[KMO],(f1.d)[KMO],(d1.f)[KMO],(#d1.c)[KMO],(c1.#d)[KMO],(#d1.c1.#g.G-1)[KMO],#f[KMO],g[KMO],#f[KMO],g[KMO],#f[KMO],g[KMO],#f[KMO],(d1.b.g.G-1)[JLN],(g2.g1.G-1.G-2)[JLN],(#d.c.g)[JKLMNO],(g.#d.c)[KMO],(g.#d.c)[IKM],C-1[JKLMNO],C-1[KMO],C-1[IKM],(#g.f.d.B-1)[JKLMNO],(g.#d.c)[KMO],(b.#g.f.d)[IKM],C-1[JKLMNO],C-1[KMO],(c1.g.#d.C-1)[IKM],(c1.a.#d.#F-1.#F-2)[IKM],(c1.g.#d.G-1.G-2)[JLN],(g2.g1)[KMO],(#d2.#d1)[KMO],(c2.c1)[KMO],(#d2.#d1)[KMO],(g1.g)[KMO],(c2.c1)[KMO],(#d1.#d)[KMO],(g1.g)[KMO],(c1.c)[KMO],(#d1.#d)[KMO],(g.G-1)[JLN],(b2.g2.f2.d2.b1.G-1.B-1.d.g)[JLN],(c3.g2.#d2.c2.c1.g.#d.c)[IKM],(c2.g1.#d1.c1.c.G-1.#D-1.C-1)[IKM],(c.C-1)[IKM],g1[JKLMNO],g1[KMO],(#g1.f1.c1.F-2)[KMO],F-1[KMO],#G-2[KMO],#G-1[KMO],C-1[KMO],c[KMO],(b1.c1.#g1.F-1)[KMO],f[KMO],(f1.#G-1)[KMO],#g[KMO],(c2.c1.#g1.F-1)[KMO],f[KMO],(f1.#G-1)[KMO],#g[KMO],(#g1.f1.c1.F-1)[KMO],f[KMO],(g1.#d1.c1.C-1)[KMO],c[KMO],(b1.g1.f1.b.D-1)[KMO],d[KMO],(c2.g1.c1.#D-1)[KMO],#d[KMO],(d2.g1.d1.B-2)[KMO],B-1[KMO],(#d2.g1.#d1.C-1)[KMO],c[KMO],(#f2.d2.c2.#f1.A-2)[KMO],A-1[KMO],(g2.d2.g1.#A-2)[KMO],#A-1[KMO],(g2.#c2.g1.A-2)[KMO],A-1[KMO],(g2.d2.g1.#A-2)[KMO],#A-1[KMO],(#d2.g2.#a1.#C-1)[KMO],#c[KMO],(d2.D-1)[KMO],d[KMO],(#c2.g2.#a1.#D-1)[KMO],#d[KMO],(d2.D-1)[KMNO],d[KMNO],(#c2.g2.#a1.#D-1)[KMNO],#d[KMNO],(d2.D-1)[KLO],d[KLO],(#f2.d2.a1.d)[KLMO],d1[KLMO],(g2.#a1.d2.g.G-1)[KLM],d2[KMN],g2[KM],#a2[KMN],(d3.d1)[KM],#a2[KMN],c3[KM],(a2.d1)[KMN],(#a2.d1)[KM],d2[KMN],a2[KM],c2[KMN],(g2.d)[KM],#a1[KMN],#f2[KM],(a1.d)[KMN],(g2.#a1.g)[KM],d1[KMN],g1[KM],#a1[KMN],(d2.d)[KM],#a1[KMN],c2[KM],(a1.d)[KMN],(#a1.d)[KM],d1[KMN],a1[KM],c1[KMN],(g1.D-1)[KM],#a[KMN],#f1[KM],(a.D-1)[KMN],(g1.d1.b.G-1.G-2)[KM],G-1[KMN],B-1[KM],d[KMN],(b.f)[KM],d[KMN],#d[KM],(b.c)[KMN],(b.d)[KM],B-1[KMN],F-1[KM],d[KMN],(g.#D-1)[KM],c[KMN],D-1[KM],(g.B-1)[KMN],(g.#d.c.C-1)[IKM],C-1[JKLMN],C-1[KMN],C-1[IKM],(#g.f.d.B-1)[JKLMN],(g.#d.c)[KMN],(b.#g.f.d)[IKM],C-1[JKLMN],C-1[KMN],(c1.g.#d.C-1)[IKM],(c1.c)[KM],(#d1.#d)[KMN],(g1.g)[KM],(c2.c1)[KMN],(#d2.#d1)[KM],(c2.c1)[KMN],(g2.g1)[KM],(#d2.#d1)[KMN],(c2.c1)[KM],(#d2.#d1)[KMN],(g1.g)[KM],(c2.c1)[KMN],(#g1.f)[KM],(f1.#g)[KMN],(g1.#d)[KM],(#d1.g)[KMN],(f1.d)[KM],(d1.f)[KMN],(#d1.c)[KM],(c1.#d)[KMN],(#d1.c1.#g.G-1)[KM],#f[KMN],g[KM],#f[KMN],g[KM],#f[KMN],g[KM],#f[KMN],(d1.b.g.G-1)[JLN],(g2.g1.G-1.G-2)[JLN],(e.c.g)[JKLMN],(g.e.c)[KMN],(g.e.c)[IKM],C-1[JKLMN],C-1[KMN],C-1[IKM],(#g.f.d.B-1)[JKLMN],(g.e.c)[KMN],(b.#g.f.d)[IKM],C-1[JKLMN],C-1[KMN],(c1.g.e.C-1)[IKM],(c1.#f.#d.c.A-1.A-2)[IKM],(c1.g.#d.G-1.G-2)[JLN],(g2.g1)[KM],(#d2.#d1)[KMN],(c2.c1)[KM],(#d2.#d1)[KMN],(g1.g)[KM],(c2.c1)[KMN],(#d1.#d)[KM],(g1.g)[KMN],(c1.c)[KM],(#d1.#d)[KMN],(g.G-1)[JLN],(b2.g2.f2.d2.b1.G-1.B-1.d.g)[JLN],(c3.g2.#d2.c2.c1.g.#d.c)[IKLNO],(c2.g1.#d1.c1.c.G-1.#D-1.C-1)[IKLM],(c.C-1)[IKLNO],g1[IMO],g1[KMNO],(#g1.f1.c1.F-2)[KMO],F-1[KMO],#G-2[KMO],#G-1[KMO],C-1[KMO],c[KMO],(b1.c1.#g1.F-1)[KMO],f[KMO],(f1.#G-1)[KMO],#g[KMO],(c2.c1.#g1.F-1)[KMO],f[KMO],(f1.#G-1)[KMO],#g[KMO],(#g1.f1.c1.F-1)[KMO],f[KMO],(g1.#d1.c1.C-1)[KMO],c[KMO],(b1.g1.f1.b.D-1)[KMO],d[KMO],(c2.g1.c1.#D-1)[KMO],#d[KMO],(d2.g1.d1.B-2)[KMO],B-1[KMO],(#d2.g1.#d1.C-1)[KMO],c[KMO],(#f2.d2.c2.#f1.A-2)[KMO],A-1[KMO],(g2.d2.g1.#A-2)[KMO],#A-1[KMO],(g2.#c2.g1.A-2)[KMO],A-1[KMO],(g2.d2.g1.#A-2)[KMO],#A-1[KMO],(#d2.g2.#a1.#C-1)[KMO],#c[KMO],(d2.D-1)[KMO],d[KMO],(#c2.g2.#a1.#D-1)[KMO],#d[KMO],(d2.D-1)[KMO],d[KMO],(#c2.g2.#a1.#D-1)[KMO],#d[KMO],(d2.D-1)[KMNO],d[KMNO],(#f2.d2.a1.d)[KLM],d1[KLMN],(g2.#a1.d2.g.G-1)[KLM],d2[KMO],g2[KMO],#a2[KMO],(d3.d1)[KMO],#a2[KMO],c3[KMO],(a2.d1)[KMO],(#a2.d1)[KMO],d2[KMO],a2[KMO],c2[KMO],(g2.d)[KMO],#a1[KMO],#f2[KMO],(a1.d)[KMO],(g2.#a1.g)[KMO],d1[KMO],g1[KMO],#a1[KMO],(d2.d)[KMO],#a1[KMO],c2[KMO],(a1.d)[KMO],(#a1.d)[KMO],d1[KMO],a1[KMO],c1[KMO],(g1.D-1)[KMO],#a[KMO],#f1[KMO],(a.D-1)[KMO],(g1.d1.b.G-1.G-2)[KMO],G-1[KMO],B-1[KMO],d[KMO],(b.f)[KMO],d[KMO],#d[KMO],(b.c)[KMO],(b.d)[KMO],B-1[KMO],F-1[KMO],d[KMO],(g.#D-1)[KMO],c[KMO],D-1[KMO],(g.B-1)[KMO],(g.#d.c.C-1)[IKM],C-1[JKLMNO],C-1[KMO],C-1[IKM],(#g.f.d.B-1)[JKLMNO],(g.#d.c)[KMO],(b.#g.f.d)[IKM],C-1[JKLMNO],C-1[KMO],(c1.g.#d.C-1)[IKM],(c1.c)[KMO],(#d1.#d)[KMO],(g1.g)[KMO],(c2.c1)[KMO],(#d2.#d1)[KMO],(c2.c1)[KMO],(g2.g1)[KMO],(#d2.#d1)[KMO],(c2.c1)[KMO],(#d2.#d1)[KMO],(g1.g)[KMO],(c2.c1)[KMO],(#g1.f)[KMO],(f1.#g)[KMO],(g1.#d)[KMO],(#d1.g)[KMO],(f1.d)[KMO],(d1.f)[KMO],(#d1.c)[KMO],(c1.#d)[KMO],(#d1.c1.#g.G-1)[KMO],#f[KMO],g[KMO],#f[KMO],g[KMO],#f[KMO],g[KMO],#f[KMO],(d1.b.g.G-1)[JLN],(g2.g1.G-1.G-2)[JLN],(e.c.g)[JKLMNO],(g.e.c)[KMO],(g.e.c)[IKM],C-1[JKLMNO],C-1[KMO],C-1[IKM],(#g.f.d.B-1)[JKLMNO],(g.e.c)[KMO],(b.#g.f.d)[IKM],C-1[JKLMNO],C-1[KMO],(c1.g.e.C-1)[IKM],(c1.#f.#d.c.A-1.A-2)[IKM],(c1.g.#d.G-1.G-2)[JLN],(g2.g1)[KMO],(#d2.#d1)[KMO],(c2.c1)[KMO],(#d2.#d1)[KMO],(g1.g)[KMO],(c2.c1)[KMO],(#d1.#d)[KMO],(g1.g)[KMO],(c1.c)[KMO],(#d1.#d)[KMO],(g.G-1)[JLN],(b2.g2.f2.d2.b1.G-1.B-1.d.g)[JLMN],(c3.g2.#d2.c2.c1.g.#d.c)[IKLM],(c2.g1.#d1.c1.c.G-1.#D-1.C-1)[IJMO],(c.C-1)[IJM],c1[IMO],c1[KMNO],c1[IKLM],e1[IM],e1[KMNO],e1[IKLM],c1[IMO],c1[KMN],c1[IKLM],(g1.e1)[IMO],(g1.e1)[KMNO],(g1.e1)[IKLNO],c1[IMO],c1[KMNO],c1[IKLM],(c2.g1.c1.e1)[IM],(c2.g1.e1.c1)[KMNO],(c2.g1.c1.e1)[IKLM],(e2.c2.e1.g1.c1)[IMO],(e2.c2.g1.e1.c1)[KMNO],(e2.c2.c1.e1.g1)[IJ],(g2.e2.c2.#a1.g1.e1.c1)[IL],(g2.e2.c2.#a1.g1.e1.c1)[KL],(g2.e2.c2.c1.e1.g1.#a1)[IJM],(c3.g2.e2.c2.#a1.g1.e1.c1)[ILMNO],(c3.g2.e2.c2.#a1.g1.e1.c1)[KLM],(c3.c1.e1.g1.#a1)[LMN],d3[LMN],c3[LMN],d3[LMN],c3[LMN],d3[LMN],c3[LMN],d3[LMN],(c3.C-1)[LMN],d3[LMN],c3[LMN],d3[LMN],c3[LMN],d3[LMN],(c3.C-1)[LMN],d3[LMN],(c3.C-1)[LMN],d3[LMN],c3[LMN],d3[LMN],c3[LMN],d3[LMN],c3[LMN],d3[LMN],(c3.e.g.#a.c1)[LMN],d3[LMN],c3[LMN],d3[LMN],c3[LMN],d3[LMN],(c3.c1.#a.g.e)[LMN],d3[LMN],(c3.e.g.#a.c1)[LMN],d3[LMN],c3[LMN],d3[LMN],c3[LMN],d3[LMN],c3[LMN],d3[LMN],c3[LMN],d3[LMN],c3[LMN],d3[LMN],c3[LMN],d3[LMN],b2[JKLNO],c3[HM],(c2.c3)[JMN],(c2.c3.f.a)[KNO],c1[KNO],(e.#g)[KN],c1[KNO],(c2.c3.f.a)[KNO],c1[KN],(c2.c3.f.a)[KNO],c1[KNO],(e.#g)[KN],(d2.d3.c1)[KNO],(c2.c3.f.a)[KNO],c1[KN],(e2.e3.g.#a)[KNO],c1[KNO],(#f.a)[KN],c1[KNO],(g.#a)[KNO],c1[KN],(f2.f3.a)[KNO],c1[KNO],g[KN],c1[KNO],(c2.c3.a)[KNO],c1[KN],(c2.c3.f)[KNO],c1[KNO],a[KN],(b2.b1.c1)[KNO],(c3.c2.f.#d)[KNO],(#c3.#c2.a)[KN],(d3.d2.f.d)[KNO],(#c3.#c2.#a)[KNO],(d3.d2.g.e)[KN],(c3.c2.c1)[KNO],(#a2.#a1.a.f)[KNO],(a2.a1.c1)[KN],(#f1.#f2.c)[KNO],c1[KNO],(g1.g2.e)[KN],c1[KNO],g[KNO],c1[KN],b[KNO],c1[KNO],(#g2.#a)[KN],(a2.c1)[KNO],(#a2.g)[KNO],(b2.c1)[KN],(c2.c3.f.a)[KNO],c1[KNO],(e.#g)[KN],c1[KNO],(c2.c3.f.a)[KNO],c1[KN],(c2.c3.f.a)[KNO],c1[KNO],(e.#g)[KN],(d2.d3.c1)[KNO],(c2.c3.f.a)[KNO],c1[KN],(e2.e3.g.#a)[KNO],c1[KNO],(#f.a)[KN],c1[KNO],(g.#a)[KNO],c1[KN],(f2.f3.a)[KNO],c1[KNO],#g[KN],c1[KNO],(f2.f3.a)[KNO],c1[KN],c[KNO],(e2.e3.c1)[KNO],(d2.d3.a.f)[KN],(c2.c3.c1)[KNO],(#a1.#a2.c)[KNO],(a1.a2.c1)[KN],(c2.c3.#a.g)[KNO],(#a1.#a2.c1)[KNO],(a1.a2.c)[KN],(g1.g2.c1)[KNO],(f1.f2.g.#a)[KNO],(e1.e2.c1)[KN],(g2.g1.f)[KNO],c1[KNO],(f2.f1.a)[KN],c1[KNO],f[KNO],c1[KN],a[KNO],c1[KNO],f[KN],(f1.c1)[KNO],(c2.a)[KNO],(a1.c1)[KN],(d2.#A-1)[KNO],d1[KNO],#a[KN],(f2.d1)[KNO],(d3.f)[KNO],(#a2.d1)[KN],(f3.#A-1)[KNO],d1[KNO],#a[KN],(f1.d1)[KNO],(f2.f)[KNO],(d2.d1)[KN],(c2.A-1)[KNO],c1[KNO],a[KN],(c3.c1)[KNO],(e3.#a.g)[KNO],(c3.c1)[KN],(f3.f)[KNO],c1[KNO],a[KN],(a1.c1)[KNO],(f2.e)[KNO],(d2.b)[KN],(g2.e)[KNO],c1[KNO],g[KN],(c2.c1)[KNO],(c3.a)[KNO],(#f2.c1)[KN],(g2.g)[KNO],e1[KNO],c1[KN],(g1.e1)[KNO],(f2.g)[KNO],(b1.d1)[KN],(c2.c)[KNO],e1[KNO],c1[KN],e1[KNO],(g2.g)[LO],e3[LN],e1[KN],(e3.G-1)[KNO],d1[KNO],b[KN],d1[KNO],(d3.g)[MNO],e3[MNO],d3[MO],d1[N],c3[MNO],d3[LO],(c3.c)[KNO],e1[KNO],c1[KN],e1[KNO],(g1.g)[LO],e2[LN],e1[KN],(e2.G-1)[KNO],d1[KNO],b[KN],d1[KNO],(d2.g)[MNO],e2[MNO],d2[MO],d1[N],c2[MNO],d2[LO],(c2.c)[KNO],c1[KNO],b[KN],c1[KNO],(b1.#a)[MN],c2[LMO],c1[KM],(b1.a)[MN],c2[LMO],c1[KNO],(b1.a)[MNO],c2[LMO],c1[KMO],(b1.g)[MNO],c2[LMN],c1[KMO],(b1.f.a)[MNO],c2[LMN],c1[KNO],(e.#g)[KNO],c1[KN],(b1.f.a)[MN],c2[LMO],c1[KNO],(b1.f.a)[MN],c2[LM],c1[KNO],(e.#g)[KNO],(d2.c1)[KN],(c2.f.a)[KNO],c1[KNO],(c2.g.#a)[MN],e2[LM],c1[KNO],(#f.a)[KNO],c1[KN],(g.#a)[KNO],c1[KNO],(f2.a)[KN],c1[KNO],g[KNO],c1[KN],(b1.a)[KNO],(c2.c1)[KNO],(b1.f)[KN],(c2.c1)[KNO],(b1.a)[KNO],(c2.c1)[KN],(c2.f.#d)[KNO],(#c2.a)[KNO],(d2.f.d)[KN],(#c2.#a)[KNO],(d2.g.e)[KNO],(c2.c1)[KN],(#a1.a.f)[KNO],(a1.c1)[KNO],(#f1.c)[KN],(g1.c1)[KNO],(#f2.e)[KNO],(g2.c1)[KN],(#f2.g)[KNO],(g2.c1)[KNO],(#f2.b)[KN],(g2.c1)[KNO],(#g2.#a)[KNO],(a2.c1)[KN],(#a2.g)[KNO],(b2.c1)[KNO],(c2.c3.f.a)[KN],c1[KNO],(e.#g)[KNO],c1[KN],(c2.c3.f.a)[KNO],c1[KNO],(c2.c3.f.a)[KN],c1[KNO],(e.#g)[KNO],(d2.d3.c1)[KN],(c2.c3.f.a)[KNO],c1[KNO],(e2.e3.g.#a)[KN],c1[KNO],(#f.a)[KNO],c1[KN],(g.#a)[KNO],c1[KNO],(f2.f3.a)[KN],c1[KNO],#g[KNO],c1[KN],(f2.f3.a)[KNO],c1[KNO],c[KN],(e2.e3.c1)[KNO],(d2.d3.a.f)[KNO],(c2.c3.c1)[KN],(#a1.#a2.c)[KNO],(a1.a2.c1)[KNO],(c2.c3.#a.g)[KN],(#a1.#a2.c1)[KNO],(a1.a2.c)[KNO],(g1.g2.c1)[KN],(f1.f2.g.#a)[KNO],(e1.e2.c1)[KNO],(g2.g1.f)[KN],c1[KNO],(f2.f1.a)[KNO],c1[KN],f[KNO],c1[KNO],a[KN],c1[KNO],f[KNO],(f1.c1)[KN],(c2.a)[KNO],(a1.c1)[KNO],(d2.#A-1)[KN],d1[KNO],#a[KNO],(f2.d1)[KN],(d3.f)[KNO],(#a2.d1)[KNO],(f3.#A-1)[KN],d1[KNO],#a[KNO],(f1.d1)[KN],(f2.f)[KNO],(d2.d1)[KNO],(c2.A-1)[KN],c1[KNO],a[KNO],(c3.c1)[KN],(e3.#a.g)[KNO],(c3.c1)[KNO],(f3.f)[KN],c1[KNO],a[KNO],(a1.c1)[KN],(f2.e)[KNO],(d2.b)[KNO],(g2.e)[KN],c1[KNO],g[KNO],(c2.c1)[KN],(c3.a)[KNO],(#f2.c1)[KNO],(g2.g)[KN],e1[KNO],c1[KNO],(g1.e1)[KN],(f2.g)[KNO],(b1.d1)[KNO],(c2.c)[KN],e1[KNO],c1[KNO],e1[KN],(g2.g)[LN],e3[LO],e1[KNO],(e3.G-1)[KN],d1[KNO],b[KNO],d1[KN],(d3.g)[MNO],e3[MNO],d3[MO],d1[N],c3[MNO],d3[LN],(c3.c)[KN],e1[KNO],c1[KNO],e1[KN],(g1.g)[LN],e2[LO],e1[KNO],(e2.G-1)[KN],d1[KNO],b[KNO],d1[KN],(d2.g)[MNO],e2[MNO],d2[MO],d1[N],c2[MNO],d2[LN],(c2.c)[KN],c1[KNO],b[KNO],c1[KN],(b1.#a)[MNO],c2[LMO],c1[KNO],(b1.a)[MNO],c2[LM],c1[KM],(b1.a)[MN],c2[LMN],c1[KM],(b1.g)[L],c2[LMN],c1[KMNO],(b1.f.a)[MNO],c2[K],c1[KMN],(e.#g)[KN],c1[KNO],(b1.f.a)[MN],c2[LMO],c1[KN],(b1.f.a)[MNO],c2[LM],c1[KNO],(e.#g)[KN],(d2.c1)[KNO],(c2.f.a)[KNO],c1[KN],(c2.g.#a)[MNO],e2[LM],c1[KNO],(#f.a)[KN],c1[KNO],(g.#a)[KNO],c1[KN],(f2.a)[KNO],c1[KNO],g[KN],c1[KNO],(b1.a)[KNO],(c2.c1)[KN],(b1.f)[KNO],(c2.c1)[KNO],(b1.a)[KN],(c2.c1)[KNO],(c2.f.#d)[KNO],(#c2.a)[KN],(d2.f.d)[KNO],(#c2.#a)[KNO],(d2.g.e)[KN],(c2.c1)[KNO],(#a1.a.f)[KNO],(a1.c1)[KN],(#f1.c)[KNO],(g1.c1)[KNO],(#f2.e)[KN],(g2.c1)[KNO],(#f2.g)[KNO],(g2.c1)[KN],(#f2.b)[KNO],(g2.c1)[KNO],(#g2.#a)[KN],(a2.c1)[KNO],(#a2.g)[KNO],(b2.c1)[KN],(c2.c3.f.a)[KNO],c1[KNO],(e.#g)[KN],c1[KNO],(c2.c3.f.a)[KNO],c1[KN],(c2.c3.f.a)[KNO],c1[KNO],(e.#g)[KN],(d2.d3.c1)[KNO],(c2.c3.f.a)[KNO],c1[KN],(e2.e3.g.#a)[KNO],c1[KNO],(#f.a)[KN],c1[KNO],(g.#a)[KNO],c1[KN],(f2.f3.a)[KNO],c1[KNO],#g[KN],c1[KNO],(f2.f3.a)[KNO],c1[KN],c[KNO],(e2.e3.c1)[KNO],(d2.d3.a.f)[KN],(c2.c3.c1)[KNO],(#a1.#a2.c)[KNO],(a1.a2.c1)[KN],(c2.c3.#a.g)[KNO],(#a1.#a2.c1)[KNO],(a1.a2.c)[KN],(g1.g2.c1)[KNO],(f1.f2.g.#a)[KNO],(e1.e2.c1)[KN],(f1.f2.f)[KNO],c1[KNO],a[KN],c1[KNO],(f2.f1.f)[KNO],c1[KN],(f3.f2.#A-1)[KNO],d1[KNO],#a[KN],d1[KNO],(d2.d3.f)[KNO],d1[KN],(c2.c3.A-1)[KNO],c1[KNO],a[KN],c1[KNO],(a2.a1.f)[KNO],c1[KN],(g1.g2.c)[KNO],c1[KNO],e[KN],(a1.a2.c1)[KNO],(#a1.#a2.g)[KNO],c1[KN],(a2.a1.F-1)[KNO],c1[KNO],(f2.f1.f)[KN],c1[KNO],(f3.f2.a)[KNO],c1[KN],(f2.f3.#A-1)[KNO],d1[KNO],#a[KN],d1[KNO],(d2.d3.f)[KNO],d1[KN],(c2.c3.A-1)[KNO],c1[KNO],a[KN],c1[KNO],(a2.a1.f)[KNO],c1[KN],(g1.g2.c)[KNO],c1[KNO],(c2.c3.g)[KN],c1[KNO],(e1.e2.#a)[KNO],c1[KN],(f2.f1.F-1)[KNO],c1[KNO],a[KN],c1[KNO],(f2.f1.f)[KNO],c1[KN],(f2.f3.#A-1)[KNO],#c1[KNO],#a[KN],#c1[KNO],(#c2.#c3.f)[KNO],#c1[KN],(c2.c3.#G-1)[KNO],c1[KNO],#g[KN],c1[KNO],(#g1.#g2.f)[KNO],c1[KN],(g2.g1.c)[KNO],c1[KNO],e[KN],(#g1.#g2.c1)[KNO],(#a1.#a2.g)[KNO],c1[KN],(#g2.#g1.F-1)[KNO],c1[KNO],(f2.f1.f)[KN],#g[KNO],(f3.f2.f)[KNO],#g[KN],(f2.f3.f.#c)[KNO],#g[KNO],f[KN],#g[KNO],(#c2.#c3.f)[KNO],#g[KN],(#c2.#c3.f.#c)[KNO],#g[KNO],f[KN],#g[KNO],(c2.c3.f)[KNO],#g[KN],(c3.c2.f.#c)[KNO],#g[KNO],(f.#c)[KN],g[KNO],(b2.b1.f.#c)[KNO],g[KN],(c3.c2.c.e)[KNO],g[KNO],e[KN],g[KNO],(c2.c1.c.e)[KNO],g[KN],(c2.c1.#c.f)[KNO],g[KNO],f[KN],g[KNO],(b1.b.#c.f)[KNO],g[KN],(c2.c1.c.e)[KNO],g[KNO],e[KN],g[KNO],(c2.c1.c.e)[KNO],g[KN],(c2.c1.#c.f)[KNO],g[KNO],f[KN],g[KNO],(b1.b.#c.f)[KNO],g[KN],(c2.c1.e.c)[KNO],g1[KNO],e1[KN],c2[KNO],#g1[KNO],f1[KN],(c2.c)[KNO],g1[KNO],e1[KN],#g1[KNO],f1[KNO],c1[KN],(g1.c)[KNO],e1[KNO],c1[KN],f1[KNO],c1[KNO],#g[KN],(e1.C-1)[KNO],c1[KNO],g[KN],c1[KNO],#g[KNO],f[KN],(c1.C-1)[KNO],g[KNO],e[KN],c1[KNO],#g[KNO],f[KN],(c1.C-1)[KNO],g[KNO],e[KNO],c1[KNO],#g[KM],f[KNO],(c1.g.e.C-1)[KM],c[MN],d[MNO],c[MN],B-1[KM],c[KNO],(e.G-1)[KNO],c[KM],(g.F-1)[KNO],c[KNO],(a.E-1)[KM],c[KNO],(b.D-1)[KM],c[KMO],(c1.C-1)[KM],c1[MN],d1[MNO],c1[MNO],b[KM],c1[KM],(e1.G-1)[KM],c1[KM],(g1.F-1)[KM],c1[KMO],(a1.E-1)[KM],c1[KM],(b1.D-1)[KMO],c1[KMN],(c2.C-1)[KMO],c2[MNO],d2[MNO],c2[MNO],b1[KMO],c2[KMO],(e2.G-1)[KMN],c2[KMO],(g2.F-1)[KMO],c2[KMO],(a2.E-1)[KMO],c2[KMN],(b2.D-1)[KMN],c2[KMN],(b2.C-1)[LM],c3[LNO],d3[LNO],c3[LNO],d3[LNO],c3[LM],d3[LNO],c3[LNO],d3[LNO],c3[LNO],d3[LM],c3[LNO],b1[LNO],c2[LNO],d2[LNO],c2[LM],d2[LNO],c2[LNO],d2[LNO],c2[LNO],d2[LM],c2[LNO],d2[LNO],c2[LNO],b[LNO],c1[LM],d1[LNO],c1[LNO],d1[LNO],c1[LNO],d1[LM],c1[LNO],d1[LNO],c1[LNO],d1[LNO],c1[LM],d1[LNO],c1[LNO],d1[LNO],c1[LNO],d1[LM],c1[LNO],d1[LNO],c1[LNO],d1[LNO],c1[LM],d1[LNO],c1[LNO],d1[LNO],c1[LNO],d1[LM],c1[LNO],d1[LNO],c1[LNO],d1[LNO],c1[LM],#a[KMN],c1[KMN],d1[KMNO],c1[KMN],e1[KMNO],d1[KMN],f1[KMN],e1[KMNO],g1[KMN],f1[KMNO],a1[KMN],g1[KMN],#a1[KMNO],a1[KMN],c2[JLMO],b1[IKLN],d2[IKLO],c2[HJKNOP],(c2.f1.f.a.c1)[IJMO],f[IJMO],(d2.f1.d1.#a.f)[IJM],(c2.f1.c1.a.f)[IJMO],(g1.f)[LNO],g[N],#a1[L],#a[M],c2[MO],c1[L],(e2.e1)[HJM],(a1.f)[LNO],(c2.a)[LNO],(f2.c1)[LNO],f1[HJL],c2[IM],(c2.f1.a.f)[IJLN],d2[L],c2[KN],b1[KLNO],c2[KLO],#c2[KLO],(e2.#a1.f.#A-1)[KLO],d2[KLN],(d2.a1.f.c)[KLO],c2[KLO],(c2.g1.f.d)[KLO],#a1[KLO],(#a1.f1.f.B-1)[KLN],a1[KLO],(a1.f1.f.c)[IJMO],(a1.c2.c1.a)[ILNO],(a1.f1.f)[KLO],(g1.e1.c1)[KLN],c1[LM],b[LMO],d1[LMO],c1[LM],e1[LM],d1[LMO],f1[MNO],e1[MN],g1[MN],f1[MN],a1[MNO],g1[MN],#a1[MN],a1[MNO],c2[MN],#a1[MN],d2[MN],c2[MNO],e2[M],d2[M],f2[MO],e2[M],g2[L],(f2.c1.a)[LM],g2[LMO],f2[LMO],g2[LM],f2[LMO],g2[LMO],f2[LM],g2[LMO],f2[LMO],g2[LM],f2[LM],g2[LMO],f2[LMO],g2[LM],f2[LMO],g2[LMO],(f2.#a.d1)[LM],g2[LMO],f2[LMO],g2[LM],f2[LM],g2[LMO],f2[LMO],g2[LM],(f2.a.c1)[LMO],g2[LMO],f2[LM],g2[LMO],f2[LMO],g2[LM],f2[LM],g2[LMO],(b2.g.#a.e1)[LMO],c3[LM],d3[LMO],c3[LMO],d3[LM],c3[LMO],d3[LMO],c3[LM],d3[LM],c3[LMO],d3[LMO],c3[LM],d3[LMO],c3[LMO],d3[LM],c3[LMO],(d3.a.c1.f1)[LMO],c3[LM],d3[LM],c3[LMO],d3[LMO],c3[LM],d3[LMO],c3[LMO],d3[LM],c3[LMO],d3[LMO],c3[LM],(d3.a.f1)[LM],c3[LMO],d3[LMO],c3[LM],(d3.a.f1)[LMO],c3[LMO],d3[LM],c3[LMO],d3[LMO],c3[LM],(d3.a.c1)[LM],c3[LMO],(a.f)[MNO],#a2[MN],a2[MN],g2[MN],f2[MNO],e2[MN],d2[MN],c2[MNO],#a1[MN],a1[MN],g1[MN],f1[MNO],e1[MN],d1[MNO],c1[MN],b[MN],d1[L],c1[LO],#a[L],c1[LO],d1[L],e1[L],f1[LO],g1[L],a1[LO],#a1[L],c2[L],d2[LO],(e2.g.#a)[L],f2[LO],g2[L],a2[L],#a2[LO],b2[L],c3[LO],#c3[L],d3[L],(#d3.g.#A-1)[LMO],e3[LMO],(f3.f.A-1)[L],c3[L],a2[LO],f2[L],c2[LO],a1[L],f2[L],c2[LO],a1[L],f1[LO],c1[L],a[L],(f1.F-1.F-2)[LO],c1[L],a[LO],f[L],c[L],A-1[LO],f[L],c[LO],A-1[L],F-1[L],C-1[LO],A-2[L],F-2[LO],F-1[L],G-1[L],A-1[LO],#A-1[L],c[LO],d[L],e[L],f[LO],g[L],a[LO],#a[L],c1[LO],d1[LO],e1[L],f1[LN],g1[L],a1[LO],#a1[KLNO],c2[KLN],(d2.#a1)[LO],F-2[LO],#A-2[LO],D-1[LO],#A-2[L],D-1[LO],(f1.F-1)[LO],D-1[LO],F-1[LO],#A-1[L],F-1[LN],#A-1[L],(f1.d)[LN],#A-1[LO],d[LO],f[LN],d[LO],f[LO],(f1.#a)[LN],f[LN],#a[LN],d1[LN],#a[LN],d1[LN],f1[JKLNO],(e2.#c2.f1)[JKLNO],(f2.d2.f1)[JKMN],(d2.#a1.f1)[JKLM],(c2.a1.f1)[LN],F-1[LN],A-1[LN],c[LN],A-1[LO],c[LN],f[KLMN],(c2.a1.f1)[KLMO],(e2.c2.#a1.e1)[LN],G-2[LN],#A-2[LN],E-1[LN],#A-2[LN],E-1[LN],G-1[KLMN],(e2.c2.#a1.e1)[KLMO],(f2.c2.f1)[LN],A-1[LN],c[LN],f[LO],c[LN],f[LN],a[KLMN],(f2.c2.f1)[KLMN],(d2.c2.a1.f1)[LN],F-2[LN],A-2[LO],D-1[LN],A-2[LN],D-1[LN],F-1[KLMO],(d2.c2.a1.f1)[KLMN],(g2.c2.g1)[LN],E-1[LN],G-1[LN],c[LN],G-1[LN],c[LN],e[KLMO],(c2.c1)[KLMN],(c2.#f1.#d1.c1)[LN],#G-2[LO],C-1[LN],#D-1[LN],C-1[LN],#D-1[LN],#G-1[KLMN],(c2.#f1.#d1.c1)[KLMN],(c2.g1.e1.c1)[LO],G-1[LN],c[LN],e[LN],c[LN],e[LN],g[KLMO],(c2.g1.e1.c1)[KLMN],(b1.g1.f1.d1.b)[LN],G-2[LNO],B-2[LNO],D-1[LN],B-2[LN],D-1[LNO],G-1[JO],(b1.g1.f1.d1.b)[JN],(c2.g1.e1.c1)[LM],C-1[LN],E-1[LM],G-1[LNO],E-1[LNO],G-1[LM],c[LN],G-1[LN],c[LN],e[LN],c[LN],e[LN],g[LN],e[LO],g[LO],c1[LN],g[LO],c1[LO],e1[LN],c1[LO],e1[LO],g1[LN],e1[LO],g1[LO],c2[JKL],(e2.g2.e3)[JKL],(e2.g2.e3.g)[JKLMN],(d2.f2.d3)[INO],(c3.g2.e2.c2)[LN],C-1[LN],E-1[LN],G-1[LNO],E-1[LN],G-1[LN],c[LO],G-1[LO],c[LN],e[LO],c[LO],e[LN],g[LO],e[LO],g[LN],c1[LO],g[LO],c1[LN],e1[LO],c1[LO],e1[LN],g1[LO],e1[LO],g1[LN],c2[JKL],(e1.g1.e2)[JKL],(e1.g1.e2.G-1)[JKLMO],(d1.f1.d2)[IL],(c2.g1.e1.c1)[LM],C-1[LM],E-1[LM],G-1[LM],E-1[LM],G-1[LM],c[LM],G-1[LM],c[LM],e[LM],c[LM],e[LM],g[LM],e[LM],g[LM],c1[LM],b[LM],c1[LM],b[LM],c1[LM],b[LM],c1[LM],b[LM],c1[LM],b[LM],c1[LM],b[LM],c1[LM],b[LM],c1[LM],b[LM],c1[LM],b[LM],c1[LM],b[LM],c1[LM],b[LM],c1[LM],b[LM],c1[LM],b[LM],c1[LM],b[LMO],c1[LMN],b[LMO],c1[LMNO],b[K],c1[LMNO],(f2.c1.a.f)[KM],g2[KO],f2[LMN],g2[LMNO],f2[LMO],g2[LMN],f2[LMO],g2[LMO],f2[LMO],g2[LMO],f2[LMN],g2[LMO],f2[LMO],g2[LMN],f2[LMO],g2[LMO],(f2.#a.d1)[LMO],g2[LMO],f2[LMN],g2[LMO],f2[LMO],g2[LMN],f2[LMO],g2[LMO],(f2.a.c1)[LMN],g2[LMO],f2[LMO],g2[LMO],f2[LMO],g2[LMN],f2[LMO],g2[LMO],(b2.f)[LO],g[MO],c3[M],#a[LO],(d3.e1)[LMO],c3[LMO],d3[LMO],c3[LMN],d3[LMO],c3[LMO],d3[LMN],c3[LMO],d3[LMO],c3[LMN],d3[LMO],c3[LMO],d3[LMO],c3[LMO],(d3.f)[LO],a[MO],c3[M],c1[LO],(d3.f1)[LMO],c3[LMN],d3[LMO],c3[LMO],d3[LMO],c3[KMNO],#a2[L],a2[LO],g2[LO],(a2.f2)[LO],e2[LO],(d2.a.c1)[L],c2[LO],#a1[LO],a1[MNO],g1[MNO],f1[MN],e1[MNO],(g1.a.c1)[LO],f1[L],e1[LO],f1[LO],g1[LO],a1[LO],#a1[L],c2[LN],d2[L],e2[LO],f2[LO],g2[LO],a2[LO],#a2[L],c3[LO],d3[LO],e3[LO],f3[LO],(e3.a.c1)[LO],f3[LO],e3[L],f3[LO],e3[LO],f3[LO],(#a.d1)[LMO],e3[LMN],f3[LMO],f2[LMO],(a.c1)[LMO],e3[LMO],f3[LMN],f2[LMO],(g.#a)[LMO],e2[LMN],f2[LMO],f1[LMO],(f.a)[LMO],b1[LMO],c2[LMN],c1[LMO],(c2.a.f.c)[LMO],d2[LMN],c2[LMO],d2[LMO],c2[LMN],d2[LMO],c2[LMO],d2[LMO],c1[LMO],d1[LMN],c1[LMO],d1[LMO],c1[LMN],d1[LMO],c1[LMO],d1[LMO],(c2.g.e)[LMO],d2[LMN],c2[LMO],d2[LMO],(c2.a.f)[LMN],d2[LMO],c2[LMO],d2[LMN],(c2.#a.g)[LMO],d2[LMO],c2[LMO],d2[LMO],(c2.b.#g)[LMN],d2[LMO],c2[LMO],d2[LMN],(c2.c1.a.f)[LMO],d2[LMO],c2[LMO],d2[LMO],c2[LMN],d2[LMO],c2[LMO],d2[LMN],f2[LMO],g2[LMO],f2[LMN],g2[LMO],f2[LMO],g2[LMO],f2[LMO],g2[LMN],(f2.d1.#a)[LMO],g2[LMO],f2[LMN],g2[LMO],f2[LMO],g2[LMO],f2[LMO],g2[LMN],(f2.c1.a)[LMO],g2[LMO],f2[LMN],g2[LMO],f2[LMO],g2[LMN],f2[LMO],g2[LMO],(#a2.f)[LO],g[M],c3[MO],#a[L],(#a2.#c1)[LO],e1[MO],c3[LMO],#a2[LMO],c3[LMN],#a2[LMO],c3[LMO],#a2[LMO],c3[LMO],#a2[LMN],c3[LMO],#a2[LMO],c3[LMN],#a2[LMO],c3[LMO],(a2.f)[MNO],c3[N],a[MO],#a2[M],c1[N],a2[MNO],(#a2.f1)[MN],c3[MNO],d3[MN],e3[MNO],(f3.F-1)[LN],e3[LO],f3[LN],e3[LN],f3[LO],e3[LN],(f3.E-1)[LNO],e3[LNO],f3[LNO],e3[LM],f3[LNO],e3[LNO],(f3.B-2)[LMN],e3[LMO],f3[LMO],e3[LMN],f3[LMO],e3[LMN],(f3.C-1)[HJO],(c.f.a)[HHIKMNO],e3[KM],d3[KM],c3[KM],b2[KO],d3[KO],c3[KO],#a2[K],a2[LMNO],g2[LMN],#a2[LMNO],a2[LMN],g2[LM],f2[LMO],e2[LMO],g2[LM],f2[LM],e2[LNO],d2[LNO],c2[LNO],b1[LNO],d2[LM],c2[LNO],#a1[LNO],a1[LNO],g1[LNO],#a1[LM],a1[LNO],g1[LNO],f1[LNO],e1[LNO],g1[LM],f1[LNO],e1[LNO],d1[LNO],c1[LNO],b[LM],d1[LNO],c1[LNO],#a[LNO],a[LNO],g[LM],#a[LNO],a[LNO],g[LNO],f[LNO],e[LM],g[LNO],f[LNO],e[LNO],d[LNO],c[LM],B-1[LNO],d[LNO],c[LNO],#A-1[LNO],c[LM],d[LNO],e[LNO],f[LNO],g[LNO],a[LM],#a[LNO],c1[LNO],d1[LNO],e1[LNO],f1[LM],g1[LNO],a1[LNO],#a1[LNO],c2[LNO],d2[LM],e2[KMN],f2[KLO],g2[KLMO],a2[KLMO],#a2[IJKNO],(e1.c1.#a.g.c.C-1)[HIJMN],(f1.c1.a.F-1.F-2)[HJLMO],(f2.c3.a1.c2)[JKLN],(f2.c3.c2.a1)[IJKNO],(d3.f2.d2.#a1)[JKLN],(c3.f2.c2.a1)[JKLO],(#a2.e3.c2.#a1.g1)[IJKLN],(f3.a2.c2.a1.f1)[IJLNO],f3[K],(f3.c1.f1.a1)[JLMO],c3[LMNO],a2[JKLMN],(c1.e1.#a1)[KLMN],#a2[L],a2[L],g2[MNO],a2[L],#a2[JKN],g2[KO],(f2.f1.a1)[HIJKLM],f2[KO],(f2.a.f.c)[JKL],c2[KNO],a1[ILN],(#a.e.c)[JL],#a1[KM],a1[KMO],c2[KO],#a1[K],a1[KO],#a1[KLO],g1[KLN],(f1.a.f)[HILO],(f1.a.c1.F-1.F-2)[HHJLMNO],(f1.a.f.F-1.F-2)[HIJK],ST;"],"id":3,"instruments":["piano","piano"],"alternatives":["",""]}],"audition":{"start":[0,0],"end":[2,1832]}}