{"baseBpm":153,"musics":[{"id":1,"baseBeats":0.5,"scores":["5<a[M],a2[M]>,5<#a[M],#c1[M]>,(e1@g1@b1@e2)[K],(e1.g1)[L],g1[L],5<f1[M],a1[M]>,5<c2[M],f2[M]>,f3[K];"]},{"id":2,"baseBeats":0.5,"scores":["5<g[M],g2[M]>,5<a[M],a2[M]>,5<g[M],g2[M]>,5<a[M],a2[M]>,b2[J],a2[J],b2[J],d3[J];"]},{"id":3,"baseBeats":0.5,"scores":["5<(b1.b2)[M],g2[M]>,5<e2[M],b1[M]>,5<e2[M],g2[M]>,5<b2[M],b1[M]>;5<a2[M],b1[M]>,5<b2[M],b1[M]>,5<d3[M],b2[M]>,5<#f2[M],d2[M]>;5<#f2[M],b2[M]>,5<(d2.d3)[M],b2[M]>,5<#f2[M],(c2.c3)[M]>,5<d2[M],#f2[M]>;5<b2[M],g2[M]>,5<e2[M],b1[M]>,5<e2[M],g2[M]>,5<b2[M],g2[M]>;5<e2[M],b1[M]>,5<e2[M],g2[M]>,5<b2[M],g2[M]>,5<e2[M],b1[M]>;5<e2[M],g2[M]>,5<b2[M],g2[M]>,5<e2[M],b1[M]>,5<e2[M],g2[M]>,b2[L],b2[L],a2[L],b2[L],d3[L],d3[L],c3[L],b2[L],(E-2)[IIIIIIIIIIIII],(E-1.e)[L],(e.b)[L],(e.b)[L],(E-1.e)[L];(e.b)[L],(e.b)[L],(B-2.B-1)[L],(#f.b)[L];(#f.b)[L],(B-2.B-1)[L],(#f.b)[L],(#f.b)[L];(E-1.e)[L],(g.b)[L],(g.b)[L],(E-1.e)[L];(g.b)[L],(g.b)[L],(E-1.e)[L],(g.b)[L];(g.b)[L],(E-1.e)[L],(g.b)[L],(g.b)[L],3<e[M],a[M],a1[M],a3[M],#f[M]>;"]}]}