{"baseBpm":360,"musics":[{"bpm":360,"baseBeats":0.75,"scores":["#a1[LM],#g1[LM],(g1.#d.g.#a.#d1)[KL],#d2[LM],#a1[LM],(g1.#d.g.#a.#d1)[KL],g2[LM],#d2[LM],(#a1.#d.g.#a.#d1)[KL],#a2[LM],#g2[LM],g2[LM],f2[LM],(#d2.G-1.#A-1.#d)[LM],d2[LM],(d2.#G-1.c.#d)[LM],c2[LM],(#a1.#G-1.c.#d)[LM],#g1[LM],(#g1.#G-1.c.#d)[LM],g1[LM],(f1.A-1.c.#d)[LM],#d1[LM],(#d1.#A-1.d.f)[LM],d1[LM],f1[LM],d1[LM],#a[KL],#a1[LM],#g1[LM],(g1.#d.g.#a.#d1)[KL],#d2[LM],#a1[LM],(g1.#d.g.#a.#d1)[KL],g2[LM],#d2[LM],(#a1.#d.g.#a.#d1)[KL],#a2[LM],#g2[LM],g2[LM],f2[LM],(#d2.G-1.#A-1.#d)[LM],d2[LM],(c2.#G-1.c.#d)[LM],d2[LM],(#d2.#G-1.c.#d)[LM],c2[LM],(d2.#A-1.f.#g)[LM],#d2[LM],(f2.#A-1.f.#g)[LM],d2[LM],(#d2.#d.g.#a)[KL],#a1[LM],g1[LM],#d1[KL],#a1[LM],#g1[LM],(g1.#d.g.#a.#d1)[KL],#d2[LM],#a1[LM],(g1.#d.g.#a.#d1)[KL],g2[LM],#d2[LM],(#a1.#d.g.#a.#d1)[KL],#a2[LM],#g2[LM],g2[LM],f2[LM],(#d2.G-1.#A-1.#d)[LM],d2[LM],(d2.#G-1.c.#d)[LM],c2[LM],(#a1.#G-1.c.#d)[LM],#g1[LM],(#g1.#G-1.c.#d)[LM],g1[LM],(f1.A-1.c.#d)[LM],#d1[LM],(#d1.#A-1.d.f)[LM],d1[LM],f1[LM],d1[LM],#a[KL],#a1[LM],#g1[LM],(g1.#d.g.#a.#d1)[KL],#d2[LM],#a1[LM],(g1.#d.g.#a.#d1)[KL],g2[LM],#d2[LM],(#a1.#d.g.#a.#d1)[KL],#a2[LM],#g2[LM],g2[LM],f2[LM],(#d2.G-1.#A-1.#d)[LM],d2[LM],(c2.#G-1.c.#d)[LM],d2[LM],(#d2.#G-1.c.#d)[LM],c2[LM],(d2.#A-1.f.#g)[LM],#d2[LM],(f2.#A-1.f.#g)[LM],d2[LM],(#d2.#d.g.#a)[KL],#a1[LMN],g1[LMN],#d1[KL],#a[LM],a[LM],(#a.#A-1.f.#g)[KL],(#a.#A-1.f.#g)[LM],c1[LM],(d1.#A-1.f.#g)[LM],#d1[LM],(f1.#A-1.f.#g)[LM],g1[LM],(#g1.#A-1.f)[KL],(#g1.#A-1.f)[LM],f1[LM],(g1.#d.g)[KL],(g1.#d.g)[LM],#d1[LM],(#a.#A-1.f.#g)[KL],(#a1.#A-1.f.#g)[LM],c2[LM],(d2.#A-1.f.#g)[LMN],#d2[LM],(f2.#A-1.f.#g)[LMN],g2[KL],(#g2.#A-1.f.#g)[HJLM],#a1[LM],#g1[LM],(g1.#d.g.#a.#d1)[KL],#d2[LM],#a1[LM],(g1.#d.g.#a.#d1)[KL],g2[LM],#d2[LM],(#a1.#d.g.#a.#d1)[KL],#a2[LM],#g2[LM],g2[LM],f2[LM],(#d2.G-1.#A-1.#d)[LM],d2[LM],(c2.#G-1.c.#d)[LM],d2[LM],(#d2.#G-1.c.#d)[LM],"],"id":1},{"bpm":360,"baseBeats":0.75,"scores":["UV,mute[LM],mute[LM],mute[LM],mute[LM],TU,mute[LM],mute[LM],TU,mute[LM],mute[LM],TU,mute[LM],mute[LM],mute[LM],mute[LM],mute[LM],mute[LM],TU,mute[LM],mute[LM],TU,mute[LM],mute[LM],TUVW,mute[LM],mute[LM],mute[LM],mute[LM],mute[LM],TUV,QSTUV,mute[LM],mute[LM],TU,mute[LM],mute[LM],TU,mute[LM],mute[LM],TU,mute[LM],mute[LM],mute[LM],mute[LM],mute[LM],mute[LM],mute[LM],mute[LM],mute[LM],mute[LM],mute[LM],mute[LM],mute[LM],mute[LM],TUW,mute[LM],mute[LM],TUW,TU,TU,TU,TU,TU,TU,TU,TU,TU,TU,TU,TU,TU,TU,TU,TU,TU,TU,TU,TU,TU,TU,TU,TU,TU,TU,TU,5<UV>,mute[LM],mute[LM],mute[LM],RU,TU,TU,TU,TU,TU,TU,TU,TU,TU,TU,TU,TU,TU,TU,TU,TUW,TU,TU,TU,TU,TU,TU,TU,TU,TU,TU,TUV,mute[LM],mute[LM],mute[LM],mute[LM],RUVW,mute[LM],mute[LM],TU,mute[LM],mute[LM],TU,mute[LM],mute[LM],TU,mute[LM],","c2[LM],(d2.#A-1.f.#g)[LM],#d2[LM],(f2.#A-1.f.#g)[LM],d2[LM],(#d2.#d.g.#a)[KL],#a1[LM],g1[LM],#d1[KL],#a[LM],a[LM],(#a.#A-1.f.#g)[KL],(#a.#A-1.f.#g)[LM],c1[LM],(d1.#A-1.f.#g)[LM],#d1[LM],(f1.#A-1.f.#g)[LM],g1[LM],(#g1.#A-1.f)[KL],(#g1.#A-1.f)[LM],f1[LM],(g1.#d.g)[KL],(g1.#d.g)[LM],#d1[LM],(#a.#A-1.f.#g)[KL],(#a1.#A-1.f.#g)[LM],c2[LM],(d2.#A-1.f.#g)[LMN],#d2[LMN],(f2.#A-1.f.#g)[LMN],g2[KLM],(#g2.#A-1.f.#g)[HJKLM],#a1[LM],#g1[LM],(g1.#d.g.#a.#d1)[KL],#d2[LM],#a1[LM],(g1.#d.g.#a.#d1)[KL],g2[LM],#d2[LM],(#a1.#d.g.#a.#d1)[KL],#a2[LM],#g2[LM],g2[LM],f2[LM],(#d2.G-1.#A-1.#d)[LM],d2[LM],(c2.#G-1.c.#d)[LM],d2[LM],(#d2.#G-1.c.#d)[LM],c2[LM],(d2.#A-1.f.#g)[LM],#d2[LM],(f2.#A-1.f.#g)[LM],d2[LM],(#d2.#d.g.#a)[KL],#a1[LMN],g1[LM],#d1[KLN],#a1[KL],(#a1.#d2.g.#d1)[KL],(#a1.#d2.g.#d1)[KL],(#a2.#a1)[KL],(#a2.#a1)[KL],(#a1.f2.#a.f1)[KL],(#a1.f2.#a.f1)[KL],(#a2.#a1)[KL],(#a2.#a1)[KL],(#a1.g2.#d1.g1)[KL],(#a1.g2.#d1.g1)[KL],(#a2.#a1)[KL],(#a2.#a1)[KL],(#a1.f2.#a.f1)[KL],(#a1.f2.#a.f1)[KL],(#a2.#a1)[KL],(#a2.#a1)[KL],(#a2.g.#a)[KL],(g2.#d1.#a)[KL],(g2.#d1.#a)[KL],(#d2.g1)[KL],(#d2.g1.#d1)[KL],#a1[KL],#a1[KL],g1[KL],(#d1.#d.g)[KL],(#d1.c.g)[KL],(g1.#G-1.#g)[M],f1[L],#d1[LM],(f1.#A-1.#g)[LM],g1[LM],(#d1.#D-1.#d)[IL],#a1[KL],(#a1.#d2.g.#d1)[KL],(#a1.#d2.g.#d1)[KL],(#a2.#a1)[KL],(#a2.#a1)[KL],(#a1.f2.#a.f1)[KL],(#a1.f2.#a.f1)[KL],(#a2.#a1)[KL],(#a2.#a1)[KL],(#a1.g2.#d1.g1)[KL],(#a1.g2.#d1.g1)[KL],(#a2.#a1)[KL],(#a2.#a1)[KL],(#a1.f2.#a.f1)[KL],(#a1.f2.#a.f1)[KL],(#a2.#a1)[KLN],(#a2.#a1)[KL],(#a2.g.#a)[KL],(g2.#d1.#a)[KL],(g2.#d1.#a)[KL],(#d2.g1)[KL],(#d2.g1.#d1)[KL],#a1[KL],#a1[KL],g1[KL],(#d1.#d.g)[KL],(#d1.c.g)[KL],(g1.#G-1.#g)[M],f1[LN],#d1[LM],(f1.#A-1.#g)[LMN],g1[LM],(#d1.#D-1.#d)[ILMN],#a1[LM],#g1[LM],(g1.#d.g.#a.#d1)[KL],#d2[LM],#a1[LM],(g1.#d.g.#a.#d1)[KL],g2[LM],#d2[LM],(#a1.#d.g.#a.#d1)[KL],#a2[LM],"],"id":2},{"bpm":360,"baseBeats":0.75,"scores":["#g2[LM],g2[LM],f2[LM],(#d2.G-1.#A-1.#d)[LM],d2[LM],(d2.#G-1.c.#d)[LM],c2[LM],(#a1.#G-1.c.#d)[LM],#g1[LM],(#g1.#G-1.c.#d)[LM],g1[LM],(f1.A-1.c.#d)[LM],#d1[LM],(#d1.#A-1.d.f)[LM],d1[LM],f1[LM],d1[LM],#a[KL],#a1[LM],#g1[LM],(g1.#d.g.#a.#d1)[KL],#d2[LM],#a1[LM],(g1.#d.g.#a.#d1)[KL],g2[LM],#d2[LM],(#a1.#d.g.#a.#d1)[KL],#a2[LM],#g2[LM],g2[LM],f2[LM],(#d2.G-1.#A-1.#d)[LM],d2[LM],(c2.#G-1.c.#d)[LM],d2[LM],(#d2.#G-1.c.#d)[LM],c2[LM],(d2.#A-1.f.#g)[LM],#d2[LM],(f2.#A-1.f.#g)[LM],d2[LM],(#d2.#d.g.#a)[KLN],#a1[LM],g1[LMN],#d1[KLN],#a[LM],a[LM],(#a.#A-1.f.#g)[KL],(#a.#A-1.f.#g)[LM],c1[LM],(d1.#A-1.f.#g)[LM],#d1[LM],(f1.#A-1.f.#g)[LM],g1[LM],(#g1.#A-1.f)[KL],(#g1.#A-1.f)[LM],f1[LM],(g1.#d.g)[KL],(g1.#d.g)[LM],#d1[LM],(#a.#A-1.f.#g)[KL],(#a1.#A-1.f.#g)[LM],c2[LMN],(d2.#A-1.f.#g)[LM],#d2[LMN],(f2.#A-1.f.#g)[LM],g2[KLM],(#g2.#A-1.f.#g)[HJL],#a1[LM],#g1[LM],(g1.#d.g.#a.#d1)[KL],#d2[LM],#a1[LM],(g1.#d.g.#a.#d1)[KL],g2[LM],#d2[LM],(#a1.#d.g.#a.#d1)[KL],#a2[LM],#g2[LM],g2[LM],f2[LM],(#d2.G-1.#A-1.#d)[LM],d2[LM],(c2.#G-1.c.#d)[LM],d2[LM],(#d2.#G-1.c.#d)[LM],c2[LM],(d2.#A-1.f.#g)[LM],#d2[LM],(f2.#A-1.f.#g)[LM],d2[LM],(#d2.#d.g.#a)[KL],#a1[LM],g1[LM],#d1[KL],#a[LM],a[LM],(#a.#A-1.f.#g)[KL],(#a.#A-1.f.#g)[LM],c1[LM],(d1.#A-1.f.#g)[LM],#d1[LM],(f1.#A-1.f.#g)[LM],g1[LM],(#g1.#A-1.f)[KL],(#g1.#A-1.f)[LM],f1[LM],(g1.#d.g)[KL],(g1.#d.g)[LM],#d1[LM],(#a.#A-1.f.#g)[KLN],(#a1.#A-1.f.#g)[LM],c2[LM],(d2.#A-1.f.#g)[LMN],#d2[LM],(f2.#A-1.f.#g)[K],g2[KLM],(#g2.#A-1.f.#g)[HJKLM],#a1[LM],#g1[LM],(g1.#d.g.#a.#d1)[KL],#d2[LM],#a1[LM],(g1.#d.g.#a.#d1)[KL],g2[LM],#d2[LM],(#a1.#d.g.#a.#d1)[KL],#a2[LM],#g2[LM],g2[LM],f2[LM],(#d2.G-1.#A-1.#d)[LM],d2[LM],(c2.#G-1.c.#d)[LM],d2[LM],(#d2.#G-1.c.#d)[LM],c2[LM],(d2.#A-1.f.#g)[LMN],#d2[LMN],(f2.#A-1.f.#g)[LM],d2[LMN],(#d2.#d.g.#a)[KLM],#a1[KN],g1[KN],#d1[IL],"],"id":3}],"audition":{"start":[0,0],"end":[1,0]}}