{"baseBpm":160,"musics":[{"bpm":160,"baseBeats":0.25,"scores":["#g2[L],a2[L],(d.#f2)[L],(a.d2)[L],(#f.a1)[L],(a.d2)[L],(A-1.#g2)[L],(a.a2)[L],(d.#f2)[L],(a.d2)[L],(#f.a1)[L],(a.d2)[L],(A-1.#g2)[L],(a.a2)[L],(e.e2)[L],(a.#c2)[L],(g.a1)[L],(a.#c2)[L],(A-1.#f2)[L],(a.g2)[L],(d.#f2)[L],(a.d2)[L],(#f.a1)[L],(a.d2)[L],(A-1.#g2)[L],(a.a2)[L],(d.#f2)[L],(a.d2)[L],(#f.a1)[L],(a.d2)[L],(A-1.#g2)[L],(a.a2)[L],(d.#f2)[L],(a.d2)[L],(#f.a1)[L],(a.d2)[L],(A-1.#g2)[L],(a.a2)[L],(e.e2)[L],(a.#c2)[L],(A-1.a1)[L],(a.#c2)[L],(g.g2)[L],(a.e2)[L],(d.d2)[L],a[L],#f[L],a[L],(A-1.#g2)[L],(a.a2)[L],(d.#f2)[L],(a.d2)[L],(#f.a1)[L],(a.d2)[L],(A-1.#g2)[L],(a.a2)[L],(d.#f2)[L],(a.d2)[L],(#f.a1)[L],(a.d2)[L],(A-1.#g2)[L],(a.a2)[L],"],"id":1},{"bpm":160,"baseBeats":0.25,"scores":["(e.e2)[L],(a.#c2)[L],(g.a1)[L],(a.#c2)[L],(A-1.#f2)[L],(a.g2)[L],(d.#f2)[L],(a.d2)[L],(#f.a1)[L],(a.d2)[L],(A-1.#g2)[L],(a.a2)[L],(d.#f2)[L],(a.d2)[L],(#f.a1)[L],(a.d2)[L],(A-1.#g2)[L],(a.a2)[L],(d.#f2)[L],(a.d2)[L],(#f.a1)[L],(a.d2)[L],(A-1.#g2)[L],(a.a2)[L],(e.e2)[L],(a.#c2)[L],(A-1.a1)[L],(a.#c2)[L],(g.g2)[L],(a.e2)[L],(d.d2)[L],d1[L],#f[L],d1[L],(a.#f2)[L],(d1.a2)[L],(d.b2)[L],(d1.g2)[L],(g.g2)[L],(d1.b2)[L],(b.b2)[L],(d1.d3)[L],(d.d3)[L],(d1.a2)[L],(#f.a2)[L],(d1.#f2)[L],(a.#f2)[L],(d1.a2)[L],(d.a2)[L],(d1.g2)[L],(e.g2)[L],(d1.e2)[L],(g.e2)[L],(d1.g2)[L],(d.g2)[L],(d1.#f2)[L],(#f.#f2)[L],(d1.d2)[L],(a.#f2)[L],(d1.a2)[L],(d.b2)[L],"],"id":2},{"bpm":160,"baseBeats":0.25,"scores":["(d1.g2)[L],(g.g2)[L],(d1.b2)[L],(b.b2)[L],(d1.d3)[L],(d.d3)[L],(d1.a2)[L],(#f.a2)[L],(d1.#f2)[L],(a.#f2)[L],(d1.a2)[L],(d.a2)[L],(d1.g2)[L],(e.g2)[L],(d1.e2)[L],(g.e2)[L],(d1.#f2)[L],(d.d2)[L],d1[L],#f[L],d1[L],(a.#f2)[L],(d1.a2)[L],(d.b2)[L],(d1.g2)[L],(g.g2)[L],(d1.b2)[L],(b.b2)[L],(d1.d3)[L],(d.d3)[L],(d1.a2)[L],(#f.a2)[L],(d1.#f2)[L],(a.#f2)[L],(d1.a2)[L],(d.a2)[L],(d1.g2)[L],(e.g2)[L],(d1.e2)[L],(g.e2)[L],(d1.g2)[L],(d.g2)[L],(d1.#f2)[L],(#f.#f2)[L],(d1.d2)[L],(a.#f2)[L],(d1.a2)[L],(d.b2)[L],(d1.g2)[L],(g.g2)[L],(d1.b2)[L],(b.b2)[L],(d1.d3)[L],(d.d3)[L],(d1.a2)[L],(#f.a2)[L],(d1.#f2)[L],(a.#f2)[L],(d1.a2)[L],(d.a2)[L],(d1.g2)[L],(e.g2)[L],(d1.e2)[LO],(g.e2)[LO],(d1.#f2)[LO],(d.#f.d2)[JKMNO],"],"id":3}],"audition":{"start":[0,0],"end":[1,0]}}