{"baseBpm":120,"musics":[{"id":1,"baseBeats":0.25,"scores":["(g1.#a1)[M],d1[M],(g1.#a1)[L],(g1.#a1)[L],(g1.#a1)[M],(#f1.a1)[M];(g1.#a1)[L],(g1.#a1)[M],d1[M],(g1.#a1)[M],d1[M],(g1.#a1)[L];(g1.#a1)[M],d1[M],(g1.#a1)[L],(g1.#a1)[L],(g1.#a1)[M],(#f1.a1)[M];(g1.#a1)[L],(g1.#a1)[M],d1[M],(g1.#a1)[M],d1[M],(g1.#a1)[L];V,g2[M],#f2[M],g2[M],d2[L],V,d2[M];#a1[M],d2[M],g1[L],g1[M],a1[M],#a1[M],d2[M];V,c3[M],#a2[M],c3[M],a2[L],V,5<(a2~#a2)[N],a2[N]>;#f2[M],a2[M],d2[L],d2[M],#f2[M],a2[L];V,g2[M],#f2[M],g2[M],d2[L],V,d2[M];#a1[M],d2[M],g2[L],V,#a2[M],c3[M],#a2[M];V,c3[M],#a2[M],c3[M],a2[L],V,5<(a2~#a2)[N],a2[N]>;#f2[M],a2[M],d2[L],V,V,V,V;V,(#d2.g2)[M],(d2.f2)[M],(#d2.g2)[M],(c2.#d2)[M],(#d2.g2)[M],(#a1.d2)[M],(#d2.g2)[M];(a1.c2)[LM],(f1.c2)[M],(a1.f2)[M],(#a1.g2)[M],(c2.a2)[L];V,(d2.#a2)[M],(c2.a2)[M],(d2.#a2)[M],(#a1.g2)[M],(d2.#a2)[M],(a1.f2)[M],(d2.#a2)[M];(g1.d2)[LM],(g1.#a2)[M],5<(a1.c2)[N],(#a1.d2~a1.c2)[N]>,(g1.#a1)[M],(#a1.d2)[M],#a2[M];V,(#a1.g2)[M],(a1.f2)[M],(#a1.g2)[M],(g1.#d2)[M],(#a1.g2)[M],(f1.d2)[M],(#a1.g2)[M];(a1.c2)[LM],(f1.#d2)[M],(a1.c2)[M],(#a1.d2)[M],(c2.#d2)[M],(d2.f2)[M];(g2.d3)[M],(d2.#a2)[M],(#a1.g2)[LM],U,5<(g2~a2)[N],g2[N]>;g2[M],d2[M],a1[M],g1[M],#f1[M],d2[M],(d2.#a2)[M],(c2.a2)[M],G-1[L],d[L],#a[L],d[L],#a[L],d[L],#a[L],d[L];G-1[L],d[L],#a[L],d[L],#a[L],d[L],#a[L],d[L];V,g2[M],g2[M],a2[M],a2[M],#a2[M],#a2[M],a2[M],a2[M],g2[M],g2[M],d2[M],d2[M],#a1[M],#a1[M],g1[M],g1[M],#a1[M],#a1[M],f2[M],f2[M],#d2[M],#d2[M],d2[M],#d2[M],f2[M],#d2[M],d2[M],c[L],g[L],#d1[L],g[L];V,#d2[M],#d2[M],f2[M],f2[M],g2[M],g2[M],a2[M],a2[M],f2[M],f2[M],c2[M],c2[M],#d2[M],#d2[M],c2[M],#d2[M],d2[M],d2[M],c2[M],d2[M],#d2[M],d2[M],c2[M];d[L],#f[L],a[L],d[L];V,g2[M],g2[M],a2[M],a2[M],#a2[M],#a2[M],a2[M],a2[M],g2[M],g2[M],d2[M],d2[M],#a1[M],#a1[M],g1[M],g1[M],#a1[M],#a1[M],f2[M],f2[M],#d2[M],#d2[M],d2[M],#d2[M],f2[M],#d2[M],d2[M],c[L],g[L],#d1[L],g[L];V,#d2[M],#d2[M],f2[M],f2[M],g2[M],g2[M],a2[M],a2[M],f2[M],f2[M],c2[M],c2[M],#d2[M],#d2[M],c2[M],#d2[M],d2[M],d2[M],c2[M],d2[M],#d2[M],d2[M],c2[M];d2[K];#d3[M],d3[M],d3[M],c3[M],d3[M],#d3[M],d3[M],c3[M],d3[KM],d2[KL];d3[L],g2[M],#a2[M],c3[M],d3[M],c3[M],#a2[M];d3[L],g2[M],#a2[M],c3[M],d3[M],c3[M],#a2[M];#d3[L],g2[M],c3[M],d3[M],#d3[M],d3[M],c3[M];#d3[L],g2[M],c3[M],d3[L],#d3[L];(a2@f3)[LM],g3[M],f3[LM],g3[M],f3[KL],f3[M],g3[M];d3[KL],d3[M],#d3[M],d3[M],c3[M],#a2[M],a2[M],g2[M],#f2[M],g2[M],a2[M],8<(G-2~G-1~g~g1~g2~g3~g4~g3~g2~g1~g~G-1~G-2)[KL]>,(g.g1)[L],(e.e1)[M],(e.e1)[M],(g.g1)[M],(b.b1)[M],(g1.g2.E-1)[L],E-1[L],(#f1.e1.g1.b1.e2.e.#f2)[K],(e1.e2.E-1)[L],E-1[L],(d1.d2.e.e2.b1.g1.e1)[K],(e1.e2.E-1)[L],(e1.e2.E-1)[L],(e1.g1.b1.e2.e)[K],E-1[L],E-1[L],(e1.g1.b1.e2.e)[K],(g1.g2.E-1)[L],E-1[L],(#f1.e1.g1.b1.e2.e.#f2)[K],(e1.e2.E-1)[L],E-1[L],(d1.e1.g1.b1.e2.e.d2)[K],(e1.E-1.e2)[L],(e1.e2.E-1)[L],(e1.g1.b1.e2.e)[K],E-1[L],E-1[L],(e1.g1.b1.e2.e)[K],(d1.E-1.d2)[M],(e1.e2)[M],(e1.E-1.e2)[M],(d1.d2)[M],(e1.e2.e)[L],(e1.e2)[M],(e1.e2)[M],(d1.d2.E-1)[M],(e1.e2)[M],(e1.E-1.e2)[M],(d1.d2)[M],(e1.e.e2)[L],(e1.e2)[M],(e1.e2)[M],(d1.d2.E-1)[M],(e1.e2)[M],(e1.e2.E-1)[M],(d1.d2)[M],(e1.e2.e)[L],(e1.e2)[M],(e1.e2)[M],(a1.E-1.a2)[L],(g1.E-1.g2)[L],(g1.e.g2)[L],(d1.d2)[M],(d1.d2)[M],(e1.e2.E-1)[M],(e1.e2)[M],E-1[M],(d1.d2)[M],(e1.e.e2)[LM],(d1.d2)[M],(e1.e2.E-1)[L],(e1.E-1.e2)[L],(e1.e.e2)[K],(d1.d2)[M],(d1.d2)[M],(d1.d2)[L],(d1.d2)[L],(a.a1)[M],(b.b1)[M],(a.a1)[M],(g.g1)[M],(g.g1)[L],(e.e1)[M],(e.e1)[M],(g.g1)[M],(b.b1)[M],(g1.g2.E-1)[L],E-1[L],(#f1.#f2.e1.g1.b1.e2.e)[K],(e1.e2.E-1)[L],E-1[L],(d1.d2.e1.g1.b1.e2.e)[K],(e1.e2.E-1)[L],(e1.e2.E-1)[L],(e1.g1.b1.e2.e)[K],E-1[L],E-1[L],(e1.g1.b1.e2.e)[K],(g1.g2.E-1)[L],E-1[L],(#f1.#f2.e1.g1.b1.e2.e)[K],(e1.e2.E-1)[L],E-1[L],(d1.d2.e1.g1.b1.e2.e)[K],(e1.e2.E-1)[L],(e1.e2.E-1)[L],(e1.g1.b1.e2.e)[K],E-1[L],E-1[L],(e1.g1.b1.e2.e)[K],(g1.E-1.g2)[L],E-1[L],(#f1.#f2.e1.g1.b1.e2.e)[K],(e1.E-1.e2)[L],E-1[L],(d1.d2.e1.g1.b1.e2.e)[K],(e1.E-1.e2)[L],(e1.e2.E-1)[L],(e1.g1.b1.e2.e)[K],E-1[L],E-1[L],(e1.g1.b1.e2.e)[K],(g1.E-1.g2)[L],E-1[L],(#f1.#f2.e1.g1.b1.e2.e)[K],(e1.E-1.e2)[L],E-1[L],(d1.d2.e1.g1.b1.e2.e)[K],(e1.d.E-1.e2)[L],(e1.e2.E-1.d)[L],A-2[L],A-2[L],A-1[L],A-2[L],A-2[L],A-2[L],A-1[L],A-2[L],A-2[L],A-2[L],A-1[L],A-2[L],A-2[L],A-2[L],A-1[L],A-2[L];A-2[L],A-2[L],A-1[L],A-2[L],A-2[L],A-2[L],A-1[L],A-2[L],A-2[L],A-2[L],A-1[L],A-2[L],A-2[L],A-2[L],A-1[L],A-2[L];F-2[L],F-2[L],F-1[L],F-2[L],F-2[L],F-2[L],F-1[L],F-2[L],G-2[L],G-2[L],G-1[L],G-2[L],G-2[L],G-2[L],G-1[L],G-2[L];A-2[L],A-2[L],A-1[L],A-2[L],A-2[L],A-2[L],A-1[L],A-2[L],A-2[L],A-2[L],A-1[L],A-2[L],A-2[L],A-2[L],A-1[L],A-2[L];A-2[L],A-2[L],A-1[L],A-2[L],A-2[L],A-2[L],A-1[L],A-2[L],A-2[L],A-2[L],A-1[L],A-2[L],A-2[L],A-2[L],A-1[L],A-2[L];A-2[L],A-2[L],A-1[L],A-2[L],A-2[L],A-2[L],A-1[L],A-2[L],A-2[L],A-2[L],A-1[L],A-2[L],A-2[L],A-2[L],A-1[L],A-2[L];F-2[L],F-2[L],F-1[L],F-2[L],F-2[L],F-2[L],F-1[L],F-2[L],G-2[L],G-2[L],G-1[L],G-2[L],G-2[L],G-2[L],G-1[L],G-2[L],5<e2[M],e2[M]>,5<e2[M],e2[M]>,5<e2[M],e2[M]>,5<e2[M],e2[M]>,5<e2[M],e2[M]>,5<e2[M],e2[M]>,5<e2[M],e2[M]>,5<e2[M],e2[M]>,5<(#f2.g2)[M],e2[M]>,5<(b1.d2)[M],e2[M]>,5<(#f2.g2.b2)[M],e2[M]>,5<(b1.d2)[M],e2[M]>,5<(#f2.g2.b2)[M],e2[M]>,5<(b1.d2)[M],e2[M]>,5<(#f2.g2.b2)[M],e2[M]>,5<(b1.d2)[M],e2[M]>,5<(#f2.g2.b2.d3.e1.b1)[M],e2[M]>,5<(d2.d2)[M],e2[M]>,5<(#f2.g2.b2.d3.e1.b1)[M],e2[M]>,5<(#f2.a2.#c3.e3.b.#f1.a1)[M],e2[M]>,5<(#f2.g2.b2.d3.e1.b1)[M],e2[M]>,5<(d2.d2)[M],e2[M]>,5<(#f2.g2.b2.d3.e1.b1)[M],e2[M]>,5<(#f2.a2.#c3.e3.b.#f1.a1)[M],e2[M]>,5<(#f2.g2.b2.d3.e1.b1)[M],e2[M]>,5<(d2.d2)[M],e2[M]>,5<(#f2.g2.b2.d3.e1.b1)[M],e2[M]>,5<(#f2.a2.#c3.e3.b.#f1.a1)[M],e2[M]>,5<(#f2.g2.b2.d3.e1.b1)[M],e2[M]>,5<(#f2.a2.#c3.e3.b.#f1.a1)[M],e2[M]>,5<(#f2.g2.b2.d3.e1.b1)[M],e2[M]>,5<(#f2.a2.#c3.e3.b.#f1.a1)[M],e2[M]>,5<(b2.d3.#f3.e1.b1)[M],#f2[M]>,5<(#f2.g1)[M],#f2[M]>,5<(d3.#f3.b1)[M],#f2[M]>,5<(#f2.d2)[M],#f2[M]>,5<(d3.#f3.e2)[M],#f2[M]>,5<(g2.#f2)[M],#f2[M]>,5<(b2.d3.#f3)[M],#f2[M]>,5<(d3.#f2)[M],#f2[M]>,5<(b2.d3.#f3.#f2)[M],#f2[M]>,5<(d3.#f3.a3.a2)[M],a2[M]>,5<(b2.d3.#f3.#f2)[M],#f2[M]>,5<(b2.d3.g3.g2)[M],g2[M]>,5<(b2.d3.e3.e2)[M],e2[M]>,5<(g2.b2.d3.d2)[M],d2[M]>,5<(e2.g2.b2.b1)[M],b1[M]>,5<(g2.b2.d3.d2)[M],d2[M]>,5<(e2.g2.a2.a1)[M],a1[M]>,5<a1[M],a1[M]>,5<(e2.g2.b2.b1)[M],b1[M]>,5<b1[M],b1[M]>,5<(b2.d3.#f3.#f2)[M],#f2[M]>,5<(#f2.e1)[M],#f2[M]>,5<(b2.d3.#f3.b1)[M],#f2[M]>,5<(#f2.d2)[M],#f2[M]>,5<(b2.d3.#f3.#f2)[M],#f2[M]>,5<(d3.#f3.a3.a2)[M],a2[M]>,5<(b2.d3.#f3.#f2)[M],#f2[M]>,5<(b2.d3.g3.g2)[M],g2[M]>,5<(b2.d3.e3.e2)[M],e2[M]>,5<(g2.b2.d3.d2)[M],d2[M]>,5<(b1.e2.g2.b2)[M],b1[M]>,5<(d2.g2.b2.d3)[M],d2[M]>,5<(e2.g2.a2.a1)[M],a1[M]>,5<a1[M],a1[M]>,5<(e2.g2.b2.b1)[M],b1[M]>,5<b1[M],b1[M]>,5<(b2.d3.#f3.#f2)[M],#f2[M]>,5<(#f2.a.e1)[M],#f2[M]>,5<(b2.d3.#f3.b1)[M],#f2[M]>,5<(#f2.d2)[M],#f2[M]>,5<(b2.d3.#f3.#f2)[M],#f2[M]>,5<(d3.#f3.a3.a2)[M],a2[M]>,5<(b2.d3.#f3.#f2)[M],#f2[M]>,5<(b2.d3.g3.g2)[M],g2[M]>,5<(b2.d3.e3.e2)[M],e2[M]>,5<(g2.b2.d3.d2)[M],d2[M]>,5<(e2.g2.b2.b1)[M],b1[M]>,5<#f2[M],#g2[M]>,#a2[L],#f2[L],#c2[L],#c3[L];b2[L],#a2[L],#g2[L],#f2[L],#f2[L],U,U,3<#a2[M],#a2[M];#a2[M],f2[M],f2[M],#a2[M],#a2[M],f2[M],f2[M],#a2[M],a2[M],f2[M],f2[M],a2[M],a2[M],f2[M],f2[M],a2[M];#a2[M],f2[M],f2[M],#a2[M],#a2[M],f2[M],f2[M],#a2[M],c3[M],f2[M],f2[M],c3[M],c3[M],f2[M],f2[M],c3[M];#c3[M],f2[M],f2[M],#c3[M],#c3[M],f2[M],f2[M],#c3[M],c3[M],f2[M],f2[M],c3[M],c3[M],f2[M],f2[M],c3[M];#a2[M],f2[M],#c2[M],f2[M],#a1[M],c2[M],#c2[M],c2[M],#a1[M],f1[M],#c1[M],f1[M],#a[M],d1[M],f1[M],#a1[M];#g1[M],g1[M],#g1[M],c2[M],#d2[M],c2[M],#g1[M],#f1[M],f1[M],e1[M],f1[M],#a1[M],#c2[M],c2[M],#c2[M],#a1[M];#g1[M],g1[M],#g1[M],c2[M],#d2[M],#f2[M],f2[M],#d2[M],#c2[M],c2[M],#c2[M],#d2[M],f2[M],d2[M],#a1[M],#a2[M];#f2[M],f2[M],#d2[M],f2[M],#f2[M],#g2[M],#a2[M],#f2[M],f2[M],#d2[M],#c2[M],#d2[M],f2[M],#c2[M],#a1[M],f1[M];f1[M],g1[M],a1[M],#a1[M],c2[M],#c2[M],#d2[M],f2[M],#a1[M],f[M],#a[M],#c1[M]>,#A-1[JL];","g[M],d[M],g[K],#a[M],a[M],g[LM],d[M],g[M],d[M],#A-1[M],d[M],g[M],d[M],g[K],#a[M],a[M],g[LM],d[M],g[M],d[M],#A-1[M],d[M],G-1[L],g[L],g[L],g[M],(F-1.f)[M],(G-1.g)[L],#a[M],d[M],#a[M],d[M],#a[M],d[M],A-1[M],#d[M],(g.c1)[L],(g.c1)[L],g[M],#d[M],#f[M],d[M],#f[M],#d[M],d[L],#f[M],d[M],(G-1.g)[M],d[M],g[L],g[L],#a[M],a[M],g[L],g[M],d[M],g[M],d[M],#A-1[M],d[M],(c.g)[M],#d[M],g[L],g[L],g[M],#d[M],d[L],#f[M],d[M],#f[M],d[M],a[M],d[M],(C-1.c)[LM],(C-1.c)[L],g[M],c1[M],c[M],(F-1.f)[LM],(F-1.f)[L],(F-1.f)[L],(F-1.f)[M],(G-1.g)[LM],(G-1.g)[L],d[M],#a[M],d[M],G-1[LM],G-1[M],g[M],G-1[M],g[M],G-1[M],c[LM],c[M],g[M],#d[M],g[M],#d[M],(F-1.f)[LM],(F-1.f)[L],(F-1.f)[L],(F-1.f)[M],(#D-1.#d)[LM],(#D-1.#d)[L],(#D-1.#d)[L],#A-1[M],(D-1.d)[L],d1[M],a[M],d1[M],a[M],d1[M],a[M],Q,G-1[L],d[L],#a[L],d[L],#a[L],d[L],G-1[L],d[L],#a[L],d[L],c[L],g[L],#d1[L],g[L],#d2[J],F-1[L],c[L],a[L],c[L],a[L],c[L],F-1[L],c[L],#A-1[L],f[L],#a1[L],d[L],d2[J],G-1[L],d[L],#a[L],d[L],#a[L],d[L],G-1[L],d[L],#a[L],d[L],c[L],g[L],#d1[L],g[L],#d2[J],F-1[L],c[L],a[L],c[L],a[L],c[L],F-1[L],c[L],#A-1[L],f[L],#a1[L],d[L],d[L],a[L],d1[L],#f1[L],a1[L],d2[L],#f2[L],a2[JM],g[M],d1[M],g1[M],a1[M],#a1[M],d2[LM],g[M],#a1[M],d1[M],g1[M],a1[M],#a1[M],d2[L],c[M],g[M],c1[M],d1[M],#d1[M],g1[LM],c[M],g[M],c1[M],d1[M],#d1[M],g1[LM],F-1[M],c[M],f[M],a[M],c1[M],f1[M],a1[M],c2[LM],f2[M],c2[M],a1[M],f1[M],a1[M],#A-1[M],f[M],#a[M],d1[M],#a[M],d1[L],a[M],d[M],c1[M],a[M],c1[M],a[M],c1[L],d[M];"]},{"id":2,"baseBeats":0.25,"scores":["f1[M],#d1[M];d1[M],f1[M],#a1[M],d2[M],f2[M],#a2[M],d3[M],f3[M];d3[L],d3[L],5<d3[N],#d3[N]>,5<d3[N],#d3[N]>,d3[M],f3[M];5<d3[N],#d3[N]>,5<d3[N],#d3[N]>,d3[M],f3[M],5<d3[N],#d3[N]>,5<d3[N],#d3[N]>,d3[M],f3[M];f3[M],#d3[M],c3[M],a2[M],f2[L],(c.#d)[M],5<W,W>;#d1[M],f1[M],a1[M],c2[M],f2[M],a2[M],c3[M],#d3[M];a3[L],a3[L],5<a3[N],#a3[N]>,5<a3[N],#a3[N]>,g3[M],#d3[M];5<a3[N],#a3[N]>,5<a3[N],#a3[N]>,g3[M],#d3[M],5<a3[N],#a3[N]>,5<a3[N],#a3[N]>,g3[M],#d3[M];g3[M],f3[M],d3[M],#a2[M],f2[L],f1[M],#d1[M];d1[M],f1[M],#a1[M],d2[M],f2[M],#a2[M],d3[M],f3[M];d3[L],d3[L],5<d3[N],#d3[N]>,5<d3[N],#d3[N]>,d3[M],f3[M];5<d3[N],#d3[N]>,5<d3[N],#d3[N]>,d3[M],f3[M],5<d3[N],#d3[N]>,5<d3[N],#d3[N]>,d3[M],f3[M];f3[M],#d3[M],c3[M],a2[M],f2[L],(c.#d)[M],5<W,W>;#d1[M],f1[M],a1[M],c2[M],f2[M],a2[M],c3[M],#d3[M];a3[L],a3[L],5<a3[N],#a3[N]>,5<a3[N],#a3[N]>,g3[M],#d3[M];f3[L],a3[M],g3[M],f3[M],#d3[M],d3[M],c3[M];#a2[L],#a2[L],#a2[L],b1[L],b1[M],a1[M],b1[L],b1[M],a1[M];b1[L],b1[M],a1[M],b1[M],a1[M],e1[M],c1[M];g1[L],a1[M],f1[KM];5<f3[N],d3[N]>,5<a2[N],f2[N]>,5<d3[N],a2[N]>,5<f2[N],d2[N]>,5<a2[N],f2[N]>,5<d2[N],a1[N]>,5<f2[N],d2[N]>,5<a1[N],f1[N]>;9<a1[KL]>,b1[L];9<#g1[KL]>,b1[M],V;9<b1[LM]>,9<a1[K]>,9<e2[L]>,e2[M],d2[M],V,c2[M],b1[LM];a2[M],8<c3[N],a2[N]>,c3[M],a2[M],b2[M],g2[M],d2[M],b2[M];f2[M],8<a2[N],f2[N]>,a2[M],f2[M],g2[M],a2[M],b2[M],g2[M];a2[M],8<c3[N],a2[N]>,c3[M],a2[M],b2[M],g2[M],d2[M],b2[M];f2[M],8<a2[N],f2[N]>,a2[M],f2[M],g2[M],a2[M],b2[M],V,(f1.#a1.d2.f2)[L],(a1.#a1.#a2)[K],5<(#a1.f2.#a2)[M],g[M]>;(#a1.f2.#a2)[JM],5<d1[M],#d3[M]>,5<f1[M],#a1[M]>;(f1.#a1.f2)[J],(c2.f2.c3)[J],5<(a1.a2)[M],V>;(#a1.d2.f2.#a2)[K],5<d1[M],f1[M]>,5<#a1[M],d2[M]>;(f1.#a1.d2.f2)[K];","U;#A-1[L],(d.f)[L],F-1[L],(d.f)[L];#A-1[L],(d.f)[L],F-1[L],(d.f)[L];#A-1[L],(d.f)[L],B-1[L],(d.f)[L];c[L],(#d.a)[L],F-1[L],(f1~g1~f1)[L];c[L],(#d.a)[L],F-1[L],(c.#d)[L];c[L],(#d.a)[L],F-1[L],(c.#d)[L];c[L],(#d.a)[L],F-1[L],(c.#d)[L];#A-1[L],A-1[L],G-1[L],A-1[L];#A-1[L],(d.f)[L],F-1[L],(d.f)[L];#A-1[L],(d.f)[L],F-1[L],(d.f)[L];#A-1[L],(d.f)[L],B-1[L],(d.f)[L];c[L],(#d.a)[L],F-1[L],(f1~g1~f1)[L];c[L],(#d.a)[L],F-1[L],(c.#d)[L];c[L],(#d.a)[L],F-1[L],(c.#d)[L];(F-1.c.#d)[K],(c.#d.a)[K];(#A-1.#a)[L],(#A-1.d.f.#a)[L],(#A-1.d.f.#a)[K],A-2[M],A-2[M],E-1[M],E-1[M],D-1[M],D-1[M],E-1[M],E-1[M];A-2[M],A-2[M],E-1[M],E-1[M],D-1[M],D-1[M],E-1[M],E-1[M];D-1[M],D-1[M],A-1[M],A-1[M],F-1[M],F-1[M],A-1[M],A-1[M];D-1[M],D-1[M],A-1[M],A-1[M],F-1[M],F-1[M],A-1[M],A-1[M];B-2[M],B-2[M],F-1[M],F-1[M],D-1[M],D-1[M],F-1[M],F-1[M];E-1[M],E-1[M],B-1[M],B-1[M],#G-1[M],#G-1[M],B-1[M],B-1[M];A-2[M],A-2[M],E-1[M],E-1[M],C-1[M],C-1[M],E-1[M],E-1[M];A-2[M],A-2[M],E-1[M],E-1[M],D-1[M],D-1[M],E-1[M],E-1[M];A-2[LM],A-2[M],G-2[LM],G-2[M];F-2[LM],F-2[M],G-2[LM],G-2[M];A-2[LM],A-2[M],G-2[LM],G-2[M];F-2[LM],F-2[M],G-2[LM],G-2[M];"]},{"id":3,"baseBeats":0.25,"scores":["#f[K];#c1[L],#a[L],#a[K],#g[L],#f[L],#f[L],b[K],#a[L],#a[L],#g[L],#g[L],#f[K],#f[L];#c1[L],#a[L],#a[L],#g[L],#g[L],#f[L],#f[L],#d[K],#c[K],U,T,#f[L],#f[L];#c1[L],#a[L],#a[L],#g[L],#g[L],#f[L],#f[L],b[K],#a[L],#a[L],#g[L],#g[L],#f[L],#f[L],#c1[K],#a[L],#a[L],#g[K],#f[L],#f[L],#g[K],#d[K],U,T,#f[LM],#f[M];#f[L],#f[L],#f[M],#f[M],#f[M],#f[M],#f[L],#f[L],#f[M],#f[M],U;#f[L],#f[M],#f[M],#f[L],#f[M],#f[M],#f[M],#f[M],#f[L],#a[M],#f[M],U;#a[M],#c1[M],#c1[L],#c1[L],b[M],b[M],#a[L],#a[L],#a[L],V,#c[M];#a[L],#f[L],#f[L],#f[M],#d[M],#f[L],#f[L],#d[M],#c[M],U;#a[M],#c1[L],#a[M],#d1[L],#a[M],#c1[L],#a[M],#d1[L],#a[M],#c1[L],b[L],#a[L],#g[L],#g[L],#f[M],#g[L],#f[K],V,#c[M];","T,#F-2[KL],C-1[L],#C-1[KL],#D-1[L],#G-2[KL],#A-2[L],B-2[KL],#C-1[L],#F-2[KL],C-1[L],#C-1[KL],#D-1[L],#G-2[KL],#A-2[L],B-2[KL],#C-1[L],#F-2[KL],C-1[L],#C-1[KL],#D-1[L],#G-2[KL],#A-2[L],B-2[KL],#C-1[L],#F-2[KL],C-1[L],#C-1[KL],#D-1[L],#G-2[KL],#A-2[L],B-2[KL],#C-1[L],#F-2[KL],C-1[L],#C-1[KL],#D-1[L],#G-2[KL],#A-2[L],B-2[KL],#C-1[L],#F-2[KL],C-1[L],#C-1[KL],#D-1[L],#G-2[KL],#A-2[L],B-2[KL],#C-1[L],#F-2[KL],C-1[L],#C-1[KL],#D-1[L],#G-2[KL],#A-2[L],B-2[KL],#C-1[L];"]},{"id":4,"baseBeats":0.25,"scores":["g2[KL],g2[KL],g2[KL],g2[KL],g2[KL],g2[KL],g2[KL],g2[KL],g2[KL],(g4~g4)[K],10<(c.d.e.f.g.a.b)[K],(c.d.e.f.g.a.b)[M],(c.d.e.f.g.a.b)[M]>,(c.d.e.f.g.a.b)[I],(c.d.e.f.g.a.b)[I],(c.d.e.f.g.a.b)[I],(c.d.e.f.g.a.b)[I];","A-1[L],#c[L],#f[L],a[L],A-1[L],#c[L],a[L],#f[L];B-1[L],#f[L],a[L],b[L],E-1[L],B-1[L],#g[L],e[L];A-1[L],#c[L],#f[L],a[L],A-1[L],#c[L],#f[L],a[L];#G-1[L],#d[L],#f[L],c1[L],#G-1[L],#d[L],#f[L],c1[L];A-1[L],#d[L],#f[L],b[L],#A-1[L],#d[L],#f[L],#a[L];c[L],#d[L],#f[L],a[L],c[L],#d[L],#f[L],a[L];A-1[L],#d[L],#f[L],b[L],#A-1[L],#d[L],#f[L],#a[L];B-1[L],#d[L],#f[L],a[L],c[L],#d[L],#g[L],#f[L];#c[L],#g[L],#c1[L],e1[L],#c1[L],#g[L],#c1[L],e1[L];#c[L],#g[L],#c1[L],e1[L],#c1[L],#g[L],#c1[L],e1[L];#d[L],a[L],#c1[L],#f1[L],#c1[L],a[L],#c1[L],#f1[L];#G-1[L],#d[L],#f[L],c1[L],#f[L],#d[L],#f[L],c1[L];"]},{"id":5,"baseBeats":0.25,"scores":["A-1[M],e[M],a[M],c1[M],e1[M],a1[M],c1[M],e1[M],a1[M],c2[M],e2[M],a2[M];(a1.c2.a2.c3)[LM],(e1.a1.e2.a2)[LM],(c2.e2.c3.e3)[M],(c2.e2.c3.e3)[L],(a1.c2.a2.c3)[LM];D-1[M],A-1[M],d[M],f[M],a[M],d1[M],f[M],a[M],d1[M],f1[M],a1[M],d2[M];(d1.f1.d2.f2)[LM],(a.d1.a1.d2)[LM],(f1.a1.f2.a2)[M],(f1.a1.f2.a2)[L],(d1.f1.d2.f2)[LM];E-1[M],B-1[M],e[M],#g[M],b[M],e1[M],b1[LM],e2[LM];A-1[M],e[M],a[M],c1[M],e1[M],a1[M],e2[LM],a2[LM];B-1[M],e[M],g[M],b[M],e1[M],g1[M],B-1[M],#f[M],a[M],#d1[M],#f1[M],b1[M];E-1[M],B-1[M],e[M],#g[M],b[M],e1[M],e2[LM],e1[LM];a1[M],b1[M],d2[M],f2[M],d2[M],b1[M],a1[M],b1[M],d2[M],f2[M],d2[M],b1[M];a1[M],b1[M],d2[M],f2[M],d2[M],b1[M],a1[M],b1[M],d2[M],f2[M],d2[M],b1[M];a1[M],b1[M],d2[M],f2[M],d2[M],b1[M],a1[M],b1[M],d2[M],f2[M],d2[M],b1[M];b2[KM],c3[M],a1[M],b1[M],d2[M],f2[M],d2[M],b1[M];a1[M],b1[M],#d2[M],#f2[M],#d2[M],b1[M],a1[M],b1[M],#d2[M],#f2[M],#d2[M],b1[M];a1[M],b1[M],#d2[M],#f2[M],#d2[M],b1[M],a1[M],b1[M],#d2[M],#f2[M],#d2[M],b1[M];a1[M],b1[M],#d2[M],#f2[M],#d2[M],b1[M],a1[M],b1[M],#d2[M],#f2[M],#d2[M],b1[M];b2[KM],c3[M],a1[M],b1[M],#d2[M],#f2[M],#d2[M],b1[M],U,U,U,7<(c5~b4~#a4~a4~#g4~g4~#f4~f4~e4~#d4~d4~#c4~c4~b3~#a3~a3~#g3~g3~#f3~f3~e3~#d3~d3~#c3~c3~b2~#a2~a2~#g2~g2~#f2~f2~e2~#d2~d2~#c2~c2~b1~#a1~a1~#g1~g1~#f1~f1~e1~#d1~d1~#c1~c1~b~#a~a~#g~g~#f~f~e~#d~d~#c~c~B-1~#A-1~A-1~#G-1~G-1~#F-1~F-1~E-1~#D-1~D-1~#C-1~C-1~B-2~#A-2~A-2~#G-2~G-2~#F-2~F-2~E-2~#D-2~D-2~#C-2~C-2~B-3~#A-3~A-3)[KLM]>,7<(c5~b4~#a4~a4~#g4~g4~#f4~f4~e4~#d4~d4~#c4~c4~b3~#a3~a3~#g3~g3~#f3~f3~e3~#d3~d3~#c3~c3~b2~#a2~a2~#g2~g2~#f2~f2~e2~#d2~d2~#c2~c2~b1~#a1~a1~#g1~g1~#f1~f1~e1~#d1~d1~#c1~c1~b~#a~a~#g~g~#f~f~e~#d~d~#c~c~B-1~#A-1~A-1~#G-1~G-1~#F-1~F-1~E-1~#D-1~D-1~#C-1~C-1~B-2~#A-2~A-2~#G-2~G-2~#F-2~F-2~E-2~#D-2~D-2~#C-2~C-2~B-3~#A-3~A-3)[KLM]>,7<(c5~b4~#a4~a4~#g4~g4~#f4~f4~e4~#d4~d4~#c4~c4~b3~#a3~a3~#g3~g3~#f3~f3~e3~#d3~d3~#c3~c3~b2~#a2~a2~#g2~g2~#f2~f2~e2~#d2~d2~#c2~c2~b1~#a1~a1~#g1~g1~#f1~f1~e1~#d1~d1~#c1~c1~b~#a~a~#g~g~#f~f~e~#d~d~#c~c~B-1~#A-1~A-1~#G-1~G-1~#F-1~F-1~E-1~#D-1~D-1~#C-1~C-1~B-2~#A-2~A-2~#G-2~G-2~#F-2~F-2~E-2~#D-2~D-2~#C-2~C-2~B-3~#A-3~A-3)[KLM]>,7<(c5~b4~#a4~a4~#g4~g4~#f4~f4~e4~#d4~d4~#c4~c4~b3~#a3~a3~#g3~g3~#f3~f3~e3~#d3~d3~#c3~c3~b2~#a2~a2~#g2~g2~#f2~f2~e2~#d2~d2~#c2~c2~b1~#a1~a1~#g1~g1~#f1~f1~e1~#d1~d1~#c1~c1~b~#a~a~#g~g~#f~f~e~#d~d~#c~c~B-1~#A-1~A-1~#G-1~G-1~#F-1~F-1~E-1~#D-1~D-1~#C-1~C-1~B-2~#A-2~A-2~#G-2~G-2~#F-2~F-2~E-2~#D-2~D-2~#C-2~C-2~B-3~#A-3~A-3)[KLM]>,7<(c5~b4~#a4~a4~#g4~g4~#f4~f4~e4~#d4~d4~#c4~c4~b3~#a3~a3~#g3~g3~#f3~f3~e3~#d3~d3~#c3~c3~b2~#a2~a2~#g2~g2~#f2~f2~e2~#d2~d2~#c2~c2~b1~#a1~a1~#g1~g1~#f1~f1~e1~#d1~d1~#c1~c1~b~#a~a~#g~g~#f~f~e~#d~d~#c~c~B-1~#A-1~A-1~#G-1~G-1~#F-1~F-1~E-1~#D-1~D-1~#C-1~C-1~B-2~#A-2~A-2~#G-2~G-2~#F-2~F-2~E-2~#D-2~D-2~#C-2~C-2~B-3~#A-3~A-3)[KLM]>,U,U,(c.d.e.f.g.a.b)[IL],g2[K],c2[J],(e.c1)[I];","QRTU,#g1[JK],c2[IJKL],f1[JM],e1[LM],d1[LM],e1[LM],d1[LM],c1[LM],b[KM],c1[M],b[KL],a1[M],b1[M],d2[M],f2[M],d2[M],b1[M],b2[KL],#f1[JM],e1[LM],#d1[LM],e1[LM],#d1[LM],#c1[LM],b[KM],c1[M],b[KL],a1[M],b1[M],#d2[M],#f2[M],#d2[M],b1[M],b2[KL],"]}]}