{"baseBpm":126,"musics":[{"bpm":126,"baseBeats":0.25,"scores":["V,V,U,U,U,V,V,U,U,T,U,V,V,U,U,UV,5<V>,U,V,V,U,U,U,V,V,U,U,T,V,V,V,V,U,V,V,TU,V,V,U,U,U,V,V,U,U,U,V,V,V,V,V,V,V,V,V,V,U,U,U,V,V,U,U,U,V,V,U,V,V,U,V,V,V,V,V,V,V,V,V,V,U,V,V,U,V,V,U,U,U,U,V,V,V,V,U,U,U,U,U,V,V,U,U,U,V,V,U,U,U,U,V,V,V,V,U,V,V,U,A-2[M],A-2[M],A-1[M],A-2[M],A-2[M],A-2[M],A-1[M],A-2[M],A-2[M],A-2[M],A-1[M],A-2[M],A-2[M],A-2[M],A-1[M],A-2[M];A-2[M],A-2[M],A-1[M],A-2[M],A-2[M],A-2[M],A-1[M],A-2[M],A-2[M],A-2[M],A-1[M],A-2[M],A-2[M],A-2[M],A-1[M],A-2[M];F-2[M],F-2[M],F-1[M],F-2[M],F-2[M],F-2[M],F-1[M],F-2[M],G-2[M],G-2[M],G-1[M],G-2[M],G-2[M],G-2[M],G-1[M],G-2[M];A-2[M],A-2[M],A-1[M],A-2[M],A-2[M],A-2[M],A-1[M],A-2[M],A-2[M],A-2[M],A-1[M],A-2[M],A-2[M],A-2[M],A-1[M],(c5~b4~a4~g4~f4~e4~d4~c4~b3~a3~g3~f3~e3~d3~c3~b2~a2~g2~f2~e2~d2~c2~b1~a1~g1~f1~e1~d1~c1~b~a~g~f~e~d~c)[M],(c5~b4~a4~g4~f4~e4~d4~c4~b3~a3~g3~f3~e3~d3~c3~b2~a2~g2~f2~e2~d2~c2~b1~a1~g1~f1~e1~d1~c1~b~a~g~f~e~d~c)[M],(c5~b4~a4~g4~f4~e4~d4~c4~b3~a3~g3~f3~e3~d3~c3~b2~a2~g2~f2~e2~d2~c2~b1~a1~g1~f1~e1~d1~c1~b~a~g~f~e~d~c)[M],(c5~b4~a4~g4~f4~e4~d4~c4~b3~a3~g3~f3~e3~d3~c3~b2~a2~g2~f2~e2~d2~c2~b1~a1~g1~f1~e1~d1~c1~b~a~g~f~e~d~c)[M],(c5~b4~a4~g4~f4~e4~d4~c4~b3~a3~g3~f3~e3~d3~c3~b2~a2~g2~f2~e2~d2~c2~b1~a1~g1~f1~e1~d1~c1~b~a~g~f~e~d~c)[M],(c5~b4~a4~g4~f4~e4~d4~c4~b3~a3~g3~f3~e3~d3~c3~b2~a2~g2~f2~e2~d2~c2~b1~a1~g1~f1~e1~d1~c1~b~a~g~f~e~d~c)[M],(c5~b4~a4~g4~f4~e4~d4~c4~b3~a3~g3~f3~e3~d3~c3~b2~a2~g2~f2~e2~d2~c2~b1~a1~g1~f1~e1~d1~c1~b~a~g~f~e~d~c)[M],f[K],3<(#c2.#a2)[M],(#c2.#a2)[M],(#f2.#a2)[M],(#f2.#a2)[M],#f[L],(#f2.#a2)[M],(#f2.#a2)[M],(#a2.#c3)[M],(#a2.#c3)[M],(#g2.c3)[M],(#g2.c3)[M],(#f2.#a2)[M],(#f2.#a2)[M],(#f2.#a2)[M],(#f2.#a2)[M],(f2.a2)[M],(f2.a2)[M],(f2.a2)[M],(e2.#g2)[M],(f2.a2)[M],(d2.#a2)[M],(e2.c3)[M],(d2.#a2)[M],(f2.a2)[M],(d2.#a2)[M],(c2.a2)[M],(#a1.g2)[M],(c2.f2)[M],(c2.f2)[M],(c2.f2)[M],V,(#d2.#f2)[M],(#d2.#f2)[M],(#d2.#f2)[M],(#c2.f2)[M],(c2.#d2)[M],(b1.d2)[M],(c2.#d2)[M],V,#g[M],#d1[M],(c2.#d2)[M],(#c2.f2)[M],(#d2.#f2)[M],(f2.#g2)[M],(#f2.#a2)[M],(#d2.c3)[M],(f2.#c3)[M],(f2.#c3)[M],#c2[M],#c2[M],(#f2.#a2)[M],(#f2.#a2)[M],c2[M],c2[M],(f3.#c4)[M],(f3.#c4)[M],#c3[M],#c3[M],(#f3.#a3)[M],(#f3.#a3)[M],c3[M],c3[M],(#c4.f4)[M],(#c4.f4)[M],#c3[M],#c3[M],(#f3.#a3)[M],(#f3.#a3)[M],c3[M],c3[M],#d3[M],c3[M],#c3[M],c3[M],#d3[M],c3[M],#c3[M],c3[M],#d3[M],c3[M],#c3[M],c3[M],#d3[M],c3[M],#c3[M],c3[M],#d3[M],c3[M],#c3[M],c3[M],(#d3.#c3)[M],(#f3.#d3)[M],(#g3.#f3)[M],(#a3.#g3)[M],(#c4.#a3)[M],(#d4.#c4)[M],(#f4.#c4)[M],(#d4.#a3)[M],(#c4.#g3)[M],(#a3.#f3)[M],(#g3.#d3)[M],(#f3.#c3)[M],(#d3.#a2)[M],(#c3.#g2)[M],(#a2.#f2)[M],(#g2.#d2)[M],(#f2.#c2)[M],(#d2.#a1)[M],(#c2.#g1)[M],(#a1.#f1)[M];(#g1.#d1)[M],(#f1.#c1)[M],(#d1.#a)[M],(#c1.#g)[M],(#a.#f)[M],(#g.#d)[M],(#f.#c)[M],(#d.#A-1)[M],(#c.#G-1)[M],(#A-1.#F-1)[M],(#G-1.#D-1)[M],(#F-1.#C-1)[M],(#D-1.#A-2)[M],(#C-1.#G-2)[M],(#A-2.F-2)[M],(#C-2.#C-1)[M],(#G-1.#c)[M],(f.#g)[M],(#c1.#d1)[M],(f1.#g1)[M],(#c2.#d2)[M],(f2.#g2)[M],(#c3.#d3)[M],(f3.#g3)[M],(#c4.#d4)[M]>,(#c3.#g3.f4)[LM];","e2[M],#f2[M],(e.g2)[L],(e1.g1.b1.e2)[L],(B-1.b2)[L],(e1.g1.b1.e2)[M],#f2[M],(e.g2)[L],(e1.g1.b1.e2)[L],(B-1.b2)[K],(e.#f3)[L],(e1.g1.b1.#f3)[M],g3[M],(B-1.#f3)[L],(e1.g1.b1.e3)[L],(e.b2.b3)[LMN],#a[N],b[L],e2[M],#f2[M],(e.g2)[L],(e1.g1.b1.e2)[L],(B-1.b2)[L],(e1.g1.b1.e2)[M],#f2[M],(e.g2)[L],(e1.g1.b1.e2)[L],(B-1.b2)[K],(e.b3)[M],c4[M],(e1.g1.b1.b3)[M],a3[M],(B-1.g3)[L],(e1.g1.b1.g3)[M],#f3[M],(e.e3)[KL],(e.e2)[M],#f2[M],(E-1.e.g2)[L],(e.g.b.e2)[L],(B-2.B-1)[L],(e.g.b.g2)[M],a2[M],(E-1.e.b2)[L],(e.g.b.e2)[L],(B-2.B-1)[L],(e.g.b.b2)[M],#c3[M],(G-1.g.d3)[M],#c3[M],(b.d1.g1.d3)[M],#c3[M],(D-1.d.d3)[M],e3[M],(g.b.d1.d3)[M],#c3[M],(E-1.e.b2)[L],(e.g.b.#a2)[L],(B-2.B-1.b2)[L],(e.g.b.e2)[M],#f2[M],(E-1.e.g2)[L],(e.g.b.e2)[L],(B-2.B-1)[L],(e.g.b.g2)[M],a2[M],(E-1.e.b2)[L],(e.g.b.e1.g1.e2)[M],(e1.g1)[M],(B-2.B-1)[L],(e.g.b.e1.g1.b2)[M],#c3[M],(G-1.g.d3)[M],#c3[M],(b.d1.g1.d3)[M],#c3[M],(D-1.d.d3)[M],e3[M],(g.b.d1.d3)[M],#c3[M],(E-1.e.b2)[L],(e.g.b)[M],(e1.g1)[M],(B-2.B-1)[L],(e.g.b.e1.g1.b2)[M],#c3[M],(G-1.g.d3)[L],(b.d1.g1.d3)[L],(D-1.d.d3)[L],(g.b.d1.d3)[L],(G-1.g.d3)[M],e3[M],(b.d1.g1.d3)[M],#c3[M],(D-1.d.d3)[L],(g.b.d1.b2)[L],(B-2.B-1.d3)[L],(d1.#f1.b1.b2)[L],(A-1.a.d3)[L],(d1.#f1.b1.b2)[M],#c3[M],(G-1.g.b2)[L],(b.e1.g1.e2)[L],(E-1.e.b1)[L],b2[M],#c3[M],(G-1.g.d3)[L],(b.d1.g1.d3)[L],(D-1.d.d3)[L],(g.b.d1.d3)[L],(G-1.g.d3)[M],e3[M],(b.d1.g1.d3)[M],#c3[M],(D-1.d.d3)[L],(g.b.d1.b2)[M],#c3[M],(B-2.B-1.d3)[L];"],"id":1,"instruments":["piano","piano"],"alternatives":["",""]},{"bpm":126,"baseBeats":0.25,"scores":["d[L],a[L],e1[L],f1[L],a1[L],f1[L],d1[K];G-1[L],d[L],a[L],#a[L],d1[L],#a[L],g[K];c[L],g[L],d1[L],e1[L],g1[L],e1[L],c1[K];F-1[L],c[L],g[L],a[L],c1[L],c[L],f1[K];G-1[L],d[L],a[L],#a[L],d1[L],#a[L],g[K];d[L],a[L],e1[L],f1[L],a1[L],f1[L],d1[K];#a[L],f[L],c1[L],d1[L],f1[L],d1[L],c1[K];A-1[L],e[L],b[L],#c1[L],e1[L],e[L],f3[L],e3[L];","(e3~g3)[M],a3[KM],f3[L],d3[K],a3[K];(d3~g3)[M],#a3[KM],a3[L],g3[J];e3[KL],c3[L],e3[K],#a3[K];(c3~e3)[M],a3[JKLM];(g2~a2)[M],#a2[KM],a2[L],g2[K],#a2[K];a2[KL],f2[L],d2[KLM],(d2~f2)[M];a2[L],g2[K],f2[L],d2[K],f2[K];e2[JK],a[K];"],"id":2,"instruments":["piano","piano"],"alternatives":["",""]},{"bpm":126,"baseBeats":0.25,"scores":["(f.#d1)[L],d1[JKL],#f1[LM],(g.#a)[M],(a.c1)[M],(#a.d1)[KL],#a[M],a[M],g[M],d1[M],c1[L],(g.a.#d1)[JL],(a.c1)[M],(g.#a)[M],(D-2.#f.a)[KL],g[M],#g[M],(a.c1)[KL],d1[M],#a[M],a[L],g[I],d1[L],#a[K],c1[L],d1[KL],d1[M],c1[I],c1[L],a[K],#a[L],c1[KL],d1[L],c2[M],#a[I],(#a.g1)[M],(#a.g1)[KL],d1[M],c1[M],(b.d1)[L],(d1.f1)[L],(d1.f1)[L],(#d1.c1)[I],#a[M],(#f1.a)[L],(#f.a)[K],(g.#a)[L],(a.c1)[KL],#a[L],a[L],g[I],g1[L],(#a.g1)[KL],d1[L],(b.g1)[KL],(d1.f1)[L],(d1.f1)[L],(c1.#d1)[I],(F-2.a.f1)[KL],c1[L],(a.f1)[L],g1[K],f1[L],(f.#d1)[L],d1[JKL],#f1[LM],(g.#a)[M],(a.c1)[M],(#a.d1)[KL],#a[M],a[M],g[M],d1[M],c1[L],(g.a.#d1)[JL],(a.c1)[M],(g.#a)[M],(D-2.#f.a)[KL],g[M],#g[M],(a.c1)[KL],d1[M],#a[M],a[L],g[I],(b.#d1)[L],(b.#g)[K],(#c1.#a)[L],(b.#d1)[KL],e1[L],(e1.#c2)[LM],(b1.#d1)[LM],(#c1.a1)[LM],(e1.#c2)[LM],(b1.#d1)[LM],(#c1.a1)[LM],(#a.f1)[L],#c1[K],(#a.#c1)[L],(#c1.e1)[KL],(b.#d1)[L],(#a.#c1)[M],(b.#g)[I],#d1[KL],b[M],#a[M],#g[KL],#f[L],#f1[L],e1[I],#c1[M],b[M],(#D-2.#a)[KL],#a[M],b[M],#c1[K],g[L],#a[L],#g[I],#g1[L],(b.#g1)[KL],#d1[L],(c1.#g1)[KL],(#d1.#f1)[L],(#d1.#f1)[L],(#c1.e1)[I],(#F-2.#a.#f1)[KL],#c1[L],(#a.#f1)[L],#g1[K],#f1[L],(#f.e1)[L],#d1[JKL],g1[LM],(#g.b)[M],(#a.#c1)[M],(b.#d1)[KL],b[M],#a[M],#g[M],#d1[M],#c1[L],(#g.#a.e1)[JL],(#a.#c1)[M],(#g.b)[M],(#D-2.g.#a)[KL],#g[M],a[M],(#a.#c1)[KL],#d1[M],b[M],#a[L],#g[I],(c1.e1)[L],(c1.a)[K],(d1.b)[L],(c1.e1)[KL],f1[L],(f1.d2)[LM],(#c2.e1)[LM],(d1.#a1)[LM],(f1.d2)[LM],(c2.e1)[LM],(d1.#a1)[LM],(b.#f1)[L],d1[K],(b.d1)[L],(d1.f1)[KL],(c1.e1)[L],(b.d1)[M],(c1.a)[I],e1[KL],c1[M],b[M],a[KL],g[L],g1[L],f1[I],#d1[M],c1[M],(E-2.b)[KL],b[M],c1[M],d1[K],#g[L],b[L],a[I],a1[L],(c1.a1)[KL],e1[L],(#c1.a1)[KL],(e1.g1)[L],(e1.g1)[L],(d1.f1)[I],(G-2.b.g1)[KL],d1[L],(#a.g1)[L],a1[K],g1[L],(g.e1)[L],e1[JKL],#g1[LM],(a.c1)[M],(b.d1)[M],(c1.e1)[KL],c1[M],b[M],a[M],e1[M],d1[L],(a.b.f1)[JL],(b.d1)[M],(a.c1)[M],(E-2.#g.b)[KL],a[M],#a[M];"],"id":3,"instruments":["piano","piano"],"alternatives":["",""]}],"audition":{"start":[0,0],"end":[1,0]}}