{"baseBpm":75,"musics":[{"id":1,"baseBeats":0.5,"scores":["c1[K],e1[L],g1[L],c2[L],g[K],d1[L],g1[L],b1[L],a[K],c1[L],e1[L],a1[L],e[K],b[L],e1[L],g1[L],f[K],a[L],c1[L],f1[L],c[K],g[L],c1[L],e1[L],f[K],a[L],c1[L],f1[L],g[K],b[L],d1[L],g1[L],(c.e2)[LM],e[LM],g[L],c1[L],(G-1.d2)[LM],d[LM],g[L],b[L],(A-1.c2)[LM],c[LM],e[L],a[L],(E-1.b1)[LM],B-1[LM],e[L],g[L],(F-1.a1)[LM],A-1[LM],c[L],f[L],(C-1.g1)[LM],G-1[LM],c[L],e[L],(F-1.a1)[LM],A-1[LM],c[L],f[L],(G-1.b1)[LM],B-1[LM],d[L],g[L],(c.c2.e2)[LM],e[LM],g[L],c1[L],(G-1.b1.d2)[LM],d[LM],g[L],b[L],(A-1.a1.c2)[LM],c[LM],e[L],a[L],(E-1.g1.b1)[LM],B-1[LM],e[L],g[L],(F-1.f1.a1)[LM],A-1[LM],c[L],f[L],(C-1.e1.g1)[LM],G-1[LM],c[L],e[L],(F-1.f1.a1)[LM],A-1[LM],c[L],f[L],(G-1.g1.b1)[LM],B-1[LM],d[L],g[L],5<(c.c2)[N],mute[N]>,(g.b1)[LM],5<(c1.c2)[N],mute[N]>,c1[LM],5<(G-1.b)[N],mute[N]>,(d.g1)[LM],5<(b.d1)[N],mute[N]>,e1[LM],5<(A-1.c1)[N],mute[N]>,(e.c2)[LM],5<(a.b1)[N],mute[N]>,a1[LM],5<(E-1.b1)[N],mute[N]>,(B-1.e2)[LM],5<(g.g2)[N],mute[N]>,a2[LM],5<(F-1.f2)[N],mute[N]>,(c.e2)[LM],5<(f.d2)[N],mute[N]>,f2[LM],5<(C-1.e2)[N],mute[N]>,(G-1.d2)[LM],5<(e.c2)[N],mute[N]>,b1[LM],5<(F-1.a1)[N],mute[N]>,(c.g1)[LM],5<(f.f1)[N],mute[N]>,e1[LM],5<(G-1.d1)[N],mute[N]>,(d.f1)[LM],5<(g.e1)[N],mute[N]>,d1[LM],5<(c.c1)[N],mute[N]>,(g.d1)[LM],5<(c1.e1)[N],mute[N]>,f1[LM],5<(G-1.g1)[N],mute[N]>,(d.d1)[LM],5<(b.g1)[N],mute[N]>,f1[LM],5<(A-1.e1)[N],mute[N]>,(e.a1)[LM],5<(a.g1)[N],mute[N]>,f1[LM],5<(E-1.g1)[N],mute[N]>,(B-1.f1)[LM],5<(g.e1)[N],mute[N]>,d1[LM],5<(F-1.c1)[N],mute[N]>,(c.a)[LM],5<(f.a1)[N],mute[N]>,b1[LM],5<(C-1.c2)[N],mute[N]>,(G-1.b1)[LM],5<(e.a1)[N],mute[N]>,g1[LM],5<(F-1.f1)[N],mute[N]>,(c.e1)[LM],5<(f.d1)[N],mute[N]>,a1[LM],5<(G-1.g1)[N],mute[N]>,(d.a1)[LM],5<(g.g1)[N],mute[N]>,b[K],b1[JKL],b1[J],b1[KL],b1[K],b1[LM],b1[LM],b1[LN],b1[LN],b1[L],b1[L],b1[L],5<b1[M],b1[M]>,5<b1[M],b1[M]>,5<b1[M],b1[M]>,5<b1[M],b1[M]>,5<b1[M],b1[M]>,5<b1[M],b1[M]>,5<b1[M],b1[M]>,5<b1[M],b1[M]>;"]},{"id":2,"baseBeats":0.25,"scores":["(#d2)[KL],(#g2)[KL],(#a2)[KL],(#G-1.b2)[M],U,(#a2)[M],(#g.b2)[M],U,(#a2)[M],(#G-1.b2)[M],U,(#a2)[M],(#g.#g2)[M],U,(#d2)[M],(#c.e2)[K],(#g.b.b2)[M],U,(b2)[M],(#c)[M],U,(e1)[M],(#g1)[K],(#F-1.#c2.#a2)[M],U,(#c2.#g2)[M],(#f.#a2)[M],U,(#g2)[M],(#F-1.#a2)[M],U,(#g2)[M],(#f.#f2)[M],U,(#c2)[M],(B-1.#d2)[K],(#f.#a.#a2)[M],U,(#a2)[M],(B-1)[M],U,(#d1)[M],(#f1)[K],(E-1.#g2)[M],U,(#f2)[M],(e.#g2)[M],U,(#f2)[M],(E-1.#g2)[M],U,(#f2)[M],(e.#g2)[M],U,(#d3)[M],(#c.#c3)[M],U,(b2)[M],(b.#c3)[K],(e1)[M],U,(#g1)[M],(#g.#c2)[K],(#A-1.#c3)[M],U,(b2)[M],(e.#a2)[M],U,(b2)[M],(#A-1.#c3)[M],U,(#d3)[M],(e.#g.#c3)[M],U,(#g2)[M],(#D-1.#a2)[M],U,(#a)[M],(#d.g.#d1)[M],U,(f1)[M],(#D-1.g1)[M],U,(#g1)[M],(#a1)[K],(#G-1.b1)[M],U,(#a1)[M],(#g.b1)[M],U,(#a1)[M],(#G-1.b1)[M],U,(#a1)[M],(#g.#g1)[M],U,(#d1)[M],(#c.e1)[K],(#g.b1)[M],U,(b1)[M],(#c)[M],U,(#c1)[M],(#g.#d1)[K],(#F-1.#a1)[M],U,(#g1)[M],(#f.#a1)[M],U,(#g1)[M],(#F-1.#a1)[M],U,(#g1)[M],(#f.#f1)[M],U,(#c1)[M],(B-1.#d1)[K],(#f.#a1)[M],U,(#a1)[M],(B-1)[M],U,(#c1)[M],(#f.#a.#d1)[K],(E-1.#g1)[M],U,(B-1.#f1)[M],(E-1.#g1)[M],U,(B-1.#f1)[M],(E-1.#g1)[M],U,(B-1.#f1)[M],(E-1.#g1)[M],U,(#d2)[M],(#c.#c2)[M],U,(b1)[M],(#g.b.#c2)[K],(#c.#c1)[M],U,(#d1)[M],(#g.b1.e1)[K],(#A-1.#c2)[M],U,(b1)[M],(e.#g.#a1)[M],U,(#g1)[M],(#D-1.g1)[M],U,(#d1)[M],(#d.g.b1)[M],U,(#a1)[M],(#G-1.#g1)[M],U,(#g)[M],(#a)[M],U,(b)[M],(#G-1.#d1)[M],U,(#g1)[M],(#g.#a1)[M],U,(b1)[M],(#c.e2)[K],(#g.b)[M],U,(#d2)[M],(#F-1.#c2)[M],U,(b1)[M],(#f.#a.#a1)[M],U,(e2)[M],(B-1.#d2)[K],(#f.#a.#d1)[M],U,(#f1)[M],(E-1)[M],U,(#d2)[M],(e.#c2)[M],U,(b1)[M],(#A-1.#c2)[K],(#g)[M],U,5<(e2)[N],(#d2)[N]>,(#D-1.#c2)[M],U,(b1)[M],(g.#a1)[M],U,(#d1)[M],(#G-1.#g1)[M],U,(#d1)[M],(#g.#a1)[M],U,(#d1)[M],(#G-1.b1)[M],U,(#g1)[M],(#g.#a1)[M],U,(b1)[M],(#c.e2)[K],(#g.b)[M],U,(#f2)[M],(#F-1.#g2)[M],U,(#a2)[M],(#f.b2)[M],U,(e2)[M],(B-1.#d2)[K],(#f.#a.#d1)[M],U,(#f1)[M],(E-1.#g1)[M],U,(#a1)[M],(e.b1)[M],U,(#c2)[M],(#A-1.#d2)[K],(e)[M],U,5<(#c2)[N],(b1)[N]>,(#D-1.#a1)[K],(#d.g.#d1.g1)[K],(b1.e2.g2.b2)[K],(a1.a2)[M],(g1.g2)[M],(g1.g2)[L],(#f1.#f2)[L],(e1.e2)[L],(#c2.#f2.#c3)[K];(b1.#f2.b2)[KL],(#a1.#a2)[L];(b1.d2.#f2.b2)[LM],g2[M],#f2[M],d2[M],b1[M],g1[M],#f1[M],g1[M],#f1[M],d1[M];b[KM],(mute~b1~mute)[LM],#f1[L],#d1[L];(b.e1.g1.b1)[L],(b.e1.g1.b1)[K],(e2.g2.b2.d3)[L],(e2.g2.b2.d3)[K],(e2.a2.#c3)[K];#c1[L],#c1[L],V,d1[M],e1[L];(d1.#f1.b1)[LM],a1[LM],(d2.#f2)[M],a1[M],#c2[M],e2[M],d2[L];(d1.#f1.b1)[KL],b[L],#c1[L],d1[L];(b.e1.a1)[LM],g1[LM],(e2.g2.d3)[M],e2[M],g2[M],b2[M],d3[L],(e2.a2.#c3)[K];b1[L],(#c1.e1.b1)[L],V,a1[M],#g1[L];(d1.#f1.b1)[LM],a1[LM],(d2.#f2)[M],a1[M],#c2[M],e2[M],d2[L];(d1.#f1.b1)[L],(d1.d2)[L],(e1.e2)[L],(#f1.#f2)[L],(e1.e2)[L],(d1.d2)[L];(e1.g1.b1)[L],(e1.g1.b1)[K],(e2.g2.b2.d3)[L],(e2.g2.b2.d3)[K],(e2.a2.#c3)[K];#c1[L],#c1[L],V,d1[M],e1[L];(d1.#f1.b1)[LM],a1[LM],e3[L],d3[L],#c3[L];d3[M],b2[M],#f2[M],d2[M],b1[M],#f1[M],b[L],V,#c1[M],d1[L];(b.e1.a1)[LM],g1[LM],(e2.e3)[L],(g2.g3)[L],(b2.b3)[L],(#a2.#a3)[K];#c1[L],#c1[L],V,b[M],#a[L];#c1[LM],b[LM],(d1.#f1.b1)[L],V,b1[M],d2[M],#f2[M];(b1.d2.b2)[KM],(mute~#f2~mute)[LM],(g1.g2)[L],(a1.a2)[L];(b1.e2.g2.b2)[K];(a1.a2)[M],(g1.g2)[M],(g1.g2)[L],(#f1.#f2)[L],(g1.g2)[L],(e1.a1.#c2.e2)[KL];(e1.a1.#c2.e2)[L],(#f1.#f2)[L],(g1.g2)[L],mute[H],mute[HM];","(#d2)[KL],(#g2)[KL],(#a2)[KL],(#G-1.b2)[M],U,(#a2)[M],(#g.b2)[M],U,(#a2)[M],(#G-1.b2)[M],U,(#a2)[M],(#g.#g2)[M],U,(#d2)[M],(#c.e2)[K],(#g.b.b2)[M],U,(b2)[M],(#c)[M],U,(e1)[M],(#g1)[K],(#F-1.#c2.#a2)[M],U,(#c2.#g2)[M],(#f.#a2)[M],U,(#g2)[M],(#F-1.#a2)[M],U,(#g2)[M],(#f.#f2)[M],U,(#c2)[M],(B-1.#d2)[K],(#f.#a.#a2)[M],U,(#a2)[M],(B-1)[M],U,(#d1)[M],(#f1)[K],(E-1.#g2)[M],U,(#f2)[M],(e.#g2)[M],U,(#f2)[M],(E-1.#g2)[M],U,(#f2)[M],(e.#g2)[M],U,(#d3)[M],(#c.#c3)[M],U,(b2)[M],(b.#c3)[K],(e1)[M],U,(#g1)[M],(#g.#c2)[K],(#A-1.#c3)[M],U,(b2)[M],(e.#a2)[M],U,(b2)[M],(#A-1.#c3)[M],U,(#d3)[M],(e.#g.#c3)[M],U,(#g2)[M],(#D-1.#a2)[M],U,(#a)[M],(#d.g.#d1)[M],U,(f1)[M],(#D-1.g1)[M],U,(#g1)[M],(#a1)[K],(#G-1.b1)[M],U,(#a1)[M],(#g.b1)[M],U,(#a1)[M],(#G-1.b1)[M],U,(#a1)[M],(#g.#g1)[M],U,(#d1)[M],(#c.e1)[K],(#g.b1)[M],U,(b1)[M],(#c)[M],U,(#c1)[M],(#g.#d1)[K],(#F-1.#a1)[M],U,(#g1)[M],(#f.#a1)[M],U,(#g1)[M],(#F-1.#a1)[M],U,(#g1)[M],(#f.#f1)[M],U,(#c1)[M],(B-1.#d1)[K],(#f.#a1)[M],U,(#a1)[M],(B-1)[M],U,(#c1)[M],(#f.#a.#d1)[K],(E-1.#g1)[M],U,(B-1.#f1)[M],(E-1.#g1)[M],U,(B-1.#f1)[M],(E-1.#g1)[M],U,(B-1.#f1)[M],(E-1.#g1)[M],U,(#d2)[M],(#c.#c2)[M],U,(b1)[M],(#g.b.#c2)[K],(#c.#c1)[M],U,(#d1)[M],(#g.b1.e1)[K],(#A-1.#c2)[M],U,(b1)[M],(e.#g.#a1)[M],U,(#g1)[M],(#D-1.g1)[M],U,(#d1)[M],(#d.g.b1)[M],U,(#a1)[M],(#G-1.#g1)[M],U,(#g)[M],(#a)[M],U,(b)[M],(#G-1.#d1)[M],U,(#g1)[M],(#g.#a1)[M],U,(b1)[M],(#c.e2)[K],(#g.b)[M],U,(#d2)[M],(#F-1.#c2)[M],U,(b1)[M],(#f.#a.#a1)[M],U,(e2)[M],(B-1.#d2)[K],(#f.#a.#d1)[M],U,(#f1)[M],(E-1)[M],U,(#d2)[M],(e.#c2)[M],U,(b1)[M],(#A-1.#c2)[K],(#g)[M],U,5<(e2)[N],(#d2)[N]>,(#D-1.#c2)[M],U,(b1)[M],(g.#a1)[M],U,(#d1)[M],(#G-1.#g1)[M],U,(#d1)[M],(#g.#a1)[M],U,(#d1)[M],(#G-1.b1)[M],U,(#g1)[M],(#g.#a1)[M],U,(b1)[M],(#c.e2)[K],(#g.b)[M],U,(#f2)[M],(#F-1.#g2)[M],U,(#a2)[M],(#f.b2)[M],U,(e2)[M],(B-1.#d2)[K],(#f.#a.#d1)[M],U,(#f1)[M],(E-1.#g1)[M],U,(#a1)[M],(e.b1)[M],U,(#c2)[M],(#A-1.#d2)[K],(e)[M],U,5<(#c2)[N],(b1)[N]>,(#D-1.#a1)[K],(#d.g.#d1.g1)[K],E-1[L],B-1[L],e[L],g[M],B-1[M],e[L],B-1[L],(#F-2.#F-1)[L],#F-1[L];#c[L],#a[L],#c[L],#f[L];B-2[L],B-1[L],B-1[L],#f[L],b[L],#f[L],(B-2.B-1)[KM],(mute~a.b~#d1~#f1)[M],(B-2.B-1)[KL];E-1[L],B-1[L],e[L],g[L],B-1[L],e[L],A-2[L],A-1[L];#c[L],a[L],e[L],#c[L];D-1[L],A-1[L],d[L],#f[L],A-1[L],d[L];B-2[L],B-1[L],d[L],#f[KL];E-1[L],B-1[L],e[L],g[L],B-1[L],e[L];A-2[L],A-1[L],#c[L],a[L],e[L],#c[L];D-1[L],A-1[L],d[L],#f[L],A-1[L],d[L];B-2[L],B-1[L],d[L],b[L],#f[L],d[L];E-1[L],B-1[L],e[L],g[L],B-1[L],e[L],A-2[L],A-1[L];#c[L],a[L],e[L],#c[L];D-1[L],A-1[L],d[L],#f[L],A-1[L],d[L];B-2[L],B-1[L],B-1[L],#f[L],b[L],#f[L];E-1[L],B-1[L],e[L],g[L],B-1[L],e[L];#F-2[L],#F-1[L],#F-1[L],#F-1[L],#f[L],#c[L];B-2[L],B-1[L],B-1[L],#f[L],b[L],#f[L];(B-2.B-1)[KM],(mute~#f1~b1~#d2)[M],(#D-2.#D-1)[KL];E-1[L],B-1[L];e[L],g[M],B-1[M],e[L],B-1[L],A-2[L],A-1[L],#c[L];a[M],e[M],#c[L],5<e2[N],e2[N]>,5<a2[N],a2[N]>,5<b2[N],b2[N]>,5<e3[N],e3[N]>,5<g3[N],g3[N]>,5<b3[N],b3[N]>,5<d4[N],d4[N]>,5<g4[N],g4[N]>,5<e2[N],e2[N]>,5<a2[N],a2[N]>,5<b2[N],b2[N]>,5<e3[N],e3[N]>,5<g3[N],g3[N]>,5<b3[N],b3[N]>,5<d4[N],d4[N]>,5<g4[N],g4[N]>,5<e2[N],e2[N]>,5<a2[N],a2[N]>,5<b2[N],b2[N]>,5<e3[N],e3[N]>,5<g3[N],g3[N]>,5<b3[N],b3[N]>,5<d4[N],d4[N]>,5<g4[N],g4[N]>,5<e2[N],e2[N]>,5<a2[N],a2[N]>,5<b2[N],b2[N]>,5<e3[N],e3[N]>,5<g3[N],g3[N]>,5<b3[N],b3[N]>,5<d4[N],d4[N]>,5<g4[N],g4[N]>,5<e2[N],e2[N]>,5<a2[N],a2[N]>,5<b2[N],b2[N]>,5<e3[N],e3[N]>,5<g3[N],g3[N]>,5<b3[N],b3[N]>,5<d4[N],d4[N]>,5<g4[N],g4[N]>,5<e2[N],e2[N]>,5<a2[N],a2[N]>,5<b2[N],b2[N]>,5<e3[N],e3[N]>,5<g3[N],g3[N]>,5<b3[N],b3[N]>,5<d4[N],d4[N]>,5<g4[N],g4[N]>,5<(E-2.E-2.E-2.e2)[N],e2[N]>,5<a2[N],a2[N]>,5<b2[N],b2[N]>,5<e3[N],e3[N]>,5<g3[N],g3[N]>,5<b3[N],b3[N]>,5<d4[N],d4[N]>,5<g4[N],g4[N]>,5<e2[N],e2[N]>,5<a2[N],a2[N]>,5<b2[N],b2[N]>,5<e3[N],e3[N]>,5<g3[N],g3[N]>,5<b3[N],b3[N]>,5<d4[N],d4[N]>,5<g4[N],g4[N]>;"]},{"id":3,"baseBeats":0.5,"scores":["(b@#d1@#g1)[L],#g1[L],#g1[L],#g1[L],#g1[K],#g1[K],#g1[K],#g1[K],(#g1@b1@#c2@#d2)[L],TU;(b@#d1@#g1)[L],#g1[L],#g1[L],#g1[L],#g1[K],#g1[K],#g1[K],#g1[K],(#g1@b1@#c2@#d2)[L],TU;(b@#d1@#g1)[L],#g1[L],#g1[L],#g1[L],#g1[K],#g1[K],#g1[K],#g1[K],(#g1@b1@#c2@#d2)[L],TU;(b.#d1.#g1)[L],#g1[L],#g1[L],#g1[L],(#f1.#g1)[L],#g1[L],#g1[L],#g1[L],(e1.#g1)[L],#g1[L],#g1[L],#g1[L],(b.#g1)[L],#g[K],(b1.#d2)[L];(#a1.#c2)[L],(b1.#d2)[L],(b.#d1.#g1)[L],(b1.#d2)[L],(#a1.#c2)[L],(b1.#d2)[L],(b.#d1.#g1)[L],(b1.#d2)[L],(#a1.#c2)[K],(b@#g1@#d2)[K],#f2[L],#d2[L],#c2[L],#f1[L];(#a1.#c2)[L],(b1.#d2)[L],(b.#d1.#g1)[L],(b1.#d2)[L],(#a1.#c2)[L],(b1.#d2)[L],(b.#d1.#g1)[L],(b1.#d2)[L],(#a1.#c2)[K],(b@#g1@#d2)[K],#f2[L],#d2[L],#c2[L],#f1[L];(b@#d1@#g1@#d2)[K],#f2[K],#g2[J],T,#f2[K],(#g@b@#g1@#d2)[K],b1[K];(#f.#a.#a1.#c2)[L],#d2[K],#d2[L],#c2[L],#d2[K],#d2[L],#c2[K],#d2[K],#g1[K],#f1[K];","5<#g2[M],b2[M]>,5<#c3[M],b2[M]>,5<#d3[M],b2[M]>,5<#c3[M],b2[M]>,5<#g2[M],b2[M]>,5<#c3[M],b2[M]>,5<#d3[M],b2[M]>,5<#c3[M],b2[M]>,5<#g2[M],b2[M]>,5<#c3[M],b2[M]>,5<#d3[M],b2[M]>,5<#c3[M],b2[M]>,5<#g2[M],b2[M]>,5<#d3[M],#f3[M]>,5<#g3[M],#f3[M]>,5<#d3[M],b2[M]>;5<#g2[M],b2[M]>,5<#c3[M],b2[M]>,5<#d3[M],b2[M]>,5<#c3[M],b2[M]>,5<#g2[M],b2[M]>,5<#c3[M],b2[M]>,5<#d3[M],b2[M]>,5<#c3[M],b2[M]>,5<#g2[M],b2[M]>,5<#c3[M],b2[M]>,5<#d3[M],b2[M]>,5<#c3[M],b2[M]>,5<#g2[M],b2[M]>,5<#d3[M],#f3[M]>,5<#g3[M],#f3[M]>,5<#d3[M],b2[M]>;5<#g2[M],b2[M]>,5<#c3[M],b2[M]>,5<#d3[M],b2[M]>,5<#c3[M],b2[M]>,5<#g2[M],b2[M]>,5<#c3[M],b2[M]>,5<#d3[M],b2[M]>,5<#c3[M],b2[M]>,5<#g2[M],b2[M]>,5<#c3[M],b2[M]>,5<#d3[M],b2[M]>,5<#c3[M],b2[M]>,5<#g2[M],b2[M]>,5<#d3[M],#f3[M]>,5<#g3[M],#f3[M]>,5<#d3[M],b2[M]>;5<#g2[M],b2[M]>,5<#c3[M],b2[M]>,5<#d3[M],b2[M]>,5<#c3[M],b2[M]>,5<#g2[M],b2[M]>,5<#c3[M],b2[M]>,5<#d3[M],b2[M]>,5<#c3[M],b2[M]>,5<#g2[M],b2[M]>,5<#c3[M],b2[M]>,5<#d3[M],b2[M]>,5<#c3[M],b2[M]>,5<#g2[M],b2[M]>,5<#d3[M],#f3[M]>,5<#g3[M],#f3[M]>,5<#d3[M],b2[M]>;5<b2[M],#f3[M]>,5<#g3[M],#f3[M]>,5<b3[M],#f3[M]>,5<#g3[M],#f3[M]>,5<b2[M],#f3[M]>,5<#g3[M],#f3[M]>,5<b3[M],#f3[M]>,5<#g3[M],#f3[M]>,5<b2[M],#f3[M]>,5<#g3[M],#f3[M]>,5<b3[M],#f3[M]>,5<#g3[M],#f3[M]>,5<b2[M],#f3[M]>,5<#g3[M],#f3[M]>,5<b3[M],#f3[M]>,5<#g3[M],#f3[M]>;5<b2[M],#f3[M]>,5<#g3[M],#f3[M]>,5<b3[M],#f3[M]>,5<#g3[M],#f3[M]>,5<b2[M],#f3[M]>,5<#g3[M],#f3[M]>,5<b3[M],#f3[M]>,5<#g3[M],#f3[M]>,5<b2[M],#f3[M]>,5<#g3[M],#f3[M]>,5<b3[M],#f3[M]>,5<#g3[M],#f3[M]>,5<b2[M],b3[M]>,5<#g3[M],#f3[M]>,5<#d3[M],b2[M]>,5<#c3[M],b2[M]>;5<(#d2.#d3)[M],#f2[M]>,5<#g2[M],#f2[M]>,5<(#g2.b2)[M],(#f2.#a2)[M]>,5<(#g2.b2)[M],(#f2.#a2)[M]>,5<(#d2.#g2)[M],#f2[M]>,5<#g2[M],#f2[M]>,5<(#g2.#d3)[M],#f2[M]>,5<#g2[M],#f2[M]>,5<(#d2.b2)[M],(#f2.#a2)[M]>,5<(#g2.b2)[M],(#f2.#a2)[M]>,5<#g2[M],#f2[M]>,5<#g2[M],#f2[M]>,5<(#g2.b2.#d3)[M],#f2[M]>,5<#g2[M],#f2[M]>,5<#g2[M],#f2[M]>,5<#g2[M],#f2[M]>;5<#f2[M],#g2[M]>,5<#a2[M],#c3[M]>,5<#f3[M],#c3[M]>,5<b2[M],#a2[M]>,5<#f2[M],#g2[M]>,5<#a2[M],#c3[M]>,5<#f3[M],#c3[M]>,5<b2[M],#a2[M]>,5<#f2[M],#g2[M]>,5<#a2[M],#c3[M]>,5<#f3[M],#c3[M]>,5<b2[M],#a2[M]>,5<#f2[M],#g2[M]>,5<#a2[M],#c3[M]>,(#f3.#a3.#c4.#f4)[K];"]},{"id":4,"baseBeats":0.5,"scores":["(d2.d3)[L],(d2.d3)[L],(c2.c3)[L],(c2.c3)[L],(d2.d3)[L],(d2.d3)[L],(a1.a2)[L],(a1.a2)[L];(a1.a2)[L],(d2.d3)[L],(c2.c3)[L],(c2.c3)[L],(e1.e2)[L],(g1.g2)[L],(a1.a2)[L],(a1.a2)[L];(c2.c3)[L],(a1.a2)[L],(a1.a2)[L],(c2.c3)[L],(d2.d3)[L],(d2.d3)[L],(d2.d3)[L],(e2.e3)[L];(g2.g3)[L],(g2.g3)[L],(e2.e3)[L],(g2.g3)[L],(g2.g3)[L],(e2.e3)[L],(d2.d3)[L],(d2.d3)[L];(d2.d3)[L],(e2.e3)[L],(d2.d3)[L],(c2.c3)[L],(a1.a2)[L],(a1.a2)[L],(a1.a2)[L],(d2.d3)[L];(d2.d3)[L],(a1.a2)[L],(c2.c3)[L],(b1.b2)[L],(a1.a2)[L],5<(g1.g2)[M],(a1.a2)[M]>,(c2.c3)[L],(c2.c3)[L];(e1.e2)[L],(g1.g2)[L],(a1.a2)[L],(c2.c3)[L],5<(a1.a2)[M],(g1.g2)[M]>,5<(e1.e2)[M],(g1.g2)[M]>,(d1.d2)[K];(e1.e2)[L],(e1.e2)[L],(d1.f1.a1.d2)[K],(d1.f1.a1.d2)[L],(d1.f1.a1.d2)[K],(d1.f1.a1.d2)[L];(d1.f1.a1.d2)[K],a1[L],(d1.f1.a1.d2)[K],(d1.f1.a1.d2)[L],(d1.f1.a1.d2)[J];","D-1[L],d[L],D-1[L],d[L],D-1[L],d[L],D-1[L],d[L];D-1[L],d[L],D-1[L],d[L],D-1[L],d[L],D-1[L],d[L];D-1[L],d[L],D-1[L],d[L],D-1[L],d[L],D-1[L],d[L];D-1[L],d[L],D-1[L],d[L],D-1[L],d[L],D-1[L],d[L];D-1[L],d[L],D-1[L],d[L],D-1[L],d[L],D-1[L],d[L];D-1[L],d[L],D-1[L],d[L],D-1[L],d[L],D-1[L],d[L];D-1[L],d[L],D-1[L],d[L],D-1[L],d[L],D-1[L],d[L];D-1[L],d[L],(D-1.d)[KL],(D-1.d)[K],A-1[L];(D-1.d)[K],(D-1.d)[L],T,(A-1.e.a)[L],(D-1.d)[J];"]},{"id":5,"baseBeats":0.25,"scores":["(A-3.#A-3.B-3.C-2.#C-2.D-2.#D-2)[M],QQ,c1[M],V,g1[M],V,#f1[M],V,d1[M],V,a1[M],V,#g1[M],V,e1[M],V,g1[M],V,#f1[M],V,d1[M],V,#f1[M],V,f1[M],V,#c1[M],V,f1[M],V,e1[M],V,b[M],V,c1[M],V,g1[M],V,#f1[M],V,d1[M],V,a1[M],V,#g1[M],V,e1[M],V,g1[M],V,#f1[M],V,d1[M],V,#f1[M],V,f1[M],V,#c1[M],V,f1[M],V,e1[M],V,b[M],V,(c1.c2)[M],V,(g1.g2)[M],V,(#f1.#f2)[M],V,(d1.d2)[M],V,(a1.a2)[M],V,(#g1.#g2)[M],V,(e1.e2)[M],V,(g1.g2)[M],V,(#f1.#f2)[M],V,(d1.d2)[M],V,(#f1.#f2)[M],V,(f1.f2)[M],V,(#c1.#c2)[M],V,(f1.f2)[M],V,(e1.e2)[M],V,(b.b1)[M],V,(c1.c2)[M],V,(g1.g2)[M],V,(#f1.#f2)[M],V,(d1.d2)[M],V,(a1.a2)[M],V,(#g1.#g2)[M],V,(e1.e2)[M],V,(g1.g2)[M],V,(#f1.#f2)[M],V,(d1.d2)[M],V,(#f1.#f2)[M],V,(f1.f2)[M],V,(#c1.#c2)[M],V,(f1.f2)[M],V,(e1.e2)[M],V,(b.b1)[M],V,G-1[LMN],(#f.#g.c1)[LMN],(#f.#g.c1.e1)[LMN],(#f.#g.c1)[LMOP],(#f.#g.c1)[LMN],(#f.#g.c1.f1)[LMN],#G-1[LMOP],(#f.#g.c1)[LMN],(#f.#g.c1.#a1)[LMN],(#f.#g.c1)[LMN],(#f.#g.c1)[LMOP],(#f.#g.c1.e1)[LMN],#C-1[LMN],(f.#g.#c1)[LMOP],(f.#g.#c1.f1)[LMN],a[LMN],(f.#c1)[LMN],(f.#c1.a)[LMOP],a[LMN],(f.#c1)[LMN],(f.#c1.#g)[LMOP],(#c.#g)[MP],f1[LNP],(f.#g.#c1)[LMN],(f.#g.#c1)[LMN],#G-1[LMOP],(#f.#g.c1)[LMN],(#f.#g.c1.e1)[LMN],(#f.#g.c1)[LMOP],(#f.#g.c1)[LMN],(#f.#g.c1.f1)[LMN],#G-1[LMN],(#f.#g.c1)[LMOP],(#f.#g.c1.#a1)[LMN],(#f.#g.c1)[LMN],(#f.#g.c1)[LMOP],(#f.#g.c1.e1)[LMN],#C-1[LMN],(f.#g.#c1)[LMN],(f.#g.#c1.f1)[LMOP],a[LMN],(f.#c1)[LMN],(f.#c1.a)[LMOP],a[LMN],(f.#c1)[LMN],(f.#c1.#g)[LMN],(#c.#g)[MP],f1[LN],(f.#g.#c1)[LMN],(f.#g.#c1)[LMN],B-1[LMOP],(f.#g.d1)[LMN],(f.#g.d1.e1)[LMN],(f.#g.d1)[LMN],(f.#g.d1)[LMOP],(f.#g.d1.f1)[LMN],#A-1[LMN],(f.#g.d1)[LMOP],(f.#g.d1.b1)[LMN],(f.#g.d1)[LMN],(f.#g.d1)[LMN],(f.#g.d1.f1)[LMOP],#D-1[LMN],(#f.#a.#d1)[LMN],(#f.#a.#d1.#f1)[LMOP],b[LMN],(#f.a.#d1)[LMN],(#f.a.#d1.b)[LMN],b[LMOP],(#f.a.#d1)[LMN],(#f.#d1.#a)[LMN],(#d.#a)[MP],#f1[LN],(#f.#a.#d1)[LMN],(#f.#a.#d1)[LMN],B-1[LMN],(f.#g.d1)[LMOP],(f.#g.d1.e1)[LMN],(f.#g.d1)[LMN],(f.#g.d1)[LMOP],(f.#g.d1.f1)[LMN],#A-1[LMN],(f.#g.d1)[LMN],(f.#g.d1.b1)[LMOP],(f.#g.d1)[LMN],(f.#g.d1)[LMN],(f.#g.d1.f1)[LMOP],#D-1[LMN],(#f.#a.#d1)[LMN],(#f.#a.#d1.#f1)[LMN],b[LMOP],(#f.a.#d1)[LMN],(#f.a.#d1.b)[LMN],b[LMOP],(#f.a.#d1)[LMN],(#f.#d1.#a)[LMN],(#d.#a)[MP],#f1[LNP],(#f.#a.#d1)[LMOP],(#f.#a.#d1)[LMN],c[LMN],(#a.#d1)[LMOP],(#a.#d1.#f1)[LMN],(#a.#d1.#f1.#c2)[LMN],(#a.#d1.#f1)[LMN],(#a.#d1.#f1.#c2)[LMOP],(F-1.#c2)[LMN],(a.#d1.#f1)[LMN],(a.#d1.#f1)[LMOP],(a.#d1.#f1)[KLM],c2[LMN],#A-1[LMOP],(#g.#d1.f1)[LMN],(#g.#d1.f1.c2.c3)[LMN],(#g.#d1.f1.f2)[LMOP],(#g.#d1.f1)[LMN],(#g.#d1.f1.b1.b2)[LMN],(#g.d1.f1.b1)[MP],b2[LNP],(#g.d1.f1)[LMOP],(#g.d1.f1)[LMN],(#g.d1.f1)[KLNOP],(#a1.#a2)[LMN],#A-1[LMN],(#g.#c1)[LMN],(#g.#c1.e1)[LMOP],(#g.#c1.e1.b1)[LMN],(#g.#c1.e1)[LMN],(#g.#c1.e1.b1)[LMOP],(#D-1.b1)[LMN],(g.#c1.e1)[LMN],(g.#c1.e1)[LMN],(g.#c1.e1)[KLNOP],#a1[LMN],#G-1[LMOP],(#f.#c1.#d1)[LMN],(#f.#c1.#d1.#a1.#a2)[LMN],(#f.#c1.#d1.#d2)[LMN],(#f.#c1.#d1)[LMOP],(#f.#c1.#d1.a1.a2)[LMN],(#f.c1.#d1.a1)[MP],a2[LNP],(#f.c1.#d1)[LMOP],(#f.c1.#d1)[LMN],(#f.c1.#d1)[KLM],(#g1.#g2)[LMOP],#G-1[LMN],(f.b)[LMN],(f.b.d1)[LMOP],(f.b.d1.a1)[LMN],(f.b.d1)[LMN],(f.b.d1.a1)[LMN],(#C-1.a1)[LMOP],(f.b.d1)[LMN],(f.b.d1)[LMN],(f.b.d1)[KLNOP],#g1[LMN],#F-1[LMN],(#f.a.d1.#g1.#g2)[LMOP],(#f.a.d1.#f1.#f2)[LMN],A-1[LMN],(#f.a.#f1.#f2)[LMOP],(#f.a.e1.e2)[LMN],d[LMN],(#f.a.e1.e2)[LMN],(#f.a.d1.d2)[LMOP],#F-1[LMN],(#f.a.d1.d2)[LMN],(#f.a.#c1.#c2)[LMOP],F-1[LMN],(#d.#f.a)[LMN],(#d.#f.a.#c1.#c2)[LMN],(#d.#f.a)[LMOP],(#d.#f.a)[LMN],(#d.#f.a.c1.c2)[LMN],(#f.#c1.#c2)[MP],a[MP],#d1[KMOP],(c1.c2)[LMNOP],(#g1.#g2)[JN],(#f1.#f2)[KNO],#F-1[LMN],(#f.a.d1.#g1.#g2)[LMOP],(#f.a.d1.#f1.#f2)[LMN],A-1[LMN],(#f.a.#f1.#f2)[LMN],(#f.a.e1.e2)[LMOP],d[LMN],(#f.a.e1.e2)[LMN],(#f.a.d1.d2)[LMOP],#F-1[LMN],(#f.a.d1.d2)[LMN],(#f.a.#c1.#c2)[LMN],F-1[LMOP],(#d.#f.a)[LMN],(#d.#f.a.#c1.#c2)[LMN],(#d.#f.a)[LMOP],(#d.#f.a)[LMN],(#d.#f.a.c1.c2)[LMN],(#f.#c1.#c2)[MP],a[MP],#d1[KMOP],(c1.c2)[LMNOP],(#g1.#g2)[JN],(#f1.#f2)[KNO],#F-1[LMN],(#f.a.d1)[LMOP],(#f.a.d1.f1.f2)[LMN],(A-1.#f1.#f2)[LMN],(#f.a.d1)[LMN],(#f.a.d1.#g1.#g2)[LMOP],(d.b1.b2)[LMN],(#f.a.d1)[LMN],(#f.a.d1.a1.a2)[LMOP],(A-1.#g1.#g2)[LMN],(#f.a.d1)[LMN],(#f.a.d1.#f1.#f2)[LMN],A-1[LMOP],(a.d1)[LMN],(a.d1.#f1.#f2)[LMN],(#A-1.#f1.#f2)[LMOP],(#g.#a.d1)[LMN],(#g.#a.d1.f1.f2)[LMN],(#g.#a.d1.#f1.#f2)[LMN],(#g.#a.d1)[LMNP],(#g.#a.d1.f1.f2)[LMNOP],(#g.b1.b2)[M],d1[M],f1[KLN],(#a1.#a2)[KNO],#G-1[LMN],(#g.b.e1)[LMOP],(#g.b.e1.g1.g2)[LMN],(B-1.#g1.#g2)[LMN],(#g.b.e1)[LMN],(#g.b.e1.#a1.#a2)[LMOP],(e.#c2.#c3)[LMN],(#g.b.e1)[LMN],(#g.b.e1.b1.b2)[LMOP],(B-1.#a1.#a2)[LMN],(#g.b.e1)[LMN],(#g.b.e1.#g1.#g2)[LMN],B-1[LMOP],(b.e1)[LMN],(b.e1.#g1.#g2)[LMN],(c.#g1.#g2)[LMOP],(#a.c1.e1)[LMN],(#a.c1.e1.g1.g2)[LMN],(#a.c1.e1.#g1.#g2)[LMN],(#a.c1.e1)[LMOP],(#a.c1.e1.g1.g2)[LMN],(#a.#c2.#c3)[MP],e1[MP],g1[KMP],(c2.c3)[LMN],#A-1[LMN],(#a.#c1.#f1)[LMN],(#a.#c1.#f1.a1.a2)[LMOP],(#c.#a1.#a2)[LMN],(#a.#c1.#f1)[LMN],(#a.#c1.#f1.c2.c3)[LMOP],(#f.#d2.#d3)[LMN],(#a.#c1.#f1)[LMN],(#a.#c1.#f1.#c2.#c3)[LMN],(#c.c2.c3)[LMOP],(#a.#c1.#f1)[LMN],(#a.#c1.#f1.#a1.#a2)[LMN],#c[LMOP],(#c1.#f1)[LMN],(#c1.#f1.#a1.#a2)[LMN],(d.#a1.#a2)[LMN],(c1.#f1)[LMOP],(c1.#f1.a1.a2)[LMN],(c1.#f1.#a1.#a2)[LMN],(c1.#f1)[LMOP],(c1.#f1.a1.a2)[LMN],(d.#d2.#d3)[LMN],(a.c1.#f1)[LMN],(a.c1.#f1.d2.d3)[LMOP],(#d.#c2.#c3)[LMN],(a.#f1)[LMN],(a.#f1.c2.c3)[LMOP],(#d.b1.b2)[LMN],(#a.#f1)[LMN],(#a.#f1.#a1.#a2)[LMN],(#a1.#a2)[LMOP],(b.#f1)[LMN],(c1.#f1.a1.a2)[LMN],(d.#d2.#d3)[LMOP],(a.c1.#f1)[LMN],(a.c1.#f1.d2.d3)[LMN],(#d.#c2.#c3)[LMN],(a.#f1)[LMOP],(a.#f1.c2.c3)[LMN],(#d.b1.b2)[LMN],(#a.#f1)[LMOP],(#a.#f1.#a1.#a2)[LMN],(#a1.#a2)[LMN],(b.#f1)[LMN],(c1.#f1.a1.a2)[LMOP],(d.#d2.#d3)[LMN],(a.c1.#f1)[LMN],(a.c1.#f1.d2.d3)[LMOP],#d[LMN],(a.#f1)[LMN],(a.#f1.#c2.#c3)[LMN],(a.#f1)[LMOP],(a.#f1)[LMN],(a.#f1.c2.c3)[LMN],#d[LMOP],(#a.#f1)[LMN],(#a.#f1.b1.b2)[LMN],(#a.#f1)[LMN],(#a.#f1)[LMOP],(#a.#f1.#a1.#a2)[LMN],#d[LMN],(b.#f1)[LMOP],(c1.#f1)[LMN],(c1.#f1.#a1.#a2)[LMNP],(c1.#f1)[LMNO],(c1.#f1)[LMNP],(d.e)[MNOP];"]},{"id":6,"baseBeats":0.25,"scores":["(#d1.#f1.b1)[KL],b1[M],#c2[M],(#g1.b1.#d2)[KL],b1[M],#c2[M],(#d1.#f1.#d2)[KL],#c2[M],b1[M],(#f1.#a1.#c2)[KL],#d2[M],#c2[M],(#d1.#f1.b1)[KL],#c2[M],b1[M],(b.#d1.#g1)[KL],#f2[M],e2[M],(#g1.b1.#f2)[KL],e2[M],#d2[M],(#f1.#a1.#c2)[K],#d2[L],e2[L],#g1[KL],#a1[M],#g1[M],e2[KL],#d2[M],#c2[M],#d2[KL],#c2[M],b1[M],#a1[K],b1[L],#a1[L],#g1[IKL],S,#g2[M],b2[M],#d3[M],#g3[IJMNOP],","B-1[L],B-1[L],B-1[L],B-1[L],#G-1[L],#G-1[L],#G-1[L],#G-1[L],E-1[L],E-1[L],E-1[L],E-1[L],#F-1[L],#F-1[L],#F-1[L],#F-1[L],B-1[L],B-1[L],B-1[L],B-1[L],#G-1[L],#G-1[L],#G-1[L],#G-1[L],E-1[L],E-1[L],E-1[L],E-1[L],#F-1[L],#F-1[L],#F-1[L],#F-1[L],#G-1[L],#G-1[L],#G-1[L],#G-1[L],E-1[L],E-1[L],E-1[L],E-1[L],#A-1[L],#A-1[L],#A-1[L],#A-1[L],#D-1[L],#D-1[L],#D-1[L],#D-1[L],#G-1[H];"]}]}