{"baseBpm":180,"musics":[{"id":1,"baseBeats":0.25,"scores":["c2[M],d2[M],#d2[M],g2[M],c3[M],V,V,V,c2[M],d2[M],#d2[M],g2[M],c3[M],V,V,V;f3[M],#d3[M],d3[M],#d3[M],c3[M],V,V,V,T,V,V,V,V;c2[M],d2[M],#d2[M],g2[M],c3[M],V,V,V,c2[M],d2[M],#d2[M],g2[M],c3[M],V,V,V;f3[M],#d3[M],d3[M],#d3[M],c3[M],V,V,V,T,V,V,V,V;g2[M],#a2[M],c3[M],g3[M],f3[M],V,V,g3[M],f3[M],g3[M],f3[M],#d3[M],f3[M],V,V,V;f3[M],g3[M],#a3[M],g3[M],#a2[M],V,V,g2[M],#a2[M],g2[M],#a2[M],f3[M],#d3[M],V,V,V;c2[M],d2[M],#d2[M],g2[M],c3[M],V,V,g3[M],(c3.g3)[M],f3[M],g3[M],f3[M],d3[M],V,V,V;f3[M],#d3[M],d3[M],#d3[M],c3[M],V,V,V,V,V,V,V,c[M],c1[M],b[M],c1[M],d1[M],c1[M],b[M],c1[M],e[M],c1[M],b[M],c1[M],d1[M],c1[M],b[M],c1[M];f[M],c1[M],b[M],c1[M],d1[M],c1[M],b[M],c1[M],c[M],c1[M],b[M],c1[M],d1[M],c1[M],b[M],c1[M];A-1[M],a[M],#g[M],a[M],B-1[M],b[M],#a[M],b[M],c[M],c1[M],b[M],c1[M],A-1[M],a[M],#g[M],a[M];F-1[M],f[M],e[M],f[M],G-1[M],g[M],#f[M],g[M],(c.g.e1)[K],(c2.e2.g2.c3)[K],D-1[L],V,A-1[M],f[L],A-1[L],D-1[L],V,A-1[M],f[L],A-1[L];D-1[L],V,A-1[M],f[L],A-1[L],D-1[L],V,A-1[M],(d1.f1.d2)[L],(d1.f1.#c2)[L];(d1.f1.c2)[L],c2[M],c2[M],(d1.f1.b1)[L],(d1.f1.#a1)[L],(d1.f1.a1)[L],a1[M],a1[M],(a.d1.#g1)[L],(a.d1.g1)[L];(a.d1.f1)[L],5<g1[N],f1[N]>,5<e1[N],f1[N]>,g1[L],f1[L],(#a.d1.e1)[L],V,#A-1[M],(d1.e1.d2)[L],(d1.e1.#c2)[L];(d1.e1.c2)[L],c2[M],c2[M],(d1.e1.b1)[L],(d1.e1.#a1)[L],(d1.e1.a1)[M],a1[M],V,a1[M],(#a.d1.g1)[L],(#a.d1.f1)[L];(g.#c1.e1)[L],5<f1[N],d1[N]>,5<d1[N],e1[N]>,(#c1.f1)[L],(g.#c1.e1)[L],D-1[L],V,A-1[M],(d1.f1.d2)[L],(d1.f1.#c2)[L];(d1.f1.c2)[L],c2[M],c2[M],(d1.f1.b1)[L],(d1.f1.#a1)[L],(d1.f1.a1)[M],a1[M],V,a1[M],(a.d1.#g1)[L],(a.d1.g1)[L];(a.d1.f1)[L],5<g1[N],f1[N]>,5<e1[N],f1[N]>,(a.d1.g1)[L],(a.d1.f1)[L],D-1[L],V,#A-1[M],(d1.e1.d2)[L],(d1.e1.#c2)[L];(e1.f1.c2)[L],c2[M],c2[M],(e1.f1.b1)[L],(e1.f1.#a1)[L],(d1.e1.a1)[M],a1[M],V,a1[M],(#a.d1.g1)[L],(#a.d1.f1)[L];(g.#c1.e1)[L],5<f1[N],d1[N]>,5<d1[N],e1[N]>,(#c1.f1)[L],(g.#c1.e1)[L],(f.d1)[K],(b1.#g2)[L],(b1.#g2)[M],(c2.a2)[L],(d2.b2)[L],(e2.c3)[LM],(d2.b2)[M],(e2.c3)[M],(d2.b2)[M],(c2.a2)[M],(b1.g2)[M],(#g1.e2)[M];(a1.g2)[L],(g1.e2)[M],(a1.g2)[L],(b1.#g2)[L],(c2.a2)[KM],9<mute[M]>,9<mute[M]>,9<mute[M]>,9<mute[M]>;9<mute[M]>,9<mute[M]>,9<mute[M]>,E-1[M],A-1[M],B-1[M],c[M],T,B-1[M],c[M],B-1[M],A-1[M],mute[M];V,V,A-1[M],B-1[M],c[M],d[M],(e.e)[M],VV,a[M],g[L],10<#f[K];(#f.d2)[M]>,(f.#d2)[M],(e.e2)[M],(#d.f2)[M],(d.#f2)[M],(#c.g2)[M],(c.#g2)[M],(B-1.a2)[M],(#A-1.#a2)[M],(B-1.a2)[M],(c.#g2)[M],(#c.g2)[M],(d.#f2)[M],(#d.f2)[M],(e.e2)[M],(f.#d2)[M];7<(#f.e2~f.f2~e.#f2~#d.g2~d.#g2~#c.a2)[L]>,7<(c.#a2~#c.a2~d.#g2~#d.g2~e.#f2~f.f2)[L]>,7<(#f.e2~g.#d2~#g.d2~a.#c2~#a.c2~b.b1)[L]>,7<(c1.#a1~b.b1~#a.c2~a.#c2~#g.d2~g.#d2)[L]>,7<(#f.e2~f.f2~e.#f2~#d.g2~d.#g2~#c.a2)[L]>,7<(c.#a2~B-1.b2~#A-1.c3~A-1.#c3~#G-1.d3~G-1.#d3)[L]>,(#F-1.e3)[NN],5<c4[N],#c4[N]>,d4[L];g2[M],b1[M],d2[M],(b1.d2.g2)[L],5<b1[N],c2[N]>,#c2[M],d2[M],g2[M],b1[M],d2[M],(b1.d2.g2)[L],8<g2[N],#g2[N]>,a2[M],g2[M];(e2.g2.#a2)[M],(e2.g2.#a2)[M],(e2.g2.#a2)[M],(e2.g2.#a2)[M],V,9<(e2.g2.#a2)[M]>,9<(#d2.#f2.a2)[M]>,(c2.e2.g2)[LM],5<c2[N],#c2[N]>,d2[M],8<c2[N],#c2[N]>,d2[L],#f2[M];g2[M],b1[M],d2[M],(b1.d2.g2)[L],8<b1[N],c2[N]>,#c2[M],d2[M],g2[M],9<b1[M]>,d2[M],(b1.d2.g2)[L],8<g2[N],#g2[N]>,a2[M],g2[M];(#c2.e2.a2)[L],e2[M],(b1.g2)[L],(c2.#f2)[L],(#c2.g2)[M],(d2.#f2.a2)[LM],5<c4[N],#c4[N]>,d4[M],V,U;g2[M],b1[M],d2[M],(b1.d2.g2)[L],5<b1[N],c2[N]>,#c2[M],d2[M],g2[M],b1[M],d2[M],(b1.d2.g2)[L],5<g2[N],#g2[N]>,a2[M],g2[M];(e2.g2.#a2)[M],(e2.g2.#a2)[M],(e2.g2.#a2)[M],(e2.g2.#a2)[M],V,(e2.g2.#a2)[M],(#d2.#f2.a2)[M],(c2.e2.g2)[LM],U,V,#g2[M],a2[M],b2[M];(e2.a2.c3)[L],e2[M],(c2.e2.a2)[L],(c2.e2.b2)[L],(c2.e2.a2)[M],(c2.d2.g2)[L],(c2.d2.#f2)[L],(a1.d2.e2)[L],(#a1.d2.#f2)[L];(b1.d2.g2)[J],T,(g2.b2.d3.g3)[K];(#f3.b3.#d4.#f4)[L],U,(#f2.b2.#d3)[L],U,(#g2.e3.#g3)[M],V,(#f2.#f3)[M],V,(#g2.d3.#g3)[M],V,(b2.b3)[M],V;(e2.e3)[L],U,T,(e2.e3)[M],V,(#d2.#d3)[L],U,(e2.e3)[M],(#g2.#g3)[M];(#c2.#c3)[L],U,T,9<(#g2.#g3)[M]>,V,(a2.a3)[M],V,(#f2.#f3)[M],V,9<(#g2.#g3)[M]>,V;(e2.e3)[L],U,T,#g2[M],V,a2[M],V,#f2[M],V,#g2[M],V;#f2[L],U,T,(#g2.e3.#g3)[M],V,(#f2.#f3)[M],V,(#g2.d3.#g3)[M],V,(b2.b3)[M],V;e3[L],U,T,(e3.e4)[M],V,(#d3.#d4)[M],V,(e3.e4)[M],V,(#g3.#g4)[M],V;(#f3.a3.b3)[L],U,T,(b2.#g3)[M],V,(#c3.a3)[M],V,9<(a2.#f3)[M]>,V,(b2.#g3)[M],V;(e2.#g2.e3)[L],U,T,(b1.#g2)[M],V,(#c2.a2)[M],V,(a1.#f2)[M],V,(b1.#g2)[M],V;(b1%e2%b2)[K],mute[L],U,mute[L],U,mute[L],U;(e1@b1@e2@b2)[I];a1[M],#a1[M],a1[M],#g1[M],a1[M],b1[M],#c2[M],d2[M],e2[M],f2[M],g2[M],a2[M],#a2[M],c3[M],#a2[M],a2[M];#a2[M],c3[M],d3[M],e3[M],f3[M],g3[M],a3[M],#a3[M],a3[M],#a3[M],a3[M],#g3[M],a3[M],a4[M],e4[M],#c4[M];a3[M],e3[M],#c3[M],a2[M],d2[L],U,(f.d1)[K],T;10<(c2.e2.g2.#a2)[K],c3[M]>,7<#a2[M],g2[M],e2[M],c2[M],#a1[M],g1[M],e1[M]>,(#a1.d2)[L],U;(a1.c2)[L],U,(a1.c2)[L],U,10<(a2.a3)[K],g3[M]>,e3[M],#c3[M],a2[M];7<g2[M],e2[M],#c2[M],a1[M]>,(e2.g2)[L],U,(d2.f2)[L],U,(d2.f2)[L],U;(g1.#a1)[L],(#a1.d2)[L],(d2.f2)[L],(g2.#a2)[L],(#a2.d3)[L],(d3.f3)[L],(f3.a3)[L],(c3.f3)[L];(a2.c3)[L],(f2.a2)[L],(c2.f2)[L],(a1.c2)[L],(e1.#a1)[L],(#a1.d2)[L],(#a1.d2)[L],U;(e1.#a1)[L],U,(f1.a1)[L],(a1.c2)[L],(#g1.b1)[L],(a1.c2)[L],(#a1.d2)[L],(a1.c2)[L];10<(c2.e2.g2.#a2)[K],c3[M]>,#a2[M],g2[M],e2[M],c2[M],#a1[M],g1[M],e1[M],(#a1.d2)[L],U;(a1.c2)[L],U,(a1.c2)[L],U,10<(a2.a3)[K],g3[M]>,e3[M],#c3[M],a2[M];g2[M],e2[M],#c2[M],a1[M],(e2.g2)[L],U,(d2.f2)[L],U,(d2.f2)[L],U;(g1.#a1)[L],(#a1.d2)[L],(d2.f2)[L],(g2.#a2)[L],(#a2.d3)[L],(d3.f3)[L],(f3.a3)[L],(c3.f3)[L];(a2.c3)[L],(f2.a2)[L],(c2.f2)[L],(a1.c2)[L],e1[L],(#a1.d2)[L],(#a1.d2)[L],U;(e1.c2)[L],U,f1[L],U,(a2.f3)[L],","T,#G-1[M],#d[M],#a[M],c1[M],#d1[K],#A-1[M],f[M],c1[M],d1[M];f1[K],c[M],g[M],#a[M],c1[M],#d1[K],c[M],g[M],#a[M],c1[M];#d1[K],#G-1[M],#d[M],#a[M],c1[M],#d1[K],#A-1[M],f[M],c1[M],d1[M];f1[K],c[M],g[M],#a[M],#d1[M],g1[K],c[M],g[M],#a[M],c1[M];#d1[K],#G-1[M],#d[M],#a[M],c1[M],#d1[K],#A-1[M],f[M],c1[M],d1[M];f1[K],G-1[M],d[M],g[M],#a[M],d1[K],c[M],g[M],#a[M],c1[M];#d1[K],#G-1[M],#d[M],#a[M],c1[M],#d1[K],#A-1[M],f[M],c1[M],d1[M];f1[K],c[M],g[M],#a[M],#d1[M],g1[M],g[M],#a[M],#d1[M],c2[K],c2[K],(c2.g2)[K],(c2.g2)[K];a2[K],f2[K],g2[K],e2[K];f2[K],(g1.d2.f2)[K],e2[K],(a1.c2.e2)[K];d2[K],(g1.b1.d2)[LM],f1[M],(g1.c2)[K],T,T,T,T,T;T,T,T,f[L],A-1[L];D-1[L],V,A-1[M],f[L],A-1[L],D-1[L],V,A-1[M],f[L],A-1[L];D-1[L],V,A-1[M],f[L],A-1[L],D-1[L],U,g[L],#A-1[L];D-1[L],V,#A-1[M],g[L],#A-1[L],D-1[L],V,A-1[M],g[L],A-1[L];D-1[L],V,A-1[M],f[L],A-1[L],(f.d1)[K],f[L],A-1[L];D-1[L],V,A-1[M],f[L],A-1[L],D-1[L],V,A-1[M],f[L],A-1[L];D-1[L],V,A-1[M],f[L],A-1[L],(#a.d1.e1)[K],g[L],#A-1[L];D-1[L],V,#A-1[M],g[L],#A-1[L],D-1[L],V,#A-1[M],g[L],#A-1[L];D-1[L],V,A-1[M],g[L],A-1[L],D-1[K],E-1[L],(#g.b.e1)[L],B-1[L],(#g.b.e1)[L],E-1[L],(#g.b.d1)[L],B-1[L],(#g.b.d1)[L];A-1[L],(g.c1.e1)[L],E-1[L],(g.c1.e1)[L],A-1[L],(#G-1.#g.c1.e1)[L],(G-1.g.b.#d1)[L],(#F-1.#f.#a.d1)[L];(F-1.e.a.c1)[M],(F-1.e.a.c1)[M],U,U,(F-1.e.a.c1)[M],(F-1.e.a.c1)[M],S;(#F-1.e.a.c1)[M],(#F-1.e.a.c1)[M],U,U,(#F-1.a.c1)[M],(#F-1.e.a.c1)[L],V,U,T;R;S,T,U,D-1[L];G-1[L],(g.b.d1)[L],D-1[L],(g.b.d1)[L],G-1[L],(g.b.d1)[L],D-1[L],(g.b.d1)[L];C-1[L],(g.c1.e1)[L],G-1[L],(g.c1.e1)[L],C-1[L],(g.c1.#d1)[L],D-1[L],(#f.c1.#d1)[L];G-1[L],(g.b.d1)[L],D-1[L],(g.b.d1)[L],G-1[L],(g.b.d1)[L],D-1[L],(g.b.d1)[L];A-1[L],(g.#c1.e1)[L],#D-1[L],(g.#c1.#d1)[L],(D-1.#f.a.c1.d1)[L],A-1[K],D-1[L];G-1[L],(g.b.d1)[L],D-1[L],(g.b.d1)[L],G-1[L],(g.b.d1)[L],D-1[L],(g.b.d1)[L];C-1[L],(g.c1.e1)[L],G-1[L],(g.c1.e1)[L],C-1[L],(g.c1.e1)[L],E-1[L],(#g.b.e1)[L];(A-1.c.e.a)[M],V,(A-1.c.e.a)[M],V,(A-1.c.e.a)[M],V,(A-1.c.e.a)[M],V,(A-1.d.#f.a)[M],V,(A-1.d.#f.a)[M],V,(A-1.d.#f.a)[M],V,(A-1.d.#f.a)[M],V;(G-1.B-1.d.g)[L],e[M],d[M],c[M],B-1[M],A-1[M],#F-1[M],G-1[K],G-2[K];(B-3.B-2)[L],U,(D-1.d)[M],V,#f[M],V,(E-1.e)[L],U,(E-2.E-1)[L],U;(a.e1)[L],U,T,(#g.e1)[L],U,T;(#f.#c1.e1)[L],U,T,B-1[L],U,T;#C-1[M],V,#G-1[M],V,#c[M],V,#d[M],V,e[L],U,#d[M],V,#c[M],V;#F-1[M],V,#c[M],V,#f[L],U,e[L],U,(e.d)[L],U;(a1.e2)[L],U,T,(#g1.e2)[L],U,T;(#f1.e)[L],U,T,b[L],U,T;e[L],U,T,B-1[L],U,T;E-1[M],V,B-1[M],V,e[M],V,#g[M],V,b[M],V,e1[M],V,#g1[M],V,b1[M],V;R;d[L],U,(a.f1)[L],U,(a.f1)[L],U,G-1[L],U;(g.#a.e1)[L],U,(g.#a.e1)[L],U,A-1[L],U,(a.#c1.g1)[K];T,(d1.f1)[L],U,(D-1.d)[K],T;(C-1.G-1.c)[K],(g.#a.e1)[J],F-1[L],U;(a.f1)[L],U,(a.f1)[L],U,(#C-1.#c)[K],(a.#c1.e1)[J];D-1[L],U,(a.f1)[L],U,(a.f1)[L],U;#A-1[L],U,(#a.d1)[L],U,(#a.d1)[L],U,C-1[L],U;(a.f1)[L],U,T,C-1[L],U,(c.#a)[L],U;(c.#a)[L],U,F-1[L],U,(c.a)[L],U,T;(C-1.G-1.c)[K],(g.#a.e1)[J],F-1[L],U;(a.f1)[L],U,(a.f1)[L],U,(#C-1.#c)[K],(a.#c1.e1)[J];D-1[L],U,(a.f1)[L],U,(a.f1)[L],U;#A-1[L],U,(#a.d1)[L],U,(#a.d1)[L],U,C-1[L],U;(a.f1)[L],U,T,C-1[L],U,(c.#a)[L],U;(c.#a)[L],U,(f.a)[L],U,(F-1.f)[L];"]},{"id":2,"baseBeats":0.5,"scores":["5<#f2[M],#f2[M]>,5<#f2[M],#f2[M]>,e2[L],d2[L],#c2[L],a1[L],a1[L],#c2[L];7<e2[M],e2[M],e2[M],e2[M]>,d2[L],#c2[L],d2[L],b1[L],b1[K];#f2[L],b2[L],b2[L],5<b2[M],#c3[M]>,d3[L],b2[L],b2[L],5<d3[M],d3[M]>;#c3[L],a2[L],a2[L],5<a2[M],#c3[M]>,d3[L],b2[L],b2[K];#f2[L],b2[L],b2[L],5<b2[M],#c3[M]>,d3[L],b2[L],b2[L],7<d3[M],d3[M],#f3[M],#f3[M]>,8<#f3[M],e3[M]>,d3[L],#c3[L],d3[L],b2[L],b2[L],8<b2[M],d3[M]>;#f3[L],#f3[L],e3[L],d3[L],#c3[L],a2[L],a2[L],#c3[L];","b[K],#f[K],#f[K],a[K];a[K],e[K],b[K],#f[K];b[L],(#f1.b1.d2)[L],#f[L],(#f1.b1.d2)[L],b[L],(#f1.b1.d2)[L],#f[L],(#f1.b1.d2)[L];#f[L],(#f1.a1.#c2)[L],a[L],(#f1.a1.#c2)[L],b[L],(#f1.b1.d2)[L],#f[L],(#f1.b1.d2)[L];b[L],(#f1.b1.d2)[L],#f[L],(#f1.b1.d2)[L],b[L],(#f1.b1.d2)[L],#f[L],(#f1.b1.d2)[L];#f[L],(#f1.a1.#c2)[L],a[L],(#f1.a1.#c2)[L],b[L],(#f1.b1.d2)[L],#f[L],(#f1.b1.d2)[L];b[L],(#f1.b1.d2)[L],#f[L],(#f1.b1.d2)[L],#f[L],(#f1.a1.#c2)[L],a[L],(#f1.a1.#c2)[L],"]},{"id":3,"baseBeats":1,"scores":["9<#G-1[HI]>;G-1[HI];F-1[HI];#A-1[HI];#d[HI];#G-1[K],T,T;#d[K],T,T;9<#g[IJ]>;#G-1[HK];#d[K],T,T;(#g.c1)[HI];(g.c1)[HJK];c1[K];9<(f.c1)[IK]>;c1[K];#c1[IK];c1[K];5<g[L],c2[L]>,5<g[L],c2[L]>,5<g[L],c2[L]>,5<g[L],c2[L]>,5<g[L],c2[L]>,5<g[L],c2[L]>,5<g[L],c2[L]>;","c1[K],#d1[K],#g1[K],c2[K];#g1[K],#d1[K],c1[K],#d1[K];#g1[K],c2[K],#g1[K],#d1[K];c1[K],e1[K],#a1[K],c2[K];#a1[K],e1[K],c1[K],e1[K];#a1[K],c2[K],#a1[K],e1[K];c1[K],#d1[K],a1[K],c2[K];a1[K],#d1[K],c1[K],#d1[K];a1[K],c2[K],a1[K],#d1[K];c1[K],d1[K],#g1[K],c2[K];#g1[K],d1[K],c1[K],d1[K];#g1[K],c2[K],#g1[K],d1[K];#c1[K],#d1[K],g1[K],c2[K];g1[K],#d1[K],#c1[K],#d1[K];g1[K],#a1[K],g1[K],#d1[K];c1[K],#d1[K],#g1[K],c2[K];#g1[K],#d1[K],c1[K],#d1[K];#g1[K],c2[K],#g1[K],#d1[K];c1[K],#d1[K],#g1[K],c2[K];#g1[K],#d1[K],c1[K],#d1[K];#g1[K],c2[K],#g1[K],#d1[K];c1[K],#d1[K],#g1[K],c2[K];#g1[K],#d1[K],c1[K],#d1[K];#g1[K],c2[K],#g1[K],#d1[K];c1[K],e1[K],#a1[K],c2[K];#a1[K],e1[K],c1[K],e1[K];#a1[K],c2[K],#a1[K],e1[K];c1[K],#d1[K],a1[K],c2[K];a1[K],#d1[K],#c1[K],#d1[K];a1[K],c2[K],a1[K],#d1[K];c1[K],d1[K],#g1[K],c2[K];#g1[K],d1[K],c1[K],d1[K];#g1[K],c2[K],#g1[K],d1[K];#c1[K],#d1[K],g1[K],c2[K];g1[K],#d1[K],#c1[K],#d1[K];g1[K],#a1[K],g1[K],#d1[K];c1[K],#d1[K],#g1[K],c2[K];#g1[K],#d1[K],c1[K],#d1[K];#g1[K],c2[K],#d2[K],#g2[K];"]},{"id":4,"baseBeats":0.125,"scores":["#f1[M],#g1[M],a1[M],#g1[M],(#f1.a1)[L],(e1.#g1)[M],(d1.#f1)[M],e1[L],b[L],#c1[M],(#c1.e1)[LM];#f1[M],#g1[M],a1[M],#g1[M],(#f1.a1)[L],(e1.#g1)[M],(d1.#f1)[M],e1[L],#c2[L],a1[K];#f1[M],#g1[M],a1[M],#g1[M],(#f1.a1)[L],(e1.#g1)[M],(d1.#f1)[M],e1[L],b[L],#c1[M],(#c1.e1)[LM];#f1[M],#g1[M],a1[M],#g1[M],(#f1.a1)[L],(e1.#g1)[M],(d1.#f1)[M],#f1[L],d2[L],#c2[K];#f1[M],#g1[M],a1[M],#g1[M],(#f1.a1)[L],(e1.#g1)[M],(d1.#f1)[M],e1[M],#g1[N],#f1[N],e1[M],b[M],#c1[N],#f1[N],e1[LM];#f1[M],#g1[M],a1[M],#g1[M],(#g1.b1)[M],(#f1.a1)[M],(e1.#g1)[M],(d1.#f1)[M],(d1.e1)[L],(d1.e1.b1)[L],#c2[N],b1[N],a1[LM];(#f1.#c2.#f2)[M],(#g1.#c2.#g2)[M],(a1.#c2.a2)[M],(#g1.#c2.#g2)[M],(b1.#f2.b2)[M],(a1.#f2.a2)[M],(a1.#g2)[M],(a1.#f2)[M],(e1.#g1.e2)[M],(#f1.#f2)[M],(e1.e2)[M],(b.b1)[M],(#c1.e1.#c2)[M],(e1.e2)[LM];(#f1.#c2.#f2)[M],(#g1.#c2.#g2)[M],(a1.#c2.a2)[M],(#g1.#c2.#g2)[M],(a1.#f2.a2)[L],(#g1.e2.#g2)[M],(#f1.d2.#f2)[M],(#f1.d2.#f2)[L],(e2.#f2.e3)[M],(d2.#f2.d3)[M],(#c2.f2.#c3)[K];","#c1[K],a[K],S;#c1[K],a[K],d1[K],#c1[K];#c1[K],a[K],S;#c1[K],a[K],d1[L],#f1[L],f1[K];#c1[K],a[K],T,#c1[K];#c1[K],a[K],T,e1[K];S,S;S,S;","(#f.a)[K],(d.#f)[K],(e.#g)[K],e[L],#c[M],e[M];(#f.a)[K],(d.#f)[K],a[L],#g[L],e1[M],#c1[M],a[M],e[M];(#f.a)[K],(d.#f)[K],(e.#g)[K],e[L],#c[M],e[M];(#f.a)[K],(d.#f)[K],b[K],a[L],#g[L];(#f.a)[L],#F-1[L],(d.#f)[L],D-1[L],(e.#g)[L],E-1[L],A-1[L],#c[M],e[M];(#f.a)[L],#F-1[L],(d.#f)[L],D-1[L],e[M],#f[M],a[M],#g[M],#c1[L],#c1[M],b[M];(#f.a)[L],#F-1[L],(d.#f)[L],D-1[L],(B-1.#g)[L],(E-1.d.e)[L],e[L],#c[M],e[M];(#f.a)[L],#F-1[M],#F-1[M],(d.#f)[L],D-1[M],D-1[M],(#G-1.b)[L],(B-1.#g)[L],(#c.#g.b.f1)[K];","S,T,A-1[K];S,B-1[L],e[L],A-1[K];S,T,A-1[K];S,#G-1[K],#c[K];S,T,A-1[K];S,E-1[K],(A-1.e)[K];S,T,A-1[K];S,T,T,"]},{"id":5,"baseBeats":0.75,"scores":["(f2.F-1.f.#g2.f1.c1.#g1.c2)[KL],(c2.#g1.F-1)[KL],(c2.f.#g2.f2)[KL],(c2.F-1.#g1)[KL],(f2.f.#g2.c2)[KL],(c2.#g1.F-1)[KL],(c2.f.#g2.f2)[KL],(c2.F-1.#g1)[KL],(f2.#A-2.#A-1.#c2.#c1.#g1.f1)[KL],(#c2.f2)[LM],(#c2.f2)[LM],(#c2.f2)[LM],(#c2.f2)[LM],(#c2.f2)[LM],(#c2.f2)[LM],(#c2.f2)[KL],(#c2.f2)[KL],(f2.#c2)[KL],(#c2.f2)[KL],(#D-1.#d.g2.#c1.#a.g1.#a1.#d2)[KL],(#c2.#D-1.g1.#a1)[KL],(#d2.#d.g2.#a1)[KL],(#c2.#a1.#D-1.g1)[KL],(#d.g2.#a1.#d2)[KL],(#c2.#D-1.g1.#a1)[KL],(#d2.#d.g2.#a1)[KL],(#c2.#a1.#D-1.g1)[KL],(#G-2.#G-1.c2.c1.g1.#d1.#d2)[KL],(c2.#d2)[LM],(c2.#d2)[LM],(c2.#d2)[LM],(c2.#d2)[LM],(c2.#d2)[LM],(c2.#d2)[LM],(#d2.c2)[KL],(c2.#d2)[KL],(c2.#d2)[KL],(c2.#d2)[KL],(#c2.#c.f2.c1.#g.f1.#C-1.#g1)[KL],(c2.#g1.#C-1.f1)[KL],(#c.f2.#g1.#c2)[KL],(c2.#C-1.f1.#g1)[KL],(#c2.#c.f2.#g1)[KL],(c2.#g1.#C-1.f1)[KL],(#c.f2.#g1.#c2)[KL],(c2.#C-1.f1.#g1)[KL],(#c2.#c1.f1.G-1.#a.#a1.G-2)[KL],(#a1.#c2)[LM],(#a1.#c2)[LM],(#a1.#c2)[LM],(#a1.#c2)[LM],(#a1.#c2)[LM],(#a1.#c2)[LM],(#a1.#c2)[KL],(#a1.#c2)[KL],(#c2.#a1)[KL],(#a1.#c2)[KL],(c.e1.g.c1.e2.C-1.g1.c2)[KL],(#a1.C-1.e1.g1)[KL],(c2.e2.c.g1)[KL],(#a1.g1.C-1.e1)[KL],(c.e2.g1.c2)[KL],(#a1.C-1.e1.g1)[KL],(c2.c.e2.g1)[KL],(#a1.g1.C-1.e1)[KL],(f2.f.f1.#g.c1.F-1.#g1)[LM],e2[LM],f2[LM],g2[LM],(f2.f)[LM],g2[LM],e2[LM],f2[LM],(e.c1.g1.g2)[LM],f2[LM],g2[LM],#g2[LM],(g2.e)[LM],#g2[LM],f2[LM],g2[LM],(#g2.f1.f.c1)[LM],g2[LM],#g2[LM],#a2[LM],(f.#g2)[LM],#a2[LM],g2[LM],#g2[LM],(g.#a1.#a2)[LM],#g2[LM],#a2[LM],c3[LM],(g.#a2)[LM],c3[LM],#g2[LM],#a2[LM],(#g.f1.c2.c3)[JK],(f2.f1.G-1.G-2)[KL],(f2.f1.g)[KL],(#f2.#f1.b)[KL],(#f2.g1.#f1)[KL],(g2.g1.G-1.G-2)[KL],g[KL],b[KL],g1[KL],(G-1.G-2)[KL],(b2.b1.g)[KL],b[KL],(d2.g1.d1)[KL],(g2.g1.G-1.G-2)[KL],g[KL],b[KL],g1[KL],(f2.f1.G-1.G-2)[KL],(f2.f1.g)[KL],(#f2.#f1.b)[KL],(#f2.g1.#f1)[KL],(g2.g1.G-1.G-2)[KL],g[KL],b[KL],g1[KL],(G-1.G-2)[KL],(b2.b1.g)[KL],b[KL],(d2.g1.d1)[KL],(g2.g1.G-1.G-2)[KL],g[KL],b[KL],g1[KL],(f2.f1.#D-1.#D-2)[KL],(f2.b1.f1.#d)[KL],(#f2.c2.#f1.#a)[KL],(#f2.#c2.#f1.#d1)[KL],(g2.g1.#D-1.#D-2)[KL],(g2.#c2.g1.#d)[KL],(#g2.d2.#g1.#a)[KL],(#g2.#d2.#g1.#d1)[KL],(a2.a1.#D-1.#D-2)[KL],(a2.#d2.a1.#d)[KL],(#a2.e2.#a1.#a)[KL],(#a2.f2.#a1.#d1)[KL],(b2.b1.#D-1.#D-2)[KL],(b2.f2.b1.#d)[KL],(c3.#f2.c2.#a)[KL],(c3.g2.c2.#d1)[KL],(#c3.#c2.#D-1.#D-2)[KL],(#c3.g2.#c2.#d)[KL],(d3.#g2.d2.#a)[KL],(d3.a2.d2.#d1)[KL],(#d3.#d2.#D-1.#D-2)[KL],(#d3.a2.#d2.#d)[KL],(e3.#a2.e2.#a)[KL],(e3.b2.e2.#d1)[KL],(f3.f2.D-1.D-2)[KL],(f3.b2.f2.d)[KL],(#f3.c3.#f2.a)[KL],(#f3.#c3.#f2.d1)[KL],(g3.d3.g2.D-1.D-2)[KL],(#g3.#d3.#g2.d)[KL],(a3.e3.a2.a)[KL],(#a3.f3.#a2.d1)[KL],(#a2.g2.d2.#a1.G-1.G-2)[LM],G-1[LM],(d.#A-1)[LM],G-1[LM],(d.#A-1)[LM],g[LM],(d1.#a)[LM],g[LM],(g1.d1.g.d.#A-1)[LM],#a[LM],(f2.f1.g)[LM],#a[LM],(g2.g1.g)[LM],#a[LM],d1[LM],g1[LM],(g2.d2.#a1.g1)[LM],g1[LM],(f2.f1.d1)[LM],(g2.d2)[LM],#a1[LM],d1[LM],(d2.#a1)[LM],d1[LM],(#a.g.g.d.#A-1)[LM],d[LM],(f2.f1.G-1)[LM],d[LM],(g2.g1.G-1)[LM],d[JM],(b2.g2.d2.b1.G-1.G-2)[LM],G-1[LM],(d.B-1)[LM],G-1[LM],(b2.b1.d.B-1)[LM],g[LM],(b2.b1.d1.b)[LM],g[LM],(g1.d1.g.d.B-1)[LM],b[LM],(f2.f1.g)[LM],b[LM],(g2.g1.g)[LM],b[LM],d1[LM],g1[LM],(g2.d2.b1.g1)[LM],g1[LM],(f2.f1.d1)[LM],(g2.d2)[LM],b1[LM],d1[LM],(d2.b1)[LM],d1[LM],(b.g.g.d.B-1)[LM],d[LM],(f2.f1.G-1)[LM],d[LM],(g2.g1.G-1)[LM],d[JM];"]},{"id":6,"baseBeats":0.25,"scores":["(a1.#c2.e2)[L],U,U,U,T,b1[K];e2[L],U,e2[L],#f2[L],#g2[L],U,#g2[L],a2[L];b2[L],U,#c3[L],b2[L],#g2[L],U,T;(#d2.b2)[L],U,(#c2.a2)[L],(b1.#g2)[L],(a1.#f2)[J];(#c2.a2)[L],U,(b1.#g2)[L],(a1.#f2)[L],(#g1.e2)[K],b1[L],U;e2[L],U,e2[L],#f2[L],#g2[L],U,#g2[L],a2[L];b2[L],U,a2[L],b2[L],#g2[L],U,T;(#c2.e2.b2)[L],U,a2[L],#g2[L],#f2[K],#g2[L],#f2[L];e2[L],U,U,U,S,#c1[M],#c1[KLM];(#C-1.#G-1.f.#g)[M],(#C-1.#G-1.f.#g)[KM],#c1[M],b[M],#c1[M];b[KLM],(#G-2.#G-1.d.#f)[M],(#G-2.#G-1.d.#f)[KL],#c1[M],e1[M],d1[M],#c1[M];#c1[KL],(#C-1.#G-1.f.#g)[M],(#C-1.#G-1.f.#g)[KM],#c1[M],b[M],#c1[M];b[KL],(#G-2.#G-1.d.#f)[M],(#G-2.#G-1.d.#f)[KMN],a[M],#g[M],b[M],a[M],#g[M];#g[KLM],(#C-1.#G-1.#c.f)[M],(#C-1.#G-1.#c.f)[KLM],#g[M];#g[KLMN],(E-1.#G-1.#c.e)[MN],(E-1.#G-1.#c.e)[KMN],a[MN],#g[MN],b[M],a[MN],#g[MN];#g[J],(#G-1.#c.#d)[L],(#c.#d)[JLM];(c.#d.#f)[LM],A-1[L],#G-1[L],B-1[L],A-1[L],#G-1[L],#F-1[L],E-1[L],#F-1[L],#D-1[L],A-1[J],5<A-3[M],A-3[M]>,5<A-3[M],A-3[M]>,5<A-3[M],A-3[M]>,5<A-3[M],A-3[M]>,g3[L],g4[KL],3<g[M],c2[M],#c2[M],#c2[M],A-3[M],A-3[M],A-3[M],A-3[M],A-3[M],A-3[M],A-3[M],A-3[M],A-3[M],A-3[M],A-3[M],A-3[M],A-3[M],A-3[M],A-3[M],A-3[M],g[M],c2[M],#c2[M],#c2[M],A-3[M],A-3[M],A-3[M],A-3[M],A-3[M],A-3[M],A-3[M],A-3[M],A-3[M],A-3[M],A-3[M],A-3[M],A-3[M],A-3[M],A-3[M],A-3[M],g[M],c2[M],#c2[M],#c2[M],A-3[M],A-3[M],A-3[M],A-3[M],A-3[M],A-3[M],A-3[M],A-3[M],A-3[M],A-3[M],A-3[M],A-3[M],A-3[M],A-3[M],A-3[M],A-3[M],g[M],c2[M],#c2[M],#c2[M],A-3[M],A-3[M],A-3[M],A-3[M],A-3[M],A-3[M],A-3[M],A-3[M],A-3[M],A-3[M],A-3[M],A-3[M],A-3[M],A-3[M],A-3[M],A-3[M],g[M],c2[M],#c2[M],#c2[M],A-3[M],A-3[M],A-3[M],A-3[M],A-3[M],A-3[M],A-3[M],A-3[M],A-3[M],A-3[M],A-3[M],A-3[M],A-3[M],A-3[M],A-3[M],A-3[M],g[M],c2[M],#c2[M],#c2[M],A-3[M],A-3[M],A-3[M],A-3[M],A-3[M],A-3[M],A-3[M],A-3[M],A-3[M],A-3[M],A-3[M],A-3[M],A-3[M],A-3[M],A-3[M],A-3[M]>,10<(g3.g4)[K],A-3[M],G-2[M],c3[M]>,E-1[L],E-1[L],e[K],E-1[L],E-1[L],e[K],E-1[L],E-1[L],e[K],E-1[L],E-1[L],e[K],E-1[L],E-1[L],e[K],E-1[L],E-1[L],e[K],E-1[L],E-1[L],e[K],E-1[L],E-1[L],e[K],(d1.E-1.d2)[M],(e1.e2)[M],(e1.E-1.e2)[M],(d1.d2)[M],(e1.e2.e)[L],(e1.e2)[M],(e1.e2)[M],(d1.d2.E-1)[M],(e1.e2)[M],(e1.E-1.e2)[M],(d1.d2)[M],(e1.e.e2)[L],(e1.e2)[M],(e1.e2)[M],(d1.d2.E-1)[M],(e1.e2)[M],(e1.e2.E-1)[M],(d1.d2)[M],(e1.e2.e)[L],(e1.e2)[M],(e1.e2)[M],(a1.E-1.a2)[L],(g1.E-1.g2)[L],(g1.e.g2)[L],(d1.d2)[M],(d1.d2)[M],(e1.e2.E-1)[M],(e1.e2)[M],E-1[M],(d1.d2)[M],(e1.e.e2)[LM],(d1.d2)[M],(e1.e2.E-1)[L],(e1.E-1.e2)[L],(e1.e.e2)[K],(d1.d2)[M],(d1.d2)[M],(d1.d2)[L],(d1.d2)[L],(a.a1)[M],(b.b1)[M],(a.a1)[M],(g.g1)[M],(g.g1)[L],(e.e1)[M],(e.e1)[M],(g.g1)[M],(b.b1)[M],(g1.g2.E-1)[L],E-1[L],(#f1.e1.g1.b1.e2.e.#f2)[K],(e1.e2.E-1)[L],E-1[L],(d1.d2.e.e2.b1.g1.e1)[K],(e1.e2.E-1)[L],(e1.e2.E-1)[L],(e1.g1.b1.e2.e)[K],E-1[L],E-1[L],(e1.g1.b1.e2.e)[K],(g1.g2.E-1)[L],E-1[L],(#f1.e1.g1.b1.e2.e.#f2)[K],(e1.e2.E-1)[L],E-1[L],(d1.e1.g1.b1.e2.e.d2)[K],(e1.E-1.e2)[L],(e1.e2.E-1)[L],(e1.g1.b1.e2.e)[K],E-1[L],E-1[L],(e1.g1.b1.e2.e)[K],(d1.E-1.d2)[M],c1[M],d1[M];#d1[M],d1[M],c1[M],#d1[M],d1[M],c1[M],b[M],d1[M];c1[M],b[M],c1[M],d1[M],#d1[M],e1[M],f1[M],#f1[M];g1[M],#g1[M],#f1[M],#g1[M],g1[M],c2[M],#a1[M],#g1[M];g1[M],#g1[M],#f1[M],#g1[M],g1[M],#d2[M],d2[M],c2[M];b1[M],d2[M],f1[M],#g1[M],g1[M],b1[M],d1[M],f1[M];#d1[M],g1[M],b[M],d1[M],c1[M],#d1[M],g[M],#a[M];a[M],c1[M],#g[M],c1[M],g[M],c1[M],#f[M],c1[M];g[M],a[M],b[M],c1[M],d1[M],#d1[M],f1[M],d1[M];#d1[M],d1[M],c1[M],#d1[M],d1[M],c1[M],b[M],d1[M];c1[M],b[M],c1[M],d1[M],#d1[M],e1[M],f1[M],#f1[M];g1[M],#g1[M],#f1[M],#g1[M],g1[M],c2[M],#a1[M],#g1[M];g1[M],#g1[M],#f1[M],#g1[M],g1[M],#d2[M],d2[M],c2[M];#g2[M],f2[M],#c2[M],(a1.a2)[K],3<#c3[M],d3[M],#c3[M],b2[M],a2[M],b2[M],a2[M],#g2[M],#f2[M],a2[M],#g2[M],#f2[M];f2[M],#f2[M],#g2[M],f2[M],#c2[M],#d2[M],f2[M],#c2[M],#f2[M],f2[M],#f2[M],#g2[M],a2[M],#g2[M],a2[M],b2[M];#c3[M],c3[M],#c3[M],c3[M],#c3[M],d3[M],#c3[M],b2[M],a2[M],b2[M],a2[M],#g2[M],#f2[M],a2[M],#g2[M],#f2[M];e2[M],#f2[M],#g2[M],e2[M],#c2[M],#d2[M],e2[M],#c2[M],#d2[M],e2[M],#f2[M],#d2[M],c2[M],#c2[M],#d2[M],c2[M]>;#c2[K],3<e2[M],d2[M],#c2[M],b1[M],a1[M],b1[M],#c2[M],d2[M],e2[M],#f2[M],#g2[M],a2[M];a2[M],#g2[M],#f2[M],e2[M],e2[M],d2[M],#c2[M],b1[M],a1[M],b1[M],#c2[M],d2[M],e2[M],#f2[M],#g2[M],a2[M]>;#a2[L],b2[L],3<e2[M],d2[M],#c2[M],b1[M],a1[M],b1[M],#c2[M],d2[M],e2[M],#f2[M],#g2[M],a2[M];a2[M],#g2[M],#f2[M],e2[M],e2[M],d2[M],#c2[M],b1[M],#c2[M],e2[M],a1[M],#c2[M],b1[M],d2[M],#g1[M],b1[M]>;a1[IL],(a1.#c1.f2)[M],a1[M],e2[M],a2[M],a2[M],e3[M],(c2.a3)[M],(d2.a3)[M],(a1.#c1.f2.a4)[M],a3[M],a3[M],e3[M],a2[M],a2[M],(A-1.e2)[M],a1[M],(a1.d1.f2)[M],a1[M],d2[M],(f2.a2)[M],a2[M],d3[M],(g2.a3)[M],a3[M],(a1.d1.a4)[M],a3[M],a3[M],d3[M],a2[M],a2[M],(A-1.d2)[M],a1[M],(a1.#c1.f2)[M],a1[M],e2[M],a2[M],a2[M],e3[M],(c2.a3)[M],(d2.a3)[M],(a1.#c1.f2.a4)[M],a3[M],a3[M],e3[M],a2[M],a2[M],(A-1.f2.e2)[M],(d2.a1)[M],(a1.d1.f2)[M],a1[M],d2[M],(g2.a2)[M],a2[M],d3[M],(g2.a3)[M],a3[M],(a1.d1.a4)[M],a3[M],(c3.a3)[M],d3[M],(#a2.a2)[M],a2[M],(A-1.a2.d2)[M],a1[M],(a1.#c1.#a2)[M],a1[M],e2[M],(a2.a2)[M],a2[M],e3[M],(g2.a3)[M],a3[M],(a1.#c1.#a2.a4)[M],a3[M],(a2.a3)[M],e3[M],(a2.a2)[M],a2[M],(A-1.g2.e2)[M],a1[M],(a1.d1)[M],a1[M],(a2.d2)[M],(g2.a2)[M],(d2.a2)[M],d3[M],(f2.a3)[M],a3[M],(a1.d1.a4)[M],a3[M],a3[M],d3[M],a2[M],a2[M],(A-1.c2.d2)[M],(d2.a1)[M],(a1.#c1.f2)[M],a1[M],e2[M],(f2.a2)[M],a2[M],e3[M],(c2.a3)[M],(d2.a3)[M],(a1.#c1.f2.a4)[M],a3[M],(f2.a3)[M],(d2.e3)[M],a2[M],a2[M],(A-1.c2.e2)[M],(d2.a1)[M],(a1.d1.f2)[M],a1[M],d2[M],(f2.a2)[M],a2[M],d3[M],(c2.a3)[M],(d2.a3)[M],(a1.d1.f2.a4)[M],a3[M],(f2.a3)[M],(d2.d3)[M],a2[M],a2[M],(A-1.e2.c2.d2)[M],(g2.d2.a1)[M],(a1.#c1.a2.f2)[M],a1[M],a2[M],(f2.a2)[M],(a3.e3)[M],a2[M],(g2.c2.a2)[M],(a2.d2.a1)[M],(a1.#c1.c3.f2)[M],a1[M],(f2.a2)[M],(d2.a2)[M],(a3.e3)[M],a2[M],(A-1.c2.a2)[M],(d2.a1)[M],(a1.d1.c3.f2)[M],a1[M],a2[M],(d3.f2.a2)[M],(a3.d3)[M],a2[M],(c3.c2.a2)[M],(d2.a1)[M],(a1.d1.f2)[M],a1[M],(f2.a2)[M],(d2.a2)[M],(a3.d3)[M],a2[M],(A-1.c2.a2)[M],(d2.a1)[M],(a1.#c1.c3.f2)[M],a1[M],a2[M],(f2.a2)[M],(a3.e3)[M],a2[M],(a2.c2.a2)[M],(#a2.d2.a1)[M],(a1.#c1.c3.f2)[M],a1[M],(f2.a2)[M],(d2.a2)[M],(a3.e3)[M],a2[M],(A-1.c3.c2.a2)[M],(d2.a1)[M],(a1.d1.f3.f2)[M],a1[M],a2[M],(d3.f2.a2)[M],(a3.d3)[M],a2[M],(c3.c2.a2)[M],(d2.a1)[M],(a1.d1.f2)[M],a1[M],(c3.f2.a2)[M],(d2.a2)[M],(c3.a3.d3)[M],a2[M],(A-1.c3.c2.a2)[M],(d2.a1)[M],(a1.#c1.d3.f2)[M],a1[M],a2[M],(c3.f2.a2)[M],(a3.e3)[M],a2[M],(d3.c2.a2)[M],(d2.a1)[M],(a1.#c1.e3.f2)[M],a1[M],(f2.a2)[M],(d3.d2.a2)[M],(a3.e3)[M],a2[M],(A-1.f3.c2.a2)[M],(d2.a1)[M],(a1.d1.f2)[M],a1[M],a2[M],(d3.f2.a2)[M],(a3.d3)[M],a2[M],(d3.c2.a2)[M],(d2.a1)[M],(a1.d1.f2)[M],a1[M],(f2.a2)[M],(d2.a2)[M],(f2.a3.d3)[M],a2[M],(A-1.c2.a2)[M],(d2.a1)[M],(a1.#c1.f2)[M],a1[M],(g2.a2)[M],(c3.f2.a2)[M],(a2.a3.e3)[M],a2[M],(c3.c2.a2)[M],(d2.a1)[M],(a1.#c1.c3.f2)[M],a1[M],(f2.a2)[M],(d3.d2.a2)[M],(a3.e3)[M],a2[M],(A-1.d3.c2.a2)[M],(d3.d2.a1)[M],(D-1.D-2.d3.a2.d2)[L],(d1.a.d3.a2.d2)[M],(d3.a2.d2)[M],(d1.a)[L],(d1.a.d3.a2.d2)[L],(d1.a.d3.a2.d2)[L],(d1.a.d3.a2.d2)[M],(d3.a2.d2)[M],(d1.a)[L],(d.A-1)[L],(D-1.D-2.d2.a1.d1)[K],(a.d.a2.d2.a1)[L],D-1[L],A-1[L],(a.d.f2.d2.f1)[L],D-1[L],A-1[L],(a.d.f2.d2.f1)[L],(D-1.g2.d2.g1)[L],(A-1.d2.a1.d1)[L],(a.d)[L],D-1[L],(A-1.d2.a1.d1)[L],(a.d)[L],A-2[L],(D-1.D-2.#g2.d2.#g1)[K],(a.d.a2.d2.a1)[L],D-1[L],A-1[L],(a.d.f2.d2.f1)[L],D-1[L],A-1[L],(a.d.c3.a2.c2)[L],(D-1.d3.a2.d2)[L],(A-1.c3.a2.c2)[L],(a.d.a2.f2.a1)[L],(D-1.c3.a2.c2)[L],(A-1.a2.f2.a1)[L],(a.d.a2.f2.a1)[L],(A-2.g2.f2.g1)[L],(D-1.D-2.d2.a1.d1)[K],(a.d.d2.a1.d1)[L],D-1[L],(A-1.d2.a1.d1)[L],5<#d3[M]>,U,5<#d3[M]>,U,5<#d3[M]>,U,5<(#d3@e3)[M]>,U,5<(#d3@e3)[M]>,U,5<(#d3@e3)[M]>,U,5<(#d3@e3)[M]>,U,5<(#d3@e3)[M]>,U,5<(#d3@e3)[M]>,U,5<(e2@#d3@e3)[M]>,U,5<(e2@#d3@e3)[M]>,U,5<(e2@#d3@e3)[M]>,U,5<(e2@f2@#d3@e3)[M]>,U,5<(e2@f2@#d3@e3)[M]>,U,5<(e2@f2@#d3@e3)[M]>,U,5<(#f1@e2@f2@#d3@e3)[M]>,U,5<(#f1@e2@f2@#d3@e3)[M]>,U,5<(#f1@e2@f2@#d3@e3)[M]>,U,5<(#f1@e2@f2@#d3@e3)[M]>,U,5<(#f1@e2@f2@#d3@e3)[M]>,U,5<(#f1@e2@f2@#d3@e3)[M]>,U,5<(#f1@e2@f2@d3@#d3)[M]>,U,5<(#f1@e2@f2@d3@#d3)[M]>,U,5<(#f1@e2@f2@d3@#d3)[M]>,U,S,#c[MN],#g1[M],a1[M],#g1[M],g1[M],#g1[M],#c2[M],e2[M],#d2[M],#c2[M],#d2[M],#c2[M],c2[M],#c2[M],e2[M],#g2[M];#c[MN],#g1[M],a1[M],#g1[M],g1[M],#g1[M],#c2[M],e2[M],#d2[M],#c2[M],#d2[M],#c2[M],c2[M],#c2[M],e2[M],#g2[M];#c[L],a1[M],#c2[M],#d2[M],#f2[M],a2[M],#c3[M],#d3[M],b3[M],a3[M],#g3[M],#f3[M],e3[M],#d3[M],#f3[M],#c3[M];c3[M],#d3[M],a2[M],#g2[M],#f2[M],a2[M],e2[M],#d2[M],#f2[M],#c2[M],c2[M],#d2[M],a1[M],#g1[M],b1[M],a1[L],(d1~#f1~b1~d2~#c2~b1~#a1)[KM],b1[J];(d1@#f1@b1)[LM],#c2[LM],d2[LM],e2[LM];#f2[LM],d2[LM],#f2[LM],d2[LM];#f2[JL],(mute~e1~#f1)[L];d2[LM],#f1[M],#c2[LM],#f1[M];(d1.b1)[K],b1[M],b1[M],b1[M],b1[L],b1[M],b1[M],#c2[M],d2[M],#c2[M],b1[K];V,d1[M],b1[M],b1[M],b1[M],(d1.b1)[LM];b1[M],#c2[M],d2[M],#c2[M],b1[M],a1[M];(#f1.a1)[LM],a1[M],a1[M],a1[M],d2[M],d2[M];e2[M],#f2[M],e2[M],d2[M],e2[M],d2[M],#c2[M],b1[M];b1[M],5<#c2[N],b1[N]>,(e1.a1)[K],a1[M],5<b1[N],#c2[N]>;(a1.#c2)[M],e2[LM],a1[L],b1[M],a1[M];#f1[K],VW,d2[MN],d2[MN],d2[MN],b1[MN],a1[MN],#f2[LM],e2[M];(b1.e2)[K],V,e2[MN],#f2[MN],e2[M],d2[M],b1[L],#f2[L],d2[M],d2[M];(b1@a1)[L],U,e2[M],e2[M],e2[M],#f2[M],e2[M],d2[M],b1[M],a1[M],b1[L],d2[M],b2[L];#f2[L],V,#f2[L],g2[M],#f2[M],e2[M],d2[M],e2[LM],d2[LM];","A-1[L],e[L],a[L],b[L],(e.a.#c1)[K],T;e[L],b[L],(e1.#g1)[K],e[L],b[L],(#d1.#g1)[K];#G-1[L],#d[L],(#g.b)[K],#c[L],#g[L],(#c1.f1.a1)[K];#f[L],#c1[L],(e1.a1)[K],(b.#d1)[J];B-1[L],#f[L],(#c.b)[L],(#d.a)[L],(e.#g)[K],U,#d[L];#c[L],#g[L],(#c1.e1)[K],c[L],#g[L],(c1.#d1)[K];B-1[L],#g[L],(b.e1)[K],#c[L],#g[L],(#c1.f1.a1)[K];#f[L],#c1[L],(e1.a1)[K],(b.#d1)[J];e[L],b[L],(#c1.a1)[L],#f1[L],(b.#g1)[J];"]}]}