{"baseBpm":142.5,"musics":[{"bpm":142.5,"baseBeats":0.25,"scores":["mute[KN],mute[MN],mute[MN],mute[MN],mute[KN],mute[MN],mute[MN],mute[MN],mute[KN],mute[MN],mute[MN],mute[MN],mute[LM],mute[MN],mute[MN],mute[MN],mute[MN],mute[KN],mute[MN],mute[MN],mute[MN],mute[KN],mute[MN],mute[MN],mute[MN],mute[LM],mute[MN],mute[MN],mute[MN],mute[MN],mute[KN],mute[MN],mute[MN],mute[MN],mute[KN],mute[MN],mute[MN],mute[MN],mute[KN],mute[MN],mute[MN],mute[MN],mute[M],5<V>,5<V>,mute[LM],mute[MN],mute[MN],mute[MN],mute[MN],mute[LM],mute[MN],mute[MN],mute[MN],mute[MN],mute[MN],mute[MN],mute[MN],mute[MN],mute[MN],mute[MN],mute[M],mute[M],mute[M],mute[MN],mute[MN],mute[MN],mute[MN],mute[MN],mute[MN],mute[MN],mute[MN],mute[MN],mute[MN],mute[MN],mute[MN],mute[MN],mute[MN],mute[M],mute[M],mute[M],mute[M],mute[M],mute[M],mute[M],mute[M],mute[M],mute[M],mute[M],mute[M],mute[M],mute[M],mute[M],mute[M],mute[M],mute[M],mute[MNP],mute[MN],mute[MN],mute[MN],mute[MN],mute[MN],mute[MN],mute[MN],mute[MN],mute[MN],mute[MN],mute[MN],mute[MN],mute[MN],mute[MN],mute[MN],mute[MN],mute[MN],mute[MN],mute[MN],mute[MN],mute[MN],mute[MN],mute[MN],mute[MN],mute[MN],mute[MN],mute[MN],mute[MN],mute[MN],mute[MN],mute[MN],mute[MN],mute[MN],mute[MN],mute[MN],mute[MN],mute[MN],mute[MN],mute[MN],mute[MN],mute[MN],mute[MN],mute[MN],mute[MN],mute[MN],mute[MN],mute[MN],mute[MN],mute[LM],mute[MN],mute[MN],mute[LM],mute[LM],mute[MN],mute[MN],mute[LM],mute[LM],mute[MN],mute[MN],mute[LM],mute[LM],mute[MN],mute[MN],mute[LM],mute[LM],mute[MN],mute[MN],mute[LM],mute[MN],mute[MN],mute[MN],mute[MN],mute[LM],mute[LM],mute[MN],mute[MN],mute[LMP],mute[LMP],mute[MN],mute[MNP],mute[LM],mute[LM],mute[MN],mute[MN],mute[LM],mute[LM],mute[MN],mute[MN],mute[LM],mute[LM],mute[MN],mute[MN],mute[LM],mute[LM],mute[MN],mute[MN],mute[LM],mute[LM],mute[MN],mute[MN],mute[LM],mute[LM],mute[MN],mute[MN],mute[MN],mute[MN],mute[MN],mute[MN],mute[MN],mute[MN],mute[LM],mute[LM],mute[MN],mute[MN],mute[LM],mute[MN],mute[MN],mute[MN],mute[MN],mute[MN],mute[MN],mute[MN],mute[MN],mute[MN],mute[MN],mute[MN],mute[MN],mute[MN],mute[MN],mute[MN],mute[MN],mute[MN],mute[MN],mute[MN],mute[MN],mute[MN],mute[MN],mute[MN],mute[MN],mute[MN],mute[MN],mute[MN],mute[MN],mute[MN],mute[MN],mute[MN],mute[MN],mute[MN],mute[MN],mute[MN],mute[MN],mute[MN],mute[MN],mute[MN],mute[MN],mute[MN],mute[MN],mute[MN],mute[MN],mute[MN],mute[MN],mute[MN],mute[MN],mute[MN],mute[MN],mute[MN],mute[MN],mute[MN],mute[MN],mute[MN],mute[MN],mute[MN],mute[MN],mute[MN],mute[MN],mute[MN],mute[MN],mute[MN],mute[MN],mute[MN],mute[MN],mute[MN],mute[MN],mute[MN],mute[MN],mute[MN],mute[MN],mute[MN],mute[MN],mute[MN],mute[MN],mute[MN],mute[MN],mute[MN],mute[MN],mute[MN],mute[MN],mute[MN],mute[MN],mute[MN],mute[MN],mute[MN],mute[MN],mute[MN],mute[MN],mute[MN],mute[MN],mute[MN],mute[MN],mute[MN],mute[MN],mute[LM],mute[MN],mute[MN],mute[MN],mute[MN],mute[LM],mute[MN],mute[MN],mute[MN],mute[MN],mute[MN],mute[MN],mute[MN],mute[MN],mute[MN],mute[MN],mute[M],mute[M],mute[M],mute[MN],mute[MN],mute[MN],mute[MN],mute[MN],mute[MN],mute[MN],mute[MN],mute[MN],mute[MN],mute[MN],mute[MN],mute[MN],mute[MN],mute[M],mute[M],mute[M],mute[M],mute[M],mute[M],mute[M],mute[M],mute[M],mute[M],mute[M],mute[M],mute[M],mute[M],mute[M],mute[M],mute[M],mute[M],mute[MN],mute[MN],mute[MN],mute[MN],mute[MN],mute[MN],mute[MN],mute[MN],mute[MN],mute[MN],mute[MN],mute[MN],mute[MN],mute[MN],mute[MN],mute[MN],mute[MN],mute[MN],mute[MN],mute[MN],mute[MN],mute[MN],mute[MN],mute[MN],mute[MN],mute[MN],mute[MN],mute[MN],mute[MN],mute[MN],mute[MN],mute[MN],mute[MN],mute[MN],mute[MN],mute[MN],mute[MN],mute[MN],mute[MN],mute[MN],mute[MN],mute[MN],mute[MN],mute[MN],mute[MN],mute[MN],mute[MN],mute[MN],mute[MN],mute[MN],mute[MN],mute[MN],mute[MN],mute[MN],mute[MN],mute[MN],mute[MN],mute[MN],mute[MN],mute[MN],mute[MN],mute[MN],mute[MN],mute[MN],mute[MN],mute[MN],mute[MN],mute[MN],mute[MN],mute[MN],mute[MN],mute[MN],mute[MN],mute[MN],mute[MN],mute[MN],mute[MN],mute[MN],mute[MN],mute[MN],mute[MN],mute[MN],mute[MN],mute[MN],mute[MN],mute[MN],mute[MN],mute[MN],mute[MN],mute[MN],mute[MN],mute[MN],mute[MN],mute[MN],mute[MN],mute[MN],mute[MN],mute[MN],mute[MN],mute[MN],mute[MN],mute[MN],mute[MN],mute[MN],mute[MN],mute[MN],mute[MN],mute[MN],mute[MN],mute[MN],mute[MN],mute[MN],mute[MN],mute[MN],mute[MN],mute[MN],mute[MN],mute[MN],mute[MN],mute[MN],mute[MN],mute[MN],mute[MN],mute[MN],mute[MN],mute[MN],mute[MN],mute[MN],mute[MN],mute[MN],mute[MN],mute[MN],mute[MN],mute[MN],mute[MN],mute[MN],mute[MN],mute[MN],mute[MN],mute[MN],mute[MN],mute[MN],mute[MN],mute[MN],mute[MN],mute[MN],mute[MN],mute[MN],mute[MN],mute[MN],mute[MN],mute[MN],mute[MN],mute[MN],mute[MN],mute[MN],mute[MN],mute[MN],mute[MN],mute[MN],mute[MN],mute[MN],mute[MN],mute[MN],mute[MN],mute[MN],mute[MN],mute[MN],mute[MN],mute[MN],mute[MN],mute[MN],mute[MN],mute[MN],mute[MN],mute[MN],mute[MN],mute[MN];","(#a2.#A-3)[KN],f2[MN],#a2[MN],f2[MN],e2[KN],b1[MN],(#a1.#C-1)[MN],#g2[MN],#c2[KN],b1[MN],#f2[MN],f2[MN],#a1[LM],#F-2[MN],f2[MN],e2[MN],b1[MN],#f1[KN],#c2[MN],#g1[MN],f1[MN],(#a1.#A-2.#A-3)[KN],f1[MN],#a1[MN],f1[MN],e1[LM],(D-2.D-1)[MN],b[MN],#a[MN],#g1[MN],#c1[KN],b[MN],(#f1.#F-2.#F-1)[MN],f1[MN],#a[KN],f1[MN],e1[MN],b[MN],(#f.#D-2.#D-1)[KN],#c1[MN],#g[MN],f[MN],b[MN],#c1[OP],#f2[OP],b2[OP],#c3[OP],(#f3.B-2.B-3)[LM],#f3[MN],f3[MN],#d3[MN],f3[MN],#c3[LM],(b2.B-3)[MN],#a2[MN],(#c3.B-3)[MN],#f2[MN],(#d1.B-3.B-2)[MN],#f1[MN],(#c2.B-3)[MN],#d2[MN],(b1.B-3)[MN],#d1[MN],(#d2.B-2.B-3)[M],#f2[M],f2[M],(b2.B-3)[MN],#f2[MN],(#c2.B-3)[MN],#g1[MN],(#a1.#D-2.#D-1)[MN],#f1[MN],(f1.#D-2)[MN],#a[MN],(#d.#D-2)[MN],#a[MN],(f1.#D-2.#D-1)[MN],#f1[MN],(f1.#D-2)[MN],#a[MN],(#d.#D-2)[M],#a[M],f1[M],(#f1.#D-2.#D-1)[M],#c2[M],#d2[M],(f2.#D-2)[NO],#f2[NO],f2[NO],#c2[NO],(#a1.#D-2)[NO],#f1[NO],f1[NO],#d1[NO],(#a.#D-2.#D-1)[NO],#f1[NO],f1[NO],#d1[NO],(#a.#D-2)[NO],#f[NO],#a[NO],#d1[NO],(f1.#D-2)[NO],#f1[NO],(#g2.#g1)[P],(#a3.#a2.#A-1.#a)[MN],f[MN],#c[MN],(f3.f2.#A-2.#A-1)[MN],(#a2.#a3.F-1)[MN],(f3.f2.#A-1)[MN],(e2.e3.#A-1.#a)[MN],f[MN],#c[MN],(c2.c3.#A-2.#A-1)[MN],(b2.b1.F-1)[MN],(#g3.#g2.#A-1)[MN],(#a2.#a1.#A-1.#a)[MN],f[MN],#c[MN],(f2.f1.#A-2.#A-1)[MN],(#a1.#a2.F-1)[MN],(f2.f1.#A-1)[MN],(e2.e1.#A-1.#a)[MN],f[MN],#c[MN],(c2.c1.#A-2.#A-1)[MN],(b.b1.F-1)[MN],(#g2.#g1.#A-1)[MN],(#a2.#a1.#A-2.#A-1)[MN],F-1[MN],#C-1[MN],(f2.f1.#A-3.#A-2)[MN],(#a2.#a1.F-2)[MN],(f2.f1.#A-2)[MN],(e2.e1.#A-2.#A-1)[MN],F-1[MN],#C-1[MN],(b1.b.#A-3.#A-2)[MN],(#a1.#a.F-2)[MN],(#g2.#g1.#A-2)[MN],(#c2.#c1.#A-2.#A-1)[MN],F-1[MN],#C-1[MN],(b1.b.#A-3.#A-2)[MN],(#f2.#f1.F-2)[MN],(f2.f1.#A-2)[MN],(b1.b.#A-2.#A-1)[MN],F-1[MN],#C-1[MN],(#c2.#c1.#A-3.#A-2)[MN],(#g1.#g.F-2)[MN],(f1.f.#A-2)[MN],(f.#A-2)[LM],(#a.F-1.#A-1)[MN],#C-1[MN],(c1.F-1.#A-1)[LM],(#c1.#A-2)[LM],(F-1.#A-1)[MN],#C-1[MN],(#a.F-1.#A-1)[LM],(f1.#A-2)[LM],(F-1.#A-1)[MN],#C-1[MN],(F-1.#A-1)[LM],(#a.#A-2)[LM],(#d1.F-1.#A-1)[MN],#C-1[MN],(f1.F-1.#A-1)[LM],(#d1.#G-2)[LM],(#D-1.#G-1)[MN],C-1[MN],(#D-1.#G-1)[LM],(#g1.#G-2)[MN],#a1[MN],(c2.#D-1.#G-1)[MN],C-1[MN],(#g1.#D-1.#G-1)[LM],(#d1.#G-2)[LM],(#D-1.#G-1)[MN],C-1[MN],(#D-1.#G-1)[LNOP],c2[O],(c3.#G-2)[LNOP],#c2[O],(#c3.#D-1.#G-1)[MN],C-1[MOP],c2[O],(c3.#D-1.#G-1)[LM],(#a.#F-2)[LM],(#f.#C-1.#F-1)[MN],#A-2[MN],(#g.#C-1.#F-1)[LM],(#c1.#F-2)[LM],(#a.#C-1.#F-1)[MN],#A-2[MN],(#f1.#C-1.#F-1)[LM],(#d1.#G-2)[LM],(#g1.#D-1.#G-1)[MN],C-1[MN],(#D-1.#G-1)[LM],#G-2[LM],(#d1.#D-1.#G-1)[MN],(#g1.C-1)[MN],(#c2.#D-1.#G-1)[LM],(c2.#A-2)[LM],(#a1.F-1.#A-1)[MN],#C-1[MN],(f1.F-1.#A-1)[LM],#A-2[LM],(F-1.#A-1)[MN],#C-1[MN],(c1.F-1.#A-1)[MN],f1[MN],(#c1.#A-2)[MN],#a[MN],(f.F-1.#A-1)[MN],#C-1[MN],(F-1.#A-1)[LM],#A-2[LM],(F-1.#A-1)[MN],#C-1[MN],(F-1.#A-1)[LM],(#f1.#f2.#C-1.#c)[MN],#A-1[MN],#F-1[MN],(#c1.#c2.#C-1.#A-1)[MN],(#f1.#f2.#F-1)[MN],(#c1.#c2.#A-1)[MN],(c1.c2.#C-1.#c)[MN],#A-1[MN],#F-1[MN],(#g.#g1.#C-1.#A-1)[MN],(#f.#f1.#F-1)[MN],(f1.f2.#A-1)[MN],(#f1.#f2.#C-1.#c)[MN],#A-1[MN],#F-1[MN],(#c1.#c2.#C-1.#A-1)[MN],(#f1.#f2.#F-1)[MN],(#c1.#c2.#A-1)[MN],(c1.c2.#D-1.#d)[MN],c[MN],#G-1[MN],(#g.#g1.#D-1.c)[MN],(#f.#f1.#G-1)[MN],(#f1.#f2.c)[MN],(#a1.#a2.F-1.f)[MN],#c[MN],#A-1[MN],(f1.f2.F-1.#c)[MN],(#a1.#a2.#A-1)[MN],(f1.f2.#c)[MN],(e1.e2.F-1.f)[MN],#c[MN],#A-1[MN],(b.b1.F-1.#c)[MN],(#a.#a1.#A-1)[MN],(#g1.#g2.#c)[MN],(#a1.#a2.F-1.f)[MN],#c[MN],#A-1[MN],(f1.f2.F-1.#c)[MN],(#a1.#a2.#A-1)[MN],(f1.f2.#c)[MN],(e1.e2.F-1.f)[MN],#c[MN],#A-1[MN],(b.b1.F-1.#c)[MN],(#a.#a1.#A-1)[MN],(g1.g2.#c)[MN],(#f1.#f2.#C-1.#c)[MN],#A-1[MN],#F-1[MN],(#c1.#c2.#C-1.#A-1)[MN],(#f1.#f2.#F-1)[MN],(#c1.#c2.#A-1)[MN],(c1.c2.#C-1.#c)[MN],#A-1[MN],#F-1[MN],(#g.#g1.#C-1.#A-1)[MN],(#f.#f1.#F-1)[MN],(f1.f2.#A-1)[MN],(#f1.#f2.#C-1.#c)[MN],#A-1[MN],#F-1[MN],(#c1.#c2.#C-1.#A-1)[MN],(#f1.#f2.#F-1)[MN],(#c1.#c2.#A-1)[MN],(c1.c2.#D-1.#d)[MN],c[MN],#G-1[MN],(#g.#g1.#D-1.c)[MN],(#f.#f1.#G-1)[MN],(#f1.#f2.c)[MN],(#a1.#a2.F-1.f)[MN],#c[MN],#A-1[MN],(f1.f2.F-1.#c)[MN],(#a1.#a2.#A-1)[MN],(f1.f2.#c)[MN],(e1.e2.F-1.f)[MN],#c[MN],#A-1[MN],(b.b1.F-1.#c)[MN],(#a.#a1.#A-1)[MN],(#g1.#g2.#c)[MN],(#c1.#c2.F-1.f)[MN],#c[MN],#A-1[MN],(b.b1.F-1.#c)[MN],(#f1.#f2.#A-1)[MN],(f1.f2.#c)[MN],(b.b1.F-1.f)[MN],#c[MN],#A-1[MN],(#c1.#c2.F-1.#c)[MN],(#g.#g1.#A-1)[MN],(f.f1.#c)[MN],(B-2.B-3)[LM],(#f3.B-3)[MN],(f3.B-3)[MN],(#d3.B-3)[MN],f3[MN],(#c3.B-2.B-3)[LM],(b2.B-3)[MN],(#a2.B-3)[MN],(#c3.B-3)[MN],#f2[MN],(#d1.B-2.B-3)[MN],#f1[MN],(#c2.B-3)[MN],(#d2.B-3)[MN],(b1.B-3)[MN],#d1[MN],(#d2.#C-1.#C-2)[M],#f2[M],f2[M],(b2.#C-2)[MN],(#f2.#C-2)[MN],(#c2.#C-2)[MN],#g1[MN],(#a1.#D-2.#D-1)[MN],#f1[MN],(f1.#D-2)[MN],(#a.#D-2)[MN],(#d.#D-2)[MN],#a[MN],(f1.#D-2.#D-1)[MN],#f1[MN],(f1.#D-2)[MN],(#a.#D-2)[MN],(#d.#D-2)[M],#a[M],f1[M],(#f1.#D-2.#D-1)[M],#c2[M],#d2[M],(f2.#D-2)[NO],#f2[NO],(f2.#D-2)[NO],#c2[NO],(#a1.#D-2)[NO],#f1[NO],f1[NO],#d1[NO],(#a.#D-2.#D-1)[NO],#f1[NO],(f1.#D-2)[NO],#d1[NO],(#a.#D-2.#D-1)[NO],#f[NO],(#a.#D-2)[NO],#d1[NO],(f1.#D-2.#D-1)[NO],#f1[NO],(#g2.#g1.#D-2)[MN],(#a3.#a2.f.#a.#A-1)[MN],F-1[MN],#A-2[MN],(f3.f2.F-1)[MN],(#a2.#a3.#A-2)[MN],(f3.f2.F-1)[MN],(e2.e3.f.#a.#A-1)[MN],F-1[MN],#A-2[MN],(c2.c3.F-1)[MN],(b2.b1.#A-2)[MN],(#g3.#g2.F-1)[MN],(#a2.#a1.f.#a.#A-1)[MN],F-1[MN],#A-2[MN],(f2.f1.F-1)[MN],(#a1.#a2.#A-2)[MN],(f2.f1.F-1)[MN],(e2.e1.f.#a.#A-1)[MN],F-1[MN],#A-2[MN],(c2.c1.F-1)[MN],(b.b1.#A-2)[MN],(#g2.#g1.F-1)[MN],(#a2.#a1.f.#a.#A-1)[MN],F-1[MN],#A-2[MN],(f2.f1.F-1)[MN],(#a2.#a1.#A-2)[MN],(f2.f1.F-1)[MN],(e2.e1.f.#a.#A-1)[MN],F-1[MN],#A-2[MN],(b1.b.F-1)[MN],(#a1.#a.#A-2)[MN],(#g2.#g1.F-1)[MN],(#c2.#c1.f.#a.#A-1)[MN],F-1[MN],#A-2[MN],(b1.b.F-1)[MN],(#f2.#f1.#A-2)[MN],(f2.f1.F-1)[MN],(b1.b.f.#a.#A-1)[MN],F-1[MN],#A-2[MN],(#c2.#c1.F-1)[MN],(#g1.#g.#A-2)[MN],(f1.f.F-1)[MN],(#a2.#a1.#A-1)[MN],#A-2[MN],#A-1[MN],#A-2[MN],#A-1[MN],(f2.f1.#A-2)[MN],(#a1.#a2.F-1)[MN],(f1.f2.#A-2)[MN],(e1.e2.#A-1)[MN],#A-2[MN],#A-1[MN],#A-2[MN],#A-1[MN],#A-2[MN],(f2.f1.F-1)[MN],#A-2[MN],(#a2.#a1.#A-1)[MN],#A-2[MN],#A-1[MN],#A-2[MN],#A-1[MN],(f1.f2.#A-2)[MN],(#a1.#a2.F-1)[MN],(f2.f1.#A-2)[MN],(e2.e1.#A-1)[MN],#A-2[MN],#A-1[MN],#A-2[MN],#A-1[MN],#A-2[MN],(f1.f2.F-1)[MN],#A-2[MN],(#f2.#f1.#f)[MN],#F-1[MN],#f[MN],#F-1[MN],#f[MN],(#c2.#c1.#F-1)[MN],(#f1.#f2.#c)[MN],(#c1.#c2.#F-1)[MN],(c1.c2.#f)[MN],#F-1[MN],#f[MN],#F-1[MN],#f[MN],#F-1[MN],(#c2.#c1.#c)[MN],#F-1[MN],(#f2.#f1.#f)[MN],#F-1[MN],#f[MN],#F-1[MN],#f[MN],(#c1.#c2.#F-1)[MN],(#f1.#f2.#c)[MN],(#c2.#c1.#F-1)[MN],(c2.c1.#f)[MN],#F-1[MN],#f[MN],#F-1[MN],#f[MN],#F-1[MN],(#c1.#c2.#c)[MN],#F-1[MN],(d2.d1.D-1)[MN],D-2[MN],D-1[MN],D-2[MN],D-1[MN],(a1.a.D-2)[MN],(d1.d2.A-2)[MN],(a.a1.D-2)[MN],(#g.#g1.D-1)[MN],D-2[MN],D-1[MN],D-2[MN],D-1[MN],D-2[MN],(a1.a.A-2)[MN],D-2[MN],(d2.d1.D-1)[MN],D-2[MN],D-1[MN],D-2[MN],D-1[MN],(a.a1.D-2)[MN],(d1.d2.A-2)[MN],(a1.a.D-2)[MN],(#g1.#g.D-1)[MN],D-2[MN],D-1[MN],D-2[MN],D-1[MN],D-2[MN],(a.a1.A-2)[MN],D-2[MN],(#a1.#a.#A-1)[MN],#A-2[MN],#A-1[MN],#A-2[MN],#A-1[MN],(f1.f.#A-2)[MN],(#a.#a1.F-1)[MN],(f.f1.#A-2)[MN],(e.e1.#A-1)[MN],#A-2[MN],#A-1[MN],#A-2[MN],#A-1[MN],#A-2[MN],(f2.f1.F-1)[MN],#A-2[MN],(#a1.#a2.#A-1)[MN],#A-2[MN],#A-1[MN],#A-2[MN],#A-1[MN],(f2.f1.#A-2)[MN],(#a2.#a1.F-1)[MN],(f1.f2.#A-2)[MN],(e1.e2.#A-1)[MN],#A-2[MN],#A-1[MN],#A-2[MN],#A-1[MN],#A-2[MN],(f1.f.F-1)[MN],#A-2[MN];"],"id":1,"instruments":["piano","piano"],"alternatives":["",""]},{"bpm":142.5,"baseBeats":0.25,"scores":["mute[M],mute[M],mute[M],mute[M],mute[M],mute[M],mute[M],mute[M],mute[M],mute[M],mute[M],mute[M],mute[M],mute[M],mute[M],mute[M],mute[M],mute[M],mute[M],mute[M],mute[M],mute[M],mute[M],mute[M],mute[M],mute[M],mute[M],mute[M],mute[M],mute[M],mute[M],mute[M],mute[M],mute[M],mute[M],mute[M],mute[M],mute[M],mute[M],mute[M],mute[M],mute[M],mute[M],mute[M],mute[M],mute[M],mute[M],mute[M],mute[M],mute[M],mute[M],mute[M],mute[M],mute[M],mute[M],mute[M],mute[M],mute[M],mute[M],mute[M],mute[M],mute[M],mute[M],mute[M],mute[M],mute[M],mute[M],mute[M],mute[M],mute[M],mute[M],mute[M],mute[M],mute[M],mute[M],mute[M],mute[M],mute[M],mute[M],mute[M],mute[M],mute[M],mute[M],mute[M],mute[M],mute[M],mute[M],mute[M],mute[M],mute[M],mute[M],mute[M],mute[M],mute[M],mute[M],mute[M],mute[M],mute[M],mute[M],mute[M],mute[M],mute[M],mute[M],mute[M],mute[M],mute[M],mute[M],mute[M],mute[M],mute[M],mute[M],mute[M],mute[M],mute[M],mute[M],mute[M],mute[M],mute[M],mute[M],mute[M],mute[M],mute[M],mute[M],mute[M],mute[M],mute[M],mute[M],mute[M],mute[M],mute[M],mute[M],mute[M],mute[M],mute[M],mute[M],mute[M],mute[M],mute[M],mute[M],mute[M],mute[M],mute[M],mute[M],mute[M],mute[M],mute[M],mute[M],mute[M],mute[M],mute[M],mute[M],mute[M],mute[M],mute[M],mute[M],mute[M],mute[M],mute[M],mute[M],mute[M],mute[M],mute[M],mute[M],mute[M],mute[M],mute[M],mute[M],mute[M],mute[M],mute[M],mute[M],mute[M],mute[M],mute[M],mute[M],mute[M],mute[M],mute[M],mute[M],mute[M],mute[M],mute[M],mute[M],mute[M],mute[M],mute[M],mute[M],mute[M],mute[M],mute[M],mute[M],mute[M],mute[M],mute[M],mute[M],mute[M],mute[M],mute[M],mute[M],mute[M],mute[M],mute[M],mute[M],mute[M],mute[M],mute[M],mute[M],mute[M],mute[M],mute[M],mute[M],mute[M],mute[M],mute[M],mute[M],mute[M],mute[M],mute[M],mute[M],mute[M],mute[M],mute[M],mute[M],mute[M],mute[M],mute[M],mute[M],mute[M],mute[M],mute[M],mute[M],mute[M],mute[M],mute[M],mute[M],mute[M],mute[M],mute[M],mute[M],mute[M],mute[M],mute[M],mute[M],mute[M],mute[M],mute[M],mute[M],mute[M],mute[M],mute[M],mute[M],mute[M],mute[M],mute[M],mute[M],mute[M],mute[M],mute[M],mute[M],mute[M],mute[M],mute[M],mute[M],mute[M],mute[M],mute[M],mute[M],mute[M],mute[M],mute[M],mute[M],mute[M],mute[M],mute[M],mute[M],mute[M],mute[M],mute[M],mute[M],mute[M],mute[M],mute[M],mute[M],mute[M],mute[M],mute[M],mute[M],mute[M],mute[M],mute[M],mute[M],mute[M],mute[M],mute[M],mute[M],mute[M],mute[M],mute[M],mute[M],mute[M],mute[M],mute[M],mute[M],mute[M],mute[M],mute[M],mute[M],mute[M],mute[M],mute[M],mute[M],mute[M],mute[M],mute[M],mute[M],mute[M],mute[M],mute[M],mute[M],mute[M],mute[M],mute[M],mute[M],mute[M],mute[M],mute[M],mute[M],mute[M],mute[M],mute[M],mute[M],mute[M],mute[M],mute[M],mute[M],mute[M],mute[M],mute[M],mute[M],mute[M],mute[M],mute[M],mute[M],mute[M],mute[M],mute[M],mute[M],mute[M],mute[M],mute[M],mute[M],mute[M],mute[M],mute[M],mute[M],mute[M],mute[M],mute[M],mute[M],mute[M],mute[M],mute[M],mute[M],mute[M],mute[M],mute[M],mute[M],mute[M],mute[M],mute[M],mute[M],mute[M],mute[M],mute[M],mute[M],mute[M],mute[M],mute[M],mute[M],mute[M],mute[M],mute[M],mute[M],mute[M],mute[LM],mute[LMP],mute[LM],mute[LM],mute[KL],mute[M],mute[M],mute[M],mute[M],mute[M],mute[M],mute[LM],mute[LM],mute[LM],mute[LM],mute[KL],mute[LM],mute[LM],mute[LM],mute[LM],mute[L],mute[M],mute[M],mute[L],mute[L],mute[L],mute[L],mute[M],mute[M],mute[M],mute[M],mute[M],mute[M],mute[M],mute[M],mute[M],mute[M],mute[M],mute[M],mute[M],mute[M],mute[M],mute[M],mute[M],mute[M],mute[M],mute[M],mute[M],mute[M],mute[M],mute[M],mute[MN],mute[MN],mute[LM],mute[LM],mute[LM],mute[MN],mute[MN],mute[MN],mute[MN],mute[MN],mute[MN],mute[MN],mute[MN],mute[MN],mute[MN],mute[MN],mute[MN],mute[LM],mute[LMOP],mute[MNP],mute[M],mute[M],mute[L],mute[LM],mute[LM],mute[MN],mute[MN],mute[MN],mute[MN],mute[MNP],mute[MNP],mute[MNP],mute[MNP],mute[MNP],mute[MNP],mute[MNP],mute[MNP],mute[LMO],mute[LMO],mute[MNP],mute[MNP],mute[MNP],mute[MNP],mute[LMOP],mute[LMOP],mute[LMN],mute[LMN],mute[LMNP],mute[MNOP],mute[MNOP],mute[MNOP],mute[L],mute[LO],mute[LMN],5<V>,mute[MN],mute[MN],mute[MN],mute[MN],mute[MN],mute[LM],mute[MN],mute[MN],mute[MN],mute[MN],mute[MN],mute[MN],mute[MN],mute[MN],mute[MN],mute[MN],mute[M],mute[M],mute[M],mute[MN],mute[MN],mute[MN],mute[MN],mute[MN],mute[MN],mute[MN],mute[MN],mute[MN],mute[MN],mute[MN],mute[MN],mute[MN],mute[MN],mute[M],mute[M],mute[M],mute[M],mute[M],mute[M],mute[M],mute[M],mute[M],mute[M],mute[M],mute[M],mute[M],mute[M],mute[M],mute[M],mute[M],mute[M],mute[MN],mute[MN],mute[MN],mute[MN],mute[MN],mute[MN],mute[MN],mute[MN],mute[MN],mute[MN],mute[MN],mute[MN],mute[MN],mute[MN],mute[MN],mute[MN],mute[MN],mute[MN],mute[MN],mute[MN],mute[MN],mute[MN],mute[MN],mute[MN],mute[MN],mute[MN],mute[MN],mute[MN],mute[MN],mute[MN],mute[MN],mute[MN],mute[MN],mute[MN],mute[MN],mute[MN],mute[MN],mute[MN],mute[MN],mute[MN],mute[MN],mute[MN],mute[MN],mute[MN],mute[MN],mute[MN],mute[MN],mute[MN],mute[MN],mute[MN],mute[MN],mute[MN],mute[MN],mute[MN],mute[MN],mute[M],mute[M],mute[M],mute[MN],mute[MN],mute[MN],mute[MN],mute[MN],mute[MN],mute[M],mute[M],mute[M],mute[MN],mute[MN],mute[MN],mute[MN],mute[MN],mute[MN],mute[M],mute[M],mute[M],mute[MN],mute[MN],mute[MN],mute[MN],mute[MN],mute[MN],mute[M],mute[M],mute[M],mute[MN],mute[MN],mute[MN],mute[MN],mute[MN],mute[MN],mute[M],mute[M],mute[M],mute[MN],mute[MN],mute[MN],mute[MN],mute[MN],mute[MN],mute[M],mute[M],mute[M],mute[MN],mute[MN],mute[MN],mute[MN],mute[MN],mute[MN],mute[M],mute[M],mute[M],mute[MN],mute[MN],mute[MN],mute[MN],mute[MN],mute[MN],mute[M],mute[M],mute[M],mute[MN],mute[M],5<V>,mute[M],mute[M],5<V>,mute[M],mute[M],5<V>,mute[M],mute[M],5<V>,mute[M],mute[M],mute[M],mute[M],mute[M],mute[M],mute[M],mute[M],mute[M],mute[M],mute[M],mute[M],mute[M],mute[M],mute[M],mute[M],mute[M],mute[M],mute[M],mute[M],mute[M],mute[M],mute[M],mute[M],mute[M],mute[M],mute[M],mute[M],mute[M],mute[M],mute[M],mute[M],mute[M],mute[M],mute[M],mute[M],mute[M],mute[M],5<V>,mute[M],mute[M],5<V>,mute[M],mute[M],5<V>,mute[M],mute[M],5<V>,mute[M],mute[M],mute[M],mute[M],mute[M],mute[M],mute[M],mute[M],mute[M],mute[M],mute[M],mute[M],mute[M],mute[M],mute[M],mute[M],mute[M],mute[M],mute[M],mute[M],mute[M],mute[M],mute[M],mute[M],mute[M],mute[M],mute[M],mute[M],mute[M],mute[M],mute[M],mute[M],mute[M],mute[M],mute[M],mute[M],mute[M],mute[M],5<V>,mute[M],mute[M],5<V>,mute[M],mute[M],5<V>,mute[M],mute[M],5<V>,mute[M],mute[M],mute[M],mute[M],mute[M],mute[M],mute[M],mute[M],mute[M],mute[M],mute[M],mute[M],mute[M],mute[M],mute[M],mute[M],mute[M],mute[M],mute[M],mute[M],mute[M],mute[M],mute[M],mute[M],mute[M],mute[M],mute[M],mute[M],mute[M],mute[M],mute[M],mute[M],mute[M],mute[M],mute[M],mute[M],mute[M],mute[M],5<V>,mute[M],mute[M],5<V>,mute[M],mute[M],5<V>,mute[M],mute[M],5<V>,mute[M],mute[M],mute[M],mute[M],mute[M],mute[M],mute[M],mute[M],mute[M],mute[M],mute[M],mute[M],mute[M],mute[M],mute[M],mute[M],mute[M],mute[M],mute[M],mute[M],mute[M],mute[M],mute[M],mute[M],mute[M],mute[M],mute[M],mute[M],mute[M],mute[M],mute[M],mute[M],mute[M],mute[M],mute[M],mute[M],mute[M],mute[M],5<V>,mute[M],mute[M],5<V>,mute[M],mute[M],5<V>,mute[M],mute[M],5<V>,mute[M],mute[M],mute[M],mute[M],mute[M],mute[M],mute[M],mute[M],mute[M],mute[M],mute[M],mute[M],mute[M],mute[M],mute[M],mute[M],mute[M],mute[M],mute[M],mute[M],mute[M],mute[M],mute[M],mute[M],mute[M],mute[M],mute[M],mute[M],mute[M],mute[M],mute[M],mute[M],mute[M],mute[M],mute[M],mute[M],mute[M],mute[M],5<V>,mute[M],mute[M],5<V>,mute[M],mute[M],5<V>,mute[M],mute[M],5<V>,mute[M],mute[M],mute[M],mute[M],mute[M],mute[M],mute[M],mute[M],mute[M],mute[M],mute[M],mute[M],mute[M],mute[M],mute[M],mute[M],mute[M],mute[M],mute[M],mute[M],mute[M],mute[M],mute[M],mute[M],mute[M],mute[M],mute[M],mute[M],mute[M],mute[M],mute[M],mute[M],mute[M],mute[M],mute[M],mute[M],mute[M],mute[M],5<V>,mute[M],mute[M],5<V>,mute[M],mute[M],5<V>,mute[M],mute[M],5<V>,mute[M],mute[M],mute[M],mute[M],mute[M],mute[M],mute[M],mute[M],mute[M],mute[M],mute[M],mute[M],mute[M],mute[M],mute[M],mute[M],mute[M],mute[M],mute[M],mute[M],mute[M],mute[M],mute[M],mute[M],mute[M],mute[M],mute[M],mute[M],mute[M],mute[M],mute[M],mute[M],mute[M],mute[M],mute[M],mute[M],mute[M],mute[M],5<V>,mute[M],mute[M],5<V>,mute[M],mute[M],5<V>,mute[M],mute[M],5<V>,mute[M],mute[M],mute[M],mute[M],mute[M],mute[M],mute[M],mute[M],mute[M],mute[M],mute[M],mute[M],mute[M],mute[M],mute[M],mute[M],mute[M],mute[M],mute[M],mute[M],mute[M],mute[M],mute[M],mute[M],mute[M],mute[M],mute[M],mute[M],mute[M],mute[M],mute[M],mute[M],mute[M],mute[MO],mute[MOP],mute[MOP],mute[MNP],mute[L],mute[LNOP],mute[LNOP],mute[LNOP],mute[LNOP],mute[LNOP],mute[M],mute[MNOP],mute[L],mute[M],mute[LNOP],mute[LNOP],mute[LNOP],mute[LNOP],mute[LNOP],mute[LNOP],mute[M],mute[L],mute[L],mute[M],mute[LNOP],mute[LNOP],mute[LNOP],mute[LNOP],mute[LNOP],mute[LNOP],mute[M],mute[L],mute[MNOP],mute[M],mute[LNOP],mute[LNOP],mute[LNOP],mute[LNOP],mute[LNOP],mute[LNOP],mute[M],mute[L],mute[L],mute[M],mute[LNOP],mute[LNOP],mute[LNOP],mute[LNOP],mute[LNOP],mute[LNOP],mute[M],mute[L],mute[L],mute[M],mute[LNOP],mute[LNOP],mute[LNOP],mute[LNOP],mute[LNOP],mute[LNOP],mute[M],mute[MNOP],mute[L],mute[M],mute[LNOP],mute[LNOP],mute[LNOP],mute[LNOP],mute[LNOP],mute[LNOP],mute[M],mute[L],mute[L],mute[M],mute[LNOP],mute[LNOP],mute[LNOP],mute[LNOP],mute[LNOP],mute[LNOP],mute[M],mute[L],mute[MNOP],mute[M],mute[LNOP],mute[LNOP],mute[LNOP],mute[LNOP],mute[LNO],mute[LNO],mute[M],mute[MNOP],mute[LNP],mute[LNP],mute[LNP],mute[LNP],mute[LNP],mute[LN],mute[LMOP],mute[MNP],mute[LN],mute[LN],mute[LOP],mute[LOP],mute[LOP],mute[LOP],mute[LMP],mute[MN],mute[LO],mute[LO],mute[LO],mute[LO],mute[LO],mute[LP],mute[LNOP],mute[MOP],mute[LO],mute[LP],mute[LP],mute[L],mute[L],mute[L],mute[LNO],mute[MOP],mute[M],5<V>,mute[MNOP],mute[MNOP],mute[MNOP],mute[MNOP],mute[MNOP],mute[LN],mute[MO],mute[MNOP],mute[MNO],mute[MNO],mute[MNO],mute[MNO],mute[MNO],mute[MNO],mute[M],mute[M],mute[MN],mute[MNP];","(#f.#f1.#F-2.#F-1)[M],#C-1[M],A-2[M],#F-1[M],A-2[M],#C-1[M],(#c1.#c2.#F-1.#F-2)[M],#C-1[M],A-2[M],#F-1[M],A-2[M],#C-1[M],(#g1.#g2.#F-2.#F-1)[M],#C-1[M],A-2[M],#F-1[M],A-2[M],#C-1[M],(a2.a1.#F-1.#F-2)[M],#C-1[M],A-2[M],#F-1[M],A-2[M],#C-1[M],(#c3.#c2.#F-1.#F-2)[M],#C-1[M],A-2[M],#F-1[M],A-2[M],#C-1[M],(a2.a1.#F-1.#F-2)[M],#C-1[M],A-2[M],#F-1[M],A-2[M],#C-1[M],(#g1.#g2.#F-1.#F-2)[M],#C-1[M],A-2[M],#F-1[M],A-2[M],#C-1[M],(#f2.#f1.#F-1.#F-2)[M],#C-1[M],A-2[M],#F-1[M],(#g2.#g1.A-2)[M],(#f1.#f2.#C-1)[M],(f1.f2.#A-1.#A-2)[M],F-1[M],#C-1[M],#A-1[M],#C-1[M],F-1[M],(#A-1.#A-2)[M],F-1[M],#C-1[M],#A-1[M],#C-1[M],F-1[M],(#c1.#c2.#A-1.#A-2)[M],F-1[M],#C-1[M],(#g1.#g2.#A-1)[M],#C-1[M],F-1[M],(#d3.#d2.#A-1.#A-2)[M],F-1[M],#C-1[M],(c3.c2.#A-1)[M],#C-1[M],F-1[M],(#c3.#c2.#A-1.#A-2)[M],F-1[M],#C-1[M],#A-1[M],#C-1[M],F-1[M],(#A-1.#A-2)[M],F-1[M],#C-1[M],#A-1[M],#C-1[M],F-1[M],(#a1.#a2.#A-1.#A-2)[M],F-1[M],#C-1[M],#A-1[M],#C-1[M],F-1[M],(#A-1.#A-2)[M],F-1[M],#C-1[M],#A-1[M],#C-1[M],F-1[M],(#f.#f1.#F-1.#F-2)[M],#C-1[M],A-2[M],#F-1[M],A-2[M],#C-1[M],(#c2.#c1.#F-1.#F-2)[M],#C-1[M],A-2[M],#F-1[M],A-2[M],#C-1[M],(#g2.#g1.#F-1.#F-2)[M],#C-1[M],A-2[M],#F-1[M],A-2[M],#C-1[M],(a1.a2.#F-1.#F-2)[M],#C-1[M],A-2[M],#F-1[M],A-2[M],#C-1[M],(#c3.#c2.#F-1.#F-2)[M],#C-1[M],A-2[M],#F-1[M],A-2[M],#C-1[M],(a2.a1.#F-1.#F-2)[M],#C-1[M],A-2[M],#F-1[M],A-2[M],#C-1[M],(#g2.#g1.#F-1.#F-2)[M],#C-1[M],A-2[M],#F-1[M],A-2[M],#C-1[M],(#f2.#f1.#F-1.#F-2)[M],#C-1[M],A-2[M],#F-1[M],(#g2.#g1.A-2)[M],(#f1.#f2.#C-1)[M],(f2.f1.#A-1.#A-2)[M],F-1[M],#C-1[M],#A-1[M],#C-1[M],F-1[M],(#A-1.#A-2)[M],F-1[M],#C-1[M],#A-1[M],#C-1[M],F-1[M],(#c2.#c1.#A-1.#A-2)[M],F-1[M],#C-1[M],(#g2.#g1.#A-1)[M],#C-1[M],F-1[M],(#d2.#d3.#A-2.#A-1)[M],F-1[M],#C-1[M],(f3.f2.#A-1)[M],#C-1[M],F-1[M],(#a1.#a2.#A-2.#A-1)[M],F-1[M],#C-1[M],#A-1[M],#C-1[M],F-1[M],(#A-1.#A-2)[M],F-1[M],#C-1[M],#A-1[M],#C-1[M],F-1[M],(#A-2.#A-1)[M],F-1[M],#C-1[M],#A-1[M],#C-1[M],F-1[M],(#A-1.#A-2)[M],F-1[M],#C-1[M],#A-1[M],#C-1[M],F-1[M],(#F-1.#f.#f1)[M],#c[M],A-1[M],#f[M],A-1[M],#c[M],(#c1.#c.#c2.#F-1.#f)[M],#c[M],A-1[M],#f[M],A-1[M],#c[M],(#g.#g1.#g2.#F-1.#f)[M],#c[M],A-1[M],#f[M],A-1[M],#c[M],(a.a1.a2.#f.#F-1)[M],#c[M],A-1[M],#f[M],A-1[M],#c[M],(#c1.#c2.#c3.#f.#F-1)[M],#c[M],A-1[M],#f[M],A-1[M],#c[M],(a.a1.a2.#F-1.#f)[M],#c[M],A-1[M],#f[M],A-1[M],#c[M],(#g1.#g.#g2.#f.#F-1)[M],#c[M],A-1[M],#f[M],A-1[M],#c[M],(#f.#f1.#f2.#F-1)[M],#c[M],A-1[M],#f[M],(#g.#g1.#g2.A-1)[M],(#f1.#f.#f2.#c)[M],(f1.f.f2.#A-1.#a)[M],f[M],#c[M],#a[M],#c[M],f[M],(#A-1.#a)[M],f[M],#c[M],#a[M],#c[M],f[M],(#c1.#c.#c2.#A-1.#a)[M],f[M],#c[M],(#g1.#g.#g2.#a)[M],#c[M],f[M],(#d1.#d2.#d3.#A-1.#a)[M],f[M],#c[M],(c1.c2.c3.#a)[M],#c[M],f[M],(#c1.#c2.#c3.#A-1.#a)[M],f[M],#c[M],#a[M],#c[M],f[M],(#A-1.#a)[M],f[M],#c[M],#a[M],#c[M],f[M],(#a.#a1.#a2.#A-1)[M],f[M],#c[M],#a[M],#c[M],f[M],(#a.#A-1)[M],f[M],#c[M],#a[M],#c[M],f[M],(#F-2.#f.#f1.#F-1)[M],#c[M],A-1[M],#f[M],A-1[M],#c[M],(#c1.#c.#c2.#F-1.#f)[M],#c[M],A-1[M],#f[M],A-1[M],#c[M],(#g1.#g.#g2.#F-1.#f)[M],#c[M],A-1[M],#f[M],A-1[M],#c[M],(a.a1.a2.#f.#F-1)[M],#c[M],A-1[M],#f[M],A-1[M],#c[M],(#c1.#c2.#c3.#f.#F-1)[M],#c[M],A-1[M],#f[M],A-1[M],#c[M],(a.a1.a2.#F-1.#f)[M],#c[M],A-1[M],#f[M],A-1[M],#c[M],(#g1.#g.#g2.#f.#F-1)[M],#c[M],A-1[M],#f[M],A-1[M],#c[M],(#f.#f1.#f2.#F-1)[M],#c[M],A-1[M],#f[M],(#g.#g1.#g2.A-1)[M],(#f1.#f.#f2.#c)[M],(f1.f.f2.#A-1.#a)[M],f[M],#c[M],#a[M],#c[M],f[M],(#a.#A-1)[M],f[M],#c[M],#a[M],#c[M],f[M],(#c.#c1.#c2.#A-1.#a)[M],f[M],#c[M],(#g1.#g.#g2.#a)[M],#c[M],f[M],(#d1.#d2.#d3.#A-1.#a)[M],f[M],#c[M],(f1.f2.f3.#a)[M],#c[M],f[M],(#a1.#a.#a2.#A-1)[M],f[M],#c[M],#a[M],#c[M],f[M],(#a.#A-1)[M],f[M],#c[M],#a[M],#c[M],f[M],(#a.#A-1)[M],f[M],#c[M],#a[M],#c[M],f[M],(#a.#A-1)[M],f[M],#c[M],#a[M],#c[M],f[M],#F-2[LM],#c[LNP],#a1[O],#c2[O],#f2[LM],(#F-2.#c1)[LM],(#c.c3.#g3)[KL],(#c1.#F-2)[M],#f1[M],#g1[M],(#c.#a1)[M],#c2[M],#f2[M],(#c3.#a3.#F-2)[LM],#c[LM],(#g3.c3)[LM],#F-2[LM],(#c.#a2.#f3)[KL],(#G-2.c3.#g3)[LM],#d[LM],(#a2.#A-2.#a3)[LM],f[LM],(#d3.c4)[L],(f3.#c4)[M],#A-2[M],(#d3.c4)[L],(#c3.#g3.f)[L],(#d3.#g2)[L],(#c3.f2)[L],(#A-2.#a1)[M],c2[M],f2[M],(#g2.f)[M],c3[M],#d3[M],(f3.#A-2)[M],#c3[M],#a2[M],(c3.f)[M],#g2[M],f2[M],f3[M],#c3[M],#a2[M],(#A-2.c3)[M],#g2[M],f2[M],(#c4.f)[NO],c4[NO],#a3[NO],f3[NO],#a3[M],f3[M],#c3[M],(#A-2.#g3)[MN],#a3[MN],(f.#g2.c3)[LM],(#F-2.#f2.#c3)[LM],#c[LM],#g2[MN],#f3[MN],(#a2.#F-2)[MN],f3[MN],(#f2.#c)[MN],#c3[MN],f2[MN],c3[MN],(#c2.#F-2)[MN],#a2[MN],(c2.#c)[MN],#g2[MN],(#F-2.#a2.#f2.#c2)[LM],#c[LM],c3[OP],#c3[MNP],c3[M],#F-2[M],#g2[L],(#a2.#c)[LM],#g2[LM],(#d3.#G-2)[MN],f3[MN],(f2.#d)[MN],c3[MN],(#a2.#a.#c3)[MNP],c1[MNP],#c1[MNP],(f3.#a3.#d1)[MNP],f1[MNP],#f1[MNP],(c3.f3.#g1)[MNP],#a1[MNP],#c2[LMO],#d2[LMO],(#d3.c2)[MNP],f3[MNP],(#d3.#a1)[MNP],#c3[MNP],(#c2.#g2)[LMOP],(#d2.#a2)[LMOP],(c2.#g2)[LMN],(#a1.f2)[LMN],(#a1.#c2)[LMNP],#g2[MNOP],#a2[MNOP],#f2[MNOP],f2[L],#d2[LO],(f2.#c1)[LM],(f2.#c1.B-2.B-3)[OP],#f2[OP],b2[OP],#c3[OP],#f3[MN],(#f3.B-3)[MN],(f3.B-3)[MN],(#d3.B-3)[MN],f3[MN],(#c3.B-2.B-3)[LM],(b2.B-3)[MN],(#a2.B-3)[MN],(#c3.B-3)[MN],#f2[MN],(#d1.B-2.B-3)[MN],#f1[MN],(#c2.B-3)[MN],(#d2.B-3)[MN],(b1.B-3)[MN],#d1[MN],(#d2.#C-1.#C-2)[M],#f2[M],f2[M],(b2.#C-2)[MN],(#f2.#C-2)[MN],(#c2.#C-2)[MN],#g1[MN],(#a1.#D-2.#D-1)[MN],#f1[MN],(f1.#D-2)[MN],(#a.#D-2)[MN],(#d.#D-2)[MN],#a[MN],(f1.#D-2.#D-1)[MN],#f1[MN],(f1.#D-2)[MN],(#a.#D-2)[MN],(#d.#D-2)[M],#a[M],f1[M],(#f1.#D-2.#D-1)[M],#c2[M],#d2[M],(f2.#D-2)[NO],#f2[NO],(f2.#D-2)[NO],#c2[NO],(#a1.#D-2)[NO],#f1[NO],f1[NO],#d1[NO],(#a.#D-2.#D-1)[NO],#f1[NO],(f1.#D-2)[NO],#d1[NO],(#a.#D-2.#D-1)[NO],#f[NO],(#a.#D-2)[NO],#d1[NO],(f1.#D-2.#D-1)[NO],#f1[NO],(#g2.#g1.#D-2)[MN],(#a3.#a2.f.#a.#A-1)[MN],F-1[MN],#A-2[MN],(f3.f2.F-1)[MN],(#a2.#a3.#A-2)[MN],(f3.f2.F-1)[MN],(e2.e3.f.#a.#A-1)[MN],F-1[MN],#A-2[MN],(c2.c3.F-1)[MN],(b2.b1.#A-2)[MN],(#g3.#g2.F-1)[MN],(#a2.#a1.f.#a.#A-1)[MN],F-1[MN],#A-2[MN],(f2.f1.F-1)[MN],(#a1.#a2.#A-2)[MN],(f2.f1.F-1)[MN],(e2.e1.f.#a.#A-1)[MN],F-1[MN],#A-2[MN],(c2.c1.F-1)[MN],(b.b1.#A-2)[MN],(#g2.#g1.F-1)[MN],(#a2.#a1.f.#a.#A-1)[MN],F-1[MN],#A-2[MN],(f2.f1.F-1)[MN],(#a2.#a1.#A-2)[MN],(f2.f1.F-1)[MN],(e2.e1.f.#a.#A-1)[MN],F-1[MN],#A-2[MN],(b1.b.F-1)[MN],(#a1.#a.#A-2)[MN],(#g2.#g1.F-1)[MN],(#c2.#c1.f.#a.#A-1)[MN],F-1[MN],#A-2[MN],(b1.b.F-1)[MN],(#f2.#f1.#A-2)[MN],(f2.f1.F-1)[MN],(b1.b.f.#a.#A-1)[MN],F-1[MN],#A-2[MN],(#c2.#c1.F-1)[MN],(#g1.#g.#A-2)[MN],(f1.f.F-1)[MN],(#a3.#a2.F-1.#A-1)[MN],#A-2[MN],F-1[MN],#A-2[MN],(f3.f2.F-1)[MN],#A-2[N],(#a2.#a3)[M],F-1[M],(f2.f3)[N],#A-2[MN],(e3.e2.F-1.#A-1)[MN],#A-2[MN],F-1[MN],#A-2[MN],(c3.c2.F-1)[MN],#A-2[N],(b2.b1)[M],F-1[M],(#g1.#g3.#g2)[N],#A-2[MN],(#a2.#a1.F-1.#A-1)[MN],#A-2[MN],F-1[MN],#A-2[MN],(f2.f1.F-1)[MN],#A-2[N],(#a2.#a1)[M],F-1[M],(f2.f1)[N],#A-2[MN],(e1.e2.F-1.#A-1)[MN],#A-2[MN],F-1[MN],#A-2[MN],(c2.c1.F-1)[MN],#A-2[N],(b.b1)[M],F-1[M],(#g.#g1)[N],#A-2[MN],(#a1.#a2.F-1.#A-1)[MN],#A-2[MN],F-1[MN],#A-2[MN],(f2.f1.F-1)[MN],#A-2[N],(#a2.#a1)[M],F-1[M],(f2.f1)[N],#A-2[MN],(e1.e2.F-1.#A-1)[MN],#A-2[MN],F-1[MN],#A-2[MN],(c2.c1.F-1)[MN],#A-2[N],(b.b1)[M],F-1[M],(#g2.#g1)[N],#A-2[MN],(#c1.#c2.F-1.#A-1)[MN],#A-2[MN],F-1[MN],#A-2[MN],(b1.b.F-1)[MN],#A-2[N],#f1[M],F-1[M],f1[N],#A-2[MN],(b1.b.F-1.#A-1)[MN],#A-2[MN],F-1[MN],#A-2[MN],(#c2.#c1.F-1)[MN],#A-2[N],(#g1.#g)[M],F-1[M],(#a1.#a)[N],#A-2[MN],(#a.#A-1.#A-2)[M],F-1[N],(c1.c)[N],#C-1[M],(#c1.#c.#A-1)[M],#C-1[N],(#d1.#d)[N],F-1[M],(f1.f.#A-1.#A-2)[M],F-1[N],(#f1.#f)[N],#C-1[M],(#g1.#g.#A-1)[M],#C-1[N],(#a1.#a)[N],F-1[M],(#c2.#c1.#A-1.#A-2)[M],F-1[M],#C-1[M],(#d2.#d1.#A-1)[M],#C-1[M],F-1[M],(c2.c1.#A-1.#A-2)[M],F-1[M],#C-1[M],(#a1.#a.#A-1)[M],#C-1[M],F-1[M],(#c2.#c1.#A-1.#A-2)[M],F-1[M],#C-1[M],(#d2.#d1.#A-1)[M],#C-1[M],F-1[M],(c2.c1.#A-1.#A-2)[M],F-1[M],#C-1[M],(#a1.#a.#A-1)[M],#C-1[M],F-1[M],(#c2.#c1.#A-1.#A-2)[M],F-1[M],#C-1[M],(#d2.#d1.#A-1)[M],#C-1[M],F-1[M],(c2.c1.#A-1.#A-2)[M],F-1[M],#C-1[M],(#a1.#a.#A-1)[M],#C-1[M],F-1[M],(#a.#A-1.#A-2)[M],F-1[N],(c1.c)[N],#C-1[M],(#c1.#c.#A-1)[M],#C-1[N],(#d1.#d)[N],F-1[M],(f1.f.#A-1.#A-2)[M],F-1[N],(#f1.#f)[N],#C-1[M],(#g1.#g.#A-1)[M],#C-1[N],(#a1.#a)[N],F-1[M],(#c2.#c1.#A-1.#A-2)[M],F-1[M],#C-1[M],(#d2.#d1.#A-1)[M],#C-1[M],F-1[M],(c2.c1.#A-1.#A-2)[M],F-1[M],#C-1[M],(#a1.#a.#A-1)[M],#C-1[M],F-1[M],(#c2.#c1.#A-1.#A-2)[M],F-1[M],#C-1[M],(#d2.#d1.#A-1)[M],#C-1[M],F-1[M],(c2.c1.#A-1.#A-2)[M],F-1[M],#C-1[M],(#a1.#a.#A-1)[M],#C-1[M],F-1[M],(#c2.#c1.#A-1.#A-2)[M],F-1[M],#C-1[M],(#d2.#d1.#A-1)[M],#C-1[M],F-1[M],(c2.c1.#A-1.#A-2)[M],F-1[M],#C-1[M],(#a1.#a.#A-1)[M],#C-1[M],F-1[M],(#f.#F-1.#F-2)[M],#C-1[N],(#g.#G-1)[N],A-2[M],(a.A-1.#F-1)[M],A-2[N],(b.B-1)[N],#C-1[M],(#c1.#c.#F-1.#F-2)[M],#C-1[N],(d1.d)[N],A-2[M],(e1.e.#F-1)[M],A-2[N],(#f1.#f)[N],#C-1[M],(a1.a.#F-1.#F-2)[M],#C-1[M],A-2[M],(b1.b.#F-1)[M],A-2[M],#C-1[M],(#g1.#g.#F-1.#F-2)[M],#C-1[M],A-2[M],(#f1.#f.#F-1)[M],A-2[M],#C-1[M],(a1.a.#F-1.#F-2)[M],#C-1[M],A-2[M],(b1.b.#F-1)[M],A-2[M],#C-1[M],(#g1.#g.#F-1.#F-2)[M],#C-1[M],A-2[M],(#f1.#f.#F-1)[M],A-2[M],#C-1[M],(a1.a.#F-1.#F-2)[M],#C-1[M],A-2[M],(b1.b.#F-1)[M],A-2[M],#C-1[M],(#g1.#g.#F-1.#F-2)[M],#C-1[M],A-2[M],(#f1.#f.#F-1)[M],A-2[M],#C-1[M],(#f.#F-1.#F-2)[M],#C-1[N],(#g.#G-1)[N],A-2[M],(a.A-1.#F-1)[M],A-2[N],(b.B-1)[N],#C-1[M],(#c1.#c.#F-1.#F-2)[M],#C-1[N],(d1.d)[N],A-2[M],(e1.e.#F-1)[M],A-2[N],(#f1.#f)[N],#C-1[M],(a1.a.#F-1.#F-2)[M],#C-1[M],A-2[M],(b1.b.#F-1)[M],A-2[M],#C-1[M],(#g1.#g.#F-1.#F-2)[M],#C-1[M],A-2[M],(#f1.#f.#F-1)[M],A-2[M],#C-1[M],(a1.a.#F-1.#F-2)[M],#C-1[M],A-2[M],(b1.b.#F-1)[M],A-2[M],#C-1[M],(#g1.#g.#F-1.#F-2)[M],#C-1[M],A-2[M],(#f1.#f.#F-1)[M],A-2[M],#C-1[M],(a1.a.#F-1.#F-2)[M],#C-1[M],A-2[M],(b1.b.#F-1)[M],A-2[M],#C-1[M],(#g1.#g.#F-1.#F-2)[M],#C-1[M],A-2[M],(#f1.#f.#F-1)[M],A-2[M],#C-1[M],(#a1.#a.#A-2.#A-1)[M],F-1[N],(c2.c1)[N],#C-1[M],(#c2.#c1.F-1)[M],#C-1[N],(#d2.#d1)[N],F-1[M],(f2.f1.#A-2.#A-1)[M],F-1[N],(#f2.#f1)[N],#C-1[M],(#g2.#g1.F-1)[M],#C-1[N],(#a2.#a1)[N],F-1[M],(#c3.#c2.#A-2.#A-1)[M],F-1[M],#C-1[M],(#d3.#d2.F-1)[M],#C-1[M],F-1[M],(c3.c2.#A-2.#A-1)[M],F-1[M],#C-1[M],(#a2.#a1.F-1)[M],#C-1[M],F-1[M],(#c3.#c2.#A-2.#A-1)[M],F-1[M],#C-1[M],(#d3.#d2.F-1)[M],#C-1[M],F-1[M],(c3.c2.#A-2.#A-1)[M],F-1[M],#C-1[M],(#a2.#a1.F-1)[M],#C-1[M],F-1[M],(#c3.#c2.#A-2.#A-1)[M],F-1[M],#C-1[M],(#d3.#d2.F-1)[M],#C-1[M],F-1[M],(c3.c2.#A-2.#A-1)[M],F-1[M],#C-1[M],(#a2.#a1.F-1)[M],#C-1[M],F-1[M],(#a1.#a.#A-2.#A-1)[M],F-1[N],(c2.c1)[N],#C-1[M],(#c2.#c1.F-1)[M],#C-1[N],(#d2.#d1)[N],F-1[M],(f2.f1.#A-2.#A-1)[M],F-1[N],(#f2.#f1)[N],#C-1[M],(#g2.#g1.F-1)[M],#C-1[N],(#a2.#a1)[N],F-1[M],(#c3.#c2.#A-2.#A-1)[M],F-1[M],#C-1[M],(#d3.#d2.F-1)[M],#C-1[M],F-1[M],(c3.c2.#A-2.#A-1)[M],F-1[M],#C-1[M],(#a2.#a1.F-1)[M],#C-1[M],F-1[M],(#c3.#c2.#A-2.#A-1)[M],F-1[M],#C-1[M],(#d3.#d2.F-1)[M],#C-1[M],F-1[M],(c3.c2.#A-2.#A-1)[M],F-1[M],#C-1[M],(#a2.#a1.F-1)[M],#C-1[M],F-1[M],(#c3.#c2.#A-2.#A-1)[M],F-1[M],#C-1[M],(#d3.#d2.F-1)[M],#C-1[M],F-1[M],(c3.c2.#A-2.#A-1)[M],F-1[M],#C-1[M],(#a2.#a1.F-1)[M],#C-1[M],F-1[M],(#f1.#f.#F-1)[M],#c[N],(#g1.#g)[N],A-1[M],(a1.a.#c)[M],A-1[N],(b1.b)[N],#c[M],(#c2.#c1.#F-1.#f)[M],#c[N],(d2.d1)[N],A-1[M],(e2.e1.#c)[M],A-1[N],(#f2.#f1)[N],#c[M],(a2.a1.#F-1.#f)[M],#c[M],A-1[M],(b2.b1.#c)[M],A-1[M],#c[M],(#g2.#g1.#F-1.#f)[M],#c[M],A-1[M],(#f2.#f1.#c)[M],A-1[M],#c[M],(a2.a1.#F-1.#f)[M],#c[M],A-1[M],(b2.b1.#c)[M],A-1[M],#c[M],(#g2.#g1.#F-1.#f)[M],#c[M],A-1[M],(#f2.#f1.#c)[M],A-1[M],#c[M],(a2.a1.#F-1.#f)[M],#c[M],A-1[M],(b2.b1.#c)[M],A-1[M],#c[M],(#g2.#g1.#F-1.#f)[M],#c[M],A-1[M],(#f2.#f1.#c)[M],A-1[M],#c[M],(#f1.#f.#F-1)[M],#c[N],(#g1.#g)[N],A-1[M],(a1.a.#c)[M],A-1[N],(b1.b)[N],#c[M],(#c2.#c1.#F-1.#f)[M],#c[N],(d2.d1)[N],A-1[M],(e2.e1.#c)[M],A-1[N],(#f2.#f1)[N],#c[M],(a2.a1.#F-1.#f)[M],#c[M],A-1[M],(b2.b1.#c)[M],A-1[M],#c[M],(#g2.#g1.#F-1.#f)[M],#c[M],A-1[M],(#f2.#f1.#c)[M],A-1[M],#c[M],(a2.a1.#F-1.#f)[M],#c[M],A-1[M],(b2.b1.#c)[M],A-1[M],#c[M],(#g2.#g1.#F-1.#f)[M],#c[M],A-1[M],(#f2.#f1.#c)[M],A-1[M],#c[M],(a2.a1.#F-1.#f)[MP],#c[MP],A-1[MP],(b2.b1.#c)[MP],A-1[MP],#c[MP],(#g2.#g1.#F-1.#f)[MO],#c[MO],A-1[MOP],(#f2.#f1.#c)[MOP],A-1[MNP],#c[L],(f3.F-1)[LNOP],c[LNOP],f[LNOP],g[LNOP],(c3.#g)[LNOP],c1[M],f3[MNOP],#d1[L],c3[M],c1[LNOP],(b2.f.b.g1)[LNOP],c1[LNOP],#g[LNOP],c[LNOP],(#g2.f)[LNOP],c[M],g2[L],#G-1[L],#d3[M],c[LNOP],(f2.f3.F-1)[LNOP],c[LNOP],f[LNOP],g[LNOP],(c3.#g)[LNOP],c1[M],f3[L],#d1[MNOP],c3[M],c1[LNOP],(b2.f.b.f1)[LNOP],c1[LNOP],#g[LNOP],c[LNOP],(#g2.f)[LNOP],#g[M],g2[L],c[L],#d3[M],F-1[LNOP],(f3.#C-1)[LNOP],#G-1[LNOP],#c[LNOP],#d[LNOP],(#c3.f)[LNOP],#g[M],f3[L],#c1[L],#c3[M],#g[LNOP],(c3.#c.c1)[LNOP],#g[LNOP],f[LNOP],#c[LNOP],(#a2.f)[LNOP],#c[M],#g2[MNOP],c[L],#d3[M],#G-1[LNOP],(f3.g2.#C-1)[LNOP],#G-1[LNOP],#c[LNOP],#d[LNOP],(#c3.f)[LNOP],#g[M],f3[L],#c1[L],#c3[M],#g[LNOP],(c3.#c.c1)[LNOP],#g[LNOP],f[LNOP],#c[LNOP],(#a2.f)[LNOP],#c[M],#g2[L],c[MNOP],#d3[M],#G-1[LNOP],(f2.f3.F-1)[LNOP],c[LNOP],f[LNOP],g[LNO],(c2.#g.c3)[LNO],c1[M],(f2.f3)[MNOP],#d1[MNO],(c2.c3)[NOP],c1[LNP],(b1.f.b.b2.F-1)[LNP],c1[LNP],#g[LNP],c[LN],(#g1.#g2.f)[LN],c[NOP],(g1.g2)[MNP],#G-1[MNP],(#d2.#d3)[NOP],c[LN],(f2.f3.F-1)[LOP],c[LOP],f[LOP],g[LOP],(c2.c3.#g)[LOP],c1[NO],(f2.f3)[MN],#d1[MN],(c2.c3)[NO],c1[LO],(b1.b2.f.b.F-1)[LO],c1[LO],#g[LO],c[LP],(#g1.#g2.f)[LP],#g[NO],(g1.g2)[MOP],c[MN],(#d2.#d3)[NO],F-1[LP],(f2.#C-2.#C-1.f3)[LP],#G-1[L],#c[L],#d[L],(#c2.#c3.f)[L],#g[NO],(f3.f2)[MOP],#c1[MOP],(#c3.#c2)[NP],#g[MNOP],(c2.c3.#c.c1.#C-1)[MNOP],#g[MNOP],f[MNOP],#c[MNOP],(#a1.#a2.f)[MNOP],#c[NP],(#g1.#g2)[MO],c[MO],(#d2.#d3)[NP],#G-1[MNO],(#C-2.#C-1.g2.f3)[MNO],#G-1[MNO],#c[MNO],#d[MNO],(#c2.#c3.f)[MNO],#g[NP],(f3.f2)[MP],#c1[MP],(#g3.#c3.#c2)[NP],#g[MNP];"],"id":2,"instruments":["piano","piano"],"alternatives":["",""]},{"bpm":142.5,"baseBeats":0.25,"scores":["mute[MNP],mute[MNP],mute[MNP],mute[MNP],mute[MNP],mute[M],mute[M],mute[MO],mute[MN],mute[MN],mute[MN],mute[MN],mute[MN],mute[MN],mute[M],mute[M],mute[M],mute[MN],mute[MN],mute[MN],mute[MN],mute[MN],mute[MN],mute[M],mute[M],mute[M],mute[MN],mute[MN],mute[MN],mute[MN],mute[MN],mute[MN],mute[M],mute[M],mute[M],mute[MN],mute[MN],mute[MN],mute[MN],mute[MN],mute[MN],mute[M],mute[M],mute[M],mute[MN],mute[MN],mute[MN],mute[MN],mute[MN],mute[MN],mute[M],mute[M],mute[M],mute[MN],mute[MN],mute[MN],mute[MN],mute[MN],mute[MN],mute[M],mute[M],mute[M],mute[MN],mute[MN],mute[MN],mute[MN],mute[MN],mute[MN],mute[M],mute[M],mute[M],mute[MN],mute[MN],mute[MN],mute[MN],mute[MN],mute[MN],mute[M],mute[M],mute[M],mute[MN],mute[MN],mute[MN],mute[MN],mute[MN],mute[MN],mute[M],mute[M],mute[M],mute[MN],mute[MN],mute[MN],mute[MN],mute[MN],mute[MN],mute[M],mute[M],mute[M],mute[MN],mute[MN],mute[MN],mute[MN],mute[MN],mute[MN],mute[M],mute[M],mute[M],mute[MN],mute[MN],mute[MN],mute[MN],mute[MN],mute[MN],mute[M],mute[M],mute[M],mute[MN],mute[MN],mute[MN],mute[MN],mute[MN],mute[MN],mute[M],mute[M],mute[M],mute[MN],mute[MN],mute[MN],mute[MN],mute[MN],mute[MN],mute[M],mute[M],mute[M],mute[MN],mute[MN],mute[MN],mute[MN],mute[MN],mute[MN],mute[M],mute[M],mute[M],mute[MN],mute[MN],mute[MN],mute[MN],mute[MN],mute[MN],mute[M],mute[M],mute[M],mute[MN],mute[LM],mute[LM],mute[L],mute[M],mute[M],mute[L],mute[LM],mute[LM],mute[L],mute[M],mute[M],mute[L],mute[LM],mute[LM],mute[L],mute[M],mute[M],mute[L],mute[LM],mute[LM],mute[L],mute[M],mute[M],mute[L],mute[LM],mute[LM],mute[L],mute[M],mute[M],mute[L],mute[LM],mute[LM],mute[L],mute[M],mute[M],mute[L],mute[LM],mute[LM],mute[L],mute[M],mute[M],mute[L],mute[LM],mute[LM],mute[L],mute[M],mute[M],mute[L],mute[LM],mute[LM],mute[L],mute[M],mute[M],mute[L],mute[LM],mute[LM],mute[L],mute[M],mute[M],mute[L],mute[LM],mute[LM],mute[L],mute[M],mute[M],mute[L],mute[LM],mute[LM],mute[L],mute[M],mute[M],mute[L],mute[LM],mute[LM],mute[L],mute[M],mute[M],mute[L],mute[LM],mute[LM],mute[L],mute[M],mute[M],mute[L],mute[LM],mute[LM],mute[L],mute[M],mute[M],mute[L],mute[LM],mute[LM],mute[L],mute[M],mute[M],mute[M],mute[M],mute[M],mute[M],mute[M],mute[M],mute[M],mute[M],mute[M],mute[M],mute[M],mute[M],mute[M],mute[M],mute[M],mute[M],mute[M],mute[M],mute[M],mute[M],mute[M],mute[M],mute[M],mute[M],mute[M],mute[M],mute[M],mute[M],mute[M],mute[M],mute[M],mute[M],mute[M],mute[M],mute[M],mute[M],mute[M],mute[M],mute[M],mute[M],mute[M],mute[M],mute[M],mute[M],mute[M],mute[M],mute[M],mute[M],mute[M],mute[M],mute[M],mute[M],mute[M],mute[M],mute[M],mute[M],mute[M],mute[M],mute[M],mute[M],mute[M],mute[M],mute[M],mute[M],mute[M],mute[M],mute[M],mute[M],mute[M],mute[M],mute[M],mute[M],mute[M],mute[M],mute[M],mute[M],mute[M],mute[M],mute[M],mute[M],mute[M],mute[M],mute[M],mute[M],mute[M],mute[M],mute[M],mute[M],mute[M],mute[M],mute[M],mute[M],mute[M],mute[M],mute[M],mute[M],mute[M],mute[M],mute[M],mute[M],mute[M],mute[M],mute[M],mute[M],mute[M],mute[M],mute[M],mute[M],mute[M],mute[M],mute[M],mute[M],mute[M],mute[M],mute[M],mute[M],mute[M],mute[M],mute[M],mute[M],mute[M],mute[M],mute[M],mute[M],mute[M],mute[M],mute[M],mute[M],mute[M],mute[M],mute[M],mute[M],mute[M],mute[M],mute[M],mute[M],mute[M],mute[M],mute[M],mute[M],mute[M],mute[M],mute[M],mute[M],mute[M],mute[M],mute[M],mute[M],mute[M],mute[M],mute[M],mute[M],mute[M],mute[M],mute[M],mute[M],mute[M],mute[M],mute[M],mute[M],mute[M],mute[M],mute[M],mute[M],mute[M],mute[M],mute[M],mute[M],mute[M],mute[M],mute[M],mute[M],mute[M],mute[M],mute[M],mute[M],mute[M],mute[M],mute[M],mute[M],mute[M],mute[M],mute[M],mute[M],mute[M],mute[M],mute[MN],5<V>,mute[M],mute[M],5<V>,mute[M],6<mute[MO],mute[MO]>,mute[M],mute[M],mute[M],mute[M],mute[M],mute[M],mute[M],mute[M],mute[M],mute[M],mute[M],mute[M],mute[M],mute[M],mute[M],mute[M],mute[M],mute[M],mute[M],mute[M],mute[M],mute[M],mute[M],mute[M],mute[M],mute[M],mute[M],mute[M],mute[M],mute[M],mute[M],mute[M],mute[M],mute[M],mute[M],mute[M],mute[M],mute[M],mute[M],mute[M],mute[M],mute[M],mute[M],mute[M],mute[M],mute[M],mute[M],mute[M],mute[M],mute[M],mute[M],mute[M],mute[M],mute[M],mute[M],mute[M],mute[M],mute[M],mute[M],mute[M],mute[M],mute[M],mute[M],mute[M],mute[M],mute[M],mute[M],mute[M],mute[M],mute[M],mute[M],mute[M],mute[M],mute[M],mute[M],mute[M],mute[M],mute[M],mute[M],mute[M],mute[M],mute[M],mute[M],mute[M],mute[M],mute[M],mute[M],mute[M],mute[M],mute[M],mute[M],mute[M],mute[M],mute[M],mute[M],mute[M],mute[M],mute[M],mute[M],mute[M],mute[M],mute[M],mute[M],mute[M],mute[M],mute[M],mute[M],mute[M],mute[M],mute[M],mute[M],mute[M],mute[M],mute[M],mute[M],mute[M],mute[M],mute[M],mute[M],mute[M],mute[M],mute[M],mute[M],mute[M],mute[M],mute[M],mute[M],mute[M],mute[M],mute[M],mute[M],mute[M],mute[M],mute[M],mute[M],mute[M],mute[M],mute[M],mute[M],mute[M],mute[M],mute[M],mute[M],mute[M],mute[M],mute[M],mute[M],mute[M],mute[M],mute[M],mute[M],mute[M],mute[M],mute[M],mute[M],mute[M],mute[M],mute[M],mute[M],mute[M],mute[M],mute[M],mute[M],mute[M],mute[M],mute[M],mute[M],mute[M],mute[M],mute[M],mute[M],mute[M],mute[M],mute[M],mute[M],mute[M],mute[M],mute[M],mute[M],mute[M],mute[M],mute[M],mute[M],mute[M],mute[M],mute[M],mute[M],mute[MNO],mute[HKM],mute[M],mute[M],mute[M],mute[M],mute[M],mute[M],mute[M],mute[M],mute[M],mute[M],mute[M],mute[M],mute[LMP],mute[LMP],mute[LMP],mute[LMP],mute[LMO],mute[LMO],mute[LMO],mute[LMO],mute[LMOP],mute[LMOP],mute[LMOP],mute[LMN],mute[LMN],mute[LMN],mute[LMNP],mute[LMNP],mute[LMNO],mute[LMNO],mute[LMNO],mute[LMNOP],mute[LMNOP],mute[LMNOP],mute[K],mute[K],mute[KP],mute[KP],mute[KO],mute[KO],mute[KOP],mute[KOP],mute[KN],mute[KN],mute[KNP],mute[KNO],mute[KNO],mute[KNOP],mute[KM],mute[KMP],mute[KMP],mute[KMO],mute[KMOP],mute[KMN],mute[KMN],mute[KMNP],mute[KMNO],mute[KMNOP],mute[KL],mute[KLP],mute[KLO],mute[KLOP],mute[KLNP],mute[KLNO],mute[KLNOP],mute[KLM],mute[KLMO],mute[KLMN],mute[KLMNP],mute[KLMNOP],mute[JP],mute[JO],mute[JN],mute[JNOP],mute[JMP],mute[HH];","(c2.#c.c1.#C-1.c3.g3)[MNP],#g[MNP],f[MNP],#c[MNP],(#a1.f.g2.#a2)[MNP],#c[NP],(f2.#g2.#g1)[M],c[MP],(#d2.#d3.#a2)[N],#G-1[MN],(f3.F-1)[MN],c[MN],f[MN],g[MN],(c3.#g)[MN],c1[N],f3[M],#d1[M],c3[N],c1[MN],(b2.f.b.g1)[MN],c1[MN],#g[MN],c[MN],(#g2.f)[MN],c[N],g2[M],#G-1[M],#d3[N],c[MN],(f2.f3.F-1)[MN],c[MN],f[MN],g[MN],(c3.#g)[MN],c1[N],f3[M],#d1[M],c3[N],c1[MN],(b2.f1.b.f)[MN],c1[MN],#g[MN],c[MN],(#g2.f)[MN],#g[N],g2[M],c[M],#d3[N],F-1[MN],(f3.#C-1)[MN],#G-1[MN],#c[MN],#d[MN],(#c3.f)[MN],#g[N],f3[M],#c1[M],#c3[N],#g[MN],(c3.c1.#c)[MN],#g[MN],f[MN],#c[MN],(#a2.f)[MN],#c[N],#g2[M],c[M],#d3[N],#G-1[MN],(g2.f3.#C-1)[MN],#G-1[MN],#c[MN],#d[MN],(#c3.f)[MN],#g[N],f3[M],#c1[M],#c3[N],#g[MN],(c3.c1.#c)[MN],#g[MN],f[MN],#c[MN],(#a2.f)[MN],#c[N],#g2[M],c[M],#d3[N],#G-1[MN],(f3.f2.F-1)[MN],c[MN],f[MN],g[MN],(c3.c2.#g)[MN],c1[N],(f3.f2)[M],#d1[M],(c3.c2)[N],c1[MN],(b2.b1.f.b.g1)[MN],c1[MN],#g[MN],c[MN],(#g2.#g1.f)[MN],c[N],(g2.g1)[M],#G-1[M],(#d3.#d2)[N],c[MN],(f3.f2.F-1)[MN],c[MN],f[MN],g[MN],(c3.c2.#g)[MN],c1[N],(f3.f2)[M],#d1[M],(c3.c2)[N],c1[MN],(b2.b1.f1.b.f)[MN],c1[MN],#g[MN],c[MN],(#g2.#g1.f)[MN],#g[N],(g2.g1)[M],c[M],(#d3.#d2)[N],F-1[MN],(f3.f2.#C-1)[MN],#G-1[MN],#c[MN],#d[MN],(#c3.#c2.f)[MN],#g[N],(f3.f2)[M],#c1[M],(#c3.#c2)[N],#g[MN],(c3.c2.c1.#c)[MN],#g[MN],f[MN],#c[MN],(#a2.#a1.f)[MN],#c[N],(#g2.#g1)[M],c[M],(#d3.#d2)[N],#G-1[MN],(g2.f3.f2.#C-1)[MN],#G-1[MN],#c[MN],#d[MN],(#c3.#c2.f)[MN],#g[N],(f3.f2)[M],#c1[M],(#c3.#c2)[N],#g[MN],(c3.c2.c1.#c)[MN],#g[MN],f[MN],#c[MN],(#a2.#a1.f)[MN],#c[N],(#g2.#g1)[M],c[M],(#d3.#d2)[N],#G-1[MN],(f2.f1.#G-1.#g)[LM],f[LM],(c2.c1.g)[L],(f2.f1)[M],c[M],(c2.c1)[L],(b1.b.#G-1.#g)[LM],f[LM],(#g1.#g.g)[L],(g1.g)[M],c[M],(#d2.#d1)[L],(f2.f1.#G-1.#g)[LM],f[LM],(c2.c1.g)[L],(f2.f1)[M],c[M],(c2.c1)[L],(b1.b.#G-1.#g)[LM],f[LM],(#g1.#g.g)[L],(g1.g)[M],c[M],(#d2.#d1)[L],(f2.f1.#A-1.#g)[LM],f[LM],(#c2.#c1.g)[L],(f2.f1)[M],#c[M],(#c2.#c1)[L],(c2.c1.#A-1.#g)[LM],f[LM],(#a1.#a.g)[L],(#g1.#g)[M],#c[M],(#d2.#d1)[L],(g1.f2.f1.#A-1.#g)[LM],f[LM],(#c2.#c1.g)[L],(f2.f1)[M],#c[M],(#c2.#c1)[L],(c2.c1.#A-1.#g)[LM],f[LM],(#a1.#a.g)[L],(#g1.#g)[M],#c[M],(#d2.#d1)[L],(f2.f1.#G-1.#g)[LM],f[LM],(c2.c1.g)[L],(f2.f1)[M],c[M],(c2.c1)[L],(b1.b.#G-1.#g)[LM],f[LM],(#g1.#g.g)[L],(g1.g)[M],c[M],(#d2.#d1)[L],(f2.f1.#G-1.#g)[LM],f[LM],(c2.c1.g)[L],(f2.f1)[M],c[M],(c2.c1)[L],(b1.b.#G-1.#g)[LM],f[LM],(#g1.#g.g)[L],(g1.g)[M],c[M],(#d2.#d1)[L],(f2.f1.#A-1.#g)[LM],f[LM],(#c2.#c1.g)[L],(f2.f1)[M],#c[M],(#c2.#c1)[L],(c2.c1.#A-1.#g)[LM],f[LM],(#a1.#a.g)[L],(#g1.#g)[M],#c[M],(#d2.#d1)[L],(g1.f2.f1.#A-1.#g)[LM],f[LM],(#c2.#c1.g)[L],(f2.f1)[M],#c[M],(#c2.#c1)[L],(c2.c1.#A-1.#g)[LM],f[LM],(#a1.#a.g)[L],(#g1.#g)[M],#c[M],(#d2.#d1)[NO],(#c1.#c.#C-1)[M],#G-1[MO],E-1[NO],e[M],#G-1[MO],E-1[NO],(#g.#g1)[M],#c[M],#G-1[M],#c1[M],a[M],#g[M],(#d2.#d1.#C-1.#c)[M],#G-1[MO],E-1[NO],e[M],#G-1[MO],E-1[NO],(e2.e1.#g)[M],#c[M],#G-1[M],#c1[M],a[M],#g[M],(#g2.#g1.#C-1.#c)[M],#G-1[MO],E-1[NO],e[M],#G-1[MO],E-1[NO],(e2.e1.#g)[M],#c[M],#G-1[M],#c1[M],a[M],#g[M],(#d1.#d2.#C-1.#c)[M],#G-1[MO],E-1[NO],e[M],#G-1[MO],E-1[NO],(#c2.#c1.#g)[M],#c[M],#G-1[M],#c1[M],(#d2.#d1.a)[M],(#c1.#c2.#g)[M],(c1.c2.F-1.f)[M],c[MO],#G-1[NO],#g[M],c[MO],#G-1[NO],c1[M],f[M],c[M],f1[M],#c1[M],c1[M],(#g.#g1.F-1.f)[M],c[MO],#G-1[NO],(#d1.#d2.#g)[M],c[MO],#G-1[NO],(#a2.#a1.c1)[M],f[M],c[M],(g2.g1.f1)[M],#c1[M],c1[M],(#g2.#g1.F-1.f)[M],c[MO],#G-1[NO],#g[M],c[MO],#G-1[NO],c1[M],f[M],c[M],f1[M],#c1[M],c1[M],(f1.f2.F-1.f)[M],c[MO],#G-1[NO],#g[M],c[MO],#G-1[NO],c1[M],f[M],c[M],f1[M],#c1[M],c1[M],(#c.#c1.#C-1)[M],#G-1[MO],E-1[NO],e[M],#G-1[MO],E-1[NO],(#g1.#g)[M],#c[M],#G-1[M],#c1[M],a[M],#g[M],(#d2.#d1.#C-1.#c)[M],#G-1[MO],E-1[NO],e[M],#G-1[MO],E-1[NO],(e1.e2.#g)[M],#c[M],#G-1[M],#c1[M],a[M],#g[M],(#g2.#g1.#C-1.#c)[M],#G-1[MO],E-1[NO],e[M],#G-1[MO],E-1[NO],(e2.e1.#g)[M],#c[M],#G-1[M],#c1[M],a[M],#g[M],(#d2.#d1.#C-1.#c)[M],#G-1[MO],E-1[NO],e[M],#G-1[MO],E-1[NO],(#c2.#c1.#g)[M],#c[M],#G-1[M],#c1[M],(#d2.#d1.a)[M],(#c1.#c2.#g)[M],(c2.c1.F-1.f)[M],c[MO],#G-1[NO],#g[M],c[MO],#G-1[NO],c1[M],f[M],c[M],f1[M],#c1[M],c1[M],(#g1.#g.F-1.f)[M],c[MO],#G-1[NO],(#d1.#d2.#g)[M],c[MO],#G-1[NO],(#a2.#a1.c1)[M],f[M],c[M],(c3.c2.f1)[M],#c1[M],c1[M],(f2.f1.F-1.f)[M],c[MO],#G-1[NO],#g[M],c[MO],#G-1[NO],c1[M],f[M],c[M],f1[M],#c1[M],c1[M],(f2.f3.f.F-1)[NO],(f2.f3)[O],c[N],(f2.f3)[NO],(f2.f3.#G-1)[NO],(f2.f3.#g)[NO],(f2.f3)[O],c[N],(f2.f3)[NO],(f2.f3.#G-1)[NO],(f3.f2.c1)[NO],(f3.f2)[O],f[N],(f3.f2)[N],c[O],(f3.f2)[NO],(f3.f2.f1)[NO],(f3.f2)[O],#c1[N],(f3.f2)[N],c1[O],(f2.f3)[NO],(#c.#c1.#c2.#C-1)[M],#G-1[MO],E-1[NO],e[M],#G-1[MO],E-1[NO],(#g1.#g.#g2)[M],#c[M],#G-1[M],#c1[M],a[M],#g[M],(#d1.#d2.#d3.#c.#C-1)[M],#G-1[MO],E-1[NO],e[M],#G-1[MO],E-1[NO],(e1.e2.e3.#g)[M],#c[M],#G-1[M],#c1[M],a[M],#g[M],(#g1.#g2.#g3.#c.#C-1)[M],#G-1[MO],E-1[NO],e[M],#G-1[MO],E-1[NO],(e1.e2.e3.#g)[M],#c[M],#G-1[M],#c1[M],a[M],#g[M],(#d2.#d1.#d3.#c.#C-1)[M],#G-1[MO],E-1[NO],e[M],#G-1[MO],E-1[NO],(#c1.#c2.#c3.#g)[M],#c[M],#G-1[M],#c1[M],(#d1.#d2.#d3.a)[M],(#c2.#c1.#c3.#g)[M],(c2.c1.c3.F-1.f)[M],c[MO],#G-1[NO],#g[M],c[MO],#G-1[NO],c1[M],f[M],c[M],f1[M],#c1[M],c1[M],(#g1.#g.#g2.f.F-1)[M],c[MO],#G-1[NO],(#d2.#d1.#d3.#g)[M],c[MO],#G-1[NO],(#a1.#a2.#a3.c1)[M],f[M],c[M],(g1.g2.g3.f1)[M],#c1[M],c1[M],(#g1.#g2.#g3.f.F-1)[M],c[MO],#G-1[NO],#g[M],c[MO],#G-1[NO],c1[M],f[M],c[M],f1[M],#c1[M],c1[M],(f2.f1.f3.F-1.f)[M],c[MO],#G-1[NO],#g[M],c[MO],#G-1[NO],c1[M],f[M],c[M],f1[M],#c1[M],c1[M],(#c1.#c.#c2.#C-1)[M],#G-1[MO],E-1[NO],e[M],#G-1[MO],E-1[NO],(#g.#g1.#g2)[M],#c[M],#G-1[M],#c1[M],a[M],#g[M],(#d1.#d2.#d3.#c.#C-1)[M],#G-1[MO],E-1[NO],e[M],#G-1[MO],E-1[NO],(e2.e1.e3.#g)[M],#c[M],#G-1[M],#c1[M],a[M],#g[M],(#g1.#g2.#g3.#c.#C-1)[M],#G-1[MO],E-1[NO],e[M],#G-1[MO],E-1[NO],(e1.e2.e3.#g)[M],#c[M],#G-1[M],#c1[M],a[M],#g[M],(#d1.#d2.#d3.#c.#C-1)[M],#G-1[MO],E-1[NO],e[M],#G-1[MO],E-1[NO],(#c1.#c2.#c3.#g)[M],#c[M],#G-1[M],#c1[M],(#d1.#d2.#d3.a)[M],(#c2.#c1.#c3.#g)[M],(c1.c2.c3.F-1.f)[M],c[MO],#G-1[NO],#g[M],c[MO],#G-1[NO],c1[M],f[M],c[M],f1[M],#c1[M],c1[M],(#g.#G-1.#g1.f.F-1)[M],c[MO],#G-1[NO],(#d.#d1.c1.#d2.c2.#g)[M],c[MO],#G-1[NO],(#a.#a1.#d1.#d2.#a2.c1)[M],f[M],c[M],(c1.c2.f1.c3.f2)[M],#c1[M],c1[M],(f1.f2.#g1.#g2.f3.F-1.f)[M],c[MO],#G-1[NO],#g[M],c[MO],#G-1[NO],c1[M],f[M],c[M],f1[M],#c1[M],c1[M],(F-1.f)[M],c[MO],#G-1[NO],#g[M],c[MO],#G-1[NO],c1[M],f[M],c[M],f1[M],#c1[M],c1[HKM],#g2[NO],#g2[NO],#g2[NO],#g2[NO],#g2[NO],#g2[NO],#g2[NO],#g2[NO],#g2[NO],#g2[NO],#g2[NO],#g2[NO],#g2[NO],#g2[NO],#g2[NO],#g2[NO],(F-1.#g2)[LMP],c3[LMP],#g2[LMP],f2[LMP],#g2[LMO],c3[LMO],#g2[LMO],f2[LMO],(#g2.f)[LMOP],c3[LMOP],#g2[LMOP],f2[LMN],#g2[LMN],c3[LMN],#g2[LMNP],f2[LMNP],(E-1.#g2)[LMNO],b2[LMNO],#g2[LMNO],e2[LMNOP],#g2[LMNOP],b2[LMNOP],#g2[K],e2[K],(e.#g2)[KP],b2[KP],#g2[KO],e2[KO],#g2[KOP],b2[KOP],#g2[KN],e2[KN],(#g2.F-1)[KNP],c3[KNO],#g2[KNO],f2[KNOP],#g2[KM],c3[KMP],(#g2.f)[KMP],(f2.#g)[KMO],(#g2.g)[KMOP],c3[KMN],#g2[KMN],f2[KMNP],#g2[KMNO],c3[KMNOP],#g2[KL],f2[KLP],(E-1.#g2)[KLO],b2[KLOP],#g2[KLNP],e2[KLNO],#g2[KLNOP],b2[KLM],(#g2.B-1)[KLMO],(e2.#f)[KLMN],(#g2.#d)[KLMNP],b2[KLMNOP],#g2[JP],e2[JO],#g2[JN],b2[JNOP],#g2[JMP],e2[HH];"],"id":3,"instruments":["piano","piano"],"alternatives":["",""]}],"audition":{"start":[0,0],"end":[2,645]}}