{"baseBpm":208,"musics":[{"bpm":208,"baseBeats":0.5,"scores":["mute[JK],mute[JK],mute[JK],mute[KL],mute[L],mute[KL],mute[L],mute[KL],mute[L],mute[KL],mute[L],mute[J],mute[KL],mute[L],mute[KL],mute[L],mute[J],mute[KL],mute[L],mute[KL],mute[L],mute[KL],mute[L],mute[KL],mute[L],mute[J],mute[KL],mute[L],mute[KL],mute[L],mute[J],mute[KL],mute[L],mute[KL],mute[L],mute[KL],mute[L],mute[KL],mute[L],mute[KL],mute[L],mute[J],mute[KL],mute[L],mute[J],mute[KL],mute[L],mute[KL],mute[L],mute[KL],mute[L],mute[KL],mute[L],mute[KL],mute[L],mute[KL],mute[L],mute[KL],mute[L],mute[J],mute[KL],mute[L],mute[KL],mute[L],mute[KL],mute[L],mute[KL],mute[L],mute[J],mute[KL],mute[L],mute[KL],mute[L],mute[J],mute[KL],mute[L],mute[KL],mute[L],mute[KL],mute[L],mute[KL],mute[L],mute[J];","#d2[JK],#g2[JK],#a2[JK],(b2.#G-1)[KL],#a2[L],(b2.#g)[KL],#a2[L],(b2.#G-1)[KL],#a2[L],(#g2.#g)[KL],#d2[L],(e2.#c)[J],(b2.b.#g)[KL],b2[L],#c[KL],e1[L],#g1[J],(#a2.#c2.#F-1)[KL],(#g2.#c2)[L],(#a2.#f)[KL],#g2[L],(#a2.#F-1)[KL],#g2[L],(#f2.#f)[KL],#c2[L],(#d2.B-1)[J],(#a2.#a.#f)[KL],#a2[L],B-1[KL],#d1[L],#f1[J],(#g2.E-1)[KL],#f2[L],(#g2.e)[KL],#f2[L],(#g2.E-1)[KL],#f2[L],(#g2.e)[KL],#d3[L],(#c3.#c)[KL],b2[L],(#c3.b)[J],e1[KL],#g1[L],(#c2.#g)[J],(#c3.#A-1)[KL],b2[L],(#a2.e)[KL],b2[L],(#c3.#A-1)[KL],#d3[L],(#c3.#g.e)[KL],#g2[L],(#a2.#D-1)[KL],#a[L],(#d1.g.#d)[KL],f1[L],(g1.#D-1)[KL],#g1[L],#a1[J],(b1.#G-1)[KL],#a1[L],(b1.#g)[KL],#a1[L],(b1.#G-1)[KL],#a1[L],(#g1.#g)[KL],#d1[L],(e1.#c)[J],(b1.#g)[KL],b1[L],#c[KL],#c1[L],(#d1.#g)[J],(#a1.#F-1)[KL],#g1[L],(#a1.#f)[KL],#g1[L],(#a1.#F-1)[KL],#g1[L],(#f1.#f)[KL],#c1[L],(#d1.B-1)[J];"],"id":1,"instruments":["piano","piano"],"alternatives":["",""]},{"bpm":208,"baseBeats":0.5,"scores":["mute[KL],mute[L],mute[KL],mute[L],mute[J],mute[KL],mute[L],mute[KL],mute[L],mute[KL],mute[L],mute[KL],mute[L],mute[KL],mute[L],mute[J],mute[KL],mute[L],mute[J],mute[KL],mute[L],mute[KL],mute[L],mute[KL],mute[L],mute[KL],mute[L],mute[KL],mute[L],mute[KL],mute[L],mute[KL],mute[L],mute[KL],mute[L],mute[J],mute[KL],mute[L],mute[KL],mute[L],mute[KL],mute[L],mute[J],mute[KL],mute[L],mute[KL],mute[L],mute[KL],mute[L],mute[J],mute[KL],5<U>,mute[KL],mute[L],mute[KL],mute[L],mute[KL],mute[L],mute[KL],mute[L],mute[KL],mute[L],mute[KL],mute[L],mute[J],mute[KL],mute[L],mute[KL],mute[L],mute[KL],mute[L],mute[J],mute[KL],mute[L],mute[KL],mute[L],mute[KL],mute[L],mute[J],mute[KL],5<U>;","(#a1.#f)[KL],#a1[L],B-1[KL],#c1[L],(#d1.#a.#f)[J],(#g1.E-1)[KL],(#f1.B-1)[L],(#g1.E-1)[KL],(#f1.B-1)[L],(#g1.E-1)[KL],(#f1.B-1)[L],(#g1.E-1)[KL],#d2[L],(#c2.#c)[KL],b1[L],(#c2.b.#g)[J],(#c1.#c)[KL],#d1[L],(e1.b1.#g)[J],(#c2.#A-1)[KL],b1[L],(#a1.#g.e)[KL],#g1[L],(g1.#D-1)[KL],#d1[L],(b1.g.#d)[KL],#a1[L],(#g1.#G-1)[KL],#g[L],#a[KL],b[L],(#d1.#G-1)[KL],#g1[L],(#a1.#g)[KL],b1[L],(e2.#c)[J],(b.#g)[KL],#d2[L],(#c2.#F-1)[KL],b1[L],(#a1.#a.#f)[KL],e2[L],(#d2.B-1)[J],(#d1.#a.#f)[KL],#f1[L],E-1[KL],#d2[L],(#c2.e)[KL],b1[L],(#c2.#A-1)[J],#g[KL],e2[M],#d2[M],(#c2.#D-1)[KL],b1[L],(#a1.g)[KL],#d1[L],(#g1.#G-1)[KL],#d1[L],(#a1.#g)[KL],#d1[L],(b1.#G-1)[KL],#g1[L],(#a1.#g)[KL],b1[L],(e2.#c)[J],(b.#g)[KL],#f2[L],(#g2.#F-1)[KL],#a2[L],(b2.#f)[KL],e2[L],(#d2.B-1)[J],(#d1.#a.#f)[KL],#f1[L],(#g1.E-1)[KL],#a1[L],(b1.e)[KL],#c2[L],(#d2.#A-1)[J],e[KL],#c2[M],b1[M];"],"id":2,"instruments":["piano","piano"],"alternatives":["",""]},{"bpm":208,"baseBeats":0.5,"scores":["mute[J],mute[J],mute[KL],mute[L],mute[KL],mute[L],mute[KL],mute[L],mute[KL],mute[L],mute[J],mute[KL],mute[L],mute[KL],mute[L],mute[KL],mute[L],mute[J],mute[KL],mute[L],mute[KL],mute[L],mute[KL],mute[L],mute[J],mute[KL],5<U>,mute[KL],mute[L],mute[KL],mute[L],mute[KL],mute[L],mute[KL],mute[L],mute[KL],mute[L],mute[KL],mute[L],mute[J],mute[KL],mute[L],mute[KL],mute[L],mute[KL],mute[L],mute[J],mute[KL],mute[L],mute[KL],mute[L],mute[KL],mute[L],mute[J],mute[KL],5<U>,mute[KL],mute[L],mute[KL],mute[L],mute[KL],mute[L],mute[KL],mute[L],mute[KL],mute[L],mute[KL],mute[L],mute[J],mute[KL],mute[L],mute[KL],mute[L],mute[KL],mute[L],mute[J],mute[KL],mute[L],mute[KL],mute[L],mute[KL],mute[L],mute[JKL],5<U>,mute[J],mute[J],mute[KL],mute[L],mute[KL],mute[L],mute[HHIJL];","(#a1.#D-1)[J],(g1.#d1.g.#d)[J],(#g1.#G-1)[KL],#d1[L],(#c1.#d)[KL],b[L],(#g.#G-1)[KL],#g1[L],(#a1.g)[KL],b1[L],(e2.#c)[J],(b.#g)[KL],#d2[L],(#c2.#F-1)[KL],b1[L],(#a1.#f)[KL],e2[L],(#d2.B-1)[J],(#d1.#a.#f)[KL],#f1[L],E-1[KL],#d2[L],(#c2.e)[KL],b1[L],(#c2.#A-1)[J],#g[KL],e2[M],#d2[M],(#c2.#D-1)[KL],b1[L],(#a1.g)[KL],#d1[L],(#g1.#G-1)[KL],#d1[L],(#a1.#g)[KL],#d1[L],(b1.#G-1)[KL],#g1[L],(#a1.#g)[KL],b1[L],(e2.#c)[J],(b.#g)[KL],#f2[L],(#g2.#F-1)[KL],#a2[L],(b2.#f)[KL],e2[L],(#d2.B-1)[J],(#d1.#a.#f)[KL],#f1[L],E-1[KL],#d2[L],(#c2.e)[KL],b1[L],(#c2.#A-1)[J],#g[KL],e2[M],#d2[M],(#c2.#D-1)[KL],b1[L],(#a1.g)[KL],#d1[L],(#g1.#G-1)[KL],#g[L],(#a.#g)[KL],b[L],(#d1.#G-1)[KL],#g2[L],(#a2.#g)[KL],b2[L],(e3.#c)[J],(b.#g)[KL],#f3[L],(#g3.#F-1)[KL],#a3[L],(b3.#f)[KL],e3[L],(#d3.B-1)[J],(#d1.#a.#f)[KL],#f1[L],(#g1.E-1)[KL],#a1[L],(b1.e)[KL],#c2[L],(#d2.#A-1)[JKL],#c2[M],b1[M],(#a1.#D-1)[J],(g1.g.#d)[J],(#g1.#G-1)[KL],#d1[L],(#c1.#d)[KL],b[L],(#g.#G-1)[HHIJL];"],"id":3,"instruments":["piano","piano"],"alternatives":["",""]}],"audition":{"start":[0,0],"end":[2,93]}}