{"baseBpm":85,"musics":[{"bpm":85,"baseBeats":0.25,"scores":["#c2[M],#d2[M],#g2[L],#c2[M],#d2[M],#g2[M],#d2[M],#c2[M],#d2[M],#g2[L],#c2[M],#d2[M],#g2[M],#d2[M],#c2[M],#d2[M],#g2[L],#c2[M],#d2[M],#g2[M],#d2[M],#c2[M],#d2[M],#g2[L],#c2[M],#d2[M],#g2[M],#d2[M],(#c.#c2)[M],#d2[M],#g2[M],#d2[M],#c2[M],#d2[M],#g2[M],#d2[M],#c2[M],#d2[M],#g2[M],#d2[M],#c2[M],#d2[M],#g2[M],#d2[M],(#f.#c2)[M],#d2[M],#g2[M],#d2[M],#c2[M],#d2[M],#g2[M],#d2[M],#c2[M],#d2[M],#g2[M],#d2[M],#c2[M],#d2[M],#g2[M],#d2[M],(f.#c2)[M],#d2[M],#g2[M],#d2[M],#c2[M],#d2[M],#g2[M],#d2[M],#c2[M],#d2[M],#g2[M],#d2[M],#c2[M],#d2[M],#g2[M],#d2[M],(#d.#c2)[M],#d2[M],#g2[M],#d2[M],#c2[M],#d2[M],#g2[M],#d2[M],#c2[M],#d2[M],#g2[M],#d2[M],#c2[M],#d2[M],#g2[M],#d2[M],(#c.#c2)[M],#d2[M],#c2[M],5<(#d2~#c2)[M]>,5<(#d2~#c2)[M]>,5<(#d2~#c2)[M]>,5<(#d2~#c2)[M]>,5<(#d2~#c2)[M]>,5<(#d2~#c2)[M]>,5<(#d2~#c2)[M]>,5<(#d2~#c2)[M]>,5<(#d2~#c2)[M]>,5<(#d2~#c2)[M]>,5<(#d2~#c2)[M]>,5<(#d2~#c2)[M]>,#d2[M],(#c.#c2)[K];"],"id":1},{"bpm":87,"baseBeats":0.25,"scores":["(#c.#g.#g2)[LOP],#d2[LP],#c2[L],#g1[MNOP],#d1[MNO],#c1[MN],#g[MOP],#f[MP],f[M],#d[M],#c[M],c[M],#c[M],5<(c~#c)[M]>,5<(c~#c)[M]>,5<(c~#c)[M]>,5<(c~#c)[M]>,5<(c~#c)[M]>,5<(c~#c)[M]>,5<(c~#c)[M]>,5<(c~#c)[M]>,5<(c~#c)[M]>,5<(c~#c)[M]>,5<(c~#c~#g)[M]>,5<(c~#c~c1)[M]>,5<(c~#c~#c1)[M]>,5<(c~#c)[M]>,5<(c~#c~#g)[M]>,5<(c~#c~c1)[M]>,5<(c~#c~#c1)[M]>,5<(c~#c~c1)[M]>,5<(c~#c~#g)[M]>,5<(c~#c~c1)[M]>,5<(c~#c~#c1)[M]>,5<(c~#c)[M]>,5<(c~#c~#g)[M]>,5<(c~#c~c1)[M]>,5<(c~#c~#c1)[M]>,5<(c~#c~c1)[M]>,5<(c~#c~#g)[M]>,5<(c~#c~c1)[M]>,5<(c~#c~#c1)[M]>,5<(c~#c)[M]>,5<(c~#c~#g)[M]>,5<(c~#c~c1)[M]>,5<(c~#c~#c1)[M]>,5<(c~#c~c1)[M]>,5<(c~#c~#g)[M]>,5<(c~#c~c1)[M]>,5<(c~#c~#c1)[M]>,5<(c~#c)[M]>,5<(c~#c~#g)[M]>,5<(c~#c~c1)[M]>,5<(c~#c~#c1)[M]>,5<(c~#c~c1)[M]>,5<(c~#c~#g)[M]>,5<(c~#c)[M]>,5<(c~#c)[M]>,5<(c~#c)[M]>,5<(c~#c)[M]>,5<(c~#c)[M]>,5<(c~#c)[M]>,5<(c~#c)[M]>;"],"id":2},{"bpm":89,"baseBeats":0.25,"scores":["5<(#c~#c1)[M]>,5<(#c~#c1)[M]>,5<(#c~#c1)[M]>,5<(#c~#c1)[M]>,5<(#c~#c1)[M]>,5<(#c~#c1)[M]>,5<(#c~#c1)[M]>,5<(#c~#c1)[M]>,5<(#c~#c1.#c2.#c3)[M]>,5<(#c~#c1.#d2.#d3)[M]>,5<(#c~#c1.#g2.#g3)[M]>,5<(#c~#c1)[M]>,5<(#c~#c1.#c2.#c3)[M]>,5<(#c~#c1.#d2.#d3)[M]>,5<(#c~#c1.#g2.#g3)[M]>,5<(#c~#c1.#d2.#d3)[M]>,5<(#c~#c1.#c2.#c3)[M]>,5<(#c~#c1.#d2.#d3)[M]>,5<(#c~#c.#g2.#g3)[M]>,5<(#c~#c1)[M]>,5<(#c~#c1.#c2.#c3)[M]>,5<(#c~#c1.#d2.#d3)[M]>,5<(#c~#c1.#g2.#g3)[M]>,5<(#c~#c1.#d2.#d3)[M]>,5<(#c~#c1.#c2.#c3)[M]>,5<(#c~#c1.#d2.#d3)[M]>,5<(#c~#c.#g2.#g3)[M]>,5<(#c~#c1)[M]>,5<(#c~#c1.#c2.#c3)[M]>,5<(#c~#c1.#d2.#d3)[M]>,5<(#c~#c1.#g2.#g3)[M]>,5<(#c~#c1.#d2.#d3)[M]>,5<(#c~#c1.#c2.#c3)[M]>,5<(#c~#c1.#d2.#d3)[M]>,5<(#c~#c.#g2.#g3)[M]>,5<(#c~#c1)[M]>,5<(#c~#c1.#c2.#c3)[M]>,5<(#c~#c1.#d2.#d3)[M]>,5<(#c~#c1.#g2.#g3)[M]>,5<(#c~#c1.#d2.#d3)[M]>,(#c.#c1.#c2.#c3)[KL],#c[M],#d[M],#g[MP],#c1[MO],#d1[MOP],#g1[MN],#c2[MNO],#d2[MNOP],#g2[L],#c3[LN],#d3[LNOP],(#d2.#g2.#g3)[JL],(#c1.#c2.#c3)[J],(#c.#g.#c1)[JKLM];"],"id":3}],"audition":{"start":[1,14],"end":[1,29]}}