{"baseBpm":100,"musics":[{"bpm":100,"baseBeats":0.25,"scores":["R;mute[JK],c1[K];c2[KLM],#d2[M],#d2[M],#c2[M],#c2[M],c2[M],c2[M],#c2[M],c2[M],#g1[M];#a1[JK],c1[K];#a1[KLM],#c2[M],#c2[M],c2[M],c2[M],#a1[M],#a1[M],c2[M],#a1[M],g1[M];#g1[JK],f1[K];#d2[KLM],#f2[M],#f2[M],f2[M],f2[M],#d2[M],#d2[M],f2[M],#d2[M],c2[M];#c2[JKM],#d2[M],#c2[M],#a1[M];c2[JKM],g1[M],#d2[M],#c2[M];#c2[LM],5<c2[N],#a2[N]>,c2[KL],f1[L],#f1[L],f1[L];f2[KLM],#g2[M],#g2[M],#f2[M],#f2[M],f2[M],f2[M],#f2[M],f2[M],#c2[M];#d2[JK],f1[K];#d2[KLM],#f2[M],#f2[M],f2[M],f2[M],#d2[M],#d2[M],f2[M],#d2[M],c2[M];#c2[JL],#a1[L],b1[L],#a1[L];#g2[KLM],b2[M],b2[M],#a2[M],#a2[M],#g2[M],#g2[M],a2[M],#g2[M],f2[M];#f2[JKM],#g2[M],#f2[M],#d2[M];f2[JKM],#a1[M],#g2[M],#f2[M];#f2[LM],5<f2[N],#d2[N]>,f2[JK];","F-1[L],c[L],#g[L],c[L],#g[L],c[L],#g[L],c[L];F-1[L],c[L],#g[L],c[L],#g[L],c[L],#g[L],c[L];F-1[L],c[L],#g[L],c[L],#g[L],c[L],#g[L],c[L];F-1[L],c[L],g[L],c[L],g[L],c[L],g[L],c[L];E-1[L],c[L],g[L],c[L],g[L],c[L],g[L],c[L];F-1[L],c[L],#g[L],c[L],#g[L],c[L],#g[L],c[L];A-1[L],f[L],c1[L],f[L],c1[L],f[L],c1[L],f[L];#A-1[L],f[L],#c1[L],f[L],#c1[L],f[L],#c1[L],f[L];G-1[L],e[L],c1[L],e[L],c1[L],e[L],c1[K];F-1[L],#d[L],a[L],#d[L],c1[J];#A-1[L],f[L],#c1[L],f[L],#c1[L],f[L],#c1[L],f[L];c[L],f[L],#d1[L],f[L],#d1[L],f[L],#d1[L],f[L];A-1[L],f[L],c1[L],f[L],c1[L],f[L],c1[L],f[L];#G-1[L],f[L],#c1[L],f[L],#c1[L],f[L],#c1[L],F-1[L];#A-2[L],f[L],d1[L],f[L],d1[L],f[L],d1[L],f[L];#d[L],#a[L],#f1[L],#a[L],#f1[L],#a[L],#d[L],#a[L];#A-1[L],f[L],#c1[L],f[L],#A-1[L],f[L],#c1[K];F-1[L],#d[L],a[L],c1[L],f1[L],a1[L],c2[L],f2[L];"],"id":1,"instruments":["piano","piano"],"alternatives":["",""]},{"bpm":105,"baseBeats":0.25,"scores":["#c3[L],f2[K],c3[M],#c3[M],#d3[L],#c3[L],c3[L],#a2[L];#c3[L],f2[K],c3[M],#c3[M],#d3[L],#c3[L],c3[L],#a2[L];c3[L],f2[K],a2[M],#a2[M],#c3[L],c3[L],#a2[L],a2[L];c3[L],f2[K],a2[M],#a2[M],#c3[L],c3[L],#a2[L],a2[L];(#a1.#a2)[L],(c2.c3)[L],(#c2.#c3)[L],(#d2.#d3)[L];(f2.#g2.#c3.#f3)[L],(#g1.#g2)[K],(#c2.#c3)[M],(#d2.#d3)[M],(#f2.#f3)[L],(f2.f3)[L],(#d2.#d3)[L],(#c2.#c3)[L];(f2.f3)[L],(#g1.#g2)[K],(#c2.#c3)[M],(#d2.#d3)[M],(#f2.#f3)[L],(f2.f3)[L],(#d2.#d3)[L],(#c2.#c3)[L];(#d2.#d3)[L],(f1.f2)[K],(c2.c3)[M],(#c2.#c3)[M],(f2.f3)[L],(#d2.#d3)[L],(#c2.#c3)[L],(c2.c3)[L];(#d2.#d3)[L],(f1.f2)[K],(c2.c3)[M],(#c2.#c3)[M],(f2.f3)[L],(#d2.#d3)[L],(#c2.#c3)[L],(c2.c3)[L];(#c2.f2.#a2.#c3)[JL],(#d2.#d3)[L],(#c2.#c3)[L],(#a1.#a2)[L];(c2.c3)[J],mute[J];mute[JK],c1[K];c2[KLM],#d2[M],#d2[M],#c2[M],#c2[M],c2[M],c2[M],#c2[M],c2[M],#g1[M];#a1[JK],c1[K];#a1[KLM],#c2[M],#c2[M],c2[M],c2[M],#a1[M],#a1[M],c2[M],#a1[M],g1[M];#g1[JK],f1[K];#d2[KLM],#f2[M],#f2[M],f2[M],f2[M],#d2[M],#d2[M],f2[M],#d2[M],c2[M];#c2[JKM],#d2[M],#c2[M],#a1[M];c2[JKM],g1[M],#d2[M],#c2[M];#c2[LM],5<c2[N],#a2[N]>,c2[KLM],5<c1[N],a1[N]>,5<f1[N],c2[N]>,5<f1[N],c2[N]>,5<a1[N],f2[N]>;5<a1[N],f2[N]>,5<c2[N],a2[N]>,5<c2[N],a2[N]>,5<f2[N],c3[N]>,5<f2[N],c3[N]>,5<a2[N],f3[N]>,5<a2[N],f3[N]>,5<c2[N],a3[N]>;5<c2[N],a3[N]>,5<f3[N],c4[N]>,5<f3[N],c4[N]>,5<a3[N],f4[N]>,5<a3[N],c4[N]>,5<a3[N],f4[N]>,5<a3[N],c4[N]>,5<a3[N],f4[N]>;","#A-1[L],f[L],c1[L],f[L],c1[L],f[L],c1[L],f[L];#A-1[L],f[L],#c1[L],f[L],#c1[L],f[L],#c1[L],f[L];A-1[L],f[L],c1[L],f[L],c1[L],f[L],c1[L],f[L];F-1[L],#d[L],c1[L],#d[L],c1[L],#d[L],c1[L],#d[L];(#A-2.#A-1)[K],(#G-2.#G-1)[K];(#C-2.#C-1)[L],(#g.f1)[L],(#c1.#g1)[L],(#g.f1)[L],(#c1.#g1)[L],(#g.f1)[L],(#c1.#g1)[L],(#g.f1)[L];(#C-2.#C-1)[L],(#g.f1)[L],(#c1.#g1)[L],(#g.f1)[L],(#c1.#g1)[L],(#g.f1)[L],(#c1.#g1)[L],(#g.f1)[L];A-1[L],(f.c1)[L],(a.#d1)[L],(f.c1)[L],(a.#d1)[L],(f.c1)[L],(a.#d1)[L],(f.c1)[L];F-1[L],(c.a)[L],(#d1.c1)[L],(c.a)[L],(#d1.c1)[L],(c.a)[L],(#d1.c1)[L],(c.a)[L];#A-1[L],f[L],#c1[L],f[L],f1[L],f[L],#c1[L],f[L];c[L],#a[L],e1[L],g[L],g1[L],e[L],e1[L],c1[L];F-1[L],c[L],#g[L],c[L],#g[L],c[L],#g[L],c[L];F-1[L],c[L],#g[L],c[L],#g[L],c[L],#g[L],c[L];F-1[L],c[L],g[L],c[L],g[L],c[L],g[L],c[L];E-1[L],c[L],g[L],c[L],g[L],c[L],g[L],c[L];F-1[L],c[L],#g[L],c[L],#g[L],c[L],#g[L],c[L];A-1[L],f[L],c1[L],f[L],c1[L],f[L],c1[L],f[L];#A-1[L],f[L],#c1[L],f[L],#c1[L],f[L],#c1[L],f[L];G-1[L],e[L],c1[L],e[L],c1[L],e[L],c1[K];F-1[L],#d[L],a[L],#d[L],a[L],c1[L],c1[K];"],"id":2},{"bpm":110,"baseBeats":0.25,"scores":["(f3.#a3.#c4.f4)[KLM],(#g3.#g4)[M],(#g3.#g4)[M],(#f3.#f4)[M],(#f3.#f4)[M],(f3.f4)[M],(f3.f4)[M],(#f3.#f4)[M],(f3.f4)[M],(#c3.c4)[M];(#d3.a3.c4.#d4)[JK],5<c1[N],#d1[N]>,5<#f1[N],a1[N]>,5<#d1[N],#f1[N]>,5<a1[N],c2[N]>;5<c2[N],#d2[N]>,5<#f2[N],a2[N]>,5<#d2[N],#f2[N]>,5<a2[N],c3[N]>,5<#f2[N],a2[N]>,5<c3[N],#d3[N]>,5<a3[N],c3[N]>,5<#d3[N],#f3[N]>,5<c3[N],#d3[N]>,5<#f3[N],a3[N]>,5<#d3[N],#f3[N]>,5<a3[N],c4[N]>,5<#f3[N],a3[N]>,5<c4[N],#d4[N]>,5<a3[N],c4[N]>,5<#d3[N],#f4[N]>;(c3.a3.c4.#d4)[KLM],(#f3.#f4)[M],(#f3.#f4)[M],(f3.f4)[M],(f3.f4)[M],(#d3.#d4)[M],(#d3.#d4)[M],(f3.f4)[M],(#d3.#d4)[M],(c3.c4)[M];(#c3.f4.#a3.c4)[JK],5<f[N],#a[N]>,5<#c1[N],f1[N]>,5<#a[N],#c1[N]>,5<f1[N],#a1[N]>;5<#c2[N],f2[N]>,5<#a1[N],#c2[N]>,5<f2[N],#a2[N]>,5<#c3[N],f3[N]>,5<#a2[N],#c3[N]>,5<f3[N],#a3[N]>,5<#c3[N],f3[N]>,5<f4[N],#a4[N]>,5<#c3[N],f3[N]>,5<#a3[N],#c4[N]>,5<f3[N],#a3[N]>,5<#c4[N],f4[N]>,5<f3[N],#a3[N]>,5<#c4[N],f4[N]>,5<f3[N],#a3[N]>,5<#c4[N],f4[N]>;(#g2.d3.f3.#g3)[KLM],(b2.b3)[M],(b2.b3)[M],(#a2.#a3)[M],(#a2.#a3)[M],(#g2.#g3)[M],(#g2.#g3)[M],(#a2.#a3)[M],(#g2.#g3)[M],(f2.f2)[M];(#f2.#a2.#d3.#f3)[JKM],(#g2.#g3)[M],(#f2.#f3)[M],(#d2.#d3)[M];(f2.f3)[JKM],(#a1.#a2)[M],(#g1.#g2)[M],(#f2.#f3)[M];(#f2.#f3)[LM],5<(f2.f3)[N],(#d2.#d3)[N]>,(f2.f3)[JK];#c4[L],f3[K],c4[M],#c4[M],#d4[L],#c4[L],c4[L],#a3[L];#c4[L],f3[K],c4[M],#c4[M],#d4[L],#c4[L],c4[L],#a3[L];c4[L],f3[K],a3[M],#a3[M],#c4[L],c4[L],#a3[L],a3[L];c4[L],f3[K],a3[M],#a3[M],#c4[L],c4[L],#a3[L],a3[L];#a3[I];","(#A-2.#A-1)[L],(#c.#a)[L],(f.#c1)[L],(#c.#a)[L],(f.#c1)[L],(#c.#a)[L],(f.#c1)[L],(#c.#a)[L];(A-2.A-1)[L],(c.a)[L],(f.c1)[L],(c.a)[L],(f.c1)[L],#d1[L],#f1[L],#a1[L];c2[L],#d2[L],#f2[L],a2[L],c2[L],#d2[L],#f2[L],a2[L];(A-2.A-1)[L],(c.a)[L],(f.c1)[L],(c.a)[L],(f.c1)[L],#d1[L],#f1[L],#a1[L];(#A-1.#a)[L],(#c1.#a1)[L],(f.#c1)[L],(#c.#a)[L],f[L],#a[L],#c1[L],f1[L];#a1[L],#c1[L],f2[L],#a2[L],#c2[L],f2[L],f2[L],f2[L];(#A-2.#A-1)[L],(f.d1)[L],(#g.f1)[L],(f.d1)[L],(#g.f1)[L],(f.d1)[L],(#g.f1)[L],(f.d1)[L];#A-1[L],(#d.#a)[L],(#f.#d1)[L],(#d.#a)[L],(#f.#d1)[L],(#d.#a)[L],(#f.#d1)[L],(#d.#a)[L];A-1[L],(c.a)[L],(f.c1)[L],(c.a)[L],(f.c1)[L],#d1[L],#f1[L],#a1[L];F-1[L],(c.a)[L],(f.c1)[L],f1[L],a1[L],c2[L],f2[L],c3[L];#a[L],f1[L],c2[L],f1[L],c2[L],f1[L],c2[L],f1[L];#a[L],f1[L],#c2[L],f1[L],#c2[L],f1[L],#c2[L],f1[L];a[L],f1[L],c2[L],f1[L],c2[L],f1[L],c2[L],f1[L];a[L],f1[L],c2[L],f1[L],c2[L],f1[L],c2[L],f1[L];(#a@f@#a1@#c1)[I];"],"id":3}],"audition":{"start":[0,0],"end":[1,20]}}