{"baseBpm":154.5,"musics":[{"id":1,"baseBeats":0.5,"scores":["mute[LM],mute[LM],mute[LM],mute[LM],mute[K],mute[LM],mute[LM],mute[L],mute[LM],mute[LM],mute[L],mute[LM],mute[LM],mute[L],mute[K],mute[L],mute[L],mute[LM],mute[LM],mute[L],mute[LM],mute[LM],mute[L],mute[LM],mute[LM],mute[LM],mute[LM],mute[L],mute[L],mute[LM],mute[LM],mute[L],mute[JO],mute[L],mute[L],mute[L],mute[L],mute[L],mute[L],mute[L],mute[L],mute[L],mute[L],mute[L],mute[L],mute[L],mute[L],mute[L],mute[KLO],mute[K],mute[K],mute[K],mute[L],mute[L],mute[L],mute[L],5<mute[M],mute[M]>,mute[L],mute[L],mute[L],mute[L],5<mute[M],mute[M]>,mute[L],mute[L],mute[L],mute[L],5<mute[M],mute[M]>,5<mute[M],mute[M]>,mute[L],mute[L],mute[L],mute[L],5<mute[M],mute[M]>,mute[L],mute[L],mute[L],mute[L],5<mute[M],mute[M]>,mute[L],mute[L],mute[L],mute[L],mute[L],mute[L],mute[L],mute[L],mute[L],mute[L],5<mute[M],mute[M]>,mute[L],5<mute[M],mute[M]>,mute[L],mute[L],mute[L],5<mute[M],mute[M]>,mute[L],mute[L],5<mute[M],mute[M]>,mute[L],mute[L],mute[L],mute[L],mute[L],mute[L],5<mute[M],mute[M]>,mute[L],mute[L],mute[L],mute[L],mute[L],mute[L],5<mute[M],mute[M]>,mute[L],mute[L],mute[L],mute[L],mute[L],mute[L],mute[L],mute[L],5<mute[M],mute[M]>,mute[L],mute[L],mute[L],mute[L],5<mute[M],mute[M]>,mute[L],mute[L],mute[L],mute[L],mute[L],mute[L],mute[L],mute[L],mute[L],mute[L],5<mute[M],mute[M]>,mute[L],mute[L],mute[L],mute[L],5<mute[M],mute[M]>,mute[L],mute[L],mute[L],mute[L],mute[L],mute[L],mute[L],mute[L],mute[L],mute[L],5<mute[M],mute[M]>,mute[L],5<mute[M],mute[M]>,mute[L],mute[L],mute[L],5<mute[M],mute[M]>,mute[L],mute[L],5<mute[M],mute[M]>,mute[L],mute[L],mute[L],mute[L],mute[L],mute[L],5<mute[M],mute[M]>,mute[L],mute[L],mute[L],mute[L],mute[L],mute[L],mute[L],mute[L],mute[L],mute[L];","(d.A-1.D-1.f2.d2.a1)[LM],(d.A-1.D-1)[LM],(d.A-1.D-1)[LM],(d.A-1.D-1)[LN],(c3.e3)[N],(d.A-1.D-1.d3.f3)[K],(#A-1.F-1.#A-2.e3.c3)[LM],(#A-1.F-1.#A-2.c3.g2)[LM],(#A-1.F-1.#A-2.g2.e2)[L],(c.G-1.C-1.g2.e2)[LM],(c.G-1.C-1.f2.d2)[LM],(c.G-1.C-1.g2.e2)[L],(d.A-1.D-1.f2.d2.a1)[LM],(d.A-1.D-1)[LM],(d.A-1.D-1)[L],a2[M],(d.A-1.D-1)[LM],(d.A-1.D-1.d2.a1)[L],(d.A-1.D-1.e2.c2)[L],(#A-1.F-1.#A-2.#a2.f2.d2)[LM],(#A-1.F-1.#A-2.e2.c2)[LM],(#A-1.F-1.#A-2.d2.a1)[L],(A-1.E-1.A-2.e2.c2.g1)[LM],(g1.e1)[LM],(A-1.E-1.A-2.c2.g1)[L],(G-1.D-1.G-2.d2.b1.g1)[LM],(G-1.D-1.G-2)[LM],(G-1.D-1.G-2)[LM],(G-1.D-1.G-2)[LM],(G-1.D-1.G-2)[L],(G-1.D-1.G-2)[L],(A-1.E-1.A-2.#c2.a1.e1)[LM],(A-1.E-1.A-2.#c2.a1.e1)[LM],(A-1.E-1.A-2.#c2.a1.e1)[L],(A-1.E-1.A-2.#c2.a1.e1)[JO],(#A-2.d2.#a1.f1)[L],(#A-1.F-1)[L],#A-2[L],(#A-1.F-1)[L],#A-2[L],(#A-1.F-1)[L],#A-2[L],(#A-1.F-1)[L],(C-1.c2.g1.e1.c1)[L],(c.G-1)[L],(C-1.c3.g2.e2.c2)[L],(c.G-1)[L],(#C-1.#c2.g1.e1.#c1)[L],(#c.G-1)[L],(#C-1.#c3.g2.e2)[L],(#c.G-1)[KLO],#A-1[K],#A-2[K],(#A-1.#a)[K],(#D-1.#A-1.g1)[L],#d[L],(#D-1.#A-1)[L],(#d.a1)[L],(F-1.c.#a1~mute~mute~e2)[L],(f.f2)[L],(F-1.c.#a1)[L],(f.a1)[L],(#F-1.c.a1)[L],(#f~g1)[L],(#F-1.c)[L],(#f.a1)[L],(G-1.d.#a1)[L],g[L],(G-1.d.#a2~g2)[L],(g.c2~d2)[L],(#A-2.F-1.d2)[L],#A-1[L],(#A-2.F-1)[L],(#A-1.e2)[L],(C-1.G-1.f2~mute~mute~b2)[L],(c.c3)[L],(C-1.G-1.f2)[L],(c.e2)[L],(#C-1.G-1.e2)[L],(#c~d2)[L],(#C-1.G-1)[L],(#c.a1)[L],(D-1.A-1.f2)[L],d[L],(D-1.A-1)[L],d[L],(#D-1.#A-1.g1)[L],#d[L],(#D-1.#A-1)[L],(#d.a1)[L],(F-1.c.#a1~mute~mute~e2)[L],(f.f2)[L],(F-1.c.a1~#a1)[L],(f.c2)[L],(#F-1.c.d2)[L],(#f.#f1)[L],(#F-1.c.g1~mute~mute~a1)[L],(#f.#a1)[L],(G-1.d.a1)[L],(g~g1)[L],(G-1.d)[L],(g.g1)[L],(#A-2.F-1.d2)[L],#A-1[L],(#A-2.F-1)[L],(#A-1.e2)[L],(C-1.G-1.f2~mute~mute~b2)[L],(c.c3)[L],(C-1.G-1.f2)[L],(c.e2)[L],(D-1.A-1.e2)[L],(d.d2)[L],(D-1.A-1.e2)[L],(d.g2.a1~c2)[L],(D-1.A-1.#f2.d2)[L],d[L],(D-1.A-1)[L],(d.d2)[L],(#D-1.#A-1.d2.g1)[L],#d[L],(#D-1.#A-1)[L],(#d.f2.a1)[L],(F-1.c.g2.#a1~mute~mute~e2)[L],(f.f2)[L],(F-1.c.#a1)[L],(f.g2.a1)[L],(#F-1.c.#f2.a1)[L],(#f~d2.g1)[L],(#F-1.c)[L],(#f.#f2.a1)[L],(G-1.d.g2.#a1)[L],g[L],(G-1.d)[L],g[L],(#A-2.F-1.d2)[L],#A-1[L],(#A-2.F-1)[L],(#A-1.e2)[L],(C-1.G-1.f2~mute~mute~b2)[L],(c.c3)[L],(C-1.G-1.f2)[L],(c.e2)[L],(#C-1.G-1.e2)[L],(#c~d2)[L],(#C-1.G-1)[L],(#c.a1)[L],(D-1.A-1.f2)[L],d[L],(D-1.A-1)[L],d[L],(#D-1.#A-1.d2.g1)[L],#d[L],(#D-1.#A-1)[L],(#d.f2.a1)[L],(F-1.c.g2.#a1~mute~mute~e2)[L],(f.f2)[L],(F-1.c.a1.f2~g2)[L],(f.a2.c2)[L],(#F-1.c.#f2.d2)[L],(#f.c2.#f1)[L],(#F-1.c.d2.g1~mute~mute~a1)[L],(#f.#f2.#a1)[L],(G-1.d.g2.a1)[L],(g~g1)[L],(G-1.d.d2)[L],(g.g1)[L],(#A-2.F-1.d2.d1)[L],#A-1[L],(#A-2.F-1)[L],(#A-1.e2.e1)[L],(C-1.G-1.f2.f1~mute~mute~b2)[L],(c.c3.c2)[L],(C-1.G-1.f2.f1)[L],(c.e2.e1)[L],(#A-2.F-1.e2.e1)[L],#A-1[L],(#A-2.F-1)[L],#A-1[L],(#A-2.F-1)[L],#A-1[L],(#A-2.F-1)[L];"]},{"id":2,"baseBeats":0.5,"scores":["5<mute[M],mute[M]>,mute[LM],mute[LM],mute[LM],mute[LM],mute[K],mute[LM],mute[LM],mute[L],mute[LM],mute[LM],mute[L],mute[LM],mute[LM],mute[L],mute[K],mute[L],mute[L],mute[LM],mute[LM],mute[L],mute[LM],mute[LM],mute[L],mute[LM],mute[LM],mute[LM],mute[LM],mute[L],mute[L],mute[LM],mute[LM],mute[L],mute[JO],mute[L],mute[L],mute[L],mute[L],mute[L],mute[L],mute[L],mute[L],mute[L],mute[L],mute[L],mute[L],mute[L],mute[L],mute[L],mute[JLO],mute[L],mute[L],mute[L],mute[L],5<mute[M],mute[M]>,mute[L],mute[L],mute[L],mute[L],5<mute[M],mute[M]>,mute[L],mute[L],mute[L],mute[L],mute[L],mute[L],mute[L],mute[L],mute[L],mute[L],5<mute[M],mute[M]>,mute[L],mute[L],mute[L],mute[L],5<mute[M],mute[M]>,mute[L],mute[L],mute[L],mute[L],mute[L],5<mute[M],mute[M]>,mute[L],mute[L],mute[L],mute[L],5<mute[M],mute[M]>,mute[L],5<mute[M],mute[M]>,mute[L],mute[L],mute[L],mute[L],mute[L],mute[L],5<mute[M],mute[M]>,mute[L],mute[L],mute[L],mute[L],mute[L],mute[L],mute[L],mute[L],mute[L],mute[L],mute[L],mute[L],mute[L],5<mute[M],mute[M]>,mute[L],mute[L],mute[L],mute[L],mute[L],mute[L],mute[L],mute[L],5<mute[M],mute[M]>,mute[L],mute[L],mute[L],mute[L],5<mute[M],mute[M]>,mute[L],mute[L],mute[L],mute[L],mute[L],mute[L],mute[L],mute[L],mute[L],mute[L],5<mute[M],mute[M]>,mute[L],mute[L],mute[L],mute[L],5<mute[M],mute[M]>,mute[L],mute[L],mute[L],mute[L],mute[L],mute[L],mute[L],mute[L],mute[L],mute[L],5<mute[M],mute[M]>,mute[L],5<mute[M],mute[M]>,mute[L],mute[L],mute[L],5<mute[M],mute[M]>,mute[L],mute[L],5<mute[M],mute[M]>,mute[L],mute[L],mute[L],mute[L],mute[L],mute[L],mute[L],mute[L],mute[L],mute[L];","(#A-1.a1~c2)[L],(d.A-1.D-1.f2.d2.a1)[LM],(d.A-1.D-1)[LM],(d.A-1.D-1)[LM],(d.A-1.D-1)[LN],(c3.e3)[N],(d.A-1.D-1.d3.f3)[K],(#A-1.F-1.#A-2.e3.c3)[LM],(#A-1.F-1.#A-2.c3.g2)[LM],(#A-1.F-1.#A-2.g2.e2)[L],(c.G-1.C-1.g2.e2)[LM],(c.G-1.C-1.f2.d2)[LM],(c.G-1.C-1.g2.e2)[L],(d.A-1.D-1.f2.d2.a1)[LM],(d.A-1.D-1)[LM],(d.A-1.D-1)[L],a2[M],(d.A-1.D-1)[LM],(d.A-1.D-1.d2.a1)[L],(d.A-1.D-1.e2.c2)[L],(#A-1.F-1.#A-2.#a2.f2.d2)[LM],(#A-1.F-1.#A-2.e2.c2)[LM],(#A-1.F-1.#A-2.d2.a1)[L],(A-1.E-1.A-2.e2.c2.g1)[LM],(g1.e1)[LM],(A-1.E-1.A-2.c2.g1)[L],(G-1.D-1.G-2.d2.b1.g1)[LM],(G-1.D-1.G-2)[LM],(G-1.D-1.G-2)[LM],(G-1.D-1.G-2)[LM],(G-1.D-1.G-2)[L],(G-1.D-1.G-2)[L],(A-1.E-1.A-2.#c2.a1.e1)[LM],(A-1.E-1.A-2.#c2.a1.e1)[LM],(A-1.E-1.A-2.#c2.a1.e1)[L],(A-1.E-1.A-2.#c2.a1.e1)[JO],(#A-2.d2.#a1.f1)[L],(#A-1.F-1)[L],#A-2[L],(#A-1.F-1)[L],#A-2[L],(#A-1.F-1)[L],#A-2[L],(#A-1.F-1)[L],(C-1.c2.g1.e1.c1)[L],(c.G-1)[L],(C-1.c3.g2.e2.c2)[L],(c.G-1)[L],(#C-1.#c2.g1.e1.#c1)[L],(#c.G-1)[L],(#C-1.#c3.g2.e2)[L],(#c.G-1)[JLO],(#D-1.g1)[L],#A-1[L],#D-1[L],(#A-1.a1)[L],(F-1.#a1~mute~mute~e2)[L],(c.f2)[L],(F-1.#a1)[L],(c.a1)[L],(#F-1.a1)[L],(c~g1)[L],#F-1[L],(c.a1)[L],(G-1.#a1)[L],d[L],G-1[L],d[L],(#A-2.d1)[L],F-1[L],#A-2[L],(F-1.e1)[L],(C-1.f1~mute~mute~b1)[L],(G-1.c2)[L],(C-1.f1)[L],(G-1.e1)[L],(#C-1.e1)[L],(G-1~d1)[L],#C-1[L],(G-1.a)[L],(D-1.f1)[L],A-1[L],D-1[L],(A-1~f1)[L],(#D-1.g1)[L],#A-1[L],#D-1[L],(#A-1.a1)[L],(F-1.#a1~mute~mute~e2)[L],(c.f2)[L],(F-1.a1~#a1)[L],(c.c2)[L],(#F-1.d2)[L],(c.#f1)[L],(#F-1.g1)[L],(c.#a1)[L],(G-1.a1)[L],(d~g1)[L],G-1[L],(d.g1)[L],(#A-2.d1)[L],F-1[L],#A-2[L],(F-1.e1)[L],(C-1.f1)[L],(G-1.c2)[L],(C-1.f1)[L],(G-1.e1)[L],(D-1.e1)[L],A-1[L],D-1[L],(A-1.#f~c1)[L],(D-1.d1)[L],A-1[L],D-1[L],(A-1.d1)[L],(#D-1.g1)[L],#A-1[L],#D-1[L],(#A-1.a1)[L],(F-1.#a1~mute~mute~e2)[L],(c.f2)[L],(F-1.#a1)[L],(c.a1)[L],(#F-1.a1)[L],(c~g1)[L],#F-1[L],(c.a1)[L],(G-1.#a1)[L],d[L],G-1[L],d[L],(#A-2.d1)[L],F-1[L],#A-2[L],(F-1.e1)[L],(C-1.f1~mute~mute~b1)[L],(G-1.c2)[L],(C-1.f1)[L],(G-1.e1)[L],(#C-1.e1)[L],(G-1~d1)[L],#C-1[L],(G-1.a)[L],(D-1.f1)[L],A-1[L],D-1[L],A-1[L],(#D-1.g1)[L],#A-1[L],#D-1[L],(#A-1.a1)[L],(F-1.#a1~mute~mute~e2)[L],(c.f2)[L],(F-1.a1~#a1)[L],(c.c2)[L],(#F-1.d2)[L],(c.#f1)[L],(#F-1.g1~mute~mute~a1)[L],(c.#a1)[L],(G-1.a1)[L],(d~g1)[L],G-1[L],(d.g1)[L],(#A-2.d1)[L],F-1[L],#A-2[L],(F-1.e1)[L],(C-1.f1)[L],(G-1.c2)[L],(C-1.f1)[L],(G-1.e1)[L];"]},{"id":3,"baseBeats":0.5,"scores":["mute[K],mute[K],mute[K],mute[L],mute[L],mute[L],mute[L],mute[L],mute[L],5<mute[M],mute[M]>,mute[L],mute[L],mute[L],mute[L],5<mute[M],mute[M]>,mute[L],mute[L],mute[L],mute[L],5<mute[M],mute[M]>,5<mute[M],mute[M]>,mute[L],mute[L],mute[L],mute[L],5<mute[M],mute[M]>,mute[L],mute[L],mute[L],mute[L],5<mute[M],mute[M]>,mute[L],mute[L],mute[L],mute[L],mute[L],mute[L],mute[L],mute[L],mute[L],mute[L],5<mute[M],mute[M]>,mute[L],5<mute[M],mute[M]>,mute[L],mute[L],mute[L],5<mute[M],mute[M]>,mute[L],mute[L],5<mute[M],mute[M]>,mute[L],mute[L],mute[L],mute[L],mute[L],mute[L],5<mute[M],mute[M]>,mute[L],mute[L],mute[L],mute[L],mute[L],mute[L],5<mute[M],mute[M]>,mute[L],mute[L],mute[L],mute[L],mute[L],mute[L],mute[L],mute[L],5<mute[M],mute[M]>,mute[L],mute[L],mute[L],mute[L],5<mute[M],mute[M]>,mute[L],mute[L],mute[L],mute[L],mute[L],mute[L],mute[L],mute[L],mute[L],mute[L],5<mute[M],mute[M]>,mute[L],mute[L],mute[L],mute[L],5<mute[M],mute[M]>,mute[L],mute[L],mute[L],mute[L],mute[L],mute[L],mute[L],mute[L],mute[L],mute[L],5<mute[M],mute[M]>,mute[L],5<mute[M],mute[M]>,mute[L],mute[L],mute[L],5<mute[M],mute[M]>,mute[L],mute[L],5<mute[M],mute[M]>,mute[L],mute[L],mute[L],mute[L],mute[L],mute[L],5<mute[M],mute[M]>,mute[L],mute[L],mute[L],mute[L],mute[L],mute[L],mute[L],mute[L],mute[L],mute[L],mute[L];","(A-1.D-1.e1)[K],(a1.f1)[K],c1[K],d1[L],f1[L],(#D-1.#A-1.g1)[L],#d[L],(#D-1.#A-1)[L],(#d.a1)[L],(F-1.c.#a1~mute~mute~e2)[L],(f.f2)[L],(F-1.c.#a1)[L],(f.a1)[L],(#F-1.c.a1)[L],(#f~g1)[L],(#F-1.c)[L],(#f.a1)[L],(G-1.d.#a1)[L],g[L],(G-1.d.#a2~g2)[L],(g.c2~d2)[L],(#A-2.F-1.d2)[L],#A-1[L],(#A-2.F-1)[L],(#A-1.e2)[L],(C-1.G-1.f2~mute~mute~b2)[L],(c.c3)[L],(C-1.G-1.f2)[L],(c.e2)[L],(#C-1.G-1.e2)[L],(#c~d2)[L],(#C-1.G-1)[L],(#c.a1)[L],(D-1.A-1.f2)[L],d[L],(D-1.A-1)[L],d[L],(#D-1.#A-1.g1)[L],#d[L],(#D-1.#A-1)[L],(#d.a1)[L],(F-1.c.#a1~mute~mute~e2)[L],(f.f2)[L],(F-1.c.a1~#a1)[L],(f.c2)[L],(#F-1.c.d2)[L],(#f.#f1)[L],(#F-1.c.g1~mute~mute~a1)[L],(#f.#a1)[L],(G-1.d.a1)[L],(g~g1)[L],(G-1.d)[L],(g.g1)[L],(#A-2.F-1.d2)[L],#A-1[L],(#A-2.F-1)[L],(#A-1.e2)[L],(C-1.G-1.f2~mute~mute~b2)[L],(c.c3)[L],(C-1.G-1.f2)[L],(c.e2)[L],(#C-1.G-1.e2)[L],(#c.d2)[L],(#C-1.G-1.e2)[L],(#c.g2.#f1~c2)[L],(D-1.A-1.#f2.d2)[L],d[L],(D-1.A-1)[L],(d.d2)[L],(#D-1.#A-1.d2.g1)[L],#d[L],(#D-1.#A-1)[L],(#d.f2.a1)[L],(F-1.c.g2.#a1~mute~mute~e2)[L],(f.f2)[L],(F-1.c.#a1)[L],(f.g2.a1)[L],(#F-1.c.#f2.a1)[L],(#f~d2.g1)[L],(#F-1.c)[L],(#f.#f2.a1)[L],(G-1.d.g2.#a1)[L],g[L],(G-1.d)[L],g[L],(#A-2.F-1.d2)[L],#A-1[L],(#A-2.F-1)[L],(#A-1.e2)[L],(C-1.G-1.f2~mute~mute~b2)[L],(c.c3)[L],(C-1.G-1.f2)[L],(c.e2)[L],(#C-1.G-1.e2)[L],(#c~d2)[L],(#C-1.G-1)[L],(#c.a1)[L],(D-1.A-1.f2)[L],d[L],(D-1.A-1)[L],d[L],(#D-1.#A-1.d2.g1)[L],#d[L],(#D-1.#A-1)[L],(#d.f2.a1)[L],(F-1.c.g2.#a1~mute~mute~e2)[L],(f.f2)[L],(F-1.c.a1.f2~g2)[L],(f.a2.c2)[L],(#F-1.c.#f2.d2)[L],(#f.c2.#f1)[L],(#F-1.c.d2.g1~mute~mute~a1)[L],(#f.#f2.#a1)[L],(G-1.d.g2.a1)[L],(g~g1)[L],(G-1.d.d2)[L],(g.g1)[L],(#A-2.F-1.d2.d1)[L],#A-1[L],(#A-2.F-1)[L],(#A-1.e2.e1)[L],(C-1.G-1.f2.f1~mute~mute~b2)[L],(c.c3.c2)[L],(C-1.G-1.f2.f1)[L],(c.e2.e1)[L],(D-1.A-1.e2.e1)[L],d[L],(D-1.A-1)[L],d[L],(D-1.A-1)[L],d[L],(D-1.A-1)[L],d[L];"]}]}