{"baseBpm":63,"musics":[{"bpm":63,"baseBeats":0.25,"scores":["(a.a1)[M],(a.a1)[M],(A-1.#f.#f1)[M],(e1.e)[M],(a1.a)[L],(A-1.#f.#f1)[K],A-1[K],A-1[L],(a.a1)[M],(a.a1)[M],(#f.#f1.A-1)[M],(e1.e)[M],(a.a1)[L],(A-1.#c1.#c2)[K],A-1[K],A-1[L],(a.a1)[M],(a.a1)[M],(A-1.#f1.#f)[M],(e1.e)[M],(a1.a)[L],(A-1.#f1.#f)[K],A-1[K],(d2.d1)[L],(#c2.#c1.e1)[KL],(d2.d1)[L],(#c2.#c1)[KL],(e2.e1)[L],(#d1.b.#d2.#f1)[KL],(#d2.#d1)[L],(#d2.#d1)[KL],(#f1.#f2)[L],(d1.#f1.#f2)[LM],(a.a1)[M],(a1.a)[JL],(a1.a)[L],(b.b1.#c1.e1)[M],(#c1.#c2)[L],(#c1.#c2)[KM],A-1[L],A-1[L],A-1[M],E-1[M],(#F-1.d1.d2)[M],E-1[M],(A-1.#c2.#c1)[L],A-1[L],A-1[M],E-1[M],(#F-1.#f1.#f2)[M],E-1[M],(A-1.e2.e1)[L],A-1[L],A-1[M],E-1[M],(#F-1.#f1.#f2)[M],E-1[M],(b.#d1.B-1.#f1.#f2)[L],B-1[L],B-1[M],A-1[M],(#F-1.b1.b)[M],A-1[M],(B-1.b1.b)[L],B-1[L],B-1[M],A-1[M],(#F-1.#f2.#f1)[M],A-1[M],(#f1.#f2.d.d1)[L],d[L],d[M],B-1[M],(A-1.e2.e1)[M],(B-1.d2.d1)[M],(d.e2.e1)[M],(#f2.#f1)[M],d[L],d[M],B-1[M],A-1[M],(a1.a.B-1)[M],(e1.#c1.A-1.b.b1)[M],5<W,(#c1.#c2)[N]>,A-1[M],(#c1.#c2)[M],A-1[M],E-1[M],#F-1[M],E-1[M],A-1[L],A-1[L],A-1[M],E-1[M],(a1.a2.#F-1)[M],E-1[M],(a1.a2.A-1)[L],A-1[L],A-1[M],E-1[M],(b2.b1.#F-1)[M],E-1[M],(A-1.a2.a1)[M],a[M],(e1.A-1)[M],a1[M],A-1[M],E-1[M],(#F-1.a2.a1)[M],E-1[M],(b.B-1.a2.a1.#d1.#f1)[L],B-1[L],B-1[M],(A-1.#f1.#f2)[M],#F-1[M],(A-1.#f2.#f1)[M],B-1[M],(b.#d1.#d2)[M],(#f1.B-1)[M],a1[M],B-1[M],A-1[M],#F-1[M],A-1[M],(d.a1.a2.a.d1)[M],5<W,b[N]>,d[L],d[M],(B-1.b1.b2)[M],A-1[M],B-1[M],(a1.a2.d)[M],b[M],(d1.d)[M],#f1[M],(a1.d)[M],(B-1.a.a1)[M],A-1[M],B-1[M],(e1.#c1.b1.b.A-1.a)[M],(#c1.#c2)[M],(e1.A-1)[M],(a1.#c1.#c2)[M],A-1[M],E-1[M],#F-1[M],E-1[M],5<(e2.A-1)[N],#c2[N]>,a[M],5<(#f.c2)[N],b1[N]>,5<(e.a1)[N],#f1[N]>,5<c1[N],#c1[N]>,5<(#c.e1)[N],#f1[N]>,(a1.B-1)[M],(#c1.#c2.A-1)[M],(#f1.#F-1.#c1.a.#f.a1.#c2)[LM],#F-1[M],(a.#F-1.#c1.#f1)[L],(#f2.#f1)[M],5<E-1[N],F-1[N]>,(a.#f.#F-1.#c1.#c2)[LM],#F-1[M],#F-1[LM],(#c2.#c1.A-1)[M],(a.#f.d1.d.b.b1)[LM],(d.a1.a)[M],d[L],(#f1.#f)[M],5<(A-1.a1.a)[N],B-1[N]>,d[M],d1[M],5<f1[N],#f1[N]>,(d.a1)[M],(b1.d)[M],#c[M],(a1.B-1.#c2.#c1)[M],5<A-1[N],e1[N]>,(#c1.#f1.#F-1.#c2)[LM],#F-1[M],#F-1[M],(d1.d2)[L],5<(E-1.#c2.#c1)[N],F-1[N]>,#F-1[LM],#c[M],#f[M],(#f2.#f1)[L],(#f2.#f1.#c)[M],(#g.b.e.e1)[M],(e.e1.e2)[M],e[M],e[M],e[M],(#f1.#f2.e)[M],e[M],(B-1.e1.e2)[M],E-1[M],E-1[M],E-1[M],E-1[M],E-1[M],E-1[M],5<E-1[N],(#f2.#f1)[N]>,E-1[M],(#f1.a.d1.d.#f2)[M],d[M],B-1[M],A-1[M],d[M],d[M],(B-1.e1.e2)[M],(A-1.d2.d1)[M],5<d[N],(#f1.#f2)[N]>,d[M],B-1[M],A-1[M],d[M],(d.a1.a)[M],B-1[M],A-1[M],(e1.#c1.b1.b.A-1)[M],(A-1.#c1.#c2)[M],#F-1[M],5<(A-1.E-1)[N],A-1[N]>,A-1[M],A-1[M],#F-1[M],5<(E-1.A-1)[N],A-1[N]>,A-1[M],A-1[M],#F-1[M],5<(E-1.A-1)[N],A-1[N]>,A-1[M],5<A-1[N],A-1[N]>,5<(A-1.#F-1.#f1.#f2)[N],A-1[N]>,5<(E-1.A-1)[N],A-1[N]>,(d1.#f1.#f2.A-1.d)[M],d[M],B-1[M],A-1[M],d[M],d[M],(B-1.a1.a2)[M],A-1[M],(d.a1.a2)[M],d[M],B-1[M],A-1[M],d[M],(d.a1.a)[M],B-1[M],A-1[M],(e1.A-1.#c1.b1.b)[M],(A-1.#c1.#c2)[M],#F-1[M],5<E-1[N],A-1[N]>,A-1[M],A-1[M],#F-1[M],5<(E-1.A-1)[N],A-1[N]>,A-1[M],A-1[M],#F-1[M],5<(E-1.e.a.A-1)[N],A-1[N]>,A-1[M],5<A-1[N],A-1[N]>,5<(#F-1.A-1.e2.e1)[N],A-1[N]>,5<(E-1.A-1)[N],A-1[N]>,"],"id":1,"instruments":["piano"],"alternatives":[""]},{"bpm":63,"baseBeats":0.25,"scores":["(e1.b.#g1.E-1.e2)[M],E-1[M],E-1[M],E-1[M],E-1[M],E-1[M],(E-1.g1.g2)[M],E-1[M],(g1.d1.G-1.g2)[M],G-1[M],G-1[M],G-1[M],G-1[M],G-1[M],G-1[M],G-1[M],(#f1.d.d1.a.a1.a2)[M],d[M],B-1[M],(A-1.d2.d1)[M],5<d[N],(d2.d1)[N]>,d[M],B-1[M],A-1[M],d[M],d[M],B-1[M],A-1[M],(d.a2.a1)[M],5<d[N],(a2.a1)[N]>,B-1[M],(a2.a1.A-1)[M],(b.e1.e.a1.a2)[M],(e.#g2.#g1)[M],B-1[M],#c[M],e[M],e[M],B-1[M],#c[M],e[M],e[M],B-1[M],#c[M],#f[M],e[M],(#c.d1.d2)[M],B-1[M],(e1.a.#c1.A-1.#c2)[L],A-1[L],A-1[M],E-1[M],(#F-1.d2.d1)[M],E-1[M],(A-1.#c2.#c1)[L],A-1[L],A-1[M],E-1[M],(#F-1.e1.e2)[M],E-1[M],(#f1.#d1.b.a.B-1.#d2)[L],B-1[L],B-1[M],A-1[M],#F-1[M],(#d1.#d2.A-1)[M],(B-1.#d1.#d2)[L],B-1[L],B-1[M],A-1[M],(#F-1.#f1.#f2)[M],A-1[M],(d1.d.#f2.#f1)[L],d[L],d[M],B-1[M],(A-1.e1.e2)[M],(B-1.d2.d1)[M],(d.e2.e1)[M],5<W,(#f1.#f2)[N]>,d[L],d[M],B-1[M],A-1[M],(a.a1.B-1)[M],(e1.#c1.b.b1.A-1)[M],5<W,(#c1.#c2)[N]>,A-1[M],(#c1.#c2)[M],5<(#c2.A-1.#c1)[N],(d1.d2)[N]>,5<(#F-1.#c2.#c1)[N],(d1.d2)[N]>,5<(#c2.#c1.E-1)[N],(d2.d1)[N]>,5<(#F-1.#c2.#c1)[N],(d1.d2)[N]>,5<(#c2.A-1.#c1)[N],(d1.d2)[N]>,5<(#c1.#c2)[N],(d1.d2)[N]>,5<(#c2.#c1.A-1)[N],(d1.d2)[N]>,5<(#c2.#c1)[N],(d2.d1)[N]>,(#c1.A-1.#c2)[M],E-1[M],(#F-1.a1.a2)[M],E-1[M],(A-1.a2.a1)[L],A-1[L],A-1[M],E-1[M],(#F-1.b1.b2)[M],E-1[M],(A-1.a2.a1)[M],a[M],(A-1.e1)[M],a1[M],A-1[M],E-1[M],(#F-1.a1.a2)[M],E-1[M],(b.#d1.#f1.B-1.a1.a2)[L],B-1[L],B-1[M],A-1[M],(#F-1.#f1.#f2)[M],(A-1.#f2.#f1)[M],B-1[M],b[M],(B-1.#f1.#d2.#d1)[M],a1[M],B-1[M],A-1[M],(#F-1.a2.a1)[M],A-1[M],(d.d1.a2.a1)[L],d[M],(b2.b1)[M],d[M],A-1[M],B-1[M],(A-1.a1.a2)[M],d[M],b[M],(d1.d)[M],5<#f1[N],d[N]>,(a1.d)[M],(B-1.#f1.#f2)[M],A-1[M],B-1[M],(e1.#c1.A-1.a.a1.a2)[L],(e1.A-1)[M],(a1.a2)[M],A-1[M],E-1[M],#F-1[M],E-1[M],(A-1.d2)[M],#c2[M],5<(A-1.b1)[N],a1[N]>,5<#f1[N],e1[N]>,(#c1.A-1.a)[M],E-1[M],#F-1[M],(E-1.e1.a1.#c2.a)[M],(d1.#f1.d2.d.a1)[L],d[M],5<W,d[N]>,d[M],A-1[M],B-1[M],(A-1.a1.#c2.e1)[M],(d2.a1.#f1.d)[L],d[M],5<W,d[N]>,(#f1.a1.d2.d)[M],(A-1.a1.#c2.e1)[M],(#f1.d2.a1.B-1)[M],(#c2.a1.e1.A-1)[M],(e1.#c1.a1.A-1)[M],A-1[M],#F-1[M],E-1[M],A-1[M],A-1[M],#F-1[M],E-1[M],(e2.a2.A-1)[M],(A-1.a2.e2)[M],5<(#f2.#F-1)[N],e2[N]>,5<(d2.E-1)[N],#c2[N]>,5<(d2.A-1)[N],e2[N]>,5<(d2.A-1)[N],#c2[N]>,5<(c2.#F-1)[N],b1[N]>,5<(a1.E-1)[N],#f1[N]>,(d.d1.#f1.a1.d2)[M],5<#f1[N],a1[N]>,d[M],5<W,d[N]>,d[M],A-1[M],B-1[M],(A-1.a1)[M],d[L],5<(d.d3)[N],#c3[N]>,5<b2[N],(d.a2)[N]>,5<(d.#f2)[N],f2[N]>,5<(A-1.e2)[N],d2[N]>,5<(B-1.b1)[N],a1[N]>,5<(A-1.#f1)[N],f1[N]>,(a1.e1.A-1.#c1)[M],A-1[M],#F-1[M],E-1[M],5<A-1[N],a[N]>,5<(c1.A-1)[N],#c1[N]>,5<(e1.#F-1)[N],f1[N]>,5<(E-1.#f1)[N],a1[N]>,5<A-1[N],a1[N]>,5<(A-1.#f1)[N],a1[N]>,#F-1[M],E-1[M],A-1[M],A-1[M],#F-1[M],(E-1.a1.#c2.e1)[M],(#f1.d2.d1.d)[L],d[L],d[M],A-1[M],B-1[M],(A-1.e1.#c2.a1)[M],(a1.d2.#f1.d)[L],d[M],5<W,d[N]>,(#f1.a1.d2.d)[M],(A-1.a1.e1.#c2)[M],(B-1.d2.a1.#f1)[M],(A-1.a1.e1.#c2)[M],(a1.A-1.e1.#c1)[L],A-1[M],5<W,(A-1.#f2)[N]>,A-1[M],E-1[M],#F-1[M],E-1[M],5<(#f2.A-1)[N],a2[N]>,5<#f2[N],e2[N]>,5<(#c2.A-1)[N],c2[N]>,5<b1[N],a1[N]>,5<(b1.A-1)[N],c2[N]>,5<(E-1.b1)[N],a1[N]>,5<(#F-1.#f1)[N],e1[N]>,5<(#f1.E-1)[N],b1[N]>,(#f1.d1.d.a1.d2)[L],d[L],d[M],A-1[M],5<(#f1.B-1)[N],#f1[N]>,5<(A-1.a1)[N],#f1[N]>,(#f2.d)[L],d[M],5<W,d[N]>,d[M],(A-1.#f2)[M],5<(B-1.e2)[N],#c2[N]>,5<(A-1.d2)[N],#c2[N]>,(#c1.A-1.e1.a2.a1)[L],A-1[M],5<W,A-1[N]>,A-1[M],E-1[M],#F-1[M],(#c3.E-1)[M],5<A-1[N],c3[N]>,5<b2[N],a2[N]>,5<(A-1.#f2)[N],e2[N]>,5<#c2[N],#f1[N]>,(A-1.a1)[M],E-1[M],(e2.e1.#F-1)[M],E-1[M],(e1.#g1.b.E-1.e2)[M],(#g1.b.e1)[M],5<(#g1.E-1)[N],a1[N]>,5<#g1[N],(E-1.#f1)[N]>,(#g1.E-1)[M],E-1[M],(g1.g2.E-1)[M],E-1[M],(g1.d1.G-1.g2)[L],(G-1.d1)[M],5<a1[N],(G-1.e2)[N]>,(G-1.d2)[M],E-1[M],(a2.a1.G-1)[M],E-1[M],(d1.#f1.a.d2.d.a1.a2)[L],d[M],5<(d1.d2)[N],d[N]>,(d.d1.d2)[M],A-1[M],5<B-1[N],d2[N]>,A-1[M],d[L],d[M],5<W,d[N]>,(a1.a2.d)[M],5<A-1[N],(a2.a1)[N]>,B-1[M],(A-1.a2.a1)[M],(a2.a1.E-1.e2.a.d1.e.#f1)[M],5<W,(a2.a1)[N]>,E-1[M],5<(a2.a1)[N],E-1[N]>,(a2.a1.E-1)[M],5<E-1[N],(a2.a1)[N]>,E-1[M],(E-1.a2.a1)[M],(e1.#g1.#f3.#f2.E-1.b)[M],#f[M],(e2.e3)[M],e[L],#c[M],"],"id":2,"instruments":["piano"],"alternatives":[""]},{"bpm":63,"baseBeats":0.25,"scores":["(B-1.a2.a1)[M],#c[M],(#f1.d.a.d1.a2.a1)[M],d[M],B-1[M],A-1[M],d[M],d[M],(B-1.#f1.#f2)[M],A-1[M],(d.#f1.#f2)[M],d[M],B-1[M],A-1[M],d[M],(d.a1.a)[M],B-1[M],A-1[M],(e1.#c1.A-1.b1.b)[M],(A-1.#c2.#c1)[M],#F-1[M],5<(E-1.#c1.#c2.A-1)[N],A-1[N]>,A-1[M],A-1[M],#F-1[M],5<(E-1.A-1)[N],A-1[N]>,A-1[M],A-1[M],#F-1[M],5<(E-1.A-1)[N],A-1[N]>,A-1[M],5<A-1[N],A-1[N]>,5<(A-1.#F-1.#f2.#f1)[N],A-1[N]>,5<(E-1.A-1)[N],A-1[N]>,(d1.#f1.d.#f2)[M],d[M],B-1[M],A-1[M],d[M],d[M],(B-1.a2.a1)[M],A-1[M],(d.a2.a1)[M],d[M],B-1[M],A-1[M],d[M],(d.a.a1)[M],B-1[M],A-1[M],(A-1.d2.d1)[M],(A-1.#c1.#c2)[M],#F-1[M],5<(E-1.A-1)[N],A-1[N]>,A-1[M],A-1[M],#F-1[M],5<(E-1.A-1)[N],A-1[N]>,A-1[M],A-1[M],#F-1[M],5<(E-1.A-1)[N],A-1[N]>,A-1[M],5<A-1[N],A-1[N]>,5<(A-1.#F-1)[N],A-1[N]>,5<(E-1.A-1)[N],A-1[N]>,(e1.E-1.#g1.b.e2)[L],E-1[M],5<W,E-1[N]>,E-1[M],E-1[M],(E-1.g2.g1)[M],E-1[M],(d1.g1.G-1.g2)[L],G-1[M],5<W,G-1[N]>,G-1[M],G-1[M],(a2.a1)[M],G-1[M],(d2.d.d1.a.#f1.a2.a1)[L],d[M],5<(d2.d1)[N],d[N]>,(d.d2.d1)[M],A-1[M],B-1[M],A-1[M],d[L],d[M],5<W,d[N]>,(d.a1.a2)[M],5<A-1[N],(a1.a2)[N]>,B-1[M],(A-1.a2.a1)[M],(#g1.e.e1.b.e2.#c2.#c3)[M],(b2.b1)[M],e[M],5<W,e[N]>,e[M],B-1[M],#c[M],B-1[M],E-1[J],(d.d2)[M],d[M],B-1[M],A-1[M],d[M],d[M],B-1[M],A-1[M],d[M],d[M],B-1[M],A-1[M],d[M],d[M],B-1[M],(A-1.a1)[M],A-1[M],A-1[M],#F-1[M],E-1[M],A-1[M],A-1[M],#F-1[M],E-1[M],(A-1.a1.a)[M],(A-1.a1.a)[M],(#F-1.#f1.#f)[M],(E-1.e1.e)[M],(A-1.#f1.#f)[M],A-1[M],(#F-1.a.a1)[M],E-1[M],(d.d2)[M],d[M],B-1[M],A-1[M],d[M],d[M],B-1[M],A-1[M],d[M],d[M],B-1[M],A-1[M],d[M],d[M],B-1[M],(A-1.a1)[M],(A-1.a1.a)[M],(A-1.a.a1)[M],(#F-1.#f1.#f)[M],(E-1.e.e1)[M],(A-1.a1.a)[M],A-1[M],(#F-1.#f.#f1)[M],E-1[M],(a.a1.A-1)[L],(#f1.#f)[L],(a.a1)[L],(#f.#f1)[L],(a.a1)[L],(#f.#f1)[L],(#c.#c2.a1.e1.a.#c1)[L],(a1.d2.#f1.a.d1.#f)[M],(e1.#c2.a1)[M],(#f1.a1.d2.d.a.d1)[M],d[M],B-1[M],A-1[M],d[M],d[M],B-1[M],(A-1.e1.#c2.a1)[M],(d.d2.a1.#f1)[M],d[M],B-1[M],A-1[M],(d.#f1.a1.d2)[M],(d.e1.#c2.a1)[M],(B-1.a1.d2.#f1)[M],(A-1.#c2.a1.e1)[M],(#c1.e1.a1.A-1)[M],A-1[M],#F-1[M],E-1[M],A-1[M],A-1[M],#F-1[M],E-1[M],A-1[M],A-1[M],#F-1[M],E-1[M],A-1[M],A-1[M],#F-1[M],(a1.#c2.e1.E-1)[M],(d1.#f1.d2.a1.d)[M],d[M],B-1[M],A-1[M],d[M],d[M],B-1[M],(A-1.a1.#c2.e1)[M],(d.d2.a1.#f1)[M],d[M],B-1[M],A-1[M],(d.#f1.a1.d2)[M],(d.e1.#c2.a1)[M],(B-1.#f1.a1.d2)[M],(A-1.#c2.e1.a1)[M],(e1.A-1.#c1.a1)[M],A-1[M],#F-1[M],E-1[M],A-1[M],A-1[M],#F-1[M],E-1[M],A-1[M],A-1[M],#F-1[M],E-1[M],A-1[M],A-1[M],(#f.#F-1)[M],(E-1.e)[M],5<(#f1.d1.d2.d)[N],e1[N]>,5<(d.#f1)[N],#g1[N]>,5<(a1.B-1)[N],b1[N]>,5<(A-1.#c2)[N],d2[N]>,(d2.d)[M],d[M],B-1[M],A-1[M],5<(d1.d)[N],e1[N]>,5<(d.#f1)[N],#g1[N]>,5<(a1.B-1)[N],b1[N]>,5<(#c2.A-1)[N],d2[N]>,d[M],d[M],B-1[M],A-1[M],5<(e1.#c1.a1.A-1.a)[N],b[N]>,5<(A-1.#c1)[N],d1[N]>,5<(#F-1.e1)[N],#f1[N]>,(E-1.#g1)[M],A-1[M],A-1[M],#F-1[M],E-1[M],5<(A-1.#c1)[N],d1[N]>,5<(A-1.e1)[N],#f1[N]>,5<(#F-1.#g1)[N],a1[N]>,5<(E-1.b1)[N],#c2[N]>,A-1[M],A-1[M],#F-1[M],E-1[M],5<(d1.#f1.d2.d)[N],e1[N]>,5<(d.#f1)[N],#g1[N]>,5<(a1.B-1)[N],b1[N]>,5<(#c2.A-1)[N],d2[N]>,d[M],d[M],B-1[M],A-1[M],5<(d1.d)[N],e1[N]>,5<(d.#f1)[N],#g1[N]>,5<(a1.B-1)[N],b1[N]>,5<(A-1.#c2)[N],d2[N]>,(d2.d)[M],d[M],B-1[M],A-1[M],5<(a.e1.#c1.A-1.a1)[N],b[N]>,5<(A-1.#c1)[N],d1[N]>,5<(#F-1.e1)[N],#f1[N]>,5<(E-1.#g1)[N],a1[N]>,A-1[M],A-1[M],#F-1[M],E-1[M],5<(A-1.e1)[N],#f1[N]>,5<(A-1.#g1)[N],a1[N]>,5<(#F-1.b1)[N],#c2[N]>,5<(E-1.d2)[N],e2[N]>,5<(A-1.#f2)[N],e2[N]>,5<(A-1.d2)[N],#c2[N]>,5<(b1.#F-1)[N],a1[N]>,5<(E-1.#g1)[N],#f1[N]>,(#f1.d1.d2.d.a.#f)[M],d[M],B-1[M],(A-1.#g.b.e1)[M],d[M],d[M],(d1.#f1.a.B-1)[M],A-1[M],d[M],(d.b.#g1.e1.#f1)[M],B-1[M],A-1[M],(d1.#f1.a1.d)[M],d[M],(B-1.#g1.e1.b1)[M],A-1[M],(e1.#c2.a1.#c1.A-1)[M],(A-1.d2.b1)[M],(#F-1.e2.#c2)[M],E-1[M],(A-1.#c2.e2)[M],(A-1.#f2)[M],(#F-1.a2.e2)[M],E-1[M],5<(A-1.a)[N],b[N]>,5<(A-1.#c1)[N],d1[N]>,5<(#F-1.e1)[N],#f1[N]>,5<(E-1.#g1)[N],a1[N]>,5<(A-1.b1)[N],#c2[N]>,5<(A-1.d2)[N],e2[N]>,5<(#f2.#F-1)[N],e2[N]>,5<(E-1.d2)[N],#c2[N]>,(#f1.d1.d.d2)[M],d[M],B-1[M],A-1[M],d[M],d[M],B-1[M],(a1.#c2.e1.A-1)[M],(a1.d2.#f1.d)[M],d[M],B-1[M],A-1[M],(a1.d2.#f1.d)[M],(d.e1.#c2.a1)[M],(B-1.#f1.a1.d2)[M],(A-1.e1.a1.#c2)[M],(#c1.e1.A-1.a1)[I],"],"id":3,"instruments":["piano"],"alternatives":[""]}],"audition":{"start":[0,0],"end":[1,0]}}