{"baseBpm":100,"musics":[{"id":1,"baseBeats":0.5,"scores":["(#d2.#a2)[L],(d2.g2.d3)[L],(#c2.g2)[L],(#a1.#d2)[L],(g1.#d2)[L],(#d1.#a1)[L],(#c1.#a1)[L],(#a.g1)[L];(#a1.g2)[L],f2[L],(#a1.f2)[L],(g1.#d2)[L],(#g1.c2)[J];(c2.#d2.#g2)[K],(b1.g2)[L],#d2[L],(g1.#a1.#d2)[K],(#d1.#a1)[K];(#a.#d1.g1)[K],f1[K],(#g.c1.f1)[J];(g1.#a1.#d2)[K],(#a1.#d2)[L],g2[L],(#a1.#c2.g2)[L],f2[L],g2[L],g2[L];#d2[K],#d2[L],g2[L],(#g1.b1.g2)[L],f2[L],(#g1.b1.g2)[K];(g1.#a1.#d2.g2)[K],(#a1.g2)[L],f2[L],#d2[L],g2[L],(#d2.#a2)[L],g2[L];#a2[K],(c2.#a2)[L],g2[L],(#a1.#d2)[L],g2[L],(#g1.d2.f2)[K];(g1.#a1.#d2)[K],#d2[L],g2[L],(#a1.#c2.g2)[L],5<f2[M],#d2[M]>,(g1.#a1.g2)[L],#d2[L];(#g1.b1.g2)[K],g2[L],5<f2[M],(#g1.#d2)[M]>,g2[L],f2[L],g2[L],#a1[L];#a1[L],g2[L],f2[L],#a2[L],#a2[L],f2[L],#g2[K];#d2[L],#g2[L],(#g1.c2.g2)[K],f2[K],","S,S;S,S;S,S;S,S;T,g1[K],T,(#a1.#d2)[L],U;T,S,S;S,S;S,S;S,S;S,(g1.#a1.#d2)[J];S,S;S,","(#d.#a)[I];#d[L],#a[L],g1[L],#d1[L],#G-1[L],#d[L],#g[K];#G-1[L],#d[L],#g[K],G-1[L],#d[L],g[K];c[L],g[L],c1[L],#d1[L],#A-1[L],f[L],c1[L],f1[L];#d[L],#a[K],#a[L],#c1[L],#a[L],#d1[K];#G-1[L],#d[L],c1[L],#d[L],(#G-1.#g)[L],#d[L],b[K];G-1[L],#d[L],g1[L],#d1[L],(c.c1)[L],g[L],#d1[K];(f.#d1)[L],c1[L],#g1[K],(#a.f1)[J];#d[L],#a[L],#a[L],#a[L],(#d.#c1)[L],#a[L],#d1[K];#G-1[L],#d[L],b[K],(#A-1.f.#a)[K],#d[L],#a[L];#d1[K],#d[L],#a[L],d1[K],#G-1[L],#d[L];#g[K],#G-1[L],#d[L],b[K],"],"instruments":["piano","piano","piano"],"alternatives":["","",""],"bpm":100},{"id":2,"baseBeats":0.5,"scores":["(g1.#a1.#d2)[K],(#a1.#d2)[L],g2[L],(#a1.#c2.g2)[L],f2[L],g2[L],g2[L];#d2[K],#d2[L],g2[L],(#g1.b1.g2)[L],f2[L],(#g1.b1.g2)[K];(g1.#a1.#d2.g2)[K],(#a1.g2)[L],f2[L],#d2[L],g2[L],(#d2.#a2)[L],g2[L];#a2[K],(c2.#a2)[L],g2[L],(#a1.#d2)[L],g2[L],(#g1.d2.f2)[K];(g1.#a1.#d2)[K],#d2[L],g2[L],(#a1.#c2.g2)[L],5<f2[M],#d2[M]>,(g1.#a1.g2)[L],#d2[L];(#g1.b1.g2)[K],g2[L],5<f2[M],(#g1.#d2)[M]>,g2[L],f2[L],g2[L],#a1[L];#a1[L],g2[L],f2[L],#a2[L],#a2[L],f2[L],#g2[K];#d2[L],#g2[L],(#g1.c2.g2)[K],f2[K],(g1.#a1.#d2)[K];","T,g1[K],T,(#a1.#d2)[L],U;T,S,S;S,S;S,S;S,S;S,(g1.#a1.#d2)[J];S,S;S,T;","#d[L],#a[K],#a[L],#c1[L],#a[L],#d1[K];#G-1[L],#d[L],c1[L],#d[L],(#G-1.#g)[L],#d[L],b[K];G-1[L],#d[L],g1[L],#d1[L],(c.c1)[L],g[L],#d1[K];(f.#d1)[L],c1[L],#g1[K],(#a.f1)[J];#d[L],#a[L],#a[L],#a[L],(#d.#c1)[L],#a[L],#d1[K];#G-1[L],#d[L],b[K],(#A-1.f.#a)[K],#d[L],#a[L];#d1[K],#d[L],#a[L],d1[K],#G-1[L],#d[L];#g[K],#G-1[L],#d[L],b[K],#d[K];"],"instruments":["piano","piano","piano"],"alternatives":["","",""],"bpm":100},{"id":3,"baseBeats":0.5,"scores":["5<#g1[M],#c2[M]>,#d2[L],(#d.#g1.#c2.#g2)[J],(c2.#d2.#g2)[K];(#d2.#g2)[L],c3[L],(#d2.g2.c3)[L],#a2[L],c3[L],c3[L],#g2[K];#g2[L],c3[L],(#c2.e2.c3)[L],#a2[L],(#c2.e2.c3)[K],(c2.#d2.#g2.c3)[K];(#d2.c3)[L],#a2[L],#g2[L],c3[L],(#g2.#d3)[L],c3[L],#d3[K];(f2.#d3)[L],c3[L],(#d2.#g2)[L],c3[L],(#c2.#g2.#a2)[K],(c2.#d2.#g2)[K];#g2[L],c3[L],(#d2.g2.c3)[L],5<#a2[M],#g2[M]>,(c2.#d2.c3)[L],#g2[L],(#c2.e2.c3)[K];c3[L],5<#a2[M],(#c2.#g2)[M]>,c3[L],#a2[L],c3[L],#d2[L],#d2[L],c3[L];#a2[L],#d3[L],#d3[L],#a2[L],#c3[K],#g2[L],#c3[L];(#c2.f2.c3)[K],#a2[K],(c2.#d2.#g2)[K],(#d2.#g2)[L],c3[L];(#d2.g2.c3)[L],#a2[L],c3[L],c3[L],#g2[K],#g2[L],c3[L];(#c2.e2.c3)[L],#a2[L],(#c2.e2.c3)[K],(c2.#d2.#g2.c3)[K],(#d2.c3)[L],#a2[L];#g2[L],c3[L],(#g2.#d3)[L],c3[L],#d3[K],(f2.#d3)[L],c3[L];(#d2.#g2)[L],c3[L],(#c2.#g2.#a2)[K],(c2.#d2.#g2)[K],#g2[L],c3[L];(#d2.g2.c3)[L],5<#a2[M],#g2[M]>,(c2.#d2.c3)[L],#g2[L],(#c2.e2.c3)[K],c3[L],5<#a2[M],(#c2.#g2)[M]>;c3[L],#a2[L],c3[L],#d2[L],#d2[L],c3[L],#a2[L],#d3[L];#d3[L],#a2[L],#c3[K],#g2[L],#c3[L],(#c2.f2.c3)[K];#a2[K],(c2.#d2.#g2)[J],","S,S;c2[K],T,(#d2.#g2)[L],U,T;S,S;S,S;S,S;S,S;S,(c2.#d2.#g2)[J];S,S;S,T,c2[K];T,(#d2.#g2)[L],U,T,S;S,S;S,S;S,S;S,S;(c2.#d2.#g2)[J],S;S,S;S,","S,T,#g[L],#d1[K];#d1[L],g1[L],#d1[L],#g1[K],#c[L],#g[L];f1[L],#g[L],(#c.#c1)[L],#g[L],e1[K],c[L],#g[L];c2[L],#g1[L],(f.f1)[L],c1[L],#g1[K],(#a.#g1)[L],f1[L];#c2[K],(#d1.#a1)[J],#g[L],#d1[L];#d1[L],#d1[L],(#g.g1)[L],#d1[L],#g1[K],#c[L],#g[L];e1[K],(#d.#a.#d1)[K],#g[L],#d1[L],#g1[K];#g[L],#d1[L],#g1[K],#c[L],#g[L],#c1[K];#c[L],#g[L],e1[K],#g[L],#d1[K],#d1[L];g1[L],#d1[L],#g1[K],#c[L],#g[L],f1[L],#g[L];(#c.#c1)[L],#g[L],e1[K],c[L],#g[L],c2[L],#g1[L];(f.f1)[L],c1[L],#g1[K],(#a.#g1)[L],f1[L],#c2[K];(#d1.#a1)[J],#g[L],#d1[L],#d1[L],#d1[L];(#g.g1)[L],#d1[L],#g1[K],#c[L],#g[L],e1[K];(#d.#a.#d1)[K],#g[L],#d1[L],#g1[K],#g[L],#d1[L];#g1[K],#c[L],#g[L],#c1[K],#c[L],#g[L];e1[K],#g[J],","S,S;S,S;S,S;S,S;S,S;S,S;S,S;S,S;S,S;S,S;S,S;S,S;S,S;S,S;S,(#g.#g1)[J];S,S;S,T,"],"instruments":["piano","piano","piano","piano"],"alternatives":["","","",""],"bpm":100}],"audition":{"start":[1,0],"end":[1,25]}}