{"baseBpm":102,"musics":[{"id":1,"baseBeats":0.25,"scores":["#g2[L],#g2[M],#g2[M],#g2[M],#g2[M];#g2[L],#g2[M],#g2[M],#g2[M],#g2[M];#g2[L],#g2[M],#g2[M],#g2[M],#g2[M];#g2[M],#g2[M],#g2[M],#g2[M],#g2[M],#g2[M];#g2[K],#f2[M],#d2[M];#g2[K],#f2[M],#d2[M];e2[LM],#d2[M],#c2[K],#c2[M],#d2[M],e2[M],#c2[M];e2[K],#d2[K],#d2[M],e2[M],#f2[M],#d2[M];e2[M],#d2[M],e2[M],#d2[M],e2[M],#f2[M];#g2[L],#g2[M],#g2[M],#g2[M],#g2[M];a2[K],#g2[L];#f2[K],#g2[M],a2[M];#g2[K],#f2[L];e2[K],#f2[M],#g2[M];#f2[K],e2[L];#d2[L],e2[LM],#d2[M];#c2[L],e2[L],#g2[L];(#C-1.#c2.#c3)[L],#g2[M],#g2[M],#g2[M],#g2[M];#g2[K],#f2[M],#d2[M];#g2[K],#f2[M],#d2[M];e2[LM],#d2[M],#c2[K],#c2[M],#d2[M],e2[M],#c2[M];e2[K],#d2[K],#d2[M],e2[M],#f2[M],#d2[M];e2[M],#d2[M],e2[M],#d2[M],e2[M],#f2[M];#g2[L],#g2[M],#g2[M],#g2[M],#g2[M];a2[K],#g2[L];#f2[K],#g2[M],a2[M];#g2[K],#f2[L];e2[K],#f2[M],#g2[M];#f2[K],e2[L];#d2[L],e2[LM],#d2[M];#c2[L],e2[L],#g2[L];(#C-1.#c2.#c3)[L],d2[M],d2[M],d2[M],d2[M];d2[L],#c2[L],b1[M],a1[M];#c2[K],b1[M],a1[M];#c2[K],b1[K],b1[M],b1[M],b1[M],b1[M];b1[L],#g1[M],a1[M],b1[L];#g1[M],a1[M],b1[L],#c2[M],d2[M];d2[L],#c2[LM],c2[M];#c2[L],#f2[M],#f2[M],#f2[M],#f2[M];#f2[K],e2[M],#c2[M];#f2[K],e2[M],#c2[M];d2[L],d2[M],e2[M],#f2[K],#g2[M],#g2[M],#g2[M],#g2[M];#g2[K],#f2[M],#d2[M];#g2[K],#f2[M],#d2[M];f2[L],f2[M],#f2[M],#g2[L];(#C-1.#c.#c2.#c3)[L],(d2.d3)[M],(d2.d3)[M],(d2.d3)[M],(d2.d3)[M];(d2.d3)[L],(#c2.#c3)[L],(b1.b2)[M],(a1.a2)[M];(#c2.#c3)[K],(b1.b2)[M],(a1.a2)[M];(#c2.#c3)[K],(b1.b2)[K],(b1.b2)[M],(b1.b2)[M],(b1.b2)[M],(b1.b2)[M];(b1.b2)[L],(#g1.#g2)[M],(a1.a2)[M],(b1.b2)[L];(#g1.#g2)[M],(a1.a2)[M],(b1.b2)[L],(#c2.#c3)[M],(d2.d3)[M];(d2.d3)[L],(#c2.#c3)[LM],(c2.c3)[M];(#c2.#c3)[L],(#f2.#f3)[M],(#f2.#f3)[M],(#f2.#f3)[M],(#f2.#f3)[M];(#f2.#f3)[K],(e2.e3)[M],(#c2.#c3)[M];(#f2.#f3)[K],(e2.e3)[M],(#c2.#c3)[M];","RS;#G-1[L],(#f.#d1)[L],(#f.#d1)[L];c[L],(#f.#d1)[L],(#f.#d1)[L];#c[L],(#g.e1)[L],(#g.e1)[L];e[L],(#g.e1)[L],(#g.e1)[L];#G-1[L],(#f.#d1)[L],(#f.#d1)[L];c[L],(#f.#d1)[L],(#f.#d1)[L];#c[L],(#g.e1)[L],(#g.e1)[L];e[L],(#g.e1)[L],#G-1[L];#F-1[L],(a.#f1)[L],(a.#f1)[L];#c[L],(a.#f1)[L],(a.#f1)[L];#G-1[L],(#g.e1)[L],(#g.e1)[L];e[L],(#g.e1)[L],(#g.e1)[L];#G-1[L],(#f.#d1)[L],(#f.#d1)[L];c[L],(#f.#d1)[L],(#f.#d1)[L];#c[L],(#g.e1)[L],(#g.e1)[L];TU;#G-1[L],(#f.#d1)[L],(#f.#d1)[L];c[L],(#f.#d1)[L],(#f.#d1)[L];#c[L],(#g.e1)[L],(#g.e1)[L];e[L],(#g.e1)[L],(#g.e1)[L];#G-1[L],(#f.#d1)[L],(#f.#d1)[L];c[L],(#f.#d1)[L],(#f.#d1)[L];#c[L],(#g.e1)[L],(#g.e1)[L];e[L],(#g.e1)[L],#G-1[L];#F-1[L],(a.#f1)[L],(a.#f1)[L];#c[L],(a.#f1)[L],(a.#f1)[L];#G-1[L],(#g.e1)[L],(#g.e1)[L];e[L],(#g.e1)[L],(#g.e1)[L];#G-1[L],(#f.#d1)[L],(#f.#d1)[L];c[L],(#f.#d1)[L],(#f.#d1)[L];#c[L],(#g.e1)[L],(#g.e1)[L];TU;#F-1[L],(a.#f1)[L],(a.#f1)[L];A-1[L],(a.#f1)[L],(a.#f1)[L];#C-1[L],(#g.f1)[L],(#g.f1)[L];#G-1[L],(#g.f1)[L],(#g.f1)[L];f[L],(#g.f1)[L],(#g.f1)[L];#c[L],(#g.f1)[L],(#g.f1)[L];#F-1[L],(a.#f1)[L],(a.#f1)[L];#F-2[L],T;#F-1[L],(#a.#f1)[L],(#a.#f1)[L];#c[L],(g.e1)[L],(g.e1)[L];B-1[L],(#f.d1)[L],(#f.d1)[L];d[L],(#f.d1)[L],(#f.d1)[L];#G-1[L],(#f.#d1)[L],(#f.#d1)[L];#G-1[L],(g.e1)[L],(g.e1)[L];#c[L],(#g.f1)[L],(#g.f1)[L];TU;#F-1[L],(a.#f1)[L],(a.#f1)[L];A-1[L],(a.#f1)[L],(a.#f1)[L];#C-1[L],(#g.f1)[L],(#g.f1)[L];#G-1[L],(#g.f1)[L],(#g.f1)[L];f[L],(#g.f1)[L],(#g.f1)[L];#c[L],(#g.f1)[L],(#g.f1)[L];#F-1[L],(a.#f1)[L],(a.#f1)[L];#F-2[L],T;#F-1[L],(#a.#f1)[L],(#a.#f1)[L];#c[L],(g.e1)[L],(g.e1)[L];"]},{"id":2,"baseBeats":0.25,"scores":["(d2.d3)[LM],(#c2.#c3)[M],(b1.b2)[K],(d2.d3)[M],(#c2.#c3)[M],(b1.b2)[M],(#c2.#c3)[M];(d2.d3)[L],(#c2.#c3)[LM],(b1.b2)[M];(a1.a2)[LM],(b1.b2)[M],(a1.a2)[M],(#g1.#g2)[M];(#f1.#f2)[L],(a1.a2)[L],(#c2.#c3)[L];(#f2.#f3)[L],#f2[M],f2[M],e2[L];e2[L],e2[M],e3[M],e2[K],#f2[M],e2[M],#f2[M],#g2[M];a2[M],#g2[M],a2[M],#g2[M],a2[M],b2[M];#c3[L],#d2[M],d2[M],#c2[L];#c2[L],#c2[M],#c3[M],#c2[K],#d2[M],#c2[M],#d2[M],f2[M];#f2[M],f2[M],#f2[M],f2[M],#f2[M],#g2[M];a2[L],b2[M],#a2[M],a2[L];b2[L],a2[L],g2[L];#f2[L],e2[L],d2[L];#c2[L],d2[L],e2[L];d2[L],d2[M],#c2[M],b1[M],#c2[M];d2[L],#c2[LM],b1[M];a1[L],#g1[M],#f1[M],#g1[M],a1[M];b1[M],#c2[M],d2[M],e2[M],#f2[M],#g2[M];a2[L],#f2[M],f2[M],e2[M],#d2[M];e2[M],#d2[M],e2[M],e3[M],e2[M],e3[M];e2[M],f2[M],#f2[M],e2[M],#f2[M],#g2[M];a2[M],#g2[M],a2[M],#g2[M],a2[M],b2[M];#c3[M],e2[M],#d2[M],d2[M],#c2[M],c2[M];#c2[M],c2[M],#c2[M],#c3[M],#c2[M],#c3[M];#c2[M],d2[M],#d2[M],#c2[M],#d2[M],f2[M];#f2[M],f2[M],#f2[M],f2[M],#f2[M],#g2[M];a2[M],#a2[M],b2[M],#a2[M],a2[M],#a2[M];b2[M],#a2[M],a2[M],#g2[M],g2[M],a2[M];#f2[M],f2[M],e2[M],#d2[M],d2[M],e2[M];#c2[M],e2[M],d2[M],#f2[M],f2[M],e2[M];d2[M],e2[M],d2[M],#c2[M],b1[M],#c2[M];d2[M],e2[M],#c2[M],d2[M],#c2[M],b1[M];a1[M],b1[M],#g1[M],#f1[M],#g1[M],a1[M];b1[M],#c2[M],d2[M],e2[M],#f2[M],#g2[M],(a1.a2)[L],a1[M],#g1[M],g1[M],#g1[M];a1[L],e1[M],#d1[M],#g1[K],a1[M],#g1[M],g1[M],#g1[M];#c2[L],e1[M],#d1[M],c2[K],a1[M],#g1[M],g1[M],#g1[M];#d2[M],e1[M],#f1[M],e1[M],#c2[K],a1[M],#g1[M],g1[M],#g1[M];e2[M],#f1[M],#g1[M],#f1[M],#d2[L];#f2[M],#g1[M],a1[M],#g1[M],e2[M],#f2[M];(#G-1.#g.#g1.#g2)[L],(#g.c1.#d1.#g1)[M],(a1.#d2.#f2.a2)[M],(#g.c1.#d1.#g1)[L];(#G-2.#G-1.#g2.c3.#d3.#g3)[L],(a1.#d2.#f2.a2)[M],(#g.c1.#d1.#g1)[M],(g1.c2.#d2.g2)[M],(#g.c1.#d1.#g1)[M];(#G-1.#g.#c2.#c3)[L],(c1.#d1.#f1.c2)[M],(#c2.#f2.#g2.#c3)[M],(c1.#d1.#f1.c2)[L];(#G-2.#G-1.#g2.c3.#d3.#g3)[L],(a1.#d2.#f2.a2)[M],(#g.c1.#d1.#g1)[M],(g1.c2.#d2.g2)[M],(#g.c1.#d1.#g1)[M];(#G-1.#g.#d2.#d3)[L],(#c1.e1.#g1.#c2)[M],(#d2.e2.#g2.#d3)[M],(#c1.e1.#g1.#c2)[L];(#G-2.#G-1.#g2.#c3.e3.#g3)[L],(a1.#c2.e2.a2)[M],(#g.#c1.e1.#g1)[M],(g1.#c2.e2.g2)[M],(#g.#c1.e1.#g1)[M];(#G-1.#g.e2.e3)[L],(#d1.#g1.c2.#d2)[M],(e2.#g2.c3.e3)[M],(#d1.#f1.c2.#d2)[L];(#G-1.#g.#f2.#f3)[L],(e1.a1.#c2.e2)[M],(#f2.a2.#c3.#f3)[M],(e1.a1.#c2.e2)[M],(#f2.a2.#c3.#f3)[M];(#G-2.#G-1.#g2.c3.#d3.#g3)[L],#g1[M],#g2[M],#g1[M],#g2[M];#g1[L],#g2[M],#g1[M],#g2[M],#g1[M];#g2[L],#g1[M],#g2[M],#g1[M],#g2[M];#g1[M],#g2[M],#g1[M],#g2[M],#g1[M],#g2[M];(#g1.c2.#g2)[K],(#f1.#f2)[M],(#d1.#d2)[M];(#g1.c2.#g2)[K],(#f1.#f2)[M],(#d1.#d2)[M];(e1.#g1.e2)[LM],(#d1.#d2)[M],(#c1.#g1.#c2)[K],#c2[M],(#d1.#d2)[M],e2[M],(#c1.#c2)[M];","B-1[L],(#f.d1)[L],(#f.d1)[L];#F-1[L],(#f.d1)[L],(#f.d1)[L];#C-1[L],(#g.f1)[L],(#g.f1)[L];#c[L],(#g.f1)[L],(#g.f1)[L];#F-1[L],(a.#f1)[L],(a.#f1)[L];(#F-2.#F-1)[L],T;E-1[L],(#g.e1)[L],(#g.e1)[L];#G-1[L],(#g.d1)[L],(#g.d1)[L];A-1[L],(e.#c1)[L],(e.#c1)[L];A-2[L],T;#C-1[L],(#g.f1)[L],(#g.f1)[L];F-1[L],(#g.f1)[L],(#g.f1)[L];#F-1[L],(a.#f1)[L],(a.#f1)[L];#F-2[L],T;A-1[L],(a.g1)[L],(a.g1)[L];A-1[L],(a.#f1)[L],(a.#f1)[L];e[L],(a.g1)[L],(a.g1)[L];d[L],(a.#f1)[L],(a.#f1)[L];E-1[L],(a.e1)[L],(a.e1)[L];#c[L],(a.e1)[L],(a.e1)[L];E-1[L],(#g.e1)[L],(#g.e1)[L];A-2[L],T;E-1[L],(#g.e1)[L],(#g.e1)[L];#G-1[L],(#g.d1)[L],(#g.d1)[L];A-1[L],(e.#c1)[L],(e.#c1)[L];A-2[L],T;#C-1[L],(#g.f1)[L],(#g.f1)[L];F-1[L],(#g.f1)[L],(#g.f1)[L];#F-1[L],(a.#f1)[L],(a.#f1)[L];#F-2[L],T;A-1[L],(a.g1)[L],(a.g1)[L];A-1[L],(a.#f1)[L],(a.#f1)[L];e[L],(a.g1)[L],(a.g1)[L];d[L],(a.#f1)[L],(a.#f1)[L];E-1[L],(a.e1)[L],(a.e1)[L];#c[L],(a.e1)[L],(a.e1)[L];E-1[L],(#g.e1)[L],(#g.e1)[L];(A-2.A-1)[L],T;#G-1[L],(#d.c1)[L],(#d.c1)[L];#G-1[L],(#d.c1)[L],(#d.c1)[L];#G-1[L],(#d.c1)[L],(#d.c1)[L];#G-1[L],(#d.c1)[L],(#d.c1)[L];#G-1[L],(e.#c1)[L],(e.#c1)[L];#G-1[L],(e.#c1)[L],(e.#c1)[L];#G-1[L],(#d.c1)[L],(#d.c1)[L];#G-1[L],(e.#c1)[L],(A-1.a)[L];Q;QS;(#G-2.#G-1)[L],(#f.#g.#d1)[L],(#f.#g.#d1)[L];(C-1.c)[L],(#f.c1.#d1)[L],(#f.c1.#d1)[L];(#C-1.#c)[L],(#g.#c1.e1)[L],(#g.#c1.e1)[L];(E-1.e)[L],(#g.#c1.e1)[L],(#g.#c1.e1)[L];"]},{"id":3,"baseBeats":0.25,"scores":["(e1.#c2.e2)[K],(#d1.c2.#d2)[K],#d2[M],(e1.e2)[M],(#f1.#f2)[M],(#d1.#d2)[M];(e1.e2)[M],(#d1.#d2)[M],e2[M],(#d1.#d2)[M],e2[M],(#f1.#f2)[M];(#g1.e2.#g2)[L],(#g1.#g2)[M],(#g1.#g2)[M],(#g1.#g2)[M],(#g1.#g2)[M];(a1.#f2.a2)[K],(#g1.e2.#g2)[L];(#f1.#d2.#f2)[K],(#g1.#g2)[M],(a1.a2)[M];(#g1.b1.#g2)[K],(#f1.a1.#f2)[L];(e1.#g1.e2)[K],(#f1.#f2)[M],(#g1.#g2)[M];(#f1.#d2.#f2)[K],(e1.#c2.e2)[L];(#d1.c2.#d2)[K],(e1.e2)[M],(#f1.#f2)[M];(#g1.c2.#g2)[L],(#c1.#c2)[M],(#d1.#d2)[M],(e1.e2)[M],(#f1.#f2)[M];(#g1.c2.#g2)[L],#g2[M],(#g2.#g3)[M],#g2[M],(#g2.#g3)[M];#g2[M],(#g2.#g3)[M],#g2[M],(#g2.#g3)[M],#f2[M],(#d2.#d3)[M];#g2[M],(#g2.#g3)[M],#g2[M],(#g2.#g3)[M],#f2[M],(#d2.#d3)[M];e2[M],(e2.e3)[M],e2[M],(#d2.#d3)[M],#c2[M],(#c2.#c3)[M];#c2[M],(#c2.#c3)[M],#c2[M],(#d2.#d3)[M],e2[M],(#c2.#c3)[M];e2[M],(e2.e3)[M],e2[M],(e2.e3)[M],#d2[M],(#d2.#d3)[M];#d2[M],(#d2.#d3)[M],#d2[M],(e2.e3)[M],#f2[M],(#d2.#d3)[M];e2[M],(#d2.#d3)[M],e2[M],(#d2.#d3)[M],e2[M],(#f2.#f3)[M];#g2[M],(#g2.#g3)[M],#g2[M],(#g2.#g3)[M],#g2[M],(#g2.#g3)[M];a2[M],(a2.a3)[M],a2[M],(a2.a3)[M],#g2[M],(#g2.#g3)[M];#f2[M],(#f2.#f3)[M],#f2[M],(#f2.#f3)[M],#g2[M],(a2.a3)[M];#g2[M],(#g2.#g3)[M],#g2[M],(#g2.#g3)[M],#f2[M],(#f2.#f3)[M];e2[M],(e2.e3)[M],e2[M],(e2.e3)[M],#f2[M],(#g2.#g3)[M];#f2[M],(#f2.#f3)[M],#f2[M],(#f2.#f3)[M],e2[M],(e2.e3)[M];#d2[M],(#d2.#d3)[M],e2[M],(e2.e3)[M],e2[M],(#d2.#d3)[M];(#c2.#f2.a2.#c3)[L],(#d2.#f2.a2.#d3)[L],(e2.#g2.b2.e3)[L];(#f2.a2.#c3.#f3)[LN],(#g2.c3.#d3.#g3)[LM],(c2.#d2.#f2.c3)[LMN];(#c2.f2.#g2.#c3)[KL],(#g2.#c3.f3.#g3)[LMN],(#f2.#f3~f2.f3)[LN];(#g2.#c3.f3.#g3)[K],(#f2.#f3)[M],(f2.f3)[M];(#g2.a2.#c3.#g3)[K],(#f2.a2.#c3.#f3)[K],(#f2.#f3)[M],(#f2.#f3)[M],(#f2.#f3)[M],(#f2.#f3)[M];(#f2.a2.c3.#f3)[L],(#d2.#d3)[M],(f2.f3)[M],(#f2.a2.c3.#f3)[L];(#d2.#d3)[M],(f2.f3)[M],(#f2.a2.c3.#f3)[L],(#g2.#g3)[M],(a2.a3)[M];(a2.#c3.f3.a3)[L],(#g2.#c3.f3.#g3)[LM],(g2.g3)[M];(#g2.#c3.f3.#g3)[L],(#c3.#c4)[M],(#c3.#c4)[M],(#c3.#c4)[M],(#c3.#c4)[M];(#c3.f3.b3.#c4)[K],(b2.b3)[M],(#g2.#g3)[M];(#c3.f3.b3.#c4)[K],(b2.b3)[M],(#g2.#g3)[M];(a2.#c3.#f3.a3)[LM],(#g2.#g3)[M],(#f2.a2.#c3.#f3)[K],(a2.a3)[M],(#g2.#g3)[M],(#f2.#f3)[M],(#g2.#g3)[M];(a2.c3.#d3.a3)[L],(#g2.c3.#d3.#g3)[LM],(#f2.#f3)[M];(f2.#g2.#c3.f3)[LM],(#f2.#f3)[M],(f2.f3)[M],(#d2.#d3)[M];(#c2.f2.#g2.#c3)[L],(f2.#g2.#c3.f3)[L],(#g2.#c3.f3.#g3)[L];(#c3.f3.#g3.#c4)[L],(#f2.#f3)[M],(#g2.#g3)[M],(#a2.#a3)[M],(c3.c4)[M];(#c3.f3.#g3.#c4)[L],(#f2.#f3)[M],(#g2.#g3)[M],(#a2.#a3)[M],(c3.c4)[M];(#c3.#f3.#a3.#c4)[L],(#f2.#f3)[M],(#g2.#g3)[M],(#a2.#a3)[M],(c3.c4)[M];(#c3.f3.#g3.#c4)[L],(#f2.#f3)[M],(#g2.#g3)[M],(#a2.#a3)[M],(c3.c4)[M];(#c3.#f3.#a3.#c4)[L],(#f2.#f3)[M],(#g2.#g3)[M],(#a2.#a3)[M],(c3.c4)[M];(#c3.f3.#g3.#c4)[L],(#c3.f3.#g3.#c4)[M],(#c3.f3.#g3.#c4)[M],(#c3.f3.#g3.#c4)[M],(#c3.f3.#g3.#c4)[M];(#c3.f3.#g3.#c4)[L],(#c2.f2.#g2.#c3)[M],(#c2.f2.#g2.#c3)[M],(#c2.f2.#g2.#c3)[M],(#c2.f2.#g2.#c3)[M];(#c2.f2.#g2.#c3)[L],(#c1.f1.#g1.#c2)[M],(#c1.f1.#g1.#c2)[M],(#c1.f1.#g1.#c2)[M],(#c1.f1.#g1.#c2)[M];(#c1.f1.#g1.#c2)[L],(#c.f.#g.#c1)[M],(#c.f.#g.#c1)[M],(#c.f.#g.#c1)[M],(#c.f.#g.#c1)[M];(#c.f.#g.#c1)[J];5<(#c.#c1.f1.#g1.#c2)[N],(#c1.#c2)[N]>,5<(#c.#c1.f1.#g1)[N],(#c1.#c2)[N]>,5<(#c.#c1.f1.#g1)[N],(#c1.#c2)[N]>,5<(#c.#c1.f1.#g1)[N],(#c1.#c2)[N]>,5<(#c.#c1.f1.#g1)[N],(#c1.#c2)[N]>,5<(#c.#c1.f1.#g1)[N],(#c1.#c2)[N]>;5<(A-1.a.f1.a1.c2.f2)[N],(a.f2)[N]>,5<(A-1.f1.a1.c2)[N],(a.f2)[N]>,5<(A-1.f1.a1.c2)[N],(a.f2)[N]>,5<(A-1.f1.a1.c2)[N],(a.f2)[N]>,5<(A-1.f1.a1.c2)[N],(a.f2)[N]>,5<(A-1.f1.a1.c2)[N],(a.f2)[N]>;5<(#F-1.#f.#g1.c2.#d2.#g2)[N],(#f.#g2)[N]>,5<(#F-1.#g1.c2.#d2)[N],(#f.#g2)[N]>,5<(#F-1.#g1.c2.#d2)[N],(#f.#g2)[N]>,5<(#F-1.#g1.c2.#d2)[N],(#f.#g2)[N]>,5<(#F-1.#g1.c2.#d2)[N],(#f.#g2)[N]>,5<(#F-1.#g1.c2.#d2)[N],(#f.#g2)[N]>;5<(#C-1.#c.#c2.f2.#g2.#c3)[N],(#c.#c3)[N]>,5<(#C-1.#c2.f2.#g2)[N],(#c.#c3)[N]>,5<(#C-1.#c2.f2.#g2)[N],(#c.#c3)[N]>,5<(#C-1.#c2.f2.#g2)[N],(#c.#c3)[N]>,5<(#C-1.#c2.f2.#g2)[N],(#c.#c3)[N]>,5<(#C-1.#c2.f2.#g2)[N],(#c.#c3)[N]>;(#C-2.#C-1.#c3.f3.#g3.#c4)[I];","(#G-2.#G-1)[L],(#f.#g.#d1)[L],(#f.#g)[L];(C-1.c)[L],(#f.c1.#d1)[L],(#f.c1.#d1)[L];(#C-1.#c)[L],(#g.#c1.e1)[L],(#g.#c1.e1)[L];(E-1.e)[L],(#g.#c1.e1)[L],(#C-1.#c)[L];(B-2.B-1)[L],(a.#d1.#f1)[L],(a.#d1.#f1)[L];(#D-1.#d)[L],(#f.b.#d1)[L],(#f.b.#d1)[L];(E-2.E-1)[L],(#g.b.e1)[L],(#g.b.e1)[L];(B-2.B-1)[L],(#g.b.e1)[L],(#g.b.e1)[L];(#G-2.#G-1)[L],(#f.#g.#d1)[L],(#f.#g.#d1)[L];(#G-2.#G-1)[L],(#f.c1.#d1)[L],(#f.c1.#d1)[L];(#G-1.#g)[L],(#D-1.#d)[L],(C-1.c)[L];(#G-2.#G-1)[L],T;(#G-2.#G-1)[L],(#f.#g.#d1)[L],(#f.#g.#d1)[L];(C-1.c)[L],(#f.c1.#d1)[L],(#f.c1.#d1)[L];(#C-1.#c)[L],(#g.#c1.e1)[L],(#g.#c1.e1)[L];(E-1.e)[L],(#g.#c1.e1)[L],(#g.#c1.e1)[L];(#G-2.#G-1)[L],(#f.#g.#d1)[L],(#f.#g.#d1)[L];(C-1.c)[L],(#f.c1.#d1)[L],(#f.c1.#d1)[L];(#C-1.#c)[L],(#g.#c1.e1)[L],(#g.#c1.e1)[L];(E-1.e)[L],(#g.#c1.e1)[L],(#G-2.#G-1)[L];(#F-2.#F-1)[L],(a.#c1.#f1)[L],(a.#c1.#f1)[L];(#C-1.#c)[L],(a.#c1.#f1)[L],(a.#c1.#f1)[L];(#G-2.#G-1)[L],(#g.#c1.e1)[L],(#g.#c1.e1)[L];(E-1.e)[L],(#g.#c1.e1)[L],(#g.#c1.e1)[L];(#G-2.#G-1)[L],(#f.#g.#d1)[L],(#f.#g.#d1)[L];(C-1.c)[L],(#f.#g.c1.#d1)[L],(#f.#g.c1.#d1)[L];(#F-1.#f)[L],(E-1.e)[L],(#D-1.#d)[L];(#C-1.#c)[LN],(C-1.c)[LM],(#G-2.#G-1)[LMN];(#C-2.#C-1)[KL],(f.#g.#c1)[LMN],(f.#g.#c1)[LN];(#C-1.#c)[L],(f.#g.#c1)[L],(f.#g.#c1)[L];(#C-1.#c)[L],(#f.a.#d1)[L],(#f.a.#d1)[L];(#C-1.#c)[L],(#f.c1.#d1)[L],(#f.c1.#d1)[L];(#C-2.#C-1)[L],(#f.#g.c1.#d1)[L],(#f.#g.c1.#d1)[L];(#C-1.#c)[L],(#f.#g.c1.#d1)[L],(#f.#g.c1.#d1)[L];(#C-1.#c)[L],(f.#g.#c1)[L],(f.#g.#c1)[L];(#C-2.#C-1)[L],T;(#C-2.#C-1)[L],(f.#g.b.#c1)[L],(f.#g.b.#c1)[L];(#C-1.#c)[L],(f.#g.b.#c1)[L],(f.#g.b.#c1)[L];(#C-1.#c)[L],(#f.a.#c1)[L],(#f.a.#c1)[L];(#C-1.#c)[L],(#f.a.#c1)[L],(#f.a.#c1)[L];(#C-2.#C-1)[L],(#f.#g.c1.#d1)[L],(#f.#g.c1.#d1)[L];(#f.#g.c1.#d1)[L],(#f.#g.c1.#d1)[L],(#f.#g.c1.#d1)[L];(#C-1.#c)[L],(#G-2.#G-1)[L],(F-2.F-1)[L];(#C-2.#C-1)[L],(#G-1.#g)[M],(#F-1.#f)[M],(F-1.f)[M],(#D-1.#d)[M];(#C-1.#c)[L],(#c.#c1)[M],(B-1.b)[M],(#A-1.#a)[M],(#G-1.#g)[M];(#F-1.#f)[L],(#g.#g1)[M],(#f.#f1)[M],(f.f1)[M],(#d.#d1)[M];(#c.#c1)[L],(#c1.#c2)[M],(b.b1)[M],(#a.#a1)[M],(#g.#g1)[M];(#f.#f1)[L],#g1[M],#f1[M],(f1.f2)[M],(#d1.#d2)[M];(#c1.#c2)[M],(#C-2.#C-1)[M],(#g.#g1)[L],(#a.#a1)[L];(f.f1)[L],(#g.#g1)[L],(c.c1)[L];(#c.#c1)[M],(#C-2.#C-1)[M],(#G-1.#g)[L],(#A-1.#a)[L];(F-1.f)[L],(#G-2.#G-1)[L],(C-2.C-1)[L];(#C-2.#C-1)[J];"]}]}