{"baseBpm":342,"musics":[{"bpm":342,"baseBeats":0.75,"scores":["QR,QR,TU,TU,TU,TU,TU,TU,TU,TU,TU,TU,TU,TU,TU,TU,TU,TU,TU,TU,TU,TU,TU,TU,TU,TU,TU,TU,TU,TU,TU,TU,TU,TU,TU,TU,TU,TU,TU,TU,TU,TU,TU,TU,TU,TU,TU,TU,TU,TU,TU,TU,TU,TU,TU,TU,TU,TU,TU,TU,TU,TU,TU,TU,TU,TU,TU,mute[LM],mute[LM],mute[LM],mute[LM],mute[LM],mute[LM],mute[LM],mute[LM],mute[LM],mute[LM],TU,TU,TU,TU,TU,TU,TU,TU,TU,TU,TU,mute[LM],mute[LM],mute[LM],mute[LM],mute[LM],mute[LM],mute[LM],mute[LM],mute[LM],mute[LM],TU,TU,TU,TU,TU,TU,TU,TU,TU,TU,TU,mute[LM],mute[LM],mute[LM],mute[LM],mute[LM],mute[LM],mute[LM],mute[LM],TU,TU,TU,TU,mute[LM],mute[LM],mute[LM],mute[LM],mute[LM],mute[LM],mute[LM],mute[LM],TU,TU,TU,TU,mute[LM],mute[LM],mute[LM],mute[LM],mute[LM],mute[LM],TU,mute[LM],mute[LM],TU,TW,5<UV>,TU,TU,TU,TU,TU,TU,TW,5<UV>,mute[LM],mute[LM],mute[LM],mute[LM],mute[LM],mute[LM],mute[LM],mute[LM],mute[LM],mute[LM],mute[LM],TU,TU,TW,5<UV>,TU,TU,TU,TU,TU,TU,TU,TW,TU,TU,mute[LM],mute[LM],mute[LM],mute[LM],mute[LM],mute[LM],TU,TU,TW,5<UV>,TU,TU,TU,TU,TU,TU,TU,TW,TU,TU,mute[LM],mute[LM],mute[LM],mute[LM],mute[LM],mute[LM],TU,TU,TU,TU,TU,mute[LM],mute[LM],mute[LM],mute[LM],mute[LM],mute[LM],TU,TU,TU,TU,TU,mute[LM],mute[LM],mute[LM],mute[LM],mute[LM],mute[LM],TUWX,TVX,TU,TU,TU,TU,TU,TU,TU,TU,mute[LM],mute[LM],mute[LM],mute[LM],mute[LM],mute[LM],mute[LM],mute[LM],mute[LM],mute[LM],mute[LM],mute[LM],mute[LM],mute[LM],mute[LM],mute[LM],mute[LM],mute[LM],5<UV>,TW,TU,TU,TU,TU,TU,TU,TW,TU,mute[LM],mute[LM],mute[LM],mute[LM],mute[LM],mute[LM],mute[LM],mute[LM],mute[LM],mute[LM],mute[LM],mute[LM],mute[LM],mute[LM],5<UV>,TW,TU,TU,TU,TU,TW,5<UV>,mute[LM],5<UV>,mute[LM],mute[LM],mute[LM],mute[LM],mute[LM],mute[LM],mute[LM],mute[LM],mute[LM],mute[LM],mute[LM],TU,mute[LM],mute[LM],mute[LM],mute[LM],mute[LM],mute[LM],mute[LM],mute[LM],mute[LM],mute[LM],mute[LM],mute[LM],mute[LM],mute[LM],mute[LM],mute[LM],mute[LM],mute[LM],mute[LM],mute[LM],mute[LM],mute[LM],mute[LM],mute[LM],mute[LM],5<UV>,mute[LM],mute[LM],mute[LM],mute[LM],mute[LM],mute[LM],mute[LM],mute[LM],mute[LM],mute[LM],mute[LM],mute[LM],TU,TU,TU,TU,TU,TU,TU,TU,TU,mute[LM],mute[LM],TU,TU,TU,mute[LM],mute[LM],TU,TU,TU,mute[LM],mute[LM],TU,TU,mute[LM],mute[LM],TU,TU,TU,TU,mute[LM],mute[LM],mute[LM],mute[LM],mute[LM],mute[LM],mute[LM],mute[LM],mute[LM],mute[LM],mute[LM],mute[LM],mute[LM],mute[LM],mute[LM],mute[LM],mute[LM],","c1[HI],(d1.g1.e1)[HI],(d2.c)[KL],(d2.c.g)[KL],(d2.g.c1)[KL],(c2.c1.d1)[KL],(c2.d1)[KL],(c2.c1)[KL],(g2.c1)[KL],(g2.g1)[KL],(g2.g1)[KL],(g2.g1)[KL],(g2.g1)[KL],(g2.g1)[KL],(g2.g1)[KL],(g2.g1)[KL],(g2.g1)[KL],(g2.g1)[KL],(d1.g1.B-1.b)[KL],(B-1.g)[KL],(g.b)[KL],(c1.b.d1)[KL],d1[KL],b[KL],(g1.b)[KL],g1[KL],g1[KL],g1[KL],g1[KL],g1[KL],g1[KL],g1[KL],g1[KL],g1[KL],(d2.g1.#A-1.d1.#a)[KL],(d2.#A-1.g)[KL],(d2.g.c1)[KL],(c2.c1.d1)[KL],(c2.d1)[KL],(c2.c1)[KL],(g2.c1)[KL],(g2.g1)[KL],(g2.g1)[KL],(g2.g1)[KL],(g2.g1)[KL],(g2.g1)[KL],(g2.g1)[KL],(g2.g1)[KL],(g2.g1)[KL],(g2.g1)[KL],(g1.A-1.c1.f1.a)[KL],(A-1.a)[KL],(a.c1)[KL],(f1.c1.d1)[KL],d1[KL],c1[KL],(c2.c1)[KL],f1[KL],f1[KL],f1[KL],f1[KL],f1[KL],f1[KL],f1[KL],(f1.g)[KL],(f1.g)[KL],(g.f1.#G-1.g1.c1.#g)[KL],(g2.#G-1.#a.g1)[LM],g2[LM],(g1.c2.#a.c1.f1)[LM],(c2.f1)[LM],(d2.c1.d1.f1)[LM],(d2.f1)[LM],(f1.d1)[LM],f1[LM],(f1.c2.c1.e1)[LM],c2[LM],(c1.e1)[KL],(e1.#g1.f1)[KL],(#g1.f1)[KL],(f1.#g1)[KL],f1[KL],f1[KL],f1[KL],f1[KL],f1[KL],f1[KL],(f1.G-1.e1.c1.g)[KL],(f1.g2.G-1.g)[LM],g2[LM],(f1.c2.g.c1.e1)[LM],(c2.e1)[LM],(d2.c1.d1.e1)[LM],(d2.e1)[LM],(e1.d1)[LM],e1[LM],(e1.c2.c1.d1)[LM],c2[LM],(c1.d1)[KL],(d1.g1.e1)[KL],(g1.e1)[KL],(e1.g1)[KL],e1[KL],e1[KL],e1[KL],e1[KL],e1[KL],e1[KL],(e1.#F-1.a.#f)[KL],(e1.g2.#F-1.a)[LM],g2[LM],(e1.c2.a.c1.d1)[LM],(c2.d1)[LM],(d2.c1.e1.d1)[LM],(d2.d1)[LM],(d1.e1)[LM],d1[LM],(d1.c2.c1)[KL],(c2.c1)[KL],(c1.c2.e1)[KL],(F-1.e1.f)[KL],(e1.g3.F-1.a)[LM],g3[LM],(c3.a.c1.d1)[LM],(c3.d1)[LM],(d3.c1.e1.d1)[LM],(d3.d1)[LM],(d1.e1)[LM],d1[LM],(d1.c3.c1)[KL],(c3.c1)[KL],(c1.c3.d1)[KL],(G-1.d1.c1.g)[KL],(d1.g2.G-1.g)[LM],g2[LM],(c2.g.c1)[LM],c2[LM],(d2.c1.d1)[LM],d2[LM],d1[KL],(c2.c1)[LM],c2[LM],(c1.e1)[KL],(d2.e1)[KL],(d2.g.d1.b)[NO],b[NO],d1[KN],(d2.g)[NO],b[NO],d1[KN],g[NO],b[NO],d1[KN],g[NO],b[NO],d1[KN],g[NO],b[NO],d1[KN],g[NO],b[NO],d1[KN],g[NO],b[NO],d1[KN],(g.g1)[NO],b[NO],d1[MN],g1[LM],(g1.c)[LM],g1[LM],(g1.g2.c.g)[LM],g1[LM],(g1.c2.g.c1)[LM],c2[LM],(c2.d2.c1.d1)[LM],c2[LM],(c2.d1)[LM],c2[LM],(c2.c1.d2)[KL],(d2.c1.e1)[KL],(d2.e1.e2)[KL],(d2.e2.b)[NO],d1[NO],g1[KN],(e2.b)[NO],d1[NO],g1[KN],b[NO],d1[NO],g1[KN],b[NO],d1[NO],g1[KN],b[NO],d1[NO],g1[KN],b[NO],d1[NO],g1[KN],(b.e2)[NO],d1[NO],g1[KN],(e2.b)[NO],d1[NO],g1[KN],(e2.#A-1.g2)[KL],(e2.g2.#A-1.g)[KL],(g2.c2.g.c1.f2)[LM],f2[LM],(f2.d2.c1.d1)[LM],f2[LM],(f2.d1)[LM],f2[LM],(f2.c2.c1.e2)[KL],(e2.c1.g1)[KL],(e2.g1.f2)[KL],(e2.f2.a)[NO],c1[NO],f1[KN],(f2.a)[NO],c1[NO],f1[KN],a[NO],c1[NO],f1[KN],a[NO],c1[NO],f1[KN],a[NO],c1[NO],f1[KN],a[NO],c1[NO],f1[KN],(a.f2)[NO],c1[NO],f1[KN],(f2.a)[NO],c1[NO],f1[KN],(f2.#G-1.g2)[KL],(f2.g2.#G-1.#a)[KL],(g2.c2.#a.c1.f2)[LM],f2[LM],(f2.d2.c1.f1)[LM],f2[LM],(f2.f1)[LM],f2[LM],(f2.c2.f1)[KL],(f1.f2)[KL],(f2.f1)[KL],(f2.f1.G-1)[KL],(f2.g2.G-1.g)[KL],(f2.c2.g.c1.e2)[LM],e2[LM],(e2.d2.c1.e1)[LM],e2[LM],(e2.e1)[LM],e2[LM],(e2.c2.e1)[KL],(e1.e2)[KL],(e2.e1)[KL],(e2.e1.#F-1)[KL],(e2.g2.#F-1.a)[KL],(e2.c2.a.c1.d2)[LM],d2[LM],(d2.c1)[LM],d2[LM],(d2.f)[LM],d2[LM],(d2.c2.f.a)[KL],(c2.a.c1)[NO],c2[KMO],(c2.g1.c1.d2)[KL],(c2.d2.G-1)[KL],(d2.c2.G-1.c1)[KL],(c1.d1)[KL],(g2.d1.g1)[KL],g1[KL],(d2.b1.f1.g1)[KL],(g1.d2)[KL],(d2.e2.c2.g1)[LM],g1[LM],(d2.g1.c)[LM],g1[LM],(d2.g1.g2.c.g)[LM],(g1.g2)[LM],(g1.c2.g.c1)[LM],c2[LM],(d2.c1.d1.c2)[LM],(d2.c2)[LM],(c2.d1)[LM],c2[LM],(c2.c1.d2)[LM],c2[LM],(c1.g1.d2)[LM],d2[LM],(d2.g1.e2)[LM],d2[LM],(d2.g1.g.e2)[NO],b[NO],e1[MN],d2[LM],(e2.g1.g)[NO],b[NO],e1[KN],g[NO],b[NO],e1[KN],g[NO],b[NO],e1[KN],g[NO],b[NO],e1[KN],g[NO],b[NO],e1[KN],(g.e2)[NO],b[NO],e1[KN],(g.e2)[NO],b[NO],e1[KN],(e2.#A-1.g2)[KL],(e2.g2.#A-1.g)[LM],g2[LM],(g2.c2.g.c1.f2)[LM],(c2.f2)[LM],(d2.c1.d1.f2.c3)[LM],(d2.f2)[LM],(f2.d1.c3)[LM],(f2.c3)[LM],(c3.c2.c1.f2)[LM],(c3.c2)[LM],(c3.c1.g1.f2)[LM],(c3.f2)[LM],(f2.g1)[LM],f2[LM],(f2.a)[NO],c1[NO],f1[MN],f2[LM],(f2.a)[NO],c1[NO],f1[KN],a[NO],c1[NO],f1[KN],a[NO],c1[NO],f1[KN],a[NO],c1[NO],f1[KN],a[NO],c1[NO],f1[KN],a[NO],c1[NO],f1[MN],f2[LM],(a.f2)[NO],c1[NO],f1[MN],f2[LM],(#G-1.f2.g2)[LM],f2[LM],(f2.g2.#G-1.#a)[LM],(f2.g2)[LM],(g2.c2.#a.c1.f2)[LM],(c2.f2)[LM],(d2.c1.f1.f2.c3)[LM],(d2.f2)[LM],(f2.f1.c3)[LM],f2[LM],(c3.c2.f1)[KL],(c2.f1)[LM],c3[LM],(c2.f1.c3)[LM],c3[LM],(f1.G-1.c3.f2)[LM],c3[LM],(c3.g3.G-1.g.f2)[LM],(c3.g3)[LM],(f2.c3.g.c1.e2)[LM],(c3.e2)[LM],(d3.c1.e1.e2.c3)[LM],(d3.e2)[LM],(e2.e1.c3)[LM],e2[LM],(c3.e1)[LM],c3[LM],(c3.e1)[LM],c3[LM],(c3.e1.g1)[LM],c3[NO],g1[LO],(c3.e1.F-1.g1.a1)[LM],(c3.g1)[LM],(g1.g2.F-1.a.a1)[LM],(g1.g2)[LM],(a1.c2.a.c1.e2)[LM],c2[MN],e2[MN],(d2.c1.e2)[LM],(d2.e2)[LM],(e2.G-1.d2)[LM],(e2.d2)[LM],(d2.c2.G-1.g)[LM],(d2.c2)[LM],(d2.g.c1.c2)[LM],(d2.c2)[LM],(c2.c1)[LM],c2[LM],(c2.A-1)[LM],c2[LM],(c2.A-1.e)[KL],(e.a)[KL],(a.c1)[KL],c1[KL],c1[KL],(c1.e2)[KL],c1[KL],(c1.F-1.a2.c2.e2.a1.f1.f)[KL],(F-1.f)[KL],(f.a.e2)[LM],e2[LM],(a.c1.b2)[KL],c1[KL],(a.e2)[KL],(a.e1.e2)[LM],e2[LM],(e1.c3)[KL],(G-1.g1.d1.g)[KL],(G-1.g.e2)[KL],(g.b.e2)[LM],e2[LM],(b.d1.d3)[KL],d1[KL],(b.g3)[LM],g3[LM],(b.g1.e1.g3)[KL],(g1.e1.e3)[KL],(e1.E-1.a1.g1.e)[KL],(E-1.e.a1)[KL],(a1.e.g.e1)[LM],e1[LM],(g.b.e1.b1)[LM],e1[LM],(e1.b.b1)[LM],e1[LM],(b1.g.e1)[LM],e1[LM],(g.d1.e1)[LM],e1[LM],(e1.d1.c2.e3)[LM],(e1.e3)[LM],(e1.A-1.c2.g1.a)[LM],e1[LM],(c2.A-1.a.e1)[LM],e1[LM],(a.c1.e1)[LM],"],"id":1},{"bpm":342,"baseBeats":0.75,"scores":["UV,mute[LM],mute[LM],mute[LM],mute[LM],TU,mute[LM],mute[LM],mute[LM],mute[LM],mute[LM],mute[LM],TU,mute[LM],mute[LM],TU,TU,TU,mute[LM],mute[LM],TU,TU,TU,mute[LM],mute[LM],TU,mute[LM],mute[LM],mute[LM],mute[LM],mute[LM],mute[LM],mute[LM],mute[LM],TU,TU,mute[LM],mute[LM],mute[LM],mute[LM],mute[LM],mute[LM],mute[LM],mute[LM],mute[LM],mute[LM],mute[LM],mute[LM],mute[LM],mute[LM],mute[LM],mute[LM],mute[LM],mute[LM],mute[LM],mute[LM],mute[LM],mute[LM],TU,TU,5<UV>,5<UV>,TU,TU,TU,TU,TU,TU,TU,TU,TU,TU,TU,TU,TU,mute[LM],mute[LM],mute[LM],mute[LM],mute[LM],mute[LM],TU,TU,TU,TU,TU,TU,ST,TU,TU,TU,TU,TU,TU,TU,5<UV>,5<UV>,TU,TU,TU,TU,TU,TU,TU,TU,TU,ST,TU,TU,TU,ST,TU,TU,TU,TU,TU,ST,TU,TU,TU,TU,TU,TU,TU,ST,TU,TU,TU,TU,TU,TU,TU,TU,TU,TU,TU,TU,TU,TU,TU,TU,TU,TU,TU,TU,TU,TU,TU,TU,TU,TU,TU,TU,TU,TU,TU,TU,TU,TU,TU,TU,TU,TU,TU,TU,TU,TU,TU,TU,TU,TU,TU,TU,TU,TU,TU,TU,TU,TU,TU,TU,QT,TU,TU,TU,mute[LM],mute[LM],mute[LM],mute[LM],mute[LM],mute[LM],mute[LM],mute[LM],mute[LM],mute[LM],TU,TU,TU,TU,TU,TU,TU,TU,TU,TU,TU,mute[LM],mute[LM],mute[LM],mute[LM],mute[LM],mute[LM],mute[LM],mute[LM],mute[LM],mute[LM],TU,TU,TU,TU,TU,TU,TU,TU,TU,TU,TU,mute[LM],mute[LM],mute[LM],mute[LM],mute[LM],mute[LM],mute[LM],mute[LM],TU,TU,TU,TU,mute[LM],mute[LM],mute[LM],mute[LM],mute[LM],mute[LM],mute[LM],mute[LM],TU,TU,TU,TU,mute[LM],mute[LM],mute[LM],mute[LM],mute[LM],mute[LM],TU,mute[LM],mute[LM],TU,TW,5<UV>,TU,TU,TU,TU,TU,TU,TW,5<UV>,mute[LM],mute[LM],mute[LM],mute[LM],mute[LM],mute[LM],mute[LM],mute[LM],mute[LM],mute[LM],mute[LM],TU,TU,TW,5<UV>,TU,TU,TU,TU,TU,TU,TU,TW,TU,TU,mute[LM],mute[LM],mute[LM],mute[LM],mute[LM],mute[LM],TU,TU,TW,5<UV>,TU,TU,TU,TU,TU,TU,TU,TW,TU,TU,mute[LM],mute[LM],mute[LM],mute[LM],mute[LM],mute[LM],TU,TU,TU,TU,TU,mute[LM],mute[LM],mute[LM],mute[LM],mute[LM],mute[LM],TU,TU,TU,TU,TU,mute[LM],mute[LM],mute[LM],mute[LM],mute[LM],mute[LM],TUWX,TVX,TU,TU,TU,TU,TU,TU,TU,TU,mute[LM],mute[LM],mute[LM],mute[LM],mute[LM],mute[LM],mute[LM],mute[LM],mute[LM],mute[LM],mute[LM],mute[LM],mute[LM],mute[LM],mute[LM],","e1[LM],(e1.c1.d2)[LM],e1[LM],(e1.d2)[LM],e1[LM],(d2.c1.g2)[LMNO],g2[LO],(c1.g1.g2.e2)[LM],g2[LM],(g2.g1.e2)[LM],g2[LM],(g2.F-1.e2.a2.c2.a1.f1.f)[LM],g2[LM],(e2.F-1.f)[KL],(f.a.e2)[LM],e2[LM],(a.c1.b2)[KL],c1[KL],(a.e2)[KL],(a.e1.e2)[LM],e2[LM],(e1.c3)[KL],(G-1.g1.d1.g)[KL],(G-1.g.e2)[KL],(g.b.e2)[LM],e2[LM],(b.d1.d3)[KL],d1[LM],e2[LM],(b.e2.g3)[LM],(e2.g3)[LM],(b.g1.e2.e1.g3)[LM],e2[LM],(e2.g1.e1.e3)[LM],e2[LM],(d1.e1.A-1.a1.b1.d2.g1.a)[KL],(A-1.a.a1)[KL],(a1.a.d1.e1)[LM],e1[LM],(d1.e1.b1)[LM],e1[LM],(e1.b1)[LM],e1[LM],(b1.d1.d2)[LM],d2[LM],(d1.g1.d2)[LM],d2[LM],(d2.g1.#c2.e3)[LM],(d2.e3)[LM],(d2.A-1.#c2.a1.e1.a)[LM],d2[LM],(#c2.A-1.#c1)[LM],#c2[LM],(#c1.e1.#c2)[LM],#c2[LM],(#c2.e1.G-1.e2.b1.c1.e)[LM],#c2[LM],(#c2.G-1.e2)[LM],#c2[LM],(e2.e1)[KL],(e1.c1.g1.e2)[KL],(B-1.g1)[MN],e[MN],B-1[MN],e[MN],(#D-1.c1.g1.#d1.g2.c2.f2.#a1.#a.#d)[KL],#d1[KL],(c2.g1.c3)[KL],(B-1.d2.#a1.d3.d1.g1)[KL],d3[KL],(f2.d2.g1.f3)[KL],(d2.f3)[KL],(e2.c2.e3)[KL],(F-1.c2.e2.a1.c1.e1.f)[KL],e1[KL],a1[KL],(c.e2.c2.e3.d2.e1.a1)[KL],(g2.e2.g3)[KL],(g2.e2.a1.g3)[LM],(f2.d2.f3)[LM],e2[LM],(f2.d2.f3)[LM],(e2.c2.e3)[LM],(e2.c2.e3)[LM],(G-1.e2.c2.e3.d1.g1.g)[KL],d1[KL],g1[KL],(d.a1.e1.g1.g)[KL],a1[KL],g1[KL],c2[JK],(F-1.d2.b1.G-1.d3.d1.g1.g)[KL],b1[KL],d2[KL],(d.F-1.a1.c2.d1.f1.a)[KL],(d2.b1.d3)[KL],(d2.b1.a1.d3)[KL],(F-1.c2.c3)[KL],F-1[MN],d[MN],F-1[MN],d[MN],(#G-1.c1.d2.#g.d3.#g1.c2.#d1.g1)[KL],g1[KL],(#G-1.d2.c1.#g.c2.d3)[KN],g1[MN],(#D-1.g2.d1.g.d2.g3)[KL],(d1.g)[KL],c2[KL],#G-1[KL],(#d1.c1.g2.c2.#d2)[KL],#G-1[KL],#D-1[JK],#D-1[KL],(c.g2.g3)[KL],(g2.g3)[KL],(#G-1.c2.#d1.c1.c3)[JK],(#A-1.c1.d2.d1.#a.d3.#a1.f1)[KL],d1[KL],(#A-1.d2.d1.#a.f1.d3)[KMO],g1[NO],(F-1.g2.#d1.g.#a1.g3.#d2)[KL],(#d1.g)[KL],(d.f1)[JK],(#A-1.d1.f1.d2.f2.#a1.#a)[KL],(g2.g3)[KL],(g2.g3)[KL],(g2.g3)[KL],(g2.g3)[KL],(g2.f1.d1)[KL],g2[KL],f2[JK],(d2.g2.c.g1.e1.c1)[KL],(d2.c.g)[KL],(d2.g.c1)[KL],(c2.c1.d1)[KL],(c2.d1)[KL],(c2.c1)[KL],(g2.c1)[KL],(g2.g1)[KL],(g2.g1)[KL],(g2.g1)[KL],(g2.g1)[KL],(g2.g1)[KL],(g2.g1)[KL],(g2.g1)[KL],(g2.g1)[KL],(g2.g1)[KL],(d1.g1.B-1.b)[KL],(B-1.g)[KL],(g.b)[KL],(c1.b.d1)[KL],d1[KL],b[KL],(g1.b)[KL],g1[KL],g1[KL],g1[KL],g1[KL],g1[KL],g1[KL],g1[KL],g1[KL],g1[KL],(d2.g1.#A-1.d1.#a)[KL],(d2.#A-1.g)[KL],(d2.g.c1)[KL],(c2.c1.d1)[KL],(c2.d1)[KL],(c2.c1)[KL],(g2.c1)[KL],(g2.g1)[KL],(g2.g1)[KL],(g2.g1)[KL],(g2.g1)[KL],(g2.g1)[KL],(g2.g1)[KL],(g2.g1)[KL],(g2.g1)[KL],(g2.g1)[KL],(g1.A-1.c1.f1.a)[KL],(A-1.a)[KL],(a.c1)[KL],(f1.c1.d1)[KL],d1[KL],c1[KL],(c2.c1)[KL],f1[KL],f1[HK],g[KL],g[KL],(g.f1.#G-1.g1.c1.#g)[KL],(g2.#G-1.#a.g1)[LM],g2[LM],(g1.c2.#a.c1.f1)[LM],(c2.f1)[LM],(d2.c1.d1.f1)[LM],(d2.f1)[LM],(f1.d1)[LM],f1[LM],(f1.c2.c1.e1)[LM],c2[LM],(c1.e1)[KL],(e1.#g1.f1)[KL],(#g1.f1)[KL],(f1.#g1)[KL],f1[KL],f1[KL],f1[KL],f1[KL],f1[KL],f1[KL],(f1.G-1.e1.c1.g)[KL],(f1.g2.G-1.g)[LM],g2[LM],(f1.c2.g.c1.e1)[LM],(c2.e1)[LM],(d2.c1.d1.e1)[LM],(d2.e1)[LM],(e1.d1)[LM],e1[LM],(e1.c2.c1.d1)[LM],c2[LM],(c1.d1)[KL],(d1.g1.e1)[KL],(g1.e1)[KL],(e1.g1)[KL],e1[KL],e1[KL],e1[KL],e1[KL],e1[KL],e1[KL],(e1.#F-1.a.#f)[KL],(e1.g2.#F-1.a)[LM],g2[LM],(e1.c2.a.c1.d1)[LM],(c2.d1)[LM],(d2.c1.e1.d1)[LM],(d2.d1)[LM],(d1.e1)[LM],d1[LM],(d1.c2.c1)[KL],(c2.c1)[KL],(c1.c2.e1)[KL],(F-1.e1.f)[KL],(e1.g3.F-1.a)[LM],g3[LM],(c3.a.c1.d1)[LM],(c3.d1)[LM],(d3.c1.e1.d1)[LM],(d3.d1)[LM],(d1.e1)[LM],d1[LM],(d1.c3.c1)[KL],(c3.c1)[KL],(c1.c3.d1)[KL],(G-1.d1.c1.g)[KL],(d1.g2.G-1.g)[LM],g2[LM],(c2.g.c1)[LM],c2[LM],(d2.c1.d1)[LM],d2[LM],d1[KL],(c2.c1)[LM],c2[LM],(c1.e1)[KL],(d2.e1)[KL],(d2.g.d1.b)[NO],b[NO],d1[KN],(d2.g)[NO],b[NO],d1[KN],g[NO],b[NO],d1[KN],g[NO],b[NO],d1[KN],g[NO],b[NO],d1[KN],g[NO],b[NO],d1[KN],g[NO],b[NO],d1[KN],(g.g1)[NO],b[NO],d1[MN],g1[LM],(g1.c)[LM],g1[LM],(g1.g2.c.g)[LM],g1[LM],(g1.c2.g.c1)[LM],c2[LM],(c2.d2.c1.d1)[LM],c2[LM],(c2.d1)[LM],c2[LM],(c2.c1.d2)[KL],(d2.c1.e1)[KL],(d2.e1.e2)[KL],(d2.e2.b)[NO],d1[NO],g1[KN],(e2.b)[NO],d1[NO],g1[KN],b[NO],d1[NO],g1[KN],b[NO],d1[NO],g1[KN],b[NO],d1[NO],g1[KN],b[NO],d1[NO],g1[KN],(b.e2)[NO],d1[NO],g1[KN],(e2.b)[NO],d1[NO],g1[KN],(e2.#A-1.g2)[KL],(e2.g2.#A-1.g)[KL],(g2.c2.g.c1.f2)[LM],f2[LM],(f2.d2.c1.d1)[LM],f2[LM],(f2.d1)[LM],f2[LM],(f2.c2.c1.e2)[KL],(e2.c1.g1)[KL],(e2.g1.f2)[KL],(e2.f2.a)[NO],c1[NO],f1[KN],(f2.a)[NO],c1[NO],f1[KN],a[NO],c1[NO],f1[KN],a[NO],c1[NO],f1[KN],a[NO],c1[NO],f1[KN],a[NO],c1[NO],f1[KN],(a.f2)[NO],c1[NO],f1[KN],(f2.a)[NO],c1[NO],f1[KN],(f2.#G-1.g2)[KL],(f2.g2.#G-1.#a)[KL],(g2.c2.#a.c1.f2)[LM],f2[LM],(f2.d2.c1.f1)[LM],f2[LM],(f2.f1)[LM],f2[LM],(f2.c2.f1)[KL],(f1.f2)[KL],(f2.f1)[KL],(f2.f1.G-1)[KL],(f2.g2.G-1.g)[KL],(f2.c2.g.c1.e2)[LM],e2[LM],(e2.d2.c1.e1)[LM],e2[LM],(e2.e1)[LM],e2[LM],(e2.c2.e1)[KL],(e1.e2)[KL],(e2.e1)[KL],(e2.e1.#F-1)[KL],(e2.g2.#F-1.a)[KL],(e2.c2.a.c1.d2)[LM],d2[LM],(d2.c1)[LM],d2[LM],(d2.f)[LM],d2[LM],(d2.c2.f.a)[KL],(c2.a.c1)[NO],c2[KMO],(c2.g1.c1.d2)[KL],(c2.d2.G-1)[KL],(d2.c2.G-1.c1)[KL],(c1.d1)[KL],(g2.d1.g1)[KL],g1[KL],(d2.b1.f1.g1)[KL],(g1.d2)[KL],(d2.e2.c2.g1)[LM],g1[LM],(d2.g1.c)[LM],g1[LM],(d2.g1.g2.c.g)[LM],(g1.g2)[LM],(g1.c2.g.c1)[LM],c2[LM],(d2.c1.d1.c2)[LM],(d2.c2)[LM],(c2.d1)[LM],c2[LM],(c2.c1.d2)[LM],c2[LM],(c1.g1.d2)[LM],"],"id":2},{"bpm":342,"baseBeats":0.75,"scores":["UV,mute[LM],mute[LM],5<UV>,TW,TU,TU,TU,TU,TU,TU,TW,TU,mute[LM],mute[LM],mute[LM],mute[LM],mute[LM],mute[LM],mute[LM],mute[LM],mute[LM],mute[LM],mute[LM],mute[LM],mute[LM],mute[LM],5<UV>,TW,TU,TU,TU,TU,TW,5<UV>,mute[LM],5<UV>,mute[LM],mute[LM],mute[LM],mute[LM],mute[LM],mute[LM],mute[LM],mute[LM],mute[LM],mute[LM],mute[LM],TU,mute[LM],mute[LM],mute[LM],mute[LM],mute[LM],mute[LM],mute[LM],mute[LM],mute[LM],mute[LM],mute[LM],mute[LM],mute[LM],mute[LM],mute[LM],mute[LM],mute[LM],mute[LM],mute[LM],mute[LM],mute[LM],mute[LM],mute[LM],mute[LM],mute[LM],5<UV>,mute[LM],mute[LM],mute[LM],mute[LM],mute[LM],mute[LM],mute[LM],mute[LM],mute[LM],mute[LM],mute[LM],mute[LM],TU,TU,TU,TU,TU,TU,TU,TU,TU,mute[LM],mute[LM],TU,TU,TU,mute[LM],mute[LM],TU,TU,TU,mute[LM],mute[LM],TU,TU,mute[LM],mute[LM],TU,TU,TU,TU,mute[LM],mute[LM],mute[LM],mute[LM],mute[LM],mute[LM],mute[LM],mute[LM],mute[LM],mute[LM],mute[LM],mute[LM],mute[LM],mute[LM],mute[LM],mute[LM],mute[LM],mute[LM],mute[LM],mute[LM],mute[LM],mute[LM],TU,mute[LM],mute[LM],mute[LM],mute[LM],mute[LM],mute[LM],TU,mute[LM],mute[LM],TU,TU,TU,mute[LM],mute[LM],TU,TU,TU,mute[LM],mute[LM],TU,mute[LM],mute[LM],mute[LM],mute[LM],mute[LM],mute[LM],mute[LM],mute[LM],TU,TU,mute[LM],mute[LM],mute[LM],mute[LM],mute[LM],mute[LM],mute[LM],mute[LM],mute[LM],mute[LM],mute[LM],mute[LM],mute[LM],mute[LM],mute[LM],mute[LM],mute[LM],mute[LM],mute[LM],mute[LM],mute[LM],mute[LM],TU,TU,5<UV>,5<UV>,TU,TU,TU,TU,TU,TU,TU,TU,TU,TU,TU,TU,TU,mute[LM],mute[LM],mute[LM],mute[LM],mute[LM],mute[LM],TU,TU,TU,TU,TU,TU,ST,TU,TU,TU,TU,TU,TU,TU,5<UV>,5<UV>,TU,TU,TU,TU,TU,TU,TU,TU,TU,ST,TU,TU,TU,ST,TU,TU,TU,TU,TU,ST,TU,TU,TU,TU,TU,TU,TU,ST,TU,TU,TU,TU,TU,TU,TU,TU,TU,TU,TU,TU,TU,TU,TU,TU,TU,TU,TU,TU,TU,TU,TU,TU,TU,TU,TU,TU,TU,TU,TU,TU,TU,TU,TU,TU,TU,TU,TU,TU,TU,TU,TU,TU,TU,TU,TU,TU,TU,TU,TU,TU,TU,TU,TU,TU,QT,TU,TVWXY,","d2[LM],(d2.g1.e2)[LM],d2[LM],(d2.g1.g.e2)[NO],b[NO],e1[MN],d2[LM],(e2.g1.g)[NO],b[NO],e1[KN],g[NO],b[NO],e1[KN],g[NO],b[NO],e1[KN],g[NO],b[NO],e1[KN],g[NO],b[NO],e1[KN],(g.e2)[NO],b[NO],e1[KN],(g.e2)[NO],b[NO],e1[KN],(e2.#A-1.g2)[KL],(e2.g2.#A-1.g)[LM],g2[LM],(g2.c2.g.c1.f2)[LM],(c2.f2)[LM],(d2.c1.d1.f2.c3)[LM],(d2.f2)[LM],(f2.d1.c3)[LM],(f2.c3)[LM],(c3.c2.c1.f2)[LM],(c3.c2)[LM],(c3.c1.g1.f2)[LM],(c3.f2)[LM],(f2.g1)[LM],f2[LM],(f2.a)[NO],c1[NO],f1[MN],f2[LM],(f2.a)[NO],c1[NO],f1[KN],a[NO],c1[NO],f1[KN],a[NO],c1[NO],f1[KN],a[NO],c1[NO],f1[KN],a[NO],c1[NO],f1[KN],a[NO],c1[NO],f1[MN],f2[LM],(a.f2)[NO],c1[NO],f1[MN],f2[LM],(#G-1.f2.g2)[LM],f2[LM],(f2.g2.#G-1.#a)[LM],(f2.g2)[LM],(g2.c2.#a.c1.f2)[LM],(c2.f2)[LM],(d2.c1.f1.f2.c3)[LM],(d2.f2)[LM],(f2.f1.c3)[LM],f2[LM],(c3.c2.f1)[KL],(c2.f1)[LM],c3[LM],(c2.f1.c3)[LM],c3[LM],(f1.G-1.c3.f2)[LM],c3[LM],(c3.g3.G-1.g.f2)[LM],(c3.g3)[LM],(f2.c3.g.c1.e2)[LM],(c3.e2)[LM],(d3.c1.e1.e2.c3)[LM],(d3.e2)[LM],(e2.e1.c3)[LM],e2[LM],(c3.e1)[LM],c3[LM],(c3.e1)[LM],c3[LM],(c3.e1.g1)[LM],c3[NO],g1[LO],(c3.e1.F-1.g1.a1)[LM],(c3.g1)[LM],(g1.g2.F-1.a.a1)[LM],(g1.g2)[LM],(a1.c2.a.c1.e2)[LM],c2[MN],e2[MN],(d2.c1.e2)[LM],(d2.e2)[LM],(e2.G-1.d2)[LM],(e2.d2)[LM],(d2.c2.G-1.g)[LM],(d2.c2)[LM],(d2.g.c1.c2)[LM],(d2.c2)[LM],(c2.c1)[LM],c2[LM],(c2.A-1)[LM],c2[LM],(c2.A-1.e)[KL],(e.a)[KL],(a.c1)[KL],c1[KL],c1[KL],(c1.e2)[KL],c1[KL],(c1.F-1.a2.c2.e2.a1.f1.f)[KL],(F-1.f)[KL],(f.a.e2)[LM],e2[LM],(a.c1.b2)[KL],c1[KL],(a.e2)[KL],(a.e1.e2)[LM],e2[LM],(e1.c3)[KL],(G-1.g1.d1.g)[KL],(G-1.g.e2)[KL],(g.b.e2)[LM],e2[LM],(b.d1.d3)[KL],d1[KL],(b.g3)[LM],g3[LM],(b.g1.e1.g3)[KL],(g1.e1.e3)[KL],(e1.E-1.a1.g1.e)[KL],(E-1.e.a1)[KL],(a1.e.g.e1)[LM],e1[LM],(g.b.e1.b1)[LM],e1[LM],(e1.b.b1)[LM],e1[LM],(b1.g.e1)[LM],e1[LM],(g.d1.e1)[LM],e1[LM],(e1.d1.c2.e3)[LM],(e1.e3)[LM],(e1.A-1.c2.g1.a)[LM],e1[LM],(c2.A-1.a.e1)[LM],e1[LM],(a.c1.e1)[LM],e1[LM],(e1.c1.d2)[LM],e1[LM],(e1.d2)[LM],e1[LM],(d2.c1.g2)[LMNO],g2[LO],(c1.g1.g2.e2)[LM],g2[LM],(g2.g1.e2)[LM],g2[LM],(g2.F-1.e2.a2.c2.a1.f1.f)[LM],g2[LM],(e2.F-1.f)[KL],(f.a.e2)[LM],e2[LM],(a.c1.b2)[KL],c1[KL],(a.e2)[KL],(a.e1.e2)[LM],e2[LM],(e1.c3)[KL],(G-1.g1.d1.g)[KL],(G-1.g.e2)[KL],(g.b.e2)[LM],e2[LM],(b.d1.d3)[KL],d1[LM],e2[LM],(b.e2.g3)[LM],(e2.g3)[LM],(b.g1.e2.e1.g3)[LM],e2[LM],(e2.g1.e1.e3)[LM],e2[LM],(d1.e1.A-1.a1.b1.d2.g1.a)[KL],(A-1.a.a1)[KL],(a1.a.d1.e1)[LM],e1[LM],(d1.e1.b1)[LM],e1[LM],(e1.b1)[LM],e1[LM],(b1.d1.d2)[LM],d2[LM],(d1.g1.d2)[LM],d2[LM],(d2.g1.#c2.e3)[LM],(d2.e3)[LM],(d2.A-1.#c2.a1.e1.a)[LM],d2[LM],(#c2.A-1.#c1)[LM],#c2[LM],(#c1.e1.#c2)[LM],#c2[LM],(#c2.e1.G-1.e2.b1.c1.e)[LM],#c2[LM],(#c2.G-1.e2)[LM],#c2[LM],(e2.e1)[KL],(e1.c1.g1.e2)[KL],(B-1.g1)[MN],e[MN],B-1[MN],e[MN],(#D-1.c1.g1.#d1.g2.c2.f2.#a1.#a.#d)[KL],#d1[KL],(c2.g1.c3)[KL],(B-1.d2.#a1.d3.d1.g1)[KL],d3[KL],(f2.d2.g1.f3)[KL],(d2.f3)[KL],(e2.c2.e3)[KL],(F-1.c2.e2.a1.c1.e1.f)[KL],e1[KL],a1[KL],(c.e2.c2.e3.d2.e1.a1)[KL],(g2.e2.g3)[KL],(g2.e2.a1.g3)[LM],(f2.d2.f3)[LM],e2[LM],(f2.d2.f3)[LM],(e2.c2.e3)[LM],(e2.c2.e3)[LM],(G-1.e2.c2.e3.d1.g1.g)[KL],d1[KL],g1[KL],(d.a1.e1.g1.g)[KL],a1[KL],g1[KL],c2[JK],(F-1.d2.b1.G-1.d3.d1.g1.g)[KL],b1[KL],d2[KL],(d.F-1.a1.c2.d1.f1.a)[KL],(d2.b1.d3)[KL],(d2.b1.a1.d3)[KL],(F-1.c2.c3)[KL],F-1[MN],d[MN],F-1[MN],d[MN],(#G-1.c1.d2.#g.d3.#g1.c2.#d1.g1)[KL],g1[KL],(#G-1.d2.c1.#g.c2.d3)[KN],g1[MN],(#D-1.g2.d1.g.d2.g3)[KL],(d1.g)[KL],c2[KL],#G-1[KL],(#d1.c1.g2.c2.#d2)[KL],#G-1[KL],#D-1[JK],#D-1[KL],(c.g2.g3)[KL],(g2.g3)[KL],(#G-1.c2.#d1.c1.c3)[JK],(#A-1.c1.d2.d1.#a.d3.#a1.f1)[KL],d1[KL],(#A-1.d2.d1.#a.f1.d3)[KMO],g1[NO],(F-1.g2.#d1.g.#a1.g3.#d2)[KL],(#d1.g)[KL],(d.f1)[JK],(#A-1.d1.f1.d2.f2.#a1.#a)[KL],(g2.g3)[KL],(g2.g3)[KL],(g2.g3)[KL],(g2.g3)[KL],(g2.f1.d1)[KL],g2[KL],f2[JK],(d2.g2.c.g1.e1.c1)[KL],(d2.c.g)[KL],(d2.g.c1)[KL],(c2.c1.d1)[KL],(c2.d1)[KL],(c2.c1)[KL],(g2.c1)[KL],(g2.g1)[KL],(g2.g1)[KL],(g2.g1)[KL],(g2.g1)[KL],(g2.g1)[KL],(g2.g1)[KL],(g2.g1)[KL],(g2.g1)[KL],(g2.g1)[KL],(d1.g1.B-1.b)[KL],(B-1.g)[KL],(g.b)[KL],(c1.b.d1)[KL],d1[KL],b[KL],(g1.b)[KL],g1[KL],g1[KL],g1[KL],g1[KL],g1[KL],g1[KL],g1[KL],g1[KL],g1[KL],(d2.g1.#A-1.d1.#a)[KL],(d2.#A-1.g)[KL],(d2.g.c1)[KL],(c2.c1.d1)[KL],(c2.d1)[KL],(c2.c1)[KL],(g2.c1)[KL],(g2.g1)[KL],(g2.g1)[KL],(g2.g1)[KL],(g2.g1)[KL],(g2.g1)[KL],(g2.g1)[KL],(g2.g1)[KL],(g2.g1)[KL],(g2.g1)[KL],(g1.A-1.c1.f1.a)[KL],(A-1.a)[KL],(a.c1)[KL],(f1.c1.d1)[KL],d1[KL],c1[KL],(c2.c1)[KL],f1[KL],f1[HK],g[KL],g[KMNOP],"],"id":3}],"audition":{"start":[0,0],"end":[1,0]}}