{"baseBpm":184,"musics":[{"bpm":184,"baseBeats":0.25,"scores":["(f2.f3)[M],(g2.g3)[M],(f2.f3)[K],(#A-1.#a)[K],(#A-1.#a)[L],(#g.#g1)[K],(A-1.#g1)[L],#A-1[L],#g1[L],(#A-1.#a)[L],(#g.#g1)[K],(f.f1)[L],(#A-1.#c1.#c)[K],#A-1[K],#A-1[K],(#A-1.d1.d)[K],#A-1[L],(F-1.#d1.#d)[KL],(#A-1.#a)[KL],(F-1.#g1.#g)[L],#G-1[L],(A-1.#g1)[L],#A-1[L],#g1[L],(#a.#A-1)[L],(#g1.#g)[K],(f1.f)[L],(#A-1.d1.d)[K],#A-1[K],#A-1[K],(#A-1.#c1.#c)[K],#A-1[L],(F-1.e1.e)[K],c[L],(F-1.f1.f)[K],(e1.e)[K],"],"id":1},{"bpm":184,"baseBeats":0.25,"scores":["(#d1.#d)[L],#c[L],(d.d1)[JK],(E-1.e1.e)[K],(#d1.#d)[K],(d1.d)[L],c[L],(#c.#c1)[JK],(#D-1.#d1.c1.#d)[K],(d1.b.d)[K],(#c1.#a.#c)[L],B-1[L],(c.c1.a)[JK],(#D-1.B-1.b.#f)[K],(b.#f)[K],(b.#f)[L],#D-1[L],(b.#f)[K],(b.#f)[K],(b.#f)[IJK],(#A-1.#a)[K],(#A-1.#a)[L],(#g.#g1)[K],(A-1.#g1)[L],#A-1[L],#g1[L],(#A-1.#a)[L],(#g.#g1)[K],(f.f1)[L],(#A-1.#c1.#c)[K],#A-1[K],#A-1[K],(#A-1.d1.d)[K],#A-1[L],(F-1.#d1.#d)[KL],(#A-1.#a)[KL],"],"id":2},{"bpm":184,"baseBeats":0.25,"scores":["(F-1.#g1.#g)[L],#G-1[L],(A-1.#g1)[L],#A-1[L],#g1[L],(#a.#A-1)[L],(#g1.#g)[K],(f1.f)[L],(#A-1.d1.d)[K],#A-1[K],#A-1[K],(#A-1.#c1.#c)[K],#A-1[L],(F-1.e1.e)[K],c[L],(F-1.f1.f)[K],(e1.e)[K],(#d1.#d)[L],#c[L],(d.d1)[JK],(E-1.e1.e)[K],(#d1.#d)[K],(d1.d)[L],c[L],(#c.#c1)[JK],(#D-1.#d1.c1.#d)[K],(d1.b.d)[K],(#c1.#a.#c)[L],B-1[L],(c.c1.a)[JK],(#D-1.B-1.b.#f)[K],(b.#f)[K],(b.#f)[L],#D-1[L],(b.#f)[K],(b.#f)[K],(b.#f)[L],"],"id":3}],"audition":{"start":[0,0],"end":[1,0]}}