{"baseBpm":80,"musics":[{"id":1,"baseBeats":0.25,"scores":["(a.b.d1)[K],(a.b.d1)[K],(a.b.d1.d2)[K],(a.b.d1)[K],(a.b.d1)[K],(a.b.d1)[K],a1[M],b1[M],g1[M],d1[L],g[M],a[M],b[M],(a.b.d1)[K],(a.b.d1)[K],(a.b.d1.d2)[K],(a.b.d1)[K],(a.b.d1)[K],(a.b.d1)[L],a[M],b[M],c1[L],5<b[N],W>,a[LM],g[L],(a.b.d1)[K],(a.b.d1)[K],(a.b.d1.d2)[K],(a.b.d1)[K],(a.b.d1)[K],(a.b.d1)[LM],5<g1[N],W>,(d1.b1)[L],5<(c1.a1)[N],W>,(b.g1)[LM],(a.#f1)[L],(a.b.d1)[K],(a.b.d1)[K],(a.b.d1.d2)[K],(a.b.d1)[K],(a.b.d1)[I],(a.b.d1)[K],(a.b.d1)[K],(a.b.d1.d2)[K],(a.b.d1)[K],(a.b.d1)[K],(a.b.d1)[K],(a.b.d1.d2)[K],(a.b.d1)[K],(a.b.d1)[K],(a.b.d1)[K],(a.b.d1.d2)[K],(a.b.d1)[K],(a.b.d1)[K],(a.b.d1)[L],a[M],b[M],c1[L],b[M],a[LM],g[L],(a.b.d1)[K],(a.b.d1)[K],(a.b.d1.d2)[K],(a.b.d1)[K],(a.b.d1)[K],(a.b.d1)[K],(a.b.d1.d2)[K],(a.b.d1)[K],(a.b.d1)[K],(a.b.d1)[K],(a.b.d1.d2)[K],(a.b.d1)[K],(a.b.d1)[K],(a.b.d1)[L],a[M],b[M],c1[L],b[M],a[LM],g[L],(a.b.d1)[K],(a.b.d1)[K],(a.b.d1.d2)[K],(a.b.d1)[K],(a.b.d1)[K],(a.b.d1)[K],(a.b.d1.d2)[K],(a.b.d1)[K],(a.b.d1)[K],(a.b.d1)[K],(a.b.d1.d2)[K],(a.b.d1)[K],(a.b.d1)[K],(a.b.d1)[K],(a.b.d1.d2)[K],(a.b.d1)[K],(a.b.d1)[K],(a.b.d1)[K],(a.b.d1.d2)[K],(a.b.d1)[K],(a.b.d1)[K],(a.b.d1)[K],(a.b.d1.d2)[K],(a.b.d1)[K],(a.b.d1)[K],(a.b.d1)[K],(a.b.d1.d2)[K],(a.b.d1)[K],(#f.a)[I],g2[M],#f2[M],g2[M],e2[M],g2[M],#f2[M],g2[M],d2[M],e2[M],b1[M],d2[M],a1[M],b1[M],g1[M],a1[M],g1[M],g2[M],#f2[M],g2[M],e2[M],g2[M],#f2[M],g2[M],d2[M],e2[M],b1[M],d2[M],a1[M],b1[M],g1[M],a1[M],g1[M],(d1.#f1)[L],(d1.#f1)[L],(d1.#f1)[L],(d1.#f1)[L],(d1.#f1)[L],(d1.#f1)[L],(d1.#f1)[L],(d1.#f1)[L],(e1.g1)[L],(e1.g1)[L],(e1.g1)[L],(e1.g1)[L],(e1.e2)[M],(#f1.#f2)[M],(g1.g2)[L],(g1.g2)[M],(a1.a2)[M],(b1.b2)[L],g2[M],#f2[M],g2[M],e2[M],g2[M],#f2[M],g2[M],d2[M],e2[M],b1[M],d2[M],a1[M],b1[M],g1[M],a1[M],g1[M],g2[M],#f2[M],g2[M],e2[M],g2[M],#f2[M],g2[M],d2[M],e2[M],b1[M],d2[M],a1[M],b1[M],g1[M],a1[M],g1[M],(b.d1)[L],(b.d1)[L],(b.d1)[L],(b.d1)[L],(d1.#f1)[L],(d1.#f1)[L],(d1.#f1)[L],(d1.#f1)[L],(e1.g1)[L],(e1.g1)[L],(e1.g1)[L],(e1.g1)[L],(e1.g1)[L],(e1.g1)[L],(e1.g1)[L],(e1.g1)[L],(g.c1)[L],(g.c1)[L],(g.c1)[L],(g.c1)[L],(g.b.d1)[L],(g.b.d1)[L],(g.b.d1)[L],(g.b.d1)[L],(g.b.e1)[I],","(G-1.g)[JKL],g[L],(E-1.e)[KL],e[KL],e[K],(C-1.c)[JKL],c[L],(G-1.g)[JKM],g[M],d[M],G-1[M],(G-1.g)[JKL],g[L],(E-1.e)[KL],B-1[M],E-1[KL],E-1[LM],(C-1.c)[JK],a[M],g[M],d[L],(G-1.g)[I],(G-1.g)[JKL],g[L],(E-1.e)[JLM],e[M],a[M],g[M],d[L],(C-1.c)[JKL],c[L],(G-1.g)[JKM],g[M],d[M],G-1[M],(G-1.g)[JKL],g[L],(E-1.e)[JKL],e[L],(C-1.c)[JKL],c[L],(G-1.g)[JKM],g[M],d[M],G-1[M],(G-1.g)[L],(G-1.g)[K],(G-1.g)[K],(G-1.g)[K],(G-1.g)[L],(E-1.e)[L],(E-1.e)[K],(E-1.e)[K],(E-1.e)[K],(E-1.e)[L],(C-1.c)[L],(C-1.c)[K],(C-1.c)[K],(C-1.c)[K],(C-1.c)[L],(G-1.g)[L],(G-1.g)[K],(G-1.g)[K],(G-1.g)[K],(G-1.g)[L],(B-2.B-1)[L],(B-2.B-1)[K],(B-2.B-1)[K],(B-2.B-1)[K],(B-2.B-1)[L],(C-1.c)[L],(C-1.c)[K],(C-1.c)[K],(C-1.c)[L],a[M],g[M],d[L],(D-1.d)[L],(D-1.d)[K],(D-1.d)[K],(D-1.d)[K],(D-1.d)[L],(D-1.d)[I],(C-1.c)[L],(C-1.c)[L],(C-1.c)[L],(C-1.c)[L],(C-1.c)[L],(C-1.c)[L],(C-1.c)[L],(C-1.c)[L],(C-1.c)[L],(C-1.c)[L],(C-1.c)[L],(C-1.c)[L],(C-1.c)[L],(C-1.c)[L],(C-1.c)[L],(C-1.c)[L],(B-2.B-1)[L],(B-2.B-1)[L],(B-2.B-1)[L],(B-2.B-1)[L],(B-2.B-1)[L],(B-2.B-1)[L],(B-2.B-1)[L],(B-2.B-1)[L],(E-1.e)[L],(E-1.e)[L],(E-1.e)[L],(E-1.e)[L],(E-1.e)[L],(E-1.e)[L],(E-1.e)[L],(E-1.e)[L],(C-1.c)[L],(C-1.c)[L],(C-1.c)[L],(C-1.c)[L],(C-1.c)[L],(C-1.c)[L],(C-1.c)[L],(C-1.c)[L],(C-1.c)[L],(C-1.c)[L],(C-1.c)[L],(C-1.c)[L],(C-1.c)[L],(C-1.c)[L],(C-1.c)[L],(C-1.c)[L],(B-2.B-1)[L],(B-2.B-1)[L],(B-2.B-1)[L],(B-2.B-1)[L],(D-1.d)[L],(D-1.d)[L],(D-1.d)[L],(D-1.d)[L],(E-1.e)[L],(E-1.e)[L],(E-1.e)[L],(E-1.e)[L],(E-1.e)[L],(E-1.e)[L],(E-1.e)[L],(E-1.e)[L],(C-1.c)[L],(C-1.c)[L],(C-1.c)[L],(C-1.c)[L],(C-1.c)[L],(C-1.c)[L],(C-1.c)[L],(C-1.c)[L],(C-1.c)[I],"]},{"bpm":84,"baseBeats":0.25,"scores":["(a.b.d1)[K],(a.b.d1)[K],(a.b.d1.d2)[K],(a.b.d1)[K],(a.b.d1)[K],(a.b.d1)[K],(a.b.d1.d2)[K],(a.b.d1)[K],(a.b.d1)[K],(a.b.d1)[K],(a.b.d1.d2)[K],(a.b.d1)[K],(a.b.d1)[K],(a.b.d1)[L],a[M],b[M],c1[L],b[M],a[LM],g[L],(a.b.d1)[K],(a.b.d1)[K],(a.b.d1.d2)[K],(a.b.d1)[K],(a.b.d1)[K],(a.b.d1)[K],(a.b.d1.d2)[K],(a.b.d1)[K],(a.b.d1)[K],(a.b.d1)[K],(a.b.d1.d2)[K],(a.b.d1)[K],(a.b.d1)[K],(a.b.d1)[L],a[M],b[M],c1[L],b[M],a[LM],g[L],(a.b.d1)[K],(a.b.d1)[K],(a.b.d1.d2)[K],(a.b.d1)[K],(a.b.d1)[K],(a.b.d1)[K],(a.b.d1.d2)[K],(a.b.d1)[K],(a.b.d1)[K],(a.b.d1)[K],(a.b.d1.d2)[K],(a.b.d1)[K],(a.b.d1)[K],(a.b.d1)[K],(a.b.d1.d2)[K],(a.b.d1)[K],(a.b.d1)[K],(a.b.d1)[K],(a.b.d1.d2)[K],(a.b.d1)[K],(a.b.d1)[K],(a.b.d1)[K],(a.b.d1.d2)[K],(a.b.d1)[K],(a.b.d1)[K],(a.b.d1)[K],(a.b.d1.d2)[K],(a.b.d1)[K],(#f.a)[I],g2[M],#f2[M],g2[M],e2[M],g2[M],#f2[M],g2[M],d2[M],e2[M],b1[M],d2[M],a1[M],b1[M],g1[M],a1[M],g1[M],g2[M],#f2[M],g2[M],e2[M],g2[M],#f2[M],g2[M],d2[M],e2[M],b1[M],d2[M],a1[M],b1[M],g1[M],a1[M],g1[M],(d1.#f1)[L],(d1.#f1)[L],(d1.#f1)[L],(d1.#f1)[L],(d1.#f1)[L],(d1.#f1)[L],(d1.#f1)[L],(d1.#f1)[L],(e1.g1)[L],(e1.g1)[L],(e1.g1)[L],(e1.g1)[L],(e1.e2)[M],(#f1.#f2)[M],(g1.g2)[L],(g1.g2)[M],(a1.a2)[M],(b1.b2)[L],g2[M],#f2[M],g2[M],e2[M],g2[M],#f2[M],g2[M],d2[M],e2[M],b1[M],d2[M],a1[M],b1[M],g1[M],a1[M],g1[M],g2[M],#f2[M],g2[M],e2[M],g2[M],#f2[M],g2[M],d2[M],e2[M],b1[M],d2[M],a1[M],b1[M],g1[M],a1[M],g1[M],(b.d1)[L],(b.d1)[L],(b.d1)[L],(b.d1)[L],(d1.#f1)[L],(d1.#f1)[L],(d1.#f1)[L],(d1.#f1)[L],(e1.g1)[L],(e1.g1)[L],(e1.g1)[L],(e1.g1)[L],(e1.g1)[L],(e1.g1)[L],(e1.g1)[L],(e1.g1)[L],(g.c1)[L],(g.c1)[L],(g.c1)[L],(g.c1)[L],(g.b.d1)[L],(g.b.d1)[L],(g.b.d1)[L],(g.b.d1)[L],(g.b.e1)[I],(g.b.e1)[K],(g.b.e1)[K],(a.d1.#f1)[K],(a.d1.#f1)[K],(b.e1.g1)[K],(b.e1.g1)[K],(b.e1.g1)[LM],g2[M],#f2[M],g2[M],d2[M],b1[M],b1[J],a1[K],d2[K],b1[KL],a1[M],g1[LM],5<#f1[N],W>,e1[K],V,(e1.g1)[L],c1[L],(e1.g1)[L],c1[L],(e1.g1)[L],c1[L],(e1.g1)[L],c1[L],(#f1.a1)[L],d1[L],(#f1.a1)[L],d1[L],(#f1.a1)[L],d1[L],(#f1.a1)[L],d1[L],(#d1.#a1)[L],c1[L],(#d1.#a1)[L],c1[L],(#d1.#a1)[L],c1[L],(#d1.#a1)[L],c1[L],(#f1.a1)[L],d1[L],(#f1.a1)[L],d1[L],(#f1.a1)[L],d1[L],(#f1.a1)[L],d1[L],","(G-1.g)[JKL],g[L],(E-1.e)[JLM],e[M],a[M],g[M],d[L],(C-1.c)[JKL],c[L],(G-1.g)[JKM],g[M],d[M],G-1[M],(G-1.g)[JKL],g[L],(E-1.e)[JKL],e[L],(C-1.c)[JKL],c[L],(G-1.g)[JKM],g[M],d[M],G-1[M],(G-1.g)[L],(G-1.g)[K],(G-1.g)[K],(G-1.g)[K],(G-1.g)[L],(E-1.e)[L],(E-1.e)[K],(E-1.e)[K],(E-1.e)[K],(E-1.e)[L],(C-1.c)[L],(C-1.c)[K],(C-1.c)[K],(C-1.c)[K],(C-1.c)[L],(G-1.g)[L],(G-1.g)[K],(G-1.g)[K],(G-1.g)[K],(G-1.g)[L],(B-2.B-1)[L],(B-2.B-1)[K],(B-2.B-1)[K],(B-2.B-1)[K],(B-2.B-1)[L],(C-1.c)[L],(C-1.c)[K],(C-1.c)[K],(C-1.c)[L],a[M],g[M],d[L],(D-1.d)[L],(D-1.d)[K],(D-1.d)[K],(D-1.d)[K],(D-1.d)[L],(D-1.d)[I],(C-1.c)[L],(C-1.c)[L],(C-1.c)[L],(C-1.c)[L],(C-1.c)[L],(C-1.c)[L],(C-1.c)[L],(C-1.c)[L],(C-1.c)[L],(C-1.c)[L],(C-1.c)[L],(C-1.c)[L],(C-1.c)[L],(C-1.c)[L],(C-1.c)[L],(C-1.c)[L],(B-2.B-1)[L],(B-2.B-1)[L],(B-2.B-1)[L],(B-2.B-1)[L],(B-2.B-1)[L],(B-2.B-1)[L],(B-2.B-1)[L],(B-2.B-1)[L],(E-1.e)[L],(E-1.e)[L],(E-1.e)[L],(E-1.e)[L],(E-1.e)[L],(E-1.e)[L],(E-1.e)[L],(E-1.e)[L],(C-1.c)[L],(C-1.c)[L],(C-1.c)[L],(C-1.c)[L],(C-1.c)[L],(C-1.c)[L],(C-1.c)[L],(C-1.c)[L],(C-1.c)[L],(C-1.c)[L],(C-1.c)[L],(C-1.c)[L],(C-1.c)[L],(C-1.c)[L],(C-1.c)[L],(C-1.c)[L],(B-2.B-1)[L],(B-2.B-1)[L],(B-2.B-1)[L],(B-2.B-1)[L],(D-1.d)[L],(D-1.d)[L],(D-1.d)[L],(D-1.d)[L],(E-1.e)[L],(E-1.e)[L],(E-1.e)[L],(E-1.e)[L],(E-1.e)[L],(E-1.e)[L],(E-1.e)[L],(E-1.e)[L],(C-1.c)[L],(C-1.c)[L],(C-1.c)[L],(C-1.c)[L],(C-1.c)[L],(C-1.c)[L],(C-1.c)[L],(C-1.c)[L],(C-1.c)[IL],(E-1.e)[K],(E-1.e)[K],(#F-1.#f)[K],(#F-1.#f)[K],(G-1.g)[K],(G-1.g)[K],(G-1.g)[K],(G-1.g)[L],(c.e)[L],C-1[L],(c.e)[L],C-1[L],(d.#f)[L],D-1[L],(d.#f)[L],D-1[L],(e.g)[L],E-1[L],(e.g)[L],E-1[L],(e.g)[L],E-1[L],(e.g)[L],E-1[L],(C-1.c)[K],(C-1.c)[K],(C-1.c)[K],(C-1.c)[K],(D-1.d)[K],(D-1.d)[K],(D-1.d)[K],(D-1.d)[K],(C-1.c)[K],(C-1.c)[K],(C-1.c)[K],(C-1.c)[K],(D-1.d)[K],(D-1.d)[K],(D-1.d)[K],(D-1.d)[K],"],"id":2},{"bpm":88,"baseBeats":0.25,"scores":["(#f.a.d1)[IJ],mute[L],mute[L],mute[L],mute[L],g2[M],#f2[M],g2[M],e2[M],g2[M],#f2[M],g2[M],d2[M],e2[M],b1[M],d2[M],a1[M],b1[M],g1[M],a1[M],g1[M],g2[M],#f2[M],g2[M],e2[M],g2[M],#f2[M],g2[M],d2[M],e2[M],b1[M],d2[M],a1[M],b1[M],g1[M],a1[M],g1[M],(d1.#f1)[L],(d1.#f1)[L],(d1.#f1)[L],(d1.#f1)[L],(d1.#f1)[L],(d1.#f1)[L],(d1.#f1)[L],(d1.#f1)[L],(e1.g1)[L],(e1.g1)[L],(e1.g1)[L],(e1.g1)[L],(e1.e2)[M],(#f1.#f2)[M],(g1.g2)[L],(g1.g2)[M],(a1.a2)[M],(b1.b2)[L],g2[M],#f2[M],g2[M],e2[M],g2[M],#f2[M],g2[M],d2[M],e2[M],b1[M],d2[M],a1[M],b1[M],g1[M],a1[M],g1[M],g2[M],#f2[M],g2[M],e2[M],g2[M],#f2[M],g2[M],d2[M],e2[M],b1[M],d2[M],a1[M],b1[M],g1[M],a1[M],g1[M],(#f.b.d1)[L],(#f.b.d1)[L],(#f.b.d1)[L],(#f.b.d1)[L],(a.d1.#f1)[L],(a.d1.#f1)[L],(a.d1.#f1)[L],(a.d1.#f1)[L],(b.e1.g1)[L],(b.e1.g1)[L],(b.e1.g1)[L],(b.e1.g1)[L],e2[M],d2[M],b1[M],b2[M],a2[M],b2[M],a2[M],g2[M],g2[M],#f2[M],g2[M],e2[M],g2[M],#f2[M],g2[M],d2[M],e2[M],b1[M],d2[M],a1[M],b1[M],g1[M],a1[M],g1[M],g2[M],#f2[M],g2[M],e2[M],g2[M],#f2[M],g2[M],d2[M],e2[M],b1[M],d2[M],a1[M],b1[M],g1[M],a1[M],g1[M],(#f.b.d1)[L],(#f.b.d1)[L],(#f.b.d1)[L],(#f.b.d1)[L],(#f.b.d1)[L],(#f.b.d1)[L],(#f.b.d1)[L],(#f.b.d1)[L],(b.e1.g1)[L],(b.e1.g1)[L],(b.e1.g1)[L],(b.e1.g1)[L],(e1.e2)[M],(#f1.#f2)[M],(g1.g2)[L],(g1.g2)[M],(a1.a2)[M],(b1.b2)[L],g2[M],#f2[M],g2[M],e2[M],g2[M],#f2[M],g2[M],d2[M],e2[M],b1[M],d2[M],a1[M],b1[M],g1[M],a1[M],g1[M],g2[M],#f2[M],g2[M],e2[M],g2[M],#f2[M],g2[M],d2[M],e2[M],b1[M],d2[M],a1[M],b1[M],g1[M],a1[M],g1[M],(#f.b.d1)[L],(#f.b.d1)[L],(#f.b.d1)[L],(#f.b.d1)[L],(a.d1.#f1)[L],(a.d1.#f1)[L],(a.d1.#f1)[L],(a.d1.#f1)[L],(b.e1.g1)[L],(b.e1.g1)[L],(b.e1.g1)[L],(b.e1.g1)[L],(b.e1.g1)[L],(b.e1.g1)[L],(b.e1.g1)[L],(b.e1.g1)[L],(g.c1)[L],(g.c1)[L],(g.c1)[L],(g.c1)[L],(g.b.d1)[L],(g.b.d1)[L],(g.b.d1)[L],(g.b.d1)[L],(g.b.e1)[I],g2[M],#f2[M],g2[M],e2[M],g2[M],#f2[M],g2[M],d2[M],e2[M],b1[M],d2[M],a1[M],b1[M],g1[M],a1[M],g1[M],g2[M],#f2[M],g2[M],e2[M],g2[M],#f2[M],g2[M],d2[M],e2[M],b1[M],d2[M],a1[M],b1[M],g1[M],a1[M],g1[M],(#f.b.d1)[L],(#f.b.d1)[L],(#f.b.d1)[L],(#f.b.d1)[L],(#f.b.d1)[L],(#f.b.d1)[L],(#f.b.d1)[L],(#f.b.d1)[L],(b.e1.g1)[L],(b.e1.g1)[L],(b.e1.g1)[L],(b.e1.g1)[L],(e1.e2)[M],(#f1.#f2)[M],(g1.g2)[L],(g1.g2)[M],(a1.a2)[M],(b1.b2)[L],g2[M],#f2[M],g2[M],e2[M],g2[M],#f2[M],g2[M],d2[M],e2[M],b1[M],d2[M],a1[M],b1[M],g1[M],a1[M],g1[M],g2[M],#f2[M],g2[M],e2[M],g2[M],#f2[M],g2[M],d2[M],e2[M],b1[M],d2[M],a1[M],b1[M],g1[M],a1[M],g1[M],(g.b)[J],(#f.a)[J],(e.g)[I],(a.b.d1)[K],(a.b.d1)[K],(a.b.d1.d2)[K],(a.b.d1)[K],(a.b.d1)[K],(a.b.d1)[K],a1[M],b1[M],g1[M],d1[L],g[M],a[M],b[M],(a.b.d1)[K],(a.b.d1)[L],c1[M],b[M],c1[L],5<b[N],W>,a[L],g[LM],(g.a.b)[I],(g2.a2.b2)[I],","(D-1.d)[IJ],(D-1.d)[L],(D-1.d)[L],(D-1.d)[L],(D-1.d)[L],(C-1.c)[L],(C-1.c)[L],(C-1.c)[L],(C-1.c)[L],(C-1.c)[L],(C-1.c)[L],(C-1.c)[L],(C-1.c)[L],(C-1.c)[L],(C-1.c)[L],(C-1.c)[L],(C-1.c)[L],(C-1.c)[L],(C-1.c)[L],(C-1.c)[L],(C-1.c)[L],(B-2.B-1)[L],(B-2.B-1)[L],(B-2.B-1)[L],(B-2.B-1)[L],(B-2.B-1)[L],(B-2.B-1)[L],(B-2.B-1)[L],(B-2.B-1)[L],(E-1.e)[L],(E-1.e)[L],(E-1.e)[L],(E-1.e)[L],(E-1.e)[L],(E-1.e)[L],(E-1.e)[L],(E-1.e)[L],(C-1.c)[L],(C-1.c)[L],(C-1.c)[L],(C-1.c)[L],(C-1.c)[L],(C-1.c)[L],(C-1.c)[L],(C-1.c)[L],(C-1.c)[L],(C-1.c)[L],(C-1.c)[L],(C-1.c)[L],(C-1.c)[L],(C-1.c)[L],(C-1.c)[L],(C-1.c)[L],(B-2.B-1)[L],(B-2.B-1)[L],(B-2.B-1)[L],(B-2.B-1)[L],(D-1.d)[L],(D-1.d)[L],(D-1.d)[L],(D-1.d)[L],(E-1.e)[L],(E-1.e)[L],(E-1.e)[L],(E-1.e)[L],(E-1.e)[L],(E-1.e)[L],(E-1.e)[L],(E-1.e)[L],(C-1.c)[L],(C-1.c)[L],(C-1.c)[L],(C-1.c)[L],(C-1.c)[L],(C-1.c)[L],(C-1.c)[L],(C-1.c)[L],(C-1.c)[L],(C-1.c)[L],(C-1.c)[L],(C-1.c)[L],(C-1.c)[L],(C-1.c)[L],(C-1.c)[L],(C-1.c)[L],(B-2.B-1)[L],(B-2.B-1)[L],(B-2.B-1)[L],(B-2.B-1)[L],(B-2.B-1)[L],(B-2.B-1)[L],(B-2.B-1)[L],(B-2.B-1)[L],(E-1.e)[L],(E-1.e)[L],(E-1.e)[L],(E-1.e)[L],(E-1.e)[L],(E-1.e)[L],(E-1.e)[L],(E-1.e)[L],(C-1.c)[L],(C-1.c)[L],(C-1.c)[L],(C-1.c)[L],(C-1.c)[L],(C-1.c)[L],(C-1.c)[L],(C-1.c)[L],(C-1.c)[L],(C-1.c)[L],(C-1.c)[L],(C-1.c)[L],(C-1.c)[L],(C-1.c)[L],(C-1.c)[L],(C-1.c)[L],(B-2.B-1)[L],(B-2.B-1)[L],(B-2.B-1)[L],(B-2.B-1)[L],(D-1.d)[L],(D-1.d)[L],(D-1.d)[L],(D-1.d)[L],(E-1.e)[L],(E-1.e)[L],(E-1.e)[L],(E-1.e)[L],(E-1.e)[L],(E-1.e)[L],(E-1.e)[L],(E-1.e)[L],(C-1.c)[L],(C-1.c)[L],(C-1.c)[L],(C-1.c)[L],(C-1.c)[L],(C-1.c)[L],(C-1.c)[L],(C-1.c)[L],(C-1.c)[I],(C-1.c)[L],(C-1.c)[L],(C-1.c)[L],(C-1.c)[L],(C-1.c)[L],(C-1.c)[L],(C-1.c)[L],(C-1.c)[L],(C-1.c)[L],(C-1.c)[L],(C-1.c)[L],(C-1.c)[L],(C-1.c)[L],(C-1.c)[L],(C-1.c)[L],(C-1.c)[L],(B-2.B-1)[L],(B-2.B-1)[L],(B-2.B-1)[L],(B-2.B-1)[L],(B-2.B-1)[L],(B-2.B-1)[L],(B-2.B-1)[L],(B-2.B-1)[L],(E-1.e)[L],(E-1.e)[L],(E-1.e)[L],(E-1.e)[L],(E-1.e)[L],(E-1.e)[L],(E-1.e)[L],(E-1.e)[L],(C-1.c)[L],(C-1.c)[L],(C-1.c)[L],(C-1.c)[L],(C-1.c)[L],(C-1.c)[L],(C-1.c)[L],(C-1.c)[L],(C-1.c)[L],(C-1.c)[L],(C-1.c)[L],(C-1.c)[L],(C-1.c)[L],(C-1.c)[L],(C-1.c)[L],(C-1.c)[L],(E-1.e)[L],(E-1.e)[L],(E-1.e)[L],(E-1.e)[L],(D-1.d)[L],(D-1.d)[L],(D-1.d)[L],(D-1.d)[L],(C-1.c)[I],(G-1.g)[JKL],g[L],(E-1.e)[KL],e[KL],e[K],(C-1.c)[J],(C-1.c)[K],c[K],(G-1.g)[H],"],"id":3}]}