{"baseBpm":152,"musics":[{"bpm":152,"baseBeats":0.25,"scores":["(C-1.f)[LM],(F-1.#a)[LM],(#A-1.#d1)[LM],(#d.#g1)[LM],(#g.#c2)[LM],(#c1.#f2)[M],C-1[L],(c.#d2.#a1.g1)[L],G-2[L],(G-1.#c2.#g1.f1)[L],C-1[L],(#A-1.#d2.#a1.g1)[L],C-1[M],#A-1[M],(c.g2.#d2.c2)[L],C-1[M],(g2.d2.#a1)[M],c[L],(C-1.#f2.#c2.#a1)[L],#A-1[M],(#f2.#c2.#a1)[M],C-1[L],(#A-1.#f2.#c2.#a1)[L],(C-1.f2.c2.a1)[L],(#G-1.e2.b1.#g1)[L],C-1[L],(c.#d2.#a1.g1)[L],G-2[L],(G-1.#c2.#g1.f1)[L],C-1[L],(#A-1.#d2.#a1.g1)[L],G-2[M],#A-1[M],(c.g2.#d2.c2)[L],C-1[M],(g2.d2.#a1)[M],c[L],(C-1.#f2.#c2.#a1)[L],#A-1[M],(#f2.#c2.#a1)[M],C-1[L],(#A-1.#f2.c2.g1)[L],(C-1.g2.#d2.#a1)[L],(c.#a2.#f2.#d2)[L],D-1[L],(d.f2.c2.a1)[L],A-2[L],"],"id":1},{"bpm":152,"baseBeats":0.25,"scores":["(A-1.#d2.#a1.g1)[L],D-1[L],(c.f2.c2.a1)[L],D-1[M],c[M],(d.a2.f2.d2)[L],D-1[M],(a2.e2.c2)[M],d[L],(D-1.#g2.#d2.c2)[L],c[M],(#g2.#d2.c2)[M],D-1[L],(c.#g2.#d2.c2)[L],(D-1.g2.d2.b1)[L],(#A-1.#f2.#c2.#a1)[L],D-1[L],(d.f2.c2.a1)[L],A-2[L],(A-1.#d2.#a1.g1)[L],D-1[L],(c.f2.c2.a1)[L],A-2[M],c[M],(d.a2.f2.d2)[L],D-1[M],(a2.e2.c2)[M],d[L],(D-1.#g2.#d2.c2)[L],c[M],(#g2.#d2.c2)[M],G-2[L],(G-1.#a2.f2.d2)[L],#A-2[L],#A-1[L],C-1[L],(c.#d2.#a1.g1)[L],G-2[L],(G-1.#c2.#g1.f1)[L],C-1[L],(#A-1.#d2.#a1.g1)[L],C-1[M],#A-1[M],(c.g2.#d2.c2)[L],C-1[M],(g2.d2.#a1)[M],c[L],(C-1.#f2.#c2.#a1)[L],#A-1[M],(#f2.#c2.#a1)[M],C-1[L],(#A-1.#f2.#c2.#a1)[L],(C-1.f2.c2.a1)[L],(#G-1.e2.b1.#g1)[L],C-1[L],"],"id":2},{"bpm":152,"baseBeats":0.25,"scores":["(c.#d2.#a1.g1)[L],G-2[L],(G-1.#c2.#g1.f1)[L],C-1[L],(#A-1.#d2.#a1.g1)[L],G-2[M],#A-1[M],(c.g2.#d2.c2)[L],C-1[M],(g2.d2.#a1)[M],c[L],(C-1.#f2.#c2.#a1)[L],#A-1[M],(#f2.#c2.#a1)[M],C-1[L],(#A-1.#f2.c2.g1)[L],(C-1.g2.#d2.#a1)[L],(c.#a2.#f2.#d2)[L],D-1[L],(d.f2.c2.a1)[L],A-2[L],(A-1.#d2.#a1.g1)[L],D-1[L],(c.f2.c2.a1)[L],D-1[M],c[M],(d.a2.f2.d2)[L],D-1[M],(a2.e2.c2)[M],d[L],(D-1.#g2.#d2.c2)[L],c[M],(#g2.#d2.c2)[M],D-1[L],(c.#g2.#d2.c2)[L],(D-1.g2.d2.b1)[L],(#A-1.#f2.#c2.#a1)[L],D-1[L],(d.f2.c2.a1)[L],A-2[L],(A-1.#d2.#a1.g1)[L],D-1[L],(c.f2.c2.a1)[L],A-2[M],c[M],(d.a2.f2.d2)[L],D-1[M],(a2.e2.c2)[M],d[L],(D-1.#g2.#d2.c2)[L],c[M],(#g2.#d2.c2)[M],G-2[L],(G-1.#a2.f2.d2)[L],#A-2[L],#A-1[L],"],"id":3}],"audition":{"start":[0,0],"end":[1,0]}}