{"baseBpm":100,"musics":[{"bpm":100,"baseBeats":0.5,"scores":["d2[L],U,c2[L],#a1[L],c2[L],#a1[L],a1[K];#a1[L],a1[L],g1[L],e1[L],#f1[L],U,d1[K];g1[L],a1[L],#a1[L],d2[L],c2[L],d2[L],#d2[K];d2[L],#f2[L],g2[L],#a2[L],a2[L],#d2[L],d2[L],c2[L];d2[L],U,c2[L],#a1[L],c2[L],#a1[L],a1[K];#a1[L],a1[L],g1[L],#a1[L],#d2[L],U,#d2[K];d2[L],#d2[L],d2[L],c2[L],#a1[L],a1[L],g1[L],#a1[L];#d1[L],d1[L],f1[L],#d1[L],d1[L],U,U,a1[L];d1[L],#d1[L],d1[L],#a1[L],d1[L],U,d2[K];","G-1[L],d[L],(g.#a.d1)[K],G-1[L],d[L],(#f.c1.d1)[K];G-1[L],d[L],(g.#a.d1)[K],G-1[L],d[L],(#f.a.c1)[K];G-1[L],d[L],(g.#a.d1)[K],G-1[L],g[L],(c1.#d1.g1)[K];G-1[L],d[L],(g.#a.d1)[K],G-1[L],#f[L],(a.c1.d1)[K];G-1[L],d[L],(g.#a.d1)[K],G-1[L],d[L],(#f.c1.d1)[K];G-1[L],d[L],(g.#a.d1)[K],#D-1[L],#d[L],(#a.#d1.g1)[K];#A-1[L],#a[L],(#f.a.d1)[K],G-1[L],d[L],(g.#a.d1)[K];C-1[L],G-1[L],(#d.g)[K],D-1[L],d[L],(#f.a.d1)[K];T,(g.#a)[K],#F-1[L],d[L],(#f.a.d1)[K];"],"id":1,"instruments":["piano","piano"],"alternatives":["",""]},{"bpm":104,"baseBeats":0.5,"scores":["d2[L],U,c2[L],#a1[L],c2[L],#a1[L],a1[K];#a1[L],a1[L],g1[L],e1[L],#f1[L],U,d1[K];g1[L],a1[L],#a1[L],d2[L],c2[L],d2[L],#d2[K];d2[L],#f2[L],g2[L],#a2[L],a2[L],#d2[L],d2[L],c2[L];d2[L],U,c2[L],#a1[L],c2[L],#a1[L],a1[K];#a1[L],a1[L],g1[L],#a1[L],#d2[L],U,#d2[K];d2[L],#d2[L],d2[L],c2[L],#a1[L],a1[L],g1[L],#a1[L];#d1[L],d1[L],f1[L],#d1[L],d1[L],U,U,a1[L];d1[L],#d1[L],d1[L],#a1[L],d1[L],U,d2[K];d2[L],U,g2[L],e2[L],#f2[L],d2[L],e2[L],U;d2[L],e2[L],g2[L],e2[L],#f2[L],d2[L],e2[L],U;b1[L],e2[L],d2[L],e2[L],d2[L],b1[L],d2[L],a1[L];b1[L],a1[L],g1[L],e1[L],#f1[L],e1[L],d1[L],d2[L];g2[L],#f2[L],d2[L],e2[L],g2[L],#f2[L],d2[L],U;g2[L],#f2[L],d2[L],#d2[L],g2[L],#f2[L],d2[L],U;","(G-1)[L],d[L],(g.#a.d1)[K],(G-1)[L],d[L],(#f.c1.d1)[K];(G-1)[L],d[L],(g.#a.d1)[K],(G-1)[L],d[L],(#f.a.c1)[K];(G-1)[L],d[L],(g.#a.d1)[K],(G-1)[L],g[L],(c1.#d1.g1)[K];(G-1)[L],d[L],(g.#a.d1)[K],(G-1)[L],#f[L],(a.c1.d1)[K];(G-1)[L],d[L],(g.#a.d1)[K],(G-1)[L],d[L],(#f.c1.d1)[K];(G-1)[L],d[L],(g.#a.d1)[K],(#D-1)[L],#d[L],(#a.#d1.g1)[K];(#A-1)[L],#a[L],(#f.a.d1)[K],(G-1)[L],d[L],(g.#a.d1)[K];(C-1)[L],(G-1)[L],(#d.g)[K],(D-1)[L],d[L],(#f.a.d1)[K];T,(g.#a)[K],(#F-1)[L],d[L],(#f.a.d1)[K];(G-1)[L],d[L],b[L],d[L],(G-1)[L],d[L],c1[L],d[L];(G-1)[L],d[L],b[L],d[L],(G-1)[L],d[L],c1[L],d[L];(G-1)[L],d[L],b[L],d[L],(G-1)[L],d[L],#f[L],d[L];(G-1)[L],d[L],b[L],d[L],(G-1)[L],d[L],c1[L],d[L];(G-1)[L],d[L],b[L],d[L],(G-1)[L],d[L],c1[L],d[L];(G-1)[L],d[L],#a[L],d[L],(G-1)[L],d[L],c1[L],d[L];"],"id":2},{"bpm":108,"baseBeats":0.5,"scores":["d2[L],U,g2[L],e2[L],#f2[L],d2[L],e2[L],U;d2[L],e2[L],g2[L],e2[L],#f2[L],d2[L],e2[L],U;b1[L],e2[L],d2[L],e2[L],d2[L],b1[L],d2[L],a1[L];b1[L],a1[L],g1[L],e1[L],#f1[L],e1[L],d1[L],d2[L];g2[L],#f2[L],d2[L],e2[L],g2[L],#f2[L],d2[L],U;g2[L],#f2[L],d2[L],#d2[L],g2[L],#f2[L],d2[L],U;d2[L],U,c2[L],#a1[L],c2[L],#a1[L],a1[K];#a1[L],a1[L],g1[L],e1[L],#f1[L],U,d1[K];g1[L],a1[L],#a1[L],d2[L],c2[L],d2[L],#d2[K];d2[L],#f2[L],g2[L],#a2[L],a2[L],#d2[L],d2[L],c2[L];d2[L],U,c2[L],#a1[L],c2[L],#a1[L],a1[K];#a1[L],a1[L],g1[L],#a1[L],#d2[L],U,#d2[K];d2[L],#d2[L],d2[L],c2[L],#a1[L],a1[L],g1[L],#a1[L];#d1[L],d1[L],f1[L],#d1[L],d1[L],U,U,a1[L];d1[L],#d1[L],d1[L],#a1[L],d1[L],#f1[L],a1[L],d2[L];(f1.a1.d2)[J],(g1.#a1.g2)[J];(f1.d2.f2)[K],(g1.c2.#d2)[JK];(g1.b1.d2)[K],T,T,T;(d2.g2.b2)[K];","(G-1)[L],d[L],b[L],d[L],(G-1)[L],d[L],c1[L],d[L];(G-1)[L],d[L],b[L],d[L],(G-1)[L],d[L],c1[L],d[L];(G-1)[L],d[L],b[L],d[L],(G-1)[L],d[L],#f[L],d[L];(G-1)[L],d[L],b[L],d[L],(G-1)[L],d[L],c1[L],d[L];(G-1)[L],d[L],b[L],d[L],(G-1)[L],d[L],c1[L],d[L];(G-1)[L],d[L],#a[L],d[L],(G-1)[L],d[L],c1[L],d[L];(G-1)[L],d[L],(g.#a.d1)[K],(G-1)[L],d[L],(#f.c1.d1)[K];(G-1)[L],d[L],(g.#a.d1)[K],(G-1)[L],d[L],(#f.a.c1)[K];(G-1)[L],d[L],(g.#a.d1)[K],(G-1)[L],g[L],(c1.#d1.g1)[K];(G-1)[L],d[L],(g.#a.d1)[K],(G-1)[L],#f[L],(a.c1.d1)[K];(G-1)[L],d[L],(g.#a.d1)[K],(G-1)[L],d[L],(#f.c1.d1)[K];(G-1)[L],d[L],(g.#a.d1)[K],(#D-1)[L],#d[L],(#a.#d1.g1)[K];(#A-1)[L],#a[L],(#f.a.d1)[K],(G-1)[L],d[L],(g.#a.d1)[K];(C-1)[L],(G-1)[L],(#d.g)[K],(D-1)[L],d[L],(#f.a.d1)[K];R;(#A-1.#a)[J],(#D-1.#d)[J];(#A-2.#A-1)[K],(C-1.c)[JK];(G-1)[K],d[K],g[K],d1[K];(g1.b1)[K];"],"id":3}],"audition":{"start":[0,0],"end":[0,28]}}