{"baseBpm":86,"musics":[{"bpm":86,"baseBeats":0.25,"scores":["V,UV,V,UV,V,UV,V,UV,V,UV,V,UV,V,UV,V,UV,V,UV,5<V>,5<V>,5<V>,5<V>,5<V>,5<V>,5<V>,5<V>,5<V>,5<V>,5<V>,5<V>,5<V>,5<V>,5<V>,5<V>,5<V>,5<V>,5<V>,5<V>,5<V>,5<V>,5<V>,5<V>,5<V>,5<V>,5<V>,5<V>,5<V>,5<V>,5<V>,5<V>,,","(b.#f.B-1.b2.b1)[M],(b.#f.B-1.b2.b1)[LM],(d1.b.a.#f.#d2)[M],#a1[LM],#d2[M],#a1[LM],(#d1.c1.#a.g.#d2)[M],#a1[LM],#d2[M],#a1[LM],(e1.#c1.b.#g.#d2)[M],#a1[LM],#d2[M],#a1[LM],(f1.d1.c1.a.#d2)[M],#a1[LM],#d2[M],#a1[LM],(B-1.d2)[N],#d2[N],(b.e2)[N],f2[N],(B-1.#f2)[N],f2[N],(b.e2)[N],#d2[N],(B-1.d2)[N],#d2[N],(b.e2)[N],f2[N],(B-1.#f2)[N],f2[N],(b.e2)[N],#d2[N],(c.d2)[N],#d2[N],(c1.e2)[N],f2[N],(c.#f2)[N],f2[N],(c1.e2)[N],#d2[N],(c.d2)[N],#d2[N],(c1.e2)[N],f2[N],(c.#f2)[N],f2[N],(c1.e2)[N],#d2[N],(#c.d2)[N],#d2[N],(#c1.e2)[N],f2[N],(#c.#f2)[N],f2[N],(#c1.e2)[N],#d2[N],(#c.d2)[N],#d2[N],(#c1.e2)[N],f2[N],(#c.#f2)[N],f2[N],(#c1.e2)[N],#d2[N],(d.d2)[N],#d2[N],(d1.e2)[N],f2[N],(d.#f2)[N],f2[N],(d1.e2)[N],#d2[N],(d.d2)[N],#d2[N],(d1.e2)[N],f2[N],(d.#f2)[N],f2[N],(d1.e2)[N],#d2[N],"],"id":1},{"bpm":86,"baseBeats":0.25,"scores":["V,V,V,V,V,V,V,V,V,V,V,V,V,V,V,V,V,V,V,V,V,V,V,V,V,V,V,5<V>,V,V,V,V,V,V,V,V,V,V,V,V,V,V,V,V,V,V,V,V,V,V,V,V,V,V,V,V,V,V,V,5<V>,V,V,V,V,V,V,V,V,V,V,V,V,V,V,V,V,","(B-1.d2.d1)[M],b[M],B-1[M],(b.g2.g1)[M],B-1[M],b[M],(B-1.#g2.#g1)[M],b[M],c[M],c1[M],c[M],c1[M],(c.g2.g1)[M],c1[M],(c.c3.c2)[M],c1[M],(#c.b2.b1)[M],#c1[M],#c[M],(#c1.g2.g1)[M],#c[M],#c1[M],(#c.#a2.#a1)[M],#c1[M],d[M],d1[M],d[M],(d1.a2.a1)[N],(#g2.#g1)[N],(d.g2.g1)[M],d1[M],d[M],d1[M],(B-1.d2.d1)[M],b[M],B-1[M],(b.g2.g1)[M],B-1[M],b[M],(B-1.#g2.#g1)[M],b[M],c[M],c1[M],c[M],c1[M],(c.g2.g1)[M],c1[M],(c.f3.f2)[M],c1[M],(#c.e3.e2)[M],#c1[M],#c[M],(#c1.c3.c2)[M],#c[M],#c1[M],(#c.#d3.#d2)[M],#c1[M],d[M],d1[M],d[M],(d1.d3.d2)[N],(#c3.#c2)[N],(d.c3.c2)[M],d1[M],d[M],d1[M],(B-1.d2.d1)[M],b[M],B-1[M],(b.g2.g1)[M],B-1[M],b[M],(B-1.#g2.#g1)[M],b[M],c[M],c1[M],c[M],c1[M],"],"id":2},{"bpm":86,"baseBeats":0.25,"scores":["V,V,V,V,V,V,V,V,V,V,V,V,V,V,V,5<V>,V,V,V,V,V,V,V,V,V,V,V,V,V,V,V,V,V,V,V,V,V,V,V,V,V,V,V,V,V,V,V,5<V>,V,V,V,V,","(c.g2.g1)[M],c1[M],(c.c3.c2)[M],c1[M],(#c.b2.b1)[M],#c1[M],#c[M],(#c1.g2.g1)[M],#c[M],#c1[M],(#c.#a2.#a1)[M],#c1[M],d[M],d1[M],d[M],(d1.a2.a1)[N],(#g2.#g1)[N],(d.g2.g1)[M],d1[M],d[M],d1[M],(B-1.d2.d1)[M],b[M],B-1[M],(b.g2.g1)[M],B-1[M],b[M],(B-1.#g2.#g1)[M],b[M],c[M],c1[M],c[M],c1[M],(c.g2.g1)[M],c1[M],(c.f3.f2)[M],c1[M],(#c.e3.e2)[M],#c1[M],#c[M],(#c1.c3.c2)[M],#c[M],#c1[M],(#c.#d3.#d2)[M],#c1[M],d[M],d1[M],d[M],(d1.d3.d2)[N],(#c3.#c2)[N],(d.c3.c2)[M],d1[M],d[M],d1[M],"],"id":3}],"audition":{"start":[0,0],"end":[1,0]}}