{"baseBpm":170,"musics":[{"id":1,"baseBeats":0.5,"scores":["mute[L],mute[L],mute[L],mute[L],mute[L],mute[L],mute[L],mute[L],mute[L],mute[L],mute[L],mute[L],mute[L],mute[L],mute[L],mute[L],mute[L],mute[L],mute[L],mute[L],mute[L],mute[L],mute[L],mute[L],mute[L],mute[L],mute[L],mute[L],mute[L],mute[L],mute[L],mute[L],mute[L],mute[L],mute[L],mute[L],mute[L],mute[L],mute[L],mute[L],mute[L],mute[L],mute[L],mute[L],mute[L],mute[L],mute[L],mute[L],mute[L],mute[L],mute[L],mute[L],mute[L],mute[L],mute[L],mute[L],mute[L],mute[L],mute[L],mute[L],mute[L],mute[L],mute[L],mute[L],mute[L],mute[L],mute[L],mute[L],mute[L],mute[L],mute[L],mute[L],mute[L],mute[L],mute[IK],mute[L],mute[L],mute[L],mute[L],mute[L],mute[L],mute[L],mute[L],mute[L],mute[L],mute[L],mute[L],mute[L],mute[L],mute[L],5<mute[M],mute[M]>,mute[L],mute[L],mute[L],mute[L],mute[L],mute[L],mute[L],mute[L],mute[L],mute[L],mute[L],mute[L],mute[L],mute[L],mute[L],mute[L],mute[L],mute[L],mute[L],mute[L],mute[L],mute[L],5<mute[M],mute[M]>,5<mute[M],mute[M]>,mute[L],mute[L],mute[L],mute[L],mute[L],mute[L],mute[L],mute[L],mute[L],mute[L],mute[L],mute[L],mute[L],mute[L],mute[L],mute[L],mute[L],mute[L],mute[L],mute[L],mute[L],mute[L],mute[L],mute[L],mute[L],mute[L],mute[L],mute[L],mute[L],mute[L],mute[L],mute[L],mute[L],mute[L],mute[L],mute[L],mute[L],mute[L],mute[L],mute[L],mute[L],5<mute[M],mute[M]>,5<mute[M],mute[M]>,5<mute[M],mute[M]>,mute[L],mute[L],mute[L],mute[L],mute[L],mute[L],mute[L],mute[L],mute[L],mute[L],mute[L],mute[L],mute[L],mute[L],mute[L],mute[L],mute[L],mute[L],mute[L],mute[L],mute[L],mute[L],mute[L],mute[L],mute[L],mute[L],mute[L],mute[L],mute[L],mute[L],mute[L],mute[L],mute[L],mute[L],mute[L],mute[L],mute[L],mute[L],mute[L],mute[L],mute[L],mute[L],mute[L],mute[L],mute[L],mute[L],mute[L],mute[L],mute[L],mute[L],mute[L],mute[L],mute[L],mute[L],mute[L],mute[L],mute[L],mute[L],mute[L],mute[L],mute[L],mute[L],mute[L],mute[L],mute[L],mute[L],mute[L],mute[L],mute[L],mute[L],mute[L],mute[L],mute[L],mute[L],mute[L],mute[L],mute[L],mute[L],mute[L],mute[L],mute[L],mute[L],mute[L],mute[L],mute[L],mute[L];","(#A-1.#d.#D-1.f1)[L],#f1[L],(#D-1.#c2)[L],#d1[L],(#D-1.#f1)[L],#c2[L],(c.f.F-1.f1)[L],#f1[L],(F-1.#c2)[L],#d1[L],(F-1.#f1)[L],#c2[L],(#c.#f.#F-1.f1)[L],#f1[L],(#F-1.#c2)[L],#d1[L],(#F-1.#f1)[L],#c2[L],(#F-1.f1)[L],#f1[L],(#F-1.#c2)[L],#d1[L],(#F-1.#f1)[L],#c2[L],(c.f.F-1.f1)[L],#f1[L],(F-1.#c2)[L],(#f.b.B-1.#d1)[L],#f1[L],(B-1.#c2)[L],(#g.#c1.#c.f1)[L],#f1[L],(#c.#c2)[L],(#f.b.B-1.#d1)[L],#f1[L],(B-1.b1)[L],(e.a.A-1.f1)[L],#f1[L],(A-1.a1)[L],#d1[L],(A-1.#f1)[L],a1[L],(A-1.f1)[L],#f1[L],(A-1.a1)[L],#d1[L],(A-1.#f1)[L],a1[L],(f.#a.#A-1.f1)[L],#f1[L],(#A-1.#a1)[L],d1[L],(#A-1.#f1)[L],#a1[L],(#A-1.f1)[L],#f1[L],(#A-1.#a1)[L],d1[L],(#A-1.#f1)[L],#a1[L],(#A-1.f1)[L],#f1[L],(#A-1.#a1)[L],d1[L],(#A-1.#f1)[L],#a1[L],(#A-1.f1)[L],#f1[L],(#A-1.#a1)[L],d1[L],(#A-1.#f1)[L],#a1[L],(#A-1.f1)[L],#f1[L],#a1[IK],(#D-1.#d2)[L],(#A-1.#d)[L],(#D-1.#d2)[L],(#A-1.#d.#g2)[L],(#D-1.#a2)[L],(#A-1.#d)[L],(#C-1.#g2)[L],(#G-1.#c.#a2)[L],(#C-1.#g2)[L],(#G-1.#c.#f2)[L],(#C-1.f2)[L],(#G-1.#c.#c2)[L],(B-2.#d2)[L],(#F-1.B-1)[L],(B-2.#d2)[L],(#F-1.B-1.#g2~a2)[L],(B-2.#a2)[L],(#F-1.B-1)[L],(#C-1.#c3)[L],(#G-1.#c)[L],(#C-1.#g2)[L],(#G-1.#c)[L],(#C-1.#f2)[L],(#G-1.#c.f2)[L],(#G-2.#d2)[L],(#D-1.#G-1)[L],(#G-2.#d2)[L],(#D-1.#G-1.f2)[L],(#G-2.g2)[L],(#D-1.#G-1.#a2)[L],(F-2.a2)[L],(C-1.F-1)[L],(F-2.g2)[L],(C-1.F-1)[L],F-2[L],(C-1.F-1.f2)[L],(G-2.g2)[L],(D-1.G-1)[L],(G-2.d2~f2)[L],(D-1.G-1.d2~#a1)[L],(G-2.c2)[L],(D-1.G-1)[L],(G-2.g2)[L],(D-1.G-1)[L],G-2[L],(D-1.G-1)[L],G-2[L],(D-1.G-1)[L],(#G-1.g2)[L],(#d.#g)[L],(#G-1.g2)[L],(#d.#g.d3)[L],(#G-1.#d3)[L],(#d.#g)[L],(#A-2.d3)[L],(F-1.#A-1)[L],(#A-2.#a2)[L],(F-1.#A-1)[L],#A-2[L],(F-1.#A-1.f2)[L],(C-1.g2)[L],(G-1.c)[L],(C-1.g2)[L],(G-1.c.d3)[L],(C-1.#d3)[L],(G-1.c)[L],(#A-2.f3)[L],(F-1.#A-1)[L],(#A-2.d3)[L],(F-1.#A-1)[L],#A-2[L],(F-1.#A-1.#a2)[L],(B-2.b2)[L],(#F-1.B-1.#c3)[L],(B-2.#d3)[L],(#F-1.B-1.#f3)[L],(B-2.f3)[L],(#F-1.B-1.#c3)[L],(#C-1.#g2)[L],(#G-1.#c.#f2)[L],(#C-1.f2)[L],(#G-1.#c.#g2~#a2)[L],(#C-1.#c3~#a2)[L],(#G-1.#c.#g2~#f2)[L],(#D-1.f2)[L],(#A-1.#d.#f2)[L],(#D-1.#c3)[L],(#A-1.#d.#d2)[L],(#D-1.f2)[L],(#A-1.#d.#f2)[L],(#D-1.#g2)[L],(#A-1.#d.#a2)[L],(#D-1.#c3)[L],(#A-1.#d.f2)[L],(#D-1.#f2)[L],(#A-1.#d.#c3)[L],(#A-1.#d.#D-1.f2)[L],#f2[L],(#D-1.#c3)[L],#d2[L],(#D-1.#f2)[L],#c3[L],(c.f.F-1.f2)[L],#f2[L],(F-1.#c3)[L],#d2[L],(F-1.#f2)[L],#c3[L],(#c.#f.#F-1.f2)[L],#f2[L],(#F-1.#c3)[L],#d2[L],(#F-1.#f2)[L],#c3[L],(#F-1.f2)[L],#f2[L],(#F-1.#c3)[L],#d2[L],(#F-1.#f2)[L],#c3[L],(c.f.F-1.f2)[L],#f2[L],(F-1.#c3)[L],(#f.b.B-1.#d2)[L],#f2[L],(B-1.#c3)[L],(#g.#c1.#c.f2)[L],#f2[L],(#c.#c3)[L],(#f.b.B-1.#d2)[L],#f2[L],(B-1.b2)[L],(e.a.A-1.f2)[L],#f2[L],(A-1.a2)[L],#d2[L],(A-1.#f2)[L],a2[L],(A-1.f2)[L],#f2[L],(A-1.a2)[L],#d2[L],(A-1.#f2)[L],a2[L],(f.#a.#A-1.f2)[L],#f2[L],(#A-1.#a2)[L],d2[L],(#A-1.#f2)[L],#a2[L],(#A-1.f2)[L],#f2[L],(#A-1.#a2)[L],d2[L],(#A-1.#f2)[L],#a2[L],(#A-1.f2)[L],#f2[L],(#A-1.#a2)[L],d2[L],(#A-1.#f2)[L],#a2[L],(#A-1.f2)[L],#f2[L],(#A-1.#a2)[L],d2[L],(#A-1.#f2)[L],#a2[L],(#A-1.f2)[L],#f2[L];"]},{"id":2,"baseBeats":0.5,"scores":["mute[KL],5<mute[M],mute[M]>,mute[L],mute[L],mute[L],mute[L],mute[L],mute[L],mute[L],mute[L],mute[L],mute[L],mute[L],mute[L],mute[L],mute[L],mute[L],5<mute[M],mute[M]>,mute[L],mute[L],mute[L],mute[L],mute[L],mute[L],mute[L],mute[L],mute[L],mute[L],mute[L],mute[L],mute[L],mute[L],mute[L],mute[L],mute[L],mute[L],mute[L],mute[L],mute[L],mute[L],5<mute[M],mute[M]>,5<mute[M],mute[M]>,mute[L],mute[L],mute[L],mute[L],mute[L],mute[L],mute[L],mute[L],mute[L],mute[L],mute[L],mute[L],mute[L],mute[L],mute[L],mute[L],mute[L],mute[L],mute[L],mute[L],mute[L],mute[L],mute[L],mute[L],mute[L],mute[L],mute[L],mute[L],mute[L],mute[L],mute[L],mute[L],mute[L],mute[L],mute[L],mute[L],mute[L],mute[L],mute[L],mute[L],mute[L],5<mute[M],mute[M]>,5<mute[M],mute[M]>,5<mute[M],mute[M]>,mute[L],mute[L],mute[L],mute[L],mute[L],mute[L],mute[L],mute[L],mute[L],mute[L],mute[L],mute[L],mute[L],mute[L],mute[L],mute[L],mute[L],mute[L],mute[L],mute[L],mute[L],mute[L],mute[L],mute[L],mute[L],mute[L],mute[L],5<mute[M],mute[M]>,mute[L],mute[L],mute[L],mute[L],mute[L],mute[L],mute[L],mute[L],mute[L],mute[L],mute[L],mute[L],mute[L],mute[L],mute[L],mute[L],mute[L],mute[L],mute[L],mute[L],mute[L],mute[L],5<mute[M],mute[M]>,5<mute[M],mute[M]>,mute[L],mute[L],mute[L],mute[L],mute[L],mute[L],mute[L],mute[L],mute[L],mute[L],mute[L],mute[L],mute[L],mute[L],mute[L],mute[L],mute[L],mute[L],mute[L],mute[L],mute[L],mute[L],mute[L],mute[L],mute[L],mute[L],mute[L],mute[L],mute[L],mute[L],mute[L],mute[L],mute[L],mute[L],mute[L],mute[L],mute[L],mute[L],mute[L],mute[L],mute[L],5<mute[M],mute[M]>,5<mute[M],mute[M]>,5<mute[M],mute[M]>,mute[L],mute[L],mute[L],mute[L],mute[L],mute[L],mute[L],mute[L],mute[L],mute[L],mute[L],mute[L],mute[L],mute[L],mute[L],mute[L],mute[L],mute[L],mute[L],mute[L],mute[L],mute[L],mute[L],mute[L],mute[L],mute[L],mute[L],mute[L],mute[L],mute[L],mute[L],mute[L],mute[L],mute[L],mute[L],mute[L],mute[L],mute[L],mute[L];","#a2[KL],(#f2~f2~e2)[L],(#D-1.#d2)[L],#A-1[L],(#D-1.#d2)[L],(#A-1.#g2)[L],(#D-1.#a2)[L],#A-1[L],(#C-1.#g2)[L],(#G-1.#a2)[L],(#C-1.#g2)[L],(#G-1.#f2)[L],(#C-1.f2)[L],(#G-1.#c2)[L],(B-2.#d2)[L],#F-1[L],(B-2.#d2)[L],(#F-1.#g2~a2)[L],(B-2.#a2)[L],#F-1[L],(#C-1.#c3)[L],#G-1[L],(#C-1.#g2)[L],#G-1[L],(#C-1.#f2)[L],(#G-1.f2)[L],(#G-2.#d2)[L],#D-1[L],(#G-2.#d2)[L],(#D-1.f2)[L],(#G-2.g2)[L],(#D-1.#a2)[L],(F-2.a2)[L],C-1[L],(F-2.g2)[L],C-1[L],F-2[L],(C-1.f2)[L],(G-2.g2)[L],D-1[L],(G-2.d2~f2)[L],(D-1.d2~#a1)[L],(G-2.c2)[L],D-1[L],(G-2.g2)[L],D-1[L],G-2[L],D-1[L],G-2[L],D-1[L],(#G-2.g2)[L],#D-1[L],(#G-2.g2)[L],(#D-1.d3)[L],(#G-2.#d3)[L],#D-1[L],(#A-2.d3)[L],F-1[L],(#A-2.#a2)[L],F-1[L],#A-2[L],(F-1.f2)[L],(C-1.g2)[L],G-1[L],(C-1.g2)[L],(G-1.d3)[L],(C-1.#d3)[L],G-1[L],(#A-2.f3)[L],F-1[L],(#A-2.d3)[L],F-1[L],#A-2[L],(F-1.#a2)[L],(B-2.b2)[L],(#F-1.#c3)[L],(B-2.#d3)[L],(#F-1.#f3)[L],(B-2.f3)[L],(#F-1.#c3)[L],(#C-1.#g2)[L],(#G-1.#f2)[L],(#C-1.f2)[L],(#G-1.#g2~#a2)[L],(#C-1.#c3~#a2)[L],(#G-1.#g2~#f2)[L],(#D-1.f2)[L],(#A-1.#f2)[L],(#D-1.#c3)[L],(#A-1.#d2)[L],(#D-1.f2)[L],(#A-1.#f2)[L],(#D-1.#g2)[L],(#A-1.#a2)[L],(#D-1.#c3)[L],(#A-1.f2)[L],(#D-1.#f2)[L],(#A-1.#c3)[L],(#D-1.#d2)[L],(#A-1.#d)[L],(#D-1.#d2)[L],(#A-1.#d.#g2)[L],(#D-1.#a2)[L],(#A-1.#d)[L],(#C-1.#g2)[L],(#G-1.#c.#a2)[L],(#C-1.#g2)[L],(#G-1.#c.#f2)[L],(#C-1.f2)[L],(#G-1.#c.#c2)[L],(B-2.#d2)[L],(#F-1.B-1)[L],(B-2.#d2)[L],(#F-1.B-1.#g2~a2)[L],(B-2.#a2)[L],(#F-1.B-1)[L],(#C-1.#c3)[L],(#G-1.#c)[L],(#C-1.#g2)[L],(#G-1.#c)[L],(#C-1.#f2)[L],(#G-1.#c.f2)[L],(#G-2.#d2)[L],(#D-1.#G-1)[L],(#G-2.#d2)[L],(#D-1.#G-1.f2)[L],(#G-2.g2)[L],(#D-1.#G-1.#a2)[L],(F-2.a2)[L],(C-1.F-1)[L],(F-2.g2)[L],(C-1.F-1)[L],F-2[L],(C-1.F-1.f2)[L],(G-2.g2)[L],(D-1.G-1)[L],(G-2.d2~f2)[L],(D-1.G-1.d2~#a1)[L],(G-2.c2)[L],(D-1.G-1)[L],(G-2.g2)[L],(D-1.G-1)[L],G-2[L],(D-1.G-1)[L],G-2[L],(D-1.G-1)[L],(#G-1.g2)[L],(#d.#g)[L],(#G-1.g2)[L],(#d.#g.d3)[L],(#G-1.#d3)[L],(#d.#g)[L],(#A-2.d3)[L],(F-1.#A-1)[L],(#A-2.#a2)[L],(F-1.#A-1)[L],#A-2[L],(F-1.#A-1.f2)[L],(C-1.g2)[L],(G-1.c)[L],(C-1.g2)[L],(G-1.c.d3)[L],(C-1.#d3)[L],(G-1.c)[L],(#A-2.f3)[L],(F-1.#A-1)[L],(#A-2.d3)[L],(F-1.#A-1)[L],#A-2[L],(F-1.#A-1.#a2)[L],(B-2.b2)[L],(#F-1.B-1.#c3)[L],(B-2.#d3)[L],(#F-1.B-1.#f3)[L],(B-2.f3)[L],(#F-1.B-1.#c3)[L],(#C-1.#g2)[L],(#G-1.#c.#f2)[L],(#C-1.f2)[L],(#G-1.#c.#g2~#a2)[L],(#C-1.#c3~#a2)[L],(#G-1.#c.#g2~#f2)[L],(#D-1.f2)[L],(#A-1.#d.#f2)[L],(#D-1.#c3)[L],(#A-1.#d.#d2)[L],(#D-1.f2)[L],(#A-1.#d.#f2)[L],(#D-1.#g2)[L],(#A-1.#d.#a2)[L],(#D-1.#c3)[L],(#A-1.#d.f2)[L],(#D-1.#f2)[L],(#A-1.#d.#c3)[L],(#A-1.#d.#D-1.f2)[L],#f2[L],(#D-1.#c3)[L],#d2[L],(#D-1.#f2)[L],#c3[L],(c.f.F-1.f2)[L],#f2[L],(F-1.#c3)[L],#d2[L],(F-1.#f2)[L],#c3[L],(#c.#f.#F-1.f2)[L],#f2[L],(#F-1.#c3)[L],#d2[L],(#F-1.#f2)[L],#c3[L],(#F-1.f2)[L],#f2[L],(#F-1.#c3)[L],#d2[L],(#F-1.#f2)[L],#c3[L],(c.f.F-1.f2)[L],#f2[L],(F-1.#c3)[L];"]},{"id":3,"baseBeats":0.5,"scores":["mute[L],mute[L],mute[L],mute[L],mute[L],mute[L],mute[L],mute[L],mute[L],mute[L],mute[L],mute[L],mute[L],mute[L],mute[L],mute[L],mute[L],mute[L],mute[L],mute[L],mute[L],mute[L],mute[L],mute[L],mute[L],mute[L],mute[L],mute[L],mute[L],mute[L],mute[L],mute[L],mute[L],mute[L],mute[L],mute[L],mute[L],mute[L],mute[L],mute[L],mute[L],mute[L],mute[L],mute[L],mute[L],mute[L],mute[L],mute[IK],mute[L],mute[L],mute[L],mute[L],mute[L],mute[L],mute[L],mute[L],mute[L],mute[L],mute[L],mute[L],mute[L],mute[L],mute[L],5<mute[M],mute[M]>,mute[L],mute[L],mute[L],mute[L],mute[L],mute[L],mute[L],mute[L],mute[L],mute[L],mute[L],mute[L],mute[L],mute[L],mute[L],mute[L],mute[L],mute[L],mute[L],mute[L],mute[L],mute[L],5<mute[M],mute[M]>,5<mute[M],mute[M]>,mute[L],mute[L],mute[L],mute[L],mute[L],mute[L],mute[L],mute[L],mute[L],mute[L],mute[L],mute[L],mute[L],mute[L],mute[L],mute[L],mute[L],mute[L],mute[L],mute[L],mute[L],mute[L],mute[L],mute[L],mute[L],mute[L],mute[L],mute[L],mute[L],mute[L],mute[L],mute[L],mute[L],mute[L],mute[L],mute[L],mute[L],mute[L],mute[L],mute[L],mute[L],5<mute[M],mute[M]>,5<mute[M],mute[M]>,5<mute[M],mute[M]>,mute[L],mute[L],mute[L],mute[L],mute[L],mute[L],mute[L],mute[L],mute[L],mute[L],mute[L],mute[L],mute[L],mute[L],mute[L],mute[L],mute[L],mute[L],mute[L],mute[L],mute[L],mute[L],mute[L],mute[L],mute[L],mute[L],mute[L],mute[L],mute[L],mute[L],mute[L],mute[L],mute[L],mute[L],mute[L],mute[L],mute[L],mute[L],mute[L],mute[L],mute[L],mute[L],mute[L],mute[L],mute[L],mute[L],mute[L],mute[L],mute[L],mute[L],mute[L],mute[L],mute[L],mute[L],mute[L],mute[L],mute[L],mute[L],mute[L],mute[L],mute[L],mute[L],mute[L],mute[L],mute[L],mute[L],mute[L],mute[L],mute[L],mute[L],mute[L],mute[L],mute[L],mute[L],mute[L],mute[L],mute[L],mute[L],mute[L],mute[L],mute[L],mute[L],mute[L],mute[L],mute[L],mute[L],mute[I];","(#f.b.B-1.#d2)[L],#f2[L],(B-1.#c3)[L],(#g.#c1.#c.f2)[L],#f2[L],(#c.#c3)[L],(#f.b.B-1.#d2)[L],#f2[L],(B-1.b2)[L],(e.a.A-1.f2)[L],#f2[L],(A-1.a2)[L],#d2[L],(A-1.#f2)[L],a2[L],(A-1.f2)[L],#f2[L],(A-1.a2)[L],#d2[L],(A-1.#f2)[L],a2[L],(f.#a.#A-1.f2)[L],#f2[L],(#A-1.#a2)[L],d2[L],(#A-1.#f2)[L],#a2[L],(#A-1.f2)[L],#f2[L],(#A-1.#a2)[L],d2[L],(#A-1.#f2)[L],#a2[L],(#A-1.f2)[L],#f2[L],(#A-1.#a2)[L],d2[L],(#A-1.#f2)[L],#a2[L],(#A-1.f2)[L],#f2[L],(#A-1.#a2)[L],d2[L],(#A-1.#f2)[L],#a2[L],(#A-1.f2)[L],#f2[L],#a2[IK],(#D-1.#d2)[L],(#A-1.#d)[L],(#D-1.#d2)[L],(#A-1.#d.#g2)[L],(#D-1.#a2)[L],(#A-1.#d)[L],(#C-1.#g2)[L],(#G-1.#c.#a2)[L],(#C-1.#g2)[L],(#G-1.#c.#f2)[L],(#C-1.f2)[L],(#G-1.#c.#c2)[L],(B-2.#d2)[L],(#F-1.B-1)[L],(B-2.#d2)[L],(#F-1.B-1.#g2~a2)[L],(B-2.#a2)[L],(#F-1.B-1)[L],(#C-1.#c3)[L],(#G-1.#c)[L],(#C-1.#g2)[L],(#G-1.#c)[L],(#C-1.#f2)[L],(#G-1.#c.f2)[L],(#G-2.#d2)[L],(#D-1.#G-1)[L],(#G-2.#d2)[L],(#D-1.#G-1.f2)[L],(#G-2.g2)[L],(#D-1.#G-1.#a2)[L],(F-2.a2)[L],(C-1.F-1)[L],(F-2.g2)[L],(C-1.F-1)[L],F-2[L],(C-1.F-1.f2)[L],(G-2.g2)[L],(D-1.G-1)[L],(G-2.d2~f2)[L],(D-1.G-1.d2~#a1)[L],(G-2.c2)[L],(D-1.G-1)[L],(G-2.g2)[L],(D-1.G-1)[L],G-2[L],(D-1.G-1)[L],G-2[L],(D-1.G-1)[L],(#G-1.g2)[L],(#d.#g)[L],(#G-1.g2)[L],(#d.#g.d3)[L],(#G-1.#d3)[L],(#d.#g)[L],(#A-2.d3)[L],(F-1.#A-1)[L],(#A-2.#a2)[L],(F-1.#A-1)[L],#A-2[L],(F-1.#A-1.f2)[L],(C-1.g2)[L],(G-1.c)[L],(C-1.g2)[L],(G-1.c.d3)[L],(C-1.#d3)[L],(G-1.c)[L],(#A-2.f3)[L],(F-1.#A-1)[L],(#A-2.d3)[L],(F-1.#A-1)[L],#A-2[L],(F-1.#A-1.#a2)[L],(B-2.b2)[L],(#F-1.B-1.#c3)[L],(B-2.#d3)[L],(#F-1.B-1.#f3)[L],(B-2.f3)[L],(#F-1.B-1.#c3)[L],(#C-1.#g2)[L],(#G-1.#c.#f2)[L],(#C-1.f2)[L],(#G-1.#c.#g2~#a2)[L],(#C-1.#c3~#a2)[L],(#G-1.#c.#g2~#f2)[L],(#D-1.f2)[L],(#A-1.#d.#f2)[L],(#D-1.#c3)[L],(#A-1.#d.#d2)[L],(#D-1.f2)[L],(#A-1.#d.#f2)[L],(#D-1.#g2)[L],(#A-1.#d.#a2)[L],(#D-1.#c3)[L],(#A-1.#d.f2)[L],(#D-1.#f2)[L],(#A-1.#d.#c3)[L],(#A-1.#d.#D-1.f2)[L],#f2[L],(#D-1.#c3)[L],#d2[L],(#D-1.#f2)[L],#c3[L],(c.f.F-1.f2)[L],#f2[L],(F-1.#c3)[L],#d2[L],(F-1.#f2)[L],#c3[L],(#c.#f.#F-1.f2)[L],#f2[L],(#F-1.#c3)[L],#d2[L],(#F-1.#f2)[L],#c3[L],(#F-1.f2)[L],#f2[L],(#F-1.#c3)[L],#d2[L],(#F-1.#f2)[L],#c3[L],(c.f.F-1.f2)[L],#f2[L],(F-1.#c3)[L],(#f.b.B-1.#d2)[L],#f2[L],(B-1.#c3)[L],(#g.#c1.#c.f2)[L],#f2[L],(#c.#c3)[L],(#f.b.B-1.#d2)[L],#f2[L],(B-1.b2)[L],(e.a.A-1.f2)[L],#f2[L],(A-1.a2)[L],#d2[L],(A-1.#f2)[L],a2[L],(A-1.f2)[L],#f2[L],(A-1.a2)[L],#d2[L],(A-1.#f2)[L],a2[L],(f.#a.#A-1.f2)[L],#f2[L],(#A-1.#a2)[L],d2[L],(#A-1.#f2)[L],#a2[L],(#A-1.f2)[L],#f2[L],(#A-1.#a2)[L],d2[L],(#A-1.#f2)[L],#a2[L],(#A-1.f2)[L],#f2[L],(#A-1.#a2)[L],d2[L],(#A-1.#f2)[L],#a2[L],(#A-1.f2)[L],#f2[L],(#A-1.#a2)[L],d2[L],(#A-1.#f2)[L],#a2[L],(#A-1.f2)[L],#f2[L],#a2[I];"]}]}