{"baseBpm":132,"musics":[{"id":1,"baseBeats":0.5,"scores":["mute[L],mute[L],mute[L],mute[L],mute[L],mute[L],mute[L],mute[L],mute[L],mute[L],mute[L],mute[L],mute[L],mute[L],mute[K],mute[L],mute[L],mute[L],mute[L],mute[L],mute[L],mute[L],mute[L],mute[L],mute[L],mute[L],mute[L],mute[L],mute[L],mute[K],mute[L],mute[L],mute[L],mute[L],mute[L],mute[L],mute[L],mute[L],mute[L],mute[L],mute[L],mute[L],mute[L],mute[L],mute[K],mute[L],mute[L],mute[L],mute[L],mute[L],mute[L],mute[K],mute[K],mute[L],mute[L],mute[K],mute[K],mute[L],mute[L],mute[L],mute[L],mute[L],mute[L],mute[L],mute[L],mute[L],mute[L],mute[L],mute[L],mute[L],mute[L],mute[K],mute[L],mute[L],mute[L],mute[L],mute[L],mute[L],mute[L],mute[L],mute[L],mute[L],mute[L],mute[L],mute[L],mute[L],mute[K],mute[L],mute[L],mute[L],mute[L],mute[L],mute[L],mute[K],mute[L],mute[L],mute[L],mute[L],mute[L],mute[L],mute[K],mute[L],mute[L],mute[L],mute[L],mute[L],mute[L],mute[K],mute[K],mute[K],mute[K],mute[K],mute[L],mute[L],mute[L],mute[L],mute[L],mute[L],mute[L],mute[L],mute[L],mute[L],mute[L],mute[L],mute[L],mute[L],mute[K],mute[L],mute[L],mute[L],mute[L],mute[L],mute[L],mute[L],mute[L],mute[L],mute[L],mute[L],mute[L],mute[L],mute[L],mute[K],mute[L],mute[L],mute[L],mute[L],mute[L],mute[L],mute[L],mute[L],mute[L],mute[L],mute[L],mute[L],mute[L],mute[L],mute[K],mute[L],mute[L],mute[L],mute[L],mute[L],mute[L],mute[K],mute[K],mute[L],mute[L],mute[K],mute[K],mute[L],mute[L],mute[L],mute[L],mute[L],mute[L],mute[L],mute[L],mute[L],mute[L],mute[L],mute[L],mute[L],mute[L],mute[K],mute[L],mute[L],mute[L],mute[L],mute[L],mute[L],mute[L],mute[L],mute[L],mute[L],mute[L],mute[L],mute[L],mute[L],mute[K],mute[L],mute[L],mute[L],mute[L],mute[L],mute[L],mute[K],mute[L],mute[L],mute[L],mute[L],mute[L],mute[L],mute[K],mute[L],mute[L],mute[L],mute[L],mute[L],mute[L],mute[K],mute[J],mute[K],mute[L],mute[L],mute[L],mute[L],mute[L],mute[L],mute[L],mute[L],mute[L],mute[L],mute[L],mute[L],mute[L],mute[L],mute[L],mute[L],mute[L],mute[L],mute[L],mute[L],mute[L],mute[L],mute[L],mute[L],mute[L],mute[L],mute[L],mute[L],mute[L],mute[L],mute[L],mute[L],mute[L],mute[L],mute[L],mute[L],mute[L],mute[L],mute[L],mute[L],mute[L],mute[L],mute[L],mute[L],mute[L],mute[L],mute[K];","(#D-1.#d.#a1.g2.#a2)[L],(c2.g2.c3)[L],(g.#a.#d1.d2.g2.d3)[L],(c2.g2.c3)[L],(#A-2.#A-1)[L],(#a1.g2.#a2)[L],(g.#a.#d1.c2.g2.c3)[L],(d2.g2.d3)[L],(#D-1.#d.c2.g2.c3)[L],(#a1.g2.#a2)[L],(g.#a.#d1.c2.g2.c3)[L],(d2.g2.d3)[L],(#A-2.#A-1)[L],(c2.g2.c3)[L],(g.#a.#d1.#a1.g2.#a2)[K],(#D-1.#d.g1.#d2)[L],(g1.f2)[L],(g.#a.#d1.g1.g2)[L],(g1.f2)[L],(#A-2.#A-1)[L],(g1.#d2)[L],(g.#a.#d1.g1.f2)[L],(g1.g2)[L],(#D-1.#d.g1.f2)[L],(g1.#d2)[L],(g.#a.#d1.g1.f2)[L],(g1.g2)[L],(#A-2.#A-1)[L],(g1.f2)[L],(g.#a.#d1.g1.#d2)[K],(F-1.f.#g1.#a1)[L],(#g1.c2)[L],(#g.#a.d1.#g1.d2)[L],(#g1.c2)[L],(#A-2.#A-1)[L],(#g1.#a1)[L],(#g.#a.d1.#g1.c2)[L],(#g1.d2)[L],(F-1.f.#g1.c2)[L],(#g1.#a1)[L],(#g.#a.d1.#g1.c2)[L],(#g1.d2)[L],(#A-2.#A-1)[L],(#g1.c2)[L],(#g.#a.d1.#g1.#a1)[K],(#D-1.#d.g1.#a1.#d2)[L],d2[L],(g.#a.#d1.#d2)[L],(#a1.#d2.g2)[L],(#A-2.#A-1)[L],#f2[L],(g.#a.#d1.#a1.#d2.g2)[K],(F-1.f.d2.#g2.c3)[K],(f.#g.#a.d1.d2.#g2.b2)[L],(d2.#g2.#a2)[L],(#A-2.#A-1)[K],(#g.#a.d1.d2.#f2.#a2)[K],(#D-1.#d.#a1.g2.#a2)[L],(c2.g2.c3)[L],(g.#a.#d1.d2.g2.d3)[L],(c2.g2.c3)[L],(#A-2.#A-1)[L],(#a1.g2.#a2)[L],(g.#a.#d1.c2.g2.c3)[L],(d2.g2.d3)[L],(#D-1.#d.c2.g2.c3)[L],(#a1.g2.#a2)[L],(g.#a.#d1.c2.g2.c3)[L],(d2.g2.d3)[L],(#A-2.#A-1)[L],(c2.g2.c3)[L],(g.#a.#d1.#a1.g2.#a2)[K],(#D-1.#d.g1.#d2)[L],(g1.f2)[L],(g.#a.#d1.g1.g2)[L],(g1.f2)[L],(#A-2.#A-1)[L],(g1.#d2)[L],(g.#a.#d1.g1.f2)[L],(g1.g2)[L],(#D-1.#d.g1.f2)[L],(g1.#d2)[L],(g.#a.#d1.g1.f2)[L],(g1.g2)[L],(#A-2.#A-1)[L],(g1.f2)[L],(g.#a.#d1.g1.#d2)[K],(A-1.a.a1.#d2.f2)[L],g2[L],(f.a.c1.#d1.f2)[L],(a1.#d2)[L],(F-1.f)[L],d2[L],(f.a.c1.#d1.a1.c2)[K],(D-1.d.#a1.d2.f2)[L],g2[L],(f.#a.d1.f2)[L],(#a1.d2)[L],(#A-2.#A-1)[L],c2[L],(f.#a.d1.#a1)[K],(A-2.A-1.a1.#d2)[L],c2[L],(f.a.#d1.d2)[L],(a1.#d2)[L],(F-2.F-1)[L],d2[L],(f.a.#d1.a1.c2)[K],(#A-1.#a.#a1)[K],(#G-1.#g.a2)[N],(#a1.#a2)[LMN],(G-1.g.a2)[N],(#a1.#a2)[LMN],(F-1.f.a2)[N],(#a1.#a2)[LMN],(#D-1.#d.#a1.g2.#a2)[L],(c2.g2.c3)[L],(g.#a.#d1.d2.g2.d3)[L],(c2.g2.c3)[L],(#A-2.#A-1)[L],(#a1.g2.#a2)[L],(g.#a.#d1.c2.g2.c3)[L],(d2.g2.d3)[L],(#D-1.#d.c2.g2.c3)[L],(#a1.g2.#a2)[L],(g.#a.#d1.c2.g2.c3)[L],(d2.g2.d3)[L],(#A-2.#A-1)[L],(c2.g2.c3)[L],(g.#a.#d1.#a1.g2.#a2)[K],(#D-1.#d.g1.#d2)[L],(g1.f2)[L],(g.#a.#d1.g1.g2)[L],(g1.f2)[L],(#A-2.#A-1)[L],(g1.#d2)[L],(g.#a.#d1.g1.f2)[L],(g1.g2)[L],(#D-1.#d.g1.f2)[L],(g1.#d2)[L],(g.#a.#d1.g1.f2)[L],(g1.g2)[L],(#A-2.#A-1)[L],(g1.f2)[L],(g.#a.#d1.g1.#d2)[K],(F-1.f.#g1.#a1)[L],(#g1.c2)[L],(#g.#a.d1.#g1.d2)[L],(#g1.c2)[L],(#A-2.#A-1)[L],(#g1.#a1)[L],(#g.#a.d1.#g1.c2)[L],(#g1.d2)[L],(F-1.f.#g1.c2)[L],(#g1.#a1)[L],(#g.#a.d1.#g1.c2)[L],(#g1.d2)[L],(#A-2.#A-1)[L],(#g1.c2)[L],(#g.#a.d1.#g1.#a1)[K],(#D-1.#d.g1.#a1.#d2)[L],d2[L],(g.#a.#d1.#d2)[L],(#a1.#d2.g2)[L],(#A-2.#A-1)[L],#f2[L],(g.#a.#d1.#a1.#d2.g2)[K],(F-1.f.d2.#g2.c3)[K],(f.#g.#a.d1.d2.#g2.b2)[L],(d2.#g2.#a2)[L],(#A-2.#A-1)[K],(#g.#a.d1.d2.#f2.#a2)[K],(#D-1.#d.#a1.g2.#a2)[L],(c2.g2.c3)[L],(g.#a.#d1.d2.g2.d3)[L],(c2.g2.c3)[L],(#A-2.#A-1)[L],(#a1.g2.#a2)[L],(g.#a.#d1.c2.g2.c3)[L],(d2.g2.d3)[L],(#D-1.#d.c2.g2.c3)[L],(#a1.g2.#a2)[L],(g.#a.#d1.c2.g2.c3)[L],(d2.g2.d3)[L],(#A-2.#A-1)[L],(c2.g2.c3)[L],(g.#a.#d1.#a1.g2.#a2)[K],(#D-1.#d.g1.#d2)[L],(g1.f2)[L],(g.#a.#d1.g1.g2)[L],(g1.f2)[L],(#A-2.#A-1)[L],(g1.#d2)[L],(g.#a.#d1.g1.f2)[L],(g1.g2)[L],(#D-1.#d.g1.f2)[L],(g1.#d2)[L],(g.#a.#d1.g1.f2)[L],(g1.g2)[L],(#A-2.#A-1)[L],(g1.f2)[L],(g.#a.#d1.g1.#d2)[K],(A-1.a.a1.#d2.f2)[L],g2[L],(f.a.c1.#d1.f2)[L],(a1.#d2)[L],(F-1.f)[L],d2[L],(f.a.c1.#d1.a1.c2)[K],(D-1.d.#a1.d2.f2)[L],g2[L],(f.#a.d1.f2)[L],(#a1.d2)[L],(#A-2.#A-1)[L],c2[L],(f.#a.d1.#a1)[K],(A-2.A-1.a1.#d2)[L],c2[L],(f.a.#d1.d2)[L],(a1.#d2)[L],(F-2.F-1)[L],d2[L],(f.a.#d1.a1.c2)[K],(#A-1.#a.#a1)[J],(#A-2.#A-1.#a1.d2.f2.#a2)[K],(d2.g2.#a2)[L],#c2[L],(F-1.f.d2.g2.#a2)[L],#c2[L],(f.#g.#a.d1.d2.g2.#a2)[L],(c2.d2.#g2)[L],(#A-2.#A-1)[L],(d2.g2.#a2)[L],(f.#g.#a.d1)[L],#c2[L],(F-1.f.d2.g2.#a2)[L],#c2[L],(f.#g.#a.d1.d2.g2.#a2)[L],(c2.d2.#g2)[L],(#A-2.#A-1)[L],(c2.f2.#g2)[L],(f.#g.#a.d1)[L],b1[L],(#D-1.#d.c2.f2.#g2)[L],b1[L],(g.#a.#d1.c2.f2.#g2)[L],(#a1.#d2.g2)[L],(#A-2.#A-1)[L],(c2.f2.#g2)[L],(g.#a.#d1)[L],b1[L],(#D-1.#d.c2.f2.#g2)[L],b1[L],(g.#a.#d1.c2.f2.#g2)[L],(#a1.#d2.g2)[L],(#A-2.#A-1)[L],(#a1.#d2.g2)[L],(g.#a.#d1)[L],#f2[L],(C-1.c.a1.#d2.g2)[L],#f2[L],(f.#g.#d1.g2)[L],(a1.#d2.f2)[L],(F-2.F-1)[L],(a1.#d2.g2)[L],(f.#g.#d1)[L],#f2[L],(C-1.c.a1.#d2.g2)[L],#f2[L],(f.#g.#d1.g2)[L],(a1.#d2.f2)[L],(F-1.f)[K];"]},{"id":2,"baseBeats":0.5,"scores":["mute[L],mute[L],mute[L],mute[L],mute[L],mute[L],mute[L],mute[L],mute[K],mute[L],mute[L],mute[L],mute[L],mute[K],mute[L],mute[L],mute[L],mute[L],mute[L],mute[L],mute[L],mute[L],mute[L],mute[L],mute[L],mute[L],mute[L],mute[L],mute[L],mute[L],mute[L],mute[L],mute[L],mute[L],mute[L],mute[L],mute[L],mute[L],mute[L],mute[L],mute[L],mute[L],mute[L],mute[L],mute[K],mute[L],mute[L],mute[L],mute[L],mute[L],mute[L],mute[L],mute[L],mute[K],mute[L],mute[L],mute[L],mute[L],mute[L],mute[L],mute[K],mute[L],mute[L],mute[L],mute[L],mute[L],mute[L],mute[K],mute[K],mute[L],mute[L],mute[L],mute[L],mute[L],mute[L],mute[L],mute[L],mute[L],mute[L],mute[L],mute[L],mute[L],mute[L],mute[L],mute[L],mute[L],mute[L],mute[L],mute[L],mute[L],mute[L],mute[L],mute[L],mute[L],mute[L],mute[L],mute[L],mute[L],mute[L],mute[L],mute[L],mute[L],mute[L],mute[L],mute[L],mute[L],mute[L],mute[L],mute[L],mute[L],mute[L],mute[L],mute[L],mute[L],mute[L],mute[L],mute[L],mute[L],mute[L],mute[K],mute[L],mute[L],mute[L],mute[L],mute[L],mute[L],mute[L],mute[L],mute[K],mute[L],mute[L],mute[L],mute[L],mute[K],mute[L],mute[L],mute[L],mute[L],mute[L],mute[L],mute[L],mute[L],mute[L],mute[L],mute[L],mute[L],mute[L],mute[L],mute[L],mute[L],mute[L],mute[L],mute[L],mute[L],mute[L],mute[L],mute[L],mute[L],mute[L],mute[L],mute[L],mute[L],mute[L],mute[L],mute[K],mute[L],mute[L],mute[L],mute[L],mute[L],mute[L],mute[L],mute[L],mute[K],mute[L],mute[L],mute[L],mute[L],mute[L],mute[L],mute[K],mute[L],mute[L],mute[L],mute[L],mute[L],mute[L],mute[K],mute[K],mute[L],mute[L],mute[L],mute[L],mute[L],mute[L],mute[L],mute[L],mute[L],mute[L],mute[L],mute[L],mute[L],mute[L],mute[K],mute[L],mute[L],mute[K],mute[K],mute[L],mute[L],mute[L],mute[L],mute[L],mute[L],mute[L],mute[L],mute[K],mute[L],mute[L],mute[K],mute[K],mute[L],mute[L],mute[L],mute[L],mute[L],mute[L],mute[K],mute[L],mute[L],mute[L],mute[L],mute[L],mute[L],mute[L],mute[L],mute[L],mute[L],mute[L],mute[L],mute[L],mute[L],mute[K],mute[K],mute[K],mute[K],mute[K];","(f.#g.#d1.c2)[L],d2[L],(C-1.c.a1.#d2)[L],c2[L],(f.#g.#d1.d2)[L],(a1.#d2)[L],(F-1.f)[L],d2[L],(f.#g.#d1.c2)[K],(#A-1.#a.f1.#g1.d2.f2)[L],c[L],d[L],f[L],#a[K],(d2.g2.#a2)[L],#c2[L],(F-1.f.d2.g2.#a2)[L],#c2[L],(f.#g.#a.d1.d2.g2.#a2)[L],(c2.d2.#g2)[L],(#A-2.#A-1)[L],(d2.g2.#a2)[L],(f.#g.#a.d1)[L],#c2[L],(F-1.f.d2.g2.#a2)[L],#c2[L],(f.#g.#a.d1.d2.g2.#a2)[L],(c2.d2.#g2)[L],(#A-2.#A-1)[L],(c2.f2.#g2)[L],(f.#g.#a.d1)[L],b1[L],(#D-1.#d.c2.f2.#g2)[L],b1[L],(g.#a.#d1.c2.f2.#g2)[L],(#a1.#d2.g2)[L],(#A-2.#A-1)[L],(c2.f2.#g2)[L],(g.#a.#d1)[L],b1[L],(#D-1.#d.c2.f2.#g2)[L],b1[L],(g.#a.#d1.c2.f2.#g2)[L],(#a1.#d2.g2)[L],(g.#a.#d1)[K],#a1[L],b1[L],(C-1.c.c2)[L],b1[L],(f.a.#d1.c2)[L],(a1.#d2.g2)[L],(F-1.f)[L],#f2[L],(f.a.#d1.a1.#d2.g2)[K],(#A-1.#g1.d2.f2)[L],g2[L],(f.#g.#a.d1.#a2)[L],(#a1.g2)[L],(f.#g.#a.d1)[L],f2[L],(#A-2.#A-1.#g1.#a1)[K],(#D-1.#d.g1.#a1.#d2)[L],f2[L],(g.#a.#d1.g2)[L],(d2.f2.#a2)[L],(#A-2.#A-1)[L],g2[L],(f.#g.#a.d1.#g1.d2.f2)[K],(#D-1.#d.g1.#a1.#d2)[K],#a1[L],c2[L],d2[L],#d2[L],f2[L],g2[L],(F-1.f.d2.g2.#a2)[L],#c2[L],(f.#g.#a.d1.d2.g2.#a2)[L],(c2.d2.#g2)[L],(#A-2.#A-1)[L],(d2.g2.#a2)[L],(f.#g.#a.d1)[L],#c2[L],(F-1.f.d2.g2.#a2)[L],#c2[L],(f.#g.#a.d1.d2.g2.#a2)[L],(c2.d2.#g2)[L],(#A-2.#A-1)[L],(c2.f2.#g2)[L],(f.#g.#a.d1)[L],b1[L],(#D-1.#d.c2.f2.#g2)[L],b1[L],(g.#a.#d1.c2.f2.#g2)[L],(#a1.#d2.g2)[L],(#A-2.#A-1)[L],(c2.f2.#g2)[L],(g.#a.#d1)[L],b1[L],(#D-1.#d.c2.f2.#g2)[L],b1[L],(g.#a.#d1.c2.f2.#g2)[L],(#a1.#d2.g2)[L],(#A-2.#A-1)[L],(#a1.#d2.g2)[L],(g.#a.#d1)[L],#f2[L],(C-1.c.a1.#d2.g2)[L],#f2[L],(f.#g.#d1.g2)[L],(a1.#d2.f2)[L],(F-2.F-1)[L],(a1.#d2.g2)[L],(f.#g.#d1)[L],#f2[L],(C-1.c.a1.#d2.g2)[L],#f2[L],(f.#g.#d1.g2)[L],(a1.#d2.f2)[L],(F-1.f)[K],(f.#g.#d1.c2)[L],d2[L],(C-1.c.a1.#d2)[L],c2[L],(f.#g.#d1.d2)[L],(a1.#d2)[L],(F-1.f)[L],d2[L],(f.#g.#d1.c2)[K],(#A-1.#a.f1.#g1.d2.f2)[L],c[L],d[L],f[L],#a[K],(d2.g2.#a2)[L],#c2[L],(F-1.f.d2.g2.#a2)[L],#c2[L],(f.#g.#a.d1.d2.g2.#a2)[L],(c2.d2.#g2)[L],(#A-2.#A-1)[L],(d2.g2.#a2)[L],(f.#g.#a.d1)[L],#c2[L],(F-1.f.d2.g2.#a2)[L],#c2[L],(f.#g.#a.d1.d2.g2.#a2)[L],(c2.d2.#g2)[L],(#A-2.#A-1)[L],(c2.f2.#g2)[L],(f.#g.#a.d1)[L],b1[L],(#D-1.#d.c2.f2.#g2)[L],b1[L],(g.#a.#d1.c2.f2.#g2)[L],(#a1.#d2.g2)[L],(#A-2.#A-1)[L],(c2.f2.#g2)[L],(g.#a.#d1)[L],b1[L],(#D-1.#d.c2.f2.#g2)[L],b1[L],(g.#a.#d1.c2.f2.#g2)[L],(#a1.#d2.g2)[L],(g.#a.#d1)[K],#a1[L],b1[L],(C-1.c.c2)[L],b1[L],(f.a.#d1.c2)[L],(a1.#d2.g2)[L],(F-1.f)[L],#f2[L],(f.a.#d1.a1.#d2.g2)[K],(#A-1.#g1.d2.f2)[L],g2[L],(f.#g.#a.d1.#a2)[L],(#a1.g2)[L],(f.#g.#a.d1)[L],f2[L],(#A-2.#A-1.#g1.#a1)[K],(#D-1.#d.g1.#a1.#d2)[L],f2[L],(g.#a.#d1.g2)[L],(d2.f2.#a2)[L],(#A-2.#A-1)[L],g2[L],(f.#g.#a.d1.#g1.d2.f2)[K],(#D-1.#d.g1.#a1.#d2)[K],f2[L],#c2[L],(#d.g.#a.#c1.#a1)[L],g1[L],f1[L],#d1[L],(#G-1.#g.c1)[L],#d1[L],(#d.#g.c1.f1)[L],#g1[L],(#D-1.#d.c2)[L],#d2[L],(#d.#g.c1.f2)[L],g2[L],(#G-1.#g.#g1.c2.f2)[K],(#d.#g.c1.#d2)[L],(#g1.c2)[L],(#d.#g.c1)[K],(#D-1.#d.#c1.g1.b1)[K],(#G-1.#g.c2)[L],#d2[L],(#d.#g.c1.b1)[L],c2[L],(#D-1.#d.#d2)[L],b1[L],(#d.#g.c1.c2)[L],#d2[L],(#A-1.#a.g1.#c2.f2)[K],(#d.g.#a.#c1.e2)[L],(g1.#c2.#d2)[L],(#d.g.#a.#c1)[K],(#D-1.#d.c2)[K],(#A-1.#a.#c2)[L],f2[L],(#d.g.#a.#c1.c2)[L],#c2[L],(#D-1.#d)[L],f2[L],(#d.g.#a.#c1.b1)[K],(#G-1.#g.#d1.#g1.c2)[L],#d2[L],(#d.#g.c1.b1)[L],c2[L],(#d.#g.c1)[L],#d2[L],(#D-1.#d)[L],c2[L],(F-1.f.d1.#g1.#a1)[L],c2[L],(f.#g.#a.d1.f1)[L],#a1[L],(#A-2.#A-1)[L],c2[L],(f.#g.#a.d1.f1)[K],(#D-1.#d.#c1.g1.#a1)[K],(#a.#c1.g1)[K],(#g.#c1.f1)[K],(g.#c1.#d1)[K];"]},{"id":3,"baseBeats":0.5,"scores":["mute[L],mute[L],mute[L],mute[L],mute[L],mute[L],mute[L],mute[L],mute[K],mute[L],mute[L],mute[K],mute[K],mute[L],mute[L],mute[L],mute[L],mute[L],mute[L],mute[L],mute[L],mute[K],mute[K],mute[K],mute[L],mute[L],mute[L],mute[L],mute[L],mute[L],mute[L],mute[L],mute[K],mute[L],mute[L],mute[L],mute[L],mute[L],mute[L],mute[L],mute[L],mute[L],mute[L],mute[L],mute[L],mute[L],mute[L],mute[L],mute[L],mute[K],mute[L],mute[L],mute[L],mute[L],mute[L],mute[L],mute[L],mute[L],mute[L],mute[L],mute[L],mute[L],mute[L],mute[L],mute[K],mute[L],mute[L],mute[K],mute[K],mute[L],mute[L],mute[L],mute[L],mute[L],mute[L],mute[L],mute[L],mute[K],mute[L],mute[L],mute[K],mute[K],mute[L],mute[L],mute[L],mute[L],mute[L],mute[L],mute[K],mute[L],mute[L],mute[L],mute[L],mute[L],mute[L],mute[L],mute[L],mute[L],mute[L],mute[L],mute[L],mute[L],mute[L],mute[K],mute[K],mute[K],mute[K],mute[K],mute[L],mute[L],mute[L],mute[L],mute[L],mute[L],mute[L],mute[L],mute[K],mute[L],mute[L],mute[K],mute[K],mute[L],mute[L],mute[L],mute[L],mute[L],mute[L],mute[L],mute[L],mute[K],mute[K],mute[K],mute[L],mute[L],mute[L],mute[L],mute[L],mute[L],mute[L],mute[L],mute[K],mute[L],mute[L],mute[L],mute[L],mute[L],mute[L],mute[L],mute[L],mute[L],mute[L],mute[L],mute[L],mute[L],mute[L],mute[L],mute[L],mute[K],mute[L],mute[L],mute[L],mute[L],mute[L],mute[L],mute[L],mute[L],mute[L],mute[L],mute[L],mute[L],mute[L],mute[L],mute[L],mute[L],mute[L],mute[L],mute[L],mute[L],mute[L],mute[L],mute[L],mute[L],mute[L],mute[L],mute[L],mute[L],mute[L],mute[L],mute[L],mute[L],mute[L],mute[L],mute[L],mute[L],mute[L],mute[L],mute[L],mute[L],mute[L],mute[L],mute[L],mute[L],mute[L],mute[L],mute[L],mute[L],mute[L],mute[L],mute[K],mute[L],mute[L],mute[L],mute[L],mute[L],mute[L],mute[L],mute[L],mute[K],mute[L],mute[L],mute[L],mute[L],mute[K],mute[L],mute[L],mute[L],mute[L],mute[L],mute[L],mute[L],mute[L],mute[K],mute[L],mute[L],mute[L],mute[L],mute[L],mute[L],mute[K],mute[L],mute[L],mute[L],mute[L],mute[L],mute[L],mute[L],mute[L],mute[L],mute[L],mute[L],mute[L],mute[K],mute[L],mute[L],mute[L],mute[L],mute[L],mute[L],mute[L],mute[L],mute[K],mute[L],mute[L],mute[L],mute[L],mute[L],mute[L],mute[K],mute[L],mute[L],mute[L],mute[L],mute[L],mute[L],mute[K],mute[K],mute[K],mute[LMNO];","(#G-1.#g.c1)[L],#d1[L],(#d.#g.c1.f1)[L],#g1[L],(#D-1.#d.c2)[L],#d2[L],(#d.#g.c1.f2)[L],g2[L],(#G-1.#g.#g1.c2.f2)[K],(#d.#g.c1.#d2)[L],(#g1.c2)[L],(#d.#g.c1)[K],(#D-1.#d.#c1.g1.b1)[K],(#G-1.#g.c2)[L],#d2[L],(#d.#g.c1.b1)[L],c2[L],(#F-1.#f.#d2)[L],b1[L],(#d.#f.#g.c1.c2)[L],#d2[L],(F-1.f.f1.#g1.#c2.f2)[K],(f.#g.#c1)[K],(f.#g.#c1)[K],f2[L],g2[L],(#C-1.#c.#g1.#c2.f2.#g2)[L],f2[L],(f.#g.#c1.g2)[L],(#g1.#c2.f2.#g2)[L],(F-1.f)[L],g2[L],(E-1.e.f2)[K],(#D-1.#d.#g1.c2.g2)[L],#d2[L],(#d.#g.c1.f2)[L],(a1.c2.g2)[L],(C-1.c)[L],f2[L],(B-2.B-1.#d2)[L],c2[L],(#A-2.#A-1.f1.#a1.#c2)[L],f2[L],(f.#a.#c1.#c2)[L],(#d1.#g1.c2)[L],(#D-1.#d)[L],#d2[L],(f.#a.#c1.g1.#a1)[L],c2[L],(#G-1.#g.c1.#d1.#g1)[K],f2[L],#c2[L],(#d.g.#a.#c1.#a1)[L],g1[L],f1[L],#d1[L],(#G-1.#g.c1)[L],#d1[L],(#d.#g.c1.f1)[L],#g1[L],(#D-1.#d.c2)[L],#d2[L],(#d.#g.c1.f2)[L],g2[L],(#G-1.#g.#g1.c2.f2)[K],(#d.#g.c1.#d2)[L],(#g1.c2)[L],(#d.#g.c1)[K],(#D-1.#d.#c1.g1.b1)[K],(#G-1.#g.c2)[L],#d2[L],(#d.#g.c1.b1)[L],c2[L],(#D-1.#d.#d2)[L],b1[L],(#d.#g.c1.c2)[L],#d2[L],(#A-1.#a.g1.#c2.f2)[K],(#d.g.#a.#c1.e2)[L],(g1.#c2.#d2)[L],(#d.g.#a.#c1)[K],(#D-1.#d.c2)[K],(#A-1.#a.#c2)[L],f2[L],(#d.g.#a.#c1.c2)[L],#c2[L],(#D-1.#d)[L],f2[L],(#d.g.#a.#c1.b1)[K],(#G-1.#g.#d1.#g1.c2)[L],#d2[L],(#d.#g.c1.b1)[L],c2[L],(#d.#g.c1)[L],#d2[L],(#D-1.#d)[L],c2[L],(F-1.f.d1.#g1.#a1)[L],c2[L],(f.#g.#a.d1.f1)[L],#a1[L],(#A-2.#A-1)[L],c2[L],(f.#g.#a.d1.f1)[K],(#D-1.#d.#c1.g1.#a1)[K],(#a.#c1.g1)[K],(#g.#c1.f1)[K],(g.#c1.#d1)[K],(#G-1.#g.c1)[L],#d1[L],(#d.#g.c1.f1)[L],#g1[L],(#D-1.#d.c2)[L],#d2[L],(#d.#g.c1.f2)[L],g2[L],(#G-1.#g.#g1.c2.f2)[K],(#d.#g.c1.#d2)[L],(#g1.c2)[L],(#d.#g.c1)[K],(#D-1.#d.#c1.g1.b1)[K],(#G-1.#g.c2)[L],#d2[L],(#d.#g.c1.b1)[L],c2[L],(#F-1.#f.#d2)[L],b1[L],(#d.#f.#g.c1.c2)[L],#d2[L],(F-1.f.f1.#g1.#c2.f2)[K],(f.#g.#c1)[K],(f.#g.#c1)[K],f2[L],g2[L],(#C-1.#c.#g1.#c2.f2.#g2)[L],f2[L],(f.#g.#c1.g2)[L],(#g1.#c2.f2.#g2)[L],(F-1.f)[L],g2[L],(E-1.e.f2)[K],(#D-1.#d.#g1.c2.g2)[L],#d2[L],(#d.#g.c1.f2)[L],(a1.c2.g2)[L],(C-1.c)[L],f2[L],(B-2.B-1.#d2)[L],c2[L],(#A-2.#A-1.f1.#a1.#c2)[L],f2[L],(f.#a.#c1.#c2)[L],(#d1.#g1.c2)[L],(#D-1.#d)[L],#d2[L],(f.#a.#c1.g1.#a1)[L],c2[L],(#G-1.#g.c1.#d1.#g1)[K],#d1[L],f1[L],g1[L],#g1[L],#a1[L],c2[L],(#A-1.#a.g1.c2.#d2)[L],#f1[L],(#d.g.#a.#c1.g1.c2.#d2)[L],(f1.g1.#c2)[L],(#D-1.#d)[L],(g1.c2.#d2)[L],(#d.g.#a.#c1)[L],#f1[L],(#A-1.#a.g1.c2.#d2)[L],#f1[L],(#d.g.#a.#c1.g1.c2.#d2)[L],(f1.g1.#c2)[L],(#D-1.#d)[L],(f1.#g1.#c2)[L],(#d.g.#a.#c1)[L],e1[L],(#G-1.#g.f1.#g1.#c2)[L],e1[L],(#d.#g.c1.f1.#g1.#c2)[L],(#d1.#g1.c2)[L],(#D-1.#d)[L],(f1.#g1.#c2)[L],(#d.#g.c1)[L],e1[L],(#G-1.#g.f1.#g1.#c2)[L],e1[L],(#d.#g.c1.f1.#g1.#c2)[L],(#d1.#g1.c2)[L],(#D-1.#d)[L],(#d1.#g1.c2)[L],(#d.#g.c1)[L],b1[L],(F-1.f.d1.#g1.c2)[L],b1[L],(d.#g.#a.d1.#g1.c2)[L],(d1.#g1.#a1)[L],(#A-2.#A-1)[L],(d1.#g1.c2)[L],(d.#g.#a)[L],b1[L],(F-1.f.d1.#g1.c2)[L],b1[L],(d.#g.#a.c2)[L],(d1.#g1.#a1)[L],(#A-2.#A-1)[K],(d.#g.#a.f1)[L],g1[L],(F-1.f.d1.#g1)[L],f1[L],(d.#g.#a.g1)[L],(d1.#g1)[L],(#A-2.#A-1)[L],g1[L],(d.#g.#a.f1)[K],(#D-1.#d.#a.#c1.g1.#a1)[L],F-1[L],G-1[L],#A-1[L],(#d.#a1.#c2.g2.#a2)[K],(#a2.#d3.g3)[L],#f2[L],(#A-1.#a.g2.c3.#d3)[L],#f2[L],(#d.g.#a.#c1.g2.c3.#d3)[L],(f2.g2.#c3)[L],(#D-1.#d)[L],(g2.c3.#d3)[L],(#d.g.#a.#c1.#f2)[K],(#A-1.#a.g2.c3.#d3)[L],#f2[L],(#d.g.#a.#c1.g2.c3.#d3)[L],(f2.g2.#c3)[L],(#D-1.#d)[L],(f2.#g2.#c3)[L],(#d.g.#a.#c1.e2)[K],(#G-1.#g.f2.#g2.#c3)[L],e2[L],(#d.#g.c1.f2.#g2.#c3)[L],(#d2.#g2.c3)[L],(#D-1.#d)[L],(f2.#g2.#c3)[L],(#d.#g.c1)[L],e2[L],(#G-1.#g.f2.#g2.#c3)[L],e2[L],(#d.#g.c1.f2.#g2.#c3)[L],(#d2.#g2.c3)[L],(#D-1.#d)[K],(#d.#g.c1.#d2)[L],e2[L],(F-1.f.f2)[L],e2[L],(d.#g.#a.f2)[L],(d2.#g2.c3)[L],#A-1[L],b2[L],(d.#g.#a.c3)[K],(#D-1.#d.#a2)[L],c3[L],(#d.g.#a.#c1.#d3)[L],(#d2.c3)[L],(#d.g.#a.#c1)[L],#a2[L],(#D-1.#d.#c2.#d2)[K],(#G-1.#g.#g2)[L],#a2[L],(#d.#g.c1.c3)[L],(#d2.g2.#d3)[L],(#D-1.#d)[L],c3[L],(#d.g.#a.#c1.#c2.g2.#a2)[K],(#G-1.#g.c2.#d2.#g2)[K],#d[K],(#G-1.#d.#g.#g2.c3.#d3.#g3)[LMNO];"]}]}