{"baseBpm":160,"musics":[{"id":1,"baseBeats":0.5,"scores":["mute[L],mute[L],mute[L],mute[L],mute[L],mute[L],mute[L],mute[L],mute[L],mute[L],mute[L],mute[L],mute[L],mute[L],mute[L],mute[L],mute[L],mute[L],mute[L],mute[L],mute[L],mute[L],mute[L],mute[L],mute[L],mute[L],mute[L],mute[L],mute[L],mute[L],mute[L],mute[L],mute[K],mute[K],mute[J],mute[K],mute[K],mute[J],mute[K],mute[K],mute[J],mute[K],mute[K],mute[K],mute[K],mute[K],mute[K],mute[J],mute[K],mute[K],mute[J],mute[K],mute[K],mute[J],mute[K],mute[K],mute[J],mute[L],mute[L],mute[L],mute[L],mute[L],mute[L],mute[L],mute[L],mute[L],mute[L],mute[L],mute[L],mute[L],mute[L],mute[L],mute[L],mute[L],mute[L],mute[L],mute[L],mute[L],mute[L],mute[L],mute[L],mute[L],mute[L],mute[L],mute[L],mute[L],mute[L],mute[L];","(b1.d1)[L],#c2[L],(b2.d2)[L],#f2[L],(b1.d1)[L],#c2[L],(b2.d2)[L],#f2[L],(b1.d1)[L],#c2[L],(b2.d2)[L],#f2[L],(b1.d1)[L],#c2[L],(b2.d2)[L],#f2[L],(b1.d)[L],#c2[L],(b2.d2)[L],#f2[L],(b1.d)[L],#c2[L],(b2.d2)[L],#f2[L],(b1.d)[L],#c2[L],(b2.d2)[L],#f2[L],(b1.d)[L],#c2[L],(b2.d2)[L],#f2[L],(b1.B-1)[K],#f2[K],d2[J],(b1.B-1)[K],#f2[K],(d2.d)[J],(b1.G-1.B-1)[K],#f2[K],d2[J],(b1.B-1)[K],#f2[K],(d2.d)[K],#f2[K],(b2.B-1)[K],#f2[K],d2[J],b1[K],#f2[K],(d2.d)[J],(a1.G-1)[K],d2[K],d2[J],(a1.#F-1.A-1)[K],e2[K],d2[J],(b1.B-1.b)[L],#c2[L],d2[L],#f2[L],b1[L],#c2[L],d2[L],#f2[L],b1[L],#c2[L],d2[L],#f2[L],(b1.d.d1)[L],#c2[L],d2[L],#f2[L],(b1.g.g1)[L],#c2[L],(d2.a.a1)[L],#f2[L],(b.b1)[L],#c2[L],d2[L],#f2[L],(b1.#f.#f1)[L],#c2[L],d2[L],#f2[L],b1[L],#c2[L],(d2.g.g1)[L];"]},{"id":2,"baseBeats":0.5,"scores":["mute[L],mute[L],mute[L],mute[L],mute[L],mute[L],mute[L],mute[L],mute[L],mute[L],mute[L],mute[L],mute[L],mute[L],mute[L],mute[L],mute[L],mute[L],mute[L],mute[L],mute[L],mute[L],mute[L],mute[L],mute[L],mute[L],mute[L],mute[L],mute[L],mute[L],mute[L],mute[L],mute[L],mute[L],mute[L],mute[L],mute[L],mute[L],mute[L],mute[L],mute[L],mute[L],mute[L],mute[L],mute[L],mute[L],mute[L],mute[L],mute[L],mute[L],mute[L],mute[L],mute[L],mute[L],mute[L],mute[L],mute[L],mute[L],mute[L],mute[L],mute[L],mute[L],mute[L],mute[L],mute[L],mute[L],mute[L],mute[L],mute[L],mute[L],mute[L],mute[L],mute[L],mute[L],mute[L],mute[L],mute[L],mute[L],mute[L],mute[L],mute[L],mute[L],mute[L],mute[L],mute[L],mute[L],mute[L],mute[L],mute[L],mute[L],mute[L],mute[L],mute[L],mute[L],mute[L],mute[L],mute[L];","#f2[L],(b1.#f.#f1)[L],#c2[L],d2[L],#f2[L],b1[L],#c2[L],d2[L],#f2[L],b1[L],#c2[L],d2[L],#f2[L],b1[L],#c2[L],d2[L],#f2[L],b1[L],#c2[L],d2[L],#f2[L],b1[L],#c2[L],d2[L],#f2[L],(b1.A-1.a)[L],#c2[L],d2[L],#f2[L],b1[L],#c2[L],d2[L],#f2[L],(d1.b1.B-1)[L],#c[L],(d1.b1.d)[L],#f[L],(d1.b1.B-1)[L],#c[L],(d1.b1.d)[L],#f[L],(e1.g1.B-1)[L],#c[L],(e1.g1.d)[L],#f[L],(e1.g1.B-1)[L],#c[L],(e1.g1.d)[L],#f[L],(d1.a1.B-1)[L],#c[L],(d1.a1.d)[L],#f[L],(d1.a1.B-1)[L],#c[L],(d1.a1.d)[L],#f[L],(d1.a1.B-1)[L],#c[L],(d1.a1.d)[L],#f[L],(d1.a1.B-1)[L],#c[L],(d1.a1.d)[L],#f[L],(d1.b1.b.B-1)[L],#c[L],(d1.b1.d)[L],#f[L],(d1.b1.B-1)[L],#c[L],(d1.b1.d)[L],#f[L],(e1.g1.B-1)[L],#c[L],(e1.g1.d)[L],#f[L],(e1.g1.B-1)[L],#c[L],(e1.g1.d)[L],#f[L],(d1.a1.g.B-1)[L],#c[L],(d1.a1.d)[L],#f[L],(d1.a1.B-1)[L],#c[L],(d1.a1.d)[L],#f[L],(d1.a1.a.B-1)[L],#c[L],(d1.a1.d)[L],#f[L],(d1.a1.B-1)[L],#c[L],(d1.a1.d)[L],#f[L];"]},{"id":3,"baseBeats":0.5,"scores":["mute[K],mute[K],mute[K],mute[K],mute[K],mute[K],mute[K],mute[K],mute[K],mute[K],mute[K],mute[K],mute[K],mute[K],mute[K],mute[K],mute[L],mute[L],mute[L],mute[L],mute[L],mute[L],mute[L],mute[L],mute[L],mute[L],mute[L],mute[L],mute[L],mute[L],mute[L],mute[L],mute[L],mute[L],mute[L],mute[L],mute[L],mute[L],mute[L],mute[L],mute[L],mute[L],mute[L],mute[L],mute[L],mute[L],mute[L],mute[L],mute[L],mute[L],mute[L],mute[L],mute[L],mute[L],mute[L],mute[L],mute[L],mute[L],mute[L],mute[L],mute[L],mute[L],mute[L],mute[L],mute[L],mute[L],mute[L],mute[L],mute[L],mute[L],mute[L],mute[L],mute[L],mute[L],mute[L],mute[L],mute[L],mute[L],mute[L],mute[L],mute[II];","(d1.b1.B-1)[K],(d1.b1)[K],(d1.b1)[K],(d1.b1.d)[K],(e1.g1.a)[K],(e1.g1)[K],(e1.g1)[K],(e1.g1.g)[K],(d1.a1.#f)[K],(d1.a1)[K],(d1.a1)[K],(d1.a1)[K],(d1.a1)[K],(d1.a1)[K],(d1.a1)[K],(d1.a1)[K],(b1.B-1)[L],#c2[L],d2[L],#f2[L],b1[L],#c2[L],(d2.d)[L],#f2[L],(b1.a)[L],#c2[L],d2[L],#f2[L],b1[L],#c2[L],(d2.g)[L],#f2[L],(b1.#f)[L],#c2[L],d2[L],#f2[L],b1[L],#c2[L],d2[L],#f2[L],b1[L],#c2[L],d2[L],#f2[L],b1[L],#c2[L],(d2.e)[L],#f2[L],(b1.d)[L],#c2[L],(b2.d2)[L],#f2[L],b1[L],#c2[L],(b2.d2)[L],#f2[L],b1[L],#c2[L],(b2.d2)[L],#f2[L],(b1.B-1)[L],#c2[L],(b2.d2.d)[L],#f2[L],(b1.B-1)[L],#c2[L],(b2.d2)[L],#f2[L],b1[L],#c2[L],(b2.d2)[L],#f2[L],(b1.d)[L],#c2[L],(b2.d2)[L],#f2[L],b1[L],#c2[L],(b2.d2)[L],#f2[L],(b2.B-1.#f)[II];"]}]}