{"baseBpm":360,"musics":[{"bpm":360,"baseBeats":0.625,"scores":["TU,TU,TU,TU,TU,TU,TUV,mute[LN],mute[LN],TU,TU,TU,TU,TU,TU,TU,TU,TU,TU,TU,TU,TU,TU,TUV,mute[LN],mute[LN],TU,TU,TU,TU,TU,TU,TU,S,mute[LN],mute[LN],mute[LN],mute[LN],mute[LN],mute[LN],mute[LN],mute[LN],mute[LN],mute[LN],mute[LN],mute[LN],mute[LN],mute[LN],mute[LN],mute[LN],mute[LN],mute[LN],mute[LN],mute[LN],mute[LN],mute[LN],mute[LN],mute[LN],mute[LN],mute[LN],mute[LN],mute[LN],mute[LN],mute[LN],mute[LN],mute[LN],mute[LN],mute[LN],mute[LN],mute[LN],mute[LN],mute[LN],mute[LN],mute[LN],mute[LN],mute[LN],mute[LN],mute[LN],mute[LN],mute[LN],mute[LN],mute[LN],mute[LN],mute[LN],mute[LN],mute[LN],mute[LN],mute[LN],mute[LN],mute[LN],mute[LN],mute[LN],mute[LN],mute[LN],mute[LN],mute[LN],mute[LN],mute[LN],mute[LN],mute[LN],mute[LN],mute[LN],mute[LN],mute[LN],mute[LN],mute[LN],mute[LN],mute[LN],mute[LN],mute[LN],TU,TU,TU,TU,TU,TU,TW,5<UW>,mute[LN],mute[LN],TU,TU,TU,TU,TU,TU,TU,TU,TU,TU,TU,TU,TU,TU,TW,5<UW>,mute[LN],mute[LN],TU,TU,TU,TU,TU,TU,TU,TUW,mute[LN],mute[LN],mute[LN],UVW,mute[LN],T,TU,TU,TU,TW,5<UW>,mute[LN],mute[LN],TU,TU,TU,TU,TU,TU,TU,T,5<UW>,mute[LN],mute[LN],mute[LN],UVW,mute[LN],T,TU,TU,TU,TW,5<UW>,mute[LN],mute[LN],TU,TU,TU,T,5<UW>,mute[LN],UVWX,mute[LN],UVWX,mute[LN],UVWX,mute[LN],mute[LN],mute[LN],UVWX,mute[LN],UVWX,mute[LN],UVWX,mute[LN],mute[LN],mute[LN],UVWX,mute[LN],UVWX,mute[LN],UVWX,mute[LN],UVWX,mute[LN],mute[LN],mute[LN],UVWX,mute[LN],UVWX,mute[LN],UVWX,mute[LN],UVWX,mute[LN],mute[LN],mute[LN],mute[LN],5<UW>,mute[LN],mute[LN],mute[LN],UVWX,mute[LN],UVWX,mute[LN],mute[LN],mute[LN],UVWX,mute[LN],UVWX,mute[LN],UVWX,mute[LN],UVWX,mute[LN],mute[LN],mute[LN],UVWX,mute[LN],UVWX,mute[LN],UVWX,mute[LN],UVWX,mute[LN],mute[LN],mute[LN],UVWX,mute[LN],mute[LN],5<UW>,mute[LN],mute[LN],mute[LN],mute[LN],UVWX,mute[LN],mute[LN],UVWX,mute[LN],UVWX,mute[LN],UVWX,mute[LN],UVWX,mute[LN],mute[LN],mute[LN],UVWX,mute[LN],UVWX,mute[LN],UVWX,mute[LN],UVWX,mute[LN],mute[LN],mute[LN],UVWX,mute[LN],UVWX,mute[LN],UVWX,mute[LN],UVWX,mute[LN],mute[LN],mute[LN],UVWX,mute[LN],UVWX,mute[LN],UVWX,mute[LN],UVWX,mute[LN],mute[LN],mute[LN],UVWX,mute[LN],UVWX,mute[LN],UVWX,mute[LN],UVWX,mute[LN],mute[LN],mute[LN],UVWX,mute[LN],UVWX,mute[LN],UVWX,mute[LN],UVWX,mute[LN],mute[LN],TV,TU,TUV,ST,TU,TV,TU,TUV,ST,TU,TV,T,5<UW>,mute[LN],UVWX,mute[LN],UVWX,TV,TU,TUV,","(#a1.#g.#d.#A-2)[KL],(#g.#d.#a.f.#A-2)[KL],(#g.#d.#a.f.#G-1)[KL],(#a.f.#A-1)[KL],(#c1.#g)[KL],(#c1.#g.#a.f)[KL],(#c1.#g.#a.f)[KL],(#a.f.F-1)[LM],#G-1[LM],(#c1.#g.#A-2)[KL],(#c1.#g.#a.f.#A-2)[KL],(#c1.#g.#a.f.#d1.#G-1)[KL],(#a.f.#d1.e1.b.#A-1)[KL],(#d1.#a.e1.b)[KL],(e1.b.#d1.#a.#c1.#g)[KL],(#d1.#a.#c1.#g)[KL],(#c1.#g)[KL],(#g.#d.#A-2)[KL],(#g.#d.#a.f.#A-2)[KL],(#g.#d.#a.f.#G-1)[KL],(#a.f.#A-1)[KL],(#c1.#g)[KL],(#c1.#g.#a.f)[KL],(#c1.#g.#a.f)[KL],(#a.f.F-1)[LM],#G-1[LM],(#g.#d.#D-1)[KL],(#g.#d.#D-1)[KL],(#g.#d.#c)[KL],(#g.#d.g.#c)[KL],(#g.#d.g.#c)[KL],(g.#c)[KL],#A-1[KL],#c[KL],(#g.#d.#d2.#A-2)[LM],(#d2.e2)[LM],(#g.#d.#a.f.e2.#d2.#A-2)[LM],(#d2.e2)[LM],(#g.#d.#a.f.e2.#d2.#G-1)[LM],(#d2.e2)[LM],(#a.f.e2.#d2.#A-1)[LM],(#d2.e2)[LM],(#c1.#g.e2.#d2)[LM],(#d2.e2)[LM],(#c1.#g.#a.f.e2.#d2)[LM],(#d2.e2)[LM],(#c1.#g.#a.f.e2.#d2)[LM],(#d2.e2)[LM],(#a.f.e2.g2.F-1)[LM],(g2.#g2.#G-1)[LM],(#c1.#g.#g2.#a2.#A-2)[LM],(#a2.b2)[LM],(#c1.#g.#a.f.b2.#a2.#A-2)[LM],(#a2.b2)[LM],(#c1.#g.#a.f.#d1.b2.#a2.#G-1)[LM],(#a2.b2)[LM],(#a.f.#d1.e1.b.b2.#a2.#A-1)[LM],(#a2.b2)[LM],(#d1.#a.e1.b.b2.#a2)[LM],(#a2.b2)[LM],(e1.b.#d1.#a.#c1.#g.b2.#a2)[LM],(#a2.b2)[LM],(#d1.#a.#c1.#g.b2.#a2)[LM],(#a2.#g2)[LM],(#c1.#g.#g2.g2)[LM],(g2.e2)[LM],(#g.#d.e2.#d2.#A-2)[LM],(#d2.e2)[LM],(#g.#d.#a.f.e2.#d2.#A-2)[LM],(#d2.e2)[LM],(#g.#d.#a.f.e2.#d2.#G-1)[LM],(#d2.e2)[LM],(#a.f.e2.#d2.#A-1)[LM],(#d2.e2)[LM],(#c1.#g.e2.#d2)[LM],(#d2.e2)[LM],(#c1.#g.#a.f.e2.#d2)[LM],(#d2.e2)[LM],(#c1.#g.#a.f.e2.#d2)[LM],(#d2.e2)[LM],(#a.f.e2.g2.F-1)[LM],(g2.#g2.#G-1)[LM],(#g.#d.#g2.#a2.#D-1)[LM],(#a2.b2)[LM],(#g.#d.b2.#a2.#D-1)[LM],(#a2.b2)[LM],(#g.#d.b2.#a2.#c)[LM],(#a2.b2)[LM],(#g.#d.g.#c.b2.#a2)[LM],(#a2.b2)[LM],(#g.#d.g.#c.b2.#a2)[LM],(#a2.b2)[LM],(g.#c.b2.#a2)[LM],(#a2.b2)[LM],(b2.#a2.#A-1)[LM],(#a2.b2)[LM],(b2.#c3.#c)[LM],(#c3.d3)[LM],(#a2.#c2.#a1.f1.#c1.d3.#A-2)[KL],(f3.#g2.f2.f1.#c1.#A-2)[KM],(#g1.f1)[M],(f1.#c1.#G-1)[KM],(#g1.f1)[M],(f3.#g2.f2.f1.#c1.#A-1)[KM],(#g1.f1)[M],(#d3.g2.#d2.#d1.c1)[KM],(#g1.f1.g1.#d1)[M],(c3.#d2.c2.#d1.c1)[KM],(g1.#d1.c1)[M],(#d1.c1)[KM],(#d1.c1)[M],(c3.#d2.c2.#d1.c1.F-1)[LM],#G-1[L],(#d1.c1)[M],(#g2.c2.#g1.#d1.c1.#A-2)[KM],(#d1.c1.#g)[M],(c3.#d2.c2.#d1.c1.#A-2)[KM],(c1.#g.#d1)[M],(#d1.c1.#G-1)[KM],(#d1.c1)[M],(c3.#d2.c2.#d1.c1.#A-1)[KM],(#d1.c1)[M],(c3.#d2.c2.#c1.#a)[KM],(#d1.c1)[M],(#a2.#c2.#a1.#c1.#a)[KM],(#d1.c1.#c1.#a)[M],(#c1.#a)[KM],(#c1.#a)[M],(#c1.#a)[KL],(#a2.#c2.#a1.f1.#c1.#A-2)[KM],(#c1.#a)[M],(f3.#g2.f2.f1.#c1.#A-2)[KM],(#c1.#a.#g1.f1)[M],(f1.#c1.#G-1)[KM],(#g1.f1)[M],(f3.#g2.f2.f1.#c1.#A-1)[KM],(#g1.f1)[M],(#d3.g2.#d2.#d1.c1)[KM],(#g1.f1.g1.#d1)[M],(#g3.c3.#g2.#d1.c1)[KM],(g1.#d1.c2.#g1)[M],(#d1.c1)[KM],(c2.#g1)[M],(#g3.c3.#g2.#d1.c1.F-1)[LM],#G-1[L],(c2.#g1)[M],(c4.c3.#g2.#d1.c1.#A-2)[KM],(c2.#g1)[M],(#d4.#d3.c3.#d1.c1.#A-2)[KM],(c2.#g1.#d2)[M],(#g3.#g2.#d2.#d1.c1.#G-1)[KM],(#d2.c2.#g1.#d1)[M],(#f3.#f2.#d2.#d1.c1.#A-1)[KM],(#g1.#d1.#f1)[M],(f3.f2.#c2.#c1.#a)[KM],(#f1.#d1.f1.#c1)[M],(#a3.#a2.f2.#c1.#a)[KM],(f1.#c1.#a1)[M],(#c1.#a.F-1)[KM],(#a1.f1)[M],(#c1.#a.#G-1)[KL],(#d3.#d2.c2.#d1.c1.C-1)[LM],(f3.f2.d2)[L],(#d1.c1)[M],(g3.g2.#d2.#d1.c1.C-1)[L],(f1.d1)[LM],(#d1.c1.g1)[M],(#d3.#d2.c2.#d1.c1.#A-1)[L],(f1.d1)[LM],(g1.#d1.c1)[M],(#g3.#g2.f2.#d1.c1.c)[KM],(#d1.c1.#g1.f1)[M],(d1.b)[KM],(#g1.f1)[M],(#g3.#g2.f2.d1.b)[KM],(#g1.f1)[M],(g3.g2.#d2.d1.b)[KM],(#g1.f1.g1.#d1)[M],(f3.f2.d2.d1.b.G-1)[LM],#A-1[L],(g1.#d1.f1.d1)[M],(g3.g2.#d2.#d1.c1.C-1)[KM],(f1.d1.g1.#d1)[M],(#d3.#d2.c2.#d1.c1.C-1)[KM],(g1.#d1.c1)[M],(#d1.c1.#A-1)[KM],(#d1.c1)[M],(f3.f2.d2.#d1.c1.c)[KM],(f1.d1)[M],(f1.d1)[KM],(f1.d1)[M],(d3.d2.b1.f1.d1)[KM],(d1.b)[M],(#d3.#d2.c2.f1.d1)[KM],(d1.b.#d1.c1)[M],(f1.d1)[KM],(#d1.c1)[M],(#d3.#d2.c2.g1.#d1.C-1)[LM],(f3.f2.d2)[L],(#d1.c1)[M],(g3.g2.#d2.g1.#d1.C-1)[L],(f1.d1)[LM],(#d1.c1.g1)[M],(#d3.#d2.c2.g1.#d1.#A-1)[L],(f1.d1)[LM],(g1.#d1.c1)[M],(#g3.#g2.f2.g1.#d1.c)[KM],(#d1.c1.#g1.f1)[M],(#g1.f1)[KM],(#g1.f1)[M],(#g3.#g2.f2.#g1.f1)[KM],(#g1.f1)[M],(g3.g2.#d2.#g1.f1)[KM],(#g1.f1.g1.#d1)[M],(f3.f2.d2.#g1.f1.G-1)[LM],#A-1[L],(g1.#d1.f1.d1)[M],(g3.g2.#d2.c1.g.C-1)[KM],(f1.d1.g1.#d1)[M],(c4.c3.g2.c1.g.C-1)[KM],(g1.#d1.c2)[M],(c1.g.#A-1)[KM],(c2.g1)[M],(c4.c3.g2.c1.g.c)[KM],(c2.g1)[M],(c4.c3.#g2.d1.#g.#A-1)[LM],c[L],(c2.g1.#g1)[M],(b3.b2.#g2.d1.#g.G-1)[LM],#A-1[L],(c2.#g1.b1)[M],(d1.#g.F-1)[LM],G-1[L],(b1.#g1)[M],(d1.#g.#D-1)[LM],F-1[LM],(#a2.#c2.#a1.f1.#c1.c2.#A-2)[LM],(c2.#c2)[L],(#c1.#a)[M],(f3.#g2.f2.f1.#c1.#c2.c2.#A-2)[LM],(c2.#c2)[L],(#c1.#a.#g1.f1)[M],(f1.#c1.#c2.c2.#G-1)[LM],(c2.#c2)[L],(#g1.f1)[M],(f3.#g2.f2.f1.#c1.#c2.c2.#A-1)[LM],(c2.#c2)[L],(#g1.f1)[M],(#d3.g2.#d2.#d1.c1.#c2.c2)[LM],(c2.#c2)[L],(#g1.f1.g1.#d1)[M],(c3.#d2.c2.#d1.c1.#c2)[LM],(c2.#c2)[L],(g1.#d1.c1)[M],(#d1.c1.#c2.c2)[LM],(c2.#c2)[L],(#d1.c1)[M],(c3.#d2.c2.#d1.c1.#c2.e2.F-1)[LM],(e2.f2.#G-1)[L],(#d1.c1)[M],(#g2.c2.#g1.#d1.c1.f2.g2.#A-2)[LM],(g2.#g2)[L],(#d1.c1.#g)[M],(c3.#d2.c2.#d1.c1.#g2.g2.#A-2)[LM],(g2.#g2)[L],(c1.#g.#d1)[M],(#d1.c1.#g2.g2.#G-1)[LM],(g2.#g2)[L],(#d1.c1)[M],(c3.#d2.c2.#d1.c1.#g2.g2.#A-1)[LM],(g2.#g2)[L],(#d1.c1)[M],(c3.#d2.c2.#c1.#a.#g2.g2)[LM],(g2.#g2)[L],(#d1.c1)[M],(#a2.#c2.#a1.#c1.#a.#g2.g2)[LM],(g2.#g2)[L],(#d1.c1.#c1.#a)[M],(#c1.#a.#g2.g2)[LM],(g2.f2)[L],(#c1.#a)[M],(#c1.#a.f2.e2)[LM],(e2.#c2)[LM],(#a2.#c2.#a1.f1.#c1.c2.#A-2)[LM],(c2.#c2)[L],(#c1.#a)[M],(f3.#g2.f2.f1.#c1.#c2.c2.#A-2)[LM],(c2.#c2)[L],(#c1.#a.#g1.f1)[M],(f1.#c1.#c2.c2.#G-1)[LM],(c2.#c2)[L],(#g1.f1)[M],(f3.#g2.f2.f1.#c1.#c2.c2.#A-1)[LM],(c2.#c2)[L],(#g1.f1)[M],(#d3.g2.#d2.#d1.c1.#c2.c2)[LM],(c2.#c2)[L],(#g1.f1.g1.#d1)[M],(#g3.c3.#g2.#d1.c1.#c2.c2)[LM],(c2.#c2)[L],(g1.#d1.c2.#g1)[M],(#d1.c1.#c2.c2)[LM],(c2.#c2)[L],(c2.#g1)[M],(#g3.c3.#g2.#d1.c1.#c2.e2.F-1)[LM],(e2.f2.#G-1)[L],(c2.#g1)[M],(c4.c3.#g2.#d1.c1.f2.g2.#A-2)[LM],(g2.#g2)[L],(c2.#g1)[M],(#d4.#d3.c3.#d1.c1.#g2.g2.#A-2)[LM],(g2.#g2)[L],(c2.#g1.#d2)[M],(#g3.#g2.#d2.#d1.c1.g2.#G-1)[LM],(g2.#g2)[L],(#d2.c2.#g1.#d1)[M],(#f3.#f2.#d2.#d1.c1.#g2.g2.#A-1)[LM],(g2.#g2)[L],(#g1.#d1.#f1)[M],(f3.f2.#c2.#c1.#a.#g2.g2)[LM],(g2.#g2)[L],(#f1.#d1.f1.#c1)[M],(#a3.#a2.f2.#c1.#a.#g2.g2)[LM],(g2.#g2)[L],(f1.#c1.#a1)[M],(#c1.#a.#g2.g2.F-1)[LM],(g2.#g2)[L],(#a1.f1)[M],(#c1.#a.#g2.g2.#G-1)[LM],(g2.#g2)[LM],(#d3.#d2.c2.#d1.c1.#g2.g2.C-1)[LM],(f3.f2.d2.g2.#g2)[L],(#d1.c1)[M],(g3.g2.#d2.#d1.c1.#g2.C-1)[L],(f1.d1)[M],(g2.#g2)[L],(#d1.c1.g1)[M],(#d3.#d2.c2.#d1.c1.#g2.g2.#A-1)[L],(f1.d1)[M],(g2.#g2)[L],(g1.#d1.c1)[M],(#g3.#g2.f2.#d1.c1.g2.c)[LM],(g2.#g2)[L],(#d1.c1.#g1.f1)[M],(d1.b.#g2.g2)[LM],(g2.#g2)[L],(#g1.f1)[M],(#g3.#g2.f2.d1.b.g2)[LM],(g2.#g2)[L],(#g1.f1)[M],(g3.g2.#d2.d1.b.#g2)[LM],(g2.#g2)[L],(#g1.f1.g1.#d1)[M],(f3.f2.d2.d1.b.#g2.b2.G-1)[LM],(b2.c3.#A-1)[L],(g1.#d1.f1.d1)[M],(g3.g2.#d2.#d1.c1.c3.d3.C-1)[LM],(d3.#d3)[L],(f1.d1.g1.#d1)[M],(#d3.#d2.c2.#d1.c1.d3.C-1)[LM],(d3.#d3)[L],(g1.#d1.c1)[M],(#d1.c1.#d3.d3.#A-1)[LM],(d3.#d3)[L],(#d1.c1)[M],(f3.f2.d2.#d1.c1.#d3.d3.c)[LM],(d3.#d3)[L],(f1.d1)[M],(f1.d1.#d3.d3)[LM],(d3.#d3)[L],(f1.d1)[M],(d3.d2.b1.f1.d1.#d3)[LM],(d3.#d3)[L],(d1.b)[M],(#d3.#d2.c2.f1.d1.d3)[LM],(d3.c3)[L],(d1.b.#d1.c1)[M],(f1.d1.c3.b2)[LM],(b2.#g2)[L],(#d1.c1)[M],(#d3.#d2.c2.g1.#d1.#g2.g2.C-1)[LM],(f3.f2.d2.g2.#g2)[L],(#d1.c1)[M],(g3.g2.#d2.g1.#d1.#g2.C-1)[L],(f1.d1)[M],(g2.#g2)[L],(#d1.c1.g1)[M],(#d3.#d2.c2.g1.#d1.#g2.g2.#A-1)[L],(f1.d1)[M],(g2.#g2)[L],(g1.#d1.c1)[M],(#g3.#g2.f2.g1.#d1.g2.c)[LM],(g2.#g2)[L],(#d1.c1.#g1.f1)[M],(#g1.f1.#g2.g2)[LM],(g2.#g2)[L],(#g1.f1)[M],(#g3.#g2.f2.#g1.f1.g2)[LM],(g2.#g2)[L],(#g1.f1)[M],(g3.g2.#d2.#g1.f1.#g2)[LM],(g2.#g2)[L],(#g1.f1.g1.#d1)[M],(f3.f2.d2.#g1.f1.#g2.b2.G-1)[LM],(b2.c3.#A-1)[L],(g1.#d1.f1.d1)[M],(g3.g2.#d2.c1.g.c3.d3.C-1)[LM],(d3.#d3)[L],(f1.d1.g1.#d1)[M],(c4.c3.g2.c1.g.#d3.d3.C-1)[LM],(d3.#d3)[L],(g1.#d1.c2)[M],(c1.g.#d3.d3.#A-1)[LM],(d3.#d3)[L],(c2.g1)[M],(c4.c3.g2.c1.g.#d3.d3.c)[LM],(d3.#d3)[L],(c2.g1)[M],(c4.c3.#g2.d1.#g.#d3.d3.#A-1)[LM],(d3.#d3.c)[L],(c2.g1.#g1)[M],(b3.b2.#g2.d1.#g.#d3.d3.G-1)[LM],(d3.#d3.#A-1)[L],(c2.#g1.b1)[M],(d1.#g.#d3.d3.F-1)[LM],(d3.#d3.G-1)[L],(b1.#g1)[M],(d1.#g.#d3.f3.#D-1)[LM],(f3.#f3.F-1)[LM],(c3.c2.e3.#f3.C-1)[KM],c1[K],G-1[L],c1[KLM],c[JK],(g2.g1.G-1)[KM],g[M],(#g2.#g1.f3.#c3.C-1)[KM],(g.#g)[K],#G-1[L],#g[KLM],#c[JK],#G-1[KL],(f2.f1.#c3.#a2.C-1)[KM],f[K],(g2.g1.G-1)[MN],(f2.f1)[N],f[M],(e2.e1)[L],g[L],f[M],e[M],(f2.f1.#A-1)[L],g[L],f[M],(e.f)[M],(g2.g1.e3.c3.C-1)[KM],(f.g)[K],G-1[L],g[KLM],"],"id":1},{"bpm":360,"baseBeats":0.625,"scores":["ST,TU,TV,TV,5<UW>,mute[LN],mute[LN],mute[LN],mute[LN],mute[LN],mute[LN],mute[LN],mute[LN],mute[LN],mute[LN],mute[LN],mute[LN],mute[LN],mute[LN],mute[LN],mute[LN],mute[LN],mute[LN],mute[LN],mute[LN],mute[LN],TU,TUV,ST,TU,TV,TU,TUV,ST,TU,TV,T,5<UW>,mute[LN],UVWX,mute[LN],UVWX,TV,TU,TUV,ST,TU,TV,TX,UVWX,mute[LN],mute[LN],mute[LN],mute[LN],mute[LN],mute[LN],mute[LN],mute[LN],mute[LN],mute[LN],mute[LN],mute[LN],mute[LN],mute[LN],mute[LN],UVWX,mute[LN],UVWX,mute[LN],UVWX,mute[LN],UVWX,mute[LN],mute[LN],TU,TU,TUW,mute[LN],UVWX,mute[LN],UVWX,mute[LN],mute[LN],TW,5<UW>,mute[LN],mute[LN],TU,TU,TU,TU,TUW,mute[LN],UVWX,mute[LN],UVWX,mute[LN],mute[LN],TU,TU,TUW,mute[LN],UVWX,mute[LN],UVWX,mute[LN],mute[LN],mute[LN],UVWX,mute[LN],UVWX,mute[LN],UVWX,mute[LN],UVWX,5<UW>,5<UW>,mute[LN],UVWX,mute[LN],UVWX,mute[LN],UVWX,mute[LN],UVWX,mute[LN],mute[LN],TU,TU,TUW,mute[LN],UVWX,mute[LN],UVWX,mute[LN],mute[LN],TW,5<UW>,mute[LN],mute[LN],TU,TU,TU,TU,TUW,mute[LN],UVWX,mute[LN],UVWX,mute[LN],mute[LN],TU,TU,TUWX,mute[LN],UVWX,mute[LN],mute[LN],mute[LN],UVWX,mute[LN],UVWX,mute[LN],UVWX,mute[LN],UVWX,mute[LN],mute[LN],TU,TU,TU,TU,TU,TU,TU,TU,TU,TUV,mute[LN],mute[LN],TU,TU,TU,TU,TU,TU,TU,TU,TU,TU,TU,TU,TU,TU,TUV,mute[LN],mute[LN],TU,TU,TU,TU,TU,TU,TU,S,mute[LN],mute[LN],mute[LN],mute[LN],mute[LN],mute[LN],mute[LN],mute[LN],mute[LN],mute[LN],mute[LN],mute[LN],mute[LN],mute[LN],mute[LN],mute[LN],mute[LN],mute[LN],mute[LN],mute[LN],mute[LN],mute[LN],mute[LN],mute[LN],mute[LN],mute[LN],mute[LN],mute[LN],mute[LN],mute[LN],mute[LN],mute[LN],mute[LN],mute[LN],mute[LN],mute[LN],mute[LN],mute[LN],mute[LN],mute[LN],mute[LN],mute[LN],mute[LN],mute[LN],mute[LN],mute[LN],mute[LN],mute[LN],mute[LN],mute[LN],mute[LN],mute[LN],mute[LN],mute[LN],mute[LN],mute[LN],mute[LN],mute[LN],mute[LN],mute[LN],mute[LN],mute[LN],mute[LN],mute[LN],mute[LN],mute[LN],mute[LN],mute[LN],mute[LN],mute[LN],mute[LN],mute[LN],mute[LN],mute[LN],mute[LN],mute[LN],TU,TU,TU,TU,TU,TU,TW,5<UW>,mute[LN],mute[LN],TU,TU,TU,TU,TU,TU,TU,TU,TU,TU,TU,TU,TU,TU,TW,5<UW>,mute[LN],mute[LN],TU,TU,TU,TU,TU,TU,TU,TUW,mute[LN],mute[LN],mute[LN],UVW,mute[LN],T,TU,TU,TU,TW,5<UW>,mute[LN],mute[LN],TU,TU,TU,TU,TU,TU,,","c[JK],(c2.c1.G-1)[KM],c[M],(#c2.#c1.#c3.f3.#A-2)[KM],(c.#c)[K],F-1[L],#c[M],#a1[LM],#c2[LM],(c2.#A-1)[LM],#d2[LM],#c2[LM],f2[LM],(#d2.F-1)[LM],#f2[LM],(f3.#g3.f2.#A-2)[LM],#a2[LM],a2[LM],(c3.F-1)[LM],(#c4.#g3.#a2)[LM],#c3[LM],(c3.#A-1)[LM],#d3[LM],(c3.e3.c2.g2.C-1)[L],c3[M],e3[L],(e2.c1)[K],G-1[L],(e2.c1)[KLM],c[JK],(g2.c3.g1.G-1)[KM],(c2.g)[M],(#g2.#c3.#g1.f3.C-1)[KM],(c2.g.#c2.#g)[K],#G-1[L],(#c2.#g)[KLM],#c[JK],#G-1[KL],(f2.#a2.f1.#c3.C-1)[KM],(#a1.f)[K],(g2.c3.g1.G-1)[MN],(f2.#a2.f1)[N],(#a1.f)[M],(e2.a2.e1)[L],(c2.g)[L],(#a1.f)[M],(a1.e)[M],(f2.#a2.f1.#A-1)[L],(c2.g)[L],(#a1.f)[M],(a1.e.#a1.f)[M],(g2.c3.g1.e3.C-1)[KM],(#a1.f.c2.g)[K],G-1[L],(c2.g)[KLM],c[JK],(c2.e2.c1.G-1)[KM],(e1.c)[M],(#c2.f2.#c1.#c3.f3.#A-2)[KM],(e1.c.f1.#c)[K],F-1[L],(f1.#c)[M],#a1[LM],#c2[LM],(c2.#A-1)[LM],#d2[LM],#c2[LM],f2[LM],(#d2.F-1)[LM],#f2[LM],(f2.#D-1)[LM],#a2[LM],(c2.#d2.c1.a2)[LM],(c3.#A-1)[L],(#d1.c)[M],(#a1.#c2.#a.#a2)[LM],#c3[L],(#d1.c.#c1.#A-1)[M],(#c2.f2.#c1.c3.#d)[LM],#d3[L],(#c1.#A-1.f1.#c)[M],(#d2.#g2.#d1.#c3.#a2.#G-2)[LM],#d1[L],(f1.#c.#g1.#d)[M],(#g2.c3.#g1.#d1.c1.#G-1)[LM],#g1[L],(#g1.#d.c2.#g)[M],(#g2.c3.#g1.#d1.c1.#d3)[LM],#g1[L],(c2.#g)[M],#G-1[KM],(c2.#g)[M],(#c1.#a.#d3.c3)[KL],(#d1.c1.#G-1)[KL],(#d2.#g2.#d1.#c3.#a2)[LM],#d1[L],(#g1.#d)[M],(#g2.c3.#g1.#G-1)[LM],#g1[L],(#g1.#d.c2.#g)[M],(#a2.#c3.#a1.#f1.#d1.c3.#g2.#G-2)[LM],#a1[L],(c2.#g.#c2.#a)[M],(#d1.c1.#G-1)[KM],(#c2.#a)[M],(#g2.c3.#g1)[LM],#g1[L],(c2.#g)[M],(#f1.#d1.#G-1)[KM],(c2.#g)[M],(#d1.c1.#f3.#a2)[KL],#G-1[KL],(#c1.#a)[KL],(#d1.c1.#G-1)[KL],(#d2.#g2.#d1.#c3.#a2.#F-2)[LM],#d1[L],(#g1.#d)[M],(#g2.c3.#g1.#d1.c1.#F-1)[LM],#g1[L],(#g1.#d.c2.#g)[M],(#g2.c3.#g1.#d1.c1.#d3)[LM],#g1[L],(c2.#g)[M],#F-1[KM],(c2.#g)[M],(#c1.#a)[KL],(#d1.c1.#F-1)[KL],(#d2.#g2.#d1.#c3.#a2)[LM],#d1[L],(#g1.#d)[M],(#g2.c3.#g1.#F-1)[LM],#g1[L],(#g1.#d.c2.#g)[M],(#a2.#c3.#a1.#f1.#d1.#d3.c3.#F-2)[LM],#a1[L],(c2.#g.#c2.#a)[M],(c3.#d3.c2.#d1.c1.#F-1)[LM],c2[L],(#c2.#a.#d2.c1)[M],(#c3.f3.#c2)[LM],#c2[L],(#d2.c1.f2.#c1)[M],(#d3.#f3.#d2.#f1.#d1.#F-1)[LM],#d2[L],(f2.#c1.#f2.#d1)[M],(#c3.f3.#c2.#d1.c1.#f3.#d3)[LM],#c2[L],(#f2.#d1.f2.#c1)[M],(c3.#d3.c2.#F-1)[L],(f3.#c3.#c2)[M],c2[M],(#d3.c3.c2)[M],(#c2.f2.#c1.#d2.c1)[M],(#a2.#c3.#a1.#c1.#a.#d3.c3)[M],(c2.f2)[L],(#a1.#d2)[L],(#d2.c1.#c2.#a)[M],(#g2.c3.#g1.#d1.c1.#F-1)[M],f2[L],(#g1.#d2)[L],(#c2.#a.c2.#g)[M],(#d2.#g1.#g2.#d1.#g.#c3.#a2.E-1)[LM],#d1[L],(c2.#g.#g1.#d.#G-1)[M],(#g2.b1.b2.#g1.b.#d1.e)[LM],#g1[L],(#g1.#d.#G-1.b1.#g.B-1)[M],(#g2.b1.b2.#g1.b.#d1.#d3.c3)[LM],#g1[L],(b1.#g.B-1)[M],e[KM],(b1.#g.B-1)[M],(#c1.#a)[KL],(#d1.b.e)[KL],(#d2.#g1.#g2.#d1.#g.#c3.#a2)[LM],#d1[L],(#g1.#d.#G-1)[M],(b1.#g2.b2.#g1.b.e)[LM],#g1[L],(#g1.#d.#G-1.b1.#g.B-1)[M],(#a2.#c2.#c3.#a1.#c1.#f1.#d1.c3.#g2.E-1)[LM],#a1[L],(b1.#g.B-1.#c2.#a.#c)[M],(#d1.b.e)[KM],(#c2.#a.#c)[M],(#g2.b1.b2.#g1.b)[LM],#g1[L],(b1.#g.B-1)[M],(#f1.#d1.e)[KM],(b1.#g.B-1)[M],(#d1.b)[KL],e[KL],(#c1.#a)[KL],(#d1.b.e)[KL],(#d2.#g1.c3.#d1.#g.#c3.#a2.#F-2)[LM],#d1[L],(c2.#d.#G-1)[M],(#g2.c2.#d3.#g1.c1.#d1.#F-1)[LM],#g1[L],(c2.#d.#G-1.#d2.#g.c)[M],(#g2.c2.#d3.#g1.c1.#d1.c3)[LM],#g1[L],(#d2.#g.c)[M],#F-1[KM],(#d2.#g.c)[M],(#c1.#a)[KL],(#d1.c1.#F-1)[KL],(#d2.#g1.c3.#d1.#g.#c3.#a2)[LM],#d1[L],(c2.#d.#G-1)[M],(#g2.c2.#d3.#g1.c1.#F-1)[LM],#g1[L],(c2.#d.#G-1.#d2.#g.c)[M],(c3.#d2.#d3.c2.#d1.#f1.#f3.#F-2)[LM],c2[L],(#d2.#g.c.c1.#d)[M],(#c3.f2.f3.#c2.f1.#d1.c1.#F-1)[LM],#c2[L],(#d2.c1.#d.f2.#c1.f)[M],(#d3.#g2.#f3.#d2.#g1.f3.#c3)[LM],#d2[L],(f2.#c1.f.#f2.#d1.#g)[M],(#g2.c2.#d3.#g1.c1.#f1.#d1.#F-1)[LM],#g1[L],(#f2.#d1.#g.#d2.c)[M],(#g2.c2.#d3.#g1.c1.#d1.c3)[LM],#g1[L],(#d2.#g.c)[M],#F-1[KM],(#d2.#g.c)[M],(#f1.#c1.c3.#g2.#F-2)[KL],(#g1.#d1.#F-1)[KL],(#a1.#g.#d.#A-2)[KL],(#g.#d.#a.f.#A-2)[KL],(#g.#d.#a.f.#G-1)[KL],(#a.f.#A-1)[KL],(#c1.#g)[KL],(#c1.#g.#a.f)[KL],(#c1.#g.#a.f)[KL],(#a.f.F-1)[LM],#G-1[LM],(#c1.#g.#A-2)[KL],(#c1.#g.#a.f.#A-2)[KL],(#c1.#g.#a.f.#d1.#G-1)[KL],(#a.f.#d1.e1.b.#A-1)[KL],(#d1.#a.e1.b)[KL],(e1.b.#d1.#a.#c1.#g)[KL],(#d1.#a.#c1.#g)[KL],(#c1.#g)[KL],(#g.#d.#A-2)[KL],(#g.#d.#a.f.#A-2)[KL],(#g.#d.#a.f.#G-1)[KL],(#a.f.#A-1)[KL],(#c1.#g)[KL],(#c1.#g.#a.f)[KL],(#c1.#g.#a.f)[KL],(#a.f.F-1)[LM],#G-1[LM],(#g.#d.#D-1)[KL],(#g.#d.#D-1)[KL],(#g.#d.#c)[KL],(#g.#d.g.#c)[KL],(#g.#d.g.#c)[KL],(g.#c)[KL],#A-1[KL],#c[KL],(#g.#d.#d2.#A-2)[LM],(#d2.e2)[LM],(#g.#d.#a.f.e2.#d2.#A-2)[LM],(#d2.e2)[LM],(#g.#d.#a.f.e2.#d2.#G-1)[LM],(#d2.e2)[LM],(#a.f.e2.#d2.#A-1)[LM],(#d2.e2)[LM],(#c1.#g.e2.#d2)[LM],(#d2.e2)[LM],(#c1.#g.#a.f.e2.#d2)[LM],(#d2.e2)[LM],(#c1.#g.#a.f.e2.#d2)[LM],(#d2.e2)[LM],(#a.f.e2.g2.F-1)[LM],(g2.#g2.#G-1)[LM],(#c1.#g.#g2.#a2.#A-2)[LM],(#a2.b2)[LM],(#c1.#g.#a.f.b2.#a2.#A-2)[LM],(#a2.b2)[LM],(#c1.#g.#a.f.#d1.b2.#a2.#G-1)[LM],(#a2.b2)[LM],(#a.f.#d1.e1.b.b2.#a2.#A-1)[LM],(#a2.b2)[LM],(#d1.#a.e1.b.b2.#a2)[LM],(#a2.b2)[LM],(e1.b.#d1.#a.#c1.#g.b2.#a2)[LM],(#a2.b2)[LM],(#d1.#a.#c1.#g.b2.#a2)[LM],(#a2.#g2)[LM],(#c1.#g.#g2.g2)[LM],(g2.e2)[LM],(#g.#d.e2.#d2.#A-2)[LM],(#d2.e2)[LM],(#g.#d.#a.f.e2.#d2.#A-2)[LM],(#d2.e2)[LM],(#g.#d.#a.f.e2.#d2.#G-1)[LM],(#d2.e2)[LM],(#a.f.e2.#d2.#A-1)[LM],(#d2.e2)[LM],(#c1.#g.e2.#d2)[LM],(#d2.e2)[LM],(#c1.#g.#a.f.e2.#d2)[LM],(#d2.e2)[LM],(#c1.#g.#a.f.e2.#d2)[LM],(#d2.e2)[LM],(#a.f.e2.g2.F-1)[LM],(g2.#g2.#G-1)[LM],(#g.#d.#g2.#a2.#D-1)[LM],(#a2.b2)[LM],(#g.#d.b2.#a2.#D-1)[LM],(#a2.b2)[LM],(#g.#d.b2.#a2.#c)[LM],(#a2.b2)[LM],(#g.#d.g.#c.b2.#a2)[LM],(#a2.b2)[LM],(#g.#d.g.#c.b2.#a2)[LM],(#a2.b2)[LM],(g.#c.b2.#a2)[LM],(#a2.b2)[LM],(b2.#a2.#A-1)[LM],(#a2.b2)[LM],(b2.#c3.#c)[LM],(#c3.d3)[LM],(#a2.#c2.#a1.f1.#c1.d3.#A-2)[KL],(f3.#g2.f2.f1.#c1.#A-2)[KM],(#g1.f1)[M],(f1.#c1.#G-1)[KM],(#g1.f1)[M],(f3.#g2.f2.f1.#c1.#A-1)[KM],(#g1.f1)[M],(#d3.g2.#d2.#d1.c1)[KM],(#g1.f1.g1.#d1)[M],(c3.#d2.c2.#d1.c1)[KM],(g1.#d1.c1)[M],(#d1.c1)[KM],(#d1.c1)[M],(c3.#d2.c2.#d1.c1.F-1)[LM],#G-1[L],(#d1.c1)[M],(#g2.c2.#g1.#d1.c1.#A-2)[KM],(#d1.c1.#g)[M],(c3.#d2.c2.#d1.c1.#A-2)[KM],(c1.#g.#d1)[M],(#d1.c1.#G-1)[KM],(#d1.c1)[M],(c3.#d2.c2.#d1.c1.#A-1)[KM],(#d1.c1)[M],(c3.#d2.c2.#c1.#a)[KM],(#d1.c1)[M],(#a2.#c2.#a1.#c1.#a)[KM],(#d1.c1.#c1.#a)[M],(#c1.#a)[KM],(#c1.#a)[M],(#c1.#a)[KL],(#a2.#c2.#a1.f1.#c1.#A-2)[KM],(#c1.#a)[M],(f3.#g2.f2.f1.#c1.#A-2)[KM],(#c1.#a.#g1.f1)[M],(f1.#c1.#G-1)[KM],(#g1.f1)[M],(f3.#g2.f2.f1.#c1.#A-1)[KM],(#g1.f1)[M],(#d3.g2.#d2.#d1.c1)[KM],(#g1.f1.g1.#d1)[M],(#g3.c3.#g2.#d1.c1)[KM],(g1.#d1.c2.#g1)[M],(#d1.c1)[KM],(c2.#g1)[M],(#g3.c3.#g2.#d1.c1.F-1)[LM],#G-1[L],(c2.#g1)[M],(c4.c3.#g2.#d1.c1.#A-2)[KM],(c2.#g1)[M],(#d4.#d3.c3.#d1.c1.#A-2)[KM],(c2.#g1.#d2)[M],(#g3.#g2.#d2.#d1.c1.#G-1)[KM],(#d2.c2.#g1.#d1)[M],(#f3.#f2.#d2.#d1.c1.#A-1)[KM],(#g1.#d1.#f1)[M],(f3.f2.#c2.#c1.#a)[KM],(#f1.#d1.f1.#c1)[M],(#a3.#a2.f2.#c1.#a)[KM],(f1.#c1.#a1)[M],(#c1.#a.F-1)[KM],(#a1.f1)[M],(#c1.#a.#G-1)[KL],(#d3.#d2.c2.#d1.c1.C-1)[LM],(f3.f2.d2)[L],(#d1.c1)[M],(g3.g2.#d2.#d1.c1.C-1)[L],(f1.d1)[LM],(#d1.c1.g1)[M],(#d3.#d2.c2.#d1.c1.#A-1)[L],(f1.d1)[LM],(g1.#d1.c1)[M],(#g3.#g2.f2.#d1.c1.c)[KM],(#d1.c1.#g1.f1)[M],(d1.b)[KM],(#g1.f1)[M],(#g3.#g2.f2.d1.b)[KM],(#g1.f1)[M],(g3.g2.#d2.d1.b)[KM],(#g1.f1.g1.#d1)[M],(f3.f2.d2.d1.b.G-1)[LM],#A-1[L],(g1.#d1.f1.d1)[M],(g3.g2.#d2.#d1.c1.C-1)[KM],(f1.d1.g1.#d1)[M],(#d3.#d2.c2.#d1.c1.C-1)[KM],(g1.#d1.c1)[M],(#d1.c1.#A-1)[KM],(#d1.c1)[M],(f3.f2.d2.#d1.c1.c)[KM],(f1.d1)[M],(f1.d1)[KM],(f1.d1)[M],(d3.d2.b1.f1.d1)[KM],(d1.b)[M],"],"id":2},{"bpm":360,"baseBeats":0.625,"scores":["TU,T,5<UW>,mute[LN],mute[LN],mute[LN],UVW,mute[LN],T,TU,TU,TU,TW,5<UW>,mute[LN],mute[LN],TU,TU,TU,T,5<UW>,mute[LN],UVWX,mute[LN],UVWX,mute[LN],UVWX,mute[LN],mute[LN],mute[LN],UVWX,mute[LN],UVWX,mute[LN],UVWX,mute[LN],mute[LN],mute[LN],UVWX,mute[LN],UVWX,mute[LN],UVWX,mute[LN],UVWX,mute[LN],mute[LN],mute[LN],UVWX,mute[LN],UVWX,mute[LN],UVWX,mute[LN],UVWX,mute[LN],mute[LN],mute[LN],mute[LN],5<UW>,mute[LN],mute[LN],mute[LN],UVWX,mute[LN],UVWX,mute[LN],mute[LN],mute[LN],UVWX,mute[LN],UVWX,mute[LN],UVWX,mute[LN],UVWX,mute[LN],mute[LN],mute[LN],UVWX,mute[LN],UVWX,mute[LN],UVWX,mute[LN],UVWX,mute[LN],mute[LN],mute[LN],UVWX,mute[LN],mute[LN],5<UW>,mute[LN],mute[LN],mute[LN],mute[LN],UVWX,mute[LN],mute[LN],UVWX,mute[LN],UVWX,mute[LN],UVWX,mute[LN],UVWX,mute[LN],mute[LN],mute[LN],UVWX,mute[LN],UVWX,mute[LN],UVWX,mute[LN],UVWX,mute[LN],mute[LN],mute[LN],UVWX,mute[LN],UVWX,mute[LN],UVWX,mute[LN],UVWX,mute[LN],mute[LN],mute[LN],UVWX,mute[LN],UVWX,mute[LN],UVWX,mute[LN],UVWX,mute[LN],mute[LN],mute[LN],UVWX,mute[LN],UVWX,mute[LN],UVWX,mute[LN],UVWX,mute[LN],mute[LN],mute[LN],UVWX,mute[LN],UVWX,mute[LN],UVWX,mute[LN],UVWX,mute[LN],mute[LN],TV,TU,TUV,ST,TU,TV,TU,TUV,ST,TU,TV,T,5<UW>,mute[LN],UVWX,mute[LN],UVWX,TV,TU,TUV,ST,TU,TV,TV,5<UW>,mute[LN],mute[LN],mute[LN],mute[LN],mute[LN],mute[LN],mute[LN],mute[LN],mute[LN],mute[LN],mute[LN],mute[LN],mute[LN],mute[LN],mute[LN],mute[LN],mute[LN],mute[LN],mute[LN],mute[LN],mute[LN],TU,TUV,ST,TU,TV,TU,TUV,ST,TU,TV,T,5<UW>,mute[LN],UVWX,mute[LN],UVWX,TV,TU,TUV,ST,TU,TV,TX,UVWX,mute[LN],mute[LN],mute[LN],mute[LN],mute[LN],mute[LN],mute[LN],mute[LN],mute[LN],mute[LN],mute[LN],mute[LN],mute[LN],mute[LN],mute[LN],UVWX,mute[LN],UVWX,mute[LN],UVWX,mute[LN],UVWX,mute[LN],mute[LN],TU,TU,TUW,mute[LN],UVWX,mute[LN],UVWX,mute[LN],mute[LN],TW,5<UW>,mute[LN],mute[LN],TU,TU,TU,TU,TUW,mute[LN],UVWX,mute[LN],UVWX,mute[LN],mute[LN],TU,TU,TUW,mute[LN],UVWX,mute[LN],UVWX,mute[LN],mute[LN],mute[LN],UVWX,mute[LN],UVWX,mute[LN],UVWX,mute[LN],UVWX,5<UW>,5<UW>,mute[LN],UVWX,mute[LN],UVWX,mute[LN],UVWX,mute[LN],UVWX,mute[LN],mute[LN],TU,TU,TUW,mute[LN],UVWX,mute[LN],UVWX,mute[LN],mute[LN],TW,5<UW>,mute[LN],mute[LN],TU,TU,TU,TU,TUW,mute[LN],UVWX,mute[LN],UVWX,mute[LN],mute[LN],TU,TU,TUWX,mute[LN],UVWX,mute[LN],mute[LN],mute[LN],UVWX,mute[LN],UVWX,mute[LN],UVWX,mute[LN],UVWX,mute[LN],mute[LN],TU,TUW,mute[LN],","(#d3.#d2.c2.f1.d1)[KM],(d1.b.#d1.c1)[M],(f1.d1)[KM],(#d1.c1)[M],(#d3.#d2.c2.g1.#d1.C-1)[LM],(f3.f2.d2)[L],(#d1.c1)[M],(g3.g2.#d2.g1.#d1.C-1)[L],(f1.d1)[LM],(#d1.c1.g1)[M],(#d3.#d2.c2.g1.#d1.#A-1)[L],(f1.d1)[LM],(g1.#d1.c1)[M],(#g3.#g2.f2.g1.#d1.c)[KM],(#d1.c1.#g1.f1)[M],(#g1.f1)[KM],(#g1.f1)[M],(#g3.#g2.f2.#g1.f1)[KM],(#g1.f1)[M],(g3.g2.#d2.#g1.f1)[KM],(#g1.f1.g1.#d1)[M],(f3.f2.d2.#g1.f1.G-1)[LM],#A-1[L],(g1.#d1.f1.d1)[M],(g3.g2.#d2.c1.g.C-1)[KM],(f1.d1.g1.#d1)[M],(c4.c3.g2.c1.g.C-1)[KM],(g1.#d1.c2)[M],(c1.g.#A-1)[KM],(c2.g1)[M],(c4.c3.g2.c1.g.c)[KM],(c2.g1)[M],(c4.c3.#g2.d1.#g.#A-1)[LM],c[L],(c2.g1.#g1)[M],(b3.b2.#g2.d1.#g.G-1)[LM],#A-1[L],(c2.#g1.b1)[M],(d1.#g.F-1)[LM],G-1[L],(b1.#g1)[M],(d1.#g.#D-1)[LM],F-1[LM],(#a2.#c2.#a1.f1.#c1.c2.#A-2)[LM],(c2.#c2)[L],(#c1.#a)[M],(f3.#g2.f2.f1.#c1.#c2.c2.#A-2)[LM],(c2.#c2)[L],(#c1.#a.#g1.f1)[M],(f1.#c1.#c2.c2.#G-1)[LM],(c2.#c2)[L],(#g1.f1)[M],(f3.#g2.f2.f1.#c1.#c2.c2.#A-1)[LM],(c2.#c2)[L],(#g1.f1)[M],(#d3.g2.#d2.#d1.c1.#c2.c2)[LM],(c2.#c2)[L],(#g1.f1.g1.#d1)[M],(c3.#d2.c2.#d1.c1.#c2)[LM],(c2.#c2)[L],(g1.#d1.c1)[M],(#d1.c1.#c2.c2)[LM],(c2.#c2)[L],(#d1.c1)[M],(c3.#d2.c2.#d1.c1.#c2.e2.F-1)[LM],(e2.f2.#G-1)[L],(#d1.c1)[M],(#g2.c2.#g1.#d1.c1.f2.g2.#A-2)[LM],(g2.#g2)[L],(#d1.c1.#g)[M],(c3.#d2.c2.#d1.c1.#g2.g2.#A-2)[LM],(g2.#g2)[L],(c1.#g.#d1)[M],(#d1.c1.#g2.g2.#G-1)[LM],(g2.#g2)[L],(#d1.c1)[M],(c3.#d2.c2.#d1.c1.#g2.g2.#A-1)[LM],(g2.#g2)[L],(#d1.c1)[M],(c3.#d2.c2.#c1.#a.#g2.g2)[LM],(g2.#g2)[L],(#d1.c1)[M],(#a2.#c2.#a1.#c1.#a.#g2.g2)[LM],(g2.#g2)[L],(#d1.c1.#c1.#a)[M],(#c1.#a.#g2.g2)[LM],(g2.f2)[L],(#c1.#a)[M],(#c1.#a.f2.e2)[LM],(e2.#c2)[LM],(#a2.#c2.#a1.f1.#c1.c2.#A-2)[LM],(c2.#c2)[L],(#c1.#a)[M],(f3.#g2.f2.f1.#c1.#c2.c2.#A-2)[LM],(c2.#c2)[L],(#c1.#a.#g1.f1)[M],(f1.#c1.#c2.c2.#G-1)[LM],(c2.#c2)[L],(#g1.f1)[M],(f3.#g2.f2.f1.#c1.#c2.c2.#A-1)[LM],(c2.#c2)[L],(#g1.f1)[M],(#d3.g2.#d2.#d1.c1.#c2.c2)[LM],(c2.#c2)[L],(#g1.f1.g1.#d1)[M],(#g3.c3.#g2.#d1.c1.#c2.c2)[LM],(c2.#c2)[L],(g1.#d1.c2.#g1)[M],(#d1.c1.#c2.c2)[LM],(c2.#c2)[L],(c2.#g1)[M],(#g3.c3.#g2.#d1.c1.#c2.e2.F-1)[LM],(e2.f2.#G-1)[L],(c2.#g1)[M],(c4.c3.#g2.#d1.c1.f2.g2.#A-2)[LM],(g2.#g2)[L],(c2.#g1)[M],(#d4.#d3.c3.#d1.c1.#g2.g2.#A-2)[LM],(g2.#g2)[L],(c2.#g1.#d2)[M],(#g3.#g2.#d2.#d1.c1.g2.#G-1)[LM],(g2.#g2)[L],(#d2.c2.#g1.#d1)[M],(#f3.#f2.#d2.#d1.c1.#g2.g2.#A-1)[LM],(g2.#g2)[L],(#g1.#d1.#f1)[M],(f3.f2.#c2.#c1.#a.#g2.g2)[LM],(g2.#g2)[L],(#f1.#d1.f1.#c1)[M],(#a3.#a2.f2.#c1.#a.#g2.g2)[LM],(g2.#g2)[L],(f1.#c1.#a1)[M],(#c1.#a.#g2.g2.F-1)[LM],(g2.#g2)[L],(#a1.f1)[M],(#c1.#a.#g2.g2.#G-1)[LM],(g2.#g2)[LM],(#d3.#d2.c2.#d1.c1.#g2.g2.C-1)[LM],(f3.f2.d2.g2.#g2)[L],(#d1.c1)[M],(g3.g2.#d2.#d1.c1.#g2.C-1)[L],(f1.d1)[M],(g2.#g2)[L],(#d1.c1.g1)[M],(#d3.#d2.c2.#d1.c1.#g2.g2.#A-1)[L],(f1.d1)[M],(g2.#g2)[L],(g1.#d1.c1)[M],(#g3.#g2.f2.#d1.c1.g2.c)[LM],(g2.#g2)[L],(#d1.c1.#g1.f1)[M],(d1.b.#g2.g2)[LM],(g2.#g2)[L],(#g1.f1)[M],(#g3.#g2.f2.d1.b.g2)[LM],(g2.#g2)[L],(#g1.f1)[M],(g3.g2.#d2.d1.b.#g2)[LM],(g2.#g2)[L],(#g1.f1.g1.#d1)[M],(f3.f2.d2.d1.b.#g2.b2.G-1)[LM],(b2.c3.#A-1)[L],(g1.#d1.f1.d1)[M],(g3.g2.#d2.#d1.c1.c3.d3.C-1)[LM],(d3.#d3)[L],(f1.d1.g1.#d1)[M],(#d3.#d2.c2.#d1.c1.d3.C-1)[LM],(d3.#d3)[L],(g1.#d1.c1)[M],(#d1.c1.#d3.d3.#A-1)[LM],(d3.#d3)[L],(#d1.c1)[M],(f3.f2.d2.#d1.c1.#d3.d3.c)[LM],(d3.#d3)[L],(f1.d1)[M],(f1.d1.#d3.d3)[LM],(d3.#d3)[L],(f1.d1)[M],(d3.d2.b1.f1.d1.#d3)[LM],(d3.#d3)[L],(d1.b)[M],(#d3.#d2.c2.f1.d1.d3)[LM],(d3.c3)[L],(d1.b.#d1.c1)[M],(f1.d1.c3.b2)[LM],(b2.#g2)[L],(#d1.c1)[M],(#d3.#d2.c2.g1.#d1.#g2.g2.C-1)[LM],(f3.f2.d2.g2.#g2)[L],(#d1.c1)[M],(g3.g2.#d2.g1.#d1.#g2.C-1)[L],(f1.d1)[M],(g2.#g2)[L],(#d1.c1.g1)[M],(#d3.#d2.c2.g1.#d1.#g2.g2.#A-1)[L],(f1.d1)[M],(g2.#g2)[L],(g1.#d1.c1)[M],(#g3.#g2.f2.g1.#d1.g2.c)[LM],(g2.#g2)[L],(#d1.c1.#g1.f1)[M],(#g1.f1.#g2.g2)[LM],(g2.#g2)[L],(#g1.f1)[M],(#g3.#g2.f2.#g1.f1.g2)[LM],(g2.#g2)[L],(#g1.f1)[M],(g3.g2.#d2.#g1.f1.#g2)[LM],(g2.#g2)[L],(#g1.f1.g1.#d1)[M],(f3.f2.d2.#g1.f1.#g2.b2.G-1)[LM],(b2.c3.#A-1)[L],(g1.#d1.f1.d1)[M],(g3.g2.#d2.c1.g.c3.d3.C-1)[LM],(d3.#d3)[L],(f1.d1.g1.#d1)[M],(c4.c3.g2.c1.g.#d3.d3.C-1)[LM],(d3.#d3)[L],(g1.#d1.c2)[M],(c1.g.#d3.d3.#A-1)[LM],(d3.#d3)[L],(c2.g1)[M],(c4.c3.g2.c1.g.#d3.d3.c)[LM],(d3.#d3)[L],(c2.g1)[M],(c4.c3.#g2.d1.#g.#d3.d3.#A-1)[LM],(d3.#d3.c)[L],(c2.g1.#g1)[M],(b3.b2.#g2.d1.#g.#d3.d3.G-1)[LM],(d3.#d3.#A-1)[L],(c2.#g1.b1)[M],(d1.#g.#d3.d3.F-1)[LM],(d3.#d3.G-1)[L],(b1.#g1)[M],(d1.#g.#d3.f3.#D-1)[LM],(f3.#f3.F-1)[LM],(c3.c2.e3.#f3.C-1)[KM],c1[K],G-1[L],c1[KLM],c[JK],(g2.g1.G-1)[KM],g[M],(#g2.#g1.f3.#c3.C-1)[KM],(g.#g)[K],#G-1[L],#g[KLM],#c[JK],#G-1[KL],(f2.f1.#c3.#a2.C-1)[KM],f[K],(g2.g1.G-1)[MN],(f2.f1)[N],f[M],(e2.e1)[L],g[L],f[M],e[M],(f2.f1.#A-1)[L],g[L],f[M],(e.f)[M],(g2.g1.e3.c3.C-1)[KM],(f.g)[K],G-1[L],g[KLM],c[JK],(c2.c1.G-1)[KM],c[M],(#c2.#c1.#c3.f3.#A-2)[KM],(c.#c)[K],F-1[L],#c[M],#a1[LM],#c2[LM],(c2.#A-1)[LM],#d2[LM],#c2[LM],f2[LM],(#d2.F-1)[LM],#f2[LM],(f3.#g3.f2.#A-2)[LM],#a2[LM],a2[LM],(c3.F-1)[LM],(#c4.#g3.#a2)[LM],#c3[LM],(c3.#A-1)[LM],#d3[LM],(c3.e3.c2.g2.C-1)[L],c3[M],e3[L],(e2.c1)[K],G-1[L],(e2.c1)[KLM],c[JK],(g2.c3.g1.G-1)[KM],(c2.g)[M],(#g2.#c3.#g1.f3.C-1)[KM],(c2.g.#c2.#g)[K],#G-1[L],(#c2.#g)[KLM],#c[JK],#G-1[KL],(f2.#a2.f1.#c3.C-1)[KM],(#a1.f)[K],(g2.c3.g1.G-1)[MN],(f2.#a2.f1)[N],(#a1.f)[M],(e2.a2.e1)[L],(c2.g)[L],(#a1.f)[M],(a1.e)[M],(f2.#a2.f1.#A-1)[L],(c2.g)[L],(#a1.f)[M],(a1.e.#a1.f)[M],(g2.c3.g1.e3.C-1)[KM],(#a1.f.c2.g)[K],G-1[L],(c2.g)[KLM],c[JK],(c2.e2.c1.G-1)[KM],(e1.c)[M],(#c2.f2.#c1.#c3.f3.#A-2)[KM],(e1.c.f1.#c)[K],F-1[L],(f1.#c)[M],#a1[LM],#c2[LM],(c2.#A-1)[LM],#d2[LM],#c2[LM],f2[LM],(#d2.F-1)[LM],#f2[LM],(f2.#D-1)[LM],#a2[LM],(c2.#d2.c1.a2)[LM],(c3.#A-1)[L],(#d1.c)[M],(#a1.#c2.#a.#a2)[LM],#c3[L],(#d1.c.#c1.#A-1)[M],(#c2.f2.#c1.c3.#d)[LM],#d3[L],(#c1.#A-1.f1.#c)[M],(#d2.#g2.#d1.#c3.#a2.#G-2)[LM],#d1[L],(f1.#c.#g1.#d)[M],(#g2.c3.#g1.#d1.c1.#G-1)[LM],#g1[L],(#g1.#d.c2.#g)[M],(#g2.c3.#g1.#d1.c1.#d3)[LM],#g1[L],(c2.#g)[M],#G-1[KM],(c2.#g)[M],(#c1.#a.#d3.c3)[KL],(#d1.c1.#G-1)[KL],(#d2.#g2.#d1.#c3.#a2)[LM],#d1[L],(#g1.#d)[M],(#g2.c3.#g1.#G-1)[LM],#g1[L],(#g1.#d.c2.#g)[M],(#a2.#c3.#a1.#f1.#d1.c3.#g2.#G-2)[LM],#a1[L],(c2.#g.#c2.#a)[M],(#d1.c1.#G-1)[KM],(#c2.#a)[M],(#g2.c3.#g1)[LM],#g1[L],(c2.#g)[M],(#f1.#d1.#G-1)[KM],(c2.#g)[M],(#d1.c1.#f3.#a2)[KL],#G-1[KL],(#c1.#a)[KL],(#d1.c1.#G-1)[KL],(#d2.#g2.#d1.#c3.#a2.#F-2)[LM],#d1[L],(#g1.#d)[M],(#g2.c3.#g1.#d1.c1.#F-1)[LM],#g1[L],(#g1.#d.c2.#g)[M],(#g2.c3.#g1.#d1.c1.#d3)[LM],#g1[L],(c2.#g)[M],#F-1[KM],(c2.#g)[M],(#c1.#a)[KL],(#d1.c1.#F-1)[KL],(#d2.#g2.#d1.#c3.#a2)[LM],#d1[L],(#g1.#d)[M],(#g2.c3.#g1.#F-1)[LM],#g1[L],(#g1.#d.c2.#g)[M],(#a2.#c3.#a1.#f1.#d1.#d3.c3.#F-2)[LM],#a1[L],(c2.#g.#c2.#a)[M],(c3.#d3.c2.#d1.c1.#F-1)[LM],c2[L],(#c2.#a.#d2.c1)[M],(#c3.f3.#c2)[LM],#c2[L],(#d2.c1.f2.#c1)[M],(#d3.#f3.#d2.#f1.#d1.#F-1)[LM],#d2[L],(f2.#c1.#f2.#d1)[M],(#c3.f3.#c2.#d1.c1.#f3.#d3)[LM],#c2[L],(#f2.#d1.f2.#c1)[M],(c3.#d3.c2.#F-1)[L],(f3.#c3.#c2)[M],c2[M],(#d3.c3.c2)[M],(#c2.f2.#c1.#d2.c1)[M],(#a2.#c3.#a1.#c1.#a.#d3.c3)[M],(c2.f2)[L],(#a1.#d2)[L],(#d2.c1.#c2.#a)[M],(#g2.c3.#g1.#d1.c1.#F-1)[M],f2[L],(#g1.#d2)[L],(#c2.#a.c2.#g)[M],(#d2.#g1.#g2.#d1.#g.#c3.#a2.E-1)[LM],#d1[L],(c2.#g.#g1.#d.#G-1)[M],(#g2.b1.b2.#g1.b.#d1.e)[LM],#g1[L],(#g1.#d.#G-1.b1.#g.B-1)[M],(#g2.b1.b2.#g1.b.#d1.#d3.c3)[LM],#g1[L],(b1.#g.B-1)[M],e[KM],(b1.#g.B-1)[M],(#c1.#a)[KL],(#d1.b.e)[KL],(#d2.#g1.#g2.#d1.#g.#c3.#a2)[LM],#d1[L],(#g1.#d.#G-1)[M],(b1.#g2.b2.#g1.b.e)[LM],#g1[L],(#g1.#d.#G-1.b1.#g.B-1)[M],(#a2.#c2.#c3.#a1.#c1.#f1.#d1.c3.#g2.E-1)[LM],#a1[L],(b1.#g.B-1.#c2.#a.#c)[M],(#d1.b.e)[KM],(#c2.#a.#c)[M],(#g2.b1.b2.#g1.b)[LM],#g1[L],(b1.#g.B-1)[M],(#f1.#d1.e)[KM],(b1.#g.B-1)[M],(#d1.b)[KL],e[KL],(#c1.#a)[KL],(#d1.b.e)[KL],(#d2.#g1.c3.#d1.#g.#c3.#a2.#F-2)[LM],#d1[L],(c2.#d.#G-1)[M],(#g2.c2.#d3.#g1.c1.#d1.#F-1)[LM],#g1[L],(c2.#d.#G-1.#d2.#g.c)[M],(#g2.c2.#d3.#g1.c1.#d1.c3)[LM],#g1[L],(#d2.#g.c)[M],#F-1[KM],(#d2.#g.c)[M],(#c1.#a)[KL],(#d1.c1.#F-1)[KL],(#d2.#g1.c3.#d1.#g.#c3.#a2)[LM],#d1[L],(c2.#d.#G-1)[M],(#g2.c2.#d3.#g1.c1.#F-1)[LM],#g1[L],(c2.#d.#G-1.#d2.#g.c)[M],(c3.#d2.#d3.c2.#d1.#f1.#f3.#F-2)[LM],c2[L],(#d2.#g.c.c1.#d)[M],(#c3.f2.f3.#c2.f1.#d1.c1.#F-1)[LM],#c2[L],(#d2.c1.#d.f2.#c1.f)[M],(#d3.#g2.#f3.#d2.#g1.f3.#c3)[LM],#d2[L],(f2.#c1.f.#f2.#d1.#g)[M],(#g2.c2.#d3.#g1.c1.#f1.#d1.#F-1)[LM],#g1[L],(#f2.#d1.#g.#d2.c)[M],(#g2.c2.#d3.#g1.c1.#d1.c3)[LM],#g1[L],(#d2.#g.c)[M],#F-1[KM],(#d2.#g.c)[M],(#f1.#c1.c3.#g2.#F-2)[KL],(#g1.#d1.#F-1)[LM],"],"id":3}],"audition":{"start":[0,0],"end":[1,0]}}