{"baseBpm":120,"musics":[{"bpm":120,"baseBeats":0.5,"scores":["(f3.#a2)[J],(e3.g2)[J],(d3.f2)[KL],5<c3[M],#a2[M]>,c3[L],#a2[L],a2[L],g2[L],(g2.c2)[L],c3[L],f2[J],(e2.g1)[L],c2[L],(d2.f1)[J],c1[L],d1[L],d1[L],5<d1[M],e1[M]>,(f1.#a)[J],(e1.#a)[J],d1[J],e1[KL],5<e1[M],f1[M]>,g1[J],f1[J],5<V,f1[M]>,5<g1[M],c2[M]>,5<f2[M],g2[M]>,5<c3[M],c2[M]>,5<V,V>,5<V,V>,5<V,V>,5<V,V>,c5[J],U,(g1.c2)[L],(g1.c2)[L],T,(e1.c1)[L],(e1.c1)[L],(f1.c1)[L],(f1.c1)[KL],(e1.#a)[L],f1[L],#a[L],a1[L],#a[L],(e1.#a)[K],(f1.#a)[KL],c1[L],(g1.c1)[L],(f1.c1)[L],(f1.c1)[L],e1[L],e1[L],d1[L],d1[L],c1[L],c1[K],mute[L],U,mute[L],T,(e1.c1)[L],(e1.c1)[L],(f1.c1)[L],(f1.c1)[KL],(e1.#a)[L],f1[L],#a[L],a1[L],#a[L],(e1.#a)[K],(f1.#a)[K],U,mute[L],mute[L],#a1[L],#a1[L],a1[L],a1[L],g1[L],g1[L],f1[L],f1[K],mute[L],mute[L],mute[L],U,(a1.d1)[L],5<b[M],d1[M]>,5<f1[M],a1[M]>,5<b[M],d1[M]>,a1[L],(g1.d1)[L],5<f1[M],g1[M]>,(g1.#c1)[L],5<#a[M],#c1[M]>,5<e1[M],g1[M]>,5<e1[M],#c1[M]>,5<e1[M],g1[M]>,e1[L],(g1.#c1)[L],d2[L],(c2.c1)[L],5<#a[M],#c1[M]>,5<e1[M],g1[M]>,5<#a[M],#c1[M]>,5<e1[M],g1[M]>,c2[L],(#a1.c1)[L],(a1.c1)[L],(g1.c1)[L],5<V,V>,a1[L],f1[KL],(d1.f1)[L],(d1.f1)[L],5<(d1.f1)[M],(d1.f1)[M]>,(f1.#a.d1)[K],U,(g1.c1.e1)[L],5<a[M],c1[M]>,5<e1[M],f1[M]>,5<a[M],c1[M]>,5<f1[M],g1[M]>,(a1.d1.f1)[L],g1[L],f1[L],(g1.d1.f1)[K],a1[K],#a1[L],#c1[J],a1[L],(g1.#c1)[L],(f1.#c1)[L],(g1.c1)[K],5<c3[M],f3[M]>,5<g3[M],c4[M]>,TU,c2[L],5<c2[M],c2[M]>,","#a[I],c1[I],a[I],#A-1[K],f[L],#a[JL],G-2[L],G-1[L],e[M],f[M],g[M],a[L],g[M],d[M],#A-1[M],G-1[M],D-1[M],#A-2[M],G-2[M],C-1[J],#C-1[J],D-1[L],A-1[L],d[L],e[L],f[L],a[L],c1[L],e1[IJK],(c1.f1)[L],(c1.f1)[KL],(#A-1.e)[L],(#A-1.e)[L],(#A-1.f)[L],(#A-1.d.f)[LM],(#A-1.d)[LM],(c.e)[K],(c.e)[K],(c.f)[L],(c.e)[K],(c.f)[KL],(A-1.g)[L],(A-1.g)[L],(A-1.f)[L],(A-1.f)[KL],(d.a)[K],(d.#a)[K],(d.a)[L],(d.g)[K],(d.f)[KL],(#A-1.e)[L],(#A-1.e)[L],(#A-1.f)[L],(#A-1.d.f)[LM],(#A-1.d)[LM],(c.f)[K],(c.f)[K],(c.e)[L],(c.e)[K],(c.f)[KL],(#c.#a)[L],(#c.#a)[L],(#c.a)[L],(#c.a)[KL],(d.g)[L],(d.g)[K],(d.f)[K],(c.e)[L],(c.e)[L],(c.f)[K],(B-1.f.a)[JL],(B-1.f.a)[K],(#A-1.e.g)[L],SU,(#A-1.e.g)[K],(A-1.e.g)[L],SU,(A-1.e.g)[L],(A-1.e.g)[L],(A-1.e.g)[L],d[M],f[M],a[M],c1[M],d[M],f[M],a[M],c1[M],d[L],(d.a.c1)[L],(d.a.c1)[L],(d.a.c1)[L],(G-1.f)[KL],(A-1.g)[L],S,(#A-1.a)[KL],(B-1.f.g)[L],b[M],d1[L],f1[M],b[M],d1[L],g1[M],(f.g.#a.c)[JL],(f.g.#a)[L],(f.g.#a)[L],(e.g.#a.c)[IL],","QQQRS,(f2~g2~c3~f3~g3~c4)[K],(c3~f3~g3~c4~f4~g4)[K],QQQQQQQQR,"],"id":1},{"bpm":125,"baseBeats":0.5,"scores":["(f2.f1)[K],(e2.e1)[K],(f2.f1)[K],(g2.g1)[K],(#g2.#g1)[K],(g2.g1)[K],(#g2.#g1)[K],(#a2.#a1.#c2.g2)[L],5<V,(c3.c2.#d2.#g2)[M]>,U,mute[L],(#d1.g1.c2)[LM],(#d1.g1.c2)[LM],#d2[L],#d2[L],#d2[L],#d2[L],d2[L],d2[L],c3[L],c3[L],#a2[L],#a2[L],5<a2[M],#a2[M]>,U,mute[L],(#a1.d2.f2)[L],5<V,(#a1.d2.f2)[M]>,#a2[L],a2[L],#a2[L],c3[L],#c3[L],#c3[L],c3[L],5<c3[M],g2[M]>,U,#f2[L],g2[L],5<c3[M],#a2[M]>,U,#g2[L],(#g1.c2.#d2)[L],5<V,(#g1.c2.#d2)[M]>,#g2[L],g2[L],#g2[L],5<#a2[M],c3[M]>,mute[K],mute[K],mute[L],c3[L],d3[L],#d3[K],#d3[L],#d3[L],#d3[L],d3[L],a2[L],d3[L],c3[L],(#a1.c2)[L],#a2[L],(#a2.a1.d2)[K],(#g1.#d2)[K],(#a2.#a1.#c2.f2)[L],5<V,(c3.c2.#d2.g2)[M]>,U,mute[L],(#d1.g1.c2)[LM],(#d1.g1.c2)[LM],#d2[L],#d2[L],#d2[L],#d2[L],d2[L],d2[L],c3[L],c3[L],#a2[L],#a2[L],5<a2[M],#a2[M]>,U,mute[L],(#a1.d2.f2)[L],5<V,(#a1.d2.f2)[M]>,#a2[L],a2[L],#a2[L],c3[L],#c3[L],#c3[L],c3[L],5<c3[M],g2[M]>,U,#f2[L],g2[L],5<c3[M],#a2[M]>,U,#g2[L],(#g1.c2.#d2)[L],5<V,(#g1.c2.#d2)[M]>,#g2[L],g2[L],#g2[L],5<#a2[M],c3[M]>,mute[K],mute[L],c3[L],c3[L],c3[L],d3[L],#d3[K],#d3[L],#d3[L],#d3[L],d3[L],a2[L],d3[L],c3[K],#a2[L],#a2[K],mute[K],mute[K],e2[L],5<V,c4[M]>,c3[L],5<V,c4[M]>,c3[L],5<V,c4[M]>,b2[L],a2[K],5<V,c4[M]>,a2[L],5<V,c4[M]>,a2[L],5<V,c4[M]>,g2[L],f2[K],5<V,d4[M]>,f2[L],5<V,d4[M]>,f2[L],5<V,d4[M]>,e2[L],d2[K],f2[L],U,e2[L],U,c3[L],b2[L],c3[L],5<a[M],e1[M]>,5<a1[M],a1[M]>,5<e2[M],a2[M]>,5<a2[M],e3[M]>,5<a3[M],e3[M]>,a2[L],(b2.g2)[L],(c3.f2)[K],c3[L],b2[L],a2[L],5<a3[M],e3[M]>,5<a2[M],a2[M]>,(g2.e2)[L],(a2.d2)[L],","(#A-1.#a)[K],(#A-1.d.f.#a)[K],(c.c1)[K],(c.e.g.c1)[K],(#c.#c1)[K],(#c.f.#g.#c1)[K],(#d.#d1)[K],(#d.g.#a.#d1)[LM],(#d.#g.c1.#d1)[LM],#G-1[L],#G-2[K],#G-1[L],(c1.#d1.g1)[L],(c1.#d1.g1)[L],(#g.d1.f1)[L],#G-1[K],(#g.c1.f1)[K],(d1.f1.#g1)[K],(d1.f1.c2)[LM],(d1.f1.#a1)[LM],G-1[L],G-2[K],G-1[L],(#a.d1.f1)[L],(d1.f1.#a1)[L],(d1.f1.#a1)[L],(c.d1)[K],(e1.#c2)[K],(f1.#c2)[K],(g1.#c2)[LM],(#g1.c2)[LM],F-1[L],F-2[K],F-1[L],(c1.#d1.#g1)[L],(c1.#d1.g1)[L],(c1.#d1.#g1)[L],#D-1[K],(#d.#g.c1)[K],(#g.c1.#d1)[L],(c1.#d1.#g1)[L],(c1.#d1.g1)[L],(c1.#d1.#f1)[L],D-1[KL],(c1.#f1.a1)[JL],(g.d1.f1)[K],(#f.#c1.e1)[K],(f.c1.#d1)[K],(g.#a.#c1.g1)[LM],(#g.c1.#d1.#g1)[LM],#G-1[L],#G-2[K],#G-1[L],(c1.#d1.g1)[L],(c1.#d1.g1)[L],(#g.d1.f1)[L],#G-1[K],(#g.c1.f1)[K],(d1.f1.#g1)[K],(d1.f1.c2)[LM],(d1.f1.#a1)[LM],G-1[L],G-2[K],G-1[L],(#a.d1.f1)[L],(d1.f1.#a1)[L],(d1.f1.#a1)[L],(c.d1)[K],(e1.#c2)[K],(f1.#c2)[K],(g1.#c2)[LM],(#g1.c2)[LM],F-1[L],F-2[K],F-1[L],(c1.#d1.#g1)[L],(c1.#d1.g1)[L],(c1.#d1.#g1)[L],#D-1[K],(#d.#g.c1)[K],(#g.c1.#d1)[L],(c1.#d1.#g1)[L],(c1.#d1.g1)[L],(c1.#d1.#f1)[L],D-1[KL],(c1.#f1.a1)[J],(c1.#d1.#g1)[KL],(d1.f1.#a1)[K],(e1.g1.c2)[K],(#f1.a1.d2)[K],a[L],e1[L],a1[L],c2[L],e2[L],c2[L],g1[L],f[L],c1[L],f1[L],c2[L],a1[L],c2[L],a1[L],c2[L],d[L],a[L],f1[L],c2[L],f1[L],c2[L],f1[L],c2[L],(b.a1)[J],(#g1.b1)[JL],A-2[JK],G-2[L],F-2[JKL],E-2[L],D-2[L],"],"id":2},{"bpm":130,"baseBeats":0.5,"scores":["5<a[M],d1[M]>,5<a1[M],a1[M]>,5<d2[M],a2[M]>,5<a2[M],d3[M]>,5<a3[M],d3[M]>,b2[L],(c3.c3)[L],(d3.b2)[K],(d3.f2)[L],c3[L],(b2.e2)[K],d2[L],d3[L],c3[L],5<a[M],e1[M]>,5<a1[M],a1[M]>,5<e2[M],a2[M]>,5<a2[M],e3[M]>,5<a3[M],e3[M]>,a2[L],(b2.g2)[L],(c3.f2)[K],c3[L],b2[L],a2[L],5<a3[M],e3[M]>,5<a2[M],a2[M]>,(g2.e2)[L],(a2.d2)[L],5<a[M],d1[M]>,5<a1[M],a1[M]>,5<d2[M],a2[M]>,5<a2[M],d3[M]>,5<a3[M],d3[M]>,a2[L],a2[L],a2[K],b2[L],c3[L],b2[K],a2[L],#g2[L],a2[L],(a.c1.e1.g1)[K],(b.d1.#f1)[K],(a.c1.#f1)[K],(a.c1.f1)[K],(g1.c1.f1)[KL],5<#f1[M],g1[M]>,(a1.#c1.e1)[K],(b2.b1.e2.#g2)[LM],(#c3.#c2.e2.a2)[LM],S,e2[L],e2[L],e2[L],e2[L],#d2[L],#d2[L],#c3[L],#c3[L],b2[L],b2[L],5<#a2[M],b2[M]>,mute[J],b2[L],#a2[L],b2[L],#c3[L],d3[L],d3[L],#c3[L],5<#c3[M],#g2[M]>,U,g2[L],#g2[L],5<#c3[M],b2[M]>,U,a2[L],T,a2[L],#g2[L],a2[L],5<b2[M],#c3[M]>,mute[K],TU,#c3[L],#d3[L],e3[K],e3[L],e3[L],e3[L],#d3[L],#a2[L],#d3[L],#c3[L],(b1.#c2)[L],b2[L],(b2.#a1.#d2)[K],(a1.e2)[K],(b2.b1.d2.#f2)[L],5<V,(#c3.#c2.e2.#g2)[M]>,U,mute[L],(e1.#g1.#c2)[LM],(e1.#g1.#c2)[LM],e2[L],e2[L],e2[L],e2[L],#d2[L],#d2[L],#c3[L],#c3[L],b2[L],b2[L],5<#a2[M],b2[M]>,U,mute[L],(b1.#d2.#f2)[L],5<V,(b1.#d2.#f2)[M]>,b2[L],#a2[L],b2[L],#c3[L],d3[L],d3[L],#c3[L],5<#c3[M],#g2[M]>,U,g2[L],#g2[L],5<#c3[M],b2[M]>,U,a2[L],(a1.#c2.e2)[L],5<V,(a1.#c2.e2)[M]>,a2[L],#g2[L],a2[L],5<b2[M],#c3[M]>,mute[K],mute[L],#c3[L],#c3[L],#c3[L],#d3[L],e3[K],e3[L],e3[L],e3[L],#d3[L],#a2[L],#d3[L],#c3[K],b2[L],b2[L],U,mute[K],mute[K],(#c3~#c2~#g2)[K],(b2~b1~e2)[K],(a2~a1~e2)[K],7<c2[N],#g2[N]>,UV,mute[L],mute[L],5<e[M],#f[M]>,5<#g[M],e1[M]>,5<b[M],#g1[M]>,8<b1[N],e2[N]>,e3[IKL],","mute[JK],C-1[L],B-2[K],F-2[K],E-2[K],D-2[KL],A-2[JK],G-2[L],F-2[JKL],E-2[L],D-2[JKL],C-1[L],B-2[K],F-2[K],E-2[K],D-2[KL],f[K],e[K],#d[K],d[K],G-1[J],A-1[K],(b.e1)[LM],(a.#c1.#g1)[IM],(a.#d1.#f1)[I],(#g.b.#f1)[I],(#f1.#c1)[K],(f1.#c1)[K],(#f1.#c1)[K],(#g1.#c1)[LM],(a1.#f1)[JLM],(a1.#f1)[L],(#g1.f1)[L],(a1.e1)[JK],(a1.e1)[L],(#g1.e1)[L],(g1.#d1)[J],(g1.#d1)[JL],(#g.#d1.#f1)[K],(g.d1.f1)[K],(#f.#c1.e1)[K],(#g.b.d1.#g1)[LM],(a.#c1.e1.a1)[LM],A-1[L],A-2[K],A-1[L],(#c1.e1.#g1)[L],(#c1.e1.#g1)[L],(a.#d1.#f1)[L],A-1[K],(a.#c1.#f1)[K],(#d1.#f1.a1)[K],(#d1.#f1.#c2)[LM],(#d1.#f1.b1)[LM],#G-1[L],#G-2[K],#G-1[L],(b.#d1.#f1)[L],(#d1.#f1.b1)[L],(#d1.#f1.b1)[L],(#c.#d1)[K],(f1.d2)[K],(#f1.d2)[K],(#g1.d2)[LM],(a1.#c2)[LM],#F-1[L],#F-2[K],#F-1[L],(#c1.e1.a1)[L],(#c1.e1.#g1)[L],(#c1.e1.a1)[L],E-1[K],(e.a.#c1)[K],(a.#c1.e1)[L],(#c1.e1.a1)[L],(#c1.e1.#g1)[L],(#c1.e1.g1)[L],#D-1[KL],(#c1.g1.#a1)[J],(a.#c1.e1.#f1)[K],(a.#c1.e1.#f1)[L],(a.#c1.e1.#f1)[K],(#f.b.e1)[K],(#f.b.#d1)[K],a[MO],e1[MN],#g1[MO],#g[MO],e1[MN],#f1[MO],#f[MO],#c1[MN],e1[MO],(B-1@a)[K],E-1[L],B-1[L],USUVR,"],"id":3}]}