{"baseBpm":120,"musics":[{"bpm":120,"baseBeats":0.25,"scores":["mute[M],mute[M],mute[M],mute[M],mute[M],mute[M],mute[M],mute[M],mute[M],mute[M],mute[M],mute[M],mute[M],mute[M],mute[M],mute[K],mute[M],mute[M],mute[M],mute[M],mute[M],mute[M],mute[M],mute[M],mute[M],mute[M],mute[L],mute[M],mute[M],V,mute[M],mute[M],mute[M],mute[M],mute[LM],mute[M],mute[M],mute[M],mute[M],mute[M],mute[M],mute[M],mute[K],mute[M],mute[M],mute[M],mute[M],mute[M],mute[M],mute[M],mute[M],mute[M],mute[M],mute[M],mute[M],mute[M],mute[M],mute[M],mute[M],mute[M],mute[M],mute[LM],mute[M],mute[M],mute[M],mute[M],mute[M],mute[M],mute[M],mute[M],mute[M],mute[M],mute[M],mute[M],mute[M],mute[M],mute[M],mute[M],mute[M],mute[JL],mute[M],mute[JM],mute[M],mute[M],mute[M],mute[M],V,mute[M],mute[M],mute[M],mute[M],mute[M],mute[M],mute[M],mute[M],mute[M],mute[M],mute[M],mute[M],mute[M],mute[M],mute[M],mute[M],mute[M],mute[M],mute[M],mute[M],V,mute[M],mute[M],mute[M],mute[KM],mute[M];","(g.f1.b1.c2.d2.e2.#f2.g2.a2.c3.#c3.d3.f3.g3.#a3.b3.#c4.#d4.e4.f4.#f4)[M],(F-1.#g.a.#d1.#f1.g1.#a1.b1.c2.d2.#d2.f2.g2.#g2.a2.#a2.b2.c3.#c3.d3.#d3.e3.g3.#g3.d4.#d4.e4.f4.#f4)[M],(A-1.#a.e1.f1.#g1.b1.#d2.e2.f2.#f2.#a2.c3.#c3.d3.e3.f3.#f3.g3.a3.#a3.b3.d4.#d4.e4)[M],(c1.#a1.c2.#f2.c4.#d4)[M],(#c1.e1.#g1.a1.#a1.b1.c2.#c2.f2.#f2.g2.#g2.a2.d3.#d4.e4.f4.#f4.g4)[M],(c.#c.c1.#c1.d1.g1.#g1.#a1.c2.#c2.e2.g2.e4.f4.#f4.g4)[M],(#C-1.F-1.c.f.#f1.#a1.b1.c2.#c2.d2.#d2.e2.#f2.g2.#g2.a2.b2.c3.#c3.d3.#d3.e3.f3.#f3.g3.#g3.a3.#a3.b3.#c4.d4.#d4.e4.f4)[M],(G-2.#G-2.B-2.#d.b.c1.#d1.e1.#f1.g1.#g1.a1.#a1.b1.#c2.#d2.f2.#f2.g2.#g2.a2.#a2.b2.c3.#c3.d3.#d3.g3.a3)[M],(#C-2.D-2.#D-2.F-2.A-1.d.e.#c1.#d1.e1.#f1.b1.d2.e2.f2.#f2.g2.a2.#a2.d3.#d3.#g3.#a3.c4)[M],(#C-1.#d.e.#d1.e1.#a1.#d2.e2.#g2.b2.c3.#c3.#d3.f3.#f3.#g3.a3.c4)[M],(#A-2.F-1.#F-1.#d.f.#a.d1.e1.#g1.b1.c2.#c2.d2.#d2.f2.g2.a2.#a2.c3.d3.f3.#f3.g3.a3.c4.d4.#d4.#f4.g4)[M],(A-3.#A-2.F-1.d.#a.#c1.#f1.#g1.d2.#d2.e2.f2.#f2.g2.a2.#a2.b2)[M],(F-1.#g.a.#a.e1.c2.f2.#f2)[M],(#F-2.#F-1.c1)[M],#D-1[M],#C-1[K],(#a.c1.f1.a1.#a1.e2.f2.g2.a2.#a2.b2.c3.#c3.d3.e3.f3.#f3.#g3.a3.b3.#c4.d4.#d4)[M],(a.#a.#f1.a1.#a1.b1.c2.e2.#f2.a2.c3.#f3.g3.#g3.#a3.b3.c4.#c4.#d4.e4.f4)[M],(#a.c1.#a1.b1.#f2.#c3.#d4.e4.#f4.g4)[M],(e.#f.#f1.g1.#g1.a1.b1.c2.#c2.d2.#d2.f2.g2.#g2.a2.c3.f4)[M],(C-1.f.g.#f1.g1.e2.#g2.a2.#a2.b2.f4)[M],(F-2.F-1.#a.b.e1)[M],(#a1.#f2.a2.d3.f3)[M],(#A-1.#f1)[M],#G-1[M],(#A-1.e1)[M],(e2.f2.#f2.#g2.c3)[L],(F-1.f.c2.a2.#c3)[M],(G-1.g.b1)[M],V,(#f.g.#f1.g1.#c2.d2.#a2.b2.d3.f3.a3.c4.#d4)[M],(#G-1.g.#g.a.#c1.g1.#g1.#a1.b1.#d2.#a2.#f3.#g3.a3.#a3.c4.#c4.d4.#d4.e4.f4.g4)[M],(#d.c1.a1.c2.#f2.g2.b2.d3.e3.#f3.a3.b3.#c4.d4.#d4.e4.#f4.g4)[M],(#f.#a.#f1.g1.#a1.b1.#c2.d2.#d2.e2.f2.#f2.g2.#g2.a2.#a2.b2.c3.#c3.d3.g4)[M],(A-3.#c.b2.c3)[LM],(B-1.e4.f4.#f4)[M],(#g.a.g1.#g1.a1.#a1.b1.d2.#d2.e2.f2.g2.#g2.a2.b2.c3.#c3.#f3.b3.#c4.d4.#d4.f4.g4)[M],(a.#a.f1.a1.#a1.#d2.e2.f2.#f2.#g2.a2.d3.#d3.f3.#f3.#g3.#d4.e4.f4.g4)[M],(#f.#g.a.f1.g1.#g1.a1.#d2.e2.#g2.c3.#c3.#f3.g3.a3.#a3.b3.c4.#c4.d4.#d4.e4.f4.#f4)[M],(d.#d.e.d1.#d1.e1.a1.#a1.b1.#c2.#d2.e2.f2.#f2.g2.#a2.#c3.d4.g4)[M],(#c.d.#c1.#g1.a1.g3.a3.#c4.d4)[M],(#c.#d.d1.a1)[M],(A-1.d)[K],(#d.c1.d4.#d4.e4.f4.#f4.g4)[M],(f1.b1.#d2.e2.f2.g2.#g2.a2.#a2.b2.c3.#c3.d3.#d3.#f3.#g3.a3.b3.d4)[M],(c.b.c1.#f1.g1.b1.#c2)[M],(f.f1.#f1.#c2.d2.f2.#f2.#g2.a2.#a2.c3.#c3.#d3.e3.g3.c4.d4)[M],(c.g1.#a1.#c2.e2.#f2.g3.#g3.a3.#a3.#c4.e4.f4)[M],(#G-1.A-1.f2)[M],(a.#g1.a1.b1.#c4)[M],(b.c1.#c1.g2.#a3.c4.#c4.d4.e4)[M],(f.#f.f1.#f1.a1.c2.#d2.e2.f2.#f2.g2.a2.#a2.b2.c3.#c3.#d3.f3.#f3.#g3.a3.b3.c4.d4.#d4.f4.g4)[M],(#f.g.#g.#a.#f1.g1.#a1.#c2.d2.f2.d3.f3.#g3.#a3.c4.#c4.e4)[M],(a.a1.#a1.e2.#c3.d3.e3.g3.a3.b3.c4.#d4.f4.#f4)[M],c3[M],(a.#a.d1.a1.#a1.e2.f2.#g2.a2.b2.#c3.d3.#d3.e3.f3.#f3.g3.#g3.c4.d4.#d4.#f4)[M],(#a.b.#g1.a1.#a1.b1.f2.#f2.a2.#a2.d3.#d3.e3.f3.#g3.c4.e4.#f4.g4)[M],(a1.#f2)[M],(#f.g.#g.a.g1.a1.#d2.e2.g2.#g2.#a2.b2.c3.#c3.d3.e3.#f3.d4.e4.f4)[M],(#f.g.#f1.g1.#c2.d2.#f2.g2.#a2.#c3.d3.#d3.e3.#g3.b3.#d4.g4)[M],(f.#f.f1.#f1.#c2.f2.#f2.#a2.b2.c3.#d3.e3.f3.#f3.g3.#g3)[M],(e2.g2.#g2.a2.c3.#c3.d3.#d3.e3)[LM],(#g.c1.a1.b1.c2.f2.#f2.g2.a2.#a2.#c3.d3.#d3.e3.f3.#f3.g3.#g3.a3.c4.#c4.d4)[M],(b.#c1.#a1.b1.c2.f2.#f2.g2.c3.#d3.e3.#f3.g3.#g3.#a3.#c4.#f4)[M],(c1.#c1.c2.g2.c3.e3.#f4)[M],(b.c1.b1.c2.#f2.g2.a2.b2.#d3.#f3.g3.a3.#c4.d4.f4)[M],(a.#g1.f2.c3.d3.e3.#g3.#a3)[M],(#a.b.#a1.b1.e2.f2.#f2.d3.#d3.f3.#f3.g3.#g3.a3.#c4.d4.e4.#f4)[M],(A-3.F-2.C-1.f.g.g1.#g1.a1.#a1.#d2.a2.f3.g3.#g3.a3.#a3.c4.#c4.d4.#d4.e4)[M],(#a.b.a1.#a1.b1.#f2.b2.c4.#c4.e4.f4)[M],(#a.b.b1.#f2.b3.#c4.#d4.f4)[M],(g.b.#f1.#a1.d2.#d3.c4.d4.e4.f4.#f4.g4)[M],(B-1.b.c1.#f1.#g1.b1.#c2.#d2.e2.f2.#f2.g2.a2.#a2.b2.c3.e3.#f3.#g3.a3.#c4.#d4.f4)[M],(d.#d.f.c2.d2.f2.#f2.g2.#g2.a2.#a2.#c3)[M],(b1.d2.e2.#g2.a2)[M],(A-1.#A-1.B-1.#a.f1.#a1.d2.f2.f3.#f3.g3.#g3.#d4.e4)[M],(f.#f.f1.#f1.c2.#c2.#f3.g3.a3.#c4)[M],(#f.g.#f1.g1.#c2.#f2.#a2.#g3.#c4.d4.#d4.e4.f4.g4)[M],(e.f.e1.f1.b1.c2.e2.f2.g2.#g2.#f3.a3.#a3.c4.#c4.d4.#d4.#f4.g4)[M],(#d.e.#d1.#a1.#d2)[JL],#f1[M],(B-2.#a.e1.#f1)[JM],(#a.d2)[M],a1[M],(A-1.#A-1.B-1.#a.b.#d1.f1.#f1.#g1.a1.#a1.#c2)[M],(#G-1.a1.c2.#d2.e2)[M],V,(g.c1.g1.d2.a2.f3.#f3.d4.e4)[M],(d1.#d1.e1.#a2.b2.#f3.g3.#g3.#a3.b3.c4.#c4.d4.#d4.e4.f4.#f4)[M],(#c1.d1.g2.a2.#a2.#f3.#g3.a3.#a3.c4.#c4.d4.#d4)[M],(#g2.#g3.#a3.b3.#c4.#d4.e4.f4.#f4)[M],(c1.f1.#f1.g2.#a3.d4.#d4)[M],(d1.e1.f1.e4.#f4)[M],(B-1.#a.#d1.e1.#a2.g3.#a3.#d4)[M],(c.c1.#g3)[M],(c1.g2.e3)[M],(#g.d1.f1.#f1.a3.#a3.e4)[M],(A-1.a.d1.#d1.e1.f1.e2.#a2.g3.a3.b3.c4.f4)[M],(b.c1.b1.#c2.a2.#f3.g3)[M],(A-1.d.c1.#c1.f1.#f1.#g1.#c2.g3.a3.#a3.#c4.#d4.e4)[M],(B-1.#a.c1.#f1.#a1.b1.f2.#f2.a2.#c3.d3.#d3.c4.d4.g4)[M],(a.c1.#c2.#d2.e2.#f2.#g2.b2.c3.d3.e3.#a3.#c4.#d4.#f4)[M],(#c1.d1.d2.#a2.d3.f3.g3.e4.f4.g4)[M],(#g.b.e1.c2.#c2.#d2.e2.g2.#g2.#a2.c3.#c3.#d3.f3.e4.#f4)[M],(g.#g.a.#a.b.g1.#g1.a1.c2.d2.#d2.e2.f2.#f2.g2.#g2.a2.b2.c3.#c3.d3.#d3.#f3.#f4)[M],(b.c1.#a1.b1.c2.#f2.b2.#d3.#g3.a3.b3.#c4.#d4.e4.f4.g4)[M],(A-1.#A-1.#a.b.#a1.f2.#f2.#a2.b2.d3.c4.d4.f4)[M],V,(#a.b.#c4.#d4.e4)[M],(g.a.#a.g1.#g1.a1.d2.#d2.g2.#a2.e3.f3.#f3.a3.d4.#d4)[M],(#g.#a.b.#a1.b1.d2.f2.#f2.a2.b2.#c3.d3.#d3.e3.#g3.f4.#f4)[M],(c1.#c1.c2.g2.#g2.e3.#f4.g4)[KM],(#g.a.#g1.a1.#c2.#d2.e2.#g2.a2.#a2.c3.#c3.#d3.#f3.#a3.d4.e4.f4)[M];"],"id":1,"instruments":["piano","piano"],"alternatives":["",""]},{"bpm":120,"baseBeats":0.25,"scores":["mute[M],mute[M],mute[M],mute[M],mute[M],mute[M],mute[M],mute[M],mute[M],mute[M],mute[M],mute[M],mute[M],mute[M],mute[M],mute[M],mute[M],mute[L],mute[M],U,mute[M],mute[M],mute[M],mute[M],mute[M],mute[M],mute[M],mute[M],mute[M],mute[M],mute[K],mute[M],mute[M],mute[M],mute[M],mute[M],mute[M],mute[M],mute[LM],mute[L],mute[M],mute[M],mute[KL],mute[M],mute[M],mute[M],mute[M],mute[M],mute[M],mute[LM],mute[M],mute[M],mute[M],mute[M],mute[M],mute[M],mute[M],mute[M],mute[M],mute[M],mute[M],mute[M],mute[M],mute[M],mute[M],mute[M],mute[M],mute[M],mute[M],mute[M],mute[M],mute[M],mute[M],mute[M],mute[M],mute[M],mute[M],mute[M],mute[M],mute[M],mute[M],mute[M],mute[M],mute[M],mute[M],mute[M],mute[M],mute[L],mute[M],mute[M],mute[M],mute[M],mute[M],mute[M],mute[M],mute[M],mute[M],mute[M],mute[M],mute[M],mute[M],mute[M],mute[M],mute[M],mute[L],mute[M],mute[M],mute[K],mute[M],mute[M],mute[M],mute[M],mute[M],mute[LM];","(#D-2.#d.#a.b.#a1.b1.d2.f2.#f2.#a2.#d3.e3.#f3.d4.#d4.e4.g4)[M],(a.#a1.e2.a2.#c3.d3.g3.#g3.b3.c4.d4.#d4.e4.f4.#f4)[M],(#a.d1.f2.a2)[M],(#F-2.#G-2.A-2.C-1.D-1.a.#a.d1.e1.f1.#g1.a1.#a1.#c2.d2.#d2.e2.f2.#f2.g2.#g2.a2.b2.#c3.d3.#d3.#f3.#g3.a3.#a3.b3.c4.#c4.d4.#d4.e4.f4.#f4.g4)[M],(#F-2.C-1.d.g.#g.a.#c1.f1.#f1.a1.#a1.b1.d2.#d2.g2.#g2.a2.#a2.b2.c3.#c3.e3.f3.#f3.a3.c4.#c4.f4)[M],(G-2.#c.d.e.g.#c1.g1.#g1.#a1.#c2.d2.#d2.e2.f2.#g2.a2.d3.#d3.#f3.g3.#a3.b3.#c4.f4.g4)[M],(E-2.F-2.#F-2.G-2.A-2.B-2.#g.#c1.d1.f1.#g1.a1.#a1.b1.#c2.#d2.e2.g2.a2.b2.d3.#f3.#g3.f4)[M],(#F-2.#A-2.#G-1.b.#d1.e1.f1.#f1.#g1.a1.b1.c2.#c2.d2.e2.f2.#f2.g2.a2.b2.c3.#c3.d3.#d3.e3.f3.#f3.g3.#a3.c4.#c4.d4.e4.#f4)[M],(#G-1.d.a.#d1.f1.g1.#g1.#a1.#c2.#f2.g2.a2.#a2.b2.c3.d3.f3.#f3.g3.#g3.c4.g4)[M],(A-3.#F-1.G-1.a.#c1.d1.e1.#g1.a1.b1.#c2.d2.#d2.#c3.#d3.f3)[M],(#F-1.#c1.#d1.f1.#g1.a1.#d2.g2.a2.#c3.d3.f3.#f3.g3.#g3.#a3.c4.#c4.d4.e4.#f4)[M],(a.c1.#d1.f1.#g1.a1.e2.#c3.#d3.#f3.g3.#g3.a3.b3.c4.#d4)[M],(E-1.#f2.#g2.#a2.b2.#d3.e3)[M],(#c1.#c2.g2.#g2.b3.#c4.#d4)[M],(c1.d1.c2.#c2.g2.#d3)[M],(b1.c2.#f2.g2.#c3)[M],(#a1.b1.f2.b2.f3.#a3.#c4.d4.#d4)[M],(#c2.#a3)[L],(g2.b2)[M],U,(A-3.E-2.F-2.F-1.#F-1.G-1.c1.#c1.#c2.d2.e2.f2.#g2.#a2.c3.#d3.e3.f3.#f3.g3.#g3.a3.#a3.b3.c4.#c4.d4.#d4.e4)[M],(c1.f1.a1.#c2.d2.#a2.b2.c3.#d3.g3.a3.e4)[M],(#D-2.f.#a.e1.#f1.g1.#g1.a1.#a1.c2.f2.g2.a2.#c3.e3.f3.#f3.#g3.#a3.#c4)[M],(#f.g.#g.#f1.#g1.a1.#c2.d2.#d2.e2.#f2.g2.#g2.#a2.b2.c3.#c3.d3.e3.#f3.#g3.a3.c4.d4.#d4)[M],(#g.a.#c1.d1.#g1.a1.b1.d2.a2.e3.f3.#f3.#g3.#a3.d4.#d4.e4.f4.g4)[M],(e1.#f1.g1.#g1.a1.#a1.b1.#c2.d2.e2.f2.b2.#d3.e3.f3.#f3.g3.a3.b3.c4.f4.g4)[M],(B-1.g.#g.b.e1.f1.#g1.#a1.c2.#c2.d2.e2.f2.#f2.g2.#g2.a2.#a2.b2.c3.#c3.d3.g3)[M],(e.a1.#a1.c2.b2.g3)[M],(g.f1.d2.e2.f2.g2.#g2.a2.#a2.b2.d3.#d3.e3.f3.#f3.g3.#g3.a3.c4.#c4.d4.#d4.e4)[M],(#a.g1.#c2.#f2.g2.#g2.a2.d3.f3.#f3.#g3)[M],(f.g.a.e1.g1.#g1.a1.#c2.d2.e2.g2.#g2.#a2.c3.f3.g3)[K],(#c1.d1.b1.#c2.f2.c3.#c3.#d3.e3.#f3.#g3.#d4.f4.#f4.g4)[M],(g.#g.#a.g1.#g1.a1.#d2.e2.g2.#g2.#a2.b2.c3.#c3.d3.e3.f3.#g3.a3.b3.c4.#c4.d4.e4.#f4)[M],(#c1.d1.#a1.d2.e2.a2.d3.#f3.g3.#g3.a3.#a3.b3.d4.e4.f4.g4)[M],(f.a.c1.#c1.a1.b1.c2.#c2.e2.f2.#f2.d3.e3.f3.#f3.g3.#g3.a3.b3.e4.f4)[M],(c.c1.#g1.a1.b1.#d2.e2.#g2.a2.c3.f3.g3.e4)[M],(#a.b.c2.#c2.f2.#f2.e3.f3.#f3.g3.#g3.#c4.d4.#d4.f4.#f4)[M],(a.#a.a1.#a1.e2.#c3.d3.g3.#g3.a3.b3.e4.f4.#f4)[M],(#g.d2.#d2.g2.#g2.b2.#d3.f3.#f3.d4.f4)[LM],(c1.d1)[L],(c1.g3.a3.#a3.d4.#d4.e4.f4.#f4)[M],(#d1.e1.#a1.#d2.g2.#a2.#f3.g3.#g3.a3.#a3.c4.#c4.d4.#d4.e4.f4)[M],(g1.#a1.b1.c2.#c2.#d2.e2.g2.a2.d3.#f3.a3.b3.#c4)[KL],f4[M],(e4.#f4.g4)[M],(C-1.A-1.#c1.d1.#d1.e1.#g1.c2.#c2.e2.f2.#f2.#g2.a2.#a2.b2.c3.#c3.d3.#d3.f3.#f3.g3.#g3.a3.#a3.b3.c4.#c4.d4.#d4.f4)[M],(c1.#c1.d1.#f1.c2.d2.e2.f2.g2.a2.b2.d3.#d3.e3.f3.#f3.#a3.b3.#c4.#d4.e4.#f4.g4)[M],(#c1.#f1.#g1.d2.g2.#g2.#a2.c3.#c3.f3.g3.#a3.#f4.g4)[M],(#d1.e1.a1.c2.d2.#d2.e2.g2.a2.#a2.b2.d3.#d3.e3.f3.#f3.g3.#g3.#a3.#c4.e4)[M],(#c2.#f2.g2.#g2.a2.#a2.c3.#c3.#d3)[LM],(a.c1.#a3.c4.d4.#d4.e4.#f4.g4)[M],(A-3.c1.#c1.c2.#c2.#d2.g2.#g2.e3.g3.a3.b3.#c4.#d4)[M],(#c1.#d1.e1.#a1.#d2.e2.#a2.b2.#c3.d3.#d3.f3.g3.e4.f4.#f4)[M],(g.a.d1.#a1.c2.#c2.#d2.f2.#f2.g2.#g2.a2.#a2.b2.c3.#c3.d3.#d3.e3.f3.#f3.a3.b3.c4.d4)[M],(F-1.f.#a.d1.#a1.f2.#f3.#g3.#a3.b3.c4.#c4.d4.#d4.e4.f4.#f4.g4)[M],(g.b.c1.b1.d2.#f2.g2.c3.e3.a3.b3)[M],(B-1.#a.c1.g1.#a1.#g2.#a2.f3.#d4)[M],(d.#c1.d1.a1.#c2.d2.e2.f2.#f2.g2.a2.#a2.b2.e3)[M],(c.c1.g1.c2.#d2.a2)[M],(e.#a2)[M],(#g.a.f1.#g1.a1.#d2.e2.#f3.#g3.a3.#a3.b3.c4.#c4.d4.#d4.e4)[M],(#a.c1.#c1.a1.#a1.b1.c2.#c2.f2.#f2.g2.#g2.a2.#c3.#d3.e3.f3.#g3.a3.#c4.d4.#d4.e4.f4)[M],(#d1.e1.#d2.e2.#a2.b2.#d3.g3.#c4.e4.f4.#f4)[M],(#f.d1.a1.#a1.b1.#c2.d2.#f2.#g3.a3.#a3.e4)[M],(g.g1.d2)[M],(#g1.b1.d2.#f2.g2.#g2.a2.#a2.#d3.e3.f3.#f3.g3.#g3.b3.c4.#c4.d4.#d4)[M],(#d1.e1.f1.#d2.e2.f2.#a2.b2.#g3)[M],(e.f.e1.f1.b1.c2.e2.f2.g2.#g2.a2.f3.#f3.g3.a3.d4.#d4)[M],(f.g.g1.b1.a3.b3.#d4)[M],(#D-2.E-2.#g.#a.e1.a1.#a1.c2.#c2.d2.#d2.e2.f2.#f2.#g2.b2.f3.#f3.g3.#g3.a3.#a3.b3.c4.#c4.d4.#d4.e4.f4.#f4.g4)[M],(#f1.#a1.e2)[M],(#g1.a1.b1.c2.g3.e4)[M],(#a1.e2.f2.#f2.b2.d3.#d3.f3.#f3.#g3.#a3.b3.c4.#d4.e4.g4)[M],(e1.e2.b2.g3.#g3.b3.#c4.d4.#d4.e4.f4.#f4)[M],(#a.d1)[M],(#d1.e1.f1.#d2.e2.#a2.b2.e3.g3.#g3.a3.#a3.b3.#c4.d4.#d4.e4.f4.#f4)[M],(f1.f2.c3.g3.a3.#d4.f4)[M],(#f1.f2.#f2.c3.#c3.#f3.a3.#a3.c4.#c4.#d4.e4.f4.#f4.g4)[M],(f1.#g3.a3.d4.#d4)[M],(#f3.g3.#g3)[M],(c1.d2.#f2)[M],(d1.f1.#c2.f2.a2.c3.d3.#f3.#g3.a3.b3.#d4.e4.f4.g4)[M],(e1.b1.b2.#g3.a3.#a3.b3.c4.#c4.d4.e4.#f4)[M],(f1.e2.b2.#g3.a3.c4.d4.#d4.f4.#f4.g4)[M],(e1.g3.#a3.b3.#c4.e4)[M],(d1.#d1.e1.f1.e2.b2.c3.a3.#a3.d4.#d4.e4.f4.g4)[M],(f1.#f1.f2.c3.#c3.#f3.c4.#c4.f4.#f4)[M],(e1.d4)[L],A-3[M],(g.e4.f4.#f4.g4)[M],(A-3.a.#a.b.c1.b1.c2.#f2.g2.#d3.a3.#a3.b3.#c4.d4.#d4)[M],(#f.g.b.e1.#f1.#g1.a1.#a1.b1.e2.f2.#f2.d3.#f3.#c4.e4)[M],(d.#d.e.a3.#a3.#c4.d4.#d4)[M],(a.#a.b.#a1.#f2.#f3.b3.e4)[M],(c.#c1.#f1.g1.#g1.e4)[M],(#A-1.B-1.#a.c1.f1.#f1.g1.#g1.e2)[M],(B-1.c.e.b.c1.#f1.g1.b1.b3.e4.f4)[M],(f.#f1.c2.f2.g3.a3.e4)[M],(e.e1.b1)[M],(#A-1.a.#a.e1.#f1.#a1.#a3.b3.c4.d4.e4.f4.#f4)[M],(A-1.#c.#c1.#g1)[M],(c.#d.c1.#d1.a1.#a1.#a3.#d4)[M],(c.#c.d.c1.#c1.d1.g1.#g1.c2.e4)[M],(e.f.#f1.b1.#c2.d2.e2.f2.#f2.g2.a2.#a2.g3.#g3.b3.c4.d4.#d4.e4.f4)[M],(c.c1.#f1.a1.#a1.f2)[L],(A-1.a.#c2.e2.g2.a2.b2)[M],(c.#c.c1.g1.#g1.#c2.#d2.e2.#f2.g2.a2.#a2.b2.c3.#c3)[M],(G-1.#G-1.g.#d2.e2.f2.g2.#g2.a2.#a2.b2.#c3)[K],(g.g1.d2.g2.#a2)[M],(#d.f.#f.e1.f1.#f1.#a1.b1.c2.#c2.f2.#f2.#g2.a2.b2.#c3.d3.#d3.e3.e4.f4)[M],(e.f.e1.b1.c2.f2.#g2.d3.g3.#g3.#d4.e4.f4.#f4)[M],(d.#d.d1.#d1.a1.#a1.#d2.#f2.g2.a2.c3.#c3.f3.#f3.#g3.a3.#a3.b3.c4.#c4.d4.#d4.e4.f4.#f4)[M],(#d.e.f.#f.#f1.g1.#a1.b1.c2.#c2.e2.f2.#g2.#a2.d3.#d3.e3.f3.#g3.a3.#d4)[M],(d.a1.d2)[LM];"],"id":2,"instruments":["piano","piano"],"alternatives":["",""]},{"bpm":120,"baseBeats":0.25,"scores":["mute[M],mute[M],mute[M],mute[M],mute[M],mute[M],mute[M],mute[M],mute[M],mute[M],mute[M],mute[M],mute[M],mute[M],mute[M],mute[M],mute[M],mute[M],mute[M],mute[M],mute[M],mute[M],mute[M],mute[M],mute[M],mute[M],mute[M],mute[M],mute[M],mute[M],mute[M],mute[M],mute[M],mute[M],mute[M],mute[M],mute[M],mute[M],mute[M],mute[M],mute[M],mute[M],mute[M],mute[M],mute[M],mute[M],mute[M],mute[M],U,mute[M],mute[M],mute[M],mute[M],mute[M],mute[M],mute[M],mute[M],mute[M],mute[M],mute[M],mute[M],mute[M],mute[M],mute[M],mute[M],mute[L],mute[M],mute[M],mute[M],mute[M],mute[M],mute[M],mute[M],mute[M],mute[M],mute[J],mute[M],mute[M],mute[M],mute[M],mute[M],mute[M],mute[M],mute[M],mute[M],mute[M],mute[M],mute[M],mute[M],mute[M],mute[M],mute[M],mute[M],mute[M],mute[M],mute[M],mute[M],mute[M],mute[M],mute[M],mute[M],mute[M],mute[M],mute[M],mute[M],mute[M],mute[M],mute[M],mute[M],mute[M],mute[M],mute[M],mute[M],mute[M],mute[M],mute[M],mute[M],mute[M],TU,mute[M],mute[M],mute[M],mute[M],mute[M],mute[M],mute[M],mute[M],mute[M];","(#d1.e1.f1.#d2.e2.f2.g2.#g2.a2.#a2.b2.c3.d3.#d3.f3.#f3.g3.#g3.a3.b3.#c4.d4.e4.#f4)[M],(#d4.f4.g4)[M],(#d1.#f1.#a2.c3.#g3.c4)[M],(d1.e1.f1.#c2.c3.d3.f3.a3.#d4.e4.f4)[M],(#c1.d1.#d1.f1.#f1.#d2.#g2.#a2.b2.#c3.d3.e3.f3.#f3.g3.a3.#a3.c4.#c4.f4)[M],(b.d1.b1.#c2.d2.#d2.e2.#g2.f3.b3)[M],(#d1.#g1.#a1.c2.d2.#d2.e2.f2.#f2.g2.#g2.a2.#a2.c3.#c3.d3.#d3.e3.f3.#f3.g3.#g3.a3.#a3.b3.c4.#c4.d4.#d4.e4.f4.#f4)[M],(A-3.e1.f1.#f1.g1.#d2.f2.#f2.g2.#g2.a2.b2.c3.#c3.d3.e3.f3.#f3.g3.#g3)[M],(f1.#f1.c2.f2.a2.c3.#c3.#f3.g3.a3.b3.c4.#c4.#d4.e4.f4.#f4.g4)[M],(f1.#f1.c3.#c3.a3.#a3.c4.#c4.f4)[M],(f1.#f1.f2.c3.#c3.a3.c4.#c4.#d4.f4.#f4)[M],(f1.c4)[M],(#f1.#c3.#f3.#a3.#c4.e4.#f4)[M],(e1.f1.#d4.f4)[M],(E-1.c1.#c1.#f1.b1.#d2.e2.f2.#g2.a2.#a2.b2.c3.#c3.#d3.e3.#f3.g3.#g3.a3.#a3.b3.c4.#c4.d4.#d4.e4.f4.#f4)[M],(e1.f1.#f1.a1.e2.f2.#f2.b2.c3.f3.g3.b3)[M],(#d1.c2.d2.f2.#f2.g2.#a2.#c3.#d3.e3.f3.#f3.#g3.a3.#a3.b3.c4.#c4.d4.#d4.e4.f4)[M],(#g.c1.#f1.g1.b1.c2.g2.e3.e4.f4.#f4)[M],(#f.g.a.#f1.g1.#g1.a1.#c2.d2.#d2.e2.#f2.g2.#g2.#a2.b2.c3.#c3.#d3.e3.f3.#g3.b3.d4.#d4.f4.#f4)[M],(b.c1.#c1.a1.#a1.b1.c2.#c2.e2.#g2.c3.d3.e3.f3.#a3.#d4.g4)[M],(a.#a.b.c1.#a1.b1.c2.e2.f2.#f2.g2.#g2.a2.b2.c3.#c3.d3.#d3.g3.#g3.a3.#a3.c4.d4.#d4.e4)[M],(e.f.#f.g.#g.g1.#g1.b1.#c2.d2.#d2.e2.f2.#f2.g2.#g2.#a2.b2.d3.e3.f3.#f3.#g3.a3.b3.c4.d4.#d4)[M],(f.c1.c2.g2.#a3.c4.d4.e4.#f4)[M],(#a.c1.b1.#c2.f2.e3.g3.#d4.e4)[M],(g.#g.a.g1.#g1.a1.#a1.d2.#d2.e2.#g2.a2.b2.#c3.d3.f3.g3.#g3.a3.#a3.b3.c4.d4.#d4.f4.#f4)[M],(a.a1.e2.#c3.g3.a3.#d4.e4.#f4)[M],(b.b1.c2.#f2.g2.b2.#c3.#d3.e3.#f3.#g3.a3.c4.#c4.d4.#d4.f4)[M],(c1.d1.d2.e2.g2.#g2.a2.c3.f3.#f3.g3.a3.c4.#c4.d4.e4.f4.#f4.g4)[M],(e.c1.#f1.#c2.#f2.g2.b3.d4.#d4)[M],(d.#f.g.b.#c1.#d1.#f1.g1.#a1.b1.#c2.d2.#f2.g2.a2.#a2.c3.#c3.e3.#g3.a3.#a3.b3.d4.#d4.e4.f4.#f4.g4)[M],(f.f1.#f1.b1.c2.#c2.#a3.#d4.e4)[M],(#f.g.#a.g1.#a1.d2.#d2.e2.f2.g2.#g2.a2.b2.c3.#c3.d3.#d3.e3.f3.#f3.g3.a3.#a3.c4.#c4.d4.e4.#f4)[M],(b.c1.#c1.#a1.b1.c2.#c2.#f2.#g2.#a2.d3.#d3.#f3.g3.a3.#a3.b3.#d4.e4.#f4.g4)[M],(d2.a2)[M],(d2.g2.#c3.#f3.a3.d4)[M],(#f.#c1.#f1.#g1.c2.d2.#d2.e2.f2.#f2.#g2.a2.#a2.#c3.d3.e3.f3.#f3.g3.#g3.a3.#a3.b3.c4.d4.#d4.e4.f4.#f4.g4)[M],(#f1.a1.#a1.d2.f2.a2.f3.#a3.#c4)[M],(a.#a.g1.#g1.#g2.#c3.f3)[M],(E-1.c1.e1.#c2.#d2.e2.g2.a2.#a2.b2.c3.f3.g3.#g3.b3.#c4.d4.#d4.e4.#f4)[M],(c1.f1.#f1.#g1.b1.c2.#c2.#f2.g2.#g2.a2.#a2.b2.c3.#c3.#d3.e3.f3.#f3.g3.a3.#a3.c4)[M],(c1.#c1.#c2.#g2.f3.b3.#c4.#d4.e4.#f4)[M],(c1.#c1.d1.#d1.e1.#c2.d2.a2.#a2.e3.f3.#f3.g3.#g3.#a3.b3.#c4.f4.#f4)[M],(f1.#f1.c2.#c2.c3.#c3.#f3.#g3.a3.#a3.b3.c4.#c4.d4.#d4.e4.f4.#f4.g4)[M],(#f1.#c3.#a3.#c4.e4.#f4.g4)[M],(f1.c3.a3.b3.c4.#d4.e4.f4.g4)[M],(#f1.#c3.#f3.#a3.e4.#f4)[M],(g1.#g1.b1.a2.#a2.b2.d3.#d3.f3.#f3.g3.a3.#a3.b3.c4.#c4.d4.#d4.f4.#f4.g4)[M],(#d1.g1.#g1.a1.#a1.g2.#g2.#d3.a3.b3.c4.#c4.d4.#d4.e4.f4.#f4.g4)[M],U,(g.g1)[M],(#a.a1.b1.e2.#f2.a2.#c3.d3.#d3.f3.#g3.a3.b3.#c4.d4.#d4.e4.f4.#f4.g4)[M],(a.#c1.d1.#c2.d2.#g2.f4.#f4.g4)[M],(a.#a.c1.a1.#a1.#c2.e2.#g2.a2.d3.#f3.#d4)[M],(f.#f.g1.#g1)[M],(F-2.c1.#f1.g1.#a1.b1.c2.d2.#f2.g2.#g2.e3.a3.#a3.b3.c4.#c4.d4.#d4.e4.f4.#f4.g4)[M],(e.a.e1.#g1.#a1.#c2.d2.e2.b2.#c3.e3.#f3.g3.#g3.a3.#a3.b3.#c4.#d4.e4)[M],(f.b.c1.b1.c2.g2.e3.#f3.g3.#g3.a3.#a3.c4.#c4.f4)[M],(#a1.e2.#g2)[M],(e1.#c2.#d2.g2.#g2.a2.#a2.b2.#c3.d3.e3.f3.#f3.g3.a3.b3.c4.f4)[M],(f1.#f1.g1.e2.f2.#f2.c3.#g3.a3.#a3.c4.d4.#d4.e4.f4.#f4.g4)[M],(A-3.#f1.#c3.#a3.#c4.#d4.e4.#f4)[M],(f1.#f1.g1.#f2.#c3.d3.g3.#a3.b3.c4.#c4.e4.f4.#f4.g4)[M],(a3.c4.d4.#d4)[M],(g1.#g1.g2.d3.#g3.a3.b3.d4.#d4.f4)[M],(#g1.a1.#a1.b1.e3.f3.#f3.#g3.a3.#a3.b3.c4.#c4.d4.#d4.e4.f4.#f4.g4)[M],(e1.g1.#g1.g2.b3)[L],#g3[M],(e1.e4.#f4)[M],(e1.f1.b2.c3.g3.#g3.b3.c4.d4.e4.f4.#f4.g4)[M],(a.#a.c1.#d1.#a1.#c2.d2.e2.a2.#a2.c3.#c3.e3.f3.#f3.g3.a3.b3.d4.#d4.#f4)[M],(#g.#a.b.c1.#g1.a1.#a1.c2.#d2.e2.g2.#g2.a2.b2.c3.#c3.#d3.e3.f3.g3.#a3.b3.#c4.#d4.f4.g4)[M],(#a.b.b1.#c2.#f2.#a2.d3.#d3.e3.#g3.a3.#d4.e4.f4.g4)[M],(#g.a.#g1.a1.#a1.#d2.e2.f2.#g2.a2.c3.#c3.#d3.#f3.g3.a3.#a3.b3.c4.d4.#d4.e4.f4.#f4)[M],(a.#c2.e2.#f2.e3.#a3)[M],(e2.f2.#g2.a2.f3.#d4)[M],#d2[J],(c1.g1.#g1.e2.f3.#f3.b3)[M],(F-1.a.#d1.c2.c3.g3.#g3.d4)[M],(#c1.c2.d2.b2.a3.#a3.c4.#c4.#d4.e4)[M],(#d1.e1.#d2.#a2.b2.f3.g3.#a3.b3.c4.#c4.d4.#d4.e4.#f4)[M],(#C-1.#c1.d1.#d1.f1.#c2.d2.g2.#g2.a2.c3.e3.f3.a3.c4.#d4.f4.#f4)[M],(#C-1.g.#g.#a.b.g1.#a1.b1.c2.d2.e2.f2.g2.#g2.#a2.b2.c3.#c3.d3.#d3.g3.a3.b3.c4.d4.e4.#f4)[M],(#g.b.c1.#c1.#a1.#c2.#d2.e2.f2.g2.#g2.a2.c3.#c3.#d3.e3.f3.#f3.a3.#a3.#c4.#d4)[M],(#a.b.c1.#a1.b1.c2.f2.#f2.#c3.#d3.e3.#f3.g3.#g3.a3.c4.d4.#d4.e4.f4)[M],(g.#g.a.g1.#g1.a1.#d2.e2.a2.c3.#f3.#g3.#a3.c4.#c4.d4.#d4.e4)[M],(#g.a.c1.e4)[M],(d1.#d1.a2.#f3.a3.#a3.b3.c4.#c4.d4.#d4.e4.f4.#f4.g4)[M],(e1.#f1.g1.#f2.d3.g3.#g3.#a3.b3.f4)[M],(f1.#f1.f2.c3.a3.#c4.#d4.#f4)[M],(B-2.f1.#f1.c3.#c3.a3.#a3.c4.#d4.e4.f4)[M],(#F-1.#G-1.A-1.#a.b.#d1.#a1.b1.c2.#c2.e2.f2.#f2.a2.#a2.b2.#c3.d3.#d3.e3.#f3.g3.#g3.a3.d4.#d4.e4.f4)[M],(#F-2.B-2.#f.g.#g.a.f1.g1.#g1.a1.#c2.d2.#d2.f2.#f2.g2.#g2.#a2.b2.c3.#f3.#g3.a3.#a3.b3.#c4.d4.#d4.e4.f4)[M],(A-3.#d.f.a.b1.c2.e2)[M],(E-2.#G-1.#f.g.#a.e1.#f1)[M],(#G-2.#G-1.g.a.a1.#a1.e2.f2.#c3.g3.a3.b3.c4.#c4.d4.#d4.e4.f4.#f4)[M],(G-1.#a.a1.#a1.f2.#g3.a3.b3.c4.#c4.d4.#d4.e4.f4.#f4.g4)[M],(C-1.G-1.d3.g3.#g3.d4.#d4.e4.#f4.g4)[M],(F-1.#A-1.g.d2.g2.a2.b2.c3.#c3.d3.#d3.e3.f3.#f3)[M],(e.#f.#c1.b1.e2.f2.g2.#g2.a2.b2.c3.d3)[M],(#g.a.#g1.a1.#d2.e2.a2.c3.e3.f3.#f3.c4.#c4.d4)[M],(d1.#a1.#c2.f2.g2.#g2.c3.d3.e3.f3.#f3.g3.#g3.a3.#a3.b3.c4.#d4.e4)[M],(#d1.e1.f1.e2.#a2.b2.g3.#g3.#a3.#c4.#d4.e4.f4.#f4)[M],(#d1.e1.#d2.#a2.g3.#a3.#c4.#d4.f4.g4)[M],(#d1.#a3.c4.e4.g4)[M],(B-2.#d1.e1.#d2.e2.#a2.b2.g3.#g3.#a3.b3.#c4.#d4.e4.f4.#f4)[M],(#A-2.d1.a2.#f3.a3.b3.c4.d4.e4.#f4)[M],(#A-2.F-1.c1)[M],(#F-2.b)[M],(B-1.a2.#a2.b2.#d3)[M],(#D-2.C-1.#d1.f1.g1.c2.#d2.f2.#f2.a2.#a2.b2.c3.d3.e3.f3.#f3.g3.#g3.a3.#a3.b3.c4.#c4.d4.#d4.e4.f4)[M],(e1.a1.#d2.f2.c3.d3.e4.f4)[M],(g.#a.#f1.g1.#g1.a1.#a1.d2.#d2.e2.a2.#c3.e3.g3.#g3.a3.b3.#d4.#f4)[M],(a.c1.a1.b1.c2.f2.#f2.g2.a2.d3.e3.#f3.#g3.#a3.d4.#d4.e4)[M],(#g.a.#a.#g1.a1.#a1.#d2.f2.#g2.#a2.c3.#c3.d3.#d3.e3.e4.#f4.g4)[M],(#g.g1.a1.#d2.e2.g2.#g2.a2.#a2.b2.c3.d3.#d3.f3.#f3.#a3.b3.#c4.d4.#d4.g4)[M],(e.g.e1.f1.g1.b1.c2.f2.#g2.c3.d3.#d3.g3.#g3)[M],(e.f.a.a1.#a1.f2.a2.#c3.#d3.e3.g4)[M],(#a.b.#a1.b1.#c2.e2.f2.#f2.g2.#g2.#a2.b2.#c3.f4.#f4)[M],TU,(a3.#d4.f4.#f4)[M],(b.c1.#c1.d1.e1.#g1.b1.c2.#f2.g2.a2.#a2.b2.c3.#d3.e3.#f3.g3.a3.b3.c4.d4.e4.#f4)[M],(g.a.#a.#f1.g1.a1.#a1.d2.f2.g2.b2.d3.#d3.f3.#f3.#g3.e4)[M],(b.c1.#a1.b1.c2.f2.#f2.g2.a2.b2.#c3.#d3.f4.#f4)[M],(f.#f.f1.#f1.#a1.c2.#c2.d2.e2.#g2.#d3.e3.f3.e4.#f4)[M],(E-1.F-1.#c1.d1.g1.a1.c2.#c2.d2.e2.f2.g2.#g2.#a2.b2.c3.#c3.#d3.e3.#f3.g3.a3.#a3.b3.c4.#c4.d4.#d4.e4.f4.#f4.g4)[M],(A-1.d1.#d1.d2.#d2.a2.#c3.#d3.e3.#f3.g3.#g3.#a3.#c4.d4.#d4.e4.f4.#f4)[M],(a.b.c1.b1.c2.d2.#d2.f2.#f2.g2.#g2.a2.#a2.b2.c3.#c3.d3.#d3.e3.f3.#f3.#g3.a3.#a3.c4.f4.g4)[M],(A-3.G-2.d.#a.#c1.d1.#d1.e1.#f1.a1.b1.#d2.g2.#g2.a2.#a2.b2.c3.#c3.d3.f3.#f3.g3.#a3.b3.#c4.d4)[M];"],"id":3,"instruments":["piano","piano"],"alternatives":["",""]}]}