{"baseBpm":73,"musics":[{"id":1,"baseBeats":0.1875,"scores":["d2[L],d2[L],f2[L],c2[L],f2[L],3<d2[MN]>,UW,d2[L],f2[L],3<d2[MN]>,VW,C-1[NO],C-1[NO],C-1[NO],C-1[NO],c2[L],3<a1[MN]>,VW,C-1[NO],C-1[NO],C-1[NO],C-1[NO],g1[L],g1[L],a1[L],f1[L],a1[L],3<g1[MN]>,UW,g1[L],a1[L],3<f1[MN]>,VW,C-1[NO],C-1[NO],C-1[NO],C-1[NO],e1[L],3<d1[MN]>,VW,C-1[NO],C-1[NO],C-1[NO],C-1[NO];d2[L],d2[L],f2[L],c2[L],f2[L],3<d2[MN]>,UW,d2[L],f2[L],3<d2[MN]>,VW,C-1[NO],C-1[NO],C-1[NO],C-1[NO],c2[L],3<a1[MN]>,VW,C-1[NO],C-1[NO],C-1[NO],C-1[NO],g1[L],g1[L],a1[L],f1[L],a1[L],3<g1[MN]>,UW,g1[L],a1[L],3<f1[MN]>,VW,C-1[NO],C-1[NO],C-1[NO],C-1[NO],d1[L],3<a1[MN]>,VW,C-1[NO],C-1[NO],5<C-1[NO]>,C-1[NO],C-1[NO],5<C-1[NO]>,C-1[NO],C-1[NO],5<C-1[NO]>,C-1[NO],C-1[NO],5<C-1[NO]>,d2[L],c2[L],3<a1[MN]>,UW,d2[L],c2[L],3<a1[MN]>,UW,d1[L],e1[L],3<f1[MN]>,VW,C-1[NO],C-1[NO],C-1[NO],C-1[NO],C-1[NO],C-1[NO],C-1[NO],C-1[NO],C-1[NO],C-1[NO],C-1[NO],C-1[NO];"]},{"id":2,"baseBeats":0.1875,"scores":["d2[L],c2[L],3<a1[MN]>,UW,d2[L],c2[L],3<a1[MN]>,UW,f1[L],e1[L],3<d1[MN]>,VW,C-1[NO],C-1[NO],C-1[NO],C-1[NO],C-1[NO],C-1[NO],C-1[NO],C-1[NO],C-1[NO],C-1[NO],C-1[NO],C-1[NO];d2[L],c2[L],3<a1[MN]>,UW,d2[L],c2[L],3<a1[MN]>,UW,d1[L],f1[L],3<a1[MN]>,VW,C-1[NO],C-1[NO],C-1[NO],C-1[NO],C-1[NO],C-1[NO],C-1[NO],C-1[NO],C-1[NO],C-1[NO],C-1[NO],C-1[NO];d2[L],c2[L],3<a1[MN]>,UW,f1[L],g1[L],3<a1[MN]>,UW,f1[L],e1[L],3<d1[MN]>,VW,5<C-1[NO]>,5<C-1[NO]>,5<C-1[NO]>,5<C-1[NO]>,8<(d3~c3~b2~a2~g2~f2~e2~d2~c2~b1~a1~g1~f1~e1~d1~c1~b~a~g~f~e~d~c)[KL]>;d1[L],c2[L],3<a1[MN]>,UW,3<c2[MN]>,UW,a1[L],d2[L],c2[L],d2[L],a1[L],c2[L],d1[L],#a1[L],3<a1[MN]>,VW,5<C-1[NO]>,5<C-1[NO]>,f1[L],e1[L],3<d1[MN]>,VW,C-1[NO],C-1[NO],C-1[NO],C-1[NO],C-1[NO],C-1[NO],C-1[NO],C-1[NO],C-1[NO],C-1[NO],C-1[NO],C-1[NO];d1[L],e1[L],3<e1[MN]>,UW,3<f1[MN]>,UW,e1[NO],VX,f1[NO],VX,f1[NO],VX,e1[NO],VX,e1[NO],VX,e1[NO],VX,e1[NO],VX,f1[NO],VX,3<a[NM]>,UW,a[L],f1[L],3<d1[MN]>,VW,C-1[NO],C-1[NO],C-1[NO],C-1[NO],C-1[NO],C-1[NO],C-1[NO],C-1[NO],C-1[NO],C-1[NO],C-1[NO],C-1[NO];c2[K],3<a1[MN]>,VW,C-1[NO],C-1[NO],C-1[NO],C-1[NO],a1[L],c2[K],f1[K],"]},{"id":3,"baseBeats":0.1875,"scores":["3<d1[MN]>,VW,C-1[NO],C-1[NO],C-1[NO],C-1[NO],C-1[NO],C-1[NO],C-1[NO],C-1[NO],C-1[NO],C-1[NO],C-1[NO],C-1[NO];3<d1[MN]>,UW,3<d1[MN]>,VW,C-1[NO],C-1[NO],C-1[NO],C-1[NO],a1[L],c2[K],3<#a1[MN]>,UW,3<a1[MN]>,VW,C-1[NO],C-1[NO],C-1[NO],C-1[NO],C-1[NO],C-1[NO],C-1[NO],C-1[NO],C-1[NO],C-1[NO],C-1[NO],C-1[NO];3<a1[MN]>,UW,3<a1[MN]>,VW,C-1[NO],C-1[NO],C-1[NO],C-1[NO],d2[L],f2[K],e2[K],3<d2[MN]>,VW,C-1[NO],C-1[NO],C-1[NO],C-1[NO],C-1[NO],C-1[NO],C-1[NO],C-1[NO],C-1[NO],C-1[NO],C-1[NO],C-1[NO];d2[K],3<d2[MN]>,VW,C-1[NO],C-1[NO],C-1[NO],C-1[NO],d2[L],f2[K],d2[K],a1[K],f1[L],g1[L],a1[K],f1[K],3<e1[MN]>,UW,3<e1[MN]>,UW,3<e1[MN]>,UW,e1[L],e1[L],f1[L],a1[K],f1[K],d1[K],d1[M],UV,3<d1[MN]>,VW,C-1[NO],C-1[NO],C-1[NO],C-1[NO],C-1[NO],C-1[NO],C-1[NO],C-1[NO],C-1[NO],C-1[NO],C-1[NO],C-1[NO];d1[L],c2[L],3<a1[MN]>,UW,3<c2[MN]>,UW,a1[L],d2[L],c2[L],d2[L],a1[L],c2[L],d1[L],c2[L],3<g1[MN]>,VW,f2[L],e2[L],(d1.d2)[J],C-1[NO],C-1[NO],C-1[NO],C-1[NO],C-1[NO],C-1[NO],C-1[NO],C-1[NO],C-1[HH],"]}]}