{"baseBpm":40,"demo":null,"audition":{"start":[0,2],"end":[0,41]},"musics":[{"baseBeats":0.25,"measureBeats":4,"scores":["9<(#f2.d2.a1)[J]>,9<b1[J]>;b[L],b2[M],g2[M],5<(e1.b1.#f2)[N],e2[N]>,d2[M],#c2[M],d2[M],9<(e1.a1.#c2)[K]>,b1[L],a1[L];a2[L],(#d1.c2)[M],b1[M],c2[L],(e1.a2)[M],c2[M],(#f1.b1)[M],#f2[M],c2[M],b1[M],e2[M],#d2[M],a2[M],g2[M];(e1.b1.g2)[L],(b.e2)[M],d2[M],e2[M],#f2[M],(e1.g2)[M],e2[M],(e1.a1)[M],e2[M],b1[M],a1[M],d2[M],#c2[M],g2[M],#f2[M];","(d.D-1)[L],(d.d1)[L],(#c.#c1)[L],(#C-1.#c)[L],(B-2.B-1)[L],(B-1.b)[L],(A-1.a)[L],(A-2.A-1)[L];(G-2.G-1)[L],(G-1.g)[L],(#G-1.#g)[L],(#G-2.#G-1)[L],(A-2.A-1)[L],(A-1.a)[L],(G-1.g)[L],(G-2.G-1)[L];(#F-2.#F-1)[L],(#F-1.#f)[L],(E-1.e)[L],(E-2.E-1)[L],(#D-2.#D-1)[L],(#D-1.#d)[L],(B-2.B-1)[L],(B-1.b)[L];(E-2.E-1)[L],(E-1.e)[L],(D-1.d)[L],(D-2.D-1)[L],(#C-2.#C-1)[L],(#C-1.#c)[L],(A-2.A-1)[L],(A-1.a)[L];"],"instruments":["piano","piano"],"alternatives":["",""],"id":1,"bpm":40},{"baseBeats":0.25,"measureBeats":4,"scores":["9<(d1.a1.#f2)[KL]>,(e1.#g2)[M],a2[M],(#f1.d2)[L],5<(d1.#g1.d2)[N],e2[N]>,(a1.#f2)[M],(b.b1)[M],e2[M],(e1.#g1.e2)[M],d2[M];(a1.#c2)[M],b1[M],5<(#f1.a1.b1)[N],#c2[N]>,d2[M],b[L],(e1.#g1.#c2)[M],b1[M],9<(#c1.e1.a1)[J]>;9<(#f2.d2.a1)[J]>,9<b1[J]>;b[L],b2[M],g2[M],5<(e1.b1.d2.#f2)[N],e2[N]>,d2[M],#c2[M],d2[M],9<(e1.a1.#c2)[K]>,b1[L],a1[L];","(D-1.d)[L],(d.d1)[L],(#c.#c1)[L],(#C-1.#c)[L],(B-2.B-1)[L],(B-1.b)[L],(#G-1.#g)[L],(E-1.e)[L];(A-1.a)[L],(D-1.d)[L],(E-1.e)[L],(E-2.E-1)[L],(A-2.A-1)[M],(B-2.B-1)[M],(#C-1.#c)[M],(D-1.d)[M],(E-1.e)[M],(G-1.g)[M],(#F-1.#f)[M],(E-1.e)[M];(d.D-1)[L],(d.d1)[L],(#c.#c1)[L],(#C-1.#c)[L],(B-2.B-1)[L],(B-1.b)[L],(A-1.a)[L],(A-2.A-1)[L];(G-2.G-1)[L],(G-1.g)[L],(#G-1.#g)[L],(#G-2.#G-1)[L],(A-2.A-1)[L],(A-1.a)[L],(G-1.g)[L],(G-2.G-1)[L];"],"instruments":["piano","piano"],"alternatives":["",""],"id":2,"bpm":40},{"baseBeats":0.25,"measureBeats":4,"scores":["a2[L],(#d1.c2)[M],b1[M],c2[L],(e1.a2)[M],c2[M],(#f1.b1)[M],#f2[M],c2[M],b1[M],e2[M],#d2[M],a2[M],g2[M];(e1.b1.g2)[L],(b.e2)[M],d2[M],e2[M],#f2[M],(e1.g2)[M],e2[M],(e1.a1)[M],e2[M],b1[M],a1[M],d2[M],#c2[M],g2[M],#f2[M];9<(d1.a1.#f2)[KL]>,(e1.#g2)[M],a2[M],(#f1.d2)[L],5<(d1.#g1.d2)[N],e2[N]>,(a1.#f2)[M],(b.b1)[M],e2[M],(e1.#g1.e2)[M],d2[M];(a1.#c2)[M],b1[M],5<(#f1.a1.b1)[N],#c2[N]>,d2[M],b[L],(e1.#g1.#c2)[M],b1[M],(#c1.e1.a1)[J];","(#F-2.#F-1)[L],(#F-1.#f)[L],(E-1.e)[L],(E-2.E-1)[L],(#D-2.#D-1)[L],(#D-1.#d)[L],(B-2.B-1)[L],(B-1.b)[L];(E-2.E-1)[L],(E-1.e)[L],(D-1.d)[L],(D-2.D-1)[L],(#C-2.#C-1)[L],(#C-1.#c)[L],(A-2.A-1)[L],(A-1.a)[L];(D-1.d)[L],(d.d1)[L],(#c.#c1)[L],(#C-1.#c)[L],(B-2.B-1)[L],(B-1.b)[L],(#G-1.#g)[L],(E-1.e)[L];(A-1.a)[L],(D-1.d)[L],(E-1.e)[L],(E-2.E-1)[L],(A-2.A-1)[J];"],"instruments":["piano","piano"],"alternatives":["",""],"id":3,"bpm":24}]}