{"baseBpm":90,"musics":[{"bpm":90,"baseBeats":0.25,"scores":["c[LM],c[M],c[M],c[M],c[LM],c[M],c[M],c[M],c[LM],c[M],c[M],c[M],c[MN],c[MN],c[MN],c[MN],(c.g)[LM],(c.g)[M],(c.d1.g)[M],(c.#d1.#g)[M],(c.g1.c1)[LM],(c.g)[M],(c.d1.g)[M],(c.#d1.#g)[M],(c.#g1.#c1)[LM],(c.#g)[M],(c.d1.#g)[M],(c.#d1.#g)[M],(c.#a1.#d1)[MN],c[MN],(c.#g1.#c1)[MN],c[MN],(c.d1.g)[LM],(c.g)[M],(c.d1.g)[M],(c.#d1.#g)[M],(c.g1.c1)[LM],(c.g)[M],(c.d1.g)[M],(c.#d1.#g)[M],(c.#g1.#c1)[LM],(c.#g)[M],(c.d1.#g)[M],(c.#d1.#g)[M],(c.#a1.#d1)[MN],c[MN],(c.#g1.#c1)[MN],c[MN],(c.g1.c1)[LM],c[M],c[M],c[M],c[LM],c[M],c[M],c[M],(c.d1.g)[LM],c[M],c[M],c[M],c[MN],c[MN],c[MN],c[MN],(c.g)[LM],(c.g)[M],(c.d1.g)[M],(c.#d1.#g)[M],(c.g1.c1)[LM],(c.g)[M],(c.d1.g)[M],(c.#d1.#g)[M],(c.#g1.#c1)[LM],(c.#g)[M],(c.d1.#g)[M],(c.#d1.#g)[M],(c.#a1.#d1)[MN],c[MN],(c.#g1.#c1)[MN],c[MN],(c.d1.g)[LM],(c.g)[M],(c.d1.g)[M],(c.#d1.#g)[M],(c.g1.c1)[LM],(c.g)[M],(c.d1.g)[M],(c.#d1.#g)[M],"],"id":1},{"bpm":90,"baseBeats":0.25,"scores":["(c.#g1.#c1)[LM],(c.#g)[M],(c.d1.#g)[M],(c.#d1.#g)[M],(c.#a1.#d1)[MN],c[MN],(c.#d1.#g)[MN],c[MN],(c.g1.c1)[LM],c[M],c[M],c[M],c[LM],c[M],c[M],c[M],(c.#g1.#c1)[LM],c[M],c[M],c[M],c[MN],c[MN],c[MN],c[MN],(#c.c2.f1)[LM],#c[M],#c[M],#c[M],(#c.#a1.#d1)[LM],#c[M],#c[M],#c[M],(#c.g1.c1)[LM],#c[M],#c[M],#c[M],(#c.f1.#a)[MN],#c[MN],#c[MN],#c[MN],(d.d1.a)[LM],d[M],d[M],d[M],d[LM],d[M],d[M],d[M],(d.#a.d1)[LM],d[M],d[M],d[M],(d.a)[MN],d[MN],d[MN],d[MN],(c.g)[LM],(c.g)[M],(c.d1.g)[M],(c.#d1.#g)[M],(c.g1.c1)[LM],(c.g)[M],(c.d1.g)[M],(c.#d1.#g)[M],(c.#g1.#c1)[LM],(c.#g)[M],(c.d1.#g)[M],(c.#d1.#g)[M],(c.#a1.#d1)[MN],c[MN],(c.#g1.#c1)[MN],c[MN],(c.d1.g)[LM],(c.g)[M],(c.d1.g)[M],(c.#d1.#g)[M],(c.g1.c1)[LM],(c.g)[M],(c.d1.g)[M],(c.#d1.#g)[M],(c.#g1.#c1)[LM],(c.#g)[M],(c.d1.#g)[M],(c.#d1.#g)[M],(c.#a1.#d1)[MN],c[MN],(c.#g1.#c1)[MN],c[MN],"],"id":2},{"bpm":90,"baseBeats":0.25,"scores":["(c.g1.c1)[LM],c[M],c[M],c[M],c[LM],c[M],c[M],c[M],(c.d1.g)[LM],c[M],c[M],c[M],c[MN],c[MN],c[MN],c[MN],(c.g)[LM],(c.g)[M],(c.d1.g)[M],(c.#d1.#g)[M],(c.g1.c1)[LM],(c.g)[M],(c.d1.g)[M],(c.#d1.#g)[M],(c.#g1.#c1)[LM],(c.#g)[M],(c.d1.#g)[M],(c.#d1.#g)[M],(c.#a1.#d1)[MN],c[MN],(c.#g1.#c1)[MN],c[MN],(c.d1.g)[LM],(c.g)[M],(c.d1.g)[M],(c.#d1.#g)[M],(c.g1.c1)[LM],(c.g)[M],(c.d1.g)[M],(c.#d1.#g)[M],(c.#g1.#c1)[LM],(c.#g)[M],(c.d1.#g)[M],(c.#d1.#g)[M],(c.#a1.#d1)[MN],c[MN],(c.#d1.#g)[MN],c[MN],(c.g1.c1)[LM],c[M],c[M],c[M],c[LM],c[M],c[M],c[M],(c.#g1.#c1)[LM],c[M],c[M],c[M],c[MN],c[MN],c[MN],c[MN],(#c.c2.f1)[LM],#c[M],#c[M],#c[M],(#c.#a1.#d1)[LM],#c[M],#c[M],#c[M],(#c.g1.c1)[LM],#c[M],#c[M],#c[M],(#c.f1.#a)[MN],#c[MN],#c[MN],#c[MN],(d.d1.a)[LM],d[M],d[M],d[M],d[LM],d[M],d[M],d[M],(d.#a.d1)[LM],d[M],d[M],d[M],(d.a)[MN],d[MN],d[MN],d[MN],"],"id":3}],"audition":{"start":[0,0],"end":[1,0]}}