{"baseBpm":210,"musics":[{"bpm":210,"baseBeats":0.75,"scores":["mute[JK],mute[JK],mute[JK],mute[JK],mute[JM],mute[LM],mute[JM],5<UV>,mute[JM],mute[LM],mute[JK],mute[JK],mute[JK],mute[JM],mute[LM],mute[JK],mute[JK],mute[KL],mute[KL],mute[KL],mute[KL],mute[JLM],5<UV>,mute[KLM],mute[LM],mute[JK],mute[JK],mute[JK],mute[JM],mute[LM],mute[JM],5<UV>,mute[JMO],mute[LM],mute[JKNOP],mute[IJK],","b[JK],(B-2.#f1)[JK],(B-1.b.#d1.a)[JK],(E-1.e1)[JK],(e.b.#g.#g1)[JM],a1[LM],(#D-1.#a1)[JM],b1[M],b1[M],#d2[M],(#d.b.#f1.#c2)[JM],b1[LM],(#C-1.#g1)[JK],(#g.#c1.#c.e2.e1)[JK],#f1[JK],(#c.e1.#f1.#a)[JM],#f1[LM],(B-1.e1.#f1.b)[JK],(#A-1.e1.#f1.#c1)[JK],#g1[KL],#f1[KL],(#f.a.B-1.e1.#c1)[KL],(#d1.#f1)[KL],(E-1.#g1)[JLM],#g[M],(e.b.#g)[M],e1[M],#c2[KLM],b1[LM],(B-2.#f1)[JK],(B-1.b.#d1.a)[JK],(E-1.e1)[JK],(e.b.#g.#g1)[JM],a1[LM],(#D-1.#a1)[JM],b1[M],b1[M],#d2[M],(#d.b.#f1.#c2)[JMO],b1[LM],(#C-1.#g1)[JKNOP],(#g.#c1.#c.e2.e1)[IJK],"],"id":1,"instruments":["piano","piano"],"alternatives":["",""]},{"bpm":210,"baseBeats":0.75,"scores":["mute[JK],mute[JM],mute[LM],mute[JK],mute[JK],mute[JM],mute[LM],mute[JM],mute[LM],mute[JK],mute[JK],mute[JK],mute[JM],5<UV>,mute[JK],mute[KL],mute[KL],mute[JK],mute[JM],mute[LM],mute[JM],mute[LM],mute[JK],mute[JK],mute[JM],5<UV>,mute[JK],mute[KL],mute[KL],mute[JK],mute[JM],mute[LM],mute[JM],mute[LM],","#f1[JK],(#c.#a.#f1.e1)[JM],#f1[LM],(B-1.b.#f1.e1)[JK],(#A-1.#c1.#f1.e1)[JL],#f1[M],#g1[M],(B-2.#f1)[JM],f1[LM],(B-1.b.#d1.a.#f1)[JM],#g1[LM],(E-1.e1)[JK],(e.b.#g)[JK],(#G-1.b1)[JK],(#d.b.#g1.#d1.#c2)[JM],#d2[M],#d2[M],#f2[M],(G-1.e2)[JK],(#d.#c1.#d1.#a1)[KL],#d2[KL],(#G-1.#g1)[JK],(#d.b.#d1.#a1)[JM],b1[LM],(#D-1.#c2)[JM],#d2[LM],(#a.#d1.#d.#c1.g1.#c2)[JK],(#G-1.b1)[JK],(#d.b.#g1.#d1.#c2)[JM],#d2[M],#d2[M],#f2[M],(G-1.e2)[JK],(#d.#c1.#d1.#a1)[KL],#d2[KL],(#G-1.#g1)[JK],(#d.b.#a1.#d1)[JM],b1[LM],(B-2.a1.#c2)[JM],#d2[LM],"],"id":2,"instruments":["piano","piano"],"alternatives":["",""]},{"bpm":210,"baseBeats":0.75,"scores":["mute[JK],mute[JK],mute[JK],mute[JK],mute[JM],mute[LM],mute[JM],5<UV>,mute[JM],mute[LM],mute[JK],mute[JK],mute[JK],mute[JM],mute[LM],mute[JK],mute[JK],mute[KL],mute[KL],mute[KL],mute[KL],mute[JLM],5<UV>,mute[KLM],mute[LM],mute[JK],mute[JK],mute[JK],mute[JM],mute[LM],mute[JM],5<UV>,mute[JMO],mute[LM],mute[JKNOP],mute[IJK],mute[JK],mute[JM],mute[LM],mute[JK],mute[JK],mute[JL],mute[LM],mute[JLM],mute[LM],mute[JKLM],","(B-1.a.#d1.#c2)[JK],#f1[JK],(B-1.#d1.a)[JK],(E-1.e1)[JK],(e.b.#g.#g1)[JM],a1[LM],(#D-1.#a1)[JM],b1[M],b1[M],#d2[M],(#d.b.#f1.#c2)[JM],b1[LM],(#C-1.#g1)[JK],(#g.#c1.#c.e2.e1)[JK],#f1[JK],(#c.e1.#f1.#a)[JM],#f1[LM],(B-1.e1.#f1.b)[JK],(#A-1.e1.#f1.#c1)[JK],#g1[KL],#f1[KL],(#f.a.B-1.e1.#c1)[KL],(#d1.#f1)[KL],(E-1.#g1)[JLM],#g[M],(e.b.#g)[M],e1[M],#c2[KLM],b1[LM],(B-2.#f1)[JK],(B-1.b.#d1.a)[JK],(E-1.e1)[JK],(e.b.#g.#g1)[JM],a1[LM],(#D-1.#a1)[JM],b1[M],b1[M],#d2[M],(#d.b.#f1.#c2)[JMO],b1[LM],(#C-1.#g1)[JKNOP],(#g.#c1.#c.e2.e1)[IJK],#f1[JK],(#c.#a.#f1.e1)[JM],#f1[LM],(B-1.b.#f1.e1)[JK],(#A-1.e1.#f1.#c1)[JL],#f1[M],#g1[M],(B-2.#f1)[JL],f1[LM],(B-1.b.#f1.a.#d1)[JLM],#g1[LM],(e.b.e1.#g)[JKLM],"],"id":3,"instruments":["piano","piano"],"alternatives":["",""]}],"audition":{"start":[0,0],"end":[1,0]}}