{"baseBpm":218,"musics":[{"id":1,"baseBeats":0.5,"scores":["mute[KNO],mute[KNO],mute[KNO],mute[KNO],mute[KNO],mute[KNO],mute[KNO],mute[KNO],mute[KNO],mute[KNO],mute[KNO],mute[KNO],mute[KNO],mute[KNO],mute[KNO],mute[KNO],mute[KNO],mute[KNO],mute[KNO],mute[KNO],mute[KNO],mute[KNO],mute[KNO],mute[KNO],mute[KNO],mute[KNO],mute[LM],mute[KLO],mute[KNO],mute[KNO],mute[KNO],mute[KNO],mute[LM],mute[KLO],mute[LMN],5<mute[M],mute[M]>,5<mute[M],mute[M]>,5<mute[M],mute[M]>,mute[KNO],mute[KNO],mute[LM],mute[KLO],mute[KNO],mute[KNO],mute[KNO],mute[KNO],mute[LM],mute[KLO],5<mute[M],mute[M]>,5<mute[M],mute[M]>,5<mute[M],mute[M]>,5<mute[M],mute[M]>,5<mute[M],mute[M]>,mute[KNO],mute[KNO],mute[LM],mute[KLO],mute[KNO],mute[KNO],mute[KNO],mute[KNO],mute[LM],mute[KLO],mute[KNO],mute[KNO],mute[KNO],mute[KNO],mute[LM],mute[KLO],mute[KNO],mute[KNO],mute[KNO],mute[KNO],mute[KNO],mute[KNO],mute[KNO],mute[KNO],mute[KNO],mute[KNO],mute[LM],mute[KLO],mute[KNO],mute[KNO],mute[KNO],mute[KNO],mute[LM],mute[KLO],mute[L],5<mute[M],mute[M]>,5<mute[M],mute[M]>,5<mute[M],mute[M]>,5<mute[M],mute[M]>,mute[KNO],mute[KNO],mute[KNO],mute[KNO],mute[KNO],mute[KNO],mute[KNO],mute[KNO],mute[KNO],mute[KNO],mute[LMN],5<mute[M],mute[M]>,5<mute[M],mute[M]>,5<mute[M],mute[M]>,mute[KNO],mute[KNO],mute[LM],mute[KLO],mute[KNO],mute[KNO],mute[KNO],mute[KNO],mute[LM],mute[KLO],mute[KNO],mute[KNO],mute[KNO],mute[KNO],mute[LM],mute[KLO],mute[KNO],mute[KNO],mute[KNO],mute[KNO],mute[JMO],mute[KNO],mute[KNO],mute[KLM],mute[L],mute[JMO],mute[KNO],mute[KNO],mute[JMO],mute[KNO],mute[KNO],mute[KNO],mute[KNO],mute[KLM],mute[L],mute[JMO],mute[KNO],mute[KNO],mute[JMO],mute[KNO],mute[KNO],mute[KNO],mute[KNO],mute[KLM],mute[L],mute[KNO],mute[KNO],mute[KNO],mute[KNO],mute[JMO],mute[KNO],mute[KNO],mute[KNO],mute[KNO],mute[KLM],mute[L],mute[KNO],mute[KNO],mute[KNO],mute[KNO],mute[JMO],mute[KNO],mute[KNO],mute[KNO],mute[KNO],mute[KLM],mute[L],mute[KNO],mute[KNO],mute[KNO],mute[KNO],mute[JMO],mute[KNO],mute[KNO],mute[KNO],mute[KNO],mute[KNO],mute[KNO],mute[KNO],mute[JMO],mute[KNO],mute[KNO],mute[KNO],mute[KNO],mute[KNO],mute[LMN],5<mute[M],mute[M]>,5<mute[M],mute[M]>,5<mute[M],mute[M]>,mute[KNO],mute[KNO],mute[KNO],mute[JMO],mute[KNO],mute[KNO],mute[KNO],mute[KNO],mute[KNO],5<mute[M],mute[M]>,5<mute[M],mute[M]>,5<mute[M],mute[M]>,5<mute[M],mute[M]>,5<mute[M],mute[M]>,mute[KNO],mute[KNO],mute[KNO],mute[KNO],mute[KNO],mute[KNO],mute[KNO],mute[KNO],mute[KNO],mute[KNO],mute[KNO],mute[KNO],mute[KNO],mute[KNO],mute[KNO],mute[KNO],mute[KNO],mute[KNO],mute[KNO],mute[KNO],mute[KNO],mute[KNO],mute[KNO],mute[KNO],mute[KNO],mute[KNO],mute[KNO],mute[JMO],mute[KNO],mute[KNO],mute[KNO],mute[KNO],mute[KNO],mute[L],5<mute[M],mute[M]>,5<mute[M],mute[M]>,5<mute[M],mute[M]>,5<mute[M],mute[M]>,mute[KNO],mute[KNO],mute[KNO],mute[KNO],mute[KNO],mute[KNO],mute[KNO],mute[KNO],mute[KNO],mute[KNO],mute[LMN],5<mute[M],mute[M]>,5<mute[M],mute[M]>,5<mute[M],mute[M]>,mute[KNO],mute[KNO],mute[KNO],mute[KNO],mute[KNO],mute[KNO],mute[KNO],mute[KNO],mute[KNO],mute[KNO],mute[KNO],mute[KNO],mute[KNO],mute[KNO],mute[KNO],mute[KNO],mute[KNO],mute[KNO],mute[KNO],mute[KNO],mute[JMO];","C-1[KNO],G-1[KNO],c[KNO],(#d.g)[KNO],c[KNO],G-1[KNO],C-1[KNO],G-1[KNO],c[KNO],(#d.g)[KNO],c[KNO],G-1[KNO],C-1[KNO],G-1[KNO],c[KNO],(#d.g)[KNO],c[KNO],G-1[KNO],C-1[KNO],G-1[KNO],c[KNO],(#d.g)[KNO],c[KNO],G-1[KNO],(c2.C-1)[KNO],G-1[KNO],c[LM],#d1[NO],g1[NO],(#a1.#d.g)[KNO],c[KNO],G-1[KNO],C-1[KNO],G-1[KNO],c[LM],#d1[NO],g1[NO],(#a1.#d.g)[KNO],c[LMN],(d2~#d2.G-1~d2~c2~b1)[KL],(c2.C-1)[KNO],G-1[KNO],c[LM],#d1[NO],g1[NO],(#a1.#d.g)[KNO],c[KNO],G-1[KNO],C-1[KNO],G-1[KNO],c[LM],#d1[NO],g1[NO],(#a1.#d.g)[KNO],(c~d2~#d2)[K],(d2~c2.G-1~#a1~#g1~g1)[KL],(f1.C-1)[KNO],#G-1[KNO],c[LM],f[NO],c1[NO],(f1.#g)[KNO],c[KNO],#G-1[KNO],C-1[KNO],#G-1[KNO],c[LM],f[NO],c1[NO],(f1.#g)[KNO],c[KNO],#G-1[KNO],C-1[KNO],#G-1[KNO],c[LM],f[NO],c1[NO],(f1.#g)[KNO],c[KNO],#G-1[KNO],C-1[KNO],#G-1[KNO],c[KNO],#g[KNO],c[KNO],#G-1[KNO],(c2.C-1)[KNO],G-1[KNO],c[LM],#d1[NO],g1[NO],(#a1.#d.g)[KNO],c[KNO],G-1[KNO],C-1[KNO],G-1[KNO],c[LM],#d1[NO],g1[NO],(#a1.#d.g)[KNO],c[L],(d2~#d2~d2.G-1)[K],(c2~#a1~#g1)[K],(g1.C-1)[KNO],G-1[KNO],d[KNO],(b.d1.f.g)[KNO],d[KNO],G-1[KNO],C-1[KNO],G-1[KNO],d[KNO],(b.d1.f.g)[KNO],d[LMN],(f1~g1.G-1~f1~#d1~d1)[KL],(c1.C-1)[KNO],#G-1[KNO],#d[LM],c[NO],#f[NO],(c1.#g)[KNO],#d[KNO],#G-1[KNO],C-1[KNO],#G-1[KNO],#d[LM],c[NO],#f[NO],(c1.#g)[KNO],#d[KNO],#G-1[KNO],C-1[KNO],G-1[KNO],#d[LM],c[NO],g[NO],c1[KNO],#d[KNO],G-1[KNO],C-1[KNO],G-1[KNO],#d[JMO],C-1[KNO],D-1[KNO],#D-1[KLM],D-1[L],C-1[JMO],#A-2[KNO],#G-2[KNO],G-2[JMO],G-2[KNO],g[KNO],C-1[KNO],D-1[KNO],#D-1[KLM],D-1[L],C-1[JMO],#A-2[KNO],#G-2[KNO],G-2[JMO],G-2[KNO],g[KNO],C-1[KNO],D-1[KNO],(g.#D-1.G-1)[KLM],D-1[L],C-1[KNO],#g[KNO],#A-2[KNO],#G-2[KNO],(#a.G-2)[JMO],G-2[KNO],b[KNO],C-1[KNO],D-1[KNO],(g.#D-1)[KLM],D-1[L],C-1[KNO],#g[KNO],#A-2[KNO],#G-2[KNO],(#a.G-2)[JMO],G-2[KNO],b[KNO],(C-1.c)[KNO],(D-1.d)[KNO],(g.g1.#D-1.#d)[KLM],(D-1.d)[L],(C-1.c)[KNO],(#g.#g1)[KNO],(#A-2.#A-1)[KNO],(#G-2.#G-1)[KNO],(#a.#a1.G-2.G-1)[JMO],(G-2.G-1)[KNO],(b.b1)[KNO],(G-1.g)[KNO],(G-2.G-1)[KNO],(c1.#D-2.#D-1)[KNO],g[KNO],c1[KNO],(#d1.g1)[JMO],c2[KNO],(#d2.g2)[KNO],g2[KNO],c3[KNO],(#d3.g3)[KNO],g[LMN],(d1~#d1.G-1~d1~c1~b)[KL],(c1.C-1.c)[KNO],g[KNO],c1[KNO],(#d1.g1)[JMO],c2[KNO],(#d2.g2)[KNO],g2[KNO],c3[KNO],(#d3.g3)[KNO],(c~d1~#d1)[K],(d1~c1.#D-1~#a~#g~g)[KL],(f.C-1.#G-1.c)[KNO],#g[KNO],c1[KNO],(f1.#g1.f)[KNO],#g1[KNO],c2[KNO],(f2.#g2)[KNO],#g2[KNO],c3[KNO],(f3.#g3.f)[KNO],c3[KNO],#g2[KNO],(f2.#g2)[KNO],c2[KNO],#g1[KNO],(#g2.c3)[KNO],f2[KNO],c2[KNO],(f1.#g1)[KNO],c1[KNO],#g[KNO],(#g1.c2)[KNO],f1[KNO],c1[KNO],(c1.C-2.C-1)[KNO],G-1[KNO],c[KNO],(#d.g)[JMO],c1[KNO],(#d1.g1)[KNO],g1[KNO],c2[KNO],(#d2.g2)[KNO],(c.#d)[L],(d1~#d1~d1.G-1)[K],(c1~#a~#g)[K],(g.C-2.C-1)[KNO],G-1[KNO],d[KNO],b[KNO],d1[KNO],b1[KNO],g2[KNO],b1[KNO],d1[KNO],b[KNO],d[LMN],(f~g.G-1~f~#d~d)[KL],(c.C-2.C-1)[KNO],#G-1[KNO],#d[KNO],#f[KNO],#d[KNO],#G-1[KNO],c[KNO],#g[KNO],#d1[KNO],#f1[KNO],#d1[KNO],#g[KNO],g1[KNO],#d1[KNO],g[KNO],g2[KNO],#d2[KNO],g1[KNO],#d1[KNO],g[KNO],c[JMO];"]},{"id":2,"baseBeats":0.5,"scores":["mute[L],mute[L],mute[L],mute[L],mute[L],mute[L],mute[L],mute[L],mute[L],mute[L],mute[K],mute[L],mute[L],mute[L],mute[L],mute[L],mute[L],mute[L],mute[L],mute[L],mute[L],mute[K],mute[L],mute[L],mute[L],mute[L],mute[L],mute[L],mute[L],mute[L],mute[L],mute[L],mute[K],mute[L],mute[L],mute[L],mute[L],mute[L],mute[L],mute[L],mute[L],mute[L],mute[L],mute[K],mute[L],mute[L],mute[L],mute[L],mute[L],mute[L],mute[L],mute[L],mute[L],mute[L],mute[K],mute[L],mute[L],mute[L],mute[L],mute[L],mute[L],mute[L],mute[L],mute[L],mute[L],mute[K],mute[L],mute[L],mute[L],mute[L],mute[L],mute[L],mute[L],mute[L],mute[L],mute[L],mute[K],mute[L],mute[L],mute[L],mute[L],mute[L],mute[L],mute[L],mute[L],mute[L],mute[L],mute[K],mute[L],mute[L],mute[L],mute[L],mute[L],mute[L],mute[L],mute[L],mute[L],mute[L],mute[K],mute[L],mute[L],mute[L],mute[L],mute[L],mute[L],mute[L],mute[L],mute[L],mute[L],mute[K],mute[L],mute[L],mute[L],mute[L],mute[K],mute[K],mute[K],mute[K],mute[K],mute[K],mute[K],mute[KN],mute[KM],mute[JLNO],mute[L],mute[L],mute[L],mute[L],mute[L],mute[KO],mute[KO],mute[KO],mute[KO],mute[KO],mute[KO],mute[KN],mute[KM],mute[KMN],mute[JO],mute[L],mute[L],mute[L],mute[L],mute[LN],mute[LN],mute[LN],mute[L],mute[L],mute[L],mute[L],mute[L],mute[L],mute[L],mute[L],mute[L],mute[L],mute[L],mute[L],mute[L],mute[L],mute[L],mute[L],mute[L],mute[L],mute[L],mute[L],mute[L],mute[L],mute[L],mute[L],mute[L],mute[L],mute[L],mute[L],mute[L],mute[L],mute[L],mute[L],mute[L],mute[L],mute[L],mute[L],mute[L],mute[L],mute[L],mute[L],mute[L],mute[L],mute[L],mute[L],mute[L],mute[L],mute[L],mute[L],mute[L],mute[L],mute[L],mute[L],mute[L],mute[L],mute[KO],mute[KO],mute[KO],mute[KO],mute[KO],mute[KO],mute[KN],mute[KM],mute[KMN],mute[JL],mute[L],mute[L],mute[L],mute[LN],mute[LN],mute[LN],mute[KO],mute[KO],mute[KO],mute[KO],mute[KO],mute[KO],mute[KN],mute[KM],mute[KMN],mute[JKO],mute[L],mute[L],mute[LN],mute[LN],mute[L],mute[L],mute[L],mute[L],mute[L],mute[L],mute[L],mute[L],mute[L],mute[L],mute[L],mute[L],mute[L],mute[KO],mute[L],mute[L],mute[L],mute[L],mute[L],mute[L],mute[L],mute[L],mute[L],mute[L],mute[L],mute[KO],mute[L],mute[L],mute[LN],mute[LNO],mute[LNO],mute[LMO],mute[LMO],mute[LMN],mute[K],mute[KN],mute[IKN];","C-1[L],G-1[L],D-1[L],G-1[L],#D-1[L],G-1[L],D-1[L],G-1[L],C-1[L],G-1[L],(g.g1)[K],#A-2[L],G-1[L],#G-2[L],G-1[L],G-2[L],G-1[L],G-2[L],G-1[L],G-2[L],G-1[L],(g1.g2)[K],C-1[L],G-1[L],D-1[L],G-1[L],#D-1[L],G-1[L],D-1[L],G-1[L],C-1[L],G-1[L],(g.g1)[K],#A-2[L],G-1[L],#G-2[L],G-1[L],G-2[L],G-1[L],G-2[L],G-1[L],G-2[L],G-1[L],(g1.g2)[K],C-1[L],G-1[L],D-1[L],G-1[L],#D-1[L],G-1[L],D-1[L],G-1[L],C-1[L],G-1[L],(#g.#g1)[K],#A-2[L],G-1[L],#G-2[L],G-1[L],(#a.#a1.g1.G-2)[L],G-1[L],G-2[L],G-1[L],G-2[L],G-1[L],(b.b1)[K],C-1[L],G-1[L],D-1[L],G-1[L],(g2.#D-1)[L],G-1[L],D-1[L],G-1[L],C-1[L],G-1[L],(#g.#g1)[K],#A-2[L],G-1[L],#G-2[L],G-1[L],(#a.#a1.g1.G-2)[L],G-1[L],G-2[L],G-1[L],G-2[L],G-1[L],(b.b1)[K],C-1[L],G-1[L],D-1[L],G-1[L],(g2.#D-1)[L],G-1[L],D-1[L],G-1[L],C-1[L],G-1[L],(#g1.g2.#g2)[K],#A-2[L],G-1[L],#G-2[L],G-1[L],(#a1.g2.#a2.G-2)[L],G-1[L],G-2[L],G-1[L],G-2[L],G-1[L],(b1.g2.b2)[K],G-1[L],F-1[L],#D-1[L],D-1[L],(c2.c3.C-1.c)[K],(g.c1.#d1.G-1.c.#d)[K],(g.c1.#d1.G-1.c.#d)[K],(g.c1.#d1.G-1.c.#d)[K],(c1.#d1.g1.c.#d.g)[K],(c1.#d1.g1.c.#d.g)[K],(c1.#d1.g1.c.#d.g)[K],(#d1.g1.c2.#d.g.c1)[KN],(#d1.g1.c2.#d.g.c1)[KM],(#d1.g1.c2.#d.g.c1)[JLNO],(d2.d3)[L],(#d2.#d3)[L],(d2.d3)[L],(c2.c3)[L],(b1.b2)[L],(c2.c3.C-1.c)[KO],(g.c1.#d1.G-1.c.#d)[KO],(g.c1.#d1.G-1.c.#d)[KO],(g.c1.#d1.G-1.c.#d)[KO],(c1.#d1.g1.c.#d.g)[KO],(c1.#d1.g1.c.#d.g)[KO],(c1.#d1.g1.c.#d.g)[KN],(#d1.g1.c2.#d.g.c1)[KM],(#d1.g1.c2.#d.g.c1)[KMN],(#d1.g1.c2.#d.g.c1)[JO],(d2.d3)[L],(#d2.#d3)[L],(d2.d3)[L],(c2.c3)[L],(#a1.#a2)[LN],(#g1.#g2)[LN],(g1.g2)[LN],(f1.f2)[LO],C-1[LO],#C-1[LO],D-1[LO],#D-1[LO],E-1[LO],(f1.#g1.c2.f2.F-1)[LO],#F-1[LO],G-1[LO],#G-1[LO],A-1[LO],#A-1[LO],B-1[LO],c[LO],#c[LO],d[LO],#d[LO],e[LO],(f1.#g1.c2.f2.f)[LO],#f[LO],g[LO],#g[LO],a[LO],#a[LO],b[LO],(#g1.c1)[LO],(g1.b)[LO],(#f1.#a)[LO],(f1.a)[LO],(e1.#g)[LO],(#d1.g)[LO],(d1.#f)[LO],(#c1.f)[LO],(c1.e)[LO],(b.#d)[LO],(#a.d)[LO],(a.#c)[LO],(#g.c)[LO],(g.B-1)[LO],(#f.#A-1)[LO],(f.A-1)[LO],(e.#G-1)[LO],(#d.G-1)[LO],(d.#F-1)[LO],(#c.F-1)[LO],(c.E-1)[LO],(B-1.#D-1)[LO],D-1[LO],(c2.c3.C-1.c)[KO],(g.c1.#d1.G-1.c.#d)[KO],(g.c1.#d1.G-1.c.#d)[KO],(g.c1.#d1.G-1.c.#d)[KO],(c1.#d1.g1.c.#d.g)[KO],(c1.#d1.g1.c.#d.g)[KO],(c1.#d1.g1.c.#d.g)[KN],(#d1.g1.c2.#d.g.c1)[KM],(#d1.g1.c2.#d.g.c1)[KMN],(#d1.g1.c2.#d.g.c1)[JL],(d2.d3)[L],(#d2.#d3)[L],(d2.d3)[L],(c2.c3)[LN],(#a1.#a2)[LN],(#g1.#g2)[LN],(g1.g2.C-2.C-1)[KO],(g.b.d1.G-1.B-1.d)[KO],(g.b.d1.G-1.B-1.d)[KO],(g.b.d1.G-1.B-1.d)[KO],(b.d1.g1.B-1.d.g)[KO],(b.d1.g1.B-1.d.g)[KO],(b.d1.g1.B-1.d.g)[KN],(d1.g1.b1.d.g.b)[KM],(d1.g1.b1.d.g.b)[KMN],(d1.g1.b1.d.g.b)[JKO],(f1.f2)[L],(g1.g2)[L],(f1.f2)[LN],(#d1.#d2)[LN],(d1.d2)[LO],(c1.c2)[L],C-1[LO],#D-1[LO],#G-1[LO],c[L],#d[LO],(c1.#d1.#f1.c2.#g)[LO],#d[L],c[LO],#G-1[L],#D-1[LO],C-1[KO],C-1[LO],#D-1[LO],#G-1[L],c[LO],#d[LO],(c1.#d1.#f1.c2.#g)[L],#d[LO],c[LO],#G-1[LO],#D-1[LO],C-1[KO],C-1[L],#D-1[L],G-1[LN],c[LNO],#d[LNO],(c1.#d1.g1.c2.g)[LMO],#d[LMO],c[LMN],G-1[K],#D-1[KN],C-1[IKN];"]},{"id":3,"baseBeats":0.5,"scores":["mute[L],mute[L],mute[L],mute[L],mute[L],mute[L],mute[L],mute[L],mute[L],mute[KMNO],mute[L],mute[L],mute[L],mute[L],mute[L],mute[L],mute[L],mute[L],mute[L],mute[KMNO],mute[L],mute[L],mute[L],mute[L],mute[L],mute[L],mute[L],mute[L],mute[L],mute[KMNO],mute[L],mute[L],mute[L],mute[L],mute[L],mute[L],mute[L],mute[L],mute[L],mute[KMNO],mute[L],mute[L],mute[L],mute[L],mute[L],mute[L],mute[L],mute[L],mute[L],mute[KMNO],mute[L],mute[L],mute[L],mute[L],mute[L],mute[L],mute[L],mute[L],mute[L],mute[KMNO],mute[L],mute[L],mute[L],mute[L],mute[L],mute[L],mute[L],mute[L],mute[L],mute[KMNO],mute[L],mute[L],mute[L],mute[L],mute[L],mute[L],mute[L],mute[L],mute[L],mute[KMNO],mute[L],mute[L],mute[L],mute[L],mute[L],mute[L],mute[L],mute[L],mute[L],mute[KMNO],mute[L],mute[L],mute[L],mute[L],mute[L],mute[L],mute[L],mute[L],mute[L],mute[J],mute[KLN],mute[KLMN],mute[KO],mute[L],mute[L],mute[KO],mute[KO],mute[KO],mute[KO],mute[KO],mute[KO],mute[KO],mute[KO],mute[KO],mute[KO],mute[KO],mute[KO],mute[KO],mute[KO],mute[KO],mute[KO],mute[KO],mute[L],mute[L],mute[KO],mute[KO],mute[KO],mute[KO],mute[KO],mute[KO],mute[KO],mute[KO],mute[KO],mute[KO],mute[KO],mute[KO],mute[KO],mute[KO],mute[KO],mute[KO],mute[KN],mute[L],mute[LN],mute[KMN],mute[KLN],mute[KLMNO],mute[JMO],mute[KM],mute[KM],mute[KM],mute[KM],mute[KM],mute[KM],mute[KM],mute[KM],mute[KM],mute[KM],mute[KM],mute[JLO],mute[KM],mute[KM],mute[KM],mute[KM],mute[JLO],mute[KM],mute[KM],mute[KM],mute[KM],mute[KM],mute[KM],mute[KM],mute[LMN],mute[KLN],mute[KM],mute[JLO],mute[ILM],5<mute[M],mute[M]>,5<mute[M],mute[M]>,5<mute[M],mute[M]>,mute[KM],mute[KM],mute[LMN],mute[KLN],mute[KM],mute[JLO],mute[JKLMO],5<mute[M],mute[M]>,5<mute[M],mute[M]>,5<mute[M],mute[M]>,5<mute[M],mute[M]>,5<mute[M],mute[M]>,mute[KM],mute[KM],mute[LMN],mute[KLN],mute[KM],mute[KM],mute[KM],mute[KM],mute[LMN],mute[KLN],mute[KM],mute[IKO],mute[IKO],mute[KM],mute[KM],mute[KM],mute[KM],mute[KM],mute[KM],mute[KM],mute[LMO],mute[KLM],mute[KM],mute[JLO],mute[IMNO],5<mute[M],mute[M]>,5<mute[M],mute[M]>,5<mute[M],mute[M]>,5<mute[M],mute[M]>,mute[KM],mute[KM],mute[LMO],mute[KLM],mute[KM],mute[JLO],mute[ILM],5<mute[M],mute[M]>,5<mute[M],mute[M]>,5<mute[M],mute[M]>,mute[KM],mute[KM],mute[KM],mute[KM],mute[KM],mute[JLO],mute[KM],mute[KM],mute[KM],mute[KM],mute[JLO],mute[KM],mute[KM],mute[KM],mute[KM],mute[KM],mute[KM],mute[KM],mute[KM],mute[KM],mute[KM],mute[KM],mute[KM],mute[KM],mute[IKO],mute[KM],mute[KM],mute[IKO],mute[IJKLN],mute[IJKLN],mute[KLMN],mute[LN],mute[JLO],mute[KM],mute[KM],mute[KLMN],mute[LN],mute[JLO],mute[KM],mute[JLO],mute[KL],mute[JKLMO],mute[JLN],mute[IJKM],mute[JKLMO],mute[L];","(c1.C-1)[L],c[L],(d1.D-1)[L],d[L],(#d1.#D-1)[L],#d[L],(d1.D-1)[L],d[L],(c1.C-1)[L],c[KMNO],(#a.#A-2)[L],#A-1[L],(#g.#G-2)[L],#G-1[L],(g.g1.G-2)[L],G-1[L],G-2[L],G-1[L],(g.g1.G-2)[L],G-1[KMNO],(c1.C-1)[L],c[L],(d1.D-1)[L],d[L],(#d1.#D-1)[L],#d[L],(d1.D-1)[L],d[L],(c1.C-1)[L],c[KMNO],(#a.#A-2)[L],#A-1[L],(#g.#G-2)[L],#G-1[L],(g.g1.G-2)[L],G-1[L],G-2[L],G-1[L],(g.g1.G-2)[L],G-1[KMNO],(c1.C-1)[L],c[L],(d1.D-1)[L],d[L],#D-1[L],#d[L],D-1[L],d[L],(g.c1.#d1.g1.C-1)[L],c[KMNO],#A-2[L],#A-1[L],(#g.c1.#d1.#g1.#G-2)[L],#G-1[L],G-2[L],G-1[L],G-2[L],G-1[L],(#a.d1.f1.#a1.G-2)[L],G-1[KMNO],C-1[L],c[L],(b.b1.D-1)[L],d[L],#D-1[L],#d[L],D-1[L],d[L],(g.c1.#d1.g1.C-1)[L],c[KMNO],#A-2[L],#A-1[L],(#g.c1.#d1.#g1.#G-2)[L],#G-1[L],G-2[L],G-1[L],G-2[L],G-1[L],(#a.d1.f1.#a1.G-2)[L],G-1[KMNO],C-1[L],c[L],(b.b1.D-1)[L],d[L],#D-1[L],#d[L],D-1[L],d[L],(g1.c2.#d2.g2.C-1)[L],c[KMNO],#A-2[L],#A-1[L],(#g1.c2.#d2.#g2.#G-2)[L],#G-1[L],(#a1.d2.f2.#a2.G-2)[L],G-1[L],G-2[L],G-1[L],(b1.b2.G-2)[L],G-1[J],(c2.c3)[KLN],(d2.d3)[KLMN],(#d2.#d3.C-1.c)[KO],g[L],(d2.d3)[L],(c2.c3.c1)[KO],(#d1.g1)[KO],(#a1.#a2.c1)[KO],(#g1.#g2.g)[KO],(g1.#a1.#d2.g2.#D-1.#d)[KO],g[KO],#a[KO],(g1.#a1.#d2.g2.#d1)[KO],#a[KO],g[KO],(#D-1.#d)[KO],g[KO],#a[KO],(#d1.g1)[KO],(#g1.#g2.#a)[KO],(#a1.#a2.g)[KO],(c2.c3.C-1.c)[KO],g[L],(#a1.#a2)[L],(#g1.#g2.c1)[KO],(#d1.g1)[KO],(g2.c1)[KO],(f1.f2.g)[KO],(e1.#g1.c2.e2.C-1)[KO],c[KO],e[KO],(e1.#g1.c2.e2.#g.c1)[KO],e[KO],c[KO],C-1[KO],c[KO],e[KO],(#g.c1)[KO],(f1.f2.e)[KO],(g1.g2.c)[KO],(#g1.#g2.F-2.F-1)[KN],c[L],(g1.g2)[LN],(f1.f2.f)[KMN],(#g.c1)[KLN],(#d1.#d2.f)[KLMNO],(#c1.#c2)[JMO],(c1.c2.C-2.C-1)[KM],#G-1[KM],c[KM],(c1.c2.#d.#g)[KM],c[KM],#G-1[KM],(C-2.C-1)[KM],G-1[KM],c[KM],(#d.g)[KM],c[KM],G-1[JLO],G-1[KM],c[KM],(#d.g)[KM],c[KM],G-1[JLO],G-1[KM],c[KM],(#d.g)[KM],c[KM],G-1[KM],(c1.C-1)[KM],G-1[KM],c[LMN],#d1[NO],g1[NO],(c2.#d.g)[KM],c[KM],G-1[JLO],c1[ILM],(d1~#d1~d1~c1~b)[KL],c1[KM],G-1[KM],c[LMN],#d1[NO],g1[NO],(c2.#d.g)[KM],c[KM],G-1[JLO],c1[JKLMO],(mute~d1~#d1)[K],(d1~c1~#a~#g~g)[KL],f[KM],#G-1[KM],c[LMN],f[NO],c1[NO],(f1.#g)[KM],c[KM],#G-1[KM],C-1[KM],#G-1[KM],c[LMN],f[NO],c1[NO],(f1.#g)[KM],c[KM],#G-1[IKO],f[IKO],#G-1[KM],c[KM],#g[KM],c[KM],#G-1[KM],(c1.C-1)[KM],G-1[KM],c[LMO],g1[NO],c2[N],#d2[NO],(g2.#d.g)[KM],c[KM],G-1[JLO],c1[IMNO],(d1~#d1~d1)[K],(c1~#a~#g)[K],(g.C-1)[KM],G-1[KM],d[LMO],g1[NO],b1[N],d2[NO],(g2.f.g)[KM],d[KM],G-1[JLO],g[ILM],(f~g~f~#d~d)[KL],c[KM],C-1[KM],#G-1[KM],(c.#f.c1.#d)[KM],#G-1[KM],C-1[JLO],C-1[KM],#G-1[KM],(c.#f.c1.#d)[KM],#G-1[KM],C-1[JLO],C-1[KM],#G-1[KM],(c.#f.c1.#d)[KM],#G-1[KM],C-1[KM],#d[KM],#G-1[KM],C-1[KM],#d[KM],#G-1[KM],C-1[KM],#d[KM],#G-1[KM],C-1[IKO],#d[KM],G-1[KM],C-1[IKO],(a.#c1.f1.F-2.F-1)[IJKLN],(#g.d1)[IJKLN],(g.#d1.g1.C-2.C-1)[KLMN],(d1.f1)[LN],(c1.#d1)[JLO],(#a.d1)[KM],(#g.c1)[KM],(g.#a)[KLMN],(f.#g)[LN],(#d.g)[JLO],(d.f)[KM],(c.#d)[JLO],(G-1.d)[KL],(#D-1.c)[JKLMO],(D-1.G-1)[JLN],(C-1.#D-1)[IJKM],(g.g1.G-2.G-1)[JKLMO],(c.c1.C-2.C-1)[L];"]}]}