{"baseBpm":75,"musics":[{"id":1,"baseBeats":0.25,"scores":["(#A-1.#A-2.#a)[M],(c.C-1.c1)[M],(d.D-1.d1)[M],(#d.#D-1.#d1)[M],(d.D-1.d1)[M],(c.C-1.c1)[M],(d.D-1.d1)[M],(c.C-1.c1)[M],(#A-1.#A-2.#a)[M],5<(f.f2~#a.#a2)[N],(d1.d3~f1.f3)[N]>,U,(A-1.A-2.a)[M],(#A-1.#A-2.#a)[M],(c.C-1.c1)[M],(#A-1.#A-2.#a)[M],(A-1.A-2.a)[M],(G-1.G-2.g)[M],(A-1.A-2.a)[M],(G-1.G-2.g)[M],(F-1.F-2.f)[M],5<(f.f2~a.a2)[N],(c1.c3~f1.f3)[N]>,U,(c.C-1.c1)[M],(d.D-1.d1)[M],(#d.#D-1.#d1)[M],(f.F-1.f1)[M],(#d.#D-1.#d1)[M],(d.D-1.d1)[M],(#d.#D-1.#d1)[M],(d.D-1.d1)[M],(c.C-1.c1)[M],5<(g.g2~c1.c3)[N],(#d1.#d3~g1.g3)[N]>,U,(B-1.B-2.b)[M],(c.C-1.c1)[M],(d.D-1.d1)[M],(c.C-1.c1)[M],(B-1.B-2.b)[M],(A-1.A-2.a)[M],(B-1.B-2.b)[M],(A-1.A-2.a)[M],(G-1.G-2.g)[M],5<(g.g2~b.b2)[N],(d1.d3~g1.g3)[N]>,U,(#d.#D-1.#d1)[M],(f.F-1.f1)[M],(g.G-1.g1)[M],5<(#A-1.#a~G-1.#d1)[N],(#D-1.g1~#A-2.#a1)[N]>,U,(d.D-1.d1)[M],(#d.#D-1.#d1)[M],(f.F-1.f1)[M],5<(#A-1.f1~F-1.#a1)[N],(D-1.d2~#A-2.f2)[N]>,U,(#d.#D-1.#d1)[M],(f.F-1.f1)[M],(g.G-1.g1)[M],5<(#A-1.#a~G-1.#d1)[N],(#D-1.g1~#A-2.#a1)[N]>,U,(d.D-1.d1)[M],(c.C-1.c1)[M],(#A-1.#A-2.#a)[M],5<(f.f2~#a.#a2)[N],(d1.d3~f1.f3)[N]>,U,(c.C-1.c1)[M],(d.D-1.d1)[M],(e.E-1.e1)[M],(f.F-1.f1)[M],(g.G-1.g1)[M],(a.A-1.a1)[M],(#a.#A-1.#a1)[M],(a.A-1.a1)[M],(g.G-1.g1)[M],5<(c.c2~e.e2)[N],(g.g2~c1.c3)[N]>,U,5<(#a.#A-1.#a2.#a1)[N],(a.A-1.a2.a1)[N]>,(g.G-1.g2.g1)[M],(f.F-1.f2.f1)[M],(e.E-1.e2.e1)[M],(d.D-1.d2.d1)[M],(c.C-1.c2.c1)[M],(#A-1.#A-2.#a1.#a)[M],(A-1.A-2.a1.a)[M],(G-1.G-2.g1.g)[M],5<(f1.f3~a1.a3)[N],(c2.c4~f2.f4)[N]>,U,"]},{"id":2,"baseBeats":0.25,"scores":["(B-2.B-1.f.b.d1)[L],(f.b.d1)[M],(C-1.c)[M],(B-1.B-2.f.b.d1)[M],(A-2.A-1)[M],(D-2.D-1.b.f.d1)[M],(E-2.E-1)[M],(F-2.F-1.f.d1.b)[M],(E-2.E-1)[M],(D-2.D-1.f.b.d1)[L],(E-2.E-1.f.b.d1)[M],(F-2.F-1)[M],(B-2.B-1.f.b.d1)[L],(A-2.A-1.f.c1.d1)[L],(f.c1.d1)[L],(B-2.B-1)[M],(f.c1.d1.A-2.A-1)[M],(F-2.F-1)[M],(D-2.D-1.f.c1.d1)[M],(E-2.E-1)[M],(F-2.F-1.f.c1.d1)[M],(E-2.E-1)[M],(D-2.D-1.f.c1.d1)[L],(E-2.E-1)[M],(F-2.F-1)[M],(A-2.A-1.f.c1.d1)[L],(G-2.G-1.f.b.d1)[L],(f.b.d1)[M],(A-2.A-1)[M],(G-2.G-1.f.b.d1)[M],(F-2.F-1)[M],(D-2.D-1.f.b.d1)[M],(E-2.E-1)[M],(F-2.F-1.f.b.d1)[M],(E-2.E-1)[M],(D-2.D-1.f.b.d1)[L],(E-2.E-1.e.g.c1)[M],(F-1.F-2)[M],(G-1.G-2.e.g.c1)[L],(A-2.A-1.c1.f.a)[M],(B-2.B-1)[M],(C-1.c.c1.f.a)[L],(B-2.B-1)[M],(A-2.A-1)[M],(G-2.G-1.e.g.c1)[L],(A-2.A-1.f.a.c1)[M],(B-2.B-1)[M],(C-1.c.f.a.c1)[L],(B-2.B-1.e.g.c1)[M],(A-2.A-1)[M],(G-2.G-1.e.g.c1)[L],(A-2.A-1.f.b.d1)[L],(f.b.d1)[M],(C-1.c)[M],(B-2.B-1.f.b.d1)[M],(A-2.A-1)[M],(D-2.D-1.f.b.d1)[M],(E-2.E-1)[M],(F-2.F-1.f.b.d1)[M],(E-2.E-1)[M],(D-2.D-1.f.b.d1)[L],(E-2.E-1.f.b.d1)[M],(F-2.F-1)[M],(B-2.B-1.f.b.d1)[L],"]},{"id":3,"baseBeats":0.25,"scores":["5<(D-1.#f3.#f4)[M],#F-1[M]>,5<A-1[M],d[M]>,5<A-1[M],#F-1[M]>,5<D-1[M],(A-2.d4)[M]>,5<(D-1.#f3.#f4)[M],#F-1[M]>,5<A-1[M],d[M]>,5<A-1[M],#F-1[M]>,5<D-1[M],(A-2.d4)[M]>,5<(D-1.#f3.#f4)[M],#F-1[M]>,5<A-1[M],d[M]>,5<A-1[M],#F-1[M]>,5<(D-1.g3.g4)[M],A-2[M]>,5<(D-1.#f3.#f4)[M],#F-1[M]>,5<(A-1.e3.e4)[M],d[M]>,5<(A-1.d3.d4)[M],#F-1[M]>,5<(D-1.e3.e4)[M],A-2[M]>,5<(D-1.#f3.#f4)[M],#F-1[M]>,5<A-1[M],d[M]>,5<A-1[M],#F-1[M]>,5<(D-1.g3.g4)[M],A-2[M]>,5<(D-1.#f3.#f4)[M],#F-1[M]>,5<(A-1.e3.e4)[M],d[M]>,5<(A-1.d3.d4)[M],#F-1[M]>,5<(D-1.e3.e4)[M],A-2[M]>,5<(D-1.#f3.#f4)[M],#F-1[M]>,5<A-1[M],d[M]>,5<A-1[M],#F-1[M]>,5<(D-1.g3.g4)[M],A-2[M]>,5<(D-1.#f3.#f4)[M],#F-1[M]>,5<(A-1.e3.e4)[M],d[M]>,5<(A-1.d3.d4)[M],#F-1[M]>,5<(D-1.e3.e4)[M],A-2[M]>,5<(D-1.#f3.#f4)[M],#F-1[M]>,5<A-1[M],d[M]>,5<A-1[M],#F-1[M]>,5<D-1[M],A-2[M]>,5<(#c1.#A-2)[M],e1[M]>,5<(#f1.#F-2)[M],#f[M]>,5<(#c1.#G-2)[M],e1[M]>,5<(#f1.#A-2)[M],#f[M]>,5<(b.B-2)[M],d1[M]>,5<(#f1.#C-1)[M],#f[M]>,5<(b.D-1)[M],d1[M]>,5<(#f1.E-1)[M],#f[M]>,5<(#a.#F-1)[M],#c1[M]>,5<(#f1.G-1)[M],#f[M]>,5<(#a.#F-1)[M],#c1[M]>,"]},{"id":4,"baseBeats":0.25,"scores":["(c4.a3.e3.c3)[M],(a2.e2.c2.a1)[M],(e3.c3.a2.e2)[M],(c2.a1.e1.c1)[M],(e4.c4.a3.e3)[M],(#d4.c4.a3.#d2)[M],(e4.c4.a3.e3)[M],(#d4.c4.a3.#d2)[M],(e4.c4.a3.e3)[M],(b3.a3.e3.b1)[M],(c4.a3.e3.c3)[M],(#g3.e3.c3.#g1)[M],(a3.e3.c3.a2)[M],(#d2.c2.a1.#d1)[M],(e3.c3.a2.e2)[M],(b1.a1.e1.b)[M],(c3.a2.e2.c2)[M],(#g1.e1.c1.#g)[M],(a2.e2.c2.a1)[M],(#d1.c1.a.#d)[M],(e2.c2.a1.e1)[M],(b.a.e.B-1)[M],(c2.a1.e1.c1)[M],(#g.e.c.#G-1)[M],(a1.e1.c1.a)[M],(#d.c.A-1.#D-1)[M],(e1.c1.a.e)[M],(B-1.A-1.E-1.B-2)[M],(c1.a.e.c)[M],(#G-1.E-1.C-1.#G-2)[M],(a.e.c.A-1)[M],(#D-1.C-1.A-2.#D-2)[M],(e.c.A-1.E-1)[M],(B-2.A-2.E-2)[M],(c.A-1.E-1.C-1)[M],(#G-2.E-2.C-2)[M],(A-1.E-1.C-1.A-2)[K],(a1.d1.b.a.A-1.D-1.B-2.A-2)[K],(a2.e2.c2.a1.a.e.c.A-1)[K],(a3.f3.d3.a2.a1.f1.d1.a)[K],(a.e.c.A-1)[M],(A-1.E-1.C-1.A-2)[M],(a.e.c.A-1)[M],(a.e.c.A-1)[M],(a.e.c.A-1)[M],(A-1.E-1.C-1.A-2)[M],(a.e.c.A-1)[M],(a.e.c.A-1)[M],(a.e.c.A-1)[M],(A-1.E-1.C-1.A-2)[M],(a.e.c.A-1)[M],(a.e.c.A-1)[M],(a.e.c.A-1)[M],(A-1.E-1.C-1.A-2)[M],(a.e.c.A-1)[M],(a.e.c.A-1)[M],(a.e.c.A-1.E-1.C-1.A-2)[K],"]},{"id":5,"baseBeats":0.25,"scores":["c1[M],d1[M];#d1[M],d1[M],c1[M],#d1[M],d1[M],c1[M],b[M],d1[M];c1[M],b[M],c1[M],d1[M],#d1[M],e1[M],f1[M],#f1[M];g1[M],#g1[M],#f1[M],#g1[M],g1[M],c2[M],#a1[M],#g1[M];g1[M],#g1[M],#f1[M],#g1[M],g1[M],#d2[M],d2[M],c2[M];b1[M],d2[M],f1[M],#g1[M],g1[M],b1[M],d1[M],f1[M];#d1[M],g1[M],b[M],d1[M],c1[M],#d1[M],g[M],#a[M];a[M],c1[M],#g[M],c1[M],g[M],c1[M],#f[M],c1[M];g[M],a[M],b[M],c1[M],d1[M],#d1[M],f1[M],d1[M];#d1[M],d1[M],c1[M],#d1[M],d1[M],c1[M],b[M],d1[M];c1[M],b[M],c1[M],d1[M],#d1[M],e1[M],f1[M],#f1[M];g1[M],#g1[M],#f1[M],#g1[M],g1[M],c2[M],#a1[M],#g1[M];g1[M],#g1[M],#f1[M],#g1[M],g1[M],#d2[M],d2[M],c2[M];#g2[M],f2[M],#c2[M],c2[M],b1[M],g1[M],f1[M],d1[M];g2[M],e2[M],c2[M],#a1[M],#g1[M],f1[M],#d1[M],c1[M];d1[M],f1[M],#a1[M],#g1[M],g1[M],b1[M],#d2[M],d2[M];c2[M],b1[M],c2[M],g1[M],c2[M],#d1[M],c2[M],c1[M];g1[M],d1[M],b[M],g1[M],#f1[M],#d1[M],c1[M],#f1[M];g1[M],d1[M],b[M],d1[M],g1[M],b1[M],a1[M],g1[M];c2[M],a1[M],#f1[M],a1[M],c2[M],#d2[M],d2[M],c2[M];b1[M],d2[M],g1[M],b1[M],d1[M],g1[M],b[M],d1[M];g1[M],d1[M],b[M],g1[M],#f1[M],#d1[M],c1[M],#f1[M];g1[M],d1[M],b[M],d1[M],g1[M],b1[M],a1[M],g1[M];c2[M],a1[M],#f1[M],a1[M],c2[M],e2[M],d2[M],c2[M];g2[M],e2[M],b1[M],e2[M],g1[M],b1[M],e1[M],g1[M];a1[M],#f1[M],#d1[M],#f1[M],a1[M],c2[M],b1[M],a1[M];e2[M],b1[M],g1[M],b1[M],e1[M],g1[M],b[M],e1[M];f1[M],d1[M],b[M],d1[M],f1[M],#g1[M],g1[M],f1[M];c2[M],g1[M],e1[M],g1[M],c1[M],e1[M],g[M],c1[M];c2[M],g1[M],#d1[M],g1[M],c1[M],#d1[M],g[M],c1[M];c2[M],g1[M],d1[M],g1[M],c1[M],d1[M],g[M],c1[M];b1[M],g1[M],d1[M],g1[M],b[M],d1[M],g[M],b[M];#d1[M],d1[M],c1[M],#d1[M],d1[M],c1[M],b[M],d1[M];c1[M],b[M],c1[M],d1[M],#d1[M],e1[M],f1[M],#f1[M];g1[M],#g1[M],#f1[M],#g1[M],g1[M],c2[M],#a1[M],#g1[M];g1[M],#g1[M],#f1[M],#g1[M],g1[M],#d2[M],d2[M],c2[M];"]},{"id":6,"baseBeats":0.25,"scores":["#G-2[LNP],#G-1[LNP],#d[LNP],#g[LNP],c1[LNOP];(#c.#d.g.c1)[IJ],#a[JN],(c.#d.#g)[I],"]}]}