{"baseBpm":80,"musics":[{"bpm":80,"baseBeats":0.25,"scores":["mute[L],mute[L],mute[M],mute[M],mute[IL],mute[L],mute[L],mute[M],mute[M],mute[KL],mute[LM],mute[M],mute[L],mute[K],mute[L],mute[L],mute[L],mute[L],mute[L],mute[L],mute[K],mute[L],mute[K],mute[LM],mute[M],mute[L],mute[K],mute[L],mute[L],mute[L],mute[L],mute[L],mute[M],mute[L],mute[LM],mute[L],mute[K],mute[LM],mute[M],mute[L],mute[L],mute[L],mute[L],mute[L],mute[M],mute[M],mute[M],mute[M],mute[M],mute[M],mute[L],mute[M],mute[M],mute[L],mute[L],mute[L],mute[L],mute[L],mute[L],mute[M],mute[M],mute[M],mute[M],mute[M],mute[M],mute[M],mute[M],mute[M],mute[M],mute[M],mute[M],mute[M],mute[M],mute[M],mute[M],mute[M],mute[M],mute[M],mute[M],mute[M],mute[M],mute[M],mute[M],mute[K],mute[LM],mute[M],mute[L],mute[LM],mute[M],mute[M],mute[M],mute[K],mute[L],mute[L],mute[L],mute[LM],mute[M],mute[M],mute[M],mute[K];","A-1[L],e[L],b[M],c1[M],b[IL],A-1[L],e[L],c1[M],d1[M],c1[KL],c1[LM],d1[M],(e1.A-1)[L],a[K],a[L],A-1[L],a[L],c1[L],a[L],d[L],d1[K],a[L],d[K],d1[LM],g1[M],(a1.f)[L],c1[K],c1[L],f[L],c1[L],g1[L],f1[L],(c.e1)[M],d1[L],e1[LM],e[L],g[K],(c.f1)[LM],e1[M],(d1.d)[L],a[L],a[L],b[L],(c1.f)[L],f[M],a[M],f[M],c[M],f[M],a[M],A-1[L],f[M],a[M],(c.c1)[L],c1[L],(b.g)[L],g[L],g[L],a[L],A-1[M],a[M],g[M],e1[M],e[M],a[M],g[M],e1[M],A-1[M],a[M],g[M],e1[M],e[M],a[M],g[M],e1[M],A-1[M],a[M],g[M],e1[M],e[M],a[M],g[M],e1[M],A-1[K],c1[LM],d1[M],(e1.A-1)[L],a[LM],e[M],a[M],c1[M],A-1[K],(e.c1)[L],a[L],d[L],(a.d1)[LM],#f[M],a[M],d1[M],d[K];"],"id":1,"instruments":["piano","piano"],"alternatives":["",""]},{"bpm":80,"baseBeats":0.25,"scores":["mute[LM],mute[M],mute[L],mute[M],mute[L],mute[M],mute[M],mute[M],mute[L],mute[L],mute[L],mute[L],mute[L],mute[M],mute[M],mute[L],mute[L],mute[LM],mute[M],mute[L],mute[L],mute[L],mute[L],mute[L],mute[L],mute[L],mute[M],mute[M],mute[M],mute[M],mute[M],mute[M],mute[L],mute[M],mute[M],mute[L],mute[L],mute[L],mute[M],mute[M],mute[L],mute[M],mute[M],mute[M],mute[M],mute[M],mute[M],mute[L],mute[M],mute[M],mute[M],mute[M],mute[M],mute[M],mute[M],mute[M],mute[M],mute[M],mute[M],mute[M],mute[M],mute[M],mute[M],mute[M],mute[M],mute[M],mute[K],mute[K],mute[L],mute[M],mute[M],mute[L],mute[L],mute[L],mute[M],mute[M],mute[L],mute[M],mute[M],mute[L],mute[L],mute[M],mute[M];","(A-1.d1)[LM],g1[M],(a1.f)[L],a[M],c1[L],a[M],c1[M],f1[M],f[L],c1[L],(a.g1)[L],f1[L],(c.e1)[L],d1[M],g[M],e1[L],e[L],c[LM],c1[M],(f1.g)[L],e1[L],(d1.d)[L],a[L],(a.f)[L],b[L],(c1.f)[L],f[M],a[M],f[M],c[M],f[M],a[M],A-1[L],f[M],a[M],(c.c1)[L],c1[L],(b.g)[L],d[M],g[M],(B-1.g)[L],d[M],a[M],A-1[M],a[M],g[M],e1[M],a[L],g[M],e1[M],A-1[M],a[M],g[M],e1[M],c1[M],a[M],g[M],d1[M],(e1.A-1)[M],a[M],g[M],c1[M],e[M],a[M],g[M],c1[M],A-1[K],g1[K],(f.c1.f1.a1)[L],c1[M],f1[M],c1[L],b1[L],(c2.A-1)[L],c1[M],b1[M],(f.a1)[L],c1[M],g1[M],c[L],(c1.g1)[L],g[M],f1[M];"],"id":2,"instruments":["piano","piano"],"alternatives":["",""]},{"bpm":80,"baseBeats":0.25,"scores":["mute[L],mute[L],mute[M],mute[M],mute[L],mute[L],mute[L],mute[M],mute[M],mute[M],mute[M],mute[M],mute[M],mute[L],mute[L],mute[L],mute[L],mute[K],mute[M],mute[M],mute[M],mute[M],mute[K],mute[L],mute[L],mute[L],mute[M],mute[M],mute[L],mute[L],mute[L],mute[M],mute[M],mute[L],mute[M],mute[M],mute[L],mute[M],mute[M],mute[L],mute[L],mute[K],mute[L],mute[L],mute[M],mute[M],mute[M],mute[M],mute[M],mute[M],mute[M],mute[M],mute[L],mute[L],mute[L],mute[L],mute[L],mute[IJL],mute[LM],mute[M],mute[L],mute[LM],mute[M],mute[M],mute[M],mute[L],mute[L],mute[L],mute[L],mute[L],mute[LM],mute[M],mute[M],mute[M],mute[K],mute[LM],mute[M],mute[L],mute[LM],mute[M],mute[M],mute[M],mute[L],mute[M],mute[M],mute[L],mute[L],mute[L],mute[M],mute[M],mute[L],mute[L],mute[L],mute[M],mute[M],mute[LM],mute[M],mute[L],mute[L],mute[L],mute[L],mute[L],mute[LM],mute[M],mute[M],mute[M],mute[LM],mute[M],mute[L],mute[L],mute[KLM],mute[M],mute[K],mute[K],mute[J],mute[L],mute[L],mute[M],mute[M],mute[JL],mute[L],mute[L],mute[M],mute[M],mute[JL],mute[I];","e1[L],e[L],g[M],f1[M],(f1.c)[L],e1[L],(d1.d)[L],a[M],d1[M],f[M],d1[M],a[M],d1[M],d[L],a[L],(a.f)[L],c1[L],(d1.#A-1)[K],#A-1[M],c1[M],d1[M],e1[M],(f1.#A-1)[K],#A-1[L],g1[L],(a1.f1.c1.f)[L],c1[M],f1[M],c1[L],b1[L],(c2.A-1)[L],c1[M],b1[M],(a1.f)[L],c1[M],g1[M],e[L],e1[M],d1[M],e1[L],b[L],e[K],f1[L],e1[L],(d1.d.d2)[M],a1[M],g1[M],a1[M],d2[M],a1[M],g1[M],a1[M],(d2.d)[L],a[L],a[L],b[L],f[L],(#g.c1)[IJL],c1[LM],d1[M],(c1.e1.A-1)[L],a[LM],e[M],a[M],c1[M],A-1[L],a[L],(e.c1)[L],a[L],d[L],(a.d1)[LM],#f[M],a[M],d1[M],d[K],(A-1.d1)[LM],g1[M],(f.c1.f1.a1)[L],c1[LM],a[M],c1[M],f1[M],f[L],a[M],c1[M],(a.g1)[L],f1[L],c[L],e1[M],d1[M],e1[L],g[L],e[L],g[M],c1[M],(g.f1)[LM],e1[M],(d.d1)[L],a[L],a[L],b[L],f[L],c1[LM],f[M],a[M],c1[M],a1[LM],c1[M],c1[L],c1[L],(b.g)[KLM],g[M],g[K],a[K],(A-1.a)[J],A-1[L],e[L],b[M],c1[M],b[JL],A-1[L],e[L],c1[M],d1[M],c1[JL],(A-1.c1.a.e1)[I];"],"id":3,"instruments":["piano","piano"],"alternatives":["",""]}],"audition":{"start":[0,0],"end":[2,125]}}