{"baseBpm":240,"musics":[{"id":1,"baseBeats":0.5,"scores":["(c2.c3)[K],(g1.g2)[L],(g1.g2)[L],(g1.g2)[K],(#g1.#g2.F-2.F-1)[L],(#g1.#g2)[L],(f1.f2)[K],c3[L],c3[L],c3[L],c3[K],#g2[L],(#g1.#g2)[K],(f1.f2)[L],(f1.f2)[L],(f1.f2)[K],(g1.g2)[L],(g1.g2)[L],(#d1.#d2)[J],c3[J],(c2.g2.c3)[K],(g1.#d2.g2)[L],(g1.#d2.g2)[L],(g1.#d2.g2)[K],(#g1.f2.#g2.F-2.F-1)[L],(#g1.f2.#g2)[L],(f1.c2.f2)[K],c3[K],(g1.#d2.g2)[K],(#g1.f2.#g2.F-2.F-1)[L],(#g1.f2.#g2)[L],(f1.c2.f2)[K],c3[K],(g1.d2.g2)[K],(d3.G-2.G-1)[K],(g1.d2.g2)[K],(d3.G-2.G-1)[K],(g1.d2.g2)[K],(f3.G-2.G-1)[J],(#a1.#a2)[KL],(#g1.#g2)[L],(#g1.#g2.#g.c1.f1.F-2.F-1)[K],F-1[K],(F-2.F-1)[K],F-1[K],(F-2.F-1)[K],F-1[L],(f1.f2)[L],(#g1.#g2.g1.F-2.F-1)[K],(f1.f2.F-1)[K],(g2.c1.#d1.g1.C-1.c)[K],c[L],(f1.f2)[L],(f1.f2.C-1.c)[K],(#d1.#d2.c)[K],(C-1.c)[K],c[K],(c2.c3.g1.C-1.c)[K],c[L],(g1.g2)[L],(#g1.#g2.#g.c1.f1.F-2.F-1)[K],F-1[K],(F-2.F-1)[K],F-1[K],(F-2.F-1)[K],(f1.f2.F-1)[K],(#g1.#g2.g1.F-2.F-1)[L],(#g1.#g2)[L],(f1.f2.F-1)[L],(f1.f2)[L],(g2.c1.#d1.g1.C-1.c)[L],(#d1.#d2)[L],c[K],(C-1.c)[K],(#d1.#d2.c)[L],(d1.d2)[L],(#d1.#d2.C-1.c)[K],c[K],(f1.f2.g1.C-1.c)[K],(g1.g2.c)[K],(g.#a.#d1.#D-1.#d)[K],#d[K],(#D-1.#d)[K],#d[K],(#D-1.#d)[K],(#d1.#d2.#d)[L],(d1.d2)[L],(#d2.#d1.#D-1.#d)[K],(g1.g2.#d)[K],(g.b.d1.G-2.G-1)[K],(d1.d2.G-1)[K],(G-2.G-1)[K],G-1[K],(G-2.G-1)[K],G-1[K],(#d1.#d2.G-2.G-1)[K],G-1[L],(f1.f2)[L],(g1.g2.g.c1.#d1.C-1.c)[K],c[L],(g.c1.#d1)[L],(C-1.c)[K],(g.c1.#d1.c)[K],(C-1.c)[K],(g.c1.#d1.c)[K],(#a1.#a2.C-1.c)[K],(c1.#d1.g1.c)[L],(#a1.#a2)[L],(#a1.#a2.c1.f1.#g1.F-1.f)[K],(c2.c3.f)[L],(c1.f1.#g1)[L],(#a1.#a2.F-1.f)[K],(#g2.c1.f1.#g1.f)[K],(F-1.f)[K],(c1.f1.#g1.f)[K],(#g1.#g2.F-1.f)[K],(c1.#d1.g1.f)[L],(g1.g2)[L],(g1.g2.#a.d1.f1.#A-2.#A-1)[K],(f1.f2.#A-1)[L],(#a.d1.f1)[L],(#A-2.#A-1)[K],(#a.d1.f1.#A-1)[K],(#A-2.#A-1)[K],(d1.f1.#a1.#A-1)[K],(#g1.#g2.#A-2.#A-1)[K],(d1.f1.#g1.#A-1)[L],(#g1.#g2)[L],(#g1.#g2.#a.#d1.g1.#D-1.#d)[K],(#a1.#a2.#d)[L],(#a.#d1.g1)[L],(#g1.#g2.#D-1.#d)[K],(g2.#a.#d1.g1.#d)[K],(G-2.G-1)[K],(b.d1.f1.G-1)[K],(g1.g2.G-2.G-1)[K],(#d2.#d3.b.f1.g1.G-1)[K],(g.c1.#d1.C-1.c)[K],c[L],(g.c1.#d1)[L],(C-1.c)[K],(g.c1.#d1.c)[K],(C-1.c)[K],(g.c1.#d1.c)[K],(g1.g2.C-1.c)[K],(#d2.#d3.c1.#d1.g1.c)[K],(c1.f1.#g1.F-1.f)[K],(c2.c3.f)[L],(c1.f1.#g1)[L],(F-1.f)[K],(c1.f1.#g1.f)[K],(f1.f2.F-1.f)[K],(c1.f1.#g1.f)[K],(#d1.#d2.F-1.f)[K],(g1.g2.c1.f1.#g1.f)[K],(c1.d1.g1.G-1.g)[K],(d1.d2.g)[L],(c1.d1.g1)[L],(G-1.g)[K],(f1.f2.c1.d1.g1.g)[L],(f1.f2)[L],(g1.g2.G-1.g)[K],(f1.f2.c1.d1.g1.g)[K],(f1.f2.G-1.g)[K],(g1.g2.c1.#g1.g)[K],(b.d1.g1.G-2.G-1)[K],(d1.d2.G-1)[L],(b.d1.g1)[L],(G-2.G-1)[K],(b.d1.g1.G-1)[K],(g2.b.d1.g1.G-2.G-1)[J],(g2.f1.g1.G-2.G-1)[K],(c3.#d1.c2)[K],(c1.#d1.g1.C-1.c)[L],(#d1.g1)[L],c[L],(c1.#d1.g1.d1.f1)[L],(#d1.g1.C-1.c)[K],(g1.c1.#d1.c)[K],(g2.#d1.g1.C-1.c)[K],(c1.#d1.g1.c)[K],(#a2.g1.#a1.C-1.c)[K],(c1.#d1.#a2.g1.#a1.c)[K],(c2.#g2.c1.f1.#g1.F-1.f)[L],(c1.f1)[L],f[L],(f1.#g1.c2)[L],(c1.f1.F-1.f)[K],(f1.#g1.c2.#g.c1.f)[K],(f2.c1.f1.F-1.f)[K],(f1.#g1.c2.f)[K],(f2.c1.f1.F-1.f)[K],(f1.#g1.c2.#a2.d1.#a1.f)[K],(#a.d1.f1.#A-2.#A-1)[L],(d1.f1)[L],#A-1[L],(#a.d1.f1)[L],(f1.#g1.#A-2.#A-1)[K],(#a.d1.f1.#A-1)[K],(f2.d1.f1.#A-2.#A-1)[K],(#a.d1.f1.#A-1)[K],(#g2.f1.#g1.#A-2.#A-1)[K],(#a.d1.f1.g2.#d1.g1.#A-1)[K],(g1.#a1.#d1.#D-1.#d)[K],(c3.g1.c2.#d)[L],(#d1.g1.#a1)[L],(#D-1.#d)[K],(g1.b1.d2.#g2.d1.#g1.#d)[K],(g2.d1.g1.G-2.G-1)[K],(g1.b1.d2.G-1)[K],(g2.f1.g1.G-2.G-1)[K],(g1.b1.d2.c3.#d1.c2.G-1)[K],(c1.#d1.g1.C-1.c)[L],(#d1.g1)[L],c[L],(c1.#d1.g1.d1.f1)[L],(#d1.g1.C-1.c)[K],(g1.c1.#d1.c)[K],(g2.#d1.g1.C-1.c)[K],(c1.#d1.g1.c)[K],(#a2.g1.#a1.C-1.c)[K],(c1.#d1.#a2.g1.#a1.c)[K],(c2.#g2.c1.f1.#g1.F-1.f)[L],(c1.f1)[L],f[L],(f1.#g1.c2)[L],(c1.f1.F-1.f)[K],(f1.#g1.c2.#g.c1.f)[K],(c3.#g1.c2.F-1.f)[K],(f1.#g1.c2.f)[K],(c3.#g1.c2.F-1.f)[K],(f1.#g1.c2.d3.g1.d2.f)[K],(g1.b1.d2.g2.G-2.G-1)[K];"]},{"id":2,"baseBeats":0.5,"scores":["(d2.g2.G-1)[L],(g1.b1.d2.g2)[L],(G-2.G-1)[L],g1[L],(g1.d2.b1.G-1)[K],(d2.g2.G-2.G-1)[K],(g1.b1.d2.g2.G-1)[L],(d2.g2)[L],(G-2.G-1)[L],g1[L],(g1.d2.b1.G-1)[K],(b1.g2.g1.G-2.D-1)[K],(c2.#g2.#g1)[L],G-1[L],(b1.g2.g1)[K],(#g1.f2.f1.D-1.G-2)[K],G-1[K],(g1.#d2.#d1.F-1)[K],#D-1[K],(g1.G-1)[K],(#g2.c1.f1.#g1.F-2.F-1)[K],(g1.g2.F-1)[L],(c1.f1.#g1)[L],(f1.f2.F-2.F-1)[K],(c2.c1.f1.#g1.F-1)[K],(F-2.F-1)[K],(c1.f1.#g1.F-1)[K],(F-2.F-1)[L],(c1.c2)[L],(d2.g.d1.F-1)[K],(#d2.g.c1.#d1.C-1.c)[K],(d1.d2.c)[L],(g.c1.#d1)[L],(c1.c2.C-1.c)[K],(#d2.g.c1.#d1.c)[K],(C-1.c)[K],(g.c1.#d1.c)[K],(C-1.c)[K],(c1.#d1.g1.c)[K],(#g2.c1.f1.#g1.F-2.F-1)[K],(#g1.#g2.F-1)[L],(g1.g2.c1.f1.#g1)[L],(F-2.F-1)[L],(f1.f2)[L],(#g2.c1.f1.#g1.F-1)[K],(F-2.F-1)[K],(#g2.c1.f1.#g1.F-1)[L],(#g1.#g2)[L],(g1.g2.F-2.F-1)[K],(f1.f2.g.d1.F-1)[L],(g1.g2)[L],(g.c1.#d1.C-1.c)[K],c[L],(g.c1.#d1)[L],(#a1.#a2.C-1.c)[K],(#a1.#a2.f.#a.d1.c)[K],(#a1.#a2.#A-2.#A-1)[K],(g1.g2.f.#a.d1.#A-1)[L],(f1.f2)[L],(#A-2.#A-1)[K],(f.#a.d1.#A-1)[K],(g.#a.#d1.#D-1.#d)[K],#d[L],(g.#a.#d1)[L],(#D-1.#d)[L],(#d1.#d2)[L],(f1.f2.g.#a.#d1.#d)[K],(g1.g2.#D-1.#d)[K],(#d2.g.#a.#d1.#d)[K],(f1.f2.#D-1.#d)[K],(g1.g2.g.#a.#d1.#d)[K],(g.b.d1.G-2.G-1)[K],G-1[L],(g.b.d1)[L],(b1.b2.G-2.G-1)[K],(b1.b2.g.b.d1.G-1)[K],(b1.b2.G-2.G-1)[K],(#g1.#g2.g.b.d1.G-1)[L],(g1.g2)[L],(G-2.G-1)[K],(g.b.d1.G-1)[K],(c2.#d2.g.c1.#d1.C-1.c)[K],c[L],(g1.#d2.g2.g.c1.#d1)[L],(C-1.c)[K],(c2.#d2.g.c1.#d1.c)[K],(C-1.c)[K],(#a1.#a2.g.c1.#d1.c)[K],(#g1.#g2.C-1.c)[K],(g2.c1.#d1.g1.c)[K],(#a1.#a2.c1.f1.#g1.F-1.f)[K],(#g1.#g2.f)[L],(c1.f1.#g1)[L],(g1.g2.F-1.f)[K],(#a1.#a2.c1.f1.#g1.f)[K],(#g1.#g2.F-1.f)[K],(c1.f1.#g1.f)[K],(F-1.f)[K],(c1.#d1.g1.f)[K],(#a1.d2.#a.d1.f1.#A-2.#A-1)[K],#A-1[L],(d2.f2.#a.d1.f1)[L],(#A-2.#A-1)[K],(#a1.d2.#a.d1.f1.#A-1)[K],(#A-2.#A-1)[K],(d1.f1.#a1.#A-1)[K],(#A-2.#A-1)[K],(d1.f1.#g1.#A-1)[L],(#a.#a1)[L],(g2.#a.#d1.g1.#D-1.#d)[K],(g1.g2.#d)[L],(#a.#d1.g1)[L],(g1.g2.#D-1.#d)[K],(#d2.#a.#d1.g1.#d)[K],(f1.f2.G-2.G-1)[K],(g1.g2.b.d1.f1.G-1)[L],(g1.g2)[L],(G-2.G-1)[K],(b.f1.g1.G-1)[K],(#a1.g2.#a2.g.c1.#d1.C-1.c)[K],c[L],(#g1.f2.#g2.g.c1.#d1)[L],(C-1.c)[K],(g1.#d2.g2.g.c1.#d1.c)[K],(C-1.c)[K],(c2.g.c1.#d1.c)[K],(#d1.#d2.C-1.c)[K],(g2.c1.#d1.g1.c)[K],(f2.#g2.c1.f1.#g1.F-1.f)[K],f[L],(c1.f1.#g1)[L],(g1.#d2.g2.F-1.f)[K],(c1.f1.#g1.f)[K],(f1.d2.f2.F-1.f)[K],(#d1.c2.#d2.c1.f1.#g1.f)[K],(F-1.f)[K],(d1.b1.d2.c1.f1.#g1.f)[L],(#d1.c2.#d2)[L],(b1.d2.c1.d1.g1.G-1.g)[K],g[L],(c1.d1.g1)[L],(d1.d2.G-1.g)[K],(f1.f2.c1.d1.g1.g)[K],(g1.g2.G-1.g)[K],(#g1.#g2.c1.d1.g1.g)[K],(g1.g2.G-1.g)[K],(f1.f2.c1.#g1.g)[K],(g1.G-1.g)[K],(g2.c1.#d1.g1.C-1.c)[K],(f2.b.d1.f1.g1.G-2.G-1)[J],(g2.b.d1.g1.G-2.G-1)[J],(g2.f1.g1.G-2.G-1)[K],(c3.#d1.c2)[K],(c1.#d1.g1.C-1.c)[L],(#d1.g1)[L],c[L],(c1.#d1.g1.d1.f1)[L],(#d1.g1.C-1.c)[K],(g1.c1.#d1.c)[K],(g2.#d1.g1.C-1.c)[K],(c1.#d1.g1.c)[K],(#a2.g1.#a1.C-1.c)[K],(c1.#d1.#a2.g1.#a1.c)[K],(c2.#g2.c1.f1.#g1.F-1.f)[L],(c1.f1)[L],f[L],(f1.#g1.c2)[L],(c1.f1.F-1.f)[K],(f1.#g1.c2.#g.c1.f)[K],(f2.c1.f1.F-1.f)[K],(f1.#g1.c2.f)[K],(f2.c1.f1.F-1.f)[K],(f1.#g1.c2.#a2.d1.#a1.f)[K],(#a.d1.f1.#A-2.#A-1)[L],(d1.f1)[L],#A-1[L],(#a.d1.f1)[L],(f1.#g1.#A-2.#A-1)[K],(#a.d1.f1.#A-1)[K],(f2.d1.f1.#A-2.#A-1)[K],(#a.d1.f1.#A-1)[K],(#g2.f1.#g1.#A-2.#A-1)[K],(#a.d1.f1.g2.#d1.g1.#A-1)[K],(g1.#a1.#d1.#D-1.#d)[K],(c3.g1.c2.#d)[L],(#d1.g1.#a1)[L],(#D-1.#d)[K],(g1.b1.d2.#g2.d1.#g1.#d)[K],(g2.g1.G-2.G-1)[K],(g1.b1.d2.G-1)[K],(g2.f1.g1.G-2.G-1)[K],(g1.b1.d2.c3.#d1.c2.G-1)[K],(c1.#d1.g1.C-1.c)[L],(#d1.g1)[L],c[L],(c1.#d1.g1.d1.f1)[L],(#d1.g1.C-1.c)[K],(g1.c1.#d1.c)[K],(g2.#d1.g1.C-1.c)[K],(c1.#d1.g1.c)[K],(#a2.g1.#a1.C-1.c)[K],(c1.#d1.#a2.g1.#a1.c)[K],(c2.#g2.c1.f1.#g1.F-1.f)[L],(c1.f1)[L],f[L],(f1.#g1.c2)[L],(c1.f1.F-1.f)[K],(f1.#g1.c2.#g.c1.f)[K],(c3.#g1.c2.F-1.f)[K],(f1.#g1.c2.f)[K],(c3.#g1.c2.F-1.f)[K],(f1.#g1.c2.d3.g1.d2.f)[K],(g1.b1.d2.g2.G-1.g)[K],(d2.g2.g)[L],(g1.b1.d2.g2)[L],(G-1.g)[L],g1[L],(g1.d2.b1.g)[K],(d2.g2.G-1.g)[K],(g1.b1.d2.g2.g)[L],(d2.g2)[L],(G-1.g)[L],g1[L],(g1.d2.b1.g)[K],(b1.g2.g1.G-2.D-1)[K],(c2.#g2.#g1)[L],G-1[L],(b1.g2.g1)[K],(#g1.f2.f1.D-1.G-2)[K],G-1[K],(g1.#d2.#d1.F-1)[K],#D-1[K],(g1.G-1)[K],(g2.c1.#d1.g1.C-1.c)[K],(g1.g2)[K],(f1.f2)[L],(#d1.#d2)[L],(d1.d2)[L],(d1.d2)[K],(#d1.#d2)[L],(c1.c2)[K],(g1.g2)[L],(g1.g2)[L],(g1.g2)[L],(#d1.#d2)[L],(#d1.#d2.c1.f1.#g1.F-2.F-1)[K],(#d1.#d2)[K],(c1.c2)[K],(c1.c2)[K],(#d1.#d2)[L],(f1.f2)[KL];"]},{"id":3,"baseBeats":0.5,"scores":["(c1.#g1.#G-2.#G-1)[K],(f1.#A-2.#A-1)[K],(c1.#d1.g1.C-1.c)[K],(f1.f2)[K],(d1.d2)[K],(f1.f2)[K],(f1.f2)[L],(#d1.#d2)[K],(c1.c2)[L],(c1.g1.C-1.c)[L],(#d1.#d2)[L],(f1.#A-2.#A-1)[K],(f1.f2.g.#a.d1.G-2.G-1)[K],(d1.d2)[JK],(f1.f2)[K],(#d1.#d2)[JK],(f1.#g1.f2.#g.c1.#d1.#G-2.#G-1)[K],(d1.f1.d2)[JK],(f1.#g1.f2)[K],(#d1.g1.#d2)[J],(G-2.G-1)[K],(f1.#g1.F-2.F-1)[L],(g1.g2)[L],(g1.g2)[K],(c2.c3.c1)[J],(f1.#g1.F-2.F-1)[J],(#d2.#d3.c1)[J],(c1.d1.g1.G-2.G-1)[J],(g1.g2)[L],(g1.g2)[L],(g1.g2)[L],(#d2.#d3)[L],(c1.d1.g1)[L],(#d2.#d3)[L],(d2.d3)[JK],(g2.c1.d1.g1.G-2.G-1)[L],(g1.g2)[L],(g1.g2)[K],(f1.f2.c1.d1.g1)[K],(#d1.#d2)[L],(g1.g2)[L],(c1.d1.g1.G-2.G-1)[L],(f1.f2)[L],(c1.d1.g1)[K],(c1.d1.g1.G-2.G-1)[K],(c1.d1.g1)[K],(g2.b.d1.g1.G-2.G-1)[K],(#g1.#g2)[K],(g1.g2.g.G-2.G-1)[K],(f1.f2)[K],(#d1.#d2.g.d1.g1.G-2.G-1)[K],(d1.d2.a.G-1)[K],(#d1.#d2.b.G-2.G-1)[K],(g.G-1)[L],(f1.f2)[L],(g1.g2.g.c1.#d1.C-1.c)[K],c[L],(g.c1.#d1)[L],(C-1.c)[K],(g.c1.#d1.c)[K],(C-1.c)[K],(g.c1.#d1.c)[K],(#a1.#a2.C-1.c)[K],(c1.#d1.g1.c)[L],(#a1.#a2)[L],(#a1.#a2.c1.f1.#g1.F-1.f)[K],(c2.c3.f)[L],(c1.f1.#g1)[L],(#a1.#a2.F-1.f)[K],(#g2.c1.f1.#g1.f)[K],(F-1.f)[K],(c1.f1.#g1.f)[K],(#g1.#g2.F-1.f)[K],(c1.#d1.g1.f)[L],(g1.g2)[L],(g1.g2.#a.d1.f1.#A-2.#A-1)[K],(f1.f2.#A-1)[L],(#a.d1.f1)[L],(#A-2.#A-1)[K],(#a.d1.f1.#A-1)[K],(#A-2.#A-1)[K],(d1.f1.#a1.#A-1)[K],(#g1.#g2.#A-2.#A-1)[K],(d1.f1.#g1.#A-1)[L],(#g1.#g2)[L],(#g1.#g2.#a.#d1.g1.#D-1.#d)[K],(#a1.#a2.#d)[L],(#a.#d1.g1)[L],(#g1.#g2.#D-1.#d)[K],(g2.#a.#d1.g1.#d)[K],(G-2.G-1)[K],(b.d1.f1.G-1)[K],(g1.g2.G-2.G-1)[K],(#d2.#d3.b.f1.g1.G-1)[K],(g.c1.#d1.C-1.c)[K],c[L],(g.c1.#d1)[L],(C-1.c)[K],(g.c1.#d1.c)[K],(C-1.c)[K],(g.c1.#d1.c)[K],(g1.g2.C-1.c)[K],(#d2.#d3.c1.#d1.g1.c)[K],(c1.f1.#g1.F-1.f)[K],(c2.c3.f)[L],(c1.f1.#g1)[L],(F-1.f)[K],(c1.f1.#g1.f)[K],(f1.f2.F-1.f)[K],(c1.f1.#g1.f)[K],(#d1.#d2.F-1.f)[K],(g1.g2.c1.f1.#g1.f)[K],(c1.d1.g1.G-1.g)[K],(d1.d2.g)[L],(c1.d1.g1)[L],(G-1.g)[K],(f1.f2.c1.d1.g1.g)[L],(f1.f2)[L],(g1.g2.G-1.g)[K],(f1.f2.c1.d1.g1.g)[K],(f1.f2.G-1.g)[K],(g1.g2.c1.#g1.g)[K],(b.d1.g1.G-2.G-1)[K],(d1.d2.G-1)[L],(b.d1.g1)[L],(G-2.G-1)[K],(b.d1.g1.G-1)[K],(g2.b.d1.g1.G-2.G-1)[J],(g2.f1.g1.G-2.G-1)[K],(c3.#d1.c2)[K],(c1.#d1.g1.C-1.c)[L],(#d1.g1)[L],c[L],(c1.#d1.g1.d1.f1)[L],(#d1.g1.C-1.c)[K],(g1.c1.#d1.c)[K],(g2.#d1.g1.C-1.c)[K],(c1.#d1.g1.c)[K],(#a2.g1.#a1.C-1.c)[K],(c1.#d1.#a2.g1.#a1.c)[K],(c2.#g2.c1.f1.#g1.F-1.f)[L],(c1.f1)[L],f[L],(f1.#g1.c2)[L],(c1.f1.F-1.f)[K],(f1.#g1.c2.#g.c1.f)[K],(f2.c1.f1.F-1.f)[K],(f1.#g1.c2.f)[K],(f2.c1.f1.F-1.f)[K],(f1.#g1.c2.#a2.d1.#a1.f)[K],(#a.d1.f1.#A-2.#A-1)[L],(d1.f1)[L],#A-1[L],(#a.d1.f1)[L],(f1.#g1.#A-2.#A-1)[K],(#a.d1.f1.#A-1)[K],(f2.d1.f1.#A-2.#A-1)[K],(#a.d1.f1.#A-1)[K],(#g2.f1.#g1.#A-2.#A-1)[K],(#a.d1.f1.g2.#d1.g1.#A-1)[K],(g1.#a1.#d1.#D-1.#d)[K],(c3.g1.c2.#d)[L],(#d1.g1.#a1)[L],(#D-1.#d)[K],(g1.b1.d2.#g2.d1.#g1.#d)[K],(g2.d1.g1.G-2.G-1)[K],(g1.b1.d2.G-1)[K],(g2.f1.g1.G-2.G-1)[K],(g1.b1.d2.c3.#d1.c2.G-1)[K],(c1.#d1.g1.C-1.c)[L],(#d1.g1)[L],c[L],(c1.#d1.g1.d1.f1)[L],(#d1.g1.C-1.c)[K],(g1.c1.#d1.c)[K],(g2.#d1.g1.C-1.c)[K],(c1.#d1.g1.c)[K],(#a2.g1.#a1.C-1.c)[K],(c1.#d1.#a2.g1.#a1.c)[K],(c2.#g2.c1.f1.#g1.F-1.f)[L],(c1.f1)[L],f[L],(f1.#g1.c2)[L],(c1.f1.F-1.f)[K],(f1.#g1.c2.#g.c1.f)[K],(c3.#g1.c2.F-1.f)[K],(f1.#g1.c2.f)[K],(c3.#g1.c2.F-1.f)[K],(f1.#g1.c2.d3.g1.d2.f)[K],(g1.b1.d2.g2.G-2.G-1)[K],(d2.g2.G-1)[L],(g1.b1.d2.g2)[L],(G-2.G-1)[L],g1[L],(g1.d2.b1.G-1)[K],(d2.g2.G-2.G-1)[K],(g1.b1.d2.g2.G-1)[L],(d2.g2)[L],(G-2.G-1)[L],g1[L],(g1.d2.b1.G-1)[K],(b1.g2.g1.G-2.D-1)[K],(c2.#g2.#g1)[L],G-1[L],(b1.g2.g1)[K],(#g1.f1.D-1.G-2)[K],(g2.b.d1.g1.G-1)[K],(f1.F-1)[K],(#d1.g2.f1.g1.#D-1)[K],(g1.c3.#d1.c2.G-1)[K],(c1.#d1.g1.C-1.c)[L],(#d1.g1)[L],c[L],(c1.#d1.g1.d1.f1)[L],(#d1.g1.C-1.c)[K],(g1.c1.#d1.c)[K],(g2.#d1.g1.C-1.c)[K],(c1.#d1.g1.c)[K],(#a2.g1.#a1.C-1.c)[K],(c1.#d1.#a2.g1.#a1.c)[K],(c2.#g2.c1.f1.#g1.F-1.f)[L],(c1.f1)[L],f[L],(f1.#g1.c2)[L],(c1.f1.F-1.f)[K],(f1.#g1.c2.#g.c1.f)[K],(f2.c1.f1.F-1.f)[K],(f1.#g1.c2.f)[K],(f2.c1.f1.F-1.f)[K],(f1.#g1.c2.#a2.d1.#a1.f)[K],(#a.d1.f1.#A-2.#A-1)[L],(d1.f1)[L],#A-1[L],(#a.d1.f1)[L],(f1.#g1.#A-2.#A-1)[K],(#a.d1.f1.#A-1)[K],(f2.d1.f1.#A-2.#A-1)[K],(#a.d1.f1.#A-1)[K],(#g2.f1.#g1.#A-2.#A-1)[K],(#a.d1.f1.g2.#d1.g1.#A-1)[K],(g1.#a1.#d1.#D-1.#d)[K],(c3.g1.c2.#d)[L],(#d1.g1.#a1)[L],(#D-1.#d)[K],(g1.b1.d2.#g2.d1.#g1.#d)[K],(g2.d1.g1.G-2.G-1)[K],(g1.b1.d2.G-1)[K],(g2.f1.g1.G-2.G-1)[K],(g1.b1.d2.c3.#d1.c2.G-1)[K],(c1.#d1.g1.C-1.c)[L],(#d1.g1)[L],c[L],(c1.#d1.g1.d1.f1)[L],(#d1.g1.C-1.c)[K],(g1.c1.#d1.c)[K],(g2.#d1.g1.C-1.c)[K],(c1.#d1.g1.c)[K],(#a2.g1.#a1.C-1.c)[K],(c1.#d1.#a2.g1.#a1.c)[K],(c2.#g2.c1.f1.#g1.F-1.f)[L],(c1.f1)[L],f[L],(f1.#g1.c2)[L],(c1.f1.F-1.f)[K],(f1.#g1.c2.#g.c1.f)[K],(c3.#g1.c2.F-1.f)[K],(f1.#g1.c2.f)[K],(c3.#g1.c2.F-1.f)[K],(f1.#g1.c2.d3.g1.d2.f)[K],(b1.g2.g1.d2.G-2.G-1)[K],(d2.g2.G-1)[L],(g1.b1.d2.g2)[L],(G-2.G-1)[L],g1[L],(g1.d2.b1.G-1)[K],(d2.g2.G-2.G-1)[K],(g1.b1.d2.g2.G-1)[L],(d2.g2)[L],(G-2.G-1)[L],g1[L],(g1.d2.b1.G-1)[K],(b1.g2.g1.G-2.G-1)[K],(c2.#g2.#g1)[K],(b1.g2.g1)[K],(#g1.f2.f1)[J],(g1.#d2.#d1)[IJLN];"]}]}