{"baseBpm":85,"musics":[{"bpm":85,"baseBeats":0.5,"scores":["R;R;R;R;5<f2[M],g2[M]>,g2[L],5<f2[M],g2[M]>,g2[L],5<g2[M],g2[M]>,5<g2[M],a2[M]>,5<g2[M],f2[M]>,f2[L];5<f2[M],g2[M]>,g2[L],5<f2[M],g2[M]>,g2[L],5<f2[M],g2[M]>,5<g2[M],a2[M]>,5<g2[M],f2[M]>,f2[L];R;5<f2[M],g2[M]>,g2[L],5<f2[M],g2[M]>,g2[L],5<f2[M],g2[M]>,g2[L],5<g2[M],f2[M]>,f2[L];5<f2[M],g2[M]>,g2[L],5<f2[M],g2[M]>,g2[L],5<f2[M],g2[M]>,5<g2[M],a2[M]>,5<g2[M],f2[M]>,f2[L];","f[L],c1[L],g1[L],c1[L],a1[L],c1[L],f[K];f[L],d1[L],f1[L],d1[L],g1[L],d1[L],#a1[K];f[L],c1[L],g1[L],c1[L],a1[L],c1[L],f1[L],a[L];c[L],#a[L],d1[L],g1[L],#a1[K],(C-1.#a.g1)[L],c1[L];f[L],(c1.a1)[L],e[L],(c1.g1)[L],d[L],(a.f1)[L],(a.f1)[L],d[L];#A-1[L],(f.d1)[L],A-1[L],(f.c1)[L],G-1[L],(d.#a)[L],(d.#a)[L],G-1[L];d[L],(a.f1)[L],d1[L],f1[L],d[L],f1[L],(c.#a)[L],f1[L];f[L],(c1.a1)[L],e[L],(c1.g1)[L],d[L],(a.f1)[L],(a.f1)[L],d[L];#A-1[L],(f.d1)[L],A-1[L],(f.c1)[L],G-1[L],(d.#a)[L],(d.#a)[L],G-1[L];"],"id":1},{"bpm":87,"baseBeats":0.5,"scores":["S,T,5<g2[M],f2[M]>,f2[L];c3[K],a2[K],T,g2[L],f2[L];c3[K],a2[K],T,U,f2[L];5<g2[M],f2[M]>,5<g2[M],f2[M]>,g2[L],a2[L],g2[L],f2[L],f2[K];S,U,a2[L],g2[L],f2[L];f2[KL],f2[L],f2[L],a2[L],a2[L],g2[L];g2[L],g2[L],g2[L],a2[L],g2[L],f2[L],f2[K];f2[L],f2[L],f2[L],f2[L],e2[L],f2[L],f2[L],U;","d[L],(a.f1)[L],a[L],f1[L],d[L],f1[L],(c.#a)[L],f1[L];f[L],(c1.f1)[L],f[L],(a1.c2)[L],f[L],(g1.c2)[L],f[L],(f1.c2)[L];d[L],(d1.f1)[L],d[L],(a1.c2)[L],d[L],(g1.c2)[L],d[L],(f1.c2)[L];#A-1[L],(d1.g1)[L],#A-1[L],(d1.f1)[L],#A-1[L],(c1.f1)[L],#A-1[L],(#a.d1)[L];c[L],#a[L],g1[L],e1[L],c2[L],g1[L],C-1[K];f[L],c1[L],a1[L],c1[L],g1[L],c1[L],f1[M],c1[M],f[L];#A-1[L],f[L],d1[L],#a[L],f1[L],d1[L],f1[M],g1[M],a1[L];c[L],g[L],e1[L],g[L],g1[L],g[L],e1[M],d1[M],c1[L];"],"id":2},{"bpm":89,"baseBeats":0.5,"scores":["f2[L],f2[L],f2[L],f2[L],e2[L],f2[L],f2[L],5<a2[M],g2[M]>;5<a2[M],g2[M]>,a2[L],a2[L],a2[L],g2[L],a2[L],a2[K];a2[L],c3[L],g2[KL],5<a2[M],g2[M]>,g2[L],f2[L];f2[K],T,U,5<a2[M],g2[M]>,g2[L],f2[L];f2[L],d2[L],T,S;f2[I];R;","d[L],a[L],d1[L],a[L],e1[L],a[L],f1[L],a[L];f[L],c1[L],(g1.c2)[L],c1[L],(f1.c2)[L],c1[L],g1[M],f1[M],c1[L];d[L],a[L],(e1.a1)[L],a[L],(f1.a1)[L],a[L],d1[M],e1[M],f1[L];#A-1[L],f[L],(d1.a1)[L],f[L],(d1.g1)[L],f[L],(d1.f1)[M],g1[M],a1[L];(c.d1.g1)[L],g[L],(c1.g1)[L],g[L],(d1.g1)[L],g[L],(e1.g1)[L],g[L];f[L],c1[L],g1[L],f1[L],c1[K],g[K];(F-1.a)[I];R;"],"id":3}],"audition":{"start":[1,14],"end":[1,29]}}