{"baseBpm":108,"musics":[{"id":1,"baseBeats":0.25,"scores":["#f[K];#c1[L],#a[L],#a[K],#g[L],#f[L],#f[L],b[K],#a[L],#a[L],#g[L],#g[L],#f[K],#f[L];#c1[L],#a[L],#a[L],#g[L],#g[L],#f[L],#f[L],#d[K],#c[K],U,T,#f[L],#f[L];#c1[L],#a[L],#a[L],#g[L],#g[L],#f[L],#f[L],b[K],#a[L],#a[L],#g[L],#g[L],#f[L],#f[L],#c1[K],#a[L],#a[L],#g[K],#f[L],#f[L],#g[K],#d[K],U,T,#f[LM],#f[M];#f[L],#f[L],#f[M],#f[M],#f[M],#f[M],#f[L],#f[L],#f[M],#f[M],U;#f[L],#f[M],#f[M],#f[L],#f[M],#f[M],#f[M],#f[M],#f[L],#a[M],#f[M],U;#a[M],#c1[M],#c1[L],#c1[L],b[M],b[M],#a[L],#a[L],#a[L],V,#c[M];#a[L],#f[L],#f[L],#f[M],#d[M],#f[L],#f[L],#d[M],#c[M],U;#a[M],#c1[L],#a[M],#d1[L],#a[M],#c1[L],#a[M],#d1[L],#a[M],#c1[L],b[L],#a[L],#g[L],#g[L],#f[M],#g[L],#f[K],V,#c[M];","T,#F-2[KL],C-1[L],#C-1[KL],#D-1[L],#G-2[KL],#A-2[L],B-2[KL],#C-1[L],#F-2[KL],C-1[L],#C-1[KL],#D-1[L],#G-2[KL],#A-2[L],B-2[KL],#C-1[L],#F-2[KL],C-1[L],#C-1[KL],#D-1[L],#G-2[KL],#A-2[L],B-2[KL],#C-1[L],#F-2[KL],C-1[L],#C-1[KL],#D-1[L],#G-2[KL],#A-2[L],B-2[KL],#C-1[L],#F-2[KL],C-1[L],#C-1[KL],#D-1[L],#G-2[KL],#A-2[L],B-2[KL],#C-1[L],#F-2[KL],C-1[L],#C-1[KL],#D-1[L],#G-2[KL],#A-2[L],B-2[KL],#C-1[L],#F-2[KL],C-1[L],#C-1[KL],#D-1[L],#G-2[KL],#A-2[L],B-2[KL],#C-1[L],"]},{"id":2,"baseBeats":0.25,"scores":["#f[M],#f[M],#f[L],#f[M],#f[M],#f[L],mute[KL],V,#c[M];#a[M],#f[M],#f[L],#f[M],#d[M],#d[L],#d[K],UV,V;#a[L],#f[K],#f[M],#d[M],#f[L],#f[L],U,#f[M],#d[M];#f[L],#f[L],U,#f[L],U,#a[KL];#a[L],#f[K],#f[M],#d[M],#f[L],#f[L],U,#f[M],#d[M];#f[L],#f[L],U,#f[L],U,#a[KL];#a[K],#c1[LM],#c1[M],b[L],#a[L],#g[L],#g[L];#f[J],#f[L],#f[L],#g[L],#f[L];#a[L],#g[KL],#g[L],#f[K],#g[L];#a[L],#d[JK],#f[M],#f[M];#f[L],#f[K],#f[M],#f[M],#f[M],#f[M],#f[L],#f[M],#f[L],#c[M];#f[M],#f[M],#f[L],#f[L],#f[L],#f[M],#f[M],#f[L],#a[M],#f[M],#c[M],#c[M];","#F-2[KL],C-1[L],(#C-1.#f)[KL],#D-1[L],#G-2[KL],#A-2[L],B-2[K],#D-1[LM],F-1[M],#F-1[L],#F-1[L],#F-1[L],#F-1[L],B-1[L],B-1[L],B-1[L],B-1[L],c[L],c[L],c[L],c[L],B-1[L],B-1[L],B-1[L],B-1[L],#F-1[L],#F-1[L],#F-1[L],#F-1[L],B-1[L],B-1[L],B-1[L],B-1[L],c[L],c[L],c[L],c[L],B-1[L],B-1[L],B-1[L],B-1[L],#F-1[L],#F-1[L],#F-1[L],#F-1[L],B-1[L],B-1[L],B-1[L],B-1[L],c[L],c[L],c[L],c[L],B-1[L],B-1[L],B-1[L],B-1[L],#F-1[L],#F-1[L],#F-1[L],#F-1[L],E-1[L],E-1[L],E-1[L],E-1[L],B-1[I],#F-2[KL],C-1[L],#C-1[KL],#D-1[L],#G-2[KL],#A-2[L],B-2[KL],#C-1[L],"]},{"id":3,"baseBeats":0.25,"scores":["#a[M],#c1[M],#c1[M],b[L],#a[L],#g[M],#g[M],#f[LM],#f[M],#f[M],#f[M],#g[M];#a[L],#g[M],#f[M],#g[M],#f[M],#d[L],#d[M],#d[L],#c[M],#a[L],#c1[L];#d1[LM],#c[M],#a[M],#f[M],#f[M],#f[M],#f[LM],#c[M],#f[M],#g[M],#a[M],#c1[M];b[L],#a[M],#g[M],#a[M],#g[M],#d[L],#d[LM],#c[M],#d1[L],#c1[L];#c1[M],#c1[LM],#a[M],#f[L],#f[KM],#f[M],#f[M],#f[M],#g[M];#a[M],#f[M],#f[M],#g[M],#a[M],#f[M],#d[L],#d[K],UV,V;#a[L],#f[K],#f[M],#d[M],#f[L],#f[L],U,#f[M],#d[M];#f[L],#f[L],U,#f[L],U,#a[KL];#a[L],#f[K],#f[M],#d[M],#f[L],#f[L],U,#f[M],#d[M];#f[L],#f[L],U,#f[L],U,#a[KL];#a[K],#c1[LM],#c1[M],b[L],#a[L],#g[L],#g[L];#f[J],#f[L],#f[L],#g[L],#f[L];#a[L],#g[KL],#g[L],#f[K],#g[L];#a[L],#d[JKL];","#F-2[KL],C-1[L],#C-1[KL],#D-1[L],#G-2[KL],#A-2[L],B-2[KL],#C-1[L],#F-2[KL],C-1[L],#C-1[KL],#D-1[L],#G-2[KL],#A-2[L],B-2[KL],#C-1[L],#F-2[KL],C-1[L],(#C-1.#f)[KL],#D-1[L],#G-2[KL],#A-2[L],B-2[K],#D-1[LM],F-1[M],#F-1[L],#F-1[L],#F-1[L],#F-1[L],B-1[L],B-1[L],B-1[L],B-1[L],c[L],c[L],c[L],c[L],B-1[L],B-1[L],B-1[L],B-1[L],#F-1[L],#F-1[L],#F-1[L],#F-1[L],B-1[L],B-1[L],B-1[L],B-1[L],c[L],c[L],c[L],c[L],B-1[L],B-1[L],B-1[L],B-1[L],#F-1[L],#F-1[L],#F-1[L],#F-1[L],B-1[L],B-1[L],B-1[L],B-1[L],c[L],c[L],c[L],c[L],B-1[L],B-1[L],B-1[L],B-1[L],#F-1[L],#F-1[L],#F-1[L],#F-1[L],E-1[L],E-1[L],E-1[L],E-1[L],B-1[I],"]}],"audition":{"start":[0,0],"end":[0,50]}}