{"baseBpm":1,"musics":[{"id":1,"baseBeats":0.5,"scores":["(d.D-1.d3.a2.d2)[KL],d[L],(#f1.d1)[K],d[J],(d.d3.a2.d2)[K],(#f1.d1)[K],(d.d3.g2.c2)[K],(c.C-1)[KL],c[L],(e1.c1)[K],c[J],c[K],(e1.c1.d3.g2.c2)[K],c[K],(G-1.G-2.d3.g2.b1)[KL],G-1[L],(b.g)[K],G-1[J],(G-1.d3.g2.b1)[K],(b.g)[K],(G-1.d3.g2.b1)[K],(G-1.G-2)[K],G-1[K],(b.g)[K],G-1[K],(A-1.A-2)[K],(A-1.f3.#c3.a2)[K],(#c1.a.e3.#c3.a2)[K],(A-1.e3.#c3.a2)[K],(d.D-1)[K],d[L],a[L],(#f1.d1.d3.a2.#f2)[K],d[K],(b2.#f2.d2)[K],d[K],(#f1.d1)[K],(d.d3.a2.#f2)[K],(c.C-1)[K],(c.b2.e2.c2)[L],g[L],(e1.c1)[K],(c.b2.e2.c2)[J],c[K],(e1.c1)[K],(c.b2.g2.d2)[K],(G-1.G-2)[K],(G-1.#c3.a2)[L],(d.b2.g2)[L],(b.g.a2.#f2)[K],G-1[K],(d3.b2.g2)[K],G-1[K],(b.g)[K],(G-1.e3.b2.g2)[K],(G-1.G-2)[K],G-1[L],d[L],(b.g)[K],G-1[K],(A-1.A-2.e3.d3.#a2.g2)[K],A-1[L],(e.e3.d3.#a2.g2)[L],(#c1.a)[K],A-1[K],(d.D-1)[K],d[L],a[L],(#f1.d1.d3.a2.#f2)[K],d[K],(b2.#f2.d2)[K],d[K],(#f1.d1)[K],(d.d3.a2.#f2)[K],(c.C-1)[K],(c.b2.e2.c2)[L],g[L],(e1.c1)[K],(c.b2.e2.c2)[J],(c.e2.c2)[L],(#f2.d2)[L],(e1.c1.g2.e2)[K],(c.#f2.d2)[L],(g2.e2)[L],(G-1.G-2.a2.#f2)[K],G-1[L],d[L],(b.g.#f2.d2)[K],(G-1.e2.b1)[K],(d3.b2.g2)[K],G-1[K],(b.g)[K],(G-1.e3.b2.g2)[K],(G-1.G-2)[K],G-1[L],d[L],(b.g)[K],G-1[K],(A-1.A-2.e3.d3.#a2.g2)[K],A-1[L],(e.e3.d3.#a2.g2)[L],(#c1.a)[K],(A-1.A-2)[K],(d.D-1)[K],d[L],a[L],(#f1.d1.#f2.d2)[K],(d.g2.e2)[K],(#f2.d2)[K],d[K],(#f1.d1.e2.#c2)[K],(d.d2.a1)[K],(G-1.G-2.d2.b1)[K],(G-1.b1.g1)[L],(d.d2.b1)[L],(b.g)[K],(G-1.e2.#c2)[K],(#f2.d2)[K],G-1[K],(b.g.b1.g1)[K],(G-1.b1.g1)[K],(#A-1.#A-2)[K],#A-1[L],f[L],(d1.#a.f2.d2)[K],(#A-1.f2.d2)[K],(e2.c2)[K],#A-1[K],(d1.#a.d2.#a1)[K],(#A-1.d2.#a1)[K],(A-1.A-2)[K],A-1[L],e[L],(#c1.a.#f2.#c2)[K],(A-1.g2.e2)[K],(#f2.#c2)[K],A-1[K],(#c1.a.e2.#c2)[K],(A-1.d2.a1)[K],(d.D-1)[K],d[L],a[L],(#f1.d1.#f2.d2)[K],(d.g2.e2)[K],(#f2.d2)[K],d[K],(#f1.d1.e2.#c2)[K],(d.d2.a1)[K],(G-1.G-2.d2.b1)[K],(G-1.b1.g1)[L],(d.d2.b1)[L],(b.g)[K],(G-1.e2.#c2)[K],(#f2.d2)[K],G-1[K],(b.g.b1.g1)[K],(G-1.b1.g1)[K],(#A-1.#A-2.f2.d2)[K],#A-1[L],(f.e2.c2)[L],(d1.#a)[L],(d2.#a1)[L],(#A-1.d2.#a1)[K],(f2.d2)[K],#A-1[L],(e2.c2)[L],(d1.#a)[L],(d2.#a1)[L],(#A-1.d2.#a1)[K],(A-1.A-2.f2.#c2)[K],A-1[L],(e.e2.a1)[L],(#c1.a)[L],(d2.a1)[L],(A-1.d2.a1)[K],(d2.a1)[K],(A-1.e2.#c2)[K],(#c1.a.a2.#f2)[K],(A-1.#f2.#c2)[K],(c.C-1)[K],(c.a2.#f2)[K],(e1.c1.g2.e2)[K],(c.#f2.d2)[K],(e2.c2)[K],(c.#f2.d2)[K],(e1.c1.g2.e2)[K],(c.a2.#f2)[K],(c.C-1)[K],c[K],(e1.c1.d2.g1)[K],(c.d2.g1)[K],(d2.g1)[K],(c.e2.c2)[K],(e1.c1.#f2.c2)[K],(c.a2.#f2)[K],(G-1.G-2)[K],G-1[K],(b.g.d2.g1)[K],(G-1.d2.g1)[K],(d2.g1)[K],(G-1.e2.b1)[K],(b.g.#f2.d2)[K],(G-1.a2.#f2)[K],(G-1.G-2)[K],G-1[K],(b.g)[K],(G-1.#f2.d2)[K],(A-1.A-2)[K],(A-1.e2.#c2)[K],(#c1.a)[K],A-1[K],(c.C-1)[K],(c.a2.#f2)[K],(e1.c1.g2.e2)[K],(c.#f2.d2)[K],(e2.c2)[K],(c.#f2.d2)[K],(e1.c1.g2.e2)[K],(c.a2.#f2)[K],(c.C-1)[K],c[K],(e1.c1.d2.g1)[K],(c.d2.g1)[K],(d2.g1)[K],(c.e2.c2)[K],(e1.c1.#f2.c2)[K],(c.a2.#f2)[K],(G-1.G-2)[K],(g.d.g2.d2)[K],(g.d.g2.d2)[K],(#F-1.#F-2)[K],(#f.d.d2.a1)[K],(#f.d.#f2.d2)[K],(#f.d.#f2.d2)[K],(F-1.F-2)[K],(f.d.f2.d2)[K],(f.d.f2.d2)[K],(#A-2.#A-3.d1)[L],f1[L],(#a.g1)[L],(d1.#a1)[L],(f1.d2)[L],(g1.f2)[L],(#a1.g2)[L],(d2.#a2)[L],(f2.d3)[L],(g2.f3)[L],(#a2.g3)[L],(d3.#a3)[L],(f3.d4)[L],(g3.f4)[L],(#a3.g4)[L],(d4.#a4)[JL],(a.A-1.d2.a1)[K],(d2.a1)[L],(d2.a1)[L],(A-1.A-2)[L],(d2.a1)[L],(d2.a1)[K],(D-1.D-2)[KL],d[L],(d1.a.#f.d3.a2.#f2)[K],d[K],(D-1.b2.#f2.d2)[K],d[K],(d1.a.#f)[K],(d.d3.a2.#f2)[K],(C-1.C-2)[K],(b2.e2.c2)[L],c[L],(c1.g.e)[K],(c.b2.e2.c2)[K],C-1[K],c[K],(c1.g.e)[K],(c.b2.g2.d2)[K],(G-1.G-2)[K],(b2.g2.d2)[L],g[L],(g1.d1.b.a2.d2.b1)[K],(g.a2.d2.b1)[K],(G-1.#f2.b1.g1)[K],g[K],(g1.d1.b.e2.b1.g1)[K],(g.#f2.b1.g1)[K],(G-1.G-2)[K],(#f2.b1.g1)[L],g[L],(g1.d1.b.e2.b1.g1)[K],(g.d2.b1.g1)[K],(A-1.A-2.d2.a1.e1)[KL],(a.b1.e1.#c1)[L],(a1.e1.#c1)[K],(a.a1.e1.#c1)[K],(D-1.D-2)[KL],d[L],(d1.a.#f.d3.a2.#f2)[K],d[K],(D-1.b2.#f2.d2)[K],d[K],(d1.a.#f)[K],(d.d3.a2.#f2)[K],(C-1.C-2)[K],(b2.e2.c2)[L],c[L],(c1.g.e)[K],(c.b2.e2.c2)[K],C-1[K],c[K],(c1.g.e)[K],(c.b2.g2.d2)[K],(G-1.G-2)[K],(b2.g2.d2)[L],g[L],(g1.d1.b.a2.d2.b1)[K],(g.a2.d2.b1)[K],(G-1.#f2.b1.g1)[K],g[K],(g1.d1.b.e2.b1.g1)[K],(g.#f2.b1.g1)[K],(G-1.G-2)[K],(#f2.b1.g1)[L],g[L],(g1.d1.b.e2.b1.g1)[K],(g.d2.b1.g1)[K],(A-1.A-2.d2.a1.e1)[KL],(a.a2.e2.#c2)[L],(a1.e1.#c1)[K],(a.#f2.#c2.a1)[K],(#F-1.#F-2)[KL],#f[L],(#f1.#c1.a)[K],(#f.d2.a1.#f1)[L],(d2.a1.#f1)[L],(#F-1.#f2.d2.a1)[K],(#f.a2.#f2.d2)[K],(#f1.#c1.a)[K],(#f.d2.a1.#f1)[L],(d2.a1.#f1)[L],(G-1.G-2.#f2.d2.b1)[K],(a2.#f2.d2)[L],g[L],(g1.d1.b)[K],(g.b1.g1.d1)[L],(b1.g1.d1)[L],(G-1.d2.b1.g1)[K],(g.b1.g1.d1)[L],(d2.b1.g1)[L],(g1.d1.b)[K],(g.d2.b1.g1)[K],(#F-1.#F-2.d2.a1.#f1)[KL],#f[L],(#f1.#c1.a)[K],(#f.d2.a1.#f1)[L],(d2.a1.#f1)[L],(#F-1.#f2.d2.a1)[K],(#f.a2.#f2.d2)[K],(#f1.#c1.a)[K],"]},{"id":2,"baseBeats":0.5,"scores":["(#f.d2.a1.#f1)[L],(d2.a1.#f1)[L],(G-1.G-2.#f2.d2.b1)[K],(a2.#f2.d2)[L],g[L],(g1.d1.b.#f2.d2.b1)[K],(g.e2.b1.g1)[K],(A-1.A-2.#f2.#c2.a1)[KL],(a.a2.e2.#c2)[L],(a1.e1.#c1)[K],(a.d3.a2.#f2)[K],(D-1.D-2)[KL],d[L],(d1.a.#f.d3.a2.#f2)[K],d[K],(D-1.b2.#f2.d2)[K],d[K],(d1.a.#f)[K],(d.d3.a2.#f2)[K],(C-1.C-2)[K],(b2.e2.c2)[L],c[L],(c1.g.e)[K],(c.b2.e2.c2)[K],C-1[K],c[K],(c1.g.e)[K],(c.b2.g2.d2)[K],(G-1.G-2)[K],(b2.g2.d2)[L],g[L],(g1.d1.b.a2.d2.b1)[K],(g.a2.d2.b1)[K],(G-1.#f2.b1.g1)[K],g[L],(e2.b1.g1)[L],(g1.d1.b)[K],(g.#f2.b1.g1)[K],(g1.d1.b)[JL],(G-1.G-2.b1.g1.d1)[L],(G-1.G-2.d2.b1.g1)[L],(G-1.G-2.b1.g1.d1)[L],(A-1.A-2.d2.a1.e1)[KL],(A-1.A-2.d2.a1.e1)[KL],(A-1.A-2.d2.a1.e1)[K],(d.D-1)[KL],d[L],(#f1.a)[K],d[J],d[K],(#f1.a)[K],d[K],(G-1.G-2)[K],(b2.g2.d2)[L],G-1[L],(b.d.#f2.d2.b1)[K],(G-1.a2.#f2.d2)[K],(b2.g2.d2)[K],G-1[K],(b.d)[K],(G-1.f2.d2.b1)[K],(#A-1.#A-2.e2.d2.#a1)[KL],#A-1[L],(d1.f)[K],#A-1[J],(#A-1.f2.d2.#a1)[K],(d1.f.e2.d2.#a1)[K],(#A-1.e2.d2.#a1)[K],(G-1.G-2)[K],(d2.b1.g1)[L],G-1[L],(b.d)[K],G-1[K],(a.A-1)[J],(A-2.A-3.a4.e4.#c4.a3)[J],(d.D-1)[K],d[L],a[L],(#f1.d1.#f2.d2)[K],(d.g2.e2)[K],(#f2.d2)[K],d[K],(#f1.d1.e2.#c2)[K],(d.d2.a1)[K],(G-1.G-2.d2.b1)[K],(G-1.b1.g1)[L],(d.d2.b1)[L],(b.g)[K],(G-1.e2.#c2)[K],(#f2.d2)[K],G-1[K],(b.g.b1.g1)[K],(G-1.b1.g1)[K],(#A-1.#A-2)[K],#A-1[L],f[L],(d1.#a.f2.d2)[K],(#A-1.f2.d2)[K],(e2.c2)[K],#A-1[K],(d1.#a.d2.#a1)[K],(#A-1.d2.#a1)[K],(A-1.A-2)[K],A-1[L],e[L],(#c1.a.#f2.#c2)[K],(A-1.g2.e2)[K],(#f2.#c2)[K],A-1[K],(#c1.a.e2.#c2)[K],(A-1.d2.a1)[K],(d.D-1)[K],d[L],a[L],(#f1.d1.#f2.d2)[K],(d.g2.e2)[K],(#f2.d2)[K],d[K],(#f1.d1.e2.#c2)[K],(d.d2.a1)[K],(G-1.G-2.d2.b1)[K],(G-1.b1.g1)[L],(d.d2.b1)[L],(b.g)[K],(G-1.e2.#c2)[K],(#f2.d2)[K],G-1[K],(b.g.b1.g1)[K],(G-1.b1.g1)[K],(#A-1.#A-2.f2.d2)[K],#A-1[L],(f.e2.c2)[L],(d1.#a)[L],(d2.#a1)[L],(#A-1.d2.#a1)[K],(f2.d2)[K],#A-1[L],(e2.c2)[L],(d1.#a)[L],(d2.#a1)[L],(#A-1.d2.#a1)[K],(A-1.A-2.f2.#c2)[K],A-1[L],(e.e2.a1)[L],(#c1.a)[L],(d2.a1)[L],(A-1.d2.a1)[K],(d2.a1)[K],(A-1.e2.#c2)[K],(#c1.a.a2.#f2)[K],(A-1.#f2.#c2)[K],(c.C-1)[K],(c.a2.#f2)[K],(e1.c1.g2.e2)[K],(c.#f2.d2)[K],(e2.c2)[K],(c.#f2.d2)[K],(e1.c1.g2.e2)[K],(c.a2.#f2)[K],(c.C-1)[K],c[K],(e1.c1.d2.g1)[K],(c.d2.g1)[K],(d2.g1)[K],(c.e2.c2)[K],(e1.c1.#f2.c2)[K],(c.a2.#f2)[K],(G-1.G-2)[K],G-1[K],(b.g.d2.g1)[K],(G-1.d2.g1)[K],(d2.g1)[K],(G-1.e2.b1)[K],(b.g.#f2.d2)[K],(G-1.a2.#f2)[K],(G-1.G-2)[K],G-1[K],(b.g)[K],(G-1.#f2.d2)[K],(A-1.A-2)[K],(A-1.e2.#c2)[K],(#c1.a)[K],A-1[K],(c.C-1)[K],(c.a2.#f2)[K],(e1.c1.g2.e2)[K],(c.#f2.d2)[K],(e2.c2)[K],(c.#f2.d2)[K],(e1.c1.g2.e2)[K],(c.a2.#f2)[K],(c.C-1)[K],c[K],(e1.c1.d2.g1)[K],(c.d2.g1)[K],(d2.g1)[K],(c.e2.c2)[K],(e1.c1.#f2.c2)[K],(c.a2.#f2)[K],(G-1.G-2)[K],(g.d.g2.d2)[K],(g.d.g2.d2)[K],(#F-1.#F-2)[K],(#f.d.d2.a1)[K],(#f.d.#f2.d2)[K],(#f.d.#f2.d2)[K],(F-1.F-2)[K],(f.d.f2.d2)[K],(f.d.f2.d2)[K],(#A-2.#A-3.d1)[L],f1[L],(#a.g1)[L],(d1.#a1)[L],(f1.d2)[L],(g1.f2)[L],(#a1.g2)[L],(d2.#a2)[L],(f2.d3)[L],(g2.f3)[L],(#a2.g3)[L],(d3.#a3)[L],(f3.d4)[L],(g3.f4)[L],(#a3.g4)[L],(d4.#a4)[JL],(a.A-1.d2.a1)[K],(d2.a1)[L],(d2.a1)[L],(A-1.A-2)[L],(d2.a1)[L],(d2.a1)[K],(D-1.D-2)[K],d[L],d[L],(d1.a.#f.d3.a2.#f2)[K],d[K],(b2.#f2.d2)[L],D-1[L],d[L],d[L],(d1.a.#f)[L],d[L],(d.d3.a2.#f2)[L],D-1[L],(C-1.C-2)[K],(c.b2.e2.c2)[L],c[L],(c1.g.e)[K],(c.b2.e2.c2)[KL],C-1[L],c[L],c[L],(c1.g.e)[L],c[L],(c.b2.g2.d2)[L],C-1[L],(G-1.G-2)[K],(g.b2.g2.d2)[L],g[L],(g1.d1.b.a2.d2.b1)[K],(g.a2.d2.b1)[K],(#f2.b1.g1)[L],G-1[L],g[L],g[L],(g1.d1.b.e2.b1.g1)[L],g[L],(g.#f2.b1.g1)[L],G-1[L],(G-1.G-2)[K],(g.#f2.b1.g1)[L],g[L],(g1.d1.b.e2.b1.g1)[K],(g.d2.b1.g1)[K],(A-1.A-2.d2.a1.e1)[K],a[L],(a.b1.e1.#c1)[L],(a1.e1.#c1)[K],(a.a1.e1.#c1)[K],(D-1.D-2)[K],d[L],d[L],(d1.a.#f.d3.a2.#f2)[K],d[K],(b2.#f2.d2)[L],D-1[L],d[L],d[L],(d1.a.#f)[L],d[L],(d.d3.a2.#f2)[L],D-1[L],(C-1.C-2)[K],(c.b2.e2.c2)[L],c[L],(c1.g.e)[K],(c.b2.e2.c2)[KL],C-1[L],c[L],c[L],(c1.g.e)[L],c[L],(c.b2.g2.d2)[L],C-1[L],(G-1.G-2)[K],(g.b2.g2.d2)[L],g[L],(g1.d1.b.a2.d2.b1)[K],(g.a2.d2.b1)[K],(#f2.b1.g1)[L],G-1[L],g[L],g[L],(g1.d1.b.e2.b1.g1)[L],g[L],(g.#f2.b1.g1)[L],G-1[L],(G-1.G-2)[K],(g.#f2.b1.g1)[L],g[L],(g1.d1.b.e2.b1.g1)[K],(g.d2.b1.g1)[K],(A-1.A-2.d2.a1.e1)[K],a[L],(a.a2.e2.#c2)[L],(a1.e1.#c1)[K],(a.#f2.#c2.a1)[K],(#F-1.#F-2)[K],#f[L],#f[L],(#f1.#c1.a)[K],(#f.d2.a1.#f1)[L],(d2.a1.#f1)[L],(#f2.d2.a1)[L],#F-1[L],(#f.a2.#f2.d2)[L],#f[L],(#f1.#c1.a)[L],#f[L],(#f.d2.a1.#f1)[L],(#F-1.d2.a1.#f1)[L],(G-1.G-2.#f2.d2.b1)[K],(g.a2.#f2.d2)[L],g[L],(g1.d1.b)[K],(g.b1.g1.d1)[L],(b1.g1.d1)[L],(d2.b1.g1)[L],G-1[L],(g.b1.g1.d1)[L],(g.d2.b1.g1)[L],(g1.d1.b)[L],g[L],(g.d2.b1.g1)[L],G-1[L],(#F-1.#F-2.d2.a1.#f1)[K],#f[L],#f[L],(#f1.#c1.a)[K],(#f.d2.a1.#f1)[L],(d2.a1.#f1)[L],(#f2.d2.a1)[L],"]},{"id":3,"baseBeats":0.5,"scores":["#F-1[L],(#f.a2.#f2.d2)[L],#f[L],(#f1.#c1.a)[L],#f[L],(#f.d2.a1.#f1)[L],(#F-1.d2.a1.#f1)[L],(G-1.G-2.#f2.d2.b1)[K],(g.a2.#f2.d2)[L],g[L],(g1.d1.b.#f2.d2.b1)[K],(g.e2.b1.g1)[K],(A-1.A-2.#f2.#c2.a1)[K],a[L],(a.a2.e2.#c2)[L],(a1.e1.#c1)[L],a[L],(a.d3.a2.#f2)[L],A-1[L],(D-1.D-2)[K],d[L],d[L],(d1.a.#f.d3.a2.#f2)[K],d[K],(b2.#f2.d2)[L],D-1[L],d[L],d[L],(d1.a.#f)[L],d[L],(d.d3.a2.#f2)[L],D-1[L],(C-1.C-2)[K],(c.b2.e2.c2)[L],c[L],(c1.g.e)[K],(c.b2.e2.c2)[KL],C-1[L],c[L],c[L],(c1.g.e)[L],c[L],(c.b2.g2.d2)[L],C-1[L],(G-1.G-2)[K],(g.b2.g2.d2)[L],g[L],(g1.d1.b.a2.d2.b1)[K],(g.a2.d2.b1)[K],(#f2.b1.g1)[L],G-1[L],g[L],(g.e2.b1.g1)[L],(g1.d1.b)[L],g[L],(g.#f2.b1.g1)[L],G-1[L],(G-1.G-2)[K],g[L],g[L],(g1.d1.b)[L],(b1.g1.d1)[L],(g.d2.b1.g1)[L],(b1.g1.d1)[L],(a.A-1.d2.a1.e1)[K],A-2[L],(A-1.A-2.d2.a1.e1)[K],A-2[L],(A-2.A-3.d2.a1.e1)[K],(D-1.D-2)[L],(#f2.d2)[L],d[L],(d.g2.e2)[L],(d1.a.#f.#f2.d2)[L],(e2.#c2)[L],(d.d2.b1)[L],(#c2.a1)[L],(d2.a1)[L],D-1[L],(d.d2.a1)[L],(d.d2.a1)[L],(d1.a.#f)[L],(d.b1.#f1)[L],(d.d2.a1)[L],(D-1.b1.#f1)[L],(D-1.D-2.d2.a1)[K],(d.d2.a1)[L],(d.d2.a1)[L],(d1.a.#f)[K],(d.d2.a1.#f1)[K],(d.D-1.#f2.d2.a1)[K],(D-2.d2.a1.#f1)[K],(d.D-1.#f2.d2.a1)[K],(D-2.d2.a1.#f1)[K],(D-1.D-2)[L],(#f2.d2)[L],d[L],(d.g2.e2)[L],(d1.a.#f.#f2.d2)[L],(e2.#c2)[L],(d.d2.b1)[L],(#c2.a1)[L],(d2.a1)[L],D-1[L],(d.d2.a1)[L],(d.d2.a1)[L],(d1.a.#f)[L],(d.b1.#f1)[L],(d.d2.a1)[L],(D-1.b1.#f1)[L],(D-1.D-2.d2.a1)[K],(d.d2.a1)[L],(d.d2.a1)[L],(d1.a.#f)[K],(d.d2.a1.#f1)[K],(d.D-1.#f2.d2.a1)[K],(D-2.d2.a1.#f1)[K],(d.D-1.#f2.d2.a1)[K],(D-2.d2.a1.#f1)[K],(D-1.D-2)[K],(d.a2.#f2)[L],d[L],(d1.a.#f.a2.#f2)[K],(d.a2.#f2)[L],(a2.#f2)[L],(a2.#f2)[L],D-1[L],(d.a2.#f2)[L],(d.a2.#f2)[L],(d1.a.#f)[L],d[L],(d.#f2.d2)[L],D-1[L],(d.a2.#f2)[L],D-1[L],(d.#f2.d2)[L],d[L],(d1.a.#f.a2.#f2)[L],d[L],(d.#f2.d2)[L],D-1[L],(d.a2.#f2)[L],D-1[L],(d.b2.g2)[L],(d.a2.#f2)[L],(d1.a.#f)[L],d[L],(d.d2.a1)[L],D-1[L],(D-1.D-2)[L],(a2.#f2)[L],d[L],(d.b2.g2)[L],(d1.a.#f.a2.#f2)[K],(d.a2.#f2)[L],(a2.#f2)[L],(a2.#f2)[L],D-1[L],(d.a2.#f2)[L],(d.a2.#f2)[L],(d1.a.#f)[L],d[L],(d.d2.a1)[L],(D-1.D-2)[L],(#f2.d2)[K],(d2.a1)[K],(#f2.d2)[K],(d2.a1)[K],(#f2.d2)[K],(a2.#f2)[K],(#f2.d2)[K],(d3.d2)[K],(d.D-1.a3.a2)[K],d1[K],(d2.a1)[K],(d1.g3.g2)[L],(#f3.#f2)[KL],d1[K],(d2.a1)[K],d1[K],(c.C-1)[K],c1[K],(c2.g1)[K],c1[K],(e3.e2)[K],(c1.#f3.#f2)[L],(g3.g2)[L],(c2.g1)[L],(a3.a2)[L],c1[L],(#f3.#f2)[L],(G-1.G-2)[K],g[K],(g1.d1)[K],(g.e3.e2)[L],(d3.d2)[L],(d3.d2)[K],g[K],(g1.d1)[K],g[K],(A-1.A-2)[K],(a.a2.a1)[K],(a1.e1)[K],a[J],a[K],(a1.e1)[K],(a.d3.d2)[K],(D-1.D-2.a3.a2)[K],d1[L],d1[L],(d2.a1)[L],d1[L],(d1.g3.g2)[L],(d.#f3.#f2)[K],d1[L],d1[L],d1[L],(d2.a1)[L],d1[L],d1[L],d[L],(C-1.C-2)[K],c1[L],c1[L],(c2.g1)[L],c1[L],c1[L],c[L],(e3.e2)[L],c1[L],(c1.#f3.#f2)[L],(c1.g3.g2)[L],(c2.g1)[L],(c1.a3.a2)[L],c1[L],c[L],(G-1.G-2.b3.b2)[K],g1[L],g1[L],(g2.d2)[L],g1[L],(g1.g3.g2)[L],g[K],g1[L],g1[L],g1[L],(g2.d2)[L],g1[L],(g1.a3.a2)[L],g[L],(A-1.A-2)[K],a1[L],a1[L],(a2.e2)[L],a1[L],a1[L],a[K],a1[L],a1[L],a1[L],(a2.e2)[L],a1[L],a1[L],a[L],(a.A-1.d2.b1.g1)[L],(a.A-1.d2.b1.g1)[K],(a.A-1.d2.b1.g1)[L],(A-1.A-2)[K],(A-1.A-2.d2.b1.g1)[K],(A-1.A-2.d2.a1.e1)[K],(d2.a1.e1)[L],(d2.a1.e1)[L],(A-2.A-3)[L],(d2.a1.e1)[L],(d2.a1.e1)[K],(D-1.D-2)[K],d[L],d[L],(d1.a.#f.d3.a2.#f2)[K],d[K],(b2.#f2.d2)[L],D-1[L],d[L],d[L],(d1.a.#f)[L],d[L],(d.d3.a2.#f2)[L],D-1[L],(C-1.C-2)[K],(c.b2.e2.c2)[L],c[L],(c1.g.e)[K],(c.b2.e2.c2)[KL],C-1[L],c[L],c[L],(c1.g.e)[L],c[L],(c.b2.g2.d2)[L],C-1[L],(G-1.G-2)[K],(g.b2.g2.d2)[L],g[L],(g1.d1.b.a2.d2.b1)[K],(g.a2.d2.b1)[K],(#f2.b1.g1)[L],G-1[L],g[L],g[L],(g1.d1.b.e2.b1.g1)[L],g[L],(g.#f2.b1.g1)[L],G-1[L],(G-1.G-2)[K],(g.#f2.b1.g1)[L],g[L],(g1.d1.b.e2.b1.g1)[K],(g.d2.b1.g1)[K],(A-1.A-2.d2.a1.e1)[K],a[L],(a.b1.e1.#c1)[L],(a1.e1.#c1)[K],(a.a1.e1.#c1)[K],(D-1.D-2)[K],d[L],d[L],(d1.a.#f.d3.a2.#f2)[K],d[K],(b2.#f2.d2)[L],D-1[L],d[L],d[L],(d1.a.#f)[L],d[L],(d.d3.a2.#f2)[L],D-1[L],(C-1.C-2)[K],(c.b2.e2.c2)[L],c[L],(c1.g.e)[K],(c.b2.e2.c2)[KL],C-1[L],c[L],c[L],(c1.g.e)[L],c[L],(c.b2.g2.d2)[L],C-1[L],(G-1.G-2)[K],(g.b2.g2.d2)[L],g[L],(g1.d1.b.a2.d2.b1)[K],(g.a2.d2.b1)[K],(#f2.b1.g1)[L],G-1[L],g[L],g[L],(g1.d1.b.e2.b1.g1)[L],g[L],(g.#f2.b1.g1)[L],G-1[L],(G-1.G-2)[K],(g.#f2.b1.g1)[L],g[L],(g1.d1.b.e2.b1.g1)[K],(g.d2.b1.g1)[K],(A-1.A-2.d2.a1.e1)[K],a[L],(a.a2.e2.#c2)[L],(a1.e1.#c1)[K],(a.#f2.#c2.a1)[K],(#F-1.#F-2)[K],#f[L],#f[L],(#f1.#c1.a)[K],(#f.d2.a1.#f1)[L],(d2.a1.#f1)[L],(#f2.d2.a1)[L],#F-1[L],(#f.a2.#f2.d2)[L],#f[L],(#f1.#c1.a)[L],#f[L],(#f.d2.a1.#f1)[L],(#F-1.d2.a1.#f1)[L],(G-1.G-2.#f2.d2.b1)[K],(g.a2.#f2.d2)[L],g[L],(g1.d1.b)[K],(g.b1.g1.d1)[L],(b1.g1.d1)[L],(d2.b1.g1)[L],G-1[L],(g.b1.g1.d1)[L],(g.d2.b1.g1)[L],(g1.d1.b)[L],g[L],(g.d2.b1.g1)[L],G-1[L],(#F-1.#F-2.d2.a1.#f1)[K],#f[L],#f[L],(#f1.#c1.a)[K],(#f.d2.a1.#f1)[L],(d2.a1.#f1)[L],(#f2.d2.a1)[L],#F-1[L],(#f.a2.#f2.d2)[L],#f[L],(#f1.#c1.a)[L],#f[L],(#f.d2.a1.#f1)[L],(#F-1.d2.a1.#f1)[L],(G-1.G-2.#f2.d2.b1)[K],(g.a2.#f2.d2)[L],g[L],(g1.d1.b.#f2.d2.b1)[K],(g.e2.b1.g1)[K],(A-1.A-2.#f2.#c2.a1)[K],a[L],(a.a2.e2.#c2)[L],(a1.e1.#c1)[L],a[L],(a.d3.a2.#f2)[L],A-1[L],(D-1.D-2)[K],d[L],d[L],(d1.a.#f.d3.a2.#f2)[K],d[K],(b2.#f2.d2)[L],D-1[L],d[L],d[L],(d1.a.#f)[L],d[L],(d.d3.a2.#f2)[L],D-1[L],(C-1.C-2)[K],(c.b2.e2.c2)[L],c[L],(c1.g.e)[K],(c.b2.e2.c2)[KL],C-1[L],c[L],c[L],(c1.g.e)[L],c[L],(c.b2.g2.d2)[L],C-1[L],(G-1.G-2)[K],(g.b2.g2.d2)[L],g[L],(g1.d1.b.a2.d2.b1)[K],(g.a2.d2.b1)[K],(#f2.b1.g1)[L],G-1[L],g[L],(g.e2.b1.g1)[L],(g1.d1.b)[L],g[L],(g.#f2.b1.g1)[L],G-1[L],(G-1.G-2)[K],g[L],g[L],(g1.d1.b)[L],(b1.g1.d1)[L],(g.d2.b1.g1)[L],(b1.g1.d1)[L],(a.A-1.d2.a1.e1)[K],A-2[L],(A-1.A-2.d2.a1.e1)[K],A-2[L],(A-2.A-3.d2.a1.e1)[K],(D-1.D-2)[H],S,"]}],"audition":{"start":[0,0],"end":[0,8]}}