{"baseBpm":360,"musics":[{"bpm":360,"baseBeats":0.75,"scores":["mute[IJ],mute[IL],mute[KL],mute[JK],mute[JM],mute[LM],mute[JM],mute[LM],mute[JM],mute[LM],mute[JK],mute[JM],5<UV>,mute[JM],mute[LM],mute[JM],mute[LM],mute[HK],mute[JM],mute[LM],mute[JK],mute[JM],mute[LM],mute[JK],mute[JM],mute[LM],mute[JK],mute[IJ],mute[JM],mute[LM],mute[JK],mute[JM],mute[LM],mute[JK],mute[JM],mute[LM],mute[JK],mute[HK],mute[IJ],mute[IL],mute[KL],mute[JK],mute[JM],mute[LM],mute[JM],mute[LM],mute[JM],mute[LM],mute[JK],mute[JM],5<UV>,mute[JM],mute[LM],mute[JM],mute[LM],mute[JK],mute[IJ],mute[JM],mute[LM],mute[JK],mute[JM],mute[LM],mute[JK],mute[JM],mute[LM],mute[JK],mute[IJ],mute[JK],mute[KL],mute[LM],5<UV>,mute[JM],mute[LM],mute[JK],mute[JK],mute[JK],mute[IJ],mute[JM],mute[LM],mute[JM],5<UV>,mute[JM],mute[LM],mute[JM],mute[LM],mute[JM],mute[LM],mute[KL],mute[KL],mute[KL],mute[KL],mute[KL],mute[LM],mute[LM],mute[KL],mute[LM],mute[LM],mute[KL],mute[KL],mute[KL],mute[KL],mute[K],mute[K],mute[K],mute[K],mute[K],mute[K],mute[KL],mute[LM],5<UV>,mute[KL],mute[LM],mute[LM],mute[KL],mute[KL],mute[KL],mute[KL],mute[KL],mute[KL],mute[KL],mute[KL],mute[K],mute[K],mute[K],mute[K],mute[K],mute[K],mute[KL],mute[LM],5<UV>,mute[KL],mute[LM],mute[LM],mute[KL],mute[KL],mute[KL],mute[KL],mute[JK],mute[LM],mute[LM],mute[LM],mute[LM],mute[KL],mute[KL],mute[KL],mute[KL],mute[JK],mute[LM],mute[LM],mute[LM],mute[LM],mute[KL],mute[KL],mute[KL],mute[KL],mute[JK],mute[LM],mute[LM],mute[LM],mute[LM],mute[KL],mute[KL],mute[KL],mute[KL],mute[JK],mute[LM],mute[LM],mute[LM],mute[LM],mute[KL],mute[KL],mute[KL],mute[KL],mute[KL],mute[KL],mute[KL],mute[KL],mute[KL],mute[KL],mute[KL],mute[KL],mute[KL],mute[KL],mute[KL],mute[KL],mute[KL],mute[KL],mute[KL],mute[KL],mute[KL],mute[KL],mute[KL],mute[KL],mute[KL],mute[KL],mute[KL],mute[KL],mute[KL],mute[KL],mute[KL],mute[KL],mute[KL],mute[KL],mute[KL],mute[KL],mute[KL],mute[KL],mute[KL],mute[KL],mute[KL],mute[KL],mute[LM],mute[LM],mute[LM],mute[LM],mute[KL],mute[KL],mute[KL],mute[KL],mute[KL],mute[KL],mute[LM],mute[LM],mute[LM],mute[LM],mute[JK],mute[LM],mute[LM],mute[LM],mute[LM],mute[JK],mute[LM],mute[LM],mute[LM],mute[LM],mute[JK],mute[JM],mute[LM],mute[JK],mute[JK],mute[JK],mute[LM],mute[LM],mute[LM],mute[LM],mute[JK],mute[LM],mute[LM],mute[LM],mute[LM],mute[JK],mute[JM],mute[LM],mute[JK],mute[JK],mute[JK],mute[LM],mute[LM],mute[LM],mute[LM],mute[JK],mute[LM],mute[LM],mute[LM],mute[LM],mute[JK],mute[JM],mute[LM],mute[JK],mute[JK],mute[JK],mute[JLNP],mute[LM],mute[JKMNO],mute[JKMNO],mute[JK],mute[JM],mute[LM],mute[KL],mute[KL],mute[KL],mute[KL],mute[KL],mute[KL],mute[KL],mute[KL],mute[KL],mute[KL],mute[KL],mute[KL],mute[KL],mute[KL],mute[KL],mute[LM],mute[LM],mute[KL],mute[KL],mute[KL],mute[KL],5<UV>,mute[LM],mute[KL],mute[KL],mute[LM],mute[LM],mute[KL],mute[KL],mute[KL],mute[KL],mute[KL],mute[KL],mute[KL],mute[LM],mute[LM],mute[KL],mute[KL],mute[KL],mute[KL],mute[KL],mute[KL],mute[KL],mute[LM],mute[LM],mute[KL],mute[KL],mute[KL],mute[LM],mute[LM],mute[KL],mute[KL],mute[KL],mute[LM],mute[LM],mute[KL],mute[KL],mute[KL],mute[KL],mute[KL],mute[KL],mute[KL],mute[KL],mute[KL],mute[KL],5<UV>,5<UV>,5<UV>,5<UV>,mute[KL],mute[KL],mute[KL],mute[LM],mute[LM],mute[KL],mute[KL],mute[KL],mute[KL],mute[KL],mute[KL],mute[KL],mute[KL],mute[KL],mute[KL],mute[KL],mute[KL],mute[KL],mute[KL],mute[KL],mute[LM],mute[LM],mute[KL],mute[KL],mute[KL],mute[KL],mute[KL],mute[KL],mute[KL],mute[LM],mute[LM],mute[KL],mute[KL],mute[KL],mute[KL],mute[KL],mute[KL],mute[KL],mute[LM],mute[LM],mute[KL],mute[KL],mute[KL],mute[KL],mute[LM],mute[LM],5<UV>,5<UV>,5<UV>,5<UV>,5<UV>,5<UV>,mute[KL],mute[KL],mute[KL],mute[KL],mute[KL],mute[KL],mute[KL],mute[KL],mute[KL],mute[KL],mute[KL],mute[KL],mute[KL],mute[KL],mute[KL],mute[KL],mute[KL],mute[KL],mute[KL],5<UV>,5<UV>,mute[KL],mute[KL],mute[KL],mute[KL],mute[KL],mute[KL],mute[KL],mute[KL],mute[KL],mute[KL],mute[KL],mute[KL],mute[KL],mute[KL],mute[KL],mute[KL],mute[KL],mute[KL],mute[KL],mute[LM],mute[LM],mute[KL],mute[KL],mute[KL],mute[KL],mute[KL],mute[KL],mute[KL],mute[LM],mute[LM],mute[KL],mute[KL],mute[KL],mute[KL],mute[KL],mute[KL],mute[KL],mute[LM],mute[LM],mute[KL],mute[KL],mute[KL],mute[KL],mute[KL],mute[KL],mute[KL],mute[LM],mute[LM],mute[KL],mute[KL],mute[KL],mute[LM],mute[LM],mute[KL],mute[KL],mute[KL],mute[LM],mute[LM],mute[KL],mute[KL],mute[KL],mute[LM],mute[LM],mute[KL],mute[KL],mute[KL],mute[LM],mute[LM],mute[KL],mute[KL],mute[KL],mute[LM],mute[LM],mute[KL],mute[LM],mute[LM],mute[KL],mute[LM],mute[LM],mute[KL],mute[LM],mute[LM],mute[KL],mute[LM],mute[LM],mute[KL],mute[KL],mute[KL],mute[KL],mute[KL],mute[KL],mute[KL],mute[KL],mute[KL],mute[KL],mute[KL],mute[LM],mute[LM],mute[KL],mute[LM],5<UV>,mute[KL],mute[LM],mute[LM],mute[KL],mute[KL],mute[KL],mute[KL],mute[KL],mute[KL],mute[KL],mute[KL],mute[KL],mute[KL],mute[KL],mute[LM],mute[LM],mute[KL],mute[LM],5<UV>,mute[KL],mute[LM],mute[LM],mute[IKM],mute[LM],mute[JM],mute[LM],mute[JM],mute[LM],mute[JM],mute[LM],mute[JM],mute[LM],mute[JK],mute[JK],mute[JK],mute[KL],mute[KL],mute[KL],mute[KL],mute[KL],mute[KL],mute[KL],mute[KL],mute[KL],mute[KL],mute[KL],mute[KL],mute[KL],mute[KL],mute[JKMP],mute[JLO],mute[LM],mute[JKMP],mute[JKMP],mute[JKMP],mute[JLO],mute[LM],mute[JKMP],mute[JKMP],mute[IJLOP],mute[JKMP],mute[LM],mute[LM],mute[LM],mute[KN],mute[IJLOP],mute[JKMP],mute[LM],mute[LM],mute[LM],mute[KN],mute[KLNP],mute[KLNP],mute[KLNP],mute[KLNP],mute[KLNP],mute[KLNP],mute[KLNP],mute[KLNP],mute[KLNP],mute[KLNP],mute[KLNP],mute[KLNP],mute[KLNP],mute[KLNP],mute[KLNP],mute[KLNP],mute[JKMP],mute[JKMP],mute[JKMP],mute[JKMP],mute[ILMNOP],mute[KLNP],mute[KLNP],mute[KLNP],mute[KLNP],mute[KLNP],mute[KLNP],mute[KLNP],mute[KLNP],mute[KLNP],mute[KLNP],mute[KLNP],mute[KLNP],mute[KLNP],mute[KLNP],mute[KLNP],mute[KLNP],mute[KLNP],mute[KLNP],mute[KLNP],mute[KLNP],mute[KLNP],mute[HIKNOP],mute[IJLOP],mute[ILMNOP],mute[KLNP],mute[IJLOP],mute[IJLOP],mute[IJLOP],mute[ILMNOP],mute[KLNP],mute[IJLOP],mute[IKLMP],mute[LM],mute[LM],mute[LM],mute[KP],5<UV>,5<UV>,5<UV>,5<UV>,5<UV>,5<UV>,5<UV>,5<UV>,5<UV>,5<UV>,5<UV>,5<UV>,5<UV>,5<UV>,5<UV>,5<UV>,5<UV>,5<UV>,5<UV>,5<UV>,5<UV>,5<UV>,5<UV>,5<UV>,mute[KMN],mute[KMN],mute[KMN],mute[KMNO],mute[KMNO],mute[KMNO],mute[LM],mute[LM],mute[LM],mute[JNP],mute[JKMP],mute[JNP],mute[JK],mute[I],mute[I],mute[I],mute[JK],mute[K],mute[JK],mute[KM],5<UV>,5<UV>,5<UV>,5<UV>,5<UV>,mute[K],mute[K],mute[J],mute[JK],mute[K],mute[I],","(a1.a)[IJ],(d.d1.#f1)[IL],(d1.f1.d)[KL],(e1.A-1.#c1)[JK],(a1.a)[JM],(b.b1)[LM],(#c1.#c2)[JM],(a1.a)[LM],(#f1.#f2)[JM],(#d2.#d1)[LM],(e1.e2)[JK],(#c2.#c1)[KLMN],(#g.#g1)[MN],a1[MN],b1[MN],(a1.a)[JM],(#g1.#g)[LM],(a.a1)[JM],(#c1.#c2)[LM],(e1.e)[HK],(#c2.E-1.#g1.d1)[JM],(E-1.d1.#g1.b1)[LM],(a1.A-1.#c1)[JK],(E-1.#c2.d1.#g1)[JM],(#g1.E-1.b1.d1)[LM],(a1.A-1.#c1)[JK],(#g1.#c2.E-1.d1)[JM],(E-1.b1.d1.#g1)[LM],(a1.A-1.#c1)[JK],(#f1.#f)[IJ],(#a1.#F-1.e1.d2)[JM],(#F-1.#c2.e1.#a1)[LM],(B-1.b1.d1)[JK],(#F-1.d1.d2.#a1)[JM],(#F-1.#c2.e1.#a1)[LM],(b1.d1.B-1)[JK],(#F-1.d2.e1.#a1)[JM],(#F-1.#c2.e1.#a1)[LM],(b1.B-1.d1)[JK],(B-2.b2.b1.#f2.B-1.d2)[HK],(b1.b)[IJ],(e1.e.#g1)[IL],(e1.g1.e)[KL],(B-1.d1.#f1)[JK],(b1.b)[JM],(#c2.#c1)[LM],(d2.d1)[JM],(b.b1)[LM],(g1.g2)[JM],(f1.f2)[LM],(#f2.#f1)[JK],(d2.d1)[KLMN],(#a1.#a)[MN],b1[MN],#c2[MN],b[JM],(#a.#a1)[LM],(b.b1)[JM],(d2.d1)[LM],(#f.#f1)[JK],(f.f1)[IJ],(a.F-1.d1.#d)[JM],(F-1.c1.#d.a)[LM],(#a.d.#A-1)[JK],(F-1.d1.#d.a)[JM],(a.F-1.c1.#d)[LM],(d.#A-1.#a)[JK],(#d.F-1.a.d1)[JM],(#d.c1.F-1.a)[LM],(#a.#A-1.d)[JK],(d1.b.#G-2.e1.#G-1)[IJ],(#G-2.e1.d2.#G-1.b1)[JK],(d2.A-2.e1.A-1.a1)[KL],#c2[KN],#c2[MN],(d1.B-2.b1.B-1.#g1)[JM],(a1.#c.e1.#C-1)[LM],(#f1.D-1.b1.d)[JK],(#g1.d.b.D-1.e1)[JK],(d.b.e.D-1.e1)[JK],(#C-1.a.#c)[IJ],(B-2.d2.#g1.d1.B-1.e1)[JM],d2[LM],(a1.A-2.d1.A-1.d2.e1)[JM],(#c2.#c1)[MN],#c2[MN],(b1.B-2.d1.B-1.#g1)[JM],(e1.#C-1.a1.#c)[LM],(#f1.d.b1.D-1)[JM],(#F-1.#f)[LM],(#g1.e.b.e1.E-1)[JM],(d.D-1)[LM],(e1.D-1.b.d.e)[KL],(e.#C-1.a.#c)[KL],(e.B-2.#g.B-1.d1.e1)[KL],(#c1.A-2.e.A-1.a)[KL],(e.d1.B-2.#g.B-1)[KL],(d1.#f2.e.#f1.#g)[LM],(#f1.#f2)[LM],(#G-2.e1.e2.d2.#G-1.b1)[KL],(b1.e1.d2)[LM],#d2[LM],(#C-1.e1.e2.b1.#c)[KL],(b1.e1)[KL],(e3.#c1.e2.#c.b2)[KL],(b2.e2)[KL],(#d3.b2.#d2)[K],(e2.e3.b2)[K],(#f2.#f3.b2)[K],(e3.E-1.b2.e.e2)[K],(#c2.#c3.e2)[K],(a1.a2.#c2)[M],(A-1.a)[LM],(e1.e2.#c.a1.#C-1)[KL],(a1.e1)[KN],(e1.e2)[MN],(d1.d2.#F-1.a1.#f)[KL],(a1.d1)[LM],#c2[LM],(d1.d2.B-1.a1.B-2)[KL],(a1.d1)[KL],(#g1.b1.E-1.d1.e)[KL],(#g1.d1)[KL],(A-2.#c1.#c2.#g1.A-1)[KL],(#g1.#c1)[KL],(#c2.a.#g2.A-1)[KL],(#c2.#g2)[KL],(c3.#g2.c2)[K],(#g2.#c3.#c2)[K],(#g2.d3.d2)[K],(#c3.#C-1.#g2.#c.#c2)[K],(#g1.#g2.#c2)[K],(#g1.e1.e2)[M],(e.E-1)[LM],(A-2.#c2.#g1.#c1.A-1)[KL],(#g1.#c1)[LM],#c2[MN],#c2[MN],(#f1.b1.d.d1.D-1)[KL],(#f1.d1)[LM],a1[LM],(b.b1.#f1)[KL],(#f1.b)[KL],(B-1.#g1.e.b.E-1.e1)[KL],(e1.b)[KL],(a1.#f.#d1.B-1.a.b.#F-1)[JK],(B-1.b)[LM],(c.c1)[LM],(b.B-1)[LM],(b.B-1)[LM],(B-1.b)[KL],(#d2.B-2.b1.#F-1.a2.B-1.a1)[KL],(#d2.#f.b1.B-1.#g2.#F-1.a1)[KL],(#d2.b.b1.#f.a2.B-1.a1)[KL],(a1.#f1.#d2.b.b1.#f.b2)[JK],(b.B-1)[LM],(c1.c)[LM],(B-1.b)[LM],(B-1.b)[LM],(b.B-1)[KL],(a2.B-2.b1.B-1.#d2.#F-1.a1)[KL],(#g2.#f.b1.B-1.#d2.#F-1.a1)[KL],(#f2.b.b1.#f.#d2.B-1.a1)[KL],(b1.#g.e2.e.e1.#G-1.d2)[JK],(e1.e)[LM],(f1.f)[LM],(e.e1)[LM],(e.e1)[LM],(e1.e)[KL],(d3.E-1.e2.B-1.#g2.e.d2)[KL],(#c3.b.d2.e.#g2.B-1.e2)[KL],(d3.e1.d2.b.#g2.e.e2)[KL],(d2.#g1.b2.e1.e2.b.e3.#g)[JK],(e1.e)[LM],(f.f1)[LM],(e.e1)[LM],(e.e1)[LM],(e1.e)[KL],(d3.E-2.d2.E-1.#g2)[KL],(#c3.B-2.d2.B-1.#g2)[KL],(c3.E-1.d2.e.#g2)[KL],(#g2.f.b2.#c2.#c3.F-1)[KL],(#f.d3.d2.b2.#F-1.#g2)[KL],(f.#c2.#g2.#c3.F-1.b2)[KL],(g2.g3.e.#a2.E-1)[KL],(#d.b1.#f2.b2.#D-1.a2)[KL],(e.#f2.c2.a2.E-1.c3)[KL],(#D-1.b1.#f2.b2.#d.a2)[KL],(D-1.b2.f2.#g2.d.f3)[KL],(e2.#C-1.a2.#c.g2.a1)[KL],(#a2.D-1.g2.d.#a1.e2)[KL],(g2.#C-1.a2.#c.e2.a1)[KL],(#d2.C-1.#d3.c.#f2.a2)[KL],(#g2.B-2.d2.B-1.f2.d3)[KL],(a2.A-2.f2.A-1.d3.d2)[KL],(f2.#G-2.d2.#G-1.#a2.d3)[KL],(b2.#G-2.d2.#G-1.e2.d3)[KL],(#G-2.a2.#c2.#c3.A-1.e2)[KL],(d2.b2.B-1.#g2.B-2)[KL],(#c.#g2.#C-1.e2)[KL],(b1.b2.#D-1.#f2.#d)[KL],(E-1.#g1.#g2.b1.e.e2)[KL],(#f2.#d2.#F-1.a1.#f)[KL],(#G-1.e2.#g.b1)[KL],(#a.#f1.#f.#c2.#A-1.#f2)[KL],(d1.B-1.b1.d2.#f.#f1.b)[KL],(#c2.#c.#a1.#f.e1.#c1)[KL],(d1.d.#f1.#f.b1)[KL],(#c2.e1.g1.e.#a1)[KL],(#f1.d1.b1.d)[KL],(#c2.e.g1.e1.#a1)[KL],(#f1.d.b1.d1)[KL],(c1.#d.a1.#f2)[KL],(b1.b.#g1.e)[KL],(a1.#d.#f2.c1)[KL],(b1.b.#g1.e)[KL],(a1.#d.#f2.c1)[KL],(#g1.e.b1.b)[KL],(#f2.B-2.b1.B-1.b2.#d2.a1)[KL],(#g2.#A-2.b1.#A-1.#d2.b2.a1)[LM],(B-1.B-2)[LM],(b2.#C-1.b1.#c.#f2.a1)[LM],(#D-1.#d)[LM],(e2.e.e1.E-1.#g1)[KL],(a1.#d.#f2.c1)[KL],(b1.b.#g1.e)[KL],(a1.#d.#f2.c1)[KL],(#g1.e.b1.b)[KL],(#f2.B-2.b1.B-1.b2.#d2.a1)[KL],(#g2.#A-2.b1.#A-1.#d2.b2.a1)[LM],(B-1.B-2)[LM],(b2.#C-1.b1.#c.#f2.a1)[LM],(#D-1.#d)[LM],(#g1.e2.e.e1.E-1)[JK],(b.f1.a.d1)[LM],(g1.a.d1.b)[LM],(b.a.d1.f1)[LM],(b.a.d1.f1)[LM],(#g.b.e1.d1)[JK],(f1.a.d1.b)[LM],(g1.a.d1.b)[LM],(b.a.d1.f1)[LM],(b.a.d1.f1)[LM],(#g.b.e1.d1)[JK],(B-1.B-2)[JM],(B-1.B-2)[LM],(e.E-1)[JK],(B-1.B-2)[JK],(E-1.E-2)[JK],(#d1.c1.f1.a1)[LM],(f1.c1.#d1.b1)[LM],(f1.c1.#d1.a1)[LM],(f1.c1.#d1.a1)[LM],(#g1.b.e1)[JK],(#d1.c1.f1.a1)[LM],(f1.c1.#d1.b1)[LM],(f1.c1.#d1.a1)[LM],(f1.c1.#d1.a1)[LM],(#g1.b.e1)[JK],(B-1.B-2)[JM],(B-1.B-2)[LM],(e.E-1)[JK],(B-1.B-2)[JK],(E-1.E-2)[JK],(a1.#d1.c2.f1)[LM],(a1.#d1.d2.f1)[LM],(a1.#d1.c2.f1)[LM],(a1.#d1.c2.f1)[LM],(b1.e1.#g1)[JK],(a1.#d1.c2.f1)[LM],(a1.#d1.d2.f1)[LM],(a1.#d1.c2.f1)[LM],(a1.#d1.c2.f1)[LM],(b1.e1.#g1)[JK],(B-2.B-1)[JM],(B-1.B-2)[LM],(e.E-1)[JK],(B-1.B-2)[JK],(E-1.E-2)[JK],b[JLO],b[LMOP],e1[JKMNO],b[JKMNO],e[JK],(#f1.b1.d1)[JM],(#g1.#f2)[LM],(e2.a1.#c1)[KL],e1[KL],(#g1.d1.b)[KL],e1[KL],(#c1.#c2.A-1)[KL],(e.e1)[KL],(a.#c1)[KL],(e.e1)[KL],(#c1.a1.a)[KL],(e.e1)[KL],(a.#c1)[KL],(e.#c2.e1)[KL],(#c1.A-1.e2)[KL],e1[KL],(E-1.e.#c1)[KL],e1[LM],(E-1.e)[LM],(a.A-1.#c2.#c1)[KL],e1[KL],(e.E-1.#c1)[KL],e1[KL],(A-2.#c1.A-1)[MN],a1[MN],e2[LM],(e1.e)[KL],(a1.#c1.#c2)[KL],(e1.e)[LM],d2[LM],(e2.A-1.#c2.a1)[KL],(e1.e)[KL],(#c2.#c1.a2)[KL],(e1.e)[KL],(#c2.A-2.e2.A-1.a1)[KL],e1[KL],(E-1.e.#c1)[KL],e1[LM],(E-1.e)[LM],(#c2.A-1.a1.a.#c1)[KL],e1[KL],(E-1.e.#c1)[KL],e1[KL],(a1.d1.b1.A-1.A-2)[KL],(f1.f)[KL],(a1.d1.a.b1)[KL],(f1.f)[LM],#c2[LM],(a1.b1.A-1.d2)[KL],(f1.f)[KL],(a1.b1.d1.d2)[KL],(f1.f)[LM],e2[LM],(a1.b1.A-1.A-2.f2)[KL],f1[KL],(a1.b1.D-1.d)[KL],f1[LM],(D-1.d)[LM],(a1.#c2.a.A-1.e2)[KL],e1[KL],(a1.#c2.e.E-1)[KL],e1[KL],(a1.b1.A-1.A-2.d2)[KL],(d1.f)[KL],(b1.d2.a.d1.b2)[KL],(a1.f)[KL],(#g1.A-1)[KL],(e1.e)[KL],(#g1.d2.d1.b)[MN],e2[MN],d2[MN],e2[MN],(e1.d2.e)[MN],e2[MN],#c2[MN],d2[MN],(a1.#c2.A-1.A-2.#f2)[KL],e1[KL],(a1.#c2.E-1.e)[KL],(e1.e2)[LM],(E-1.e)[LM],(a1.A-1.a.#c2)[KL],e1[KL],(b1.f1.#G-1.#g)[KL],#c1[KL],(#f1.a1.#F-1.#F-2.#f2)[KL],(#c1.#c)[KL],(#f1.a1.#f.a)[KL],(#c1.#c)[KL],(e1.e2.#F-1)[KL],(#f1.d)[KL],(d1.b1.#f.b.d2)[KL],(#f1.d)[KL],(a1.#c1.#F-1.#F-2.#c2)[KL],#f1[KL],(#c1.#c.#C-1)[KL],(#f1.a1)[LM],(#c.#C-1)[LM],(a1.#c1.#F-1.#f.#c2)[KL],#f1[KL],(a1.#c1.#c.#C-1)[KL],#f1[KL],(#c1.a1.#F-2.#f2.#F-1)[KL],(#f1.#c)[KL],(a1.#f.#f2.a.#c1)[KL],(#f1.#c)[LM],#f2[LM],(e1.b1.#F-1.e2)[KL],(#f1.#f)[KL],(d1.b1.b.d2.d)[KL],(#f1.#f)[KL],(a1.#c1.#F-1.#F-2.#c2)[KL],#f1[KL],(#c1.#c.#C-1)[KL],(#f1.a1)[LM],(#c.#C-1)[LM],(a1.#c1.#F-1.#f.#c2)[KL],#f1[KL],(a1.#c1.#c.#C-1)[KL],#f1[KL],(B-2.#c2.B-1)[LM],#d2[LM],(#d2.b)[L],e2[MN],#d2[L],e2[N],(a.#f1)[M],#d2[L],e2[L],#d2[M],(b1.b)[N],e2[L],#c2[MN],#d2[L],(#a1.e2.B-1)[KL],(b1.b)[KL],(a1.#f2.#d1.#d2.#f)[KL],(b1.b)[KL],(#g1.e.e2.e1.#g2)[KL],(b1.b)[KL],(e1.b.#G-1)[KL],(b1.e)[KL],(#f1.#c1.#c2.A-1.#f2)[KL],(a1.a)[KL],(e1.g.#A-1.#c2)[KL],(g1.#c1)[KL],(b1.B-1.#g.e2)[KL],(#g1.b)[KL],(#a1.g)[KL],(e1.#c1)[KL],(b1.#f.e1.a1.a.e2)[KL],(#d1.b.#d2)[KL],(#c1.B-1.#c2)[KL],b[MN],(#d1.#d2)[MN],#d1[MN],a1[MN],(a1.e.E-1.#f2)[KL],(b1.b)[KL],(a1.#d1)[KL],(b1.b)[KL],(#g1.e1.e2)[KL],(e1.b)[KL],(#g1.d1.e.E-1.d2)[KL],(e1.b)[KL],(a1.#c1.A-1.#c2.A-2)[KL],(e1.e)[KL],(#c1.a)[KL],(e1.e)[KL],(#c1.a.A-1.a1)[KL],(e1.e)[KL],(#c1.a)[KL],(e1.#c2.e)[KL],(a1.#c1.A-1.A-2.e2)[KL],e1[KL],(#c1.E-1.e)[KL],e1[LM],(E-1.e)[LM],(a1.#c1.A-1.a.#c2)[KL],e1[KL],(#c1.e.E-1)[KL],e1[KL],(a1.#c1.A-1.A-2.e2)[KL],(e1.e)[KL],(a1.#c2.e1.a.#c1)[KL],(e1.e)[LM],d2[LM],(a1.#c2.A-1.e2)[KL],(e1.e)[KL],(#c2.a.a1.#c1.a2)[KL],(e1.e)[KL],(a1.#c1.A-1.A-2.e2)[KL],e1[KL],(#c1.E-1.e)[KL],e1[LM],(E-1.e)[LM],(a1.#c1.A-1.a.#c2)[KL],e1[KL],(#c1.e.E-1)[KL],e1[KL],(a1.d1.A-2.b1.A-1)[KL],(f1.f)[KL],(a1.d1.a.b1.d.A-1)[KL],(f1.f)[LM],#c2[LM],(a1.b1.a.d2.d.A-1)[KL],(f1.f)[KL],(a1.b1.a.d2.d.A-1)[KL],(f1.f)[LM],e2[LM],(b1.d2.f1.d.#G-1.f2.#g.f)[KL],(b1.d2.f1.#g.#G-1.f.d)[KL],(b1.d2.f1.d.#G-1.f2.#g.f)[KL],(b1.d2.f1.f.#G-1.d.#g)[LM],(#f2.#f1)[LM],(b1.d2.#g1.#f.#F-1.#g2.B-1.d)[KL],(b1.d2.#g1.#f.#F-1.d.B-1)[KL],(b1.d2.#g1.#f.#F-1.#g2.B-1.d)[KL],(b1.d2.#g1.#f.#F-1.d.B-1)[LM],(a2.a1)[LM],(b1.a2.d2.f.d.b2.B-1.F-1)[KL],(b1.a2.d2.F-1.f.B-1.d)[KL],(b1.a2.d2.B-1.f.b2.d.F-1)[KL],(b1.a2.d2.F-1.f.B-1.d)[LM],(#c3.#c2)[LM],(b2.d2.a2.A-1.f.F-1.d.d3.B-1)[KL],(a2.d2.b2.B-1.B-2)[KL],(a2.d2.b2.G-1.g)[KL],(b2.d2.a2)[LM],(F-1.f)[LM],(e2.e.#g2.E-1.d2.#c3)[KL],(E-1.e)[LM],(d2.b2.e2.#g2)[LM],(e2.B-2.#g2.B-1.d2.#c3)[KL],(E-1.e)[LM],(d2.b2.e2.#g2)[LM],(#c3.#G-2.e2.#G-1.d2)[KL],(E-1.e)[LM],(d2.b1.b2)[LM],(#g1.E-2.#g2.E-1.d2)[KL],(E-1.e)[LM],(d2.e1.e2.#g1)[LM],(e1.#c2.e2.A-1.A-2)[KL],(#c2.e1.E-1.E-2)[KL],(#c2.e2.A-1.A-2.#c3)[KL],(e2.#c2.E-1.e)[KL],(#c2.e2.#F-1.#f)[KL],(#c2.e2.E-1.e)[KL],(e2.c2.A-1.A-2.c3)[KL],(e2.c2.E-1.E-2)[KL],(d2.e2.b1.#G-2.b2.#G-1)[KL],(d2.b1.e2.E-1.E-2)[KL],(e2.#g1.d2.B-2.#g2.B-1)[KL],(d2.#g1.e.E-1)[LM],#f2[LM],(d2.#g1.#f.e2.#F-1)[KL],(d2.#g1.e.e2.E-1)[KN],#g2[MN],(d2.a1.B-2.#f2.B-1)[KL],(E-1.E-2)[LM],(d2.b1.e2)[LM],(e1.#c2.e2.A-1.A-2)[KL],(#c2.e1.E-1.E-2)[KL],(#c2.e2.A-1.A-2.#c3)[KL],(e2.#c2.E-1.e)[KL],(#c2.e2.#F-1.#f)[KL],(#c2.e2.E-1.e)[KL],(e2.c2.A-1.A-2.c3)[KL],(e2.c2.E-1.E-2)[KL],(d2.e2.b1.#G-2.b2.#G-1)[KL],(d2.b1.e2.E-1.E-2)[KL],(e2.#g1.d2.B-2.#g2.B-1)[KL],(d2.#g1.e.E-1)[LM],#f2[LM],(d2.#g1.#f.e2.#F-1)[KL],(d2.#g1.e.e2.E-1)[KN],#g2[MN],(d2.a1.B-2.#f2.B-1)[KL],(E-1.E-2)[LM],(d2.b1.e2)[LM],(#g2.#c3.#c1.#g.#c2.e.e1)[IKM],(#f.#f1.#f2.#c1.a2.a.#c2)[LM],(e.e1.#g2.#c1.#c3.#g.#c2)[JM],(#f.#f1.#f2.#c1.a2.a.#c2)[LM],(e1.#c3.#g.#g2.#c1.#c2.e)[JM],(#c1.#a2.g.#a1.g2.e1.e)[LM],(d.d1.#f2.b.b2.#f.b1)[JM],(e1.g2.g.e2.b.b1.e)[LM],(d.d1.#f2.b.b2.#f.b1)[JM],(e1.g2.g.e2.b.b1.e)[LM],(#f.d1.b1.b.d.#f2.b2)[JK],(f2.d.#g1.D-1.#g2)[JK],(a2.a1.#c.e2.#C-1)[JK],(a.a3.e.a2.#c)[KL],(e.a.#c)[KL],(f.a2.d.a3.#a)[KL],(#a.f.d)[KL],(b.a2.#d.a3.#f)[KL],(#f.b.#d)[KL],(a3.c1.e.g.a2)[KL],(g.c1.e)[KL],(#c1.e.a2.g.a1)[KL],(g.e.#c1)[KL],(a.f.a2.d1.a1)[KL],(d1.f.a)[KL],(a1.#d2.#d1.f.f1.a2.c1)[KL],(a1.f.#d1.c1.f1)[KL],(#a2.f1.d2.d1.#a1.#a)[JKMP],(f1.a1.f.a2.c1.#d2.#d1)[JMNOP],(g2.g1)[LMOP],(f1.f2)[JKMP],(d2.d1.#g1.b.#g2)[JKMP],(c1.#d2.#d1.#d)[JKMP],(#c1.#d.#a.g1.#d1.g2)[JMNOP],(f2.f1)[LMOP],(#d1.#d2)[JKMP],(#f2.c1.c2.a.#f1.#d)[JKMP],(e.a.e2.#c2.#c1.e1)[IJLOP],(a1.a2.#f.#c2.#c1)[JKMP],#g1[LMOP],a1[LMOP],#g2[LMOP],#f2[LMOP],(a1.d1.b1.b.#f1.d)[IJLOP],(b.e2.d1.#g1.e.e1)[JKMP],#d1[LMOP],e1[LMOP],#c2[LMOP],b1[LMOP],(a1.e.#c1.A-1)[KLNP],(#c2.#c1)[KLNP],(d2.d1)[KLNP],(#f2.#f1)[KLNP],(e1.e2)[KLNP],(a.a1)[KLNP],(b.b1)[KLNP],(d1.d2)[KLNP],(#c2.#c1)[KLNP],(e1.e)[KLNP],(#f1.#f)[KLNP],(a1.a)[KLNP],(e1.e)[KLNP],(#c1.#c)[KLNP],(d1.d)[KLNP],(#f1.#f)[KLNP],(#c.#c1)[JKMP],(#F-1.a.#f)[JKMP],(#C-1.#g.f)[JKMP],(#F-1.#a.e)[JKMP],(B-2.b.d1.d)[ILMNOP],#f[KLNP],(E-1.#c1.a)[KLNP],(b.#g)[KLNP],(a.#f)[KLNP],(#g.b.e)[KLNP],(A-2.a.#c1)[KLNP],(a1.a)[KLNP],(b1.b)[KLNP],(d2.d1)[KLNP],(#c2.#c1)[KLNP],(e1.e)[KLNP],(f1.f)[KLNP],(a1.a)[KLNP],(e1.e)[KLNP],(#c1.#c)[KLNP],(d1.d)[KLNP],(f1.f)[KLNP],(#c1.#c)[KLNP],(a.A-1)[KLNP],(#a.#A-1)[KLNP],(d1.d)[KLNP],(F-2.f.F-1)[HIKNOP],(c1.a1.#d1)[IJLOP],(#d1.c1.a1)[ILMNOP],(g1.#a.#d1)[KLNP],(g1.#d1.#a)[IJLOP],(#d1.a.f1)[IJLOP],(#d1.c2.f1)[IJLOP],(f1.c2.#d1)[ILMNOP],(d1.#a1.f1)[KLNP],(f1.d1.#a1.f3)[IJLOP],(#d1.c1.a1)[IKLMP],f[LMOP],(#d2.a1.#d1)[LNP],#f3[LNP],#g3[LO],d3[LO],f3[L],#d3[L],a2[L],e3[L],f3[L],#f3[L],#g3[L],d3[L],f3[L],#d3[L],a2[L],e3[L],f3[L],#f3[L],#g3[L],d3[L],f3[L],#d3[L],a2[L],e3[L],f3[L],#f3[L],#g3[L],d3[L],f3[L],#d3[L],a2[L],e3[L],f3[L],#f3[L],#g3[L],d3[L],f3[L],#d3[L],a2[L],#d3[M],#d2[M],(c4.F-2)[KMN],F-1[LNO],c4[LNO],#d[KMN],(c4.a)[KMNO],(#d1.c4)[KMNO],(a1.c4)[KMNO],(#d2.c4)[LO],a2[LO],a2[LO],#d3[LO],c4[JNP],b3[JKMP],a3[JNP],(e4.E-2)[JK],(#g1.e2.#c2.e1.#c3.#g3.#c4)[I],(e.e1.#g2.#c1.#c3.#g.#c2)[I],(#c1.e.#c2.E-1.#g1)[I],(e2.E-2.e1.E-1.#g1.#c2.d1)[JK],b1[K],(#c2.e1.e2.e.a1)[JK],(#g1.d1.b1)[K],(#g1.b1.d1)[L],(#c2.a1.e1)[L],(b1.#g1.d1)[L],(#c2.a1.e1)[L],(b1.#g1.d1)[L],(#c2.a1.e1)[L],(b1.#g1.d1)[L],(#c2.a1.e1)[L],(g1.#a1.#c1)[K],(b1.d1.#g1)[K],(a1.e1.#c2)[KL],(#g1.b1.d1)[L],(#c1.a1)[JK],(a1.#c1.e2.e.a2.A-1)[K],(a3.A-2)[I],"],"id":1,"instruments":["piano","piano"],"alternatives":["",""]},{"bpm":360,"baseBeats":0.75,"scores":["mute[KMOP],mute[KMOP],mute[KMOP],mute[KMOP],mute[KMOP],mute[KMO],mute[KMOP],mute[KMOP],mute[KMOP],mute[KMOP],mute[KMOP],mute[KMOP],mute[KMOP],mute[KMOP],mute[KMOP],mute[LM],mute[LM],mute[LM],mute[LM],mute[LMNO],mute[KMOP],mute[KLNO],mute[K],mute[KMOP],mute[KMOP],mute[KMOP],mute[KMOP],mute[KMOP],mute[KMOP],mute[KMOP],mute[KMO],mute[KMOP],mute[KMOP],mute[KLNO],mute[K],mute[KMOP],mute[KMO],mute[KMOP],mute[KMOP],mute[KMO],mute[KMOP],mute[LM],mute[LM],mute[LM],mute[LM],mute[LM],mute[LM],mute[KN],5<UV>,mute[KMOP],mute[KMOP],mute[KMOP],mute[KMOP],mute[LM],mute[LM],mute[KN],mute[KMOP],mute[KMOP],mute[LM],mute[LM],mute[LM],mute[LM],mute[LM],mute[LM],mute[LM],mute[K],mute[KMOP],mute[KMOP],mute[KMOP],mute[KMOP],mute[KNP],5<UV>,5<UV>,mute[KMOP],mute[KMOP],mute[KMOP],mute[LM],mute[LM],mute[LM],mute[LM],mute[LMNO],mute[KMOP],mute[KLMNO],5<UV>,mute[KNO],mute[KNO],mute[KLMOP],5<UV>,5<UV>,mute[LM],mute[LMNOP],5<UV>,5<UV>,mute[KO],5<UV>,5<UV>,5<UV>,5<UV>,5<UV>,5<UV>,5<UV>,5<UV>,5<UV>,5<UV>,5<UV>,5<UV>,5<UV>,5<UV>,5<UV>,5<UV>,5<UV>,mute[KOP],mute[KOP],mute[KOP],mute[KOP],mute[KOP],mute[KMN],mute[JKNOP],5<UV>,5<UV>,5<UV>,5<UV>,mute[KOP],mute[KOP],mute[KOP],mute[KOP],mute[KOP],mute[KOP],mute[KOP],mute[KOP],mute[KOP],mute[KOP],mute[KOP],mute[KOP],5<UV>,5<UV>,5<UV>,mute[KOP],8<(#f.#f1.#c1.#g1~#a1~b1~c2~#c2~#d2~e2~f2~#f2~#g2~#f2~e2.#f1.#c1.#f~#f2~#g2~#a2~b2~#c3~#f1.#c1.#f.#d3~e3~#f3~#g3~#a3)[IJ]>,mute[KOP],mute[KOP],mute[KOP],mute[KMNP],5<UV>,mute[KOP],mute[KOP],mute[KOP],mute[KOP],mute[KMNP],5<UV>,mute[KOP],mute[KOP],mute[KMNP],5<UV>,mute[KOP],mute[KOP],mute[KOP],5<UV>,5<UV>,5<UV>,mute[KN],8<(e1.b.e.#f1~#g1~a1~b1~#c2~d2~#d2~e2~#f2~e2~#d2.e1.b.e~e2~#f2~#g2~a2~b2~#c3~e1.b.e.d3~#d3~e3~#f3~#g3)[IJ]>,mute[KOP],mute[KOP],mute[KOP],mute[KOP],mute[KOP],mute[KOP],mute[KOP],mute[KOP],mute[KOP],mute[KOP],mute[KOP],mute[KOP],5<UV>,5<UV>,mute[K],mute[KNOP],mute[LMNO],mute[LM],mute[LM],mute[KMO],mute[KNOP],mute[KM],mute[KNOP],mute[KNOP],mute[KNOP],mute[KNOP],mute[KNOP],mute[KNOP],mute[KNOP],mute[KNOP],mute[KM],mute[KNOP],mute[LMNO],mute[LMNO],mute[LMNO],mute[LMNO],mute[LMNO],mute[LMNO],mute[LMNO],mute[LMNO],mute[LMNO],mute[KMO],5<UV>,5<UV>,mute[LMNO],mute[LMNO],mute[LMNO],mute[LMNO],mute[LMNO],mute[LMNO],mute[LMNO],mute[LMNO],mute[LMNO],mute[LMNO],mute[LMNO],mute[LMNO],mute[LMNO],mute[KMO],5<UV>,5<UV>,mute[LMNO],mute[LMNO],mute[LMNO],mute[LMNO],mute[LM],mute[LM],mute[LM],mute[LM],mute[LM],mute[LM],mute[LM],mute[LM],mute[LM],mute[LM],mute[LM],mute[LM],mute[LM],mute[LM],mute[LM],mute[LM],mute[KL],mute[LM],mute[LM],mute[LM],mute[LM],mute[LM],mute[LM],mute[LM],mute[LM],mute[LM],mute[LM],mute[LM],mute[LM],mute[LM],mute[LM],mute[KL],mute[LM],mute[LM],mute[LM],mute[LM],mute[LM],mute[LM],mute[LM],mute[LM],mute[LM],mute[LM],mute[LM],mute[LM],mute[LM],mute[LM],mute[KL],mute[LM],mute[LM],mute[LM],mute[LM],mute[LM],mute[LM],mute[LM],mute[LM],mute[LM],mute[LM],mute[LM],mute[LM],mute[LM],mute[LM],mute[KL],mute[LM],mute[LM],mute[LM],mute[LM],mute[LM],mute[LM],mute[LM],mute[LM],mute[LM],mute[LM],mute[LM],mute[LM],mute[LM],mute[LM],mute[LM],mute[LM],mute[LM],mute[LM],mute[LM],mute[LM],mute[LM],mute[LM],mute[LM],mute[LM],mute[LM],mute[LM],mute[LM],mute[LM],mute[LM],mute[LM],mute[LM],mute[LM],mute[LM],mute[LM],mute[LM],mute[LM],mute[LM],mute[LM],mute[LM],mute[LM],mute[LM],mute[LM],mute[LM],mute[LM],mute[LM],mute[LM],mute[LM],mute[LM],mute[LM],mute[LM],mute[LM],mute[LM],mute[LM],mute[LM],mute[LM],mute[LM],mute[LM],mute[LM],mute[LM],mute[LM],mute[LM],mute[LM],mute[LM],mute[LM],mute[LM],mute[LM],mute[LM],mute[LM],mute[LM],mute[LM],mute[LM],mute[LM],mute[LM],mute[LM],mute[LM],mute[KMO],5<UV>,5<UV>,mute[LM],mute[LM],mute[LM],mute[LM],mute[LM],mute[LM],mute[LM],mute[LM],mute[LM],mute[LM],mute[LM],mute[LM],mute[LM],mute[LM],mute[LM],mute[LM],mute[LM],mute[LM],mute[LM],mute[LM],mute[LM],mute[LM],mute[LM],mute[LM],mute[LM],mute[LM],mute[LM],mute[LM],mute[LM],mute[LM],mute[LM],mute[LM],5<UV>,5<UV>,mute[LM],mute[LM],mute[LM],mute[LM],mute[LM],mute[LM],5<UV>,5<UV>,mute[LM],mute[LM],mute[LM],mute[LM],mute[LM],mute[LM],5<UV>,5<UV>,mute[LM],mute[LM],mute[LM],mute[LM],mute[LM],mute[LM],5<UV>,5<UV>,mute[KL],mute[LM],mute[LM],mute[LM],mute[LM],mute[LM],mute[LM],mute[LM],mute[LM],mute[LM],mute[LM],mute[LM],mute[LM],mute[LM],mute[LM],mute[LM],mute[LM],mute[LM],mute[LM],mute[LM],mute[LM],mute[LM],mute[LM],mute[LM],mute[LM],mute[LM],mute[LM],mute[LM],mute[LM],mute[LM],mute[LM],mute[LM],mute[LM],mute[LM],mute[LM],mute[LM],mute[LM],mute[LM],mute[LM],mute[LM],mute[LM],mute[LM],mute[LM],mute[LM],mute[LM],mute[LM],mute[LM],mute[LM],mute[LM],mute[LM],mute[LM],mute[LM],mute[LM],mute[LM],mute[LM],mute[LM],mute[LM],mute[LM],mute[LM],mute[LM],mute[LM],mute[LM],mute[JLNOP],mute[KLMP],mute[KLMP],mute[KLMP],mute[KLMP],mute[KLMP],mute[KLMP],mute[KLMP],mute[KLMP],mute[KLMP],mute[KLMP],mute[KLMP],mute[KLMP],mute[KLMP],mute[KLMP],mute[KLMP],mute[KLMP],mute[KLMP],mute[KLMP],mute[KLMP],mute[LMNP],mute[LMNP],mute[KNO],5<UV>,5<UV>,mute[KN],mute[KLMP],mute[LMNP],mute[LMNP],mute[KLMP],mute[KLMP],mute[KNO],mute[KNO],mute[KNO],mute[KLMP],mute[KLMP],mute[KLMP],mute[KLMP],mute[KLMP],mute[KLMP],mute[KLMP],mute[LMNP],mute[LMNP],mute[KLMP],mute[KLMP],mute[KLMP],mute[LMNP],mute[LMNP],mute[KLMP],mute[KLMP],mute[KLMP],mute[KLMP],mute[KLMP],mute[KLMP],mute[KLMP],mute[KLMP],mute[KLMP],mute[KLMP],mute[KLMP],mute[KLMP],mute[KLMP],mute[LMNP],mute[LMNP],5<UV>,5<UV>,5<UV>,5<UV>,5<UV>,mute[KLMP],mute[KLMP],mute[KLMP],mute[KLMP],mute[KLMP],mute[KLMP],mute[KLMP],mute[KLMP],mute[KLMP],mute[KLMP],mute[KLMP],mute[KLMP],mute[KLMP],mute[KLMP],mute[KLMP],mute[KLMP],mute[KLMP],mute[KLMP],mute[KLMP],mute[LMNP],mute[LMNP],mute[KLMP],mute[KLMP],mute[KLMP],mute[KLMP],mute[KLMP],mute[KLN],5<UV>,5<UV>,5<UV>,5<UV>,5<UV>,5<UV>,5<UV>,5<UV>,5<UV>,5<UV>,5<UV>,5<UV>,5<UV>,5<UV>,5<UV>,5<UV>,5<UV>,mute[KLMP],mute[KLMP],mute[KLMP],mute[LMNP],mute[LMNP],mute[KLMP],mute[KLMP],mute[KLMP],mute[LMNP],mute[LMNP],5<UV>,5<UV>,5<UV>,5<UV>,5<UV>,5<UV>,5<UV>,5<UV>,5<UV>,5<UV>,5<UV>,5<UV>,5<UV>,5<UV>,5<UV>,5<UV>,5<UV>,mute[LM],mute[LM],mute[KN],mute[KLMP],mute[KLMP],mute[KLMP],mute[LMNP],mute[LMNP],mute[KLMP],mute[KLMP],mute[KLMP],mute[LMNP],mute[LMNP],mute[LMNP],mute[LMNP],mute[KLMP],mute[KLMP],mute[KLMP],mute[KLMP],mute[KLMP],mute[KLMP],mute[KMP],5<UV>,5<UV>,mute[LMNP],mute[KLMP],mute[KLMP],mute[KLMP],mute[KLMP],mute[KLMP],mute[KLMP],mute[KLMP],mute[KLMP],mute[KLMP],mute[KLMP],mute[KLMP],mute[KLMP],mute[KLMP],mute[KLMP],mute[LMNP],mute[LMNP],mute[KLMP],mute[KLMP],mute[KLMP],mute[KLMP],mute[KLMP],mute[KLMP],mute[KLMP],mute[KLMP],mute[KLMP],mute[KLMP],mute[KLMP],mute[LMNP],mute[LMNP],mute[KLMP],mute[LMNP],mute[LMNP],mute[LMNP],mute[LMNP],mute[LMNP],mute[LMNP],mute[KLMP],mute[KLMO],mute[KNO],mute[KNO],mute[KNO],mute[KLMP],mute[KLMP],mute[KLMP],mute[KLMP],mute[KLMP],mute[KLMP],mute[KLMP],mute[LMNP],mute[LMNP],mute[KLMP],mute[KLMP],mute[KLMP],mute[LMNP],mute[LMNP],mute[KLMP],mute[KLMP],mute[KLMP],mute[LMNP],mute[LMNP],mute[JNP],5<UV>,5<UV>,mute[KLMP],mute[LMNP],mute[LMNP],mute[LM],mute[KMNO],5<UV>,5<UV>,mute[KLMP],mute[LMNP],mute[LMNP],mute[LMNP],mute[LMNP],mute[KLMP],mute[KLMP],mute[KLMP],mute[KNO],mute[KNO],mute[KNO],mute[LMNP],mute[LMNP],mute[LMNP],mute[LMNP],mute[LMNP],mute[LMNP],mute[LMNP],mute[LMNP],mute[LMNP],mute[LMNP],mute[KLMO],mute[JKLOP],mute[JLNOP],mute[LMNP],mute[KNO],mute[KNO],mute[KNO],mute[KNO],mute[KNO],mute[KNO],mute[JKLOP],mute[JKLOP],mute[KL],mute[KLNOP],mute[KLNOP],mute[LM],mute[LM],mute[LM],mute[KN],mute[KLNOP],mute[KLN],mute[LM],mute[LM],mute[LM],mute[LM],mute[LM],mute[LM],mute[LM],mute[LM],mute[LM],mute[LM],mute[LM],mute[LM],mute[LM],mute[LM],mute[KL],mute[LM],mute[LM],mute[LM],mute[LM],mute[LM],mute[LM],mute[LM],mute[LM],mute[LM],mute[LM],mute[LM],mute[LM],mute[LM],mute[LM],mute[KL],mute[LM],mute[LM],mute[LM],5<UV>,mute[LM],mute[LM],mute[LM],mute[LM],mute[LM],mute[LM],mute[LM],5<UV>,mute[LM],mute[LM],mute[LM],mute[LM],mute[LM],mute[LM],mute[LM],mute[LM],mute[LM],mute[LM],mute[LM],mute[LM],mute[LM],mute[LM],mute[LM],mute[LM],mute[LM],mute[LM],5<UV>,mute[LM],mute[LM],mute[LM],mute[LM],mute[LM],mute[LM],mute[LM],mute[LM],mute[LM],mute[LM],mute[LM],mute[LM],mute[LM],mute[LM],mute[LM],mute[KL],mute[LM],mute[LM],mute[LM],mute[LM],mute[LM],mute[LM],mute[LM],mute[LM],mute[LM],mute[LM],mute[LM],mute[LM],mute[LM],mute[LM],mute[KL],mute[LM],mute[LM],mute[LM],5<UV>,mute[LM],mute[LM],mute[LM],mute[LM],mute[LM],mute[LM],mute[LM],5<UV>,mute[LM],mute[LM],mute[LM],mute[LM],mute[LM],mute[LM],mute[LM],mute[LM],mute[LM],mute[LM],mute[LM],mute[LM],mute[LM],mute[LM],mute[LM],mute[LM],mute[LM],mute[LM],5<UV>,mute[LM],mute[LM],mute[LM],mute[LM],mute[LM],mute[LM],mute[LM],mute[LM],mute[LM],mute[LM],mute[LM],mute[LM],mute[LM],mute[LM],mute[LM],mute[KL],mute[LM],mute[LM],mute[LM],mute[LM],mute[LM],mute[LM],mute[LM],mute[LM],mute[LM],mute[LM],mute[LM],mute[LM],mute[LM],mute[LM],mute[LM],mute[LM],mute[LM],mute[LM],mute[LM],mute[LM],mute[LM],mute[LM],mute[LM],mute[LM],mute[LM],mute[LM],mute[LM],mute[LM],mute[LM],mute[LM],mute[KL],mute[LM],mute[LM],mute[LM],mute[LM],mute[LM],mute[LM],mute[LM],mute[LM],mute[LM],mute[LM],mute[LM],mute[LM],mute[LM],mute[LM],mute[LM],mute[LM],mute[LM],mute[LM],mute[LM],mute[LM],mute[LM],mute[LM],mute[LM],mute[LM],mute[LM],mute[LM],mute[LM],mute[LM],mute[LM],mute[LM],mute[KL],mute[LM],mute[LM],mute[LM],mute[LM],mute[LM],mute[LM],mute[LM],mute[LM],mute[LM],mute[LM],mute[LM],mute[LM],mute[LM],mute[LM],mute[KL],5<UV>,5<UV>,5<UV>,5<UV>,5<UV>,5<UV>,5<UV>,5<UV>,5<UV>,5<UV>,5<UV>,5<UV>,5<UV>,5<UV>,5<UV>,5<UV>,5<UV>,5<UV>,5<UV>,5<UV>,5<UV>,5<UV>,5<UV>,5<UV>,5<UV>,5<UV>,5<UV>,5<UV>,5<UV>,5<UV>,mute[KL],5<UV>,5<UV>,5<UV>,5<UV>,5<UV>,5<UV>,5<UV>,5<UV>,5<UV>,5<UV>,5<UV>,5<UV>,5<UV>,5<UV>,5<UV>,5<UV>,5<UV>,5<UV>,5<UV>,5<UV>,5<UV>,5<UV>,5<UV>,5<UV>,5<UV>,5<UV>,5<UV>,5<UV>,5<UV>,5<UV>,5<UV>,5<UV>,5<UV>,5<UV>,5<UV>,5<UV>,5<UV>,5<UV>,5<UV>,5<UV>,5<UV>,5<UV>,5<UV>,5<UV>,5<UV>,5<UV>,5<UV>,5<UV>,5<UV>,5<UV>,5<UV>,5<UV>,5<UV>,5<UV>,5<UV>,5<UV>,5<UV>,5<UV>,5<UV>,5<UV>,5<UV>,5<UV>,mute[KL],5<UV>,5<UV>,5<UV>,5<UV>,5<UV>,5<UV>,5<UV>,5<UV>,5<UV>,5<UV>,5<UV>,5<UV>,5<UV>,5<UV>,5<UV>,5<UV>,5<UV>,5<UV>,5<UV>,5<UV>,5<UV>,5<UV>,5<UV>,5<UV>,5<UV>,5<UV>,5<UV>,5<UV>,5<UV>,5<UV>,mute[KL],5<UV>,5<UV>,5<UV>,5<UV>,5<UV>,5<UV>,5<UV>,5<UV>,5<UV>,5<UV>,5<UV>,5<UV>,5<UV>,5<UV>,5<UV>,5<UV>,5<UV>,5<UV>,5<UV>,5<UV>,5<UV>,5<UV>,5<UV>,5<UV>,5<UV>,5<UV>,5<UV>,5<UV>,5<UV>,5<UV>,mute[KL],5<UV>,5<UV>,5<UV>,5<UV>,5<UV>,5<UV>,5<UV>,5<UV>,5<UV>,5<UV>,5<UV>,5<UV>,5<UV>,5<UV>,mute[LM],5<UV>,mute[LM],5<UV>,mute[LM],5<UV>,mute[LM],5<UV>,mute[LM],5<UV>,mute[LM],5<UV>,mute[LM],5<UV>,mute[KL],mute[LM],5<UV>,mute[LM],5<UV>,mute[LM],5<UV>,mute[LM],5<UV>,mute[KM],mute[K],5<UV>,mute[KM],mute[K],5<UV>,mute[LM],5<UV>,mute[LM],5<UV>,mute[LM],5<UV>,mute[LM],5<UV>,mute[LM],5<UV>,mute[LM],5<UV>,mute[LM],5<UV>,mute[LM],5<UV>,mute[LM],5<UV>,mute[LM],5<UV>,mute[KM],mute[K],5<UV>,mute[LM],5<UV>,mute[LM],5<UV>,mute[LM],5<UV>,mute[KL],mute[JM],mute[LM],mute[LM],mute[LM],mute[LM],mute[LM],5<UV>,5<UV>,5<UV>,5<UV>,5<UV>,5<UV>,5<UV>,5<UV>,mute[LM],mute[LM],mute[LM],mute[LM],mute[LM],mute[LM],mute[LM],mute[LM],mute[LM],mute[LM],mute[LM],mute[LM],mute[LM],mute[LM],mute[LM],mute[LM],mute[LM],mute[LM],mute[LM],mute[LM],mute[LM],mute[LM],mute[LM],mute[LM],mute[LM],mute[LM],mute[LM],mute[LM],mute[LM],mute[LM],mute[LM],mute[LM],mute[KL],mute[KL],mute[KL],mute[KL],mute[KL],mute[KL],mute[KL],mute[KL],mute[KL],mute[KL],mute[KL],mute[LM],mute[LM],mute[KL],mute[LM],mute[LM],mute[KL],mute[LM],mute[LM],mute[KL],mute[KL],mute[KL],mute[KL],mute[KL],mute[KL],mute[KL],mute[KL],mute[KL],mute[KL],mute[KL],mute[LM],mute[LM],mute[KL],mute[LM],5<UV>,mute[KL],mute[LM],mute[LM],mute[JK],mute[LM],mute[LM],mute[LM],mute[LM],mute[KL],mute[KL],mute[KL],mute[KL],mute[JK],mute[LM],mute[LM],mute[LM],mute[LM],mute[KL],mute[KL],mute[KL],mute[KL],mute[JK],mute[LM],mute[LM],mute[LM],mute[LM],mute[KL],mute[KL],mute[KL],mute[KL],mute[JK],mute[LM],mute[LM],mute[LM],mute[LM],mute[KL],mute[KL],mute[KL],mute[KL],mute[KL],mute[KL],mute[KL],mute[KL],mute[KL],mute[KL],mute[KL],mute[KL],mute[KL],mute[KL],mute[KL],mute[KL],mute[KL],mute[KL],mute[KL],mute[KL],mute[JK],mute[LM],mute[LM],mute[LM],mute[LM],mute[JK],mute[LM],mute[LM],mute[LM],mute[LM],mute[JK],mute[JM],mute[LM],mute[JK],mute[JK],mute[JK],mute[LM],mute[LM],mute[LM],mute[LM],mute[JK],mute[LM],mute[LM],mute[LM],mute[LM],mute[JK],mute[JM],mute[LM],mute[JK],mute[JK],mute[JK],mute[LM],mute[LM],mute[LM],mute[LM],mute[JK],mute[LM],mute[LM],mute[LM],mute[LM],mute[JK],mute[JM],mute[LM],mute[JK],mute[JK],mute[JK],","#c2[KMOP],d2[KMOP],#c2[KMOP],b1[KMOP],a1[KMOP],#c2[LMO],e1[L],(#f2.#G-1)[KMOP],e[KMOP],d1[KMOP],d1[KMOP],e[KMOP],#G-1[KMOP],#G-1[KMOP],(e2.e)[KMOP],(d2.d1)[KMOP],(d2.d1)[LNP],e2[LNP],(d2.e)[LNP],#c2[LNP],#G-1[LNP],b1[LNP],(b1.A-1)[KMOP],e[KMOP],#c1[MOP],a1[K],(a2.#c1)[KMOP],e[KMOP],A-1[KMOP],#c[KMOP],a[KMOP],e1[KMOP],e1[KMOP],a[LNP],#g2[LNP],e[KMOP],(#g2.d)[KMOP],a[KMOP],#f1[MOP],#f2[K],(e2.e1)[KMOP],a[LNP],a2[LNP],#c[KMOP],(e2.B-1)[KMOP],#f[LNP],d2[LNP],d1[KMOP],(#c2.#c1)[LOP],d2[LOP],#c2[LOP],c2[LOP],(#c2.#f)[LOP],d2[LOP],#d2[LOP],e2[LOP],(f2.A-1)[LOP],#g2[MOP],#f2[MOP],d2[MOP],(#c2.#G-1)[KMOP],f[KMOP],#c1[KMOP],#c1[KMOP],f[NP],b1[L],#c2[LNP],(b1.#G-1)[LNP],a1[LNP],(a1.#F-1)[KMOP],#c[KMOP],a[LMO],#c2[L],(#c2.a)[LNP],#d2[LNP],(#c2.B-1)[LNP],b1[LNP],(#c2.#F-1)[LNP],#d2[LNP],#d2[K],(#f2.E-1)[KMOP],B-1[KMOP],a[KMOP],a[KMOP],B-1[KNP],f2[NP],E-1[MOP],#f2[L],#g2[L],(#f2.E-1)[KMOP],(e2.d)[KMOP],(d2.#g)[KMOP],(d2.#g)[LNP],e2[LNP],(d2.d)[LNP],#c2[LNP],E-1[LNP],b1[LNP],(b1.A-1)[KMOP],e[KMOP],#c1[MOP],a1[L],a1[L],(#c3.#c1)[KNO],e[KNO],A-1[KNO],(#c2.#A-1)[LNP],#c3[MNP],g[MP],#d3[LP],#c3[MP],e1[MNP],c3[LNP],(#c3.e1)[LNP],#d3[MNP],g[MP],#f3[LP],e3[MP],#A-1[MNP],#c3[LNP],(B-1.b2)[LP],#g3[LP],(#g.e4)[LP],#d4[LP],(e1.#f3)[LP],a2[LP],(e1.#g2)[LP],e3[LP],(#g.#c4)[LP],b3[LP],(B-1.#d3)[LP],#f2[LP],(B-2.e2)[LP],#c3[LP],(B-1.a3)[LP],#g3[LP],(#d1.#d3)[LP],#d2[LP],(#d1.#c2)[LP],a2[LP],(a.#f3)[LP],c2[LP],(B-1.#g3)[LP],(a1.b1)[LP],(e2.E-2.#g1)[KOP],E-1[KOP],e[KOP],e1[KOP],e2[KOP],e3[KMN],e4[JK],e2[MNP],#f2[LP],e2[MNP],#d2[LP],e2[MNP],f2[MNP],#f2[LP],(E-1.g2)[KOP],(c1.g1.g)[KOP],(c1.g1.g)[KOP],(c1.g1.g)[KOP],(c1.g1.g)[KOP],(c1.g1.g)[KOP],(c1.g1.e2.g)[KOP],(c1.g1.g)[KOP],(c1.g1.g)[KOP],(b1.g1.g.c1)[KOP],(c1.g1.g)[KOP],(c1.g1.g)[KOP],(E-1.e.#a1)[MP],b1[MP],#a1[MP],b1[MP],(#f1.#c1.#f.#a1)[MP],b1[MP],#a1[MP],b1[MP],(#f1.#c1.#f.#a1)[MP],b1[MP],#a1[IJLP],(#D-1.#d.b3)[KOP],(#f1.b.#f)[KOP],(#f1.b.#f)[KOP],(#f1.b.#f)[KOP],(#f1.b.#f)[LP],#f1[LP],(b.#f)[KOP],(D-1.d.#f2)[KOP],(#f1.b.#f)[KOP],(#f1.b.#f)[KOP],(#f1.b.#f.f2)[KOP],(#f1.b.#f)[LP],#f2[LP],(#f1.b.#f)[KOP],(#f1.b.#f.#g2)[KOP],(#f1.b.#f.#f2)[KOP],(b.#f.#f1)[LP],#f1[LP],(d1.b.#f.#c2)[KOP],(d1.b.#f.b1)[KOP],(d1.b.#f.a1)[KOP],(D-1.d.#f1)[MP],#g1[MP],a1[MP],#g1[MP],(e1.b.e.a1)[MP],#g1[MP],a1[MP],#g1[MP],(e1.b.e.a1)[MP],#g1[MP],a1[MP],#g1[IJMP],(#C-1.#c.a3)[KOP],(e1.a.e)[KOP],(e1.a.e)[KOP],(e1.a.e)[KOP],(e1.a.e)[KOP],(e1.a.e)[MP],(#c2.#c3)[LMO],(A-1.A-2.#c2.#c3)[KOP],(#c1.e1.#f)[KOP],(#c1.e1.#f)[KOP],(#c1.e1.#f)[KOP],(#c1.e1.#f)[KOP],(#c1.e1.#f)[KOP],(#c1.e1.#f.#f2.#f1)[MNOP],#c2[MNOP],#c3[MO],(#c1.e1.#f)[NP],d3[MNOP],#c3[LN],(#c1.e1.#f)[KNOP],(#c1.e1.#f.c2.c3)[LMNO],(#c2.#c3)[MO],(#c1.e1.#f)[LN],(#d2.#d3)[LN],(#c1.e1.#f)[LMP],(e2.e3)[MNOP],(#A-1.e2.#A-2.e3)[KNOP],(#c1.e1.#f)[LN],(#f2.#f1)[LN],(#c1.e1.#f)[KNOP],(#f.e1.#g2.#c1.#g1)[KNOP],(#c1.e1.#f)[KNOP],(#c1.e1.#f)[KNOP],(#F-1.#F-2)[KNOP],(e1.#a.#f)[KNOP],(e1.#a.#f)[KNOP],(#f.#a.#f2.e1.#f1)[KNOP],(e1.#a.#f)[LN],(#c2.#c1)[LN],(e1.#a.#f)[KNOP],(#d1.B-2.#d2.B-1)[LMNO],#a[LMNO],b[LMNO],c1[LMNO],(#f.#a.#c1)[LMNO],#f1[LMNO],(a.B-1.#d1)[LMNO],#g1[LMNO],(e.#g.e1)[LMNO],#g1[LMNO],(b.e1.#a1)[MNOP],#g1[MNOP],#a1[MNOP],#g1[MNOP],(#f1.#a)[LMNO],#c2[LMNO],(#a1.#f)[LMNO],#d2[LMNO],(b1.b.#d1)[LMNO],#a1[LMNO],b1[LMNO],c2[LMNO],(#f1.#a1.#c2)[LMNO],#f2[LMNO],(b.a1.#d2)[LMNO],#g2[LMNO],(e1.#g1.e2)[LMNO],#g2[LMNO],(#c2.e2.#a2)[MNOP],#g2[MNOP],(b1.#a2)[MNOP],#g2[MNOP],(#a1.#f2)[LMNO],#c3[LMNO],(#g1.#a2)[LMNO],#d3[LMNO],(b1.#d2.b2)[LM],#d3[LM],b3[LM],#g3[LM],(#a.#f3.#f.e1)[LM],#c3[LM],(B-1.#d3)[LM],#a2[LM],(#f.b2.b.#d1)[LM],#f2[LM],(B-1.#g2)[LM],#d2[LM],(#c1.e2.#f.e1)[LM],#g1[LM],(B-1.#a1)[LM],#f1[LM],(#d1.#f.b1)[KL],b3[LM],#g3[LM],(#a3.#F-1.#f3)[LM],#c3[LM],(#d3.#a.#f3.#f)[LM],(#a2.#f1)[LM],(#d3.#G-1.b2)[LM],#f2[LM],(#g2.b.b2.#f)[LM],(#d2.#f1)[LM],(#g2.#A-1.e2)[LM],#g1[LM],(#f2.#c1.#a1.#f)[LM],(#f1.e1)[LM],(#d1.b2.B-1.b1.#d2.#f)[KL],(b.#d)[LM],(b1.#f)[LM],(b.e)[LM],(c1.g)[LM],(#c1.f)[LM],(#c2.#g.#g1)[LM],(#c1.#f)[LM],(d1.a)[LM],(g.#d1)[LM],(#d2.#a.#a1)[LM],(#d1.#g)[LM],(e1.b)[LM],(f1.a)[LM],(f2.c1.c2)[LM],(b1.B-2.b2.B-1)[KL],(#c1.f)[LM],(#c2.#g)[LM],(#c1.#f)[LM],(d1.a)[LM],(g.#d1)[LM],(#d2.#a.#a1)[LM],(#d1.#g)[LM],(e1.b)[LM],(a.f1)[LM],(f2.c1.c2)[LM],(f1.#a)[LM],(#f1.#c1)[LM],(g1.b)[LM],(g2.d1.d2)[LM],(B-1.b1.B-2.b2)[KL],(e1.#g)[LM],(e2.b)[LM],(a.e1)[LM],(f1.c1)[LM],(#f1.#a)[LM],(#f2.#c1.#c2)[LM],(#f1.b)[LM],(g1.d1)[LM],(#g1.c1)[LM],(#d2.#d1.#g2)[LM],(#g1.#c1)[LM],(a1.e1)[LM],(#a1.d1)[LM],(#a2.f1.f2)[LM],(#d1.#a1)[LM],(#f1.b1)[LM],(e1.c2)[LM],(g1.g2.c3)[LM],(f1.c2)[LM],(#g1.#c2)[LM],(#f1.d2)[LM],(a1.a2.d3)[LM],(d2.g1)[LM],(#a1.#d2)[LM],(#g1.e2)[LM],(b1.b2.e3)[LM],(e2.a1)[LM],(c2.f2)[LM],(#a1.#f2)[LM],(#c2.#c3.#f3)[LM],(b1.#f2)[LNO],(d2.g2)[LN],(c2.#g2)[LN],(#d2.#d3.#g3)[LN],(#c2.#g2)[LN],(e2.a2)[LN],(#a2.d2)[LN],(f2.f3.#a3)[LN],(#d2.#a2)[LN],(#f2.b2)[LN],(e2.c3)[LN],(g2.c4.g3)[LN],(#d2.#a2)[LN],(#f2.b2)[LN],(e2.c3)[LN],(g2.g3.c4)[LN],(#d2.#a2)[LN],(#f2.b2)[LN],(e2.#c3)[LN],(g2.#c4.g3)[LN],(#d2.#a2)[LN],(#f2.b2)[LN],(e2.#c3)[LN],(g2.g3.#c4)[LN],(#d2.#a2)[LN],(#f2.b2)[LN],(e2.#c3)[LN],(g2.g3.#c4)[LN],(#d2.#a2)[LN],(#f2.b2)[LN],(e2.#c3)[LN],(g2.g3.#c4)[LN],(b1.#f2.b2.b3)[LM],#g3[LM],#f3[LM],#c3[LM],(#f1.b.b2)[LM],#g2[LM],#f2[LM],b1[LM],(#f1.#d1)[LM],(b1.#c1)[LM],(#c2.b)[LM],(#d2.#f)[LM],(#f2.B-1)[LM],b2[LM],(#c3.#F-1)[LM],#d3[LM],(B-2.a3)[LM],#g3[LM],#c3[LM],b2[LM],(f.a2)[MN],b[MN],(#c1.#g2)[MN],#g1[MN],#c2[LM],b1[LM],(f1.#g1)[LM],(#d1.b1)[LM],(#c1.#c2)[LM],(b.#g2)[LM],(f.b2)[LM],#c3[LM],(B-1.#f3)[LM],#g3[LM],(b3.B-2)[LM],(a3.#F-1)[LM],(#c4.A-1)[LM],(b3.B-1)[LM],(a3.#d)[LM],(#d3.#f)[LM],(e3.a)[LM],(#g3.b)[LM],(#d1.#g3)[LM],(#f1.#f3)[LM],(a1.a3)[LM],(b1.#g3)[LM],(#d2.#f3)[LM],(#f2.a2)[LM],(a2.#c3)[LM],(#c3.e3)[LM],(#c2.e3)[LM],(b2.#d3)[LM],(a2.#f3)[LM],(#c2.e3)[LM],(b1.#d3)[LM],(a2.#c3)[LM],(#g2.e3)[MN],#d3[MN],(b1.e3)[MN],#d3[MN],(a1.#c3)[LM],(#g2.b2)[LM],(#f2.#d3)[LM],(a1.#c3)[LM],(#g1.b2)[LM],(#f2.a2)[LM],(e2.#c3)[MN],b2[MN],(#g1.#c3)[MN],b2[MN],(#f1.a2)[LM],(e2.#g2)[LM],(#d2.b2)[LM],(#f1.a2)[LM],(e1.#g2)[LM],(#d2.#f2)[LM],(#c2.a2)[MN],#g2[MN],(e1.a2)[MN],#g2[MN],(#d1.#f2)[LM],(#c2.e2)[LM],(b1.#g2)[LM],(#d1.#f2)[LM],(#c1.e2)[LM],(b1.#d2)[LM],(a1.#f2)[MN],e2[MN],(#c1.#f2)[MN],e2[MN],(#f1.b.#d2.a2)[KL],#a[LM],b[LM],(d1.B-1)[LM],(#c1.#A-1)[LM],(#g1.B-1)[LM],(f.#c)[LM],(#d1.c)[LM],(d1.B-1)[LM],(a1.c)[LM],(#f.d)[LM],(d1.B-1)[LM],(#c1.#A-1)[LM],(#g1.B-1)[LM],(f.#c)[LM],(#d1.c)[LM],(d1.B-1)[LM],(a1.c)[LM],(#f.d)[LM],(e1.#c)[LM],(#d1.c)[LM],(#a1.#c)[LM],(g.#d)[LM],(#f1.d)[LM],(e1.#c)[LM],(#g1.d)[LM],(#g.e)[LM],(e1.#c)[LM],(#d1.c)[LM],(#a1.#c)[LM],(#f.#d)[LM],(f1.d)[LM],(e1.#c)[LM],(#g1.d)[LM],(#g.e)[LM],(#f1.#d)[LM],(d.f1)[LM],(c2.#d)[LM],(a.f)[LM],(g1.e)[LM],(#f1.#d)[LM],(#c2.e)[LM],(#a.#f)[LM],(#g1.f)[LM],(g1.e)[LM],(d2.f)[LM],(b.g)[LM],(a1.#f)[LM],(#g1.f)[LM],(#d2.#f)[LM],(c1.#g)[LM],(#a1.g)[LM],(a1.#f)[LM],(e2.g)[LM],(#c1.a)[LM],(b1.#g)[LM],(g.#a1)[LM],(f2.#g)[LM],(d1.b)[LM],(#c2.a)[LM],(#f.b1)[LM],(#f2.#d)[LM],(a1.B-1.g2)[JM],#g1[MNOP],(E-2.#g2)[KLMP],b[KLMP],(#g.e.e1)[KLMP],b[KLMP],(#g.#g1.e2)[KLMP],b[KLMP],(e.e1.#g)[KLMP],(#g2.b)[KLMP],(b2.E-1)[KLMP],b[KLMP],(#g.e1.e)[KLMP],b[KLMP],(#g.#g1.#g2)[KLMP],b[KLMP],(e.e1.#g)[KLMP],b[KLMP],(E-1.b2)[KLMP],b[KLMP],(#g.#g2.e.e1)[KLMP],b[LMNP],a2[LMNP],(#g1.b2.#g)[LOP],b2[LOP],b2[MNOP],#c3[MO],b[MO],b2[MNOP],#a2[MNOP],b2[LOP],(#g.e3.e.e1)[KLMP],b[LMNP],#g3[LMNP],(b2.E-2)[KLMP],b[KLMP],(#d3.e1.#g.e)[KNO],#c3[LOP],b[LOP],b2[KNO],(#g.#g1.#g2)[KLMP],b[KLMP],(#g.e.e1)[KLMP],b[KLMP],(E-1.#f2)[KLMP],c1[KLMP],(e1.#f2.a)[KLMP],c1[LMNP],#g2[LMNP],(e.a2)[KLMP],c1[KLMP],(e1.a2.a)[KLMP],c1[LMNP],b2[LMNP],(c3.e)[KLMP],a[KLMP],(#f.e1)[KLMP],a[KLMP],(b2.e)[KLMP],b[KLMP],(#g.e1)[KLMP],#c1[KLMP],(e.a2)[KLMP],c1[KLMP],(a.#f3.e1)[KLMP],c1[KLMP],#d[KLMP],b[LMNP],a2[LMNP],(#f1.a2.a)[MNOP],b2[MNOP],a2[MNOP],b2[MNOP],(b.a2)[MNOP],b2[MNOP],#g2[MNOP],a2[MNOP],(#c3.e)[KLMP],b[KLMP],(#g.e1)[KLMP],(b.b2)[KLMP],(#g2.e)[KLMP],(#g.e1.b)[KLMP],#d[KLMP],(#g.#f1.c1)[KLMP],(#c3.#C-1)[KLMP],#g[KLMP],(#c1.e1.e)[KLMP],#g[KLMP],(b2.#c)[KLMP],#c1[KLMP],(a2.#f1.a)[KLMP],#c1[KLMP],(#C-1.#g2)[KLMP],#g[KLMP],(#c1.e1.e)[KLMP],#g[LMNP],e2[LMNP],(#c.#g2)[KLMP],#g[KLMP],(#c1.e1)[KLMP],#g[KLMP],(#C-1.#c3)[KLMP],#g[KMOP],#c2[MNOP],(#c2.e1.#c1)[MNOP],#d2[MNOP],#c2[MNOP],c2[MNOP],(#g.#c2)[MNOP],#d2[MNOP],e2[MNOP],#f2[MNOP],(#c.#g2)[MNOP],#a2[MNOP],c3[MNOP],#c3[MNOP],(#c1.#d3)[MNOP],(a.e3)[MNOP],(#f1.#f3)[MNOP],#g3[MNOP],(#c2.#a3)[MO],c4[NP],#c4[NP],#d4[MO],e4[MNOP],#d4[NOP],#c4[NOP],b3[MNOP],(#c1.a3)[MNOP],#g3[NOP],#f3[NOP],e3[MNOP],#d3[MNOP],#c3[NOP],b2[NOP],a2[MNOP],(#C-1.#g2)[KLMP],#g[KLMP],(e1.#c1.e)[KLMP],#g[LMNP],e2[LMNP],(#c.#g2)[KLMP],#g[KLMP],(b1.e1.#c1)[KLMP],#g[LMNP],#g2[LMNP],(#F-2.#g2)[MNOP],#a2[MNOP],b2[MNOP],#a2[MNOP],(#f.b2)[MNOP],#a2[MNOP],b2[MNOP],#a2[MNOP],(#a1.e1.#c1.#f2.b2)[MNOP],#a2[MNOP],b2[MNOP],#a2[MNOP],(#f.b2)[MNOP],#a2[MNOP],b2[MNOP],#a2[MNOP],(b1.e1.#c1.f2.b2)[MNOP],#a2[MNOP],b2[MNOP],#a2[MNOP],(#f.b2)[MNOP],#a2[MNOP],b2[MNOP],#a2[MNOP],(#f1.#c2.#c1.e2.b2)[MNOP],#a2[MNOP],b2[MNOP],#a2[MNOP],(#f.#g2)[LO],#a2[LO],b2[LO],#c3[LO],(#d3.B-2.#d2)[KLMP],#f[KLMP],(#f1.#d.b)[KLMP],#f[LMNP],E-1[LMNP],(#c2.e.#c3)[KLMP],#c1[KLMP],(#g.e1.#g2.b.#g1)[KLMP],#c1[LMNP],b1[LMNP],(#f.b1.#d1)[LMNP],b2[LMNP],#f1[KLMP],d1[KLMP],f1[KLMP],(#c1.e1)[KLMP],(#f1.#a1.#a2)[KLMP],(#g1.#f.#g2)[KLMP],#f1[LMNP],(#a2.#a1)[MNOP],#a1[MNOP],(a1.B-1)[MNOP],e2[MNOP],#c3[LMNP],#f[KLMP],#a[KLMP],e1[KLMP],(b2.B-1.b1.#d2)[KLMP],#f[KLMP],(a1.a)[KLMP],#d1[KLMP],(E-1.E-2.#g2.#g1)[KLMP],(b.B-1)[KLMP],(#g.e)[KLMP],(b.B-1)[KLMP],(e1.e.e2.#g)[KLMP],(b.B-1)[KLMP],(#g.e)[KLMP],(b.B-1)[LMNP],(#g2.#g1)[LMNP],(b2.E-1.b1)[KLMP],(b.B-1)[KLMP],(#g.e)[KLMP],(b.B-1)[KLMP],(e.e1.#g2.#g.#g1)[KLMP],(b.B-1)[KLMP],(#g.e)[KLMP],(b.B-1)[KLMP],(b2.E-1.b1)[KLMP],(b.B-1)[KLMP],(#g2.e.#g1.#g)[KLMP],(b.B-1)[LMNP],(a2.a1)[LMNP],(b1.e.b2.#g)[KLMP],(b.B-1)[LMNP],(#c3.#c2)[LMNP],(#d2.e.#d3.#g)[LMNP],(e3.e2)[LMNP],(#f3.B-1.#f2.b)[LMNP],(#g3.#g2)[LMNP],(b1.E-2.b2.E-1)[KLMP],(b.B-1)[KMOP],#d2[MNOP],(#d3.e.#d2.#g)[KNO],(#c2.#c3)[LOP],(b.B-1)[LOP],(b1.b2)[KNO],(#g2.e.#g1.#g)[KLMP],(b.B-1)[KLMP],(#g.e)[KLMP],(b.B-1)[KLMP],(#f1.E-1.#f2)[KLMP],(c1.c)[KLMP],(e.e1.#f2.a.#f1)[KLMP],(c1.c)[LMNP],(#g2.#g1)[LMNP],(a1.E-1.a2)[KLMP],(c1.c)[KLMP],(a1.e1.e.a.a2)[KLMP],(c1.c)[LMNP],(b2.b1)[LMNP],(#D-1.c3.c2)[KLMP],#d[KLMP],(c1.c3.c2)[KLMP],#f1[LMNP],(#c3.#c2)[LMNP],(#C-1.#d3.#d2)[KLMP],#c[MNOP],#d1[MNOP],#d2[MNOP],#d2[MNOP],(a.#f.#d3)[KLMP],#f1[LMNP],(e3.e2)[LMNP],(C-1.#f2)[LOP],#f2[MO],c[MO],#f3[LOP],(#f.#g3)[MNOP],#f3[MNOP],(f3.g2)[MNOP],(#g2.#f3)[MNOP],(c1.a3.a2)[KLMP],#g[LMNP],(#g3.#g2)[LMNP],(#f1.#d3)[LMNP],#d4[LMNP],#d1[KLMP],#g1[KLMP],#f1[KLMP],#d2[KNO],(d4.d3)[KNO],(#c4.#c3)[KNO],(c4.c3)[LMNP],(b3.b2)[LMNP],(#a3.#a2)[LMNP],(a3.a2)[LMNP],(c.#g3.#g2)[LMNP],(g3.g2)[LMNP],(#g3.#g2)[LMNP],(a3.a2)[LMNP],(#f1.#d1.#g.#d3.#d2)[LMNP],(a3.a2)[LMNP],(#g3.#g2)[KMOP],(#f3.#f2)[MNOP],(#C-1.#c.#f3.#f2)[JKLOP],(e1.#c1.#g.e3.e2)[JLNOP],(#d3.#d2)[LMNP],(#A-1.#A-2.e3.e2)[KNO],(#g3.#g2)[KNO],(#f3.#f2)[KNO],(e1.#c1.#f.#d3.#d2)[KNO],(e3.e2)[KNO],(#c3.#c2)[KNO],(B-2.B-1.b2.b1)[JKLOP],(g2.e2.#c2.#a1.g1.#c4.#c3)[JKLOP],(#f.B-1.a)[KL],#c1[KLNOP],#d1[KLNOP],#a[LMOP],b[LMOP],#d1[LMOP],#g1[LMOP],#f1[KO],e1[LNP],(e1.E-2.#g.E-1)[KLN],(#g.b)[LM],#f[LM],(e.E-1)[LM],(b.B-1)[LM],(b1.e.#g1)[LM],(#f1.#f)[LM],(e1.#g)[LM],(b1.b)[LM],(b2.e1.#g2)[LM],(#f2.#f1)[LM],(e2.e1)[LM],(b2.b1)[LM],(b3.e2.#g3)[LM],(#f3.#f2)[LM],(e3.#g2)[KL],(e2.#c2.e3.#g2)[LM],(#f1.#a2.#f3)[LM],(b1.#d2.#d3.b2)[LM],(b.b3)[LM],(b1.d2.d3.#f2)[LM],(e1.e3.#g2)[LM],(a1.#c2.#c3.a2)[LM],(a.a3)[LM],(#c2.#a1.#c3.f2)[LM],(g1.#d1.#d3)[LM],(b1.#g2.#g1.b2)[LM],(#g.#g3)[LM],(b1.#d2.#g1.b2)[LM],(#c1.#c3.f2)[LM],(#f2.a1.a2.#f1)[KL],d3[LM],#c3[LM],(c3.#c)[LM],(#c2.f1)[MN],b2[MN],(a2.#c1)[LM],(#g2.b)[LM],(#f2.#f)[LM],(d3.#f1)[LM],(d3.f1)[LM],(#c3.a)[LM],(c3.#c)[LM],(#c2.f1)[MN],b2[MN],(a2.#c1)[LM],(#g2.b)[LM],(e2.c.#f2)[LM],(#f2.e1)[LM],(#f3.#a.#a2)[LM],(#f2.#f)[LM],(#g3.f)[LM],(#f2.e1)[LM],(#a2.#a.#f3)[LM],(#f2.#f)[LM],(b2.B-1.a2.#d2)[LM],(b2.#d1.a2)[LM],(#d3.a.b3)[LM],(b2.#f.a2)[LM],(#c4.f)[LM],(b2.#d1.a2)[LM],(b3.a)[LM],(b2.#f.a2)[LM],(#g2.E-1.e3.#g3)[MN],B-1[MN],#g[LM],(#g.b)[LM],#f[LM],(e.E-1)[LM],(b.B-1)[LM],(b1.e.#g1)[LM],(#f1.#f)[LM],(e1.#g)[LM],(b1.b)[LM],(b2.e1.#g2)[LM],(#f2.#f1)[LM],(e2.e1)[LM],(b2.b1)[LM],(b3.e2.#g3)[LM],(#f3.#f2)[LM],(e3.#g2)[KL],(e2.#c2.e3.#g2)[LM],(#f1.#a2.#f3)[LM],(b1.#d2.#d3.b2)[LM],(b.b3)[LM],(b1.d2.d3.#f2)[LM],(e1.e3.#g2)[LM],(a1.#c2.#c3.a2)[LM],(a.a3)[LM],(#c2.#a1.#c3.f2)[LM],(g1.#d1.#d3)[LM],(b1.#g2.#g1.b2)[LM],(#g.#g3)[LM],(b1.#d2.#g1.b2)[LM],(#c1.#c3.f2)[LM],(#f2.a1.a2.#f1)[KL],d3[LM],#c3[LM],(c3.#c)[LM],(#c2.f1)[MN],b2[MN],(a2.#c1)[LM],(#g2.b)[LM],(#f2.#f)[LM],(d3.#f1)[LM],(d3.f1)[LM],(#c3.a)[LM],(c3.#c)[LM],(#c2.f1)[MN],b2[MN],(a2.#c1)[LM],(#g2.b)[LM],(e2.c.#f2)[LM],(#f2.e1)[LM],(#f3.#a.#a2)[LM],(#f2.#f)[LM],(#g3.f)[LM],(#f2.e1)[LM],(#a2.#a.#f3)[LM],(#f2.#f)[LM],(b2.B-1.a2.#d2)[LM],(b2.#d1.a2)[LM],(#d3.a.b3)[LM],(b2.#f.a2)[LM],(#c4.f)[LM],(b2.#d1.a2)[LM],(b3.a)[LM],(b2.#f.a2)[LM],(#g2.E-1.e3.#g3)[MN],B-1[MN],#g[LM],e1[LM],(#f1.#d1)[LM],(#g1.#c1)[LM],(#g2.b.e2)[LM],(#f1.a)[LM],(#g1.#g)[LM],(a1.#f)[LM],(a2.e.#f2)[LM],(#g1.#d)[LM],(a1.#c)[LM],(b1.B-1)[LM],(b2.A-1.#g2)[LM],(a1.#G-1)[LM],(b1.#F-1)[LM],(f.#c3.#c.#g2.F-1.#c2)[KL],#g1[LM],a1[LM],(b1.d1.f.b)[LM],(b2.#c1.#g2)[LM],(#f1.#c)[LM],#g1[LM],(a1.d1.a.#f)[LM],(#f2.#c1.a2)[LM],(f1.#c)[LM],#f1[LM],(#g.d1.#g1.b)[LM],(f2.#c1.#g2)[LM],(#d1.#c)[LM],f1[LM],(a.#f.#f1)[LM],#f2[LM],#f1[LM],(#g1.e1)[LM],(a1.#d1)[LM],(a2.#c1.#f2)[LM],(#g1.b)[LM],(a1.a)[LM],(b1.#g)[LM],(b2.#f.#g2)[LM],(a1.e)[LM],(b1.#d)[LM],(#c2.#c)[LM],(#c3.B-1.a2)[LM],(b1.A-1)[LM],(#c2.#G-1)[LM],(G-1.g.#d2.#d3.#A-1.#a2.#d)[KL],#a1[LM],b1[LM],(g.e1.#c2.#c1)[LM],(#d1.#a2.#c3)[LM],(#d.#g1)[LM],#a1[LM],(#g.b1.b.e1)[LM],(#g2.b2.#d1)[LM],(g1.#d)[LM],#g1[LM],(g2.#c1.#a1.e1.#a)[LM],(#d1.#a2)[LM],(#d.f1)[LM],#f1[LM],(#g1.c1.#g.d1)[LM],(#d2.b2)[LM],(b2.d1.e.e1.e2.c1)[LM],#g1[LM],(a1.e1.a.c1)[LM],(c3.e2)[LM],(c3.c1.#d1.f.f2.f1)[LM],a1[LM],(f1.#c3.#c1.#c2.#a.#a2)[LM],#a1[LM],(#a2.#A-1.#a)[LM],(a2.A-1.a1.a)[LM],(#g.#G-1.#g2)[LM],#g1[LM],(#g1.#G-1.#g2.#g)[LM],(g2.G-1.g1.g)[LM],(#f.#f1.#F-1.#f2)[KL],(#c1.e2.#f1.#c3.e1.#f)[LM],#a1[LM],(#f1.b1.d1.b)[LM],(d3.#f2)[LM],(f1.d3.g1.g2.g.d1)[LM],b1[LM],(g1.#d3.#d1.c3.c1.#d2)[LM],c2[LM],(c.c3.c1)[LM],(b.b1.B-1.b2)[LM],(#A-1.#a2.#a)[LM],#a1[LM],(#A-1.#a2.#a.#a1)[LM],(a.a1.A-1.a2)[LM],(#g1.#g.#g2.#G-1)[KL],(#g1.#g.c4.#d4)[L],b3[L],#a3[L],(#f1.#d1.#g1.c4.a3)[L],#g3[L],g3[L],(#g1.#g.#f3.a3)[L],e3[L],#d3[L],(e1.#c1.a1.e3.a3)[L],#g3[L],e3[L],(#g1.#g.#d3)[L],#c3[L],b2[L],(#c1.g1.e1.a2)[L],#g2[L],#f2[L],(#g1.#g.e2)[L],#d2[L],#c2[L],(a1.#d1.#f1.c2)[L],#c2[L],#d2[L],(#g1.#g.e2)[L],#f2[L],#g2[L],(#f1.a1.#d1.#a2)[L],c3[L],#c3[L],(#g1.#g.#d3)[L],e3[L],#f3[L],(e1.#c1.a1.a3)[L],#f3[L],e3[L],(#g1.#g.#d3)[L],#c3[L],b2[L],(e1.#c1.#c2.a2)[L],#g2[L],#f2[L],(#g1.#g.e2)[L],#d2[L],#c2[L],(d2.#a.#A-1)[KL],(#a1.#a.f4.d4)[L],#c4[L],c4[L],(#g1.#a1.f1.b3.d4)[L],#a3[L],a3[L],(#a.#a1.#g3.b3)[L],#f3[L],f3[L],(#f1.#d1.b1.#f3.b3)[L],#a3[L],#f3[L],(#a1.#a.f3)[L],#d3[L],#c3[L],(#g1.b1.f1.b2)[L],#a2[L],#g2[L],(#a1.#a.#f2)[L],f2[L],#d2[L],(#g1.b1.f1.d2)[L],#d2[L],f2[L],(#a1.#a.#f2)[L],#g2[L],#a2[L],(#g1.b1.f1.c3)[L],d3[L],#d3[L],(#a1.#a.f3)[L],#f3[L],#g3[L],(b1.#d1.#f1.b3)[L],#g3[L],#f3[L],(#a1.#a.f3)[L],#d3[L],#c3[L],(#f1.#d2.#d1.b2)[L],#a2[L],#g2[L],(#a1.#a.#f2)[L],f2[L],#d2[L],(#c1.f1.#c2.#g1.b)[L],#d2[L],c2[L],#c2[L],d2[L],#d2[L],(b1.#a.e1.#c2.#c1.e2)[L],f2[L],(c2.#d2)[L],(e2.g.#c2)[L],(d2.f2)[L],(#d2.#f2)[L],(g2.e2.#a1.#c1.e1)[L],#g2[L],(#f2.#d2)[L],(g2.e.e2)[L],(f2.#g2)[L],(a2.#f2)[L],(g2.#a2.g1.#a.#c1)[L],b2[L],(a2.#f2)[L],(g2.#a2.#c)[L],(#g2.b2)[L],(a2.c3)[L],(e1.#a2.g.#c3.#a)[L],d3[L],(c3.a2)[L],(#c3.#a2.#A-1)[L],(b2.d3)[L],(c3.#d3)[L],(#c1.e3.e.#c3)[L],f3[L],(#d3.c3)[L],(#c3.e3.G-1)[L],(d3.f3)[L],(#d3.#f3)[L],(g3.#a.e3.#c)[L],#g3[L],(#d3.#f3)[L],(g3.e3.E-1)[L],(f3.#g3)[L],(#f3.a3)[L],(g3.g.#a3.#A-1)[L],#c4[L],#c3[L],(d3.d4.#C-1)[L],(#d3.#d4)[L],(e3.e4)[L],(#g3.B-2.e4.e3.B-1)[KL],(e2.b2.#g3)[L],b3[L],e4[L],(a2.c3.c4)[L],a3[L],e3[L],(#f2.b1.#d3)[L],#f3[L],b3[L],(e2.g2.g3)[L],e3[L],b2[L],(d2.g1.b2)[L],d3[L],g3[L],(c2.e2.e3)[L],c3[L],g2[L],(b1.e1.#g2)[L],b2[L],e3[L],(c2.a1.c3)[L],a2[L],e2[L],(#f1.b.#d2)[L],#f2[L],b2[L],(e1.g1.g2)[L],e2[L],b1[L],(d1.g.b1)[L],d2[L],g2[L],(c1.e1.e2)[L],c2[L],g1[L],(e.b.#g1)[L],b1[L],e2[L],(a.c1.c2)[L],a1[L],e1[L],(#f.B-1.#d1)[L],#f1[L],b1[L],(b.e.#g1.E-1.e1)[KL],(e2.#g3.e4)[L],b3[M],b2[M],e3[L],(a2.e4.c4)[L],a3[M],c3[M],e3[L],(b1.b3.#d3)[L],#f3[M],#f2[M],b2[L],(e2.b3.g3)[L],e3[M],g2[M],b2[L],(g1.g3.f3)[L],d3[M],d2[M],b2[L],(c2.e3.g3)[L],c3[M],e2[M],g2[L],(e1.#g2.e3)[L],b2[M],b1[M],e2[L],(a1.c3.e3)[L],a2[M],c2[M],e2[L],(b.b2.#d2)[L],#f2[M],#f1[M],b1[L],(e1.b2.g2)[L],e2[M],g1[M],b1[L],(g.g2.f2)[L],d2[M],d1[M],b1[L],(g2.c1.e2)[L],c2[M],e1[M],g1[L],(e2.e.#g1)[L],b1[M],b[M],e1[L],(e2.a.c2)[L],a1[M],c1[M],e1[L],(#d1.B-1.b1)[L],#f1[M],#f[M],b[L],(e1.#a.#f.#c.#a1.e)[KL],(#f.#f1.e.#a.#c)[L],#g1[L],#f1[L],f1[L],#f1[L],#g1[L],(e.#a.#a1.#f.#c)[L],b1[L],#c2[L],(#F-1.#F-2.#d2)[MN],e2[MN],#f2[L],#g2[M],(#c.#a.e.#f)[N],#a2[MN],b2[MN],#c3[MN],#d3[M],(#c.b.e.#f)[M],e3[MN],#f3[MN],#g3[MN],#a3[MN],b3[L],(#c4.#c.#c1.e.#f)[MN],#d4[MN],(#c1.#f.e.#c.e4)[KM],b1[M],(#a1.e1)[KM],#g2[M],(#F-1.#f.#f2.#a1)[KM],b1[M],(#a.#f.#c.#a1.e1)[KM],b2[M],(#F-1.#a2.#c2)[KM],b1[M],(#a.#f.#c.#a1.e1)[KM],#d3[M],(#F-1.#c3.e2)[KM],b1[M],(#c1.#f.#c.#a1.e1)[KL],(B-2.B-1.b3.b2)[KM],e2[M],(#d1.a.#f.#d2.a1)[KM],#g2[M],(B-1.B-2.#f2.a1)[KM],e2[M],(#d1.a.#f.#d2.a1)[KM],#g2[M],(#d1.a.#f.#f2.a1)[KM],e2[M],(#d2.a1)[LM],(#A-1.#A-2)[L],#g2[M],(B-1.B-2.#f2.a1)[KM],e2[M],(#d1.a.#f.#d2.a1)[LM],(B-1.B-2)[L],#g2[M],(c.C-1.#f2.a1)[KM],e2[M],(#d1.a.#f.#d2.a1)[KM],#g2[M],(C-1.C-2.#f2.a1)[KM],e2[M],(#d1.a.#f.#d2.a1)[KM],#g2[M],(#C-1.#C-2.#f2.a1)[KM],d2[M],(#c1.a.#f.#c.#c2.a1)[KM],#g2[M],(D-1.D-2.#f2.a1)[KM],d2[M],(d1.c1.a.d.c2.a1)[KM],#g2[M],(#D-1.#D-2.#f2.a1)[KM],c2[M],(b1.a1)[KM],#g2[M],(#f1.b.#d.#f2.a1)[KM],c2[M],(b1.a1)[LM],(#f1.#f)[L],#g2[M],(b1.b.#f2.a1)[KM],c2[M],(b1.a1)[KM],#g2[M],(#f1.#f.#f2.a1)[KM],c2[M],(b1.a1)[KL],(B-1.b.e2.b1.#g2.a1)[JM],(#f2.#d2)[LM],(#f.#F-1.e2.#g2)[LM],(#f2.#d2)[LM],(e2.#g2)[LM],(#d2.#F-1.#f2.#f)[LM],(e2.b.#g2.B-1)[L],(#f2.#d2)[L],(e2.#g2)[L],(#d2.#f2)[L],(e2.#g2)[L],(#d2.#f2)[L],(e2.#F-1.#g2.#f)[L],(#d2.#f2)[L],(e2.#g2)[L],(#d2.#f2)[L],(e2.#g2)[L],(#d2.#f2)[L],(B-1.B-2.e2.#g2)[LM],(#f2.#d2)[LM],(e2.#g2)[LM],(#f1.a1.#f2.#d2)[LM],(b1.e2.#g2)[LM],(a1.#f1.#f2.#d2)[LM],(b1.e2.#g2)[LM],(a1.#f1.#f2.#d2)[LM],(b1.e2.#g2)[LM],(a1.#f1.#f2.#d2)[LM],(b1.e2.#g2)[LM],(a1.#f1.#f2.#d2)[LM],(b1.e2.#g2)[LM],(a1.#f1.#f2.#d2)[LM],(b1.e2.#g2)[LM],(a1.#f1.#f2.#d2)[LM],(a1.b1.e2.#g2)[LM],(#f1.b.#f2.#d2)[LM],(a1.b1.e2.#g2)[LM],(#f1.b.#f2.#d2)[LM],(a1.b1.e2.#g2)[LM],(#f1.b.#f2.#d2)[LM],(a1.b1.e2.#g2)[LM],(#f1.b.#f2.#d2)[LM],(a1.b1.e2.#g2)[LM],(#f1.b.#f2.#d2)[LM],(a1.b1.e2.#g2)[LM],(#f1.b.#f2.#d2)[LM],(a1.b1.f2.d2)[LM],(#f1.b.#d2.#f2)[LM],(a1.b1.#g2.e2)[LM],(#f1.b.#f2.#d2)[LM],(E-1.E-2.#g1.e2.e1)[KL],(B-1.B-2.e1.#g1)[KL],(e.E-1.b2.#g3.#g2)[KL],(B-1.b.b2.#g2)[KL],(#c.#c1.#g2.b2)[KL],(B-1.b.b2.#g2)[KL],(E-1.e.g3.b2.g2)[KL],(B-1.B-2.b2.g2)[KL],(#D-1.#D-2.#f2.#f3.a2.b2)[KL],(B-1.B-2.a2.b2.#f2)[KL],(#F-1.#f.a2.#d3.b2.#d2)[KL],(B-1.b.#c2.a2)[LM],#c3[LM],(#c.#c1.b1.b2.e2.a2)[KL],(B-1.b.b1.#d2.a2)[LM],(b1.b2)[LM],(#F-1.#f.#c2.#c3.e2.a2)[KL],(B-1.B-2.#f2.a2.b1)[LM],b2[LM],(E-1.E-2.b2.#g2.b1.e2)[KL],(B-1.B-2.e2.b1.#g2)[KL],(e.E-1.b2.#g3.#g2)[KL],(B-1.b.b2.#g2)[KL],(#c.#c1.#g2.b2)[KL],(B-1.b.b2.#g2)[KL],(E-1.e.g3.b2.g2)[KL],(B-1.B-2.b2.g2)[KL],(#D-1.#D-2.#f2.#f3.a2.b2)[KL],(B-1.B-2.a2.b2.#f2)[KL],(#F-1.#f.a2.#d3.b2.#d2)[KL],(B-1.b.#c2.a2)[LM],#c3[LM],(#c.#c1.b1.b2.e2.a2)[KL],(B-1.b.b1.#d2.a2)[LM],(b1.b2)[MN],(b1.b2)[MN],(#F-1.#f.#c2.#c3.e2.a2)[KL],(B-1.B-2.#f2.a2.b1)[LM],(b1.b2)[LM],(B-1.d1.#g.f.d3.#g3.#g2.f3.b2)[JK],(B-1.B-2.b)[LM],(#c.#C-1.#c1)[LM],(B-1.B-2.b)[LM],(B-1.B-2.b)[LM],(B-2.b.B-1)[KL],(B-1.d1.b1.#g.#g2.e.#g1)[KL],(d2.g.g2.B-1.g1.d1)[KL],(#g.B-1.d1.#g2.#g1.e.d2)[KL],(B-1.f.d2.d1.a2.a.a1)[JK],(B-2.b.B-1)[LM],(#c.#c1.#C-1)[LM],(B-2.b.B-1)[LM],(B-2.b.B-1)[LM],(B-1.B-2.b)[KL],(#g1.d1.B-1.#g.d2.f.#g2)[KL],(#f.d1.#f2.B-1.#f1)[KL],(#g.d2.B-1.f1.d1.f2)[KL],(#c1.#c3.#c.#f2.#f.#c2.A-1)[JK],(A-1.A-2.a)[LM],(B-1.B-2.b)[LM],(A-1.A-2.a)[LM],(A-1.A-2.a)[LM],(A-2.a.A-1)[KL],(c2.A-1.#f2.c1.#d2.#d.#f1)[KL],(A-1.#d2.f1.c2.f.c1.f2)[KL],(c1.#f2.A-1.#d2.#f.c2.#d.#f1)[KL],(c1.#f1.#d.#d2.#g2.#g1.#G-1.c2.#f)[JK],(#G-2.#g.#G-1)[LM],(A-2.a.A-1)[LM],(#G-1.#G-2.#g)[LM],(#G-2.#g.#G-1)[LM],(#G-2.#G-1.#g)[KL],(#G-1.c1.c2.#f.#f2.#d.#f1)[KL],(e2.c1.c2.e.e1.#G-1)[KL],(#d2.c1.#d1.#f.c2.#G-1)[KL],(b.e2.b2.e.G-1.B-1.b1)[KL],(#f1.a.#d2.A-1.#d1.c2)[KL],(e1.e2.G-1.b1.g)[KL],(d2.a2.f.b1.F-1)[KL],(E-1.e.c2.g2.g1)[KL],(#g1.F-1.b1.f.d1.b)[KL],(c1.E-1.g1.e.c2)[KL],(f2.d.#g1.D-1.f1.b1)[KL],(e2.C-1.e1.c.a1)[KL],(d.b.f1.#g.D-1.#g1)[KL],(e1.a.c.a1.C-1)[KL],(g1.d2.#A-1.e1.#A-2)[KL],(c2.A-2.f1.A-1.c1)[KL],(G-1.G-2.e.e1.#a.c1)[KL],(#F-1.#F-2.a.a1.c1.e1)[KL],(F-1.F-2.d.b.a.d1)[KL],(E-1.E-2.d.#g.b.d1)[JK],(a.f.b.d1)[LM],(b.f.a.e1)[LM],(b.f.a.d1)[LM],(b.f.a.d1)[LM],(d1.f.b.#g)[JK],(a.f.b.d1)[LM],(b.f.a.e1)[LM],(b.f.a.d1)[LM],(b.f.a.d1)[LM],(e.#g.d1.b)[JK],(B-1.B-2)[JM],(B-1.B-2)[LM],(e.E-1)[JK],(B-1.B-2)[JK],(E-1.E-2)[JK],(a.e1.b.#d1)[LM],(a.#d1.b.g1)[LM],(a.#d1.b.#f1)[LM],(a.#d1.b.#f1)[LM],(b.#g.e1)[JK],(a.#f1.b.#d1)[LM],(a.g1.b.#d1)[LM],(a.b.#f1.#d1)[LM],(a.b.#f1.#d1)[LM],(e1.#g.b)[JK],(B-1.B-2)[JM],(B-1.B-2)[LM],(E-1.e)[JK],(B-1.B-2)[JK],(E-1.E-2)[JK],(b.a1.d1.f1)[LM],(b.d1.b1.f1)[LM],(b.d1.a1.f1)[LM],(b.d1.a1.f1)[LM],(#g1.b.d1.e.e1)[JK],(b.a1.d1.f1)[LM],(b.b1.d1.f1)[LM],(b.d1.a1.f1)[LM],(b.d1.a1.f1)[LM],(#g1.b.d1.e.e1)[JK],(B-1.B-2)[JM],(B-1.B-2)[LM],(E-1.e)[JK],(B-1.B-2)[JK],(E-1.E-2)[JK],"],"id":2,"instruments":["piano","piano"],"alternatives":["",""]},{"bpm":360,"baseBeats":0.75,"scores":["mute[JLP],mute[LM],mute[JKMP],mute[JKMP],mute[JLO],mute[KMP],mute[LM],mute[LM],mute[KN],mute[KMP],mute[KMP],mute[KMP],mute[KMP],mute[KMP],mute[KMP],mute[KMO],mute[KMP],mute[KMP],mute[JLOP],mute[KLMP],mute[KLMP],mute[KLMP],mute[KLMP],mute[KLMP],mute[KLMP],mute[KLMP],mute[KLMP],mute[KLMP],mute[KLMP],mute[KLMP],mute[KLMP],mute[KLMP],mute[KLMP],mute[KLMP],mute[KLMP],mute[KLMP],mute[KLMP],mute[KLMP],mute[LMNP],mute[LMNP],mute[KMNOP],5<UV>,5<UV>,5<UV>,mute[KLMP],mute[LMNP],mute[LMNP],mute[KLMP],mute[KLMP],mute[KLMP],mute[LM],mute[KP],mute[KLMP],mute[KLMP],mute[LM],mute[LM],mute[LM],mute[KMO],mute[KLMP],mute[KLMP],mute[KLMP],mute[LMNP],mute[LMNP],mute[KLMP],mute[KLMP],mute[KLMP],mute[LMNP],mute[LMNP],mute[KLMP],mute[KLMP],mute[KLMP],mute[KLMP],mute[KLMP],mute[KLMP],mute[KLMP],mute[KLMP],mute[KLMP],mute[KLMP],mute[KLMP],mute[KLMP],mute[KLMP],mute[KLMO],5<UV>,5<UV>,5<UV>,5<UV>,5<UV>,mute[KLMP],mute[KLMP],mute[KLMP],mute[KLMP],mute[KLMP],mute[KLMP],mute[KLMP],mute[KLMO],mute[KLMP],mute[KLMP],mute[KLMP],mute[KLMP],mute[KLMP],mute[KLMP],mute[KLMP],mute[KLMP],mute[KLMP],mute[KLMP],mute[KLMP],mute[LMNP],mute[LMNP],mute[KLMP],mute[KLMP],mute[KLMP],mute[KLMP],mute[KLMP],mute[KLMO],5<UV>,5<UV>,5<UV>,5<UV>,5<UV>,5<UV>,5<UV>,5<UV>,5<UV>,5<UV>,5<UV>,5<UV>,5<UV>,5<UV>,5<UV>,mute[KLMP],mute[KLMP],mute[KLMP],mute[LMNP],mute[LMNP],mute[KLMP],mute[KLMP],mute[KLMP],mute[LMNP],mute[LMNP],5<UV>,5<UV>,5<UV>,5<UV>,5<UV>,5<UV>,5<UV>,5<UV>,5<UV>,5<UV>,5<UV>,5<UV>,5<UV>,5<UV>,5<UV>,5<UV>,5<UV>,5<UV>,5<UV>,5<UV>,mute[KLMP],mute[KLMP],mute[KLMP],mute[KLMP],mute[LMNP],mute[LMNP],mute[KOP],5<UV>,mute[LMNP],mute[LMNP],mute[LMNP],mute[LMNP],mute[KLMP],mute[KLMP],mute[KLMP],mute[KLMP],mute[KLMP],mute[KLMP],mute[KLMP],mute[KOP],5<UV>,mute[KLMP],mute[KLMP],mute[KLMP],mute[KLMP],mute[KLMP],mute[KLMP],mute[JNP],5<UV>,5<UV>,mute[KLMP],mute[KLMP],mute[KLMP],mute[KLMP],mute[KLMP],mute[KLMP],mute[KLMP],mute[KLMO],mute[KLMP],mute[KLMP],mute[KLMP],mute[KLMP],mute[KLMP],mute[KLMP],mute[KLMP],mute[KLMP],mute[KLMP],mute[KLMP],mute[KLMP],mute[LMNP],mute[LMNP],mute[KLMP],mute[LMNP],mute[LMNP],mute[LMNP],mute[LMNP],mute[KOP],5<UV>,mute[KLMP],mute[KLMO],mute[LMNP],mute[LM],mute[LM],mute[KNOP],mute[KLMP],mute[KLMP],mute[KLMP],mute[KLMP],mute[KLMP],mute[KLMP],mute[KLMP],mute[LMNP],mute[LMNP],mute[KLMP],mute[KLMP],mute[KLMP],mute[LMNP],mute[LMNP],mute[KLMNP],5<UV>,5<UV>,5<UV>,5<UV>,5<UV>,5<UV>,mute[KL],5<UV>,5<UV>,5<UV>,5<UV>,5<UV>,5<UV>,mute[KL],5<UV>,mute[LM],mute[LM],mute[LM],mute[LM],mute[LM],mute[LM],mute[LM],mute[LM],mute[LM],mute[LM],mute[LM],mute[LM],mute[LM],mute[KL],mute[KL],mute[K],5<UV>,mute[KM],mute[KN],mute[KN],5<UV>,mute[KM],5<UV>,mute[K],mute[KL],mute[KL],mute[KL],5<UV>,5<UV>,mute[KL],mute[KL],mute[KL],mute[KL],mute[LM],mute[LM],mute[LM],mute[LM],mute[LM],mute[LM],mute[LM],mute[LM],mute[LM],mute[LM],mute[LM],mute[LM],mute[LM],mute[LM],mute[LM],mute[LM],mute[LM],mute[LM],mute[LM],mute[J],mute[J],mute[J],mute[J],mute[J],mute[J],mute[J],mute[J],mute[J],mute[J],mute[J],mute[J],mute[J],mute[J],mute[J],mute[J],mute[KOP],mute[KOP],mute[KOP],mute[KOP],mute[KOP],mute[KOP],mute[KOP],mute[KOP],mute[KOP],mute[KOP],mute[KMNO],5<UV>,mute[KOP],mute[KOP],mute[KOP],mute[KOP],mute[KOP],mute[KOP],mute[KOP],mute[KOP],mute[KOP],mute[KOP],mute[KOP],mute[KOP],mute[KOP],mute[KOP],mute[KOP],mute[KOP],mute[KMNP],5<UV>,mute[KOP],mute[KMNP],5<UV>,mute[KOP],mute[KMNP],5<UV>,mute[KOP],mute[KOP],mute[KOP],mute[KOP],mute[KOP],mute[KOP],mute[KOP],mute[KOP],mute[KOP],mute[KOP],mute[KN],5<UV>,5<UV>,5<UV>,mute[LMNO],mute[KOP],mute[KOP],mute[KOP],mute[KOP],mute[KOP],mute[KOP],mute[KOP],mute[KOP],mute[KMNO],5<UV>,mute[KOP],mute[KOP],mute[KOP],mute[KOP],mute[KOP],mute[KOP],mute[KOP],mute[KOP],mute[KOP],mute[KOP],mute[KMNO],5<UV>,mute[KOP],mute[KOP],mute[KOP],mute[KOP],mute[KMNP],5<UV>,mute[KOP],mute[KMNP],5<UV>,mute[KOP],mute[KOP],mute[KOP],mute[KOP],mute[KOP],mute[KOP],mute[KOP],mute[KOP],mute[KOP],mute[KOP],mute[KOP],mute[KOP],mute[KOP],mute[KN],5<UV>,5<UV>,5<UV>,mute[LMNO],mute[KOP],mute[KOP],mute[KOP],mute[KOP],mute[KOP],mute[KOP],mute[KOP],mute[KOP],mute[KMNO],5<UV>,mute[KOP],mute[KOP],mute[KOP],mute[KOP],mute[KOP],mute[KOP],mute[KOP],mute[KOP],mute[KOP],mute[KOP],mute[KMNO],5<UV>,mute[KLM],mute[LM],mute[LM],mute[KLN],mute[KLN],mute[KLN],mute[KLN],mute[KOP],mute[JNOP],mute[KNO],mute[JMN],mute[KNO],mute[JMN],mute[KNO],mute[JMN],mute[KNO],mute[KLMO],mute[LM],mute[LM],mute[LM],mute[LM],mute[LM],mute[LM],mute[LM],mute[LM],mute[LM],mute[LM],mute[LM],mute[LM],mute[LM],mute[LM],mute[LM],mute[LM],mute[LM],5<UV>,mute[LM],mute[LM],mute[LM],mute[LM],mute[LM],mute[LM],mute[LM],mute[LM],mute[LM],mute[LM],mute[LM],mute[LM],mute[LM],mute[LM],mute[LMNO],mute[KLN],mute[LM],mute[LM],mute[LM],mute[LM],mute[LM],mute[LM],mute[LM],mute[LM],mute[LM],mute[LM],mute[LM],mute[LM],mute[LM],mute[LM],mute[LM],mute[LM],mute[LM],mute[LM],mute[LM],mute[LM],mute[LM],mute[LM],mute[LM],mute[LM],mute[LM],mute[LM],mute[LM],mute[LM],mute[LM],mute[LM],mute[LM],mute[LM],mute[LM],mute[LM],mute[LM],mute[LM],mute[LM],mute[LM],mute[LM],mute[LM],mute[LM],mute[LM],mute[LM],mute[LM],mute[LM],mute[LM],mute[LM],mute[LM],mute[LM],mute[KMNO],5<UV>,5<UV>,mute[LM],mute[LM],mute[LM],mute[KN],5<UV>,mute[LM],mute[LM],mute[LM],mute[LM],mute[LM],mute[LM],mute[LM],mute[LM],mute[LM],mute[LM],mute[KOP],mute[KLN],mute[KLN],mute[KLN],mute[KLN],mute[KLN],mute[KLN],mute[KLN],mute[KLN],mute[KLN],mute[KLN],mute[KLN],mute[KLN],mute[KLN],mute[KLN],mute[KLN],mute[KNOP],mute[JKMP],5<UV>,5<UV>,mute[KL],5<UV>,5<UV>,mute[KL],5<UV>,5<UV>,mute[KL],mute[LM],mute[LM],mute[LM],mute[LM],mute[LM],mute[LM],mute[LM],mute[LM],mute[LM],mute[LM],mute[LM],mute[LM],mute[LM],mute[LM],mute[LM],mute[LM],mute[JK],5<UV>,5<UV>,mute[KL],5<UV>,5<UV>,mute[KL],5<UV>,5<UV>,mute[KL],mute[LM],mute[LM],mute[LM],mute[LM],mute[LM],mute[LM],mute[LM],mute[LM],mute[LM],mute[LM],mute[LM],mute[LM],mute[LM],mute[LM],mute[LM],mute[LM],mute[JK],mute[LM],mute[LM],mute[LM],mute[LM],mute[LM],mute[LM],mute[LM],mute[LM],mute[LM],mute[LM],mute[LM],mute[LM],mute[LM],mute[LM],mute[LM],mute[LM],mute[LM],mute[LM],mute[LM],mute[LM],mute[LM],mute[LM],mute[LM],mute[LM],mute[LM],mute[LM],mute[LM],mute[LM],mute[LM],mute[LM],mute[LM],mute[LM],mute[LM],mute[LM],mute[LM],mute[LM],mute[LM],mute[LM],mute[LM],mute[LM],mute[LM],mute[LM],mute[LM],mute[LM],mute[LM],mute[LM],mute[LM],mute[LM],mute[LM],mute[LM],mute[LM],mute[LM],5<UV>,5<UV>,5<UV>,5<UV>,5<UV>,5<UV>,5<UV>,5<UV>,mute[LM],5<UV>,mute[LM],5<UV>,mute[LM],5<UV>,mute[LM],5<UV>,mute[LM],5<UV>,mute[LM],5<UV>,mute[LM],5<UV>,mute[LM],5<UV>,mute[LM],5<UV>,mute[LM],5<UV>,mute[LM],5<UV>,mute[LM],5<UV>,mute[LM],5<UV>,mute[LM],5<UV>,mute[LM],5<UV>,mute[LM],5<UV>,mute[LM],5<UV>,mute[LM],5<UV>,mute[LM],5<UV>,mute[LM],5<UV>,mute[LM],5<UV>,mute[LM],5<UV>,mute[LM],5<UV>,mute[LM],5<UV>,mute[LM],5<UV>,mute[LM],5<UV>,mute[LM],5<UV>,mute[LM],5<UV>,mute[LM],5<UV>,mute[LM],5<UV>,mute[LM],5<UV>,mute[KL],mute[JM],mute[LM],mute[LM],mute[LM],mute[LM],mute[LM],5<UV>,5<UV>,5<UV>,5<UV>,5<UV>,5<UV>,5<UV>,5<UV>,5<UV>,5<UV>,5<UV>,5<UV>,5<UV>,5<UV>,5<UV>,5<UV>,5<UV>,5<UV>,5<UV>,5<UV>,5<UV>,5<UV>,5<UV>,5<UV>,mute[LM],mute[LM],mute[LM],mute[LM],mute[LM],mute[LM],mute[LM],mute[LM],mute[LM],mute[LM],mute[LM],mute[LM],mute[LM],mute[LM],mute[LM],mute[LM],mute[LM],mute[LM],mute[LM],mute[LM],mute[LM],mute[LM],mute[LM],mute[LM],mute[LM],mute[LM],mute[LM],mute[LM],mute[LM],mute[LM],mute[LM],mute[LM],mute[KL],mute[LM],mute[LM],mute[LM],mute[LM],mute[LM],mute[LM],mute[LM],mute[LM],mute[LM],mute[LM],mute[LM],mute[LM],mute[LM],mute[LM],mute[LM],mute[LM],mute[LM],mute[LM],mute[LM],mute[LM],mute[LM],mute[LM],mute[LM],mute[LM],mute[LM],mute[LM],mute[LM],mute[LM],mute[LM],mute[LM],mute[LM],mute[LM],mute[LM],mute[LM],mute[LM],mute[LM],mute[LM],mute[LM],mute[LM],mute[LM],mute[LM],mute[LM],mute[LM],mute[LM],mute[LM],mute[LM],mute[LM],mute[LM],mute[LM],mute[LM],mute[LM],mute[LM],mute[LM],mute[LM],mute[LM],mute[LM],mute[LM],mute[LM],mute[LMNP],mute[LMNP],mute[LMNP],mute[LMNP],mute[KL],mute[KL],mute[KL],mute[KL],mute[KL],mute[KL],mute[KL],mute[KL],mute[KL],mute[KL],mute[KL],mute[LM],mute[LM],mute[KL],mute[LM],5<UV>,mute[KL],mute[LM],mute[LM],mute[KL],mute[KL],mute[KL],mute[KL],mute[KL],mute[KL],mute[KL],mute[KL],mute[KL],mute[KL],mute[KL],mute[LM],mute[LM],mute[KL],mute[LM],5<UV>,mute[KL],mute[LM],mute[LM],mute[JM],mute[LM],mute[JM],mute[LM],mute[JM],mute[LM],mute[JM],mute[LM],mute[JK],mute[JK],mute[JK],mute[JKM],5<UV>,mute[K],mute[K],mute[K],mute[K],mute[K],mute[K],mute[K],mute[K],mute[K],mute[K],mute[K],mute[JM],mute[LM],mute[JM],mute[LM],mute[JM],mute[LM],mute[JM],mute[LM],mute[JK],mute[KMOP],mute[LMNOP],mute[LMNP],mute[LMNP],mute[LMNP],mute[LMNP],mute[LMNP],mute[LMNP],mute[LMNP],mute[LMNP],mute[LMNP],mute[LMNP],mute[LMNP],mute[LMNP],mute[LMNP],mute[LMNP],mute[LMNP],mute[LMNP],mute[LMNP],mute[LMNP],mute[LMNP],mute[IKMNO],mute[IKMNO],mute[HHH],","b[JMNOP],b[LMO],e1[JKMP],b[JKMP],e[JLO],#d[KMP],e[LNP],f[LNP],g[LNP],f[LNP],e[KMP],a[KMP],#g[KMP],c1[KMP],#a[KMP],b[KMP],#d1[LNP],g1[LNP],f1[KMP],e1[KMP],f2[KLMNO],e2[LNP],(e2.A-2)[KLMP],e[KLMP],(e1.c1.a)[KLMP],e[KLMP],(c2.e1.a.c1)[KLMP],e[KLMP],(c1.e1.a)[KLMP],(d2.e)[KLMP],(e2.A-1)[KLMP],e[KLMP],(c1.e1.a)[KLMP],e[KLMP],(c2.c1.a.e1)[KLMP],e[KLMP],(c1.e1.a)[KLMP],e[KLMP],(e2.A-2)[KLMP],e[KLMP],(c2.c1.a.e1)[KLMP],e[LMNP],d2[LMNP],(e2.e1.a.c1)[LMNP],e2[MNOP],e2[MNOP],(f2.e)[MNOP],e2[MNOP],#d2[MNOP],e2[MNOP],(a2.e1.a.c1)[KLMP],e[LMNP],c3[LMNP],(e2.A-1)[KLMP],e[KLMP],(c1.a.e1)[KLMP],(e.g2)[LOP],f2[LOP],e2[LOP],(e2.a1.a.c1)[KLMP],e[KLMP],(e1.a.c1)[LOP],#d2[LOP],d2[LOP],(#c2.e)[LOP],c2[LOP],b1[LOP],(#a1.A-2)[KLMP],f[KLMP],(#a.d1.#a1)[KLMP],f[LMNP],c2[LMNP],(#a.f1.d2)[KLMP],f[KLMP],(#a.d1.d2)[KLMP],f[LMNP],e2[LMNP],(f2.A-1)[KLMP],d[KLMP],(d1.#g)[KLMP],d[KLMP],(e2.A-1)[KLMP],e[KLMP],(#g.d1)[KLMP],e[KLMP],(d2.A-1)[KLMP],f[KLMP],(#g.d1.b2)[KLMP],f[KLMP],A-1[KLMP],e[KMOP],d2[MNOP],(#g.d1.d2)[MNOP],e2[MNOP],d2[MNOP],e2[MNOP],(d2.e)[MNOP],e2[MNOP],#c2[MNOP],d2[MNOP],(#f2.A-2)[KLMP],e[KLMP],(e1.#c1.a)[KLMP],(e2.e)[KLMP],(#c1.a1.#c2.a)[KLMP],e[KLMP],(#c1.#g1.b)[KLMP],f[KMOP],#f1[MNOP],(A-2.#f2)[KLMP],#c[KLMP],(#f.a.#f1)[KLMP],#c[KLMP],(#F-1.e2)[KLMP],d[KLMP],(#f.d2.b.#f1)[KLMP],d[KLMP],(#c2.#F-2)[KLMP],#c[KLMP],(a.#c1.#f)[KLMP],#c[LMNP],a1[LMNP],(#c2.#f1.#f.a)[KLMP],#c[KLMP],(a.#c1.#f)[KLMP],#c[KLMP],(#F-1.#f2)[KLMP],#c[KMOP],#f1[MNOP],(#f.a.#f1)[MNOP],#g1[MNOP],#f1[MNOP],f1[MNOP],(#c.#f1)[MNOP],#g1[MNOP],a1[MNOP],b1[MNOP],(#F-1.#c2)[MNOP],#d2[MNOP],f2[MNOP],#f2[MNOP],(B-1.#g2)[MNOP],a2[MNOP],b2[MNOP],#c3[MNOP],(#f.#f1.b.#d3)[MO],f3[NP],#f3[NP],#g3[MO],a3[MO],#g3[NP],#f3[NP],e3[MO],(B-1.d3)[MO],#c3[NP],b2[NP],a2[MO],#g2[MO],#f2[NP],e2[NP],d2[MO],(#F-2.#c2)[KLMP],#c[KLMP],(#c1.a.#f)[KLMP],#c[LMNP],a1[LMNP],(#f1.a.#f.#c2)[KLMP],#c[KLMP],(e1.a.#f)[KLMP],#c[LMNP],#c2[LMNP],(B-2.#c2)[MNOP],#d2[MNOP],e2[MNOP],#d2[MNOP],(b.e2)[MNOP],#d2[MNOP],e2[MNOP],#d2[MNOP],(a.#d1.b1.e2)[MNOP],#d2[MNOP],e2[MNOP],#d2[MNOP],(b.e2)[MNOP],#d2[MNOP],e2[MNOP],#d2[MNOP],(B-1.#a1.e2)[MNOP],#d2[MNOP],e2[MNOP],#d2[MNOP],(b.e2)[MNOP],#d2[MNOP],e2[MNOP],#d2[MNOP],(#f1.#f.a1.e2)[MNOP],#d2[MNOP],e2[MNOP],#d2[MNOP],(b.#c2)[MNOP],#d2[MNOP],e2[MNOP],#f2[MNOP],(#g2.E-1.#g1)[KLMP],b[KLMP],(#g.e1)[KLMP],b[KLMP],A-1[LMNP],(#c1.#c2)[LMNP],(#d1.#f.#d2)[LMNP],(e2.e1)[MNOP],#g1[MNOP],(#g1.#c1.#g2.e)[LMNP],(#f2.#f1)[LMNP],(#d3.#f.#d2)[LMNP],(#c3.#c2)[LMNP],(B-1.e2.#g.e1)[KLMP],b[KLMP],g[KLMP],#a[KLMP],(#f.a1.b1)[KLMP],(#d1.b.#d2)[KLMP],(#c2.a.#c1)[KLMP],b[LMNP],(#d1.#d2)[MNOP],#d1[MNOP],(#d1.E-2.a1.#f2)[KLMP],b[KLMP],a[KLMP],b[KLMP],(e1.e.#g1.e2)[KLMP],b[KLMP],(b1.#g1.d1.e1.d2)[KLMP],b[MNOP],#c1[MNOP],(e1.#c2)[MNOP],#c2[MNOP],(A-1.e2.A-2.#c3)[KLMP],e[KLMP],(#c1.e1.a)[KLMP],e[KLMP],(#c2.e1.a1.#c1.a2.a)[KLMP],e[KLMP],(#c1.e1.a)[KLMP],(#c2.e.a2.#c3)[KMOP],(#c3.e3)[MNOP],(A-1.A-2.e2)[KLMP],e[KLMP],(#c1.e1.a)[KLMP],e[KLMP],(#c2.a1.#c3.#c1.a2.a)[KLMP],e[KLMP],(#c1.e1.a)[KLMP],e[KLMP],(A-2.e3.e2.#c3.A-1)[KLMP],e[KLMP],(a.#c3.#c2.#c1.e1.a2)[KLMP],e[LMNP],(d3.#f3.#f2)[LMNP],(#c1.#d3.e1.c3.a.#d2)[KLMP],(e2.e3.e.#c3)[LMNP],(#f3.d3.#f2)[LMNP],(a.#g3.#c1.#g2.e1.b2)[LMNP],(#c3.a2.a3)[LMNP],(e.b3.b2.#d3)[LMNP],(e3.#c3.#c4)[MNOP],(#c3.e3)[MNOP],(e3.A-2.e2.A-1.#c3)[KLMP],e[KMOP],(e3.#g3)[MNOP],(a.e1.#g3.#g2.#c1.e3)[LMNP],(d3.#f3)[MO],(#f3.#f2.d3)[LOP],(#c3.e3.e)[LOP],(e3.e2.#c3)[LM],(#c3.a2)[MNOP],(a2.a1.#c3.#c1.#c2.a)[KLMP],e[KLMP],(#c1.e1.a)[KLMP],e[KLMP],(d2.A-2.a2.A-1.b1.b2)[KLMP],f[KLMP],(a2.a.f1.b1.b.b2.d1.d2)[KLMP],f[LMNP],(#c2.#c3)[LMNP],(d2.a1.d3.d1.a2.b.b2.a)[KLMP],f[KLMP],(d2.f1.d3.d1.a2.b.b2.a)[KLMP],f[LMNP],(e2.e3)[LMNP],(f3.#G-2.d3.#G-1.f2.b2)[KLN],(d1.f.b)[LP],f1[LP],b1[LP],(f1.d2.d1.b)[LP],#f2[LP],f2[LP],(f.b2.b.d1)[LP],d3[LP],(f3.f2)[LP],(#F-1.#f3.#F-2.#f2)[KL],(b.d1.#f)[L],#f1[L],b1[L],(b.d2.d1.#f1)[L],#g2[L],#f2[L],(b.b2.d1.#f)[L],d3[L],(g2.g3)[L],(#g2.F-2.#g3.F-1)[KL],#c1[MN],d1[MN],c1[LM],(#c.#c1.#g.b)[LM],f1[LM],a1[LM],g1[LM],#g1[LM],c2[LM],d2[LM],#c2[LM],e2[LM],f2[LM],d3[LM],#c3[LM],(b1.#g2.f2.#c2.#c3.#c4)[KL],(#c2.b1.f1.#g3.#g2)[KL],(#c1.b1.f1.#c2.#c3)[K],(e3.e2)[L],(f1.#c1.#g)[L],(d3.d2)[LN],f[N],b[M],(#c1.#g1.#c2.#c3)[KN],#c[N],b[M],f1[LM],(#g2.#g1)[MN],#G-1[N],f[M],(#c1.a1.f2.a2)[K],(#c3.#c2)[L],(#c.#C-1)[L],(b2.b1)[K],(#F-2.#F-1.b1.b2.#f2.#c2)[KL],(a.#c)[KL],(#f.#c1.a1.a2)[KL],(#f1.a)[MN],(#c2.#c1)[MN],(d2.d1)[MN],(#d2.#d1)[MN],(B-2.B-1.#g1.#g2.#d2)[KL],(a.B-1)[KL],(a.b)[KL],(a1.#d1.b.#f2.b1.#f1)[KL],(#d1.#f1.b1)[LOP],(e1.c2.g1)[LOP],(f1.#c2.#g1)[LOP],(#f1.d2.a1)[LOP],(g1.#d2.#a1)[LOP],(#g1.e2.b1)[LOP],(a1.c2.f2)[LOP],(#a1.#f2.#c2)[LOP],(b1.g2.d2)[LOP],(c2.#g2.#d2)[LOP],(#c2.a2.e2)[LOP],(d2.#a2.f2)[LOP],(#d2.#f2.b2)[LOP],(e2.c3.g2)[LOP],(f2.#c3.#g2)[LOP],(#f2.d3.a2)[LOP],(g2.#d3.#a2)[LOP],(#g2.e3.b2)[LOP],(a2.c3.f3)[LOP],(#a2.#f3.#c3)[LOP],(b2.g3.d3)[LOP],(c3.#g3.#d3)[LOP],(#f2.a3.#d3.#a2)[LOP],(f2.a3.#d3.#a2)[LOP],(e2.e3.a3.#c3)[J],(a2.#d2.c3.#f3)[J],(e2.#g2.b2)[J],(e2.#a1.g2.#c3)[J],(b1.d2.d3.#f2)[J],(d2.#g1.f2.b2)[J],(a1.#c2.e2.#c3)[J],(#c2.#f1.#d2)[J],(#g1.c2.#d2.#g2)[J],(f1.b1.#c2.a2)[J],(#f1.a1.#c2.#f2)[J],(a1.#d1.#g2.c2)[J],(e1.#g1.b1.e2)[J],(e1.#a.g1.#c2)[J],(d1.b.d2.#f1)[J],(b.e.#g1.d1)[J],(a1.A-2.#c1)[KOP],A-1[KOP],e[KOP],(#c1.e1)[KOP],(d1.#f1)[KOP],(b.#g1)[KOP],(#c1.a1)[KOP],(e.a2)[KOP],(a.#c2)[KOP],(#c1.e2)[KOP],(e1.#c2)[KOP],(d1.#f1)[MP],#g1[MNP],#f1[MNP],(e1.#c1)[KOP],A-1[KOP],e[KOP],#c1[KOP],(#f1.d1)[KOP],(#g1.b)[KOP],(a1.#c1)[KOP],(#c3.e)[KOP],(#c2.a)[KOP],(a2.#c1)[KOP],(a1.#f1)[KOP],(d2.f1)[KOP],(e1.#g1)[KOP],(b.f2.d1)[KOP],(d2.e2.e)[KOP],(e1.#g1)[KOP],(d1.#f2.b)[KOP],e[LP],(d2.e2)[LP],(e1.#g1)[KOP],(d1.g2.b)[KOP],e[LP],(d2.e2)[LP],(e1.#g1)[KOP],(d1.#g2.b)[KOP],e[LP],(d2.e2)[LP],(a1.#f1)[KOP],(e2.d1.d2.b)[KOP],(a2.e)[KOP],(#a1.g1)[KOP],(d2.d1.e2.b)[KOP],(#a2.e)[KOP],(b1.#g1)[KOP],(d2.b.e2.d1)[KOP],(b2.e)[KOP],(e2.#g1.d2)[KOP],(b.d1.#f3)[KOP],e[LP],e3[LP],(#c2.A-2)[MNP],#c2[MNP],a2[MP],A-1[N],e3[LMNO],e[KOP],(e1.#c1)[KOP],(#f1.d1)[KOP],(#g1.b)[KOP],(a1.#c1)[KOP],(a2.e)[KOP],(#c2.a)[KOP],(e2.#c1)[KOP],(a1.e1)[KOP],(#f1.d1)[MP],#g1[MNP],#f1[MNP],(e1.#c1)[KOP],A-1[KOP],e[KOP],#c1[KOP],(#f1.d1)[KOP],(#g1.b)[KOP],(a1.#c1)[KOP],(#c3.e)[KOP],(#c2.a)[KOP],(a2.#c1)[KOP],(a1.e1)[KOP],(b1.g1)[MP],#c2[MNP],b1[MNP],(#f1.#a1)[KOP],(#c1.g2.e1)[KOP],(e2.#f2.#f)[KOP],(#f1.#a1)[KOP],(#c1.#g2.e1)[KOP],#f[LP],(e2.#f2)[LP],(#f1.#a1)[KOP],(#c1.a2.e1)[KOP],#f[LP],(e2.#f2)[LP],(#f1.#a1)[KOP],(#c1.#a2.e1)[KOP],(e2.#f2.#f)[KOP],(b1.#g1)[KOP],(e2.e1.#f2.#c1)[KOP],(b2.#f)[KOP],(c2.a1)[KOP],(e2.e1.#f2.#c1)[KOP],(c3.#f)[KOP],(#c2.#a1)[KOP],(e2.e1.#f2.#c1)[KOP],(#c3.#f)[KOP],(#f1.#c2.e2.#f2)[KOP],(#c1.g3)[KOP],#f[LP],#f3[LP],(d2.B-2)[MNP],d2[MNP],b2[MP],B-1[N],#f3[LMNO],#f[KOP],(#f1.d1)[KOP],(#g1.e1)[KOP],(#a1.#c1)[KOP],(b1.d1)[KOP],(b2.#f)[KOP],(d2.b)[KOP],(#f2.d1)[KOP],(b1.#f1)[KOP],(g1.e1)[MP],a1[MNP],g1[MNP],(d1.#f1)[KOP],B-1[KOP],#f[KOP],d1[KOP],(e1.#g1)[KOP],(#c1.#a1)[KOP],(d1.b1)[KOP],(#f.d3)[KOP],(b.#f2)[KOP],(d1.b2)[KOP],(#f1.d2)[KOP],(f1.a1)[MP],b1[MNP],a1[MNP],(#g1.E-1)[KLN],B-1[LMO],(a2.#c3)[LMO],(a2.#c3.e)[KOP],g2[LP],#g[KOP],(#g2.b2)[LP],(#g2.b2.d1)[KOP],f2[LP],#g1[KOP],(a2.#f2)[LP],(#f2.a2)[KOP],e2[KLN],(f2.#g2)[LOP],(f2.#g2)[KNO],#d2[KLMP],(e2.g2)[LOP],(e2.g2)[KNO],#c2[KLMP],(d2.#f2)[LOP],(d2.#f2)[KNO],c2[KLMP],(#c2.e2)[LOP],(#c2.e2)[KNO],#a1[KLMP],(b1.d2)[LOP],(#d1.A-1.#c2)[LMO],e1[LMO],(e.#c1.#f1)[LMO],#g1[LMO],b1[LMO],#g1[LMO],(b1.A-1)[LMO],a1[LMO],(d2.#G-1)[LMO],#c2[LMO],(e.#c1.b1)[LMO],#g1[LMO],#g2[LMO],#f2[LMO],(e2.#G-1)[LMO],d2[MNP],e2[MNP],(#F-1.d2)[LMO],#c2[LMO],(a.b2.#c)[LMO],a2[LMO],#g2[LMO],#f2[LMO],(#F-1.a3)[LMO],#g3[LMO],(#A-1.g3)[LMO],#f3[LMO],(e1.#c3.#f)[LMO],d3[LMO],#d3[LMO],e3[LMO],(#A-1.#c4)[KLN],(#c3.B-1)[LMO],d3[LMO],(#g3.d1.e3.#f)[LMO],#g2[LMO],#c3[LMO],b2[LMO],(#f3.B-1.d3)[LMO],#f2[LMO],(a2.d)[LMO],#g2[LMO],(b.#f1.#c3.a.e3)[LMO],e2[LMO],#g2[LMO],#f2[LMO],(d3.d.b2)[LMO],d2[LMO],(e.#g2)[LMO],#f2[LMO],(d1.#c3.#g1.a2)[LMO],#c2[LMO],#g2[LMO],#f2[LMO],(#g2.b2.e)[LMO],b1[LMO],(E-1.#f2)[LMO],e2[LMO],(#g.a2.d1.#f2)[LMO],a1[LMO],#f2[LMO],e2[LMO],(#g2.b2.e)[LMO],b1[LMO],(#c2.A-1.a2.#c3)[LMO],e1[LMO],(#f1.#c1)[LMO],#g1[LMO],(b1.e)[LMO],#g1[LMO],(b1.A-1)[LMO],a1[LMO],(d2.#G-1)[LMO],#c2[LMO],(b1.#c1)[LMO],a1[LMO],(#g2.e)[LMO],#f2[LMO],(e2.#G-1)[LMO],d2[MNP],d2[MNP],(#F-1.e2)[MNP],d2[MNP],#c2[LMO],(a.b2)[LMO],a2[LMO],(#c.#g2)[LMO],#f2[MNP],#f2[MNP],(#F-1.a3)[LMO],#g3[LMO],(#A-1.g3)[LMO],#f3[LMO],(e1.f3)[LMO],#f3[LMO],(#f.g3)[LMO],#f3[LMO],(#A-1.#c4)[LMO],#c3[LMO],(B-1.e3)[MNP],d3[KNOP],(#g3.b3.d1)[MNP],b2[KNOP],(#f.d3)[MNP],#c3[KNOP],(#f3.a3.B-1)[MNP],a2[KNOP],(d.#c3)[MNP],b2[KNOP],(e3.#g3.#f1)[MNP],#g2[KNOP],(b.b2)[MNP],a2[KNOP],(d3.#f3.d)[MNP],#f2[KNOP],(e.a2)[MNP],#g2[KNOP],(#c3.e3.#g1)[MNP],e2[KNOP],(d1.#g2)[MNP],#f2[KNOP],(b2.d3.e)[MNP],d2[KNOP],(E-1.#f2)[MNP],e2[KNOP],(#f2.a2.d1)[MNP],a1[KNOP],(#g.#f2)[MNP],e2[KNOP],(#g2.b2.e)[MNP],b1[KNOP],(#c2.e.e1.#g2.#c1.#c3.#g)[JKMP],(#g2.#g1.e2.#c3)[L],d3[M],#c2[M],#c3[L],(e2.e1)[KL],(#f2.#c1.a1.a2)[L],b2[M],#f1[M],a2[L],(#c2.#f)[KL],(e1.#c.a.a1)[L],b1[M],#f[M],a1[L],(#c1.#F-1)[KL],(F-1.F-2.d)[LM],(a.b)[LM],(f.F-1.d1)[LM],(f.F-1.d1)[LM],(a1.F-1.b1.f)[LM],d2[LM],d2[LM],d3[LM],(e1.E-1.d1)[LM],(#g1.#c2)[LM],(e2.e)[LM],e2[LM],(d1.b1.b2.e1.#g2)[LM],e3[LM],(e3.e)[LM],#c4[LM],(#g.e1.#g3.#c1.#c4.#c3)[JK],(#g2.e3.#g3.#c4)[L],d4[M],#c3[M],#c4[L],(e2.e3)[KL],(#c2.a2.#f3.a3)[L],b3[M],#f2[M],a3[L],(#f1.#c3)[KL],(#c1.a1.e2.a2)[L],b2[M],#f1[M],a2[L],(#f.#c2)[KL],(F-1.d1.f)[LM],(a1.b1)[LM],(f.d2.f1)[LM],(f.d2.f1)[LM],(f.b2.f1.a2)[LM],d3[LM],d3[LM],d4[LM],(d1.e1.E-1)[LM],(#g1.#c2)[LM],(e.e2)[LM],e2[LM],(b1.#g2.d1.b2.e1)[LM],e3[LM],(e.e3)[LM],e4[LM],(f4.a.#d.f1.f3.c1)[JK],(c1.c2.a1.f2)[LM],d2[LM],(a.c2.f1)[LM],c2[LM],(b.b1.#g1.e2)[LM],c2[LM],(e1.b1.#g)[LM],b1[LM],(g1.#a1.#a.#d2)[LM],c2[LM],(g.#a1.#d1)[LM],#a1[LM],(a2.#f1.d3.a)[LM],#f2[LM],(#f.d1.d2)[LM],c2[LM],(#d2.g1.#a1.#a)[LM],c2[LM],(g.#d1.#a1)[LM],#a1[LM],(a1.#f1.d2.a)[LM],#a1[LM],(#f.d1.a1)[LM],a1[LM],(#c2.f1.#g1.#g)[LM],#a1[LM],(f.#c1.#g1)[LM],#g1[LM],(g.c3.e1.g2)[LM],e2[LM],(e.c2.c1)[LM],#a1[LM],(#g.#g1.f1.#c2)[LM],#a1[LM],(#c1.#g1.f)[LM],#g1[LM],(g.g1.e1.c2)[LM],#g1[LM],(c1.g1.e)[LM],g1[LM],(#f.#f1.#d1.b1)[LM],g1[LM],(b.#f1.#d)[LM],#f1[LM],(d1.f.f1.#a1)[LM],g1[LM],(#a.d.f1)[LM],f1[LM],(c1.#f.#d1.a1)[LM],f1[LM],(a.#d1)[LM],d1[LM],(#f.#d1)[L],#f1[M],#d[M],a1[L],(c.c2)[L],#d2[M],A-1[M],#f2[L],(#F-1.a2)[L],c3[M],#D-1[M],#d3[L],(C-1.#f3)[MN],a3[N],A-2[M],c4[M],#F-2[N],#d4[MN],(E-2.e4)[KN],b3[MN],(e4.a3)[KN],b2[MN],(e1.a2.e3)[KN],b1[MN],(#f1.e2.a1)[KN],#c2[MN],(e.b1.e2)[KN],#c3[MN],(#g1.e1.d1.b2.e3)[KN],#c4[MN],(d1.#c2.e1.e4.b3)[KN],#c3[MN],(b1.e1.d1.b2.e3)[KN],b2[MN],(e.E-1.e3.a2)[KN],b3[MN],(a1.#c1.a3.e4)[KN],b2[MN],(e.e1.e3.a2)[KN],b1[MN],(#f1.a.a1.e2)[KN],#c2[MN],(e.e1.e2.b1)[KN],#c3[MN],(#g1.d1.b2.e3)[KN],#c4[MN],(e1.d1.#c2.e4.b3)[KN],#c3[MN],(b1.e1.d1.b2.e3)[KN],b1[MN],(E-1.e.a1.e2)[KN],b2[MN],(a1.#c1.a.e3.a2)[KN],d3[MN],(#D-1.#d.c3.f3)[KN],d2[MN],(f1.c1.a.f2.c2)[KN],c2[MN],(D-1.d.#a1.f2)[KN],c3[MN],(f1.#a.f.f3.#a2)[KN],#c3[MN],(#C-1.#c.b2.f3)[KN],#c2[MN],(f1.#c1.#g.f2.b1)[KN],b1[MN],(#C-1.#c.#a1.#f2)[KN],b2[MN],(#f1.#c1.#a.#f3.#a2)[KN],#c3[MN],(#C-1.#c.b2.f3)[KN],#c2[MN],(#g1.#c1.#g.f2.b1)[KN],d2[MN],(C-1.c.c2.a1.f2)[KN],d3[MN],(a1.f1.c1.a.f3.c3.a2)[KN],(B-1.f2)[N],(#g.f.b2)[M],(d1.d3.#g3)[KN],(B-1.f2)[N],(a.f.b2)[M],(#d1.a3.#d3)[KL],(e2.E-2.e1.E-1.#g1.#c2.d1)[JM],b1[LM],(e2.b.e1.B-1.#c2.#g1.d1)[LM],b1[LM],(#c2.a1)[LM],(b1.b.#g1.B-1)[LM],(a1.e1.#c2.e)[L],(b1.#g1)[L],(a1.#c2)[L],(b1.#g1)[L],(a1.#c2)[L],(b1.#g1)[L],(a1.B-1.#c2.b)[L],(b1.#g1)[L],(a1.#c2)[L],(b1.#g1)[L],(a1.#c2)[L],(b1.#g1)[L],(e.b1.E-1.#g1)[MN],(a1.#c2)[MN],(b1.#g1)[MN],(a1.#c2)[MN],(#g1.b1)[MN],(#c2.a1)[MN],(b1.#g1)[MN],(a1.#c2)[MN],(#g1.b1.B-1.B-2)[MN],(#c2.a1)[MN],(b1.#g1)[MN],(a1.#c2)[MN],(#g1.b1)[MN],(#c2.a1)[MN],(b1.#g1.B-1.B-2)[MN],(a1.#c2)[MN],(#g1.b1.E-1.e)[MN],(#c2.a1)[MN],(b1.#g1)[MN],(a1.#c2)[MN],(#g1.b1)[MN],(#c2.a1)[MN],(b1.#g1)[MN],(a1.#c2)[MN],(#g1.b1.B-1.B-2)[MN],(#c2.a1)[MN],(b1.#g1)[MN],(a1.#c2)[MN],(#g1.b1)[MN],(#c2.a1)[MN],(b1.#g1)[MN],(a1.#c2)[MN],(E-1.E-2.#c2.a1)[LM],(b1.#g1)[LM],(#c2.a1)[LM],(d1.b.b1.#g1)[LM],(e1.#c2.a1)[LM],(d1.b.b1.#g1)[LM],(e1.#c2.a1)[LM],(d1.b.b1.#g1)[LM],(e1.#c2.a1)[LM],(d1.b.b1.#g1)[LM],(e1.#c2.a1)[LM],(d1.b.b1.#g1)[LM],(e1.#c2.a1)[LM],(d1.b.b1.#g1)[LM],(e1.#c2.a1)[LM],(d1.b.b1.#g1)[LM],(e1.d1.e2.#c2.a1)[LM],(b.e.b1.#g1)[LM],(e1.d1.#c2.a1)[LM],(b.e.b1.#g1)[LM],(e1.d1.#c2.a1)[LM],(b.e.b1.#g1)[LM],(e1.d1.#c2.a1)[LM],(b.e.b1.#g1)[LM],(e1.d1.a1.#c2)[LM],(b.e.b1.#g1)[LM],(e1.d1.#c2.a1)[LM],(b.e.b1.#g1)[LM],(e1.d1.#c2.a1)[LM],(b.e.b1.#g1)[LM],(e1.d1.#a1.g1)[LM],(b.e.b1.#g1)[LM],(e1.d1.#g1.e2)[KL],(e.d2.b1.e1.d1)[LM],(E-1.e2)[LM],(f.d2.b1.e1.d1)[LM],(E-1.f2)[LM],(#d.d2.b1.e1.d1)[LM],(E-1.#d2)[LM],(e.d2.b1.e1.d1)[LM],(E-1.e2)[LM],(f.d2.b1.e1.d1)[LM],(E-1.f2)[LM],(#f.d2.b1.e1.d1)[LM],(E-1.#f2)[LM],(#d.d2.b1.e1.d1)[LM],(E-1.e2)[LM],(f.d2.b1.e1.d1)[LM],(E-1.f2)[LM],(#f.d2.b1.e1.d1)[LM],(E-1.#f2)[LM],(g.d2.b1.e1.d1)[LM],(E-1.g2)[LM],(f.d2.b1.e1.d1)[LM],(E-1.f2)[LM],(#f.d2.b1.e1.d1)[LM],(E-1.#f2)[LM],(g.d2.b1.e1.d1)[LM],(E-1.g2)[LM],(#g.d2.b1.e1.d1)[LM],(E-1.#g2)[LM],(g.d2.b1.e1.d1)[LM],(E-1.#f2)[LM],(#g.d2.b1.e1.d1)[LM],(E-1.#g2)[LM],(a.e2.d2)[LM],(e.a2)[LM],(#a.e2.d2)[LM],(e.#a2)[LM],(b.#g2.e2.d2)[LM],(e.b2)[LM],(c1.#g2.e2.d2)[LM],(e.c3)[LM],(#c1.#g2.e2.d2)[LM],(e.#c3)[LM],(d1.#g2.e2.d2)[LM],(e.d3)[LM],(#d1.#g2.e2.d2)[LM],(e.#d3)[LM],(e1.#g2.e2.d2)[LM],(e.e3)[LM],(f1.#g2.e2.d2)[LM],(e.f3)[LM],(#d1.#g2.e2.d2)[LM],(e.#d3)[LM],(e1.#g2.e2.d2)[LM],(e.e3)[LM],(f1.#g2.e2.d2)[LM],(e.f3)[LM],(#f1.#g2.e2.d2)[LM],(e.#f3)[LM],(g1.#g2.e2.d2)[LMNP],(e.g3)[LMNP],(#g1.#g2.e2.d2)[LMNP],(e.#g3)[LMNP],(#c3.A-2.a3.A-1.a2)[KL],(#c3.E-1.a2.e)[KL],(#c3.A-1.#c2.a.e2)[KL],(e2.e1.#c2.e)[KL],(#c2.#f.e2.#f1)[KL],(e2.e.#c2.e1)[KL],(c3.A-1.e2.a.c2)[KL],(e2.E-1.c2.e)[KL],(b1.#G-2.e2.#G-1.b2.d2)[KL],(e2.E-1.b1.e.d2)[KL],(#g1.b.d2.B-1.#g2.e2)[KL],(e2.e.#g1.e1.d2)[LM],#f2[LM],(a1.#f1.e2.#f.d2)[KL],(d2.e.#g1.e1)[LM],e2[MN],#g2[MN],(a1.B-1.#f2.b.d2)[KL],(e1.E-1.d2.e.b1)[LM],e2[LM],(A-2.e2.#c2.e1.A-1.a1)[KL],(#c2.e1.e.a1.E-1)[KL],(#c3.#c4.a.e3.A-1)[KL],(a3.a2.e.#c3.e1)[KL],(e3.e2.#f.#c3.#f1)[KL],(e.#c3.#c2.e1.e2)[KL],(a.#c2.A-1.e2)[KL],(c2.e2.e.c3.E-1)[KL],(b1.#G-2.e2.#G-1.b2.d2)[KL],(e2.E-1.b1.e.d2)[KL],(#g1.b.d2.B-1.#g2.e2)[KL],(e2.e.#g1.e1.d2)[LM],#f2[LM],(a1.#f1.e2.#f.d2)[KL],(d2.e.#g1.e1)[LM],e2[MN],#g2[MN],(a1.B-1.#f2.b.d2)[KL],(e1.E-1.d2.e.b1)[LM],e2[LM],(e2.A-2.#c3.#c2.A-1)[JM],(E-1.E-2.e.e1)[LM],(E-1.E-2.e.e1)[JM],(F-1.F-2.f.f1)[LM],(F-1.F-2.f.f1)[JM],(C-1.C-2.c.c1)[LM],(C-1.C-2.c.c1)[JM],(#C-1.#C-2.#c.#c1)[LM],(#C-1.#C-2.#c.#c1)[JK],(f.#g.f1.#c1.#g2.#c3.#c2)[JK],(E-1.E-2.e)[JK],(e.d1.e1.#g.e2.b2.b1)[JK],(A-1.a1.a2.#c2)[MN],e[MN],#c1[M],(E-1.E-2.e.e1)[K],(E-1.E-2.e.e1)[K],(E-1.E-2.e1.e)[K],(F-1.F-2.f.f1)[K],(F-1.F-2.f.f1)[K],(F-1.F-2.f.f1)[K],(C-1.C-2.c.c1)[K],(C-1.C-2.c.c1)[K],(C-1.C-2.c.c1)[K],(#C-1.#C-2.#c1.#c)[K],(#C-1.#C-2.#c1.#c)[K],(#C-1.#C-2.#c.#c1)[JM],(f1.#g1.f2.#c2.#g3.#c4.#c3)[LM],(f2.f1.#c2.#g1.#g3.#c4.#c3)[JM],(E-1.E-2.e.e1)[LM],(E-1.E-2.e.e1)[JM],(d2.d1.e1.#g1.e2.e3.b3.b2)[LM],(#g1.e2.d1.d2.e1.e3.b3.b2)[JM],(A-1.A-2.#c1.a.a1)[LM],(A-1.A-2.#c1.a.a1)[JK],(e1.e2.e3.e4)[KMOP],(f1.f2.f3.f4)[LMNOP],(c2.c1.c3.c4)[LMNP],(#c1.#c2.#c3.#c4)[LMNP],(#g1.#g.#g2.#g3)[LMNP],(a1.a.a2.a3)[LMNP],(e.e1.e2.e3)[LMNP],(f1.f.f2.f3)[LMNP],(c1.c.c2.c3)[LMNP],(#c.#c1.#c2.#c3)[LMNP],(#g.#G-1.#g1.#g2)[LMNP],(A-1.a.a1.a2)[LMNP],(E-1.e.e1.e2)[LMNP],(F-1.f.f1.f2)[LMNP],(c.C-1.c2.c1)[LMNP],(#C-1.#c.#c1.#c2)[LMNP],(#G-1.#G-2.#g1.#g)[LMNP],(A-1.A-2.a1.a)[LMNP],(#D-1.#D-2.#d.#d1)[LMNP],(E-1.E-2.e.e1)[LMNP],(#c.#C-1.a.e1.e)[LMNP],(A-1.A-2.#c1.e1.e)[IKMNO],(e1.e2.a1.#c2.#c3.a3.a2)[ILM],(A-1.A-2.a)[LNO],(A-1.A-2.a)[HHH],"],"id":3,"instruments":["piano","piano"],"alternatives":["",""]}],"audition":{"start":[0,0],"end":[1,0]}}