{"baseBpm":469.5,"musics":[{"bpm":469.5,"baseBeats":0.75,"scores":["mute[HK],mute[HK],mute[HIKL],mute[LM],mute[LM],mute[LM],mute[LM],mute[LM],mute[LM],mute[LM],mute[LM],mute[LM],mute[LM],mute[LM],mute[LM],mute[LM],mute[LM],mute[LM],mute[LM],mute[LM],mute[LM],mute[HI],mute[KL],mute[KLO],mute[IJKMO],mute[JN],mute[JMO],mute[HJ],mute[LM],mute[LM],mute[LM],mute[LM],mute[LM],mute[LM],mute[LM],mute[LM],mute[LM],mute[LM],mute[LM],mute[LM],mute[LM],mute[LM],mute[LM],mute[LM],mute[LM],mute[LM],mute[LM],mute[LM],mute[LM],mute[LM],mute[LM],mute[LM],mute[LM],mute[LM],mute[LM],mute[LM],mute[LM],mute[LM],mute[LM],mute[LM],mute[LM],mute[LM],mute[LM],mute[LM],mute[LM],mute[LM],mute[LM],mute[LM],mute[LM],mute[LM],mute[LM],mute[LM],mute[LM],mute[LM],mute[LM],mute[LM],mute[LM],mute[LM],mute[LM],mute[LM],mute[LM],mute[LM],mute[LM],mute[LM],mute[LM],mute[LM],mute[LM],mute[LM],mute[LM],mute[LM],mute[LM],mute[LM],mute[LM],mute[LM],mute[LM],mute[LM],mute[LM],mute[LM],mute[LM],mute[LM],mute[LM],mute[LM],mute[LM],mute[LM],mute[LM],mute[LM],mute[LM],mute[LM],mute[LM],mute[LM],mute[LM],mute[LM],mute[LM],mute[LM],mute[LM],mute[LM],mute[LM],mute[LM],mute[LM],mute[LM],mute[LM],mute[LM],mute[LM],mute[LM],mute[LM],mute[LM],mute[LM],mute[LM],mute[LM],mute[LM],mute[LM],mute[LM],mute[LM],mute[LM],mute[LM],mute[JM],mute[LM],mute[LM],mute[LM],mute[LM],mute[LM],mute[LM],mute[LM],mute[LM],mute[LM],mute[LM],mute[LM],mute[LM],mute[LM],mute[LM],mute[LM],mute[LM],mute[LM],mute[LM],mute[LM],mute[LM],mute[LM],mute[LM],mute[LM],mute[LM],mute[LM],mute[LM],mute[LM],mute[LM],mute[LM],mute[LM],mute[LM],mute[LM],mute[LM],mute[LM],mute[LM],mute[LM],mute[LM],mute[LM],mute[LM],mute[LM],mute[LM],mute[LM],mute[LM],mute[LM],mute[LM],mute[LM],mute[LM],mute[LM],mute[LM],mute[LM],mute[LM],mute[LM],mute[LM],mute[LM],mute[LM],mute[LM],mute[LM],mute[LM],mute[LM],mute[LM],mute[LM],mute[LM],mute[LM],mute[LM],mute[LM],mute[LM],mute[LM],mute[LM],mute[LM],mute[LM],mute[LM],mute[LM],mute[LM],mute[LM],mute[LM],mute[LM],mute[LM],mute[LM],mute[LM],mute[LM],mute[LM],mute[LM],mute[LM],mute[LM],mute[LM],mute[LM],mute[LM],mute[LM],mute[LM],mute[LM],mute[LM],mute[LM],mute[LM],mute[LM],mute[LM],mute[LM],mute[LM],mute[LM],mute[LM],mute[LM],mute[LM],mute[LM],mute[LM],mute[LM],mute[LM],mute[LM],mute[LM],mute[LM],mute[LM],mute[LM],mute[LM],mute[LM],mute[LM],mute[LM],mute[LM],mute[LM],mute[LM],mute[LM],mute[LM],mute[LM],mute[LM],mute[LM],mute[LM],mute[LM],mute[LM],mute[LM],mute[LM],mute[LM],mute[LM],mute[LM],mute[LM],mute[LM],mute[LM],mute[LM],mute[LM],mute[LM],mute[LM],mute[LM],mute[LM],mute[LM],mute[LM],mute[LM],mute[LM],mute[LM],mute[LM],mute[LM],mute[LM],mute[LM],mute[LM],mute[LM],mute[LM],mute[LM],mute[LM],mute[LM],mute[LM],mute[LM],mute[LM],mute[LM],mute[LM],mute[LM],mute[LM],mute[LM],mute[LM],mute[LM],mute[LM],mute[LM],mute[LM],mute[LM],mute[LM],mute[LM],mute[LM],mute[LM],mute[LM],mute[LM],mute[LM],mute[LM],mute[LM],mute[JM],mute[LM],mute[LM],mute[LM],mute[LM],mute[LM],mute[LM],mute[LM],mute[LM],mute[LM],mute[LM],mute[LM],mute[LM],mute[LM],mute[LM],mute[LM],mute[LM],mute[LM],mute[LM],mute[LM],mute[LM],mute[LM],mute[LM],mute[LM],mute[LM],mute[LM],mute[LM],mute[LM],mute[LM],mute[LM],mute[LM],mute[LM],mute[LM],mute[LM],mute[LM],mute[LM],mute[LM],mute[LM],mute[LM],mute[LM],mute[LM],mute[LM],mute[LM],mute[LM],mute[LM],mute[LM],mute[LM],mute[LM],mute[LM],mute[LM],mute[LM],mute[LM],mute[LM],mute[LM],mute[LM],mute[LM],mute[LM],mute[LM],mute[LM],mute[LM],mute[LM],mute[LM],mute[LM],mute[LM],mute[LM],mute[LM],mute[LM],mute[LM],mute[LM],mute[LM],mute[LM],mute[LM],mute[LM],mute[LM],mute[LM],mute[LM],mute[LM],mute[LM],mute[LM],mute[LM],mute[LM],mute[LM],mute[LM],mute[LM],mute[LM],mute[LM],mute[LM],mute[LM],mute[LM],mute[LM],mute[LM],mute[LM],mute[LM],mute[LM],mute[LM],mute[LM],mute[LM],mute[LM],mute[LM],mute[LM],mute[LM],mute[LM],mute[LM],mute[LM],mute[LM],mute[LM],mute[LM],mute[LM],mute[LM],mute[LM],mute[LM],mute[LM],mute[LM],mute[LM],mute[LM],mute[LM],mute[LM],mute[LM],mute[LM],mute[LM],mute[LM],mute[LM],mute[LM],mute[LM],mute[LM],mute[LM],mute[LM],mute[LM],mute[LM],mute[LM],mute[LM],mute[LM],mute[LM],mute[LM],mute[LM],mute[LM],mute[LM],mute[LM],mute[LM],mute[LM],mute[LM],mute[LM],mute[LM],mute[LM],mute[LM],mute[LM],mute[LM],mute[LM],mute[LM],mute[LM],mute[LM],mute[LM],mute[LM],mute[LM],mute[LM],mute[KL],mute[KL],mute[KL],mute[KL],mute[KL],mute[LM],mute[LM],mute[LM],mute[LM],mute[LM],mute[LM],mute[LM],mute[LM],mute[LM],mute[LM],mute[LM],mute[LM],mute[LM],mute[LM],mute[KL],mute[KL],mute[KL],mute[KL],mute[KL],mute[KL],mute[KL],mute[KL],mute[KL],mute[KL],mute[KL],mute[KL],mute[KL],mute[KL],mute[KL],mute[KL],mute[KL],mute[KL],mute[KL],mute[KL],mute[KL],mute[KL],mute[KL],mute[KL],mute[HK],mute[HK],mute[HK],mute[IL],mute[HHIJL],mute[HK],mute[IL],mute[HHIJL],mute[KL],mute[KL],mute[KL],mute[KL],mute[KL],mute[KL],mute[KL],mute[KL],mute[KL],mute[KL],mute[KL],mute[KL],mute[KL],mute[KL],mute[KL],mute[KL],mute[KL],mute[KL],mute[KL],mute[KL],mute[KL],mute[KL],mute[KL],mute[KL],mute[JNO],mute[JNO],mute[JNO],mute[JNO],mute[JNO],mute[JNO],mute[JNO],mute[IJL],mute[JNO],mute[JNO],mute[JNO],mute[JNO],mute[JNO],mute[JNO],mute[JNO],mute[JNO],mute[JN],mute[JNO],mute[JNO],mute[JNO],mute[JNO],mute[JMN],mute[JL],mute[IKLMN],mute[JKMNO],mute[JKLMN],mute[HIJLMN],mute[JM],mute[LM],mute[LM],mute[LM],mute[JM],mute[LM],mute[LM],mute[LM],mute[JM],mute[LM],mute[LM],mute[LM],mute[JM],mute[LM],mute[LM],mute[LM],mute[JM],mute[LM],mute[LM],mute[LM],mute[JM],mute[LM],mute[LM],mute[LM],mute[JM],mute[LM],mute[LM],mute[LM],mute[JM],mute[LM],mute[LM],mute[LM],mute[JM],mute[LM],mute[LM],mute[LM],mute[JM],mute[LM],mute[LM],mute[LM],mute[JM],mute[LM],mute[LM],mute[LM],mute[JM],mute[LM],mute[LM],mute[LM],mute[JM],mute[LM],mute[LM],mute[LM],mute[JMO],mute[LM],mute[LM],mute[LMNO],mute[JLNO],mute[K],mute[K],mute[K],mute[JKM],mute[KNO],mute[KM],mute[KM],mute[KO],mute[KN],mute[KO],mute[KO],mute[KN],mute[KN],mute[KO],mute[KO],mute[KN],mute[KO],mute[KN],mute[KO],mute[KN],mute[KO],mute[KO],mute[KN],mute[KN],mute[KO],mute[KO],mute[KN],mute[KO],mute[KN],mute[KO],mute[KN],mute[KO],mute[KO],mute[KN],mute[KN],mute[KO],mute[KO],mute[KN],mute[KO],mute[KN],mute[KO],mute[KN],mute[KO],mute[KO],mute[KN],mute[KN],mute[KO],mute[KO],mute[KN],mute[KO],mute[KN],mute[KO],mute[KN],mute[KO],mute[KO],mute[KN],mute[KN],mute[KN],mute[KNO],mute[KMO],mute[KM],mute[KMN],mute[KMN],mute[KLO],mute[KLO],mute[KLNO],mute[KLM],mute[KLMNO],mute[KLMN],mute[JM],mute[HILNO],mute[JNO],mute[JN],mute[JNO],mute[JNO],mute[JNO],mute[JNO],mute[JNO],mute[JNO],mute[JNO],mute[JMO],mute[JLO],mute[JLMO],mute[JKO],mute[JKMNO],mute[JKLMN],mute[JLM],mute[LM],mute[LMNO],mute[JMN],mute[JMO],mute[JMN],mute[JMN],mute[JMO],mute[JMN],mute[JMN],mute[JMO],mute[JMN],mute[JLO],mute[JLMO],mute[JKO],mute[JKMNO],mute[JKLMN],mute[JLMN],mute[JKM],mute[JNO],mute[KMO],mute[JMN],mute[JMO],mute[JMN],mute[JMN],mute[JMO],mute[JMN],mute[JMN],mute[JMO],mute[JMN],mute[JMO],mute[JMN],mute[JMN],mute[JMN],mute[JMO],mute[KLO],mute[KLO],mute[KLO],mute[KLO],mute[KLN],mute[KLO],mute[KL],mute[KLN],mute[KLO],mute[JMN],mute[JMO],mute[JMN],mute[JMN],mute[JMO],mute[JMN];","(#f1.#f.#F-1.#F-2)[HK],(#g1.#g.#G-1.#G-2)[HK],(c1.c.C-1.C-2)[HIKL],(#d.#D-1)[LM],(#f.#F-1)[LM],(#g.#G-1)[LM],(c1.c)[LM],(#d1.#d)[LM],(#f1.#f)[LM],(#g1.#g)[LM],(c2.c1)[LM],(#d2.#d1)[LM],(#f2.#f1)[LM],(#g2.#g1)[LM],(c3.c2)[LM],(#d3.#d2)[LM],(#f3.#f2)[LM],(#g3.#g2)[LM],(c4.c3)[LM],(#d4.#d3)[LM],(#f4.#f3)[LM],(#g4.#g3)[HI],#f2[KL],#g2[KLO],c2[IJKMO],#f2[JN],#g2[JMO],c2[HJ],#f2[LM],#g2[LM],(c2.#d)[LM],#g[LM],c1[LM],#f1[LM],#d2[LM],e2[LM],(#g1.#c)[LM],#g[LM],#c1[LM],e1[LM],#c2[LM],#d2[LM],(#f1.A-1)[LM],#d[LM],#f[LM],#c1[LM],#f1[LM],#g1[LM],(c1.#G-1)[LM],#d[LM],#f[LM],c1[LM],#f2[LM],#g2[LM],(c2.#d)[LM],#g[LM],c1[LM],#f1[LM],#d2[LM],e2[LM],(#g1.#c)[LM],#g[LM],#c1[LM],e1[LM],#c2[LM],#d2[LM],(#f1.A-1)[LM],#d[LM],#f[LM],#c1[LM],#f1[LM],#g1[LM],(c1.#G-1)[LM],#d[LM],#f[LM],c1[LM],#f2[LM],#g2[LM],(c2.#d)[LM],#g[LM],c1[LM],#f1[LM],#d2[LM],e2[LM],(#g1.#c)[LM],#g[LM],#c1[LM],e1[LM],b2[LM],#c3[LM],(#d2.#f)[LM],b[LM],#d1[LM],a1[LM],a2[LM],b2[LM],(e2.e)[LM],b[LM],e1[LM],#g1[LM],#d3[LM],e3[LM],(g2.#a)[LM],#d1[LM],g1[LM],#c2[LM],d3[LM],#d3[LM],(#g2.#g)[LM],#d1[LM],#g1[LM],c2[LM],c3[LM],#c3[LM],(e2.g)[LM],#c1[LM],e1[LM],#a1[LM],#a2[LM],c3[LM],(#d2.#g)[LM],c1[LM],#d1[LM],#g1[LM],#d2[LM],e2[LM],g1[LM],#d[LM],#a[LM],#c1[LM],d2[LM],#d2[LM],#g1[LM],#G-1[LM],#d[LM],c1[JM],c[LM],#d[LM],c1[LM],#a[LM],g[LM],#g[LM],c1[LM],#d1[LM],c2[LM],#a1[LM],g1[LM],#g1[LM],c2[LM],#d2[LM],c3[LM],#a2[LM],g2[LM],#g2[LM],c3[LM],#d3[LM],c4[LM],#a3[LM],#g3[LM],a3[LM],#g3[LM],a3[LM],#g3[LM],a3[LM],#g3[LM],a3[LM],#g3[LM],a3[LM],#g3[LM],a3[LM],g3[LM],#g3[LM],g3[LM],#g3[LM],g3[LM],#g3[LM],g3[LM],#g3[LM],g3[LM],#g3[LM],g3[LM],#g3[LM],#f3[LM],#g3[LM],(c3.#d1)[LM],#g1[LM],c2[LM],#f2[LM],#d3[LM],e3[LM],(#g2.#c1)[LM],#g1[LM],#c2[LM],e2[LM],#c3[LM],#d3[LM],(#f2.a)[LM],#d1[LM],#f1[LM],#c2[LM],#f2[LM],#g2[LM],(c2.#g)[LM],#d1[LM],#f1[LM],c2[LM],g2[LM],#g2[LM],(c2.#d)[LM],#g[LM],c1[LM],#f1[LM],#d2[LM],e2[LM],(#g1.#c)[LM],#g[LM],#c1[LM],e1[LM],#c2[LM],#d2[LM],(#f1.A-1)[LM],#d[LM],#f[LM],#c1[LM],#f1[LM],#g1[LM],(c1.#G-1)[LM],#d[LM],#f[LM],c1[LM],#f2[LM],#g2[LM],(c2.#d)[LM],#g[LM],c1[LM],#f1[LM],#d2[LM],e2[LM],(#g1.#c)[LM],#g[LM],#c1[LM],e1[LM],b2[LM],#c3[LM],(#d2.#f)[LM],b[LM],#d1[LM],a1[LM],#a2[LM],b2[LM],(e2.e)[LM],b[LM],e1[LM],#g1[LM],e3[LM],f3[LM],(#g2.b)[LM],e1[LM],#g1[LM],d2[LM],#d3[LM],e3[LM],(a2.c1)[LM],e1[LM],a1[LM],c2[LM],d3[LM],#d3[LM],(#f2.a)[LM],d1[LM],#f1[LM],c2[LM],#c3[LM],d3[LM],(g2.b)[LM],d1[LM],g1[LM],b1[LM],b2[LM],c3[LM],(#d2.#f)[LM],c1[LM],#d1[LM],a1[LM],#a2[LM],b2[LM],(d2.g)[LM],b[LM],d1[LM],g1[LM],d2[LM],#d2[LM],#f1[LM],d[LM],a[LM],c1[LM],#c2[LM],d2[LM],g1[LM],G-1[LM],d[LM],b[LM],d2[LM],#d2[LM],#f1[LM],d[LM],a[LM],c1[LM],#c2[LM],d2[LM],g1[LM],G-1[LM],d[LM],b[JM],B-2[LM],#D-1[LM],B-1[LM],A-1[LM],#F-1[LM],G-1[LM],B-1[LM],d[LM],b[LM],a[LM],#f[LM],g[LM],b[LM],d1[LM],b1[LM],a1[LM],#f1[LM],g1[LM],b1[LM],d2[LM],b2[LM],a2[LM],#f2[LM],g2[LM],#f2[LM],g2[LM],#f2[LM],g2[LM],#f2[LM],g2[LM],#f2[LM],g2[LM],#f2[LM],g2[LM],f2[LM],#f2[LM],f2[LM],#f2[LM],f2[LM],#f2[LM],f2[LM],#f2[LM],f2[LM],#f2[LM],f2[LM],#f2[LM],(e2.#g)[LM],f2[LM],(#d2.b1)[LM],e2[LM],(b2.e1)[LM],d3[LM],(c3.a)[LM],a2[LM],(e2.a1)[LM],#d2[LM],(d2.e1)[LM],c2[LM],(b1.#d)[LM],c2[LM],(#a1.#f1)[LM],b1[LM],(#f2.b)[LM],a2[LM],(g2.e)[LM],e2[LM],(b1.#g1)[LM],#a1[LM],(a1.b)[LM],#g1[LM],(g1.B-1)[LM],a1[LM],(#f1.d1)[LM],g1[LM],(d2.g)[LM],f2[LM],(#f2.c)[LM],d2[LM],(a1.d1)[LM],#g1[LM],(g1.a)[LM],#f1[LM],(#c2.#c)[LM],a1[LM],#f1[LM],#c1[LM],(#g1.f1.c1)[LM],b[LM],(a1.#f1.a)[LM],#f[LM],#c[LM],#F-1[LM],a1[LM],#a1[LM],(b1.#d)[LM],c2[LM],(#a1.#f1)[LM],b1[LM],(#f2.b)[LM],a2[LM],(g2.e)[LM],e2[LM],(b1.e1)[LM],#a1[LM],(a1.b)[LM],#g1[LM],(g1.B-1)[LM],a1[LM],(#f1.d1)[LM],g1[LM],(d2.g)[LM],f2[LM],(e2.c)[LM],c2[LM],(g1.c1)[LM],#f1[LM],(f1.g)[LM],e1[LM],(#d1.G-1)[LM],f1[LM],(d1.#a)[LM],#d1[LM],(#a1.#d)[LM],c2[LM],(#c2.G-1)[LM],#a1[LM],(e1.#a)[LM],#d1[LM],(d1.e)[LM],#c1[LM],(#g1.#G-1)[LM],e1[LM],#c1[LM],#g[LM],(#d1.c1.g)[LM],#f[LM],(e1.#c1.e)[LM],#c[LM],#G-1[LM],#C-1[LM],#c2[LM],#c1[LM],e[LM],#C-1[LM],#c2[LM],d1[LM],#f[LM],#C-1[LM],#c2[LM],#d1[LM],g[LM],#C-1[LM],#c2[LM],e1[LM],#g[KL],(#c2.#g1.e1.#c1.#g.e.#c.#G-1)[KL],(#d2.c2.#g1.#d1.#g.#d.c.#G-1)[KL],(e2.#c2.#g1.e1.#c1.#g.e.#c)[KL],(#g2.e2.#c2.#g1.#c.#C-1)[KL],#c3[LM],#c2[LM],e1[LM],#c[LM],#c3[LM],d2[LM],#f1[LM],#c[LM],#c3[LM],#d2[LM],g1[LM],#c[LM],#c3[LM],e2[LM],#g1[KL],(#c3.#g2.e2.#c2.#g1.e1.#c1.#g)[KL],(#d3.c3.#g2.#d2.#g1.#d1.c1.#g)[KL],(e3.#c3.#g2.e2.#g1.e1.#c1)[KL],(#c2.#g1.e1.#c1.#g.e.#c.#G-1)[KL],(#d2.c2.#g1.#d1.#g.#d.c.#G-1)[KL],(e2.#c2.#g1.e1.#c1.#g.e.#c)[KL],(#c1.#c.#C-1)[KL],(#d1.#d.#D-1)[KL],(e1.e.E-1)[KL],(c1.c.A-2)[KL],(#c1.#c.#C-1)[KL],(#d1.#d.#D-1)[KL],(#c1.#c.#C-1)[KL],(#d1.#d.#D-1)[KL],(e1.e.E-1)[KL],(c1.c.B-2)[KL],(#c1.#c.#C-1)[KL],(#d1.#d.#D-1)[KL],(#c1.#c.#C-1)[KL],(#d1.#d.#D-1)[KL],(e1.e.E-1)[KL],(#d1.#d.#D-1)[KL],(e1.e.E-1)[KL],(#f1.#f.#F-1)[HK],(#g1.#g.#G-1)[HK],(c1.c.C-1)[HK],(c3.#g2.e2.c2.#g1.e1.c1.#a)[IL],(g2.g1)[HHIJL],(b.B-1.B-2)[HK],(b2.g2.#d2.b1.g1.#d1.b.a)[IL],(#f2.#f1)[HHIJL],b2[KL],c3[KL],#d2[KL],a[KL],#f1[KL],c2[KL],a2[KL],b2[KL],e2[KL],g[KL],e1[KL],b1[KL],#f2[KL],g2[KL],#a1[KL],c[KL],#f[KL],e1[KL],#a1[KL],b1[KL],#d1[KL],B-1[KL],#f[KL],#d1[KL],b2[JNO],(c3.a)[JNO],#f1[JNO],(#d2.c2)[JNO],b1[JNO],(a2.e1)[JNO],(b2.g)[JNO],e2[IJL],#f2[JNO],(g2.c)[JNO],#f[JNO],(#a1.e1)[JNO],#d1[JNO],(#a1.#f)[JNO],(b1.B-1)[JNO],#d1[JNO],b[JN],(a1.d)[JNO],(b1.G-1)[JNO],d1[JNO],#d1[JNO],(#a1.#f)[JMN],(b1.B-1)[JL],#d1[IKLMN],a1[JKMNO],b1[JKLMN],d1[HIJLMN],d1[JM],g1[LM],b1[LM],d2[LM],e1[JM],g[LM],d[LM],B-1[LM],#f1[JM],b1[LM],e2[LM],g2[LM],g1[JM],b[LM],g[LM],e[LM],a1[JM],c2[LM],e2[LM],a2[LM],b1[JM],e1[LM],c1[LM],a[LM],c2[JM],e2[LM],a2[LM],c3[LM],e2[JM],a1[LM],e1[LM],c1[LM],g1[JM],a1[LM],c2[LM],g2[LM],#f1[JM],c1[LM],a[LM],#d[LM],g1[JM],b1[LM],e2[LM],g2[LM],b1[JM],e1[LM],b[LM],g[LM],d1[JM],e1[LM],g1[LM],d2[LM],#c1[JMO],g[LM],e[LMN],#A-1[LMO],e1[JLNO],#f1[K],b1[K],e2[K],d1[JKM],b[KNO],#f[KM],B-1[KM],d1[KO],g1[KN],d2[KO],b1[KO],e1[KN],g[KN],d[KO],B-1[KO],#f1[KN],b1[KO],g2[KN],e2[KO],g1[KN],b[KO],g[KO],e[KN],a1[KN],c2[KO],a2[KO],e2[KN],b1[KO],c1[KN],e1[KO],a[KN],c2[KO],e2[KO],c3[KN],a2[KN],e2[KO],e1[KO],a1[KN],c1[KO],g2[KN],a2[KO],g3[KN],c3[KO],#f2[KO],a1[KN],c2[KN],#d1[KO],g2[KO],b2[KN],g3[KO],e3[KN],b1[KO],g1[KN],e2[KO],e1[KO],d2[KN],e2[KN],d3[KN],g2[KNO],#c2[KMO],e1[KM],g1[KMN],#a[KMN],#c2[KLO],#f2[KLO],#c3[KLNO],d2[KLM],b1[KLMNO],d1[KLMN],#f1[JM],b[HILNO],(d1.b.G-1.d)[JNO],e1[JN],#f1[JNO],g1[JNO],(a1.c1.e)[JNO],b1[JNO],c2[JNO],e2[JNO],(g1.c1.G-1.#d)[JNO],#f1[JMO],(g1.b.d)[JLO],b1[JLMO],(d1.#a.#F-1.e)[JKO],#c1[JKMNO],(e1.b.G-1.d)[JKLMN],d1[JLM],f[LO],(b.G-2)[LO],d1[LO],(f1.G-1)[JMN],A-1[JMO],B-1[JMN],#c[JMN],d[JMO],e[JMN],(f1.d1.f)[JMN],a[JMO],(f1.d1.B-1.a)[JMN],e1[JLO],(f1.c.f)[JLMO],a1[JKO],(c2.f1.d.d1)[JKMNO],b1[JKLMN],(d2.g1.e.g)[JLMN],c2[JKM],e2[JNO],(#c1.A-2)[KMO],(e2.A-1)[JMN],B-1[JMO],(g1.e1.#c1.#c)[JMN],#d[JMN],e[JMO],#f[JMN],(g1.e1.g)[JMN],b[JMO],(g1.e1.#c.b)[JMN],#f1[JMO],(g1.d.g)[JMN],b1[JMN],(d2.g1.e.e1)[JMN],#c2[JMO],(e2.a1.#f.d1)[KLO],d2[KLO],b2[KLO],b2[KLO],G-2[KLN],G-1[KLO],(b1.d)[KL],g[KLN],b[KLO],f1[JMN],b1[JMO],(c2.e1)[JMN],(d2.d1)[JMN],(#d2.#c1)[JMO],(e2.g1)[JMN];"],"id":1,"instruments":["piano","piano"],"alternatives":["",""]},{"bpm":469.5,"baseBeats":0.75,"scores":["mute[JMO],mute[JMN],mute[JMN],mute[JMN],mute[JMO],mute[JMN],mute[JMO],mute[JMN],mute[JMN],mute[JMO],mute[JMN],mute[JMN],mute[KL],mute[KLN],mute[KLO],mute[JMN],mute[KN],mute[KNO],mute[KNO],mute[KNO],mute[KNO],mute[KN],mute[JMN],mute[JMN],mute[KL],mute[LM],mute[LMN],mute[KLO],mute[KLO],mute[LM],mute[LMO],mute[KLO],mute[KLO],mute[LM],mute[LMN],mute[KLO],mute[KL],mute[LM],mute[LMN],mute[KLO],mute[KLO],mute[LM],mute[LMO],mute[KLO],mute[KLO],mute[LM],mute[LMNO],mute[KLNO],mute[LM],mute[LM],mute[LM],mute[LM],mute[LM],mute[LM],mute[LM],mute[LM],mute[LM],mute[LM],mute[LM],mute[KO],mute[LMNO],mute[LMNO],mute[K],mute[K],mute[KO],mute[KN],mute[KN],mute[KO],mute[KMN],mute[KM],mute[KMO],mute[KMO],mute[LM],mute[LM],mute[LM],mute[LM],mute[LM],mute[LM],mute[LM],mute[LM],mute[LM],mute[LM],mute[LM],mute[LM],mute[LM],mute[LM],mute[LM],mute[LM],mute[LM],mute[LM],mute[LM],mute[LM],mute[LM],mute[LM],mute[LM],mute[LM],mute[LM],mute[LM],mute[LM],mute[LM],mute[LM],mute[LM],mute[LM],mute[LM],mute[LM],mute[LM],mute[LM],mute[LM],mute[LM],mute[LM],mute[LM],mute[LM],mute[LM],mute[LM],mute[LM],mute[LM],mute[LM],mute[LM],mute[LM],mute[LM],mute[LM],mute[LM],mute[LM],mute[LM],mute[LM],mute[LM],mute[LM],mute[LM],mute[LM],mute[LM],mute[LM],mute[LM],mute[LM],mute[LM],mute[LM],mute[LM],mute[LM],mute[LM],mute[LM],mute[LM],mute[LM],mute[LM],mute[LM],mute[LM],mute[LM],mute[LM],mute[LM],mute[LM],mute[LM],mute[LM],mute[LM],mute[LM],mute[LM],mute[LM],mute[LM],mute[LM],mute[LM],mute[LM],mute[LM],mute[LM],mute[LM],mute[LM],mute[LM],mute[LM],mute[LM],mute[LM],mute[LM],mute[LM],mute[LM],mute[KMNO],mute[KO],mute[KN],mute[KO],mute[KN],mute[KO],mute[KN],mute[KO],mute[KN],mute[KO],mute[KN],mute[KO],mute[KO],mute[KN],mute[KO],mute[KN],mute[KO],mute[KN],mute[KO],mute[KNO],mute[KNO],mute[KM],mute[KMO],mute[KMN],mute[KMN],mute[KLO],mute[KLO],mute[KLNO],mute[KLNO],mute[KLMNO],mute[KLMNO],mute[JM],mute[JM],mute[ILNO],mute[LM],mute[LM],mute[LM],mute[LM],mute[LM],mute[LM],mute[LM],mute[LM],mute[LM],mute[LM],mute[LM],mute[LM],mute[LM],mute[LM],mute[LM],mute[LM],mute[LM],mute[LM],mute[LM],mute[LM],mute[LM],mute[LM],mute[LM],mute[LMNO],mute[JMN],mute[LM],mute[LM],mute[LM],mute[LM],mute[LM],mute[LM],mute[LM],mute[LM],mute[LM],mute[LM],mute[LM],mute[LM],mute[LM],mute[LM],mute[LM],mute[LM],mute[LM],mute[LM],mute[LM],mute[LM],mute[LM],mute[LM],mute[LM],mute[LM],mute[LM],mute[LM],mute[LM],mute[LM],mute[LM],mute[LM],mute[LM],mute[LM],mute[LM],mute[LM],mute[LM],mute[LM],mute[LM],mute[LM],mute[LM],mute[LM],mute[LM],mute[LM],mute[LM],mute[LM],mute[LM],mute[LM],mute[K],mute[JMN],mute[LM],mute[LM],mute[LM],mute[LM],mute[LM],mute[LM],mute[LM],mute[LM],mute[LM],mute[LM],mute[LM],mute[LM],mute[LM],mute[LM],mute[LM],mute[LM],mute[LM],mute[LM],mute[LM],mute[LM],mute[LM],mute[LM],mute[LM],mute[LM],mute[LM],mute[LM],mute[LM],mute[LM],mute[LM],mute[LM],mute[LM],mute[LM],mute[LM],mute[LM],mute[LM],mute[LM],mute[LM],mute[LM],mute[LM],mute[LM],mute[LM],mute[LM],mute[LM],mute[LM],mute[LM],mute[LM],mute[LM],mute[LM],mute[LM],mute[LM],mute[LM],mute[LM],mute[LM],mute[LM],mute[LM],mute[LM],mute[LM],mute[LM],mute[LM],mute[LM],mute[LM],mute[LM],mute[LM],mute[LM],mute[LM],mute[LM],mute[LM],mute[LM],mute[LM],mute[LM],mute[LM],mute[LM],mute[LM],mute[LM],mute[LM],mute[LM],mute[LM],mute[LM],mute[LM],mute[LM],mute[LM],mute[LM],mute[LM],mute[LM],mute[LM],mute[LM],mute[LM],mute[LM],mute[LM],mute[LM],mute[LM],mute[LM],mute[LM],mute[LM],mute[LM],mute[LM],mute[LM],mute[LM],mute[LM],mute[LM],mute[LM],mute[LM],mute[LM],mute[LM],mute[LM],mute[LM],mute[LM],mute[LM],mute[LM],mute[LM],mute[LM],mute[LM],mute[LM],mute[LM],mute[LM],mute[LM],mute[LM],mute[LM],mute[LM],mute[LM],mute[LM],mute[LM],mute[LM],mute[LM],mute[LM],mute[LM],mute[LM],mute[LM],mute[LM],mute[LM],mute[LM],mute[LM],mute[LM],mute[LM],mute[LM],mute[KMN],mute[KLO],mute[KLN],mute[KLO],mute[KLO],mute[KLO],mute[KLN],mute[KLO],mute[KLO],mute[KLN],mute[KLO],mute[KLO],mute[KLO],mute[HIJM],mute[HJLMN],mute[JNO],mute[JNO],mute[JNO],mute[HJLMN],mute[JNO],mute[JNO],mute[JNO],mute[IJLO],mute[JNO],mute[IJLO],mute[JN],mute[IMN],mute[IMN],mute[IMN],mute[LM],mute[LM],mute[LM],mute[LM],mute[LM],mute[LM],mute[LM],mute[LM],mute[LM],mute[LMN],mute[KN],mute[JN],mute[JNO],mute[JNO],mute[JNO],mute[LM],mute[LM],mute[LM],mute[LM],mute[LM],mute[LM],mute[LMNO],mute[KN],mute[KO],mute[KN],mute[JNO],mute[JNO],mute[JNO],mute[JN],mute[JNO],mute[JNO],mute[JNO],mute[JNO],mute[JNO],mute[JNO],mute[JNO],mute[JNO],mute[JNO],mute[JNO],mute[JN],mute[JNO],mute[JNO],mute[JNO],mute[JNO],mute[JNO],mute[JNO],mute[JNO],mute[JNO],mute[JNO],mute[LM],mute[LM],mute[LM],mute[LM],mute[LM],mute[LM],mute[LM],mute[LM],mute[LM],mute[LM],mute[LM],mute[LM],mute[LM],mute[LM],mute[LM],mute[LM],mute[LM],mute[LM],mute[LM],mute[LM],mute[LM],mute[LM],mute[LM],mute[LM],mute[LM],mute[LM],mute[LM],mute[LM],mute[LM],mute[LM],mute[LM],mute[LM],mute[LM],mute[LM],mute[LM],mute[LM],mute[LM],mute[LM],mute[LM],mute[LM],mute[LM],mute[LM],mute[LM],mute[LM],mute[LM],mute[LM],mute[LM],mute[LM],mute[LM],mute[LM],mute[LM],mute[LM],mute[LM],mute[LM],mute[LM],mute[LM],mute[LM],mute[LM],mute[LM],mute[LM],mute[LM],mute[LM],mute[LM],mute[LM],mute[LM],mute[LM],mute[LM],mute[KMO],5<UV>,mute[KN],mute[KO],mute[KN],mute[KO],mute[KN],mute[KO],mute[KN],mute[KO],mute[KN],mute[KO],mute[KO],mute[KN],mute[KO],mute[KN],mute[KO],mute[KN],mute[KO],mute[KN],mute[KO],mute[KN],mute[KO],mute[KO],mute[KN],mute[KO],mute[KN],mute[KO],mute[KN],mute[KO],mute[JNO],mute[KMNO],5<UV>,mute[JMN],mute[KLMO],5<UV>,mute[JLM],mute[JKO],mute[JKMNO],mute[JKLMN],mute[IMNO],mute[IKM],mute[IL],mute[LM],mute[LM],mute[LM],mute[LM],mute[LM],mute[LM],mute[LM],mute[LM],mute[LM],mute[LM],mute[LM],mute[LM],mute[LM],mute[LM],mute[LM],mute[LM],mute[LM],mute[LM],mute[LM],mute[LM],mute[LM],mute[LM],mute[LM],mute[LM],mute[LM],mute[LM],mute[LM],mute[LM],mute[LM],mute[LM],mute[LM],mute[LM],mute[LM],mute[LM],mute[LM],mute[LM],mute[LM],mute[LM],mute[LM],mute[LM],mute[LM],mute[LM],mute[IL],mute[LM],mute[LM],mute[LM],mute[LM],mute[LM],mute[LM],mute[LM],mute[LM],mute[LM],mute[LM],mute[LM],mute[LM],mute[LM],mute[LM],mute[LM],mute[LM],mute[LM],mute[LM],mute[LM],mute[LM],mute[LM],mute[LM],mute[LM],mute[LM],mute[LM];","c1[JMO],(a1.#f1)[JMN],(#c2.b)[JMN],(d2.f1)[JMN],#a[JMO],(g1.e1)[JMN],(c2.#d1)[JMO],(g1.#a)[JMN],(#f1.a)[JMN],(g1.g)[JMO],(#g1.#f.d1)[JMN],a1[JMN],c2[KL],b1[KLN],a1[KLO],#a1[JMN],(b1.G-2)[KN],G-1[KNO],(b2.d)[KNO],g[KNO],b[KNO],d1[KN],f1[JMN],b1[JMN],e1[KL],c2[LMN],d1[LM],d2[KLO],(#d2.#c1)[KLO],#f2[LMO],g1[LM],e2[KLO],#f1[KLO],#g1[LMO],c1[LMO],a1[KLO],(#c2.b)[KL],e2[LMO],f1[LMO],d2[KLO],e1[KLO],#f1[LMO],#a[LM],g1[KLO],(b1.a)[KLO],d2[LMO],#d1[LMN],c2[KLNO],(d2.#g)[LNO],c2[LNO],d2[LNO],c2[LM],(d2.g)[LM],c2[LM],d2[LM],c2[LMO],(d2.#f)[LMO],c2[LMN],d2[LMN],c2[LMN],(d2.d1)[LMNO],c2[LMNO],d2[K],c2[K],(d2.a1)[KO],c2[KN],b1[KN],c2[KO],d2[KMN],c2[KM],b1[KMO],a1[KMO],(#a1.d)[LO],b1[LO],d2[L],g2[LO],(b2.G-1)[LO],d3[L],g3[LO],b3[LO],(a3.#c1.#c)[LO],g3[L],#f3[LO],e3[LO],(d3.d1.d)[LO],c3[L],b2[LO],a2[LO],(g2.#d1.#d)[L],#f2[LO],e2[LO],d2[LO],(c2.e1.e)[L],b1[LO],e2[LO],d2[LO],(b1.e)[L],c2[LO],e2[LO],a2[L],(c3.A-1)[LO],e3[LO],a3[LO],c4[L],(b3.#d1.#d)[LO],a3[LO],g3[LO],f3[L],(e3.e1.e)[LO],d3[LO],c3[L],b2[LO],(a2.f1.f)[LO],g2[LO],f2[L],e2[LO],(d2.a1.a)[LO],c2[LO],f2[L],e2[LO],(#c2.g)[LO],d2[L],f2[LO],b2[LO],(d3.d)[LO],f3[L],b3[LO],d4[LO],(c4.g1.g)[LO],b3[L],a3[LO],g3[LO],(f3.b1.b)[L],e3[LO],d3[LO],g3[LO],(f3.d2.d1)[L],e3[LO],d3[LO],c3[LO],(b2.g.G-1)[L],a2[LO],g2[LO],f2[L],(f2.c1.g1)[LO],e2[LO],d3[LO],c3[L],(b2.a1)[LO],a2[LO],g2[LO],#f2[L],(e2.b.#f1)[LO],d2[LO],c3[L],b2[LO],(a2.g1)[LO],g2[LO],f2[L],e2[LO],(d2.a.e1)[LO],c2[LO],b2[L],a2[LO],(g2.#f1)[LO],#f2[L],e2[LO],d2[LO],(c2.g.#d1)[LO],b1[L],a2[LO],g2[LO],(#f2.e1)[LO],e2[L],d2[LO],c2[LO],(b1.#c)[L],a1[LO],#g1[LO],a1[LO],(#d1.g)[L],e1[LO],f1[LO],#f1[LO],(g1.a)[L],#g1[LO],a1[LO],#a1[L],(b1.e1)[LO],c2[LO],#c2[LO],d2[L],(#d2.c)[LO],e2[LO],f2[LO],#f2[L],(g2.g)[LO],#g2[LO],a2[L],#a2[LO],(b2.a)[LO],c3[LO],#c3[L],d3[LO],(#d3.#d1)[LO],e3[LO],f3[L],#f3[LO],(g3.#A-1.g.#d)[KO],d3[KN],#d3[KO],a2[KN],#a2[KO],#f2[KN],g2[KO],d2[KN],(#d2.c.g)[KO],a1[KN],#a1[KO],#f1[KO],(g1.#c)[KN],d1[KO],#d1[KN],#a1[KO],(d.g)[KN],d1[KO],#d1[KNO],b1[KNO],#g[KM],#d1[KMO],e1[KMN],b1[KMN],a[KLO],e1[KLO],f1[KLNO],b1[KLNO],c1[KLMNO],#f1[KLMNO],b1[JM],a1[JM],(g1.b.d.G-1)[ILNO],d3[LMO],#d3[LM],#f2[LMO],c2[LMO],d1[LM],g[LMO],#c3[LMO],d3[LM],g2[LMO],b1[LMO],d1[LM],g[LMO],d2[LMO],#d2[LM],#f1[LMO],c1[LM],d[LMO],G-1[LMO],#c2[LM],d2[LMO],g1[LM],b[LMO],d[LMO],G-1[JMN],B-1[LM],d[LMO],b[LMO],a[LM],#f[LMO],g[LMO],b[LM],d1[LMO],b1[LM],a1[LMO],#f1[LMO],g1[LM],b1[LMO],d2[LM],b2[LMO],a2[LMO],#f2[LM],g2[LMO],a2[LMO],b2[LM],c3[LMO],d3[LMO],d3[LM],#d3[LMO],#f2[LMO],c2[LM],d1[LMO],g[LM],#c3[LMO],d3[LMO],g2[LM],b1[LMO],d1[LM],g[LMO],d2[LMO],#d2[LM],#f1[LMO],c1[LMO],d[LM],G-1[LMO],#c2[LMO],d2[LM],f1[LMO],b[LMO],d[LM],G-1[JMN],B-1[LMO],d[LM],b[LMO],a[LM],#f[LMO],g[LMO],b[LM],d1[LMO],b1[LMO],a1[LM],#f1[LMO],g1[LMO],b1[LM],d2[LMO],b2[LMO],a2[LM],#f2[LMO],g2[LM],a2[LMO],b2[LMO],c3[LM],d3[LMO],#c3[LM],d3[LMO],f2[LMO],b1[LM],d1[LMO],#g[LMO],b2[LM],c3[LMO],f2[LMO],c2[LM],f1[LMO],a[LMO],#c2[LM],d2[LMO],f1[LM],b[LMO],d[LMO],#G-1[LM],b1[LMO],c2[LM],f1[LMO],c1[LMO],f[LM],A-1[LMO],d3[LMO],#d3[LM],#f2[LMO],c2[LMO],#f1[LM],a[LMO],c3[LMO],#c3[LM],#f2[LMO],#c2[LM],#f1[LMO],#a[LMO],d2[LM],#d2[LMO],#f1[LM],c1[LMO],#f[LMO],A-1[LM],c2[LMO],#c2[LMO],#f1[LM],#c1[LMO],#f[LMO],#A-1[LM],c3[LMO],#c3[LMO],e2[LM],#c2[LMO],g1[LM],#a[LMO],#d3[LMO],e3[LM],g2[LMO],e2[LM],#a1[LMO],#c1[LMO],#f3[LM],g3[LMO],#a2[LMO],g2[LM],#c2[LMO],e1[LMO],a3[LM],#a3[LMO],#c3[LMO],#a1[LM],#c2[LMO],e2[LM],g2[LMO],#a2[LMO],#c3[LM],e3[LMO],g3[LM],#a3[LMO],e4[LMO],#d4[LM],d4[LMO],#c4[LMO],c4[LM],b3[LMO],#a3[LMO],a3[LM],#g3[LMO],g3[LMO],#a3[LM],e3[LMO],g3[LM],#f3[LMO],f3[LMO],e3[LM],#d3[LMO],d3[LM],#c3[LMO],c3[LMO],b2[LM],#a2[LMO],#c3[LMO],g2[LM],#a2[LMO],a2[LMO],#g2[LM],g2[LMO],#f2[LMO],f2[LM],e2[KLO],#d2[KLN],d2[KLO],#c2[KLO],e2[KLO],g2[KLN],#a2[KLO],#c3[KLO],e3[KLN],g3[KLO],#a3[KLO],#c4[KLO],g4[HIJM],(#g2.e2.b1)[HJLMN],(#c3.g2.e2.#a1)[JNO],(#f2.#d2.a1)[JNO],(b2.e2.#g1)[JNO],(a2.#d2.c2.#f1)[HJLMN],(#g2.#c2.e1)[JNO],(#f2.a1.#d1)[JNO],(e2.#a1.#c1)[JNO],(#g2.#d2.b1.b)[IJLO],(#f2.#d2.a1.c1)[JNO],(e2.#c2.#g1.#c1)[IJLO],(#f2.#d2.#c2.a1)[JN],(#g2.#d2.c2.#g1)[IMN],(a2.e2.#c2.#f1)[IMN],(#f2.#d2.b1)[IMN],(#g2.e2.b1)[LO],a2[L],#g2[LO],a2[LO],(#g2.b)[LO],a2[L],#g2[LO],a2[LO],(#g2.e1)[L],a2[LO],#g2[LO],a2[LO],(#g2.#g1)[L],a2[LO],#f2[KN],(#g2.b1)[JN],(#c3.g2.e2.#a1)[JNO],(#f2.#d2.a1)[JNO],(b2.e2.#g1)[JNO],(a2.#d2.c2.#f1)[LO],b2[LO],a2[L],b2[LO],(a2.#f)[LO],b2[LO],a2[L],b2[LO],(a2.c1)[LO],b2[L],#g2[KN],(a2.#d1)[KO],b2[KN],(a2.#f1)[JNO],(#g2.#c2.e1)[JNO],(#f2.a1.#d1)[JNO],(e2.#a1.#c1)[JN],(#g2.#d2.b1.b)[JNO],#a[JNO],b[JNO],(#f2.#d2.a1.c1)[JNO],(e2.#c2.#g1.#c1)[JNO],c1[JNO],#c1[JNO],(#f2.#d2.#c2.a1)[JNO],(#g2.#d2.c2)[JNO],#g1[JNO],(a2.e2.#c2)[JN],#f1[JNO],(#f2.#d2)[JNO],b1[JNO],(b2.#f2.#d2)[JNO],a1[JNO],(#c3.#g2.e2)[JNO],#g1[JNO],(a2.#f2)[JNO],#c2[JNO],(#d3.a2.#f2.b1)[L],#c2[LO],b1[LO],#c2[LO],b1[L],#c2[LO],b1[LO],#c2[L],b1[LO],#c2[LO],b1[LO],#c2[L],(#d3.a2.#f2.b1)[LO],#c2[LO],b1[LO],#c2[L],(e3.b2.#g2.b1)[LO],#c2[LO],b1[L],#c2[LO],(#f3.#c3.a2.b1)[LO],#c2[LO],b1[L],#c2[LO],(a2.e2.b1)[LO],#c2[LO],b1[L],#c2[LO],b1[LO],#c2[L],b1[LO],#c2[LO],(b2.#f2.#d2.b1)[LO],#c2[L],b1[LO],#c2[LO],b1[LO],#c2[L],b1[LO],#c2[LO],(#c3.#g2.e2.b1)[L],#c2[LO],b1[LO],#c2[LO],b1[L],#c2[LO],b1[LO],#c2[LO],(#c3.a2.e2.b)[L],#c1[LO],b[LO],#c1[L],b[LO],#c1[LO],b[LO],#c1[L],b[LO],#c1[LO],b[LO],#c1[L],(#d2.a1.#f1.b)[LO],#c1[LO],b[L],#c1[LO],(e2.b1.#g1.b)[LO],#c1[LO],b[L],#c1[LO],(#f2.#c2.a1.b)[LO],#c1[LO],b[L],#c1[LO],(a1.e1.b)[LO],#c1[L],b[LO],#c1[LO],b[LO],#c1[L],b[LO],#c1[LO],(b1.#f1.#d1.B-1)[LO],#c[L],B-1[LO],#c[LO],B-1[L],#c[LO],B-1[LO],#c[LO],(#c2.#g1.e1.B-1)[L],#c[LO],B-1[LO],#c[LO],B-1[L],#c[LO],B-1[MN],#f1[NO],#c[NO],a1[MO],(d2.B-2)[KN],#F-1[KO],A-1[KN],d[KO],#f[KN],a[KO],(a2.#f2.d2.a1.d1)[KN],#f1[KO],d1[KN],a[KO],(b2.#f2.d2.b1.#f)[KO],d[KN],A-1[KO],#F-1[KN],(#c3.a2.#f2.#c2.B-2)[KO],#F-1[KN],A-1[KO],d[KN],(d3.a2.#f2.d2.#f)[KO],a[KN],d1[KO],#f1[KO],(e3.a2.e2.d1)[KN],a[KO],#f[KN],d[KO],(#f3.d3.a2.#f2.A-1)[KN],#F-1[KO],B-2[JNO],(#g3.d3.#g2)[KMN],b[M],#f1[M],a1[MO],d2[JMN],(a3.#f3.a2)[KLO],b[MO],#f1[MO],a1[MN],#d2[JLM],(#a3.#a2)[JKO],(b3.b2.B-1.B-2)[JKMNO],(#c4.#c3.A-1.A-2)[JKLMN],(d4.d3.#G-1.B-2.#G-2)[IMNO],(#d4.#d3.#F-1.#F-2)[IKM],(e4.e3.E-1.E-2)[IL],(e2.#g)[LM],f2[LM],(#d2.b1)[LM],e2[LM],(b2.e1)[LM],d3[LM],(c3.a)[LM],a2[LM],(e2.a1)[LM],#d2[LM],(d2.e1)[LM],c2[LM],(b1.#d)[LM],c2[LM],(#a1.#f1)[LM],b1[LM],(#f2.b)[LM],a2[LM],(#g2.e)[LM],e2[LM],b1[LM],#g1[LM],e1[LM],b[LM],#g1[LM],e1[LM],b[LM],#g[LM],e[LM],B-1[LM],E-1[LM],#G-1[LM],B-1[LM],e[LM],#g[LM],b[LM],e1[LM],#g1[LM],b1[LM],e2[LM],#g2[LM],b2[LM],e3[IL],(e3.#g1)[LM],f3[LM],(#d3.b2)[LM],e3[LM],(b3.e2)[LM],d4[LM],(c4.a1)[LM],a3[LM],(e3.a2)[LM],#d3[LM],(d3.e2)[LM],#c3[LM],(c3.e1)[LM],d3[LM],(b2.#g2)[LM],c3[LM],(g3.#c2)[LM],#a3[LM],(a3.f1)[LM],f3[LM],c3[LM],a2[LM],f2[LM],c2[LM],a2[LM];"],"id":2,"instruments":["piano","piano"],"alternatives":["",""]},{"bpm":469.5,"baseBeats":0.75,"scores":["mute[LM],mute[LM],mute[LM],mute[LM],mute[LM],mute[LM],mute[LM],mute[LM],mute[LM],mute[LM],mute[LM],mute[LM],mute[LM],mute[LM],mute[LM],mute[LM],mute[LM],mute[JK],mute[KL],mute[LM],mute[LM],mute[LM],mute[LM],mute[LM],mute[LM],mute[LM],mute[LM],mute[LM],mute[LM],mute[LM],mute[LM],mute[LM],mute[LM],mute[LM],mute[LM],mute[LM],mute[LM],mute[LM],mute[LM],mute[LM],mute[LM],mute[LM],mute[LM],mute[LM],mute[LM],mute[LM],mute[LM],mute[LM],mute[LM],mute[LM],mute[LM],mute[LM],mute[LM],mute[LM],mute[LM],mute[LM],mute[LM],mute[LM],mute[LM],mute[LM],mute[LM],mute[LM],mute[LM],mute[LM],mute[LM],mute[LM],mute[LM],mute[LM],mute[LM],mute[LM],mute[LM],mute[LM],mute[LM],mute[LM],mute[LM],mute[LM],mute[LM],mute[LM],mute[LM],mute[LM],mute[LM],mute[LM],mute[LM],mute[LM],mute[LM],mute[LM],mute[LM],mute[LM],mute[LM],mute[LM],mute[LM],mute[LM],mute[LM],mute[LM],mute[LM],mute[LM],mute[LM],mute[LM],mute[LM],mute[LM],mute[LM],mute[LM],mute[LM],mute[LM],mute[LM],mute[LM],mute[LM],mute[LM],mute[LM],mute[LM],mute[LM],mute[LM],mute[LM],mute[LM],mute[LM],mute[LM],mute[LM],mute[LM],mute[LM],mute[LM],mute[LM],mute[LM],mute[LM],mute[LM],mute[LM],mute[LM],mute[LM],mute[LM],mute[LM],mute[LM],mute[LM],mute[LM],mute[LM],mute[KL],mute[LM],mute[LM],mute[LM],mute[LM],mute[LM],mute[LM],mute[LM],mute[LM],mute[LM],mute[LM],mute[LM],mute[LM],mute[LM],mute[LM],mute[LM],mute[LM],mute[LM],mute[LM],mute[LM],mute[LM],mute[LM],mute[LM],mute[LM],mute[LM],mute[LM],mute[LM],mute[LM],mute[LM],mute[LM],mute[LM],mute[LM],mute[LM],mute[LM],mute[LM],mute[LM],mute[LM],mute[LM],mute[LM],mute[LM],mute[LM],mute[LM],mute[LM],mute[LM],mute[LM],mute[LM],mute[LM],mute[LM],mute[LM],mute[LM],mute[LM],mute[LM],mute[LM],mute[LM],mute[LM],mute[LM],mute[LM],mute[LM],mute[LM],mute[LM],mute[LM],mute[LM],mute[LM],mute[LM],mute[LM],mute[LM],mute[LM],mute[LM],mute[LM],mute[LM],mute[LM],mute[LM],mute[LM],mute[LM],mute[LM],mute[LM],mute[LM],mute[LM],mute[LM],mute[LM],mute[LM],mute[LM],mute[LM],mute[LM],mute[LM],mute[LM],mute[LM],mute[LM],mute[LM],mute[LM],mute[LM],mute[LM],mute[LM],mute[LM],mute[LM],mute[LM],mute[LM],mute[LM],mute[LM],mute[LM],mute[LM],mute[LM],mute[LM],mute[LM],mute[LM],mute[LM],mute[LM],mute[LM],mute[LM],mute[LM],mute[LM],mute[LM],mute[LM],mute[LM],mute[LM],mute[LM],mute[LM],mute[LM],mute[LM],mute[LM],mute[LM],mute[LM],mute[LM],mute[LM],mute[LM],mute[LM],mute[LM],mute[LM],mute[LM],mute[LM],mute[JM],mute[LM],mute[LM],mute[LM],mute[LM],mute[LM],mute[LM],mute[LM],mute[LM],mute[LM],mute[LM],mute[LM],mute[LM],mute[LM],mute[LM],mute[LM],mute[LM],mute[LM],mute[LM],mute[LM],mute[LM],mute[LM],mute[LM],mute[LM],mute[LM],mute[LM],mute[LM],mute[LM],mute[LM],mute[LM],mute[LM],mute[LM],mute[LM],mute[LM],mute[LM],mute[LM],mute[LM],mute[LM],mute[LM],mute[LM],mute[LM],mute[LM],mute[LM],mute[LM],mute[LM],mute[LM],mute[LM],mute[LM],mute[LM],mute[LM],mute[LM],mute[LM],mute[LM],mute[LM],mute[LM],mute[LM],mute[LM],mute[LM],mute[LM],mute[LM],mute[LM],mute[LM],mute[LM],mute[LM],mute[LM],mute[LM],mute[LM],mute[LM],mute[LM],mute[LM],mute[LM],mute[LM],mute[LM],mute[LM],mute[LM],mute[LM],mute[LM],mute[LM],mute[LM],mute[LM],mute[LM],mute[LM],mute[LM],mute[LM],mute[LM],mute[LM],mute[LM],mute[LM],mute[LM],mute[LM],mute[LM],mute[LM],mute[LM],mute[LM],mute[LM],mute[LM],mute[LM],mute[LM],mute[LM],mute[LM],mute[LM],mute[LM],mute[LM],mute[LM],mute[LM],mute[LM],mute[LM],mute[LM],mute[LM],mute[LM],mute[LM],mute[LM],mute[LM],mute[LM],mute[LM],mute[LM],mute[LM],mute[KL],mute[LM],mute[LM],mute[LM],mute[LM],mute[LM],mute[LM],mute[LM],mute[LM],mute[LM],mute[LM],mute[LM],mute[LM],mute[LM],mute[LM],mute[LM],mute[LM],mute[LM],mute[LM],mute[LM],mute[LM],mute[LM],mute[LM],mute[LM],mute[LM],mute[LM],mute[LM],mute[LM],mute[LM],mute[LM],mute[LM],mute[LM],mute[LM],mute[LM],mute[LM],mute[LM],mute[LM],mute[LM],mute[LM],mute[LM],mute[LM],mute[LM],mute[LM],mute[LM],mute[LM],mute[LM],mute[LM],mute[LM],mute[LM],mute[LM],mute[LM],mute[LM],mute[LM],mute[LM],mute[LM],mute[LM],mute[LM],mute[LM],mute[LM],mute[LM],mute[LM],mute[LM],mute[LM],mute[LM],mute[LM],mute[LM],mute[LM],mute[LM],mute[LM],mute[LM],mute[LM],mute[LM],mute[LM],mute[LM],mute[LM],mute[LM],mute[LM],mute[LM],mute[LM],mute[LM],mute[LM],mute[LM],mute[LM],mute[LM],mute[LM],mute[LM],mute[LM],mute[LM],mute[LM],mute[LM],mute[LM],mute[LM],mute[LM],mute[LM],mute[LM],mute[LM],mute[LM],mute[LM],mute[LM],mute[LM],mute[LM],mute[LM],mute[LM],mute[LM],mute[LM],mute[LM],mute[LM],mute[LM],mute[LM],mute[LM],mute[LM],mute[LM],mute[LM],mute[LM],mute[LM],mute[LM],mute[LM],mute[LM],mute[LM],mute[LM],mute[LM],mute[LM],mute[LM],mute[LM],mute[LM],mute[LM],mute[LM],mute[LM],mute[LM],mute[LM],mute[LM],mute[LM],mute[LM],mute[KL],mute[KL],mute[KL],mute[KL],mute[KL],mute[LM],mute[LM],mute[LM],mute[LM],mute[LM],mute[LM],mute[LM],mute[LM],mute[LM],mute[LM],mute[LM],mute[LM],mute[LM],mute[LM],mute[KL],mute[KL],mute[KL],mute[KL],mute[KL],mute[LM],mute[LM],mute[LM],mute[LM],mute[LM],mute[LM],mute[LM],mute[LM],mute[LM],mute[LM],mute[LM],mute[LM],mute[LM],mute[LM],mute[LM],mute[LM],mute[LM],mute[LM],mute[LM],mute[LM],mute[LM],mute[LM],mute[LM],mute[LM],mute[LM],mute[LM],mute[LM],mute[LM],mute[LM],mute[LM],mute[LM],mute[LM],mute[LM],mute[LM],mute[LM],mute[LM],mute[LM],mute[LM],mute[LM],mute[LM],mute[LM],mute[LM],mute[LM],mute[LM],mute[LM],mute[LM],mute[LM],mute[LM],mute[LM],mute[LM],mute[IL],mute[KL],mute[JK],mute[KL],mute[JK],mute[KL],mute[JK],mute[LM],mute[LM],mute[LM],mute[LM],mute[LM],mute[LM],mute[LM],mute[LM],mute[LM],mute[LM],mute[LM],mute[LM],mute[LM],mute[LM],mute[LM],mute[LM],mute[LM],mute[LM],mute[LM],mute[LM],mute[LM],mute[LM],mute[LM],mute[LM],mute[LM],mute[LM],mute[LM],mute[LM],mute[LM],mute[LM],mute[LM],mute[LM],mute[LM],mute[LM],mute[LM],mute[LM],mute[LM],mute[LM],mute[LM],mute[LM],mute[LM],mute[LM],mute[LM],mute[LM],mute[LM],mute[LM],mute[LM],mute[LM],mute[LM],mute[LM],mute[LM],mute[LM],mute[LM],mute[LM],mute[LM],mute[LM],mute[LM],mute[LM],mute[LM],mute[LM],mute[LM],mute[LM],mute[LM],mute[LM],mute[LM],mute[LM],mute[LM],mute[LM],mute[LM],mute[LM],mute[LM],mute[LM],mute[LM],mute[LM],mute[LM],mute[LM],mute[LM],mute[LM],mute[LM],mute[LM],mute[LM],mute[LM],mute[LM],mute[LM],mute[LM],mute[LM],mute[LM],mute[LM],mute[LM],mute[LM],mute[LM],mute[LM],mute[LM],mute[LM],mute[KL],mute[LM],mute[LM],mute[LM],mute[LM],mute[LM],mute[LM],mute[LM],mute[LM],mute[LM],mute[LM],mute[LM],mute[LM],mute[LM],mute[LM],mute[LM],mute[LM],mute[LM],mute[LM],mute[LM],mute[LM],mute[LM],mute[LM],mute[KL],mute[LM],mute[LM],mute[LM],mute[LM],mute[LM],mute[LM],mute[LM],mute[LM],mute[LM],mute[LM],mute[LM],mute[LM],mute[LM],mute[LM],mute[LM],mute[LM],mute[LM],mute[LM],mute[LM],mute[LM],mute[LM],mute[LM],mute[KL],mute[LM],mute[LM],mute[LM],mute[LM],mute[LM],mute[LM],mute[LM],mute[LM],mute[LM],mute[LM],mute[LM],mute[LM],mute[LM],mute[LM],mute[LM],mute[LM],mute[LM],mute[LM],mute[LM],mute[LM],mute[LM],mute[LM],mute[LM],mute[LM],mute[LM],mute[LM],mute[LM],mute[LM],mute[LM],mute[LM],mute[LM],mute[LM],mute[LM],mute[LM],mute[LM],mute[LM],mute[LM],mute[LM],mute[LM],mute[LM],mute[LM],mute[LM],mute[LM],mute[LM],mute[LM],mute[LM],mute[LM],mute[LM],mute[LM],mute[LM],mute[LM],mute[LM],mute[LM],mute[LM],mute[LM],mute[LM],mute[LM],mute[LM],mute[LM],mute[LM],mute[LM],mute[LM],mute[LM],mute[LM],mute[LM],mute[LM],mute[LM],mute[LM],mute[LM],mute[LM],mute[LM],mute[LM],mute[LM],mute[LM],mute[LM],mute[LM],mute[LM],mute[LM],mute[LM],mute[LM],mute[LM],mute[LM],5<UV>,mute[LM],mute[KL],mute[KL],mute[KL],mute[LM],mute[LM],mute[KL],mute[KL],mute[LM],mute[LM],mute[LM],mute[LM],mute[LM],mute[LM],mute[LM],mute[LM],mute[LM],mute[LM],5<UV>,5<UV>,mute[KL],mute[KL],mute[KL],mute[LM],mute[LM],mute[KL],mute[KL],mute[LM],mute[LM],mute[LM],mute[LM],mute[LM],mute[LM],mute[LM],mute[LM],mute[LM],mute[LM],mute[LM],mute[LM],mute[LM],mute[LM],mute[LM],mute[LM],mute[LM],mute[LM],mute[LM],mute[LM],mute[LM],mute[LM],mute[LM],mute[LM],mute[HK],mute[HK],mute[HHIL],S;","f2[LM],c2[LM],a1[LM],f1[LM],c1[LM],f[LM],a[LM],c1[LM],f1[LM],(a1.c1)[LM],(c2.a)[LM],(f2.f)[LM],(a2.c)[LM],(c3.A-1)[LM],(f3.F-1)[LM],(a3.C-1)[LM],(c4.A-2)[LM],(f4.f3.F-1.F-2)[JK],f1[KL],C-1[LM],F-1[LM],(#f1.A-1)[LM],#d[LM],(a.A-1)[LM],F-1[LM],(f1.#C-1)[LM],F-1[LM],(#f1.#A-1)[LM],#c[LM],(#a.#A-1)[LM],F-1[LM],(#c2.f1)[LM],F-2[LM],#F-2[LM],G-2[LM],(c2.#d1.#G-2)[LM],A-2[LM],(c2.#d1.#A-2)[LM],C-1[LM],#C-1[LM],#D-1[LM],(#a1.#c1.E-1)[LM],F-1[LM],(#f1.E-1)[LM],#F-1[LM],(g1.#A-1)[LM],e[LM],(#a.#A-1)[LM],#F-1[LM],(#f1.D-1)[LM],#F-1[LM],(g1.B-1)[LM],d[LM],(b.B-1)[LM],#F-1[LM],(d2.#f1)[LM],#F-2[LM],G-2[LM],#G-2[LM],(#c2.e1.A-2)[LM],#A-2[LM],(#c2.e1.B-2)[LM],#C-1[LM],D-1[LM],E-1[LM],(b1.d1.F-1)[LM],#F-1[LM],(b2.d2.b1)[LM],G-2[LM],B-2[LM],D-1[LM],G-1[LM],B-1[LM],d[LM],G-1[LM],B-1[LM],d[LM],g[LM],b[LM],(b1.d1)[LM],#c1[LM],b[LM],a[LM],(#c2.#a1.#c1.g)[LM],#f[LM],(#c2.#a1.#c1.e)[LM],d[LM],#c[LM],B-1[LM],(d2.b1.d1.A-1)[LM],G-1[LM],(f3.d3.f2)[LM],G-2[LM],B-2[LM],D-1[LM],G-1[LM],B-1[LM],d[LM],G-1[LM],B-1[LM],d[LM],g[LM],b[LM],(d2.b1.d1)[LM],#c1[LM],b[LM],a[LM],(e2.#c2.e1.g)[LM],f[LM],(e2.#c2.e1.e)[LM],d[LM],#c[LM],B-1[LM],(f2.d2.f1.A-1)[LM],G-1[LM],(b3.d3.b2)[LM],G-2[LM],B-2[LM],D-1[LM],G-1[LM],B-1[LM],d[LM],(b.G-1)[LM],(d1.B-1)[LM],(f1.d)[LM],(b1.g)[LM],(d2.b)[LM],(f2.d1)[LM],(b1.g)[LM],(d2.b)[LM],(f2.d1)[LM],(b2.g1)[LM],(d3.b1)[LM],(f3.b2.d2)[KL],g[LM],a[LM],#a[LM],b[LM],c1[LM],#c1[LM],d1[LM],#d1[LM],e1[LM],f1[LM],#f1[LM],g1[LM],#g1[LM],a1[LM],#a1[LM],b1[LM],c2[LM],#c2[LM],d2[LM],#d2[LM],e2[LM],f2[LM],#f2[LM],#g2[LM],(c2.#d)[LM],#g[LM],c1[LM],#f1[LM],#d2[LM],e2[LM],(#g1.#c)[LM],#g[LM],#c1[LM],e1[LM],#c2[LM],#d2[LM],(#f1.A-1)[LM],#d[LM],#f[LM],#c1[LM],#f1[LM],#g1[LM],(c1.#G-1)[LM],#d[LM],#f[LM],c1[LM],#f2[LM],#g2[LM],(c2.#d)[LM],#g[LM],c1[LM],#f1[LM],#d2[LM],e2[LM],(#g1.#c)[LM],#g[LM],#c1[LM],e1[LM],#c2[LM],#d2[LM],(#f1.A-1)[LM],#d[LM],#f[LM],#c1[LM],#f1[LM],#g1[LM],(c1.#G-1)[LM],#d[LM],#f[LM],c1[LM],#f2[LM],#g2[LM],(c2.#d)[LM],#g[LM],c1[LM],#f1[LM],#d2[LM],e2[LM],(#g1.#c)[LM],#g[LM],#c1[LM],e1[LM],b2[LM],#c3[LM],(#d2.#f)[LM],b[LM],#d1[LM],a1[LM],a2[LM],b2[LM],(e2.e)[LM],b[LM],e1[LM],#g1[LM],#d3[LM],e3[LM],(g2.#a)[LM],#d1[LM],g1[LM],#c2[LM],d3[LM],#d3[LM],(#g2.#g)[LM],#d1[LM],#g1[LM],c2[LM],c3[LM],#c3[LM],(e2.g)[LM],#c1[LM],e1[LM],#a1[LM],#a2[LM],c3[LM],(#d2.#g)[LM],c1[LM],#d1[LM],#g1[LM],#d2[LM],e2[LM],g1[LM],#d[LM],#a[LM],#c1[LM],d2[LM],#d2[LM],#g1[LM],#G-1[LM],#d[LM],c1[JM],c[LM],#d[LM],c1[LM],#a[LM],g[LM],#g[LM],c1[LM],#d1[LM],c2[LM],#a1[LM],g1[LM],#g1[LM],c2[LM],#d2[LM],c3[LM],#a2[LM],g2[LM],#g2[LM],c3[LM],#d3[LM],c4[LM],#a3[LM],#g3[LM],a3[LM],#g3[LM],a3[LM],#g3[LM],a3[LM],#g3[LM],a3[LM],#g3[LM],a3[LM],#g3[LM],a3[LM],g3[LM],#g3[LM],g3[LM],#g3[LM],g3[LM],#g3[LM],g3[LM],#g3[LM],g3[LM],#g3[LM],g3[LM],#g3[LM],#f3[LM],#g3[LM],(c3.#d1)[LM],#g1[LM],c2[LM],#f2[LM],#d3[LM],e3[LM],(#g2.#c1)[LM],#g1[LM],#c2[LM],e2[LM],#c3[LM],#d3[LM],(#f2.a)[LM],#d1[LM],#f1[LM],#c2[LM],#f2[LM],#g2[LM],(c2.#g)[LM],#d1[LM],#f1[LM],c2[LM],g2[LM],#g2[LM],(c2.#d)[LM],#g[LM],c1[LM],#f1[LM],#d2[LM],e2[LM],(#g1.#c)[LM],#g[LM],#c1[LM],e1[LM],#c2[LM],#d2[LM],(#f1.A-1)[LM],#d[LM],#f[LM],#c1[LM],#f1[LM],#g1[LM],(c1.#G-1)[LM],#d[LM],#f[LM],c1[LM],#f2[LM],#g2[LM],(c2.#d)[LM],#g[LM],c1[LM],#f1[LM],#d2[LM],e2[LM],(#g1.#c)[LM],#g[LM],#c1[LM],e1[LM],b2[LM],#c3[LM],(#d2.#f)[LM],b[LM],#d1[LM],a1[LM],#a2[LM],b2[LM],(e2.e)[LM],b[LM],#g1[KL],#D-1[LM],E-1[LM],#D-1[LM],E-1[LM],#D-1[LM],E-1[LM],#d[LM],e[LM],#d[LM],e[LM],#d[LM],e[LM],#d1[LM],e1[LM],#d1[LM],e1[LM],#d1[LM],e1[LM],#d2[LM],e2[LM],#d2[LM],e2[LM],#d2[LM],e2[LM],(e2.#g)[LM],f2[LM],(#d2.b1)[LM],e2[LM],(b2.e1)[LM],d3[LM],(c3.a)[LM],a2[LM],(e2.a1)[LM],#d2[LM],(d2.e1)[LM],c2[LM],(b1.#d)[LM],c2[LM],(#a1.#f1)[LM],b1[LM],(#f2.b)[LM],a2[LM],(g2.e)[LM],e2[LM],(b1.#g1)[LM],#a1[LM],(a1.b)[LM],#g1[LM],(g1.B-1)[LM],a1[LM],(#f1.d1)[LM],g1[LM],(d2.g)[LM],f2[LM],(#f2.c)[LM],d2[LM],(a1.d1)[LM],#g1[LM],(g1.a)[LM],#f1[LM],(#c2.#c)[LM],a1[LM],#f1[LM],#c1[LM],(#g1.f1.c1)[LM],b[LM],(a1.#f1.a)[LM],#f[LM],#c[LM],#F-1[LM],a2[LM],#a2[LM],(b2.#d)[LM],c3[LM],(#a2.#f1)[LM],b2[LM],(#f3.b)[LM],a3[LM],(g3.e)[LM],e3[LM],(b2.e1)[LM],#a2[LM],(a2.b)[LM],#g2[LM],(g2.b)[LM],a2[LM],(#f2.d2)[LM],g2[LM],(d3.g1)[LM],f3[LM],(e3.c1)[LM],c3[LM],(g2.c2)[LM],#f2[LM],(f2.g1)[LM],e2[LM],(#d2.g)[LM],f2[LM],(d2.#a1)[LM],#d2[LM],(#a2.#d1)[LM],c3[LM],(#c3.g)[LM],#a2[LM],(e2.#a1)[LM],#d2[LM],(d2.e1)[LM],#c2[LM],(#g2.#g)[LM],#g1[LM],e1[LM],#c1[LM],(#d1.c1.#g)[LM],#f[LM],(e1.#c1.e)[LM],#c[LM],#G-1[LM],#C-1[LM],#c2[LM],#c1[LM],e[LM],#C-1[LM],#c2[LM],d1[LM],#f[LM],#C-1[LM],#c2[LM],#d1[LM],g[LM],#C-1[LM],#c2[LM],e1[LM],#g[KL],(#c2.#g1.e1.#c1.#g.e.#c.#G-1)[KL],(#d2.c2.#g1.#d1.#g.#d.c.#G-1)[KL],(e2.#c2.#g1.e1.#c1.#g.e.#c)[KL],(#g2.e2.#c2.#g1.#c.#C-1)[KL],#c3[LM],#c2[LM],e1[LM],#c[LM],#c3[LM],d2[LM],#f1[LM],#c[LM],#c3[LM],#d2[LM],g1[LM],#c[LM],#c3[LM],e2[LM],#g1[KL],(#c3.#g2.e2.#c2.#g1.e1.#c1.#g)[KL],(#d3.c3.#g2.#d2.#g1.#d1.c1.#g)[KL],(e3.#c3.#g2.e2.#c2.#g1.e1.#c1)[KL],(#g3.e3.#c3.#g2.#c1.#c)[KL],#c4[LM],#c3[LM],e2[LM],#c1[LM],#c4[LM],d3[LM],#f2[LM],#c1[LM],#c4[LM],#d3[LM],g2[LM],#c2[LM],#c4[LM],e3[LM],#g2[LM],#c2[LM],#c4[LM],f3[LM],a2[LM],#c2[LM],#c4[LM],#f3[LM],#a2[LM],#c2[LM],#c4[LM],g3[LM],e4[LM],#c4[LM],g3[LM],e3[LM],#c3[LM],g2[LM],e2[LM],#c2[LM],g1[LM],e1[LM],#c1[LM],g[LM],e3[LM],#c3[LM],g2[LM],e2[LM],#c2[LM],g1[LM],(e2.e1)[LM],(#c2.#c1)[LM],(g1.g)[LM],(e1.e)[LM],(#c1.#c)[LM],(g.G-1)[LM],(#a.#A-1.#A-2)[IL],(g2.e2.#c2.g1.#a.e.#c.#A-1)[KL],(g2.e2.#c2.g1.#a.e.#c.#A-1)[JK],(#g2.e2.#c2.#g1.#g.e.#c.#G-1)[KL],(#g2.e2.#c2.#g1.#g.e.#c.#G-1)[JK],(c2.#g1.#d1.c1.#g.#f.#d.#G-1)[KL],(c2.#g1.#d1.c1.#g.#f.#d.#G-1)[JK],(#c.#C-1)[LM],e3[LM],(#g3.#G-1)[LM],#c4[LM],(e4.#c.#C-1)[LM],e3[LM],(#d3.#G-1)[LM],#c3[LM],(e3.e.E-1)[LM],#g3[LM],(#c4.#G-1)[LM],#c3[LM],(b2.#d.#D-1)[LM],a2[LM],(#c3.#G-1)[LM],#f3[LM],(a3.#d.#D-1)[LM],a2[LM],(#g2.#G-1)[LM],#f2[LM],(c3.#G-1.#G-2)[LM],#d3[LM],(#f3.#G-1)[LM],#f2[LM],(#f2.#c.#C-1)[LM],e2[LM],(#g2.#G-1)[LM],#c3[LM],(e3.#c.#C-1)[LM],e2[LM],(#d2.#G-1)[LM],#c2[LM],(e2.e.E-1)[LM],#g2[LM],(#c3.#G-1)[LM],#c2[LM],(b1.#d.#D-1)[LM],a1[LM],(#c2.#G-1)[LM],#f2[LM],(a2.#d.#D-1)[LM],a1[LM],(#g1.#G-1)[LM],#f1[LM],(c2.#G-1.#G-2)[LM],#d2[LM],(#f2.#G-1)[LM],#f1[LM],(#f1.#c.#C-1)[LM],e1[LM],(#g1.#G-1)[LM],#c2[LM],(e2.#c.#C-1)[LM],e1[LM],(#d1.#G-1)[LM],#c1[LM],(e1.e.E-1)[LM],#g1[LM],(#c2.#G-1)[LM],#c1[LM],(b.#d.#D-1)[LM],a[LM],(#c1.#G-1)[LM],#f1[LM],(a1.#d.#D-1)[LM],a[LM],(#g.#G-1)[LM],#f[LM],(c1.#G-1.#G-2)[LM],#d1[LM],(#f1.#G-1)[LM],#f[LM],(#c.#C-1)[LM],e[LM],#g[LM],#c1[LM],e1[LM],#d1[LM],(#c1.#c)[LM],e1[LM],#g1[LM],#c2[LM],e2[LM],#d2[LM],#c2[LM],e2[LM],#g2[LM],#c3[LM],(e3.#d1.#d)[LM],#d3[LM],(#c3.e1.e)[LM],e3[LM],#g3[LM],#c4[LM],e4[KL],(A-1.A-2)[LM],e[LM],a[LM],#c1[LM],e1[LM],#d1[LM],(#c1.#c)[LM],e1[LM],a1[LM],#c2[LM],e2[LM],#d2[LM],#c2[LM],e2[LM],a2[LM],#c3[LM],(e3.#d1.#d)[LM],#d3[LM],(#c3.e1.e)[LM],e3[LM],a3[LM],#c4[LM],e4[KL],(#F-1.#F-2)[LM],a[LM],d1[LM],#f1[LM],a1[LM],#g1[LM],(#f1.#f)[LM],a1[LM],d2[LM],#f2[LM],a2[LM],#g2[LM],#f2[LM],a2[LM],d3[LM],#f3[LM],(a3.e1.e)[LM],#g3[LM],(#f3.d1.d)[LM],a3[LM],d4[LM],#f4[LM],(a4.#c1.#c)[KL],(c1.c)[LM],#f2[LM],(a2.b.B-1)[LM],#d3[LM],(#f3.c1.c)[LM],#f2[LM],(#c1.#c)[LM],e2[LM],(#g2.c1.c)[LM],#c3[LM],(e3.#c1.#c)[LM],e2[LM],(#g.#G-1)[LM],#d2[LM],(#f2.g.G-1)[LM],c3[LM],(#d3.#g.#G-1)[LM],#d2[LM],(a.A-1)[LM],#c2[LM],(e2.#g.#G-1)[LM],a2[LM],(#c3.a.A-1)[LM],#c2[LM],(f.F-1)[LM],b1[LM],(d2.e.E-1)[LM],#g2[LM],(b2.f.F-1)[LM],b1[LM],(#f.#F-1)[LM],a1[LM],(#c2.f.F-1)[LM],#f2[LM],(a2.#f.#F-1)[LM],a1[LM],(#g.#G-1)[LM],#g1[LM],(#c2.g.G-1)[LM],e2[LM],(#g2.#g.#G-1)[LM],#g1[LM],(a.A-1)[LM],g1[LM],(#c2.#c1.#c)[LM],e2[LM],(g2.a.A-1)[LM],g1[LM],(#g.#G-1)[LM],#g1[LM],b1[LM],f2[LM],(#g2.#G-1.#G-2)[LM],#g1[LM],(a.A-1)[LM],#f1[LM],a1[LM],#c2[LM],(#f2.#G-1.#G-2)[LM],#f1[LM],(#a.#A-1)[LM],e1[LM],g1[LM],#c2[LM],(e2.#G-1.#G-2)[LM],e1[LM],(c1.c)[LM],#d1[LM],#f1[LM],#g1[LM],(#d2.#G-1.#G-2)[LM],#d1[LM],(#C-1.#C-2)[LM],f[LM],#g[LM],#c1[LM],f1[LM],#g1[LM],(#c2.#c1.#g.f.#c)[LM],f2[LM],#g2[LM],#c3[LM],f3[L],#g3[MNO],#c4[LO],(f4.f3)[KL],(#c.#C-1)[KL],(c.C-1)[KL],(f2.#c2.#g1.f1.#A-1.#A-2)[LM],(f2.#c2.#g1.f1)[LM],(A-1.A-2)[KL],(#G-1.#G-2)[KL],(#C-1.#C-2)[LM],f[LM],#g[LM],#c1[LM],f1[LM],#g1[LM],(#c2.#c1.#g.f.#c)[LM],f2[LM],#g2[LM],#c3[LM],f3[MN],#g3[MN],#c4[MN],f4[MN],(#g4.#g3)[KL],(#c.#C-1)[KL],(c.C-1)[KL],(#g2.f2.#c2.#g1.#A-1.#A-2)[LM],(#g2.f2.#c2.#g1)[LM],(A-1.A-2)[KL],(#G-1.#G-2)[KL],(#c.#C-1)[LM],(#c2.#c1)[LM],(c.C-1)[LM],(c2.c1)[LM],(#A-1.#A-2)[LM],(#a1.#a)[LM],(A-1.A-2)[LM],(a1.a)[LM],(#G-1.#G-2)[LM],(#g1.#g)[LM],(f.F-1)[LM],(f2.f1)[LM],(#c.#C-1)[LM],(#c2.#c1)[LM],(c.C-1)[LM],(c2.c1)[LM],(#A-1.#A-2)[LM],(#a1.#a)[LM],(A-1.A-2)[LM],(a1.a)[LM],(#G-1.#G-2)[LM],(#g1.#g)[LM],(f.F-1)[LM],(f2.f1)[LM],(#c2.#c1.#c.#C-1)[HK],(#c2.#g1.f1.#c1.#g.f.#c)[HK],(f3.#c3.#g2.f2.#C-1.#C-2)[HHIL],S;"],"id":3,"instruments":["piano","piano"],"alternatives":["",""]}],"audition":{"start":[0,0],"end":[2,872]}}