{"baseBpm":90,"musics":[{"id":1,"baseBeats":0.25,"scores":["d2[L],g2[L],d2[M],c2[M],#a1[L],a1[M],#a1[M],g1[L],V,V,U;a1[M],V,#a1[M],d2[M],g1[M],#a1[M],a1[M],c2[M],#f1[M],a1[M],g1[M],V,V,V,V,V;a1[M],V,#a1[M],d2[M],g1[M],#a1[M],a1[M],c2[M],#f1[M],a1[M],#a1[M],d2[M],g1[M],#d2[M],a1[M],c2[M];f1[M],d2[M],g1[M],#a1[M],a1[M],c2[M],#a1[M],d2[M],c2[M],#a1[M],a1[L],V,V,U;c2[M],V,f2[L],c2[M],#a1[M],a1[L],g1[M],a1[M],f1[M],V,V,V,V,V;c2[M],V,d2[M],f2[M],#a1[M],d2[M],c2[M],#d2[M],a1[M],c2[M],#a1[M],d2[M],g1[M],#d2[M],a1[M],c2[M];f1[M],d2[M],g1[M],#a1[M],a1[M],c2[M],#a1[M],d2[M],c2[M],#a1[M],a1[M],c2[M],#a1[M],d2[M],c2[M],#d2[M];d2[M],c2[M],","U,T,U,d[L],g[L],d[M],c[M],#A-1[L];A-1[M],#A-1[M],G-1[K],U,a[L],#a[M],d1[M],g[M],#a[M],a[M],c1[M];#f[M],a[M],g[L],#A-1[L],c[L],d[L],g[L],#d[L],f[L];d[L],#d[L],c[L],d[L],#d[L],f[L],c[M],#A-1[M],A-1[L];G-1[M],A-1[M],F-1[K],U,c[L],d[M],f[M],#A-1[M],d[M],c[M],#d[M];A-1[M],c[M],#A-1[L],d[L],#d[L],f[L],g[L],#d[L],f[L];d[L],#d[L],c[L],d[L],#d[L],f[L],d[L],#d[L];f[L],"],"instruments":["piano","piano"],"alternatives":["",""],"bpm":90},{"id":2,"baseBeats":0.25,"scores":["#a1[M],d2[M],c2[M],#d2[M],d2[M],f2[M],e2[M],g2[M],5<f2[N],e2[N]>,f2[M],V,V,V,V,V,V;5<f2[N],e2[N]>,f2[M],V,V,V,V,V,V,5<f2[N],e2[N]>,f2[M],V,V,V,V,f2[M],V;#a2[L],f2[M],#d2[M],d2[L],c2[M],d2[M],#a1[M],V,V,V,V,V,g2[M],f2[M];f2[M],#d2[M],d2[M],c2[M],d2[L],c2[M],#a1[M],(d1.f1.#a1)[KL],c2[L];f2[L],c2[M],#a1[M],a1[L],g1[M],a1[M],f1[L],V,V,U,c2[M],V;a2[L],g2[M],f2[M],e2[L],d2[M],#d2[M],#d2[L],V,V,U,#d2[M],V;#c2[M],e2[M],a1[M],e2[M],d2[M],f2[M],a1[M],f2[M],e2[M],g2[M],a1[M],e2[M],d2[M],f2[M],a1[M],d2[M];#c2[M],e2[M],a1[M],e2[M],d2[M],f2[M],a1[M],f2[M],e2[M],g2[M],#c2[M],e2[M],a1[M],a2[M],e2[M],g2[M];","g[L],a[L],#a[L],g[L],a[M],c1[M],f[M],a[M],g[M],#a[M],a[M],c1[M];#a[M],d1[M],c1[M],#d1[M],d1[M],f1[M],#d1[M],g1[M],f1[M],a1[M],g1[M],#a1[M],a1[M],c2[M],f1[M],a1[M];d1[L],#a[L],f1[L],f[L],g[M],#a[M],d[M],f[M],#d[M],g[M],d[M],f[M];c[M],a[M],#a[M],#d[M],f[L],F-1[L],#A-1[KL],U;T,U,c[L],f[L],c[M],#A-1[M],A-1[L],G-1[M],A-1[M];F-1[L],f[L],g[L],#a[L],a[L],e[M],d[M],#c[L],B-1[M],c[M];A-1[K],U,d1[L],#c1[K],U,d1[L];a[K],U,d[L],#c[K],U,#c1[L];"],"instruments":["piano","piano"],"alternatives":["",""],"bpm":90},{"id":3,"baseBeats":0.25,"scores":["g2[M],f2[M],e2[M],d2[M],#c2[LM],d2[M],d2[L],V,V,U,a2[M],V;#f2[M],a2[M],d2[M],d3[M],a2[M],c3[M],#a2[M],a2[M],#a2[L],V,V,U,d2[M],V;#a1[M],d2[M],g1[M],g2[M],d2[M],f2[M],#d2[M],d2[M],#d2[L],V,V,U,g1[M],V;#d1[M],g1[M],c1[M],c2[M],g1[M],#a1[M],a1[M],g1[M],a1[L],V,V,U,c2[M],V;a1[M],c2[M],f1[M],f2[M],c2[M],#d2[M],d2[M],c2[M],d2[M],V,V,V,V,V,#a2[M],g2[M];f2[M],e2[M],e2[M],V,V,V,c3[M],a2[M],#f2[M],a2[M],d2[M],#f2[M],g2[M],#a2[M],e2[M],g2[M];#f2[M],a2[M],d2[M],#f2[M],g2[M],#a2[M],e2[M],g2[M],#f2[M],V,V,V,V,V,#f1[M],V;g1[M],#a1[M],d1[M],g1[M],a1[M],c2[M],#f1[M],a1[M],#a1[M],d2[M],g1[M],#a1[M],c2[M],#d2[M],a1[M],c2[M];d2[M],g2[M],#a1[M],d2[M],#d2[M],g2[M],c2[M],#d2[M],d2[M],V,d3[M],V,c3[M],V,#a2[M],a2[M];g2[L],V,V,U,d2[M],V,#d2[M],g2[M],c2[M],#d2[M],d2[M],g2[M],#a1[M],d2[M];g2[L],d2[M],c2[M],#a1[L],a1[M],#a1[M],g1[M],V,V,V,V,V,#d2[M],V;d2[L],c2[M],#a1[M],a1[LM],g1[M],(#a.d1.g1)[J];","d1[L],g[L],a[L],A-1[L],d1[L],a[M],g[M],#f[L],e[M],#f[M];d[K],U,d1[L],g1[L],d1[M],c1[M],#a[L],a[M],#a[M];g[K],U,g[L],c1[L],g[M],f[M],#d[L],d[M],#d[M];c[K],U,c1[L],f1[L],c1[M],#a[M],a[L],g[M],a[M];f[K],U,a[L],#a[M],d1[M],f[M],d1[M],#a[M],d1[M],g[M],#a[M];c1[M],e1[M],g[M],e1[M],c1[M],e1[M],a[M],c1[M],d1[K],U,g[L];d[K],U,G-1[L],d[M],a[M],#f[M],a[M],d[M],c1[M],a[M],c1[M];#a[L],g[L],#f[L],d[L],g[K],#d[L],c[L];#A-1[L],G-1[L],c[L],c1[L],#a[M],d1[M],g[M],#a[M],a[M],c1[M],d[M],#f[M];g[L],d[M],c[M],#A-1[L],A-1[M],#A-1[M],G-1[K],U,g[L];#a[L],g[L],d1[L],d[L],#d[M],g[M],B-1[M],d[M],c[M],#d[M],A-1[M],c[M];#F-1[L],G-1[L],d[L],D-1[L],G-1[J];"],"instruments":["piano","piano"],"alternatives":["",""],"bpm":90}],"audition":{"start":[0,0],"end":[0,53]}}