{"baseBpm":60,"musics":[{"bpm":73,"baseBeats":0.25,"scores":["g[M],#a[M],g[M],d1[M],V,V,V,V,g[M],#a[M],g[M],d1[M],c1[M],#a[M],a[M],V;V,V,V,c1[M],d1[M],c1[M],#a[M],V,V,V,V,#f[M],g[M],a[M],#f[M],d[L];g1[L],a1[L],g1[L],a1[L],b1[L],c2[L],b1[L],c2[L];(g1.d2)[L],f2[L],#d2[L],(g1.d2)[L],(g1.#c2)[L],(g1.#c2)[L],(#f1.d2)[L],(#f1.d2)[M];g[M],#a[M],g[M],d1[M],V,V,V,V,g[M],#a[M],g[M],d1[M],c1[M],#a[M],a[M],V;V,V,V,c1[M],d1[M],c1[M],#a[M],V,V,V,V,#f[M],g[M],a[M],#f[M],d[L];g1[L],a1[L],g1[L],a1[L],b1[L],c2[L],b1[L],c2[L];d2[L],f2[L],(c2.#d2)[L],(#a1.d2)[L],(a1.c2)[L],(a1.c2)[L],#a1[L],#a1[M];","T,g[M],#a[M],g[M],#d1[L],U,T,g[M];a[M],#a[M],g[M],T,a[M],#a[M],a[M],g[M],T,U;b[L],c1[L],b[L],c1[L],d1[L],#d1[L],d1[L],#d1[L];b[L],c1[L],c1[L],d1[L],#d1[L],#d1[L],d1[L],d1[M];V,U,V,g[M],#a[M],g[M],#d1[L],U,T,g[M];a[M],#a[M],g[M],T,a[M],#a[M],a[M],g[M],T,U;b[L],c1[L],b[L],c1[L],d1[L],#d1[L],d1[L],#d1[L];b[L],c1[L],#d1[L],f1[L],f[L],(#a.#d1)[L],d1[L],d1[M];"],"id":1},{"bpm":75,"baseBeats":0.25,"scores":["#a1[M],d2[M],#a1[M],f2[L],U,V,d2[M],f2[M],d2[M],#a2[K],U;d3[L],c3[L],a2[L],f2[L],#f2[L],g2[L],#d2[L],c2[L];d2[L],#d2[L],c2[L],a1[L],#a1[L],c2[L],a1[L],f1[L];#d1[L],d1[K],(#a.f1)[K],(#a.#d1)[K],(#d1.#a1)[K];d1[L],d2[L],U,c2[M],a1[M],#a1[L],U,V;g[M],#a[M],g[M],d1[M],V,V,V,V,g[M],#a[M],g[M],d1[M],c1[M],#a[M],a[M],V;V,V,V,c1[M],d1[M],c1[M],#a[M],V,V,V,V,#f[M],g[M],a[M],#f[M],d[L];g1[L],a1[L],g1[L],a1[L],b1[L],c2[L],b1[L],c2[L];(g1.d2)[L],f2[L],#d2[L],(g1.d2)[L],(g1.#c2)[L],(g1.#c2)[L],(#f1.d2)[L],(#f1.d2)[M];","V,U,U,U,F-1[K],T,F-1[K];T,(A-1.f)[K],TU;#A-1[L],c[KL],d[L],#d[L],f[L],g[L];a[L],#a[K],#G-1[K],G-1[K],#F-1[K];F-1[K],(f.#d1)[L],U,(#a.d1)[L],U,T;V,g[M],#a[M],g[M],#d1[L],U,T,g[M];a[M],#a[M],g[M],T,a[M],#a[M],a[M],g[M],T,U;b[L],c1[L],b[L],c1[L],d1[L],#d1[L],d1[L],#d1[L];b[L],c1[L],c1[L],d1[L],#d1[L],#d1[L],d1[L],d1[M];"],"id":2},{"bpm":77,"baseBeats":0.25,"scores":["g[M],#a[M],g[M],d1[M],V,V,V,V,g[M],#a[M],g[M],d1[M],c1[M],#a[M],a[M],V;V,V,V,c1[M],d1[M],c1[M],#a[M],V,V,V,V,#f[M],g[M],a[M],#f[M],d[L];g1[L],a1[L],g1[L],a1[L],b1[L],c2[L],b1[L],c2[L];d2[L],f2[L],(c2.#d2)[L],(#a1.d2)[L],(a1.c2)[L],(a1.c2)[L],#a1[L],#a1[M];#a1[M],d2[M],#a1[M],f2[L],U,V,d2[M],f2[M],d2[M],#a2[K],U;d3[L],c3[L],a2[L],f2[L],#f2[L],g2[L],#d2[L],c2[L];d2[L],#d2[L],c2[L],a1[L],#a1[L],c2[L],a1[L],f1[L];#d1[L],d1[K],(#a.f1)[K],(#a.#d1)[K],(#d1.#a1)[K];d1[L],d2[L],U,c2[M],a1[M],#a1[K],","V,U,V,g[M],#a[M],g[M],#d1[L],U,T,g[M];a[M],#a[M],g[M],T,a[M],#a[M],a[M],g[M],T,U;b[L],c1[L],b[L],c1[L],d1[L],#d1[L],d1[L],#d1[L];b[L],c1[L],#d1[L],f1[L],f[L],(#a.#d1)[L],d1[L],d1[M];V,U,U,U,F-1[K],T,F-1[K];T,(A-1.f)[K],TU;#A-1[L],c[KL],d[L],#d[L],f[L],g[L];a[L],#a[K],#G-1[K],G-1[K],#F-1[K];F-1[K],(f.#d1)[L],U,(#a.d1)[K],"],"id":3}],"audition":{"start":[0,0],"end":[0,15]}}