{"baseBpm":130,"musics":[{"bpm":130,"baseBeats":0.5,"scores":["#d1[L],#g1[L],c2[L],U,U,#a1[L],#g1[L],g1[L];#g1[L],f1[L],#d1[L],U,U,U,#d1[L],U;#g1[L],g1[L],f1[L],U,#a1[L],#g1[L],g1[L],U;c2[L],#a1[L],(c1.#g1)[L],U,U,U,#g2[K];#d1[L],#g1[L],c2[L],c2[L],U,#a1[L],#g1[L],g1[L];#g1[L],f1[L],#d1[L],U,U,U,#d1[L],U;c2[L],U,#a1[L],#a1[L],U,#a1[L],a1[L],#a1[L];#c2[L],c2[L],(#d1.#a1)[L],U,U,U,(#d1.#a1)[L],U;#d1[L],#g1[L],c2[L],c2[L],U,#a1[L],#g1[L],g1[L];#g1[L],f1[L],#d1[L],U,U,U,#d1[L],U;#g1[L],g1[L],(#c1.f1)[L],f1[L],#a1[L],#g1[L],(#d1.g1)[L],g1[L];c2[L],#a1[L],","T,#G-1[L],#d[L],#g[L],c1[L],#c[L],#g[L];#c1[L],#g[L],#G-1[L],#d[L],#g[L],#d[L],#G-1[L],#d[L];#g[L],#d[L],#c[L],#g[L],#c1[L],#g[L],#d[L],g[L];#c1[L],g[L],#G-1[L],#d[L],#g[L],#d[L],#G-1[K];T,#G-1[L],#d[L],#g[L],c1[L],#c[L],#g[L];#c1[L],#g[L],#G-1[L],#d[L],#g[L],c1[L],#c[L],#g[L];#c1[L],#g[L],#D-1[L],#d[L],(g.#c1)[L],#d[L],#D-1[L],#d[L];(g.#c1)[L],#d[L],#D-1[L],#d[L],(g.#c1)[L],#d[L],#D-1[L],#d[L];T,#G-1[L],#d[L],#g[L],c1[L],#c[L],#g[L];#c1[L],#g[L],#G-1[L],#d[L],#g[L],#d[L],#G-1[L],#d[L];#g[L],#d[L],#c[L],#g[L],#c1[L],#g[L],#d[L],g[L];#c1[L],g[L],"],"id":1,"instruments":["piano","piano"],"alternatives":["",""]},{"bpm":134,"baseBeats":0.5,"scores":["(c1.#g1)[L],U,U,U,(c1.#g1)[K],(c1.#d1)[K];(#c1.f1)[L],U,(f1.#g1)[L],U,(f1.#g1.#c2)[L],U,U,(#c1.f1)[L];(c1.#d1)[L],U,(c1.#g1)[L],U,(#d1.#g1.c2)[L],U,U,(c1.#g1)[L];(#d1.g1)[L],f1[L],(#c1.g1)[L],#g1[L],(#c1.#a1)[L],#a1[L],(f1.#c2)[L],#c2[L];(#d1.c2)[L],U,U,U,(c1.#g1)[L],U,U,(c1.#d1)[L];(#c1.f1)[L],U,(f1.#g1)[L],U,(f1.#g1.#c2)[L],U,U,(#c1.f1)[L];(c1.#d1)[L],U,(c1.#g1)[L],U,(#d1.#g1.c2)[L],U,U,(c1.#g1)[L];(#c1.g1)[L],U,(f1.#g1)[L],(g1.#a1)[L],c2[L],#a1[L],g1[L],U;(c1.#g1)[L],U,U,U,(c1.#g1)[K],#g1[K];c2[L],c2[L],U,#a1[L],#g1[L],g1[L],#g1[L],f1[L];#d1[L],U,U,U,#d1[L],U,c2[L],U;#a1[L],#a1[L],U,#a1[L],a1[L],#a1[L],#c2[L],c2[L];","#G-1[L],#d[L],#g[L],#d[L],#G-1[K],T;#c[L],#g[L],#c1[L],#g[L],#c[L],#g[L],#c1[L],#g[L];#G-1[L],#d[L],#g[L],#d[L],#G-1[L],#d[L],#g[L],#d[L];#d[L],g[L],#a[L],g[L],#d[L],g[L],#a[L],g[L];#G-1[L],#d[L],#g[L],#d[L],#G-1[L],#d[L],#g[L],#d[L];#c[L],#g[L],#c1[L],#g[L],#c[L],#g[L],#c1[L],#g[L];#G-1[L],#d[L],#g[L],#d[L],#G-1[L],#d[L],#g[L],#d[L];#d[L],g[L],#a[L],g[L],#d[L],g[L],#a[L],g[L];#G-1[L],#d[L],#g[L],#d[L],#G-1[K],T;#G-1[L],#d[L],#g[L],c1[L],#c[L],#g[L],#c1[L],#g[L];#G-1[L],#d[L],#g[L],c1[L],#c[L],#g[L],#c1[L],#g[L];#D-1[L],#d[L],(g.#c1)[L],#d[L],#D-1[L],#d[L],(g.#c1)[L],#d[L];"],"id":2,"instruments":["piano","piano"],"alternatives":["",""]},{"bpm":138,"baseBeats":0.5,"scores":["(#d1.#a1)[L],U,U,U,(#d1.#a1)[L],U,#d1[L],#g1[L];c2[L],c2[L],U,#a1[L],#g1[L],g1[L],#g1[L],f1[L];#d1[L],U,U,U,#d1[L],U,#g1[L],g1[L];(#c1.f1)[L],f1[L],#a1[L],#g1[L],(#d1.g1)[L],g1[L],c2[L],#a1[L];(c1.#g1)[L],U,U,U,(c1.#g1)[K],(c1.#d1)[K];(#c1.f1)[L],U,(f1.#g1)[L],U,(f1.#g1.#c2)[L],U,U,(#c1.f1)[L];(c1.#d1)[L],U,(c1.#g1)[L],U,(#d1.#g1.c2)[L],U,U,(c1.#g1)[L];(#d1.g1)[L],f1[L],(#c1.g1)[L],#g1[L],(#c1.#a1)[L],#a1[L],(f1.#c2)[L],#c2[L];(#d1.c2)[L],U,U,U,(c1.#g1)[L],U,U,(c1.#d1)[L];(#c1.f1)[L],U,(f1.#g1)[L],U,(f1.#g1.#c2)[L],U,U,(#c1.f1)[L];(c1.#d1)[L],U,(c1.#g1)[L],U,(#d1.#g1.c2)[L],U,U,(c1.#g1)[L];(#c1.g1)[L],U,(f1.#g1)[L],(g1.#a1)[L],c2[L],#a1[L],g1[L],U;(c1.#g1)[L],U,U,U,(c1.#g1)[K],","#D-1[L],#d[L],(g.#c1)[L],#d[L],#D-1[L],#d[L],T;#G-1[L],#d[L],#g[L],c1[L],#c[L],#g[L],#c1[L],#g[L];#G-1[L],#d[L],#g[L],#d[L],#G-1[L],#d[L],#g[L],#d[L];#c[L],#g[L],#c1[L],#g[L],#d[L],g[L],#c1[L],g[L];#G-1[L],#d[L],#g[L],#d[L],#G-1[K],T;#c[L],#g[L],#c1[L],#g[L],#c[L],#g[L],#c1[L],#g[L];#G-1[L],#d[L],#g[L],#d[L],#G-1[L],#d[L],#g[L],#d[L];#d[L],g[L],#a[L],g[L],#d[L],g[L],#a[L],g[L];#G-1[L],#d[L],#g[L],#d[L],#G-1[L],#d[L],#g[L],#d[L];#c[L],#g[L],#c1[L],#g[L],#c[L],#g[L],#c1[L],#g[L];#G-1[L],#d[L],#g[L],#d[L],#G-1[L],#d[L],#g[L],#d[L];#d[L],g[L],#a[L],g[L],#d[L],g[L],#a[L],g[L];#G-1[L],#d[L],#g[L],#d[L],#G-1[K],"],"id":3,"instruments":["piano","piano"],"alternatives":["",""]}],"audition":{"start":[0,0],"end":[0,30]}}