{"baseBpm":97,"musics":[{"id":1,"baseBeats":0.25,"scores":["mute[L],mute[L],mute[J],mute[J],mute[J],mute[J],mute[JLM],mute[M],mute[M],mute[M],mute[L],mute[JK],mute[L],mute[L],mute[J],mute[J],mute[J],mute[J],mute[JL],mute[M],mute[M],mute[M],mute[M],mute[L],mute[J],mute[K],mute[K],mute[L],mute[L],mute[L],mute[M],mute[L],mute[M],mute[K],mute[L],mute[L],mute[L],mute[L],mute[M],mute[L],mute[M],mute[K],mute[L],mute[L],mute[L],mute[L],mute[M],mute[LM],mute[K],mute[L],mute[L],mute[L],mute[L],mute[M],mute[LM],mute[K],mute[L],mute[L],mute[L],mute[L],mute[M],mute[L],mute[M],mute[K],mute[L],mute[L],mute[L],mute[L],mute[M],mute[L],mute[M],mute[K],mute[L],mute[L],mute[L],mute[L],mute[M],mute[LM],mute[K],mute[L],mute[K],mute[K],mute[K],mute[L],mute[L],mute[LM],mute[LM],mute[L],mute[MN],mute[MN],5<V>,mute[L],mute[L],mute[LM],mute[LM],mute[L],mute[MN],mute[MN],5<V>,mute[L],mute[L],mute[LM],mute[LM],mute[L],mute[MN],mute[MN],5<V>,mute[L],mute[L],mute[LM],mute[LM],mute[L],mute[MN],mute[MN],5<V>,mute[L],mute[L],mute[LM],mute[LM],mute[L],mute[MN],mute[MN],5<V>,mute[M],mute[M],mute[L],mute[LM],mute[LM],mute[L],mute[MN],mute[MN],5<V>,mute[L],mute[L],mute[LM],","#a2[L],a2[L],(#a.d1.g1.g2)[J],f2[J],(#a.#d1.g1.#d2)[J],#a1[J],(#a.d1.f1.d2)[JLM],d2[M],d2[M],c2[M],c2[L],(a.d1.f1)[JK],d2[L],f2[L],(#a.d1.g1.g2)[J],f2[J],(#a.#d1.g1.#d2)[J],#a1[J],(#a.d1.f1.d2)[JL],c2[M],d2[M],d2[M],c2[M],c2[L],(a.d1.f1)[J],g2[K],a2[K],#a2[L],(#a.d1.g1.#a2)[L],#a2[L],(#a.d1.g1.a2)[M],a2[L],g2[M],(#a.d1.g1)[K],(#a.d1.g1.#a1)[L],f2[L],(#a.#d1.g1.f2)[L],f2[L],(#a.#d1.g1.g2)[M],f2[L],d2[M],(#a.#d1.g1)[K],(#a.#d1.g1.c2)[L],#a1[L],(#a.d1.f1.#a1)[L],#a1[L],(#a.d1.f1.d2)[M],f2[LM],(#a.d1.f1)[K],(#a.d1.f1.#a1)[L],a1[L],(a.d1.f1.a1)[L],a1[L],(a.d1.f1.d2)[M],f2[LM],(a.d1.f1)[K],(a.d1.f1)[L],#a2[L],(#a.d1.g1.#a2)[L],#a2[L],(#a.d1.g1.a2)[M],a2[L],g2[M],(#a.d1.g1)[K],(#a.d1.g1.#a1)[L],f2[L],(#a.#d1.g1.f2)[L],f2[L],(#a.#d1.g1.g2)[M],f2[L],d2[M],(#a.#d1.g1)[K],(#a.#d1.g1.c2)[L],#a1[L],(#a.d1.f1.#a1)[L],#a1[L],(#a.d1.f1.d2)[M],f2[LM],(#a.d1.f1)[K],(#a.d1.f1.f2)[L],f2[K],g2[K],#a2[K],g2[L],#a2[L],(G-1.g.g2)[LM],(#a.d1.g1.d2)[LM],(#a.d1.g1.f2)[L],(G-1.g.d3)[MN],c3[N],d3[M],(#a.d1.g1)[N],c3[N],d3[L],(#a.d1.g1.#a2)[L],(#D-1.#d.g2)[LM],(#a.#d1.g1.#d2)[LM],(#a.#d1.g1.f2)[L],(#D-1.#d.#d3)[MN],d3[N],#d3[M],(#a.#d1.g1)[N],d3[N],c3[L],(#a.#d1.g1.#a2)[L],(#A-2.#A-1.f2)[LM],(#a.d1.f1.d2)[LM],(#a.d1.f1.f2)[L],(#A-2.#A-1.d3)[MN],c3[N],d3[M],(#a.d1.f1)[N],c3[N],d3[L],(#a.d1.f1.#a2)[L],(F-1.f.f2)[LM],(a.c1.f1.d2)[LM],(a.c1.f1.f2)[L],(F-1.f.#a2)[MN],a2[N],#a2[M],(a.c1.f1)[N],a2[N],#a2[L],(a.c1.f1.a2)[L],(G-1.g.#a2)[LM],(#a.d1.g1.a2)[LM],(#a.d1.g1.d2)[L],(G-1.g.d3)[MN],c3[N],d3[M],(#a.d1.g1)[N],c3[N],g2[M],a2[M],(#a.d1.g1.#a2)[L],(#D-1.#d.#d3)[LM],(#a.#d1.g1.d3)[LM],(#a.#d1.g1.#a2)[L],(#D-1.#d.#d3)[MN],d3[N],#d3[M],(#a.#d1.g1)[N],d3[N],c3[L],(#a.#d1.g1.d3)[L],(#A-2.#A-1.f2)[LM],"]},{"id":2,"baseBeats":0.25,"scores":["UV,U,VW,VW,5<V>,U,U,UV,V,U,U,UV,V,U,U,UV,UV,U,V,5<V>,V,5<V>,U,U,U,U,U,U,U,U,U,U,U,U,U,U,U,U,U,U,U,U,U,U,U,V,V,V,V,U,U,U,U,U,U,U,U,U,U,U,U,U,U,U,U,U,U,U,U,U,U,U,U,U,U,U,U,U,U,V,V,V,V,U,U,U,U,U,U,U,U,V,V,S,V,V,U,U,V,V,S,U,U,U,V,V,T,UV,V,V,V,V,V,U,V,V,S,T,T,U,U,U,V,U,V,T,U,U,U,U,V,U,V,T,U,U,U,U,V,UV,T,U,U,U,U,V,UV,T,U,U,U,U,V,U,V,T,U,U,U,U,V,U,V,T,U,U,U,U,V,UV,T,U,T,T,","(#a.d1.f1.d2)[LM],(#a.d1.f1.f2)[L],(#A-2.#A-1.d3)[MN],c3[N],d3[M],(#a.d1.f1)[N],c3[N],d3[L],(#a.d1.f1.c3)[L],(F-1.f.f2)[LM],(a.c1.f1)[M],g2[L],(a.c1.f1)[L],(F-1.f.#a2)[LM],(a.c1.f1)[M],g2[L],(a.c1.f1.#a2)[L],(#a1.g2)[LM],a1[LM],d1[L],g1[MN],d1[N],g1[MN],d1[N],a1[L],#a1[L],(g.g1.g2)[L],d1[L],(#a.g1)[L],d1[L],(g.g1.f2)[L],d1[L],(#a.g1)[L],d1[L],(#d.#d1.#d2)[L],#a[L],(g.#d1)[L],#a[L],(#d.#d1.#a1)[L],#a[L],(g.#d1)[L],#a[L],(#A-1.#a.d2)[L],f[L],(d.#a)[L],f[L],(#A-1.#a)[L],f[M],d2[M],(d.#a.d2)[M],c2[M],(f.c2)[L],(d.d1)[L],a[L],(#f.d1)[L],a[L],(d.d1)[L],a[L],(#f.d1.d2)[L],(a.f2)[L],(g.g1.g2)[L],d1[L],(#a.g1)[L],d1[L],(g.g1.f2)[L],d1[L],(#a.g1)[L],d1[L],(#d.#d1.#d2)[L],#a[L],(g.#d1)[L],#a[L],(#d.#d1.#a1)[L],#a[L],(g.#d1)[L],#a[L],(#A-1.#a.d2)[L],f[L],(d.#a)[L],f[L],(#A-1.#a)[L],(f.c2)[M],d2[M],(d.#a.d2)[M],c2[M],(f.c2)[L],(d.d1)[L],a[L],(#f.d1)[L],a[L],(d.d1.f2)[L],(a.d2)[L],(#f.d1.g2)[L],(a.a2)[M],g2[M],(#a.d1.g1.g2)[J],f2[M],g2[M],d2[L],g2[L],d3[M],g2[M],(#a.#d1.g1.g2)[J],f2[L],d2[L],g2[L],a2[M],g2[M],(#a.d1.f1.#a2)[K],f2[LM],d2[M],a2[M],#a2[M],d2[M],f2[M],#a2[L],#a2[M],c3[M],(a.c1.f1.a2)[J],g2[K],a2[K],#a2[L],(#a.d1.g1.#a2)[L],#a2[L],(#a.d1.g1.a2)[M],a2[L],g2[M],(#a.d1.g1)[K],(#a.d1.g1.#a1)[L],f2[L],(#a.#d1.g1.f2)[L],f2[L],(#a.#d1.g1.g2)[M],f2[L],d2[M],(#a.#d1.g1)[K],(#a.#d1.g1.c2)[L],#a1[L],(#a.d1.f1.#a1)[L],#a1[L],(#a.d1.f1.d2)[M],f2[LM],(#a.d1.f1)[K],(#a.d1.f1.#a1)[L],a1[L],(a.d1.f1.a1)[L],a1[L],(a.d1.f1.d2)[M],f2[LM],(a.d1.f1)[K],(a.d1.f1)[L],#a2[L],(#a.d1.g1.#a2)[L],#a2[L],(#a.d1.g1.a2)[M],a2[L],g2[M],(#a.d1.g1)[K],(#a.d1.g1.#a1)[L],f2[L],(#a.#d1.g1.f2)[L],f2[L],(#a.#d1.g1.g2)[M],f2[L],d2[M],(#a.#d1.g1)[K],(#a.#d1.g1.c2)[L],#a1[L],(#a.d1.f1.#a1)[L],#a1[L],(#a.d1.f1.d2)[M],f2[LM],(#a.d1.f1)[K],(#a.d1.f1.f2)[L],f2[K],g2[K],"]},{"id":3,"baseBeats":0.25,"scores":["mute[K],mute[L],mute[L],mute[LM],mute[LM],mute[L],mute[MN],mute[MN],5<V>,mute[L],mute[L],mute[LM],mute[LM],mute[L],mute[MN],mute[MN],5<V>,mute[L],mute[L],mute[LM],mute[LM],mute[L],mute[MN],mute[MN],5<V>,mute[L],mute[L],mute[LM],mute[LM],mute[L],mute[MN],mute[MN],5<V>,mute[L],mute[L],mute[LM],mute[LM],mute[L],mute[MN],mute[MN],5<V>,mute[M],mute[M],mute[L],mute[LM],mute[LM],mute[L],mute[MN],mute[MN],5<V>,mute[L],mute[L],mute[LM],mute[LM],mute[L],mute[MN],mute[MN],5<V>,mute[L],mute[L],mute[LM],mute[M],mute[L],mute[L],mute[LM],mute[M],mute[L],mute[L],mute[LM],mute[LM],mute[L],mute[M],5<V>,mute[M],5<V>,mute[L],mute[L],mute[LM],mute[LM],mute[L],mute[MN],mute[MN],5<V>,mute[L],mute[L],mute[LM],mute[LM],mute[L],mute[MN],mute[MN],5<V>,mute[L],mute[L],mute[LM],mute[LM],mute[L],mute[MN],mute[MN],5<V>,mute[L],mute[L],mute[LM],mute[LM],mute[L],mute[MN],mute[MN],5<V>,mute[M],mute[M],mute[L],mute[LM],mute[LM],mute[L],mute[MN],mute[MN],5<V>,mute[L],mute[L],mute[LM],mute[LM],mute[L],mute[MN],mute[MN],5<V>,mute[L],mute[L],mute[LM],mute[M],mute[L],mute[L],mute[LM],mute[M],mute[L],mute[L],mute[IK],","#a2[K],g2[L],#a2[L],(G-1.g.g2)[LM],(#a.d1.g1.d2)[LM],(#a.d1.g1.f2)[L],(G-1.g.d3)[MN],c3[N],d3[M],(#a.d1.g1)[N],c3[N],d3[L],(#a.d1.g1.#a2)[L],(#D-1.#d.g2)[LM],(#a.#d1.g1.#d2)[LM],(#a.#d1.g1.f2)[L],(#D-1.#d.#d3)[MN],d3[N],#d3[M],(#a.#d1.g1)[N],d3[N],c3[L],(#a.#d1.g1.#a2)[L],(#A-2.#A-1.f2)[LM],(#a.d1.f1.d2)[LM],(#a.d1.f1.f2)[L],(#A-2.#A-1.d3)[MN],c3[N],d3[M],(#a.d1.f1)[N],c3[N],d3[L],(#a.d1.f1.#a2)[L],(F-1.f.f2)[LM],(a.c1.f1.d2)[LM],(a.c1.f1.f2)[L],(F-1.f.#a2)[MN],a2[N],#a2[M],(a.c1.f1)[N],a2[N],#a2[L],(a.c1.f1.a2)[L],(G-1.g.#a2)[LM],(#a.d1.g1.a2)[LM],(#a.d1.g1.d2)[L],(G-1.g.d3)[MN],c3[N],d3[M],(#a.d1.g1)[N],c3[N],g2[M],a2[M],(#a.d1.g1.#a2)[L],(#D-1.#d.#d3)[LM],(#a.#d1.g1.d3)[LM],(#a.#d1.g1.#a2)[L],(#D-1.#d.#d3)[MN],d3[N],#d3[M],(#a.#d1.g1)[N],d3[N],c3[L],(#a.#d1.g1.d3)[L],(#A-2.#A-1.f2)[LM],(#a.d1.f1.d2)[LM],(#a.d1.f1.f2)[L],(#A-2.#A-1.d3)[MN],c3[N],d3[M],(#a.d1.f1)[N],c3[N],d3[L],(#a.d1.f1.c3)[L],(F-1.f.f2)[LM],(a.c1.f1)[M],g2[L],(a.c1.f1)[L],(F-1.f.#a2)[LM],(a.c1.f1)[M],g2[L],(a.c1.f1.#a2)[L],(g2.#a2)[LM],a2[LM],d2[L],g2[MN],d2[N],g2[MN],d2[N],a2[L],#a2[L],(#D-1.#d.#d3)[LM],(#a.#d1.g1.d3)[LM],(#a.#d1.g1.#a2)[L],(#D-1.#d.#d3)[MN],d3[N],#d3[M],(#a.#d1.g1)[N],d3[N],c3[L],(#a.#d1.g1.d3)[L],(#A-2.#A-1.f2)[LM],(#a.d1.f1.d2)[LM],(#a.d1.f1.f2)[L],(#A-2.#A-1.d3)[MN],c3[N],d3[M],(#a.d1.f1)[N],c3[N],d3[L],(#a.d1.f1.#a2)[L],(F-1.f.f2)[LM],(a.c1.f1.#a2)[LM],(a.c1.f1.c3)[L],(F-1.f.c3)[MN],#a2[N],c3[M],(a.c1.f1)[N],#a2[N],a2[L],(a.c1.f1.f2)[L],(G-1.g.#a2)[LM],(#a.d1.g1.a2)[LM],(#a.d1.g1.d2)[L],(G-1.g.d3)[MN],c3[N],d3[M],(#a.d1.g1)[N],c3[N],g2[M],a2[M],(#a.d1.g1.#a2)[L],(#D-1.#d.#d3)[LM],(#a.#d1.g1.d3)[LM],(#a.#d1.g1.#a2)[L],(#D-1.#d.#d3)[MN],d3[N],#d3[M],(#a.#d1.g1)[N],d3[N],c3[L],(#a.#d1.g1.d3)[L],(#A-2.#A-1.f2)[LM],(#a.d1.f1.d2)[LM],(#a.d1.f1.f2)[L],(#A-2.#A-1.d3)[MN],c3[N],d3[M],(#a.d1.f1)[N],c3[N],d3[L],(#a.d1.f1.c3)[L],(F-1.f.f2)[LM],(a.c1.f1)[M],g2[L],(a.c1.f1)[L],(F-1.f.#a2)[LM],(a.c1.f1)[M],g2[L],(a.c1.f1.#a2)[L],g2[IK];"]}]}