{"baseBpm":80,"musics":[{"bpm":80,"baseBeats":0.25,"scores":["a[LM],#a[M],c1[L],U,UV,#a[M],(e.c1)[L],U;U,d1[M],e1[M],(a.f1)[L],U,e1[LM],f1[M],(a.c1)[L],U;U,c1[L],(f.d1)[L],U,(f.d1)[L],c1[M],#a[M],(f.c1)[L],U;f[K],(d.#a)[L],U,V,d[M],f[M],a[M],(e.g)[L],U;a[LM],#a[M],c1[L],U,V,#a[L],(g.c1)[L],V,(e.g)[L];c1[L],d1[M],e1[M],(a.f1)[L],V,(g.e1)[M],V,(a.f1)[L],V,(a.c1.f1.a1)[L],U;U,c1[L],(a.d1.f1)[L],e1[M],f1[M],V,#a1[M],d2[L],(f1.c2)[L],a1[M],(d1.f1)[M];V,d1[M],e1[M],f1[M],(#a.d1.a1)[L],g1[L],g1[M],f1[L],V,(c1.d1.g1)[LM],e1[M];V,f1[M],e1[M],f1[M],e1[M],V,V,f1[M],V,e1[M],f1[M],e1[M],V,V,f1[M],#a1[M];V,a1[M],g1[M],f1[M],V,V,e1[M],V,f1[L],a1[L],(d1.f1.a1.d2)[K];(d2.f2.a2.d3)[M],d1[M],e1[M],d1[M],(#a.d1.f1)[L],#a[M],(d1.a1)[M],V,d1[M],e1[M],f1[M],(#a.d1.a1)[L],g1[L];g1[M],f1[L],V,","T,F-1[L],c[L],a[K],E-1[L],c[L];g[K],D-1[L],A-1[L],f[L],A-1[L],C-1[L],A-1[L];c[K],#A-2[L],F-1[L],d[K],A-2[L],F-1[L];A-1[K],G-2[L],D-1[L],#A-1[K],C-1[L],G-1[L];e[L],c[L],F-1[L],(c.f)[L],a[L],c[L],E-1[L],c[L];g[L],c[L],D-1[L],A-1[L],f[L],D-1[M],A-1[M],C-1[L],A-1[L];c[L],A-1[L],(#A-2.#A-1)[K],(C-1.c)[K],(A-2.A-1)[K];(D-1.d)[K],G-1[L],d[L],g[L],G-1[M],d[M],c[K];#C-1[K],D-1[M],A-1[M],d[L],f[K],#C-1[M],A-1[M],#c[L];a[K],C-1[M],A-1[M],c[M],e[M],a[L],c[L],B-1[K];(f.a.d1)[K],G-1[K],#a[M],G-1[L],G-1[M],c[LM],e[M];U,(C-1.c)[L],"],"id":1,"instruments":["piano","piano"],"alternatives":["",""]},{"bpm":82,"baseBeats":0.25,"scores":["(#a.d1.f1)[LM],(a.c1.f1)[M],V,a[M],#a[M],c1[M],(#g.c1.#d1)[K],(#a.d1.f1)[L],a1[M],#a1[M];(f1.a1.c2)[L],c1[L],(f1.a1)[M],#a1[L],(e1.c2)[M],U,c1[L],(e1.c2)[L],(f1.d2)[M],(g1.e2)[M];(a1.f2)[L],(a1.f2)[M],(g1.e2)[L],(a1.f2)[L],(f1.c2)[M],U,c1[L],f1[L],a1[M],c2[M];(f1.d2)[L],d1[L],(f1.d2)[L],(f1.c2)[M],(f1.#a1)[M],(f1.c2)[L],a1[M],f1[L],d1[M],f1[M],g1[M];(#a.a1)[L],g1[L],d1[M],a1[L],(c1.d1.g1)[M],U,g[L],5<a[N],#a[N]>,5<c1[N],d1[N]>,5<e1[N],f1[N]>,g1[M];(f1.a1)[L],#a1[L],(f1.a1)[M],#a1[L],(e1.c2)[M],U,g1[L],(e1.c2)[L],(f1.d2)[M],(g1.e2)[M];(a1.g2)[L],(a1.f2)[M],(a1.e2)[M],V,(a1.f2)[L],V,(c2.f2.c3)[L],V,V,V,c1[M],f1[M],a1[M];(f1.c2)[L],V,(f1.d2)[M],V,(f1.d2)[M],(f1.e2)[M],(f1.f2)[M],(f1.c2)[L],V,f1[M],V,d1[M],e1[M],f1[M];(#a.d1.a1)[L],g1[L],g1[M],f1[L],(c1.d1.g1)[M],U,c1[L],(a1.a2)[M],(g1.g2)[M],(f1.f2)[M],(e1.e2)[M];","F-1[K],F-1[M],F-2[L],F-2[M],(#A-2.#A-1)[K],(C-1.c)[K];F-1[K],a[L],F-1[L],(E-1.e)[LM],g[M],U,E-1[L];D-1[K],f[L],D-1[M],A-1[M],C-1[LM],c[M],U,a[L];#A-1[LM],d1[M],U,#A-1[L],A-1[LM],f[M],U,A-1[M],f[M];G-1[LM],d[M],#a[L],G-1[M],d[M],c[LM],C-1[M],U,C-1[L];F-1[L],c[L],a[L],F-1[M],c[M],E-1[LM],c[M],g[L],c[M],E-1[M];D-1[L],A-1[L],f[L],a[L],C-1[L],A-1[M],c[M],f[M],a[L],c[M];#A-1[L],f[L],d1[L],f[L],A-1[L],f[L],c1[L],f[L];G-1[L],d[M],a[M],#a[L],G-1[M],d[M],c[LM],C-1[M],U,(#C-1.#c)[L];"],"id":2,"instruments":["piano","piano"],"alternatives":["",""]},{"bpm":84,"baseBeats":0.25,"scores":["(e1.e2)[M],V,V,(f1.f2)[M],V,(f1.f2)[M],(e1.e2)[M],(f1.f2)[M],(e1.e2)[M],V,(f1.f2)[M],(e2.e3)[M],V,(f1.f2)[M],(e1.e2)[M],(f1.f2)[M];(f1.f2)[M],V,(e1.e2)[M],V,(f1.f2)[L],(a1.a2)[M],V,(d2.f2.a2.d3)[LM],(e1.f1.a1.d2)[M],V,d1[M],e1[M],d1[M];(#a.d1.f1)[L],g1[M],a1[M],V,d1[M],e1[M],d1[M],(#a.d1.f1)[L],g1[L],d1[M],e1[L],(#a.d1.f1)[M];UV,(a.c1.f1)[LM],(#a.f1)[M],f1[LM],f2[L],f2[L],g2[L];a2[L],U,U,U,g2[L],U,U,f2[M],e2[M];f2[L],U,U,U,U,c2[L],f2[L],a2[L];(#a1.f2.a2.c3)[L],U,V,#a2[L],a2[M],#a2[L],c3[L],d3[L],e3[L];a2[L],U,U,U,U,f2[L],a2[L],c3[L];(f2.a2.e3)[L],U,(f2.a2.e3)[L],f3[L],(f2.a2.c3)[L],f2[L],a2[L],c3[L];(f2.a2.e3)[LM],e3[M],V,d3[L],V,c3[L],c2[L],f2[L],a2[L];(#a1.d2.a2)[L],(#a1.d2.g2)[K],(#a1.d2)[L],(g1.#a1.f2)[K],e2[K];(f1.f2)[K],","D-1[M],A-1[M],d[L],(f.a)[L],d[M],A-1[M],#C-1[M],A-1[M],#c[L],(e.a)[L],#c[M],A-1[M];C-1[M],A-1[M],c[M],e[M],a[L],c[M],A-1[M],(B-2.B-1)[K],(f.a.d1)[L],B-1[M],B-2[M];G-1[LM],d[M],#a[M],G-1[L],G-1[M],(C-1.c)[LM],e[M],U,C-1[L];F-1[LM],U,F-1[L],V,#d[LM],f[M],d1[K];#a[L],f1[L],a1[L],f1[L],c1[L],g1[L],#a1[L],c1[L];d1[L],a1[L],d2[L],e2[L],f2[J];g[L],d1[L],#a1[K],c1[L],g1[L],e2[K];f[L],c1[L],g1[L],a1[L],c2[K],g1[L],f[L];#a[L],f1[L],c2[K],a[L],f1[L],a1[L],f1[L];#a[L],f1[L],a1[L],f1[L],a[L],f1[L],a1[L],f1[L];g[L],d1[L],#a1[K],c1[K],c[K];(F-1.f)[K],"],"id":3,"instruments":["piano","piano"],"alternatives":["",""]}],"audition":{"start":[1,8],"end":[1,97]}}