{"baseBpm":180,"musics":[{"id":1,"baseBeats":0.25,"scores":["g[L],G-1[L],g[M],g[M],G-1[L],g[L],G-1[L],g[M],g[M],G-1[L],g[L],G-1[L],g[M],g[M],G-1[L],g[L],G-1[L],g[M],g[M],G-1[L],g[L],G-1[L],g[M],g[M],G-1[L],g[L],G-1[L],g[M],g[M],G-1[L],g[L],G-1[L],g[M],g[M],G-1[L],g[L],G-1[L],g[M],g[M],G-1[L],"]},{"id":2,"baseBeats":0.25,"scores":["c2[M],c2[M],g1[M],c2[M],e2[M],c2[M],e2[M],g2[M],c2[M],c3[M],b2[M],a2[M],g2[KM];g3[M],f3[M],d3[M],b2[M],g2[M],b2[M],d3[M],f3[M],e3[M],c3[M];a3[M],g3[K],c2[M],c2[M],g1[M],c2[M],e2[M],c2[M],e2[M],g2[M],c2[M],c3[M],b2[M],a2[M],g2[KM];g3[M],f3[M],d3[M],b2[M],g2[M],b2[M],d3[M],b2[M],c3[M],g2[M];e3[M],c3[KM]","g[M],c[M],g[M],(c1.e1)[M],(c1.e1)[M],g[M],g[M],(c1.e1)[M],c[M],F-1[M],f[M],(a.c1)[M],g[M],c[M],g[M],(c1.e1)[M],d[M];G-1[M],g[M],(b.d1.f1)[M],(b.d1.f1)[M],g[M],g[M],(b.d1.f1)[M],g[M],c[M],g[M];(c1.e1)[M],(c1.e1)[M],g[M],g[M],(c1.e1)[M],g[M],c[M],g[M],(c1.e1)[M],(c1.e1)[M],g[M],g[M],(c1.e1)[M],c[M],F-1[M],f[M],(a.c1)[M],g[M],c[M],g[M],(c1.e1)[M],d[M];G-1[M],g[M],(b.d1.f1)[M],(b.d1.f1)[M],g[M],g[M],(b.d1.f1)[M],g[M],c[M],g[M];(c1.e1)[M],(c1.e1)[M],g[M],(g.f2)[M],(c1.e1.f2)[M],(g.f2)[M],"]},{"id":3,"baseBeats":0.25,"scores":["5<(F-2.F-1.f2.f1)[N],(f2.f1)[N]>,5<(#G-1.c.f1.f2)[N],(f1.f2)[N]>,5<(C-1.f1.f2)[N],(f1.f2)[N]>,5<(f2.f1.#G-1.c)[N],(f1.f2)[N]>,5<(f3.f1.f2.F-1)[O],f3[O],(f2.f1.f3)[O],f3[O]>,5<(f3.f1.f2.#G-1.c)[O],f3[O],(f1.f2.f3)[O],f3[O]>,5<(f3.f1.f2.C-1)[O],f3[O],(f2.f1.f3)[O],f3[O]>,5<(#G-1.c.f2.f1.f3)[O],f3[O],(f3.f2.f1)[O],f3[O]>,5<(f3.f4.f1.f2.F-1)[O],(f4.f3)[O],(f3.f4.f2.f1)[O],(f3.f4)[O]>,5<(f3.f4.f1.f2.c.#G-1)[O],(f3.f4)[O],(f1.f2.f4.f3)[O],(f4.f3)[O]>,5<(C-1.f1.f2.f4.f3)[O],(f4.f3)[O],(f2.f1.f4.f3)[O],(f4.f3)[O]>,5<(#G-1.c.f1.f2.f4.f3)[O],(f3.f4)[O],(f3.f4.f2.f1)[O],(f4.f3)[O]>,(f1.f2.F-1)[M],5<(#G-1.c)[N],(g2.g1)[N]>,(#g1.#g2.C-1)[M],(#G-1.c)[M],(G-1.#a2.#a1)[M],5<(c.#A-1)[N],(#a2.#a1)[N]>,(#a1.#a2.C-1)[M],5<(c2.c3.#A-1.c)[N],(#a2.#a1)[N]>,(#g1.#g2.F-1)[M],5<(c.#G-1)[N],(#g1.#g2)[N]>,(#g1.#g2.C-1)[M],5<(#a1.#a2.#G-1.c)[N],(#g2.#g1)[N]>,(G-1.g2.g1)[M],5<(d.B-1)[N],(g2.g1)[N]>,(D-1.d2.d1)[M],(d.B-1.f2.f1)[M],(c.e.e2.e1)[M],V,(c1.c2.C-2.C-1)[KP],e1[MO],#f1[MO],g1[MO],g1[MO],a1[MO],b1[MO],b1[MO],c2[MO],d2[MO],d2[MO],c2[MO],b1[MO],b1[MO],a1[MO],g1[MO],g1[MO],#f1[MO],e1[MO],e1[MO],#f1[MO],g1[MO],(#f1.b)[MO],#d1[MO],b[MO],e1[MO],#f1[MO],g1[MO],g1[MO],a1[MO],b1[MO],b1[MO],c2[MO],d2[MO],d2[MO],c2[MO],b1[MO],b1[MO],a1[MO],g1[MO],g1[MO],#f1[MO],e1[MO],e1[MO],#f1[MO],g1[MO],(#f1.b)[KP],(e.g.b.e1)[MO],(#d1.#f1)[MO],(e1.g1)[MO],(b1.d2)[MO],(#f1.a1)[MO],(g1.b1)[MO],(b1.g1)[MO],(a1.c2)[MO],(b1.d2)[MO],(d2.b1)[MO],(a1.c2)[MO],(b1.g1)[MO],(b1.g1)[MO],(#f1.a1)[MO],(e1.g1)[MO],(e1.g1)[MO],(#f1.#d1)[MO],(e1.g1)[MO],(e1.g)[MO],(b.#f1)[MO],(e1.g1)[MO],(b.#f1)[MO],#d1[MO],b[MO],(e.g.b.e1)[MO],(#d1.#f1)[MO],(e1.g1)[MO],(e1.g1)[MO],(#f1.a1)[MO],(g1.b1)[MO],(b1.g1)[MO],(a1.c2)[MO],(b1.d2)[MO],(d2.b1)[MO],(a1.c2)[MO],(b1.g1)[MO],(b1.g1)[MO],(#f1.a1)[MO],(e1.g1)[MO],(e1.g1)[MO],(#f1.#d1)[MO],(e1.g1)[MO],(e1.g)[MO],(b.#f1)[MO],(e1.g1)[MO],(b.#f1)[KP],"]},{"id":4,"baseBeats":0.25,"scores":["(B-1.b1.B-2.b)[M],(B-1.b1.C-1.c1)[M],(B-1.b1.#C-1.c1)[M],(D-1.d1.B-1.b1)[M],(B-1.b1.#D-1.#d1)[M],(E-1.e1.B-1.b1)[M],(F-1.f1.B-1.b1)[M],(#F-1.#f1.B-1.b1)[M],(g1.G-1.b1.B-1)[M],(#G-1.#g1.B-1.b1)[M],(A-1.B-1.a1.b1)[M],(#A-1.#a1.B-1.b1)[M],(B-1.b1)[M],(B-1.c.b1.c2)[M],(B-1.b1.#c.#c2)[M],(B-1.b1.d.d2)[M],(B-1.b1.#d2.#d)[M],(B-1.b1.e2.e)[M],(B-1.b1.f.f2)[M],(#f.#f2.B-1.b)[M],(g2.g.B-1.b1)[M],(#g2.#g.B-1.b1)[M],(a2.a.B-1.b1)[M],(#a.#a2.B-1.b1)[M],(B-1.b.b1.b2)[M],(#A-1.#a.c2.c3)[M],(A-1.a.#c2.#c3)[M],(d2.d3.#G-1.#g)[M],(#d2.#d3.G-1.g)[M],(#F-1.#f.e2.e3)[M],(f2.f3.f.F-1)[M],(E-1.e.#f2.#f3)[M],(g2.g3.#D-1.#d)[M],(#g2.#g3.d.D-1)[M],(#c.#C-1.a2.a3)[M],(C-1.c.#a2.#a3)[M],(B-2.B-1.b3.b2)[M],V,8<(G-2.B-2.D-1.G-1.d3.b3~#c4~d4)[MP]>,V,8<(B-2.B-1.#F-1.#D-1.#d3.b3~#c4~#d4)[MP]>,V,8<(G-2.B-2.D-1.G-1.d3.b3~#c4~d4)[MP]>,V,8<(B-2.B-1.#F-1.#D-1.#d3.b3~#c4~#d4)[MP]>,V,8<(G-2.B-2.D-1.G-1.d3.b3~#c4~d4)[MP]>,V,8<(B-2.B-1.#F-1.#D-1.#d3.b3~#c4~#d4)[MP]>,V,8<(G-2.B-2.D-1.G-1.d3.b3~#c4~d4)[MP]>,V,(B-2.B-1.#F-1.#D-1.#d3.b3.#d4)[M],UV,(E-1.G-1.e.c.e3.g2.c4.e4)[M],UV,(#F-1.#A-1.#f.#c.#f2.#a2.e3.#f3)[KLMP],"]},{"id":5,"baseBeats":0.25,"scores":["(A-2.e1)[L],(a1.A-1)[L],(c2.C-1)[L],(e2.c)[L],(B-2.#d2)[L],B-1[L],(#F-2.b1)[L];(#F-1.#d2)[L],(d2.F-2)[L],F-1[L],(D-2.#a1)[L],(d2.D-1)[L],(A-2.c2)[L],G-2[L],(F-2.a1)[L],E-2[L],(D-2.f1)[L],(D-1.a1)[L],(F-2.d1)[L],(f1.F-1)[L],(e1.A-2)[L];(A-1.a1)[L],(E-2.c1)[L],(e1.E-1)[L],(B-2.#d1)[L],(B-1.b)[L],(#c1.#F-2)[L],(#F-1.#d1)[L],(E-1.e1)[L],D-1[L],(C-1.e2.#g1)[L];B-2[L],(A-2.e1.e2)[L],(a1.a2.A-1)[L],(c2.c3.C-1)[L],(e2.c.e3)[L],(B-2.#d3.#d2)[L],B-1[L],"]},{"id":6,"baseBeats":0.25,"scores":["(#F-2.b1.b2)[L],(#F-1.#d2.#d3)[L],(d2.d3.F-2)[L],F-1[L],(D-2.#a1.#a2)[L],(d2.d3.D-1)[L],(A-2.c3.A-1.c2)[L],(G-1.G-2)[L],(F-2.a1.F-1.a2)[L],(E-1.E-2)[L],(D-2.D-1.f1)[M],a[M],d1[M],f1[M],a1[M],d1[M],f1[M],a1[M],d2[M],f1[M],a1[M],d2[M],(D-2.D-1.f2)[K],(E-2.E-1.e1)[M],#g[M],b[M],e1[M],#g1[M],b[M],e1[M],#g1[M],b1[M],e1[M],#g1[M],b1[M],(E-2.E-1.e2)[K],(d.a2.a1)[L],(a.f.d2.d3)[L],(A-1.f3.f2)[L],(f.a.a2.a3)[L],(#g2.#g3.e)[L],(#g.b)[L],(B-1.a2.a3)[L],(#g.b.b3.b2)[L],(a.A-1.a2.a3)[M],UV,(E-1.e.e3.#g3.d4.e4)[M],UV,(A-2.A-1.a3.c4.e4.a4)[J];"]}]}