{"baseBpm":50,"musics":[{"id":1,"baseBeats":0.25,"scores":["(e2.b1)[L],(#g1.e1)[M],(a1.#f1)[M],(#g1.b1)[M],(a1.#f1)[M],(b1.#g1)[M],(a1.#f1)[M],(e1.#g1)[M],(a1.#f1)[M],(#g1.e1)[M],(a1.#f1)[M],(#g1.b1)[M],(#f1.a1)[M],(#g1.b1)[M],(#f1.a1)[M];(#g1.e1)[M],(a1.#f1)[M],(e1.#g1)[M],(#f1.a1)[M],(#g1.b1)[M],(#f1.a1)[M],(b1.#g1)[M],(a1.#f1)[M],(#g1.e1)[M],(#f1.a1)[M],(#g1.e1)[M],(#f1.a1)[M],(b1.#g1)[M],(a1.#c2)[M],(b1.#g1)[M],(#c2.a1)[M];(#d2.b1)[M],(e2.#c2)[M],(b1.#d2)[M],(e2.#c2)[M],(#d2.#f2)[M],(#c2.e2)[M],(#f2.#d2)[M],(#c2.e2)[M],(b1.#d2)[M],(e2.#c2)[M],(b1.#d2)[M],(e2.#c2)[M],(#d2.#f2)[M],(e2.#c2)[M],(#d2.#f2)[M],(#c2.e2)[M];(b1.#d2)[M],(#c2.e2)[M],(b1.#d2)[M],(e2.#c2)[M],(#f2.#d2)[M],(#g2.e2)[M],(#d2.#f2)[M],(#g2.e2)[M],(a2.#f2)[M],(e2.#g2)[M],(#f2.a2)[M],(#g2.e2)[M],(#d2.#f2)[M],(#f2.a2)[M],(#g2.e2)[M],(#f2.#d2)[M];(#g2.e2)[L],(#d2.#f2)[M],(e2.#c2)[M],(b1.#d2)[M],(#c2.a1)[M],(#g1.b1)[M],(a1.#f1)[M],(#g1.e1)[M],(a1.#f1)[M],(e1.#g1)[M],(#f1.a1)[M],(#g1.b1)[M],(#f1.a1)[M],(b1.#g1)[M],(a1.#f1)[M];(#g1.e1)[M],(a1.#f1)[M],(e1.#g1)[M],(#f1.a1)[M],(#g1.b1)[M],(#f1.a1)[M],(b1.#g1)[M],(a1.#f1)[M],(#g1.e1)[M],(a1.#f1)[M],(e1.#g1)[M],(#f1.a1)[M],(#g1.b1)[M],(#f1.a1)[M],(b1.#g1)[M],(a1.#f1)[M];(e.b)[M],B-1[M],e[M],B-1[M],e[M],B-1[M],e[M],B-1[M],#d[M],B-1[M],#d[M],B-1[M],#d[M],B-1[M],#d[M],B-1[M];e[M],B-1[M],e[M],B-1[M],e[M],B-1[M],e[M],B-1[M],#f[M],B-1[M],#f[M],B-1[M],#f[M],B-1[M],#f[M],B-1[M];e[M],B-1[M],e[M],B-1[M],e[M],B-1[M],e[M],B-1[M],#d[M],B-1[M],#d[M],B-1[M],#d[M],B-1[M],#d[M],B-1[M];e[M],B-1[M],e[M],B-1[M],e[M],B-1[M],e[M],B-1[M],(#d2.#f2)[K],U,(#d2.b1)[L];(#f2.#d2.b1)[L],(#c2.e2)[M],(b1.#d2)[M],(#c2.e2)[L],(#f2.#d2)[L],(#g2.e2)[L],(#d2.#f2)[K],(#d2.b1.#f1)[L];(#f2.#d2.b1)[L],(#c2.e2)[M],(b1.#d2)[M],(#c2.e2)[L],(#f2.#d2)[L],(#g2.e2)[L],(#d2.#f2)[K],(#d2.b1.#f1)[L];(#g2.e2)[L],(#d2.#f2)[K],(#c2.#a1.e2)[L],(b1.#d2.#f1)[L],#c2[M],b1[M],5<(#a1.#c2)[N],#d2[N]>,5<#c2[N],#d2[N]>,5<#c2[N],#d2[N]>,5<#c2[N],#d2[N]>;(#d1.b1)[M],b[M],b[M],b[M],b[M],b[M],b[M],b[M],b[M],b[M],b[M],b[M],b[M],b[M],b[M],b[M];5<b1[N],#c2[N]>,5<#d2[N],e2[N]>,5<#f2[N],#g2[N]>,5<#a2[N],b2[N]>,U,U,5<b1[N],#c2[N]>,5<#d2[N],e2[N]>,5<#f2[N],#g2[N]>,5<#a2[N],b2[N]>,U,U;b[M],b[M],b[M],b[M],b[M],b[M],b[M],b[M],a[M],a[M],a[M],a[M],a[M],a[M],a[M],a[M];(b2~#g2~b2)[L],(e3~b2~e3)[L],(b2~#g2~b2)[L],(e3~b2~e3)[L],(b2~#g2~b2)[L],(d3~b2~d3)[L],(b2~#g2~b2)[L],(d3~b2~d3)[L];#c3[K],T,(#c3~#a2~#c3)[L],(#f3~#c3~#f3)[L],(#c3~#a2~#c3)[L],(#f3~#c3~#f3)[L];(#c3~#a2~#c3)[L],(e3~#c3~e3)[L],(#c3~#a2~#c3)[L],(e3~#c3~e3)[L],#d3[K],T;(#d3~c3~#d3)[L],(#g3~#d3~#g3)[L],(#d3~c3~#d3)[L],(#g3~#d3~#g3)[L],(#d3~c3~#d3)[L],(#f3~#d3~#f3)[L],(#d3~c3~#d3)[L],(#f3~#d3~#f3)[L];e3[K],T,(e3~#c3~e3)[L],(#g3~e3~#g3)[L],(e3~#c3~e3)[L],(#g3~e3~#g3)[L];(#d3~b2~#d3)[L],(#g3~#d3~#g3)[L],(#d3~b2~#d3)[L],(#g3~#d3~#g3)[L],(#c3~a2~#c3)[L],(#f3~#c3~#f3)[L],(#c3~a2~#c3)[L],(#f3~#c3~#f3)[L];(b2~#g2~b2)[L],(e3~b2~e3)[L],(b2~#g2~b2)[L],(e3~b2~e3)[L],(a2~#f2~a2)[L],(#d3~a2~#d3)[L],(a2~#f2~a2)[L],(#d3~a2~#d3)[L];(#g2~e2~#g2)[L],(#c3~#g2~#c3)[L],(#g2~e2~#g2)[L],(#c3~#g2~#c3)[L],(#g2~#d2~#g2)[L],(#c3~#g2~#c3)[L],(#g2~#d2~#g2)[L],(#c3~#g2~#c3)[L];(#g2~#d2~#g2)[L],(c3~#g2~c3)[L],(#g2~#d2~#g2)[L],(c3~#g2~c3)[L],#c3[K],U,(#g1.#c2)[L];","e[L],(b.e)[L],(e.b)[L],(e.b)[L],(b.e)[L],(e.b)[L],(b.e)[L],(b.e)[L];(e.b)[L],(b.e)[L],(b.e)[L],(e.b)[L],(e.b)[L],(e.b)[L],(e.b)[L],(b.e)[L];(B-1.b)[L],(#f.B-1)[L],(B-1.#f)[L],(B-1.#f)[L],(B-1.#f)[L],(B-1.#f)[L],(#f.B-1)[L],(#f.B-1)[L];(#f.B-1)[L],(B-1.#f)[L],(B-1.#f)[L],(B-1.#f)[L],(#d.B-1)[L],(B-1.#d)[L],(B-1.#d)[L],(#d.B-1)[L];(e.b)[L],(e.b)[L],(e.b)[L],(e.b)[L],(e.b)[L],(e.b)[L],(e.b)[L],(e.b)[L];(e.b)[L],(e.b)[L],(e.b)[L],(e.b)[L],(e.b)[L],(e.b)[L],(e.b)[L],(e.b)[L];(e1.#g1)[K],U,(e2.#g2)[L],(a2.#f2)[J];(e2.#g2)[J],(#f2.#d2)[J];(e2.#g2)[J],(a2.#f2)[J];(e2.#g2)[J],(B-1.b)[K],U,B-1[L];(B-1.b)[K],(b.B-1)[K],(B-1.e)[L],b[L],B-1[K];(B-1.b)[K],(b.B-1)[K],(B-1.e)[L],b[L],B-1[K];(B-1.e)[L],b[L],B-1[L],#f[L],b[L],B-1[L],#f[L],#F-1[L];B-2[N],B-1[N],B-2[N],B-1[N],B-2[N],B-1[N],B-2[N],B-1[N],B-2[N],B-1[N],B-2[N],B-1[N],B-2[N],B-1[N],B-2[N],B-1[N],B-2[N],B-1[N],B-2[N],B-1[N],B-2[N],B-1[N],B-2[N],B-1[N],B-2[N],B-1[N],B-2[N],B-1[N],B-2[N],B-1[N],B-2[N],B-1[N];(B-1.b)[L],U,(B-1.B-2)[L],U,(B-1.b)[L],U,(B-1.B-2)[L],U;B-2[N],B-1[N],B-2[N],B-1[N],B-2[N],B-1[N],B-2[N],B-1[N],B-2[N],B-1[N],B-2[N],B-1[N],B-2[N],B-1[N],B-2[N],B-1[N],A-2[N],A-1[N],A-2[N],A-1[N],A-2[N],A-1[N],A-2[N],A-1[N],A-2[N],A-1[N],A-2[N],A-1[N],A-2[N],A-1[N],A-2[N],A-1[N];(#G-1.#G-2)[K],T,S;A-2[N],A-1[N],A-2[N],A-1[N],A-2[N],A-1[N],A-2[N],A-1[N],A-2[N],A-1[N],A-2[N],A-1[N],A-2[N],A-1[N],A-2[N],A-1[N],(#A-1.#A-2)[K],T;S,B-2[N],B-1[N],B-2[N],B-1[N],B-2[N],B-1[N],B-2[N],B-1[N],B-2[N],B-1[N],B-2[N],B-1[N],B-2[N],B-1[N],B-2[N],B-1[N];(c.C-1)[K],T,S;#C-1[N],#c[N],#C-1[N],#c[N],#C-1[N],#c[N],#C-1[N],#c[N],#C-1[N],#c[N],#C-1[N],#c[N],#C-1[N],#c[N],#C-1[N],#c[N],(#c.#C-1)[K],T;B-2[N],B-1[N],B-2[N],B-1[N],B-2[N],B-1[N],B-2[N],B-1[N],B-2[N],B-1[N],B-2[N],B-1[N],B-2[N],B-1[N],B-2[N],B-1[N],(A-1.A-2)[K],T;#G-1[N],#g[N],#G-1[N],#g[N],#G-1[N],#g[N],#G-1[N],#g[N],#G-1[N],#g[N],#G-1[N],#g[N],#G-1[N],#g[N],#G-1[N],#g[N],(#f.#F-1)[K],T;E-1[N],e[N],E-1[N],e[N],E-1[N],e[N],E-1[N],e[N],#C-1[N],#c[N],#C-1[N],#c[N],#C-1[N],#c[N],#C-1[N],#c[N],#G-2[N],#G-1[N],#G-2[N],#G-1[N],#G-2[N],#G-1[N],#G-2[N],#G-1[N],#G-2[N],#G-1[N],#G-2[N],#G-1[N],#G-2[N],#G-1[N],#G-2[N],#G-1[N];#G-2[N],#G-1[N],#G-2[N],#G-1[N],#G-2[N],#G-1[N],#G-2[N],#G-1[N],#G-2[N],#G-1[N],#G-2[N],#G-1[N],#G-2[N],#G-1[N],#G-2[N],#G-1[N],(#C-1.#c)[K],U,#c[L];"]},{"id":2,"baseBeats":0.25,"scores":["(d2.#a2.g2)[L],(#f2.d2.a2)[L];U,(g1.d1.#a1)[L],(d1.#f1.a1)[L];U,(#f1.a1.c2)[M],(#a1.d2)[M],(#f1.c2.#d2)[L];U,(a1.#f1.d1)[M],(g1.#a1)[M],(a1.c2.d1)[L];(g2.d2.#a2)[K],U;(a1.c2)[L],(g1.#a1)[L],(#f1.a1)[L];(a2.c3)[K],U;(#a1.d2)[L],(a1.c2)[L],(g1.#a1)[L];(#a2.d3)[K],U;(c2.#d2)[L],(#a1.d2)[L],(a1.c2)[L];(c1.#f1)[JK];(g2.#a2)[L],(a2.#f2)[L],(#d2.g2)[L];(d2.#f2)[L],(c2.#d2)[L],(#a1.d2)[L];(#f1.d1)[L],(c1.#d1)[L],(#a.d1)[L];(c1.a)[M],(#a.g)[M],(#f.a)[L],(#d.g)[L];(a2.c3)[L],(g2.#a2)[L],(#f2.a2)[L];(#d2.g2)[L],(d2.#f2)[L],(c2.#d2)[L];(g.#a1)[L],(#f.a1)[L],(g1.#d)[L];(#f1.d)[M],(c.#d1)[M],(d1.#A-1)[L],(A-1.c1)[L];(G-1.#a)[K],U;U,(g2.#a2)[M],(a2.c3)[M],(d3.#a2)[L];U,(c2.#g2)[M],(d2.#a2)[M],(c3.#d2)[L];U,(#a1.g2)[M],(c2.a2)[M],(#a2.d2)[L];U,(a1.#f2)[M],(#a1.g2)[M],(a2.c2)[L];#a1[L],g2[K];U,(d1.g1.#a1)[M],(a1.c2)[M],(d1.#a1.d2)[L];U,(c1.#d1.#g1)[M],(d1.#a1)[M],(#d1.c2)[L];U,(#a.d1.g1)[M],(a1.c1)[M],(d1.#a1)[L];U,(a.#f1)[M],(g1.#a)[M],(c1.a1)[L];U,(#a.g1)[J],U;5<g1[N],g2[N]>,5<g1[N],g2[N]>,5<g1[N],g2[N]>,5<#a1[N],g2[N]>,5<g1[N],g2[N]>,5<g1[N],g2[N]>,5<g1[N],g2[N]>,5<#a1[N],g2[N]>;5<g1[N],g2[N]>,5<g1[N],g2[N]>,5<g1[N],g2[N]>,5<#a1[N],g2[N]>,5<g1[N],g2[N]>,5<g1[N],g2[N]>,5<g1[N],g2[N]>,5<#a1[N],g2[N]>;5<g1[N],g2[N]>,5<g1[N],g2[N]>,5<g1[N],g2[N]>,5<#a1[N],g2[N]>,5<g1[N],#a1[N]>,5<a1[N],#a1[N]>,5<g1[N],#a1[N]>,5<a1[N],g1[N]>;5<a1[N],a2[N]>,5<a1[N],a2[N]>,5<a1[N],a2[N]>,5<c2[N],a2[N]>,5<a1[N],a2[N]>,5<a1[N],a2[N]>,5<a1[N],a2[N]>,5<c2[N],a2[N]>;5<a1[N],a2[N]>,5<a1[N],a2[N]>,5<a1[N],a2[N]>,5<c2[N],a2[N]>,5<a1[N],c2[N]>,5<#a1[N],c2[N]>,5<a1[N],c2[N]>,5<#a1[N],a1[N]>;5<#a1[N],#a2[N]>,5<#a1[N],#a2[N]>,5<#a1[N],#a2[N]>,5<d2[N],#a2[N]>,5<#a1[N],#a2[N]>,5<#a1[N],#a2[N]>,5<#a1[N],#a2[N]>,5<d2[N],#a2[N]>;5<#a1[N],d2[N]>,5<c2[N],d2[N]>,5<#a1[N],d2[N]>,5<c2[N],#a1[N]>,5<c2[N],c3[N]>,5<c2[N],c3[N]>,5<c2[N],c3[N]>,5<#d2[N],c3[N]>;5<c2[N],c3[N]>,5<c2[N],c3[N]>,5<c2[N],c3[N]>,5<#d2[N],c3[N]>,5<c2[N],#d2[N]>,5<d2[N],#d2[N]>,5<c2[N],#d2[N]>,5<d2[N],c2[N]>;5<d2[N],d3[N]>,5<d2[N],d3[N]>,5<d2[N],d3[N]>,5<#f2[N],d3[N]>,5<d2[N],d3[N]>,5<d2[N],d3[N]>,5<d2[N],d3[N]>,5<#f2[N],d3[N]>;5<d2[N],#a2[N]>,5<d2[N],#a2[N]>,5<d2[N],#a2[N]>,5<g2[N],#a2[N]>,5<d2[N],#a2[N]>,5<d2[N],#a2[N]>,5<d2[N],#a2[N]>,5<g2[N],#a2[N]>;5<#d2[N],#a2[N]>,5<#d2[N],#a2[N]>,5<#d2[N],#a2[N]>,5<g2[N],#a2[N]>,5<#d2[N],#a2[N]>,5<#d2[N],#a2[N]>,5<#d2[N],#a2[N]>,5<g2[N],#a2[N]>;5<e2[N],c3[N]>,5<e2[N],c3[N]>,5<e2[N],c3[N]>,5<g2[N],c3[N]>,5<e2[N],c3[N]>,5<e2[N],c3[N]>,5<e2[N],c3[N]>,5<g2[N],c3[N]>;5<f2[N],c3[N]>,5<f2[N],c3[N]>,5<f2[N],c3[N]>,5<a2[N],c3[N]>,5<f2[N],c3[N]>,5<f2[N],c3[N]>,5<f2[N],c3[N]>,5<a2[N],c3[N]>;5<f2[N],d3[N]>,5<#f2[N],d3[N]>,5<#f2[N],d3[N]>,5<a2[N],d3[N]>,5<#f2[N],d3[N]>,5<#f2[N],d3[N]>,5<#f2[N],d3[N]>,5<a2[N],d3[N]>;5<#a2[N],g2[N]>,5<#a1[N],g2[N]>,5<#a1[N],g2[N]>,5<d2[N],g2[N]>,5<#a1[N],g2[N]>,5<#a1[N],g2[N]>,5<#a1[N],g2[N]>,5<d2[N],g2[N]>;5<#d2[N],f2[N]>,5<a1[N],f2[N]>,5<a1[N],f2[N]>,5<c2[N],f2[N]>,5<a1[N],f2[N]>,5<a1[N],f2[N]>,5<a1[N],f2[N]>,5<c2[N],f2[N]>;5<d2[N],#d2[N]>,5<g1[N],#d2[N]>,5<g1[N],#d2[N]>,5<#a1[N],#d2[N]>,5<g1[N],#d2[N]>,5<g1[N],#d2[N]>,5<g1[N],#d2[N]>,5<#a1[N],#d2[N]>;5<c2[N],d2[N]>,5<f1[N],d2[N]>,5<f1[N],d2[N]>,5<a1[N],d2[N]>,5<#f1[N],d2[N]>,5<#f1[N],d2[N]>,5<#f1[N],d2[N]>,5<a1[N],d2[N]>;5<#a1[N],g2[N]>,5<g1[N],g2[N]>,5<g1[N],g2[N]>,5<(d2.#a1)[N],g2[N]>,5<(g1.#a1)[N],g2[N]>,5<g1[N],g2[N]>,5<g1[N],g2[N]>,5<(d2.#a1)[N],g2[N]>;5<a1[N],g2[N]>,5<a1[N],g2[N]>,5<a1[N],g2[N]>,5<(a1.d2)[N],g2[N]>,5<a1[N],g2[N]>,5<a1[N],g2[N]>,5<a1[N],g2[N]>,5<(a1.d2)[N],g2[N]>;5<a1[N],#f2[N]>,5<a1[N],#f2[N]>,5<a1[N],#f2[N]>,5<(d2.a1)[N],#f2[N]>,5<a1[N],#f2[N]>,5<a1[N],#f2[N]>,5<a1[N],#f2[N]>,5<(d2.a1)[N],#f2[N]>;","g[L],d[L];U,G-1[L],D-1[L];U,d[L],D-1[L];U,d[L],D-1[L];G-1[K],U;(#f.d)[K],U;(d.#f)[K],U;(g.G-1)[K],U;(G-1.g)[K],U;(c.g)[K],a[L];(d.a)[JK];TU;TU;(a1.c2)[KL];TU;(#f.d)[KL];TU;(b1.d2)[KL];TU;TU;U,(d1.g)[L],G-1[L];U,(#d1.c1)[L],c[L];U,(d1.g)[L],G-1[L];U,(#f.d)[L],D-1[L];G-1[L],d1[K];U,g[L],G-1[L];U,c[L],C-1[L];U,g[L],G-1[L];U,d[L],D-1[L];U,(G-1.d)[J],U;G-1[MN],g[N],G-1[L],VW,g[N],G-1[L];G-1[MN],g[N],G-1[L],VW,g[N],G-1[L];VW,g[N],G-1[L],g[M],#f[M],g[M],G-1[M];d[MN],d1[N],#f[L],VW,d1[N],#f[L];VW,d1[N],#f[L],#f[M],g[M],a[M],d[M];G-1[MN],g[N],G-1[L],VW,g[N],G-1[L];g[M],a[M],#a[M],g[M],A-1[MN],a[N],A-1[L];W,V,a[N],A-1[L],a[M],#a[M],c1[M],a[M];#a[MN],d1[N],#f[L],W,V,d1[N],#f[L];VW,g[N],G-1[L],VW,g[N],G-1[L];VW,#d1[N],g[L],VW,#d1[N],g[L];VW,c1[N],e[L],VW,c1[N],e[L];VW,c1[N],f[L],VW,c1[N],f[L];VW,d1[N],#f[L],VW,d1[N],#f[L];VW,g[N],#A-1[L],VW,g[N],#A-1[L];VW,f1[N],a[L],VW,f1[N],a[L];VW,#d1[N],g[L],VW,#d1[N],g[L];VW,d1[N],f[L],VW,d1[N],#f[L];G-1[N],g[N],G-1[N],g[N],G-1[N],g[N],G-1[N],g[N],G-1[N],g[N],G-1[N],g[N],G-1[N],g[N],G-1[N],g[N];D-1[N],d[N],D-1[N],d[N],D-1[N],d[N],D-1[N],d[N],D-1[N],d[N],D-1[N],d[N],D-1[N],d[N],D-1[N],d[N];D-1[N],d[N],D-1[N],d[N],D-1[N],d[N],D-1[N],d[N],D-1[N],d[N],D-1[N],d[N],D-1[N],d[N],D-1[N],d[N];"]},{"id":3,"baseBeats":0.5,"scores":["(c2.f2.a2)[L],(f2.c2.a2)[L],(a2.c2.f2)[L],(g2.c2.#a2)[L],(a2.f2.c2)[K],(a2.c2.f2)[L],(g2.c2.#a2)[L];(c2.f2.a2)[L],(f2.c2.a2)[L],(a2.c2.f2)[L],(g2.c2.#a2)[L],(a2.f2.c2)[K],(a2.c2.f2)[L],(g2.c2.#a2)[L];(a2.f2.c2)[L],5<(g2.e2)[M],(f2.a2)[M]>,(g2.d2.#a2)[L],(d2.f2.a2)[L],(c2.e2.g2)[K],T;(c1.f1.a1)[L],(f1.c1.a1)[L],(a1.c1.f1)[L],(g1.c1.#a1)[L],(a1.f1.c1)[K],(a1.c1.f1)[L],(g1.c1.#a1)[L];(c1.f1.a1)[L],(f1.c1.a1)[L],(a1.c1.f1)[L],(g1.c1.#a1)[L],(a1.f1.c1)[K],(a1.c1.f1)[L],(g1.c1.#a1)[L];(a1.f1.c1)[L],5<(g1.e1)[M],(f1.a1)[M]>,(g1.d1.#a1)[L],(d1.f1.a1)[L],(e1.g1)[K],T;(f2.c2.a2)[L],(a2.f2.c2)[L],(c2.f2.a2)[L],(c3.c2.a2)[L],(#a1.d2)[K],(d2.#a1)[L],(d2.#a1)[L];(g2.e2.#a1)[L],(e2.#a1.g2)[L],(e2.g2.#a1)[L],(#a1.g2.#a2)[L],(c2.a1)[K],(c2.a1)[L],(f2.c2.a1)[L];(a2.f2.c2)[L],(f2.c2.a2)[L],(f2.a2.c2)[L],(c2.#a2.g2)[L],(f2.c2.a2)[L],(f2.a2.c2)[L],(a2.f2.c2)[L],(#a2.g2.c2)[L];(f2.c2.a2)[L],(f2.a2.c2)[L],(c2.a2.f2)[L],(#a2.g2.c2)[L],(f2.c2.a2)[L],5<(g2.e2)[M],(a2.f2)[M]>,(#a2.d2.g2)[L],(e2.g2.c2)[L];(f2.c2.a2)[K],T,(a1.f1.c1)[L],(f1.a1.c1)[L],(f1.a1.c1)[L],(g1.#a1.c1)[L];(a1.f1.c1)[L],(f1.c1.a1)[L],(f1.a1.c1)[L],(c1.#a1.g1)[L],(f1.c1.a1)[L],(f1.a1.c1)[L],(a1.f1.c1)[L],(#a1.g1.c1)[L];(a1.f1.c1)[L],5<(g1.e1)[M],(f1.a1)[M]>,(g1.d1.#a1)[L],(c1.e1.g1)[L],(c1.f1)[K],T;(a2.f2)[L],(f2.a2)[L],(f2.a2)[L],(#a2.g2)[L],(a2.f2)[K],(a2.f2)[L],(#a2.g2)[L];(a2.f2)[L],(a2.f2)[L],(f2.a2)[L],(g2.#a2)[L],(a2.f2)[K],(a2.f2)[L],(#a2.g2)[L];(a2.f2)[L],5<(g2.e2)[M],(f2.a2)[M]>,(g2.#a2)[L],(f2.a2)[L],(e2.g2)[K],T;(a2.f2)[L],(a2.f2)[L],(f2.a2)[L],(g2.#a2)[L],(a2.f2)[K],(a2.f2)[L],(#a2.g2)[L];(a2.f2)[L],(a2.f2)[L],(f2.a2)[L],(g2.#a2)[L],(a2.f2)[K],(a2.f2)[L],(#a2.g2)[L];(f2.a2)[L],5<(e2.g2)[M],(f2.a2)[M]>,(#a2.g2)[L],(a2.f2)[L],(e2.g2)[K],T;(f3.a2)[L],(c3.a2)[L],(a2.c3)[L],(a2.c3)[L],(d3.#a2)[K],(c3.a2)[L],(c3.a2)[L];(f3.a2)[L],(c3.a2)[L],(a2.c3)[L],(a2.c3)[L],(d3.#a2)[K],(c3.a2)[L],(c3.a2)[L];(d3.#a2)[K],(a2.c3)[L],(a2.c3)[L],(a2.f3)[L],5<e3[M],d3[M]>,(g2.c3)[L],#a2[L];(c2.a2)[K],(#a1.g2)[K],(a1.f2)[K],T;(a1.f2)[L],(a1.c2)[L],(c2.a1)[L],(a1.c2)[L],(#a1.d2)[K],(c2.a1)[L],(c2.a1)[L];(f2.a1)[L],(c2.a1)[L],(a1.c2)[L],(a1.c2)[L],(d2.#a1)[K],(c2.a1)[L],(c2.a1)[L];(d2.#a1)[K],(a1.c2)[L],(a1.c2)[L],(a1.f2)[L],5<e2[M],d2[M]>,(g1.c2)[L],#a1[L];(c2.a1)[K],(#a1.g1)[K],(a1.f2.a2.c2)[L],(f2.c2.a2)[L],(f2.c2.a2)[L],(g2.#a2.c2)[L];(a2.f2.c2)[L],(f2.c2.a2)[L],(f2.a2.c2)[L],(c2.#a2.g2)[L],(f2.c2.a2)[L],(f2.a2.c2)[L],(a2.f2.c2)[L],(#a2.g2.c2)[L];(c2.a2.f2)[L],5<(e2.g2)[M],(a2.f2)[M]>,(d2.#a2.g2)[L],(e2.g2.c2)[L],(c2.f2.a2)[K],T;(a1.f1.c1)[L],(c1.a1.f1)[L],(c1.f1.a1)[L],(#a1.g1.c1)[L],(a1.f1.c1)[L],(a1.c1.f1)[L],(a1.f1.c1)[L],(#a1.g1.c1)[L];(a1.f1.c1)[L],(c1.a1.f1)[L],(c1.f1.a1)[L],(c1.#a1.g1)[L],(a1.c1.f1)[L],5<(g1.e1)[M],(a1.f1)[M]>,(#a1.d1.g1)[L],(c1.g1.e1)[L];(c1.f1)[K],T,5<f3[M],c3[M]>,5<a2[M],f2[M]>,5<f3[M],c3[M]>,5<a2[M],f2[M]>;5<f3[M],c3[M]>,5<a2[M],f2[M]>,5<f3[M],c3[M]>,5<a2[M],f2[M]>,5<a2[M],f2[M]>,5<f2[M],c2[M]>,5<c2[M],a1[M]>,5<a1[M],f1[M]>;5<f1[M],c1[M]>,5<c1[M],a[M]>,5<a[M],c1[M]>,5<c1[M],f1[M]>,5<f1[M],a1[M]>,5<a1[M],c2[M]>,5<c2[M],f2[M]>,5<f2[M],a2[M]>;5<a2[M],f2[M]>,5<f2[M],c2[M]>,5<c2[M],a1[M]>,5<a1[M],f1[M]>,5<f1[M],c1[M]>,5<c1[M],a[M]>,c1[L],U;7<f3[M],e3[N],d3[N],c3[N],#a2[N],a2[N],g2[N]>,f2[L],f1[L],7<e3[M],d3[N],c3[N],#a2[N],a2[N],g2[N],f2[N]>,e2[L],e1[L];7<d3[M],c3[N],#a2[N],a2[N],g2[N],f2[N],e2[N]>,d2[L],d1[L],7<c3[M],#a2[N],a2[N],g2[N],f2[N],e2[N],d2[N]>,c2[L],c1[L];7<#a2[M],a2[N],g2[N],f2[N],e2[N],d2[N],c2[N]>,#a1[L],#a[L],7<a2[M],g2[N],f2[N],e2[N],d2[N],c2[N],#a1[N]>,a1[L],a[L];(c2.f2.a2)[L],(a2.f2.c2)[L],(c2.f2.a2)[L],(c2.e2.g2.#a2)[L],(c2.f2.a2~d2~c2)[L],(f2~g2~f2)[L],(g2~a2~g2)[L],(a2~#a2~a2)[L];(#a2~c3~#a2)[L],(c3~d3~c3)[L],(d3~e3~d3)[L],(e3~f3~e3)[L],(a2.f3)[L],(a2.f2.c2)[L],(c2.f2.a2)[L],(c2.e2.g2.#a2)[L];(c2.f2.a2)[L],7<g2[N],f2[N],e2[N],d2[N],c2[N],#a1[N],a1[N],g1[N],f1[N],e1[N],d1[N],c1[N]>,5<V,g1[M]>,5<b1[M],d2[M]>,g2[K];(g1.b1.d2.g2)[L],7<f2[N],e2[N],d2[N],c2[N],b1[N],a1[N],g1[N],f1[N],e1[N],d1[N],c1[N],b[N]>,5<V,f1[M]>,5<a1[M],c2[M]>,f2[K];(f1.a1.c2.f2)[L],7<e2[N],d2[N],c2[N],b1[N],a1[N],g1[N],f1[N],e1[N],d1[N],c1[N],b[N],a[N]>,5<V,e1[M]>,5<#g1[M],b1[M]>,e2[K];","f[L],f[L],f[L],c[L],f[K],f[L],c[L];f[L],f[L],f[L],c[L],f[K],f[L],c[L];f[L],f[L],#A-1[L],B-1[L],c[K],T;f[L],f[L],f[L],c[L],f[K],f[L],c[L];f[L],f[L],f[L],c[L],f[K],f[L],c[L];f[L],f[L],#A-1[L],B-1[L],c[K],T;f[L],a[L],a[L],f[L],g[K],g[L],g[L];g[L],c1[L],c1[L],c[L],f[K],f[L],f[L];f[L],f[L],f[L],c[L],f[L],f[L],f[L],c[L];f[L],f[L],f[L],c[L],f[L],f[L],#A-1[L],c[L];F-1[K],T,f[L],f[L],f[L],c[L];f[L],f[L],f[L],c[L],f[L],f[L],f[L],c[L];f[L],f[L],#A-1[L],c[L],F-1[K],T;f[L],f[L],f[L],c[L],f[K],f[L],c[L];f[L],f[L],f[L],c[L],f[K],f[L],c[L];f[L],f[L],#A-1[L],B-1[L],c[K],T;f1[L],f1[L],f1[L],c1[L],f1[K],f1[L],c1[L];f1[L],f1[L],f1[L],c1[L],f1[K],f1[L],c1[L];f1[L],f1[L],#a[L],b[L],c1[K],T;f1[L],f1[L],f1[L],f1[L],#a[K],f[L],f1[L];f1[L],f1[L],f1[L],f1[L],#a[K],f[L],f1[L];#a[K],f[L],f1[L],f1[K],f1[K];f1[K],c1[K],f[K],T;f[L],f[L],f[L],f[L],#A-1[K],F-1[L],f[L];f[L],f[L],f[L],f[L],#A-1[K],F-1[L],f[L];#A-1[K],F-1[L],f[L],f[K],e[K];f[K],c[K],(c1.f1.a.f)[L],f[L],f[L],c[L];f[L],f[L],f[L],c[L],f[L],f[L],f[L],c[L];f[L],f[L],#A-1[L],c[L],f[K],T;f[L],f[L],f[L],c[L],f[L],f[L],f[L],c[L];f[L],f[L],f[L],c[L],f[L],f[L],#A-1[L],c[L];F-1[K],T,f[K],V,f1[M],c1[M],a[M];f[K],V,f1[M],c1[M],a[M],f[K],V,F-1[M],A-1[M],c[M];f[K],V,f[M],c[M],A-1[M],F-1[K],V,f[M],a[M],c1[M];f1[K],V,F-1[M],A-1[M],c[M],f[K],V,f[M],c[M],A-1[M];F-1[M],a[M],#a[M],c1[M],d1[L],d[L],g[L],a[M],#a[M],c1[L],c[L];f[L],g[M],a[M],#a[L],B-1[L],e[L],f[M],g[M],a[L],A-1[L];d[L],e[M],f[M],g[L],G-1[L],c[L],d[M],e[M],f[L],F-1[L];f[L],f[L],f[L],c[L],(#e.a)[K],T;S,f[L],f[L],f[L],c[L];f[K],T,b[K],V,g[M],d[M],B-1[M];G-1[K],T,a[K],V,f[M],c[M],A-1[M];F-1[K],T,#g[K],V,e[M],B-1[M],#G-1[M];"]},{"id":4,"baseBeats":0.25,"scores":["(#d2.g2)[M],#d3[M],#d3[M],#a2[M],#a2[M],g2[M],g2[M],#d2[M],#d2[L],g2[L],#a2[L],#c3[L];c3[M],f3[M],f3[M],c3[M],c3[M],a2[M],a2[M],f2[M],f2[L],a2[L],c3[L],e3[L];d3[M],g3[M],g3[M],d3[M],d3[M],b2[M],b2[M],g2[M],g2[L],b2[L],d3[L],f3[L];(#d2.c3.#d3)[M],#d3[M],(#d2.c3.#d3)[M],#d3[M],(#d2.c3.#d3)[M],#d3[M],(#d2.c3.#d3)[M],#d3[M],(c3.d3)[M],d3[M],(d3.c3)[M],d3[M],(c3.d3)[M],d3[M],(c3.d3)[M],d3[M];(d3.#a2)[M],d3[M],(#a2.d3)[M],d3[M],(d3.#a2)[M],d3[M],(#a2.d3)[M],d3[M],(g3.#a2)[M],g3[M],(#a2.g3)[M],g3[M],(g3.#a2)[M],g3[M],(g3.#a2)[M],g3[M];(#g2.g3)[M],g3[M],(g3.#g2)[M],g3[M],(g3.#g2)[M],g3[M],(g3.#g2)[M],g3[M],(f3.#g2)[M],f3[M],(f3.#g2)[M],f3[M],(f3.#g2)[M],f3[M],(f3.#g2)[M],f3[M];(f3.g2)[M],f3[M],(f3.g2)[M],f3[M],(f3.g2)[M],f3[M],(f3.g2)[M],f3[M],(#d3.c3)[M],#d3[M],(c3.#d3)[M],#d3[M],(c3.#d3)[M],#d3[M],(#d3.c3)[M],#d3[M];(c3.#c3)[M],#c3[M],(c3.#c3)[M],#c3[M],(#c3.#a2)[M],#c3[M],(#c3.#a2)[M],#c3[M],(#a2.c3)[M],c3[M],(#a2.c3)[M],c3[M],(c3.#g2)[M],c3[M],(c3.#g2)[M],c3[M];(#a2.#g2)[M],#a2[M],(#g2.#a2)[M],#a2[M],(g2.#a2)[M],#a2[M],(#a2.g2)[M],#a2[M],(#g2.g2)[M],#g2[M],(g2.#g2)[M],#g2[M],(f2.#g2)[M],#g2[M],(#g2.f2)[M],#g2[M];(g2.f2)[M],g2[M],(f2.g2)[M],g2[M],(g2.#d2)[M],g2[M],(g2.#d2)[M],g2[M],(f2.#d2)[M],f2[M],(#d2.f2)[M],f2[M],(f2.#c2)[M],f2[M],(f2.#c2)[M],f2[M];(e2.c2)[M],e2[M],(e2.c2)[M],e2[M],(c2.f2)[M],f2[M],(f2.c2)[M],f2[M],(c2.e2.g2)[M],g2[M],(g2.c2.e2)[M],g2[M],(f2.#g2.c2)[M],#g2[M],(f2.#g2.c2)[M],#g2[M];(c2.g2.#a2)[M],#a2[M],(#a2.c2.g2)[M],#a2[M],(#g2.c2.f2)[M],#g2[M],(c2.#g2.f2)[M],#g2[M],(g2.c2.e2)[M],g2[M],(c2.g2.e2)[M],g2[M],(f2.c2)[M],f2[M],(f2.c2)[M],f2[M];(c2.g1.e2)[M],5<(e2.g2)[N],(g2.e2)[N]>,5<(e2.g2)[N],(g2.e2)[N]>,5<(e2.g2)[N],(g2.e2)[N]>,(g2.e2)[M],(g2.e2)[M],(e2.g2)[M],(e2.g2)[M],(#g2.f2)[M],(#g1.c2)[M],(f2.#g2)[M],(#g1.c2)[M],(#g2.f2)[M],(c2.#g1)[M],(f2.#g2)[M],(c2.#g1)[M];(f2.#c2.#g1)[M],5<(#c2.f2)[N],(#c2.f2)[N]>,5<(#c2.f2)[N],(#c2.f2)[N]>,5<(#c2.f2)[N],(#c2.f2)[N]>,(f2.#c2)[M],(f2.#c2)[M],(#c2.f2)[M],(#c2.f2)[M],(g2.#d2)[M],(g1.#a1)[M],(g2.#d2)[M],(#a1.g1)[M],(g2.#d2)[M],(#a1.g1)[M],(#d2.g2)[M],(g1.#a1)[M];(g1.c2.#d2)[M],5<(c2.#d2)[N],(c2.#d2)[N]>,5<(c2.#d2)[N],(c2.#d2)[N]>,5<(c2.#d2)[N],(c2.#d2)[N]>,(#d2.c2)[M],(#d2.c2)[M],(#d2.c2)[M],(#d2.c2)[M],(f2.#c2)[M],(f1.#g1)[M],(f2.#c2)[M],(f1.#g1)[M],(f2.#c2)[M],(#g1.f1)[M],(#c2.f2)[M],(f1.#g1)[M];(#c2.#a1.f1)[M],5<(#a1.#c2)[N],(#c2.#a1)[N]>,5<(#a1.#c2)[N],(#c2.#a1)[N]>,5<(#a1.#c2)[N],(#c2.#a1)[N]>,(#c2.#a1)[M],(#c2.#a1)[M],(#c2.#a1)[M],(#a1.#c2)[M],5<e2[N],g2[N]>,5<#a2[N],g2[N]>,5<e2[N],g2[N]>,5<#a2[N],g2[N]>,5<e2[N],g2[N]>,5<#a2[N],g2[N]>,5<e2[N],g2[N]>,5<#a2[N],g2[N]>;(f2.c2.#g2)[M],5<(c2.f2.#g2)[N],(c2.f2.#g2)[N]>,5<(c2.f2.#g2)[N],(c2.f2.#g2)[N]>,5<(c2.f2.#g2)[N],(c2.f2.#g2)[N]>,(#g2.f2.c2)[M],(#g2.f2.c2)[M],(f2.c2.#g2)[M],(f2.#g2.c2)[M],(f2.g2.#c2)[M],5<(#c2.f2.g2)[N],(g2.f2.#c2)[N]>,5<(#c2.f2.g2)[N],(g2.f2.#c2)[N]>,5<(#c2.f2.g2)[N],(g2.f2.#c2)[N]>,(f2.#c2.g2)[M],(f2.#c2.g2)[M],(f2.#c2.g2)[M],(f2.#c2.g2)[M];(g2.e2.c2)[M],5<(c2.e2.g2)[N],(g2.e2.c2)[N]>,5<(c2.e2.g2)[N],(g2.e2.c2)[N]>,5<(c2.e2.g2)[N],(g2.e2.c2)[N]>,(g2.e2.c2)[M],(g2.e2.c2)[M],(e2.c2.g2)[M],(c2.e2.g2)[M],(c2.f2.#g1)[M],5<(c1.f1.#g1)[N],(#g1.f1.c1)[N]>,5<(c1.f1.#g1)[N],(#g1.f1.c1)[N]>,5<(c1.f1.#g1)[N],(#g1.f1.c1)[N]>,(c1.#g1.f1)[M],(c1.#g1.f1)[M],(c1.f1.#g1)[M],(c1.#g1.f1)[M];(#c1.f1.g1)[M],5<(#c1.f1.g1)[N],(g1.f1.#c1)[N]>,5<(#c1.f1.g1)[N],(g1.f1.#c1)[N]>,5<(#c1.f1.g1)[N],(g1.f1.#c1)[N]>,(f1.#c1.g1)[M],(f1.#c1.g1)[M],(f1.#c1.g1)[M],(#c1.f1.g1)[M],(c1.e1.g1)[M],5<(c1.e1.g1)[N],(g1.e1.c1)[N]>,5<(c1.e1.g1)[N],(g1.e1.c1)[N]>,5<(c1.e1.g1)[N],(g1.e1.c1)[N]>,(c1.g1.e1)[M],(c1.g1.e1)[M],(c1.e1.g1)[M],(c1.g1.e1)[M];(c1.#g.f1)[I];","#d[K],T,(g.#a.#d1)[K],(#d.g1)[K];(#g.c1.#d1.#g1)[K],T,(a.c1.f1)[K],(f.a1)[K];(#a.d1.f1.#a1)[K],T,(b.d1.g1)[K],(g.b1)[K];c1[L],c1[L],c1[L],c1[L],(f1.d2)[L],(f1.d2)[L],(f1.d2)[L],(f1.d2)[L];(g1.d2)[L],(g1.d2)[L],(g1.d2)[L],(g1.d2)[L],(g1.d2)[L],(g1.d2)[L],(g1.d2)[L],(g1.d2)[L];(c1.c2)[L],(c2.c1)[L],(c2.c1)[L],(c1.c2)[L],(d1.#a1)[L],(#a1.d1)[L],(#a1.d1)[L],(#a1.d1)[L];(#d1.#a1)[L],(#a1.#d1)[L],(#d1.#a1)[L],(#a1.#d1)[L],(#d2.#d1)[L],(#d2.#d1)[L],(#d2.#d1)[L],(#d2.#d1)[L];(#c2.f1)[L],(#c2.f1)[L],(#c2.g1)[L],(#c2.g1)[L],(c2.#g1)[L],(c2.#g1)[L],(c2.#g1)[L],(c2.#g1)[L];(#a1.d1)[L],(d1.#a1)[L],(#d1.#a1)[L],(#a1.#d1)[L],(#g1.f1)[L],(f1.#g1)[L],(#g1.f1)[L],(#g1.f1)[L];(b.g1)[L],(g1.b)[L],(c1.g1)[L],(g1.c1)[L],(f1.#c1)[L],(f1.#c1)[L],(#c1.f1)[L],(f1.#c1)[L];(c1.g1)[L],(c1.g1)[L],(c1.#g1)[L],(c1.#g1)[L],(c1.e1)[L],(c1.e1)[L],(c1.f1)[L],(c1.f1)[L];(c1.g1)[L],(c1.g1)[L],(c1.f1)[L],(c1.f1)[L],(c1.e1)[L],(c1.e1)[L],(c1.#g1)[L],(c1.#g1)[L];(g.c.c1)[K],T,(F-1.f)[M],c[M],(F-1.f)[M],c[M],(F-1.f)[M],c[M],(F-1.f)[M],c[M];(#A-1.f)[K],T,(#d.#D-1)[M],#A-1[M],(#d.#D-1)[M],#A-1[M],(#D-1.#d)[M],#A-1[M],(#d.#D-1)[M],#A-1[M];(#G-1.#d)[K],T,(#c.#C-1)[M],#G-1[M],(#c.#C-1)[M],#G-1[M],(#C-1.#c)[M],#G-1[M],(#c.#C-1)[M],#G-1[M];(G-1.#c)[K],T,(c.C-1)[M],G-1[M],(C-1.c)[M],G-1[M],(C-1.c)[M],G-1[M],(C-1.c)[M],G-1[M];(f.F-1)[M],(f.F-1)[M],(f.F-1)[M],(F-1.f)[M],(F-1.f)[M],(F-1.f)[M],(f.F-1)[M],(F-1.f)[M],(#A-1.#a)[M],(#a.#A-1)[M],(#A-1.#a)[M],(#A-1.#a)[M],(#A-1.#a)[M],(#a.#A-1)[M],(#a.#A-1)[M],(#a.#A-1)[M];(c.c1)[M],(c1.c)[M],(c.c1)[M],(c.c1)[M],(c.c1)[M],(c.c1)[M],(c1.c)[M],(c1.c)[M],(F-1.f.f)[M],F-1[M],(f.F-1)[M],(F-1.f)[M],(f.F-1)[M],(f.F-1)[M],(F-1.f)[M],(f.F-1)[M];(#A-2.#A-1)[M],(#A-2.#A-1)[M],(#A-1.#A-2)[M],(#A-2.#A-1)[M],(#A-2.#A-1)[M],(#A-2.#A-1)[M],(#A-2.#A-1)[M],(#A-2.#A-1)[M],(c.C-1)[M],(c.C-1)[M],(c.C-1)[M],(C-1.c)[M],(c.C-1)[M],(c.C-1)[M],(C-1.c)[M],(c.C-1)[M];(f.F-1)[I];"]}]}