{"baseBpm":180,"musics":[{"id":1,"baseBeats":0.25,"scores":["d2[L],e2[L];(G-1.g2)[M],g2[M],(d.g.g2)[M],5<g2[N],g2[N]>;5<G-1[N],g2[N]>,g2[M],(d.g.d2)[M],e2[M];(C-1.g2)[M],g2[M],(G-1.c.g2)[M],5<g2[N],g2[N]>;5<C-1[N],g2[N]>,g2[M],(G-1.c.d2)[M],e2[M];(E-1.g2)[M],g2[M],(B-1.e.g2)[M],5<g2[N],g2[N]>;5<E-1[N],g2[N]>,g2[M],(B-1.e.g2)[M],g2[M];(D-1.#f2)[L],(A-1.d)[L];(D-1.d2)[L],(A-1.d.e2)[L];(G-1.g.g2)[M],g2[M],(g.b.d1.g2)[M],5<g2[N],g2[N]>;5<(G-1.g)[N],g2[N]>,g2[M],(g.b.d1.d2)[M],e2[M];(C-1.g2)[M],g2[M],(c.e.g.g2)[M],5<g2[N],g2[N]>;5<(C-1.c)[N],g2[N]>,g2[M],(c.e.g.d2)[M],e2[M];(E-1.e.g2)[M],g2[M],(e.g.b.g2)[M],5<g2[N],g2[N]>;5<(E-1.e)[N],g2[N]>,g2[M],(e.g.b.g2)[M],g2[M];(D-1.d.#f2)[L],(d.#f.a)[L];(D-1.d.d2)[L],(d.#f.a.e2)[L];"]},{"id":2,"baseBeats":0.25,"scores":["5<(#G-2.#G-1)[N],(G-2.G-1)[N]>,5<(#G-2.#G-1)[N],(A-2.A-1)[N]>,5<(#A-2.#A-1)[N],(B-2.B-1)[N]>,5<(C-1.c)[N],(#C-1.#c)[N]>,5<(D-1.d)[N],(#D-1.#d)[N]>,5<(E-1.e)[N],(F-1.f)[N]>,5<(E-1.e)[N],(#D-1.#d)[N]>,5<(D-1.d)[N],(#C-1.#c)[N]>;5<(C-1.c)[N],(B-2.B-1)[N]>,5<(C-1.c)[N],(#C-1.#c)[N]>,5<(D-1.d)[N],(#D-1.#d)[N]>,5<(E-1.e)[N],(F-1.f)[N]>,5<(#F-1.#f)[N],(G-1.g)[N]>,5<(#G-1.#g)[N],(G-1.g)[N]>,5<(#F-1.#f)[N],(F-1.f)[N]>,5<(E-1.e)[N],(#D-1.#d)[N]>;5<(D-1.d)[N],(#d.#d1)[N]>,5<(E-1.e)[N],(f.f1)[N]>,5<(#F-1.#f)[N],(g.g1)[N]>,5<(#G-1.#g)[N],(a.a1)[N]>,5<(#A-1.#a)[N],(b.b1)[N]>,5<(B-1.b)[N],(#a.#a1)[N]>,5<(A-1.a)[N],(#g.#g1)[N]>,5<(G-1.g)[N],(#f.#f1)[N]>;5<(F-1.f)[N],(#f.#f1)[N]>,5<(G-1.g)[N],(#g.#g1)[N]>,5<(A-1.a)[N],(#a.#a1)[N]>,5<(B-1.b)[N],(c1.c2)[N]>,5<(#c.#c1)[N],(d1.d2)[N]>,5<(d.d1)[N],(#c1.#c2)[N]>,5<(c.c1)[N],(b.b1)[N]>,5<(#A-1.#a)[N],(a.a1)[N]>;5<(#G-1.#g)[N],(a.a1)[N]>,5<(#A-1.#a)[N],(b.b1)[N]>,5<(c.c1)[N],(#c1.#c2)[N]>,5<(d.d1)[N],(#d1.#d2)[N]>,5<(e.e1)[N],(f1.f2)[N]>,5<(e.e1)[N],(#d1.#d2)[N]>,5<(d.d1)[N],(#c1.#c2)[N]>,5<(c.c1)[N],(b.b1)[N]>;5<(#A-1.#a)[N],(a.a1)[N]>,5<(#G-1.#g)[N],(a.a1)[N]>,5<(#A-1.#a)[N],(b.b1)[N]>,5<(c.c1)[N],(#c1.#c2)[N]>,5<(d.d1)[N],(#d1.#d2)[N]>,5<(e.e1)[N],(f1.f2)[N]>,5<(e.e1)[N],(#d1.#d2)[N]>,5<(d.d1)[N],(#c1.#c2)[N]>;5<(c.c1)[N],(b.b1)[N]>,5<(#A-1.#a)[N],(a.a1)[N]>,5<(#G-1.#g)[N],(a.a1)[N]>,5<(#A-1.#a)[N],(b.b1)[N]>,5<(c.c1)[N],(#c1.#c2)[N]>,5<(d.d1)[N],(#d1.#d2)[N]>,5<(e.e1)[N],(f1.f2)[N]>,5<(f.f1)[N],(#g1.#g2)[N]>;5<(d.d1)[N],(b1.b2)[N]>,5<(B-1.b)[N],(d2.d3)[N]>,5<(#G-1.#g)[N],(f2.f3)[N]>,5<(F-1.f)[N],(#g2.#g3)[N]>,5<(D-1.d)[N],(b2.b3)[N]>,5<(B-2.B-1)[N],(d3.d4)[N]>,5<(#G-2.#G-1)[N],(f3.f4)[N]>,TV,"]},{"id":3,"baseBeats":0.25,"scores":["5<(G-1~#A-1~#c~#d~e)[M]>,5<(e~#f~f)[M]>,5<(#f~g~g)[M]>,V,5<(A-1~c~g)[M]>,5<(#f~f)[M]>,5<e[M]>,V,5<(G-1~#A-1~#c~#d~e)[M]>,5<(e~#f~f)[M]>,5<(#f~g~g)[M]>,V,5<(A-1~c~g)[M]>,5<(#f~f)[M]>,5<e[M]>,V,5<(G-1~#A-1~#c~#d~e)[M]>,5<(e~#f~f)[M]>,5<(#f~g~g)[M]>,V,5<(B-1~d~f~g.G-1.B-1.d.f)[M]>,5<(#G-1~A-1.a)[M]>,5<(#A-1~B-1.b)[M]>,V,5<(#d~g~c1)[M]>,5<(c~#c.c1)[M]>,5<(d.d1~#d.#d1)[M]>,V,5<(#d~d.d1)[M]>,5<(#c~c.c1)[MM]>,g[MOP],5<(G-1~#F-1.g)[M]>,5<(F-1~E-1.e)[M]>,#d[MOP],5<(#D-1~D-1.d)[M]>,5<(#C-1~C-1.c)[M]>,V,5<(B-2)[M]>,5<(#A-2.#F-1.A-1.B-1)[M]>,5<(B-2)[M]>,5<(#A-2)[M]>,5<(B-2)[M]>,5<(#A-2.E-1.G-1.B-1)[M]>,5<(B-2)[M]>,5<(#A-2.#C-1.E-1.B-1)[M]>,5<(B-2)[M]>,5<(#A-2.#D-1.#F-1.B-1)[M]>,(B-2~#A-2)[MOP],(B-2~#A-2)[MOP],(C-1~#D-1~#F-1)[MNP],(G-1~B-1~#c)[MNP],(#d~#f~g)[MNP],(b~c1~#d1)[MNP],(#f1~g1~b1)[MNP],(#c2~#d2~#f2)[MNP],(g2~b2~c3)[MNP],(#d3~#f3~g3)[MNP],(b3~#c4~#d4)[MNP],(#f4~#d4~#c4)[MNP],(b3~g3~#f3)[MNP],(#d3~c3~b2)[MNP],(g2~#f2~#d2)[MNP],(c2~b1~g1)[MNP],(#f1~#d1~c1)[MNP],(b~g~#f)[MNP],"]},{"id":4,"baseBeats":0.25,"scores":["(c1.f1.#g1)[J];(#a.#d1.g1)[J];(c1.f1.#g1)[J];#g1[L],g1[L],#d1[L];(c1.f1.#g1)[J],(d1.f1.g1.#a1)[K],e1[K];UV,#g[KM];#g1[L],g1[L],#d1[L];(#c1.f1.#g1)[KM],#g[M],c1[M],f1[M];(f1.#g1.c2)[KM],#g[M],c1[M],(f1.c2)[M];T,(c2.#d2)[K];(f1.#g1.c2)[K],(f1.#g1.c2)[K];(f1.#g1.c2)[LM],#g[M],f1[M],c1[M],5<f1[N],c1[N]>,5<f1[N],g1[N]>;(c1.f1.#g1)[L],f2[L],(g1.g2)[L],5<g2[N],#d2[N]>,5<f2[N],g2[N]>;#g2[M],5<#a2[N],#g2[N]>,5<#a2[N],#g2[N]>,5<#a2[N],#g2[N]>,5<#a2[N],#g2[N]>,5<#a2[N],#g2[N]>,5<#a2[N],#g2[N]>,5<#a2[N],#g2[N]>;(#a1.c2.e2.g2)[KL],5<g1[N],e1[N]>,5<c1[N],#a[N]>;U,e[L],","(#C-1.#c)[J],(C-1.c)[J],(F-1.f)[JKL],(#C-1.#c)[J],(c.#a)[K],C-1[K],(F-1.f.c1.f1.#g1)[JKL],(#A-2.#A-1)[I],(C-1.c.c1.e1.g1.#a1)[J],(F-1.f)[K],(#D-1.#d)[K],(D-1.d)[I],(#D-1.#d)[J],(E-1.e)[J],(E-2.E-1)[J],"]},{"id":5,"baseBeats":0.25,"scores":["5<mute[M]>,5<mute[M]>,5<mute[M]>,5<mute[M]>,5<mute[M]>,5<mute[M]>,5<mute[M]>,5<mute[M]>,5<mute[M]>,5<mute[M]>,5<mute[M]>,5<mute[M]>,5<mute[M]>,5<mute[M]>,5<mute[M]>,5<mute[M]>,5<mute[M]>,5<mute[M]>,5<mute[M]>,5<mute[M]>,5<mute[M]>,5<mute[M]>,5<mute[M]>,5<mute[M]>,5<mute[M]>,5<mute[M]>,5<mute[M]>,5<mute[M]>,5<mute[M]>,5<mute[M]>,5<mute[M]>,5<mute[M]>,5<mute[M]>,5<mute[M]>,5<mute[M]>,5<mute[M]>,5<mute[M]>,5<mute[M]>,5<mute[M]>,5<mute[M]>,5<mute[M]>,5<mute[M]>,5<mute[M]>,5<mute[M]>,5<mute[M]>,5<mute[M]>,5<mute[M]>,5<mute[M]>,5<mute[M]>,5<mute[M]>,5<mute[M]>,5<mute[M]>,5<mute[M]>,5<mute[M]>,5<mute[M]>,5<mute[M]>,5<mute[M]>,5<mute[M]>,5<mute[M]>,5<mute[M]>,5<mute[M]>,5<mute[M]>,5<mute[M]>,5<mute[M]>,5<mute[M]>,5<mute[M]>,5<mute[M]>,5<mute[M]>,5<mute[M]>,5<mute[M]>,5<mute[M]>,5<mute[M]>,5<mute[M]>,5<mute[M]>,5<mute[M]>,5<mute[M]>,5<mute[M]>,5<mute[M]>,5<mute[M]>,5<mute[M]>,5<mute[M]>,5<mute[M]>,5<mute[M]>,5<mute[M]>,5<mute[M]>,5<mute[M]>,5<mute[M]>,5<mute[M]>,5<mute[M]>,5<mute[M]>,5<mute[M]>,5<mute[M]>,5<mute[M]>,5<mute[M]>,5<mute[M]>,5<mute[M]>,5<mute[M]>,5<mute[M]>,5<mute[M]>,5<mute[M]>,5<mute[M]>,5<mute[M]>,5<mute[M]>,5<mute[M]>,5<mute[M]>,5<mute[M]>,5<mute[M]>,5<mute[M]>,5<mute[M]>,5<mute[M]>,5<mute[M]>,5<mute[M]>,5<mute[M]>,5<mute[M]>,5<mute[M]>,5<mute[M]>,5<mute[M]>,5<mute[M]>,5<mute[M]>,5<mute[M]>,5<mute[M]>,5<mute[M]>,5<mute[M]>,5<mute[M]>,5<mute[M]>,5<mute[M]>,5<mute[M]>,5<mute[M]>,5<mute[M]>,5<mute[M]>,5<V>,mute[KMNOO],mute[KMNOO],ST,","(g.#d1.g1)[KN],(g.g1.#d1)[MN],(g.f1.d1)[LM],(g.c1.#d1)[LM],(g.c1.d1.#f1)[JK],(d.f.b.#g)[JK],(#d.g.c1)[KMNO],(d.f.b)[LM],#g[LM],(e.g.c1)[KMNO],(d.f.b)[LM],#g[LM],(e.g.c1)[KMNO],(d.f.b)[LM],#g[LM],(e.g.c1)[KMNO],(d.f.b)[LM],#g[LM],(e.c1.g)[KMNO],(e.g.c1)[KMNO],(e.g.c1)[JK],(e.g.c1)[JK],(e.g.c1)[JK],mute[KMNO],mute[KMNOO],ST;","#F-2[OP],G-2[OP],#F-2[OP],G-2[OP],#F-2[OP],G-2[OP],#F-2[OP],G-2[OP],#F-2[OP],G-2[OP],#F-2[OP],G-2[OP],#F-2[OP],G-2[OP],#F-2[OP],G-2[OP],#F-2[OP],G-2[OP],#F-2[OP],G-2[OP],#F-2[OP],G-2[OP],#F-2[OP],G-2[OP],#F-2[OP],G-2[OP],#F-2[OP],G-2[OP],#F-2[OP],G-2[OP],#F-2[OP],G-2[OP],E-2[OP],F-2[OP],E-2[OP],F-2[OP],E-2[OP],F-2[OP],E-2[OP],F-2[OP],E-2[OP],F-2[OP],E-2[OP],F-2[OP],E-2[OP],F-2[OP],E-2[OP],F-2[OP],#F-2[OP],F-2[OP],#F-2[OP],F-2[OP],#F-2[OP],F-2[OP],#F-2[OP],F-2[OP],#F-2[OP],F-2[OP],#F-2[OP],F-2[OP],#F-2[OP],F-2[OP],#F-2[OP],F-2[OP],#F-2[OP],G-2[OP],#F-2[OP],G-2[OP],#F-2[OP],G-2[OP],#F-2[OP],G-2[OP],#F-2[OP],G-2[OP],#F-2[OP],G-2[OP],#F-2[OP],G-2[OP],#F-2[OP],G-2[OP],#G-2[OP],G-2[OP],#G-2[OP],G-2[OP],#G-2[OP],G-2[OP],#G-2[OP],G-2[OP],#G-2[OP],G-2[OP],#G-2[OP],G-2[OP],#G-2[OP],G-2[OP],#G-2[OP],G-2[OP],C-1[NO],#C-1[NO],D-1[NO],#D-1[NO],E-1[NO],F-1[NO],#F-1[NO],G-1[NO],#G-1[NO],G-1[NO],#F-1[NO],F-1[NO],E-1[NO],#D-1[NO],D-1[NO],#C-1[NO],C-1[NO],#C-1[NO],D-1[NO],#D-1[NO],E-1[NO],F-1[NO],#F-1[NO],G-1[NO],#G-1[NO],G-1[NO],#F-1[NO],F-1[NO],E-1[NO],#D-1[NO],D-1[NO],#C-1[NO],C-1[NO],#C-1[NO],D-1[NO],#D-1[NO],E-1[NO],F-1[NO],#F-1[NO],G-1[NO],#G-1[NO],G-1[NO],#F-1[NO],F-1[NO],E-1[NO],#D-1[NO],D-1[NO],#C-1[NO],C-1[NO],#C-1[NO],D-1[NO],#D-1[NO],E-1[NO],F-1[NO],#F-1[NO],G-1[NO],#G-1[NO],G-1[NO],#F-1[NO],F-1[NO],E-1[NO],#D-1[NO],D-1[NO],#C-1[NO],B-2[NO],C-1[NO],B-2[NO],#A-2[NO],C-1[NO],#A-2[NO],C-1[NO],A-2[NO],C-1[NO],A-2[NO],C-1[NO],#G-2[NO],C-1[NO],#G-2[NO],C-1[NO],#F-2[NO],C-1[NO],#F-2[NO],C-1[NO],G-2[NO],C-1[NO],G-2[NO],C-1[NO],#G-2[NO],C-1[NO],#G-2[NO],C-1[NO],G-2[NO],C-1[NO],G-2[NO],C-1[NO],B-2[NO],C-1[NO],B-2[NO],C-1[NO],#A-2[NO],C-1[NO],#A-2[NO],C-1[NO],A-2[NO],C-1[NO],A-2[NO],C-1[NO],#G-2[NO],C-1[NO],#G-2[NO],C-1[NO],#F-2[NO],C-1[NO],#F-2[NO],C-1[NO],G-2[NO],C-1[NO],G-2[NO],C-1[NO],#G-2[NO],C-1[NO],#G-2[NO],C-1[NO],G-2[NO],C-1[NO],G-2[NO],C-1[NO],(C-2@C-1)[KMNO],(C-2@C-1)[KMNOO],ST,"]}]}