{"baseBpm":165,"musics":[{"bpm":165,"baseBeats":0.5,"scores":["mute[LM],mute[LM],mute[LM],mute[LM],mute[L],mute[L],mute[L],mute[LM],mute[LM],mute[LM],mute[LM],mute[L],mute[L],mute[L],mute[LM],mute[LM],mute[LM],mute[LM],mute[LM],mute[LM],mute[LM],mute[LM],mute[L],mute[L],mute[L],mute[LM],mute[LM],mute[LM],mute[LM],mute[L],mute[L],mute[L],mute[LM],mute[LM],mute[LM],mute[LM],mute[LM],mute[LM],mute[LM],mute[LM],mute[L],mute[L],mute[L],mute[LM],mute[LM],mute[LM],mute[LM],mute[L],mute[L],mute[L],mute[LM],mute[LM],mute[LM],mute[LN],mute[LM],mute[LM],mute[LM],mute[LNM],mute[L],mute[L],mute[L],mute[LM],mute[LM],mute[LM],mute[LM],mute[L],mute[L],mute[L],mute[LM],mute[LM],mute[LM],mute[LM],mute[LM],mute[LM],mute[LM],mute[LM],mute[L],mute[L],mute[L],mute[LM],mute[LM],mute[LM],mute[LM],mute[L],mute[L],mute[L],mute[LM],mute[LM],mute[LM],mute[LM],mute[LM],mute[LM],mute[LM],mute[LM],mute[L],mute[L],mute[L],mute[LM],mute[LM],mute[LM],mute[LM],mute[L],mute[L],mute[L],mute[LM],mute[LM],mute[LM];","(D-1.f3)[LM],(A-1.d.f3.f)[LM],(f3.A-2)[LM],(f3.A-1.f.d)[LM],(f3.D-1)[MN],e3[MN],(f3.f.d.A-1)[MN],g3[MN],(A-2.a3)[LM],(f.d.A-1.e3)[LM],(f3.D-1)[LM],(f3.A-1.d.f)[LM],(f3.A-2)[MN],e3[MN],(f3.d.A-1.f)[MN],g3[MN],(a3.D-1)[LM],(f.d.A-1)[LM],A-2[LM],(d.A-1.f.e3)[LM],(f3.D-1)[LM],(d.f.A-1.f3)[LM],(f3.A-2)[LM],(f3.f.d.A-1)[LM],(D-1.f3)[MN],e3[MN],(f3.d.A-1.f)[MN],g3[MN],(a3.A-2)[LM],(A-1.f.d.e3)[LM],(D-1.f3)[LM],(d.A-1.f3.f)[LM],(A-2.f3)[MN],e3[MN],(d.f.f3.A-1)[MN],g3[MN],(D-1.f3)[LM],(d.A-1.f)[LM],A-2[LM],(f.d.A-1)[LM],(#a3.G-1)[LM],(d.#a3.g.#a)[LM],(D-1.#a3)[LM],(#a3.g.#a.d)[LM],(#a3.G-1)[MN],a3[MN],(d.#a.#a3.g)[MN],c3[MN],(D-1.d3)[LM],(#a.d.g.a3)[LM],(G-1.#a3)[LM],(d.g.#a.#a3)[LM],(#a3.D-1)[MN],a3[MN],(g.#a3.#a.d)[MN],c3[MN],(G-1.d3)[LM],(#a.d.g)[LM],D-1[LM],(g.#a.d)[LN],a3[N],(#a3.G-1)[LN],a3[N],(g.d.#a.#a3)[LN],a3[N],(D-1.#a3)[LN],a3[N],(#a3.g.#a.d)[LM],(#a3.G-1)[MN],a3[MN],(#a.#a3.g.d)[MN],c3[MN],(d3.D-1)[LM],(d.g.a3.#a)[LM],(#a3.G-1)[LM],(#a.g.#a3.d)[LM],(#a3.D-1)[MN],a3[MN],(g.#a.d.#a3)[MN],b3[MN],(c3.A-1)[LM],(a.#c1.e.#c3)[LM],(E-1.#c3)[LM],(#c1.e.a)[LM],(D-1.f3)[LM],(A-1.f3.d.f)[LM],(A-2.f3)[LM],(f.f3.A-1.d)[LM],(D-1.f3)[MN],e3[MN],(A-1.d.f3.f)[MN],g3[MN],(A-2.a3)[LM],(A-1.d.f.e3)[LM],(f3.D-1)[LM],(f.d.A-1.f3)[LM],(f3.A-2)[MN],e3[MN],(f3.A-1.f.d)[MN],g3[MN],(D-1.a3)[LM],(f.d.A-1)[LM],A-2[LM],(f.A-1.e3.d)[LM],(f3.D-1)[LM],(f.d.A-1.f3)[LM],(f3.A-2)[LM],(f.f3.d.A-1)[LM],(f3.D-1)[MN],e3[MN],(A-1.f3.f.d)[MN],g3[MN],(A-2.a3)[LM],(d.f.A-1.e3)[LM],(D-1.f3)[LM],(A-1.f3.f.d)[LM],(f3.A-2)[MN],e3[MN],(A-1.f3.d.f)[MN],g3[MN],(f3.D-1)[LM],(A-1.d.f)[LM],(A-2.#f3)[LM];"],"id":1,"instruments":["piano","piano"],"alternatives":["",""]},{"bpm":165,"baseBeats":0.5,"scores":["mute[LM],mute[LM],mute[LM],mute[LM],mute[LM],mute[L],mute[L],mute[L],mute[LM],mute[LM],mute[LM],mute[LM],mute[L],mute[L],mute[L],mute[LM],mute[LM],mute[LM],mute[LN],mute[LM],mute[LM],mute[LM],mute[LNM],mute[L],mute[L],mute[L],mute[LM],mute[LM],mute[LM],mute[LM],mute[L],mute[L],mute[L],mute[LM],mute[LM],mute[LM],mute[LM],mute[LM],mute[LM],mute[LM],mute[LM],mute[LM],mute[LM],mute[LM],mute[LM],mute[LM],mute[LM],mute[LM],mute[LM],mute[LM],mute[LM],mute[LM],mute[LM],mute[LM],mute[LM],mute[LM],mute[LM],mute[LM],mute[LM],mute[LM],mute[LM],mute[LM],mute[LM],mute[LM],mute[LM],mute[LM],mute[LM],mute[LM],mute[LM],mute[LM],mute[LM],mute[LM],mute[LM],mute[LM],mute[LM],mute[LM],mute[LM],mute[LM],mute[LM],mute[LM],mute[LM],mute[LM],mute[LM],mute[LM],mute[LM],mute[LM],mute[LM],mute[LM],mute[LM],mute[LM],mute[LM],mute[LM],mute[LM],mute[LM],mute[LM],mute[LM],mute[LM],mute[LM],mute[LM],mute[LM],mute[LM],mute[LM],mute[LM],mute[LM],mute[LM],mute[LM],mute[LM],mute[LM],mute[LM],mute[LM],mute[LM],mute[LM],mute[LM],mute[LM];","(d.f.A-1)[LM],(#a3.G-1)[LM],(d.g.#a.#a3)[LM],(#a3.D-1)[LM],(d.#a3.#a.g)[LM],(#a3.G-1)[MN],a3[MN],(d.g.#a.#a3)[MN],c3[MN],(d3.D-1)[LM],(a3.d.g.#a)[LM],(#a3.G-1)[LM],(d.g.#a.#a3)[LM],(D-1.#a3)[MN],a3[MN],(d.g.#a3.#a)[MN],c3[MN],(d3.G-1)[LM],(d.g.#a)[LM],D-1[LM],(a.#f.d)[LN],a3[N],(#a3.G-1)[LN],a3[N],(#a3.d.#a.g)[LN],a3[N],(D-1.#a3)[LN],a3[N],(#a3.#a.g.d)[LM],(#a3.G-1)[MN],a3[MN],(d.g.#a3.#a)[MN],c3[MN],(D-1.d3)[LM],(a3.#a.g.d)[LM],(G-1.#a3)[LM],(d.#a3.g.#a)[LM],(D-1.#a3)[MN],a3[MN],(#a.g.#a3.d)[MN],b3[MN],(c3.A-1)[LM],(a.#c1.#c3.e)[LM],(#c3.E-1)[LM],(e.#c1.a)[LM],D-1[LM],(f3.d.f.a2.A-1)[LM],A-2[LM],(A-1.f3.f.a2.d)[LM],D-1[LM],(f3.a2.A-1.d.f)[LM],A-2[LM],(f.a2.A-1.f3.d)[LM],D-1[LM],(f.d.A-1.a2.f3)[LM],A-2[LM],(d.a2.f.f3.A-1)[LM],D-1[LM],(A-1.d.f.f3.a2)[MN],(f3.a2)[MN],(f3.A-2.a2)[LM],(f.d.A-1.e3)[LM],D-1[LM],(f3.a2.f.A-1.d)[LM],A-2[LM],(a2.f3.d.A-1.f)[LM],D-1[LM],(f.d.A-1.a2.f3)[LM],A-2[LM],(d.f.a2.f3.A-1)[LM],D-1[LM],(f.f3.a2.A-1.d)[MN],(f3.a2)[MN],(f3.A-2.a2)[LM],(d.f.a2.e3.A-1)[LM],(a2.f3.D-1)[LM],(f3.f.d.A-1.a2)[LM],(f3.a2.A-2)[LM],(d.A-1.f)[LM],F-1[LM],(c.f.a.a2.c2)[LM],C-1[LM],(f.#g2.a.c)[LM],(a2.F-1.c2)[LM],(a.f.c)[LM],(c3.c2.C-1)[LM],(a.f.c)[LM],c[LM],(g.e2.g2.c2.c1.e1)[LM],G-1[LM],(e1.c1.g.c2)[LM],(e2.c)[LM],(e1.c1.c2.g.g2)[LM],(a2.G-1)[LM],(e1.g2.c2.g.c1)[LM],F-1[LM],(c2.a2.a.c.f)[LM],C-1[LM],(#g2.c.a.f)[LM],(c2.a2.F-1)[LM],(c.f.a)[LM],(C-1.d3.f2)[LM],(f.c.a)[LM],(c.c3.e2)[LM],(e1.c1.g)[LM],G-1[LM],(g.c1.e1)[LM],(c2.c.g2)[LM],(g.e1.c1)[LM],G-1[LM],(e1.c1.g)[LM],F-1[LM],(a.c2.a2.f.c)[LM],C-1[LM],(#g2.c.f.a)[LM],(a2.c2.F-1)[LM],(f.a.c)[LM],(c2.c3.C-1)[LM],(a.f.c)[LM],c[LM],(e1.c1.g.c3.e2)[LM],G-1[LM],(c2.e1.g.c1.c3)[LM],(#A-1.#a2.d2)[LM];"],"id":2,"instruments":["piano","piano"],"alternatives":["",""]},{"bpm":165,"baseBeats":0.5,"scores":["mute[LM],mute[LM],mute[LM],mute[LM],mute[LM],mute[LM],mute[LM],mute[LM],mute[LM],mute[LM],mute[LM],mute[LM],mute[LM],mute[LM],mute[LM],mute[LM],mute[LM],mute[LM],mute[LM],mute[LM],mute[LM],mute[LM],mute[LM],mute[L],mute[L],mute[L],mute[LM],mute[LM],mute[LM],mute[LM],mute[L],mute[L],mute[L],mute[LM],mute[LM],mute[LM],mute[LM],mute[LM],mute[LM],mute[LM],mute[LM],mute[L],mute[L],mute[L],mute[LM],mute[LM],mute[LM],mute[LM],mute[L],mute[L],mute[L],mute[LM],mute[LM],mute[LM],mute[LM],mute[LM],mute[LM],mute[LM],mute[LM],mute[L],mute[L],mute[L],mute[LM],mute[LM],mute[LM],mute[LM],mute[L],mute[L],mute[L],mute[LM],mute[LM],mute[LM],mute[LN],mute[LM],mute[LM],mute[LNM],mute[LM],mute[L],mute[L],mute[L],mute[LM],mute[LM],mute[LM],mute[LM],mute[L],mute[L],mute[L],mute[LM],mute[LM],mute[LM],mute[LM],mute[LM],mute[LM],mute[LM],mute[LM],mute[L],mute[L],mute[L],mute[LM],mute[LM],mute[LM],mute[LM],mute[L],mute[L],mute[L],mute[LM],mute[LM],mute[LM],mute[LM],mute[LM],mute[LM],mute[LM],mute[LM],mute[L],mute[L],mute[L],mute[LM],mute[LM],mute[LM],mute[LM],mute[LM],mute[LM],mute[LM],mute[LM],mute[IJKL];","(f.#a.d1)[LM],(F-1.f2)[LM],(f.#a.d1)[LM],d[LM],(f1.d1.a)[LM],(#a1.d2.f2.d)[LM],(f1.d1.a)[LM],(e1.#c1.a1.A-1.a)[LM],(e.#c1.a)[LM],(e2.a1.#c2.A-1)[LM],(e.a.#c1)[LM],(f2.d2.a1.d)[LM],(f2.f1.d1.d2.a.a1)[MN],(a1.d2.f2)[MN],(d2.f2.A-1.a1)[LM],(a.f1.d2.d1.e2.a1)[LM],(d.d2.f1.a1)[LM],(a.d1.f1)[LM],A-1[LM],(d1.e2.a.f1)[LM],(D-1.f3)[LM],(f3.d.f.A-1)[LM],(A-2.f3)[LM],(f3.f.A-1.d)[LM],(D-1.f3)[MN],e3[MN],(f3.A-1.f.d)[MN],g3[MN],(A-2.a3)[LM],(f.A-1.d.e3)[LM],(D-1.f3)[LM],(d.A-1.f3.f)[LM],(A-2.f3)[MN],e3[MN],(d.f.f3.A-1)[MN],g3[MN],(a3.D-1)[LM],(f.d.A-1)[LM],A-2[LM],(e3.A-1.d.f)[LM],(f3.D-1)[LM],(f.A-1.f3.d)[LM],(f3.A-2)[LM],(f.A-1.f3.d)[LM],(D-1.f3)[MN],e3[MN],(d.f3.A-1.f)[MN],g3[MN],(A-2.a3)[LM],(e3.d.A-1.f)[LM],(f3.D-1)[LM],(f.d.f3.A-1)[LM],(A-2.f3)[MN],e3[MN],(A-1.f.d.f3)[MN],g3[MN],(D-1.a3)[LM],(d.A-1.f)[LM],A-2[LM],(A-1.d.f)[LM],(#a3.G-1)[LM],(#a.g.#a3.d)[LM],(D-1.#a3)[LM],(#a3.#a.g.d)[LM],(#a3.G-1)[MN],a3[MN],(#a.g.#a3.d)[MN],c3[MN],(d3.D-1)[LM],(d.g.a3.#a)[LM],(G-1.#a3)[LM],(#a3.g.#a.d)[LM],(#a3.D-1)[MN],a3[MN],(#a.g.#a3.d)[MN],c3[MN],(d3.G-1)[LM],(g.d.#a)[LM],D-1[LM],(d.#f.a)[LN],a3[N],(G-1.#a3)[LN],a3[N],(d.g.#a.#a3)[LN],a3[N],(#a3.D-1)[LM],(#a3.d.#a.g)[LM],(#a3.G-1)[MN],a3[MN],(d.#a3.g.#a)[MN],c3[MN],(D-1.d3)[LM],(d.g.a3.#a)[LM],(G-1.#a3)[LM],(g.d.#a.#a3)[LM],(#a3.D-1)[MN],a3[MN],(d.#a3.g.#a)[MN],b3[MN],(c3.A-1)[LM],(#c3.#c1.a.e)[LM],(#c3.E-1)[LM],(a.e3.#c1.e)[LM],(D-1.f3)[LM],(f3.d.A-1.f)[LM],(A-2.f3)[LM],(f.A-1.d.f3)[LM],(D-1.f3)[MN],e3[MN],(f3.f.d.A-1)[MN],g3[MN],(a3.A-2)[LM],(f.d.A-1.e3)[LM],(D-1.f3)[LM],(d.f.f3.A-1)[LM],(A-2.f3)[MN],e3[MN],(f.A-1.d.f3)[MN],g3[MN],(D-1.a3)[LM],(A-1.d.f)[LM],A-2[LM],(e3.d.A-1.f)[LM],(f3.D-1)[LM],(A-1.d.f.f3)[LM],(f3.A-2)[LM],(d.f.A-1.f3)[LM],(D-1.f3)[MN],e3[MN],(f3.d.A-1.f)[MN],g3[MN],(a3.A-2)[LM],(f.A-1.d.e3)[LM],(f3.D-1)[LM],(f.d.A-1.f3)[LM],A-2[LM],(A-1.e3.f.d)[LM],(D-1.f3)[LM],(A-1.d.f)[LM],(f3.D-1.d3.A-1.F-1.d)[IJKL];"],"id":3,"instruments":["piano","piano"],"alternatives":["",""]}],"audition":{"start":[0,0],"end":[2,139]}}