{"baseBpm":51,"musics":[{"id":1,"baseBeats":0.25,"scores":["#G-1[JKM],(#G-1.#c1)[M],#d1[M],#d1[M],#d1[M],#c1[M],#d1[M],#d1[M],#d1[M],#d1[M],e1[M],e1[M],e1[L],#g1[M],#d1[M],e1[M],(#G-1.#c1)[M],#d1[M],#d1[M],#d1[M],#c1[M],#d1[M],#d1[M],#d1[M],#d1[M],e1[M],e1[M],e1[L],#g1[M],#d1[M],e1[M],(#G-1.#g1)[M],#d1[M],e1[M],#g1[M],#d1[M],e1[M],#g1[M],#d1[M],e1[M],#g1[M],#d1[M],e1[M],#g1[M],#d1[M],e1[L],(#G-1.#f.#a)[M],(b.#g)[M],(#g.b)[KL],(#f.#a)[M],(#g.b)[M],(b.#g)[M],(b.#g)[M],(#f.#a)[M],(b.#g)[M],(b.#g)[M],(#g.b)[M],(E-1.#f.#a)[M],(#g.b)[M],(#g.b)[KL],(#g.#c1)[M],(b.#g)[M],(#g.b)[L],(#g.#c1)[M],(b.#g)[M],(#g.b)[L],(#F-1.b.#g)[M],(#f.#a)[M],(#f.#a)[KL],(#D-1.#g.b)[M],(#a.#f)[M],(#f.#a)[L],(#a.#f)[K],(#G-1.#a.#f)[M],(#g.b)[M],(b.#g)[JL],(#G-1.#c1.#g)[M],(#d1.b)[M],(#d1.b)[KL],(#c1.#g)[M],(b.#d1)[M],(#d1.b)[M],(b.#d1)[M],(#g.#c1)[M],(#d1.b)[M],(b.#d1)[M],(#d1.b)[M],(E-1.#g.#c1)[M],(#d1.b)[M],(b.#d1)[KL],(#g.#c1)[M],(b.#g)[M],(#g.b)[L],(#g.#c1)[M],(#g.b)[M],(#g.b)[L],(#F-1.b.#g)[M],(#f.#a)[M],(#a.#f)[KL],(#D-1.b.#g)[M],(#a.#f)[M],(#f.#a)[L],(#f.#a)[K],(#G-1.#a.#f)[M],(b.#g)[M],#g[JL],(#G-1.#c1)[M],#d1[M],#d1[M],#d1[M],#c1[M],#d1[M],#d1[M],#d1[M],#d1[M],e1[M],e1[M],e1[L],#g1[M],#d1[M],e1[M],(#G-1.#c1)[M],#d1[M],#d1[M],#d1[M],#c1[M],#d1[M],#d1[M],#d1[M],#d1[M],e1[M],e1[M],e1[L],#g1[M],#d1[M],e1[M],(#c.#g)[L],(#c.#g)[L],(#c.#g)[M],#g1[M],(#g.#c.#d1)[M],e1[M],(#g.c.#g1)[L],(#g.c.#g1)[L],(#g.c)[L],(#g.c)[L],(#f.B-1)[M],#f1[M],(#f.B-1.#f1)[M],#f1[M],(e.A-1.e1)[L],(A-1.e.#g1)[L],(#G-1.e.#g1)[L],(#G-1.e)[L],(#G-1.e)[L],(#G-1.e)[L],(A-1.e)[M],#f1[M],(A-1.e.#f1)[M],#f1[M],(A-1.e.e1)[L],(A-1.e.b1)[L],(e.#g.b1)[L],(e.#g)[L],(e.#g)[M],#g1[M],(e.#g.#d1)[M],e1[M],(#g.#c.#g1)[L],(#g.#c)[L],(#g.#c)[M],#g1[M],(#g.#c.#d1)[M],e1[M],(#g.c.#g1)[L],(#g.c.#g1)[L],(#g.c)[L],(#g.c)[L],(#f.B-1)[M],#f1[M],(#f.B-1.#f1)[M],#f1[M],(A-1.e.e1)[L],(A-1.e.#g1)[L],(e.#G-1.#g1)[L],(e.#G-1)[L],(e.#G-1)[L],(e.#G-1)[L],(e.A-1)[M],#f1[M],(e.A-1.#f1)[M],#f1[M],(e.A-1.e1)[L],(e.A-1.b1)[L],(e.#g.b1)[L],(e.#g)[L],(e.#g.a1)[M],#g1[M],(e.#g.#f1)[M],e1[M],"]},{"id":2,"baseBeats":0.25,"scores":["(#G-1.b.#g1)[M],b[M],b[M],b[L],b[M],b[M],b[M],(#G-1.#a)[M],#a[M],#a[M],#a[L],(#a.#g1)[M],(#a.#d1)[M],(#a.e1)[M],(E-1.b)[M],b[M],b[M],b[L],b[M],b[M],b[M],(E-1.#a)[M],#a[M],#a[M],#a[L],(#a.#g1)[M],(#a.#d1)[M],(#a.e1)[M],E-1[J],(#G-1.#c1.#g)[M],(#d1.b)[M],(b.#d1)[KL],(#G-1.#c1.#g)[M],(#d1.b)[M],(#d1.b)[M],(#d1.b)[M],(#g.#c1)[M],(b.#d1)[M],(b.#d1)[M],(#d1.b)[M],(E-1.#g.#c1)[M],(#d1.b)[M],(b.#d1)[KL],(E-1.#g.#c1)[M],(b.#g)[M],(#g.b)[L],(E-1.#c1.#g)[M],(#g.b)[M],(b.#g)[L],(#F-1.b.#g)[M],(#a.#f)[M],(#a.#f)[KL],(#D-1.b.#g)[M],(#f.#a)[M],(#a.#f)[L],(#a.#f)[K],(#G-1.#a.#f)[M],(b.#g)[M],#g[KL],#G-1[J],(#G-1.#c1)[M],#d1[M],#d1[M],#d1[M],#c1[M],#d1[M],#d1[M],#d1[M],(#G-1.#d1)[M],e1[M],e1[M],e1[L],#g1[M],#d1[M],e1[M],(#G-1.#c1)[M],#d1[M],#d1[M],#d1[M],#c1[M],#d1[M],#d1[M],#d1[M],(#G-1.#d1)[M],e1[M],e1[M],e1[L],#g1[M],#d1[M],e1[M],(#g.#c)[L],(#g.#c)[L],(#g.#c)[M],#g1[M],(#g.#c.#d1)[M],e1[M],(#g.c.#g1)[L],(#g.c.#g1)[L],(#g.c)[L],(#g.c)[L],(#f.B-1)[M],#f1[M],(#f.B-1.#f1)[M],#f1[M],(e.A-1.e1)[L],(e.A-1.#g1)[L],(e.#G-1.#g1)[L],(e.#G-1)[L],(e.#G-1)[L],(e.#G-1)[L],(e.A-1)[M],#f1[M],(e.A-1.#f1)[M],#f1[M],(e.A-1.e1)[L],(e.A-1.b1)[L],(e.#g.b1)[L],(#g.e)[L],(#g.e)[M],#g1[M],(e.#g.#d1)[M],e1[M],(#g.#c.#g1)[L],(#c.#g)[L],(#c.#g)[M],#g1[M],(#c.#g.#d1)[M],e1[M],(c.#g.#g1)[L],(c.#g.#g1)[L],(c.#g)[L],(c.#g)[L],(#f.B-1)[M],#f1[M],(#f.B-1.#f1)[M],#f1[M],(e.A-1.e1)[L],(e.A-1.#g1)[L],(e.#G-1.#g1)[L],(e.#G-1)[L],(e.#G-1)[L],(e.#G-1)[L],(e.A-1)[M],#f1[M],(e.A-1.#f1)[M],#f1[M],(e.A-1.e1)[L],(e.A-1.b1)[L],(e.#g.b1)[L],(e.#g)[L],(e.#g.a1)[M],#g1[M],(e.#g.#f1)[M],e1[M],(#g.#c.#g1)[L],(#c.#g)[L],(#c.#g)[M],#g1[M],(#c.#g.#d1)[M],e1[M],(#g.c)[L],(#g.c)[L],(#g.c)[M],#g1[M],(#g.c.#d1)[M],e1[M],(#f.B-1)[M],#f1[M],(#f.B-1.#f1)[M],#f1[M],(e.A-1.e1)[L],(e.A-1.#g1)[L],(e.#G-1.#g1)[L],(e.#G-1)[L],(e.#G-1)[L],(e.#G-1)[L],(e.A-1)[M],#f1[M],(e.A-1.#f1)[M],#f1[M],(A-1.e.e1)[L],(A-1.e.b1)[L],(#g.e.b1)[L],(#g.e)[L],"]},{"id":3,"baseBeats":0.25,"scores":["(#g.e.a1)[M],#g1[M],(#g.e.#f1)[M],e1[M],(e.#G-1.a1)[M],#g1[M],(e.#G-1.#f1)[M],e1[M],(e.#G-1.a1)[M],#g1[M],(e.#G-1.#f1)[M],e1[M],(#f.#G-1.a1)[M],#g1[M],(#f.#G-1.#f1)[M],e1[M],(#f.#G-1.a1)[M],#g1[M],(#f.#G-1.#f1)[M],e1[M],(#G-1.#g.a1)[M],#g1[M],(#G-1.#g.#f1)[M],e1[M],(#G-1.#g.a1)[M],#g1[M],(#G-1.#g.#f1)[M],e1[M],(#G-1.#g.a1)[M],#g1[M],(#G-1.#g.#f1)[M],e1[M],(#G-1.#g.a1)[M],#g1[M],(#G-1.#g.#d1)[M],e1[M],(#g.#c)[L],(#c.#g)[L],(#c.#g)[M],#g1[M],(#c.#g.#d1)[M],e1[M],(#g.c.#g1)[L],(#g.c.#g1)[L],(#g.c)[L],(#g.c)[L],(#f.B-1)[M],#f1[M],(#f.B-1.#f1)[M],#f1[M],(A-1.e.e1)[L],(A-1.e.#g1)[L],(#G-1.e.#g1)[L],(#G-1.e)[L],(#G-1.e)[L],(#G-1.e)[L],(A-1.e)[M],#f1[M],(A-1.e.#f1)[M],#f1[M],(A-1.e.e1)[L],(A-1.e.b1)[L],(e.#g.b1)[L],(e.#g)[L],(e.#g)[M],#g1[M],(e.#g.#d1)[M],e1[M],(#g.#c.#g1)[L],(#g.#c)[L],(#c.#g)[M],#g1[M],(#c.#g.#d1)[M],e1[M],(#g.c.#g1)[L],(#g.c.#g1)[L],(#g.c)[L],(#g.c)[L],(#f.B-1)[M],#f1[M],(#f.B-1.#f1)[M],#f1[M],(e.A-1.e1)[L],(A-1.e.#g1)[L],(e.#G-1.#g1)[L],(#G-1.e)[L],(#G-1.e)[L],(#G-1.e)[L],(A-1.e)[M],#f1[M],(A-1.e.#f1)[M],#f1[M],(A-1.e.e1)[L],(A-1.e.b1)[L],(e.#g.b1)[L],(e.#g)[L],(e.#g)[M],#g1[M],(e.#g.#d1)[M],e1[M],(#g.#c)[L],(#c.#g)[L],(#g.#c)[M],#g1[M],(#c.#g.#d1)[M],e1[M],(#g.c)[L],(#g.c)[L],(#g.c)[M],#g1[M],(#g.c.#d1)[M],e1[M],(#f.B-1)[M],#f1[M],(#f.B-1.#f1)[M],#f1[M],(A-1.e.e1)[L],(A-1.e.#g1)[L],(#G-1.e.#g1)[L],(#G-1.e)[L],(#G-1.e)[M],#g1[M],(#G-1.e.#d1)[M],e1[M],(A-1.e)[M],#f1[M],(A-1.e.#f1)[M],#f1[M],(A-1.e.e1)[L],(A-1.e.b1)[L],(e.#g.b1)[L],(e.#g)[L],(e.#g)[M],#g1[M],(e.#g.#d1)[M],e1[M],(#g.#c.#g1)[L],(#g.#c)[L],(#c.#g)[M],#g1[M],(#c.#g.#d1)[M],e1[M],(c.#g.#g1)[L],(#g1.c.#g)[L],(c.#g)[M],#g1[M],(c.#g.#d1)[M],e1[M],(B-1.#f)[M],#f1[M],(#f1.#f.B-1)[M],#f1[M],(A-1.e.e1)[L],(#g1.e.A-1)[L],(e.#G-1.#g1)[L],(#G-1.e)[L],(e.#G-1)[M],#g1[M],(e.#G-1.#d1)[M],e1[M],(A-1.e)[M],#f1[M],(A-1.e.#f1)[M],#f1[M],(e1.e.A-1)[L],(b1.e.A-1)[L],(b1.#g.e)[L],(#g.e)[L],(#g.e)[M],#g1[M],(#d1.#g.e)[M],e1[M],(#g1.#c.#g)[L],(#c.#g)[L],(#c.#g)[M],#g1[M],(#d1.#c.#g)[M],e1[M],(#g1.c.#g)[L],(#g1.c.#g)[L],(c.#g)[M],#g1[M],(#d1.c.#g)[M],e1[M],(B-1.#f)[M],#f1[M],(B-1.#f.#f1)[M],#f1[M],(A-1.e.e1)[L],(A-1.e.#g1)[L],(e.#G-1.#g1)[JLM],"]}],"audition":{"start":[0,0],"end":[0,20]}}