{"baseBpm":62,"musics":[{"bpm":62,"baseBeats":0.5,"scores":["(C-1.c)[K],c1[L],#d1[L],f1[L],#f1[L],f1[L],#d1[L],c1[J],5<#a[M],d1[M]>,c1[J],"],"id":1,"instruments":["piano","piano"],"alternatives":["",""]},{"bpm":62,"baseBeats":0.5,"scores":["(G-2.G-1)[L],(C-1.c)[K],(C-1.c)[K],c1[L],#d1[L],f1[L],#f1[L],f1[L],#d1[L],"],"id":2,"instruments":["piano","piano"],"alternatives":["",""]},{"bpm":62,"baseBeats":0.5,"scores":["(#f1.#F-1.#F-2)[J],#f1[L],f1[L],#d1[L],#f1[L],f1[L],#f1[L],(c1.c.C-1)[J];3<(#g3.g3.#f3.e3.#d3.d3.c3.b2.a2.f2.#a)[N],(e3.b2)[N],(#d3.c3.a2.f2.c2)[N],(a.d1.#f1.a1.c2.b2.#c3.d3)[O],(d3.b3)[O],a1[P],(g1.e2.b2)[P],(c2.#d2.#f2)[N],#a2[P],(d3.e3.f3.g3)[N],#a3[O]>,(C-2.C-1.c.c1.c2.c3)[K],(C-2.C-1.c.c1.c2.c3.c4)[L],(#D-2.#D-1.#d.#d1.#d2.#d3.#d4)[L],(F-2.F-1.f.f1.f2.f3.f4)[L],(#F-2.#F-1.#f.#f1.#f2.#f3.#f4)[L],(F-2.F-1.f.f1.f2.f3.f4)[L],(#D-2.#D-1.#d.#d1.#d2.#d3.#d4)[L],(C-2.C-1.c.c1.c2.c3)[J],5<(#A-3.#A-2.#A-1.#a.#a1.#a2.#a3)[M],(D-2.D-1.d.d1.d2.d3.d4)[M]>,(C-2.C-1.c.c1.c2.c3.c4)[J],"],"id":3,"instruments":["piano","piano"],"alternatives":["",""]}],"audition":{"start":[0,0],"end":[2,8]}}