{"baseBpm":110,"musics":[{"id":1,"baseBeats":0.25,"scores":["(C-2.C-1)[L],c2[M],#d2[M],f2[M],#f2[M],f2[M],#d2[M],c2[L],8<#a1[N],d2[N]>,c2[L],G-2[M],(C-2.C-1)[L],c2[M],#d2[M],f2[M],#f2[M],f2[M],#d2[M],#f2[L],8<#f2[N],f2[N]>,#d2[M],8<#f2[N],f2[N]>,#d2[M],(C-2.C-1)[L],c2[M],#d2[M],f2[M],#f2[M],f2[M],#d2[M],c2[L],8<#a1[N],d2[N]>,c2[L],G-2[M],(C-2.C-1)[L],c2[M],#d2[M],f2[M],#f2[M],f2[M],#d2[M],#f2[L],8<#f2[N],f2[N]>,#d2[M],8<#f2[N],f2[N]>,#d2[M],(C-2.C-1)[L],c2[M],#d2[M],f2[M],#f2[M],f2[M],#d2[M],c2[L],8<#a1[N],d2[N]>,c2[L],G-2[M],(C-2.C-1)[L],c2[M],#d2[M],f2[M],#f2[M],f2[M],#d2[M],#f2[L],8<#f2[N],f2[N]>,#d2[M],8<#f2[N],f2[N]>,#d2[M],(C-2.C-1)[L],c2[M],#d2[M],f2[M],#f2[M],f2[M],#d2[M],c2[L],8<#a1[N],d2[N]>,c2[L],G-2[M],(C-2.C-1)[L],c2[M],#d2[M],f2[M],#f2[M],f2[M],#d2[M],#f2[JM];"],"instruments":["piano","piano"],"alternatives":["",""],"bpm":110},{"id":2,"baseBeats":0.25,"scores":["(C-2.C-1)[L],c1[M],#d1[M],f1[M],#f1[M],f1[M],#d1[M],c1[L],8<#a[N],d1[N]>,c1[L],G-2[M],(C-2.C-1)[L],c1[M],#d1[M],f1[M],#f1[M],f1[M],#d1[M],#f1[L],8<#f1[N],f1[N]>,#d1[M],8<#f1[N],f1[N]>,#d1[M],(C-2.C-1)[L],c1[M],#d1[M],f1[M],#f1[M],f1[M],#d1[M],c1[L],8<#a[N],d1[N]>,c1[L],G-2[M],(C-2.C-1)[L],c1[M],#d1[M],f1[M],#f1[M],f1[M],#d1[M],#f1[L],8<#f1[N],f1[N]>,#d1[M],8<#f1[N],f1[N]>,#d1[M];"],"instruments":["piano","piano"],"alternatives":["",""],"bpm":110},{"id":3,"baseBeats":0.25,"scores":["(C-2.C-1)[L],c1[M],#d1[M],f1[M],#f1[M],f1[M],#d1[M],c1[L],8<#a[N],d1[N]>,c1[L],G-2[M],(C-2.C-1)[L],c1[M],#d1[M],f1[M],#f1[M],f1[M],#d1[M],#f1[L],8<#f1[N],f1[N]>,#d1[M],8<#f1[N],f1[N]>,#d1[M],(C-2.C-1)[L],c1[M],#d1[M],f1[M],#f1[M],f1[M],#d1[M],c1[L],8<#a[N],d1[N]>,c1[L],G-2[M],(C-2.C-1)[L],c1[M],#d1[M],f1[M],#f1[M],f1[M],#d1[M],#f1[L],8<#f1[N],f1[N]>,#d1[M],8<#f1[N],f1[N]>,#d1[M],c1[JKL];"],"instruments":["piano","piano"],"alternatives":["",""],"bpm":110}],"audition":{"start":[0,0],"end":[0,18]}}