{"baseBpm":234,"musics":[{"bpm":234,"baseBeats":0.75,"scores":["mute[KL],mute[KL],mute[KL],mute[KL],mute[KL],mute[KL],mute[KL],mute[KL],mute[KL],mute[KL],mute[KL],mute[KL],mute[KL],mute[KL],mute[KL],mute[KL],mute[KL],mute[KL],mute[KL],mute[KL],mute[KL],mute[KL],mute[KL],mute[KL],mute[KLO],mute[KLO],mute[KLO],mute[KLN],mute[KLN],mute[KLNO],mute[JKLMN],mute[KM],mute[JL],mute[JLO],mute[IL],mute[JM],mute[JM],mute[JM],mute[JM],mute[IL],mute[IL],mute[IL],mute[IL],mute[JKMN],mute[KN],mute[JM],mute[JM],mute[JM],mute[JM],mute[IL],mute[KL],mute[KL],mute[KL],mute[IL],mute[JKMN],mute[KN],mute[JM],mute[JM],mute[IL],mute[IL],mute[IL],mute[IL],mute[JM],mute[KN],mute[KN],mute[JMN],mute[JMO],mute[ILMN],mute[KLN],mute[KLO],mute[KL],mute[KL],mute[KL],mute[KL],mute[KL],mute[KL],mute[KL],mute[KL],mute[KL],mute[KL],mute[KL],mute[KL],mute[KL],mute[KL],mute[KL],mute[KL],mute[KL],mute[KL],mute[KL],mute[KLO],mute[KLN],mute[KLN],mute[JM],mute[JM],mute[JM],mute[JM],mute[JM],mute[JM],mute[JM],mute[JM],mute[JM],mute[KN],mute[KN],mute[KL],mute[LM],mute[LM],mute[KL],mute[JM],mute[JM],mute[JM],mute[JMO],mute[JMNO],mute[JLN],mute[JM],mute[JM],mute[JM],mute[JM],mute[JM],mute[KN],mute[KN],mute[JM],mute[JM],mute[JM],mute[KN],mute[KN],mute[JM],mute[JM],mute[JM],mute[JM],mute[JM],mute[KN],mute[KN],mute[JM],mute[JM],mute[JM],mute[JM],mute[JM],mute[JM],mute[JMO],mute[JL],mute[KLNO],mute[KLO],mute[KL],mute[KL],mute[KL],mute[KL],mute[KL],mute[KL],mute[KL],mute[KL],mute[KL],mute[KL],mute[KL],mute[KL],mute[KL],mute[KL],mute[KLMN],mute[KN],mute[JM],mute[JM],mute[JM],mute[JM],mute[JM],mute[JM],mute[JM],mute[JM],mute[JM],mute[JM],mute[KL],mute[LM],mute[LM],mute[KL],mute[KL],mute[KL],mute[KL],mute[KL],mute[KLMN],mute[KN],mute[KL],mute[LM],mute[LM],mute[KL],mute[KL],mute[KL],mute[KL],mute[KL],mute[LM],mute[LM],mute[KL],mute[KL],mute[LM],mute[LM],mute[KL],mute[KL],mute[KL],mute[KL],mute[KL],mute[KLMN],mute[KN],mute[KL],mute[LM],mute[LM],mute[KL],mute[KL],mute[KL],mute[KL],mute[KL],mute[LM],mute[KN],mute[KN],mute[KN],mute[LM],mute[LM],mute[LM],mute[KN],mute[KL],mute[KL],mute[KL],mute[KL],mute[KL],mute[KL],mute[KL],mute[KL],mute[KL],mute[KL],mute[KL],mute[KL],mute[KL],mute[KL],mute[KL],5<UV>,5<UV>,mute[KL],mute[KL],mute[KL],mute[KL],mute[KL];","(g.#d1.#d)[KL],#d1[KL],#a[KL],g1[KL],#d1[KL],#a1[KL],g1[KL],g2[KL],#d2[KL],(d2.#A-1)[KL],#g2[KL],f2[KL],d2[KL],#a1[KL],#g1[KL],f1[KL],d1[KL],#g[KL],(g.c)[KL],c1[KL],#d1[KL],(#g.#G-1)[KL],c1[KL],f1[KL],(f.#A-1)[KLO],#a[KLO],d1[KLO],(#g.#D-1)[KLN],d1[KLN],f1[KLNO],(#d1.g.#d)[JKLMN],g1[KM],g1[JL],#g1[JLO],(#a1.#D-1)[IL],(g1.#d1.#a)[JM],#a1[JM],(g1.#d1.#a.#g1.G-1)[JM],g1[JM],(f1.#A-1)[IL],(f1.d1.#a)[IL],(g1.e1.#a.G-1)[IL],(g1.F-1)[IL],(#g1.f1.c1)[JKMN],c2[KN],(f1.c1.#g.#g1.#G-1)[JM],f1[JM],(d1.#a.f.#A-1)[JM],(#d1.#a.c)[JM],(f1.#a.d)[IL],(#g1.f1.d1.#A-1)[KL],g1[KL],#g1[KL],(#g1.#D-1)[IL],(g1.#d1.#a.#d)[JKMN],g1[KN],(f1.g1.b.a1.d)[JM],b1[JM],(c2.c)[IL],(g1.#d1.c1)[IL],(g1.f1.d1.d2.B-1)[IL],(#d2.c)[IL],(g1.#d1)[JM],f2[KN],#d2[KN],(c2.#f1.#d1.d2.#G-1)[JMN],c2[JMO],(c2.#f1.#d1.G-1)[ILMN],(d1.b1.g)[KLN],b1[KLO],g1[KL],d2[KL],b1[KL],g2[KL],d2[KL],b2[KL],g2[KL],d3[KL],b2[KL],f3[KL],d3[KL],b2[KL],g2[KL],f2[KL],d2[KL],b1[KL],g1[KL],f1[KL],d1[KL],(b.g1)[KLO],g[KLN],f[KLN],(e.e2.C-1.c)[JM],(e1.c1.g)[JM],(C-1.c)[JM],(e1.c1.g.e2)[JM],(d2.C-1.c)[JM],(e1.c1.g.c2)[JM],(c2.C-1.c)[JM],(f1.d1.g)[JM],(b1.C-1.c)[JM],(f1.d1.g)[KN],b1[KN],(b1.C-1.c)[KL],c2[LM],(f1.d1.g)[LM],d2[KL],(d2.C-1.c)[JM],(e1.c1.g)[JM],(e1.c1.g.e2.C-1.c)[JM],(#d1.c1.g.#d2)[JMO],(#d1.c1.g.#d2.C-1.c)[JMNO],(#d1.c1.g.#d2)[JLN],(#d1.#c1.g.#d2.#A-2.#A-1)[JM],(#d1.#c1.g)[JM],(#d1.#c1.g)[JM],(#d1.#c1.g.#d2)[JM],(#d1.#c1.g.#d2)[JM],(#d1.#c1.g)[KN],#d2[KN],(#d1.c1.#g.f2.#G-2.#G-1)[JM],(#d1.c1.#g)[JM],(#d1.c1.#g.#d2)[JM],(#d1.c1.#g)[KN],#d2[KN],(#d1.c1.#f.d2.A-2.A-1)[JM],(#d1.c1.#f.c2)[JM],(#a1.#A-2.#A-1)[JM],(#d1.#a.g)[JM],(#d1.#a.g)[JM],(#d1.#a.g.c2)[KN],#a1[KN],(#d1.#a.g.#g1)[JM],(#d1.#a.g.g1)[JM],(f1.#A-2.#A-1)[JM],(#d1.#a.f)[JM],(#d1.#a.f)[JM],(#d1.#a.f)[JM],(d1.#a.f.#a1.#A-2.#A-1)[JMO],(d1.#a.f)[JL],(a1.C-1)[KLNO],c[KLO],#d[KL],a[KL],c1[KL],#d1[KL],a1[KL],c2[KL],#d2[KL],a2[KL],c3[KL],d3[KL],#d3[KL],c3[KL],a2[KL],(#d2.#d1)[KL],c2[KL],#a1[MN],#a1[KN],(a1.#a1.c1)[JM],(a1.f1)[JM],c1[JM],(a1.f1.#d1)[JM],(a1.f1.#d1.c1)[JM],(#a1.f1.#d1.#a)[JM],(c2.f1.#d1.a)[JM],(#d2.c2.f1)[JM],a[JM],(#d2.c2.f1)[JM],(c2.a)[KL],d2[LM],(#d2.c2.f1)[LM],#d2[KL],(f1.#d2.#A-1.#a)[KL],#a1[KL],d2[KL],(f1.d2)[KL],#a1[KL],#c2[MN],#c2[KN],(e1.#c2.G-1.g)[KL],#a1[LM],#c2[LM],#c2[KL],(f1.c2.#G-1.#g)[KL],#g1[KL],c2[KL],f1[KL],#g1[LM],c2[LM],c2[KL],(f1.c2)[KL],#g1[LM],c2[LM],c2[KL],(f1.d2.#G-1.#g)[KL],#a1[KL],d2[KL],(g1.#d2.G-1.g)[KL],#a1[KL],#d2[MN],#d2[KN],(#f1.d2.A-1.a)[KL],c2[LM],c2[LM],#d2[KL],(g1.#a1.#A-1.#a)[KL],#a1[KL],#d2[KL],g1[KL],#a1[LM],#d2[LM],#d2[MN],d2[KN],(#d1.c2)[KN],#a1[MN],g1[LM],#g1[LM],#a1[MN],g1[KN],(d1.f1.#A-2.#A-1)[KL],f1[KL],#g1[KL],#a[KL],d1[KL],f1[KL],(#g.#a1)[KL],#a[KL],d1[KL],(g.#d1.#D-1)[KL],#d1[KL],#a[KL],g1[KL],#d1[KL],#a1[KL],(#g1.#A-1)[M],#a1[MO],#g1[M],#a1[MO],#g1[MN],f2[KL],d2[KL],(g1.#d)[KL],#d2[KL],#a1[KL];"],"id":1,"instruments":["piano","piano"],"alternatives":["",""]},{"bpm":234,"baseBeats":0.75,"scores":["mute[KL],mute[KL],mute[KL],5<UV>,5<UV>,mute[KL],mute[KL],mute[ILNO],mute[JKLN],mute[KM],mute[JMNO],mute[JMNO],mute[IL],mute[JM],mute[JM],mute[JM],mute[JM],mute[IL],mute[IL],mute[IL],mute[IL],mute[JKMN],mute[KN],mute[JM],mute[JM],mute[JM],mute[JM],mute[IL],mute[KL],mute[KL],mute[KL],mute[IL],mute[JKMN],mute[KN],mute[JM],mute[JM],mute[IL],mute[IL],mute[IL],mute[IL],mute[JM],mute[KN],mute[KN],mute[JMO],mute[JMNO],mute[ILMN],mute[KLN],mute[KLO],mute[KL],mute[KL],mute[KL],mute[KL],mute[KL],mute[KL],mute[KL],mute[KL],mute[KL],mute[KL],mute[KL],mute[KL],mute[KL],mute[KL],mute[KL],mute[KL],mute[KL],mute[KL],mute[KL],mute[KLO],mute[KLN],mute[KLN],mute[JM],mute[JM],mute[JM],mute[JM],mute[JM],mute[JM],mute[JM],mute[JM],mute[JM],mute[KN],mute[KN],mute[KL],mute[LM],mute[LM],mute[KL],mute[JM],mute[JM],mute[JM],mute[JMO],mute[JMNO],mute[JLN],mute[JM],mute[JM],mute[JM],mute[JM],mute[JM],mute[KN],mute[KN],mute[JM],mute[JM],mute[JM],mute[KN],mute[KN],mute[JM],mute[JM],mute[JM],mute[JM],mute[JM],mute[KN],mute[KN],mute[JM],mute[JM],mute[JM],mute[JM],mute[JM],mute[JM],mute[JMO],mute[JL],mute[KLNO],mute[KLO],mute[KL],mute[KL],mute[KL],mute[KL],mute[KL],mute[KL],mute[KL],mute[KL],mute[KL],mute[KL],mute[KL],mute[KL],mute[KL],mute[KLO],mute[J],mute[KNO],mute[JM],mute[JM],mute[JM],mute[JM],mute[JM],mute[JM],mute[JM],mute[JM],mute[JM],mute[JM],mute[KL],mute[LM],mute[LM],mute[KL],mute[KL],mute[KL],mute[KL],mute[KL],mute[KLMN],mute[KN],mute[KL],mute[LM],mute[LM],mute[KL],mute[KL],mute[KL],mute[KL];","g2[KL],#d2[KL],#a2[KL],(#g2.#a)[M],#a2[MO],#g2[M],#a2[MO],#g2[MN],f3[KL],d3[KL],(#g2.f3.#d1)[ILNO],(#d3.g2.#d)[JKLN],g1[KM],g1[JMNO],#g1[JMNO],(#a1.#D-1)[IL],(g1.#d1.#a)[JM],#a1[JM],(g1.#d1.#a.#g1.G-1)[JM],g1[JM],(f1.#A-1)[IL],(f1.d1.#a)[IL],(g1.e1.#a.G-1)[IL],(g1.F-1)[IL],(#g1.f1.c1)[JKMN],c2[KN],(f1.c1.#g.#g1.#G-1)[JM],f1[JM],(d1.#a.f.#A-1)[JM],(#d1.#a.c)[JM],(f1.#a.d)[IL],(#g1.f1.d1.#A-1)[KL],g1[KL],#g1[KL],(#g1.#D-1)[IL],(g1.#d1.#a.#d)[JKMN],g1[KN],(f1.g1.b.a1.d)[JM],b1[JM],(c2.c)[IL],(g1.#d1.c1)[IL],(g1.f1.d1.d2.B-1)[IL],(#d2.c)[IL],(g1.#d1)[JM],f2[KN],#d2[KN],(c2.#f1.#d1.d2.#G-1)[JMO],c2[JMNO],(c2.#f1.#d1.G-1)[ILMN],(d1.b1.g)[KLN],b1[KLO],g1[KL],d2[KL],b1[KL],g2[KL],d2[KL],b2[KL],g2[KL],d3[KL],b2[KL],f3[KL],d3[KL],b2[KL],g2[KL],f2[KL],d2[KL],b1[KL],g1[KL],f1[KL],d1[KL],(b.g1)[KLO],g[KLN],f[KLN],(e.e2.C-1.c)[JM],(e1.c1.g)[JM],(C-1.c)[JM],(e1.c1.g.e2)[JM],(d2.C-1.c)[JM],(e1.c1.g.c2)[JM],(c2.C-1.c)[JM],(f1.d1.g)[JM],(b1.C-1.c)[JM],(f1.d1.g)[KN],b1[KN],(b1.C-1.c)[KL],c2[LM],(f1.d1.g)[LM],d2[KL],(d2.C-1.c)[JM],(e1.c1.g)[JM],(e1.c1.g.e2.C-1.c)[JM],(#d1.c1.g.#d2)[JMO],(#d1.c1.g.#d2.C-1.c)[JMNO],(#d1.c1.g.#d2)[JLN],(#d1.#c1.g.#d2.#A-2.#A-1)[JM],(#d1.#c1.g)[JM],(#d1.#c1.g)[JM],(#d1.#c1.g.#d2)[JM],(#d1.#c1.g.#d2)[JM],(#d1.#c1.g)[KN],#d2[KN],(#d1.c1.#g.f2.#G-2.#G-1)[JM],(#d1.c1.#g)[JM],(#d1.c1.#g.#d2)[JM],(#d1.c1.#g)[KN],#d2[KN],(#d1.c1.#f.d2.A-2.A-1)[JM],(#d1.c1.#f.c2)[JM],(#a1.#A-2.#A-1)[JM],(#d1.#a.g)[JM],(#d1.#a.g)[JM],(#d1.#a.g.c2)[KN],#a1[KN],(#d1.#a.g.#g1)[JM],(#d1.#a.g.g1)[JM],(f1.#A-2.#A-1)[JM],(#d1.#a.f)[JM],(#d1.#a.f)[JM],(#d1.#a.f)[JM],(d1.#a.f.#a1.#A-2.#A-1)[JMO],(d1.#a.f)[JL],(a1.C-1)[KLNO],c[KLO],#d[KL],a[KL],c1[KL],#d1[KL],a1[KL],c2[KL],#d2[KL],a2[KL],c3[KL],d3[KL],#d3[KL],c3[KL],a2[KL],(#d2.#d1)[KLO],c2[KLO],#a1[MNO],#a1[KNO],(a1.#a1.c1)[JM],(a1.f1)[JM],c1[JM],(a1.f1.#d1)[JM],(a1.f1.#d1.c1)[JM],(#a1.f1.#d1.#a)[JM],(c2.f1.#d1.a)[JM],(#d2.c2.f1)[JM],a[JM],(#d2.c2.f1)[JM],(c2.a)[KL],d2[LM],(#d2.c2.f1)[LM],#d2[KL],(f1.#d2.#A-1.#a)[KL],#a1[KL],d2[KL],(f1.d2)[KL],#a1[KL],#c2[MN],#c2[KN],(e1.#c2.G-1.g)[KL],#a1[LM],#c2[LM],#c2[KL],(f1.c2.#G-1.#g)[KL],#g1[KL],c2[KL];"],"id":2,"instruments":["piano","piano"],"alternatives":["",""]},{"bpm":234,"baseBeats":0.75,"scores":["mute[KL],mute[LM],mute[LM],mute[KL],mute[KL],mute[LM],mute[LM],mute[KL],mute[KL],mute[KL],mute[KL],mute[KL],mute[KLMN],mute[KN],mute[KL],mute[LM],mute[LM],mute[KL],mute[KL],mute[KL],mute[KL],mute[KL],mute[LM],mute[KN],mute[KN],mute[KN],mute[LM],mute[LM],mute[LM],mute[KN],mute[KL],mute[KL],mute[KL],mute[KL],mute[KL],mute[KL],mute[KL],mute[KL],mute[KL],mute[KL],mute[KL],mute[KL],mute[KL],mute[KL],mute[KL],5<UV>,5<UV>,mute[KL],mute[KL],mute[KL],mute[KL],mute[KL],mute[KL],mute[KL],mute[KL],5<UV>,5<UV>,mute[KL],mute[KL],mute[ILMN],mute[JKLNO],mute[KNO],mute[JMNO],mute[JMNO],mute[IL],mute[JM],mute[JM],mute[JM],mute[JM],mute[IL],mute[IL],mute[IL],mute[IL],mute[JKMN],mute[KN],mute[JM],mute[JM],mute[JM],mute[JM],mute[IL],mute[KL],mute[KL],mute[KL],mute[IL],mute[JKMN],mute[KN],mute[JM],mute[JM],mute[IL],mute[IL],mute[IL],mute[IL],mute[JM],mute[KN],mute[KN],mute[JMO],mute[JMN],mute[ILMN],mute[KLN],mute[KLO],mute[KL],mute[KL],mute[KL],mute[KL],mute[KL],mute[KL],mute[KL],mute[KL],mute[KL],mute[KL],mute[KL],mute[KL],mute[KL],mute[KL],mute[KL],mute[KL],mute[KL],mute[KL],mute[KL],mute[KLO],mute[KLN],mute[KLN],mute[JM],mute[JM],mute[JM],mute[JM],mute[JM],mute[JM],mute[JM],mute[JM],mute[JM],mute[KN],mute[KN],mute[KL],mute[LM],mute[LM],mute[KL],mute[JM],mute[JM],mute[JM],mute[JMO],mute[JL],mute[JLN],mute[JMN],mute[JM],mute[JM],mute[JM],mute[JM],mute[KN],mute[KN],mute[JM],mute[JM],mute[JM],mute[KN],mute[KN],mute[JM],mute[JM],mute[JM],mute[JM],mute[JM],mute[KN],mute[KN],mute[JM],mute[JM],mute[JM],mute[JM],mute[JM],mute[JMO],mute[JMNO],mute[JMNO],mute[KLN],mute[KLO],mute[KL],mute[KL],mute[KL],mute[KL],mute[KL],mute[KL],mute[KL],mute[KL],mute[KL],mute[KL],mute[KL],mute[KL],mute[KL],mute[KLO],mute[J],mute[KM],mute[JM],mute[JM],mute[JM],mute[JM],mute[JM],mute[JM],mute[JM],mute[JM],mute[JM],mute[JM],mute[KL],mute[LM],mute[LM],mute[KL],mute[KL],mute[KL],mute[KL],mute[KL],mute[KLMN],mute[KN],mute[KL],mute[LM],mute[LM],mute[KL],mute[KL],mute[KL],mute[KL],mute[KL],mute[LM],mute[LM],mute[KL],mute[KL],mute[LM],mute[LM],mute[KL],mute[KL],mute[KL],mute[KL],mute[KL],mute[KLMN],mute[KN],mute[KL],mute[LM],mute[LM],mute[KL],mute[KL],mute[KL],mute[KL],mute[KL],mute[LM],mute[KN],mute[KN],mute[KN],mute[LM],mute[LM],mute[LM],mute[KN],mute[KL],mute[KL],mute[KL],mute[KL],mute[KL],mute[KL],mute[KLN],mute[KLN],mute[KLN],mute[KLM],mute[KLN],mute[KLO],mute[KLO],mute[KLO],mute[KLO],5<UV>,5<UV>,mute[KLN],mute[KL],mute[KLN],mute[KL],mute[KLO],mute[KLO],mute[KLO],mute[KLNO],5<UV>,5<UV>,mute[KLNO],mute[KLNO],mute[IKMO],mute[HI],ST;","f1[KL],#g1[LM],c2[LM],c2[KL],(f1.c2)[KL],#g1[LM],c2[LM],c2[KL],(f1.d2.#G-1.#g)[KL],#a1[KL],d2[KL],(g1.#d2.G-1.g)[KL],#a1[KL],#d2[MN],#d2[KN],(#f1.d2.A-1.a)[KL],c2[LM],c2[LM],#d2[KL],(g1.#a1.#A-1.#a)[KL],#a1[KL],#d2[KL],g1[KL],#a1[LM],#d2[LM],#d2[MN],d2[KN],(#d1.c2)[KN],#a1[MN],g1[LM],#g1[LM],#a1[MN],g1[KN],(d1.f1.#A-2.#A-1)[KL],f1[KL],#g1[KL],#a[KL],d1[KL],f1[KL],(#g.#a1)[KL],#a[KL],d1[KL],(g.#d1.#D-1)[KL],#d1[KL],#a[KL],g1[KL],#d1[KL],#a1[KL],(#g1.#A-1)[MO],#a1[M],#g1[MO],#a1[M],#g1[MN],f2[KL],d2[KL],(g1.#d)[KL],#d2[KL],#a1[KL],g2[KL],#d2[KL],#a2[KL],(#g2.#a)[MO],#a2[M],#g2[MO],#a2[M],#g2[MN],f3[KL],d3[KL],(#g2.f3.#d1)[ILMN],(#d3.g2.#d)[JKLNO],g1[KNO],g1[JMNO],#g1[JMNO],(#a1.#D-1)[IL],(g1.#d1.#a)[JM],#a1[JM],(g1.#d1.#a.#g1.G-1)[JM],g1[JM],(f1.#A-1)[IL],(f1.d1.#a)[IL],(g1.e1.#a.G-1)[IL],(g1.F-1)[IL],(#g1.f1.c1)[JKMN],c2[KN],(f1.c1.#g.#g1.#G-1)[JM],f1[JM],(d1.#a.f.#A-1)[JM],(#d1.#a.c)[JM],(f1.#a.d)[IL],(#g1.f1.d1.#A-1)[KL],g1[KL],#g1[KL],(#g1.#D-1)[IL],(g1.#d1.#a.#d)[JKMN],g1[KN],(f1.g1.b.a1.d)[JM],b1[JM],(c2.c)[IL],(g1.#d1.c1)[IL],(g1.f1.d1.d2.B-1)[IL],(#d2.c)[IL],(g1.#d1)[JM],f2[KN],#d2[KN],(c2.#f1.#d1.d2.#G-1)[JMO],c2[JMN],(c2.#f1.#d1.G-1)[ILMN],(d1.b1.g)[KLN],b1[KLO],g1[KL],d2[KL],b1[KL],g2[KL],d2[KL],b2[KL],g2[KL],d3[KL],b2[KL],f3[KL],d3[KL],b2[KL],g2[KL],f2[KL],d2[KL],b1[KL],g1[KL],f1[KL],d1[KL],(b.g1)[KLO],g[KLN],f[KLN],(e.e2.C-1.c)[JM],(e1.c1.g)[JM],(C-1.c)[JM],(e1.c1.g.e2)[JM],(d2.C-1.c)[JM],(e1.c1.g.c2)[JM],(c2.C-1.c)[JM],(f1.d1.g)[JM],(b1.C-1.c)[JM],(f1.d1.g)[KN],b1[KN],(b1.C-1.c)[KL],c2[LM],(f1.d1.g)[LM],d2[KL],(d2.C-1.c)[JM],(e1.c1.g)[JM],(e1.c1.g.e2.C-1.c)[JM],(#d1.c1.g.#d2)[JMO],(#d1.c1.g.#d2.C-1.c)[JL],(#d1.c1.g.#d2)[JLN],(#d1.#c1.g.#d2.#A-2.#A-1)[JMN],(#d1.#c1.g)[JM],(#d1.#c1.g)[JM],(#d1.#c1.g.#d2)[JM],(#d1.#c1.g.#d2)[JM],(#d1.#c1.g)[KN],#d2[KN],(#d1.c1.#g.f2.#G-2.#G-1)[JM],(#d1.c1.#g)[JM],(#d1.c1.#g.#d2)[JM],(#d1.c1.#g)[KN],#d2[KN],(#d1.c1.#f.d2.A-2.A-1)[JM],(#d1.c1.#f.c2)[JM],(#a1.#A-2.#A-1)[JM],(#d1.#a.g)[JM],(#d1.#a.g)[JM],(#d1.#a.g.c2)[KN],#a1[KN],(#d1.#a.g.#g1)[JM],(#d1.#a.g.g1)[JM],(f1.#A-2.#A-1)[JM],(#d1.#a.f)[JM],(#d1.#a.f)[JM],(#d1.#a.f)[JMO],(d1.#a.f.#a1.#A-2.#A-1)[JMNO],(d1.#a.f)[JMNO],(a1.C-1)[KLN],c[KLO],#d[KL],a[KL],c1[KL],#d1[KL],a1[KL],c2[KL],#d2[KL],a2[KL],c3[KL],d3[KL],#d3[KL],c3[KL],a2[KL],(#d2.#d1)[KLO],c2[KLN],#a1[MN],#a1[KM],(a1.#a1.c1)[JM],(a1.f1)[JM],c1[JM],(a1.f1.#d1)[JM],(a1.f1.#d1.c1)[JM],(#a1.f1.#d1.#a)[JM],(c2.f1.#d1.a)[JM],(#d2.c2.f1)[JM],a[JM],(#d2.c2.f1)[JM],(c2.a)[KL],d2[LM],(#d2.c2.f1)[LM],#d2[KL],(f1.#d2.#A-1.#a)[KL],#a1[KL],d2[KL],(f1.d2)[KL],#a1[KL],#c2[MN],#c2[KN],(e1.#c2.G-1.g)[KL],#a1[LM],#c2[LM],#c2[KL],(f1.c2.#G-1.#g)[KL],#g1[KL],c2[KL],f1[KL],#g1[LM],c2[LM],c2[KL],(f1.c2)[KL],#g1[LM],c2[LM],c2[KL],(f1.d2.#G-1.#g)[KL],#a1[KL],d2[KL],(g1.#d2.G-1.g)[KL],#a1[KL],#d2[MN],#d2[KN],(#f1.d2.A-1.a)[KL],c2[LM],c2[LM],#d2[KL],(g1.#a1.#A-1.#a)[KL],#a1[KL],#d2[KL],g1[KL],#a1[LM],#d2[LM],#d2[MN],d2[KN],(#d1.c2)[KN],#a1[MN],g1[LM],#g1[LM],#a1[MN],g1[KN],(d1.f1.#A-2.#A-1)[KL],f1[KL],#g1[KL],#a[KL],d1[KL],f1[KL],(#g.#a1)[KLN],#a[KLN],d1[KLN],(g.#d1.#D-1)[KLM],#d1[KLN],#a[KLO],g1[KLO],#d1[KLO],#a1[KLO],(#g1.#A-1)[M],#a1[MO],#g1[MO],#a1[M],#g1[MN],f2[KLN],d2[KL],(g1.#d)[KLN],#d2[KL],#a1[KLO],g2[KLO],#d2[KLO],#a2[KLO],(#g2.#a)[MO],#a2[MO],#g2[MO],#a2[MO],#g2[MN],f3[KLNO],d3[KLNO],(#g2.f3.#d1)[IKMO],(#d3.g2.#d)[HI],ST;"],"id":3,"instruments":["piano","piano"],"alternatives":["",""]}],"audition":{"start":[0,0],"end":[2,276]}}