{"baseBpm":150,"musics":[{"id":1,"baseBeats":0.125,"scores":["(c.b2)[K],(g.g2)[L],V,(e2)[M],(c)[L],U,(b.e1)[L],U,(c)[L],U,(g.b)[L],U,(c)[L],(b2)[M],(a2)[M],(b.e1.g2)[L],(b2)[M],V,(B-1.a2)[K],(#f.a.#f2)[L],V,(d2)[M],(B-1)[L],U,(a.d1)[L],U,(B-1)[L],U,(a.#f)[K],(B-1)[L],U,(a.d1)[L],U,(A-1.c2)[N],(e2)[N],(g2)[L],V,(e.g.e2)[L],V,(c2)[M],(A-1)[K],(g.c1)[L],U,(A-1)[L],U,(e.g)[L],U,(A-1)[L],(g2)[M],(#f2)[M],(g.c1.e2)[L],(g2)[L],(G-1.#f2)[L],U,(d.#f.d2)[L],V,(b1)[M],(G-1)[L],U,(#f.b)[L],U,(G-1)[L],U,(d.#f)[L],U,(G-1)[L],U,(#f.b)[L],U,(c.e2)[N],(g2)[N],(b2)[LM],(g.b.g2)[L],V,(e2.e3)[M],(c)[L],U,(b.e1)[L],U,(c)[L],U,(g.b)[L],U,(c)[L],(b2)[M],(a2)[M],(b.e1.g2)[L],(b2)[L],(B-1.a2)[L],U,(#f.a.#f2)[L],(d2.d3)[L],(B-1)[L],U,(a.d1)[L],U,(B-1)[L],U,(#f.a)[L],U,(B-1)[L],U,(a.d1)[L],U,(A-1.c2)[N],(e2)[N],(g2)[L],V,(e.g.e2)[L],V,(c2)[M],(A-1)[K],(g.c1)[L],U,(A-1)[L],U,(e.g)[L],U,(A-1)[L],(g2)[M],(#f2)[M],(g.c1.e2)[L],(g2)[L],(G-1.#f2)[L],U,(d.#f.d2)[L],V,(b1)[M],(G-1)[L],U,(#f.b)[L],U,(G-1)[L],U,(d.#f)[L],U,(G-1)[L],U,(#f.b)[L],U,(c.g2)[N],(b2)[N],(e3)[LM],(g.b.b2)[L],V,(g2)[M],(c)[L],U,(b.e1)[L],U,(c)[L],U,(g.b)[L],U,(c)[L],(e3)[M],(#f3)[M],(b.e1.g3)[L],(#f3)[L],(B-1.d3)[K],(#f.a.b2)[L],(#f2)[L],(B-1)[L],U,(a.d1)[L],U,(B-1)[L],U,(#f.a)[L],U,(B-1)[L],U,(a.d1)[L],U,(A-1.c2)[N],(e2)[N],(g2)[L],V,(e.g.e2)[L],V,(c2)[M],(A-1)[K],(g.c1)[L],U,(A-1)[L],U,(e.g)[L],U,(A-1)[L],(c3)[M],(b2)[M],(g.c1.a2)[L],(c3)[L],(G-1.b2)[L],U,(d.#f.#f2)[L],V,(d2)[M],(G-1)[L],U,(#f.b)[L],U,(G-1)[L],U,(d.#f)[L],U,(G-1)[L],U,(#f.b)[L],U;"]},{"id":2,"baseBeats":0.125,"scores":["(c.g2)[N],(b2)[N],(e3)[L],V,(g.b.b2)[L],(g3)[L],(c)[L],U,(b.e1)[L],U,(c)[L],U,(g.b)[L],U,(c)[L],(e3)[M],(#f3)[M],(b.e1.g3)[L],(#f3)[L],(B-1.d3)[K],(#f.a.b2)[L],(#f2)[L],(B-1)[L],U,(a.d1)[L],U,(B-1)[L],U,(#f.a)[L],U,(B-1)[L],VW,(d3)[NO],(e3)[NO],(a.d1.#f3)[L],(e3)[L],(A-1.d3)[K],(e.g.c3)[L],V,(c3)[M],(A-1)[L],U,(g.c1)[L],(g3)[L],(B-1.#f3)[L],U,(#f.b.g3)[L],(#f3)[L],(B-1)[L],U,(A-1.#d1)[L],(b2)[L],(e.e3)[K],(b)[N],UW,(g1)[N],W,(#f1)[M],U,(e2)[N],W,(#f2)[M],U,(g2)[N],W,(e.a2)[M],U,(g2)[N],W,(e1.#f2)[M],U,(e2)[N],W,(e.b1)[M],U,(a1)[N],W,(b.g1)[M],U,(#f1)[N],W,c[LM],b3[M],(g.b.b3)[M],U,(g3)[N],W,(c.g3)[M],U,(e3)[N],W,(g.e1.e3)[M],U,(b2)[N],W,(c)[M],U,(b3)[N],W,(g.b.b3)[M],U,(g3)[N],W,(c.g3)[M],U,(e3)[N],W,(g.e1.e3)[M],U,(b2)[N],W,(B-1)[M],U,(a3)[N],W,(#f.a.a3)[M],U,(#f3)[N],W,(B-1.#f3)[M],U,(d3)[N],W,(a.d1.d3)[M],U,(a2)[N],W,(B-1)[M],U,(a3)[N],W,(#f.a.a3)[M],U,(#f3)[N],W,(B-1.#f3)[M],U,(d3)[N],W,(a.d1.d3)[M],U,(a2)[N],W,(A-1)[M],U,(g3)[N],W,(e.g.g3)[M],U,(e3)[N],W,(A-1.e3)[M],U,(c3)[N],W,(g.c1.c3)[M],U,(g2)[N],W,(A-1)[M],U,(g3)[N],W,(e.g.g3)[M],U,(e3)[N],W,(A-1.e3)[M],U,(c3)[N],W,(g.c1.c3)[M],U,(g2)[N],W,(G-1)[M],U,(#f3)[N],W,(d.#f.#f3)[M],U,(d3)[N],W,(G-1.d3)[M],U,(b2)[N],W,(#f.b.b2)[M],U,(#f2)[N],W,(G-1)[M],U,(#f3)[N],W,(d.#f.#f3)[M],U,(d3)[N],W,(G-1.d3)[M],U,(b2)[N],W,(#f.b.b2)[M],U,(#f2)[N],W,c[LM],(b3)[N],W,(g.b.b3)[M],U,(g3)[N],W,(c.g3)[M],U,(e3)[N],W,(g.e1.e3)[M],U,(b2)[N],W,(c.b2)[M],U,(g2)[N],W,(g.b.g2)[M],U,(e2)[N],W,(c.e2)[M],U,(b1)[N],W,(b1.b.e1)[M],U,(g1)[N],W,B-1[M],U,a3[N],W,(#f.a.a3)[M],U,#f3[N],W,(B-1.#f3)[M],U,d3[N],W,(a.d1.d3)[M],U,a2[N],W,(B-1.a2)[M],U,#f2[N],W,(#f.a.#f2)[M],U,d2[N],W,(B-1.d2)[M],U,a1[N],W,(a.d1.a1)[M],U,#f1[N],W,(A-1)[M],U,(g3)[N],W,(e.g.g3)[M],U,(e3)[N],W,(A-1.e3)[M],U,(c3)[N],W,(g.c1.c3)[M],U,(a2)[N],W,(A-1)[M],U,(g3)[N],W,(e.g.g3)[M],U,(e3)[N],W,(A-1.g3)[M],U,(e3)[N],W,(g1.c1.g3)[M],U,(e3)[N],W,(B-1.#f3)[M],V,#f[M],V,b[M],V,#d1[M],V,#f1[M],V,(#f.#d1)[M],V,(b.b1)[M],V,#d1[M],V,(B-1.#d2)[M],V,#f[M],V,(b.#d1)[K],(#d1.#f1)[M],V,#f[M],V,"]},{"id":3,"baseBeats":0.125,"scores":["(b.g1)[K],(e.#f2)[M],V,(b)[M],V,(e1.e2)[M],V,(b.b1)[M],V,(#f1)[M],V,(b)[M],V,(g1)[M],V,(b)[M],V,(e)[M],V,(b)[M],V,(#f1)[M],V,(b)[M],V,(g1.e2)[M],V,(b.#f2)[M],V,(#f1.g2)[M],V,(b.#f2)[M],V,(d.e2)[M],V,(b)[M],V,(d1.#f2)[M],V,(b.b1)[M],V,(#f1)[M],V,(b)[M],V,(g1)[M],V,(b)[M],V,(d)[M],V,(b)[M],V,(#f1)[M],V,(b)[M],V,(g1)[M],V,(b)[M],V,(b1)[K],(c.g1)[N],(b1)[N],(e2)[M],(g)[M],V,(b.b1)[M],V,(g.g1)[M],V,(e1)[M],V,(g)[M],V,(c1)[M],V,(g)[M],V,(c)[M],V,(g)[M],V,(b)[M],V,(g)[M],V,(e1.e2)[M],V,(g.#f2)[M],V,(c1.g2)[M],V,(d2)[M],V,(G-1)[M],V,(d.b1)[M],V,(#f1)[M],V,(b)[M],V,(d1)[M],V,(d.#f1)[M],V,(#f.b)[M],V,(d2)[M],V,(G-1.c3)[M],V,(d)[M],V,(#f.b2)[M],V,(d)[M],V,(#f2)[M],V,(d)[M],V,(d2)[K],(A-1.a1)[M],V,(e)[M],V,(a.c2)[M],V,(c1.c2)[M],V,(e1)[M],V,(c1)[M],V,(a.d2)[M],V,(e2)[M],V,(A-1)[M],V,(e)[M],V,(a)[M],V,(c1)[M],V,(e1)[M],V,(c1.b2)[M],(a2)[M],(a.g2)[M],V,(#f2)[M],V,(e.g2)[M],V,(b)[M],V,(e1.#f2)[M],V,(#f1.e2)[M],V,(g1)[M],V,(#f1)[M],V,(b1)[M],V,(e2)[M],V,(e)[M],V,(b)[M],V,(e1)[M],V,(#f1)[M],V,(g1)[M],V,(b)[M],V,(e)[K],(c.e2)[N],(g2)[N],(b2)[N],(e3)[N],(g)[M],V,(d1)[M],V,(e1)[M],V,(g1)[M],V,(g)[M],V,(c1)[K],(d.#f2)[N],(a2)[N],(#f3)[M],(a)[M],V,(e1)[M],V,(#f1)[M],V,(a1)[M],V,(a)[M],V,(d1)[K],(e.e2)[N],(g2)[N],(b2)[N],(e3)[N],(b)[M],V,(#f1)[M],V,(g1)[M],V,(b1)[M],V,(b)[M],V,(e1)[M],V,(g1)[M],V,(e.g2)[M],V,(b)[M],V,(e1)[M],V,(#f1.#f2)[M],V,(g1.e2)[M],V,(#f1)[M],V,(d1)[K],(c.e2)[N],(g2)[N],(b2)[N],(e3)[N],(g)[M],V,(b)[M],V,(e1)[M],V,(g1)[M],V,(g)[M],V,(c.b1)[K],(B-1.d2)[N],(#f2)[N],(a2)[N],(d3)[N],(#f)[M],V,(a)[M],V,(#f.g2)[M],V,(d1.#f2)[M],V,(#f)[M],V,(a.b1)[K],(E-1.b1)[N],(d2)[N],(e2)[M],(B-1)[M],V,(e)[M],V,(#f)[M],V,(g)[M],V,(b)[M],V,(e1)[M],V,(#f1)[M],V,(g1)[I],(E-2)[IIII];"]}]}