{"baseBpm":140,"musics":[{"id":1,"baseBeats":0.5,"scores":["mute[II],mute[IK],mute[JK],mute[IJK],mute[I],mute[IK],mute[II],mute[II],mute[II],mute[I],mute[I],mute[I],mute[K],mute[LNO],mute[LNO],mute[LNO],mute[K],mute[I],mute[K],mute[LNO],mute[LNO],mute[LNO],mute[K],mute[JKL],mute[L],mute[K],mute[L],mute[K],mute[L],mute[K],mute[JKL],mute[L],mute[K],mute[L],mute[K],mute[L],mute[K],mute[I],mute[K],mute[LNO],mute[LNO],mute[LNO],mute[K],mute[I],mute[K],mute[LNO],mute[LNO],mute[LNO],mute[K],mute[JKL],mute[L],mute[K],mute[L],mute[K],mute[L],mute[K],mute[JKL],mute[L],mute[K],mute[L],mute[K],mute[L],mute[K],mute[I],mute[K],mute[LNO],mute[LNO],mute[LNO],mute[K],mute[I],mute[K],mute[LNO],mute[LNO],mute[LNO],mute[K],mute[JKL],mute[L],mute[K],mute[L],mute[K],mute[L],mute[K],mute[JKL],mute[L],mute[K],mute[L],mute[K],mute[L],mute[K],mute[I],mute[K],mute[LNO],mute[LNO],mute[LNO],mute[K],mute[I],mute[K],mute[LNO],mute[LNO],mute[LNO],mute[K],mute[JKL],mute[L],mute[K],mute[L],mute[K],mute[L],mute[K],mute[JKL],mute[L],mute[K],mute[L],mute[K],mute[L],mute[K],mute[I],mute[K],mute[K],mute[K],mute[K],mute[KL],mute[KL],mute[K],mute[L],mute[KL],mute[J],mute[I],mute[K],mute[K],mute[K],mute[K],mute[KL],mute[KL],mute[K],mute[L],mute[KL],mute[J],mute[I],mute[K],mute[K],mute[K],mute[K],mute[KL],mute[KL],mute[KL],mute[KL],mute[J],mute[I],mute[K],mute[K],mute[K],mute[K],mute[KL],mute[KL],mute[K],mute[L],mute[KL],mute[J],mute[L],mute[L],mute[L],mute[L],mute[L],mute[L],mute[L],mute[L],mute[L],mute[L],mute[L],5<mute[M],mute[M]>,5<mute[M],mute[M]>,mute[L],mute[L],mute[L],mute[L],mute[L],mute[L],mute[L],mute[L],mute[L],mute[L],mute[L],mute[L],mute[L],mute[L],mute[L],5<mute[M],mute[M]>,mute[L],mute[L],mute[L],mute[L],mute[L],mute[L],mute[L],mute[L],mute[L],mute[L],mute[L],mute[L],mute[L],mute[L],mute[L],mute[L],mute[L],mute[L],mute[L],mute[L],mute[L],mute[L],mute[L],mute[L],mute[L],mute[L],mute[L],mute[L],5<mute[M],mute[M]>,mute[L],mute[L],5<mute[M],mute[M]>,mute[L],mute[L],mute[L],mute[L],mute[L],mute[L],mute[L],mute[L],mute[L],mute[L],mute[L],mute[L],5<mute[M],mute[M]>,mute[L],mute[L],5<mute[M],mute[M]>,mute[L],mute[L],5<mute[M],mute[M]>,mute[L],mute[L],mute[L],mute[L],mute[L],mute[L],mute[L],mute[L],mute[L],mute[L],mute[L],mute[L],mute[L],mute[L],mute[L],mute[L],mute[L],mute[L],mute[L],mute[L],mute[L],mute[L],mute[L],mute[L],mute[L],mute[L],mute[L],mute[L],mute[L],mute[L],mute[L],mute[L],mute[L],mute[L],mute[L],mute[L],mute[L],mute[L],mute[L],mute[L],mute[K];","(G-1.d.g.b)[II],(A-1.e.a.c1)[IK],d1[JK],(E-1.e.g.b)[IJK],a1[I],g1[IK],(C-1.e.g.b)[II],(E-1.e.g.b)[II],(D-1.#f.a.b)[II],(D-1.d.#f.a)[I],d1[I],(d.g.b)[I],c2[K],b1[LNO],g1[LNO],a1[LNO],b1[K],(e.a.c1)[I],(d1.c2)[K],b1[LNO],g1[LNO],a1[LNO],b1[K],(e.g.b)[JKL],g1[L],b1[K],b1[L],g2[K],b1[L],b1[K],a[JKL],g1[L],(g.b1)[K],b1[L],g2[K],b1[L],b1[K],(c.e.g.b)[I],c2[K],b1[LNO],g1[LNO],a1[LNO],b1[K],(e.g.b)[I],c2[K],b1[LNO],g1[LNO],a1[LNO],b1[K],(d.#f.a.b)[JKL],g1[L],b1[K],b1[L],g2[K],b1[L],b1[K],(d.#f.a)[JKL],g1[L],(d1.b1)[K],b1[L],g2[K],b1[L],b1[K],(d.g.b)[I],c2[K],b1[LNO],g1[LNO],a1[LNO],b1[K],(e.a.c1)[I],(d1.c2)[K],b1[LNO],g1[LNO],a1[LNO],b1[K],(e.g.b)[JKL],g1[L],b1[K],b1[L],g2[K],b1[L],b1[K],a[JKL],g1[L],(g.b1)[K],b1[L],g2[K],b1[L],b1[K],(c.e.g.b)[I],c2[K],b1[LNO],g1[LNO],a1[LNO],b1[K],(e.g.b)[I],c2[K],b1[LNO],g1[LNO],a1[LNO],b1[K],(d.#f.a.b)[JKL],g1[L],b1[K],b1[L],g2[K],b1[L],b1[K],(d.#f.a)[JKL],g1[L],(d1.b1)[K],b1[L],g2[K],b1[L],b1[K],(d.g.b)[I],c2[K],b1[K],a1[K],g1[K],(e.a.c1.e1)[KL],g1[KL],a1[K],d1[L],b1[KL],g1[J],(e.g.b)[I],c2[K],b1[K],a1[K],g1[K],(a.e1)[KL],g1[KL],a1[K],g[L],b1[KL],g1[J],(c.e.g.b)[I],c2[K],b1[K],a1[K],g1[K],(e.g.b.e1)[KL],g1[KL],a1[KL],b1[KL],a1[J],(d.#f.a.b)[I],c2[K],b1[K],a1[K],g1[K],(d.#f.a.e1)[KL],g1[KL],a1[K],d1[L],b1[KL],g1[J],(g.b)[L],d[L],(g.b)[L],d[L],(g.b)[L],d[L],(g.b)[L],(d.g1)[L],(g.b.b1)[L],d[L],(g.b.b1)[L],(d~b1~mute)[L],(g.b~mute~a1)[L],d[L],(g.b.a1)[L],d[L],(a.c1)[L],e[L],(a.c1)[L],e[L],(a.c1)[L],e[L],(a.c1)[L],e[L],(a.d1.a1)[L],(e.b1)[L],(a.d1)[L],(e.b1)[L],(a.d1~a1)[L],e[L],(a.d1.a1)[L],e[L],(g.b)[L],e[L],(g.b)[L],e[L],(g.b)[L],e[L],(g.b)[L],(e.g1)[L],(g.b.b1)[L],e[L],(g.b.b1)[L],e[L],(g.b.b1)[L],e[L],(g.b.a1)[L],(e.a1)[L],(a.b)[L],e[L],(a.b)[L],e[L],(a.b)[L],e[L],(a.b)[L],(e.g1)[L],(g.b.a1)[L],(e~a1)[L],(g.b)[L],(e.a1)[L],(g.b~g1)[L],e[L],(g.b.g1)[L],e[L],(g.b)[L],c[L],(g.b)[L],c[L],(g.b)[L],c[L],(g.b)[L],(c.g1)[L],(g.b.c2)[L],(c~c2)[L],(g.b)[L],(c.c2)[L],(g.b~b1)[L],c[L],(g.b.c2)[L],(c~b1)[L],(g.b)[L],(e.b1)[L],(g.b)[L],e[L],(g.b)[L],e[L],(g.b)[L],e[L],(g.b.c2)[L],e[L],(g.b.c2)[L],e[L],(g.b)[L],e[L],(g.b.b1)[L],(e.b1)[L],(a.b)[L],(d.a1)[L],(a.b)[L],d[L],(a.b)[L],d[L],(a.b)[L],(d.g1)[L],(a.b.b1)[L],d[L],(a.b.b1)[L],d[L],(a.b.b1)[L],d[L],(a.b)[L],(d.a1)[L],(#f.a.a1)[L],d[L],(#f.a)[L],d[L],(#f.a)[L],d[L],(#f.a)[L],(d.g1)[L],(#f.a.a1)[K];"]},{"id":2,"baseBeats":0.5,"scores":["mute[K],mute[K],mute[L],mute[L],mute[L],mute[L],mute[L],mute[L],mute[L],mute[L],mute[L],mute[L],mute[L],mute[L],mute[L],mute[L],mute[L],mute[L],mute[L],mute[L],mute[L],mute[L],mute[L],mute[L],mute[L],mute[L],mute[L],mute[L],mute[L],mute[L],mute[L],mute[L],mute[L],mute[L],mute[L],mute[L],mute[L],mute[L],mute[L],mute[L],mute[L],mute[L],mute[L],mute[L],mute[L],mute[L],mute[L],mute[L],mute[L],mute[L],mute[L],mute[L],mute[L],mute[L],mute[L],mute[L],mute[L],mute[L],mute[L],mute[L],mute[L],mute[L],mute[L],mute[L],mute[L],mute[L],mute[L],mute[L],mute[L],mute[L],mute[L],mute[L],mute[L],mute[L],mute[L],mute[L],mute[L],mute[L],mute[L],mute[L],mute[L],mute[L],mute[L],mute[L],mute[L],mute[L],mute[L],mute[L],mute[L],mute[L],mute[L],mute[L],mute[L],mute[L],mute[L],mute[L],mute[L],mute[L],mute[L],mute[L],mute[L],mute[L],mute[L],mute[L],mute[L],mute[L],mute[L],mute[L],mute[L],mute[L],mute[L],mute[L],mute[L],mute[L],mute[L],mute[L],mute[L],mute[L],mute[L],mute[L],mute[L],mute[L],mute[L],mute[L],mute[L],mute[L],mute[L],mute[L],mute[L],mute[L],mute[L],mute[L],mute[LM],mute[LM],mute[L],mute[LM],mute[LM],mute[L],mute[LM],mute[LM],mute[L],mute[LM],mute[LM],mute[L],mute[LM],mute[LM],mute[L],mute[LM],mute[LM],mute[L],mute[LM],mute[LM],mute[L],mute[LM],mute[LM],mute[L],mute[LM],mute[LM],mute[L],mute[LM],mute[LM],mute[L],mute[LM],mute[LM],mute[L],mute[LM],mute[LM],mute[L],mute[LM],mute[LM],mute[L],mute[LM],mute[LM],mute[L],mute[L],mute[L],mute[L],mute[L],mute[J],mute[LM],mute[LM],mute[L],mute[LM],mute[LM],mute[L],mute[LM],mute[LM],mute[L],mute[LM],mute[LM],mute[L],mute[LM],mute[LM],mute[L],mute[LM],mute[LM],mute[L],mute[LM],mute[LM],mute[L],mute[LM],mute[LM],mute[L],mute[LM],mute[LM],mute[L],mute[LM],mute[LM],mute[L],mute[LM],mute[LM],mute[L],mute[LM],mute[LM],mute[L],mute[LM],mute[LM],mute[L],mute[LM],mute[LM];","a1[K],a1[K],g1[L],g1[L],b1[L],g1[L],e1[L],b1[L],g1[L],e1[L],b1[L],g1[L],e1[L],b1[L],g1[L],e1[L],b1[L],g1[L],e1[L],g1[L],b1[L],g1[L],d1[L],b1[L],g1[L],d1[L],b1[L],g1[L],d1[L],b1[L],g1[L],d1[L],b1[L],g1[L],d1[L],g1[L],b1[L],a1[L],e1[L],b1[L],a1[L],e1[L],b1[L],a1[L],e1[L],b1[L],a1[L],e1[L],b1[L],a1[L],e1[L],a1[L],b1[L],g1[L],e1[L],b1[L],g1[L],e1[L],b1[L],g1[L],e1[L],c2[L],g1[L],e1[L],c2[L],g1[L],e1[L],g1[L],(E-1.e.b1)[L],g1[L],(E-1.e.e1)[L],b1[L],(E-1.e.g1)[L],e1[L],(E-1.e.b1)[L],g1[L],(E-1.e.e1)[L],b1[L],(E-1.e.g1)[L],e1[L],(E-1.e.b1)[L],g1[L],(E-1.e.e1)[L],g1[L],(G-1.g.b1)[L],g1[L],(G-1.g.d1)[L],b1[L],(G-1.g.g1)[L],d1[L],(G-1.g.b1)[L],g1[L],(G-1.g.d1)[L],b1[L],(G-1.g.g1)[L],d1[L],(G-1.g.b1)[L],g1[L],(G-1.g.d1)[L],g1[L],(A-1.a.b1)[L],a1[L],(A-1.a.e1)[L],b1[L],(A-1.a.a1)[L],e1[L],(A-1.a.b1)[L],a1[L],(A-1.a.e1)[L],b1[L],(A-1.a.a1)[L],e1[L],(A-1.a.b1)[L],a1[L],(A-1.a.e1)[L],a1[L],(C-1.c.c2)[L],g1[L],(C-1.c.e1)[L],c2[L],(C-1.c.g1)[L],e1[L],(C-1.c.c2)[L],g1[L],(A-2.c.e1)[L],c2[L],(A-2.c.g1)[L],e1[L],(A-2.c.c2)[L],g1[L],(A-2.c.e1)[L],g1[L],(E-1.B-1.e.e1.g1)[LM],(e1.g1)[M],(E-1.B-1.e)[L],(e1.g1)[L],(E-1.B-1.e.e1.g1)[LM],(e1.g1)[M],(E-1.B-1.e)[L],(e1.g1)[L],(E-1.B-1.e.e1.a1)[LM],(e1.a1)[M],(E-1.B-1.e)[L],(e1.a1)[L],(E-1.B-1.e.e1.b1)[LM],(e1.b1)[M],(E-1.B-1.e)[L],(e1.b1)[L],(G-1.d.g.d1.g1)[LM],(d1.g1)[M],(G-1.d.g)[L],(d1.g1)[L],(G-1.d.g.d1.g1)[LM],(d1.g1)[M],(G-1.d.g)[L],(d1.g1)[L],(G-1.d.g.d1.a1)[LM],(d1.a1)[M],(G-1.d.g)[L],(d1.a1)[L],(G-1.d.g.d1.b1)[LM],(d1.b1)[M],(G-1.d.g)[L],(d1.b1)[L],(A-1.e.a.e1.g1)[LM],(e1.g1)[M],(A-1.e.a)[L],(e1.g1)[L],(A-1.e.a.e1.g1)[LM],(e1.g1)[M],(A-1.e.a)[L],(e1.g1)[L],(A-1.e.a.e1.a1)[LM],(e1.a1)[M],(A-1.e.a)[L],(e1.a1)[L],(A-1.e.a.e1.b1)[LM],(e1.b1)[M],(A-1.e.a)[L],(e1.b1)[L],(C-1.G-1.c.e1.g1.c2)[LM],(e1.g1.c2)[M],(C-1.G-1.c)[L],(e1.g1.c2)[L],(C-1.G-1.c.e1.g1.c2)[LM],(e1.g1.c2)[M],(C-1.G-1.c)[L],(e1.g1.c2)[L],(C-1.G-1.c.e1.g1.c2)[L],(e1.g1.c2)[L],(C-1.G-1.c.e1.g1.c2)[L],(e1.g1.c2)[L],(C-1.G-1.c.e1.g1.c2)[J],(E-1.B-1.e.g1.b1.e2.g2)[LM],(g1.b1.e2.g2)[M],(E-1.B-1.e)[L],(g1.b1.e2.g2)[L],(E-1.B-1.e.g1.b1.e2.g2)[LM],(g1.b1.e2.g2)[M],(E-1.B-1.e)[L],(g1.b1.e2.g2)[L],(E-1.B-1.e.a1.e2.a2)[LM],(a1.e2.a2)[M],(E-1.B-1.e)[L],(a1.e2.a2)[L],(E-1.B-1.e.b1.e2.g2.b2)[LM],(b1.e2.g2.b2)[M],(E-1.B-1.e)[L],(b1.e2.g2.b2)[L],(G-1.d.g.g1.b1.d2.g2)[LM],(g1.b1.d2.g2)[M],(G-1.d.g)[L],(g1.b1.d2.g2)[L],(G-1.d.g.g1.b1.d2.g2)[LM],(g1.b1.d2.g2)[M],(G-1.d.g)[L],(g1.b1.d2.g2)[L],(G-1.d.g.a1.d2.a2)[LM],(a1.d2.a2)[M],(G-1.d.g)[L],(a1.d2.a2)[L],(G-1.d.g.b1.d2.g2.b2)[LM],(b1.d2.g2.b2)[M],(G-1.d.g)[L],(b1.d2.g2.b2)[L],(A-1.e.a.a1.c2.e2.g2)[LM],(a1.c2.e2.g2)[M],(A-1.e.a)[L],(a1.c2.e2.g2)[L],(A-1.e.a.a1.c2.e2.g2)[LM],(a1.c2.e2.g2)[M],(A-1.e.a)[L],(a1.c2.e2.g2)[L],(A-1.e.a.a1.c2.e2.a2)[LM],(a1.c2.e2.a2)[M],(A-1.e.a)[L],(a1.c2.e2.a2)[L],(A-1.e.a.b1.e2.b2)[LM],(b1.e2.b2)[M],(A-1.e.a)[L],(b1.e2.b2)[L],(C-1.G-1.c.c2.e2.g2.c3)[LM],(c2.e2.g2.c3)[M],(C-1.G-1.c)[L],(c2.e2.g2.c3)[L],(C-1.G-1.c.c2.e2.g2.c3)[LM],(c2.e2.g2.c3)[M],(C-1.G-1.c)[L];"]},{"id":3,"baseBeats":0.5,"scores":["mute[L],mute[L],mute[L],mute[L],mute[L],mute[L],mute[L],mute[L],mute[L],mute[LM],mute[LM],mute[L],mute[LM],mute[LM],mute[L],mute[LM],mute[LM],mute[L],mute[LM],mute[LM],mute[L],mute[LM],mute[LM],mute[L],mute[LM],mute[LM],mute[L],mute[LM],mute[LM],mute[L],mute[LM],mute[LM],mute[L],mute[LM],mute[LM],mute[L],mute[LM],mute[LM],mute[L],mute[LM],mute[LM],mute[L],mute[LM],mute[LM],mute[L],mute[LM],mute[LM],mute[L],mute[LM],mute[LM],mute[L],mute[L],mute[L],mute[L],mute[L],mute[L],mute[L],mute[L],mute[L],mute[L],mute[L],mute[L],mute[L],mute[L],mute[L],mute[L],mute[L],mute[L],mute[L],mute[L],mute[L],mute[L],mute[L],mute[L],mute[L],mute[L],mute[L],mute[L],mute[L],mute[L],mute[L],mute[L],mute[L],mute[L],mute[L],mute[L],mute[L],mute[L],mute[L],mute[L],mute[L],mute[L],mute[L],mute[L],mute[L],mute[L],mute[L],mute[L],mute[L],mute[L],mute[L],mute[L],mute[L],mute[L],mute[L],mute[L],mute[L],mute[L],mute[L],mute[L],mute[L],mute[L],mute[L],mute[L],mute[L],mute[L],mute[L],mute[L],mute[L],mute[L],mute[L],mute[L],mute[L],mute[L],mute[L],mute[L],mute[L],mute[L],mute[L],mute[L],mute[L],mute[L],mute[L],mute[L],mute[L],mute[L],mute[L],mute[L],mute[L],mute[L],mute[L],mute[L],mute[L],mute[L],mute[L],mute[L],mute[L],mute[L],mute[L],mute[L],mute[L],mute[L],mute[L],mute[L],mute[L],mute[L],mute[L],mute[L],mute[L],mute[L],mute[L],mute[L],mute[L],mute[L],mute[L],mute[L],mute[L],mute[L],mute[L],mute[L],mute[L],mute[L],mute[L],mute[L],mute[L],mute[L],mute[L],mute[L],mute[L],mute[L],mute[L],mute[L],mute[L],mute[L],mute[L],mute[L],mute[L];","(c2.e2.g2.c3)[L],(C-1.G-1.c.c2.e2.g2.c3)[L],(c2.e2.g2.c3)[L],(C-1.G-1.c.c2.e2.g2.c3)[L],(c2.e2.g2.c3)[L],(C-1.G-1.c.b1.b2)[L],(g2.c3.e3.g3)[L],(C-1.G-1.c.g2.c3.e3.g3)[L],(g2.c3.e3.g3)[L],(E-1.B-1.e.g1.b1.e2.g2)[LM],(g1.b1.e2.g2)[M],(E-1.B-1.e)[L],(g1.b1.e2.g2)[L],(E-1.B-1.e.g1.b1.e2.g2)[LM],(g1.b1.e2.g2)[M],(E-1.B-1.e)[L],(g1.b1.e2.g2)[L],(E-1.B-1.e.a1.e2.a2)[LM],(a1.e2.a2)[M],(E-1.B-1.e)[L],(a1.e2.a2)[L],(E-1.B-1.e.b1.e2.g2.b2)[LM],(b1.e2.g2.b2)[M],(E-1.B-1.e)[L],(b1.e2.g2.b2)[L],(G-1.d.g.g1.b1.d2.g2)[LM],(g1.b1.d2.g2)[M],(G-1.d.g)[L],(g1.b1.d2.g2)[L],(G-1.d.g.g1.b1.d2.g2)[LM],(g1.b1.d2.g2)[M],(G-1.d.g)[L],(g1.b1.d2.g2)[L],(G-1.d.g.a1.d2.a2)[LM],(a1.d2.a2)[M],(G-1.d.g)[L],(a1.d2.a2)[L],(G-1.d.g.b1.d2.g2.b2)[LM],(b1.d2.g2.b2)[M],(G-1.d.g)[L],(b1.d2.g2.b2)[L],(A-1.e.a.a1.c2.e2.g2)[LM],(a1.c2.e2.g2)[M],(A-1.e.a)[L],(a1.c2.e2.g2)[L],(A-1.e.a.a1.c2.e2.g2)[LM],(a1.c2.e2.g2)[M],(A-1.e.a)[L],(a1.c2.e2.g2)[L],(A-1.e.a.a1.c2.e2.a2)[LM],(a1.c2.e2.a2)[M],(A-1.e.a)[L],(a1.c2.e2.a2)[L],(A-1.e.a.b1.e2.b2)[LM],(b1.e2.b2)[M],(A-1.e.a)[L],(b1.e2.b2)[L],(C-1.G-1.c.c2.e2.g2.c3)[LM],(c2.e2.g2.c3)[M],(C-1.G-1.c)[L],(c2.e2.g2.c3)[L],(C-1.G-1.c.c2.e2.g2.c3)[LM],(c2.e2.g2.c3)[M],(C-1.G-1.c)[L],(c2.e2.g2.c3)[L],(C-1.G-1.c.c2.e2.g2.c3)[L],(c2.e2.g2.c3)[L],(C-1.G-1.c.c2.e2.g2.c3)[L],(c2.e2.g2.c3)[L],(C-1.G-1.c.b1.b2)[L],(g2.c3.e3.g3)[L],(C-1.G-1.c.g2.c3.e3.g3)[L],(g2.c3.e3.g3)[L],(e.b.e1.g1)[L],(b.e1.g1)[L],(b.e1.g1)[L],(e.b.e1.g1)[L],(b.e1.g1)[L],(b.e1.g1)[L],(e.b.e1.g1)[L],(b.e1.g1)[L],(b.e1.a1)[L],(e.b.e1.a1)[L],(b.e1.a1)[L],(b.e1.a1)[L],(e.b.e1.g1)[L],(b.e1.g1)[L],(e.b.e1.g1)[L],(b.e1.g1)[L],(g.b.d1.g1)[L],(b.d1.g1)[L],(b.d1.g1)[L],(g.b.d1.g1)[L],(b.d1.g1)[L],(b.d1.g1)[L],(g.b.d1.g1)[L],(b.d1.g1)[L],(b.d1.a1)[L],(g.b.d1.a1)[L],(b.d1.a1)[L],(b.d1.a1)[L],(g.b.d1.g1)[L],(b.d1.g1)[L],(g.b.d1.g1)[L],(b.d1.g1)[L],(a.c1.e1.a1)[L],(c1.e1.a1)[L],(c1.e1.a1)[L],(a.c1.e1.a1)[L],(c1.e1.a1)[L],(c1.e1.a1)[L],(a.c1.e1.a1)[L],(c1.e1.a1)[L],(c1.e1.a1)[L],(a.c1.e1.a1)[L],(c1.e1.a1)[L],(c1.e1.a1)[L],(a.c1.e1.a1)[L],(c1.e1.a1)[L],(a.c1.e1.a1)[L],(c1.e1.a1)[L],(c.c1.e1.g1)[L],(c1.e1.g1)[L],(c1.e1.g1)[L],(c.c1.e1.g1)[L],(c1.e1.g1)[L],(c1.e1.g1)[L],(c.c1.e1.g1)[L],(c1.e1.g1)[L],(c1.e1.g1)[L],(c.c1.e1.g1)[L],(c1.e1.g1)[L],(c1.e1.g1)[L],(c.c1.e1.g1.c2)[L],(c1.e1.g1.c2)[L],(c.c1.e1.g1.c2)[L],(c1.e1.g1.c2)[L],(E-1.e.b.e1.g1)[L],(b.e1.g1)[L],(b.e1.g1)[L],(E-1.e.b.e1.g1)[L],(b.e1.g1)[L],(b.e1.g1)[L],(E-1.e.b.e1.g1)[L],(b.e1.g1)[L],(b.e1.a1)[L],(E-1.e.b.e1.a1)[L],(b.e1.a1)[L],(b.e1.a1)[L],(E-1.e.b.e1.g1)[L],(b.e1.g1)[L],(E-1.e.b.e1.g1)[L],(b.e1.g1)[L],(G-1.g.b.d1.g1)[L],(b.d1.g1)[L],(b.d1.g1)[L],(G-1.g.b.d1.g1)[L],(b.d1.g1)[L],(b.d1.g1)[L],(G-1.g.b.d1.g1)[L],(b.d1.g1)[L],(b.d1.a1)[L],(G-1.g.b.d1.a1)[L],(b.d1.a1)[L],(b.d1.a1)[L],(G-1.g.b.d1.g1)[L],(b.d1.g1)[L],(G-1.g.b.d1.g1)[L],(b.d1.g1)[L],(A-1.a.c1.e1.a1)[L],(c1.e1.a1)[L],(c1.e1.a1)[L],(A-1.a.c1.e1.a1)[L],(c1.e1.a1)[L],(c1.e1.a1)[L],(A-1.a.c1.e1.a1)[L],(c1.e1.a1)[L],(c1.e1.a1)[L],(A-1.a.c1.e1.a1)[L],(c1.e1.a1)[L],(c1.e1.a1)[L],(A-1.a.c1.e1.a1)[L],(c1.e1.a1)[L],(A-1.a.c1.e1.a1)[L],(c1.e1.a1)[L],(C-1.c.c1.e1.g1)[L],(c1.e1.g1)[L],(c1.e1.g1)[L],(C-1.c.c1.e1.g1)[L],(c1.e1.g1)[L],(c1.e1.g1)[L],(C-1.c.c1.e1.g1)[L],(c1.e1.g1)[L],(c1.e1.g1)[L],(C-1.c.c1.e1.g1)[L],(c1.e1.g1)[L],(c1.e1.g1)[L],(C-1.c.c1.e1.g1.c2)[L],(c1.e1.g1.c2)[L],(C-1.c.c1.e1.g1.c2)[L],(c1.e1.g1.c2)[L];"]}]}