{"baseBpm":80,"demo":null,"audition":{"start":[1,0],"end":[1,152]},"musics":[{"baseBeats":0.25,"measureBeats":4,"scores":["D-2[M],d[M],A-1[M],d[M],f[M],d[M],A-1[M],d[M],D-2[M],d[M],A-1[M],d[M],f[M],d[M],A-1[M],d[M];f2[M],f2[L],e2[M],f2[M],V,d2[M],V,f2[M],f2[L],e2[M],f2[M],V,d2[M],V;#a2[M],#a2[L],a2[M],#a2[M],V,a2[M],V,g2[L],#a2[L],a2[L],g2[L];#c3[M],#c3[L],a2[M],#c3[M],V,d3[M],V,e3[L],d3[L],#c3[L],a2[L];g2[LM],a2[M],g2[M],f2[M],e2[M],f2[M],9<d2[J]>;(f3.f2)[M],(f3.f2)[L],(e3.e2)[M],(f3.f2)[M],V,(d3.d2)[M],V,(f3.f2)[M],(f3.f2)[L],(e3.e2)[M],(f3.f2)[M],V,(d3.d2)[M],V;(#a3.#a2)[M],(#a3.#a2)[L],(a3.a2)[M],(#a3.#a2)[M],V,(a3.a2)[M],V,(g3.g2)[L],(#a3.#a2)[L],(a3.a2)[L],(g3.g2)[L];(#c2.#c3)[M],(#c2.#c3)[L],(a1.a2)[M],(#c2.#c3)[M],V,(d2.d3)[M],V,(e2.e3)[L],(d2.d3)[L],(#c2.#c3)[L],(a1.a2)[L];(g3.g2)[LM],(a3.a2)[M],(g3.g2)[M],(f3.f2)[M],(e3.e2)[M],(f3.f2)[M],9<(d3.d2)[J]>;","R;D-2[M],d[M],A-1[M],d[M],f[M],d[M],A-1[M],d[M],D-2[M],d[M],A-1[M],d[M],f[M],d[M],A-1[M],d[M];G-2[M],g[M],d[M],g[M],#a[M],g[M],d[M],g[M],G-2[M],g[M],d[M],g[M],#a[M],g[M],d[M],g[M];A-1[M],a[M],#c[M],a[M],e[M],a[M],#c[M],a[M],A-1[M],a[M],#c[M],a[M],e[M],a[M],#c[M],a[M];G-2[M],g[M],d[M],g[M],A-1[M],a[M],#c[M],a[M],D-2[M],d[M],A-1[M],d[M],f[M],d[M],A-1[M],d[M];D-2[M],d[M],A-1[M],d[M],f[M],d[M],A-1[M],d[M],D-2[M],d[M],A-1[M],d[M],f[M],d[M],A-1[M],d[M];G-2[M],g[M],d[M],g[M],#a[M],g[M],d[M],g[M],G-2[M],g[M],d[M],g[M],#a[M],g[M],d[M],g[M];A-1[M],a[M],#c[M],a[M],e[M],a[M],#c[M],a[M],A-1[M],a[M],#c[M],a[M],e[M],a[M],#c[M],a[M];G-2[M],g[M],d[M],g[M],A-1[M],a[M],#c[M],a[M],D-2[M],d[M],A-1[M],d[M],f[M],d[M],A-1[M],d[M];"],"instruments":["piano","piano"],"alternatives":["",""],"id":1,"bpm":80},{"baseBeats":0.25,"measureBeats":4,"scores":["f2[KL],e2[M],f2[M],g2[KL],f2[M],g2[M];a2[J],#c3[J];3<f2[M],f2[M],f2[M],f2[M],f2[M],f2[M],f2[M],f2[M],f2[M],f2[M],f2[M],f2[M],f2[M],f2[M],f2[M],f2[M]>;f2[M],f2[M],f2[M],f2[M],f2[M],f2[M],f2[M],f2[M],f2[M],f2[M],f2[M],f2[M],f2[M],f2[M],f2[M],f2[M];f2[M],f2[M],f2[M],f2[M],f2[M],f2[M],f2[M],f2[M],d3[M],a2[M],f2[M],a2[M],f2[M],d2[M],f2[M],a2[M];#a2[M],#a2[M],#a2[M],#a2[M],#a2[M],#a2[M],#a2[M],#a2[M],#a2[M],#a2[M],#a2[M],#a2[M],#a2[M],#a2[M],#a2[M],#a2[M];#c3[M],#c3[M],#c3[M],#c3[M],#c3[M],#c3[M],#c3[M],#c3[M],e3[M],#c3[M],a2[M],e2[M],a2[M],e2[M],#c2[M],a1[M];e2[M],f2[M],f2[M],f2[M],f2[M],f2[M],f2[M],e2[M],f2[M],f2[M],f2[M],f2[M],f2[M],f2[M],f2[M],e2[M];f2[M],f2[M],f2[M],f2[M],f2[M],f2[M],a2[M],a2[M],d3[M],a2[M],f2[M],a2[M],f2[M],d2[M],f2[M],a2[M];a2[M],#a2[M],#a2[M],#a2[M],#a2[M],#a2[M],#a2[M],a2[M],#a2[M],#a2[M],#a2[M],#a2[M],#a2[M],#a2[M],#a2[M],a2[M];#c3[M],#c3[M],#c3[M],#c3[M],f3[M],f3[M],f3[M],f3[M],e3[M],#c3[M],a2[M],e2[M],a2[M],e2[M],#c2[M],a1[M];3<f2[M],f2[M],f2[M],f2[M],f2[M],f2[M],f2[M],f2[M],f2[M],f2[M],f2[M],f2[M],f2[M],f2[M],f2[M],f2[M]>;","(d.d1.a1)[J],(g.g1.#a1)[J];(A-1.a.a1)[J],(#c.#c1.#c2)[J];R;d[M],V,(f.a)[M],V,A-1[M],V,(f.a)[M],V,d[M],V,(f.a)[M],V,A-1[M],V,(f.a)[M],V;d[M],V,(f.a)[M],V,A-1[M],V,(f.a)[M],V,d[M],V,(f.a)[M],V,A-1[M],V,(f.a)[M],V;g[M],V,(#a.d1)[M],V,d[M],V,(#a.d1)[M],V,g[M],V,(#a.d1)[M],V,d[M],V,(#a.d1)[M],V;a[M],V,(#c1.e1)[M],V,e[M],V,(#c1.e1)[M],V,(a.#c1.e1)[K],(e.#c1.e1)[M],(e.#c1.e1)[M],(e.#c1.e1)[M],(e.#c1.e1)[M];d[M],V,(f.a)[M],V,A-1[M],V,(f.a)[M],V,d[M],V,(f.a)[M],V,A-1[M],V,(f.a)[M],V;d[M],V,(f.a)[M],V,A-1[M],V,(f.a)[M],V,d[M],V,(f.a)[M],V,A-1[M],V,(f.a)[M],V;g[M],V,(#a.d1)[M],V,d[M],V,(#a.d1)[M],V,g[M],V,(#a.d1)[M],V,d[M],V,(#a.d1)[M],V;a[M],V,(#c1.e1)[M],V,e[M],V,(#c1.e1)[M],V,(a.#c1.e1)[K],(e.#c1.e1)[M],(e.#c1.e1)[M],(e.#c1.e1)[M],(e.#c1.e1)[M];R;"],"instruments":["piano","piano"],"alternatives":["",""],"id":2,"bpm":80},{"baseBeats":0.25,"measureBeats":4,"scores":["f2[M],f2[L],e2[M],f2[M],V,d2[M],V,f2[M],f2[L],e2[M],f2[M],V,d2[M],V;#a2[M],#a2[L],a2[M],#a2[M],V,a2[M],V,g2[L],#a2[L],a2[L],g2[L];#c3[M],#c3[L],a2[M],#c3[M],V,d3[M],V,e3[L],d3[L],#c3[L],a2[L];g2[LM],a2[M],g2[M],f2[M],e2[M],f2[M],9<d2[J]>;(f3.f2)[M],(f3.f2)[L],(e3.e2)[M],(f3.f2)[M],V,(d3.d2)[M],V,(f3.f2)[M],(f3.f2)[L],(e3.e2)[M],(f3.f2)[M],V,(d3.d2)[M],V;(#a3.#a2)[M],(#a3.#a2)[L],(a3.a2)[M],(#a3.#a2)[M],V,(a3.a2)[M],V,(g3.g2)[L],(#a3.#a2)[L],(a3.a2)[L],(g3.g2)[L];(#c2.#c3)[M],(#c2.#c3)[L],(a1.a2)[M],(#c2.#c3)[M],V,(d2.d3)[M],V,(e2.e3)[L],(d2.d3)[L],(#c2.#c3)[L],(a1.a2)[L];(g3.g2)[LM],(a3.a2)[M],(g3.g2)[M],(f3.f2)[M],(e3.e2)[M],(f3.f2)[M],(d3.d2)[J];","d[M],d1[M],a[M],d1[M],f[M],d1[M],a[M],d1[M],d[M],d1[M],a[M],d1[M],f[M],d1[M],a[M],d1[M];g[M],g1[M],d1[M],g1[M],#a[M],g1[M],d1[M],g1[M],g[M],g1[M],d1[M],g1[M],#a[M],g1[M],d1[M],g1[M];a[M],a1[M],#c1[M],a1[M],e1[M],a1[M],#c1[M],a1[M],a[M],a1[M],#c1[M],a1[M],e1[M],a1[M],#c1[M],a1[M];g[M],g1[M],d1[M],g1[M],a[M],a1[M],#c1[M],a1[M],d[M],d1[M],a[M],d1[M],f[M],d1[M],a[M],d1[M];d[M],d1[M],a[M],d1[M],f[M],d1[M],a[M],d1[M],d[M],d1[M],a[M],d1[M],f[M],d1[M],a[M],d1[M];g[M],g1[M],d1[M],g1[M],#a[M],g1[M],d1[M],g1[M],g[M],g1[M],d1[M],g1[M],#a[M],g1[M],d1[M],g1[M];a[M],a1[M],#c1[M],a1[M],e1[M],a1[M],#c1[M],a1[M],a[M],a1[M],#c1[M],a1[M],e1[M],a1[M],#c1[M],a1[M];g[M],g1[M],d1[M],g1[M],a[M],a1[M],#c1[M],a1[M],(d.d1.a1)[J];"],"instruments":["piano","piano"],"alternatives":["",""],"id":3,"bpm":80}]}