{"baseBpm":120,"musics":[{"bpm":120,"baseBeats":0.5,"scores":["b1[K],e2[K],g2[K],(e1.#f2)[L],g2[L];(#d1.#f2)[K],b1[K],S;b1[K],e2[K],(e1.g2)[K],#f2[L],g2[L];(#d1.#f2)[L],U,T,S;b1[K],e2[K],(e1.g2)[K],#f2[L],g2[L];a1[K],e2[L],c1[L],(d1.#f2)[K],(#f1.d2)[K];a1[K],d2[K],d2[L],c2[L],b1[L],a1[L];g1[J],T,g1[K];g2[K],#f2[L],g2[L],(d1.d2)[K],g1[K];g2[K],#f2[L],g2[L],(d1.d2)[K],g1[K];g2[K],f2[K],e2[L],f2[L],#d2[K];(g1.#d2)[K],e2[K],T,b1[K];a1[K],b1[L],c2[L],d2[K],a1[K];g1[K],a1[L],b1[L],c2[K],a1[K];g1[K],#f1[L],g1[L],#f1[KL],e1[L];e1[J],e1[J];","(e.g.b)[K],g[K],b[K],g[K];#f[L],g[L],(#f.b)[L],e[L],#f[K],B-1[K];(e.g.b)[L],g[L],U,b[L],g[K],e[K];#f[L],g[L],a[L],g[L],#f[L],e[L],#f[K];(e.g.b)[K],g[L],b[L],T,(g.b)[K];(d.#f.a)[K],a[K],T,a[K];d[K],a[K],b[L],a[L],g[L],#f[L];g[L],#f[L],g[K],d[K],(d.b)[K];(g.b)[K],d[K],T,d[K];(g.b)[K],d[K],T,d[K];T,b[L],a[L],#g[K],(B-1.#f.b)[K];(e.g.b)[KL],g[L],b[L],g[L],e[K];#d[L],#f[L],g[L],a[L],b[K],d[K];#c[L],e[L],#f[L],g[L],a[K],c[K];B-1[K],#d[L],e[L],#f[L],a[L],b[K];(e.b)[K],g[L],b[L],U,B-1[L],E-1[L],U;"],"id":1},{"bpm":124,"baseBeats":0.5,"scores":["(d1.d2)[K],g2[K],(d1.b2)[K],(g1.a2)[L],b2[L];(#f1.a2)[K],(d1.d2)[J],T;(d1.d2)[K],g2[L],d1[L],(g1.b2)[K],a2[L],b2[L];(#f1.a2)[J],S;(d1.d2)[K],g2[L],d1[L],(g1.b2)[K],(d1.a2)[L],#g2[L];(c1.e1.a2)[K],(d1.f2)[K],f2[K],(c1.e2)[K];(d1.d2)[L],d1[L],(e1.#c2)[L],(d1.b1)[L],(#c1.e1.#c2)[K],#c1[L],d2[L];(d1.d2)[L],#c1[L],d1[K],T,d1[K];d2[K],#c2[L],d2[L],a1[K],d1[K];d2[K],#c2[L],d2[L],a1[K],d1[K];a1[K],b1[K],b1[K],c2[K];(#d1.c2)[K],b1[K],e1[K],#f1[K];g1[K],#c2[L],d2[L],(#c1.e2)[K],g1[K];#f1[K],b1[L],#c2[L],d2[K],e2[K];d2[K],(#f1.#c2)[L],d2[L],(e1.#c2)[K],#c1[L],b1[L];b1[J],S;#f1[K],b1[K],d2[K],#c2[L],d2[L];#c2[K],#f1[J],T;#f1[K],b1[K],d2[K],#c2[L],d2[L];#c2[J],S;","(g.b)[K],b[K],T,b[K];a[L],g[L],#f[L],g[L],a[K],d[K];(g.b)[L],b[L],T,b[K],g[K];a[L],g[L],#f[L],g[L],a[L],g[L],#f[K];(g.b)[K],b[K],T,b[K];(e.a)[K],e[K],(e.b)[L],#g[L],a[K];e[JL],b[L],a[K];d[J],a[K],(#f.a)[K];(d.#f)[K],A-1[K],a[K],A-1[K];(d.#f)[K],A-1[K],a[K],A-1[K];T,B-1[L],#c[L],#d[K],#f[K];#f[K],B-1[K],S;e[L],b[L],#a[L],b[L],T,e[K];d[L],#f[L],#g[L],#a[L],b[K],d[K];#f[L],b[L],T,#a[K],#f[K];(B-1.b)[K],d[L],#f[L],b[L],#f[L],B-1[K];(B-1.d.#f)[K],d[K],#f[K],(d.b)[K];(#c.#a)[L],d[L],(#c.#f)[L],B-1[L],#c[K],#F-1[K];(B-1.d.#f)[L],d[L],U,#f[L],(d.b)[K],B-1[K];(#c.#a)[L],d[L],e[L],d[L],#c[L],B-1[L],#c[K];"],"id":2},{"bpm":128,"baseBeats":0.5,"scores":["#f1[K],b1[K],d2[K],b1[L],#c2[L];(d1.d2)[K],(#f1.#c2)[L],#d2[L],(e1.e2)[K],(d1.#f2)[K];g2[K],(e1.#f2)[L],e2[L],e2[K],#d2[L],e2[L];e2[J],T,e1[K];e2[K],#d2[L],e2[L],b1[K],e1[K];e2[K],#d2[L],e2[L],b1[K],e1[K];(b1.e2)[K],#f2[L],g2[L],a2[K],g2[K];(#d1.b1.g2)[K],#f2[K],T,#f2[K];e2[K],#f2[L],g2[L],a2[K],#f2[K];#g2[K],a2[L],b2[L],c3[K],e3[K];b2[K],(e1.a2)[L],g2[L],#f2[KL],e2[L];e2[K],e1[JK];b1[K],e2[K],g2[K],(e1.#f2)[L],g2[L];(#d1.#f2)[K],b1[J],T;b1[K],e2[K],(e1.g2)[K],#f2[L],g2[L];(#d1.#f2)[J],S;b1[K],e2[K],(e1.g2)[K],#f2[L],g2[L];a2[KL],#g2[L],a2[L],b2[L],c3[K];b2[K],(e1.a2)[L],g2[L],(b1.#f2)[K],a1[L],e2[L];(#g1.b1.e2)[K],e1[JK];","(B-1.d.#f)[K],d[L],#f[L],b[K],(d.#f)[K];b[K],a[K],g[K],#f[K];g[L],b[L],T,b[K],B-1[K];(e.b)[L],a[L],b[K],e[K],b[K];(e.g)[K],B-1[K],b[K],B-1[K];(e.g)[K],B-1[K],b[K],B-1[K];(e.g)[K],#d[L],e[L],#f[L],a[L],b[K];#f[L],g[L],(#f.b)[L],e[L],#f[K],B-1[K];E-1[L],e[L],#d[L],e[L],#f[K],B-1[K];E-1[L],e[L],#f[L],g[L],a[K],g[L],#f[L];e[L],b[L],T,b[K],B-1[K];e[L],b[L],U,B-1[L],E-1[J];(e.g.b)[K],g[K],b[K],g[K];#f[L],g[L],(#f.b)[L],e[L],#f[K],B-1[K];(e.g.b)[L],g[L],U,b[L],g[K],e[K];#f[L],g[L],a[L],g[L],#f[L],e[L],#f[K];(e.g.b)[K],g[L],b[L],T,(g.b)[K];A-1[L],e[L],#d[L],e[L],#f[K],#g[L],a[L];(e.b)[L],g[L],U,b[L],#f[K],(B-1.b)[K];(e.#g)[L],b[L],U,B-1[L],E-1[J];"],"id":3}],"audition":{"start":[0,0],"end":[0,7]}}